<?xml version="1.0" standalone="yes"?>
<NewDataSet>
  <xs:schema id="NewDataSet" xmlns="" xmlns:xs="http://www.w3.org/2001/XMLSchema" xmlns:msdata="urn:schemas-microsoft-com:xml-msdata">
    <xs:element name="NewDataSet" msdata:IsDataSet="true" msdata:UseCurrentLocale="true">
      <xs:complexType>
        <xs:choice minOccurs="0" maxOccurs="unbounded">
          <xs:element name="Fabbisogno">
            <xs:complexType>
              <xs:sequence>
                <xs:element name="Data" type="xs:string" minOccurs="0" />
                <xs:element name="Mercato" type="xs:string" minOccurs="0" />
                <xs:element name="Ora" type="xs:string" minOccurs="0" />
                <xs:element name="Italia" type="xs:string" minOccurs="0" />
                <xs:element name="CNOR" type="xs:string" minOccurs="0" />
                <xs:element name="CSUD" type="xs:string" minOccurs="0" />
                <xs:element name="NORD" type="xs:string" minOccurs="0" />
                <xs:element name="SARD" type="xs:string" minOccurs="0" />
                <xs:element name="SICI" type="xs:string" minOccurs="0" />
                <xs:element name="SUD" type="xs:string" minOccurs="0" />
              </xs:sequence>
            </xs:complexType>
          </xs:element>
        </xs:choice>
      </xs:complexType>
    </xs:element>
  </xs:schema>
  <Fabbisogno>
    <Data>20150428</Data>
    <Mercato>MGP</Mercato>
    <Ora>1</Ora>
    <Italia>26581,171</Italia>
    <CNOR>2858,346</CNOR>
    <CSUD>4336,855</CSUD>
    <NORD>14242,026</NORD>
    <SARD>916,079</SARD>
    <SICI>1636,53</SICI>
    <SUD>2591,335</SUD>
  </Fabbisogno>
  <Fabbisogno>
    <Data>20150428</Data>
    <Mercato>MGP</Mercato>
    <Ora>2</Ora>
    <Italia>25445</Italia>
    <CNOR>2594,5</CNOR>
    <CSUD>3909,1</CSUD>
    <NORD>14105,297</NORD>
    <SARD>864,828</SARD>
    <SICI>1572,235</SICI>
    <SUD>2399,04</SUD>
  </Fabbisogno>
  <Fabbisogno>
    <Data>20150428</Data>
    <Mercato>MGP</Mercato>
    <Ora>3</Ora>
    <Italia>24878,831</Italia>
    <CNOR>2516,34</CNOR>
    <CSUD>3715,414</CSUD>
    <NORD>13968,563</NORD>
    <SARD>834,955</SARD>
    <SICI>1465,847</SICI>
    <SUD>2377,712</SUD>
  </Fabbisogno>
  <Fabbisogno>
    <Data>20150428</Data>
    <Mercato>MGP</Mercato>
    <Ora>4</Ora>
    <Italia>23715,719</Italia>
    <CNOR>2370,084</CNOR>
    <CSUD>3274,268</CSUD>
    <NORD>13662,418</NORD>
    <SARD>800,09</SARD>
    <SICI>1328,201</SICI>
    <SUD>2280,658</SUD>
  </Fabbisogno>
  <Fabbisogno>
    <Data>20150428</Data>
    <Mercato>MGP</Mercato>
    <Ora>5</Ora>
    <Italia>24347,371</Italia>
    <CNOR>2357,295</CNOR>
    <CSUD>3559,847</CSUD>
    <NORD>13912,134</NORD>
    <SARD>819,931</SARD>
    <SICI>1322,36</SICI>
    <SUD>2375,804</SUD>
  </Fabbisogno>
  <Fabbisogno>
    <Data>20150428</Data>
    <Mercato>MGP</Mercato>
    <Ora>6</Ora>
    <Italia>26240,527</Italia>
    <CNOR>2586,518</CNOR>
    <CSUD>3882,73</CSUD>
    <NORD>15005,424</NORD>
    <SARD>827,493</SARD>
    <SICI>1494,153</SICI>
    <SUD>2444,209</SUD>
  </Fabbisogno>
  <Fabbisogno>
    <Data>20150428</Data>
    <Mercato>MGP</Mercato>
    <Ora>7</Ora>
    <Italia>28532,046</Italia>
    <CNOR>2826,567</CNOR>
    <CSUD>4206,925</CSUD>
    <NORD>16598,11</NORD>
    <SARD>901,517</SARD>
    <SICI>1533,855</SICI>
    <SUD>2465,072</SUD>
  </Fabbisogno>
  <Fabbisogno>
    <Data>20150428</Data>
    <Mercato>MGP</Mercato>
    <Ora>8</Ora>
    <Italia>33720,878</Italia>
    <CNOR>3280,278</CNOR>
    <CSUD>4989,762</CSUD>
    <NORD>19695,024</NORD>
    <SARD>1029,041</SARD>
    <SICI>1819,358</SICI>
    <SUD>2907,415</SUD>
  </Fabbisogno>
  <Fabbisogno>
    <Data>20150428</Data>
    <Mercato>MGP</Mercato>
    <Ora>9</Ora>
    <Italia>38476,48</Italia>
    <CNOR>3857,685</CNOR>
    <CSUD>5667,272</CSUD>
    <NORD>22527,863</NORD>
    <SARD>1113,715</SARD>
    <SICI>2069,497</SICI>
    <SUD>3240,448</SUD>
  </Fabbisogno>
  <Fabbisogno>
    <Data>20150428</Data>
    <Mercato>MGP</Mercato>
    <Ora>10</Ora>
    <Italia>39780,634</Italia>
    <CNOR>3999,3</CNOR>
    <CSUD>5916,42</CSUD>
    <NORD>23371,298</NORD>
    <SARD>1095,632</SARD>
    <SICI>2159,179</SICI>
    <SUD>3238,805</SUD>
  </Fabbisogno>
  <Fabbisogno>
    <Data>20150428</Data>
    <Mercato>MGP</Mercato>
    <Ora>11</Ora>
    <Italia>39675,927</Italia>
    <CNOR>4043,182</CNOR>
    <CSUD>5964,98</CSUD>
    <NORD>23339,434</NORD>
    <SARD>1052,871</SARD>
    <SICI>2057,967</SICI>
    <SUD>3217,493</SUD>
  </Fabbisogno>
  <Fabbisogno>
    <Data>20150428</Data>
    <Mercato>MGP</Mercato>
    <Ora>12</Ora>
    <Italia>39157,931</Italia>
    <CNOR>4033,968</CNOR>
    <CSUD>5949,679</CSUD>
    <NORD>22987,791</NORD>
    <SARD>1024,545</SARD>
    <SICI>2003,28</SICI>
    <SUD>3158,668</SUD>
  </Fabbisogno>
  <Fabbisogno>
    <Data>20150428</Data>
    <Mercato>MGP</Mercato>
    <Ora>13</Ora>
    <Italia>36610,568</Italia>
    <CNOR>3718,907</CNOR>
    <CSUD>5752,082</CSUD>
    <NORD>21010,976</NORD>
    <SARD>1001,836</SARD>
    <SICI>1981,679</SICI>
    <SUD>3145,088</SUD>
  </Fabbisogno>
  <Fabbisogno>
    <Data>20150428</Data>
    <Mercato>MGP</Mercato>
    <Ora>14</Ora>
    <Italia>36135,094</Italia>
    <CNOR>3543,741</CNOR>
    <CSUD>5541,162</CSUD>
    <NORD>21078,821</NORD>
    <SARD>959,5</SARD>
    <SICI>1925,465</SICI>
    <SUD>3086,405</SUD>
  </Fabbisogno>
  <Fabbisogno>
    <Data>20150428</Data>
    <Mercato>MGP</Mercato>
    <Ora>15</Ora>
    <Italia>36566,756</Italia>
    <CNOR>3651,08</CNOR>
    <CSUD>5102,533</CSUD>
    <NORD>21968,581</NORD>
    <SARD>944,424</SARD>
    <SICI>1914,366</SICI>
    <SUD>2985,772</SUD>
  </Fabbisogno>
  <Fabbisogno>
    <Data>20150428</Data>
    <Mercato>MGP</Mercato>
    <Ora>16</Ora>
    <Italia>36764,113</Italia>
    <CNOR>3654,061</CNOR>
    <CSUD>5163,918</CSUD>
    <NORD>22089,433</NORD>
    <SARD>938,72</SARD>
    <SICI>1894,654</SICI>
    <SUD>3023,327</SUD>
  </Fabbisogno>
  <Fabbisogno>
    <Data>20150428</Data>
    <Mercato>MGP</Mercato>
    <Ora>17</Ora>
    <Italia>36804,217</Italia>
    <CNOR>3691,877</CNOR>
    <CSUD>5200,048</CSUD>
    <NORD>21911,818</NORD>
    <SARD>955,4</SARD>
    <SICI>1974,169</SICI>
    <SUD>3070,905</SUD>
  </Fabbisogno>
  <Fabbisogno>
    <Data>20150428</Data>
    <Mercato>MGP</Mercato>
    <Ora>18</Ora>
    <Italia>37044,284</Italia>
    <CNOR>3816,883</CNOR>
    <CSUD>5719,276</CSUD>
    <NORD>21185,473</NORD>
    <SARD>1025,304</SARD>
    <SICI>2002,541</SICI>
    <SUD>3294,807</SUD>
  </Fabbisogno>
  <Fabbisogno>
    <Data>20150428</Data>
    <Mercato>MGP</Mercato>
    <Ora>19</Ora>
    <Italia>35826,918</Italia>
    <CNOR>3793,079</CNOR>
    <CSUD>5806,088</CSUD>
    <NORD>19829,455</NORD>
    <SARD>1062,28</SARD>
    <SICI>1876,423</SICI>
    <SUD>3459,593</SUD>
  </Fabbisogno>
  <Fabbisogno>
    <Data>20150428</Data>
    <Mercato>MGP</Mercato>
    <Ora>20</Ora>
    <Italia>35694,669</Italia>
    <CNOR>3905,399</CNOR>
    <CSUD>6259,142</CSUD>
    <NORD>18716,043</NORD>
    <SARD>1093,993</SARD>
    <SICI>2068,195</SICI>
    <SUD>3651,897</SUD>
  </Fabbisogno>
  <Fabbisogno>
    <Data>20150428</Data>
    <Mercato>MGP</Mercato>
    <Ora>21</Ora>
    <Italia>37796,037</Italia>
    <CNOR>4224,539</CNOR>
    <CSUD>6824,869</CSUD>
    <NORD>19203,975</NORD>
    <SARD>1242,196</SARD>
    <SICI>2313,109</SICI>
    <SUD>3987,349</SUD>
  </Fabbisogno>
  <Fabbisogno>
    <Data>20150428</Data>
    <Mercato>MGP</Mercato>
    <Ora>22</Ora>
    <Italia>35827,583</Italia>
    <CNOR>4028,951</CNOR>
    <CSUD>6406,273</CSUD>
    <NORD>18203,717</NORD>
    <SARD>1180,47</SARD>
    <SICI>2217,329</SICI>
    <SUD>3790,843</SUD>
  </Fabbisogno>
  <Fabbisogno>
    <Data>20150428</Data>
    <Mercato>MGP</Mercato>
    <Ora>23</Ora>
    <Italia>31961,767</Italia>
    <CNOR>3603,447</CNOR>
    <CSUD>5756,72</CSUD>
    <NORD>16171,06</NORD>
    <SARD>1070,049</SARD>
    <SICI>1977,481</SICI>
    <SUD>3383,01</SUD>
  </Fabbisogno>
  <Fabbisogno>
    <Data>20150428</Data>
    <Mercato>MGP</Mercato>
    <Ora>24</Ora>
    <Italia>28895,411</Italia>
    <CNOR>3214,092</CNOR>
    <CSUD>5074,838</CSUD>
    <NORD>14859,26</NORD>
    <SARD>974,65</SARD>
    <SICI>1743,645</SICI>
    <SUD>3028,926</SUD>
  </Fabbisogno>
</NewDataSet>