<?xml version="1.0" standalone="yes"?>
<NewDataSet>
  <xs:schema id="NewDataSet" xmlns="" xmlns:xs="http://www.w3.org/2001/XMLSchema" xmlns:msdata="urn:schemas-microsoft-com:xml-msdata">
    <xs:element name="NewDataSet" msdata:IsDataSet="true" msdata:UseCurrentLocale="true">
      <xs:complexType>
        <xs:choice minOccurs="0" maxOccurs="unbounded">
          <xs:element name="Fabbisogno">
            <xs:complexType>
              <xs:sequence>
                <xs:element name="Data" type="xs:string" minOccurs="0" />
                <xs:element name="Mercato" type="xs:string" minOccurs="0" />
                <xs:element name="Ora" type="xs:string" minOccurs="0" />
                <xs:element name="Italia" type="xs:string" minOccurs="0" />
                <xs:element name="CNOR" type="xs:string" minOccurs="0" />
                <xs:element name="CSUD" type="xs:string" minOccurs="0" />
                <xs:element name="NORD" type="xs:string" minOccurs="0" />
                <xs:element name="SARD" type="xs:string" minOccurs="0" />
                <xs:element name="SICI" type="xs:string" minOccurs="0" />
                <xs:element name="SUD" type="xs:string" minOccurs="0" />
              </xs:sequence>
            </xs:complexType>
          </xs:element>
        </xs:choice>
      </xs:complexType>
    </xs:element>
  </xs:schema>
  <Fabbisogno>
    <Data>20150412</Data>
    <Mercato>MGP</Mercato>
    <Ora>1</Ora>
    <Italia>23959,839</Italia>
    <CNOR>2518,024</CNOR>
    <CSUD>4161,624</CSUD>
    <NORD>12302,553</NORD>
    <SARD>953,481</SARD>
    <SICI>1437,686</SICI>
    <SUD>2586,471</SUD>
  </Fabbisogno>
  <Fabbisogno>
    <Data>20150412</Data>
    <Mercato>MGP</Mercato>
    <Ora>2</Ora>
    <Italia>22817,006</Italia>
    <CNOR>2363,639</CNOR>
    <CSUD>3752,491</CSUD>
    <NORD>12039,814</NORD>
    <SARD>898,984</SARD>
    <SICI>1378,939</SICI>
    <SUD>2383,139</SUD>
  </Fabbisogno>
  <Fabbisogno>
    <Data>20150412</Data>
    <Mercato>MGP</Mercato>
    <Ora>3</Ora>
    <Italia>21810,019</Italia>
    <CNOR>2241,183</CNOR>
    <CSUD>3507,194</CSUD>
    <NORD>11644,732</NORD>
    <SARD>865,199</SARD>
    <SICI>1288,809</SICI>
    <SUD>2262,902</SUD>
  </Fabbisogno>
  <Fabbisogno>
    <Data>20150412</Data>
    <Mercato>MGP</Mercato>
    <Ora>4</Ora>
    <Italia>21480,344</Italia>
    <CNOR>2146,499</CNOR>
    <CSUD>3368,328</CSUD>
    <NORD>11671,969</NORD>
    <SARD>843,597</SARD>
    <SICI>1237,815</SICI>
    <SUD>2212,136</SUD>
  </Fabbisogno>
  <Fabbisogno>
    <Data>20150412</Data>
    <Mercato>MGP</Mercato>
    <Ora>5</Ora>
    <Italia>21647,063</Italia>
    <CNOR>2133,139</CNOR>
    <CSUD>3362,559</CSUD>
    <NORD>11818,488</NORD>
    <SARD>847,852</SARD>
    <SICI>1274,155</SICI>
    <SUD>2210,87</SUD>
  </Fabbisogno>
  <Fabbisogno>
    <Data>20150412</Data>
    <Mercato>MGP</Mercato>
    <Ora>6</Ora>
    <Italia>21477,879</Italia>
    <CNOR>1963,71</CNOR>
    <CSUD>3372,677</CSUD>
    <NORD>11838,233</NORD>
    <SARD>844,203</SARD>
    <SICI>1245,87</SICI>
    <SUD>2213,186</SUD>
  </Fabbisogno>
  <Fabbisogno>
    <Data>20150412</Data>
    <Mercato>MGP</Mercato>
    <Ora>7</Ora>
    <Italia>21367,439</Italia>
    <CNOR>1990,865</CNOR>
    <CSUD>3141,322</CSUD>
    <NORD>12138,443</NORD>
    <SARD>823,098</SARD>
    <SICI>1180,052</SICI>
    <SUD>2093,659</SUD>
  </Fabbisogno>
  <Fabbisogno>
    <Data>20150412</Data>
    <Mercato>MGP</Mercato>
    <Ora>8</Ora>
    <Italia>21966,96</Italia>
    <CNOR>1986,589</CNOR>
    <CSUD>3235,063</CSUD>
    <NORD>12353,17</NORD>
    <SARD>853,726</SARD>
    <SICI>1270,024</SICI>
    <SUD>2268,388</SUD>
  </Fabbisogno>
  <Fabbisogno>
    <Data>20150412</Data>
    <Mercato>MGP</Mercato>
    <Ora>9</Ora>
    <Italia>24035,068</Italia>
    <CNOR>2268,308</CNOR>
    <CSUD>3864,093</CSUD>
    <NORD>12923,625</NORD>
    <SARD>946,707</SARD>
    <SICI>1468,88</SICI>
    <SUD>2563,455</SUD>
  </Fabbisogno>
  <Fabbisogno>
    <Data>20150412</Data>
    <Mercato>MGP</Mercato>
    <Ora>10</Ora>
    <Italia>25822,48</Italia>
    <CNOR>2460,488</CNOR>
    <CSUD>4282,425</CSUD>
    <NORD>13656,329</NORD>
    <SARD>967,33</SARD>
    <SICI>1705,973</SICI>
    <SUD>2749,935</SUD>
  </Fabbisogno>
  <Fabbisogno>
    <Data>20150412</Data>
    <Mercato>MGP</Mercato>
    <Ora>11</Ora>
    <Italia>25890,809</Italia>
    <CNOR>2493,248</CNOR>
    <CSUD>4303,933</CSUD>
    <NORD>13747,44</NORD>
    <SARD>948,158</SARD>
    <SICI>1645,367</SICI>
    <SUD>2752,663</SUD>
  </Fabbisogno>
  <Fabbisogno>
    <Data>20150412</Data>
    <Mercato>MGP</Mercato>
    <Ora>12</Ora>
    <Italia>25918,493</Italia>
    <CNOR>2479,812</CNOR>
    <CSUD>4259,293</CSUD>
    <NORD>13858,245</NORD>
    <SARD>930,8</SARD>
    <SICI>1619,532</SICI>
    <SUD>2770,811</SUD>
  </Fabbisogno>
  <Fabbisogno>
    <Data>20150412</Data>
    <Mercato>MGP</Mercato>
    <Ora>13</Ora>
    <Italia>25825,602</Italia>
    <CNOR>2475,738</CNOR>
    <CSUD>4374,164</CSUD>
    <NORD>13462,47</NORD>
    <SARD>953,417</SARD>
    <SICI>1706,283</SICI>
    <SUD>2853,53</SUD>
  </Fabbisogno>
  <Fabbisogno>
    <Data>20150412</Data>
    <Mercato>MGP</Mercato>
    <Ora>14</Ora>
    <Italia>24415,666</Italia>
    <CNOR>2326,132</CNOR>
    <CSUD>4194,067</CSUD>
    <NORD>12846,058</NORD>
    <SARD>893,418</SARD>
    <SICI>1566,526</SICI>
    <SUD>2589,465</SUD>
  </Fabbisogno>
  <Fabbisogno>
    <Data>20150412</Data>
    <Mercato>MGP</Mercato>
    <Ora>15</Ora>
    <Italia>23569,442</Italia>
    <CNOR>2306,428</CNOR>
    <CSUD>3934,371</CSUD>
    <NORD>12628,009</NORD>
    <SARD>842,048</SARD>
    <SICI>1470,567</SICI>
    <SUD>2388,019</SUD>
  </Fabbisogno>
  <Fabbisogno>
    <Data>20150412</Data>
    <Mercato>MGP</Mercato>
    <Ora>16</Ora>
    <Italia>22983,149</Italia>
    <CNOR>2226,107</CNOR>
    <CSUD>3659,686</CSUD>
    <NORD>12500,504</NORD>
    <SARD>835,49</SARD>
    <SICI>1370,893</SICI>
    <SUD>2390,469</SUD>
  </Fabbisogno>
  <Fabbisogno>
    <Data>20150412</Data>
    <Mercato>MGP</Mercato>
    <Ora>17</Ora>
    <Italia>23088,312</Italia>
    <CNOR>2303,602</CNOR>
    <CSUD>3881,056</CSUD>
    <NORD>12283,165</NORD>
    <SARD>856,422</SARD>
    <SICI>1383,958</SICI>
    <SUD>2380,109</SUD>
  </Fabbisogno>
  <Fabbisogno>
    <Data>20150412</Data>
    <Mercato>MGP</Mercato>
    <Ora>18</Ora>
    <Italia>23851,54</Italia>
    <CNOR>2415,46</CNOR>
    <CSUD>4075,386</CSUD>
    <NORD>12392,447</NORD>
    <SARD>908,792</SARD>
    <SICI>1506,078</SICI>
    <SUD>2553,377</SUD>
  </Fabbisogno>
  <Fabbisogno>
    <Data>20150412</Data>
    <Mercato>MGP</Mercato>
    <Ora>19</Ora>
    <Italia>25064,111</Italia>
    <CNOR>2628,786</CNOR>
    <CSUD>4369,272</CSUD>
    <NORD>12788,586</NORD>
    <SARD>992,606</SARD>
    <SICI>1586,738</SICI>
    <SUD>2698,123</SUD>
  </Fabbisogno>
  <Fabbisogno>
    <Data>20150412</Data>
    <Mercato>MGP</Mercato>
    <Ora>20</Ora>
    <Italia>27632,756</Italia>
    <CNOR>2961,165</CNOR>
    <CSUD>4890,492</CSUD>
    <NORD>13926,36</NORD>
    <SARD>1079,528</SARD>
    <SICI>1798,244</SICI>
    <SUD>2976,967</SUD>
  </Fabbisogno>
  <Fabbisogno>
    <Data>20150412</Data>
    <Mercato>MGP</Mercato>
    <Ora>21</Ora>
    <Italia>30578,164</Italia>
    <CNOR>3247,681</CNOR>
    <CSUD>5514,767</CSUD>
    <NORD>15312,026</NORD>
    <SARD>1207,655</SARD>
    <SICI>2035,301</SICI>
    <SUD>3260,734</SUD>
  </Fabbisogno>
  <Fabbisogno>
    <Data>20150412</Data>
    <Mercato>MGP</Mercato>
    <Ora>22</Ora>
    <Italia>29721,888</Italia>
    <CNOR>3175,581</CNOR>
    <CSUD>5333,579</CSUD>
    <NORD>14862,272</NORD>
    <SARD>1169,42</SARD>
    <SICI>1985,504</SICI>
    <SUD>3195,532</SUD>
  </Fabbisogno>
  <Fabbisogno>
    <Data>20150412</Data>
    <Mercato>MGP</Mercato>
    <Ora>23</Ora>
    <Italia>27709,067</Italia>
    <CNOR>2978,968</CNOR>
    <CSUD>4916,243</CSUD>
    <NORD>13938,129</NORD>
    <SARD>1092,553</SARD>
    <SICI>1819,321</SICI>
    <SUD>2963,853</SUD>
  </Fabbisogno>
  <Fabbisogno>
    <Data>20150412</Data>
    <Mercato>MGP</Mercato>
    <Ora>24</Ora>
    <Italia>24997,236</Italia>
    <CNOR>2611,088</CNOR>
    <CSUD>4344,564</CSUD>
    <NORD>12829,07</NORD>
    <SARD>996,398</SARD>
    <SICI>1524,968</SICI>
    <SUD>2691,148</SUD>
  </Fabbisogno>
</NewDataSet>