<?xml version="1.0" standalone="yes"?>
<NewDataSet>
  <xs:schema id="NewDataSet" xmlns="" xmlns:xs="http://www.w3.org/2001/XMLSchema" xmlns:msdata="urn:schemas-microsoft-com:xml-msdata">
    <xs:element name="NewDataSet" msdata:IsDataSet="true" msdata:UseCurrentLocale="true">
      <xs:complexType>
        <xs:choice minOccurs="0" maxOccurs="unbounded">
          <xs:element name="Fabbisogno">
            <xs:complexType>
              <xs:sequence>
                <xs:element name="Data" type="xs:string" minOccurs="0" />
                <xs:element name="Mercato" type="xs:string" minOccurs="0" />
                <xs:element name="Ora" type="xs:string" minOccurs="0" />
                <xs:element name="Italia" type="xs:string" minOccurs="0" />
                <xs:element name="CNOR" type="xs:string" minOccurs="0" />
                <xs:element name="CSUD" type="xs:string" minOccurs="0" />
                <xs:element name="NORD" type="xs:string" minOccurs="0" />
                <xs:element name="SARD" type="xs:string" minOccurs="0" />
                <xs:element name="SICI" type="xs:string" minOccurs="0" />
                <xs:element name="SUD" type="xs:string" minOccurs="0" />
              </xs:sequence>
            </xs:complexType>
          </xs:element>
        </xs:choice>
      </xs:complexType>
    </xs:element>
  </xs:schema>
  <Fabbisogno>
    <Data>20150401</Data>
    <Mercato>MGP</Mercato>
    <Ora>1</Ora>
    <Italia>27127,399</Italia>
    <CNOR>2582,396</CNOR>
    <CSUD>4114,138</CSUD>
    <NORD>15224,999</NORD>
    <SARD>867,449</SARD>
    <SICI>1472,919</SICI>
    <SUD>2865,498</SUD>
  </Fabbisogno>
  <Fabbisogno>
    <Data>20150401</Data>
    <Mercato>MGP</Mercato>
    <Ora>2</Ora>
    <Italia>25249,102</Italia>
    <CNOR>2304,684</CNOR>
    <CSUD>3402,494</CSUD>
    <NORD>14892,008</NORD>
    <SARD>835,896</SARD>
    <SICI>1207,1</SICI>
    <SUD>2606,92</SUD>
  </Fabbisogno>
  <Fabbisogno>
    <Data>20150401</Data>
    <Mercato>MGP</Mercato>
    <Ora>3</Ora>
    <Italia>24493,023</Italia>
    <CNOR>2229,389</CNOR>
    <CSUD>3218,804</CSUD>
    <NORD>14528,706</NORD>
    <SARD>810,449</SARD>
    <SICI>1170,128</SICI>
    <SUD>2535,547</SUD>
  </Fabbisogno>
  <Fabbisogno>
    <Data>20150401</Data>
    <Mercato>MGP</Mercato>
    <Ora>4</Ora>
    <Italia>24523,595</Italia>
    <CNOR>2206,25</CNOR>
    <CSUD>3147,973</CSUD>
    <NORD>14712,367</NORD>
    <SARD>803,836</SARD>
    <SICI>1160,299</SICI>
    <SUD>2492,87</SUD>
  </Fabbisogno>
  <Fabbisogno>
    <Data>20150401</Data>
    <Mercato>MGP</Mercato>
    <Ora>5</Ora>
    <Italia>25413,291</Italia>
    <CNOR>2350,587</CNOR>
    <CSUD>3497,92</CSUD>
    <NORD>14950,631</NORD>
    <SARD>823,468</SARD>
    <SICI>1190,395</SICI>
    <SUD>2600,29</SUD>
  </Fabbisogno>
  <Fabbisogno>
    <Data>20150401</Data>
    <Mercato>MGP</Mercato>
    <Ora>6</Ora>
    <Italia>26034,044</Italia>
    <CNOR>2247,748</CNOR>
    <CSUD>3351,819</CSUD>
    <NORD>15751,759</NORD>
    <SARD>831,106</SARD>
    <SICI>1240,06</SICI>
    <SUD>2611,552</SUD>
  </Fabbisogno>
  <Fabbisogno>
    <Data>20150401</Data>
    <Mercato>MGP</Mercato>
    <Ora>7</Ora>
    <Italia>29489,155</Italia>
    <CNOR>2604,904</CNOR>
    <CSUD>3773,693</CSUD>
    <NORD>18071,332</NORD>
    <SARD>920,586</SARD>
    <SICI>1406,281</SICI>
    <SUD>2712,359</SUD>
  </Fabbisogno>
  <Fabbisogno>
    <Data>20150401</Data>
    <Mercato>MGP</Mercato>
    <Ora>8</Ora>
    <Italia>34148,344</Italia>
    <CNOR>3015,422</CNOR>
    <CSUD>4370,637</CSUD>
    <NORD>21013,161</NORD>
    <SARD>1031,705</SARD>
    <SICI>1620,781</SICI>
    <SUD>3096,638</SUD>
  </Fabbisogno>
  <Fabbisogno>
    <Data>20150401</Data>
    <Mercato>MGP</Mercato>
    <Ora>9</Ora>
    <Italia>38543,76</Italia>
    <CNOR>3581,885</CNOR>
    <CSUD>4925,105</CSUD>
    <NORD>23603,272</NORD>
    <SARD>1131,879</SARD>
    <SICI>1819,168</SICI>
    <SUD>3482,451</SUD>
  </Fabbisogno>
  <Fabbisogno>
    <Data>20150401</Data>
    <Mercato>MGP</Mercato>
    <Ora>10</Ora>
    <Italia>38983,288</Italia>
    <CNOR>3705,238</CNOR>
    <CSUD>5110,76</CSUD>
    <NORD>23721,297</NORD>
    <SARD>1117,557</SARD>
    <SICI>1834,828</SICI>
    <SUD>3493,608</SUD>
  </Fabbisogno>
  <Fabbisogno>
    <Data>20150401</Data>
    <Mercato>MGP</Mercato>
    <Ora>11</Ora>
    <Italia>39415,876</Italia>
    <CNOR>3816,123</CNOR>
    <CSUD>5553,046</CSUD>
    <NORD>23640,394</NORD>
    <SARD>1088,703</SARD>
    <SICI>1788,46</SICI>
    <SUD>3529,15</SUD>
  </Fabbisogno>
  <Fabbisogno>
    <Data>20150401</Data>
    <Mercato>MGP</Mercato>
    <Ora>12</Ora>
    <Italia>38461,161</Italia>
    <CNOR>3829,314</CNOR>
    <CSUD>5493,582</CSUD>
    <NORD>22891,049</NORD>
    <SARD>1050,496</SARD>
    <SICI>1703,411</SICI>
    <SUD>3493,309</SUD>
  </Fabbisogno>
  <Fabbisogno>
    <Data>20150401</Data>
    <Mercato>MGP</Mercato>
    <Ora>13</Ora>
    <Italia>35962,776</Italia>
    <CNOR>3538,166</CNOR>
    <CSUD>5398,03800000001</CSUD>
    <NORD>20748,89</NORD>
    <SARD>1063,494</SARD>
    <SICI>1669,615</SICI>
    <SUD>3544,573</SUD>
  </Fabbisogno>
  <Fabbisogno>
    <Data>20150401</Data>
    <Mercato>MGP</Mercato>
    <Ora>14</Ora>
    <Italia>35696,796</Italia>
    <CNOR>3482,708</CNOR>
    <CSUD>5231,623</CSUD>
    <NORD>20969,534</NORD>
    <SARD>1014,114</SARD>
    <SICI>1601,535</SICI>
    <SUD>3397,282</SUD>
  </Fabbisogno>
  <Fabbisogno>
    <Data>20150401</Data>
    <Mercato>MGP</Mercato>
    <Ora>15</Ora>
    <Italia>36588,521</Italia>
    <CNOR>3600,694</CNOR>
    <CSUD>4921,952</CSUD>
    <NORD>22133,075</NORD>
    <SARD>1009,121</SARD>
    <SICI>1603,876</SICI>
    <SUD>3319,803</SUD>
  </Fabbisogno>
  <Fabbisogno>
    <Data>20150401</Data>
    <Mercato>MGP</Mercato>
    <Ora>16</Ora>
    <Italia>36842,615</Italia>
    <CNOR>3628,844</CNOR>
    <CSUD>5011,554</CSUD>
    <NORD>22202,548</NORD>
    <SARD>1014,197</SARD>
    <SICI>1618,721</SICI>
    <SUD>3366,751</SUD>
  </Fabbisogno>
  <Fabbisogno>
    <Data>20150401</Data>
    <Mercato>MGP</Mercato>
    <Ora>17</Ora>
    <Italia>36871,48</Italia>
    <CNOR>3568,775</CNOR>
    <CSUD>5020,057</CSUD>
    <NORD>22150,079</NORD>
    <SARD>1025,262</SARD>
    <SICI>1668,727</SICI>
    <SUD>3438,58</SUD>
  </Fabbisogno>
  <Fabbisogno>
    <Data>20150401</Data>
    <Mercato>MGP</Mercato>
    <Ora>18</Ora>
    <Italia>35335,849</Italia>
    <CNOR>3429,46</CNOR>
    <CSUD>4863,698</CSUD>
    <NORD>20848,68</NORD>
    <SARD>1017,984</SARD>
    <SICI>1728,211</SICI>
    <SUD>3447,816</SUD>
  </Fabbisogno>
  <Fabbisogno>
    <Data>20150401</Data>
    <Mercato>MGP</Mercato>
    <Ora>19</Ora>
    <Italia>34917,96</Italia>
    <CNOR>3521,752</CNOR>
    <CSUD>5119,316</CSUD>
    <NORD>19600,59</NORD>
    <SARD>1066,052</SARD>
    <SICI>1803,706</SICI>
    <SUD>3806,544</SUD>
  </Fabbisogno>
  <Fabbisogno>
    <Data>20150401</Data>
    <Mercato>MGP</Mercato>
    <Ora>20</Ora>
    <Italia>38121,836</Italia>
    <CNOR>3907,351</CNOR>
    <CSUD>6085,144</CSUD>
    <NORD>20701,11</NORD>
    <SARD>1133,917</SARD>
    <SICI>2051,511</SICI>
    <SUD>4242,803</SUD>
  </Fabbisogno>
  <Fabbisogno>
    <Data>20150401</Data>
    <Mercato>MGP</Mercato>
    <Ora>21</Ora>
    <Italia>39579,856</Italia>
    <CNOR>4071,764</CNOR>
    <CSUD>6625,303</CSUD>
    <NORD>21067,577</NORD>
    <SARD>1241,46</SARD>
    <SICI>2229,887</SICI>
    <SUD>4343,865</SUD>
  </Fabbisogno>
  <Fabbisogno>
    <Data>20150401</Data>
    <Mercato>MGP</Mercato>
    <Ora>22</Ora>
    <Italia>36426,064</Italia>
    <CNOR>3766,152</CNOR>
    <CSUD>6177,841</CSUD>
    <NORD>19060,807</NORD>
    <SARD>1162,904</SARD>
    <SICI>2193,503</SICI>
    <SUD>4064,857</SUD>
  </Fabbisogno>
  <Fabbisogno>
    <Data>20150401</Data>
    <Mercato>MGP</Mercato>
    <Ora>23</Ora>
    <Italia>32915,269</Italia>
    <CNOR>3380,556</CNOR>
    <CSUD>5559,714</CSUD>
    <NORD>17270,155</NORD>
    <SARD>1071,01</SARD>
    <SICI>1922,099</SICI>
    <SUD>3711,735</SUD>
  </Fabbisogno>
  <Fabbisogno>
    <Data>20150401</Data>
    <Mercato>MGP</Mercato>
    <Ora>24</Ora>
    <Italia>29389,821</Italia>
    <CNOR>3005,579</CNOR>
    <CSUD>4794,505</CSUD>
    <NORD>15653,691</NORD>
    <SARD>983,38</SARD>
    <SICI>1575,872</SICI>
    <SUD>3376,794</SUD>
  </Fabbisogno>
</NewDataSet>