<?xml version="1.0" standalone="yes"?>
<NewDataSet>
  <xs:schema id="NewDataSet" xmlns="" xmlns:xs="http://www.w3.org/2001/XMLSchema" xmlns:msdata="urn:schemas-microsoft-com:xml-msdata">
    <xs:element name="NewDataSet" msdata:IsDataSet="true" msdata:UseCurrentLocale="true">
      <xs:complexType>
        <xs:choice minOccurs="0" maxOccurs="unbounded">
          <xs:element name="Fabbisogno">
            <xs:complexType>
              <xs:sequence>
                <xs:element name="Data" type="xs:string" minOccurs="0" />
                <xs:element name="Mercato" type="xs:string" minOccurs="0" />
                <xs:element name="Ora" type="xs:string" minOccurs="0" />
                <xs:element name="Italia" type="xs:string" minOccurs="0" />
                <xs:element name="CNOR" type="xs:string" minOccurs="0" />
                <xs:element name="CSUD" type="xs:string" minOccurs="0" />
                <xs:element name="NORD" type="xs:string" minOccurs="0" />
                <xs:element name="SARD" type="xs:string" minOccurs="0" />
                <xs:element name="SICI" type="xs:string" minOccurs="0" />
                <xs:element name="SUD" type="xs:string" minOccurs="0" />
              </xs:sequence>
            </xs:complexType>
          </xs:element>
        </xs:choice>
      </xs:complexType>
    </xs:element>
  </xs:schema>
  <Fabbisogno>
    <Data>20150426</Data>
    <Mercato>MGP</Mercato>
    <Ora>1</Ora>
    <Italia>23294,681</Italia>
    <CNOR>2811,86</CNOR>
    <CSUD>4430,586</CSUD>
    <NORD>10890,322</NORD>
    <SARD>949,718</SARD>
    <SICI>1586,452</SICI>
    <SUD>2625,743</SUD>
  </Fabbisogno>
  <Fabbisogno>
    <Data>20150426</Data>
    <Mercato>MGP</Mercato>
    <Ora>2</Ora>
    <Italia>22259,764</Italia>
    <CNOR>2493,602</CNOR>
    <CSUD>4015,802</CSUD>
    <NORD>10928,267</NORD>
    <SARD>890,401000000001</SARD>
    <SICI>1477,964</SICI>
    <SUD>2453,728</SUD>
  </Fabbisogno>
  <Fabbisogno>
    <Data>20150426</Data>
    <Mercato>MGP</Mercato>
    <Ora>3</Ora>
    <Italia>21283,261</Italia>
    <CNOR>2347,731</CNOR>
    <CSUD>3768,801</CSUD>
    <NORD>10667,517</NORD>
    <SARD>832,375</SARD>
    <SICI>1342,037</SICI>
    <SUD>2324,8</SUD>
  </Fabbisogno>
  <Fabbisogno>
    <Data>20150426</Data>
    <Mercato>MGP</Mercato>
    <Ora>4</Ora>
    <Italia>20429,75</Italia>
    <CNOR>2157,422</CNOR>
    <CSUD>3417,098</CSUD>
    <NORD>10579,081</NORD>
    <SARD>801,437</SARD>
    <SICI>1231,394</SICI>
    <SUD>2243,318</SUD>
  </Fabbisogno>
  <Fabbisogno>
    <Data>20150426</Data>
    <Mercato>MGP</Mercato>
    <Ora>5</Ora>
    <Italia>20463,367</Italia>
    <CNOR>2130,265</CNOR>
    <CSUD>3389,522</CSUD>
    <NORD>10686,024</NORD>
    <SARD>816,936</SARD>
    <SICI>1217,516</SICI>
    <SUD>2223,104</SUD>
  </Fabbisogno>
  <Fabbisogno>
    <Data>20150426</Data>
    <Mercato>MGP</Mercato>
    <Ora>6</Ora>
    <Italia>21045,656</Italia>
    <CNOR>2138,918</CNOR>
    <CSUD>3591,206</CSUD>
    <NORD>10942,8</NORD>
    <SARD>845,321</SARD>
    <SICI>1273,042</SICI>
    <SUD>2254,369</SUD>
  </Fabbisogno>
  <Fabbisogno>
    <Data>20150426</Data>
    <Mercato>MGP</Mercato>
    <Ora>7</Ora>
    <Italia>20600,487</Italia>
    <CNOR>2019,31</CNOR>
    <CSUD>3431,458</CSUD>
    <NORD>11012,14</NORD>
    <SARD>832,852</SARD>
    <SICI>1217,323</SICI>
    <SUD>2087,404</SUD>
  </Fabbisogno>
  <Fabbisogno>
    <Data>20150426</Data>
    <Mercato>MGP</Mercato>
    <Ora>8</Ora>
    <Italia>21558,394</Italia>
    <CNOR>2094,424</CNOR>
    <CSUD>3584,925</CSUD>
    <NORD>11369,872</NORD>
    <SARD>853,923</SARD>
    <SICI>1327,696</SICI>
    <SUD>2327,554</SUD>
  </Fabbisogno>
  <Fabbisogno>
    <Data>20150426</Data>
    <Mercato>MGP</Mercato>
    <Ora>9</Ora>
    <Italia>23269,387</Italia>
    <CNOR>2299,51</CNOR>
    <CSUD>3952,472</CSUD>
    <NORD>12039,331</NORD>
    <SARD>931,193</SARD>
    <SICI>1509,117</SICI>
    <SUD>2537,764</SUD>
  </Fabbisogno>
  <Fabbisogno>
    <Data>20150426</Data>
    <Mercato>MGP</Mercato>
    <Ora>10</Ora>
    <Italia>24442,089</Italia>
    <CNOR>2389,377</CNOR>
    <CSUD>4141,423</CSUD>
    <NORD>12649,318</NORD>
    <SARD>960,86</SARD>
    <SICI>1643,982</SICI>
    <SUD>2657,129</SUD>
  </Fabbisogno>
  <Fabbisogno>
    <Data>20150426</Data>
    <Mercato>MGP</Mercato>
    <Ora>11</Ora>
    <Italia>24909,431</Italia>
    <CNOR>2359,8</CNOR>
    <CSUD>3998,608</CSUD>
    <NORD>13288,478</NORD>
    <SARD>944,569</SARD>
    <SICI>1586,953</SICI>
    <SUD>2731,023</SUD>
  </Fabbisogno>
  <Fabbisogno>
    <Data>20150426</Data>
    <Mercato>MGP</Mercato>
    <Ora>12</Ora>
    <Italia>25752,614</Italia>
    <CNOR>2529,806</CNOR>
    <CSUD>4427,696</CSUD>
    <NORD>13578,767</NORD>
    <SARD>943,749</SARD>
    <SICI>1580,789</SICI>
    <SUD>2691,807</SUD>
  </Fabbisogno>
  <Fabbisogno>
    <Data>20150426</Data>
    <Mercato>MGP</Mercato>
    <Ora>13</Ora>
    <Italia>24803,083</Italia>
    <CNOR>2307,465</CNOR>
    <CSUD>4030,014</CSUD>
    <NORD>13314,976</NORD>
    <SARD>912,324</SARD>
    <SICI>1566,916</SICI>
    <SUD>2671,388</SUD>
  </Fabbisogno>
  <Fabbisogno>
    <Data>20150426</Data>
    <Mercato>MGP</Mercato>
    <Ora>14</Ora>
    <Italia>23886,731</Italia>
    <CNOR>2184,947</CNOR>
    <CSUD>4151,906</CSUD>
    <NORD>12562,655</NORD>
    <SARD>885,483</SARD>
    <SICI>1461,218</SICI>
    <SUD>2640,522</SUD>
  </Fabbisogno>
  <Fabbisogno>
    <Data>20150426</Data>
    <Mercato>MGP</Mercato>
    <Ora>15</Ora>
    <Italia>22904,271</Italia>
    <CNOR>2210,779</CNOR>
    <CSUD>3698,349</CSUD>
    <NORD>12373,307</NORD>
    <SARD>830,309</SARD>
    <SICI>1382,723</SICI>
    <SUD>2408,804</SUD>
  </Fabbisogno>
  <Fabbisogno>
    <Data>20150426</Data>
    <Mercato>MGP</Mercato>
    <Ora>16</Ora>
    <Italia>22662,575</Italia>
    <CNOR>2194,396</CNOR>
    <CSUD>3632,325</CSUD>
    <NORD>12181,405</NORD>
    <SARD>808,361</SARD>
    <SICI>1364,667</SICI>
    <SUD>2481,421</SUD>
  </Fabbisogno>
  <Fabbisogno>
    <Data>20150426</Data>
    <Mercato>MGP</Mercato>
    <Ora>17</Ora>
    <Italia>22916,063</Italia>
    <CNOR>2231,308</CNOR>
    <CSUD>3717,412</CSUD>
    <NORD>12290,701</NORD>
    <SARD>819,208</SARD>
    <SICI>1406,374</SICI>
    <SUD>2451,06</SUD>
  </Fabbisogno>
  <Fabbisogno>
    <Data>20150426</Data>
    <Mercato>MGP</Mercato>
    <Ora>18</Ora>
    <Italia>23799,797</Italia>
    <CNOR>2386,847</CNOR>
    <CSUD>3859,116</CSUD>
    <NORD>12529,387</NORD>
    <SARD>888,446</SARD>
    <SICI>1475,37</SICI>
    <SUD>2660,631</SUD>
  </Fabbisogno>
  <Fabbisogno>
    <Data>20150426</Data>
    <Mercato>MGP</Mercato>
    <Ora>19</Ora>
    <Italia>25169,352</Italia>
    <CNOR>2645,958</CNOR>
    <CSUD>4319,015</CSUD>
    <NORD>12834,524</NORD>
    <SARD>945,784</SARD>
    <SICI>1590,994</SICI>
    <SUD>2833,077</SUD>
  </Fabbisogno>
  <Fabbisogno>
    <Data>20150426</Data>
    <Mercato>MGP</Mercato>
    <Ora>20</Ora>
    <Italia>26995,028</Italia>
    <CNOR>2995,85</CNOR>
    <CSUD>4942,167</CSUD>
    <NORD>13265,654</NORD>
    <SARD>1013,028</SARD>
    <SICI>1741,738</SICI>
    <SUD>3036,591</SUD>
  </Fabbisogno>
  <Fabbisogno>
    <Data>20150426</Data>
    <Mercato>MGP</Mercato>
    <Ora>21</Ora>
    <Italia>29739,778</Italia>
    <CNOR>3368,799</CNOR>
    <CSUD>5678,284</CSUD>
    <NORD>13960,542</NORD>
    <SARD>1173,435</SARD>
    <SICI>2122,34</SICI>
    <SUD>3436,378</SUD>
  </Fabbisogno>
  <Fabbisogno>
    <Data>20150426</Data>
    <Mercato>MGP</Mercato>
    <Ora>22</Ora>
    <Italia>29158,697</Italia>
    <CNOR>3271,656</CNOR>
    <CSUD>5462,101</CSUD>
    <NORD>13924,33</NORD>
    <SARD>1129,901</SARD>
    <SICI>2070,578</SICI>
    <SUD>3300,131</SUD>
  </Fabbisogno>
  <Fabbisogno>
    <Data>20150426</Data>
    <Mercato>MGP</Mercato>
    <Ora>23</Ora>
    <Italia>26584,028</Italia>
    <CNOR>3076,798</CNOR>
    <CSUD>5004,454</CSUD>
    <NORD>12533,14</NORD>
    <SARD>1059,86</SARD>
    <SICI>1919,185</SICI>
    <SUD>2990,591</SUD>
  </Fabbisogno>
  <Fabbisogno>
    <Data>20150426</Data>
    <Mercato>MGP</Mercato>
    <Ora>24</Ora>
    <Italia>24185,083</Italia>
    <CNOR>2766,275</CNOR>
    <CSUD>4580,144</CSUD>
    <NORD>11449,973</NORD>
    <SARD>976,792</SARD>
    <SICI>1599,23</SICI>
    <SUD>2812,669</SUD>
  </Fabbisogno>
</NewDataSet>