<?xml version="1.0" standalone="yes"?>
<NewDataSet>
  <xs:schema id="NewDataSet" xmlns="" xmlns:xs="http://www.w3.org/2001/XMLSchema" xmlns:msdata="urn:schemas-microsoft-com:xml-msdata">
    <xs:element name="NewDataSet" msdata:IsDataSet="true" msdata:UseCurrentLocale="true">
      <xs:complexType>
        <xs:choice minOccurs="0" maxOccurs="unbounded">
          <xs:element name="Fabbisogno">
            <xs:complexType>
              <xs:sequence>
                <xs:element name="Data" type="xs:string" minOccurs="0" />
                <xs:element name="Mercato" type="xs:string" minOccurs="0" />
                <xs:element name="Ora" type="xs:string" minOccurs="0" />
                <xs:element name="Italia" type="xs:string" minOccurs="0" />
                <xs:element name="CNOR" type="xs:string" minOccurs="0" />
                <xs:element name="CSUD" type="xs:string" minOccurs="0" />
                <xs:element name="NORD" type="xs:string" minOccurs="0" />
                <xs:element name="SARD" type="xs:string" minOccurs="0" />
                <xs:element name="SICI" type="xs:string" minOccurs="0" />
                <xs:element name="SUD" type="xs:string" minOccurs="0" />
              </xs:sequence>
            </xs:complexType>
          </xs:element>
        </xs:choice>
      </xs:complexType>
    </xs:element>
  </xs:schema>
  <Fabbisogno>
    <Data>20150414</Data>
    <Mercato>MGP</Mercato>
    <Ora>1</Ora>
    <Italia>26522,95</Italia>
    <CNOR>2910,075</CNOR>
    <CSUD>4296,552</CSUD>
    <NORD>14405,598</NORD>
    <SARD>938,338</SARD>
    <SICI>1387,464</SICI>
    <SUD>2584,923</SUD>
  </Fabbisogno>
  <Fabbisogno>
    <Data>20150414</Data>
    <Mercato>MGP</Mercato>
    <Ora>2</Ora>
    <Italia>25127,953</Italia>
    <CNOR>2688,066</CNOR>
    <CSUD>3912,53</CSUD>
    <NORD>13984,224</NORD>
    <SARD>888,587</SARD>
    <SICI>1251,008</SICI>
    <SUD>2403,538</SUD>
  </Fabbisogno>
  <Fabbisogno>
    <Data>20150414</Data>
    <Mercato>MGP</Mercato>
    <Ora>3</Ora>
    <Italia>24527,783</Italia>
    <CNOR>2647,738</CNOR>
    <CSUD>3755,943</CSUD>
    <NORD>13740,376</NORD>
    <SARD>868,133</SARD>
    <SICI>1181,671</SICI>
    <SUD>2333,922</SUD>
  </Fabbisogno>
  <Fabbisogno>
    <Data>20150414</Data>
    <Mercato>MGP</Mercato>
    <Ora>4</Ora>
    <Italia>24258,969</Italia>
    <CNOR>2634,318</CNOR>
    <CSUD>3704,264</CSUD>
    <NORD>13596,716</NORD>
    <SARD>852,046</SARD>
    <SICI>1153,296</SICI>
    <SUD>2318,329</SUD>
  </Fabbisogno>
  <Fabbisogno>
    <Data>20150414</Data>
    <Mercato>MGP</Mercato>
    <Ora>5</Ora>
    <Italia>24844,611</Italia>
    <CNOR>2655,113</CNOR>
    <CSUD>3759,96</CSUD>
    <NORD>13989,925</NORD>
    <SARD>867,236</SARD>
    <SICI>1220,646</SICI>
    <SUD>2351,731</SUD>
  </Fabbisogno>
  <Fabbisogno>
    <Data>20150414</Data>
    <Mercato>MGP</Mercato>
    <Ora>6</Ora>
    <Italia>25730,98</Italia>
    <CNOR>2749,898</CNOR>
    <CSUD>3932,945</CSUD>
    <NORD>14495,603</NORD>
    <SARD>890,081</SARD>
    <SICI>1244,113</SICI>
    <SUD>2418,34</SUD>
  </Fabbisogno>
  <Fabbisogno>
    <Data>20150414</Data>
    <Mercato>MGP</Mercato>
    <Ora>7</Ora>
    <Italia>28723,164</Italia>
    <CNOR>3042,285</CNOR>
    <CSUD>4289,662</CSUD>
    <NORD>16657,533</NORD>
    <SARD>910,567</SARD>
    <SICI>1362,477</SICI>
    <SUD>2460,64</SUD>
  </Fabbisogno>
  <Fabbisogno>
    <Data>20150414</Data>
    <Mercato>MGP</Mercato>
    <Ora>8</Ora>
    <Italia>33749,162</Italia>
    <CNOR>3409,83</CNOR>
    <CSUD>4930,059</CSUD>
    <NORD>19826,066</NORD>
    <SARD>1033,974</SARD>
    <SICI>1628,696</SICI>
    <SUD>2920,537</SUD>
  </Fabbisogno>
  <Fabbisogno>
    <Data>20150414</Data>
    <Mercato>MGP</Mercato>
    <Ora>9</Ora>
    <Italia>38450,483</Italia>
    <CNOR>4082,703</CNOR>
    <CSUD>5646,037</CSUD>
    <NORD>22473,664</NORD>
    <SARD>1145,99</SARD>
    <SICI>1803,901</SICI>
    <SUD>3298,188</SUD>
  </Fabbisogno>
  <Fabbisogno>
    <Data>20150414</Data>
    <Mercato>MGP</Mercato>
    <Ora>10</Ora>
    <Italia>39159,215</Italia>
    <CNOR>4224,399</CNOR>
    <CSUD>5970,748</CSUD>
    <NORD>22677,798</NORD>
    <SARD>1128,566</SARD>
    <SICI>1806,02</SICI>
    <SUD>3351,684</SUD>
  </Fabbisogno>
  <Fabbisogno>
    <Data>20150414</Data>
    <Mercato>MGP</Mercato>
    <Ora>11</Ora>
    <Italia>38264,906</Italia>
    <CNOR>4175,248</CNOR>
    <CSUD>5924,686</CSUD>
    <NORD>22078,272</NORD>
    <SARD>1077,652</SARD>
    <SICI>1774,532</SICI>
    <SUD>3234,516</SUD>
  </Fabbisogno>
  <Fabbisogno>
    <Data>20150414</Data>
    <Mercato>MGP</Mercato>
    <Ora>12</Ora>
    <Italia>37820,304</Italia>
    <CNOR>4120,723</CNOR>
    <CSUD>5876,983</CSUD>
    <NORD>21885,92</NORD>
    <SARD>1044,556</SARD>
    <SICI>1699,47</SICI>
    <SUD>3192,652</SUD>
  </Fabbisogno>
  <Fabbisogno>
    <Data>20150414</Data>
    <Mercato>MGP</Mercato>
    <Ora>13</Ora>
    <Italia>35543,202</Italia>
    <CNOR>3734,411</CNOR>
    <CSUD>5733,802</CSUD>
    <NORD>20163,398</NORD>
    <SARD>1018,67</SARD>
    <SICI>1691,819</SICI>
    <SUD>3201,102</SUD>
  </Fabbisogno>
  <Fabbisogno>
    <Data>20150414</Data>
    <Mercato>MGP</Mercato>
    <Ora>14</Ora>
    <Italia>35085,366</Italia>
    <CNOR>3582,016</CNOR>
    <CSUD>5562,563</CSUD>
    <NORD>20307,114</NORD>
    <SARD>976,189</SARD>
    <SICI>1606,843</SICI>
    <SUD>3050,641</SUD>
  </Fabbisogno>
  <Fabbisogno>
    <Data>20150414</Data>
    <Mercato>MGP</Mercato>
    <Ora>15</Ora>
    <Italia>36017,088</Italia>
    <CNOR>3752,566</CNOR>
    <CSUD>5588,304</CSUD>
    <NORD>21086,301</NORD>
    <SARD>958,248</SARD>
    <SICI>1599,658</SICI>
    <SUD>3032,011</SUD>
  </Fabbisogno>
  <Fabbisogno>
    <Data>20150414</Data>
    <Mercato>MGP</Mercato>
    <Ora>16</Ora>
    <Italia>36290,758</Italia>
    <CNOR>3773,331</CNOR>
    <CSUD>5499,573</CSUD>
    <NORD>21368,783</NORD>
    <SARD>966,171</SARD>
    <SICI>1624,215</SICI>
    <SUD>3058,685</SUD>
  </Fabbisogno>
  <Fabbisogno>
    <Data>20150414</Data>
    <Mercato>MGP</Mercato>
    <Ora>17</Ora>
    <Italia>36112,555</Italia>
    <CNOR>3845,27</CNOR>
    <CSUD>5585,925</CSUD>
    <NORD>20903,432</NORD>
    <SARD>970,941</SARD>
    <SICI>1672,771</SICI>
    <SUD>3134,216</SUD>
  </Fabbisogno>
  <Fabbisogno>
    <Data>20150414</Data>
    <Mercato>MGP</Mercato>
    <Ora>18</Ora>
    <Italia>35802,9</Italia>
    <CNOR>3824,413</CNOR>
    <CSUD>5593,392</CSUD>
    <NORD>20363,55</NORD>
    <SARD>1014,441</SARD>
    <SICI>1720,274</SICI>
    <SUD>3286,83</SUD>
  </Fabbisogno>
  <Fabbisogno>
    <Data>20150414</Data>
    <Mercato>MGP</Mercato>
    <Ora>19</Ora>
    <Italia>35551,3</Italia>
    <CNOR>3881,577</CNOR>
    <CSUD>5854,682</CSUD>
    <NORD>19432,324</NORD>
    <SARD>1114,324</SARD>
    <SICI>1796,619</SICI>
    <SUD>3471,774</SUD>
  </Fabbisogno>
  <Fabbisogno>
    <Data>20150414</Data>
    <Mercato>MGP</Mercato>
    <Ora>20</Ora>
    <Italia>36361,219</Italia>
    <CNOR>3927,189</CNOR>
    <CSUD>6217,601</CSUD>
    <NORD>19407,522</NORD>
    <SARD>1163,246</SARD>
    <SICI>2012,715</SICI>
    <SUD>3632,946</SUD>
  </Fabbisogno>
  <Fabbisogno>
    <Data>20150414</Data>
    <Mercato>MGP</Mercato>
    <Ora>21</Ora>
    <Italia>39108,375</Italia>
    <CNOR>4165,612</CNOR>
    <CSUD>6735,879</CSUD>
    <NORD>20849,851</NORD>
    <SARD>1313,338</SARD>
    <SICI>2173,216</SICI>
    <SUD>3870,479</SUD>
  </Fabbisogno>
  <Fabbisogno>
    <Data>20150414</Data>
    <Mercato>MGP</Mercato>
    <Ora>22</Ora>
    <Italia>35922,678</Italia>
    <CNOR>3923,817</CNOR>
    <CSUD>6193,75</CSUD>
    <NORD>19132,053</NORD>
    <SARD>1230,927</SARD>
    <SICI>2050,877</SICI>
    <SUD>3391,254</SUD>
  </Fabbisogno>
  <Fabbisogno>
    <Data>20150414</Data>
    <Mercato>MGP</Mercato>
    <Ora>23</Ora>
    <Italia>31588,941</Italia>
    <CNOR>3359,081</CNOR>
    <CSUD>5150,651</CSUD>
    <NORD>17017,598</NORD>
    <SARD>1133,998</SARD>
    <SICI>1832,738</SICI>
    <SUD>3094,875</SUD>
  </Fabbisogno>
  <Fabbisogno>
    <Data>20150414</Data>
    <Mercato>MGP</Mercato>
    <Ora>24</Ora>
    <Italia>28189,956</Italia>
    <CNOR>2903,726</CNOR>
    <CSUD>4410,341</CSUD>
    <NORD>15503,799</NORD>
    <SARD>1032,603</SARD>
    <SICI>1583,645</SICI>
    <SUD>2755,842</SUD>
  </Fabbisogno>
</NewDataSet>