<?xml version="1.0" standalone="yes"?>
<NewDataSet>
  <xs:schema id="NewDataSet" xmlns="" xmlns:xs="http://www.w3.org/2001/XMLSchema" xmlns:msdata="urn:schemas-microsoft-com:xml-msdata">
    <xs:element name="NewDataSet" msdata:IsDataSet="true" msdata:UseCurrentLocale="true">
      <xs:complexType>
        <xs:choice minOccurs="0" maxOccurs="unbounded">
          <xs:element name="Fabbisogno">
            <xs:complexType>
              <xs:sequence>
                <xs:element name="Data" type="xs:string" minOccurs="0" />
                <xs:element name="Mercato" type="xs:string" minOccurs="0" />
                <xs:element name="Ora" type="xs:string" minOccurs="0" />
                <xs:element name="Italia" type="xs:string" minOccurs="0" />
                <xs:element name="CNOR" type="xs:string" minOccurs="0" />
                <xs:element name="CSUD" type="xs:string" minOccurs="0" />
                <xs:element name="NORD" type="xs:string" minOccurs="0" />
                <xs:element name="SARD" type="xs:string" minOccurs="0" />
                <xs:element name="SICI" type="xs:string" minOccurs="0" />
                <xs:element name="SUD" type="xs:string" minOccurs="0" />
              </xs:sequence>
            </xs:complexType>
          </xs:element>
        </xs:choice>
      </xs:complexType>
    </xs:element>
  </xs:schema>
  <Fabbisogno>
    <Data>20150417</Data>
    <Mercato>MGP</Mercato>
    <Ora>1</Ora>
    <Italia>26848,319</Italia>
    <CNOR>2682,405</CNOR>
    <CSUD>4252,279</CSUD>
    <NORD>14833,064</NORD>
    <SARD>946,407</SARD>
    <SICI>1419,671</SICI>
    <SUD>2714,493</SUD>
  </Fabbisogno>
  <Fabbisogno>
    <Data>20150417</Data>
    <Mercato>MGP</Mercato>
    <Ora>2</Ora>
    <Italia>26122,41</Italia>
    <CNOR>2609,632</CNOR>
    <CSUD>4043,851</CSUD>
    <NORD>14659,123</NORD>
    <SARD>912,857</SARD>
    <SICI>1302,442</SICI>
    <SUD>2594,505</SUD>
  </Fabbisogno>
  <Fabbisogno>
    <Data>20150417</Data>
    <Mercato>MGP</Mercato>
    <Ora>3</Ora>
    <Italia>25319,865</Italia>
    <CNOR>2566,833</CNOR>
    <CSUD>3875,174</CSUD>
    <NORD>14217,58</NORD>
    <SARD>886,325</SARD>
    <SICI>1242,361</SICI>
    <SUD>2531,592</SUD>
  </Fabbisogno>
  <Fabbisogno>
    <Data>20150417</Data>
    <Mercato>MGP</Mercato>
    <Ora>4</Ora>
    <Italia>24702,607</Italia>
    <CNOR>2408,502</CNOR>
    <CSUD>3615,371</CSUD>
    <NORD>14221,059</NORD>
    <SARD>855,514</SARD>
    <SICI>1213,901</SICI>
    <SUD>2388,26</SUD>
  </Fabbisogno>
  <Fabbisogno>
    <Data>20150417</Data>
    <Mercato>MGP</Mercato>
    <Ora>5</Ora>
    <Italia>24312,376</Italia>
    <CNOR>2268,172</CNOR>
    <CSUD>3299,322</CSUD>
    <NORD>14382,262</NORD>
    <SARD>841,913</SARD>
    <SICI>1219,312</SICI>
    <SUD>2301,395</SUD>
  </Fabbisogno>
  <Fabbisogno>
    <Data>20150417</Data>
    <Mercato>MGP</Mercato>
    <Ora>6</Ora>
    <Italia>25497,376</Italia>
    <CNOR>2372,814</CNOR>
    <CSUD>3453,626</CSUD>
    <NORD>15130,995</NORD>
    <SARD>845,883</SARD>
    <SICI>1286,985</SICI>
    <SUD>2407,073</SUD>
  </Fabbisogno>
  <Fabbisogno>
    <Data>20150417</Data>
    <Mercato>MGP</Mercato>
    <Ora>7</Ora>
    <Italia>28572,721</Italia>
    <CNOR>2614,563</CNOR>
    <CSUD>3692,146</CSUD>
    <NORD>17623,698</NORD>
    <SARD>880,073</SARD>
    <SICI>1367,975</SICI>
    <SUD>2394,266</SUD>
  </Fabbisogno>
  <Fabbisogno>
    <Data>20150417</Data>
    <Mercato>MGP</Mercato>
    <Ora>8</Ora>
    <Italia>33219,453</Italia>
    <CNOR>3080,621</CNOR>
    <CSUD>4358,57</CSUD>
    <NORD>20323,347</NORD>
    <SARD>1002,777</SARD>
    <SICI>1585,057</SICI>
    <SUD>2869,081</SUD>
  </Fabbisogno>
  <Fabbisogno>
    <Data>20150417</Data>
    <Mercato>MGP</Mercato>
    <Ora>9</Ora>
    <Italia>37628,472</Italia>
    <CNOR>3647,059</CNOR>
    <CSUD>4924,7</CSUD>
    <NORD>22976,92</NORD>
    <SARD>1099,476</SARD>
    <SICI>1771,831</SICI>
    <SUD>3208,486</SUD>
  </Fabbisogno>
  <Fabbisogno>
    <Data>20150417</Data>
    <Mercato>MGP</Mercato>
    <Ora>10</Ora>
    <Italia>39528,203</Italia>
    <CNOR>3901,636</CNOR>
    <CSUD>5635,894</CSUD>
    <NORD>23812,682</NORD>
    <SARD>1095,26</SARD>
    <SICI>1799,973</SICI>
    <SUD>3282,758</SUD>
  </Fabbisogno>
  <Fabbisogno>
    <Data>20150417</Data>
    <Mercato>MGP</Mercato>
    <Ora>11</Ora>
    <Italia>38014,225</Italia>
    <CNOR>3611,415</CNOR>
    <CSUD>5169,83</CSUD>
    <NORD>23290,549</NORD>
    <SARD>1020,53</SARD>
    <SICI>1761,607</SICI>
    <SUD>3160,294</SUD>
  </Fabbisogno>
  <Fabbisogno>
    <Data>20150417</Data>
    <Mercato>MGP</Mercato>
    <Ora>12</Ora>
    <Italia>37849,113</Italia>
    <CNOR>3620,204</CNOR>
    <CSUD>5181,508</CSUD>
    <NORD>23187,277</NORD>
    <SARD>983,938</SARD>
    <SICI>1744,598</SICI>
    <SUD>3131,588</SUD>
  </Fabbisogno>
  <Fabbisogno>
    <Data>20150417</Data>
    <Mercato>MGP</Mercato>
    <Ora>13</Ora>
    <Italia>35572,744</Italia>
    <CNOR>3360,458</CNOR>
    <CSUD>5083,813</CSUD>
    <NORD>21220,595</NORD>
    <SARD>988,827</SARD>
    <SICI>1739,509</SICI>
    <SUD>3179,542</SUD>
  </Fabbisogno>
  <Fabbisogno>
    <Data>20150417</Data>
    <Mercato>MGP</Mercato>
    <Ora>14</Ora>
    <Italia>35852,981</Italia>
    <CNOR>3328,967</CNOR>
    <CSUD>5273,428</CSUD>
    <NORD>21536,149</NORD>
    <SARD>949,657</SARD>
    <SICI>1650,507</SICI>
    <SUD>3114,273</SUD>
  </Fabbisogno>
  <Fabbisogno>
    <Data>20150417</Data>
    <Mercato>MGP</Mercato>
    <Ora>15</Ora>
    <Italia>36147,098</Italia>
    <CNOR>3383,439</CNOR>
    <CSUD>4917,075</CSUD>
    <NORD>22280,826</NORD>
    <SARD>914,019</SARD>
    <SICI>1642,529</SICI>
    <SUD>3009,21</SUD>
  </Fabbisogno>
  <Fabbisogno>
    <Data>20150417</Data>
    <Mercato>MGP</Mercato>
    <Ora>16</Ora>
    <Italia>36002,868</Italia>
    <CNOR>3364,072</CNOR>
    <CSUD>4898,607</CSUD>
    <NORD>22196,167</NORD>
    <SARD>930,566</SARD>
    <SICI>1624,71</SICI>
    <SUD>2988,746</SUD>
  </Fabbisogno>
  <Fabbisogno>
    <Data>20150417</Data>
    <Mercato>MGP</Mercato>
    <Ora>17</Ora>
    <Italia>35589,359</Italia>
    <CNOR>3390,205</CNOR>
    <CSUD>4971,674</CSUD>
    <NORD>21619,586</NORD>
    <SARD>944,843</SARD>
    <SICI>1591,108</SICI>
    <SUD>3071,943</SUD>
  </Fabbisogno>
  <Fabbisogno>
    <Data>20150417</Data>
    <Mercato>MGP</Mercato>
    <Ora>18</Ora>
    <Italia>34927,875</Italia>
    <CNOR>3367,378</CNOR>
    <CSUD>4984,86</CSUD>
    <NORD>20668,124</NORD>
    <SARD>1009,954</SARD>
    <SICI>1658,81</SICI>
    <SUD>3238,749</SUD>
  </Fabbisogno>
  <Fabbisogno>
    <Data>20150417</Data>
    <Mercato>MGP</Mercato>
    <Ora>19</Ora>
    <Italia>34590,432</Italia>
    <CNOR>3525,638</CNOR>
    <CSUD>5712,005</CSUD>
    <NORD>19030,764</NORD>
    <SARD>1132,114</SARD>
    <SICI>1732,596</SICI>
    <SUD>3457,315</SUD>
  </Fabbisogno>
  <Fabbisogno>
    <Data>20150417</Data>
    <Mercato>MGP</Mercato>
    <Ora>20</Ora>
    <Italia>34730,651</Italia>
    <CNOR>3535,364</CNOR>
    <CSUD>5803,105</CSUD>
    <NORD>18827,883</NORD>
    <SARD>1153,957</SARD>
    <SICI>1893,946</SICI>
    <SUD>3516,396</SUD>
  </Fabbisogno>
  <Fabbisogno>
    <Data>20150417</Data>
    <Mercato>MGP</Mercato>
    <Ora>21</Ora>
    <Italia>38169,967</Italia>
    <CNOR>4087,895</CNOR>
    <CSUD>6795,393</CSUD>
    <NORD>19774,448</NORD>
    <SARD>1319,208</SARD>
    <SICI>2114,97</SICI>
    <SUD>4078,053</SUD>
  </Fabbisogno>
  <Fabbisogno>
    <Data>20150417</Data>
    <Mercato>MGP</Mercato>
    <Ora>22</Ora>
    <Italia>35746,323</Italia>
    <CNOR>3822,433</CNOR>
    <CSUD>6241,041</CSUD>
    <NORD>18793,772</NORD>
    <SARD>1238,081</SARD>
    <SICI>1986,861</SICI>
    <SUD>3664,135</SUD>
  </Fabbisogno>
  <Fabbisogno>
    <Data>20150417</Data>
    <Mercato>MGP</Mercato>
    <Ora>23</Ora>
    <Italia>31810,594</Italia>
    <CNOR>3448,043</CNOR>
    <CSUD>5609,393</CSUD>
    <NORD>16480,452</NORD>
    <SARD>1133,713</SARD>
    <SICI>1788,519</SICI>
    <SUD>3350,474</SUD>
  </Fabbisogno>
  <Fabbisogno>
    <Data>20150417</Data>
    <Mercato>MGP</Mercato>
    <Ora>24</Ora>
    <Italia>28683,575</Italia>
    <CNOR>2965,27</CNOR>
    <CSUD>4783,387</CSUD>
    <NORD>15359,089</NORD>
    <SARD>1041,127</SARD>
    <SICI>1563,191</SICI>
    <SUD>2971,511</SUD>
  </Fabbisogno>
</NewDataSet>