<?xml version="1.0" standalone="yes"?>
<NewDataSet>
  <xs:schema id="NewDataSet" xmlns="" xmlns:xs="http://www.w3.org/2001/XMLSchema" xmlns:msdata="urn:schemas-microsoft-com:xml-msdata">
    <xs:element name="NewDataSet" msdata:IsDataSet="true" msdata:UseCurrentLocale="true">
      <xs:complexType>
        <xs:choice minOccurs="0" maxOccurs="unbounded">
          <xs:element name="Fabbisogno">
            <xs:complexType>
              <xs:sequence>
                <xs:element name="Data" type="xs:string" minOccurs="0" />
                <xs:element name="Mercato" type="xs:string" minOccurs="0" />
                <xs:element name="Ora" type="xs:string" minOccurs="0" />
                <xs:element name="Italia" type="xs:string" minOccurs="0" />
                <xs:element name="CNOR" type="xs:string" minOccurs="0" />
                <xs:element name="CSUD" type="xs:string" minOccurs="0" />
                <xs:element name="NORD" type="xs:string" minOccurs="0" />
                <xs:element name="SARD" type="xs:string" minOccurs="0" />
                <xs:element name="SICI" type="xs:string" minOccurs="0" />
                <xs:element name="SUD" type="xs:string" minOccurs="0" />
              </xs:sequence>
            </xs:complexType>
          </xs:element>
        </xs:choice>
      </xs:complexType>
    </xs:element>
  </xs:schema>
  <Fabbisogno>
    <Data>20150404</Data>
    <Mercato>MGP</Mercato>
    <Ora>1</Ora>
    <Italia>25736,588</Italia>
    <CNOR>2813,915</CNOR>
    <CSUD>4322,65</CSUD>
    <NORD>13569,215</NORD>
    <SARD>961,951</SARD>
    <SICI>1355,525</SICI>
    <SUD>2713,332</SUD>
  </Fabbisogno>
  <Fabbisogno>
    <Data>20150404</Data>
    <Mercato>MGP</Mercato>
    <Ora>2</Ora>
    <Italia>24060,585</Italia>
    <CNOR>2512,779</CNOR>
    <CSUD>3790,847</CSUD>
    <NORD>13142,087</NORD>
    <SARD>895,349</SARD>
    <SICI>1208,754</SICI>
    <SUD>2510,769</SUD>
  </Fabbisogno>
  <Fabbisogno>
    <Data>20150404</Data>
    <Mercato>MGP</Mercato>
    <Ora>3</Ora>
    <Italia>22664,848</Italia>
    <CNOR>2389,743</CNOR>
    <CSUD>3250,311</CSUD>
    <NORD>12657,671</NORD>
    <SARD>850,752</SARD>
    <SICI>1144,622</SICI>
    <SUD>2371,749</SUD>
  </Fabbisogno>
  <Fabbisogno>
    <Data>20150404</Data>
    <Mercato>MGP</Mercato>
    <Ora>4</Ora>
    <Italia>22375,224</Italia>
    <CNOR>2336,428</CNOR>
    <CSUD>3172,597</CSUD>
    <NORD>12604,06</NORD>
    <SARD>840,311</SARD>
    <SICI>1101,135</SICI>
    <SUD>2320,693</SUD>
  </Fabbisogno>
  <Fabbisogno>
    <Data>20150404</Data>
    <Mercato>MGP</Mercato>
    <Ora>5</Ora>
    <Italia>22729,01</Italia>
    <CNOR>2277,384</CNOR>
    <CSUD>3454,973</CSUD>
    <NORD>12697,048</NORD>
    <SARD>860,233</SARD>
    <SICI>1107,208</SICI>
    <SUD>2332,164</SUD>
  </Fabbisogno>
  <Fabbisogno>
    <Data>20150404</Data>
    <Mercato>MGP</Mercato>
    <Ora>6</Ora>
    <Italia>22870,915</Italia>
    <CNOR>2299,628</CNOR>
    <CSUD>3542,397</CSUD>
    <NORD>12608,436</NORD>
    <SARD>876,847</SARD>
    <SICI>1156,505</SICI>
    <SUD>2387,102</SUD>
  </Fabbisogno>
  <Fabbisogno>
    <Data>20150404</Data>
    <Mercato>MGP</Mercato>
    <Ora>7</Ora>
    <Italia>23661,974</Italia>
    <CNOR>2380,337</CNOR>
    <CSUD>3444,08</CSUD>
    <NORD>13233,485</NORD>
    <SARD>927,67</SARD>
    <SICI>1253,921</SICI>
    <SUD>2422,481</SUD>
  </Fabbisogno>
  <Fabbisogno>
    <Data>20150404</Data>
    <Mercato>MGP</Mercato>
    <Ora>8</Ora>
    <Italia>25815,798</Italia>
    <CNOR>2466,27</CNOR>
    <CSUD>4009,58</CSUD>
    <NORD>14297,886</NORD>
    <SARD>950,472</SARD>
    <SICI>1444,628</SICI>
    <SUD>2646,962</SUD>
  </Fabbisogno>
  <Fabbisogno>
    <Data>20150404</Data>
    <Mercato>MGP</Mercato>
    <Ora>9</Ora>
    <Italia>28638,374</Italia>
    <CNOR>2768,754</CNOR>
    <CSUD>4589,623</CSUD>
    <NORD>15695,431</NORD>
    <SARD>1020,261</SARD>
    <SICI>1643,701</SICI>
    <SUD>2920,604</SUD>
  </Fabbisogno>
  <Fabbisogno>
    <Data>20150404</Data>
    <Mercato>MGP</Mercato>
    <Ora>10</Ora>
    <Italia>30339,175</Italia>
    <CNOR>2999,182</CNOR>
    <CSUD>5008,08</CSUD>
    <NORD>16639,185</NORD>
    <SARD>1046,536</SARD>
    <SICI>1722,412</SICI>
    <SUD>2923,78</SUD>
  </Fabbisogno>
  <Fabbisogno>
    <Data>20150404</Data>
    <Mercato>MGP</Mercato>
    <Ora>11</Ora>
    <Italia>30252,019</Italia>
    <CNOR>3008,26</CNOR>
    <CSUD>5085,992</CSUD>
    <NORD>16566,156</NORD>
    <SARD>1019,026</SARD>
    <SICI>1692,336</SICI>
    <SUD>2880,249</SUD>
  </Fabbisogno>
  <Fabbisogno>
    <Data>20150404</Data>
    <Mercato>MGP</Mercato>
    <Ora>12</Ora>
    <Italia>29815,227</Italia>
    <CNOR>3020,083</CNOR>
    <CSUD>5185,392</CSUD>
    <NORD>16109,189</NORD>
    <SARD>996,628</SARD>
    <SICI>1627,856</SICI>
    <SUD>2876,079</SUD>
  </Fabbisogno>
  <Fabbisogno>
    <Data>20150404</Data>
    <Mercato>MGP</Mercato>
    <Ora>13</Ora>
    <Italia>28630,405</Italia>
    <CNOR>2877,26</CNOR>
    <CSUD>5109,109</CSUD>
    <NORD>15140,997</NORD>
    <SARD>981,042</SARD>
    <SICI>1594,464</SICI>
    <SUD>2927,533</SUD>
  </Fabbisogno>
  <Fabbisogno>
    <Data>20150404</Data>
    <Mercato>MGP</Mercato>
    <Ora>14</Ora>
    <Italia>27185,235</Italia>
    <CNOR>2666,535</CNOR>
    <CSUD>4932,243</CSUD>
    <NORD>14326,096</NORD>
    <SARD>936,096</SARD>
    <SICI>1531,438</SICI>
    <SUD>2792,827</SUD>
  </Fabbisogno>
  <Fabbisogno>
    <Data>20150404</Data>
    <Mercato>MGP</Mercato>
    <Ora>15</Ora>
    <Italia>26505,707</Italia>
    <CNOR>2568,013</CNOR>
    <CSUD>4678,209</CSUD>
    <NORD>14208,639</NORD>
    <SARD>905,204</SARD>
    <SICI>1518,885</SICI>
    <SUD>2626,757</SUD>
  </Fabbisogno>
  <Fabbisogno>
    <Data>20150404</Data>
    <Mercato>MGP</Mercato>
    <Ora>16</Ora>
    <Italia>26616,067</Italia>
    <CNOR>2543,238</CNOR>
    <CSUD>4662,002</CSUD>
    <NORD>14293,505</NORD>
    <SARD>898,686</SARD>
    <SICI>1524,898</SICI>
    <SUD>2693,738</SUD>
  </Fabbisogno>
  <Fabbisogno>
    <Data>20150404</Data>
    <Mercato>MGP</Mercato>
    <Ora>17</Ora>
    <Italia>26451,877</Italia>
    <CNOR>2522,157</CNOR>
    <CSUD>4348,746</CSUD>
    <NORD>14383,22</NORD>
    <SARD>907,882</SARD>
    <SICI>1576,261</SICI>
    <SUD>2713,611</SUD>
  </Fabbisogno>
  <Fabbisogno>
    <Data>20150404</Data>
    <Mercato>MGP</Mercato>
    <Ora>18</Ora>
    <Italia>26655,347</Italia>
    <CNOR>2600,188</CNOR>
    <CSUD>4450,923</CSUD>
    <NORD>14044,609</NORD>
    <SARD>959,134</SARD>
    <SICI>1652,372</SICI>
    <SUD>2948,121</SUD>
  </Fabbisogno>
  <Fabbisogno>
    <Data>20150404</Data>
    <Mercato>MGP</Mercato>
    <Ora>19</Ora>
    <Italia>28150,772</Italia>
    <CNOR>2979,698</CNOR>
    <CSUD>5015,023</CSUD>
    <NORD>14242,333</NORD>
    <SARD>1018,954</SARD>
    <SICI>1718,716</SICI>
    <SUD>3176,048</SUD>
  </Fabbisogno>
  <Fabbisogno>
    <Data>20150404</Data>
    <Mercato>MGP</Mercato>
    <Ora>20</Ora>
    <Italia>30833,85</Italia>
    <CNOR>3296,563</CNOR>
    <CSUD>5568,283</CSUD>
    <NORD>15443,963</NORD>
    <SARD>1082,135</SARD>
    <SICI>1949,987</SICI>
    <SUD>3492,919</SUD>
  </Fabbisogno>
  <Fabbisogno>
    <Data>20150404</Data>
    <Mercato>MGP</Mercato>
    <Ora>21</Ora>
    <Italia>32179,155</Italia>
    <CNOR>3522,026</CNOR>
    <CSUD>5995,565</CSUD>
    <NORD>15650,116</NORD>
    <SARD>1214,163</SARD>
    <SICI>2117,568</SICI>
    <SUD>3679,717</SUD>
  </Fabbisogno>
  <Fabbisogno>
    <Data>20150404</Data>
    <Mercato>MGP</Mercato>
    <Ora>22</Ora>
    <Italia>29566,105</Italia>
    <CNOR>3253,954</CNOR>
    <CSUD>5502,131</CSUD>
    <NORD>14213,478</NORD>
    <SARD>1135,135</SARD>
    <SICI>1966,048</SICI>
    <SUD>3495,359</SUD>
  </Fabbisogno>
  <Fabbisogno>
    <Data>20150404</Data>
    <Mercato>MGP</Mercato>
    <Ora>23</Ora>
    <Italia>27402,802</Italia>
    <CNOR>2920,561</CNOR>
    <CSUD>5038,024</CSUD>
    <NORD>13417,327</NORD>
    <SARD>1052,763</SARD>
    <SICI>1772,116</SICI>
    <SUD>3202,011</SUD>
  </Fabbisogno>
  <Fabbisogno>
    <Data>20150404</Data>
    <Mercato>MGP</Mercato>
    <Ora>24</Ora>
    <Italia>24470,41</Italia>
    <CNOR>2650,158</CNOR>
    <CSUD>4542,451</CSUD>
    <NORD>11944,168</NORD>
    <SARD>973,241</SARD>
    <SICI>1546,967</SICI>
    <SUD>2813,425</SUD>
  </Fabbisogno>
</NewDataSet>