<?xml version="1.0" standalone="yes"?>
<NewDataSet>
  <xs:schema id="NewDataSet" xmlns="" xmlns:xs="http://www.w3.org/2001/XMLSchema" xmlns:msdata="urn:schemas-microsoft-com:xml-msdata">
    <xs:element name="NewDataSet" msdata:IsDataSet="true" msdata:UseCurrentLocale="true">
      <xs:complexType>
        <xs:choice minOccurs="0" maxOccurs="unbounded">
          <xs:element name="Fabbisogno">
            <xs:complexType>
              <xs:sequence>
                <xs:element name="Data" type="xs:string" minOccurs="0" />
                <xs:element name="Mercato" type="xs:string" minOccurs="0" />
                <xs:element name="Ora" type="xs:string" minOccurs="0" />
                <xs:element name="Italia" type="xs:string" minOccurs="0" />
                <xs:element name="CNOR" type="xs:string" minOccurs="0" />
                <xs:element name="CSUD" type="xs:string" minOccurs="0" />
                <xs:element name="NORD" type="xs:string" minOccurs="0" />
                <xs:element name="SARD" type="xs:string" minOccurs="0" />
                <xs:element name="SICI" type="xs:string" minOccurs="0" />
                <xs:element name="SUD" type="xs:string" minOccurs="0" />
              </xs:sequence>
            </xs:complexType>
          </xs:element>
        </xs:choice>
      </xs:complexType>
    </xs:element>
  </xs:schema>
  <Fabbisogno>
    <Data>20150424</Data>
    <Mercato>MGP</Mercato>
    <Ora>1</Ora>
    <Italia>27277,844</Italia>
    <CNOR>2989,62</CNOR>
    <CSUD>4540,846</CSUD>
    <NORD>14655,809</NORD>
    <SARD>926,08</SARD>
    <SICI>1449,836</SICI>
    <SUD>2715,653</SUD>
  </Fabbisogno>
  <Fabbisogno>
    <Data>20150424</Data>
    <Mercato>MGP</Mercato>
    <Ora>2</Ora>
    <Italia>25916,754</Italia>
    <CNOR>2679,409</CNOR>
    <CSUD>4068,838</CSUD>
    <NORD>14489,784</NORD>
    <SARD>854,459</SARD>
    <SICI>1297,279</SICI>
    <SUD>2526,985</SUD>
  </Fabbisogno>
  <Fabbisogno>
    <Data>20150424</Data>
    <Mercato>MGP</Mercato>
    <Ora>3</Ora>
    <Italia>25204,116</Italia>
    <CNOR>2566,171</CNOR>
    <CSUD>3851,95</CSUD>
    <NORD>14193,92</NORD>
    <SARD>835,153</SARD>
    <SICI>1311,143</SICI>
    <SUD>2445,779</SUD>
  </Fabbisogno>
  <Fabbisogno>
    <Data>20150424</Data>
    <Mercato>MGP</Mercato>
    <Ora>4</Ora>
    <Italia>24771,519</Italia>
    <CNOR>2555,857</CNOR>
    <CSUD>3786,366</CSUD>
    <NORD>14021,399</NORD>
    <SARD>813,633</SARD>
    <SICI>1219,17</SICI>
    <SUD>2375,094</SUD>
  </Fabbisogno>
  <Fabbisogno>
    <Data>20150424</Data>
    <Mercato>MGP</Mercato>
    <Ora>5</Ora>
    <Italia>24499,106</Italia>
    <CNOR>2361,038</CNOR>
    <CSUD>3426,05</CSUD>
    <NORD>14366,597</NORD>
    <SARD>810,919</SARD>
    <SICI>1223,936</SICI>
    <SUD>2310,566</SUD>
  </Fabbisogno>
  <Fabbisogno>
    <Data>20150424</Data>
    <Mercato>MGP</Mercato>
    <Ora>6</Ora>
    <Italia>25653,589</Italia>
    <CNOR>2488,669</CNOR>
    <CSUD>3630,956</CSUD>
    <NORD>15058,602</NORD>
    <SARD>831,911</SARD>
    <SICI>1293,919</SICI>
    <SUD>2349,532</SUD>
  </Fabbisogno>
  <Fabbisogno>
    <Data>20150424</Data>
    <Mercato>MGP</Mercato>
    <Ora>7</Ora>
    <Italia>28322,696</Italia>
    <CNOR>2827,005</CNOR>
    <CSUD>4288,29</CSUD>
    <NORD>16543,862</NORD>
    <SARD>895,392</SARD>
    <SICI>1335,319</SICI>
    <SUD>2432,828</SUD>
  </Fabbisogno>
  <Fabbisogno>
    <Data>20150424</Data>
    <Mercato>MGP</Mercato>
    <Ora>8</Ora>
    <Italia>33563,691</Italia>
    <CNOR>3360,706</CNOR>
    <CSUD>5098,047</CSUD>
    <NORD>19568,04</NORD>
    <SARD>1016,561</SARD>
    <SICI>1598,686</SICI>
    <SUD>2921,651</SUD>
  </Fabbisogno>
  <Fabbisogno>
    <Data>20150424</Data>
    <Mercato>MGP</Mercato>
    <Ora>9</Ora>
    <Italia>36997,006</Italia>
    <CNOR>3824,945</CNOR>
    <CSUD>5210,977</CSUD>
    <NORD>21871,781</NORD>
    <SARD>1099,598</SARD>
    <SICI>1843,398</SICI>
    <SUD>3146,307</SUD>
  </Fabbisogno>
  <Fabbisogno>
    <Data>20150424</Data>
    <Mercato>MGP</Mercato>
    <Ora>10</Ora>
    <Italia>38249,447</Italia>
    <CNOR>3885,389</CNOR>
    <CSUD>5459,069</CSUD>
    <NORD>22660,156</NORD>
    <SARD>1092,599</SARD>
    <SICI>1942,325</SICI>
    <SUD>3209,909</SUD>
  </Fabbisogno>
  <Fabbisogno>
    <Data>20150424</Data>
    <Mercato>MGP</Mercato>
    <Ora>11</Ora>
    <Italia>37689,117</Italia>
    <CNOR>3781,921</CNOR>
    <CSUD>5456,59</CSUD>
    <NORD>22389,64</NORD>
    <SARD>1051,902</SARD>
    <SICI>1898,145</SICI>
    <SUD>3110,919</SUD>
  </Fabbisogno>
  <Fabbisogno>
    <Data>20150424</Data>
    <Mercato>MGP</Mercato>
    <Ora>12</Ora>
    <Italia>36831,358</Italia>
    <CNOR>3721,132</CNOR>
    <CSUD>5381,271</CSUD>
    <NORD>21793,778</NORD>
    <SARD>1014,753</SARD>
    <SICI>1860,239</SICI>
    <SUD>3060,185</SUD>
  </Fabbisogno>
  <Fabbisogno>
    <Data>20150424</Data>
    <Mercato>MGP</Mercato>
    <Ora>13</Ora>
    <Italia>34872,335</Italia>
    <CNOR>3428,408</CNOR>
    <CSUD>5295,89</CSUD>
    <NORD>20260,102</NORD>
    <SARD>998,714</SARD>
    <SICI>1834,116</SICI>
    <SUD>3055,105</SUD>
  </Fabbisogno>
  <Fabbisogno>
    <Data>20150424</Data>
    <Mercato>MGP</Mercato>
    <Ora>14</Ora>
    <Italia>34295,043</Italia>
    <CNOR>3272,691</CNOR>
    <CSUD>5095,632</CSUD>
    <NORD>20225,153</NORD>
    <SARD>956,34</SARD>
    <SICI>1773,132</SICI>
    <SUD>2972,095</SUD>
  </Fabbisogno>
  <Fabbisogno>
    <Data>20150424</Data>
    <Mercato>MGP</Mercato>
    <Ora>15</Ora>
    <Italia>34891,991</Italia>
    <CNOR>3352,54</CNOR>
    <CSUD>5137,181</CSUD>
    <NORD>20758,418</NORD>
    <SARD>936,451</SARD>
    <SICI>1749,009</SICI>
    <SUD>2958,392</SUD>
  </Fabbisogno>
  <Fabbisogno>
    <Data>20150424</Data>
    <Mercato>MGP</Mercato>
    <Ora>16</Ora>
    <Italia>35023,317</Italia>
    <CNOR>3434,77</CNOR>
    <CSUD>5224,55</CSUD>
    <NORD>20656,272</NORD>
    <SARD>937,645</SARD>
    <SICI>1761,06</SICI>
    <SUD>3009,02</SUD>
  </Fabbisogno>
  <Fabbisogno>
    <Data>20150424</Data>
    <Mercato>MGP</Mercato>
    <Ora>17</Ora>
    <Italia>34771,817</Italia>
    <CNOR>3578,687</CNOR>
    <CSUD>5136,79</CSUD>
    <NORD>20377,207</NORD>
    <SARD>951,919</SARD>
    <SICI>1773,216</SICI>
    <SUD>2953,998</SUD>
  </Fabbisogno>
  <Fabbisogno>
    <Data>20150424</Data>
    <Mercato>MGP</Mercato>
    <Ora>18</Ora>
    <Italia>34678,945</Italia>
    <CNOR>3675,787</CNOR>
    <CSUD>5437,029</CSUD>
    <NORD>19596,991</NORD>
    <SARD>1020,594</SARD>
    <SICI>1833,733</SICI>
    <SUD>3114,811</SUD>
  </Fabbisogno>
  <Fabbisogno>
    <Data>20150424</Data>
    <Mercato>MGP</Mercato>
    <Ora>19</Ora>
    <Italia>34346,217</Italia>
    <CNOR>3669,914</CNOR>
    <CSUD>5593,461</CSUD>
    <NORD>18759,868</NORD>
    <SARD>1078,147</SARD>
    <SICI>1875,342</SICI>
    <SUD>3369,485</SUD>
  </Fabbisogno>
  <Fabbisogno>
    <Data>20150424</Data>
    <Mercato>MGP</Mercato>
    <Ora>20</Ora>
    <Italia>34638,578</Italia>
    <CNOR>3924,187</CNOR>
    <CSUD>6184,351</CSUD>
    <NORD>17857,06</NORD>
    <SARD>1126,922</SARD>
    <SICI>1986,172</SICI>
    <SUD>3559,886</SUD>
  </Fabbisogno>
  <Fabbisogno>
    <Data>20150424</Data>
    <Mercato>MGP</Mercato>
    <Ora>21</Ora>
    <Italia>36464,124</Italia>
    <CNOR>4232,909</CNOR>
    <CSUD>6804,271</CSUD>
    <NORD>17981,735</NORD>
    <SARD>1232,7</SARD>
    <SICI>2305,924</SICI>
    <SUD>3906,585</SUD>
  </Fabbisogno>
  <Fabbisogno>
    <Data>20150424</Data>
    <Mercato>MGP</Mercato>
    <Ora>22</Ora>
    <Italia>34735,075</Italia>
    <CNOR>3995,745</CNOR>
    <CSUD>6390,219</CSUD>
    <NORD>17348,27</NORD>
    <SARD>1195,65</SARD>
    <SICI>2143,785</SICI>
    <SUD>3661,406</SUD>
  </Fabbisogno>
  <Fabbisogno>
    <Data>20150424</Data>
    <Mercato>MGP</Mercato>
    <Ora>23</Ora>
    <Italia>30892,071</Italia>
    <CNOR>3632,37</CNOR>
    <CSUD>5736,073</CSUD>
    <NORD>15269,14</NORD>
    <SARD>1127,036</SARD>
    <SICI>1817,049</SICI>
    <SUD>3310,403</SUD>
  </Fabbisogno>
  <Fabbisogno>
    <Data>20150424</Data>
    <Mercato>MGP</Mercato>
    <Ora>24</Ora>
    <Italia>28297,443</Italia>
    <CNOR>3262,078</CNOR>
    <CSUD>5123,584</CSUD>
    <NORD>14252,72</NORD>
    <SARD>1043,413</SARD>
    <SICI>1582,055</SICI>
    <SUD>3033,593</SUD>
  </Fabbisogno>
</NewDataSet>