<?xml version="1.0" standalone="yes"?>
<NewDataSet>
  <xs:schema id="NewDataSet" xmlns="" xmlns:xs="http://www.w3.org/2001/XMLSchema" xmlns:msdata="urn:schemas-microsoft-com:xml-msdata">
    <xs:element name="NewDataSet" msdata:IsDataSet="true" msdata:UseCurrentLocale="true">
      <xs:complexType>
        <xs:choice minOccurs="0" maxOccurs="unbounded">
          <xs:element name="Fabbisogno">
            <xs:complexType>
              <xs:sequence>
                <xs:element name="Data" type="xs:string" minOccurs="0" />
                <xs:element name="Mercato" type="xs:string" minOccurs="0" />
                <xs:element name="Ora" type="xs:string" minOccurs="0" />
                <xs:element name="Italia" type="xs:string" minOccurs="0" />
                <xs:element name="CNOR" type="xs:string" minOccurs="0" />
                <xs:element name="CSUD" type="xs:string" minOccurs="0" />
                <xs:element name="NORD" type="xs:string" minOccurs="0" />
                <xs:element name="SARD" type="xs:string" minOccurs="0" />
                <xs:element name="SICI" type="xs:string" minOccurs="0" />
                <xs:element name="SUD" type="xs:string" minOccurs="0" />
              </xs:sequence>
            </xs:complexType>
          </xs:element>
        </xs:choice>
      </xs:complexType>
    </xs:element>
  </xs:schema>
  <Fabbisogno>
    <Data>20170329</Data>
    <Mercato>MGP</Mercato>
    <Ora>1</Ora>
    <Italia>27016,241</Italia>
    <CNOR>2983,86</CNOR>
    <CSUD>4456,421</CSUD>
    <NORD>14728,365</NORD>
    <SARD>843,906</SARD>
    <SICI>1676,215</SICI>
    <SUD>2327,474</SUD>
  </Fabbisogno>
  <Fabbisogno>
    <Data>20170329</Data>
    <Mercato>MGP</Mercato>
    <Ora>2</Ora>
    <Italia>25452,502</Italia>
    <CNOR>2824,891</CNOR>
    <CSUD>4105,159</CSUD>
    <NORD>14022,966</NORD>
    <SARD>795,383</SARD>
    <SICI>1525,045</SICI>
    <SUD>2179,058</SUD>
  </Fabbisogno>
  <Fabbisogno>
    <Data>20170329</Data>
    <Mercato>MGP</Mercato>
    <Ora>3</Ora>
    <Italia>24579,522</Italia>
    <CNOR>2737,778</CNOR>
    <CSUD>3936,972</CSUD>
    <NORD>13645,629</NORD>
    <SARD>770,617</SARD>
    <SICI>1458,38</SICI>
    <SUD>2030,146</SUD>
  </Fabbisogno>
  <Fabbisogno>
    <Data>20170329</Data>
    <Mercato>MGP</Mercato>
    <Ora>4</Ora>
    <Italia>24364,678</Italia>
    <CNOR>2693,753</CNOR>
    <CSUD>3904,959</CSUD>
    <NORD>13571,091</NORD>
    <SARD>761,863</SARD>
    <SICI>1429,71</SICI>
    <SUD>2003,302</SUD>
  </Fabbisogno>
  <Fabbisogno>
    <Data>20170329</Data>
    <Mercato>MGP</Mercato>
    <Ora>5</Ora>
    <Italia>24556,555</Italia>
    <CNOR>2713,181</CNOR>
    <CSUD>3929,075</CSUD>
    <NORD>13685,141</NORD>
    <SARD>768,479</SARD>
    <SICI>1436,377</SICI>
    <SUD>2024,302</SUD>
  </Fabbisogno>
  <Fabbisogno>
    <Data>20170329</Data>
    <Mercato>MGP</Mercato>
    <Ora>6</Ora>
    <Italia>26249,991</Italia>
    <CNOR>2882,825</CNOR>
    <CSUD>4175,488</CSUD>
    <NORD>14774,453</NORD>
    <SARD>811,01</SARD>
    <SICI>1518,718</SICI>
    <SUD>2087,497</SUD>
  </Fabbisogno>
  <Fabbisogno>
    <Data>20170329</Data>
    <Mercato>MGP</Mercato>
    <Ora>7</Ora>
    <Italia>29678,419</Italia>
    <CNOR>3280,431</CNOR>
    <CSUD>4625,67</CSUD>
    <NORD>17150,782</NORD>
    <SARD>888,716</SARD>
    <SICI>1622,679</SICI>
    <SUD>2110,141</SUD>
  </Fabbisogno>
  <Fabbisogno>
    <Data>20170329</Data>
    <Mercato>MGP</Mercato>
    <Ora>8</Ora>
    <Italia>35445,892</Italia>
    <CNOR>3925,907</CNOR>
    <CSUD>5482,754</CSUD>
    <NORD>20267,722</NORD>
    <SARD>1094,775</SARD>
    <SICI>2004,348</SICI>
    <SUD>2670,386</SUD>
  </Fabbisogno>
  <Fabbisogno>
    <Data>20170329</Data>
    <Mercato>MGP</Mercato>
    <Ora>9</Ora>
    <Italia>39894,938</Italia>
    <CNOR>4554,779</CNOR>
    <CSUD>6141,736</CSUD>
    <NORD>22884,906</NORD>
    <SARD>1191,041</SARD>
    <SICI>2188,55</SICI>
    <SUD>2933,926</SUD>
  </Fabbisogno>
  <Fabbisogno>
    <Data>20170329</Data>
    <Mercato>MGP</Mercato>
    <Ora>10</Ora>
    <Italia>40320,825</Italia>
    <CNOR>4567,959</CNOR>
    <CSUD>6214,827</CSUD>
    <NORD>23316,515</NORD>
    <SARD>1146,204</SARD>
    <SICI>2204,954</SICI>
    <SUD>2870,366</SUD>
  </Fabbisogno>
  <Fabbisogno>
    <Data>20170329</Data>
    <Mercato>MGP</Mercato>
    <Ora>11</Ora>
    <Italia>39227,647</Italia>
    <CNOR>4484,736</CNOR>
    <CSUD>6115,37</CSUD>
    <NORD>22799,893</NORD>
    <SARD>1054,569</SARD>
    <SICI>2149,717</SICI>
    <SUD>2623,362</SUD>
  </Fabbisogno>
  <Fabbisogno>
    <Data>20170329</Data>
    <Mercato>MGP</Mercato>
    <Ora>12</Ora>
    <Italia>38570,996</Italia>
    <CNOR>4380,484</CNOR>
    <CSUD>5998,184</CSUD>
    <NORD>22484,046</NORD>
    <SARD>1024,272</SARD>
    <SICI>2100,049</SICI>
    <SUD>2583,961</SUD>
  </Fabbisogno>
  <Fabbisogno>
    <Data>20170329</Data>
    <Mercato>MGP</Mercato>
    <Ora>13</Ora>
    <Italia>36118,853</Italia>
    <CNOR>3898,511</CNOR>
    <CSUD>5830,541</CSUD>
    <NORD>20762,416</NORD>
    <SARD>1006,969</SARD>
    <SICI>2063,281</SICI>
    <SUD>2557,135</SUD>
  </Fabbisogno>
  <Fabbisogno>
    <Data>20170329</Data>
    <Mercato>MGP</Mercato>
    <Ora>14</Ora>
    <Italia>35684,685</Italia>
    <CNOR>3735,896</CNOR>
    <CSUD>5597,652</CSUD>
    <NORD>20959,601</NORD>
    <SARD>963,628</SARD>
    <SICI>1986,791</SICI>
    <SUD>2441,117</SUD>
  </Fabbisogno>
  <Fabbisogno>
    <Data>20170329</Data>
    <Mercato>MGP</Mercato>
    <Ora>15</Ora>
    <Italia>36869,386</Italia>
    <CNOR>4019,879</CNOR>
    <CSUD>5695,95</CSUD>
    <NORD>21812,102</NORD>
    <SARD>946,661</SARD>
    <SICI>1989,789</SICI>
    <SUD>2405,005</SUD>
  </Fabbisogno>
  <Fabbisogno>
    <Data>20170329</Data>
    <Mercato>MGP</Mercato>
    <Ora>16</Ora>
    <Italia>37347,082</Italia>
    <CNOR>4066,039</CNOR>
    <CSUD>5741,507</CSUD>
    <NORD>22037,076</NORD>
    <SARD>966,612999999999</SARD>
    <SICI>2042,285</SICI>
    <SUD>2493,562</SUD>
  </Fabbisogno>
  <Fabbisogno>
    <Data>20170329</Data>
    <Mercato>MGP</Mercato>
    <Ora>17</Ora>
    <Italia>37818,613</Italia>
    <CNOR>4195,569</CNOR>
    <CSUD>5850,099</CSUD>
    <NORD>22013,941</NORD>
    <SARD>989,103</SARD>
    <SICI>2126,713</SICI>
    <SUD>2643,188</SUD>
  </Fabbisogno>
  <Fabbisogno>
    <Data>20170329</Data>
    <Mercato>MGP</Mercato>
    <Ora>18</Ora>
    <Italia>38218,618</Italia>
    <CNOR>4352,205</CNOR>
    <CSUD>6113,041</CSUD>
    <NORD>21578,653</NORD>
    <SARD>1046,705</SARD>
    <SICI>2220,583</SICI>
    <SUD>2907,431</SUD>
  </Fabbisogno>
  <Fabbisogno>
    <Data>20170329</Data>
    <Mercato>MGP</Mercato>
    <Ora>19</Ora>
    <Italia>40033,582</Italia>
    <CNOR>4552,325</CNOR>
    <CSUD>6668,813</CSUD>
    <NORD>21797,187</NORD>
    <SARD>1213,045</SARD>
    <SICI>2454,395</SICI>
    <SUD>3347,817</SUD>
  </Fabbisogno>
  <Fabbisogno>
    <Data>20170329</Data>
    <Mercato>MGP</Mercato>
    <Ora>20</Ora>
    <Italia>40979,668</Italia>
    <CNOR>4618,551</CNOR>
    <CSUD>7044,682</CSUD>
    <NORD>21902,479</NORD>
    <SARD>1259,935</SARD>
    <SICI>2597,324</SICI>
    <SUD>3556,697</SUD>
  </Fabbisogno>
  <Fabbisogno>
    <Data>20170329</Data>
    <Mercato>MGP</Mercato>
    <Ora>21</Ora>
    <Italia>40306,92</Italia>
    <CNOR>4560,155</CNOR>
    <CSUD>7057,194</CSUD>
    <NORD>21181,061</NORD>
    <SARD>1304,916</SARD>
    <SICI>2586,416</SICI>
    <SUD>3617,178</SUD>
  </Fabbisogno>
  <Fabbisogno>
    <Data>20170329</Data>
    <Mercato>MGP</Mercato>
    <Ora>22</Ora>
    <Italia>37335,602</Italia>
    <CNOR>4222,984</CNOR>
    <CSUD>6503,116</CSUD>
    <NORD>19730,262</NORD>
    <SARD>1154,492</SARD>
    <SICI>2408,613</SICI>
    <SUD>3316,135</SUD>
  </Fabbisogno>
  <Fabbisogno>
    <Data>20170329</Data>
    <Mercato>MGP</Mercato>
    <Ora>23</Ora>
    <Italia>33105,291</Italia>
    <CNOR>3749,07</CNOR>
    <CSUD>5745,958</CSUD>
    <NORD>17503,032</NORD>
    <SARD>1030,689</SARD>
    <SICI>2204,194</SICI>
    <SUD>2872,348</SUD>
  </Fabbisogno>
  <Fabbisogno>
    <Data>20170329</Data>
    <Mercato>MGP</Mercato>
    <Ora>24</Ora>
    <Italia>29617,514</Italia>
    <CNOR>3295,25</CNOR>
    <CSUD>5001,061</CSUD>
    <NORD>16031,487</NORD>
    <SARD>927,735</SARD>
    <SICI>1909,063</SICI>
    <SUD>2452,918</SUD>
  </Fabbisogno>
</NewDataSet>