<?xml version="1.0" standalone="yes"?>
<NewDataSet>
  <xs:schema id="NewDataSet" xmlns="" xmlns:xs="http://www.w3.org/2001/XMLSchema" xmlns:msdata="urn:schemas-microsoft-com:xml-msdata">
    <xs:element name="NewDataSet" msdata:IsDataSet="true" msdata:UseCurrentLocale="true">
      <xs:complexType>
        <xs:choice minOccurs="0" maxOccurs="unbounded">
          <xs:element name="Fabbisogno">
            <xs:complexType>
              <xs:sequence>
                <xs:element name="Data" type="xs:string" minOccurs="0" />
                <xs:element name="Mercato" type="xs:string" minOccurs="0" />
                <xs:element name="Ora" type="xs:string" minOccurs="0" />
                <xs:element name="Italia" type="xs:string" minOccurs="0" />
                <xs:element name="CNOR" type="xs:string" minOccurs="0" />
                <xs:element name="CSUD" type="xs:string" minOccurs="0" />
                <xs:element name="NORD" type="xs:string" minOccurs="0" />
                <xs:element name="SARD" type="xs:string" minOccurs="0" />
                <xs:element name="SICI" type="xs:string" minOccurs="0" />
                <xs:element name="SUD" type="xs:string" minOccurs="0" />
              </xs:sequence>
            </xs:complexType>
          </xs:element>
        </xs:choice>
      </xs:complexType>
    </xs:element>
  </xs:schema>
  <Fabbisogno>
    <Data>20170323</Data>
    <Mercato>MGP</Mercato>
    <Ora>1</Ora>
    <Italia>27333,598</Italia>
    <CNOR>3032,72</CNOR>
    <CSUD>4433,262</CSUD>
    <NORD>15076,554</NORD>
    <SARD>854,139</SARD>
    <SICI>1703,092</SICI>
    <SUD>2233,831</SUD>
  </Fabbisogno>
  <Fabbisogno>
    <Data>20170323</Data>
    <Mercato>MGP</Mercato>
    <Ora>2</Ora>
    <Italia>25824,592</Italia>
    <CNOR>2913,108</CNOR>
    <CSUD>4125,105</CSUD>
    <NORD>14332,114</NORD>
    <SARD>811,399</SARD>
    <SICI>1554,688</SICI>
    <SUD>2088,178</SUD>
  </Fabbisogno>
  <Fabbisogno>
    <Data>20170323</Data>
    <Mercato>MGP</Mercato>
    <Ora>3</Ora>
    <Italia>24988,549</Italia>
    <CNOR>2818,314</CNOR>
    <CSUD>3935,202</CSUD>
    <NORD>13961,336</NORD>
    <SARD>788,903</SARD>
    <SICI>1476,385</SICI>
    <SUD>2008,409</SUD>
  </Fabbisogno>
  <Fabbisogno>
    <Data>20170323</Data>
    <Mercato>MGP</Mercato>
    <Ora>4</Ora>
    <Italia>24748,133</Italia>
    <CNOR>2790,697</CNOR>
    <CSUD>3861,445</CSUD>
    <NORD>13872,264</NORD>
    <SARD>777,688</SARD>
    <SICI>1454,048</SICI>
    <SUD>1991,991</SUD>
  </Fabbisogno>
  <Fabbisogno>
    <Data>20170323</Data>
    <Mercato>MGP</Mercato>
    <Ora>5</Ora>
    <Italia>25153,222</Italia>
    <CNOR>2762,808</CNOR>
    <CSUD>3898,567</CSUD>
    <NORD>14261,809</NORD>
    <SARD>786,865</SARD>
    <SICI>1427,563</SICI>
    <SUD>2015,61</SUD>
  </Fabbisogno>
  <Fabbisogno>
    <Data>20170323</Data>
    <Mercato>MGP</Mercato>
    <Ora>6</Ora>
    <Italia>26639,31</Italia>
    <CNOR>2901,583</CNOR>
    <CSUD>4127,551</CSUD>
    <NORD>15211,372</NORD>
    <SARD>817,336</SARD>
    <SICI>1509,676</SICI>
    <SUD>2071,792</SUD>
  </Fabbisogno>
  <Fabbisogno>
    <Data>20170323</Data>
    <Mercato>MGP</Mercato>
    <Ora>7</Ora>
    <Italia>29612,923</Italia>
    <CNOR>3277,849</CNOR>
    <CSUD>4509,163</CSUD>
    <NORD>17217,507</NORD>
    <SARD>904,232999999999</SARD>
    <SICI>1596,723</SICI>
    <SUD>2107,448</SUD>
  </Fabbisogno>
  <Fabbisogno>
    <Data>20170323</Data>
    <Mercato>MGP</Mercato>
    <Ora>8</Ora>
    <Italia>34819,708</Italia>
    <CNOR>3861,072</CNOR>
    <CSUD>5326,232</CSUD>
    <NORD>20108,315</NORD>
    <SARD>1053,01</SARD>
    <SICI>1914,211</SICI>
    <SUD>2556,868</SUD>
  </Fabbisogno>
  <Fabbisogno>
    <Data>20170323</Data>
    <Mercato>MGP</Mercato>
    <Ora>9</Ora>
    <Italia>39298,331</Italia>
    <CNOR>4559,331</CNOR>
    <CSUD>6054,334</CSUD>
    <NORD>22615,401</NORD>
    <SARD>1151,035</SARD>
    <SICI>2105,758</SICI>
    <SUD>2812,472</SUD>
  </Fabbisogno>
  <Fabbisogno>
    <Data>20170323</Data>
    <Mercato>MGP</Mercato>
    <Ora>10</Ora>
    <Italia>39866,882</Italia>
    <CNOR>4543,377</CNOR>
    <CSUD>6162,058</CSUD>
    <NORD>23130,608</NORD>
    <SARD>1115,599</SARD>
    <SICI>2129,887</SICI>
    <SUD>2785,353</SUD>
  </Fabbisogno>
  <Fabbisogno>
    <Data>20170323</Data>
    <Mercato>MGP</Mercato>
    <Ora>11</Ora>
    <Italia>39167,699</Italia>
    <CNOR>4308,144</CNOR>
    <CSUD>5886,047</CSUD>
    <NORD>23208,516</NORD>
    <SARD>1051,112</SARD>
    <SICI>2062,081</SICI>
    <SUD>2651,799</SUD>
  </Fabbisogno>
  <Fabbisogno>
    <Data>20170323</Data>
    <Mercato>MGP</Mercato>
    <Ora>12</Ora>
    <Italia>38412,784</Italia>
    <CNOR>4222,954</CNOR>
    <CSUD>5886,422</CSUD>
    <NORD>22723,487</NORD>
    <SARD>1012,217</SARD>
    <SICI>1981,97</SICI>
    <SUD>2585,734</SUD>
  </Fabbisogno>
  <Fabbisogno>
    <Data>20170323</Data>
    <Mercato>MGP</Mercato>
    <Ora>13</Ora>
    <Italia>36332,811</Italia>
    <CNOR>3889,952</CNOR>
    <CSUD>5784,836</CSUD>
    <NORD>21142,897</NORD>
    <SARD>998,48</SARD>
    <SICI>1955,884</SICI>
    <SUD>2560,762</SUD>
  </Fabbisogno>
  <Fabbisogno>
    <Data>20170323</Data>
    <Mercato>MGP</Mercato>
    <Ora>14</Ora>
    <Italia>36049,445</Italia>
    <CNOR>3786,645</CNOR>
    <CSUD>5662,019</CSUD>
    <NORD>21237,906</NORD>
    <SARD>968,48</SARD>
    <SICI>1912,109</SICI>
    <SUD>2482,286</SUD>
  </Fabbisogno>
  <Fabbisogno>
    <Data>20170323</Data>
    <Mercato>MGP</Mercato>
    <Ora>15</Ora>
    <Italia>37096,422</Italia>
    <CNOR>3986,513</CNOR>
    <CSUD>5724,371</CSUD>
    <NORD>22038,775</NORD>
    <SARD>960,036</SARD>
    <SICI>1914,538</SICI>
    <SUD>2472,189</SUD>
  </Fabbisogno>
  <Fabbisogno>
    <Data>20170323</Data>
    <Mercato>MGP</Mercato>
    <Ora>16</Ora>
    <Italia>37927,631</Italia>
    <CNOR>4205,835</CNOR>
    <CSUD>5870,017</CSUD>
    <NORD>22326,497</NORD>
    <SARD>981,278</SARD>
    <SICI>1960,649</SICI>
    <SUD>2583,355</SUD>
  </Fabbisogno>
  <Fabbisogno>
    <Data>20170323</Data>
    <Mercato>MGP</Mercato>
    <Ora>17</Ora>
    <Italia>38155,908</Italia>
    <CNOR>4221,153</CNOR>
    <CSUD>5874,81</CSUD>
    <NORD>22262,183</NORD>
    <SARD>1005,416</SARD>
    <SICI>2045,276</SICI>
    <SUD>2747,07</SUD>
  </Fabbisogno>
  <Fabbisogno>
    <Data>20170323</Data>
    <Mercato>MGP</Mercato>
    <Ora>18</Ora>
    <Italia>39137,282</Italia>
    <CNOR>4561,211</CNOR>
    <CSUD>6275,602</CSUD>
    <NORD>21902,704</NORD>
    <SARD>1071,726</SARD>
    <SICI>2161,769</SICI>
    <SUD>3164,27</SUD>
  </Fabbisogno>
  <Fabbisogno>
    <Data>20170323</Data>
    <Mercato>MGP</Mercato>
    <Ora>19</Ora>
    <Italia>40866,979</Italia>
    <CNOR>4771,302</CNOR>
    <CSUD>6793,63</CSUD>
    <NORD>22173,817</NORD>
    <SARD>1253,199</SARD>
    <SICI>2337,07</SICI>
    <SUD>3537,961</SUD>
  </Fabbisogno>
  <Fabbisogno>
    <Data>20170323</Data>
    <Mercato>MGP</Mercato>
    <Ora>20</Ora>
    <Italia>41944,26</Italia>
    <CNOR>4838,428</CNOR>
    <CSUD>7189,654</CSUD>
    <NORD>22384,905</NORD>
    <SARD>1320,258</SARD>
    <SICI>2513,774</SICI>
    <SUD>3697,241</SUD>
  </Fabbisogno>
  <Fabbisogno>
    <Data>20170323</Data>
    <Mercato>MGP</Mercato>
    <Ora>21</Ora>
    <Italia>40204,201</Italia>
    <CNOR>4554,366</CNOR>
    <CSUD>7012,12</CSUD>
    <NORD>21175,933</NORD>
    <SARD>1309,148</SARD>
    <SICI>2525,281</SICI>
    <SUD>3627,353</SUD>
  </Fabbisogno>
  <Fabbisogno>
    <Data>20170323</Data>
    <Mercato>MGP</Mercato>
    <Ora>22</Ora>
    <Italia>37190,782</Italia>
    <CNOR>4150,225</CNOR>
    <CSUD>6432,303</CSUD>
    <NORD>19811,112</NORD>
    <SARD>1208,205</SARD>
    <SICI>2306,347</SICI>
    <SUD>3282,59</SUD>
  </Fabbisogno>
  <Fabbisogno>
    <Data>20170323</Data>
    <Mercato>MGP</Mercato>
    <Ora>23</Ora>
    <Italia>33006,929</Italia>
    <CNOR>3685,18</CNOR>
    <CSUD>5689,732</CSUD>
    <NORD>17630,454</NORD>
    <SARD>1087,325</SARD>
    <SICI>2110,152</SICI>
    <SUD>2804,086</SUD>
  </Fabbisogno>
  <Fabbisogno>
    <Data>20170323</Data>
    <Mercato>MGP</Mercato>
    <Ora>24</Ora>
    <Italia>29642,129</Italia>
    <CNOR>3280,353</CNOR>
    <CSUD>4985,147</CSUD>
    <NORD>16131,934</NORD>
    <SARD>943,347</SARD>
    <SICI>1851,368</SICI>
    <SUD>2449,98</SUD>
  </Fabbisogno>
</NewDataSet>