<?xml version="1.0" standalone="yes"?>
<NewDataSet>
  <xs:schema id="NewDataSet" xmlns="" xmlns:xs="http://www.w3.org/2001/XMLSchema" xmlns:msdata="urn:schemas-microsoft-com:xml-msdata">
    <xs:element name="NewDataSet" msdata:IsDataSet="true" msdata:UseCurrentLocale="true">
      <xs:complexType>
        <xs:choice minOccurs="0" maxOccurs="unbounded">
          <xs:element name="Prezzi">
            <xs:complexType>
              <xs:sequence>
                <xs:element name="Data" type="xs:string" minOccurs="0" />
                <xs:element name="Mercato" type="xs:string" minOccurs="0" />
                <xs:element name="Ora" type="xs:string" minOccurs="0" />
                <xs:element name="PUN" type="xs:string" minOccurs="0" />
                <xs:element name="NAT" type="xs:string" minOccurs="0" />
                <xs:element name="CNOR" type="xs:string" minOccurs="0" />
                <xs:element name="CSUD" type="xs:string" minOccurs="0" />
                <xs:element name="NORD" type="xs:string" minOccurs="0" />
                <xs:element name="SARD" type="xs:string" minOccurs="0" />
                <xs:element name="SICI" type="xs:string" minOccurs="0" />
                <xs:element name="SUD" type="xs:string" minOccurs="0" />
                <xs:element name="AUST" type="xs:string" minOccurs="0" />
                <xs:element name="BRNN" type="xs:string" minOccurs="0" />
                <xs:element name="COAC" type="xs:string" minOccurs="0" />
                <xs:element name="CORS" type="xs:string" minOccurs="0" />
                <xs:element name="FOGN" type="xs:string" minOccurs="0" />
                <xs:element name="FRAN" type="xs:string" minOccurs="0" />
                <xs:element name="GREC" type="xs:string" minOccurs="0" />
                <xs:element name="MFTV" type="xs:string" minOccurs="0" />
                <xs:element name="PRGP" type="xs:string" minOccurs="0" />
                <xs:element name="ROSN" type="xs:string" minOccurs="0" />
                <xs:element name="SLOV" type="xs:string" minOccurs="0" />
                <xs:element name="SVIZ" type="xs:string" minOccurs="0" />
                <xs:element name="BSP" type="xs:string" minOccurs="0" />
                <xs:element name="MALT" type="xs:string" minOccurs="0" />
                <xs:element name="XAUS" type="xs:string" minOccurs="0" />
                <xs:element name="XFRA" type="xs:string" minOccurs="0" />
              </xs:sequence>
            </xs:complexType>
          </xs:element>
        </xs:choice>
      </xs:complexType>
    </xs:element>
  </xs:schema>
  <Prezzi>
    <Data>20150608</Data>
    <Mercato>MGP</Mercato>
    <Ora>1</Ora>
    <PUN>47,247580</PUN>
    <NAT>47,190000</NAT>
    <CNOR>46,400000</CNOR>
    <CSUD>46,400000</CSUD>
    <NORD>46,400000</NORD>
    <SARD>46,400000</SARD>
    <SICI>61,050000</SICI>
    <SUD>46,400000</SUD>
    <AUST>46,400000</AUST>
    <BRNN>46,400000</BRNN>
    <COAC>46,400000</COAC>
    <CORS>46,400000</CORS>
    <FOGN>46,400000</FOGN>
    <FRAN>46,400000</FRAN>
    <GREC>46,400000</GREC>
    <MFTV>46,400000</MFTV>
    <PRGP>61,050000</PRGP>
    <ROSN>46,400000</ROSN>
    <SLOV>46,400000</SLOV>
    <SVIZ>46,400000</SVIZ>
    <BSP>46,400000</BSP>
    <MALT>61,050000</MALT>
    <XAUS>46,400000</XAUS>
    <XFRA>46,400000</XFRA>
  </Prezzi>
  <Prezzi>
    <Data>20150608</Data>
    <Mercato>MGP</Mercato>
    <Ora>2</Ora>
    <PUN>42,920000</PUN>
    <NAT>42,920000</NAT>
    <CNOR>41,831680</CNOR>
    <CSUD>41,831680</CSUD>
    <NORD>41,831680</NORD>
    <SARD>41,831680</SARD>
    <SICI>61,050000</SICI>
    <SUD>41,831680</SUD>
    <AUST>41,831680</AUST>
    <BRNN>41,831680</BRNN>
    <COAC>41,831680</COAC>
    <CORS>41,831680</CORS>
    <FOGN>41,831680</FOGN>
    <FRAN>41,831680</FRAN>
    <GREC>41,831680</GREC>
    <MFTV>41,831680</MFTV>
    <PRGP>61,050000</PRGP>
    <ROSN>41,831680</ROSN>
    <SLOV>41,831680</SLOV>
    <SVIZ>41,831680</SVIZ>
    <BSP>41,831680</BSP>
    <MALT>61,050000</MALT>
    <XAUS>41,831680</XAUS>
    <XFRA>41,831680</XFRA>
  </Prezzi>
  <Prezzi>
    <Data>20150608</Data>
    <Mercato>MGP</Mercato>
    <Ora>3</Ora>
    <PUN>41,983530</PUN>
    <NAT>41,010000</NAT>
    <CNOR>40,980000</CNOR>
    <CSUD>40,980000</CSUD>
    <NORD>40,980000</NORD>
    <SARD>40,980000</SARD>
    <SICI>61,050000</SICI>
    <SUD>40,980000</SUD>
    <AUST>40,980000</AUST>
    <BRNN>40,980000</BRNN>
    <COAC>40,980000</COAC>
    <CORS>40,980000</CORS>
    <FOGN>40,980000</FOGN>
    <FRAN>40,980000</FRAN>
    <GREC>40,980000</GREC>
    <MFTV>40,980000</MFTV>
    <PRGP>61,050000</PRGP>
    <ROSN>40,980000</ROSN>
    <SLOV>40,980000</SLOV>
    <SVIZ>40,980000</SVIZ>
    <BSP>40,980000</BSP>
    <MALT>61,050000</MALT>
    <XAUS>40,980000</XAUS>
    <XFRA>40,980000</XFRA>
  </Prezzi>
  <Prezzi>
    <Data>20150608</Data>
    <Mercato>MGP</Mercato>
    <Ora>4</Ora>
    <PUN>39,760000</PUN>
    <NAT>39,800000</NAT>
    <CNOR>38,474450</CNOR>
    <CSUD>38,474450</CSUD>
    <NORD>38,474450</NORD>
    <SARD>38,474450</SARD>
    <SICI>61,050000</SICI>
    <SUD>38,474450</SUD>
    <AUST>38,474450</AUST>
    <BRNN>38,474450</BRNN>
    <COAC>38,474450</COAC>
    <CORS>38,474450</CORS>
    <FOGN>38,474450</FOGN>
    <FRAN>38,474450</FRAN>
    <GREC>38,474450</GREC>
    <MFTV>38,474450</MFTV>
    <PRGP>61,050000</PRGP>
    <ROSN>38,474450</ROSN>
    <SLOV>38,474450</SLOV>
    <SVIZ>38,474450</SVIZ>
    <BSP>38,474450</BSP>
    <MALT>61,050000</MALT>
    <XAUS>38,474450</XAUS>
    <XFRA>38,474450</XFRA>
  </Prezzi>
  <Prezzi>
    <Data>20150608</Data>
    <Mercato>MGP</Mercato>
    <Ora>5</Ora>
    <PUN>40,510000</PUN>
    <NAT>40,510000</NAT>
    <CNOR>39,338900</CNOR>
    <CSUD>39,338900</CSUD>
    <NORD>39,338900</NORD>
    <SARD>39,338900</SARD>
    <SICI>61,050000</SICI>
    <SUD>39,338900</SUD>
    <AUST>39,338900</AUST>
    <BRNN>39,338900</BRNN>
    <COAC>39,338900</COAC>
    <CORS>39,338900</CORS>
    <FOGN>39,338900</FOGN>
    <FRAN>39,338900</FRAN>
    <GREC>39,338900</GREC>
    <MFTV>39,338900</MFTV>
    <PRGP>61,050000</PRGP>
    <ROSN>39,338900</ROSN>
    <SLOV>39,338900</SLOV>
    <SVIZ>39,338900</SVIZ>
    <BSP>39,338900</BSP>
    <MALT>61,050000</MALT>
    <XAUS>39,338900</XAUS>
    <XFRA>39,338900</XFRA>
  </Prezzi>
  <Prezzi>
    <Data>20150608</Data>
    <Mercato>MGP</Mercato>
    <Ora>6</Ora>
    <PUN>41,020000</PUN>
    <NAT>41,020000</NAT>
    <CNOR>40,016900</CNOR>
    <CSUD>40,016900</CSUD>
    <NORD>40,016900</NORD>
    <SARD>40,016900</SARD>
    <SICI>61,050000</SICI>
    <SUD>40,016900</SUD>
    <AUST>40,016900</AUST>
    <BRNN>40,016900</BRNN>
    <COAC>40,016900</COAC>
    <CORS>40,016900</CORS>
    <FOGN>40,016900</FOGN>
    <FRAN>40,016900</FRAN>
    <GREC>40,016900</GREC>
    <MFTV>40,016900</MFTV>
    <PRGP>61,050000</PRGP>
    <ROSN>40,016900</ROSN>
    <SLOV>40,016900</SLOV>
    <SVIZ>40,016900</SVIZ>
    <BSP>40,016900</BSP>
    <MALT>61,050000</MALT>
    <XAUS>40,016900</XAUS>
    <XFRA>40,016900</XFRA>
  </Prezzi>
  <Prezzi>
    <Data>20150608</Data>
    <Mercato>MGP</Mercato>
    <Ora>7</Ora>
    <PUN>46,617690</PUN>
    <NAT>46,400000</NAT>
    <CNOR>45,950000</CNOR>
    <CSUD>45,950000</CSUD>
    <NORD>45,950000</NORD>
    <SARD>45,950000</SARD>
    <SICI>60,400000</SICI>
    <SUD>45,950000</SUD>
    <AUST>45,950000</AUST>
    <BRNN>45,950000</BRNN>
    <COAC>45,950000</COAC>
    <CORS>45,950000</CORS>
    <FOGN>45,950000</FOGN>
    <FRAN>45,950000</FRAN>
    <GREC>45,950000</GREC>
    <MFTV>45,950000</MFTV>
    <PRGP>60,400000</PRGP>
    <ROSN>45,950000</ROSN>
    <SLOV>45,950000</SLOV>
    <SVIZ>45,950000</SVIZ>
    <BSP>45,950000</BSP>
    <MALT>60,400000</MALT>
    <XAUS>45,950000</XAUS>
    <XFRA>45,950000</XFRA>
  </Prezzi>
  <Prezzi>
    <Data>20150608</Data>
    <Mercato>MGP</Mercato>
    <Ora>8</Ora>
    <PUN>52,163760</PUN>
    <NAT>53,230000</NAT>
    <CNOR>51,740000</CNOR>
    <CSUD>51,740000</CSUD>
    <NORD>51,740000</NORD>
    <SARD>51,740000</SARD>
    <SICI>61,050000</SICI>
    <SUD>51,740000</SUD>
    <AUST>51,740000</AUST>
    <BRNN>51,740000</BRNN>
    <COAC>51,740000</COAC>
    <CORS>51,740000</CORS>
    <FOGN>51,740000</FOGN>
    <FRAN>51,740000</FRAN>
    <GREC>51,740000</GREC>
    <MFTV>51,740000</MFTV>
    <PRGP>61,050000</PRGP>
    <ROSN>51,740000</ROSN>
    <SLOV>51,740000</SLOV>
    <SVIZ>51,740000</SVIZ>
    <BSP>51,740000</BSP>
    <MALT>61,050000</MALT>
    <XAUS>51,740000</XAUS>
    <XFRA>51,740000</XFRA>
  </Prezzi>
  <Prezzi>
    <Data>20150608</Data>
    <Mercato>MGP</Mercato>
    <Ora>9</Ora>
    <PUN>60,638220</PUN>
    <NAT>61,050000</NAT>
    <CNOR>60,610000</CNOR>
    <CSUD>60,610000</CSUD>
    <NORD>60,610000</NORD>
    <SARD>60,610000</SARD>
    <SICI>61,250000</SICI>
    <SUD>60,610000</SUD>
    <AUST>60,610000</AUST>
    <BRNN>60,610000</BRNN>
    <COAC>60,610000</COAC>
    <CORS>60,610000</CORS>
    <FOGN>60,610000</FOGN>
    <FRAN>60,610000</FRAN>
    <GREC>60,610000</GREC>
    <MFTV>60,610000</MFTV>
    <PRGP>61,250000</PRGP>
    <ROSN>60,610000</ROSN>
    <SLOV>60,610000</SLOV>
    <SVIZ>60,610000</SVIZ>
    <BSP>60,610000</BSP>
    <MALT>61,250000</MALT>
    <XAUS>60,610000</XAUS>
    <XFRA>60,610000</XFRA>
  </Prezzi>
  <Prezzi>
    <Data>20150608</Data>
    <Mercato>MGP</Mercato>
    <Ora>10</Ora>
    <PUN>57,520130</PUN>
    <NAT>60,990000</NAT>
    <CNOR>57,340000</CNOR>
    <CSUD>57,340000</CSUD>
    <NORD>57,340000</NORD>
    <SARD>57,340000</SARD>
    <SICI>61,250000</SICI>
    <SUD>57,340000</SUD>
    <AUST>57,340000</AUST>
    <BRNN>57,340000</BRNN>
    <COAC>57,340000</COAC>
    <CORS>57,340000</CORS>
    <FOGN>57,340000</FOGN>
    <FRAN>57,340000</FRAN>
    <GREC>57,340000</GREC>
    <MFTV>57,340000</MFTV>
    <PRGP>61,250000</PRGP>
    <ROSN>57,340000</ROSN>
    <SLOV>57,340000</SLOV>
    <SVIZ>57,340000</SVIZ>
    <BSP>57,340000</BSP>
    <MALT>61,250000</MALT>
    <XAUS>57,340000</XAUS>
    <XFRA>57,340000</XFRA>
  </Prezzi>
  <Prezzi>
    <Data>20150608</Data>
    <Mercato>MGP</Mercato>
    <Ora>11</Ora>
    <PUN>54,429030</PUN>
    <NAT>57,870000</NAT>
    <CNOR>54,000000</CNOR>
    <CSUD>54,000000</CSUD>
    <NORD>54,190000</NORD>
    <SARD>54,000000</SARD>
    <SICI>61,250000</SICI>
    <SUD>54,000000</SUD>
    <AUST>54,190000</AUST>
    <BRNN>54,000000</BRNN>
    <COAC>54,000000</COAC>
    <CORS>54,000000</CORS>
    <FOGN>54,000000</FOGN>
    <FRAN>54,190000</FRAN>
    <GREC>54,000000</GREC>
    <MFTV>54,190000</MFTV>
    <PRGP>61,250000</PRGP>
    <ROSN>54,000000</ROSN>
    <SLOV>54,190000</SLOV>
    <SVIZ>54,190000</SVIZ>
    <BSP>54,190000</BSP>
    <MALT>61,250000</MALT>
    <XAUS>54,190000</XAUS>
    <XFRA>54,190000</XFRA>
  </Prezzi>
  <Prezzi>
    <Data>20150608</Data>
    <Mercato>MGP</Mercato>
    <Ora>12</Ora>
    <PUN>54,770000</PUN>
    <NAT>58,400000</NAT>
    <CNOR>54,461730</CNOR>
    <CSUD>54,461730</CSUD>
    <NORD>54,461730</NORD>
    <SARD>54,461730</SARD>
    <SICI>61,250000</SICI>
    <SUD>54,461730</SUD>
    <AUST>54,461730</AUST>
    <BRNN>54,461730</BRNN>
    <COAC>54,461730</COAC>
    <CORS>54,461730</CORS>
    <FOGN>54,461730</FOGN>
    <FRAN>54,461730</FRAN>
    <GREC>54,461730</GREC>
    <MFTV>54,461730</MFTV>
    <PRGP>61,250000</PRGP>
    <ROSN>54,461730</ROSN>
    <SLOV>54,461730</SLOV>
    <SVIZ>54,461730</SVIZ>
    <BSP>54,461730</BSP>
    <MALT>61,250000</MALT>
    <XAUS>54,461730</XAUS>
    <XFRA>54,461730</XFRA>
  </Prezzi>
  <Prezzi>
    <Data>20150608</Data>
    <Mercato>MGP</Mercato>
    <Ora>13</Ora>
    <PUN>50,158380</PUN>
    <NAT>51,910000</NAT>
    <CNOR>47,390000</CNOR>
    <CSUD>47,390000</CSUD>
    <NORD>51,000000</NORD>
    <SARD>47,390000</SARD>
    <SICI>61,250000</SICI>
    <SUD>47,390000</SUD>
    <AUST>51,000000</AUST>
    <BRNN>47,390000</BRNN>
    <COAC>47,390000</COAC>
    <CORS>47,390000</CORS>
    <FOGN>47,390000</FOGN>
    <FRAN>51,000000</FRAN>
    <GREC>47,390000</GREC>
    <MFTV>51,000000</MFTV>
    <PRGP>61,250000</PRGP>
    <ROSN>47,390000</ROSN>
    <SLOV>51,000000</SLOV>
    <SVIZ>51,000000</SVIZ>
    <BSP>51,000000</BSP>
    <MALT>61,250000</MALT>
    <XAUS>51,000000</XAUS>
    <XFRA>51,000000</XFRA>
  </Prezzi>
  <Prezzi>
    <Data>20150608</Data>
    <Mercato>MGP</Mercato>
    <Ora>14</Ora>
    <PUN>49,110000</PUN>
    <NAT>50,010000</NAT>
    <CNOR>44,900000</CNOR>
    <CSUD>44,900000</CSUD>
    <NORD>50,652290</NORD>
    <SARD>44,900000</SARD>
    <SICI>61,250000</SICI>
    <SUD>44,900000</SUD>
    <AUST>50,652290</AUST>
    <BRNN>44,900000</BRNN>
    <COAC>44,900000</COAC>
    <CORS>44,900000</CORS>
    <FOGN>44,900000</FOGN>
    <FRAN>50,652290</FRAN>
    <GREC>44,900000</GREC>
    <MFTV>50,652290</MFTV>
    <PRGP>61,250000</PRGP>
    <ROSN>44,900000</ROSN>
    <SLOV>50,652290</SLOV>
    <SVIZ>50,652290</SVIZ>
    <BSP>50,652290</BSP>
    <MALT>61,250000</MALT>
    <XAUS>50,652290</XAUS>
    <XFRA>50,652290</XFRA>
  </Prezzi>
  <Prezzi>
    <Data>20150608</Data>
    <Mercato>MGP</Mercato>
    <Ora>15</Ora>
    <PUN>52,875270</PUN>
    <NAT>53,640000</NAT>
    <CNOR>51,810000</CNOR>
    <CSUD>51,810000</CSUD>
    <NORD>52,910000</NORD>
    <SARD>51,810000</SARD>
    <SICI>61,250000</SICI>
    <SUD>51,810000</SUD>
    <AUST>52,910000</AUST>
    <BRNN>51,810000</BRNN>
    <COAC>51,810000</COAC>
    <CORS>51,810000</CORS>
    <FOGN>51,810000</FOGN>
    <FRAN>52,910000</FRAN>
    <GREC>51,810000</GREC>
    <MFTV>52,910000</MFTV>
    <PRGP>61,250000</PRGP>
    <ROSN>51,810000</ROSN>
    <SLOV>52,910000</SLOV>
    <SVIZ>52,910000</SVIZ>
    <BSP>52,910000</BSP>
    <MALT>61,250000</MALT>
    <XAUS>52,910000</XAUS>
    <XFRA>52,910000</XFRA>
  </Prezzi>
  <Prezzi>
    <Data>20150608</Data>
    <Mercato>MGP</Mercato>
    <Ora>16</Ora>
    <PUN>56,891270</PUN>
    <NAT>58,410000</NAT>
    <CNOR>53,630000</CNOR>
    <CSUD>53,630000</CSUD>
    <NORD>58,410000</NORD>
    <SARD>53,630000</SARD>
    <SICI>61,250000</SICI>
    <SUD>53,630000</SUD>
    <AUST>58,410000</AUST>
    <BRNN>53,630000</BRNN>
    <COAC>53,630000</COAC>
    <CORS>53,630000</CORS>
    <FOGN>53,630000</FOGN>
    <FRAN>58,410000</FRAN>
    <GREC>53,630000</GREC>
    <MFTV>58,410000</MFTV>
    <PRGP>61,250000</PRGP>
    <ROSN>53,630000</ROSN>
    <SLOV>58,410000</SLOV>
    <SVIZ>58,410000</SVIZ>
    <BSP>58,410000</BSP>
    <MALT>61,250000</MALT>
    <XAUS>58,410000</XAUS>
    <XFRA>58,410000</XFRA>
  </Prezzi>
  <Prezzi>
    <Data>20150608</Data>
    <Mercato>MGP</Mercato>
    <Ora>17</Ora>
    <PUN>61,001030</PUN>
    <NAT>61,050000</NAT>
    <CNOR>60,990000</CNOR>
    <CSUD>60,990000</CSUD>
    <NORD>60,990000</NORD>
    <SARD>60,990000</SARD>
    <SICI>61,250000</SICI>
    <SUD>60,990000</SUD>
    <AUST>60,990000</AUST>
    <BRNN>60,990000</BRNN>
    <COAC>60,990000</COAC>
    <CORS>60,990000</CORS>
    <FOGN>60,990000</FOGN>
    <FRAN>60,990000</FRAN>
    <GREC>60,990000</GREC>
    <MFTV>60,990000</MFTV>
    <PRGP>61,250000</PRGP>
    <ROSN>60,990000</ROSN>
    <SLOV>60,990000</SLOV>
    <SVIZ>60,990000</SVIZ>
    <BSP>60,990000</BSP>
    <MALT>61,250000</MALT>
    <XAUS>60,990000</XAUS>
    <XFRA>60,990000</XFRA>
  </Prezzi>
  <Prezzi>
    <Data>20150608</Data>
    <Mercato>MGP</Mercato>
    <Ora>18</Ora>
    <PUN>57,187660</PUN>
    <NAT>57,940000</NAT>
    <CNOR>57,000000</CNOR>
    <CSUD>57,000000</CSUD>
    <NORD>57,000000</NORD>
    <SARD>57,000000</SARD>
    <SICI>61,250000</SICI>
    <SUD>57,000000</SUD>
    <AUST>57,000000</AUST>
    <BRNN>57,000000</BRNN>
    <COAC>57,000000</COAC>
    <CORS>57,000000</CORS>
    <FOGN>57,000000</FOGN>
    <FRAN>57,000000</FRAN>
    <GREC>57,000000</GREC>
    <MFTV>57,000000</MFTV>
    <PRGP>61,250000</PRGP>
    <ROSN>57,000000</ROSN>
    <SLOV>57,000000</SLOV>
    <SVIZ>57,000000</SVIZ>
    <BSP>57,000000</BSP>
    <MALT>61,250000</MALT>
    <XAUS>57,000000</XAUS>
    <XFRA>57,000000</XFRA>
  </Prezzi>
  <Prezzi>
    <Data>20150608</Data>
    <Mercato>MGP</Mercato>
    <Ora>19</Ora>
    <PUN>57,613110</PUN>
    <NAT>57,990000</NAT>
    <CNOR>57,340000</CNOR>
    <CSUD>57,340000</CSUD>
    <NORD>57,340000</NORD>
    <SARD>57,340000</SARD>
    <SICI>63,000000</SICI>
    <SUD>57,340000</SUD>
    <AUST>57,340000</AUST>
    <BRNN>57,340000</BRNN>
    <COAC>57,340000</COAC>
    <CORS>57,340000</CORS>
    <FOGN>57,340000</FOGN>
    <FRAN>57,340000</FRAN>
    <GREC>57,340000</GREC>
    <MFTV>57,340000</MFTV>
    <PRGP>63,000000</PRGP>
    <ROSN>57,340000</ROSN>
    <SLOV>57,340000</SLOV>
    <SVIZ>57,340000</SVIZ>
    <BSP>57,340000</BSP>
    <MALT>63,000000</MALT>
    <XAUS>57,340000</XAUS>
    <XFRA>57,340000</XFRA>
  </Prezzi>
  <Prezzi>
    <Data>20150608</Data>
    <Mercato>MGP</Mercato>
    <Ora>20</Ora>
    <PUN>58,193480</PUN>
    <NAT>61,050000</NAT>
    <CNOR>57,940000</CNOR>
    <CSUD>57,940000</CSUD>
    <NORD>57,940000</NORD>
    <SARD>57,940000</SARD>
    <SICI>63,000000</SICI>
    <SUD>57,940000</SUD>
    <AUST>57,940000</AUST>
    <BRNN>57,940000</BRNN>
    <COAC>57,940000</COAC>
    <CORS>57,940000</CORS>
    <FOGN>57,940000</FOGN>
    <FRAN>57,940000</FRAN>
    <GREC>57,940000</GREC>
    <MFTV>57,940000</MFTV>
    <PRGP>63,000000</PRGP>
    <ROSN>57,940000</ROSN>
    <SLOV>57,940000</SLOV>
    <SVIZ>57,940000</SVIZ>
    <BSP>57,940000</BSP>
    <MALT>63,000000</MALT>
    <XAUS>57,940000</XAUS>
    <XFRA>57,940000</XFRA>
  </Prezzi>
  <Prezzi>
    <Data>20150608</Data>
    <Mercato>MGP</Mercato>
    <Ora>21</Ora>
    <PUN>61,947420</PUN>
    <NAT>63,000000</NAT>
    <CNOR>63,000000</CNOR>
    <CSUD>63,000000</CSUD>
    <NORD>60,990000</NORD>
    <SARD>63,000000</SARD>
    <SICI>63,000000</SICI>
    <SUD>63,000000</SUD>
    <AUST>60,990000</AUST>
    <BRNN>63,000000</BRNN>
    <COAC>63,000000</COAC>
    <CORS>63,000000</CORS>
    <FOGN>63,000000</FOGN>
    <FRAN>60,990000</FRAN>
    <GREC>63,000000</GREC>
    <MFTV>60,990000</MFTV>
    <PRGP>63,000000</PRGP>
    <ROSN>63,000000</ROSN>
    <SLOV>60,990000</SLOV>
    <SVIZ>60,990000</SVIZ>
    <BSP>60,990000</BSP>
    <MALT>63,000000</MALT>
    <XAUS>60,990000</XAUS>
    <XFRA>60,990000</XFRA>
  </Prezzi>
  <Prezzi>
    <Data>20150608</Data>
    <Mercato>MGP</Mercato>
    <Ora>22</Ora>
    <PUN>65,700000</PUN>
    <NAT>65,700000</NAT>
    <CNOR>65,744100</CNOR>
    <CSUD>65,744100</CSUD>
    <NORD>65,660000</NORD>
    <SARD>65,744100</SARD>
    <SICI>65,744100</SICI>
    <SUD>65,744100</SUD>
    <AUST>65,660000</AUST>
    <BRNN>65,744100</BRNN>
    <COAC>65,744100</COAC>
    <CORS>65,744100</CORS>
    <FOGN>65,744100</FOGN>
    <FRAN>65,660000</FRAN>
    <GREC>65,744100</GREC>
    <MFTV>65,660000</MFTV>
    <PRGP>65,744100</PRGP>
    <ROSN>65,744100</ROSN>
    <SLOV>65,660000</SLOV>
    <SVIZ>65,660000</SVIZ>
    <BSP>65,660000</BSP>
    <MALT>65,744100</MALT>
    <XAUS>65,660000</XAUS>
    <XFRA>65,660000</XFRA>
  </Prezzi>
  <Prezzi>
    <Data>20150608</Data>
    <Mercato>MGP</Mercato>
    <Ora>23</Ora>
    <PUN>57,543030</PUN>
    <NAT>60,400000</NAT>
    <CNOR>57,240000</CNOR>
    <CSUD>57,240000</CSUD>
    <NORD>57,240000</NORD>
    <SARD>57,240000</SARD>
    <SICI>63,000000</SICI>
    <SUD>57,240000</SUD>
    <AUST>57,240000</AUST>
    <BRNN>57,240000</BRNN>
    <COAC>57,240000</COAC>
    <CORS>57,240000</CORS>
    <FOGN>57,240000</FOGN>
    <FRAN>57,240000</FRAN>
    <GREC>57,240000</GREC>
    <MFTV>57,240000</MFTV>
    <PRGP>63,000000</PRGP>
    <ROSN>57,240000</ROSN>
    <SLOV>57,240000</SLOV>
    <SVIZ>57,240000</SVIZ>
    <BSP>57,240000</BSP>
    <MALT>63,000000</MALT>
    <XAUS>57,240000</XAUS>
    <XFRA>57,240000</XFRA>
  </Prezzi>
  <Prezzi>
    <Data>20150608</Data>
    <Mercato>MGP</Mercato>
    <Ora>24</Ora>
    <PUN>52,237350</PUN>
    <NAT>53,870000</NAT>
    <CNOR>51,740000</CNOR>
    <CSUD>51,740000</CSUD>
    <NORD>51,740000</NORD>
    <SARD>51,740000</SARD>
    <SICI>61,250000</SICI>
    <SUD>51,740000</SUD>
    <AUST>51,740000</AUST>
    <BRNN>51,740000</BRNN>
    <COAC>51,740000</COAC>
    <CORS>51,740000</CORS>
    <FOGN>51,740000</FOGN>
    <FRAN>51,740000</FRAN>
    <GREC>51,740000</GREC>
    <MFTV>51,740000</MFTV>
    <PRGP>61,250000</PRGP>
    <ROSN>51,740000</ROSN>
    <SLOV>51,740000</SLOV>
    <SVIZ>51,740000</SVIZ>
    <BSP>51,740000</BSP>
    <MALT>61,250000</MALT>
    <XAUS>51,740000</XAUS>
    <XFRA>51,740000</XFRA>
  </Prezzi>
</NewDataSet>