<?xml version="1.0" standalone="yes"?>
<NewDataSet>
  <xs:schema id="NewDataSet" xmlns="" xmlns:xs="http://www.w3.org/2001/XMLSchema" xmlns:msdata="urn:schemas-microsoft-com:xml-msdata">
    <xs:element name="NewDataSet" msdata:IsDataSet="true" msdata:UseCurrentLocale="true">
      <xs:complexType>
        <xs:choice minOccurs="0" maxOccurs="unbounded">
          <xs:element name="Prezzi">
            <xs:complexType>
              <xs:sequence>
                <xs:element name="Data" type="xs:string" minOccurs="0" />
                <xs:element name="Mercato" type="xs:string" minOccurs="0" />
                <xs:element name="Ora" type="xs:string" minOccurs="0" />
                <xs:element name="PUN" type="xs:string" minOccurs="0" />
                <xs:element name="NAT" type="xs:string" minOccurs="0" />
                <xs:element name="CNOR" type="xs:string" minOccurs="0" />
                <xs:element name="CSUD" type="xs:string" minOccurs="0" />
                <xs:element name="NORD" type="xs:string" minOccurs="0" />
                <xs:element name="SARD" type="xs:string" minOccurs="0" />
                <xs:element name="SICI" type="xs:string" minOccurs="0" />
                <xs:element name="SUD" type="xs:string" minOccurs="0" />
                <xs:element name="AUST" type="xs:string" minOccurs="0" />
                <xs:element name="BRNN" type="xs:string" minOccurs="0" />
                <xs:element name="COAC" type="xs:string" minOccurs="0" />
                <xs:element name="CORS" type="xs:string" minOccurs="0" />
                <xs:element name="FOGN" type="xs:string" minOccurs="0" />
                <xs:element name="FRAN" type="xs:string" minOccurs="0" />
                <xs:element name="GREC" type="xs:string" minOccurs="0" />
                <xs:element name="MFTV" type="xs:string" minOccurs="0" />
                <xs:element name="PRGP" type="xs:string" minOccurs="0" />
                <xs:element name="ROSN" type="xs:string" minOccurs="0" />
                <xs:element name="SLOV" type="xs:string" minOccurs="0" />
                <xs:element name="SVIZ" type="xs:string" minOccurs="0" />
                <xs:element name="BSP" type="xs:string" minOccurs="0" />
                <xs:element name="MALT" type="xs:string" minOccurs="0" />
                <xs:element name="XAUS" type="xs:string" minOccurs="0" />
                <xs:element name="XFRA" type="xs:string" minOccurs="0" />
              </xs:sequence>
            </xs:complexType>
          </xs:element>
        </xs:choice>
      </xs:complexType>
    </xs:element>
  </xs:schema>
  <Prezzi>
    <Data>20150605</Data>
    <Mercato>MGP</Mercato>
    <Ora>1</Ora>
    <PUN>51,123580</PUN>
    <NAT>50,730000</NAT>
    <CNOR>50,620000</CNOR>
    <CSUD>50,620000</CSUD>
    <NORD>50,620000</NORD>
    <SARD>50,620000</SARD>
    <SICI>61,080000</SICI>
    <SUD>50,620000</SUD>
    <AUST>50,620000</AUST>
    <BRNN>50,620000</BRNN>
    <COAC>50,620000</COAC>
    <CORS>50,620000</CORS>
    <FOGN>50,620000</FOGN>
    <FRAN>50,620000</FRAN>
    <GREC>50,620000</GREC>
    <MFTV>50,620000</MFTV>
    <PRGP>61,080000</PRGP>
    <ROSN>50,620000</ROSN>
    <SLOV>50,620000</SLOV>
    <SVIZ>50,620000</SVIZ>
    <BSP>50,620000</BSP>
    <MALT>61,080000</MALT>
    <XAUS>50,620000</XAUS>
    <XFRA>50,620000</XFRA>
  </Prezzi>
  <Prezzi>
    <Data>20150605</Data>
    <Mercato>MGP</Mercato>
    <Ora>2</Ora>
    <PUN>44,520000</PUN>
    <NAT>44,520000</NAT>
    <CNOR>44,520000</CNOR>
    <CSUD>44,520000</CSUD>
    <NORD>44,520000</NORD>
    <SARD>44,520000</SARD>
    <SICI>44,520000</SICI>
    <SUD>44,520000</SUD>
    <AUST>44,520000</AUST>
    <BRNN>44,520000</BRNN>
    <COAC>44,520000</COAC>
    <CORS>44,520000</CORS>
    <FOGN>44,520000</FOGN>
    <FRAN>44,520000</FRAN>
    <GREC>44,520000</GREC>
    <MFTV>44,520000</MFTV>
    <PRGP>44,520000</PRGP>
    <ROSN>44,520000</ROSN>
    <SLOV>44,520000</SLOV>
    <SVIZ>44,520000</SVIZ>
    <BSP>44,520000</BSP>
    <MALT>44,520000</MALT>
    <XAUS>44,520000</XAUS>
    <XFRA>44,520000</XFRA>
  </Prezzi>
  <Prezzi>
    <Data>20150605</Data>
    <Mercato>MGP</Mercato>
    <Ora>3</Ora>
    <PUN>43,240000</PUN>
    <NAT>43,240000</NAT>
    <CNOR>43,240000</CNOR>
    <CSUD>43,240000</CSUD>
    <NORD>43,240000</NORD>
    <SARD>43,240000</SARD>
    <SICI>43,240000</SICI>
    <SUD>43,240000</SUD>
    <AUST>43,240000</AUST>
    <BRNN>43,240000</BRNN>
    <COAC>43,240000</COAC>
    <CORS>43,240000</CORS>
    <FOGN>43,240000</FOGN>
    <FRAN>43,240000</FRAN>
    <GREC>43,240000</GREC>
    <MFTV>43,240000</MFTV>
    <PRGP>43,240000</PRGP>
    <ROSN>43,240000</ROSN>
    <SLOV>43,240000</SLOV>
    <SVIZ>43,240000</SVIZ>
    <BSP>43,240000</BSP>
    <MALT>43,240000</MALT>
    <XAUS>43,240000</XAUS>
    <XFRA>43,240000</XFRA>
  </Prezzi>
  <Prezzi>
    <Data>20150605</Data>
    <Mercato>MGP</Mercato>
    <Ora>4</Ora>
    <PUN>42,080000</PUN>
    <NAT>42,080000</NAT>
    <CNOR>42,080000</CNOR>
    <CSUD>42,080000</CSUD>
    <NORD>42,080000</NORD>
    <SARD>42,080000</SARD>
    <SICI>42,080000</SICI>
    <SUD>42,080000</SUD>
    <AUST>42,080000</AUST>
    <BRNN>42,080000</BRNN>
    <COAC>42,080000</COAC>
    <CORS>42,080000</CORS>
    <FOGN>42,080000</FOGN>
    <FRAN>42,080000</FRAN>
    <GREC>42,080000</GREC>
    <MFTV>42,080000</MFTV>
    <PRGP>42,080000</PRGP>
    <ROSN>42,080000</ROSN>
    <SLOV>42,080000</SLOV>
    <SVIZ>42,080000</SVIZ>
    <BSP>42,080000</BSP>
    <MALT>42,080000</MALT>
    <XAUS>42,080000</XAUS>
    <XFRA>42,080000</XFRA>
  </Prezzi>
  <Prezzi>
    <Data>20150605</Data>
    <Mercato>MGP</Mercato>
    <Ora>5</Ora>
    <PUN>42,740000</PUN>
    <NAT>42,740000</NAT>
    <CNOR>42,740000</CNOR>
    <CSUD>42,740000</CSUD>
    <NORD>42,740000</NORD>
    <SARD>42,740000</SARD>
    <SICI>42,740000</SICI>
    <SUD>42,740000</SUD>
    <AUST>42,740000</AUST>
    <BRNN>42,740000</BRNN>
    <COAC>42,740000</COAC>
    <CORS>42,740000</CORS>
    <FOGN>42,740000</FOGN>
    <FRAN>42,740000</FRAN>
    <GREC>42,740000</GREC>
    <MFTV>42,740000</MFTV>
    <PRGP>42,740000</PRGP>
    <ROSN>42,740000</ROSN>
    <SLOV>42,740000</SLOV>
    <SVIZ>42,740000</SVIZ>
    <BSP>42,740000</BSP>
    <MALT>42,740000</MALT>
    <XAUS>42,740000</XAUS>
    <XFRA>42,740000</XFRA>
  </Prezzi>
  <Prezzi>
    <Data>20150605</Data>
    <Mercato>MGP</Mercato>
    <Ora>6</Ora>
    <PUN>42,580000</PUN>
    <NAT>42,580000</NAT>
    <CNOR>42,580000</CNOR>
    <CSUD>42,580000</CSUD>
    <NORD>42,580000</NORD>
    <SARD>42,580000</SARD>
    <SICI>42,580000</SICI>
    <SUD>42,580000</SUD>
    <AUST>42,580000</AUST>
    <BRNN>42,580000</BRNN>
    <COAC>42,580000</COAC>
    <CORS>42,580000</CORS>
    <FOGN>42,580000</FOGN>
    <FRAN>42,580000</FRAN>
    <GREC>42,580000</GREC>
    <MFTV>42,580000</MFTV>
    <PRGP>42,580000</PRGP>
    <ROSN>42,580000</ROSN>
    <SLOV>42,580000</SLOV>
    <SVIZ>42,580000</SVIZ>
    <BSP>42,580000</BSP>
    <MALT>42,580000</MALT>
    <XAUS>42,580000</XAUS>
    <XFRA>42,580000</XFRA>
  </Prezzi>
  <Prezzi>
    <Data>20150605</Data>
    <Mercato>MGP</Mercato>
    <Ora>7</Ora>
    <PUN>45,020000</PUN>
    <NAT>45,020000</NAT>
    <CNOR>45,020000</CNOR>
    <CSUD>45,020000</CSUD>
    <NORD>45,020000</NORD>
    <SARD>45,020000</SARD>
    <SICI>45,020000</SICI>
    <SUD>45,020000</SUD>
    <AUST>45,020000</AUST>
    <BRNN>45,020000</BRNN>
    <COAC>45,020000</COAC>
    <CORS>45,020000</CORS>
    <FOGN>45,020000</FOGN>
    <FRAN>45,020000</FRAN>
    <GREC>45,020000</GREC>
    <MFTV>45,020000</MFTV>
    <PRGP>45,020000</PRGP>
    <ROSN>45,020000</ROSN>
    <SLOV>45,020000</SLOV>
    <SVIZ>45,020000</SVIZ>
    <BSP>45,020000</BSP>
    <MALT>45,020000</MALT>
    <XAUS>45,020000</XAUS>
    <XFRA>45,020000</XFRA>
  </Prezzi>
  <Prezzi>
    <Data>20150605</Data>
    <Mercato>MGP</Mercato>
    <Ora>8</Ora>
    <PUN>50,502460</PUN>
    <NAT>51,700000</NAT>
    <CNOR>50,000000</CNOR>
    <CSUD>50,000000</CSUD>
    <NORD>50,000000</NORD>
    <SARD>50,000000</SARD>
    <SICI>61,080000</SICI>
    <SUD>50,000000</SUD>
    <AUST>50,000000</AUST>
    <BRNN>50,000000</BRNN>
    <COAC>50,000000</COAC>
    <CORS>50,000000</CORS>
    <FOGN>50,000000</FOGN>
    <FRAN>50,000000</FRAN>
    <GREC>50,000000</GREC>
    <MFTV>50,000000</MFTV>
    <PRGP>61,080000</PRGP>
    <ROSN>50,000000</ROSN>
    <SLOV>50,000000</SLOV>
    <SVIZ>50,000000</SVIZ>
    <BSP>50,000000</BSP>
    <MALT>61,080000</MALT>
    <XAUS>50,000000</XAUS>
    <XFRA>50,000000</XFRA>
  </Prezzi>
  <Prezzi>
    <Data>20150605</Data>
    <Mercato>MGP</Mercato>
    <Ora>9</Ora>
    <PUN>56,076300</PUN>
    <NAT>56,320000</NAT>
    <CNOR>56,000000</CNOR>
    <CSUD>56,000000</CSUD>
    <NORD>56,000000</NORD>
    <SARD>56,000000</SARD>
    <SICI>61,280000</SICI>
    <SUD>54,250000</SUD>
    <AUST>56,000000</AUST>
    <BRNN>54,250000</BRNN>
    <COAC>56,000000</COAC>
    <CORS>56,000000</CORS>
    <FOGN>54,250000</FOGN>
    <FRAN>56,000000</FRAN>
    <GREC>54,250000</GREC>
    <MFTV>56,000000</MFTV>
    <PRGP>61,280000</PRGP>
    <ROSN>54,250000</ROSN>
    <SLOV>56,000000</SLOV>
    <SVIZ>56,000000</SVIZ>
    <BSP>56,000000</BSP>
    <MALT>61,280000</MALT>
    <XAUS>56,000000</XAUS>
    <XFRA>56,000000</XFRA>
  </Prezzi>
  <Prezzi>
    <Data>20150605</Data>
    <Mercato>MGP</Mercato>
    <Ora>10</Ora>
    <PUN>56,847270</PUN>
    <NAT>58,000000</NAT>
    <CNOR>57,200000</CNOR>
    <CSUD>57,200000</CSUD>
    <NORD>57,200000</NORD>
    <SARD>57,200000</SARD>
    <SICI>61,080000</SICI>
    <SUD>51,700000</SUD>
    <AUST>57,200000</AUST>
    <BRNN>51,700000</BRNN>
    <COAC>57,200000</COAC>
    <CORS>57,200000</CORS>
    <FOGN>51,700000</FOGN>
    <FRAN>57,200000</FRAN>
    <GREC>51,700000</GREC>
    <MFTV>57,200000</MFTV>
    <PRGP>61,080000</PRGP>
    <ROSN>51,700000</ROSN>
    <SLOV>57,200000</SLOV>
    <SVIZ>57,200000</SVIZ>
    <BSP>57,200000</BSP>
    <MALT>61,080000</MALT>
    <XAUS>57,200000</XAUS>
    <XFRA>57,200000</XFRA>
  </Prezzi>
  <Prezzi>
    <Data>20150605</Data>
    <Mercato>MGP</Mercato>
    <Ora>11</Ora>
    <PUN>51,871030</PUN>
    <NAT>51,700000</NAT>
    <CNOR>52,110000</CNOR>
    <CSUD>52,110000</CSUD>
    <NORD>52,110000</NORD>
    <SARD>52,110000</SARD>
    <SICI>61,080000</SICI>
    <SUD>45,520000</SUD>
    <AUST>52,110000</AUST>
    <BRNN>45,520000</BRNN>
    <COAC>52,110000</COAC>
    <CORS>52,110000</CORS>
    <FOGN>45,520000</FOGN>
    <FRAN>52,110000</FRAN>
    <GREC>45,520000</GREC>
    <MFTV>52,110000</MFTV>
    <PRGP>61,080000</PRGP>
    <ROSN>45,520000</ROSN>
    <SLOV>52,110000</SLOV>
    <SVIZ>52,110000</SVIZ>
    <BSP>52,110000</BSP>
    <MALT>61,080000</MALT>
    <XAUS>52,110000</XAUS>
    <XFRA>52,110000</XFRA>
  </Prezzi>
  <Prezzi>
    <Data>20150605</Data>
    <Mercato>MGP</Mercato>
    <Ora>12</Ora>
    <PUN>53,104710</PUN>
    <NAT>51,740000</NAT>
    <CNOR>54,000000</CNOR>
    <CSUD>54,000000</CSUD>
    <NORD>54,000000</NORD>
    <SARD>54,000000</SARD>
    <SICI>61,080000</SICI>
    <SUD>41,240000</SUD>
    <AUST>54,000000</AUST>
    <BRNN>41,240000</BRNN>
    <COAC>54,000000</COAC>
    <CORS>54,000000</CORS>
    <FOGN>41,240000</FOGN>
    <FRAN>54,000000</FRAN>
    <GREC>41,240000</GREC>
    <MFTV>54,000000</MFTV>
    <PRGP>61,080000</PRGP>
    <ROSN>41,240000</ROSN>
    <SLOV>54,000000</SLOV>
    <SVIZ>54,000000</SVIZ>
    <BSP>54,000000</BSP>
    <MALT>61,080000</MALT>
    <XAUS>54,000000</XAUS>
    <XFRA>54,000000</XFRA>
  </Prezzi>
  <Prezzi>
    <Data>20150605</Data>
    <Mercato>MGP</Mercato>
    <Ora>13</Ora>
    <PUN>50,702870</PUN>
    <NAT>49,810000</NAT>
    <CNOR>51,310000</CNOR>
    <CSUD>51,310000</CSUD>
    <NORD>51,310000</NORD>
    <SARD>51,310000</SARD>
    <SICI>61,080000</SICI>
    <SUD>41,240000</SUD>
    <AUST>51,310000</AUST>
    <BRNN>41,240000</BRNN>
    <COAC>51,310000</COAC>
    <CORS>51,310000</CORS>
    <FOGN>41,240000</FOGN>
    <FRAN>51,310000</FRAN>
    <GREC>41,240000</GREC>
    <MFTV>51,310000</MFTV>
    <PRGP>61,080000</PRGP>
    <ROSN>41,240000</ROSN>
    <SLOV>51,310000</SLOV>
    <SVIZ>51,310000</SVIZ>
    <BSP>51,310000</BSP>
    <MALT>61,080000</MALT>
    <XAUS>51,310000</XAUS>
    <XFRA>51,310000</XFRA>
  </Prezzi>
  <Prezzi>
    <Data>20150605</Data>
    <Mercato>MGP</Mercato>
    <Ora>14</Ora>
    <PUN>48,023470</PUN>
    <NAT>45,000000</NAT>
    <CNOR>44,430000</CNOR>
    <CSUD>44,430000</CSUD>
    <NORD>50,050000</NORD>
    <SARD>44,430000</SARD>
    <SICI>61,080000</SICI>
    <SUD>39,000000</SUD>
    <AUST>50,050000</AUST>
    <BRNN>39,000000</BRNN>
    <COAC>44,430000</COAC>
    <CORS>44,430000</CORS>
    <FOGN>39,000000</FOGN>
    <FRAN>50,050000</FRAN>
    <GREC>39,000000</GREC>
    <MFTV>50,050000</MFTV>
    <PRGP>61,080000</PRGP>
    <ROSN>39,000000</ROSN>
    <SLOV>50,050000</SLOV>
    <SVIZ>50,050000</SVIZ>
    <BSP>50,050000</BSP>
    <MALT>61,080000</MALT>
    <XAUS>50,050000</XAUS>
    <XFRA>50,050000</XFRA>
  </Prezzi>
  <Prezzi>
    <Data>20150605</Data>
    <Mercato>MGP</Mercato>
    <Ora>15</Ora>
    <PUN>52,290640</PUN>
    <NAT>51,740000</NAT>
    <CNOR>53,050000</CNOR>
    <CSUD>53,050000</CSUD>
    <NORD>53,050000</NORD>
    <SARD>53,050000</SARD>
    <SICI>61,080000</SICI>
    <SUD>41,240000</SUD>
    <AUST>53,050000</AUST>
    <BRNN>41,240000</BRNN>
    <COAC>53,050000</COAC>
    <CORS>53,050000</CORS>
    <FOGN>41,240000</FOGN>
    <FRAN>53,050000</FRAN>
    <GREC>41,240000</GREC>
    <MFTV>53,050000</MFTV>
    <PRGP>61,080000</PRGP>
    <ROSN>41,240000</ROSN>
    <SLOV>53,050000</SLOV>
    <SVIZ>53,050000</SVIZ>
    <BSP>53,050000</BSP>
    <MALT>61,080000</MALT>
    <XAUS>53,050000</XAUS>
    <XFRA>53,050000</XFRA>
  </Prezzi>
  <Prezzi>
    <Data>20150605</Data>
    <Mercato>MGP</Mercato>
    <Ora>16</Ora>
    <PUN>54,038880</PUN>
    <NAT>52,980000</NAT>
    <CNOR>54,930000</CNOR>
    <CSUD>54,930000</CSUD>
    <NORD>54,930000</NORD>
    <SARD>54,930000</SARD>
    <SICI>61,080000</SICI>
    <SUD>42,280000</SUD>
    <AUST>54,930000</AUST>
    <BRNN>42,280000</BRNN>
    <COAC>54,930000</COAC>
    <CORS>54,930000</CORS>
    <FOGN>42,280000</FOGN>
    <FRAN>54,930000</FRAN>
    <GREC>42,280000</GREC>
    <MFTV>54,930000</MFTV>
    <PRGP>61,080000</PRGP>
    <ROSN>42,280000</ROSN>
    <SLOV>54,930000</SLOV>
    <SVIZ>54,930000</SVIZ>
    <BSP>54,930000</BSP>
    <MALT>61,080000</MALT>
    <XAUS>54,930000</XAUS>
    <XFRA>54,930000</XFRA>
  </Prezzi>
  <Prezzi>
    <Data>20150605</Data>
    <Mercato>MGP</Mercato>
    <Ora>17</Ora>
    <PUN>57,740000</PUN>
    <NAT>57,210000</NAT>
    <CNOR>58,510640</CNOR>
    <CSUD>58,510640</CSUD>
    <NORD>58,510640</NORD>
    <SARD>58,510640</SARD>
    <SICI>61,080000</SICI>
    <SUD>49,160000</SUD>
    <AUST>58,510640</AUST>
    <BRNN>49,160000</BRNN>
    <COAC>58,510640</COAC>
    <CORS>58,510640</CORS>
    <FOGN>49,160000</FOGN>
    <FRAN>58,510640</FRAN>
    <GREC>49,160000</GREC>
    <MFTV>58,510640</MFTV>
    <PRGP>61,080000</PRGP>
    <ROSN>49,160000</ROSN>
    <SLOV>58,510640</SLOV>
    <SVIZ>58,510640</SVIZ>
    <BSP>58,510640</BSP>
    <MALT>61,080000</MALT>
    <XAUS>58,510640</XAUS>
    <XFRA>58,510640</XFRA>
  </Prezzi>
  <Prezzi>
    <Data>20150605</Data>
    <Mercato>MGP</Mercato>
    <Ora>18</Ora>
    <PUN>54,890930</PUN>
    <NAT>54,870000</NAT>
    <CNOR>55,120000</CNOR>
    <CSUD>55,120000</CSUD>
    <NORD>55,120000</NORD>
    <SARD>55,120000</SARD>
    <SICI>61,280000</SICI>
    <SUD>49,710000</SUD>
    <AUST>55,120000</AUST>
    <BRNN>49,710000</BRNN>
    <COAC>55,120000</COAC>
    <CORS>55,120000</CORS>
    <FOGN>49,710000</FOGN>
    <FRAN>55,120000</FRAN>
    <GREC>49,710000</GREC>
    <MFTV>55,120000</MFTV>
    <PRGP>61,280000</PRGP>
    <ROSN>49,710000</ROSN>
    <SLOV>55,120000</SLOV>
    <SVIZ>55,120000</SVIZ>
    <BSP>55,120000</BSP>
    <MALT>61,280000</MALT>
    <XAUS>55,120000</XAUS>
    <XFRA>55,120000</XFRA>
  </Prezzi>
  <Prezzi>
    <Data>20150605</Data>
    <Mercato>MGP</Mercato>
    <Ora>19</Ora>
    <PUN>55,961800</PUN>
    <NAT>57,090000</NAT>
    <CNOR>55,700000</CNOR>
    <CSUD>55,700000</CSUD>
    <NORD>55,700000</NORD>
    <SARD>55,700000</SARD>
    <SICI>61,280000</SICI>
    <SUD>55,700000</SUD>
    <AUST>55,700000</AUST>
    <BRNN>55,700000</BRNN>
    <COAC>55,700000</COAC>
    <CORS>55,700000</CORS>
    <FOGN>55,700000</FOGN>
    <FRAN>55,700000</FRAN>
    <GREC>55,700000</GREC>
    <MFTV>55,700000</MFTV>
    <PRGP>61,280000</PRGP>
    <ROSN>55,700000</ROSN>
    <SLOV>55,700000</SLOV>
    <SVIZ>55,700000</SVIZ>
    <BSP>55,700000</BSP>
    <MALT>61,280000</MALT>
    <XAUS>55,700000</XAUS>
    <XFRA>55,700000</XFRA>
  </Prezzi>
  <Prezzi>
    <Data>20150605</Data>
    <Mercato>MGP</Mercato>
    <Ora>20</Ora>
    <PUN>57,480320</PUN>
    <NAT>60,000000</NAT>
    <CNOR>57,200000</CNOR>
    <CSUD>57,200000</CSUD>
    <NORD>57,200000</NORD>
    <SARD>57,200000</SARD>
    <SICI>63,030000</SICI>
    <SUD>57,200000</SUD>
    <AUST>57,200000</AUST>
    <BRNN>57,200000</BRNN>
    <COAC>57,200000</COAC>
    <CORS>57,200000</CORS>
    <FOGN>57,200000</FOGN>
    <FRAN>57,200000</FRAN>
    <GREC>57,200000</GREC>
    <MFTV>57,200000</MFTV>
    <PRGP>63,030000</PRGP>
    <ROSN>57,200000</ROSN>
    <SLOV>57,200000</SLOV>
    <SVIZ>57,200000</SVIZ>
    <BSP>57,200000</BSP>
    <MALT>63,030000</MALT>
    <XAUS>57,200000</XAUS>
    <XFRA>57,200000</XFRA>
  </Prezzi>
  <Prezzi>
    <Data>20150605</Data>
    <Mercato>MGP</Mercato>
    <Ora>21</Ora>
    <PUN>58,374130</PUN>
    <NAT>61,080000</NAT>
    <CNOR>58,110000</CNOR>
    <CSUD>58,110000</CSUD>
    <NORD>58,110000</NORD>
    <SARD>58,110000</SARD>
    <SICI>63,030000</SICI>
    <SUD>58,110000</SUD>
    <AUST>58,110000</AUST>
    <BRNN>58,110000</BRNN>
    <COAC>58,110000</COAC>
    <CORS>58,110000</CORS>
    <FOGN>58,110000</FOGN>
    <FRAN>58,110000</FRAN>
    <GREC>58,110000</GREC>
    <MFTV>58,110000</MFTV>
    <PRGP>63,030000</PRGP>
    <ROSN>58,110000</ROSN>
    <SLOV>58,110000</SLOV>
    <SVIZ>58,110000</SVIZ>
    <BSP>58,110000</BSP>
    <MALT>63,030000</MALT>
    <XAUS>58,110000</XAUS>
    <XFRA>58,110000</XFRA>
  </Prezzi>
  <Prezzi>
    <Data>20150605</Data>
    <Mercato>MGP</Mercato>
    <Ora>22</Ora>
    <PUN>69,291340</PUN>
    <NAT>68,980000</NAT>
    <CNOR>70,000000</CNOR>
    <CSUD>70,000000</CSUD>
    <NORD>68,630000</NORD>
    <SARD>70,000000</SARD>
    <SICI>70,000000</SICI>
    <SUD>70,000000</SUD>
    <AUST>68,630000</AUST>
    <BRNN>70,000000</BRNN>
    <COAC>70,000000</COAC>
    <CORS>70,000000</CORS>
    <FOGN>70,000000</FOGN>
    <FRAN>68,630000</FRAN>
    <GREC>70,000000</GREC>
    <MFTV>68,630000</MFTV>
    <PRGP>70,000000</PRGP>
    <ROSN>70,000000</ROSN>
    <SLOV>68,630000</SLOV>
    <SVIZ>68,630000</SVIZ>
    <BSP>68,630000</BSP>
    <MALT>70,000000</MALT>
    <XAUS>68,630000</XAUS>
    <XFRA>68,630000</XFRA>
  </Prezzi>
  <Prezzi>
    <Data>20150605</Data>
    <Mercato>MGP</Mercato>
    <Ora>23</Ora>
    <PUN>55,627480</PUN>
    <NAT>55,890000</NAT>
    <CNOR>57,710000</CNOR>
    <CSUD>57,710000</CSUD>
    <NORD>53,010000</NORD>
    <SARD>57,710000</SARD>
    <SICI>63,030000</SICI>
    <SUD>57,710000</SUD>
    <AUST>53,010000</AUST>
    <BRNN>57,710000</BRNN>
    <COAC>57,710000</COAC>
    <CORS>57,710000</CORS>
    <FOGN>57,710000</FOGN>
    <FRAN>53,010000</FRAN>
    <GREC>57,710000</GREC>
    <MFTV>53,010000</MFTV>
    <PRGP>63,030000</PRGP>
    <ROSN>57,710000</ROSN>
    <SLOV>53,010000</SLOV>
    <SVIZ>53,010000</SVIZ>
    <BSP>53,010000</BSP>
    <MALT>63,030000</MALT>
    <XAUS>53,010000</XAUS>
    <XFRA>53,010000</XFRA>
  </Prezzi>
  <Prezzi>
    <Data>20150605</Data>
    <Mercato>MGP</Mercato>
    <Ora>24</Ora>
    <PUN>51,434710</PUN>
    <NAT>51,520000</NAT>
    <CNOR>50,910000</CNOR>
    <CSUD>50,910000</CSUD>
    <NORD>50,910000</NORD>
    <SARD>50,910000</SARD>
    <SICI>61,280000</SICI>
    <SUD>50,910000</SUD>
    <AUST>50,910000</AUST>
    <BRNN>50,910000</BRNN>
    <COAC>50,910000</COAC>
    <CORS>50,910000</CORS>
    <FOGN>50,910000</FOGN>
    <FRAN>50,910000</FRAN>
    <GREC>50,910000</GREC>
    <MFTV>50,910000</MFTV>
    <PRGP>61,280000</PRGP>
    <ROSN>50,910000</ROSN>
    <SLOV>50,910000</SLOV>
    <SVIZ>50,910000</SVIZ>
    <BSP>50,910000</BSP>
    <MALT>61,280000</MALT>
    <XAUS>50,910000</XAUS>
    <XFRA>50,910000</XFRA>
  </Prezzi>
</NewDataSet>