<?xml version="1.0" standalone="yes"?>
<NewDataSet>
  <xs:schema id="NewDataSet" xmlns="" xmlns:xs="http://www.w3.org/2001/XMLSchema" xmlns:msdata="urn:schemas-microsoft-com:xml-msdata">
    <xs:element name="NewDataSet" msdata:IsDataSet="true" msdata:UseCurrentLocale="true">
      <xs:complexType>
        <xs:choice minOccurs="0" maxOccurs="unbounded">
          <xs:element name="Prezzi">
            <xs:complexType>
              <xs:sequence>
                <xs:element name="Data" type="xs:string" minOccurs="0" />
                <xs:element name="Mercato" type="xs:string" minOccurs="0" />
                <xs:element name="Ora" type="xs:string" minOccurs="0" />
                <xs:element name="PUN" type="xs:string" minOccurs="0" />
                <xs:element name="NAT" type="xs:string" minOccurs="0" />
                <xs:element name="CNOR" type="xs:string" minOccurs="0" />
                <xs:element name="CSUD" type="xs:string" minOccurs="0" />
                <xs:element name="NORD" type="xs:string" minOccurs="0" />
                <xs:element name="SARD" type="xs:string" minOccurs="0" />
                <xs:element name="SICI" type="xs:string" minOccurs="0" />
                <xs:element name="SUD" type="xs:string" minOccurs="0" />
                <xs:element name="AUST" type="xs:string" minOccurs="0" />
                <xs:element name="BRNN" type="xs:string" minOccurs="0" />
                <xs:element name="COAC" type="xs:string" minOccurs="0" />
                <xs:element name="CORS" type="xs:string" minOccurs="0" />
                <xs:element name="FOGN" type="xs:string" minOccurs="0" />
                <xs:element name="FRAN" type="xs:string" minOccurs="0" />
                <xs:element name="GREC" type="xs:string" minOccurs="0" />
                <xs:element name="MFTV" type="xs:string" minOccurs="0" />
                <xs:element name="PRGP" type="xs:string" minOccurs="0" />
                <xs:element name="ROSN" type="xs:string" minOccurs="0" />
                <xs:element name="SLOV" type="xs:string" minOccurs="0" />
                <xs:element name="SVIZ" type="xs:string" minOccurs="0" />
                <xs:element name="BSP" type="xs:string" minOccurs="0" />
                <xs:element name="MALT" type="xs:string" minOccurs="0" />
                <xs:element name="XAUS" type="xs:string" minOccurs="0" />
                <xs:element name="XFRA" type="xs:string" minOccurs="0" />
              </xs:sequence>
            </xs:complexType>
          </xs:element>
        </xs:choice>
      </xs:complexType>
    </xs:element>
  </xs:schema>
  <Prezzi>
    <Data>20150614</Data>
    <Mercato>MGP</Mercato>
    <Ora>1</Ora>
    <PUN>62,887840</PUN>
    <NAT>61,250000</NAT>
    <CNOR>62,990000</CNOR>
    <CSUD>62,990000</CSUD>
    <NORD>62,990000</NORD>
    <SARD>62,990000</SARD>
    <SICI>61,250000</SICI>
    <SUD>62,990000</SUD>
    <AUST>62,990000</AUST>
    <BRNN>62,990000</BRNN>
    <COAC>62,990000</COAC>
    <CORS>62,990000</CORS>
    <FOGN>62,990000</FOGN>
    <FRAN>62,990000</FRAN>
    <GREC>62,990000</GREC>
    <MFTV>62,990000</MFTV>
    <PRGP>61,250000</PRGP>
    <ROSN>62,990000</ROSN>
    <SLOV>62,990000</SLOV>
    <SVIZ>62,990000</SVIZ>
    <BSP>62,990000</BSP>
    <MALT>61,250000</MALT>
    <XAUS>62,990000</XAUS>
    <XFRA>62,990000</XFRA>
  </Prezzi>
  <Prezzi>
    <Data>20150614</Data>
    <Mercato>MGP</Mercato>
    <Ora>2</Ora>
    <PUN>44,320000</PUN>
    <NAT>44,320000</NAT>
    <CNOR>44,320000</CNOR>
    <CSUD>44,320000</CSUD>
    <NORD>44,320000</NORD>
    <SARD>44,320000</SARD>
    <SICI>44,320000</SICI>
    <SUD>44,320000</SUD>
    <AUST>44,320000</AUST>
    <BRNN>44,320000</BRNN>
    <COAC>44,320000</COAC>
    <CORS>44,320000</CORS>
    <FOGN>44,320000</FOGN>
    <FRAN>44,320000</FRAN>
    <GREC>44,320000</GREC>
    <MFTV>44,320000</MFTV>
    <PRGP>44,320000</PRGP>
    <ROSN>44,320000</ROSN>
    <SLOV>44,320000</SLOV>
    <SVIZ>44,320000</SVIZ>
    <BSP>44,320000</BSP>
    <MALT>44,320000</MALT>
    <XAUS>44,320000</XAUS>
    <XFRA>44,320000</XFRA>
  </Prezzi>
  <Prezzi>
    <Data>20150614</Data>
    <Mercato>MGP</Mercato>
    <Ora>3</Ora>
    <PUN>44,320000</PUN>
    <NAT>44,320000</NAT>
    <CNOR>44,320000</CNOR>
    <CSUD>44,320000</CSUD>
    <NORD>44,320000</NORD>
    <SARD>44,320000</SARD>
    <SICI>44,320000</SICI>
    <SUD>44,320000</SUD>
    <AUST>44,320000</AUST>
    <BRNN>44,320000</BRNN>
    <COAC>44,320000</COAC>
    <CORS>44,320000</CORS>
    <FOGN>44,320000</FOGN>
    <FRAN>44,320000</FRAN>
    <GREC>44,320000</GREC>
    <MFTV>44,320000</MFTV>
    <PRGP>44,320000</PRGP>
    <ROSN>44,320000</ROSN>
    <SLOV>44,320000</SLOV>
    <SVIZ>44,320000</SVIZ>
    <BSP>44,320000</BSP>
    <MALT>44,320000</MALT>
    <XAUS>44,320000</XAUS>
    <XFRA>44,320000</XFRA>
  </Prezzi>
  <Prezzi>
    <Data>20150614</Data>
    <Mercato>MGP</Mercato>
    <Ora>4</Ora>
    <PUN>42,170000</PUN>
    <NAT>42,170000</NAT>
    <CNOR>42,170000</CNOR>
    <CSUD>42,170000</CSUD>
    <NORD>42,170000</NORD>
    <SARD>42,170000</SARD>
    <SICI>42,170000</SICI>
    <SUD>42,170000</SUD>
    <AUST>42,170000</AUST>
    <BRNN>42,170000</BRNN>
    <COAC>42,170000</COAC>
    <CORS>42,170000</CORS>
    <FOGN>42,170000</FOGN>
    <FRAN>42,170000</FRAN>
    <GREC>42,170000</GREC>
    <MFTV>42,170000</MFTV>
    <PRGP>42,170000</PRGP>
    <ROSN>42,170000</ROSN>
    <SLOV>42,170000</SLOV>
    <SVIZ>42,170000</SVIZ>
    <BSP>42,170000</BSP>
    <MALT>42,170000</MALT>
    <XAUS>42,170000</XAUS>
    <XFRA>42,170000</XFRA>
  </Prezzi>
  <Prezzi>
    <Data>20150614</Data>
    <Mercato>MGP</Mercato>
    <Ora>5</Ora>
    <PUN>44,320000</PUN>
    <NAT>44,320000</NAT>
    <CNOR>44,320000</CNOR>
    <CSUD>44,320000</CSUD>
    <NORD>44,320000</NORD>
    <SARD>44,320000</SARD>
    <SICI>44,320000</SICI>
    <SUD>44,320000</SUD>
    <AUST>44,320000</AUST>
    <BRNN>44,320000</BRNN>
    <COAC>44,320000</COAC>
    <CORS>44,320000</CORS>
    <FOGN>44,320000</FOGN>
    <FRAN>44,320000</FRAN>
    <GREC>44,320000</GREC>
    <MFTV>44,320000</MFTV>
    <PRGP>44,320000</PRGP>
    <ROSN>44,320000</ROSN>
    <SLOV>44,320000</SLOV>
    <SVIZ>44,320000</SVIZ>
    <BSP>44,320000</BSP>
    <MALT>44,320000</MALT>
    <XAUS>44,320000</XAUS>
    <XFRA>44,320000</XFRA>
  </Prezzi>
  <Prezzi>
    <Data>20150614</Data>
    <Mercato>MGP</Mercato>
    <Ora>6</Ora>
    <PUN>45,310000</PUN>
    <NAT>45,310000</NAT>
    <CNOR>45,310000</CNOR>
    <CSUD>45,310000</CSUD>
    <NORD>45,310000</NORD>
    <SARD>45,310000</SARD>
    <SICI>45,310000</SICI>
    <SUD>45,310000</SUD>
    <AUST>45,310000</AUST>
    <BRNN>45,310000</BRNN>
    <COAC>45,310000</COAC>
    <CORS>45,310000</CORS>
    <FOGN>45,310000</FOGN>
    <FRAN>45,310000</FRAN>
    <GREC>45,310000</GREC>
    <MFTV>45,310000</MFTV>
    <PRGP>45,310000</PRGP>
    <ROSN>45,310000</ROSN>
    <SLOV>45,310000</SLOV>
    <SVIZ>45,310000</SVIZ>
    <BSP>45,310000</BSP>
    <MALT>45,310000</MALT>
    <XAUS>45,310000</XAUS>
    <XFRA>45,310000</XFRA>
  </Prezzi>
  <Prezzi>
    <Data>20150614</Data>
    <Mercato>MGP</Mercato>
    <Ora>7</Ora>
    <PUN>46,097970</PUN>
    <NAT>44,040000</NAT>
    <CNOR>44,040000</CNOR>
    <CSUD>44,040000</CSUD>
    <NORD>48,770000</NORD>
    <SARD>44,040000</SARD>
    <SICI>35,000000</SICI>
    <SUD>44,040000</SUD>
    <AUST>48,770000</AUST>
    <BRNN>44,040000</BRNN>
    <COAC>44,040000</COAC>
    <CORS>44,040000</CORS>
    <FOGN>44,040000</FOGN>
    <FRAN>48,770000</FRAN>
    <GREC>44,040000</GREC>
    <MFTV>48,770000</MFTV>
    <PRGP>35,000000</PRGP>
    <ROSN>44,040000</ROSN>
    <SLOV>48,770000</SLOV>
    <SVIZ>48,770000</SVIZ>
    <BSP>48,770000</BSP>
    <MALT>35,000000</MALT>
    <XAUS>48,770000</XAUS>
    <XFRA>48,770000</XFRA>
  </Prezzi>
  <Prezzi>
    <Data>20150614</Data>
    <Mercato>MGP</Mercato>
    <Ora>8</Ora>
    <PUN>47,616330</PUN>
    <NAT>44,320000</NAT>
    <CNOR>43,280000</CNOR>
    <CSUD>43,280000</CSUD>
    <NORD>51,320000</NORD>
    <SARD>43,280000</SARD>
    <SICI>43,280000</SICI>
    <SUD>43,280000</SUD>
    <AUST>51,320000</AUST>
    <BRNN>43,280000</BRNN>
    <COAC>43,280000</COAC>
    <CORS>43,280000</CORS>
    <FOGN>43,280000</FOGN>
    <FRAN>51,320000</FRAN>
    <GREC>43,280000</GREC>
    <MFTV>51,320000</MFTV>
    <PRGP>43,280000</PRGP>
    <ROSN>43,280000</ROSN>
    <SLOV>51,320000</SLOV>
    <SVIZ>51,320000</SVIZ>
    <BSP>51,320000</BSP>
    <MALT>43,280000</MALT>
    <XAUS>51,320000</XAUS>
    <XFRA>51,320000</XFRA>
  </Prezzi>
  <Prezzi>
    <Data>20150614</Data>
    <Mercato>MGP</Mercato>
    <Ora>9</Ora>
    <PUN>48,058870</PUN>
    <NAT>48,740000</NAT>
    <CNOR>44,320000</CNOR>
    <CSUD>44,320000</CSUD>
    <NORD>51,540000</NORD>
    <SARD>44,320000</SARD>
    <SICI>44,320000</SICI>
    <SUD>44,320000</SUD>
    <AUST>51,540000</AUST>
    <BRNN>44,320000</BRNN>
    <COAC>44,320000</COAC>
    <CORS>44,320000</CORS>
    <FOGN>44,320000</FOGN>
    <FRAN>51,540000</FRAN>
    <GREC>44,320000</GREC>
    <MFTV>51,540000</MFTV>
    <PRGP>44,320000</PRGP>
    <ROSN>44,320000</ROSN>
    <SLOV>51,540000</SLOV>
    <SVIZ>51,540000</SVIZ>
    <BSP>51,540000</BSP>
    <MALT>44,320000</MALT>
    <XAUS>51,540000</XAUS>
    <XFRA>51,540000</XFRA>
  </Prezzi>
  <Prezzi>
    <Data>20150614</Data>
    <Mercato>MGP</Mercato>
    <Ora>10</Ora>
    <PUN>46,590240</PUN>
    <NAT>44,320000</NAT>
    <CNOR>41,410000</CNOR>
    <CSUD>41,410000</CSUD>
    <NORD>50,990000</NORD>
    <SARD>41,410000</SARD>
    <SICI>41,410000</SICI>
    <SUD>41,410000</SUD>
    <AUST>50,990000</AUST>
    <BRNN>41,410000</BRNN>
    <COAC>41,410000</COAC>
    <CORS>41,410000</CORS>
    <FOGN>41,410000</FOGN>
    <FRAN>50,990000</FRAN>
    <GREC>41,410000</GREC>
    <MFTV>50,990000</MFTV>
    <PRGP>41,410000</PRGP>
    <ROSN>41,410000</ROSN>
    <SLOV>50,990000</SLOV>
    <SVIZ>50,990000</SVIZ>
    <BSP>50,990000</BSP>
    <MALT>41,410000</MALT>
    <XAUS>50,990000</XAUS>
    <XFRA>50,990000</XFRA>
  </Prezzi>
  <Prezzi>
    <Data>20150614</Data>
    <Mercato>MGP</Mercato>
    <Ora>11</Ora>
    <PUN>53,513690</PUN>
    <NAT>49,180000</NAT>
    <CNOR>40,000000</CNOR>
    <CSUD>40,000000</CSUD>
    <NORD>65,000000</NORD>
    <SARD>40,000000</SARD>
    <SICI>40,000000</SICI>
    <SUD>40,000000</SUD>
    <AUST>65,000000</AUST>
    <BRNN>40,000000</BRNN>
    <COAC>40,000000</COAC>
    <CORS>40,000000</CORS>
    <FOGN>40,000000</FOGN>
    <FRAN>65,000000</FRAN>
    <GREC>40,000000</GREC>
    <MFTV>65,000000</MFTV>
    <PRGP>40,000000</PRGP>
    <ROSN>40,000000</ROSN>
    <SLOV>65,000000</SLOV>
    <SVIZ>65,000000</SVIZ>
    <BSP>65,000000</BSP>
    <MALT>40,000000</MALT>
    <XAUS>65,000000</XAUS>
    <XFRA>65,000000</XFRA>
  </Prezzi>
  <Prezzi>
    <Data>20150614</Data>
    <Mercato>MGP</Mercato>
    <Ora>12</Ora>
    <PUN>51,742360</PUN>
    <NAT>49,300000</NAT>
    <CNOR>39,990000</CNOR>
    <CSUD>39,990000</CSUD>
    <NORD>61,900000</NORD>
    <SARD>39,990000</SARD>
    <SICI>39,990000</SICI>
    <SUD>39,990000</SUD>
    <AUST>61,900000</AUST>
    <BRNN>39,990000</BRNN>
    <COAC>39,990000</COAC>
    <CORS>39,990000</CORS>
    <FOGN>39,990000</FOGN>
    <FRAN>61,900000</FRAN>
    <GREC>39,990000</GREC>
    <MFTV>61,900000</MFTV>
    <PRGP>39,990000</PRGP>
    <ROSN>39,990000</ROSN>
    <SLOV>61,900000</SLOV>
    <SVIZ>61,900000</SVIZ>
    <BSP>61,900000</BSP>
    <MALT>39,990000</MALT>
    <XAUS>61,900000</XAUS>
    <XFRA>61,900000</XFRA>
  </Prezzi>
  <Prezzi>
    <Data>20150614</Data>
    <Mercato>MGP</Mercato>
    <Ora>13</Ora>
    <PUN>49,323850</PUN>
    <NAT>47,260000</NAT>
    <CNOR>31,000000</CNOR>
    <CSUD>31,000000</CSUD>
    <NORD>65,000000</NORD>
    <SARD>31,000000</SARD>
    <SICI>34,150000</SICI>
    <SUD>31,000000</SUD>
    <AUST>65,000000</AUST>
    <BRNN>31,000000</BRNN>
    <COAC>31,000000</COAC>
    <CORS>31,000000</CORS>
    <FOGN>31,000000</FOGN>
    <FRAN>65,000000</FRAN>
    <GREC>31,000000</GREC>
    <MFTV>65,000000</MFTV>
    <PRGP>34,150000</PRGP>
    <ROSN>31,000000</ROSN>
    <SLOV>65,000000</SLOV>
    <SVIZ>65,000000</SVIZ>
    <BSP>65,000000</BSP>
    <MALT>34,150000</MALT>
    <XAUS>65,000000</XAUS>
    <XFRA>65,000000</XFRA>
  </Prezzi>
  <Prezzi>
    <Data>20150614</Data>
    <Mercato>MGP</Mercato>
    <Ora>14</Ora>
    <PUN>38,459100</PUN>
    <NAT>41,190000</NAT>
    <CNOR>10,000000</CNOR>
    <CSUD>10,000000</CSUD>
    <NORD>59,750000</NORD>
    <SARD>10,000000</SARD>
    <SICI>34,150000</SICI>
    <SUD>10,000000</SUD>
    <AUST>59,750000</AUST>
    <BRNN>10,000000</BRNN>
    <COAC>10,000000</COAC>
    <CORS>10,000000</CORS>
    <FOGN>10,000000</FOGN>
    <FRAN>59,750000</FRAN>
    <GREC>10,000000</GREC>
    <MFTV>59,750000</MFTV>
    <PRGP>34,150000</PRGP>
    <ROSN>10,000000</ROSN>
    <SLOV>59,750000</SLOV>
    <SVIZ>59,750000</SVIZ>
    <BSP>59,750000</BSP>
    <MALT>34,150000</MALT>
    <XAUS>59,750000</XAUS>
    <XFRA>59,750000</XFRA>
  </Prezzi>
  <Prezzi>
    <Data>20150614</Data>
    <Mercato>MGP</Mercato>
    <Ora>15</Ora>
    <PUN>36,901980</PUN>
    <NAT>40,700000</NAT>
    <CNOR>5,000000</CNOR>
    <CSUD>5,000000</CSUD>
    <NORD>59,990000</NORD>
    <SARD>5,000000</SARD>
    <SICI>34,150000</SICI>
    <SUD>5,000000</SUD>
    <AUST>59,990000</AUST>
    <BRNN>5,000000</BRNN>
    <COAC>5,000000</COAC>
    <CORS>5,000000</CORS>
    <FOGN>5,000000</FOGN>
    <FRAN>59,990000</FRAN>
    <GREC>5,000000</GREC>
    <MFTV>59,990000</MFTV>
    <PRGP>34,150000</PRGP>
    <ROSN>5,000000</ROSN>
    <SLOV>59,990000</SLOV>
    <SVIZ>59,990000</SVIZ>
    <BSP>59,990000</BSP>
    <MALT>34,150000</MALT>
    <XAUS>59,990000</XAUS>
    <XFRA>59,990000</XFRA>
  </Prezzi>
  <Prezzi>
    <Data>20150614</Data>
    <Mercato>MGP</Mercato>
    <Ora>16</Ora>
    <PUN>37,740000</PUN>
    <NAT>41,420000</NAT>
    <CNOR>10,000000</CNOR>
    <CSUD>10,000000</CSUD>
    <NORD>57,502210</NORD>
    <SARD>10,000000</SARD>
    <SICI>35,000000</SICI>
    <SUD>10,000000</SUD>
    <AUST>57,502210</AUST>
    <BRNN>10,000000</BRNN>
    <COAC>10,000000</COAC>
    <CORS>10,000000</CORS>
    <FOGN>10,000000</FOGN>
    <FRAN>57,502210</FRAN>
    <GREC>10,000000</GREC>
    <MFTV>57,502210</MFTV>
    <PRGP>35,000000</PRGP>
    <ROSN>10,000000</ROSN>
    <SLOV>57,502210</SLOV>
    <SVIZ>57,502210</SVIZ>
    <BSP>57,502210</BSP>
    <MALT>35,000000</MALT>
    <XAUS>57,502210</XAUS>
    <XFRA>57,502210</XFRA>
  </Prezzi>
  <Prezzi>
    <Data>20150614</Data>
    <Mercato>MGP</Mercato>
    <Ora>17</Ora>
    <PUN>45,216840</PUN>
    <NAT>46,040000</NAT>
    <CNOR>31,000000</CNOR>
    <CSUD>31,000000</CSUD>
    <NORD>53,870000</NORD>
    <SARD>31,000000</SARD>
    <SICI>60,400000</SICI>
    <SUD>31,000000</SUD>
    <AUST>53,870000</AUST>
    <BRNN>31,000000</BRNN>
    <COAC>31,000000</COAC>
    <CORS>31,000000</CORS>
    <FOGN>31,000000</FOGN>
    <FRAN>53,870000</FRAN>
    <GREC>31,000000</GREC>
    <MFTV>53,870000</MFTV>
    <PRGP>60,400000</PRGP>
    <ROSN>31,000000</ROSN>
    <SLOV>53,870000</SLOV>
    <SVIZ>53,870000</SVIZ>
    <BSP>53,870000</BSP>
    <MALT>60,400000</MALT>
    <XAUS>53,870000</XAUS>
    <XFRA>53,870000</XFRA>
  </Prezzi>
  <Prezzi>
    <Data>20150614</Data>
    <Mercato>MGP</Mercato>
    <Ora>18</Ora>
    <PUN>44,927820</PUN>
    <NAT>45,500000</NAT>
    <CNOR>43,930000</CNOR>
    <CSUD>43,930000</CSUD>
    <NORD>43,930000</NORD>
    <SARD>43,930000</SARD>
    <SICI>61,050000</SICI>
    <SUD>43,930000</SUD>
    <AUST>43,930000</AUST>
    <BRNN>43,930000</BRNN>
    <COAC>43,930000</COAC>
    <CORS>43,930000</CORS>
    <FOGN>43,930000</FOGN>
    <FRAN>43,930000</FRAN>
    <GREC>43,930000</GREC>
    <MFTV>43,930000</MFTV>
    <PRGP>61,050000</PRGP>
    <ROSN>43,930000</ROSN>
    <SLOV>43,930000</SLOV>
    <SVIZ>43,930000</SVIZ>
    <BSP>43,930000</BSP>
    <MALT>61,050000</MALT>
    <XAUS>43,930000</XAUS>
    <XFRA>43,930000</XFRA>
  </Prezzi>
  <Prezzi>
    <Data>20150614</Data>
    <Mercato>MGP</Mercato>
    <Ora>19</Ora>
    <PUN>45,895420</PUN>
    <NAT>46,080000</NAT>
    <CNOR>45,000000</CNOR>
    <CSUD>45,000000</CSUD>
    <NORD>45,000000</NORD>
    <SARD>45,000000</SARD>
    <SICI>61,250000</SICI>
    <SUD>45,000000</SUD>
    <AUST>45,000000</AUST>
    <BRNN>45,000000</BRNN>
    <COAC>45,000000</COAC>
    <CORS>45,000000</CORS>
    <FOGN>45,000000</FOGN>
    <FRAN>45,000000</FRAN>
    <GREC>45,000000</GREC>
    <MFTV>45,000000</MFTV>
    <PRGP>61,250000</PRGP>
    <ROSN>45,000000</ROSN>
    <SLOV>45,000000</SLOV>
    <SVIZ>45,000000</SVIZ>
    <BSP>45,000000</BSP>
    <MALT>61,250000</MALT>
    <XAUS>45,000000</XAUS>
    <XFRA>45,000000</XFRA>
  </Prezzi>
  <Prezzi>
    <Data>20150614</Data>
    <Mercato>MGP</Mercato>
    <Ora>20</Ora>
    <PUN>48,438510</PUN>
    <NAT>48,670000</NAT>
    <CNOR>47,540000</CNOR>
    <CSUD>47,540000</CSUD>
    <NORD>47,540000</NORD>
    <SARD>47,540000</SARD>
    <SICI>63,000000</SICI>
    <SUD>47,540000</SUD>
    <AUST>47,540000</AUST>
    <BRNN>47,540000</BRNN>
    <COAC>47,540000</COAC>
    <CORS>47,540000</CORS>
    <FOGN>47,540000</FOGN>
    <FRAN>47,540000</FRAN>
    <GREC>47,540000</GREC>
    <MFTV>47,540000</MFTV>
    <PRGP>63,000000</PRGP>
    <ROSN>47,540000</ROSN>
    <SLOV>47,540000</SLOV>
    <SVIZ>47,540000</SVIZ>
    <BSP>47,540000</BSP>
    <MALT>63,000000</MALT>
    <XAUS>47,540000</XAUS>
    <XFRA>47,540000</XFRA>
  </Prezzi>
  <Prezzi>
    <Data>20150614</Data>
    <Mercato>MGP</Mercato>
    <Ora>21</Ora>
    <PUN>50,532890</PUN>
    <NAT>51,570000</NAT>
    <CNOR>49,710000</CNOR>
    <CSUD>49,710000</CSUD>
    <NORD>49,710000</NORD>
    <SARD>49,710000</SARD>
    <SICI>63,000000</SICI>
    <SUD>49,710000</SUD>
    <AUST>49,710000</AUST>
    <BRNN>49,710000</BRNN>
    <COAC>49,710000</COAC>
    <CORS>49,710000</CORS>
    <FOGN>49,710000</FOGN>
    <FRAN>49,710000</FRAN>
    <GREC>49,710000</GREC>
    <MFTV>49,710000</MFTV>
    <PRGP>63,000000</PRGP>
    <ROSN>49,710000</ROSN>
    <SLOV>49,710000</SLOV>
    <SVIZ>49,710000</SVIZ>
    <BSP>49,710000</BSP>
    <MALT>63,000000</MALT>
    <XAUS>49,710000</XAUS>
    <XFRA>49,710000</XFRA>
  </Prezzi>
  <Prezzi>
    <Data>20150614</Data>
    <Mercato>MGP</Mercato>
    <Ora>22</Ora>
    <PUN>50,674780</PUN>
    <NAT>55,000000</NAT>
    <CNOR>49,870000</CNOR>
    <CSUD>49,870000</CSUD>
    <NORD>49,870000</NORD>
    <SARD>49,870000</SARD>
    <SICI>63,000000</SICI>
    <SUD>49,870000</SUD>
    <AUST>49,870000</AUST>
    <BRNN>49,870000</BRNN>
    <COAC>49,870000</COAC>
    <CORS>49,870000</CORS>
    <FOGN>49,870000</FOGN>
    <FRAN>49,870000</FRAN>
    <GREC>49,870000</GREC>
    <MFTV>49,870000</MFTV>
    <PRGP>63,000000</PRGP>
    <ROSN>49,870000</ROSN>
    <SLOV>49,870000</SLOV>
    <SVIZ>49,870000</SVIZ>
    <BSP>49,870000</BSP>
    <MALT>63,000000</MALT>
    <XAUS>49,870000</XAUS>
    <XFRA>49,870000</XFRA>
  </Prezzi>
  <Prezzi>
    <Data>20150614</Data>
    <Mercato>MGP</Mercato>
    <Ora>23</Ora>
    <PUN>49,743030</PUN>
    <NAT>50,890000</NAT>
    <CNOR>48,890000</CNOR>
    <CSUD>48,890000</CSUD>
    <NORD>48,890000</NORD>
    <SARD>48,890000</SARD>
    <SICI>63,000000</SICI>
    <SUD>48,890000</SUD>
    <AUST>48,890000</AUST>
    <BRNN>48,890000</BRNN>
    <COAC>48,890000</COAC>
    <CORS>48,890000</CORS>
    <FOGN>48,890000</FOGN>
    <FRAN>48,890000</FRAN>
    <GREC>48,890000</GREC>
    <MFTV>48,890000</MFTV>
    <PRGP>63,000000</PRGP>
    <ROSN>48,890000</ROSN>
    <SLOV>48,890000</SLOV>
    <SVIZ>48,890000</SVIZ>
    <BSP>48,890000</BSP>
    <MALT>63,000000</MALT>
    <XAUS>48,890000</XAUS>
    <XFRA>48,890000</XFRA>
  </Prezzi>
  <Prezzi>
    <Data>20150614</Data>
    <Mercato>MGP</Mercato>
    <Ora>24</Ora>
    <PUN>48,798250</PUN>
    <NAT>49,090000</NAT>
    <CNOR>48,020000</CNOR>
    <CSUD>48,020000</CSUD>
    <NORD>48,020000</NORD>
    <SARD>48,020000</SARD>
    <SICI>61,250000</SICI>
    <SUD>48,020000</SUD>
    <AUST>48,020000</AUST>
    <BRNN>48,020000</BRNN>
    <COAC>48,020000</COAC>
    <CORS>48,020000</CORS>
    <FOGN>48,020000</FOGN>
    <FRAN>48,020000</FRAN>
    <GREC>48,020000</GREC>
    <MFTV>48,020000</MFTV>
    <PRGP>61,250000</PRGP>
    <ROSN>48,020000</ROSN>
    <SLOV>48,020000</SLOV>
    <SVIZ>48,020000</SVIZ>
    <BSP>48,020000</BSP>
    <MALT>61,250000</MALT>
    <XAUS>48,020000</XAUS>
    <XFRA>48,020000</XFRA>
  </Prezzi>
</NewDataSet>