<?xml version="1.0" standalone="yes"?>
<NewDataSet>
  <xs:schema id="NewDataSet" xmlns="" xmlns:xs="http://www.w3.org/2001/XMLSchema" xmlns:msdata="urn:schemas-microsoft-com:xml-msdata">
    <xs:element name="NewDataSet" msdata:IsDataSet="true" msdata:UseCurrentLocale="true">
      <xs:complexType>
        <xs:choice minOccurs="0" maxOccurs="unbounded">
          <xs:element name="Prezzi">
            <xs:complexType>
              <xs:sequence>
                <xs:element name="Data" type="xs:string" minOccurs="0" />
                <xs:element name="Mercato" type="xs:string" minOccurs="0" />
                <xs:element name="Ora" type="xs:string" minOccurs="0" />
                <xs:element name="PUN" type="xs:string" minOccurs="0" />
                <xs:element name="NAT" type="xs:string" minOccurs="0" />
                <xs:element name="CNOR" type="xs:string" minOccurs="0" />
                <xs:element name="CSUD" type="xs:string" minOccurs="0" />
                <xs:element name="NORD" type="xs:string" minOccurs="0" />
                <xs:element name="SARD" type="xs:string" minOccurs="0" />
                <xs:element name="SICI" type="xs:string" minOccurs="0" />
                <xs:element name="SUD" type="xs:string" minOccurs="0" />
                <xs:element name="AUST" type="xs:string" minOccurs="0" />
                <xs:element name="BRNN" type="xs:string" minOccurs="0" />
                <xs:element name="COAC" type="xs:string" minOccurs="0" />
                <xs:element name="CORS" type="xs:string" minOccurs="0" />
                <xs:element name="FOGN" type="xs:string" minOccurs="0" />
                <xs:element name="FRAN" type="xs:string" minOccurs="0" />
                <xs:element name="GREC" type="xs:string" minOccurs="0" />
                <xs:element name="MFTV" type="xs:string" minOccurs="0" />
                <xs:element name="PRGP" type="xs:string" minOccurs="0" />
                <xs:element name="ROSN" type="xs:string" minOccurs="0" />
                <xs:element name="SLOV" type="xs:string" minOccurs="0" />
                <xs:element name="SVIZ" type="xs:string" minOccurs="0" />
                <xs:element name="BSP" type="xs:string" minOccurs="0" />
                <xs:element name="MALT" type="xs:string" minOccurs="0" />
                <xs:element name="XAUS" type="xs:string" minOccurs="0" />
                <xs:element name="XFRA" type="xs:string" minOccurs="0" />
              </xs:sequence>
            </xs:complexType>
          </xs:element>
        </xs:choice>
      </xs:complexType>
    </xs:element>
  </xs:schema>
  <Prezzi>
    <Data>20150622</Data>
    <Mercato>MGP</Mercato>
    <Ora>1</Ora>
    <PUN>44,960400</PUN>
    <NAT>42,420000</NAT>
    <CNOR>48,190000</CNOR>
    <CSUD>48,190000</CSUD>
    <NORD>40,000000</NORD>
    <SARD>48,190000</SARD>
    <SICI>61,050000</SICI>
    <SUD>48,190000</SUD>
    <AUST>40,000000</AUST>
    <BRNN>48,190000</BRNN>
    <COAC>48,190000</COAC>
    <CORS>48,190000</CORS>
    <FOGN>48,190000</FOGN>
    <FRAN>40,000000</FRAN>
    <GREC>48,190000</GREC>
    <MFTV>40,000000</MFTV>
    <PRGP>61,050000</PRGP>
    <ROSN>48,190000</ROSN>
    <SLOV>40,000000</SLOV>
    <SVIZ>40,000000</SVIZ>
    <BSP>40,000000</BSP>
    <MALT>61,050000</MALT>
    <XAUS>40,000000</XAUS>
    <XFRA>40,000000</XFRA>
  </Prezzi>
  <Prezzi>
    <Data>20150622</Data>
    <Mercato>MGP</Mercato>
    <Ora>2</Ora>
    <PUN>38,516210</PUN>
    <NAT>38,520000</NAT>
    <CNOR>38,520000</CNOR>
    <CSUD>38,520000</CSUD>
    <NORD>38,010000</NORD>
    <SARD>38,520000</SARD>
    <SICI>42,990000</SICI>
    <SUD>38,520000</SUD>
    <AUST>38,010000</AUST>
    <BRNN>38,520000</BRNN>
    <COAC>38,520000</COAC>
    <CORS>38,520000</CORS>
    <FOGN>38,520000</FOGN>
    <FRAN>38,010000</FRAN>
    <GREC>38,520000</GREC>
    <MFTV>38,010000</MFTV>
    <PRGP>42,990000</PRGP>
    <ROSN>38,520000</ROSN>
    <SLOV>38,010000</SLOV>
    <SVIZ>38,010000</SVIZ>
    <BSP>38,010000</BSP>
    <MALT>42,990000</MALT>
    <XAUS>38,010000</XAUS>
    <XFRA>38,010000</XFRA>
  </Prezzi>
  <Prezzi>
    <Data>20150622</Data>
    <Mercato>MGP</Mercato>
    <Ora>3</Ora>
    <PUN>35,444580</PUN>
    <NAT>35,820000</NAT>
    <CNOR>35,400000</CNOR>
    <CSUD>35,400000</CSUD>
    <NORD>35,400000</NORD>
    <SARD>35,400000</SARD>
    <SICI>36,230000</SICI>
    <SUD>35,400000</SUD>
    <AUST>35,400000</AUST>
    <BRNN>35,400000</BRNN>
    <COAC>35,400000</COAC>
    <CORS>35,400000</CORS>
    <FOGN>35,400000</FOGN>
    <FRAN>35,400000</FRAN>
    <GREC>35,400000</GREC>
    <MFTV>35,400000</MFTV>
    <PRGP>36,230000</PRGP>
    <ROSN>35,400000</ROSN>
    <SLOV>35,400000</SLOV>
    <SVIZ>35,400000</SVIZ>
    <BSP>35,400000</BSP>
    <MALT>36,230000</MALT>
    <XAUS>35,400000</XAUS>
    <XFRA>35,400000</XFRA>
  </Prezzi>
  <Prezzi>
    <Data>20150622</Data>
    <Mercato>MGP</Mercato>
    <Ora>4</Ora>
    <PUN>35,065400</PUN>
    <NAT>35,000000</NAT>
    <CNOR>35,000000</CNOR>
    <CSUD>35,000000</CSUD>
    <NORD>35,000000</NORD>
    <SARD>35,000000</SARD>
    <SICI>36,230000</SICI>
    <SUD>35,000000</SUD>
    <AUST>35,000000</AUST>
    <BRNN>35,000000</BRNN>
    <COAC>35,000000</COAC>
    <CORS>35,000000</CORS>
    <FOGN>35,000000</FOGN>
    <FRAN>35,000000</FRAN>
    <GREC>35,000000</GREC>
    <MFTV>35,000000</MFTV>
    <PRGP>36,230000</PRGP>
    <ROSN>35,000000</ROSN>
    <SLOV>35,000000</SLOV>
    <SVIZ>35,000000</SVIZ>
    <BSP>35,000000</BSP>
    <MALT>36,230000</MALT>
    <XAUS>35,000000</XAUS>
    <XFRA>35,000000</XFRA>
  </Prezzi>
  <Prezzi>
    <Data>20150622</Data>
    <Mercato>MGP</Mercato>
    <Ora>5</Ora>
    <PUN>35,841200</PUN>
    <NAT>35,820000</NAT>
    <CNOR>35,820000</CNOR>
    <CSUD>35,820000</CSUD>
    <NORD>35,820000</NORD>
    <SARD>35,820000</SARD>
    <SICI>36,230000</SICI>
    <SUD>35,820000</SUD>
    <AUST>35,820000</AUST>
    <BRNN>35,820000</BRNN>
    <COAC>35,820000</COAC>
    <CORS>35,820000</CORS>
    <FOGN>35,820000</FOGN>
    <FRAN>35,820000</FRAN>
    <GREC>35,820000</GREC>
    <MFTV>35,820000</MFTV>
    <PRGP>36,230000</PRGP>
    <ROSN>35,820000</ROSN>
    <SLOV>35,820000</SLOV>
    <SVIZ>35,820000</SVIZ>
    <BSP>35,820000</BSP>
    <MALT>36,230000</MALT>
    <XAUS>35,820000</XAUS>
    <XFRA>35,820000</XFRA>
  </Prezzi>
  <Prezzi>
    <Data>20150622</Data>
    <Mercato>MGP</Mercato>
    <Ora>6</Ora>
    <PUN>35,442940</PUN>
    <NAT>35,400000</NAT>
    <CNOR>35,400000</CNOR>
    <CSUD>35,400000</CSUD>
    <NORD>35,400000</NORD>
    <SARD>35,400000</SARD>
    <SICI>36,230000</SICI>
    <SUD>35,400000</SUD>
    <AUST>35,400000</AUST>
    <BRNN>35,400000</BRNN>
    <COAC>35,400000</COAC>
    <CORS>35,400000</CORS>
    <FOGN>35,400000</FOGN>
    <FRAN>35,400000</FRAN>
    <GREC>35,400000</GREC>
    <MFTV>35,400000</MFTV>
    <PRGP>36,230000</PRGP>
    <ROSN>35,400000</ROSN>
    <SLOV>35,400000</SLOV>
    <SVIZ>35,400000</SVIZ>
    <BSP>35,400000</BSP>
    <MALT>36,230000</MALT>
    <XAUS>35,400000</XAUS>
    <XFRA>35,400000</XFRA>
  </Prezzi>
  <Prezzi>
    <Data>20150622</Data>
    <Mercato>MGP</Mercato>
    <Ora>7</Ora>
    <PUN>43,130470</PUN>
    <NAT>42,990000</NAT>
    <CNOR>42,990000</CNOR>
    <CSUD>42,990000</CSUD>
    <NORD>42,990000</NORD>
    <SARD>42,990000</SARD>
    <SICI>45,990000</SICI>
    <SUD>42,990000</SUD>
    <AUST>42,990000</AUST>
    <BRNN>42,990000</BRNN>
    <COAC>42,990000</COAC>
    <CORS>42,990000</CORS>
    <FOGN>42,990000</FOGN>
    <FRAN>42,990000</FRAN>
    <GREC>42,990000</GREC>
    <MFTV>42,990000</MFTV>
    <PRGP>45,990000</PRGP>
    <ROSN>42,990000</ROSN>
    <SLOV>42,990000</SLOV>
    <SVIZ>42,990000</SVIZ>
    <BSP>42,990000</BSP>
    <MALT>45,990000</MALT>
    <XAUS>42,990000</XAUS>
    <XFRA>42,990000</XFRA>
  </Prezzi>
  <Prezzi>
    <Data>20150622</Data>
    <Mercato>MGP</Mercato>
    <Ora>8</Ora>
    <PUN>49,770660</PUN>
    <NAT>50,000000</NAT>
    <CNOR>49,240000</CNOR>
    <CSUD>49,240000</CSUD>
    <NORD>49,240000</NORD>
    <SARD>49,240000</SARD>
    <SICI>61,050000</SICI>
    <SUD>49,240000</SUD>
    <AUST>49,240000</AUST>
    <BRNN>49,240000</BRNN>
    <COAC>49,240000</COAC>
    <CORS>49,240000</CORS>
    <FOGN>49,240000</FOGN>
    <FRAN>49,240000</FRAN>
    <GREC>49,240000</GREC>
    <MFTV>49,240000</MFTV>
    <PRGP>61,050000</PRGP>
    <ROSN>49,240000</ROSN>
    <SLOV>49,240000</SLOV>
    <SVIZ>49,240000</SVIZ>
    <BSP>49,240000</BSP>
    <MALT>61,050000</MALT>
    <XAUS>49,240000</XAUS>
    <XFRA>49,240000</XFRA>
  </Prezzi>
  <Prezzi>
    <Data>20150622</Data>
    <Mercato>MGP</Mercato>
    <Ora>9</Ora>
    <PUN>50,051470</PUN>
    <NAT>50,000000</NAT>
    <CNOR>49,530000</CNOR>
    <CSUD>49,530000</CSUD>
    <NORD>49,530000</NORD>
    <SARD>49,530000</SARD>
    <SICI>61,050000</SICI>
    <SUD>49,530000</SUD>
    <AUST>49,530000</AUST>
    <BRNN>49,530000</BRNN>
    <COAC>49,530000</COAC>
    <CORS>49,530000</CORS>
    <FOGN>49,530000</FOGN>
    <FRAN>49,530000</FRAN>
    <GREC>49,530000</GREC>
    <MFTV>49,530000</MFTV>
    <PRGP>61,050000</PRGP>
    <ROSN>49,530000</ROSN>
    <SLOV>49,530000</SLOV>
    <SVIZ>49,530000</SVIZ>
    <BSP>49,530000</BSP>
    <MALT>61,050000</MALT>
    <XAUS>49,530000</XAUS>
    <XFRA>49,530000</XFRA>
  </Prezzi>
  <Prezzi>
    <Data>20150622</Data>
    <Mercato>MGP</Mercato>
    <Ora>10</Ora>
    <PUN>49,991510</PUN>
    <NAT>49,910000</NAT>
    <CNOR>49,470000</CNOR>
    <CSUD>49,470000</CSUD>
    <NORD>49,470000</NORD>
    <SARD>49,470000</SARD>
    <SICI>61,050000</SICI>
    <SUD>49,470000</SUD>
    <AUST>49,470000</AUST>
    <BRNN>49,470000</BRNN>
    <COAC>49,470000</COAC>
    <CORS>49,470000</CORS>
    <FOGN>49,470000</FOGN>
    <FRAN>49,470000</FRAN>
    <GREC>49,470000</GREC>
    <MFTV>49,470000</MFTV>
    <PRGP>61,050000</PRGP>
    <ROSN>49,470000</ROSN>
    <SLOV>49,470000</SLOV>
    <SVIZ>49,470000</SVIZ>
    <BSP>49,470000</BSP>
    <MALT>61,050000</MALT>
    <XAUS>49,470000</XAUS>
    <XFRA>49,470000</XFRA>
  </Prezzi>
  <Prezzi>
    <Data>20150622</Data>
    <Mercato>MGP</Mercato>
    <Ora>11</Ora>
    <PUN>48,383520</PUN>
    <NAT>48,650000</NAT>
    <CNOR>47,790000</CNOR>
    <CSUD>47,790000</CSUD>
    <NORD>47,790000</NORD>
    <SARD>47,790000</SARD>
    <SICI>61,050000</SICI>
    <SUD>47,790000</SUD>
    <AUST>47,790000</AUST>
    <BRNN>47,790000</BRNN>
    <COAC>47,790000</COAC>
    <CORS>47,790000</CORS>
    <FOGN>47,790000</FOGN>
    <FRAN>47,790000</FRAN>
    <GREC>47,790000</GREC>
    <MFTV>47,790000</MFTV>
    <PRGP>61,050000</PRGP>
    <ROSN>47,790000</ROSN>
    <SLOV>47,790000</SLOV>
    <SVIZ>47,790000</SVIZ>
    <BSP>47,790000</BSP>
    <MALT>61,050000</MALT>
    <XAUS>47,790000</XAUS>
    <XFRA>47,790000</XFRA>
  </Prezzi>
  <Prezzi>
    <Data>20150622</Data>
    <Mercato>MGP</Mercato>
    <Ora>12</Ora>
    <PUN>47,253780</PUN>
    <NAT>46,410000</NAT>
    <CNOR>44,900000</CNOR>
    <CSUD>44,900000</CSUD>
    <NORD>47,610000</NORD>
    <SARD>44,900000</SARD>
    <SICI>61,050000</SICI>
    <SUD>44,900000</SUD>
    <AUST>47,610000</AUST>
    <BRNN>44,900000</BRNN>
    <COAC>44,900000</COAC>
    <CORS>44,900000</CORS>
    <FOGN>44,900000</FOGN>
    <FRAN>47,610000</FRAN>
    <GREC>44,900000</GREC>
    <MFTV>47,610000</MFTV>
    <PRGP>61,050000</PRGP>
    <ROSN>44,900000</ROSN>
    <SLOV>47,610000</SLOV>
    <SVIZ>47,610000</SVIZ>
    <BSP>47,610000</BSP>
    <MALT>61,050000</MALT>
    <XAUS>47,610000</XAUS>
    <XFRA>47,610000</XFRA>
  </Prezzi>
  <Prezzi>
    <Data>20150622</Data>
    <Mercato>MGP</Mercato>
    <Ora>13</Ora>
    <PUN>44,224090</PUN>
    <NAT>43,010000</NAT>
    <CNOR>43,570000</CNOR>
    <CSUD>42,990000</CSUD>
    <NORD>43,570000</NORD>
    <SARD>42,990000</SARD>
    <SICI>61,050000</SICI>
    <SUD>42,990000</SUD>
    <AUST>43,570000</AUST>
    <BRNN>42,990000</BRNN>
    <COAC>42,990000</COAC>
    <CORS>43,570000</CORS>
    <FOGN>42,990000</FOGN>
    <FRAN>43,570000</FRAN>
    <GREC>42,990000</GREC>
    <MFTV>43,570000</MFTV>
    <PRGP>61,050000</PRGP>
    <ROSN>42,990000</ROSN>
    <SLOV>43,570000</SLOV>
    <SVIZ>43,570000</SVIZ>
    <BSP>43,570000</BSP>
    <MALT>61,050000</MALT>
    <XAUS>43,570000</XAUS>
    <XFRA>43,570000</XFRA>
  </Prezzi>
  <Prezzi>
    <Data>20150622</Data>
    <Mercato>MGP</Mercato>
    <Ora>14</Ora>
    <PUN>42,576380</PUN>
    <NAT>42,000000</NAT>
    <CNOR>41,820000</CNOR>
    <CSUD>41,820000</CSUD>
    <NORD>41,820000</NORD>
    <SARD>41,820000</SARD>
    <SICI>59,000000</SICI>
    <SUD>41,820000</SUD>
    <AUST>41,820000</AUST>
    <BRNN>41,820000</BRNN>
    <COAC>41,820000</COAC>
    <CORS>41,820000</CORS>
    <FOGN>41,820000</FOGN>
    <FRAN>41,820000</FRAN>
    <GREC>41,820000</GREC>
    <MFTV>41,820000</MFTV>
    <PRGP>59,000000</PRGP>
    <ROSN>41,820000</ROSN>
    <SLOV>41,820000</SLOV>
    <SVIZ>41,820000</SVIZ>
    <BSP>41,820000</BSP>
    <MALT>59,000000</MALT>
    <XAUS>41,820000</XAUS>
    <XFRA>41,820000</XFRA>
  </Prezzi>
  <Prezzi>
    <Data>20150622</Data>
    <Mercato>MGP</Mercato>
    <Ora>15</Ora>
    <PUN>43,991480</PUN>
    <NAT>42,250000</NAT>
    <CNOR>44,570000</CNOR>
    <CSUD>40,820000</CSUD>
    <NORD>44,570000</NORD>
    <SARD>40,820000</SARD>
    <SICI>53,200000</SICI>
    <SUD>40,820000</SUD>
    <AUST>44,570000</AUST>
    <BRNN>40,820000</BRNN>
    <COAC>40,820000</COAC>
    <CORS>44,570000</CORS>
    <FOGN>40,820000</FOGN>
    <FRAN>44,570000</FRAN>
    <GREC>40,820000</GREC>
    <MFTV>44,570000</MFTV>
    <PRGP>53,200000</PRGP>
    <ROSN>40,820000</ROSN>
    <SLOV>44,570000</SLOV>
    <SVIZ>44,570000</SVIZ>
    <BSP>44,570000</BSP>
    <MALT>53,200000</MALT>
    <XAUS>44,570000</XAUS>
    <XFRA>44,570000</XFRA>
  </Prezzi>
  <Prezzi>
    <Data>20150622</Data>
    <Mercato>MGP</Mercato>
    <Ora>16</Ora>
    <PUN>46,532140</PUN>
    <NAT>45,000000</NAT>
    <CNOR>47,180000</CNOR>
    <CSUD>42,820000</CSUD>
    <NORD>47,180000</NORD>
    <SARD>42,820000</SARD>
    <SICI>57,430000</SICI>
    <SUD>42,820000</SUD>
    <AUST>47,180000</AUST>
    <BRNN>42,820000</BRNN>
    <COAC>42,820000</COAC>
    <CORS>47,180000</CORS>
    <FOGN>42,820000</FOGN>
    <FRAN>47,180000</FRAN>
    <GREC>42,820000</GREC>
    <MFTV>47,180000</MFTV>
    <PRGP>57,430000</PRGP>
    <ROSN>42,820000</ROSN>
    <SLOV>47,180000</SLOV>
    <SVIZ>47,180000</SVIZ>
    <BSP>47,180000</BSP>
    <MALT>57,430000</MALT>
    <XAUS>47,180000</XAUS>
    <XFRA>47,180000</XFRA>
  </Prezzi>
  <Prezzi>
    <Data>20150622</Data>
    <Mercato>MGP</Mercato>
    <Ora>17</Ora>
    <PUN>49,627450</PUN>
    <NAT>48,900000</NAT>
    <CNOR>49,230000</CNOR>
    <CSUD>48,900000</CSUD>
    <NORD>49,230000</NORD>
    <SARD>48,900000</SARD>
    <SICI>60,400000</SICI>
    <SUD>48,900000</SUD>
    <AUST>49,230000</AUST>
    <BRNN>48,900000</BRNN>
    <COAC>48,900000</COAC>
    <CORS>49,230000</CORS>
    <FOGN>48,900000</FOGN>
    <FRAN>49,230000</FRAN>
    <GREC>48,900000</GREC>
    <MFTV>49,230000</MFTV>
    <PRGP>60,400000</PRGP>
    <ROSN>48,900000</ROSN>
    <SLOV>49,230000</SLOV>
    <SVIZ>49,230000</SVIZ>
    <BSP>49,230000</BSP>
    <MALT>60,400000</MALT>
    <XAUS>49,230000</XAUS>
    <XFRA>49,230000</XFRA>
  </Prezzi>
  <Prezzi>
    <Data>20150622</Data>
    <Mercato>MGP</Mercato>
    <Ora>18</Ora>
    <PUN>49,710000</PUN>
    <NAT>49,570000</NAT>
    <CNOR>49,155410</CNOR>
    <CSUD>49,155410</CSUD>
    <NORD>49,155410</NORD>
    <SARD>49,155410</SARD>
    <SICI>61,050000</SICI>
    <SUD>49,155410</SUD>
    <AUST>49,155410</AUST>
    <BRNN>49,155410</BRNN>
    <COAC>49,155410</COAC>
    <CORS>49,155410</CORS>
    <FOGN>49,155410</FOGN>
    <FRAN>49,155410</FRAN>
    <GREC>49,155410</GREC>
    <MFTV>49,155410</MFTV>
    <PRGP>61,050000</PRGP>
    <ROSN>49,155410</ROSN>
    <SLOV>49,155410</SLOV>
    <SVIZ>49,155410</SVIZ>
    <BSP>49,155410</BSP>
    <MALT>61,050000</MALT>
    <XAUS>49,155410</XAUS>
    <XFRA>49,155410</XFRA>
  </Prezzi>
  <Prezzi>
    <Data>20150622</Data>
    <Mercato>MGP</Mercato>
    <Ora>19</Ora>
    <PUN>50,551460</PUN>
    <NAT>50,070000</NAT>
    <CNOR>50,000000</CNOR>
    <CSUD>50,000000</CSUD>
    <NORD>50,000000</NORD>
    <SARD>50,000000</SARD>
    <SICI>61,250000</SICI>
    <SUD>50,000000</SUD>
    <AUST>50,000000</AUST>
    <BRNN>50,000000</BRNN>
    <COAC>50,000000</COAC>
    <CORS>50,000000</CORS>
    <FOGN>50,000000</FOGN>
    <FRAN>50,000000</FRAN>
    <GREC>50,000000</GREC>
    <MFTV>50,000000</MFTV>
    <PRGP>61,250000</PRGP>
    <ROSN>50,000000</ROSN>
    <SLOV>50,000000</SLOV>
    <SVIZ>50,000000</SVIZ>
    <BSP>50,000000</BSP>
    <MALT>61,250000</MALT>
    <XAUS>50,000000</XAUS>
    <XFRA>50,000000</XFRA>
  </Prezzi>
  <Prezzi>
    <Data>20150622</Data>
    <Mercato>MGP</Mercato>
    <Ora>20</Ora>
    <PUN>51,519110</PUN>
    <NAT>52,180000</NAT>
    <CNOR>51,000000</CNOR>
    <CSUD>51,000000</CSUD>
    <NORD>51,000000</NORD>
    <SARD>51,000000</SARD>
    <SICI>61,250000</SICI>
    <SUD>51,000000</SUD>
    <AUST>51,000000</AUST>
    <BRNN>51,000000</BRNN>
    <COAC>51,000000</COAC>
    <CORS>51,000000</CORS>
    <FOGN>51,000000</FOGN>
    <FRAN>51,000000</FRAN>
    <GREC>51,000000</GREC>
    <MFTV>51,000000</MFTV>
    <PRGP>61,250000</PRGP>
    <ROSN>51,000000</ROSN>
    <SLOV>51,000000</SLOV>
    <SVIZ>51,000000</SVIZ>
    <BSP>51,000000</BSP>
    <MALT>61,250000</MALT>
    <XAUS>51,000000</XAUS>
    <XFRA>51,000000</XFRA>
  </Prezzi>
  <Prezzi>
    <Data>20150622</Data>
    <Mercato>MGP</Mercato>
    <Ora>21</Ora>
    <PUN>51,687830</PUN>
    <NAT>52,500000</NAT>
    <CNOR>52,250000</CNOR>
    <CSUD>52,250000</CSUD>
    <NORD>50,000000</NORD>
    <SARD>52,250000</SARD>
    <SICI>63,000000</SICI>
    <SUD>52,250000</SUD>
    <AUST>50,000000</AUST>
    <BRNN>52,250000</BRNN>
    <COAC>52,250000</COAC>
    <CORS>52,250000</CORS>
    <FOGN>52,250000</FOGN>
    <FRAN>50,000000</FRAN>
    <GREC>52,250000</GREC>
    <MFTV>50,000000</MFTV>
    <PRGP>63,000000</PRGP>
    <ROSN>52,250000</ROSN>
    <SLOV>50,000000</SLOV>
    <SVIZ>50,000000</SVIZ>
    <BSP>50,000000</BSP>
    <MALT>63,000000</MALT>
    <XAUS>50,000000</XAUS>
    <XFRA>50,000000</XFRA>
  </Prezzi>
  <Prezzi>
    <Data>20150622</Data>
    <Mercato>MGP</Mercato>
    <Ora>22</Ora>
    <PUN>51,113860</PUN>
    <NAT>52,990000</NAT>
    <CNOR>50,900000</CNOR>
    <CSUD>50,900000</CSUD>
    <NORD>50,000000</NORD>
    <SARD>50,900000</SARD>
    <SICI>63,000000</SICI>
    <SUD>50,900000</SUD>
    <AUST>50,000000</AUST>
    <BRNN>50,900000</BRNN>
    <COAC>50,900000</COAC>
    <CORS>50,900000</CORS>
    <FOGN>50,900000</FOGN>
    <FRAN>50,000000</FRAN>
    <GREC>50,900000</GREC>
    <MFTV>50,000000</MFTV>
    <PRGP>63,000000</PRGP>
    <ROSN>50,900000</ROSN>
    <SLOV>50,000000</SLOV>
    <SVIZ>50,000000</SVIZ>
    <BSP>50,000000</BSP>
    <MALT>63,000000</MALT>
    <XAUS>50,000000</XAUS>
    <XFRA>50,000000</XFRA>
  </Prezzi>
  <Prezzi>
    <Data>20150622</Data>
    <Mercato>MGP</Mercato>
    <Ora>23</Ora>
    <PUN>50,053930</PUN>
    <NAT>50,160000</NAT>
    <CNOR>49,290000</CNOR>
    <CSUD>49,290000</CSUD>
    <NORD>49,290000</NORD>
    <SARD>49,290000</SARD>
    <SICI>63,000000</SICI>
    <SUD>49,290000</SUD>
    <AUST>49,290000</AUST>
    <BRNN>49,290000</BRNN>
    <COAC>49,290000</COAC>
    <CORS>49,290000</CORS>
    <FOGN>49,290000</FOGN>
    <FRAN>49,290000</FRAN>
    <GREC>49,290000</GREC>
    <MFTV>49,290000</MFTV>
    <PRGP>63,000000</PRGP>
    <ROSN>49,290000</ROSN>
    <SLOV>49,290000</SLOV>
    <SVIZ>49,290000</SVIZ>
    <BSP>49,290000</BSP>
    <MALT>63,000000</MALT>
    <XAUS>49,290000</XAUS>
    <XFRA>49,290000</XFRA>
  </Prezzi>
  <Prezzi>
    <Data>20150622</Data>
    <Mercato>MGP</Mercato>
    <Ora>24</Ora>
    <PUN>45,881790</PUN>
    <NAT>47,780000</NAT>
    <CNOR>45,000000</CNOR>
    <CSUD>45,000000</CSUD>
    <NORD>45,000000</NORD>
    <SARD>45,000000</SARD>
    <SICI>61,250000</SICI>
    <SUD>45,000000</SUD>
    <AUST>45,000000</AUST>
    <BRNN>45,000000</BRNN>
    <COAC>45,000000</COAC>
    <CORS>45,000000</CORS>
    <FOGN>45,000000</FOGN>
    <FRAN>45,000000</FRAN>
    <GREC>45,000000</GREC>
    <MFTV>45,000000</MFTV>
    <PRGP>61,250000</PRGP>
    <ROSN>45,000000</ROSN>
    <SLOV>45,000000</SLOV>
    <SVIZ>45,000000</SVIZ>
    <BSP>45,000000</BSP>
    <MALT>61,250000</MALT>
    <XAUS>45,000000</XAUS>
    <XFRA>45,000000</XFRA>
  </Prezzi>
</NewDataSet>