<?xml version="1.0" standalone="yes"?>
<NewDataSet>
  <xs:schema id="NewDataSet" xmlns="" xmlns:xs="http://www.w3.org/2001/XMLSchema" xmlns:msdata="urn:schemas-microsoft-com:xml-msdata">
    <xs:element name="NewDataSet" msdata:IsDataSet="true" msdata:UseCurrentLocale="true">
      <xs:complexType>
        <xs:choice minOccurs="0" maxOccurs="unbounded">
          <xs:element name="Prezzi">
            <xs:complexType>
              <xs:sequence>
                <xs:element name="Data" type="xs:string" minOccurs="0" />
                <xs:element name="Mercato" type="xs:string" minOccurs="0" />
                <xs:element name="Ora" type="xs:string" minOccurs="0" />
                <xs:element name="PUN" type="xs:string" minOccurs="0" />
                <xs:element name="NAT" type="xs:string" minOccurs="0" />
                <xs:element name="CNOR" type="xs:string" minOccurs="0" />
                <xs:element name="CSUD" type="xs:string" minOccurs="0" />
                <xs:element name="NORD" type="xs:string" minOccurs="0" />
                <xs:element name="SARD" type="xs:string" minOccurs="0" />
                <xs:element name="SICI" type="xs:string" minOccurs="0" />
                <xs:element name="SUD" type="xs:string" minOccurs="0" />
                <xs:element name="AUST" type="xs:string" minOccurs="0" />
                <xs:element name="BRNN" type="xs:string" minOccurs="0" />
                <xs:element name="COAC" type="xs:string" minOccurs="0" />
                <xs:element name="CORS" type="xs:string" minOccurs="0" />
                <xs:element name="FOGN" type="xs:string" minOccurs="0" />
                <xs:element name="FRAN" type="xs:string" minOccurs="0" />
                <xs:element name="GREC" type="xs:string" minOccurs="0" />
                <xs:element name="MFTV" type="xs:string" minOccurs="0" />
                <xs:element name="PRGP" type="xs:string" minOccurs="0" />
                <xs:element name="ROSN" type="xs:string" minOccurs="0" />
                <xs:element name="SLOV" type="xs:string" minOccurs="0" />
                <xs:element name="SVIZ" type="xs:string" minOccurs="0" />
                <xs:element name="BSP" type="xs:string" minOccurs="0" />
                <xs:element name="MALT" type="xs:string" minOccurs="0" />
                <xs:element name="XAUS" type="xs:string" minOccurs="0" />
                <xs:element name="XFRA" type="xs:string" minOccurs="0" />
              </xs:sequence>
            </xs:complexType>
          </xs:element>
        </xs:choice>
      </xs:complexType>
    </xs:element>
  </xs:schema>
  <Prezzi>
    <Data>20150615</Data>
    <Mercato>MGP</Mercato>
    <Ora>1</Ora>
    <PUN>48,547650</PUN>
    <NAT>48,320000</NAT>
    <CNOR>47,800000</CNOR>
    <CSUD>47,800000</CSUD>
    <NORD>47,800000</NORD>
    <SARD>47,800000</SARD>
    <SICI>61,050000</SICI>
    <SUD>47,800000</SUD>
    <AUST>47,800000</AUST>
    <BRNN>47,800000</BRNN>
    <COAC>47,800000</COAC>
    <CORS>47,800000</CORS>
    <FOGN>47,800000</FOGN>
    <FRAN>47,800000</FRAN>
    <GREC>47,800000</GREC>
    <MFTV>47,800000</MFTV>
    <PRGP>61,050000</PRGP>
    <ROSN>47,800000</ROSN>
    <SLOV>47,800000</SLOV>
    <SVIZ>47,800000</SVIZ>
    <BSP>47,800000</BSP>
    <MALT>61,050000</MALT>
    <XAUS>47,800000</XAUS>
    <XFRA>47,800000</XFRA>
  </Prezzi>
  <Prezzi>
    <Data>20150615</Data>
    <Mercato>MGP</Mercato>
    <Ora>2</Ora>
    <PUN>43,109700</PUN>
    <NAT>42,130000</NAT>
    <CNOR>42,050000</CNOR>
    <CSUD>42,050000</CSUD>
    <NORD>42,050000</NORD>
    <SARD>42,050000</SARD>
    <SICI>61,050000</SICI>
    <SUD>42,050000</SUD>
    <AUST>42,050000</AUST>
    <BRNN>42,050000</BRNN>
    <COAC>42,050000</COAC>
    <CORS>42,050000</CORS>
    <FOGN>42,050000</FOGN>
    <FRAN>42,050000</FRAN>
    <GREC>42,050000</GREC>
    <MFTV>42,050000</MFTV>
    <PRGP>61,050000</PRGP>
    <ROSN>42,050000</ROSN>
    <SLOV>42,050000</SLOV>
    <SVIZ>42,050000</SVIZ>
    <BSP>42,050000</BSP>
    <MALT>61,050000</MALT>
    <XAUS>42,050000</XAUS>
    <XFRA>42,050000</XFRA>
  </Prezzi>
  <Prezzi>
    <Data>20150615</Data>
    <Mercato>MGP</Mercato>
    <Ora>3</Ora>
    <PUN>41,071530</PUN>
    <NAT>41,010000</NAT>
    <CNOR>40,050000</CNOR>
    <CSUD>40,050000</CSUD>
    <NORD>40,050000</NORD>
    <SARD>40,050000</SARD>
    <SICI>58,800000</SICI>
    <SUD>40,050000</SUD>
    <AUST>40,050000</AUST>
    <BRNN>40,050000</BRNN>
    <COAC>40,050000</COAC>
    <CORS>40,050000</CORS>
    <FOGN>40,050000</FOGN>
    <FRAN>40,050000</FRAN>
    <GREC>40,050000</GREC>
    <MFTV>40,050000</MFTV>
    <PRGP>58,800000</PRGP>
    <ROSN>40,050000</ROSN>
    <SLOV>40,050000</SLOV>
    <SVIZ>40,050000</SVIZ>
    <BSP>40,050000</BSP>
    <MALT>58,800000</MALT>
    <XAUS>40,050000</XAUS>
    <XFRA>40,050000</XFRA>
  </Prezzi>
  <Prezzi>
    <Data>20150615</Data>
    <Mercato>MGP</Mercato>
    <Ora>4</Ora>
    <PUN>39,318950</PUN>
    <NAT>38,420000</NAT>
    <CNOR>38,200000</CNOR>
    <CSUD>38,200000</CSUD>
    <NORD>38,200000</NORD>
    <SARD>38,200000</SARD>
    <SICI>58,800000</SICI>
    <SUD>38,200000</SUD>
    <AUST>38,200000</AUST>
    <BRNN>38,200000</BRNN>
    <COAC>38,200000</COAC>
    <CORS>38,200000</CORS>
    <FOGN>38,200000</FOGN>
    <FRAN>38,200000</FRAN>
    <GREC>38,200000</GREC>
    <MFTV>38,200000</MFTV>
    <PRGP>58,800000</PRGP>
    <ROSN>38,200000</ROSN>
    <SLOV>38,200000</SLOV>
    <SVIZ>38,200000</SVIZ>
    <BSP>38,200000</BSP>
    <MALT>58,800000</MALT>
    <XAUS>38,200000</XAUS>
    <XFRA>38,200000</XFRA>
  </Prezzi>
  <Prezzi>
    <Data>20150615</Data>
    <Mercato>MGP</Mercato>
    <Ora>5</Ora>
    <PUN>42,929260</PUN>
    <NAT>42,130000</NAT>
    <CNOR>42,050000</CNOR>
    <CSUD>42,050000</CSUD>
    <NORD>42,050000</NORD>
    <SARD>42,050000</SARD>
    <SICI>58,800000</SICI>
    <SUD>42,050000</SUD>
    <AUST>42,050000</AUST>
    <BRNN>42,050000</BRNN>
    <COAC>42,050000</COAC>
    <CORS>42,050000</CORS>
    <FOGN>42,050000</FOGN>
    <FRAN>42,050000</FRAN>
    <GREC>42,050000</GREC>
    <MFTV>42,050000</MFTV>
    <PRGP>58,800000</PRGP>
    <ROSN>42,050000</ROSN>
    <SLOV>42,050000</SLOV>
    <SVIZ>42,050000</SVIZ>
    <BSP>42,050000</BSP>
    <MALT>58,800000</MALT>
    <XAUS>42,050000</XAUS>
    <XFRA>42,050000</XFRA>
  </Prezzi>
  <Prezzi>
    <Data>20150615</Data>
    <Mercato>MGP</Mercato>
    <Ora>6</Ora>
    <PUN>42,918760</PUN>
    <NAT>42,050000</NAT>
    <CNOR>42,050000</CNOR>
    <CSUD>42,050000</CSUD>
    <NORD>42,050000</NORD>
    <SARD>42,050000</SARD>
    <SICI>58,800000</SICI>
    <SUD>42,050000</SUD>
    <AUST>42,050000</AUST>
    <BRNN>42,050000</BRNN>
    <COAC>42,050000</COAC>
    <CORS>42,050000</CORS>
    <FOGN>42,050000</FOGN>
    <FRAN>42,050000</FRAN>
    <GREC>42,050000</GREC>
    <MFTV>42,050000</MFTV>
    <PRGP>58,800000</PRGP>
    <ROSN>42,050000</ROSN>
    <SLOV>42,050000</SLOV>
    <SVIZ>42,050000</SVIZ>
    <BSP>42,050000</BSP>
    <MALT>58,800000</MALT>
    <XAUS>42,050000</XAUS>
    <XFRA>42,050000</XFRA>
  </Prezzi>
  <Prezzi>
    <Data>20150615</Data>
    <Mercato>MGP</Mercato>
    <Ora>7</Ora>
    <PUN>51,362070</PUN>
    <NAT>51,000000</NAT>
    <CNOR>51,000000</CNOR>
    <CSUD>51,000000</CSUD>
    <NORD>51,000000</NORD>
    <SARD>51,000000</SARD>
    <SICI>58,800000</SICI>
    <SUD>51,000000</SUD>
    <AUST>51,000000</AUST>
    <BRNN>51,000000</BRNN>
    <COAC>51,000000</COAC>
    <CORS>51,000000</CORS>
    <FOGN>51,000000</FOGN>
    <FRAN>51,000000</FRAN>
    <GREC>51,000000</GREC>
    <MFTV>51,000000</MFTV>
    <PRGP>58,800000</PRGP>
    <ROSN>51,000000</ROSN>
    <SLOV>51,000000</SLOV>
    <SVIZ>51,000000</SVIZ>
    <BSP>51,000000</BSP>
    <MALT>58,800000</MALT>
    <XAUS>51,000000</XAUS>
    <XFRA>51,000000</XFRA>
  </Prezzi>
  <Prezzi>
    <Data>20150615</Data>
    <Mercato>MGP</Mercato>
    <Ora>8</Ora>
    <PUN>50,813440</PUN>
    <NAT>50,500000</NAT>
    <CNOR>50,320000</CNOR>
    <CSUD>50,320000</CSUD>
    <NORD>50,320000</NORD>
    <SARD>50,320000</SARD>
    <SICI>61,050000</SICI>
    <SUD>50,320000</SUD>
    <AUST>50,320000</AUST>
    <BRNN>50,320000</BRNN>
    <COAC>50,320000</COAC>
    <CORS>50,320000</CORS>
    <FOGN>50,320000</FOGN>
    <FRAN>50,320000</FRAN>
    <GREC>50,320000</GREC>
    <MFTV>50,320000</MFTV>
    <PRGP>61,050000</PRGP>
    <ROSN>50,320000</ROSN>
    <SLOV>50,320000</SLOV>
    <SVIZ>50,320000</SVIZ>
    <BSP>50,320000</BSP>
    <MALT>61,050000</MALT>
    <XAUS>50,320000</XAUS>
    <XFRA>50,320000</XFRA>
  </Prezzi>
  <Prezzi>
    <Data>20150615</Data>
    <Mercato>MGP</Mercato>
    <Ora>9</Ora>
    <PUN>54,203010</PUN>
    <NAT>55,000000</NAT>
    <CNOR>53,870000</CNOR>
    <CSUD>53,870000</CSUD>
    <NORD>53,870000</NORD>
    <SARD>53,870000</SARD>
    <SICI>61,250000</SICI>
    <SUD>53,870000</SUD>
    <AUST>53,870000</AUST>
    <BRNN>53,870000</BRNN>
    <COAC>53,870000</COAC>
    <CORS>53,870000</CORS>
    <FOGN>53,870000</FOGN>
    <FRAN>53,870000</FRAN>
    <GREC>53,870000</GREC>
    <MFTV>53,870000</MFTV>
    <PRGP>61,250000</PRGP>
    <ROSN>53,870000</ROSN>
    <SLOV>53,870000</SLOV>
    <SVIZ>53,870000</SVIZ>
    <BSP>53,870000</BSP>
    <MALT>61,250000</MALT>
    <XAUS>53,870000</XAUS>
    <XFRA>53,870000</XFRA>
  </Prezzi>
  <Prezzi>
    <Data>20150615</Data>
    <Mercato>MGP</Mercato>
    <Ora>10</Ora>
    <PUN>51,003840</PUN>
    <NAT>51,320000</NAT>
    <CNOR>50,520000</CNOR>
    <CSUD>50,520000</CSUD>
    <NORD>50,520000</NORD>
    <SARD>50,520000</SARD>
    <SICI>61,050000</SICI>
    <SUD>50,520000</SUD>
    <AUST>50,520000</AUST>
    <BRNN>50,520000</BRNN>
    <COAC>50,520000</COAC>
    <CORS>50,520000</CORS>
    <FOGN>50,520000</FOGN>
    <FRAN>50,520000</FRAN>
    <GREC>50,520000</GREC>
    <MFTV>50,520000</MFTV>
    <PRGP>61,050000</PRGP>
    <ROSN>50,520000</ROSN>
    <SLOV>50,520000</SLOV>
    <SVIZ>50,520000</SVIZ>
    <BSP>50,520000</BSP>
    <MALT>61,050000</MALT>
    <XAUS>50,520000</XAUS>
    <XFRA>50,520000</XFRA>
  </Prezzi>
  <Prezzi>
    <Data>20150615</Data>
    <Mercato>MGP</Mercato>
    <Ora>11</Ora>
    <PUN>50,289950</PUN>
    <NAT>49,990000</NAT>
    <CNOR>48,820000</CNOR>
    <CSUD>48,820000</CSUD>
    <NORD>50,360000</NORD>
    <SARD>48,820000</SARD>
    <SICI>61,050000</SICI>
    <SUD>48,820000</SUD>
    <AUST>50,360000</AUST>
    <BRNN>48,820000</BRNN>
    <COAC>48,820000</COAC>
    <CORS>48,820000</CORS>
    <FOGN>48,820000</FOGN>
    <FRAN>50,360000</FRAN>
    <GREC>48,820000</GREC>
    <MFTV>50,360000</MFTV>
    <PRGP>61,050000</PRGP>
    <ROSN>48,820000</ROSN>
    <SLOV>50,360000</SLOV>
    <SVIZ>50,360000</SVIZ>
    <BSP>50,360000</BSP>
    <MALT>61,050000</MALT>
    <XAUS>50,360000</XAUS>
    <XFRA>50,360000</XFRA>
  </Prezzi>
  <Prezzi>
    <Data>20150615</Data>
    <Mercato>MGP</Mercato>
    <Ora>12</Ora>
    <PUN>50,058900</PUN>
    <NAT>50,240000</NAT>
    <CNOR>47,820000</CNOR>
    <CSUD>47,820000</CSUD>
    <NORD>50,670000</NORD>
    <SARD>47,820000</SARD>
    <SICI>61,050000</SICI>
    <SUD>47,730000</SUD>
    <AUST>50,670000</AUST>
    <BRNN>47,730000</BRNN>
    <COAC>47,820000</COAC>
    <CORS>47,820000</CORS>
    <FOGN>47,730000</FOGN>
    <FRAN>50,670000</FRAN>
    <GREC>47,730000</GREC>
    <MFTV>50,670000</MFTV>
    <PRGP>61,050000</PRGP>
    <ROSN>47,730000</ROSN>
    <SLOV>50,670000</SLOV>
    <SVIZ>50,670000</SVIZ>
    <BSP>50,670000</BSP>
    <MALT>61,050000</MALT>
    <XAUS>50,670000</XAUS>
    <XFRA>50,670000</XFRA>
  </Prezzi>
  <Prezzi>
    <Data>20150615</Data>
    <Mercato>MGP</Mercato>
    <Ora>13</Ora>
    <PUN>48,667190</PUN>
    <NAT>47,730000</NAT>
    <CNOR>47,200000</CNOR>
    <CSUD>47,200000</CSUD>
    <NORD>48,610000</NORD>
    <SARD>47,200000</SARD>
    <SICI>61,050000</SICI>
    <SUD>47,200000</SUD>
    <AUST>48,610000</AUST>
    <BRNN>47,200000</BRNN>
    <COAC>47,200000</COAC>
    <CORS>47,200000</CORS>
    <FOGN>47,200000</FOGN>
    <FRAN>48,610000</FRAN>
    <GREC>47,200000</GREC>
    <MFTV>48,610000</MFTV>
    <PRGP>61,050000</PRGP>
    <ROSN>47,200000</ROSN>
    <SLOV>48,610000</SLOV>
    <SVIZ>48,610000</SVIZ>
    <BSP>48,610000</BSP>
    <MALT>61,050000</MALT>
    <XAUS>48,610000</XAUS>
    <XFRA>48,610000</XFRA>
  </Prezzi>
  <Prezzi>
    <Data>20150615</Data>
    <Mercato>MGP</Mercato>
    <Ora>14</Ora>
    <PUN>49,345140</PUN>
    <NAT>48,740000</NAT>
    <CNOR>46,820000</CNOR>
    <CSUD>46,820000</CSUD>
    <NORD>50,000000</NORD>
    <SARD>46,820000</SARD>
    <SICI>61,050000</SICI>
    <SUD>46,820000</SUD>
    <AUST>50,000000</AUST>
    <BRNN>46,820000</BRNN>
    <COAC>46,820000</COAC>
    <CORS>46,820000</CORS>
    <FOGN>46,820000</FOGN>
    <FRAN>50,000000</FRAN>
    <GREC>46,820000</GREC>
    <MFTV>50,000000</MFTV>
    <PRGP>61,050000</PRGP>
    <ROSN>46,820000</ROSN>
    <SLOV>50,000000</SLOV>
    <SVIZ>50,000000</SVIZ>
    <BSP>50,000000</BSP>
    <MALT>61,050000</MALT>
    <XAUS>50,000000</XAUS>
    <XFRA>50,000000</XFRA>
  </Prezzi>
  <Prezzi>
    <Data>20150615</Data>
    <Mercato>MGP</Mercato>
    <Ora>15</Ora>
    <PUN>51,819030</PUN>
    <NAT>52,000000</NAT>
    <CNOR>47,820000</CNOR>
    <CSUD>47,820000</CSUD>
    <NORD>53,520000</NORD>
    <SARD>47,820000</SARD>
    <SICI>61,050000</SICI>
    <SUD>47,820000</SUD>
    <AUST>53,520000</AUST>
    <BRNN>47,820000</BRNN>
    <COAC>47,820000</COAC>
    <CORS>47,820000</CORS>
    <FOGN>47,820000</FOGN>
    <FRAN>53,520000</FRAN>
    <GREC>47,820000</GREC>
    <MFTV>53,520000</MFTV>
    <PRGP>61,050000</PRGP>
    <ROSN>47,820000</ROSN>
    <SLOV>53,520000</SLOV>
    <SVIZ>53,520000</SVIZ>
    <BSP>53,520000</BSP>
    <MALT>61,050000</MALT>
    <XAUS>53,520000</XAUS>
    <XFRA>53,520000</XFRA>
  </Prezzi>
  <Prezzi>
    <Data>20150615</Data>
    <Mercato>MGP</Mercato>
    <Ora>16</Ora>
    <PUN>52,816160</PUN>
    <NAT>52,990000</NAT>
    <CNOR>49,820000</CNOR>
    <CSUD>49,820000</CSUD>
    <NORD>53,990000</NORD>
    <SARD>49,820000</SARD>
    <SICI>61,050000</SICI>
    <SUD>49,820000</SUD>
    <AUST>53,990000</AUST>
    <BRNN>49,820000</BRNN>
    <COAC>49,820000</COAC>
    <CORS>49,820000</CORS>
    <FOGN>49,820000</FOGN>
    <FRAN>53,990000</FRAN>
    <GREC>49,820000</GREC>
    <MFTV>53,990000</MFTV>
    <PRGP>61,050000</PRGP>
    <ROSN>49,820000</ROSN>
    <SLOV>53,990000</SLOV>
    <SVIZ>53,990000</SVIZ>
    <BSP>53,990000</BSP>
    <MALT>61,050000</MALT>
    <XAUS>53,990000</XAUS>
    <XFRA>53,990000</XFRA>
  </Prezzi>
  <Prezzi>
    <Data>20150615</Data>
    <Mercato>MGP</Mercato>
    <Ora>17</Ora>
    <PUN>56,068260</PUN>
    <NAT>56,130000</NAT>
    <CNOR>56,130000</CNOR>
    <CSUD>56,130000</CSUD>
    <NORD>56,130000</NORD>
    <SARD>56,130000</SARD>
    <SICI>61,050000</SICI>
    <SUD>53,330000</SUD>
    <AUST>56,130000</AUST>
    <BRNN>53,330000</BRNN>
    <COAC>56,130000</COAC>
    <CORS>56,130000</CORS>
    <FOGN>53,330000</FOGN>
    <FRAN>56,130000</FRAN>
    <GREC>53,330000</GREC>
    <MFTV>56,130000</MFTV>
    <PRGP>61,050000</PRGP>
    <ROSN>53,330000</ROSN>
    <SLOV>56,130000</SLOV>
    <SVIZ>56,130000</SVIZ>
    <BSP>56,130000</BSP>
    <MALT>61,050000</MALT>
    <XAUS>56,130000</XAUS>
    <XFRA>56,130000</XFRA>
  </Prezzi>
  <Prezzi>
    <Data>20150615</Data>
    <Mercato>MGP</Mercato>
    <Ora>18</Ora>
    <PUN>52,931530</PUN>
    <NAT>52,800000</NAT>
    <CNOR>52,520000</CNOR>
    <CSUD>52,520000</CSUD>
    <NORD>52,520000</NORD>
    <SARD>52,520000</SARD>
    <SICI>61,250000</SICI>
    <SUD>52,520000</SUD>
    <AUST>52,520000</AUST>
    <BRNN>52,520000</BRNN>
    <COAC>52,520000</COAC>
    <CORS>52,520000</CORS>
    <FOGN>52,520000</FOGN>
    <FRAN>52,520000</FRAN>
    <GREC>52,520000</GREC>
    <MFTV>52,520000</MFTV>
    <PRGP>61,250000</PRGP>
    <ROSN>52,520000</ROSN>
    <SLOV>52,520000</SLOV>
    <SVIZ>52,520000</SVIZ>
    <BSP>52,520000</BSP>
    <MALT>61,250000</MALT>
    <XAUS>52,520000</XAUS>
    <XFRA>52,520000</XFRA>
  </Prezzi>
  <Prezzi>
    <Data>20150615</Data>
    <Mercato>MGP</Mercato>
    <Ora>19</Ora>
    <PUN>52,845590</PUN>
    <NAT>53,160000</NAT>
    <CNOR>52,320000</CNOR>
    <CSUD>52,320000</CSUD>
    <NORD>52,320000</NORD>
    <SARD>52,320000</SARD>
    <SICI>63,000000</SICI>
    <SUD>52,320000</SUD>
    <AUST>52,320000</AUST>
    <BRNN>52,320000</BRNN>
    <COAC>52,320000</COAC>
    <CORS>52,320000</CORS>
    <FOGN>52,320000</FOGN>
    <FRAN>52,320000</FRAN>
    <GREC>52,320000</GREC>
    <MFTV>52,320000</MFTV>
    <PRGP>63,000000</PRGP>
    <ROSN>52,320000</ROSN>
    <SLOV>52,320000</SLOV>
    <SVIZ>52,320000</SVIZ>
    <BSP>52,320000</BSP>
    <MALT>63,000000</MALT>
    <XAUS>52,320000</XAUS>
    <XFRA>52,320000</XFRA>
  </Prezzi>
  <Prezzi>
    <Data>20150615</Data>
    <Mercato>MGP</Mercato>
    <Ora>20</Ora>
    <PUN>54,291880</PUN>
    <NAT>53,870000</NAT>
    <CNOR>53,250000</CNOR>
    <CSUD>53,250000</CSUD>
    <NORD>53,250000</NORD>
    <SARD>69,840000</SARD>
    <SICI>63,000000</SICI>
    <SUD>53,250000</SUD>
    <AUST>53,250000</AUST>
    <BRNN>53,250000</BRNN>
    <COAC>69,840000</COAC>
    <CORS>69,840000</CORS>
    <FOGN>53,250000</FOGN>
    <FRAN>53,250000</FRAN>
    <GREC>53,250000</GREC>
    <MFTV>53,250000</MFTV>
    <PRGP>63,000000</PRGP>
    <ROSN>53,250000</ROSN>
    <SLOV>53,250000</SLOV>
    <SVIZ>53,250000</SVIZ>
    <BSP>53,250000</BSP>
    <MALT>63,000000</MALT>
    <XAUS>53,250000</XAUS>
    <XFRA>53,250000</XFRA>
  </Prezzi>
  <Prezzi>
    <Data>20150615</Data>
    <Mercato>MGP</Mercato>
    <Ora>21</Ora>
    <PUN>54,545260</PUN>
    <NAT>55,820000</NAT>
    <CNOR>53,540000</CNOR>
    <CSUD>53,540000</CSUD>
    <NORD>53,400000</NORD>
    <SARD>69,840000</SARD>
    <SICI>63,000000</SICI>
    <SUD>53,540000</SUD>
    <AUST>53,400000</AUST>
    <BRNN>53,540000</BRNN>
    <COAC>69,840000</COAC>
    <CORS>69,840000</CORS>
    <FOGN>53,540000</FOGN>
    <FRAN>53,400000</FRAN>
    <GREC>53,540000</GREC>
    <MFTV>53,400000</MFTV>
    <PRGP>63,000000</PRGP>
    <ROSN>53,540000</ROSN>
    <SLOV>53,400000</SLOV>
    <SVIZ>53,400000</SVIZ>
    <BSP>53,400000</BSP>
    <MALT>63,000000</MALT>
    <XAUS>53,400000</XAUS>
    <XFRA>53,400000</XFRA>
  </Prezzi>
  <Prezzi>
    <Data>20150615</Data>
    <Mercato>MGP</Mercato>
    <Ora>22</Ora>
    <PUN>55,951740</PUN>
    <NAT>58,010000</NAT>
    <CNOR>55,000000</CNOR>
    <CSUD>55,000000</CSUD>
    <NORD>55,000000</NORD>
    <SARD>69,840000</SARD>
    <SICI>63,000000</SICI>
    <SUD>55,000000</SUD>
    <AUST>55,000000</AUST>
    <BRNN>55,000000</BRNN>
    <COAC>69,840000</COAC>
    <CORS>69,840000</CORS>
    <FOGN>55,000000</FOGN>
    <FRAN>55,000000</FRAN>
    <GREC>55,000000</GREC>
    <MFTV>55,000000</MFTV>
    <PRGP>63,000000</PRGP>
    <ROSN>55,000000</ROSN>
    <SLOV>55,000000</SLOV>
    <SVIZ>55,000000</SVIZ>
    <BSP>55,000000</BSP>
    <MALT>63,000000</MALT>
    <XAUS>55,000000</XAUS>
    <XFRA>55,000000</XFRA>
  </Prezzi>
  <Prezzi>
    <Data>20150615</Data>
    <Mercato>MGP</Mercato>
    <Ora>23</Ora>
    <PUN>53,884980</PUN>
    <NAT>53,880000</NAT>
    <CNOR>52,700000</CNOR>
    <CSUD>52,700000</CSUD>
    <NORD>52,700000</NORD>
    <SARD>69,840000</SARD>
    <SICI>63,000000</SICI>
    <SUD>52,700000</SUD>
    <AUST>52,700000</AUST>
    <BRNN>52,700000</BRNN>
    <COAC>69,840000</COAC>
    <CORS>69,840000</CORS>
    <FOGN>52,700000</FOGN>
    <FRAN>52,700000</FRAN>
    <GREC>52,700000</GREC>
    <MFTV>52,700000</MFTV>
    <PRGP>63,000000</PRGP>
    <ROSN>52,700000</ROSN>
    <SLOV>52,700000</SLOV>
    <SVIZ>52,700000</SVIZ>
    <BSP>52,700000</BSP>
    <MALT>63,000000</MALT>
    <XAUS>52,700000</XAUS>
    <XFRA>52,700000</XFRA>
  </Prezzi>
  <Prezzi>
    <Data>20150615</Data>
    <Mercato>MGP</Mercato>
    <Ora>24</Ora>
    <PUN>52,183510</PUN>
    <NAT>52,990000</NAT>
    <CNOR>50,930000</CNOR>
    <CSUD>50,930000</CSUD>
    <NORD>50,930000</NORD>
    <SARD>69,840000</SARD>
    <SICI>61,250000</SICI>
    <SUD>50,930000</SUD>
    <AUST>50,930000</AUST>
    <BRNN>50,930000</BRNN>
    <COAC>69,840000</COAC>
    <CORS>69,840000</CORS>
    <FOGN>50,930000</FOGN>
    <FRAN>50,930000</FRAN>
    <GREC>50,930000</GREC>
    <MFTV>50,930000</MFTV>
    <PRGP>61,250000</PRGP>
    <ROSN>50,930000</ROSN>
    <SLOV>50,930000</SLOV>
    <SVIZ>50,930000</SVIZ>
    <BSP>50,930000</BSP>
    <MALT>61,250000</MALT>
    <XAUS>50,930000</XAUS>
    <XFRA>50,930000</XFRA>
  </Prezzi>
</NewDataSet>