<?xml version="1.0" standalone="yes"?>
<NewDataSet>
  <xs:schema id="NewDataSet" xmlns="" xmlns:xs="http://www.w3.org/2001/XMLSchema" xmlns:msdata="urn:schemas-microsoft-com:xml-msdata">
    <xs:element name="NewDataSet" msdata:IsDataSet="true" msdata:UseCurrentLocale="true">
      <xs:complexType>
        <xs:choice minOccurs="0" maxOccurs="unbounded">
          <xs:element name="Fabbisogno">
            <xs:complexType>
              <xs:sequence>
                <xs:element name="Data" type="xs:string" minOccurs="0" />
                <xs:element name="Mercato" type="xs:string" minOccurs="0" />
                <xs:element name="Ora" type="xs:string" minOccurs="0" />
                <xs:element name="Italia" type="xs:string" minOccurs="0" />
                <xs:element name="CNOR" type="xs:string" minOccurs="0" />
                <xs:element name="CSUD" type="xs:string" minOccurs="0" />
                <xs:element name="NORD" type="xs:string" minOccurs="0" />
                <xs:element name="SARD" type="xs:string" minOccurs="0" />
                <xs:element name="SICI" type="xs:string" minOccurs="0" />
                <xs:element name="SUD" type="xs:string" minOccurs="0" />
              </xs:sequence>
            </xs:complexType>
          </xs:element>
        </xs:choice>
      </xs:complexType>
    </xs:element>
  </xs:schema>
  <Fabbisogno>
    <Data>20151213</Data>
    <Mercato>MGP</Mercato>
    <Ora>1</Ora>
    <Italia>25943,014</Italia>
    <CNOR>2484,227</CNOR>
    <CSUD>4381,213</CSUD>
    <NORD>13292,647</NORD>
    <SARD>827,455</SARD>
    <SICI>1719,842</SICI>
    <SUD>3237,63</SUD>
  </Fabbisogno>
  <Fabbisogno>
    <Data>20151213</Data>
    <Mercato>MGP</Mercato>
    <Ora>2</Ora>
    <Italia>23142,649</Italia>
    <CNOR>2210,008</CNOR>
    <CSUD>3858,874</CSUD>
    <NORD>11773,716</NORD>
    <SARD>760,228</SARD>
    <SICI>1536,826</SICI>
    <SUD>3002,997</SUD>
  </Fabbisogno>
  <Fabbisogno>
    <Data>20151213</Data>
    <Mercato>MGP</Mercato>
    <Ora>3</Ora>
    <Italia>22522,082</Italia>
    <CNOR>2102,947</CNOR>
    <CSUD>3646,791</CSUD>
    <NORD>11711,591</NORD>
    <SARD>742,385</SARD>
    <SICI>1420,866</SICI>
    <SUD>2897,502</SUD>
  </Fabbisogno>
  <Fabbisogno>
    <Data>20151213</Data>
    <Mercato>MGP</Mercato>
    <Ora>4</Ora>
    <Italia>21901,359</Italia>
    <CNOR>2018,013</CNOR>
    <CSUD>3453,148</CSUD>
    <NORD>11528,939</NORD>
    <SARD>722,876</SARD>
    <SICI>1338,479</SICI>
    <SUD>2839,904</SUD>
  </Fabbisogno>
  <Fabbisogno>
    <Data>20151213</Data>
    <Mercato>MGP</Mercato>
    <Ora>5</Ora>
    <Italia>21605,86</Italia>
    <CNOR>2006,036</CNOR>
    <CSUD>3427,356</CSUD>
    <NORD>11310,951</NORD>
    <SARD>722,886</SARD>
    <SICI>1318,466</SICI>
    <SUD>2820,165</SUD>
  </Fabbisogno>
  <Fabbisogno>
    <Data>20151213</Data>
    <Mercato>MGP</Mercato>
    <Ora>6</Ora>
    <Italia>22315,033</Italia>
    <CNOR>2064,368</CNOR>
    <CSUD>3517,131</CSUD>
    <NORD>11762,418</NORD>
    <SARD>738,124</SARD>
    <SICI>1340,961</SICI>
    <SUD>2892,031</SUD>
  </Fabbisogno>
  <Fabbisogno>
    <Data>20151213</Data>
    <Mercato>MGP</Mercato>
    <Ora>7</Ora>
    <Italia>23569,06</Italia>
    <CNOR>2167,965</CNOR>
    <CSUD>3715,24</CSUD>
    <NORD>12526,709</NORD>
    <SARD>776,791</SARD>
    <SICI>1404,341</SICI>
    <SUD>2978,014</SUD>
  </Fabbisogno>
  <Fabbisogno>
    <Data>20151213</Data>
    <Mercato>MGP</Mercato>
    <Ora>8</Ora>
    <Italia>25008,423</Italia>
    <CNOR>2246,159</CNOR>
    <CSUD>3854,674</CSUD>
    <NORD>13577,941</NORD>
    <SARD>817,443</SARD>
    <SICI>1495,732</SICI>
    <SUD>3016,474</SUD>
  </Fabbisogno>
  <Fabbisogno>
    <Data>20151213</Data>
    <Mercato>MGP</Mercato>
    <Ora>9</Ora>
    <Italia>26697,561</Italia>
    <CNOR>2375,82</CNOR>
    <CSUD>4196,999</CSUD>
    <NORD>14258,045</NORD>
    <SARD>873,454</SARD>
    <SICI>1691,39</SICI>
    <SUD>3301,853</SUD>
  </Fabbisogno>
  <Fabbisogno>
    <Data>20151213</Data>
    <Mercato>MGP</Mercato>
    <Ora>10</Ora>
    <Italia>29104,095</Italia>
    <CNOR>2497,151</CNOR>
    <CSUD>4595,268</CSUD>
    <NORD>15907,841</NORD>
    <SARD>910,898</SARD>
    <SICI>1863,32</SICI>
    <SUD>3329,617</SUD>
  </Fabbisogno>
  <Fabbisogno>
    <Data>20151213</Data>
    <Mercato>MGP</Mercato>
    <Ora>11</Ora>
    <Italia>30190,514</Italia>
    <CNOR>2587,43</CNOR>
    <CSUD>4844,2</CSUD>
    <NORD>16561,356</NORD>
    <SARD>902,011</SARD>
    <SICI>1918,864</SICI>
    <SUD>3376,653</SUD>
  </Fabbisogno>
  <Fabbisogno>
    <Data>20151213</Data>
    <Mercato>MGP</Mercato>
    <Ora>12</Ora>
    <Italia>30214,62</Italia>
    <CNOR>2552,593</CNOR>
    <CSUD>4919,81</CSUD>
    <NORD>16590,86</NORD>
    <SARD>893,909</SARD>
    <SICI>1911,625</SICI>
    <SUD>3345,823</SUD>
  </Fabbisogno>
  <Fabbisogno>
    <Data>20151213</Data>
    <Mercato>MGP</Mercato>
    <Ora>13</Ora>
    <Italia>29840,682</Italia>
    <CNOR>2466,982</CNOR>
    <CSUD>4772,689</CSUD>
    <NORD>16457,976</NORD>
    <SARD>877,032</SARD>
    <SICI>1854,845</SICI>
    <SUD>3411,158</SUD>
  </Fabbisogno>
  <Fabbisogno>
    <Data>20151213</Data>
    <Mercato>MGP</Mercato>
    <Ora>14</Ora>
    <Italia>28830,494</Italia>
    <CNOR>2480,947</CNOR>
    <CSUD>4835,211</CSUD>
    <NORD>15592,707</NORD>
    <SARD>865,601</SARD>
    <SICI>1798,775</SICI>
    <SUD>3257,253</SUD>
  </Fabbisogno>
  <Fabbisogno>
    <Data>20151213</Data>
    <Mercato>MGP</Mercato>
    <Ora>15</Ora>
    <Italia>28166,363</Italia>
    <CNOR>2310,08</CNOR>
    <CSUD>4514,241</CSUD>
    <NORD>15699,311</NORD>
    <SARD>835,601</SARD>
    <SICI>1697,337</SICI>
    <SUD>3109,793</SUD>
  </Fabbisogno>
  <Fabbisogno>
    <Data>20151213</Data>
    <Mercato>MGP</Mercato>
    <Ora>16</Ora>
    <Italia>29155,756</Italia>
    <CNOR>2527,455</CNOR>
    <CSUD>4878,93</CSUD>
    <NORD>15746,295</NORD>
    <SARD>874,754</SARD>
    <SICI>1841,03</SICI>
    <SUD>3287,292</SUD>
  </Fabbisogno>
  <Fabbisogno>
    <Data>20151213</Data>
    <Mercato>MGP</Mercato>
    <Ora>17</Ora>
    <Italia>30333,252</Italia>
    <CNOR>2571,065</CNOR>
    <CSUD>4871,95</CSUD>
    <NORD>16602,929</NORD>
    <SARD>903,608</SARD>
    <SICI>2035,746</SICI>
    <SUD>3347,954</SUD>
  </Fabbisogno>
  <Fabbisogno>
    <Data>20151213</Data>
    <Mercato>MGP</Mercato>
    <Ora>18</Ora>
    <Italia>33911,107</Italia>
    <CNOR>2939,727</CNOR>
    <CSUD>5460,556</CSUD>
    <NORD>18147,875</NORD>
    <SARD>1044,508</SARD>
    <SICI>2599,874</SICI>
    <SUD>3718,567</SUD>
  </Fabbisogno>
  <Fabbisogno>
    <Data>20151213</Data>
    <Mercato>MGP</Mercato>
    <Ora>19</Ora>
    <Italia>34777,118</Italia>
    <CNOR>3311,787</CNOR>
    <CSUD>5979,518</CSUD>
    <NORD>17804,098</NORD>
    <SARD>1094,9</SARD>
    <SICI>2633,117</SICI>
    <SUD>3953,698</SUD>
  </Fabbisogno>
  <Fabbisogno>
    <Data>20151213</Data>
    <Mercato>MGP</Mercato>
    <Ora>20</Ora>
    <Italia>34623,711</Italia>
    <CNOR>3543,389</CNOR>
    <CSUD>6302,887</CSUD>
    <NORD>16890,376</NORD>
    <SARD>1146,008</SARD>
    <SICI>2657,446</SICI>
    <SUD>4083,605</SUD>
  </Fabbisogno>
  <Fabbisogno>
    <Data>20151213</Data>
    <Mercato>MGP</Mercato>
    <Ora>21</Ora>
    <Italia>33583,94</Italia>
    <CNOR>3415,526</CNOR>
    <CSUD>6214,893</CSUD>
    <NORD>16123,425</NORD>
    <SARD>1147,489</SARD>
    <SICI>2572,145</SICI>
    <SUD>4110,462</SUD>
  </Fabbisogno>
  <Fabbisogno>
    <Data>20151213</Data>
    <Mercato>MGP</Mercato>
    <Ora>22</Ora>
    <Italia>32240,087</Italia>
    <CNOR>3124,318</CNOR>
    <CSUD>5666,749</CSUD>
    <NORD>16065,943</NORD>
    <SARD>1063,677</SARD>
    <SICI>2310,734</SICI>
    <SUD>4008,666</SUD>
  </Fabbisogno>
  <Fabbisogno>
    <Data>20151213</Data>
    <Mercato>MGP</Mercato>
    <Ora>23</Ora>
    <Italia>29324,883</Italia>
    <CNOR>2922,353</CNOR>
    <CSUD>5289,227</CSUD>
    <NORD>14294,545</NORD>
    <SARD>988,896</SARD>
    <SICI>2054,041</SICI>
    <SUD>3775,821</SUD>
  </Fabbisogno>
  <Fabbisogno>
    <Data>20151213</Data>
    <Mercato>MGP</Mercato>
    <Ora>24</Ora>
    <Italia>27329,251</Italia>
    <CNOR>2687,85</CNOR>
    <CSUD>4874,36</CSUD>
    <NORD>13456,497</NORD>
    <SARD>921,565</SARD>
    <SICI>1875,307</SICI>
    <SUD>3513,672</SUD>
  </Fabbisogno>
</NewDataSet>