<?xml version="1.0" standalone="yes"?>
<NewDataSet>
  <xs:schema id="NewDataSet" xmlns="" xmlns:xs="http://www.w3.org/2001/XMLSchema" xmlns:msdata="urn:schemas-microsoft-com:xml-msdata">
    <xs:element name="NewDataSet" msdata:IsDataSet="true" msdata:UseCurrentLocale="true">
      <xs:complexType>
        <xs:choice minOccurs="0" maxOccurs="unbounded">
          <xs:element name="Fabbisogno">
            <xs:complexType>
              <xs:sequence>
                <xs:element name="Data" type="xs:string" minOccurs="0" />
                <xs:element name="Mercato" type="xs:string" minOccurs="0" />
                <xs:element name="Ora" type="xs:string" minOccurs="0" />
                <xs:element name="Italia" type="xs:string" minOccurs="0" />
                <xs:element name="CNOR" type="xs:string" minOccurs="0" />
                <xs:element name="CSUD" type="xs:string" minOccurs="0" />
                <xs:element name="NORD" type="xs:string" minOccurs="0" />
                <xs:element name="SARD" type="xs:string" minOccurs="0" />
                <xs:element name="SICI" type="xs:string" minOccurs="0" />
                <xs:element name="SUD" type="xs:string" minOccurs="0" />
              </xs:sequence>
            </xs:complexType>
          </xs:element>
        </xs:choice>
      </xs:complexType>
    </xs:element>
  </xs:schema>
  <Fabbisogno>
    <Data>20151231</Data>
    <Mercato>MGP</Mercato>
    <Ora>1</Ora>
    <Italia>23339,544</Italia>
    <CNOR>2439,007</CNOR>
    <CSUD>4267,416</CSUD>
    <NORD>11558,862</NORD>
    <SARD>862,865</SARD>
    <SICI>1546,433</SICI>
    <SUD>2664,961</SUD>
  </Fabbisogno>
  <Fabbisogno>
    <Data>20151231</Data>
    <Mercato>MGP</Mercato>
    <Ora>2</Ora>
    <Italia>21242,91</Italia>
    <CNOR>2309,52</CNOR>
    <CSUD>3912,164</CSUD>
    <NORD>10362,515</NORD>
    <SARD>813,966</SARD>
    <SICI>1362,632</SICI>
    <SUD>2482,113</SUD>
  </Fabbisogno>
  <Fabbisogno>
    <Data>20151231</Data>
    <Mercato>MGP</Mercato>
    <Ora>3</Ora>
    <Italia>20622,769</Italia>
    <CNOR>2101,671</CNOR>
    <CSUD>3500,484</CSUD>
    <NORD>10702,482</NORD>
    <SARD>773,407</SARD>
    <SICI>1256,678</SICI>
    <SUD>2288,047</SUD>
  </Fabbisogno>
  <Fabbisogno>
    <Data>20151231</Data>
    <Mercato>MGP</Mercato>
    <Ora>4</Ora>
    <Italia>20398,694</Italia>
    <CNOR>2016,997</CNOR>
    <CSUD>3422,881</CSUD>
    <NORD>10834,039</NORD>
    <SARD>733,484</SARD>
    <SICI>1210,062</SICI>
    <SUD>2181,231</SUD>
  </Fabbisogno>
  <Fabbisogno>
    <Data>20151231</Data>
    <Mercato>MGP</Mercato>
    <Ora>5</Ora>
    <Italia>20088,307</Italia>
    <CNOR>1919,185</CNOR>
    <CSUD>3259,281</CSUD>
    <NORD>10917,925</NORD>
    <SARD>720,878</SARD>
    <SICI>1203,12</SICI>
    <SUD>2067,918</SUD>
  </Fabbisogno>
  <Fabbisogno>
    <Data>20151231</Data>
    <Mercato>MGP</Mercato>
    <Ora>6</Ora>
    <Italia>21049,973</Italia>
    <CNOR>2011,137</CNOR>
    <CSUD>3404,536</CSUD>
    <NORD>11493,008</NORD>
    <SARD>736,783</SARD>
    <SICI>1259,419</SICI>
    <SUD>2145,09</SUD>
  </Fabbisogno>
  <Fabbisogno>
    <Data>20151231</Data>
    <Mercato>MGP</Mercato>
    <Ora>7</Ora>
    <Italia>24165,939</Italia>
    <CNOR>2290,411</CNOR>
    <CSUD>4000,769</CSUD>
    <NORD>13092,052</NORD>
    <SARD>830,434</SARD>
    <SICI>1414,417</SICI>
    <SUD>2537,856</SUD>
  </Fabbisogno>
  <Fabbisogno>
    <Data>20151231</Data>
    <Mercato>MGP</Mercato>
    <Ora>8</Ora>
    <Italia>27716,614</Italia>
    <CNOR>2656,483</CNOR>
    <CSUD>4545,797</CSUD>
    <NORD>15178,885</NORD>
    <SARD>955,485</SARD>
    <SICI>1621,02</SICI>
    <SUD>2758,944</SUD>
  </Fabbisogno>
  <Fabbisogno>
    <Data>20151231</Data>
    <Mercato>MGP</Mercato>
    <Ora>9</Ora>
    <Italia>30469,322</Italia>
    <CNOR>2952,682</CNOR>
    <CSUD>5135,474</CSUD>
    <NORD>16168,119</NORD>
    <SARD>1089,314</SARD>
    <SICI>1907,138</SICI>
    <SUD>3216,595</SUD>
  </Fabbisogno>
  <Fabbisogno>
    <Data>20151231</Data>
    <Mercato>MGP</Mercato>
    <Ora>10</Ora>
    <Italia>31662,401</Italia>
    <CNOR>3049,657</CNOR>
    <CSUD>5300,429</CSUD>
    <NORD>16878,08</NORD>
    <SARD>1112,735</SARD>
    <SICI>2070,548</SICI>
    <SUD>3250,952</SUD>
  </Fabbisogno>
  <Fabbisogno>
    <Data>20151231</Data>
    <Mercato>MGP</Mercato>
    <Ora>11</Ora>
    <Italia>32300,758</Italia>
    <CNOR>3176,77</CNOR>
    <CSUD>5678,815</CSUD>
    <NORD>16818,189</NORD>
    <SARD>1131,103</SARD>
    <SICI>2096,371</SICI>
    <SUD>3399,51</SUD>
  </Fabbisogno>
  <Fabbisogno>
    <Data>20151231</Data>
    <Mercato>MGP</Mercato>
    <Ora>12</Ora>
    <Italia>31662,1</Italia>
    <CNOR>3066,597</CNOR>
    <CSUD>5461,023</CSUD>
    <NORD>16758,085</NORD>
    <SARD>1077,55</SARD>
    <SICI>2056,194</SICI>
    <SUD>3242,651</SUD>
  </Fabbisogno>
  <Fabbisogno>
    <Data>20151231</Data>
    <Mercato>MGP</Mercato>
    <Ora>13</Ora>
    <Italia>30559,675</Italia>
    <CNOR>2928,782</CNOR>
    <CSUD>5443,716</CSUD>
    <NORD>15852,313</NORD>
    <SARD>1067,313</SARD>
    <SICI>2041,928</SICI>
    <SUD>3225,623</SUD>
  </Fabbisogno>
  <Fabbisogno>
    <Data>20151231</Data>
    <Mercato>MGP</Mercato>
    <Ora>14</Ora>
    <Italia>29359,734</Italia>
    <CNOR>2738,783</CNOR>
    <CSUD>5214,601</CSUD>
    <NORD>15182,22</NORD>
    <SARD>1034,503</SARD>
    <SICI>2018,275</SICI>
    <SUD>3171,352</SUD>
  </Fabbisogno>
  <Fabbisogno>
    <Data>20151231</Data>
    <Mercato>MGP</Mercato>
    <Ora>15</Ora>
    <Italia>29330,457</Italia>
    <CNOR>2792,29</CNOR>
    <CSUD>5161,901</CSUD>
    <NORD>15299,926</NORD>
    <SARD>1027,408</SARD>
    <SICI>2035,207</SICI>
    <SUD>3013,725</SUD>
  </Fabbisogno>
  <Fabbisogno>
    <Data>20151231</Data>
    <Mercato>MGP</Mercato>
    <Ora>16</Ora>
    <Italia>30096,496</Italia>
    <CNOR>2875,203</CNOR>
    <CSUD>5256,857</CSUD>
    <NORD>15613,369</NORD>
    <SARD>1033,325</SARD>
    <SICI>2108,68</SICI>
    <SUD>3209,062</SUD>
  </Fabbisogno>
  <Fabbisogno>
    <Data>20151231</Data>
    <Mercato>MGP</Mercato>
    <Ora>17</Ora>
    <Italia>31836,105</Italia>
    <CNOR>3102,115</CNOR>
    <CSUD>5636,801</CSUD>
    <NORD>16301,248</NORD>
    <SARD>1069,802</SARD>
    <SICI>2275,964</SICI>
    <SUD>3450,175</SUD>
  </Fabbisogno>
  <Fabbisogno>
    <Data>20151231</Data>
    <Mercato>MGP</Mercato>
    <Ora>18</Ora>
    <Italia>34948,999</Italia>
    <CNOR>3674,508</CNOR>
    <CSUD>6633,395</CSUD>
    <NORD>17004,045</NORD>
    <SARD>1192,69</SARD>
    <SICI>2598,273</SICI>
    <SUD>3846,088</SUD>
  </Fabbisogno>
  <Fabbisogno>
    <Data>20151231</Data>
    <Mercato>MGP</Mercato>
    <Ora>19</Ora>
    <Italia>34615,797</Italia>
    <CNOR>3578,856</CNOR>
    <CSUD>6446,242</CSUD>
    <NORD>16826,254</NORD>
    <SARD>1243,034</SARD>
    <SICI>2648,8</SICI>
    <SUD>3872,611</SUD>
  </Fabbisogno>
  <Fabbisogno>
    <Data>20151231</Data>
    <Mercato>MGP</Mercato>
    <Ora>20</Ora>
    <Italia>33426,851</Italia>
    <CNOR>3529,334</CNOR>
    <CSUD>6329,046</CSUD>
    <NORD>15964,521</NORD>
    <SARD>1230,282</SARD>
    <SICI>2616,085</SICI>
    <SUD>3757,583</SUD>
  </Fabbisogno>
  <Fabbisogno>
    <Data>20151231</Data>
    <Mercato>MGP</Mercato>
    <Ora>21</Ora>
    <Italia>31423,924</Italia>
    <CNOR>3464,545</CNOR>
    <CSUD>6179,819</CSUD>
    <NORD>14753,049</NORD>
    <SARD>1145,709</SARD>
    <SICI>2375,424</SICI>
    <SUD>3505,378</SUD>
  </Fabbisogno>
  <Fabbisogno>
    <Data>20151231</Data>
    <Mercato>MGP</Mercato>
    <Ora>22</Ora>
    <Italia>29315,42</Italia>
    <CNOR>3032,886</CNOR>
    <CSUD>5556,259</CSUD>
    <NORD>14198,866</NORD>
    <SARD>1073,533</SARD>
    <SICI>2132,866</SICI>
    <SUD>3321,01</SUD>
  </Fabbisogno>
  <Fabbisogno>
    <Data>20151231</Data>
    <Mercato>MGP</Mercato>
    <Ora>23</Ora>
    <Italia>27179,844</Italia>
    <CNOR>2807,329</CNOR>
    <CSUD>5129,246</CSUD>
    <NORD>13216,265</NORD>
    <SARD>995,028</SARD>
    <SICI>1961,269</SICI>
    <SUD>3070,707</SUD>
  </Fabbisogno>
  <Fabbisogno>
    <Data>20151231</Data>
    <Mercato>MGP</Mercato>
    <Ora>24</Ora>
    <Italia>25103,143</Italia>
    <CNOR>2602,963</CNOR>
    <CSUD>4705,025</CSUD>
    <NORD>12134,349</NORD>
    <SARD>935,57</SARD>
    <SICI>1808,154</SICI>
    <SUD>2917,082</SUD>
  </Fabbisogno>
</NewDataSet>