<?xml version="1.0" standalone="yes"?>
<NewDataSet>
  <xs:schema id="NewDataSet" xmlns="" xmlns:xs="http://www.w3.org/2001/XMLSchema" xmlns:msdata="urn:schemas-microsoft-com:xml-msdata">
    <xs:element name="NewDataSet" msdata:IsDataSet="true" msdata:UseCurrentLocale="true">
      <xs:complexType>
        <xs:choice minOccurs="0" maxOccurs="unbounded">
          <xs:element name="Fabbisogno">
            <xs:complexType>
              <xs:sequence>
                <xs:element name="Data" type="xs:string" minOccurs="0" />
                <xs:element name="Mercato" type="xs:string" minOccurs="0" />
                <xs:element name="Ora" type="xs:string" minOccurs="0" />
                <xs:element name="Italia" type="xs:string" minOccurs="0" />
                <xs:element name="CNOR" type="xs:string" minOccurs="0" />
                <xs:element name="CSUD" type="xs:string" minOccurs="0" />
                <xs:element name="NORD" type="xs:string" minOccurs="0" />
                <xs:element name="SARD" type="xs:string" minOccurs="0" />
                <xs:element name="SICI" type="xs:string" minOccurs="0" />
                <xs:element name="SUD" type="xs:string" minOccurs="0" />
              </xs:sequence>
            </xs:complexType>
          </xs:element>
        </xs:choice>
      </xs:complexType>
    </xs:element>
  </xs:schema>
  <Fabbisogno>
    <Data>20151222</Data>
    <Mercato>MGP</Mercato>
    <Ora>1</Ora>
    <Italia>25416,924</Italia>
    <CNOR>2344,478</CNOR>
    <CSUD>4101,624</CSUD>
    <NORD>13711,752</NORD>
    <SARD>809,208</SARD>
    <SICI>1435,853</SICI>
    <SUD>3014,009</SUD>
  </Fabbisogno>
  <Fabbisogno>
    <Data>20151222</Data>
    <Mercato>MGP</Mercato>
    <Ora>2</Ora>
    <Italia>24373,837</Italia>
    <CNOR>2303,948</CNOR>
    <CSUD>3916,447</CSUD>
    <NORD>13128,246</NORD>
    <SARD>800,329</SARD>
    <SICI>1378,051</SICI>
    <SUD>2846,816</SUD>
  </Fabbisogno>
  <Fabbisogno>
    <Data>20151222</Data>
    <Mercato>MGP</Mercato>
    <Ora>3</Ora>
    <Italia>23141,121</Italia>
    <CNOR>2059,211</CNOR>
    <CSUD>3591,359</CSUD>
    <NORD>12743,193</NORD>
    <SARD>759,357</SARD>
    <SICI>1297,355</SICI>
    <SUD>2690,646</SUD>
  </Fabbisogno>
  <Fabbisogno>
    <Data>20151222</Data>
    <Mercato>MGP</Mercato>
    <Ora>4</Ora>
    <Italia>22834,181</Italia>
    <CNOR>2034,087</CNOR>
    <CSUD>3499,846</CSUD>
    <NORD>12701,711</NORD>
    <SARD>747,442</SARD>
    <SICI>1174,929</SICI>
    <SUD>2676,166</SUD>
  </Fabbisogno>
  <Fabbisogno>
    <Data>20151222</Data>
    <Mercato>MGP</Mercato>
    <Ora>5</Ora>
    <Italia>22450,125</Italia>
    <CNOR>1877,776</CNOR>
    <CSUD>3251,416</CSUD>
    <NORD>12828,665</NORD>
    <SARD>720,09</SARD>
    <SICI>1184,073</SICI>
    <SUD>2588,105</SUD>
  </Fabbisogno>
  <Fabbisogno>
    <Data>20151222</Data>
    <Mercato>MGP</Mercato>
    <Ora>6</Ora>
    <Italia>24518,581</Italia>
    <CNOR>2186,732</CNOR>
    <CSUD>3638,202</CSUD>
    <NORD>13857,158</NORD>
    <SARD>759,447</SARD>
    <SICI>1278,467</SICI>
    <SUD>2798,575</SUD>
  </Fabbisogno>
  <Fabbisogno>
    <Data>20151222</Data>
    <Mercato>MGP</Mercato>
    <Ora>7</Ora>
    <Italia>29249,68</Italia>
    <CNOR>2651,789</CNOR>
    <CSUD>4344,017</CSUD>
    <NORD>16610,166</NORD>
    <SARD>876,274</SARD>
    <SICI>1586,199</SICI>
    <SUD>3181,235</SUD>
  </Fabbisogno>
  <Fabbisogno>
    <Data>20151222</Data>
    <Mercato>MGP</Mercato>
    <Ora>8</Ora>
    <Italia>35466,47</Italia>
    <CNOR>3131,635</CNOR>
    <CSUD>5089,122</CSUD>
    <NORD>20904,454</NORD>
    <SARD>1024,171</SARD>
    <SICI>2020,082</SICI>
    <SUD>3297,006</SUD>
  </Fabbisogno>
  <Fabbisogno>
    <Data>20151222</Data>
    <Mercato>MGP</Mercato>
    <Ora>9</Ora>
    <Italia>38911,656</Italia>
    <CNOR>3544,836</CNOR>
    <CSUD>5581,069</CSUD>
    <NORD>22690,619</NORD>
    <SARD>1129,925</SARD>
    <SICI>2207,82</SICI>
    <SUD>3757,387</SUD>
  </Fabbisogno>
  <Fabbisogno>
    <Data>20151222</Data>
    <Mercato>MGP</Mercato>
    <Ora>10</Ora>
    <Italia>39160,606</Italia>
    <CNOR>3417,932</CNOR>
    <CSUD>5307,491</CSUD>
    <NORD>23691,293</NORD>
    <SARD>1055,175</SARD>
    <SICI>2051,64</SICI>
    <SUD>3637,075</SUD>
  </Fabbisogno>
  <Fabbisogno>
    <Data>20151222</Data>
    <Mercato>MGP</Mercato>
    <Ora>11</Ora>
    <Italia>38373,331</Italia>
    <CNOR>3424,977</CNOR>
    <CSUD>5272,348</CSUD>
    <NORD>23154,758</NORD>
    <SARD>1022,68</SARD>
    <SICI>1913,054</SICI>
    <SUD>3585,514</SUD>
  </Fabbisogno>
  <Fabbisogno>
    <Data>20151222</Data>
    <Mercato>MGP</Mercato>
    <Ora>12</Ora>
    <Italia>37370,858</Italia>
    <CNOR>3399,634</CNOR>
    <CSUD>5249,109</CSUD>
    <NORD>22393,124</NORD>
    <SARD>995,898</SARD>
    <SICI>1877,196</SICI>
    <SUD>3455,897</SUD>
  </Fabbisogno>
  <Fabbisogno>
    <Data>20151222</Data>
    <Mercato>MGP</Mercato>
    <Ora>13</Ora>
    <Italia>35643,639</Italia>
    <CNOR>3154,381</CNOR>
    <CSUD>5206,106</CSUD>
    <NORD>21038,604</NORD>
    <SARD>963,117</SARD>
    <SICI>1867,587</SICI>
    <SUD>3413,844</SUD>
  </Fabbisogno>
  <Fabbisogno>
    <Data>20151222</Data>
    <Mercato>MGP</Mercato>
    <Ora>14</Ora>
    <Italia>34977,649</Italia>
    <CNOR>3020,207</CNOR>
    <CSUD>5007,249</CSUD>
    <NORD>20841,756</NORD>
    <SARD>941,545</SARD>
    <SICI>1834,612</SICI>
    <SUD>3332,28</SUD>
  </Fabbisogno>
  <Fabbisogno>
    <Data>20151222</Data>
    <Mercato>MGP</Mercato>
    <Ora>15</Ora>
    <Italia>36433,502</Italia>
    <CNOR>3217,519</CNOR>
    <CSUD>5112,558</CSUD>
    <NORD>21851,151</NORD>
    <SARD>953,393</SARD>
    <SICI>1872,418</SICI>
    <SUD>3426,463</SUD>
  </Fabbisogno>
  <Fabbisogno>
    <Data>20151222</Data>
    <Mercato>MGP</Mercato>
    <Ora>16</Ora>
    <Italia>37405,905</Italia>
    <CNOR>3352,511</CNOR>
    <CSUD>5272,332</CSUD>
    <NORD>22288,927</NORD>
    <SARD>969,193</SARD>
    <SICI>1942,074</SICI>
    <SUD>3580,868</SUD>
  </Fabbisogno>
  <Fabbisogno>
    <Data>20151222</Data>
    <Mercato>MGP</Mercato>
    <Ora>17</Ora>
    <Italia>39316,794</Italia>
    <CNOR>3568,289</CNOR>
    <CSUD>5710,111</CSUD>
    <NORD>22933,25</NORD>
    <SARD>1018,738</SARD>
    <SICI>2225,156</SICI>
    <SUD>3861,25</SUD>
  </Fabbisogno>
  <Fabbisogno>
    <Data>20151222</Data>
    <Mercato>MGP</Mercato>
    <Ora>18</Ora>
    <Italia>41935,042</Italia>
    <CNOR>3833,176</CNOR>
    <CSUD>6400,854</CSUD>
    <NORD>23612,714</NORD>
    <SARD>1119,695</SARD>
    <SICI>2704,595</SICI>
    <SUD>4264,008</SUD>
  </Fabbisogno>
  <Fabbisogno>
    <Data>20151222</Data>
    <Mercato>MGP</Mercato>
    <Ora>19</Ora>
    <Italia>41593,366</Italia>
    <CNOR>3941,945</CNOR>
    <CSUD>6774,08</CSUD>
    <NORD>22452,33</NORD>
    <SARD>1194,678</SARD>
    <SICI>2821,721</SICI>
    <SUD>4408,612</SUD>
  </Fabbisogno>
  <Fabbisogno>
    <Data>20151222</Data>
    <Mercato>MGP</Mercato>
    <Ora>20</Ora>
    <Italia>39744,804</Italia>
    <CNOR>3985,139</CNOR>
    <CSUD>6968,717</CSUD>
    <NORD>20359,21</NORD>
    <SARD>1194,519</SARD>
    <SICI>2840,022</SICI>
    <SUD>4397,197</SUD>
  </Fabbisogno>
  <Fabbisogno>
    <Data>20151222</Data>
    <Mercato>MGP</Mercato>
    <Ora>21</Ora>
    <Italia>38126,23</Italia>
    <CNOR>3655,689</CNOR>
    <CSUD>6615,272</CSUD>
    <NORD>19748,57</NORD>
    <SARD>1173,041</SARD>
    <SICI>2717,396</SICI>
    <SUD>4216,262</SUD>
  </Fabbisogno>
  <Fabbisogno>
    <Data>20151222</Data>
    <Mercato>MGP</Mercato>
    <Ora>22</Ora>
    <Italia>34929,363</Italia>
    <CNOR>3263,053</CNOR>
    <CSUD>5966,19</CSUD>
    <NORD>18302,381</NORD>
    <SARD>1071,883</SARD>
    <SICI>2429,133</SICI>
    <SUD>3896,723</SUD>
  </Fabbisogno>
  <Fabbisogno>
    <Data>20151222</Data>
    <Mercato>MGP</Mercato>
    <Ora>23</Ora>
    <Italia>31780,505</Italia>
    <CNOR>2940,585</CNOR>
    <CSUD>5375,756</CSUD>
    <NORD>16792,975</NORD>
    <SARD>979,759</SARD>
    <SICI>2145,133</SICI>
    <SUD>3546,297</SUD>
  </Fabbisogno>
  <Fabbisogno>
    <Data>20151222</Data>
    <Mercato>MGP</Mercato>
    <Ora>24</Ora>
    <Italia>27716,699</Italia>
    <CNOR>2430,626</CNOR>
    <CSUD>4389,837</CSUD>
    <NORD>15248,683</NORD>
    <SARD>853,768</SARD>
    <SICI>1707,541</SICI>
    <SUD>3086,244</SUD>
  </Fabbisogno>
</NewDataSet>