<?xml version="1.0" standalone="yes"?>
<NewDataSet>
  <xs:schema id="NewDataSet" xmlns="" xmlns:xs="http://www.w3.org/2001/XMLSchema" xmlns:msdata="urn:schemas-microsoft-com:xml-msdata">
    <xs:element name="NewDataSet" msdata:IsDataSet="true" msdata:UseCurrentLocale="true">
      <xs:complexType>
        <xs:choice minOccurs="0" maxOccurs="unbounded">
          <xs:element name="Fabbisogno">
            <xs:complexType>
              <xs:sequence>
                <xs:element name="Data" type="xs:string" minOccurs="0" />
                <xs:element name="Mercato" type="xs:string" minOccurs="0" />
                <xs:element name="Ora" type="xs:string" minOccurs="0" />
                <xs:element name="Italia" type="xs:string" minOccurs="0" />
                <xs:element name="CNOR" type="xs:string" minOccurs="0" />
                <xs:element name="CSUD" type="xs:string" minOccurs="0" />
                <xs:element name="NORD" type="xs:string" minOccurs="0" />
                <xs:element name="SARD" type="xs:string" minOccurs="0" />
                <xs:element name="SICI" type="xs:string" minOccurs="0" />
                <xs:element name="SUD" type="xs:string" minOccurs="0" />
              </xs:sequence>
            </xs:complexType>
          </xs:element>
        </xs:choice>
      </xs:complexType>
    </xs:element>
  </xs:schema>
  <Fabbisogno>
    <Data>20151218</Data>
    <Mercato>MGP</Mercato>
    <Ora>1</Ora>
    <Italia>27319,028</Italia>
    <CNOR>2372,429</CNOR>
    <CSUD>3941,01</CSUD>
    <NORD>15860,977</NORD>
    <SARD>751,286</SARD>
    <SICI>1533,41</SICI>
    <SUD>2859,916</SUD>
  </Fabbisogno>
  <Fabbisogno>
    <Data>20151218</Data>
    <Mercato>MGP</Mercato>
    <Ora>2</Ora>
    <Italia>25662,853</Italia>
    <CNOR>2230,523</CNOR>
    <CSUD>3618,936</CSUD>
    <NORD>15051,77</NORD>
    <SARD>700,911</SARD>
    <SICI>1380,102</SICI>
    <SUD>2680,611</SUD>
  </Fabbisogno>
  <Fabbisogno>
    <Data>20151218</Data>
    <Mercato>MGP</Mercato>
    <Ora>3</Ora>
    <Italia>24867,218</Italia>
    <CNOR>2101,332</CNOR>
    <CSUD>3401,978</CSUD>
    <NORD>14817,496</NORD>
    <SARD>679</SARD>
    <SICI>1293,392</SICI>
    <SUD>2574,02</SUD>
  </Fabbisogno>
  <Fabbisogno>
    <Data>20151218</Data>
    <Mercato>MGP</Mercato>
    <Ora>4</Ora>
    <Italia>24499,683</Italia>
    <CNOR>2057,533</CNOR>
    <CSUD>3303,246</CSUD>
    <NORD>14694,43</NORD>
    <SARD>665,646</SARD>
    <SICI>1247,977</SICI>
    <SUD>2530,851</SUD>
  </Fabbisogno>
  <Fabbisogno>
    <Data>20151218</Data>
    <Mercato>MGP</Mercato>
    <Ora>5</Ora>
    <Italia>24675,52</Italia>
    <CNOR>2068,85</CNOR>
    <CSUD>3309,652</CSUD>
    <NORD>14836,02</NORD>
    <SARD>668,342</SARD>
    <SICI>1249,192</SICI>
    <SUD>2543,464</SUD>
  </Fabbisogno>
  <Fabbisogno>
    <Data>20151218</Data>
    <Mercato>MGP</Mercato>
    <Ora>6</Ora>
    <Italia>25768,73</Italia>
    <CNOR>2200,804</CNOR>
    <CSUD>3475,339</CSUD>
    <NORD>15393,208</NORD>
    <SARD>700,078</SARD>
    <SICI>1332,451</SICI>
    <SUD>2666,85</SUD>
  </Fabbisogno>
  <Fabbisogno>
    <Data>20151218</Data>
    <Mercato>MGP</Mercato>
    <Ora>7</Ora>
    <Italia>30683,655</Italia>
    <CNOR>2533,916</CNOR>
    <CSUD>4009,296</CSUD>
    <NORD>18646,302</NORD>
    <SARD>781,311</SARD>
    <SICI>1552,938</SICI>
    <SUD>3159,892</SUD>
  </Fabbisogno>
  <Fabbisogno>
    <Data>20151218</Data>
    <Mercato>MGP</Mercato>
    <Ora>8</Ora>
    <Italia>37284,789</Italia>
    <CNOR>3033,515</CNOR>
    <CSUD>4684,56</CSUD>
    <NORD>23226,05</NORD>
    <SARD>925,383</SARD>
    <SICI>1891,009</SICI>
    <SUD>3524,272</SUD>
  </Fabbisogno>
  <Fabbisogno>
    <Data>20151218</Data>
    <Mercato>MGP</Mercato>
    <Ora>9</Ora>
    <Italia>41989,17</Italia>
    <CNOR>3690,212</CNOR>
    <CSUD>5576,373</CSUD>
    <NORD>25294,983</NORD>
    <SARD>1077,646</SARD>
    <SICI>2231,057</SICI>
    <SUD>4118,899</SUD>
  </Fabbisogno>
  <Fabbisogno>
    <Data>20151218</Data>
    <Mercato>MGP</Mercato>
    <Ora>10</Ora>
    <Italia>41899,668</Italia>
    <CNOR>3602,221</CNOR>
    <CSUD>5356,272</CSUD>
    <NORD>25850,625</NORD>
    <SARD>1020,129</SARD>
    <SICI>2155,19</SICI>
    <SUD>3915,231</SUD>
  </Fabbisogno>
  <Fabbisogno>
    <Data>20151218</Data>
    <Mercato>MGP</Mercato>
    <Ora>11</Ora>
    <Italia>41574,591</Italia>
    <CNOR>3513,33</CNOR>
    <CSUD>5352,609</CSUD>
    <NORD>25695,625</NORD>
    <SARD>980,153</SARD>
    <SICI>2035,817</SICI>
    <SUD>3997,057</SUD>
  </Fabbisogno>
  <Fabbisogno>
    <Data>20151218</Data>
    <Mercato>MGP</Mercato>
    <Ora>12</Ora>
    <Italia>40499,175</Italia>
    <CNOR>3507,875</CNOR>
    <CSUD>5288,275</CSUD>
    <NORD>24897,26</NORD>
    <SARD>966,554</SARD>
    <SICI>1999,387</SICI>
    <SUD>3839,824</SUD>
  </Fabbisogno>
  <Fabbisogno>
    <Data>20151218</Data>
    <Mercato>MGP</Mercato>
    <Ora>13</Ora>
    <Italia>37607,577</Italia>
    <CNOR>3332,333</CNOR>
    <CSUD>5218,505</CSUD>
    <NORD>22279,16</NORD>
    <SARD>957,92</SARD>
    <SICI>1991,899</SICI>
    <SUD>3827,76</SUD>
  </Fabbisogno>
  <Fabbisogno>
    <Data>20151218</Data>
    <Mercato>MGP</Mercato>
    <Ora>14</Ora>
    <Italia>36927,395</Italia>
    <CNOR>3167,323</CNOR>
    <CSUD>5009,934</CSUD>
    <NORD>22157,271</NORD>
    <SARD>923,366</SARD>
    <SICI>1946,529</SICI>
    <SUD>3722,972</SUD>
  </Fabbisogno>
  <Fabbisogno>
    <Data>20151218</Data>
    <Mercato>MGP</Mercato>
    <Ora>15</Ora>
    <Italia>38361,732</Italia>
    <CNOR>3291,266</CNOR>
    <CSUD>5149,665</CSUD>
    <NORD>23248,211</NORD>
    <SARD>917,24</SARD>
    <SICI>1975,803</SICI>
    <SUD>3779,547</SUD>
  </Fabbisogno>
  <Fabbisogno>
    <Data>20151218</Data>
    <Mercato>MGP</Mercato>
    <Ora>16</Ora>
    <Italia>39880,293</Italia>
    <CNOR>3472,659</CNOR>
    <CSUD>5325,879</CSUD>
    <NORD>24149,324</NORD>
    <SARD>933,642</SARD>
    <SICI>2003,435</SICI>
    <SUD>3995,354</SUD>
  </Fabbisogno>
  <Fabbisogno>
    <Data>20151218</Data>
    <Mercato>MGP</Mercato>
    <Ora>17</Ora>
    <Italia>41816,263</Italia>
    <CNOR>3741,978</CNOR>
    <CSUD>5814,906</CSUD>
    <NORD>24877,802</NORD>
    <SARD>981,65</SARD>
    <SICI>2322,846</SICI>
    <SUD>4077,081</SUD>
  </Fabbisogno>
  <Fabbisogno>
    <Data>20151218</Data>
    <Mercato>MGP</Mercato>
    <Ora>18</Ora>
    <Italia>45157,325</Italia>
    <CNOR>3995,592</CNOR>
    <CSUD>6591,885</CSUD>
    <NORD>26123,852</NORD>
    <SARD>1115,84</SARD>
    <SICI>2875,333</SICI>
    <SUD>4454,823</SUD>
  </Fabbisogno>
  <Fabbisogno>
    <Data>20151218</Data>
    <Mercato>MGP</Mercato>
    <Ora>19</Ora>
    <Italia>44122,223</Italia>
    <CNOR>4124,314</CNOR>
    <CSUD>6939,746</CSUD>
    <NORD>24410,315</NORD>
    <SARD>1177,667</SARD>
    <SICI>2911,887</SICI>
    <SUD>4558,294</SUD>
  </Fabbisogno>
  <Fabbisogno>
    <Data>20151218</Data>
    <Mercato>MGP</Mercato>
    <Ora>20</Ora>
    <Italia>42365,255</Italia>
    <CNOR>4002,252</CNOR>
    <CSUD>6962,431</CSUD>
    <NORD>22769,795</NORD>
    <SARD>1192,769</SARD>
    <SICI>2920,768</SICI>
    <SUD>4517,24</SUD>
  </Fabbisogno>
  <Fabbisogno>
    <Data>20151218</Data>
    <Mercato>MGP</Mercato>
    <Ora>21</Ora>
    <Italia>40000,904</Italia>
    <CNOR>3507,039</CNOR>
    <CSUD>6313,78</CSUD>
    <NORD>21804,796</NORD>
    <SARD>1104,229</SARD>
    <SICI>2822,289</SICI>
    <SUD>4448,771</SUD>
  </Fabbisogno>
  <Fabbisogno>
    <Data>20151218</Data>
    <Mercato>MGP</Mercato>
    <Ora>22</Ora>
    <Italia>36293,649</Italia>
    <CNOR>3200,894</CNOR>
    <CSUD>5768,941</CSUD>
    <NORD>19883,408</NORD>
    <SARD>1011,355</SARD>
    <SICI>2391,309</SICI>
    <SUD>4037,742</SUD>
  </Fabbisogno>
  <Fabbisogno>
    <Data>20151218</Data>
    <Mercato>MGP</Mercato>
    <Ora>23</Ora>
    <Italia>33201,595</Italia>
    <CNOR>2889,431</CNOR>
    <CSUD>5222,095</CSUD>
    <NORD>18288,007</NORD>
    <SARD>949,453</SARD>
    <SICI>2139,867</SICI>
    <SUD>3712,742</SUD>
  </Fabbisogno>
  <Fabbisogno>
    <Data>20151218</Data>
    <Mercato>MGP</Mercato>
    <Ora>24</Ora>
    <Italia>29881,771</Italia>
    <CNOR>2498,351</CNOR>
    <CSUD>4445,727</CSUD>
    <NORD>16959,029</NORD>
    <SARD>852,895</SARD>
    <SICI>1828,712</SICI>
    <SUD>3297,057</SUD>
  </Fabbisogno>
</NewDataSet>