<?xml version="1.0" standalone="yes"?>
<NewDataSet>
  <xs:schema id="NewDataSet" xmlns="" xmlns:xs="http://www.w3.org/2001/XMLSchema" xmlns:msdata="urn:schemas-microsoft-com:xml-msdata">
    <xs:element name="NewDataSet" msdata:IsDataSet="true" msdata:MainDataTable="marketintervaldetail" msdata:UseCurrentLocale="true">
      <xs:complexType>
        <xs:choice minOccurs="0" maxOccurs="unbounded">
          <xs:element name="marketintervaldetail">
            <xs:complexType>
              <xs:sequence>
                <xs:element name="Data" type="xs:string" minOccurs="0" />
                <xs:element name="Mercato" type="xs:string" minOccurs="0" />
                <xs:element name="Ora" type="xs:string" minOccurs="0" />
                <xs:element name="Totale" type="xs:string" minOccurs="0" />
                <xs:element name="CNOR" type="xs:string" minOccurs="0" />
                <xs:element name="CSUD" type="xs:string" minOccurs="0" />
                <xs:element name="NORD" type="xs:string" minOccurs="0" />
                <xs:element name="SARD" type="xs:string" minOccurs="0" />
                <xs:element name="SICI" type="xs:string" minOccurs="0" />
                <xs:element name="SUD" type="xs:string" minOccurs="0" />
              </xs:sequence>
            </xs:complexType>
          </xs:element>
        </xs:choice>
      </xs:complexType>
    </xs:element>
  </xs:schema>
  <marketintervaldetail>
    <Data>20170224</Data>
    <Mercato>MGP</Mercato>
    <Ora>01</Ora>
    <Totale>27906</Totale>
    <CNOR>2869</CNOR>
    <CSUD>4430</CSUD>
    <NORD>15781</NORD>
    <SARD>832</SARD>
    <SICI>1683</SICI>
    <SUD>2311</SUD>
  </marketintervaldetail>
  <marketintervaldetail>
    <Data>20170224</Data>
    <Mercato>MGP</Mercato>
    <Ora>02</Ora>
    <Totale>26086</Totale>
    <CNOR>2715</CNOR>
    <CSUD>4050</CSUD>
    <NORD>14850</NORD>
    <SARD>779</SARD>
    <SICI>1516</SICI>
    <SUD>2176</SUD>
  </marketintervaldetail>
  <marketintervaldetail>
    <Data>20170224</Data>
    <Mercato>MGP</Mercato>
    <Ora>03</Ora>
    <Totale>25125</Totale>
    <CNOR>2524</CNOR>
    <CSUD>3934</CSUD>
    <NORD>14445</NORD>
    <SARD>754</SARD>
    <SICI>1425</SICI>
    <SUD>2043</SUD>
  </marketintervaldetail>
  <marketintervaldetail>
    <Data>20170224</Data>
    <Mercato>MGP</Mercato>
    <Ora>04</Ora>
    <Totale>25061</Totale>
    <CNOR>2549</CNOR>
    <CSUD>3841</CSUD>
    <NORD>14437</NORD>
    <SARD>740</SARD>
    <SICI>1396</SICI>
    <SUD>2098</SUD>
  </marketintervaldetail>
  <marketintervaldetail>
    <Data>20170224</Data>
    <Mercato>MGP</Mercato>
    <Ora>05</Ora>
    <Totale>25241</Totale>
    <CNOR>2600</CNOR>
    <CSUD>3858</CSUD>
    <NORD>14539</NORD>
    <SARD>743</SARD>
    <SICI>1406</SICI>
    <SUD>2095</SUD>
  </marketintervaldetail>
  <marketintervaldetail>
    <Data>20170224</Data>
    <Mercato>MGP</Mercato>
    <Ora>06</Ora>
    <Totale>26780</Totale>
    <CNOR>2778</CNOR>
    <CSUD>4093</CSUD>
    <NORD>15472</NORD>
    <SARD>773</SARD>
    <SICI>1482</SICI>
    <SUD>2182</SUD>
  </marketintervaldetail>
  <marketintervaldetail>
    <Data>20170224</Data>
    <Mercato>MGP</Mercato>
    <Ora>07</Ora>
    <Totale>31498</Totale>
    <CNOR>3270</CNOR>
    <CSUD>4797</CSUD>
    <NORD>18402</NORD>
    <SARD>880</SARD>
    <SICI>1687</SICI>
    <SUD>2462</SUD>
  </marketintervaldetail>
  <marketintervaldetail>
    <Data>20170224</Data>
    <Mercato>MGP</Mercato>
    <Ora>08</Ora>
    <Totale>37339</Totale>
    <CNOR>3876</CNOR>
    <CSUD>5513</CSUD>
    <NORD>22090</NORD>
    <SARD>1046</SARD>
    <SICI>2021</SICI>
    <SUD>2793</SUD>
  </marketintervaldetail>
  <marketintervaldetail>
    <Data>20170224</Data>
    <Mercato>MGP</Mercato>
    <Ora>09</Ora>
    <Totale>41580</Totale>
    <CNOR>4329</CNOR>
    <CSUD>6114</CSUD>
    <NORD>24902</NORD>
    <SARD>1100</SARD>
    <SICI>2155</SICI>
    <SUD>2980</SUD>
  </marketintervaldetail>
  <marketintervaldetail>
    <Data>20170224</Data>
    <Mercato>MGP</Mercato>
    <Ora>10</Ora>
    <Totale>43014</Totale>
    <CNOR>4323</CNOR>
    <CSUD>6486</CSUD>
    <NORD>25944</NORD>
    <SARD>1089</SARD>
    <SICI>2172</SICI>
    <SUD>3000</SUD>
  </marketintervaldetail>
  <marketintervaldetail>
    <Data>20170224</Data>
    <Mercato>MGP</Mercato>
    <Ora>11</Ora>
    <Totale>42131</Totale>
    <CNOR>4205</CNOR>
    <CSUD>6291</CSUD>
    <NORD>25810</NORD>
    <SARD>1033</SARD>
    <SICI>1974</SICI>
    <SUD>2818</SUD>
  </marketintervaldetail>
  <marketintervaldetail>
    <Data>20170224</Data>
    <Mercato>MGP</Mercato>
    <Ora>12</Ora>
    <Totale>41882</Totale>
    <CNOR>4168</CNOR>
    <CSUD>6263</CSUD>
    <NORD>25781</NORD>
    <SARD>1011</SARD>
    <SICI>1881</SICI>
    <SUD>2778</SUD>
  </marketintervaldetail>
  <marketintervaldetail>
    <Data>20170224</Data>
    <Mercato>MGP</Mercato>
    <Ora>13</Ora>
    <Totale>39798</Totale>
    <CNOR>3894</CNOR>
    <CSUD>6259</CSUD>
    <NORD>23837</NORD>
    <SARD>961</SARD>
    <SICI>1927</SICI>
    <SUD>2920</SUD>
  </marketintervaldetail>
  <marketintervaldetail>
    <Data>20170224</Data>
    <Mercato>MGP</Mercato>
    <Ora>14</Ora>
    <Totale>38293</Totale>
    <CNOR>3638</CNOR>
    <CSUD>6084</CSUD>
    <NORD>22992</NORD>
    <SARD>946</SARD>
    <SICI>1847</SICI>
    <SUD>2786</SUD>
  </marketintervaldetail>
  <marketintervaldetail>
    <Data>20170224</Data>
    <Mercato>MGP</Mercato>
    <Ora>15</Ora>
    <Totale>39374</Totale>
    <CNOR>3900</CNOR>
    <CSUD>6199</CSUD>
    <NORD>23762</NORD>
    <SARD>936</SARD>
    <SICI>1839</SICI>
    <SUD>2738</SUD>
  </marketintervaldetail>
  <marketintervaldetail>
    <Data>20170224</Data>
    <Mercato>MGP</Mercato>
    <Ora>16</Ora>
    <Totale>39964</Totale>
    <CNOR>4122</CNOR>
    <CSUD>6285</CSUD>
    <NORD>23959</NORD>
    <SARD>922</SARD>
    <SICI>1889</SICI>
    <SUD>2787</SUD>
  </marketintervaldetail>
  <marketintervaldetail>
    <Data>20170224</Data>
    <Mercato>MGP</Mercato>
    <Ora>17</Ora>
    <Totale>40178</Totale>
    <CNOR>4152</CNOR>
    <CSUD>6220</CSUD>
    <NORD>23992</NORD>
    <SARD>926</SARD>
    <SICI>2008</SICI>
    <SUD>2880</SUD>
  </marketintervaldetail>
  <marketintervaldetail>
    <Data>20170224</Data>
    <Mercato>MGP</Mercato>
    <Ora>18</Ora>
    <Totale>39553</Totale>
    <CNOR>4080</CNOR>
    <CSUD>5976</CSUD>
    <NORD>23367</NORD>
    <SARD>986</SARD>
    <SICI>2088</SICI>
    <SUD>3056</SUD>
  </marketintervaldetail>
  <marketintervaldetail>
    <Data>20170224</Data>
    <Mercato>MGP</Mercato>
    <Ora>19</Ora>
    <Totale>42661</Totale>
    <CNOR>4513</CNOR>
    <CSUD>6775</CSUD>
    <NORD>24364</NORD>
    <SARD>1101</SARD>
    <SICI>2431</SICI>
    <SUD>3477</SUD>
  </marketintervaldetail>
  <marketintervaldetail>
    <Data>20170224</Data>
    <Mercato>MGP</Mercato>
    <Ora>20</Ora>
    <Totale>43129</Totale>
    <CNOR>4613</CNOR>
    <CSUD>7028</CSUD>
    <NORD>24106</NORD>
    <SARD>1217</SARD>
    <SICI>2646</SICI>
    <SUD>3519</SUD>
  </marketintervaldetail>
  <marketintervaldetail>
    <Data>20170224</Data>
    <Mercato>MGP</Mercato>
    <Ora>21</Ora>
    <Totale>40951</Totale>
    <CNOR>4290</CNOR>
    <CSUD>6837</CSUD>
    <NORD>22490</NORD>
    <SARD>1229</SARD>
    <SICI>2666</SICI>
    <SUD>3439</SUD>
  </marketintervaldetail>
  <marketintervaldetail>
    <Data>20170224</Data>
    <Mercato>MGP</Mercato>
    <Ora>22</Ora>
    <Totale>37426</Totale>
    <CNOR>3846</CNOR>
    <CSUD>6254</CSUD>
    <NORD>20491</NORD>
    <SARD>1147</SARD>
    <SICI>2524</SICI>
    <SUD>3164</SUD>
  </marketintervaldetail>
  <marketintervaldetail>
    <Data>20170224</Data>
    <Mercato>MGP</Mercato>
    <Ora>23</Ora>
    <Totale>33595</Totale>
    <CNOR>3413</CNOR>
    <CSUD>5724</CSUD>
    <NORD>18304</NORD>
    <SARD>1050</SARD>
    <SICI>2270</SICI>
    <SUD>2834</SUD>
  </marketintervaldetail>
  <marketintervaldetail>
    <Data>20170224</Data>
    <Mercato>MGP</Mercato>
    <Ora>24</Ora>
    <Totale>30092</Totale>
    <CNOR>3065</CNOR>
    <CSUD>5061</CSUD>
    <NORD>16592</NORD>
    <SARD>955</SARD>
    <SICI>1974</SICI>
    <SUD>2445</SUD>
  </marketintervaldetail>
</NewDataSet>