<?xml version="1.0" standalone="yes"?>
<NewDataSet>
  <xs:schema id="NewDataSet" xmlns="" xmlns:xs="http://www.w3.org/2001/XMLSchema" xmlns:msdata="urn:schemas-microsoft-com:xml-msdata">
    <xs:element name="NewDataSet" msdata:IsDataSet="true" msdata:MainDataTable="marketintervaldetail" msdata:UseCurrentLocale="true">
      <xs:complexType>
        <xs:choice minOccurs="0" maxOccurs="unbounded">
          <xs:element name="marketintervaldetail">
            <xs:complexType>
              <xs:sequence>
                <xs:element name="Data" type="xs:string" minOccurs="0" />
                <xs:element name="Mercato" type="xs:string" minOccurs="0" />
                <xs:element name="Ora" type="xs:string" minOccurs="0" />
                <xs:element name="Totale" type="xs:string" minOccurs="0" />
                <xs:element name="CNOR" type="xs:string" minOccurs="0" />
                <xs:element name="CSUD" type="xs:string" minOccurs="0" />
                <xs:element name="NORD" type="xs:string" minOccurs="0" />
                <xs:element name="SARD" type="xs:string" minOccurs="0" />
                <xs:element name="SICI" type="xs:string" minOccurs="0" />
                <xs:element name="SUD" type="xs:string" minOccurs="0" />
              </xs:sequence>
            </xs:complexType>
          </xs:element>
        </xs:choice>
      </xs:complexType>
    </xs:element>
  </xs:schema>
  <marketintervaldetail>
    <Data>20170204</Data>
    <Mercato>MGP</Mercato>
    <Ora>01</Ora>
    <Totale>29390</Totale>
    <CNOR>3108</CNOR>
    <CSUD>4554</CSUD>
    <NORD>16388</NORD>
    <SARD>856</SARD>
    <SICI>1754</SICI>
    <SUD>2730</SUD>
  </marketintervaldetail>
  <marketintervaldetail>
    <Data>20170204</Data>
    <Mercato>MGP</Mercato>
    <Ora>02</Ora>
    <Totale>27425</Totale>
    <CNOR>2937</CNOR>
    <CSUD>4150</CSUD>
    <NORD>15395</NORD>
    <SARD>791</SARD>
    <SICI>1589</SICI>
    <SUD>2563</SUD>
  </marketintervaldetail>
  <marketintervaldetail>
    <Data>20170204</Data>
    <Mercato>MGP</Mercato>
    <Ora>03</Ora>
    <Totale>26258</Totale>
    <CNOR>2834</CNOR>
    <CSUD>3902</CSUD>
    <NORD>14877</NORD>
    <SARD>750</SARD>
    <SICI>1489</SICI>
    <SUD>2406</SUD>
  </marketintervaldetail>
  <marketintervaldetail>
    <Data>20170204</Data>
    <Mercato>MGP</Mercato>
    <Ora>04</Ora>
    <Totale>25572</Totale>
    <CNOR>2750</CNOR>
    <CSUD>3784</CSUD>
    <NORD>14552</NORD>
    <SARD>728</SARD>
    <SICI>1447</SICI>
    <SUD>2311</SUD>
  </marketintervaldetail>
  <marketintervaldetail>
    <Data>20170204</Data>
    <Mercato>MGP</Mercato>
    <Ora>05</Ora>
    <Totale>25457</Totale>
    <CNOR>2717</CNOR>
    <CSUD>3727</CSUD>
    <NORD>14476</NORD>
    <SARD>733</SARD>
    <SICI>1458</SICI>
    <SUD>2346</SUD>
  </marketintervaldetail>
  <marketintervaldetail>
    <Data>20170204</Data>
    <Mercato>MGP</Mercato>
    <Ora>06</Ora>
    <Totale>26054</Totale>
    <CNOR>2757</CNOR>
    <CSUD>3858</CSUD>
    <NORD>14791</NORD>
    <SARD>760</SARD>
    <SICI>1538</SICI>
    <SUD>2350</SUD>
  </marketintervaldetail>
  <marketintervaldetail>
    <Data>20170204</Data>
    <Mercato>MGP</Mercato>
    <Ora>07</Ora>
    <Totale>28269</Totale>
    <CNOR>3006</CNOR>
    <CSUD>4259</CSUD>
    <NORD>15934</NORD>
    <SARD>846</SARD>
    <SICI>1654</SICI>
    <SUD>2570</SUD>
  </marketintervaldetail>
  <marketintervaldetail>
    <Data>20170204</Data>
    <Mercato>MGP</Mercato>
    <Ora>08</Ora>
    <Totale>31657</Totale>
    <CNOR>3349</CNOR>
    <CSUD>4707</CSUD>
    <NORD>17908</NORD>
    <SARD>972</SARD>
    <SICI>1903</SICI>
    <SUD>2818</SUD>
  </marketintervaldetail>
  <marketintervaldetail>
    <Data>20170204</Data>
    <Mercato>MGP</Mercato>
    <Ora>09</Ora>
    <Totale>34770</Totale>
    <CNOR>3723</CNOR>
    <CSUD>5300</CSUD>
    <NORD>19385</NORD>
    <SARD>1043</SARD>
    <SICI>2167</SICI>
    <SUD>3152</SUD>
  </marketintervaldetail>
  <marketintervaldetail>
    <Data>20170204</Data>
    <Mercato>MGP</Mercato>
    <Ora>10</Ora>
    <Totale>37168</Totale>
    <CNOR>3978</CNOR>
    <CSUD>5852</CSUD>
    <NORD>20850</NORD>
    <SARD>1080</SARD>
    <SICI>2288</SICI>
    <SUD>3120</SUD>
  </marketintervaldetail>
  <marketintervaldetail>
    <Data>20170204</Data>
    <Mercato>MGP</Mercato>
    <Ora>11</Ora>
    <Totale>37610</Totale>
    <CNOR>4042</CNOR>
    <CSUD>6012</CSUD>
    <NORD>21191</NORD>
    <SARD>1062</SARD>
    <SICI>2212</SICI>
    <SUD>3091</SUD>
  </marketintervaldetail>
  <marketintervaldetail>
    <Data>20170204</Data>
    <Mercato>MGP</Mercato>
    <Ora>12</Ora>
    <Totale>36890</Totale>
    <CNOR>3864</CNOR>
    <CSUD>5886</CSUD>
    <NORD>20819</NORD>
    <SARD>1022</SARD>
    <SICI>2205</SICI>
    <SUD>3094</SUD>
  </marketintervaldetail>
  <marketintervaldetail>
    <Data>20170204</Data>
    <Mercato>MGP</Mercato>
    <Ora>13</Ora>
    <Totale>35421</Totale>
    <CNOR>3858</CNOR>
    <CSUD>5830</CSUD>
    <NORD>19355</NORD>
    <SARD>988</SARD>
    <SICI>2207</SICI>
    <SUD>3183</SUD>
  </marketintervaldetail>
  <marketintervaldetail>
    <Data>20170204</Data>
    <Mercato>MGP</Mercato>
    <Ora>14</Ora>
    <Totale>33801</Totale>
    <CNOR>3591</CNOR>
    <CSUD>5802</CSUD>
    <NORD>18324</NORD>
    <SARD>959</SARD>
    <SICI>2130</SICI>
    <SUD>2995</SUD>
  </marketintervaldetail>
  <marketintervaldetail>
    <Data>20170204</Data>
    <Mercato>MGP</Mercato>
    <Ora>15</Ora>
    <Totale>33234</Totale>
    <CNOR>3564</CNOR>
    <CSUD>5664</CSUD>
    <NORD>18141</NORD>
    <SARD>944</SARD>
    <SICI>2133</SICI>
    <SUD>2788</SUD>
  </marketintervaldetail>
  <marketintervaldetail>
    <Data>20170204</Data>
    <Mercato>MGP</Mercato>
    <Ora>16</Ora>
    <Totale>32929</Totale>
    <CNOR>3475</CNOR>
    <CSUD>5747</CSUD>
    <NORD>17679</NORD>
    <SARD>947</SARD>
    <SICI>2209</SICI>
    <SUD>2872</SUD>
  </marketintervaldetail>
  <marketintervaldetail>
    <Data>20170204</Data>
    <Mercato>MGP</Mercato>
    <Ora>17</Ora>
    <Totale>33097</Totale>
    <CNOR>3493</CNOR>
    <CSUD>5666</CSUD>
    <NORD>17695</NORD>
    <SARD>979</SARD>
    <SICI>2241</SICI>
    <SUD>3023</SUD>
  </marketintervaldetail>
  <marketintervaldetail>
    <Data>20170204</Data>
    <Mercato>MGP</Mercato>
    <Ora>18</Ora>
    <Totale>35527</Totale>
    <CNOR>3669</CNOR>
    <CSUD>5971</CSUD>
    <NORD>19086</NORD>
    <SARD>1039</SARD>
    <SICI>2400</SICI>
    <SUD>3362</SUD>
  </marketintervaldetail>
  <marketintervaldetail>
    <Data>20170204</Data>
    <Mercato>MGP</Mercato>
    <Ora>19</Ora>
    <Totale>38775</Totale>
    <CNOR>3983</CNOR>
    <CSUD>6454</CSUD>
    <NORD>20880</NORD>
    <SARD>1154</SARD>
    <SICI>2640</SICI>
    <SUD>3664</SUD>
  </marketintervaldetail>
  <marketintervaldetail>
    <Data>20170204</Data>
    <Mercato>MGP</Mercato>
    <Ora>20</Ora>
    <Totale>39207</Totale>
    <CNOR>4021</CNOR>
    <CSUD>6655</CSUD>
    <NORD>20898</NORD>
    <SARD>1195</SARD>
    <SICI>2727</SICI>
    <SUD>3711</SUD>
  </marketintervaldetail>
  <marketintervaldetail>
    <Data>20170204</Data>
    <Mercato>MGP</Mercato>
    <Ora>21</Ora>
    <Totale>36921</Totale>
    <CNOR>3802</CNOR>
    <CSUD>6368</CSUD>
    <NORD>19167</NORD>
    <SARD>1173</SARD>
    <SICI>2696</SICI>
    <SUD>3715</SUD>
  </marketintervaldetail>
  <marketintervaldetail>
    <Data>20170204</Data>
    <Mercato>MGP</Mercato>
    <Ora>22</Ora>
    <Totale>34038</Totale>
    <CNOR>3555</CNOR>
    <CSUD>5893</CSUD>
    <NORD>17594</NORD>
    <SARD>1083</SARD>
    <SICI>2485</SICI>
    <SUD>3428</SUD>
  </marketintervaldetail>
  <marketintervaldetail>
    <Data>20170204</Data>
    <Mercato>MGP</Mercato>
    <Ora>23</Ora>
    <Totale>31310</Totale>
    <CNOR>3262</CNOR>
    <CSUD>5490</CSUD>
    <NORD>16147</NORD>
    <SARD>995</SARD>
    <SICI>2278</SICI>
    <SUD>3138</SUD>
  </marketintervaldetail>
  <marketintervaldetail>
    <Data>20170204</Data>
    <Mercato>MGP</Mercato>
    <Ora>24</Ora>
    <Totale>28607</Totale>
    <CNOR>3011</CNOR>
    <CSUD>4970</CSUD>
    <NORD>14834</NORD>
    <SARD>918</SARD>
    <SICI>2095</SICI>
    <SUD>2779</SUD>
  </marketintervaldetail>
</NewDataSet>