<?xml version="1.0" standalone="yes"?>
<NewDataSet>
  <xs:schema id="NewDataSet" xmlns="" xmlns:xs="http://www.w3.org/2001/XMLSchema" xmlns:msdata="urn:schemas-microsoft-com:xml-msdata">
    <xs:element name="NewDataSet" msdata:IsDataSet="true" msdata:MainDataTable="marketintervaldetail" msdata:UseCurrentLocale="true">
      <xs:complexType>
        <xs:choice minOccurs="0" maxOccurs="unbounded">
          <xs:element name="marketintervaldetail">
            <xs:complexType>
              <xs:sequence>
                <xs:element name="Data" type="xs:string" minOccurs="0" />
                <xs:element name="Mercato" type="xs:string" minOccurs="0" />
                <xs:element name="Ora" type="xs:string" minOccurs="0" />
                <xs:element name="Totale" type="xs:string" minOccurs="0" />
                <xs:element name="CNOR" type="xs:string" minOccurs="0" />
                <xs:element name="CSUD" type="xs:string" minOccurs="0" />
                <xs:element name="NORD" type="xs:string" minOccurs="0" />
                <xs:element name="SARD" type="xs:string" minOccurs="0" />
                <xs:element name="SICI" type="xs:string" minOccurs="0" />
                <xs:element name="SUD" type="xs:string" minOccurs="0" />
              </xs:sequence>
            </xs:complexType>
          </xs:element>
        </xs:choice>
      </xs:complexType>
    </xs:element>
  </xs:schema>
  <marketintervaldetail>
    <Data>20170210</Data>
    <Mercato>MGP</Mercato>
    <Ora>01</Ora>
    <Totale>28901</Totale>
    <CNOR>3377</CNOR>
    <CSUD>4487</CSUD>
    <NORD>15941</NORD>
    <SARD>838</SARD>
    <SICI>1793</SICI>
    <SUD>2465</SUD>
  </marketintervaldetail>
  <marketintervaldetail>
    <Data>20170210</Data>
    <Mercato>MGP</Mercato>
    <Ora>02</Ora>
    <Totale>27026</Totale>
    <CNOR>3129</CNOR>
    <CSUD>4111</CSUD>
    <NORD>15150</NORD>
    <SARD>762</SARD>
    <SICI>1621</SICI>
    <SUD>2253</SUD>
  </marketintervaldetail>
  <marketintervaldetail>
    <Data>20170210</Data>
    <Mercato>MGP</Mercato>
    <Ora>03</Ora>
    <Totale>25941</Totale>
    <CNOR>2991</CNOR>
    <CSUD>3855</CSUD>
    <NORD>14662</NORD>
    <SARD>732</SARD>
    <SICI>1514</SICI>
    <SUD>2187</SUD>
  </marketintervaldetail>
  <marketintervaldetail>
    <Data>20170210</Data>
    <Mercato>MGP</Mercato>
    <Ora>04</Ora>
    <Totale>25633</Totale>
    <CNOR>2965</CNOR>
    <CSUD>3740</CSUD>
    <NORD>14609</NORD>
    <SARD>719</SARD>
    <SICI>1461</SICI>
    <SUD>2139</SUD>
  </marketintervaldetail>
  <marketintervaldetail>
    <Data>20170210</Data>
    <Mercato>MGP</Mercato>
    <Ora>05</Ora>
    <Totale>25872</Totale>
    <CNOR>2966</CNOR>
    <CSUD>3734</CSUD>
    <NORD>14810</NORD>
    <SARD>727</SARD>
    <SICI>1469</SICI>
    <SUD>2166</SUD>
  </marketintervaldetail>
  <marketintervaldetail>
    <Data>20170210</Data>
    <Mercato>MGP</Mercato>
    <Ora>06</Ora>
    <Totale>27413</Totale>
    <CNOR>3139</CNOR>
    <CSUD>4014</CSUD>
    <NORD>15626</NORD>
    <SARD>761</SARD>
    <SICI>1558</SICI>
    <SUD>2315</SUD>
  </marketintervaldetail>
  <marketintervaldetail>
    <Data>20170210</Data>
    <Mercato>MGP</Mercato>
    <Ora>07</Ora>
    <Totale>32430</Totale>
    <CNOR>3623</CNOR>
    <CSUD>4736</CSUD>
    <NORD>18743</NORD>
    <SARD>864</SARD>
    <SICI>1826</SICI>
    <SUD>2638</SUD>
  </marketintervaldetail>
  <marketintervaldetail>
    <Data>20170210</Data>
    <Mercato>MGP</Mercato>
    <Ora>08</Ora>
    <Totale>39026</Totale>
    <CNOR>4195</CNOR>
    <CSUD>5606</CSUD>
    <NORD>23014</NORD>
    <SARD>1044</SARD>
    <SICI>2160</SICI>
    <SUD>3007</SUD>
  </marketintervaldetail>
  <marketintervaldetail>
    <Data>20170210</Data>
    <Mercato>MGP</Mercato>
    <Ora>09</Ora>
    <Totale>43792</Totale>
    <CNOR>4731</CNOR>
    <CSUD>6313</CSUD>
    <NORD>26020</NORD>
    <SARD>1141</SARD>
    <SICI>2277</SICI>
    <SUD>3310</SUD>
  </marketintervaldetail>
  <marketintervaldetail>
    <Data>20170210</Data>
    <Mercato>MGP</Mercato>
    <Ora>10</Ora>
    <Totale>46247</Totale>
    <CNOR>5085</CNOR>
    <CSUD>6868</CSUD>
    <NORD>27428</NORD>
    <SARD>1167</SARD>
    <SICI>2323</SICI>
    <SUD>3376</SUD>
  </marketintervaldetail>
  <marketintervaldetail>
    <Data>20170210</Data>
    <Mercato>MGP</Mercato>
    <Ora>11</Ora>
    <Totale>46315</Totale>
    <CNOR>5040</CNOR>
    <CSUD>6892</CSUD>
    <NORD>27564</NORD>
    <SARD>1173</SARD>
    <SICI>2310</SICI>
    <SUD>3336</SUD>
  </marketintervaldetail>
  <marketintervaldetail>
    <Data>20170210</Data>
    <Mercato>MGP</Mercato>
    <Ora>12</Ora>
    <Totale>45486</Totale>
    <CNOR>4895</CNOR>
    <CSUD>6573</CSUD>
    <NORD>27336</NORD>
    <SARD>1168</SARD>
    <SICI>2219</SICI>
    <SUD>3295</SUD>
  </marketintervaldetail>
  <marketintervaldetail>
    <Data>20170210</Data>
    <Mercato>MGP</Mercato>
    <Ora>13</Ora>
    <Totale>42567</Totale>
    <CNOR>4535</CNOR>
    <CSUD>6312</CSUD>
    <NORD>25283</NORD>
    <SARD>1123</SARD>
    <SICI>2106</SICI>
    <SUD>3208</SUD>
  </marketintervaldetail>
  <marketintervaldetail>
    <Data>20170210</Data>
    <Mercato>MGP</Mercato>
    <Ora>14</Ora>
    <Totale>41241</Totale>
    <CNOR>4323</CNOR>
    <CSUD>5823</CSUD>
    <NORD>24783</NORD>
    <SARD>1026</SARD>
    <SICI>2129</SICI>
    <SUD>3157</SUD>
  </marketintervaldetail>
  <marketintervaldetail>
    <Data>20170210</Data>
    <Mercato>MGP</Mercato>
    <Ora>15</Ora>
    <Totale>42281</Totale>
    <CNOR>4500</CNOR>
    <CSUD>6064</CSUD>
    <NORD>25494</NORD>
    <SARD>1014</SARD>
    <SICI>2028</SICI>
    <SUD>3181</SUD>
  </marketintervaldetail>
  <marketintervaldetail>
    <Data>20170210</Data>
    <Mercato>MGP</Mercato>
    <Ora>16</Ora>
    <Totale>42490</Totale>
    <CNOR>4660</CNOR>
    <CSUD>6104</CSUD>
    <NORD>25601</NORD>
    <SARD>974</SARD>
    <SICI>2025</SICI>
    <SUD>3126</SUD>
  </marketintervaldetail>
  <marketintervaldetail>
    <Data>20170210</Data>
    <Mercato>MGP</Mercato>
    <Ora>17</Ora>
    <Totale>42717</Totale>
    <CNOR>4606</CNOR>
    <CSUD>5915</CSUD>
    <NORD>25519</NORD>
    <SARD>995</SARD>
    <SICI>2142</SICI>
    <SUD>3540</SUD>
  </marketintervaldetail>
  <marketintervaldetail>
    <Data>20170210</Data>
    <Mercato>MGP</Mercato>
    <Ora>18</Ora>
    <Totale>43153</Totale>
    <CNOR>4637</CNOR>
    <CSUD>6238</CSUD>
    <NORD>25257</NORD>
    <SARD>1064</SARD>
    <SICI>2260</SICI>
    <SUD>3697</SUD>
  </marketintervaldetail>
  <marketintervaldetail>
    <Data>20170210</Data>
    <Mercato>MGP</Mercato>
    <Ora>19</Ora>
    <Totale>45730</Totale>
    <CNOR>5057</CNOR>
    <CSUD>7149</CSUD>
    <NORD>25799</NORD>
    <SARD>1183</SARD>
    <SICI>2616</SICI>
    <SUD>3926</SUD>
  </marketintervaldetail>
  <marketintervaldetail>
    <Data>20170210</Data>
    <Mercato>MGP</Mercato>
    <Ora>20</Ora>
    <Totale>45218</Totale>
    <CNOR>4943</CNOR>
    <CSUD>7238</CSUD>
    <NORD>25057</NORD>
    <SARD>1248</SARD>
    <SICI>2780</SICI>
    <SUD>3952</SUD>
  </marketintervaldetail>
  <marketintervaldetail>
    <Data>20170210</Data>
    <Mercato>MGP</Mercato>
    <Ora>21</Ora>
    <Totale>42621</Totale>
    <CNOR>4613</CNOR>
    <CSUD>6943</CSUD>
    <NORD>23166</NORD>
    <SARD>1236</SARD>
    <SICI>2792</SICI>
    <SUD>3871</SUD>
  </marketintervaldetail>
  <marketintervaldetail>
    <Data>20170210</Data>
    <Mercato>MGP</Mercato>
    <Ora>22</Ora>
    <Totale>39111</Totale>
    <CNOR>4295</CNOR>
    <CSUD>6373</CSUD>
    <NORD>21103</NORD>
    <SARD>1156</SARD>
    <SICI>2619</SICI>
    <SUD>3565</SUD>
  </marketintervaldetail>
  <marketintervaldetail>
    <Data>20170210</Data>
    <Mercato>MGP</Mercato>
    <Ora>23</Ora>
    <Totale>35450</Totale>
    <CNOR>3905</CNOR>
    <CSUD>5771</CSUD>
    <NORD>19050</NORD>
    <SARD>1062</SARD>
    <SICI>2411</SICI>
    <SUD>3251</SUD>
  </marketintervaldetail>
  <marketintervaldetail>
    <Data>20170210</Data>
    <Mercato>MGP</Mercato>
    <Ora>24</Ora>
    <Totale>31865</Totale>
    <CNOR>3612</CNOR>
    <CSUD>5141</CSUD>
    <NORD>17122</NORD>
    <SARD>974</SARD>
    <SICI>2173</SICI>
    <SUD>2843</SUD>
  </marketintervaldetail>
</NewDataSet>