<?xml version="1.0" standalone="yes"?>
<NewDataSet>
  <xs:schema id="NewDataSet" xmlns="" xmlns:xs="http://www.w3.org/2001/XMLSchema" xmlns:msdata="urn:schemas-microsoft-com:xml-msdata">
    <xs:element name="NewDataSet" msdata:IsDataSet="true" msdata:MainDataTable="marketintervaldetail" msdata:UseCurrentLocale="true">
      <xs:complexType>
        <xs:choice minOccurs="0" maxOccurs="unbounded">
          <xs:element name="marketintervaldetail">
            <xs:complexType>
              <xs:sequence>
                <xs:element name="Data" type="xs:string" minOccurs="0" />
                <xs:element name="Mercato" type="xs:string" minOccurs="0" />
                <xs:element name="Ora" type="xs:string" minOccurs="0" />
                <xs:element name="Totale" type="xs:string" minOccurs="0" />
                <xs:element name="CNOR" type="xs:string" minOccurs="0" />
                <xs:element name="CSUD" type="xs:string" minOccurs="0" />
                <xs:element name="NORD" type="xs:string" minOccurs="0" />
                <xs:element name="SARD" type="xs:string" minOccurs="0" />
                <xs:element name="SICI" type="xs:string" minOccurs="0" />
                <xs:element name="SUD" type="xs:string" minOccurs="0" />
              </xs:sequence>
            </xs:complexType>
          </xs:element>
        </xs:choice>
      </xs:complexType>
    </xs:element>
  </xs:schema>
  <marketintervaldetail>
    <Data>20170222</Data>
    <Mercato>MGP</Mercato>
    <Ora>01</Ora>
    <Totale>27720</Totale>
    <CNOR>2755</CNOR>
    <CSUD>4239</CSUD>
    <NORD>15849</NORD>
    <SARD>825</SARD>
    <SICI>1653</SICI>
    <SUD>2399</SUD>
  </marketintervaldetail>
  <marketintervaldetail>
    <Data>20170222</Data>
    <Mercato>MGP</Mercato>
    <Ora>02</Ora>
    <Totale>26095</Totale>
    <CNOR>2655</CNOR>
    <CSUD>3844</CSUD>
    <NORD>15066</NORD>
    <SARD>773</SARD>
    <SICI>1499</SICI>
    <SUD>2258</SUD>
  </marketintervaldetail>
  <marketintervaldetail>
    <Data>20170222</Data>
    <Mercato>MGP</Mercato>
    <Ora>03</Ora>
    <Totale>25248</Totale>
    <CNOR>2571</CNOR>
    <CSUD>3687</CSUD>
    <NORD>14675</NORD>
    <SARD>743</SARD>
    <SICI>1402</SICI>
    <SUD>2170</SUD>
  </marketintervaldetail>
  <marketintervaldetail>
    <Data>20170222</Data>
    <Mercato>MGP</Mercato>
    <Ora>04</Ora>
    <Totale>24743</Totale>
    <CNOR>2568</CNOR>
    <CSUD>3603</CSUD>
    <NORD>14387</NORD>
    <SARD>728</SARD>
    <SICI>1373</SICI>
    <SUD>2084</SUD>
  </marketintervaldetail>
  <marketintervaldetail>
    <Data>20170222</Data>
    <Mercato>MGP</Mercato>
    <Ora>05</Ora>
    <Totale>24948</Totale>
    <CNOR>2583</CNOR>
    <CSUD>3616</CSUD>
    <NORD>14530</NORD>
    <SARD>738</SARD>
    <SICI>1382</SICI>
    <SUD>2099</SUD>
  </marketintervaldetail>
  <marketintervaldetail>
    <Data>20170222</Data>
    <Mercato>MGP</Mercato>
    <Ora>06</Ora>
    <Totale>26852</Totale>
    <CNOR>2712</CNOR>
    <CSUD>3854</CSUD>
    <NORD>15814</NORD>
    <SARD>759</SARD>
    <SICI>1458</SICI>
    <SUD>2255</SUD>
  </marketintervaldetail>
  <marketintervaldetail>
    <Data>20170222</Data>
    <Mercato>MGP</Mercato>
    <Ora>07</Ora>
    <Totale>31982</Totale>
    <CNOR>3222</CNOR>
    <CSUD>4607</CSUD>
    <NORD>19096</NORD>
    <SARD>867</SARD>
    <SICI>1646</SICI>
    <SUD>2544</SUD>
  </marketintervaldetail>
  <marketintervaldetail>
    <Data>20170222</Data>
    <Mercato>MGP</Mercato>
    <Ora>08</Ora>
    <Totale>37575</Totale>
    <CNOR>3735</CNOR>
    <CSUD>5392</CSUD>
    <NORD>22611</NORD>
    <SARD>1050</SARD>
    <SICI>1941</SICI>
    <SUD>2846</SUD>
  </marketintervaldetail>
  <marketintervaldetail>
    <Data>20170222</Data>
    <Mercato>MGP</Mercato>
    <Ora>09</Ora>
    <Totale>41965</Totale>
    <CNOR>4234</CNOR>
    <CSUD>6102</CSUD>
    <NORD>25336</NORD>
    <SARD>1123</SARD>
    <SICI>2204</SICI>
    <SUD>2966</SUD>
  </marketintervaldetail>
  <marketintervaldetail>
    <Data>20170222</Data>
    <Mercato>MGP</Mercato>
    <Ora>10</Ora>
    <Totale>43085</Totale>
    <CNOR>4361</CNOR>
    <CSUD>6396</CSUD>
    <NORD>26123</NORD>
    <SARD>1118</SARD>
    <SICI>2199</SICI>
    <SUD>2888</SUD>
  </marketintervaldetail>
  <marketintervaldetail>
    <Data>20170222</Data>
    <Mercato>MGP</Mercato>
    <Ora>11</Ora>
    <Totale>42250</Totale>
    <CNOR>4390</CNOR>
    <CSUD>6413</CSUD>
    <NORD>25446</NORD>
    <SARD>1054</SARD>
    <SICI>2091</SICI>
    <SUD>2856</SUD>
  </marketintervaldetail>
  <marketintervaldetail>
    <Data>20170222</Data>
    <Mercato>MGP</Mercato>
    <Ora>12</Ora>
    <Totale>41201</Totale>
    <CNOR>4220</CNOR>
    <CSUD>6324</CSUD>
    <NORD>24774</NORD>
    <SARD>1023</SARD>
    <SICI>2054</SICI>
    <SUD>2806</SUD>
  </marketintervaldetail>
  <marketintervaldetail>
    <Data>20170222</Data>
    <Mercato>MGP</Mercato>
    <Ora>13</Ora>
    <Totale>39043</Totale>
    <CNOR>3932</CNOR>
    <CSUD>6195</CSUD>
    <NORD>23032</NORD>
    <SARD>1005</SARD>
    <SICI>2121</SICI>
    <SUD>2758</SUD>
  </marketintervaldetail>
  <marketintervaldetail>
    <Data>20170222</Data>
    <Mercato>MGP</Mercato>
    <Ora>14</Ora>
    <Totale>38185</Totale>
    <CNOR>3724</CNOR>
    <CSUD>6151</CSUD>
    <NORD>22597</NORD>
    <SARD>970</SARD>
    <SICI>2087</SICI>
    <SUD>2656</SUD>
  </marketintervaldetail>
  <marketintervaldetail>
    <Data>20170222</Data>
    <Mercato>MGP</Mercato>
    <Ora>15</Ora>
    <Totale>40370</Totale>
    <CNOR>3856</CNOR>
    <CSUD>6165</CSUD>
    <NORD>24719</NORD>
    <SARD>964</SARD>
    <SICI>2041</SICI>
    <SUD>2625</SUD>
  </marketintervaldetail>
  <marketintervaldetail>
    <Data>20170222</Data>
    <Mercato>MGP</Mercato>
    <Ora>16</Ora>
    <Totale>41396</Totale>
    <CNOR>3964</CNOR>
    <CSUD>6394</CSUD>
    <NORD>25082</NORD>
    <SARD>994</SARD>
    <SICI>2146</SICI>
    <SUD>2816</SUD>
  </marketintervaldetail>
  <marketintervaldetail>
    <Data>20170222</Data>
    <Mercato>MGP</Mercato>
    <Ora>17</Ora>
    <Totale>41684</Totale>
    <CNOR>4048</CNOR>
    <CSUD>6540</CSUD>
    <NORD>25011</NORD>
    <SARD>1006</SARD>
    <SICI>2189</SICI>
    <SUD>2890</SUD>
  </marketintervaldetail>
  <marketintervaldetail>
    <Data>20170222</Data>
    <Mercato>MGP</Mercato>
    <Ora>18</Ora>
    <Totale>41675</Totale>
    <CNOR>4055</CNOR>
    <CSUD>6359</CSUD>
    <NORD>24650</NORD>
    <SARD>1042</SARD>
    <SICI>2357</SICI>
    <SUD>3212</SUD>
  </marketintervaldetail>
  <marketintervaldetail>
    <Data>20170222</Data>
    <Mercato>MGP</Mercato>
    <Ora>19</Ora>
    <Totale>45474</Totale>
    <CNOR>4667</CNOR>
    <CSUD>6964</CSUD>
    <NORD>26268</NORD>
    <SARD>1131</SARD>
    <SICI>2588</SICI>
    <SUD>3856</SUD>
  </marketintervaldetail>
  <marketintervaldetail>
    <Data>20170222</Data>
    <Mercato>MGP</Mercato>
    <Ora>20</Ora>
    <Totale>46155</Totale>
    <CNOR>4766</CNOR>
    <CSUD>7221</CSUD>
    <NORD>26252</NORD>
    <SARD>1268</SARD>
    <SICI>2734</SICI>
    <SUD>3914</SUD>
  </marketintervaldetail>
  <marketintervaldetail>
    <Data>20170222</Data>
    <Mercato>MGP</Mercato>
    <Ora>21</Ora>
    <Totale>43607</Totale>
    <CNOR>4461</CNOR>
    <CSUD>6896</CSUD>
    <NORD>24346</NORD>
    <SARD>1265</SARD>
    <SICI>2732</SICI>
    <SUD>3907</SUD>
  </marketintervaldetail>
  <marketintervaldetail>
    <Data>20170222</Data>
    <Mercato>MGP</Mercato>
    <Ora>22</Ora>
    <Totale>40275</Totale>
    <CNOR>3988</CNOR>
    <CSUD>6405</CSUD>
    <NORD>22509</NORD>
    <SARD>1171</SARD>
    <SICI>2570</SICI>
    <SUD>3632</SUD>
  </marketintervaldetail>
  <marketintervaldetail>
    <Data>20170222</Data>
    <Mercato>MGP</Mercato>
    <Ora>23</Ora>
    <Totale>36208</Totale>
    <CNOR>3506</CNOR>
    <CSUD>5810</CSUD>
    <NORD>20168</NORD>
    <SARD>1067</SARD>
    <SICI>2329</SICI>
    <SUD>3328</SUD>
  </marketintervaldetail>
  <marketintervaldetail>
    <Data>20170222</Data>
    <Mercato>MGP</Mercato>
    <Ora>24</Ora>
    <Totale>32291</Totale>
    <CNOR>3099</CNOR>
    <CSUD>5094</CSUD>
    <NORD>18204</NORD>
    <SARD>956</SARD>
    <SICI>2015</SICI>
    <SUD>2923</SUD>
  </marketintervaldetail>
</NewDataSet>