<?xml version="1.0" standalone="yes"?>
<NewDataSet>
  <xs:schema id="NewDataSet" xmlns="" xmlns:xs="http://www.w3.org/2001/XMLSchema" xmlns:msdata="urn:schemas-microsoft-com:xml-msdata">
    <xs:element name="NewDataSet" msdata:IsDataSet="true" msdata:MainDataTable="marketintervaldetail" msdata:UseCurrentLocale="true">
      <xs:complexType>
        <xs:choice minOccurs="0" maxOccurs="unbounded">
          <xs:element name="marketintervaldetail">
            <xs:complexType>
              <xs:sequence>
                <xs:element name="Data" type="xs:string" minOccurs="0" />
                <xs:element name="Mercato" type="xs:string" minOccurs="0" />
                <xs:element name="Ora" type="xs:string" minOccurs="0" />
                <xs:element name="Totale" type="xs:string" minOccurs="0" />
                <xs:element name="CNOR" type="xs:string" minOccurs="0" />
                <xs:element name="CSUD" type="xs:string" minOccurs="0" />
                <xs:element name="NORD" type="xs:string" minOccurs="0" />
                <xs:element name="SARD" type="xs:string" minOccurs="0" />
                <xs:element name="SICI" type="xs:string" minOccurs="0" />
                <xs:element name="SUD" type="xs:string" minOccurs="0" />
              </xs:sequence>
            </xs:complexType>
          </xs:element>
        </xs:choice>
      </xs:complexType>
    </xs:element>
  </xs:schema>
  <marketintervaldetail>
    <Data>20170203</Data>
    <Mercato>MGP</Mercato>
    <Ora>01</Ora>
    <Totale>29308</Totale>
    <CNOR>3115</CNOR>
    <CSUD>4499</CSUD>
    <NORD>16445</NORD>
    <SARD>862</SARD>
    <SICI>1722</SICI>
    <SUD>2665</SUD>
  </marketintervaldetail>
  <marketintervaldetail>
    <Data>20170203</Data>
    <Mercato>MGP</Mercato>
    <Ora>02</Ora>
    <Totale>27566</Totale>
    <CNOR>2939</CNOR>
    <CSUD>4060</CSUD>
    <NORD>15646</NORD>
    <SARD>779</SARD>
    <SICI>1552</SICI>
    <SUD>2590</SUD>
  </marketintervaldetail>
  <marketintervaldetail>
    <Data>20170203</Data>
    <Mercato>MGP</Mercato>
    <Ora>03</Ora>
    <Totale>26503</Totale>
    <CNOR>2812</CNOR>
    <CSUD>3837</CSUD>
    <NORD>15179</NORD>
    <SARD>740</SARD>
    <SICI>1460</SICI>
    <SUD>2475</SUD>
  </marketintervaldetail>
  <marketintervaldetail>
    <Data>20170203</Data>
    <Mercato>MGP</Mercato>
    <Ora>04</Ora>
    <Totale>25958</Totale>
    <CNOR>2749</CNOR>
    <CSUD>3763</CSUD>
    <NORD>14959</NORD>
    <SARD>722</SARD>
    <SICI>1419</SICI>
    <SUD>2346</SUD>
  </marketintervaldetail>
  <marketintervaldetail>
    <Data>20170203</Data>
    <Mercato>MGP</Mercato>
    <Ora>05</Ora>
    <Totale>26194</Totale>
    <CNOR>2768</CNOR>
    <CSUD>3800</CSUD>
    <NORD>15104</NORD>
    <SARD>727</SARD>
    <SICI>1432</SICI>
    <SUD>2363</SUD>
  </marketintervaldetail>
  <marketintervaldetail>
    <Data>20170203</Data>
    <Mercato>MGP</Mercato>
    <Ora>06</Ora>
    <Totale>27942</Totale>
    <CNOR>2950</CNOR>
    <CSUD>4090</CSUD>
    <NORD>16101</NORD>
    <SARD>764</SARD>
    <SICI>1523</SICI>
    <SUD>2514</SUD>
  </marketintervaldetail>
  <marketintervaldetail>
    <Data>20170203</Data>
    <Mercato>MGP</Mercato>
    <Ora>07</Ora>
    <Totale>32618</Totale>
    <CNOR>3418</CNOR>
    <CSUD>4828</CSUD>
    <NORD>18928</NORD>
    <SARD>879</SARD>
    <SICI>1725</SICI>
    <SUD>2840</SUD>
  </marketintervaldetail>
  <marketintervaldetail>
    <Data>20170203</Data>
    <Mercato>MGP</Mercato>
    <Ora>08</Ora>
    <Totale>38936</Totale>
    <CNOR>4068</CNOR>
    <CSUD>5788</CSUD>
    <NORD>22759</NORD>
    <SARD>1073</SARD>
    <SICI>2104</SICI>
    <SUD>3144</SUD>
  </marketintervaldetail>
  <marketintervaldetail>
    <Data>20170203</Data>
    <Mercato>MGP</Mercato>
    <Ora>09</Ora>
    <Totale>43598</Totale>
    <CNOR>4769</CNOR>
    <CSUD>6460</CSUD>
    <NORD>25400</NORD>
    <SARD>1141</SARD>
    <SICI>2298</SICI>
    <SUD>3530</SUD>
  </marketintervaldetail>
  <marketintervaldetail>
    <Data>20170203</Data>
    <Mercato>MGP</Mercato>
    <Ora>10</Ora>
    <Totale>45736</Totale>
    <CNOR>5047</CNOR>
    <CSUD>6903</CSUD>
    <NORD>26728</NORD>
    <SARD>1166</SARD>
    <SICI>2359</SICI>
    <SUD>3533</SUD>
  </marketintervaldetail>
  <marketintervaldetail>
    <Data>20170203</Data>
    <Mercato>MGP</Mercato>
    <Ora>11</Ora>
    <Totale>45649</Totale>
    <CNOR>4975</CNOR>
    <CSUD>6937</CSUD>
    <NORD>26826</NORD>
    <SARD>1132</SARD>
    <SICI>2262</SICI>
    <SUD>3517</SUD>
  </marketintervaldetail>
  <marketintervaldetail>
    <Data>20170203</Data>
    <Mercato>MGP</Mercato>
    <Ora>12</Ora>
    <Totale>45379</Totale>
    <CNOR>4820</CNOR>
    <CSUD>6786</CSUD>
    <NORD>26994</NORD>
    <SARD>1092</SARD>
    <SICI>2270</SICI>
    <SUD>3417</SUD>
  </marketintervaldetail>
  <marketintervaldetail>
    <Data>20170203</Data>
    <Mercato>MGP</Mercato>
    <Ora>13</Ora>
    <Totale>42975</Totale>
    <CNOR>4659</CNOR>
    <CSUD>6674</CSUD>
    <NORD>25023</NORD>
    <SARD>982</SARD>
    <SICI>2255</SICI>
    <SUD>3382</SUD>
  </marketintervaldetail>
  <marketintervaldetail>
    <Data>20170203</Data>
    <Mercato>MGP</Mercato>
    <Ora>14</Ora>
    <Totale>41933</Totale>
    <CNOR>4412</CNOR>
    <CSUD>6554</CSUD>
    <NORD>24598</NORD>
    <SARD>948</SARD>
    <SICI>2110</SICI>
    <SUD>3311</SUD>
  </marketintervaldetail>
  <marketintervaldetail>
    <Data>20170203</Data>
    <Mercato>MGP</Mercato>
    <Ora>15</Ora>
    <Totale>42812</Totale>
    <CNOR>4560</CNOR>
    <CSUD>6494</CSUD>
    <NORD>25447</NORD>
    <SARD>940</SARD>
    <SICI>2182</SICI>
    <SUD>3189</SUD>
  </marketintervaldetail>
  <marketintervaldetail>
    <Data>20170203</Data>
    <Mercato>MGP</Mercato>
    <Ora>16</Ora>
    <Totale>43560</Totale>
    <CNOR>4701</CNOR>
    <CSUD>6650</CSUD>
    <NORD>25719</NORD>
    <SARD>967</SARD>
    <SICI>2248</SICI>
    <SUD>3275</SUD>
  </marketintervaldetail>
  <marketintervaldetail>
    <Data>20170203</Data>
    <Mercato>MGP</Mercato>
    <Ora>17</Ora>
    <Totale>43482</Totale>
    <CNOR>4631</CNOR>
    <CSUD>6601</CSUD>
    <NORD>25626</NORD>
    <SARD>998</SARD>
    <SICI>2273</SICI>
    <SUD>3353</SUD>
  </marketintervaldetail>
  <marketintervaldetail>
    <Data>20170203</Data>
    <Mercato>MGP</Mercato>
    <Ora>18</Ora>
    <Totale>44043</Totale>
    <CNOR>4652</CNOR>
    <CSUD>6724</CSUD>
    <NORD>25463</NORD>
    <SARD>1064</SARD>
    <SICI>2423</SICI>
    <SUD>3717</SUD>
  </marketintervaldetail>
  <marketintervaldetail>
    <Data>20170203</Data>
    <Mercato>MGP</Mercato>
    <Ora>19</Ora>
    <Totale>46176</Totale>
    <CNOR>4836</CNOR>
    <CSUD>7180</CSUD>
    <NORD>26141</NORD>
    <SARD>1174</SARD>
    <SICI>2697</SICI>
    <SUD>4148</SUD>
  </marketintervaldetail>
  <marketintervaldetail>
    <Data>20170203</Data>
    <Mercato>MGP</Mercato>
    <Ora>20</Ora>
    <Totale>45715</Totale>
    <CNOR>4727</CNOR>
    <CSUD>7293</CSUD>
    <NORD>25520</NORD>
    <SARD>1221</SARD>
    <SICI>2797</SICI>
    <SUD>4157</SUD>
  </marketintervaldetail>
  <marketintervaldetail>
    <Data>20170203</Data>
    <Mercato>MGP</Mercato>
    <Ora>21</Ora>
    <Totale>42868</Totale>
    <CNOR>4270</CNOR>
    <CSUD>7022</CSUD>
    <NORD>23486</NORD>
    <SARD>1219</SARD>
    <SICI>2775</SICI>
    <SUD>4096</SUD>
  </marketintervaldetail>
  <marketintervaldetail>
    <Data>20170203</Data>
    <Mercato>MGP</Mercato>
    <Ora>22</Ora>
    <Totale>39671</Totale>
    <CNOR>4058</CNOR>
    <CSUD>6387</CSUD>
    <NORD>21652</NORD>
    <SARD>1137</SARD>
    <SICI>2634</SICI>
    <SUD>3803</SUD>
  </marketintervaldetail>
  <marketintervaldetail>
    <Data>20170203</Data>
    <Mercato>MGP</Mercato>
    <Ora>23</Ora>
    <Totale>35728</Totale>
    <CNOR>3660</CNOR>
    <CSUD>5834</CSUD>
    <NORD>19403</NORD>
    <SARD>1031</SARD>
    <SICI>2364</SICI>
    <SUD>3436</SUD>
  </marketintervaldetail>
  <marketintervaldetail>
    <Data>20170203</Data>
    <Mercato>MGP</Mercato>
    <Ora>24</Ora>
    <Totale>32062</Totale>
    <CNOR>3291</CNOR>
    <CSUD>5202</CSUD>
    <NORD>17590</NORD>
    <SARD>941</SARD>
    <SICI>2039</SICI>
    <SUD>2999</SUD>
  </marketintervaldetail>
</NewDataSet>