<?xml version="1.0" standalone="yes"?>
<NewDataSet>
  <xs:schema id="NewDataSet" xmlns="" xmlns:xs="http://www.w3.org/2001/XMLSchema" xmlns:msdata="urn:schemas-microsoft-com:xml-msdata">
    <xs:element name="NewDataSet" msdata:IsDataSet="true" msdata:MainDataTable="marketintervaldetail" msdata:UseCurrentLocale="true">
      <xs:complexType>
        <xs:choice minOccurs="0" maxOccurs="unbounded">
          <xs:element name="marketintervaldetail">
            <xs:complexType>
              <xs:sequence>
                <xs:element name="Data" type="xs:string" minOccurs="0" />
                <xs:element name="Mercato" type="xs:string" minOccurs="0" />
                <xs:element name="Ora" type="xs:string" minOccurs="0" />
                <xs:element name="Totale" type="xs:string" minOccurs="0" />
                <xs:element name="CNOR" type="xs:string" minOccurs="0" />
                <xs:element name="CSUD" type="xs:string" minOccurs="0" />
                <xs:element name="NORD" type="xs:string" minOccurs="0" />
                <xs:element name="SARD" type="xs:string" minOccurs="0" />
                <xs:element name="SICI" type="xs:string" minOccurs="0" />
                <xs:element name="SUD" type="xs:string" minOccurs="0" />
              </xs:sequence>
            </xs:complexType>
          </xs:element>
        </xs:choice>
      </xs:complexType>
    </xs:element>
  </xs:schema>
  <marketintervaldetail>
    <Data>20170211</Data>
    <Mercato>MGP</Mercato>
    <Ora>01</Ora>
    <Totale>29131</Totale>
    <CNOR>3214</CNOR>
    <CSUD>4734</CSUD>
    <NORD>16030</NORD>
    <SARD>859</SARD>
    <SICI>1769</SICI>
    <SUD>2525</SUD>
  </marketintervaldetail>
  <marketintervaldetail>
    <Data>20170211</Data>
    <Mercato>MGP</Mercato>
    <Ora>02</Ora>
    <Totale>27258</Totale>
    <CNOR>2981</CNOR>
    <CSUD>4322</CSUD>
    <NORD>15111</NORD>
    <SARD>805</SARD>
    <SICI>1600</SICI>
    <SUD>2439</SUD>
  </marketintervaldetail>
  <marketintervaldetail>
    <Data>20170211</Data>
    <Mercato>MGP</Mercato>
    <Ora>03</Ora>
    <Totale>25899</Totale>
    <CNOR>2867</CNOR>
    <CSUD>4053</CSUD>
    <NORD>14427</NORD>
    <SARD>767</SARD>
    <SICI>1490</SICI>
    <SUD>2295</SUD>
  </marketintervaldetail>
  <marketintervaldetail>
    <Data>20170211</Data>
    <Mercato>MGP</Mercato>
    <Ora>04</Ora>
    <Totale>25267</Totale>
    <CNOR>2861</CNOR>
    <CSUD>3922</CSUD>
    <NORD>14112</NORD>
    <SARD>753</SARD>
    <SICI>1430</SICI>
    <SUD>2189</SUD>
  </marketintervaldetail>
  <marketintervaldetail>
    <Data>20170211</Data>
    <Mercato>MGP</Mercato>
    <Ora>05</Ora>
    <Totale>25017</Totale>
    <CNOR>2857</CNOR>
    <CSUD>3903</CSUD>
    <NORD>13925</NORD>
    <SARD>752</SARD>
    <SICI>1419</SICI>
    <SUD>2161</SUD>
  </marketintervaldetail>
  <marketintervaldetail>
    <Data>20170211</Data>
    <Mercato>MGP</Mercato>
    <Ora>06</Ora>
    <Totale>25586</Totale>
    <CNOR>2847</CNOR>
    <CSUD>4000</CSUD>
    <NORD>14264</NORD>
    <SARD>769</SARD>
    <SICI>1462</SICI>
    <SUD>2244</SUD>
  </marketintervaldetail>
  <marketintervaldetail>
    <Data>20170211</Data>
    <Mercato>MGP</Mercato>
    <Ora>07</Ora>
    <Totale>27757</Totale>
    <CNOR>3046</CNOR>
    <CSUD>4287</CSUD>
    <NORD>15572</NORD>
    <SARD>841</SARD>
    <SICI>1574</SICI>
    <SUD>2437</SUD>
  </marketintervaldetail>
  <marketintervaldetail>
    <Data>20170211</Data>
    <Mercato>MGP</Mercato>
    <Ora>08</Ora>
    <Totale>30619</Totale>
    <CNOR>3338</CNOR>
    <CSUD>4660</CSUD>
    <NORD>17239</NORD>
    <SARD>945</SARD>
    <SICI>1729</SICI>
    <SUD>2708</SUD>
  </marketintervaldetail>
  <marketintervaldetail>
    <Data>20170211</Data>
    <Mercato>MGP</Mercato>
    <Ora>09</Ora>
    <Totale>33596</Totale>
    <CNOR>3558</CNOR>
    <CSUD>5161</CSUD>
    <NORD>18865</NORD>
    <SARD>1035</SARD>
    <SICI>1993</SICI>
    <SUD>2984</SUD>
  </marketintervaldetail>
  <marketintervaldetail>
    <Data>20170211</Data>
    <Mercato>MGP</Mercato>
    <Ora>10</Ora>
    <Totale>36020</Totale>
    <CNOR>3911</CNOR>
    <CSUD>5650</CSUD>
    <NORD>20208</NORD>
    <SARD>1058</SARD>
    <SICI>2071</SICI>
    <SUD>3122</SUD>
  </marketintervaldetail>
  <marketintervaldetail>
    <Data>20170211</Data>
    <Mercato>MGP</Mercato>
    <Ora>11</Ora>
    <Totale>36842</Totale>
    <CNOR>4152</CNOR>
    <CSUD>5712</CSUD>
    <NORD>20833</NORD>
    <SARD>1023</SARD>
    <SICI>2029</SICI>
    <SUD>3093</SUD>
  </marketintervaldetail>
  <marketintervaldetail>
    <Data>20170211</Data>
    <Mercato>MGP</Mercato>
    <Ora>12</Ora>
    <Totale>36503</Totale>
    <CNOR>4144</CNOR>
    <CSUD>5593</CSUD>
    <NORD>20782</NORD>
    <SARD>1039</SARD>
    <SICI>2010</SICI>
    <SUD>2935</SUD>
  </marketintervaldetail>
  <marketintervaldetail>
    <Data>20170211</Data>
    <Mercato>MGP</Mercato>
    <Ora>13</Ora>
    <Totale>34783</Totale>
    <CNOR>4031</CNOR>
    <CSUD>5542</CSUD>
    <NORD>19497</NORD>
    <SARD>1071</SARD>
    <SICI>1954</SICI>
    <SUD>2688</SUD>
  </marketintervaldetail>
  <marketintervaldetail>
    <Data>20170211</Data>
    <Mercato>MGP</Mercato>
    <Ora>14</Ora>
    <Totale>32900</Totale>
    <CNOR>3795</CNOR>
    <CSUD>5393</CSUD>
    <NORD>18292</NORD>
    <SARD>995</SARD>
    <SICI>1898</SICI>
    <SUD>2527</SUD>
  </marketintervaldetail>
  <marketintervaldetail>
    <Data>20170211</Data>
    <Mercato>MGP</Mercato>
    <Ora>15</Ora>
    <Totale>32350</Totale>
    <CNOR>3725</CNOR>
    <CSUD>5252</CSUD>
    <NORD>17933</NORD>
    <SARD>884</SARD>
    <SICI>2011</SICI>
    <SUD>2545</SUD>
  </marketintervaldetail>
  <marketintervaldetail>
    <Data>20170211</Data>
    <Mercato>MGP</Mercato>
    <Ora>16</Ora>
    <Totale>32377</Totale>
    <CNOR>4048</CNOR>
    <CSUD>5310</CSUD>
    <NORD>17555</NORD>
    <SARD>728</SARD>
    <SICI>2047</SICI>
    <SUD>2689</SUD>
  </marketintervaldetail>
  <marketintervaldetail>
    <Data>20170211</Data>
    <Mercato>MGP</Mercato>
    <Ora>17</Ora>
    <Totale>32676</Totale>
    <CNOR>3865</CNOR>
    <CSUD>5483</CSUD>
    <NORD>17681</NORD>
    <SARD>745</SARD>
    <SICI>2099</SICI>
    <SUD>2803</SUD>
  </marketintervaldetail>
  <marketintervaldetail>
    <Data>20170211</Data>
    <Mercato>MGP</Mercato>
    <Ora>18</Ora>
    <Totale>34626</Totale>
    <CNOR>3955</CNOR>
    <CSUD>5859</CSUD>
    <NORD>18455</NORD>
    <SARD>789</SARD>
    <SICI>2305</SICI>
    <SUD>3263</SUD>
  </marketintervaldetail>
  <marketintervaldetail>
    <Data>20170211</Data>
    <Mercato>MGP</Mercato>
    <Ora>19</Ora>
    <Totale>38095</Totale>
    <CNOR>4278</CNOR>
    <CSUD>6453</CSUD>
    <NORD>20243</NORD>
    <SARD>917</SARD>
    <SICI>2573</SICI>
    <SUD>3631</SUD>
  </marketintervaldetail>
  <marketintervaldetail>
    <Data>20170211</Data>
    <Mercato>MGP</Mercato>
    <Ora>20</Ora>
    <Totale>38655</Totale>
    <CNOR>4313</CNOR>
    <CSUD>6616</CSUD>
    <NORD>20486</NORD>
    <SARD>958</SARD>
    <SICI>2632</SICI>
    <SUD>3650</SUD>
  </marketintervaldetail>
  <marketintervaldetail>
    <Data>20170211</Data>
    <Mercato>MGP</Mercato>
    <Ora>21</Ora>
    <Totale>36503</Totale>
    <CNOR>4064</CNOR>
    <CSUD>6342</CSUD>
    <NORD>18946</NORD>
    <SARD>941</SARD>
    <SICI>2584</SICI>
    <SUD>3626</SUD>
  </marketintervaldetail>
  <marketintervaldetail>
    <Data>20170211</Data>
    <Mercato>MGP</Mercato>
    <Ora>22</Ora>
    <Totale>33493</Totale>
    <CNOR>3813</CNOR>
    <CSUD>5738</CSUD>
    <NORD>17348</NORD>
    <SARD>865</SARD>
    <SICI>2375</SICI>
    <SUD>3354</SUD>
  </marketintervaldetail>
  <marketintervaldetail>
    <Data>20170211</Data>
    <Mercato>MGP</Mercato>
    <Ora>23</Ora>
    <Totale>30800</Totale>
    <CNOR>3553</CNOR>
    <CSUD>5255</CSUD>
    <NORD>16028</NORD>
    <SARD>793</SARD>
    <SICI>2161</SICI>
    <SUD>3010</SUD>
  </marketintervaldetail>
  <marketintervaldetail>
    <Data>20170211</Data>
    <Mercato>MGP</Mercato>
    <Ora>24</Ora>
    <Totale>28424</Totale>
    <CNOR>3331</CNOR>
    <CSUD>4814</CSUD>
    <NORD>14969</NORD>
    <SARD>726</SARD>
    <SICI>1974</SICI>
    <SUD>2610</SUD>
  </marketintervaldetail>
</NewDataSet>