<?xml version="1.0" standalone="yes"?>
<NewDataSet>
  <xs:schema id="NewDataSet" xmlns="" xmlns:xs="http://www.w3.org/2001/XMLSchema" xmlns:msdata="urn:schemas-microsoft-com:xml-msdata">
    <xs:element name="NewDataSet" msdata:IsDataSet="true" msdata:MainDataTable="marketintervaldetail" msdata:UseCurrentLocale="true">
      <xs:complexType>
        <xs:choice minOccurs="0" maxOccurs="unbounded">
          <xs:element name="marketintervaldetail">
            <xs:complexType>
              <xs:sequence>
                <xs:element name="Data" type="xs:string" minOccurs="0" />
                <xs:element name="Mercato" type="xs:string" minOccurs="0" />
                <xs:element name="Ora" type="xs:string" minOccurs="0" />
                <xs:element name="Totale" type="xs:string" minOccurs="0" />
                <xs:element name="CNOR" type="xs:string" minOccurs="0" />
                <xs:element name="CSUD" type="xs:string" minOccurs="0" />
                <xs:element name="NORD" type="xs:string" minOccurs="0" />
                <xs:element name="SARD" type="xs:string" minOccurs="0" />
                <xs:element name="SICI" type="xs:string" minOccurs="0" />
                <xs:element name="SUD" type="xs:string" minOccurs="0" />
              </xs:sequence>
            </xs:complexType>
          </xs:element>
        </xs:choice>
      </xs:complexType>
    </xs:element>
  </xs:schema>
  <marketintervaldetail>
    <Data>20170214</Data>
    <Mercato>MGP</Mercato>
    <Ora>01</Ora>
    <Totale>28249</Totale>
    <CNOR>3069</CNOR>
    <CSUD>4419</CSUD>
    <NORD>15592</NORD>
    <SARD>991</SARD>
    <SICI>1782</SICI>
    <SUD>2396</SUD>
  </marketintervaldetail>
  <marketintervaldetail>
    <Data>20170214</Data>
    <Mercato>MGP</Mercato>
    <Ora>02</Ora>
    <Totale>26409</Totale>
    <CNOR>2955</CNOR>
    <CSUD>4051</CSUD>
    <NORD>14644</NORD>
    <SARD>915</SARD>
    <SICI>1609</SICI>
    <SUD>2235</SUD>
  </marketintervaldetail>
  <marketintervaldetail>
    <Data>20170214</Data>
    <Mercato>MGP</Mercato>
    <Ora>03</Ora>
    <Totale>25411</Totale>
    <CNOR>2808</CNOR>
    <CSUD>3847</CSUD>
    <NORD>14266</NORD>
    <SARD>878</SARD>
    <SICI>1511</SICI>
    <SUD>2101</SUD>
  </marketintervaldetail>
  <marketintervaldetail>
    <Data>20170214</Data>
    <Mercato>MGP</Mercato>
    <Ora>04</Ora>
    <Totale>25030</Totale>
    <CNOR>2772</CNOR>
    <CSUD>3789</CSUD>
    <NORD>14133</NORD>
    <SARD>868</SARD>
    <SICI>1470</SICI>
    <SUD>1998</SUD>
  </marketintervaldetail>
  <marketintervaldetail>
    <Data>20170214</Data>
    <Mercato>MGP</Mercato>
    <Ora>05</Ora>
    <Totale>25308</Totale>
    <CNOR>2809</CNOR>
    <CSUD>3792</CSUD>
    <NORD>14363</NORD>
    <SARD>869</SARD>
    <SICI>1488</SICI>
    <SUD>1987</SUD>
  </marketintervaldetail>
  <marketintervaldetail>
    <Data>20170214</Data>
    <Mercato>MGP</Mercato>
    <Ora>06</Ora>
    <Totale>27009</Totale>
    <CNOR>2928</CNOR>
    <CSUD>3987</CSUD>
    <NORD>15496</NORD>
    <SARD>905</SARD>
    <SICI>1569</SICI>
    <SUD>2124</SUD>
  </marketintervaldetail>
  <marketintervaldetail>
    <Data>20170214</Data>
    <Mercato>MGP</Mercato>
    <Ora>07</Ora>
    <Totale>32116</Totale>
    <CNOR>3408</CNOR>
    <CSUD>4657</CSUD>
    <NORD>18779</NORD>
    <SARD>1019</SARD>
    <SICI>1780</SICI>
    <SUD>2473</SUD>
  </marketintervaldetail>
  <marketintervaldetail>
    <Data>20170214</Data>
    <Mercato>MGP</Mercato>
    <Ora>08</Ora>
    <Totale>38281</Totale>
    <CNOR>4119</CNOR>
    <CSUD>5475</CSUD>
    <NORD>22563</NORD>
    <SARD>1121</SARD>
    <SICI>2089</SICI>
    <SUD>2914</SUD>
  </marketintervaldetail>
  <marketintervaldetail>
    <Data>20170214</Data>
    <Mercato>MGP</Mercato>
    <Ora>09</Ora>
    <Totale>43480</Totale>
    <CNOR>4812</CNOR>
    <CSUD>6226</CSUD>
    <NORD>25689</NORD>
    <SARD>1192</SARD>
    <SICI>2330</SICI>
    <SUD>3231</SUD>
  </marketintervaldetail>
  <marketintervaldetail>
    <Data>20170214</Data>
    <Mercato>MGP</Mercato>
    <Ora>10</Ora>
    <Totale>45477</Totale>
    <CNOR>5268</CNOR>
    <CSUD>6810</CSUD>
    <NORD>26422</NORD>
    <SARD>1215</SARD>
    <SICI>2406</SICI>
    <SUD>3356</SUD>
  </marketintervaldetail>
  <marketintervaldetail>
    <Data>20170214</Data>
    <Mercato>MGP</Mercato>
    <Ora>11</Ora>
    <Totale>45254</Totale>
    <CNOR>5492</CNOR>
    <CSUD>6920</CSUD>
    <NORD>25844</NORD>
    <SARD>1222</SARD>
    <SICI>2302</SICI>
    <SUD>3474</SUD>
  </marketintervaldetail>
  <marketintervaldetail>
    <Data>20170214</Data>
    <Mercato>MGP</Mercato>
    <Ora>12</Ora>
    <Totale>44819</Totale>
    <CNOR>5554</CNOR>
    <CSUD>6864</CSUD>
    <NORD>25522</NORD>
    <SARD>1119</SARD>
    <SICI>2277</SICI>
    <SUD>3483</SUD>
  </marketintervaldetail>
  <marketintervaldetail>
    <Data>20170214</Data>
    <Mercato>MGP</Mercato>
    <Ora>13</Ora>
    <Totale>42394</Totale>
    <CNOR>5290</CNOR>
    <CSUD>6575</CSUD>
    <NORD>23762</NORD>
    <SARD>1102</SARD>
    <SICI>2281</SICI>
    <SUD>3384</SUD>
  </marketintervaldetail>
  <marketintervaldetail>
    <Data>20170214</Data>
    <Mercato>MGP</Mercato>
    <Ora>14</Ora>
    <Totale>40947</Totale>
    <CNOR>4790</CNOR>
    <CSUD>6242</CSUD>
    <NORD>23215</NORD>
    <SARD>1125</SARD>
    <SICI>2337</SICI>
    <SUD>3238</SUD>
  </marketintervaldetail>
  <marketintervaldetail>
    <Data>20170214</Data>
    <Mercato>MGP</Mercato>
    <Ora>15</Ora>
    <Totale>42167</Totale>
    <CNOR>5023</CNOR>
    <CSUD>6187</CSUD>
    <NORD>24348</NORD>
    <SARD>1044</SARD>
    <SICI>2301</SICI>
    <SUD>3264</SUD>
  </marketintervaldetail>
  <marketintervaldetail>
    <Data>20170214</Data>
    <Mercato>MGP</Mercato>
    <Ora>16</Ora>
    <Totale>42578</Totale>
    <CNOR>4911</CNOR>
    <CSUD>6127</CSUD>
    <NORD>24709</NORD>
    <SARD>1042</SARD>
    <SICI>2467</SICI>
    <SUD>3322</SUD>
  </marketintervaldetail>
  <marketintervaldetail>
    <Data>20170214</Data>
    <Mercato>MGP</Mercato>
    <Ora>17</Ora>
    <Totale>42798</Totale>
    <CNOR>4868</CNOR>
    <CSUD>6085</CSUD>
    <NORD>24956</NORD>
    <SARD>1052</SARD>
    <SICI>2487</SICI>
    <SUD>3350</SUD>
  </marketintervaldetail>
  <marketintervaldetail>
    <Data>20170214</Data>
    <Mercato>MGP</Mercato>
    <Ora>18</Ora>
    <Totale>43197</Totale>
    <CNOR>4883</CNOR>
    <CSUD>6155</CSUD>
    <NORD>25029</NORD>
    <SARD>1071</SARD>
    <SICI>2473</SICI>
    <SUD>3586</SUD>
  </marketintervaldetail>
  <marketintervaldetail>
    <Data>20170214</Data>
    <Mercato>MGP</Mercato>
    <Ora>19</Ora>
    <Totale>45471</Totale>
    <CNOR>5062</CNOR>
    <CSUD>6788</CSUD>
    <NORD>25870</NORD>
    <SARD>1187</SARD>
    <SICI>2718</SICI>
    <SUD>3846</SUD>
  </marketintervaldetail>
  <marketintervaldetail>
    <Data>20170214</Data>
    <Mercato>MGP</Mercato>
    <Ora>20</Ora>
    <Totale>45079</Totale>
    <CNOR>5010</CNOR>
    <CSUD>6948</CSUD>
    <NORD>25189</NORD>
    <SARD>1246</SARD>
    <SICI>2822</SICI>
    <SUD>3864</SUD>
  </marketintervaldetail>
  <marketintervaldetail>
    <Data>20170214</Data>
    <Mercato>MGP</Mercato>
    <Ora>21</Ora>
    <Totale>42663</Totale>
    <CNOR>4684</CNOR>
    <CSUD>6705</CSUD>
    <NORD>23498</NORD>
    <SARD>1235</SARD>
    <SICI>2795</SICI>
    <SUD>3746</SUD>
  </marketintervaldetail>
  <marketintervaldetail>
    <Data>20170214</Data>
    <Mercato>MGP</Mercato>
    <Ora>22</Ora>
    <Totale>39417</Totale>
    <CNOR>4276</CNOR>
    <CSUD>6216</CSUD>
    <NORD>21671</NORD>
    <SARD>1156</SARD>
    <SICI>2611</SICI>
    <SUD>3487</SUD>
  </marketintervaldetail>
  <marketintervaldetail>
    <Data>20170214</Data>
    <Mercato>MGP</Mercato>
    <Ora>23</Ora>
    <Totale>35272</Totale>
    <CNOR>3914</CNOR>
    <CSUD>5632</CSUD>
    <NORD>19204</NORD>
    <SARD>1067</SARD>
    <SICI>2371</SICI>
    <SUD>3084</SUD>
  </marketintervaldetail>
  <marketintervaldetail>
    <Data>20170214</Data>
    <Mercato>MGP</Mercato>
    <Ora>24</Ora>
    <Totale>31713</Totale>
    <CNOR>3611</CNOR>
    <CSUD>4994</CSUD>
    <NORD>17371</NORD>
    <SARD>956</SARD>
    <SICI>2100</SICI>
    <SUD>2681</SUD>
  </marketintervaldetail>
</NewDataSet>