<?xml version="1.0" standalone="yes"?>
<NewDataSet>
  <xs:schema id="NewDataSet" xmlns="" xmlns:xs="http://www.w3.org/2001/XMLSchema" xmlns:msdata="urn:schemas-microsoft-com:xml-msdata">
    <xs:element name="NewDataSet" msdata:IsDataSet="true" msdata:MainDataTable="marketintervaldetail" msdata:UseCurrentLocale="true">
      <xs:complexType>
        <xs:choice minOccurs="0" maxOccurs="unbounded">
          <xs:element name="marketintervaldetail">
            <xs:complexType>
              <xs:sequence>
                <xs:element name="Data" type="xs:string" minOccurs="0" />
                <xs:element name="Mercato" type="xs:string" minOccurs="0" />
                <xs:element name="Ora" type="xs:string" minOccurs="0" />
                <xs:element name="Totale" type="xs:string" minOccurs="0" />
                <xs:element name="CNOR" type="xs:string" minOccurs="0" />
                <xs:element name="CSUD" type="xs:string" minOccurs="0" />
                <xs:element name="NORD" type="xs:string" minOccurs="0" />
                <xs:element name="SARD" type="xs:string" minOccurs="0" />
                <xs:element name="SICI" type="xs:string" minOccurs="0" />
                <xs:element name="SUD" type="xs:string" minOccurs="0" />
              </xs:sequence>
            </xs:complexType>
          </xs:element>
        </xs:choice>
      </xs:complexType>
    </xs:element>
  </xs:schema>
  <marketintervaldetail>
    <Data>20170207</Data>
    <Mercato>MGP</Mercato>
    <Ora>01</Ora>
    <Totale>27904</Totale>
    <CNOR>3224</CNOR>
    <CSUD>4441</CSUD>
    <NORD>15236</NORD>
    <SARD>817</SARD>
    <SICI>1815</SICI>
    <SUD>2371</SUD>
  </marketintervaldetail>
  <marketintervaldetail>
    <Data>20170207</Data>
    <Mercato>MGP</Mercato>
    <Ora>02</Ora>
    <Totale>26349</Totale>
    <CNOR>3088</CNOR>
    <CSUD>4059</CSUD>
    <NORD>14596</NORD>
    <SARD>753</SARD>
    <SICI>1651</SICI>
    <SUD>2202</SUD>
  </marketintervaldetail>
  <marketintervaldetail>
    <Data>20170207</Data>
    <Mercato>MGP</Mercato>
    <Ora>03</Ora>
    <Totale>25463</Totale>
    <CNOR>3002</CNOR>
    <CSUD>3871</CSUD>
    <NORD>14233</NORD>
    <SARD>719</SARD>
    <SICI>1566</SICI>
    <SUD>2072</SUD>
  </marketintervaldetail>
  <marketintervaldetail>
    <Data>20170207</Data>
    <Mercato>MGP</Mercato>
    <Ora>04</Ora>
    <Totale>25162</Totale>
    <CNOR>2982</CNOR>
    <CSUD>3784</CSUD>
    <NORD>14121</NORD>
    <SARD>712</SARD>
    <SICI>1550</SICI>
    <SUD>2013</SUD>
  </marketintervaldetail>
  <marketintervaldetail>
    <Data>20170207</Data>
    <Mercato>MGP</Mercato>
    <Ora>05</Ora>
    <Totale>25425</Totale>
    <CNOR>2945</CNOR>
    <CSUD>3801</CSUD>
    <NORD>14322</NORD>
    <SARD>709</SARD>
    <SICI>1571</SICI>
    <SUD>2077</SUD>
  </marketintervaldetail>
  <marketintervaldetail>
    <Data>20170207</Data>
    <Mercato>MGP</Mercato>
    <Ora>06</Ora>
    <Totale>27050</Totale>
    <CNOR>3069</CNOR>
    <CSUD>4018</CSUD>
    <NORD>15282</NORD>
    <SARD>732</SARD>
    <SICI>1670</SICI>
    <SUD>2279</SUD>
  </marketintervaldetail>
  <marketintervaldetail>
    <Data>20170207</Data>
    <Mercato>MGP</Mercato>
    <Ora>07</Ora>
    <Totale>31971</Totale>
    <CNOR>3514</CNOR>
    <CSUD>4713</CSUD>
    <NORD>18359</NORD>
    <SARD>848</SARD>
    <SICI>1909</SICI>
    <SUD>2628</SUD>
  </marketintervaldetail>
  <marketintervaldetail>
    <Data>20170207</Data>
    <Mercato>MGP</Mercato>
    <Ora>08</Ora>
    <Totale>38141</Totale>
    <CNOR>4135</CNOR>
    <CSUD>5552</CSUD>
    <NORD>22261</NORD>
    <SARD>1004</SARD>
    <SICI>2222</SICI>
    <SUD>2967</SUD>
  </marketintervaldetail>
  <marketintervaldetail>
    <Data>20170207</Data>
    <Mercato>MGP</Mercato>
    <Ora>09</Ora>
    <Totale>43573</Totale>
    <CNOR>4676</CNOR>
    <CSUD>6165</CSUD>
    <NORD>25929</NORD>
    <SARD>1092</SARD>
    <SICI>2407</SICI>
    <SUD>3304</SUD>
  </marketintervaldetail>
  <marketintervaldetail>
    <Data>20170207</Data>
    <Mercato>MGP</Mercato>
    <Ora>10</Ora>
    <Totale>45994</Totale>
    <CNOR>4976</CNOR>
    <CSUD>6458</CSUD>
    <NORD>27427</NORD>
    <SARD>1124</SARD>
    <SICI>2468</SICI>
    <SUD>3541</SUD>
  </marketintervaldetail>
  <marketintervaldetail>
    <Data>20170207</Data>
    <Mercato>MGP</Mercato>
    <Ora>11</Ora>
    <Totale>46185</Totale>
    <CNOR>5118</CNOR>
    <CSUD>6634</CSUD>
    <NORD>27557</NORD>
    <SARD>1108</SARD>
    <SICI>2287</SICI>
    <SUD>3481</SUD>
  </marketintervaldetail>
  <marketintervaldetail>
    <Data>20170207</Data>
    <Mercato>MGP</Mercato>
    <Ora>12</Ora>
    <Totale>46410</Totale>
    <CNOR>5151</CNOR>
    <CSUD>6690</CSUD>
    <NORD>27632</NORD>
    <SARD>1092</SARD>
    <SICI>2173</SICI>
    <SUD>3672</SUD>
  </marketintervaldetail>
  <marketintervaldetail>
    <Data>20170207</Data>
    <Mercato>MGP</Mercato>
    <Ora>13</Ora>
    <Totale>43836</Totale>
    <CNOR>4701</CNOR>
    <CSUD>6347</CSUD>
    <NORD>26233</NORD>
    <SARD>1045</SARD>
    <SICI>2250</SICI>
    <SUD>3260</SUD>
  </marketintervaldetail>
  <marketintervaldetail>
    <Data>20170207</Data>
    <Mercato>MGP</Mercato>
    <Ora>14</Ora>
    <Totale>42408</Totale>
    <CNOR>4556</CNOR>
    <CSUD>6071</CSUD>
    <NORD>25408</NORD>
    <SARD>1020</SARD>
    <SICI>2276</SICI>
    <SUD>3077</SUD>
  </marketintervaldetail>
  <marketintervaldetail>
    <Data>20170207</Data>
    <Mercato>MGP</Mercato>
    <Ora>15</Ora>
    <Totale>43491</Totale>
    <CNOR>4739</CNOR>
    <CSUD>6129</CSUD>
    <NORD>26479</NORD>
    <SARD>954</SARD>
    <SICI>2251</SICI>
    <SUD>2939</SUD>
  </marketintervaldetail>
  <marketintervaldetail>
    <Data>20170207</Data>
    <Mercato>MGP</Mercato>
    <Ora>16</Ora>
    <Totale>43537</Totale>
    <CNOR>4796</CNOR>
    <CSUD>6208</CSUD>
    <NORD>26263</NORD>
    <SARD>947</SARD>
    <SICI>2314</SICI>
    <SUD>3009</SUD>
  </marketintervaldetail>
  <marketintervaldetail>
    <Data>20170207</Data>
    <Mercato>MGP</Mercato>
    <Ora>17</Ora>
    <Totale>43563</Totale>
    <CNOR>4723</CNOR>
    <CSUD>6398</CSUD>
    <NORD>26047</NORD>
    <SARD>965</SARD>
    <SICI>2398</SICI>
    <SUD>3032</SUD>
  </marketintervaldetail>
  <marketintervaldetail>
    <Data>20170207</Data>
    <Mercato>MGP</Mercato>
    <Ora>18</Ora>
    <Totale>45046</Totale>
    <CNOR>4962</CNOR>
    <CSUD>6978</CSUD>
    <NORD>25983</NORD>
    <SARD>1044</SARD>
    <SICI>2595</SICI>
    <SUD>3484</SUD>
  </marketintervaldetail>
  <marketintervaldetail>
    <Data>20170207</Data>
    <Mercato>MGP</Mercato>
    <Ora>19</Ora>
    <Totale>46074</Totale>
    <CNOR>4981</CNOR>
    <CSUD>7206</CSUD>
    <NORD>26053</NORD>
    <SARD>1154</SARD>
    <SICI>2828</SICI>
    <SUD>3852</SUD>
  </marketintervaldetail>
  <marketintervaldetail>
    <Data>20170207</Data>
    <Mercato>MGP</Mercato>
    <Ora>20</Ora>
    <Totale>45197</Totale>
    <CNOR>4853</CNOR>
    <CSUD>7218</CSUD>
    <NORD>25048</NORD>
    <SARD>1196</SARD>
    <SICI>2913</SICI>
    <SUD>3969</SUD>
  </marketintervaldetail>
  <marketintervaldetail>
    <Data>20170207</Data>
    <Mercato>MGP</Mercato>
    <Ora>21</Ora>
    <Totale>42717</Totale>
    <CNOR>4536</CNOR>
    <CSUD>6924</CSUD>
    <NORD>23313</NORD>
    <SARD>1187</SARD>
    <SICI>2874</SICI>
    <SUD>3883</SUD>
  </marketintervaldetail>
  <marketintervaldetail>
    <Data>20170207</Data>
    <Mercato>MGP</Mercato>
    <Ora>22</Ora>
    <Totale>39625</Totale>
    <CNOR>4265</CNOR>
    <CSUD>6419</CSUD>
    <NORD>21483</NORD>
    <SARD>1108</SARD>
    <SICI>2707</SICI>
    <SUD>3643</SUD>
  </marketintervaldetail>
  <marketintervaldetail>
    <Data>20170207</Data>
    <Mercato>MGP</Mercato>
    <Ora>23</Ora>
    <Totale>35490</Totale>
    <CNOR>3985</CNOR>
    <CSUD>5807</CSUD>
    <NORD>18901</NORD>
    <SARD>1021</SARD>
    <SICI>2458</SICI>
    <SUD>3318</SUD>
  </marketintervaldetail>
  <marketintervaldetail>
    <Data>20170207</Data>
    <Mercato>MGP</Mercato>
    <Ora>24</Ora>
    <Totale>31920</Totale>
    <CNOR>3601</CNOR>
    <CSUD>5177</CSUD>
    <NORD>17194</NORD>
    <SARD>927</SARD>
    <SICI>2134</SICI>
    <SUD>2887</SUD>
  </marketintervaldetail>
</NewDataSet>