<?xml version="1.0" standalone="yes"?>
<NewDataSet>
  <xs:schema id="NewDataSet" xmlns="" xmlns:xs="http://www.w3.org/2001/XMLSchema" xmlns:msdata="urn:schemas-microsoft-com:xml-msdata">
    <xs:element name="NewDataSet" msdata:IsDataSet="true" msdata:UseCurrentLocale="true">
      <xs:complexType>
        <xs:choice minOccurs="0" maxOccurs="unbounded">
          <xs:element name="Prezzi">
            <xs:complexType>
              <xs:sequence>
                <xs:element name="Data" type="xs:string" minOccurs="0" />
                <xs:element name="Mercato" type="xs:string" minOccurs="0" />
                <xs:element name="Ora" type="xs:string" minOccurs="0" />
                <xs:element name="PUN" type="xs:string" minOccurs="0" />
                <xs:element name="NAT" type="xs:string" minOccurs="0" />
                <xs:element name="CNOR" type="xs:string" minOccurs="0" />
                <xs:element name="CSUD" type="xs:string" minOccurs="0" />
                <xs:element name="NORD" type="xs:string" minOccurs="0" />
                <xs:element name="SARD" type="xs:string" minOccurs="0" />
                <xs:element name="SICI" type="xs:string" minOccurs="0" />
                <xs:element name="SUD" type="xs:string" minOccurs="0" />
                <xs:element name="AUST" type="xs:string" minOccurs="0" />
                <xs:element name="BRNN" type="xs:string" minOccurs="0" />
                <xs:element name="COAC" type="xs:string" minOccurs="0" />
                <xs:element name="CORS" type="xs:string" minOccurs="0" />
                <xs:element name="FOGN" type="xs:string" minOccurs="0" />
                <xs:element name="FRAN" type="xs:string" minOccurs="0" />
                <xs:element name="GREC" type="xs:string" minOccurs="0" />
                <xs:element name="MFTV" type="xs:string" minOccurs="0" />
                <xs:element name="PRGP" type="xs:string" minOccurs="0" />
                <xs:element name="ROSN" type="xs:string" minOccurs="0" />
                <xs:element name="SLOV" type="xs:string" minOccurs="0" />
                <xs:element name="SVIZ" type="xs:string" minOccurs="0" />
                <xs:element name="BSP" type="xs:string" minOccurs="0" />
              </xs:sequence>
            </xs:complexType>
          </xs:element>
        </xs:choice>
      </xs:complexType>
    </xs:element>
  </xs:schema>
  <Prezzi>
    <Data>20140822</Data>
    <Mercato>MGP</Mercato>
    <Ora>1</Ora>
    <PUN>49,091487</PUN>
    <NAT>45,110000</NAT>
    <CNOR>43,530000</CNOR>
    <CSUD>43,530000</CSUD>
    <NORD>43,530000</NORD>
    <SARD>71,610000</SARD>
    <SICI>90,020000</SICI>
    <SUD>43,530000</SUD>
    <AUST>43,530000</AUST>
    <BRNN>43,530000</BRNN>
    <COAC>71,610000</COAC>
    <CORS>71,610000</CORS>
    <FOGN>43,530000</FOGN>
    <FRAN>43,530000</FRAN>
    <GREC>43,530000</GREC>
    <MFTV>43,530000</MFTV>
    <PRGP>90,020000</PRGP>
    <ROSN>43,530000</ROSN>
    <SLOV>43,530000</SLOV>
    <SVIZ>43,530000</SVIZ>
    <BSP>28,650000</BSP>
  </Prezzi>
  <Prezzi>
    <Data>20140822</Data>
    <Mercato>MGP</Mercato>
    <Ora>2</Ora>
    <PUN>44,539465</PUN>
    <NAT>42,370000</NAT>
    <CNOR>41,000000</CNOR>
    <CSUD>41,000000</CSUD>
    <NORD>41,000000</NORD>
    <SARD>41,000000</SARD>
    <SICI>80,020000</SICI>
    <SUD>41,000000</SUD>
    <AUST>41,000000</AUST>
    <BRNN>41,000000</BRNN>
    <COAC>41,000000</COAC>
    <CORS>41,000000</CORS>
    <FOGN>41,000000</FOGN>
    <FRAN>41,000000</FRAN>
    <GREC>41,000000</GREC>
    <MFTV>41,000000</MFTV>
    <PRGP>80,020000</PRGP>
    <ROSN>41,000000</ROSN>
    <SLOV>41,000000</SLOV>
    <SVIZ>41,000000</SVIZ>
    <BSP>25,500000</BSP>
  </Prezzi>
  <Prezzi>
    <Data>20140822</Data>
    <Mercato>MGP</Mercato>
    <Ora>3</Ora>
    <PUN>41,630344</PUN>
    <NAT>39,980000</NAT>
    <CNOR>38,850000</CNOR>
    <CSUD>38,850000</CSUD>
    <NORD>38,850000</NORD>
    <SARD>38,850000</SARD>
    <SICI>70,020000</SICI>
    <SUD>38,850000</SUD>
    <AUST>38,850000</AUST>
    <BRNN>38,850000</BRNN>
    <COAC>38,850000</COAC>
    <CORS>38,850000</CORS>
    <FOGN>38,850000</FOGN>
    <FRAN>38,850000</FRAN>
    <GREC>38,850000</GREC>
    <MFTV>38,850000</MFTV>
    <PRGP>70,020000</PRGP>
    <ROSN>38,850000</ROSN>
    <SLOV>38,850000</SLOV>
    <SVIZ>38,850000</SVIZ>
    <BSP>23,000000</BSP>
  </Prezzi>
  <Prezzi>
    <Data>20140822</Data>
    <Mercato>MGP</Mercato>
    <Ora>4</Ora>
    <PUN>41,351628</PUN>
    <NAT>38,850000</NAT>
    <CNOR>38,660000</CNOR>
    <CSUD>38,660000</CSUD>
    <NORD>38,660000</NORD>
    <SARD>38,660000</SARD>
    <SICI>70,010000</SICI>
    <SUD>38,660000</SUD>
    <AUST>38,660000</AUST>
    <BRNN>38,660000</BRNN>
    <COAC>38,660000</COAC>
    <CORS>38,660000</CORS>
    <FOGN>38,660000</FOGN>
    <FRAN>38,660000</FRAN>
    <GREC>38,660000</GREC>
    <MFTV>38,660000</MFTV>
    <PRGP>70,010000</PRGP>
    <ROSN>38,660000</ROSN>
    <SLOV>38,660000</SLOV>
    <SVIZ>38,660000</SVIZ>
    <BSP>22,150000</BSP>
  </Prezzi>
  <Prezzi>
    <Data>20140822</Data>
    <Mercato>MGP</Mercato>
    <Ora>5</Ora>
    <PUN>41,297922</PUN>
    <NAT>38,660000</NAT>
    <CNOR>38,660000</CNOR>
    <CSUD>38,660000</CSUD>
    <NORD>38,660000</NORD>
    <SARD>38,660000</SARD>
    <SICI>70,010000</SICI>
    <SUD>38,660000</SUD>
    <AUST>38,660000</AUST>
    <BRNN>38,660000</BRNN>
    <COAC>38,660000</COAC>
    <CORS>38,660000</CORS>
    <FOGN>38,660000</FOGN>
    <FRAN>38,660000</FRAN>
    <GREC>38,660000</GREC>
    <MFTV>38,660000</MFTV>
    <PRGP>70,010000</PRGP>
    <ROSN>38,660000</ROSN>
    <SLOV>38,660000</SLOV>
    <SVIZ>38,660000</SVIZ>
    <BSP>23,960000</BSP>
  </Prezzi>
  <Prezzi>
    <Data>20140822</Data>
    <Mercato>MGP</Mercato>
    <Ora>6</Ora>
    <PUN>42,706451</PUN>
    <NAT>40,880000</NAT>
    <CNOR>40,290000</CNOR>
    <CSUD>40,290000</CSUD>
    <NORD>40,290000</NORD>
    <SARD>40,290000</SARD>
    <SICI>70,010000</SICI>
    <SUD>40,290000</SUD>
    <AUST>40,290000</AUST>
    <BRNN>40,290000</BRNN>
    <COAC>40,290000</COAC>
    <CORS>40,290000</CORS>
    <FOGN>40,290000</FOGN>
    <FRAN>40,290000</FRAN>
    <GREC>40,290000</GREC>
    <MFTV>40,290000</MFTV>
    <PRGP>70,010000</PRGP>
    <ROSN>40,290000</ROSN>
    <SLOV>40,290000</SLOV>
    <SVIZ>40,290000</SVIZ>
    <BSP>26,970000</BSP>
  </Prezzi>
  <Prezzi>
    <Data>20140822</Data>
    <Mercato>MGP</Mercato>
    <Ora>7</Ora>
    <PUN>46,020561</PUN>
    <NAT>45,010000</NAT>
    <CNOR>44,000000</CNOR>
    <CSUD>44,000000</CSUD>
    <NORD>44,000000</NORD>
    <SARD>44,000000</SARD>
    <SICI>70,010000</SICI>
    <SUD>44,000000</SUD>
    <AUST>44,000000</AUST>
    <BRNN>44,000000</BRNN>
    <COAC>44,000000</COAC>
    <CORS>44,000000</CORS>
    <FOGN>44,000000</FOGN>
    <FRAN>44,000000</FRAN>
    <GREC>44,000000</GREC>
    <MFTV>44,000000</MFTV>
    <PRGP>70,010000</PRGP>
    <ROSN>44,000000</ROSN>
    <SLOV>44,000000</SLOV>
    <SVIZ>44,000000</SVIZ>
    <BSP>34,100000</BSP>
  </Prezzi>
  <Prezzi>
    <Data>20140822</Data>
    <Mercato>MGP</Mercato>
    <Ora>8</Ora>
    <PUN>45,217406</PUN>
    <NAT>43,330000</NAT>
    <CNOR>41,000000</CNOR>
    <CSUD>41,000000</CSUD>
    <NORD>41,000000</NORD>
    <SARD>41,000000</SARD>
    <SICI>95,020000</SICI>
    <SUD>41,000000</SUD>
    <AUST>41,000000</AUST>
    <BRNN>41,000000</BRNN>
    <COAC>41,000000</COAC>
    <CORS>41,000000</CORS>
    <FOGN>41,000000</FOGN>
    <FRAN>41,000000</FRAN>
    <GREC>41,000000</GREC>
    <MFTV>41,000000</MFTV>
    <PRGP>95,020000</PRGP>
    <ROSN>41,000000</ROSN>
    <SLOV>41,000000</SLOV>
    <SVIZ>41,000000</SVIZ>
    <BSP>40,100000</BSP>
  </Prezzi>
  <Prezzi>
    <Data>20140822</Data>
    <Mercato>MGP</Mercato>
    <Ora>9</Ora>
    <PUN>51,970000</PUN>
    <NAT>47,800000</NAT>
    <CNOR>45,835134</CNOR>
    <CSUD>45,835134</CSUD>
    <NORD>45,835134</NORD>
    <SARD>45,835134</SARD>
    <SICI>130,010000</SICI>
    <SUD>45,835134</SUD>
    <AUST>45,835134</AUST>
    <BRNN>45,835134</BRNN>
    <COAC>45,835134</COAC>
    <CORS>45,835134</CORS>
    <FOGN>45,835134</FOGN>
    <FRAN>45,835134</FRAN>
    <GREC>45,835134</GREC>
    <MFTV>45,835134</MFTV>
    <PRGP>130,010000</PRGP>
    <ROSN>45,835134</ROSN>
    <SLOV>45,835134</SLOV>
    <SVIZ>45,835134</SVIZ>
    <BSP>41,460000</BSP>
  </Prezzi>
  <Prezzi>
    <Data>20140822</Data>
    <Mercato>MGP</Mercato>
    <Ora>10</Ora>
    <PUN>50,000000</PUN>
    <NAT>45,350000</NAT>
    <CNOR>43,073458</CNOR>
    <CSUD>43,073458</CSUD>
    <NORD>43,073458</NORD>
    <SARD>43,073458</SARD>
    <SICI>135,010000</SICI>
    <SUD>43,073458</SUD>
    <AUST>43,073458</AUST>
    <BRNN>43,073458</BRNN>
    <COAC>43,073458</COAC>
    <CORS>43,073458</CORS>
    <FOGN>43,073458</FOGN>
    <FRAN>43,073458</FRAN>
    <GREC>43,073458</GREC>
    <MFTV>43,073458</MFTV>
    <PRGP>135,010000</PRGP>
    <ROSN>43,073458</ROSN>
    <SLOV>43,073458</SLOV>
    <SVIZ>43,073458</SVIZ>
    <BSP>40,100000</BSP>
  </Prezzi>
  <Prezzi>
    <Data>20140822</Data>
    <Mercato>MGP</Mercato>
    <Ora>11</Ora>
    <PUN>46,450000</PUN>
    <NAT>42,990000</NAT>
    <CNOR>39,260556</CNOR>
    <CSUD>39,260556</CSUD>
    <NORD>39,260556</NORD>
    <SARD>39,260556</SARD>
    <SICI>135,000000</SICI>
    <SUD>39,260556</SUD>
    <AUST>39,260556</AUST>
    <BRNN>39,260556</BRNN>
    <COAC>39,260556</COAC>
    <CORS>39,260556</CORS>
    <FOGN>39,260556</FOGN>
    <FRAN>39,260556</FRAN>
    <GREC>39,260556</GREC>
    <MFTV>39,260556</MFTV>
    <PRGP>135,000000</PRGP>
    <ROSN>39,260556</ROSN>
    <SLOV>39,260556</SLOV>
    <SVIZ>39,260556</SVIZ>
    <BSP>39,260556</BSP>
  </Prezzi>
  <Prezzi>
    <Data>20140822</Data>
    <Mercato>MGP</Mercato>
    <Ora>12</Ora>
    <PUN>44,250000</PUN>
    <NAT>40,100000</NAT>
    <CNOR>37,880000</CNOR>
    <CSUD>37,880000</CSUD>
    <NORD>37,880000</NORD>
    <SARD>37,880000</SARD>
    <SICI>121,437683</SICI>
    <SUD>37,880000</SUD>
    <AUST>37,880000</AUST>
    <BRNN>37,880000</BRNN>
    <COAC>37,880000</COAC>
    <CORS>37,880000</CORS>
    <FOGN>37,880000</FOGN>
    <FRAN>37,880000</FRAN>
    <GREC>37,880000</GREC>
    <MFTV>37,880000</MFTV>
    <PRGP>121,437683</PRGP>
    <ROSN>37,880000</ROSN>
    <SLOV>37,880000</SLOV>
    <SVIZ>37,880000</SVIZ>
    <BSP>37,880000</BSP>
  </Prezzi>
  <Prezzi>
    <Data>20140822</Data>
    <Mercato>MGP</Mercato>
    <Ora>13</Ora>
    <PUN>41,281391</PUN>
    <NAT>39,710000</NAT>
    <CNOR>37,660000</CNOR>
    <CSUD>37,660000</CSUD>
    <NORD>37,660000</NORD>
    <SARD>37,660000</SARD>
    <SICI>81,020000</SICI>
    <SUD>37,660000</SUD>
    <AUST>37,660000</AUST>
    <BRNN>37,660000</BRNN>
    <COAC>37,660000</COAC>
    <CORS>37,660000</CORS>
    <FOGN>37,660000</FOGN>
    <FRAN>37,660000</FRAN>
    <GREC>37,660000</GREC>
    <MFTV>37,660000</MFTV>
    <PRGP>81,020000</PRGP>
    <ROSN>37,660000</ROSN>
    <SLOV>37,660000</SLOV>
    <SVIZ>37,660000</SVIZ>
    <BSP>37,660000</BSP>
  </Prezzi>
  <Prezzi>
    <Data>20140822</Data>
    <Mercato>MGP</Mercato>
    <Ora>14</Ora>
    <PUN>40,427682</PUN>
    <NAT>38,010000</NAT>
    <CNOR>36,810000</CNOR>
    <CSUD>36,810000</CSUD>
    <NORD>36,810000</NORD>
    <SARD>36,810000</SARD>
    <SICI>81,020000</SICI>
    <SUD>36,810000</SUD>
    <AUST>36,810000</AUST>
    <BRNN>36,810000</BRNN>
    <COAC>36,810000</COAC>
    <CORS>36,810000</CORS>
    <FOGN>36,810000</FOGN>
    <FRAN>36,810000</FRAN>
    <GREC>36,810000</GREC>
    <MFTV>36,810000</MFTV>
    <PRGP>81,020000</PRGP>
    <ROSN>36,810000</ROSN>
    <SLOV>36,810000</SLOV>
    <SVIZ>36,810000</SVIZ>
    <BSP>36,810000</BSP>
  </Prezzi>
  <Prezzi>
    <Data>20140822</Data>
    <Mercato>MGP</Mercato>
    <Ora>15</Ora>
    <PUN>41,003604</PUN>
    <NAT>38,980000</NAT>
    <CNOR>37,470000</CNOR>
    <CSUD>37,470000</CSUD>
    <NORD>37,470000</NORD>
    <SARD>37,470000</SARD>
    <SICI>81,020000</SICI>
    <SUD>37,470000</SUD>
    <AUST>37,470000</AUST>
    <BRNN>37,470000</BRNN>
    <COAC>37,470000</COAC>
    <CORS>37,470000</CORS>
    <FOGN>37,470000</FOGN>
    <FRAN>37,470000</FRAN>
    <GREC>37,470000</GREC>
    <MFTV>37,470000</MFTV>
    <PRGP>81,020000</PRGP>
    <ROSN>37,470000</ROSN>
    <SLOV>37,470000</SLOV>
    <SVIZ>37,470000</SVIZ>
    <BSP>37,470000</BSP>
  </Prezzi>
  <Prezzi>
    <Data>20140822</Data>
    <Mercato>MGP</Mercato>
    <Ora>16</Ora>
    <PUN>42,299626</PUN>
    <NAT>40,990000</NAT>
    <CNOR>39,500000</CNOR>
    <CSUD>37,850000</CSUD>
    <NORD>39,500000</NORD>
    <SARD>37,850000</SARD>
    <SICI>81,020000</SICI>
    <SUD>37,850000</SUD>
    <AUST>39,500000</AUST>
    <BRNN>37,850000</BRNN>
    <COAC>37,850000</COAC>
    <CORS>37,850000</CORS>
    <FOGN>37,850000</FOGN>
    <FRAN>39,500000</FRAN>
    <GREC>37,850000</GREC>
    <MFTV>39,500000</MFTV>
    <PRGP>81,020000</PRGP>
    <ROSN>37,850000</ROSN>
    <SLOV>39,500000</SLOV>
    <SVIZ>39,500000</SVIZ>
    <BSP>39,500000</BSP>
  </Prezzi>
  <Prezzi>
    <Data>20140822</Data>
    <Mercato>MGP</Mercato>
    <Ora>17</Ora>
    <PUN>43,205877</PUN>
    <NAT>40,990000</NAT>
    <CNOR>38,880000</CNOR>
    <CSUD>38,880000</CSUD>
    <NORD>38,880000</NORD>
    <SARD>38,880000</SARD>
    <SICI>95,010000</SICI>
    <SUD>38,880000</SUD>
    <AUST>38,880000</AUST>
    <BRNN>38,880000</BRNN>
    <COAC>38,880000</COAC>
    <CORS>38,880000</CORS>
    <FOGN>38,880000</FOGN>
    <FRAN>38,880000</FRAN>
    <GREC>38,880000</GREC>
    <MFTV>38,880000</MFTV>
    <PRGP>95,010000</PRGP>
    <ROSN>38,880000</ROSN>
    <SLOV>38,880000</SLOV>
    <SVIZ>38,880000</SVIZ>
    <BSP>38,880000</BSP>
  </Prezzi>
  <Prezzi>
    <Data>20140822</Data>
    <Mercato>MGP</Mercato>
    <Ora>18</Ora>
    <PUN>45,129548</PUN>
    <NAT>43,990000</NAT>
    <CNOR>40,880000</CNOR>
    <CSUD>40,880000</CSUD>
    <NORD>40,880000</NORD>
    <SARD>40,880000</SARD>
    <SICI>95,020000</SICI>
    <SUD>40,880000</SUD>
    <AUST>40,880000</AUST>
    <BRNN>40,880000</BRNN>
    <COAC>40,880000</COAC>
    <CORS>40,880000</CORS>
    <FOGN>40,880000</FOGN>
    <FRAN>40,880000</FRAN>
    <GREC>40,880000</GREC>
    <MFTV>40,880000</MFTV>
    <PRGP>95,020000</PRGP>
    <ROSN>40,880000</ROSN>
    <SLOV>40,880000</SLOV>
    <SVIZ>40,880000</SVIZ>
    <BSP>40,100000</BSP>
  </Prezzi>
  <Prezzi>
    <Data>20140822</Data>
    <Mercato>MGP</Mercato>
    <Ora>19</Ora>
    <PUN>48,042487</PUN>
    <NAT>46,310000</NAT>
    <CNOR>43,610000</CNOR>
    <CSUD>43,610000</CSUD>
    <NORD>43,610000</NORD>
    <SARD>43,610000</SARD>
    <SICI>100,020000</SICI>
    <SUD>43,610000</SUD>
    <AUST>43,610000</AUST>
    <BRNN>43,610000</BRNN>
    <COAC>43,610000</COAC>
    <CORS>43,610000</CORS>
    <FOGN>43,610000</FOGN>
    <FRAN>43,610000</FRAN>
    <GREC>43,610000</GREC>
    <MFTV>43,610000</MFTV>
    <PRGP>100,020000</PRGP>
    <ROSN>43,610000</ROSN>
    <SLOV>43,610000</SLOV>
    <SVIZ>43,610000</SVIZ>
    <BSP>40,030000</BSP>
  </Prezzi>
  <Prezzi>
    <Data>20140822</Data>
    <Mercato>MGP</Mercato>
    <Ora>20</Ora>
    <PUN>52,118333</PUN>
    <NAT>46,730000</NAT>
    <CNOR>45,850000</CNOR>
    <CSUD>45,850000</CSUD>
    <NORD>45,850000</NORD>
    <SARD>45,850000</SARD>
    <SICI>125,020000</SICI>
    <SUD>45,850000</SUD>
    <AUST>45,850000</AUST>
    <BRNN>45,850000</BRNN>
    <COAC>45,850000</COAC>
    <CORS>45,850000</CORS>
    <FOGN>45,850000</FOGN>
    <FRAN>45,850000</FRAN>
    <GREC>45,850000</GREC>
    <MFTV>45,850000</MFTV>
    <PRGP>125,020000</PRGP>
    <ROSN>45,850000</ROSN>
    <SLOV>45,850000</SLOV>
    <SVIZ>45,850000</SVIZ>
    <BSP>41,220000</BSP>
  </Prezzi>
  <Prezzi>
    <Data>20140822</Data>
    <Mercato>MGP</Mercato>
    <Ora>21</Ora>
    <PUN>59,525904</PUN>
    <NAT>59,650000</NAT>
    <CNOR>52,990000</CNOR>
    <CSUD>52,990000</CSUD>
    <NORD>52,990000</NORD>
    <SARD>52,990000</SARD>
    <SICI>135,020000</SICI>
    <SUD>52,990000</SUD>
    <AUST>52,990000</AUST>
    <BRNN>52,990000</BRNN>
    <COAC>52,990000</COAC>
    <CORS>52,990000</CORS>
    <FOGN>52,990000</FOGN>
    <FRAN>52,990000</FRAN>
    <GREC>52,990000</GREC>
    <MFTV>52,990000</MFTV>
    <PRGP>135,020000</PRGP>
    <ROSN>52,990000</ROSN>
    <SLOV>52,990000</SLOV>
    <SVIZ>52,990000</SVIZ>
    <BSP>52,990000</BSP>
  </Prezzi>
  <Prezzi>
    <Data>20140822</Data>
    <Mercato>MGP</Mercato>
    <Ora>22</Ora>
    <PUN>52,568789</PUN>
    <NAT>47,000000</NAT>
    <CNOR>46,310000</CNOR>
    <CSUD>46,310000</CSUD>
    <NORD>45,000000</NORD>
    <SARD>46,310000</SARD>
    <SICI>135,020000</SICI>
    <SUD>46,310000</SUD>
    <AUST>45,000000</AUST>
    <BRNN>46,310000</BRNN>
    <COAC>46,310000</COAC>
    <CORS>46,310000</CORS>
    <FOGN>46,310000</FOGN>
    <FRAN>45,000000</FRAN>
    <GREC>46,310000</GREC>
    <MFTV>45,000000</MFTV>
    <PRGP>135,020000</PRGP>
    <ROSN>46,310000</ROSN>
    <SLOV>45,000000</SLOV>
    <SVIZ>45,000000</SVIZ>
    <BSP>44,160000</BSP>
  </Prezzi>
  <Prezzi>
    <Data>20140822</Data>
    <Mercato>MGP</Mercato>
    <Ora>23</Ora>
    <PUN>47,229602</PUN>
    <NAT>42,470000</NAT>
    <CNOR>42,660000</CNOR>
    <CSUD>42,660000</CSUD>
    <NORD>38,000000</NORD>
    <SARD>71,610000</SARD>
    <SICI>105,020000</SICI>
    <SUD>42,660000</SUD>
    <AUST>38,000000</AUST>
    <BRNN>42,660000</BRNN>
    <COAC>71,610000</COAC>
    <CORS>71,610000</CORS>
    <FOGN>42,660000</FOGN>
    <FRAN>38,000000</FRAN>
    <GREC>42,660000</GREC>
    <MFTV>38,000000</MFTV>
    <PRGP>105,020000</PRGP>
    <ROSN>42,660000</ROSN>
    <SLOV>38,000000</SLOV>
    <SVIZ>38,000000</SVIZ>
    <BSP>38,000000</BSP>
  </Prezzi>
  <Prezzi>
    <Data>20140822</Data>
    <Mercato>MGP</Mercato>
    <Ora>24</Ora>
    <PUN>43,000000</PUN>
    <NAT>40,010000</NAT>
    <CNOR>40,850000</CNOR>
    <CSUD>40,850000</CSUD>
    <NORD>35,000000</NORD>
    <SARD>49,589545</SARD>
    <SICI>95,020000</SICI>
    <SUD>40,850000</SUD>
    <AUST>35,000000</AUST>
    <BRNN>40,850000</BRNN>
    <COAC>49,589545</COAC>
    <CORS>49,589545</CORS>
    <FOGN>40,850000</FOGN>
    <FRAN>35,000000</FRAN>
    <GREC>40,850000</GREC>
    <MFTV>35,000000</MFTV>
    <PRGP>95,020000</PRGP>
    <ROSN>40,850000</ROSN>
    <SLOV>35,000000</SLOV>
    <SVIZ>35,000000</SVIZ>
    <BSP>35,000000</BSP>
  </Prezzi>
</NewDataSet>