<?xml version="1.0" standalone="yes"?>
<NewDataSet>
  <xs:schema id="NewDataSet" xmlns="" xmlns:xs="http://www.w3.org/2001/XMLSchema" xmlns:msdata="urn:schemas-microsoft-com:xml-msdata">
    <xs:element name="NewDataSet" msdata:IsDataSet="true" msdata:UseCurrentLocale="true">
      <xs:complexType>
        <xs:choice minOccurs="0" maxOccurs="unbounded">
          <xs:element name="Prezzi">
            <xs:complexType>
              <xs:sequence>
                <xs:element name="Data" type="xs:string" minOccurs="0" />
                <xs:element name="Mercato" type="xs:string" minOccurs="0" />
                <xs:element name="Ora" type="xs:string" minOccurs="0" />
                <xs:element name="PUN" type="xs:string" minOccurs="0" />
                <xs:element name="NAT" type="xs:string" minOccurs="0" />
                <xs:element name="CNOR" type="xs:string" minOccurs="0" />
                <xs:element name="CSUD" type="xs:string" minOccurs="0" />
                <xs:element name="NORD" type="xs:string" minOccurs="0" />
                <xs:element name="SARD" type="xs:string" minOccurs="0" />
                <xs:element name="SICI" type="xs:string" minOccurs="0" />
                <xs:element name="SUD" type="xs:string" minOccurs="0" />
                <xs:element name="AUST" type="xs:string" minOccurs="0" />
                <xs:element name="BRNN" type="xs:string" minOccurs="0" />
                <xs:element name="COAC" type="xs:string" minOccurs="0" />
                <xs:element name="CORS" type="xs:string" minOccurs="0" />
                <xs:element name="FOGN" type="xs:string" minOccurs="0" />
                <xs:element name="FRAN" type="xs:string" minOccurs="0" />
                <xs:element name="GREC" type="xs:string" minOccurs="0" />
                <xs:element name="MFTV" type="xs:string" minOccurs="0" />
                <xs:element name="PRGP" type="xs:string" minOccurs="0" />
                <xs:element name="ROSN" type="xs:string" minOccurs="0" />
                <xs:element name="SLOV" type="xs:string" minOccurs="0" />
                <xs:element name="SVIZ" type="xs:string" minOccurs="0" />
                <xs:element name="BSP" type="xs:string" minOccurs="0" />
              </xs:sequence>
            </xs:complexType>
          </xs:element>
        </xs:choice>
      </xs:complexType>
    </xs:element>
  </xs:schema>
  <Prezzi>
    <Data>20140814</Data>
    <Mercato>MGP</Mercato>
    <Ora>1</Ora>
    <PUN>47,239178</PUN>
    <NAT>41,380000</NAT>
    <CNOR>40,960000</CNOR>
    <CSUD>40,960000</CSUD>
    <NORD>40,000000</NORD>
    <SARD>71,510000</SARD>
    <SICI>90,020000</SICI>
    <SUD>40,960000</SUD>
    <AUST>40,000000</AUST>
    <BRNN>40,960000</BRNN>
    <COAC>71,510000</COAC>
    <CORS>71,510000</CORS>
    <FOGN>40,960000</FOGN>
    <FRAN>40,000000</FRAN>
    <GREC>40,960000</GREC>
    <MFTV>40,000000</MFTV>
    <PRGP>90,020000</PRGP>
    <ROSN>40,960000</ROSN>
    <SLOV>40,000000</SLOV>
    <SVIZ>40,000000</SVIZ>
    <BSP>31,190000</BSP>
  </Prezzi>
  <Prezzi>
    <Data>20140814</Data>
    <Mercato>MGP</Mercato>
    <Ora>2</Ora>
    <PUN>43,730416</PUN>
    <NAT>40,100000</NAT>
    <CNOR>36,950000</CNOR>
    <CSUD>36,950000</CSUD>
    <NORD>36,950000</NORD>
    <SARD>71,510000</SARD>
    <SICI>80,020000</SICI>
    <SUD>36,950000</SUD>
    <AUST>36,950000</AUST>
    <BRNN>36,950000</BRNN>
    <COAC>71,510000</COAC>
    <CORS>71,510000</CORS>
    <FOGN>36,950000</FOGN>
    <FRAN>36,950000</FRAN>
    <GREC>36,950000</GREC>
    <MFTV>36,950000</MFTV>
    <PRGP>80,020000</PRGP>
    <ROSN>36,950000</ROSN>
    <SLOV>36,950000</SLOV>
    <SVIZ>36,950000</SVIZ>
    <BSP>25,010000</BSP>
  </Prezzi>
  <Prezzi>
    <Data>20140814</Data>
    <Mercato>MGP</Mercato>
    <Ora>3</Ora>
    <PUN>37,954083</PUN>
    <NAT>36,010000</NAT>
    <CNOR>31,030000</CNOR>
    <CSUD>31,030000</CSUD>
    <NORD>31,030000</NORD>
    <SARD>71,510000</SARD>
    <SICI>70,020000</SICI>
    <SUD>31,030000</SUD>
    <AUST>31,030000</AUST>
    <BRNN>31,030000</BRNN>
    <COAC>71,510000</COAC>
    <CORS>71,510000</CORS>
    <FOGN>31,030000</FOGN>
    <FRAN>31,030000</FRAN>
    <GREC>31,030000</GREC>
    <MFTV>31,030000</MFTV>
    <PRGP>70,020000</PRGP>
    <ROSN>31,030000</ROSN>
    <SLOV>31,030000</SLOV>
    <SVIZ>31,030000</SVIZ>
    <BSP>23,400000</BSP>
  </Prezzi>
  <Prezzi>
    <Data>20140814</Data>
    <Mercato>MGP</Mercato>
    <Ora>4</Ora>
    <PUN>35,260000</PUN>
    <NAT>31,540000</NAT>
    <CNOR>30,368558</CNOR>
    <CSUD>30,368558</CSUD>
    <NORD>30,368558</NORD>
    <SARD>43,530000</SARD>
    <SICI>70,020000</SICI>
    <SUD>30,368558</SUD>
    <AUST>30,368558</AUST>
    <BRNN>30,368558</BRNN>
    <COAC>43,530000</COAC>
    <CORS>43,530000</CORS>
    <FOGN>30,368558</FOGN>
    <FRAN>30,368558</FRAN>
    <GREC>30,368558</GREC>
    <MFTV>30,368558</MFTV>
    <PRGP>70,020000</PRGP>
    <ROSN>30,368558</ROSN>
    <SLOV>30,368558</SLOV>
    <SVIZ>30,368558</SVIZ>
    <BSP>22,700000</BSP>
  </Prezzi>
  <Prezzi>
    <Data>20140814</Data>
    <Mercato>MGP</Mercato>
    <Ora>5</Ora>
    <PUN>34,567600</PUN>
    <NAT>30,950000</NAT>
    <CNOR>29,560000</CNOR>
    <CSUD>29,560000</CSUD>
    <NORD>29,560000</NORD>
    <SARD>43,530000</SARD>
    <SICI>70,020000</SICI>
    <SUD>29,560000</SUD>
    <AUST>29,560000</AUST>
    <BRNN>29,560000</BRNN>
    <COAC>43,530000</COAC>
    <CORS>43,530000</CORS>
    <FOGN>29,560000</FOGN>
    <FRAN>29,560000</FRAN>
    <GREC>29,560000</GREC>
    <MFTV>29,560000</MFTV>
    <PRGP>70,020000</PRGP>
    <ROSN>29,560000</ROSN>
    <SLOV>29,560000</SLOV>
    <SVIZ>29,560000</SVIZ>
    <BSP>22,700000</BSP>
  </Prezzi>
  <Prezzi>
    <Data>20140814</Data>
    <Mercato>MGP</Mercato>
    <Ora>6</Ora>
    <PUN>37,040000</PUN>
    <NAT>35,960000</NAT>
    <CNOR>33,581647</CNOR>
    <CSUD>33,581647</CSUD>
    <NORD>33,581647</NORD>
    <SARD>33,581647</SARD>
    <SICI>70,010000</SICI>
    <SUD>33,581647</SUD>
    <AUST>33,581647</AUST>
    <BRNN>33,581647</BRNN>
    <COAC>33,581647</COAC>
    <CORS>33,581647</CORS>
    <FOGN>33,581647</FOGN>
    <FRAN>33,581647</FRAN>
    <GREC>33,581647</GREC>
    <MFTV>33,581647</MFTV>
    <PRGP>70,010000</PRGP>
    <ROSN>33,581647</ROSN>
    <SLOV>33,581647</SLOV>
    <SVIZ>33,581647</SVIZ>
    <BSP>26,760000</BSP>
  </Prezzi>
  <Prezzi>
    <Data>20140814</Data>
    <Mercato>MGP</Mercato>
    <Ora>7</Ora>
    <PUN>39,653134</PUN>
    <NAT>39,910000</NAT>
    <CNOR>36,490000</CNOR>
    <CSUD>36,490000</CSUD>
    <NORD>36,490000</NORD>
    <SARD>36,490000</SARD>
    <SICI>70,010000</SICI>
    <SUD>36,490000</SUD>
    <AUST>36,490000</AUST>
    <BRNN>36,490000</BRNN>
    <COAC>36,490000</COAC>
    <CORS>36,490000</CORS>
    <FOGN>36,490000</FOGN>
    <FRAN>36,490000</FRAN>
    <GREC>36,490000</GREC>
    <MFTV>36,490000</MFTV>
    <PRGP>70,010000</PRGP>
    <ROSN>36,490000</ROSN>
    <SLOV>36,490000</SLOV>
    <SVIZ>36,490000</SVIZ>
    <BSP>36,490000</BSP>
  </Prezzi>
  <Prezzi>
    <Data>20140814</Data>
    <Mercato>MGP</Mercato>
    <Ora>8</Ora>
    <PUN>44,000000</PUN>
    <NAT>40,360000</NAT>
    <CNOR>38,941258</CNOR>
    <CSUD>38,941258</CSUD>
    <NORD>38,941258</NORD>
    <SARD>38,941258</SARD>
    <SICI>95,020000</SICI>
    <SUD>38,941258</SUD>
    <AUST>38,941258</AUST>
    <BRNN>38,941258</BRNN>
    <COAC>38,941258</COAC>
    <CORS>38,941258</CORS>
    <FOGN>38,941258</FOGN>
    <FRAN>38,941258</FRAN>
    <GREC>38,941258</GREC>
    <MFTV>38,941258</MFTV>
    <PRGP>95,020000</PRGP>
    <ROSN>38,941258</ROSN>
    <SLOV>38,941258</SLOV>
    <SVIZ>38,941258</SVIZ>
    <BSP>39,300000</BSP>
  </Prezzi>
  <Prezzi>
    <Data>20140814</Data>
    <Mercato>MGP</Mercato>
    <Ora>9</Ora>
    <PUN>47,869359</PUN>
    <NAT>42,100000</NAT>
    <CNOR>39,900000</CNOR>
    <CSUD>39,900000</CSUD>
    <NORD>39,900000</NORD>
    <SARD>39,900000</SARD>
    <SICI>130,020000</SICI>
    <SUD>39,900000</SUD>
    <AUST>39,900000</AUST>
    <BRNN>39,900000</BRNN>
    <COAC>39,900000</COAC>
    <CORS>39,900000</CORS>
    <FOGN>39,900000</FOGN>
    <FRAN>39,900000</FRAN>
    <GREC>39,900000</GREC>
    <MFTV>39,900000</MFTV>
    <PRGP>130,020000</PRGP>
    <ROSN>39,900000</ROSN>
    <SLOV>39,900000</SLOV>
    <SVIZ>39,900000</SVIZ>
    <BSP>39,900000</BSP>
  </Prezzi>
  <Prezzi>
    <Data>20140814</Data>
    <Mercato>MGP</Mercato>
    <Ora>10</Ora>
    <PUN>46,810383</PUN>
    <NAT>40,990000</NAT>
    <CNOR>38,380000</CNOR>
    <CSUD>38,380000</CSUD>
    <NORD>38,380000</NORD>
    <SARD>38,380000</SARD>
    <SICI>135,020000</SICI>
    <SUD>38,380000</SUD>
    <AUST>38,380000</AUST>
    <BRNN>38,380000</BRNN>
    <COAC>38,380000</COAC>
    <CORS>38,380000</CORS>
    <FOGN>38,380000</FOGN>
    <FRAN>38,380000</FRAN>
    <GREC>38,380000</GREC>
    <MFTV>38,380000</MFTV>
    <PRGP>135,020000</PRGP>
    <ROSN>38,380000</ROSN>
    <SLOV>38,380000</SLOV>
    <SVIZ>38,380000</SVIZ>
    <BSP>38,900000</BSP>
  </Prezzi>
  <Prezzi>
    <Data>20140814</Data>
    <Mercato>MGP</Mercato>
    <Ora>11</Ora>
    <PUN>44,787892</PUN>
    <NAT>37,990000</NAT>
    <CNOR>36,100000</CNOR>
    <CSUD>36,100000</CSUD>
    <NORD>36,100000</NORD>
    <SARD>36,100000</SARD>
    <SICI>135,010000</SICI>
    <SUD>36,100000</SUD>
    <AUST>36,100000</AUST>
    <BRNN>36,100000</BRNN>
    <COAC>36,100000</COAC>
    <CORS>36,100000</CORS>
    <FOGN>36,100000</FOGN>
    <FRAN>36,100000</FRAN>
    <GREC>36,100000</GREC>
    <MFTV>36,100000</MFTV>
    <PRGP>135,010000</PRGP>
    <ROSN>36,100000</ROSN>
    <SLOV>36,100000</SLOV>
    <SVIZ>36,100000</SVIZ>
    <BSP>36,800000</BSP>
  </Prezzi>
  <Prezzi>
    <Data>20140814</Data>
    <Mercato>MGP</Mercato>
    <Ora>12</Ora>
    <PUN>42,965407</PUN>
    <NAT>36,370000</NAT>
    <CNOR>34,740000</CNOR>
    <CSUD>34,740000</CSUD>
    <NORD>34,740000</NORD>
    <SARD>34,740000</SARD>
    <SICI>130,000000</SICI>
    <SUD>34,740000</SUD>
    <AUST>34,740000</AUST>
    <BRNN>34,740000</BRNN>
    <COAC>34,740000</COAC>
    <CORS>34,740000</CORS>
    <FOGN>34,740000</FOGN>
    <FRAN>34,740000</FRAN>
    <GREC>34,740000</GREC>
    <MFTV>34,740000</MFTV>
    <PRGP>130,000000</PRGP>
    <ROSN>34,740000</ROSN>
    <SLOV>34,740000</SLOV>
    <SVIZ>34,740000</SVIZ>
    <BSP>35,900000</BSP>
  </Prezzi>
  <Prezzi>
    <Data>20140814</Data>
    <Mercato>MGP</Mercato>
    <Ora>13</Ora>
    <PUN>36,890524</PUN>
    <NAT>35,170000</NAT>
    <CNOR>32,440000</CNOR>
    <CSUD>32,440000</CSUD>
    <NORD>32,440000</NORD>
    <SARD>32,440000</SARD>
    <SICI>81,020000</SICI>
    <SUD>32,440000</SUD>
    <AUST>32,440000</AUST>
    <BRNN>32,440000</BRNN>
    <COAC>32,440000</COAC>
    <CORS>32,440000</CORS>
    <FOGN>32,440000</FOGN>
    <FRAN>32,440000</FRAN>
    <GREC>32,440000</GREC>
    <MFTV>32,440000</MFTV>
    <PRGP>81,020000</PRGP>
    <ROSN>32,440000</ROSN>
    <SLOV>32,440000</SLOV>
    <SVIZ>32,440000</SVIZ>
    <BSP>32,440000</BSP>
  </Prezzi>
  <Prezzi>
    <Data>20140814</Data>
    <Mercato>MGP</Mercato>
    <Ora>14</Ora>
    <PUN>35,640976</PUN>
    <NAT>32,300000</NAT>
    <CNOR>31,030000</CNOR>
    <CSUD>31,030000</CSUD>
    <NORD>31,030000</NORD>
    <SARD>31,030000</SARD>
    <SICI>81,020000</SICI>
    <SUD>31,030000</SUD>
    <AUST>31,030000</AUST>
    <BRNN>31,030000</BRNN>
    <COAC>31,030000</COAC>
    <CORS>31,030000</CORS>
    <FOGN>31,030000</FOGN>
    <FRAN>31,030000</FRAN>
    <GREC>31,030000</GREC>
    <MFTV>31,030000</MFTV>
    <PRGP>81,020000</PRGP>
    <ROSN>31,030000</ROSN>
    <SLOV>31,030000</SLOV>
    <SVIZ>31,030000</SVIZ>
    <BSP>31,030000</BSP>
  </Prezzi>
  <Prezzi>
    <Data>20140814</Data>
    <Mercato>MGP</Mercato>
    <Ora>15</Ora>
    <PUN>35,136025</PUN>
    <NAT>32,200000</NAT>
    <CNOR>31,000000</CNOR>
    <CSUD>29,560000</CSUD>
    <NORD>31,000000</NORD>
    <SARD>29,560000</SARD>
    <SICI>81,020000</SICI>
    <SUD>29,560000</SUD>
    <AUST>31,000000</AUST>
    <BRNN>29,560000</BRNN>
    <COAC>29,560000</COAC>
    <CORS>29,560000</CORS>
    <FOGN>29,560000</FOGN>
    <FRAN>31,000000</FRAN>
    <GREC>29,560000</GREC>
    <MFTV>31,000000</MFTV>
    <PRGP>81,020000</PRGP>
    <ROSN>29,560000</ROSN>
    <SLOV>31,000000</SLOV>
    <SVIZ>31,000000</SVIZ>
    <BSP>31,000000</BSP>
  </Prezzi>
  <Prezzi>
    <Data>20140814</Data>
    <Mercato>MGP</Mercato>
    <Ora>16</Ora>
    <PUN>36,056695</PUN>
    <NAT>32,700000</NAT>
    <CNOR>31,520000</CNOR>
    <CSUD>31,520000</CSUD>
    <NORD>31,520000</NORD>
    <SARD>31,520000</SARD>
    <SICI>81,020000</SICI>
    <SUD>31,520000</SUD>
    <AUST>31,520000</AUST>
    <BRNN>31,520000</BRNN>
    <COAC>31,520000</COAC>
    <CORS>31,520000</CORS>
    <FOGN>31,520000</FOGN>
    <FRAN>31,520000</FRAN>
    <GREC>31,520000</GREC>
    <MFTV>31,520000</MFTV>
    <PRGP>81,020000</PRGP>
    <ROSN>31,520000</ROSN>
    <SLOV>31,520000</SLOV>
    <SVIZ>31,520000</SVIZ>
    <BSP>31,520000</BSP>
  </Prezzi>
  <Prezzi>
    <Data>20140814</Data>
    <Mercato>MGP</Mercato>
    <Ora>17</Ora>
    <PUN>38,714995</PUN>
    <NAT>36,100000</NAT>
    <CNOR>33,100000</CNOR>
    <CSUD>33,100000</CSUD>
    <NORD>33,100000</NORD>
    <SARD>33,100000</SARD>
    <SICI>95,020000</SICI>
    <SUD>33,100000</SUD>
    <AUST>33,100000</AUST>
    <BRNN>33,100000</BRNN>
    <COAC>33,100000</COAC>
    <CORS>33,100000</CORS>
    <FOGN>33,100000</FOGN>
    <FRAN>33,100000</FRAN>
    <GREC>33,100000</GREC>
    <MFTV>33,100000</MFTV>
    <PRGP>95,020000</PRGP>
    <ROSN>33,100000</ROSN>
    <SLOV>33,100000</SLOV>
    <SVIZ>33,100000</SVIZ>
    <BSP>33,100000</BSP>
  </Prezzi>
  <Prezzi>
    <Data>20140814</Data>
    <Mercato>MGP</Mercato>
    <Ora>18</Ora>
    <PUN>42,264122</PUN>
    <NAT>39,010000</NAT>
    <CNOR>36,940000</CNOR>
    <CSUD>36,940000</CSUD>
    <NORD>36,940000</NORD>
    <SARD>36,940000</SARD>
    <SICI>95,020000</SICI>
    <SUD>36,940000</SUD>
    <AUST>36,940000</AUST>
    <BRNN>36,940000</BRNN>
    <COAC>36,940000</COAC>
    <CORS>36,940000</CORS>
    <FOGN>36,940000</FOGN>
    <FRAN>36,940000</FRAN>
    <GREC>36,940000</GREC>
    <MFTV>36,940000</MFTV>
    <PRGP>95,020000</PRGP>
    <ROSN>36,940000</ROSN>
    <SLOV>36,940000</SLOV>
    <SVIZ>36,940000</SVIZ>
    <BSP>36,940000</BSP>
  </Prezzi>
  <Prezzi>
    <Data>20140814</Data>
    <Mercato>MGP</Mercato>
    <Ora>19</Ora>
    <PUN>44,611017</PUN>
    <NAT>41,710000</NAT>
    <CNOR>39,100000</CNOR>
    <CSUD>39,100000</CSUD>
    <NORD>39,100000</NORD>
    <SARD>39,100000</SARD>
    <SICI>100,020000</SICI>
    <SUD>39,100000</SUD>
    <AUST>39,100000</AUST>
    <BRNN>39,100000</BRNN>
    <COAC>39,100000</COAC>
    <CORS>39,100000</CORS>
    <FOGN>39,100000</FOGN>
    <FRAN>39,100000</FRAN>
    <GREC>39,100000</GREC>
    <MFTV>39,100000</MFTV>
    <PRGP>100,020000</PRGP>
    <ROSN>39,100000</ROSN>
    <SLOV>39,100000</SLOV>
    <SVIZ>39,100000</SVIZ>
    <BSP>39,100000</BSP>
  </Prezzi>
  <Prezzi>
    <Data>20140814</Data>
    <Mercato>MGP</Mercato>
    <Ora>20</Ora>
    <PUN>51,914036</PUN>
    <NAT>46,380000</NAT>
    <CNOR>44,940000</CNOR>
    <CSUD>44,940000</CSUD>
    <NORD>44,940000</NORD>
    <SARD>44,940000</SARD>
    <SICI>125,020000</SICI>
    <SUD>44,940000</SUD>
    <AUST>44,940000</AUST>
    <BRNN>44,940000</BRNN>
    <COAC>44,940000</COAC>
    <CORS>44,940000</CORS>
    <FOGN>44,940000</FOGN>
    <FRAN>44,940000</FRAN>
    <GREC>44,940000</GREC>
    <MFTV>44,940000</MFTV>
    <PRGP>125,020000</PRGP>
    <ROSN>44,940000</ROSN>
    <SLOV>44,940000</SLOV>
    <SVIZ>44,940000</SVIZ>
    <BSP>44,940000</BSP>
  </Prezzi>
  <Prezzi>
    <Data>20140814</Data>
    <Mercato>MGP</Mercato>
    <Ora>21</Ora>
    <PUN>56,846450</PUN>
    <NAT>53,000000</NAT>
    <CNOR>49,440000</CNOR>
    <CSUD>49,440000</CSUD>
    <NORD>49,440000</NORD>
    <SARD>49,440000</SARD>
    <SICI>135,020000</SICI>
    <SUD>49,440000</SUD>
    <AUST>49,440000</AUST>
    <BRNN>49,440000</BRNN>
    <COAC>49,440000</COAC>
    <CORS>49,440000</CORS>
    <FOGN>49,440000</FOGN>
    <FRAN>49,440000</FRAN>
    <GREC>49,440000</GREC>
    <MFTV>49,440000</MFTV>
    <PRGP>135,020000</PRGP>
    <ROSN>49,440000</ROSN>
    <SLOV>49,440000</SLOV>
    <SVIZ>49,440000</SVIZ>
    <BSP>49,440000</BSP>
  </Prezzi>
  <Prezzi>
    <Data>20140814</Data>
    <Mercato>MGP</Mercato>
    <Ora>22</Ora>
    <PUN>56,653993</PUN>
    <NAT>50,990000</NAT>
    <CNOR>49,380000</CNOR>
    <CSUD>49,380000</CSUD>
    <NORD>49,380000</NORD>
    <SARD>49,380000</SARD>
    <SICI>135,020000</SICI>
    <SUD>49,380000</SUD>
    <AUST>49,380000</AUST>
    <BRNN>49,380000</BRNN>
    <COAC>49,380000</COAC>
    <CORS>49,380000</CORS>
    <FOGN>49,380000</FOGN>
    <FRAN>49,380000</FRAN>
    <GREC>49,380000</GREC>
    <MFTV>49,380000</MFTV>
    <PRGP>135,020000</PRGP>
    <ROSN>49,380000</ROSN>
    <SLOV>49,380000</SLOV>
    <SVIZ>49,380000</SVIZ>
    <BSP>49,380000</BSP>
  </Prezzi>
  <Prezzi>
    <Data>20140814</Data>
    <Mercato>MGP</Mercato>
    <Ora>23</Ora>
    <PUN>48,775130</PUN>
    <NAT>44,760000</NAT>
    <CNOR>43,000000</CNOR>
    <CSUD>43,000000</CSUD>
    <NORD>43,000000</NORD>
    <SARD>43,530000</SARD>
    <SICI>105,020000</SICI>
    <SUD>43,000000</SUD>
    <AUST>43,000000</AUST>
    <BRNN>43,000000</BRNN>
    <COAC>43,530000</COAC>
    <CORS>43,530000</CORS>
    <FOGN>43,000000</FOGN>
    <FRAN>43,000000</FRAN>
    <GREC>43,000000</GREC>
    <MFTV>43,000000</MFTV>
    <PRGP>105,020000</PRGP>
    <ROSN>43,000000</ROSN>
    <SLOV>43,000000</SLOV>
    <SVIZ>43,000000</SVIZ>
    <BSP>43,000000</BSP>
  </Prezzi>
  <Prezzi>
    <Data>20140814</Data>
    <Mercato>MGP</Mercato>
    <Ora>24</Ora>
    <PUN>42,570000</PUN>
    <NAT>40,990000</NAT>
    <CNOR>36,353157</CNOR>
    <CSUD>36,353157</CSUD>
    <NORD>36,353157</NORD>
    <SARD>43,530000</SARD>
    <SICI>95,020000</SICI>
    <SUD>36,353157</SUD>
    <AUST>36,353157</AUST>
    <BRNN>36,353157</BRNN>
    <COAC>43,530000</COAC>
    <CORS>43,530000</CORS>
    <FOGN>36,353157</FOGN>
    <FRAN>36,353157</FRAN>
    <GREC>36,353157</GREC>
    <MFTV>36,353157</MFTV>
    <PRGP>95,020000</PRGP>
    <ROSN>36,353157</ROSN>
    <SLOV>36,353157</SLOV>
    <SVIZ>36,353157</SVIZ>
    <BSP>36,353157</BSP>
  </Prezzi>
</NewDataSet>