<?xml version="1.0" standalone="yes"?>
<NewDataSet>
  <xs:schema id="NewDataSet" xmlns="" xmlns:xs="http://www.w3.org/2001/XMLSchema" xmlns:msdata="urn:schemas-microsoft-com:xml-msdata">
    <xs:element name="NewDataSet" msdata:IsDataSet="true" msdata:UseCurrentLocale="true">
      <xs:complexType>
        <xs:choice minOccurs="0" maxOccurs="unbounded">
          <xs:element name="Prezzi">
            <xs:complexType>
              <xs:sequence>
                <xs:element name="Data" type="xs:string" minOccurs="0" />
                <xs:element name="Mercato" type="xs:string" minOccurs="0" />
                <xs:element name="Ora" type="xs:string" minOccurs="0" />
                <xs:element name="PUN" type="xs:string" minOccurs="0" />
                <xs:element name="NAT" type="xs:string" minOccurs="0" />
                <xs:element name="CNOR" type="xs:string" minOccurs="0" />
                <xs:element name="CSUD" type="xs:string" minOccurs="0" />
                <xs:element name="NORD" type="xs:string" minOccurs="0" />
                <xs:element name="SARD" type="xs:string" minOccurs="0" />
                <xs:element name="SICI" type="xs:string" minOccurs="0" />
                <xs:element name="SUD" type="xs:string" minOccurs="0" />
                <xs:element name="AUST" type="xs:string" minOccurs="0" />
                <xs:element name="BRNN" type="xs:string" minOccurs="0" />
                <xs:element name="COAC" type="xs:string" minOccurs="0" />
                <xs:element name="CORS" type="xs:string" minOccurs="0" />
                <xs:element name="FOGN" type="xs:string" minOccurs="0" />
                <xs:element name="FRAN" type="xs:string" minOccurs="0" />
                <xs:element name="GREC" type="xs:string" minOccurs="0" />
                <xs:element name="MFTV" type="xs:string" minOccurs="0" />
                <xs:element name="PRGP" type="xs:string" minOccurs="0" />
                <xs:element name="ROSN" type="xs:string" minOccurs="0" />
                <xs:element name="SLOV" type="xs:string" minOccurs="0" />
                <xs:element name="SVIZ" type="xs:string" minOccurs="0" />
                <xs:element name="BSP" type="xs:string" minOccurs="0" />
              </xs:sequence>
            </xs:complexType>
          </xs:element>
        </xs:choice>
      </xs:complexType>
    </xs:element>
  </xs:schema>
  <Prezzi>
    <Data>20140828</Data>
    <Mercato>MGP</Mercato>
    <Ora>1</Ora>
    <PUN>50,000000</PUN>
    <NAT>47,000000</NAT>
    <CNOR>46,049699</CNOR>
    <CSUD>46,049699</CSUD>
    <NORD>46,049699</NORD>
    <SARD>46,049699</SARD>
    <SICI>92,020000</SICI>
    <SUD>46,049699</SUD>
    <AUST>46,049699</AUST>
    <BRNN>46,049699</BRNN>
    <COAC>46,049699</COAC>
    <CORS>46,049699</CORS>
    <FOGN>46,049699</FOGN>
    <FRAN>46,049699</FRAN>
    <GREC>46,049699</GREC>
    <MFTV>46,049699</MFTV>
    <PRGP>92,020000</PRGP>
    <ROSN>46,049699</ROSN>
    <SLOV>46,049699</SLOV>
    <SVIZ>46,049699</SVIZ>
    <BSP>32,380000</BSP>
  </Prezzi>
  <Prezzi>
    <Data>20140828</Data>
    <Mercato>MGP</Mercato>
    <Ora>2</Ora>
    <PUN>49,612394</PUN>
    <NAT>46,000000</NAT>
    <CNOR>45,740000</CNOR>
    <CSUD>45,740000</CSUD>
    <NORD>45,740000</NORD>
    <SARD>45,740000</SARD>
    <SICI>92,020000</SICI>
    <SUD>45,740000</SUD>
    <AUST>45,740000</AUST>
    <BRNN>45,740000</BRNN>
    <COAC>45,740000</COAC>
    <CORS>45,740000</CORS>
    <FOGN>45,740000</FOGN>
    <FRAN>45,740000</FRAN>
    <GREC>45,740000</GREC>
    <MFTV>45,740000</MFTV>
    <PRGP>92,020000</PRGP>
    <ROSN>45,740000</ROSN>
    <SLOV>45,740000</SLOV>
    <SVIZ>45,740000</SVIZ>
    <BSP>29,670000</BSP>
  </Prezzi>
  <Prezzi>
    <Data>20140828</Data>
    <Mercato>MGP</Mercato>
    <Ora>3</Ora>
    <PUN>45,049362</PUN>
    <NAT>44,250000</NAT>
    <CNOR>40,880000</CNOR>
    <CSUD>40,880000</CSUD>
    <NORD>40,880000</NORD>
    <SARD>40,880000</SARD>
    <SICI>92,010000</SICI>
    <SUD>40,880000</SUD>
    <AUST>40,880000</AUST>
    <BRNN>40,880000</BRNN>
    <COAC>40,880000</COAC>
    <CORS>40,880000</CORS>
    <FOGN>40,880000</FOGN>
    <FRAN>40,880000</FRAN>
    <GREC>40,880000</GREC>
    <MFTV>40,880000</MFTV>
    <PRGP>92,010000</PRGP>
    <ROSN>40,880000</ROSN>
    <SLOV>40,880000</SLOV>
    <SVIZ>40,880000</SVIZ>
    <BSP>27,140000</BSP>
  </Prezzi>
  <Prezzi>
    <Data>20140828</Data>
    <Mercato>MGP</Mercato>
    <Ora>4</Ora>
    <PUN>49,394244</PUN>
    <NAT>45,880000</NAT>
    <CNOR>45,880000</CNOR>
    <CSUD>45,880000</CSUD>
    <NORD>45,880000</NORD>
    <SARD>45,880000</SARD>
    <SICI>92,000000</SICI>
    <SUD>45,880000</SUD>
    <AUST>45,880000</AUST>
    <BRNN>45,880000</BRNN>
    <COAC>45,880000</COAC>
    <CORS>45,880000</CORS>
    <FOGN>45,880000</FOGN>
    <FRAN>45,880000</FRAN>
    <GREC>45,880000</GREC>
    <MFTV>45,880000</MFTV>
    <PRGP>92,000000</PRGP>
    <ROSN>45,880000</ROSN>
    <SLOV>45,880000</SLOV>
    <SVIZ>45,880000</SVIZ>
    <BSP>26,400000</BSP>
  </Prezzi>
  <Prezzi>
    <Data>20140828</Data>
    <Mercato>MGP</Mercato>
    <Ora>5</Ora>
    <PUN>46,989291</PUN>
    <NAT>45,000000</NAT>
    <CNOR>43,530000</CNOR>
    <CSUD>43,530000</CSUD>
    <NORD>43,530000</NORD>
    <SARD>43,530000</SARD>
    <SICI>89,900000</SICI>
    <SUD>43,530000</SUD>
    <AUST>43,530000</AUST>
    <BRNN>43,530000</BRNN>
    <COAC>43,530000</COAC>
    <CORS>43,530000</CORS>
    <FOGN>43,530000</FOGN>
    <FRAN>43,530000</FRAN>
    <GREC>43,530000</GREC>
    <MFTV>43,530000</MFTV>
    <PRGP>89,900000</PRGP>
    <ROSN>43,530000</ROSN>
    <SLOV>43,530000</SLOV>
    <SVIZ>43,530000</SVIZ>
    <BSP>28,170000</BSP>
  </Prezzi>
  <Prezzi>
    <Data>20140828</Data>
    <Mercato>MGP</Mercato>
    <Ora>6</Ora>
    <PUN>49,227113</PUN>
    <NAT>46,000000</NAT>
    <CNOR>46,000000</CNOR>
    <CSUD>46,000000</CSUD>
    <NORD>46,000000</NORD>
    <SARD>46,000000</SARD>
    <SICI>89,900000</SICI>
    <SUD>46,000000</SUD>
    <AUST>46,000000</AUST>
    <BRNN>46,000000</BRNN>
    <COAC>46,000000</COAC>
    <CORS>46,000000</CORS>
    <FOGN>46,000000</FOGN>
    <FRAN>46,000000</FRAN>
    <GREC>46,000000</GREC>
    <MFTV>46,000000</MFTV>
    <PRGP>89,900000</PRGP>
    <ROSN>46,000000</ROSN>
    <SLOV>46,000000</SLOV>
    <SVIZ>46,000000</SVIZ>
    <BSP>30,400000</BSP>
  </Prezzi>
  <Prezzi>
    <Data>20140828</Data>
    <Mercato>MGP</Mercato>
    <Ora>7</Ora>
    <PUN>52,940000</PUN>
    <NAT>49,500000</NAT>
    <CNOR>49,680346</CNOR>
    <CSUD>49,680346</CSUD>
    <NORD>49,680346</NORD>
    <SARD>49,680346</SARD>
    <SICI>97,900000</SICI>
    <SUD>49,680346</SUD>
    <AUST>49,680346</AUST>
    <BRNN>49,680346</BRNN>
    <COAC>49,680346</COAC>
    <CORS>49,680346</CORS>
    <FOGN>49,680346</FOGN>
    <FRAN>49,680346</FRAN>
    <GREC>49,680346</GREC>
    <MFTV>49,680346</MFTV>
    <PRGP>97,900000</PRGP>
    <ROSN>49,680346</ROSN>
    <SLOV>49,680346</SLOV>
    <SVIZ>49,680346</SVIZ>
    <BSP>38,000000</BSP>
  </Prezzi>
  <Prezzi>
    <Data>20140828</Data>
    <Mercato>MGP</Mercato>
    <Ora>8</Ora>
    <PUN>54,489603</PUN>
    <NAT>49,970000</NAT>
    <CNOR>49,870000</CNOR>
    <CSUD>49,870000</CSUD>
    <NORD>49,870000</NORD>
    <SARD>49,870000</SARD>
    <SICI>120,000000</SICI>
    <SUD>49,870000</SUD>
    <AUST>49,870000</AUST>
    <BRNN>49,870000</BRNN>
    <COAC>49,870000</COAC>
    <CORS>49,870000</CORS>
    <FOGN>49,870000</FOGN>
    <FRAN>49,870000</FRAN>
    <GREC>49,870000</GREC>
    <MFTV>49,870000</MFTV>
    <PRGP>120,000000</PRGP>
    <ROSN>49,870000</ROSN>
    <SLOV>49,870000</SLOV>
    <SVIZ>49,870000</SVIZ>
    <BSP>45,210000</BSP>
  </Prezzi>
  <Prezzi>
    <Data>20140828</Data>
    <Mercato>MGP</Mercato>
    <Ora>9</Ora>
    <PUN>66,687759</PUN>
    <NAT>63,220000</NAT>
    <CNOR>65,800000</CNOR>
    <CSUD>50,480000</CSUD>
    <NORD>65,800000</NORD>
    <SARD>50,480000</SARD>
    <SICI>143,350000</SICI>
    <SUD>50,480000</SUD>
    <AUST>65,800000</AUST>
    <BRNN>50,480000</BRNN>
    <COAC>50,480000</COAC>
    <CORS>50,480000</CORS>
    <FOGN>50,480000</FOGN>
    <FRAN>65,800000</FRAN>
    <GREC>50,480000</GREC>
    <MFTV>65,800000</MFTV>
    <PRGP>143,350000</PRGP>
    <ROSN>50,480000</ROSN>
    <SLOV>65,800000</SLOV>
    <SVIZ>65,800000</SVIZ>
    <BSP>45,790000</BSP>
  </Prezzi>
  <Prezzi>
    <Data>20140828</Data>
    <Mercato>MGP</Mercato>
    <Ora>10</Ora>
    <PUN>70,824300</PUN>
    <NAT>64,130000</NAT>
    <CNOR>72,150000</CNOR>
    <CSUD>49,500000</CSUD>
    <NORD>72,150000</NORD>
    <SARD>49,500000</SARD>
    <SICI>143,350000</SICI>
    <SUD>49,500000</SUD>
    <AUST>72,150000</AUST>
    <BRNN>49,500000</BRNN>
    <COAC>49,500000</COAC>
    <CORS>49,500000</CORS>
    <FOGN>49,500000</FOGN>
    <FRAN>72,150000</FRAN>
    <GREC>49,500000</GREC>
    <MFTV>72,150000</MFTV>
    <PRGP>143,350000</PRGP>
    <ROSN>49,500000</ROSN>
    <SLOV>72,150000</SLOV>
    <SVIZ>72,150000</SVIZ>
    <BSP>45,430000</BSP>
  </Prezzi>
  <Prezzi>
    <Data>20140828</Data>
    <Mercato>MGP</Mercato>
    <Ora>11</Ora>
    <PUN>60,327091</PUN>
    <NAT>51,210000</NAT>
    <CNOR>57,770000</CNOR>
    <CSUD>46,070000</CSUD>
    <NORD>57,770000</NORD>
    <SARD>46,070000</SARD>
    <SICI>143,350000</SICI>
    <SUD>46,070000</SUD>
    <AUST>57,770000</AUST>
    <BRNN>46,070000</BRNN>
    <COAC>46,070000</COAC>
    <CORS>46,070000</CORS>
    <FOGN>46,070000</FOGN>
    <FRAN>57,770000</FRAN>
    <GREC>46,070000</GREC>
    <MFTV>57,770000</MFTV>
    <PRGP>143,350000</PRGP>
    <ROSN>46,070000</ROSN>
    <SLOV>57,770000</SLOV>
    <SVIZ>57,770000</SVIZ>
    <BSP>45,000000</BSP>
  </Prezzi>
  <Prezzi>
    <Data>20140828</Data>
    <Mercato>MGP</Mercato>
    <Ora>12</Ora>
    <PUN>54,890000</PUN>
    <NAT>49,780000</NAT>
    <CNOR>52,241118</CNOR>
    <CSUD>45,290000</CSUD>
    <NORD>52,241118</NORD>
    <SARD>45,290000</SARD>
    <SICI>120,010000</SICI>
    <SUD>45,290000</SUD>
    <AUST>52,241118</AUST>
    <BRNN>45,290000</BRNN>
    <COAC>45,290000</COAC>
    <CORS>45,290000</CORS>
    <FOGN>45,290000</FOGN>
    <FRAN>52,241118</FRAN>
    <GREC>45,290000</GREC>
    <MFTV>52,241118</MFTV>
    <PRGP>120,010000</PRGP>
    <ROSN>45,290000</ROSN>
    <SLOV>52,241118</SLOV>
    <SVIZ>52,241118</SVIZ>
    <BSP>45,670000</BSP>
  </Prezzi>
  <Prezzi>
    <Data>20140828</Data>
    <Mercato>MGP</Mercato>
    <Ora>13</Ora>
    <PUN>50,375479</PUN>
    <NAT>47,470000</NAT>
    <CNOR>48,500000</CNOR>
    <CSUD>45,070000</CSUD>
    <NORD>48,500000</NORD>
    <SARD>45,070000</SARD>
    <SICI>89,010000</SICI>
    <SUD>45,070000</SUD>
    <AUST>48,500000</AUST>
    <BRNN>45,070000</BRNN>
    <COAC>45,070000</COAC>
    <CORS>45,070000</CORS>
    <FOGN>45,070000</FOGN>
    <FRAN>48,500000</FRAN>
    <GREC>45,070000</GREC>
    <MFTV>48,500000</MFTV>
    <PRGP>89,010000</PRGP>
    <ROSN>45,070000</ROSN>
    <SLOV>48,500000</SLOV>
    <SVIZ>48,500000</SVIZ>
    <BSP>45,280000</BSP>
  </Prezzi>
  <Prezzi>
    <Data>20140828</Data>
    <Mercato>MGP</Mercato>
    <Ora>14</Ora>
    <PUN>49,316159</PUN>
    <NAT>46,000000</NAT>
    <CNOR>45,070000</CNOR>
    <CSUD>45,070000</CSUD>
    <NORD>47,190000</NORD>
    <SARD>45,070000</SARD>
    <SICI>89,000000</SICI>
    <SUD>45,070000</SUD>
    <AUST>47,190000</AUST>
    <BRNN>45,070000</BRNN>
    <COAC>45,070000</COAC>
    <CORS>45,070000</CORS>
    <FOGN>45,070000</FOGN>
    <FRAN>47,190000</FRAN>
    <GREC>45,070000</GREC>
    <MFTV>47,190000</MFTV>
    <PRGP>89,000000</PRGP>
    <ROSN>45,070000</ROSN>
    <SLOV>47,190000</SLOV>
    <SVIZ>47,190000</SVIZ>
    <BSP>44,750000</BSP>
  </Prezzi>
  <Prezzi>
    <Data>20140828</Data>
    <Mercato>MGP</Mercato>
    <Ora>15</Ora>
    <PUN>50,373222</PUN>
    <NAT>48,000000</NAT>
    <CNOR>48,500000</CNOR>
    <CSUD>45,290000</CSUD>
    <NORD>48,500000</NORD>
    <SARD>45,290000</SARD>
    <SICI>89,000000</SICI>
    <SUD>45,290000</SUD>
    <AUST>48,500000</AUST>
    <BRNN>45,290000</BRNN>
    <COAC>45,290000</COAC>
    <CORS>45,290000</CORS>
    <FOGN>45,290000</FOGN>
    <FRAN>48,500000</FRAN>
    <GREC>45,290000</GREC>
    <MFTV>48,500000</MFTV>
    <PRGP>89,000000</PRGP>
    <ROSN>45,290000</ROSN>
    <SLOV>48,500000</SLOV>
    <SVIZ>48,500000</SVIZ>
    <BSP>44,100000</BSP>
  </Prezzi>
  <Prezzi>
    <Data>20140828</Data>
    <Mercato>MGP</Mercato>
    <Ora>16</Ora>
    <PUN>50,727459</PUN>
    <NAT>48,540000</NAT>
    <CNOR>49,050000</CNOR>
    <CSUD>45,290000</CSUD>
    <NORD>49,050000</NORD>
    <SARD>45,290000</SARD>
    <SICI>89,010000</SICI>
    <SUD>45,290000</SUD>
    <AUST>49,050000</AUST>
    <BRNN>45,290000</BRNN>
    <COAC>45,290000</COAC>
    <CORS>45,290000</CORS>
    <FOGN>45,290000</FOGN>
    <FRAN>49,050000</FRAN>
    <GREC>45,290000</GREC>
    <MFTV>49,050000</MFTV>
    <PRGP>89,010000</PRGP>
    <ROSN>45,290000</ROSN>
    <SLOV>49,050000</SLOV>
    <SVIZ>49,050000</SVIZ>
    <BSP>44,110000</BSP>
  </Prezzi>
  <Prezzi>
    <Data>20140828</Data>
    <Mercato>MGP</Mercato>
    <Ora>17</Ora>
    <PUN>53,505900</PUN>
    <NAT>49,020000</NAT>
    <CNOR>48,750000</CNOR>
    <CSUD>48,750000</CSUD>
    <NORD>48,750000</NORD>
    <SARD>48,750000</SARD>
    <SICI>117,010000</SICI>
    <SUD>48,750000</SUD>
    <AUST>48,750000</AUST>
    <BRNN>48,750000</BRNN>
    <COAC>48,750000</COAC>
    <CORS>48,750000</CORS>
    <FOGN>48,750000</FOGN>
    <FRAN>48,750000</FRAN>
    <GREC>48,750000</GREC>
    <MFTV>48,750000</MFTV>
    <PRGP>117,010000</PRGP>
    <ROSN>48,750000</ROSN>
    <SLOV>48,750000</SLOV>
    <SVIZ>48,750000</SVIZ>
    <BSP>41,840000</BSP>
  </Prezzi>
  <Prezzi>
    <Data>20140828</Data>
    <Mercato>MGP</Mercato>
    <Ora>18</Ora>
    <PUN>54,248991</PUN>
    <NAT>48,540000</NAT>
    <CNOR>48,060000</CNOR>
    <CSUD>48,060000</CSUD>
    <NORD>48,060000</NORD>
    <SARD>48,060000</SARD>
    <SICI>132,020000</SICI>
    <SUD>48,060000</SUD>
    <AUST>48,060000</AUST>
    <BRNN>48,060000</BRNN>
    <COAC>48,060000</COAC>
    <CORS>48,060000</CORS>
    <FOGN>48,060000</FOGN>
    <FRAN>48,060000</FRAN>
    <GREC>48,060000</GREC>
    <MFTV>48,060000</MFTV>
    <PRGP>132,020000</PRGP>
    <ROSN>48,060000</ROSN>
    <SLOV>48,060000</SLOV>
    <SVIZ>48,060000</SVIZ>
    <BSP>44,270000</BSP>
  </Prezzi>
  <Prezzi>
    <Data>20140828</Data>
    <Mercato>MGP</Mercato>
    <Ora>19</Ora>
    <PUN>56,684222</PUN>
    <NAT>50,800000</NAT>
    <CNOR>49,870000</CNOR>
    <CSUD>49,870000</CSUD>
    <NORD>49,870000</NORD>
    <SARD>49,870000</SARD>
    <SICI>142,020000</SICI>
    <SUD>49,870000</SUD>
    <AUST>49,870000</AUST>
    <BRNN>49,870000</BRNN>
    <COAC>49,870000</COAC>
    <CORS>49,870000</CORS>
    <FOGN>49,870000</FOGN>
    <FRAN>49,870000</FRAN>
    <GREC>49,870000</GREC>
    <MFTV>49,870000</MFTV>
    <PRGP>142,020000</PRGP>
    <ROSN>49,870000</ROSN>
    <SLOV>49,870000</SLOV>
    <SVIZ>49,870000</SVIZ>
    <BSP>45,460000</BSP>
  </Prezzi>
  <Prezzi>
    <Data>20140828</Data>
    <Mercato>MGP</Mercato>
    <Ora>20</Ora>
    <PUN>62,880000</PUN>
    <NAT>61,450000</NAT>
    <CNOR>56,697024</CNOR>
    <CSUD>56,697024</CSUD>
    <NORD>56,697024</NORD>
    <SARD>56,697024</SARD>
    <SICI>142,020000</SICI>
    <SUD>56,697024</SUD>
    <AUST>56,697024</AUST>
    <BRNN>56,697024</BRNN>
    <COAC>56,697024</COAC>
    <CORS>56,697024</CORS>
    <FOGN>56,697024</FOGN>
    <FRAN>56,697024</FRAN>
    <GREC>56,697024</GREC>
    <MFTV>56,697024</MFTV>
    <PRGP>142,020000</PRGP>
    <ROSN>56,697024</ROSN>
    <SLOV>56,697024</SLOV>
    <SVIZ>56,697024</SVIZ>
    <BSP>46,020000</BSP>
  </Prezzi>
  <Prezzi>
    <Data>20140828</Data>
    <Mercato>MGP</Mercato>
    <Ora>21</Ora>
    <PUN>87,470544</PUN>
    <NAT>89,000000</NAT>
    <CNOR>83,100000</CNOR>
    <CSUD>83,100000</CSUD>
    <NORD>83,100000</NORD>
    <SARD>83,100000</SARD>
    <SICI>142,020000</SICI>
    <SUD>83,100000</SUD>
    <AUST>83,100000</AUST>
    <BRNN>83,100000</BRNN>
    <COAC>83,100000</COAC>
    <CORS>83,100000</CORS>
    <FOGN>83,100000</FOGN>
    <FRAN>83,100000</FRAN>
    <GREC>83,100000</GREC>
    <MFTV>83,100000</MFTV>
    <PRGP>142,020000</PRGP>
    <ROSN>83,100000</ROSN>
    <SLOV>83,100000</SLOV>
    <SVIZ>83,100000</SVIZ>
    <BSP>50,000000</BSP>
  </Prezzi>
  <Prezzi>
    <Data>20140828</Data>
    <Mercato>MGP</Mercato>
    <Ora>22</Ora>
    <PUN>65,933219</PUN>
    <NAT>62,930000</NAT>
    <CNOR>59,950000</CNOR>
    <CSUD>59,950000</CSUD>
    <NORD>59,950000</NORD>
    <SARD>59,950000</SARD>
    <SICI>142,020000</SICI>
    <SUD>59,950000</SUD>
    <AUST>59,950000</AUST>
    <BRNN>59,950000</BRNN>
    <COAC>59,950000</COAC>
    <CORS>59,950000</CORS>
    <FOGN>59,950000</FOGN>
    <FRAN>59,950000</FRAN>
    <GREC>59,950000</GREC>
    <MFTV>59,950000</MFTV>
    <PRGP>142,020000</PRGP>
    <ROSN>59,950000</ROSN>
    <SLOV>59,950000</SLOV>
    <SVIZ>59,950000</SVIZ>
    <BSP>45,920000</BSP>
  </Prezzi>
  <Prezzi>
    <Data>20140828</Data>
    <Mercato>MGP</Mercato>
    <Ora>23</Ora>
    <PUN>55,279893</PUN>
    <NAT>49,290000</NAT>
    <CNOR>48,540000</CNOR>
    <CSUD>48,540000</CSUD>
    <NORD>48,540000</NORD>
    <SARD>48,540000</SARD>
    <SICI>135,020000</SICI>
    <SUD>48,540000</SUD>
    <AUST>48,540000</AUST>
    <BRNN>48,540000</BRNN>
    <COAC>48,540000</COAC>
    <CORS>48,540000</CORS>
    <FOGN>48,540000</FOGN>
    <FRAN>48,540000</FRAN>
    <GREC>48,540000</GREC>
    <MFTV>48,540000</MFTV>
    <PRGP>135,020000</PRGP>
    <ROSN>48,540000</ROSN>
    <SLOV>48,540000</SLOV>
    <SVIZ>48,540000</SVIZ>
    <BSP>40,570000</BSP>
  </Prezzi>
  <Prezzi>
    <Data>20140828</Data>
    <Mercato>MGP</Mercato>
    <Ora>24</Ora>
    <PUN>53,853139</PUN>
    <NAT>48,060000</NAT>
    <CNOR>47,590000</CNOR>
    <CSUD>47,590000</CSUD>
    <NORD>47,590000</NORD>
    <SARD>47,590000</SARD>
    <SICI>128,010000</SICI>
    <SUD>47,590000</SUD>
    <AUST>47,590000</AUST>
    <BRNN>47,590000</BRNN>
    <COAC>47,590000</COAC>
    <CORS>47,590000</CORS>
    <FOGN>47,590000</FOGN>
    <FRAN>47,590000</FRAN>
    <GREC>47,590000</GREC>
    <MFTV>47,590000</MFTV>
    <PRGP>128,010000</PRGP>
    <ROSN>47,590000</ROSN>
    <SLOV>47,590000</SLOV>
    <SVIZ>47,590000</SVIZ>
    <BSP>34,980000</BSP>
  </Prezzi>
</NewDataSet>