<?xml version="1.0" standalone="yes"?>
<NewDataSet>
  <xs:schema id="NewDataSet" xmlns="" xmlns:xs="http://www.w3.org/2001/XMLSchema" xmlns:msdata="urn:schemas-microsoft-com:xml-msdata">
    <xs:element name="NewDataSet" msdata:IsDataSet="true" msdata:UseCurrentLocale="true">
      <xs:complexType>
        <xs:choice minOccurs="0" maxOccurs="unbounded">
          <xs:element name="Prezzi">
            <xs:complexType>
              <xs:sequence>
                <xs:element name="Data" type="xs:string" minOccurs="0" />
                <xs:element name="Mercato" type="xs:string" minOccurs="0" />
                <xs:element name="Ora" type="xs:string" minOccurs="0" />
                <xs:element name="PUN" type="xs:string" minOccurs="0" />
                <xs:element name="NAT" type="xs:string" minOccurs="0" />
                <xs:element name="CNOR" type="xs:string" minOccurs="0" />
                <xs:element name="CSUD" type="xs:string" minOccurs="0" />
                <xs:element name="NORD" type="xs:string" minOccurs="0" />
                <xs:element name="SARD" type="xs:string" minOccurs="0" />
                <xs:element name="SICI" type="xs:string" minOccurs="0" />
                <xs:element name="SUD" type="xs:string" minOccurs="0" />
                <xs:element name="AUST" type="xs:string" minOccurs="0" />
                <xs:element name="BRNN" type="xs:string" minOccurs="0" />
                <xs:element name="COAC" type="xs:string" minOccurs="0" />
                <xs:element name="CORS" type="xs:string" minOccurs="0" />
                <xs:element name="FOGN" type="xs:string" minOccurs="0" />
                <xs:element name="FRAN" type="xs:string" minOccurs="0" />
                <xs:element name="GREC" type="xs:string" minOccurs="0" />
                <xs:element name="MFTV" type="xs:string" minOccurs="0" />
                <xs:element name="PRGP" type="xs:string" minOccurs="0" />
                <xs:element name="ROSN" type="xs:string" minOccurs="0" />
                <xs:element name="SLOV" type="xs:string" minOccurs="0" />
                <xs:element name="SVIZ" type="xs:string" minOccurs="0" />
                <xs:element name="BSP" type="xs:string" minOccurs="0" />
              </xs:sequence>
            </xs:complexType>
          </xs:element>
        </xs:choice>
      </xs:complexType>
    </xs:element>
  </xs:schema>
  <Prezzi>
    <Data>20140818</Data>
    <Mercato>MGP</Mercato>
    <Ora>1</Ora>
    <PUN>56,366260</PUN>
    <NAT>49,000000</NAT>
    <CNOR>65,000000</CNOR>
    <CSUD>65,000000</CSUD>
    <NORD>40,600000</NORD>
    <SARD>65,000000</SARD>
    <SICI>90,020000</SICI>
    <SUD>65,000000</SUD>
    <AUST>40,600000</AUST>
    <BRNN>65,000000</BRNN>
    <COAC>65,000000</COAC>
    <CORS>65,000000</CORS>
    <FOGN>65,000000</FOGN>
    <FRAN>40,600000</FRAN>
    <GREC>65,000000</GREC>
    <MFTV>40,600000</MFTV>
    <PRGP>90,020000</PRGP>
    <ROSN>65,000000</ROSN>
    <SLOV>40,600000</SLOV>
    <SVIZ>40,600000</SVIZ>
    <BSP>12,420000</BSP>
  </Prezzi>
  <Prezzi>
    <Data>20140818</Data>
    <Mercato>MGP</Mercato>
    <Ora>2</Ora>
    <PUN>47,520000</PUN>
    <NAT>44,070000</NAT>
    <CNOR>50,000000</CNOR>
    <CSUD>50,000000</CSUD>
    <NORD>38,000000</NORD>
    <SARD>50,000000</SARD>
    <SICI>80,020000</SICI>
    <SUD>50,000000</SUD>
    <AUST>38,000000</AUST>
    <BRNN>50,000000</BRNN>
    <COAC>50,000000</COAC>
    <CORS>50,000000</CORS>
    <FOGN>50,000000</FOGN>
    <FRAN>38,000000</FRAN>
    <GREC>50,000000</GREC>
    <MFTV>38,000000</MFTV>
    <PRGP>80,020000</PRGP>
    <ROSN>50,000000</ROSN>
    <SLOV>38,000000</SLOV>
    <SVIZ>38,000000</SVIZ>
    <BSP>8,000000</BSP>
  </Prezzi>
  <Prezzi>
    <Data>20140818</Data>
    <Mercato>MGP</Mercato>
    <Ora>3</Ora>
    <PUN>44,202151</PUN>
    <NAT>41,520000</NAT>
    <CNOR>47,000000</CNOR>
    <CSUD>47,000000</CSUD>
    <NORD>35,990000</NORD>
    <SARD>47,000000</SARD>
    <SICI>70,020000</SICI>
    <SUD>47,000000</SUD>
    <AUST>35,990000</AUST>
    <BRNN>47,000000</BRNN>
    <COAC>47,000000</COAC>
    <CORS>47,000000</CORS>
    <FOGN>47,000000</FOGN>
    <FRAN>35,990000</FRAN>
    <GREC>47,000000</GREC>
    <MFTV>35,990000</MFTV>
    <PRGP>70,020000</PRGP>
    <ROSN>47,000000</ROSN>
    <SLOV>35,990000</SLOV>
    <SVIZ>35,990000</SVIZ>
    <BSP>5,400000</BSP>
  </Prezzi>
  <Prezzi>
    <Data>20140818</Data>
    <Mercato>MGP</Mercato>
    <Ora>4</Ora>
    <PUN>44,004241</PUN>
    <NAT>40,600000</NAT>
    <CNOR>47,000000</CNOR>
    <CSUD>47,000000</CSUD>
    <NORD>35,990000</NORD>
    <SARD>47,000000</SARD>
    <SICI>70,010000</SICI>
    <SUD>47,000000</SUD>
    <AUST>35,990000</AUST>
    <BRNN>47,000000</BRNN>
    <COAC>47,000000</COAC>
    <CORS>47,000000</CORS>
    <FOGN>47,000000</FOGN>
    <FRAN>35,990000</FRAN>
    <GREC>47,000000</GREC>
    <MFTV>35,990000</MFTV>
    <PRGP>70,010000</PRGP>
    <ROSN>47,000000</ROSN>
    <SLOV>35,990000</SLOV>
    <SVIZ>35,990000</SVIZ>
    <BSP>3,100000</BSP>
  </Prezzi>
  <Prezzi>
    <Data>20140818</Data>
    <Mercato>MGP</Mercato>
    <Ora>5</Ora>
    <PUN>42,892651</PUN>
    <NAT>40,320000</NAT>
    <CNOR>43,530000</CNOR>
    <CSUD>43,530000</CSUD>
    <NORD>36,950000</NORD>
    <SARD>43,530000</SARD>
    <SICI>70,010000</SICI>
    <SUD>43,530000</SUD>
    <AUST>36,950000</AUST>
    <BRNN>43,530000</BRNN>
    <COAC>43,530000</COAC>
    <CORS>43,530000</CORS>
    <FOGN>43,530000</FOGN>
    <FRAN>36,950000</FRAN>
    <GREC>43,530000</GREC>
    <MFTV>36,950000</MFTV>
    <PRGP>70,010000</PRGP>
    <ROSN>43,530000</ROSN>
    <SLOV>36,950000</SLOV>
    <SVIZ>36,950000</SVIZ>
    <BSP>4,400000</BSP>
  </Prezzi>
  <Prezzi>
    <Data>20140818</Data>
    <Mercato>MGP</Mercato>
    <Ora>6</Ora>
    <PUN>44,796419</PUN>
    <NAT>42,290000</NAT>
    <CNOR>44,150000</CNOR>
    <CSUD>44,150000</CSUD>
    <NORD>40,600000</NORD>
    <SARD>44,150000</SARD>
    <SICI>70,010000</SICI>
    <SUD>44,150000</SUD>
    <AUST>40,600000</AUST>
    <BRNN>44,150000</BRNN>
    <COAC>44,150000</COAC>
    <CORS>44,150000</CORS>
    <FOGN>44,150000</FOGN>
    <FRAN>40,600000</FRAN>
    <GREC>44,150000</GREC>
    <MFTV>40,600000</MFTV>
    <PRGP>70,010000</PRGP>
    <ROSN>44,150000</ROSN>
    <SLOV>40,600000</SLOV>
    <SVIZ>40,600000</SVIZ>
    <BSP>10,460000</BSP>
  </Prezzi>
  <Prezzi>
    <Data>20140818</Data>
    <Mercato>MGP</Mercato>
    <Ora>7</Ora>
    <PUN>46,544589</PUN>
    <NAT>45,000000</NAT>
    <CNOR>47,180000</CNOR>
    <CSUD>47,180000</CSUD>
    <NORD>41,800000</NORD>
    <SARD>47,180000</SARD>
    <SICI>70,010000</SICI>
    <SUD>47,180000</SUD>
    <AUST>41,800000</AUST>
    <BRNN>47,180000</BRNN>
    <COAC>47,180000</COAC>
    <CORS>47,180000</CORS>
    <FOGN>47,180000</FOGN>
    <FRAN>41,800000</FRAN>
    <GREC>47,180000</GREC>
    <MFTV>41,800000</MFTV>
    <PRGP>70,010000</PRGP>
    <ROSN>47,180000</ROSN>
    <SLOV>41,800000</SLOV>
    <SVIZ>41,800000</SVIZ>
    <BSP>22,800000</BSP>
  </Prezzi>
  <Prezzi>
    <Data>20140818</Data>
    <Mercato>MGP</Mercato>
    <Ora>8</Ora>
    <PUN>48,363574</PUN>
    <NAT>45,010000</NAT>
    <CNOR>47,800000</CNOR>
    <CSUD>47,800000</CSUD>
    <NORD>40,990000</NORD>
    <SARD>47,800000</SARD>
    <SICI>95,020000</SICI>
    <SUD>47,800000</SUD>
    <AUST>40,990000</AUST>
    <BRNN>47,800000</BRNN>
    <COAC>47,800000</COAC>
    <CORS>47,800000</CORS>
    <FOGN>47,800000</FOGN>
    <FRAN>40,990000</FRAN>
    <GREC>47,800000</GREC>
    <MFTV>40,990000</MFTV>
    <PRGP>95,020000</PRGP>
    <ROSN>47,800000</ROSN>
    <SLOV>40,990000</SLOV>
    <SVIZ>40,990000</SVIZ>
    <BSP>30,670000</BSP>
  </Prezzi>
  <Prezzi>
    <Data>20140818</Data>
    <Mercato>MGP</Mercato>
    <Ora>9</Ora>
    <PUN>52,062125</PUN>
    <NAT>47,530000</NAT>
    <CNOR>47,660000</CNOR>
    <CSUD>47,660000</CSUD>
    <NORD>43,270000</NORD>
    <SARD>47,660000</SARD>
    <SICI>130,020000</SICI>
    <SUD>47,660000</SUD>
    <AUST>43,270000</AUST>
    <BRNN>47,660000</BRNN>
    <COAC>47,660000</COAC>
    <CORS>47,660000</CORS>
    <FOGN>47,660000</FOGN>
    <FRAN>43,270000</FRAN>
    <GREC>47,660000</GREC>
    <MFTV>43,270000</MFTV>
    <PRGP>130,020000</PRGP>
    <ROSN>47,660000</ROSN>
    <SLOV>43,270000</SLOV>
    <SVIZ>43,270000</SVIZ>
    <BSP>43,270000</BSP>
  </Prezzi>
  <Prezzi>
    <Data>20140818</Data>
    <Mercato>MGP</Mercato>
    <Ora>10</Ora>
    <PUN>49,695433</PUN>
    <NAT>44,010000</NAT>
    <CNOR>42,010000</CNOR>
    <CSUD>42,010000</CSUD>
    <NORD>42,010000</NORD>
    <SARD>42,010000</SARD>
    <SICI>135,020000</SICI>
    <SUD>42,010000</SUD>
    <AUST>42,010000</AUST>
    <BRNN>42,010000</BRNN>
    <COAC>42,010000</COAC>
    <CORS>42,010000</CORS>
    <FOGN>42,010000</FOGN>
    <FRAN>42,010000</FRAN>
    <GREC>42,010000</GREC>
    <MFTV>42,010000</MFTV>
    <PRGP>135,020000</PRGP>
    <ROSN>42,010000</ROSN>
    <SLOV>42,010000</SLOV>
    <SVIZ>42,010000</SVIZ>
    <BSP>42,010000</BSP>
  </Prezzi>
  <Prezzi>
    <Data>20140818</Data>
    <Mercato>MGP</Mercato>
    <Ora>11</Ora>
    <PUN>48,883174</PUN>
    <NAT>42,010000</NAT>
    <CNOR>40,990000</CNOR>
    <CSUD>40,990000</CSUD>
    <NORD>40,990000</NORD>
    <SARD>40,990000</SARD>
    <SICI>135,020000</SICI>
    <SUD>40,990000</SUD>
    <AUST>40,990000</AUST>
    <BRNN>40,990000</BRNN>
    <COAC>40,990000</COAC>
    <CORS>40,990000</CORS>
    <FOGN>40,990000</FOGN>
    <FRAN>40,990000</FRAN>
    <GREC>40,990000</GREC>
    <MFTV>40,990000</MFTV>
    <PRGP>135,020000</PRGP>
    <ROSN>40,990000</ROSN>
    <SLOV>40,990000</SLOV>
    <SVIZ>40,990000</SVIZ>
    <BSP>40,990000</BSP>
  </Prezzi>
  <Prezzi>
    <Data>20140818</Data>
    <Mercato>MGP</Mercato>
    <Ora>12</Ora>
    <PUN>45,585072</PUN>
    <NAT>40,600000</NAT>
    <CNOR>37,880000</CNOR>
    <CSUD>37,880000</CSUD>
    <NORD>37,880000</NORD>
    <SARD>37,880000</SARD>
    <SICI>130,010000</SICI>
    <SUD>37,880000</SUD>
    <AUST>37,880000</AUST>
    <BRNN>37,880000</BRNN>
    <COAC>37,880000</COAC>
    <CORS>37,880000</CORS>
    <FOGN>37,880000</FOGN>
    <FRAN>37,880000</FRAN>
    <GREC>37,880000</GREC>
    <MFTV>37,880000</MFTV>
    <PRGP>130,010000</PRGP>
    <ROSN>37,880000</ROSN>
    <SLOV>37,880000</SLOV>
    <SVIZ>37,880000</SVIZ>
    <BSP>37,880000</BSP>
  </Prezzi>
  <Prezzi>
    <Data>20140818</Data>
    <Mercato>MGP</Mercato>
    <Ora>13</Ora>
    <PUN>41,270000</PUN>
    <NAT>40,000000</NAT>
    <CNOR>37,499435</CNOR>
    <CSUD>37,499435</CSUD>
    <NORD>37,499435</NORD>
    <SARD>37,499435</SARD>
    <SICI>81,020000</SICI>
    <SUD>37,499435</SUD>
    <AUST>37,499435</AUST>
    <BRNN>37,499435</BRNN>
    <COAC>37,499435</COAC>
    <CORS>37,499435</CORS>
    <FOGN>37,499435</FOGN>
    <FRAN>37,499435</FRAN>
    <GREC>37,499435</GREC>
    <MFTV>37,499435</MFTV>
    <PRGP>81,020000</PRGP>
    <ROSN>37,499435</ROSN>
    <SLOV>37,499435</SLOV>
    <SVIZ>37,499435</SVIZ>
    <BSP>37,499435</BSP>
  </Prezzi>
  <Prezzi>
    <Data>20140818</Data>
    <Mercato>MGP</Mercato>
    <Ora>14</Ora>
    <PUN>39,830000</PUN>
    <NAT>38,000000</NAT>
    <CNOR>35,936786</CNOR>
    <CSUD>35,936786</CSUD>
    <NORD>35,936786</NORD>
    <SARD>35,936786</SARD>
    <SICI>81,020000</SICI>
    <SUD>35,936786</SUD>
    <AUST>35,936786</AUST>
    <BRNN>35,936786</BRNN>
    <COAC>35,936786</COAC>
    <CORS>35,936786</CORS>
    <FOGN>35,936786</FOGN>
    <FRAN>35,936786</FRAN>
    <GREC>35,936786</GREC>
    <MFTV>35,936786</MFTV>
    <PRGP>81,020000</PRGP>
    <ROSN>35,936786</ROSN>
    <SLOV>35,936786</SLOV>
    <SVIZ>35,936786</SVIZ>
    <BSP>35,936786</BSP>
  </Prezzi>
  <Prezzi>
    <Data>20140818</Data>
    <Mercato>MGP</Mercato>
    <Ora>15</Ora>
    <PUN>40,597598</PUN>
    <NAT>39,970000</NAT>
    <CNOR>36,850000</CNOR>
    <CSUD>36,850000</CSUD>
    <NORD>36,850000</NORD>
    <SARD>36,850000</SARD>
    <SICI>81,020000</SICI>
    <SUD>36,850000</SUD>
    <AUST>36,850000</AUST>
    <BRNN>36,850000</BRNN>
    <COAC>36,850000</COAC>
    <CORS>36,850000</CORS>
    <FOGN>36,850000</FOGN>
    <FRAN>36,850000</FRAN>
    <GREC>36,850000</GREC>
    <MFTV>36,850000</MFTV>
    <PRGP>81,020000</PRGP>
    <ROSN>36,850000</ROSN>
    <SLOV>36,850000</SLOV>
    <SVIZ>36,850000</SVIZ>
    <BSP>36,850000</BSP>
  </Prezzi>
  <Prezzi>
    <Data>20140818</Data>
    <Mercato>MGP</Mercato>
    <Ora>16</Ora>
    <PUN>41,929862</PUN>
    <NAT>40,990000</NAT>
    <CNOR>38,360000</CNOR>
    <CSUD>38,360000</CSUD>
    <NORD>38,360000</NORD>
    <SARD>38,360000</SARD>
    <SICI>81,020000</SICI>
    <SUD>38,360000</SUD>
    <AUST>38,360000</AUST>
    <BRNN>38,360000</BRNN>
    <COAC>38,360000</COAC>
    <CORS>38,360000</CORS>
    <FOGN>38,360000</FOGN>
    <FRAN>38,360000</FRAN>
    <GREC>38,360000</GREC>
    <MFTV>38,360000</MFTV>
    <PRGP>81,020000</PRGP>
    <ROSN>38,360000</ROSN>
    <SLOV>38,360000</SLOV>
    <SVIZ>38,360000</SVIZ>
    <BSP>38,360000</BSP>
  </Prezzi>
  <Prezzi>
    <Data>20140818</Data>
    <Mercato>MGP</Mercato>
    <Ora>17</Ora>
    <PUN>44,684916</PUN>
    <NAT>42,460000</NAT>
    <CNOR>40,000000</CNOR>
    <CSUD>40,000000</CSUD>
    <NORD>40,000000</NORD>
    <SARD>40,000000</SARD>
    <SICI>95,020000</SICI>
    <SUD>40,000000</SUD>
    <AUST>40,000000</AUST>
    <BRNN>40,000000</BRNN>
    <COAC>40,000000</COAC>
    <CORS>40,000000</CORS>
    <FOGN>40,000000</FOGN>
    <FRAN>40,000000</FRAN>
    <GREC>40,000000</GREC>
    <MFTV>40,000000</MFTV>
    <PRGP>95,020000</PRGP>
    <ROSN>40,000000</ROSN>
    <SLOV>40,000000</SLOV>
    <SVIZ>40,000000</SVIZ>
    <BSP>40,000000</BSP>
  </Prezzi>
  <Prezzi>
    <Data>20140818</Data>
    <Mercato>MGP</Mercato>
    <Ora>18</Ora>
    <PUN>46,917822</PUN>
    <NAT>44,910000</NAT>
    <CNOR>42,450000</CNOR>
    <CSUD>42,450000</CSUD>
    <NORD>42,450000</NORD>
    <SARD>42,450000</SARD>
    <SICI>95,020000</SICI>
    <SUD>42,450000</SUD>
    <AUST>42,450000</AUST>
    <BRNN>42,450000</BRNN>
    <COAC>42,450000</COAC>
    <CORS>42,450000</CORS>
    <FOGN>42,450000</FOGN>
    <FRAN>42,450000</FRAN>
    <GREC>42,450000</GREC>
    <MFTV>42,450000</MFTV>
    <PRGP>95,020000</PRGP>
    <ROSN>42,450000</ROSN>
    <SLOV>42,450000</SLOV>
    <SVIZ>42,450000</SVIZ>
    <BSP>41,650000</BSP>
  </Prezzi>
  <Prezzi>
    <Data>20140818</Data>
    <Mercato>MGP</Mercato>
    <Ora>19</Ora>
    <PUN>51,429522</PUN>
    <NAT>46,960000</NAT>
    <CNOR>44,990000</CNOR>
    <CSUD>44,990000</CSUD>
    <NORD>44,990000</NORD>
    <SARD>44,990000</SARD>
    <SICI>121,380000</SICI>
    <SUD>44,990000</SUD>
    <AUST>44,990000</AUST>
    <BRNN>44,990000</BRNN>
    <COAC>44,990000</COAC>
    <CORS>44,990000</CORS>
    <FOGN>44,990000</FOGN>
    <FRAN>44,990000</FRAN>
    <GREC>44,990000</GREC>
    <MFTV>44,990000</MFTV>
    <PRGP>121,380000</PRGP>
    <ROSN>44,990000</ROSN>
    <SLOV>44,990000</SLOV>
    <SVIZ>44,990000</SVIZ>
    <BSP>42,250000</BSP>
  </Prezzi>
  <Prezzi>
    <Data>20140818</Data>
    <Mercato>MGP</Mercato>
    <Ora>20</Ora>
    <PUN>55,000000</PUN>
    <NAT>50,150000</NAT>
    <CNOR>48,260000</CNOR>
    <CSUD>48,260000</CSUD>
    <NORD>48,260000</NORD>
    <SARD>54,030715</SARD>
    <SICI>125,020000</SICI>
    <SUD>48,260000</SUD>
    <AUST>48,260000</AUST>
    <BRNN>48,260000</BRNN>
    <COAC>54,030715</COAC>
    <CORS>54,030715</CORS>
    <FOGN>48,260000</FOGN>
    <FRAN>48,260000</FRAN>
    <GREC>48,260000</GREC>
    <MFTV>48,260000</MFTV>
    <PRGP>125,020000</PRGP>
    <ROSN>48,260000</ROSN>
    <SLOV>48,260000</SLOV>
    <SVIZ>48,260000</SVIZ>
    <BSP>40,200000</BSP>
  </Prezzi>
  <Prezzi>
    <Data>20140818</Data>
    <Mercato>MGP</Mercato>
    <Ora>21</Ora>
    <PUN>63,134660</PUN>
    <NAT>62,030000</NAT>
    <CNOR>55,120000</CNOR>
    <CSUD>55,120000</CSUD>
    <NORD>55,120000</NORD>
    <SARD>71,610000</SARD>
    <SICI>139,600000</SICI>
    <SUD>55,120000</SUD>
    <AUST>55,120000</AUST>
    <BRNN>55,120000</BRNN>
    <COAC>71,610000</COAC>
    <CORS>71,610000</CORS>
    <FOGN>55,120000</FOGN>
    <FRAN>55,120000</FRAN>
    <GREC>55,120000</GREC>
    <MFTV>55,120000</MFTV>
    <PRGP>139,600000</PRGP>
    <ROSN>55,120000</ROSN>
    <SLOV>55,120000</SLOV>
    <SVIZ>55,120000</SVIZ>
    <BSP>48,810000</BSP>
  </Prezzi>
  <Prezzi>
    <Data>20140818</Data>
    <Mercato>MGP</Mercato>
    <Ora>22</Ora>
    <PUN>60,016411</PUN>
    <NAT>55,120000</NAT>
    <CNOR>52,160000</CNOR>
    <CSUD>52,160000</CSUD>
    <NORD>52,160000</NORD>
    <SARD>71,610000</SARD>
    <SICI>135,020000</SICI>
    <SUD>52,160000</SUD>
    <AUST>52,160000</AUST>
    <BRNN>52,160000</BRNN>
    <COAC>71,610000</COAC>
    <CORS>71,610000</CORS>
    <FOGN>52,160000</FOGN>
    <FRAN>52,160000</FRAN>
    <GREC>52,160000</GREC>
    <MFTV>52,160000</MFTV>
    <PRGP>135,020000</PRGP>
    <ROSN>52,160000</ROSN>
    <SLOV>52,160000</SLOV>
    <SVIZ>52,160000</SVIZ>
    <BSP>44,400000</BSP>
  </Prezzi>
  <Prezzi>
    <Data>20140818</Data>
    <Mercato>MGP</Mercato>
    <Ora>23</Ora>
    <PUN>52,335744</PUN>
    <NAT>46,140000</NAT>
    <CNOR>44,880000</CNOR>
    <CSUD>44,880000</CSUD>
    <NORD>43,000000</NORD>
    <SARD>71,610000</SARD>
    <SICI>121,380000</SICI>
    <SUD>44,880000</SUD>
    <AUST>43,000000</AUST>
    <BRNN>44,880000</BRNN>
    <COAC>71,610000</COAC>
    <CORS>71,610000</CORS>
    <FOGN>44,880000</FOGN>
    <FRAN>43,000000</FRAN>
    <GREC>44,880000</GREC>
    <MFTV>43,000000</MFTV>
    <PRGP>121,380000</PRGP>
    <ROSN>44,880000</ROSN>
    <SLOV>43,000000</SLOV>
    <SVIZ>43,000000</SVIZ>
    <BSP>40,100000</BSP>
  </Prezzi>
  <Prezzi>
    <Data>20140818</Data>
    <Mercato>MGP</Mercato>
    <Ora>24</Ora>
    <PUN>48,724140</PUN>
    <NAT>44,130000</NAT>
    <CNOR>42,000000</CNOR>
    <CSUD>42,000000</CSUD>
    <NORD>42,000000</NORD>
    <SARD>71,610000</SARD>
    <SICI>95,020000</SICI>
    <SUD>42,000000</SUD>
    <AUST>42,000000</AUST>
    <BRNN>42,000000</BRNN>
    <COAC>71,610000</COAC>
    <CORS>71,610000</CORS>
    <FOGN>42,000000</FOGN>
    <FRAN>42,000000</FRAN>
    <GREC>42,000000</GREC>
    <MFTV>42,000000</MFTV>
    <PRGP>95,020000</PRGP>
    <ROSN>42,000000</ROSN>
    <SLOV>42,000000</SLOV>
    <SVIZ>42,000000</SVIZ>
    <BSP>39,340000</BSP>
  </Prezzi>
</NewDataSet>