<?xml version="1.0" standalone="yes"?>
<NewDataSet>
  <xs:schema id="NewDataSet" xmlns="" xmlns:xs="http://www.w3.org/2001/XMLSchema" xmlns:msdata="urn:schemas-microsoft-com:xml-msdata">
    <xs:element name="NewDataSet" msdata:IsDataSet="true" msdata:UseCurrentLocale="true">
      <xs:complexType>
        <xs:choice minOccurs="0" maxOccurs="unbounded">
          <xs:element name="Prezzi">
            <xs:complexType>
              <xs:sequence>
                <xs:element name="Data" type="xs:string" minOccurs="0" />
                <xs:element name="Mercato" type="xs:string" minOccurs="0" />
                <xs:element name="Ora" type="xs:string" minOccurs="0" />
                <xs:element name="PUN" type="xs:string" minOccurs="0" />
                <xs:element name="NAT" type="xs:string" minOccurs="0" />
                <xs:element name="CNOR" type="xs:string" minOccurs="0" />
                <xs:element name="CSUD" type="xs:string" minOccurs="0" />
                <xs:element name="NORD" type="xs:string" minOccurs="0" />
                <xs:element name="SARD" type="xs:string" minOccurs="0" />
                <xs:element name="SICI" type="xs:string" minOccurs="0" />
                <xs:element name="SUD" type="xs:string" minOccurs="0" />
                <xs:element name="AUST" type="xs:string" minOccurs="0" />
                <xs:element name="BRNN" type="xs:string" minOccurs="0" />
                <xs:element name="COAC" type="xs:string" minOccurs="0" />
                <xs:element name="CORS" type="xs:string" minOccurs="0" />
                <xs:element name="FOGN" type="xs:string" minOccurs="0" />
                <xs:element name="FRAN" type="xs:string" minOccurs="0" />
                <xs:element name="GREC" type="xs:string" minOccurs="0" />
                <xs:element name="MFTV" type="xs:string" minOccurs="0" />
                <xs:element name="PRGP" type="xs:string" minOccurs="0" />
                <xs:element name="ROSN" type="xs:string" minOccurs="0" />
                <xs:element name="SLOV" type="xs:string" minOccurs="0" />
                <xs:element name="SVIZ" type="xs:string" minOccurs="0" />
                <xs:element name="BSP" type="xs:string" minOccurs="0" />
              </xs:sequence>
            </xs:complexType>
          </xs:element>
        </xs:choice>
      </xs:complexType>
    </xs:element>
  </xs:schema>
  <Prezzi>
    <Data>20140809</Data>
    <Mercato>MGP</Mercato>
    <Ora>1</Ora>
    <PUN>53,958414</PUN>
    <NAT>50,000000</NAT>
    <CNOR>45,380000</CNOR>
    <CSUD>45,380000</CSUD>
    <NORD>41,310000</NORD>
    <SARD>71,990000</SARD>
    <SICI>143,510000</SICI>
    <SUD>45,380000</SUD>
    <AUST>41,310000</AUST>
    <BRNN>45,380000</BRNN>
    <COAC>71,990000</COAC>
    <CORS>71,990000</CORS>
    <FOGN>45,380000</FOGN>
    <FRAN>41,310000</FRAN>
    <GREC>45,380000</GREC>
    <MFTV>41,310000</MFTV>
    <PRGP>143,510000</PRGP>
    <ROSN>45,380000</ROSN>
    <SLOV>41,310000</SLOV>
    <SVIZ>41,310000</SVIZ>
    <BSP>31,350000</BSP>
  </Prezzi>
  <Prezzi>
    <Data>20140809</Data>
    <Mercato>MGP</Mercato>
    <Ora>2</Ora>
    <PUN>48,552164</PUN>
    <NAT>43,530000</NAT>
    <CNOR>43,410000</CNOR>
    <CSUD>43,410000</CSUD>
    <NORD>35,510000</NORD>
    <SARD>71,990000</SARD>
    <SICI>122,350000</SICI>
    <SUD>43,410000</SUD>
    <AUST>35,510000</AUST>
    <BRNN>43,410000</BRNN>
    <COAC>71,990000</COAC>
    <CORS>71,990000</CORS>
    <FOGN>43,410000</FOGN>
    <FRAN>35,510000</FRAN>
    <GREC>43,410000</GREC>
    <MFTV>35,510000</MFTV>
    <PRGP>122,350000</PRGP>
    <ROSN>43,410000</ROSN>
    <SLOV>35,510000</SLOV>
    <SVIZ>35,510000</SVIZ>
    <BSP>26,400000</BSP>
  </Prezzi>
  <Prezzi>
    <Data>20140809</Data>
    <Mercato>MGP</Mercato>
    <Ora>3</Ora>
    <PUN>44,183131</PUN>
    <NAT>40,670000</NAT>
    <CNOR>38,010000</CNOR>
    <CSUD>38,010000</CSUD>
    <NORD>34,430000</NORD>
    <SARD>43,530000</SARD>
    <SICI>121,380000</SICI>
    <SUD>38,010000</SUD>
    <AUST>34,430000</AUST>
    <BRNN>38,010000</BRNN>
    <COAC>43,530000</COAC>
    <CORS>43,530000</CORS>
    <FOGN>38,010000</FOGN>
    <FRAN>34,430000</FRAN>
    <GREC>38,010000</GREC>
    <MFTV>34,430000</MFTV>
    <PRGP>121,380000</PRGP>
    <ROSN>38,010000</ROSN>
    <SLOV>34,430000</SLOV>
    <SVIZ>34,430000</SVIZ>
    <BSP>22,920000</BSP>
  </Prezzi>
  <Prezzi>
    <Data>20140809</Data>
    <Mercato>MGP</Mercato>
    <Ora>4</Ora>
    <PUN>39,720000</PUN>
    <NAT>38,000000</NAT>
    <CNOR>36,380000</CNOR>
    <CSUD>36,380000</CSUD>
    <NORD>32,160567</NORD>
    <SARD>71,990000</SARD>
    <SICI>70,010000</SICI>
    <SUD>36,380000</SUD>
    <AUST>32,160567</AUST>
    <BRNN>36,380000</BRNN>
    <COAC>71,990000</COAC>
    <CORS>71,990000</CORS>
    <FOGN>36,380000</FOGN>
    <FRAN>32,160567</FRAN>
    <GREC>36,380000</GREC>
    <MFTV>32,160567</MFTV>
    <PRGP>70,010000</PRGP>
    <ROSN>36,380000</ROSN>
    <SLOV>32,160567</SLOV>
    <SVIZ>32,160567</SVIZ>
    <BSP>20,760000</BSP>
  </Prezzi>
  <Prezzi>
    <Data>20140809</Data>
    <Mercato>MGP</Mercato>
    <Ora>5</Ora>
    <PUN>39,807982</PUN>
    <NAT>38,990000</NAT>
    <CNOR>36,370000</CNOR>
    <CSUD>36,370000</CSUD>
    <NORD>32,750000</NORD>
    <SARD>71,990000</SARD>
    <SICI>70,010000</SICI>
    <SUD>36,370000</SUD>
    <AUST>32,750000</AUST>
    <BRNN>36,370000</BRNN>
    <COAC>71,990000</COAC>
    <CORS>71,990000</CORS>
    <FOGN>36,370000</FOGN>
    <FRAN>32,750000</FRAN>
    <GREC>36,370000</GREC>
    <MFTV>32,750000</MFTV>
    <PRGP>70,010000</PRGP>
    <ROSN>36,370000</ROSN>
    <SLOV>32,750000</SLOV>
    <SVIZ>32,750000</SVIZ>
    <BSP>20,830000</BSP>
  </Prezzi>
  <Prezzi>
    <Data>20140809</Data>
    <Mercato>MGP</Mercato>
    <Ora>6</Ora>
    <PUN>39,447317</PUN>
    <NAT>38,990000</NAT>
    <CNOR>36,370000</CNOR>
    <CSUD>36,370000</CSUD>
    <NORD>35,510000</NORD>
    <SARD>46,530000</SARD>
    <SICI>70,010000</SICI>
    <SUD>36,370000</SUD>
    <AUST>35,510000</AUST>
    <BRNN>36,370000</BRNN>
    <COAC>46,530000</COAC>
    <CORS>46,530000</CORS>
    <FOGN>36,370000</FOGN>
    <FRAN>35,510000</FRAN>
    <GREC>36,370000</GREC>
    <MFTV>35,510000</MFTV>
    <PRGP>70,010000</PRGP>
    <ROSN>36,370000</ROSN>
    <SLOV>35,510000</SLOV>
    <SVIZ>35,510000</SVIZ>
    <BSP>21,340000</BSP>
  </Prezzi>
  <Prezzi>
    <Data>20140809</Data>
    <Mercato>MGP</Mercato>
    <Ora>7</Ora>
    <PUN>41,000000</PUN>
    <NAT>41,340000</NAT>
    <CNOR>41,440000</CNOR>
    <CSUD>41,440000</CSUD>
    <NORD>35,510000</NORD>
    <SARD>43,530000</SARD>
    <SICI>70,010000</SICI>
    <SUD>41,440000</SUD>
    <AUST>35,510000</AUST>
    <BRNN>41,440000</BRNN>
    <COAC>43,530000</COAC>
    <CORS>43,530000</CORS>
    <FOGN>41,440000</FOGN>
    <FRAN>35,510000</FRAN>
    <GREC>41,440000</GREC>
    <MFTV>35,510000</MFTV>
    <PRGP>70,010000</PRGP>
    <ROSN>41,440000</ROSN>
    <SLOV>35,510000</SLOV>
    <SVIZ>35,510000</SVIZ>
    <BSP>25,220000</BSP>
  </Prezzi>
  <Prezzi>
    <Data>20140809</Data>
    <Mercato>MGP</Mercato>
    <Ora>8</Ora>
    <PUN>47,220000</PUN>
    <NAT>43,000000</NAT>
    <CNOR>44,238343</CNOR>
    <CSUD>44,238343</CSUD>
    <NORD>36,970000</NORD>
    <SARD>44,238343</SARD>
    <SICI>121,380000</SICI>
    <SUD>44,238343</SUD>
    <AUST>36,970000</AUST>
    <BRNN>44,238343</BRNN>
    <COAC>44,238343</COAC>
    <CORS>44,238343</CORS>
    <FOGN>44,238343</FOGN>
    <FRAN>36,970000</FRAN>
    <GREC>44,238343</GREC>
    <MFTV>36,970000</MFTV>
    <PRGP>121,380000</PRGP>
    <ROSN>44,238343</ROSN>
    <SLOV>36,970000</SLOV>
    <SVIZ>36,970000</SVIZ>
    <BSP>30,350000</BSP>
  </Prezzi>
  <Prezzi>
    <Data>20140809</Data>
    <Mercato>MGP</Mercato>
    <Ora>9</Ora>
    <PUN>48,828728</PUN>
    <NAT>42,380000</NAT>
    <CNOR>42,370000</CNOR>
    <CSUD>42,370000</CSUD>
    <NORD>40,260000</NORD>
    <SARD>43,530000</SARD>
    <SICI>130,010000</SICI>
    <SUD>42,370000</SUD>
    <AUST>40,260000</AUST>
    <BRNN>42,370000</BRNN>
    <COAC>43,530000</COAC>
    <CORS>43,530000</CORS>
    <FOGN>42,370000</FOGN>
    <FRAN>40,260000</FRAN>
    <GREC>42,370000</GREC>
    <MFTV>40,260000</MFTV>
    <PRGP>130,010000</PRGP>
    <ROSN>42,370000</ROSN>
    <SLOV>40,260000</SLOV>
    <SVIZ>40,260000</SVIZ>
    <BSP>32,680000</BSP>
  </Prezzi>
  <Prezzi>
    <Data>20140809</Data>
    <Mercato>MGP</Mercato>
    <Ora>10</Ora>
    <PUN>48,120672</PUN>
    <NAT>41,960000</NAT>
    <CNOR>41,960000</CNOR>
    <CSUD>41,960000</CSUD>
    <NORD>38,000000</NORD>
    <SARD>43,530000</SARD>
    <SICI>135,010000</SICI>
    <SUD>41,960000</SUD>
    <AUST>38,000000</AUST>
    <BRNN>41,960000</BRNN>
    <COAC>43,530000</COAC>
    <CORS>43,530000</CORS>
    <FOGN>41,960000</FOGN>
    <FRAN>38,000000</FRAN>
    <GREC>41,960000</GREC>
    <MFTV>38,000000</MFTV>
    <PRGP>135,010000</PRGP>
    <ROSN>41,960000</ROSN>
    <SLOV>38,000000</SLOV>
    <SVIZ>38,000000</SVIZ>
    <BSP>35,730000</BSP>
  </Prezzi>
  <Prezzi>
    <Data>20140809</Data>
    <Mercato>MGP</Mercato>
    <Ora>11</Ora>
    <PUN>45,221381</PUN>
    <NAT>40,510000</NAT>
    <CNOR>36,540000</CNOR>
    <CSUD>36,540000</CSUD>
    <NORD>36,540000</NORD>
    <SARD>36,540000</SARD>
    <SICI>135,010000</SICI>
    <SUD>36,540000</SUD>
    <AUST>36,540000</AUST>
    <BRNN>36,540000</BRNN>
    <COAC>36,540000</COAC>
    <CORS>36,540000</CORS>
    <FOGN>36,540000</FOGN>
    <FRAN>36,540000</FRAN>
    <GREC>36,540000</GREC>
    <MFTV>36,540000</MFTV>
    <PRGP>135,010000</PRGP>
    <ROSN>36,540000</ROSN>
    <SLOV>36,540000</SLOV>
    <SVIZ>36,540000</SVIZ>
    <BSP>35,040000</BSP>
  </Prezzi>
  <Prezzi>
    <Data>20140809</Data>
    <Mercato>MGP</Mercato>
    <Ora>12</Ora>
    <PUN>40,174857</PUN>
    <NAT>35,510000</NAT>
    <CNOR>31,540000</CNOR>
    <CSUD>31,540000</CSUD>
    <NORD>31,540000</NORD>
    <SARD>31,540000</SARD>
    <SICI>130,010000</SICI>
    <SUD>31,540000</SUD>
    <AUST>31,540000</AUST>
    <BRNN>31,540000</BRNN>
    <COAC>31,540000</COAC>
    <CORS>31,540000</CORS>
    <FOGN>31,540000</FOGN>
    <FRAN>31,540000</FRAN>
    <GREC>31,540000</GREC>
    <MFTV>31,540000</MFTV>
    <PRGP>130,010000</PRGP>
    <ROSN>31,540000</ROSN>
    <SLOV>31,540000</SLOV>
    <SVIZ>31,540000</SVIZ>
    <BSP>31,540000</BSP>
  </Prezzi>
  <Prezzi>
    <Data>20140809</Data>
    <Mercato>MGP</Mercato>
    <Ora>13</Ora>
    <PUN>33,897022</PUN>
    <NAT>32,030000</NAT>
    <CNOR>28,970000</CNOR>
    <CSUD>28,970000</CSUD>
    <NORD>28,970000</NORD>
    <SARD>28,970000</SARD>
    <SICI>81,990000</SICI>
    <SUD>28,970000</SUD>
    <AUST>28,970000</AUST>
    <BRNN>28,970000</BRNN>
    <COAC>28,970000</COAC>
    <CORS>28,970000</CORS>
    <FOGN>28,970000</FOGN>
    <FRAN>28,970000</FRAN>
    <GREC>28,970000</GREC>
    <MFTV>28,970000</MFTV>
    <PRGP>81,990000</PRGP>
    <ROSN>28,970000</ROSN>
    <SLOV>28,970000</SLOV>
    <SVIZ>28,970000</SVIZ>
    <BSP>28,970000</BSP>
  </Prezzi>
  <Prezzi>
    <Data>20140809</Data>
    <Mercato>MGP</Mercato>
    <Ora>14</Ora>
    <PUN>27,830000</PUN>
    <NAT>25,840000</NAT>
    <CNOR>17,591977</CNOR>
    <CSUD>17,591977</CSUD>
    <NORD>17,591977</NORD>
    <SARD>17,591977</SARD>
    <SICI>121,380000</SICI>
    <SUD>17,591977</SUD>
    <AUST>17,591977</AUST>
    <BRNN>17,591977</BRNN>
    <COAC>17,591977</COAC>
    <CORS>17,591977</CORS>
    <FOGN>17,591977</FOGN>
    <FRAN>17,591977</FRAN>
    <GREC>17,591977</GREC>
    <MFTV>17,591977</MFTV>
    <PRGP>121,380000</PRGP>
    <ROSN>17,591977</ROSN>
    <SLOV>17,591977</SLOV>
    <SVIZ>17,591977</SVIZ>
    <BSP>17,591977</BSP>
  </Prezzi>
  <Prezzi>
    <Data>20140809</Data>
    <Mercato>MGP</Mercato>
    <Ora>15</Ora>
    <PUN>25,010000</PUN>
    <NAT>25,130000</NAT>
    <CNOR>17,260000</CNOR>
    <CSUD>17,260000</CSUD>
    <NORD>17,260000</NORD>
    <SARD>17,260000</SARD>
    <SICI>96,022947</SICI>
    <SUD>17,260000</SUD>
    <AUST>17,260000</AUST>
    <BRNN>17,260000</BRNN>
    <COAC>17,260000</COAC>
    <CORS>17,260000</CORS>
    <FOGN>17,260000</FOGN>
    <FRAN>17,260000</FRAN>
    <GREC>17,260000</GREC>
    <MFTV>17,260000</MFTV>
    <PRGP>96,022947</PRGP>
    <ROSN>17,260000</ROSN>
    <SLOV>17,260000</SLOV>
    <SVIZ>17,260000</SVIZ>
    <BSP>17,260000</BSP>
  </Prezzi>
  <Prezzi>
    <Data>20140809</Data>
    <Mercato>MGP</Mercato>
    <Ora>16</Ora>
    <PUN>30,910000</PUN>
    <NAT>31,150000</NAT>
    <CNOR>21,170688</CNOR>
    <CSUD>21,170688</CSUD>
    <NORD>21,170688</NORD>
    <SARD>21,170688</SARD>
    <SICI>121,380000</SICI>
    <SUD>21,170688</SUD>
    <AUST>21,170688</AUST>
    <BRNN>21,170688</BRNN>
    <COAC>21,170688</COAC>
    <CORS>21,170688</CORS>
    <FOGN>21,170688</FOGN>
    <FRAN>21,170688</FRAN>
    <GREC>21,170688</GREC>
    <MFTV>21,170688</MFTV>
    <PRGP>121,380000</PRGP>
    <ROSN>21,170688</ROSN>
    <SLOV>21,170688</SLOV>
    <SVIZ>21,170688</SVIZ>
    <BSP>21,170688</BSP>
  </Prezzi>
  <Prezzi>
    <Data>20140809</Data>
    <Mercato>MGP</Mercato>
    <Ora>17</Ora>
    <PUN>38,405668</PUN>
    <NAT>33,270000</NAT>
    <CNOR>30,150000</CNOR>
    <CSUD>30,150000</CSUD>
    <NORD>28,960000</NORD>
    <SARD>30,150000</SARD>
    <SICI>121,380000</SICI>
    <SUD>30,150000</SUD>
    <AUST>28,960000</AUST>
    <BRNN>30,150000</BRNN>
    <COAC>30,150000</COAC>
    <CORS>30,150000</CORS>
    <FOGN>30,150000</FOGN>
    <FRAN>28,960000</FRAN>
    <GREC>30,150000</GREC>
    <MFTV>28,960000</MFTV>
    <PRGP>121,380000</PRGP>
    <ROSN>30,150000</ROSN>
    <SLOV>28,960000</SLOV>
    <SVIZ>28,960000</SVIZ>
    <BSP>28,960000</BSP>
  </Prezzi>
  <Prezzi>
    <Data>20140809</Data>
    <Mercato>MGP</Mercato>
    <Ora>18</Ora>
    <PUN>46,483902</PUN>
    <NAT>40,800000</NAT>
    <CNOR>36,430000</CNOR>
    <CSUD>36,430000</CSUD>
    <NORD>36,430000</NORD>
    <SARD>36,430000</SARD>
    <SICI>143,510000</SICI>
    <SUD>36,430000</SUD>
    <AUST>36,430000</AUST>
    <BRNN>36,430000</BRNN>
    <COAC>36,430000</COAC>
    <CORS>36,430000</CORS>
    <FOGN>36,430000</FOGN>
    <FRAN>36,430000</FRAN>
    <GREC>36,430000</GREC>
    <MFTV>36,430000</MFTV>
    <PRGP>143,510000</PRGP>
    <ROSN>36,430000</ROSN>
    <SLOV>36,430000</SLOV>
    <SVIZ>36,430000</SVIZ>
    <BSP>33,400000</BSP>
  </Prezzi>
  <Prezzi>
    <Data>20140809</Data>
    <Mercato>MGP</Mercato>
    <Ora>19</Ora>
    <PUN>51,148372</PUN>
    <NAT>45,840000</NAT>
    <CNOR>42,100000</CNOR>
    <CSUD>42,100000</CSUD>
    <NORD>40,990000</NORD>
    <SARD>43,530000</SARD>
    <SICI>146,720000</SICI>
    <SUD>42,100000</SUD>
    <AUST>40,990000</AUST>
    <BRNN>42,100000</BRNN>
    <COAC>43,530000</COAC>
    <CORS>43,530000</CORS>
    <FOGN>42,100000</FOGN>
    <FRAN>40,990000</FRAN>
    <GREC>42,100000</GREC>
    <MFTV>40,990000</MFTV>
    <PRGP>146,720000</PRGP>
    <ROSN>42,100000</ROSN>
    <SLOV>40,990000</SLOV>
    <SVIZ>40,990000</SVIZ>
    <BSP>36,110000</BSP>
  </Prezzi>
  <Prezzi>
    <Data>20140809</Data>
    <Mercato>MGP</Mercato>
    <Ora>20</Ora>
    <PUN>60,281249</PUN>
    <NAT>53,320000</NAT>
    <CNOR>56,630000</CNOR>
    <CSUD>56,630000</CSUD>
    <NORD>48,180000</NORD>
    <SARD>56,630000</SARD>
    <SICI>146,720000</SICI>
    <SUD>56,630000</SUD>
    <AUST>48,180000</AUST>
    <BRNN>56,630000</BRNN>
    <COAC>56,630000</COAC>
    <CORS>56,630000</CORS>
    <FOGN>56,630000</FOGN>
    <FRAN>48,180000</FRAN>
    <GREC>56,630000</GREC>
    <MFTV>48,180000</MFTV>
    <PRGP>146,720000</PRGP>
    <ROSN>56,630000</ROSN>
    <SLOV>48,180000</SLOV>
    <SVIZ>48,180000</SVIZ>
    <BSP>38,840000</BSP>
  </Prezzi>
  <Prezzi>
    <Data>20140809</Data>
    <Mercato>MGP</Mercato>
    <Ora>21</Ora>
    <PUN>67,618574</PUN>
    <NAT>61,960000</NAT>
    <CNOR>71,500000</CNOR>
    <CSUD>71,500000</CSUD>
    <NORD>48,590000</NORD>
    <SARD>71,500000</SARD>
    <SICI>146,720000</SICI>
    <SUD>71,500000</SUD>
    <AUST>48,590000</AUST>
    <BRNN>71,500000</BRNN>
    <COAC>71,500000</COAC>
    <CORS>71,500000</CORS>
    <FOGN>71,500000</FOGN>
    <FRAN>48,590000</FRAN>
    <GREC>71,500000</GREC>
    <MFTV>48,590000</MFTV>
    <PRGP>146,720000</PRGP>
    <ROSN>71,500000</ROSN>
    <SLOV>48,590000</SLOV>
    <SVIZ>48,590000</SVIZ>
    <BSP>41,130000</BSP>
  </Prezzi>
  <Prezzi>
    <Data>20140809</Data>
    <Mercato>MGP</Mercato>
    <Ora>22</Ora>
    <PUN>66,578570</PUN>
    <NAT>59,830000</NAT>
    <CNOR>69,000000</CNOR>
    <CSUD>69,000000</CSUD>
    <NORD>50,140000</NORD>
    <SARD>69,000000</SARD>
    <SICI>146,720000</SICI>
    <SUD>69,000000</SUD>
    <AUST>50,140000</AUST>
    <BRNN>69,000000</BRNN>
    <COAC>69,000000</COAC>
    <CORS>69,000000</CORS>
    <FOGN>69,000000</FOGN>
    <FRAN>50,140000</FRAN>
    <GREC>69,000000</GREC>
    <MFTV>50,140000</MFTV>
    <PRGP>146,720000</PRGP>
    <ROSN>69,000000</ROSN>
    <SLOV>50,140000</SLOV>
    <SVIZ>50,140000</SVIZ>
    <BSP>41,000000</BSP>
  </Prezzi>
  <Prezzi>
    <Data>20140809</Data>
    <Mercato>MGP</Mercato>
    <Ora>23</Ora>
    <PUN>57,755847</PUN>
    <NAT>50,600000</NAT>
    <CNOR>51,020000</CNOR>
    <CSUD>51,020000</CSUD>
    <NORD>43,750000</NORD>
    <SARD>71,990000</SARD>
    <SICI>146,720000</SICI>
    <SUD>51,020000</SUD>
    <AUST>43,750000</AUST>
    <BRNN>51,020000</BRNN>
    <COAC>71,990000</COAC>
    <CORS>71,990000</CORS>
    <FOGN>51,020000</FOGN>
    <FRAN>43,750000</FRAN>
    <GREC>51,020000</GREC>
    <MFTV>43,750000</MFTV>
    <PRGP>146,720000</PRGP>
    <ROSN>51,020000</ROSN>
    <SLOV>43,750000</SLOV>
    <SVIZ>43,750000</SVIZ>
    <BSP>37,070000</BSP>
  </Prezzi>
  <Prezzi>
    <Data>20140809</Data>
    <Mercato>MGP</Mercato>
    <Ora>24</Ora>
    <PUN>54,768256</PUN>
    <NAT>47,990000</NAT>
    <CNOR>46,000000</CNOR>
    <CSUD>46,000000</CSUD>
    <NORD>40,990000</NORD>
    <SARD>71,990000</SARD>
    <SICI>143,510000</SICI>
    <SUD>46,000000</SUD>
    <AUST>40,990000</AUST>
    <BRNN>46,000000</BRNN>
    <COAC>71,990000</COAC>
    <CORS>71,990000</CORS>
    <FOGN>46,000000</FOGN>
    <FRAN>40,990000</FRAN>
    <GREC>46,000000</GREC>
    <MFTV>40,990000</MFTV>
    <PRGP>143,510000</PRGP>
    <ROSN>46,000000</ROSN>
    <SLOV>40,990000</SLOV>
    <SVIZ>40,990000</SVIZ>
    <BSP>34,010000</BSP>
  </Prezzi>
</NewDataSet>