<?xml version="1.0" standalone="yes"?>
<NewDataSet>
  <xs:schema id="NewDataSet" xmlns="" xmlns:xs="http://www.w3.org/2001/XMLSchema" xmlns:msdata="urn:schemas-microsoft-com:xml-msdata">
    <xs:element name="NewDataSet" msdata:IsDataSet="true" msdata:UseCurrentLocale="true">
      <xs:complexType>
        <xs:choice minOccurs="0" maxOccurs="unbounded">
          <xs:element name="Prezzi">
            <xs:complexType>
              <xs:sequence>
                <xs:element name="Data" type="xs:string" minOccurs="0" />
                <xs:element name="Mercato" type="xs:string" minOccurs="0" />
                <xs:element name="Ora" type="xs:string" minOccurs="0" />
                <xs:element name="PUN" type="xs:string" minOccurs="0" />
                <xs:element name="NAT" type="xs:string" minOccurs="0" />
                <xs:element name="CNOR" type="xs:string" minOccurs="0" />
                <xs:element name="CSUD" type="xs:string" minOccurs="0" />
                <xs:element name="NORD" type="xs:string" minOccurs="0" />
                <xs:element name="SARD" type="xs:string" minOccurs="0" />
                <xs:element name="SICI" type="xs:string" minOccurs="0" />
                <xs:element name="SUD" type="xs:string" minOccurs="0" />
                <xs:element name="AUST" type="xs:string" minOccurs="0" />
                <xs:element name="BRNN" type="xs:string" minOccurs="0" />
                <xs:element name="COAC" type="xs:string" minOccurs="0" />
                <xs:element name="CORS" type="xs:string" minOccurs="0" />
                <xs:element name="FOGN" type="xs:string" minOccurs="0" />
                <xs:element name="FRAN" type="xs:string" minOccurs="0" />
                <xs:element name="GREC" type="xs:string" minOccurs="0" />
                <xs:element name="MFTV" type="xs:string" minOccurs="0" />
                <xs:element name="PRGP" type="xs:string" minOccurs="0" />
                <xs:element name="ROSN" type="xs:string" minOccurs="0" />
                <xs:element name="SLOV" type="xs:string" minOccurs="0" />
                <xs:element name="SVIZ" type="xs:string" minOccurs="0" />
                <xs:element name="BSP" type="xs:string" minOccurs="0" />
              </xs:sequence>
            </xs:complexType>
          </xs:element>
        </xs:choice>
      </xs:complexType>
    </xs:element>
  </xs:schema>
  <Prezzi>
    <Data>20140821</Data>
    <Mercato>MGP</Mercato>
    <Ora>1</Ora>
    <PUN>46,108266</PUN>
    <NAT>42,000000</NAT>
    <CNOR>38,850000</CNOR>
    <CSUD>38,850000</CSUD>
    <NORD>38,850000</NORD>
    <SARD>85,000000</SARD>
    <SICI>90,010000</SICI>
    <SUD>38,850000</SUD>
    <AUST>38,850000</AUST>
    <BRNN>38,850000</BRNN>
    <COAC>85,000000</COAC>
    <CORS>85,000000</CORS>
    <FOGN>38,850000</FOGN>
    <FRAN>38,850000</FRAN>
    <GREC>38,850000</GREC>
    <MFTV>38,850000</MFTV>
    <PRGP>90,010000</PRGP>
    <ROSN>38,850000</ROSN>
    <SLOV>38,850000</SLOV>
    <SVIZ>38,850000</SVIZ>
    <BSP>34,070000</BSP>
  </Prezzi>
  <Prezzi>
    <Data>20140821</Data>
    <Mercato>MGP</Mercato>
    <Ora>2</Ora>
    <PUN>41,598503</PUN>
    <NAT>38,850000</NAT>
    <CNOR>37,770000</CNOR>
    <CSUD>37,770000</CSUD>
    <NORD>37,770000</NORD>
    <SARD>37,770000</SARD>
    <SICI>80,010000</SICI>
    <SUD>37,770000</SUD>
    <AUST>37,770000</AUST>
    <BRNN>37,770000</BRNN>
    <COAC>37,770000</COAC>
    <CORS>37,770000</CORS>
    <FOGN>37,770000</FOGN>
    <FRAN>37,770000</FRAN>
    <GREC>37,770000</GREC>
    <MFTV>37,770000</MFTV>
    <PRGP>80,010000</PRGP>
    <ROSN>37,770000</ROSN>
    <SLOV>37,770000</SLOV>
    <SVIZ>37,770000</SVIZ>
    <BSP>28,500000</BSP>
  </Prezzi>
  <Prezzi>
    <Data>20140821</Data>
    <Mercato>MGP</Mercato>
    <Ora>3</Ora>
    <PUN>39,470000</PUN>
    <NAT>37,640000</NAT>
    <CNOR>36,512065</CNOR>
    <CSUD>36,512065</CSUD>
    <NORD>36,512065</NORD>
    <SARD>36,512065</SARD>
    <SICI>70,000000</SICI>
    <SUD>36,512065</SUD>
    <AUST>36,512065</AUST>
    <BRNN>36,512065</BRNN>
    <COAC>36,512065</COAC>
    <CORS>36,512065</CORS>
    <FOGN>36,512065</FOGN>
    <FRAN>36,512065</FRAN>
    <GREC>36,512065</GREC>
    <MFTV>36,512065</MFTV>
    <PRGP>70,000000</PRGP>
    <ROSN>36,512065</ROSN>
    <SLOV>36,512065</SLOV>
    <SVIZ>36,512065</SVIZ>
    <BSP>25,900000</BSP>
  </Prezzi>
  <Prezzi>
    <Data>20140821</Data>
    <Mercato>MGP</Mercato>
    <Ora>4</Ora>
    <PUN>36,320000</PUN>
    <NAT>36,000000</NAT>
    <CNOR>33,198429</CNOR>
    <CSUD>33,198429</CSUD>
    <NORD>33,198429</NORD>
    <SARD>33,198429</SARD>
    <SICI>70,000000</SICI>
    <SUD>33,198429</SUD>
    <AUST>33,198429</AUST>
    <BRNN>33,198429</BRNN>
    <COAC>33,198429</COAC>
    <CORS>33,198429</CORS>
    <FOGN>33,198429</FOGN>
    <FRAN>33,198429</FRAN>
    <GREC>33,198429</GREC>
    <MFTV>33,198429</MFTV>
    <PRGP>70,000000</PRGP>
    <ROSN>33,198429</ROSN>
    <SLOV>33,198429</SLOV>
    <SVIZ>33,198429</SVIZ>
    <BSP>24,700000</BSP>
  </Prezzi>
  <Prezzi>
    <Data>20140821</Data>
    <Mercato>MGP</Mercato>
    <Ora>5</Ora>
    <PUN>35,960000</PUN>
    <NAT>35,700000</NAT>
    <CNOR>32,787780</CNOR>
    <CSUD>32,787780</CSUD>
    <NORD>32,787780</NORD>
    <SARD>32,787780</SARD>
    <SICI>70,000000</SICI>
    <SUD>32,787780</SUD>
    <AUST>32,787780</AUST>
    <BRNN>32,787780</BRNN>
    <COAC>32,787780</COAC>
    <CORS>32,787780</CORS>
    <FOGN>32,787780</FOGN>
    <FRAN>32,787780</FRAN>
    <GREC>32,787780</GREC>
    <MFTV>32,787780</MFTV>
    <PRGP>70,000000</PRGP>
    <ROSN>32,787780</ROSN>
    <SLOV>32,787780</SLOV>
    <SVIZ>32,787780</SVIZ>
    <BSP>26,200000</BSP>
  </Prezzi>
  <Prezzi>
    <Data>20140821</Data>
    <Mercato>MGP</Mercato>
    <Ora>6</Ora>
    <PUN>40,405954</PUN>
    <NAT>38,470000</NAT>
    <CNOR>37,620000</CNOR>
    <CSUD>37,620000</CSUD>
    <NORD>37,620000</NORD>
    <SARD>37,620000</SARD>
    <SICI>70,000000</SICI>
    <SUD>37,620000</SUD>
    <AUST>37,620000</AUST>
    <BRNN>37,620000</BRNN>
    <COAC>37,620000</COAC>
    <CORS>37,620000</CORS>
    <FOGN>37,620000</FOGN>
    <FRAN>37,620000</FRAN>
    <GREC>37,620000</GREC>
    <MFTV>37,620000</MFTV>
    <PRGP>70,000000</PRGP>
    <ROSN>37,620000</ROSN>
    <SLOV>37,620000</SLOV>
    <SVIZ>37,620000</SVIZ>
    <BSP>30,930000</BSP>
  </Prezzi>
  <Prezzi>
    <Data>20140821</Data>
    <Mercato>MGP</Mercato>
    <Ora>7</Ora>
    <PUN>41,273782</PUN>
    <NAT>39,000000</NAT>
    <CNOR>38,750000</CNOR>
    <CSUD>38,750000</CSUD>
    <NORD>38,750000</NORD>
    <SARD>38,750000</SARD>
    <SICI>70,010000</SICI>
    <SUD>38,750000</SUD>
    <AUST>38,750000</AUST>
    <BRNN>38,750000</BRNN>
    <COAC>38,750000</COAC>
    <CORS>38,750000</CORS>
    <FOGN>38,750000</FOGN>
    <FRAN>38,750000</FRAN>
    <GREC>38,750000</GREC>
    <MFTV>38,750000</MFTV>
    <PRGP>70,010000</PRGP>
    <ROSN>38,750000</ROSN>
    <SLOV>38,750000</SLOV>
    <SVIZ>38,750000</SVIZ>
    <BSP>38,020000</BSP>
  </Prezzi>
  <Prezzi>
    <Data>20140821</Data>
    <Mercato>MGP</Mercato>
    <Ora>8</Ora>
    <PUN>45,131767</PUN>
    <NAT>41,600000</NAT>
    <CNOR>40,850000</CNOR>
    <CSUD>40,850000</CSUD>
    <NORD>40,850000</NORD>
    <SARD>40,850000</SARD>
    <SICI>95,020000</SICI>
    <SUD>40,850000</SUD>
    <AUST>40,850000</AUST>
    <BRNN>40,850000</BRNN>
    <COAC>40,850000</COAC>
    <CORS>40,850000</CORS>
    <FOGN>40,850000</FOGN>
    <FRAN>40,850000</FRAN>
    <GREC>40,850000</GREC>
    <MFTV>40,850000</MFTV>
    <PRGP>95,020000</PRGP>
    <ROSN>40,850000</ROSN>
    <SLOV>40,850000</SLOV>
    <SVIZ>40,850000</SVIZ>
    <BSP>40,850000</BSP>
  </Prezzi>
  <Prezzi>
    <Data>20140821</Data>
    <Mercato>MGP</Mercato>
    <Ora>9</Ora>
    <PUN>49,713610</PUN>
    <NAT>45,010000</NAT>
    <CNOR>43,530000</CNOR>
    <CSUD>43,530000</CSUD>
    <NORD>43,530000</NORD>
    <SARD>43,530000</SARD>
    <SICI>130,000000</SICI>
    <SUD>40,880000</SUD>
    <AUST>43,530000</AUST>
    <BRNN>40,880000</BRNN>
    <COAC>43,530000</COAC>
    <CORS>43,530000</CORS>
    <FOGN>40,880000</FOGN>
    <FRAN>43,530000</FRAN>
    <GREC>40,880000</GREC>
    <MFTV>43,530000</MFTV>
    <PRGP>130,000000</PRGP>
    <ROSN>40,880000</ROSN>
    <SLOV>43,530000</SLOV>
    <SVIZ>43,530000</SVIZ>
    <BSP>43,620000</BSP>
  </Prezzi>
  <Prezzi>
    <Data>20140821</Data>
    <Mercato>MGP</Mercato>
    <Ora>10</Ora>
    <PUN>49,010000</PUN>
    <NAT>43,600000</NAT>
    <CNOR>41,986283</CNOR>
    <CSUD>41,986283</CSUD>
    <NORD>41,986283</NORD>
    <SARD>41,986283</SARD>
    <SICI>135,010000</SICI>
    <SUD>40,000000</SUD>
    <AUST>41,986283</AUST>
    <BRNN>40,000000</BRNN>
    <COAC>41,986283</COAC>
    <CORS>41,986283</CORS>
    <FOGN>40,000000</FOGN>
    <FRAN>41,986283</FRAN>
    <GREC>40,000000</GREC>
    <MFTV>41,986283</MFTV>
    <PRGP>135,010000</PRGP>
    <ROSN>40,000000</ROSN>
    <SLOV>41,986283</SLOV>
    <SVIZ>41,986283</SVIZ>
    <BSP>41,986283</BSP>
  </Prezzi>
  <Prezzi>
    <Data>20140821</Data>
    <Mercato>MGP</Mercato>
    <Ora>11</Ora>
    <PUN>47,450202</PUN>
    <NAT>40,990000</NAT>
    <CNOR>40,500000</CNOR>
    <CSUD>40,500000</CSUD>
    <NORD>40,500000</NORD>
    <SARD>40,500000</SARD>
    <SICI>135,000000</SICI>
    <SUD>36,850000</SUD>
    <AUST>40,500000</AUST>
    <BRNN>36,850000</BRNN>
    <COAC>40,500000</COAC>
    <CORS>40,500000</CORS>
    <FOGN>36,850000</FOGN>
    <FRAN>40,500000</FRAN>
    <GREC>36,850000</GREC>
    <MFTV>40,500000</MFTV>
    <PRGP>135,000000</PRGP>
    <ROSN>36,850000</ROSN>
    <SLOV>40,500000</SLOV>
    <SVIZ>40,500000</SVIZ>
    <BSP>40,500000</BSP>
  </Prezzi>
  <Prezzi>
    <Data>20140821</Data>
    <Mercato>MGP</Mercato>
    <Ora>12</Ora>
    <PUN>45,253116</PUN>
    <NAT>38,750000</NAT>
    <CNOR>38,400000</CNOR>
    <CSUD>38,400000</CSUD>
    <NORD>38,400000</NORD>
    <SARD>38,400000</SARD>
    <SICI>130,000000</SICI>
    <SUD>36,470000</SUD>
    <AUST>38,400000</AUST>
    <BRNN>36,470000</BRNN>
    <COAC>38,400000</COAC>
    <CORS>38,400000</CORS>
    <FOGN>36,470000</FOGN>
    <FRAN>38,400000</FRAN>
    <GREC>36,470000</GREC>
    <MFTV>38,400000</MFTV>
    <PRGP>130,000000</PRGP>
    <ROSN>36,470000</ROSN>
    <SLOV>38,400000</SLOV>
    <SVIZ>38,400000</SVIZ>
    <BSP>38,400000</BSP>
  </Prezzi>
  <Prezzi>
    <Data>20140821</Data>
    <Mercato>MGP</Mercato>
    <Ora>13</Ora>
    <PUN>40,900000</PUN>
    <NAT>37,990000</NAT>
    <CNOR>37,359012</CNOR>
    <CSUD>37,359012</CSUD>
    <NORD>37,359012</NORD>
    <SARD>37,359012</SARD>
    <SICI>81,020000</SICI>
    <SUD>36,470000</SUD>
    <AUST>37,359012</AUST>
    <BRNN>36,470000</BRNN>
    <COAC>37,359012</COAC>
    <CORS>37,359012</CORS>
    <FOGN>36,470000</FOGN>
    <FRAN>37,359012</FRAN>
    <GREC>36,470000</GREC>
    <MFTV>37,359012</MFTV>
    <PRGP>81,020000</PRGP>
    <ROSN>36,470000</ROSN>
    <SLOV>37,359012</SLOV>
    <SVIZ>37,359012</SVIZ>
    <BSP>37,800000</BSP>
  </Prezzi>
  <Prezzi>
    <Data>20140821</Data>
    <Mercato>MGP</Mercato>
    <Ora>14</Ora>
    <PUN>39,008556</PUN>
    <NAT>37,660000</NAT>
    <CNOR>35,310000</CNOR>
    <CSUD>35,310000</CSUD>
    <NORD>35,310000</NORD>
    <SARD>35,310000</SARD>
    <SICI>81,010000</SICI>
    <SUD>35,000000</SUD>
    <AUST>35,310000</AUST>
    <BRNN>35,000000</BRNN>
    <COAC>35,310000</COAC>
    <CORS>35,310000</CORS>
    <FOGN>35,000000</FOGN>
    <FRAN>35,310000</FRAN>
    <GREC>35,000000</GREC>
    <MFTV>35,310000</MFTV>
    <PRGP>81,010000</PRGP>
    <ROSN>35,000000</ROSN>
    <SLOV>35,310000</SLOV>
    <SVIZ>35,310000</SVIZ>
    <BSP>35,310000</BSP>
  </Prezzi>
  <Prezzi>
    <Data>20140821</Data>
    <Mercato>MGP</Mercato>
    <Ora>15</Ora>
    <PUN>41,000000</PUN>
    <NAT>37,880000</NAT>
    <CNOR>37,900000</CNOR>
    <CSUD>37,096976</CSUD>
    <NORD>37,900000</NORD>
    <SARD>37,096976</SARD>
    <SICI>81,010000</SICI>
    <SUD>36,080000</SUD>
    <AUST>37,900000</AUST>
    <BRNN>36,080000</BRNN>
    <COAC>37,096976</COAC>
    <CORS>37,096976</CORS>
    <FOGN>36,080000</FOGN>
    <FRAN>37,900000</FRAN>
    <GREC>36,080000</GREC>
    <MFTV>37,900000</MFTV>
    <PRGP>81,010000</PRGP>
    <ROSN>36,080000</ROSN>
    <SLOV>37,900000</SLOV>
    <SVIZ>37,900000</SVIZ>
    <BSP>37,900000</BSP>
  </Prezzi>
  <Prezzi>
    <Data>20140821</Data>
    <Mercato>MGP</Mercato>
    <Ora>16</Ora>
    <PUN>42,326050</PUN>
    <NAT>39,110000</NAT>
    <CNOR>39,250000</CNOR>
    <CSUD>39,250000</CSUD>
    <NORD>39,250000</NORD>
    <SARD>39,250000</SARD>
    <SICI>81,010000</SICI>
    <SUD>37,470000</SUD>
    <AUST>39,250000</AUST>
    <BRNN>37,470000</BRNN>
    <COAC>39,250000</COAC>
    <CORS>39,250000</CORS>
    <FOGN>37,470000</FOGN>
    <FRAN>39,250000</FRAN>
    <GREC>37,470000</GREC>
    <MFTV>39,250000</MFTV>
    <PRGP>81,010000</PRGP>
    <ROSN>37,470000</ROSN>
    <SLOV>39,250000</SLOV>
    <SVIZ>39,250000</SVIZ>
    <BSP>39,250000</BSP>
  </Prezzi>
  <Prezzi>
    <Data>20140821</Data>
    <Mercato>MGP</Mercato>
    <Ora>17</Ora>
    <PUN>43,292944</PUN>
    <NAT>40,010000</NAT>
    <CNOR>39,000000</CNOR>
    <CSUD>38,850000</CSUD>
    <NORD>39,000000</NORD>
    <SARD>38,850000</SARD>
    <SICI>95,020000</SICI>
    <SUD>38,850000</SUD>
    <AUST>39,000000</AUST>
    <BRNN>38,850000</BRNN>
    <COAC>38,850000</COAC>
    <CORS>38,850000</CORS>
    <FOGN>38,850000</FOGN>
    <FRAN>39,000000</FRAN>
    <GREC>38,850000</GREC>
    <MFTV>39,000000</MFTV>
    <PRGP>95,020000</PRGP>
    <ROSN>38,850000</ROSN>
    <SLOV>39,000000</SLOV>
    <SVIZ>39,000000</SVIZ>
    <BSP>39,000000</BSP>
  </Prezzi>
  <Prezzi>
    <Data>20140821</Data>
    <Mercato>MGP</Mercato>
    <Ora>18</Ora>
    <PUN>45,123037</PUN>
    <NAT>43,100000</NAT>
    <CNOR>40,850000</CNOR>
    <CSUD>40,850000</CSUD>
    <NORD>40,850000</NORD>
    <SARD>40,850000</SARD>
    <SICI>95,020000</SICI>
    <SUD>40,850000</SUD>
    <AUST>40,850000</AUST>
    <BRNN>40,850000</BRNN>
    <COAC>40,850000</COAC>
    <CORS>40,850000</CORS>
    <FOGN>40,850000</FOGN>
    <FRAN>40,850000</FRAN>
    <GREC>40,850000</GREC>
    <MFTV>40,850000</MFTV>
    <PRGP>95,020000</PRGP>
    <ROSN>40,850000</ROSN>
    <SLOV>40,850000</SLOV>
    <SVIZ>40,850000</SVIZ>
    <BSP>40,850000</BSP>
  </Prezzi>
  <Prezzi>
    <Data>20140821</Data>
    <Mercato>MGP</Mercato>
    <Ora>19</Ora>
    <PUN>48,434880</PUN>
    <NAT>47,700000</NAT>
    <CNOR>44,010000</CNOR>
    <CSUD>44,010000</CSUD>
    <NORD>44,010000</NORD>
    <SARD>44,010000</SARD>
    <SICI>100,020000</SICI>
    <SUD>44,010000</SUD>
    <AUST>44,010000</AUST>
    <BRNN>44,010000</BRNN>
    <COAC>44,010000</COAC>
    <CORS>44,010000</CORS>
    <FOGN>44,010000</FOGN>
    <FRAN>44,010000</FRAN>
    <GREC>44,010000</GREC>
    <MFTV>44,010000</MFTV>
    <PRGP>100,020000</PRGP>
    <ROSN>44,010000</ROSN>
    <SLOV>44,010000</SLOV>
    <SVIZ>44,010000</SVIZ>
    <BSP>44,010000</BSP>
  </Prezzi>
  <Prezzi>
    <Data>20140821</Data>
    <Mercato>MGP</Mercato>
    <Ora>20</Ora>
    <PUN>53,753636</PUN>
    <NAT>49,550000</NAT>
    <CNOR>47,600000</CNOR>
    <CSUD>47,600000</CSUD>
    <NORD>47,600000</NORD>
    <SARD>47,600000</SARD>
    <SICI>125,020000</SICI>
    <SUD>47,600000</SUD>
    <AUST>47,600000</AUST>
    <BRNN>47,600000</BRNN>
    <COAC>47,600000</COAC>
    <CORS>47,600000</CORS>
    <FOGN>47,600000</FOGN>
    <FRAN>47,600000</FRAN>
    <GREC>47,600000</GREC>
    <MFTV>47,600000</MFTV>
    <PRGP>125,020000</PRGP>
    <ROSN>47,600000</ROSN>
    <SLOV>47,600000</SLOV>
    <SVIZ>47,600000</SVIZ>
    <BSP>47,600000</BSP>
  </Prezzi>
  <Prezzi>
    <Data>20140821</Data>
    <Mercato>MGP</Mercato>
    <Ora>21</Ora>
    <PUN>66,091742</PUN>
    <NAT>65,220000</NAT>
    <CNOR>59,990000</CNOR>
    <CSUD>59,990000</CSUD>
    <NORD>59,990000</NORD>
    <SARD>59,990000</SARD>
    <SICI>135,020000</SICI>
    <SUD>59,990000</SUD>
    <AUST>59,990000</AUST>
    <BRNN>59,990000</BRNN>
    <COAC>59,990000</COAC>
    <CORS>59,990000</CORS>
    <FOGN>59,990000</FOGN>
    <FRAN>59,990000</FRAN>
    <GREC>59,990000</GREC>
    <MFTV>59,990000</MFTV>
    <PRGP>135,020000</PRGP>
    <ROSN>59,990000</ROSN>
    <SLOV>59,990000</SLOV>
    <SVIZ>59,990000</SVIZ>
    <BSP>55,830000</BSP>
  </Prezzi>
  <Prezzi>
    <Data>20140821</Data>
    <Mercato>MGP</Mercato>
    <Ora>22</Ora>
    <PUN>57,534326</PUN>
    <NAT>54,000000</NAT>
    <CNOR>50,990000</CNOR>
    <CSUD>50,990000</CSUD>
    <NORD>50,990000</NORD>
    <SARD>50,990000</SARD>
    <SICI>135,020000</SICI>
    <SUD>50,990000</SUD>
    <AUST>50,990000</AUST>
    <BRNN>50,990000</BRNN>
    <COAC>50,990000</COAC>
    <CORS>50,990000</CORS>
    <FOGN>50,990000</FOGN>
    <FRAN>50,990000</FRAN>
    <GREC>50,990000</GREC>
    <MFTV>50,990000</MFTV>
    <PRGP>135,020000</PRGP>
    <ROSN>50,990000</ROSN>
    <SLOV>50,990000</SLOV>
    <SVIZ>50,990000</SVIZ>
    <BSP>50,190000</BSP>
  </Prezzi>
  <Prezzi>
    <Data>20140821</Data>
    <Mercato>MGP</Mercato>
    <Ora>23</Ora>
    <PUN>51,027271</PUN>
    <NAT>47,040000</NAT>
    <CNOR>45,990000</CNOR>
    <CSUD>45,990000</CSUD>
    <NORD>45,990000</NORD>
    <SARD>45,990000</SARD>
    <SICI>105,020000</SICI>
    <SUD>45,990000</SUD>
    <AUST>45,990000</AUST>
    <BRNN>45,990000</BRNN>
    <COAC>45,990000</COAC>
    <CORS>45,990000</CORS>
    <FOGN>45,990000</FOGN>
    <FRAN>45,990000</FRAN>
    <GREC>45,990000</GREC>
    <MFTV>45,990000</MFTV>
    <PRGP>105,020000</PRGP>
    <ROSN>45,990000</ROSN>
    <SLOV>45,990000</SLOV>
    <SVIZ>45,990000</SVIZ>
    <BSP>45,990000</BSP>
  </Prezzi>
  <Prezzi>
    <Data>20140821</Data>
    <Mercato>MGP</Mercato>
    <Ora>24</Ora>
    <PUN>45,738366</PUN>
    <NAT>45,000000</NAT>
    <CNOR>40,990000</CNOR>
    <CSUD>40,990000</CSUD>
    <NORD>40,990000</NORD>
    <SARD>43,530000</SARD>
    <SICI>95,020000</SICI>
    <SUD>40,990000</SUD>
    <AUST>40,990000</AUST>
    <BRNN>40,990000</BRNN>
    <COAC>43,530000</COAC>
    <CORS>43,530000</CORS>
    <FOGN>40,990000</FOGN>
    <FRAN>40,990000</FRAN>
    <GREC>40,990000</GREC>
    <MFTV>40,990000</MFTV>
    <PRGP>95,020000</PRGP>
    <ROSN>40,990000</ROSN>
    <SLOV>40,990000</SLOV>
    <SVIZ>40,990000</SVIZ>
    <BSP>40,000000</BSP>
  </Prezzi>
</NewDataSet>