<?xml version="1.0" standalone="yes"?>
<NewDataSet>
  <xs:schema id="NewDataSet" xmlns="" xmlns:xs="http://www.w3.org/2001/XMLSchema" xmlns:msdata="urn:schemas-microsoft-com:xml-msdata">
    <xs:element name="NewDataSet" msdata:IsDataSet="true" msdata:UseCurrentLocale="true">
      <xs:complexType>
        <xs:choice minOccurs="0" maxOccurs="unbounded">
          <xs:element name="Prezzi">
            <xs:complexType>
              <xs:sequence>
                <xs:element name="Data" type="xs:string" minOccurs="0" />
                <xs:element name="Mercato" type="xs:string" minOccurs="0" />
                <xs:element name="Ora" type="xs:string" minOccurs="0" />
                <xs:element name="PUN" type="xs:string" minOccurs="0" />
                <xs:element name="NAT" type="xs:string" minOccurs="0" />
                <xs:element name="CNOR" type="xs:string" minOccurs="0" />
                <xs:element name="CSUD" type="xs:string" minOccurs="0" />
                <xs:element name="NORD" type="xs:string" minOccurs="0" />
                <xs:element name="SARD" type="xs:string" minOccurs="0" />
                <xs:element name="SICI" type="xs:string" minOccurs="0" />
                <xs:element name="SUD" type="xs:string" minOccurs="0" />
                <xs:element name="AUST" type="xs:string" minOccurs="0" />
                <xs:element name="BRNN" type="xs:string" minOccurs="0" />
                <xs:element name="COAC" type="xs:string" minOccurs="0" />
                <xs:element name="CORS" type="xs:string" minOccurs="0" />
                <xs:element name="FOGN" type="xs:string" minOccurs="0" />
                <xs:element name="FRAN" type="xs:string" minOccurs="0" />
                <xs:element name="GREC" type="xs:string" minOccurs="0" />
                <xs:element name="MFTV" type="xs:string" minOccurs="0" />
                <xs:element name="PRGP" type="xs:string" minOccurs="0" />
                <xs:element name="ROSN" type="xs:string" minOccurs="0" />
                <xs:element name="SLOV" type="xs:string" minOccurs="0" />
                <xs:element name="SVIZ" type="xs:string" minOccurs="0" />
                <xs:element name="BSP" type="xs:string" minOccurs="0" />
              </xs:sequence>
            </xs:complexType>
          </xs:element>
        </xs:choice>
      </xs:complexType>
    </xs:element>
  </xs:schema>
  <Prezzi>
    <Data>20140816</Data>
    <Mercato>MGP</Mercato>
    <Ora>1</Ora>
    <PUN>49,425760</PUN>
    <NAT>46,370000</NAT>
    <CNOR>48,060000</CNOR>
    <CSUD>48,060000</CSUD>
    <NORD>42,000000</NORD>
    <SARD>48,060000</SARD>
    <SICI>90,040000</SICI>
    <SUD>48,060000</SUD>
    <AUST>42,000000</AUST>
    <BRNN>48,060000</BRNN>
    <COAC>48,060000</COAC>
    <CORS>48,060000</CORS>
    <FOGN>48,060000</FOGN>
    <FRAN>42,000000</FRAN>
    <GREC>48,060000</GREC>
    <MFTV>42,000000</MFTV>
    <PRGP>90,040000</PRGP>
    <ROSN>48,060000</ROSN>
    <SLOV>42,000000</SLOV>
    <SVIZ>42,000000</SVIZ>
    <BSP>27,000000</BSP>
  </Prezzi>
  <Prezzi>
    <Data>20140816</Data>
    <Mercato>MGP</Mercato>
    <Ora>2</Ora>
    <PUN>46,085080</PUN>
    <NAT>42,060000</NAT>
    <CNOR>43,200000</CNOR>
    <CSUD>43,200000</CSUD>
    <NORD>41,400000</NORD>
    <SARD>43,200000</SARD>
    <SICI>80,040000</SICI>
    <SUD>43,200000</SUD>
    <AUST>41,400000</AUST>
    <BRNN>43,200000</BRNN>
    <COAC>43,200000</COAC>
    <CORS>43,200000</CORS>
    <FOGN>43,200000</FOGN>
    <FRAN>41,400000</FRAN>
    <GREC>43,200000</GREC>
    <MFTV>41,400000</MFTV>
    <PRGP>80,040000</PRGP>
    <ROSN>43,200000</ROSN>
    <SLOV>41,400000</SLOV>
    <SVIZ>41,400000</SVIZ>
    <BSP>21,300000</BSP>
  </Prezzi>
  <Prezzi>
    <Data>20140816</Data>
    <Mercato>MGP</Mercato>
    <Ora>3</Ora>
    <PUN>44,531117</PUN>
    <NAT>41,400000</NAT>
    <CNOR>42,860000</CNOR>
    <CSUD>42,860000</CSUD>
    <NORD>40,570000</NORD>
    <SARD>42,860000</SARD>
    <SICI>70,030000</SICI>
    <SUD>42,860000</SUD>
    <AUST>40,570000</AUST>
    <BRNN>42,860000</BRNN>
    <COAC>42,860000</COAC>
    <CORS>42,860000</CORS>
    <FOGN>42,860000</FOGN>
    <FRAN>40,570000</FRAN>
    <GREC>42,860000</GREC>
    <MFTV>40,570000</MFTV>
    <PRGP>70,030000</PRGP>
    <ROSN>42,860000</ROSN>
    <SLOV>40,570000</SLOV>
    <SVIZ>40,570000</SVIZ>
    <BSP>18,910000</BSP>
  </Prezzi>
  <Prezzi>
    <Data>20140816</Data>
    <Mercato>MGP</Mercato>
    <Ora>4</Ora>
    <PUN>42,894837</PUN>
    <NAT>40,550000</NAT>
    <CNOR>40,000000</CNOR>
    <CSUD>40,000000</CSUD>
    <NORD>39,930000</NORD>
    <SARD>40,000000</SARD>
    <SICI>70,020000</SICI>
    <SUD>40,000000</SUD>
    <AUST>39,930000</AUST>
    <BRNN>40,000000</BRNN>
    <COAC>40,000000</COAC>
    <CORS>40,000000</CORS>
    <FOGN>40,000000</FOGN>
    <FRAN>39,930000</FRAN>
    <GREC>40,000000</GREC>
    <MFTV>39,930000</MFTV>
    <PRGP>70,020000</PRGP>
    <ROSN>40,000000</ROSN>
    <SLOV>39,930000</SLOV>
    <SVIZ>39,930000</SVIZ>
    <BSP>17,500000</BSP>
  </Prezzi>
  <Prezzi>
    <Data>20140816</Data>
    <Mercato>MGP</Mercato>
    <Ora>5</Ora>
    <PUN>43,175397</PUN>
    <NAT>41,400000</NAT>
    <CNOR>40,320000</CNOR>
    <CSUD>40,320000</CSUD>
    <NORD>40,320000</NORD>
    <SARD>40,320000</SARD>
    <SICI>70,020000</SICI>
    <SUD>40,320000</SUD>
    <AUST>40,320000</AUST>
    <BRNN>40,320000</BRNN>
    <COAC>40,320000</COAC>
    <CORS>40,320000</CORS>
    <FOGN>40,320000</FOGN>
    <FRAN>40,320000</FRAN>
    <GREC>40,320000</GREC>
    <MFTV>40,320000</MFTV>
    <PRGP>70,020000</PRGP>
    <ROSN>40,320000</ROSN>
    <SLOV>40,320000</SLOV>
    <SVIZ>40,320000</SVIZ>
    <BSP>17,050000</BSP>
  </Prezzi>
  <Prezzi>
    <Data>20140816</Data>
    <Mercato>MGP</Mercato>
    <Ora>6</Ora>
    <PUN>44,998958</PUN>
    <NAT>42,000000</NAT>
    <CNOR>43,450000</CNOR>
    <CSUD>43,450000</CSUD>
    <NORD>41,400000</NORD>
    <SARD>43,450000</SARD>
    <SICI>70,020000</SICI>
    <SUD>43,450000</SUD>
    <AUST>41,400000</AUST>
    <BRNN>43,450000</BRNN>
    <COAC>43,450000</COAC>
    <CORS>43,450000</CORS>
    <FOGN>43,450000</FOGN>
    <FRAN>41,400000</FRAN>
    <GREC>43,450000</GREC>
    <MFTV>41,400000</MFTV>
    <PRGP>70,020000</PRGP>
    <ROSN>43,450000</ROSN>
    <SLOV>41,400000</SLOV>
    <SVIZ>41,400000</SVIZ>
    <BSP>17,400000</BSP>
  </Prezzi>
  <Prezzi>
    <Data>20140816</Data>
    <Mercato>MGP</Mercato>
    <Ora>7</Ora>
    <PUN>46,305882</PUN>
    <NAT>42,020000</NAT>
    <CNOR>46,460000</CNOR>
    <CSUD>46,460000</CSUD>
    <NORD>41,400000</NORD>
    <SARD>46,460000</SARD>
    <SICI>70,030000</SICI>
    <SUD>46,460000</SUD>
    <AUST>41,400000</AUST>
    <BRNN>46,460000</BRNN>
    <COAC>46,460000</COAC>
    <CORS>46,460000</CORS>
    <FOGN>46,460000</FOGN>
    <FRAN>41,400000</FRAN>
    <GREC>46,460000</GREC>
    <MFTV>41,400000</MFTV>
    <PRGP>70,030000</PRGP>
    <ROSN>46,460000</ROSN>
    <SLOV>41,400000</SLOV>
    <SVIZ>41,400000</SVIZ>
    <BSP>21,830000</BSP>
  </Prezzi>
  <Prezzi>
    <Data>20140816</Data>
    <Mercato>MGP</Mercato>
    <Ora>8</Ora>
    <PUN>47,547269</PUN>
    <NAT>42,990000</NAT>
    <CNOR>45,880000</CNOR>
    <CSUD>45,880000</CSUD>
    <NORD>40,000000</NORD>
    <SARD>45,880000</SARD>
    <SICI>95,040000</SICI>
    <SUD>45,880000</SUD>
    <AUST>40,000000</AUST>
    <BRNN>45,880000</BRNN>
    <COAC>45,880000</COAC>
    <CORS>45,880000</CORS>
    <FOGN>45,880000</FOGN>
    <FRAN>40,000000</FRAN>
    <GREC>45,880000</GREC>
    <MFTV>40,000000</MFTV>
    <PRGP>95,040000</PRGP>
    <ROSN>45,880000</ROSN>
    <SLOV>40,000000</SLOV>
    <SVIZ>40,000000</SVIZ>
    <BSP>31,750000</BSP>
  </Prezzi>
  <Prezzi>
    <Data>20140816</Data>
    <Mercato>MGP</Mercato>
    <Ora>9</Ora>
    <PUN>49,774613</PUN>
    <NAT>43,530000</NAT>
    <CNOR>43,530000</CNOR>
    <CSUD>43,530000</CSUD>
    <NORD>42,010000</NORD>
    <SARD>43,530000</SARD>
    <SICI>122,350000</SICI>
    <SUD>43,530000</SUD>
    <AUST>42,010000</AUST>
    <BRNN>43,530000</BRNN>
    <COAC>43,530000</COAC>
    <CORS>43,530000</CORS>
    <FOGN>43,530000</FOGN>
    <FRAN>42,010000</FRAN>
    <GREC>43,530000</GREC>
    <MFTV>42,010000</MFTV>
    <PRGP>122,350000</PRGP>
    <ROSN>43,530000</ROSN>
    <SLOV>42,010000</SLOV>
    <SVIZ>42,010000</SVIZ>
    <BSP>39,220000</BSP>
  </Prezzi>
  <Prezzi>
    <Data>20140816</Data>
    <Mercato>MGP</Mercato>
    <Ora>10</Ora>
    <PUN>48,724000</PUN>
    <NAT>42,030000</NAT>
    <CNOR>41,400000</CNOR>
    <CSUD>41,400000</CSUD>
    <NORD>41,400000</NORD>
    <SARD>41,400000</SARD>
    <SICI>122,350000</SICI>
    <SUD>41,400000</SUD>
    <AUST>41,400000</AUST>
    <BRNN>41,400000</BRNN>
    <COAC>41,400000</COAC>
    <CORS>41,400000</CORS>
    <FOGN>41,400000</FOGN>
    <FRAN>41,400000</FRAN>
    <GREC>41,400000</GREC>
    <MFTV>41,400000</MFTV>
    <PRGP>122,350000</PRGP>
    <ROSN>41,400000</ROSN>
    <SLOV>41,400000</SLOV>
    <SVIZ>41,400000</SVIZ>
    <BSP>39,660000</BSP>
  </Prezzi>
  <Prezzi>
    <Data>20140816</Data>
    <Mercato>MGP</Mercato>
    <Ora>11</Ora>
    <PUN>44,671773</PUN>
    <NAT>39,220000</NAT>
    <CNOR>37,110000</CNOR>
    <CSUD>37,110000</CSUD>
    <NORD>37,110000</NORD>
    <SARD>37,110000</SARD>
    <SICI>121,380000</SICI>
    <SUD>37,110000</SUD>
    <AUST>37,110000</AUST>
    <BRNN>37,110000</BRNN>
    <COAC>37,110000</COAC>
    <CORS>37,110000</CORS>
    <FOGN>37,110000</FOGN>
    <FRAN>37,110000</FRAN>
    <GREC>37,110000</GREC>
    <MFTV>37,110000</MFTV>
    <PRGP>121,380000</PRGP>
    <ROSN>37,110000</ROSN>
    <SLOV>37,110000</SLOV>
    <SVIZ>37,110000</SVIZ>
    <BSP>37,110000</BSP>
  </Prezzi>
  <Prezzi>
    <Data>20140816</Data>
    <Mercato>MGP</Mercato>
    <Ora>12</Ora>
    <PUN>40,497931</PUN>
    <NAT>36,070000</NAT>
    <CNOR>33,810000</CNOR>
    <CSUD>33,810000</CSUD>
    <NORD>33,810000</NORD>
    <SARD>33,810000</SARD>
    <SICI>109,000000</SICI>
    <SUD>33,810000</SUD>
    <AUST>33,810000</AUST>
    <BRNN>33,810000</BRNN>
    <COAC>33,810000</COAC>
    <CORS>33,810000</CORS>
    <FOGN>33,810000</FOGN>
    <FRAN>33,810000</FRAN>
    <GREC>33,810000</GREC>
    <MFTV>33,810000</MFTV>
    <PRGP>109,000000</PRGP>
    <ROSN>33,810000</ROSN>
    <SLOV>33,810000</SLOV>
    <SVIZ>33,810000</SVIZ>
    <BSP>33,810000</BSP>
  </Prezzi>
  <Prezzi>
    <Data>20140816</Data>
    <Mercato>MGP</Mercato>
    <Ora>13</Ora>
    <PUN>40,000000</PUN>
    <NAT>36,880000</NAT>
    <CNOR>35,750824</CNOR>
    <CSUD>35,750824</CSUD>
    <NORD>35,750824</NORD>
    <SARD>35,750824</SARD>
    <SICI>81,020000</SICI>
    <SUD>35,750824</SUD>
    <AUST>35,750824</AUST>
    <BRNN>35,750824</BRNN>
    <COAC>35,750824</COAC>
    <CORS>35,750824</CORS>
    <FOGN>35,750824</FOGN>
    <FRAN>35,750824</FRAN>
    <GREC>35,750824</GREC>
    <MFTV>35,750824</MFTV>
    <PRGP>81,020000</PRGP>
    <ROSN>35,750824</ROSN>
    <SLOV>35,750824</SLOV>
    <SVIZ>35,750824</SVIZ>
    <BSP>35,750824</BSP>
  </Prezzi>
  <Prezzi>
    <Data>20140816</Data>
    <Mercato>MGP</Mercato>
    <Ora>14</Ora>
    <PUN>32,158995</PUN>
    <NAT>33,050000</NAT>
    <CNOR>27,000000</CNOR>
    <CSUD>27,000000</CSUD>
    <NORD>27,000000</NORD>
    <SARD>27,000000</SARD>
    <SICI>81,020000</SICI>
    <SUD>27,000000</SUD>
    <AUST>27,000000</AUST>
    <BRNN>27,000000</BRNN>
    <COAC>27,000000</COAC>
    <CORS>27,000000</CORS>
    <FOGN>27,000000</FOGN>
    <FRAN>27,000000</FRAN>
    <GREC>27,000000</GREC>
    <MFTV>27,000000</MFTV>
    <PRGP>81,020000</PRGP>
    <ROSN>27,000000</ROSN>
    <SLOV>27,000000</SLOV>
    <SVIZ>27,000000</SVIZ>
    <BSP>27,000000</BSP>
  </Prezzi>
  <Prezzi>
    <Data>20140816</Data>
    <Mercato>MGP</Mercato>
    <Ora>15</Ora>
    <PUN>35,499869</PUN>
    <NAT>33,990000</NAT>
    <CNOR>30,690000</CNOR>
    <CSUD>30,690000</CSUD>
    <NORD>30,690000</NORD>
    <SARD>30,690000</SARD>
    <SICI>81,020000</SICI>
    <SUD>30,690000</SUD>
    <AUST>30,690000</AUST>
    <BRNN>30,690000</BRNN>
    <COAC>30,690000</COAC>
    <CORS>30,690000</CORS>
    <FOGN>30,690000</FOGN>
    <FRAN>30,690000</FRAN>
    <GREC>30,690000</GREC>
    <MFTV>30,690000</MFTV>
    <PRGP>81,020000</PRGP>
    <ROSN>30,690000</ROSN>
    <SLOV>30,690000</SLOV>
    <SVIZ>30,690000</SVIZ>
    <BSP>30,690000</BSP>
  </Prezzi>
  <Prezzi>
    <Data>20140816</Data>
    <Mercato>MGP</Mercato>
    <Ora>16</Ora>
    <PUN>39,473197</PUN>
    <NAT>36,850000</NAT>
    <CNOR>35,120000</CNOR>
    <CSUD>35,120000</CSUD>
    <NORD>35,120000</NORD>
    <SARD>35,120000</SARD>
    <SICI>81,020000</SICI>
    <SUD>35,120000</SUD>
    <AUST>35,120000</AUST>
    <BRNN>35,120000</BRNN>
    <COAC>35,120000</COAC>
    <CORS>35,120000</CORS>
    <FOGN>35,120000</FOGN>
    <FRAN>35,120000</FRAN>
    <GREC>35,120000</GREC>
    <MFTV>35,120000</MFTV>
    <PRGP>81,020000</PRGP>
    <ROSN>35,120000</ROSN>
    <SLOV>35,120000</SLOV>
    <SVIZ>35,120000</SVIZ>
    <BSP>33,560000</BSP>
  </Prezzi>
  <Prezzi>
    <Data>20140816</Data>
    <Mercato>MGP</Mercato>
    <Ora>17</Ora>
    <PUN>42,760820</PUN>
    <NAT>40,000000</NAT>
    <CNOR>37,110000</CNOR>
    <CSUD>37,110000</CSUD>
    <NORD>37,110000</NORD>
    <SARD>37,110000</SARD>
    <SICI>95,030000</SICI>
    <SUD>37,110000</SUD>
    <AUST>37,110000</AUST>
    <BRNN>37,110000</BRNN>
    <COAC>37,110000</COAC>
    <CORS>37,110000</CORS>
    <FOGN>37,110000</FOGN>
    <FRAN>37,110000</FRAN>
    <GREC>37,110000</GREC>
    <MFTV>37,110000</MFTV>
    <PRGP>95,030000</PRGP>
    <ROSN>37,110000</ROSN>
    <SLOV>37,110000</SLOV>
    <SVIZ>37,110000</SVIZ>
    <BSP>33,870000</BSP>
  </Prezzi>
  <Prezzi>
    <Data>20140816</Data>
    <Mercato>MGP</Mercato>
    <Ora>18</Ora>
    <PUN>42,635163</PUN>
    <NAT>41,300000</NAT>
    <CNOR>37,110000</CNOR>
    <CSUD>37,110000</CSUD>
    <NORD>37,110000</NORD>
    <SARD>37,110000</SARD>
    <SICI>95,040000</SICI>
    <SUD>37,110000</SUD>
    <AUST>37,110000</AUST>
    <BRNN>37,110000</BRNN>
    <COAC>37,110000</COAC>
    <CORS>37,110000</CORS>
    <FOGN>37,110000</FOGN>
    <FRAN>37,110000</FRAN>
    <GREC>37,110000</GREC>
    <MFTV>37,110000</MFTV>
    <PRGP>95,040000</PRGP>
    <ROSN>37,110000</ROSN>
    <SLOV>37,110000</SLOV>
    <SVIZ>37,110000</SVIZ>
    <BSP>37,110000</BSP>
  </Prezzi>
  <Prezzi>
    <Data>20140816</Data>
    <Mercato>MGP</Mercato>
    <Ora>19</Ora>
    <PUN>48,754835</PUN>
    <NAT>45,770000</NAT>
    <CNOR>43,530000</CNOR>
    <CSUD>43,530000</CSUD>
    <NORD>43,530000</NORD>
    <SARD>43,530000</SARD>
    <SICI>100,040000</SICI>
    <SUD>43,530000</SUD>
    <AUST>43,530000</AUST>
    <BRNN>43,530000</BRNN>
    <COAC>43,530000</COAC>
    <CORS>43,530000</CORS>
    <FOGN>43,530000</FOGN>
    <FRAN>43,530000</FRAN>
    <GREC>43,530000</GREC>
    <MFTV>43,530000</MFTV>
    <PRGP>100,040000</PRGP>
    <ROSN>43,530000</ROSN>
    <SLOV>43,530000</SLOV>
    <SVIZ>43,530000</SVIZ>
    <BSP>41,580000</BSP>
  </Prezzi>
  <Prezzi>
    <Data>20140816</Data>
    <Mercato>MGP</Mercato>
    <Ora>20</Ora>
    <PUN>56,949013</PUN>
    <NAT>50,000000</NAT>
    <CNOR>55,000000</CNOR>
    <CSUD>55,000000</CSUD>
    <NORD>45,610000</NORD>
    <SARD>55,000000</SARD>
    <SICI>125,040000</SICI>
    <SUD>55,000000</SUD>
    <AUST>45,610000</AUST>
    <BRNN>55,000000</BRNN>
    <COAC>55,000000</COAC>
    <CORS>55,000000</CORS>
    <FOGN>55,000000</FOGN>
    <FRAN>45,610000</FRAN>
    <GREC>55,000000</GREC>
    <MFTV>45,610000</MFTV>
    <PRGP>125,040000</PRGP>
    <ROSN>55,000000</ROSN>
    <SLOV>45,610000</SLOV>
    <SVIZ>45,610000</SVIZ>
    <BSP>40,720000</BSP>
  </Prezzi>
  <Prezzi>
    <Data>20140816</Data>
    <Mercato>MGP</Mercato>
    <Ora>21</Ora>
    <PUN>68,620000</PUN>
    <NAT>62,030000</NAT>
    <CNOR>75,102808</CNOR>
    <CSUD>75,102808</CSUD>
    <NORD>49,000000</NORD>
    <SARD>75,102808</SARD>
    <SICI>135,040000</SICI>
    <SUD>75,102808</SUD>
    <AUST>49,000000</AUST>
    <BRNN>75,102808</BRNN>
    <COAC>75,102808</COAC>
    <CORS>75,102808</CORS>
    <FOGN>75,102808</FOGN>
    <FRAN>49,000000</FRAN>
    <GREC>75,102808</GREC>
    <MFTV>49,000000</MFTV>
    <PRGP>135,040000</PRGP>
    <ROSN>75,102808</ROSN>
    <SLOV>49,000000</SLOV>
    <SVIZ>49,000000</SVIZ>
    <BSP>43,130000</BSP>
  </Prezzi>
  <Prezzi>
    <Data>20140816</Data>
    <Mercato>MGP</Mercato>
    <Ora>22</Ora>
    <PUN>66,685873</PUN>
    <NAT>59,300000</NAT>
    <CNOR>71,000000</CNOR>
    <CSUD>71,000000</CSUD>
    <NORD>49,990000</NORD>
    <SARD>71,000000</SARD>
    <SICI>135,040000</SICI>
    <SUD>71,000000</SUD>
    <AUST>49,990000</AUST>
    <BRNN>71,000000</BRNN>
    <COAC>71,000000</COAC>
    <CORS>71,000000</CORS>
    <FOGN>71,000000</FOGN>
    <FRAN>49,990000</FRAN>
    <GREC>71,000000</GREC>
    <MFTV>49,990000</MFTV>
    <PRGP>135,040000</PRGP>
    <ROSN>71,000000</ROSN>
    <SLOV>49,990000</SLOV>
    <SVIZ>49,990000</SVIZ>
    <BSP>42,920000</BSP>
  </Prezzi>
  <Prezzi>
    <Data>20140816</Data>
    <Mercato>MGP</Mercato>
    <Ora>23</Ora>
    <PUN>54,105326</PUN>
    <NAT>47,000000</NAT>
    <CNOR>55,000000</CNOR>
    <CSUD>55,000000</CSUD>
    <NORD>43,000000</NORD>
    <SARD>55,000000</SARD>
    <SICI>105,040000</SICI>
    <SUD>55,000000</SUD>
    <AUST>43,000000</AUST>
    <BRNN>55,000000</BRNN>
    <COAC>55,000000</COAC>
    <CORS>55,000000</CORS>
    <FOGN>55,000000</FOGN>
    <FRAN>43,000000</FRAN>
    <GREC>55,000000</GREC>
    <MFTV>43,000000</MFTV>
    <PRGP>105,040000</PRGP>
    <ROSN>55,000000</ROSN>
    <SLOV>43,000000</SLOV>
    <SVIZ>43,000000</SVIZ>
    <BSP>39,110000</BSP>
  </Prezzi>
  <Prezzi>
    <Data>20140816</Data>
    <Mercato>MGP</Mercato>
    <Ora>24</Ora>
    <PUN>50,765045</PUN>
    <NAT>45,000000</NAT>
    <CNOR>50,000000</CNOR>
    <CSUD>50,000000</CSUD>
    <NORD>42,010000</NORD>
    <SARD>50,000000</SARD>
    <SICI>95,040000</SICI>
    <SUD>50,000000</SUD>
    <AUST>42,010000</AUST>
    <BRNN>50,000000</BRNN>
    <COAC>50,000000</COAC>
    <CORS>50,000000</CORS>
    <FOGN>50,000000</FOGN>
    <FRAN>42,010000</FRAN>
    <GREC>50,000000</GREC>
    <MFTV>42,010000</MFTV>
    <PRGP>95,040000</PRGP>
    <ROSN>50,000000</ROSN>
    <SLOV>42,010000</SLOV>
    <SVIZ>42,010000</SVIZ>
    <BSP>32,370000</BSP>
  </Prezzi>
</NewDataSet>