<?xml version="1.0" standalone="yes"?>
<NewDataSet>
  <xs:schema id="NewDataSet" xmlns="" xmlns:xs="http://www.w3.org/2001/XMLSchema" xmlns:msdata="urn:schemas-microsoft-com:xml-msdata">
    <xs:element name="NewDataSet" msdata:IsDataSet="true" msdata:UseCurrentLocale="true">
      <xs:complexType>
        <xs:choice minOccurs="0" maxOccurs="unbounded">
          <xs:element name="Prezzi">
            <xs:complexType>
              <xs:sequence>
                <xs:element name="Data" type="xs:string" minOccurs="0" />
                <xs:element name="Mercato" type="xs:string" minOccurs="0" />
                <xs:element name="Ora" type="xs:string" minOccurs="0" />
                <xs:element name="PUN" type="xs:string" minOccurs="0" />
                <xs:element name="NAT" type="xs:string" minOccurs="0" />
                <xs:element name="CNOR" type="xs:string" minOccurs="0" />
                <xs:element name="CSUD" type="xs:string" minOccurs="0" />
                <xs:element name="NORD" type="xs:string" minOccurs="0" />
                <xs:element name="SARD" type="xs:string" minOccurs="0" />
                <xs:element name="SICI" type="xs:string" minOccurs="0" />
                <xs:element name="SUD" type="xs:string" minOccurs="0" />
                <xs:element name="AUST" type="xs:string" minOccurs="0" />
                <xs:element name="BRNN" type="xs:string" minOccurs="0" />
                <xs:element name="COAC" type="xs:string" minOccurs="0" />
                <xs:element name="CORS" type="xs:string" minOccurs="0" />
                <xs:element name="FOGN" type="xs:string" minOccurs="0" />
                <xs:element name="FRAN" type="xs:string" minOccurs="0" />
                <xs:element name="GREC" type="xs:string" minOccurs="0" />
                <xs:element name="MFTV" type="xs:string" minOccurs="0" />
                <xs:element name="PRGP" type="xs:string" minOccurs="0" />
                <xs:element name="ROSN" type="xs:string" minOccurs="0" />
                <xs:element name="SLOV" type="xs:string" minOccurs="0" />
                <xs:element name="SVIZ" type="xs:string" minOccurs="0" />
                <xs:element name="BSP" type="xs:string" minOccurs="0" />
              </xs:sequence>
            </xs:complexType>
          </xs:element>
        </xs:choice>
      </xs:complexType>
    </xs:element>
  </xs:schema>
  <Prezzi>
    <Data>20140405</Data>
    <Mercato>MGP</Mercato>
    <Ora>1</Ora>
    <PUN>37,286860</PUN>
    <NAT>37,310000</NAT>
    <CNOR>36,000000</CNOR>
    <CSUD>36,000000</CSUD>
    <NORD>36,000000</NORD>
    <SARD>36,000000</SARD>
    <SICI>55,000000</SICI>
    <SUD>36,000000</SUD>
    <AUST>36,000000</AUST>
    <BRNN>36,000000</BRNN>
    <COAC>36,000000</COAC>
    <CORS>36,000000</CORS>
    <FOGN>36,000000</FOGN>
    <FRAN>36,000000</FRAN>
    <GREC>36,000000</GREC>
    <MFTV>36,000000</MFTV>
    <PRGP>55,000000</PRGP>
    <ROSN>36,000000</ROSN>
    <SLOV>36,000000</SLOV>
    <SVIZ>36,000000</SVIZ>
    <BSP>36,000000</BSP>
  </Prezzi>
  <Prezzi>
    <Data>20140405</Data>
    <Mercato>MGP</Mercato>
    <Ora>2</Ora>
    <PUN>32,070000</PUN>
    <NAT>32,070000</NAT>
    <CNOR>32,070000</CNOR>
    <CSUD>32,070000</CSUD>
    <NORD>32,070000</NORD>
    <SARD>32,070000</SARD>
    <SICI>32,070000</SICI>
    <SUD>32,070000</SUD>
    <AUST>32,070000</AUST>
    <BRNN>32,070000</BRNN>
    <COAC>32,070000</COAC>
    <CORS>32,070000</CORS>
    <FOGN>32,070000</FOGN>
    <FRAN>32,070000</FRAN>
    <GREC>32,070000</GREC>
    <MFTV>32,070000</MFTV>
    <PRGP>32,070000</PRGP>
    <ROSN>32,070000</ROSN>
    <SLOV>32,070000</SLOV>
    <SVIZ>32,070000</SVIZ>
    <BSP>32,070000</BSP>
  </Prezzi>
  <Prezzi>
    <Data>20140405</Data>
    <Mercato>MGP</Mercato>
    <Ora>3</Ora>
    <PUN>29,100000</PUN>
    <NAT>29,100000</NAT>
    <CNOR>29,100000</CNOR>
    <CSUD>29,100000</CSUD>
    <NORD>29,100000</NORD>
    <SARD>29,100000</SARD>
    <SICI>29,100000</SICI>
    <SUD>29,100000</SUD>
    <AUST>29,100000</AUST>
    <BRNN>29,100000</BRNN>
    <COAC>29,100000</COAC>
    <CORS>29,100000</CORS>
    <FOGN>29,100000</FOGN>
    <FRAN>29,100000</FRAN>
    <GREC>29,100000</GREC>
    <MFTV>29,100000</MFTV>
    <PRGP>29,100000</PRGP>
    <ROSN>29,100000</ROSN>
    <SLOV>29,100000</SLOV>
    <SVIZ>29,100000</SVIZ>
    <BSP>27,000000</BSP>
  </Prezzi>
  <Prezzi>
    <Data>20140405</Data>
    <Mercato>MGP</Mercato>
    <Ora>4</Ora>
    <PUN>26,660000</PUN>
    <NAT>26,500000</NAT>
    <CNOR>26,660000</CNOR>
    <CSUD>26,660000</CSUD>
    <NORD>26,660000</NORD>
    <SARD>26,660000</SARD>
    <SICI>26,660000</SICI>
    <SUD>26,660000</SUD>
    <AUST>26,660000</AUST>
    <BRNN>26,660000</BRNN>
    <COAC>26,660000</COAC>
    <CORS>26,660000</CORS>
    <FOGN>26,660000</FOGN>
    <FRAN>26,660000</FRAN>
    <GREC>26,660000</GREC>
    <MFTV>26,660000</MFTV>
    <PRGP>26,660000</PRGP>
    <ROSN>26,660000</ROSN>
    <SLOV>26,660000</SLOV>
    <SVIZ>26,660000</SVIZ>
    <BSP>26,500000</BSP>
  </Prezzi>
  <Prezzi>
    <Data>20140405</Data>
    <Mercato>MGP</Mercato>
    <Ora>5</Ora>
    <PUN>27,500000</PUN>
    <NAT>27,500000</NAT>
    <CNOR>27,500000</CNOR>
    <CSUD>27,500000</CSUD>
    <NORD>27,500000</NORD>
    <SARD>27,500000</SARD>
    <SICI>27,500000</SICI>
    <SUD>27,500000</SUD>
    <AUST>27,500000</AUST>
    <BRNN>27,500000</BRNN>
    <COAC>27,500000</COAC>
    <CORS>27,500000</CORS>
    <FOGN>27,500000</FOGN>
    <FRAN>27,500000</FRAN>
    <GREC>27,500000</GREC>
    <MFTV>27,500000</MFTV>
    <PRGP>27,500000</PRGP>
    <ROSN>27,500000</ROSN>
    <SLOV>27,500000</SLOV>
    <SVIZ>27,500000</SVIZ>
    <BSP>26,340000</BSP>
  </Prezzi>
  <Prezzi>
    <Data>20140405</Data>
    <Mercato>MGP</Mercato>
    <Ora>6</Ora>
    <PUN>32,590000</PUN>
    <NAT>32,590000</NAT>
    <CNOR>32,590000</CNOR>
    <CSUD>32,590000</CSUD>
    <NORD>32,590000</NORD>
    <SARD>32,590000</SARD>
    <SICI>32,590000</SICI>
    <SUD>32,590000</SUD>
    <AUST>32,590000</AUST>
    <BRNN>32,590000</BRNN>
    <COAC>32,590000</COAC>
    <CORS>32,590000</CORS>
    <FOGN>32,590000</FOGN>
    <FRAN>32,590000</FRAN>
    <GREC>32,590000</GREC>
    <MFTV>32,590000</MFTV>
    <PRGP>32,590000</PRGP>
    <ROSN>32,590000</ROSN>
    <SLOV>32,590000</SLOV>
    <SVIZ>32,590000</SVIZ>
    <BSP>32,590000</BSP>
  </Prezzi>
  <Prezzi>
    <Data>20140405</Data>
    <Mercato>MGP</Mercato>
    <Ora>7</Ora>
    <PUN>38,419137</PUN>
    <NAT>37,520000</NAT>
    <CNOR>37,520000</CNOR>
    <CSUD>37,520000</CSUD>
    <NORD>37,520000</NORD>
    <SARD>37,520000</SARD>
    <SICI>52,060000</SICI>
    <SUD>37,520000</SUD>
    <AUST>37,520000</AUST>
    <BRNN>37,520000</BRNN>
    <COAC>37,520000</COAC>
    <CORS>37,520000</CORS>
    <FOGN>37,520000</FOGN>
    <FRAN>37,520000</FRAN>
    <GREC>37,520000</GREC>
    <MFTV>37,520000</MFTV>
    <PRGP>52,060000</PRGP>
    <ROSN>37,520000</ROSN>
    <SLOV>37,520000</SLOV>
    <SVIZ>37,520000</SVIZ>
    <BSP>32,800000</BSP>
  </Prezzi>
  <Prezzi>
    <Data>20140405</Data>
    <Mercato>MGP</Mercato>
    <Ora>8</Ora>
    <PUN>49,176324</PUN>
    <NAT>48,450000</NAT>
    <CNOR>48,780000</CNOR>
    <CSUD>48,780000</CSUD>
    <NORD>48,780000</NORD>
    <SARD>48,780000</SARD>
    <SICI>55,000000</SICI>
    <SUD>48,780000</SUD>
    <AUST>48,780000</AUST>
    <BRNN>48,780000</BRNN>
    <COAC>48,780000</COAC>
    <CORS>48,780000</CORS>
    <FOGN>48,780000</FOGN>
    <FRAN>48,780000</FRAN>
    <GREC>48,780000</GREC>
    <MFTV>48,780000</MFTV>
    <PRGP>55,000000</PRGP>
    <ROSN>48,780000</ROSN>
    <SLOV>48,780000</SLOV>
    <SVIZ>48,780000</SVIZ>
    <BSP>33,350000</BSP>
  </Prezzi>
  <Prezzi>
    <Data>20140405</Data>
    <Mercato>MGP</Mercato>
    <Ora>9</Ora>
    <PUN>58,538322</PUN>
    <NAT>55,700000</NAT>
    <CNOR>40,030000</CNOR>
    <CSUD>40,030000</CSUD>
    <NORD>69,950000</NORD>
    <SARD>40,030000</SARD>
    <SICI>52,110000</SICI>
    <SUD>40,030000</SUD>
    <AUST>69,950000</AUST>
    <BRNN>40,030000</BRNN>
    <COAC>40,030000</COAC>
    <CORS>40,030000</CORS>
    <FOGN>40,030000</FOGN>
    <FRAN>69,950000</FRAN>
    <GREC>40,030000</GREC>
    <MFTV>69,950000</MFTV>
    <PRGP>52,110000</PRGP>
    <ROSN>40,030000</ROSN>
    <SLOV>69,950000</SLOV>
    <SVIZ>69,950000</SVIZ>
    <BSP>41,940000</BSP>
  </Prezzi>
  <Prezzi>
    <Data>20140405</Data>
    <Mercato>MGP</Mercato>
    <Ora>10</Ora>
    <PUN>62,534287</PUN>
    <NAT>55,150000</NAT>
    <CNOR>37,520000</CNOR>
    <CSUD>37,520000</CSUD>
    <NORD>77,950000</NORD>
    <SARD>37,520000</SARD>
    <SICI>55,000000</SICI>
    <SUD>37,520000</SUD>
    <AUST>77,950000</AUST>
    <BRNN>37,520000</BRNN>
    <COAC>37,520000</COAC>
    <CORS>37,520000</CORS>
    <FOGN>37,520000</FOGN>
    <FRAN>77,950000</FRAN>
    <GREC>37,520000</GREC>
    <MFTV>77,950000</MFTV>
    <PRGP>55,000000</PRGP>
    <ROSN>37,520000</ROSN>
    <SLOV>77,950000</SLOV>
    <SVIZ>77,950000</SVIZ>
    <BSP>43,000000</BSP>
  </Prezzi>
  <Prezzi>
    <Data>20140405</Data>
    <Mercato>MGP</Mercato>
    <Ora>11</Ora>
    <PUN>54,421736</PUN>
    <NAT>53,300000</NAT>
    <CNOR>37,520000</CNOR>
    <CSUD>37,520000</CSUD>
    <NORD>64,800000</NORD>
    <SARD>37,520000</SARD>
    <SICI>52,170000</SICI>
    <SUD>37,520000</SUD>
    <AUST>64,800000</AUST>
    <BRNN>37,520000</BRNN>
    <COAC>37,520000</COAC>
    <CORS>37,520000</CORS>
    <FOGN>37,520000</FOGN>
    <FRAN>64,800000</FRAN>
    <GREC>37,520000</GREC>
    <MFTV>64,800000</MFTV>
    <PRGP>52,170000</PRGP>
    <ROSN>37,520000</ROSN>
    <SLOV>64,800000</SLOV>
    <SVIZ>64,800000</SVIZ>
    <BSP>41,360000</BSP>
  </Prezzi>
  <Prezzi>
    <Data>20140405</Data>
    <Mercato>MGP</Mercato>
    <Ora>12</Ora>
    <PUN>49,058023</PUN>
    <NAT>48,830000</NAT>
    <CNOR>37,500000</CNOR>
    <CSUD>37,500000</CSUD>
    <NORD>55,800000</NORD>
    <SARD>37,500000</SARD>
    <SICI>52,150000</SICI>
    <SUD>37,500000</SUD>
    <AUST>55,800000</AUST>
    <BRNN>37,500000</BRNN>
    <COAC>37,500000</COAC>
    <CORS>37,500000</CORS>
    <FOGN>37,500000</FOGN>
    <FRAN>55,800000</FRAN>
    <GREC>37,500000</GREC>
    <MFTV>55,800000</MFTV>
    <PRGP>52,150000</PRGP>
    <ROSN>37,500000</ROSN>
    <SLOV>55,800000</SLOV>
    <SVIZ>55,800000</SVIZ>
    <BSP>45,440000</BSP>
  </Prezzi>
  <Prezzi>
    <Data>20140405</Data>
    <Mercato>MGP</Mercato>
    <Ora>13</Ora>
    <PUN>43,769145</PUN>
    <NAT>40,030000</NAT>
    <CNOR>32,720000</CNOR>
    <CSUD>32,720000</CSUD>
    <NORD>50,070000</NORD>
    <SARD>32,720000</SARD>
    <SICI>50,610000</SICI>
    <SUD>32,720000</SUD>
    <AUST>50,070000</AUST>
    <BRNN>32,720000</BRNN>
    <COAC>32,720000</COAC>
    <CORS>32,720000</CORS>
    <FOGN>32,720000</FOGN>
    <FRAN>50,070000</FRAN>
    <GREC>32,720000</GREC>
    <MFTV>50,070000</MFTV>
    <PRGP>50,610000</PRGP>
    <ROSN>32,720000</ROSN>
    <SLOV>50,070000</SLOV>
    <SVIZ>50,070000</SVIZ>
    <BSP>43,460000</BSP>
  </Prezzi>
  <Prezzi>
    <Data>20140405</Data>
    <Mercato>MGP</Mercato>
    <Ora>14</Ora>
    <PUN>35,362727</PUN>
    <NAT>35,000000</NAT>
    <CNOR>30,000000</CNOR>
    <CSUD>30,000000</CSUD>
    <NORD>39,500000</NORD>
    <SARD>30,000000</SARD>
    <SICI>30,000000</SICI>
    <SUD>30,000000</SUD>
    <AUST>39,500000</AUST>
    <BRNN>30,000000</BRNN>
    <COAC>30,000000</COAC>
    <CORS>30,000000</CORS>
    <FOGN>30,000000</FOGN>
    <FRAN>39,500000</FRAN>
    <GREC>30,000000</GREC>
    <MFTV>39,500000</MFTV>
    <PRGP>30,000000</PRGP>
    <ROSN>30,000000</ROSN>
    <SLOV>39,500000</SLOV>
    <SVIZ>39,500000</SVIZ>
    <BSP>38,000000</BSP>
  </Prezzi>
  <Prezzi>
    <Data>20140405</Data>
    <Mercato>MGP</Mercato>
    <Ora>15</Ora>
    <PUN>28,319089</PUN>
    <NAT>32,600000</NAT>
    <CNOR>13,600000</CNOR>
    <CSUD>13,600000</CSUD>
    <NORD>39,510000</NORD>
    <SARD>13,600000</SARD>
    <SICI>13,600000</SICI>
    <SUD>13,600000</SUD>
    <AUST>39,510000</AUST>
    <BRNN>13,600000</BRNN>
    <COAC>13,600000</COAC>
    <CORS>13,600000</CORS>
    <FOGN>13,600000</FOGN>
    <FRAN>39,510000</FRAN>
    <GREC>13,600000</GREC>
    <MFTV>39,510000</MFTV>
    <PRGP>13,600000</PRGP>
    <ROSN>13,600000</ROSN>
    <SLOV>39,510000</SLOV>
    <SVIZ>39,510000</SVIZ>
    <BSP>36,500000</BSP>
  </Prezzi>
  <Prezzi>
    <Data>20140405</Data>
    <Mercato>MGP</Mercato>
    <Ora>16</Ora>
    <PUN>34,193095</PUN>
    <NAT>33,000000</NAT>
    <CNOR>19,900000</CNOR>
    <CSUD>19,900000</CSUD>
    <NORD>45,060000</NORD>
    <SARD>19,900000</SARD>
    <SICI>19,900000</SICI>
    <SUD>19,900000</SUD>
    <AUST>45,060000</AUST>
    <BRNN>19,900000</BRNN>
    <COAC>19,900000</COAC>
    <CORS>19,900000</CORS>
    <FOGN>19,900000</FOGN>
    <FRAN>45,060000</FRAN>
    <GREC>19,900000</GREC>
    <MFTV>45,060000</MFTV>
    <PRGP>19,900000</PRGP>
    <ROSN>19,900000</ROSN>
    <SLOV>45,060000</SLOV>
    <SVIZ>45,060000</SVIZ>
    <BSP>34,500000</BSP>
  </Prezzi>
  <Prezzi>
    <Data>20140405</Data>
    <Mercato>MGP</Mercato>
    <Ora>17</Ora>
    <PUN>30,000000</PUN>
    <NAT>32,600000</NAT>
    <CNOR>12,990845</CNOR>
    <CSUD>12,990845</CSUD>
    <NORD>43,000000</NORD>
    <SARD>12,990845</SARD>
    <SICI>12,990845</SICI>
    <SUD>12,990845</SUD>
    <AUST>43,000000</AUST>
    <BRNN>12,990845</BRNN>
    <COAC>12,990845</COAC>
    <CORS>12,990845</CORS>
    <FOGN>12,990845</FOGN>
    <FRAN>43,000000</FRAN>
    <GREC>12,990845</GREC>
    <MFTV>43,000000</MFTV>
    <PRGP>12,990845</PRGP>
    <ROSN>12,990845</ROSN>
    <SLOV>43,000000</SLOV>
    <SVIZ>43,000000</SVIZ>
    <BSP>34,630000</BSP>
  </Prezzi>
  <Prezzi>
    <Data>20140405</Data>
    <Mercato>MGP</Mercato>
    <Ora>18</Ora>
    <PUN>39,587088</PUN>
    <NAT>37,450000</NAT>
    <CNOR>32,600000</CNOR>
    <CSUD>32,600000</CSUD>
    <NORD>45,080000</NORD>
    <SARD>32,600000</SARD>
    <SICI>32,600000</SICI>
    <SUD>32,600000</SUD>
    <AUST>45,080000</AUST>
    <BRNN>32,600000</BRNN>
    <COAC>32,600000</COAC>
    <CORS>32,600000</CORS>
    <FOGN>32,600000</FOGN>
    <FRAN>45,080000</FRAN>
    <GREC>32,600000</GREC>
    <MFTV>45,080000</MFTV>
    <PRGP>32,600000</PRGP>
    <ROSN>32,600000</ROSN>
    <SLOV>45,080000</SLOV>
    <SVIZ>45,080000</SVIZ>
    <BSP>38,690000</BSP>
  </Prezzi>
  <Prezzi>
    <Data>20140405</Data>
    <Mercato>MGP</Mercato>
    <Ora>19</Ora>
    <PUN>43,678727</PUN>
    <NAT>45,000000</NAT>
    <CNOR>40,030000</CNOR>
    <CSUD>40,030000</CSUD>
    <NORD>45,090000</NORD>
    <SARD>40,030000</SARD>
    <SICI>52,410000</SICI>
    <SUD>40,030000</SUD>
    <AUST>45,090000</AUST>
    <BRNN>40,030000</BRNN>
    <COAC>40,030000</COAC>
    <CORS>40,030000</CORS>
    <FOGN>40,030000</FOGN>
    <FRAN>45,090000</FRAN>
    <GREC>40,030000</GREC>
    <MFTV>45,090000</MFTV>
    <PRGP>52,410000</PRGP>
    <ROSN>40,030000</ROSN>
    <SLOV>45,090000</SLOV>
    <SVIZ>45,090000</SVIZ>
    <BSP>45,090000</BSP>
  </Prezzi>
  <Prezzi>
    <Data>20140405</Data>
    <Mercato>MGP</Mercato>
    <Ora>20</Ora>
    <PUN>59,860000</PUN>
    <NAT>58,570000</NAT>
    <CNOR>59,860000</CNOR>
    <CSUD>59,860000</CSUD>
    <NORD>59,860000</NORD>
    <SARD>59,860000</SARD>
    <SICI>59,860000</SICI>
    <SUD>59,860000</SUD>
    <AUST>59,860000</AUST>
    <BRNN>59,860000</BRNN>
    <COAC>59,860000</COAC>
    <CORS>59,860000</CORS>
    <FOGN>59,860000</FOGN>
    <FRAN>59,860000</FRAN>
    <GREC>59,860000</GREC>
    <MFTV>59,860000</MFTV>
    <PRGP>59,860000</PRGP>
    <ROSN>59,860000</ROSN>
    <SLOV>59,860000</SLOV>
    <SVIZ>59,860000</SVIZ>
    <BSP>53,530000</BSP>
  </Prezzi>
  <Prezzi>
    <Data>20140405</Data>
    <Mercato>MGP</Mercato>
    <Ora>21</Ora>
    <PUN>70,000000</PUN>
    <NAT>70,000000</NAT>
    <CNOR>70,000000</CNOR>
    <CSUD>70,000000</CSUD>
    <NORD>70,000000</NORD>
    <SARD>70,000000</SARD>
    <SICI>70,000000</SICI>
    <SUD>70,000000</SUD>
    <AUST>70,000000</AUST>
    <BRNN>70,000000</BRNN>
    <COAC>70,000000</COAC>
    <CORS>70,000000</CORS>
    <FOGN>70,000000</FOGN>
    <FRAN>70,000000</FRAN>
    <GREC>70,000000</GREC>
    <MFTV>70,000000</MFTV>
    <PRGP>70,000000</PRGP>
    <ROSN>70,000000</ROSN>
    <SLOV>70,000000</SLOV>
    <SVIZ>70,000000</SVIZ>
    <BSP>52,250000</BSP>
  </Prezzi>
  <Prezzi>
    <Data>20140405</Data>
    <Mercato>MGP</Mercato>
    <Ora>22</Ora>
    <PUN>55,350000</PUN>
    <NAT>55,010000</NAT>
    <CNOR>55,350000</CNOR>
    <CSUD>55,350000</CSUD>
    <NORD>55,350000</NORD>
    <SARD>55,350000</SARD>
    <SICI>55,350000</SICI>
    <SUD>55,350000</SUD>
    <AUST>55,350000</AUST>
    <BRNN>55,350000</BRNN>
    <COAC>55,350000</COAC>
    <CORS>55,350000</CORS>
    <FOGN>55,350000</FOGN>
    <FRAN>55,350000</FRAN>
    <GREC>55,350000</GREC>
    <MFTV>55,350000</MFTV>
    <PRGP>55,350000</PRGP>
    <ROSN>55,350000</ROSN>
    <SLOV>55,350000</SLOV>
    <SVIZ>55,350000</SVIZ>
    <BSP>43,890000</BSP>
  </Prezzi>
  <Prezzi>
    <Data>20140405</Data>
    <Mercato>MGP</Mercato>
    <Ora>23</Ora>
    <PUN>50,505561</PUN>
    <NAT>50,000000</NAT>
    <CNOR>48,960000</CNOR>
    <CSUD>48,960000</CSUD>
    <NORD>51,000000</NORD>
    <SARD>48,960000</SARD>
    <SICI>55,000000</SICI>
    <SUD>48,960000</SUD>
    <AUST>51,000000</AUST>
    <BRNN>48,960000</BRNN>
    <COAC>48,960000</COAC>
    <CORS>48,960000</CORS>
    <FOGN>48,960000</FOGN>
    <FRAN>51,000000</FRAN>
    <GREC>48,960000</GREC>
    <MFTV>51,000000</MFTV>
    <PRGP>55,000000</PRGP>
    <ROSN>48,960000</ROSN>
    <SLOV>51,000000</SLOV>
    <SVIZ>51,000000</SVIZ>
    <BSP>42,630000</BSP>
  </Prezzi>
  <Prezzi>
    <Data>20140405</Data>
    <Mercato>MGP</Mercato>
    <Ora>24</Ora>
    <PUN>45,612050</PUN>
    <NAT>44,000000</NAT>
    <CNOR>38,200000</CNOR>
    <CSUD>38,200000</CSUD>
    <NORD>49,950000</NORD>
    <SARD>38,200000</SARD>
    <SICI>51,040000</SICI>
    <SUD>38,200000</SUD>
    <AUST>49,950000</AUST>
    <BRNN>38,200000</BRNN>
    <COAC>38,200000</COAC>
    <CORS>38,200000</CORS>
    <FOGN>38,200000</FOGN>
    <FRAN>49,950000</FRAN>
    <GREC>38,200000</GREC>
    <MFTV>49,950000</MFTV>
    <PRGP>51,040000</PRGP>
    <ROSN>38,200000</ROSN>
    <SLOV>49,950000</SLOV>
    <SVIZ>49,950000</SVIZ>
    <BSP>32,700000</BSP>
  </Prezzi>
</NewDataSet>