<?xml version="1.0" standalone="yes"?>
<NewDataSet>
  <xs:schema id="NewDataSet" xmlns="" xmlns:xs="http://www.w3.org/2001/XMLSchema" xmlns:msdata="urn:schemas-microsoft-com:xml-msdata">
    <xs:element name="NewDataSet" msdata:IsDataSet="true" msdata:UseCurrentLocale="true">
      <xs:complexType>
        <xs:choice minOccurs="0" maxOccurs="unbounded">
          <xs:element name="Prezzi">
            <xs:complexType>
              <xs:sequence>
                <xs:element name="Data" type="xs:string" minOccurs="0" />
                <xs:element name="Mercato" type="xs:string" minOccurs="0" />
                <xs:element name="Ora" type="xs:string" minOccurs="0" />
                <xs:element name="PUN" type="xs:string" minOccurs="0" />
                <xs:element name="NAT" type="xs:string" minOccurs="0" />
                <xs:element name="CNOR" type="xs:string" minOccurs="0" />
                <xs:element name="CSUD" type="xs:string" minOccurs="0" />
                <xs:element name="NORD" type="xs:string" minOccurs="0" />
                <xs:element name="SARD" type="xs:string" minOccurs="0" />
                <xs:element name="SICI" type="xs:string" minOccurs="0" />
                <xs:element name="SUD" type="xs:string" minOccurs="0" />
                <xs:element name="AUST" type="xs:string" minOccurs="0" />
                <xs:element name="BRNN" type="xs:string" minOccurs="0" />
                <xs:element name="COAC" type="xs:string" minOccurs="0" />
                <xs:element name="CORS" type="xs:string" minOccurs="0" />
                <xs:element name="FOGN" type="xs:string" minOccurs="0" />
                <xs:element name="FRAN" type="xs:string" minOccurs="0" />
                <xs:element name="GREC" type="xs:string" minOccurs="0" />
                <xs:element name="MFTV" type="xs:string" minOccurs="0" />
                <xs:element name="PRGP" type="xs:string" minOccurs="0" />
                <xs:element name="ROSN" type="xs:string" minOccurs="0" />
                <xs:element name="SLOV" type="xs:string" minOccurs="0" />
                <xs:element name="SVIZ" type="xs:string" minOccurs="0" />
                <xs:element name="BSP" type="xs:string" minOccurs="0" />
              </xs:sequence>
            </xs:complexType>
          </xs:element>
        </xs:choice>
      </xs:complexType>
    </xs:element>
  </xs:schema>
  <Prezzi>
    <Data>20140414</Data>
    <Mercato>MGP</Mercato>
    <Ora>1</Ora>
    <PUN>38,953076</PUN>
    <NAT>40,000000</NAT>
    <CNOR>37,630000</CNOR>
    <CSUD>37,630000</CSUD>
    <NORD>37,630000</NORD>
    <SARD>37,630000</SARD>
    <SICI>55,010000</SICI>
    <SUD>37,630000</SUD>
    <AUST>37,630000</AUST>
    <BRNN>37,630000</BRNN>
    <COAC>37,630000</COAC>
    <CORS>37,630000</CORS>
    <FOGN>37,630000</FOGN>
    <FRAN>37,630000</FRAN>
    <GREC>37,630000</GREC>
    <MFTV>37,630000</MFTV>
    <PRGP>55,010000</PRGP>
    <ROSN>37,630000</ROSN>
    <SLOV>37,630000</SLOV>
    <SVIZ>37,630000</SVIZ>
    <BSP>37,630000</BSP>
  </Prezzi>
  <Prezzi>
    <Data>20140414</Data>
    <Mercato>MGP</Mercato>
    <Ora>2</Ora>
    <PUN>34,483196</PUN>
    <NAT>32,920000</NAT>
    <CNOR>32,810000</CNOR>
    <CSUD>32,810000</CSUD>
    <NORD>32,810000</NORD>
    <SARD>32,810000</SARD>
    <SICI>55,010000</SICI>
    <SUD>32,810000</SUD>
    <AUST>32,810000</AUST>
    <BRNN>32,810000</BRNN>
    <COAC>32,810000</COAC>
    <CORS>32,810000</CORS>
    <FOGN>32,810000</FOGN>
    <FRAN>32,810000</FRAN>
    <GREC>32,810000</GREC>
    <MFTV>32,810000</MFTV>
    <PRGP>55,010000</PRGP>
    <ROSN>32,810000</ROSN>
    <SLOV>32,810000</SLOV>
    <SVIZ>32,810000</SVIZ>
    <BSP>27,600000</BSP>
  </Prezzi>
  <Prezzi>
    <Data>20140414</Data>
    <Mercato>MGP</Mercato>
    <Ora>3</Ora>
    <PUN>34,117648</PUN>
    <NAT>32,530000</NAT>
    <CNOR>32,530000</CNOR>
    <CSUD>32,530000</CSUD>
    <NORD>32,530000</NORD>
    <SARD>32,530000</SARD>
    <SICI>55,000000</SICI>
    <SUD>32,530000</SUD>
    <AUST>32,530000</AUST>
    <BRNN>32,530000</BRNN>
    <COAC>32,530000</COAC>
    <CORS>32,530000</CORS>
    <FOGN>32,530000</FOGN>
    <FRAN>32,530000</FRAN>
    <GREC>32,530000</GREC>
    <MFTV>32,530000</MFTV>
    <PRGP>55,000000</PRGP>
    <ROSN>32,530000</ROSN>
    <SLOV>32,530000</SLOV>
    <SVIZ>32,530000</SVIZ>
    <BSP>22,500000</BSP>
  </Prezzi>
  <Prezzi>
    <Data>20140414</Data>
    <Mercato>MGP</Mercato>
    <Ora>4</Ora>
    <PUN>31,710000</PUN>
    <NAT>30,080000</NAT>
    <CNOR>30,097703</CNOR>
    <CSUD>30,097703</CSUD>
    <NORD>30,097703</NORD>
    <SARD>30,097703</SARD>
    <SICI>53,720000</SICI>
    <SUD>30,097703</SUD>
    <AUST>30,097703</AUST>
    <BRNN>30,097703</BRNN>
    <COAC>30,097703</COAC>
    <CORS>30,097703</CORS>
    <FOGN>30,097703</FOGN>
    <FRAN>30,097703</FRAN>
    <GREC>30,097703</GREC>
    <MFTV>30,097703</MFTV>
    <PRGP>53,720000</PRGP>
    <ROSN>30,097703</ROSN>
    <SLOV>30,097703</SLOV>
    <SVIZ>30,097703</SVIZ>
    <BSP>19,640000</BSP>
  </Prezzi>
  <Prezzi>
    <Data>20140414</Data>
    <Mercato>MGP</Mercato>
    <Ora>5</Ora>
    <PUN>32,090000</PUN>
    <NAT>30,300000</NAT>
    <CNOR>30,554840</CNOR>
    <CSUD>30,554840</CSUD>
    <NORD>30,554840</NORD>
    <SARD>30,554840</SARD>
    <SICI>53,690000</SICI>
    <SUD>30,554840</SUD>
    <AUST>30,554840</AUST>
    <BRNN>30,554840</BRNN>
    <COAC>30,554840</COAC>
    <CORS>30,554840</CORS>
    <FOGN>30,554840</FOGN>
    <FRAN>30,554840</FRAN>
    <GREC>30,554840</GREC>
    <MFTV>30,554840</MFTV>
    <PRGP>53,690000</PRGP>
    <ROSN>30,554840</ROSN>
    <SLOV>30,554840</SLOV>
    <SVIZ>30,554840</SVIZ>
    <BSP>20,460000</BSP>
  </Prezzi>
  <Prezzi>
    <Data>20140414</Data>
    <Mercato>MGP</Mercato>
    <Ora>6</Ora>
    <PUN>36,734212</PUN>
    <NAT>36,010000</NAT>
    <CNOR>35,560000</CNOR>
    <CSUD>35,560000</CSUD>
    <NORD>35,560000</NORD>
    <SARD>35,560000</SARD>
    <SICI>53,720000</SICI>
    <SUD>35,560000</SUD>
    <AUST>35,560000</AUST>
    <BRNN>35,560000</BRNN>
    <COAC>35,560000</COAC>
    <CORS>35,560000</CORS>
    <FOGN>35,560000</FOGN>
    <FRAN>35,560000</FRAN>
    <GREC>35,560000</GREC>
    <MFTV>35,560000</MFTV>
    <PRGP>53,720000</PRGP>
    <ROSN>35,560000</ROSN>
    <SLOV>35,560000</SLOV>
    <SVIZ>35,560000</SVIZ>
    <BSP>35,560000</BSP>
  </Prezzi>
  <Prezzi>
    <Data>20140414</Data>
    <Mercato>MGP</Mercato>
    <Ora>7</Ora>
    <PUN>51,415635</PUN>
    <NAT>52,090000</NAT>
    <CNOR>51,200000</CNOR>
    <CSUD>51,200000</CSUD>
    <NORD>51,200000</NORD>
    <SARD>51,200000</SARD>
    <SICI>55,010000</SICI>
    <SUD>51,200000</SUD>
    <AUST>51,200000</AUST>
    <BRNN>51,200000</BRNN>
    <COAC>51,200000</COAC>
    <CORS>51,200000</CORS>
    <FOGN>51,200000</FOGN>
    <FRAN>51,200000</FRAN>
    <GREC>51,200000</GREC>
    <MFTV>51,200000</MFTV>
    <PRGP>55,010000</PRGP>
    <ROSN>51,200000</ROSN>
    <SLOV>51,200000</SLOV>
    <SVIZ>51,200000</SVIZ>
    <BSP>46,710000</BSP>
  </Prezzi>
  <Prezzi>
    <Data>20140414</Data>
    <Mercato>MGP</Mercato>
    <Ora>8</Ora>
    <PUN>69,320000</PUN>
    <NAT>67,650000</NAT>
    <CNOR>69,320000</CNOR>
    <CSUD>69,320000</CSUD>
    <NORD>69,320000</NORD>
    <SARD>69,320000</SARD>
    <SICI>69,320000</SICI>
    <SUD>69,320000</SUD>
    <AUST>69,320000</AUST>
    <BRNN>69,320000</BRNN>
    <COAC>69,320000</COAC>
    <CORS>69,320000</CORS>
    <FOGN>69,320000</FOGN>
    <FRAN>69,320000</FRAN>
    <GREC>69,320000</GREC>
    <MFTV>69,320000</MFTV>
    <PRGP>69,320000</PRGP>
    <ROSN>69,320000</ROSN>
    <SLOV>69,320000</SLOV>
    <SVIZ>69,320000</SVIZ>
    <BSP>53,910000</BSP>
  </Prezzi>
  <Prezzi>
    <Data>20140414</Data>
    <Mercato>MGP</Mercato>
    <Ora>9</Ora>
    <PUN>80,000000</PUN>
    <NAT>75,820000</NAT>
    <CNOR>78,503439</CNOR>
    <CSUD>78,503439</CSUD>
    <NORD>78,503439</NORD>
    <SARD>78,503439</SARD>
    <SICI>105,000000</SICI>
    <SUD>78,503439</SUD>
    <AUST>78,503439</AUST>
    <BRNN>78,503439</BRNN>
    <COAC>78,503439</COAC>
    <CORS>78,503439</CORS>
    <FOGN>78,503439</FOGN>
    <FRAN>78,503439</FRAN>
    <GREC>78,503439</GREC>
    <MFTV>78,503439</MFTV>
    <PRGP>105,000000</PRGP>
    <ROSN>78,503439</ROSN>
    <SLOV>78,503439</SLOV>
    <SVIZ>78,503439</SVIZ>
    <BSP>62,800000</BSP>
  </Prezzi>
  <Prezzi>
    <Data>20140414</Data>
    <Mercato>MGP</Mercato>
    <Ora>10</Ora>
    <PUN>59,422002</PUN>
    <NAT>57,870000</NAT>
    <CNOR>57,870000</CNOR>
    <CSUD>57,870000</CSUD>
    <NORD>57,870000</NORD>
    <SARD>57,870000</SARD>
    <SICI>85,770000</SICI>
    <SUD>57,870000</SUD>
    <AUST>57,870000</AUST>
    <BRNN>57,870000</BRNN>
    <COAC>57,870000</COAC>
    <CORS>57,870000</CORS>
    <FOGN>57,870000</FOGN>
    <FRAN>57,870000</FRAN>
    <GREC>57,870000</GREC>
    <MFTV>57,870000</MFTV>
    <PRGP>85,770000</PRGP>
    <ROSN>57,870000</ROSN>
    <SLOV>57,870000</SLOV>
    <SVIZ>57,870000</SVIZ>
    <BSP>57,870000</BSP>
  </Prezzi>
  <Prezzi>
    <Data>20140414</Data>
    <Mercato>MGP</Mercato>
    <Ora>11</Ora>
    <PUN>51,073654</PUN>
    <NAT>51,740000</NAT>
    <CNOR>50,840000</CNOR>
    <CSUD>50,840000</CSUD>
    <NORD>50,840000</NORD>
    <SARD>50,840000</SARD>
    <SICI>55,010000</SICI>
    <SUD>50,840000</SUD>
    <AUST>50,840000</AUST>
    <BRNN>50,840000</BRNN>
    <COAC>50,840000</COAC>
    <CORS>50,840000</CORS>
    <FOGN>50,840000</FOGN>
    <FRAN>50,840000</FRAN>
    <GREC>50,840000</GREC>
    <MFTV>50,840000</MFTV>
    <PRGP>55,010000</PRGP>
    <ROSN>50,840000</ROSN>
    <SLOV>50,840000</SLOV>
    <SVIZ>50,840000</SVIZ>
    <BSP>50,840000</BSP>
  </Prezzi>
  <Prezzi>
    <Data>20140414</Data>
    <Mercato>MGP</Mercato>
    <Ora>12</Ora>
    <PUN>46,985368</PUN>
    <NAT>47,150000</NAT>
    <CNOR>46,500000</CNOR>
    <CSUD>46,500000</CSUD>
    <NORD>46,500000</NORD>
    <SARD>46,500000</SARD>
    <SICI>55,010000</SICI>
    <SUD>46,500000</SUD>
    <AUST>46,500000</AUST>
    <BRNN>46,500000</BRNN>
    <COAC>46,500000</COAC>
    <CORS>46,500000</CORS>
    <FOGN>46,500000</FOGN>
    <FRAN>46,500000</FRAN>
    <GREC>46,500000</GREC>
    <MFTV>46,500000</MFTV>
    <PRGP>55,010000</PRGP>
    <ROSN>46,500000</ROSN>
    <SLOV>46,500000</SLOV>
    <SVIZ>46,500000</SVIZ>
    <BSP>46,500000</BSP>
  </Prezzi>
  <Prezzi>
    <Data>20140414</Data>
    <Mercato>MGP</Mercato>
    <Ora>13</Ora>
    <PUN>38,525720</PUN>
    <NAT>37,650000</NAT>
    <CNOR>37,440000</CNOR>
    <CSUD>37,440000</CSUD>
    <NORD>37,440000</NORD>
    <SARD>37,440000</SARD>
    <SICI>55,010000</SICI>
    <SUD>37,440000</SUD>
    <AUST>37,440000</AUST>
    <BRNN>37,440000</BRNN>
    <COAC>37,440000</COAC>
    <CORS>37,440000</CORS>
    <FOGN>37,440000</FOGN>
    <FRAN>37,440000</FRAN>
    <GREC>37,440000</GREC>
    <MFTV>37,440000</MFTV>
    <PRGP>55,010000</PRGP>
    <ROSN>37,440000</ROSN>
    <SLOV>37,440000</SLOV>
    <SVIZ>37,440000</SVIZ>
    <BSP>37,440000</BSP>
  </Prezzi>
  <Prezzi>
    <Data>20140414</Data>
    <Mercato>MGP</Mercato>
    <Ora>14</Ora>
    <PUN>34,343848</PUN>
    <NAT>35,070000</NAT>
    <CNOR>29,150000</CNOR>
    <CSUD>29,150000</CSUD>
    <NORD>35,360000</NORD>
    <SARD>29,150000</SARD>
    <SICI>55,000000</SICI>
    <SUD>29,150000</SUD>
    <AUST>35,360000</AUST>
    <BRNN>29,150000</BRNN>
    <COAC>29,150000</COAC>
    <CORS>29,150000</CORS>
    <FOGN>29,150000</FOGN>
    <FRAN>35,360000</FRAN>
    <GREC>29,150000</GREC>
    <MFTV>35,360000</MFTV>
    <PRGP>55,000000</PRGP>
    <ROSN>29,150000</ROSN>
    <SLOV>35,360000</SLOV>
    <SVIZ>35,360000</SVIZ>
    <BSP>35,360000</BSP>
  </Prezzi>
  <Prezzi>
    <Data>20140414</Data>
    <Mercato>MGP</Mercato>
    <Ora>15</Ora>
    <PUN>39,343393</PUN>
    <NAT>37,650000</NAT>
    <CNOR>37,630000</CNOR>
    <CSUD>37,630000</CSUD>
    <NORD>38,870000</NORD>
    <SARD>37,630000</SARD>
    <SICI>55,000000</SICI>
    <SUD>37,630000</SUD>
    <AUST>38,870000</AUST>
    <BRNN>37,630000</BRNN>
    <COAC>37,630000</COAC>
    <CORS>37,630000</CORS>
    <FOGN>37,630000</FOGN>
    <FRAN>38,870000</FRAN>
    <GREC>37,630000</GREC>
    <MFTV>38,870000</MFTV>
    <PRGP>55,000000</PRGP>
    <ROSN>37,630000</ROSN>
    <SLOV>38,870000</SLOV>
    <SVIZ>38,870000</SVIZ>
    <BSP>38,870000</BSP>
  </Prezzi>
  <Prezzi>
    <Data>20140414</Data>
    <Mercato>MGP</Mercato>
    <Ora>16</Ora>
    <PUN>40,636101</PUN>
    <NAT>41,000000</NAT>
    <CNOR>37,650000</CNOR>
    <CSUD>37,650000</CSUD>
    <NORD>41,000000</NORD>
    <SARD>37,650000</SARD>
    <SICI>55,000000</SICI>
    <SUD>37,650000</SUD>
    <AUST>41,000000</AUST>
    <BRNN>37,650000</BRNN>
    <COAC>37,650000</COAC>
    <CORS>37,650000</CORS>
    <FOGN>37,650000</FOGN>
    <FRAN>41,000000</FRAN>
    <GREC>37,650000</GREC>
    <MFTV>41,000000</MFTV>
    <PRGP>55,000000</PRGP>
    <ROSN>37,650000</ROSN>
    <SLOV>41,000000</SLOV>
    <SVIZ>41,000000</SVIZ>
    <BSP>41,000000</BSP>
  </Prezzi>
  <Prezzi>
    <Data>20140414</Data>
    <Mercato>MGP</Mercato>
    <Ora>17</Ora>
    <PUN>46,964571</PUN>
    <NAT>47,150000</NAT>
    <CNOR>46,500000</CNOR>
    <CSUD>46,500000</CSUD>
    <NORD>46,500000</NORD>
    <SARD>46,500000</SARD>
    <SICI>55,010000</SICI>
    <SUD>46,500000</SUD>
    <AUST>46,500000</AUST>
    <BRNN>46,500000</BRNN>
    <COAC>46,500000</COAC>
    <CORS>46,500000</CORS>
    <FOGN>46,500000</FOGN>
    <FRAN>46,500000</FRAN>
    <GREC>46,500000</GREC>
    <MFTV>46,500000</MFTV>
    <PRGP>55,010000</PRGP>
    <ROSN>46,500000</ROSN>
    <SLOV>46,500000</SLOV>
    <SVIZ>46,500000</SVIZ>
    <BSP>46,500000</BSP>
  </Prezzi>
  <Prezzi>
    <Data>20140414</Data>
    <Mercato>MGP</Mercato>
    <Ora>18</Ora>
    <PUN>47,660000</PUN>
    <NAT>47,150000</NAT>
    <CNOR>45,406385</CNOR>
    <CSUD>45,406385</CSUD>
    <NORD>45,406385</NORD>
    <SARD>45,406385</SARD>
    <SICI>85,770000</SICI>
    <SUD>45,406385</SUD>
    <AUST>45,406385</AUST>
    <BRNN>45,406385</BRNN>
    <COAC>45,406385</COAC>
    <CORS>45,406385</CORS>
    <FOGN>45,406385</FOGN>
    <FRAN>45,406385</FRAN>
    <GREC>45,406385</GREC>
    <MFTV>45,406385</MFTV>
    <PRGP>85,770000</PRGP>
    <ROSN>45,406385</ROSN>
    <SLOV>45,406385</SLOV>
    <SVIZ>45,406385</SVIZ>
    <BSP>45,406385</BSP>
  </Prezzi>
  <Prezzi>
    <Data>20140414</Data>
    <Mercato>MGP</Mercato>
    <Ora>19</Ora>
    <PUN>51,484142</PUN>
    <NAT>49,500000</NAT>
    <CNOR>46,290000</CNOR>
    <CSUD>46,290000</CSUD>
    <NORD>46,290000</NORD>
    <SARD>46,290000</SARD>
    <SICI>135,000000</SICI>
    <SUD>46,290000</SUD>
    <AUST>46,290000</AUST>
    <BRNN>46,290000</BRNN>
    <COAC>46,290000</COAC>
    <CORS>46,290000</CORS>
    <FOGN>46,290000</FOGN>
    <FRAN>46,290000</FRAN>
    <GREC>46,290000</GREC>
    <MFTV>46,290000</MFTV>
    <PRGP>135,000000</PRGP>
    <ROSN>46,290000</ROSN>
    <SLOV>46,290000</SLOV>
    <SVIZ>46,290000</SVIZ>
    <BSP>46,290000</BSP>
  </Prezzi>
  <Prezzi>
    <Data>20140414</Data>
    <Mercato>MGP</Mercato>
    <Ora>20</Ora>
    <PUN>58,265676</PUN>
    <NAT>55,000000</NAT>
    <CNOR>53,430000</CNOR>
    <CSUD>53,430000</CSUD>
    <NORD>53,430000</NORD>
    <SARD>53,430000</SARD>
    <SICI>135,010000</SICI>
    <SUD>53,430000</SUD>
    <AUST>53,430000</AUST>
    <BRNN>51,990000</BRNN>
    <COAC>53,430000</COAC>
    <CORS>53,430000</CORS>
    <FOGN>53,430000</FOGN>
    <FRAN>53,430000</FRAN>
    <GREC>51,990000</GREC>
    <MFTV>53,430000</MFTV>
    <PRGP>135,010000</PRGP>
    <ROSN>53,430000</ROSN>
    <SLOV>53,430000</SLOV>
    <SVIZ>53,430000</SVIZ>
    <BSP>53,430000</BSP>
  </Prezzi>
  <Prezzi>
    <Data>20140414</Data>
    <Mercato>MGP</Mercato>
    <Ora>21</Ora>
    <PUN>76,572007</PUN>
    <NAT>77,540000</NAT>
    <CNOR>72,990000</CNOR>
    <CSUD>72,990000</CSUD>
    <NORD>72,990000</NORD>
    <SARD>72,990000</SARD>
    <SICI>130,020000</SICI>
    <SUD>72,990000</SUD>
    <AUST>72,990000</AUST>
    <BRNN>50,780000</BRNN>
    <COAC>72,990000</COAC>
    <CORS>72,990000</CORS>
    <FOGN>72,990000</FOGN>
    <FRAN>72,990000</FRAN>
    <GREC>50,780000</GREC>
    <MFTV>72,990000</MFTV>
    <PRGP>130,020000</PRGP>
    <ROSN>72,990000</ROSN>
    <SLOV>72,990000</SLOV>
    <SVIZ>72,990000</SVIZ>
    <BSP>72,990000</BSP>
  </Prezzi>
  <Prezzi>
    <Data>20140414</Data>
    <Mercato>MGP</Mercato>
    <Ora>22</Ora>
    <PUN>56,395972</PUN>
    <NAT>55,010000</NAT>
    <CNOR>53,060000</CNOR>
    <CSUD>53,060000</CSUD>
    <NORD>53,060000</NORD>
    <SARD>53,060000</SARD>
    <SICI>105,020000</SICI>
    <SUD>53,060000</SUD>
    <AUST>53,060000</AUST>
    <BRNN>50,810000</BRNN>
    <COAC>53,060000</COAC>
    <CORS>53,060000</CORS>
    <FOGN>53,060000</FOGN>
    <FRAN>53,060000</FRAN>
    <GREC>50,810000</GREC>
    <MFTV>53,060000</MFTV>
    <PRGP>105,020000</PRGP>
    <ROSN>53,060000</ROSN>
    <SLOV>53,060000</SLOV>
    <SVIZ>53,060000</SVIZ>
    <BSP>53,060000</BSP>
  </Prezzi>
  <Prezzi>
    <Data>20140414</Data>
    <Mercato>MGP</Mercato>
    <Ora>23</Ora>
    <PUN>46,090321</PUN>
    <NAT>46,500000</NAT>
    <CNOR>42,830000</CNOR>
    <CSUD>42,830000</CSUD>
    <NORD>42,830000</NORD>
    <SARD>42,830000</SARD>
    <SICI>91,010000</SICI>
    <SUD>42,830000</SUD>
    <AUST>42,830000</AUST>
    <BRNN>42,830000</BRNN>
    <COAC>42,830000</COAC>
    <CORS>42,830000</CORS>
    <FOGN>42,830000</FOGN>
    <FRAN>42,830000</FRAN>
    <GREC>42,830000</GREC>
    <MFTV>42,830000</MFTV>
    <PRGP>91,010000</PRGP>
    <ROSN>42,830000</ROSN>
    <SLOV>42,830000</SLOV>
    <SVIZ>42,830000</SVIZ>
    <BSP>42,830000</BSP>
  </Prezzi>
  <Prezzi>
    <Data>20140414</Data>
    <Mercato>MGP</Mercato>
    <Ora>24</Ora>
    <PUN>39,682625</PUN>
    <NAT>37,630000</NAT>
    <CNOR>36,010000</CNOR>
    <CSUD>36,010000</CSUD>
    <NORD>36,010000</NORD>
    <SARD>36,010000</SARD>
    <SICI>91,000000</SICI>
    <SUD>36,010000</SUD>
    <AUST>36,010000</AUST>
    <BRNN>36,010000</BRNN>
    <COAC>36,010000</COAC>
    <CORS>36,010000</CORS>
    <FOGN>36,010000</FOGN>
    <FRAN>36,010000</FRAN>
    <GREC>36,010000</GREC>
    <MFTV>36,010000</MFTV>
    <PRGP>91,000000</PRGP>
    <ROSN>36,010000</ROSN>
    <SLOV>36,010000</SLOV>
    <SVIZ>36,010000</SVIZ>
    <BSP>36,010000</BSP>
  </Prezzi>
</NewDataSet>