<?xml version="1.0" standalone="yes"?>
<NewDataSet>
  <xs:schema id="NewDataSet" xmlns="" xmlns:xs="http://www.w3.org/2001/XMLSchema" xmlns:msdata="urn:schemas-microsoft-com:xml-msdata">
    <xs:element name="NewDataSet" msdata:IsDataSet="true" msdata:UseCurrentLocale="true">
      <xs:complexType>
        <xs:choice minOccurs="0" maxOccurs="unbounded">
          <xs:element name="Prezzi">
            <xs:complexType>
              <xs:sequence>
                <xs:element name="Data" type="xs:string" minOccurs="0" />
                <xs:element name="Mercato" type="xs:string" minOccurs="0" />
                <xs:element name="Ora" type="xs:string" minOccurs="0" />
                <xs:element name="PUN" type="xs:string" minOccurs="0" />
                <xs:element name="NAT" type="xs:string" minOccurs="0" />
                <xs:element name="CNOR" type="xs:string" minOccurs="0" />
                <xs:element name="CSUD" type="xs:string" minOccurs="0" />
                <xs:element name="NORD" type="xs:string" minOccurs="0" />
                <xs:element name="SARD" type="xs:string" minOccurs="0" />
                <xs:element name="SICI" type="xs:string" minOccurs="0" />
                <xs:element name="SUD" type="xs:string" minOccurs="0" />
                <xs:element name="AUST" type="xs:string" minOccurs="0" />
                <xs:element name="BRNN" type="xs:string" minOccurs="0" />
                <xs:element name="COAC" type="xs:string" minOccurs="0" />
                <xs:element name="CORS" type="xs:string" minOccurs="0" />
                <xs:element name="FOGN" type="xs:string" minOccurs="0" />
                <xs:element name="FRAN" type="xs:string" minOccurs="0" />
                <xs:element name="GREC" type="xs:string" minOccurs="0" />
                <xs:element name="MFTV" type="xs:string" minOccurs="0" />
                <xs:element name="PRGP" type="xs:string" minOccurs="0" />
                <xs:element name="ROSN" type="xs:string" minOccurs="0" />
                <xs:element name="SLOV" type="xs:string" minOccurs="0" />
                <xs:element name="SVIZ" type="xs:string" minOccurs="0" />
                <xs:element name="BSP" type="xs:string" minOccurs="0" />
              </xs:sequence>
            </xs:complexType>
          </xs:element>
        </xs:choice>
      </xs:complexType>
    </xs:element>
  </xs:schema>
  <Prezzi>
    <Data>20140422</Data>
    <Mercato>MGP</Mercato>
    <Ora>1</Ora>
    <PUN>60,745625</PUN>
    <NAT>58,540000</NAT>
    <CNOR>60,000000</CNOR>
    <CSUD>60,000000</CSUD>
    <NORD>60,000000</NORD>
    <SARD>60,000000</SARD>
    <SICI>70,000000</SICI>
    <SUD>60,000000</SUD>
    <AUST>60,000000</AUST>
    <BRNN>60,000000</BRNN>
    <COAC>60,000000</COAC>
    <CORS>60,000000</CORS>
    <FOGN>60,000000</FOGN>
    <FRAN>60,000000</FRAN>
    <GREC>60,000000</GREC>
    <MFTV>60,000000</MFTV>
    <PRGP>70,000000</PRGP>
    <ROSN>60,000000</ROSN>
    <SLOV>60,000000</SLOV>
    <SVIZ>60,000000</SVIZ>
    <BSP>27,000000</BSP>
  </Prezzi>
  <Prezzi>
    <Data>20140422</Data>
    <Mercato>MGP</Mercato>
    <Ora>2</Ora>
    <PUN>52,786351</PUN>
    <NAT>52,340000</NAT>
    <CNOR>52,620000</CNOR>
    <CSUD>52,620000</CSUD>
    <NORD>52,620000</NORD>
    <SARD>52,620000</SARD>
    <SICI>55,010000</SICI>
    <SUD>52,620000</SUD>
    <AUST>52,620000</AUST>
    <BRNN>52,620000</BRNN>
    <COAC>52,620000</COAC>
    <CORS>52,620000</CORS>
    <FOGN>52,620000</FOGN>
    <FRAN>52,620000</FRAN>
    <GREC>52,620000</GREC>
    <MFTV>52,620000</MFTV>
    <PRGP>55,010000</PRGP>
    <ROSN>52,620000</ROSN>
    <SLOV>52,620000</SLOV>
    <SVIZ>52,620000</SVIZ>
    <BSP>23,600000</BSP>
  </Prezzi>
  <Prezzi>
    <Data>20140422</Data>
    <Mercato>MGP</Mercato>
    <Ora>3</Ora>
    <PUN>49,409723</PUN>
    <NAT>47,100000</NAT>
    <CNOR>49,000000</CNOR>
    <CSUD>49,000000</CSUD>
    <NORD>49,000000</NORD>
    <SARD>49,000000</SARD>
    <SICI>55,010000</SICI>
    <SUD>49,000000</SUD>
    <AUST>49,000000</AUST>
    <BRNN>49,000000</BRNN>
    <COAC>49,000000</COAC>
    <CORS>49,000000</CORS>
    <FOGN>49,000000</FOGN>
    <FRAN>49,000000</FRAN>
    <GREC>49,000000</GREC>
    <MFTV>49,000000</MFTV>
    <PRGP>55,010000</PRGP>
    <ROSN>49,000000</ROSN>
    <SLOV>49,000000</SLOV>
    <SVIZ>49,000000</SVIZ>
    <BSP>21,700000</BSP>
  </Prezzi>
  <Prezzi>
    <Data>20140422</Data>
    <Mercato>MGP</Mercato>
    <Ora>4</Ora>
    <PUN>47,139511</PUN>
    <NAT>38,790000</NAT>
    <CNOR>46,580000</CNOR>
    <CSUD>46,580000</CSUD>
    <NORD>46,580000</NORD>
    <SARD>46,580000</SARD>
    <SICI>55,000000</SICI>
    <SUD>46,580000</SUD>
    <AUST>46,580000</AUST>
    <BRNN>46,580000</BRNN>
    <COAC>46,580000</COAC>
    <CORS>46,580000</CORS>
    <FOGN>46,580000</FOGN>
    <FRAN>46,580000</FRAN>
    <GREC>46,580000</GREC>
    <MFTV>46,580000</MFTV>
    <PRGP>55,000000</PRGP>
    <ROSN>46,580000</ROSN>
    <SLOV>46,580000</SLOV>
    <SVIZ>46,580000</SVIZ>
    <BSP>20,700000</BSP>
  </Prezzi>
  <Prezzi>
    <Data>20140422</Data>
    <Mercato>MGP</Mercato>
    <Ora>5</Ora>
    <PUN>50,213078</PUN>
    <NAT>47,630000</NAT>
    <CNOR>49,880000</CNOR>
    <CSUD>49,880000</CSUD>
    <NORD>49,880000</NORD>
    <SARD>49,880000</SARD>
    <SICI>55,000000</SICI>
    <SUD>49,880000</SUD>
    <AUST>49,880000</AUST>
    <BRNN>49,880000</BRNN>
    <COAC>49,880000</COAC>
    <CORS>49,880000</CORS>
    <FOGN>49,880000</FOGN>
    <FRAN>49,880000</FRAN>
    <GREC>49,880000</GREC>
    <MFTV>49,880000</MFTV>
    <PRGP>55,000000</PRGP>
    <ROSN>49,880000</ROSN>
    <SLOV>49,880000</SLOV>
    <SVIZ>49,880000</SVIZ>
    <BSP>22,800000</BSP>
  </Prezzi>
  <Prezzi>
    <Data>20140422</Data>
    <Mercato>MGP</Mercato>
    <Ora>6</Ora>
    <PUN>56,610000</PUN>
    <NAT>55,170000</NAT>
    <CNOR>56,610000</CNOR>
    <CSUD>56,610000</CSUD>
    <NORD>56,610000</NORD>
    <SARD>56,610000</SARD>
    <SICI>56,610000</SICI>
    <SUD>56,610000</SUD>
    <AUST>56,610000</AUST>
    <BRNN>56,610000</BRNN>
    <COAC>56,610000</COAC>
    <CORS>56,610000</CORS>
    <FOGN>56,610000</FOGN>
    <FRAN>56,610000</FRAN>
    <GREC>56,610000</GREC>
    <MFTV>56,610000</MFTV>
    <PRGP>56,610000</PRGP>
    <ROSN>56,610000</ROSN>
    <SLOV>56,610000</SLOV>
    <SVIZ>56,610000</SVIZ>
    <BSP>27,170000</BSP>
  </Prezzi>
  <Prezzi>
    <Data>20140422</Data>
    <Mercato>MGP</Mercato>
    <Ora>7</Ora>
    <PUN>78,482854</PUN>
    <NAT>70,020000</NAT>
    <CNOR>79,000000</CNOR>
    <CSUD>79,000000</CSUD>
    <NORD>79,000000</NORD>
    <SARD>79,000000</SARD>
    <SICI>70,020000</SICI>
    <SUD>79,000000</SUD>
    <AUST>79,000000</AUST>
    <BRNN>79,000000</BRNN>
    <COAC>79,000000</COAC>
    <CORS>79,000000</CORS>
    <FOGN>79,000000</FOGN>
    <FRAN>79,000000</FRAN>
    <GREC>79,000000</GREC>
    <MFTV>79,000000</MFTV>
    <PRGP>70,020000</PRGP>
    <ROSN>79,000000</ROSN>
    <SLOV>79,000000</SLOV>
    <SVIZ>79,000000</SVIZ>
    <BSP>43,210000</BSP>
  </Prezzi>
  <Prezzi>
    <Data>20140422</Data>
    <Mercato>MGP</Mercato>
    <Ora>8</Ora>
    <PUN>76,198145</PUN>
    <NAT>77,000000</NAT>
    <CNOR>74,970000</CNOR>
    <CSUD>74,970000</CSUD>
    <NORD>74,970000</NORD>
    <SARD>74,970000</SARD>
    <SICI>95,010000</SICI>
    <SUD>74,970000</SUD>
    <AUST>74,970000</AUST>
    <BRNN>74,970000</BRNN>
    <COAC>74,970000</COAC>
    <CORS>74,970000</CORS>
    <FOGN>74,970000</FOGN>
    <FRAN>74,970000</FRAN>
    <GREC>74,970000</GREC>
    <MFTV>74,970000</MFTV>
    <PRGP>95,010000</PRGP>
    <ROSN>74,970000</ROSN>
    <SLOV>74,970000</SLOV>
    <SVIZ>74,970000</SVIZ>
    <BSP>61,000000</BSP>
  </Prezzi>
  <Prezzi>
    <Data>20140422</Data>
    <Mercato>MGP</Mercato>
    <Ora>9</Ora>
    <PUN>90,847721</PUN>
    <NAT>89,960000</NAT>
    <CNOR>89,960000</CNOR>
    <CSUD>89,960000</CSUD>
    <NORD>89,960000</NORD>
    <SARD>89,960000</SARD>
    <SICI>105,000000</SICI>
    <SUD>89,960000</SUD>
    <AUST>89,960000</AUST>
    <BRNN>89,960000</BRNN>
    <COAC>89,960000</COAC>
    <CORS>89,960000</CORS>
    <FOGN>89,960000</FOGN>
    <FRAN>89,960000</FRAN>
    <GREC>89,960000</GREC>
    <MFTV>89,960000</MFTV>
    <PRGP>105,000000</PRGP>
    <ROSN>89,960000</ROSN>
    <SLOV>89,960000</SLOV>
    <SVIZ>89,960000</SVIZ>
    <BSP>71,140000</BSP>
  </Prezzi>
  <Prezzi>
    <Data>20140422</Data>
    <Mercato>MGP</Mercato>
    <Ora>10</Ora>
    <PUN>80,000000</PUN>
    <NAT>78,950000</NAT>
    <CNOR>78,420175</CNOR>
    <CSUD>78,420175</CSUD>
    <NORD>78,420175</NORD>
    <SARD>78,420175</SARD>
    <SICI>105,000000</SICI>
    <SUD>78,420175</SUD>
    <AUST>78,420175</AUST>
    <BRNN>78,420175</BRNN>
    <COAC>78,420175</COAC>
    <CORS>78,420175</CORS>
    <FOGN>78,420175</FOGN>
    <FRAN>78,420175</FRAN>
    <GREC>78,420175</GREC>
    <MFTV>78,420175</MFTV>
    <PRGP>105,000000</PRGP>
    <ROSN>78,420175</ROSN>
    <SLOV>78,420175</SLOV>
    <SVIZ>78,420175</SVIZ>
    <BSP>55,000000</BSP>
  </Prezzi>
  <Prezzi>
    <Data>20140422</Data>
    <Mercato>MGP</Mercato>
    <Ora>11</Ora>
    <PUN>69,207544</PUN>
    <NAT>70,730000</NAT>
    <CNOR>60,490000</CNOR>
    <CSUD>60,490000</CSUD>
    <NORD>70,880000</NORD>
    <SARD>60,490000</SARD>
    <SICI>105,000000</SICI>
    <SUD>60,490000</SUD>
    <AUST>70,880000</AUST>
    <BRNN>60,490000</BRNN>
    <COAC>60,490000</COAC>
    <CORS>60,490000</CORS>
    <FOGN>60,490000</FOGN>
    <FRAN>70,880000</FRAN>
    <GREC>60,490000</GREC>
    <MFTV>70,880000</MFTV>
    <PRGP>105,000000</PRGP>
    <ROSN>60,490000</ROSN>
    <SLOV>70,880000</SLOV>
    <SVIZ>70,880000</SVIZ>
    <BSP>61,500000</BSP>
  </Prezzi>
  <Prezzi>
    <Data>20140422</Data>
    <Mercato>MGP</Mercato>
    <Ora>12</Ora>
    <PUN>65,311103</PUN>
    <NAT>66,470000</NAT>
    <CNOR>57,170000</CNOR>
    <CSUD>57,170000</CSUD>
    <NORD>70,880000</NORD>
    <SARD>57,170000</SARD>
    <SICI>57,170000</SICI>
    <SUD>57,170000</SUD>
    <AUST>70,880000</AUST>
    <BRNN>57,170000</BRNN>
    <COAC>57,170000</COAC>
    <CORS>57,170000</CORS>
    <FOGN>57,170000</FOGN>
    <FRAN>70,880000</FRAN>
    <GREC>57,170000</GREC>
    <MFTV>70,880000</MFTV>
    <PRGP>57,170000</PRGP>
    <ROSN>57,170000</ROSN>
    <SLOV>70,880000</SLOV>
    <SVIZ>70,880000</SVIZ>
    <BSP>65,640000</BSP>
  </Prezzi>
  <Prezzi>
    <Data>20140422</Data>
    <Mercato>MGP</Mercato>
    <Ora>13</Ora>
    <PUN>55,565484</PUN>
    <NAT>55,890000</NAT>
    <CNOR>52,510000</CNOR>
    <CSUD>52,510000</CSUD>
    <NORD>57,510000</NORD>
    <SARD>52,510000</SARD>
    <SICI>55,000000</SICI>
    <SUD>52,510000</SUD>
    <AUST>57,510000</AUST>
    <BRNN>52,510000</BRNN>
    <COAC>52,510000</COAC>
    <CORS>52,510000</CORS>
    <FOGN>52,510000</FOGN>
    <FRAN>57,510000</FRAN>
    <GREC>52,510000</GREC>
    <MFTV>57,510000</MFTV>
    <PRGP>55,000000</PRGP>
    <ROSN>52,510000</ROSN>
    <SLOV>57,510000</SLOV>
    <SVIZ>57,510000</SVIZ>
    <BSP>50,000000</BSP>
  </Prezzi>
  <Prezzi>
    <Data>20140422</Data>
    <Mercato>MGP</Mercato>
    <Ora>14</Ora>
    <PUN>50,194580</PUN>
    <NAT>54,690000</NAT>
    <CNOR>37,820000</CNOR>
    <CSUD>37,820000</CSUD>
    <NORD>57,010000</NORD>
    <SARD>37,820000</SARD>
    <SICI>55,000000</SICI>
    <SUD>37,820000</SUD>
    <AUST>57,010000</AUST>
    <BRNN>37,820000</BRNN>
    <COAC>37,820000</COAC>
    <CORS>37,820000</CORS>
    <FOGN>37,820000</FOGN>
    <FRAN>57,010000</FRAN>
    <GREC>37,820000</GREC>
    <MFTV>57,010000</MFTV>
    <PRGP>55,000000</PRGP>
    <ROSN>37,820000</ROSN>
    <SLOV>57,010000</SLOV>
    <SVIZ>57,010000</SVIZ>
    <BSP>44,000000</BSP>
  </Prezzi>
  <Prezzi>
    <Data>20140422</Data>
    <Mercato>MGP</Mercato>
    <Ora>15</Ora>
    <PUN>56,235991</PUN>
    <NAT>57,010000</NAT>
    <CNOR>48,170000</CNOR>
    <CSUD>48,170000</CSUD>
    <NORD>61,010000</NORD>
    <SARD>48,170000</SARD>
    <SICI>55,000000</SICI>
    <SUD>48,170000</SUD>
    <AUST>61,010000</AUST>
    <BRNN>48,170000</BRNN>
    <COAC>48,170000</COAC>
    <CORS>48,170000</CORS>
    <FOGN>48,170000</FOGN>
    <FRAN>61,010000</FRAN>
    <GREC>48,170000</GREC>
    <MFTV>61,010000</MFTV>
    <PRGP>55,000000</PRGP>
    <ROSN>48,170000</ROSN>
    <SLOV>61,010000</SLOV>
    <SVIZ>61,010000</SVIZ>
    <BSP>42,690000</BSP>
  </Prezzi>
  <Prezzi>
    <Data>20140422</Data>
    <Mercato>MGP</Mercato>
    <Ora>16</Ora>
    <PUN>62,036526</PUN>
    <NAT>59,740000</NAT>
    <CNOR>65,150000</CNOR>
    <CSUD>55,130000</CSUD>
    <NORD>65,150000</NORD>
    <SARD>55,130000</SARD>
    <SICI>55,130000</SICI>
    <SUD>55,130000</SUD>
    <AUST>65,150000</AUST>
    <BRNN>55,130000</BRNN>
    <COAC>55,130000</COAC>
    <CORS>55,130000</CORS>
    <FOGN>55,130000</FOGN>
    <FRAN>65,150000</FRAN>
    <GREC>55,130000</GREC>
    <MFTV>65,150000</MFTV>
    <PRGP>55,130000</PRGP>
    <ROSN>55,130000</ROSN>
    <SLOV>65,150000</SLOV>
    <SVIZ>65,150000</SVIZ>
    <BSP>42,000000</BSP>
  </Prezzi>
  <Prezzi>
    <Data>20140422</Data>
    <Mercato>MGP</Mercato>
    <Ora>17</Ora>
    <PUN>68,786719</PUN>
    <NAT>61,010000</NAT>
    <CNOR>54,100000</CNOR>
    <CSUD>54,100000</CSUD>
    <NORD>78,980000</NORD>
    <SARD>54,100000</SARD>
    <SICI>55,010000</SICI>
    <SUD>54,100000</SUD>
    <AUST>78,980000</AUST>
    <BRNN>54,100000</BRNN>
    <COAC>54,100000</COAC>
    <CORS>54,100000</CORS>
    <FOGN>54,100000</FOGN>
    <FRAN>78,980000</FRAN>
    <GREC>54,100000</GREC>
    <MFTV>78,980000</MFTV>
    <PRGP>55,010000</PRGP>
    <ROSN>54,100000</ROSN>
    <SLOV>78,980000</SLOV>
    <SVIZ>78,980000</SVIZ>
    <BSP>42,110000</BSP>
  </Prezzi>
  <Prezzi>
    <Data>20140422</Data>
    <Mercato>MGP</Mercato>
    <Ora>18</Ora>
    <PUN>68,449284</PUN>
    <NAT>64,360000</NAT>
    <CNOR>64,360000</CNOR>
    <CSUD>64,360000</CSUD>
    <NORD>64,360000</NORD>
    <SARD>64,360000</SARD>
    <SICI>133,870000</SICI>
    <SUD>64,360000</SUD>
    <AUST>64,360000</AUST>
    <BRNN>64,360000</BRNN>
    <COAC>64,360000</COAC>
    <CORS>64,360000</CORS>
    <FOGN>64,360000</FOGN>
    <FRAN>64,360000</FRAN>
    <GREC>64,360000</GREC>
    <MFTV>64,360000</MFTV>
    <PRGP>133,870000</PRGP>
    <ROSN>64,360000</ROSN>
    <SLOV>64,360000</SLOV>
    <SVIZ>64,360000</SVIZ>
    <BSP>44,000000</BSP>
  </Prezzi>
  <Prezzi>
    <Data>20140422</Data>
    <Mercato>MGP</Mercato>
    <Ora>19</Ora>
    <PUN>68,560000</PUN>
    <NAT>66,470000</NAT>
    <CNOR>64,376712</CNOR>
    <CSUD>64,376712</CSUD>
    <NORD>64,376712</NORD>
    <SARD>64,376712</SARD>
    <SICI>135,010000</SICI>
    <SUD>64,376712</SUD>
    <AUST>64,376712</AUST>
    <BRNN>64,376712</BRNN>
    <COAC>64,376712</COAC>
    <CORS>64,376712</CORS>
    <FOGN>64,376712</FOGN>
    <FRAN>64,376712</FRAN>
    <GREC>64,376712</GREC>
    <MFTV>64,376712</MFTV>
    <PRGP>135,010000</PRGP>
    <ROSN>64,376712</ROSN>
    <SLOV>64,376712</SLOV>
    <SVIZ>64,376712</SVIZ>
    <BSP>50,010000</BSP>
  </Prezzi>
  <Prezzi>
    <Data>20140422</Data>
    <Mercato>MGP</Mercato>
    <Ora>20</Ora>
    <PUN>76,285169</PUN>
    <NAT>74,970000</NAT>
    <CNOR>72,390000</CNOR>
    <CSUD>72,390000</CSUD>
    <NORD>72,390000</NORD>
    <SARD>72,390000</SARD>
    <SICI>135,010000</SICI>
    <SUD>72,390000</SUD>
    <AUST>72,390000</AUST>
    <BRNN>72,390000</BRNN>
    <COAC>72,390000</COAC>
    <CORS>72,390000</CORS>
    <FOGN>72,390000</FOGN>
    <FRAN>72,390000</FRAN>
    <GREC>72,390000</GREC>
    <MFTV>72,390000</MFTV>
    <PRGP>135,010000</PRGP>
    <ROSN>72,390000</ROSN>
    <SLOV>72,390000</SLOV>
    <SVIZ>72,390000</SVIZ>
    <BSP>58,000000</BSP>
  </Prezzi>
  <Prezzi>
    <Data>20140422</Data>
    <Mercato>MGP</Mercato>
    <Ora>21</Ora>
    <PUN>90,579617</PUN>
    <NAT>89,990000</NAT>
    <CNOR>87,910000</CNOR>
    <CSUD>87,910000</CSUD>
    <NORD>87,910000</NORD>
    <SARD>87,910000</SARD>
    <SICI>130,020000</SICI>
    <SUD>87,910000</SUD>
    <AUST>87,910000</AUST>
    <BRNN>87,910000</BRNN>
    <COAC>87,910000</COAC>
    <CORS>87,910000</CORS>
    <FOGN>87,910000</FOGN>
    <FRAN>87,910000</FRAN>
    <GREC>87,910000</GREC>
    <MFTV>87,910000</MFTV>
    <PRGP>130,020000</PRGP>
    <ROSN>87,910000</ROSN>
    <SLOV>87,910000</SLOV>
    <SVIZ>87,910000</SVIZ>
    <BSP>75,000000</BSP>
  </Prezzi>
  <Prezzi>
    <Data>20140422</Data>
    <Mercato>MGP</Mercato>
    <Ora>22</Ora>
    <PUN>75,173746</PUN>
    <NAT>74,990000</NAT>
    <CNOR>73,130000</CNOR>
    <CSUD>73,130000</CSUD>
    <NORD>73,130000</NORD>
    <SARD>73,130000</SARD>
    <SICI>105,020000</SICI>
    <SUD>73,130000</SUD>
    <AUST>73,130000</AUST>
    <BRNN>73,130000</BRNN>
    <COAC>73,130000</COAC>
    <CORS>73,130000</CORS>
    <FOGN>73,130000</FOGN>
    <FRAN>73,130000</FRAN>
    <GREC>73,130000</GREC>
    <MFTV>73,130000</MFTV>
    <PRGP>105,020000</PRGP>
    <ROSN>73,130000</ROSN>
    <SLOV>73,130000</SLOV>
    <SVIZ>73,130000</SVIZ>
    <BSP>55,000000</BSP>
  </Prezzi>
  <Prezzi>
    <Data>20140422</Data>
    <Mercato>MGP</Mercato>
    <Ora>23</Ora>
    <PUN>66,738833</PUN>
    <NAT>65,930000</NAT>
    <CNOR>64,990000</CNOR>
    <CSUD>64,990000</CSUD>
    <NORD>64,990000</NORD>
    <SARD>64,990000</SARD>
    <SICI>91,010000</SICI>
    <SUD>64,990000</SUD>
    <AUST>64,990000</AUST>
    <BRNN>64,990000</BRNN>
    <COAC>64,990000</COAC>
    <CORS>64,990000</CORS>
    <FOGN>64,990000</FOGN>
    <FRAN>64,990000</FRAN>
    <GREC>64,990000</GREC>
    <MFTV>64,990000</MFTV>
    <PRGP>91,010000</PRGP>
    <ROSN>64,990000</ROSN>
    <SLOV>64,990000</SLOV>
    <SVIZ>64,990000</SVIZ>
    <BSP>56,000000</BSP>
  </Prezzi>
  <Prezzi>
    <Data>20140422</Data>
    <Mercato>MGP</Mercato>
    <Ora>24</Ora>
    <PUN>57,335991</PUN>
    <NAT>55,000000</NAT>
    <CNOR>54,960000</CNOR>
    <CSUD>54,960000</CSUD>
    <NORD>54,960000</NORD>
    <SARD>54,960000</SARD>
    <SICI>91,000000</SICI>
    <SUD>54,960000</SUD>
    <AUST>54,960000</AUST>
    <BRNN>54,960000</BRNN>
    <COAC>54,960000</COAC>
    <CORS>54,960000</CORS>
    <FOGN>54,960000</FOGN>
    <FRAN>54,960000</FRAN>
    <GREC>54,960000</GREC>
    <MFTV>54,960000</MFTV>
    <PRGP>91,000000</PRGP>
    <ROSN>54,960000</ROSN>
    <SLOV>54,960000</SLOV>
    <SVIZ>54,960000</SVIZ>
    <BSP>41,380000</BSP>
  </Prezzi>
</NewDataSet>