<?xml version="1.0" standalone="yes"?>
<NewDataSet>
  <xs:schema id="NewDataSet" xmlns="" xmlns:xs="http://www.w3.org/2001/XMLSchema" xmlns:msdata="urn:schemas-microsoft-com:xml-msdata">
    <xs:element name="NewDataSet" msdata:IsDataSet="true" msdata:UseCurrentLocale="true">
      <xs:complexType>
        <xs:choice minOccurs="0" maxOccurs="unbounded">
          <xs:element name="Prezzi">
            <xs:complexType>
              <xs:sequence>
                <xs:element name="Data" type="xs:string" minOccurs="0" />
                <xs:element name="Mercato" type="xs:string" minOccurs="0" />
                <xs:element name="Ora" type="xs:string" minOccurs="0" />
                <xs:element name="PUN" type="xs:string" minOccurs="0" />
                <xs:element name="NAT" type="xs:string" minOccurs="0" />
                <xs:element name="CNOR" type="xs:string" minOccurs="0" />
                <xs:element name="CSUD" type="xs:string" minOccurs="0" />
                <xs:element name="NORD" type="xs:string" minOccurs="0" />
                <xs:element name="SARD" type="xs:string" minOccurs="0" />
                <xs:element name="SICI" type="xs:string" minOccurs="0" />
                <xs:element name="SUD" type="xs:string" minOccurs="0" />
                <xs:element name="AUST" type="xs:string" minOccurs="0" />
                <xs:element name="BRNN" type="xs:string" minOccurs="0" />
                <xs:element name="COAC" type="xs:string" minOccurs="0" />
                <xs:element name="CORS" type="xs:string" minOccurs="0" />
                <xs:element name="FOGN" type="xs:string" minOccurs="0" />
                <xs:element name="FRAN" type="xs:string" minOccurs="0" />
                <xs:element name="GREC" type="xs:string" minOccurs="0" />
                <xs:element name="MFTV" type="xs:string" minOccurs="0" />
                <xs:element name="PRGP" type="xs:string" minOccurs="0" />
                <xs:element name="ROSN" type="xs:string" minOccurs="0" />
                <xs:element name="SLOV" type="xs:string" minOccurs="0" />
                <xs:element name="SVIZ" type="xs:string" minOccurs="0" />
                <xs:element name="BSP" type="xs:string" minOccurs="0" />
              </xs:sequence>
            </xs:complexType>
          </xs:element>
        </xs:choice>
      </xs:complexType>
    </xs:element>
  </xs:schema>
  <Prezzi>
    <Data>20140428</Data>
    <Mercato>MGP</Mercato>
    <Ora>1</Ora>
    <PUN>37,090815</PUN>
    <NAT>35,010000</NAT>
    <CNOR>35,650000</CNOR>
    <CSUD>35,650000</CSUD>
    <NORD>35,650000</NORD>
    <SARD>35,650000</SARD>
    <SICI>55,000000</SICI>
    <SUD>35,650000</SUD>
    <AUST>35,650000</AUST>
    <BRNN>35,650000</BRNN>
    <COAC>35,650000</COAC>
    <CORS>35,650000</CORS>
    <FOGN>35,650000</FOGN>
    <FRAN>35,650000</FRAN>
    <GREC>35,650000</GREC>
    <MFTV>35,650000</MFTV>
    <PRGP>55,000000</PRGP>
    <ROSN>35,650000</ROSN>
    <SLOV>35,650000</SLOV>
    <SVIZ>35,650000</SVIZ>
    <BSP>30,100000</BSP>
  </Prezzi>
  <Prezzi>
    <Data>20140428</Data>
    <Mercato>MGP</Mercato>
    <Ora>2</Ora>
    <PUN>28,670000</PUN>
    <NAT>28,100000</NAT>
    <CNOR>28,670000</CNOR>
    <CSUD>28,670000</CSUD>
    <NORD>28,670000</NORD>
    <SARD>28,670000</SARD>
    <SICI>28,670000</SICI>
    <SUD>28,670000</SUD>
    <AUST>28,670000</AUST>
    <BRNN>28,670000</BRNN>
    <COAC>28,670000</COAC>
    <CORS>28,670000</CORS>
    <FOGN>28,670000</FOGN>
    <FRAN>28,670000</FRAN>
    <GREC>28,670000</GREC>
    <MFTV>28,670000</MFTV>
    <PRGP>28,670000</PRGP>
    <ROSN>28,670000</ROSN>
    <SLOV>28,670000</SLOV>
    <SVIZ>28,670000</SVIZ>
    <BSP>27,620000</BSP>
  </Prezzi>
  <Prezzi>
    <Data>20140428</Data>
    <Mercato>MGP</Mercato>
    <Ora>3</Ora>
    <PUN>24,640000</PUN>
    <NAT>24,640000</NAT>
    <CNOR>24,640000</CNOR>
    <CSUD>24,640000</CSUD>
    <NORD>24,640000</NORD>
    <SARD>24,640000</SARD>
    <SICI>24,640000</SICI>
    <SUD>24,640000</SUD>
    <AUST>24,640000</AUST>
    <BRNN>24,640000</BRNN>
    <COAC>24,640000</COAC>
    <CORS>24,640000</CORS>
    <FOGN>24,640000</FOGN>
    <FRAN>24,640000</FRAN>
    <GREC>24,640000</GREC>
    <MFTV>24,640000</MFTV>
    <PRGP>24,640000</PRGP>
    <ROSN>24,640000</ROSN>
    <SLOV>24,640000</SLOV>
    <SVIZ>24,640000</SVIZ>
    <BSP>24,640000</BSP>
  </Prezzi>
  <Prezzi>
    <Data>20140428</Data>
    <Mercato>MGP</Mercato>
    <Ora>4</Ora>
    <PUN>22,870000</PUN>
    <NAT>22,870000</NAT>
    <CNOR>22,870000</CNOR>
    <CSUD>22,870000</CSUD>
    <NORD>22,870000</NORD>
    <SARD>22,870000</SARD>
    <SICI>22,870000</SICI>
    <SUD>22,870000</SUD>
    <AUST>22,870000</AUST>
    <BRNN>22,870000</BRNN>
    <COAC>22,870000</COAC>
    <CORS>22,870000</CORS>
    <FOGN>22,870000</FOGN>
    <FRAN>22,870000</FRAN>
    <GREC>22,870000</GREC>
    <MFTV>22,870000</MFTV>
    <PRGP>22,870000</PRGP>
    <ROSN>22,870000</ROSN>
    <SLOV>22,870000</SLOV>
    <SVIZ>22,870000</SVIZ>
    <BSP>22,870000</BSP>
  </Prezzi>
  <Prezzi>
    <Data>20140428</Data>
    <Mercato>MGP</Mercato>
    <Ora>5</Ora>
    <PUN>24,900000</PUN>
    <NAT>24,900000</NAT>
    <CNOR>24,900000</CNOR>
    <CSUD>24,900000</CSUD>
    <NORD>24,900000</NORD>
    <SARD>24,900000</SARD>
    <SICI>24,900000</SICI>
    <SUD>24,900000</SUD>
    <AUST>24,900000</AUST>
    <BRNN>24,900000</BRNN>
    <COAC>24,900000</COAC>
    <CORS>24,900000</CORS>
    <FOGN>24,900000</FOGN>
    <FRAN>24,900000</FRAN>
    <GREC>24,900000</GREC>
    <MFTV>24,900000</MFTV>
    <PRGP>24,900000</PRGP>
    <ROSN>24,900000</ROSN>
    <SLOV>24,900000</SLOV>
    <SVIZ>24,900000</SVIZ>
    <BSP>24,900000</BSP>
  </Prezzi>
  <Prezzi>
    <Data>20140428</Data>
    <Mercato>MGP</Mercato>
    <Ora>6</Ora>
    <PUN>32,710000</PUN>
    <NAT>32,710000</NAT>
    <CNOR>32,710000</CNOR>
    <CSUD>32,710000</CSUD>
    <NORD>32,710000</NORD>
    <SARD>32,710000</SARD>
    <SICI>32,710000</SICI>
    <SUD>32,710000</SUD>
    <AUST>32,710000</AUST>
    <BRNN>32,710000</BRNN>
    <COAC>32,710000</COAC>
    <CORS>32,710000</CORS>
    <FOGN>32,710000</FOGN>
    <FRAN>32,710000</FRAN>
    <GREC>32,710000</GREC>
    <MFTV>32,710000</MFTV>
    <PRGP>32,710000</PRGP>
    <ROSN>32,710000</ROSN>
    <SLOV>32,710000</SLOV>
    <SVIZ>32,710000</SVIZ>
    <BSP>28,700000</BSP>
  </Prezzi>
  <Prezzi>
    <Data>20140428</Data>
    <Mercato>MGP</Mercato>
    <Ora>7</Ora>
    <PUN>43,734183</PUN>
    <NAT>45,000000</NAT>
    <CNOR>45,000000</CNOR>
    <CSUD>38,000000</CSUD>
    <NORD>45,000000</NORD>
    <SARD>38,000000</SARD>
    <SICI>55,000000</SICI>
    <SUD>38,000000</SUD>
    <AUST>45,000000</AUST>
    <BRNN>38,000000</BRNN>
    <COAC>38,000000</COAC>
    <CORS>38,000000</CORS>
    <FOGN>38,000000</FOGN>
    <FRAN>45,000000</FRAN>
    <GREC>38,000000</GREC>
    <MFTV>45,000000</MFTV>
    <PRGP>55,000000</PRGP>
    <ROSN>38,000000</ROSN>
    <SLOV>45,000000</SLOV>
    <SVIZ>45,000000</SVIZ>
    <BSP>45,000000</BSP>
  </Prezzi>
  <Prezzi>
    <Data>20140428</Data>
    <Mercato>MGP</Mercato>
    <Ora>8</Ora>
    <PUN>53,359245</PUN>
    <NAT>55,010000</NAT>
    <CNOR>38,000000</CNOR>
    <CSUD>38,000000</CSUD>
    <NORD>58,030000</NORD>
    <SARD>38,000000</SARD>
    <SICI>95,000000</SICI>
    <SUD>38,000000</SUD>
    <AUST>58,030000</AUST>
    <BRNN>38,000000</BRNN>
    <COAC>38,000000</COAC>
    <CORS>38,000000</CORS>
    <FOGN>38,000000</FOGN>
    <FRAN>58,030000</FRAN>
    <GREC>38,000000</GREC>
    <MFTV>58,030000</MFTV>
    <PRGP>95,000000</PRGP>
    <ROSN>38,000000</ROSN>
    <SLOV>58,030000</SLOV>
    <SVIZ>58,030000</SVIZ>
    <BSP>58,000000</BSP>
  </Prezzi>
  <Prezzi>
    <Data>20140428</Data>
    <Mercato>MGP</Mercato>
    <Ora>9</Ora>
    <PUN>98,330000</PUN>
    <NAT>87,150000</NAT>
    <CNOR>46,000000</CNOR>
    <CSUD>46,000000</CSUD>
    <NORD>126,688185</NORD>
    <SARD>46,000000</SARD>
    <SICI>105,000000</SICI>
    <SUD>46,000000</SUD>
    <AUST>126,688185</AUST>
    <BRNN>46,000000</BRNN>
    <COAC>46,000000</COAC>
    <CORS>46,000000</CORS>
    <FOGN>46,000000</FOGN>
    <FRAN>126,688185</FRAN>
    <GREC>46,000000</GREC>
    <MFTV>126,688185</MFTV>
    <PRGP>105,000000</PRGP>
    <ROSN>46,000000</ROSN>
    <SLOV>126,688185</SLOV>
    <SVIZ>126,688185</SVIZ>
    <BSP>71,000000</BSP>
  </Prezzi>
  <Prezzi>
    <Data>20140428</Data>
    <Mercato>MGP</Mercato>
    <Ora>10</Ora>
    <PUN>101,275947</PUN>
    <NAT>80,000000</NAT>
    <CNOR>38,000000</CNOR>
    <CSUD>38,000000</CSUD>
    <NORD>140,040000</NORD>
    <SARD>38,000000</SARD>
    <SICI>55,010000</SICI>
    <SUD>38,000000</SUD>
    <AUST>140,040000</AUST>
    <BRNN>38,000000</BRNN>
    <COAC>38,000000</COAC>
    <CORS>38,000000</CORS>
    <FOGN>38,000000</FOGN>
    <FRAN>140,040000</FRAN>
    <GREC>38,000000</GREC>
    <MFTV>140,040000</MFTV>
    <PRGP>55,010000</PRGP>
    <ROSN>38,000000</ROSN>
    <SLOV>140,040000</SLOV>
    <SVIZ>140,040000</SVIZ>
    <BSP>63,190000</BSP>
  </Prezzi>
  <Prezzi>
    <Data>20140428</Data>
    <Mercato>MGP</Mercato>
    <Ora>11</Ora>
    <PUN>76,610000</PUN>
    <NAT>63,000000</NAT>
    <CNOR>33,100000</CNOR>
    <CSUD>33,100000</CSUD>
    <NORD>102,077168</NORD>
    <SARD>33,100000</SARD>
    <SICI>55,000000</SICI>
    <SUD>33,100000</SUD>
    <AUST>102,077168</AUST>
    <BRNN>33,100000</BRNN>
    <COAC>33,100000</COAC>
    <CORS>33,100000</CORS>
    <FOGN>33,100000</FOGN>
    <FRAN>102,077168</FRAN>
    <GREC>33,100000</GREC>
    <MFTV>102,077168</MFTV>
    <PRGP>55,000000</PRGP>
    <ROSN>33,100000</ROSN>
    <SLOV>102,077168</SLOV>
    <SVIZ>102,077168</SVIZ>
    <BSP>71,000000</BSP>
  </Prezzi>
  <Prezzi>
    <Data>20140428</Data>
    <Mercato>MGP</Mercato>
    <Ora>12</Ora>
    <PUN>77,000000</PUN>
    <NAT>59,850000</NAT>
    <CNOR>30,000000</CNOR>
    <CSUD>30,000000</CSUD>
    <NORD>104,312586</NORD>
    <SARD>30,000000</SARD>
    <SICI>55,000000</SICI>
    <SUD>30,000000</SUD>
    <AUST>104,312586</AUST>
    <BRNN>30,000000</BRNN>
    <COAC>30,000000</COAC>
    <CORS>30,000000</CORS>
    <FOGN>30,000000</FOGN>
    <FRAN>104,312586</FRAN>
    <GREC>30,000000</GREC>
    <MFTV>104,312586</MFTV>
    <PRGP>55,000000</PRGP>
    <ROSN>30,000000</ROSN>
    <SLOV>104,312586</SLOV>
    <SVIZ>104,312586</SVIZ>
    <BSP>104,312586</BSP>
  </Prezzi>
  <Prezzi>
    <Data>20140428</Data>
    <Mercato>MGP</Mercato>
    <Ora>13</Ora>
    <PUN>51,409646</PUN>
    <NAT>53,830000</NAT>
    <CNOR>32,710000</CNOR>
    <CSUD>32,710000</CSUD>
    <NORD>61,710000</NORD>
    <SARD>32,710000</SARD>
    <SICI>54,990000</SICI>
    <SUD>32,710000</SUD>
    <AUST>61,710000</AUST>
    <BRNN>32,710000</BRNN>
    <COAC>32,710000</COAC>
    <CORS>32,710000</CORS>
    <FOGN>32,710000</FOGN>
    <FRAN>61,710000</FRAN>
    <GREC>32,710000</GREC>
    <MFTV>61,710000</MFTV>
    <PRGP>54,990000</PRGP>
    <ROSN>32,710000</ROSN>
    <SLOV>61,710000</SLOV>
    <SVIZ>61,710000</SVIZ>
    <BSP>61,710000</BSP>
  </Prezzi>
  <Prezzi>
    <Data>20140428</Data>
    <Mercato>MGP</Mercato>
    <Ora>14</Ora>
    <PUN>55,921802</PUN>
    <NAT>55,010000</NAT>
    <CNOR>51,500000</CNOR>
    <CSUD>33,090000</CSUD>
    <NORD>67,990000</NORD>
    <SARD>33,090000</SARD>
    <SICI>33,090000</SICI>
    <SUD>33,090000</SUD>
    <AUST>67,990000</AUST>
    <BRNN>33,090000</BRNN>
    <COAC>33,090000</COAC>
    <CORS>33,090000</CORS>
    <FOGN>33,090000</FOGN>
    <FRAN>67,990000</FRAN>
    <GREC>33,090000</GREC>
    <MFTV>67,990000</MFTV>
    <PRGP>33,090000</PRGP>
    <ROSN>33,090000</ROSN>
    <SLOV>67,990000</SLOV>
    <SVIZ>67,990000</SVIZ>
    <BSP>67,990000</BSP>
  </Prezzi>
  <Prezzi>
    <Data>20140428</Data>
    <Mercato>MGP</Mercato>
    <Ora>15</Ora>
    <PUN>68,602176</PUN>
    <NAT>57,510000</NAT>
    <CNOR>32,710000</CNOR>
    <CSUD>32,710000</CSUD>
    <NORD>91,040000</NORD>
    <SARD>32,710000</SARD>
    <SICI>32,710000</SICI>
    <SUD>32,710000</SUD>
    <AUST>91,040000</AUST>
    <BRNN>32,710000</BRNN>
    <COAC>32,710000</COAC>
    <CORS>32,710000</CORS>
    <FOGN>32,710000</FOGN>
    <FRAN>91,040000</FRAN>
    <GREC>32,710000</GREC>
    <MFTV>91,040000</MFTV>
    <PRGP>32,710000</PRGP>
    <ROSN>32,710000</ROSN>
    <SLOV>91,040000</SLOV>
    <SVIZ>91,040000</SVIZ>
    <BSP>71,000000</BSP>
  </Prezzi>
  <Prezzi>
    <Data>20140428</Data>
    <Mercato>MGP</Mercato>
    <Ora>16</Ora>
    <PUN>69,074805</PUN>
    <NAT>59,990000</NAT>
    <CNOR>33,930000</CNOR>
    <CSUD>33,930000</CSUD>
    <NORD>91,060000</NORD>
    <SARD>33,930000</SARD>
    <SICI>33,930000</SICI>
    <SUD>33,930000</SUD>
    <AUST>91,060000</AUST>
    <BRNN>33,930000</BRNN>
    <COAC>33,930000</COAC>
    <CORS>33,930000</CORS>
    <FOGN>33,930000</FOGN>
    <FRAN>91,060000</FRAN>
    <GREC>33,930000</GREC>
    <MFTV>91,060000</MFTV>
    <PRGP>33,930000</PRGP>
    <ROSN>33,930000</ROSN>
    <SLOV>91,060000</SLOV>
    <SVIZ>91,060000</SVIZ>
    <BSP>49,220000</BSP>
  </Prezzi>
  <Prezzi>
    <Data>20140428</Data>
    <Mercato>MGP</Mercato>
    <Ora>17</Ora>
    <PUN>95,025226</PUN>
    <NAT>63,300000</NAT>
    <CNOR>40,000000</CNOR>
    <CSUD>37,260000</CSUD>
    <NORD>129,990000</NORD>
    <SARD>37,260000</SARD>
    <SICI>55,000000</SICI>
    <SUD>37,260000</SUD>
    <AUST>129,990000</AUST>
    <BRNN>37,260000</BRNN>
    <COAC>37,260000</COAC>
    <CORS>37,260000</CORS>
    <FOGN>37,260000</FOGN>
    <FRAN>129,990000</FRAN>
    <GREC>37,260000</GREC>
    <MFTV>129,990000</MFTV>
    <PRGP>55,000000</PRGP>
    <ROSN>37,260000</ROSN>
    <SLOV>129,990000</SLOV>
    <SVIZ>129,990000</SVIZ>
    <BSP>44,990000</BSP>
  </Prezzi>
  <Prezzi>
    <Data>20140428</Data>
    <Mercato>MGP</Mercato>
    <Ora>18</Ora>
    <PUN>59,159146</PUN>
    <NAT>55,000000</NAT>
    <CNOR>38,000000</CNOR>
    <CSUD>38,000000</CSUD>
    <NORD>71,800000</NORD>
    <SARD>38,000000</SARD>
    <SICI>55,010000</SICI>
    <SUD>38,000000</SUD>
    <AUST>71,800000</AUST>
    <BRNN>38,000000</BRNN>
    <COAC>38,000000</COAC>
    <CORS>38,000000</CORS>
    <FOGN>38,000000</FOGN>
    <FRAN>71,800000</FRAN>
    <GREC>38,000000</GREC>
    <MFTV>71,800000</MFTV>
    <PRGP>55,010000</PRGP>
    <ROSN>38,000000</ROSN>
    <SLOV>71,800000</SLOV>
    <SVIZ>71,800000</SVIZ>
    <BSP>47,400000</BSP>
  </Prezzi>
  <Prezzi>
    <Data>20140428</Data>
    <Mercato>MGP</Mercato>
    <Ora>19</Ora>
    <PUN>61,636945</PUN>
    <NAT>53,600000</NAT>
    <CNOR>63,550000</CNOR>
    <CSUD>40,000000</CSUD>
    <NORD>63,550000</NORD>
    <SARD>40,000000</SARD>
    <SICI>133,870000</SICI>
    <SUD>40,000000</SUD>
    <AUST>63,550000</AUST>
    <BRNN>40,000000</BRNN>
    <COAC>40,000000</COAC>
    <CORS>40,000000</CORS>
    <FOGN>40,000000</FOGN>
    <FRAN>63,550000</FRAN>
    <GREC>40,000000</GREC>
    <MFTV>63,550000</MFTV>
    <PRGP>133,870000</PRGP>
    <ROSN>40,000000</ROSN>
    <SLOV>63,550000</SLOV>
    <SVIZ>63,550000</SVIZ>
    <BSP>50,770000</BSP>
  </Prezzi>
  <Prezzi>
    <Data>20140428</Data>
    <Mercato>MGP</Mercato>
    <Ora>20</Ora>
    <PUN>61,831461</PUN>
    <NAT>58,880000</NAT>
    <CNOR>50,000000</CNOR>
    <CSUD>50,000000</CSUD>
    <NORD>61,500000</NORD>
    <SARD>50,000000</SARD>
    <SICI>135,010000</SICI>
    <SUD>50,000000</SUD>
    <AUST>61,500000</AUST>
    <BRNN>50,000000</BRNN>
    <COAC>50,000000</COAC>
    <CORS>50,000000</CORS>
    <FOGN>50,000000</FOGN>
    <FRAN>61,500000</FRAN>
    <GREC>50,000000</GREC>
    <MFTV>61,500000</MFTV>
    <PRGP>135,010000</PRGP>
    <ROSN>50,000000</ROSN>
    <SLOV>61,500000</SLOV>
    <SVIZ>61,500000</SVIZ>
    <BSP>60,500000</BSP>
  </Prezzi>
  <Prezzi>
    <Data>20140428</Data>
    <Mercato>MGP</Mercato>
    <Ora>21</Ora>
    <PUN>79,725646</PUN>
    <NAT>79,990000</NAT>
    <CNOR>72,240000</CNOR>
    <CSUD>72,240000</CSUD>
    <NORD>79,110000</NORD>
    <SARD>72,240000</SARD>
    <SICI>130,010000</SICI>
    <SUD>72,240000</SUD>
    <AUST>79,110000</AUST>
    <BRNN>72,240000</BRNN>
    <COAC>72,240000</COAC>
    <CORS>72,240000</CORS>
    <FOGN>72,240000</FOGN>
    <FRAN>79,110000</FRAN>
    <GREC>72,240000</GREC>
    <MFTV>79,110000</MFTV>
    <PRGP>130,010000</PRGP>
    <ROSN>72,240000</ROSN>
    <SLOV>79,110000</SLOV>
    <SVIZ>79,110000</SVIZ>
    <BSP>79,110000</BSP>
  </Prezzi>
  <Prezzi>
    <Data>20140428</Data>
    <Mercato>MGP</Mercato>
    <Ora>22</Ora>
    <PUN>60,641123</PUN>
    <NAT>60,480000</NAT>
    <CNOR>57,630000</CNOR>
    <CSUD>57,610000</CSUD>
    <NORD>57,630000</NORD>
    <SARD>57,610000</SARD>
    <SICI>105,010000</SICI>
    <SUD>57,610000</SUD>
    <AUST>57,630000</AUST>
    <BRNN>57,610000</BRNN>
    <COAC>57,610000</COAC>
    <CORS>57,610000</CORS>
    <FOGN>57,610000</FOGN>
    <FRAN>57,630000</FRAN>
    <GREC>57,610000</GREC>
    <MFTV>57,630000</MFTV>
    <PRGP>105,010000</PRGP>
    <ROSN>57,610000</ROSN>
    <SLOV>57,630000</SLOV>
    <SVIZ>57,630000</SVIZ>
    <BSP>57,630000</BSP>
  </Prezzi>
  <Prezzi>
    <Data>20140428</Data>
    <Mercato>MGP</Mercato>
    <Ora>23</Ora>
    <PUN>53,720865</PUN>
    <NAT>53,490000</NAT>
    <CNOR>50,500000</CNOR>
    <CSUD>50,500000</CSUD>
    <NORD>51,480000</NORD>
    <SARD>50,500000</SARD>
    <SICI>91,010000</SICI>
    <SUD>50,500000</SUD>
    <AUST>51,480000</AUST>
    <BRNN>50,500000</BRNN>
    <COAC>50,500000</COAC>
    <CORS>50,500000</CORS>
    <FOGN>50,500000</FOGN>
    <FRAN>51,480000</FRAN>
    <GREC>50,500000</GREC>
    <MFTV>51,480000</MFTV>
    <PRGP>91,010000</PRGP>
    <ROSN>50,500000</ROSN>
    <SLOV>51,480000</SLOV>
    <SVIZ>51,480000</SVIZ>
    <BSP>51,480000</BSP>
  </Prezzi>
  <Prezzi>
    <Data>20140428</Data>
    <Mercato>MGP</Mercato>
    <Ora>24</Ora>
    <PUN>50,759015</PUN>
    <NAT>49,450000</NAT>
    <CNOR>48,000000</CNOR>
    <CSUD>48,000000</CSUD>
    <NORD>48,000000</NORD>
    <SARD>48,000000</SARD>
    <SICI>91,010000</SICI>
    <SUD>48,000000</SUD>
    <AUST>48,000000</AUST>
    <BRNN>48,000000</BRNN>
    <COAC>48,000000</COAC>
    <CORS>48,000000</CORS>
    <FOGN>48,000000</FOGN>
    <FRAN>48,000000</FRAN>
    <GREC>48,000000</GREC>
    <MFTV>48,000000</MFTV>
    <PRGP>91,010000</PRGP>
    <ROSN>48,000000</ROSN>
    <SLOV>48,000000</SLOV>
    <SVIZ>48,000000</SVIZ>
    <BSP>40,500000</BSP>
  </Prezzi>
</NewDataSet>