<?xml version="1.0" standalone="yes"?>
<NewDataSet>
  <xs:schema id="NewDataSet" xmlns="" xmlns:xs="http://www.w3.org/2001/XMLSchema" xmlns:msdata="urn:schemas-microsoft-com:xml-msdata">
    <xs:element name="NewDataSet" msdata:IsDataSet="true" msdata:UseCurrentLocale="true">
      <xs:complexType>
        <xs:choice minOccurs="0" maxOccurs="unbounded">
          <xs:element name="Prezzi">
            <xs:complexType>
              <xs:sequence>
                <xs:element name="Data" type="xs:string" minOccurs="0" />
                <xs:element name="Mercato" type="xs:string" minOccurs="0" />
                <xs:element name="Ora" type="xs:string" minOccurs="0" />
                <xs:element name="PUN" type="xs:string" minOccurs="0" />
                <xs:element name="NAT" type="xs:string" minOccurs="0" />
                <xs:element name="CNOR" type="xs:string" minOccurs="0" />
                <xs:element name="CSUD" type="xs:string" minOccurs="0" />
                <xs:element name="NORD" type="xs:string" minOccurs="0" />
                <xs:element name="SARD" type="xs:string" minOccurs="0" />
                <xs:element name="SICI" type="xs:string" minOccurs="0" />
                <xs:element name="SUD" type="xs:string" minOccurs="0" />
                <xs:element name="AUST" type="xs:string" minOccurs="0" />
                <xs:element name="BRNN" type="xs:string" minOccurs="0" />
                <xs:element name="COAC" type="xs:string" minOccurs="0" />
                <xs:element name="CORS" type="xs:string" minOccurs="0" />
                <xs:element name="FOGN" type="xs:string" minOccurs="0" />
                <xs:element name="FRAN" type="xs:string" minOccurs="0" />
                <xs:element name="GREC" type="xs:string" minOccurs="0" />
                <xs:element name="MFTV" type="xs:string" minOccurs="0" />
                <xs:element name="PRGP" type="xs:string" minOccurs="0" />
                <xs:element name="ROSN" type="xs:string" minOccurs="0" />
                <xs:element name="SLOV" type="xs:string" minOccurs="0" />
                <xs:element name="SVIZ" type="xs:string" minOccurs="0" />
                <xs:element name="BSP" type="xs:string" minOccurs="0" />
              </xs:sequence>
            </xs:complexType>
          </xs:element>
        </xs:choice>
      </xs:complexType>
    </xs:element>
  </xs:schema>
  <Prezzi>
    <Data>20140421</Data>
    <Mercato>MGP</Mercato>
    <Ora>1</Ora>
    <PUN>78,413328</PUN>
    <NAT>70,010000</NAT>
    <CNOR>79,130000</CNOR>
    <CSUD>79,130000</CSUD>
    <NORD>79,130000</NORD>
    <SARD>79,130000</SARD>
    <SICI>70,010000</SICI>
    <SUD>79,130000</SUD>
    <AUST>79,130000</AUST>
    <BRNN>79,130000</BRNN>
    <COAC>79,130000</COAC>
    <CORS>79,130000</CORS>
    <FOGN>79,130000</FOGN>
    <FRAN>79,130000</FRAN>
    <GREC>79,130000</GREC>
    <MFTV>79,130000</MFTV>
    <PRGP>70,010000</PRGP>
    <ROSN>79,130000</ROSN>
    <SLOV>79,130000</SLOV>
    <SVIZ>79,130000</SVIZ>
    <BSP>21,480000</BSP>
  </Prezzi>
  <Prezzi>
    <Data>20140421</Data>
    <Mercato>MGP</Mercato>
    <Ora>2</Ora>
    <PUN>55,150000</PUN>
    <NAT>54,760000</NAT>
    <CNOR>55,150000</CNOR>
    <CSUD>55,150000</CSUD>
    <NORD>55,150000</NORD>
    <SARD>55,150000</SARD>
    <SICI>55,150000</SICI>
    <SUD>55,150000</SUD>
    <AUST>55,150000</AUST>
    <BRNN>55,150000</BRNN>
    <COAC>55,150000</COAC>
    <CORS>55,150000</CORS>
    <FOGN>55,150000</FOGN>
    <FRAN>55,150000</FRAN>
    <GREC>55,150000</GREC>
    <MFTV>55,150000</MFTV>
    <PRGP>55,150000</PRGP>
    <ROSN>55,150000</ROSN>
    <SLOV>55,150000</SLOV>
    <SVIZ>55,150000</SVIZ>
    <BSP>14,920000</BSP>
  </Prezzi>
  <Prezzi>
    <Data>20140421</Data>
    <Mercato>MGP</Mercato>
    <Ora>3</Ora>
    <PUN>52,783632</PUN>
    <NAT>47,820000</NAT>
    <CNOR>52,620000</CNOR>
    <CSUD>52,620000</CSUD>
    <NORD>52,620000</NORD>
    <SARD>52,620000</SARD>
    <SICI>54,850000</SICI>
    <SUD>52,620000</SUD>
    <AUST>52,620000</AUST>
    <BRNN>52,620000</BRNN>
    <COAC>52,620000</COAC>
    <CORS>52,620000</CORS>
    <FOGN>52,620000</FOGN>
    <FRAN>52,620000</FRAN>
    <GREC>52,620000</GREC>
    <MFTV>52,620000</MFTV>
    <PRGP>54,850000</PRGP>
    <ROSN>52,620000</ROSN>
    <SLOV>52,620000</SLOV>
    <SVIZ>52,620000</SVIZ>
    <BSP>12,800000</BSP>
  </Prezzi>
  <Prezzi>
    <Data>20140421</Data>
    <Mercato>MGP</Mercato>
    <Ora>4</Ora>
    <PUN>47,500000</PUN>
    <NAT>42,650000</NAT>
    <CNOR>47,500000</CNOR>
    <CSUD>47,500000</CSUD>
    <NORD>47,500000</NORD>
    <SARD>47,500000</SARD>
    <SICI>47,500000</SICI>
    <SUD>47,500000</SUD>
    <AUST>47,500000</AUST>
    <BRNN>47,500000</BRNN>
    <COAC>47,500000</COAC>
    <CORS>47,500000</CORS>
    <FOGN>47,500000</FOGN>
    <FRAN>47,500000</FRAN>
    <GREC>47,500000</GREC>
    <MFTV>47,500000</MFTV>
    <PRGP>47,500000</PRGP>
    <ROSN>47,500000</ROSN>
    <SLOV>47,500000</SLOV>
    <SVIZ>47,500000</SVIZ>
    <BSP>11,780000</BSP>
  </Prezzi>
  <Prezzi>
    <Data>20140421</Data>
    <Mercato>MGP</Mercato>
    <Ora>5</Ora>
    <PUN>47,300000</PUN>
    <NAT>40,000000</NAT>
    <CNOR>47,300000</CNOR>
    <CSUD>47,300000</CSUD>
    <NORD>47,300000</NORD>
    <SARD>47,300000</SARD>
    <SICI>47,300000</SICI>
    <SUD>47,300000</SUD>
    <AUST>47,300000</AUST>
    <BRNN>47,300000</BRNN>
    <COAC>47,300000</COAC>
    <CORS>47,300000</CORS>
    <FOGN>47,300000</FOGN>
    <FRAN>47,300000</FRAN>
    <GREC>47,300000</GREC>
    <MFTV>47,300000</MFTV>
    <PRGP>47,300000</PRGP>
    <ROSN>47,300000</ROSN>
    <SLOV>47,300000</SLOV>
    <SVIZ>47,300000</SVIZ>
    <BSP>11,000000</BSP>
  </Prezzi>
  <Prezzi>
    <Data>20140421</Data>
    <Mercato>MGP</Mercato>
    <Ora>6</Ora>
    <PUN>47,820000</PUN>
    <NAT>42,650000</NAT>
    <CNOR>47,820000</CNOR>
    <CSUD>47,820000</CSUD>
    <NORD>47,820000</NORD>
    <SARD>47,820000</SARD>
    <SICI>47,820000</SICI>
    <SUD>47,820000</SUD>
    <AUST>47,820000</AUST>
    <BRNN>47,820000</BRNN>
    <COAC>47,820000</COAC>
    <CORS>47,820000</CORS>
    <FOGN>47,820000</FOGN>
    <FRAN>47,820000</FRAN>
    <GREC>47,820000</GREC>
    <MFTV>47,820000</MFTV>
    <PRGP>47,820000</PRGP>
    <ROSN>47,820000</ROSN>
    <SLOV>47,820000</SLOV>
    <SVIZ>47,820000</SVIZ>
    <BSP>15,230000</BSP>
  </Prezzi>
  <Prezzi>
    <Data>20140421</Data>
    <Mercato>MGP</Mercato>
    <Ora>7</Ora>
    <PUN>41,053202</PUN>
    <NAT>39,330000</NAT>
    <CNOR>40,000000</CNOR>
    <CSUD>40,000000</CSUD>
    <NORD>40,000000</NORD>
    <SARD>40,000000</SARD>
    <SICI>55,000000</SICI>
    <SUD>40,000000</SUD>
    <AUST>40,000000</AUST>
    <BRNN>40,000000</BRNN>
    <COAC>40,000000</COAC>
    <CORS>40,000000</CORS>
    <FOGN>40,000000</FOGN>
    <FRAN>40,000000</FRAN>
    <GREC>40,000000</GREC>
    <MFTV>40,000000</MFTV>
    <PRGP>55,000000</PRGP>
    <ROSN>40,000000</ROSN>
    <SLOV>40,000000</SLOV>
    <SVIZ>40,000000</SVIZ>
    <BSP>14,680000</BSP>
  </Prezzi>
  <Prezzi>
    <Data>20140421</Data>
    <Mercato>MGP</Mercato>
    <Ora>8</Ora>
    <PUN>39,107989</PUN>
    <NAT>37,820000</NAT>
    <CNOR>37,820000</CNOR>
    <CSUD>37,820000</CSUD>
    <NORD>37,820000</NORD>
    <SARD>37,820000</SARD>
    <SICI>55,000000</SICI>
    <SUD>37,820000</SUD>
    <AUST>37,820000</AUST>
    <BRNN>37,820000</BRNN>
    <COAC>37,820000</COAC>
    <CORS>37,820000</CORS>
    <FOGN>37,820000</FOGN>
    <FRAN>37,820000</FRAN>
    <GREC>37,820000</GREC>
    <MFTV>37,820000</MFTV>
    <PRGP>55,000000</PRGP>
    <ROSN>37,820000</ROSN>
    <SLOV>37,820000</SLOV>
    <SVIZ>37,820000</SVIZ>
    <BSP>17,880000</BSP>
  </Prezzi>
  <Prezzi>
    <Data>20140421</Data>
    <Mercato>MGP</Mercato>
    <Ora>9</Ora>
    <PUN>39,176661</PUN>
    <NAT>37,820000</NAT>
    <CNOR>37,820000</CNOR>
    <CSUD>37,820000</CSUD>
    <NORD>37,820000</NORD>
    <SARD>37,820000</SARD>
    <SICI>55,010000</SICI>
    <SUD>37,820000</SUD>
    <AUST>37,820000</AUST>
    <BRNN>37,820000</BRNN>
    <COAC>37,820000</COAC>
    <CORS>37,820000</CORS>
    <FOGN>37,820000</FOGN>
    <FRAN>37,820000</FRAN>
    <GREC>37,820000</GREC>
    <MFTV>37,820000</MFTV>
    <PRGP>55,010000</PRGP>
    <ROSN>37,820000</ROSN>
    <SLOV>37,820000</SLOV>
    <SVIZ>37,820000</SVIZ>
    <BSP>24,090000</BSP>
  </Prezzi>
  <Prezzi>
    <Data>20140421</Data>
    <Mercato>MGP</Mercato>
    <Ora>10</Ora>
    <PUN>45,818147</PUN>
    <NAT>45,000000</NAT>
    <CNOR>45,000000</CNOR>
    <CSUD>45,000000</CSUD>
    <NORD>45,000000</NORD>
    <SARD>45,000000</SARD>
    <SICI>55,010000</SICI>
    <SUD>45,000000</SUD>
    <AUST>45,000000</AUST>
    <BRNN>45,000000</BRNN>
    <COAC>45,000000</COAC>
    <CORS>45,000000</CORS>
    <FOGN>45,000000</FOGN>
    <FRAN>45,000000</FRAN>
    <GREC>45,000000</GREC>
    <MFTV>45,000000</MFTV>
    <PRGP>55,010000</PRGP>
    <ROSN>45,000000</ROSN>
    <SLOV>45,000000</SLOV>
    <SVIZ>45,000000</SVIZ>
    <BSP>28,340000</BSP>
  </Prezzi>
  <Prezzi>
    <Data>20140421</Data>
    <Mercato>MGP</Mercato>
    <Ora>11</Ora>
    <PUN>45,364176</PUN>
    <NAT>39,330000</NAT>
    <CNOR>37,090000</CNOR>
    <CSUD>37,090000</CSUD>
    <NORD>49,920000</NORD>
    <SARD>37,090000</SARD>
    <SICI>55,000000</SICI>
    <SUD>37,090000</SUD>
    <AUST>49,920000</AUST>
    <BRNN>37,090000</BRNN>
    <COAC>37,090000</COAC>
    <CORS>37,090000</CORS>
    <FOGN>37,090000</FOGN>
    <FRAN>49,920000</FRAN>
    <GREC>37,090000</GREC>
    <MFTV>49,920000</MFTV>
    <PRGP>55,000000</PRGP>
    <ROSN>37,090000</ROSN>
    <SLOV>49,920000</SLOV>
    <SVIZ>49,920000</SVIZ>
    <BSP>30,180000</BSP>
  </Prezzi>
  <Prezzi>
    <Data>20140421</Data>
    <Mercato>MGP</Mercato>
    <Ora>12</Ora>
    <PUN>43,532250</PUN>
    <NAT>37,820000</NAT>
    <CNOR>29,360000</CNOR>
    <CSUD>29,360000</CSUD>
    <NORD>52,010000</NORD>
    <SARD>29,360000</SARD>
    <SICI>55,000000</SICI>
    <SUD>29,360000</SUD>
    <AUST>52,010000</AUST>
    <BRNN>29,360000</BRNN>
    <COAC>29,360000</COAC>
    <CORS>29,360000</CORS>
    <FOGN>29,360000</FOGN>
    <FRAN>52,010000</FRAN>
    <GREC>29,360000</GREC>
    <MFTV>52,010000</MFTV>
    <PRGP>55,000000</PRGP>
    <ROSN>29,360000</ROSN>
    <SLOV>52,010000</SLOV>
    <SVIZ>52,010000</SVIZ>
    <BSP>29,200000</BSP>
  </Prezzi>
  <Prezzi>
    <Data>20140421</Data>
    <Mercato>MGP</Mercato>
    <Ora>13</Ora>
    <PUN>31,821909</PUN>
    <NAT>32,180000</NAT>
    <CNOR>2,000000</CNOR>
    <CSUD>2,000000</CSUD>
    <NORD>49,910000</NORD>
    <SARD>2,000000</SARD>
    <SICI>55,000000</SICI>
    <SUD>2,000000</SUD>
    <AUST>49,910000</AUST>
    <BRNN>2,000000</BRNN>
    <COAC>2,000000</COAC>
    <CORS>2,000000</CORS>
    <FOGN>2,000000</FOGN>
    <FRAN>49,910000</FRAN>
    <GREC>2,000000</GREC>
    <MFTV>49,910000</MFTV>
    <PRGP>55,000000</PRGP>
    <ROSN>2,000000</ROSN>
    <SLOV>49,910000</SLOV>
    <SVIZ>49,910000</SVIZ>
    <BSP>32,300000</BSP>
  </Prezzi>
  <Prezzi>
    <Data>20140421</Data>
    <Mercato>MGP</Mercato>
    <Ora>14</Ora>
    <PUN>18,968636</PUN>
    <NAT>14,820000</NAT>
    <CNOR>0,000000</CNOR>
    <CSUD>0,000000</CSUD>
    <NORD>35,620000</NORD>
    <SARD>0,000000</SARD>
    <SICI>0,000000</SICI>
    <SUD>0,000000</SUD>
    <AUST>35,620000</AUST>
    <BRNN>0,000000</BRNN>
    <COAC>0,000000</COAC>
    <CORS>0,000000</CORS>
    <FOGN>0,000000</FOGN>
    <FRAN>35,620000</FRAN>
    <GREC>0,000000</GREC>
    <MFTV>35,620000</MFTV>
    <PRGP>0,000000</PRGP>
    <ROSN>0,000000</ROSN>
    <SLOV>35,620000</SLOV>
    <SVIZ>35,620000</SVIZ>
    <BSP>20,990000</BSP>
  </Prezzi>
  <Prezzi>
    <Data>20140421</Data>
    <Mercato>MGP</Mercato>
    <Ora>15</Ora>
    <PUN>19,379792</PUN>
    <NAT>12,120000</NAT>
    <CNOR>0,000000</CNOR>
    <CSUD>0,000000</CSUD>
    <NORD>35,620000</NORD>
    <SARD>0,000000</SARD>
    <SICI>0,000000</SICI>
    <SUD>0,000000</SUD>
    <AUST>35,620000</AUST>
    <BRNN>0,000000</BRNN>
    <COAC>0,000000</COAC>
    <CORS>0,000000</CORS>
    <FOGN>0,000000</FOGN>
    <FRAN>35,620000</FRAN>
    <GREC>0,000000</GREC>
    <MFTV>35,620000</MFTV>
    <PRGP>0,000000</PRGP>
    <ROSN>0,000000</ROSN>
    <SLOV>35,620000</SLOV>
    <SVIZ>35,620000</SVIZ>
    <BSP>18,940000</BSP>
  </Prezzi>
  <Prezzi>
    <Data>20140421</Data>
    <Mercato>MGP</Mercato>
    <Ora>16</Ora>
    <PUN>19,286241</PUN>
    <NAT>12,280000</NAT>
    <CNOR>0,000000</CNOR>
    <CSUD>0,000000</CSUD>
    <NORD>35,620000</NORD>
    <SARD>0,000000</SARD>
    <SICI>0,000000</SICI>
    <SUD>0,000000</SUD>
    <AUST>35,620000</AUST>
    <BRNN>0,000000</BRNN>
    <COAC>0,000000</COAC>
    <CORS>0,000000</CORS>
    <FOGN>0,000000</FOGN>
    <FRAN>35,620000</FRAN>
    <GREC>0,000000</GREC>
    <MFTV>35,620000</MFTV>
    <PRGP>0,000000</PRGP>
    <ROSN>0,000000</ROSN>
    <SLOV>35,620000</SLOV>
    <SVIZ>35,620000</SVIZ>
    <BSP>17,230000</BSP>
  </Prezzi>
  <Prezzi>
    <Data>20140421</Data>
    <Mercato>MGP</Mercato>
    <Ora>17</Ora>
    <PUN>21,569553</PUN>
    <NAT>17,050000</NAT>
    <CNOR>5,000000</CNOR>
    <CSUD>5,000000</CSUD>
    <NORD>35,620000</NORD>
    <SARD>5,000000</SARD>
    <SICI>5,000000</SICI>
    <SUD>5,000000</SUD>
    <AUST>35,620000</AUST>
    <BRNN>5,000000</BRNN>
    <COAC>5,000000</COAC>
    <CORS>5,000000</CORS>
    <FOGN>5,000000</FOGN>
    <FRAN>35,620000</FRAN>
    <GREC>5,000000</GREC>
    <MFTV>35,620000</MFTV>
    <PRGP>5,000000</PRGP>
    <ROSN>5,000000</ROSN>
    <SLOV>35,620000</SLOV>
    <SVIZ>35,620000</SVIZ>
    <BSP>14,440000</BSP>
  </Prezzi>
  <Prezzi>
    <Data>20140421</Data>
    <Mercato>MGP</Mercato>
    <Ora>18</Ora>
    <PUN>36,168374</PUN>
    <NAT>35,000000</NAT>
    <CNOR>33,020000</CNOR>
    <CSUD>33,020000</CSUD>
    <NORD>36,000000</NORD>
    <SARD>33,020000</SARD>
    <SICI>55,000000</SICI>
    <SUD>33,020000</SUD>
    <AUST>36,000000</AUST>
    <BRNN>33,020000</BRNN>
    <COAC>33,020000</COAC>
    <CORS>33,020000</CORS>
    <FOGN>33,020000</FOGN>
    <FRAN>36,000000</FRAN>
    <GREC>33,020000</GREC>
    <MFTV>36,000000</MFTV>
    <PRGP>55,000000</PRGP>
    <ROSN>33,020000</ROSN>
    <SLOV>36,000000</SLOV>
    <SVIZ>36,000000</SVIZ>
    <BSP>23,050000</BSP>
  </Prezzi>
  <Prezzi>
    <Data>20140421</Data>
    <Mercato>MGP</Mercato>
    <Ora>19</Ora>
    <PUN>40,370788</PUN>
    <NAT>40,000000</NAT>
    <CNOR>39,330000</CNOR>
    <CSUD>39,330000</CSUD>
    <NORD>39,330000</NORD>
    <SARD>39,330000</SARD>
    <SICI>55,010000</SICI>
    <SUD>39,330000</SUD>
    <AUST>39,330000</AUST>
    <BRNN>39,330000</BRNN>
    <COAC>39,330000</COAC>
    <CORS>39,330000</CORS>
    <FOGN>39,330000</FOGN>
    <FRAN>39,330000</FRAN>
    <GREC>39,330000</GREC>
    <MFTV>39,330000</MFTV>
    <PRGP>55,010000</PRGP>
    <ROSN>39,330000</ROSN>
    <SLOV>39,330000</SLOV>
    <SVIZ>39,330000</SVIZ>
    <BSP>32,890000</BSP>
  </Prezzi>
  <Prezzi>
    <Data>20140421</Data>
    <Mercato>MGP</Mercato>
    <Ora>20</Ora>
    <PUN>55,697744</PUN>
    <NAT>52,370000</NAT>
    <CNOR>49,990000</CNOR>
    <CSUD>49,990000</CSUD>
    <NORD>49,990000</NORD>
    <SARD>49,990000</SARD>
    <SICI>135,350000</SICI>
    <SUD>49,990000</SUD>
    <AUST>49,990000</AUST>
    <BRNN>49,990000</BRNN>
    <COAC>49,990000</COAC>
    <CORS>49,990000</CORS>
    <FOGN>49,990000</FOGN>
    <FRAN>49,990000</FRAN>
    <GREC>49,990000</GREC>
    <MFTV>49,990000</MFTV>
    <PRGP>135,350000</PRGP>
    <ROSN>49,990000</ROSN>
    <SLOV>49,990000</SLOV>
    <SVIZ>49,990000</SVIZ>
    <BSP>49,990000</BSP>
  </Prezzi>
  <Prezzi>
    <Data>20140421</Data>
    <Mercato>MGP</Mercato>
    <Ora>21</Ora>
    <PUN>71,000000</PUN>
    <NAT>70,000000</NAT>
    <CNOR>66,652806</CNOR>
    <CSUD>66,652806</CSUD>
    <NORD>66,652806</NORD>
    <SARD>66,652806</SARD>
    <SICI>130,020000</SICI>
    <SUD>66,652806</SUD>
    <AUST>66,652806</AUST>
    <BRNN>66,652806</BRNN>
    <COAC>66,652806</COAC>
    <CORS>66,652806</CORS>
    <FOGN>66,652806</FOGN>
    <FRAN>66,652806</FRAN>
    <GREC>66,652806</GREC>
    <MFTV>66,652806</MFTV>
    <PRGP>130,020000</PRGP>
    <ROSN>66,652806</ROSN>
    <SLOV>66,652806</SLOV>
    <SVIZ>66,652806</SVIZ>
    <BSP>66,652806</BSP>
  </Prezzi>
  <Prezzi>
    <Data>20140421</Data>
    <Mercato>MGP</Mercato>
    <Ora>22</Ora>
    <PUN>58,362758</PUN>
    <NAT>58,880000</NAT>
    <CNOR>54,730000</CNOR>
    <CSUD>54,730000</CSUD>
    <NORD>54,730000</NORD>
    <SARD>54,730000</SARD>
    <SICI>105,020000</SICI>
    <SUD>54,730000</SUD>
    <AUST>54,730000</AUST>
    <BRNN>54,730000</BRNN>
    <COAC>54,730000</COAC>
    <CORS>54,730000</CORS>
    <FOGN>54,730000</FOGN>
    <FRAN>54,730000</FRAN>
    <GREC>54,730000</GREC>
    <MFTV>54,730000</MFTV>
    <PRGP>105,020000</PRGP>
    <ROSN>54,730000</ROSN>
    <SLOV>54,730000</SLOV>
    <SVIZ>54,730000</SVIZ>
    <BSP>54,730000</BSP>
  </Prezzi>
  <Prezzi>
    <Data>20140421</Data>
    <Mercato>MGP</Mercato>
    <Ora>23</Ora>
    <PUN>53,098271</PUN>
    <NAT>52,350000</NAT>
    <CNOR>49,990000</CNOR>
    <CSUD>49,990000</CSUD>
    <NORD>49,990000</NORD>
    <SARD>49,990000</SARD>
    <SICI>91,010000</SICI>
    <SUD>49,990000</SUD>
    <AUST>49,990000</AUST>
    <BRNN>49,990000</BRNN>
    <COAC>49,990000</COAC>
    <CORS>49,990000</CORS>
    <FOGN>49,990000</FOGN>
    <FRAN>49,990000</FRAN>
    <GREC>49,990000</GREC>
    <MFTV>49,990000</MFTV>
    <PRGP>91,010000</PRGP>
    <ROSN>49,990000</ROSN>
    <SLOV>49,990000</SLOV>
    <SVIZ>49,990000</SVIZ>
    <BSP>49,690000</BSP>
  </Prezzi>
  <Prezzi>
    <Data>20140421</Data>
    <Mercato>MGP</Mercato>
    <Ora>24</Ora>
    <PUN>44,716706</PUN>
    <NAT>46,230000</NAT>
    <CNOR>41,000000</CNOR>
    <CSUD>41,000000</CSUD>
    <NORD>41,000000</NORD>
    <SARD>41,000000</SARD>
    <SICI>91,000000</SICI>
    <SUD>41,000000</SUD>
    <AUST>41,000000</AUST>
    <BRNN>41,000000</BRNN>
    <COAC>41,000000</COAC>
    <CORS>41,000000</CORS>
    <FOGN>41,000000</FOGN>
    <FRAN>41,000000</FRAN>
    <GREC>41,000000</GREC>
    <MFTV>41,000000</MFTV>
    <PRGP>91,000000</PRGP>
    <ROSN>41,000000</ROSN>
    <SLOV>41,000000</SLOV>
    <SVIZ>41,000000</SVIZ>
    <BSP>37,680000</BSP>
  </Prezzi>
</NewDataSet>