<?xml version="1.0" standalone="yes"?>
<NewDataSet>
  <xs:schema id="NewDataSet" xmlns="" xmlns:xs="http://www.w3.org/2001/XMLSchema" xmlns:msdata="urn:schemas-microsoft-com:xml-msdata">
    <xs:element name="NewDataSet" msdata:IsDataSet="true" msdata:UseCurrentLocale="true">
      <xs:complexType>
        <xs:choice minOccurs="0" maxOccurs="unbounded">
          <xs:element name="Prezzi">
            <xs:complexType>
              <xs:sequence>
                <xs:element name="Data" type="xs:string" minOccurs="0" />
                <xs:element name="Mercato" type="xs:string" minOccurs="0" />
                <xs:element name="Ora" type="xs:string" minOccurs="0" />
                <xs:element name="PUN" type="xs:string" minOccurs="0" />
                <xs:element name="NAT" type="xs:string" minOccurs="0" />
                <xs:element name="CNOR" type="xs:string" minOccurs="0" />
                <xs:element name="CSUD" type="xs:string" minOccurs="0" />
                <xs:element name="NORD" type="xs:string" minOccurs="0" />
                <xs:element name="SARD" type="xs:string" minOccurs="0" />
                <xs:element name="SICI" type="xs:string" minOccurs="0" />
                <xs:element name="SUD" type="xs:string" minOccurs="0" />
                <xs:element name="AUST" type="xs:string" minOccurs="0" />
                <xs:element name="BRNN" type="xs:string" minOccurs="0" />
                <xs:element name="COAC" type="xs:string" minOccurs="0" />
                <xs:element name="CORS" type="xs:string" minOccurs="0" />
                <xs:element name="FOGN" type="xs:string" minOccurs="0" />
                <xs:element name="FRAN" type="xs:string" minOccurs="0" />
                <xs:element name="GREC" type="xs:string" minOccurs="0" />
                <xs:element name="MFTV" type="xs:string" minOccurs="0" />
                <xs:element name="PRGP" type="xs:string" minOccurs="0" />
                <xs:element name="ROSN" type="xs:string" minOccurs="0" />
                <xs:element name="SLOV" type="xs:string" minOccurs="0" />
                <xs:element name="SVIZ" type="xs:string" minOccurs="0" />
                <xs:element name="BSP" type="xs:string" minOccurs="0" />
              </xs:sequence>
            </xs:complexType>
          </xs:element>
        </xs:choice>
      </xs:complexType>
    </xs:element>
  </xs:schema>
  <Prezzi>
    <Data>20140415</Data>
    <Mercato>MGP</Mercato>
    <Ora>1</Ora>
    <PUN>32,561301</PUN>
    <NAT>32,810000</NAT>
    <CNOR>32,650000</CNOR>
    <CSUD>32,650000</CSUD>
    <NORD>32,650000</NORD>
    <SARD>32,650000</SARD>
    <SICI>55,010000</SICI>
    <SUD>15,010000</SUD>
    <AUST>32,650000</AUST>
    <BRNN>15,010000</BRNN>
    <COAC>32,650000</COAC>
    <CORS>32,650000</CORS>
    <FOGN>15,010000</FOGN>
    <FRAN>32,650000</FRAN>
    <GREC>15,010000</GREC>
    <MFTV>32,650000</MFTV>
    <PRGP>55,010000</PRGP>
    <ROSN>15,010000</ROSN>
    <SLOV>32,650000</SLOV>
    <SVIZ>32,650000</SVIZ>
    <BSP>32,650000</BSP>
  </Prezzi>
  <Prezzi>
    <Data>20140415</Data>
    <Mercato>MGP</Mercato>
    <Ora>2</Ora>
    <PUN>25,029819</PUN>
    <NAT>25,000000</NAT>
    <CNOR>24,790000</CNOR>
    <CSUD>24,790000</CSUD>
    <NORD>24,790000</NORD>
    <SARD>24,790000</SARD>
    <SICI>55,010000</SICI>
    <SUD>5,000000</SUD>
    <AUST>24,790000</AUST>
    <BRNN>5,000000</BRNN>
    <COAC>24,790000</COAC>
    <CORS>24,790000</CORS>
    <FOGN>5,000000</FOGN>
    <FRAN>24,790000</FRAN>
    <GREC>5,000000</GREC>
    <MFTV>24,790000</MFTV>
    <PRGP>55,010000</PRGP>
    <ROSN>5,000000</ROSN>
    <SLOV>24,790000</SLOV>
    <SVIZ>24,790000</SVIZ>
    <BSP>24,790000</BSP>
  </Prezzi>
  <Prezzi>
    <Data>20140415</Data>
    <Mercato>MGP</Mercato>
    <Ora>3</Ora>
    <PUN>20,553956</PUN>
    <NAT>20,000000</NAT>
    <CNOR>20,020000</CNOR>
    <CSUD>20,020000</CSUD>
    <NORD>20,020000</NORD>
    <SARD>20,020000</SARD>
    <SICI>55,000000</SICI>
    <SUD>1,710000</SUD>
    <AUST>20,020000</AUST>
    <BRNN>1,710000</BRNN>
    <COAC>20,020000</COAC>
    <CORS>20,020000</CORS>
    <FOGN>1,710000</FOGN>
    <FRAN>20,020000</FRAN>
    <GREC>1,710000</GREC>
    <MFTV>20,020000</MFTV>
    <PRGP>55,000000</PRGP>
    <ROSN>1,710000</ROSN>
    <SLOV>20,020000</SLOV>
    <SVIZ>20,020000</SVIZ>
    <BSP>20,020000</BSP>
  </Prezzi>
  <Prezzi>
    <Data>20140415</Data>
    <Mercato>MGP</Mercato>
    <Ora>4</Ora>
    <PUN>18,772056</PUN>
    <NAT>17,490000</NAT>
    <CNOR>18,000000</CNOR>
    <CSUD>18,000000</CSUD>
    <NORD>18,000000</NORD>
    <SARD>18,000000</SARD>
    <SICI>54,180000</SICI>
    <SUD>1,710000</SUD>
    <AUST>18,000000</AUST>
    <BRNN>1,710000</BRNN>
    <COAC>18,000000</COAC>
    <CORS>18,000000</CORS>
    <FOGN>1,710000</FOGN>
    <FRAN>18,000000</FRAN>
    <GREC>1,710000</GREC>
    <MFTV>18,000000</MFTV>
    <PRGP>54,180000</PRGP>
    <ROSN>1,710000</ROSN>
    <SLOV>18,000000</SLOV>
    <SVIZ>18,000000</SVIZ>
    <BSP>18,000000</BSP>
  </Prezzi>
  <Prezzi>
    <Data>20140415</Data>
    <Mercato>MGP</Mercato>
    <Ora>5</Ora>
    <PUN>18,743752</PUN>
    <NAT>17,500000</NAT>
    <CNOR>18,000000</CNOR>
    <CSUD>18,000000</CSUD>
    <NORD>18,000000</NORD>
    <SARD>18,000000</SARD>
    <SICI>54,130000</SICI>
    <SUD>1,710000</SUD>
    <AUST>18,000000</AUST>
    <BRNN>1,710000</BRNN>
    <COAC>18,000000</COAC>
    <CORS>18,000000</CORS>
    <FOGN>1,710000</FOGN>
    <FRAN>18,000000</FRAN>
    <GREC>1,710000</GREC>
    <MFTV>18,000000</MFTV>
    <PRGP>54,130000</PRGP>
    <ROSN>1,710000</ROSN>
    <SLOV>18,000000</SLOV>
    <SVIZ>18,000000</SVIZ>
    <BSP>18,000000</BSP>
  </Prezzi>
  <Prezzi>
    <Data>20140415</Data>
    <Mercato>MGP</Mercato>
    <Ora>6</Ora>
    <PUN>26,609193</PUN>
    <NAT>26,000000</NAT>
    <CNOR>27,200000</CNOR>
    <CSUD>27,200000</CSUD>
    <NORD>27,200000</NORD>
    <SARD>27,200000</SARD>
    <SICI>51,320000</SICI>
    <SUD>5,000000</SUD>
    <AUST>27,200000</AUST>
    <BRNN>5,000000</BRNN>
    <COAC>27,200000</COAC>
    <CORS>27,200000</CORS>
    <FOGN>5,000000</FOGN>
    <FRAN>27,200000</FRAN>
    <GREC>5,000000</GREC>
    <MFTV>27,200000</MFTV>
    <PRGP>51,320000</PRGP>
    <ROSN>5,000000</ROSN>
    <SLOV>27,200000</SLOV>
    <SVIZ>27,200000</SVIZ>
    <BSP>27,200000</BSP>
  </Prezzi>
  <Prezzi>
    <Data>20140415</Data>
    <Mercato>MGP</Mercato>
    <Ora>7</Ora>
    <PUN>34,480004</PUN>
    <NAT>37,220000</NAT>
    <CNOR>29,000000</CNOR>
    <CSUD>29,000000</CSUD>
    <NORD>39,000000</NORD>
    <SARD>29,000000</SARD>
    <SICI>55,000000</SICI>
    <SUD>5,000000</SUD>
    <AUST>39,000000</AUST>
    <BRNN>5,000000</BRNN>
    <COAC>29,000000</COAC>
    <CORS>29,000000</CORS>
    <FOGN>5,000000</FOGN>
    <FRAN>39,000000</FRAN>
    <GREC>5,000000</GREC>
    <MFTV>39,000000</MFTV>
    <PRGP>55,000000</PRGP>
    <ROSN>5,000000</ROSN>
    <SLOV>39,000000</SLOV>
    <SVIZ>39,000000</SVIZ>
    <BSP>39,000000</BSP>
  </Prezzi>
  <Prezzi>
    <Data>20140415</Data>
    <Mercato>MGP</Mercato>
    <Ora>8</Ora>
    <PUN>51,093668</PUN>
    <NAT>47,870000</NAT>
    <CNOR>49,980000</CNOR>
    <CSUD>49,980000</CSUD>
    <NORD>49,980000</NORD>
    <SARD>49,980000</SARD>
    <SICI>95,000000</SICI>
    <SUD>34,090000</SUD>
    <AUST>49,980000</AUST>
    <BRNN>34,090000</BRNN>
    <COAC>49,980000</COAC>
    <CORS>49,980000</CORS>
    <FOGN>34,090000</FOGN>
    <FRAN>49,980000</FRAN>
    <GREC>34,090000</GREC>
    <MFTV>49,980000</MFTV>
    <PRGP>95,000000</PRGP>
    <ROSN>34,090000</ROSN>
    <SLOV>49,980000</SLOV>
    <SVIZ>49,980000</SVIZ>
    <BSP>49,980000</BSP>
  </Prezzi>
  <Prezzi>
    <Data>20140415</Data>
    <Mercato>MGP</Mercato>
    <Ora>9</Ora>
    <PUN>61,670000</PUN>
    <NAT>54,990000</NAT>
    <CNOR>61,325900</CNOR>
    <CSUD>61,325900</CSUD>
    <NORD>61,325900</NORD>
    <SARD>61,325900</SARD>
    <SICI>105,000000</SICI>
    <SUD>37,440000</SUD>
    <AUST>61,325900</AUST>
    <BRNN>37,440000</BRNN>
    <COAC>61,325900</COAC>
    <CORS>61,325900</CORS>
    <FOGN>37,440000</FOGN>
    <FRAN>61,325900</FRAN>
    <GREC>37,440000</GREC>
    <MFTV>61,325900</MFTV>
    <PRGP>105,000000</PRGP>
    <ROSN>37,440000</ROSN>
    <SLOV>61,325900</SLOV>
    <SVIZ>61,325900</SVIZ>
    <BSP>61,325900</BSP>
  </Prezzi>
  <Prezzi>
    <Data>20140415</Data>
    <Mercato>MGP</Mercato>
    <Ora>10</Ora>
    <PUN>61,773604</PUN>
    <NAT>54,690000</NAT>
    <CNOR>65,000000</CNOR>
    <CSUD>65,000000</CSUD>
    <NORD>65,000000</NORD>
    <SARD>65,000000</SARD>
    <SICI>55,010000</SICI>
    <SUD>34,300000</SUD>
    <AUST>65,000000</AUST>
    <BRNN>34,300000</BRNN>
    <COAC>65,000000</COAC>
    <CORS>65,000000</CORS>
    <FOGN>34,300000</FOGN>
    <FRAN>65,000000</FRAN>
    <GREC>34,300000</GREC>
    <MFTV>65,000000</MFTV>
    <PRGP>55,010000</PRGP>
    <ROSN>34,300000</ROSN>
    <SLOV>65,000000</SLOV>
    <SVIZ>65,000000</SVIZ>
    <BSP>65,000000</BSP>
  </Prezzi>
  <Prezzi>
    <Data>20140415</Data>
    <Mercato>MGP</Mercato>
    <Ora>11</Ora>
    <PUN>49,310882</PUN>
    <NAT>49,440000</NAT>
    <CNOR>52,330000</CNOR>
    <CSUD>52,330000</CSUD>
    <NORD>52,330000</NORD>
    <SARD>52,330000</SARD>
    <SICI>55,000000</SICI>
    <SUD>15,000000</SUD>
    <AUST>52,330000</AUST>
    <BRNN>15,000000</BRNN>
    <COAC>52,330000</COAC>
    <CORS>52,330000</CORS>
    <FOGN>15,000000</FOGN>
    <FRAN>52,330000</FRAN>
    <GREC>15,000000</GREC>
    <MFTV>52,330000</MFTV>
    <PRGP>55,000000</PRGP>
    <ROSN>15,000000</ROSN>
    <SLOV>52,330000</SLOV>
    <SVIZ>52,330000</SVIZ>
    <BSP>52,330000</BSP>
  </Prezzi>
  <Prezzi>
    <Data>20140415</Data>
    <Mercato>MGP</Mercato>
    <Ora>12</Ora>
    <PUN>47,659972</PUN>
    <NAT>47,480000</NAT>
    <CNOR>50,580000</CNOR>
    <CSUD>50,580000</CSUD>
    <NORD>50,580000</NORD>
    <SARD>50,580000</SARD>
    <SICI>52,190000</SICI>
    <SUD>15,010000</SUD>
    <AUST>50,580000</AUST>
    <BRNN>15,010000</BRNN>
    <COAC>50,580000</COAC>
    <CORS>50,580000</CORS>
    <FOGN>15,010000</FOGN>
    <FRAN>50,580000</FRAN>
    <GREC>15,010000</GREC>
    <MFTV>50,580000</MFTV>
    <PRGP>52,190000</PRGP>
    <ROSN>15,010000</ROSN>
    <SLOV>50,580000</SLOV>
    <SVIZ>50,580000</SVIZ>
    <BSP>50,580000</BSP>
  </Prezzi>
  <Prezzi>
    <Data>20140415</Data>
    <Mercato>MGP</Mercato>
    <Ora>13</Ora>
    <PUN>38,880000</PUN>
    <NAT>39,940000</NAT>
    <CNOR>33,632156</CNOR>
    <CSUD>33,632156</CSUD>
    <NORD>42,710000</NORD>
    <SARD>33,632156</SARD>
    <SICI>33,632156</SICI>
    <SUD>33,632156</SUD>
    <AUST>42,710000</AUST>
    <BRNN>33,632156</BRNN>
    <COAC>33,632156</COAC>
    <CORS>33,632156</CORS>
    <FOGN>33,632156</FOGN>
    <FRAN>42,710000</FRAN>
    <GREC>33,632156</GREC>
    <MFTV>42,710000</MFTV>
    <PRGP>33,632156</PRGP>
    <ROSN>33,632156</ROSN>
    <SLOV>42,710000</SLOV>
    <SVIZ>42,710000</SVIZ>
    <BSP>42,710000</BSP>
  </Prezzi>
  <Prezzi>
    <Data>20140415</Data>
    <Mercato>MGP</Mercato>
    <Ora>14</Ora>
    <PUN>34,440000</PUN>
    <NAT>38,180000</NAT>
    <CNOR>23,855892</CNOR>
    <CSUD>23,855892</CSUD>
    <NORD>41,710000</NORD>
    <SARD>23,855892</SARD>
    <SICI>23,855892</SICI>
    <SUD>23,855892</SUD>
    <AUST>41,710000</AUST>
    <BRNN>23,855892</BRNN>
    <COAC>23,855892</COAC>
    <CORS>23,855892</CORS>
    <FOGN>23,855892</FOGN>
    <FRAN>41,710000</FRAN>
    <GREC>23,855892</GREC>
    <MFTV>41,710000</MFTV>
    <PRGP>23,855892</PRGP>
    <ROSN>23,855892</ROSN>
    <SLOV>41,710000</SLOV>
    <SVIZ>41,710000</SVIZ>
    <BSP>41,710000</BSP>
  </Prezzi>
  <Prezzi>
    <Data>20140415</Data>
    <Mercato>MGP</Mercato>
    <Ora>15</Ora>
    <PUN>36,937391</PUN>
    <NAT>38,960000</NAT>
    <CNOR>30,330000</CNOR>
    <CSUD>30,330000</CSUD>
    <NORD>45,010000</NORD>
    <SARD>30,330000</SARD>
    <SICI>15,010000</SICI>
    <SUD>15,010000</SUD>
    <AUST>45,010000</AUST>
    <BRNN>15,010000</BRNN>
    <COAC>30,330000</COAC>
    <CORS>30,330000</CORS>
    <FOGN>15,010000</FOGN>
    <FRAN>45,010000</FRAN>
    <GREC>15,010000</GREC>
    <MFTV>45,010000</MFTV>
    <PRGP>15,010000</PRGP>
    <ROSN>15,010000</ROSN>
    <SLOV>45,010000</SLOV>
    <SVIZ>45,010000</SVIZ>
    <BSP>45,010000</BSP>
  </Prezzi>
  <Prezzi>
    <Data>20140415</Data>
    <Mercato>MGP</Mercato>
    <Ora>16</Ora>
    <PUN>45,165290</PUN>
    <NAT>40,420000</NAT>
    <CNOR>46,500000</CNOR>
    <CSUD>46,500000</CSUD>
    <NORD>46,500000</NORD>
    <SARD>46,500000</SARD>
    <SICI>36,880000</SICI>
    <SUD>36,880000</SUD>
    <AUST>46,500000</AUST>
    <BRNN>36,880000</BRNN>
    <COAC>46,500000</COAC>
    <CORS>46,500000</CORS>
    <FOGN>36,880000</FOGN>
    <FRAN>46,500000</FRAN>
    <GREC>36,880000</GREC>
    <MFTV>46,500000</MFTV>
    <PRGP>36,880000</PRGP>
    <ROSN>36,880000</ROSN>
    <SLOV>46,500000</SLOV>
    <SVIZ>46,500000</SVIZ>
    <BSP>46,500000</BSP>
  </Prezzi>
  <Prezzi>
    <Data>20140415</Data>
    <Mercato>MGP</Mercato>
    <Ora>17</Ora>
    <PUN>48,201442</PUN>
    <NAT>46,200000</NAT>
    <CNOR>49,980000</CNOR>
    <CSUD>49,980000</CSUD>
    <NORD>49,980000</NORD>
    <SARD>49,980000</SARD>
    <SICI>37,440000</SICI>
    <SUD>37,440000</SUD>
    <AUST>49,980000</AUST>
    <BRNN>37,440000</BRNN>
    <COAC>49,980000</COAC>
    <CORS>49,980000</CORS>
    <FOGN>37,440000</FOGN>
    <FRAN>49,980000</FRAN>
    <GREC>37,440000</GREC>
    <MFTV>49,980000</MFTV>
    <PRGP>37,440000</PRGP>
    <ROSN>37,440000</ROSN>
    <SLOV>49,980000</SLOV>
    <SVIZ>49,980000</SVIZ>
    <BSP>49,980000</BSP>
  </Prezzi>
  <Prezzi>
    <Data>20140415</Data>
    <Mercato>MGP</Mercato>
    <Ora>18</Ora>
    <PUN>45,212405</PUN>
    <NAT>44,000000</NAT>
    <CNOR>46,500000</CNOR>
    <CSUD>46,500000</CSUD>
    <NORD>46,500000</NORD>
    <SARD>46,500000</SARD>
    <SICI>37,630000</SICI>
    <SUD>37,630000</SUD>
    <AUST>46,500000</AUST>
    <BRNN>37,630000</BRNN>
    <COAC>46,500000</COAC>
    <CORS>46,500000</CORS>
    <FOGN>37,630000</FOGN>
    <FRAN>46,500000</FRAN>
    <GREC>37,630000</GREC>
    <MFTV>46,500000</MFTV>
    <PRGP>37,630000</PRGP>
    <ROSN>37,630000</ROSN>
    <SLOV>46,500000</SLOV>
    <SVIZ>46,500000</SVIZ>
    <BSP>46,500000</BSP>
  </Prezzi>
  <Prezzi>
    <Data>20140415</Data>
    <Mercato>MGP</Mercato>
    <Ora>19</Ora>
    <PUN>47,631861</PUN>
    <NAT>47,180000</NAT>
    <CNOR>48,210000</CNOR>
    <CSUD>48,210000</CSUD>
    <NORD>48,210000</NORD>
    <SARD>48,210000</SARD>
    <SICI>55,000000</SICI>
    <SUD>37,650000</SUD>
    <AUST>48,210000</AUST>
    <BRNN>37,650000</BRNN>
    <COAC>48,210000</COAC>
    <CORS>48,210000</CORS>
    <FOGN>37,650000</FOGN>
    <FRAN>48,210000</FRAN>
    <GREC>37,650000</GREC>
    <MFTV>48,210000</MFTV>
    <PRGP>55,000000</PRGP>
    <ROSN>37,650000</ROSN>
    <SLOV>48,210000</SLOV>
    <SVIZ>48,210000</SVIZ>
    <BSP>48,210000</BSP>
  </Prezzi>
  <Prezzi>
    <Data>20140415</Data>
    <Mercato>MGP</Mercato>
    <Ora>20</Ora>
    <PUN>55,630281</PUN>
    <NAT>55,000000</NAT>
    <CNOR>53,750000</CNOR>
    <CSUD>53,750000</CSUD>
    <NORD>53,750000</NORD>
    <SARD>53,750000</SARD>
    <SICI>85,770000</SICI>
    <SUD>53,750000</SUD>
    <AUST>53,750000</AUST>
    <BRNN>50,690000</BRNN>
    <COAC>53,750000</COAC>
    <CORS>53,750000</CORS>
    <FOGN>53,750000</FOGN>
    <FRAN>53,750000</FRAN>
    <GREC>50,690000</GREC>
    <MFTV>53,750000</MFTV>
    <PRGP>85,770000</PRGP>
    <ROSN>53,750000</ROSN>
    <SLOV>53,750000</SLOV>
    <SVIZ>53,750000</SVIZ>
    <BSP>53,750000</BSP>
  </Prezzi>
  <Prezzi>
    <Data>20140415</Data>
    <Mercato>MGP</Mercato>
    <Ora>21</Ora>
    <PUN>78,383859</PUN>
    <NAT>74,990000</NAT>
    <CNOR>74,990000</CNOR>
    <CSUD>74,990000</CSUD>
    <NORD>74,990000</NORD>
    <SARD>74,990000</SARD>
    <SICI>130,000000</SICI>
    <SUD>74,990000</SUD>
    <AUST>74,990000</AUST>
    <BRNN>50,740000</BRNN>
    <COAC>74,990000</COAC>
    <CORS>74,990000</CORS>
    <FOGN>74,990000</FOGN>
    <FRAN>74,990000</FRAN>
    <GREC>50,740000</GREC>
    <MFTV>74,990000</MFTV>
    <PRGP>130,000000</PRGP>
    <ROSN>74,990000</ROSN>
    <SLOV>74,990000</SLOV>
    <SVIZ>74,990000</SVIZ>
    <BSP>74,990000</BSP>
  </Prezzi>
  <Prezzi>
    <Data>20140415</Data>
    <Mercato>MGP</Mercato>
    <Ora>22</Ora>
    <PUN>56,538341</PUN>
    <NAT>54,810000</NAT>
    <CNOR>53,250000</CNOR>
    <CSUD>53,250000</CSUD>
    <NORD>53,250000</NORD>
    <SARD>53,250000</SARD>
    <SICI>105,010000</SICI>
    <SUD>53,250000</SUD>
    <AUST>53,250000</AUST>
    <BRNN>50,820000</BRNN>
    <COAC>53,250000</COAC>
    <CORS>53,250000</CORS>
    <FOGN>53,250000</FOGN>
    <FRAN>53,250000</FRAN>
    <GREC>50,820000</GREC>
    <MFTV>53,250000</MFTV>
    <PRGP>105,010000</PRGP>
    <ROSN>53,250000</ROSN>
    <SLOV>53,250000</SLOV>
    <SVIZ>53,250000</SVIZ>
    <BSP>53,250000</BSP>
  </Prezzi>
  <Prezzi>
    <Data>20140415</Data>
    <Mercato>MGP</Mercato>
    <Ora>23</Ora>
    <PUN>47,068050</PUN>
    <NAT>48,250000</NAT>
    <CNOR>46,500000</CNOR>
    <CSUD>46,500000</CSUD>
    <NORD>46,500000</NORD>
    <SARD>46,500000</SARD>
    <SICI>55,010000</SICI>
    <SUD>46,500000</SUD>
    <AUST>46,500000</AUST>
    <BRNN>46,500000</BRNN>
    <COAC>46,500000</COAC>
    <CORS>46,500000</CORS>
    <FOGN>46,500000</FOGN>
    <FRAN>46,500000</FRAN>
    <GREC>46,500000</GREC>
    <MFTV>46,500000</MFTV>
    <PRGP>55,010000</PRGP>
    <ROSN>46,500000</ROSN>
    <SLOV>46,500000</SLOV>
    <SVIZ>46,500000</SVIZ>
    <BSP>46,500000</BSP>
  </Prezzi>
  <Prezzi>
    <Data>20140415</Data>
    <Mercato>MGP</Mercato>
    <Ora>24</Ora>
    <PUN>40,779692</PUN>
    <NAT>40,210000</NAT>
    <CNOR>39,990000</CNOR>
    <CSUD>39,990000</CSUD>
    <NORD>39,990000</NORD>
    <SARD>39,990000</SARD>
    <SICI>55,000000</SICI>
    <SUD>38,180000</SUD>
    <AUST>39,990000</AUST>
    <BRNN>38,180000</BRNN>
    <COAC>39,990000</COAC>
    <CORS>39,990000</CORS>
    <FOGN>38,180000</FOGN>
    <FRAN>39,990000</FRAN>
    <GREC>38,180000</GREC>
    <MFTV>39,990000</MFTV>
    <PRGP>55,000000</PRGP>
    <ROSN>38,180000</ROSN>
    <SLOV>39,990000</SLOV>
    <SVIZ>39,990000</SVIZ>
    <BSP>39,990000</BSP>
  </Prezzi>
</NewDataSet>