<?xml version="1.0" standalone="yes"?>
<NewDataSet>
  <xs:schema id="NewDataSet" xmlns="" xmlns:xs="http://www.w3.org/2001/XMLSchema" xmlns:msdata="urn:schemas-microsoft-com:xml-msdata">
    <xs:element name="NewDataSet" msdata:IsDataSet="true" msdata:UseCurrentLocale="true">
      <xs:complexType>
        <xs:choice minOccurs="0" maxOccurs="unbounded">
          <xs:element name="Prezzi">
            <xs:complexType>
              <xs:sequence>
                <xs:element name="Data" type="xs:string" minOccurs="0" />
                <xs:element name="Mercato" type="xs:string" minOccurs="0" />
                <xs:element name="Ora" type="xs:string" minOccurs="0" />
                <xs:element name="PUN" type="xs:string" minOccurs="0" />
                <xs:element name="NAT" type="xs:string" minOccurs="0" />
                <xs:element name="CNOR" type="xs:string" minOccurs="0" />
                <xs:element name="CSUD" type="xs:string" minOccurs="0" />
                <xs:element name="NORD" type="xs:string" minOccurs="0" />
                <xs:element name="SARD" type="xs:string" minOccurs="0" />
                <xs:element name="SICI" type="xs:string" minOccurs="0" />
                <xs:element name="SUD" type="xs:string" minOccurs="0" />
                <xs:element name="AUST" type="xs:string" minOccurs="0" />
                <xs:element name="BRNN" type="xs:string" minOccurs="0" />
                <xs:element name="COAC" type="xs:string" minOccurs="0" />
                <xs:element name="CORS" type="xs:string" minOccurs="0" />
                <xs:element name="FOGN" type="xs:string" minOccurs="0" />
                <xs:element name="FRAN" type="xs:string" minOccurs="0" />
                <xs:element name="GREC" type="xs:string" minOccurs="0" />
                <xs:element name="MFTV" type="xs:string" minOccurs="0" />
                <xs:element name="PRGP" type="xs:string" minOccurs="0" />
                <xs:element name="ROSN" type="xs:string" minOccurs="0" />
                <xs:element name="SLOV" type="xs:string" minOccurs="0" />
                <xs:element name="SVIZ" type="xs:string" minOccurs="0" />
                <xs:element name="BSP" type="xs:string" minOccurs="0" />
              </xs:sequence>
            </xs:complexType>
          </xs:element>
        </xs:choice>
      </xs:complexType>
    </xs:element>
  </xs:schema>
  <Prezzi>
    <Data>20140408</Data>
    <Mercato>MGP</Mercato>
    <Ora>1</Ora>
    <PUN>39,824019</PUN>
    <NAT>38,200000</NAT>
    <CNOR>37,500000</CNOR>
    <CSUD>37,500000</CSUD>
    <NORD>37,500000</NORD>
    <SARD>37,500000</SARD>
    <SICI>70,000000</SICI>
    <SUD>37,500000</SUD>
    <AUST>37,500000</AUST>
    <BRNN>37,500000</BRNN>
    <COAC>37,500000</COAC>
    <CORS>37,500000</CORS>
    <FOGN>37,500000</FOGN>
    <FRAN>37,500000</FRAN>
    <GREC>37,500000</GREC>
    <MFTV>37,500000</MFTV>
    <PRGP>70,000000</PRGP>
    <ROSN>37,500000</ROSN>
    <SLOV>37,500000</SLOV>
    <SVIZ>37,500000</SVIZ>
    <BSP>33,240000</BSP>
  </Prezzi>
  <Prezzi>
    <Data>20140408</Data>
    <Mercato>MGP</Mercato>
    <Ora>2</Ora>
    <PUN>34,098750</PUN>
    <NAT>32,800000</NAT>
    <CNOR>32,600000</CNOR>
    <CSUD>32,600000</CSUD>
    <NORD>32,600000</NORD>
    <SARD>32,600000</SARD>
    <SICI>55,010000</SICI>
    <SUD>32,600000</SUD>
    <AUST>32,600000</AUST>
    <BRNN>32,600000</BRNN>
    <COAC>32,600000</COAC>
    <CORS>32,600000</CORS>
    <FOGN>32,600000</FOGN>
    <FRAN>32,600000</FRAN>
    <GREC>32,600000</GREC>
    <MFTV>32,600000</MFTV>
    <PRGP>55,010000</PRGP>
    <ROSN>32,600000</ROSN>
    <SLOV>32,600000</SLOV>
    <SVIZ>32,600000</SVIZ>
    <BSP>29,510000</BSP>
  </Prezzi>
  <Prezzi>
    <Data>20140408</Data>
    <Mercato>MGP</Mercato>
    <Ora>3</Ora>
    <PUN>34,071177</PUN>
    <NAT>32,590000</NAT>
    <CNOR>32,590000</CNOR>
    <CSUD>32,590000</CSUD>
    <NORD>32,590000</NORD>
    <SARD>32,590000</SARD>
    <SICI>55,000000</SICI>
    <SUD>32,590000</SUD>
    <AUST>32,590000</AUST>
    <BRNN>32,590000</BRNN>
    <COAC>32,590000</COAC>
    <CORS>32,590000</CORS>
    <FOGN>32,590000</FOGN>
    <FRAN>32,590000</FRAN>
    <GREC>32,590000</GREC>
    <MFTV>32,590000</MFTV>
    <PRGP>55,000000</PRGP>
    <ROSN>32,590000</ROSN>
    <SLOV>32,590000</SLOV>
    <SVIZ>32,590000</SVIZ>
    <BSP>25,010000</BSP>
  </Prezzi>
  <Prezzi>
    <Data>20140408</Data>
    <Mercato>MGP</Mercato>
    <Ora>4</Ora>
    <PUN>31,400000</PUN>
    <NAT>30,210000</NAT>
    <CNOR>29,717758</CNOR>
    <CSUD>29,717758</CSUD>
    <NORD>29,717758</NORD>
    <SARD>29,717758</SARD>
    <SICI>55,000000</SICI>
    <SUD>29,717758</SUD>
    <AUST>29,717758</AUST>
    <BRNN>29,717758</BRNN>
    <COAC>29,717758</COAC>
    <CORS>29,717758</CORS>
    <FOGN>29,717758</FOGN>
    <FRAN>29,717758</FRAN>
    <GREC>29,717758</GREC>
    <MFTV>29,717758</MFTV>
    <PRGP>55,000000</PRGP>
    <ROSN>29,717758</ROSN>
    <SLOV>29,717758</SLOV>
    <SVIZ>29,717758</SVIZ>
    <BSP>23,000000</BSP>
  </Prezzi>
  <Prezzi>
    <Data>20140408</Data>
    <Mercato>MGP</Mercato>
    <Ora>5</Ora>
    <PUN>31,870000</PUN>
    <NAT>31,440000</NAT>
    <CNOR>30,314823</CNOR>
    <CSUD>30,314823</CSUD>
    <NORD>30,314823</NORD>
    <SARD>30,314823</SARD>
    <SICI>55,000000</SICI>
    <SUD>30,314823</SUD>
    <AUST>30,314823</AUST>
    <BRNN>30,314823</BRNN>
    <COAC>30,314823</COAC>
    <CORS>30,314823</CORS>
    <FOGN>30,314823</FOGN>
    <FRAN>30,314823</FRAN>
    <GREC>30,314823</GREC>
    <MFTV>30,314823</MFTV>
    <PRGP>55,000000</PRGP>
    <ROSN>30,314823</ROSN>
    <SLOV>30,314823</SLOV>
    <SVIZ>30,314823</SVIZ>
    <BSP>24,480000</BSP>
  </Prezzi>
  <Prezzi>
    <Data>20140408</Data>
    <Mercato>MGP</Mercato>
    <Ora>6</Ora>
    <PUN>36,027016</PUN>
    <NAT>35,310000</NAT>
    <CNOR>34,820000</CNOR>
    <CSUD>34,820000</CSUD>
    <NORD>34,820000</NORD>
    <SARD>34,820000</SARD>
    <SICI>55,000000</SICI>
    <SUD>34,820000</SUD>
    <AUST>34,820000</AUST>
    <BRNN>34,820000</BRNN>
    <COAC>34,820000</COAC>
    <CORS>34,820000</CORS>
    <FOGN>34,820000</FOGN>
    <FRAN>34,820000</FRAN>
    <GREC>34,820000</GREC>
    <MFTV>34,820000</MFTV>
    <PRGP>55,000000</PRGP>
    <ROSN>34,820000</ROSN>
    <SLOV>34,820000</SLOV>
    <SVIZ>34,820000</SVIZ>
    <BSP>32,360000</BSP>
  </Prezzi>
  <Prezzi>
    <Data>20140408</Data>
    <Mercato>MGP</Mercato>
    <Ora>7</Ora>
    <PUN>45,000000</PUN>
    <NAT>45,000000</NAT>
    <CNOR>43,477912</CNOR>
    <CSUD>43,477912</CSUD>
    <NORD>43,477912</NORD>
    <SARD>43,477912</SARD>
    <SICI>70,000000</SICI>
    <SUD>43,477912</SUD>
    <AUST>43,477912</AUST>
    <BRNN>43,477912</BRNN>
    <COAC>43,477912</COAC>
    <CORS>43,477912</CORS>
    <FOGN>43,477912</FOGN>
    <FRAN>43,477912</FRAN>
    <GREC>43,477912</GREC>
    <MFTV>43,477912</MFTV>
    <PRGP>70,000000</PRGP>
    <ROSN>43,477912</ROSN>
    <SLOV>43,477912</SLOV>
    <SVIZ>43,477912</SVIZ>
    <BSP>43,477912</BSP>
  </Prezzi>
  <Prezzi>
    <Data>20140408</Data>
    <Mercato>MGP</Mercato>
    <Ora>8</Ora>
    <PUN>52,304483</PUN>
    <NAT>51,080000</NAT>
    <CNOR>49,710000</CNOR>
    <CSUD>49,710000</CSUD>
    <NORD>49,710000</NORD>
    <SARD>49,710000</SARD>
    <SICI>95,000000</SICI>
    <SUD>49,710000</SUD>
    <AUST>49,710000</AUST>
    <BRNN>49,710000</BRNN>
    <COAC>49,710000</COAC>
    <CORS>49,710000</CORS>
    <FOGN>49,710000</FOGN>
    <FRAN>49,710000</FRAN>
    <GREC>49,710000</GREC>
    <MFTV>49,710000</MFTV>
    <PRGP>95,000000</PRGP>
    <ROSN>49,710000</ROSN>
    <SLOV>49,710000</SLOV>
    <SVIZ>49,710000</SVIZ>
    <BSP>49,710000</BSP>
  </Prezzi>
  <Prezzi>
    <Data>20140408</Data>
    <Mercato>MGP</Mercato>
    <Ora>9</Ora>
    <PUN>65,170000</PUN>
    <NAT>65,050000</NAT>
    <CNOR>62,834083</CNOR>
    <CSUD>62,834083</CSUD>
    <NORD>62,834083</NORD>
    <SARD>62,834083</SARD>
    <SICI>105,000000</SICI>
    <SUD>62,834083</SUD>
    <AUST>62,834083</AUST>
    <BRNN>62,834083</BRNN>
    <COAC>62,834083</COAC>
    <CORS>62,834083</CORS>
    <FOGN>62,834083</FOGN>
    <FRAN>62,834083</FRAN>
    <GREC>62,834083</GREC>
    <MFTV>62,834083</MFTV>
    <PRGP>105,000000</PRGP>
    <ROSN>62,834083</ROSN>
    <SLOV>62,834083</SLOV>
    <SVIZ>62,834083</SVIZ>
    <BSP>62,834083</BSP>
  </Prezzi>
  <Prezzi>
    <Data>20140408</Data>
    <Mercato>MGP</Mercato>
    <Ora>10</Ora>
    <PUN>57,740000</PUN>
    <NAT>57,740000</NAT>
    <CNOR>57,740000</CNOR>
    <CSUD>57,740000</CSUD>
    <NORD>57,740000</NORD>
    <SARD>57,740000</SARD>
    <SICI>57,740000</SICI>
    <SUD>57,740000</SUD>
    <AUST>57,740000</AUST>
    <BRNN>57,740000</BRNN>
    <COAC>57,740000</COAC>
    <CORS>57,740000</CORS>
    <FOGN>57,740000</FOGN>
    <FRAN>57,740000</FRAN>
    <GREC>57,740000</GREC>
    <MFTV>57,740000</MFTV>
    <PRGP>57,740000</PRGP>
    <ROSN>57,740000</ROSN>
    <SLOV>57,740000</SLOV>
    <SVIZ>57,740000</SVIZ>
    <BSP>57,740000</BSP>
  </Prezzi>
  <Prezzi>
    <Data>20140408</Data>
    <Mercato>MGP</Mercato>
    <Ora>11</Ora>
    <PUN>45,013165</PUN>
    <NAT>47,000000</NAT>
    <CNOR>38,200000</CNOR>
    <CSUD>38,200000</CSUD>
    <NORD>48,000000</NORD>
    <SARD>38,200000</SARD>
    <SICI>55,000000</SICI>
    <SUD>38,200000</SUD>
    <AUST>48,000000</AUST>
    <BRNN>38,200000</BRNN>
    <COAC>38,200000</COAC>
    <CORS>38,200000</CORS>
    <FOGN>38,200000</FOGN>
    <FRAN>48,000000</FRAN>
    <GREC>38,200000</GREC>
    <MFTV>48,000000</MFTV>
    <PRGP>55,000000</PRGP>
    <ROSN>38,200000</ROSN>
    <SLOV>48,000000</SLOV>
    <SVIZ>48,000000</SVIZ>
    <BSP>48,000000</BSP>
  </Prezzi>
  <Prezzi>
    <Data>20140408</Data>
    <Mercato>MGP</Mercato>
    <Ora>12</Ora>
    <PUN>41,500000</PUN>
    <NAT>43,000000</NAT>
    <CNOR>31,613736</CNOR>
    <CSUD>31,613736</CSUD>
    <NORD>46,000000</NORD>
    <SARD>31,613736</SARD>
    <SICI>54,200000</SICI>
    <SUD>31,613736</SUD>
    <AUST>46,000000</AUST>
    <BRNN>31,613736</BRNN>
    <COAC>31,613736</COAC>
    <CORS>31,613736</CORS>
    <FOGN>31,613736</FOGN>
    <FRAN>46,000000</FRAN>
    <GREC>31,613736</GREC>
    <MFTV>46,000000</MFTV>
    <PRGP>54,200000</PRGP>
    <ROSN>31,613736</ROSN>
    <SLOV>46,000000</SLOV>
    <SVIZ>46,000000</SVIZ>
    <BSP>46,000000</BSP>
  </Prezzi>
  <Prezzi>
    <Data>20140408</Data>
    <Mercato>MGP</Mercato>
    <Ora>13</Ora>
    <PUN>36,195598</PUN>
    <NAT>37,500000</NAT>
    <CNOR>28,000000</CNOR>
    <CSUD>28,000000</CSUD>
    <NORD>40,150000</NORD>
    <SARD>28,000000</SARD>
    <SICI>46,670000</SICI>
    <SUD>28,000000</SUD>
    <AUST>40,150000</AUST>
    <BRNN>28,000000</BRNN>
    <COAC>28,000000</COAC>
    <CORS>28,000000</CORS>
    <FOGN>28,000000</FOGN>
    <FRAN>40,150000</FRAN>
    <GREC>28,000000</GREC>
    <MFTV>40,150000</MFTV>
    <PRGP>46,670000</PRGP>
    <ROSN>28,000000</ROSN>
    <SLOV>40,150000</SLOV>
    <SVIZ>40,150000</SVIZ>
    <BSP>40,150000</BSP>
  </Prezzi>
  <Prezzi>
    <Data>20140408</Data>
    <Mercato>MGP</Mercato>
    <Ora>14</Ora>
    <PUN>29,000000</PUN>
    <NAT>37,310000</NAT>
    <CNOR>5,811292</CNOR>
    <CSUD>5,811292</CSUD>
    <NORD>40,900000</NORD>
    <SARD>5,811292</SARD>
    <SICI>46,720000</SICI>
    <SUD>5,811292</SUD>
    <AUST>40,900000</AUST>
    <BRNN>5,811292</BRNN>
    <COAC>5,811292</COAC>
    <CORS>5,811292</CORS>
    <FOGN>5,811292</FOGN>
    <FRAN>40,900000</FRAN>
    <GREC>5,811292</GREC>
    <MFTV>40,900000</MFTV>
    <PRGP>46,720000</PRGP>
    <ROSN>5,811292</ROSN>
    <SLOV>40,900000</SLOV>
    <SVIZ>40,900000</SVIZ>
    <BSP>40,900000</BSP>
  </Prezzi>
  <Prezzi>
    <Data>20140408</Data>
    <Mercato>MGP</Mercato>
    <Ora>15</Ora>
    <PUN>39,633949</PUN>
    <NAT>38,200000</NAT>
    <CNOR>28,000000</CNOR>
    <CSUD>28,000000</CSUD>
    <NORD>45,030000</NORD>
    <SARD>28,000000</SARD>
    <SICI>51,790000</SICI>
    <SUD>28,000000</SUD>
    <AUST>45,030000</AUST>
    <BRNN>28,000000</BRNN>
    <COAC>28,000000</COAC>
    <CORS>28,000000</CORS>
    <FOGN>28,000000</FOGN>
    <FRAN>45,030000</FRAN>
    <GREC>28,000000</GREC>
    <MFTV>45,030000</MFTV>
    <PRGP>51,790000</PRGP>
    <ROSN>28,000000</ROSN>
    <SLOV>45,030000</SLOV>
    <SVIZ>45,030000</SVIZ>
    <BSP>45,030000</BSP>
  </Prezzi>
  <Prezzi>
    <Data>20140408</Data>
    <Mercato>MGP</Mercato>
    <Ora>16</Ora>
    <PUN>40,680049</PUN>
    <NAT>38,200000</NAT>
    <CNOR>29,180000</CNOR>
    <CSUD>29,180000</CSUD>
    <NORD>45,670000</NORD>
    <SARD>29,180000</SARD>
    <SICI>54,230000</SICI>
    <SUD>29,180000</SUD>
    <AUST>45,670000</AUST>
    <BRNN>29,180000</BRNN>
    <COAC>29,180000</COAC>
    <CORS>29,180000</CORS>
    <FOGN>29,180000</FOGN>
    <FRAN>45,670000</FRAN>
    <GREC>29,180000</GREC>
    <MFTV>45,670000</MFTV>
    <PRGP>54,230000</PRGP>
    <ROSN>29,180000</ROSN>
    <SLOV>45,670000</SLOV>
    <SVIZ>45,670000</SVIZ>
    <BSP>45,670000</BSP>
  </Prezzi>
  <Prezzi>
    <Data>20140408</Data>
    <Mercato>MGP</Mercato>
    <Ora>17</Ora>
    <PUN>44,466023</PUN>
    <NAT>45,010000</NAT>
    <CNOR>37,500000</CNOR>
    <CSUD>37,500000</CSUD>
    <NORD>47,500000</NORD>
    <SARD>37,500000</SARD>
    <SICI>54,230000</SICI>
    <SUD>37,500000</SUD>
    <AUST>47,500000</AUST>
    <BRNN>37,500000</BRNN>
    <COAC>37,500000</COAC>
    <CORS>37,500000</CORS>
    <FOGN>37,500000</FOGN>
    <FRAN>47,500000</FRAN>
    <GREC>37,500000</GREC>
    <MFTV>47,500000</MFTV>
    <PRGP>54,230000</PRGP>
    <ROSN>37,500000</ROSN>
    <SLOV>47,500000</SLOV>
    <SVIZ>47,500000</SVIZ>
    <BSP>47,500000</BSP>
  </Prezzi>
  <Prezzi>
    <Data>20140408</Data>
    <Mercato>MGP</Mercato>
    <Ora>18</Ora>
    <PUN>46,759521</PUN>
    <NAT>47,770000</NAT>
    <CNOR>45,000000</CNOR>
    <CSUD>45,000000</CSUD>
    <NORD>47,000000</NORD>
    <SARD>45,000000</SARD>
    <SICI>55,010000</SICI>
    <SUD>45,000000</SUD>
    <AUST>47,000000</AUST>
    <BRNN>45,000000</BRNN>
    <COAC>45,000000</COAC>
    <CORS>45,000000</CORS>
    <FOGN>45,000000</FOGN>
    <FRAN>47,000000</FRAN>
    <GREC>45,000000</GREC>
    <MFTV>47,000000</MFTV>
    <PRGP>55,010000</PRGP>
    <ROSN>45,000000</ROSN>
    <SLOV>47,000000</SLOV>
    <SVIZ>47,000000</SVIZ>
    <BSP>47,000000</BSP>
  </Prezzi>
  <Prezzi>
    <Data>20140408</Data>
    <Mercato>MGP</Mercato>
    <Ora>19</Ora>
    <PUN>54,236707</PUN>
    <NAT>49,500000</NAT>
    <CNOR>49,170000</CNOR>
    <CSUD>49,170000</CSUD>
    <NORD>49,170000</NORD>
    <SARD>49,170000</SARD>
    <SICI>136,340000</SICI>
    <SUD>49,170000</SUD>
    <AUST>49,170000</AUST>
    <BRNN>49,170000</BRNN>
    <COAC>49,170000</COAC>
    <CORS>49,170000</CORS>
    <FOGN>49,170000</FOGN>
    <FRAN>49,170000</FRAN>
    <GREC>49,170000</GREC>
    <MFTV>49,170000</MFTV>
    <PRGP>136,340000</PRGP>
    <ROSN>49,170000</ROSN>
    <SLOV>49,170000</SLOV>
    <SVIZ>49,170000</SVIZ>
    <BSP>49,170000</BSP>
  </Prezzi>
  <Prezzi>
    <Data>20140408</Data>
    <Mercato>MGP</Mercato>
    <Ora>20</Ora>
    <PUN>62,380000</PUN>
    <NAT>59,880000</NAT>
    <CNOR>57,180938</CNOR>
    <CSUD>57,180938</CSUD>
    <NORD>57,180938</NORD>
    <SARD>57,180938</SARD>
    <SICI>144,040000</SICI>
    <SUD>57,180938</SUD>
    <AUST>57,180938</AUST>
    <BRNN>57,180938</BRNN>
    <COAC>57,180938</COAC>
    <CORS>57,180938</CORS>
    <FOGN>57,180938</FOGN>
    <FRAN>57,180938</FRAN>
    <GREC>57,180938</GREC>
    <MFTV>57,180938</MFTV>
    <PRGP>144,040000</PRGP>
    <ROSN>57,180938</ROSN>
    <SLOV>57,180938</SLOV>
    <SVIZ>57,180938</SVIZ>
    <BSP>57,180938</BSP>
  </Prezzi>
  <Prezzi>
    <Data>20140408</Data>
    <Mercato>MGP</Mercato>
    <Ora>21</Ora>
    <PUN>73,330000</PUN>
    <NAT>72,800000</NAT>
    <CNOR>69,573820</CNOR>
    <CSUD>69,573820</CSUD>
    <NORD>69,573820</NORD>
    <SARD>69,573820</SARD>
    <SICI>130,020000</SICI>
    <SUD>69,573820</SUD>
    <AUST>69,573820</AUST>
    <BRNN>69,573820</BRNN>
    <COAC>69,573820</COAC>
    <CORS>69,573820</CORS>
    <FOGN>69,573820</FOGN>
    <FRAN>69,573820</FRAN>
    <GREC>69,573820</GREC>
    <MFTV>69,573820</MFTV>
    <PRGP>130,020000</PRGP>
    <ROSN>69,573820</ROSN>
    <SLOV>69,573820</SLOV>
    <SVIZ>69,573820</SVIZ>
    <BSP>69,573820</BSP>
  </Prezzi>
  <Prezzi>
    <Data>20140408</Data>
    <Mercato>MGP</Mercato>
    <Ora>22</Ora>
    <PUN>54,730000</PUN>
    <NAT>53,500000</NAT>
    <CNOR>51,293199</CNOR>
    <CSUD>51,293199</CSUD>
    <NORD>51,293199</NORD>
    <SARD>51,293199</SARD>
    <SICI>105,020000</SICI>
    <SUD>51,293199</SUD>
    <AUST>51,293199</AUST>
    <BRNN>51,293199</BRNN>
    <COAC>51,293199</COAC>
    <CORS>51,293199</CORS>
    <FOGN>51,293199</FOGN>
    <FRAN>51,293199</FRAN>
    <GREC>51,293199</GREC>
    <MFTV>51,293199</MFTV>
    <PRGP>105,020000</PRGP>
    <ROSN>51,293199</ROSN>
    <SLOV>51,293199</SLOV>
    <SVIZ>51,293199</SVIZ>
    <BSP>51,293199</BSP>
  </Prezzi>
  <Prezzi>
    <Data>20140408</Data>
    <Mercato>MGP</Mercato>
    <Ora>23</Ora>
    <PUN>49,506250</PUN>
    <NAT>48,970000</NAT>
    <CNOR>46,500000</CNOR>
    <CSUD>46,500000</CSUD>
    <NORD>46,500000</NORD>
    <SARD>46,500000</SARD>
    <SICI>91,010000</SICI>
    <SUD>46,500000</SUD>
    <AUST>46,500000</AUST>
    <BRNN>46,500000</BRNN>
    <COAC>46,500000</COAC>
    <CORS>46,500000</CORS>
    <FOGN>46,500000</FOGN>
    <FRAN>46,500000</FRAN>
    <GREC>46,500000</GREC>
    <MFTV>46,500000</MFTV>
    <PRGP>91,010000</PRGP>
    <ROSN>46,500000</ROSN>
    <SLOV>46,500000</SLOV>
    <SVIZ>46,500000</SVIZ>
    <BSP>46,500000</BSP>
  </Prezzi>
  <Prezzi>
    <Data>20140408</Data>
    <Mercato>MGP</Mercato>
    <Ora>24</Ora>
    <PUN>41,634908</PUN>
    <NAT>39,500000</NAT>
    <CNOR>37,500000</CNOR>
    <CSUD>37,500000</CSUD>
    <NORD>38,550000</NORD>
    <SARD>37,500000</SARD>
    <SICI>91,000000</SICI>
    <SUD>37,500000</SUD>
    <AUST>38,550000</AUST>
    <BRNN>37,500000</BRNN>
    <COAC>37,500000</COAC>
    <CORS>37,500000</CORS>
    <FOGN>37,500000</FOGN>
    <FRAN>38,550000</FRAN>
    <GREC>37,500000</GREC>
    <MFTV>38,550000</MFTV>
    <PRGP>91,000000</PRGP>
    <ROSN>37,500000</ROSN>
    <SLOV>38,550000</SLOV>
    <SVIZ>38,550000</SVIZ>
    <BSP>38,550000</BSP>
  </Prezzi>
</NewDataSet>