<?xml version="1.0" standalone="yes"?>
<NewDataSet>
  <xs:schema id="NewDataSet" xmlns="" xmlns:xs="http://www.w3.org/2001/XMLSchema" xmlns:msdata="urn:schemas-microsoft-com:xml-msdata">
    <xs:element name="NewDataSet" msdata:IsDataSet="true" msdata:MainDataTable="marketintervaldetail" msdata:UseCurrentLocale="true">
      <xs:complexType>
        <xs:choice minOccurs="0" maxOccurs="unbounded">
          <xs:element name="marketintervaldetail">
            <xs:complexType>
              <xs:sequence>
                <xs:element name="Data" type="xs:string" minOccurs="0" />
                <xs:element name="Mercato" type="xs:string" minOccurs="0" />
                <xs:element name="Ora" type="xs:string" minOccurs="0" />
                <xs:element name="Totale" type="xs:string" minOccurs="0" />
                <xs:element name="CNOR" type="xs:string" minOccurs="0" />
                <xs:element name="CSUD" type="xs:string" minOccurs="0" />
                <xs:element name="NORD" type="xs:string" minOccurs="0" />
                <xs:element name="SARD" type="xs:string" minOccurs="0" />
                <xs:element name="SICI" type="xs:string" minOccurs="0" />
                <xs:element name="SUD" type="xs:string" minOccurs="0" />
              </xs:sequence>
            </xs:complexType>
          </xs:element>
        </xs:choice>
      </xs:complexType>
    </xs:element>
  </xs:schema>
  <marketintervaldetail>
    <Data>20150805</Data>
    <Mercato>MGP</Mercato>
    <Ora>01</Ora>
    <Totale>32078</Totale>
    <CNOR>3161</CNOR>
    <CSUD>5639</CSUD>
    <NORD>16120</NORD>
    <SARD>1126</SARD>
    <SICI>2408</SICI>
    <SUD>3624</SUD>
  </marketintervaldetail>
  <marketintervaldetail>
    <Data>20150805</Data>
    <Mercato>MGP</Mercato>
    <Ora>02</Ora>
    <Totale>30071</Totale>
    <CNOR>2905</CNOR>
    <CSUD>5287</CSUD>
    <NORD>15183</NORD>
    <SARD>1051</SARD>
    <SICI>2258</SICI>
    <SUD>3387</SUD>
  </marketintervaldetail>
  <marketintervaldetail>
    <Data>20150805</Data>
    <Mercato>MGP</Mercato>
    <Ora>03</Ora>
    <Totale>28823</Totale>
    <CNOR>2808</CNOR>
    <CSUD>4950</CSUD>
    <NORD>14619</NORD>
    <SARD>998</SARD>
    <SICI>2114</SICI>
    <SUD>3334</SUD>
  </marketintervaldetail>
  <marketintervaldetail>
    <Data>20150805</Data>
    <Mercato>MGP</Mercato>
    <Ora>04</Ora>
    <Totale>28347</Totale>
    <CNOR>2788</CNOR>
    <CSUD>4796</CSUD>
    <NORD>14449</NORD>
    <SARD>976</SARD>
    <SICI>2022</SICI>
    <SUD>3316</SUD>
  </marketintervaldetail>
  <marketintervaldetail>
    <Data>20150805</Data>
    <Mercato>MGP</Mercato>
    <Ora>05</Ora>
    <Totale>28133</Totale>
    <CNOR>2752</CNOR>
    <CSUD>4752</CSUD>
    <NORD>14401</NORD>
    <SARD>968</SARD>
    <SICI>1954</SICI>
    <SUD>3306</SUD>
  </marketintervaldetail>
  <marketintervaldetail>
    <Data>20150805</Data>
    <Mercato>MGP</Mercato>
    <Ora>06</Ora>
    <Totale>28989</Totale>
    <CNOR>2819</CNOR>
    <CSUD>4917</CSUD>
    <NORD>15165</NORD>
    <SARD>969</SARD>
    <SICI>1936</SICI>
    <SUD>3183</SUD>
  </marketintervaldetail>
  <marketintervaldetail>
    <Data>20150805</Data>
    <Mercato>MGP</Mercato>
    <Ora>07</Ora>
    <Totale>30614</Totale>
    <CNOR>2994</CNOR>
    <CSUD>5132</CSUD>
    <NORD>16434</NORD>
    <SARD>978</SARD>
    <SICI>1928</SICI>
    <SUD>3148</SUD>
  </marketintervaldetail>
  <marketintervaldetail>
    <Data>20150805</Data>
    <Mercato>MGP</Mercato>
    <Ora>08</Ora>
    <Totale>34849</Totale>
    <CNOR>3591</CNOR>
    <CSUD>5747</CSUD>
    <NORD>18939</NORD>
    <SARD>1044</SARD>
    <SICI>2136</SICI>
    <SUD>3392</SUD>
  </marketintervaldetail>
  <marketintervaldetail>
    <Data>20150805</Data>
    <Mercato>MGP</Mercato>
    <Ora>09</Ora>
    <Totale>39737</Totale>
    <CNOR>4229</CNOR>
    <CSUD>6484</CSUD>
    <NORD>21608</NORD>
    <SARD>1145</SARD>
    <SICI>2411</SICI>
    <SUD>3860</SUD>
  </marketintervaldetail>
  <marketintervaldetail>
    <Data>20150805</Data>
    <Mercato>MGP</Mercato>
    <Ora>10</Ora>
    <Totale>42471</Totale>
    <CNOR>4531</CNOR>
    <CSUD>7190</CSUD>
    <NORD>22678</NORD>
    <SARD>1217</SARD>
    <SICI>2710</SICI>
    <SUD>4145</SUD>
  </marketintervaldetail>
  <marketintervaldetail>
    <Data>20150805</Data>
    <Mercato>MGP</Mercato>
    <Ora>11</Ora>
    <Totale>43365</Totale>
    <CNOR>4670</CNOR>
    <CSUD>7544</CSUD>
    <NORD>22769</NORD>
    <SARD>1238</SARD>
    <SICI>2842</SICI>
    <SUD>4302</SUD>
  </marketintervaldetail>
  <marketintervaldetail>
    <Data>20150805</Data>
    <Mercato>MGP</Mercato>
    <Ora>12</Ora>
    <Totale>43780</Totale>
    <CNOR>4685</CNOR>
    <CSUD>7797</CSUD>
    <NORD>22703</NORD>
    <SARD>1251</SARD>
    <SICI>2925</SICI>
    <SUD>4419</SUD>
  </marketintervaldetail>
  <marketintervaldetail>
    <Data>20150805</Data>
    <Mercato>MGP</Mercato>
    <Ora>13</Ora>
    <Totale>42268</Totale>
    <CNOR>4513</CNOR>
    <CSUD>7791</CSUD>
    <NORD>21339</NORD>
    <SARD>1264</SARD>
    <SICI>2991</SICI>
    <SUD>4370</SUD>
  </marketintervaldetail>
  <marketintervaldetail>
    <Data>20150805</Data>
    <Mercato>MGP</Mercato>
    <Ora>14</Ora>
    <Totale>41782</Totale>
    <CNOR>4257</CNOR>
    <CSUD>7643</CSUD>
    <NORD>21205</NORD>
    <SARD>1260</SARD>
    <SICI>3067</SICI>
    <SUD>4350</SUD>
  </marketintervaldetail>
  <marketintervaldetail>
    <Data>20150805</Data>
    <Mercato>MGP</Mercato>
    <Ora>15</Ora>
    <Totale>42768</Totale>
    <CNOR>4356</CNOR>
    <CSUD>7844</CSUD>
    <NORD>21673</NORD>
    <SARD>1228</SARD>
    <SICI>3115</SICI>
    <SUD>4552</SUD>
  </marketintervaldetail>
  <marketintervaldetail>
    <Data>20150805</Data>
    <Mercato>MGP</Mercato>
    <Ora>16</Ora>
    <Totale>43258</Totale>
    <CNOR>4267</CNOR>
    <CSUD>7896</CSUD>
    <NORD>22080</NORD>
    <SARD>1213</SARD>
    <SICI>3117</SICI>
    <SUD>4685</SUD>
  </marketintervaldetail>
  <marketintervaldetail>
    <Data>20150805</Data>
    <Mercato>MGP</Mercato>
    <Ora>17</Ora>
    <Totale>43615</Totale>
    <CNOR>4392</CNOR>
    <CSUD>7860</CSUD>
    <NORD>22133</NORD>
    <SARD>1225</SARD>
    <SICI>3173</SICI>
    <SUD>4832</SUD>
  </marketintervaldetail>
  <marketintervaldetail>
    <Data>20150805</Data>
    <Mercato>MGP</Mercato>
    <Ora>18</Ora>
    <Totale>43415</Totale>
    <CNOR>4582</CNOR>
    <CSUD>7758</CSUD>
    <NORD>21896</NORD>
    <SARD>1241</SARD>
    <SICI>3170</SICI>
    <SUD>4768</SUD>
  </marketintervaldetail>
  <marketintervaldetail>
    <Data>20150805</Data>
    <Mercato>MGP</Mercato>
    <Ora>19</Ora>
    <Totale>42089</Totale>
    <CNOR>4486</CNOR>
    <CSUD>7542</CSUD>
    <NORD>21330</NORD>
    <SARD>1260</SARD>
    <SICI>3074</SICI>
    <SUD>4397</SUD>
  </marketintervaldetail>
  <marketintervaldetail>
    <Data>20150805</Data>
    <Mercato>MGP</Mercato>
    <Ora>20</Ora>
    <Totale>40712</Totale>
    <CNOR>4242</CNOR>
    <CSUD>7379</CSUD>
    <NORD>20366</NORD>
    <SARD>1295</SARD>
    <SICI>2966</SICI>
    <SUD>4464</SUD>
  </marketintervaldetail>
  <marketintervaldetail>
    <Data>20150805</Data>
    <Mercato>MGP</Mercato>
    <Ora>21</Ora>
    <Totale>40199</Totale>
    <CNOR>4246</CNOR>
    <CSUD>7450</CSUD>
    <NORD>19630</NORD>
    <SARD>1336</SARD>
    <SICI>3012</SICI>
    <SUD>4525</SUD>
  </marketintervaldetail>
  <marketintervaldetail>
    <Data>20150805</Data>
    <Mercato>MGP</Mercato>
    <Ora>22</Ora>
    <Totale>39884</Totale>
    <CNOR>4253</CNOR>
    <CSUD>7453</CSUD>
    <NORD>19499</NORD>
    <SARD>1357</SARD>
    <SICI>2953</SICI>
    <SUD>4369</SUD>
  </marketintervaldetail>
  <marketintervaldetail>
    <Data>20150805</Data>
    <Mercato>MGP</Mercato>
    <Ora>23</Ora>
    <Totale>37017</Totale>
    <CNOR>3901</CNOR>
    <CSUD>6998</CSUD>
    <NORD>17929</NORD>
    <SARD>1274</SARD>
    <SICI>2806</SICI>
    <SUD>4109</SUD>
  </marketintervaldetail>
  <marketintervaldetail>
    <Data>20150805</Data>
    <Mercato>MGP</Mercato>
    <Ora>24</Ora>
    <Totale>34269</Totale>
    <CNOR>3499</CNOR>
    <CSUD>6461</CSUD>
    <NORD>16525</NORD>
    <SARD>1185</SARD>
    <SICI>2656</SICI>
    <SUD>3943</SUD>
  </marketintervaldetail>
</NewDataSet>