<?xml version="1.0" standalone="yes"?>
<NewDataSet>
  <xs:schema id="NewDataSet" xmlns="" xmlns:xs="http://www.w3.org/2001/XMLSchema" xmlns:msdata="urn:schemas-microsoft-com:xml-msdata">
    <xs:element name="NewDataSet" msdata:IsDataSet="true" msdata:MainDataTable="marketintervaldetail" msdata:UseCurrentLocale="true">
      <xs:complexType>
        <xs:choice minOccurs="0" maxOccurs="unbounded">
          <xs:element name="marketintervaldetail">
            <xs:complexType>
              <xs:sequence>
                <xs:element name="Data" type="xs:string" minOccurs="0" />
                <xs:element name="Mercato" type="xs:string" minOccurs="0" />
                <xs:element name="Ora" type="xs:string" minOccurs="0" />
                <xs:element name="Totale" type="xs:string" minOccurs="0" />
                <xs:element name="CNOR" type="xs:string" minOccurs="0" />
                <xs:element name="CSUD" type="xs:string" minOccurs="0" />
                <xs:element name="NORD" type="xs:string" minOccurs="0" />
                <xs:element name="SARD" type="xs:string" minOccurs="0" />
                <xs:element name="SICI" type="xs:string" minOccurs="0" />
                <xs:element name="SUD" type="xs:string" minOccurs="0" />
              </xs:sequence>
            </xs:complexType>
          </xs:element>
        </xs:choice>
      </xs:complexType>
    </xs:element>
  </xs:schema>
  <marketintervaldetail>
    <Data>20150810</Data>
    <Mercato>MGP</Mercato>
    <Ora>01</Ora>
    <Totale>25808</Totale>
    <CNOR>2712</CNOR>
    <CSUD>5201</CSUD>
    <NORD>11291</NORD>
    <SARD>1059</SARD>
    <SICI>2403</SICI>
    <SUD>3142</SUD>
  </marketintervaldetail>
  <marketintervaldetail>
    <Data>20150810</Data>
    <Mercato>MGP</Mercato>
    <Ora>02</Ora>
    <Totale>24261</Totale>
    <CNOR>2560</CNOR>
    <CSUD>4833</CSUD>
    <NORD>10568</NORD>
    <SARD>990</SARD>
    <SICI>2269</SICI>
    <SUD>3041</SUD>
  </marketintervaldetail>
  <marketintervaldetail>
    <Data>20150810</Data>
    <Mercato>MGP</Mercato>
    <Ora>03</Ora>
    <Totale>23126</Totale>
    <CNOR>2441</CNOR>
    <CSUD>4606</CSUD>
    <NORD>10140</NORD>
    <SARD>935</SARD>
    <SICI>2144</SICI>
    <SUD>2860</SUD>
  </marketintervaldetail>
  <marketintervaldetail>
    <Data>20150810</Data>
    <Mercato>MGP</Mercato>
    <Ora>04</Ora>
    <Totale>22484</Totale>
    <CNOR>2345</CNOR>
    <CSUD>4455</CSUD>
    <NORD>9989</NORD>
    <SARD>912</SARD>
    <SICI>2053</SICI>
    <SUD>2730</SUD>
  </marketintervaldetail>
  <marketintervaldetail>
    <Data>20150810</Data>
    <Mercato>MGP</Mercato>
    <Ora>05</Ora>
    <Totale>22231</Totale>
    <CNOR>2298</CNOR>
    <CSUD>4371</CSUD>
    <NORD>9970</NORD>
    <SARD>903</SARD>
    <SICI>2008</SICI>
    <SUD>2681</SUD>
  </marketintervaldetail>
  <marketintervaldetail>
    <Data>20150810</Data>
    <Mercato>MGP</Mercato>
    <Ora>06</Ora>
    <Totale>23012</Totale>
    <CNOR>2416</CNOR>
    <CSUD>4429</CSUD>
    <NORD>10528</NORD>
    <SARD>908</SARD>
    <SICI>1998</SICI>
    <SUD>2733</SUD>
  </marketintervaldetail>
  <marketintervaldetail>
    <Data>20150810</Data>
    <Mercato>MGP</Mercato>
    <Ora>07</Ora>
    <Totale>24291</Totale>
    <CNOR>2606</CNOR>
    <CSUD>4648</CSUD>
    <NORD>11522</NORD>
    <SARD>925</SARD>
    <SICI>1934</SICI>
    <SUD>2656</SUD>
  </marketintervaldetail>
  <marketintervaldetail>
    <Data>20150810</Data>
    <Mercato>MGP</Mercato>
    <Ora>08</Ora>
    <Totale>27029</Totale>
    <CNOR>2985</CNOR>
    <CSUD>5157</CSUD>
    <NORD>13102</NORD>
    <SARD>991</SARD>
    <SICI>2013</SICI>
    <SUD>2781</SUD>
  </marketintervaldetail>
  <marketintervaldetail>
    <Data>20150810</Data>
    <Mercato>MGP</Mercato>
    <Ora>09</Ora>
    <Totale>30876</Totale>
    <CNOR>3382</CNOR>
    <CSUD>5879</CSUD>
    <NORD>15076</NORD>
    <SARD>1115</SARD>
    <SICI>2306</SICI>
    <SUD>3118</SUD>
  </marketintervaldetail>
  <marketintervaldetail>
    <Data>20150810</Data>
    <Mercato>MGP</Mercato>
    <Ora>10</Ora>
    <Totale>33909</Totale>
    <CNOR>3760</CNOR>
    <CSUD>6529</CSUD>
    <NORD>16480</NORD>
    <SARD>1175</SARD>
    <SICI>2520</SICI>
    <SUD>3445</SUD>
  </marketintervaldetail>
  <marketintervaldetail>
    <Data>20150810</Data>
    <Mercato>MGP</Mercato>
    <Ora>11</Ora>
    <Totale>35201</Totale>
    <CNOR>3846</CNOR>
    <CSUD>6876</CSUD>
    <NORD>16947</NORD>
    <SARD>1228</SARD>
    <SICI>2611</SICI>
    <SUD>3693</SUD>
  </marketintervaldetail>
  <marketintervaldetail>
    <Data>20150810</Data>
    <Mercato>MGP</Mercato>
    <Ora>12</Ora>
    <Totale>35743</Totale>
    <CNOR>3944</CNOR>
    <CSUD>7004</CSUD>
    <NORD>17248</NORD>
    <SARD>1262</SARD>
    <SICI>2696</SICI>
    <SUD>3589</SUD>
  </marketintervaldetail>
  <marketintervaldetail>
    <Data>20150810</Data>
    <Mercato>MGP</Mercato>
    <Ora>13</Ora>
    <Totale>35989</Totale>
    <CNOR>4054</CNOR>
    <CSUD>7111</CSUD>
    <NORD>17177</NORD>
    <SARD>1295</SARD>
    <SICI>2818</SICI>
    <SUD>3534</SUD>
  </marketintervaldetail>
  <marketintervaldetail>
    <Data>20150810</Data>
    <Mercato>MGP</Mercato>
    <Ora>14</Ora>
    <Totale>35922</Totale>
    <CNOR>4019</CNOR>
    <CSUD>7015</CSUD>
    <NORD>17285</NORD>
    <SARD>1297</SARD>
    <SICI>2864</SICI>
    <SUD>3442</SUD>
  </marketintervaldetail>
  <marketintervaldetail>
    <Data>20150810</Data>
    <Mercato>MGP</Mercato>
    <Ora>15</Ora>
    <Totale>36552</Totale>
    <CNOR>3902</CNOR>
    <CSUD>7122</CSUD>
    <NORD>17522</NORD>
    <SARD>1270</SARD>
    <SICI>2848</SICI>
    <SUD>3888</SUD>
  </marketintervaldetail>
  <marketintervaldetail>
    <Data>20150810</Data>
    <Mercato>MGP</Mercato>
    <Ora>16</Ora>
    <Totale>36962</Totale>
    <CNOR>3873</CNOR>
    <CSUD>7062</CSUD>
    <NORD>17762</NORD>
    <SARD>1238</SARD>
    <SICI>2848</SICI>
    <SUD>4179</SUD>
  </marketintervaldetail>
  <marketintervaldetail>
    <Data>20150810</Data>
    <Mercato>MGP</Mercato>
    <Ora>17</Ora>
    <Totale>37258</Totale>
    <CNOR>3969</CNOR>
    <CSUD>7040</CSUD>
    <NORD>17974</NORD>
    <SARD>1230</SARD>
    <SICI>2872</SICI>
    <SUD>4173</SUD>
  </marketintervaldetail>
  <marketintervaldetail>
    <Data>20150810</Data>
    <Mercato>MGP</Mercato>
    <Ora>18</Ora>
    <Totale>37175</Totale>
    <CNOR>4044</CNOR>
    <CSUD>6931</CSUD>
    <NORD>17859</NORD>
    <SARD>1256</SARD>
    <SICI>2897</SICI>
    <SUD>4188</SUD>
  </marketintervaldetail>
  <marketintervaldetail>
    <Data>20150810</Data>
    <Mercato>MGP</Mercato>
    <Ora>19</Ora>
    <Totale>36489</Totale>
    <CNOR>4036</CNOR>
    <CSUD>6758</CSUD>
    <NORD>17682</NORD>
    <SARD>1264</SARD>
    <SICI>2733</SICI>
    <SUD>4016</SUD>
  </marketintervaldetail>
  <marketintervaldetail>
    <Data>20150810</Data>
    <Mercato>MGP</Mercato>
    <Ora>20</Ora>
    <Totale>36350</Totale>
    <CNOR>4047</CNOR>
    <CSUD>6726</CSUD>
    <NORD>17650</NORD>
    <SARD>1292</SARD>
    <SICI>2712</SICI>
    <SUD>3923</SUD>
  </marketintervaldetail>
  <marketintervaldetail>
    <Data>20150810</Data>
    <Mercato>MGP</Mercato>
    <Ora>21</Ora>
    <Totale>36343</Totale>
    <CNOR>3884</CNOR>
    <CSUD>6952</CSUD>
    <NORD>17051</NORD>
    <SARD>1313</SARD>
    <SICI>2880</SICI>
    <SUD>4263</SUD>
  </marketintervaldetail>
  <marketintervaldetail>
    <Data>20150810</Data>
    <Mercato>MGP</Mercato>
    <Ora>22</Ora>
    <Totale>36387</Totale>
    <CNOR>3851</CNOR>
    <CSUD>6912</CSUD>
    <NORD>17317</NORD>
    <SARD>1324</SARD>
    <SICI>2818</SICI>
    <SUD>4165</SUD>
  </marketintervaldetail>
  <marketintervaldetail>
    <Data>20150810</Data>
    <Mercato>MGP</Mercato>
    <Ora>23</Ora>
    <Totale>33981</Totale>
    <CNOR>3584</CNOR>
    <CSUD>6621</CSUD>
    <NORD>16173</NORD>
    <SARD>1238</SARD>
    <SICI>2656</SICI>
    <SUD>3709</SUD>
  </marketintervaldetail>
  <marketintervaldetail>
    <Data>20150810</Data>
    <Mercato>MGP</Mercato>
    <Ora>24</Ora>
    <Totale>31087</Totale>
    <CNOR>3334</CNOR>
    <CSUD>6015</CSUD>
    <NORD>14680</NORD>
    <SARD>1156</SARD>
    <SICI>2484</SICI>
    <SUD>3418</SUD>
  </marketintervaldetail>
</NewDataSet>