<?xml version="1.0" standalone="yes"?>
<NewDataSet>
  <xs:schema id="NewDataSet" xmlns="" xmlns:xs="http://www.w3.org/2001/XMLSchema" xmlns:msdata="urn:schemas-microsoft-com:xml-msdata">
    <xs:element name="NewDataSet" msdata:IsDataSet="true" msdata:MainDataTable="marketintervaldetail" msdata:UseCurrentLocale="true">
      <xs:complexType>
        <xs:choice minOccurs="0" maxOccurs="unbounded">
          <xs:element name="marketintervaldetail">
            <xs:complexType>
              <xs:sequence>
                <xs:element name="Data" type="xs:string" minOccurs="0" />
                <xs:element name="Mercato" type="xs:string" minOccurs="0" />
                <xs:element name="Ora" type="xs:string" minOccurs="0" />
                <xs:element name="Totale" type="xs:string" minOccurs="0" />
                <xs:element name="CNOR" type="xs:string" minOccurs="0" />
                <xs:element name="CSUD" type="xs:string" minOccurs="0" />
                <xs:element name="NORD" type="xs:string" minOccurs="0" />
                <xs:element name="SARD" type="xs:string" minOccurs="0" />
                <xs:element name="SICI" type="xs:string" minOccurs="0" />
                <xs:element name="SUD" type="xs:string" minOccurs="0" />
              </xs:sequence>
            </xs:complexType>
          </xs:element>
        </xs:choice>
      </xs:complexType>
    </xs:element>
  </xs:schema>
  <marketintervaldetail>
    <Data>20150806</Data>
    <Mercato>MGP</Mercato>
    <Ora>01</Ora>
    <Totale>31427</Totale>
    <CNOR>3293</CNOR>
    <CSUD>5672</CSUD>
    <NORD>15820</NORD>
    <SARD>1022</SARD>
    <SICI>2390</SICI>
    <SUD>3230</SUD>
  </marketintervaldetail>
  <marketintervaldetail>
    <Data>20150806</Data>
    <Mercato>MGP</Mercato>
    <Ora>02</Ora>
    <Totale>29288</Totale>
    <CNOR>3139</CNOR>
    <CSUD>5252</CSUD>
    <NORD>14637</NORD>
    <SARD>946</SARD>
    <SICI>2291</SICI>
    <SUD>3023</SUD>
  </marketintervaldetail>
  <marketintervaldetail>
    <Data>20150806</Data>
    <Mercato>MGP</Mercato>
    <Ora>03</Ora>
    <Totale>27892</Totale>
    <CNOR>2990</CNOR>
    <CSUD>4963</CSUD>
    <NORD>13923</NORD>
    <SARD>928</SARD>
    <SICI>2175</SICI>
    <SUD>2913</SUD>
  </marketintervaldetail>
  <marketintervaldetail>
    <Data>20150806</Data>
    <Mercato>MGP</Mercato>
    <Ora>04</Ora>
    <Totale>27133</Totale>
    <CNOR>2868</CNOR>
    <CSUD>4813</CSUD>
    <NORD>13647</NORD>
    <SARD>896</SARD>
    <SICI>2109</SICI>
    <SUD>2800</SUD>
  </marketintervaldetail>
  <marketintervaldetail>
    <Data>20150806</Data>
    <Mercato>MGP</Mercato>
    <Ora>05</Ora>
    <Totale>27098</Totale>
    <CNOR>2903</CNOR>
    <CSUD>4778</CSUD>
    <NORD>13680</NORD>
    <SARD>889</SARD>
    <SICI>2054</SICI>
    <SUD>2794</SUD>
  </marketintervaldetail>
  <marketintervaldetail>
    <Data>20150806</Data>
    <Mercato>MGP</Mercato>
    <Ora>06</Ora>
    <Totale>27630</Totale>
    <CNOR>2938</CNOR>
    <CSUD>4848</CSUD>
    <NORD>14177</NORD>
    <SARD>898</SARD>
    <SICI>2046</SICI>
    <SUD>2723</SUD>
  </marketintervaldetail>
  <marketintervaldetail>
    <Data>20150806</Data>
    <Mercato>MGP</Mercato>
    <Ora>07</Ora>
    <Totale>29213</Totale>
    <CNOR>3091</CNOR>
    <CSUD>5042</CSUD>
    <NORD>15432</NORD>
    <SARD>929</SARD>
    <SICI>2015</SICI>
    <SUD>2704</SUD>
  </marketintervaldetail>
  <marketintervaldetail>
    <Data>20150806</Data>
    <Mercato>MGP</Mercato>
    <Ora>08</Ora>
    <Totale>33058</Totale>
    <CNOR>3566</CNOR>
    <CSUD>5624</CSUD>
    <NORD>17631</NORD>
    <SARD>983</SARD>
    <SICI>2223</SICI>
    <SUD>3031</SUD>
  </marketintervaldetail>
  <marketintervaldetail>
    <Data>20150806</Data>
    <Mercato>MGP</Mercato>
    <Ora>09</Ora>
    <Totale>37573</Totale>
    <CNOR>3972</CNOR>
    <CSUD>6485</CSUD>
    <NORD>20119</NORD>
    <SARD>1077</SARD>
    <SICI>2521</SICI>
    <SUD>3399</SUD>
  </marketintervaldetail>
  <marketintervaldetail>
    <Data>20150806</Data>
    <Mercato>MGP</Mercato>
    <Ora>10</Ora>
    <Totale>40931</Totale>
    <CNOR>4295</CNOR>
    <CSUD>7124</CSUD>
    <NORD>21947</NORD>
    <SARD>1148</SARD>
    <SICI>2724</SICI>
    <SUD>3693</SUD>
  </marketintervaldetail>
  <marketintervaldetail>
    <Data>20150806</Data>
    <Mercato>MGP</Mercato>
    <Ora>11</Ora>
    <Totale>42392</Totale>
    <CNOR>4428</CNOR>
    <CSUD>7501</CSUD>
    <NORD>22690</NORD>
    <SARD>1174</SARD>
    <SICI>2804</SICI>
    <SUD>3795</SUD>
  </marketintervaldetail>
  <marketintervaldetail>
    <Data>20150806</Data>
    <Mercato>MGP</Mercato>
    <Ora>12</Ora>
    <Totale>43120</Totale>
    <CNOR>4558</CNOR>
    <CSUD>7717</CSUD>
    <NORD>23036</NORD>
    <SARD>1190</SARD>
    <SICI>2820</SICI>
    <SUD>3799</SUD>
  </marketintervaldetail>
  <marketintervaldetail>
    <Data>20150806</Data>
    <Mercato>MGP</Mercato>
    <Ora>13</Ora>
    <Totale>42330</Totale>
    <CNOR>4568</CNOR>
    <CSUD>7988</CSUD>
    <NORD>21875</NORD>
    <SARD>1209</SARD>
    <SICI>2878</SICI>
    <SUD>3812</SUD>
  </marketintervaldetail>
  <marketintervaldetail>
    <Data>20150806</Data>
    <Mercato>MGP</Mercato>
    <Ora>14</Ora>
    <Totale>41756</Totale>
    <CNOR>4399</CNOR>
    <CSUD>8049</CSUD>
    <NORD>21553</NORD>
    <SARD>1221</SARD>
    <SICI>2837</SICI>
    <SUD>3697</SUD>
  </marketintervaldetail>
  <marketintervaldetail>
    <Data>20150806</Data>
    <Mercato>MGP</Mercato>
    <Ora>15</Ora>
    <Totale>42621</Totale>
    <CNOR>4468</CNOR>
    <CSUD>7939</CSUD>
    <NORD>22332</NORD>
    <SARD>1175</SARD>
    <SICI>2857</SICI>
    <SUD>3850</SUD>
  </marketintervaldetail>
  <marketintervaldetail>
    <Data>20150806</Data>
    <Mercato>MGP</Mercato>
    <Ora>16</Ora>
    <Totale>43261</Totale>
    <CNOR>4549</CNOR>
    <CSUD>7915</CSUD>
    <NORD>22713</NORD>
    <SARD>1169</SARD>
    <SICI>2889</SICI>
    <SUD>4026</SUD>
  </marketintervaldetail>
  <marketintervaldetail>
    <Data>20150806</Data>
    <Mercato>MGP</Mercato>
    <Ora>17</Ora>
    <Totale>43223</Totale>
    <CNOR>4574</CNOR>
    <CSUD>7852</CSUD>
    <NORD>22753</NORD>
    <SARD>1170</SARD>
    <SICI>2911</SICI>
    <SUD>3963</SUD>
  </marketintervaldetail>
  <marketintervaldetail>
    <Data>20150806</Data>
    <Mercato>MGP</Mercato>
    <Ora>18</Ora>
    <Totale>42916</Totale>
    <CNOR>4652</CNOR>
    <CSUD>7736</CSUD>
    <NORD>22449</NORD>
    <SARD>1194</SARD>
    <SICI>2956</SICI>
    <SUD>3929</SUD>
  </marketintervaldetail>
  <marketintervaldetail>
    <Data>20150806</Data>
    <Mercato>MGP</Mercato>
    <Ora>19</Ora>
    <Totale>41902</Totale>
    <CNOR>4528</CNOR>
    <CSUD>7480</CSUD>
    <NORD>21970</NORD>
    <SARD>1217</SARD>
    <SICI>2933</SICI>
    <SUD>3774</SUD>
  </marketintervaldetail>
  <marketintervaldetail>
    <Data>20150806</Data>
    <Mercato>MGP</Mercato>
    <Ora>20</Ora>
    <Totale>41081</Totale>
    <CNOR>4458</CNOR>
    <CSUD>7324</CSUD>
    <NORD>21514</NORD>
    <SARD>1250</SARD>
    <SICI>2893</SICI>
    <SUD>3642</SUD>
  </marketintervaldetail>
  <marketintervaldetail>
    <Data>20150806</Data>
    <Mercato>MGP</Mercato>
    <Ora>21</Ora>
    <Totale>40968</Totale>
    <CNOR>4358</CNOR>
    <CSUD>7422</CSUD>
    <NORD>21130</NORD>
    <SARD>1279</SARD>
    <SICI>2902</SICI>
    <SUD>3877</SUD>
  </marketintervaldetail>
  <marketintervaldetail>
    <Data>20150806</Data>
    <Mercato>MGP</Mercato>
    <Ora>22</Ora>
    <Totale>41233</Totale>
    <CNOR>4398</CNOR>
    <CSUD>7364</CSUD>
    <NORD>21457</NORD>
    <SARD>1304</SARD>
    <SICI>2855</SICI>
    <SUD>3855</SUD>
  </marketintervaldetail>
  <marketintervaldetail>
    <Data>20150806</Data>
    <Mercato>MGP</Mercato>
    <Ora>23</Ora>
    <Totale>39015</Totale>
    <CNOR>4117</CNOR>
    <CSUD>7148</CSUD>
    <NORD>20434</NORD>
    <SARD>1232</SARD>
    <SICI>2721</SICI>
    <SUD>3363</SUD>
  </marketintervaldetail>
  <marketintervaldetail>
    <Data>20150806</Data>
    <Mercato>MGP</Mercato>
    <Ora>24</Ora>
    <Totale>35857</Totale>
    <CNOR>3792</CNOR>
    <CSUD>6246</CSUD>
    <NORD>18766</NORD>
    <SARD>1150</SARD>
    <SICI>2552</SICI>
    <SUD>3351</SUD>
  </marketintervaldetail>
</NewDataSet>