<?xml version="1.0" standalone="yes"?>
<NewDataSet>
  <xs:schema id="NewDataSet" xmlns="" xmlns:xs="http://www.w3.org/2001/XMLSchema" xmlns:msdata="urn:schemas-microsoft-com:xml-msdata">
    <xs:element name="NewDataSet" msdata:IsDataSet="true" msdata:MainDataTable="marketintervaldetail" msdata:UseCurrentLocale="true">
      <xs:complexType>
        <xs:choice minOccurs="0" maxOccurs="unbounded">
          <xs:element name="marketintervaldetail">
            <xs:complexType>
              <xs:sequence>
                <xs:element name="Data" type="xs:string" minOccurs="0" />
                <xs:element name="Mercato" type="xs:string" minOccurs="0" />
                <xs:element name="Ora" type="xs:string" minOccurs="0" />
                <xs:element name="Totale" type="xs:string" minOccurs="0" />
                <xs:element name="CNOR" type="xs:string" minOccurs="0" />
                <xs:element name="CSUD" type="xs:string" minOccurs="0" />
                <xs:element name="NORD" type="xs:string" minOccurs="0" />
                <xs:element name="SARD" type="xs:string" minOccurs="0" />
                <xs:element name="SICI" type="xs:string" minOccurs="0" />
                <xs:element name="SUD" type="xs:string" minOccurs="0" />
              </xs:sequence>
            </xs:complexType>
          </xs:element>
        </xs:choice>
      </xs:complexType>
    </xs:element>
  </xs:schema>
  <marketintervaldetail>
    <Data>20150821</Data>
    <Mercato>MGP</Mercato>
    <Ora>01</Ora>
    <Totale>23809</Totale>
    <CNOR>2511</CNOR>
    <CSUD>4194</CSUD>
    <NORD>11603</NORD>
    <SARD>960</SARD>
    <SICI>1959</SICI>
    <SUD>2582</SUD>
  </marketintervaldetail>
  <marketintervaldetail>
    <Data>20150821</Data>
    <Mercato>MGP</Mercato>
    <Ora>02</Ora>
    <Totale>22614</Totale>
    <CNOR>2326</CNOR>
    <CSUD>3941</CSUD>
    <NORD>11027</NORD>
    <SARD>902</SARD>
    <SICI>1830</SICI>
    <SUD>2588</SUD>
  </marketintervaldetail>
  <marketintervaldetail>
    <Data>20150821</Data>
    <Mercato>MGP</Mercato>
    <Ora>03</Ora>
    <Totale>21806</Totale>
    <CNOR>2208</CNOR>
    <CSUD>3777</CSUD>
    <NORD>10712</NORD>
    <SARD>861</SARD>
    <SICI>1736</SICI>
    <SUD>2512</SUD>
  </marketintervaldetail>
  <marketintervaldetail>
    <Data>20150821</Data>
    <Mercato>MGP</Mercato>
    <Ora>04</Ora>
    <Totale>21468</Totale>
    <CNOR>2183</CNOR>
    <CSUD>3695</CSUD>
    <NORD>10639</NORD>
    <SARD>846</SARD>
    <SICI>1680</SICI>
    <SUD>2425</SUD>
  </marketintervaldetail>
  <marketintervaldetail>
    <Data>20150821</Data>
    <Mercato>MGP</Mercato>
    <Ora>05</Ora>
    <Totale>21627</Totale>
    <CNOR>2208</CNOR>
    <CSUD>3715</CSUD>
    <NORD>10793</NORD>
    <SARD>843</SARD>
    <SICI>1649</SICI>
    <SUD>2419</SUD>
  </marketintervaldetail>
  <marketintervaldetail>
    <Data>20150821</Data>
    <Mercato>MGP</Mercato>
    <Ora>06</Ora>
    <Totale>22549</Totale>
    <CNOR>2298</CNOR>
    <CSUD>3836</CSUD>
    <NORD>11399</NORD>
    <SARD>863</SARD>
    <SICI>1674</SICI>
    <SUD>2479</SUD>
  </marketintervaldetail>
  <marketintervaldetail>
    <Data>20150821</Data>
    <Mercato>MGP</Mercato>
    <Ora>07</Ora>
    <Totale>23961</Totale>
    <CNOR>2417</CNOR>
    <CSUD>4017</CSUD>
    <NORD>12427</NORD>
    <SARD>912</SARD>
    <SICI>1693</SICI>
    <SUD>2495</SUD>
  </marketintervaldetail>
  <marketintervaldetail>
    <Data>20150821</Data>
    <Mercato>MGP</Mercato>
    <Ora>08</Ora>
    <Totale>25812</Totale>
    <CNOR>2674</CNOR>
    <CSUD>4338</CSUD>
    <NORD>13422</NORD>
    <SARD>949</SARD>
    <SICI>1771</SICI>
    <SUD>2658</SUD>
  </marketintervaldetail>
  <marketintervaldetail>
    <Data>20150821</Data>
    <Mercato>MGP</Mercato>
    <Ora>09</Ora>
    <Totale>28769</Totale>
    <CNOR>3015</CNOR>
    <CSUD>4927</CSUD>
    <NORD>14961</NORD>
    <SARD>1013</SARD>
    <SICI>2021</SICI>
    <SUD>2832</SUD>
  </marketintervaldetail>
  <marketintervaldetail>
    <Data>20150821</Data>
    <Mercato>MGP</Mercato>
    <Ora>10</Ora>
    <Totale>30489</Totale>
    <CNOR>3206</CNOR>
    <CSUD>5238</CSUD>
    <NORD>15566</NORD>
    <SARD>1065</SARD>
    <SICI>2230</SICI>
    <SUD>3184</SUD>
  </marketintervaldetail>
  <marketintervaldetail>
    <Data>20150821</Data>
    <Mercato>MGP</Mercato>
    <Ora>11</Ora>
    <Totale>31735</Totale>
    <CNOR>3255</CNOR>
    <CSUD>5998</CSUD>
    <NORD>15931</NORD>
    <SARD>1063</SARD>
    <SICI>2265</SICI>
    <SUD>3223</SUD>
  </marketintervaldetail>
  <marketintervaldetail>
    <Data>20150821</Data>
    <Mercato>MGP</Mercato>
    <Ora>12</Ora>
    <Totale>32035</Totale>
    <CNOR>3254</CNOR>
    <CSUD>6077</CSUD>
    <NORD>16115</NORD>
    <SARD>1036</SARD>
    <SICI>2263</SICI>
    <SUD>3290</SUD>
  </marketintervaldetail>
  <marketintervaldetail>
    <Data>20150821</Data>
    <Mercato>MGP</Mercato>
    <Ora>13</Ora>
    <Totale>31664</Totale>
    <CNOR>3221</CNOR>
    <CSUD>6003</CSUD>
    <NORD>15735</NORD>
    <SARD>1049</SARD>
    <SICI>2309</SICI>
    <SUD>3347</SUD>
  </marketintervaldetail>
  <marketintervaldetail>
    <Data>20150821</Data>
    <Mercato>MGP</Mercato>
    <Ora>14</Ora>
    <Totale>31082</Totale>
    <CNOR>3149</CNOR>
    <CSUD>5632</CSUD>
    <NORD>15552</NORD>
    <SARD>981</SARD>
    <SICI>2372</SICI>
    <SUD>3396</SUD>
  </marketintervaldetail>
  <marketintervaldetail>
    <Data>20150821</Data>
    <Mercato>MGP</Mercato>
    <Ora>15</Ora>
    <Totale>31707</Totale>
    <CNOR>3146</CNOR>
    <CSUD>5784</CSUD>
    <NORD>16048</NORD>
    <SARD>946</SARD>
    <SICI>2365</SICI>
    <SUD>3418</SUD>
  </marketintervaldetail>
  <marketintervaldetail>
    <Data>20150821</Data>
    <Mercato>MGP</Mercato>
    <Ora>16</Ora>
    <Totale>31504</Totale>
    <CNOR>3156</CNOR>
    <CSUD>5885</CSUD>
    <NORD>15928</NORD>
    <SARD>945</SARD>
    <SICI>2322</SICI>
    <SUD>3268</SUD>
  </marketintervaldetail>
  <marketintervaldetail>
    <Data>20150821</Data>
    <Mercato>MGP</Mercato>
    <Ora>17</Ora>
    <Totale>31433</Totale>
    <CNOR>3242</CNOR>
    <CSUD>5846</CSUD>
    <NORD>15797</NORD>
    <SARD>938</SARD>
    <SICI>2368</SICI>
    <SUD>3242</SUD>
  </marketintervaldetail>
  <marketintervaldetail>
    <Data>20150821</Data>
    <Mercato>MGP</Mercato>
    <Ora>18</Ora>
    <Totale>32107</Totale>
    <CNOR>3309</CNOR>
    <CSUD>5846</CSUD>
    <NORD>15968</NORD>
    <SARD>981</SARD>
    <SICI>2422</SICI>
    <SUD>3581</SUD>
  </marketintervaldetail>
  <marketintervaldetail>
    <Data>20150821</Data>
    <Mercato>MGP</Mercato>
    <Ora>19</Ora>
    <Totale>32451</Totale>
    <CNOR>3336</CNOR>
    <CSUD>5708</CSUD>
    <NORD>16096</NORD>
    <SARD>1049</SARD>
    <SICI>2436</SICI>
    <SUD>3826</SUD>
  </marketintervaldetail>
  <marketintervaldetail>
    <Data>20150821</Data>
    <Mercato>MGP</Mercato>
    <Ora>20</Ora>
    <Totale>32753</Totale>
    <CNOR>3431</CNOR>
    <CSUD>5786</CSUD>
    <NORD>16208</NORD>
    <SARD>1106</SARD>
    <SICI>2399</SICI>
    <SUD>3823</SUD>
  </marketintervaldetail>
  <marketintervaldetail>
    <Data>20150821</Data>
    <Mercato>MGP</Mercato>
    <Ora>21</Ora>
    <Totale>34187</Totale>
    <CNOR>3534</CNOR>
    <CSUD>6147</CSUD>
    <NORD>16439</NORD>
    <SARD>1201</SARD>
    <SICI>2613</SICI>
    <SUD>4253</SUD>
  </marketintervaldetail>
  <marketintervaldetail>
    <Data>20150821</Data>
    <Mercato>MGP</Mercato>
    <Ora>22</Ora>
    <Totale>33455</Totale>
    <CNOR>3342</CNOR>
    <CSUD>5987</CSUD>
    <NORD>16298</NORD>
    <SARD>1181</SARD>
    <SICI>2509</SICI>
    <SUD>4138</SUD>
  </marketintervaldetail>
  <marketintervaldetail>
    <Data>20150821</Data>
    <Mercato>MGP</Mercato>
    <Ora>23</Ora>
    <Totale>30842</Totale>
    <CNOR>3068</CNOR>
    <CSUD>5555</CSUD>
    <NORD>14961</NORD>
    <SARD>1111</SARD>
    <SICI>2314</SICI>
    <SUD>3833</SUD>
  </marketintervaldetail>
  <marketintervaldetail>
    <Data>20150821</Data>
    <Mercato>MGP</Mercato>
    <Ora>24</Ora>
    <Totale>28276</Totale>
    <CNOR>2833</CNOR>
    <CSUD>5195</CSUD>
    <NORD>13692</NORD>
    <SARD>1033</SARD>
    <SICI>2145</SICI>
    <SUD>3378</SUD>
  </marketintervaldetail>
</NewDataSet>