<?xml version="1.0" standalone="yes"?>
<NewDataSet>
  <xs:schema id="NewDataSet" xmlns="" xmlns:xs="http://www.w3.org/2001/XMLSchema" xmlns:msdata="urn:schemas-microsoft-com:xml-msdata">
    <xs:element name="NewDataSet" msdata:IsDataSet="true" msdata:MainDataTable="marketintervaldetail" msdata:UseCurrentLocale="true">
      <xs:complexType>
        <xs:choice minOccurs="0" maxOccurs="unbounded">
          <xs:element name="marketintervaldetail">
            <xs:complexType>
              <xs:sequence>
                <xs:element name="Data" type="xs:string" minOccurs="0" />
                <xs:element name="Mercato" type="xs:string" minOccurs="0" />
                <xs:element name="Ora" type="xs:string" minOccurs="0" />
                <xs:element name="Totale" type="xs:string" minOccurs="0" />
                <xs:element name="CNOR" type="xs:string" minOccurs="0" />
                <xs:element name="CSUD" type="xs:string" minOccurs="0" />
                <xs:element name="NORD" type="xs:string" minOccurs="0" />
                <xs:element name="SARD" type="xs:string" minOccurs="0" />
                <xs:element name="SICI" type="xs:string" minOccurs="0" />
                <xs:element name="SUD" type="xs:string" minOccurs="0" />
              </xs:sequence>
            </xs:complexType>
          </xs:element>
        </xs:choice>
      </xs:complexType>
    </xs:element>
  </xs:schema>
  <marketintervaldetail>
    <Data>20150808</Data>
    <Mercato>MGP</Mercato>
    <Ora>01</Ora>
    <Totale>32531</Totale>
    <CNOR>3320</CNOR>
    <CSUD>5719</CSUD>
    <NORD>16280</NORD>
    <SARD>1167</SARD>
    <SICI>2422</SICI>
    <SUD>3623</SUD>
  </marketintervaldetail>
  <marketintervaldetail>
    <Data>20150808</Data>
    <Mercato>MGP</Mercato>
    <Ora>02</Ora>
    <Totale>30381</Totale>
    <CNOR>3057</CNOR>
    <CSUD>5347</CSUD>
    <NORD>15212</NORD>
    <SARD>1111</SARD>
    <SICI>2265</SICI>
    <SUD>3389</SUD>
  </marketintervaldetail>
  <marketintervaldetail>
    <Data>20150808</Data>
    <Mercato>MGP</Mercato>
    <Ora>03</Ora>
    <Totale>28702</Totale>
    <CNOR>2941</CNOR>
    <CSUD>5039</CSUD>
    <NORD>14409</NORD>
    <SARD>1013</SARD>
    <SICI>2136</SICI>
    <SUD>3164</SUD>
  </marketintervaldetail>
  <marketintervaldetail>
    <Data>20150808</Data>
    <Mercato>MGP</Mercato>
    <Ora>04</Ora>
    <Totale>27834</Totale>
    <CNOR>2895</CNOR>
    <CSUD>4824</CSUD>
    <NORD>14050</NORD>
    <SARD>975</SARD>
    <SICI>2039</SICI>
    <SUD>3051</SUD>
  </marketintervaldetail>
  <marketintervaldetail>
    <Data>20150808</Data>
    <Mercato>MGP</Mercato>
    <Ora>05</Ora>
    <Totale>27114</Totale>
    <CNOR>2806</CNOR>
    <CSUD>4693</CSUD>
    <NORD>13665</NORD>
    <SARD>973</SARD>
    <SICI>1972</SICI>
    <SUD>3005</SUD>
  </marketintervaldetail>
  <marketintervaldetail>
    <Data>20150808</Data>
    <Mercato>MGP</Mercato>
    <Ora>06</Ora>
    <Totale>27036</Totale>
    <CNOR>2802</CNOR>
    <CSUD>4698</CSUD>
    <NORD>13682</NORD>
    <SARD>973</SARD>
    <SICI>1958</SICI>
    <SUD>2923</SUD>
  </marketintervaldetail>
  <marketintervaldetail>
    <Data>20150808</Data>
    <Mercato>MGP</Mercato>
    <Ora>07</Ora>
    <Totale>26837</Totale>
    <CNOR>2850</CNOR>
    <CSUD>4599</CSUD>
    <NORD>13600</NORD>
    <SARD>966</SARD>
    <SICI>1933</SICI>
    <SUD>2889</SUD>
  </marketintervaldetail>
  <marketintervaldetail>
    <Data>20150808</Data>
    <Mercato>MGP</Mercato>
    <Ora>08</Ora>
    <Totale>28426</Totale>
    <CNOR>3062</CNOR>
    <CSUD>4968</CSUD>
    <NORD>14232</NORD>
    <SARD>973</SARD>
    <SICI>2092</SICI>
    <SUD>3099</SUD>
  </marketintervaldetail>
  <marketintervaldetail>
    <Data>20150808</Data>
    <Mercato>MGP</Mercato>
    <Ora>09</Ora>
    <Totale>31322</Totale>
    <CNOR>3389</CNOR>
    <CSUD>5485</CSUD>
    <NORD>15562</NORD>
    <SARD>1080</SARD>
    <SICI>2403</SICI>
    <SUD>3403</SUD>
  </marketintervaldetail>
  <marketintervaldetail>
    <Data>20150808</Data>
    <Mercato>MGP</Mercato>
    <Ora>10</Ora>
    <Totale>33875</Totale>
    <CNOR>3676</CNOR>
    <CSUD>6061</CSUD>
    <NORD>16751</NORD>
    <SARD>1156</SARD>
    <SICI>2654</SICI>
    <SUD>3577</SUD>
  </marketintervaldetail>
  <marketintervaldetail>
    <Data>20150808</Data>
    <Mercato>MGP</Mercato>
    <Ora>11</Ora>
    <Totale>35193</Totale>
    <CNOR>3817</CNOR>
    <CSUD>6396</CSUD>
    <NORD>17420</NORD>
    <SARD>1176</SARD>
    <SICI>2729</SICI>
    <SUD>3655</SUD>
  </marketintervaldetail>
  <marketintervaldetail>
    <Data>20150808</Data>
    <Mercato>MGP</Mercato>
    <Ora>12</Ora>
    <Totale>35961</Totale>
    <CNOR>3911</CNOR>
    <CSUD>6595</CSUD>
    <NORD>17745</NORD>
    <SARD>1178</SARD>
    <SICI>2750</SICI>
    <SUD>3782</SUD>
  </marketintervaldetail>
  <marketintervaldetail>
    <Data>20150808</Data>
    <Mercato>MGP</Mercato>
    <Ora>13</Ora>
    <Totale>36230</Totale>
    <CNOR>3894</CNOR>
    <CSUD>6666</CSUD>
    <NORD>17862</NORD>
    <SARD>1208</SARD>
    <SICI>2775</SICI>
    <SUD>3825</SUD>
  </marketintervaldetail>
  <marketintervaldetail>
    <Data>20150808</Data>
    <Mercato>MGP</Mercato>
    <Ora>14</Ora>
    <Totale>35749</Totale>
    <CNOR>3811</CNOR>
    <CSUD>6545</CSUD>
    <NORD>17448</NORD>
    <SARD>1211</SARD>
    <SICI>2817</SICI>
    <SUD>3917</SUD>
  </marketintervaldetail>
  <marketintervaldetail>
    <Data>20150808</Data>
    <Mercato>MGP</Mercato>
    <Ora>15</Ora>
    <Totale>35597</Totale>
    <CNOR>3719</CNOR>
    <CSUD>6653</CSUD>
    <NORD>17492</NORD>
    <SARD>1186</SARD>
    <SICI>2805</SICI>
    <SUD>3742</SUD>
  </marketintervaldetail>
  <marketintervaldetail>
    <Data>20150808</Data>
    <Mercato>MGP</Mercato>
    <Ora>16</Ora>
    <Totale>35237</Totale>
    <CNOR>3676</CNOR>
    <CSUD>6578</CSUD>
    <NORD>17391</NORD>
    <SARD>1169</SARD>
    <SICI>2764</SICI>
    <SUD>3659</SUD>
  </marketintervaldetail>
  <marketintervaldetail>
    <Data>20150808</Data>
    <Mercato>MGP</Mercato>
    <Ora>17</Ora>
    <Totale>35365</Totale>
    <CNOR>3727</CNOR>
    <CSUD>6528</CSUD>
    <NORD>17429</NORD>
    <SARD>1171</SARD>
    <SICI>2840</SICI>
    <SUD>3670</SUD>
  </marketintervaldetail>
  <marketintervaldetail>
    <Data>20150808</Data>
    <Mercato>MGP</Mercato>
    <Ora>18</Ora>
    <Totale>36014</Totale>
    <CNOR>3886</CNOR>
    <CSUD>6386</CSUD>
    <NORD>17714</NORD>
    <SARD>1193</SARD>
    <SICI>2919</SICI>
    <SUD>3916</SUD>
  </marketintervaldetail>
  <marketintervaldetail>
    <Data>20150808</Data>
    <Mercato>MGP</Mercato>
    <Ora>19</Ora>
    <Totale>36372</Totale>
    <CNOR>3892</CNOR>
    <CSUD>6536</CSUD>
    <NORD>17982</NORD>
    <SARD>1232</SARD>
    <SICI>2869</SICI>
    <SUD>3861</SUD>
  </marketintervaldetail>
  <marketintervaldetail>
    <Data>20150808</Data>
    <Mercato>MGP</Mercato>
    <Ora>20</Ora>
    <Totale>37074</Totale>
    <CNOR>4016</CNOR>
    <CSUD>6664</CSUD>
    <NORD>18376</NORD>
    <SARD>1277</SARD>
    <SICI>2833</SICI>
    <SUD>3908</SUD>
  </marketintervaldetail>
  <marketintervaldetail>
    <Data>20150808</Data>
    <Mercato>MGP</Mercato>
    <Ora>21</Ora>
    <Totale>37866</Totale>
    <CNOR>4030</CNOR>
    <CSUD>6836</CSUD>
    <NORD>18469</NORD>
    <SARD>1346</SARD>
    <SICI>2984</SICI>
    <SUD>4201</SUD>
  </marketintervaldetail>
  <marketintervaldetail>
    <Data>20150808</Data>
    <Mercato>MGP</Mercato>
    <Ora>22</Ora>
    <Totale>37916</Totale>
    <CNOR>3902</CNOR>
    <CSUD>6854</CSUD>
    <NORD>18594</NORD>
    <SARD>1394</SARD>
    <SICI>2987</SICI>
    <SUD>4185</SUD>
  </marketintervaldetail>
  <marketintervaldetail>
    <Data>20150808</Data>
    <Mercato>MGP</Mercato>
    <Ora>23</Ora>
    <Totale>35906</Totale>
    <CNOR>3708</CNOR>
    <CSUD>6463</CSUD>
    <NORD>17769</NORD>
    <SARD>1314</SARD>
    <SICI>2807</SICI>
    <SUD>3845</SUD>
  </marketintervaldetail>
  <marketintervaldetail>
    <Data>20150808</Data>
    <Mercato>MGP</Mercato>
    <Ora>24</Ora>
    <Totale>33316</Totale>
    <CNOR>3349</CNOR>
    <CSUD>6233</CSUD>
    <NORD>16400</NORD>
    <SARD>1227</SARD>
    <SICI>2637</SICI>
    <SUD>3470</SUD>
  </marketintervaldetail>
</NewDataSet>