<?xml version="1.0" standalone="yes"?>
<NewDataSet>
  <xs:schema id="NewDataSet" xmlns="" xmlns:xs="http://www.w3.org/2001/XMLSchema" xmlns:msdata="urn:schemas-microsoft-com:xml-msdata">
    <xs:element name="NewDataSet" msdata:IsDataSet="true" msdata:MainDataTable="marketintervaldetail" msdata:UseCurrentLocale="true">
      <xs:complexType>
        <xs:choice minOccurs="0" maxOccurs="unbounded">
          <xs:element name="marketintervaldetail">
            <xs:complexType>
              <xs:sequence>
                <xs:element name="Data" type="xs:string" minOccurs="0" />
                <xs:element name="Mercato" type="xs:string" minOccurs="0" />
                <xs:element name="Ora" type="xs:string" minOccurs="0" />
                <xs:element name="Totale" type="xs:string" minOccurs="0" />
                <xs:element name="CNOR" type="xs:string" minOccurs="0" />
                <xs:element name="CSUD" type="xs:string" minOccurs="0" />
                <xs:element name="NORD" type="xs:string" minOccurs="0" />
                <xs:element name="SARD" type="xs:string" minOccurs="0" />
                <xs:element name="SICI" type="xs:string" minOccurs="0" />
                <xs:element name="SUD" type="xs:string" minOccurs="0" />
              </xs:sequence>
            </xs:complexType>
          </xs:element>
        </xs:choice>
      </xs:complexType>
    </xs:element>
  </xs:schema>
  <marketintervaldetail>
    <Data>20150824</Data>
    <Mercato>MGP</Mercato>
    <Ora>01</Ora>
    <Totale>22262</Totale>
    <CNOR>2361</CNOR>
    <CSUD>3830</CSUD>
    <NORD>10776</NORD>
    <SARD>922</SARD>
    <SICI>1989</SICI>
    <SUD>2384</SUD>
  </marketintervaldetail>
  <marketintervaldetail>
    <Data>20150824</Data>
    <Mercato>MGP</Mercato>
    <Ora>02</Ora>
    <Totale>20856</Totale>
    <CNOR>2195</CNOR>
    <CSUD>3551</CSUD>
    <NORD>10110</NORD>
    <SARD>851</SARD>
    <SICI>1859</SICI>
    <SUD>2290</SUD>
  </marketintervaldetail>
  <marketintervaldetail>
    <Data>20150824</Data>
    <Mercato>MGP</Mercato>
    <Ora>03</Ora>
    <Totale>20165</Totale>
    <CNOR>2118</CNOR>
    <CSUD>3421</CSUD>
    <NORD>9863</NORD>
    <SARD>822</SARD>
    <SICI>1763</SICI>
    <SUD>2178</SUD>
  </marketintervaldetail>
  <marketintervaldetail>
    <Data>20150824</Data>
    <Mercato>MGP</Mercato>
    <Ora>04</Ora>
    <Totale>19913</Totale>
    <CNOR>2093</CNOR>
    <CSUD>3380</CSUD>
    <NORD>9782</NORD>
    <SARD>810</SARD>
    <SICI>1703</SICI>
    <SUD>2145</SUD>
  </marketintervaldetail>
  <marketintervaldetail>
    <Data>20150824</Data>
    <Mercato>MGP</Mercato>
    <Ora>05</Ora>
    <Totale>20167</Totale>
    <CNOR>2096</CNOR>
    <CSUD>3471</CSUD>
    <NORD>10048</NORD>
    <SARD>809</SARD>
    <SICI>1680</SICI>
    <SUD>2063</SUD>
  </marketintervaldetail>
  <marketintervaldetail>
    <Data>20150824</Data>
    <Mercato>MGP</Mercato>
    <Ora>06</Ora>
    <Totale>21442</Totale>
    <CNOR>2236</CNOR>
    <CSUD>3640</CSUD>
    <NORD>10868</NORD>
    <SARD>830</SARD>
    <SICI>1709</SICI>
    <SUD>2159</SUD>
  </marketintervaldetail>
  <marketintervaldetail>
    <Data>20150824</Data>
    <Mercato>MGP</Mercato>
    <Ora>07</Ora>
    <Totale>23877</Totale>
    <CNOR>2527</CNOR>
    <CSUD>3909</CSUD>
    <NORD>12645</NORD>
    <SARD>880</SARD>
    <SICI>1707</SICI>
    <SUD>2209</SUD>
  </marketintervaldetail>
  <marketintervaldetail>
    <Data>20150824</Data>
    <Mercato>MGP</Mercato>
    <Ora>08</Ora>
    <Totale>26720</Totale>
    <CNOR>2774</CNOR>
    <CSUD>4389</CSUD>
    <NORD>14323</NORD>
    <SARD>932</SARD>
    <SICI>1862</SICI>
    <SUD>2440</SUD>
  </marketintervaldetail>
  <marketintervaldetail>
    <Data>20150824</Data>
    <Mercato>MGP</Mercato>
    <Ora>09</Ora>
    <Totale>30651</Totale>
    <CNOR>3171</CNOR>
    <CSUD>5137</CSUD>
    <NORD>16328</NORD>
    <SARD>1037</SARD>
    <SICI>2182</SICI>
    <SUD>2796</SUD>
  </marketintervaldetail>
  <marketintervaldetail>
    <Data>20150824</Data>
    <Mercato>MGP</Mercato>
    <Ora>10</Ora>
    <Totale>32650</Totale>
    <CNOR>3377</CNOR>
    <CSUD>5700</CSUD>
    <NORD>17164</NORD>
    <SARD>1107</SARD>
    <SICI>2332</SICI>
    <SUD>2970</SUD>
  </marketintervaldetail>
  <marketintervaldetail>
    <Data>20150824</Data>
    <Mercato>MGP</Mercato>
    <Ora>11</Ora>
    <Totale>33581</Totale>
    <CNOR>3535</CNOR>
    <CSUD>5924</CSUD>
    <NORD>17514</NORD>
    <SARD>1102</SARD>
    <SICI>2392</SICI>
    <SUD>3114</SUD>
  </marketintervaldetail>
  <marketintervaldetail>
    <Data>20150824</Data>
    <Mercato>MGP</Mercato>
    <Ora>12</Ora>
    <Totale>33935</Totale>
    <CNOR>3477</CNOR>
    <CSUD>5951</CSUD>
    <NORD>17756</NORD>
    <SARD>1082</SARD>
    <SICI>2420</SICI>
    <SUD>3249</SUD>
  </marketintervaldetail>
  <marketintervaldetail>
    <Data>20150824</Data>
    <Mercato>MGP</Mercato>
    <Ora>13</Ora>
    <Totale>33620</Totale>
    <CNOR>3553</CNOR>
    <CSUD>5874</CSUD>
    <NORD>17285</NORD>
    <SARD>1047</SARD>
    <SICI>2459</SICI>
    <SUD>3402</SUD>
  </marketintervaldetail>
  <marketintervaldetail>
    <Data>20150824</Data>
    <Mercato>MGP</Mercato>
    <Ora>14</Ora>
    <Totale>33642</Totale>
    <CNOR>3387</CNOR>
    <CSUD>5893</CSUD>
    <NORD>17581</NORD>
    <SARD>1052</SARD>
    <SICI>2444</SICI>
    <SUD>3285</SUD>
  </marketintervaldetail>
  <marketintervaldetail>
    <Data>20150824</Data>
    <Mercato>MGP</Mercato>
    <Ora>15</Ora>
    <Totale>34099</Totale>
    <CNOR>3592</CNOR>
    <CSUD>5857</CSUD>
    <NORD>18205</NORD>
    <SARD>1035</SARD>
    <SICI>2305</SICI>
    <SUD>3105</SUD>
  </marketintervaldetail>
  <marketintervaldetail>
    <Data>20150824</Data>
    <Mercato>MGP</Mercato>
    <Ora>16</Ora>
    <Totale>34518</Totale>
    <CNOR>3635</CNOR>
    <CSUD>5799</CSUD>
    <NORD>18556</NORD>
    <SARD>1037</SARD>
    <SICI>2339</SICI>
    <SUD>3152</SUD>
  </marketintervaldetail>
  <marketintervaldetail>
    <Data>20150824</Data>
    <Mercato>MGP</Mercato>
    <Ora>17</Ora>
    <Totale>34752</Totale>
    <CNOR>3601</CNOR>
    <CSUD>5939</CSUD>
    <NORD>18642</NORD>
    <SARD>1067</SARD>
    <SICI>2306</SICI>
    <SUD>3197</SUD>
  </marketintervaldetail>
  <marketintervaldetail>
    <Data>20150824</Data>
    <Mercato>MGP</Mercato>
    <Ora>18</Ora>
    <Totale>34735</Totale>
    <CNOR>3616</CNOR>
    <CSUD>6117</CSUD>
    <NORD>18147</NORD>
    <SARD>1115</SARD>
    <SICI>2463</SICI>
    <SUD>3277</SUD>
  </marketintervaldetail>
  <marketintervaldetail>
    <Data>20150824</Data>
    <Mercato>MGP</Mercato>
    <Ora>19</Ora>
    <Totale>34099</Totale>
    <CNOR>3589</CNOR>
    <CSUD>5986</CSUD>
    <NORD>17653</NORD>
    <SARD>1127</SARD>
    <SICI>2477</SICI>
    <SUD>3267</SUD>
  </marketintervaldetail>
  <marketintervaldetail>
    <Data>20150824</Data>
    <Mercato>MGP</Mercato>
    <Ora>20</Ora>
    <Totale>34335</Totale>
    <CNOR>3643</CNOR>
    <CSUD>5995</CSUD>
    <NORD>17583</NORD>
    <SARD>1159</SARD>
    <SICI>2537</SICI>
    <SUD>3418</SUD>
  </marketintervaldetail>
  <marketintervaldetail>
    <Data>20150824</Data>
    <Mercato>MGP</Mercato>
    <Ora>21</Ora>
    <Totale>35993</Totale>
    <CNOR>3715</CNOR>
    <CSUD>6376</CSUD>
    <NORD>18095</NORD>
    <SARD>1253</SARD>
    <SICI>2729</SICI>
    <SUD>3825</SUD>
  </marketintervaldetail>
  <marketintervaldetail>
    <Data>20150824</Data>
    <Mercato>MGP</Mercato>
    <Ora>22</Ora>
    <Totale>34550</Totale>
    <CNOR>3615</CNOR>
    <CSUD>6108</CSUD>
    <NORD>17542</NORD>
    <SARD>1221</SARD>
    <SICI>2573</SICI>
    <SUD>3491</SUD>
  </marketintervaldetail>
  <marketintervaldetail>
    <Data>20150824</Data>
    <Mercato>MGP</Mercato>
    <Ora>23</Ora>
    <Totale>31385</Totale>
    <CNOR>3302</CNOR>
    <CSUD>5555</CSUD>
    <NORD>15804</NORD>
    <SARD>1126</SARD>
    <SICI>2389</SICI>
    <SUD>3209</SUD>
  </marketintervaldetail>
  <marketintervaldetail>
    <Data>20150824</Data>
    <Mercato>MGP</Mercato>
    <Ora>24</Ora>
    <Totale>28863</Totale>
    <CNOR>3004</CNOR>
    <CSUD>5056</CSUD>
    <NORD>14561</NORD>
    <SARD>1039</SARD>
    <SICI>2223</SICI>
    <SUD>2980</SUD>
  </marketintervaldetail>
</NewDataSet>