<?xml version="1.0" standalone="yes"?>
<NewDataSet>
  <xs:schema id="NewDataSet" xmlns="" xmlns:xs="http://www.w3.org/2001/XMLSchema" xmlns:msdata="urn:schemas-microsoft-com:xml-msdata">
    <xs:element name="NewDataSet" msdata:IsDataSet="true" msdata:MainDataTable="marketintervaldetail" msdata:UseCurrentLocale="true">
      <xs:complexType>
        <xs:choice minOccurs="0" maxOccurs="unbounded">
          <xs:element name="marketintervaldetail">
            <xs:complexType>
              <xs:sequence>
                <xs:element name="Data" type="xs:string" minOccurs="0" />
                <xs:element name="Mercato" type="xs:string" minOccurs="0" />
                <xs:element name="Ora" type="xs:string" minOccurs="0" />
                <xs:element name="Totale" type="xs:string" minOccurs="0" />
                <xs:element name="CNOR" type="xs:string" minOccurs="0" />
                <xs:element name="CSUD" type="xs:string" minOccurs="0" />
                <xs:element name="NORD" type="xs:string" minOccurs="0" />
                <xs:element name="SARD" type="xs:string" minOccurs="0" />
                <xs:element name="SICI" type="xs:string" minOccurs="0" />
                <xs:element name="SUD" type="xs:string" minOccurs="0" />
              </xs:sequence>
            </xs:complexType>
          </xs:element>
        </xs:choice>
      </xs:complexType>
    </xs:element>
  </xs:schema>
  <marketintervaldetail>
    <Data>20150809</Data>
    <Mercato>MGP</Mercato>
    <Ora>01</Ora>
    <Totale>26678</Totale>
    <CNOR>2775</CNOR>
    <CSUD>5344</CSUD>
    <NORD>11494</NORD>
    <SARD>1048</SARD>
    <SICI>2554</SICI>
    <SUD>3463</SUD>
  </marketintervaldetail>
  <marketintervaldetail>
    <Data>20150809</Data>
    <Mercato>MGP</Mercato>
    <Ora>02</Ora>
    <Totale>25002</Totale>
    <CNOR>2581</CNOR>
    <CSUD>4969</CSUD>
    <NORD>10753</NORD>
    <SARD>999</SARD>
    <SICI>2424</SICI>
    <SUD>3276</SUD>
  </marketintervaldetail>
  <marketintervaldetail>
    <Data>20150809</Data>
    <Mercato>MGP</Mercato>
    <Ora>03</Ora>
    <Totale>23758</Totale>
    <CNOR>2506</CNOR>
    <CSUD>4562</CSUD>
    <NORD>10286</NORD>
    <SARD>933</SARD>
    <SICI>2315</SICI>
    <SUD>3156</SUD>
  </marketintervaldetail>
  <marketintervaldetail>
    <Data>20150809</Data>
    <Mercato>MGP</Mercato>
    <Ora>04</Ora>
    <Totale>23094</Totale>
    <CNOR>2390</CNOR>
    <CSUD>4415</CSUD>
    <NORD>10159</NORD>
    <SARD>893</SARD>
    <SICI>2230</SICI>
    <SUD>3007</SUD>
  </marketintervaldetail>
  <marketintervaldetail>
    <Data>20150809</Data>
    <Mercato>MGP</Mercato>
    <Ora>05</Ora>
    <Totale>22657</Totale>
    <CNOR>2377</CNOR>
    <CSUD>4305</CSUD>
    <NORD>10063</NORD>
    <SARD>874</SARD>
    <SICI>2147</SICI>
    <SUD>2891</SUD>
  </marketintervaldetail>
  <marketintervaldetail>
    <Data>20150809</Data>
    <Mercato>MGP</Mercato>
    <Ora>06</Ora>
    <Totale>22630</Totale>
    <CNOR>2381</CNOR>
    <CSUD>4251</CSUD>
    <NORD>10223</NORD>
    <SARD>862</SARD>
    <SICI>2106</SICI>
    <SUD>2807</SUD>
  </marketintervaldetail>
  <marketintervaldetail>
    <Data>20150809</Data>
    <Mercato>MGP</Mercato>
    <Ora>07</Ora>
    <Totale>21888</Totale>
    <CNOR>2344</CNOR>
    <CSUD>4028</CSUD>
    <NORD>9917</NORD>
    <SARD>846</SARD>
    <SICI>2012</SICI>
    <SUD>2741</SUD>
  </marketintervaldetail>
  <marketintervaldetail>
    <Data>20150809</Data>
    <Mercato>MGP</Mercato>
    <Ora>08</Ora>
    <Totale>22491</Totale>
    <CNOR>2465</CNOR>
    <CSUD>4230</CSUD>
    <NORD>10036</NORD>
    <SARD>881</SARD>
    <SICI>2049</SICI>
    <SUD>2830</SUD>
  </marketintervaldetail>
  <marketintervaldetail>
    <Data>20150809</Data>
    <Mercato>MGP</Mercato>
    <Ora>09</Ora>
    <Totale>24525</Totale>
    <CNOR>2717</CNOR>
    <CSUD>4705</CSUD>
    <NORD>10834</NORD>
    <SARD>966</SARD>
    <SICI>2258</SICI>
    <SUD>3045</SUD>
  </marketintervaldetail>
  <marketintervaldetail>
    <Data>20150809</Data>
    <Mercato>MGP</Mercato>
    <Ora>10</Ora>
    <Totale>25823</Totale>
    <CNOR>2803</CNOR>
    <CSUD>5170</CSUD>
    <NORD>11327</NORD>
    <SARD>1016</SARD>
    <SICI>2382</SICI>
    <SUD>3125</SUD>
  </marketintervaldetail>
  <marketintervaldetail>
    <Data>20150809</Data>
    <Mercato>MGP</Mercato>
    <Ora>11</Ora>
    <Totale>27069</Totale>
    <CNOR>3091</CNOR>
    <CSUD>5695</CSUD>
    <NORD>11502</NORD>
    <SARD>1047</SARD>
    <SICI>2439</SICI>
    <SUD>3295</SUD>
  </marketintervaldetail>
  <marketintervaldetail>
    <Data>20150809</Data>
    <Mercato>MGP</Mercato>
    <Ora>12</Ora>
    <Totale>28020</Totale>
    <CNOR>3128</CNOR>
    <CSUD>5878</CSUD>
    <NORD>11894</NORD>
    <SARD>1070</SARD>
    <SICI>2484</SICI>
    <SUD>3566</SUD>
  </marketintervaldetail>
  <marketintervaldetail>
    <Data>20150809</Data>
    <Mercato>MGP</Mercato>
    <Ora>13</Ora>
    <Totale>29232</Totale>
    <CNOR>3153</CNOR>
    <CSUD>6259</CSUD>
    <NORD>12436</NORD>
    <SARD>1096</SARD>
    <SICI>2432</SICI>
    <SUD>3856</SUD>
  </marketintervaldetail>
  <marketintervaldetail>
    <Data>20150809</Data>
    <Mercato>MGP</Mercato>
    <Ora>14</Ora>
    <Totale>29201</Totale>
    <CNOR>2926</CNOR>
    <CSUD>6214</CSUD>
    <NORD>12738</NORD>
    <SARD>1101</SARD>
    <SICI>2493</SICI>
    <SUD>3729</SUD>
  </marketintervaldetail>
  <marketintervaldetail>
    <Data>20150809</Data>
    <Mercato>MGP</Mercato>
    <Ora>15</Ora>
    <Totale>28613</Totale>
    <CNOR>2825</CNOR>
    <CSUD>6125</CSUD>
    <NORD>12184</NORD>
    <SARD>1087</SARD>
    <SICI>2569</SICI>
    <SUD>3823</SUD>
  </marketintervaldetail>
  <marketintervaldetail>
    <Data>20150809</Data>
    <Mercato>MGP</Mercato>
    <Ora>16</Ora>
    <Totale>28844</Totale>
    <CNOR>2920</CNOR>
    <CSUD>6394</CSUD>
    <NORD>12026</NORD>
    <SARD>1068</SARD>
    <SICI>2545</SICI>
    <SUD>3891</SUD>
  </marketintervaldetail>
  <marketintervaldetail>
    <Data>20150809</Data>
    <Mercato>MGP</Mercato>
    <Ora>17</Ora>
    <Totale>29644</Totale>
    <CNOR>3187</CNOR>
    <CSUD>6540</CSUD>
    <NORD>12577</NORD>
    <SARD>1066</SARD>
    <SICI>2544</SICI>
    <SUD>3730</SUD>
  </marketintervaldetail>
  <marketintervaldetail>
    <Data>20150809</Data>
    <Mercato>MGP</Mercato>
    <Ora>18</Ora>
    <Totale>29503</Totale>
    <CNOR>3115</CNOR>
    <CSUD>6339</CSUD>
    <NORD>13187</NORD>
    <SARD>1104</SARD>
    <SICI>2506</SICI>
    <SUD>3252</SUD>
  </marketintervaldetail>
  <marketintervaldetail>
    <Data>20150809</Data>
    <Mercato>MGP</Mercato>
    <Ora>19</Ora>
    <Totale>29938</Totale>
    <CNOR>3071</CNOR>
    <CSUD>6140</CSUD>
    <NORD>13843</NORD>
    <SARD>1155</SARD>
    <SICI>2417</SICI>
    <SUD>3312</SUD>
  </marketintervaldetail>
  <marketintervaldetail>
    <Data>20150809</Data>
    <Mercato>MGP</Mercato>
    <Ora>20</Ora>
    <Totale>31171</Totale>
    <CNOR>3159</CNOR>
    <CSUD>6245</CSUD>
    <NORD>14651</NORD>
    <SARD>1200</SARD>
    <SICI>2455</SICI>
    <SUD>3461</SUD>
  </marketintervaldetail>
  <marketintervaldetail>
    <Data>20150809</Data>
    <Mercato>MGP</Mercato>
    <Ora>21</Ora>
    <Totale>32792</Totale>
    <CNOR>3263</CNOR>
    <CSUD>6609</CSUD>
    <NORD>15097</NORD>
    <SARD>1260</SARD>
    <SICI>2745</SICI>
    <SUD>3818</SUD>
  </marketintervaldetail>
  <marketintervaldetail>
    <Data>20150809</Data>
    <Mercato>MGP</Mercato>
    <Ora>22</Ora>
    <Totale>33846</Totale>
    <CNOR>3370</CNOR>
    <CSUD>6669</CSUD>
    <NORD>15869</NORD>
    <SARD>1299</SARD>
    <SICI>2781</SICI>
    <SUD>3858</SUD>
  </marketintervaldetail>
  <marketintervaldetail>
    <Data>20150809</Data>
    <Mercato>MGP</Mercato>
    <Ora>23</Ora>
    <Totale>32171</Totale>
    <CNOR>3223</CNOR>
    <CSUD>6377</CSUD>
    <NORD>15070</NORD>
    <SARD>1214</SARD>
    <SICI>2663</SICI>
    <SUD>3624</SUD>
  </marketintervaldetail>
  <marketintervaldetail>
    <Data>20150809</Data>
    <Mercato>MGP</Mercato>
    <Ora>24</Ora>
    <Totale>30081</Totale>
    <CNOR>2980</CNOR>
    <CSUD>6069</CSUD>
    <NORD>13956</NORD>
    <SARD>1139</SARD>
    <SICI>2548</SICI>
    <SUD>3389</SUD>
  </marketintervaldetail>
</NewDataSet>