<?xml version="1.0" standalone="yes"?>
<NewDataSet>
  <xs:schema id="NewDataSet" xmlns="" xmlns:xs="http://www.w3.org/2001/XMLSchema" xmlns:msdata="urn:schemas-microsoft-com:xml-msdata">
    <xs:element name="NewDataSet" msdata:IsDataSet="true" msdata:MainDataTable="marketintervaldetail" msdata:UseCurrentLocale="true">
      <xs:complexType>
        <xs:choice minOccurs="0" maxOccurs="unbounded">
          <xs:element name="marketintervaldetail">
            <xs:complexType>
              <xs:sequence>
                <xs:element name="Data" type="xs:string" minOccurs="0" />
                <xs:element name="Mercato" type="xs:string" minOccurs="0" />
                <xs:element name="Ora" type="xs:string" minOccurs="0" />
                <xs:element name="Totale" type="xs:string" minOccurs="0" />
                <xs:element name="CNOR" type="xs:string" minOccurs="0" />
                <xs:element name="CSUD" type="xs:string" minOccurs="0" />
                <xs:element name="NORD" type="xs:string" minOccurs="0" />
                <xs:element name="SARD" type="xs:string" minOccurs="0" />
                <xs:element name="SICI" type="xs:string" minOccurs="0" />
                <xs:element name="SUD" type="xs:string" minOccurs="0" />
              </xs:sequence>
            </xs:complexType>
          </xs:element>
        </xs:choice>
      </xs:complexType>
    </xs:element>
  </xs:schema>
  <marketintervaldetail>
    <Data>20160612</Data>
    <Mercato>MGP</Mercato>
    <Ora>01</Ora>
    <Totale>24870</Totale>
    <CNOR>2829</CNOR>
    <CSUD>4303</CSUD>
    <NORD>12803</NORD>
    <SARD>861</SARD>
    <SICI>1721</SICI>
    <SUD>2353</SUD>
  </marketintervaldetail>
  <marketintervaldetail>
    <Data>20160612</Data>
    <Mercato>MGP</Mercato>
    <Ora>02</Ora>
    <Totale>23257</Totale>
    <CNOR>2694</CNOR>
    <CSUD>3979</CSUD>
    <NORD>11921</NORD>
    <SARD>835</SARD>
    <SICI>1620</SICI>
    <SUD>2208</SUD>
  </marketintervaldetail>
  <marketintervaldetail>
    <Data>20160612</Data>
    <Mercato>MGP</Mercato>
    <Ora>03</Ora>
    <Totale>21977</Totale>
    <CNOR>2545</CNOR>
    <CSUD>3759</CSUD>
    <NORD>11229</NORD>
    <SARD>795</SARD>
    <SICI>1535</SICI>
    <SUD>2114</SUD>
  </marketintervaldetail>
  <marketintervaldetail>
    <Data>20160612</Data>
    <Mercato>MGP</Mercato>
    <Ora>04</Ora>
    <Totale>21160</Totale>
    <CNOR>2467</CNOR>
    <CSUD>3566</CSUD>
    <NORD>10837</NORD>
    <SARD>762</SARD>
    <SICI>1462</SICI>
    <SUD>2066</SUD>
  </marketintervaldetail>
  <marketintervaldetail>
    <Data>20160612</Data>
    <Mercato>MGP</Mercato>
    <Ora>05</Ora>
    <Totale>20935</Totale>
    <CNOR>2463</CNOR>
    <CSUD>3501</CSUD>
    <NORD>10712</NORD>
    <SARD>761</SARD>
    <SICI>1439</SICI>
    <SUD>2059</SUD>
  </marketintervaldetail>
  <marketintervaldetail>
    <Data>20160612</Data>
    <Mercato>MGP</Mercato>
    <Ora>06</Ora>
    <Totale>20754</Totale>
    <CNOR>2448</CNOR>
    <CSUD>3469</CSUD>
    <NORD>10672</NORD>
    <SARD>759</SARD>
    <SICI>1457</SICI>
    <SUD>1949</SUD>
  </marketintervaldetail>
  <marketintervaldetail>
    <Data>20160612</Data>
    <Mercato>MGP</Mercato>
    <Ora>07</Ora>
    <Totale>21073</Totale>
    <CNOR>2453</CNOR>
    <CSUD>3499</CSUD>
    <NORD>11000</NORD>
    <SARD>734</SARD>
    <SICI>1454</SICI>
    <SUD>1933</SUD>
  </marketintervaldetail>
  <marketintervaldetail>
    <Data>20160612</Data>
    <Mercato>MGP</Mercato>
    <Ora>08</Ora>
    <Totale>23335</Totale>
    <CNOR>2824</CNOR>
    <CSUD>3829</CSUD>
    <NORD>12145</NORD>
    <SARD>801</SARD>
    <SICI>1603</SICI>
    <SUD>2133</SUD>
  </marketintervaldetail>
  <marketintervaldetail>
    <Data>20160612</Data>
    <Mercato>MGP</Mercato>
    <Ora>09</Ora>
    <Totale>26224</Totale>
    <CNOR>3204</CNOR>
    <CSUD>4323</CSUD>
    <NORD>13666</NORD>
    <SARD>849</SARD>
    <SICI>1792</SICI>
    <SUD>2390</SUD>
  </marketintervaldetail>
  <marketintervaldetail>
    <Data>20160612</Data>
    <Mercato>MGP</Mercato>
    <Ora>10</Ora>
    <Totale>27786</Totale>
    <CNOR>3336</CNOR>
    <CSUD>4623</CSUD>
    <NORD>14590</NORD>
    <SARD>877</SARD>
    <SICI>1855</SICI>
    <SUD>2505</SUD>
  </marketintervaldetail>
  <marketintervaldetail>
    <Data>20160612</Data>
    <Mercato>MGP</Mercato>
    <Ora>11</Ora>
    <Totale>28132</Totale>
    <CNOR>3286</CNOR>
    <CSUD>4549</CSUD>
    <NORD>14995</NORD>
    <SARD>872</SARD>
    <SICI>1863</SICI>
    <SUD>2567</SUD>
  </marketintervaldetail>
  <marketintervaldetail>
    <Data>20160612</Data>
    <Mercato>MGP</Mercato>
    <Ora>12</Ora>
    <Totale>28072</Totale>
    <CNOR>3267</CNOR>
    <CSUD>4556</CSUD>
    <NORD>14932</NORD>
    <SARD>852</SARD>
    <SICI>1866</SICI>
    <SUD>2599</SUD>
  </marketintervaldetail>
  <marketintervaldetail>
    <Data>20160612</Data>
    <Mercato>MGP</Mercato>
    <Ora>13</Ora>
    <Totale>27589</Totale>
    <CNOR>3134</CNOR>
    <CSUD>4687</CSUD>
    <NORD>14413</NORD>
    <SARD>853</SARD>
    <SICI>1975</SICI>
    <SUD>2527</SUD>
  </marketintervaldetail>
  <marketintervaldetail>
    <Data>20160612</Data>
    <Mercato>MGP</Mercato>
    <Ora>14</Ora>
    <Totale>26524</Totale>
    <CNOR>3018</CNOR>
    <CSUD>4666</CSUD>
    <NORD>13699</NORD>
    <SARD>801</SARD>
    <SICI>1944</SICI>
    <SUD>2396</SUD>
  </marketintervaldetail>
  <marketintervaldetail>
    <Data>20160612</Data>
    <Mercato>MGP</Mercato>
    <Ora>15</Ora>
    <Totale>26290</Totale>
    <CNOR>3056</CNOR>
    <CSUD>4682</CSUD>
    <NORD>13918</NORD>
    <SARD>795</SARD>
    <SICI>1690</SICI>
    <SUD>2149</SUD>
  </marketintervaldetail>
  <marketintervaldetail>
    <Data>20160612</Data>
    <Mercato>MGP</Mercato>
    <Ora>16</Ora>
    <Totale>26416</Totale>
    <CNOR>3107</CNOR>
    <CSUD>4695</CSUD>
    <NORD>13895</NORD>
    <SARD>795</SARD>
    <SICI>1670</SICI>
    <SUD>2254</SUD>
  </marketintervaldetail>
  <marketintervaldetail>
    <Data>20160612</Data>
    <Mercato>MGP</Mercato>
    <Ora>17</Ora>
    <Totale>26748</Totale>
    <CNOR>3251</CNOR>
    <CSUD>4509</CSUD>
    <NORD>14090</NORD>
    <SARD>821</SARD>
    <SICI>1731</SICI>
    <SUD>2346</SUD>
  </marketintervaldetail>
  <marketintervaldetail>
    <Data>20160612</Data>
    <Mercato>MGP</Mercato>
    <Ora>18</Ora>
    <Totale>27317</Totale>
    <CNOR>3405</CNOR>
    <CSUD>4623</CSUD>
    <NORD>14182</NORD>
    <SARD>872</SARD>
    <SICI>1746</SICI>
    <SUD>2489</SUD>
  </marketintervaldetail>
  <marketintervaldetail>
    <Data>20160612</Data>
    <Mercato>MGP</Mercato>
    <Ora>19</Ora>
    <Totale>27850</Totale>
    <CNOR>3338</CNOR>
    <CSUD>4680</CSUD>
    <NORD>14543</NORD>
    <SARD>926</SARD>
    <SICI>1817</SICI>
    <SUD>2546</SUD>
  </marketintervaldetail>
  <marketintervaldetail>
    <Data>20160612</Data>
    <Mercato>MGP</Mercato>
    <Ora>20</Ora>
    <Totale>28505</Totale>
    <CNOR>3419</CNOR>
    <CSUD>4829</CSUD>
    <NORD>14862</NORD>
    <SARD>945</SARD>
    <SICI>1855</SICI>
    <SUD>2595</SUD>
  </marketintervaldetail>
  <marketintervaldetail>
    <Data>20160612</Data>
    <Mercato>MGP</Mercato>
    <Ora>21</Ora>
    <Totale>29281</Totale>
    <CNOR>3443</CNOR>
    <CSUD>5065</CSUD>
    <NORD>14971</NORD>
    <SARD>985</SARD>
    <SICI>1998</SICI>
    <SUD>2819</SUD>
  </marketintervaldetail>
  <marketintervaldetail>
    <Data>20160612</Data>
    <Mercato>MGP</Mercato>
    <Ora>22</Ora>
    <Totale>30025</Totale>
    <CNOR>3410</CNOR>
    <CSUD>5356</CSUD>
    <NORD>15203</NORD>
    <SARD>1015</SARD>
    <SICI>2078</SICI>
    <SUD>2963</SUD>
  </marketintervaldetail>
  <marketintervaldetail>
    <Data>20160612</Data>
    <Mercato>MGP</Mercato>
    <Ora>23</Ora>
    <Totale>28694</Totale>
    <CNOR>3247</CNOR>
    <CSUD>5162</CSUD>
    <NORD>14558</NORD>
    <SARD>980</SARD>
    <SICI>1953</SICI>
    <SUD>2794</SUD>
  </marketintervaldetail>
  <marketintervaldetail>
    <Data>20160612</Data>
    <Mercato>MGP</Mercato>
    <Ora>24</Ora>
    <Totale>25998</Totale>
    <CNOR>2940</CNOR>
    <CSUD>4699</CSUD>
    <NORD>13219</NORD>
    <SARD>918</SARD>
    <SICI>1757</SICI>
    <SUD>2465</SUD>
  </marketintervaldetail>
</NewDataSet>