<?xml version="1.0" standalone="yes"?>
<NewDataSet>
  <xs:schema id="NewDataSet" xmlns="" xmlns:xs="http://www.w3.org/2001/XMLSchema" xmlns:msdata="urn:schemas-microsoft-com:xml-msdata">
    <xs:element name="NewDataSet" msdata:IsDataSet="true" msdata:MainDataTable="marketintervaldetail" msdata:UseCurrentLocale="true">
      <xs:complexType>
        <xs:choice minOccurs="0" maxOccurs="unbounded">
          <xs:element name="marketintervaldetail">
            <xs:complexType>
              <xs:sequence>
                <xs:element name="Data" type="xs:string" minOccurs="0" />
                <xs:element name="Mercato" type="xs:string" minOccurs="0" />
                <xs:element name="Ora" type="xs:string" minOccurs="0" />
                <xs:element name="Totale" type="xs:string" minOccurs="0" />
                <xs:element name="CNOR" type="xs:string" minOccurs="0" />
                <xs:element name="CSUD" type="xs:string" minOccurs="0" />
                <xs:element name="NORD" type="xs:string" minOccurs="0" />
                <xs:element name="SARD" type="xs:string" minOccurs="0" />
                <xs:element name="SICI" type="xs:string" minOccurs="0" />
                <xs:element name="SUD" type="xs:string" minOccurs="0" />
              </xs:sequence>
            </xs:complexType>
          </xs:element>
        </xs:choice>
      </xs:complexType>
    </xs:element>
  </xs:schema>
  <marketintervaldetail>
    <Data>20160603</Data>
    <Mercato>MGP</Mercato>
    <Ora>01</Ora>
    <Totale>23559</Totale>
    <CNOR>2528</CNOR>
    <CSUD>4080</CSUD>
    <NORD>12127</NORD>
    <SARD>859</SARD>
    <SICI>1586</SICI>
    <SUD>2379</SUD>
  </marketintervaldetail>
  <marketintervaldetail>
    <Data>20160603</Data>
    <Mercato>MGP</Mercato>
    <Ora>02</Ora>
    <Totale>21938</Totale>
    <CNOR>2420</CNOR>
    <CSUD>3822</CSUD>
    <NORD>11127</NORD>
    <SARD>815</SARD>
    <SICI>1612</SICI>
    <SUD>2142</SUD>
  </marketintervaldetail>
  <marketintervaldetail>
    <Data>20160603</Data>
    <Mercato>MGP</Mercato>
    <Ora>03</Ora>
    <Totale>21131</Totale>
    <CNOR>2293</CNOR>
    <CSUD>3559</CSUD>
    <NORD>10949</NORD>
    <SARD>792</SARD>
    <SICI>1489</SICI>
    <SUD>2049</SUD>
  </marketintervaldetail>
  <marketintervaldetail>
    <Data>20160603</Data>
    <Mercato>MGP</Mercato>
    <Ora>04</Ora>
    <Totale>20843</Totale>
    <CNOR>2247</CNOR>
    <CSUD>3584</CSUD>
    <NORD>10714</NORD>
    <SARD>787</SARD>
    <SICI>1414</SICI>
    <SUD>2097</SUD>
  </marketintervaldetail>
  <marketintervaldetail>
    <Data>20160603</Data>
    <Mercato>MGP</Mercato>
    <Ora>05</Ora>
    <Totale>21083</Totale>
    <CNOR>2309</CNOR>
    <CSUD>3611</CSUD>
    <NORD>10841</NORD>
    <SARD>787</SARD>
    <SICI>1502</SICI>
    <SUD>2033</SUD>
  </marketintervaldetail>
  <marketintervaldetail>
    <Data>20160603</Data>
    <Mercato>MGP</Mercato>
    <Ora>06</Ora>
    <Totale>21877</Totale>
    <CNOR>2376</CNOR>
    <CSUD>3579</CSUD>
    <NORD>11664</NORD>
    <SARD>796</SARD>
    <SICI>1540</SICI>
    <SUD>1922</SUD>
  </marketintervaldetail>
  <marketintervaldetail>
    <Data>20160603</Data>
    <Mercato>MGP</Mercato>
    <Ora>07</Ora>
    <Totale>23473</Totale>
    <CNOR>2528</CNOR>
    <CSUD>3756</CSUD>
    <NORD>12861</NORD>
    <SARD>833</SARD>
    <SICI>1513</SICI>
    <SUD>1982</SUD>
  </marketintervaldetail>
  <marketintervaldetail>
    <Data>20160603</Data>
    <Mercato>MGP</Mercato>
    <Ora>08</Ora>
    <Totale>27403</Totale>
    <CNOR>3031</CNOR>
    <CSUD>4274</CSUD>
    <NORD>15069</NORD>
    <SARD>929</SARD>
    <SICI>1755</SICI>
    <SUD>2345</SUD>
  </marketintervaldetail>
  <marketintervaldetail>
    <Data>20160603</Data>
    <Mercato>MGP</Mercato>
    <Ora>09</Ora>
    <Totale>31448</Totale>
    <CNOR>3616</CNOR>
    <CSUD>5018</CSUD>
    <NORD>17210</NORD>
    <SARD>986</SARD>
    <SICI>1946</SICI>
    <SUD>2672</SUD>
  </marketintervaldetail>
  <marketintervaldetail>
    <Data>20160603</Data>
    <Mercato>MGP</Mercato>
    <Ora>10</Ora>
    <Totale>33661</Totale>
    <CNOR>3763</CNOR>
    <CSUD>5465</CSUD>
    <NORD>18703</NORD>
    <SARD>959</SARD>
    <SICI>2113</SICI>
    <SUD>2658</SUD>
  </marketintervaldetail>
  <marketintervaldetail>
    <Data>20160603</Data>
    <Mercato>MGP</Mercato>
    <Ora>11</Ora>
    <Totale>34464</Totale>
    <CNOR>3696</CNOR>
    <CSUD>5660</CSUD>
    <NORD>19381</NORD>
    <SARD>979</SARD>
    <SICI>2041</SICI>
    <SUD>2707</SUD>
  </marketintervaldetail>
  <marketintervaldetail>
    <Data>20160603</Data>
    <Mercato>MGP</Mercato>
    <Ora>12</Ora>
    <Totale>35265</Totale>
    <CNOR>4072</CNOR>
    <CSUD>5878</CSUD>
    <NORD>19672</NORD>
    <SARD>976</SARD>
    <SICI>1986</SICI>
    <SUD>2681</SUD>
  </marketintervaldetail>
  <marketintervaldetail>
    <Data>20160603</Data>
    <Mercato>MGP</Mercato>
    <Ora>13</Ora>
    <Totale>34544</Totale>
    <CNOR>4190</CNOR>
    <CSUD>5942</CSUD>
    <NORD>18569</NORD>
    <SARD>966</SARD>
    <SICI>1987</SICI>
    <SUD>2890</SUD>
  </marketintervaldetail>
  <marketintervaldetail>
    <Data>20160603</Data>
    <Mercato>MGP</Mercato>
    <Ora>14</Ora>
    <Totale>33102</Totale>
    <CNOR>3879</CNOR>
    <CSUD>5895</CSUD>
    <NORD>17659</NORD>
    <SARD>935</SARD>
    <SICI>1957</SICI>
    <SUD>2777</SUD>
  </marketintervaldetail>
  <marketintervaldetail>
    <Data>20160603</Data>
    <Mercato>MGP</Mercato>
    <Ora>15</Ora>
    <Totale>32764</Totale>
    <CNOR>4373</CNOR>
    <CSUD>5650</CSUD>
    <NORD>17349</NORD>
    <SARD>944</SARD>
    <SICI>1950</SICI>
    <SUD>2498</SUD>
  </marketintervaldetail>
  <marketintervaldetail>
    <Data>20160603</Data>
    <Mercato>MGP</Mercato>
    <Ora>16</Ora>
    <Totale>32230</Totale>
    <CNOR>4128</CNOR>
    <CSUD>5601</CSUD>
    <NORD>17151</NORD>
    <SARD>951</SARD>
    <SICI>1924</SICI>
    <SUD>2475</SUD>
  </marketintervaldetail>
  <marketintervaldetail>
    <Data>20160603</Data>
    <Mercato>MGP</Mercato>
    <Ora>17</Ora>
    <Totale>32728</Totale>
    <CNOR>3951</CNOR>
    <CSUD>5565</CSUD>
    <NORD>17719</NORD>
    <SARD>955</SARD>
    <SICI>1973</SICI>
    <SUD>2565</SUD>
  </marketintervaldetail>
  <marketintervaldetail>
    <Data>20160603</Data>
    <Mercato>MGP</Mercato>
    <Ora>18</Ora>
    <Totale>33602</Totale>
    <CNOR>4028</CNOR>
    <CSUD>5880</CSUD>
    <NORD>17669</NORD>
    <SARD>971</SARD>
    <SICI>2146</SICI>
    <SUD>2908</SUD>
  </marketintervaldetail>
  <marketintervaldetail>
    <Data>20160603</Data>
    <Mercato>MGP</Mercato>
    <Ora>19</Ora>
    <Totale>33740</Totale>
    <CNOR>3903</CNOR>
    <CSUD>5871</CSUD>
    <NORD>17903</NORD>
    <SARD>965</SARD>
    <SICI>2152</SICI>
    <SUD>2946</SUD>
  </marketintervaldetail>
  <marketintervaldetail>
    <Data>20160603</Data>
    <Mercato>MGP</Mercato>
    <Ora>20</Ora>
    <Totale>33609</Totale>
    <CNOR>3779</CNOR>
    <CSUD>5861</CSUD>
    <NORD>17768</NORD>
    <SARD>999</SARD>
    <SICI>2171</SICI>
    <SUD>3031</SUD>
  </marketintervaldetail>
  <marketintervaldetail>
    <Data>20160603</Data>
    <Mercato>MGP</Mercato>
    <Ora>21</Ora>
    <Totale>33709</Totale>
    <CNOR>3714</CNOR>
    <CSUD>5959</CSUD>
    <NORD>17285</NORD>
    <SARD>1063</SARD>
    <SICI>2296</SICI>
    <SUD>3392</SUD>
  </marketintervaldetail>
  <marketintervaldetail>
    <Data>20160603</Data>
    <Mercato>MGP</Mercato>
    <Ora>22</Ora>
    <Totale>33364</Totale>
    <CNOR>3580</CNOR>
    <CSUD>5888</CSUD>
    <NORD>17080</NORD>
    <SARD>1094</SARD>
    <SICI>2322</SICI>
    <SUD>3400</SUD>
  </marketintervaldetail>
  <marketintervaldetail>
    <Data>20160603</Data>
    <Mercato>MGP</Mercato>
    <Ora>23</Ora>
    <Totale>30682</Totale>
    <CNOR>3309</CNOR>
    <CSUD>5441</CSUD>
    <NORD>15587</NORD>
    <SARD>1044</SARD>
    <SICI>2122</SICI>
    <SUD>3179</SUD>
  </marketintervaldetail>
  <marketintervaldetail>
    <Data>20160603</Data>
    <Mercato>MGP</Mercato>
    <Ora>24</Ora>
    <Totale>27659</Totale>
    <CNOR>2958</CNOR>
    <CSUD>4786</CSUD>
    <NORD>14256</NORD>
    <SARD>977</SARD>
    <SICI>1898</SICI>
    <SUD>2784</SUD>
  </marketintervaldetail>
</NewDataSet>