<?xml version="1.0" standalone="yes"?>
<NewDataSet>
  <xs:schema id="NewDataSet" xmlns="" xmlns:xs="http://www.w3.org/2001/XMLSchema" xmlns:msdata="urn:schemas-microsoft-com:xml-msdata">
    <xs:element name="NewDataSet" msdata:IsDataSet="true" msdata:MainDataTable="marketintervaldetail" msdata:UseCurrentLocale="true">
      <xs:complexType>
        <xs:choice minOccurs="0" maxOccurs="unbounded">
          <xs:element name="marketintervaldetail">
            <xs:complexType>
              <xs:sequence>
                <xs:element name="Data" type="xs:string" minOccurs="0" />
                <xs:element name="Mercato" type="xs:string" minOccurs="0" />
                <xs:element name="Ora" type="xs:string" minOccurs="0" />
                <xs:element name="Totale" type="xs:string" minOccurs="0" />
                <xs:element name="CNOR" type="xs:string" minOccurs="0" />
                <xs:element name="CSUD" type="xs:string" minOccurs="0" />
                <xs:element name="NORD" type="xs:string" minOccurs="0" />
                <xs:element name="SARD" type="xs:string" minOccurs="0" />
                <xs:element name="SICI" type="xs:string" minOccurs="0" />
                <xs:element name="SUD" type="xs:string" minOccurs="0" />
              </xs:sequence>
            </xs:complexType>
          </xs:element>
        </xs:choice>
      </xs:complexType>
    </xs:element>
  </xs:schema>
  <marketintervaldetail>
    <Data>20160602</Data>
    <Mercato>MGP</Mercato>
    <Ora>01</Ora>
    <Totale>27910</Totale>
    <CNOR>3087</CNOR>
    <CSUD>4350</CSUD>
    <NORD>15386</NORD>
    <SARD>887</SARD>
    <SICI>1802</SICI>
    <SUD>2398</SUD>
  </marketintervaldetail>
  <marketintervaldetail>
    <Data>20160602</Data>
    <Mercato>MGP</Mercato>
    <Ora>02</Ora>
    <Totale>25602</Totale>
    <CNOR>2783</CNOR>
    <CSUD>3828</CSUD>
    <NORD>14279</NORD>
    <SARD>837</SARD>
    <SICI>1671</SICI>
    <SUD>2204</SUD>
  </marketintervaldetail>
  <marketintervaldetail>
    <Data>20160602</Data>
    <Mercato>MGP</Mercato>
    <Ora>03</Ora>
    <Totale>24377</Totale>
    <CNOR>2615</CNOR>
    <CSUD>3652</CSUD>
    <NORD>13635</NORD>
    <SARD>805</SARD>
    <SICI>1614</SICI>
    <SUD>2056</SUD>
  </marketintervaldetail>
  <marketintervaldetail>
    <Data>20160602</Data>
    <Mercato>MGP</Mercato>
    <Ora>04</Ora>
    <Totale>23647</Totale>
    <CNOR>2575</CNOR>
    <CSUD>3581</CSUD>
    <NORD>13206</NORD>
    <SARD>795</SARD>
    <SICI>1545</SICI>
    <SUD>1945</SUD>
  </marketintervaldetail>
  <marketintervaldetail>
    <Data>20160602</Data>
    <Mercato>MGP</Mercato>
    <Ora>05</Ora>
    <Totale>23360</Totale>
    <CNOR>2503</CNOR>
    <CSUD>3548</CSUD>
    <NORD>13083</NORD>
    <SARD>789</SARD>
    <SICI>1509</SICI>
    <SUD>1928</SUD>
  </marketintervaldetail>
  <marketintervaldetail>
    <Data>20160602</Data>
    <Mercato>MGP</Mercato>
    <Ora>06</Ora>
    <Totale>22432</Totale>
    <CNOR>2426</CNOR>
    <CSUD>3512</CSUD>
    <NORD>12376</NORD>
    <SARD>795</SARD>
    <SICI>1482</SICI>
    <SUD>1841</SUD>
  </marketintervaldetail>
  <marketintervaldetail>
    <Data>20160602</Data>
    <Mercato>MGP</Mercato>
    <Ora>07</Ora>
    <Totale>20946</Totale>
    <CNOR>2346</CNOR>
    <CSUD>3393</CSUD>
    <NORD>11270</NORD>
    <SARD>770</SARD>
    <SICI>1465</SICI>
    <SUD>1702</SUD>
  </marketintervaldetail>
  <marketintervaldetail>
    <Data>20160602</Data>
    <Mercato>MGP</Mercato>
    <Ora>08</Ora>
    <Totale>22535</Totale>
    <CNOR>2490</CNOR>
    <CSUD>3553</CSUD>
    <NORD>12157</NORD>
    <SARD>838</SARD>
    <SICI>1601</SICI>
    <SUD>1896</SUD>
  </marketintervaldetail>
  <marketintervaldetail>
    <Data>20160602</Data>
    <Mercato>MGP</Mercato>
    <Ora>09</Ora>
    <Totale>24303</Totale>
    <CNOR>2658</CNOR>
    <CSUD>3928</CSUD>
    <NORD>13006</NORD>
    <SARD>876</SARD>
    <SICI>1804</SICI>
    <SUD>2031</SUD>
  </marketintervaldetail>
  <marketintervaldetail>
    <Data>20160602</Data>
    <Mercato>MGP</Mercato>
    <Ora>10</Ora>
    <Totale>25797</Totale>
    <CNOR>2805</CNOR>
    <CSUD>4416</CSUD>
    <NORD>13707</NORD>
    <SARD>898</SARD>
    <SICI>1921</SICI>
    <SUD>2050</SUD>
  </marketintervaldetail>
  <marketintervaldetail>
    <Data>20160602</Data>
    <Mercato>MGP</Mercato>
    <Ora>11</Ora>
    <Totale>26620</Totale>
    <CNOR>2901</CNOR>
    <CSUD>4636</CSUD>
    <NORD>14144</NORD>
    <SARD>919</SARD>
    <SICI>1900</SICI>
    <SUD>2120</SUD>
  </marketintervaldetail>
  <marketintervaldetail>
    <Data>20160602</Data>
    <Mercato>MGP</Mercato>
    <Ora>12</Ora>
    <Totale>27135</Totale>
    <CNOR>3076</CNOR>
    <CSUD>4686</CSUD>
    <NORD>14332</NORD>
    <SARD>925</SARD>
    <SICI>1951</SICI>
    <SUD>2165</SUD>
  </marketintervaldetail>
  <marketintervaldetail>
    <Data>20160602</Data>
    <Mercato>MGP</Mercato>
    <Ora>13</Ora>
    <Totale>26760</Totale>
    <CNOR>3003</CNOR>
    <CSUD>4746</CSUD>
    <NORD>14085</NORD>
    <SARD>911</SARD>
    <SICI>1873</SICI>
    <SUD>2142</SUD>
  </marketintervaldetail>
  <marketintervaldetail>
    <Data>20160602</Data>
    <Mercato>MGP</Mercato>
    <Ora>14</Ora>
    <Totale>25408</Totale>
    <CNOR>2886</CNOR>
    <CSUD>4495</CSUD>
    <NORD>13410</NORD>
    <SARD>840</SARD>
    <SICI>1808</SICI>
    <SUD>1969</SUD>
  </marketintervaldetail>
  <marketintervaldetail>
    <Data>20160602</Data>
    <Mercato>MGP</Mercato>
    <Ora>15</Ora>
    <Totale>24403</Totale>
    <CNOR>2828</CNOR>
    <CSUD>4306</CSUD>
    <NORD>12898</NORD>
    <SARD>852</SARD>
    <SICI>1663</SICI>
    <SUD>1856</SUD>
  </marketintervaldetail>
  <marketintervaldetail>
    <Data>20160602</Data>
    <Mercato>MGP</Mercato>
    <Ora>16</Ora>
    <Totale>24063</Totale>
    <CNOR>2739</CNOR>
    <CSUD>4186</CSUD>
    <NORD>12724</NORD>
    <SARD>848</SARD>
    <SICI>1661</SICI>
    <SUD>1905</SUD>
  </marketintervaldetail>
  <marketintervaldetail>
    <Data>20160602</Data>
    <Mercato>MGP</Mercato>
    <Ora>17</Ora>
    <Totale>24014</Totale>
    <CNOR>2792</CNOR>
    <CSUD>4147</CSUD>
    <NORD>12718</NORD>
    <SARD>851</SARD>
    <SICI>1628</SICI>
    <SUD>1878</SUD>
  </marketintervaldetail>
  <marketintervaldetail>
    <Data>20160602</Data>
    <Mercato>MGP</Mercato>
    <Ora>18</Ora>
    <Totale>24535</Totale>
    <CNOR>2821</CNOR>
    <CSUD>4291</CSUD>
    <NORD>12990</NORD>
    <SARD>866</SARD>
    <SICI>1692</SICI>
    <SUD>1875</SUD>
  </marketintervaldetail>
  <marketintervaldetail>
    <Data>20160602</Data>
    <Mercato>MGP</Mercato>
    <Ora>19</Ora>
    <Totale>25238</Totale>
    <CNOR>2875</CNOR>
    <CSUD>4409</CSUD>
    <NORD>13423</NORD>
    <SARD>889</SARD>
    <SICI>1751</SICI>
    <SUD>1891</SUD>
  </marketintervaldetail>
  <marketintervaldetail>
    <Data>20160602</Data>
    <Mercato>MGP</Mercato>
    <Ora>20</Ora>
    <Totale>26388</Totale>
    <CNOR>3002</CNOR>
    <CSUD>4661</CSUD>
    <NORD>13957</NORD>
    <SARD>934</SARD>
    <SICI>1780</SICI>
    <SUD>2054</SUD>
  </marketintervaldetail>
  <marketintervaldetail>
    <Data>20160602</Data>
    <Mercato>MGP</Mercato>
    <Ora>21</Ora>
    <Totale>27581</Totale>
    <CNOR>2999</CNOR>
    <CSUD>4964</CSUD>
    <NORD>14179</NORD>
    <SARD>1038</SARD>
    <SICI>2033</SICI>
    <SUD>2368</SUD>
  </marketintervaldetail>
  <marketintervaldetail>
    <Data>20160602</Data>
    <Mercato>MGP</Mercato>
    <Ora>22</Ora>
    <Totale>28998</Totale>
    <CNOR>3148</CNOR>
    <CSUD>5253</CSUD>
    <NORD>14842</NORD>
    <SARD>1061</SARD>
    <SICI>2090</SICI>
    <SUD>2604</SUD>
  </marketintervaldetail>
  <marketintervaldetail>
    <Data>20160602</Data>
    <Mercato>MGP</Mercato>
    <Ora>23</Ora>
    <Totale>27917</Totale>
    <CNOR>2985</CNOR>
    <CSUD>4897</CSUD>
    <NORD>14509</NORD>
    <SARD>1001</SARD>
    <SICI>1949</SICI>
    <SUD>2576</SUD>
  </marketintervaldetail>
  <marketintervaldetail>
    <Data>20160602</Data>
    <Mercato>MGP</Mercato>
    <Ora>24</Ora>
    <Totale>25987</Totale>
    <CNOR>2756</CNOR>
    <CSUD>4545</CSUD>
    <NORD>13456</NORD>
    <SARD>968</SARD>
    <SICI>1808</SICI>
    <SUD>2454</SUD>
  </marketintervaldetail>
</NewDataSet>