<?xml version="1.0" standalone="yes"?>
<NewDataSet>
  <xs:schema id="NewDataSet" xmlns="" xmlns:xs="http://www.w3.org/2001/XMLSchema" xmlns:msdata="urn:schemas-microsoft-com:xml-msdata">
    <xs:element name="NewDataSet" msdata:IsDataSet="true" msdata:MainDataTable="marketintervaldetail" msdata:UseCurrentLocale="true">
      <xs:complexType>
        <xs:choice minOccurs="0" maxOccurs="unbounded">
          <xs:element name="marketintervaldetail">
            <xs:complexType>
              <xs:sequence>
                <xs:element name="Data" type="xs:string" minOccurs="0" />
                <xs:element name="Mercato" type="xs:string" minOccurs="0" />
                <xs:element name="Ora" type="xs:string" minOccurs="0" />
                <xs:element name="Totale" type="xs:string" minOccurs="0" />
                <xs:element name="CNOR" type="xs:string" minOccurs="0" />
                <xs:element name="CSUD" type="xs:string" minOccurs="0" />
                <xs:element name="NORD" type="xs:string" minOccurs="0" />
                <xs:element name="SARD" type="xs:string" minOccurs="0" />
                <xs:element name="SICI" type="xs:string" minOccurs="0" />
                <xs:element name="SUD" type="xs:string" minOccurs="0" />
              </xs:sequence>
            </xs:complexType>
          </xs:element>
        </xs:choice>
      </xs:complexType>
    </xs:element>
  </xs:schema>
  <marketintervaldetail>
    <Data>20160613</Data>
    <Mercato>MGP</Mercato>
    <Ora>01</Ora>
    <Totale>24155</Totale>
    <CNOR>2823</CNOR>
    <CSUD>4258</CSUD>
    <NORD>12242</NORD>
    <SARD>858</SARD>
    <SICI>1610</SICI>
    <SUD>2364</SUD>
  </marketintervaldetail>
  <marketintervaldetail>
    <Data>20160613</Data>
    <Mercato>MGP</Mercato>
    <Ora>02</Ora>
    <Totale>22355</Totale>
    <CNOR>2583</CNOR>
    <CSUD>3951</CSUD>
    <NORD>11308</NORD>
    <SARD>814</SARD>
    <SICI>1494</SICI>
    <SUD>2205</SUD>
  </marketintervaldetail>
  <marketintervaldetail>
    <Data>20160613</Data>
    <Mercato>MGP</Mercato>
    <Ora>03</Ora>
    <Totale>21387</Totale>
    <CNOR>2501</CNOR>
    <CSUD>3723</CSUD>
    <NORD>10861</NORD>
    <SARD>793</SARD>
    <SICI>1423</SICI>
    <SUD>2086</SUD>
  </marketintervaldetail>
  <marketintervaldetail>
    <Data>20160613</Data>
    <Mercato>MGP</Mercato>
    <Ora>04</Ora>
    <Totale>20876</Totale>
    <CNOR>2446</CNOR>
    <CSUD>3554</CSUD>
    <NORD>10657</NORD>
    <SARD>783</SARD>
    <SICI>1393</SICI>
    <SUD>2043</SUD>
  </marketintervaldetail>
  <marketintervaldetail>
    <Data>20160613</Data>
    <Mercato>MGP</Mercato>
    <Ora>05</Ora>
    <Totale>20956</Totale>
    <CNOR>2431</CNOR>
    <CSUD>3511</CSUD>
    <NORD>10859</NORD>
    <SARD>786</SARD>
    <SICI>1379</SICI>
    <SUD>1990</SUD>
  </marketintervaldetail>
  <marketintervaldetail>
    <Data>20160613</Data>
    <Mercato>MGP</Mercato>
    <Ora>06</Ora>
    <Totale>21848</Totale>
    <CNOR>2491</CNOR>
    <CSUD>3524</CSUD>
    <NORD>11596</NORD>
    <SARD>801</SARD>
    <SICI>1431</SICI>
    <SUD>2005</SUD>
  </marketintervaldetail>
  <marketintervaldetail>
    <Data>20160613</Data>
    <Mercato>MGP</Mercato>
    <Ora>07</Ora>
    <Totale>25252</Totale>
    <CNOR>2791</CNOR>
    <CSUD>3834</CSUD>
    <NORD>14164</NORD>
    <SARD>826</SARD>
    <SICI>1510</SICI>
    <SUD>2127</SUD>
  </marketintervaldetail>
  <marketintervaldetail>
    <Data>20160613</Data>
    <Mercato>MGP</Mercato>
    <Ora>08</Ora>
    <Totale>30604</Totale>
    <CNOR>3452</CNOR>
    <CSUD>4470</CSUD>
    <NORD>17496</NORD>
    <SARD>926</SARD>
    <SICI>1808</SICI>
    <SUD>2452</SUD>
  </marketintervaldetail>
  <marketintervaldetail>
    <Data>20160613</Data>
    <Mercato>MGP</Mercato>
    <Ora>09</Ora>
    <Totale>36096</Totale>
    <CNOR>4108</CNOR>
    <CSUD>5171</CSUD>
    <NORD>20680</NORD>
    <SARD>1005</SARD>
    <SICI>2193</SICI>
    <SUD>2939</SUD>
  </marketintervaldetail>
  <marketintervaldetail>
    <Data>20160613</Data>
    <Mercato>MGP</Mercato>
    <Ora>10</Ora>
    <Totale>38160</Totale>
    <CNOR>4400</CNOR>
    <CSUD>5460</CSUD>
    <NORD>21945</NORD>
    <SARD>1023</SARD>
    <SICI>2259</SICI>
    <SUD>3073</SUD>
  </marketintervaldetail>
  <marketintervaldetail>
    <Data>20160613</Data>
    <Mercato>MGP</Mercato>
    <Ora>11</Ora>
    <Totale>38735</Totale>
    <CNOR>4337</CNOR>
    <CSUD>5551</CSUD>
    <NORD>22350</NORD>
    <SARD>1050</SARD>
    <SICI>2130</SICI>
    <SUD>3317</SUD>
  </marketintervaldetail>
  <marketintervaldetail>
    <Data>20160613</Data>
    <Mercato>MGP</Mercato>
    <Ora>12</Ora>
    <Totale>39254</Totale>
    <CNOR>4295</CNOR>
    <CSUD>5824</CSUD>
    <NORD>22727</NORD>
    <SARD>1019</SARD>
    <SICI>2109</SICI>
    <SUD>3280</SUD>
  </marketintervaldetail>
  <marketintervaldetail>
    <Data>20160613</Data>
    <Mercato>MGP</Mercato>
    <Ora>13</Ora>
    <Totale>37048</Totale>
    <CNOR>4027</CNOR>
    <CSUD>5845</CSUD>
    <NORD>20887</NORD>
    <SARD>1023</SARD>
    <SICI>2101</SICI>
    <SUD>3165</SUD>
  </marketintervaldetail>
  <marketintervaldetail>
    <Data>20160613</Data>
    <Mercato>MGP</Mercato>
    <Ora>14</Ora>
    <Totale>36287</Totale>
    <CNOR>3807</CNOR>
    <CSUD>5661</CSUD>
    <NORD>20687</NORD>
    <SARD>1000</SARD>
    <SICI>2062</SICI>
    <SUD>3070</SUD>
  </marketintervaldetail>
  <marketintervaldetail>
    <Data>20160613</Data>
    <Mercato>MGP</Mercato>
    <Ora>15</Ora>
    <Totale>37203</Totale>
    <CNOR>4109</CNOR>
    <CSUD>5728</CSUD>
    <NORD>21301</NORD>
    <SARD>1020</SARD>
    <SICI>2052</SICI>
    <SUD>2993</SUD>
  </marketintervaldetail>
  <marketintervaldetail>
    <Data>20160613</Data>
    <Mercato>MGP</Mercato>
    <Ora>16</Ora>
    <Totale>38067</Totale>
    <CNOR>4389</CNOR>
    <CSUD>5809</CSUD>
    <NORD>21791</NORD>
    <SARD>1038</SARD>
    <SICI>2108</SICI>
    <SUD>2932</SUD>
  </marketintervaldetail>
  <marketintervaldetail>
    <Data>20160613</Data>
    <Mercato>MGP</Mercato>
    <Ora>17</Ora>
    <Totale>38137</Totale>
    <CNOR>4604</CNOR>
    <CSUD>5604</CSUD>
    <NORD>21634</NORD>
    <SARD>1037</SARD>
    <SICI>2205</SICI>
    <SUD>3053</SUD>
  </marketintervaldetail>
  <marketintervaldetail>
    <Data>20160613</Data>
    <Mercato>MGP</Mercato>
    <Ora>18</Ora>
    <Totale>38143</Totale>
    <CNOR>4785</CNOR>
    <CSUD>5619</CSUD>
    <NORD>21401</NORD>
    <SARD>1074</SARD>
    <SICI>2164</SICI>
    <SUD>3100</SUD>
  </marketintervaldetail>
  <marketintervaldetail>
    <Data>20160613</Data>
    <Mercato>MGP</Mercato>
    <Ora>19</Ora>
    <Totale>37003</Totale>
    <CNOR>4474</CNOR>
    <CSUD>5496</CSUD>
    <NORD>20562</NORD>
    <SARD>1068</SARD>
    <SICI>2176</SICI>
    <SUD>3227</SUD>
  </marketintervaldetail>
  <marketintervaldetail>
    <Data>20160613</Data>
    <Mercato>MGP</Mercato>
    <Ora>20</Ora>
    <Totale>36218</Totale>
    <CNOR>4301</CNOR>
    <CSUD>5560</CSUD>
    <NORD>19930</NORD>
    <SARD>1062</SARD>
    <SICI>2185</SICI>
    <SUD>3180</SUD>
  </marketintervaldetail>
  <marketintervaldetail>
    <Data>20160613</Data>
    <Mercato>MGP</Mercato>
    <Ora>21</Ora>
    <Totale>35643</Totale>
    <CNOR>4057</CNOR>
    <CSUD>5677</CSUD>
    <NORD>19111</NORD>
    <SARD>1095</SARD>
    <SICI>2212</SICI>
    <SUD>3491</SUD>
  </marketintervaldetail>
  <marketintervaldetail>
    <Data>20160613</Data>
    <Mercato>MGP</Mercato>
    <Ora>22</Ora>
    <Totale>35124</Totale>
    <CNOR>3902</CNOR>
    <CSUD>5742</CSUD>
    <NORD>18664</NORD>
    <SARD>1105</SARD>
    <SICI>2287</SICI>
    <SUD>3424</SUD>
  </marketintervaldetail>
  <marketintervaldetail>
    <Data>20160613</Data>
    <Mercato>MGP</Mercato>
    <Ora>23</Ora>
    <Totale>32388</Totale>
    <CNOR>3638</CNOR>
    <CSUD>5477</CSUD>
    <NORD>17127</NORD>
    <SARD>1045</SARD>
    <SICI>2150</SICI>
    <SUD>2951</SUD>
  </marketintervaldetail>
  <marketintervaldetail>
    <Data>20160613</Data>
    <Mercato>MGP</Mercato>
    <Ora>24</Ora>
    <Totale>29022</Totale>
    <CNOR>3278</CNOR>
    <CSUD>4869</CSUD>
    <NORD>15327</NORD>
    <SARD>969</SARD>
    <SICI>1927</SICI>
    <SUD>2652</SUD>
  </marketintervaldetail>
</NewDataSet>