<?xml version="1.0" standalone="yes"?>
<NewDataSet>
  <xs:schema id="NewDataSet" xmlns="" xmlns:xs="http://www.w3.org/2001/XMLSchema" xmlns:msdata="urn:schemas-microsoft-com:xml-msdata">
    <xs:element name="NewDataSet" msdata:IsDataSet="true" msdata:MainDataTable="marketintervaldetail" msdata:UseCurrentLocale="true">
      <xs:complexType>
        <xs:choice minOccurs="0" maxOccurs="unbounded">
          <xs:element name="marketintervaldetail">
            <xs:complexType>
              <xs:sequence>
                <xs:element name="Data" type="xs:string" minOccurs="0" />
                <xs:element name="Mercato" type="xs:string" minOccurs="0" />
                <xs:element name="Ora" type="xs:string" minOccurs="0" />
                <xs:element name="Totale" type="xs:string" minOccurs="0" />
                <xs:element name="CNOR" type="xs:string" minOccurs="0" />
                <xs:element name="CSUD" type="xs:string" minOccurs="0" />
                <xs:element name="NORD" type="xs:string" minOccurs="0" />
                <xs:element name="SARD" type="xs:string" minOccurs="0" />
                <xs:element name="SICI" type="xs:string" minOccurs="0" />
                <xs:element name="SUD" type="xs:string" minOccurs="0" />
              </xs:sequence>
            </xs:complexType>
          </xs:element>
        </xs:choice>
      </xs:complexType>
    </xs:element>
  </xs:schema>
  <marketintervaldetail>
    <Data>20160621</Data>
    <Mercato>MGP</Mercato>
    <Ora>01</Ora>
    <Totale>28507</Totale>
    <CNOR>3220</CNOR>
    <CSUD>4319</CSUD>
    <NORD>15687</NORD>
    <SARD>900</SARD>
    <SICI>1770</SICI>
    <SUD>2611</SUD>
  </marketintervaldetail>
  <marketintervaldetail>
    <Data>20160621</Data>
    <Mercato>MGP</Mercato>
    <Ora>02</Ora>
    <Totale>26440</Totale>
    <CNOR>2968</CNOR>
    <CSUD>3942</CSUD>
    <NORD>14698</NORD>
    <SARD>839</SARD>
    <SICI>1624</SICI>
    <SUD>2369</SUD>
  </marketintervaldetail>
  <marketintervaldetail>
    <Data>20160621</Data>
    <Mercato>MGP</Mercato>
    <Ora>03</Ora>
    <Totale>25400</Totale>
    <CNOR>2858</CNOR>
    <CSUD>3722</CSUD>
    <NORD>14130</NORD>
    <SARD>799</SARD>
    <SICI>1543</SICI>
    <SUD>2348</SUD>
  </marketintervaldetail>
  <marketintervaldetail>
    <Data>20160621</Data>
    <Mercato>MGP</Mercato>
    <Ora>04</Ora>
    <Totale>25202</Totale>
    <CNOR>2818</CNOR>
    <CSUD>3634</CSUD>
    <NORD>14160</NORD>
    <SARD>788</SARD>
    <SICI>1514</SICI>
    <SUD>2288</SUD>
  </marketintervaldetail>
  <marketintervaldetail>
    <Data>20160621</Data>
    <Mercato>MGP</Mercato>
    <Ora>05</Ora>
    <Totale>25361</Totale>
    <CNOR>2849</CNOR>
    <CSUD>3661</CSUD>
    <NORD>14241</NORD>
    <SARD>782</SARD>
    <SICI>1512</SICI>
    <SUD>2316</SUD>
  </marketintervaldetail>
  <marketintervaldetail>
    <Data>20160621</Data>
    <Mercato>MGP</Mercato>
    <Ora>06</Ora>
    <Totale>25258</Totale>
    <CNOR>2769</CNOR>
    <CSUD>3651</CSUD>
    <NORD>14368</NORD>
    <SARD>762</SARD>
    <SICI>1455</SICI>
    <SUD>2253</SUD>
  </marketintervaldetail>
  <marketintervaldetail>
    <Data>20160621</Data>
    <Mercato>MGP</Mercato>
    <Ora>07</Ora>
    <Totale>27739</Totale>
    <CNOR>3006</CNOR>
    <CSUD>3930</CSUD>
    <NORD>16129</NORD>
    <SARD>801</SARD>
    <SICI>1513</SICI>
    <SUD>2360</SUD>
  </marketintervaldetail>
  <marketintervaldetail>
    <Data>20160621</Data>
    <Mercato>MGP</Mercato>
    <Ora>08</Ora>
    <Totale>33098</Totale>
    <CNOR>3572</CNOR>
    <CSUD>4567</CSUD>
    <NORD>19399</NORD>
    <SARD>882</SARD>
    <SICI>1799</SICI>
    <SUD>2879</SUD>
  </marketintervaldetail>
  <marketintervaldetail>
    <Data>20160621</Data>
    <Mercato>MGP</Mercato>
    <Ora>09</Ora>
    <Totale>37986</Totale>
    <CNOR>4093</CNOR>
    <CSUD>5153</CSUD>
    <NORD>22695</NORD>
    <SARD>974</SARD>
    <SICI>1964</SICI>
    <SUD>3107</SUD>
  </marketintervaldetail>
  <marketintervaldetail>
    <Data>20160621</Data>
    <Mercato>MGP</Mercato>
    <Ora>10</Ora>
    <Totale>40503</Totale>
    <CNOR>4331</CNOR>
    <CSUD>5648</CSUD>
    <NORD>24261</NORD>
    <SARD>1010</SARD>
    <SICI>2045</SICI>
    <SUD>3208</SUD>
  </marketintervaldetail>
  <marketintervaldetail>
    <Data>20160621</Data>
    <Mercato>MGP</Mercato>
    <Ora>11</Ora>
    <Totale>41091</Totale>
    <CNOR>4581</CNOR>
    <CSUD>5935</CSUD>
    <NORD>24267</NORD>
    <SARD>1003</SARD>
    <SICI>2095</SICI>
    <SUD>3210</SUD>
  </marketintervaldetail>
  <marketintervaldetail>
    <Data>20160621</Data>
    <Mercato>MGP</Mercato>
    <Ora>12</Ora>
    <Totale>41057</Totale>
    <CNOR>4615</CNOR>
    <CSUD>5942</CSUD>
    <NORD>24089</NORD>
    <SARD>983</SARD>
    <SICI>2093</SICI>
    <SUD>3335</SUD>
  </marketintervaldetail>
  <marketintervaldetail>
    <Data>20160621</Data>
    <Mercato>MGP</Mercato>
    <Ora>13</Ora>
    <Totale>38833</Totale>
    <CNOR>4469</CNOR>
    <CSUD>6001</CSUD>
    <NORD>22196</NORD>
    <SARD>982</SARD>
    <SICI>2086</SICI>
    <SUD>3099</SUD>
  </marketintervaldetail>
  <marketintervaldetail>
    <Data>20160621</Data>
    <Mercato>MGP</Mercato>
    <Ora>14</Ora>
    <Totale>37899</Totale>
    <CNOR>4370</CNOR>
    <CSUD>6041</CSUD>
    <NORD>21674</NORD>
    <SARD>957</SARD>
    <SICI>2008</SICI>
    <SUD>2849</SUD>
  </marketintervaldetail>
  <marketintervaldetail>
    <Data>20160621</Data>
    <Mercato>MGP</Mercato>
    <Ora>15</Ora>
    <Totale>39163</Totale>
    <CNOR>4958</CNOR>
    <CSUD>6016</CSUD>
    <NORD>22328</NORD>
    <SARD>883</SARD>
    <SICI>1991</SICI>
    <SUD>2987</SUD>
  </marketintervaldetail>
  <marketintervaldetail>
    <Data>20160621</Data>
    <Mercato>MGP</Mercato>
    <Ora>16</Ora>
    <Totale>39744</Totale>
    <CNOR>5207</CNOR>
    <CSUD>6032</CSUD>
    <NORD>22808</NORD>
    <SARD>891</SARD>
    <SICI>1874</SICI>
    <SUD>2932</SUD>
  </marketintervaldetail>
  <marketintervaldetail>
    <Data>20160621</Data>
    <Mercato>MGP</Mercato>
    <Ora>17</Ora>
    <Totale>40122</Totale>
    <CNOR>5159</CNOR>
    <CSUD>6079</CSUD>
    <NORD>23032</NORD>
    <SARD>941</SARD>
    <SICI>1969</SICI>
    <SUD>2942</SUD>
  </marketintervaldetail>
  <marketintervaldetail>
    <Data>20160621</Data>
    <Mercato>MGP</Mercato>
    <Ora>18</Ora>
    <Totale>39906</Totale>
    <CNOR>4837</CNOR>
    <CSUD>6085</CSUD>
    <NORD>22515</NORD>
    <SARD>1011</SARD>
    <SICI>2230</SICI>
    <SUD>3228</SUD>
  </marketintervaldetail>
  <marketintervaldetail>
    <Data>20160621</Data>
    <Mercato>MGP</Mercato>
    <Ora>19</Ora>
    <Totale>38505</Totale>
    <CNOR>4533</CNOR>
    <CSUD>5890</CSUD>
    <NORD>21503</NORD>
    <SARD>1048</SARD>
    <SICI>2238</SICI>
    <SUD>3293</SUD>
  </marketintervaldetail>
  <marketintervaldetail>
    <Data>20160621</Data>
    <Mercato>MGP</Mercato>
    <Ora>20</Ora>
    <Totale>38224</Totale>
    <CNOR>4279</CNOR>
    <CSUD>5813</CSUD>
    <NORD>21382</NORD>
    <SARD>1113</SARD>
    <SICI>2279</SICI>
    <SUD>3358</SUD>
  </marketintervaldetail>
  <marketintervaldetail>
    <Data>20160621</Data>
    <Mercato>MGP</Mercato>
    <Ora>21</Ora>
    <Totale>37898</Totale>
    <CNOR>4035</CNOR>
    <CSUD>5858</CSUD>
    <NORD>21067</NORD>
    <SARD>1148</SARD>
    <SICI>2306</SICI>
    <SUD>3484</SUD>
  </marketintervaldetail>
  <marketintervaldetail>
    <Data>20160621</Data>
    <Mercato>MGP</Mercato>
    <Ora>22</Ora>
    <Totale>37857</Totale>
    <CNOR>3969</CNOR>
    <CSUD>5969</CSUD>
    <NORD>20817</NORD>
    <SARD>1149</SARD>
    <SICI>2337</SICI>
    <SUD>3616</SUD>
  </marketintervaldetail>
  <marketintervaldetail>
    <Data>20160621</Data>
    <Mercato>MGP</Mercato>
    <Ora>23</Ora>
    <Totale>35310</Totale>
    <CNOR>3706</CNOR>
    <CSUD>5581</CSUD>
    <NORD>19475</NORD>
    <SARD>1076</SARD>
    <SICI>2173</SICI>
    <SUD>3299</SUD>
  </marketintervaldetail>
  <marketintervaldetail>
    <Data>20160621</Data>
    <Mercato>MGP</Mercato>
    <Ora>24</Ora>
    <Totale>31898</Totale>
    <CNOR>3504</CNOR>
    <CSUD>5006</CSUD>
    <NORD>17410</NORD>
    <SARD>992</SARD>
    <SICI>1974</SICI>
    <SUD>3012</SUD>
  </marketintervaldetail>
</NewDataSet>