<?xml version="1.0" standalone="yes"?>
<NewDataSet>
  <xs:schema id="NewDataSet" xmlns="" xmlns:xs="http://www.w3.org/2001/XMLSchema" xmlns:msdata="urn:schemas-microsoft-com:xml-msdata">
    <xs:element name="NewDataSet" msdata:IsDataSet="true" msdata:MainDataTable="marketintervaldetail" msdata:UseCurrentLocale="true">
      <xs:complexType>
        <xs:choice minOccurs="0" maxOccurs="unbounded">
          <xs:element name="marketintervaldetail">
            <xs:complexType>
              <xs:sequence>
                <xs:element name="Data" type="xs:string" minOccurs="0" />
                <xs:element name="Mercato" type="xs:string" minOccurs="0" />
                <xs:element name="Ora" type="xs:string" minOccurs="0" />
                <xs:element name="Totale" type="xs:string" minOccurs="0" />
                <xs:element name="CNOR" type="xs:string" minOccurs="0" />
                <xs:element name="CSUD" type="xs:string" minOccurs="0" />
                <xs:element name="NORD" type="xs:string" minOccurs="0" />
                <xs:element name="SARD" type="xs:string" minOccurs="0" />
                <xs:element name="SICI" type="xs:string" minOccurs="0" />
                <xs:element name="SUD" type="xs:string" minOccurs="0" />
              </xs:sequence>
            </xs:complexType>
          </xs:element>
        </xs:choice>
      </xs:complexType>
    </xs:element>
  </xs:schema>
  <marketintervaldetail>
    <Data>20160627</Data>
    <Mercato>MGP</Mercato>
    <Ora>01</Ora>
    <Totale>25468</Totale>
    <CNOR>2681</CNOR>
    <CSUD>4268</CSUD>
    <NORD>13290</NORD>
    <SARD>882</SARD>
    <SICI>1779</SICI>
    <SUD>2568</SUD>
  </marketintervaldetail>
  <marketintervaldetail>
    <Data>20160627</Data>
    <Mercato>MGP</Mercato>
    <Ora>02</Ora>
    <Totale>23865</Totale>
    <CNOR>2515</CNOR>
    <CSUD>3949</CSUD>
    <NORD>12555</NORD>
    <SARD>835</SARD>
    <SICI>1637</SICI>
    <SUD>2374</SUD>
  </marketintervaldetail>
  <marketintervaldetail>
    <Data>20160627</Data>
    <Mercato>MGP</Mercato>
    <Ora>03</Ora>
    <Totale>22984</Totale>
    <CNOR>2405</CNOR>
    <CSUD>3773</CSUD>
    <NORD>12203</NORD>
    <SARD>806</SARD>
    <SICI>1564</SICI>
    <SUD>2233</SUD>
  </marketintervaldetail>
  <marketintervaldetail>
    <Data>20160627</Data>
    <Mercato>MGP</Mercato>
    <Ora>04</Ora>
    <Totale>22576</Totale>
    <CNOR>2320</CNOR>
    <CSUD>3681</CSUD>
    <NORD>12060</NORD>
    <SARD>792</SARD>
    <SICI>1536</SICI>
    <SUD>2187</SUD>
  </marketintervaldetail>
  <marketintervaldetail>
    <Data>20160627</Data>
    <Mercato>MGP</Mercato>
    <Ora>05</Ora>
    <Totale>22871</Totale>
    <CNOR>2356</CNOR>
    <CSUD>3674</CSUD>
    <NORD>12307</NORD>
    <SARD>793</SARD>
    <SICI>1527</SICI>
    <SUD>2214</SUD>
  </marketintervaldetail>
  <marketintervaldetail>
    <Data>20160627</Data>
    <Mercato>MGP</Mercato>
    <Ora>06</Ora>
    <Totale>23847</Totale>
    <CNOR>2424</CNOR>
    <CSUD>3707</CSUD>
    <NORD>13250</NORD>
    <SARD>814</SARD>
    <SICI>1517</SICI>
    <SUD>2135</SUD>
  </marketintervaldetail>
  <marketintervaldetail>
    <Data>20160627</Data>
    <Mercato>MGP</Mercato>
    <Ora>07</Ora>
    <Totale>27195</Totale>
    <CNOR>2777</CNOR>
    <CSUD>4046</CSUD>
    <NORD>15721</NORD>
    <SARD>855</SARD>
    <SICI>1558</SICI>
    <SUD>2238</SUD>
  </marketintervaldetail>
  <marketintervaldetail>
    <Data>20160627</Data>
    <Mercato>MGP</Mercato>
    <Ora>08</Ora>
    <Totale>32688</Totale>
    <CNOR>3402</CNOR>
    <CSUD>4860</CSUD>
    <NORD>19098</NORD>
    <SARD>962</SARD>
    <SICI>1772</SICI>
    <SUD>2594</SUD>
  </marketintervaldetail>
  <marketintervaldetail>
    <Data>20160627</Data>
    <Mercato>MGP</Mercato>
    <Ora>09</Ora>
    <Totale>38011</Totale>
    <CNOR>4061</CNOR>
    <CSUD>5789</CSUD>
    <NORD>22116</NORD>
    <SARD>1045</SARD>
    <SICI>2022</SICI>
    <SUD>2978</SUD>
  </marketintervaldetail>
  <marketintervaldetail>
    <Data>20160627</Data>
    <Mercato>MGP</Mercato>
    <Ora>10</Ora>
    <Totale>40403</Totale>
    <CNOR>4341</CNOR>
    <CSUD>6251</CSUD>
    <NORD>23585</NORD>
    <SARD>1059</SARD>
    <SICI>2096</SICI>
    <SUD>3071</SUD>
  </marketintervaldetail>
  <marketintervaldetail>
    <Data>20160627</Data>
    <Mercato>MGP</Mercato>
    <Ora>11</Ora>
    <Totale>41164</Totale>
    <CNOR>4387</CNOR>
    <CSUD>6373</CSUD>
    <NORD>24192</NORD>
    <SARD>1048</SARD>
    <SICI>2084</SICI>
    <SUD>3080</SUD>
  </marketintervaldetail>
  <marketintervaldetail>
    <Data>20160627</Data>
    <Mercato>MGP</Mercato>
    <Ora>12</Ora>
    <Totale>41535</Totale>
    <CNOR>4523</CNOR>
    <CSUD>6372</CSUD>
    <NORD>24260</NORD>
    <SARD>1082</SARD>
    <SICI>2148</SICI>
    <SUD>3150</SUD>
  </marketintervaldetail>
  <marketintervaldetail>
    <Data>20160627</Data>
    <Mercato>MGP</Mercato>
    <Ora>13</Ora>
    <Totale>39764</Totale>
    <CNOR>4432</CNOR>
    <CSUD>6305</CSUD>
    <NORD>22896</NORD>
    <SARD>1077</SARD>
    <SICI>2183</SICI>
    <SUD>2871</SUD>
  </marketintervaldetail>
  <marketintervaldetail>
    <Data>20160627</Data>
    <Mercato>MGP</Mercato>
    <Ora>14</Ora>
    <Totale>39445</Totale>
    <CNOR>4298</CNOR>
    <CSUD>6164</CSUD>
    <NORD>22969</NORD>
    <SARD>1040</SARD>
    <SICI>2119</SICI>
    <SUD>2855</SUD>
  </marketintervaldetail>
  <marketintervaldetail>
    <Data>20160627</Data>
    <Mercato>MGP</Mercato>
    <Ora>15</Ora>
    <Totale>40538</Totale>
    <CNOR>4768</CNOR>
    <CSUD>6044</CSUD>
    <NORD>23774</NORD>
    <SARD>1011</SARD>
    <SICI>2217</SICI>
    <SUD>2724</SUD>
  </marketintervaldetail>
  <marketintervaldetail>
    <Data>20160627</Data>
    <Mercato>MGP</Mercato>
    <Ora>16</Ora>
    <Totale>41304</Totale>
    <CNOR>4888</CNOR>
    <CSUD>6230</CSUD>
    <NORD>24184</NORD>
    <SARD>972</SARD>
    <SICI>2198</SICI>
    <SUD>2832</SUD>
  </marketintervaldetail>
  <marketintervaldetail>
    <Data>20160627</Data>
    <Mercato>MGP</Mercato>
    <Ora>17</Ora>
    <Totale>41552</Totale>
    <CNOR>4962</CNOR>
    <CSUD>6429</CSUD>
    <NORD>24084</NORD>
    <SARD>972</SARD>
    <SICI>2118</SICI>
    <SUD>2987</SUD>
  </marketintervaldetail>
  <marketintervaldetail>
    <Data>20160627</Data>
    <Mercato>MGP</Mercato>
    <Ora>18</Ora>
    <Totale>40207</Totale>
    <CNOR>4765</CNOR>
    <CSUD>6318</CSUD>
    <NORD>23128</NORD>
    <SARD>986</SARD>
    <SICI>1996</SICI>
    <SUD>3014</SUD>
  </marketintervaldetail>
  <marketintervaldetail>
    <Data>20160627</Data>
    <Mercato>MGP</Mercato>
    <Ora>19</Ora>
    <Totale>39269</Totale>
    <CNOR>4502</CNOR>
    <CSUD>6091</CSUD>
    <NORD>22517</NORD>
    <SARD>1042</SARD>
    <SICI>2053</SICI>
    <SUD>3064</SUD>
  </marketintervaldetail>
  <marketintervaldetail>
    <Data>20160627</Data>
    <Mercato>MGP</Mercato>
    <Ora>20</Ora>
    <Totale>39012</Totale>
    <CNOR>4325</CNOR>
    <CSUD>5910</CSUD>
    <NORD>22454</NORD>
    <SARD>1099</SARD>
    <SICI>2086</SICI>
    <SUD>3138</SUD>
  </marketintervaldetail>
  <marketintervaldetail>
    <Data>20160627</Data>
    <Mercato>MGP</Mercato>
    <Ora>21</Ora>
    <Totale>38462</Totale>
    <CNOR>4092</CNOR>
    <CSUD>5972</CSUD>
    <NORD>21704</NORD>
    <SARD>1136</SARD>
    <SICI>2245</SICI>
    <SUD>3313</SUD>
  </marketintervaldetail>
  <marketintervaldetail>
    <Data>20160627</Data>
    <Mercato>MGP</Mercato>
    <Ora>22</Ora>
    <Totale>38292</Totale>
    <CNOR>4109</CNOR>
    <CSUD>5909</CSUD>
    <NORD>21323</NORD>
    <SARD>1135</SARD>
    <SICI>2283</SICI>
    <SUD>3533</SUD>
  </marketintervaldetail>
  <marketintervaldetail>
    <Data>20160627</Data>
    <Mercato>MGP</Mercato>
    <Ora>23</Ora>
    <Totale>36029</Totale>
    <CNOR>4032</CNOR>
    <CSUD>5540</CSUD>
    <NORD>20041</NORD>
    <SARD>1088</SARD>
    <SICI>2160</SICI>
    <SUD>3168</SUD>
  </marketintervaldetail>
  <marketintervaldetail>
    <Data>20160627</Data>
    <Mercato>MGP</Mercato>
    <Ora>24</Ora>
    <Totale>32476</Totale>
    <CNOR>3584</CNOR>
    <CSUD>4977</CSUD>
    <NORD>17963</NORD>
    <SARD>993</SARD>
    <SICI>1964</SICI>
    <SUD>2995</SUD>
  </marketintervaldetail>
</NewDataSet>