<?xml version="1.0" standalone="yes"?>
<NewDataSet>
  <xs:schema id="NewDataSet" xmlns="" xmlns:xs="http://www.w3.org/2001/XMLSchema" xmlns:msdata="urn:schemas-microsoft-com:xml-msdata">
    <xs:element name="NewDataSet" msdata:IsDataSet="true" msdata:MainDataTable="marketintervaldetail" msdata:UseCurrentLocale="true">
      <xs:complexType>
        <xs:choice minOccurs="0" maxOccurs="unbounded">
          <xs:element name="marketintervaldetail">
            <xs:complexType>
              <xs:sequence>
                <xs:element name="Data" type="xs:string" minOccurs="0" />
                <xs:element name="Mercato" type="xs:string" minOccurs="0" />
                <xs:element name="Ora" type="xs:string" minOccurs="0" />
                <xs:element name="Totale" type="xs:string" minOccurs="0" />
                <xs:element name="CNOR" type="xs:string" minOccurs="0" />
                <xs:element name="CSUD" type="xs:string" minOccurs="0" />
                <xs:element name="NORD" type="xs:string" minOccurs="0" />
                <xs:element name="SARD" type="xs:string" minOccurs="0" />
                <xs:element name="SICI" type="xs:string" minOccurs="0" />
                <xs:element name="SUD" type="xs:string" minOccurs="0" />
              </xs:sequence>
            </xs:complexType>
          </xs:element>
        </xs:choice>
      </xs:complexType>
    </xs:element>
  </xs:schema>
  <marketintervaldetail>
    <Data>20160625</Data>
    <Mercato>MGP</Mercato>
    <Ora>01</Ora>
    <Totale>30838</Totale>
    <CNOR>2940</CNOR>
    <CSUD>4722</CSUD>
    <NORD>17682</NORD>
    <SARD>921</SARD>
    <SICI>1786</SICI>
    <SUD>2787</SUD>
  </marketintervaldetail>
  <marketintervaldetail>
    <Data>20160625</Data>
    <Mercato>MGP</Mercato>
    <Ora>02</Ora>
    <Totale>28479</Totale>
    <CNOR>2710</CNOR>
    <CSUD>4312</CSUD>
    <NORD>16324</NORD>
    <SARD>867</SARD>
    <SICI>1659</SICI>
    <SUD>2607</SUD>
  </marketintervaldetail>
  <marketintervaldetail>
    <Data>20160625</Data>
    <Mercato>MGP</Mercato>
    <Ora>03</Ora>
    <Totale>27127</Totale>
    <CNOR>2632</CNOR>
    <CSUD>4037</CSUD>
    <NORD>15530</NORD>
    <SARD>830</SARD>
    <SICI>1580</SICI>
    <SUD>2518</SUD>
  </marketintervaldetail>
  <marketintervaldetail>
    <Data>20160625</Data>
    <Mercato>MGP</Mercato>
    <Ora>04</Ora>
    <Totale>26360</Totale>
    <CNOR>2535</CNOR>
    <CSUD>3932</CSUD>
    <NORD>15112</NORD>
    <SARD>818</SARD>
    <SICI>1528</SICI>
    <SUD>2435</SUD>
  </marketintervaldetail>
  <marketintervaldetail>
    <Data>20160625</Data>
    <Mercato>MGP</Mercato>
    <Ora>05</Ora>
    <Totale>25938</Totale>
    <CNOR>2435</CNOR>
    <CSUD>3934</CSUD>
    <NORD>14883</NORD>
    <SARD>808</SARD>
    <SICI>1507</SICI>
    <SUD>2371</SUD>
  </marketintervaldetail>
  <marketintervaldetail>
    <Data>20160625</Data>
    <Mercato>MGP</Mercato>
    <Ora>06</Ora>
    <Totale>25558</Totale>
    <CNOR>2397</CNOR>
    <CSUD>3781</CSUD>
    <NORD>14657</NORD>
    <SARD>823</SARD>
    <SICI>1552</SICI>
    <SUD>2348</SUD>
  </marketintervaldetail>
  <marketintervaldetail>
    <Data>20160625</Data>
    <Mercato>MGP</Mercato>
    <Ora>07</Ora>
    <Totale>25887</Totale>
    <CNOR>2355</CNOR>
    <CSUD>3821</CSUD>
    <NORD>14924</NORD>
    <SARD>832</SARD>
    <SICI>1589</SICI>
    <SUD>2366</SUD>
  </marketintervaldetail>
  <marketintervaldetail>
    <Data>20160625</Data>
    <Mercato>MGP</Mercato>
    <Ora>08</Ora>
    <Totale>28633</Totale>
    <CNOR>2651</CNOR>
    <CSUD>4348</CSUD>
    <NORD>16370</NORD>
    <SARD>902</SARD>
    <SICI>1752</SICI>
    <SUD>2610</SUD>
  </marketintervaldetail>
  <marketintervaldetail>
    <Data>20160625</Data>
    <Mercato>MGP</Mercato>
    <Ora>09</Ora>
    <Totale>32005</Totale>
    <CNOR>2937</CNOR>
    <CSUD>5060</CSUD>
    <NORD>18189</NORD>
    <SARD>964</SARD>
    <SICI>1997</SICI>
    <SUD>2858</SUD>
  </marketintervaldetail>
  <marketintervaldetail>
    <Data>20160625</Data>
    <Mercato>MGP</Mercato>
    <Ora>10</Ora>
    <Totale>34459</Totale>
    <CNOR>3296</CNOR>
    <CSUD>5557</CSUD>
    <NORD>19406</NORD>
    <SARD>992</SARD>
    <SICI>2179</SICI>
    <SUD>3029</SUD>
  </marketintervaldetail>
  <marketintervaldetail>
    <Data>20160625</Data>
    <Mercato>MGP</Mercato>
    <Ora>11</Ora>
    <Totale>34934</Totale>
    <CNOR>3391</CNOR>
    <CSUD>5716</CSUD>
    <NORD>19627</NORD>
    <SARD>984</SARD>
    <SICI>2116</SICI>
    <SUD>3100</SUD>
  </marketintervaldetail>
  <marketintervaldetail>
    <Data>20160625</Data>
    <Mercato>MGP</Mercato>
    <Ora>12</Ora>
    <Totale>34611</Totale>
    <CNOR>3352</CNOR>
    <CSUD>5505</CSUD>
    <NORD>19242</NORD>
    <SARD>957</SARD>
    <SICI>2242</SICI>
    <SUD>3313</SUD>
  </marketintervaldetail>
  <marketintervaldetail>
    <Data>20160625</Data>
    <Mercato>MGP</Mercato>
    <Ora>13</Ora>
    <Totale>33528</Totale>
    <CNOR>3357</CNOR>
    <CSUD>5518</CSUD>
    <NORD>18186</NORD>
    <SARD>962</SARD>
    <SICI>2204</SICI>
    <SUD>3301</SUD>
  </marketintervaldetail>
  <marketintervaldetail>
    <Data>20160625</Data>
    <Mercato>MGP</Mercato>
    <Ora>14</Ora>
    <Totale>32287</Totale>
    <CNOR>3412</CNOR>
    <CSUD>5451</CSUD>
    <NORD>17215</NORD>
    <SARD>952</SARD>
    <SICI>2151</SICI>
    <SUD>3106</SUD>
  </marketintervaldetail>
  <marketintervaldetail>
    <Data>20160625</Data>
    <Mercato>MGP</Mercato>
    <Ora>15</Ora>
    <Totale>31711</Totale>
    <CNOR>3399</CNOR>
    <CSUD>5431</CSUD>
    <NORD>16918</NORD>
    <SARD>906</SARD>
    <SICI>2143</SICI>
    <SUD>2914</SUD>
  </marketintervaldetail>
  <marketintervaldetail>
    <Data>20160625</Data>
    <Mercato>MGP</Mercato>
    <Ora>16</Ora>
    <Totale>31421</Totale>
    <CNOR>3260</CNOR>
    <CSUD>5456</CSUD>
    <NORD>16825</NORD>
    <SARD>879</SARD>
    <SICI>2095</SICI>
    <SUD>2906</SUD>
  </marketintervaldetail>
  <marketintervaldetail>
    <Data>20160625</Data>
    <Mercato>MGP</Mercato>
    <Ora>17</Ora>
    <Totale>32036</Totale>
    <CNOR>3302</CNOR>
    <CSUD>5552</CSUD>
    <NORD>17196</NORD>
    <SARD>888</SARD>
    <SICI>2089</SICI>
    <SUD>3009</SUD>
  </marketintervaldetail>
  <marketintervaldetail>
    <Data>20160625</Data>
    <Mercato>MGP</Mercato>
    <Ora>18</Ora>
    <Totale>32709</Totale>
    <CNOR>3228</CNOR>
    <CSUD>5613</CSUD>
    <NORD>17869</NORD>
    <SARD>940</SARD>
    <SICI>1989</SICI>
    <SUD>3070</SUD>
  </marketintervaldetail>
  <marketintervaldetail>
    <Data>20160625</Data>
    <Mercato>MGP</Mercato>
    <Ora>19</Ora>
    <Totale>33793</Totale>
    <CNOR>3176</CNOR>
    <CSUD>5619</CSUD>
    <NORD>18799</NORD>
    <SARD>1022</SARD>
    <SICI>2034</SICI>
    <SUD>3143</SUD>
  </marketintervaldetail>
  <marketintervaldetail>
    <Data>20160625</Data>
    <Mercato>MGP</Mercato>
    <Ora>20</Ora>
    <Totale>34533</Totale>
    <CNOR>3162</CNOR>
    <CSUD>5670</CSUD>
    <NORD>19280</NORD>
    <SARD>1075</SARD>
    <SICI>2064</SICI>
    <SUD>3282</SUD>
  </marketintervaldetail>
  <marketintervaldetail>
    <Data>20160625</Data>
    <Mercato>MGP</Mercato>
    <Ora>21</Ora>
    <Totale>33755</Totale>
    <CNOR>3035</CNOR>
    <CSUD>5601</CSUD>
    <NORD>18491</NORD>
    <SARD>1105</SARD>
    <SICI>2215</SICI>
    <SUD>3308</SUD>
  </marketintervaldetail>
  <marketintervaldetail>
    <Data>20160625</Data>
    <Mercato>MGP</Mercato>
    <Ora>22</Ora>
    <Totale>33861</Totale>
    <CNOR>3100</CNOR>
    <CSUD>5629</CSUD>
    <NORD>18374</NORD>
    <SARD>1116</SARD>
    <SICI>2207</SICI>
    <SUD>3435</SUD>
  </marketintervaldetail>
  <marketintervaldetail>
    <Data>20160625</Data>
    <Mercato>MGP</Mercato>
    <Ora>23</Ora>
    <Totale>32229</Totale>
    <CNOR>3022</CNOR>
    <CSUD>5282</CSUD>
    <NORD>17577</NORD>
    <SARD>1069</SARD>
    <SICI>2075</SICI>
    <SUD>3204</SUD>
  </marketintervaldetail>
  <marketintervaldetail>
    <Data>20160625</Data>
    <Mercato>MGP</Mercato>
    <Ora>24</Ora>
    <Totale>30220</Totale>
    <CNOR>2842</CNOR>
    <CSUD>4885</CSUD>
    <NORD>16616</NORD>
    <SARD>998</SARD>
    <SICI>1923</SICI>
    <SUD>2956</SUD>
  </marketintervaldetail>
</NewDataSet>