<?xml version="1.0" standalone="yes"?>
<NewDataSet>
  <xs:schema id="NewDataSet" xmlns="" xmlns:xs="http://www.w3.org/2001/XMLSchema" xmlns:msdata="urn:schemas-microsoft-com:xml-msdata">
    <xs:element name="NewDataSet" msdata:IsDataSet="true" msdata:MainDataTable="marketintervaldetail" msdata:UseCurrentLocale="true">
      <xs:complexType>
        <xs:choice minOccurs="0" maxOccurs="unbounded">
          <xs:element name="marketintervaldetail">
            <xs:complexType>
              <xs:sequence>
                <xs:element name="Data" type="xs:string" minOccurs="0" />
                <xs:element name="Mercato" type="xs:string" minOccurs="0" />
                <xs:element name="Ora" type="xs:string" minOccurs="0" />
                <xs:element name="Totale" type="xs:string" minOccurs="0" />
                <xs:element name="CNOR" type="xs:string" minOccurs="0" />
                <xs:element name="CSUD" type="xs:string" minOccurs="0" />
                <xs:element name="NORD" type="xs:string" minOccurs="0" />
                <xs:element name="SARD" type="xs:string" minOccurs="0" />
                <xs:element name="SICI" type="xs:string" minOccurs="0" />
                <xs:element name="SUD" type="xs:string" minOccurs="0" />
              </xs:sequence>
            </xs:complexType>
          </xs:element>
        </xs:choice>
      </xs:complexType>
    </xs:element>
  </xs:schema>
  <marketintervaldetail>
    <Data>20160619</Data>
    <Mercato>MGP</Mercato>
    <Ora>01</Ora>
    <Totale>25928</Totale>
    <CNOR>2862</CNOR>
    <CSUD>4379</CSUD>
    <NORD>13596</NORD>
    <SARD>923</SARD>
    <SICI>1778</SICI>
    <SUD>2390</SUD>
  </marketintervaldetail>
  <marketintervaldetail>
    <Data>20160619</Data>
    <Mercato>MGP</Mercato>
    <Ora>02</Ora>
    <Totale>24028</Totale>
    <CNOR>2676</CNOR>
    <CSUD>4138</CSUD>
    <NORD>12493</NORD>
    <SARD>877</SARD>
    <SICI>1641</SICI>
    <SUD>2203</SUD>
  </marketintervaldetail>
  <marketintervaldetail>
    <Data>20160619</Data>
    <Mercato>MGP</Mercato>
    <Ora>03</Ora>
    <Totale>22920</Totale>
    <CNOR>2616</CNOR>
    <CSUD>3931</CSUD>
    <NORD>11969</NORD>
    <SARD>836</SARD>
    <SICI>1513</SICI>
    <SUD>2055</SUD>
  </marketintervaldetail>
  <marketintervaldetail>
    <Data>20160619</Data>
    <Mercato>MGP</Mercato>
    <Ora>04</Ora>
    <Totale>22225</Totale>
    <CNOR>2504</CNOR>
    <CSUD>3772</CSUD>
    <NORD>11618</NORD>
    <SARD>818</SARD>
    <SICI>1502</SICI>
    <SUD>2011</SUD>
  </marketintervaldetail>
  <marketintervaldetail>
    <Data>20160619</Data>
    <Mercato>MGP</Mercato>
    <Ora>05</Ora>
    <Totale>21967</Totale>
    <CNOR>2419</CNOR>
    <CSUD>3727</CSUD>
    <NORD>11585</NORD>
    <SARD>816</SARD>
    <SICI>1418</SICI>
    <SUD>2002</SUD>
  </marketintervaldetail>
  <marketintervaldetail>
    <Data>20160619</Data>
    <Mercato>MGP</Mercato>
    <Ora>06</Ora>
    <Totale>21194</Totale>
    <CNOR>2281</CNOR>
    <CSUD>3558</CSUD>
    <NORD>11314</NORD>
    <SARD>793</SARD>
    <SICI>1373</SICI>
    <SUD>1875</SUD>
  </marketintervaldetail>
  <marketintervaldetail>
    <Data>20160619</Data>
    <Mercato>MGP</Mercato>
    <Ora>07</Ora>
    <Totale>20550</Totale>
    <CNOR>2249</CNOR>
    <CSUD>3399</CSUD>
    <NORD>10939</NORD>
    <SARD>778</SARD>
    <SICI>1335</SICI>
    <SUD>1850</SUD>
  </marketintervaldetail>
  <marketintervaldetail>
    <Data>20160619</Data>
    <Mercato>MGP</Mercato>
    <Ora>08</Ora>
    <Totale>21672</Totale>
    <CNOR>2373</CNOR>
    <CSUD>3629</CSUD>
    <NORD>11471</NORD>
    <SARD>820</SARD>
    <SICI>1464</SICI>
    <SUD>1915</SUD>
  </marketintervaldetail>
  <marketintervaldetail>
    <Data>20160619</Data>
    <Mercato>MGP</Mercato>
    <Ora>09</Ora>
    <Totale>23151</Totale>
    <CNOR>2497</CNOR>
    <CSUD>3990</CSUD>
    <NORD>12144</NORD>
    <SARD>851</SARD>
    <SICI>1632</SICI>
    <SUD>2037</SUD>
  </marketintervaldetail>
  <marketintervaldetail>
    <Data>20160619</Data>
    <Mercato>MGP</Mercato>
    <Ora>10</Ora>
    <Totale>24906</Totale>
    <CNOR>2723</CNOR>
    <CSUD>4493</CSUD>
    <NORD>12993</NORD>
    <SARD>877</SARD>
    <SICI>1731</SICI>
    <SUD>2089</SUD>
  </marketintervaldetail>
  <marketintervaldetail>
    <Data>20160619</Data>
    <Mercato>MGP</Mercato>
    <Ora>11</Ora>
    <Totale>26296</Totale>
    <CNOR>2873</CNOR>
    <CSUD>4771</CSUD>
    <NORD>13659</NORD>
    <SARD>868</SARD>
    <SICI>1833</SICI>
    <SUD>2292</SUD>
  </marketintervaldetail>
  <marketintervaldetail>
    <Data>20160619</Data>
    <Mercato>MGP</Mercato>
    <Ora>12</Ora>
    <Totale>27188</Totale>
    <CNOR>2890</CNOR>
    <CSUD>4965</CSUD>
    <NORD>14225</NORD>
    <SARD>864</SARD>
    <SICI>1899</SICI>
    <SUD>2345</SUD>
  </marketintervaldetail>
  <marketintervaldetail>
    <Data>20160619</Data>
    <Mercato>MGP</Mercato>
    <Ora>13</Ora>
    <Totale>26534</Totale>
    <CNOR>2899</CNOR>
    <CSUD>5025</CSUD>
    <NORD>13789</NORD>
    <SARD>815</SARD>
    <SICI>1850</SICI>
    <SUD>2156</SUD>
  </marketintervaldetail>
  <marketintervaldetail>
    <Data>20160619</Data>
    <Mercato>MGP</Mercato>
    <Ora>14</Ora>
    <Totale>24636</Totale>
    <CNOR>2763</CNOR>
    <CSUD>4829</CSUD>
    <NORD>12601</NORD>
    <SARD>791</SARD>
    <SICI>1617</SICI>
    <SUD>2035</SUD>
  </marketintervaldetail>
  <marketintervaldetail>
    <Data>20160619</Data>
    <Mercato>MGP</Mercato>
    <Ora>15</Ora>
    <Totale>24220</Totale>
    <CNOR>2856</CNOR>
    <CSUD>4760</CSUD>
    <NORD>12176</NORD>
    <SARD>762</SARD>
    <SICI>1550</SICI>
    <SUD>2116</SUD>
  </marketintervaldetail>
  <marketintervaldetail>
    <Data>20160619</Data>
    <Mercato>MGP</Mercato>
    <Ora>16</Ora>
    <Totale>23972</Totale>
    <CNOR>2959</CNOR>
    <CSUD>4575</CSUD>
    <NORD>12057</NORD>
    <SARD>790</SARD>
    <SICI>1468</SICI>
    <SUD>2123</SUD>
  </marketintervaldetail>
  <marketintervaldetail>
    <Data>20160619</Data>
    <Mercato>MGP</Mercato>
    <Ora>17</Ora>
    <Totale>24591</Totale>
    <CNOR>2904</CNOR>
    <CSUD>4652</CSUD>
    <NORD>12364</NORD>
    <SARD>838</SARD>
    <SICI>1556</SICI>
    <SUD>2277</SUD>
  </marketintervaldetail>
  <marketintervaldetail>
    <Data>20160619</Data>
    <Mercato>MGP</Mercato>
    <Ora>18</Ora>
    <Totale>25628</Totale>
    <CNOR>2902</CNOR>
    <CSUD>4774</CSUD>
    <NORD>12809</NORD>
    <SARD>893</SARD>
    <SICI>1749</SICI>
    <SUD>2501</SUD>
  </marketintervaldetail>
  <marketintervaldetail>
    <Data>20160619</Data>
    <Mercato>MGP</Mercato>
    <Ora>19</Ora>
    <Totale>26450</Totale>
    <CNOR>2908</CNOR>
    <CSUD>4696</CSUD>
    <NORD>13165</NORD>
    <SARD>918</SARD>
    <SICI>1858</SICI>
    <SUD>2905</SUD>
  </marketintervaldetail>
  <marketintervaldetail>
    <Data>20160619</Data>
    <Mercato>MGP</Mercato>
    <Ora>20</Ora>
    <Totale>27514</Totale>
    <CNOR>3127</CNOR>
    <CSUD>4833</CSUD>
    <NORD>13773</NORD>
    <SARD>961</SARD>
    <SICI>1956</SICI>
    <SUD>2864</SUD>
  </marketintervaldetail>
  <marketintervaldetail>
    <Data>20160619</Data>
    <Mercato>MGP</Mercato>
    <Ora>21</Ora>
    <Totale>28073</Totale>
    <CNOR>3113</CNOR>
    <CSUD>4969</CSUD>
    <NORD>13819</NORD>
    <SARD>995</SARD>
    <SICI>2107</SICI>
    <SUD>3070</SUD>
  </marketintervaldetail>
  <marketintervaldetail>
    <Data>20160619</Data>
    <Mercato>MGP</Mercato>
    <Ora>22</Ora>
    <Totale>28829</Totale>
    <CNOR>3203</CNOR>
    <CSUD>5094</CSUD>
    <NORD>14169</NORD>
    <SARD>1008</SARD>
    <SICI>2187</SICI>
    <SUD>3168</SUD>
  </marketintervaldetail>
  <marketintervaldetail>
    <Data>20160619</Data>
    <Mercato>MGP</Mercato>
    <Ora>23</Ora>
    <Totale>28022</Totale>
    <CNOR>3115</CNOR>
    <CSUD>4818</CSUD>
    <NORD>14209</NORD>
    <SARD>978</SARD>
    <SICI>2050</SICI>
    <SUD>2852</SUD>
  </marketintervaldetail>
  <marketintervaldetail>
    <Data>20160619</Data>
    <Mercato>MGP</Mercato>
    <Ora>24</Ora>
    <Totale>26087</Totale>
    <CNOR>2793</CNOR>
    <CSUD>4414</CSUD>
    <NORD>13185</NORD>
    <SARD>920</SARD>
    <SICI>1933</SICI>
    <SUD>2842</SUD>
  </marketintervaldetail>
</NewDataSet>