<?xml version="1.0" standalone="yes"?>
<NewDataSet>
  <xs:schema id="NewDataSet" xmlns="" xmlns:xs="http://www.w3.org/2001/XMLSchema" xmlns:msdata="urn:schemas-microsoft-com:xml-msdata">
    <xs:element name="NewDataSet" msdata:IsDataSet="true" msdata:MainDataTable="marketintervaldetail" msdata:UseCurrentLocale="true">
      <xs:complexType>
        <xs:choice minOccurs="0" maxOccurs="unbounded">
          <xs:element name="marketintervaldetail">
            <xs:complexType>
              <xs:sequence>
                <xs:element name="Data" type="xs:string" minOccurs="0" />
                <xs:element name="Mercato" type="xs:string" minOccurs="0" />
                <xs:element name="Ora" type="xs:string" minOccurs="0" />
                <xs:element name="Totale" type="xs:string" minOccurs="0" />
                <xs:element name="CNOR" type="xs:string" minOccurs="0" />
                <xs:element name="CSUD" type="xs:string" minOccurs="0" />
                <xs:element name="NORD" type="xs:string" minOccurs="0" />
                <xs:element name="SARD" type="xs:string" minOccurs="0" />
                <xs:element name="SICI" type="xs:string" minOccurs="0" />
                <xs:element name="SUD" type="xs:string" minOccurs="0" />
              </xs:sequence>
            </xs:complexType>
          </xs:element>
        </xs:choice>
      </xs:complexType>
    </xs:element>
  </xs:schema>
  <marketintervaldetail>
    <Data>20160605</Data>
    <Mercato>MGP</Mercato>
    <Ora>01</Ora>
    <Totale>23689</Totale>
    <CNOR>2450</CNOR>
    <CSUD>3889</CSUD>
    <NORD>12529</NORD>
    <SARD>901</SARD>
    <SICI>1775</SICI>
    <SUD>2145</SUD>
  </marketintervaldetail>
  <marketintervaldetail>
    <Data>20160605</Data>
    <Mercato>MGP</Mercato>
    <Ora>02</Ora>
    <Totale>22322</Totale>
    <CNOR>2319</CNOR>
    <CSUD>3638</CSUD>
    <NORD>11827</NORD>
    <SARD>856</SARD>
    <SICI>1664</SICI>
    <SUD>2018</SUD>
  </marketintervaldetail>
  <marketintervaldetail>
    <Data>20160605</Data>
    <Mercato>MGP</Mercato>
    <Ora>03</Ora>
    <Totale>21430</Totale>
    <CNOR>2218</CNOR>
    <CSUD>3452</CSUD>
    <NORD>11469</NORD>
    <SARD>825</SARD>
    <SICI>1576</SICI>
    <SUD>1890</SUD>
  </marketintervaldetail>
  <marketintervaldetail>
    <Data>20160605</Data>
    <Mercato>MGP</Mercato>
    <Ora>04</Ora>
    <Totale>21044</Totale>
    <CNOR>2189</CNOR>
    <CSUD>3377</CSUD>
    <NORD>11229</NORD>
    <SARD>805</SARD>
    <SICI>1506</SICI>
    <SUD>1938</SUD>
  </marketintervaldetail>
  <marketintervaldetail>
    <Data>20160605</Data>
    <Mercato>MGP</Mercato>
    <Ora>05</Ora>
    <Totale>21096</Totale>
    <CNOR>2257</CNOR>
    <CSUD>3382</CSUD>
    <NORD>11221</NORD>
    <SARD>796</SARD>
    <SICI>1477</SICI>
    <SUD>1963</SUD>
  </marketintervaldetail>
  <marketintervaldetail>
    <Data>20160605</Data>
    <Mercato>MGP</Mercato>
    <Ora>06</Ora>
    <Totale>20939</Totale>
    <CNOR>2177</CNOR>
    <CSUD>3358</CSUD>
    <NORD>11322</NORD>
    <SARD>795</SARD>
    <SICI>1491</SICI>
    <SUD>1796</SUD>
  </marketintervaldetail>
  <marketintervaldetail>
    <Data>20160605</Data>
    <Mercato>MGP</Mercato>
    <Ora>07</Ora>
    <Totale>20577</Totale>
    <CNOR>2091</CNOR>
    <CSUD>3263</CSUD>
    <NORD>11224</NORD>
    <SARD>778</SARD>
    <SICI>1446</SICI>
    <SUD>1775</SUD>
  </marketintervaldetail>
  <marketintervaldetail>
    <Data>20160605</Data>
    <Mercato>MGP</Mercato>
    <Ora>08</Ora>
    <Totale>21950</Totale>
    <CNOR>2285</CNOR>
    <CSUD>3405</CSUD>
    <NORD>11999</NORD>
    <SARD>812</SARD>
    <SICI>1508</SICI>
    <SUD>1941</SUD>
  </marketintervaldetail>
  <marketintervaldetail>
    <Data>20160605</Data>
    <Mercato>MGP</Mercato>
    <Ora>09</Ora>
    <Totale>24110</Totale>
    <CNOR>2575</CNOR>
    <CSUD>3790</CSUD>
    <NORD>13052</NORD>
    <SARD>850</SARD>
    <SICI>1692</SICI>
    <SUD>2151</SUD>
  </marketintervaldetail>
  <marketintervaldetail>
    <Data>20160605</Data>
    <Mercato>MGP</Mercato>
    <Ora>10</Ora>
    <Totale>25976</Totale>
    <CNOR>2653</CNOR>
    <CSUD>4113</CSUD>
    <NORD>14258</NORD>
    <SARD>833</SARD>
    <SICI>1888</SICI>
    <SUD>2231</SUD>
  </marketintervaldetail>
  <marketintervaldetail>
    <Data>20160605</Data>
    <Mercato>MGP</Mercato>
    <Ora>11</Ora>
    <Totale>27201</Totale>
    <CNOR>2644</CNOR>
    <CSUD>4239</CSUD>
    <NORD>15270</NORD>
    <SARD>881</SARD>
    <SICI>1891</SICI>
    <SUD>2276</SUD>
  </marketintervaldetail>
  <marketintervaldetail>
    <Data>20160605</Data>
    <Mercato>MGP</Mercato>
    <Ora>12</Ora>
    <Totale>28020</Totale>
    <CNOR>3006</CNOR>
    <CSUD>4503</CSUD>
    <NORD>15458</NORD>
    <SARD>904</SARD>
    <SICI>1877</SICI>
    <SUD>2272</SUD>
  </marketintervaldetail>
  <marketintervaldetail>
    <Data>20160605</Data>
    <Mercato>MGP</Mercato>
    <Ora>13</Ora>
    <Totale>27822</Totale>
    <CNOR>3209</CNOR>
    <CSUD>4615</CSUD>
    <NORD>14818</NORD>
    <SARD>901</SARD>
    <SICI>1872</SICI>
    <SUD>2407</SUD>
  </marketintervaldetail>
  <marketintervaldetail>
    <Data>20160605</Data>
    <Mercato>MGP</Mercato>
    <Ora>14</Ora>
    <Totale>25765</Totale>
    <CNOR>2904</CNOR>
    <CSUD>4523</CSUD>
    <NORD>13494</NORD>
    <SARD>858</SARD>
    <SICI>1733</SICI>
    <SUD>2253</SUD>
  </marketintervaldetail>
  <marketintervaldetail>
    <Data>20160605</Data>
    <Mercato>MGP</Mercato>
    <Ora>15</Ora>
    <Totale>25060</Totale>
    <CNOR>3349</CNOR>
    <CSUD>4307</CSUD>
    <NORD>12750</NORD>
    <SARD>859</SARD>
    <SICI>1698</SICI>
    <SUD>2097</SUD>
  </marketintervaldetail>
  <marketintervaldetail>
    <Data>20160605</Data>
    <Mercato>MGP</Mercato>
    <Ora>16</Ora>
    <Totale>23782</Totale>
    <CNOR>3050</CNOR>
    <CSUD>4194</CSUD>
    <NORD>12022</NORD>
    <SARD>871</SARD>
    <SICI>1662</SICI>
    <SUD>1983</SUD>
  </marketintervaldetail>
  <marketintervaldetail>
    <Data>20160605</Data>
    <Mercato>MGP</Mercato>
    <Ora>17</Ora>
    <Totale>23594</Totale>
    <CNOR>2803</CNOR>
    <CSUD>4055</CSUD>
    <NORD>12173</NORD>
    <SARD>854</SARD>
    <SICI>1667</SICI>
    <SUD>2042</SUD>
  </marketintervaldetail>
  <marketintervaldetail>
    <Data>20160605</Data>
    <Mercato>MGP</Mercato>
    <Ora>18</Ora>
    <Totale>24466</Totale>
    <CNOR>2838</CNOR>
    <CSUD>4203</CSUD>
    <NORD>12546</NORD>
    <SARD>849</SARD>
    <SICI>1780</SICI>
    <SUD>2250</SUD>
  </marketintervaldetail>
  <marketintervaldetail>
    <Data>20160605</Data>
    <Mercato>MGP</Mercato>
    <Ora>19</Ora>
    <Totale>25361</Totale>
    <CNOR>2847</CNOR>
    <CSUD>4208</CSUD>
    <NORD>13303</NORD>
    <SARD>871</SARD>
    <SICI>1849</SICI>
    <SUD>2283</SUD>
  </marketintervaldetail>
  <marketintervaldetail>
    <Data>20160605</Data>
    <Mercato>MGP</Mercato>
    <Ora>20</Ora>
    <Totale>26108</Totale>
    <CNOR>2929</CNOR>
    <CSUD>4303</CSUD>
    <NORD>13667</NORD>
    <SARD>911</SARD>
    <SICI>1905</SICI>
    <SUD>2393</SUD>
  </marketintervaldetail>
  <marketintervaldetail>
    <Data>20160605</Data>
    <Mercato>MGP</Mercato>
    <Ora>21</Ora>
    <Totale>27471</Totale>
    <CNOR>3074</CNOR>
    <CSUD>4678</CSUD>
    <NORD>14010</NORD>
    <SARD>973</SARD>
    <SICI>2043</SICI>
    <SUD>2693</SUD>
  </marketintervaldetail>
  <marketintervaldetail>
    <Data>20160605</Data>
    <Mercato>MGP</Mercato>
    <Ora>22</Ora>
    <Totale>28432</Totale>
    <CNOR>3135</CNOR>
    <CSUD>4855</CSUD>
    <NORD>14524</NORD>
    <SARD>1026</SARD>
    <SICI>2100</SICI>
    <SUD>2792</SUD>
  </marketintervaldetail>
  <marketintervaldetail>
    <Data>20160605</Data>
    <Mercato>MGP</Mercato>
    <Ora>23</Ora>
    <Totale>26784</Totale>
    <CNOR>2910</CNOR>
    <CSUD>4581</CSUD>
    <NORD>13702</NORD>
    <SARD>990</SARD>
    <SICI>1982</SICI>
    <SUD>2619</SUD>
  </marketintervaldetail>
  <marketintervaldetail>
    <Data>20160605</Data>
    <Mercato>MGP</Mercato>
    <Ora>24</Ora>
    <Totale>24476</Totale>
    <CNOR>2593</CNOR>
    <CSUD>4109</CSUD>
    <NORD>12608</NORD>
    <SARD>927</SARD>
    <SICI>1805</SICI>
    <SUD>2434</SUD>
  </marketintervaldetail>
</NewDataSet>