<?xml version="1.0" standalone="yes"?>
<NewDataSet>
  <xs:schema id="NewDataSet" xmlns="" xmlns:xs="http://www.w3.org/2001/XMLSchema" xmlns:msdata="urn:schemas-microsoft-com:xml-msdata">
    <xs:element name="NewDataSet" msdata:IsDataSet="true" msdata:UseCurrentLocale="true">
      <xs:complexType>
        <xs:choice minOccurs="0" maxOccurs="unbounded">
          <xs:element name="Prezzi">
            <xs:complexType>
              <xs:sequence>
                <xs:element name="Data" type="xs:string" minOccurs="0" />
                <xs:element name="Mercato" type="xs:string" minOccurs="0" />
                <xs:element name="Ora" type="xs:string" minOccurs="0" />
                <xs:element name="PUN" type="xs:string" minOccurs="0" />
                <xs:element name="NAT" type="xs:string" minOccurs="0" />
                <xs:element name="CNOR" type="xs:string" minOccurs="0" />
                <xs:element name="CSUD" type="xs:string" minOccurs="0" />
                <xs:element name="NORD" type="xs:string" minOccurs="0" />
                <xs:element name="SARD" type="xs:string" minOccurs="0" />
                <xs:element name="SICI" type="xs:string" minOccurs="0" />
                <xs:element name="SUD" type="xs:string" minOccurs="0" />
                <xs:element name="AUST" type="xs:string" minOccurs="0" />
                <xs:element name="BRNN" type="xs:string" minOccurs="0" />
                <xs:element name="COAC" type="xs:string" minOccurs="0" />
                <xs:element name="CORS" type="xs:string" minOccurs="0" />
                <xs:element name="FOGN" type="xs:string" minOccurs="0" />
                <xs:element name="FRAN" type="xs:string" minOccurs="0" />
                <xs:element name="GREC" type="xs:string" minOccurs="0" />
                <xs:element name="MFTV" type="xs:string" minOccurs="0" />
                <xs:element name="PRGP" type="xs:string" minOccurs="0" />
                <xs:element name="ROSN" type="xs:string" minOccurs="0" />
                <xs:element name="SLOV" type="xs:string" minOccurs="0" />
                <xs:element name="SVIZ" type="xs:string" minOccurs="0" />
                <xs:element name="BSP" type="xs:string" minOccurs="0" />
              </xs:sequence>
            </xs:complexType>
          </xs:element>
        </xs:choice>
      </xs:complexType>
    </xs:element>
  </xs:schema>
  <Prezzi>
    <Data>20141030</Data>
    <Mercato>MGP</Mercato>
    <Ora>1</Ora>
    <PUN>53,742915</PUN>
    <NAT>52,590000</NAT>
    <CNOR>51,000000</CNOR>
    <CSUD>51,000000</CSUD>
    <NORD>51,000000</NORD>
    <SARD>51,000000</SARD>
    <SICI>90,020000</SICI>
    <SUD>51,000000</SUD>
    <AUST>51,000000</AUST>
    <BRNN>49,710000</BRNN>
    <COAC>51,000000</COAC>
    <CORS>51,000000</CORS>
    <FOGN>51,000000</FOGN>
    <FRAN>51,000000</FRAN>
    <GREC>49,710000</GREC>
    <MFTV>51,000000</MFTV>
    <PRGP>90,020000</PRGP>
    <ROSN>51,000000</ROSN>
    <SLOV>51,000000</SLOV>
    <SVIZ>51,000000</SVIZ>
    <BSP>41,050000</BSP>
  </Prezzi>
  <Prezzi>
    <Data>20141030</Data>
    <Mercato>MGP</Mercato>
    <Ora>2</Ora>
    <PUN>48,874856</PUN>
    <NAT>48,280000</NAT>
    <CNOR>46,610000</CNOR>
    <CSUD>46,610000</CSUD>
    <NORD>46,610000</NORD>
    <SARD>46,610000</SARD>
    <SICI>80,020000</SICI>
    <SUD>46,610000</SUD>
    <AUST>46,610000</AUST>
    <BRNN>46,610000</BRNN>
    <COAC>46,610000</COAC>
    <CORS>46,610000</CORS>
    <FOGN>46,610000</FOGN>
    <FRAN>46,610000</FRAN>
    <GREC>46,610000</GREC>
    <MFTV>46,610000</MFTV>
    <PRGP>80,020000</PRGP>
    <ROSN>46,610000</ROSN>
    <SLOV>46,610000</SLOV>
    <SVIZ>46,610000</SVIZ>
    <BSP>31,920000</BSP>
  </Prezzi>
  <Prezzi>
    <Data>20141030</Data>
    <Mercato>MGP</Mercato>
    <Ora>3</Ora>
    <PUN>45,134571</PUN>
    <NAT>44,000000</NAT>
    <CNOR>43,300000</CNOR>
    <CSUD>43,300000</CSUD>
    <NORD>43,300000</NORD>
    <SARD>43,300000</SARD>
    <SICI>70,020000</SICI>
    <SUD>43,300000</SUD>
    <AUST>43,300000</AUST>
    <BRNN>43,300000</BRNN>
    <COAC>43,300000</COAC>
    <CORS>43,300000</CORS>
    <FOGN>43,300000</FOGN>
    <FRAN>43,300000</FRAN>
    <GREC>43,300000</GREC>
    <MFTV>43,300000</MFTV>
    <PRGP>70,020000</PRGP>
    <ROSN>43,300000</ROSN>
    <SLOV>43,300000</SLOV>
    <SVIZ>43,300000</SVIZ>
    <BSP>29,000000</BSP>
  </Prezzi>
  <Prezzi>
    <Data>20141030</Data>
    <Mercato>MGP</Mercato>
    <Ora>4</Ora>
    <PUN>45,071731</PUN>
    <NAT>43,970000</NAT>
    <CNOR>43,300000</CNOR>
    <CSUD>43,300000</CSUD>
    <NORD>43,300000</NORD>
    <SARD>43,300000</SARD>
    <SICI>70,020000</SICI>
    <SUD>43,300000</SUD>
    <AUST>43,300000</AUST>
    <BRNN>43,300000</BRNN>
    <COAC>43,300000</COAC>
    <CORS>43,300000</CORS>
    <FOGN>43,300000</FOGN>
    <FRAN>43,300000</FRAN>
    <GREC>43,300000</GREC>
    <MFTV>43,300000</MFTV>
    <PRGP>70,020000</PRGP>
    <ROSN>43,300000</ROSN>
    <SLOV>43,300000</SLOV>
    <SVIZ>43,300000</SVIZ>
    <BSP>28,850000</BSP>
  </Prezzi>
  <Prezzi>
    <Data>20141030</Data>
    <Mercato>MGP</Mercato>
    <Ora>5</Ora>
    <PUN>45,093918</PUN>
    <NAT>44,000000</NAT>
    <CNOR>43,300000</CNOR>
    <CSUD>43,300000</CSUD>
    <NORD>43,300000</NORD>
    <SARD>43,300000</SARD>
    <SICI>70,020000</SICI>
    <SUD>43,300000</SUD>
    <AUST>43,300000</AUST>
    <BRNN>43,300000</BRNN>
    <COAC>43,300000</COAC>
    <CORS>43,300000</CORS>
    <FOGN>43,300000</FOGN>
    <FRAN>43,300000</FRAN>
    <GREC>43,300000</GREC>
    <MFTV>43,300000</MFTV>
    <PRGP>70,020000</PRGP>
    <ROSN>43,300000</ROSN>
    <SLOV>43,300000</SLOV>
    <SVIZ>43,300000</SVIZ>
    <BSP>31,140000</BSP>
  </Prezzi>
  <Prezzi>
    <Data>20141030</Data>
    <Mercato>MGP</Mercato>
    <Ora>6</Ora>
    <PUN>51,357251</PUN>
    <NAT>51,010000</NAT>
    <CNOR>50,050000</CNOR>
    <CSUD>50,050000</CSUD>
    <NORD>50,050000</NORD>
    <SARD>50,050000</SARD>
    <SICI>70,020000</SICI>
    <SUD>50,050000</SUD>
    <AUST>50,050000</AUST>
    <BRNN>49,430000</BRNN>
    <COAC>50,050000</COAC>
    <CORS>50,050000</CORS>
    <FOGN>50,050000</FOGN>
    <FRAN>50,050000</FRAN>
    <GREC>49,430000</GREC>
    <MFTV>50,050000</MFTV>
    <PRGP>70,020000</PRGP>
    <ROSN>50,050000</ROSN>
    <SLOV>50,050000</SLOV>
    <SVIZ>50,050000</SVIZ>
    <BSP>43,080000</BSP>
  </Prezzi>
  <Prezzi>
    <Data>20141030</Data>
    <Mercato>MGP</Mercato>
    <Ora>7</Ora>
    <PUN>65,900000</PUN>
    <NAT>63,000000</NAT>
    <CNOR>64,652350</CNOR>
    <CSUD>64,652350</CSUD>
    <NORD>64,652350</NORD>
    <SARD>64,652350</SARD>
    <SICI>85,020000</SICI>
    <SUD>64,652350</SUD>
    <AUST>64,652350</AUST>
    <BRNN>61,040000</BRNN>
    <COAC>64,652350</COAC>
    <CORS>64,652350</CORS>
    <FOGN>64,652350</FOGN>
    <FRAN>64,652350</FRAN>
    <GREC>61,040000</GREC>
    <MFTV>64,652350</MFTV>
    <PRGP>85,020000</PRGP>
    <ROSN>64,652350</ROSN>
    <SLOV>64,652350</SLOV>
    <SVIZ>64,652350</SVIZ>
    <BSP>50,360000</BSP>
  </Prezzi>
  <Prezzi>
    <Data>20141030</Data>
    <Mercato>MGP</Mercato>
    <Ora>8</Ora>
    <PUN>67,109292</PUN>
    <NAT>65,000000</NAT>
    <CNOR>64,190000</CNOR>
    <CSUD>64,190000</CSUD>
    <NORD>64,190000</NORD>
    <SARD>64,190000</SARD>
    <SICI>118,610000</SICI>
    <SUD>60,970000</SUD>
    <AUST>64,190000</AUST>
    <BRNN>60,970000</BRNN>
    <COAC>64,190000</COAC>
    <CORS>64,190000</CORS>
    <FOGN>60,970000</FOGN>
    <FRAN>64,190000</FRAN>
    <GREC>60,970000</GREC>
    <MFTV>64,190000</MFTV>
    <PRGP>118,610000</PRGP>
    <ROSN>60,970000</ROSN>
    <SLOV>64,190000</SLOV>
    <SVIZ>64,190000</SVIZ>
    <BSP>64,190000</BSP>
  </Prezzi>
  <Prezzi>
    <Data>20141030</Data>
    <Mercato>MGP</Mercato>
    <Ora>9</Ora>
    <PUN>74,679787</PUN>
    <NAT>71,260000</NAT>
    <CNOR>72,100000</CNOR>
    <CSUD>72,100000</CSUD>
    <NORD>72,100000</NORD>
    <SARD>72,100000</SARD>
    <SICI>135,020000</SICI>
    <SUD>60,890000</SUD>
    <AUST>72,100000</AUST>
    <BRNN>60,890000</BRNN>
    <COAC>72,100000</COAC>
    <CORS>72,100000</CORS>
    <FOGN>60,890000</FOGN>
    <FRAN>72,100000</FRAN>
    <GREC>60,890000</GREC>
    <MFTV>72,100000</MFTV>
    <PRGP>135,020000</PRGP>
    <ROSN>60,890000</ROSN>
    <SLOV>72,100000</SLOV>
    <SVIZ>72,100000</SVIZ>
    <BSP>68,660000</BSP>
  </Prezzi>
  <Prezzi>
    <Data>20141030</Data>
    <Mercato>MGP</Mercato>
    <Ora>10</Ora>
    <PUN>76,570000</PUN>
    <NAT>70,000000</NAT>
    <CNOR>74,631932</CNOR>
    <CSUD>74,631932</CSUD>
    <NORD>74,631932</NORD>
    <SARD>74,631932</SARD>
    <SICI>135,020000</SICI>
    <SUD>57,310000</SUD>
    <AUST>74,631932</AUST>
    <BRNN>57,310000</BRNN>
    <COAC>74,631932</COAC>
    <CORS>74,631932</CORS>
    <FOGN>57,310000</FOGN>
    <FRAN>74,631932</FRAN>
    <GREC>57,310000</GREC>
    <MFTV>74,631932</MFTV>
    <PRGP>135,020000</PRGP>
    <ROSN>57,310000</ROSN>
    <SLOV>74,631932</SLOV>
    <SVIZ>74,631932</SVIZ>
    <BSP>67,430000</BSP>
  </Prezzi>
  <Prezzi>
    <Data>20141030</Data>
    <Mercato>MGP</Mercato>
    <Ora>11</Ora>
    <PUN>67,762214</PUN>
    <NAT>62,730000</NAT>
    <CNOR>64,750000</CNOR>
    <CSUD>64,750000</CSUD>
    <NORD>64,750000</NORD>
    <SARD>64,750000</SARD>
    <SICI>135,020000</SICI>
    <SUD>53,230000</SUD>
    <AUST>64,750000</AUST>
    <BRNN>53,230000</BRNN>
    <COAC>64,750000</COAC>
    <CORS>64,750000</CORS>
    <FOGN>53,230000</FOGN>
    <FRAN>64,750000</FRAN>
    <GREC>53,230000</GREC>
    <MFTV>64,750000</MFTV>
    <PRGP>135,020000</PRGP>
    <ROSN>53,230000</ROSN>
    <SLOV>64,750000</SLOV>
    <SVIZ>64,750000</SVIZ>
    <BSP>64,750000</BSP>
  </Prezzi>
  <Prezzi>
    <Data>20141030</Data>
    <Mercato>MGP</Mercato>
    <Ora>12</Ora>
    <PUN>63,547806</PUN>
    <NAT>59,990000</NAT>
    <CNOR>62,000000</CNOR>
    <CSUD>62,000000</CSUD>
    <NORD>62,990000</NORD>
    <SARD>62,000000</SARD>
    <SICI>105,020000</SICI>
    <SUD>43,230000</SUD>
    <AUST>62,990000</AUST>
    <BRNN>43,230000</BRNN>
    <COAC>62,000000</COAC>
    <CORS>62,000000</CORS>
    <FOGN>43,230000</FOGN>
    <FRAN>62,990000</FRAN>
    <GREC>43,230000</GREC>
    <MFTV>62,990000</MFTV>
    <PRGP>105,020000</PRGP>
    <ROSN>43,230000</ROSN>
    <SLOV>62,990000</SLOV>
    <SVIZ>62,990000</SVIZ>
    <BSP>62,990000</BSP>
  </Prezzi>
  <Prezzi>
    <Data>20141030</Data>
    <Mercato>MGP</Mercato>
    <Ora>13</Ora>
    <PUN>56,419343</PUN>
    <NAT>56,040000</NAT>
    <CNOR>56,000000</CNOR>
    <CSUD>56,000000</CSUD>
    <NORD>56,000000</NORD>
    <SARD>56,000000</SARD>
    <SICI>81,020000</SICI>
    <SUD>43,230000</SUD>
    <AUST>56,000000</AUST>
    <BRNN>43,230000</BRNN>
    <COAC>56,000000</COAC>
    <CORS>56,000000</CORS>
    <FOGN>43,230000</FOGN>
    <FRAN>56,000000</FRAN>
    <GREC>43,230000</GREC>
    <MFTV>56,000000</MFTV>
    <PRGP>81,020000</PRGP>
    <ROSN>43,230000</ROSN>
    <SLOV>56,000000</SLOV>
    <SVIZ>56,000000</SVIZ>
    <BSP>56,000000</BSP>
  </Prezzi>
  <Prezzi>
    <Data>20141030</Data>
    <Mercato>MGP</Mercato>
    <Ora>14</Ora>
    <PUN>57,530000</PUN>
    <NAT>57,000000</NAT>
    <CNOR>57,290400</CNOR>
    <CSUD>57,290400</CSUD>
    <NORD>57,290400</NORD>
    <SARD>57,290400</SARD>
    <SICI>81,020000</SICI>
    <SUD>43,230000</SUD>
    <AUST>57,290400</AUST>
    <BRNN>43,230000</BRNN>
    <COAC>57,290400</COAC>
    <CORS>57,290400</CORS>
    <FOGN>43,230000</FOGN>
    <FRAN>57,290400</FRAN>
    <GREC>43,230000</GREC>
    <MFTV>57,290400</MFTV>
    <PRGP>81,020000</PRGP>
    <ROSN>43,230000</ROSN>
    <SLOV>57,290400</SLOV>
    <SVIZ>57,290400</SVIZ>
    <BSP>57,290400</BSP>
  </Prezzi>
  <Prezzi>
    <Data>20141030</Data>
    <Mercato>MGP</Mercato>
    <Ora>15</Ora>
    <PUN>64,968481</PUN>
    <NAT>62,810000</NAT>
    <CNOR>65,000000</CNOR>
    <CSUD>65,000000</CSUD>
    <NORD>65,000000</NORD>
    <SARD>65,000000</SARD>
    <SICI>81,020000</SICI>
    <SUD>53,300000</SUD>
    <AUST>65,000000</AUST>
    <BRNN>53,300000</BRNN>
    <COAC>65,000000</COAC>
    <CORS>65,000000</CORS>
    <FOGN>53,300000</FOGN>
    <FRAN>65,000000</FRAN>
    <GREC>53,300000</GREC>
    <MFTV>65,000000</MFTV>
    <PRGP>81,020000</PRGP>
    <ROSN>53,300000</ROSN>
    <SLOV>65,000000</SLOV>
    <SVIZ>65,000000</SVIZ>
    <BSP>65,000000</BSP>
  </Prezzi>
  <Prezzi>
    <Data>20141030</Data>
    <Mercato>MGP</Mercato>
    <Ora>16</Ora>
    <PUN>77,610000</PUN>
    <NAT>74,160000</NAT>
    <CNOR>76,081143</CNOR>
    <CSUD>76,081143</CSUD>
    <NORD>76,081143</NORD>
    <SARD>76,081143</SARD>
    <SICI>130,600000</SICI>
    <SUD>57,620000</SUD>
    <AUST>76,081143</AUST>
    <BRNN>57,350000</BRNN>
    <COAC>76,081143</COAC>
    <CORS>76,081143</CORS>
    <FOGN>57,620000</FOGN>
    <FRAN>76,081143</FRAN>
    <GREC>57,350000</GREC>
    <MFTV>76,081143</MFTV>
    <PRGP>130,600000</PRGP>
    <ROSN>57,620000</ROSN>
    <SLOV>76,081143</SLOV>
    <SVIZ>76,081143</SVIZ>
    <BSP>71,810000</BSP>
  </Prezzi>
  <Prezzi>
    <Data>20141030</Data>
    <Mercato>MGP</Mercato>
    <Ora>17</Ora>
    <PUN>98,035346</PUN>
    <NAT>90,000000</NAT>
    <CNOR>94,520000</CNOR>
    <CSUD>94,520000</CSUD>
    <NORD>94,520000</NORD>
    <SARD>94,520000</SARD>
    <SICI>155,550000</SICI>
    <SUD>94,520000</SUD>
    <AUST>94,520000</AUST>
    <BRNN>57,360000</BRNN>
    <COAC>94,520000</COAC>
    <CORS>94,520000</CORS>
    <FOGN>94,520000</FOGN>
    <FRAN>94,520000</FRAN>
    <GREC>57,360000</GREC>
    <MFTV>94,520000</MFTV>
    <PRGP>155,550000</PRGP>
    <ROSN>94,520000</ROSN>
    <SLOV>94,520000</SLOV>
    <SVIZ>94,520000</SVIZ>
    <BSP>79,430000</BSP>
  </Prezzi>
  <Prezzi>
    <Data>20141030</Data>
    <Mercato>MGP</Mercato>
    <Ora>18</Ora>
    <PUN>105,787054</PUN>
    <NAT>100,940000</NAT>
    <CNOR>101,000000</CNOR>
    <CSUD>101,000000</CSUD>
    <NORD>101,000000</NORD>
    <SARD>101,000000</SARD>
    <SICI>180,000000</SICI>
    <SUD>101,000000</SUD>
    <AUST>101,000000</AUST>
    <BRNN>62,050000</BRNN>
    <COAC>101,000000</COAC>
    <CORS>101,000000</CORS>
    <FOGN>101,000000</FOGN>
    <FRAN>101,000000</FRAN>
    <GREC>62,050000</GREC>
    <MFTV>101,000000</MFTV>
    <PRGP>180,000000</PRGP>
    <ROSN>101,000000</ROSN>
    <SLOV>101,000000</SLOV>
    <SVIZ>101,000000</SVIZ>
    <BSP>86,630000</BSP>
  </Prezzi>
  <Prezzi>
    <Data>20141030</Data>
    <Mercato>MGP</Mercato>
    <Ora>19</Ora>
    <PUN>128,320815</PUN>
    <NAT>121,930000</NAT>
    <CNOR>137,450000</CNOR>
    <CSUD>137,450000</CSUD>
    <NORD>119,230000</NORD>
    <SARD>137,450000</SARD>
    <SICI>155,550000</SICI>
    <SUD>137,450000</SUD>
    <AUST>119,230000</AUST>
    <BRNN>69,690000</BRNN>
    <COAC>137,450000</COAC>
    <CORS>137,450000</CORS>
    <FOGN>137,450000</FOGN>
    <FRAN>119,230000</FRAN>
    <GREC>69,690000</GREC>
    <MFTV>119,230000</MFTV>
    <PRGP>155,550000</PRGP>
    <ROSN>137,450000</ROSN>
    <SLOV>119,230000</SLOV>
    <SVIZ>119,230000</SVIZ>
    <BSP>90,430000</BSP>
  </Prezzi>
  <Prezzi>
    <Data>20141030</Data>
    <Mercato>MGP</Mercato>
    <Ora>20</Ora>
    <PUN>109,903225</PUN>
    <NAT>101,000000</NAT>
    <CNOR>138,000000</CNOR>
    <CSUD>138,000000</CSUD>
    <NORD>86,150000</NORD>
    <SARD>138,000000</SARD>
    <SICI>145,020000</SICI>
    <SUD>138,000000</SUD>
    <AUST>86,150000</AUST>
    <BRNN>61,360000</BRNN>
    <COAC>138,000000</COAC>
    <CORS>138,000000</CORS>
    <FOGN>138,000000</FOGN>
    <FRAN>86,150000</FRAN>
    <GREC>61,360000</GREC>
    <MFTV>86,150000</MFTV>
    <PRGP>145,020000</PRGP>
    <ROSN>138,000000</ROSN>
    <SLOV>86,150000</SLOV>
    <SVIZ>86,150000</SVIZ>
    <BSP>80,670000</BSP>
  </Prezzi>
  <Prezzi>
    <Data>20141030</Data>
    <Mercato>MGP</Mercato>
    <Ora>21</Ora>
    <PUN>74,955594</PUN>
    <NAT>68,710000</NAT>
    <CNOR>78,000000</CNOR>
    <CSUD>78,000000</CSUD>
    <NORD>67,000000</NORD>
    <SARD>78,000000</SARD>
    <SICI>124,890000</SICI>
    <SUD>78,000000</SUD>
    <AUST>67,000000</AUST>
    <BRNN>60,820000</BRNN>
    <COAC>78,000000</COAC>
    <CORS>78,000000</CORS>
    <FOGN>78,000000</FOGN>
    <FRAN>67,000000</FRAN>
    <GREC>60,820000</GREC>
    <MFTV>67,000000</MFTV>
    <PRGP>124,890000</PRGP>
    <ROSN>78,000000</ROSN>
    <SLOV>67,000000</SLOV>
    <SVIZ>67,000000</SVIZ>
    <BSP>67,000000</BSP>
  </Prezzi>
  <Prezzi>
    <Data>20141030</Data>
    <Mercato>MGP</Mercato>
    <Ora>22</Ora>
    <PUN>68,410000</PUN>
    <NAT>66,000000</NAT>
    <CNOR>64,627451</CNOR>
    <CSUD>64,627451</CSUD>
    <NORD>64,627451</NORD>
    <SARD>64,627451</SARD>
    <SICI>124,890000</SICI>
    <SUD>64,627451</SUD>
    <AUST>64,627451</AUST>
    <BRNN>57,380000</BRNN>
    <COAC>64,627451</COAC>
    <CORS>64,627451</CORS>
    <FOGN>64,627451</FOGN>
    <FRAN>64,627451</FRAN>
    <GREC>57,380000</GREC>
    <MFTV>64,627451</MFTV>
    <PRGP>124,890000</PRGP>
    <ROSN>64,627451</ROSN>
    <SLOV>64,627451</SLOV>
    <SVIZ>64,627451</SVIZ>
    <BSP>62,080000</BSP>
  </Prezzi>
  <Prezzi>
    <Data>20141030</Data>
    <Mercato>MGP</Mercato>
    <Ora>23</Ora>
    <PUN>59,007035</PUN>
    <NAT>57,020000</NAT>
    <CNOR>54,940000</CNOR>
    <CSUD>54,940000</CSUD>
    <NORD>54,940000</NORD>
    <SARD>54,940000</SARD>
    <SICI>118,610000</SICI>
    <SUD>53,250000</SUD>
    <AUST>54,940000</AUST>
    <BRNN>53,250000</BRNN>
    <COAC>54,940000</COAC>
    <CORS>54,940000</CORS>
    <FOGN>53,250000</FOGN>
    <FRAN>54,940000</FRAN>
    <GREC>53,250000</GREC>
    <MFTV>54,940000</MFTV>
    <PRGP>118,610000</PRGP>
    <ROSN>53,250000</ROSN>
    <SLOV>54,940000</SLOV>
    <SVIZ>54,940000</SVIZ>
    <BSP>54,940000</BSP>
  </Prezzi>
  <Prezzi>
    <Data>20141030</Data>
    <Mercato>MGP</Mercato>
    <Ora>24</Ora>
    <PUN>53,503733</PUN>
    <NAT>53,800000</NAT>
    <CNOR>51,010000</CNOR>
    <CSUD>51,010000</CSUD>
    <NORD>51,010000</NORD>
    <SARD>51,010000</SARD>
    <SICI>90,020000</SICI>
    <SUD>50,000000</SUD>
    <AUST>51,010000</AUST>
    <BRNN>50,000000</BRNN>
    <COAC>51,010000</COAC>
    <CORS>51,010000</CORS>
    <FOGN>50,000000</FOGN>
    <FRAN>51,010000</FRAN>
    <GREC>50,000000</GREC>
    <MFTV>51,010000</MFTV>
    <PRGP>90,020000</PRGP>
    <ROSN>50,000000</ROSN>
    <SLOV>51,010000</SLOV>
    <SVIZ>51,010000</SVIZ>
    <BSP>43,000000</BSP>
  </Prezzi>
</NewDataSet>