<?xml version="1.0" standalone="yes"?>
<NewDataSet>
  <xs:schema id="NewDataSet" xmlns="" xmlns:xs="http://www.w3.org/2001/XMLSchema" xmlns:msdata="urn:schemas-microsoft-com:xml-msdata">
    <xs:element name="NewDataSet" msdata:IsDataSet="true" msdata:UseCurrentLocale="true">
      <xs:complexType>
        <xs:choice minOccurs="0" maxOccurs="unbounded">
          <xs:element name="Prezzi">
            <xs:complexType>
              <xs:sequence>
                <xs:element name="Data" type="xs:string" minOccurs="0" />
                <xs:element name="Mercato" type="xs:string" minOccurs="0" />
                <xs:element name="Ora" type="xs:string" minOccurs="0" />
                <xs:element name="PUN" type="xs:string" minOccurs="0" />
                <xs:element name="NAT" type="xs:string" minOccurs="0" />
                <xs:element name="CNOR" type="xs:string" minOccurs="0" />
                <xs:element name="CSUD" type="xs:string" minOccurs="0" />
                <xs:element name="NORD" type="xs:string" minOccurs="0" />
                <xs:element name="SARD" type="xs:string" minOccurs="0" />
                <xs:element name="SICI" type="xs:string" minOccurs="0" />
                <xs:element name="SUD" type="xs:string" minOccurs="0" />
                <xs:element name="AUST" type="xs:string" minOccurs="0" />
                <xs:element name="BRNN" type="xs:string" minOccurs="0" />
                <xs:element name="COAC" type="xs:string" minOccurs="0" />
                <xs:element name="CORS" type="xs:string" minOccurs="0" />
                <xs:element name="FOGN" type="xs:string" minOccurs="0" />
                <xs:element name="FRAN" type="xs:string" minOccurs="0" />
                <xs:element name="GREC" type="xs:string" minOccurs="0" />
                <xs:element name="MFTV" type="xs:string" minOccurs="0" />
                <xs:element name="PRGP" type="xs:string" minOccurs="0" />
                <xs:element name="ROSN" type="xs:string" minOccurs="0" />
                <xs:element name="SLOV" type="xs:string" minOccurs="0" />
                <xs:element name="SVIZ" type="xs:string" minOccurs="0" />
                <xs:element name="BSP" type="xs:string" minOccurs="0" />
              </xs:sequence>
            </xs:complexType>
          </xs:element>
        </xs:choice>
      </xs:complexType>
    </xs:element>
  </xs:schema>
  <Prezzi>
    <Data>20141014</Data>
    <Mercato>MGP</Mercato>
    <Ora>1</Ora>
    <PUN>47,182879</PUN>
    <NAT>48,500000</NAT>
    <CNOR>46,410000</CNOR>
    <CSUD>46,410000</CSUD>
    <NORD>46,410000</NORD>
    <SARD>46,410000</SARD>
    <SICI>57,030000</SICI>
    <SUD>46,410000</SUD>
    <AUST>46,410000</AUST>
    <BRNN>46,410000</BRNN>
    <COAC>46,410000</COAC>
    <CORS>46,410000</CORS>
    <FOGN>46,410000</FOGN>
    <FRAN>46,410000</FRAN>
    <GREC>46,410000</GREC>
    <MFTV>46,410000</MFTV>
    <PRGP>57,030000</PRGP>
    <ROSN>46,410000</ROSN>
    <SLOV>46,410000</SLOV>
    <SVIZ>46,410000</SVIZ>
    <BSP>46,410000</BSP>
  </Prezzi>
  <Prezzi>
    <Data>20141014</Data>
    <Mercato>MGP</Mercato>
    <Ora>2</Ora>
    <PUN>46,640790</PUN>
    <NAT>46,090000</NAT>
    <CNOR>45,830000</CNOR>
    <CSUD>45,830000</CSUD>
    <NORD>45,830000</NORD>
    <SARD>45,830000</SARD>
    <SICI>57,030000</SICI>
    <SUD>45,830000</SUD>
    <AUST>45,830000</AUST>
    <BRNN>45,830000</BRNN>
    <COAC>45,830000</COAC>
    <CORS>45,830000</CORS>
    <FOGN>45,830000</FOGN>
    <FRAN>45,830000</FRAN>
    <GREC>45,830000</GREC>
    <MFTV>45,830000</MFTV>
    <PRGP>57,030000</PRGP>
    <ROSN>45,830000</ROSN>
    <SLOV>45,830000</SLOV>
    <SVIZ>45,830000</SVIZ>
    <BSP>40,000000</BSP>
  </Prezzi>
  <Prezzi>
    <Data>20141014</Data>
    <Mercato>MGP</Mercato>
    <Ora>3</Ora>
    <PUN>42,000340</PUN>
    <NAT>42,430000</NAT>
    <CNOR>40,830000</CNOR>
    <CSUD>40,830000</CSUD>
    <NORD>40,830000</NORD>
    <SARD>40,830000</SARD>
    <SICI>57,030000</SICI>
    <SUD>40,830000</SUD>
    <AUST>40,830000</AUST>
    <BRNN>40,830000</BRNN>
    <COAC>40,830000</COAC>
    <CORS>40,830000</CORS>
    <FOGN>40,830000</FOGN>
    <FRAN>40,830000</FRAN>
    <GREC>40,830000</GREC>
    <MFTV>40,830000</MFTV>
    <PRGP>57,030000</PRGP>
    <ROSN>40,830000</ROSN>
    <SLOV>40,830000</SLOV>
    <SVIZ>40,830000</SVIZ>
    <BSP>36,910000</BSP>
  </Prezzi>
  <Prezzi>
    <Data>20141014</Data>
    <Mercato>MGP</Mercato>
    <Ora>4</Ora>
    <PUN>39,933726</PUN>
    <NAT>40,000000</NAT>
    <CNOR>38,610000</CNOR>
    <CSUD>38,610000</CSUD>
    <NORD>38,610000</NORD>
    <SARD>38,610000</SARD>
    <SICI>57,010000</SICI>
    <SUD>38,610000</SUD>
    <AUST>38,610000</AUST>
    <BRNN>38,610000</BRNN>
    <COAC>38,610000</COAC>
    <CORS>38,610000</CORS>
    <FOGN>38,610000</FOGN>
    <FRAN>38,610000</FRAN>
    <GREC>38,610000</GREC>
    <MFTV>38,610000</MFTV>
    <PRGP>57,010000</PRGP>
    <ROSN>38,610000</ROSN>
    <SLOV>38,610000</SLOV>
    <SVIZ>38,610000</SVIZ>
    <BSP>33,680000</BSP>
  </Prezzi>
  <Prezzi>
    <Data>20141014</Data>
    <Mercato>MGP</Mercato>
    <Ora>5</Ora>
    <PUN>44,948571</PUN>
    <NAT>44,030000</NAT>
    <CNOR>44,030000</CNOR>
    <CSUD>44,030000</CSUD>
    <NORD>44,030000</NORD>
    <SARD>44,030000</SARD>
    <SICI>57,010000</SICI>
    <SUD>44,030000</SUD>
    <AUST>44,030000</AUST>
    <BRNN>44,030000</BRNN>
    <COAC>44,030000</COAC>
    <CORS>44,030000</CORS>
    <FOGN>44,030000</FOGN>
    <FRAN>44,030000</FRAN>
    <GREC>44,030000</GREC>
    <MFTV>44,030000</MFTV>
    <PRGP>57,010000</PRGP>
    <ROSN>44,030000</ROSN>
    <SLOV>44,030000</SLOV>
    <SVIZ>44,030000</SVIZ>
    <BSP>38,120000</BSP>
  </Prezzi>
  <Prezzi>
    <Data>20141014</Data>
    <Mercato>MGP</Mercato>
    <Ora>6</Ora>
    <PUN>47,800624</PUN>
    <NAT>48,980000</NAT>
    <CNOR>47,100000</CNOR>
    <CSUD>47,100000</CSUD>
    <NORD>47,100000</NORD>
    <SARD>47,100000</SARD>
    <SICI>57,010000</SICI>
    <SUD>47,100000</SUD>
    <AUST>47,100000</AUST>
    <BRNN>47,100000</BRNN>
    <COAC>47,100000</COAC>
    <CORS>47,100000</CORS>
    <FOGN>47,100000</FOGN>
    <FRAN>47,100000</FRAN>
    <GREC>47,100000</GREC>
    <MFTV>47,100000</MFTV>
    <PRGP>57,010000</PRGP>
    <ROSN>47,100000</ROSN>
    <SLOV>47,100000</SLOV>
    <SVIZ>47,100000</SVIZ>
    <BSP>46,280000</BSP>
  </Prezzi>
  <Prezzi>
    <Data>20141014</Data>
    <Mercato>MGP</Mercato>
    <Ora>7</Ora>
    <PUN>60,300000</PUN>
    <NAT>60,300000</NAT>
    <CNOR>60,300000</CNOR>
    <CSUD>60,300000</CSUD>
    <NORD>60,300000</NORD>
    <SARD>60,300000</SARD>
    <SICI>60,300000</SICI>
    <SUD>60,300000</SUD>
    <AUST>60,300000</AUST>
    <BRNN>60,300000</BRNN>
    <COAC>60,300000</COAC>
    <CORS>60,300000</CORS>
    <FOGN>60,300000</FOGN>
    <FRAN>60,300000</FRAN>
    <GREC>60,300000</GREC>
    <MFTV>60,300000</MFTV>
    <PRGP>60,300000</PRGP>
    <ROSN>60,300000</ROSN>
    <SLOV>60,300000</SLOV>
    <SVIZ>60,300000</SVIZ>
    <BSP>60,300000</BSP>
  </Prezzi>
  <Prezzi>
    <Data>20141014</Data>
    <Mercato>MGP</Mercato>
    <Ora>8</Ora>
    <PUN>63,898711</PUN>
    <NAT>63,110000</NAT>
    <CNOR>63,040000</CNOR>
    <CSUD>63,040000</CSUD>
    <NORD>63,040000</NORD>
    <SARD>63,040000</SARD>
    <SICI>77,190000</SICI>
    <SUD>63,040000</SUD>
    <AUST>63,040000</AUST>
    <BRNN>63,040000</BRNN>
    <COAC>63,040000</COAC>
    <CORS>63,040000</CORS>
    <FOGN>63,040000</FOGN>
    <FRAN>63,040000</FRAN>
    <GREC>63,040000</GREC>
    <MFTV>63,040000</MFTV>
    <PRGP>77,190000</PRGP>
    <ROSN>63,040000</ROSN>
    <SLOV>63,040000</SLOV>
    <SVIZ>63,040000</SVIZ>
    <BSP>63,040000</BSP>
  </Prezzi>
  <Prezzi>
    <Data>20141014</Data>
    <Mercato>MGP</Mercato>
    <Ora>9</Ora>
    <PUN>75,240504</PUN>
    <NAT>74,270000</NAT>
    <CNOR>76,000000</CNOR>
    <CSUD>76,000000</CSUD>
    <NORD>76,000000</NORD>
    <SARD>76,000000</SARD>
    <SICI>70,260000</SICI>
    <SUD>70,260000</SUD>
    <AUST>76,000000</AUST>
    <BRNN>70,260000</BRNN>
    <COAC>76,000000</COAC>
    <CORS>76,000000</CORS>
    <FOGN>70,260000</FOGN>
    <FRAN>76,000000</FRAN>
    <GREC>70,260000</GREC>
    <MFTV>76,000000</MFTV>
    <PRGP>70,260000</PRGP>
    <ROSN>70,260000</ROSN>
    <SLOV>76,000000</SLOV>
    <SVIZ>76,000000</SVIZ>
    <BSP>76,000000</BSP>
  </Prezzi>
  <Prezzi>
    <Data>20141014</Data>
    <Mercato>MGP</Mercato>
    <Ora>10</Ora>
    <PUN>70,983764</PUN>
    <NAT>68,270000</NAT>
    <CNOR>72,000000</CNOR>
    <CSUD>72,000000</CSUD>
    <NORD>72,000000</NORD>
    <SARD>72,000000</SARD>
    <SICI>64,250000</SICI>
    <SUD>64,250000</SUD>
    <AUST>72,000000</AUST>
    <BRNN>64,250000</BRNN>
    <COAC>72,000000</COAC>
    <CORS>72,000000</CORS>
    <FOGN>64,250000</FOGN>
    <FRAN>72,000000</FRAN>
    <GREC>64,250000</GREC>
    <MFTV>72,000000</MFTV>
    <PRGP>64,250000</PRGP>
    <ROSN>64,250000</ROSN>
    <SLOV>72,000000</SLOV>
    <SVIZ>72,000000</SVIZ>
    <BSP>72,000000</BSP>
  </Prezzi>
  <Prezzi>
    <Data>20141014</Data>
    <Mercato>MGP</Mercato>
    <Ora>11</Ora>
    <PUN>61,615439</PUN>
    <NAT>60,020000</NAT>
    <CNOR>62,310000</CNOR>
    <CSUD>62,310000</CSUD>
    <NORD>62,310000</NORD>
    <SARD>62,310000</SARD>
    <SICI>57,010000</SICI>
    <SUD>57,010000</SUD>
    <AUST>62,310000</AUST>
    <BRNN>57,010000</BRNN>
    <COAC>62,310000</COAC>
    <CORS>62,310000</CORS>
    <FOGN>57,010000</FOGN>
    <FRAN>62,310000</FRAN>
    <GREC>57,010000</GREC>
    <MFTV>62,310000</MFTV>
    <PRGP>57,010000</PRGP>
    <ROSN>57,010000</ROSN>
    <SLOV>62,310000</SLOV>
    <SVIZ>62,310000</SVIZ>
    <BSP>62,310000</BSP>
  </Prezzi>
  <Prezzi>
    <Data>20141014</Data>
    <Mercato>MGP</Mercato>
    <Ora>12</Ora>
    <PUN>60,247024</PUN>
    <NAT>59,080000</NAT>
    <CNOR>61,150000</CNOR>
    <CSUD>61,150000</CSUD>
    <NORD>61,150000</NORD>
    <SARD>61,150000</SARD>
    <SICI>57,010000</SICI>
    <SUD>52,180000</SUD>
    <AUST>61,150000</AUST>
    <BRNN>52,180000</BRNN>
    <COAC>61,150000</COAC>
    <CORS>61,150000</CORS>
    <FOGN>52,180000</FOGN>
    <FRAN>61,150000</FRAN>
    <GREC>52,180000</GREC>
    <MFTV>61,150000</MFTV>
    <PRGP>57,010000</PRGP>
    <ROSN>52,180000</ROSN>
    <SLOV>61,150000</SLOV>
    <SVIZ>61,150000</SVIZ>
    <BSP>61,150000</BSP>
  </Prezzi>
  <Prezzi>
    <Data>20141014</Data>
    <Mercato>MGP</Mercato>
    <Ora>13</Ora>
    <PUN>55,490157</PUN>
    <NAT>55,050000</NAT>
    <CNOR>56,060000</CNOR>
    <CSUD>56,060000</CSUD>
    <NORD>56,060000</NORD>
    <SARD>56,060000</SARD>
    <SICI>57,000000</SICI>
    <SUD>48,090000</SUD>
    <AUST>56,060000</AUST>
    <BRNN>48,090000</BRNN>
    <COAC>56,060000</COAC>
    <CORS>56,060000</CORS>
    <FOGN>48,090000</FOGN>
    <FRAN>56,060000</FRAN>
    <GREC>48,090000</GREC>
    <MFTV>56,060000</MFTV>
    <PRGP>57,000000</PRGP>
    <ROSN>48,090000</ROSN>
    <SLOV>56,060000</SLOV>
    <SVIZ>56,060000</SVIZ>
    <BSP>56,060000</BSP>
  </Prezzi>
  <Prezzi>
    <Data>20141014</Data>
    <Mercato>MGP</Mercato>
    <Ora>14</Ora>
    <PUN>54,991913</PUN>
    <NAT>53,200000</NAT>
    <CNOR>55,550000</CNOR>
    <CSUD>55,550000</CSUD>
    <NORD>55,550000</NORD>
    <SARD>55,550000</SARD>
    <SICI>57,000000</SICI>
    <SUD>47,160000</SUD>
    <AUST>55,550000</AUST>
    <BRNN>47,160000</BRNN>
    <COAC>55,550000</COAC>
    <CORS>55,550000</CORS>
    <FOGN>47,160000</FOGN>
    <FRAN>55,550000</FRAN>
    <GREC>47,160000</GREC>
    <MFTV>55,550000</MFTV>
    <PRGP>57,000000</PRGP>
    <ROSN>47,160000</ROSN>
    <SLOV>55,550000</SLOV>
    <SVIZ>55,550000</SVIZ>
    <BSP>55,550000</BSP>
  </Prezzi>
  <Prezzi>
    <Data>20141014</Data>
    <Mercato>MGP</Mercato>
    <Ora>15</Ora>
    <PUN>58,117379</PUN>
    <NAT>56,180000</NAT>
    <CNOR>59,780000</CNOR>
    <CSUD>59,780000</CSUD>
    <NORD>59,780000</NORD>
    <SARD>59,780000</SARD>
    <SICI>57,000000</SICI>
    <SUD>39,280000</SUD>
    <AUST>59,780000</AUST>
    <BRNN>39,280000</BRNN>
    <COAC>59,780000</COAC>
    <CORS>59,780000</CORS>
    <FOGN>39,280000</FOGN>
    <FRAN>59,780000</FRAN>
    <GREC>39,280000</GREC>
    <MFTV>59,780000</MFTV>
    <PRGP>57,000000</PRGP>
    <ROSN>39,280000</ROSN>
    <SLOV>59,780000</SLOV>
    <SVIZ>59,780000</SVIZ>
    <BSP>59,780000</BSP>
  </Prezzi>
  <Prezzi>
    <Data>20141014</Data>
    <Mercato>MGP</Mercato>
    <Ora>16</Ora>
    <PUN>60,136800</PUN>
    <NAT>58,740000</NAT>
    <CNOR>61,320000</CNOR>
    <CSUD>61,320000</CSUD>
    <NORD>61,320000</NORD>
    <SARD>61,320000</SARD>
    <SICI>57,000000</SICI>
    <SUD>48,680000</SUD>
    <AUST>61,320000</AUST>
    <BRNN>48,680000</BRNN>
    <COAC>61,320000</COAC>
    <CORS>61,320000</CORS>
    <FOGN>48,680000</FOGN>
    <FRAN>61,320000</FRAN>
    <GREC>48,680000</GREC>
    <MFTV>61,320000</MFTV>
    <PRGP>57,000000</PRGP>
    <ROSN>48,680000</ROSN>
    <SLOV>61,320000</SLOV>
    <SVIZ>61,320000</SVIZ>
    <BSP>61,320000</BSP>
  </Prezzi>
  <Prezzi>
    <Data>20141014</Data>
    <Mercato>MGP</Mercato>
    <Ora>17</Ora>
    <PUN>62,320000</PUN>
    <NAT>62,520000</NAT>
    <CNOR>62,644565</CNOR>
    <CSUD>62,644565</CSUD>
    <NORD>62,644565</NORD>
    <SARD>62,644565</SARD>
    <SICI>57,030000</SICI>
    <SUD>62,644565</SUD>
    <AUST>62,644565</AUST>
    <BRNN>62,644565</BRNN>
    <COAC>62,644565</COAC>
    <CORS>62,644565</CORS>
    <FOGN>62,644565</FOGN>
    <FRAN>62,644565</FRAN>
    <GREC>62,644565</GREC>
    <MFTV>62,644565</MFTV>
    <PRGP>57,030000</PRGP>
    <ROSN>62,644565</ROSN>
    <SLOV>62,644565</SLOV>
    <SVIZ>62,644565</SVIZ>
    <BSP>62,644565</BSP>
  </Prezzi>
  <Prezzi>
    <Data>20141014</Data>
    <Mercato>MGP</Mercato>
    <Ora>18</Ora>
    <PUN>65,370000</PUN>
    <NAT>65,370000</NAT>
    <CNOR>65,370000</CNOR>
    <CSUD>65,370000</CSUD>
    <NORD>65,370000</NORD>
    <SARD>65,370000</SARD>
    <SICI>65,370000</SICI>
    <SUD>65,370000</SUD>
    <AUST>65,370000</AUST>
    <BRNN>65,370000</BRNN>
    <COAC>65,370000</COAC>
    <CORS>65,370000</CORS>
    <FOGN>65,370000</FOGN>
    <FRAN>65,370000</FRAN>
    <GREC>65,370000</GREC>
    <MFTV>65,370000</MFTV>
    <PRGP>65,370000</PRGP>
    <ROSN>65,370000</ROSN>
    <SLOV>65,370000</SLOV>
    <SVIZ>65,370000</SVIZ>
    <BSP>65,370000</BSP>
  </Prezzi>
  <Prezzi>
    <Data>20141014</Data>
    <Mercato>MGP</Mercato>
    <Ora>19</Ora>
    <PUN>73,010000</PUN>
    <NAT>72,010000</NAT>
    <CNOR>72,010000</CNOR>
    <CSUD>72,010000</CSUD>
    <NORD>72,010000</NORD>
    <SARD>72,010000</SARD>
    <SICI>87,907105</SICI>
    <SUD>72,010000</SUD>
    <AUST>72,010000</AUST>
    <BRNN>72,010000</BRNN>
    <COAC>72,010000</COAC>
    <CORS>72,010000</CORS>
    <FOGN>72,010000</FOGN>
    <FRAN>72,010000</FRAN>
    <GREC>72,010000</GREC>
    <MFTV>72,010000</MFTV>
    <PRGP>87,907105</PRGP>
    <ROSN>72,010000</ROSN>
    <SLOV>72,010000</SLOV>
    <SVIZ>72,010000</SVIZ>
    <BSP>72,010000</BSP>
  </Prezzi>
  <Prezzi>
    <Data>20141014</Data>
    <Mercato>MGP</Mercato>
    <Ora>20</Ora>
    <PUN>98,480000</PUN>
    <NAT>97,000000</NAT>
    <CNOR>99,942860</CNOR>
    <CSUD>99,942860</CSUD>
    <NORD>92,820000</NORD>
    <SARD>99,942860</SARD>
    <SICI>140,000000</SICI>
    <SUD>99,942860</SUD>
    <AUST>92,820000</AUST>
    <BRNN>99,942860</BRNN>
    <COAC>99,942860</COAC>
    <CORS>99,942860</CORS>
    <FOGN>99,942860</FOGN>
    <FRAN>92,820000</FRAN>
    <GREC>99,942860</GREC>
    <MFTV>92,820000</MFTV>
    <PRGP>140,000000</PRGP>
    <ROSN>99,942860</ROSN>
    <SLOV>92,820000</SLOV>
    <SVIZ>92,820000</SVIZ>
    <BSP>92,820000</BSP>
  </Prezzi>
  <Prezzi>
    <Data>20141014</Data>
    <Mercato>MGP</Mercato>
    <Ora>21</Ora>
    <PUN>74,236016</PUN>
    <NAT>69,990000</NAT>
    <CNOR>73,000000</CNOR>
    <CSUD>73,000000</CSUD>
    <NORD>67,270000</NORD>
    <SARD>73,000000</SARD>
    <SICI>140,000000</SICI>
    <SUD>73,000000</SUD>
    <AUST>67,270000</AUST>
    <BRNN>73,000000</BRNN>
    <COAC>73,000000</COAC>
    <CORS>73,000000</CORS>
    <FOGN>73,000000</FOGN>
    <FRAN>67,270000</FRAN>
    <GREC>73,000000</GREC>
    <MFTV>67,270000</MFTV>
    <PRGP>140,000000</PRGP>
    <ROSN>73,000000</ROSN>
    <SLOV>67,270000</SLOV>
    <SVIZ>67,270000</SVIZ>
    <BSP>67,270000</BSP>
  </Prezzi>
  <Prezzi>
    <Data>20141014</Data>
    <Mercato>MGP</Mercato>
    <Ora>22</Ora>
    <PUN>66,098076</PUN>
    <NAT>63,090000</NAT>
    <CNOR>63,600000</CNOR>
    <CSUD>63,600000</CSUD>
    <NORD>62,160000</NORD>
    <SARD>63,600000</SARD>
    <SICI>115,000000</SICI>
    <SUD>63,600000</SUD>
    <AUST>62,160000</AUST>
    <BRNN>63,600000</BRNN>
    <COAC>63,600000</COAC>
    <CORS>63,600000</CORS>
    <FOGN>63,600000</FOGN>
    <FRAN>62,160000</FRAN>
    <GREC>63,600000</GREC>
    <MFTV>62,160000</MFTV>
    <PRGP>115,000000</PRGP>
    <ROSN>63,600000</ROSN>
    <SLOV>62,160000</SLOV>
    <SVIZ>62,160000</SVIZ>
    <BSP>62,160000</BSP>
  </Prezzi>
  <Prezzi>
    <Data>20141014</Data>
    <Mercato>MGP</Mercato>
    <Ora>23</Ora>
    <PUN>61,139436</PUN>
    <NAT>59,990000</NAT>
    <CNOR>59,990000</CNOR>
    <CSUD>59,990000</CSUD>
    <NORD>59,990000</NORD>
    <SARD>59,990000</SARD>
    <SICI>77,190000</SICI>
    <SUD>59,990000</SUD>
    <AUST>59,990000</AUST>
    <BRNN>59,990000</BRNN>
    <COAC>59,990000</COAC>
    <CORS>59,990000</CORS>
    <FOGN>59,990000</FOGN>
    <FRAN>59,990000</FRAN>
    <GREC>59,990000</GREC>
    <MFTV>59,990000</MFTV>
    <PRGP>77,190000</PRGP>
    <ROSN>59,990000</ROSN>
    <SLOV>59,990000</SLOV>
    <SVIZ>59,990000</SVIZ>
    <BSP>59,990000</BSP>
  </Prezzi>
  <Prezzi>
    <Data>20141014</Data>
    <Mercato>MGP</Mercato>
    <Ora>24</Ora>
    <PUN>53,254232</PUN>
    <NAT>53,480000</NAT>
    <CNOR>52,990000</CNOR>
    <CSUD>52,990000</CSUD>
    <NORD>52,990000</NORD>
    <SARD>52,990000</SARD>
    <SICI>57,000000</SICI>
    <SUD>52,990000</SUD>
    <AUST>52,990000</AUST>
    <BRNN>52,990000</BRNN>
    <COAC>52,990000</COAC>
    <CORS>52,990000</CORS>
    <FOGN>52,990000</FOGN>
    <FRAN>52,990000</FRAN>
    <GREC>52,990000</GREC>
    <MFTV>52,990000</MFTV>
    <PRGP>57,000000</PRGP>
    <ROSN>52,990000</ROSN>
    <SLOV>52,990000</SLOV>
    <SVIZ>52,990000</SVIZ>
    <BSP>52,990000</BSP>
  </Prezzi>
</NewDataSet>