<?xml version="1.0" standalone="yes"?>
<NewDataSet>
  <xs:schema id="NewDataSet" xmlns="" xmlns:xs="http://www.w3.org/2001/XMLSchema" xmlns:msdata="urn:schemas-microsoft-com:xml-msdata">
    <xs:element name="NewDataSet" msdata:IsDataSet="true" msdata:UseCurrentLocale="true">
      <xs:complexType>
        <xs:choice minOccurs="0" maxOccurs="unbounded">
          <xs:element name="Prezzi">
            <xs:complexType>
              <xs:sequence>
                <xs:element name="Data" type="xs:string" minOccurs="0" />
                <xs:element name="Mercato" type="xs:string" minOccurs="0" />
                <xs:element name="Ora" type="xs:string" minOccurs="0" />
                <xs:element name="PUN" type="xs:string" minOccurs="0" />
                <xs:element name="NAT" type="xs:string" minOccurs="0" />
                <xs:element name="CNOR" type="xs:string" minOccurs="0" />
                <xs:element name="CSUD" type="xs:string" minOccurs="0" />
                <xs:element name="NORD" type="xs:string" minOccurs="0" />
                <xs:element name="SARD" type="xs:string" minOccurs="0" />
                <xs:element name="SICI" type="xs:string" minOccurs="0" />
                <xs:element name="SUD" type="xs:string" minOccurs="0" />
                <xs:element name="AUST" type="xs:string" minOccurs="0" />
                <xs:element name="BRNN" type="xs:string" minOccurs="0" />
                <xs:element name="COAC" type="xs:string" minOccurs="0" />
                <xs:element name="CORS" type="xs:string" minOccurs="0" />
                <xs:element name="FOGN" type="xs:string" minOccurs="0" />
                <xs:element name="FRAN" type="xs:string" minOccurs="0" />
                <xs:element name="GREC" type="xs:string" minOccurs="0" />
                <xs:element name="MFTV" type="xs:string" minOccurs="0" />
                <xs:element name="PRGP" type="xs:string" minOccurs="0" />
                <xs:element name="ROSN" type="xs:string" minOccurs="0" />
                <xs:element name="SLOV" type="xs:string" minOccurs="0" />
                <xs:element name="SVIZ" type="xs:string" minOccurs="0" />
                <xs:element name="BSP" type="xs:string" minOccurs="0" />
              </xs:sequence>
            </xs:complexType>
          </xs:element>
        </xs:choice>
      </xs:complexType>
    </xs:element>
  </xs:schema>
  <Prezzi>
    <Data>20141031</Data>
    <Mercato>MGP</Mercato>
    <Ora>1</Ora>
    <PUN>49,564145</PUN>
    <NAT>47,050000</NAT>
    <CNOR>46,000000</CNOR>
    <CSUD>46,000000</CSUD>
    <NORD>46,000000</NORD>
    <SARD>62,690000</SARD>
    <SICI>90,020000</SICI>
    <SUD>39,620000</SUD>
    <AUST>46,000000</AUST>
    <BRNN>39,620000</BRNN>
    <COAC>62,690000</COAC>
    <CORS>62,690000</CORS>
    <FOGN>39,620000</FOGN>
    <FRAN>46,000000</FRAN>
    <GREC>39,620000</GREC>
    <MFTV>46,000000</MFTV>
    <PRGP>90,020000</PRGP>
    <ROSN>39,620000</ROSN>
    <SLOV>46,000000</SLOV>
    <SVIZ>46,000000</SVIZ>
    <BSP>42,890000</BSP>
  </Prezzi>
  <Prezzi>
    <Data>20141031</Data>
    <Mercato>MGP</Mercato>
    <Ora>2</Ora>
    <PUN>43,380000</PUN>
    <NAT>43,000000</NAT>
    <CNOR>40,688289</CNOR>
    <CSUD>40,688289</CSUD>
    <NORD>40,688289</NORD>
    <SARD>40,688289</SARD>
    <SICI>80,010000</SICI>
    <SUD>39,620000</SUD>
    <AUST>40,688289</AUST>
    <BRNN>39,620000</BRNN>
    <COAC>40,688289</COAC>
    <CORS>40,688289</CORS>
    <FOGN>39,620000</FOGN>
    <FRAN>40,688289</FRAN>
    <GREC>39,620000</GREC>
    <MFTV>40,688289</MFTV>
    <PRGP>80,010000</PRGP>
    <ROSN>39,620000</ROSN>
    <SLOV>40,688289</SLOV>
    <SVIZ>40,688289</SVIZ>
    <BSP>31,780000</BSP>
  </Prezzi>
  <Prezzi>
    <Data>20141031</Data>
    <Mercato>MGP</Mercato>
    <Ora>3</Ora>
    <PUN>41,680671</PUN>
    <NAT>40,000000</NAT>
    <CNOR>39,520000</CNOR>
    <CSUD>39,520000</CSUD>
    <NORD>39,520000</NORD>
    <SARD>39,520000</SARD>
    <SICI>70,010000</SICI>
    <SUD>39,520000</SUD>
    <AUST>39,520000</AUST>
    <BRNN>39,520000</BRNN>
    <COAC>39,520000</COAC>
    <CORS>39,520000</CORS>
    <FOGN>39,520000</FOGN>
    <FRAN>39,520000</FRAN>
    <GREC>39,520000</GREC>
    <MFTV>39,520000</MFTV>
    <PRGP>70,010000</PRGP>
    <ROSN>39,520000</ROSN>
    <SLOV>39,520000</SLOV>
    <SVIZ>39,520000</SVIZ>
    <BSP>27,360000</BSP>
  </Prezzi>
  <Prezzi>
    <Data>20141031</Data>
    <Mercato>MGP</Mercato>
    <Ora>4</Ora>
    <PUN>40,973433</PUN>
    <NAT>39,790000</NAT>
    <CNOR>38,790000</CNOR>
    <CSUD>38,790000</CSUD>
    <NORD>38,790000</NORD>
    <SARD>38,790000</SARD>
    <SICI>70,000000</SICI>
    <SUD>38,790000</SUD>
    <AUST>38,790000</AUST>
    <BRNN>38,790000</BRNN>
    <COAC>38,790000</COAC>
    <CORS>38,790000</CORS>
    <FOGN>38,790000</FOGN>
    <FRAN>38,790000</FRAN>
    <GREC>38,790000</GREC>
    <MFTV>38,790000</MFTV>
    <PRGP>70,000000</PRGP>
    <ROSN>38,790000</ROSN>
    <SLOV>38,790000</SLOV>
    <SVIZ>38,790000</SVIZ>
    <BSP>25,500000</BSP>
  </Prezzi>
  <Prezzi>
    <Data>20141031</Data>
    <Mercato>MGP</Mercato>
    <Ora>5</Ora>
    <PUN>40,344689</PUN>
    <NAT>39,630000</NAT>
    <CNOR>38,110000</CNOR>
    <CSUD>38,110000</CSUD>
    <NORD>38,110000</NORD>
    <SARD>38,110000</SARD>
    <SICI>70,000000</SICI>
    <SUD>38,110000</SUD>
    <AUST>38,110000</AUST>
    <BRNN>38,110000</BRNN>
    <COAC>38,110000</COAC>
    <CORS>38,110000</CORS>
    <FOGN>38,110000</FOGN>
    <FRAN>38,110000</FRAN>
    <GREC>38,110000</GREC>
    <MFTV>38,110000</MFTV>
    <PRGP>70,000000</PRGP>
    <ROSN>38,110000</ROSN>
    <SLOV>38,110000</SLOV>
    <SVIZ>38,110000</SVIZ>
    <BSP>27,820000</BSP>
  </Prezzi>
  <Prezzi>
    <Data>20141031</Data>
    <Mercato>MGP</Mercato>
    <Ora>6</Ora>
    <PUN>46,790000</PUN>
    <NAT>47,000000</NAT>
    <CNOR>45,676822</CNOR>
    <CSUD>45,676822</CSUD>
    <NORD>45,676822</NORD>
    <SARD>45,676822</SARD>
    <SICI>70,010000</SICI>
    <SUD>39,620000</SUD>
    <AUST>45,676822</AUST>
    <BRNN>39,620000</BRNN>
    <COAC>45,676822</COAC>
    <CORS>45,676822</CORS>
    <FOGN>39,620000</FOGN>
    <FRAN>45,676822</FRAN>
    <GREC>39,620000</GREC>
    <MFTV>45,676822</MFTV>
    <PRGP>70,010000</PRGP>
    <ROSN>39,620000</ROSN>
    <SLOV>45,676822</SLOV>
    <SVIZ>45,676822</SVIZ>
    <BSP>40,000000</BSP>
  </Prezzi>
  <Prezzi>
    <Data>20141031</Data>
    <Mercato>MGP</Mercato>
    <Ora>7</Ora>
    <PUN>63,252288</PUN>
    <NAT>59,700000</NAT>
    <CNOR>64,010000</CNOR>
    <CSUD>64,010000</CSUD>
    <NORD>64,010000</NORD>
    <SARD>64,010000</SARD>
    <SICI>85,010000</SICI>
    <SUD>39,630000</SUD>
    <AUST>64,010000</AUST>
    <BRNN>39,630000</BRNN>
    <COAC>64,010000</COAC>
    <CORS>64,010000</CORS>
    <FOGN>39,630000</FOGN>
    <FRAN>64,010000</FRAN>
    <GREC>39,630000</GREC>
    <MFTV>64,010000</MFTV>
    <PRGP>85,010000</PRGP>
    <ROSN>39,630000</ROSN>
    <SLOV>64,010000</SLOV>
    <SVIZ>64,010000</SVIZ>
    <BSP>47,770000</BSP>
  </Prezzi>
  <Prezzi>
    <Data>20141031</Data>
    <Mercato>MGP</Mercato>
    <Ora>8</Ora>
    <PUN>68,790000</PUN>
    <NAT>61,130000</NAT>
    <CNOR>70,264357</CNOR>
    <CSUD>70,264357</CSUD>
    <NORD>70,264357</NORD>
    <SARD>70,264357</SARD>
    <SICI>95,020000</SICI>
    <SUD>35,260000</SUD>
    <AUST>70,264357</AUST>
    <BRNN>35,260000</BRNN>
    <COAC>70,264357</COAC>
    <CORS>70,264357</CORS>
    <FOGN>35,260000</FOGN>
    <FRAN>70,264357</FRAN>
    <GREC>35,260000</GREC>
    <MFTV>70,264357</MFTV>
    <PRGP>95,020000</PRGP>
    <ROSN>35,260000</ROSN>
    <SLOV>70,264357</SLOV>
    <SVIZ>70,264357</SVIZ>
    <BSP>52,480000</BSP>
  </Prezzi>
  <Prezzi>
    <Data>20141031</Data>
    <Mercato>MGP</Mercato>
    <Ora>9</Ora>
    <PUN>72,530000</PUN>
    <NAT>63,710000</NAT>
    <CNOR>72,525978</CNOR>
    <CSUD>72,525978</CSUD>
    <NORD>72,525978</NORD>
    <SARD>72,525978</SARD>
    <SICI>135,010000</SICI>
    <SUD>30,050000</SUD>
    <AUST>72,525978</AUST>
    <BRNN>30,050000</BRNN>
    <COAC>72,525978</COAC>
    <CORS>72,525978</CORS>
    <FOGN>30,050000</FOGN>
    <FRAN>72,525978</FRAN>
    <GREC>30,050000</GREC>
    <MFTV>72,525978</MFTV>
    <PRGP>135,010000</PRGP>
    <ROSN>30,050000</ROSN>
    <SLOV>72,525978</SLOV>
    <SVIZ>72,525978</SVIZ>
    <BSP>52,700000</BSP>
  </Prezzi>
  <Prezzi>
    <Data>20141031</Data>
    <Mercato>MGP</Mercato>
    <Ora>10</Ora>
    <PUN>70,253618</PUN>
    <NAT>63,030000</NAT>
    <CNOR>69,930000</CNOR>
    <CSUD>69,930000</CSUD>
    <NORD>69,930000</NORD>
    <SARD>69,930000</SARD>
    <SICI>135,000000</SICI>
    <SUD>29,590000</SUD>
    <AUST>69,930000</AUST>
    <BRNN>29,590000</BRNN>
    <COAC>69,930000</COAC>
    <CORS>69,930000</CORS>
    <FOGN>29,590000</FOGN>
    <FRAN>69,930000</FRAN>
    <GREC>29,590000</GREC>
    <MFTV>69,930000</MFTV>
    <PRGP>135,000000</PRGP>
    <ROSN>29,590000</ROSN>
    <SLOV>69,930000</SLOV>
    <SVIZ>69,930000</SVIZ>
    <BSP>54,120000</BSP>
  </Prezzi>
  <Prezzi>
    <Data>20141031</Data>
    <Mercato>MGP</Mercato>
    <Ora>11</Ora>
    <PUN>61,515323</PUN>
    <NAT>57,020000</NAT>
    <CNOR>60,000000</CNOR>
    <CSUD>60,000000</CSUD>
    <NORD>60,000000</NORD>
    <SARD>60,000000</SARD>
    <SICI>130,600000</SICI>
    <SUD>29,480000</SUD>
    <AUST>60,000000</AUST>
    <BRNN>29,480000</BRNN>
    <COAC>60,000000</COAC>
    <CORS>60,000000</CORS>
    <FOGN>29,480000</FOGN>
    <FRAN>60,000000</FRAN>
    <GREC>29,480000</GREC>
    <MFTV>60,000000</MFTV>
    <PRGP>130,600000</PRGP>
    <ROSN>29,480000</ROSN>
    <SLOV>60,000000</SLOV>
    <SVIZ>60,000000</SVIZ>
    <BSP>53,980000</BSP>
  </Prezzi>
  <Prezzi>
    <Data>20141031</Data>
    <Mercato>MGP</Mercato>
    <Ora>12</Ora>
    <PUN>59,196961</PUN>
    <NAT>57,000000</NAT>
    <CNOR>58,960000</CNOR>
    <CSUD>58,960000</CSUD>
    <NORD>58,960000</NORD>
    <SARD>58,960000</SARD>
    <SICI>105,010000</SICI>
    <SUD>29,410000</SUD>
    <AUST>58,960000</AUST>
    <BRNN>29,410000</BRNN>
    <COAC>58,960000</COAC>
    <CORS>58,960000</CORS>
    <FOGN>29,410000</FOGN>
    <FRAN>58,960000</FRAN>
    <GREC>29,410000</GREC>
    <MFTV>58,960000</MFTV>
    <PRGP>105,010000</PRGP>
    <ROSN>29,410000</ROSN>
    <SLOV>58,960000</SLOV>
    <SVIZ>58,960000</SVIZ>
    <BSP>55,300000</BSP>
  </Prezzi>
  <Prezzi>
    <Data>20141031</Data>
    <Mercato>MGP</Mercato>
    <Ora>13</Ora>
    <PUN>52,485746</PUN>
    <NAT>50,390000</NAT>
    <CNOR>52,760000</CNOR>
    <CSUD>52,760000</CSUD>
    <NORD>52,760000</NORD>
    <SARD>52,760000</SARD>
    <SICI>81,020000</SICI>
    <SUD>29,410000</SUD>
    <AUST>52,760000</AUST>
    <BRNN>29,410000</BRNN>
    <COAC>52,760000</COAC>
    <CORS>52,760000</CORS>
    <FOGN>29,410000</FOGN>
    <FRAN>52,760000</FRAN>
    <GREC>29,410000</GREC>
    <MFTV>52,760000</MFTV>
    <PRGP>81,020000</PRGP>
    <ROSN>29,410000</ROSN>
    <SLOV>52,760000</SLOV>
    <SVIZ>52,760000</SVIZ>
    <BSP>52,760000</BSP>
  </Prezzi>
  <Prezzi>
    <Data>20141031</Data>
    <Mercato>MGP</Mercato>
    <Ora>14</Ora>
    <PUN>53,098712</PUN>
    <NAT>52,380000</NAT>
    <CNOR>53,400000</CNOR>
    <CSUD>53,400000</CSUD>
    <NORD>53,400000</NORD>
    <SARD>53,400000</SARD>
    <SICI>81,020000</SICI>
    <SUD>29,410000</SUD>
    <AUST>53,400000</AUST>
    <BRNN>29,410000</BRNN>
    <COAC>53,400000</COAC>
    <CORS>53,400000</CORS>
    <FOGN>29,410000</FOGN>
    <FRAN>53,400000</FRAN>
    <GREC>29,410000</GREC>
    <MFTV>53,400000</MFTV>
    <PRGP>81,020000</PRGP>
    <ROSN>29,410000</ROSN>
    <SLOV>53,400000</SLOV>
    <SVIZ>53,400000</SVIZ>
    <BSP>53,400000</BSP>
  </Prezzi>
  <Prezzi>
    <Data>20141031</Data>
    <Mercato>MGP</Mercato>
    <Ora>15</Ora>
    <PUN>57,996817</PUN>
    <NAT>57,010000</NAT>
    <CNOR>59,100000</CNOR>
    <CSUD>59,100000</CSUD>
    <NORD>59,100000</NORD>
    <SARD>59,100000</SARD>
    <SICI>81,020000</SICI>
    <SUD>29,590000</SUD>
    <AUST>59,100000</AUST>
    <BRNN>29,590000</BRNN>
    <COAC>59,100000</COAC>
    <CORS>59,100000</CORS>
    <FOGN>29,590000</FOGN>
    <FRAN>59,100000</FRAN>
    <GREC>29,590000</GREC>
    <MFTV>59,100000</MFTV>
    <PRGP>81,020000</PRGP>
    <ROSN>29,590000</ROSN>
    <SLOV>59,100000</SLOV>
    <SVIZ>59,100000</SVIZ>
    <BSP>58,000000</BSP>
  </Prezzi>
  <Prezzi>
    <Data>20141031</Data>
    <Mercato>MGP</Mercato>
    <Ora>16</Ora>
    <PUN>69,250000</PUN>
    <NAT>65,950000</NAT>
    <CNOR>70,739472</CNOR>
    <CSUD>70,739472</CSUD>
    <NORD>70,739472</NORD>
    <SARD>70,739472</SARD>
    <SICI>90,020000</SICI>
    <SUD>39,620000</SUD>
    <AUST>70,739472</AUST>
    <BRNN>39,620000</BRNN>
    <COAC>70,739472</COAC>
    <CORS>70,739472</CORS>
    <FOGN>39,620000</FOGN>
    <FRAN>70,739472</FRAN>
    <GREC>39,620000</GREC>
    <MFTV>70,739472</MFTV>
    <PRGP>90,020000</PRGP>
    <ROSN>39,620000</ROSN>
    <SLOV>70,739472</SLOV>
    <SVIZ>70,739472</SVIZ>
    <BSP>63,780000</BSP>
  </Prezzi>
  <Prezzi>
    <Data>20141031</Data>
    <Mercato>MGP</Mercato>
    <Ora>17</Ora>
    <PUN>84,815255</PUN>
    <NAT>82,130000</NAT>
    <CNOR>84,270000</CNOR>
    <CSUD>84,270000</CSUD>
    <NORD>84,270000</NORD>
    <SARD>84,270000</SARD>
    <SICI>120,020000</SICI>
    <SUD>66,550000</SUD>
    <AUST>84,270000</AUST>
    <BRNN>57,620000</BRNN>
    <COAC>84,270000</COAC>
    <CORS>84,270000</CORS>
    <FOGN>66,550000</FOGN>
    <FRAN>84,270000</FRAN>
    <GREC>57,620000</GREC>
    <MFTV>84,270000</MFTV>
    <PRGP>120,020000</PRGP>
    <ROSN>66,550000</ROSN>
    <SLOV>84,270000</SLOV>
    <SVIZ>84,270000</SVIZ>
    <BSP>64,000000</BSP>
  </Prezzi>
  <Prezzi>
    <Data>20141031</Data>
    <Mercato>MGP</Mercato>
    <Ora>18</Ora>
    <PUN>81,016649</PUN>
    <NAT>80,060000</NAT>
    <CNOR>77,000000</CNOR>
    <CSUD>77,000000</CSUD>
    <NORD>77,000000</NORD>
    <SARD>77,000000</SARD>
    <SICI>145,000000</SICI>
    <SUD>77,000000</SUD>
    <AUST>77,000000</AUST>
    <BRNN>77,000000</BRNN>
    <COAC>77,000000</COAC>
    <CORS>77,000000</CORS>
    <FOGN>77,000000</FOGN>
    <FRAN>77,000000</FRAN>
    <GREC>77,000000</GREC>
    <MFTV>77,000000</MFTV>
    <PRGP>145,000000</PRGP>
    <ROSN>77,000000</ROSN>
    <SLOV>77,000000</SLOV>
    <SVIZ>77,000000</SVIZ>
    <BSP>75,240000</BSP>
  </Prezzi>
  <Prezzi>
    <Data>20141031</Data>
    <Mercato>MGP</Mercato>
    <Ora>19</Ora>
    <PUN>99,020000</PUN>
    <NAT>99,600000</NAT>
    <CNOR>96,103414</CNOR>
    <CSUD>96,103414</CSUD>
    <NORD>96,103414</NORD>
    <SARD>96,103414</SARD>
    <SICI>145,010000</SICI>
    <SUD>96,103414</SUD>
    <AUST>96,103414</AUST>
    <BRNN>96,103414</BRNN>
    <COAC>96,103414</COAC>
    <CORS>96,103414</CORS>
    <FOGN>96,103414</FOGN>
    <FRAN>96,103414</FRAN>
    <GREC>96,103414</GREC>
    <MFTV>96,103414</MFTV>
    <PRGP>145,010000</PRGP>
    <ROSN>96,103414</ROSN>
    <SLOV>96,103414</SLOV>
    <SVIZ>96,103414</SVIZ>
    <BSP>76,000000</BSP>
  </Prezzi>
  <Prezzi>
    <Data>20141031</Data>
    <Mercato>MGP</Mercato>
    <Ora>20</Ora>
    <PUN>94,273027</PUN>
    <NAT>90,000000</NAT>
    <CNOR>86,970000</CNOR>
    <CSUD>86,970000</CSUD>
    <NORD>86,970000</NORD>
    <SARD>169,500000</SARD>
    <SICI>145,020000</SICI>
    <SUD>86,970000</SUD>
    <AUST>86,970000</AUST>
    <BRNN>86,970000</BRNN>
    <COAC>169,500000</COAC>
    <CORS>169,500000</CORS>
    <FOGN>86,970000</FOGN>
    <FRAN>86,970000</FRAN>
    <GREC>86,970000</GREC>
    <MFTV>86,970000</MFTV>
    <PRGP>145,020000</PRGP>
    <ROSN>86,970000</ROSN>
    <SLOV>86,970000</SLOV>
    <SVIZ>86,970000</SVIZ>
    <BSP>65,930000</BSP>
  </Prezzi>
  <Prezzi>
    <Data>20141031</Data>
    <Mercato>MGP</Mercato>
    <Ora>21</Ora>
    <PUN>73,240423</PUN>
    <NAT>67,990000</NAT>
    <CNOR>64,250000</CNOR>
    <CSUD>64,250000</CSUD>
    <NORD>64,250000</NORD>
    <SARD>169,500000</SARD>
    <SICI>120,020000</SICI>
    <SUD>64,250000</SUD>
    <AUST>64,250000</AUST>
    <BRNN>64,250000</BRNN>
    <COAC>169,500000</COAC>
    <CORS>169,500000</CORS>
    <FOGN>64,250000</FOGN>
    <FRAN>64,250000</FRAN>
    <GREC>64,250000</GREC>
    <MFTV>64,250000</MFTV>
    <PRGP>120,020000</PRGP>
    <ROSN>64,250000</ROSN>
    <SLOV>64,250000</SLOV>
    <SVIZ>64,250000</SVIZ>
    <BSP>64,250000</BSP>
  </Prezzi>
  <Prezzi>
    <Data>20141031</Data>
    <Mercato>MGP</Mercato>
    <Ora>22</Ora>
    <PUN>65,707991</PUN>
    <NAT>63,380000</NAT>
    <CNOR>60,000000</CNOR>
    <CSUD>60,000000</CSUD>
    <NORD>60,000000</NORD>
    <SARD>96,340000</SARD>
    <SICI>118,610000</SICI>
    <SUD>60,000000</SUD>
    <AUST>60,000000</AUST>
    <BRNN>60,000000</BRNN>
    <COAC>96,340000</COAC>
    <CORS>96,340000</CORS>
    <FOGN>60,000000</FOGN>
    <FRAN>60,000000</FRAN>
    <GREC>60,000000</GREC>
    <MFTV>60,000000</MFTV>
    <PRGP>118,610000</PRGP>
    <ROSN>60,000000</ROSN>
    <SLOV>60,000000</SLOV>
    <SVIZ>60,000000</SVIZ>
    <BSP>56,650000</BSP>
  </Prezzi>
  <Prezzi>
    <Data>20141031</Data>
    <Mercato>MGP</Mercato>
    <Ora>23</Ora>
    <PUN>62,751577</PUN>
    <NAT>55,300000</NAT>
    <CNOR>53,120000</CNOR>
    <CSUD>53,120000</CSUD>
    <NORD>53,120000</NORD>
    <SARD>169,500000</SARD>
    <SICI>100,020000</SICI>
    <SUD>53,120000</SUD>
    <AUST>53,120000</AUST>
    <BRNN>53,120000</BRNN>
    <COAC>169,500000</COAC>
    <CORS>169,500000</CORS>
    <FOGN>53,120000</FOGN>
    <FRAN>53,120000</FRAN>
    <GREC>53,120000</GREC>
    <MFTV>53,120000</MFTV>
    <PRGP>100,020000</PRGP>
    <ROSN>53,120000</ROSN>
    <SLOV>53,120000</SLOV>
    <SVIZ>53,120000</SVIZ>
    <BSP>47,990000</BSP>
  </Prezzi>
  <Prezzi>
    <Data>20141031</Data>
    <Mercato>MGP</Mercato>
    <Ora>24</Ora>
    <PUN>54,308174</PUN>
    <NAT>53,790000</NAT>
    <CNOR>51,020000</CNOR>
    <CSUD>51,020000</CSUD>
    <NORD>51,020000</NORD>
    <SARD>62,690000</SARD>
    <SICI>90,020000</SICI>
    <SUD>51,020000</SUD>
    <AUST>51,020000</AUST>
    <BRNN>51,020000</BRNN>
    <COAC>62,690000</COAC>
    <CORS>62,690000</CORS>
    <FOGN>51,020000</FOGN>
    <FRAN>51,020000</FRAN>
    <GREC>51,020000</GREC>
    <MFTV>51,020000</MFTV>
    <PRGP>90,020000</PRGP>
    <ROSN>51,020000</ROSN>
    <SLOV>51,020000</SLOV>
    <SVIZ>51,020000</SVIZ>
    <BSP>38,620000</BSP>
  </Prezzi>
</NewDataSet>