<?xml version="1.0" standalone="yes"?>
<NewDataSet>
  <xs:schema id="NewDataSet" xmlns="" xmlns:xs="http://www.w3.org/2001/XMLSchema" xmlns:msdata="urn:schemas-microsoft-com:xml-msdata">
    <xs:element name="NewDataSet" msdata:IsDataSet="true" msdata:UseCurrentLocale="true">
      <xs:complexType>
        <xs:choice minOccurs="0" maxOccurs="unbounded">
          <xs:element name="Prezzi">
            <xs:complexType>
              <xs:sequence>
                <xs:element name="Data" type="xs:string" minOccurs="0" />
                <xs:element name="Mercato" type="xs:string" minOccurs="0" />
                <xs:element name="Ora" type="xs:string" minOccurs="0" />
                <xs:element name="PUN" type="xs:string" minOccurs="0" />
                <xs:element name="NAT" type="xs:string" minOccurs="0" />
                <xs:element name="CNOR" type="xs:string" minOccurs="0" />
                <xs:element name="CSUD" type="xs:string" minOccurs="0" />
                <xs:element name="NORD" type="xs:string" minOccurs="0" />
                <xs:element name="SARD" type="xs:string" minOccurs="0" />
                <xs:element name="SICI" type="xs:string" minOccurs="0" />
                <xs:element name="SUD" type="xs:string" minOccurs="0" />
                <xs:element name="AUST" type="xs:string" minOccurs="0" />
                <xs:element name="BRNN" type="xs:string" minOccurs="0" />
                <xs:element name="COAC" type="xs:string" minOccurs="0" />
                <xs:element name="CORS" type="xs:string" minOccurs="0" />
                <xs:element name="FOGN" type="xs:string" minOccurs="0" />
                <xs:element name="FRAN" type="xs:string" minOccurs="0" />
                <xs:element name="GREC" type="xs:string" minOccurs="0" />
                <xs:element name="MFTV" type="xs:string" minOccurs="0" />
                <xs:element name="PRGP" type="xs:string" minOccurs="0" />
                <xs:element name="ROSN" type="xs:string" minOccurs="0" />
                <xs:element name="SLOV" type="xs:string" minOccurs="0" />
                <xs:element name="SVIZ" type="xs:string" minOccurs="0" />
                <xs:element name="BSP" type="xs:string" minOccurs="0" />
              </xs:sequence>
            </xs:complexType>
          </xs:element>
        </xs:choice>
      </xs:complexType>
    </xs:element>
  </xs:schema>
  <Prezzi>
    <Data>20141011</Data>
    <Mercato>MGP</Mercato>
    <Ora>1</Ora>
    <PUN>61,864473</PUN>
    <NAT>59,520000</NAT>
    <CNOR>60,290000</CNOR>
    <CSUD>60,290000</CSUD>
    <NORD>60,290000</NORD>
    <SARD>60,290000</SARD>
    <SICI>82,060000</SICI>
    <SUD>60,290000</SUD>
    <AUST>60,290000</AUST>
    <BRNN>60,290000</BRNN>
    <COAC>60,290000</COAC>
    <CORS>60,290000</CORS>
    <FOGN>60,290000</FOGN>
    <FRAN>60,290000</FRAN>
    <GREC>60,290000</GREC>
    <MFTV>60,290000</MFTV>
    <PRGP>82,060000</PRGP>
    <ROSN>60,290000</ROSN>
    <SLOV>60,290000</SLOV>
    <SVIZ>60,290000</SVIZ>
    <BSP>48,550000</BSP>
  </Prezzi>
  <Prezzi>
    <Data>20141011</Data>
    <Mercato>MGP</Mercato>
    <Ora>2</Ora>
    <PUN>60,000000</PUN>
    <NAT>57,360000</NAT>
    <CNOR>60,000000</CNOR>
    <CSUD>60,000000</CSUD>
    <NORD>60,000000</NORD>
    <SARD>60,000000</SARD>
    <SICI>60,000000</SICI>
    <SUD>60,000000</SUD>
    <AUST>60,000000</AUST>
    <BRNN>60,000000</BRNN>
    <COAC>60,000000</COAC>
    <CORS>60,000000</CORS>
    <FOGN>60,000000</FOGN>
    <FRAN>60,000000</FRAN>
    <GREC>60,000000</GREC>
    <MFTV>60,000000</MFTV>
    <PRGP>60,000000</PRGP>
    <ROSN>60,000000</ROSN>
    <SLOV>60,000000</SLOV>
    <SVIZ>60,000000</SVIZ>
    <BSP>43,500000</BSP>
  </Prezzi>
  <Prezzi>
    <Data>20141011</Data>
    <Mercato>MGP</Mercato>
    <Ora>3</Ora>
    <PUN>59,590000</PUN>
    <NAT>57,030000</NAT>
    <CNOR>59,590000</CNOR>
    <CSUD>59,590000</CSUD>
    <NORD>59,590000</NORD>
    <SARD>59,590000</SARD>
    <SICI>59,590000</SICI>
    <SUD>59,590000</SUD>
    <AUST>59,590000</AUST>
    <BRNN>59,590000</BRNN>
    <COAC>59,590000</COAC>
    <CORS>59,590000</CORS>
    <FOGN>59,590000</FOGN>
    <FRAN>59,590000</FRAN>
    <GREC>59,590000</GREC>
    <MFTV>59,590000</MFTV>
    <PRGP>59,590000</PRGP>
    <ROSN>59,590000</ROSN>
    <SLOV>59,590000</SLOV>
    <SVIZ>59,590000</SVIZ>
    <BSP>37,360000</BSP>
  </Prezzi>
  <Prezzi>
    <Data>20141011</Data>
    <Mercato>MGP</Mercato>
    <Ora>4</Ora>
    <PUN>56,072977</PUN>
    <NAT>55,830000</NAT>
    <CNOR>56,000000</CNOR>
    <CSUD>56,000000</CSUD>
    <NORD>56,000000</NORD>
    <SARD>56,000000</SARD>
    <SICI>57,030000</SICI>
    <SUD>56,000000</SUD>
    <AUST>56,000000</AUST>
    <BRNN>56,000000</BRNN>
    <COAC>56,000000</COAC>
    <CORS>56,000000</CORS>
    <FOGN>56,000000</FOGN>
    <FRAN>56,000000</FRAN>
    <GREC>56,000000</GREC>
    <MFTV>56,000000</MFTV>
    <PRGP>57,030000</PRGP>
    <ROSN>56,000000</ROSN>
    <SLOV>56,000000</SLOV>
    <SVIZ>56,000000</SVIZ>
    <BSP>38,900000</BSP>
  </Prezzi>
  <Prezzi>
    <Data>20141011</Data>
    <Mercato>MGP</Mercato>
    <Ora>5</Ora>
    <PUN>57,020704</PUN>
    <NAT>57,000000</NAT>
    <CNOR>57,020000</CNOR>
    <CSUD>57,020000</CSUD>
    <NORD>57,020000</NORD>
    <SARD>57,020000</SARD>
    <SICI>57,030000</SICI>
    <SUD>57,020000</SUD>
    <AUST>57,020000</AUST>
    <BRNN>57,020000</BRNN>
    <COAC>57,020000</COAC>
    <CORS>57,020000</CORS>
    <FOGN>57,020000</FOGN>
    <FRAN>57,020000</FRAN>
    <GREC>57,020000</GREC>
    <MFTV>57,020000</MFTV>
    <PRGP>57,030000</PRGP>
    <ROSN>57,020000</ROSN>
    <SLOV>57,020000</SLOV>
    <SVIZ>57,020000</SVIZ>
    <BSP>39,910000</BSP>
  </Prezzi>
  <Prezzi>
    <Data>20141011</Data>
    <Mercato>MGP</Mercato>
    <Ora>6</Ora>
    <PUN>58,321747</PUN>
    <NAT>57,020000</NAT>
    <CNOR>58,040000</CNOR>
    <CSUD>58,040000</CSUD>
    <NORD>58,040000</NORD>
    <SARD>58,040000</SARD>
    <SICI>61,990000</SICI>
    <SUD>58,040000</SUD>
    <AUST>58,040000</AUST>
    <BRNN>58,040000</BRNN>
    <COAC>58,040000</COAC>
    <CORS>58,040000</CORS>
    <FOGN>58,040000</FOGN>
    <FRAN>58,040000</FRAN>
    <GREC>58,040000</GREC>
    <MFTV>58,040000</MFTV>
    <PRGP>61,990000</PRGP>
    <ROSN>58,040000</ROSN>
    <SLOV>58,040000</SLOV>
    <SVIZ>58,040000</SVIZ>
    <BSP>45,600000</BSP>
  </Prezzi>
  <Prezzi>
    <Data>20141011</Data>
    <Mercato>MGP</Mercato>
    <Ora>7</Ora>
    <PUN>63,900000</PUN>
    <NAT>63,210000</NAT>
    <CNOR>63,900000</CNOR>
    <CSUD>63,900000</CSUD>
    <NORD>63,900000</NORD>
    <SARD>63,900000</SARD>
    <SICI>63,900000</SICI>
    <SUD>63,900000</SUD>
    <AUST>63,900000</AUST>
    <BRNN>63,900000</BRNN>
    <COAC>63,900000</COAC>
    <CORS>63,900000</CORS>
    <FOGN>63,900000</FOGN>
    <FRAN>63,900000</FRAN>
    <GREC>63,900000</GREC>
    <MFTV>63,900000</MFTV>
    <PRGP>63,900000</PRGP>
    <ROSN>63,900000</ROSN>
    <SLOV>63,900000</SLOV>
    <SVIZ>63,900000</SVIZ>
    <BSP>48,460000</BSP>
  </Prezzi>
  <Prezzi>
    <Data>20141011</Data>
    <Mercato>MGP</Mercato>
    <Ora>8</Ora>
    <PUN>66,470000</PUN>
    <NAT>64,850000</NAT>
    <CNOR>64,431814</CNOR>
    <CSUD>64,431814</CSUD>
    <NORD>64,431814</NORD>
    <SARD>64,431814</SARD>
    <SICI>95,000000</SICI>
    <SUD>64,431814</SUD>
    <AUST>64,431814</AUST>
    <BRNN>64,431814</BRNN>
    <COAC>64,431814</COAC>
    <CORS>64,431814</CORS>
    <FOGN>64,431814</FOGN>
    <FRAN>64,431814</FRAN>
    <GREC>64,431814</GREC>
    <MFTV>64,431814</MFTV>
    <PRGP>95,000000</PRGP>
    <ROSN>64,431814</ROSN>
    <SLOV>64,431814</SLOV>
    <SVIZ>64,431814</SVIZ>
    <BSP>56,110000</BSP>
  </Prezzi>
  <Prezzi>
    <Data>20141011</Data>
    <Mercato>MGP</Mercato>
    <Ora>9</Ora>
    <PUN>70,405515</PUN>
    <NAT>67,790000</NAT>
    <CNOR>68,000000</CNOR>
    <CSUD>68,000000</CSUD>
    <NORD>68,000000</NORD>
    <SARD>68,000000</SARD>
    <SICI>104,990000</SICI>
    <SUD>68,000000</SUD>
    <AUST>68,000000</AUST>
    <BRNN>68,000000</BRNN>
    <COAC>68,000000</COAC>
    <CORS>68,000000</CORS>
    <FOGN>68,000000</FOGN>
    <FRAN>68,000000</FRAN>
    <GREC>68,000000</GREC>
    <MFTV>68,000000</MFTV>
    <PRGP>104,990000</PRGP>
    <ROSN>68,000000</ROSN>
    <SLOV>68,000000</SLOV>
    <SVIZ>68,000000</SVIZ>
    <BSP>62,900000</BSP>
  </Prezzi>
  <Prezzi>
    <Data>20141011</Data>
    <Mercato>MGP</Mercato>
    <Ora>10</Ora>
    <PUN>70,075377</PUN>
    <NAT>67,670000</NAT>
    <CNOR>68,020000</CNOR>
    <CSUD>68,020000</CSUD>
    <NORD>68,020000</NORD>
    <SARD>68,020000</SARD>
    <SICI>99,990000</SICI>
    <SUD>68,020000</SUD>
    <AUST>68,020000</AUST>
    <BRNN>68,020000</BRNN>
    <COAC>68,020000</COAC>
    <CORS>68,020000</CORS>
    <FOGN>68,020000</FOGN>
    <FRAN>68,020000</FRAN>
    <GREC>68,020000</GREC>
    <MFTV>68,020000</MFTV>
    <PRGP>99,990000</PRGP>
    <ROSN>68,020000</ROSN>
    <SLOV>68,020000</SLOV>
    <SVIZ>68,020000</SVIZ>
    <BSP>61,880000</BSP>
  </Prezzi>
  <Prezzi>
    <Data>20141011</Data>
    <Mercato>MGP</Mercato>
    <Ora>11</Ora>
    <PUN>63,443049</PUN>
    <NAT>61,190000</NAT>
    <CNOR>57,530000</CNOR>
    <CSUD>57,530000</CSUD>
    <NORD>67,360000</NORD>
    <SARD>57,530000</SARD>
    <SICI>57,530000</SICI>
    <SUD>57,530000</SUD>
    <AUST>67,360000</AUST>
    <BRNN>57,530000</BRNN>
    <COAC>57,530000</COAC>
    <CORS>57,530000</CORS>
    <FOGN>57,530000</FOGN>
    <FRAN>67,360000</FRAN>
    <GREC>57,530000</GREC>
    <MFTV>67,360000</MFTV>
    <PRGP>57,530000</PRGP>
    <ROSN>57,530000</ROSN>
    <SLOV>67,360000</SLOV>
    <SVIZ>67,360000</SVIZ>
    <BSP>58,300000</BSP>
  </Prezzi>
  <Prezzi>
    <Data>20141011</Data>
    <Mercato>MGP</Mercato>
    <Ora>12</Ora>
    <PUN>59,621155</PUN>
    <NAT>57,500000</NAT>
    <CNOR>53,500000</CNOR>
    <CSUD>53,500000</CSUD>
    <NORD>63,380000</NORD>
    <SARD>53,500000</SARD>
    <SICI>57,030000</SICI>
    <SUD>53,500000</SUD>
    <AUST>63,380000</AUST>
    <BRNN>53,500000</BRNN>
    <COAC>53,500000</COAC>
    <CORS>53,500000</CORS>
    <FOGN>53,500000</FOGN>
    <FRAN>63,380000</FRAN>
    <GREC>53,500000</GREC>
    <MFTV>63,380000</MFTV>
    <PRGP>57,030000</PRGP>
    <ROSN>53,500000</ROSN>
    <SLOV>63,380000</SLOV>
    <SVIZ>63,380000</SVIZ>
    <BSP>53,850000</BSP>
  </Prezzi>
  <Prezzi>
    <Data>20141011</Data>
    <Mercato>MGP</Mercato>
    <Ora>13</Ora>
    <PUN>54,457580</PUN>
    <NAT>55,030000</NAT>
    <CNOR>49,590000</CNOR>
    <CSUD>49,590000</CSUD>
    <NORD>57,020000</NORD>
    <SARD>49,590000</SARD>
    <SICI>57,030000</SICI>
    <SUD>49,590000</SUD>
    <AUST>57,020000</AUST>
    <BRNN>49,590000</BRNN>
    <COAC>49,590000</COAC>
    <CORS>49,590000</CORS>
    <FOGN>49,590000</FOGN>
    <FRAN>57,020000</FRAN>
    <GREC>49,590000</GREC>
    <MFTV>57,020000</MFTV>
    <PRGP>57,030000</PRGP>
    <ROSN>49,590000</ROSN>
    <SLOV>57,020000</SLOV>
    <SVIZ>57,020000</SVIZ>
    <BSP>55,000000</BSP>
  </Prezzi>
  <Prezzi>
    <Data>20141011</Data>
    <Mercato>MGP</Mercato>
    <Ora>14</Ora>
    <PUN>53,472113</PUN>
    <NAT>52,580000</NAT>
    <CNOR>49,480000</CNOR>
    <CSUD>49,480000</CSUD>
    <NORD>55,520000</NORD>
    <SARD>49,480000</SARD>
    <SICI>57,010000</SICI>
    <SUD>49,480000</SUD>
    <AUST>55,520000</AUST>
    <BRNN>49,480000</BRNN>
    <COAC>49,480000</COAC>
    <CORS>49,480000</CORS>
    <FOGN>49,480000</FOGN>
    <FRAN>55,520000</FRAN>
    <GREC>49,480000</GREC>
    <MFTV>55,520000</MFTV>
    <PRGP>57,010000</PRGP>
    <ROSN>49,480000</ROSN>
    <SLOV>55,520000</SLOV>
    <SVIZ>55,520000</SVIZ>
    <BSP>52,640000</BSP>
  </Prezzi>
  <Prezzi>
    <Data>20141011</Data>
    <Mercato>MGP</Mercato>
    <Ora>15</Ora>
    <PUN>51,476503</PUN>
    <NAT>50,000000</NAT>
    <CNOR>44,120000</CNOR>
    <CSUD>44,120000</CSUD>
    <NORD>55,030000</NORD>
    <SARD>44,120000</SARD>
    <SICI>57,010000</SICI>
    <SUD>44,120000</SUD>
    <AUST>55,030000</AUST>
    <BRNN>44,120000</BRNN>
    <COAC>44,120000</COAC>
    <CORS>44,120000</CORS>
    <FOGN>44,120000</FOGN>
    <FRAN>55,030000</FRAN>
    <GREC>44,120000</GREC>
    <MFTV>55,030000</MFTV>
    <PRGP>57,010000</PRGP>
    <ROSN>44,120000</ROSN>
    <SLOV>55,030000</SLOV>
    <SVIZ>55,030000</SVIZ>
    <BSP>48,930000</BSP>
  </Prezzi>
  <Prezzi>
    <Data>20141011</Data>
    <Mercato>MGP</Mercato>
    <Ora>16</Ora>
    <PUN>53,745695</PUN>
    <NAT>52,740000</NAT>
    <CNOR>50,000000</CNOR>
    <CSUD>50,000000</CSUD>
    <NORD>55,520000</NORD>
    <SARD>50,000000</SARD>
    <SICI>57,030000</SICI>
    <SUD>50,000000</SUD>
    <AUST>55,520000</AUST>
    <BRNN>50,000000</BRNN>
    <COAC>50,000000</COAC>
    <CORS>50,000000</CORS>
    <FOGN>50,000000</FOGN>
    <FRAN>55,520000</FRAN>
    <GREC>50,000000</GREC>
    <MFTV>55,520000</MFTV>
    <PRGP>57,030000</PRGP>
    <ROSN>50,000000</ROSN>
    <SLOV>55,520000</SLOV>
    <SVIZ>55,520000</SVIZ>
    <BSP>48,840000</BSP>
  </Prezzi>
  <Prezzi>
    <Data>20141011</Data>
    <Mercato>MGP</Mercato>
    <Ora>17</Ora>
    <PUN>58,499497</PUN>
    <NAT>56,840000</NAT>
    <CNOR>56,090000</CNOR>
    <CSUD>56,090000</CSUD>
    <NORD>56,090000</NORD>
    <SARD>56,090000</SARD>
    <SICI>90,000000</SICI>
    <SUD>56,090000</SUD>
    <AUST>56,090000</AUST>
    <BRNN>56,090000</BRNN>
    <COAC>56,090000</COAC>
    <CORS>56,090000</CORS>
    <FOGN>56,090000</FOGN>
    <FRAN>56,090000</FRAN>
    <GREC>56,090000</GREC>
    <MFTV>56,090000</MFTV>
    <PRGP>90,000000</PRGP>
    <ROSN>56,090000</ROSN>
    <SLOV>56,090000</SLOV>
    <SVIZ>56,090000</SVIZ>
    <BSP>50,640000</BSP>
  </Prezzi>
  <Prezzi>
    <Data>20141011</Data>
    <Mercato>MGP</Mercato>
    <Ora>18</Ora>
    <PUN>62,245494</PUN>
    <NAT>59,780000</NAT>
    <CNOR>59,690000</CNOR>
    <CSUD>59,690000</CSUD>
    <NORD>59,690000</NORD>
    <SARD>59,690000</SARD>
    <SICI>95,000000</SICI>
    <SUD>59,690000</SUD>
    <AUST>59,690000</AUST>
    <BRNN>59,690000</BRNN>
    <COAC>59,690000</COAC>
    <CORS>59,690000</CORS>
    <FOGN>59,690000</FOGN>
    <FRAN>59,690000</FRAN>
    <GREC>59,690000</GREC>
    <MFTV>59,690000</MFTV>
    <PRGP>95,000000</PRGP>
    <ROSN>59,690000</ROSN>
    <SLOV>59,690000</SLOV>
    <SVIZ>59,690000</SVIZ>
    <BSP>55,000000</BSP>
  </Prezzi>
  <Prezzi>
    <Data>20141011</Data>
    <Mercato>MGP</Mercato>
    <Ora>19</Ora>
    <PUN>72,227717</PUN>
    <NAT>66,650000</NAT>
    <CNOR>68,050000</CNOR>
    <CSUD>68,050000</CSUD>
    <NORD>66,650000</NORD>
    <SARD>68,050000</SARD>
    <SICI>140,000000</SICI>
    <SUD>68,050000</SUD>
    <AUST>66,650000</AUST>
    <BRNN>68,050000</BRNN>
    <COAC>68,050000</COAC>
    <CORS>68,050000</CORS>
    <FOGN>68,050000</FOGN>
    <FRAN>66,650000</FRAN>
    <GREC>68,050000</GREC>
    <MFTV>66,650000</MFTV>
    <PRGP>140,000000</PRGP>
    <ROSN>68,050000</ROSN>
    <SLOV>66,650000</SLOV>
    <SVIZ>66,650000</SVIZ>
    <BSP>62,110000</BSP>
  </Prezzi>
  <Prezzi>
    <Data>20141011</Data>
    <Mercato>MGP</Mercato>
    <Ora>20</Ora>
    <PUN>93,477757</PUN>
    <NAT>90,190000</NAT>
    <CNOR>99,270000</CNOR>
    <CSUD>99,270000</CSUD>
    <NORD>83,930000</NORD>
    <SARD>99,270000</SARD>
    <SICI>140,010000</SICI>
    <SUD>99,270000</SUD>
    <AUST>83,930000</AUST>
    <BRNN>99,270000</BRNN>
    <COAC>99,270000</COAC>
    <CORS>99,270000</CORS>
    <FOGN>99,270000</FOGN>
    <FRAN>83,930000</FRAN>
    <GREC>99,270000</GREC>
    <MFTV>83,930000</MFTV>
    <PRGP>140,010000</PRGP>
    <ROSN>99,270000</ROSN>
    <SLOV>83,930000</SLOV>
    <SVIZ>83,930000</SVIZ>
    <BSP>81,190000</BSP>
  </Prezzi>
  <Prezzi>
    <Data>20141011</Data>
    <Mercato>MGP</Mercato>
    <Ora>21</Ora>
    <PUN>76,303445</PUN>
    <NAT>74,000000</NAT>
    <CNOR>73,500000</CNOR>
    <CSUD>73,500000</CSUD>
    <NORD>70,290000</NORD>
    <SARD>73,500000</SARD>
    <SICI>140,010000</SICI>
    <SUD>73,500000</SUD>
    <AUST>70,290000</AUST>
    <BRNN>73,500000</BRNN>
    <COAC>73,500000</COAC>
    <CORS>73,500000</CORS>
    <FOGN>73,500000</FOGN>
    <FRAN>70,290000</FRAN>
    <GREC>73,500000</GREC>
    <MFTV>70,290000</MFTV>
    <PRGP>140,010000</PRGP>
    <ROSN>73,500000</ROSN>
    <SLOV>70,290000</SLOV>
    <SVIZ>70,290000</SVIZ>
    <BSP>66,150000</BSP>
  </Prezzi>
  <Prezzi>
    <Data>20141011</Data>
    <Mercato>MGP</Mercato>
    <Ora>22</Ora>
    <PUN>66,781148</PUN>
    <NAT>64,180000</NAT>
    <CNOR>63,130000</CNOR>
    <CSUD>63,130000</CSUD>
    <NORD>61,380000</NORD>
    <SARD>63,130000</SARD>
    <SICI>131,280000</SICI>
    <SUD>63,130000</SUD>
    <AUST>61,380000</AUST>
    <BRNN>63,130000</BRNN>
    <COAC>63,130000</COAC>
    <CORS>63,130000</CORS>
    <FOGN>63,130000</FOGN>
    <FRAN>61,380000</FRAN>
    <GREC>63,130000</GREC>
    <MFTV>61,380000</MFTV>
    <PRGP>131,280000</PRGP>
    <ROSN>63,130000</ROSN>
    <SLOV>61,380000</SLOV>
    <SVIZ>61,380000</SVIZ>
    <BSP>61,380000</BSP>
  </Prezzi>
  <Prezzi>
    <Data>20141011</Data>
    <Mercato>MGP</Mercato>
    <Ora>23</Ora>
    <PUN>63,318269</PUN>
    <NAT>61,020000</NAT>
    <CNOR>59,990000</CNOR>
    <CSUD>59,990000</CSUD>
    <NORD>59,990000</NORD>
    <SARD>59,990000</SARD>
    <SICI>105,020000</SICI>
    <SUD>59,990000</SUD>
    <AUST>59,990000</AUST>
    <BRNN>59,990000</BRNN>
    <COAC>59,990000</COAC>
    <CORS>59,990000</CORS>
    <FOGN>59,990000</FOGN>
    <FRAN>59,990000</FRAN>
    <GREC>59,990000</GREC>
    <MFTV>59,990000</MFTV>
    <PRGP>105,020000</PRGP>
    <ROSN>59,990000</ROSN>
    <SLOV>59,990000</SLOV>
    <SVIZ>59,990000</SVIZ>
    <BSP>59,990000</BSP>
  </Prezzi>
  <Prezzi>
    <Data>20141011</Data>
    <Mercato>MGP</Mercato>
    <Ora>24</Ora>
    <PUN>59,756901</PUN>
    <NAT>57,110000</NAT>
    <CNOR>57,110000</CNOR>
    <CSUD>57,110000</CSUD>
    <NORD>57,110000</NORD>
    <SARD>57,110000</SARD>
    <SICI>92,930000</SICI>
    <SUD>57,110000</SUD>
    <AUST>57,110000</AUST>
    <BRNN>57,110000</BRNN>
    <COAC>57,110000</COAC>
    <CORS>57,110000</CORS>
    <FOGN>57,110000</FOGN>
    <FRAN>57,110000</FRAN>
    <GREC>57,110000</GREC>
    <MFTV>57,110000</MFTV>
    <PRGP>92,930000</PRGP>
    <ROSN>57,110000</ROSN>
    <SLOV>57,110000</SLOV>
    <SVIZ>57,110000</SVIZ>
    <BSP>48,000000</BSP>
  </Prezzi>
</NewDataSet>