<?xml version="1.0" standalone="yes"?>
<NewDataSet>
  <xs:schema id="NewDataSet" xmlns="" xmlns:xs="http://www.w3.org/2001/XMLSchema" xmlns:msdata="urn:schemas-microsoft-com:xml-msdata">
    <xs:element name="NewDataSet" msdata:IsDataSet="true" msdata:UseCurrentLocale="true">
      <xs:complexType>
        <xs:choice minOccurs="0" maxOccurs="unbounded">
          <xs:element name="Prezzi">
            <xs:complexType>
              <xs:sequence>
                <xs:element name="Data" type="xs:string" minOccurs="0" />
                <xs:element name="Mercato" type="xs:string" minOccurs="0" />
                <xs:element name="Ora" type="xs:string" minOccurs="0" />
                <xs:element name="PUN" type="xs:string" minOccurs="0" />
                <xs:element name="NAT" type="xs:string" minOccurs="0" />
                <xs:element name="CNOR" type="xs:string" minOccurs="0" />
                <xs:element name="CSUD" type="xs:string" minOccurs="0" />
                <xs:element name="NORD" type="xs:string" minOccurs="0" />
                <xs:element name="SARD" type="xs:string" minOccurs="0" />
                <xs:element name="SICI" type="xs:string" minOccurs="0" />
                <xs:element name="SUD" type="xs:string" minOccurs="0" />
                <xs:element name="AUST" type="xs:string" minOccurs="0" />
                <xs:element name="BRNN" type="xs:string" minOccurs="0" />
                <xs:element name="COAC" type="xs:string" minOccurs="0" />
                <xs:element name="CORS" type="xs:string" minOccurs="0" />
                <xs:element name="FOGN" type="xs:string" minOccurs="0" />
                <xs:element name="FRAN" type="xs:string" minOccurs="0" />
                <xs:element name="GREC" type="xs:string" minOccurs="0" />
                <xs:element name="MFTV" type="xs:string" minOccurs="0" />
                <xs:element name="PRGP" type="xs:string" minOccurs="0" />
                <xs:element name="ROSN" type="xs:string" minOccurs="0" />
                <xs:element name="SLOV" type="xs:string" minOccurs="0" />
                <xs:element name="SVIZ" type="xs:string" minOccurs="0" />
                <xs:element name="BSP" type="xs:string" minOccurs="0" />
              </xs:sequence>
            </xs:complexType>
          </xs:element>
        </xs:choice>
      </xs:complexType>
    </xs:element>
  </xs:schema>
  <Prezzi>
    <Data>20141025</Data>
    <Mercato>MGP</Mercato>
    <Ora>1</Ora>
    <PUN>55,843194</PUN>
    <NAT>49,450000</NAT>
    <CNOR>51,780000</CNOR>
    <CSUD>51,780000</CSUD>
    <NORD>51,780000</NORD>
    <SARD>51,780000</SARD>
    <SICI>126,610000</SICI>
    <SUD>35,730000</SUD>
    <AUST>51,780000</AUST>
    <BRNN>35,730000</BRNN>
    <COAC>51,780000</COAC>
    <CORS>51,780000</CORS>
    <FOGN>35,730000</FOGN>
    <FRAN>51,780000</FRAN>
    <GREC>35,730000</GREC>
    <MFTV>51,780000</MFTV>
    <PRGP>126,610000</PRGP>
    <ROSN>35,730000</ROSN>
    <SLOV>51,780000</SLOV>
    <SVIZ>51,780000</SVIZ>
    <BSP>29,000000</BSP>
  </Prezzi>
  <Prezzi>
    <Data>20141025</Data>
    <Mercato>MGP</Mercato>
    <Ora>2</Ora>
    <PUN>55,310785</PUN>
    <NAT>49,190000</NAT>
    <CNOR>51,770000</CNOR>
    <CSUD>51,770000</CSUD>
    <NORD>51,770000</NORD>
    <SARD>51,770000</SARD>
    <SICI>123,800000</SICI>
    <SUD>36,260000</SUD>
    <AUST>51,770000</AUST>
    <BRNN>36,260000</BRNN>
    <COAC>51,770000</COAC>
    <CORS>51,770000</CORS>
    <FOGN>36,260000</FOGN>
    <FRAN>51,770000</FRAN>
    <GREC>36,260000</GREC>
    <MFTV>51,770000</MFTV>
    <PRGP>123,800000</PRGP>
    <ROSN>36,260000</ROSN>
    <SLOV>51,770000</SLOV>
    <SVIZ>51,770000</SVIZ>
    <BSP>25,700000</BSP>
  </Prezzi>
  <Prezzi>
    <Data>20141025</Data>
    <Mercato>MGP</Mercato>
    <Ora>3</Ora>
    <PUN>48,497807</PUN>
    <NAT>43,530000</NAT>
    <CNOR>43,530000</CNOR>
    <CSUD>43,530000</CSUD>
    <NORD>43,530000</NORD>
    <SARD>43,530000</SARD>
    <SICI>123,800000</SICI>
    <SUD>35,730000</SUD>
    <AUST>43,530000</AUST>
    <BRNN>35,730000</BRNN>
    <COAC>43,530000</COAC>
    <CORS>43,530000</CORS>
    <FOGN>35,730000</FOGN>
    <FRAN>43,530000</FRAN>
    <GREC>35,730000</GREC>
    <MFTV>43,530000</MFTV>
    <PRGP>123,800000</PRGP>
    <ROSN>35,730000</ROSN>
    <SLOV>43,530000</SLOV>
    <SVIZ>43,530000</SVIZ>
    <BSP>23,000000</BSP>
  </Prezzi>
  <Prezzi>
    <Data>20141025</Data>
    <Mercato>MGP</Mercato>
    <Ora>4</Ora>
    <PUN>48,234143</PUN>
    <NAT>43,030000</NAT>
    <CNOR>43,530000</CNOR>
    <CSUD>43,530000</CSUD>
    <NORD>43,530000</NORD>
    <SARD>43,530000</SARD>
    <SICI>122,770000</SICI>
    <SUD>35,730000</SUD>
    <AUST>43,530000</AUST>
    <BRNN>35,730000</BRNN>
    <COAC>43,530000</COAC>
    <CORS>43,530000</CORS>
    <FOGN>35,730000</FOGN>
    <FRAN>43,530000</FRAN>
    <GREC>35,730000</GREC>
    <MFTV>43,530000</MFTV>
    <PRGP>122,770000</PRGP>
    <ROSN>35,730000</ROSN>
    <SLOV>43,530000</SLOV>
    <SVIZ>43,530000</SVIZ>
    <BSP>23,000000</BSP>
  </Prezzi>
  <Prezzi>
    <Data>20141025</Data>
    <Mercato>MGP</Mercato>
    <Ora>5</Ora>
    <PUN>48,170707</PUN>
    <NAT>43,030000</NAT>
    <CNOR>43,530000</CNOR>
    <CSUD>43,530000</CSUD>
    <NORD>43,530000</NORD>
    <SARD>43,530000</SARD>
    <SICI>122,770000</SICI>
    <SUD>35,730000</SUD>
    <AUST>43,530000</AUST>
    <BRNN>35,730000</BRNN>
    <COAC>43,530000</COAC>
    <CORS>43,530000</CORS>
    <FOGN>35,730000</FOGN>
    <FRAN>43,530000</FRAN>
    <GREC>35,730000</GREC>
    <MFTV>43,530000</MFTV>
    <PRGP>122,770000</PRGP>
    <ROSN>35,730000</ROSN>
    <SLOV>43,530000</SLOV>
    <SVIZ>43,530000</SVIZ>
    <BSP>23,000000</BSP>
  </Prezzi>
  <Prezzi>
    <Data>20141025</Data>
    <Mercato>MGP</Mercato>
    <Ora>6</Ora>
    <PUN>48,978012</PUN>
    <NAT>44,790000</NAT>
    <CNOR>44,150000</CNOR>
    <CSUD>44,150000</CSUD>
    <NORD>44,150000</NORD>
    <SARD>44,150000</SARD>
    <SICI>123,800000</SICI>
    <SUD>35,730000</SUD>
    <AUST>44,150000</AUST>
    <BRNN>35,730000</BRNN>
    <COAC>44,150000</COAC>
    <CORS>44,150000</CORS>
    <FOGN>35,730000</FOGN>
    <FRAN>44,150000</FRAN>
    <GREC>35,730000</GREC>
    <MFTV>44,150000</MFTV>
    <PRGP>123,800000</PRGP>
    <ROSN>35,730000</ROSN>
    <SLOV>44,150000</SLOV>
    <SVIZ>44,150000</SVIZ>
    <BSP>24,700000</BSP>
  </Prezzi>
  <Prezzi>
    <Data>20141025</Data>
    <Mercato>MGP</Mercato>
    <Ora>7</Ora>
    <PUN>58,347275</PUN>
    <NAT>52,400000</NAT>
    <CNOR>55,000000</CNOR>
    <CSUD>55,000000</CSUD>
    <NORD>55,000000</NORD>
    <SARD>55,000000</SARD>
    <SICI>126,610000</SICI>
    <SUD>35,260000</SUD>
    <AUST>55,000000</AUST>
    <BRNN>35,260000</BRNN>
    <COAC>55,000000</COAC>
    <CORS>55,000000</CORS>
    <FOGN>35,260000</FOGN>
    <FRAN>55,000000</FRAN>
    <GREC>35,260000</GREC>
    <MFTV>55,000000</MFTV>
    <PRGP>126,610000</PRGP>
    <ROSN>35,260000</ROSN>
    <SLOV>55,000000</SLOV>
    <SVIZ>55,000000</SVIZ>
    <BSP>30,890000</BSP>
  </Prezzi>
  <Prezzi>
    <Data>20141025</Data>
    <Mercato>MGP</Mercato>
    <Ora>8</Ora>
    <PUN>61,892630</PUN>
    <NAT>57,000000</NAT>
    <CNOR>58,070000</CNOR>
    <CSUD>58,070000</CSUD>
    <NORD>58,070000</NORD>
    <SARD>58,070000</SARD>
    <SICI>126,610000</SICI>
    <SUD>49,450000</SUD>
    <AUST>58,070000</AUST>
    <BRNN>49,450000</BRNN>
    <COAC>58,070000</COAC>
    <CORS>58,070000</CORS>
    <FOGN>49,450000</FOGN>
    <FRAN>58,070000</FRAN>
    <GREC>49,450000</GREC>
    <MFTV>58,070000</MFTV>
    <PRGP>126,610000</PRGP>
    <ROSN>49,450000</ROSN>
    <SLOV>58,070000</SLOV>
    <SVIZ>58,070000</SVIZ>
    <BSP>44,570000</BSP>
  </Prezzi>
  <Prezzi>
    <Data>20141025</Data>
    <Mercato>MGP</Mercato>
    <Ora>9</Ora>
    <PUN>64,660000</PUN>
    <NAT>58,020000</NAT>
    <CNOR>61,316907</CNOR>
    <CSUD>61,316907</CSUD>
    <NORD>61,316907</NORD>
    <SARD>61,316907</SARD>
    <SICI>126,610000</SICI>
    <SUD>49,450000</SUD>
    <AUST>61,316907</AUST>
    <BRNN>49,450000</BRNN>
    <COAC>61,316907</COAC>
    <CORS>61,316907</CORS>
    <FOGN>49,450000</FOGN>
    <FRAN>61,316907</FRAN>
    <GREC>49,450000</GREC>
    <MFTV>61,316907</MFTV>
    <PRGP>126,610000</PRGP>
    <ROSN>49,450000</ROSN>
    <SLOV>61,316907</SLOV>
    <SVIZ>61,316907</SVIZ>
    <BSP>50,890000</BSP>
  </Prezzi>
  <Prezzi>
    <Data>20141025</Data>
    <Mercato>MGP</Mercato>
    <Ora>10</Ora>
    <PUN>65,619383</PUN>
    <NAT>57,080000</NAT>
    <CNOR>64,700000</CNOR>
    <CSUD>64,700000</CSUD>
    <NORD>64,700000</NORD>
    <SARD>64,700000</SARD>
    <SICI>126,610000</SICI>
    <SUD>29,590000</SUD>
    <AUST>64,700000</AUST>
    <BRNN>29,590000</BRNN>
    <COAC>64,700000</COAC>
    <CORS>64,700000</CORS>
    <FOGN>29,590000</FOGN>
    <FRAN>64,700000</FRAN>
    <GREC>29,590000</GREC>
    <MFTV>64,700000</MFTV>
    <PRGP>126,610000</PRGP>
    <ROSN>29,590000</ROSN>
    <SLOV>64,700000</SLOV>
    <SVIZ>64,700000</SVIZ>
    <BSP>53,280000</BSP>
  </Prezzi>
  <Prezzi>
    <Data>20141025</Data>
    <Mercato>MGP</Mercato>
    <Ora>11</Ora>
    <PUN>54,279181</PUN>
    <NAT>50,720000</NAT>
    <CNOR>51,350000</CNOR>
    <CSUD>51,350000</CSUD>
    <NORD>51,350000</NORD>
    <SARD>51,350000</SARD>
    <SICI>123,800000</SICI>
    <SUD>29,480000</SUD>
    <AUST>51,350000</AUST>
    <BRNN>29,480000</BRNN>
    <COAC>51,350000</COAC>
    <CORS>51,350000</CORS>
    <FOGN>29,480000</FOGN>
    <FRAN>51,350000</FRAN>
    <GREC>29,480000</GREC>
    <MFTV>51,350000</MFTV>
    <PRGP>123,800000</PRGP>
    <ROSN>29,480000</ROSN>
    <SLOV>51,350000</SLOV>
    <SVIZ>51,350000</SVIZ>
    <BSP>51,350000</BSP>
  </Prezzi>
  <Prezzi>
    <Data>20141025</Data>
    <Mercato>MGP</Mercato>
    <Ora>12</Ora>
    <PUN>47,563437</PUN>
    <NAT>43,530000</NAT>
    <CNOR>43,530000</CNOR>
    <CSUD>43,530000</CSUD>
    <NORD>43,530000</NORD>
    <SARD>43,530000</SARD>
    <SICI>122,770000</SICI>
    <SUD>29,410000</SUD>
    <AUST>43,530000</AUST>
    <BRNN>29,410000</BRNN>
    <COAC>43,530000</COAC>
    <CORS>43,530000</CORS>
    <FOGN>29,410000</FOGN>
    <FRAN>43,530000</FRAN>
    <GREC>29,410000</GREC>
    <MFTV>43,530000</MFTV>
    <PRGP>122,770000</PRGP>
    <ROSN>29,410000</ROSN>
    <SLOV>43,530000</SLOV>
    <SVIZ>43,530000</SVIZ>
    <BSP>43,530000</BSP>
  </Prezzi>
  <Prezzi>
    <Data>20141025</Data>
    <Mercato>MGP</Mercato>
    <Ora>13</Ora>
    <PUN>44,775984</PUN>
    <NAT>39,790000</NAT>
    <CNOR>40,440000</CNOR>
    <CSUD>40,440000</CSUD>
    <NORD>40,440000</NORD>
    <SARD>40,440000</SARD>
    <SICI>122,770000</SICI>
    <SUD>24,850000</SUD>
    <AUST>40,440000</AUST>
    <BRNN>24,850000</BRNN>
    <COAC>40,440000</COAC>
    <CORS>40,440000</CORS>
    <FOGN>24,850000</FOGN>
    <FRAN>40,440000</FRAN>
    <GREC>24,850000</GREC>
    <MFTV>40,440000</MFTV>
    <PRGP>122,770000</PRGP>
    <ROSN>24,850000</ROSN>
    <SLOV>40,440000</SLOV>
    <SVIZ>40,440000</SVIZ>
    <BSP>40,440000</BSP>
  </Prezzi>
  <Prezzi>
    <Data>20141025</Data>
    <Mercato>MGP</Mercato>
    <Ora>14</Ora>
    <PUN>41,214383</PUN>
    <NAT>35,770000</NAT>
    <CNOR>36,240000</CNOR>
    <CSUD>36,240000</CSUD>
    <NORD>36,240000</NORD>
    <SARD>36,240000</SARD>
    <SICI>120,250000</SICI>
    <SUD>24,850000</SUD>
    <AUST>36,240000</AUST>
    <BRNN>24,850000</BRNN>
    <COAC>36,240000</COAC>
    <CORS>36,240000</CORS>
    <FOGN>24,850000</FOGN>
    <FRAN>36,240000</FRAN>
    <GREC>24,850000</GREC>
    <MFTV>36,240000</MFTV>
    <PRGP>120,250000</PRGP>
    <ROSN>24,850000</ROSN>
    <SLOV>36,240000</SLOV>
    <SVIZ>36,240000</SVIZ>
    <BSP>36,240000</BSP>
  </Prezzi>
  <Prezzi>
    <Data>20141025</Data>
    <Mercato>MGP</Mercato>
    <Ora>15</Ora>
    <PUN>40,944465</PUN>
    <NAT>35,000000</NAT>
    <CNOR>35,770000</CNOR>
    <CSUD>35,770000</CSUD>
    <NORD>35,770000</NORD>
    <SARD>35,770000</SARD>
    <SICI>120,250000</SICI>
    <SUD>24,950000</SUD>
    <AUST>35,770000</AUST>
    <BRNN>24,950000</BRNN>
    <COAC>35,770000</COAC>
    <CORS>35,770000</CORS>
    <FOGN>24,950000</FOGN>
    <FRAN>35,770000</FRAN>
    <GREC>24,950000</GREC>
    <MFTV>35,770000</MFTV>
    <PRGP>120,250000</PRGP>
    <ROSN>24,950000</ROSN>
    <SLOV>35,770000</SLOV>
    <SVIZ>35,770000</SVIZ>
    <BSP>35,770000</BSP>
  </Prezzi>
  <Prezzi>
    <Data>20141025</Data>
    <Mercato>MGP</Mercato>
    <Ora>16</Ora>
    <PUN>41,801488</PUN>
    <NAT>36,150000</NAT>
    <CNOR>36,070000</CNOR>
    <CSUD>36,070000</CSUD>
    <NORD>36,070000</NORD>
    <SARD>36,070000</SARD>
    <SICI>122,770000</SICI>
    <SUD>29,480000</SUD>
    <AUST>36,070000</AUST>
    <BRNN>29,480000</BRNN>
    <COAC>36,070000</COAC>
    <CORS>36,070000</CORS>
    <FOGN>29,480000</FOGN>
    <FRAN>36,070000</FRAN>
    <GREC>29,480000</GREC>
    <MFTV>36,070000</MFTV>
    <PRGP>122,770000</PRGP>
    <ROSN>29,480000</ROSN>
    <SLOV>36,070000</SLOV>
    <SVIZ>36,070000</SVIZ>
    <BSP>36,070000</BSP>
  </Prezzi>
  <Prezzi>
    <Data>20141025</Data>
    <Mercato>MGP</Mercato>
    <Ora>17</Ora>
    <PUN>47,912630</PUN>
    <NAT>46,000000</NAT>
    <CNOR>43,000000</CNOR>
    <CSUD>43,000000</CSUD>
    <NORD>43,000000</NORD>
    <SARD>43,000000</SARD>
    <SICI>126,610000</SICI>
    <SUD>30,050000</SUD>
    <AUST>43,000000</AUST>
    <BRNN>30,050000</BRNN>
    <COAC>43,000000</COAC>
    <CORS>43,000000</CORS>
    <FOGN>30,050000</FOGN>
    <FRAN>43,000000</FRAN>
    <GREC>30,050000</GREC>
    <MFTV>43,000000</MFTV>
    <PRGP>126,610000</PRGP>
    <ROSN>30,050000</ROSN>
    <SLOV>43,000000</SLOV>
    <SVIZ>43,000000</SVIZ>
    <BSP>43,000000</BSP>
  </Prezzi>
  <Prezzi>
    <Data>20141025</Data>
    <Mercato>MGP</Mercato>
    <Ora>18</Ora>
    <PUN>53,097627</PUN>
    <NAT>51,710000</NAT>
    <CNOR>46,720000</CNOR>
    <CSUD>46,720000</CSUD>
    <NORD>46,720000</NORD>
    <SARD>46,720000</SARD>
    <SICI>130,600000</SICI>
    <SUD>46,720000</SUD>
    <AUST>46,720000</AUST>
    <BRNN>46,720000</BRNN>
    <COAC>46,720000</COAC>
    <CORS>46,720000</CORS>
    <FOGN>46,720000</FOGN>
    <FRAN>46,720000</FRAN>
    <GREC>46,720000</GREC>
    <MFTV>46,720000</MFTV>
    <PRGP>130,600000</PRGP>
    <ROSN>46,720000</ROSN>
    <SLOV>46,720000</SLOV>
    <SVIZ>46,720000</SVIZ>
    <BSP>46,720000</BSP>
  </Prezzi>
  <Prezzi>
    <Data>20141025</Data>
    <Mercato>MGP</Mercato>
    <Ora>19</Ora>
    <PUN>70,918310</PUN>
    <NAT>64,700000</NAT>
    <CNOR>62,000000</CNOR>
    <CSUD>62,000000</CSUD>
    <NORD>62,000000</NORD>
    <SARD>62,000000</SARD>
    <SICI>180,000000</SICI>
    <SUD>62,000000</SUD>
    <AUST>62,000000</AUST>
    <BRNN>58,470000</BRNN>
    <COAC>62,000000</COAC>
    <CORS>62,000000</CORS>
    <FOGN>62,000000</FOGN>
    <FRAN>62,000000</FRAN>
    <GREC>58,470000</GREC>
    <MFTV>62,000000</MFTV>
    <PRGP>180,000000</PRGP>
    <ROSN>62,000000</ROSN>
    <SLOV>62,000000</SLOV>
    <SVIZ>62,000000</SVIZ>
    <BSP>62,000000</BSP>
  </Prezzi>
  <Prezzi>
    <Data>20141025</Data>
    <Mercato>MGP</Mercato>
    <Ora>20</Ora>
    <PUN>87,391374</PUN>
    <NAT>82,860000</NAT>
    <CNOR>81,600000</CNOR>
    <CSUD>81,600000</CSUD>
    <NORD>81,600000</NORD>
    <SARD>81,600000</SARD>
    <SICI>180,000000</SICI>
    <SUD>68,170000</SUD>
    <AUST>81,600000</AUST>
    <BRNN>62,430000</BRNN>
    <COAC>81,600000</COAC>
    <CORS>81,600000</CORS>
    <FOGN>68,170000</FOGN>
    <FRAN>81,600000</FRAN>
    <GREC>62,430000</GREC>
    <MFTV>81,600000</MFTV>
    <PRGP>180,000000</PRGP>
    <ROSN>68,170000</ROSN>
    <SLOV>81,600000</SLOV>
    <SVIZ>81,600000</SVIZ>
    <BSP>81,190000</BSP>
  </Prezzi>
  <Prezzi>
    <Data>20141025</Data>
    <Mercato>MGP</Mercato>
    <Ora>21</Ora>
    <PUN>69,210837</PUN>
    <NAT>62,000000</NAT>
    <CNOR>59,990000</CNOR>
    <CSUD>59,990000</CSUD>
    <NORD>59,990000</NORD>
    <SARD>59,990000</SARD>
    <SICI>180,000000</SICI>
    <SUD>59,990000</SUD>
    <AUST>59,990000</AUST>
    <BRNN>58,480000</BRNN>
    <COAC>59,990000</COAC>
    <CORS>59,990000</CORS>
    <FOGN>59,990000</FOGN>
    <FRAN>59,990000</FRAN>
    <GREC>58,480000</GREC>
    <MFTV>59,990000</MFTV>
    <PRGP>180,000000</PRGP>
    <ROSN>59,990000</ROSN>
    <SLOV>59,990000</SLOV>
    <SVIZ>59,990000</SVIZ>
    <BSP>59,990000</BSP>
  </Prezzi>
  <Prezzi>
    <Data>20141025</Data>
    <Mercato>MGP</Mercato>
    <Ora>22</Ora>
    <PUN>64,690213</PUN>
    <NAT>59,470000</NAT>
    <CNOR>55,480000</CNOR>
    <CSUD>55,480000</CSUD>
    <NORD>55,480000</NORD>
    <SARD>55,480000</SARD>
    <SICI>180,000000</SICI>
    <SUD>55,480000</SUD>
    <AUST>55,480000</AUST>
    <BRNN>55,000000</BRNN>
    <COAC>55,480000</COAC>
    <CORS>55,480000</CORS>
    <FOGN>55,480000</FOGN>
    <FRAN>55,480000</FRAN>
    <GREC>55,000000</GREC>
    <MFTV>55,480000</MFTV>
    <PRGP>180,000000</PRGP>
    <ROSN>55,480000</ROSN>
    <SLOV>55,480000</SLOV>
    <SVIZ>55,480000</SVIZ>
    <BSP>54,420000</BSP>
  </Prezzi>
  <Prezzi>
    <Data>20141025</Data>
    <Mercato>MGP</Mercato>
    <Ora>23</Ora>
    <PUN>58,806103</PUN>
    <NAT>53,400000</NAT>
    <CNOR>48,600000</CNOR>
    <CSUD>48,600000</CSUD>
    <NORD>48,600000</NORD>
    <SARD>48,600000</SARD>
    <SICI>180,000000</SICI>
    <SUD>48,600000</SUD>
    <AUST>48,600000</AUST>
    <BRNN>48,600000</BRNN>
    <COAC>48,600000</COAC>
    <CORS>48,600000</CORS>
    <FOGN>48,600000</FOGN>
    <FRAN>48,600000</FRAN>
    <GREC>48,600000</GREC>
    <MFTV>48,600000</MFTV>
    <PRGP>180,000000</PRGP>
    <ROSN>48,600000</ROSN>
    <SLOV>48,600000</SLOV>
    <SVIZ>48,600000</SVIZ>
    <BSP>48,600000</BSP>
  </Prezzi>
  <Prezzi>
    <Data>20141025</Data>
    <Mercato>MGP</Mercato>
    <Ora>24</Ora>
    <PUN>54,980000</PUN>
    <NAT>50,790000</NAT>
    <CNOR>46,784014</CNOR>
    <CSUD>46,784014</CSUD>
    <NORD>46,784014</NORD>
    <SARD>46,784014</SARD>
    <SICI>155,000000</SICI>
    <SUD>46,784014</SUD>
    <AUST>46,784014</AUST>
    <BRNN>46,784014</BRNN>
    <COAC>46,784014</COAC>
    <CORS>46,784014</CORS>
    <FOGN>46,784014</FOGN>
    <FRAN>46,784014</FRAN>
    <GREC>46,784014</GREC>
    <MFTV>46,784014</MFTV>
    <PRGP>155,000000</PRGP>
    <ROSN>46,784014</ROSN>
    <SLOV>46,784014</SLOV>
    <SVIZ>46,784014</SVIZ>
    <BSP>35,270000</BSP>
  </Prezzi>
</NewDataSet>