<?xml version="1.0" standalone="yes"?>
<NewDataSet>
  <xs:schema id="NewDataSet" xmlns="" xmlns:xs="http://www.w3.org/2001/XMLSchema" xmlns:msdata="urn:schemas-microsoft-com:xml-msdata">
    <xs:element name="NewDataSet" msdata:IsDataSet="true" msdata:UseCurrentLocale="true">
      <xs:complexType>
        <xs:choice minOccurs="0" maxOccurs="unbounded">
          <xs:element name="Prezzi">
            <xs:complexType>
              <xs:sequence>
                <xs:element name="Data" type="xs:string" minOccurs="0" />
                <xs:element name="Mercato" type="xs:string" minOccurs="0" />
                <xs:element name="Ora" type="xs:string" minOccurs="0" />
                <xs:element name="PUN" type="xs:string" minOccurs="0" />
                <xs:element name="NAT" type="xs:string" minOccurs="0" />
                <xs:element name="CNOR" type="xs:string" minOccurs="0" />
                <xs:element name="CSUD" type="xs:string" minOccurs="0" />
                <xs:element name="NORD" type="xs:string" minOccurs="0" />
                <xs:element name="SARD" type="xs:string" minOccurs="0" />
                <xs:element name="SICI" type="xs:string" minOccurs="0" />
                <xs:element name="SUD" type="xs:string" minOccurs="0" />
                <xs:element name="AUST" type="xs:string" minOccurs="0" />
                <xs:element name="BRNN" type="xs:string" minOccurs="0" />
                <xs:element name="COAC" type="xs:string" minOccurs="0" />
                <xs:element name="CORS" type="xs:string" minOccurs="0" />
                <xs:element name="FOGN" type="xs:string" minOccurs="0" />
                <xs:element name="FRAN" type="xs:string" minOccurs="0" />
                <xs:element name="GREC" type="xs:string" minOccurs="0" />
                <xs:element name="MFTV" type="xs:string" minOccurs="0" />
                <xs:element name="PRGP" type="xs:string" minOccurs="0" />
                <xs:element name="ROSN" type="xs:string" minOccurs="0" />
                <xs:element name="SLOV" type="xs:string" minOccurs="0" />
                <xs:element name="SVIZ" type="xs:string" minOccurs="0" />
                <xs:element name="BSP" type="xs:string" minOccurs="0" />
              </xs:sequence>
            </xs:complexType>
          </xs:element>
        </xs:choice>
      </xs:complexType>
    </xs:element>
  </xs:schema>
  <Prezzi>
    <Data>20141023</Data>
    <Mercato>MGP</Mercato>
    <Ora>1</Ora>
    <PUN>50,298119</PUN>
    <NAT>46,840000</NAT>
    <CNOR>51,470000</CNOR>
    <CSUD>51,470000</CSUD>
    <NORD>51,470000</NORD>
    <SARD>51,470000</SARD>
    <SICI>44,760000</SICI>
    <SUD>44,760000</SUD>
    <AUST>51,470000</AUST>
    <BRNN>44,760000</BRNN>
    <COAC>51,470000</COAC>
    <CORS>51,470000</CORS>
    <FOGN>44,760000</FOGN>
    <FRAN>51,470000</FRAN>
    <GREC>44,760000</GREC>
    <MFTV>51,470000</MFTV>
    <PRGP>44,760000</PRGP>
    <ROSN>44,760000</ROSN>
    <SLOV>51,470000</SLOV>
    <SVIZ>51,470000</SVIZ>
    <BSP>27,740000</BSP>
  </Prezzi>
  <Prezzi>
    <Data>20141023</Data>
    <Mercato>MGP</Mercato>
    <Ora>2</Ora>
    <PUN>45,257354</PUN>
    <NAT>43,530000</NAT>
    <CNOR>49,380000</CNOR>
    <CSUD>49,380000</CSUD>
    <NORD>49,380000</NORD>
    <SARD>49,380000</SARD>
    <SICI>0,000000</SICI>
    <SUD>39,990000</SUD>
    <AUST>49,380000</AUST>
    <BRNN>39,990000</BRNN>
    <COAC>49,380000</COAC>
    <CORS>49,380000</CORS>
    <FOGN>39,990000</FOGN>
    <FRAN>49,380000</FRAN>
    <GREC>39,990000</GREC>
    <MFTV>49,380000</MFTV>
    <PRGP>0,000000</PRGP>
    <ROSN>39,990000</ROSN>
    <SLOV>49,380000</SLOV>
    <SVIZ>49,380000</SVIZ>
    <BSP>24,000000</BSP>
  </Prezzi>
  <Prezzi>
    <Data>20141023</Data>
    <Mercato>MGP</Mercato>
    <Ora>3</Ora>
    <PUN>41,674191</PUN>
    <NAT>39,980000</NAT>
    <CNOR>44,570000</CNOR>
    <CSUD>44,570000</CSUD>
    <NORD>44,570000</NORD>
    <SARD>44,570000</SARD>
    <SICI>0,000000</SICI>
    <SUD>44,570000</SUD>
    <AUST>44,570000</AUST>
    <BRNN>44,570000</BRNN>
    <COAC>44,570000</COAC>
    <CORS>44,570000</CORS>
    <FOGN>44,570000</FOGN>
    <FRAN>44,570000</FRAN>
    <GREC>44,570000</GREC>
    <MFTV>44,570000</MFTV>
    <PRGP>0,000000</PRGP>
    <ROSN>44,570000</ROSN>
    <SLOV>44,570000</SLOV>
    <SVIZ>44,570000</SVIZ>
    <BSP>22,350000</BSP>
  </Prezzi>
  <Prezzi>
    <Data>20141023</Data>
    <Mercato>MGP</Mercato>
    <Ora>4</Ora>
    <PUN>42,449023</PUN>
    <NAT>40,000000</NAT>
    <CNOR>43,750000</CNOR>
    <CSUD>43,750000</CSUD>
    <NORD>43,750000</NORD>
    <SARD>43,750000</SARD>
    <SICI>25,000000</SICI>
    <SUD>42,750000</SUD>
    <AUST>43,750000</AUST>
    <BRNN>42,750000</BRNN>
    <COAC>43,750000</COAC>
    <CORS>43,750000</CORS>
    <FOGN>42,750000</FOGN>
    <FRAN>43,750000</FRAN>
    <GREC>42,750000</GREC>
    <MFTV>43,750000</MFTV>
    <PRGP>25,000000</PRGP>
    <ROSN>42,750000</ROSN>
    <SLOV>43,750000</SLOV>
    <SVIZ>43,750000</SVIZ>
    <BSP>20,500000</BSP>
  </Prezzi>
  <Prezzi>
    <Data>20141023</Data>
    <Mercato>MGP</Mercato>
    <Ora>5</Ora>
    <PUN>43,500000</PUN>
    <NAT>40,590000</NAT>
    <CNOR>43,500000</CNOR>
    <CSUD>43,500000</CSUD>
    <NORD>43,500000</NORD>
    <SARD>43,500000</SARD>
    <SICI>43,500000</SICI>
    <SUD>43,500000</SUD>
    <AUST>43,500000</AUST>
    <BRNN>43,500000</BRNN>
    <COAC>43,500000</COAC>
    <CORS>43,500000</CORS>
    <FOGN>43,500000</FOGN>
    <FRAN>43,500000</FRAN>
    <GREC>43,500000</GREC>
    <MFTV>43,500000</MFTV>
    <PRGP>43,500000</PRGP>
    <ROSN>43,500000</ROSN>
    <SLOV>43,500000</SLOV>
    <SVIZ>43,500000</SVIZ>
    <BSP>22,500000</BSP>
  </Prezzi>
  <Prezzi>
    <Data>20141023</Data>
    <Mercato>MGP</Mercato>
    <Ora>6</Ora>
    <PUN>48,620000</PUN>
    <NAT>44,650000</NAT>
    <CNOR>49,223542</CNOR>
    <CSUD>49,223542</CSUD>
    <NORD>49,223542</NORD>
    <SARD>49,223542</SARD>
    <SICI>45,440000</SICI>
    <SUD>45,440000</SUD>
    <AUST>49,223542</AUST>
    <BRNN>45,440000</BRNN>
    <COAC>49,223542</COAC>
    <CORS>49,223542</CORS>
    <FOGN>45,440000</FOGN>
    <FRAN>49,223542</FRAN>
    <GREC>45,440000</GREC>
    <MFTV>49,223542</MFTV>
    <PRGP>45,440000</PRGP>
    <ROSN>45,440000</ROSN>
    <SLOV>49,223542</SLOV>
    <SVIZ>49,223542</SVIZ>
    <BSP>27,000000</BSP>
  </Prezzi>
  <Prezzi>
    <Data>20141023</Data>
    <Mercato>MGP</Mercato>
    <Ora>7</Ora>
    <PUN>60,860000</PUN>
    <NAT>56,100000</NAT>
    <CNOR>61,972808</CNOR>
    <CSUD>61,972808</CSUD>
    <NORD>61,972808</NORD>
    <SARD>61,972808</SARD>
    <SICI>55,000000</SICI>
    <SUD>55,000000</SUD>
    <AUST>61,972808</AUST>
    <BRNN>55,000000</BRNN>
    <COAC>61,972808</COAC>
    <CORS>61,972808</CORS>
    <FOGN>55,000000</FOGN>
    <FRAN>61,972808</FRAN>
    <GREC>55,000000</GREC>
    <MFTV>61,972808</MFTV>
    <PRGP>55,000000</PRGP>
    <ROSN>55,000000</ROSN>
    <SLOV>61,972808</SLOV>
    <SVIZ>61,972808</SVIZ>
    <BSP>49,000000</BSP>
  </Prezzi>
  <Prezzi>
    <Data>20141023</Data>
    <Mercato>MGP</Mercato>
    <Ora>8</Ora>
    <PUN>75,640000</PUN>
    <NAT>68,000000</NAT>
    <CNOR>76,138023</CNOR>
    <CSUD>76,138023</CSUD>
    <NORD>76,138023</NORD>
    <SARD>76,138023</SARD>
    <SICI>95,000000</SICI>
    <SUD>57,710000</SUD>
    <AUST>76,138023</AUST>
    <BRNN>57,710000</BRNN>
    <COAC>76,138023</COAC>
    <CORS>76,138023</CORS>
    <FOGN>57,710000</FOGN>
    <FRAN>76,138023</FRAN>
    <GREC>57,710000</GREC>
    <MFTV>76,138023</MFTV>
    <PRGP>95,000000</PRGP>
    <ROSN>57,710000</ROSN>
    <SLOV>76,138023</SLOV>
    <SVIZ>76,138023</SVIZ>
    <BSP>56,890000</BSP>
  </Prezzi>
  <Prezzi>
    <Data>20141023</Data>
    <Mercato>MGP</Mercato>
    <Ora>9</Ora>
    <PUN>77,246528</PUN>
    <NAT>72,000000</NAT>
    <CNOR>77,000000</CNOR>
    <CSUD>77,000000</CSUD>
    <NORD>77,000000</NORD>
    <SARD>77,000000</SARD>
    <SICI>105,000000</SICI>
    <SUD>61,640000</SUD>
    <AUST>77,000000</AUST>
    <BRNN>61,640000</BRNN>
    <COAC>77,000000</COAC>
    <CORS>77,000000</CORS>
    <FOGN>61,640000</FOGN>
    <FRAN>77,000000</FRAN>
    <GREC>61,640000</GREC>
    <MFTV>77,000000</MFTV>
    <PRGP>105,000000</PRGP>
    <ROSN>61,640000</ROSN>
    <SLOV>77,000000</SLOV>
    <SVIZ>77,000000</SVIZ>
    <BSP>59,270000</BSP>
  </Prezzi>
  <Prezzi>
    <Data>20141023</Data>
    <Mercato>MGP</Mercato>
    <Ora>10</Ora>
    <PUN>69,939261</PUN>
    <NAT>69,000000</NAT>
    <CNOR>70,600000</CNOR>
    <CSUD>70,600000</CSUD>
    <NORD>70,600000</NORD>
    <SARD>70,600000</SARD>
    <SICI>82,990000</SICI>
    <SUD>55,060000</SUD>
    <AUST>70,600000</AUST>
    <BRNN>55,060000</BRNN>
    <COAC>70,600000</COAC>
    <CORS>70,600000</CORS>
    <FOGN>55,060000</FOGN>
    <FRAN>70,600000</FRAN>
    <GREC>55,060000</GREC>
    <MFTV>70,600000</MFTV>
    <PRGP>82,990000</PRGP>
    <ROSN>55,060000</ROSN>
    <SLOV>70,600000</SLOV>
    <SVIZ>70,600000</SVIZ>
    <BSP>60,500000</BSP>
  </Prezzi>
  <Prezzi>
    <Data>20141023</Data>
    <Mercato>MGP</Mercato>
    <Ora>11</Ora>
    <PUN>64,448921</PUN>
    <NAT>65,230000</NAT>
    <CNOR>65,000000</CNOR>
    <CSUD>65,000000</CSUD>
    <NORD>67,000000</NORD>
    <SARD>65,000000</SARD>
    <SICI>54,000000</SICI>
    <SUD>52,100000</SUD>
    <AUST>67,000000</AUST>
    <BRNN>52,100000</BRNN>
    <COAC>65,000000</COAC>
    <CORS>65,000000</CORS>
    <FOGN>52,100000</FOGN>
    <FRAN>67,000000</FRAN>
    <GREC>52,100000</GREC>
    <MFTV>67,000000</MFTV>
    <PRGP>54,000000</PRGP>
    <ROSN>52,100000</ROSN>
    <SLOV>67,000000</SLOV>
    <SVIZ>67,000000</SVIZ>
    <BSP>62,770000</BSP>
  </Prezzi>
  <Prezzi>
    <Data>20141023</Data>
    <Mercato>MGP</Mercato>
    <Ora>12</Ora>
    <PUN>56,284696</PUN>
    <NAT>60,420000</NAT>
    <CNOR>50,990000</CNOR>
    <CSUD>50,990000</CSUD>
    <NORD>62,210000</NORD>
    <SARD>50,990000</SARD>
    <SICI>39,970000</SICI>
    <SUD>39,970000</SUD>
    <AUST>62,210000</AUST>
    <BRNN>39,970000</BRNN>
    <COAC>50,990000</COAC>
    <CORS>50,990000</CORS>
    <FOGN>39,970000</FOGN>
    <FRAN>62,210000</FRAN>
    <GREC>39,970000</GREC>
    <MFTV>62,210000</MFTV>
    <PRGP>39,970000</PRGP>
    <ROSN>39,970000</ROSN>
    <SLOV>62,210000</SLOV>
    <SVIZ>62,210000</SVIZ>
    <BSP>59,680000</BSP>
  </Prezzi>
  <Prezzi>
    <Data>20141023</Data>
    <Mercato>MGP</Mercato>
    <Ora>13</Ora>
    <PUN>50,968947</PUN>
    <NAT>56,000000</NAT>
    <CNOR>44,490000</CNOR>
    <CSUD>44,490000</CSUD>
    <NORD>59,000000</NORD>
    <SARD>44,490000</SARD>
    <SICI>30,000000</SICI>
    <SUD>30,000000</SUD>
    <AUST>59,000000</AUST>
    <BRNN>30,000000</BRNN>
    <COAC>44,490000</COAC>
    <CORS>44,490000</CORS>
    <FOGN>30,000000</FOGN>
    <FRAN>59,000000</FRAN>
    <GREC>30,000000</GREC>
    <MFTV>59,000000</MFTV>
    <PRGP>30,000000</PRGP>
    <ROSN>30,000000</ROSN>
    <SLOV>59,000000</SLOV>
    <SVIZ>59,000000</SVIZ>
    <BSP>54,920000</BSP>
  </Prezzi>
  <Prezzi>
    <Data>20141023</Data>
    <Mercato>MGP</Mercato>
    <Ora>14</Ora>
    <PUN>48,143222</PUN>
    <NAT>54,570000</NAT>
    <CNOR>37,290000</CNOR>
    <CSUD>37,290000</CSUD>
    <NORD>57,090000</NORD>
    <SARD>37,290000</SARD>
    <SICI>29,670000</SICI>
    <SUD>29,670000</SUD>
    <AUST>57,090000</AUST>
    <BRNN>29,670000</BRNN>
    <COAC>37,290000</COAC>
    <CORS>37,290000</CORS>
    <FOGN>29,670000</FOGN>
    <FRAN>57,090000</FRAN>
    <GREC>29,670000</GREC>
    <MFTV>57,090000</MFTV>
    <PRGP>29,670000</PRGP>
    <ROSN>29,670000</ROSN>
    <SLOV>57,090000</SLOV>
    <SVIZ>57,090000</SVIZ>
    <BSP>53,500000</BSP>
  </Prezzi>
  <Prezzi>
    <Data>20141023</Data>
    <Mercato>MGP</Mercato>
    <Ora>15</Ora>
    <PUN>51,911801</PUN>
    <NAT>55,000000</NAT>
    <CNOR>40,000000</CNOR>
    <CSUD>40,000000</CSUD>
    <NORD>61,590000</NORD>
    <SARD>40,000000</SARD>
    <SICI>30,120000</SICI>
    <SUD>30,120000</SUD>
    <AUST>61,590000</AUST>
    <BRNN>30,120000</BRNN>
    <COAC>40,000000</COAC>
    <CORS>40,000000</CORS>
    <FOGN>30,120000</FOGN>
    <FRAN>61,590000</FRAN>
    <GREC>30,120000</GREC>
    <MFTV>61,590000</MFTV>
    <PRGP>30,120000</PRGP>
    <ROSN>30,120000</ROSN>
    <SLOV>61,590000</SLOV>
    <SVIZ>61,590000</SVIZ>
    <BSP>51,540000</BSP>
  </Prezzi>
  <Prezzi>
    <Data>20141023</Data>
    <Mercato>MGP</Mercato>
    <Ora>16</Ora>
    <PUN>58,734326</PUN>
    <NAT>56,000000</NAT>
    <CNOR>50,000000</CNOR>
    <CSUD>50,000000</CSUD>
    <NORD>65,230000</NORD>
    <SARD>50,000000</SARD>
    <SICI>54,000000</SICI>
    <SUD>39,980000</SUD>
    <AUST>65,230000</AUST>
    <BRNN>39,980000</BRNN>
    <COAC>50,000000</COAC>
    <CORS>50,000000</CORS>
    <FOGN>39,980000</FOGN>
    <FRAN>65,230000</FRAN>
    <GREC>39,980000</GREC>
    <MFTV>65,230000</MFTV>
    <PRGP>54,000000</PRGP>
    <ROSN>39,980000</ROSN>
    <SLOV>65,230000</SLOV>
    <SVIZ>65,230000</SVIZ>
    <BSP>51,370000</BSP>
  </Prezzi>
  <Prezzi>
    <Data>20141023</Data>
    <Mercato>MGP</Mercato>
    <Ora>17</Ora>
    <PUN>64,651297</PUN>
    <NAT>60,650000</NAT>
    <CNOR>60,800000</CNOR>
    <CSUD>60,800000</CSUD>
    <NORD>66,990000</NORD>
    <SARD>60,800000</SARD>
    <SICI>92,930000</SICI>
    <SUD>39,980000</SUD>
    <AUST>66,990000</AUST>
    <BRNN>39,980000</BRNN>
    <COAC>60,800000</COAC>
    <CORS>60,800000</CORS>
    <FOGN>39,980000</FOGN>
    <FRAN>66,990000</FRAN>
    <GREC>39,980000</GREC>
    <MFTV>66,990000</MFTV>
    <PRGP>92,930000</PRGP>
    <ROSN>39,980000</ROSN>
    <SLOV>66,990000</SLOV>
    <SVIZ>66,990000</SVIZ>
    <BSP>51,200000</BSP>
  </Prezzi>
  <Prezzi>
    <Data>20141023</Data>
    <Mercato>MGP</Mercato>
    <Ora>18</Ora>
    <PUN>61,920000</PUN>
    <NAT>60,070000</NAT>
    <CNOR>61,590000</CNOR>
    <CSUD>61,590000</CSUD>
    <NORD>61,590000</NORD>
    <SARD>61,590000</SARD>
    <SICI>95,010000</SICI>
    <SUD>43,122574</SUD>
    <AUST>61,590000</AUST>
    <BRNN>43,122574</BRNN>
    <COAC>61,590000</COAC>
    <CORS>61,590000</CORS>
    <FOGN>43,122574</FOGN>
    <FRAN>61,590000</FRAN>
    <GREC>43,122574</GREC>
    <MFTV>61,590000</MFTV>
    <PRGP>95,010000</PRGP>
    <ROSN>43,122574</ROSN>
    <SLOV>61,590000</SLOV>
    <SVIZ>61,590000</SVIZ>
    <BSP>55,330000</BSP>
  </Prezzi>
  <Prezzi>
    <Data>20141023</Data>
    <Mercato>MGP</Mercato>
    <Ora>19</Ora>
    <PUN>79,203811</PUN>
    <NAT>73,450000</NAT>
    <CNOR>75,970000</CNOR>
    <CSUD>75,970000</CSUD>
    <NORD>75,970000</NORD>
    <SARD>75,970000</SARD>
    <SICI>140,010000</SICI>
    <SUD>67,530000</SUD>
    <AUST>75,970000</AUST>
    <BRNN>61,130000</BRNN>
    <COAC>75,970000</COAC>
    <CORS>75,970000</CORS>
    <FOGN>67,530000</FOGN>
    <FRAN>75,970000</FRAN>
    <GREC>61,130000</GREC>
    <MFTV>75,970000</MFTV>
    <PRGP>140,010000</PRGP>
    <ROSN>67,530000</ROSN>
    <SLOV>75,970000</SLOV>
    <SVIZ>75,970000</SVIZ>
    <BSP>65,530000</BSP>
  </Prezzi>
  <Prezzi>
    <Data>20141023</Data>
    <Mercato>MGP</Mercato>
    <Ora>20</Ora>
    <PUN>90,140000</PUN>
    <NAT>85,450000</NAT>
    <CNOR>94,000000</CNOR>
    <CSUD>94,000000</CSUD>
    <NORD>85,450000</NORD>
    <SARD>94,000000</SARD>
    <SICI>140,010000</SICI>
    <SUD>73,954764</SUD>
    <AUST>85,450000</AUST>
    <BRNN>60,650000</BRNN>
    <COAC>94,000000</COAC>
    <CORS>94,000000</CORS>
    <FOGN>73,954764</FOGN>
    <FRAN>85,450000</FRAN>
    <GREC>60,650000</GREC>
    <MFTV>85,450000</MFTV>
    <PRGP>140,010000</PRGP>
    <ROSN>73,954764</ROSN>
    <SLOV>85,450000</SLOV>
    <SVIZ>85,450000</SVIZ>
    <BSP>74,230000</BSP>
  </Prezzi>
  <Prezzi>
    <Data>20141023</Data>
    <Mercato>MGP</Mercato>
    <Ora>21</Ora>
    <PUN>71,662037</PUN>
    <NAT>65,750000</NAT>
    <CNOR>67,600000</CNOR>
    <CSUD>67,600000</CSUD>
    <NORD>67,600000</NORD>
    <SARD>67,600000</SARD>
    <SICI>140,000000</SICI>
    <SUD>60,700000</SUD>
    <AUST>67,600000</AUST>
    <BRNN>55,250000</BRNN>
    <COAC>67,600000</COAC>
    <CORS>67,600000</CORS>
    <FOGN>60,700000</FOGN>
    <FRAN>67,600000</FRAN>
    <GREC>55,250000</GREC>
    <MFTV>67,600000</MFTV>
    <PRGP>140,000000</PRGP>
    <ROSN>60,700000</ROSN>
    <SLOV>67,600000</SLOV>
    <SVIZ>67,600000</SVIZ>
    <BSP>59,280000</BSP>
  </Prezzi>
  <Prezzi>
    <Data>20141023</Data>
    <Mercato>MGP</Mercato>
    <Ora>22</Ora>
    <PUN>66,790000</PUN>
    <NAT>61,110000</NAT>
    <CNOR>63,258370</CNOR>
    <CSUD>63,258370</CSUD>
    <NORD>63,258370</NORD>
    <SARD>63,258370</SARD>
    <SICI>130,600000</SICI>
    <SUD>55,530000</SUD>
    <AUST>63,258370</AUST>
    <BRNN>52,500000</BRNN>
    <COAC>63,258370</COAC>
    <CORS>63,258370</CORS>
    <FOGN>55,530000</FOGN>
    <FRAN>63,258370</FRAN>
    <GREC>52,500000</GREC>
    <MFTV>63,258370</MFTV>
    <PRGP>130,600000</PRGP>
    <ROSN>55,530000</ROSN>
    <SLOV>63,258370</SLOV>
    <SVIZ>63,258370</SVIZ>
    <BSP>49,000000</BSP>
  </Prezzi>
  <Prezzi>
    <Data>20141023</Data>
    <Mercato>MGP</Mercato>
    <Ora>23</Ora>
    <PUN>63,551366</PUN>
    <NAT>57,700000</NAT>
    <CNOR>61,590000</CNOR>
    <CSUD>61,590000</CSUD>
    <NORD>61,590000</NORD>
    <SARD>61,590000</SARD>
    <SICI>105,020000</SICI>
    <SUD>52,000000</SUD>
    <AUST>61,590000</AUST>
    <BRNN>52,000000</BRNN>
    <COAC>61,590000</COAC>
    <CORS>61,590000</CORS>
    <FOGN>52,000000</FOGN>
    <FRAN>61,590000</FRAN>
    <GREC>52,000000</GREC>
    <MFTV>61,590000</MFTV>
    <PRGP>105,020000</PRGP>
    <ROSN>52,000000</ROSN>
    <SLOV>61,590000</SLOV>
    <SVIZ>61,590000</SVIZ>
    <BSP>47,000000</BSP>
  </Prezzi>
  <Prezzi>
    <Data>20141023</Data>
    <Mercato>MGP</Mercato>
    <Ora>24</Ora>
    <PUN>56,884717</PUN>
    <NAT>53,000000</NAT>
    <CNOR>54,720000</CNOR>
    <CSUD>54,720000</CSUD>
    <NORD>54,720000</NORD>
    <SARD>54,720000</SARD>
    <SICI>95,000000</SICI>
    <SUD>49,530000</SUD>
    <AUST>54,720000</AUST>
    <BRNN>49,530000</BRNN>
    <COAC>54,720000</COAC>
    <CORS>54,720000</CORS>
    <FOGN>49,530000</FOGN>
    <FRAN>54,720000</FRAN>
    <GREC>49,530000</GREC>
    <MFTV>54,720000</MFTV>
    <PRGP>95,000000</PRGP>
    <ROSN>49,530000</ROSN>
    <SLOV>54,720000</SLOV>
    <SVIZ>54,720000</SVIZ>
    <BSP>36,990000</BSP>
  </Prezzi>
</NewDataSet>