<?xml version="1.0" standalone="yes"?>
<NewDataSet>
  <xs:schema id="NewDataSet" xmlns="" xmlns:xs="http://www.w3.org/2001/XMLSchema" xmlns:msdata="urn:schemas-microsoft-com:xml-msdata">
    <xs:element name="NewDataSet" msdata:IsDataSet="true" msdata:UseCurrentLocale="true">
      <xs:complexType>
        <xs:choice minOccurs="0" maxOccurs="unbounded">
          <xs:element name="Fabbisogno">
            <xs:complexType>
              <xs:sequence>
                <xs:element name="Data" type="xs:string" minOccurs="0" />
                <xs:element name="Mercato" type="xs:string" minOccurs="0" />
                <xs:element name="Ora" type="xs:string" minOccurs="0" />
                <xs:element name="Italia" type="xs:string" minOccurs="0" />
                <xs:element name="CNOR" type="xs:string" minOccurs="0" />
                <xs:element name="CSUD" type="xs:string" minOccurs="0" />
                <xs:element name="NORD" type="xs:string" minOccurs="0" />
                <xs:element name="SARD" type="xs:string" minOccurs="0" />
                <xs:element name="SICI" type="xs:string" minOccurs="0" />
                <xs:element name="SUD" type="xs:string" minOccurs="0" />
              </xs:sequence>
            </xs:complexType>
          </xs:element>
        </xs:choice>
      </xs:complexType>
    </xs:element>
  </xs:schema>
  <Fabbisogno>
    <Data>20170420</Data>
    <Mercato>MGP</Mercato>
    <Ora>1</Ora>
    <Italia>27118,772</Italia>
    <CNOR>3164,859</CNOR>
    <CSUD>4479,268</CSUD>
    <NORD>14702,039</NORD>
    <SARD>894,353</SARD>
    <SICI>1606,471</SICI>
    <SUD>2271,782</SUD>
  </Fabbisogno>
  <Fabbisogno>
    <Data>20170420</Data>
    <Mercato>MGP</Mercato>
    <Ora>2</Ora>
    <Italia>25478,998</Italia>
    <CNOR>3006,461</CNOR>
    <CSUD>4149,647</CSUD>
    <NORD>13872,648</NORD>
    <SARD>847,008</SARD>
    <SICI>1478,06</SICI>
    <SUD>2125,174</SUD>
  </Fabbisogno>
  <Fabbisogno>
    <Data>20170420</Data>
    <Mercato>MGP</Mercato>
    <Ora>3</Ora>
    <Italia>24678,808</Italia>
    <CNOR>2904,346</CNOR>
    <CSUD>3955,09</CSUD>
    <NORD>13553,502</NORD>
    <SARD>825,803</SARD>
    <SICI>1399,596</SICI>
    <SUD>2040,471</SUD>
  </Fabbisogno>
  <Fabbisogno>
    <Data>20170420</Data>
    <Mercato>MGP</Mercato>
    <Ora>4</Ora>
    <Italia>24425,106</Italia>
    <CNOR>2873,513</CNOR>
    <CSUD>3908,179</CSUD>
    <NORD>13428,817</NORD>
    <SARD>819,022</SARD>
    <SICI>1376,201</SICI>
    <SUD>2019,374</SUD>
  </Fabbisogno>
  <Fabbisogno>
    <Data>20170420</Data>
    <Mercato>MGP</Mercato>
    <Ora>5</Ora>
    <Italia>24647,1</Italia>
    <CNOR>2898,518</CNOR>
    <CSUD>3929,809</CSUD>
    <NORD>13581,178</NORD>
    <SARD>824,066</SARD>
    <SICI>1377,158</SICI>
    <SUD>2036,371</SUD>
  </Fabbisogno>
  <Fabbisogno>
    <Data>20170420</Data>
    <Mercato>MGP</Mercato>
    <Ora>6</Ora>
    <Italia>25939,134</Italia>
    <CNOR>3032,797</CNOR>
    <CSUD>4154,601</CSUD>
    <NORD>14342,922</NORD>
    <SARD>857,163</SARD>
    <SICI>1430,066</SICI>
    <SUD>2121,585</SUD>
  </Fabbisogno>
  <Fabbisogno>
    <Data>20170420</Data>
    <Mercato>MGP</Mercato>
    <Ora>7</Ora>
    <Italia>29422,481</Italia>
    <CNOR>3395,763</CNOR>
    <CSUD>4529,352</CSUD>
    <NORD>16778,661</NORD>
    <SARD>977,223</SARD>
    <SICI>1525,851</SICI>
    <SUD>2215,631</SUD>
  </Fabbisogno>
  <Fabbisogno>
    <Data>20170420</Data>
    <Mercato>MGP</Mercato>
    <Ora>8</Ora>
    <Italia>34251,756</Italia>
    <CNOR>3979,349</CNOR>
    <CSUD>5230,29</CSUD>
    <NORD>19574,231</NORD>
    <SARD>1117,093</SARD>
    <SICI>1745,441</SICI>
    <SUD>2605,352</SUD>
  </Fabbisogno>
  <Fabbisogno>
    <Data>20170420</Data>
    <Mercato>MGP</Mercato>
    <Ora>9</Ora>
    <Italia>39090,366</Italia>
    <CNOR>4637,245</CNOR>
    <CSUD>5918,265</CSUD>
    <NORD>22445,264</NORD>
    <SARD>1247,263</SARD>
    <SICI>1948,553</SICI>
    <SUD>2893,776</SUD>
  </Fabbisogno>
  <Fabbisogno>
    <Data>20170420</Data>
    <Mercato>MGP</Mercato>
    <Ora>10</Ora>
    <Italia>39500,766</Italia>
    <CNOR>4690,028</CNOR>
    <CSUD>6062,701</CSUD>
    <NORD>22791,519</NORD>
    <SARD>1153,386</SARD>
    <SICI>1954,075</SICI>
    <SUD>2849,057</SUD>
  </Fabbisogno>
  <Fabbisogno>
    <Data>20170420</Data>
    <Mercato>MGP</Mercato>
    <Ora>11</Ora>
    <Italia>38678,318</Italia>
    <CNOR>4512,943</CNOR>
    <CSUD>5955,037</CSUD>
    <NORD>22464,116</NORD>
    <SARD>1108,96</SARD>
    <SICI>1912,496</SICI>
    <SUD>2724,766</SUD>
  </Fabbisogno>
  <Fabbisogno>
    <Data>20170420</Data>
    <Mercato>MGP</Mercato>
    <Ora>12</Ora>
    <Italia>38421,552</Italia>
    <CNOR>4572,678</CNOR>
    <CSUD>5966,122</CSUD>
    <NORD>22260,902</NORD>
    <SARD>1040,014</SARD>
    <SICI>1863,187</SICI>
    <SUD>2718,649</SUD>
  </Fabbisogno>
  <Fabbisogno>
    <Data>20170420</Data>
    <Mercato>MGP</Mercato>
    <Ora>13</Ora>
    <Italia>36070,091</Italia>
    <CNOR>4158,545</CNOR>
    <CSUD>5807,979</CSUD>
    <NORD>20542,45</NORD>
    <SARD>1020,462</SARD>
    <SICI>1849,184</SICI>
    <SUD>2691,471</SUD>
  </Fabbisogno>
  <Fabbisogno>
    <Data>20170420</Data>
    <Mercato>MGP</Mercato>
    <Ora>14</Ora>
    <Italia>35813,009</Italia>
    <CNOR>4026,459</CNOR>
    <CSUD>5623,083</CSUD>
    <NORD>20793,225</NORD>
    <SARD>988,005</SARD>
    <SICI>1788,072</SICI>
    <SUD>2594,165</SUD>
  </Fabbisogno>
  <Fabbisogno>
    <Data>20170420</Data>
    <Mercato>MGP</Mercato>
    <Ora>15</Ora>
    <Italia>36727,77</Italia>
    <CNOR>4254,379</CNOR>
    <CSUD>5669,583</CSUD>
    <NORD>21519,48</NORD>
    <SARD>979,701</SARD>
    <SICI>1772,033</SICI>
    <SUD>2532,594</SUD>
  </Fabbisogno>
  <Fabbisogno>
    <Data>20170420</Data>
    <Mercato>MGP</Mercato>
    <Ora>16</Ora>
    <Italia>37190,808</Italia>
    <CNOR>4461,364</CNOR>
    <CSUD>5820,204</CSUD>
    <NORD>21488,247</NORD>
    <SARD>995,534</SARD>
    <SICI>1792,042</SICI>
    <SUD>2633,417</SUD>
  </Fabbisogno>
  <Fabbisogno>
    <Data>20170420</Data>
    <Mercato>MGP</Mercato>
    <Ora>17</Ora>
    <Italia>37307,862</Italia>
    <CNOR>4503,914</CNOR>
    <CSUD>5795,96</CSUD>
    <NORD>21429,906</NORD>
    <SARD>1003,903</SARD>
    <SICI>1861,457</SICI>
    <SUD>2712,722</SUD>
  </Fabbisogno>
  <Fabbisogno>
    <Data>20170420</Data>
    <Mercato>MGP</Mercato>
    <Ora>18</Ora>
    <Italia>36927,387</Italia>
    <CNOR>4408,001</CNOR>
    <CSUD>5816,598</CSUD>
    <NORD>20914,872</NORD>
    <SARD>1036,23</SARD>
    <SICI>1925,653</SICI>
    <SUD>2826,033</SUD>
  </Fabbisogno>
  <Fabbisogno>
    <Data>20170420</Data>
    <Mercato>MGP</Mercato>
    <Ora>19</Ora>
    <Italia>37127,308</Italia>
    <CNOR>4505,209</CNOR>
    <CSUD>5987,242</CSUD>
    <NORD>20493,534</NORD>
    <SARD>1092,508</SARD>
    <SICI>2039,348</SICI>
    <SUD>3009,467</SUD>
  </Fabbisogno>
  <Fabbisogno>
    <Data>20170420</Data>
    <Mercato>MGP</Mercato>
    <Ora>20</Ora>
    <Italia>37290,984</Italia>
    <CNOR>4404,637</CNOR>
    <CSUD>6305,468</CSUD>
    <NORD>20041,81</NORD>
    <SARD>1166,261</SARD>
    <SICI>2163,292</SICI>
    <SUD>3209,516</SUD>
  </Fabbisogno>
  <Fabbisogno>
    <Data>20170420</Data>
    <Mercato>MGP</Mercato>
    <Ora>21</Ora>
    <Italia>39248,042</Italia>
    <CNOR>4619,061</CNOR>
    <CSUD>6771,366</CSUD>
    <NORD>20563,986</NORD>
    <SARD>1314,45</SARD>
    <SICI>2411,133</SICI>
    <SUD>3568,046</SUD>
  </Fabbisogno>
  <Fabbisogno>
    <Data>20170420</Data>
    <Mercato>MGP</Mercato>
    <Ora>22</Ora>
    <Italia>36847,275</Italia>
    <CNOR>4313,276</CNOR>
    <CSUD>6302,217</CSUD>
    <NORD>19518,371</NORD>
    <SARD>1238,999</SARD>
    <SICI>2224,083</SICI>
    <SUD>3250,329</SUD>
  </Fabbisogno>
  <Fabbisogno>
    <Data>20170420</Data>
    <Mercato>MGP</Mercato>
    <Ora>23</Ora>
    <Italia>33017,85</Italia>
    <CNOR>3827,671</CNOR>
    <CSUD>5563,694</CSUD>
    <NORD>17629,448</NORD>
    <SARD>1095,713</SARD>
    <SICI>2010,417</SICI>
    <SUD>2890,907</SUD>
  </Fabbisogno>
  <Fabbisogno>
    <Data>20170420</Data>
    <Mercato>MGP</Mercato>
    <Ora>24</Ora>
    <Italia>29666,208</Italia>
    <CNOR>3423,24</CNOR>
    <CSUD>4927,638</CSUD>
    <NORD>16004,325</NORD>
    <SARD>971</SARD>
    <SICI>1773,4</SICI>
    <SUD>2566,605</SUD>
  </Fabbisogno>
</NewDataSet>