<?xml version="1.0" standalone="yes"?>
<NewDataSet>
  <xs:schema id="NewDataSet" xmlns="" xmlns:xs="http://www.w3.org/2001/XMLSchema" xmlns:msdata="urn:schemas-microsoft-com:xml-msdata">
    <xs:element name="NewDataSet" msdata:IsDataSet="true" msdata:UseCurrentLocale="true">
      <xs:complexType>
        <xs:choice minOccurs="0" maxOccurs="unbounded">
          <xs:element name="Fabbisogno">
            <xs:complexType>
              <xs:sequence>
                <xs:element name="Data" type="xs:string" minOccurs="0" />
                <xs:element name="Mercato" type="xs:string" minOccurs="0" />
                <xs:element name="Ora" type="xs:string" minOccurs="0" />
                <xs:element name="Italia" type="xs:string" minOccurs="0" />
                <xs:element name="CNOR" type="xs:string" minOccurs="0" />
                <xs:element name="CSUD" type="xs:string" minOccurs="0" />
                <xs:element name="NORD" type="xs:string" minOccurs="0" />
                <xs:element name="SARD" type="xs:string" minOccurs="0" />
                <xs:element name="SICI" type="xs:string" minOccurs="0" />
                <xs:element name="SUD" type="xs:string" minOccurs="0" />
              </xs:sequence>
            </xs:complexType>
          </xs:element>
        </xs:choice>
      </xs:complexType>
    </xs:element>
  </xs:schema>
  <Fabbisogno>
    <Data>20170405</Data>
    <Mercato>MGP</Mercato>
    <Ora>1</Ora>
    <Italia>27003,783</Italia>
    <CNOR>3117,901</CNOR>
    <CSUD>4377,819</CSUD>
    <NORD>14731,098</NORD>
    <SARD>878,705</SARD>
    <SICI>1679,979</SICI>
    <SUD>2218,281</SUD>
  </Fabbisogno>
  <Fabbisogno>
    <Data>20170405</Data>
    <Mercato>MGP</Mercato>
    <Ora>2</Ora>
    <Italia>25507,227</Italia>
    <CNOR>2963,286</CNOR>
    <CSUD>4041,029</CSUD>
    <NORD>14021,178</NORD>
    <SARD>836,133</SARD>
    <SICI>1542,821</SICI>
    <SUD>2102,78</SUD>
  </Fabbisogno>
  <Fabbisogno>
    <Data>20170405</Data>
    <Mercato>MGP</Mercato>
    <Ora>3</Ora>
    <Italia>24818,029</Italia>
    <CNOR>2900,295</CNOR>
    <CSUD>3915,599</CSUD>
    <NORD>13677,181</NORD>
    <SARD>815,092</SARD>
    <SICI>1479,171</SICI>
    <SUD>2030,691</SUD>
  </Fabbisogno>
  <Fabbisogno>
    <Data>20170405</Data>
    <Mercato>MGP</Mercato>
    <Ora>4</Ora>
    <Italia>24577,672</Italia>
    <CNOR>2875,483</CNOR>
    <CSUD>3873,579</CSUD>
    <NORD>13561,738</NORD>
    <SARD>808,694</SARD>
    <SICI>1454,761</SICI>
    <SUD>2003,417</SUD>
  </Fabbisogno>
  <Fabbisogno>
    <Data>20170405</Data>
    <Mercato>MGP</Mercato>
    <Ora>5</Ora>
    <Italia>24656,348</Italia>
    <CNOR>2882,084</CNOR>
    <CSUD>3891,01</CSUD>
    <NORD>13584,734</NORD>
    <SARD>814,477</SARD>
    <SICI>1461,733</SICI>
    <SUD>2022,31</SUD>
  </Fabbisogno>
  <Fabbisogno>
    <Data>20170405</Data>
    <Mercato>MGP</Mercato>
    <Ora>6</Ora>
    <Italia>25990,233</Italia>
    <CNOR>3010,514</CNOR>
    <CSUD>4096,887</CSUD>
    <NORD>14409,338</NORD>
    <SARD>846,98</SARD>
    <SICI>1521,995</SICI>
    <SUD>2104,519</SUD>
  </Fabbisogno>
  <Fabbisogno>
    <Data>20170405</Data>
    <Mercato>MGP</Mercato>
    <Ora>7</Ora>
    <Italia>30087,168</Italia>
    <CNOR>3492,997</CNOR>
    <CSUD>4639,326</CSUD>
    <NORD>17051,748</NORD>
    <SARD>951,216</SARD>
    <SICI>1685,422</SICI>
    <SUD>2266,459</SUD>
  </Fabbisogno>
  <Fabbisogno>
    <Data>20170405</Data>
    <Mercato>MGP</Mercato>
    <Ora>8</Ora>
    <Italia>34858,585</Italia>
    <CNOR>4068,958</CNOR>
    <CSUD>5313,057</CSUD>
    <NORD>19736,89</NORD>
    <SARD>1116,333</SARD>
    <SICI>1915,505</SICI>
    <SUD>2707,842</SUD>
  </Fabbisogno>
  <Fabbisogno>
    <Data>20170405</Data>
    <Mercato>MGP</Mercato>
    <Ora>9</Ora>
    <Italia>39422,006</Italia>
    <CNOR>4700,338</CNOR>
    <CSUD>5953,82</CSUD>
    <NORD>22476,909</NORD>
    <SARD>1143,431</SARD>
    <SICI>2138,984</SICI>
    <SUD>3008,524</SUD>
  </Fabbisogno>
  <Fabbisogno>
    <Data>20170405</Data>
    <Mercato>MGP</Mercato>
    <Ora>10</Ora>
    <Italia>39901,258</Italia>
    <CNOR>4747,833</CNOR>
    <CSUD>6064,436</CSUD>
    <NORD>22899,812</NORD>
    <SARD>1117,44</SARD>
    <SICI>2156,578</SICI>
    <SUD>2915,159</SUD>
  </Fabbisogno>
  <Fabbisogno>
    <Data>20170405</Data>
    <Mercato>MGP</Mercato>
    <Ora>11</Ora>
    <Italia>39395,682</Italia>
    <CNOR>4665,366</CNOR>
    <CSUD>6030,122</CSUD>
    <NORD>22745,477</NORD>
    <SARD>1070,501</SARD>
    <SICI>2116,458</SICI>
    <SUD>2767,758</SUD>
  </Fabbisogno>
  <Fabbisogno>
    <Data>20170405</Data>
    <Mercato>MGP</Mercato>
    <Ora>12</Ora>
    <Italia>38858,839</Italia>
    <CNOR>4642,537</CNOR>
    <CSUD>5966,826</CSUD>
    <NORD>22401,421</NORD>
    <SARD>1048,102</SARD>
    <SICI>2056,514</SICI>
    <SUD>2743,439</SUD>
  </Fabbisogno>
  <Fabbisogno>
    <Data>20170405</Data>
    <Mercato>MGP</Mercato>
    <Ora>13</Ora>
    <Italia>36573,986</Italia>
    <CNOR>4325,225</CNOR>
    <CSUD>5866,788</CSUD>
    <NORD>20612,311</NORD>
    <SARD>1028,414</SARD>
    <SICI>2005,256</SICI>
    <SUD>2735,992</SUD>
  </Fabbisogno>
  <Fabbisogno>
    <Data>20170405</Data>
    <Mercato>MGP</Mercato>
    <Ora>14</Ora>
    <Italia>36057,266</Italia>
    <CNOR>4111,526</CNOR>
    <CSUD>5645,376</CSUD>
    <NORD>20716,368</NORD>
    <SARD>994,301</SARD>
    <SICI>1953,931</SICI>
    <SUD>2635,764</SUD>
  </Fabbisogno>
  <Fabbisogno>
    <Data>20170405</Data>
    <Mercato>MGP</Mercato>
    <Ora>15</Ora>
    <Italia>36843,724</Italia>
    <CNOR>4209,097</CNOR>
    <CSUD>5631,216</CSUD>
    <NORD>21495,899</NORD>
    <SARD>976,514</SARD>
    <SICI>1954,574</SICI>
    <SUD>2576,424</SUD>
  </Fabbisogno>
  <Fabbisogno>
    <Data>20170405</Data>
    <Mercato>MGP</Mercato>
    <Ora>16</Ora>
    <Italia>37408,738</Italia>
    <CNOR>4332,692</CNOR>
    <CSUD>5710,63</CSUD>
    <NORD>21735,813</NORD>
    <SARD>984,135</SARD>
    <SICI>1965,987</SICI>
    <SUD>2679,481</SUD>
  </Fabbisogno>
  <Fabbisogno>
    <Data>20170405</Data>
    <Mercato>MGP</Mercato>
    <Ora>17</Ora>
    <Italia>37622,97</Italia>
    <CNOR>4421,4</CNOR>
    <CSUD>5762,944</CSUD>
    <NORD>21610,235</NORD>
    <SARD>1014,06</SARD>
    <SICI>2022,355</SICI>
    <SUD>2791,976</SUD>
  </Fabbisogno>
  <Fabbisogno>
    <Data>20170405</Data>
    <Mercato>MGP</Mercato>
    <Ora>18</Ora>
    <Italia>37211,979</Italia>
    <CNOR>4370,443</CNOR>
    <CSUD>5787,875</CSUD>
    <NORD>21072,166</NORD>
    <SARD>1062,714</SARD>
    <SICI>2047,935</SICI>
    <SUD>2870,846</SUD>
  </Fabbisogno>
  <Fabbisogno>
    <Data>20170405</Data>
    <Mercato>MGP</Mercato>
    <Ora>19</Ora>
    <Italia>37683,54</Italia>
    <CNOR>4490,81</CNOR>
    <CSUD>5974,219</CSUD>
    <NORD>20817,772</NORD>
    <SARD>1183,938</SARD>
    <SICI>2087,662</SICI>
    <SUD>3129,139</SUD>
  </Fabbisogno>
  <Fabbisogno>
    <Data>20170405</Data>
    <Mercato>MGP</Mercato>
    <Ora>20</Ora>
    <Italia>38079,959</Italia>
    <CNOR>4491,998</CNOR>
    <CSUD>6320,001</CSUD>
    <NORD>20468,808</NORD>
    <SARD>1216,583</SARD>
    <SICI>2199,32</SICI>
    <SUD>3383,249</SUD>
  </Fabbisogno>
  <Fabbisogno>
    <Data>20170405</Data>
    <Mercato>MGP</Mercato>
    <Ora>21</Ora>
    <Italia>39323,568</Italia>
    <CNOR>4639,249</CNOR>
    <CSUD>6733,003</CSUD>
    <NORD>20755,063</NORD>
    <SARD>1220,764</SARD>
    <SICI>2411,537</SICI>
    <SUD>3563,952</SUD>
  </Fabbisogno>
  <Fabbisogno>
    <Data>20170405</Data>
    <Mercato>MGP</Mercato>
    <Ora>22</Ora>
    <Italia>36870,467</Italia>
    <CNOR>4307,871</CNOR>
    <CSUD>6222,462</CSUD>
    <NORD>19638,002</NORD>
    <SARD>1156,506</SARD>
    <SICI>2247,485</SICI>
    <SUD>3298,141</SUD>
  </Fabbisogno>
  <Fabbisogno>
    <Data>20170405</Data>
    <Mercato>MGP</Mercato>
    <Ora>23</Ora>
    <Italia>32844,433</Italia>
    <CNOR>3832,642</CNOR>
    <CSUD>5566,327</CSUD>
    <NORD>17490,33</NORD>
    <SARD>1060,869</SARD>
    <SICI>2070,585</SICI>
    <SUD>2823,68</SUD>
  </Fabbisogno>
  <Fabbisogno>
    <Data>20170405</Data>
    <Mercato>MGP</Mercato>
    <Ora>24</Ora>
    <Italia>29680,623</Italia>
    <CNOR>3434,568</CNOR>
    <CSUD>4917,441</CSUD>
    <NORD>16023,527</NORD>
    <SARD>966,859</SARD>
    <SICI>1841,725</SICI>
    <SUD>2496,503</SUD>
  </Fabbisogno>
</NewDataSet>