<?xml version="1.0" standalone="yes"?>
<NewDataSet>
  <xs:schema id="NewDataSet" xmlns="" xmlns:xs="http://www.w3.org/2001/XMLSchema" xmlns:msdata="urn:schemas-microsoft-com:xml-msdata">
    <xs:element name="NewDataSet" msdata:IsDataSet="true" msdata:UseCurrentLocale="true">
      <xs:complexType>
        <xs:choice minOccurs="0" maxOccurs="unbounded">
          <xs:element name="Fabbisogno">
            <xs:complexType>
              <xs:sequence>
                <xs:element name="Data" type="xs:string" minOccurs="0" />
                <xs:element name="Mercato" type="xs:string" minOccurs="0" />
                <xs:element name="Ora" type="xs:string" minOccurs="0" />
                <xs:element name="Italia" type="xs:string" minOccurs="0" />
                <xs:element name="CNOR" type="xs:string" minOccurs="0" />
                <xs:element name="CSUD" type="xs:string" minOccurs="0" />
                <xs:element name="NORD" type="xs:string" minOccurs="0" />
                <xs:element name="SARD" type="xs:string" minOccurs="0" />
                <xs:element name="SICI" type="xs:string" minOccurs="0" />
                <xs:element name="SUD" type="xs:string" minOccurs="0" />
              </xs:sequence>
            </xs:complexType>
          </xs:element>
        </xs:choice>
      </xs:complexType>
    </xs:element>
  </xs:schema>
  <Fabbisogno>
    <Data>20170427</Data>
    <Mercato>MGP</Mercato>
    <Ora>1</Ora>
    <Italia>26776,033</Italia>
    <CNOR>3121,169</CNOR>
    <CSUD>4397,07</CSUD>
    <NORD>14472,809</NORD>
    <SARD>935,148</SARD>
    <SICI>1610,369</SICI>
    <SUD>2239,468</SUD>
  </Fabbisogno>
  <Fabbisogno>
    <Data>20170427</Data>
    <Mercato>MGP</Mercato>
    <Ora>2</Ora>
    <Italia>25054,394</Italia>
    <CNOR>2946,278</CNOR>
    <CSUD>4048,695</CSUD>
    <NORD>13609,574</NORD>
    <SARD>886,239</SARD>
    <SICI>1469,158</SICI>
    <SUD>2094,45</SUD>
  </Fabbisogno>
  <Fabbisogno>
    <Data>20170427</Data>
    <Mercato>MGP</Mercato>
    <Ora>3</Ora>
    <Italia>24425,171</Italia>
    <CNOR>2895,241</CNOR>
    <CSUD>3933,441</CSUD>
    <NORD>13302,72</NORD>
    <SARD>871,22</SARD>
    <SICI>1406,769</SICI>
    <SUD>2015,78</SUD>
  </Fabbisogno>
  <Fabbisogno>
    <Data>20170427</Data>
    <Mercato>MGP</Mercato>
    <Ora>4</Ora>
    <Italia>24218,212</Italia>
    <CNOR>2864,844</CNOR>
    <CSUD>3890,248</CSUD>
    <NORD>13215,937</NORD>
    <SARD>866,574</SARD>
    <SICI>1378,928</SICI>
    <SUD>2001,681</SUD>
  </Fabbisogno>
  <Fabbisogno>
    <Data>20170427</Data>
    <Mercato>MGP</Mercato>
    <Ora>5</Ora>
    <Italia>24404,288</Italia>
    <CNOR>2877,907</CNOR>
    <CSUD>3907,727</CSUD>
    <NORD>13333,55</NORD>
    <SARD>867,5</SARD>
    <SICI>1397,301</SICI>
    <SUD>2020,303</SUD>
  </Fabbisogno>
  <Fabbisogno>
    <Data>20170427</Data>
    <Mercato>MGP</Mercato>
    <Ora>6</Ora>
    <Italia>25616,18</Italia>
    <CNOR>3012,95</CNOR>
    <CSUD>4114,64</CSUD>
    <NORD>14066,643</NORD>
    <SARD>899,703</SARD>
    <SICI>1438,585</SICI>
    <SUD>2083,659</SUD>
  </Fabbisogno>
  <Fabbisogno>
    <Data>20170427</Data>
    <Mercato>MGP</Mercato>
    <Ora>7</Ora>
    <Italia>28629,546</Italia>
    <CNOR>3332,501</CNOR>
    <CSUD>4437,579</CSUD>
    <NORD>16266,223</NORD>
    <SARD>962,473</SARD>
    <SICI>1503,049</SICI>
    <SUD>2127,721</SUD>
  </Fabbisogno>
  <Fabbisogno>
    <Data>20170427</Data>
    <Mercato>MGP</Mercato>
    <Ora>8</Ora>
    <Italia>33757,219</Italia>
    <CNOR>3909,481</CNOR>
    <CSUD>5200,83</CSUD>
    <NORD>19200,435</NORD>
    <SARD>1031,09</SARD>
    <SICI>1801,685</SICI>
    <SUD>2613,698</SUD>
  </Fabbisogno>
  <Fabbisogno>
    <Data>20170427</Data>
    <Mercato>MGP</Mercato>
    <Ora>9</Ora>
    <Italia>39123,712</Italia>
    <CNOR>4600,688</CNOR>
    <CSUD>5882,286</CSUD>
    <NORD>22558,337</NORD>
    <SARD>1150,2</SARD>
    <SICI>2019,366</SICI>
    <SUD>2912,835</SUD>
  </Fabbisogno>
  <Fabbisogno>
    <Data>20170427</Data>
    <Mercato>MGP</Mercato>
    <Ora>10</Ora>
    <Italia>39871,011</Italia>
    <CNOR>4724,942</CNOR>
    <CSUD>6064,039</CSUD>
    <NORD>23065,623</NORD>
    <SARD>1168,374</SARD>
    <SICI>2027,527</SICI>
    <SUD>2820,506</SUD>
  </Fabbisogno>
  <Fabbisogno>
    <Data>20170427</Data>
    <Mercato>MGP</Mercato>
    <Ora>11</Ora>
    <Italia>39931,324</Italia>
    <CNOR>4718,789</CNOR>
    <CSUD>6000,173</CSUD>
    <NORD>23364,215</NORD>
    <SARD>1158,405</SARD>
    <SICI>1969,065</SICI>
    <SUD>2720,677</SUD>
  </Fabbisogno>
  <Fabbisogno>
    <Data>20170427</Data>
    <Mercato>MGP</Mercato>
    <Ora>12</Ora>
    <Italia>39472,703</Italia>
    <CNOR>4716,635</CNOR>
    <CSUD>6016,942</CSUD>
    <NORD>23091,144</NORD>
    <SARD>1142,5</SARD>
    <SICI>1916,184</SICI>
    <SUD>2589,298</SUD>
  </Fabbisogno>
  <Fabbisogno>
    <Data>20170427</Data>
    <Mercato>MGP</Mercato>
    <Ora>13</Ora>
    <Italia>37297,257</Italia>
    <CNOR>4430,151</CNOR>
    <CSUD>5946,599</CSUD>
    <NORD>21333,696</NORD>
    <SARD>1092,624</SARD>
    <SICI>1903,867</SICI>
    <SUD>2590,32</SUD>
  </Fabbisogno>
  <Fabbisogno>
    <Data>20170427</Data>
    <Mercato>MGP</Mercato>
    <Ora>14</Ora>
    <Italia>36846,941</Italia>
    <CNOR>4235,479</CNOR>
    <CSUD>5751,67</CSUD>
    <NORD>21426,364</NORD>
    <SARD>1088,788</SARD>
    <SICI>1854,418</SICI>
    <SUD>2490,222</SUD>
  </Fabbisogno>
  <Fabbisogno>
    <Data>20170427</Data>
    <Mercato>MGP</Mercato>
    <Ora>15</Ora>
    <Italia>37438,102</Italia>
    <CNOR>4394,728</CNOR>
    <CSUD>5743,816</CSUD>
    <NORD>22033,247</NORD>
    <SARD>982,345</SARD>
    <SICI>1871,301</SICI>
    <SUD>2412,665</SUD>
  </Fabbisogno>
  <Fabbisogno>
    <Data>20170427</Data>
    <Mercato>MGP</Mercato>
    <Ora>16</Ora>
    <Italia>37681,384</Italia>
    <CNOR>4451,548</CNOR>
    <CSUD>5825,655</CSUD>
    <NORD>22062,737</NORD>
    <SARD>994,347</SARD>
    <SICI>1865,365</SICI>
    <SUD>2481,732</SUD>
  </Fabbisogno>
  <Fabbisogno>
    <Data>20170427</Data>
    <Mercato>MGP</Mercato>
    <Ora>17</Ora>
    <Italia>37567,065</Italia>
    <CNOR>4507,764</CNOR>
    <CSUD>5799,332</CSUD>
    <NORD>21722,724</NORD>
    <SARD>1024,216</SARD>
    <SICI>1937,349</SICI>
    <SUD>2575,68</SUD>
  </Fabbisogno>
  <Fabbisogno>
    <Data>20170427</Data>
    <Mercato>MGP</Mercato>
    <Ora>18</Ora>
    <Italia>36518,179</Italia>
    <CNOR>4446,191</CNOR>
    <CSUD>5782,985</CSUD>
    <NORD>20561,241</NORD>
    <SARD>1043,843</SARD>
    <SICI>1973,163</SICI>
    <SUD>2710,756</SUD>
  </Fabbisogno>
  <Fabbisogno>
    <Data>20170427</Data>
    <Mercato>MGP</Mercato>
    <Ora>19</Ora>
    <Italia>36506,499</Italia>
    <CNOR>4441,25</CNOR>
    <CSUD>5864,114</CSUD>
    <NORD>20189,43</NORD>
    <SARD>1097,314</SARD>
    <SICI>2043,269</SICI>
    <SUD>2871,122</SUD>
  </Fabbisogno>
  <Fabbisogno>
    <Data>20170427</Data>
    <Mercato>MGP</Mercato>
    <Ora>20</Ora>
    <Italia>36670,368</Italia>
    <CNOR>4405,481</CNOR>
    <CSUD>6198,552</CSUD>
    <NORD>19730,927</NORD>
    <SARD>1128,079</SARD>
    <SICI>2153,938</SICI>
    <SUD>3053,391</SUD>
  </Fabbisogno>
  <Fabbisogno>
    <Data>20170427</Data>
    <Mercato>MGP</Mercato>
    <Ora>21</Ora>
    <Italia>37974,784</Italia>
    <CNOR>4482,002</CNOR>
    <CSUD>6589,816</CSUD>
    <NORD>19977,044</NORD>
    <SARD>1198,869</SARD>
    <SICI>2332,512</SICI>
    <SUD>3394,541</SUD>
  </Fabbisogno>
  <Fabbisogno>
    <Data>20170427</Data>
    <Mercato>MGP</Mercato>
    <Ora>22</Ora>
    <Italia>36062,31</Italia>
    <CNOR>4226,521</CNOR>
    <CSUD>6164,493</CSUD>
    <NORD>19266,92</NORD>
    <SARD>1132,064</SARD>
    <SICI>2185,918</SICI>
    <SUD>3086,394</SUD>
  </Fabbisogno>
  <Fabbisogno>
    <Data>20170427</Data>
    <Mercato>MGP</Mercato>
    <Ora>23</Ora>
    <Italia>32477,05</Italia>
    <CNOR>3783,752</CNOR>
    <CSUD>5512,124</CSUD>
    <NORD>17359,703</NORD>
    <SARD>1046,077</SARD>
    <SICI>1982,737</SICI>
    <SUD>2792,657</SUD>
  </Fabbisogno>
  <Fabbisogno>
    <Data>20170427</Data>
    <Mercato>MGP</Mercato>
    <Ora>24</Ora>
    <Italia>29365,638</Italia>
    <CNOR>3390,56</CNOR>
    <CSUD>4928,844</CSUD>
    <NORD>15743,747</NORD>
    <SARD>1004,468</SARD>
    <SICI>1794,345</SICI>
    <SUD>2503,674</SUD>
  </Fabbisogno>
</NewDataSet>