<?xml version="1.0" standalone="yes"?>
<NewDataSet>
  <xs:schema id="NewDataSet" xmlns="" xmlns:xs="http://www.w3.org/2001/XMLSchema" xmlns:msdata="urn:schemas-microsoft-com:xml-msdata">
    <xs:element name="NewDataSet" msdata:IsDataSet="true" msdata:UseCurrentLocale="true">
      <xs:complexType>
        <xs:choice minOccurs="0" maxOccurs="unbounded">
          <xs:element name="Prezzi">
            <xs:complexType>
              <xs:sequence>
                <xs:element name="Data" type="xs:string" minOccurs="0" />
                <xs:element name="Mercato" type="xs:string" minOccurs="0" />
                <xs:element name="Ora" type="xs:string" minOccurs="0" />
                <xs:element name="PUN" type="xs:string" minOccurs="0" />
                <xs:element name="NAT" type="xs:string" minOccurs="0" />
                <xs:element name="CNOR" type="xs:string" minOccurs="0" />
                <xs:element name="CSUD" type="xs:string" minOccurs="0" />
                <xs:element name="NORD" type="xs:string" minOccurs="0" />
                <xs:element name="SARD" type="xs:string" minOccurs="0" />
                <xs:element name="SICI" type="xs:string" minOccurs="0" />
                <xs:element name="SUD" type="xs:string" minOccurs="0" />
                <xs:element name="AUST" type="xs:string" minOccurs="0" />
                <xs:element name="BRNN" type="xs:string" minOccurs="0" />
                <xs:element name="COAC" type="xs:string" minOccurs="0" />
                <xs:element name="CORS" type="xs:string" minOccurs="0" />
                <xs:element name="FOGN" type="xs:string" minOccurs="0" />
                <xs:element name="FRAN" type="xs:string" minOccurs="0" />
                <xs:element name="GREC" type="xs:string" minOccurs="0" />
                <xs:element name="MFTV" type="xs:string" minOccurs="0" />
                <xs:element name="PRGP" type="xs:string" minOccurs="0" />
                <xs:element name="ROSN" type="xs:string" minOccurs="0" />
                <xs:element name="SLOV" type="xs:string" minOccurs="0" />
                <xs:element name="SVIZ" type="xs:string" minOccurs="0" />
                <xs:element name="BSP" type="xs:string" minOccurs="0" />
              </xs:sequence>
            </xs:complexType>
          </xs:element>
        </xs:choice>
      </xs:complexType>
    </xs:element>
  </xs:schema>
  <Prezzi>
    <Data>20140220</Data>
    <Mercato>MGP</Mercato>
    <Ora>1</Ora>
    <PUN>44,416049</PUN>
    <NAT>41,15</NAT>
    <CNOR>42,56</CNOR>
    <CSUD>42,56</CSUD>
    <NORD>42,56</NORD>
    <SARD>42,56</SARD>
    <SICI>70</SICI>
    <SUD>42,56</SUD>
    <AUST>42,56</AUST>
    <BRNN>42,56</BRNN>
    <COAC>42,56</COAC>
    <CORS>42,56</CORS>
    <FOGN>42,56</FOGN>
    <FRAN>42,56</FRAN>
    <GREC>42,56</GREC>
    <MFTV>42,56</MFTV>
    <PRGP>70</PRGP>
    <ROSN>42,56</ROSN>
    <SLOV>42,56</SLOV>
    <SVIZ>42,56</SVIZ>
    <BSP>29,82</BSP>
  </Prezzi>
  <Prezzi>
    <Data>20140220</Data>
    <Mercato>MGP</Mercato>
    <Ora>2</Ora>
    <PUN>40,548790</PUN>
    <NAT>38,47</NAT>
    <CNOR>39,31</CNOR>
    <CSUD>39,31</CSUD>
    <NORD>39,31</NORD>
    <SARD>39,31</SARD>
    <SICI>58,85</SICI>
    <SUD>39,31</SUD>
    <AUST>39,31</AUST>
    <BRNN>39,31</BRNN>
    <COAC>39,31</COAC>
    <CORS>39,31</CORS>
    <FOGN>39,31</FOGN>
    <FRAN>39,31</FRAN>
    <GREC>39,31</GREC>
    <MFTV>39,31</MFTV>
    <PRGP>58,85</PRGP>
    <ROSN>39,31</ROSN>
    <SLOV>39,31</SLOV>
    <SVIZ>39,31</SVIZ>
    <BSP>26,65</BSP>
  </Prezzi>
  <Prezzi>
    <Data>20140220</Data>
    <Mercato>MGP</Mercato>
    <Ora>3</Ora>
    <PUN>36,474021</PUN>
    <NAT>34,84</NAT>
    <CNOR>35,25</CNOR>
    <CSUD>35,25</CSUD>
    <NORD>35,25</NORD>
    <SARD>35,25</SARD>
    <SICI>55,01</SICI>
    <SUD>35,25</SUD>
    <AUST>35,25</AUST>
    <BRNN>35,25</BRNN>
    <COAC>35,25</COAC>
    <CORS>35,25</CORS>
    <FOGN>35,25</FOGN>
    <FRAN>35,25</FRAN>
    <GREC>35,25</GREC>
    <MFTV>35,25</MFTV>
    <PRGP>55,01</PRGP>
    <ROSN>35,25</ROSN>
    <SLOV>35,25</SLOV>
    <SVIZ>35,25</SVIZ>
    <BSP>26,42</BSP>
  </Prezzi>
  <Prezzi>
    <Data>20140220</Data>
    <Mercato>MGP</Mercato>
    <Ora>4</Ora>
    <PUN>35,961170</PUN>
    <NAT>32,39</NAT>
    <CNOR>34,70</CNOR>
    <CSUD>34,70</CSUD>
    <NORD>34,70</NORD>
    <SARD>34,70</SARD>
    <SICI>55,01</SICI>
    <SUD>34,70</SUD>
    <AUST>34,70</AUST>
    <BRNN>34,70</BRNN>
    <COAC>34,70</COAC>
    <CORS>34,70</CORS>
    <FOGN>34,70</FOGN>
    <FRAN>34,70</FRAN>
    <GREC>34,70</GREC>
    <MFTV>34,70</MFTV>
    <PRGP>55,01</PRGP>
    <ROSN>34,70</ROSN>
    <SLOV>34,70</SLOV>
    <SVIZ>34,70</SVIZ>
    <BSP>26,30</BSP>
  </Prezzi>
  <Prezzi>
    <Data>20140220</Data>
    <Mercato>MGP</Mercato>
    <Ora>5</Ora>
    <PUN>34,340054</PUN>
    <NAT>30,46</NAT>
    <CNOR>33</CNOR>
    <CSUD>33</CSUD>
    <NORD>33</NORD>
    <SARD>33</SARD>
    <SICI>55,01</SICI>
    <SUD>33</SUD>
    <AUST>33</AUST>
    <BRNN>33</BRNN>
    <COAC>33</COAC>
    <CORS>33</CORS>
    <FOGN>33</FOGN>
    <FRAN>33</FRAN>
    <GREC>33</GREC>
    <MFTV>33</MFTV>
    <PRGP>55,01</PRGP>
    <ROSN>33</ROSN>
    <SLOV>33</SLOV>
    <SVIZ>33</SVIZ>
    <BSP>27,06</BSP>
  </Prezzi>
  <Prezzi>
    <Data>20140220</Data>
    <Mercato>MGP</Mercato>
    <Ora>6</Ora>
    <PUN>39,931085</PUN>
    <NAT>37,70</NAT>
    <CNOR>38,98</CNOR>
    <CSUD>38,98</CSUD>
    <NORD>38,98</NORD>
    <SARD>38,98</SARD>
    <SICI>55,01</SICI>
    <SUD>38,98</SUD>
    <AUST>38,98</AUST>
    <BRNN>38,98</BRNN>
    <COAC>38,98</COAC>
    <CORS>38,98</CORS>
    <FOGN>38,98</FOGN>
    <FRAN>38,98</FRAN>
    <GREC>38,98</GREC>
    <MFTV>38,98</MFTV>
    <PRGP>55,01</PRGP>
    <ROSN>38,98</ROSN>
    <SLOV>38,98</SLOV>
    <SVIZ>38,98</SVIZ>
    <BSP>29,50</BSP>
  </Prezzi>
  <Prezzi>
    <Data>20140220</Data>
    <Mercato>MGP</Mercato>
    <Ora>7</Ora>
    <PUN>52,382978</PUN>
    <NAT>50</NAT>
    <CNOR>50</CNOR>
    <CSUD>50</CSUD>
    <NORD>52,05</NORD>
    <SARD>50</SARD>
    <SICI>70</SICI>
    <SUD>50</SUD>
    <AUST>52,05</AUST>
    <BRNN>50</BRNN>
    <COAC>50</COAC>
    <CORS>50</CORS>
    <FOGN>50</FOGN>
    <FRAN>52,05</FRAN>
    <GREC>50</GREC>
    <MFTV>52,05</MFTV>
    <PRGP>70</PRGP>
    <ROSN>50</ROSN>
    <SLOV>52,05</SLOV>
    <SVIZ>52,05</SVIZ>
    <BSP>35,56</BSP>
  </Prezzi>
  <Prezzi>
    <Data>20140220</Data>
    <Mercato>MGP</Mercato>
    <Ora>8</Ora>
    <PUN>61,988235</PUN>
    <NAT>59,38</NAT>
    <CNOR>60</CNOR>
    <CSUD>60</CSUD>
    <NORD>60</NORD>
    <SARD>60</SARD>
    <SICI>95,02</SICI>
    <SUD>60</SUD>
    <AUST>60</AUST>
    <BRNN>60</BRNN>
    <COAC>60</COAC>
    <CORS>60</CORS>
    <FOGN>60</FOGN>
    <FRAN>60</FRAN>
    <GREC>60</GREC>
    <MFTV>60</MFTV>
    <PRGP>95,02</PRGP>
    <ROSN>60</ROSN>
    <SLOV>60</SLOV>
    <SVIZ>60</SVIZ>
    <BSP>46,34</BSP>
  </Prezzi>
  <Prezzi>
    <Data>20140220</Data>
    <Mercato>MGP</Mercato>
    <Ora>9</Ora>
    <PUN>70,340854</PUN>
    <NAT>68,25</NAT>
    <CNOR>68,25</CNOR>
    <CSUD>68,25</CSUD>
    <NORD>68,25</NORD>
    <SARD>68,25</SARD>
    <SICI>105,02</SICI>
    <SUD>68,25</SUD>
    <AUST>68,25</AUST>
    <BRNN>68,25</BRNN>
    <COAC>68,25</COAC>
    <CORS>68,25</CORS>
    <FOGN>68,25</FOGN>
    <FRAN>68,25</FRAN>
    <GREC>68,25</GREC>
    <MFTV>68,25</MFTV>
    <PRGP>105,02</PRGP>
    <ROSN>68,25</ROSN>
    <SLOV>68,25</SLOV>
    <SVIZ>68,25</SVIZ>
    <BSP>47,13</BSP>
  </Prezzi>
  <Prezzi>
    <Data>20140220</Data>
    <Mercato>MGP</Mercato>
    <Ora>10</Ora>
    <PUN>65,326051</PUN>
    <NAT>63</NAT>
    <CNOR>63</CNOR>
    <CSUD>63</CSUD>
    <NORD>63</NORD>
    <SARD>63</SARD>
    <SICI>105,02</SICI>
    <SUD>61,98</SUD>
    <AUST>63</AUST>
    <BRNN>61,98</BRNN>
    <COAC>63</COAC>
    <CORS>63</CORS>
    <FOGN>61,98</FOGN>
    <FRAN>63</FRAN>
    <GREC>61,98</GREC>
    <MFTV>63</MFTV>
    <PRGP>105,02</PRGP>
    <ROSN>61,98</ROSN>
    <SLOV>63</SLOV>
    <SVIZ>63</SVIZ>
    <BSP>44,90</BSP>
  </Prezzi>
  <Prezzi>
    <Data>20140220</Data>
    <Mercato>MGP</Mercato>
    <Ora>11</Ora>
    <PUN>61,282781</PUN>
    <NAT>57,54</NAT>
    <CNOR>59,85</CNOR>
    <CSUD>59,85</CSUD>
    <NORD>59,85</NORD>
    <SARD>59,85</SARD>
    <SICI>105,01</SICI>
    <SUD>45,45</SUD>
    <AUST>59,85</AUST>
    <BRNN>45,45</BRNN>
    <COAC>59,85</COAC>
    <CORS>59,85</CORS>
    <FOGN>45,45</FOGN>
    <FRAN>59,85</FRAN>
    <GREC>45,45</GREC>
    <MFTV>59,85</MFTV>
    <PRGP>105,01</PRGP>
    <ROSN>45,45</ROSN>
    <SLOV>59,85</SLOV>
    <SVIZ>59,85</SVIZ>
    <BSP>40,52</BSP>
  </Prezzi>
  <Prezzi>
    <Data>20140220</Data>
    <Mercato>MGP</Mercato>
    <Ora>12</Ora>
    <PUN>58,475793</PUN>
    <NAT>56</NAT>
    <CNOR>57,90</CNOR>
    <CSUD>57,90</CSUD>
    <NORD>57,90</NORD>
    <SARD>41</SARD>
    <SICI>105,02</SICI>
    <SUD>37,57</SUD>
    <AUST>57,90</AUST>
    <BRNN>37,57</BRNN>
    <COAC>41</COAC>
    <CORS>41</CORS>
    <FOGN>37,57</FOGN>
    <FRAN>57,90</FRAN>
    <GREC>37,57</GREC>
    <MFTV>57,90</MFTV>
    <PRGP>105,02</PRGP>
    <ROSN>37,57</ROSN>
    <SLOV>57,90</SLOV>
    <SVIZ>57,90</SVIZ>
    <BSP>39,77</BSP>
  </Prezzi>
  <Prezzi>
    <Data>20140220</Data>
    <Mercato>MGP</Mercato>
    <Ora>13</Ora>
    <PUN>50,552076</PUN>
    <NAT>51,01</NAT>
    <CNOR>51,50</CNOR>
    <CSUD>51,50</CSUD>
    <NORD>51,50</NORD>
    <SARD>5</SARD>
    <SICI>81,01</SICI>
    <SUD>37,57</SUD>
    <AUST>51,50</AUST>
    <BRNN>37,57</BRNN>
    <COAC>5</COAC>
    <CORS>5</CORS>
    <FOGN>37,57</FOGN>
    <FRAN>51,50</FRAN>
    <GREC>37,57</GREC>
    <MFTV>51,50</MFTV>
    <PRGP>81,01</PRGP>
    <ROSN>37,57</ROSN>
    <SLOV>51,50</SLOV>
    <SVIZ>51,50</SVIZ>
    <BSP>36,77</BSP>
  </Prezzi>
  <Prezzi>
    <Data>20140220</Data>
    <Mercato>MGP</Mercato>
    <Ora>14</Ora>
    <PUN>49,338486</PUN>
    <NAT>50</NAT>
    <CNOR>50</CNOR>
    <CSUD>50</CSUD>
    <NORD>50</NORD>
    <SARD>5</SARD>
    <SICI>81,01</SICI>
    <SUD>37,57</SUD>
    <AUST>50</AUST>
    <BRNN>37,57</BRNN>
    <COAC>5</COAC>
    <CORS>5</CORS>
    <FOGN>37,57</FOGN>
    <FRAN>50</FRAN>
    <GREC>37,57</GREC>
    <MFTV>50</MFTV>
    <PRGP>81,01</PRGP>
    <ROSN>37,57</ROSN>
    <SLOV>50</SLOV>
    <SVIZ>50</SVIZ>
    <BSP>36,79</BSP>
  </Prezzi>
  <Prezzi>
    <Data>20140220</Data>
    <Mercato>MGP</Mercato>
    <Ora>15</Ora>
    <PUN>56,007272</PUN>
    <NAT>54,90</NAT>
    <CNOR>54,87</CNOR>
    <CSUD>54,87</CSUD>
    <NORD>54,87</NORD>
    <SARD>54,87</SARD>
    <SICI>81,01</SICI>
    <SUD>50</SUD>
    <AUST>54,87</AUST>
    <BRNN>50</BRNN>
    <COAC>54,87</COAC>
    <CORS>54,87</CORS>
    <FOGN>50</FOGN>
    <FRAN>54,87</FRAN>
    <GREC>50</GREC>
    <MFTV>54,87</MFTV>
    <PRGP>81,01</PRGP>
    <ROSN>50</ROSN>
    <SLOV>54,87</SLOV>
    <SVIZ>54,87</SVIZ>
    <BSP>36,20</BSP>
  </Prezzi>
  <Prezzi>
    <Data>20140220</Data>
    <Mercato>MGP</Mercato>
    <Ora>16</Ora>
    <PUN>58,193421</PUN>
    <NAT>56,05</NAT>
    <CNOR>56,94</CNOR>
    <CSUD>56,94</CSUD>
    <NORD>56,94</NORD>
    <SARD>56,94</SARD>
    <SICI>81,01</SICI>
    <SUD>55,05</SUD>
    <AUST>56,94</AUST>
    <BRNN>55,05</BRNN>
    <COAC>56,94</COAC>
    <CORS>56,94</CORS>
    <FOGN>55,05</FOGN>
    <FRAN>56,94</FRAN>
    <GREC>55,05</GREC>
    <MFTV>56,94</MFTV>
    <PRGP>81,01</PRGP>
    <ROSN>55,05</ROSN>
    <SLOV>56,94</SLOV>
    <SVIZ>56,94</SVIZ>
    <BSP>37</BSP>
  </Prezzi>
  <Prezzi>
    <Data>20140220</Data>
    <Mercato>MGP</Mercato>
    <Ora>17</Ora>
    <PUN>63,240261</PUN>
    <NAT>59,02</NAT>
    <CNOR>59,02</CNOR>
    <CSUD>59,02</CSUD>
    <NORD>59,02</NORD>
    <SARD>59,02</SARD>
    <SICI>130,02</SICI>
    <SUD>59,02</SUD>
    <AUST>59,02</AUST>
    <BRNN>58,22</BRNN>
    <COAC>59,02</COAC>
    <CORS>59,02</CORS>
    <FOGN>59,02</FOGN>
    <FRAN>59,02</FRAN>
    <GREC>58,22</GREC>
    <MFTV>59,02</MFTV>
    <PRGP>130,02</PRGP>
    <ROSN>59,02</ROSN>
    <SLOV>59,02</SLOV>
    <SVIZ>59,02</SVIZ>
    <BSP>38,26</BSP>
  </Prezzi>
  <Prezzi>
    <Data>20140220</Data>
    <Mercato>MGP</Mercato>
    <Ora>18</Ora>
    <PUN>66,112802</PUN>
    <NAT>60,80</NAT>
    <CNOR>60,80</CNOR>
    <CSUD>60,80</CSUD>
    <NORD>60,80</NORD>
    <SARD>60,80</SARD>
    <SICI>145,02</SICI>
    <SUD>60,80</SUD>
    <AUST>60,80</AUST>
    <BRNN>58,16</BRNN>
    <COAC>60,80</COAC>
    <CORS>60,80</CORS>
    <FOGN>60,80</FOGN>
    <FRAN>60,80</FRAN>
    <GREC>58,16</GREC>
    <MFTV>60,80</MFTV>
    <PRGP>145,02</PRGP>
    <ROSN>60,80</ROSN>
    <SLOV>60,80</SLOV>
    <SVIZ>60,80</SVIZ>
    <BSP>43,72</BSP>
  </Prezzi>
  <Prezzi>
    <Data>20140220</Data>
    <Mercato>MGP</Mercato>
    <Ora>19</Ora>
    <PUN>79,185049</PUN>
    <NAT>76,17</NAT>
    <CNOR>75,67</CNOR>
    <CSUD>75,67</CSUD>
    <NORD>74</NORD>
    <SARD>75,67</SARD>
    <SICI>145,02</SICI>
    <SUD>75,67</SUD>
    <AUST>74</AUST>
    <BRNN>58,11</BRNN>
    <COAC>75,67</COAC>
    <CORS>75,67</CORS>
    <FOGN>75,67</FOGN>
    <FRAN>74</FRAN>
    <GREC>58,11</GREC>
    <MFTV>74</MFTV>
    <PRGP>145,02</PRGP>
    <ROSN>75,67</ROSN>
    <SLOV>74</SLOV>
    <SVIZ>74</SVIZ>
    <BSP>56</BSP>
  </Prezzi>
  <Prezzi>
    <Data>20140220</Data>
    <Mercato>MGP</Mercato>
    <Ora>20</Ora>
    <PUN>77,253001</PUN>
    <NAT>74</NAT>
    <CNOR>79</CNOR>
    <CSUD>79</CSUD>
    <NORD>67,28</NORD>
    <SARD>79</SARD>
    <SICI>145,02</SICI>
    <SUD>79</SUD>
    <AUST>67,28</AUST>
    <BRNN>58,08</BRNN>
    <COAC>79</COAC>
    <CORS>79</CORS>
    <FOGN>79</FOGN>
    <FRAN>67,28</FRAN>
    <GREC>58,08</GREC>
    <MFTV>67,28</MFTV>
    <PRGP>145,02</PRGP>
    <ROSN>79</ROSN>
    <SLOV>67,28</SLOV>
    <SVIZ>67,28</SVIZ>
    <BSP>48,40</BSP>
  </Prezzi>
  <Prezzi>
    <Data>20140220</Data>
    <Mercato>MGP</Mercato>
    <Ora>21</Ora>
    <PUN>69,109838</PUN>
    <NAT>65</NAT>
    <CNOR>63</CNOR>
    <CSUD>67,90</CSUD>
    <NORD>63</NORD>
    <SARD>67,90</SARD>
    <SICI>130,02</SICI>
    <SUD>67,90</SUD>
    <AUST>63</AUST>
    <BRNN>58,08</BRNN>
    <COAC>67,90</COAC>
    <CORS>67,90</CORS>
    <FOGN>67,90</FOGN>
    <FRAN>63</FRAN>
    <GREC>58,08</GREC>
    <MFTV>63</MFTV>
    <PRGP>130,02</PRGP>
    <ROSN>67,90</ROSN>
    <SLOV>63</SLOV>
    <SVIZ>63</SVIZ>
    <BSP>43,85</BSP>
  </Prezzi>
  <Prezzi>
    <Data>20140220</Data>
    <Mercato>MGP</Mercato>
    <Ora>22</Ora>
    <PUN>62,089484</PUN>
    <NAT>60,05</NAT>
    <CNOR>58,78</CNOR>
    <CSUD>58,78</CSUD>
    <NORD>58,78</NORD>
    <SARD>58,78</SARD>
    <SICI>105,02</SICI>
    <SUD>58,78</SUD>
    <AUST>58,78</AUST>
    <BRNN>58,05</BRNN>
    <COAC>58,78</COAC>
    <CORS>58,78</CORS>
    <FOGN>58,78</FOGN>
    <FRAN>58,78</FRAN>
    <GREC>58,05</GREC>
    <MFTV>58,78</MFTV>
    <PRGP>105,02</PRGP>
    <ROSN>58,78</ROSN>
    <SLOV>58,78</SLOV>
    <SVIZ>58,78</SVIZ>
    <BSP>39,32</BSP>
  </Prezzi>
  <Prezzi>
    <Data>20140220</Data>
    <Mercato>MGP</Mercato>
    <Ora>23</Ora>
    <PUN>57,646941</PUN>
    <NAT>55,01</NAT>
    <CNOR>54,99</CNOR>
    <CSUD>54,99</CSUD>
    <NORD>54,99</NORD>
    <SARD>54,99</SARD>
    <SICI>91,02</SICI>
    <SUD>54,99</SUD>
    <AUST>54,99</AUST>
    <BRNN>54,99</BRNN>
    <COAC>54,99</COAC>
    <CORS>54,99</CORS>
    <FOGN>54,99</FOGN>
    <FRAN>54,99</FRAN>
    <GREC>54,99</GREC>
    <MFTV>54,99</MFTV>
    <PRGP>91,02</PRGP>
    <ROSN>54,99</ROSN>
    <SLOV>54,99</SLOV>
    <SVIZ>54,99</SVIZ>
    <BSP>31</BSP>
  </Prezzi>
  <Prezzi>
    <Data>20140220</Data>
    <Mercato>MGP</Mercato>
    <Ora>24</Ora>
    <PUN>52,956265</PUN>
    <NAT>50</NAT>
    <CNOR>50,13</CNOR>
    <CSUD>50,13</CSUD>
    <NORD>50,13</NORD>
    <SARD>50,13</SARD>
    <SICI>91</SICI>
    <SUD>50,13</SUD>
    <AUST>50,13</AUST>
    <BRNN>50,13</BRNN>
    <COAC>50,13</COAC>
    <CORS>50,13</CORS>
    <FOGN>50,13</FOGN>
    <FRAN>50,13</FRAN>
    <GREC>50,13</GREC>
    <MFTV>50,13</MFTV>
    <PRGP>91</PRGP>
    <ROSN>50,13</ROSN>
    <SLOV>50,13</SLOV>
    <SVIZ>50,13</SVIZ>
    <BSP>25,30</BSP>
  </Prezzi>
</NewDataSet>