<?xml version="1.0" standalone="yes"?>
<NewDataSet>
  <xs:schema id="NewDataSet" xmlns="" xmlns:xs="http://www.w3.org/2001/XMLSchema" xmlns:msdata="urn:schemas-microsoft-com:xml-msdata">
    <xs:element name="NewDataSet" msdata:IsDataSet="true" msdata:UseCurrentLocale="true">
      <xs:complexType>
        <xs:choice minOccurs="0" maxOccurs="unbounded">
          <xs:element name="Prezzi">
            <xs:complexType>
              <xs:sequence>
                <xs:element name="Data" type="xs:string" minOccurs="0" />
                <xs:element name="Mercato" type="xs:string" minOccurs="0" />
                <xs:element name="Ora" type="xs:string" minOccurs="0" />
                <xs:element name="PUN" type="xs:string" minOccurs="0" />
                <xs:element name="NAT" type="xs:string" minOccurs="0" />
                <xs:element name="CNOR" type="xs:string" minOccurs="0" />
                <xs:element name="CSUD" type="xs:string" minOccurs="0" />
                <xs:element name="NORD" type="xs:string" minOccurs="0" />
                <xs:element name="SARD" type="xs:string" minOccurs="0" />
                <xs:element name="SICI" type="xs:string" minOccurs="0" />
                <xs:element name="SUD" type="xs:string" minOccurs="0" />
                <xs:element name="AUST" type="xs:string" minOccurs="0" />
                <xs:element name="BRNN" type="xs:string" minOccurs="0" />
                <xs:element name="COAC" type="xs:string" minOccurs="0" />
                <xs:element name="CORS" type="xs:string" minOccurs="0" />
                <xs:element name="FOGN" type="xs:string" minOccurs="0" />
                <xs:element name="FRAN" type="xs:string" minOccurs="0" />
                <xs:element name="GREC" type="xs:string" minOccurs="0" />
                <xs:element name="MFTV" type="xs:string" minOccurs="0" />
                <xs:element name="PRGP" type="xs:string" minOccurs="0" />
                <xs:element name="ROSN" type="xs:string" minOccurs="0" />
                <xs:element name="SLOV" type="xs:string" minOccurs="0" />
                <xs:element name="SVIZ" type="xs:string" minOccurs="0" />
                <xs:element name="BSP" type="xs:string" minOccurs="0" />
              </xs:sequence>
            </xs:complexType>
          </xs:element>
        </xs:choice>
      </xs:complexType>
    </xs:element>
  </xs:schema>
  <Prezzi>
    <Data>20140204</Data>
    <Mercato>MGP</Mercato>
    <Ora>1</Ora>
    <PUN>49,806332</PUN>
    <NAT>47,17</NAT>
    <CNOR>48,33</CNOR>
    <CSUD>48,33</CSUD>
    <NORD>48,33</NORD>
    <SARD>48,33</SARD>
    <SICI>70</SICI>
    <SUD>48,33</SUD>
    <AUST>48,33</AUST>
    <BRNN>48,33</BRNN>
    <COAC>48,33</COAC>
    <CORS>48,33</CORS>
    <FOGN>48,33</FOGN>
    <FRAN>48,33</FRAN>
    <GREC>48,33</GREC>
    <MFTV>48,33</MFTV>
    <PRGP>70</PRGP>
    <ROSN>48,33</ROSN>
    <SLOV>48,33</SLOV>
    <SVIZ>48,33</SVIZ>
    <BSP>30,83</BSP>
  </Prezzi>
  <Prezzi>
    <Data>20140204</Data>
    <Mercato>MGP</Mercato>
    <Ora>2</Ora>
    <PUN>45,631765</PUN>
    <NAT>44,67</NAT>
    <CNOR>45</CNOR>
    <CSUD>45</CSUD>
    <NORD>45</NORD>
    <SARD>45</SARD>
    <SICI>55,01</SICI>
    <SUD>45</SUD>
    <AUST>45</AUST>
    <BRNN>45</BRNN>
    <COAC>45</COAC>
    <CORS>45</CORS>
    <FOGN>45</FOGN>
    <FRAN>45</FRAN>
    <GREC>45</GREC>
    <MFTV>45</MFTV>
    <PRGP>55,01</PRGP>
    <ROSN>45</ROSN>
    <SLOV>45</SLOV>
    <SVIZ>45</SVIZ>
    <BSP>28,86</BSP>
  </Prezzi>
  <Prezzi>
    <Data>20140204</Data>
    <Mercato>MGP</Mercato>
    <Ora>3</Ora>
    <PUN>44,680804</PUN>
    <NAT>40,64</NAT>
    <CNOR>44</CNOR>
    <CSUD>44</CSUD>
    <NORD>44</NORD>
    <SARD>44</SARD>
    <SICI>55,01</SICI>
    <SUD>44</SUD>
    <AUST>44</AUST>
    <BRNN>44</BRNN>
    <COAC>44</COAC>
    <CORS>44</CORS>
    <FOGN>44</FOGN>
    <FRAN>44</FRAN>
    <GREC>44</GREC>
    <MFTV>44</MFTV>
    <PRGP>55,01</PRGP>
    <ROSN>44</ROSN>
    <SLOV>44</SLOV>
    <SVIZ>44</SVIZ>
    <BSP>28,12</BSP>
  </Prezzi>
  <Prezzi>
    <Data>20140204</Data>
    <Mercato>MGP</Mercato>
    <Ora>4</Ora>
    <PUN>42</PUN>
    <NAT>39,27</NAT>
    <CNOR>41,161579</CNOR>
    <CSUD>41,161579</CSUD>
    <NORD>41,161579</NORD>
    <SARD>41,161579</SARD>
    <SICI>55,01</SICI>
    <SUD>41,161579</SUD>
    <AUST>41,161579</AUST>
    <BRNN>41,161579</BRNN>
    <COAC>41,161579</COAC>
    <CORS>41,161579</CORS>
    <FOGN>41,161579</FOGN>
    <FRAN>41,161579</FRAN>
    <GREC>41,161579</GREC>
    <MFTV>41,161579</MFTV>
    <PRGP>55,01</PRGP>
    <ROSN>41,161579</ROSN>
    <SLOV>41,161579</SLOV>
    <SVIZ>41,161579</SVIZ>
    <BSP>28</BSP>
  </Prezzi>
  <Prezzi>
    <Data>20140204</Data>
    <Mercato>MGP</Mercato>
    <Ora>5</Ora>
    <PUN>41,140473</PUN>
    <NAT>39,35</NAT>
    <CNOR>40,25</CNOR>
    <CSUD>40,25</CSUD>
    <NORD>40,25</NORD>
    <SARD>40,25</SARD>
    <SICI>55,01</SICI>
    <SUD>40,25</SUD>
    <AUST>40,25</AUST>
    <BRNN>40,25</BRNN>
    <COAC>40,25</COAC>
    <CORS>40,25</CORS>
    <FOGN>40,25</FOGN>
    <FRAN>40,25</FRAN>
    <GREC>40,25</GREC>
    <MFTV>40,25</MFTV>
    <PRGP>55,01</PRGP>
    <ROSN>40,25</ROSN>
    <SLOV>40,25</SLOV>
    <SVIZ>40,25</SVIZ>
    <BSP>28,52</BSP>
  </Prezzi>
  <Prezzi>
    <Data>20140204</Data>
    <Mercato>MGP</Mercato>
    <Ora>6</Ora>
    <PUN>47,80</PUN>
    <NAT>46,46</NAT>
    <CNOR>47,091377</CNOR>
    <CSUD>47,091377</CSUD>
    <NORD>47,091377</NORD>
    <SARD>47,091377</SARD>
    <SICI>58,97</SICI>
    <SUD>47,091377</SUD>
    <AUST>47,091377</AUST>
    <BRNN>47,091377</BRNN>
    <COAC>47,091377</COAC>
    <CORS>47,091377</CORS>
    <FOGN>47,091377</FOGN>
    <FRAN>47,091377</FRAN>
    <GREC>47,091377</GREC>
    <MFTV>47,091377</MFTV>
    <PRGP>58,97</PRGP>
    <ROSN>47,091377</ROSN>
    <SLOV>47,091377</SLOV>
    <SVIZ>47,091377</SVIZ>
    <BSP>31,60</BSP>
  </Prezzi>
  <Prezzi>
    <Data>20140204</Data>
    <Mercato>MGP</Mercato>
    <Ora>7</Ora>
    <PUN>59,134892</PUN>
    <NAT>58,50</NAT>
    <CNOR>58,50</CNOR>
    <CSUD>58,50</CSUD>
    <NORD>58,50</NORD>
    <SARD>58,50</SARD>
    <SICI>70,01</SICI>
    <SUD>58,50</SUD>
    <AUST>58,50</AUST>
    <BRNN>58,50</BRNN>
    <COAC>58,50</COAC>
    <CORS>58,50</CORS>
    <FOGN>58,50</FOGN>
    <FRAN>58,50</FRAN>
    <GREC>58,50</GREC>
    <MFTV>58,50</MFTV>
    <PRGP>70,01</PRGP>
    <ROSN>58,50</ROSN>
    <SLOV>58,50</SLOV>
    <SVIZ>58,50</SVIZ>
    <BSP>45,82</BSP>
  </Prezzi>
  <Prezzi>
    <Data>20140204</Data>
    <Mercato>MGP</Mercato>
    <Ora>8</Ora>
    <PUN>70,014255</PUN>
    <NAT>68,89</NAT>
    <CNOR>68,51</CNOR>
    <CSUD>68,51</CSUD>
    <NORD>68,51</NORD>
    <SARD>68,51</SARD>
    <SICI>95,02</SICI>
    <SUD>68,51</SUD>
    <AUST>68,51</AUST>
    <BRNN>68,51</BRNN>
    <COAC>68,51</COAC>
    <CORS>68,51</CORS>
    <FOGN>68,51</FOGN>
    <FRAN>68,51</FRAN>
    <GREC>68,51</GREC>
    <MFTV>68,51</MFTV>
    <PRGP>95,02</PRGP>
    <ROSN>68,51</ROSN>
    <SLOV>68,51</SLOV>
    <SVIZ>68,51</SVIZ>
    <BSP>60,12</BSP>
  </Prezzi>
  <Prezzi>
    <Data>20140204</Data>
    <Mercato>MGP</Mercato>
    <Ora>9</Ora>
    <PUN>79,20</PUN>
    <NAT>79,01</NAT>
    <CNOR>77,643186</CNOR>
    <CSUD>77,643186</CSUD>
    <NORD>77,643186</NORD>
    <SARD>77,643186</SARD>
    <SICI>105,02</SICI>
    <SUD>77,643186</SUD>
    <AUST>77,643186</AUST>
    <BRNN>77,643186</BRNN>
    <COAC>77,643186</COAC>
    <CORS>77,643186</CORS>
    <FOGN>77,643186</FOGN>
    <FRAN>77,643186</FRAN>
    <GREC>77,643186</GREC>
    <MFTV>77,643186</MFTV>
    <PRGP>105,02</PRGP>
    <ROSN>77,643186</ROSN>
    <SLOV>77,643186</SLOV>
    <SVIZ>77,643186</SVIZ>
    <BSP>61,70</BSP>
  </Prezzi>
  <Prezzi>
    <Data>20140204</Data>
    <Mercato>MGP</Mercato>
    <Ora>10</Ora>
    <PUN>74,829904</PUN>
    <NAT>74,11</NAT>
    <CNOR>73,01</CNOR>
    <CSUD>73,01</CSUD>
    <NORD>73,01</NORD>
    <SARD>73,01</SARD>
    <SICI>105,02</SICI>
    <SUD>73,01</SUD>
    <AUST>73,01</AUST>
    <BRNN>73,01</BRNN>
    <COAC>73,01</COAC>
    <CORS>73,01</CORS>
    <FOGN>73,01</FOGN>
    <FRAN>73,01</FRAN>
    <GREC>73,01</GREC>
    <MFTV>73,01</MFTV>
    <PRGP>105,02</PRGP>
    <ROSN>73,01</ROSN>
    <SLOV>73,01</SLOV>
    <SVIZ>73,01</SVIZ>
    <BSP>61,39</BSP>
  </Prezzi>
  <Prezzi>
    <Data>20140204</Data>
    <Mercato>MGP</Mercato>
    <Ora>11</Ora>
    <PUN>71,944753</PUN>
    <NAT>69,78</NAT>
    <CNOR>70</CNOR>
    <CSUD>70</CSUD>
    <NORD>70</NORD>
    <SARD>70</SARD>
    <SICI>105,02</SICI>
    <SUD>70</SUD>
    <AUST>70</AUST>
    <BRNN>70</BRNN>
    <COAC>70</COAC>
    <CORS>70</CORS>
    <FOGN>70</FOGN>
    <FRAN>70</FRAN>
    <GREC>70</GREC>
    <MFTV>70</MFTV>
    <PRGP>105,02</PRGP>
    <ROSN>70</ROSN>
    <SLOV>70</SLOV>
    <SVIZ>70</SVIZ>
    <BSP>54,70</BSP>
  </Prezzi>
  <Prezzi>
    <Data>20140204</Data>
    <Mercato>MGP</Mercato>
    <Ora>12</Ora>
    <PUN>69,918509</PUN>
    <NAT>67,51</NAT>
    <CNOR>67,89</CNOR>
    <CSUD>67,89</CSUD>
    <NORD>67,89</NORD>
    <SARD>67,89</SARD>
    <SICI>105,01</SICI>
    <SUD>67,89</SUD>
    <AUST>67,89</AUST>
    <BRNN>67,89</BRNN>
    <COAC>67,89</COAC>
    <CORS>67,89</CORS>
    <FOGN>67,89</FOGN>
    <FRAN>67,89</FRAN>
    <GREC>67,89</GREC>
    <MFTV>67,89</MFTV>
    <PRGP>105,01</PRGP>
    <ROSN>67,89</ROSN>
    <SLOV>67,89</SLOV>
    <SVIZ>67,89</SVIZ>
    <BSP>53</BSP>
  </Prezzi>
  <Prezzi>
    <Data>20140204</Data>
    <Mercato>MGP</Mercato>
    <Ora>13</Ora>
    <PUN>63,944189</PUN>
    <NAT>62,46</NAT>
    <CNOR>62,90</CNOR>
    <CSUD>62,90</CSUD>
    <NORD>62,90</NORD>
    <SARD>62,90</SARD>
    <SICI>81,01</SICI>
    <SUD>62,90</SUD>
    <AUST>62,90</AUST>
    <BRNN>62,90</BRNN>
    <COAC>62,90</COAC>
    <CORS>62,90</CORS>
    <FOGN>62,90</FOGN>
    <FRAN>62,90</FRAN>
    <GREC>62,90</GREC>
    <MFTV>62,90</MFTV>
    <PRGP>81,01</PRGP>
    <ROSN>62,90</ROSN>
    <SLOV>62,90</SLOV>
    <SVIZ>62,90</SVIZ>
    <BSP>50,06</BSP>
  </Prezzi>
  <Prezzi>
    <Data>20140204</Data>
    <Mercato>MGP</Mercato>
    <Ora>14</Ora>
    <PUN>63,141426</PUN>
    <NAT>62,07</NAT>
    <CNOR>62,07</CNOR>
    <CSUD>62,07</CSUD>
    <NORD>62,07</NORD>
    <SARD>62,07</SARD>
    <SICI>81,01</SICI>
    <SUD>62,07</SUD>
    <AUST>62,07</AUST>
    <BRNN>62,07</BRNN>
    <COAC>62,07</COAC>
    <CORS>62,07</CORS>
    <FOGN>62,07</FOGN>
    <FRAN>62,07</FRAN>
    <GREC>62,07</GREC>
    <MFTV>62,07</MFTV>
    <PRGP>81,01</PRGP>
    <ROSN>62,07</ROSN>
    <SLOV>62,07</SLOV>
    <SVIZ>62,07</SVIZ>
    <BSP>47,70</BSP>
  </Prezzi>
  <Prezzi>
    <Data>20140204</Data>
    <Mercato>MGP</Mercato>
    <Ora>15</Ora>
    <PUN>65,432695</PUN>
    <NAT>64,52</NAT>
    <CNOR>64,52</CNOR>
    <CSUD>64,52</CSUD>
    <NORD>64,52</NORD>
    <SARD>64,52</SARD>
    <SICI>81,02</SICI>
    <SUD>64,52</SUD>
    <AUST>64,52</AUST>
    <BRNN>64,52</BRNN>
    <COAC>64,52</COAC>
    <CORS>64,52</CORS>
    <FOGN>64,52</FOGN>
    <FRAN>64,52</FRAN>
    <GREC>64,52</GREC>
    <MFTV>64,52</MFTV>
    <PRGP>81,02</PRGP>
    <ROSN>64,52</ROSN>
    <SLOV>64,52</SLOV>
    <SVIZ>64,52</SVIZ>
    <BSP>47,73</BSP>
  </Prezzi>
  <Prezzi>
    <Data>20140204</Data>
    <Mercato>MGP</Mercato>
    <Ora>16</Ora>
    <PUN>66,807856</PUN>
    <NAT>67</NAT>
    <CNOR>65,97</CNOR>
    <CSUD>65,97</CSUD>
    <NORD>65,97</NORD>
    <SARD>65,97</SARD>
    <SICI>81,02</SICI>
    <SUD>65,97</SUD>
    <AUST>65,97</AUST>
    <BRNN>65,97</BRNN>
    <COAC>65,97</COAC>
    <CORS>65,97</CORS>
    <FOGN>65,97</FOGN>
    <FRAN>65,97</FRAN>
    <GREC>65,97</GREC>
    <MFTV>65,97</MFTV>
    <PRGP>81,02</PRGP>
    <ROSN>65,97</ROSN>
    <SLOV>65,97</SLOV>
    <SVIZ>65,97</SVIZ>
    <BSP>48,30</BSP>
  </Prezzi>
  <Prezzi>
    <Data>20140204</Data>
    <Mercato>MGP</Mercato>
    <Ora>17</Ora>
    <PUN>70,192221</PUN>
    <NAT>67</NAT>
    <CNOR>66,49</CNOR>
    <CSUD>66,49</CSUD>
    <NORD>66,49</NORD>
    <SARD>66,49</SARD>
    <SICI>130,02</SICI>
    <SUD>66,49</SUD>
    <AUST>66,49</AUST>
    <BRNN>66,49</BRNN>
    <COAC>66,49</COAC>
    <CORS>66,49</CORS>
    <FOGN>66,49</FOGN>
    <FRAN>66,49</FRAN>
    <GREC>66,49</GREC>
    <MFTV>66,49</MFTV>
    <PRGP>130,02</PRGP>
    <ROSN>66,49</ROSN>
    <SLOV>66,49</SLOV>
    <SVIZ>66,49</SVIZ>
    <BSP>51,09</BSP>
  </Prezzi>
  <Prezzi>
    <Data>20140204</Data>
    <Mercato>MGP</Mercato>
    <Ora>18</Ora>
    <PUN>73,296648</PUN>
    <NAT>69,30</NAT>
    <CNOR>68,60</CNOR>
    <CSUD>68,60</CSUD>
    <NORD>68,60</NORD>
    <SARD>68,60</SARD>
    <SICI>145,02</SICI>
    <SUD>68,60</SUD>
    <AUST>68,60</AUST>
    <BRNN>68,60</BRNN>
    <COAC>68,60</COAC>
    <CORS>68,60</CORS>
    <FOGN>68,60</FOGN>
    <FRAN>68,60</FRAN>
    <GREC>68,60</GREC>
    <MFTV>68,60</MFTV>
    <PRGP>145,02</PRGP>
    <ROSN>68,60</ROSN>
    <SLOV>68,60</SLOV>
    <SVIZ>68,60</SVIZ>
    <BSP>60,30</BSP>
  </Prezzi>
  <Prezzi>
    <Data>20140204</Data>
    <Mercato>MGP</Mercato>
    <Ora>19</Ora>
    <PUN>78,35</PUN>
    <NAT>75,43</NAT>
    <CNOR>76,143614</CNOR>
    <CSUD>76,143614</CSUD>
    <NORD>71,30</NORD>
    <SARD>76,143614</SARD>
    <SICI>151,43</SICI>
    <SUD>76,143614</SUD>
    <AUST>71,30</AUST>
    <BRNN>76,143614</BRNN>
    <COAC>76,143614</COAC>
    <CORS>76,143614</CORS>
    <FOGN>76,143614</FOGN>
    <FRAN>71,30</FRAN>
    <GREC>76,143614</GREC>
    <MFTV>71,30</MFTV>
    <PRGP>151,43</PRGP>
    <ROSN>76,143614</ROSN>
    <SLOV>71,30</SLOV>
    <SVIZ>71,30</SVIZ>
    <BSP>64,01</BSP>
  </Prezzi>
  <Prezzi>
    <Data>20140204</Data>
    <Mercato>MGP</Mercato>
    <Ora>20</Ora>
    <PUN>75,070197</PUN>
    <NAT>71,30</NAT>
    <CNOR>71</CNOR>
    <CSUD>71</CSUD>
    <NORD>68,51</NORD>
    <SARD>71</SARD>
    <SICI>151,43</SICI>
    <SUD>71</SUD>
    <AUST>68,51</AUST>
    <BRNN>71</BRNN>
    <COAC>71</COAC>
    <CORS>71</CORS>
    <FOGN>71</FOGN>
    <FRAN>68,51</FRAN>
    <GREC>71</GREC>
    <MFTV>68,51</MFTV>
    <PRGP>151,43</PRGP>
    <ROSN>71</ROSN>
    <SLOV>68,51</SLOV>
    <SVIZ>68,51</SVIZ>
    <BSP>60,86</BSP>
  </Prezzi>
  <Prezzi>
    <Data>20140204</Data>
    <Mercato>MGP</Mercato>
    <Ora>21</Ora>
    <PUN>69,557445</PUN>
    <NAT>64,20</NAT>
    <CNOR>63,38</CNOR>
    <CSUD>63,38</CSUD>
    <NORD>63,38</NORD>
    <SARD>63,38</SARD>
    <SICI>151,43</SICI>
    <SUD>63,38</SUD>
    <AUST>63,38</AUST>
    <BRNN>63,38</BRNN>
    <COAC>63,38</COAC>
    <CORS>63,38</CORS>
    <FOGN>63,38</FOGN>
    <FRAN>63,38</FRAN>
    <GREC>63,38</GREC>
    <MFTV>63,38</MFTV>
    <PRGP>151,43</PRGP>
    <ROSN>63,38</ROSN>
    <SLOV>63,38</SLOV>
    <SVIZ>63,38</SVIZ>
    <BSP>52,51</BSP>
  </Prezzi>
  <Prezzi>
    <Data>20140204</Data>
    <Mercato>MGP</Mercato>
    <Ora>22</Ora>
    <PUN>63,062066</PUN>
    <NAT>60,50</NAT>
    <CNOR>59,83</CNOR>
    <CSUD>59,83</CSUD>
    <NORD>59,83</NORD>
    <SARD>59,83</SARD>
    <SICI>105,02</SICI>
    <SUD>59,83</SUD>
    <AUST>59,83</AUST>
    <BRNN>59,83</BRNN>
    <COAC>59,83</COAC>
    <CORS>59,83</CORS>
    <FOGN>59,83</FOGN>
    <FRAN>59,83</FRAN>
    <GREC>59,83</GREC>
    <MFTV>59,83</MFTV>
    <PRGP>105,02</PRGP>
    <ROSN>59,83</ROSN>
    <SLOV>59,83</SLOV>
    <SVIZ>59,83</SVIZ>
    <BSP>39,20</BSP>
  </Prezzi>
  <Prezzi>
    <Data>20140204</Data>
    <Mercato>MGP</Mercato>
    <Ora>23</Ora>
    <PUN>59,554278</PUN>
    <NAT>57,28</NAT>
    <CNOR>57,08</CNOR>
    <CSUD>57,08</CSUD>
    <NORD>57,08</NORD>
    <SARD>57,08</SARD>
    <SICI>91,02</SICI>
    <SUD>57,08</SUD>
    <AUST>57,08</AUST>
    <BRNN>57,08</BRNN>
    <COAC>57,08</COAC>
    <CORS>57,08</CORS>
    <FOGN>57,08</FOGN>
    <FRAN>57,08</FRAN>
    <GREC>57,08</GREC>
    <MFTV>57,08</MFTV>
    <PRGP>91,02</PRGP>
    <ROSN>57,08</ROSN>
    <SLOV>57,08</SLOV>
    <SVIZ>57,08</SVIZ>
    <BSP>37,16</BSP>
  </Prezzi>
  <Prezzi>
    <Data>20140204</Data>
    <Mercato>MGP</Mercato>
    <Ora>24</Ora>
    <PUN>56,642947</PUN>
    <NAT>54</NAT>
    <CNOR>54</CNOR>
    <CSUD>54</CSUD>
    <NORD>54</NORD>
    <SARD>54</SARD>
    <SICI>91,01</SICI>
    <SUD>54</SUD>
    <AUST>54</AUST>
    <BRNN>54</BRNN>
    <COAC>54</COAC>
    <CORS>54</CORS>
    <FOGN>54</FOGN>
    <FRAN>54</FRAN>
    <GREC>54</GREC>
    <MFTV>54</MFTV>
    <PRGP>91,01</PRGP>
    <ROSN>54</ROSN>
    <SLOV>54</SLOV>
    <SVIZ>54</SVIZ>
    <BSP>32</BSP>
  </Prezzi>
</NewDataSet>