<?xml version="1.0" standalone="yes"?>
<NewDataSet>
  <xs:schema id="NewDataSet" xmlns="" xmlns:xs="http://www.w3.org/2001/XMLSchema" xmlns:msdata="urn:schemas-microsoft-com:xml-msdata">
    <xs:element name="NewDataSet" msdata:IsDataSet="true" msdata:UseCurrentLocale="true">
      <xs:complexType>
        <xs:choice minOccurs="0" maxOccurs="unbounded">
          <xs:element name="Prezzi">
            <xs:complexType>
              <xs:sequence>
                <xs:element name="Data" type="xs:string" minOccurs="0" />
                <xs:element name="Mercato" type="xs:string" minOccurs="0" />
                <xs:element name="Ora" type="xs:string" minOccurs="0" />
                <xs:element name="PUN" type="xs:string" minOccurs="0" />
                <xs:element name="NAT" type="xs:string" minOccurs="0" />
                <xs:element name="CNOR" type="xs:string" minOccurs="0" />
                <xs:element name="CSUD" type="xs:string" minOccurs="0" />
                <xs:element name="NORD" type="xs:string" minOccurs="0" />
                <xs:element name="SARD" type="xs:string" minOccurs="0" />
                <xs:element name="SICI" type="xs:string" minOccurs="0" />
                <xs:element name="SUD" type="xs:string" minOccurs="0" />
                <xs:element name="AUST" type="xs:string" minOccurs="0" />
                <xs:element name="BRNN" type="xs:string" minOccurs="0" />
                <xs:element name="COAC" type="xs:string" minOccurs="0" />
                <xs:element name="CORS" type="xs:string" minOccurs="0" />
                <xs:element name="FOGN" type="xs:string" minOccurs="0" />
                <xs:element name="FRAN" type="xs:string" minOccurs="0" />
                <xs:element name="GREC" type="xs:string" minOccurs="0" />
                <xs:element name="MFTV" type="xs:string" minOccurs="0" />
                <xs:element name="PRGP" type="xs:string" minOccurs="0" />
                <xs:element name="ROSN" type="xs:string" minOccurs="0" />
                <xs:element name="SLOV" type="xs:string" minOccurs="0" />
                <xs:element name="SVIZ" type="xs:string" minOccurs="0" />
                <xs:element name="BSP" type="xs:string" minOccurs="0" />
              </xs:sequence>
            </xs:complexType>
          </xs:element>
        </xs:choice>
      </xs:complexType>
    </xs:element>
  </xs:schema>
  <Prezzi>
    <Data>20140201</Data>
    <Mercato>MGP</Mercato>
    <Ora>1</Ora>
    <PUN>46,110079</PUN>
    <NAT>42,24</NAT>
    <CNOR>45,41</CNOR>
    <CSUD>45,41</CSUD>
    <NORD>45,41</NORD>
    <SARD>45,41</SARD>
    <SICI>55</SICI>
    <SUD>45,41</SUD>
    <AUST>45,41</AUST>
    <BRNN>45,41</BRNN>
    <COAC>45,41</COAC>
    <CORS>45,41</CORS>
    <FOGN>45,41</FOGN>
    <FRAN>45,41</FRAN>
    <GREC>45,41</GREC>
    <MFTV>45,41</MFTV>
    <PRGP>55</PRGP>
    <ROSN>45,41</ROSN>
    <SLOV>45,41</SLOV>
    <SVIZ>45,41</SVIZ>
    <BSP>27,75</BSP>
  </Prezzi>
  <Prezzi>
    <Data>20140201</Data>
    <Mercato>MGP</Mercato>
    <Ora>2</Ora>
    <PUN>39,96</PUN>
    <NAT>37,76</NAT>
    <CNOR>39,96</CNOR>
    <CSUD>39,96</CSUD>
    <NORD>39,96</NORD>
    <SARD>39,96</SARD>
    <SICI>39,96</SICI>
    <SUD>39,96</SUD>
    <AUST>39,96</AUST>
    <BRNN>39,96</BRNN>
    <COAC>39,96</COAC>
    <CORS>39,96</CORS>
    <FOGN>39,96</FOGN>
    <FRAN>39,96</FRAN>
    <GREC>39,96</GREC>
    <MFTV>39,96</MFTV>
    <PRGP>39,96</PRGP>
    <ROSN>39,96</ROSN>
    <SLOV>39,96</SLOV>
    <SVIZ>39,96</SVIZ>
    <BSP>23,97</BSP>
  </Prezzi>
  <Prezzi>
    <Data>20140201</Data>
    <Mercato>MGP</Mercato>
    <Ora>3</Ora>
    <PUN>37,66</PUN>
    <NAT>34,08</NAT>
    <CNOR>37,66</CNOR>
    <CSUD>37,66</CSUD>
    <NORD>37,66</NORD>
    <SARD>37,66</SARD>
    <SICI>37,66</SICI>
    <SUD>37,66</SUD>
    <AUST>37,66</AUST>
    <BRNN>37,66</BRNN>
    <COAC>37,66</COAC>
    <CORS>37,66</CORS>
    <FOGN>37,66</FOGN>
    <FRAN>37,66</FRAN>
    <GREC>37,66</GREC>
    <MFTV>37,66</MFTV>
    <PRGP>37,66</PRGP>
    <ROSN>37,66</ROSN>
    <SLOV>37,66</SLOV>
    <SVIZ>37,66</SVIZ>
    <BSP>20,80</BSP>
  </Prezzi>
  <Prezzi>
    <Data>20140201</Data>
    <Mercato>MGP</Mercato>
    <Ora>4</Ora>
    <PUN>36,601220</PUN>
    <NAT>33,59</NAT>
    <CNOR>35,28</CNOR>
    <CSUD>35,28</CSUD>
    <NORD>35,28</NORD>
    <SARD>35,28</SARD>
    <SICI>55</SICI>
    <SUD>35,28</SUD>
    <AUST>35,28</AUST>
    <BRNN>35,28</BRNN>
    <COAC>35,28</COAC>
    <CORS>35,28</CORS>
    <FOGN>35,28</FOGN>
    <FRAN>35,28</FRAN>
    <GREC>35,28</GREC>
    <MFTV>35,28</MFTV>
    <PRGP>55</PRGP>
    <ROSN>35,28</ROSN>
    <SLOV>35,28</SLOV>
    <SVIZ>35,28</SVIZ>
    <BSP>18,74</BSP>
  </Prezzi>
  <Prezzi>
    <Data>20140201</Data>
    <Mercato>MGP</Mercato>
    <Ora>5</Ora>
    <PUN>35,475203</PUN>
    <NAT>32,19</NAT>
    <CNOR>34,08</CNOR>
    <CSUD>34,08</CSUD>
    <NORD>34,08</NORD>
    <SARD>34,08</SARD>
    <SICI>55</SICI>
    <SUD>34,08</SUD>
    <AUST>34,08</AUST>
    <BRNN>34,08</BRNN>
    <COAC>34,08</COAC>
    <CORS>34,08</CORS>
    <FOGN>34,08</FOGN>
    <FRAN>34,08</FRAN>
    <GREC>34,08</GREC>
    <MFTV>34,08</MFTV>
    <PRGP>55</PRGP>
    <ROSN>34,08</ROSN>
    <SLOV>34,08</SLOV>
    <SVIZ>34,08</SVIZ>
    <BSP>17,28</BSP>
  </Prezzi>
  <Prezzi>
    <Data>20140201</Data>
    <Mercato>MGP</Mercato>
    <Ora>6</Ora>
    <PUN>38,517347</PUN>
    <NAT>34,91</NAT>
    <CNOR>37,33</CNOR>
    <CSUD>37,33</CSUD>
    <NORD>37,33</NORD>
    <SARD>37,33</SARD>
    <SICI>55,01</SICI>
    <SUD>37,33</SUD>
    <AUST>37,33</AUST>
    <BRNN>37,33</BRNN>
    <COAC>37,33</COAC>
    <CORS>37,33</CORS>
    <FOGN>37,33</FOGN>
    <FRAN>37,33</FRAN>
    <GREC>37,33</GREC>
    <MFTV>37,33</MFTV>
    <PRGP>55,01</PRGP>
    <ROSN>37,33</ROSN>
    <SLOV>37,33</SLOV>
    <SVIZ>37,33</SVIZ>
    <BSP>15,84</BSP>
  </Prezzi>
  <Prezzi>
    <Data>20140201</Data>
    <Mercato>MGP</Mercato>
    <Ora>7</Ora>
    <PUN>46,528394</PUN>
    <NAT>42,97</NAT>
    <CNOR>44,95</CNOR>
    <CSUD>44,95</CSUD>
    <NORD>44,95</NORD>
    <SARD>44,95</SARD>
    <SICI>70</SICI>
    <SUD>44,95</SUD>
    <AUST>44,95</AUST>
    <BRNN>44,95</BRNN>
    <COAC>44,95</COAC>
    <CORS>44,95</CORS>
    <FOGN>44,95</FOGN>
    <FRAN>44,95</FRAN>
    <GREC>44,95</GREC>
    <MFTV>44,95</MFTV>
    <PRGP>70</PRGP>
    <ROSN>44,95</ROSN>
    <SLOV>44,95</SLOV>
    <SVIZ>44,95</SVIZ>
    <BSP>16,39</BSP>
  </Prezzi>
  <Prezzi>
    <Data>20140201</Data>
    <Mercato>MGP</Mercato>
    <Ora>8</Ora>
    <PUN>57,379116</PUN>
    <NAT>54,81</NAT>
    <CNOR>54,81</CNOR>
    <CSUD>54,81</CSUD>
    <NORD>54,81</NORD>
    <SARD>54,81</SARD>
    <SICI>95,01</SICI>
    <SUD>54,81</SUD>
    <AUST>54,81</AUST>
    <BRNN>54,81</BRNN>
    <COAC>54,81</COAC>
    <CORS>54,81</CORS>
    <FOGN>54,81</FOGN>
    <FRAN>54,81</FRAN>
    <GREC>54,81</GREC>
    <MFTV>54,81</MFTV>
    <PRGP>95,01</PRGP>
    <ROSN>54,81</ROSN>
    <SLOV>54,81</SLOV>
    <SVIZ>54,81</SVIZ>
    <BSP>24,18</BSP>
  </Prezzi>
  <Prezzi>
    <Data>20140201</Data>
    <Mercato>MGP</Mercato>
    <Ora>9</Ora>
    <PUN>61,709084</PUN>
    <NAT>58,06</NAT>
    <CNOR>58,65</CNOR>
    <CSUD>58,65</CSUD>
    <NORD>58,65</NORD>
    <SARD>58,65</SARD>
    <SICI>105,02</SICI>
    <SUD>58,65</SUD>
    <AUST>58,65</AUST>
    <BRNN>58,65</BRNN>
    <COAC>58,65</COAC>
    <CORS>58,65</CORS>
    <FOGN>58,65</FOGN>
    <FRAN>58,65</FRAN>
    <GREC>58,65</GREC>
    <MFTV>58,65</MFTV>
    <PRGP>105,02</PRGP>
    <ROSN>58,65</ROSN>
    <SLOV>58,65</SLOV>
    <SVIZ>58,65</SVIZ>
    <BSP>31,14</BSP>
  </Prezzi>
  <Prezzi>
    <Data>20140201</Data>
    <Mercato>MGP</Mercato>
    <Ora>10</Ora>
    <PUN>67,649173</PUN>
    <NAT>63,96</NAT>
    <CNOR>64,98</CNOR>
    <CSUD>64,98</CSUD>
    <NORD>64,98</NORD>
    <SARD>64,98</SARD>
    <SICI>105,02</SICI>
    <SUD>64,98</SUD>
    <AUST>64,98</AUST>
    <BRNN>64,98</BRNN>
    <COAC>64,98</COAC>
    <CORS>64,98</CORS>
    <FOGN>64,98</FOGN>
    <FRAN>64,98</FRAN>
    <GREC>64,98</GREC>
    <MFTV>64,98</MFTV>
    <PRGP>105,02</PRGP>
    <ROSN>64,98</ROSN>
    <SLOV>64,98</SLOV>
    <SVIZ>64,98</SVIZ>
    <BSP>37</BSP>
  </Prezzi>
  <Prezzi>
    <Data>20140201</Data>
    <Mercato>MGP</Mercato>
    <Ora>11</Ora>
    <PUN>63,028659</PUN>
    <NAT>60,02</NAT>
    <CNOR>60,02</CNOR>
    <CSUD>60,02</CSUD>
    <NORD>60,02</NORD>
    <SARD>60,02</SARD>
    <SICI>105,02</SICI>
    <SUD>60,02</SUD>
    <AUST>60,02</AUST>
    <BRNN>60,02</BRNN>
    <COAC>60,02</COAC>
    <CORS>60,02</CORS>
    <FOGN>60,02</FOGN>
    <FRAN>60,02</FRAN>
    <GREC>60,02</GREC>
    <MFTV>60,02</MFTV>
    <PRGP>105,02</PRGP>
    <ROSN>60,02</ROSN>
    <SLOV>60,02</SLOV>
    <SVIZ>60,02</SVIZ>
    <BSP>37,11</BSP>
  </Prezzi>
  <Prezzi>
    <Data>20140201</Data>
    <Mercato>MGP</Mercato>
    <Ora>12</Ora>
    <PUN>61,622006</PUN>
    <NAT>59,05</NAT>
    <CNOR>58,54</CNOR>
    <CSUD>58,54</CSUD>
    <NORD>58,54</NORD>
    <SARD>58,54</SARD>
    <SICI>105,01</SICI>
    <SUD>58,54</SUD>
    <AUST>58,54</AUST>
    <BRNN>58,54</BRNN>
    <COAC>58,54</COAC>
    <CORS>58,54</CORS>
    <FOGN>58,54</FOGN>
    <FRAN>58,54</FRAN>
    <GREC>58,54</GREC>
    <MFTV>58,54</MFTV>
    <PRGP>105,01</PRGP>
    <ROSN>58,54</ROSN>
    <SLOV>58,54</SLOV>
    <SVIZ>58,54</SVIZ>
    <BSP>37,50</BSP>
  </Prezzi>
  <Prezzi>
    <Data>20140201</Data>
    <Mercato>MGP</Mercato>
    <Ora>13</Ora>
    <PUN>56,439558</PUN>
    <NAT>55</NAT>
    <CNOR>54,61</CNOR>
    <CSUD>54,61</CSUD>
    <NORD>54,61</NORD>
    <SARD>54,61</SARD>
    <SICI>81,01</SICI>
    <SUD>54,61</SUD>
    <AUST>54,61</AUST>
    <BRNN>54,61</BRNN>
    <COAC>54,61</COAC>
    <CORS>54,61</CORS>
    <FOGN>54,61</FOGN>
    <FRAN>54,61</FRAN>
    <GREC>54,61</GREC>
    <MFTV>54,61</MFTV>
    <PRGP>81,01</PRGP>
    <ROSN>54,61</ROSN>
    <SLOV>54,61</SLOV>
    <SVIZ>54,61</SVIZ>
    <BSP>34,70</BSP>
  </Prezzi>
  <Prezzi>
    <Data>20140201</Data>
    <Mercato>MGP</Mercato>
    <Ora>14</Ora>
    <PUN>52,216508</PUN>
    <NAT>51</NAT>
    <CNOR>50</CNOR>
    <CSUD>50</CSUD>
    <NORD>50</NORD>
    <SARD>50</SARD>
    <SICI>81,01</SICI>
    <SUD>50</SUD>
    <AUST>50</AUST>
    <BRNN>50</BRNN>
    <COAC>50</COAC>
    <CORS>50</CORS>
    <FOGN>50</FOGN>
    <FRAN>50</FRAN>
    <GREC>50</GREC>
    <MFTV>50</MFTV>
    <PRGP>81,01</PRGP>
    <ROSN>50</ROSN>
    <SLOV>50</SLOV>
    <SVIZ>50</SVIZ>
    <BSP>31,92</BSP>
  </Prezzi>
  <Prezzi>
    <Data>20140201</Data>
    <Mercato>MGP</Mercato>
    <Ora>15</Ora>
    <PUN>53,160505</PUN>
    <NAT>51,67</NAT>
    <CNOR>51</CNOR>
    <CSUD>51</CSUD>
    <NORD>51</NORD>
    <SARD>51</SARD>
    <SICI>81,01</SICI>
    <SUD>51</SUD>
    <AUST>51</AUST>
    <BRNN>51</BRNN>
    <COAC>51</COAC>
    <CORS>51</CORS>
    <FOGN>51</FOGN>
    <FRAN>51</FRAN>
    <GREC>51</GREC>
    <MFTV>51</MFTV>
    <PRGP>81,01</PRGP>
    <ROSN>51</ROSN>
    <SLOV>51</SLOV>
    <SVIZ>51</SVIZ>
    <BSP>30,03</BSP>
  </Prezzi>
  <Prezzi>
    <Data>20140201</Data>
    <Mercato>MGP</Mercato>
    <Ora>16</Ora>
    <PUN>55,480395</PUN>
    <NAT>54,07</NAT>
    <CNOR>53,50</CNOR>
    <CSUD>53,50</CSUD>
    <NORD>53,50</NORD>
    <SARD>53,50</SARD>
    <SICI>81,02</SICI>
    <SUD>53,50</SUD>
    <AUST>53,50</AUST>
    <BRNN>53,50</BRNN>
    <COAC>53,50</COAC>
    <CORS>53,50</CORS>
    <FOGN>53,50</FOGN>
    <FRAN>53,50</FRAN>
    <GREC>53,50</GREC>
    <MFTV>53,50</MFTV>
    <PRGP>81,02</PRGP>
    <ROSN>53,50</ROSN>
    <SLOV>53,50</SLOV>
    <SVIZ>53,50</SVIZ>
    <BSP>31,87</BSP>
  </Prezzi>
  <Prezzi>
    <Data>20140201</Data>
    <Mercato>MGP</Mercato>
    <Ora>17</Ora>
    <PUN>61,615103</PUN>
    <NAT>56,22</NAT>
    <CNOR>56,22</CNOR>
    <CSUD>56,22</CSUD>
    <NORD>56,22</NORD>
    <SARD>56,22</SARD>
    <SICI>130,02</SICI>
    <SUD>56,22</SUD>
    <AUST>56,22</AUST>
    <BRNN>56,22</BRNN>
    <COAC>56,22</COAC>
    <CORS>56,22</CORS>
    <FOGN>56,22</FOGN>
    <FRAN>56,22</FRAN>
    <GREC>56,22</GREC>
    <MFTV>56,22</MFTV>
    <PRGP>130,02</PRGP>
    <ROSN>56,22</ROSN>
    <SLOV>56,22</SLOV>
    <SVIZ>56,22</SVIZ>
    <BSP>35,12</BSP>
  </Prezzi>
  <Prezzi>
    <Data>20140201</Data>
    <Mercato>MGP</Mercato>
    <Ora>18</Ora>
    <PUN>68,168006</PUN>
    <NAT>62,15</NAT>
    <CNOR>61,97</CNOR>
    <CSUD>61,97</CSUD>
    <NORD>61,97</NORD>
    <SARD>61,97</SARD>
    <SICI>145,02</SICI>
    <SUD>61,97</SUD>
    <AUST>61,97</AUST>
    <BRNN>61,97</BRNN>
    <COAC>61,97</COAC>
    <CORS>61,97</CORS>
    <FOGN>61,97</FOGN>
    <FRAN>61,97</FRAN>
    <GREC>61,97</GREC>
    <MFTV>61,97</MFTV>
    <PRGP>145,02</PRGP>
    <ROSN>61,97</ROSN>
    <SLOV>61,97</SLOV>
    <SVIZ>61,97</SVIZ>
    <BSP>43,50</BSP>
  </Prezzi>
  <Prezzi>
    <Data>20140201</Data>
    <Mercato>MGP</Mercato>
    <Ora>19</Ora>
    <PUN>75,468307</PUN>
    <NAT>71</NAT>
    <CNOR>70</CNOR>
    <CSUD>70</CSUD>
    <NORD>70</NORD>
    <SARD>70</SARD>
    <SICI>145,02</SICI>
    <SUD>70</SUD>
    <AUST>70</AUST>
    <BRNN>70</BRNN>
    <COAC>70</COAC>
    <CORS>70</CORS>
    <FOGN>70</FOGN>
    <FRAN>70</FRAN>
    <GREC>70</GREC>
    <MFTV>70</MFTV>
    <PRGP>145,02</PRGP>
    <ROSN>70</ROSN>
    <SLOV>70</SLOV>
    <SVIZ>70</SVIZ>
    <BSP>49,13</BSP>
  </Prezzi>
  <Prezzi>
    <Data>20140201</Data>
    <Mercato>MGP</Mercato>
    <Ora>20</Ora>
    <PUN>76,50</PUN>
    <NAT>72,11</NAT>
    <CNOR>71</CNOR>
    <CSUD>71</CSUD>
    <NORD>71</NORD>
    <SARD>71</SARD>
    <SICI>145,02</SICI>
    <SUD>71</SUD>
    <AUST>71</AUST>
    <BRNN>71</BRNN>
    <COAC>71</COAC>
    <CORS>71</CORS>
    <FOGN>71</FOGN>
    <FRAN>71</FRAN>
    <GREC>71</GREC>
    <MFTV>71</MFTV>
    <PRGP>145,02</PRGP>
    <ROSN>71</ROSN>
    <SLOV>71</SLOV>
    <SVIZ>71</SVIZ>
    <BSP>48,48</BSP>
  </Prezzi>
  <Prezzi>
    <Data>20140201</Data>
    <Mercato>MGP</Mercato>
    <Ora>21</Ora>
    <PUN>68,289729</PUN>
    <NAT>64,27</NAT>
    <CNOR>63</CNOR>
    <CSUD>63</CSUD>
    <NORD>63</NORD>
    <SARD>63</SARD>
    <SICI>130,02</SICI>
    <SUD>63</SUD>
    <AUST>63</AUST>
    <BRNN>63</BRNN>
    <COAC>63</COAC>
    <CORS>63</CORS>
    <FOGN>63</FOGN>
    <FRAN>63</FRAN>
    <GREC>63</GREC>
    <MFTV>63</MFTV>
    <PRGP>130,02</PRGP>
    <ROSN>63</ROSN>
    <SLOV>63</SLOV>
    <SVIZ>63</SVIZ>
    <BSP>41,20</BSP>
  </Prezzi>
  <Prezzi>
    <Data>20140201</Data>
    <Mercato>MGP</Mercato>
    <Ora>22</Ora>
    <PUN>61,344426</PUN>
    <NAT>58,45</NAT>
    <CNOR>57,63</CNOR>
    <CSUD>57,63</CSUD>
    <NORD>57,63</NORD>
    <SARD>57,63</SARD>
    <SICI>105,02</SICI>
    <SUD>57,63</SUD>
    <AUST>57,63</AUST>
    <BRNN>57,63</BRNN>
    <COAC>57,63</COAC>
    <CORS>57,63</CORS>
    <FOGN>57,63</FOGN>
    <FRAN>57,63</FRAN>
    <GREC>57,63</GREC>
    <MFTV>57,63</MFTV>
    <PRGP>105,02</PRGP>
    <ROSN>57,63</ROSN>
    <SLOV>57,63</SLOV>
    <SVIZ>57,63</SVIZ>
    <BSP>37,10</BSP>
  </Prezzi>
  <Prezzi>
    <Data>20140201</Data>
    <Mercato>MGP</Mercato>
    <Ora>23</Ora>
    <PUN>56,433852</PUN>
    <NAT>54,57</NAT>
    <CNOR>53,49</CNOR>
    <CSUD>53,49</CSUD>
    <NORD>53,49</NORD>
    <SARD>53,49</SARD>
    <SICI>91,02</SICI>
    <SUD>53,49</SUD>
    <AUST>53,49</AUST>
    <BRNN>53,49</BRNN>
    <COAC>53,49</COAC>
    <CORS>53,49</CORS>
    <FOGN>53,49</FOGN>
    <FRAN>53,49</FRAN>
    <GREC>53,49</GREC>
    <MFTV>53,49</MFTV>
    <PRGP>91,02</PRGP>
    <ROSN>53,49</ROSN>
    <SLOV>53,49</SLOV>
    <SVIZ>53,49</SVIZ>
    <BSP>37,10</BSP>
  </Prezzi>
  <Prezzi>
    <Data>20140201</Data>
    <Mercato>MGP</Mercato>
    <Ora>24</Ora>
    <PUN>51,90</PUN>
    <NAT>46,67</NAT>
    <CNOR>48,612727</CNOR>
    <CSUD>48,612727</CSUD>
    <NORD>48,612727</NORD>
    <SARD>48,612727</SARD>
    <SICI>91</SICI>
    <SUD>48,612727</SUD>
    <AUST>48,612727</AUST>
    <BRNN>48,612727</BRNN>
    <COAC>48,612727</COAC>
    <CORS>48,612727</CORS>
    <FOGN>48,612727</FOGN>
    <FRAN>48,612727</FRAN>
    <GREC>48,612727</GREC>
    <MFTV>48,612727</MFTV>
    <PRGP>91</PRGP>
    <ROSN>48,612727</ROSN>
    <SLOV>48,612727</SLOV>
    <SVIZ>48,612727</SVIZ>
    <BSP>29</BSP>
  </Prezzi>
</NewDataSet>