<?xml version="1.0" standalone="yes"?>
<NewDataSet>
  <xs:schema id="NewDataSet" xmlns="" xmlns:xs="http://www.w3.org/2001/XMLSchema" xmlns:msdata="urn:schemas-microsoft-com:xml-msdata">
    <xs:element name="NewDataSet" msdata:IsDataSet="true" msdata:UseCurrentLocale="true">
      <xs:complexType>
        <xs:choice minOccurs="0" maxOccurs="unbounded">
          <xs:element name="Prezzi">
            <xs:complexType>
              <xs:sequence>
                <xs:element name="Data" type="xs:string" minOccurs="0" />
                <xs:element name="Mercato" type="xs:string" minOccurs="0" />
                <xs:element name="Ora" type="xs:string" minOccurs="0" />
                <xs:element name="PUN" type="xs:string" minOccurs="0" />
                <xs:element name="NAT" type="xs:string" minOccurs="0" />
                <xs:element name="CNOR" type="xs:string" minOccurs="0" />
                <xs:element name="CSUD" type="xs:string" minOccurs="0" />
                <xs:element name="NORD" type="xs:string" minOccurs="0" />
                <xs:element name="SARD" type="xs:string" minOccurs="0" />
                <xs:element name="SICI" type="xs:string" minOccurs="0" />
                <xs:element name="SUD" type="xs:string" minOccurs="0" />
                <xs:element name="AUST" type="xs:string" minOccurs="0" />
                <xs:element name="BRNN" type="xs:string" minOccurs="0" />
                <xs:element name="COAC" type="xs:string" minOccurs="0" />
                <xs:element name="CORS" type="xs:string" minOccurs="0" />
                <xs:element name="FOGN" type="xs:string" minOccurs="0" />
                <xs:element name="FRAN" type="xs:string" minOccurs="0" />
                <xs:element name="GREC" type="xs:string" minOccurs="0" />
                <xs:element name="MFTV" type="xs:string" minOccurs="0" />
                <xs:element name="PRGP" type="xs:string" minOccurs="0" />
                <xs:element name="ROSN" type="xs:string" minOccurs="0" />
                <xs:element name="SLOV" type="xs:string" minOccurs="0" />
                <xs:element name="SVIZ" type="xs:string" minOccurs="0" />
                <xs:element name="BSP" type="xs:string" minOccurs="0" />
              </xs:sequence>
            </xs:complexType>
          </xs:element>
        </xs:choice>
      </xs:complexType>
    </xs:element>
  </xs:schema>
  <Prezzi>
    <Data>20140209</Data>
    <Mercato>MGP</Mercato>
    <Ora>1</Ora>
    <PUN>26,650690</PUN>
    <NAT>20,50</NAT>
    <CNOR>23</CNOR>
    <CSUD>23</CSUD>
    <NORD>23</NORD>
    <SARD>23</SARD>
    <SICI>70,01</SICI>
    <SUD>23</SUD>
    <AUST>23</AUST>
    <BRNN>23</BRNN>
    <COAC>23</COAC>
    <CORS>23</CORS>
    <FOGN>23</FOGN>
    <FRAN>23</FRAN>
    <GREC>23</GREC>
    <MFTV>23</MFTV>
    <PRGP>70,01</PRGP>
    <ROSN>23</ROSN>
    <SLOV>23</SLOV>
    <SVIZ>23</SVIZ>
    <BSP>5,43</BSP>
  </Prezzi>
  <Prezzi>
    <Data>20140209</Data>
    <Mercato>MGP</Mercato>
    <Ora>2</Ora>
    <PUN>17,917095</PUN>
    <NAT>11,93</NAT>
    <CNOR>14,99</CNOR>
    <CSUD>14,99</CSUD>
    <NORD>14,99</NORD>
    <SARD>14,99</SARD>
    <SICI>55,01</SICI>
    <SUD>14,99</SUD>
    <AUST>14,99</AUST>
    <BRNN>14,99</BRNN>
    <COAC>14,99</COAC>
    <CORS>14,99</CORS>
    <FOGN>14,99</FOGN>
    <FRAN>14,99</FRAN>
    <GREC>14,99</GREC>
    <MFTV>14,99</MFTV>
    <PRGP>55,01</PRGP>
    <ROSN>14,99</ROSN>
    <SLOV>14,99</SLOV>
    <SVIZ>14,99</SVIZ>
    <BSP>1,99</BSP>
  </Prezzi>
  <Prezzi>
    <Data>20140209</Data>
    <Mercato>MGP</Mercato>
    <Ora>3</Ora>
    <PUN>10,797056</PUN>
    <NAT>5,32</NAT>
    <CNOR>5</CNOR>
    <CSUD>5</CSUD>
    <NORD>9,03</NORD>
    <SARD>5</SARD>
    <SICI>55</SICI>
    <SUD>5</SUD>
    <AUST>9,03</AUST>
    <BRNN>5</BRNN>
    <COAC>5</COAC>
    <CORS>5</CORS>
    <FOGN>5</FOGN>
    <FRAN>9,03</FRAN>
    <GREC>5</GREC>
    <MFTV>9,03</MFTV>
    <PRGP>55</PRGP>
    <ROSN>5</ROSN>
    <SLOV>9,03</SLOV>
    <SVIZ>9,03</SVIZ>
    <BSP>2,06</BSP>
  </Prezzi>
  <Prezzi>
    <Data>20140209</Data>
    <Mercato>MGP</Mercato>
    <Ora>4</Ora>
    <PUN>5</PUN>
    <NAT>4</NAT>
    <CNOR>5</CNOR>
    <CSUD>5</CSUD>
    <NORD>5</NORD>
    <SARD>5</SARD>
    <SICI>5</SICI>
    <SUD>5</SUD>
    <AUST>5</AUST>
    <BRNN>5</BRNN>
    <COAC>5</COAC>
    <CORS>5</CORS>
    <FOGN>5</FOGN>
    <FRAN>5</FRAN>
    <GREC>5</GREC>
    <MFTV>5</MFTV>
    <PRGP>5</PRGP>
    <ROSN>5</ROSN>
    <SLOV>5</SLOV>
    <SVIZ>5</SVIZ>
    <BSP>1,30</BSP>
  </Prezzi>
  <Prezzi>
    <Data>20140209</Data>
    <Mercato>MGP</Mercato>
    <Ora>5</Ora>
    <PUN>3,281271</PUN>
    <NAT>2,60</NAT>
    <CNOR>1</CNOR>
    <CSUD>1</CSUD>
    <NORD>5</NORD>
    <SARD>1</SARD>
    <SICI>1</SICI>
    <SUD>1</SUD>
    <AUST>5</AUST>
    <BRNN>1</BRNN>
    <COAC>1</COAC>
    <CORS>1</CORS>
    <FOGN>1</FOGN>
    <FRAN>5</FRAN>
    <GREC>1</GREC>
    <MFTV>5</MFTV>
    <PRGP>1</PRGP>
    <ROSN>1</ROSN>
    <SLOV>5</SLOV>
    <SVIZ>5</SVIZ>
    <BSP>1</BSP>
  </Prezzi>
  <Prezzi>
    <Data>20140209</Data>
    <Mercato>MGP</Mercato>
    <Ora>6</Ora>
    <PUN>5</PUN>
    <NAT>3,90</NAT>
    <CNOR>5</CNOR>
    <CSUD>5</CSUD>
    <NORD>5</NORD>
    <SARD>5</SARD>
    <SICI>5</SICI>
    <SUD>5</SUD>
    <AUST>5</AUST>
    <BRNN>5</BRNN>
    <COAC>5</COAC>
    <CORS>5</CORS>
    <FOGN>5</FOGN>
    <FRAN>5</FRAN>
    <GREC>5</GREC>
    <MFTV>5</MFTV>
    <PRGP>5</PRGP>
    <ROSN>5</ROSN>
    <SLOV>5</SLOV>
    <SVIZ>5</SVIZ>
    <BSP>1</BSP>
  </Prezzi>
  <Prezzi>
    <Data>20140209</Data>
    <Mercato>MGP</Mercato>
    <Ora>7</Ora>
    <PUN>8,341964</PUN>
    <NAT>5</NAT>
    <CNOR>5,01</CNOR>
    <CSUD>5,01</CSUD>
    <NORD>5,01</NORD>
    <SARD>5,01</SARD>
    <SICI>55</SICI>
    <SUD>5,01</SUD>
    <AUST>5,01</AUST>
    <BRNN>5,01</BRNN>
    <COAC>5,01</COAC>
    <CORS>5,01</CORS>
    <FOGN>5,01</FOGN>
    <FRAN>5,01</FRAN>
    <GREC>5,01</GREC>
    <MFTV>5,01</MFTV>
    <PRGP>55</PRGP>
    <ROSN>5,01</ROSN>
    <SLOV>5,01</SLOV>
    <SVIZ>5,01</SVIZ>
    <BSP>1,12</BSP>
  </Prezzi>
  <Prezzi>
    <Data>20140209</Data>
    <Mercato>MGP</Mercato>
    <Ora>8</Ora>
    <PUN>9,396380</PUN>
    <NAT>6,44</NAT>
    <CNOR>6</CNOR>
    <CSUD>6</CSUD>
    <NORD>6</NORD>
    <SARD>6</SARD>
    <SICI>55,01</SICI>
    <SUD>6</SUD>
    <AUST>6</AUST>
    <BRNN>6</BRNN>
    <COAC>6</COAC>
    <CORS>6</CORS>
    <FOGN>6</FOGN>
    <FRAN>6</FRAN>
    <GREC>6</GREC>
    <MFTV>6</MFTV>
    <PRGP>55,01</PRGP>
    <ROSN>6</ROSN>
    <SLOV>6</SLOV>
    <SVIZ>6</SVIZ>
    <BSP>5</BSP>
  </Prezzi>
  <Prezzi>
    <Data>20140209</Data>
    <Mercato>MGP</Mercato>
    <Ora>9</Ora>
    <PUN>17,903309</PUN>
    <NAT>13</NAT>
    <CNOR>15</CNOR>
    <CSUD>15</CSUD>
    <NORD>15</NORD>
    <SARD>15</SARD>
    <SICI>55,01</SICI>
    <SUD>15</SUD>
    <AUST>15</AUST>
    <BRNN>15</BRNN>
    <COAC>15</COAC>
    <CORS>15</CORS>
    <FOGN>15</FOGN>
    <FRAN>15</FRAN>
    <GREC>15</GREC>
    <MFTV>15</MFTV>
    <PRGP>55,01</PRGP>
    <ROSN>15</ROSN>
    <SLOV>15</SLOV>
    <SVIZ>15</SVIZ>
    <BSP>5</BSP>
  </Prezzi>
  <Prezzi>
    <Data>20140209</Data>
    <Mercato>MGP</Mercato>
    <Ora>10</Ora>
    <PUN>24,791049</PUN>
    <NAT>20,10</NAT>
    <CNOR>22,37</CNOR>
    <CSUD>22,37</CSUD>
    <NORD>22,37</NORD>
    <SARD>22,37</SARD>
    <SICI>55,01</SICI>
    <SUD>22,37</SUD>
    <AUST>22,37</AUST>
    <BRNN>22,37</BRNN>
    <COAC>22,37</COAC>
    <CORS>22,37</CORS>
    <FOGN>22,37</FOGN>
    <FRAN>22,37</FRAN>
    <GREC>22,37</GREC>
    <MFTV>22,37</MFTV>
    <PRGP>55,01</PRGP>
    <ROSN>22,37</ROSN>
    <SLOV>22,37</SLOV>
    <SVIZ>22,37</SVIZ>
    <BSP>9,87</BSP>
  </Prezzi>
  <Prezzi>
    <Data>20140209</Data>
    <Mercato>MGP</Mercato>
    <Ora>11</Ora>
    <PUN>25</PUN>
    <NAT>21,90</NAT>
    <CNOR>22,633310</CNOR>
    <CSUD>22,633310</CSUD>
    <NORD>22,633310</NORD>
    <SARD>22,633310</SARD>
    <SICI>55,01</SICI>
    <SUD>22,633310</SUD>
    <AUST>22,633310</AUST>
    <BRNN>22,633310</BRNN>
    <COAC>22,633310</COAC>
    <CORS>22,633310</CORS>
    <FOGN>22,633310</FOGN>
    <FRAN>22,633310</FRAN>
    <GREC>22,633310</GREC>
    <MFTV>22,633310</MFTV>
    <PRGP>55,01</PRGP>
    <ROSN>22,633310</ROSN>
    <SLOV>22,633310</SLOV>
    <SVIZ>22,633310</SVIZ>
    <BSP>11,21</BSP>
  </Prezzi>
  <Prezzi>
    <Data>20140209</Data>
    <Mercato>MGP</Mercato>
    <Ora>12</Ora>
    <PUN>22,533944</PUN>
    <NAT>20,40</NAT>
    <CNOR>20</CNOR>
    <CSUD>20</CSUD>
    <NORD>20</NORD>
    <SARD>20</SARD>
    <SICI>55,01</SICI>
    <SUD>20</SUD>
    <AUST>20</AUST>
    <BRNN>20</BRNN>
    <COAC>20</COAC>
    <CORS>20</CORS>
    <FOGN>20</FOGN>
    <FRAN>20</FRAN>
    <GREC>20</GREC>
    <MFTV>20</MFTV>
    <PRGP>55,01</PRGP>
    <ROSN>20</ROSN>
    <SLOV>20</SLOV>
    <SVIZ>20</SVIZ>
    <BSP>15</BSP>
  </Prezzi>
  <Prezzi>
    <Data>20140209</Data>
    <Mercato>MGP</Mercato>
    <Ora>13</Ora>
    <PUN>19,10</PUN>
    <NAT>16</NAT>
    <CNOR>14,049359</CNOR>
    <CSUD>14,049359</CSUD>
    <NORD>14,049359</NORD>
    <SARD>14,049359</SARD>
    <SICI>81</SICI>
    <SUD>14,049359</SUD>
    <AUST>14,049359</AUST>
    <BRNN>14,049359</BRNN>
    <COAC>14,049359</COAC>
    <CORS>14,049359</CORS>
    <FOGN>14,049359</FOGN>
    <FRAN>14,049359</FRAN>
    <GREC>14,049359</GREC>
    <MFTV>14,049359</MFTV>
    <PRGP>81</PRGP>
    <ROSN>14,049359</ROSN>
    <SLOV>14,049359</SLOV>
    <SVIZ>14,049359</SVIZ>
    <BSP>9,56</BSP>
  </Prezzi>
  <Prezzi>
    <Data>20140209</Data>
    <Mercato>MGP</Mercato>
    <Ora>14</Ora>
    <PUN>6,862059</PUN>
    <NAT>5</NAT>
    <CNOR>0</CNOR>
    <CSUD>0</CSUD>
    <NORD>5,20</NORD>
    <SARD>0</SARD>
    <SICI>55,01</SICI>
    <SUD>0</SUD>
    <AUST>5,20</AUST>
    <BRNN>0</BRNN>
    <COAC>0</COAC>
    <CORS>0</CORS>
    <FOGN>0</FOGN>
    <FRAN>5,20</FRAN>
    <GREC>0</GREC>
    <MFTV>5,20</MFTV>
    <PRGP>55,01</PRGP>
    <ROSN>0</ROSN>
    <SLOV>5,20</SLOV>
    <SVIZ>5,20</SVIZ>
    <BSP>5,20</BSP>
  </Prezzi>
  <Prezzi>
    <Data>20140209</Data>
    <Mercato>MGP</Mercato>
    <Ora>15</Ora>
    <PUN>7,145190</PUN>
    <NAT>5,01</NAT>
    <CNOR>0</CNOR>
    <CSUD>0</CSUD>
    <NORD>5,84</NORD>
    <SARD>0</SARD>
    <SICI>55,01</SICI>
    <SUD>0</SUD>
    <AUST>5,84</AUST>
    <BRNN>0</BRNN>
    <COAC>0</COAC>
    <CORS>0</CORS>
    <FOGN>0</FOGN>
    <FRAN>5,84</FRAN>
    <GREC>0</GREC>
    <MFTV>5,84</MFTV>
    <PRGP>55,01</PRGP>
    <ROSN>0</ROSN>
    <SLOV>5,84</SLOV>
    <SVIZ>5,84</SVIZ>
    <BSP>5,84</BSP>
  </Prezzi>
  <Prezzi>
    <Data>20140209</Data>
    <Mercato>MGP</Mercato>
    <Ora>16</Ora>
    <PUN>13,086641</PUN>
    <NAT>9,40</NAT>
    <CNOR>7,69</CNOR>
    <CSUD>7,69</CSUD>
    <NORD>7,69</NORD>
    <SARD>7,69</SARD>
    <SICI>81</SICI>
    <SUD>7,69</SUD>
    <AUST>7,69</AUST>
    <BRNN>7,69</BRNN>
    <COAC>7,69</COAC>
    <CORS>7,69</CORS>
    <FOGN>7,69</FOGN>
    <FRAN>7,69</FRAN>
    <GREC>7,69</GREC>
    <MFTV>7,69</MFTV>
    <PRGP>81</PRGP>
    <ROSN>7,69</ROSN>
    <SLOV>7,69</SLOV>
    <SVIZ>7,69</SVIZ>
    <BSP>7,69</BSP>
  </Prezzi>
  <Prezzi>
    <Data>20140209</Data>
    <Mercato>MGP</Mercato>
    <Ora>17</Ora>
    <PUN>27,914573</PUN>
    <NAT>22,60</NAT>
    <CNOR>20</CNOR>
    <CSUD>20</CSUD>
    <NORD>20</NORD>
    <SARD>20</SARD>
    <SICI>130,01</SICI>
    <SUD>20</SUD>
    <AUST>20</AUST>
    <BRNN>20</BRNN>
    <COAC>20</COAC>
    <CORS>20</CORS>
    <FOGN>20</FOGN>
    <FRAN>20</FRAN>
    <GREC>20</GREC>
    <MFTV>20</MFTV>
    <PRGP>130,01</PRGP>
    <ROSN>20</ROSN>
    <SLOV>20</SLOV>
    <SVIZ>20</SVIZ>
    <BSP>14,06</BSP>
  </Prezzi>
  <Prezzi>
    <Data>20140209</Data>
    <Mercato>MGP</Mercato>
    <Ora>18</Ora>
    <PUN>51,368077</PUN>
    <NAT>44,29</NAT>
    <CNOR>44,22</CNOR>
    <CSUD>44,22</CSUD>
    <NORD>44,22</NORD>
    <SARD>44,22</SARD>
    <SICI>145,02</SICI>
    <SUD>44,22</SUD>
    <AUST>44,22</AUST>
    <BRNN>44,22</BRNN>
    <COAC>44,22</COAC>
    <CORS>44,22</CORS>
    <FOGN>44,22</FOGN>
    <FRAN>44,22</FRAN>
    <GREC>44,22</GREC>
    <MFTV>44,22</MFTV>
    <PRGP>145,02</PRGP>
    <ROSN>44,22</ROSN>
    <SLOV>44,22</SLOV>
    <SVIZ>44,22</SVIZ>
    <BSP>28,48</BSP>
  </Prezzi>
  <Prezzi>
    <Data>20140209</Data>
    <Mercato>MGP</Mercato>
    <Ora>19</Ora>
    <PUN>65,916073</PUN>
    <NAT>62,98</NAT>
    <CNOR>60</CNOR>
    <CSUD>60</CSUD>
    <NORD>60</NORD>
    <SARD>60</SARD>
    <SICI>145,02</SICI>
    <SUD>60</SUD>
    <AUST>60</AUST>
    <BRNN>60</BRNN>
    <COAC>60</COAC>
    <CORS>60</CORS>
    <FOGN>60</FOGN>
    <FRAN>60</FRAN>
    <GREC>60</GREC>
    <MFTV>60</MFTV>
    <PRGP>145,02</PRGP>
    <ROSN>60</ROSN>
    <SLOV>60</SLOV>
    <SVIZ>60</SVIZ>
    <BSP>35,69</BSP>
  </Prezzi>
  <Prezzi>
    <Data>20140209</Data>
    <Mercato>MGP</Mercato>
    <Ora>20</Ora>
    <PUN>69,35</PUN>
    <NAT>67,01</NAT>
    <CNOR>63,591813</CNOR>
    <CSUD>63,591813</CSUD>
    <NORD>63,591813</NORD>
    <SARD>63,591813</SARD>
    <SICI>145,02</SICI>
    <SUD>63,591813</SUD>
    <AUST>63,591813</AUST>
    <BRNN>63,591813</BRNN>
    <COAC>63,591813</COAC>
    <CORS>63,591813</CORS>
    <FOGN>63,591813</FOGN>
    <FRAN>63,591813</FRAN>
    <GREC>63,591813</GREC>
    <MFTV>63,591813</MFTV>
    <PRGP>145,02</PRGP>
    <ROSN>63,591813</ROSN>
    <SLOV>63,591813</SLOV>
    <SVIZ>63,591813</SVIZ>
    <BSP>36,33</BSP>
  </Prezzi>
  <Prezzi>
    <Data>20140209</Data>
    <Mercato>MGP</Mercato>
    <Ora>21</Ora>
    <PUN>65,209855</PUN>
    <NAT>60,32</NAT>
    <CNOR>60</CNOR>
    <CSUD>60</CSUD>
    <NORD>60</NORD>
    <SARD>60</SARD>
    <SICI>130,02</SICI>
    <SUD>60</SUD>
    <AUST>60</AUST>
    <BRNN>60</BRNN>
    <COAC>60</COAC>
    <CORS>60</CORS>
    <FOGN>60</FOGN>
    <FRAN>60</FRAN>
    <GREC>60</GREC>
    <MFTV>60</MFTV>
    <PRGP>130,02</PRGP>
    <ROSN>60</ROSN>
    <SLOV>60</SLOV>
    <SVIZ>60</SVIZ>
    <BSP>34</BSP>
  </Prezzi>
  <Prezzi>
    <Data>20140209</Data>
    <Mercato>MGP</Mercato>
    <Ora>22</Ora>
    <PUN>58,741878</PUN>
    <NAT>55,69</NAT>
    <CNOR>54,98</CNOR>
    <CSUD>54,98</CSUD>
    <NORD>54,98</NORD>
    <SARD>54,98</SARD>
    <SICI>105,02</SICI>
    <SUD>54,98</SUD>
    <AUST>54,98</AUST>
    <BRNN>54,98</BRNN>
    <COAC>54,98</COAC>
    <CORS>54,98</CORS>
    <FOGN>54,98</FOGN>
    <FRAN>54,98</FRAN>
    <GREC>54,98</GREC>
    <MFTV>54,98</MFTV>
    <PRGP>105,02</PRGP>
    <ROSN>54,98</ROSN>
    <SLOV>54,98</SLOV>
    <SVIZ>54,98</SVIZ>
    <BSP>30,76</BSP>
  </Prezzi>
  <Prezzi>
    <Data>20140209</Data>
    <Mercato>MGP</Mercato>
    <Ora>23</Ora>
    <PUN>51,241660</PUN>
    <NAT>50,92</NAT>
    <CNOR>48</CNOR>
    <CSUD>48</CSUD>
    <NORD>48</NORD>
    <SARD>48</SARD>
    <SICI>91,02</SICI>
    <SUD>48</SUD>
    <AUST>48</AUST>
    <BRNN>48</BRNN>
    <COAC>48</COAC>
    <CORS>48</CORS>
    <FOGN>48</FOGN>
    <FRAN>48</FRAN>
    <GREC>48</GREC>
    <MFTV>48</MFTV>
    <PRGP>91,02</PRGP>
    <ROSN>48</ROSN>
    <SLOV>48</SLOV>
    <SVIZ>48</SVIZ>
    <BSP>29,75</BSP>
  </Prezzi>
  <Prezzi>
    <Data>20140209</Data>
    <Mercato>MGP</Mercato>
    <Ora>24</Ora>
    <PUN>45,376659</PUN>
    <NAT>42,23</NAT>
    <CNOR>41,71</CNOR>
    <CSUD>41,71</CSUD>
    <NORD>41,71</NORD>
    <SARD>41,71</SARD>
    <SICI>91,02</SICI>
    <SUD>41,71</SUD>
    <AUST>41,71</AUST>
    <BRNN>41,71</BRNN>
    <COAC>41,71</COAC>
    <CORS>41,71</CORS>
    <FOGN>41,71</FOGN>
    <FRAN>41,71</FRAN>
    <GREC>41,71</GREC>
    <MFTV>41,71</MFTV>
    <PRGP>91,02</PRGP>
    <ROSN>41,71</ROSN>
    <SLOV>41,71</SLOV>
    <SVIZ>41,71</SVIZ>
    <BSP>20,37</BSP>
  </Prezzi>
</NewDataSet>