<?xml version="1.0" standalone="yes"?>
<NewDataSet>
  <xs:schema id="NewDataSet" xmlns="" xmlns:xs="http://www.w3.org/2001/XMLSchema" xmlns:msdata="urn:schemas-microsoft-com:xml-msdata">
    <xs:element name="NewDataSet" msdata:IsDataSet="true" msdata:UseCurrentLocale="true">
      <xs:complexType>
        <xs:choice minOccurs="0" maxOccurs="unbounded">
          <xs:element name="Prezzi">
            <xs:complexType>
              <xs:sequence>
                <xs:element name="Data" type="xs:string" minOccurs="0" />
                <xs:element name="Mercato" type="xs:string" minOccurs="0" />
                <xs:element name="Ora" type="xs:string" minOccurs="0" />
                <xs:element name="PUN" type="xs:string" minOccurs="0" />
                <xs:element name="NAT" type="xs:string" minOccurs="0" />
                <xs:element name="CNOR" type="xs:string" minOccurs="0" />
                <xs:element name="CSUD" type="xs:string" minOccurs="0" />
                <xs:element name="NORD" type="xs:string" minOccurs="0" />
                <xs:element name="SARD" type="xs:string" minOccurs="0" />
                <xs:element name="SICI" type="xs:string" minOccurs="0" />
                <xs:element name="SUD" type="xs:string" minOccurs="0" />
                <xs:element name="AUST" type="xs:string" minOccurs="0" />
                <xs:element name="BRNN" type="xs:string" minOccurs="0" />
                <xs:element name="COAC" type="xs:string" minOccurs="0" />
                <xs:element name="CORS" type="xs:string" minOccurs="0" />
                <xs:element name="FOGN" type="xs:string" minOccurs="0" />
                <xs:element name="FRAN" type="xs:string" minOccurs="0" />
                <xs:element name="GREC" type="xs:string" minOccurs="0" />
                <xs:element name="MFTV" type="xs:string" minOccurs="0" />
                <xs:element name="PRGP" type="xs:string" minOccurs="0" />
                <xs:element name="ROSN" type="xs:string" minOccurs="0" />
                <xs:element name="SLOV" type="xs:string" minOccurs="0" />
                <xs:element name="SVIZ" type="xs:string" minOccurs="0" />
                <xs:element name="BSP" type="xs:string" minOccurs="0" />
              </xs:sequence>
            </xs:complexType>
          </xs:element>
        </xs:choice>
      </xs:complexType>
    </xs:element>
  </xs:schema>
  <Prezzi>
    <Data>20140217</Data>
    <Mercato>MGP</Mercato>
    <Ora>1</Ora>
    <PUN>36,81</PUN>
    <NAT>35,11</NAT>
    <CNOR>36,81</CNOR>
    <CSUD>36,81</CSUD>
    <NORD>36,81</NORD>
    <SARD>36,81</SARD>
    <SICI>36,81</SICI>
    <SUD>36,81</SUD>
    <AUST>36,81</AUST>
    <BRNN>36,81</BRNN>
    <COAC>36,81</COAC>
    <CORS>36,81</CORS>
    <FOGN>36,81</FOGN>
    <FRAN>36,81</FRAN>
    <GREC>36,81</GREC>
    <MFTV>36,81</MFTV>
    <PRGP>36,81</PRGP>
    <ROSN>36,81</ROSN>
    <SLOV>36,81</SLOV>
    <SVIZ>36,81</SVIZ>
    <BSP>24,42</BSP>
  </Prezzi>
  <Prezzi>
    <Data>20140217</Data>
    <Mercato>MGP</Mercato>
    <Ora>2</Ora>
    <PUN>30</PUN>
    <NAT>28</NAT>
    <CNOR>30</CNOR>
    <CSUD>30</CSUD>
    <NORD>30</NORD>
    <SARD>30</SARD>
    <SICI>30</SICI>
    <SUD>30</SUD>
    <AUST>30</AUST>
    <BRNN>30</BRNN>
    <COAC>30</COAC>
    <CORS>30</CORS>
    <FOGN>30</FOGN>
    <FRAN>30</FRAN>
    <GREC>30</GREC>
    <MFTV>30</MFTV>
    <PRGP>30</PRGP>
    <ROSN>30</ROSN>
    <SLOV>30</SLOV>
    <SVIZ>30</SVIZ>
    <BSP>22,22</BSP>
  </Prezzi>
  <Prezzi>
    <Data>20140217</Data>
    <Mercato>MGP</Mercato>
    <Ora>3</Ora>
    <PUN>25,22</PUN>
    <NAT>23,80</NAT>
    <CNOR>25,22</CNOR>
    <CSUD>25,22</CSUD>
    <NORD>25,22</NORD>
    <SARD>25,22</SARD>
    <SICI>25,22</SICI>
    <SUD>25,22</SUD>
    <AUST>25,22</AUST>
    <BRNN>25,22</BRNN>
    <COAC>25,22</COAC>
    <CORS>25,22</CORS>
    <FOGN>25,22</FOGN>
    <FRAN>25,22</FRAN>
    <GREC>25,22</GREC>
    <MFTV>25,22</MFTV>
    <PRGP>25,22</PRGP>
    <ROSN>25,22</ROSN>
    <SLOV>25,22</SLOV>
    <SVIZ>25,22</SVIZ>
    <BSP>21,22</BSP>
  </Prezzi>
  <Prezzi>
    <Data>20140217</Data>
    <Mercato>MGP</Mercato>
    <Ora>4</Ora>
    <PUN>21,74</PUN>
    <NAT>21,44</NAT>
    <CNOR>21,74</CNOR>
    <CSUD>21,74</CSUD>
    <NORD>21,74</NORD>
    <SARD>21,74</SARD>
    <SICI>21,74</SICI>
    <SUD>21,74</SUD>
    <AUST>21,74</AUST>
    <BRNN>21,74</BRNN>
    <COAC>21,74</COAC>
    <CORS>21,74</CORS>
    <FOGN>21,74</FOGN>
    <FRAN>21,74</FRAN>
    <GREC>21,74</GREC>
    <MFTV>21,74</MFTV>
    <PRGP>21,74</PRGP>
    <ROSN>21,74</ROSN>
    <SLOV>21,74</SLOV>
    <SVIZ>21,74</SVIZ>
    <BSP>20,94</BSP>
  </Prezzi>
  <Prezzi>
    <Data>20140217</Data>
    <Mercato>MGP</Mercato>
    <Ora>5</Ora>
    <PUN>23,60</PUN>
    <NAT>22,68</NAT>
    <CNOR>23,60</CNOR>
    <CSUD>23,60</CSUD>
    <NORD>23,60</NORD>
    <SARD>23,60</SARD>
    <SICI>23,60</SICI>
    <SUD>23,60</SUD>
    <AUST>23,60</AUST>
    <BRNN>23,60</BRNN>
    <COAC>23,60</COAC>
    <CORS>23,60</CORS>
    <FOGN>23,60</FOGN>
    <FRAN>23,60</FRAN>
    <GREC>23,60</GREC>
    <MFTV>23,60</MFTV>
    <PRGP>23,60</PRGP>
    <ROSN>23,60</ROSN>
    <SLOV>23,60</SLOV>
    <SVIZ>23,60</SVIZ>
    <BSP>21,43</BSP>
  </Prezzi>
  <Prezzi>
    <Data>20140217</Data>
    <Mercato>MGP</Mercato>
    <Ora>6</Ora>
    <PUN>34,88</PUN>
    <NAT>32,09</NAT>
    <CNOR>34,88</CNOR>
    <CSUD>34,88</CSUD>
    <NORD>34,88</NORD>
    <SARD>34,88</SARD>
    <SICI>34,88</SICI>
    <SUD>34,88</SUD>
    <AUST>34,88</AUST>
    <BRNN>34,88</BRNN>
    <COAC>34,88</COAC>
    <CORS>34,88</CORS>
    <FOGN>34,88</FOGN>
    <FRAN>34,88</FRAN>
    <GREC>34,88</GREC>
    <MFTV>34,88</MFTV>
    <PRGP>34,88</PRGP>
    <ROSN>34,88</ROSN>
    <SLOV>34,88</SLOV>
    <SVIZ>34,88</SVIZ>
    <BSP>26,35</BSP>
  </Prezzi>
  <Prezzi>
    <Data>20140217</Data>
    <Mercato>MGP</Mercato>
    <Ora>7</Ora>
    <PUN>52,638128</PUN>
    <NAT>50,10</NAT>
    <CNOR>52,50</CNOR>
    <CSUD>52,50</CSUD>
    <NORD>52,50</NORD>
    <SARD>52,50</SARD>
    <SICI>55</SICI>
    <SUD>52,50</SUD>
    <AUST>52,50</AUST>
    <BRNN>52,50</BRNN>
    <COAC>52,50</COAC>
    <CORS>52,50</CORS>
    <FOGN>52,50</FOGN>
    <FRAN>52,50</FRAN>
    <GREC>52,50</GREC>
    <MFTV>52,50</MFTV>
    <PRGP>55</PRGP>
    <ROSN>52,50</ROSN>
    <SLOV>52,50</SLOV>
    <SVIZ>52,50</SVIZ>
    <BSP>41,77</BSP>
  </Prezzi>
  <Prezzi>
    <Data>20140217</Data>
    <Mercato>MGP</Mercato>
    <Ora>8</Ora>
    <PUN>62,72</PUN>
    <NAT>62,50</NAT>
    <CNOR>62,72</CNOR>
    <CSUD>62,72</CSUD>
    <NORD>62,72</NORD>
    <SARD>62,72</SARD>
    <SICI>62,72</SICI>
    <SUD>62,72</SUD>
    <AUST>62,72</AUST>
    <BRNN>62,72</BRNN>
    <COAC>62,72</COAC>
    <CORS>62,72</CORS>
    <FOGN>62,72</FOGN>
    <FRAN>62,72</FRAN>
    <GREC>62,72</GREC>
    <MFTV>62,72</MFTV>
    <PRGP>62,72</PRGP>
    <ROSN>62,72</ROSN>
    <SLOV>62,72</SLOV>
    <SVIZ>62,72</SVIZ>
    <BSP>60,50</BSP>
  </Prezzi>
  <Prezzi>
    <Data>20140217</Data>
    <Mercato>MGP</Mercato>
    <Ora>9</Ora>
    <PUN>66,53</PUN>
    <NAT>64,61</NAT>
    <CNOR>66,53</CNOR>
    <CSUD>66,53</CSUD>
    <NORD>66,53</NORD>
    <SARD>66,53</SARD>
    <SICI>66,53</SICI>
    <SUD>66,53</SUD>
    <AUST>66,53</AUST>
    <BRNN>66,53</BRNN>
    <COAC>66,53</COAC>
    <CORS>66,53</CORS>
    <FOGN>66,53</FOGN>
    <FRAN>66,53</FRAN>
    <GREC>66,53</GREC>
    <MFTV>66,53</MFTV>
    <PRGP>66,53</PRGP>
    <ROSN>66,53</ROSN>
    <SLOV>66,53</SLOV>
    <SVIZ>66,53</SVIZ>
    <BSP>59,24</BSP>
  </Prezzi>
  <Prezzi>
    <Data>20140217</Data>
    <Mercato>MGP</Mercato>
    <Ora>10</Ora>
    <PUN>59,682488</PUN>
    <NAT>60</NAT>
    <CNOR>56,09</CNOR>
    <CSUD>56,09</CSUD>
    <NORD>62,20</NORD>
    <SARD>56,09</SARD>
    <SICI>56,09</SICI>
    <SUD>56,09</SUD>
    <AUST>62,20</AUST>
    <BRNN>56,09</BRNN>
    <COAC>56,09</COAC>
    <CORS>56,09</CORS>
    <FOGN>56,09</FOGN>
    <FRAN>62,20</FRAN>
    <GREC>56,09</GREC>
    <MFTV>62,20</MFTV>
    <PRGP>56,09</PRGP>
    <ROSN>56,09</ROSN>
    <SLOV>62,20</SLOV>
    <SVIZ>62,20</SVIZ>
    <BSP>49,97</BSP>
  </Prezzi>
  <Prezzi>
    <Data>20140217</Data>
    <Mercato>MGP</Mercato>
    <Ora>11</Ora>
    <PUN>51,122244</PUN>
    <NAT>56,03</NAT>
    <CNOR>37,57</CNOR>
    <CSUD>37,57</CSUD>
    <NORD>60,40</NORD>
    <SARD>37,57</SARD>
    <SICI>37,57</SICI>
    <SUD>37,57</SUD>
    <AUST>60,40</AUST>
    <BRNN>37,57</BRNN>
    <COAC>37,57</COAC>
    <CORS>37,57</CORS>
    <FOGN>37,57</FOGN>
    <FRAN>60,40</FRAN>
    <GREC>37,57</GREC>
    <MFTV>60,40</MFTV>
    <PRGP>37,57</PRGP>
    <ROSN>37,57</ROSN>
    <SLOV>60,40</SLOV>
    <SVIZ>60,40</SVIZ>
    <BSP>43,95</BSP>
  </Prezzi>
  <Prezzi>
    <Data>20140217</Data>
    <Mercato>MGP</Mercato>
    <Ora>12</Ora>
    <PUN>46,684768</PUN>
    <NAT>52,74</NAT>
    <CNOR>30,98</CNOR>
    <CSUD>30,98</CSUD>
    <NORD>57,36</NORD>
    <SARD>30,98</SARD>
    <SICI>30,98</SICI>
    <SUD>30,98</SUD>
    <AUST>57,36</AUST>
    <BRNN>30,98</BRNN>
    <COAC>30,98</COAC>
    <CORS>30,98</CORS>
    <FOGN>30,98</FOGN>
    <FRAN>57,36</FRAN>
    <GREC>30,98</GREC>
    <MFTV>57,36</MFTV>
    <PRGP>30,98</PRGP>
    <ROSN>30,98</ROSN>
    <SLOV>57,36</SLOV>
    <SVIZ>57,36</SVIZ>
    <BSP>38,46</BSP>
  </Prezzi>
  <Prezzi>
    <Data>20140217</Data>
    <Mercato>MGP</Mercato>
    <Ora>13</Ora>
    <PUN>36,24</PUN>
    <NAT>46,21</NAT>
    <CNOR>12,904801</CNOR>
    <CSUD>12,904801</CSUD>
    <NORD>53,24</NORD>
    <SARD>12,904801</SARD>
    <SICI>12,904801</SICI>
    <SUD>12,904801</SUD>
    <AUST>53,24</AUST>
    <BRNN>12,904801</BRNN>
    <COAC>12,904801</COAC>
    <CORS>12,904801</CORS>
    <FOGN>12,904801</FOGN>
    <FRAN>53,24</FRAN>
    <GREC>12,904801</GREC>
    <MFTV>53,24</MFTV>
    <PRGP>12,904801</PRGP>
    <ROSN>12,904801</ROSN>
    <SLOV>53,24</SLOV>
    <SVIZ>53,24</SVIZ>
    <BSP>37,10</BSP>
  </Prezzi>
  <Prezzi>
    <Data>20140217</Data>
    <Mercato>MGP</Mercato>
    <Ora>14</Ora>
    <PUN>32,728407</PUN>
    <NAT>46</NAT>
    <CNOR>5</CNOR>
    <CSUD>5</CSUD>
    <NORD>52,33</NORD>
    <SARD>5</SARD>
    <SICI>5</SICI>
    <SUD>5</SUD>
    <AUST>52,33</AUST>
    <BRNN>5</BRNN>
    <COAC>5</COAC>
    <CORS>5</CORS>
    <FOGN>5</FOGN>
    <FRAN>52,33</FRAN>
    <GREC>5</GREC>
    <MFTV>52,33</MFTV>
    <PRGP>5</PRGP>
    <ROSN>5</ROSN>
    <SLOV>52,33</SLOV>
    <SVIZ>52,33</SVIZ>
    <BSP>37,10</BSP>
  </Prezzi>
  <Prezzi>
    <Data>20140217</Data>
    <Mercato>MGP</Mercato>
    <Ora>15</Ora>
    <PUN>48,267939</PUN>
    <NAT>51,38</NAT>
    <CNOR>31,21</CNOR>
    <CSUD>31,21</CSUD>
    <NORD>57,60</NORD>
    <SARD>31,21</SARD>
    <SICI>55</SICI>
    <SUD>31,21</SUD>
    <AUST>57,60</AUST>
    <BRNN>31,21</BRNN>
    <COAC>31,21</COAC>
    <CORS>31,21</CORS>
    <FOGN>31,21</FOGN>
    <FRAN>57,60</FRAN>
    <GREC>31,21</GREC>
    <MFTV>57,60</MFTV>
    <PRGP>55</PRGP>
    <ROSN>31,21</ROSN>
    <SLOV>57,60</SLOV>
    <SVIZ>57,60</SVIZ>
    <BSP>37,10</BSP>
  </Prezzi>
  <Prezzi>
    <Data>20140217</Data>
    <Mercato>MGP</Mercato>
    <Ora>16</Ora>
    <PUN>51,633293</PUN>
    <NAT>55</NAT>
    <CNOR>38</CNOR>
    <CSUD>38</CSUD>
    <NORD>59,28</NORD>
    <SARD>38</SARD>
    <SICI>55,02</SICI>
    <SUD>38</SUD>
    <AUST>59,28</AUST>
    <BRNN>38</BRNN>
    <COAC>38</COAC>
    <CORS>38</CORS>
    <FOGN>38</FOGN>
    <FRAN>59,28</FRAN>
    <GREC>38</GREC>
    <MFTV>59,28</MFTV>
    <PRGP>55,02</PRGP>
    <ROSN>38</ROSN>
    <SLOV>59,28</SLOV>
    <SVIZ>59,28</SVIZ>
    <BSP>39,51</BSP>
  </Prezzi>
  <Prezzi>
    <Data>20140217</Data>
    <Mercato>MGP</Mercato>
    <Ora>17</Ora>
    <PUN>63,127828</PUN>
    <NAT>58,78</NAT>
    <CNOR>59,04</CNOR>
    <CSUD>59,04</CSUD>
    <NORD>59,04</NORD>
    <SARD>59,04</SARD>
    <SICI>130</SICI>
    <SUD>59,04</SUD>
    <AUST>59,04</AUST>
    <BRNN>59,04</BRNN>
    <COAC>59,04</COAC>
    <CORS>59,04</CORS>
    <FOGN>59,04</FOGN>
    <FRAN>59,04</FRAN>
    <GREC>59,04</GREC>
    <MFTV>59,04</MFTV>
    <PRGP>130</PRGP>
    <ROSN>59,04</ROSN>
    <SLOV>59,04</SLOV>
    <SVIZ>59,04</SVIZ>
    <BSP>42,90</BSP>
  </Prezzi>
  <Prezzi>
    <Data>20140217</Data>
    <Mercato>MGP</Mercato>
    <Ora>18</Ora>
    <PUN>68,260439</PUN>
    <NAT>63</NAT>
    <CNOR>62,89</CNOR>
    <CSUD>62,89</CSUD>
    <NORD>62,89</NORD>
    <SARD>75,67</SARD>
    <SICI>145,02</SICI>
    <SUD>62,89</SUD>
    <AUST>62,89</AUST>
    <BRNN>62,89</BRNN>
    <COAC>75,67</COAC>
    <CORS>75,67</CORS>
    <FOGN>62,89</FOGN>
    <FRAN>62,89</FRAN>
    <GREC>62,89</GREC>
    <MFTV>62,89</MFTV>
    <PRGP>145,02</PRGP>
    <ROSN>62,89</ROSN>
    <SLOV>62,89</SLOV>
    <SVIZ>62,89</SVIZ>
    <BSP>55,77</BSP>
  </Prezzi>
  <Prezzi>
    <Data>20140217</Data>
    <Mercato>MGP</Mercato>
    <Ora>19</Ora>
    <PUN>78,537671</PUN>
    <NAT>73,99</NAT>
    <CNOR>70</CNOR>
    <CSUD>70</CSUD>
    <NORD>70</NORD>
    <SARD>169,50</SARD>
    <SICI>145,02</SICI>
    <SUD>70</SUD>
    <AUST>70</AUST>
    <BRNN>70</BRNN>
    <COAC>169,50</COAC>
    <CORS>169,50</CORS>
    <FOGN>70</FOGN>
    <FRAN>70</FRAN>
    <GREC>70</GREC>
    <MFTV>70</MFTV>
    <PRGP>145,02</PRGP>
    <ROSN>70</ROSN>
    <SLOV>70</SLOV>
    <SVIZ>70</SVIZ>
    <BSP>66,79</BSP>
  </Prezzi>
  <Prezzi>
    <Data>20140217</Data>
    <Mercato>MGP</Mercato>
    <Ora>20</Ora>
    <PUN>75,887593</PUN>
    <NAT>68,24</NAT>
    <CNOR>66,64</CNOR>
    <CSUD>66,64</CSUD>
    <NORD>66,64</NORD>
    <SARD>169,50</SARD>
    <SICI>145,03</SICI>
    <SUD>66,64</SUD>
    <AUST>66,64</AUST>
    <BRNN>66,64</BRNN>
    <COAC>169,50</COAC>
    <CORS>169,50</CORS>
    <FOGN>66,64</FOGN>
    <FRAN>66,64</FRAN>
    <GREC>66,64</GREC>
    <MFTV>66,64</MFTV>
    <PRGP>145,03</PRGP>
    <ROSN>66,64</ROSN>
    <SLOV>66,64</SLOV>
    <SVIZ>66,64</SVIZ>
    <BSP>59,03</BSP>
  </Prezzi>
  <Prezzi>
    <Data>20140217</Data>
    <Mercato>MGP</Mercato>
    <Ora>21</Ora>
    <PUN>69,247178</PUN>
    <NAT>62,78</NAT>
    <CNOR>60,05</CNOR>
    <CSUD>60,05</CSUD>
    <NORD>60,05</NORD>
    <SARD>169,50</SARD>
    <SICI>130,03</SICI>
    <SUD>60,05</SUD>
    <AUST>60,05</AUST>
    <BRNN>60,05</BRNN>
    <COAC>169,50</COAC>
    <CORS>169,50</CORS>
    <FOGN>60,05</FOGN>
    <FRAN>60,05</FRAN>
    <GREC>60,05</GREC>
    <MFTV>60,05</MFTV>
    <PRGP>130,03</PRGP>
    <ROSN>60,05</ROSN>
    <SLOV>60,05</SLOV>
    <SVIZ>60,05</SVIZ>
    <BSP>52,83</BSP>
  </Prezzi>
  <Prezzi>
    <Data>20140217</Data>
    <Mercato>MGP</Mercato>
    <Ora>22</Ora>
    <PUN>60,363745</PUN>
    <NAT>57,52</NAT>
    <CNOR>57,01</CNOR>
    <CSUD>57,01</CSUD>
    <NORD>57,01</NORD>
    <SARD>57,01</SARD>
    <SICI>105,02</SICI>
    <SUD>57,01</SUD>
    <AUST>57,01</AUST>
    <BRNN>57,01</BRNN>
    <COAC>57,01</COAC>
    <CORS>57,01</CORS>
    <FOGN>57,01</FOGN>
    <FRAN>57,01</FRAN>
    <GREC>57,01</GREC>
    <MFTV>57,01</MFTV>
    <PRGP>105,02</PRGP>
    <ROSN>57,01</ROSN>
    <SLOV>57,01</SLOV>
    <SVIZ>57,01</SVIZ>
    <BSP>54</BSP>
  </Prezzi>
  <Prezzi>
    <Data>20140217</Data>
    <Mercato>MGP</Mercato>
    <Ora>23</Ora>
    <PUN>57,94</PUN>
    <NAT>55,30</NAT>
    <CNOR>55,45</CNOR>
    <CSUD>55,45</CSUD>
    <NORD>55,45</NORD>
    <SARD>55,45</SARD>
    <SICI>90,709428</SICI>
    <SUD>55,45</SUD>
    <AUST>55,45</AUST>
    <BRNN>55,45</BRNN>
    <COAC>55,45</COAC>
    <CORS>55,45</CORS>
    <FOGN>55,45</FOGN>
    <FRAN>55,45</FRAN>
    <GREC>55,45</GREC>
    <MFTV>55,45</MFTV>
    <PRGP>90,709428</PRGP>
    <ROSN>55,45</ROSN>
    <SLOV>55,45</SLOV>
    <SVIZ>55,45</SVIZ>
    <BSP>37,82</BSP>
  </Prezzi>
  <Prezzi>
    <Data>20140217</Data>
    <Mercato>MGP</Mercato>
    <Ora>24</Ora>
    <PUN>51</PUN>
    <NAT>50</NAT>
    <CNOR>50,711071</CNOR>
    <CSUD>50,711071</CSUD>
    <NORD>50,711071</NORD>
    <SARD>50,711071</SARD>
    <SICI>55</SICI>
    <SUD>50,711071</SUD>
    <AUST>50,711071</AUST>
    <BRNN>50,711071</BRNN>
    <COAC>50,711071</COAC>
    <CORS>50,711071</CORS>
    <FOGN>50,711071</FOGN>
    <FRAN>50,711071</FRAN>
    <GREC>50,711071</GREC>
    <MFTV>50,711071</MFTV>
    <PRGP>55</PRGP>
    <ROSN>50,711071</ROSN>
    <SLOV>50,711071</SLOV>
    <SVIZ>50,711071</SVIZ>
    <BSP>32,49</BSP>
  </Prezzi>
</NewDataSet>