<?xml version="1.0" standalone="yes"?>
<NewDataSet>
  <xs:schema id="NewDataSet" xmlns="" xmlns:xs="http://www.w3.org/2001/XMLSchema" xmlns:msdata="urn:schemas-microsoft-com:xml-msdata">
    <xs:element name="NewDataSet" msdata:IsDataSet="true" msdata:UseCurrentLocale="true">
      <xs:complexType>
        <xs:choice minOccurs="0" maxOccurs="unbounded">
          <xs:element name="Prezzi">
            <xs:complexType>
              <xs:sequence>
                <xs:element name="Data" type="xs:string" minOccurs="0" />
                <xs:element name="Mercato" type="xs:string" minOccurs="0" />
                <xs:element name="Ora" type="xs:string" minOccurs="0" />
                <xs:element name="PUN" type="xs:string" minOccurs="0" />
                <xs:element name="NAT" type="xs:string" minOccurs="0" />
                <xs:element name="CNOR" type="xs:string" minOccurs="0" />
                <xs:element name="CSUD" type="xs:string" minOccurs="0" />
                <xs:element name="NORD" type="xs:string" minOccurs="0" />
                <xs:element name="SARD" type="xs:string" minOccurs="0" />
                <xs:element name="SICI" type="xs:string" minOccurs="0" />
                <xs:element name="SUD" type="xs:string" minOccurs="0" />
                <xs:element name="AUST" type="xs:string" minOccurs="0" />
                <xs:element name="BRNN" type="xs:string" minOccurs="0" />
                <xs:element name="COAC" type="xs:string" minOccurs="0" />
                <xs:element name="CORS" type="xs:string" minOccurs="0" />
                <xs:element name="FOGN" type="xs:string" minOccurs="0" />
                <xs:element name="FRAN" type="xs:string" minOccurs="0" />
                <xs:element name="GREC" type="xs:string" minOccurs="0" />
                <xs:element name="MFTV" type="xs:string" minOccurs="0" />
                <xs:element name="PRGP" type="xs:string" minOccurs="0" />
                <xs:element name="ROSN" type="xs:string" minOccurs="0" />
                <xs:element name="SLOV" type="xs:string" minOccurs="0" />
                <xs:element name="SVIZ" type="xs:string" minOccurs="0" />
                <xs:element name="BSP" type="xs:string" minOccurs="0" />
                <xs:element name="MALT" type="xs:string" minOccurs="0" />
                <xs:element name="XAUS" type="xs:string" minOccurs="0" />
                <xs:element name="XFRA" type="xs:string" minOccurs="0" />
              </xs:sequence>
            </xs:complexType>
          </xs:element>
        </xs:choice>
      </xs:complexType>
    </xs:element>
  </xs:schema>
  <Prezzi>
    <Data>20150828</Data>
    <Mercato>MGP</Mercato>
    <Ora>1</Ora>
    <PUN>50,860000</PUN>
    <NAT>54,190000</NAT>
    <CNOR>50,363000</CNOR>
    <CSUD>50,363000</CSUD>
    <NORD>50,363000</NORD>
    <SARD>50,363000</SARD>
    <SICI>58,970000</SICI>
    <SUD>50,363000</SUD>
    <AUST>50,363000</AUST>
    <BRNN>50,363000</BRNN>
    <COAC>50,363000</COAC>
    <CORS>50,363000</CORS>
    <FOGN>50,363000</FOGN>
    <FRAN>50,363000</FRAN>
    <GREC>50,363000</GREC>
    <MFTV>50,363000</MFTV>
    <PRGP>58,970000</PRGP>
    <ROSN>50,363000</ROSN>
    <SLOV>50,363000</SLOV>
    <SVIZ>50,363000</SVIZ>
    <BSP>50,363000</BSP>
    <MALT>58,970000</MALT>
    <XAUS>50,363000</XAUS>
    <XFRA>50,363000</XFRA>
  </Prezzi>
  <Prezzi>
    <Data>20150828</Data>
    <Mercato>MGP</Mercato>
    <Ora>2</Ora>
    <PUN>49,668620</PUN>
    <NAT>51,980000</NAT>
    <CNOR>54,390000</CNOR>
    <CSUD>54,390000</CSUD>
    <NORD>44,560000</NORD>
    <SARD>54,390000</SARD>
    <SICI>58,970000</SICI>
    <SUD>54,390000</SUD>
    <AUST>44,560000</AUST>
    <BRNN>54,390000</BRNN>
    <COAC>54,390000</COAC>
    <CORS>54,390000</CORS>
    <FOGN>54,390000</FOGN>
    <FRAN>44,560000</FRAN>
    <GREC>54,390000</GREC>
    <MFTV>44,560000</MFTV>
    <PRGP>58,970000</PRGP>
    <ROSN>54,390000</ROSN>
    <SLOV>44,560000</SLOV>
    <SVIZ>44,560000</SVIZ>
    <BSP>44,560000</BSP>
    <MALT>58,970000</MALT>
    <XAUS>44,560000</XAUS>
    <XFRA>44,560000</XFRA>
  </Prezzi>
  <Prezzi>
    <Data>20150828</Data>
    <Mercato>MGP</Mercato>
    <Ora>3</Ora>
    <PUN>46,346490</PUN>
    <NAT>47,000000</NAT>
    <CNOR>47,830000</CNOR>
    <CSUD>47,830000</CSUD>
    <NORD>43,810000</NORD>
    <SARD>47,830000</SARD>
    <SICI>58,760000</SICI>
    <SUD>47,830000</SUD>
    <AUST>43,810000</AUST>
    <BRNN>47,830000</BRNN>
    <COAC>47,830000</COAC>
    <CORS>47,830000</CORS>
    <FOGN>47,830000</FOGN>
    <FRAN>43,810000</FRAN>
    <GREC>47,830000</GREC>
    <MFTV>43,810000</MFTV>
    <PRGP>58,760000</PRGP>
    <ROSN>47,830000</ROSN>
    <SLOV>43,810000</SLOV>
    <SVIZ>43,810000</SVIZ>
    <BSP>43,810000</BSP>
    <MALT>58,760000</MALT>
    <XAUS>43,810000</XAUS>
    <XFRA>43,810000</XFRA>
  </Prezzi>
  <Prezzi>
    <Data>20150828</Data>
    <Mercato>MGP</Mercato>
    <Ora>4</Ora>
    <PUN>43,349250</PUN>
    <NAT>43,500000</NAT>
    <CNOR>42,490000</CNOR>
    <CSUD>42,490000</CSUD>
    <NORD>42,490000</NORD>
    <SARD>42,490000</SARD>
    <SICI>58,760000</SICI>
    <SUD>42,490000</SUD>
    <AUST>42,490000</AUST>
    <BRNN>42,490000</BRNN>
    <COAC>42,490000</COAC>
    <CORS>42,490000</CORS>
    <FOGN>42,490000</FOGN>
    <FRAN>42,490000</FRAN>
    <GREC>42,490000</GREC>
    <MFTV>42,490000</MFTV>
    <PRGP>58,760000</PRGP>
    <ROSN>42,490000</ROSN>
    <SLOV>42,490000</SLOV>
    <SVIZ>42,490000</SVIZ>
    <BSP>42,490000</BSP>
    <MALT>58,760000</MALT>
    <XAUS>42,490000</XAUS>
    <XFRA>42,490000</XFRA>
  </Prezzi>
  <Prezzi>
    <Data>20150828</Data>
    <Mercato>MGP</Mercato>
    <Ora>5</Ora>
    <PUN>43,346590</PUN>
    <NAT>43,500000</NAT>
    <CNOR>42,490000</CNOR>
    <CSUD>42,490000</CSUD>
    <NORD>42,490000</NORD>
    <SARD>42,490000</SARD>
    <SICI>58,760000</SICI>
    <SUD>42,490000</SUD>
    <AUST>42,490000</AUST>
    <BRNN>42,490000</BRNN>
    <COAC>42,490000</COAC>
    <CORS>42,490000</CORS>
    <FOGN>42,490000</FOGN>
    <FRAN>42,490000</FRAN>
    <GREC>42,490000</GREC>
    <MFTV>42,490000</MFTV>
    <PRGP>58,760000</PRGP>
    <ROSN>42,490000</ROSN>
    <SLOV>42,490000</SLOV>
    <SVIZ>42,490000</SVIZ>
    <BSP>42,490000</BSP>
    <MALT>58,760000</MALT>
    <XAUS>42,490000</XAUS>
    <XFRA>42,490000</XFRA>
  </Prezzi>
  <Prezzi>
    <Data>20150828</Data>
    <Mercato>MGP</Mercato>
    <Ora>6</Ora>
    <PUN>44,450670</PUN>
    <NAT>44,560000</NAT>
    <CNOR>43,660000</CNOR>
    <CSUD>43,660000</CSUD>
    <NORD>43,660000</NORD>
    <SARD>43,660000</SARD>
    <SICI>58,760000</SICI>
    <SUD>43,660000</SUD>
    <AUST>43,660000</AUST>
    <BRNN>43,660000</BRNN>
    <COAC>43,660000</COAC>
    <CORS>43,660000</CORS>
    <FOGN>43,660000</FOGN>
    <FRAN>43,660000</FRAN>
    <GREC>43,660000</GREC>
    <MFTV>43,660000</MFTV>
    <PRGP>58,760000</PRGP>
    <ROSN>43,660000</ROSN>
    <SLOV>43,660000</SLOV>
    <SVIZ>43,660000</SVIZ>
    <BSP>43,660000</BSP>
    <MALT>58,760000</MALT>
    <XAUS>43,660000</XAUS>
    <XFRA>43,660000</XFRA>
  </Prezzi>
  <Prezzi>
    <Data>20150828</Data>
    <Mercato>MGP</Mercato>
    <Ora>7</Ora>
    <PUN>54,222270</PUN>
    <NAT>55,000000</NAT>
    <CNOR>53,990000</CNOR>
    <CSUD>53,990000</CSUD>
    <NORD>53,990000</NORD>
    <SARD>53,990000</SARD>
    <SICI>58,760000</SICI>
    <SUD>53,990000</SUD>
    <AUST>53,990000</AUST>
    <BRNN>53,990000</BRNN>
    <COAC>53,990000</COAC>
    <CORS>53,990000</CORS>
    <FOGN>53,990000</FOGN>
    <FRAN>53,990000</FRAN>
    <GREC>53,990000</GREC>
    <MFTV>53,990000</MFTV>
    <PRGP>58,760000</PRGP>
    <ROSN>53,990000</ROSN>
    <SLOV>53,990000</SLOV>
    <SVIZ>53,990000</SVIZ>
    <BSP>53,990000</BSP>
    <MALT>58,760000</MALT>
    <XAUS>53,990000</XAUS>
    <XFRA>53,990000</XFRA>
  </Prezzi>
  <Prezzi>
    <Data>20150828</Data>
    <Mercato>MGP</Mercato>
    <Ora>8</Ora>
    <PUN>52,352160</PUN>
    <NAT>55,120000</NAT>
    <CNOR>53,010000</CNOR>
    <CSUD>53,010000</CSUD>
    <NORD>51,000000</NORD>
    <SARD>53,010000</SARD>
    <SICI>60,650000</SICI>
    <SUD>53,010000</SUD>
    <AUST>51,000000</AUST>
    <BRNN>53,010000</BRNN>
    <COAC>53,010000</COAC>
    <CORS>53,010000</CORS>
    <FOGN>53,010000</FOGN>
    <FRAN>51,000000</FRAN>
    <GREC>53,010000</GREC>
    <MFTV>51,000000</MFTV>
    <PRGP>60,650000</PRGP>
    <ROSN>53,010000</ROSN>
    <SLOV>51,000000</SLOV>
    <SVIZ>51,000000</SVIZ>
    <BSP>51,000000</BSP>
    <MALT>60,650000</MALT>
    <XAUS>51,000000</XAUS>
    <XFRA>51,000000</XFRA>
  </Prezzi>
  <Prezzi>
    <Data>20150828</Data>
    <Mercato>MGP</Mercato>
    <Ora>9</Ora>
    <PUN>55,791050</PUN>
    <NAT>57,990000</NAT>
    <CNOR>56,620000</CNOR>
    <CSUD>56,620000</CSUD>
    <NORD>54,640000</NORD>
    <SARD>56,620000</SARD>
    <SICI>60,650000</SICI>
    <SUD>56,620000</SUD>
    <AUST>54,640000</AUST>
    <BRNN>56,620000</BRNN>
    <COAC>56,620000</COAC>
    <CORS>56,620000</CORS>
    <FOGN>56,620000</FOGN>
    <FRAN>54,640000</FRAN>
    <GREC>56,620000</GREC>
    <MFTV>54,640000</MFTV>
    <PRGP>60,650000</PRGP>
    <ROSN>56,620000</ROSN>
    <SLOV>54,640000</SLOV>
    <SVIZ>54,640000</SVIZ>
    <BSP>54,640000</BSP>
    <MALT>60,650000</MALT>
    <XAUS>54,640000</XAUS>
    <XFRA>54,640000</XFRA>
  </Prezzi>
  <Prezzi>
    <Data>20150828</Data>
    <Mercato>MGP</Mercato>
    <Ora>10</Ora>
    <PUN>53,874520</PUN>
    <NAT>56,620000</NAT>
    <CNOR>56,010000</CNOR>
    <CSUD>56,010000</CSUD>
    <NORD>51,434520</NORD>
    <SARD>56,010000</SARD>
    <SICI>60,650000</SICI>
    <SUD>56,010000</SUD>
    <AUST>51,434520</AUST>
    <BRNN>56,010000</BRNN>
    <COAC>56,010000</COAC>
    <CORS>56,010000</CORS>
    <FOGN>56,010000</FOGN>
    <FRAN>51,434520</FRAN>
    <GREC>56,010000</GREC>
    <MFTV>51,434520</MFTV>
    <PRGP>60,650000</PRGP>
    <ROSN>56,010000</ROSN>
    <SLOV>51,434520</SLOV>
    <SVIZ>51,434520</SVIZ>
    <BSP>51,434520</BSP>
    <MALT>60,650000</MALT>
    <XAUS>51,434520</XAUS>
    <XFRA>51,434520</XFRA>
  </Prezzi>
  <Prezzi>
    <Data>20150828</Data>
    <Mercato>MGP</Mercato>
    <Ora>11</Ora>
    <PUN>51,410190</PUN>
    <NAT>54,720000</NAT>
    <CNOR>52,000000</CNOR>
    <CSUD>52,000000</CSUD>
    <NORD>50,000000</NORD>
    <SARD>52,000000</SARD>
    <SICI>60,650000</SICI>
    <SUD>52,000000</SUD>
    <AUST>50,000000</AUST>
    <BRNN>52,000000</BRNN>
    <COAC>52,000000</COAC>
    <CORS>52,000000</CORS>
    <FOGN>52,000000</FOGN>
    <FRAN>50,000000</FRAN>
    <GREC>52,000000</GREC>
    <MFTV>50,000000</MFTV>
    <PRGP>60,650000</PRGP>
    <ROSN>52,000000</ROSN>
    <SLOV>50,000000</SLOV>
    <SVIZ>50,000000</SVIZ>
    <BSP>50,000000</BSP>
    <MALT>60,650000</MALT>
    <XAUS>50,000000</XAUS>
    <XFRA>50,000000</XFRA>
  </Prezzi>
  <Prezzi>
    <Data>20150828</Data>
    <Mercato>MGP</Mercato>
    <Ora>12</Ora>
    <PUN>51,222970</PUN>
    <NAT>53,700000</NAT>
    <CNOR>50,814710</CNOR>
    <CSUD>50,814710</CSUD>
    <NORD>50,814710</NORD>
    <SARD>50,814710</SARD>
    <SICI>58,760000</SICI>
    <SUD>50,814710</SUD>
    <AUST>50,814710</AUST>
    <BRNN>50,814710</BRNN>
    <COAC>50,814710</COAC>
    <CORS>50,814710</CORS>
    <FOGN>50,814710</FOGN>
    <FRAN>50,814710</FRAN>
    <GREC>50,814710</GREC>
    <MFTV>50,814710</MFTV>
    <PRGP>58,760000</PRGP>
    <ROSN>50,814710</ROSN>
    <SLOV>50,814710</SLOV>
    <SVIZ>50,814710</SVIZ>
    <BSP>50,814710</BSP>
    <MALT>58,760000</MALT>
    <XAUS>50,814710</XAUS>
    <XFRA>50,814710</XFRA>
  </Prezzi>
  <Prezzi>
    <Data>20150828</Data>
    <Mercato>MGP</Mercato>
    <Ora>13</Ora>
    <PUN>47,940410</PUN>
    <NAT>48,000000</NAT>
    <CNOR>47,330840</CNOR>
    <CSUD>47,330840</CSUD>
    <NORD>47,330840</NORD>
    <SARD>47,330840</SARD>
    <SICI>58,760000</SICI>
    <SUD>47,330840</SUD>
    <AUST>47,330840</AUST>
    <BRNN>47,330840</BRNN>
    <COAC>47,330840</COAC>
    <CORS>47,330840</CORS>
    <FOGN>47,330840</FOGN>
    <FRAN>47,330840</FRAN>
    <GREC>47,330840</GREC>
    <MFTV>47,330840</MFTV>
    <PRGP>58,760000</PRGP>
    <ROSN>47,330840</ROSN>
    <SLOV>47,330840</SLOV>
    <SVIZ>47,330840</SVIZ>
    <BSP>47,330840</BSP>
    <MALT>58,760000</MALT>
    <XAUS>47,330840</XAUS>
    <XFRA>47,330840</XFRA>
  </Prezzi>
  <Prezzi>
    <Data>20150828</Data>
    <Mercato>MGP</Mercato>
    <Ora>14</Ora>
    <PUN>46,161760</PUN>
    <NAT>46,660000</NAT>
    <CNOR>45,460000</CNOR>
    <CSUD>45,460000</CSUD>
    <NORD>45,460000</NORD>
    <SARD>45,460000</SARD>
    <SICI>58,760000</SICI>
    <SUD>45,460000</SUD>
    <AUST>45,460000</AUST>
    <BRNN>45,460000</BRNN>
    <COAC>45,460000</COAC>
    <CORS>45,460000</CORS>
    <FOGN>45,460000</FOGN>
    <FRAN>45,460000</FRAN>
    <GREC>45,460000</GREC>
    <MFTV>45,460000</MFTV>
    <PRGP>58,760000</PRGP>
    <ROSN>45,460000</ROSN>
    <SLOV>45,460000</SLOV>
    <SVIZ>45,460000</SVIZ>
    <BSP>45,460000</BSP>
    <MALT>58,760000</MALT>
    <XAUS>45,460000</XAUS>
    <XFRA>45,460000</XFRA>
  </Prezzi>
  <Prezzi>
    <Data>20150828</Data>
    <Mercato>MGP</Mercato>
    <Ora>15</Ora>
    <PUN>51,391630</PUN>
    <NAT>51,980000</NAT>
    <CNOR>51,000000</CNOR>
    <CSUD>51,000000</CSUD>
    <NORD>51,000000</NORD>
    <SARD>51,000000</SARD>
    <SICI>58,760000</SICI>
    <SUD>51,000000</SUD>
    <AUST>51,000000</AUST>
    <BRNN>51,000000</BRNN>
    <COAC>51,000000</COAC>
    <CORS>51,000000</CORS>
    <FOGN>51,000000</FOGN>
    <FRAN>51,000000</FRAN>
    <GREC>51,000000</GREC>
    <MFTV>51,000000</MFTV>
    <PRGP>58,760000</PRGP>
    <ROSN>51,000000</ROSN>
    <SLOV>51,000000</SLOV>
    <SVIZ>51,000000</SVIZ>
    <BSP>51,000000</BSP>
    <MALT>58,760000</MALT>
    <XAUS>51,000000</XAUS>
    <XFRA>51,000000</XFRA>
  </Prezzi>
  <Prezzi>
    <Data>20150828</Data>
    <Mercato>MGP</Mercato>
    <Ora>16</Ora>
    <PUN>55,188890</PUN>
    <NAT>55,930000</NAT>
    <CNOR>55,000000</CNOR>
    <CSUD>55,000000</CSUD>
    <NORD>55,000000</NORD>
    <SARD>55,000000</SARD>
    <SICI>58,760000</SICI>
    <SUD>55,000000</SUD>
    <AUST>55,000000</AUST>
    <BRNN>55,000000</BRNN>
    <COAC>55,000000</COAC>
    <CORS>55,000000</CORS>
    <FOGN>55,000000</FOGN>
    <FRAN>55,000000</FRAN>
    <GREC>55,000000</GREC>
    <MFTV>55,000000</MFTV>
    <PRGP>58,760000</PRGP>
    <ROSN>55,000000</ROSN>
    <SLOV>55,000000</SLOV>
    <SVIZ>55,000000</SVIZ>
    <BSP>55,000000</BSP>
    <MALT>58,760000</MALT>
    <XAUS>55,000000</XAUS>
    <XFRA>55,000000</XFRA>
  </Prezzi>
  <Prezzi>
    <Data>20150828</Data>
    <Mercato>MGP</Mercato>
    <Ora>17</Ora>
    <PUN>55,824970</PUN>
    <NAT>56,000000</NAT>
    <CNOR>55,650000</CNOR>
    <CSUD>55,650000</CSUD>
    <NORD>55,650000</NORD>
    <SARD>55,650000</SARD>
    <SICI>58,970000</SICI>
    <SUD>55,650000</SUD>
    <AUST>55,650000</AUST>
    <BRNN>55,650000</BRNN>
    <COAC>55,650000</COAC>
    <CORS>55,650000</CORS>
    <FOGN>55,650000</FOGN>
    <FRAN>55,650000</FRAN>
    <GREC>55,650000</GREC>
    <MFTV>55,650000</MFTV>
    <PRGP>58,970000</PRGP>
    <ROSN>55,650000</ROSN>
    <SLOV>55,650000</SLOV>
    <SVIZ>55,650000</SVIZ>
    <BSP>55,650000</BSP>
    <MALT>58,970000</MALT>
    <XAUS>55,650000</XAUS>
    <XFRA>55,650000</XFRA>
  </Prezzi>
  <Prezzi>
    <Data>20150828</Data>
    <Mercato>MGP</Mercato>
    <Ora>18</Ora>
    <PUN>56,239630</PUN>
    <NAT>57,190000</NAT>
    <CNOR>56,990000</CNOR>
    <CSUD>56,990000</CSUD>
    <NORD>55,110000</NORD>
    <SARD>56,990000</SARD>
    <SICI>60,650000</SICI>
    <SUD>56,990000</SUD>
    <AUST>55,110000</AUST>
    <BRNN>56,990000</BRNN>
    <COAC>56,990000</COAC>
    <CORS>56,990000</CORS>
    <FOGN>56,990000</FOGN>
    <FRAN>55,110000</FRAN>
    <GREC>56,990000</GREC>
    <MFTV>55,110000</MFTV>
    <PRGP>60,650000</PRGP>
    <ROSN>56,990000</ROSN>
    <SLOV>55,110000</SLOV>
    <SVIZ>55,110000</SVIZ>
    <BSP>55,110000</BSP>
    <MALT>60,650000</MALT>
    <XAUS>55,110000</XAUS>
    <XFRA>55,110000</XFRA>
  </Prezzi>
  <Prezzi>
    <Data>20150828</Data>
    <Mercato>MGP</Mercato>
    <Ora>19</Ora>
    <PUN>58,510000</PUN>
    <NAT>58,600000</NAT>
    <CNOR>63,990000</CNOR>
    <CSUD>63,990000</CSUD>
    <NORD>53,177400</NORD>
    <SARD>63,990000</SARD>
    <SICI>63,990000</SICI>
    <SUD>63,990000</SUD>
    <AUST>53,177400</AUST>
    <BRNN>63,990000</BRNN>
    <COAC>63,990000</COAC>
    <CORS>63,990000</CORS>
    <FOGN>63,990000</FOGN>
    <FRAN>53,177400</FRAN>
    <GREC>63,990000</GREC>
    <MFTV>53,177400</MFTV>
    <PRGP>63,990000</PRGP>
    <ROSN>63,990000</ROSN>
    <SLOV>53,177400</SLOV>
    <SVIZ>53,177400</SVIZ>
    <BSP>53,177400</BSP>
    <MALT>63,990000</MALT>
    <XAUS>53,177400</XAUS>
    <XFRA>53,177400</XFRA>
  </Prezzi>
  <Prezzi>
    <Data>20150828</Data>
    <Mercato>MGP</Mercato>
    <Ora>20</Ora>
    <PUN>60,479230</PUN>
    <NAT>60,000000</NAT>
    <CNOR>67,990000</CNOR>
    <CSUD>67,990000</CSUD>
    <NORD>51,980000</NORD>
    <SARD>67,990000</SARD>
    <SICI>75,490000</SICI>
    <SUD>67,990000</SUD>
    <AUST>51,980000</AUST>
    <BRNN>67,990000</BRNN>
    <COAC>67,990000</COAC>
    <CORS>67,990000</CORS>
    <FOGN>67,990000</FOGN>
    <FRAN>51,980000</FRAN>
    <GREC>67,990000</GREC>
    <MFTV>51,980000</MFTV>
    <PRGP>75,490000</PRGP>
    <ROSN>67,990000</ROSN>
    <SLOV>51,980000</SLOV>
    <SVIZ>51,980000</SVIZ>
    <BSP>51,980000</BSP>
    <MALT>75,490000</MALT>
    <XAUS>51,980000</XAUS>
    <XFRA>51,980000</XFRA>
  </Prezzi>
  <Prezzi>
    <Data>20150828</Data>
    <Mercato>MGP</Mercato>
    <Ora>21</Ora>
    <PUN>76,210000</PUN>
    <NAT>72,000000</NAT>
    <CNOR>92,690620</CNOR>
    <CSUD>92,690620</CSUD>
    <NORD>59,890000</NORD>
    <SARD>92,690620</SARD>
    <SICI>92,690620</SICI>
    <SUD>92,690620</SUD>
    <AUST>59,890000</AUST>
    <BRNN>92,690620</BRNN>
    <COAC>92,690620</COAC>
    <CORS>92,690620</CORS>
    <FOGN>92,690620</FOGN>
    <FRAN>59,890000</FRAN>
    <GREC>92,690620</GREC>
    <MFTV>59,890000</MFTV>
    <PRGP>92,690620</PRGP>
    <ROSN>92,690620</ROSN>
    <SLOV>59,890000</SLOV>
    <SVIZ>59,890000</SVIZ>
    <BSP>59,890000</BSP>
    <MALT>92,690620</MALT>
    <XAUS>59,890000</XAUS>
    <XFRA>59,890000</XFRA>
  </Prezzi>
  <Prezzi>
    <Data>20150828</Data>
    <Mercato>MGP</Mercato>
    <Ora>22</Ora>
    <PUN>61,574200</PUN>
    <NAT>60,420000</NAT>
    <CNOR>66,000000</CNOR>
    <CSUD>66,000000</CSUD>
    <NORD>55,940000</NORD>
    <SARD>66,000000</SARD>
    <SICI>75,490000</SICI>
    <SUD>66,000000</SUD>
    <AUST>55,940000</AUST>
    <BRNN>66,000000</BRNN>
    <COAC>66,000000</COAC>
    <CORS>66,000000</CORS>
    <FOGN>66,000000</FOGN>
    <FRAN>55,940000</FRAN>
    <GREC>66,000000</GREC>
    <MFTV>55,940000</MFTV>
    <PRGP>75,490000</PRGP>
    <ROSN>66,000000</ROSN>
    <SLOV>55,940000</SLOV>
    <SVIZ>55,940000</SVIZ>
    <BSP>55,940000</BSP>
    <MALT>75,490000</MALT>
    <XAUS>55,940000</XAUS>
    <XFRA>55,940000</XFRA>
  </Prezzi>
  <Prezzi>
    <Data>20150828</Data>
    <Mercato>MGP</Mercato>
    <Ora>23</Ora>
    <PUN>54,982870</PUN>
    <NAT>56,990000</NAT>
    <CNOR>57,470000</CNOR>
    <CSUD>57,470000</CSUD>
    <NORD>52,000000</NORD>
    <SARD>57,470000</SARD>
    <SICI>60,650000</SICI>
    <SUD>57,470000</SUD>
    <AUST>52,000000</AUST>
    <BRNN>57,470000</BRNN>
    <COAC>57,470000</COAC>
    <CORS>57,470000</CORS>
    <FOGN>57,470000</FOGN>
    <FRAN>52,000000</FRAN>
    <GREC>57,470000</GREC>
    <MFTV>52,000000</MFTV>
    <PRGP>60,650000</PRGP>
    <ROSN>57,470000</ROSN>
    <SLOV>52,000000</SLOV>
    <SVIZ>52,000000</SVIZ>
    <BSP>52,000000</BSP>
    <MALT>60,650000</MALT>
    <XAUS>52,000000</XAUS>
    <XFRA>52,000000</XFRA>
  </Prezzi>
  <Prezzi>
    <Data>20150828</Data>
    <Mercato>MGP</Mercato>
    <Ora>24</Ora>
    <PUN>53,731470</PUN>
    <NAT>55,000000</NAT>
    <CNOR>54,990000</CNOR>
    <CSUD>54,990000</CSUD>
    <NORD>52,000000</NORD>
    <SARD>54,990000</SARD>
    <SICI>58,970000</SICI>
    <SUD>54,990000</SUD>
    <AUST>52,000000</AUST>
    <BRNN>54,990000</BRNN>
    <COAC>54,990000</COAC>
    <CORS>54,990000</CORS>
    <FOGN>54,990000</FOGN>
    <FRAN>52,000000</FRAN>
    <GREC>54,990000</GREC>
    <MFTV>52,000000</MFTV>
    <PRGP>58,970000</PRGP>
    <ROSN>54,990000</ROSN>
    <SLOV>52,000000</SLOV>
    <SVIZ>52,000000</SVIZ>
    <BSP>52,000000</BSP>
    <MALT>58,970000</MALT>
    <XAUS>52,000000</XAUS>
    <XFRA>52,000000</XFRA>
  </Prezzi>
</NewDataSet>