<?xml version="1.0" standalone="yes"?>
<NewDataSet>
  <xs:schema id="NewDataSet" xmlns="" xmlns:xs="http://www.w3.org/2001/XMLSchema" xmlns:msdata="urn:schemas-microsoft-com:xml-msdata">
    <xs:element name="NewDataSet" msdata:IsDataSet="true" msdata:UseCurrentLocale="true">
      <xs:complexType>
        <xs:choice minOccurs="0" maxOccurs="unbounded">
          <xs:element name="Prezzi">
            <xs:complexType>
              <xs:sequence>
                <xs:element name="Data" type="xs:string" minOccurs="0" />
                <xs:element name="Mercato" type="xs:string" minOccurs="0" />
                <xs:element name="Ora" type="xs:string" minOccurs="0" />
                <xs:element name="PUN" type="xs:string" minOccurs="0" />
                <xs:element name="NAT" type="xs:string" minOccurs="0" />
                <xs:element name="CNOR" type="xs:string" minOccurs="0" />
                <xs:element name="CSUD" type="xs:string" minOccurs="0" />
                <xs:element name="NORD" type="xs:string" minOccurs="0" />
                <xs:element name="SARD" type="xs:string" minOccurs="0" />
                <xs:element name="SICI" type="xs:string" minOccurs="0" />
                <xs:element name="SUD" type="xs:string" minOccurs="0" />
                <xs:element name="AUST" type="xs:string" minOccurs="0" />
                <xs:element name="BRNN" type="xs:string" minOccurs="0" />
                <xs:element name="COAC" type="xs:string" minOccurs="0" />
                <xs:element name="CORS" type="xs:string" minOccurs="0" />
                <xs:element name="FOGN" type="xs:string" minOccurs="0" />
                <xs:element name="FRAN" type="xs:string" minOccurs="0" />
                <xs:element name="GREC" type="xs:string" minOccurs="0" />
                <xs:element name="MFTV" type="xs:string" minOccurs="0" />
                <xs:element name="PRGP" type="xs:string" minOccurs="0" />
                <xs:element name="ROSN" type="xs:string" minOccurs="0" />
                <xs:element name="SLOV" type="xs:string" minOccurs="0" />
                <xs:element name="SVIZ" type="xs:string" minOccurs="0" />
                <xs:element name="BSP" type="xs:string" minOccurs="0" />
                <xs:element name="MALT" type="xs:string" minOccurs="0" />
                <xs:element name="XAUS" type="xs:string" minOccurs="0" />
                <xs:element name="XFRA" type="xs:string" minOccurs="0" />
              </xs:sequence>
            </xs:complexType>
          </xs:element>
        </xs:choice>
      </xs:complexType>
    </xs:element>
  </xs:schema>
  <Prezzi>
    <Data>20150826</Data>
    <Mercato>MGP</Mercato>
    <Ora>1</Ora>
    <PUN>44,349140</PUN>
    <NAT>44,790000</NAT>
    <CNOR>44,180000</CNOR>
    <CSUD>44,180000</CSUD>
    <NORD>42,720000</NORD>
    <SARD>44,180000</SARD>
    <SICI>58,970000</SICI>
    <SUD>44,180000</SUD>
    <AUST>42,720000</AUST>
    <BRNN>44,180000</BRNN>
    <COAC>44,180000</COAC>
    <CORS>44,180000</CORS>
    <FOGN>44,180000</FOGN>
    <FRAN>42,720000</FRAN>
    <GREC>44,180000</GREC>
    <MFTV>42,720000</MFTV>
    <PRGP>58,970000</PRGP>
    <ROSN>44,180000</ROSN>
    <SLOV>42,720000</SLOV>
    <SVIZ>42,720000</SVIZ>
    <BSP>42,720000</BSP>
    <MALT>58,970000</MALT>
    <XAUS>42,720000</XAUS>
    <XFRA>42,720000</XFRA>
  </Prezzi>
  <Prezzi>
    <Data>20150826</Data>
    <Mercato>MGP</Mercato>
    <Ora>2</Ora>
    <PUN>43,610270</PUN>
    <NAT>44,000000</NAT>
    <CNOR>42,640000</CNOR>
    <CSUD>42,640000</CSUD>
    <NORD>42,640000</NORD>
    <SARD>42,640000</SARD>
    <SICI>58,970000</SICI>
    <SUD>42,640000</SUD>
    <AUST>42,640000</AUST>
    <BRNN>42,640000</BRNN>
    <COAC>42,640000</COAC>
    <CORS>42,640000</CORS>
    <FOGN>42,640000</FOGN>
    <FRAN>42,640000</FRAN>
    <GREC>42,640000</GREC>
    <MFTV>42,640000</MFTV>
    <PRGP>58,970000</PRGP>
    <ROSN>42,640000</ROSN>
    <SLOV>42,640000</SLOV>
    <SVIZ>42,640000</SVIZ>
    <BSP>42,640000</BSP>
    <MALT>58,970000</MALT>
    <XAUS>42,640000</XAUS>
    <XFRA>42,640000</XFRA>
  </Prezzi>
  <Prezzi>
    <Data>20150826</Data>
    <Mercato>MGP</Mercato>
    <Ora>3</Ora>
    <PUN>43,961870</PUN>
    <NAT>44,300000</NAT>
    <CNOR>44,300000</CNOR>
    <CSUD>44,300000</CSUD>
    <NORD>41,990000</NORD>
    <SARD>44,300000</SARD>
    <SICI>58,760000</SICI>
    <SUD>44,300000</SUD>
    <AUST>41,990000</AUST>
    <BRNN>44,300000</BRNN>
    <COAC>44,300000</COAC>
    <CORS>44,300000</CORS>
    <FOGN>44,300000</FOGN>
    <FRAN>41,990000</FRAN>
    <GREC>44,300000</GREC>
    <MFTV>41,990000</MFTV>
    <PRGP>58,760000</PRGP>
    <ROSN>44,300000</ROSN>
    <SLOV>41,990000</SLOV>
    <SVIZ>41,990000</SVIZ>
    <BSP>41,990000</BSP>
    <MALT>58,760000</MALT>
    <XAUS>41,990000</XAUS>
    <XFRA>41,990000</XFRA>
  </Prezzi>
  <Prezzi>
    <Data>20150826</Data>
    <Mercato>MGP</Mercato>
    <Ora>4</Ora>
    <PUN>42,773240</PUN>
    <NAT>42,550000</NAT>
    <CNOR>41,990000</CNOR>
    <CSUD>41,990000</CSUD>
    <NORD>41,730000</NORD>
    <SARD>41,990000</SARD>
    <SICI>58,760000</SICI>
    <SUD>41,990000</SUD>
    <AUST>41,730000</AUST>
    <BRNN>41,990000</BRNN>
    <COAC>41,990000</COAC>
    <CORS>41,990000</CORS>
    <FOGN>41,990000</FOGN>
    <FRAN>41,730000</FRAN>
    <GREC>41,990000</GREC>
    <MFTV>41,730000</MFTV>
    <PRGP>58,760000</PRGP>
    <ROSN>41,990000</ROSN>
    <SLOV>41,730000</SLOV>
    <SVIZ>41,730000</SVIZ>
    <BSP>41,730000</BSP>
    <MALT>58,760000</MALT>
    <XAUS>41,730000</XAUS>
    <XFRA>41,730000</XFRA>
  </Prezzi>
  <Prezzi>
    <Data>20150826</Data>
    <Mercato>MGP</Mercato>
    <Ora>5</Ora>
    <PUN>43,122100</PUN>
    <NAT>43,140000</NAT>
    <CNOR>42,530000</CNOR>
    <CSUD>42,530000</CSUD>
    <NORD>41,990000</NORD>
    <SARD>42,530000</SARD>
    <SICI>58,760000</SICI>
    <SUD>42,530000</SUD>
    <AUST>41,990000</AUST>
    <BRNN>42,530000</BRNN>
    <COAC>42,530000</COAC>
    <CORS>42,530000</CORS>
    <FOGN>42,530000</FOGN>
    <FRAN>41,990000</FRAN>
    <GREC>42,530000</GREC>
    <MFTV>41,990000</MFTV>
    <PRGP>58,760000</PRGP>
    <ROSN>42,530000</ROSN>
    <SLOV>41,990000</SLOV>
    <SVIZ>41,990000</SVIZ>
    <BSP>41,990000</BSP>
    <MALT>58,760000</MALT>
    <XAUS>41,990000</XAUS>
    <XFRA>41,990000</XFRA>
  </Prezzi>
  <Prezzi>
    <Data>20150826</Data>
    <Mercato>MGP</Mercato>
    <Ora>6</Ora>
    <PUN>45,054560</PUN>
    <NAT>45,050000</NAT>
    <CNOR>44,300000</CNOR>
    <CSUD>44,300000</CSUD>
    <NORD>44,300000</NORD>
    <SARD>44,300000</SARD>
    <SICI>58,760000</SICI>
    <SUD>44,300000</SUD>
    <AUST>44,300000</AUST>
    <BRNN>44,300000</BRNN>
    <COAC>44,300000</COAC>
    <CORS>44,300000</CORS>
    <FOGN>44,300000</FOGN>
    <FRAN>44,300000</FRAN>
    <GREC>44,300000</GREC>
    <MFTV>44,300000</MFTV>
    <PRGP>58,760000</PRGP>
    <ROSN>44,300000</ROSN>
    <SLOV>44,300000</SLOV>
    <SVIZ>44,300000</SVIZ>
    <BSP>44,300000</BSP>
    <MALT>58,760000</MALT>
    <XAUS>44,300000</XAUS>
    <XFRA>44,300000</XFRA>
  </Prezzi>
  <Prezzi>
    <Data>20150826</Data>
    <Mercato>MGP</Mercato>
    <Ora>7</Ora>
    <PUN>52,507700</PUN>
    <NAT>53,990000</NAT>
    <CNOR>52,180000</CNOR>
    <CSUD>52,180000</CSUD>
    <NORD>52,180000</NORD>
    <SARD>52,180000</SARD>
    <SICI>58,760000</SICI>
    <SUD>52,180000</SUD>
    <AUST>52,180000</AUST>
    <BRNN>52,180000</BRNN>
    <COAC>52,180000</COAC>
    <CORS>52,180000</CORS>
    <FOGN>52,180000</FOGN>
    <FRAN>52,180000</FRAN>
    <GREC>52,180000</GREC>
    <MFTV>52,180000</MFTV>
    <PRGP>58,760000</PRGP>
    <ROSN>52,180000</ROSN>
    <SLOV>52,180000</SLOV>
    <SVIZ>52,180000</SVIZ>
    <BSP>52,180000</BSP>
    <MALT>58,760000</MALT>
    <XAUS>52,180000</XAUS>
    <XFRA>52,180000</XFRA>
  </Prezzi>
  <Prezzi>
    <Data>20150826</Data>
    <Mercato>MGP</Mercato>
    <Ora>8</Ora>
    <PUN>53,500000</PUN>
    <NAT>54,570000</NAT>
    <CNOR>53,184300</CNOR>
    <CSUD>53,184300</CSUD>
    <NORD>53,184300</NORD>
    <SARD>53,184300</SARD>
    <SICI>58,970000</SICI>
    <SUD>53,184300</SUD>
    <AUST>53,184300</AUST>
    <BRNN>53,184300</BRNN>
    <COAC>53,184300</COAC>
    <CORS>53,184300</CORS>
    <FOGN>53,184300</FOGN>
    <FRAN>53,184300</FRAN>
    <GREC>53,184300</GREC>
    <MFTV>53,184300</MFTV>
    <PRGP>58,970000</PRGP>
    <ROSN>53,184300</ROSN>
    <SLOV>53,184300</SLOV>
    <SVIZ>53,184300</SVIZ>
    <BSP>53,184300</BSP>
    <MALT>58,970000</MALT>
    <XAUS>53,184300</XAUS>
    <XFRA>53,184300</XFRA>
  </Prezzi>
  <Prezzi>
    <Data>20150826</Data>
    <Mercato>MGP</Mercato>
    <Ora>9</Ora>
    <PUN>57,925120</PUN>
    <NAT>57,990000</NAT>
    <CNOR>57,770000</CNOR>
    <CSUD>57,770000</CSUD>
    <NORD>57,770000</NORD>
    <SARD>57,770000</SARD>
    <SICI>60,650000</SICI>
    <SUD>57,770000</SUD>
    <AUST>57,770000</AUST>
    <BRNN>57,770000</BRNN>
    <COAC>57,770000</COAC>
    <CORS>57,770000</CORS>
    <FOGN>57,770000</FOGN>
    <FRAN>57,770000</FRAN>
    <GREC>57,770000</GREC>
    <MFTV>57,770000</MFTV>
    <PRGP>60,650000</PRGP>
    <ROSN>57,770000</ROSN>
    <SLOV>57,770000</SLOV>
    <SVIZ>57,770000</SVIZ>
    <BSP>57,770000</BSP>
    <MALT>60,650000</MALT>
    <XAUS>57,770000</XAUS>
    <XFRA>57,770000</XFRA>
  </Prezzi>
  <Prezzi>
    <Data>20150826</Data>
    <Mercato>MGP</Mercato>
    <Ora>10</Ora>
    <PUN>56,328360</PUN>
    <NAT>57,660000</NAT>
    <CNOR>56,070000</CNOR>
    <CSUD>56,070000</CSUD>
    <NORD>56,070000</NORD>
    <SARD>56,070000</SARD>
    <SICI>60,650000</SICI>
    <SUD>56,070000</SUD>
    <AUST>56,070000</AUST>
    <BRNN>56,070000</BRNN>
    <COAC>56,070000</COAC>
    <CORS>56,070000</CORS>
    <FOGN>56,070000</FOGN>
    <FRAN>56,070000</FRAN>
    <GREC>56,070000</GREC>
    <MFTV>56,070000</MFTV>
    <PRGP>60,650000</PRGP>
    <ROSN>56,070000</ROSN>
    <SLOV>56,070000</SLOV>
    <SVIZ>56,070000</SVIZ>
    <BSP>56,070000</BSP>
    <MALT>60,650000</MALT>
    <XAUS>56,070000</XAUS>
    <XFRA>56,070000</XFRA>
  </Prezzi>
  <Prezzi>
    <Data>20150826</Data>
    <Mercato>MGP</Mercato>
    <Ora>11</Ora>
    <PUN>55,229830</PUN>
    <NAT>55,990000</NAT>
    <CNOR>54,910000</CNOR>
    <CSUD>54,910000</CSUD>
    <NORD>54,910000</NORD>
    <SARD>54,910000</SARD>
    <SICI>60,650000</SICI>
    <SUD>54,910000</SUD>
    <AUST>54,910000</AUST>
    <BRNN>54,910000</BRNN>
    <COAC>54,910000</COAC>
    <CORS>54,910000</CORS>
    <FOGN>54,910000</FOGN>
    <FRAN>54,910000</FRAN>
    <GREC>54,910000</GREC>
    <MFTV>54,910000</MFTV>
    <PRGP>60,650000</PRGP>
    <ROSN>54,910000</ROSN>
    <SLOV>54,910000</SLOV>
    <SVIZ>54,910000</SVIZ>
    <BSP>54,910000</BSP>
    <MALT>60,650000</MALT>
    <XAUS>54,910000</XAUS>
    <XFRA>54,910000</XFRA>
  </Prezzi>
  <Prezzi>
    <Data>20150826</Data>
    <Mercato>MGP</Mercato>
    <Ora>12</Ora>
    <PUN>52,788450</PUN>
    <NAT>53,010000</NAT>
    <CNOR>52,960000</CNOR>
    <CSUD>52,960000</CSUD>
    <NORD>52,960000</NORD>
    <SARD>52,960000</SARD>
    <SICI>58,760000</SICI>
    <SUD>48,200000</SUD>
    <AUST>52,960000</AUST>
    <BRNN>48,200000</BRNN>
    <COAC>52,960000</COAC>
    <CORS>52,960000</CORS>
    <FOGN>48,200000</FOGN>
    <FRAN>52,960000</FRAN>
    <GREC>48,200000</GREC>
    <MFTV>52,960000</MFTV>
    <PRGP>58,760000</PRGP>
    <ROSN>48,200000</ROSN>
    <SLOV>52,960000</SLOV>
    <SVIZ>52,960000</SVIZ>
    <BSP>52,960000</BSP>
    <MALT>58,760000</MALT>
    <XAUS>52,960000</XAUS>
    <XFRA>52,960000</XFRA>
  </Prezzi>
  <Prezzi>
    <Data>20150826</Data>
    <Mercato>MGP</Mercato>
    <Ora>13</Ora>
    <PUN>46,078440</PUN>
    <NAT>45,500000</NAT>
    <CNOR>45,480000</CNOR>
    <CSUD>45,480000</CSUD>
    <NORD>45,480000</NORD>
    <SARD>45,480000</SARD>
    <SICI>56,600000</SICI>
    <SUD>45,480000</SUD>
    <AUST>45,480000</AUST>
    <BRNN>45,480000</BRNN>
    <COAC>45,480000</COAC>
    <CORS>45,480000</CORS>
    <FOGN>45,480000</FOGN>
    <FRAN>45,480000</FRAN>
    <GREC>45,480000</GREC>
    <MFTV>45,480000</MFTV>
    <PRGP>56,600000</PRGP>
    <ROSN>45,480000</ROSN>
    <SLOV>45,480000</SLOV>
    <SVIZ>45,480000</SVIZ>
    <BSP>45,480000</BSP>
    <MALT>56,600000</MALT>
    <XAUS>45,480000</XAUS>
    <XFRA>45,480000</XFRA>
  </Prezzi>
  <Prezzi>
    <Data>20150826</Data>
    <Mercato>MGP</Mercato>
    <Ora>14</Ora>
    <PUN>46,089350</PUN>
    <NAT>45,500000</NAT>
    <CNOR>45,500000</CNOR>
    <CSUD>45,500000</CSUD>
    <NORD>45,500000</NORD>
    <SARD>45,500000</SARD>
    <SICI>56,600000</SICI>
    <SUD>45,500000</SUD>
    <AUST>45,500000</AUST>
    <BRNN>45,500000</BRNN>
    <COAC>45,500000</COAC>
    <CORS>45,500000</CORS>
    <FOGN>45,500000</FOGN>
    <FRAN>45,500000</FRAN>
    <GREC>45,500000</GREC>
    <MFTV>45,500000</MFTV>
    <PRGP>56,600000</PRGP>
    <ROSN>45,500000</ROSN>
    <SLOV>45,500000</SLOV>
    <SVIZ>45,500000</SVIZ>
    <BSP>45,500000</BSP>
    <MALT>56,600000</MALT>
    <XAUS>45,500000</XAUS>
    <XFRA>45,500000</XFRA>
  </Prezzi>
  <Prezzi>
    <Data>20150826</Data>
    <Mercato>MGP</Mercato>
    <Ora>15</Ora>
    <PUN>50,448130</PUN>
    <NAT>50,990000</NAT>
    <CNOR>50,000000</CNOR>
    <CSUD>50,000000</CSUD>
    <NORD>50,000000</NORD>
    <SARD>50,000000</SARD>
    <SICI>58,760000</SICI>
    <SUD>50,000000</SUD>
    <AUST>50,000000</AUST>
    <BRNN>50,000000</BRNN>
    <COAC>50,000000</COAC>
    <CORS>50,000000</CORS>
    <FOGN>50,000000</FOGN>
    <FRAN>50,000000</FRAN>
    <GREC>50,000000</GREC>
    <MFTV>50,000000</MFTV>
    <PRGP>58,760000</PRGP>
    <ROSN>50,000000</ROSN>
    <SLOV>50,000000</SLOV>
    <SVIZ>50,000000</SVIZ>
    <BSP>50,000000</BSP>
    <MALT>58,760000</MALT>
    <XAUS>50,000000</XAUS>
    <XFRA>50,000000</XFRA>
  </Prezzi>
  <Prezzi>
    <Data>20150826</Data>
    <Mercato>MGP</Mercato>
    <Ora>16</Ora>
    <PUN>54,526790</PUN>
    <NAT>55,420000</NAT>
    <CNOR>54,300000</CNOR>
    <CSUD>54,300000</CSUD>
    <NORD>54,300000</NORD>
    <SARD>54,300000</SARD>
    <SICI>58,760000</SICI>
    <SUD>54,300000</SUD>
    <AUST>54,300000</AUST>
    <BRNN>54,300000</BRNN>
    <COAC>54,300000</COAC>
    <CORS>54,300000</CORS>
    <FOGN>54,300000</FOGN>
    <FRAN>54,300000</FRAN>
    <GREC>54,300000</GREC>
    <MFTV>54,300000</MFTV>
    <PRGP>58,760000</PRGP>
    <ROSN>54,300000</ROSN>
    <SLOV>54,300000</SLOV>
    <SVIZ>54,300000</SVIZ>
    <BSP>54,300000</BSP>
    <MALT>58,760000</MALT>
    <XAUS>54,300000</XAUS>
    <XFRA>54,300000</XFRA>
  </Prezzi>
  <Prezzi>
    <Data>20150826</Data>
    <Mercato>MGP</Mercato>
    <Ora>17</Ora>
    <PUN>55,303960</PUN>
    <NAT>55,110000</NAT>
    <CNOR>55,110000</CNOR>
    <CSUD>55,110000</CSUD>
    <NORD>55,110000</NORD>
    <SARD>55,110000</SARD>
    <SICI>58,760000</SICI>
    <SUD>55,110000</SUD>
    <AUST>55,110000</AUST>
    <BRNN>55,110000</BRNN>
    <COAC>55,110000</COAC>
    <CORS>55,110000</CORS>
    <FOGN>55,110000</FOGN>
    <FRAN>55,110000</FRAN>
    <GREC>55,110000</GREC>
    <MFTV>55,110000</MFTV>
    <PRGP>58,760000</PRGP>
    <ROSN>55,110000</ROSN>
    <SLOV>55,110000</SLOV>
    <SVIZ>55,110000</SVIZ>
    <BSP>55,110000</BSP>
    <MALT>58,760000</MALT>
    <XAUS>55,110000</XAUS>
    <XFRA>55,110000</XFRA>
  </Prezzi>
  <Prezzi>
    <Data>20150826</Data>
    <Mercato>MGP</Mercato>
    <Ora>18</Ora>
    <PUN>54,961240</PUN>
    <NAT>55,810000</NAT>
    <CNOR>54,620000</CNOR>
    <CSUD>54,620000</CSUD>
    <NORD>54,620000</NORD>
    <SARD>54,620000</SARD>
    <SICI>60,400000</SICI>
    <SUD>54,620000</SUD>
    <AUST>54,620000</AUST>
    <BRNN>54,620000</BRNN>
    <COAC>54,620000</COAC>
    <CORS>54,620000</CORS>
    <FOGN>54,620000</FOGN>
    <FRAN>54,620000</FRAN>
    <GREC>54,620000</GREC>
    <MFTV>54,620000</MFTV>
    <PRGP>60,400000</PRGP>
    <ROSN>54,620000</ROSN>
    <SLOV>54,620000</SLOV>
    <SVIZ>54,620000</SVIZ>
    <BSP>54,620000</BSP>
    <MALT>60,400000</MALT>
    <XAUS>54,620000</XAUS>
    <XFRA>54,620000</XFRA>
  </Prezzi>
  <Prezzi>
    <Data>20150826</Data>
    <Mercato>MGP</Mercato>
    <Ora>19</Ora>
    <PUN>56,238280</PUN>
    <NAT>57,390000</NAT>
    <CNOR>56,000000</CNOR>
    <CSUD>56,000000</CSUD>
    <NORD>55,930000</NORD>
    <SARD>56,000000</SARD>
    <SICI>60,650000</SICI>
    <SUD>56,000000</SUD>
    <AUST>55,930000</AUST>
    <BRNN>56,000000</BRNN>
    <COAC>56,000000</COAC>
    <CORS>56,000000</CORS>
    <FOGN>56,000000</FOGN>
    <FRAN>55,930000</FRAN>
    <GREC>56,000000</GREC>
    <MFTV>55,930000</MFTV>
    <PRGP>60,650000</PRGP>
    <ROSN>56,000000</ROSN>
    <SLOV>55,930000</SLOV>
    <SVIZ>55,930000</SVIZ>
    <BSP>55,930000</BSP>
    <MALT>60,650000</MALT>
    <XAUS>55,930000</XAUS>
    <XFRA>55,930000</XFRA>
  </Prezzi>
  <Prezzi>
    <Data>20150826</Data>
    <Mercato>MGP</Mercato>
    <Ora>20</Ora>
    <PUN>58,267790</PUN>
    <NAT>57,990000</NAT>
    <CNOR>60,650000</CNOR>
    <CSUD>60,650000</CSUD>
    <NORD>55,930000</NORD>
    <SARD>60,650000</SARD>
    <SICI>60,650000</SICI>
    <SUD>60,650000</SUD>
    <AUST>55,930000</AUST>
    <BRNN>60,650000</BRNN>
    <COAC>60,650000</COAC>
    <CORS>60,650000</CORS>
    <FOGN>60,650000</FOGN>
    <FRAN>55,930000</FRAN>
    <GREC>60,650000</GREC>
    <MFTV>55,930000</MFTV>
    <PRGP>60,650000</PRGP>
    <ROSN>60,650000</ROSN>
    <SLOV>55,930000</SLOV>
    <SVIZ>55,930000</SVIZ>
    <BSP>55,930000</BSP>
    <MALT>60,650000</MALT>
    <XAUS>55,930000</XAUS>
    <XFRA>55,930000</XFRA>
  </Prezzi>
  <Prezzi>
    <Data>20150826</Data>
    <Mercato>MGP</Mercato>
    <Ora>21</Ora>
    <PUN>71,555450</PUN>
    <NAT>65,000000</NAT>
    <CNOR>85,000000</CNOR>
    <CSUD>85,000000</CSUD>
    <NORD>58,310000</NORD>
    <SARD>85,000000</SARD>
    <SICI>85,000000</SICI>
    <SUD>85,000000</SUD>
    <AUST>58,310000</AUST>
    <BRNN>85,000000</BRNN>
    <COAC>85,000000</COAC>
    <CORS>85,000000</CORS>
    <FOGN>85,000000</FOGN>
    <FRAN>58,310000</FRAN>
    <GREC>85,000000</GREC>
    <MFTV>58,310000</MFTV>
    <PRGP>85,000000</PRGP>
    <ROSN>85,000000</ROSN>
    <SLOV>58,310000</SLOV>
    <SVIZ>58,310000</SVIZ>
    <BSP>58,310000</BSP>
    <MALT>85,000000</MALT>
    <XAUS>58,310000</XAUS>
    <XFRA>58,310000</XFRA>
  </Prezzi>
  <Prezzi>
    <Data>20150826</Data>
    <Mercato>MGP</Mercato>
    <Ora>22</Ora>
    <PUN>57,357510</PUN>
    <NAT>57,110000</NAT>
    <CNOR>65,000000</CNOR>
    <CSUD>65,000000</CSUD>
    <NORD>49,600000</NORD>
    <SARD>65,000000</SARD>
    <SICI>65,000000</SICI>
    <SUD>65,000000</SUD>
    <AUST>49,600000</AUST>
    <BRNN>65,000000</BRNN>
    <COAC>65,000000</COAC>
    <CORS>65,000000</CORS>
    <FOGN>65,000000</FOGN>
    <FRAN>49,600000</FRAN>
    <GREC>65,000000</GREC>
    <MFTV>49,600000</MFTV>
    <PRGP>65,000000</PRGP>
    <ROSN>65,000000</ROSN>
    <SLOV>49,600000</SLOV>
    <SVIZ>49,600000</SVIZ>
    <BSP>49,600000</BSP>
    <MALT>65,000000</MALT>
    <XAUS>49,600000</XAUS>
    <XFRA>49,600000</XFRA>
  </Prezzi>
  <Prezzi>
    <Data>20150826</Data>
    <Mercato>MGP</Mercato>
    <Ora>23</Ora>
    <PUN>49,497750</PUN>
    <NAT>51,990000</NAT>
    <CNOR>51,300000</CNOR>
    <CSUD>51,300000</CSUD>
    <NORD>46,630000</NORD>
    <SARD>51,300000</SARD>
    <SICI>60,650000</SICI>
    <SUD>51,300000</SUD>
    <AUST>46,630000</AUST>
    <BRNN>51,300000</BRNN>
    <COAC>51,300000</COAC>
    <CORS>51,300000</CORS>
    <FOGN>51,300000</FOGN>
    <FRAN>46,630000</FRAN>
    <GREC>51,300000</GREC>
    <MFTV>46,630000</MFTV>
    <PRGP>60,650000</PRGP>
    <ROSN>51,300000</ROSN>
    <SLOV>46,630000</SLOV>
    <SVIZ>46,630000</SVIZ>
    <BSP>46,630000</BSP>
    <MALT>60,650000</MALT>
    <XAUS>46,630000</XAUS>
    <XFRA>46,630000</XFRA>
  </Prezzi>
  <Prezzi>
    <Data>20150826</Data>
    <Mercato>MGP</Mercato>
    <Ora>24</Ora>
    <PUN>48,316300</PUN>
    <NAT>49,070000</NAT>
    <CNOR>47,620000</CNOR>
    <CSUD>47,620000</CSUD>
    <NORD>47,620000</NORD>
    <SARD>47,620000</SARD>
    <SICI>58,970000</SICI>
    <SUD>47,620000</SUD>
    <AUST>47,620000</AUST>
    <BRNN>47,620000</BRNN>
    <COAC>47,620000</COAC>
    <CORS>47,620000</CORS>
    <FOGN>47,620000</FOGN>
    <FRAN>47,620000</FRAN>
    <GREC>47,620000</GREC>
    <MFTV>47,620000</MFTV>
    <PRGP>58,970000</PRGP>
    <ROSN>47,620000</ROSN>
    <SLOV>47,620000</SLOV>
    <SVIZ>47,620000</SVIZ>
    <BSP>47,620000</BSP>
    <MALT>58,970000</MALT>
    <XAUS>47,620000</XAUS>
    <XFRA>47,620000</XFRA>
  </Prezzi>
</NewDataSet>