<?xml version="1.0" standalone="yes"?>
<NewDataSet>
  <xs:schema id="NewDataSet" xmlns="" xmlns:xs="http://www.w3.org/2001/XMLSchema" xmlns:msdata="urn:schemas-microsoft-com:xml-msdata">
    <xs:element name="NewDataSet" msdata:IsDataSet="true" msdata:UseCurrentLocale="true">
      <xs:complexType>
        <xs:choice minOccurs="0" maxOccurs="unbounded">
          <xs:element name="Prezzi">
            <xs:complexType>
              <xs:sequence>
                <xs:element name="Data" type="xs:string" minOccurs="0" />
                <xs:element name="Mercato" type="xs:string" minOccurs="0" />
                <xs:element name="Ora" type="xs:string" minOccurs="0" />
                <xs:element name="PUN" type="xs:string" minOccurs="0" />
                <xs:element name="NAT" type="xs:string" minOccurs="0" />
                <xs:element name="CNOR" type="xs:string" minOccurs="0" />
                <xs:element name="CSUD" type="xs:string" minOccurs="0" />
                <xs:element name="NORD" type="xs:string" minOccurs="0" />
                <xs:element name="SARD" type="xs:string" minOccurs="0" />
                <xs:element name="SICI" type="xs:string" minOccurs="0" />
                <xs:element name="SUD" type="xs:string" minOccurs="0" />
                <xs:element name="AUST" type="xs:string" minOccurs="0" />
                <xs:element name="BRNN" type="xs:string" minOccurs="0" />
                <xs:element name="COAC" type="xs:string" minOccurs="0" />
                <xs:element name="CORS" type="xs:string" minOccurs="0" />
                <xs:element name="FOGN" type="xs:string" minOccurs="0" />
                <xs:element name="FRAN" type="xs:string" minOccurs="0" />
                <xs:element name="GREC" type="xs:string" minOccurs="0" />
                <xs:element name="MFTV" type="xs:string" minOccurs="0" />
                <xs:element name="PRGP" type="xs:string" minOccurs="0" />
                <xs:element name="ROSN" type="xs:string" minOccurs="0" />
                <xs:element name="SLOV" type="xs:string" minOccurs="0" />
                <xs:element name="SVIZ" type="xs:string" minOccurs="0" />
                <xs:element name="BSP" type="xs:string" minOccurs="0" />
                <xs:element name="MALT" type="xs:string" minOccurs="0" />
                <xs:element name="XAUS" type="xs:string" minOccurs="0" />
                <xs:element name="XFRA" type="xs:string" minOccurs="0" />
              </xs:sequence>
            </xs:complexType>
          </xs:element>
        </xs:choice>
      </xs:complexType>
    </xs:element>
  </xs:schema>
  <Prezzi>
    <Data>20150827</Data>
    <Mercato>MGP</Mercato>
    <Ora>1</Ora>
    <PUN>44,159430</PUN>
    <NAT>43,790000</NAT>
    <CNOR>43,220000</CNOR>
    <CSUD>43,220000</CSUD>
    <NORD>43,220000</NORD>
    <SARD>43,220000</SARD>
    <SICI>58,970000</SICI>
    <SUD>43,220000</SUD>
    <AUST>43,220000</AUST>
    <BRNN>43,220000</BRNN>
    <COAC>43,220000</COAC>
    <CORS>43,220000</CORS>
    <FOGN>43,220000</FOGN>
    <FRAN>43,220000</FRAN>
    <GREC>43,220000</GREC>
    <MFTV>43,220000</MFTV>
    <PRGP>58,970000</PRGP>
    <ROSN>43,220000</ROSN>
    <SLOV>43,220000</SLOV>
    <SVIZ>43,220000</SVIZ>
    <BSP>43,220000</BSP>
    <MALT>58,970000</MALT>
    <XAUS>43,220000</XAUS>
    <XFRA>43,220000</XFRA>
  </Prezzi>
  <Prezzi>
    <Data>20150827</Data>
    <Mercato>MGP</Mercato>
    <Ora>2</Ora>
    <PUN>42,744970</PUN>
    <NAT>43,470000</NAT>
    <CNOR>41,780000</CNOR>
    <CSUD>41,780000</CSUD>
    <NORD>41,780000</NORD>
    <SARD>41,780000</SARD>
    <SICI>58,970000</SICI>
    <SUD>41,780000</SUD>
    <AUST>41,780000</AUST>
    <BRNN>41,780000</BRNN>
    <COAC>41,780000</COAC>
    <CORS>41,780000</CORS>
    <FOGN>41,780000</FOGN>
    <FRAN>41,780000</FRAN>
    <GREC>41,780000</GREC>
    <MFTV>41,780000</MFTV>
    <PRGP>58,970000</PRGP>
    <ROSN>41,780000</ROSN>
    <SLOV>41,780000</SLOV>
    <SVIZ>41,780000</SVIZ>
    <BSP>41,780000</BSP>
    <MALT>58,970000</MALT>
    <XAUS>41,780000</XAUS>
    <XFRA>41,780000</XFRA>
  </Prezzi>
  <Prezzi>
    <Data>20150827</Data>
    <Mercato>MGP</Mercato>
    <Ora>3</Ora>
    <PUN>43,320000</PUN>
    <NAT>43,140000</NAT>
    <CNOR>44,071980</CNOR>
    <CSUD>44,071980</CSUD>
    <NORD>40,990000</NORD>
    <SARD>44,071980</SARD>
    <SICI>58,760000</SICI>
    <SUD>44,071980</SUD>
    <AUST>40,990000</AUST>
    <BRNN>44,071980</BRNN>
    <COAC>44,071980</COAC>
    <CORS>44,071980</CORS>
    <FOGN>44,071980</FOGN>
    <FRAN>40,990000</FRAN>
    <GREC>44,071980</GREC>
    <MFTV>40,990000</MFTV>
    <PRGP>58,760000</PRGP>
    <ROSN>44,071980</ROSN>
    <SLOV>40,990000</SLOV>
    <SVIZ>40,990000</SVIZ>
    <BSP>40,990000</BSP>
    <MALT>58,760000</MALT>
    <XAUS>40,990000</XAUS>
    <XFRA>40,990000</XFRA>
  </Prezzi>
  <Prezzi>
    <Data>20150827</Data>
    <Mercato>MGP</Mercato>
    <Ora>4</Ora>
    <PUN>39,587380</PUN>
    <NAT>39,240000</NAT>
    <CNOR>38,490000</CNOR>
    <CSUD>38,490000</CSUD>
    <NORD>38,490000</NORD>
    <SARD>38,490000</SARD>
    <SICI>58,760000</SICI>
    <SUD>38,490000</SUD>
    <AUST>38,490000</AUST>
    <BRNN>38,490000</BRNN>
    <COAC>38,490000</COAC>
    <CORS>38,490000</CORS>
    <FOGN>38,490000</FOGN>
    <FRAN>38,490000</FRAN>
    <GREC>38,490000</GREC>
    <MFTV>38,490000</MFTV>
    <PRGP>58,760000</PRGP>
    <ROSN>38,490000</ROSN>
    <SLOV>38,490000</SLOV>
    <SVIZ>38,490000</SVIZ>
    <BSP>38,490000</BSP>
    <MALT>58,760000</MALT>
    <XAUS>38,490000</XAUS>
    <XFRA>38,490000</XFRA>
  </Prezzi>
  <Prezzi>
    <Data>20150827</Data>
    <Mercato>MGP</Mercato>
    <Ora>5</Ora>
    <PUN>39,572490</PUN>
    <NAT>39,240000</NAT>
    <CNOR>38,490000</CNOR>
    <CSUD>38,490000</CSUD>
    <NORD>38,490000</NORD>
    <SARD>38,490000</SARD>
    <SICI>58,760000</SICI>
    <SUD>38,490000</SUD>
    <AUST>38,490000</AUST>
    <BRNN>38,490000</BRNN>
    <COAC>38,490000</COAC>
    <CORS>38,490000</CORS>
    <FOGN>38,490000</FOGN>
    <FRAN>38,490000</FRAN>
    <GREC>38,490000</GREC>
    <MFTV>38,490000</MFTV>
    <PRGP>58,760000</PRGP>
    <ROSN>38,490000</ROSN>
    <SLOV>38,490000</SLOV>
    <SVIZ>38,490000</SVIZ>
    <BSP>38,490000</BSP>
    <MALT>58,760000</MALT>
    <XAUS>38,490000</XAUS>
    <XFRA>38,490000</XFRA>
  </Prezzi>
  <Prezzi>
    <Data>20150827</Data>
    <Mercato>MGP</Mercato>
    <Ora>6</Ora>
    <PUN>41,912540</PUN>
    <NAT>42,530000</NAT>
    <CNOR>41,000000</CNOR>
    <CSUD>41,000000</CSUD>
    <NORD>41,000000</NORD>
    <SARD>41,000000</SARD>
    <SICI>58,760000</SICI>
    <SUD>41,000000</SUD>
    <AUST>41,000000</AUST>
    <BRNN>41,000000</BRNN>
    <COAC>41,000000</COAC>
    <CORS>41,000000</CORS>
    <FOGN>41,000000</FOGN>
    <FRAN>41,000000</FRAN>
    <GREC>41,000000</GREC>
    <MFTV>41,000000</MFTV>
    <PRGP>58,760000</PRGP>
    <ROSN>41,000000</ROSN>
    <SLOV>41,000000</SLOV>
    <SVIZ>41,000000</SVIZ>
    <BSP>41,000000</BSP>
    <MALT>58,760000</MALT>
    <XAUS>41,000000</XAUS>
    <XFRA>41,000000</XFRA>
  </Prezzi>
  <Prezzi>
    <Data>20150827</Data>
    <Mercato>MGP</Mercato>
    <Ora>7</Ora>
    <PUN>47,256220</PUN>
    <NAT>48,170000</NAT>
    <CNOR>48,170000</CNOR>
    <CSUD>48,170000</CSUD>
    <NORD>45,430000</NORD>
    <SARD>48,170000</SARD>
    <SICI>58,760000</SICI>
    <SUD>48,170000</SUD>
    <AUST>45,430000</AUST>
    <BRNN>48,170000</BRNN>
    <COAC>48,170000</COAC>
    <CORS>48,170000</CORS>
    <FOGN>48,170000</FOGN>
    <FRAN>45,430000</FRAN>
    <GREC>48,170000</GREC>
    <MFTV>45,430000</MFTV>
    <PRGP>58,760000</PRGP>
    <ROSN>48,170000</ROSN>
    <SLOV>45,430000</SLOV>
    <SVIZ>45,430000</SVIZ>
    <BSP>45,430000</BSP>
    <MALT>58,760000</MALT>
    <XAUS>45,430000</XAUS>
    <XFRA>45,430000</XFRA>
  </Prezzi>
  <Prezzi>
    <Data>20150827</Data>
    <Mercato>MGP</Mercato>
    <Ora>8</Ora>
    <PUN>50,849390</PUN>
    <NAT>52,000000</NAT>
    <CNOR>50,290000</CNOR>
    <CSUD>50,290000</CSUD>
    <NORD>50,290000</NORD>
    <SARD>50,290000</SARD>
    <SICI>60,650000</SICI>
    <SUD>50,290000</SUD>
    <AUST>50,290000</AUST>
    <BRNN>50,290000</BRNN>
    <COAC>50,290000</COAC>
    <CORS>50,290000</CORS>
    <FOGN>50,290000</FOGN>
    <FRAN>50,290000</FRAN>
    <GREC>50,290000</GREC>
    <MFTV>50,290000</MFTV>
    <PRGP>60,650000</PRGP>
    <ROSN>50,290000</ROSN>
    <SLOV>50,290000</SLOV>
    <SVIZ>50,290000</SVIZ>
    <BSP>50,290000</BSP>
    <MALT>60,650000</MALT>
    <XAUS>50,290000</XAUS>
    <XFRA>50,290000</XFRA>
  </Prezzi>
  <Prezzi>
    <Data>20150827</Data>
    <Mercato>MGP</Mercato>
    <Ora>9</Ora>
    <PUN>56,182590</PUN>
    <NAT>57,880000</NAT>
    <CNOR>55,930000</CNOR>
    <CSUD>55,930000</CSUD>
    <NORD>55,930000</NORD>
    <SARD>55,930000</SARD>
    <SICI>60,650000</SICI>
    <SUD>55,930000</SUD>
    <AUST>55,930000</AUST>
    <BRNN>55,930000</BRNN>
    <COAC>55,930000</COAC>
    <CORS>55,930000</CORS>
    <FOGN>55,930000</FOGN>
    <FRAN>55,930000</FRAN>
    <GREC>55,930000</GREC>
    <MFTV>55,930000</MFTV>
    <PRGP>60,650000</PRGP>
    <ROSN>55,930000</ROSN>
    <SLOV>55,930000</SLOV>
    <SVIZ>55,930000</SVIZ>
    <BSP>55,930000</BSP>
    <MALT>60,650000</MALT>
    <XAUS>55,930000</XAUS>
    <XFRA>55,930000</XFRA>
  </Prezzi>
  <Prezzi>
    <Data>20150827</Data>
    <Mercato>MGP</Mercato>
    <Ora>10</Ora>
    <PUN>55,860700</PUN>
    <NAT>56,160000</NAT>
    <CNOR>55,580000</CNOR>
    <CSUD>55,580000</CSUD>
    <NORD>55,580000</NORD>
    <SARD>55,580000</SARD>
    <SICI>60,650000</SICI>
    <SUD>55,580000</SUD>
    <AUST>55,580000</AUST>
    <BRNN>55,580000</BRNN>
    <COAC>55,580000</COAC>
    <CORS>55,580000</CORS>
    <FOGN>55,580000</FOGN>
    <FRAN>55,580000</FRAN>
    <GREC>55,580000</GREC>
    <MFTV>55,580000</MFTV>
    <PRGP>60,650000</PRGP>
    <ROSN>55,580000</ROSN>
    <SLOV>55,580000</SLOV>
    <SVIZ>55,580000</SVIZ>
    <BSP>55,580000</BSP>
    <MALT>60,650000</MALT>
    <XAUS>55,580000</XAUS>
    <XFRA>55,580000</XFRA>
  </Prezzi>
  <Prezzi>
    <Data>20150827</Data>
    <Mercato>MGP</Mercato>
    <Ora>11</Ora>
    <PUN>50,409380</PUN>
    <NAT>52,900000</NAT>
    <CNOR>49,920000</CNOR>
    <CSUD>49,920000</CSUD>
    <NORD>49,920000</NORD>
    <SARD>49,920000</SARD>
    <SICI>58,970000</SICI>
    <SUD>49,920000</SUD>
    <AUST>49,920000</AUST>
    <BRNN>49,920000</BRNN>
    <COAC>49,920000</COAC>
    <CORS>49,920000</CORS>
    <FOGN>49,920000</FOGN>
    <FRAN>49,920000</FRAN>
    <GREC>49,920000</GREC>
    <MFTV>49,920000</MFTV>
    <PRGP>58,970000</PRGP>
    <ROSN>49,920000</ROSN>
    <SLOV>49,920000</SLOV>
    <SVIZ>49,920000</SVIZ>
    <BSP>49,920000</BSP>
    <MALT>58,970000</MALT>
    <XAUS>49,920000</XAUS>
    <XFRA>49,920000</XFRA>
  </Prezzi>
  <Prezzi>
    <Data>20150827</Data>
    <Mercato>MGP</Mercato>
    <Ora>12</Ora>
    <PUN>46,700430</PUN>
    <NAT>46,630000</NAT>
    <CNOR>46,070000</CNOR>
    <CSUD>46,070000</CSUD>
    <NORD>46,070000</NORD>
    <SARD>46,070000</SARD>
    <SICI>58,760000</SICI>
    <SUD>46,070000</SUD>
    <AUST>46,070000</AUST>
    <BRNN>46,070000</BRNN>
    <COAC>46,070000</COAC>
    <CORS>46,070000</CORS>
    <FOGN>46,070000</FOGN>
    <FRAN>46,070000</FRAN>
    <GREC>46,070000</GREC>
    <MFTV>46,070000</MFTV>
    <PRGP>58,760000</PRGP>
    <ROSN>46,070000</ROSN>
    <SLOV>46,070000</SLOV>
    <SVIZ>46,070000</SVIZ>
    <BSP>46,070000</BSP>
    <MALT>58,760000</MALT>
    <XAUS>46,070000</XAUS>
    <XFRA>46,070000</XFRA>
  </Prezzi>
  <Prezzi>
    <Data>20150827</Data>
    <Mercato>MGP</Mercato>
    <Ora>13</Ora>
    <PUN>44,304120</PUN>
    <NAT>43,500000</NAT>
    <CNOR>43,500000</CNOR>
    <CSUD>43,500000</CSUD>
    <NORD>43,500000</NORD>
    <SARD>43,500000</SARD>
    <SICI>58,760000</SICI>
    <SUD>43,500000</SUD>
    <AUST>43,500000</AUST>
    <BRNN>43,500000</BRNN>
    <COAC>43,500000</COAC>
    <CORS>43,500000</CORS>
    <FOGN>43,500000</FOGN>
    <FRAN>43,500000</FRAN>
    <GREC>43,500000</GREC>
    <MFTV>43,500000</MFTV>
    <PRGP>58,760000</PRGP>
    <ROSN>43,500000</ROSN>
    <SLOV>43,500000</SLOV>
    <SVIZ>43,500000</SVIZ>
    <BSP>43,500000</BSP>
    <MALT>58,760000</MALT>
    <XAUS>43,500000</XAUS>
    <XFRA>43,500000</XFRA>
  </Prezzi>
  <Prezzi>
    <Data>20150827</Data>
    <Mercato>MGP</Mercato>
    <Ora>14</Ora>
    <PUN>43,858970</PUN>
    <NAT>43,140000</NAT>
    <CNOR>43,080000</CNOR>
    <CSUD>43,080000</CSUD>
    <NORD>43,080000</NORD>
    <SARD>43,080000</SARD>
    <SICI>58,000000</SICI>
    <SUD>43,080000</SUD>
    <AUST>43,080000</AUST>
    <BRNN>43,080000</BRNN>
    <COAC>43,080000</COAC>
    <CORS>43,080000</CORS>
    <FOGN>43,080000</FOGN>
    <FRAN>43,080000</FRAN>
    <GREC>43,080000</GREC>
    <MFTV>43,080000</MFTV>
    <PRGP>58,000000</PRGP>
    <ROSN>43,080000</ROSN>
    <SLOV>43,080000</SLOV>
    <SVIZ>43,080000</SVIZ>
    <BSP>43,080000</BSP>
    <MALT>58,000000</MALT>
    <XAUS>43,080000</XAUS>
    <XFRA>43,080000</XFRA>
  </Prezzi>
  <Prezzi>
    <Data>20150827</Data>
    <Mercato>MGP</Mercato>
    <Ora>15</Ora>
    <PUN>47,111790</PUN>
    <NAT>46,890000</NAT>
    <CNOR>46,500000</CNOR>
    <CSUD>46,500000</CSUD>
    <NORD>46,500000</NORD>
    <SARD>46,500000</SARD>
    <SICI>58,760000</SICI>
    <SUD>46,500000</SUD>
    <AUST>46,500000</AUST>
    <BRNN>46,500000</BRNN>
    <COAC>46,500000</COAC>
    <CORS>46,500000</CORS>
    <FOGN>46,500000</FOGN>
    <FRAN>46,500000</FRAN>
    <GREC>46,500000</GREC>
    <MFTV>46,500000</MFTV>
    <PRGP>58,760000</PRGP>
    <ROSN>46,500000</ROSN>
    <SLOV>46,500000</SLOV>
    <SVIZ>46,500000</SVIZ>
    <BSP>46,500000</BSP>
    <MALT>58,760000</MALT>
    <XAUS>46,500000</XAUS>
    <XFRA>46,500000</XFRA>
  </Prezzi>
  <Prezzi>
    <Data>20150827</Data>
    <Mercato>MGP</Mercato>
    <Ora>16</Ora>
    <PUN>50,046420</PUN>
    <NAT>50,250000</NAT>
    <CNOR>49,590000</CNOR>
    <CSUD>49,590000</CSUD>
    <NORD>49,590000</NORD>
    <SARD>49,590000</SARD>
    <SICI>58,760000</SICI>
    <SUD>49,590000</SUD>
    <AUST>49,590000</AUST>
    <BRNN>49,590000</BRNN>
    <COAC>49,590000</COAC>
    <CORS>49,590000</CORS>
    <FOGN>49,590000</FOGN>
    <FRAN>49,590000</FRAN>
    <GREC>49,590000</GREC>
    <MFTV>49,590000</MFTV>
    <PRGP>58,760000</PRGP>
    <ROSN>49,590000</ROSN>
    <SLOV>49,590000</SLOV>
    <SVIZ>49,590000</SVIZ>
    <BSP>49,590000</BSP>
    <MALT>58,760000</MALT>
    <XAUS>49,590000</XAUS>
    <XFRA>49,590000</XFRA>
  </Prezzi>
  <Prezzi>
    <Data>20150827</Data>
    <Mercato>MGP</Mercato>
    <Ora>17</Ora>
    <PUN>48,310000</PUN>
    <NAT>48,180000</NAT>
    <CNOR>47,732490</CNOR>
    <CSUD>47,732490</CSUD>
    <NORD>47,732490</NORD>
    <SARD>47,732490</SARD>
    <SICI>58,760000</SICI>
    <SUD>47,732490</SUD>
    <AUST>47,732490</AUST>
    <BRNN>47,732490</BRNN>
    <COAC>47,732490</COAC>
    <CORS>47,732490</CORS>
    <FOGN>47,732490</FOGN>
    <FRAN>47,732490</FRAN>
    <GREC>47,732490</GREC>
    <MFTV>47,732490</MFTV>
    <PRGP>58,760000</PRGP>
    <ROSN>47,732490</ROSN>
    <SLOV>47,732490</SLOV>
    <SVIZ>47,732490</SVIZ>
    <BSP>47,732490</BSP>
    <MALT>58,760000</MALT>
    <XAUS>47,732490</XAUS>
    <XFRA>47,732490</XFRA>
  </Prezzi>
  <Prezzi>
    <Data>20150827</Data>
    <Mercato>MGP</Mercato>
    <Ora>18</Ora>
    <PUN>49,673970</PUN>
    <NAT>52,000000</NAT>
    <CNOR>53,000000</CNOR>
    <CSUD>53,000000</CSUD>
    <NORD>45,700000</NORD>
    <SARD>53,000000</SARD>
    <SICI>60,400000</SICI>
    <SUD>53,000000</SUD>
    <AUST>45,700000</AUST>
    <BRNN>53,000000</BRNN>
    <COAC>53,000000</COAC>
    <CORS>53,000000</CORS>
    <FOGN>53,000000</FOGN>
    <FRAN>45,700000</FRAN>
    <GREC>53,000000</GREC>
    <MFTV>45,700000</MFTV>
    <PRGP>60,400000</PRGP>
    <ROSN>53,000000</ROSN>
    <SLOV>45,700000</SLOV>
    <SVIZ>45,700000</SVIZ>
    <BSP>45,700000</BSP>
    <MALT>60,400000</MALT>
    <XAUS>45,700000</XAUS>
    <XFRA>45,700000</XFRA>
  </Prezzi>
  <Prezzi>
    <Data>20150827</Data>
    <Mercato>MGP</Mercato>
    <Ora>19</Ora>
    <PUN>50,780260</PUN>
    <NAT>54,990000</NAT>
    <CNOR>56,000000</CNOR>
    <CSUD>56,000000</CSUD>
    <NORD>45,150000</NORD>
    <SARD>56,000000</SARD>
    <SICI>60,650000</SICI>
    <SUD>56,000000</SUD>
    <AUST>45,150000</AUST>
    <BRNN>56,000000</BRNN>
    <COAC>56,000000</COAC>
    <CORS>56,000000</CORS>
    <FOGN>56,000000</FOGN>
    <FRAN>45,150000</FRAN>
    <GREC>56,000000</GREC>
    <MFTV>45,150000</MFTV>
    <PRGP>60,650000</PRGP>
    <ROSN>56,000000</ROSN>
    <SLOV>45,150000</SLOV>
    <SVIZ>45,150000</SVIZ>
    <BSP>45,150000</BSP>
    <MALT>60,650000</MALT>
    <XAUS>45,150000</XAUS>
    <XFRA>45,150000</XFRA>
  </Prezzi>
  <Prezzi>
    <Data>20150827</Data>
    <Mercato>MGP</Mercato>
    <Ora>20</Ora>
    <PUN>54,034950</PUN>
    <NAT>56,680000</NAT>
    <CNOR>61,650000</CNOR>
    <CSUD>61,650000</CSUD>
    <NORD>45,600000</NORD>
    <SARD>61,650000</SARD>
    <SICI>67,100000</SICI>
    <SUD>61,650000</SUD>
    <AUST>45,600000</AUST>
    <BRNN>61,650000</BRNN>
    <COAC>61,650000</COAC>
    <CORS>61,650000</CORS>
    <FOGN>61,650000</FOGN>
    <FRAN>45,600000</FRAN>
    <GREC>61,650000</GREC>
    <MFTV>45,600000</MFTV>
    <PRGP>67,100000</PRGP>
    <ROSN>61,650000</ROSN>
    <SLOV>45,600000</SLOV>
    <SVIZ>45,600000</SVIZ>
    <BSP>45,600000</BSP>
    <MALT>67,100000</MALT>
    <XAUS>45,600000</XAUS>
    <XFRA>45,600000</XFRA>
  </Prezzi>
  <Prezzi>
    <Data>20150827</Data>
    <Mercato>MGP</Mercato>
    <Ora>21</Ora>
    <PUN>71,323960</PUN>
    <NAT>61,590000</NAT>
    <CNOR>89,990000</CNOR>
    <CSUD>89,990000</CSUD>
    <NORD>51,980000</NORD>
    <SARD>89,990000</SARD>
    <SICI>89,990000</SICI>
    <SUD>89,990000</SUD>
    <AUST>51,980000</AUST>
    <BRNN>89,990000</BRNN>
    <COAC>89,990000</COAC>
    <CORS>89,990000</CORS>
    <FOGN>89,990000</FOGN>
    <FRAN>51,980000</FRAN>
    <GREC>89,990000</GREC>
    <MFTV>51,980000</MFTV>
    <PRGP>89,990000</PRGP>
    <ROSN>89,990000</ROSN>
    <SLOV>51,980000</SLOV>
    <SVIZ>51,980000</SVIZ>
    <BSP>51,980000</BSP>
    <MALT>89,990000</MALT>
    <XAUS>51,980000</XAUS>
    <XFRA>51,980000</XFRA>
  </Prezzi>
  <Prezzi>
    <Data>20150827</Data>
    <Mercato>MGP</Mercato>
    <Ora>22</Ora>
    <PUN>56,402900</PUN>
    <NAT>57,770000</NAT>
    <CNOR>65,000000</CNOR>
    <CSUD>65,000000</CSUD>
    <NORD>46,020000</NORD>
    <SARD>65,000000</SARD>
    <SICI>75,490000</SICI>
    <SUD>65,000000</SUD>
    <AUST>46,020000</AUST>
    <BRNN>65,000000</BRNN>
    <COAC>65,000000</COAC>
    <CORS>65,000000</CORS>
    <FOGN>65,000000</FOGN>
    <FRAN>46,020000</FRAN>
    <GREC>65,000000</GREC>
    <MFTV>46,020000</MFTV>
    <PRGP>75,490000</PRGP>
    <ROSN>65,000000</ROSN>
    <SLOV>46,020000</SLOV>
    <SVIZ>46,020000</SVIZ>
    <BSP>46,020000</BSP>
    <MALT>75,490000</MALT>
    <XAUS>46,020000</XAUS>
    <XFRA>46,020000</XFRA>
  </Prezzi>
  <Prezzi>
    <Data>20150827</Data>
    <Mercato>MGP</Mercato>
    <Ora>23</Ora>
    <PUN>51,314890</PUN>
    <NAT>55,110000</NAT>
    <CNOR>55,990000</CNOR>
    <CSUD>55,990000</CSUD>
    <NORD>45,920000</NORD>
    <SARD>55,990000</SARD>
    <SICI>60,650000</SICI>
    <SUD>55,990000</SUD>
    <AUST>45,920000</AUST>
    <BRNN>55,990000</BRNN>
    <COAC>55,990000</COAC>
    <CORS>55,990000</CORS>
    <FOGN>55,990000</FOGN>
    <FRAN>45,920000</FRAN>
    <GREC>55,990000</GREC>
    <MFTV>45,920000</MFTV>
    <PRGP>60,650000</PRGP>
    <ROSN>55,990000</ROSN>
    <SLOV>45,920000</SLOV>
    <SVIZ>45,920000</SVIZ>
    <BSP>45,920000</BSP>
    <MALT>60,650000</MALT>
    <XAUS>45,920000</XAUS>
    <XFRA>45,920000</XFRA>
  </Prezzi>
  <Prezzi>
    <Data>20150827</Data>
    <Mercato>MGP</Mercato>
    <Ora>24</Ora>
    <PUN>50,339200</PUN>
    <NAT>51,150000</NAT>
    <CNOR>55,990000</CNOR>
    <CSUD>55,990000</CSUD>
    <NORD>44,000000</NORD>
    <SARD>55,990000</SARD>
    <SICI>58,970000</SICI>
    <SUD>55,990000</SUD>
    <AUST>44,000000</AUST>
    <BRNN>55,990000</BRNN>
    <COAC>55,990000</COAC>
    <CORS>55,990000</CORS>
    <FOGN>55,990000</FOGN>
    <FRAN>44,000000</FRAN>
    <GREC>55,990000</GREC>
    <MFTV>44,000000</MFTV>
    <PRGP>58,970000</PRGP>
    <ROSN>55,990000</ROSN>
    <SLOV>44,000000</SLOV>
    <SVIZ>44,000000</SVIZ>
    <BSP>44,000000</BSP>
    <MALT>58,970000</MALT>
    <XAUS>44,000000</XAUS>
    <XFRA>44,000000</XFRA>
  </Prezzi>
</NewDataSet>