<?xml version="1.0" standalone="yes"?>
<NewDataSet>
  <xs:schema id="NewDataSet" xmlns="" xmlns:xs="http://www.w3.org/2001/XMLSchema" xmlns:msdata="urn:schemas-microsoft-com:xml-msdata">
    <xs:element name="NewDataSet" msdata:IsDataSet="true" msdata:UseCurrentLocale="true">
      <xs:complexType>
        <xs:choice minOccurs="0" maxOccurs="unbounded">
          <xs:element name="Prezzi">
            <xs:complexType>
              <xs:sequence>
                <xs:element name="Data" type="xs:string" minOccurs="0" />
                <xs:element name="Mercato" type="xs:string" minOccurs="0" />
                <xs:element name="Ora" type="xs:string" minOccurs="0" />
                <xs:element name="PUN" type="xs:string" minOccurs="0" />
                <xs:element name="NAT" type="xs:string" minOccurs="0" />
                <xs:element name="CNOR" type="xs:string" minOccurs="0" />
                <xs:element name="CSUD" type="xs:string" minOccurs="0" />
                <xs:element name="NORD" type="xs:string" minOccurs="0" />
                <xs:element name="SARD" type="xs:string" minOccurs="0" />
                <xs:element name="SICI" type="xs:string" minOccurs="0" />
                <xs:element name="SUD" type="xs:string" minOccurs="0" />
                <xs:element name="AUST" type="xs:string" minOccurs="0" />
                <xs:element name="BRNN" type="xs:string" minOccurs="0" />
                <xs:element name="COAC" type="xs:string" minOccurs="0" />
                <xs:element name="CORS" type="xs:string" minOccurs="0" />
                <xs:element name="FOGN" type="xs:string" minOccurs="0" />
                <xs:element name="FRAN" type="xs:string" minOccurs="0" />
                <xs:element name="GREC" type="xs:string" minOccurs="0" />
                <xs:element name="MFTV" type="xs:string" minOccurs="0" />
                <xs:element name="PRGP" type="xs:string" minOccurs="0" />
                <xs:element name="ROSN" type="xs:string" minOccurs="0" />
                <xs:element name="SLOV" type="xs:string" minOccurs="0" />
                <xs:element name="SVIZ" type="xs:string" minOccurs="0" />
                <xs:element name="BSP" type="xs:string" minOccurs="0" />
                <xs:element name="MALT" type="xs:string" minOccurs="0" />
                <xs:element name="XAUS" type="xs:string" minOccurs="0" />
                <xs:element name="XFRA" type="xs:string" minOccurs="0" />
              </xs:sequence>
            </xs:complexType>
          </xs:element>
        </xs:choice>
      </xs:complexType>
    </xs:element>
  </xs:schema>
  <Prezzi>
    <Data>20150821</Data>
    <Mercato>MGP</Mercato>
    <Ora>1</Ora>
    <PUN>47,381810</PUN>
    <NAT>48,170000</NAT>
    <CNOR>48,170000</CNOR>
    <CSUD>48,170000</CSUD>
    <NORD>45,000000</NORD>
    <SARD>48,170000</SARD>
    <SICI>58,970000</SICI>
    <SUD>48,170000</SUD>
    <AUST>45,000000</AUST>
    <BRNN>48,170000</BRNN>
    <COAC>48,170000</COAC>
    <CORS>48,170000</CORS>
    <FOGN>48,170000</FOGN>
    <FRAN>45,000000</FRAN>
    <GREC>48,170000</GREC>
    <MFTV>45,000000</MFTV>
    <PRGP>58,970000</PRGP>
    <ROSN>48,170000</ROSN>
    <SLOV>45,000000</SLOV>
    <SVIZ>45,000000</SVIZ>
    <BSP>45,000000</BSP>
    <MALT>58,970000</MALT>
    <XAUS>45,000000</XAUS>
    <XFRA>45,000000</XFRA>
  </Prezzi>
  <Prezzi>
    <Data>20150821</Data>
    <Mercato>MGP</Mercato>
    <Ora>2</Ora>
    <PUN>45,886740</PUN>
    <NAT>47,110000</NAT>
    <CNOR>51,000000</CNOR>
    <CSUD>51,000000</CSUD>
    <NORD>39,240000</NORD>
    <SARD>51,000000</SARD>
    <SICI>58,760000</SICI>
    <SUD>51,000000</SUD>
    <AUST>39,240000</AUST>
    <BRNN>51,000000</BRNN>
    <COAC>51,000000</COAC>
    <CORS>51,000000</CORS>
    <FOGN>51,000000</FOGN>
    <FRAN>39,240000</FRAN>
    <GREC>51,000000</GREC>
    <MFTV>39,240000</MFTV>
    <PRGP>58,760000</PRGP>
    <ROSN>51,000000</ROSN>
    <SLOV>39,240000</SLOV>
    <SVIZ>39,240000</SVIZ>
    <BSP>39,240000</BSP>
    <MALT>58,760000</MALT>
    <XAUS>39,240000</XAUS>
    <XFRA>39,240000</XFRA>
  </Prezzi>
  <Prezzi>
    <Data>20150821</Data>
    <Mercato>MGP</Mercato>
    <Ora>3</Ora>
    <PUN>42,181730</PUN>
    <NAT>42,990000</NAT>
    <CNOR>47,970000</CNOR>
    <CSUD>47,970000</CSUD>
    <NORD>34,550000</NORD>
    <SARD>47,970000</SARD>
    <SICI>58,760000</SICI>
    <SUD>47,970000</SUD>
    <AUST>34,550000</AUST>
    <BRNN>47,970000</BRNN>
    <COAC>47,970000</COAC>
    <CORS>47,970000</CORS>
    <FOGN>47,970000</FOGN>
    <FRAN>34,550000</FRAN>
    <GREC>47,970000</GREC>
    <MFTV>34,550000</MFTV>
    <PRGP>58,760000</PRGP>
    <ROSN>47,970000</ROSN>
    <SLOV>34,550000</SLOV>
    <SVIZ>34,550000</SVIZ>
    <BSP>34,550000</BSP>
    <MALT>58,760000</MALT>
    <XAUS>34,550000</XAUS>
    <XFRA>34,550000</XFRA>
  </Prezzi>
  <Prezzi>
    <Data>20150821</Data>
    <Mercato>MGP</Mercato>
    <Ora>4</Ora>
    <PUN>43,833980</PUN>
    <NAT>44,230000</NAT>
    <CNOR>46,230000</CNOR>
    <CSUD>47,110000</CSUD>
    <NORD>39,240000</NORD>
    <SARD>47,110000</SARD>
    <SICI>58,760000</SICI>
    <SUD>47,110000</SUD>
    <AUST>39,240000</AUST>
    <BRNN>47,110000</BRNN>
    <COAC>47,110000</COAC>
    <CORS>47,110000</CORS>
    <FOGN>47,110000</FOGN>
    <FRAN>39,240000</FRAN>
    <GREC>47,110000</GREC>
    <MFTV>39,240000</MFTV>
    <PRGP>58,760000</PRGP>
    <ROSN>47,110000</ROSN>
    <SLOV>39,240000</SLOV>
    <SVIZ>39,240000</SVIZ>
    <BSP>39,240000</BSP>
    <MALT>58,760000</MALT>
    <XAUS>39,240000</XAUS>
    <XFRA>39,240000</XFRA>
  </Prezzi>
  <Prezzi>
    <Data>20150821</Data>
    <Mercato>MGP</Mercato>
    <Ora>5</Ora>
    <PUN>43,675720</PUN>
    <NAT>44,330000</NAT>
    <CNOR>47,110000</CNOR>
    <CSUD>47,110000</CSUD>
    <NORD>38,790000</NORD>
    <SARD>47,110000</SARD>
    <SICI>58,760000</SICI>
    <SUD>47,110000</SUD>
    <AUST>38,790000</AUST>
    <BRNN>47,110000</BRNN>
    <COAC>47,110000</COAC>
    <CORS>47,110000</CORS>
    <FOGN>47,110000</FOGN>
    <FRAN>38,790000</FRAN>
    <GREC>47,110000</GREC>
    <MFTV>38,790000</MFTV>
    <PRGP>58,760000</PRGP>
    <ROSN>47,110000</ROSN>
    <SLOV>38,790000</SLOV>
    <SVIZ>38,790000</SVIZ>
    <BSP>38,790000</BSP>
    <MALT>58,760000</MALT>
    <XAUS>38,790000</XAUS>
    <XFRA>38,790000</XFRA>
  </Prezzi>
  <Prezzi>
    <Data>20150821</Data>
    <Mercato>MGP</Mercato>
    <Ora>6</Ora>
    <PUN>44,702410</PUN>
    <NAT>46,180000</NAT>
    <CNOR>48,000000</CNOR>
    <CSUD>48,000000</CSUD>
    <NORD>40,000000</NORD>
    <SARD>48,000000</SARD>
    <SICI>58,760000</SICI>
    <SUD>48,000000</SUD>
    <AUST>40,000000</AUST>
    <BRNN>48,000000</BRNN>
    <COAC>48,000000</COAC>
    <CORS>48,000000</CORS>
    <FOGN>48,000000</FOGN>
    <FRAN>40,000000</FRAN>
    <GREC>48,000000</GREC>
    <MFTV>40,000000</MFTV>
    <PRGP>58,760000</PRGP>
    <ROSN>48,000000</ROSN>
    <SLOV>40,000000</SLOV>
    <SVIZ>40,000000</SVIZ>
    <BSP>40,000000</BSP>
    <MALT>58,760000</MALT>
    <XAUS>40,000000</XAUS>
    <XFRA>40,000000</XFRA>
  </Prezzi>
  <Prezzi>
    <Data>20150821</Data>
    <Mercato>MGP</Mercato>
    <Ora>7</Ora>
    <PUN>46,260000</PUN>
    <NAT>46,260000</NAT>
    <CNOR>45,463950</CNOR>
    <CSUD>45,463950</CSUD>
    <NORD>45,463950</NORD>
    <SARD>45,463950</SARD>
    <SICI>58,760000</SICI>
    <SUD>45,463950</SUD>
    <AUST>45,463950</AUST>
    <BRNN>45,463950</BRNN>
    <COAC>45,463950</COAC>
    <CORS>45,463950</CORS>
    <FOGN>45,463950</FOGN>
    <FRAN>45,463950</FRAN>
    <GREC>45,463950</GREC>
    <MFTV>45,463950</MFTV>
    <PRGP>58,760000</PRGP>
    <ROSN>45,463950</ROSN>
    <SLOV>45,463950</SLOV>
    <SVIZ>45,463950</SVIZ>
    <BSP>45,463950</BSP>
    <MALT>58,760000</MALT>
    <XAUS>45,463950</XAUS>
    <XFRA>45,463950</XFRA>
  </Prezzi>
  <Prezzi>
    <Data>20150821</Data>
    <Mercato>MGP</Mercato>
    <Ora>8</Ora>
    <PUN>46,574100</PUN>
    <NAT>47,970000</NAT>
    <CNOR>46,590000</CNOR>
    <CSUD>46,590000</CSUD>
    <NORD>45,000000</NORD>
    <SARD>46,590000</SARD>
    <SICI>58,970000</SICI>
    <SUD>46,590000</SUD>
    <AUST>45,000000</AUST>
    <BRNN>46,590000</BRNN>
    <COAC>46,590000</COAC>
    <CORS>46,590000</CORS>
    <FOGN>46,590000</FOGN>
    <FRAN>45,000000</FRAN>
    <GREC>46,590000</GREC>
    <MFTV>45,000000</MFTV>
    <PRGP>58,970000</PRGP>
    <ROSN>46,590000</ROSN>
    <SLOV>45,000000</SLOV>
    <SVIZ>45,000000</SVIZ>
    <BSP>45,000000</BSP>
    <MALT>58,970000</MALT>
    <XAUS>45,000000</XAUS>
    <XFRA>45,000000</XFRA>
  </Prezzi>
  <Prezzi>
    <Data>20150821</Data>
    <Mercato>MGP</Mercato>
    <Ora>9</Ora>
    <PUN>46,714250</PUN>
    <NAT>47,970000</NAT>
    <CNOR>46,590000</CNOR>
    <CSUD>46,590000</CSUD>
    <NORD>45,000000</NORD>
    <SARD>46,590000</SARD>
    <SICI>60,650000</SICI>
    <SUD>46,590000</SUD>
    <AUST>45,000000</AUST>
    <BRNN>46,590000</BRNN>
    <COAC>46,590000</COAC>
    <CORS>46,590000</CORS>
    <FOGN>46,590000</FOGN>
    <FRAN>45,000000</FRAN>
    <GREC>46,590000</GREC>
    <MFTV>45,000000</MFTV>
    <PRGP>60,650000</PRGP>
    <ROSN>46,590000</ROSN>
    <SLOV>45,000000</SLOV>
    <SVIZ>45,000000</SVIZ>
    <BSP>45,000000</BSP>
    <MALT>60,650000</MALT>
    <XAUS>45,000000</XAUS>
    <XFRA>45,000000</XFRA>
  </Prezzi>
  <Prezzi>
    <Data>20150821</Data>
    <Mercato>MGP</Mercato>
    <Ora>10</Ora>
    <PUN>44,283940</PUN>
    <NAT>45,000000</NAT>
    <CNOR>44,690000</CNOR>
    <CSUD>44,690000</CSUD>
    <NORD>41,740000</NORD>
    <SARD>44,690000</SARD>
    <SICI>60,650000</SICI>
    <SUD>44,690000</SUD>
    <AUST>41,740000</AUST>
    <BRNN>44,690000</BRNN>
    <COAC>44,690000</COAC>
    <CORS>44,690000</CORS>
    <FOGN>44,690000</FOGN>
    <FRAN>41,740000</FRAN>
    <GREC>44,690000</GREC>
    <MFTV>41,740000</MFTV>
    <PRGP>60,650000</PRGP>
    <ROSN>44,690000</ROSN>
    <SLOV>41,740000</SLOV>
    <SVIZ>41,740000</SVIZ>
    <BSP>41,740000</BSP>
    <MALT>60,650000</MALT>
    <XAUS>41,740000</XAUS>
    <XFRA>41,740000</XFRA>
  </Prezzi>
  <Prezzi>
    <Data>20150821</Data>
    <Mercato>MGP</Mercato>
    <Ora>11</Ora>
    <PUN>44,457370</PUN>
    <NAT>44,690000</NAT>
    <CNOR>43,510000</CNOR>
    <CSUD>43,510000</CSUD>
    <NORD>43,510000</NORD>
    <SARD>43,510000</SARD>
    <SICI>58,760000</SICI>
    <SUD>43,510000</SUD>
    <AUST>43,510000</AUST>
    <BRNN>43,510000</BRNN>
    <COAC>43,510000</COAC>
    <CORS>43,510000</CORS>
    <FOGN>43,510000</FOGN>
    <FRAN>43,510000</FRAN>
    <GREC>43,510000</GREC>
    <MFTV>43,510000</MFTV>
    <PRGP>58,760000</PRGP>
    <ROSN>43,510000</ROSN>
    <SLOV>43,510000</SLOV>
    <SVIZ>43,510000</SVIZ>
    <BSP>43,510000</BSP>
    <MALT>58,760000</MALT>
    <XAUS>43,510000</XAUS>
    <XFRA>43,510000</XFRA>
  </Prezzi>
  <Prezzi>
    <Data>20150821</Data>
    <Mercato>MGP</Mercato>
    <Ora>12</Ora>
    <PUN>39,485270</PUN>
    <NAT>39,490000</NAT>
    <CNOR>38,200000</CNOR>
    <CSUD>38,200000</CSUD>
    <NORD>38,200000</NORD>
    <SARD>38,200000</SARD>
    <SICI>58,760000</SICI>
    <SUD>38,200000</SUD>
    <AUST>38,200000</AUST>
    <BRNN>38,200000</BRNN>
    <COAC>38,200000</COAC>
    <CORS>38,200000</CORS>
    <FOGN>38,200000</FOGN>
    <FRAN>38,200000</FRAN>
    <GREC>38,200000</GREC>
    <MFTV>38,200000</MFTV>
    <PRGP>58,760000</PRGP>
    <ROSN>38,200000</ROSN>
    <SLOV>38,200000</SLOV>
    <SVIZ>38,200000</SVIZ>
    <BSP>38,200000</BSP>
    <MALT>58,760000</MALT>
    <XAUS>38,200000</XAUS>
    <XFRA>38,200000</XFRA>
  </Prezzi>
  <Prezzi>
    <Data>20150821</Data>
    <Mercato>MGP</Mercato>
    <Ora>13</Ora>
    <PUN>39,330000</PUN>
    <NAT>39,930000</NAT>
    <CNOR>38,005010</CNOR>
    <CSUD>38,005010</CSUD>
    <NORD>38,005010</NORD>
    <SARD>38,005010</SARD>
    <SICI>58,760000</SICI>
    <SUD>38,005010</SUD>
    <AUST>38,005010</AUST>
    <BRNN>38,005010</BRNN>
    <COAC>38,005010</COAC>
    <CORS>38,005010</CORS>
    <FOGN>38,005010</FOGN>
    <FRAN>38,005010</FRAN>
    <GREC>38,005010</GREC>
    <MFTV>38,005010</MFTV>
    <PRGP>58,760000</PRGP>
    <ROSN>38,005010</ROSN>
    <SLOV>38,005010</SLOV>
    <SVIZ>38,005010</SVIZ>
    <BSP>38,005010</BSP>
    <MALT>58,760000</MALT>
    <XAUS>38,005010</XAUS>
    <XFRA>38,005010</XFRA>
  </Prezzi>
  <Prezzi>
    <Data>20150821</Data>
    <Mercato>MGP</Mercato>
    <Ora>14</Ora>
    <PUN>38,388680</PUN>
    <NAT>38,310000</NAT>
    <CNOR>37,010000</CNOR>
    <CSUD>37,010000</CSUD>
    <NORD>37,010000</NORD>
    <SARD>37,010000</SARD>
    <SICI>58,760000</SICI>
    <SUD>37,010000</SUD>
    <AUST>37,010000</AUST>
    <BRNN>37,010000</BRNN>
    <COAC>37,010000</COAC>
    <CORS>37,010000</CORS>
    <FOGN>37,010000</FOGN>
    <FRAN>37,010000</FRAN>
    <GREC>37,010000</GREC>
    <MFTV>37,010000</MFTV>
    <PRGP>58,760000</PRGP>
    <ROSN>37,010000</ROSN>
    <SLOV>37,010000</SLOV>
    <SVIZ>37,010000</SVIZ>
    <BSP>37,010000</BSP>
    <MALT>58,760000</MALT>
    <XAUS>37,010000</XAUS>
    <XFRA>37,010000</XFRA>
  </Prezzi>
  <Prezzi>
    <Data>20150821</Data>
    <Mercato>MGP</Mercato>
    <Ora>15</Ora>
    <PUN>37,486680</PUN>
    <NAT>38,000000</NAT>
    <CNOR>36,050000</CNOR>
    <CSUD>36,050000</CSUD>
    <NORD>36,050000</NORD>
    <SARD>36,050000</SARD>
    <SICI>58,760000</SICI>
    <SUD>36,050000</SUD>
    <AUST>36,050000</AUST>
    <BRNN>36,050000</BRNN>
    <COAC>36,050000</COAC>
    <CORS>36,050000</CORS>
    <FOGN>36,050000</FOGN>
    <FRAN>36,050000</FRAN>
    <GREC>36,050000</GREC>
    <MFTV>36,050000</MFTV>
    <PRGP>58,760000</PRGP>
    <ROSN>36,050000</ROSN>
    <SLOV>36,050000</SLOV>
    <SVIZ>36,050000</SVIZ>
    <BSP>36,050000</BSP>
    <MALT>58,760000</MALT>
    <XAUS>36,050000</XAUS>
    <XFRA>36,050000</XFRA>
  </Prezzi>
  <Prezzi>
    <Data>20150821</Data>
    <Mercato>MGP</Mercato>
    <Ora>16</Ora>
    <PUN>39,218960</PUN>
    <NAT>39,490000</NAT>
    <CNOR>37,900000</CNOR>
    <CSUD>37,900000</CSUD>
    <NORD>37,900000</NORD>
    <SARD>37,900000</SARD>
    <SICI>58,760000</SICI>
    <SUD>37,900000</SUD>
    <AUST>37,900000</AUST>
    <BRNN>37,900000</BRNN>
    <COAC>37,900000</COAC>
    <CORS>37,900000</CORS>
    <FOGN>37,900000</FOGN>
    <FRAN>37,900000</FRAN>
    <GREC>37,900000</GREC>
    <MFTV>37,900000</MFTV>
    <PRGP>58,760000</PRGP>
    <ROSN>37,900000</ROSN>
    <SLOV>37,900000</SLOV>
    <SVIZ>37,900000</SVIZ>
    <BSP>37,900000</BSP>
    <MALT>58,760000</MALT>
    <XAUS>37,900000</XAUS>
    <XFRA>37,900000</XFRA>
  </Prezzi>
  <Prezzi>
    <Data>20150821</Data>
    <Mercato>MGP</Mercato>
    <Ora>17</Ora>
    <PUN>41,215420</PUN>
    <NAT>41,710000</NAT>
    <CNOR>39,990000</CNOR>
    <CSUD>39,990000</CSUD>
    <NORD>39,990000</NORD>
    <SARD>39,990000</SARD>
    <SICI>58,760000</SICI>
    <SUD>39,990000</SUD>
    <AUST>39,990000</AUST>
    <BRNN>39,990000</BRNN>
    <COAC>39,990000</COAC>
    <CORS>39,990000</CORS>
    <FOGN>39,990000</FOGN>
    <FRAN>39,990000</FRAN>
    <GREC>39,990000</GREC>
    <MFTV>39,990000</MFTV>
    <PRGP>58,760000</PRGP>
    <ROSN>39,990000</ROSN>
    <SLOV>39,990000</SLOV>
    <SVIZ>39,990000</SVIZ>
    <BSP>39,990000</BSP>
    <MALT>58,760000</MALT>
    <XAUS>39,990000</XAUS>
    <XFRA>39,990000</XFRA>
  </Prezzi>
  <Prezzi>
    <Data>20150821</Data>
    <Mercato>MGP</Mercato>
    <Ora>18</Ora>
    <PUN>43,360250</PUN>
    <NAT>44,730000</NAT>
    <CNOR>44,660000</CNOR>
    <CSUD>44,660000</CSUD>
    <NORD>39,990000</NORD>
    <SARD>44,660000</SARD>
    <SICI>58,970000</SICI>
    <SUD>44,660000</SUD>
    <AUST>39,990000</AUST>
    <BRNN>44,660000</BRNN>
    <COAC>44,660000</COAC>
    <CORS>44,660000</CORS>
    <FOGN>44,660000</FOGN>
    <FRAN>39,990000</FRAN>
    <GREC>44,660000</GREC>
    <MFTV>39,990000</MFTV>
    <PRGP>58,970000</PRGP>
    <ROSN>44,660000</ROSN>
    <SLOV>39,990000</SLOV>
    <SVIZ>39,990000</SVIZ>
    <BSP>39,990000</BSP>
    <MALT>58,970000</MALT>
    <XAUS>39,990000</XAUS>
    <XFRA>39,990000</XFRA>
  </Prezzi>
  <Prezzi>
    <Data>20150821</Data>
    <Mercato>MGP</Mercato>
    <Ora>19</Ora>
    <PUN>47,732710</PUN>
    <NAT>51,020000</NAT>
    <CNOR>52,000000</CNOR>
    <CSUD>52,000000</CSUD>
    <NORD>42,000000</NORD>
    <SARD>52,000000</SARD>
    <SICI>60,650000</SICI>
    <SUD>52,000000</SUD>
    <AUST>42,000000</AUST>
    <BRNN>52,000000</BRNN>
    <COAC>52,000000</COAC>
    <CORS>52,000000</CORS>
    <FOGN>52,000000</FOGN>
    <FRAN>42,000000</FRAN>
    <GREC>52,000000</GREC>
    <MFTV>42,000000</MFTV>
    <PRGP>60,650000</PRGP>
    <ROSN>52,000000</ROSN>
    <SLOV>42,000000</SLOV>
    <SVIZ>42,000000</SVIZ>
    <BSP>42,000000</BSP>
    <MALT>60,650000</MALT>
    <XAUS>42,000000</XAUS>
    <XFRA>42,000000</XFRA>
  </Prezzi>
  <Prezzi>
    <Data>20150821</Data>
    <Mercato>MGP</Mercato>
    <Ora>20</Ora>
    <PUN>51,726690</PUN>
    <NAT>54,990000</NAT>
    <CNOR>58,230000</CNOR>
    <CSUD>58,230000</CSUD>
    <NORD>44,360000</NORD>
    <SARD>58,230000</SARD>
    <SICI>60,650000</SICI>
    <SUD>58,230000</SUD>
    <AUST>44,360000</AUST>
    <BRNN>58,230000</BRNN>
    <COAC>58,230000</COAC>
    <CORS>58,230000</CORS>
    <FOGN>58,230000</FOGN>
    <FRAN>44,360000</FRAN>
    <GREC>58,230000</GREC>
    <MFTV>44,360000</MFTV>
    <PRGP>60,650000</PRGP>
    <ROSN>58,230000</ROSN>
    <SLOV>44,360000</SLOV>
    <SVIZ>44,360000</SVIZ>
    <BSP>44,360000</BSP>
    <MALT>60,650000</MALT>
    <XAUS>44,360000</XAUS>
    <XFRA>44,360000</XFRA>
  </Prezzi>
  <Prezzi>
    <Data>20150821</Data>
    <Mercato>MGP</Mercato>
    <Ora>21</Ora>
    <PUN>59,800000</PUN>
    <NAT>58,970000</NAT>
    <CNOR>70,257540</CNOR>
    <CSUD>70,257540</CSUD>
    <NORD>48,300000</NORD>
    <SARD>70,257540</SARD>
    <SICI>70,257540</SICI>
    <SUD>70,257540</SUD>
    <AUST>48,300000</AUST>
    <BRNN>70,257540</BRNN>
    <COAC>70,257540</COAC>
    <CORS>70,257540</CORS>
    <FOGN>70,257540</FOGN>
    <FRAN>48,300000</FRAN>
    <GREC>70,257540</GREC>
    <MFTV>48,300000</MFTV>
    <PRGP>70,257540</PRGP>
    <ROSN>70,257540</ROSN>
    <SLOV>48,300000</SLOV>
    <SVIZ>48,300000</SVIZ>
    <BSP>48,300000</BSP>
    <MALT>70,257540</MALT>
    <XAUS>48,300000</XAUS>
    <XFRA>48,300000</XFRA>
  </Prezzi>
  <Prezzi>
    <Data>20150821</Data>
    <Mercato>MGP</Mercato>
    <Ora>22</Ora>
    <PUN>55,116510</PUN>
    <NAT>55,960000</NAT>
    <CNOR>65,000000</CNOR>
    <CSUD>65,000000</CSUD>
    <NORD>43,990000</NORD>
    <SARD>65,000000</SARD>
    <SICI>65,000000</SICI>
    <SUD>65,000000</SUD>
    <AUST>43,990000</AUST>
    <BRNN>65,000000</BRNN>
    <COAC>65,000000</COAC>
    <CORS>65,000000</CORS>
    <FOGN>65,000000</FOGN>
    <FRAN>43,990000</FRAN>
    <GREC>65,000000</GREC>
    <MFTV>43,990000</MFTV>
    <PRGP>65,000000</PRGP>
    <ROSN>65,000000</ROSN>
    <SLOV>43,990000</SLOV>
    <SVIZ>43,990000</SVIZ>
    <BSP>43,990000</BSP>
    <MALT>65,000000</MALT>
    <XAUS>43,990000</XAUS>
    <XFRA>43,990000</XFRA>
  </Prezzi>
  <Prezzi>
    <Data>20150821</Data>
    <Mercato>MGP</Mercato>
    <Ora>23</Ora>
    <PUN>50,480100</PUN>
    <NAT>50,740000</NAT>
    <CNOR>57,990000</CNOR>
    <CSUD>57,990000</CSUD>
    <NORD>41,610000</NORD>
    <SARD>57,990000</SARD>
    <SICI>60,650000</SICI>
    <SUD>57,990000</SUD>
    <AUST>41,610000</AUST>
    <BRNN>57,990000</BRNN>
    <COAC>57,990000</COAC>
    <CORS>57,990000</CORS>
    <FOGN>57,990000</FOGN>
    <FRAN>41,610000</FRAN>
    <GREC>57,990000</GREC>
    <MFTV>41,610000</MFTV>
    <PRGP>60,650000</PRGP>
    <ROSN>57,990000</ROSN>
    <SLOV>41,610000</SLOV>
    <SVIZ>41,610000</SVIZ>
    <BSP>41,610000</BSP>
    <MALT>60,650000</MALT>
    <XAUS>41,610000</XAUS>
    <XFRA>41,610000</XFRA>
  </Prezzi>
  <Prezzi>
    <Data>20150821</Data>
    <Mercato>MGP</Mercato>
    <Ora>24</Ora>
    <PUN>46,508500</PUN>
    <NAT>48,900000</NAT>
    <CNOR>51,780000</CNOR>
    <CSUD>51,780000</CSUD>
    <NORD>39,200000</NORD>
    <SARD>51,780000</SARD>
    <SICI>60,650000</SICI>
    <SUD>51,780000</SUD>
    <AUST>39,200000</AUST>
    <BRNN>51,780000</BRNN>
    <COAC>51,780000</COAC>
    <CORS>51,780000</CORS>
    <FOGN>51,780000</FOGN>
    <FRAN>39,200000</FRAN>
    <GREC>51,780000</GREC>
    <MFTV>39,200000</MFTV>
    <PRGP>60,650000</PRGP>
    <ROSN>51,780000</ROSN>
    <SLOV>39,200000</SLOV>
    <SVIZ>39,200000</SVIZ>
    <BSP>39,200000</BSP>
    <MALT>60,650000</MALT>
    <XAUS>39,200000</XAUS>
    <XFRA>39,200000</XFRA>
  </Prezzi>
</NewDataSet>