<?xml version="1.0" standalone="yes"?>
<NewDataSet>
  <xs:schema id="NewDataSet" xmlns="" xmlns:xs="http://www.w3.org/2001/XMLSchema" xmlns:msdata="urn:schemas-microsoft-com:xml-msdata">
    <xs:element name="NewDataSet" msdata:IsDataSet="true" msdata:UseCurrentLocale="true">
      <xs:complexType>
        <xs:choice minOccurs="0" maxOccurs="unbounded">
          <xs:element name="Prezzi">
            <xs:complexType>
              <xs:sequence>
                <xs:element name="Data" type="xs:string" minOccurs="0" />
                <xs:element name="Mercato" type="xs:string" minOccurs="0" />
                <xs:element name="Ora" type="xs:string" minOccurs="0" />
                <xs:element name="PUN" type="xs:string" minOccurs="0" />
                <xs:element name="NAT" type="xs:string" minOccurs="0" />
                <xs:element name="CNOR" type="xs:string" minOccurs="0" />
                <xs:element name="CSUD" type="xs:string" minOccurs="0" />
                <xs:element name="NORD" type="xs:string" minOccurs="0" />
                <xs:element name="SARD" type="xs:string" minOccurs="0" />
                <xs:element name="SICI" type="xs:string" minOccurs="0" />
                <xs:element name="SUD" type="xs:string" minOccurs="0" />
                <xs:element name="AUST" type="xs:string" minOccurs="0" />
                <xs:element name="BRNN" type="xs:string" minOccurs="0" />
                <xs:element name="COAC" type="xs:string" minOccurs="0" />
                <xs:element name="CORS" type="xs:string" minOccurs="0" />
                <xs:element name="FOGN" type="xs:string" minOccurs="0" />
                <xs:element name="FRAN" type="xs:string" minOccurs="0" />
                <xs:element name="GREC" type="xs:string" minOccurs="0" />
                <xs:element name="MFTV" type="xs:string" minOccurs="0" />
                <xs:element name="PRGP" type="xs:string" minOccurs="0" />
                <xs:element name="ROSN" type="xs:string" minOccurs="0" />
                <xs:element name="SLOV" type="xs:string" minOccurs="0" />
                <xs:element name="SVIZ" type="xs:string" minOccurs="0" />
                <xs:element name="BSP" type="xs:string" minOccurs="0" />
                <xs:element name="MALT" type="xs:string" minOccurs="0" />
                <xs:element name="XAUS" type="xs:string" minOccurs="0" />
                <xs:element name="XFRA" type="xs:string" minOccurs="0" />
              </xs:sequence>
            </xs:complexType>
          </xs:element>
        </xs:choice>
      </xs:complexType>
    </xs:element>
  </xs:schema>
  <Prezzi>
    <Data>20150803</Data>
    <Mercato>MGP</Mercato>
    <Ora>1</Ora>
    <PUN>60,961920</PUN>
    <NAT>62,940000</NAT>
    <CNOR>60,010000</CNOR>
    <CSUD>60,010000</CSUD>
    <NORD>60,010000</NORD>
    <SARD>60,010000</SARD>
    <SICI>72,990000</SICI>
    <SUD>60,010000</SUD>
    <AUST>60,010000</AUST>
    <BRNN>60,010000</BRNN>
    <COAC>60,010000</COAC>
    <CORS>60,010000</CORS>
    <FOGN>60,010000</FOGN>
    <FRAN>60,010000</FRAN>
    <GREC>60,010000</GREC>
    <MFTV>60,010000</MFTV>
    <PRGP>72,990000</PRGP>
    <ROSN>60,010000</ROSN>
    <SLOV>60,010000</SLOV>
    <SVIZ>60,010000</SVIZ>
    <BSP>60,010000</BSP>
    <MALT>72,990000</MALT>
    <XAUS>60,010000</XAUS>
    <XFRA>60,010000</XFRA>
  </Prezzi>
  <Prezzi>
    <Data>20150803</Data>
    <Mercato>MGP</Mercato>
    <Ora>2</Ora>
    <PUN>57,996610</PUN>
    <NAT>58,210000</NAT>
    <CNOR>57,790000</CNOR>
    <CSUD>57,790000</CSUD>
    <NORD>57,790000</NORD>
    <SARD>57,790000</SARD>
    <SICI>60,650000</SICI>
    <SUD>57,790000</SUD>
    <AUST>57,790000</AUST>
    <BRNN>57,790000</BRNN>
    <COAC>57,790000</COAC>
    <CORS>57,790000</CORS>
    <FOGN>57,790000</FOGN>
    <FRAN>57,790000</FRAN>
    <GREC>57,790000</GREC>
    <MFTV>57,790000</MFTV>
    <PRGP>60,650000</PRGP>
    <ROSN>57,790000</ROSN>
    <SLOV>57,790000</SLOV>
    <SVIZ>57,790000</SVIZ>
    <BSP>57,790000</BSP>
    <MALT>60,650000</MALT>
    <XAUS>57,790000</XAUS>
    <XFRA>57,790000</XFRA>
  </Prezzi>
  <Prezzi>
    <Data>20150803</Data>
    <Mercato>MGP</Mercato>
    <Ora>3</Ora>
    <PUN>55,399870</PUN>
    <NAT>57,850000</NAT>
    <CNOR>55,000000</CNOR>
    <CSUD>55,000000</CSUD>
    <NORD>55,000000</NORD>
    <SARD>55,000000</SARD>
    <SICI>60,650000</SICI>
    <SUD>55,000000</SUD>
    <AUST>55,000000</AUST>
    <BRNN>55,000000</BRNN>
    <COAC>55,000000</COAC>
    <CORS>55,000000</CORS>
    <FOGN>55,000000</FOGN>
    <FRAN>55,000000</FRAN>
    <GREC>55,000000</GREC>
    <MFTV>55,000000</MFTV>
    <PRGP>60,650000</PRGP>
    <ROSN>55,000000</ROSN>
    <SLOV>55,000000</SLOV>
    <SVIZ>55,000000</SVIZ>
    <BSP>55,000000</BSP>
    <MALT>60,650000</MALT>
    <XAUS>55,000000</XAUS>
    <XFRA>55,000000</XFRA>
  </Prezzi>
  <Prezzi>
    <Data>20150803</Data>
    <Mercato>MGP</Mercato>
    <Ora>4</Ora>
    <PUN>53,533280</PUN>
    <NAT>55,010000</NAT>
    <CNOR>53,000000</CNOR>
    <CSUD>53,000000</CSUD>
    <NORD>53,000000</NORD>
    <SARD>53,000000</SARD>
    <SICI>60,650000</SICI>
    <SUD>53,000000</SUD>
    <AUST>53,000000</AUST>
    <BRNN>53,000000</BRNN>
    <COAC>53,000000</COAC>
    <CORS>53,000000</CORS>
    <FOGN>53,000000</FOGN>
    <FRAN>53,000000</FRAN>
    <GREC>53,000000</GREC>
    <MFTV>53,000000</MFTV>
    <PRGP>60,650000</PRGP>
    <ROSN>53,000000</ROSN>
    <SLOV>53,000000</SLOV>
    <SVIZ>53,000000</SVIZ>
    <BSP>53,000000</BSP>
    <MALT>60,650000</MALT>
    <XAUS>53,000000</XAUS>
    <XFRA>53,000000</XFRA>
  </Prezzi>
  <Prezzi>
    <Data>20150803</Data>
    <Mercato>MGP</Mercato>
    <Ora>5</Ora>
    <PUN>53,220300</PUN>
    <NAT>55,000000</NAT>
    <CNOR>52,670000</CNOR>
    <CSUD>52,670000</CSUD>
    <NORD>52,670000</NORD>
    <SARD>52,670000</SARD>
    <SICI>60,650000</SICI>
    <SUD>52,670000</SUD>
    <AUST>52,670000</AUST>
    <BRNN>52,670000</BRNN>
    <COAC>52,670000</COAC>
    <CORS>52,670000</CORS>
    <FOGN>52,670000</FOGN>
    <FRAN>52,670000</FRAN>
    <GREC>52,670000</GREC>
    <MFTV>52,670000</MFTV>
    <PRGP>60,650000</PRGP>
    <ROSN>52,670000</ROSN>
    <SLOV>52,670000</SLOV>
    <SVIZ>52,670000</SVIZ>
    <BSP>52,670000</BSP>
    <MALT>60,650000</MALT>
    <XAUS>52,670000</XAUS>
    <XFRA>52,670000</XFRA>
  </Prezzi>
  <Prezzi>
    <Data>20150803</Data>
    <Mercato>MGP</Mercato>
    <Ora>6</Ora>
    <PUN>54,710000</PUN>
    <NAT>57,790000</NAT>
    <CNOR>54,283930</CNOR>
    <CSUD>54,283930</CSUD>
    <NORD>54,283930</NORD>
    <SARD>54,283930</SARD>
    <SICI>60,650000</SICI>
    <SUD>54,283930</SUD>
    <AUST>54,283930</AUST>
    <BRNN>54,283930</BRNN>
    <COAC>54,283930</COAC>
    <CORS>54,283930</CORS>
    <FOGN>54,283930</FOGN>
    <FRAN>54,283930</FRAN>
    <GREC>54,283930</GREC>
    <MFTV>54,283930</MFTV>
    <PRGP>60,650000</PRGP>
    <ROSN>54,283930</ROSN>
    <SLOV>54,283930</SLOV>
    <SVIZ>54,283930</SVIZ>
    <BSP>54,283930</BSP>
    <MALT>60,650000</MALT>
    <XAUS>54,283930</XAUS>
    <XFRA>54,283930</XFRA>
  </Prezzi>
  <Prezzi>
    <Data>20150803</Data>
    <Mercato>MGP</Mercato>
    <Ora>7</Ora>
    <PUN>56,588120</PUN>
    <NAT>57,590000</NAT>
    <CNOR>56,330000</CNOR>
    <CSUD>56,330000</CSUD>
    <NORD>56,330000</NORD>
    <SARD>56,330000</SARD>
    <SICI>60,400000</SICI>
    <SUD>56,330000</SUD>
    <AUST>56,330000</AUST>
    <BRNN>56,330000</BRNN>
    <COAC>56,330000</COAC>
    <CORS>56,330000</CORS>
    <FOGN>56,330000</FOGN>
    <FRAN>56,330000</FRAN>
    <GREC>56,330000</GREC>
    <MFTV>56,330000</MFTV>
    <PRGP>60,400000</PRGP>
    <ROSN>56,330000</ROSN>
    <SLOV>56,330000</SLOV>
    <SVIZ>56,330000</SVIZ>
    <BSP>56,330000</BSP>
    <MALT>60,400000</MALT>
    <XAUS>56,330000</XAUS>
    <XFRA>56,330000</XFRA>
  </Prezzi>
  <Prezzi>
    <Data>20150803</Data>
    <Mercato>MGP</Mercato>
    <Ora>8</Ora>
    <PUN>57,958760</PUN>
    <NAT>58,210000</NAT>
    <CNOR>57,790000</CNOR>
    <CSUD>57,790000</CSUD>
    <NORD>57,790000</NORD>
    <SARD>57,790000</SARD>
    <SICI>60,650000</SICI>
    <SUD>57,790000</SUD>
    <AUST>57,790000</AUST>
    <BRNN>57,790000</BRNN>
    <COAC>57,790000</COAC>
    <CORS>57,790000</CORS>
    <FOGN>57,790000</FOGN>
    <FRAN>57,790000</FRAN>
    <GREC>57,790000</GREC>
    <MFTV>57,790000</MFTV>
    <PRGP>60,650000</PRGP>
    <ROSN>57,790000</ROSN>
    <SLOV>57,790000</SLOV>
    <SVIZ>57,790000</SVIZ>
    <BSP>57,790000</BSP>
    <MALT>60,650000</MALT>
    <XAUS>57,790000</XAUS>
    <XFRA>57,790000</XFRA>
  </Prezzi>
  <Prezzi>
    <Data>20150803</Data>
    <Mercato>MGP</Mercato>
    <Ora>9</Ora>
    <PUN>63,332830</PUN>
    <NAT>63,000000</NAT>
    <CNOR>61,930000</CNOR>
    <CSUD>61,930000</CSUD>
    <NORD>61,930000</NORD>
    <SARD>61,930000</SARD>
    <SICI>85,690000</SICI>
    <SUD>61,930000</SUD>
    <AUST>61,930000</AUST>
    <BRNN>61,930000</BRNN>
    <COAC>61,930000</COAC>
    <CORS>61,930000</CORS>
    <FOGN>61,930000</FOGN>
    <FRAN>61,930000</FRAN>
    <GREC>61,930000</GREC>
    <MFTV>61,930000</MFTV>
    <PRGP>85,690000</PRGP>
    <ROSN>61,930000</ROSN>
    <SLOV>61,930000</SLOV>
    <SVIZ>61,930000</SVIZ>
    <BSP>61,930000</BSP>
    <MALT>85,690000</MALT>
    <XAUS>61,930000</XAUS>
    <XFRA>61,930000</XFRA>
  </Prezzi>
  <Prezzi>
    <Data>20150803</Data>
    <Mercato>MGP</Mercato>
    <Ora>10</Ora>
    <PUN>63,420970</PUN>
    <NAT>62,010000</NAT>
    <CNOR>62,000000</CNOR>
    <CSUD>62,000000</CSUD>
    <NORD>62,000000</NORD>
    <SARD>62,000000</SARD>
    <SICI>85,690000</SICI>
    <SUD>62,000000</SUD>
    <AUST>62,000000</AUST>
    <BRNN>62,000000</BRNN>
    <COAC>62,000000</COAC>
    <CORS>62,000000</CORS>
    <FOGN>62,000000</FOGN>
    <FRAN>62,000000</FRAN>
    <GREC>62,000000</GREC>
    <MFTV>62,000000</MFTV>
    <PRGP>85,690000</PRGP>
    <ROSN>62,000000</ROSN>
    <SLOV>62,000000</SLOV>
    <SVIZ>62,000000</SVIZ>
    <BSP>62,000000</BSP>
    <MALT>85,690000</MALT>
    <XAUS>62,000000</XAUS>
    <XFRA>62,000000</XFRA>
  </Prezzi>
  <Prezzi>
    <Data>20150803</Data>
    <Mercato>MGP</Mercato>
    <Ora>11</Ora>
    <PUN>58,037990</PUN>
    <NAT>58,970000</NAT>
    <CNOR>57,870000</CNOR>
    <CSUD>57,870000</CSUD>
    <NORD>57,870000</NORD>
    <SARD>57,870000</SARD>
    <SICI>60,650000</SICI>
    <SUD>57,870000</SUD>
    <AUST>57,870000</AUST>
    <BRNN>57,870000</BRNN>
    <COAC>57,870000</COAC>
    <CORS>57,870000</CORS>
    <FOGN>57,870000</FOGN>
    <FRAN>57,870000</FRAN>
    <GREC>57,870000</GREC>
    <MFTV>57,870000</MFTV>
    <PRGP>60,650000</PRGP>
    <ROSN>57,870000</ROSN>
    <SLOV>57,870000</SLOV>
    <SVIZ>57,870000</SVIZ>
    <BSP>57,870000</BSP>
    <MALT>60,650000</MALT>
    <XAUS>57,870000</XAUS>
    <XFRA>57,870000</XFRA>
  </Prezzi>
  <Prezzi>
    <Data>20150803</Data>
    <Mercato>MGP</Mercato>
    <Ora>12</Ora>
    <PUN>58,488990</PUN>
    <NAT>58,990000</NAT>
    <CNOR>58,350000</CNOR>
    <CSUD>58,350000</CSUD>
    <NORD>58,350000</NORD>
    <SARD>58,350000</SARD>
    <SICI>60,650000</SICI>
    <SUD>58,350000</SUD>
    <AUST>58,350000</AUST>
    <BRNN>58,350000</BRNN>
    <COAC>58,350000</COAC>
    <CORS>58,350000</CORS>
    <FOGN>58,350000</FOGN>
    <FRAN>58,350000</FRAN>
    <GREC>58,350000</GREC>
    <MFTV>58,350000</MFTV>
    <PRGP>60,650000</PRGP>
    <ROSN>58,350000</ROSN>
    <SLOV>58,350000</SLOV>
    <SVIZ>58,350000</SVIZ>
    <BSP>58,350000</BSP>
    <MALT>60,650000</MALT>
    <XAUS>58,350000</XAUS>
    <XFRA>58,350000</XFRA>
  </Prezzi>
  <Prezzi>
    <Data>20150803</Data>
    <Mercato>MGP</Mercato>
    <Ora>13</Ora>
    <PUN>55,235580</PUN>
    <NAT>56,650000</NAT>
    <CNOR>55,000000</CNOR>
    <CSUD>55,000000</CSUD>
    <NORD>55,000000</NORD>
    <SARD>55,000000</SARD>
    <SICI>58,970000</SICI>
    <SUD>55,000000</SUD>
    <AUST>55,000000</AUST>
    <BRNN>55,000000</BRNN>
    <COAC>55,000000</COAC>
    <CORS>55,000000</CORS>
    <FOGN>55,000000</FOGN>
    <FRAN>55,000000</FRAN>
    <GREC>55,000000</GREC>
    <MFTV>55,000000</MFTV>
    <PRGP>58,970000</PRGP>
    <ROSN>55,000000</ROSN>
    <SLOV>55,000000</SLOV>
    <SVIZ>55,000000</SVIZ>
    <BSP>55,000000</BSP>
    <MALT>58,970000</MALT>
    <XAUS>55,000000</XAUS>
    <XFRA>55,000000</XFRA>
  </Prezzi>
  <Prezzi>
    <Data>20150803</Data>
    <Mercato>MGP</Mercato>
    <Ora>14</Ora>
    <PUN>56,736270</PUN>
    <NAT>57,870000</NAT>
    <CNOR>56,590000</CNOR>
    <CSUD>56,590000</CSUD>
    <NORD>56,590000</NORD>
    <SARD>56,590000</SARD>
    <SICI>58,970000</SICI>
    <SUD>56,590000</SUD>
    <AUST>56,590000</AUST>
    <BRNN>56,590000</BRNN>
    <COAC>56,590000</COAC>
    <CORS>56,590000</CORS>
    <FOGN>56,590000</FOGN>
    <FRAN>56,590000</FRAN>
    <GREC>56,590000</GREC>
    <MFTV>56,590000</MFTV>
    <PRGP>58,970000</PRGP>
    <ROSN>56,590000</ROSN>
    <SLOV>56,590000</SLOV>
    <SVIZ>56,590000</SVIZ>
    <BSP>56,590000</BSP>
    <MALT>58,970000</MALT>
    <XAUS>56,590000</XAUS>
    <XFRA>56,590000</XFRA>
  </Prezzi>
  <Prezzi>
    <Data>20150803</Data>
    <Mercato>MGP</Mercato>
    <Ora>15</Ora>
    <PUN>58,470000</PUN>
    <NAT>58,840000</NAT>
    <CNOR>58,438410</CNOR>
    <CSUD>58,438410</CSUD>
    <NORD>58,438410</NORD>
    <SARD>58,438410</SARD>
    <SICI>58,970000</SICI>
    <SUD>58,438410</SUD>
    <AUST>58,438410</AUST>
    <BRNN>58,438410</BRNN>
    <COAC>58,438410</COAC>
    <CORS>58,438410</CORS>
    <FOGN>58,438410</FOGN>
    <FRAN>58,438410</FRAN>
    <GREC>58,438410</GREC>
    <MFTV>58,438410</MFTV>
    <PRGP>58,970000</PRGP>
    <ROSN>58,438410</ROSN>
    <SLOV>58,438410</SLOV>
    <SVIZ>58,438410</SVIZ>
    <BSP>58,438410</BSP>
    <MALT>58,970000</MALT>
    <XAUS>58,438410</XAUS>
    <XFRA>58,438410</XFRA>
  </Prezzi>
  <Prezzi>
    <Data>20150803</Data>
    <Mercato>MGP</Mercato>
    <Ora>16</Ora>
    <PUN>58,245330</PUN>
    <NAT>58,760000</NAT>
    <CNOR>58,200000</CNOR>
    <CSUD>58,200000</CSUD>
    <NORD>58,200000</NORD>
    <SARD>58,200000</SARD>
    <SICI>58,970000</SICI>
    <SUD>58,200000</SUD>
    <AUST>58,200000</AUST>
    <BRNN>58,200000</BRNN>
    <COAC>58,200000</COAC>
    <CORS>58,200000</CORS>
    <FOGN>58,200000</FOGN>
    <FRAN>58,200000</FRAN>
    <GREC>58,200000</GREC>
    <MFTV>58,200000</MFTV>
    <PRGP>58,970000</PRGP>
    <ROSN>58,200000</ROSN>
    <SLOV>58,200000</SLOV>
    <SVIZ>58,200000</SVIZ>
    <BSP>58,200000</BSP>
    <MALT>58,970000</MALT>
    <XAUS>58,200000</XAUS>
    <XFRA>58,200000</XFRA>
  </Prezzi>
  <Prezzi>
    <Data>20150803</Data>
    <Mercato>MGP</Mercato>
    <Ora>17</Ora>
    <PUN>58,990000</PUN>
    <NAT>58,990000</NAT>
    <CNOR>58,990000</CNOR>
    <CSUD>58,990000</CSUD>
    <NORD>58,990000</NORD>
    <SARD>58,990000</SARD>
    <SICI>58,990000</SICI>
    <SUD>58,990000</SUD>
    <AUST>58,990000</AUST>
    <BRNN>58,990000</BRNN>
    <COAC>58,990000</COAC>
    <CORS>58,990000</CORS>
    <FOGN>58,990000</FOGN>
    <FRAN>58,990000</FRAN>
    <GREC>58,990000</GREC>
    <MFTV>58,990000</MFTV>
    <PRGP>58,990000</PRGP>
    <ROSN>58,990000</ROSN>
    <SLOV>58,990000</SLOV>
    <SVIZ>58,990000</SVIZ>
    <BSP>58,990000</BSP>
    <MALT>58,990000</MALT>
    <XAUS>58,990000</XAUS>
    <XFRA>58,990000</XFRA>
  </Prezzi>
  <Prezzi>
    <Data>20150803</Data>
    <Mercato>MGP</Mercato>
    <Ora>18</Ora>
    <PUN>64,000000</PUN>
    <NAT>64,000000</NAT>
    <CNOR>64,000000</CNOR>
    <CSUD>64,000000</CSUD>
    <NORD>64,000000</NORD>
    <SARD>64,000000</SARD>
    <SICI>64,000000</SICI>
    <SUD>64,000000</SUD>
    <AUST>64,000000</AUST>
    <BRNN>64,000000</BRNN>
    <COAC>64,000000</COAC>
    <CORS>64,000000</CORS>
    <FOGN>64,000000</FOGN>
    <FRAN>64,000000</FRAN>
    <GREC>64,000000</GREC>
    <MFTV>64,000000</MFTV>
    <PRGP>64,000000</PRGP>
    <ROSN>64,000000</ROSN>
    <SLOV>64,000000</SLOV>
    <SVIZ>64,000000</SVIZ>
    <BSP>64,000000</BSP>
    <MALT>64,000000</MALT>
    <XAUS>64,000000</XAUS>
    <XFRA>64,000000</XFRA>
  </Prezzi>
  <Prezzi>
    <Data>20150803</Data>
    <Mercato>MGP</Mercato>
    <Ora>19</Ora>
    <PUN>68,418220</PUN>
    <NAT>68,000000</NAT>
    <CNOR>68,000000</CNOR>
    <CSUD>68,000000</CSUD>
    <NORD>68,000000</NORD>
    <SARD>68,000000</SARD>
    <SICI>74,990000</SICI>
    <SUD>68,000000</SUD>
    <AUST>68,000000</AUST>
    <BRNN>68,000000</BRNN>
    <COAC>68,000000</COAC>
    <CORS>68,000000</CORS>
    <FOGN>68,000000</FOGN>
    <FRAN>68,000000</FRAN>
    <GREC>68,000000</GREC>
    <MFTV>68,000000</MFTV>
    <PRGP>74,990000</PRGP>
    <ROSN>68,000000</ROSN>
    <SLOV>68,000000</SLOV>
    <SVIZ>68,000000</SVIZ>
    <BSP>68,000000</BSP>
    <MALT>74,990000</MALT>
    <XAUS>68,000000</XAUS>
    <XFRA>68,000000</XFRA>
  </Prezzi>
  <Prezzi>
    <Data>20150803</Data>
    <Mercato>MGP</Mercato>
    <Ora>20</Ora>
    <PUN>70,926010</PUN>
    <NAT>70,000000</NAT>
    <CNOR>70,000000</CNOR>
    <CSUD>70,000000</CSUD>
    <NORD>70,000000</NORD>
    <SARD>70,000000</SARD>
    <SICI>85,690000</SICI>
    <SUD>70,000000</SUD>
    <AUST>70,000000</AUST>
    <BRNN>70,000000</BRNN>
    <COAC>70,000000</COAC>
    <CORS>70,000000</CORS>
    <FOGN>70,000000</FOGN>
    <FRAN>70,000000</FRAN>
    <GREC>70,000000</GREC>
    <MFTV>70,000000</MFTV>
    <PRGP>85,690000</PRGP>
    <ROSN>70,000000</ROSN>
    <SLOV>70,000000</SLOV>
    <SVIZ>70,000000</SVIZ>
    <BSP>70,000000</BSP>
    <MALT>85,690000</MALT>
    <XAUS>70,000000</XAUS>
    <XFRA>70,000000</XFRA>
  </Prezzi>
  <Prezzi>
    <Data>20150803</Data>
    <Mercato>MGP</Mercato>
    <Ora>21</Ora>
    <PUN>71,108070</PUN>
    <NAT>70,000000</NAT>
    <CNOR>70,000000</CNOR>
    <CSUD>70,000000</CSUD>
    <NORD>70,000000</NORD>
    <SARD>70,000000</SARD>
    <SICI>87,280000</SICI>
    <SUD>70,000000</SUD>
    <AUST>70,000000</AUST>
    <BRNN>70,000000</BRNN>
    <COAC>70,000000</COAC>
    <CORS>70,000000</CORS>
    <FOGN>70,000000</FOGN>
    <FRAN>70,000000</FRAN>
    <GREC>70,000000</GREC>
    <MFTV>70,000000</MFTV>
    <PRGP>87,280000</PRGP>
    <ROSN>70,000000</ROSN>
    <SLOV>70,000000</SLOV>
    <SVIZ>70,000000</SVIZ>
    <BSP>70,000000</BSP>
    <MALT>87,280000</MALT>
    <XAUS>70,000000</XAUS>
    <XFRA>70,000000</XFRA>
  </Prezzi>
  <Prezzi>
    <Data>20150803</Data>
    <Mercato>MGP</Mercato>
    <Ora>22</Ora>
    <PUN>75,795520</PUN>
    <NAT>75,290000</NAT>
    <CNOR>75,040000</CNOR>
    <CSUD>75,040000</CSUD>
    <NORD>75,040000</NORD>
    <SARD>75,040000</SARD>
    <SICI>87,280000</SICI>
    <SUD>75,040000</SUD>
    <AUST>75,040000</AUST>
    <BRNN>75,040000</BRNN>
    <COAC>75,040000</COAC>
    <CORS>75,040000</CORS>
    <FOGN>75,040000</FOGN>
    <FRAN>75,040000</FRAN>
    <GREC>75,040000</GREC>
    <MFTV>75,040000</MFTV>
    <PRGP>87,280000</PRGP>
    <ROSN>75,040000</ROSN>
    <SLOV>75,040000</SLOV>
    <SVIZ>75,040000</SVIZ>
    <BSP>75,040000</BSP>
    <MALT>87,280000</MALT>
    <XAUS>75,040000</XAUS>
    <XFRA>75,040000</XFRA>
  </Prezzi>
  <Prezzi>
    <Data>20150803</Data>
    <Mercato>MGP</Mercato>
    <Ora>23</Ora>
    <PUN>67,208780</PUN>
    <NAT>66,940000</NAT>
    <CNOR>65,990000</CNOR>
    <CSUD>65,990000</CSUD>
    <NORD>65,990000</NORD>
    <SARD>65,990000</SARD>
    <SICI>85,690000</SICI>
    <SUD>65,990000</SUD>
    <AUST>65,990000</AUST>
    <BRNN>65,990000</BRNN>
    <COAC>65,990000</COAC>
    <CORS>65,990000</CORS>
    <FOGN>65,990000</FOGN>
    <FRAN>65,990000</FRAN>
    <GREC>65,990000</GREC>
    <MFTV>65,990000</MFTV>
    <PRGP>85,690000</PRGP>
    <ROSN>58,210000</ROSN>
    <SLOV>65,990000</SLOV>
    <SVIZ>65,990000</SVIZ>
    <BSP>65,990000</BSP>
    <MALT>85,690000</MALT>
    <XAUS>65,990000</XAUS>
    <XFRA>65,990000</XFRA>
  </Prezzi>
  <Prezzi>
    <Data>20150803</Data>
    <Mercato>MGP</Mercato>
    <Ora>24</Ora>
    <PUN>58,561090</PUN>
    <NAT>58,980000</NAT>
    <CNOR>58,420000</CNOR>
    <CSUD>58,420000</CSUD>
    <NORD>58,420000</NORD>
    <SARD>58,420000</SARD>
    <SICI>60,650000</SICI>
    <SUD>58,420000</SUD>
    <AUST>58,420000</AUST>
    <BRNN>58,420000</BRNN>
    <COAC>58,420000</COAC>
    <CORS>58,420000</CORS>
    <FOGN>58,420000</FOGN>
    <FRAN>58,420000</FRAN>
    <GREC>58,420000</GREC>
    <MFTV>58,420000</MFTV>
    <PRGP>60,650000</PRGP>
    <ROSN>58,420000</ROSN>
    <SLOV>58,420000</SLOV>
    <SVIZ>58,420000</SVIZ>
    <BSP>58,420000</BSP>
    <MALT>60,650000</MALT>
    <XAUS>58,420000</XAUS>
    <XFRA>58,420000</XFRA>
  </Prezzi>
</NewDataSet>