<?xml version="1.0" standalone="yes"?>
<NewDataSet>
  <xs:schema id="NewDataSet" xmlns="" xmlns:xs="http://www.w3.org/2001/XMLSchema" xmlns:msdata="urn:schemas-microsoft-com:xml-msdata">
    <xs:element name="NewDataSet" msdata:IsDataSet="true" msdata:UseCurrentLocale="true">
      <xs:complexType>
        <xs:choice minOccurs="0" maxOccurs="unbounded">
          <xs:element name="Prezzi">
            <xs:complexType>
              <xs:sequence>
                <xs:element name="Data" type="xs:string" minOccurs="0" />
                <xs:element name="Mercato" type="xs:string" minOccurs="0" />
                <xs:element name="Ora" type="xs:string" minOccurs="0" />
                <xs:element name="PUN" type="xs:string" minOccurs="0" />
                <xs:element name="NAT" type="xs:string" minOccurs="0" />
                <xs:element name="CNOR" type="xs:string" minOccurs="0" />
                <xs:element name="CSUD" type="xs:string" minOccurs="0" />
                <xs:element name="NORD" type="xs:string" minOccurs="0" />
                <xs:element name="SARD" type="xs:string" minOccurs="0" />
                <xs:element name="SICI" type="xs:string" minOccurs="0" />
                <xs:element name="SUD" type="xs:string" minOccurs="0" />
                <xs:element name="AUST" type="xs:string" minOccurs="0" />
                <xs:element name="BRNN" type="xs:string" minOccurs="0" />
                <xs:element name="COAC" type="xs:string" minOccurs="0" />
                <xs:element name="CORS" type="xs:string" minOccurs="0" />
                <xs:element name="FOGN" type="xs:string" minOccurs="0" />
                <xs:element name="FRAN" type="xs:string" minOccurs="0" />
                <xs:element name="GREC" type="xs:string" minOccurs="0" />
                <xs:element name="MFTV" type="xs:string" minOccurs="0" />
                <xs:element name="PRGP" type="xs:string" minOccurs="0" />
                <xs:element name="ROSN" type="xs:string" minOccurs="0" />
                <xs:element name="SLOV" type="xs:string" minOccurs="0" />
                <xs:element name="SVIZ" type="xs:string" minOccurs="0" />
                <xs:element name="BSP" type="xs:string" minOccurs="0" />
                <xs:element name="MALT" type="xs:string" minOccurs="0" />
                <xs:element name="XAUS" type="xs:string" minOccurs="0" />
                <xs:element name="XFRA" type="xs:string" minOccurs="0" />
              </xs:sequence>
            </xs:complexType>
          </xs:element>
        </xs:choice>
      </xs:complexType>
    </xs:element>
  </xs:schema>
  <Prezzi>
    <Data>20150804</Data>
    <Mercato>MGP</Mercato>
    <Ora>1</Ora>
    <PUN>62,250000</PUN>
    <NAT>62,250000</NAT>
    <CNOR>62,250000</CNOR>
    <CSUD>62,250000</CSUD>
    <NORD>62,250000</NORD>
    <SARD>62,250000</SARD>
    <SICI>62,250000</SICI>
    <SUD>62,250000</SUD>
    <AUST>62,250000</AUST>
    <BRNN>62,250000</BRNN>
    <COAC>62,250000</COAC>
    <CORS>62,250000</CORS>
    <FOGN>62,250000</FOGN>
    <FRAN>62,250000</FRAN>
    <GREC>62,250000</GREC>
    <MFTV>62,250000</MFTV>
    <PRGP>62,250000</PRGP>
    <ROSN>62,250000</ROSN>
    <SLOV>62,250000</SLOV>
    <SVIZ>62,250000</SVIZ>
    <BSP>62,250000</BSP>
    <MALT>62,250000</MALT>
    <XAUS>62,250000</XAUS>
    <XFRA>62,250000</XFRA>
  </Prezzi>
  <Prezzi>
    <Data>20150804</Data>
    <Mercato>MGP</Mercato>
    <Ora>2</Ora>
    <PUN>58,044970</PUN>
    <NAT>58,760000</NAT>
    <CNOR>57,860000</CNOR>
    <CSUD>57,860000</CSUD>
    <NORD>57,860000</NORD>
    <SARD>57,860000</SARD>
    <SICI>60,650000</SICI>
    <SUD>57,860000</SUD>
    <AUST>57,860000</AUST>
    <BRNN>57,860000</BRNN>
    <COAC>57,860000</COAC>
    <CORS>57,860000</CORS>
    <FOGN>57,860000</FOGN>
    <FRAN>57,860000</FRAN>
    <GREC>57,860000</GREC>
    <MFTV>57,860000</MFTV>
    <PRGP>60,650000</PRGP>
    <ROSN>57,860000</ROSN>
    <SLOV>57,860000</SLOV>
    <SVIZ>57,860000</SVIZ>
    <BSP>57,860000</BSP>
    <MALT>60,650000</MALT>
    <XAUS>57,860000</XAUS>
    <XFRA>57,860000</XFRA>
  </Prezzi>
  <Prezzi>
    <Data>20150804</Data>
    <Mercato>MGP</Mercato>
    <Ora>3</Ora>
    <PUN>56,709450</PUN>
    <NAT>57,790000</NAT>
    <CNOR>56,440000</CNOR>
    <CSUD>56,440000</CSUD>
    <NORD>56,440000</NORD>
    <SARD>56,440000</SARD>
    <SICI>60,650000</SICI>
    <SUD>56,440000</SUD>
    <AUST>56,440000</AUST>
    <BRNN>56,440000</BRNN>
    <COAC>56,440000</COAC>
    <CORS>56,440000</CORS>
    <FOGN>56,440000</FOGN>
    <FRAN>56,440000</FRAN>
    <GREC>56,440000</GREC>
    <MFTV>56,440000</MFTV>
    <PRGP>60,650000</PRGP>
    <ROSN>56,440000</ROSN>
    <SLOV>56,440000</SLOV>
    <SVIZ>56,440000</SVIZ>
    <BSP>56,440000</BSP>
    <MALT>60,650000</MALT>
    <XAUS>56,440000</XAUS>
    <XFRA>56,440000</XFRA>
  </Prezzi>
  <Prezzi>
    <Data>20150804</Data>
    <Mercato>MGP</Mercato>
    <Ora>4</Ora>
    <PUN>55,315450</PUN>
    <NAT>56,440000</NAT>
    <CNOR>55,000000</CNOR>
    <CSUD>55,000000</CSUD>
    <NORD>55,000000</NORD>
    <SARD>55,000000</SARD>
    <SICI>59,990000</SICI>
    <SUD>55,000000</SUD>
    <AUST>55,000000</AUST>
    <BRNN>55,000000</BRNN>
    <COAC>55,000000</COAC>
    <CORS>55,000000</CORS>
    <FOGN>55,000000</FOGN>
    <FRAN>55,000000</FRAN>
    <GREC>55,000000</GREC>
    <MFTV>55,000000</MFTV>
    <PRGP>59,990000</PRGP>
    <ROSN>55,000000</ROSN>
    <SLOV>55,000000</SLOV>
    <SVIZ>55,000000</SVIZ>
    <BSP>55,000000</BSP>
    <MALT>59,990000</MALT>
    <XAUS>55,000000</XAUS>
    <XFRA>55,000000</XFRA>
  </Prezzi>
  <Prezzi>
    <Data>20150804</Data>
    <Mercato>MGP</Mercato>
    <Ora>5</Ora>
    <PUN>54,827390</PUN>
    <NAT>56,440000</NAT>
    <CNOR>54,550000</CNOR>
    <CSUD>54,550000</CSUD>
    <NORD>54,550000</NORD>
    <SARD>54,550000</SARD>
    <SICI>58,970000</SICI>
    <SUD>54,550000</SUD>
    <AUST>54,550000</AUST>
    <BRNN>54,550000</BRNN>
    <COAC>54,550000</COAC>
    <CORS>54,550000</CORS>
    <FOGN>54,550000</FOGN>
    <FRAN>54,550000</FRAN>
    <GREC>54,550000</GREC>
    <MFTV>54,550000</MFTV>
    <PRGP>58,970000</PRGP>
    <ROSN>54,550000</ROSN>
    <SLOV>54,550000</SLOV>
    <SVIZ>54,550000</SVIZ>
    <BSP>54,550000</BSP>
    <MALT>58,970000</MALT>
    <XAUS>54,550000</XAUS>
    <XFRA>54,550000</XFRA>
  </Prezzi>
  <Prezzi>
    <Data>20150804</Data>
    <Mercato>MGP</Mercato>
    <Ora>6</Ora>
    <PUN>55,775240</PUN>
    <NAT>56,510000</NAT>
    <CNOR>55,450000</CNOR>
    <CSUD>55,450000</CSUD>
    <NORD>55,450000</NORD>
    <SARD>55,450000</SARD>
    <SICI>60,650000</SICI>
    <SUD>55,450000</SUD>
    <AUST>55,450000</AUST>
    <BRNN>55,450000</BRNN>
    <COAC>55,450000</COAC>
    <CORS>55,450000</CORS>
    <FOGN>55,450000</FOGN>
    <FRAN>55,450000</FRAN>
    <GREC>55,450000</GREC>
    <MFTV>55,450000</MFTV>
    <PRGP>60,650000</PRGP>
    <ROSN>55,450000</ROSN>
    <SLOV>55,450000</SLOV>
    <SVIZ>55,450000</SVIZ>
    <BSP>55,450000</BSP>
    <MALT>60,650000</MALT>
    <XAUS>55,450000</XAUS>
    <XFRA>55,450000</XFRA>
  </Prezzi>
  <Prezzi>
    <Data>20150804</Data>
    <Mercato>MGP</Mercato>
    <Ora>7</Ora>
    <PUN>57,118030</PUN>
    <NAT>57,600000</NAT>
    <CNOR>57,000000</CNOR>
    <CSUD>57,000000</CSUD>
    <NORD>57,000000</NORD>
    <SARD>57,000000</SARD>
    <SICI>58,970000</SICI>
    <SUD>57,000000</SUD>
    <AUST>57,000000</AUST>
    <BRNN>57,000000</BRNN>
    <COAC>57,000000</COAC>
    <CORS>57,000000</CORS>
    <FOGN>57,000000</FOGN>
    <FRAN>57,000000</FRAN>
    <GREC>57,000000</GREC>
    <MFTV>57,000000</MFTV>
    <PRGP>58,970000</PRGP>
    <ROSN>57,000000</ROSN>
    <SLOV>57,000000</SLOV>
    <SVIZ>57,000000</SVIZ>
    <BSP>57,000000</BSP>
    <MALT>58,970000</MALT>
    <XAUS>57,000000</XAUS>
    <XFRA>57,000000</XFRA>
  </Prezzi>
  <Prezzi>
    <Data>20150804</Data>
    <Mercato>MGP</Mercato>
    <Ora>8</Ora>
    <PUN>57,968090</PUN>
    <NAT>58,760000</NAT>
    <CNOR>57,810000</CNOR>
    <CSUD>57,810000</CSUD>
    <NORD>57,810000</NORD>
    <SARD>57,810000</SARD>
    <SICI>60,650000</SICI>
    <SUD>57,810000</SUD>
    <AUST>57,810000</AUST>
    <BRNN>57,810000</BRNN>
    <COAC>57,810000</COAC>
    <CORS>57,810000</CORS>
    <FOGN>57,810000</FOGN>
    <FRAN>57,810000</FRAN>
    <GREC>57,810000</GREC>
    <MFTV>57,810000</MFTV>
    <PRGP>60,650000</PRGP>
    <ROSN>57,810000</ROSN>
    <SLOV>57,810000</SLOV>
    <SVIZ>57,810000</SVIZ>
    <BSP>57,810000</BSP>
    <MALT>60,650000</MALT>
    <XAUS>57,810000</XAUS>
    <XFRA>57,810000</XFRA>
  </Prezzi>
  <Prezzi>
    <Data>20150804</Data>
    <Mercato>MGP</Mercato>
    <Ora>9</Ora>
    <PUN>60,055550</PUN>
    <NAT>60,650000</NAT>
    <CNOR>60,020000</CNOR>
    <CSUD>60,020000</CSUD>
    <NORD>60,020000</NORD>
    <SARD>60,020000</SARD>
    <SICI>60,650000</SICI>
    <SUD>60,020000</SUD>
    <AUST>60,020000</AUST>
    <BRNN>60,020000</BRNN>
    <COAC>60,020000</COAC>
    <CORS>60,020000</CORS>
    <FOGN>60,020000</FOGN>
    <FRAN>60,020000</FRAN>
    <GREC>60,020000</GREC>
    <MFTV>60,020000</MFTV>
    <PRGP>60,650000</PRGP>
    <ROSN>60,020000</ROSN>
    <SLOV>60,020000</SLOV>
    <SVIZ>60,020000</SVIZ>
    <BSP>60,020000</BSP>
    <MALT>60,650000</MALT>
    <XAUS>60,020000</XAUS>
    <XFRA>60,020000</XFRA>
  </Prezzi>
  <Prezzi>
    <Data>20150804</Data>
    <Mercato>MGP</Mercato>
    <Ora>10</Ora>
    <PUN>60,632740</PUN>
    <NAT>59,950000</NAT>
    <CNOR>62,010000</CNOR>
    <CSUD>57,860000</CSUD>
    <NORD>62,010000</NORD>
    <SARD>57,860000</SARD>
    <SICI>58,970000</SICI>
    <SUD>57,860000</SUD>
    <AUST>62,010000</AUST>
    <BRNN>57,860000</BRNN>
    <COAC>57,860000</COAC>
    <CORS>62,010000</CORS>
    <FOGN>57,860000</FOGN>
    <FRAN>62,010000</FRAN>
    <GREC>57,860000</GREC>
    <MFTV>62,010000</MFTV>
    <PRGP>58,970000</PRGP>
    <ROSN>57,860000</ROSN>
    <SLOV>62,010000</SLOV>
    <SVIZ>62,010000</SVIZ>
    <BSP>62,010000</BSP>
    <MALT>58,970000</MALT>
    <XAUS>62,010000</XAUS>
    <XFRA>62,010000</XFRA>
  </Prezzi>
  <Prezzi>
    <Data>20150804</Data>
    <Mercato>MGP</Mercato>
    <Ora>11</Ora>
    <PUN>62,551090</PUN>
    <NAT>58,970000</NAT>
    <CNOR>64,970000</CNOR>
    <CSUD>57,840000</CSUD>
    <NORD>64,970000</NORD>
    <SARD>57,840000</SARD>
    <SICI>58,970000</SICI>
    <SUD>57,840000</SUD>
    <AUST>64,970000</AUST>
    <BRNN>57,840000</BRNN>
    <COAC>57,840000</COAC>
    <CORS>64,970000</CORS>
    <FOGN>57,840000</FOGN>
    <FRAN>64,970000</FRAN>
    <GREC>57,840000</GREC>
    <MFTV>64,970000</MFTV>
    <PRGP>58,970000</PRGP>
    <ROSN>57,840000</ROSN>
    <SLOV>64,970000</SLOV>
    <SVIZ>64,970000</SVIZ>
    <BSP>64,970000</BSP>
    <MALT>58,970000</MALT>
    <XAUS>64,970000</XAUS>
    <XFRA>64,970000</XFRA>
  </Prezzi>
  <Prezzi>
    <Data>20150804</Data>
    <Mercato>MGP</Mercato>
    <Ora>12</Ora>
    <PUN>57,930650</PUN>
    <NAT>58,350000</NAT>
    <CNOR>57,870000</CNOR>
    <CSUD>57,870000</CSUD>
    <NORD>57,870000</NORD>
    <SARD>57,870000</SARD>
    <SICI>58,970000</SICI>
    <SUD>57,870000</SUD>
    <AUST>57,870000</AUST>
    <BRNN>57,870000</BRNN>
    <COAC>57,870000</COAC>
    <CORS>57,870000</CORS>
    <FOGN>57,870000</FOGN>
    <FRAN>57,870000</FRAN>
    <GREC>57,870000</GREC>
    <MFTV>57,870000</MFTV>
    <PRGP>58,970000</PRGP>
    <ROSN>57,870000</ROSN>
    <SLOV>57,870000</SLOV>
    <SVIZ>57,870000</SVIZ>
    <BSP>57,870000</BSP>
    <MALT>58,970000</MALT>
    <XAUS>57,870000</XAUS>
    <XFRA>57,870000</XFRA>
  </Prezzi>
  <Prezzi>
    <Data>20150804</Data>
    <Mercato>MGP</Mercato>
    <Ora>13</Ora>
    <PUN>57,175090</PUN>
    <NAT>57,160000</NAT>
    <CNOR>57,080000</CNOR>
    <CSUD>57,080000</CSUD>
    <NORD>57,080000</NORD>
    <SARD>57,080000</SARD>
    <SICI>58,760000</SICI>
    <SUD>57,080000</SUD>
    <AUST>57,080000</AUST>
    <BRNN>57,080000</BRNN>
    <COAC>57,080000</COAC>
    <CORS>57,080000</CORS>
    <FOGN>57,080000</FOGN>
    <FRAN>57,080000</FRAN>
    <GREC>57,080000</GREC>
    <MFTV>57,080000</MFTV>
    <PRGP>58,760000</PRGP>
    <ROSN>57,080000</ROSN>
    <SLOV>57,080000</SLOV>
    <SVIZ>57,080000</SVIZ>
    <BSP>57,080000</BSP>
    <MALT>58,760000</MALT>
    <XAUS>57,080000</XAUS>
    <XFRA>57,080000</XFRA>
  </Prezzi>
  <Prezzi>
    <Data>20150804</Data>
    <Mercato>MGP</Mercato>
    <Ora>14</Ora>
    <PUN>57,911710</PUN>
    <NAT>58,190000</NAT>
    <CNOR>57,850000</CNOR>
    <CSUD>57,850000</CSUD>
    <NORD>57,850000</NORD>
    <SARD>57,850000</SARD>
    <SICI>58,970000</SICI>
    <SUD>57,850000</SUD>
    <AUST>57,850000</AUST>
    <BRNN>57,850000</BRNN>
    <COAC>57,850000</COAC>
    <CORS>57,850000</CORS>
    <FOGN>57,850000</FOGN>
    <FRAN>57,850000</FRAN>
    <GREC>57,850000</GREC>
    <MFTV>57,850000</MFTV>
    <PRGP>58,970000</PRGP>
    <ROSN>57,850000</ROSN>
    <SLOV>57,850000</SLOV>
    <SVIZ>57,850000</SVIZ>
    <BSP>57,850000</BSP>
    <MALT>58,970000</MALT>
    <XAUS>57,850000</XAUS>
    <XFRA>57,850000</XFRA>
  </Prezzi>
  <Prezzi>
    <Data>20150804</Data>
    <Mercato>MGP</Mercato>
    <Ora>15</Ora>
    <PUN>58,885150</PUN>
    <NAT>58,970000</NAT>
    <CNOR>58,880000</CNOR>
    <CSUD>58,880000</CSUD>
    <NORD>58,880000</NORD>
    <SARD>58,880000</SARD>
    <SICI>58,970000</SICI>
    <SUD>58,880000</SUD>
    <AUST>58,880000</AUST>
    <BRNN>58,880000</BRNN>
    <COAC>58,880000</COAC>
    <CORS>58,880000</CORS>
    <FOGN>58,880000</FOGN>
    <FRAN>58,880000</FRAN>
    <GREC>58,880000</GREC>
    <MFTV>58,880000</MFTV>
    <PRGP>58,970000</PRGP>
    <ROSN>58,880000</ROSN>
    <SLOV>58,880000</SLOV>
    <SVIZ>58,880000</SVIZ>
    <BSP>58,880000</BSP>
    <MALT>58,970000</MALT>
    <XAUS>58,880000</XAUS>
    <XFRA>58,880000</XFRA>
  </Prezzi>
  <Prezzi>
    <Data>20150804</Data>
    <Mercato>MGP</Mercato>
    <Ora>16</Ora>
    <PUN>62,562250</PUN>
    <NAT>58,970000</NAT>
    <CNOR>65,000000</CNOR>
    <CSUD>57,860000</CSUD>
    <NORD>65,000000</NORD>
    <SARD>57,860000</SARD>
    <SICI>58,970000</SICI>
    <SUD>57,860000</SUD>
    <AUST>65,000000</AUST>
    <BRNN>57,860000</BRNN>
    <COAC>57,860000</COAC>
    <CORS>65,000000</CORS>
    <FOGN>57,860000</FOGN>
    <FRAN>65,000000</FRAN>
    <GREC>57,860000</GREC>
    <MFTV>65,000000</MFTV>
    <PRGP>58,970000</PRGP>
    <ROSN>57,860000</ROSN>
    <SLOV>65,000000</SLOV>
    <SVIZ>65,000000</SVIZ>
    <BSP>65,000000</BSP>
    <MALT>58,970000</MALT>
    <XAUS>65,000000</XAUS>
    <XFRA>65,000000</XFRA>
  </Prezzi>
  <Prezzi>
    <Data>20150804</Data>
    <Mercato>MGP</Mercato>
    <Ora>17</Ora>
    <PUN>60,934920</PUN>
    <NAT>60,000000</NAT>
    <CNOR>61,000000</CNOR>
    <CSUD>61,000000</CSUD>
    <NORD>61,000000</NORD>
    <SARD>61,000000</SARD>
    <SICI>59,880000</SICI>
    <SUD>61,000000</SUD>
    <AUST>61,000000</AUST>
    <BRNN>61,000000</BRNN>
    <COAC>61,000000</COAC>
    <CORS>61,000000</CORS>
    <FOGN>61,000000</FOGN>
    <FRAN>61,000000</FRAN>
    <GREC>61,000000</GREC>
    <MFTV>61,000000</MFTV>
    <PRGP>59,880000</PRGP>
    <ROSN>59,880000</ROSN>
    <SLOV>61,000000</SLOV>
    <SVIZ>61,000000</SVIZ>
    <BSP>61,000000</BSP>
    <MALT>59,880000</MALT>
    <XAUS>61,000000</XAUS>
    <XFRA>61,000000</XFRA>
  </Prezzi>
  <Prezzi>
    <Data>20150804</Data>
    <Mercato>MGP</Mercato>
    <Ora>18</Ora>
    <PUN>63,881840</PUN>
    <NAT>63,560000</NAT>
    <CNOR>64,000000</CNOR>
    <CSUD>64,000000</CSUD>
    <NORD>64,000000</NORD>
    <SARD>64,000000</SARD>
    <SICI>61,990000</SICI>
    <SUD>64,000000</SUD>
    <AUST>64,000000</AUST>
    <BRNN>64,000000</BRNN>
    <COAC>64,000000</COAC>
    <CORS>64,000000</CORS>
    <FOGN>64,000000</FOGN>
    <FRAN>64,000000</FRAN>
    <GREC>64,000000</GREC>
    <MFTV>64,000000</MFTV>
    <PRGP>61,990000</PRGP>
    <ROSN>61,990000</ROSN>
    <SLOV>64,000000</SLOV>
    <SVIZ>64,000000</SVIZ>
    <BSP>64,000000</BSP>
    <MALT>61,990000</MALT>
    <XAUS>64,000000</XAUS>
    <XFRA>64,000000</XFRA>
  </Prezzi>
  <Prezzi>
    <Data>20150804</Data>
    <Mercato>MGP</Mercato>
    <Ora>19</Ora>
    <PUN>66,480000</PUN>
    <NAT>66,480000</NAT>
    <CNOR>66,480000</CNOR>
    <CSUD>66,480000</CSUD>
    <NORD>66,480000</NORD>
    <SARD>66,480000</SARD>
    <SICI>66,480000</SICI>
    <SUD>66,480000</SUD>
    <AUST>66,480000</AUST>
    <BRNN>66,480000</BRNN>
    <COAC>66,480000</COAC>
    <CORS>66,480000</CORS>
    <FOGN>66,480000</FOGN>
    <FRAN>66,480000</FRAN>
    <GREC>66,480000</GREC>
    <MFTV>66,480000</MFTV>
    <PRGP>66,480000</PRGP>
    <ROSN>66,480000</ROSN>
    <SLOV>66,480000</SLOV>
    <SVIZ>66,480000</SVIZ>
    <BSP>66,480000</BSP>
    <MALT>66,480000</MALT>
    <XAUS>66,480000</XAUS>
    <XFRA>66,480000</XFRA>
  </Prezzi>
  <Prezzi>
    <Data>20150804</Data>
    <Mercato>MGP</Mercato>
    <Ora>20</Ora>
    <PUN>68,000000</PUN>
    <NAT>68,000000</NAT>
    <CNOR>68,000000</CNOR>
    <CSUD>68,000000</CSUD>
    <NORD>68,000000</NORD>
    <SARD>68,000000</SARD>
    <SICI>68,000000</SICI>
    <SUD>68,000000</SUD>
    <AUST>68,000000</AUST>
    <BRNN>68,000000</BRNN>
    <COAC>68,000000</COAC>
    <CORS>68,000000</CORS>
    <FOGN>68,000000</FOGN>
    <FRAN>68,000000</FRAN>
    <GREC>68,000000</GREC>
    <MFTV>68,000000</MFTV>
    <PRGP>68,000000</PRGP>
    <ROSN>68,000000</ROSN>
    <SLOV>68,000000</SLOV>
    <SVIZ>68,000000</SVIZ>
    <BSP>68,000000</BSP>
    <MALT>68,000000</MALT>
    <XAUS>68,000000</XAUS>
    <XFRA>68,000000</XFRA>
  </Prezzi>
  <Prezzi>
    <Data>20150804</Data>
    <Mercato>MGP</Mercato>
    <Ora>21</Ora>
    <PUN>67,357500</PUN>
    <NAT>68,000000</NAT>
    <CNOR>69,100000</CNOR>
    <CSUD>69,100000</CSUD>
    <NORD>65,610000</NORD>
    <SARD>69,100000</SARD>
    <SICI>69,100000</SICI>
    <SUD>69,100000</SUD>
    <AUST>65,610000</AUST>
    <BRNN>69,100000</BRNN>
    <COAC>69,100000</COAC>
    <CORS>69,100000</CORS>
    <FOGN>69,100000</FOGN>
    <FRAN>65,610000</FRAN>
    <GREC>69,100000</GREC>
    <MFTV>65,610000</MFTV>
    <PRGP>69,100000</PRGP>
    <ROSN>69,100000</ROSN>
    <SLOV>65,610000</SLOV>
    <SVIZ>65,610000</SVIZ>
    <BSP>65,610000</BSP>
    <MALT>69,100000</MALT>
    <XAUS>65,610000</XAUS>
    <XFRA>65,610000</XFRA>
  </Prezzi>
  <Prezzi>
    <Data>20150804</Data>
    <Mercato>MGP</Mercato>
    <Ora>22</Ora>
    <PUN>70,592760</PUN>
    <NAT>70,010000</NAT>
    <CNOR>70,000000</CNOR>
    <CSUD>70,000000</CSUD>
    <NORD>70,000000</NORD>
    <SARD>70,000000</SARD>
    <SICI>79,990000</SICI>
    <SUD>70,000000</SUD>
    <AUST>70,000000</AUST>
    <BRNN>70,000000</BRNN>
    <COAC>70,000000</COAC>
    <CORS>70,000000</CORS>
    <FOGN>70,000000</FOGN>
    <FRAN>70,000000</FRAN>
    <GREC>70,000000</GREC>
    <MFTV>70,000000</MFTV>
    <PRGP>79,990000</PRGP>
    <ROSN>70,000000</ROSN>
    <SLOV>70,000000</SLOV>
    <SVIZ>70,000000</SVIZ>
    <BSP>70,000000</BSP>
    <MALT>79,990000</MALT>
    <XAUS>70,000000</XAUS>
    <XFRA>70,000000</XFRA>
  </Prezzi>
  <Prezzi>
    <Data>20150804</Data>
    <Mercato>MGP</Mercato>
    <Ora>23</Ora>
    <PUN>63,789740</PUN>
    <NAT>63,690000</NAT>
    <CNOR>63,990000</CNOR>
    <CSUD>63,990000</CSUD>
    <NORD>63,990000</NORD>
    <SARD>63,990000</SARD>
    <SICI>60,650000</SICI>
    <SUD>63,990000</SUD>
    <AUST>63,990000</AUST>
    <BRNN>63,990000</BRNN>
    <COAC>63,990000</COAC>
    <CORS>63,990000</CORS>
    <FOGN>63,990000</FOGN>
    <FRAN>63,990000</FRAN>
    <GREC>63,990000</GREC>
    <MFTV>63,990000</MFTV>
    <PRGP>60,650000</PRGP>
    <ROSN>58,880000</ROSN>
    <SLOV>63,990000</SLOV>
    <SVIZ>63,990000</SVIZ>
    <BSP>63,990000</BSP>
    <MALT>60,650000</MALT>
    <XAUS>63,990000</XAUS>
    <XFRA>63,990000</XFRA>
  </Prezzi>
  <Prezzi>
    <Data>20150804</Data>
    <Mercato>MGP</Mercato>
    <Ora>24</Ora>
    <PUN>57,831770</PUN>
    <NAT>57,990000</NAT>
    <CNOR>57,650000</CNOR>
    <CSUD>57,650000</CSUD>
    <NORD>57,650000</NORD>
    <SARD>57,650000</SARD>
    <SICI>60,650000</SICI>
    <SUD>57,650000</SUD>
    <AUST>57,650000</AUST>
    <BRNN>57,650000</BRNN>
    <COAC>57,650000</COAC>
    <CORS>57,650000</CORS>
    <FOGN>57,650000</FOGN>
    <FRAN>57,650000</FRAN>
    <GREC>57,650000</GREC>
    <MFTV>57,650000</MFTV>
    <PRGP>60,650000</PRGP>
    <ROSN>57,650000</ROSN>
    <SLOV>57,650000</SLOV>
    <SVIZ>57,650000</SVIZ>
    <BSP>57,650000</BSP>
    <MALT>60,650000</MALT>
    <XAUS>57,650000</XAUS>
    <XFRA>57,650000</XFRA>
  </Prezzi>
</NewDataSet>