<?xml version="1.0" standalone="yes"?>
<NewDataSet>
  <xs:schema id="NewDataSet" xmlns="" xmlns:xs="http://www.w3.org/2001/XMLSchema" xmlns:msdata="urn:schemas-microsoft-com:xml-msdata">
    <xs:element name="NewDataSet" msdata:IsDataSet="true" msdata:UseCurrentLocale="true">
      <xs:complexType>
        <xs:choice minOccurs="0" maxOccurs="unbounded">
          <xs:element name="Prezzi">
            <xs:complexType>
              <xs:sequence>
                <xs:element name="Data" type="xs:string" minOccurs="0" />
                <xs:element name="Mercato" type="xs:string" minOccurs="0" />
                <xs:element name="Ora" type="xs:string" minOccurs="0" />
                <xs:element name="PUN" type="xs:string" minOccurs="0" />
                <xs:element name="NAT" type="xs:string" minOccurs="0" />
                <xs:element name="CNOR" type="xs:string" minOccurs="0" />
                <xs:element name="CSUD" type="xs:string" minOccurs="0" />
                <xs:element name="NORD" type="xs:string" minOccurs="0" />
                <xs:element name="SARD" type="xs:string" minOccurs="0" />
                <xs:element name="SICI" type="xs:string" minOccurs="0" />
                <xs:element name="SUD" type="xs:string" minOccurs="0" />
                <xs:element name="AUST" type="xs:string" minOccurs="0" />
                <xs:element name="BRNN" type="xs:string" minOccurs="0" />
                <xs:element name="COAC" type="xs:string" minOccurs="0" />
                <xs:element name="CORS" type="xs:string" minOccurs="0" />
                <xs:element name="FOGN" type="xs:string" minOccurs="0" />
                <xs:element name="FRAN" type="xs:string" minOccurs="0" />
                <xs:element name="GREC" type="xs:string" minOccurs="0" />
                <xs:element name="MFTV" type="xs:string" minOccurs="0" />
                <xs:element name="PRGP" type="xs:string" minOccurs="0" />
                <xs:element name="ROSN" type="xs:string" minOccurs="0" />
                <xs:element name="SLOV" type="xs:string" minOccurs="0" />
                <xs:element name="SVIZ" type="xs:string" minOccurs="0" />
                <xs:element name="BSP" type="xs:string" minOccurs="0" />
                <xs:element name="MALT" type="xs:string" minOccurs="0" />
                <xs:element name="XAUS" type="xs:string" minOccurs="0" />
                <xs:element name="XFRA" type="xs:string" minOccurs="0" />
              </xs:sequence>
            </xs:complexType>
          </xs:element>
        </xs:choice>
      </xs:complexType>
    </xs:element>
  </xs:schema>
  <Prezzi>
    <Data>20150824</Data>
    <Mercato>MGP</Mercato>
    <Ora>1</Ora>
    <PUN>50,758200</PUN>
    <NAT>55,390000</NAT>
    <CNOR>55,390000</CNOR>
    <CSUD>55,390000</CSUD>
    <NORD>44,840000</NORD>
    <SARD>55,390000</SARD>
    <SICI>60,650000</SICI>
    <SUD>55,390000</SUD>
    <AUST>44,840000</AUST>
    <BRNN>55,390000</BRNN>
    <COAC>55,390000</COAC>
    <CORS>55,390000</CORS>
    <FOGN>55,390000</FOGN>
    <FRAN>44,840000</FRAN>
    <GREC>55,390000</GREC>
    <MFTV>44,840000</MFTV>
    <PRGP>60,650000</PRGP>
    <ROSN>55,390000</ROSN>
    <SLOV>44,840000</SLOV>
    <SVIZ>44,840000</SVIZ>
    <BSP>44,840000</BSP>
    <MALT>60,650000</MALT>
    <XAUS>44,840000</XAUS>
    <XFRA>44,840000</XFRA>
  </Prezzi>
  <Prezzi>
    <Data>20150824</Data>
    <Mercato>MGP</Mercato>
    <Ora>2</Ora>
    <PUN>46,461230</PUN>
    <NAT>47,190000</NAT>
    <CNOR>46,000000</CNOR>
    <CSUD>46,000000</CSUD>
    <NORD>45,000000</NORD>
    <SARD>46,000000</SARD>
    <SICI>58,970000</SICI>
    <SUD>46,000000</SUD>
    <AUST>45,000000</AUST>
    <BRNN>46,000000</BRNN>
    <COAC>46,000000</COAC>
    <CORS>46,000000</CORS>
    <FOGN>46,000000</FOGN>
    <FRAN>45,000000</FRAN>
    <GREC>46,000000</GREC>
    <MFTV>45,000000</MFTV>
    <PRGP>58,970000</PRGP>
    <ROSN>46,000000</ROSN>
    <SLOV>45,000000</SLOV>
    <SVIZ>45,000000</SVIZ>
    <BSP>45,000000</BSP>
    <MALT>58,970000</MALT>
    <XAUS>45,000000</XAUS>
    <XFRA>45,000000</XFRA>
  </Prezzi>
  <Prezzi>
    <Data>20150824</Data>
    <Mercato>MGP</Mercato>
    <Ora>3</Ora>
    <PUN>47,239020</PUN>
    <NAT>48,400000</NAT>
    <CNOR>46,780000</CNOR>
    <CSUD>46,780000</CSUD>
    <NORD>46,000000</NORD>
    <SARD>46,780000</SARD>
    <SICI>58,970000</SICI>
    <SUD>46,780000</SUD>
    <AUST>46,000000</AUST>
    <BRNN>46,780000</BRNN>
    <COAC>46,780000</COAC>
    <CORS>46,780000</CORS>
    <FOGN>46,780000</FOGN>
    <FRAN>46,000000</FRAN>
    <GREC>46,780000</GREC>
    <MFTV>46,000000</MFTV>
    <PRGP>58,970000</PRGP>
    <ROSN>46,780000</ROSN>
    <SLOV>46,000000</SLOV>
    <SVIZ>46,000000</SVIZ>
    <BSP>46,000000</BSP>
    <MALT>58,970000</MALT>
    <XAUS>46,000000</XAUS>
    <XFRA>46,000000</XFRA>
  </Prezzi>
  <Prezzi>
    <Data>20150824</Data>
    <Mercato>MGP</Mercato>
    <Ora>4</Ora>
    <PUN>45,809460</PUN>
    <NAT>46,000000</NAT>
    <CNOR>45,300000</CNOR>
    <CSUD>45,300000</CSUD>
    <NORD>44,460000</NORD>
    <SARD>45,300000</SARD>
    <SICI>58,970000</SICI>
    <SUD>45,300000</SUD>
    <AUST>44,460000</AUST>
    <BRNN>45,300000</BRNN>
    <COAC>45,300000</COAC>
    <CORS>45,300000</CORS>
    <FOGN>45,300000</FOGN>
    <FRAN>44,460000</FRAN>
    <GREC>45,300000</GREC>
    <MFTV>44,460000</MFTV>
    <PRGP>58,970000</PRGP>
    <ROSN>45,300000</ROSN>
    <SLOV>44,460000</SLOV>
    <SVIZ>44,460000</SVIZ>
    <BSP>44,460000</BSP>
    <MALT>58,970000</MALT>
    <XAUS>44,460000</XAUS>
    <XFRA>44,460000</XFRA>
  </Prezzi>
  <Prezzi>
    <Data>20150824</Data>
    <Mercato>MGP</Mercato>
    <Ora>5</Ora>
    <PUN>45,431370</PUN>
    <NAT>45,190000</NAT>
    <CNOR>45,190000</CNOR>
    <CSUD>45,190000</CSUD>
    <NORD>43,760000</NORD>
    <SARD>45,190000</SARD>
    <SICI>58,970000</SICI>
    <SUD>45,190000</SUD>
    <AUST>43,760000</AUST>
    <BRNN>45,190000</BRNN>
    <COAC>45,190000</COAC>
    <CORS>45,190000</CORS>
    <FOGN>45,190000</FOGN>
    <FRAN>43,760000</FRAN>
    <GREC>45,190000</GREC>
    <MFTV>43,760000</MFTV>
    <PRGP>58,970000</PRGP>
    <ROSN>45,190000</ROSN>
    <SLOV>43,760000</SLOV>
    <SVIZ>43,760000</SVIZ>
    <BSP>43,760000</BSP>
    <MALT>58,970000</MALT>
    <XAUS>43,760000</XAUS>
    <XFRA>43,760000</XFRA>
  </Prezzi>
  <Prezzi>
    <Data>20150824</Data>
    <Mercato>MGP</Mercato>
    <Ora>6</Ora>
    <PUN>49,127620</PUN>
    <NAT>49,000000</NAT>
    <CNOR>53,100000</CNOR>
    <CSUD>53,100000</CSUD>
    <NORD>44,470000</NORD>
    <SARD>53,100000</SARD>
    <SICI>58,970000</SICI>
    <SUD>53,100000</SUD>
    <AUST>44,470000</AUST>
    <BRNN>53,100000</BRNN>
    <COAC>53,100000</COAC>
    <CORS>53,100000</CORS>
    <FOGN>53,100000</FOGN>
    <FRAN>44,470000</FRAN>
    <GREC>53,100000</GREC>
    <MFTV>44,470000</MFTV>
    <PRGP>58,970000</PRGP>
    <ROSN>53,100000</ROSN>
    <SLOV>44,470000</SLOV>
    <SVIZ>44,470000</SVIZ>
    <BSP>44,470000</BSP>
    <MALT>58,970000</MALT>
    <XAUS>44,470000</XAUS>
    <XFRA>44,470000</XFRA>
  </Prezzi>
  <Prezzi>
    <Data>20150824</Data>
    <Mercato>MGP</Mercato>
    <Ora>7</Ora>
    <PUN>49,425690</PUN>
    <NAT>49,300000</NAT>
    <CNOR>55,400000</CNOR>
    <CSUD>55,400000</CSUD>
    <NORD>43,100000</NORD>
    <SARD>55,400000</SARD>
    <SICI>58,970000</SICI>
    <SUD>55,400000</SUD>
    <AUST>43,100000</AUST>
    <BRNN>55,400000</BRNN>
    <COAC>55,400000</COAC>
    <CORS>55,400000</CORS>
    <FOGN>55,400000</FOGN>
    <FRAN>43,100000</FRAN>
    <GREC>55,400000</GREC>
    <MFTV>43,100000</MFTV>
    <PRGP>58,970000</PRGP>
    <ROSN>55,400000</ROSN>
    <SLOV>43,100000</SLOV>
    <SVIZ>43,100000</SVIZ>
    <BSP>43,100000</BSP>
    <MALT>58,970000</MALT>
    <XAUS>43,100000</XAUS>
    <XFRA>43,100000</XFRA>
  </Prezzi>
  <Prezzi>
    <Data>20150824</Data>
    <Mercato>MGP</Mercato>
    <Ora>8</Ora>
    <PUN>51,499130</PUN>
    <NAT>52,250000</NAT>
    <CNOR>55,390000</CNOR>
    <CSUD>55,390000</CSUD>
    <NORD>47,250000</NORD>
    <SARD>55,390000</SARD>
    <SICI>60,400000</SICI>
    <SUD>55,390000</SUD>
    <AUST>47,250000</AUST>
    <BRNN>55,390000</BRNN>
    <COAC>55,390000</COAC>
    <CORS>55,390000</CORS>
    <FOGN>55,390000</FOGN>
    <FRAN>47,250000</FRAN>
    <GREC>55,390000</GREC>
    <MFTV>47,250000</MFTV>
    <PRGP>60,400000</PRGP>
    <ROSN>55,390000</ROSN>
    <SLOV>47,250000</SLOV>
    <SVIZ>47,250000</SVIZ>
    <BSP>47,250000</BSP>
    <MALT>60,400000</MALT>
    <XAUS>47,250000</XAUS>
    <XFRA>47,250000</XFRA>
  </Prezzi>
  <Prezzi>
    <Data>20150824</Data>
    <Mercato>MGP</Mercato>
    <Ora>9</Ora>
    <PUN>52,548660</PUN>
    <NAT>55,390000</NAT>
    <CNOR>55,400000</CNOR>
    <CSUD>55,400000</CSUD>
    <NORD>49,300000</NORD>
    <SARD>55,400000</SARD>
    <SICI>60,650000</SICI>
    <SUD>55,400000</SUD>
    <AUST>49,300000</AUST>
    <BRNN>55,400000</BRNN>
    <COAC>55,400000</COAC>
    <CORS>55,400000</CORS>
    <FOGN>55,400000</FOGN>
    <FRAN>49,300000</FRAN>
    <GREC>55,400000</GREC>
    <MFTV>49,300000</MFTV>
    <PRGP>60,650000</PRGP>
    <ROSN>55,400000</ROSN>
    <SLOV>49,300000</SLOV>
    <SVIZ>49,300000</SVIZ>
    <BSP>49,300000</BSP>
    <MALT>60,650000</MALT>
    <XAUS>49,300000</XAUS>
    <XFRA>49,300000</XFRA>
  </Prezzi>
  <Prezzi>
    <Data>20150824</Data>
    <Mercato>MGP</Mercato>
    <Ora>10</Ora>
    <PUN>53,414750</PUN>
    <NAT>55,330000</NAT>
    <CNOR>55,010000</CNOR>
    <CSUD>55,010000</CSUD>
    <NORD>51,250000</NORD>
    <SARD>55,010000</SARD>
    <SICI>60,650000</SICI>
    <SUD>55,010000</SUD>
    <AUST>51,250000</AUST>
    <BRNN>55,010000</BRNN>
    <COAC>55,010000</COAC>
    <CORS>55,010000</CORS>
    <FOGN>55,010000</FOGN>
    <FRAN>51,250000</FRAN>
    <GREC>55,010000</GREC>
    <MFTV>51,250000</MFTV>
    <PRGP>60,650000</PRGP>
    <ROSN>55,010000</ROSN>
    <SLOV>51,250000</SLOV>
    <SVIZ>51,250000</SVIZ>
    <BSP>51,250000</BSP>
    <MALT>60,650000</MALT>
    <XAUS>51,250000</XAUS>
    <XFRA>51,250000</XFRA>
  </Prezzi>
  <Prezzi>
    <Data>20150824</Data>
    <Mercato>MGP</Mercato>
    <Ora>11</Ora>
    <PUN>52,015610</PUN>
    <NAT>53,870000</NAT>
    <CNOR>52,240000</CNOR>
    <CSUD>52,240000</CSUD>
    <NORD>51,000000</NORD>
    <SARD>52,240000</SARD>
    <SICI>58,970000</SICI>
    <SUD>52,240000</SUD>
    <AUST>51,000000</AUST>
    <BRNN>52,240000</BRNN>
    <COAC>52,240000</COAC>
    <CORS>52,240000</CORS>
    <FOGN>52,240000</FOGN>
    <FRAN>51,000000</FRAN>
    <GREC>52,240000</GREC>
    <MFTV>51,000000</MFTV>
    <PRGP>58,970000</PRGP>
    <ROSN>52,240000</ROSN>
    <SLOV>51,000000</SLOV>
    <SVIZ>51,000000</SVIZ>
    <BSP>51,000000</BSP>
    <MALT>58,970000</MALT>
    <XAUS>51,000000</XAUS>
    <XFRA>51,000000</XFRA>
  </Prezzi>
  <Prezzi>
    <Data>20150824</Data>
    <Mercato>MGP</Mercato>
    <Ora>12</Ora>
    <PUN>50,345440</PUN>
    <NAT>51,250000</NAT>
    <CNOR>49,850000</CNOR>
    <CSUD>49,850000</CSUD>
    <NORD>49,850000</NORD>
    <SARD>49,850000</SARD>
    <SICI>58,760000</SICI>
    <SUD>49,850000</SUD>
    <AUST>49,850000</AUST>
    <BRNN>49,850000</BRNN>
    <COAC>49,850000</COAC>
    <CORS>49,850000</CORS>
    <FOGN>49,850000</FOGN>
    <FRAN>49,850000</FRAN>
    <GREC>49,850000</GREC>
    <MFTV>49,850000</MFTV>
    <PRGP>58,760000</PRGP>
    <ROSN>49,850000</ROSN>
    <SLOV>49,850000</SLOV>
    <SVIZ>49,850000</SVIZ>
    <BSP>49,850000</BSP>
    <MALT>58,760000</MALT>
    <XAUS>49,850000</XAUS>
    <XFRA>49,850000</XFRA>
  </Prezzi>
  <Prezzi>
    <Data>20150824</Data>
    <Mercato>MGP</Mercato>
    <Ora>13</Ora>
    <PUN>49,285260</PUN>
    <NAT>49,970000</NAT>
    <CNOR>48,700000</CNOR>
    <CSUD>48,700000</CSUD>
    <NORD>48,700000</NORD>
    <SARD>48,700000</SARD>
    <SICI>58,760000</SICI>
    <SUD>48,700000</SUD>
    <AUST>48,700000</AUST>
    <BRNN>48,700000</BRNN>
    <COAC>48,700000</COAC>
    <CORS>48,700000</CORS>
    <FOGN>48,700000</FOGN>
    <FRAN>48,700000</FRAN>
    <GREC>48,700000</GREC>
    <MFTV>48,700000</MFTV>
    <PRGP>58,760000</PRGP>
    <ROSN>48,700000</ROSN>
    <SLOV>48,700000</SLOV>
    <SVIZ>48,700000</SVIZ>
    <BSP>48,700000</BSP>
    <MALT>58,760000</MALT>
    <XAUS>48,700000</XAUS>
    <XFRA>48,700000</XFRA>
  </Prezzi>
  <Prezzi>
    <Data>20150824</Data>
    <Mercato>MGP</Mercato>
    <Ora>14</Ora>
    <PUN>46,154010</PUN>
    <NAT>46,000000</NAT>
    <CNOR>45,380000</CNOR>
    <CSUD>45,380000</CSUD>
    <NORD>45,380000</NORD>
    <SARD>45,380000</SARD>
    <SICI>58,760000</SICI>
    <SUD>45,380000</SUD>
    <AUST>45,380000</AUST>
    <BRNN>45,380000</BRNN>
    <COAC>45,380000</COAC>
    <CORS>45,380000</CORS>
    <FOGN>45,380000</FOGN>
    <FRAN>45,380000</FRAN>
    <GREC>45,380000</GREC>
    <MFTV>45,380000</MFTV>
    <PRGP>58,760000</PRGP>
    <ROSN>45,380000</ROSN>
    <SLOV>45,380000</SLOV>
    <SVIZ>45,380000</SVIZ>
    <BSP>45,380000</BSP>
    <MALT>58,760000</MALT>
    <XAUS>45,380000</XAUS>
    <XFRA>45,380000</XFRA>
  </Prezzi>
  <Prezzi>
    <Data>20150824</Data>
    <Mercato>MGP</Mercato>
    <Ora>15</Ora>
    <PUN>44,986390</PUN>
    <NAT>44,300000</NAT>
    <CNOR>44,130000</CNOR>
    <CSUD>44,130000</CSUD>
    <NORD>44,130000</NORD>
    <SARD>44,130000</SARD>
    <SICI>58,760000</SICI>
    <SUD>44,130000</SUD>
    <AUST>44,130000</AUST>
    <BRNN>44,130000</BRNN>
    <COAC>44,130000</COAC>
    <CORS>44,130000</CORS>
    <FOGN>44,130000</FOGN>
    <FRAN>44,130000</FRAN>
    <GREC>44,130000</GREC>
    <MFTV>44,130000</MFTV>
    <PRGP>58,760000</PRGP>
    <ROSN>44,130000</ROSN>
    <SLOV>44,130000</SLOV>
    <SVIZ>44,130000</SVIZ>
    <BSP>44,130000</BSP>
    <MALT>58,760000</MALT>
    <XAUS>44,130000</XAUS>
    <XFRA>44,130000</XFRA>
  </Prezzi>
  <Prezzi>
    <Data>20150824</Data>
    <Mercato>MGP</Mercato>
    <Ora>16</Ora>
    <PUN>49,827770</PUN>
    <NAT>51,700000</NAT>
    <CNOR>49,300000</CNOR>
    <CSUD>49,300000</CSUD>
    <NORD>49,300000</NORD>
    <SARD>49,300000</SARD>
    <SICI>58,760000</SICI>
    <SUD>49,300000</SUD>
    <AUST>49,300000</AUST>
    <BRNN>49,300000</BRNN>
    <COAC>49,300000</COAC>
    <CORS>49,300000</CORS>
    <FOGN>49,300000</FOGN>
    <FRAN>49,300000</FRAN>
    <GREC>49,300000</GREC>
    <MFTV>49,300000</MFTV>
    <PRGP>58,760000</PRGP>
    <ROSN>49,300000</ROSN>
    <SLOV>49,300000</SLOV>
    <SVIZ>49,300000</SVIZ>
    <BSP>49,300000</BSP>
    <MALT>58,760000</MALT>
    <XAUS>49,300000</XAUS>
    <XFRA>49,300000</XFRA>
  </Prezzi>
  <Prezzi>
    <Data>20150824</Data>
    <Mercato>MGP</Mercato>
    <Ora>17</Ora>
    <PUN>50,892120</PUN>
    <NAT>51,990000</NAT>
    <CNOR>51,010000</CNOR>
    <CSUD>49,000000</CSUD>
    <NORD>51,010000</NORD>
    <SARD>49,000000</SARD>
    <SICI>58,970000</SICI>
    <SUD>49,000000</SUD>
    <AUST>51,010000</AUST>
    <BRNN>49,000000</BRNN>
    <COAC>49,000000</COAC>
    <CORS>51,010000</CORS>
    <FOGN>49,000000</FOGN>
    <FRAN>51,010000</FRAN>
    <GREC>49,000000</GREC>
    <MFTV>51,010000</MFTV>
    <PRGP>58,970000</PRGP>
    <ROSN>49,000000</ROSN>
    <SLOV>51,010000</SLOV>
    <SVIZ>51,010000</SVIZ>
    <BSP>51,010000</BSP>
    <MALT>58,970000</MALT>
    <XAUS>51,010000</XAUS>
    <XFRA>51,010000</XFRA>
  </Prezzi>
  <Prezzi>
    <Data>20150824</Data>
    <Mercato>MGP</Mercato>
    <Ora>18</Ora>
    <PUN>50,545740</PUN>
    <NAT>52,700000</NAT>
    <CNOR>49,850000</CNOR>
    <CSUD>49,850000</CSUD>
    <NORD>49,850000</NORD>
    <SARD>49,850000</SARD>
    <SICI>60,650000</SICI>
    <SUD>49,850000</SUD>
    <AUST>49,850000</AUST>
    <BRNN>49,850000</BRNN>
    <COAC>49,850000</COAC>
    <CORS>49,850000</CORS>
    <FOGN>49,850000</FOGN>
    <FRAN>49,850000</FRAN>
    <GREC>49,850000</GREC>
    <MFTV>49,850000</MFTV>
    <PRGP>60,650000</PRGP>
    <ROSN>49,850000</ROSN>
    <SLOV>49,850000</SLOV>
    <SVIZ>49,850000</SVIZ>
    <BSP>49,850000</BSP>
    <MALT>60,650000</MALT>
    <XAUS>49,850000</XAUS>
    <XFRA>49,850000</XFRA>
  </Prezzi>
  <Prezzi>
    <Data>20150824</Data>
    <Mercato>MGP</Mercato>
    <Ora>19</Ora>
    <PUN>51,116510</PUN>
    <NAT>52,070000</NAT>
    <CNOR>51,020000</CNOR>
    <CSUD>51,020000</CSUD>
    <NORD>50,000000</NORD>
    <SARD>51,020000</SARD>
    <SICI>60,650000</SICI>
    <SUD>51,020000</SUD>
    <AUST>50,000000</AUST>
    <BRNN>51,020000</BRNN>
    <COAC>51,020000</COAC>
    <CORS>51,020000</CORS>
    <FOGN>51,020000</FOGN>
    <FRAN>50,000000</FRAN>
    <GREC>51,020000</GREC>
    <MFTV>50,000000</MFTV>
    <PRGP>60,650000</PRGP>
    <ROSN>51,020000</ROSN>
    <SLOV>50,000000</SLOV>
    <SVIZ>50,000000</SVIZ>
    <BSP>50,000000</BSP>
    <MALT>60,650000</MALT>
    <XAUS>50,000000</XAUS>
    <XFRA>50,000000</XFRA>
  </Prezzi>
  <Prezzi>
    <Data>20150824</Data>
    <Mercato>MGP</Mercato>
    <Ora>20</Ora>
    <PUN>55,564220</PUN>
    <NAT>57,230000</NAT>
    <CNOR>55,390000</CNOR>
    <CSUD>55,390000</CSUD>
    <NORD>54,990000</NORD>
    <SARD>55,390000</SARD>
    <SICI>60,990000</SICI>
    <SUD>55,390000</SUD>
    <AUST>54,990000</AUST>
    <BRNN>55,390000</BRNN>
    <COAC>55,390000</COAC>
    <CORS>55,390000</CORS>
    <FOGN>55,390000</FOGN>
    <FRAN>54,990000</FRAN>
    <GREC>55,390000</GREC>
    <MFTV>54,990000</MFTV>
    <PRGP>60,990000</PRGP>
    <ROSN>55,390000</ROSN>
    <SLOV>54,990000</SLOV>
    <SVIZ>54,990000</SVIZ>
    <BSP>54,990000</BSP>
    <MALT>60,990000</MALT>
    <XAUS>54,990000</XAUS>
    <XFRA>54,990000</XFRA>
  </Prezzi>
  <Prezzi>
    <Data>20150824</Data>
    <Mercato>MGP</Mercato>
    <Ora>21</Ora>
    <PUN>62,417280</PUN>
    <NAT>61,080000</NAT>
    <CNOR>65,000000</CNOR>
    <CSUD>65,000000</CSUD>
    <NORD>58,280000</NORD>
    <SARD>65,000000</SARD>
    <SICI>75,490000</SICI>
    <SUD>65,000000</SUD>
    <AUST>58,280000</AUST>
    <BRNN>65,000000</BRNN>
    <COAC>65,000000</COAC>
    <CORS>65,000000</CORS>
    <FOGN>65,000000</FOGN>
    <FRAN>58,280000</FRAN>
    <GREC>65,000000</GREC>
    <MFTV>58,280000</MFTV>
    <PRGP>75,490000</PRGP>
    <ROSN>65,000000</ROSN>
    <SLOV>58,280000</SLOV>
    <SVIZ>58,280000</SVIZ>
    <BSP>58,280000</BSP>
    <MALT>75,490000</MALT>
    <XAUS>58,280000</XAUS>
    <XFRA>58,280000</XFRA>
  </Prezzi>
  <Prezzi>
    <Data>20150824</Data>
    <Mercato>MGP</Mercato>
    <Ora>22</Ora>
    <PUN>56,842420</PUN>
    <NAT>58,760000</NAT>
    <CNOR>57,050000</CNOR>
    <CSUD>57,050000</CSUD>
    <NORD>56,180000</NORD>
    <SARD>57,050000</SARD>
    <SICI>60,650000</SICI>
    <SUD>57,050000</SUD>
    <AUST>56,180000</AUST>
    <BRNN>57,050000</BRNN>
    <COAC>57,050000</COAC>
    <CORS>57,050000</CORS>
    <FOGN>57,050000</FOGN>
    <FRAN>56,180000</FRAN>
    <GREC>57,050000</GREC>
    <MFTV>56,180000</MFTV>
    <PRGP>60,650000</PRGP>
    <ROSN>57,050000</ROSN>
    <SLOV>56,180000</SLOV>
    <SVIZ>56,180000</SVIZ>
    <BSP>56,180000</BSP>
    <MALT>60,650000</MALT>
    <XAUS>56,180000</XAUS>
    <XFRA>56,180000</XFRA>
  </Prezzi>
  <Prezzi>
    <Data>20150824</Data>
    <Mercato>MGP</Mercato>
    <Ora>23</Ora>
    <PUN>54,025590</PUN>
    <NAT>55,340000</NAT>
    <CNOR>53,560000</CNOR>
    <CSUD>53,560000</CSUD>
    <NORD>53,560000</NORD>
    <SARD>53,560000</SARD>
    <SICI>60,650000</SICI>
    <SUD>53,560000</SUD>
    <AUST>53,560000</AUST>
    <BRNN>53,560000</BRNN>
    <COAC>53,560000</COAC>
    <CORS>53,560000</CORS>
    <FOGN>53,560000</FOGN>
    <FRAN>53,560000</FRAN>
    <GREC>53,560000</GREC>
    <MFTV>53,560000</MFTV>
    <PRGP>60,650000</PRGP>
    <ROSN>53,560000</ROSN>
    <SLOV>53,560000</SLOV>
    <SVIZ>53,560000</SVIZ>
    <BSP>53,560000</BSP>
    <MALT>60,650000</MALT>
    <XAUS>53,560000</XAUS>
    <XFRA>53,560000</XFRA>
  </Prezzi>
  <Prezzi>
    <Data>20150824</Data>
    <Mercato>MGP</Mercato>
    <Ora>24</Ora>
    <PUN>51,152080</PUN>
    <NAT>51,990000</NAT>
    <CNOR>50,640000</CNOR>
    <CSUD>50,640000</CSUD>
    <NORD>50,640000</NORD>
    <SARD>50,640000</SARD>
    <SICI>58,970000</SICI>
    <SUD>50,640000</SUD>
    <AUST>50,640000</AUST>
    <BRNN>50,640000</BRNN>
    <COAC>50,640000</COAC>
    <CORS>50,640000</CORS>
    <FOGN>50,640000</FOGN>
    <FRAN>50,640000</FRAN>
    <GREC>50,640000</GREC>
    <MFTV>50,640000</MFTV>
    <PRGP>58,970000</PRGP>
    <ROSN>50,640000</ROSN>
    <SLOV>50,640000</SLOV>
    <SVIZ>50,640000</SVIZ>
    <BSP>50,640000</BSP>
    <MALT>58,970000</MALT>
    <XAUS>50,640000</XAUS>
    <XFRA>50,640000</XFRA>
  </Prezzi>
</NewDataSet>