<?xml version="1.0" standalone="yes"?>
<NewDataSet>
  <xs:schema id="NewDataSet" xmlns="" xmlns:xs="http://www.w3.org/2001/XMLSchema" xmlns:msdata="urn:schemas-microsoft-com:xml-msdata">
    <xs:element name="NewDataSet" msdata:IsDataSet="true" msdata:UseCurrentLocale="true">
      <xs:complexType>
        <xs:choice minOccurs="0" maxOccurs="unbounded">
          <xs:element name="negoziazione_continua">
            <xs:complexType>
              <xs:sequence>
                <xs:element name="DataSessione" type="xs:string" minOccurs="0" />
                <xs:element name="NomeProdotto" type="xs:string" minOccurs="0" />
                <xs:element name="PrimoPrezzo" type="xs:decimal" minOccurs="0" />
                <xs:element name="UltimoPrezzo" type="xs:decimal" minOccurs="0" />
                <xs:element name="PrezzoMassimo" type="xs:decimal" minOccurs="0" />
                <xs:element name="PrezzoMinimo" type="xs:decimal" minOccurs="0" />
                <xs:element name="PrezzoMedio" type="xs:decimal" minOccurs="0" />
                <xs:element name="PrezzoControllo" type="xs:decimal" minOccurs="0" />
                <xs:element name="Volumi" type="xs:decimal" minOccurs="0" />
                <xs:element name="PosizioniAperte" type="xs:decimal" minOccurs="0" />
                <xs:element name="Abbinamenti" type="xs:int" minOccurs="0" />
              </xs:sequence>
            </xs:complexType>
          </xs:element>
        </xs:choice>
      </xs:complexType>
    </xs:element>
  </xs:schema>
  <negoziazione_continua>
    <DataSessione>20170926</DataSessione>
    <NomeProdotto>MGP-2017-09-27</NomeProdotto>
    <PrimoPrezzo>19.8000</PrimoPrezzo>
    <UltimoPrezzo>19.8750</UltimoPrezzo>
    <PrezzoMassimo>19.8750</PrezzoMassimo>
    <PrezzoMinimo>19.7000</PrezzoMinimo>
    <PrezzoMedio>19.819691</PrezzoMedio>
    <PrezzoControllo>19.7510</PrezzoControllo>
    <Volumi>9242.49000</Volumi>
    <PosizioniAperte>9242.490000</PosizioniAperte>
    <Abbinamenti>8</Abbinamenti>
  </negoziazione_continua>
  <negoziazione_continua>
    <DataSessione>20170926</DataSessione>
    <NomeProdotto>MGP-2017-09-28</NomeProdotto>
    <PrezzoControllo>19.5730</PrezzoControllo>
    <PosizioniAperte>0.000000</PosizioniAperte>
    <Abbinamenti>0</Abbinamenti>
  </negoziazione_continua>
  <negoziazione_continua>
    <DataSessione>20170926</DataSessione>
    <NomeProdotto>MGP-2017-09-29</NomeProdotto>
    <PrezzoControllo>19.5730</PrezzoControllo>
    <PosizioniAperte>0.000000</PosizioniAperte>
    <Abbinamenti>0</Abbinamenti>
  </negoziazione_continua>
</NewDataSet>