<?xml version="1.0" standalone="yes"?>
<NewDataSet>
  <xs:schema id="NewDataSet" xmlns="" xmlns:xs="http://www.w3.org/2001/XMLSchema" xmlns:msdata="urn:schemas-microsoft-com:xml-msdata">
    <xs:element name="NewDataSet" msdata:IsDataSet="true" msdata:UseCurrentLocale="true">
      <xs:complexType>
        <xs:choice minOccurs="0" maxOccurs="unbounded">
          <xs:element name="negoziazione_continua">
            <xs:complexType>
              <xs:sequence>
                <xs:element name="DataSessione" type="xs:string" minOccurs="0" />
                <xs:element name="NomeProdotto" type="xs:string" minOccurs="0" />
                <xs:element name="PrimoPrezzo" type="xs:decimal" minOccurs="0" />
                <xs:element name="UltimoPrezzo" type="xs:decimal" minOccurs="0" />
                <xs:element name="PrezzoMassimo" type="xs:decimal" minOccurs="0" />
                <xs:element name="PrezzoMinimo" type="xs:decimal" minOccurs="0" />
                <xs:element name="PrezzoMedio" type="xs:decimal" minOccurs="0" />
                <xs:element name="PrezzoControllo" type="xs:decimal" minOccurs="0" />
                <xs:element name="Volumi" type="xs:decimal" minOccurs="0" />
                <xs:element name="PosizioniAperte" type="xs:decimal" minOccurs="0" />
                <xs:element name="Abbinamenti" type="xs:int" minOccurs="0" />
              </xs:sequence>
            </xs:complexType>
          </xs:element>
        </xs:choice>
      </xs:complexType>
    </xs:element>
  </xs:schema>
  <negoziazione_continua>
    <DataSessione>20170907</DataSessione>
    <NomeProdotto>MGP-2017-09-08</NomeProdotto>
    <PrimoPrezzo>18.8000</PrimoPrezzo>
    <UltimoPrezzo>18.8000</UltimoPrezzo>
    <PrezzoMassimo>18.8500</PrezzoMassimo>
    <PrezzoMinimo>18.8000</PrezzoMinimo>
    <PrezzoMedio>18.812992</PrezzoMedio>
    <PrezzoControllo>18.9140</PrezzoControllo>
    <Volumi>10160.00000</Volumi>
    <PosizioniAperte>10160.000000</PosizioniAperte>
    <Abbinamenti>7</Abbinamenti>
  </negoziazione_continua>
  <negoziazione_continua>
    <DataSessione>20170907</DataSessione>
    <NomeProdotto>MGP-2017-09-09</NomeProdotto>
    <PrezzoControllo>18.9220</PrezzoControllo>
    <PosizioniAperte>240.000000</PosizioniAperte>
    <Abbinamenti>0</Abbinamenti>
  </negoziazione_continua>
  <negoziazione_continua>
    <DataSessione>20170907</DataSessione>
    <NomeProdotto>MGP-2017-09-10</NomeProdotto>
    <PrimoPrezzo>17.6000</PrimoPrezzo>
    <UltimoPrezzo>17.6000</UltimoPrezzo>
    <PrezzoMassimo>17.6000</PrezzoMassimo>
    <PrezzoMinimo>17.6000</PrezzoMinimo>
    <PrezzoMedio>17.600000</PrezzoMedio>
    <PrezzoControllo>18.0640</PrezzoControllo>
    <Volumi>1200.00000</Volumi>
    <PosizioniAperte>1200.000000</PosizioniAperte>
    <Abbinamenti>1</Abbinamenti>
  </negoziazione_continua>
</NewDataSet>