<?xml version="1.0" standalone="yes"?>
<NewDataSet>
  <xs:schema id="NewDataSet" xmlns="" xmlns:xs="http://www.w3.org/2001/XMLSchema" xmlns:msdata="urn:schemas-microsoft-com:xml-msdata">
    <xs:element name="NewDataSet" msdata:IsDataSet="true" msdata:UseCurrentLocale="true">
      <xs:complexType>
        <xs:choice minOccurs="0" maxOccurs="unbounded">
          <xs:element name="Prezzi">
            <xs:complexType>
              <xs:sequence>
                <xs:element name="Data" type="xs:string" minOccurs="0" />
                <xs:element name="Mercato" type="xs:string" minOccurs="0" />
                <xs:element name="Ora" type="xs:string" minOccurs="0" />
                <xs:element name="PUN" type="xs:string" minOccurs="0" />
                <xs:element name="NAT" type="xs:string" minOccurs="0" />
                <xs:element name="CNOR" type="xs:string" minOccurs="0" />
                <xs:element name="CSUD" type="xs:string" minOccurs="0" />
                <xs:element name="NORD" type="xs:string" minOccurs="0" />
                <xs:element name="SARD" type="xs:string" minOccurs="0" />
                <xs:element name="SICI" type="xs:string" minOccurs="0" />
                <xs:element name="SUD" type="xs:string" minOccurs="0" />
                <xs:element name="AUST" type="xs:string" minOccurs="0" />
                <xs:element name="BRNN" type="xs:string" minOccurs="0" />
                <xs:element name="COAC" type="xs:string" minOccurs="0" />
                <xs:element name="CORS" type="xs:string" minOccurs="0" />
                <xs:element name="FOGN" type="xs:string" minOccurs="0" />
                <xs:element name="FRAN" type="xs:string" minOccurs="0" />
                <xs:element name="GREC" type="xs:string" minOccurs="0" />
                <xs:element name="MFTV" type="xs:string" minOccurs="0" />
                <xs:element name="PRGP" type="xs:string" minOccurs="0" />
                <xs:element name="ROSN" type="xs:string" minOccurs="0" />
                <xs:element name="SLOV" type="xs:string" minOccurs="0" />
                <xs:element name="SVIZ" type="xs:string" minOccurs="0" />
                <xs:element name="BSP" type="xs:string" minOccurs="0" />
                <xs:element name="MALT" type="xs:string" minOccurs="0" />
                <xs:element name="XAUS" type="xs:string" minOccurs="0" />
                <xs:element name="XFRA" type="xs:string" minOccurs="0" />
              </xs:sequence>
            </xs:complexType>
          </xs:element>
        </xs:choice>
      </xs:complexType>
    </xs:element>
  </xs:schema>
  <Prezzi>
    <Data>20170323</Data>
    <Mercato>MGP</Mercato>
    <Ora>1</Ora>
    <PUN>39,031000</PUN>
    <NAT>38,270000</NAT>
    <CNOR>38,140000</CNOR>
    <CSUD>38,140000</CSUD>
    <NORD>38,140000</NORD>
    <SARD>38,140000</SARD>
    <SICI>52,440000</SICI>
    <SUD>38,140000</SUD>
    <AUST>38,140000</AUST>
    <BRNN>38,140000</BRNN>
    <COAC>38,140000</COAC>
    <CORS>38,140000</CORS>
    <FOGN>38,140000</FOGN>
    <FRAN>38,140000</FRAN>
    <GREC>38,140000</GREC>
    <MFTV>38,140000</MFTV>
    <PRGP>52,440000</PRGP>
    <ROSN>38,140000</ROSN>
    <SLOV>38,140000</SLOV>
    <SVIZ>38,140000</SVIZ>
    <BSP>38,140000</BSP>
    <MALT>52,440000</MALT>
    <XAUS>38,140000</XAUS>
    <XFRA>38,140000</XFRA>
  </Prezzi>
  <Prezzi>
    <Data>20170323</Data>
    <Mercato>MGP</Mercato>
    <Ora>2</Ora>
    <PUN>34,824530</PUN>
    <NAT>34,620000</NAT>
    <CNOR>34,190000</CNOR>
    <CSUD>36,100000</CSUD>
    <NORD>34,190000</NORD>
    <SARD>36,100000</SARD>
    <SICI>36,100000</SICI>
    <SUD>36,100000</SUD>
    <AUST>34,190000</AUST>
    <BRNN>36,100000</BRNN>
    <COAC>36,100000</COAC>
    <CORS>36,100000</CORS>
    <FOGN>36,100000</FOGN>
    <FRAN>34,190000</FRAN>
    <GREC>36,100000</GREC>
    <MFTV>34,190000</MFTV>
    <PRGP>36,100000</PRGP>
    <ROSN>36,100000</ROSN>
    <SLOV>34,190000</SLOV>
    <SVIZ>34,190000</SVIZ>
    <BSP>34,190000</BSP>
    <MALT>36,100000</MALT>
    <XAUS>34,190000</XAUS>
    <XFRA>34,190000</XFRA>
  </Prezzi>
  <Prezzi>
    <Data>20170323</Data>
    <Mercato>MGP</Mercato>
    <Ora>3</Ora>
    <PUN>32,503140</PUN>
    <NAT>32,490000</NAT>
    <CNOR>32,490000</CNOR>
    <CSUD>32,530000</CSUD>
    <NORD>32,490000</NORD>
    <SARD>32,530000</SARD>
    <SICI>32,530000</SICI>
    <SUD>32,530000</SUD>
    <AUST>32,490000</AUST>
    <BRNN>32,530000</BRNN>
    <COAC>32,530000</COAC>
    <CORS>32,530000</CORS>
    <FOGN>32,530000</FOGN>
    <FRAN>32,490000</FRAN>
    <GREC>32,530000</GREC>
    <MFTV>32,490000</MFTV>
    <PRGP>32,530000</PRGP>
    <ROSN>32,530000</ROSN>
    <SLOV>32,490000</SLOV>
    <SVIZ>32,490000</SVIZ>
    <BSP>32,490000</BSP>
    <MALT>32,530000</MALT>
    <XAUS>32,490000</XAUS>
    <XFRA>32,490000</XFRA>
  </Prezzi>
  <Prezzi>
    <Data>20170323</Data>
    <Mercato>MGP</Mercato>
    <Ora>4</Ora>
    <PUN>31,870160</PUN>
    <NAT>32,460000</NAT>
    <CNOR>31,550000</CNOR>
    <CSUD>32,530000</CSUD>
    <NORD>31,550000</NORD>
    <SARD>32,530000</SARD>
    <SICI>32,530000</SICI>
    <SUD>32,530000</SUD>
    <AUST>31,550000</AUST>
    <BRNN>32,530000</BRNN>
    <COAC>32,530000</COAC>
    <CORS>32,530000</CORS>
    <FOGN>32,530000</FOGN>
    <FRAN>31,550000</FRAN>
    <GREC>32,530000</GREC>
    <MFTV>31,550000</MFTV>
    <PRGP>32,530000</PRGP>
    <ROSN>32,530000</ROSN>
    <SLOV>31,550000</SLOV>
    <SVIZ>31,550000</SVIZ>
    <BSP>31,550000</BSP>
    <MALT>32,530000</MALT>
    <XAUS>31,550000</XAUS>
    <XFRA>31,550000</XFRA>
  </Prezzi>
  <Prezzi>
    <Data>20170323</Data>
    <Mercato>MGP</Mercato>
    <Ora>5</Ora>
    <PUN>33,170000</PUN>
    <NAT>33,170000</NAT>
    <CNOR>33,170000</CNOR>
    <CSUD>33,170000</CSUD>
    <NORD>33,170000</NORD>
    <SARD>33,170000</SARD>
    <SICI>33,170000</SICI>
    <SUD>33,170000</SUD>
    <AUST>33,170000</AUST>
    <BRNN>33,170000</BRNN>
    <COAC>33,170000</COAC>
    <CORS>33,170000</CORS>
    <FOGN>33,170000</FOGN>
    <FRAN>33,170000</FRAN>
    <GREC>33,170000</GREC>
    <MFTV>33,170000</MFTV>
    <PRGP>33,170000</PRGP>
    <ROSN>33,170000</ROSN>
    <SLOV>33,170000</SLOV>
    <SVIZ>33,170000</SVIZ>
    <BSP>33,170000</BSP>
    <MALT>33,170000</MALT>
    <XAUS>33,170000</XAUS>
    <XFRA>33,170000</XFRA>
  </Prezzi>
  <Prezzi>
    <Data>20170323</Data>
    <Mercato>MGP</Mercato>
    <Ora>6</Ora>
    <PUN>36,540000</PUN>
    <NAT>36,540000</NAT>
    <CNOR>36,540000</CNOR>
    <CSUD>36,540000</CSUD>
    <NORD>36,540000</NORD>
    <SARD>36,540000</SARD>
    <SICI>36,540000</SICI>
    <SUD>36,540000</SUD>
    <AUST>36,540000</AUST>
    <BRNN>36,540000</BRNN>
    <COAC>36,540000</COAC>
    <CORS>36,540000</CORS>
    <FOGN>36,540000</FOGN>
    <FRAN>36,540000</FRAN>
    <GREC>36,540000</GREC>
    <MFTV>36,540000</MFTV>
    <PRGP>36,540000</PRGP>
    <ROSN>36,540000</ROSN>
    <SLOV>36,540000</SLOV>
    <SVIZ>36,540000</SVIZ>
    <BSP>36,540000</BSP>
    <MALT>36,540000</MALT>
    <XAUS>36,540000</XAUS>
    <XFRA>36,540000</XFRA>
  </Prezzi>
  <Prezzi>
    <Data>20170323</Data>
    <Mercato>MGP</Mercato>
    <Ora>7</Ora>
    <PUN>42,000000</PUN>
    <NAT>42,000000</NAT>
    <CNOR>42,000000</CNOR>
    <CSUD>42,000000</CSUD>
    <NORD>42,000000</NORD>
    <SARD>42,000000</SARD>
    <SICI>42,000000</SICI>
    <SUD>42,000000</SUD>
    <AUST>42,000000</AUST>
    <BRNN>42,000000</BRNN>
    <COAC>42,000000</COAC>
    <CORS>42,000000</CORS>
    <FOGN>42,000000</FOGN>
    <FRAN>42,000000</FRAN>
    <GREC>42,000000</GREC>
    <MFTV>42,000000</MFTV>
    <PRGP>42,000000</PRGP>
    <ROSN>42,000000</ROSN>
    <SLOV>42,000000</SLOV>
    <SVIZ>42,000000</SVIZ>
    <BSP>42,000000</BSP>
    <MALT>42,000000</MALT>
    <XAUS>42,000000</XAUS>
    <XFRA>42,000000</XFRA>
  </Prezzi>
  <Prezzi>
    <Data>20170323</Data>
    <Mercato>MGP</Mercato>
    <Ora>8</Ora>
    <PUN>45,953670</PUN>
    <NAT>45,630000</NAT>
    <CNOR>45,460000</CNOR>
    <CSUD>45,460000</CSUD>
    <NORD>45,460000</NORD>
    <SARD>45,460000</SARD>
    <SICI>54,440000</SICI>
    <SUD>45,460000</SUD>
    <AUST>45,460000</AUST>
    <BRNN>45,460000</BRNN>
    <COAC>45,460000</COAC>
    <CORS>45,460000</CORS>
    <FOGN>45,460000</FOGN>
    <FRAN>45,460000</FRAN>
    <GREC>45,460000</GREC>
    <MFTV>45,460000</MFTV>
    <PRGP>54,440000</PRGP>
    <ROSN>45,460000</ROSN>
    <SLOV>45,460000</SLOV>
    <SVIZ>45,460000</SVIZ>
    <BSP>45,460000</BSP>
    <MALT>54,440000</MALT>
    <XAUS>45,460000</XAUS>
    <XFRA>45,460000</XFRA>
  </Prezzi>
  <Prezzi>
    <Data>20170323</Data>
    <Mercato>MGP</Mercato>
    <Ora>9</Ora>
    <PUN>49,720180</PUN>
    <NAT>48,440000</NAT>
    <CNOR>48,620000</CNOR>
    <CSUD>48,620000</CSUD>
    <NORD>48,620000</NORD>
    <SARD>48,620000</SARD>
    <SICI>69,980000</SICI>
    <SUD>48,000000</SUD>
    <AUST>48,620000</AUST>
    <BRNN>48,000000</BRNN>
    <COAC>48,620000</COAC>
    <CORS>48,620000</CORS>
    <FOGN>48,000000</FOGN>
    <FRAN>48,620000</FRAN>
    <GREC>48,000000</GREC>
    <MFTV>48,620000</MFTV>
    <PRGP>69,980000</PRGP>
    <ROSN>48,000000</ROSN>
    <SLOV>48,620000</SLOV>
    <SVIZ>48,620000</SVIZ>
    <BSP>48,620000</BSP>
    <MALT>69,980000</MALT>
    <XAUS>48,620000</XAUS>
    <XFRA>48,620000</XFRA>
  </Prezzi>
  <Prezzi>
    <Data>20170323</Data>
    <Mercato>MGP</Mercato>
    <Ora>10</Ora>
    <PUN>47,610780</PUN>
    <NAT>47,770000</NAT>
    <CNOR>48,010000</CNOR>
    <CSUD>48,010000</CSUD>
    <NORD>48,010000</NORD>
    <SARD>48,010000</SARD>
    <SICI>45,010000</SICI>
    <SUD>44,590000</SUD>
    <AUST>48,010000</AUST>
    <BRNN>44,590000</BRNN>
    <COAC>48,010000</COAC>
    <CORS>48,010000</CORS>
    <FOGN>44,590000</FOGN>
    <FRAN>48,010000</FRAN>
    <GREC>44,590000</GREC>
    <MFTV>48,010000</MFTV>
    <PRGP>45,010000</PRGP>
    <ROSN>44,590000</ROSN>
    <SLOV>48,010000</SLOV>
    <SVIZ>48,010000</SVIZ>
    <BSP>48,010000</BSP>
    <MALT>45,010000</MALT>
    <XAUS>48,010000</XAUS>
    <XFRA>48,010000</XFRA>
  </Prezzi>
  <Prezzi>
    <Data>20170323</Data>
    <Mercato>MGP</Mercato>
    <Ora>11</Ora>
    <PUN>44,929580</PUN>
    <NAT>44,680000</NAT>
    <CNOR>45,760000</CNOR>
    <CSUD>45,760000</CSUD>
    <NORD>45,760000</NORD>
    <SARD>45,760000</SARD>
    <SICI>38,860000</SICI>
    <SUD>38,860000</SUD>
    <AUST>45,760000</AUST>
    <BRNN>38,860000</BRNN>
    <COAC>45,760000</COAC>
    <CORS>45,760000</CORS>
    <FOGN>38,860000</FOGN>
    <FRAN>45,760000</FRAN>
    <GREC>38,860000</GREC>
    <MFTV>45,760000</MFTV>
    <PRGP>38,860000</PRGP>
    <ROSN>38,860000</ROSN>
    <SLOV>45,760000</SLOV>
    <SVIZ>45,760000</SVIZ>
    <BSP>45,760000</BSP>
    <MALT>38,860000</MALT>
    <XAUS>45,760000</XAUS>
    <XFRA>45,760000</XFRA>
  </Prezzi>
  <Prezzi>
    <Data>20170323</Data>
    <Mercato>MGP</Mercato>
    <Ora>12</Ora>
    <PUN>43,896620</PUN>
    <NAT>41,340000</NAT>
    <CNOR>45,100000</CNOR>
    <CSUD>45,100000</CSUD>
    <NORD>45,100000</NORD>
    <SARD>45,100000</SARD>
    <SICI>34,980000</SICI>
    <SUD>34,980000</SUD>
    <AUST>45,100000</AUST>
    <BRNN>34,980000</BRNN>
    <COAC>45,100000</COAC>
    <CORS>45,100000</CORS>
    <FOGN>34,980000</FOGN>
    <FRAN>45,100000</FRAN>
    <GREC>34,980000</GREC>
    <MFTV>45,100000</MFTV>
    <PRGP>34,980000</PRGP>
    <ROSN>34,980000</ROSN>
    <SLOV>45,100000</SLOV>
    <SVIZ>45,100000</SVIZ>
    <BSP>45,100000</BSP>
    <MALT>34,980000</MALT>
    <XAUS>45,100000</XAUS>
    <XFRA>45,100000</XFRA>
  </Prezzi>
  <Prezzi>
    <Data>20170323</Data>
    <Mercato>MGP</Mercato>
    <Ora>13</Ora>
    <PUN>38,941810</PUN>
    <NAT>38,320000</NAT>
    <CNOR>39,507060</CNOR>
    <CSUD>39,507060</CSUD>
    <NORD>39,507060</NORD>
    <SARD>39,507060</SARD>
    <SICI>34,960000</SICI>
    <SUD>34,960000</SUD>
    <AUST>39,507060</AUST>
    <BRNN>34,960000</BRNN>
    <COAC>39,507060</COAC>
    <CORS>39,507060</CORS>
    <FOGN>34,960000</FOGN>
    <FRAN>39,507060</FRAN>
    <GREC>34,960000</GREC>
    <MFTV>39,507060</MFTV>
    <PRGP>34,960000</PRGP>
    <ROSN>34,960000</ROSN>
    <SLOV>39,507060</SLOV>
    <SVIZ>39,507060</SVIZ>
    <BSP>39,507060</BSP>
    <MALT>34,960000</MALT>
    <XAUS>39,507060</XAUS>
    <XFRA>39,507060</XFRA>
  </Prezzi>
  <Prezzi>
    <Data>20170323</Data>
    <Mercato>MGP</Mercato>
    <Ora>14</Ora>
    <PUN>38,711930</PUN>
    <NAT>38,790000</NAT>
    <CNOR>39,230000</CNOR>
    <CSUD>39,230000</CSUD>
    <NORD>39,230000</NORD>
    <SARD>39,230000</SARD>
    <SICI>34,980000</SICI>
    <SUD>34,980000</SUD>
    <AUST>39,230000</AUST>
    <BRNN>34,980000</BRNN>
    <COAC>39,230000</COAC>
    <CORS>39,230000</CORS>
    <FOGN>34,980000</FOGN>
    <FRAN>39,230000</FRAN>
    <GREC>34,980000</GREC>
    <MFTV>39,230000</MFTV>
    <PRGP>34,980000</PRGP>
    <ROSN>34,980000</ROSN>
    <SLOV>39,230000</SLOV>
    <SVIZ>39,230000</SVIZ>
    <BSP>39,230000</BSP>
    <MALT>34,980000</MALT>
    <XAUS>39,230000</XAUS>
    <XFRA>39,230000</XFRA>
  </Prezzi>
  <Prezzi>
    <Data>20170323</Data>
    <Mercato>MGP</Mercato>
    <Ora>15</Ora>
    <PUN>40,690900</PUN>
    <NAT>40,000000</NAT>
    <CNOR>41,320000</CNOR>
    <CSUD>41,320000</CSUD>
    <NORD>41,320000</NORD>
    <SARD>41,320000</SARD>
    <SICI>36,000000</SICI>
    <SUD>36,000000</SUD>
    <AUST>41,320000</AUST>
    <BRNN>36,000000</BRNN>
    <COAC>41,320000</COAC>
    <CORS>41,320000</CORS>
    <FOGN>36,000000</FOGN>
    <FRAN>41,320000</FRAN>
    <GREC>36,000000</GREC>
    <MFTV>41,320000</MFTV>
    <PRGP>36,000000</PRGP>
    <ROSN>36,000000</ROSN>
    <SLOV>41,320000</SLOV>
    <SVIZ>41,320000</SVIZ>
    <BSP>41,320000</BSP>
    <MALT>36,000000</MALT>
    <XAUS>41,320000</XAUS>
    <XFRA>41,320000</XFRA>
  </Prezzi>
  <Prezzi>
    <Data>20170323</Data>
    <Mercato>MGP</Mercato>
    <Ora>16</Ora>
    <PUN>45,532910</PUN>
    <NAT>45,000000</NAT>
    <CNOR>45,200000</CNOR>
    <CSUD>45,200000</CSUD>
    <NORD>45,200000</NORD>
    <SARD>45,200000</SARD>
    <SICI>52,470000</SICI>
    <SUD>44,570000</SUD>
    <AUST>45,200000</AUST>
    <BRNN>44,570000</BRNN>
    <COAC>45,200000</COAC>
    <CORS>45,200000</CORS>
    <FOGN>44,570000</FOGN>
    <FRAN>45,200000</FRAN>
    <GREC>44,570000</GREC>
    <MFTV>45,200000</MFTV>
    <PRGP>52,470000</PRGP>
    <ROSN>44,570000</ROSN>
    <SLOV>45,200000</SLOV>
    <SVIZ>45,200000</SVIZ>
    <BSP>45,200000</BSP>
    <MALT>52,470000</MALT>
    <XAUS>45,200000</XAUS>
    <XFRA>45,200000</XFRA>
  </Prezzi>
  <Prezzi>
    <Data>20170323</Data>
    <Mercato>MGP</Mercato>
    <Ora>17</Ora>
    <PUN>47,710160</PUN>
    <NAT>47,440000</NAT>
    <CNOR>47,440000</CNOR>
    <CSUD>47,440000</CSUD>
    <NORD>47,440000</NORD>
    <SARD>47,440000</SARD>
    <SICI>52,480000</SICI>
    <SUD>47,440000</SUD>
    <AUST>47,440000</AUST>
    <BRNN>47,440000</BRNN>
    <COAC>47,440000</COAC>
    <CORS>47,440000</CORS>
    <FOGN>47,440000</FOGN>
    <FRAN>47,440000</FRAN>
    <GREC>47,440000</GREC>
    <MFTV>47,440000</MFTV>
    <PRGP>52,480000</PRGP>
    <ROSN>47,440000</ROSN>
    <SLOV>47,440000</SLOV>
    <SVIZ>47,440000</SVIZ>
    <BSP>47,440000</BSP>
    <MALT>52,480000</MALT>
    <XAUS>47,440000</XAUS>
    <XFRA>47,440000</XFRA>
  </Prezzi>
  <Prezzi>
    <Data>20170323</Data>
    <Mercato>MGP</Mercato>
    <Ora>18</Ora>
    <PUN>49,627780</PUN>
    <NAT>49,000000</NAT>
    <CNOR>49,000000</CNOR>
    <CSUD>49,000000</CSUD>
    <NORD>47,980000</NORD>
    <SARD>49,000000</SARD>
    <SICI>70,700000</SICI>
    <SUD>49,000000</SUD>
    <AUST>47,980000</AUST>
    <BRNN>49,000000</BRNN>
    <COAC>49,000000</COAC>
    <CORS>49,000000</CORS>
    <FOGN>49,000000</FOGN>
    <FRAN>47,980000</FRAN>
    <GREC>49,000000</GREC>
    <MFTV>47,980000</MFTV>
    <PRGP>70,700000</PRGP>
    <ROSN>49,000000</ROSN>
    <SLOV>47,980000</SLOV>
    <SVIZ>47,980000</SVIZ>
    <BSP>47,980000</BSP>
    <MALT>70,700000</MALT>
    <XAUS>47,980000</XAUS>
    <XFRA>47,980000</XFRA>
  </Prezzi>
  <Prezzi>
    <Data>20170323</Data>
    <Mercato>MGP</Mercato>
    <Ora>19</Ora>
    <PUN>52,906570</PUN>
    <NAT>51,100000</NAT>
    <CNOR>51,000000</CNOR>
    <CSUD>51,000000</CSUD>
    <NORD>50,670000</NORD>
    <SARD>51,000000</SARD>
    <SICI>87,470000</SICI>
    <SUD>51,000000</SUD>
    <AUST>50,670000</AUST>
    <BRNN>51,000000</BRNN>
    <COAC>51,000000</COAC>
    <CORS>51,000000</CORS>
    <FOGN>51,000000</FOGN>
    <FRAN>50,670000</FRAN>
    <GREC>51,000000</GREC>
    <MFTV>50,670000</MFTV>
    <PRGP>87,470000</PRGP>
    <ROSN>51,000000</ROSN>
    <SLOV>50,670000</SLOV>
    <SVIZ>50,670000</SVIZ>
    <BSP>50,670000</BSP>
    <MALT>87,470000</MALT>
    <XAUS>50,670000</XAUS>
    <XFRA>50,670000</XFRA>
  </Prezzi>
  <Prezzi>
    <Data>20170323</Data>
    <Mercato>MGP</Mercato>
    <Ora>20</Ora>
    <PUN>55,504140</PUN>
    <NAT>55,690000</NAT>
    <CNOR>55,000000</CNOR>
    <CSUD>55,000000</CSUD>
    <NORD>52,140000</NORD>
    <SARD>55,000000</SARD>
    <SICI>88,880000</SICI>
    <SUD>55,000000</SUD>
    <AUST>52,140000</AUST>
    <BRNN>55,000000</BRNN>
    <COAC>55,000000</COAC>
    <CORS>55,000000</CORS>
    <FOGN>55,000000</FOGN>
    <FRAN>52,140000</FRAN>
    <GREC>55,000000</GREC>
    <MFTV>52,140000</MFTV>
    <PRGP>88,880000</PRGP>
    <ROSN>55,000000</ROSN>
    <SLOV>52,140000</SLOV>
    <SVIZ>52,140000</SVIZ>
    <BSP>52,140000</BSP>
    <MALT>88,880000</MALT>
    <XAUS>52,140000</XAUS>
    <XFRA>52,140000</XFRA>
  </Prezzi>
  <Prezzi>
    <Data>20170323</Data>
    <Mercato>MGP</Mercato>
    <Ora>21</Ora>
    <PUN>51,309330</PUN>
    <NAT>51,000000</NAT>
    <CNOR>51,000000</CNOR>
    <CSUD>51,000000</CSUD>
    <NORD>47,070000</NORD>
    <SARD>51,000000</SARD>
    <SICI>88,880000</SICI>
    <SUD>51,000000</SUD>
    <AUST>47,070000</AUST>
    <BRNN>51,000000</BRNN>
    <COAC>51,000000</COAC>
    <CORS>51,000000</CORS>
    <FOGN>51,000000</FOGN>
    <FRAN>47,070000</FRAN>
    <GREC>51,000000</GREC>
    <MFTV>47,070000</MFTV>
    <PRGP>88,880000</PRGP>
    <ROSN>51,000000</ROSN>
    <SLOV>47,070000</SLOV>
    <SVIZ>47,070000</SVIZ>
    <BSP>47,070000</BSP>
    <MALT>88,880000</MALT>
    <XAUS>47,070000</XAUS>
    <XFRA>47,070000</XFRA>
  </Prezzi>
  <Prezzi>
    <Data>20170323</Data>
    <Mercato>MGP</Mercato>
    <Ora>22</Ora>
    <PUN>49,400000</PUN>
    <NAT>49,000000</NAT>
    <CNOR>49,081950</CNOR>
    <CSUD>49,081950</CSUD>
    <NORD>45,210000</NORD>
    <SARD>49,081950</SARD>
    <SICI>87,470000</SICI>
    <SUD>49,081950</SUD>
    <AUST>45,210000</AUST>
    <BRNN>49,081950</BRNN>
    <COAC>49,081950</COAC>
    <CORS>49,081950</CORS>
    <FOGN>49,081950</FOGN>
    <FRAN>45,210000</FRAN>
    <GREC>49,081950</GREC>
    <MFTV>45,210000</MFTV>
    <PRGP>87,470000</PRGP>
    <ROSN>49,081950</ROSN>
    <SLOV>45,210000</SLOV>
    <SVIZ>45,210000</SVIZ>
    <BSP>45,210000</BSP>
    <MALT>87,470000</MALT>
    <XAUS>45,210000</XAUS>
    <XFRA>45,210000</XFRA>
  </Prezzi>
  <Prezzi>
    <Data>20170323</Data>
    <Mercato>MGP</Mercato>
    <Ora>23</Ora>
    <PUN>44,626100</PUN>
    <NAT>44,690000</NAT>
    <CNOR>44,620000</CNOR>
    <CSUD>46,000000</CSUD>
    <NORD>40,760000</NORD>
    <SARD>46,000000</SARD>
    <SICI>70,700000</SICI>
    <SUD>46,000000</SUD>
    <AUST>40,760000</AUST>
    <BRNN>46,000000</BRNN>
    <COAC>46,000000</COAC>
    <CORS>46,000000</CORS>
    <FOGN>46,000000</FOGN>
    <FRAN>40,760000</FRAN>
    <GREC>46,000000</GREC>
    <MFTV>40,760000</MFTV>
    <PRGP>70,700000</PRGP>
    <ROSN>46,000000</ROSN>
    <SLOV>40,760000</SLOV>
    <SVIZ>40,760000</SVIZ>
    <BSP>40,760000</BSP>
    <MALT>70,700000</MALT>
    <XAUS>40,760000</XAUS>
    <XFRA>40,760000</XFRA>
  </Prezzi>
  <Prezzi>
    <Data>20170323</Data>
    <Mercato>MGP</Mercato>
    <Ora>24</Ora>
    <PUN>41,104220</PUN>
    <NAT>40,540000</NAT>
    <CNOR>40,270000</CNOR>
    <CSUD>40,530000</CSUD>
    <NORD>40,270000</NORD>
    <SARD>40,530000</SARD>
    <SICI>52,450000</SICI>
    <SUD>40,530000</SUD>
    <AUST>40,270000</AUST>
    <BRNN>40,530000</BRNN>
    <COAC>40,530000</COAC>
    <CORS>40,530000</CORS>
    <FOGN>40,530000</FOGN>
    <FRAN>40,270000</FRAN>
    <GREC>40,530000</GREC>
    <MFTV>40,270000</MFTV>
    <PRGP>52,450000</PRGP>
    <ROSN>40,530000</ROSN>
    <SLOV>40,270000</SLOV>
    <SVIZ>40,270000</SVIZ>
    <BSP>40,270000</BSP>
    <MALT>52,450000</MALT>
    <XAUS>40,270000</XAUS>
    <XFRA>40,270000</XFRA>
  </Prezzi>
</NewDataSet>