<?xml version="1.0" standalone="yes"?>
<NewDataSet>
  <xs:schema id="NewDataSet" xmlns="" xmlns:xs="http://www.w3.org/2001/XMLSchema" xmlns:msdata="urn:schemas-microsoft-com:xml-msdata">
    <xs:element name="NewDataSet" msdata:IsDataSet="true" msdata:UseCurrentLocale="true">
      <xs:complexType>
        <xs:choice minOccurs="0" maxOccurs="unbounded">
          <xs:element name="Prezzi">
            <xs:complexType>
              <xs:sequence>
                <xs:element name="Data" type="xs:string" minOccurs="0" />
                <xs:element name="Mercato" type="xs:string" minOccurs="0" />
                <xs:element name="Ora" type="xs:string" minOccurs="0" />
                <xs:element name="PUN" type="xs:string" minOccurs="0" />
                <xs:element name="NAT" type="xs:string" minOccurs="0" />
                <xs:element name="CNOR" type="xs:string" minOccurs="0" />
                <xs:element name="CSUD" type="xs:string" minOccurs="0" />
                <xs:element name="NORD" type="xs:string" minOccurs="0" />
                <xs:element name="SARD" type="xs:string" minOccurs="0" />
                <xs:element name="SICI" type="xs:string" minOccurs="0" />
                <xs:element name="SUD" type="xs:string" minOccurs="0" />
                <xs:element name="AUST" type="xs:string" minOccurs="0" />
                <xs:element name="BRNN" type="xs:string" minOccurs="0" />
                <xs:element name="COAC" type="xs:string" minOccurs="0" />
                <xs:element name="CORS" type="xs:string" minOccurs="0" />
                <xs:element name="FOGN" type="xs:string" minOccurs="0" />
                <xs:element name="FRAN" type="xs:string" minOccurs="0" />
                <xs:element name="GREC" type="xs:string" minOccurs="0" />
                <xs:element name="MFTV" type="xs:string" minOccurs="0" />
                <xs:element name="PRGP" type="xs:string" minOccurs="0" />
                <xs:element name="ROSN" type="xs:string" minOccurs="0" />
                <xs:element name="SLOV" type="xs:string" minOccurs="0" />
                <xs:element name="SVIZ" type="xs:string" minOccurs="0" />
                <xs:element name="BSP" type="xs:string" minOccurs="0" />
                <xs:element name="MALT" type="xs:string" minOccurs="0" />
                <xs:element name="XAUS" type="xs:string" minOccurs="0" />
                <xs:element name="XFRA" type="xs:string" minOccurs="0" />
              </xs:sequence>
            </xs:complexType>
          </xs:element>
        </xs:choice>
      </xs:complexType>
    </xs:element>
  </xs:schema>
  <Prezzi>
    <Data>20170329</Data>
    <Mercato>MGP</Mercato>
    <Ora>1</Ora>
    <PUN>37,821730</PUN>
    <NAT>36,990000</NAT>
    <CNOR>35,000000</CNOR>
    <CSUD>41,500000</CSUD>
    <NORD>35,000000</NORD>
    <SARD>41,500000</SARD>
    <SICI>50,900000</SICI>
    <SUD>41,500000</SUD>
    <AUST>35,000000</AUST>
    <BRNN>41,500000</BRNN>
    <COAC>41,500000</COAC>
    <CORS>41,500000</CORS>
    <FOGN>41,500000</FOGN>
    <FRAN>35,000000</FRAN>
    <GREC>41,500000</GREC>
    <MFTV>35,000000</MFTV>
    <PRGP>50,900000</PRGP>
    <ROSN>41,500000</ROSN>
    <SLOV>35,000000</SLOV>
    <SVIZ>35,000000</SVIZ>
    <BSP>35,000000</BSP>
    <MALT>50,900000</MALT>
    <XAUS>35,000000</XAUS>
    <XFRA>35,000000</XFRA>
  </Prezzi>
  <Prezzi>
    <Data>20170329</Data>
    <Mercato>MGP</Mercato>
    <Ora>2</Ora>
    <PUN>33,276060</PUN>
    <NAT>35,000000</NAT>
    <CNOR>29,510000</CNOR>
    <CSUD>40,650000</CSUD>
    <NORD>29,510000</NORD>
    <SARD>40,650000</SARD>
    <SICI>40,650000</SICI>
    <SUD>40,650000</SUD>
    <AUST>29,510000</AUST>
    <BRNN>40,650000</BRNN>
    <COAC>40,650000</COAC>
    <CORS>40,650000</CORS>
    <FOGN>40,650000</FOGN>
    <FRAN>29,510000</FRAN>
    <GREC>40,650000</GREC>
    <MFTV>29,510000</MFTV>
    <PRGP>40,650000</PRGP>
    <ROSN>40,650000</ROSN>
    <SLOV>29,510000</SLOV>
    <SVIZ>29,510000</SVIZ>
    <BSP>29,510000</BSP>
    <MALT>40,650000</MALT>
    <XAUS>29,510000</XAUS>
    <XFRA>29,510000</XFRA>
  </Prezzi>
  <Prezzi>
    <Data>20170329</Data>
    <Mercato>MGP</Mercato>
    <Ora>3</Ora>
    <PUN>30,323260</PUN>
    <NAT>31,990000</NAT>
    <CNOR>26,988090</CNOR>
    <CSUD>36,990000</CSUD>
    <NORD>26,988090</NORD>
    <SARD>36,990000</SARD>
    <SICI>36,990000</SICI>
    <SUD>36,990000</SUD>
    <AUST>26,988090</AUST>
    <BRNN>36,990000</BRNN>
    <COAC>36,990000</COAC>
    <CORS>36,990000</CORS>
    <FOGN>36,990000</FOGN>
    <FRAN>26,988090</FRAN>
    <GREC>36,990000</GREC>
    <MFTV>26,988090</MFTV>
    <PRGP>36,990000</PRGP>
    <ROSN>36,990000</ROSN>
    <SLOV>26,988090</SLOV>
    <SVIZ>26,988090</SVIZ>
    <BSP>26,988090</BSP>
    <MALT>36,990000</MALT>
    <XAUS>26,988090</XAUS>
    <XFRA>26,988090</XFRA>
  </Prezzi>
  <Prezzi>
    <Data>20170329</Data>
    <Mercato>MGP</Mercato>
    <Ora>4</Ora>
    <PUN>29,927230</PUN>
    <NAT>31,980000</NAT>
    <CNOR>26,410000</CNOR>
    <CSUD>36,990000</CSUD>
    <NORD>26,410000</NORD>
    <SARD>36,990000</SARD>
    <SICI>36,990000</SICI>
    <SUD>36,990000</SUD>
    <AUST>26,410000</AUST>
    <BRNN>36,990000</BRNN>
    <COAC>36,990000</COAC>
    <CORS>36,990000</CORS>
    <FOGN>36,990000</FOGN>
    <FRAN>26,410000</FRAN>
    <GREC>36,990000</GREC>
    <MFTV>26,410000</MFTV>
    <PRGP>36,990000</PRGP>
    <ROSN>36,990000</ROSN>
    <SLOV>26,410000</SLOV>
    <SVIZ>26,410000</SVIZ>
    <BSP>26,410000</BSP>
    <MALT>36,990000</MALT>
    <XAUS>26,410000</XAUS>
    <XFRA>26,410000</XFRA>
  </Prezzi>
  <Prezzi>
    <Data>20170329</Data>
    <Mercato>MGP</Mercato>
    <Ora>5</Ora>
    <PUN>30,045110</PUN>
    <NAT>31,990000</NAT>
    <CNOR>26,590000</CNOR>
    <CSUD>36,990000</CSUD>
    <NORD>26,590000</NORD>
    <SARD>36,990000</SARD>
    <SICI>36,990000</SICI>
    <SUD>36,990000</SUD>
    <AUST>26,590000</AUST>
    <BRNN>36,990000</BRNN>
    <COAC>36,990000</COAC>
    <CORS>36,990000</CORS>
    <FOGN>36,990000</FOGN>
    <FRAN>26,590000</FRAN>
    <GREC>36,990000</GREC>
    <MFTV>26,590000</MFTV>
    <PRGP>36,990000</PRGP>
    <ROSN>36,990000</ROSN>
    <SLOV>26,590000</SLOV>
    <SVIZ>26,590000</SVIZ>
    <BSP>26,590000</BSP>
    <MALT>36,990000</MALT>
    <XAUS>26,590000</XAUS>
    <XFRA>26,590000</XFRA>
  </Prezzi>
  <Prezzi>
    <Data>20170329</Data>
    <Mercato>MGP</Mercato>
    <Ora>6</Ora>
    <PUN>37,127720</PUN>
    <NAT>38,440000</NAT>
    <CNOR>35,000000</CNOR>
    <CSUD>41,500000</CSUD>
    <NORD>35,000000</NORD>
    <SARD>41,500000</SARD>
    <SICI>41,500000</SICI>
    <SUD>41,500000</SUD>
    <AUST>35,000000</AUST>
    <BRNN>41,500000</BRNN>
    <COAC>41,500000</COAC>
    <CORS>41,500000</CORS>
    <FOGN>41,500000</FOGN>
    <FRAN>35,000000</FRAN>
    <GREC>41,500000</GREC>
    <MFTV>35,000000</MFTV>
    <PRGP>41,500000</PRGP>
    <ROSN>41,500000</ROSN>
    <SLOV>35,000000</SLOV>
    <SVIZ>35,000000</SVIZ>
    <BSP>35,000000</BSP>
    <MALT>41,500000</MALT>
    <XAUS>35,000000</XAUS>
    <XFRA>35,000000</XFRA>
  </Prezzi>
  <Prezzi>
    <Data>20170329</Data>
    <Mercato>MGP</Mercato>
    <Ora>7</Ora>
    <PUN>45,109430</PUN>
    <NAT>44,960000</NAT>
    <CNOR>44,660000</CNOR>
    <CSUD>44,660000</CSUD>
    <NORD>44,660000</NORD>
    <SARD>44,660000</SARD>
    <SICI>52,880000</SICI>
    <SUD>44,660000</SUD>
    <AUST>44,660000</AUST>
    <BRNN>44,660000</BRNN>
    <COAC>44,660000</COAC>
    <CORS>44,660000</CORS>
    <FOGN>44,660000</FOGN>
    <FRAN>44,660000</FRAN>
    <GREC>44,660000</GREC>
    <MFTV>44,660000</MFTV>
    <PRGP>52,880000</PRGP>
    <ROSN>44,660000</ROSN>
    <SLOV>44,660000</SLOV>
    <SVIZ>44,660000</SVIZ>
    <BSP>44,660000</BSP>
    <MALT>52,880000</MALT>
    <XAUS>44,660000</XAUS>
    <XFRA>44,660000</XFRA>
  </Prezzi>
  <Prezzi>
    <Data>20170329</Data>
    <Mercato>MGP</Mercato>
    <Ora>8</Ora>
    <PUN>51,037020</PUN>
    <NAT>50,000000</NAT>
    <CNOR>49,020000</CNOR>
    <CSUD>49,020000</CSUD>
    <NORD>49,020000</NORD>
    <SARD>49,020000</SARD>
    <SICI>84,690000</SICI>
    <SUD>49,020000</SUD>
    <AUST>49,020000</AUST>
    <BRNN>49,020000</BRNN>
    <COAC>49,020000</COAC>
    <CORS>49,020000</CORS>
    <FOGN>49,020000</FOGN>
    <FRAN>49,020000</FRAN>
    <GREC>49,020000</GREC>
    <MFTV>49,020000</MFTV>
    <PRGP>84,690000</PRGP>
    <ROSN>49,020000</ROSN>
    <SLOV>49,020000</SLOV>
    <SVIZ>49,020000</SVIZ>
    <BSP>49,020000</BSP>
    <MALT>84,690000</MALT>
    <XAUS>49,020000</XAUS>
    <XFRA>49,020000</XFRA>
  </Prezzi>
  <Prezzi>
    <Data>20170329</Data>
    <Mercato>MGP</Mercato>
    <Ora>9</Ora>
    <PUN>55,462960</PUN>
    <NAT>53,300000</NAT>
    <CNOR>54,000000</CNOR>
    <CSUD>54,000000</CSUD>
    <NORD>54,000000</NORD>
    <SARD>54,000000</SARD>
    <SICI>84,690000</SICI>
    <SUD>51,000000</SUD>
    <AUST>54,000000</AUST>
    <BRNN>51,000000</BRNN>
    <COAC>54,000000</COAC>
    <CORS>54,000000</CORS>
    <FOGN>51,000000</FOGN>
    <FRAN>54,000000</FRAN>
    <GREC>51,000000</GREC>
    <MFTV>54,000000</MFTV>
    <PRGP>84,690000</PRGP>
    <ROSN>51,000000</ROSN>
    <SLOV>54,000000</SLOV>
    <SVIZ>54,000000</SVIZ>
    <BSP>54,000000</BSP>
    <MALT>84,690000</MALT>
    <XAUS>54,000000</XAUS>
    <XFRA>54,000000</XFRA>
  </Prezzi>
  <Prezzi>
    <Data>20170329</Data>
    <Mercato>MGP</Mercato>
    <Ora>10</Ora>
    <PUN>49,761770</PUN>
    <NAT>50,000000</NAT>
    <CNOR>49,000000</CNOR>
    <CSUD>49,000000</CSUD>
    <NORD>49,000000</NORD>
    <SARD>49,000000</SARD>
    <SICI>62,930000</SICI>
    <SUD>49,000000</SUD>
    <AUST>49,000000</AUST>
    <BRNN>49,000000</BRNN>
    <COAC>49,000000</COAC>
    <CORS>49,000000</CORS>
    <FOGN>49,000000</FOGN>
    <FRAN>49,000000</FRAN>
    <GREC>49,000000</GREC>
    <MFTV>49,000000</MFTV>
    <PRGP>62,930000</PRGP>
    <ROSN>49,000000</ROSN>
    <SLOV>49,000000</SLOV>
    <SVIZ>49,000000</SVIZ>
    <BSP>49,000000</BSP>
    <MALT>62,930000</MALT>
    <XAUS>49,000000</XAUS>
    <XFRA>49,000000</XFRA>
  </Prezzi>
  <Prezzi>
    <Data>20170329</Data>
    <Mercato>MGP</Mercato>
    <Ora>11</Ora>
    <PUN>43,580000</PUN>
    <NAT>43,580000</NAT>
    <CNOR>43,580000</CNOR>
    <CSUD>43,580000</CSUD>
    <NORD>43,580000</NORD>
    <SARD>43,580000</SARD>
    <SICI>43,580000</SICI>
    <SUD>43,580000</SUD>
    <AUST>43,580000</AUST>
    <BRNN>43,580000</BRNN>
    <COAC>43,580000</COAC>
    <CORS>43,580000</CORS>
    <FOGN>43,580000</FOGN>
    <FRAN>43,580000</FRAN>
    <GREC>43,580000</GREC>
    <MFTV>43,580000</MFTV>
    <PRGP>43,580000</PRGP>
    <ROSN>43,580000</ROSN>
    <SLOV>43,580000</SLOV>
    <SVIZ>43,580000</SVIZ>
    <BSP>43,580000</BSP>
    <MALT>43,580000</MALT>
    <XAUS>43,580000</XAUS>
    <XFRA>43,580000</XFRA>
  </Prezzi>
  <Prezzi>
    <Data>20170329</Data>
    <Mercato>MGP</Mercato>
    <Ora>12</Ora>
    <PUN>40,695410</PUN>
    <NAT>40,540000</NAT>
    <CNOR>40,695410</CNOR>
    <CSUD>40,695410</CSUD>
    <NORD>40,695410</NORD>
    <SARD>40,695410</SARD>
    <SICI>40,695410</SICI>
    <SUD>40,695410</SUD>
    <AUST>40,695410</AUST>
    <BRNN>40,695410</BRNN>
    <COAC>40,695410</COAC>
    <CORS>40,695410</CORS>
    <FOGN>40,695410</FOGN>
    <FRAN>40,695410</FRAN>
    <GREC>40,695410</GREC>
    <MFTV>40,695410</MFTV>
    <PRGP>40,695410</PRGP>
    <ROSN>40,695410</ROSN>
    <SLOV>40,695410</SLOV>
    <SVIZ>40,695410</SVIZ>
    <BSP>40,695410</BSP>
    <MALT>40,695410</MALT>
    <XAUS>40,695410</XAUS>
    <XFRA>40,695410</XFRA>
  </Prezzi>
  <Prezzi>
    <Data>20170329</Data>
    <Mercato>MGP</Mercato>
    <Ora>13</Ora>
    <PUN>36,990000</PUN>
    <NAT>36,990000</NAT>
    <CNOR>36,990000</CNOR>
    <CSUD>36,990000</CSUD>
    <NORD>36,990000</NORD>
    <SARD>36,990000</SARD>
    <SICI>36,990000</SICI>
    <SUD>36,990000</SUD>
    <AUST>36,990000</AUST>
    <BRNN>36,990000</BRNN>
    <COAC>36,990000</COAC>
    <CORS>36,990000</CORS>
    <FOGN>36,990000</FOGN>
    <FRAN>36,990000</FRAN>
    <GREC>36,990000</GREC>
    <MFTV>36,990000</MFTV>
    <PRGP>36,990000</PRGP>
    <ROSN>36,990000</ROSN>
    <SLOV>36,990000</SLOV>
    <SVIZ>36,990000</SVIZ>
    <BSP>36,990000</BSP>
    <MALT>36,990000</MALT>
    <XAUS>36,990000</XAUS>
    <XFRA>36,990000</XFRA>
  </Prezzi>
  <Prezzi>
    <Data>20170329</Data>
    <Mercato>MGP</Mercato>
    <Ora>14</Ora>
    <PUN>34,114380</PUN>
    <NAT>34,000000</NAT>
    <CNOR>34,200000</CNOR>
    <CSUD>34,200000</CSUD>
    <NORD>34,200000</NORD>
    <SARD>34,200000</SARD>
    <SICI>33,510000</SICI>
    <SUD>33,510000</SUD>
    <AUST>34,200000</AUST>
    <BRNN>33,510000</BRNN>
    <COAC>34,200000</COAC>
    <CORS>34,200000</CORS>
    <FOGN>33,510000</FOGN>
    <FRAN>34,200000</FRAN>
    <GREC>33,510000</GREC>
    <MFTV>34,200000</MFTV>
    <PRGP>33,510000</PRGP>
    <ROSN>33,510000</ROSN>
    <SLOV>34,200000</SLOV>
    <SVIZ>34,200000</SVIZ>
    <BSP>34,200000</BSP>
    <MALT>33,510000</MALT>
    <XAUS>34,200000</XAUS>
    <XFRA>34,200000</XFRA>
  </Prezzi>
  <Prezzi>
    <Data>20170329</Data>
    <Mercato>MGP</Mercato>
    <Ora>15</Ora>
    <PUN>33,952540</PUN>
    <NAT>33,500000</NAT>
    <CNOR>34,015130</CNOR>
    <CSUD>34,015130</CSUD>
    <NORD>34,015130</NORD>
    <SARD>34,015130</SARD>
    <SICI>33,490000</SICI>
    <SUD>33,490000</SUD>
    <AUST>34,015130</AUST>
    <BRNN>33,490000</BRNN>
    <COAC>34,015130</COAC>
    <CORS>34,015130</CORS>
    <FOGN>33,490000</FOGN>
    <FRAN>34,015130</FRAN>
    <GREC>33,490000</GREC>
    <MFTV>34,015130</MFTV>
    <PRGP>33,490000</PRGP>
    <ROSN>33,490000</ROSN>
    <SLOV>34,015130</SLOV>
    <SVIZ>34,015130</SVIZ>
    <BSP>34,015130</BSP>
    <MALT>33,490000</MALT>
    <XAUS>34,015130</XAUS>
    <XFRA>34,015130</XFRA>
  </Prezzi>
  <Prezzi>
    <Data>20170329</Data>
    <Mercato>MGP</Mercato>
    <Ora>16</Ora>
    <PUN>34,300000</PUN>
    <NAT>34,300000</NAT>
    <CNOR>34,300000</CNOR>
    <CSUD>34,300000</CSUD>
    <NORD>34,300000</NORD>
    <SARD>34,300000</SARD>
    <SICI>34,300000</SICI>
    <SUD>34,300000</SUD>
    <AUST>34,300000</AUST>
    <BRNN>34,300000</BRNN>
    <COAC>34,300000</COAC>
    <CORS>34,300000</CORS>
    <FOGN>34,300000</FOGN>
    <FRAN>34,300000</FRAN>
    <GREC>34,300000</GREC>
    <MFTV>34,300000</MFTV>
    <PRGP>34,300000</PRGP>
    <ROSN>34,300000</ROSN>
    <SLOV>34,300000</SLOV>
    <SVIZ>34,300000</SVIZ>
    <BSP>34,300000</BSP>
    <MALT>34,300000</MALT>
    <XAUS>34,300000</XAUS>
    <XFRA>34,300000</XFRA>
  </Prezzi>
  <Prezzi>
    <Data>20170329</Data>
    <Mercato>MGP</Mercato>
    <Ora>17</Ora>
    <PUN>39,000000</PUN>
    <NAT>39,000000</NAT>
    <CNOR>39,000000</CNOR>
    <CSUD>39,000000</CSUD>
    <NORD>39,000000</NORD>
    <SARD>39,000000</SARD>
    <SICI>39,000000</SICI>
    <SUD>39,000000</SUD>
    <AUST>39,000000</AUST>
    <BRNN>39,000000</BRNN>
    <COAC>39,000000</COAC>
    <CORS>39,000000</CORS>
    <FOGN>39,000000</FOGN>
    <FRAN>39,000000</FRAN>
    <GREC>39,000000</GREC>
    <MFTV>39,000000</MFTV>
    <PRGP>39,000000</PRGP>
    <ROSN>39,000000</ROSN>
    <SLOV>39,000000</SLOV>
    <SVIZ>39,000000</SVIZ>
    <BSP>39,000000</BSP>
    <MALT>39,000000</MALT>
    <XAUS>39,000000</XAUS>
    <XFRA>39,000000</XFRA>
  </Prezzi>
  <Prezzi>
    <Data>20170329</Data>
    <Mercato>MGP</Mercato>
    <Ora>18</Ora>
    <PUN>44,358030</PUN>
    <NAT>44,010000</NAT>
    <CNOR>44,010000</CNOR>
    <CSUD>44,010000</CSUD>
    <NORD>44,010000</NORD>
    <SARD>44,010000</SARD>
    <SICI>50,000000</SICI>
    <SUD>44,010000</SUD>
    <AUST>44,010000</AUST>
    <BRNN>44,010000</BRNN>
    <COAC>44,010000</COAC>
    <CORS>44,010000</CORS>
    <FOGN>44,010000</FOGN>
    <FRAN>44,010000</FRAN>
    <GREC>44,010000</GREC>
    <MFTV>44,010000</MFTV>
    <PRGP>50,000000</PRGP>
    <ROSN>44,010000</ROSN>
    <SLOV>44,010000</SLOV>
    <SVIZ>44,010000</SVIZ>
    <BSP>44,010000</BSP>
    <MALT>50,000000</MALT>
    <XAUS>44,010000</XAUS>
    <XFRA>44,010000</XFRA>
  </Prezzi>
  <Prezzi>
    <Data>20170329</Data>
    <Mercato>MGP</Mercato>
    <Ora>19</Ora>
    <PUN>52,449330</PUN>
    <NAT>51,390000</NAT>
    <CNOR>51,000000</CNOR>
    <CSUD>51,000000</CSUD>
    <NORD>51,000000</NORD>
    <SARD>51,000000</SARD>
    <SICI>74,640000</SICI>
    <SUD>51,000000</SUD>
    <AUST>51,000000</AUST>
    <BRNN>51,000000</BRNN>
    <COAC>51,000000</COAC>
    <CORS>51,000000</CORS>
    <FOGN>51,000000</FOGN>
    <FRAN>51,000000</FRAN>
    <GREC>51,000000</GREC>
    <MFTV>51,000000</MFTV>
    <PRGP>74,640000</PRGP>
    <ROSN>51,000000</ROSN>
    <SLOV>51,000000</SLOV>
    <SVIZ>51,000000</SVIZ>
    <BSP>51,000000</BSP>
    <MALT>74,640000</MALT>
    <XAUS>51,000000</XAUS>
    <XFRA>51,000000</XFRA>
  </Prezzi>
  <Prezzi>
    <Data>20170329</Data>
    <Mercato>MGP</Mercato>
    <Ora>20</Ora>
    <PUN>58,530580</PUN>
    <NAT>64,000000</NAT>
    <CNOR>56,690000</CNOR>
    <CSUD>56,690000</CSUD>
    <NORD>56,690000</NORD>
    <SARD>56,690000</SARD>
    <SICI>85,730000</SICI>
    <SUD>56,690000</SUD>
    <AUST>56,690000</AUST>
    <BRNN>56,690000</BRNN>
    <COAC>56,690000</COAC>
    <CORS>56,690000</CORS>
    <FOGN>56,690000</FOGN>
    <FRAN>56,690000</FRAN>
    <GREC>56,690000</GREC>
    <MFTV>56,690000</MFTV>
    <PRGP>85,730000</PRGP>
    <ROSN>56,690000</ROSN>
    <SLOV>56,690000</SLOV>
    <SVIZ>56,690000</SVIZ>
    <BSP>56,690000</BSP>
    <MALT>85,730000</MALT>
    <XAUS>56,690000</XAUS>
    <XFRA>56,690000</XFRA>
  </Prezzi>
  <Prezzi>
    <Data>20170329</Data>
    <Mercato>MGP</Mercato>
    <Ora>21</Ora>
    <PUN>56,981240</PUN>
    <NAT>58,000000</NAT>
    <CNOR>55,010000</CNOR>
    <CSUD>55,010000</CSUD>
    <NORD>55,010000</NORD>
    <SARD>55,010000</SARD>
    <SICI>85,730000</SICI>
    <SUD>55,010000</SUD>
    <AUST>55,010000</AUST>
    <BRNN>55,010000</BRNN>
    <COAC>55,010000</COAC>
    <CORS>55,010000</CORS>
    <FOGN>55,010000</FOGN>
    <FRAN>55,010000</FRAN>
    <GREC>55,010000</GREC>
    <MFTV>55,010000</MFTV>
    <PRGP>85,730000</PRGP>
    <ROSN>55,010000</ROSN>
    <SLOV>55,010000</SLOV>
    <SVIZ>55,010000</SVIZ>
    <BSP>55,010000</BSP>
    <MALT>85,730000</MALT>
    <XAUS>55,010000</XAUS>
    <XFRA>55,010000</XFRA>
  </Prezzi>
  <Prezzi>
    <Data>20170329</Data>
    <Mercato>MGP</Mercato>
    <Ora>22</Ora>
    <PUN>53,173430</PUN>
    <NAT>51,480000</NAT>
    <CNOR>51,000000</CNOR>
    <CSUD>51,000000</CSUD>
    <NORD>51,000000</NORD>
    <SARD>51,000000</SARD>
    <SICI>84,690000</SICI>
    <SUD>51,000000</SUD>
    <AUST>51,000000</AUST>
    <BRNN>51,000000</BRNN>
    <COAC>51,000000</COAC>
    <CORS>51,000000</CORS>
    <FOGN>51,000000</FOGN>
    <FRAN>51,000000</FRAN>
    <GREC>51,000000</GREC>
    <MFTV>51,000000</MFTV>
    <PRGP>84,690000</PRGP>
    <ROSN>51,000000</ROSN>
    <SLOV>51,000000</SLOV>
    <SVIZ>51,000000</SVIZ>
    <BSP>51,000000</BSP>
    <MALT>84,690000</MALT>
    <XAUS>51,000000</XAUS>
    <XFRA>51,000000</XFRA>
  </Prezzi>
  <Prezzi>
    <Data>20170329</Data>
    <Mercato>MGP</Mercato>
    <Ora>23</Ora>
    <PUN>45,567270</PUN>
    <NAT>45,010000</NAT>
    <CNOR>43,570000</CNOR>
    <CSUD>46,000000</CSUD>
    <NORD>43,570000</NORD>
    <SARD>46,000000</SARD>
    <SICI>62,930000</SICI>
    <SUD>46,000000</SUD>
    <AUST>43,570000</AUST>
    <BRNN>46,000000</BRNN>
    <COAC>46,000000</COAC>
    <CORS>46,000000</CORS>
    <FOGN>46,000000</FOGN>
    <FRAN>43,570000</FRAN>
    <GREC>46,000000</GREC>
    <MFTV>43,570000</MFTV>
    <PRGP>62,930000</PRGP>
    <ROSN>46,000000</ROSN>
    <SLOV>43,570000</SLOV>
    <SVIZ>43,570000</SVIZ>
    <BSP>43,570000</BSP>
    <MALT>62,930000</MALT>
    <XAUS>43,570000</XAUS>
    <XFRA>43,570000</XFRA>
  </Prezzi>
  <Prezzi>
    <Data>20170329</Data>
    <Mercato>MGP</Mercato>
    <Ora>24</Ora>
    <PUN>39,817960</PUN>
    <NAT>39,000000</NAT>
    <CNOR>39,000000</CNOR>
    <CSUD>39,000000</CSUD>
    <NORD>39,000000</NORD>
    <SARD>39,000000</SARD>
    <SICI>51,690000</SICI>
    <SUD>39,000000</SUD>
    <AUST>39,000000</AUST>
    <BRNN>39,000000</BRNN>
    <COAC>39,000000</COAC>
    <CORS>39,000000</CORS>
    <FOGN>39,000000</FOGN>
    <FRAN>39,000000</FRAN>
    <GREC>39,000000</GREC>
    <MFTV>39,000000</MFTV>
    <PRGP>51,690000</PRGP>
    <ROSN>39,000000</ROSN>
    <SLOV>39,000000</SLOV>
    <SVIZ>39,000000</SVIZ>
    <BSP>39,000000</BSP>
    <MALT>51,690000</MALT>
    <XAUS>39,000000</XAUS>
    <XFRA>39,000000</XFRA>
  </Prezzi>
</NewDataSet>