<?xml version="1.0" standalone="yes"?>
<NewDataSet>
  <xs:schema id="NewDataSet" xmlns="" xmlns:xs="http://www.w3.org/2001/XMLSchema" xmlns:msdata="urn:schemas-microsoft-com:xml-msdata">
    <xs:element name="NewDataSet" msdata:IsDataSet="true" msdata:UseCurrentLocale="true">
      <xs:complexType>
        <xs:choice minOccurs="0" maxOccurs="unbounded">
          <xs:element name="Prezzi">
            <xs:complexType>
              <xs:sequence>
                <xs:element name="Data" type="xs:string" minOccurs="0" />
                <xs:element name="Mercato" type="xs:string" minOccurs="0" />
                <xs:element name="Ora" type="xs:string" minOccurs="0" />
                <xs:element name="PUN" type="xs:string" minOccurs="0" />
                <xs:element name="NAT" type="xs:string" minOccurs="0" />
                <xs:element name="CNOR" type="xs:string" minOccurs="0" />
                <xs:element name="CSUD" type="xs:string" minOccurs="0" />
                <xs:element name="NORD" type="xs:string" minOccurs="0" />
                <xs:element name="SARD" type="xs:string" minOccurs="0" />
                <xs:element name="SICI" type="xs:string" minOccurs="0" />
                <xs:element name="SUD" type="xs:string" minOccurs="0" />
                <xs:element name="AUST" type="xs:string" minOccurs="0" />
                <xs:element name="BRNN" type="xs:string" minOccurs="0" />
                <xs:element name="COAC" type="xs:string" minOccurs="0" />
                <xs:element name="CORS" type="xs:string" minOccurs="0" />
                <xs:element name="FOGN" type="xs:string" minOccurs="0" />
                <xs:element name="FRAN" type="xs:string" minOccurs="0" />
                <xs:element name="GREC" type="xs:string" minOccurs="0" />
                <xs:element name="MFTV" type="xs:string" minOccurs="0" />
                <xs:element name="PRGP" type="xs:string" minOccurs="0" />
                <xs:element name="ROSN" type="xs:string" minOccurs="0" />
                <xs:element name="SLOV" type="xs:string" minOccurs="0" />
                <xs:element name="SVIZ" type="xs:string" minOccurs="0" />
                <xs:element name="BSP" type="xs:string" minOccurs="0" />
                <xs:element name="MALT" type="xs:string" minOccurs="0" />
                <xs:element name="XAUS" type="xs:string" minOccurs="0" />
                <xs:element name="XFRA" type="xs:string" minOccurs="0" />
              </xs:sequence>
            </xs:complexType>
          </xs:element>
        </xs:choice>
      </xs:complexType>
    </xs:element>
  </xs:schema>
  <Prezzi>
    <Data>20170316</Data>
    <Mercato>MGP</Mercato>
    <Ora>1</Ora>
    <PUN>39,307010</PUN>
    <NAT>39,160000</NAT>
    <CNOR>39,160000</CNOR>
    <CSUD>39,160000</CSUD>
    <NORD>39,160000</NORD>
    <SARD>39,160000</SARD>
    <SICI>41,490000</SICI>
    <SUD>39,160000</SUD>
    <AUST>39,160000</AUST>
    <BRNN>39,160000</BRNN>
    <COAC>39,160000</COAC>
    <CORS>39,160000</CORS>
    <FOGN>39,160000</FOGN>
    <FRAN>39,160000</FRAN>
    <GREC>39,160000</GREC>
    <MFTV>39,160000</MFTV>
    <PRGP>41,490000</PRGP>
    <ROSN>39,160000</ROSN>
    <SLOV>39,160000</SLOV>
    <SVIZ>39,160000</SVIZ>
    <BSP>39,160000</BSP>
    <MALT>41,490000</MALT>
    <XAUS>39,160000</XAUS>
    <XFRA>39,160000</XFRA>
  </Prezzi>
  <Prezzi>
    <Data>20170316</Data>
    <Mercato>MGP</Mercato>
    <Ora>2</Ora>
    <PUN>37,704320</PUN>
    <NAT>38,380000</NAT>
    <CNOR>37,000000</CNOR>
    <CSUD>39,150000</CSUD>
    <NORD>37,000000</NORD>
    <SARD>39,150000</SARD>
    <SICI>39,150000</SICI>
    <SUD>39,150000</SUD>
    <AUST>37,000000</AUST>
    <BRNN>39,150000</BRNN>
    <COAC>39,150000</COAC>
    <CORS>39,150000</CORS>
    <FOGN>39,150000</FOGN>
    <FRAN>37,000000</FRAN>
    <GREC>39,150000</GREC>
    <MFTV>37,000000</MFTV>
    <PRGP>39,150000</PRGP>
    <ROSN>39,150000</ROSN>
    <SLOV>37,000000</SLOV>
    <SVIZ>37,000000</SVIZ>
    <BSP>37,000000</BSP>
    <MALT>39,150000</MALT>
    <XAUS>37,000000</XAUS>
    <XFRA>37,000000</XFRA>
  </Prezzi>
  <Prezzi>
    <Data>20170316</Data>
    <Mercato>MGP</Mercato>
    <Ora>3</Ora>
    <PUN>37,111980</PUN>
    <NAT>38,100000</NAT>
    <CNOR>36,600000</CNOR>
    <CSUD>38,200000</CSUD>
    <NORD>36,600000</NORD>
    <SARD>38,200000</SARD>
    <SICI>38,200000</SICI>
    <SUD>38,200000</SUD>
    <AUST>36,600000</AUST>
    <BRNN>38,200000</BRNN>
    <COAC>38,200000</COAC>
    <CORS>38,200000</CORS>
    <FOGN>38,200000</FOGN>
    <FRAN>36,600000</FRAN>
    <GREC>38,200000</GREC>
    <MFTV>36,600000</MFTV>
    <PRGP>38,200000</PRGP>
    <ROSN>38,200000</ROSN>
    <SLOV>36,600000</SLOV>
    <SVIZ>36,600000</SVIZ>
    <BSP>36,600000</BSP>
    <MALT>38,200000</MALT>
    <XAUS>36,600000</XAUS>
    <XFRA>36,600000</XFRA>
  </Prezzi>
  <Prezzi>
    <Data>20170316</Data>
    <Mercato>MGP</Mercato>
    <Ora>4</Ora>
    <PUN>36,671910</PUN>
    <NAT>37,000000</NAT>
    <CNOR>36,100000</CNOR>
    <CSUD>37,880000</CSUD>
    <NORD>36,100000</NORD>
    <SARD>37,880000</SARD>
    <SICI>37,880000</SICI>
    <SUD>37,880000</SUD>
    <AUST>36,100000</AUST>
    <BRNN>37,880000</BRNN>
    <COAC>37,880000</COAC>
    <CORS>37,880000</CORS>
    <FOGN>37,880000</FOGN>
    <FRAN>36,100000</FRAN>
    <GREC>37,880000</GREC>
    <MFTV>36,100000</MFTV>
    <PRGP>37,880000</PRGP>
    <ROSN>37,880000</ROSN>
    <SLOV>36,100000</SLOV>
    <SVIZ>36,100000</SVIZ>
    <BSP>36,100000</BSP>
    <MALT>37,880000</MALT>
    <XAUS>36,100000</XAUS>
    <XFRA>36,100000</XFRA>
  </Prezzi>
  <Prezzi>
    <Data>20170316</Data>
    <Mercato>MGP</Mercato>
    <Ora>5</Ora>
    <PUN>37,005600</PUN>
    <NAT>37,880000</NAT>
    <CNOR>36,600000</CNOR>
    <CSUD>37,880000</CSUD>
    <NORD>36,600000</NORD>
    <SARD>37,880000</SARD>
    <SICI>37,880000</SICI>
    <SUD>37,880000</SUD>
    <AUST>36,600000</AUST>
    <BRNN>37,880000</BRNN>
    <COAC>37,880000</COAC>
    <CORS>37,880000</CORS>
    <FOGN>37,880000</FOGN>
    <FRAN>36,600000</FRAN>
    <GREC>37,880000</GREC>
    <MFTV>36,600000</MFTV>
    <PRGP>37,880000</PRGP>
    <ROSN>37,880000</ROSN>
    <SLOV>36,600000</SLOV>
    <SVIZ>36,600000</SVIZ>
    <BSP>36,600000</BSP>
    <MALT>37,880000</MALT>
    <XAUS>36,600000</XAUS>
    <XFRA>36,600000</XFRA>
  </Prezzi>
  <Prezzi>
    <Data>20170316</Data>
    <Mercato>MGP</Mercato>
    <Ora>6</Ora>
    <PUN>39,150000</PUN>
    <NAT>39,150000</NAT>
    <CNOR>39,150000</CNOR>
    <CSUD>39,150000</CSUD>
    <NORD>39,150000</NORD>
    <SARD>39,150000</SARD>
    <SICI>39,150000</SICI>
    <SUD>39,150000</SUD>
    <AUST>39,150000</AUST>
    <BRNN>39,150000</BRNN>
    <COAC>39,150000</COAC>
    <CORS>39,150000</CORS>
    <FOGN>39,150000</FOGN>
    <FRAN>39,150000</FRAN>
    <GREC>39,150000</GREC>
    <MFTV>39,150000</MFTV>
    <PRGP>39,150000</PRGP>
    <ROSN>39,150000</ROSN>
    <SLOV>39,150000</SLOV>
    <SVIZ>39,150000</SVIZ>
    <BSP>39,150000</BSP>
    <MALT>39,150000</MALT>
    <XAUS>39,150000</XAUS>
    <XFRA>39,150000</XFRA>
  </Prezzi>
  <Prezzi>
    <Data>20170316</Data>
    <Mercato>MGP</Mercato>
    <Ora>7</Ora>
    <PUN>43,500000</PUN>
    <NAT>43,500000</NAT>
    <CNOR>43,500000</CNOR>
    <CSUD>43,500000</CSUD>
    <NORD>43,500000</NORD>
    <SARD>43,500000</SARD>
    <SICI>43,500000</SICI>
    <SUD>43,500000</SUD>
    <AUST>43,500000</AUST>
    <BRNN>43,500000</BRNN>
    <COAC>43,500000</COAC>
    <CORS>43,500000</CORS>
    <FOGN>43,500000</FOGN>
    <FRAN>43,500000</FRAN>
    <GREC>43,500000</GREC>
    <MFTV>43,500000</MFTV>
    <PRGP>43,500000</PRGP>
    <ROSN>43,500000</ROSN>
    <SLOV>43,500000</SLOV>
    <SVIZ>43,500000</SVIZ>
    <BSP>43,500000</BSP>
    <MALT>43,500000</MALT>
    <XAUS>43,500000</XAUS>
    <XFRA>43,500000</XFRA>
  </Prezzi>
  <Prezzi>
    <Data>20170316</Data>
    <Mercato>MGP</Mercato>
    <Ora>8</Ora>
    <PUN>46,010640</PUN>
    <NAT>45,480000</NAT>
    <CNOR>45,480000</CNOR>
    <CSUD>45,480000</CSUD>
    <NORD>45,480000</NORD>
    <SARD>45,480000</SARD>
    <SICI>54,930000</SICI>
    <SUD>45,480000</SUD>
    <AUST>45,480000</AUST>
    <BRNN>45,480000</BRNN>
    <COAC>45,480000</COAC>
    <CORS>45,480000</CORS>
    <FOGN>45,480000</FOGN>
    <FRAN>45,480000</FRAN>
    <GREC>45,480000</GREC>
    <MFTV>45,480000</MFTV>
    <PRGP>54,930000</PRGP>
    <ROSN>45,480000</ROSN>
    <SLOV>45,480000</SLOV>
    <SVIZ>45,480000</SVIZ>
    <BSP>45,480000</BSP>
    <MALT>54,930000</MALT>
    <XAUS>45,480000</XAUS>
    <XFRA>45,480000</XFRA>
  </Prezzi>
  <Prezzi>
    <Data>20170316</Data>
    <Mercato>MGP</Mercato>
    <Ora>9</Ora>
    <PUN>46,290000</PUN>
    <NAT>46,290000</NAT>
    <CNOR>46,290000</CNOR>
    <CSUD>46,290000</CSUD>
    <NORD>46,290000</NORD>
    <SARD>46,290000</SARD>
    <SICI>46,290000</SICI>
    <SUD>46,290000</SUD>
    <AUST>46,290000</AUST>
    <BRNN>46,290000</BRNN>
    <COAC>46,290000</COAC>
    <CORS>46,290000</CORS>
    <FOGN>46,290000</FOGN>
    <FRAN>46,290000</FRAN>
    <GREC>46,290000</GREC>
    <MFTV>46,290000</MFTV>
    <PRGP>46,290000</PRGP>
    <ROSN>46,290000</ROSN>
    <SLOV>46,290000</SLOV>
    <SVIZ>46,290000</SVIZ>
    <BSP>46,290000</BSP>
    <MALT>46,290000</MALT>
    <XAUS>46,290000</XAUS>
    <XFRA>46,290000</XFRA>
  </Prezzi>
  <Prezzi>
    <Data>20170316</Data>
    <Mercato>MGP</Mercato>
    <Ora>10</Ora>
    <PUN>41,930000</PUN>
    <NAT>41,930000</NAT>
    <CNOR>41,930000</CNOR>
    <CSUD>41,930000</CSUD>
    <NORD>41,930000</NORD>
    <SARD>41,930000</SARD>
    <SICI>41,930000</SICI>
    <SUD>41,930000</SUD>
    <AUST>41,930000</AUST>
    <BRNN>41,930000</BRNN>
    <COAC>41,930000</COAC>
    <CORS>41,930000</CORS>
    <FOGN>41,930000</FOGN>
    <FRAN>41,930000</FRAN>
    <GREC>41,930000</GREC>
    <MFTV>41,930000</MFTV>
    <PRGP>41,930000</PRGP>
    <ROSN>41,930000</ROSN>
    <SLOV>41,930000</SLOV>
    <SVIZ>41,930000</SVIZ>
    <BSP>41,930000</BSP>
    <MALT>41,930000</MALT>
    <XAUS>41,930000</XAUS>
    <XFRA>41,930000</XFRA>
  </Prezzi>
  <Prezzi>
    <Data>20170316</Data>
    <Mercato>MGP</Mercato>
    <Ora>11</Ora>
    <PUN>38,713510</PUN>
    <NAT>38,570000</NAT>
    <CNOR>38,713510</CNOR>
    <CSUD>38,713510</CSUD>
    <NORD>38,713510</NORD>
    <SARD>38,713510</SARD>
    <SICI>38,713510</SICI>
    <SUD>38,713510</SUD>
    <AUST>38,713510</AUST>
    <BRNN>38,713510</BRNN>
    <COAC>38,713510</COAC>
    <CORS>38,713510</CORS>
    <FOGN>38,713510</FOGN>
    <FRAN>38,713510</FRAN>
    <GREC>38,713510</GREC>
    <MFTV>38,713510</MFTV>
    <PRGP>38,713510</PRGP>
    <ROSN>38,713510</ROSN>
    <SLOV>38,713510</SLOV>
    <SVIZ>38,713510</SVIZ>
    <BSP>38,713510</BSP>
    <MALT>38,713510</MALT>
    <XAUS>38,713510</XAUS>
    <XFRA>38,713510</XFRA>
  </Prezzi>
  <Prezzi>
    <Data>20170316</Data>
    <Mercato>MGP</Mercato>
    <Ora>12</Ora>
    <PUN>35,490000</PUN>
    <NAT>35,490000</NAT>
    <CNOR>35,490000</CNOR>
    <CSUD>35,490000</CSUD>
    <NORD>35,490000</NORD>
    <SARD>35,490000</SARD>
    <SICI>35,490000</SICI>
    <SUD>35,490000</SUD>
    <AUST>35,490000</AUST>
    <BRNN>35,490000</BRNN>
    <COAC>35,490000</COAC>
    <CORS>35,490000</CORS>
    <FOGN>35,490000</FOGN>
    <FRAN>35,490000</FRAN>
    <GREC>35,490000</GREC>
    <MFTV>35,490000</MFTV>
    <PRGP>35,490000</PRGP>
    <ROSN>35,490000</ROSN>
    <SLOV>35,490000</SLOV>
    <SVIZ>35,490000</SVIZ>
    <BSP>35,490000</BSP>
    <MALT>35,490000</MALT>
    <XAUS>35,490000</XAUS>
    <XFRA>35,490000</XFRA>
  </Prezzi>
  <Prezzi>
    <Data>20170316</Data>
    <Mercato>MGP</Mercato>
    <Ora>13</Ora>
    <PUN>33,150000</PUN>
    <NAT>33,150000</NAT>
    <CNOR>33,150000</CNOR>
    <CSUD>33,150000</CSUD>
    <NORD>33,150000</NORD>
    <SARD>33,150000</SARD>
    <SICI>33,150000</SICI>
    <SUD>33,150000</SUD>
    <AUST>33,150000</AUST>
    <BRNN>33,150000</BRNN>
    <COAC>33,150000</COAC>
    <CORS>33,150000</CORS>
    <FOGN>33,150000</FOGN>
    <FRAN>33,150000</FRAN>
    <GREC>33,150000</GREC>
    <MFTV>33,150000</MFTV>
    <PRGP>33,150000</PRGP>
    <ROSN>33,150000</ROSN>
    <SLOV>33,150000</SLOV>
    <SVIZ>33,150000</SVIZ>
    <BSP>33,150000</BSP>
    <MALT>33,150000</MALT>
    <XAUS>33,150000</XAUS>
    <XFRA>33,150000</XFRA>
  </Prezzi>
  <Prezzi>
    <Data>20170316</Data>
    <Mercato>MGP</Mercato>
    <Ora>14</Ora>
    <PUN>30,930000</PUN>
    <NAT>30,930000</NAT>
    <CNOR>30,930000</CNOR>
    <CSUD>30,930000</CSUD>
    <NORD>30,930000</NORD>
    <SARD>30,930000</SARD>
    <SICI>30,930000</SICI>
    <SUD>30,930000</SUD>
    <AUST>30,930000</AUST>
    <BRNN>30,930000</BRNN>
    <COAC>30,930000</COAC>
    <CORS>30,930000</CORS>
    <FOGN>30,930000</FOGN>
    <FRAN>30,930000</FRAN>
    <GREC>30,930000</GREC>
    <MFTV>30,930000</MFTV>
    <PRGP>30,930000</PRGP>
    <ROSN>30,930000</ROSN>
    <SLOV>30,930000</SLOV>
    <SVIZ>30,930000</SVIZ>
    <BSP>30,930000</BSP>
    <MALT>30,930000</MALT>
    <XAUS>30,930000</XAUS>
    <XFRA>30,930000</XFRA>
  </Prezzi>
  <Prezzi>
    <Data>20170316</Data>
    <Mercato>MGP</Mercato>
    <Ora>15</Ora>
    <PUN>33,510000</PUN>
    <NAT>33,510000</NAT>
    <CNOR>33,510000</CNOR>
    <CSUD>33,510000</CSUD>
    <NORD>33,510000</NORD>
    <SARD>33,510000</SARD>
    <SICI>33,510000</SICI>
    <SUD>33,510000</SUD>
    <AUST>33,510000</AUST>
    <BRNN>33,510000</BRNN>
    <COAC>33,510000</COAC>
    <CORS>33,510000</CORS>
    <FOGN>33,510000</FOGN>
    <FRAN>33,510000</FRAN>
    <GREC>33,510000</GREC>
    <MFTV>33,510000</MFTV>
    <PRGP>33,510000</PRGP>
    <ROSN>33,510000</ROSN>
    <SLOV>33,510000</SLOV>
    <SVIZ>33,510000</SVIZ>
    <BSP>33,510000</BSP>
    <MALT>33,510000</MALT>
    <XAUS>33,510000</XAUS>
    <XFRA>33,510000</XFRA>
  </Prezzi>
  <Prezzi>
    <Data>20170316</Data>
    <Mercato>MGP</Mercato>
    <Ora>16</Ora>
    <PUN>37,880000</PUN>
    <NAT>37,880000</NAT>
    <CNOR>37,880000</CNOR>
    <CSUD>37,880000</CSUD>
    <NORD>37,880000</NORD>
    <SARD>37,880000</SARD>
    <SICI>37,880000</SICI>
    <SUD>37,880000</SUD>
    <AUST>37,880000</AUST>
    <BRNN>37,880000</BRNN>
    <COAC>37,880000</COAC>
    <CORS>37,880000</CORS>
    <FOGN>37,880000</FOGN>
    <FRAN>37,880000</FRAN>
    <GREC>37,880000</GREC>
    <MFTV>37,880000</MFTV>
    <PRGP>37,880000</PRGP>
    <ROSN>37,880000</ROSN>
    <SLOV>37,880000</SLOV>
    <SVIZ>37,880000</SVIZ>
    <BSP>37,880000</BSP>
    <MALT>37,880000</MALT>
    <XAUS>37,880000</XAUS>
    <XFRA>37,880000</XFRA>
  </Prezzi>
  <Prezzi>
    <Data>20170316</Data>
    <Mercato>MGP</Mercato>
    <Ora>17</Ora>
    <PUN>43,500000</PUN>
    <NAT>43,500000</NAT>
    <CNOR>43,500000</CNOR>
    <CSUD>43,500000</CSUD>
    <NORD>43,500000</NORD>
    <SARD>43,500000</SARD>
    <SICI>43,500000</SICI>
    <SUD>43,500000</SUD>
    <AUST>43,500000</AUST>
    <BRNN>43,500000</BRNN>
    <COAC>43,500000</COAC>
    <CORS>43,500000</CORS>
    <FOGN>43,500000</FOGN>
    <FRAN>43,500000</FRAN>
    <GREC>43,500000</GREC>
    <MFTV>43,500000</MFTV>
    <PRGP>43,500000</PRGP>
    <ROSN>43,500000</ROSN>
    <SLOV>43,500000</SLOV>
    <SVIZ>43,500000</SVIZ>
    <BSP>43,500000</BSP>
    <MALT>43,500000</MALT>
    <XAUS>43,500000</XAUS>
    <XFRA>43,500000</XFRA>
  </Prezzi>
  <Prezzi>
    <Data>20170316</Data>
    <Mercato>MGP</Mercato>
    <Ora>18</Ora>
    <PUN>52,166210</PUN>
    <NAT>52,000000</NAT>
    <CNOR>52,000000</CNOR>
    <CSUD>52,000000</CSUD>
    <NORD>52,000000</NORD>
    <SARD>52,000000</SARD>
    <SICI>54,850000</SICI>
    <SUD>52,000000</SUD>
    <AUST>52,000000</AUST>
    <BRNN>52,000000</BRNN>
    <COAC>52,000000</COAC>
    <CORS>52,000000</CORS>
    <FOGN>52,000000</FOGN>
    <FRAN>52,000000</FRAN>
    <GREC>52,000000</GREC>
    <MFTV>52,000000</MFTV>
    <PRGP>54,850000</PRGP>
    <ROSN>52,000000</ROSN>
    <SLOV>52,000000</SLOV>
    <SVIZ>52,000000</SVIZ>
    <BSP>52,000000</BSP>
    <MALT>54,850000</MALT>
    <XAUS>52,000000</XAUS>
    <XFRA>52,000000</XFRA>
  </Prezzi>
  <Prezzi>
    <Data>20170316</Data>
    <Mercato>MGP</Mercato>
    <Ora>19</Ora>
    <PUN>56,256980</PUN>
    <NAT>55,930000</NAT>
    <CNOR>54,000000</CNOR>
    <CSUD>54,000000</CSUD>
    <NORD>54,000000</NORD>
    <SARD>54,000000</SARD>
    <SICI>90,690000</SICI>
    <SUD>54,000000</SUD>
    <AUST>54,000000</AUST>
    <BRNN>54,000000</BRNN>
    <COAC>54,000000</COAC>
    <CORS>54,000000</CORS>
    <FOGN>54,000000</FOGN>
    <FRAN>54,000000</FRAN>
    <GREC>54,000000</GREC>
    <MFTV>54,000000</MFTV>
    <PRGP>90,690000</PRGP>
    <ROSN>54,000000</ROSN>
    <SLOV>54,000000</SLOV>
    <SVIZ>54,000000</SVIZ>
    <BSP>54,000000</BSP>
    <MALT>90,690000</MALT>
    <XAUS>54,000000</XAUS>
    <XFRA>54,000000</XFRA>
  </Prezzi>
  <Prezzi>
    <Data>20170316</Data>
    <Mercato>MGP</Mercato>
    <Ora>20</Ora>
    <PUN>58,686630</PUN>
    <NAT>58,780000</NAT>
    <CNOR>56,460000</CNOR>
    <CSUD>56,460000</CSUD>
    <NORD>56,460000</NORD>
    <SARD>56,460000</SARD>
    <SICI>91,530000</SICI>
    <SUD>56,460000</SUD>
    <AUST>56,460000</AUST>
    <BRNN>56,460000</BRNN>
    <COAC>56,460000</COAC>
    <CORS>56,460000</CORS>
    <FOGN>56,460000</FOGN>
    <FRAN>56,460000</FRAN>
    <GREC>56,460000</GREC>
    <MFTV>56,460000</MFTV>
    <PRGP>91,530000</PRGP>
    <ROSN>56,460000</ROSN>
    <SLOV>56,460000</SLOV>
    <SVIZ>56,460000</SVIZ>
    <BSP>56,460000</BSP>
    <MALT>91,530000</MALT>
    <XAUS>56,460000</XAUS>
    <XFRA>56,460000</XFRA>
  </Prezzi>
  <Prezzi>
    <Data>20170316</Data>
    <Mercato>MGP</Mercato>
    <Ora>21</Ora>
    <PUN>55,523840</PUN>
    <NAT>54,000000</NAT>
    <CNOR>53,000000</CNOR>
    <CSUD>53,000000</CSUD>
    <NORD>53,000000</NORD>
    <SARD>53,000000</SARD>
    <SICI>91,530000</SICI>
    <SUD>53,000000</SUD>
    <AUST>53,000000</AUST>
    <BRNN>53,000000</BRNN>
    <COAC>53,000000</COAC>
    <CORS>53,000000</CORS>
    <FOGN>53,000000</FOGN>
    <FRAN>53,000000</FRAN>
    <GREC>53,000000</GREC>
    <MFTV>53,000000</MFTV>
    <PRGP>91,530000</PRGP>
    <ROSN>53,000000</ROSN>
    <SLOV>53,000000</SLOV>
    <SVIZ>53,000000</SVIZ>
    <BSP>53,000000</BSP>
    <MALT>91,530000</MALT>
    <XAUS>53,000000</XAUS>
    <XFRA>53,000000</XFRA>
  </Prezzi>
  <Prezzi>
    <Data>20170316</Data>
    <Mercato>MGP</Mercato>
    <Ora>22</Ora>
    <PUN>53,616660</PUN>
    <NAT>52,000000</NAT>
    <CNOR>51,000000</CNOR>
    <CSUD>51,000000</CSUD>
    <NORD>51,000000</NORD>
    <SARD>51,000000</SARD>
    <SICI>90,690000</SICI>
    <SUD>51,000000</SUD>
    <AUST>51,000000</AUST>
    <BRNN>51,000000</BRNN>
    <COAC>51,000000</COAC>
    <CORS>51,000000</CORS>
    <FOGN>51,000000</FOGN>
    <FRAN>51,000000</FRAN>
    <GREC>51,000000</GREC>
    <MFTV>51,000000</MFTV>
    <PRGP>90,690000</PRGP>
    <ROSN>51,000000</ROSN>
    <SLOV>51,000000</SLOV>
    <SVIZ>51,000000</SVIZ>
    <BSP>51,000000</BSP>
    <MALT>90,690000</MALT>
    <XAUS>51,000000</XAUS>
    <XFRA>51,000000</XFRA>
  </Prezzi>
  <Prezzi>
    <Data>20170316</Data>
    <Mercato>MGP</Mercato>
    <Ora>23</Ora>
    <PUN>46,915480</PUN>
    <NAT>45,350000</NAT>
    <CNOR>45,330000</CNOR>
    <CSUD>45,330000</CSUD>
    <NORD>45,330000</NORD>
    <SARD>45,330000</SARD>
    <SICI>68,990000</SICI>
    <SUD>45,330000</SUD>
    <AUST>45,330000</AUST>
    <BRNN>45,330000</BRNN>
    <COAC>45,330000</COAC>
    <CORS>45,330000</CORS>
    <FOGN>45,330000</FOGN>
    <FRAN>45,330000</FRAN>
    <GREC>45,330000</GREC>
    <MFTV>45,330000</MFTV>
    <PRGP>68,990000</PRGP>
    <ROSN>45,330000</ROSN>
    <SLOV>45,330000</SLOV>
    <SVIZ>45,330000</SVIZ>
    <BSP>45,330000</BSP>
    <MALT>68,990000</MALT>
    <XAUS>45,330000</XAUS>
    <XFRA>45,330000</XFRA>
  </Prezzi>
  <Prezzi>
    <Data>20170316</Data>
    <Mercato>MGP</Mercato>
    <Ora>24</Ora>
    <PUN>40,264060</PUN>
    <NAT>40,200000</NAT>
    <CNOR>40,200000</CNOR>
    <CSUD>40,200000</CSUD>
    <NORD>40,200000</NORD>
    <SARD>40,200000</SARD>
    <SICI>41,190000</SICI>
    <SUD>40,200000</SUD>
    <AUST>40,200000</AUST>
    <BRNN>40,200000</BRNN>
    <COAC>40,200000</COAC>
    <CORS>40,200000</CORS>
    <FOGN>40,200000</FOGN>
    <FRAN>40,200000</FRAN>
    <GREC>40,200000</GREC>
    <MFTV>40,200000</MFTV>
    <PRGP>41,190000</PRGP>
    <ROSN>40,200000</ROSN>
    <SLOV>40,200000</SLOV>
    <SVIZ>40,200000</SVIZ>
    <BSP>40,200000</BSP>
    <MALT>41,190000</MALT>
    <XAUS>40,200000</XAUS>
    <XFRA>40,200000</XFRA>
  </Prezzi>
</NewDataSet>