<?xml version="1.0" standalone="yes"?>
<NewDataSet>
  <xs:schema id="NewDataSet" xmlns="" xmlns:xs="http://www.w3.org/2001/XMLSchema" xmlns:msdata="urn:schemas-microsoft-com:xml-msdata">
    <xs:element name="NewDataSet" msdata:IsDataSet="true" msdata:UseCurrentLocale="true">
      <xs:complexType>
        <xs:choice minOccurs="0" maxOccurs="unbounded">
          <xs:element name="Prezzi">
            <xs:complexType>
              <xs:sequence>
                <xs:element name="Data" type="xs:string" minOccurs="0" />
                <xs:element name="Mercato" type="xs:string" minOccurs="0" />
                <xs:element name="Ora" type="xs:string" minOccurs="0" />
                <xs:element name="PUN" type="xs:string" minOccurs="0" />
                <xs:element name="NAT" type="xs:string" minOccurs="0" />
                <xs:element name="CNOR" type="xs:string" minOccurs="0" />
                <xs:element name="CSUD" type="xs:string" minOccurs="0" />
                <xs:element name="NORD" type="xs:string" minOccurs="0" />
                <xs:element name="SARD" type="xs:string" minOccurs="0" />
                <xs:element name="SICI" type="xs:string" minOccurs="0" />
                <xs:element name="SUD" type="xs:string" minOccurs="0" />
                <xs:element name="AUST" type="xs:string" minOccurs="0" />
                <xs:element name="BRNN" type="xs:string" minOccurs="0" />
                <xs:element name="COAC" type="xs:string" minOccurs="0" />
                <xs:element name="CORS" type="xs:string" minOccurs="0" />
                <xs:element name="FOGN" type="xs:string" minOccurs="0" />
                <xs:element name="FRAN" type="xs:string" minOccurs="0" />
                <xs:element name="GREC" type="xs:string" minOccurs="0" />
                <xs:element name="MFTV" type="xs:string" minOccurs="0" />
                <xs:element name="PRGP" type="xs:string" minOccurs="0" />
                <xs:element name="ROSN" type="xs:string" minOccurs="0" />
                <xs:element name="SLOV" type="xs:string" minOccurs="0" />
                <xs:element name="SVIZ" type="xs:string" minOccurs="0" />
                <xs:element name="BSP" type="xs:string" minOccurs="0" />
                <xs:element name="MALT" type="xs:string" minOccurs="0" />
                <xs:element name="XAUS" type="xs:string" minOccurs="0" />
                <xs:element name="XFRA" type="xs:string" minOccurs="0" />
              </xs:sequence>
            </xs:complexType>
          </xs:element>
        </xs:choice>
      </xs:complexType>
    </xs:element>
  </xs:schema>
  <Prezzi>
    <Data>20170312</Data>
    <Mercato>MGP</Mercato>
    <Ora>1</Ora>
    <PUN>44,000000</PUN>
    <NAT>44,000000</NAT>
    <CNOR>44,000000</CNOR>
    <CSUD>44,000000</CSUD>
    <NORD>44,000000</NORD>
    <SARD>44,000000</SARD>
    <SICI>44,000000</SICI>
    <SUD>44,000000</SUD>
    <AUST>44,000000</AUST>
    <BRNN>44,000000</BRNN>
    <COAC>44,000000</COAC>
    <CORS>44,000000</CORS>
    <FOGN>44,000000</FOGN>
    <FRAN>44,000000</FRAN>
    <GREC>44,000000</GREC>
    <MFTV>44,000000</MFTV>
    <PRGP>44,000000</PRGP>
    <ROSN>44,000000</ROSN>
    <SLOV>44,000000</SLOV>
    <SVIZ>44,000000</SVIZ>
    <BSP>44,000000</BSP>
    <MALT>44,000000</MALT>
    <XAUS>44,000000</XAUS>
    <XFRA>44,000000</XFRA>
  </Prezzi>
  <Prezzi>
    <Data>20170312</Data>
    <Mercato>MGP</Mercato>
    <Ora>2</Ora>
    <PUN>37,880000</PUN>
    <NAT>37,880000</NAT>
    <CNOR>37,880000</CNOR>
    <CSUD>37,880000</CSUD>
    <NORD>37,880000</NORD>
    <SARD>37,880000</SARD>
    <SICI>37,880000</SICI>
    <SUD>37,880000</SUD>
    <AUST>37,880000</AUST>
    <BRNN>37,880000</BRNN>
    <COAC>37,880000</COAC>
    <CORS>37,880000</CORS>
    <FOGN>37,880000</FOGN>
    <FRAN>37,880000</FRAN>
    <GREC>37,880000</GREC>
    <MFTV>37,880000</MFTV>
    <PRGP>37,880000</PRGP>
    <ROSN>37,880000</ROSN>
    <SLOV>37,880000</SLOV>
    <SVIZ>37,880000</SVIZ>
    <BSP>37,880000</BSP>
    <MALT>37,880000</MALT>
    <XAUS>37,880000</XAUS>
    <XFRA>37,880000</XFRA>
  </Prezzi>
  <Prezzi>
    <Data>20170312</Data>
    <Mercato>MGP</Mercato>
    <Ora>3</Ora>
    <PUN>35,000000</PUN>
    <NAT>35,000000</NAT>
    <CNOR>35,000000</CNOR>
    <CSUD>35,000000</CSUD>
    <NORD>35,000000</NORD>
    <SARD>35,000000</SARD>
    <SICI>35,000000</SICI>
    <SUD>35,000000</SUD>
    <AUST>35,000000</AUST>
    <BRNN>35,000000</BRNN>
    <COAC>35,000000</COAC>
    <CORS>35,000000</CORS>
    <FOGN>35,000000</FOGN>
    <FRAN>35,000000</FRAN>
    <GREC>35,000000</GREC>
    <MFTV>35,000000</MFTV>
    <PRGP>35,000000</PRGP>
    <ROSN>35,000000</ROSN>
    <SLOV>35,000000</SLOV>
    <SVIZ>35,000000</SVIZ>
    <BSP>35,000000</BSP>
    <MALT>35,000000</MALT>
    <XAUS>35,000000</XAUS>
    <XFRA>35,000000</XFRA>
  </Prezzi>
  <Prezzi>
    <Data>20170312</Data>
    <Mercato>MGP</Mercato>
    <Ora>4</Ora>
    <PUN>30,000000</PUN>
    <NAT>30,000000</NAT>
    <CNOR>30,000000</CNOR>
    <CSUD>30,000000</CSUD>
    <NORD>30,000000</NORD>
    <SARD>30,000000</SARD>
    <SICI>30,000000</SICI>
    <SUD>30,000000</SUD>
    <AUST>30,000000</AUST>
    <BRNN>30,000000</BRNN>
    <COAC>30,000000</COAC>
    <CORS>30,000000</CORS>
    <FOGN>30,000000</FOGN>
    <FRAN>30,000000</FRAN>
    <GREC>30,000000</GREC>
    <MFTV>30,000000</MFTV>
    <PRGP>30,000000</PRGP>
    <ROSN>30,000000</ROSN>
    <SLOV>30,000000</SLOV>
    <SVIZ>30,000000</SVIZ>
    <BSP>30,000000</BSP>
    <MALT>30,000000</MALT>
    <XAUS>30,000000</XAUS>
    <XFRA>30,000000</XFRA>
  </Prezzi>
  <Prezzi>
    <Data>20170312</Data>
    <Mercato>MGP</Mercato>
    <Ora>5</Ora>
    <PUN>36,840000</PUN>
    <NAT>36,840000</NAT>
    <CNOR>36,840000</CNOR>
    <CSUD>36,840000</CSUD>
    <NORD>36,840000</NORD>
    <SARD>36,840000</SARD>
    <SICI>36,840000</SICI>
    <SUD>36,840000</SUD>
    <AUST>36,840000</AUST>
    <BRNN>36,840000</BRNN>
    <COAC>36,840000</COAC>
    <CORS>36,840000</CORS>
    <FOGN>36,840000</FOGN>
    <FRAN>36,840000</FRAN>
    <GREC>36,840000</GREC>
    <MFTV>36,840000</MFTV>
    <PRGP>36,840000</PRGP>
    <ROSN>36,840000</ROSN>
    <SLOV>36,840000</SLOV>
    <SVIZ>36,840000</SVIZ>
    <BSP>36,840000</BSP>
    <MALT>36,840000</MALT>
    <XAUS>36,840000</XAUS>
    <XFRA>36,840000</XFRA>
  </Prezzi>
  <Prezzi>
    <Data>20170312</Data>
    <Mercato>MGP</Mercato>
    <Ora>6</Ora>
    <PUN>41,580000</PUN>
    <NAT>41,580000</NAT>
    <CNOR>41,580000</CNOR>
    <CSUD>41,580000</CSUD>
    <NORD>41,580000</NORD>
    <SARD>41,580000</SARD>
    <SICI>41,580000</SICI>
    <SUD>41,580000</SUD>
    <AUST>41,580000</AUST>
    <BRNN>41,580000</BRNN>
    <COAC>41,580000</COAC>
    <CORS>41,580000</CORS>
    <FOGN>41,580000</FOGN>
    <FRAN>41,580000</FRAN>
    <GREC>41,580000</GREC>
    <MFTV>41,580000</MFTV>
    <PRGP>41,580000</PRGP>
    <ROSN>41,580000</ROSN>
    <SLOV>41,580000</SLOV>
    <SVIZ>41,580000</SVIZ>
    <BSP>41,580000</BSP>
    <MALT>41,580000</MALT>
    <XAUS>41,580000</XAUS>
    <XFRA>41,580000</XFRA>
  </Prezzi>
  <Prezzi>
    <Data>20170312</Data>
    <Mercato>MGP</Mercato>
    <Ora>7</Ora>
    <PUN>45,010000</PUN>
    <NAT>45,010000</NAT>
    <CNOR>45,010000</CNOR>
    <CSUD>45,010000</CSUD>
    <NORD>45,010000</NORD>
    <SARD>45,010000</SARD>
    <SICI>45,010000</SICI>
    <SUD>45,010000</SUD>
    <AUST>45,010000</AUST>
    <BRNN>45,010000</BRNN>
    <COAC>45,010000</COAC>
    <CORS>45,010000</CORS>
    <FOGN>45,010000</FOGN>
    <FRAN>45,010000</FRAN>
    <GREC>45,010000</GREC>
    <MFTV>45,010000</MFTV>
    <PRGP>45,010000</PRGP>
    <ROSN>45,010000</ROSN>
    <SLOV>45,010000</SLOV>
    <SVIZ>45,010000</SVIZ>
    <BSP>45,010000</BSP>
    <MALT>45,010000</MALT>
    <XAUS>45,010000</XAUS>
    <XFRA>45,010000</XFRA>
  </Prezzi>
  <Prezzi>
    <Data>20170312</Data>
    <Mercato>MGP</Mercato>
    <Ora>8</Ora>
    <PUN>45,010000</PUN>
    <NAT>45,010000</NAT>
    <CNOR>45,010000</CNOR>
    <CSUD>45,010000</CSUD>
    <NORD>45,010000</NORD>
    <SARD>45,010000</SARD>
    <SICI>45,010000</SICI>
    <SUD>45,010000</SUD>
    <AUST>45,010000</AUST>
    <BRNN>45,010000</BRNN>
    <COAC>45,010000</COAC>
    <CORS>45,010000</CORS>
    <FOGN>45,010000</FOGN>
    <FRAN>45,010000</FRAN>
    <GREC>45,010000</GREC>
    <MFTV>45,010000</MFTV>
    <PRGP>45,010000</PRGP>
    <ROSN>45,010000</ROSN>
    <SLOV>45,010000</SLOV>
    <SVIZ>45,010000</SVIZ>
    <BSP>45,010000</BSP>
    <MALT>45,010000</MALT>
    <XAUS>45,010000</XAUS>
    <XFRA>45,010000</XFRA>
  </Prezzi>
  <Prezzi>
    <Data>20170312</Data>
    <Mercato>MGP</Mercato>
    <Ora>9</Ora>
    <PUN>44,180000</PUN>
    <NAT>44,180000</NAT>
    <CNOR>44,180000</CNOR>
    <CSUD>44,180000</CSUD>
    <NORD>44,180000</NORD>
    <SARD>44,180000</SARD>
    <SICI>44,180000</SICI>
    <SUD>44,180000</SUD>
    <AUST>44,180000</AUST>
    <BRNN>44,180000</BRNN>
    <COAC>44,180000</COAC>
    <CORS>44,180000</CORS>
    <FOGN>44,180000</FOGN>
    <FRAN>44,180000</FRAN>
    <GREC>44,180000</GREC>
    <MFTV>44,180000</MFTV>
    <PRGP>44,180000</PRGP>
    <ROSN>44,180000</ROSN>
    <SLOV>44,180000</SLOV>
    <SVIZ>44,180000</SVIZ>
    <BSP>44,180000</BSP>
    <MALT>44,180000</MALT>
    <XAUS>44,180000</XAUS>
    <XFRA>44,180000</XFRA>
  </Prezzi>
  <Prezzi>
    <Data>20170312</Data>
    <Mercato>MGP</Mercato>
    <Ora>10</Ora>
    <PUN>44,000000</PUN>
    <NAT>44,000000</NAT>
    <CNOR>44,000000</CNOR>
    <CSUD>44,000000</CSUD>
    <NORD>44,000000</NORD>
    <SARD>44,000000</SARD>
    <SICI>44,000000</SICI>
    <SUD>44,000000</SUD>
    <AUST>44,000000</AUST>
    <BRNN>44,000000</BRNN>
    <COAC>44,000000</COAC>
    <CORS>44,000000</CORS>
    <FOGN>44,000000</FOGN>
    <FRAN>44,000000</FRAN>
    <GREC>44,000000</GREC>
    <MFTV>44,000000</MFTV>
    <PRGP>44,000000</PRGP>
    <ROSN>44,000000</ROSN>
    <SLOV>44,000000</SLOV>
    <SVIZ>44,000000</SVIZ>
    <BSP>44,000000</BSP>
    <MALT>44,000000</MALT>
    <XAUS>44,000000</XAUS>
    <XFRA>44,000000</XFRA>
  </Prezzi>
  <Prezzi>
    <Data>20170312</Data>
    <Mercato>MGP</Mercato>
    <Ora>11</Ora>
    <PUN>46,040000</PUN>
    <NAT>46,040000</NAT>
    <CNOR>46,040000</CNOR>
    <CSUD>46,040000</CSUD>
    <NORD>46,040000</NORD>
    <SARD>46,040000</SARD>
    <SICI>46,040000</SICI>
    <SUD>46,040000</SUD>
    <AUST>46,040000</AUST>
    <BRNN>46,040000</BRNN>
    <COAC>46,040000</COAC>
    <CORS>46,040000</CORS>
    <FOGN>46,040000</FOGN>
    <FRAN>46,040000</FRAN>
    <GREC>46,040000</GREC>
    <MFTV>46,040000</MFTV>
    <PRGP>46,040000</PRGP>
    <ROSN>46,040000</ROSN>
    <SLOV>46,040000</SLOV>
    <SVIZ>46,040000</SVIZ>
    <BSP>46,040000</BSP>
    <MALT>46,040000</MALT>
    <XAUS>46,040000</XAUS>
    <XFRA>46,040000</XFRA>
  </Prezzi>
  <Prezzi>
    <Data>20170312</Data>
    <Mercato>MGP</Mercato>
    <Ora>12</Ora>
    <PUN>41,200000</PUN>
    <NAT>41,200000</NAT>
    <CNOR>41,200000</CNOR>
    <CSUD>41,200000</CSUD>
    <NORD>41,200000</NORD>
    <SARD>41,200000</SARD>
    <SICI>41,200000</SICI>
    <SUD>41,200000</SUD>
    <AUST>41,200000</AUST>
    <BRNN>41,200000</BRNN>
    <COAC>41,200000</COAC>
    <CORS>41,200000</CORS>
    <FOGN>41,200000</FOGN>
    <FRAN>41,200000</FRAN>
    <GREC>41,200000</GREC>
    <MFTV>41,200000</MFTV>
    <PRGP>41,200000</PRGP>
    <ROSN>41,200000</ROSN>
    <SLOV>41,200000</SLOV>
    <SVIZ>41,200000</SVIZ>
    <BSP>41,200000</BSP>
    <MALT>41,200000</MALT>
    <XAUS>41,200000</XAUS>
    <XFRA>41,200000</XFRA>
  </Prezzi>
  <Prezzi>
    <Data>20170312</Data>
    <Mercato>MGP</Mercato>
    <Ora>13</Ora>
    <PUN>40,590000</PUN>
    <NAT>40,590000</NAT>
    <CNOR>40,590000</CNOR>
    <CSUD>40,590000</CSUD>
    <NORD>40,590000</NORD>
    <SARD>40,590000</SARD>
    <SICI>40,590000</SICI>
    <SUD>40,590000</SUD>
    <AUST>40,590000</AUST>
    <BRNN>40,590000</BRNN>
    <COAC>40,590000</COAC>
    <CORS>40,590000</CORS>
    <FOGN>40,590000</FOGN>
    <FRAN>40,590000</FRAN>
    <GREC>40,590000</GREC>
    <MFTV>40,590000</MFTV>
    <PRGP>40,590000</PRGP>
    <ROSN>40,590000</ROSN>
    <SLOV>40,590000</SLOV>
    <SVIZ>40,590000</SVIZ>
    <BSP>40,590000</BSP>
    <MALT>40,590000</MALT>
    <XAUS>40,590000</XAUS>
    <XFRA>40,590000</XFRA>
  </Prezzi>
  <Prezzi>
    <Data>20170312</Data>
    <Mercato>MGP</Mercato>
    <Ora>14</Ora>
    <PUN>38,100000</PUN>
    <NAT>38,100000</NAT>
    <CNOR>38,100000</CNOR>
    <CSUD>38,100000</CSUD>
    <NORD>38,100000</NORD>
    <SARD>38,100000</SARD>
    <SICI>38,100000</SICI>
    <SUD>38,100000</SUD>
    <AUST>38,100000</AUST>
    <BRNN>38,100000</BRNN>
    <COAC>38,100000</COAC>
    <CORS>38,100000</CORS>
    <FOGN>38,100000</FOGN>
    <FRAN>38,100000</FRAN>
    <GREC>38,100000</GREC>
    <MFTV>38,100000</MFTV>
    <PRGP>38,100000</PRGP>
    <ROSN>38,100000</ROSN>
    <SLOV>38,100000</SLOV>
    <SVIZ>38,100000</SVIZ>
    <BSP>38,100000</BSP>
    <MALT>38,100000</MALT>
    <XAUS>38,100000</XAUS>
    <XFRA>38,100000</XFRA>
  </Prezzi>
  <Prezzi>
    <Data>20170312</Data>
    <Mercato>MGP</Mercato>
    <Ora>15</Ora>
    <PUN>39,130000</PUN>
    <NAT>39,130000</NAT>
    <CNOR>39,130000</CNOR>
    <CSUD>39,130000</CSUD>
    <NORD>39,130000</NORD>
    <SARD>39,130000</SARD>
    <SICI>39,130000</SICI>
    <SUD>39,130000</SUD>
    <AUST>39,130000</AUST>
    <BRNN>39,130000</BRNN>
    <COAC>39,130000</COAC>
    <CORS>39,130000</CORS>
    <FOGN>39,130000</FOGN>
    <FRAN>39,130000</FRAN>
    <GREC>39,130000</GREC>
    <MFTV>39,130000</MFTV>
    <PRGP>39,130000</PRGP>
    <ROSN>39,130000</ROSN>
    <SLOV>39,130000</SLOV>
    <SVIZ>39,130000</SVIZ>
    <BSP>39,130000</BSP>
    <MALT>39,130000</MALT>
    <XAUS>39,130000</XAUS>
    <XFRA>39,130000</XFRA>
  </Prezzi>
  <Prezzi>
    <Data>20170312</Data>
    <Mercato>MGP</Mercato>
    <Ora>16</Ora>
    <PUN>43,520000</PUN>
    <NAT>43,520000</NAT>
    <CNOR>43,520000</CNOR>
    <CSUD>43,520000</CSUD>
    <NORD>43,520000</NORD>
    <SARD>43,520000</SARD>
    <SICI>43,520000</SICI>
    <SUD>43,520000</SUD>
    <AUST>43,520000</AUST>
    <BRNN>43,520000</BRNN>
    <COAC>43,520000</COAC>
    <CORS>43,520000</CORS>
    <FOGN>43,520000</FOGN>
    <FRAN>43,520000</FRAN>
    <GREC>43,520000</GREC>
    <MFTV>43,520000</MFTV>
    <PRGP>43,520000</PRGP>
    <ROSN>43,520000</ROSN>
    <SLOV>43,520000</SLOV>
    <SVIZ>43,520000</SVIZ>
    <BSP>43,520000</BSP>
    <MALT>43,520000</MALT>
    <XAUS>43,520000</XAUS>
    <XFRA>43,520000</XFRA>
  </Prezzi>
  <Prezzi>
    <Data>20170312</Data>
    <Mercato>MGP</Mercato>
    <Ora>17</Ora>
    <PUN>50,000000</PUN>
    <NAT>50,000000</NAT>
    <CNOR>50,000000</CNOR>
    <CSUD>50,000000</CSUD>
    <NORD>50,000000</NORD>
    <SARD>50,000000</SARD>
    <SICI>50,000000</SICI>
    <SUD>50,000000</SUD>
    <AUST>50,000000</AUST>
    <BRNN>50,000000</BRNN>
    <COAC>50,000000</COAC>
    <CORS>50,000000</CORS>
    <FOGN>50,000000</FOGN>
    <FRAN>50,000000</FRAN>
    <GREC>50,000000</GREC>
    <MFTV>50,000000</MFTV>
    <PRGP>50,000000</PRGP>
    <ROSN>50,000000</ROSN>
    <SLOV>50,000000</SLOV>
    <SVIZ>50,000000</SVIZ>
    <BSP>50,000000</BSP>
    <MALT>50,000000</MALT>
    <XAUS>50,000000</XAUS>
    <XFRA>50,000000</XFRA>
  </Prezzi>
  <Prezzi>
    <Data>20170312</Data>
    <Mercato>MGP</Mercato>
    <Ora>18</Ora>
    <PUN>52,370000</PUN>
    <NAT>51,960000</NAT>
    <CNOR>51,668720</CNOR>
    <CSUD>51,668720</CSUD>
    <NORD>51,668720</NORD>
    <SARD>51,668720</SARD>
    <SICI>61,850000</SICI>
    <SUD>51,668720</SUD>
    <AUST>51,668720</AUST>
    <BRNN>51,668720</BRNN>
    <COAC>51,668720</COAC>
    <CORS>51,668720</CORS>
    <FOGN>51,668720</FOGN>
    <FRAN>51,668720</FRAN>
    <GREC>51,668720</GREC>
    <MFTV>51,668720</MFTV>
    <PRGP>61,850000</PRGP>
    <ROSN>51,668720</ROSN>
    <SLOV>51,668720</SLOV>
    <SVIZ>51,668720</SVIZ>
    <BSP>51,668720</BSP>
    <MALT>61,850000</MALT>
    <XAUS>51,668720</XAUS>
    <XFRA>51,668720</XFRA>
  </Prezzi>
  <Prezzi>
    <Data>20170312</Data>
    <Mercato>MGP</Mercato>
    <Ora>19</Ora>
    <PUN>55,299430</PUN>
    <NAT>54,000000</NAT>
    <CNOR>54,000000</CNOR>
    <CSUD>54,000000</CSUD>
    <NORD>54,000000</NORD>
    <SARD>54,000000</SARD>
    <SICI>72,690000</SICI>
    <SUD>54,000000</SUD>
    <AUST>54,000000</AUST>
    <BRNN>54,000000</BRNN>
    <COAC>54,000000</COAC>
    <CORS>54,000000</CORS>
    <FOGN>54,000000</FOGN>
    <FRAN>54,000000</FRAN>
    <GREC>54,000000</GREC>
    <MFTV>54,000000</MFTV>
    <PRGP>72,690000</PRGP>
    <ROSN>54,000000</ROSN>
    <SLOV>54,000000</SLOV>
    <SVIZ>54,000000</SVIZ>
    <BSP>54,000000</BSP>
    <MALT>72,690000</MALT>
    <XAUS>54,000000</XAUS>
    <XFRA>54,000000</XFRA>
  </Prezzi>
  <Prezzi>
    <Data>20170312</Data>
    <Mercato>MGP</Mercato>
    <Ora>20</Ora>
    <PUN>57,516980</PUN>
    <NAT>55,420000</NAT>
    <CNOR>55,000000</CNOR>
    <CSUD>55,000000</CSUD>
    <NORD>55,000000</NORD>
    <SARD>55,000000</SARD>
    <SICI>91,530000</SICI>
    <SUD>55,000000</SUD>
    <AUST>55,000000</AUST>
    <BRNN>55,000000</BRNN>
    <COAC>55,000000</COAC>
    <CORS>55,000000</CORS>
    <FOGN>55,000000</FOGN>
    <FRAN>55,000000</FRAN>
    <GREC>55,000000</GREC>
    <MFTV>55,000000</MFTV>
    <PRGP>91,530000</PRGP>
    <ROSN>55,000000</ROSN>
    <SLOV>55,000000</SLOV>
    <SVIZ>55,000000</SVIZ>
    <BSP>55,000000</BSP>
    <MALT>91,530000</MALT>
    <XAUS>55,000000</XAUS>
    <XFRA>55,000000</XFRA>
  </Prezzi>
  <Prezzi>
    <Data>20170312</Data>
    <Mercato>MGP</Mercato>
    <Ora>21</Ora>
    <PUN>55,760940</PUN>
    <NAT>53,320000</NAT>
    <CNOR>53,000000</CNOR>
    <CSUD>53,000000</CSUD>
    <NORD>53,000000</NORD>
    <SARD>53,000000</SARD>
    <SICI>91,530000</SICI>
    <SUD>53,000000</SUD>
    <AUST>53,000000</AUST>
    <BRNN>53,000000</BRNN>
    <COAC>53,000000</COAC>
    <CORS>53,000000</CORS>
    <FOGN>53,000000</FOGN>
    <FRAN>53,000000</FRAN>
    <GREC>53,000000</GREC>
    <MFTV>53,000000</MFTV>
    <PRGP>91,530000</PRGP>
    <ROSN>53,000000</ROSN>
    <SLOV>53,000000</SLOV>
    <SVIZ>53,000000</SVIZ>
    <BSP>53,000000</BSP>
    <MALT>91,530000</MALT>
    <XAUS>53,000000</XAUS>
    <XFRA>53,000000</XFRA>
  </Prezzi>
  <Prezzi>
    <Data>20170312</Data>
    <Mercato>MGP</Mercato>
    <Ora>22</Ora>
    <PUN>53,877370</PUN>
    <NAT>51,960000</NAT>
    <CNOR>51,000000</CNOR>
    <CSUD>51,000000</CSUD>
    <NORD>51,000000</NORD>
    <SARD>51,000000</SARD>
    <SICI>90,690000</SICI>
    <SUD>51,000000</SUD>
    <AUST>51,000000</AUST>
    <BRNN>51,000000</BRNN>
    <COAC>51,000000</COAC>
    <CORS>51,000000</CORS>
    <FOGN>51,000000</FOGN>
    <FRAN>51,000000</FRAN>
    <GREC>51,000000</GREC>
    <MFTV>51,000000</MFTV>
    <PRGP>90,690000</PRGP>
    <ROSN>51,000000</ROSN>
    <SLOV>51,000000</SLOV>
    <SVIZ>51,000000</SVIZ>
    <BSP>51,000000</BSP>
    <MALT>90,690000</MALT>
    <XAUS>51,000000</XAUS>
    <XFRA>51,000000</XFRA>
  </Prezzi>
  <Prezzi>
    <Data>20170312</Data>
    <Mercato>MGP</Mercato>
    <Ora>23</Ora>
    <PUN>47,951980</PUN>
    <NAT>46,710000</NAT>
    <CNOR>46,000000</CNOR>
    <CSUD>46,000000</CSUD>
    <NORD>46,000000</NORD>
    <SARD>46,000000</SARD>
    <SICI>72,690000</SICI>
    <SUD>46,000000</SUD>
    <AUST>46,000000</AUST>
    <BRNN>46,000000</BRNN>
    <COAC>46,000000</COAC>
    <CORS>46,000000</CORS>
    <FOGN>46,000000</FOGN>
    <FRAN>46,000000</FRAN>
    <GREC>46,000000</GREC>
    <MFTV>46,000000</MFTV>
    <PRGP>72,690000</PRGP>
    <ROSN>46,000000</ROSN>
    <SLOV>46,000000</SLOV>
    <SVIZ>46,000000</SVIZ>
    <BSP>46,000000</BSP>
    <MALT>72,690000</MALT>
    <XAUS>46,000000</XAUS>
    <XFRA>46,000000</XFRA>
  </Prezzi>
  <Prezzi>
    <Data>20170312</Data>
    <Mercato>MGP</Mercato>
    <Ora>24</Ora>
    <PUN>44,156780</PUN>
    <NAT>43,690000</NAT>
    <CNOR>43,500000</CNOR>
    <CSUD>43,500000</CSUD>
    <NORD>43,500000</NORD>
    <SARD>43,500000</SARD>
    <SICI>52,690000</SICI>
    <SUD>43,500000</SUD>
    <AUST>43,500000</AUST>
    <BRNN>43,500000</BRNN>
    <COAC>43,500000</COAC>
    <CORS>43,500000</CORS>
    <FOGN>43,500000</FOGN>
    <FRAN>43,500000</FRAN>
    <GREC>43,500000</GREC>
    <MFTV>43,500000</MFTV>
    <PRGP>52,690000</PRGP>
    <ROSN>43,500000</ROSN>
    <SLOV>43,500000</SLOV>
    <SVIZ>43,500000</SVIZ>
    <BSP>43,500000</BSP>
    <MALT>52,690000</MALT>
    <XAUS>43,500000</XAUS>
    <XFRA>43,500000</XFRA>
  </Prezzi>
</NewDataSet>