<?xml version="1.0" standalone="yes"?>
<NewDataSet>
  <xs:schema id="NewDataSet" xmlns="" xmlns:xs="http://www.w3.org/2001/XMLSchema" xmlns:msdata="urn:schemas-microsoft-com:xml-msdata">
    <xs:element name="NewDataSet" msdata:IsDataSet="true" msdata:UseCurrentLocale="true">
      <xs:complexType>
        <xs:choice minOccurs="0" maxOccurs="unbounded">
          <xs:element name="Prezzi">
            <xs:complexType>
              <xs:sequence>
                <xs:element name="Data" type="xs:string" minOccurs="0" />
                <xs:element name="Mercato" type="xs:string" minOccurs="0" />
                <xs:element name="Ora" type="xs:string" minOccurs="0" />
                <xs:element name="PUN" type="xs:string" minOccurs="0" />
                <xs:element name="NAT" type="xs:string" minOccurs="0" />
                <xs:element name="CNOR" type="xs:string" minOccurs="0" />
                <xs:element name="CSUD" type="xs:string" minOccurs="0" />
                <xs:element name="NORD" type="xs:string" minOccurs="0" />
                <xs:element name="SARD" type="xs:string" minOccurs="0" />
                <xs:element name="SICI" type="xs:string" minOccurs="0" />
                <xs:element name="SUD" type="xs:string" minOccurs="0" />
                <xs:element name="AUST" type="xs:string" minOccurs="0" />
                <xs:element name="BRNN" type="xs:string" minOccurs="0" />
                <xs:element name="COAC" type="xs:string" minOccurs="0" />
                <xs:element name="CORS" type="xs:string" minOccurs="0" />
                <xs:element name="FOGN" type="xs:string" minOccurs="0" />
                <xs:element name="FRAN" type="xs:string" minOccurs="0" />
                <xs:element name="GREC" type="xs:string" minOccurs="0" />
                <xs:element name="MFTV" type="xs:string" minOccurs="0" />
                <xs:element name="PRGP" type="xs:string" minOccurs="0" />
                <xs:element name="ROSN" type="xs:string" minOccurs="0" />
                <xs:element name="SLOV" type="xs:string" minOccurs="0" />
                <xs:element name="SVIZ" type="xs:string" minOccurs="0" />
                <xs:element name="BSP" type="xs:string" minOccurs="0" />
                <xs:element name="MALT" type="xs:string" minOccurs="0" />
                <xs:element name="XAUS" type="xs:string" minOccurs="0" />
                <xs:element name="XFRA" type="xs:string" minOccurs="0" />
              </xs:sequence>
            </xs:complexType>
          </xs:element>
        </xs:choice>
      </xs:complexType>
    </xs:element>
  </xs:schema>
  <Prezzi>
    <Data>20170317</Data>
    <Mercato>MGP</Mercato>
    <Ora>1</Ora>
    <PUN>41,174340</PUN>
    <NAT>41,000000</NAT>
    <CNOR>40,250000</CNOR>
    <CSUD>43,000000</CSUD>
    <NORD>40,250000</NORD>
    <SARD>43,000000</SARD>
    <SICI>43,000000</SICI>
    <SUD>43,000000</SUD>
    <AUST>40,250000</AUST>
    <BRNN>43,000000</BRNN>
    <COAC>43,000000</COAC>
    <CORS>43,000000</CORS>
    <FOGN>43,000000</FOGN>
    <FRAN>40,250000</FRAN>
    <GREC>43,000000</GREC>
    <MFTV>40,250000</MFTV>
    <PRGP>43,000000</PRGP>
    <ROSN>43,000000</ROSN>
    <SLOV>40,250000</SLOV>
    <SVIZ>40,250000</SVIZ>
    <BSP>40,250000</BSP>
    <MALT>43,000000</MALT>
    <XAUS>40,250000</XAUS>
    <XFRA>40,250000</XFRA>
  </Prezzi>
  <Prezzi>
    <Data>20170317</Data>
    <Mercato>MGP</Mercato>
    <Ora>2</Ora>
    <PUN>38,636960</PUN>
    <NAT>39,950000</NAT>
    <CNOR>35,500000</CNOR>
    <CSUD>45,000000</CSUD>
    <NORD>35,500000</NORD>
    <SARD>45,000000</SARD>
    <SICI>45,000000</SICI>
    <SUD>45,000000</SUD>
    <AUST>35,500000</AUST>
    <BRNN>45,000000</BRNN>
    <COAC>45,000000</COAC>
    <CORS>45,000000</CORS>
    <FOGN>45,000000</FOGN>
    <FRAN>35,500000</FRAN>
    <GREC>45,000000</GREC>
    <MFTV>35,500000</MFTV>
    <PRGP>45,000000</PRGP>
    <ROSN>45,000000</ROSN>
    <SLOV>35,500000</SLOV>
    <SVIZ>35,500000</SVIZ>
    <BSP>35,500000</BSP>
    <MALT>45,000000</MALT>
    <XAUS>35,500000</XAUS>
    <XFRA>35,500000</XFRA>
  </Prezzi>
  <Prezzi>
    <Data>20170317</Data>
    <Mercato>MGP</Mercato>
    <Ora>3</Ora>
    <PUN>36,680310</PUN>
    <NAT>39,590000</NAT>
    <CNOR>35,000000</CNOR>
    <CSUD>40,150000</CSUD>
    <NORD>35,000000</NORD>
    <SARD>40,150000</SARD>
    <SICI>40,150000</SICI>
    <SUD>40,150000</SUD>
    <AUST>35,000000</AUST>
    <BRNN>40,150000</BRNN>
    <COAC>40,150000</COAC>
    <CORS>40,150000</CORS>
    <FOGN>40,150000</FOGN>
    <FRAN>35,000000</FRAN>
    <GREC>40,150000</GREC>
    <MFTV>35,000000</MFTV>
    <PRGP>40,150000</PRGP>
    <ROSN>40,150000</ROSN>
    <SLOV>35,000000</SLOV>
    <SVIZ>35,000000</SVIZ>
    <BSP>35,000000</BSP>
    <MALT>40,150000</MALT>
    <XAUS>35,000000</XAUS>
    <XFRA>35,000000</XFRA>
  </Prezzi>
  <Prezzi>
    <Data>20170317</Data>
    <Mercato>MGP</Mercato>
    <Ora>4</Ora>
    <PUN>36,326960</PUN>
    <NAT>39,260000</NAT>
    <CNOR>34,490000</CNOR>
    <CSUD>40,150000</CSUD>
    <NORD>34,490000</NORD>
    <SARD>40,150000</SARD>
    <SICI>40,150000</SICI>
    <SUD>40,150000</SUD>
    <AUST>34,490000</AUST>
    <BRNN>40,150000</BRNN>
    <COAC>40,150000</COAC>
    <CORS>40,150000</CORS>
    <FOGN>40,150000</FOGN>
    <FRAN>34,490000</FRAN>
    <GREC>40,150000</GREC>
    <MFTV>34,490000</MFTV>
    <PRGP>40,150000</PRGP>
    <ROSN>40,150000</ROSN>
    <SLOV>34,490000</SLOV>
    <SVIZ>34,490000</SVIZ>
    <BSP>34,490000</BSP>
    <MALT>40,150000</MALT>
    <XAUS>34,490000</XAUS>
    <XFRA>34,490000</XFRA>
  </Prezzi>
  <Prezzi>
    <Data>20170317</Data>
    <Mercato>MGP</Mercato>
    <Ora>5</Ora>
    <PUN>37,648870</PUN>
    <NAT>39,940000</NAT>
    <CNOR>36,470000</CNOR>
    <CSUD>40,150000</CSUD>
    <NORD>36,470000</NORD>
    <SARD>40,150000</SARD>
    <SICI>40,150000</SICI>
    <SUD>40,150000</SUD>
    <AUST>36,470000</AUST>
    <BRNN>40,150000</BRNN>
    <COAC>40,150000</COAC>
    <CORS>40,150000</CORS>
    <FOGN>40,150000</FOGN>
    <FRAN>36,470000</FRAN>
    <GREC>40,150000</GREC>
    <MFTV>36,470000</MFTV>
    <PRGP>40,150000</PRGP>
    <ROSN>40,150000</ROSN>
    <SLOV>36,470000</SLOV>
    <SVIZ>36,470000</SVIZ>
    <BSP>36,470000</BSP>
    <MALT>40,150000</MALT>
    <XAUS>36,470000</XAUS>
    <XFRA>36,470000</XFRA>
  </Prezzi>
  <Prezzi>
    <Data>20170317</Data>
    <Mercato>MGP</Mercato>
    <Ora>6</Ora>
    <PUN>42,276190</PUN>
    <NAT>42,990000</NAT>
    <CNOR>40,500000</CNOR>
    <CSUD>46,080000</CSUD>
    <NORD>40,500000</NORD>
    <SARD>46,080000</SARD>
    <SICI>46,080000</SICI>
    <SUD>46,080000</SUD>
    <AUST>40,500000</AUST>
    <BRNN>46,080000</BRNN>
    <COAC>46,080000</COAC>
    <CORS>46,080000</CORS>
    <FOGN>46,080000</FOGN>
    <FRAN>40,500000</FRAN>
    <GREC>46,080000</GREC>
    <MFTV>40,500000</MFTV>
    <PRGP>46,080000</PRGP>
    <ROSN>46,080000</ROSN>
    <SLOV>40,500000</SLOV>
    <SVIZ>40,500000</SVIZ>
    <BSP>40,500000</BSP>
    <MALT>46,080000</MALT>
    <XAUS>40,500000</XAUS>
    <XFRA>40,500000</XFRA>
  </Prezzi>
  <Prezzi>
    <Data>20170317</Data>
    <Mercato>MGP</Mercato>
    <Ora>7</Ora>
    <PUN>49,194010</PUN>
    <NAT>48,830000</NAT>
    <CNOR>48,830000</CNOR>
    <CSUD>50,000000</CSUD>
    <NORD>48,830000</NORD>
    <SARD>50,000000</SARD>
    <SICI>50,000000</SICI>
    <SUD>50,000000</SUD>
    <AUST>48,830000</AUST>
    <BRNN>50,000000</BRNN>
    <COAC>50,000000</COAC>
    <CORS>50,000000</CORS>
    <FOGN>50,000000</FOGN>
    <FRAN>48,830000</FRAN>
    <GREC>50,000000</GREC>
    <MFTV>48,830000</MFTV>
    <PRGP>50,000000</PRGP>
    <ROSN>50,000000</ROSN>
    <SLOV>48,830000</SLOV>
    <SVIZ>48,830000</SVIZ>
    <BSP>48,830000</BSP>
    <MALT>50,000000</MALT>
    <XAUS>48,830000</XAUS>
    <XFRA>48,830000</XFRA>
  </Prezzi>
  <Prezzi>
    <Data>20170317</Data>
    <Mercato>MGP</Mercato>
    <Ora>8</Ora>
    <PUN>50,909470</PUN>
    <NAT>51,000000</NAT>
    <CNOR>50,530000</CNOR>
    <CSUD>51,000000</CSUD>
    <NORD>50,530000</NORD>
    <SARD>51,000000</SARD>
    <SICI>55,030000</SICI>
    <SUD>51,000000</SUD>
    <AUST>50,530000</AUST>
    <BRNN>51,000000</BRNN>
    <COAC>51,000000</COAC>
    <CORS>51,000000</CORS>
    <FOGN>51,000000</FOGN>
    <FRAN>50,530000</FRAN>
    <GREC>51,000000</GREC>
    <MFTV>50,530000</MFTV>
    <PRGP>55,030000</PRGP>
    <ROSN>51,000000</ROSN>
    <SLOV>50,530000</SLOV>
    <SVIZ>50,530000</SVIZ>
    <BSP>50,530000</BSP>
    <MALT>55,030000</MALT>
    <XAUS>50,530000</XAUS>
    <XFRA>50,530000</XFRA>
  </Prezzi>
  <Prezzi>
    <Data>20170317</Data>
    <Mercato>MGP</Mercato>
    <Ora>9</Ora>
    <PUN>51,000000</PUN>
    <NAT>51,000000</NAT>
    <CNOR>51,000000</CNOR>
    <CSUD>51,000000</CSUD>
    <NORD>51,000000</NORD>
    <SARD>51,000000</SARD>
    <SICI>51,000000</SICI>
    <SUD>51,000000</SUD>
    <AUST>51,000000</AUST>
    <BRNN>51,000000</BRNN>
    <COAC>51,000000</COAC>
    <CORS>3000,000000</CORS>
    <FOGN>51,000000</FOGN>
    <FRAN>51,000000</FRAN>
    <GREC>51,000000</GREC>
    <MFTV>51,000000</MFTV>
    <PRGP>51,000000</PRGP>
    <ROSN>51,000000</ROSN>
    <SLOV>51,000000</SLOV>
    <SVIZ>51,000000</SVIZ>
    <BSP>51,000000</BSP>
    <MALT>51,000000</MALT>
    <XAUS>51,000000</XAUS>
    <XFRA>51,000000</XFRA>
  </Prezzi>
  <Prezzi>
    <Data>20170317</Data>
    <Mercato>MGP</Mercato>
    <Ora>10</Ora>
    <PUN>46,150000</PUN>
    <NAT>46,150000</NAT>
    <CNOR>46,150000</CNOR>
    <CSUD>46,150000</CSUD>
    <NORD>46,150000</NORD>
    <SARD>46,150000</SARD>
    <SICI>46,150000</SICI>
    <SUD>46,150000</SUD>
    <AUST>46,150000</AUST>
    <BRNN>46,150000</BRNN>
    <COAC>46,150000</COAC>
    <CORS>3000,000000</CORS>
    <FOGN>46,150000</FOGN>
    <FRAN>46,150000</FRAN>
    <GREC>46,150000</GREC>
    <MFTV>46,150000</MFTV>
    <PRGP>46,150000</PRGP>
    <ROSN>46,150000</ROSN>
    <SLOV>46,150000</SLOV>
    <SVIZ>46,150000</SVIZ>
    <BSP>46,150000</BSP>
    <MALT>46,150000</MALT>
    <XAUS>46,150000</XAUS>
    <XFRA>46,150000</XFRA>
  </Prezzi>
  <Prezzi>
    <Data>20170317</Data>
    <Mercato>MGP</Mercato>
    <Ora>11</Ora>
    <PUN>42,000000</PUN>
    <NAT>42,000000</NAT>
    <CNOR>42,000000</CNOR>
    <CSUD>42,000000</CSUD>
    <NORD>42,000000</NORD>
    <SARD>42,000000</SARD>
    <SICI>42,000000</SICI>
    <SUD>42,000000</SUD>
    <AUST>42,000000</AUST>
    <BRNN>42,000000</BRNN>
    <COAC>42,000000</COAC>
    <CORS>3000,000000</CORS>
    <FOGN>42,000000</FOGN>
    <FRAN>42,000000</FRAN>
    <GREC>42,000000</GREC>
    <MFTV>42,000000</MFTV>
    <PRGP>42,000000</PRGP>
    <ROSN>42,000000</ROSN>
    <SLOV>42,000000</SLOV>
    <SVIZ>42,000000</SVIZ>
    <BSP>42,000000</BSP>
    <MALT>42,000000</MALT>
    <XAUS>42,000000</XAUS>
    <XFRA>42,000000</XFRA>
  </Prezzi>
  <Prezzi>
    <Data>20170317</Data>
    <Mercato>MGP</Mercato>
    <Ora>12</Ora>
    <PUN>39,800000</PUN>
    <NAT>39,800000</NAT>
    <CNOR>39,800000</CNOR>
    <CSUD>39,800000</CSUD>
    <NORD>39,800000</NORD>
    <SARD>39,800000</SARD>
    <SICI>39,800000</SICI>
    <SUD>39,800000</SUD>
    <AUST>39,800000</AUST>
    <BRNN>39,800000</BRNN>
    <COAC>39,800000</COAC>
    <CORS>3000,000000</CORS>
    <FOGN>39,800000</FOGN>
    <FRAN>39,800000</FRAN>
    <GREC>39,800000</GREC>
    <MFTV>39,800000</MFTV>
    <PRGP>39,800000</PRGP>
    <ROSN>39,800000</ROSN>
    <SLOV>39,800000</SLOV>
    <SVIZ>39,800000</SVIZ>
    <BSP>39,800000</BSP>
    <MALT>39,800000</MALT>
    <XAUS>39,800000</XAUS>
    <XFRA>39,800000</XFRA>
  </Prezzi>
  <Prezzi>
    <Data>20170317</Data>
    <Mercato>MGP</Mercato>
    <Ora>13</Ora>
    <PUN>38,200000</PUN>
    <NAT>38,200000</NAT>
    <CNOR>38,200000</CNOR>
    <CSUD>38,200000</CSUD>
    <NORD>38,200000</NORD>
    <SARD>38,200000</SARD>
    <SICI>38,200000</SICI>
    <SUD>38,200000</SUD>
    <AUST>38,200000</AUST>
    <BRNN>38,200000</BRNN>
    <COAC>38,200000</COAC>
    <CORS>3000,000000</CORS>
    <FOGN>38,200000</FOGN>
    <FRAN>38,200000</FRAN>
    <GREC>38,200000</GREC>
    <MFTV>38,200000</MFTV>
    <PRGP>38,200000</PRGP>
    <ROSN>38,200000</ROSN>
    <SLOV>38,200000</SLOV>
    <SVIZ>38,200000</SVIZ>
    <BSP>38,200000</BSP>
    <MALT>38,200000</MALT>
    <XAUS>38,200000</XAUS>
    <XFRA>38,200000</XFRA>
  </Prezzi>
  <Prezzi>
    <Data>20170317</Data>
    <Mercato>MGP</Mercato>
    <Ora>14</Ora>
    <PUN>36,102870</PUN>
    <NAT>36,000000</NAT>
    <CNOR>36,102870</CNOR>
    <CSUD>36,102870</CSUD>
    <NORD>36,102870</NORD>
    <SARD>36,102870</SARD>
    <SICI>36,102870</SICI>
    <SUD>36,102870</SUD>
    <AUST>36,102870</AUST>
    <BRNN>36,102870</BRNN>
    <COAC>36,102870</COAC>
    <CORS>3000,000000</CORS>
    <FOGN>36,102870</FOGN>
    <FRAN>36,102870</FRAN>
    <GREC>36,102870</GREC>
    <MFTV>36,102870</MFTV>
    <PRGP>36,102870</PRGP>
    <ROSN>36,102870</ROSN>
    <SLOV>36,102870</SLOV>
    <SVIZ>36,102870</SVIZ>
    <BSP>36,102870</BSP>
    <MALT>36,102870</MALT>
    <XAUS>36,102870</XAUS>
    <XFRA>36,102870</XFRA>
  </Prezzi>
  <Prezzi>
    <Data>20170317</Data>
    <Mercato>MGP</Mercato>
    <Ora>15</Ora>
    <PUN>39,900000</PUN>
    <NAT>39,900000</NAT>
    <CNOR>39,900000</CNOR>
    <CSUD>39,900000</CSUD>
    <NORD>39,900000</NORD>
    <SARD>39,900000</SARD>
    <SICI>39,900000</SICI>
    <SUD>39,900000</SUD>
    <AUST>39,900000</AUST>
    <BRNN>39,900000</BRNN>
    <COAC>39,900000</COAC>
    <CORS>3000,000000</CORS>
    <FOGN>39,900000</FOGN>
    <FRAN>39,900000</FRAN>
    <GREC>39,900000</GREC>
    <MFTV>39,900000</MFTV>
    <PRGP>39,900000</PRGP>
    <ROSN>39,900000</ROSN>
    <SLOV>39,900000</SLOV>
    <SVIZ>39,900000</SVIZ>
    <BSP>39,900000</BSP>
    <MALT>39,900000</MALT>
    <XAUS>39,900000</XAUS>
    <XFRA>39,900000</XFRA>
  </Prezzi>
  <Prezzi>
    <Data>20170317</Data>
    <Mercato>MGP</Mercato>
    <Ora>16</Ora>
    <PUN>44,010000</PUN>
    <NAT>44,010000</NAT>
    <CNOR>44,010000</CNOR>
    <CSUD>44,010000</CSUD>
    <NORD>44,010000</NORD>
    <SARD>44,010000</SARD>
    <SICI>44,010000</SICI>
    <SUD>44,010000</SUD>
    <AUST>44,010000</AUST>
    <BRNN>44,010000</BRNN>
    <COAC>44,010000</COAC>
    <CORS>3000,000000</CORS>
    <FOGN>44,010000</FOGN>
    <FRAN>44,010000</FRAN>
    <GREC>44,010000</GREC>
    <MFTV>44,010000</MFTV>
    <PRGP>44,010000</PRGP>
    <ROSN>44,010000</ROSN>
    <SLOV>44,010000</SLOV>
    <SVIZ>44,010000</SVIZ>
    <BSP>44,010000</BSP>
    <MALT>44,010000</MALT>
    <XAUS>44,010000</XAUS>
    <XFRA>44,010000</XFRA>
  </Prezzi>
  <Prezzi>
    <Data>20170317</Data>
    <Mercato>MGP</Mercato>
    <Ora>17</Ora>
    <PUN>49,010000</PUN>
    <NAT>49,010000</NAT>
    <CNOR>49,010000</CNOR>
    <CSUD>49,010000</CSUD>
    <NORD>49,010000</NORD>
    <SARD>49,010000</SARD>
    <SICI>49,010000</SICI>
    <SUD>49,010000</SUD>
    <AUST>49,010000</AUST>
    <BRNN>49,010000</BRNN>
    <COAC>49,010000</COAC>
    <CORS>3000,000000</CORS>
    <FOGN>49,010000</FOGN>
    <FRAN>49,010000</FRAN>
    <GREC>49,010000</GREC>
    <MFTV>49,010000</MFTV>
    <PRGP>49,010000</PRGP>
    <ROSN>49,010000</ROSN>
    <SLOV>49,010000</SLOV>
    <SVIZ>49,010000</SVIZ>
    <BSP>49,010000</BSP>
    <MALT>49,010000</MALT>
    <XAUS>49,010000</XAUS>
    <XFRA>49,010000</XFRA>
  </Prezzi>
  <Prezzi>
    <Data>20170317</Data>
    <Mercato>MGP</Mercato>
    <Ora>18</Ora>
    <PUN>54,182680</PUN>
    <NAT>54,000000</NAT>
    <CNOR>54,000000</CNOR>
    <CSUD>54,000000</CSUD>
    <NORD>54,000000</NORD>
    <SARD>54,000000</SARD>
    <SICI>57,080000</SICI>
    <SUD>54,000000</SUD>
    <AUST>54,000000</AUST>
    <BRNN>54,000000</BRNN>
    <COAC>54,000000</COAC>
    <CORS>54,000000</CORS>
    <FOGN>54,000000</FOGN>
    <FRAN>54,000000</FRAN>
    <GREC>54,000000</GREC>
    <MFTV>54,000000</MFTV>
    <PRGP>57,080000</PRGP>
    <ROSN>54,000000</ROSN>
    <SLOV>54,000000</SLOV>
    <SVIZ>54,000000</SVIZ>
    <BSP>54,000000</BSP>
    <MALT>57,080000</MALT>
    <XAUS>54,000000</XAUS>
    <XFRA>54,000000</XFRA>
  </Prezzi>
  <Prezzi>
    <Data>20170317</Data>
    <Mercato>MGP</Mercato>
    <Ora>19</Ora>
    <PUN>64,722040</PUN>
    <NAT>65,000000</NAT>
    <CNOR>68,460000</CNOR>
    <CSUD>68,460000</CSUD>
    <NORD>58,780000</NORD>
    <SARD>68,460000</SARD>
    <SICI>90,690000</SICI>
    <SUD>68,460000</SUD>
    <AUST>58,780000</AUST>
    <BRNN>68,460000</BRNN>
    <COAC>68,460000</COAC>
    <CORS>68,460000</CORS>
    <FOGN>68,460000</FOGN>
    <FRAN>58,780000</FRAN>
    <GREC>68,460000</GREC>
    <MFTV>58,780000</MFTV>
    <PRGP>90,690000</PRGP>
    <ROSN>68,460000</ROSN>
    <SLOV>58,780000</SLOV>
    <SVIZ>58,780000</SVIZ>
    <BSP>58,780000</BSP>
    <MALT>90,690000</MALT>
    <XAUS>58,780000</XAUS>
    <XFRA>58,780000</XFRA>
  </Prezzi>
  <Prezzi>
    <Data>20170317</Data>
    <Mercato>MGP</Mercato>
    <Ora>20</Ora>
    <PUN>72,799140</PUN>
    <NAT>71,460000</NAT>
    <CNOR>87,560000</CNOR>
    <CSUD>87,560000</CSUD>
    <NORD>58,780000</NORD>
    <SARD>87,560000</SARD>
    <SICI>91,530000</SICI>
    <SUD>87,560000</SUD>
    <AUST>58,780000</AUST>
    <BRNN>87,560000</BRNN>
    <COAC>87,560000</COAC>
    <CORS>87,560000</CORS>
    <FOGN>87,560000</FOGN>
    <FRAN>58,780000</FRAN>
    <GREC>87,560000</GREC>
    <MFTV>58,780000</MFTV>
    <PRGP>91,530000</PRGP>
    <ROSN>87,560000</ROSN>
    <SLOV>58,780000</SLOV>
    <SVIZ>58,780000</SVIZ>
    <BSP>58,780000</BSP>
    <MALT>91,530000</MALT>
    <XAUS>58,780000</XAUS>
    <XFRA>58,780000</XFRA>
  </Prezzi>
  <Prezzi>
    <Data>20170317</Data>
    <Mercato>MGP</Mercato>
    <Ora>21</Ora>
    <PUN>59,827990</PUN>
    <NAT>58,780000</NAT>
    <CNOR>60,000000</CNOR>
    <CSUD>60,000000</CSUD>
    <NORD>55,650000</NORD>
    <SARD>60,000000</SARD>
    <SICI>91,530000</SICI>
    <SUD>60,000000</SUD>
    <AUST>55,650000</AUST>
    <BRNN>60,000000</BRNN>
    <COAC>60,000000</COAC>
    <CORS>60,000000</CORS>
    <FOGN>60,000000</FOGN>
    <FRAN>55,650000</FRAN>
    <GREC>60,000000</GREC>
    <MFTV>55,650000</MFTV>
    <PRGP>91,530000</PRGP>
    <ROSN>60,000000</ROSN>
    <SLOV>55,650000</SLOV>
    <SVIZ>55,650000</SVIZ>
    <BSP>55,650000</BSP>
    <MALT>91,530000</MALT>
    <XAUS>55,650000</XAUS>
    <XFRA>55,650000</XFRA>
  </Prezzi>
  <Prezzi>
    <Data>20170317</Data>
    <Mercato>MGP</Mercato>
    <Ora>22</Ora>
    <PUN>54,241770</PUN>
    <NAT>53,000000</NAT>
    <CNOR>51,000000</CNOR>
    <CSUD>53,000000</CSUD>
    <NORD>51,000000</NORD>
    <SARD>53,000000</SARD>
    <SICI>90,690000</SICI>
    <SUD>53,000000</SUD>
    <AUST>51,000000</AUST>
    <BRNN>53,000000</BRNN>
    <COAC>53,000000</COAC>
    <CORS>53,000000</CORS>
    <FOGN>53,000000</FOGN>
    <FRAN>51,000000</FRAN>
    <GREC>53,000000</GREC>
    <MFTV>51,000000</MFTV>
    <PRGP>90,690000</PRGP>
    <ROSN>53,000000</ROSN>
    <SLOV>51,000000</SLOV>
    <SVIZ>51,000000</SVIZ>
    <BSP>51,000000</BSP>
    <MALT>90,690000</MALT>
    <XAUS>51,000000</XAUS>
    <XFRA>51,000000</XFRA>
  </Prezzi>
  <Prezzi>
    <Data>20170317</Data>
    <Mercato>MGP</Mercato>
    <Ora>23</Ora>
    <PUN>48,328290</PUN>
    <NAT>47,150000</NAT>
    <CNOR>48,830000</CNOR>
    <CSUD>51,000000</CSUD>
    <NORD>45,010000</NORD>
    <SARD>51,000000</SARD>
    <SICI>61,850000</SICI>
    <SUD>51,000000</SUD>
    <AUST>45,010000</AUST>
    <BRNN>51,000000</BRNN>
    <COAC>51,000000</COAC>
    <CORS>51,000000</CORS>
    <FOGN>51,000000</FOGN>
    <FRAN>45,010000</FRAN>
    <GREC>51,000000</GREC>
    <MFTV>45,010000</MFTV>
    <PRGP>61,850000</PRGP>
    <ROSN>51,000000</ROSN>
    <SLOV>45,010000</SLOV>
    <SVIZ>45,010000</SVIZ>
    <BSP>45,010000</BSP>
    <MALT>61,850000</MALT>
    <XAUS>45,010000</XAUS>
    <XFRA>45,010000</XFRA>
  </Prezzi>
  <Prezzi>
    <Data>20170317</Data>
    <Mercato>MGP</Mercato>
    <Ora>24</Ora>
    <PUN>44,810330</PUN>
    <NAT>44,440000</NAT>
    <CNOR>44,440000</CNOR>
    <CSUD>44,440000</CSUD>
    <NORD>44,440000</NORD>
    <SARD>44,440000</SARD>
    <SICI>50,000000</SICI>
    <SUD>44,440000</SUD>
    <AUST>44,440000</AUST>
    <BRNN>44,440000</BRNN>
    <COAC>44,440000</COAC>
    <CORS>44,440000</CORS>
    <FOGN>44,440000</FOGN>
    <FRAN>44,440000</FRAN>
    <GREC>44,440000</GREC>
    <MFTV>44,440000</MFTV>
    <PRGP>50,000000</PRGP>
    <ROSN>44,440000</ROSN>
    <SLOV>44,440000</SLOV>
    <SVIZ>44,440000</SVIZ>
    <BSP>44,440000</BSP>
    <MALT>50,000000</MALT>
    <XAUS>44,440000</XAUS>
    <XFRA>44,440000</XFRA>
  </Prezzi>
</NewDataSet>