<?xml version="1.0" standalone="yes"?>
<NewDataSet>
  <xs:schema id="NewDataSet" xmlns="" xmlns:xs="http://www.w3.org/2001/XMLSchema" xmlns:msdata="urn:schemas-microsoft-com:xml-msdata">
    <xs:element name="NewDataSet" msdata:IsDataSet="true" msdata:UseCurrentLocale="true">
      <xs:complexType>
        <xs:choice minOccurs="0" maxOccurs="unbounded">
          <xs:element name="Prezzi">
            <xs:complexType>
              <xs:sequence>
                <xs:element name="Data" type="xs:string" minOccurs="0" />
                <xs:element name="Mercato" type="xs:string" minOccurs="0" />
                <xs:element name="Ora" type="xs:string" minOccurs="0" />
                <xs:element name="PUN" type="xs:string" minOccurs="0" />
                <xs:element name="NAT" type="xs:string" minOccurs="0" />
                <xs:element name="CNOR" type="xs:string" minOccurs="0" />
                <xs:element name="CSUD" type="xs:string" minOccurs="0" />
                <xs:element name="NORD" type="xs:string" minOccurs="0" />
                <xs:element name="SARD" type="xs:string" minOccurs="0" />
                <xs:element name="SICI" type="xs:string" minOccurs="0" />
                <xs:element name="SUD" type="xs:string" minOccurs="0" />
                <xs:element name="AUST" type="xs:string" minOccurs="0" />
                <xs:element name="BRNN" type="xs:string" minOccurs="0" />
                <xs:element name="COAC" type="xs:string" minOccurs="0" />
                <xs:element name="CORS" type="xs:string" minOccurs="0" />
                <xs:element name="FOGN" type="xs:string" minOccurs="0" />
                <xs:element name="FRAN" type="xs:string" minOccurs="0" />
                <xs:element name="GREC" type="xs:string" minOccurs="0" />
                <xs:element name="MFTV" type="xs:string" minOccurs="0" />
                <xs:element name="PRGP" type="xs:string" minOccurs="0" />
                <xs:element name="ROSN" type="xs:string" minOccurs="0" />
                <xs:element name="SLOV" type="xs:string" minOccurs="0" />
                <xs:element name="SVIZ" type="xs:string" minOccurs="0" />
                <xs:element name="BSP" type="xs:string" minOccurs="0" />
                <xs:element name="MALT" type="xs:string" minOccurs="0" />
                <xs:element name="XAUS" type="xs:string" minOccurs="0" />
                <xs:element name="XFRA" type="xs:string" minOccurs="0" />
              </xs:sequence>
            </xs:complexType>
          </xs:element>
        </xs:choice>
      </xs:complexType>
    </xs:element>
  </xs:schema>
  <Prezzi>
    <Data>20170301</Data>
    <Mercato>MGP</Mercato>
    <Ora>1</Ora>
    <PUN>43,360000</PUN>
    <NAT>43,360000</NAT>
    <CNOR>43,360000</CNOR>
    <CSUD>43,360000</CSUD>
    <NORD>43,360000</NORD>
    <SARD>43,360000</SARD>
    <SICI>43,360000</SICI>
    <SUD>43,360000</SUD>
    <AUST>43,360000</AUST>
    <BRNN>43,360000</BRNN>
    <COAC>43,360000</COAC>
    <CORS>43,360000</CORS>
    <FOGN>43,360000</FOGN>
    <FRAN>43,360000</FRAN>
    <GREC>43,360000</GREC>
    <MFTV>43,360000</MFTV>
    <PRGP>43,360000</PRGP>
    <ROSN>43,360000</ROSN>
    <SLOV>43,360000</SLOV>
    <SVIZ>43,360000</SVIZ>
    <BSP>43,360000</BSP>
    <MALT>43,360000</MALT>
    <XAUS>43,360000</XAUS>
    <XFRA>43,360000</XFRA>
  </Prezzi>
  <Prezzi>
    <Data>20170301</Data>
    <Mercato>MGP</Mercato>
    <Ora>2</Ora>
    <PUN>37,040000</PUN>
    <NAT>37,040000</NAT>
    <CNOR>37,040000</CNOR>
    <CSUD>37,040000</CSUD>
    <NORD>37,040000</NORD>
    <SARD>37,040000</SARD>
    <SICI>37,040000</SICI>
    <SUD>37,040000</SUD>
    <AUST>37,040000</AUST>
    <BRNN>37,040000</BRNN>
    <COAC>37,040000</COAC>
    <CORS>37,040000</CORS>
    <FOGN>37,040000</FOGN>
    <FRAN>37,040000</FRAN>
    <GREC>37,040000</GREC>
    <MFTV>37,040000</MFTV>
    <PRGP>37,040000</PRGP>
    <ROSN>37,040000</ROSN>
    <SLOV>37,040000</SLOV>
    <SVIZ>37,040000</SVIZ>
    <BSP>37,040000</BSP>
    <MALT>37,040000</MALT>
    <XAUS>37,040000</XAUS>
    <XFRA>37,040000</XFRA>
  </Prezzi>
  <Prezzi>
    <Data>20170301</Data>
    <Mercato>MGP</Mercato>
    <Ora>3</Ora>
    <PUN>32,630000</PUN>
    <NAT>32,630000</NAT>
    <CNOR>32,630000</CNOR>
    <CSUD>32,630000</CSUD>
    <NORD>32,630000</NORD>
    <SARD>32,630000</SARD>
    <SICI>32,630000</SICI>
    <SUD>32,630000</SUD>
    <AUST>32,630000</AUST>
    <BRNN>32,630000</BRNN>
    <COAC>32,630000</COAC>
    <CORS>32,630000</CORS>
    <FOGN>32,630000</FOGN>
    <FRAN>32,630000</FRAN>
    <GREC>32,630000</GREC>
    <MFTV>32,630000</MFTV>
    <PRGP>32,630000</PRGP>
    <ROSN>32,630000</ROSN>
    <SLOV>32,630000</SLOV>
    <SVIZ>32,630000</SVIZ>
    <BSP>32,630000</BSP>
    <MALT>32,630000</MALT>
    <XAUS>32,630000</XAUS>
    <XFRA>32,630000</XFRA>
  </Prezzi>
  <Prezzi>
    <Data>20170301</Data>
    <Mercato>MGP</Mercato>
    <Ora>4</Ora>
    <PUN>29,990000</PUN>
    <NAT>29,990000</NAT>
    <CNOR>29,990000</CNOR>
    <CSUD>29,990000</CSUD>
    <NORD>29,990000</NORD>
    <SARD>29,990000</SARD>
    <SICI>29,990000</SICI>
    <SUD>29,990000</SUD>
    <AUST>29,990000</AUST>
    <BRNN>29,990000</BRNN>
    <COAC>29,990000</COAC>
    <CORS>29,990000</CORS>
    <FOGN>29,990000</FOGN>
    <FRAN>29,990000</FRAN>
    <GREC>29,990000</GREC>
    <MFTV>29,990000</MFTV>
    <PRGP>29,990000</PRGP>
    <ROSN>29,990000</ROSN>
    <SLOV>29,990000</SLOV>
    <SVIZ>29,990000</SVIZ>
    <BSP>29,990000</BSP>
    <MALT>29,990000</MALT>
    <XAUS>29,990000</XAUS>
    <XFRA>29,990000</XFRA>
  </Prezzi>
  <Prezzi>
    <Data>20170301</Data>
    <Mercato>MGP</Mercato>
    <Ora>5</Ora>
    <PUN>30,680000</PUN>
    <NAT>30,680000</NAT>
    <CNOR>30,680000</CNOR>
    <CSUD>30,680000</CSUD>
    <NORD>30,680000</NORD>
    <SARD>30,680000</SARD>
    <SICI>30,680000</SICI>
    <SUD>30,680000</SUD>
    <AUST>30,680000</AUST>
    <BRNN>30,680000</BRNN>
    <COAC>30,680000</COAC>
    <CORS>30,680000</CORS>
    <FOGN>30,680000</FOGN>
    <FRAN>30,680000</FRAN>
    <GREC>30,680000</GREC>
    <MFTV>30,680000</MFTV>
    <PRGP>30,680000</PRGP>
    <ROSN>30,680000</ROSN>
    <SLOV>30,680000</SLOV>
    <SVIZ>30,680000</SVIZ>
    <BSP>30,680000</BSP>
    <MALT>30,680000</MALT>
    <XAUS>30,680000</XAUS>
    <XFRA>30,680000</XFRA>
  </Prezzi>
  <Prezzi>
    <Data>20170301</Data>
    <Mercato>MGP</Mercato>
    <Ora>6</Ora>
    <PUN>38,230000</PUN>
    <NAT>38,230000</NAT>
    <CNOR>38,230000</CNOR>
    <CSUD>38,230000</CSUD>
    <NORD>38,230000</NORD>
    <SARD>38,230000</SARD>
    <SICI>38,230000</SICI>
    <SUD>38,230000</SUD>
    <AUST>38,230000</AUST>
    <BRNN>38,230000</BRNN>
    <COAC>38,230000</COAC>
    <CORS>38,230000</CORS>
    <FOGN>38,230000</FOGN>
    <FRAN>38,230000</FRAN>
    <GREC>38,230000</GREC>
    <MFTV>38,230000</MFTV>
    <PRGP>38,230000</PRGP>
    <ROSN>38,230000</ROSN>
    <SLOV>38,230000</SLOV>
    <SVIZ>38,230000</SVIZ>
    <BSP>38,230000</BSP>
    <MALT>38,230000</MALT>
    <XAUS>38,230000</XAUS>
    <XFRA>38,230000</XFRA>
  </Prezzi>
  <Prezzi>
    <Data>20170301</Data>
    <Mercato>MGP</Mercato>
    <Ora>7</Ora>
    <PUN>47,170000</PUN>
    <NAT>47,170000</NAT>
    <CNOR>47,170000</CNOR>
    <CSUD>47,170000</CSUD>
    <NORD>47,170000</NORD>
    <SARD>47,170000</SARD>
    <SICI>47,170000</SICI>
    <SUD>47,170000</SUD>
    <AUST>47,170000</AUST>
    <BRNN>47,170000</BRNN>
    <COAC>47,170000</COAC>
    <CORS>47,170000</CORS>
    <FOGN>47,170000</FOGN>
    <FRAN>47,170000</FRAN>
    <GREC>47,170000</GREC>
    <MFTV>47,170000</MFTV>
    <PRGP>47,170000</PRGP>
    <ROSN>47,170000</ROSN>
    <SLOV>47,170000</SLOV>
    <SVIZ>47,170000</SVIZ>
    <BSP>47,170000</BSP>
    <MALT>47,170000</MALT>
    <XAUS>47,170000</XAUS>
    <XFRA>47,170000</XFRA>
  </Prezzi>
  <Prezzi>
    <Data>20170301</Data>
    <Mercato>MGP</Mercato>
    <Ora>8</Ora>
    <PUN>52,000000</PUN>
    <NAT>52,000000</NAT>
    <CNOR>52,000000</CNOR>
    <CSUD>52,000000</CSUD>
    <NORD>52,000000</NORD>
    <SARD>52,000000</SARD>
    <SICI>52,000000</SICI>
    <SUD>52,000000</SUD>
    <AUST>52,000000</AUST>
    <BRNN>52,000000</BRNN>
    <COAC>52,000000</COAC>
    <CORS>52,000000</CORS>
    <FOGN>52,000000</FOGN>
    <FRAN>52,000000</FRAN>
    <GREC>52,000000</GREC>
    <MFTV>52,000000</MFTV>
    <PRGP>52,000000</PRGP>
    <ROSN>52,000000</ROSN>
    <SLOV>52,000000</SLOV>
    <SVIZ>52,000000</SVIZ>
    <BSP>52,000000</BSP>
    <MALT>52,000000</MALT>
    <XAUS>52,000000</XAUS>
    <XFRA>52,000000</XFRA>
  </Prezzi>
  <Prezzi>
    <Data>20170301</Data>
    <Mercato>MGP</Mercato>
    <Ora>9</Ora>
    <PUN>52,791820</PUN>
    <NAT>52,810000</NAT>
    <CNOR>52,900000</CNOR>
    <CSUD>52,900000</CSUD>
    <NORD>52,900000</NORD>
    <SARD>52,900000</SARD>
    <SICI>52,000000</SICI>
    <SUD>52,000000</SUD>
    <AUST>52,900000</AUST>
    <BRNN>52,000000</BRNN>
    <COAC>52,900000</COAC>
    <CORS>52,900000</CORS>
    <FOGN>52,000000</FOGN>
    <FRAN>52,900000</FRAN>
    <GREC>52,000000</GREC>
    <MFTV>52,900000</MFTV>
    <PRGP>52,000000</PRGP>
    <ROSN>52,000000</ROSN>
    <SLOV>52,900000</SLOV>
    <SVIZ>52,900000</SVIZ>
    <BSP>52,900000</BSP>
    <MALT>52,000000</MALT>
    <XAUS>52,900000</XAUS>
    <XFRA>52,900000</XFRA>
  </Prezzi>
  <Prezzi>
    <Data>20170301</Data>
    <Mercato>MGP</Mercato>
    <Ora>10</Ora>
    <PUN>50,890230</PUN>
    <NAT>51,980000</NAT>
    <CNOR>49,000000</CNOR>
    <CSUD>45,120000</CSUD>
    <NORD>54,040000</NORD>
    <SARD>45,120000</SARD>
    <SICI>45,120000</SICI>
    <SUD>45,120000</SUD>
    <AUST>54,040000</AUST>
    <BRNN>45,120000</BRNN>
    <COAC>45,120000</COAC>
    <CORS>49,000000</CORS>
    <FOGN>45,120000</FOGN>
    <FRAN>54,040000</FRAN>
    <GREC>45,120000</GREC>
    <MFTV>54,040000</MFTV>
    <PRGP>45,120000</PRGP>
    <ROSN>45,120000</ROSN>
    <SLOV>54,040000</SLOV>
    <SVIZ>54,040000</SVIZ>
    <BSP>54,040000</BSP>
    <MALT>45,120000</MALT>
    <XAUS>54,040000</XAUS>
    <XFRA>54,040000</XFRA>
  </Prezzi>
  <Prezzi>
    <Data>20170301</Data>
    <Mercato>MGP</Mercato>
    <Ora>11</Ora>
    <PUN>49,431160</PUN>
    <NAT>49,750000</NAT>
    <CNOR>49,000000</CNOR>
    <CSUD>39,210000</CSUD>
    <NORD>54,440000</NORD>
    <SARD>39,210000</SARD>
    <SICI>39,000000</SICI>
    <SUD>39,000000</SUD>
    <AUST>54,440000</AUST>
    <BRNN>39,000000</BRNN>
    <COAC>39,210000</COAC>
    <CORS>49,000000</CORS>
    <FOGN>39,000000</FOGN>
    <FRAN>54,440000</FRAN>
    <GREC>39,000000</GREC>
    <MFTV>54,440000</MFTV>
    <PRGP>39,000000</PRGP>
    <ROSN>39,000000</ROSN>
    <SLOV>54,440000</SLOV>
    <SVIZ>54,440000</SVIZ>
    <BSP>54,440000</BSP>
    <MALT>39,000000</MALT>
    <XAUS>54,440000</XAUS>
    <XFRA>54,440000</XFRA>
  </Prezzi>
  <Prezzi>
    <Data>20170301</Data>
    <Mercato>MGP</Mercato>
    <Ora>12</Ora>
    <PUN>48,317780</PUN>
    <NAT>48,200000</NAT>
    <CNOR>49,000000</CNOR>
    <CSUD>40,000000</CSUD>
    <NORD>53,120000</NORD>
    <SARD>40,000000</SARD>
    <SICI>35,450000</SICI>
    <SUD>35,450000</SUD>
    <AUST>53,120000</AUST>
    <BRNN>35,450000</BRNN>
    <COAC>40,000000</COAC>
    <CORS>49,000000</CORS>
    <FOGN>35,450000</FOGN>
    <FRAN>53,120000</FRAN>
    <GREC>35,450000</GREC>
    <MFTV>53,120000</MFTV>
    <PRGP>35,450000</PRGP>
    <ROSN>35,450000</ROSN>
    <SLOV>53,120000</SLOV>
    <SVIZ>53,120000</SVIZ>
    <BSP>53,120000</BSP>
    <MALT>35,450000</MALT>
    <XAUS>53,120000</XAUS>
    <XFRA>53,120000</XFRA>
  </Prezzi>
  <Prezzi>
    <Data>20170301</Data>
    <Mercato>MGP</Mercato>
    <Ora>13</Ora>
    <PUN>46,205290</PUN>
    <NAT>47,160000</NAT>
    <CNOR>50,210000</CNOR>
    <CSUD>38,230000</CSUD>
    <NORD>50,210000</NORD>
    <SARD>38,230000</SARD>
    <SICI>35,460000</SICI>
    <SUD>35,460000</SUD>
    <AUST>50,210000</AUST>
    <BRNN>35,460000</BRNN>
    <COAC>38,230000</COAC>
    <CORS>50,210000</CORS>
    <FOGN>35,460000</FOGN>
    <FRAN>50,210000</FRAN>
    <GREC>35,460000</GREC>
    <MFTV>50,210000</MFTV>
    <PRGP>35,460000</PRGP>
    <ROSN>35,460000</ROSN>
    <SLOV>50,210000</SLOV>
    <SVIZ>50,210000</SVIZ>
    <BSP>50,210000</BSP>
    <MALT>35,460000</MALT>
    <XAUS>50,210000</XAUS>
    <XFRA>50,210000</XFRA>
  </Prezzi>
  <Prezzi>
    <Data>20170301</Data>
    <Mercato>MGP</Mercato>
    <Ora>14</Ora>
    <PUN>46,110040</PUN>
    <NAT>47,160000</NAT>
    <CNOR>49,000000</CNOR>
    <CSUD>38,230000</CSUD>
    <NORD>50,100000</NORD>
    <SARD>38,230000</SARD>
    <SICI>35,470000</SICI>
    <SUD>35,470000</SUD>
    <AUST>50,100000</AUST>
    <BRNN>35,470000</BRNN>
    <COAC>38,230000</COAC>
    <CORS>49,000000</CORS>
    <FOGN>35,470000</FOGN>
    <FRAN>50,100000</FRAN>
    <GREC>35,470000</GREC>
    <MFTV>50,100000</MFTV>
    <PRGP>35,470000</PRGP>
    <ROSN>35,470000</ROSN>
    <SLOV>50,100000</SLOV>
    <SVIZ>50,100000</SVIZ>
    <BSP>50,100000</BSP>
    <MALT>35,470000</MALT>
    <XAUS>50,100000</XAUS>
    <XFRA>50,100000</XFRA>
  </Prezzi>
  <Prezzi>
    <Data>20170301</Data>
    <Mercato>MGP</Mercato>
    <Ora>15</Ora>
    <PUN>46,110680</PUN>
    <NAT>47,160000</NAT>
    <CNOR>49,160000</CNOR>
    <CSUD>39,000000</CSUD>
    <NORD>49,160000</NORD>
    <SARD>39,000000</SARD>
    <SICI>38,100000</SICI>
    <SUD>38,100000</SUD>
    <AUST>49,160000</AUST>
    <BRNN>38,100000</BRNN>
    <COAC>39,000000</COAC>
    <CORS>49,160000</CORS>
    <FOGN>38,100000</FOGN>
    <FRAN>49,160000</FRAN>
    <GREC>38,100000</GREC>
    <MFTV>49,160000</MFTV>
    <PRGP>38,100000</PRGP>
    <ROSN>38,100000</ROSN>
    <SLOV>49,160000</SLOV>
    <SVIZ>49,160000</SVIZ>
    <BSP>49,160000</BSP>
    <MALT>38,100000</MALT>
    <XAUS>49,160000</XAUS>
    <XFRA>49,160000</XFRA>
  </Prezzi>
  <Prezzi>
    <Data>20170301</Data>
    <Mercato>MGP</Mercato>
    <Ora>16</Ora>
    <PUN>48,191570</PUN>
    <NAT>48,500000</NAT>
    <CNOR>49,000000</CNOR>
    <CSUD>45,500000</CSUD>
    <NORD>49,630000</NORD>
    <SARD>45,500000</SARD>
    <SICI>44,000000</SICI>
    <SUD>44,000000</SUD>
    <AUST>49,630000</AUST>
    <BRNN>44,000000</BRNN>
    <COAC>45,500000</COAC>
    <CORS>49,000000</CORS>
    <FOGN>44,000000</FOGN>
    <FRAN>49,630000</FRAN>
    <GREC>44,000000</GREC>
    <MFTV>49,630000</MFTV>
    <PRGP>44,000000</PRGP>
    <ROSN>44,000000</ROSN>
    <SLOV>49,630000</SLOV>
    <SVIZ>49,630000</SVIZ>
    <BSP>49,630000</BSP>
    <MALT>44,000000</MALT>
    <XAUS>49,630000</XAUS>
    <XFRA>49,630000</XFRA>
  </Prezzi>
  <Prezzi>
    <Data>20170301</Data>
    <Mercato>MGP</Mercato>
    <Ora>17</Ora>
    <PUN>52,712060</PUN>
    <NAT>52,050000</NAT>
    <CNOR>52,810000</CNOR>
    <CSUD>52,810000</CSUD>
    <NORD>52,810000</NORD>
    <SARD>52,810000</SARD>
    <SICI>52,000000</SICI>
    <SUD>52,000000</SUD>
    <AUST>52,810000</AUST>
    <BRNN>52,000000</BRNN>
    <COAC>52,810000</COAC>
    <CORS>52,810000</CORS>
    <FOGN>52,000000</FOGN>
    <FRAN>52,810000</FRAN>
    <GREC>52,000000</GREC>
    <MFTV>52,810000</MFTV>
    <PRGP>52,000000</PRGP>
    <ROSN>52,000000</ROSN>
    <SLOV>52,810000</SLOV>
    <SVIZ>52,810000</SVIZ>
    <BSP>52,810000</BSP>
    <MALT>52,000000</MALT>
    <XAUS>52,810000</XAUS>
    <XFRA>52,810000</XFRA>
  </Prezzi>
  <Prezzi>
    <Data>20170301</Data>
    <Mercato>MGP</Mercato>
    <Ora>18</Ora>
    <PUN>54,200000</PUN>
    <NAT>54,200000</NAT>
    <CNOR>54,200000</CNOR>
    <CSUD>54,200000</CSUD>
    <NORD>54,200000</NORD>
    <SARD>54,200000</SARD>
    <SICI>54,200000</SICI>
    <SUD>54,200000</SUD>
    <AUST>54,200000</AUST>
    <BRNN>54,200000</BRNN>
    <COAC>54,200000</COAC>
    <CORS>54,200000</CORS>
    <FOGN>54,200000</FOGN>
    <FRAN>54,200000</FRAN>
    <GREC>54,200000</GREC>
    <MFTV>54,200000</MFTV>
    <PRGP>54,200000</PRGP>
    <ROSN>54,200000</ROSN>
    <SLOV>54,200000</SLOV>
    <SVIZ>54,200000</SVIZ>
    <BSP>54,200000</BSP>
    <MALT>54,200000</MALT>
    <XAUS>54,200000</XAUS>
    <XFRA>54,200000</XFRA>
  </Prezzi>
  <Prezzi>
    <Data>20170301</Data>
    <Mercato>MGP</Mercato>
    <Ora>19</Ora>
    <PUN>60,225780</PUN>
    <NAT>61,870000</NAT>
    <CNOR>59,140000</CNOR>
    <CSUD>59,140000</CSUD>
    <NORD>59,140000</NORD>
    <SARD>59,140000</SARD>
    <SICI>77,690000</SICI>
    <SUD>59,140000</SUD>
    <AUST>59,140000</AUST>
    <BRNN>59,140000</BRNN>
    <COAC>59,140000</COAC>
    <CORS>59,140000</CORS>
    <FOGN>59,140000</FOGN>
    <FRAN>59,140000</FRAN>
    <GREC>59,140000</GREC>
    <MFTV>59,140000</MFTV>
    <PRGP>77,690000</PRGP>
    <ROSN>59,140000</ROSN>
    <SLOV>59,140000</SLOV>
    <SVIZ>59,140000</SVIZ>
    <BSP>59,140000</BSP>
    <MALT>77,690000</MALT>
    <XAUS>59,140000</XAUS>
    <XFRA>59,140000</XFRA>
  </Prezzi>
  <Prezzi>
    <Data>20170301</Data>
    <Mercato>MGP</Mercato>
    <Ora>20</Ora>
    <PUN>60,332310</PUN>
    <NAT>61,800000</NAT>
    <CNOR>58,450000</CNOR>
    <CSUD>58,450000</CSUD>
    <NORD>58,450000</NORD>
    <SARD>58,450000</SARD>
    <SICI>89,690000</SICI>
    <SUD>58,450000</SUD>
    <AUST>58,450000</AUST>
    <BRNN>58,450000</BRNN>
    <COAC>58,450000</COAC>
    <CORS>58,450000</CORS>
    <FOGN>58,450000</FOGN>
    <FRAN>58,450000</FRAN>
    <GREC>58,450000</GREC>
    <MFTV>58,450000</MFTV>
    <PRGP>89,690000</PRGP>
    <ROSN>58,450000</ROSN>
    <SLOV>58,450000</SLOV>
    <SVIZ>58,450000</SVIZ>
    <BSP>58,450000</BSP>
    <MALT>89,690000</MALT>
    <XAUS>58,450000</XAUS>
    <XFRA>58,450000</XFRA>
  </Prezzi>
  <Prezzi>
    <Data>20170301</Data>
    <Mercato>MGP</Mercato>
    <Ora>21</Ora>
    <PUN>57,199950</PUN>
    <NAT>56,010000</NAT>
    <CNOR>55,010000</CNOR>
    <CSUD>55,010000</CSUD>
    <NORD>55,010000</NORD>
    <SARD>55,010000</SARD>
    <SICI>89,690000</SICI>
    <SUD>55,010000</SUD>
    <AUST>55,010000</AUST>
    <BRNN>55,010000</BRNN>
    <COAC>55,010000</COAC>
    <CORS>55,010000</CORS>
    <FOGN>55,010000</FOGN>
    <FRAN>55,010000</FRAN>
    <GREC>55,010000</GREC>
    <MFTV>55,010000</MFTV>
    <PRGP>89,690000</PRGP>
    <ROSN>55,010000</ROSN>
    <SLOV>55,010000</SLOV>
    <SVIZ>55,010000</SVIZ>
    <BSP>55,010000</BSP>
    <MALT>89,690000</MALT>
    <XAUS>55,010000</XAUS>
    <XFRA>55,010000</XFRA>
  </Prezzi>
  <Prezzi>
    <Data>20170301</Data>
    <Mercato>MGP</Mercato>
    <Ora>22</Ora>
    <PUN>54,560710</PUN>
    <NAT>54,550000</NAT>
    <CNOR>53,000000</CNOR>
    <CSUD>53,000000</CSUD>
    <NORD>53,000000</NORD>
    <SARD>53,000000</SARD>
    <SICI>77,690000</SICI>
    <SUD>53,000000</SUD>
    <AUST>53,000000</AUST>
    <BRNN>53,000000</BRNN>
    <COAC>53,000000</COAC>
    <CORS>53,000000</CORS>
    <FOGN>53,000000</FOGN>
    <FRAN>53,000000</FRAN>
    <GREC>53,000000</GREC>
    <MFTV>53,000000</MFTV>
    <PRGP>77,690000</PRGP>
    <ROSN>53,000000</ROSN>
    <SLOV>53,000000</SLOV>
    <SVIZ>53,000000</SVIZ>
    <BSP>53,000000</BSP>
    <MALT>77,690000</MALT>
    <XAUS>53,000000</XAUS>
    <XFRA>53,000000</XFRA>
  </Prezzi>
  <Prezzi>
    <Data>20170301</Data>
    <Mercato>MGP</Mercato>
    <Ora>23</Ora>
    <PUN>51,055590</PUN>
    <NAT>50,980000</NAT>
    <CNOR>50,600000</CNOR>
    <CSUD>50,600000</CSUD>
    <NORD>50,600000</NORD>
    <SARD>50,600000</SARD>
    <SICI>57,690000</SICI>
    <SUD>50,600000</SUD>
    <AUST>50,600000</AUST>
    <BRNN>50,600000</BRNN>
    <COAC>50,600000</COAC>
    <CORS>50,600000</CORS>
    <FOGN>50,600000</FOGN>
    <FRAN>50,600000</FRAN>
    <GREC>50,600000</GREC>
    <MFTV>50,600000</MFTV>
    <PRGP>57,690000</PRGP>
    <ROSN>50,600000</ROSN>
    <SLOV>50,600000</SLOV>
    <SVIZ>50,600000</SVIZ>
    <BSP>50,600000</BSP>
    <MALT>57,690000</MALT>
    <XAUS>50,600000</XAUS>
    <XFRA>50,600000</XFRA>
  </Prezzi>
  <Prezzi>
    <Data>20170301</Data>
    <Mercato>MGP</Mercato>
    <Ora>24</Ora>
    <PUN>47,154770</PUN>
    <NAT>46,630000</NAT>
    <CNOR>46,630000</CNOR>
    <CSUD>46,630000</CSUD>
    <NORD>46,630000</NORD>
    <SARD>46,630000</SARD>
    <SICI>55,070000</SICI>
    <SUD>46,630000</SUD>
    <AUST>46,630000</AUST>
    <BRNN>46,630000</BRNN>
    <COAC>46,630000</COAC>
    <CORS>46,630000</CORS>
    <FOGN>46,630000</FOGN>
    <FRAN>46,630000</FRAN>
    <GREC>46,630000</GREC>
    <MFTV>46,630000</MFTV>
    <PRGP>55,070000</PRGP>
    <ROSN>46,630000</ROSN>
    <SLOV>46,630000</SLOV>
    <SVIZ>46,630000</SVIZ>
    <BSP>46,630000</BSP>
    <MALT>55,070000</MALT>
    <XAUS>46,630000</XAUS>
    <XFRA>46,630000</XFRA>
  </Prezzi>
</NewDataSet>