<?xml version="1.0" standalone="yes"?>
<NewDataSet>
  <xs:schema id="NewDataSet" xmlns="" xmlns:xs="http://www.w3.org/2001/XMLSchema" xmlns:msdata="urn:schemas-microsoft-com:xml-msdata">
    <xs:element name="NewDataSet" msdata:IsDataSet="true" msdata:UseCurrentLocale="true">
      <xs:complexType>
        <xs:choice minOccurs="0" maxOccurs="unbounded">
          <xs:element name="Fabbisogno">
            <xs:complexType>
              <xs:sequence>
                <xs:element name="Data" type="xs:string" minOccurs="0" />
                <xs:element name="Mercato" type="xs:string" minOccurs="0" />
                <xs:element name="Ora" type="xs:string" minOccurs="0" />
                <xs:element name="Italia" type="xs:string" minOccurs="0" />
                <xs:element name="CNOR" type="xs:string" minOccurs="0" />
                <xs:element name="CSUD" type="xs:string" minOccurs="0" />
                <xs:element name="NORD" type="xs:string" minOccurs="0" />
                <xs:element name="SARD" type="xs:string" minOccurs="0" />
                <xs:element name="SICI" type="xs:string" minOccurs="0" />
                <xs:element name="SUD" type="xs:string" minOccurs="0" />
              </xs:sequence>
            </xs:complexType>
          </xs:element>
        </xs:choice>
      </xs:complexType>
    </xs:element>
  </xs:schema>
  <Fabbisogno>
    <Data>20170127</Data>
    <Mercato>MGP</Mercato>
    <Ora>1</Ora>
    <Italia>28461,173</Italia>
    <CNOR>2863,225</CNOR>
    <CSUD>4373,328</CSUD>
    <NORD>16438,137</NORD>
    <SARD>817,262</SARD>
    <SICI>1767,908</SICI>
    <SUD>2201,313</SUD>
  </Fabbisogno>
  <Fabbisogno>
    <Data>20170127</Data>
    <Mercato>MGP</Mercato>
    <Ora>2</Ora>
    <Italia>26740,814</Italia>
    <CNOR>2736,273</CNOR>
    <CSUD>3986,835</CSUD>
    <NORD>15641,647</NORD>
    <SARD>762,529</SARD>
    <SICI>1585,224</SICI>
    <SUD>2028,306</SUD>
  </Fabbisogno>
  <Fabbisogno>
    <Data>20170127</Data>
    <Mercato>MGP</Mercato>
    <Ora>3</Ora>
    <Italia>25753,095</Italia>
    <CNOR>2532,682</CNOR>
    <CSUD>3751,674</CSUD>
    <NORD>15325,158</NORD>
    <SARD>731,775</SARD>
    <SICI>1493,829</SICI>
    <SUD>1917,977</SUD>
  </Fabbisogno>
  <Fabbisogno>
    <Data>20170127</Data>
    <Mercato>MGP</Mercato>
    <Ora>4</Ora>
    <Italia>25474,564</Italia>
    <CNOR>2519,339</CNOR>
    <CSUD>3681,752</CSUD>
    <NORD>15219,769</NORD>
    <SARD>724,027</SARD>
    <SICI>1459,85</SICI>
    <SUD>1869,827</SUD>
  </Fabbisogno>
  <Fabbisogno>
    <Data>20170127</Data>
    <Mercato>MGP</Mercato>
    <Ora>5</Ora>
    <Italia>25649,234</Italia>
    <CNOR>2557,23</CNOR>
    <CSUD>3711,531</CSUD>
    <NORD>15329,713</NORD>
    <SARD>727,913</SARD>
    <SICI>1456,466</SICI>
    <SUD>1866,381</SUD>
  </Fabbisogno>
  <Fabbisogno>
    <Data>20170127</Data>
    <Mercato>MGP</Mercato>
    <Ora>6</Ora>
    <Italia>27331,545</Italia>
    <CNOR>2732,836</CNOR>
    <CSUD>3953,594</CSUD>
    <NORD>16375,646</NORD>
    <SARD>764,013</SARD>
    <SICI>1536,992</SICI>
    <SUD>1968,464</SUD>
  </Fabbisogno>
  <Fabbisogno>
    <Data>20170127</Data>
    <Mercato>MGP</Mercato>
    <Ora>7</Ora>
    <Italia>32587,342</Italia>
    <CNOR>3241,456</CNOR>
    <CSUD>4786,522</CSUD>
    <NORD>19487,797</NORD>
    <SARD>896,09</SARD>
    <SICI>1793,963</SICI>
    <SUD>2381,514</SUD>
  </Fabbisogno>
  <Fabbisogno>
    <Data>20170127</Data>
    <Mercato>MGP</Mercato>
    <Ora>8</Ora>
    <Italia>39124,123</Italia>
    <CNOR>3938,05</CNOR>
    <CSUD>5797,124</CSUD>
    <NORD>23309,073</NORD>
    <SARD>1116,187</SARD>
    <SICI>2164,875</SICI>
    <SUD>2798,814</SUD>
  </Fabbisogno>
  <Fabbisogno>
    <Data>20170127</Data>
    <Mercato>MGP</Mercato>
    <Ora>9</Ora>
    <Italia>42920,808</Italia>
    <CNOR>4493,747</CNOR>
    <CSUD>6268,934</CSUD>
    <NORD>25492,724</NORD>
    <SARD>1172,275</SARD>
    <SICI>2373,136</SICI>
    <SUD>3119,992</SUD>
  </Fabbisogno>
  <Fabbisogno>
    <Data>20170127</Data>
    <Mercato>MGP</Mercato>
    <Ora>10</Ora>
    <Italia>43882,437</Italia>
    <CNOR>4736,933</CNOR>
    <CSUD>6570,927</CSUD>
    <NORD>25898,323</NORD>
    <SARD>1140,315</SARD>
    <SICI>2440,168</SICI>
    <SUD>3095,771</SUD>
  </Fabbisogno>
  <Fabbisogno>
    <Data>20170127</Data>
    <Mercato>MGP</Mercato>
    <Ora>11</Ora>
    <Italia>42826,359</Italia>
    <CNOR>4522,296</CNOR>
    <CSUD>6408,427</CSUD>
    <NORD>25542,132</NORD>
    <SARD>1079,425</SARD>
    <SICI>2330,481</SICI>
    <SUD>2943,598</SUD>
  </Fabbisogno>
  <Fabbisogno>
    <Data>20170127</Data>
    <Mercato>MGP</Mercato>
    <Ora>12</Ora>
    <Italia>42385,356</Italia>
    <CNOR>4507,876</CNOR>
    <CSUD>6482,853</CSUD>
    <NORD>25128,941</NORD>
    <SARD>1053,939</SARD>
    <SICI>2299,691</SICI>
    <SUD>2912,056</SUD>
  </Fabbisogno>
  <Fabbisogno>
    <Data>20170127</Data>
    <Mercato>MGP</Mercato>
    <Ora>13</Ora>
    <Italia>39810,197</Italia>
    <CNOR>4215,749</CNOR>
    <CSUD>6271,087</CSUD>
    <NORD>23098,098</NORD>
    <SARD>1037,874</SARD>
    <SICI>2278,802</SICI>
    <SUD>2908,587</SUD>
  </Fabbisogno>
  <Fabbisogno>
    <Data>20170127</Data>
    <Mercato>MGP</Mercato>
    <Ora>14</Ora>
    <Italia>38624,762</Italia>
    <CNOR>4024,19</CNOR>
    <CSUD>6013,104</CSUD>
    <NORD>22578,664</NORD>
    <SARD>1006,99</SARD>
    <SICI>2234,956</SICI>
    <SUD>2766,858</SUD>
  </Fabbisogno>
  <Fabbisogno>
    <Data>20170127</Data>
    <Mercato>MGP</Mercato>
    <Ora>15</Ora>
    <Italia>40049,843</Italia>
    <CNOR>4179,461</CNOR>
    <CSUD>6120,406</CSUD>
    <NORD>23690,97</NORD>
    <SARD>1004,804</SARD>
    <SICI>2289,828</SICI>
    <SUD>2764,374</SUD>
  </Fabbisogno>
  <Fabbisogno>
    <Data>20170127</Data>
    <Mercato>MGP</Mercato>
    <Ora>16</Ora>
    <Italia>40960,98</Italia>
    <CNOR>4312,892</CNOR>
    <CSUD>6239,391</CSUD>
    <NORD>24152,337</NORD>
    <SARD>1026,634</SARD>
    <SICI>2348,993</SICI>
    <SUD>2880,733</SUD>
  </Fabbisogno>
  <Fabbisogno>
    <Data>20170127</Data>
    <Mercato>MGP</Mercato>
    <Ora>17</Ora>
    <Italia>42426,222</Italia>
    <CNOR>4462,869</CNOR>
    <CSUD>6379,748</CSUD>
    <NORD>24979,248</NORD>
    <SARD>1059,408</SARD>
    <SICI>2440,287</SICI>
    <SUD>3104,662</SUD>
  </Fabbisogno>
  <Fabbisogno>
    <Data>20170127</Data>
    <Mercato>MGP</Mercato>
    <Ora>18</Ora>
    <Italia>44351,017</Italia>
    <CNOR>4670,135</CNOR>
    <CSUD>6973,773</CSUD>
    <NORD>25295,249</NORD>
    <SARD>1141,862</SARD>
    <SICI>2707,278</SICI>
    <SUD>3562,72</SUD>
  </Fabbisogno>
  <Fabbisogno>
    <Data>20170127</Data>
    <Mercato>MGP</Mercato>
    <Ora>19</Ora>
    <Italia>44627,071</Italia>
    <CNOR>4633,82</CNOR>
    <CSUD>7197,38</CSUD>
    <NORD>25024,575</NORD>
    <SARD>1261,851</SARD>
    <SICI>2851,02</SICI>
    <SUD>3658,425</SUD>
  </Fabbisogno>
  <Fabbisogno>
    <Data>20170127</Data>
    <Mercato>MGP</Mercato>
    <Ora>20</Ora>
    <Italia>43255,271</Italia>
    <CNOR>4449,954</CNOR>
    <CSUD>7322,59300000001</CSUD>
    <NORD>23693,099</NORD>
    <SARD>1234,214</SARD>
    <SICI>2872,305</SICI>
    <SUD>3683,106</SUD>
  </Fabbisogno>
  <Fabbisogno>
    <Data>20170127</Data>
    <Mercato>MGP</Mercato>
    <Ora>21</Ora>
    <Italia>40638,89</Italia>
    <CNOR>4170,952</CNOR>
    <CSUD>6910,448</CSUD>
    <NORD>22040,937</NORD>
    <SARD>1204,334</SARD>
    <SICI>2805,694</SICI>
    <SUD>3506,525</SUD>
  </Fabbisogno>
  <Fabbisogno>
    <Data>20170127</Data>
    <Mercato>MGP</Mercato>
    <Ora>22</Ora>
    <Italia>37383,738</Italia>
    <CNOR>3837,741</CNOR>
    <CSUD>6333,722</CSUD>
    <NORD>20351,445</NORD>
    <SARD>1115,604</SARD>
    <SICI>2567,98</SICI>
    <SUD>3177,246</SUD>
  </Fabbisogno>
  <Fabbisogno>
    <Data>20170127</Data>
    <Mercato>MGP</Mercato>
    <Ora>23</Ora>
    <Italia>33912,506</Italia>
    <CNOR>3404,726</CNOR>
    <CSUD>5715,377</CSUD>
    <NORD>18578,796</NORD>
    <SARD>1022,794</SARD>
    <SICI>2324,592</SICI>
    <SUD>2866,221</SUD>
  </Fabbisogno>
  <Fabbisogno>
    <Data>20170127</Data>
    <Mercato>MGP</Mercato>
    <Ora>24</Ora>
    <Italia>30508,679</Italia>
    <CNOR>3064,979</CNOR>
    <CSUD>4979,324</CSUD>
    <NORD>17039,967</NORD>
    <SARD>918,305</SARD>
    <SICI>2019,498</SICI>
    <SUD>2486,606</SUD>
  </Fabbisogno>
</NewDataSet>