<?xml version="1.0" standalone="yes"?>
<NewDataSet>
  <xs:schema id="NewDataSet" xmlns="" xmlns:xs="http://www.w3.org/2001/XMLSchema" xmlns:msdata="urn:schemas-microsoft-com:xml-msdata">
    <xs:element name="NewDataSet" msdata:IsDataSet="true" msdata:UseCurrentLocale="true">
      <xs:complexType>
        <xs:choice minOccurs="0" maxOccurs="unbounded">
          <xs:element name="Fabbisogno">
            <xs:complexType>
              <xs:sequence>
                <xs:element name="Data" type="xs:string" minOccurs="0" />
                <xs:element name="Mercato" type="xs:string" minOccurs="0" />
                <xs:element name="Ora" type="xs:string" minOccurs="0" />
                <xs:element name="Italia" type="xs:string" minOccurs="0" />
                <xs:element name="CNOR" type="xs:string" minOccurs="0" />
                <xs:element name="CSUD" type="xs:string" minOccurs="0" />
                <xs:element name="NORD" type="xs:string" minOccurs="0" />
                <xs:element name="SARD" type="xs:string" minOccurs="0" />
                <xs:element name="SICI" type="xs:string" minOccurs="0" />
                <xs:element name="SUD" type="xs:string" minOccurs="0" />
              </xs:sequence>
            </xs:complexType>
          </xs:element>
        </xs:choice>
      </xs:complexType>
    </xs:element>
  </xs:schema>
  <Fabbisogno>
    <Data>20170102</Data>
    <Mercato>MGP</Mercato>
    <Ora>1</Ora>
    <Italia>20889,809</Italia>
    <CNOR>2331,809</CNOR>
    <CSUD>3853,316</CSUD>
    <NORD>10358,581</NORD>
    <SARD>838,079</SARD>
    <SICI>1496,949</SICI>
    <SUD>2011,075</SUD>
  </Fabbisogno>
  <Fabbisogno>
    <Data>20170102</Data>
    <Mercato>MGP</Mercato>
    <Ora>2</Ora>
    <Italia>19541,765</Italia>
    <CNOR>2243,688</CNOR>
    <CSUD>3566,518</CSUD>
    <NORD>9727,101</NORD>
    <SARD>786,559</SARD>
    <SICI>1351,039</SICI>
    <SUD>1866,86</SUD>
  </Fabbisogno>
  <Fabbisogno>
    <Data>20170102</Data>
    <Mercato>MGP</Mercato>
    <Ora>3</Ora>
    <Italia>18805,149</Italia>
    <CNOR>2143,772</CNOR>
    <CSUD>3385,033</CSUD>
    <NORD>9467,232</NORD>
    <SARD>758,509</SARD>
    <SICI>1265,946</SICI>
    <SUD>1784,657</SUD>
  </Fabbisogno>
  <Fabbisogno>
    <Data>20170102</Data>
    <Mercato>MGP</Mercato>
    <Ora>4</Ora>
    <Italia>18639,598</Italia>
    <CNOR>2122,701</CNOR>
    <CSUD>3342,896</CSUD>
    <NORD>9439,423</NORD>
    <SARD>748,837</SARD>
    <SICI>1233,196</SICI>
    <SUD>1752,545</SUD>
  </Fabbisogno>
  <Fabbisogno>
    <Data>20170102</Data>
    <Mercato>MGP</Mercato>
    <Ora>5</Ora>
    <Italia>19098,985</Italia>
    <CNOR>2162,313</CNOR>
    <CSUD>3381,393</CSUD>
    <NORD>9789,491</NORD>
    <SARD>753,136</SARD>
    <SICI>1241,458</SICI>
    <SUD>1771,194</SUD>
  </Fabbisogno>
  <Fabbisogno>
    <Data>20170102</Data>
    <Mercato>MGP</Mercato>
    <Ora>6</Ora>
    <Italia>20677,319</Italia>
    <CNOR>2284,619</CNOR>
    <CSUD>3589,379</CSUD>
    <NORD>10829,583</NORD>
    <SARD>790,582</SARD>
    <SICI>1318,224</SICI>
    <SUD>1864,932</SUD>
  </Fabbisogno>
  <Fabbisogno>
    <Data>20170102</Data>
    <Mercato>MGP</Mercato>
    <Ora>7</Ora>
    <Italia>25302,83</Italia>
    <CNOR>2744,026</CNOR>
    <CSUD>4276,405</CSUD>
    <NORD>13659,654</NORD>
    <SARD>907,304</SARD>
    <SICI>1533,361</SICI>
    <SUD>2182,08</SUD>
  </Fabbisogno>
  <Fabbisogno>
    <Data>20170102</Data>
    <Mercato>MGP</Mercato>
    <Ora>8</Ora>
    <Italia>30612,587</Italia>
    <CNOR>3308,267</CNOR>
    <CSUD>5158,776</CSUD>
    <NORD>16677,39</NORD>
    <SARD>1075,181</SARD>
    <SICI>1857,26</SICI>
    <SUD>2535,713</SUD>
  </Fabbisogno>
  <Fabbisogno>
    <Data>20170102</Data>
    <Mercato>MGP</Mercato>
    <Ora>9</Ora>
    <Italia>34130,23</Italia>
    <CNOR>3800,013</CNOR>
    <CSUD>5737,138</CSUD>
    <NORD>18460,688</NORD>
    <SARD>1177,431</SARD>
    <SICI>2115,236</SICI>
    <SUD>2839,724</SUD>
  </Fabbisogno>
  <Fabbisogno>
    <Data>20170102</Data>
    <Mercato>MGP</Mercato>
    <Ora>10</Ora>
    <Italia>35455,005</Italia>
    <CNOR>3983,969</CNOR>
    <CSUD>6074,505</CSUD>
    <NORD>19126,84</NORD>
    <SARD>1178,199</SARD>
    <SICI>2196,503</SICI>
    <SUD>2894,989</SUD>
  </Fabbisogno>
  <Fabbisogno>
    <Data>20170102</Data>
    <Mercato>MGP</Mercato>
    <Ora>11</Ora>
    <Italia>35498,429</Italia>
    <CNOR>4045,544</CNOR>
    <CSUD>6116,076</CSUD>
    <NORD>19213,591</NORD>
    <SARD>1148,283</SARD>
    <SICI>2147,741</SICI>
    <SUD>2827,194</SUD>
  </Fabbisogno>
  <Fabbisogno>
    <Data>20170102</Data>
    <Mercato>MGP</Mercato>
    <Ora>12</Ora>
    <Italia>35307,932</Italia>
    <CNOR>3962,71</CNOR>
    <CSUD>6025,357</CSUD>
    <NORD>19327,793</NORD>
    <SARD>1117,176</SARD>
    <SICI>2103,869</SICI>
    <SUD>2771,027</SUD>
  </Fabbisogno>
  <Fabbisogno>
    <Data>20170102</Data>
    <Mercato>MGP</Mercato>
    <Ora>13</Ora>
    <Italia>33949,806</Italia>
    <CNOR>3768,6</CNOR>
    <CSUD>6001,094</CSUD>
    <NORD>18154,791</NORD>
    <SARD>1111,822</SARD>
    <SICI>2109,379</SICI>
    <SUD>2804,12</SUD>
  </Fabbisogno>
  <Fabbisogno>
    <Data>20170102</Data>
    <Mercato>MGP</Mercato>
    <Ora>14</Ora>
    <Italia>33571,858</Italia>
    <CNOR>3614,153</CNOR>
    <CSUD>5865,72</CSUD>
    <NORD>18203,379</NORD>
    <SARD>1095,48</SARD>
    <SICI>2078,828</SICI>
    <SUD>2714,298</SUD>
  </Fabbisogno>
  <Fabbisogno>
    <Data>20170102</Data>
    <Mercato>MGP</Mercato>
    <Ora>15</Ora>
    <Italia>34521,454</Italia>
    <CNOR>3800,795</CNOR>
    <CSUD>5855,575</CSUD>
    <NORD>18938,724</NORD>
    <SARD>1091,23</SARD>
    <SICI>2118,176</SICI>
    <SUD>2716,954</SUD>
  </Fabbisogno>
  <Fabbisogno>
    <Data>20170102</Data>
    <Mercato>MGP</Mercato>
    <Ora>16</Ora>
    <Italia>35334,261</Italia>
    <CNOR>3928,105</CNOR>
    <CSUD>5977,466</CSUD>
    <NORD>19308,341</NORD>
    <SARD>1102,564</SARD>
    <SICI>2174,381</SICI>
    <SUD>2843,404</SUD>
  </Fabbisogno>
  <Fabbisogno>
    <Data>20170102</Data>
    <Mercato>MGP</Mercato>
    <Ora>17</Ora>
    <Italia>36786,57</Italia>
    <CNOR>4105,963</CNOR>
    <CSUD>6353,582</CSUD>
    <NORD>19763,833</NORD>
    <SARD>1151,964</SARD>
    <SICI>2286,679</SICI>
    <SUD>3124,549</SUD>
  </Fabbisogno>
  <Fabbisogno>
    <Data>20170102</Data>
    <Mercato>MGP</Mercato>
    <Ora>18</Ora>
    <Italia>39487,346</Italia>
    <CNOR>4387,708</CNOR>
    <CSUD>6897,257</CSUD>
    <NORD>20816,875</NORD>
    <SARD>1242,732</SARD>
    <SICI>2540,347</SICI>
    <SUD>3602,427</SUD>
  </Fabbisogno>
  <Fabbisogno>
    <Data>20170102</Data>
    <Mercato>MGP</Mercato>
    <Ora>19</Ora>
    <Italia>39207,378</Italia>
    <CNOR>4462,271</CNOR>
    <CSUD>7051,202</CSUD>
    <NORD>20117,656</NORD>
    <SARD>1295,702</SARD>
    <SICI>2636,294</SICI>
    <SUD>3644,253</SUD>
  </Fabbisogno>
  <Fabbisogno>
    <Data>20170102</Data>
    <Mercato>MGP</Mercato>
    <Ora>20</Ora>
    <Italia>38564,623</Italia>
    <CNOR>4388,672</CNOR>
    <CSUD>7062,272</CSUD>
    <NORD>19482,515</NORD>
    <SARD>1305,512</SARD>
    <SICI>2676,685</SICI>
    <SUD>3648,967</SUD>
  </Fabbisogno>
  <Fabbisogno>
    <Data>20170102</Data>
    <Mercato>MGP</Mercato>
    <Ora>21</Ora>
    <Italia>36116,865</Italia>
    <CNOR>4040,093</CNOR>
    <CSUD>6689,68</CSUD>
    <NORD>17988,997</NORD>
    <SARD>1260,087</SARD>
    <SICI>2620,544</SICI>
    <SUD>3517,464</SUD>
  </Fabbisogno>
  <Fabbisogno>
    <Data>20170102</Data>
    <Mercato>MGP</Mercato>
    <Ora>22</Ora>
    <Italia>33735,808</Italia>
    <CNOR>3757,122</CNOR>
    <CSUD>6180,101</CSUD>
    <NORD>16972,594</NORD>
    <SARD>1163,747</SARD>
    <SICI>2437,728</SICI>
    <SUD>3224,516</SUD>
  </Fabbisogno>
  <Fabbisogno>
    <Data>20170102</Data>
    <Mercato>MGP</Mercato>
    <Ora>23</Ora>
    <Italia>30214,908</Italia>
    <CNOR>3355,156</CNOR>
    <CSUD>5539,067</CSUD>
    <NORD>15222,976</NORD>
    <SARD>1062,216</SARD>
    <SICI>2171,019</SICI>
    <SUD>2864,474</SUD>
  </Fabbisogno>
  <Fabbisogno>
    <Data>20170102</Data>
    <Mercato>MGP</Mercato>
    <Ora>24</Ora>
    <Italia>26477,766</Italia>
    <CNOR>2912,637</CNOR>
    <CSUD>4759,839</CSUD>
    <NORD>13535,074</NORD>
    <SARD>955,854</SARD>
    <SICI>1855,596</SICI>
    <SUD>2458,766</SUD>
  </Fabbisogno>
</NewDataSet>