<?xml version="1.0" standalone="yes"?>
<NewDataSet>
  <xs:schema id="NewDataSet" xmlns="" xmlns:xs="http://www.w3.org/2001/XMLSchema" xmlns:msdata="urn:schemas-microsoft-com:xml-msdata">
    <xs:element name="NewDataSet" msdata:IsDataSet="true" msdata:UseCurrentLocale="true">
      <xs:complexType>
        <xs:choice minOccurs="0" maxOccurs="unbounded">
          <xs:element name="Fabbisogno">
            <xs:complexType>
              <xs:sequence>
                <xs:element name="Data" type="xs:string" minOccurs="0" />
                <xs:element name="Mercato" type="xs:string" minOccurs="0" />
                <xs:element name="Ora" type="xs:string" minOccurs="0" />
                <xs:element name="Italia" type="xs:string" minOccurs="0" />
                <xs:element name="CNOR" type="xs:string" minOccurs="0" />
                <xs:element name="CSUD" type="xs:string" minOccurs="0" />
                <xs:element name="NORD" type="xs:string" minOccurs="0" />
                <xs:element name="SARD" type="xs:string" minOccurs="0" />
                <xs:element name="SICI" type="xs:string" minOccurs="0" />
                <xs:element name="SUD" type="xs:string" minOccurs="0" />
              </xs:sequence>
            </xs:complexType>
          </xs:element>
        </xs:choice>
      </xs:complexType>
    </xs:element>
  </xs:schema>
  <Fabbisogno>
    <Data>20170112</Data>
    <Mercato>MGP</Mercato>
    <Ora>1</Ora>
    <Italia>28319,627</Italia>
    <CNOR>2926,665</CNOR>
    <CSUD>4410,121</CSUD>
    <NORD>16155,386</NORD>
    <SARD>859,499</SARD>
    <SICI>1715,568</SICI>
    <SUD>2252,388</SUD>
  </Fabbisogno>
  <Fabbisogno>
    <Data>20170112</Data>
    <Mercato>MGP</Mercato>
    <Ora>2</Ora>
    <Italia>26465,389</Italia>
    <CNOR>2744,333</CNOR>
    <CSUD>4001,9</CSUD>
    <NORD>15313,742</NORD>
    <SARD>797,688</SARD>
    <SICI>1537,828</SICI>
    <SUD>2069,898</SUD>
  </Fabbisogno>
  <Fabbisogno>
    <Data>20170112</Data>
    <Mercato>MGP</Mercato>
    <Ora>3</Ora>
    <Italia>25701,931</Italia>
    <CNOR>2672,588</CNOR>
    <CSUD>3801,681</CSUD>
    <NORD>15013,596</NORD>
    <SARD>771,178</SARD>
    <SICI>1458,94</SICI>
    <SUD>1983,948</SUD>
  </Fabbisogno>
  <Fabbisogno>
    <Data>20170112</Data>
    <Mercato>MGP</Mercato>
    <Ora>4</Ora>
    <Italia>25300,87</Italia>
    <CNOR>2631,196</CNOR>
    <CSUD>3760,131</CSUD>
    <NORD>14767,064</NORD>
    <SARD>762,536</SARD>
    <SICI>1414,554</SICI>
    <SUD>1965,389</SUD>
  </Fabbisogno>
  <Fabbisogno>
    <Data>20170112</Data>
    <Mercato>MGP</Mercato>
    <Ora>5</Ora>
    <Italia>25403,666</Italia>
    <CNOR>2633,502</CNOR>
    <CSUD>3790,113</CSUD>
    <NORD>14812,066</NORD>
    <SARD>769,065</SARD>
    <SICI>1417,918</SICI>
    <SUD>1981,002</SUD>
  </Fabbisogno>
  <Fabbisogno>
    <Data>20170112</Data>
    <Mercato>MGP</Mercato>
    <Ora>6</Ora>
    <Italia>27173,121</Italia>
    <CNOR>2807,789</CNOR>
    <CSUD>4020,918</CSUD>
    <NORD>15949,438</NORD>
    <SARD>803,331</SARD>
    <SICI>1495,802</SICI>
    <SUD>2095,843</SUD>
  </Fabbisogno>
  <Fabbisogno>
    <Data>20170112</Data>
    <Mercato>MGP</Mercato>
    <Ora>7</Ora>
    <Italia>32625,905</Italia>
    <CNOR>3306,057</CNOR>
    <CSUD>4850,386</CSUD>
    <NORD>19431,801</NORD>
    <SARD>926,619</SARD>
    <SICI>1681,67</SICI>
    <SUD>2429,372</SUD>
  </Fabbisogno>
  <Fabbisogno>
    <Data>20170112</Data>
    <Mercato>MGP</Mercato>
    <Ora>8</Ora>
    <Italia>39428,662</Italia>
    <CNOR>4066,842</CNOR>
    <CSUD>5907,234</CSUD>
    <NORD>23348,682</NORD>
    <SARD>1142,263</SARD>
    <SICI>2057,329</SICI>
    <SUD>2906,312</SUD>
  </Fabbisogno>
  <Fabbisogno>
    <Data>20170112</Data>
    <Mercato>MGP</Mercato>
    <Ora>9</Ora>
    <Italia>43555,123</Italia>
    <CNOR>4722,122</CNOR>
    <CSUD>6582,754</CSUD>
    <NORD>25452,003</NORD>
    <SARD>1233,349</SARD>
    <SICI>2326,274</SICI>
    <SUD>3238,621</SUD>
  </Fabbisogno>
  <Fabbisogno>
    <Data>20170112</Data>
    <Mercato>MGP</Mercato>
    <Ora>10</Ora>
    <Italia>44576,134</Italia>
    <CNOR>4965,943</CNOR>
    <CSUD>6896,089</CSUD>
    <NORD>25809,28</NORD>
    <SARD>1214,793</SARD>
    <SICI>2372,996</SICI>
    <SUD>3317,033</SUD>
  </Fabbisogno>
  <Fabbisogno>
    <Data>20170112</Data>
    <Mercato>MGP</Mercato>
    <Ora>11</Ora>
    <Italia>44336,956</Italia>
    <CNOR>4870,368</CNOR>
    <CSUD>6821,798</CSUD>
    <NORD>25963,401</NORD>
    <SARD>1157,612</SARD>
    <SICI>2314,88</SICI>
    <SUD>3208,897</SUD>
  </Fabbisogno>
  <Fabbisogno>
    <Data>20170112</Data>
    <Mercato>MGP</Mercato>
    <Ora>12</Ora>
    <Italia>43752,365</Italia>
    <CNOR>4823,701</CNOR>
    <CSUD>6639,797</CSUD>
    <NORD>25750,091</NORD>
    <SARD>1119,157</SARD>
    <SICI>2269,756</SICI>
    <SUD>3149,863</SUD>
  </Fabbisogno>
  <Fabbisogno>
    <Data>20170112</Data>
    <Mercato>MGP</Mercato>
    <Ora>13</Ora>
    <Italia>41334,251</Italia>
    <CNOR>4499,86</CNOR>
    <CSUD>6553,112</CSUD>
    <NORD>23787,49</NORD>
    <SARD>1100,639</SARD>
    <SICI>2242,25</SICI>
    <SUD>3150,9</SUD>
  </Fabbisogno>
  <Fabbisogno>
    <Data>20170112</Data>
    <Mercato>MGP</Mercato>
    <Ora>14</Ora>
    <Italia>40499,655</Italia>
    <CNOR>4298,834</CNOR>
    <CSUD>6308,237</CSUD>
    <NORD>23569,926</NORD>
    <SARD>1064,501</SARD>
    <SICI>2215,949</SICI>
    <SUD>3042,208</SUD>
  </Fabbisogno>
  <Fabbisogno>
    <Data>20170112</Data>
    <Mercato>MGP</Mercato>
    <Ora>15</Ora>
    <Italia>42339,103</Italia>
    <CNOR>4601,715</CNOR>
    <CSUD>6465,23</CSUD>
    <NORD>24861,102</NORD>
    <SARD>1073,114</SARD>
    <SICI>2289,354</SICI>
    <SUD>3048,588</SUD>
  </Fabbisogno>
  <Fabbisogno>
    <Data>20170112</Data>
    <Mercato>MGP</Mercato>
    <Ora>16</Ora>
    <Italia>43263,313</Italia>
    <CNOR>4729,057</CNOR>
    <CSUD>6654,243</CSUD>
    <NORD>25281,148</NORD>
    <SARD>1092,892</SARD>
    <SICI>2348,942</SICI>
    <SUD>3157,031</SUD>
  </Fabbisogno>
  <Fabbisogno>
    <Data>20170112</Data>
    <Mercato>MGP</Mercato>
    <Ora>17</Ora>
    <Italia>44524,067</Italia>
    <CNOR>4860,792</CNOR>
    <CSUD>6894,328</CSUD>
    <NORD>25767,985</NORD>
    <SARD>1145,133</SARD>
    <SICI>2501,42</SICI>
    <SUD>3354,409</SUD>
  </Fabbisogno>
  <Fabbisogno>
    <Data>20170112</Data>
    <Mercato>MGP</Mercato>
    <Ora>18</Ora>
    <Italia>45423,589</Italia>
    <CNOR>4854,359</CNOR>
    <CSUD>7157,228</CSUD>
    <NORD>25679,015</NORD>
    <SARD>1211,538</SARD>
    <SICI>2751,403</SICI>
    <SUD>3770,046</SUD>
  </Fabbisogno>
  <Fabbisogno>
    <Data>20170112</Data>
    <Mercato>MGP</Mercato>
    <Ora>19</Ora>
    <Italia>46231,85</Italia>
    <CNOR>5142,664</CNOR>
    <CSUD>7664,948</CSUD>
    <NORD>25266,941</NORD>
    <SARD>1341,375</SARD>
    <SICI>2886,123</SICI>
    <SUD>3929,799</SUD>
  </Fabbisogno>
  <Fabbisogno>
    <Data>20170112</Data>
    <Mercato>MGP</Mercato>
    <Ora>20</Ora>
    <Italia>44752,998</Italia>
    <CNOR>4914,372</CNOR>
    <CSUD>7620,515</CSUD>
    <NORD>24031,322</NORD>
    <SARD>1354,409</SARD>
    <SICI>2924,642</SICI>
    <SUD>3907,738</SUD>
  </Fabbisogno>
  <Fabbisogno>
    <Data>20170112</Data>
    <Mercato>MGP</Mercato>
    <Ora>21</Ora>
    <Italia>42320,134</Italia>
    <CNOR>4493,741</CNOR>
    <CSUD>7203,672</CSUD>
    <NORD>22749,541</NORD>
    <SARD>1310,976</SARD>
    <SICI>2818,736</SICI>
    <SUD>3743,468</SUD>
  </Fabbisogno>
  <Fabbisogno>
    <Data>20170112</Data>
    <Mercato>MGP</Mercato>
    <Ora>22</Ora>
    <Italia>39057,358</Italia>
    <CNOR>4122,373</CNOR>
    <CSUD>6563,497</CSUD>
    <NORD>21225,365</NORD>
    <SARD>1169,83</SARD>
    <SICI>2604,571</SICI>
    <SUD>3371,722</SUD>
  </Fabbisogno>
  <Fabbisogno>
    <Data>20170112</Data>
    <Mercato>MGP</Mercato>
    <Ora>23</Ora>
    <Italia>35014,561</Italia>
    <CNOR>3634,241</CNOR>
    <CSUD>5805,109</CSUD>
    <NORD>19201,202</NORD>
    <SARD>1060,442</SARD>
    <SICI>2320,043</SICI>
    <SUD>2993,524</SUD>
  </Fabbisogno>
  <Fabbisogno>
    <Data>20170112</Data>
    <Mercato>MGP</Mercato>
    <Ora>24</Ora>
    <Italia>30745,403</Italia>
    <CNOR>2966,16</CNOR>
    <CSUD>4790,558</CSUD>
    <NORD>17441,434</NORD>
    <SARD>947,423</SARD>
    <SICI>2019,092</SICI>
    <SUD>2580,736</SUD>
  </Fabbisogno>
</NewDataSet>