<?xml version="1.0" standalone="yes"?>
<NewDataSet>
  <xs:schema id="NewDataSet" xmlns="" xmlns:xs="http://www.w3.org/2001/XMLSchema" xmlns:msdata="urn:schemas-microsoft-com:xml-msdata">
    <xs:element name="NewDataSet" msdata:IsDataSet="true" msdata:UseCurrentLocale="true">
      <xs:complexType>
        <xs:choice minOccurs="0" maxOccurs="unbounded">
          <xs:element name="Fabbisogno">
            <xs:complexType>
              <xs:sequence>
                <xs:element name="Data" type="xs:string" minOccurs="0" />
                <xs:element name="Mercato" type="xs:string" minOccurs="0" />
                <xs:element name="Ora" type="xs:string" minOccurs="0" />
                <xs:element name="Italia" type="xs:string" minOccurs="0" />
                <xs:element name="CNOR" type="xs:string" minOccurs="0" />
                <xs:element name="CSUD" type="xs:string" minOccurs="0" />
                <xs:element name="NORD" type="xs:string" minOccurs="0" />
                <xs:element name="SARD" type="xs:string" minOccurs="0" />
                <xs:element name="SICI" type="xs:string" minOccurs="0" />
                <xs:element name="SUD" type="xs:string" minOccurs="0" />
              </xs:sequence>
            </xs:complexType>
          </xs:element>
        </xs:choice>
      </xs:complexType>
    </xs:element>
  </xs:schema>
  <Fabbisogno>
    <Data>20170115</Data>
    <Mercato>MGP</Mercato>
    <Ora>1</Ora>
    <Italia>25526,946</Italia>
    <CNOR>2631,868</CNOR>
    <CSUD>4315,3</CSUD>
    <NORD>13683,56</NORD>
    <SARD>876,331</SARD>
    <SICI>1768,65</SICI>
    <SUD>2251,237</SUD>
  </Fabbisogno>
  <Fabbisogno>
    <Data>20170115</Data>
    <Mercato>MGP</Mercato>
    <Ora>2</Ora>
    <Italia>23787,205</Italia>
    <CNOR>2486,471</CNOR>
    <CSUD>3898,39</CSUD>
    <NORD>12962,03</NORD>
    <SARD>808,151</SARD>
    <SICI>1578,599</SICI>
    <SUD>2053,564</SUD>
  </Fabbisogno>
  <Fabbisogno>
    <Data>20170115</Data>
    <Mercato>MGP</Mercato>
    <Ora>3</Ora>
    <Italia>22624,746</Italia>
    <CNOR>2368,36</CNOR>
    <CSUD>3639,628</CSUD>
    <NORD>12428,055</NORD>
    <SARD>774,076</SARD>
    <SICI>1472,223</SICI>
    <SUD>1942,404</SUD>
  </Fabbisogno>
  <Fabbisogno>
    <Data>20170115</Data>
    <Mercato>MGP</Mercato>
    <Ora>4</Ora>
    <Italia>22258,897</Italia>
    <CNOR>2320,959</CNOR>
    <CSUD>3544,244</CSUD>
    <NORD>12309,244</NORD>
    <SARD>767,994</SARD>
    <SICI>1406,94</SICI>
    <SUD>1909,516</SUD>
  </Fabbisogno>
  <Fabbisogno>
    <Data>20170115</Data>
    <Mercato>MGP</Mercato>
    <Ora>5</Ora>
    <Italia>22000,858</Italia>
    <CNOR>2287,15</CNOR>
    <CSUD>3490,977</CSUD>
    <NORD>12201,302</NORD>
    <SARD>764,453</SARD>
    <SICI>1376,638</SICI>
    <SUD>1880,338</SUD>
  </Fabbisogno>
  <Fabbisogno>
    <Data>20170115</Data>
    <Mercato>MGP</Mercato>
    <Ora>6</Ora>
    <Italia>22377,833</Italia>
    <CNOR>2312,89</CNOR>
    <CSUD>3523,777</CSUD>
    <NORD>12470,889</NORD>
    <SARD>767,472</SARD>
    <SICI>1406,642</SICI>
    <SUD>1896,163</SUD>
  </Fabbisogno>
  <Fabbisogno>
    <Data>20170115</Data>
    <Mercato>MGP</Mercato>
    <Ora>7</Ora>
    <Italia>23568,67</Italia>
    <CNOR>2388,421</CNOR>
    <CSUD>3732,921</CSUD>
    <NORD>13184,031</NORD>
    <SARD>811,105</SARD>
    <SICI>1467,685</SICI>
    <SUD>1984,507</SUD>
  </Fabbisogno>
  <Fabbisogno>
    <Data>20170115</Data>
    <Mercato>MGP</Mercato>
    <Ora>8</Ora>
    <Italia>24866,541</Italia>
    <CNOR>2539,789</CNOR>
    <CSUD>3942,039</CSUD>
    <NORD>13866,286</NORD>
    <SARD>885,372999999999</SARD>
    <SICI>1564,062</SICI>
    <SUD>2068,992</SUD>
  </Fabbisogno>
  <Fabbisogno>
    <Data>20170115</Data>
    <Mercato>MGP</Mercato>
    <Ora>9</Ora>
    <Italia>26458,798</Italia>
    <CNOR>2709,864</CNOR>
    <CSUD>4399,475</CSUD>
    <NORD>14233,42</NORD>
    <SARD>979,409</SARD>
    <SICI>1784,023</SICI>
    <SUD>2352,607</SUD>
  </Fabbisogno>
  <Fabbisogno>
    <Data>20170115</Data>
    <Mercato>MGP</Mercato>
    <Ora>10</Ora>
    <Italia>28301,239</Italia>
    <CNOR>2934,423</CNOR>
    <CSUD>4883,245</CSUD>
    <NORD>14875,711</NORD>
    <SARD>1031,176</SARD>
    <SICI>2018,248</SICI>
    <SUD>2558,436</SUD>
  </Fabbisogno>
  <Fabbisogno>
    <Data>20170115</Data>
    <Mercato>MGP</Mercato>
    <Ora>11</Ora>
    <Italia>29175,673</Italia>
    <CNOR>3025,654</CNOR>
    <CSUD>5125,457</CSUD>
    <NORD>15222,497</NORD>
    <SARD>1040,784</SARD>
    <SICI>2122,023</SICI>
    <SUD>2639,258</SUD>
  </Fabbisogno>
  <Fabbisogno>
    <Data>20170115</Data>
    <Mercato>MGP</Mercato>
    <Ora>12</Ora>
    <Italia>29450,796</Italia>
    <CNOR>3011,336</CNOR>
    <CSUD>5080,344</CSUD>
    <NORD>15529,391</NORD>
    <SARD>1034,87</SARD>
    <SICI>2149,418</SICI>
    <SUD>2645,437</SUD>
  </Fabbisogno>
  <Fabbisogno>
    <Data>20170115</Data>
    <Mercato>MGP</Mercato>
    <Ora>13</Ora>
    <Italia>29153,581</Italia>
    <CNOR>3000,778</CNOR>
    <CSUD>5143,306</CSUD>
    <NORD>15081,833</NORD>
    <SARD>1029,976</SARD>
    <SICI>2173,529</SICI>
    <SUD>2724,159</SUD>
  </Fabbisogno>
  <Fabbisogno>
    <Data>20170115</Data>
    <Mercato>MGP</Mercato>
    <Ora>14</Ora>
    <Italia>28034,119</Italia>
    <CNOR>2886,882</CNOR>
    <CSUD>5095,717</CSUD>
    <NORD>14410,639</NORD>
    <SARD>1000,89</SARD>
    <SICI>2034,164</SICI>
    <SUD>2605,827</SUD>
  </Fabbisogno>
  <Fabbisogno>
    <Data>20170115</Data>
    <Mercato>MGP</Mercato>
    <Ora>15</Ora>
    <Italia>27525,711</Italia>
    <CNOR>2833,751</CNOR>
    <CSUD>4860,678</CSUD>
    <NORD>14456,625</NORD>
    <SARD>987,53</SARD>
    <SICI>1948,477</SICI>
    <SUD>2438,65</SUD>
  </Fabbisogno>
  <Fabbisogno>
    <Data>20170115</Data>
    <Mercato>MGP</Mercato>
    <Ora>16</Ora>
    <Italia>28059,163</Italia>
    <CNOR>2953</CNOR>
    <CSUD>4954,104</CSUD>
    <NORD>14680,498</NORD>
    <SARD>997,555</SARD>
    <SICI>1978,677</SICI>
    <SUD>2495,329</SUD>
  </Fabbisogno>
  <Fabbisogno>
    <Data>20170115</Data>
    <Mercato>MGP</Mercato>
    <Ora>17</Ora>
    <Italia>29238,364</Italia>
    <CNOR>3076,53</CNOR>
    <CSUD>5159,054</CSUD>
    <NORD>15321,9</NORD>
    <SARD>1015,189</SARD>
    <SICI>2033,896</SICI>
    <SUD>2631,795</SUD>
  </Fabbisogno>
  <Fabbisogno>
    <Data>20170115</Data>
    <Mercato>MGP</Mercato>
    <Ora>18</Ora>
    <Italia>32666,19</Italia>
    <CNOR>3513,082</CNOR>
    <CSUD>5827,977</CSUD>
    <NORD>16891,036</NORD>
    <SARD>1111,788</SARD>
    <SICI>2289,966</SICI>
    <SUD>3032,341</SUD>
  </Fabbisogno>
  <Fabbisogno>
    <Data>20170115</Data>
    <Mercato>MGP</Mercato>
    <Ora>19</Ora>
    <Italia>34746,711</Italia>
    <CNOR>3819,259</CNOR>
    <CSUD>6176,756</CSUD>
    <NORD>18001,285</NORD>
    <SARD>1191,774</SARD>
    <SICI>2404,952</SICI>
    <SUD>3152,685</SUD>
  </Fabbisogno>
  <Fabbisogno>
    <Data>20170115</Data>
    <Mercato>MGP</Mercato>
    <Ora>20</Ora>
    <Italia>35056,455</Italia>
    <CNOR>3921,904</CNOR>
    <CSUD>6373,855</CSUD>
    <NORD>17855,638</NORD>
    <SARD>1220,166</SARD>
    <SICI>2475,264</SICI>
    <SUD>3209,628</SUD>
  </Fabbisogno>
  <Fabbisogno>
    <Data>20170115</Data>
    <Mercato>MGP</Mercato>
    <Ora>21</Ora>
    <Italia>34262,113</Italia>
    <CNOR>3793,241</CNOR>
    <CSUD>6276,962</CSUD>
    <NORD>17290,359</NORD>
    <SARD>1221,641</SARD>
    <SICI>2478,919</SICI>
    <SUD>3200,991</SUD>
  </Fabbisogno>
  <Fabbisogno>
    <Data>20170115</Data>
    <Mercato>MGP</Mercato>
    <Ora>22</Ora>
    <Italia>32381,889</Italia>
    <CNOR>3557,518</CNOR>
    <CSUD>5944,361</CSUD>
    <NORD>16333,524</NORD>
    <SARD>1153,731</SARD>
    <SICI>2354,368</SICI>
    <SUD>3038,387</SUD>
  </Fabbisogno>
  <Fabbisogno>
    <Data>20170115</Data>
    <Mercato>MGP</Mercato>
    <Ora>23</Ora>
    <Italia>30343,672</Italia>
    <CNOR>3301,308</CNOR>
    <CSUD>5401,298</CSUD>
    <NORD>15659,939</NORD>
    <SARD>1061,505</SARD>
    <SICI>2142,564</SICI>
    <SUD>2777,058</SUD>
  </Fabbisogno>
  <Fabbisogno>
    <Data>20170115</Data>
    <Mercato>MGP</Mercato>
    <Ora>24</Ora>
    <Italia>27190,67</Italia>
    <CNOR>2922,956</CNOR>
    <CSUD>4689,99</CSUD>
    <NORD>14337,586</NORD>
    <SARD>928,174</SARD>
    <SICI>1886,818</SICI>
    <SUD>2425,146</SUD>
  </Fabbisogno>
</NewDataSet>