<?xml version="1.0" standalone="yes"?>
<NewDataSet>
  <xs:schema id="NewDataSet" xmlns="" xmlns:xs="http://www.w3.org/2001/XMLSchema" xmlns:msdata="urn:schemas-microsoft-com:xml-msdata">
    <xs:element name="NewDataSet" msdata:IsDataSet="true" msdata:UseCurrentLocale="true">
      <xs:complexType>
        <xs:choice minOccurs="0" maxOccurs="unbounded">
          <xs:element name="Fabbisogno">
            <xs:complexType>
              <xs:sequence>
                <xs:element name="Data" type="xs:string" minOccurs="0" />
                <xs:element name="Mercato" type="xs:string" minOccurs="0" />
                <xs:element name="Ora" type="xs:string" minOccurs="0" />
                <xs:element name="Italia" type="xs:string" minOccurs="0" />
                <xs:element name="CNOR" type="xs:string" minOccurs="0" />
                <xs:element name="CSUD" type="xs:string" minOccurs="0" />
                <xs:element name="NORD" type="xs:string" minOccurs="0" />
                <xs:element name="SARD" type="xs:string" minOccurs="0" />
                <xs:element name="SICI" type="xs:string" minOccurs="0" />
                <xs:element name="SUD" type="xs:string" minOccurs="0" />
              </xs:sequence>
            </xs:complexType>
          </xs:element>
        </xs:choice>
      </xs:complexType>
    </xs:element>
  </xs:schema>
  <Fabbisogno>
    <Data>20170103</Data>
    <Mercato>MGP</Mercato>
    <Ora>1</Ora>
    <Italia>23141,694</Italia>
    <CNOR>2446,084</CNOR>
    <CSUD>3918,623</CSUD>
    <NORD>12162,098</NORD>
    <SARD>838,894</SARD>
    <SICI>1534,525</SICI>
    <SUD>2241,47</SUD>
  </Fabbisogno>
  <Fabbisogno>
    <Data>20170103</Data>
    <Mercato>MGP</Mercato>
    <Ora>2</Ora>
    <Italia>21538,485</Italia>
    <CNOR>2302,151</CNOR>
    <CSUD>3547,517</CSUD>
    <NORD>11456,828</NORD>
    <SARD>779,368</SARD>
    <SICI>1381,112</SICI>
    <SUD>2071,509</SUD>
  </Fabbisogno>
  <Fabbisogno>
    <Data>20170103</Data>
    <Mercato>MGP</Mercato>
    <Ora>3</Ora>
    <Italia>20553,436</Italia>
    <CNOR>2219,121</CNOR>
    <CSUD>3357,228</CSUD>
    <NORD>10926,334</NORD>
    <SARD>752,074</SARD>
    <SICI>1292,82</SICI>
    <SUD>2005,859</SUD>
  </Fabbisogno>
  <Fabbisogno>
    <Data>20170103</Data>
    <Mercato>MGP</Mercato>
    <Ora>4</Ora>
    <Italia>20366,083</Italia>
    <CNOR>2175,663</CNOR>
    <CSUD>3287,208</CSUD>
    <NORD>10918,483</NORD>
    <SARD>742,101999999999</SARD>
    <SICI>1255,145</SICI>
    <SUD>1987,482</SUD>
  </Fabbisogno>
  <Fabbisogno>
    <Data>20170103</Data>
    <Mercato>MGP</Mercato>
    <Ora>5</Ora>
    <Italia>20650,739</Italia>
    <CNOR>2169,767</CNOR>
    <CSUD>3304,561</CSUD>
    <NORD>11170,273</NORD>
    <SARD>748,07</SARD>
    <SICI>1255,751</SICI>
    <SUD>2002,317</SUD>
  </Fabbisogno>
  <Fabbisogno>
    <Data>20170103</Data>
    <Mercato>MGP</Mercato>
    <Ora>6</Ora>
    <Italia>21849,485</Italia>
    <CNOR>2249,054</CNOR>
    <CSUD>3469,953</CSUD>
    <NORD>11915,646</NORD>
    <SARD>784,93</SARD>
    <SICI>1329,503</SICI>
    <SUD>2100,399</SUD>
  </Fabbisogno>
  <Fabbisogno>
    <Data>20170103</Data>
    <Mercato>MGP</Mercato>
    <Ora>7</Ora>
    <Italia>25841,195</Italia>
    <CNOR>2614,648</CNOR>
    <CSUD>4076,711</CSUD>
    <NORD>14327,509</NORD>
    <SARD>906,891</SARD>
    <SICI>1522,868</SICI>
    <SUD>2392,568</SUD>
  </Fabbisogno>
  <Fabbisogno>
    <Data>20170103</Data>
    <Mercato>MGP</Mercato>
    <Ora>8</Ora>
    <Italia>31066,864</Italia>
    <CNOR>3215,001</CNOR>
    <CSUD>4887,129</CSUD>
    <NORD>17312,647</NORD>
    <SARD>1091,728</SARD>
    <SICI>1855,256</SICI>
    <SUD>2705,103</SUD>
  </Fabbisogno>
  <Fabbisogno>
    <Data>20170103</Data>
    <Mercato>MGP</Mercato>
    <Ora>9</Ora>
    <Italia>34195,513</Italia>
    <CNOR>3660,193</CNOR>
    <CSUD>5411,543</CSUD>
    <NORD>18900,029</NORD>
    <SARD>1178,032</SARD>
    <SICI>2088,025</SICI>
    <SUD>2957,691</SUD>
  </Fabbisogno>
  <Fabbisogno>
    <Data>20170103</Data>
    <Mercato>MGP</Mercato>
    <Ora>10</Ora>
    <Italia>35281,86</Italia>
    <CNOR>3864,489</CNOR>
    <CSUD>5763,382</CSUD>
    <NORD>19324,91</NORD>
    <SARD>1181,621</SARD>
    <SICI>2170,468</SICI>
    <SUD>2976,99</SUD>
  </Fabbisogno>
  <Fabbisogno>
    <Data>20170103</Data>
    <Mercato>MGP</Mercato>
    <Ora>11</Ora>
    <Italia>35353,302</Italia>
    <CNOR>3860,348</CNOR>
    <CSUD>5873,611</CSUD>
    <NORD>19425,997</NORD>
    <SARD>1154,837</SARD>
    <SICI>2125,274</SICI>
    <SUD>2913,235</SUD>
  </Fabbisogno>
  <Fabbisogno>
    <Data>20170103</Data>
    <Mercato>MGP</Mercato>
    <Ora>12</Ora>
    <Italia>34952,079</Italia>
    <CNOR>3788,191</CNOR>
    <CSUD>5785,396</CSUD>
    <NORD>19348,812</NORD>
    <SARD>1107,149</SARD>
    <SICI>2076,468</SICI>
    <SUD>2846,063</SUD>
  </Fabbisogno>
  <Fabbisogno>
    <Data>20170103</Data>
    <Mercato>MGP</Mercato>
    <Ora>13</Ora>
    <Italia>33371,505</Italia>
    <CNOR>3596,343</CNOR>
    <CSUD>5767,613</CSUD>
    <NORD>17991,21</NORD>
    <SARD>1095,569</SARD>
    <SICI>2072,271</SICI>
    <SUD>2848,499</SUD>
  </Fabbisogno>
  <Fabbisogno>
    <Data>20170103</Data>
    <Mercato>MGP</Mercato>
    <Ora>14</Ora>
    <Italia>32733,949</Italia>
    <CNOR>3428,976</CNOR>
    <CSUD>5581,688</CSUD>
    <NORD>17841,89</NORD>
    <SARD>1068,318</SARD>
    <SICI>2041,544</SICI>
    <SUD>2771,533</SUD>
  </Fabbisogno>
  <Fabbisogno>
    <Data>20170103</Data>
    <Mercato>MGP</Mercato>
    <Ora>15</Ora>
    <Italia>33698,048</Italia>
    <CNOR>3603,335</CNOR>
    <CSUD>5656,939</CSUD>
    <NORD>18369,905</NORD>
    <SARD>1064,633</SARD>
    <SICI>2077,417</SICI>
    <SUD>2925,819</SUD>
  </Fabbisogno>
  <Fabbisogno>
    <Data>20170103</Data>
    <Mercato>MGP</Mercato>
    <Ora>16</Ora>
    <Italia>34474,832</Italia>
    <CNOR>3744,468</CNOR>
    <CSUD>5764,456</CSUD>
    <NORD>18779,681</NORD>
    <SARD>1073,136</SARD>
    <SICI>2139,367</SICI>
    <SUD>2973,724</SUD>
  </Fabbisogno>
  <Fabbisogno>
    <Data>20170103</Data>
    <Mercato>MGP</Mercato>
    <Ora>17</Ora>
    <Italia>36034,616</Italia>
    <CNOR>3953,342</CNOR>
    <CSUD>6023,747</CSUD>
    <NORD>19358,293</NORD>
    <SARD>1118,043</SARD>
    <SICI>2247,777</SICI>
    <SUD>3333,414</SUD>
  </Fabbisogno>
  <Fabbisogno>
    <Data>20170103</Data>
    <Mercato>MGP</Mercato>
    <Ora>18</Ora>
    <Italia>38806,037</Italia>
    <CNOR>4201,888</CNOR>
    <CSUD>6625,432</CSUD>
    <NORD>20478,402</NORD>
    <SARD>1225,839</SARD>
    <SICI>2501,907</SICI>
    <SUD>3772,569</SUD>
  </Fabbisogno>
  <Fabbisogno>
    <Data>20170103</Data>
    <Mercato>MGP</Mercato>
    <Ora>19</Ora>
    <Italia>38461,868</Italia>
    <CNOR>4181,778</CNOR>
    <CSUD>6705,178</CSUD>
    <NORD>19986,873</NORD>
    <SARD>1285,969</SARD>
    <SICI>2569,954</SICI>
    <SUD>3732,116</SUD>
  </Fabbisogno>
  <Fabbisogno>
    <Data>20170103</Data>
    <Mercato>MGP</Mercato>
    <Ora>20</Ora>
    <Italia>37867,178</Italia>
    <CNOR>4192,694</CNOR>
    <CSUD>6735,416</CSUD>
    <NORD>19318,535</NORD>
    <SARD>1297,051</SARD>
    <SICI>2600,713</SICI>
    <SUD>3722,769</SUD>
  </Fabbisogno>
  <Fabbisogno>
    <Data>20170103</Data>
    <Mercato>MGP</Mercato>
    <Ora>21</Ora>
    <Italia>35456,729</Italia>
    <CNOR>3812,03</CNOR>
    <CSUD>6391,269</CSUD>
    <NORD>17935,565</NORD>
    <SARD>1271,829</SARD>
    <SICI>2623,297</SICI>
    <SUD>3422,739</SUD>
  </Fabbisogno>
  <Fabbisogno>
    <Data>20170103</Data>
    <Mercato>MGP</Mercato>
    <Ora>22</Ora>
    <Italia>32824,323</Italia>
    <CNOR>3493,951</CNOR>
    <CSUD>5872,61</CSUD>
    <NORD>16697,25</NORD>
    <SARD>1171,278</SARD>
    <SICI>2474,127</SICI>
    <SUD>3115,107</SUD>
  </Fabbisogno>
  <Fabbisogno>
    <Data>20170103</Data>
    <Mercato>MGP</Mercato>
    <Ora>23</Ora>
    <Italia>29425,551</Italia>
    <CNOR>3092,007</CNOR>
    <CSUD>5205,823</CSUD>
    <NORD>15057,205</NORD>
    <SARD>1060,376</SARD>
    <SICI>2250,368</SICI>
    <SUD>2759,772</SUD>
  </Fabbisogno>
  <Fabbisogno>
    <Data>20170103</Data>
    <Mercato>MGP</Mercato>
    <Ora>24</Ora>
    <Italia>25968,195</Italia>
    <CNOR>2667,712</CNOR>
    <CSUD>4465,864</CSUD>
    <NORD>13573,687</NORD>
    <SARD>944,128</SARD>
    <SICI>1947,705</SICI>
    <SUD>2369,099</SUD>
  </Fabbisogno>
</NewDataSet>