<?xml version="1.0" standalone="yes"?>
<NewDataSet>
  <xs:schema id="NewDataSet" xmlns="" xmlns:xs="http://www.w3.org/2001/XMLSchema" xmlns:msdata="urn:schemas-microsoft-com:xml-msdata">
    <xs:element name="NewDataSet" msdata:IsDataSet="true" msdata:UseCurrentLocale="true">
      <xs:complexType>
        <xs:choice minOccurs="0" maxOccurs="unbounded">
          <xs:element name="Fabbisogno">
            <xs:complexType>
              <xs:sequence>
                <xs:element name="Data" type="xs:string" minOccurs="0" />
                <xs:element name="Mercato" type="xs:string" minOccurs="0" />
                <xs:element name="Ora" type="xs:string" minOccurs="0" />
                <xs:element name="Italia" type="xs:string" minOccurs="0" />
                <xs:element name="CNOR" type="xs:string" minOccurs="0" />
                <xs:element name="CSUD" type="xs:string" minOccurs="0" />
                <xs:element name="NORD" type="xs:string" minOccurs="0" />
                <xs:element name="SARD" type="xs:string" minOccurs="0" />
                <xs:element name="SICI" type="xs:string" minOccurs="0" />
                <xs:element name="SUD" type="xs:string" minOccurs="0" />
              </xs:sequence>
            </xs:complexType>
          </xs:element>
        </xs:choice>
      </xs:complexType>
    </xs:element>
  </xs:schema>
  <Fabbisogno>
    <Data>20170116</Data>
    <Mercato>MGP</Mercato>
    <Ora>1</Ora>
    <Italia>25021,645</Italia>
    <CNOR>2702,816</CNOR>
    <CSUD>4173,541</CSUD>
    <NORD>13502,505</NORD>
    <SARD>846,901</SARD>
    <SICI>1637,217</SICI>
    <SUD>2158,665</SUD>
  </Fabbisogno>
  <Fabbisogno>
    <Data>20170116</Data>
    <Mercato>MGP</Mercato>
    <Ora>2</Ora>
    <Italia>22997,886</Italia>
    <CNOR>2316,74</CNOR>
    <CSUD>3779,535</CSUD>
    <NORD>12660,797</NORD>
    <SARD>788,828</SARD>
    <SICI>1477,579</SICI>
    <SUD>1974,407</SUD>
  </Fabbisogno>
  <Fabbisogno>
    <Data>20170116</Data>
    <Mercato>MGP</Mercato>
    <Ora>3</Ora>
    <Italia>22299,176</Italia>
    <CNOR>2260,431</CNOR>
    <CSUD>3607,838</CSUD>
    <NORD>12372,248</NORD>
    <SARD>762,304</SARD>
    <SICI>1391,947</SICI>
    <SUD>1904,408</SUD>
  </Fabbisogno>
  <Fabbisogno>
    <Data>20170116</Data>
    <Mercato>MGP</Mercato>
    <Ora>4</Ora>
    <Italia>22026,981</Italia>
    <CNOR>2242,101</CNOR>
    <CSUD>3418,824</CSUD>
    <NORD>12418,638</NORD>
    <SARD>767,383</SARD>
    <SICI>1360,425</SICI>
    <SUD>1819,61</SUD>
  </Fabbisogno>
  <Fabbisogno>
    <Data>20170116</Data>
    <Mercato>MGP</Mercato>
    <Ora>5</Ora>
    <Italia>22523,879</Italia>
    <CNOR>2303,455</CNOR>
    <CSUD>3608,21</CSUD>
    <NORD>12595,975</NORD>
    <SARD>780,155</SARD>
    <SICI>1369,069</SICI>
    <SUD>1867,015</SUD>
  </Fabbisogno>
  <Fabbisogno>
    <Data>20170116</Data>
    <Mercato>MGP</Mercato>
    <Ora>6</Ora>
    <Italia>24674,391</Italia>
    <CNOR>2607,67</CNOR>
    <CSUD>3858,79</CSUD>
    <NORD>13998,494</NORD>
    <SARD>807,817</SARD>
    <SICI>1448,973</SICI>
    <SUD>1952,647</SUD>
  </Fabbisogno>
  <Fabbisogno>
    <Data>20170116</Data>
    <Mercato>MGP</Mercato>
    <Ora>7</Ora>
    <Italia>30327,401</Italia>
    <CNOR>3058,604</CNOR>
    <CSUD>4517,464</CSUD>
    <NORD>17958,801</NORD>
    <SARD>888,115</SARD>
    <SICI>1652,66</SICI>
    <SUD>2251,757</SUD>
  </Fabbisogno>
  <Fabbisogno>
    <Data>20170116</Data>
    <Mercato>MGP</Mercato>
    <Ora>8</Ora>
    <Italia>37460,457</Italia>
    <CNOR>3842,527</CNOR>
    <CSUD>5706,108</CSUD>
    <NORD>22048,543</NORD>
    <SARD>1107,748</SARD>
    <SICI>2035,936</SICI>
    <SUD>2719,595</SUD>
  </Fabbisogno>
  <Fabbisogno>
    <Data>20170116</Data>
    <Mercato>MGP</Mercato>
    <Ora>9</Ora>
    <Italia>42081,725</Italia>
    <CNOR>4466,79</CNOR>
    <CSUD>6222,629</CSUD>
    <NORD>24853,108</NORD>
    <SARD>1212,077</SARD>
    <SICI>2283,22</SICI>
    <SUD>3043,901</SUD>
  </Fabbisogno>
  <Fabbisogno>
    <Data>20170116</Data>
    <Mercato>MGP</Mercato>
    <Ora>10</Ora>
    <Italia>43777,545</Italia>
    <CNOR>4756,776</CNOR>
    <CSUD>6646,384</CSUD>
    <NORD>25551,828</NORD>
    <SARD>1228,02</SARD>
    <SICI>2412,661</SICI>
    <SUD>3181,876</SUD>
  </Fabbisogno>
  <Fabbisogno>
    <Data>20170116</Data>
    <Mercato>MGP</Mercato>
    <Ora>11</Ora>
    <Italia>43399,376</Italia>
    <CNOR>4625,107</CNOR>
    <CSUD>6627,484</CSUD>
    <NORD>25441,337</NORD>
    <SARD>1190,267</SARD>
    <SICI>2393,654</SICI>
    <SUD>3121,527</SUD>
  </Fabbisogno>
  <Fabbisogno>
    <Data>20170116</Data>
    <Mercato>MGP</Mercato>
    <Ora>12</Ora>
    <Italia>42667,035</Italia>
    <CNOR>4540,939</CNOR>
    <CSUD>6519,119</CSUD>
    <NORD>25018,722</NORD>
    <SARD>1161,222</SARD>
    <SICI>2365,934</SICI>
    <SUD>3061,099</SUD>
  </Fabbisogno>
  <Fabbisogno>
    <Data>20170116</Data>
    <Mercato>MGP</Mercato>
    <Ora>13</Ora>
    <Italia>40574,026</Italia>
    <CNOR>4235,172</CNOR>
    <CSUD>6453,96</CSUD>
    <NORD>23246,4</NORD>
    <SARD>1160,387</SARD>
    <SICI>2376,146</SICI>
    <SUD>3101,961</SUD>
  </Fabbisogno>
  <Fabbisogno>
    <Data>20170116</Data>
    <Mercato>MGP</Mercato>
    <Ora>14</Ora>
    <Italia>40080,434</Italia>
    <CNOR>4078,58</CNOR>
    <CSUD>6315,098</CSUD>
    <NORD>23196,557</NORD>
    <SARD>1143,24</SARD>
    <SICI>2328,224</SICI>
    <SUD>3018,735</SUD>
  </Fabbisogno>
  <Fabbisogno>
    <Data>20170116</Data>
    <Mercato>MGP</Mercato>
    <Ora>15</Ora>
    <Italia>42237,814</Italia>
    <CNOR>4355,173</CNOR>
    <CSUD>6436,071</CSUD>
    <NORD>24906,872</NORD>
    <SARD>1148,656</SARD>
    <SICI>2379,671</SICI>
    <SUD>3011,371</SUD>
  </Fabbisogno>
  <Fabbisogno>
    <Data>20170116</Data>
    <Mercato>MGP</Mercato>
    <Ora>16</Ora>
    <Italia>43065,806</Italia>
    <CNOR>4571,381</CNOR>
    <CSUD>6606,002</CSUD>
    <NORD>25145,86</NORD>
    <SARD>1169,257</SARD>
    <SICI>2432,647</SICI>
    <SUD>3140,659</SUD>
  </Fabbisogno>
  <Fabbisogno>
    <Data>20170116</Data>
    <Mercato>MGP</Mercato>
    <Ora>17</Ora>
    <Italia>43784,138</Italia>
    <CNOR>4713,079</CNOR>
    <CSUD>6796,797</CSUD>
    <NORD>25221,783</NORD>
    <SARD>1187,889</SARD>
    <SICI>2539,671</SICI>
    <SUD>3324,919</SUD>
  </Fabbisogno>
  <Fabbisogno>
    <Data>20170116</Data>
    <Mercato>MGP</Mercato>
    <Ora>18</Ora>
    <Italia>45729,652</Italia>
    <CNOR>4987,426</CNOR>
    <CSUD>7469,839</CSUD>
    <NORD>25405,897</NORD>
    <SARD>1280,189</SARD>
    <SICI>2801,559</SICI>
    <SUD>3784,742</SUD>
  </Fabbisogno>
  <Fabbisogno>
    <Data>20170116</Data>
    <Mercato>MGP</Mercato>
    <Ora>19</Ora>
    <Italia>45249,867</Italia>
    <CNOR>4892,434</CNOR>
    <CSUD>7561,866</CSUD>
    <NORD>24756,914</NORD>
    <SARD>1331,354</SARD>
    <SICI>2879,054</SICI>
    <SUD>3828,245</SUD>
  </Fabbisogno>
  <Fabbisogno>
    <Data>20170116</Data>
    <Mercato>MGP</Mercato>
    <Ora>20</Ora>
    <Italia>44226,062</Italia>
    <CNOR>4863,431</CNOR>
    <CSUD>7760,133</CSUD>
    <NORD>23505,074</NORD>
    <SARD>1332,621</SARD>
    <SICI>2917,206</SICI>
    <SUD>3847,597</SUD>
  </Fabbisogno>
  <Fabbisogno>
    <Data>20170116</Data>
    <Mercato>MGP</Mercato>
    <Ora>21</Ora>
    <Italia>41791,966</Italia>
    <CNOR>4493,978</CNOR>
    <CSUD>7326,144</CSUD>
    <NORD>22148,485</NORD>
    <SARD>1289,333</SARD>
    <SICI>2852,515</SICI>
    <SUD>3681,511</SUD>
  </Fabbisogno>
  <Fabbisogno>
    <Data>20170116</Data>
    <Mercato>MGP</Mercato>
    <Ora>22</Ora>
    <Italia>38885,693</Italia>
    <CNOR>4170,037</CNOR>
    <CSUD>6781,13</CSUD>
    <NORD>20734,77</NORD>
    <SARD>1198,868</SARD>
    <SICI>2630,729</SICI>
    <SUD>3370,159</SUD>
  </Fabbisogno>
  <Fabbisogno>
    <Data>20170116</Data>
    <Mercato>MGP</Mercato>
    <Ora>23</Ora>
    <Italia>34766,954</Italia>
    <CNOR>3533,207</CNOR>
    <CSUD>6034,601</CSUD>
    <NORD>18760,71</NORD>
    <SARD>1084,061</SARD>
    <SICI>2345,359</SICI>
    <SUD>3009,016</SUD>
  </Fabbisogno>
  <Fabbisogno>
    <Data>20170116</Data>
    <Mercato>MGP</Mercato>
    <Ora>24</Ora>
    <Italia>31325,5</Italia>
    <CNOR>3105,724</CNOR>
    <CSUD>5192,224</CSUD>
    <NORD>17421,482</NORD>
    <SARD>952,614</SARD>
    <SICI>2034,753</SICI>
    <SUD>2618,703</SUD>
  </Fabbisogno>
</NewDataSet>