<?xml version="1.0" standalone="yes"?>
<NewDataSet>
  <xs:schema id="NewDataSet" xmlns="" xmlns:xs="http://www.w3.org/2001/XMLSchema" xmlns:msdata="urn:schemas-microsoft-com:xml-msdata">
    <xs:element name="NewDataSet" msdata:IsDataSet="true" msdata:MainDataTable="marketintervaldetail" msdata:UseCurrentLocale="true">
      <xs:complexType>
        <xs:choice minOccurs="0" maxOccurs="unbounded">
          <xs:element name="marketintervaldetail">
            <xs:complexType>
              <xs:sequence>
                <xs:element name="Data" type="xs:string" minOccurs="0" />
                <xs:element name="Mercato" type="xs:string" minOccurs="0" />
                <xs:element name="Ora" type="xs:string" minOccurs="0" />
                <xs:element name="Totale" type="xs:string" minOccurs="0" />
                <xs:element name="CNOR" type="xs:string" minOccurs="0" />
                <xs:element name="CSUD" type="xs:string" minOccurs="0" />
                <xs:element name="NORD" type="xs:string" minOccurs="0" />
                <xs:element name="SARD" type="xs:string" minOccurs="0" />
                <xs:element name="SICI" type="xs:string" minOccurs="0" />
                <xs:element name="SUD" type="xs:string" minOccurs="0" />
              </xs:sequence>
            </xs:complexType>
          </xs:element>
        </xs:choice>
      </xs:complexType>
    </xs:element>
  </xs:schema>
  <marketintervaldetail>
    <Data>20161210</Data>
    <Mercato>MGP</Mercato>
    <Ora>01</Ora>
    <Totale>27959</Totale>
    <CNOR>3165</CNOR>
    <CSUD>4426</CSUD>
    <NORD>15187</NORD>
    <SARD>861</SARD>
    <SICI>1728</SICI>
    <SUD>2592</SUD>
  </marketintervaldetail>
  <marketintervaldetail>
    <Data>20161210</Data>
    <Mercato>MGP</Mercato>
    <Ora>02</Ora>
    <Totale>25787</Totale>
    <CNOR>2912</CNOR>
    <CSUD>4002</CSUD>
    <NORD>14060</NORD>
    <SARD>812</SARD>
    <SICI>1556</SICI>
    <SUD>2445</SUD>
  </marketintervaldetail>
  <marketintervaldetail>
    <Data>20161210</Data>
    <Mercato>MGP</Mercato>
    <Ora>03</Ora>
    <Totale>24692</Totale>
    <CNOR>2821</CNOR>
    <CSUD>3776</CSUD>
    <NORD>13503</NORD>
    <SARD>783</SARD>
    <SICI>1464</SICI>
    <SUD>2345</SUD>
  </marketintervaldetail>
  <marketintervaldetail>
    <Data>20161210</Data>
    <Mercato>MGP</Mercato>
    <Ora>04</Ora>
    <Totale>24049</Totale>
    <CNOR>2741</CNOR>
    <CSUD>3631</CSUD>
    <NORD>13271</NORD>
    <SARD>770</SARD>
    <SICI>1415</SICI>
    <SUD>2221</SUD>
  </marketintervaldetail>
  <marketintervaldetail>
    <Data>20161210</Data>
    <Mercato>MGP</Mercato>
    <Ora>05</Ora>
    <Totale>23925</Totale>
    <CNOR>2654</CNOR>
    <CSUD>3602</CSUD>
    <NORD>13299</NORD>
    <SARD>759</SARD>
    <SICI>1416</SICI>
    <SUD>2195</SUD>
  </marketintervaldetail>
  <marketintervaldetail>
    <Data>20161210</Data>
    <Mercato>MGP</Mercato>
    <Ora>06</Ora>
    <Totale>24462</Totale>
    <CNOR>2656</CNOR>
    <CSUD>3675</CSUD>
    <NORD>13571</NORD>
    <SARD>788</SARD>
    <SICI>1471</SICI>
    <SUD>2301</SUD>
  </marketintervaldetail>
  <marketintervaldetail>
    <Data>20161210</Data>
    <Mercato>MGP</Mercato>
    <Ora>07</Ora>
    <Totale>26752</Totale>
    <CNOR>2914</CNOR>
    <CSUD>4065</CSUD>
    <NORD>14757</NORD>
    <SARD>861</SARD>
    <SICI>1622</SICI>
    <SUD>2533</SUD>
  </marketintervaldetail>
  <marketintervaldetail>
    <Data>20161210</Data>
    <Mercato>MGP</Mercato>
    <Ora>08</Ora>
    <Totale>30204</Totale>
    <CNOR>3276</CNOR>
    <CSUD>4571</CSUD>
    <NORD>16786</NORD>
    <SARD>973</SARD>
    <SICI>1794</SICI>
    <SUD>2804</SUD>
  </marketintervaldetail>
  <marketintervaldetail>
    <Data>20161210</Data>
    <Mercato>MGP</Mercato>
    <Ora>09</Ora>
    <Totale>33192</Totale>
    <CNOR>3567</CNOR>
    <CSUD>5087</CSUD>
    <NORD>18305</NORD>
    <SARD>1038</SARD>
    <SICI>2035</SICI>
    <SUD>3160</SUD>
  </marketintervaldetail>
  <marketintervaldetail>
    <Data>20161210</Data>
    <Mercato>MGP</Mercato>
    <Ora>10</Ora>
    <Totale>34806</Totale>
    <CNOR>3865</CNOR>
    <CSUD>5379</CSUD>
    <NORD>19077</NORD>
    <SARD>1052</SARD>
    <SICI>2107</SICI>
    <SUD>3326</SUD>
  </marketintervaldetail>
  <marketintervaldetail>
    <Data>20161210</Data>
    <Mercato>MGP</Mercato>
    <Ora>11</Ora>
    <Totale>34259</Totale>
    <CNOR>3896</CNOR>
    <CSUD>5449</CSUD>
    <NORD>18948</NORD>
    <SARD>1008</SARD>
    <SICI>1964</SICI>
    <SUD>2994</SUD>
  </marketintervaldetail>
  <marketintervaldetail>
    <Data>20161210</Data>
    <Mercato>MGP</Mercato>
    <Ora>12</Ora>
    <Totale>33073</Totale>
    <CNOR>3799</CNOR>
    <CSUD>5323</CSUD>
    <NORD>18322</NORD>
    <SARD>991</SARD>
    <SICI>1888</SICI>
    <SUD>2750</SUD>
  </marketintervaldetail>
  <marketintervaldetail>
    <Data>20161210</Data>
    <Mercato>MGP</Mercato>
    <Ora>13</Ora>
    <Totale>31480</Totale>
    <CNOR>3534</CNOR>
    <CSUD>5172</CSUD>
    <NORD>17259</NORD>
    <SARD>976</SARD>
    <SICI>1889</SICI>
    <SUD>2650</SUD>
  </marketintervaldetail>
  <marketintervaldetail>
    <Data>20161210</Data>
    <Mercato>MGP</Mercato>
    <Ora>14</Ora>
    <Totale>30612</Totale>
    <CNOR>3387</CNOR>
    <CSUD>5136</CSUD>
    <NORD>16325</NORD>
    <SARD>954</SARD>
    <SICI>1997</SICI>
    <SUD>2813</SUD>
  </marketintervaldetail>
  <marketintervaldetail>
    <Data>20161210</Data>
    <Mercato>MGP</Mercato>
    <Ora>15</Ora>
    <Totale>30439</Totale>
    <CNOR>3382</CNOR>
    <CSUD>5132</CSUD>
    <NORD>16074</NORD>
    <SARD>906</SARD>
    <SICI>2062</SICI>
    <SUD>2883</SUD>
  </marketintervaldetail>
  <marketintervaldetail>
    <Data>20161210</Data>
    <Mercato>MGP</Mercato>
    <Ora>16</Ora>
    <Totale>31013</Totale>
    <CNOR>3419</CNOR>
    <CSUD>5258</CSUD>
    <NORD>16288</NORD>
    <SARD>911</SARD>
    <SICI>2172</SICI>
    <SUD>2965</SUD>
  </marketintervaldetail>
  <marketintervaldetail>
    <Data>20161210</Data>
    <Mercato>MGP</Mercato>
    <Ora>17</Ora>
    <Totale>33242</Totale>
    <CNOR>3547</CNOR>
    <CSUD>5597</CSUD>
    <NORD>17606</NORD>
    <SARD>961</SARD>
    <SICI>2305</SICI>
    <SUD>3226</SUD>
  </marketintervaldetail>
  <marketintervaldetail>
    <Data>20161210</Data>
    <Mercato>MGP</Mercato>
    <Ora>18</Ora>
    <Totale>36561</Totale>
    <CNOR>3857</CNOR>
    <CSUD>6251</CSUD>
    <NORD>19223</NORD>
    <SARD>1072</SARD>
    <SICI>2571</SICI>
    <SUD>3587</SUD>
  </marketintervaldetail>
  <marketintervaldetail>
    <Data>20161210</Data>
    <Mercato>MGP</Mercato>
    <Ora>19</Ora>
    <Totale>37387</Totale>
    <CNOR>3949</CNOR>
    <CSUD>6317</CSUD>
    <NORD>19735</NORD>
    <SARD>1114</SARD>
    <SICI>2608</SICI>
    <SUD>3664</SUD>
  </marketintervaldetail>
  <marketintervaldetail>
    <Data>20161210</Data>
    <Mercato>MGP</Mercato>
    <Ora>20</Ora>
    <Totale>37507</Totale>
    <CNOR>3994</CNOR>
    <CSUD>6414</CSUD>
    <NORD>19674</NORD>
    <SARD>1116</SARD>
    <SICI>2647</SICI>
    <SUD>3662</SUD>
  </marketintervaldetail>
  <marketintervaldetail>
    <Data>20161210</Data>
    <Mercato>MGP</Mercato>
    <Ora>21</Ora>
    <Totale>35614</Totale>
    <CNOR>3761</CNOR>
    <CSUD>6158</CSUD>
    <NORD>18391</NORD>
    <SARD>1103</SARD>
    <SICI>2612</SICI>
    <SUD>3589</SUD>
  </marketintervaldetail>
  <marketintervaldetail>
    <Data>20161210</Data>
    <Mercato>MGP</Mercato>
    <Ora>22</Ora>
    <Totale>32944</Totale>
    <CNOR>3497</CNOR>
    <CSUD>5704</CSUD>
    <NORD>16968</NORD>
    <SARD>1030</SARD>
    <SICI>2424</SICI>
    <SUD>3321</SUD>
  </marketintervaldetail>
  <marketintervaldetail>
    <Data>20161210</Data>
    <Mercato>MGP</Mercato>
    <Ora>23</Ora>
    <Totale>30308</Totale>
    <CNOR>3344</CNOR>
    <CSUD>5239</CSUD>
    <NORD>15503</NORD>
    <SARD>958</SARD>
    <SICI>2201</SICI>
    <SUD>3063</SUD>
  </marketintervaldetail>
  <marketintervaldetail>
    <Data>20161210</Data>
    <Mercato>MGP</Mercato>
    <Ora>24</Ora>
    <Totale>27546</Totale>
    <CNOR>3097</CNOR>
    <CSUD>4718</CSUD>
    <NORD>14163</NORD>
    <SARD>877</SARD>
    <SICI>1960</SICI>
    <SUD>2731</SUD>
  </marketintervaldetail>
</NewDataSet>