<?xml version="1.0" standalone="yes"?>
<NewDataSet>
  <xs:schema id="NewDataSet" xmlns="" xmlns:xs="http://www.w3.org/2001/XMLSchema" xmlns:msdata="urn:schemas-microsoft-com:xml-msdata">
    <xs:element name="NewDataSet" msdata:IsDataSet="true" msdata:MainDataTable="marketintervaldetail" msdata:UseCurrentLocale="true">
      <xs:complexType>
        <xs:choice minOccurs="0" maxOccurs="unbounded">
          <xs:element name="marketintervaldetail">
            <xs:complexType>
              <xs:sequence>
                <xs:element name="Data" type="xs:string" minOccurs="0" />
                <xs:element name="Mercato" type="xs:string" minOccurs="0" />
                <xs:element name="Ora" type="xs:string" minOccurs="0" />
                <xs:element name="Totale" type="xs:string" minOccurs="0" />
                <xs:element name="CNOR" type="xs:string" minOccurs="0" />
                <xs:element name="CSUD" type="xs:string" minOccurs="0" />
                <xs:element name="NORD" type="xs:string" minOccurs="0" />
                <xs:element name="SARD" type="xs:string" minOccurs="0" />
                <xs:element name="SICI" type="xs:string" minOccurs="0" />
                <xs:element name="SUD" type="xs:string" minOccurs="0" />
              </xs:sequence>
            </xs:complexType>
          </xs:element>
        </xs:choice>
      </xs:complexType>
    </xs:element>
  </xs:schema>
  <marketintervaldetail>
    <Data>20161224</Data>
    <Mercato>MGP</Mercato>
    <Ora>01</Ora>
    <Totale>24837</Totale>
    <CNOR>2737</CNOR>
    <CSUD>4572</CSUD>
    <NORD>12417</NORD>
    <SARD>849</SARD>
    <SICI>1781</SICI>
    <SUD>2481</SUD>
  </marketintervaldetail>
  <marketintervaldetail>
    <Data>20161224</Data>
    <Mercato>MGP</Mercato>
    <Ora>02</Ora>
    <Totale>22855</Totale>
    <CNOR>2485</CNOR>
    <CSUD>3872</CSUD>
    <NORD>11906</NORD>
    <SARD>818</SARD>
    <SICI>1659</SICI>
    <SUD>2115</SUD>
  </marketintervaldetail>
  <marketintervaldetail>
    <Data>20161224</Data>
    <Mercato>MGP</Mercato>
    <Ora>03</Ora>
    <Totale>21771</Totale>
    <CNOR>2254</CNOR>
    <CSUD>3665</CSUD>
    <NORD>11616</NORD>
    <SARD>784</SARD>
    <SICI>1509</SICI>
    <SUD>1943</SUD>
  </marketintervaldetail>
  <marketintervaldetail>
    <Data>20161224</Data>
    <Mercato>MGP</Mercato>
    <Ora>04</Ora>
    <Totale>20741</Totale>
    <CNOR>2113</CNOR>
    <CSUD>3449</CSUD>
    <NORD>11065</NORD>
    <SARD>763</SARD>
    <SICI>1436</SICI>
    <SUD>1915</SUD>
  </marketintervaldetail>
  <marketintervaldetail>
    <Data>20161224</Data>
    <Mercato>MGP</Mercato>
    <Ora>05</Ora>
    <Totale>20669</Totale>
    <CNOR>2141</CNOR>
    <CSUD>3402</CSUD>
    <NORD>11005</NORD>
    <SARD>749</SARD>
    <SICI>1471</SICI>
    <SUD>1901</SUD>
  </marketintervaldetail>
  <marketintervaldetail>
    <Data>20161224</Data>
    <Mercato>MGP</Mercato>
    <Ora>06</Ora>
    <Totale>21650</Totale>
    <CNOR>2244</CNOR>
    <CSUD>3662</CSUD>
    <NORD>11463</NORD>
    <SARD>765</SARD>
    <SICI>1509</SICI>
    <SUD>2007</SUD>
  </marketintervaldetail>
  <marketintervaldetail>
    <Data>20161224</Data>
    <Mercato>MGP</Mercato>
    <Ora>07</Ora>
    <Totale>23719</Totale>
    <CNOR>2524</CNOR>
    <CSUD>4014</CSUD>
    <NORD>12468</NORD>
    <SARD>844</SARD>
    <SICI>1711</SICI>
    <SUD>2158</SUD>
  </marketintervaldetail>
  <marketintervaldetail>
    <Data>20161224</Data>
    <Mercato>MGP</Mercato>
    <Ora>08</Ora>
    <Totale>26158</Totale>
    <CNOR>2644</CNOR>
    <CSUD>4361</CSUD>
    <NORD>13928</NORD>
    <SARD>914</SARD>
    <SICI>1809</SICI>
    <SUD>2502</SUD>
  </marketintervaldetail>
  <marketintervaldetail>
    <Data>20161224</Data>
    <Mercato>MGP</Mercato>
    <Ora>09</Ora>
    <Totale>28463</Totale>
    <CNOR>2792</CNOR>
    <CSUD>4813</CSUD>
    <NORD>14964</NORD>
    <SARD>999</SARD>
    <SICI>2029</SICI>
    <SUD>2866</SUD>
  </marketintervaldetail>
  <marketintervaldetail>
    <Data>20161224</Data>
    <Mercato>MGP</Mercato>
    <Ora>10</Ora>
    <Totale>30243</Totale>
    <CNOR>3029</CNOR>
    <CSUD>5371</CSUD>
    <NORD>15386</NORD>
    <SARD>1029</SARD>
    <SICI>2245</SICI>
    <SUD>3183</SUD>
  </marketintervaldetail>
  <marketintervaldetail>
    <Data>20161224</Data>
    <Mercato>MGP</Mercato>
    <Ora>11</Ora>
    <Totale>30238</Totale>
    <CNOR>3078</CNOR>
    <CSUD>5417</CSUD>
    <NORD>15690</NORD>
    <SARD>984</SARD>
    <SICI>2156</SICI>
    <SUD>2913</SUD>
  </marketintervaldetail>
  <marketintervaldetail>
    <Data>20161224</Data>
    <Mercato>MGP</Mercato>
    <Ora>12</Ora>
    <Totale>28988</Totale>
    <CNOR>3085</CNOR>
    <CSUD>5087</CSUD>
    <NORD>15295</NORD>
    <SARD>967</SARD>
    <SICI>1947</SICI>
    <SUD>2607</SUD>
  </marketintervaldetail>
  <marketintervaldetail>
    <Data>20161224</Data>
    <Mercato>MGP</Mercato>
    <Ora>13</Ora>
    <Totale>28354</Totale>
    <CNOR>3000</CNOR>
    <CSUD>4732</CSUD>
    <NORD>15088</NORD>
    <SARD>999</SARD>
    <SICI>1989</SICI>
    <SUD>2546</SUD>
  </marketintervaldetail>
  <marketintervaldetail>
    <Data>20161224</Data>
    <Mercato>MGP</Mercato>
    <Ora>14</Ora>
    <Totale>27754</Totale>
    <CNOR>2896</CNOR>
    <CSUD>4667</CSUD>
    <NORD>14839</NORD>
    <SARD>989</SARD>
    <SICI>1881</SICI>
    <SUD>2482</SUD>
  </marketintervaldetail>
  <marketintervaldetail>
    <Data>20161224</Data>
    <Mercato>MGP</Mercato>
    <Ora>15</Ora>
    <Totale>27434</Totale>
    <CNOR>2746</CNOR>
    <CSUD>4717</CSUD>
    <NORD>14588</NORD>
    <SARD>960</SARD>
    <SICI>1990</SICI>
    <SUD>2433</SUD>
  </marketintervaldetail>
  <marketintervaldetail>
    <Data>20161224</Data>
    <Mercato>MGP</Mercato>
    <Ora>16</Ora>
    <Totale>27683</Totale>
    <CNOR>2784</CNOR>
    <CSUD>4860</CSUD>
    <NORD>14539</NORD>
    <SARD>965</SARD>
    <SICI>2049</SICI>
    <SUD>2486</SUD>
  </marketintervaldetail>
  <marketintervaldetail>
    <Data>20161224</Data>
    <Mercato>MGP</Mercato>
    <Ora>17</Ora>
    <Totale>28777</Totale>
    <CNOR>2971</CNOR>
    <CSUD>5124</CSUD>
    <NORD>14732</NORD>
    <SARD>1003</SARD>
    <SICI>2174</SICI>
    <SUD>2773</SUD>
  </marketintervaldetail>
  <marketintervaldetail>
    <Data>20161224</Data>
    <Mercato>MGP</Mercato>
    <Ora>18</Ora>
    <Totale>32362</Totale>
    <CNOR>3409</CNOR>
    <CSUD>5842</CSUD>
    <NORD>16198</NORD>
    <SARD>1101</SARD>
    <SICI>2555</SICI>
    <SUD>3257</SUD>
  </marketintervaldetail>
  <marketintervaldetail>
    <Data>20161224</Data>
    <Mercato>MGP</Mercato>
    <Ora>19</Ora>
    <Totale>33890</Totale>
    <CNOR>3575</CNOR>
    <CSUD>6072</CSUD>
    <NORD>17062</NORD>
    <SARD>1142</SARD>
    <SICI>2628</SICI>
    <SUD>3411</SUD>
  </marketintervaldetail>
  <marketintervaldetail>
    <Data>20161224</Data>
    <Mercato>MGP</Mercato>
    <Ora>20</Ora>
    <Totale>33515</Totale>
    <CNOR>3578</CNOR>
    <CSUD>5928</CSUD>
    <NORD>17017</NORD>
    <SARD>1137</SARD>
    <SICI>2583</SICI>
    <SUD>3272</SUD>
  </marketintervaldetail>
  <marketintervaldetail>
    <Data>20161224</Data>
    <Mercato>MGP</Mercato>
    <Ora>21</Ora>
    <Totale>30999</Totale>
    <CNOR>3286</CNOR>
    <CSUD>5448</CSUD>
    <NORD>15612</NORD>
    <SARD>1106</SARD>
    <SICI>2454</SICI>
    <SUD>3093</SUD>
  </marketintervaldetail>
  <marketintervaldetail>
    <Data>20161224</Data>
    <Mercato>MGP</Mercato>
    <Ora>22</Ora>
    <Totale>28619</Totale>
    <CNOR>3041</CNOR>
    <CSUD>5027</CSUD>
    <NORD>14553</NORD>
    <SARD>1020</SARD>
    <SICI>2159</SICI>
    <SUD>2819</SUD>
  </marketintervaldetail>
  <marketintervaldetail>
    <Data>20161224</Data>
    <Mercato>MGP</Mercato>
    <Ora>23</Ora>
    <Totale>26903</Totale>
    <CNOR>2841</CNOR>
    <CSUD>4771</CSUD>
    <NORD>13650</NORD>
    <SARD>965</SARD>
    <SICI>1977</SICI>
    <SUD>2699</SUD>
  </marketintervaldetail>
  <marketintervaldetail>
    <Data>20161224</Data>
    <Mercato>MGP</Mercato>
    <Ora>24</Ora>
    <Totale>25005</Totale>
    <CNOR>2636</CNOR>
    <CSUD>4559</CSUD>
    <NORD>12418</NORD>
    <SARD>920</SARD>
    <SICI>1940</SICI>
    <SUD>2532</SUD>
  </marketintervaldetail>
</NewDataSet>