<?xml version="1.0" standalone="yes"?>
<NewDataSet>
  <xs:schema id="NewDataSet" xmlns="" xmlns:xs="http://www.w3.org/2001/XMLSchema" xmlns:msdata="urn:schemas-microsoft-com:xml-msdata">
    <xs:element name="NewDataSet" msdata:IsDataSet="true" msdata:MainDataTable="marketintervaldetail" msdata:UseCurrentLocale="true">
      <xs:complexType>
        <xs:choice minOccurs="0" maxOccurs="unbounded">
          <xs:element name="marketintervaldetail">
            <xs:complexType>
              <xs:sequence>
                <xs:element name="Data" type="xs:string" minOccurs="0" />
                <xs:element name="Mercato" type="xs:string" minOccurs="0" />
                <xs:element name="Ora" type="xs:string" minOccurs="0" />
                <xs:element name="Totale" type="xs:string" minOccurs="0" />
                <xs:element name="CNOR" type="xs:string" minOccurs="0" />
                <xs:element name="CSUD" type="xs:string" minOccurs="0" />
                <xs:element name="NORD" type="xs:string" minOccurs="0" />
                <xs:element name="SARD" type="xs:string" minOccurs="0" />
                <xs:element name="SICI" type="xs:string" minOccurs="0" />
                <xs:element name="SUD" type="xs:string" minOccurs="0" />
              </xs:sequence>
            </xs:complexType>
          </xs:element>
        </xs:choice>
      </xs:complexType>
    </xs:element>
  </xs:schema>
  <marketintervaldetail>
    <Data>20161230</Data>
    <Mercato>MGP</Mercato>
    <Ora>01</Ora>
    <Totale>23903</Totale>
    <CNOR>2704</CNOR>
    <CSUD>4254</CSUD>
    <NORD>11789</NORD>
    <SARD>900</SARD>
    <SICI>1744</SICI>
    <SUD>2512</SUD>
  </marketintervaldetail>
  <marketintervaldetail>
    <Data>20161230</Data>
    <Mercato>MGP</Mercato>
    <Ora>02</Ora>
    <Totale>21965</Totale>
    <CNOR>2556</CNOR>
    <CSUD>3915</CSUD>
    <NORD>10800</NORD>
    <SARD>827</SARD>
    <SICI>1598</SICI>
    <SUD>2269</SUD>
  </marketintervaldetail>
  <marketintervaldetail>
    <Data>20161230</Data>
    <Mercato>MGP</Mercato>
    <Ora>03</Ora>
    <Totale>20992</Totale>
    <CNOR>2478</CNOR>
    <CSUD>3688</CSUD>
    <NORD>10454</NORD>
    <SARD>791</SARD>
    <SICI>1518</SICI>
    <SUD>2063</SUD>
  </marketintervaldetail>
  <marketintervaldetail>
    <Data>20161230</Data>
    <Mercato>MGP</Mercato>
    <Ora>04</Ora>
    <Totale>20626</Totale>
    <CNOR>2388</CNOR>
    <CSUD>3639</CSUD>
    <NORD>10392</NORD>
    <SARD>777</SARD>
    <SICI>1410</SICI>
    <SUD>2020</SUD>
  </marketintervaldetail>
  <marketintervaldetail>
    <Data>20161230</Data>
    <Mercato>MGP</Mercato>
    <Ora>05</Ora>
    <Totale>20619</Totale>
    <CNOR>2398</CNOR>
    <CSUD>3574</CSUD>
    <NORD>10446</NORD>
    <SARD>781</SARD>
    <SICI>1369</SICI>
    <SUD>2051</SUD>
  </marketintervaldetail>
  <marketintervaldetail>
    <Data>20161230</Data>
    <Mercato>MGP</Mercato>
    <Ora>06</Ora>
    <Totale>21620</Totale>
    <CNOR>2469</CNOR>
    <CSUD>3836</CSUD>
    <NORD>10982</NORD>
    <SARD>803</SARD>
    <SICI>1465</SICI>
    <SUD>2065</SUD>
  </marketintervaldetail>
  <marketintervaldetail>
    <Data>20161230</Data>
    <Mercato>MGP</Mercato>
    <Ora>07</Ora>
    <Totale>24897</Totale>
    <CNOR>2847</CNOR>
    <CSUD>4356</CSUD>
    <NORD>12698</NORD>
    <SARD>886</SARD>
    <SICI>1602</SICI>
    <SUD>2508</SUD>
  </marketintervaldetail>
  <marketintervaldetail>
    <Data>20161230</Data>
    <Mercato>MGP</Mercato>
    <Ora>08</Ora>
    <Totale>28855</Totale>
    <CNOR>3269</CNOR>
    <CSUD>4866</CSUD>
    <NORD>15206</NORD>
    <SARD>1018</SARD>
    <SICI>1804</SICI>
    <SUD>2692</SUD>
  </marketintervaldetail>
  <marketintervaldetail>
    <Data>20161230</Data>
    <Mercato>MGP</Mercato>
    <Ora>09</Ora>
    <Totale>32502</Totale>
    <CNOR>3580</CNOR>
    <CSUD>5554</CSUD>
    <NORD>17038</NORD>
    <SARD>1057</SARD>
    <SICI>2110</SICI>
    <SUD>3163</SUD>
  </marketintervaldetail>
  <marketintervaldetail>
    <Data>20161230</Data>
    <Mercato>MGP</Mercato>
    <Ora>10</Ora>
    <Totale>34513</Totale>
    <CNOR>3806</CNOR>
    <CSUD>6079</CSUD>
    <NORD>17925</NORD>
    <SARD>1095</SARD>
    <SICI>2284</SICI>
    <SUD>3324</SUD>
  </marketintervaldetail>
  <marketintervaldetail>
    <Data>20161230</Data>
    <Mercato>MGP</Mercato>
    <Ora>11</Ora>
    <Totale>34272</Totale>
    <CNOR>3836</CNOR>
    <CSUD>6117</CSUD>
    <NORD>17789</NORD>
    <SARD>1094</SARD>
    <SICI>2135</SICI>
    <SUD>3301</SUD>
  </marketintervaldetail>
  <marketintervaldetail>
    <Data>20161230</Data>
    <Mercato>MGP</Mercato>
    <Ora>12</Ora>
    <Totale>33449</Totale>
    <CNOR>3818</CNOR>
    <CSUD>6035</CSUD>
    <NORD>17305</NORD>
    <SARD>1084</SARD>
    <SICI>2018</SICI>
    <SUD>3189</SUD>
  </marketintervaldetail>
  <marketintervaldetail>
    <Data>20161230</Data>
    <Mercato>MGP</Mercato>
    <Ora>13</Ora>
    <Totale>32564</Totale>
    <CNOR>3547</CNOR>
    <CSUD>6045</CSUD>
    <NORD>16963</NORD>
    <SARD>1067</SARD>
    <SICI>1894</SICI>
    <SUD>3048</SUD>
  </marketintervaldetail>
  <marketintervaldetail>
    <Data>20161230</Data>
    <Mercato>MGP</Mercato>
    <Ora>14</Ora>
    <Totale>31341</Totale>
    <CNOR>3382</CNOR>
    <CSUD>5895</CSUD>
    <NORD>16427</NORD>
    <SARD>1025</SARD>
    <SICI>1892</SICI>
    <SUD>2720</SUD>
  </marketintervaldetail>
  <marketintervaldetail>
    <Data>20161230</Data>
    <Mercato>MGP</Mercato>
    <Ora>15</Ora>
    <Totale>30302</Totale>
    <CNOR>3269</CNOR>
    <CSUD>5617</CSUD>
    <NORD>15829</NORD>
    <SARD>1063</SARD>
    <SICI>1930</SICI>
    <SUD>2594</SUD>
  </marketintervaldetail>
  <marketintervaldetail>
    <Data>20161230</Data>
    <Mercato>MGP</Mercato>
    <Ora>16</Ora>
    <Totale>30872</Totale>
    <CNOR>3358</CNOR>
    <CSUD>5818</CSUD>
    <NORD>16010</NORD>
    <SARD>1082</SARD>
    <SICI>2036</SICI>
    <SUD>2568</SUD>
  </marketintervaldetail>
  <marketintervaldetail>
    <Data>20161230</Data>
    <Mercato>MGP</Mercato>
    <Ora>17</Ora>
    <Totale>32360</Totale>
    <CNOR>3717</CNOR>
    <CSUD>5955</CSUD>
    <NORD>16269</NORD>
    <SARD>1082</SARD>
    <SICI>2263</SICI>
    <SUD>3074</SUD>
  </marketintervaldetail>
  <marketintervaldetail>
    <Data>20161230</Data>
    <Mercato>MGP</Mercato>
    <Ora>18</Ora>
    <Totale>36550</Totale>
    <CNOR>4061</CNOR>
    <CSUD>6664</CSUD>
    <NORD>18379</NORD>
    <SARD>1183</SARD>
    <SICI>2531</SICI>
    <SUD>3732</SUD>
  </marketintervaldetail>
  <marketintervaldetail>
    <Data>20161230</Data>
    <Mercato>MGP</Mercato>
    <Ora>19</Ora>
    <Totale>37796</Totale>
    <CNOR>4177</CNOR>
    <CSUD>6853</CSUD>
    <NORD>19107</NORD>
    <SARD>1251</SARD>
    <SICI>2687</SICI>
    <SUD>3721</SUD>
  </marketintervaldetail>
  <marketintervaldetail>
    <Data>20161230</Data>
    <Mercato>MGP</Mercato>
    <Ora>20</Ora>
    <Totale>37439</Totale>
    <CNOR>4133</CNOR>
    <CSUD>6909</CSUD>
    <NORD>18743</NORD>
    <SARD>1251</SARD>
    <SICI>2783</SICI>
    <SUD>3620</SUD>
  </marketintervaldetail>
  <marketintervaldetail>
    <Data>20161230</Data>
    <Mercato>MGP</Mercato>
    <Ora>21</Ora>
    <Totale>35564</Totale>
    <CNOR>3807</CNOR>
    <CSUD>6606</CSUD>
    <NORD>17713</NORD>
    <SARD>1226</SARD>
    <SICI>2715</SICI>
    <SUD>3497</SUD>
  </marketintervaldetail>
  <marketintervaldetail>
    <Data>20161230</Data>
    <Mercato>MGP</Mercato>
    <Ora>22</Ora>
    <Totale>33344</Totale>
    <CNOR>3499</CNOR>
    <CSUD>6158</CSUD>
    <NORD>16638</NORD>
    <SARD>1165</SARD>
    <SICI>2588</SICI>
    <SUD>3296</SUD>
  </marketintervaldetail>
  <marketintervaldetail>
    <Data>20161230</Data>
    <Mercato>MGP</Mercato>
    <Ora>23</Ora>
    <Totale>30238</Totale>
    <CNOR>3142</CNOR>
    <CSUD>5665</CSUD>
    <NORD>14836</NORD>
    <SARD>1105</SARD>
    <SICI>2498</SICI>
    <SUD>2992</SUD>
  </marketintervaldetail>
  <marketintervaldetail>
    <Data>20161230</Data>
    <Mercato>MGP</Mercato>
    <Ora>24</Ora>
    <Totale>27030</Totale>
    <CNOR>2815</CNOR>
    <CSUD>4974</CSUD>
    <NORD>13520</NORD>
    <SARD>1004</SARD>
    <SICI>2147</SICI>
    <SUD>2570</SUD>
  </marketintervaldetail>
</NewDataSet>