<?xml version="1.0" standalone="yes"?>
<NewDataSet>
  <xs:schema id="NewDataSet" xmlns="" xmlns:xs="http://www.w3.org/2001/XMLSchema" xmlns:msdata="urn:schemas-microsoft-com:xml-msdata">
    <xs:element name="NewDataSet" msdata:IsDataSet="true" msdata:MainDataTable="marketintervaldetail" msdata:UseCurrentLocale="true">
      <xs:complexType>
        <xs:choice minOccurs="0" maxOccurs="unbounded">
          <xs:element name="marketintervaldetail">
            <xs:complexType>
              <xs:sequence>
                <xs:element name="Data" type="xs:string" minOccurs="0" />
                <xs:element name="Mercato" type="xs:string" minOccurs="0" />
                <xs:element name="Ora" type="xs:string" minOccurs="0" />
                <xs:element name="Totale" type="xs:string" minOccurs="0" />
                <xs:element name="CNOR" type="xs:string" minOccurs="0" />
                <xs:element name="CSUD" type="xs:string" minOccurs="0" />
                <xs:element name="NORD" type="xs:string" minOccurs="0" />
                <xs:element name="SARD" type="xs:string" minOccurs="0" />
                <xs:element name="SICI" type="xs:string" minOccurs="0" />
                <xs:element name="SUD" type="xs:string" minOccurs="0" />
              </xs:sequence>
            </xs:complexType>
          </xs:element>
        </xs:choice>
      </xs:complexType>
    </xs:element>
  </xs:schema>
  <marketintervaldetail>
    <Data>20161207</Data>
    <Mercato>MGP</Mercato>
    <Ora>01</Ora>
    <Totale>28565</Totale>
    <CNOR>3122</CNOR>
    <CSUD>4661</CSUD>
    <NORD>15819</NORD>
    <SARD>808</SARD>
    <SICI>1634</SICI>
    <SUD>2521</SUD>
  </marketintervaldetail>
  <marketintervaldetail>
    <Data>20161207</Data>
    <Mercato>MGP</Mercato>
    <Ora>02</Ora>
    <Totale>26464</Totale>
    <CNOR>2869</CNOR>
    <CSUD>4209</CSUD>
    <NORD>14776</NORD>
    <SARD>751</SARD>
    <SICI>1492</SICI>
    <SUD>2367</SUD>
  </marketintervaldetail>
  <marketintervaldetail>
    <Data>20161207</Data>
    <Mercato>MGP</Mercato>
    <Ora>03</Ora>
    <Totale>25250</Totale>
    <CNOR>2737</CNOR>
    <CSUD>3960</CSUD>
    <NORD>14145</NORD>
    <SARD>704</SARD>
    <SICI>1414</SICI>
    <SUD>2290</SUD>
  </marketintervaldetail>
  <marketintervaldetail>
    <Data>20161207</Data>
    <Mercato>MGP</Mercato>
    <Ora>04</Ora>
    <Totale>24871</Totale>
    <CNOR>2623</CNOR>
    <CSUD>3896</CSUD>
    <NORD>14080</NORD>
    <SARD>669</SARD>
    <SICI>1369</SICI>
    <SUD>2234</SUD>
  </marketintervaldetail>
  <marketintervaldetail>
    <Data>20161207</Data>
    <Mercato>MGP</Mercato>
    <Ora>05</Ora>
    <Totale>24835</Totale>
    <CNOR>2490</CNOR>
    <CSUD>3894</CSUD>
    <NORD>14143</NORD>
    <SARD>672</SARD>
    <SICI>1358</SICI>
    <SUD>2278</SUD>
  </marketintervaldetail>
  <marketintervaldetail>
    <Data>20161207</Data>
    <Mercato>MGP</Mercato>
    <Ora>06</Ora>
    <Totale>26439</Totale>
    <CNOR>2749</CNOR>
    <CSUD>4113</CSUD>
    <NORD>15029</NORD>
    <SARD>696</SARD>
    <SICI>1436</SICI>
    <SUD>2416</SUD>
  </marketintervaldetail>
  <marketintervaldetail>
    <Data>20161207</Data>
    <Mercato>MGP</Mercato>
    <Ora>07</Ora>
    <Totale>31686</Totale>
    <CNOR>3398</CNOR>
    <CSUD>4862</CSUD>
    <NORD>18310</NORD>
    <SARD>790</SARD>
    <SICI>1616</SICI>
    <SUD>2710</SUD>
  </marketintervaldetail>
  <marketintervaldetail>
    <Data>20161207</Data>
    <Mercato>MGP</Mercato>
    <Ora>08</Ora>
    <Totale>38259</Totale>
    <CNOR>4179</CNOR>
    <CSUD>5758</CSUD>
    <NORD>22402</NORD>
    <SARD>924</SARD>
    <SICI>1850</SICI>
    <SUD>3146</SUD>
  </marketintervaldetail>
  <marketintervaldetail>
    <Data>20161207</Data>
    <Mercato>MGP</Mercato>
    <Ora>09</Ora>
    <Totale>42262</Totale>
    <CNOR>4637</CNOR>
    <CSUD>6284</CSUD>
    <NORD>24810</NORD>
    <SARD>1005</SARD>
    <SICI>2091</SICI>
    <SUD>3435</SUD>
  </marketintervaldetail>
  <marketintervaldetail>
    <Data>20161207</Data>
    <Mercato>MGP</Mercato>
    <Ora>10</Ora>
    <Totale>44580</Totale>
    <CNOR>5007</CNOR>
    <CSUD>6699</CSUD>
    <NORD>25911</NORD>
    <SARD>1038</SARD>
    <SICI>2225</SICI>
    <SUD>3700</SUD>
  </marketintervaldetail>
  <marketintervaldetail>
    <Data>20161207</Data>
    <Mercato>MGP</Mercato>
    <Ora>11</Ora>
    <Totale>43764</Totale>
    <CNOR>4901</CNOR>
    <CSUD>6752</CSUD>
    <NORD>25572</NORD>
    <SARD>1064</SARD>
    <SICI>2133</SICI>
    <SUD>3342</SUD>
  </marketintervaldetail>
  <marketintervaldetail>
    <Data>20161207</Data>
    <Mercato>MGP</Mercato>
    <Ora>12</Ora>
    <Totale>43301</Totale>
    <CNOR>4966</CNOR>
    <CSUD>6583</CSUD>
    <NORD>25273</NORD>
    <SARD>1044</SARD>
    <SICI>2131</SICI>
    <SUD>3304</SUD>
  </marketintervaldetail>
  <marketintervaldetail>
    <Data>20161207</Data>
    <Mercato>MGP</Mercato>
    <Ora>13</Ora>
    <Totale>40356</Totale>
    <CNOR>4444</CNOR>
    <CSUD>6295</CSUD>
    <NORD>23050</NORD>
    <SARD>969</SARD>
    <SICI>2146</SICI>
    <SUD>3452</SUD>
  </marketintervaldetail>
  <marketintervaldetail>
    <Data>20161207</Data>
    <Mercato>MGP</Mercato>
    <Ora>14</Ora>
    <Totale>39246</Totale>
    <CNOR>4163</CNOR>
    <CSUD>6219</CSUD>
    <NORD>22533</NORD>
    <SARD>930</SARD>
    <SICI>2101</SICI>
    <SUD>3300</SUD>
  </marketintervaldetail>
  <marketintervaldetail>
    <Data>20161207</Data>
    <Mercato>MGP</Mercato>
    <Ora>15</Ora>
    <Totale>40654</Totale>
    <CNOR>4702</CNOR>
    <CSUD>6266</CSUD>
    <NORD>23192</NORD>
    <SARD>959</SARD>
    <SICI>2142</SICI>
    <SUD>3393</SUD>
  </marketintervaldetail>
  <marketintervaldetail>
    <Data>20161207</Data>
    <Mercato>MGP</Mercato>
    <Ora>16</Ora>
    <Totale>41946</Totale>
    <CNOR>5014</CNOR>
    <CSUD>6396</CSUD>
    <NORD>23751</NORD>
    <SARD>973</SARD>
    <SICI>2310</SICI>
    <SUD>3502</SUD>
  </marketintervaldetail>
  <marketintervaldetail>
    <Data>20161207</Data>
    <Mercato>MGP</Mercato>
    <Ora>17</Ora>
    <Totale>42713</Totale>
    <CNOR>5110</CNOR>
    <CSUD>6491</CSUD>
    <NORD>24246</NORD>
    <SARD>1014</SARD>
    <SICI>2360</SICI>
    <SUD>3492</SUD>
  </marketintervaldetail>
  <marketintervaldetail>
    <Data>20161207</Data>
    <Mercato>MGP</Mercato>
    <Ora>18</Ora>
    <Totale>45772</Totale>
    <CNOR>5042</CNOR>
    <CSUD>7218</CSUD>
    <NORD>26007</NORD>
    <SARD>1075</SARD>
    <SICI>2511</SICI>
    <SUD>3919</SUD>
  </marketintervaldetail>
  <marketintervaldetail>
    <Data>20161207</Data>
    <Mercato>MGP</Mercato>
    <Ora>19</Ora>
    <Totale>45435</Totale>
    <CNOR>4895</CNOR>
    <CSUD>7220</CSUD>
    <NORD>25565</NORD>
    <SARD>1106</SARD>
    <SICI>2626</SICI>
    <SUD>4023</SUD>
  </marketintervaldetail>
  <marketintervaldetail>
    <Data>20161207</Data>
    <Mercato>MGP</Mercato>
    <Ora>20</Ora>
    <Totale>43875</Totale>
    <CNOR>4689</CNOR>
    <CSUD>7199</CSUD>
    <NORD>24319</NORD>
    <SARD>1103</SARD>
    <SICI>2648</SICI>
    <SUD>3917</SUD>
  </marketintervaldetail>
  <marketintervaldetail>
    <Data>20161207</Data>
    <Mercato>MGP</Mercato>
    <Ora>21</Ora>
    <Totale>41134</Totale>
    <CNOR>4339</CNOR>
    <CSUD>6917</CSUD>
    <NORD>22356</NORD>
    <SARD>1100</SARD>
    <SICI>2570</SICI>
    <SUD>3852</SUD>
  </marketintervaldetail>
  <marketintervaldetail>
    <Data>20161207</Data>
    <Mercato>MGP</Mercato>
    <Ora>22</Ora>
    <Totale>37888</Totale>
    <CNOR>4008</CNOR>
    <CSUD>6320</CSUD>
    <NORD>20617</NORD>
    <SARD>1014</SARD>
    <SICI>2369</SICI>
    <SUD>3560</SUD>
  </marketintervaldetail>
  <marketintervaldetail>
    <Data>20161207</Data>
    <Mercato>MGP</Mercato>
    <Ora>23</Ora>
    <Totale>34172</Totale>
    <CNOR>3732</CNOR>
    <CSUD>5745</CSUD>
    <NORD>18364</NORD>
    <SARD>919</SARD>
    <SICI>2169</SICI>
    <SUD>3243</SUD>
  </marketintervaldetail>
  <marketintervaldetail>
    <Data>20161207</Data>
    <Mercato>MGP</Mercato>
    <Ora>24</Ora>
    <Totale>30615</Totale>
    <CNOR>3403</CNOR>
    <CSUD>5136</CSUD>
    <NORD>16552</NORD>
    <SARD>822</SARD>
    <SICI>1841</SICI>
    <SUD>2861</SUD>
  </marketintervaldetail>
</NewDataSet>