<?xml version="1.0" standalone="yes"?>
<NewDataSet>
  <xs:schema id="NewDataSet" xmlns="" xmlns:xs="http://www.w3.org/2001/XMLSchema" xmlns:msdata="urn:schemas-microsoft-com:xml-msdata">
    <xs:element name="NewDataSet" msdata:IsDataSet="true" msdata:MainDataTable="marketintervaldetail" msdata:UseCurrentLocale="true">
      <xs:complexType>
        <xs:choice minOccurs="0" maxOccurs="unbounded">
          <xs:element name="marketintervaldetail">
            <xs:complexType>
              <xs:sequence>
                <xs:element name="Data" type="xs:string" minOccurs="0" />
                <xs:element name="Mercato" type="xs:string" minOccurs="0" />
                <xs:element name="Ora" type="xs:string" minOccurs="0" />
                <xs:element name="Totale" type="xs:string" minOccurs="0" />
                <xs:element name="CNOR" type="xs:string" minOccurs="0" />
                <xs:element name="CSUD" type="xs:string" minOccurs="0" />
                <xs:element name="NORD" type="xs:string" minOccurs="0" />
                <xs:element name="SARD" type="xs:string" minOccurs="0" />
                <xs:element name="SICI" type="xs:string" minOccurs="0" />
                <xs:element name="SUD" type="xs:string" minOccurs="0" />
              </xs:sequence>
            </xs:complexType>
          </xs:element>
        </xs:choice>
      </xs:complexType>
    </xs:element>
  </xs:schema>
  <marketintervaldetail>
    <Data>20161204</Data>
    <Mercato>MGP</Mercato>
    <Ora>01</Ora>
    <Totale>24386</Totale>
    <CNOR>2591</CNOR>
    <CSUD>4021</CSUD>
    <NORD>12892</NORD>
    <SARD>852</SARD>
    <SICI>1649</SICI>
    <SUD>2381</SUD>
  </marketintervaldetail>
  <marketintervaldetail>
    <Data>20161204</Data>
    <Mercato>MGP</Mercato>
    <Ora>02</Ora>
    <Totale>22551</Totale>
    <CNOR>2334</CNOR>
    <CSUD>3837</CSUD>
    <NORD>11971</NORD>
    <SARD>796</SARD>
    <SICI>1536</SICI>
    <SUD>2077</SUD>
  </marketintervaldetail>
  <marketintervaldetail>
    <Data>20161204</Data>
    <Mercato>MGP</Mercato>
    <Ora>03</Ora>
    <Totale>21320</Totale>
    <CNOR>2125</CNOR>
    <CSUD>3638</CSUD>
    <NORD>11406</NORD>
    <SARD>771</SARD>
    <SICI>1447</SICI>
    <SUD>1933</SUD>
  </marketintervaldetail>
  <marketintervaldetail>
    <Data>20161204</Data>
    <Mercato>MGP</Mercato>
    <Ora>04</Ora>
    <Totale>20652</Totale>
    <CNOR>2042</CNOR>
    <CSUD>3405</CSUD>
    <NORD>11085</NORD>
    <SARD>756</SARD>
    <SICI>1417</SICI>
    <SUD>1947</SUD>
  </marketintervaldetail>
  <marketintervaldetail>
    <Data>20161204</Data>
    <Mercato>MGP</Mercato>
    <Ora>05</Ora>
    <Totale>20413</Totale>
    <CNOR>2143</CNOR>
    <CSUD>3277</CSUD>
    <NORD>10936</NORD>
    <SARD>751</SARD>
    <SICI>1355</SICI>
    <SUD>1951</SUD>
  </marketintervaldetail>
  <marketintervaldetail>
    <Data>20161204</Data>
    <Mercato>MGP</Mercato>
    <Ora>06</Ora>
    <Totale>20839</Totale>
    <CNOR>2173</CNOR>
    <CSUD>3368</CSUD>
    <NORD>11204</NORD>
    <SARD>763</SARD>
    <SICI>1371</SICI>
    <SUD>1960</SUD>
  </marketintervaldetail>
  <marketintervaldetail>
    <Data>20161204</Data>
    <Mercato>MGP</Mercato>
    <Ora>07</Ora>
    <Totale>21989</Totale>
    <CNOR>2237</CNOR>
    <CSUD>3558</CSUD>
    <NORD>11858</NORD>
    <SARD>811</SARD>
    <SICI>1451</SICI>
    <SUD>2074</SUD>
  </marketintervaldetail>
  <marketintervaldetail>
    <Data>20161204</Data>
    <Mercato>MGP</Mercato>
    <Ora>08</Ora>
    <Totale>23135</Totale>
    <CNOR>2344</CNOR>
    <CSUD>3717</CSUD>
    <NORD>12577</NORD>
    <SARD>848</SARD>
    <SICI>1516</SICI>
    <SUD>2133</SUD>
  </marketintervaldetail>
  <marketintervaldetail>
    <Data>20161204</Data>
    <Mercato>MGP</Mercato>
    <Ora>09</Ora>
    <Totale>24879</Totale>
    <CNOR>2523</CNOR>
    <CSUD>4064</CSUD>
    <NORD>13175</NORD>
    <SARD>905</SARD>
    <SICI>1728</SICI>
    <SUD>2484</SUD>
  </marketintervaldetail>
  <marketintervaldetail>
    <Data>20161204</Data>
    <Mercato>MGP</Mercato>
    <Ora>10</Ora>
    <Totale>27239</Totale>
    <CNOR>2747</CNOR>
    <CSUD>4489</CSUD>
    <NORD>14493</NORD>
    <SARD>978</SARD>
    <SICI>1859</SICI>
    <SUD>2673</SUD>
  </marketintervaldetail>
  <marketintervaldetail>
    <Data>20161204</Data>
    <Mercato>MGP</Mercato>
    <Ora>11</Ora>
    <Totale>28159</Totale>
    <CNOR>2735</CNOR>
    <CSUD>4686</CSUD>
    <NORD>15332</NORD>
    <SARD>995</SARD>
    <SICI>1852</SICI>
    <SUD>2559</SUD>
  </marketintervaldetail>
  <marketintervaldetail>
    <Data>20161204</Data>
    <Mercato>MGP</Mercato>
    <Ora>12</Ora>
    <Totale>28099</Totale>
    <CNOR>2789</CNOR>
    <CSUD>4858</CSUD>
    <NORD>15204</NORD>
    <SARD>971</SARD>
    <SICI>1834</SICI>
    <SUD>2443</SUD>
  </marketintervaldetail>
  <marketintervaldetail>
    <Data>20161204</Data>
    <Mercato>MGP</Mercato>
    <Ora>13</Ora>
    <Totale>27998</Totale>
    <CNOR>2721</CNOR>
    <CSUD>4899</CSUD>
    <NORD>14935</NORD>
    <SARD>1016</SARD>
    <SICI>1910</SICI>
    <SUD>2517</SUD>
  </marketintervaldetail>
  <marketintervaldetail>
    <Data>20161204</Data>
    <Mercato>MGP</Mercato>
    <Ora>14</Ora>
    <Totale>26890</Totale>
    <CNOR>2520</CNOR>
    <CSUD>4783</CSUD>
    <NORD>14364</NORD>
    <SARD>973</SARD>
    <SICI>1761</SICI>
    <SUD>2489</SUD>
  </marketintervaldetail>
  <marketintervaldetail>
    <Data>20161204</Data>
    <Mercato>MGP</Mercato>
    <Ora>15</Ora>
    <Totale>26539</Totale>
    <CNOR>2586</CNOR>
    <CSUD>4610</CSUD>
    <NORD>14299</NORD>
    <SARD>901</SARD>
    <SICI>1720</SICI>
    <SUD>2423</SUD>
  </marketintervaldetail>
  <marketintervaldetail>
    <Data>20161204</Data>
    <Mercato>MGP</Mercato>
    <Ora>16</Ora>
    <Totale>27011</Totale>
    <CNOR>2701</CNOR>
    <CSUD>4664</CSUD>
    <NORD>14474</NORD>
    <SARD>890</SARD>
    <SICI>1793</SICI>
    <SUD>2489</SUD>
  </marketintervaldetail>
  <marketintervaldetail>
    <Data>20161204</Data>
    <Mercato>MGP</Mercato>
    <Ora>17</Ora>
    <Totale>28362</Totale>
    <CNOR>2927</CNOR>
    <CSUD>4966</CSUD>
    <NORD>15048</NORD>
    <SARD>933</SARD>
    <SICI>1854</SICI>
    <SUD>2634</SUD>
  </marketintervaldetail>
  <marketintervaldetail>
    <Data>20161204</Data>
    <Mercato>MGP</Mercato>
    <Ora>18</Ora>
    <Totale>31558</Totale>
    <CNOR>3321</CNOR>
    <CSUD>5451</CSUD>
    <NORD>16624</NORD>
    <SARD>1054</SARD>
    <SICI>2096</SICI>
    <SUD>3012</SUD>
  </marketintervaldetail>
  <marketintervaldetail>
    <Data>20161204</Data>
    <Mercato>MGP</Mercato>
    <Ora>19</Ora>
    <Totale>32587</Totale>
    <CNOR>3494</CNOR>
    <CSUD>5556</CSUD>
    <NORD>17167</NORD>
    <SARD>1098</SARD>
    <SICI>2134</SICI>
    <SUD>3138</SUD>
  </marketintervaldetail>
  <marketintervaldetail>
    <Data>20161204</Data>
    <Mercato>MGP</Mercato>
    <Ora>20</Ora>
    <Totale>33142</Totale>
    <CNOR>3609</CNOR>
    <CSUD>5716</CSUD>
    <NORD>17401</NORD>
    <SARD>1128</SARD>
    <SICI>2178</SICI>
    <SUD>3110</SUD>
  </marketintervaldetail>
  <marketintervaldetail>
    <Data>20161204</Data>
    <Mercato>MGP</Mercato>
    <Ora>21</Ora>
    <Totale>32454</Totale>
    <CNOR>3465</CNOR>
    <CSUD>5681</CSUD>
    <NORD>16849</NORD>
    <SARD>1138</SARD>
    <SICI>2214</SICI>
    <SUD>3107</SUD>
  </marketintervaldetail>
  <marketintervaldetail>
    <Data>20161204</Data>
    <Mercato>MGP</Mercato>
    <Ora>22</Ora>
    <Totale>30837</Totale>
    <CNOR>3256</CNOR>
    <CSUD>5383</CSUD>
    <NORD>15981</NORD>
    <SARD>1085</SARD>
    <SICI>2131</SICI>
    <SUD>3001</SUD>
  </marketintervaldetail>
  <marketintervaldetail>
    <Data>20161204</Data>
    <Mercato>MGP</Mercato>
    <Ora>23</Ora>
    <Totale>28514</Totale>
    <CNOR>3009</CNOR>
    <CSUD>4998</CSUD>
    <NORD>14702</NORD>
    <SARD>1014</SARD>
    <SICI>1969</SICI>
    <SUD>2822</SUD>
  </marketintervaldetail>
  <marketintervaldetail>
    <Data>20161204</Data>
    <Mercato>MGP</Mercato>
    <Ora>24</Ora>
    <Totale>25696</Totale>
    <CNOR>2697</CNOR>
    <CSUD>4436</CSUD>
    <NORD>13285</NORD>
    <SARD>923</SARD>
    <SICI>1761</SICI>
    <SUD>2594</SUD>
  </marketintervaldetail>
</NewDataSet>