<?xml version="1.0" standalone="yes"?>
<NewDataSet>
  <xs:schema id="NewDataSet" xmlns="" xmlns:xs="http://www.w3.org/2001/XMLSchema" xmlns:msdata="urn:schemas-microsoft-com:xml-msdata">
    <xs:element name="NewDataSet" msdata:IsDataSet="true" msdata:MainDataTable="marketintervaldetail" msdata:UseCurrentLocale="true">
      <xs:complexType>
        <xs:choice minOccurs="0" maxOccurs="unbounded">
          <xs:element name="marketintervaldetail">
            <xs:complexType>
              <xs:sequence>
                <xs:element name="Data" type="xs:string" minOccurs="0" />
                <xs:element name="Mercato" type="xs:string" minOccurs="0" />
                <xs:element name="Ora" type="xs:string" minOccurs="0" />
                <xs:element name="Totale" type="xs:string" minOccurs="0" />
                <xs:element name="CNOR" type="xs:string" minOccurs="0" />
                <xs:element name="CSUD" type="xs:string" minOccurs="0" />
                <xs:element name="NORD" type="xs:string" minOccurs="0" />
                <xs:element name="SARD" type="xs:string" minOccurs="0" />
                <xs:element name="SICI" type="xs:string" minOccurs="0" />
                <xs:element name="SUD" type="xs:string" minOccurs="0" />
              </xs:sequence>
            </xs:complexType>
          </xs:element>
        </xs:choice>
      </xs:complexType>
    </xs:element>
  </xs:schema>
  <marketintervaldetail>
    <Data>20161215</Data>
    <Mercato>MGP</Mercato>
    <Ora>01</Ora>
    <Totale>29868</Totale>
    <CNOR>3334</CNOR>
    <CSUD>4556</CSUD>
    <NORD>16901</NORD>
    <SARD>669</SARD>
    <SICI>1796</SICI>
    <SUD>2612</SUD>
  </marketintervaldetail>
  <marketintervaldetail>
    <Data>20161215</Data>
    <Mercato>MGP</Mercato>
    <Ora>02</Ora>
    <Totale>27470</Totale>
    <CNOR>3034</CNOR>
    <CSUD>4088</CSUD>
    <NORD>15778</NORD>
    <SARD>586</SARD>
    <SICI>1623</SICI>
    <SUD>2361</SUD>
  </marketintervaldetail>
  <marketintervaldetail>
    <Data>20161215</Data>
    <Mercato>MGP</Mercato>
    <Ora>03</Ora>
    <Totale>26258</Totale>
    <CNOR>2890</CNOR>
    <CSUD>3901</CSUD>
    <NORD>15133</NORD>
    <SARD>554</SARD>
    <SICI>1520</SICI>
    <SUD>2260</SUD>
  </marketintervaldetail>
  <marketintervaldetail>
    <Data>20161215</Data>
    <Mercato>MGP</Mercato>
    <Ora>04</Ora>
    <Totale>26084</Totale>
    <CNOR>2835</CNOR>
    <CSUD>3804</CSUD>
    <NORD>15180</NORD>
    <SARD>539</SARD>
    <SICI>1476</SICI>
    <SUD>2250</SUD>
  </marketintervaldetail>
  <marketintervaldetail>
    <Data>20161215</Data>
    <Mercato>MGP</Mercato>
    <Ora>05</Ora>
    <Totale>26163</Totale>
    <CNOR>2793</CNOR>
    <CSUD>3781</CSUD>
    <NORD>15303</NORD>
    <SARD>547</SARD>
    <SICI>1500</SICI>
    <SUD>2239</SUD>
  </marketintervaldetail>
  <marketintervaldetail>
    <Data>20161215</Data>
    <Mercato>MGP</Mercato>
    <Ora>06</Ora>
    <Totale>27718</Totale>
    <CNOR>2992</CNOR>
    <CSUD>4031</CSUD>
    <NORD>16179</NORD>
    <SARD>578</SARD>
    <SICI>1591</SICI>
    <SUD>2347</SUD>
  </marketintervaldetail>
  <marketintervaldetail>
    <Data>20161215</Data>
    <Mercato>MGP</Mercato>
    <Ora>07</Ora>
    <Totale>32868</Totale>
    <CNOR>3627</CNOR>
    <CSUD>4819</CSUD>
    <NORD>19351</NORD>
    <SARD>663</SARD>
    <SICI>1805</SICI>
    <SUD>2603</SUD>
  </marketintervaldetail>
  <marketintervaldetail>
    <Data>20161215</Data>
    <Mercato>MGP</Mercato>
    <Ora>08</Ora>
    <Totale>39901</Totale>
    <CNOR>4402</CNOR>
    <CSUD>5821</CSUD>
    <NORD>23692</NORD>
    <SARD>831</SARD>
    <SICI>2164</SICI>
    <SUD>2991</SUD>
  </marketintervaldetail>
  <marketintervaldetail>
    <Data>20161215</Data>
    <Mercato>MGP</Mercato>
    <Ora>09</Ora>
    <Totale>44217</Totale>
    <CNOR>4918</CNOR>
    <CSUD>6365</CSUD>
    <NORD>26393</NORD>
    <SARD>918</SARD>
    <SICI>2259</SICI>
    <SUD>3364</SUD>
  </marketintervaldetail>
  <marketintervaldetail>
    <Data>20161215</Data>
    <Mercato>MGP</Mercato>
    <Ora>10</Ora>
    <Totale>46260</Totale>
    <CNOR>5285</CNOR>
    <CSUD>6765</CSUD>
    <NORD>27469</NORD>
    <SARD>966</SARD>
    <SICI>2268</SICI>
    <SUD>3507</SUD>
  </marketintervaldetail>
  <marketintervaldetail>
    <Data>20161215</Data>
    <Mercato>MGP</Mercato>
    <Ora>11</Ora>
    <Totale>45912</Totale>
    <CNOR>5374</CNOR>
    <CSUD>6774</CSUD>
    <NORD>27092</NORD>
    <SARD>960</SARD>
    <SICI>2271</SICI>
    <SUD>3441</SUD>
  </marketintervaldetail>
  <marketintervaldetail>
    <Data>20161215</Data>
    <Mercato>MGP</Mercato>
    <Ora>12</Ora>
    <Totale>45003</Totale>
    <CNOR>5318</CNOR>
    <CSUD>6603</CSUD>
    <NORD>26697</NORD>
    <SARD>982</SARD>
    <SICI>2103</SICI>
    <SUD>3300</SUD>
  </marketintervaldetail>
  <marketintervaldetail>
    <Data>20161215</Data>
    <Mercato>MGP</Mercato>
    <Ora>13</Ora>
    <Totale>43226</Totale>
    <CNOR>5043</CNOR>
    <CSUD>6624</CSUD>
    <NORD>25095</NORD>
    <SARD>948</SARD>
    <SICI>2150</SICI>
    <SUD>3366</SUD>
  </marketintervaldetail>
  <marketintervaldetail>
    <Data>20161215</Data>
    <Mercato>MGP</Mercato>
    <Ora>14</Ora>
    <Totale>42079</Totale>
    <CNOR>4633</CNOR>
    <CSUD>6523</CSUD>
    <NORD>24566</NORD>
    <SARD>944</SARD>
    <SICI>2166</SICI>
    <SUD>3247</SUD>
  </marketintervaldetail>
  <marketintervaldetail>
    <Data>20161215</Data>
    <Mercato>MGP</Mercato>
    <Ora>15</Ora>
    <Totale>43363</Totale>
    <CNOR>4799</CNOR>
    <CSUD>6557</CSUD>
    <NORD>25697</NORD>
    <SARD>908</SARD>
    <SICI>2233</SICI>
    <SUD>3169</SUD>
  </marketintervaldetail>
  <marketintervaldetail>
    <Data>20161215</Data>
    <Mercato>MGP</Mercato>
    <Ora>16</Ora>
    <Totale>44514</Totale>
    <CNOR>4947</CNOR>
    <CSUD>6721</CSUD>
    <NORD>26297</NORD>
    <SARD>918</SARD>
    <SICI>2345</SICI>
    <SUD>3286</SUD>
  </marketintervaldetail>
  <marketintervaldetail>
    <Data>20161215</Data>
    <Mercato>MGP</Mercato>
    <Ora>17</Ora>
    <Totale>45510</Totale>
    <CNOR>4944</CNOR>
    <CSUD>6653</CSUD>
    <NORD>26861</NORD>
    <SARD>935</SARD>
    <SICI>2488</SICI>
    <SUD>3629</SUD>
  </marketintervaldetail>
  <marketintervaldetail>
    <Data>20161215</Data>
    <Mercato>MGP</Mercato>
    <Ora>18</Ora>
    <Totale>47971</Totale>
    <CNOR>5269</CNOR>
    <CSUD>7285</CSUD>
    <NORD>27768</NORD>
    <SARD>928</SARD>
    <SICI>2731</SICI>
    <SUD>3990</SUD>
  </marketintervaldetail>
  <marketintervaldetail>
    <Data>20161215</Data>
    <Mercato>MGP</Mercato>
    <Ora>19</Ora>
    <Totale>47889</Totale>
    <CNOR>5277</CNOR>
    <CSUD>7391</CSUD>
    <NORD>27381</NORD>
    <SARD>914</SARD>
    <SICI>2832</SICI>
    <SUD>4094</SUD>
  </marketintervaldetail>
  <marketintervaldetail>
    <Data>20161215</Data>
    <Mercato>MGP</Mercato>
    <Ora>20</Ora>
    <Totale>46649</Totale>
    <CNOR>5078</CNOR>
    <CSUD>7381</CSUD>
    <NORD>26369</NORD>
    <SARD>935</SARD>
    <SICI>2846</SICI>
    <SUD>4040</SUD>
  </marketintervaldetail>
  <marketintervaldetail>
    <Data>20161215</Data>
    <Mercato>MGP</Mercato>
    <Ora>21</Ora>
    <Totale>44296</Totale>
    <CNOR>4736</CNOR>
    <CSUD>7127</CSUD>
    <NORD>24653</NORD>
    <SARD>940</SARD>
    <SICI>2817</SICI>
    <SUD>4023</SUD>
  </marketintervaldetail>
  <marketintervaldetail>
    <Data>20161215</Data>
    <Mercato>MGP</Mercato>
    <Ora>22</Ora>
    <Totale>41452</Totale>
    <CNOR>4463</CNOR>
    <CSUD>6612</CSUD>
    <NORD>22990</NORD>
    <SARD>877</SARD>
    <SICI>2676</SICI>
    <SUD>3834</SUD>
  </marketintervaldetail>
  <marketintervaldetail>
    <Data>20161215</Data>
    <Mercato>MGP</Mercato>
    <Ora>23</Ora>
    <Totale>37637</Totale>
    <CNOR>4222</CNOR>
    <CSUD>5983</CSUD>
    <NORD>20784</NORD>
    <SARD>798</SARD>
    <SICI>2450</SICI>
    <SUD>3400</SUD>
  </marketintervaldetail>
  <marketintervaldetail>
    <Data>20161215</Data>
    <Mercato>MGP</Mercato>
    <Ora>24</Ora>
    <Totale>33637</Totale>
    <CNOR>3906</CNOR>
    <CSUD>5248</CSUD>
    <NORD>18787</NORD>
    <SARD>687</SARD>
    <SICI>2147</SICI>
    <SUD>2862</SUD>
  </marketintervaldetail>
</NewDataSet>