<?xml version="1.0" standalone="yes"?>
<NewDataSet>
  <xs:schema id="NewDataSet" xmlns="" xmlns:xs="http://www.w3.org/2001/XMLSchema" xmlns:msdata="urn:schemas-microsoft-com:xml-msdata">
    <xs:element name="NewDataSet" msdata:IsDataSet="true" msdata:UseCurrentLocale="true">
      <xs:complexType>
        <xs:choice minOccurs="0" maxOccurs="unbounded">
          <xs:element name="Fabbisogno">
            <xs:complexType>
              <xs:sequence>
                <xs:element name="Data" type="xs:string" minOccurs="0" />
                <xs:element name="Mercato" type="xs:string" minOccurs="0" />
                <xs:element name="Ora" type="xs:string" minOccurs="0" />
                <xs:element name="Italia" type="xs:string" minOccurs="0" />
                <xs:element name="CNOR" type="xs:string" minOccurs="0" />
                <xs:element name="CSUD" type="xs:string" minOccurs="0" />
                <xs:element name="NORD" type="xs:string" minOccurs="0" />
                <xs:element name="SARD" type="xs:string" minOccurs="0" />
                <xs:element name="SICI" type="xs:string" minOccurs="0" />
                <xs:element name="SUD" type="xs:string" minOccurs="0" />
              </xs:sequence>
            </xs:complexType>
          </xs:element>
        </xs:choice>
      </xs:complexType>
    </xs:element>
  </xs:schema>
  <Fabbisogno>
    <Data>20161212</Data>
    <Mercato>MGP</Mercato>
    <Ora>1</Ora>
    <Italia>23875,798</Italia>
    <CNOR>2609,671</CNOR>
    <CSUD>4143,994</CSUD>
    <NORD>12594,163</NORD>
    <SARD>827,24</SARD>
    <SICI>1596,882</SICI>
    <SUD>2103,848</SUD>
  </Fabbisogno>
  <Fabbisogno>
    <Data>20161212</Data>
    <Mercato>MGP</Mercato>
    <Ora>2</Ora>
    <Italia>22338,154</Italia>
    <CNOR>2381,094</CNOR>
    <CSUD>3806,282</CSUD>
    <NORD>11964,683</NORD>
    <SARD>780,929</SARD>
    <SICI>1457,458</SICI>
    <SUD>1947,708</SUD>
  </Fabbisogno>
  <Fabbisogno>
    <Data>20161212</Data>
    <Mercato>MGP</Mercato>
    <Ora>3</Ora>
    <Italia>21709,587</Italia>
    <CNOR>2294,645</CNOR>
    <CSUD>3644,084</CSUD>
    <NORD>11759,203</NORD>
    <SARD>754,332</SARD>
    <SICI>1379,698</SICI>
    <SUD>1877,625</SUD>
  </Fabbisogno>
  <Fabbisogno>
    <Data>20161212</Data>
    <Mercato>MGP</Mercato>
    <Ora>4</Ora>
    <Italia>21460,452</Italia>
    <CNOR>2269,02</CNOR>
    <CSUD>3575,973</CSUD>
    <NORD>11669,642</NORD>
    <SARD>746,652</SARD>
    <SICI>1348,397</SICI>
    <SUD>1850,768</SUD>
  </Fabbisogno>
  <Fabbisogno>
    <Data>20161212</Data>
    <Mercato>MGP</Mercato>
    <Ora>5</Ora>
    <Italia>21858,054</Italia>
    <CNOR>2284,938</CNOR>
    <CSUD>3624,594</CSUD>
    <NORD>11960,067</NORD>
    <SARD>755,694</SARD>
    <SICI>1358,314</SICI>
    <SUD>1874,447</SUD>
  </Fabbisogno>
  <Fabbisogno>
    <Data>20161212</Data>
    <Mercato>MGP</Mercato>
    <Ora>6</Ora>
    <Italia>23944,768</Italia>
    <CNOR>2503,893</CNOR>
    <CSUD>3869,719</CSUD>
    <NORD>13372,535</NORD>
    <SARD>790,558</SARD>
    <SICI>1440,788</SICI>
    <SUD>1967,275</SUD>
  </Fabbisogno>
  <Fabbisogno>
    <Data>20161212</Data>
    <Mercato>MGP</Mercato>
    <Ora>7</Ora>
    <Italia>30134,687</Italia>
    <CNOR>3047,264</CNOR>
    <CSUD>4644,841</CSUD>
    <NORD>17605,767</NORD>
    <SARD>901,583</SARD>
    <SICI>1637,613</SICI>
    <SUD>2297,619</SUD>
  </Fabbisogno>
  <Fabbisogno>
    <Data>20161212</Data>
    <Mercato>MGP</Mercato>
    <Ora>8</Ora>
    <Italia>36557,391</Italia>
    <CNOR>3757,477</CNOR>
    <CSUD>5544,735</CSUD>
    <NORD>21625,063</NORD>
    <SARD>1070,795</SARD>
    <SICI>1916,439</SICI>
    <SUD>2642,882</SUD>
  </Fabbisogno>
  <Fabbisogno>
    <Data>20161212</Data>
    <Mercato>MGP</Mercato>
    <Ora>9</Ora>
    <Italia>41139,79</Italia>
    <CNOR>4353,367</CNOR>
    <CSUD>6119,83</CSUD>
    <NORD>24466,657</NORD>
    <SARD>1148,835</SARD>
    <SICI>2141,738</SICI>
    <SUD>2909,363</SUD>
  </Fabbisogno>
  <Fabbisogno>
    <Data>20161212</Data>
    <Mercato>MGP</Mercato>
    <Ora>10</Ora>
    <Italia>42181,86</Italia>
    <CNOR>4506,505</CNOR>
    <CSUD>6398,597</CSUD>
    <NORD>25002,371</NORD>
    <SARD>1151,899</SARD>
    <SICI>2196,516</SICI>
    <SUD>2925,972</SUD>
  </Fabbisogno>
  <Fabbisogno>
    <Data>20161212</Data>
    <Mercato>MGP</Mercato>
    <Ora>11</Ora>
    <Italia>41711,767</Italia>
    <CNOR>4417,675</CNOR>
    <CSUD>6258,722</CSUD>
    <NORD>25026,07</NORD>
    <SARD>1081,85</SARD>
    <SICI>2104,633</SICI>
    <SUD>2822,817</SUD>
  </Fabbisogno>
  <Fabbisogno>
    <Data>20161212</Data>
    <Mercato>MGP</Mercato>
    <Ora>12</Ora>
    <Italia>41246,047</Italia>
    <CNOR>4367,385</CNOR>
    <CSUD>6270,296</CSUD>
    <NORD>24704,71</NORD>
    <SARD>1062,109</SARD>
    <SICI>2057,973</SICI>
    <SUD>2783,574</SUD>
  </Fabbisogno>
  <Fabbisogno>
    <Data>20161212</Data>
    <Mercato>MGP</Mercato>
    <Ora>13</Ora>
    <Italia>38691,791</Italia>
    <CNOR>4088,268</CNOR>
    <CSUD>6105,895</CSUD>
    <NORD>22639,53</NORD>
    <SARD>1032,868</SARD>
    <SICI>2040,851</SICI>
    <SUD>2784,379</SUD>
  </Fabbisogno>
  <Fabbisogno>
    <Data>20161212</Data>
    <Mercato>MGP</Mercato>
    <Ora>14</Ora>
    <Italia>38852,615</Italia>
    <CNOR>3922,719</CNOR>
    <CSUD>5955,991</CSUD>
    <NORD>23209,616</NORD>
    <SARD>1006,647</SARD>
    <SICI>2023,93</SICI>
    <SUD>2733,712</SUD>
  </Fabbisogno>
  <Fabbisogno>
    <Data>20161212</Data>
    <Mercato>MGP</Mercato>
    <Ora>15</Ora>
    <Italia>40584,364</Italia>
    <CNOR>4197,19</CNOR>
    <CSUD>6124,055</CSUD>
    <NORD>24349,451</NORD>
    <SARD>1012,542</SARD>
    <SICI>2111,371</SICI>
    <SUD>2789,755</SUD>
  </Fabbisogno>
  <Fabbisogno>
    <Data>20161212</Data>
    <Mercato>MGP</Mercato>
    <Ora>16</Ora>
    <Italia>41853,77</Italia>
    <CNOR>4391,637</CNOR>
    <CSUD>6297,319</CSUD>
    <NORD>25024,101</NORD>
    <SARD>1043,076</SARD>
    <SICI>2172,204</SICI>
    <SUD>2925,433</SUD>
  </Fabbisogno>
  <Fabbisogno>
    <Data>20161212</Data>
    <Mercato>MGP</Mercato>
    <Ora>17</Ora>
    <Italia>43543,332</Italia>
    <CNOR>4630,466</CNOR>
    <CSUD>6635,145</CSUD>
    <NORD>25560,372</NORD>
    <SARD>1090,167</SARD>
    <SICI>2355,758</SICI>
    <SUD>3271,424</SUD>
  </Fabbisogno>
  <Fabbisogno>
    <Data>20161212</Data>
    <Mercato>MGP</Mercato>
    <Ora>18</Ora>
    <Italia>45379,256</Italia>
    <CNOR>4857,387</CNOR>
    <CSUD>7241,549</CSUD>
    <NORD>25737,764</NORD>
    <SARD>1213,623</SARD>
    <SICI>2636,458</SICI>
    <SUD>3692,475</SUD>
  </Fabbisogno>
  <Fabbisogno>
    <Data>20161212</Data>
    <Mercato>MGP</Mercato>
    <Ora>19</Ora>
    <Italia>44005,702</Italia>
    <CNOR>4747,269</CNOR>
    <CSUD>7246,668</CSUD>
    <NORD>24422,68</NORD>
    <SARD>1246,802</SARD>
    <SICI>2653,627</SICI>
    <SUD>3688,656</SUD>
  </Fabbisogno>
  <Fabbisogno>
    <Data>20161212</Data>
    <Mercato>MGP</Mercato>
    <Ora>20</Ora>
    <Italia>42762,418</Italia>
    <CNOR>4708,835</CNOR>
    <CSUD>7377,535</CSUD>
    <NORD>23008,022</NORD>
    <SARD>1273,072</SARD>
    <SICI>2683,943</SICI>
    <SUD>3711,011</SUD>
  </Fabbisogno>
  <Fabbisogno>
    <Data>20161212</Data>
    <Mercato>MGP</Mercato>
    <Ora>21</Ora>
    <Italia>40145,597</Italia>
    <CNOR>4336,254</CNOR>
    <CSUD>7034,389</CSUD>
    <NORD>21327,091</NORD>
    <SARD>1249,25</SARD>
    <SICI>2625,701</SICI>
    <SUD>3572,912</SUD>
  </Fabbisogno>
  <Fabbisogno>
    <Data>20161212</Data>
    <Mercato>MGP</Mercato>
    <Ora>22</Ora>
    <Italia>37295,56</Italia>
    <CNOR>3960,965</CNOR>
    <CSUD>6518,458</CSUD>
    <NORD>19919,919</NORD>
    <SARD>1139,994</SARD>
    <SICI>2478,392</SICI>
    <SUD>3277,832</SUD>
  </Fabbisogno>
  <Fabbisogno>
    <Data>20161212</Data>
    <Mercato>MGP</Mercato>
    <Ora>23</Ora>
    <Italia>33567,21</Italia>
    <CNOR>3537,475</CNOR>
    <CSUD>5819,267</CSUD>
    <NORD>18023,991</NORD>
    <SARD>1040,106</SARD>
    <SICI>2235,213</SICI>
    <SUD>2911,158</SUD>
  </Fabbisogno>
  <Fabbisogno>
    <Data>20161212</Data>
    <Mercato>MGP</Mercato>
    <Ora>24</Ora>
    <Italia>29846,645</Italia>
    <CNOR>3032,422</CNOR>
    <CSUD>4993,537</CSUD>
    <NORD>16517,917</NORD>
    <SARD>934,074</SARD>
    <SICI>1930,044</SICI>
    <SUD>2438,651</SUD>
  </Fabbisogno>
</NewDataSet>