<?xml version="1.0" standalone="yes"?>
<NewDataSet>
  <xs:schema id="NewDataSet" xmlns="" xmlns:xs="http://www.w3.org/2001/XMLSchema" xmlns:msdata="urn:schemas-microsoft-com:xml-msdata">
    <xs:element name="NewDataSet" msdata:IsDataSet="true" msdata:UseCurrentLocale="true">
      <xs:complexType>
        <xs:choice minOccurs="0" maxOccurs="unbounded">
          <xs:element name="Fabbisogno">
            <xs:complexType>
              <xs:sequence>
                <xs:element name="Data" type="xs:string" minOccurs="0" />
                <xs:element name="Mercato" type="xs:string" minOccurs="0" />
                <xs:element name="Ora" type="xs:string" minOccurs="0" />
                <xs:element name="Italia" type="xs:string" minOccurs="0" />
                <xs:element name="CNOR" type="xs:string" minOccurs="0" />
                <xs:element name="CSUD" type="xs:string" minOccurs="0" />
                <xs:element name="NORD" type="xs:string" minOccurs="0" />
                <xs:element name="SARD" type="xs:string" minOccurs="0" />
                <xs:element name="SICI" type="xs:string" minOccurs="0" />
                <xs:element name="SUD" type="xs:string" minOccurs="0" />
              </xs:sequence>
            </xs:complexType>
          </xs:element>
        </xs:choice>
      </xs:complexType>
    </xs:element>
  </xs:schema>
  <Fabbisogno>
    <Data>20161201</Data>
    <Mercato>MGP</Mercato>
    <Ora>1</Ora>
    <Italia>27542,977</Italia>
    <CNOR>2827,971</CNOR>
    <CSUD>4303,127</CSUD>
    <NORD>15743,996</NORD>
    <SARD>833,447</SARD>
    <SICI>1657,819</SICI>
    <SUD>2176,617</SUD>
  </Fabbisogno>
  <Fabbisogno>
    <Data>20161201</Data>
    <Mercato>MGP</Mercato>
    <Ora>2</Ora>
    <Italia>26000,805</Italia>
    <CNOR>2646,927</CNOR>
    <CSUD>3952,34</CSUD>
    <NORD>15079,25</NORD>
    <SARD>779,975</SARD>
    <SICI>1512,347</SICI>
    <SUD>2029,966</SUD>
  </Fabbisogno>
  <Fabbisogno>
    <Data>20161201</Data>
    <Mercato>MGP</Mercato>
    <Ora>3</Ora>
    <Italia>25242,682</Italia>
    <CNOR>2567,714</CNOR>
    <CSUD>3761,465</CSUD>
    <NORD>14777,194</NORD>
    <SARD>753,833</SARD>
    <SICI>1432,216</SICI>
    <SUD>1950,26</SUD>
  </Fabbisogno>
  <Fabbisogno>
    <Data>20161201</Data>
    <Mercato>MGP</Mercato>
    <Ora>4</Ora>
    <Italia>24838,557</Italia>
    <CNOR>2517,956</CNOR>
    <CSUD>3763,777</CSUD>
    <NORD>14485,762</NORD>
    <SARD>746,396</SARD>
    <SICI>1398,533</SICI>
    <SUD>1926,133</SUD>
  </Fabbisogno>
  <Fabbisogno>
    <Data>20161201</Data>
    <Mercato>MGP</Mercato>
    <Ora>5</Ora>
    <Italia>25040,486</Italia>
    <CNOR>2488,011</CNOR>
    <CSUD>3761,338</CSUD>
    <NORD>14723,483</NORD>
    <SARD>752,826</SARD>
    <SICI>1387,057</SICI>
    <SUD>1927,771</SUD>
  </Fabbisogno>
  <Fabbisogno>
    <Data>20161201</Data>
    <Mercato>MGP</Mercato>
    <Ora>6</Ora>
    <Italia>26715,018</Italia>
    <CNOR>2644,376</CNOR>
    <CSUD>3994,761</CSUD>
    <NORD>15800,85</NORD>
    <SARD>789,166</SARD>
    <SICI>1450,529</SICI>
    <SUD>2035,336</SUD>
  </Fabbisogno>
  <Fabbisogno>
    <Data>20161201</Data>
    <Mercato>MGP</Mercato>
    <Ora>7</Ora>
    <Italia>31814,433</Italia>
    <CNOR>3264,523</CNOR>
    <CSUD>4737,637</CSUD>
    <NORD>18879,737</NORD>
    <SARD>917,133</SARD>
    <SICI>1662,384</SICI>
    <SUD>2353,019</SUD>
  </Fabbisogno>
  <Fabbisogno>
    <Data>20161201</Data>
    <Mercato>MGP</Mercato>
    <Ora>8</Ora>
    <Italia>37824,978</Italia>
    <CNOR>3878,153</CNOR>
    <CSUD>5630,302</CSUD>
    <NORD>22558,623</NORD>
    <SARD>1091,804</SARD>
    <SICI>1961,059</SICI>
    <SUD>2705,037</SUD>
  </Fabbisogno>
  <Fabbisogno>
    <Data>20161201</Data>
    <Mercato>MGP</Mercato>
    <Ora>9</Ora>
    <Italia>41588,644</Italia>
    <CNOR>4445,79</CNOR>
    <CSUD>6195,887</CSUD>
    <NORD>24736,825</NORD>
    <SARD>1181,994</SARD>
    <SICI>2123,01</SICI>
    <SUD>2905,138</SUD>
  </Fabbisogno>
  <Fabbisogno>
    <Data>20161201</Data>
    <Mercato>MGP</Mercato>
    <Ora>10</Ora>
    <Italia>42672,694</Italia>
    <CNOR>4684,017</CNOR>
    <CSUD>6293,557</CSUD>
    <NORD>25490,22</NORD>
    <SARD>1174,23</SARD>
    <SICI>2146,246</SICI>
    <SUD>2884,424</SUD>
  </Fabbisogno>
  <Fabbisogno>
    <Data>20161201</Data>
    <Mercato>MGP</Mercato>
    <Ora>11</Ora>
    <Italia>41663,289</Italia>
    <CNOR>4562,759</CNOR>
    <CSUD>6266,646</CSUD>
    <NORD>24922,016</NORD>
    <SARD>1113,596</SARD>
    <SICI>2047,25</SICI>
    <SUD>2751,022</SUD>
  </Fabbisogno>
  <Fabbisogno>
    <Data>20161201</Data>
    <Mercato>MGP</Mercato>
    <Ora>12</Ora>
    <Italia>41174,709</Italia>
    <CNOR>4581,325</CNOR>
    <CSUD>6286,354</CSUD>
    <NORD>24495,219</NORD>
    <SARD>1090,123</SARD>
    <SICI>2007,564</SICI>
    <SUD>2714,124</SUD>
  </Fabbisogno>
  <Fabbisogno>
    <Data>20161201</Data>
    <Mercato>MGP</Mercato>
    <Ora>13</Ora>
    <Italia>38807,914</Italia>
    <CNOR>4220,095</CNOR>
    <CSUD>6217,981</CSUD>
    <NORD>22587,649</NORD>
    <SARD>1063,177</SARD>
    <SICI>1992,996</SICI>
    <SUD>2726,016</SUD>
  </Fabbisogno>
  <Fabbisogno>
    <Data>20161201</Data>
    <Mercato>MGP</Mercato>
    <Ora>14</Ora>
    <Italia>38608,886</Italia>
    <CNOR>4042,236</CNOR>
    <CSUD>6028,516</CSUD>
    <NORD>22875,651</NORD>
    <SARD>1034,516</SARD>
    <SICI>1971,894</SICI>
    <SUD>2656,073</SUD>
  </Fabbisogno>
  <Fabbisogno>
    <Data>20161201</Data>
    <Mercato>MGP</Mercato>
    <Ora>15</Ora>
    <Italia>40180,45</Italia>
    <CNOR>4348,608</CNOR>
    <CSUD>6079,062</CSUD>
    <NORD>24016,191</NORD>
    <SARD>1022,055</SARD>
    <SICI>2010,86</SICI>
    <SUD>2703,674</SUD>
  </Fabbisogno>
  <Fabbisogno>
    <Data>20161201</Data>
    <Mercato>MGP</Mercato>
    <Ora>16</Ora>
    <Italia>41208,302</Italia>
    <CNOR>4451,783</CNOR>
    <CSUD>6258,603</CSUD>
    <NORD>24518,262</NORD>
    <SARD>1056,137</SARD>
    <SICI>2081,785</SICI>
    <SUD>2841,732</SUD>
  </Fabbisogno>
  <Fabbisogno>
    <Data>20161201</Data>
    <Mercato>MGP</Mercato>
    <Ora>17</Ora>
    <Italia>43183,957</Italia>
    <CNOR>4642,712</CNOR>
    <CSUD>6634,146</CSUD>
    <NORD>25268,88</NORD>
    <SARD>1107,391</SARD>
    <SICI>2272,288</SICI>
    <SUD>3258,54</SUD>
  </Fabbisogno>
  <Fabbisogno>
    <Data>20161201</Data>
    <Mercato>MGP</Mercato>
    <Ora>18</Ora>
    <Italia>45352,987</Italia>
    <CNOR>4939,089</CNOR>
    <CSUD>7191,38</CSUD>
    <NORD>25709,724</NORD>
    <SARD>1231,821</SARD>
    <SICI>2571,287</SICI>
    <SUD>3709,686</SUD>
  </Fabbisogno>
  <Fabbisogno>
    <Data>20161201</Data>
    <Mercato>MGP</Mercato>
    <Ora>19</Ora>
    <Italia>44304,429</Italia>
    <CNOR>4835,723</CNOR>
    <CSUD>7257,013</CSUD>
    <NORD>24600,122</NORD>
    <SARD>1263,868</SARD>
    <SICI>2614,422</SICI>
    <SUD>3733,281</SUD>
  </Fabbisogno>
  <Fabbisogno>
    <Data>20161201</Data>
    <Mercato>MGP</Mercato>
    <Ora>20</Ora>
    <Italia>43234,796</Italia>
    <CNOR>4701,241</CNOR>
    <CSUD>7343,754</CSUD>
    <NORD>23608,234</NORD>
    <SARD>1271,877</SARD>
    <SICI>2628,901</SICI>
    <SUD>3680,789</SUD>
  </Fabbisogno>
  <Fabbisogno>
    <Data>20161201</Data>
    <Mercato>MGP</Mercato>
    <Ora>21</Ora>
    <Italia>40775,277</Italia>
    <CNOR>4347,542</CNOR>
    <CSUD>6842,531</CSUD>
    <NORD>22246,709</NORD>
    <SARD>1232,207</SARD>
    <SICI>2532,594</SICI>
    <SUD>3573,694</SUD>
  </Fabbisogno>
  <Fabbisogno>
    <Data>20161201</Data>
    <Mercato>MGP</Mercato>
    <Ora>22</Ora>
    <Italia>37717,663</Italia>
    <CNOR>3980,314</CNOR>
    <CSUD>6314,064</CSUD>
    <NORD>20722,996</NORD>
    <SARD>1137,348</SARD>
    <SICI>2334,974</SICI>
    <SUD>3227,967</SUD>
  </Fabbisogno>
  <Fabbisogno>
    <Data>20161201</Data>
    <Mercato>MGP</Mercato>
    <Ora>23</Ora>
    <Italia>33854,271</Italia>
    <CNOR>3570,469</CNOR>
    <CSUD>5655,027</CSUD>
    <NORD>18568,638</NORD>
    <SARD>1037,915</SARD>
    <SICI>2141,224</SICI>
    <SUD>2880,998</SUD>
  </Fabbisogno>
  <Fabbisogno>
    <Data>20161201</Data>
    <Mercato>MGP</Mercato>
    <Ora>24</Ora>
    <Italia>30442,007</Italia>
    <CNOR>3173,492</CNOR>
    <CSUD>4937,825</CSUD>
    <NORD>17033,853</NORD>
    <SARD>935,359</SARD>
    <SICI>1878,813</SICI>
    <SUD>2482,665</SUD>
  </Fabbisogno>
</NewDataSet>