<?xml version="1.0" standalone="yes"?>
<NewDataSet>
  <xs:schema id="NewDataSet" xmlns="" xmlns:xs="http://www.w3.org/2001/XMLSchema" xmlns:msdata="urn:schemas-microsoft-com:xml-msdata">
    <xs:element name="NewDataSet" msdata:IsDataSet="true" msdata:UseCurrentLocale="true">
      <xs:complexType>
        <xs:choice minOccurs="0" maxOccurs="unbounded">
          <xs:element name="Fabbisogno">
            <xs:complexType>
              <xs:sequence>
                <xs:element name="Data" type="xs:string" minOccurs="0" />
                <xs:element name="Mercato" type="xs:string" minOccurs="0" />
                <xs:element name="Ora" type="xs:string" minOccurs="0" />
                <xs:element name="Italia" type="xs:string" minOccurs="0" />
                <xs:element name="CNOR" type="xs:string" minOccurs="0" />
                <xs:element name="CSUD" type="xs:string" minOccurs="0" />
                <xs:element name="NORD" type="xs:string" minOccurs="0" />
                <xs:element name="SARD" type="xs:string" minOccurs="0" />
                <xs:element name="SICI" type="xs:string" minOccurs="0" />
                <xs:element name="SUD" type="xs:string" minOccurs="0" />
              </xs:sequence>
            </xs:complexType>
          </xs:element>
        </xs:choice>
      </xs:complexType>
    </xs:element>
  </xs:schema>
  <Fabbisogno>
    <Data>20161210</Data>
    <Mercato>MGP</Mercato>
    <Ora>1</Ora>
    <Italia>26197,104</Italia>
    <CNOR>2830,503</CNOR>
    <CSUD>4289,663</CSUD>
    <NORD>14373,788</NORD>
    <SARD>879,719</SARD>
    <SICI>1666,534</SICI>
    <SUD>2156,897</SUD>
  </Fabbisogno>
  <Fabbisogno>
    <Data>20161210</Data>
    <Mercato>MGP</Mercato>
    <Ora>2</Ora>
    <Italia>24503,451</Italia>
    <CNOR>2632,383</CNOR>
    <CSUD>3928,774</CSUD>
    <NORD>13609,875</NORD>
    <SARD>826,817</SARD>
    <SICI>1514,041</SICI>
    <SUD>1991,561</SUD>
  </Fabbisogno>
  <Fabbisogno>
    <Data>20161210</Data>
    <Mercato>MGP</Mercato>
    <Ora>3</Ora>
    <Italia>23476,181</Italia>
    <CNOR>2519,749</CNOR>
    <CSUD>3697,861</CSUD>
    <NORD>13126,859</NORD>
    <SARD>792,665</SARD>
    <SICI>1427,543</SICI>
    <SUD>1911,504</SUD>
  </Fabbisogno>
  <Fabbisogno>
    <Data>20161210</Data>
    <Mercato>MGP</Mercato>
    <Ora>4</Ora>
    <Italia>22949,312</Italia>
    <CNOR>2457,882</CNOR>
    <CSUD>3604,324</CSUD>
    <NORD>12849,513</NORD>
    <SARD>780,833</SARD>
    <SICI>1383,555</SICI>
    <SUD>1873,205</SUD>
  </Fabbisogno>
  <Fabbisogno>
    <Data>20161210</Data>
    <Mercato>MGP</Mercato>
    <Ora>5</Ora>
    <Italia>23012,693</Italia>
    <CNOR>2459,611</CNOR>
    <CSUD>3601,304</CSUD>
    <NORD>12899,283</NORD>
    <SARD>782,981</SARD>
    <SICI>1382,179</SICI>
    <SUD>1887,335</SUD>
  </Fabbisogno>
  <Fabbisogno>
    <Data>20161210</Data>
    <Mercato>MGP</Mercato>
    <Ora>6</Ora>
    <Italia>24026,34</Italia>
    <CNOR>2502,117</CNOR>
    <CSUD>3764,139</CSUD>
    <NORD>13522,342</NORD>
    <SARD>810,886</SARD>
    <SICI>1454,061</SICI>
    <SUD>1972,795</SUD>
  </Fabbisogno>
  <Fabbisogno>
    <Data>20161210</Data>
    <Mercato>MGP</Mercato>
    <Ora>7</Ora>
    <Italia>26833,083</Italia>
    <CNOR>2748,006</CNOR>
    <CSUD>4208,205</CSUD>
    <NORD>15188,874</NORD>
    <SARD>891,188</SARD>
    <SICI>1588,877</SICI>
    <SUD>2207,933</SUD>
  </Fabbisogno>
  <Fabbisogno>
    <Data>20161210</Data>
    <Mercato>MGP</Mercato>
    <Ora>8</Ora>
    <Italia>30121,738</Italia>
    <CNOR>3092,102</CNOR>
    <CSUD>4697,185</CSUD>
    <NORD>17101,825</NORD>
    <SARD>992,769</SARD>
    <SICI>1780,125</SICI>
    <SUD>2457,732</SUD>
  </Fabbisogno>
  <Fabbisogno>
    <Data>20161210</Data>
    <Mercato>MGP</Mercato>
    <Ora>9</Ora>
    <Italia>32406,489</Italia>
    <CNOR>3352,774</CNOR>
    <CSUD>5164,368</CSUD>
    <NORD>18190,977</NORD>
    <SARD>1043,041</SARD>
    <SICI>2003,565</SICI>
    <SUD>2651,764</SUD>
  </Fabbisogno>
  <Fabbisogno>
    <Data>20161210</Data>
    <Mercato>MGP</Mercato>
    <Ora>10</Ora>
    <Italia>33767,137</Italia>
    <CNOR>3498,943</CNOR>
    <CSUD>5466,937</CSUD>
    <NORD>18978,912</NORD>
    <SARD>1059,788</SARD>
    <SICI>2096,232</SICI>
    <SUD>2666,325</SUD>
  </Fabbisogno>
  <Fabbisogno>
    <Data>20161210</Data>
    <Mercato>MGP</Mercato>
    <Ora>11</Ora>
    <Italia>33385,754</Italia>
    <CNOR>3480,4</CNOR>
    <CSUD>5527,868</CSUD>
    <NORD>18761,831</NORD>
    <SARD>1040,137</SARD>
    <SICI>2035,091</SICI>
    <SUD>2540,427</SUD>
  </Fabbisogno>
  <Fabbisogno>
    <Data>20161210</Data>
    <Mercato>MGP</Mercato>
    <Ora>12</Ora>
    <Italia>32259,983</Italia>
    <CNOR>3336,794</CNOR>
    <CSUD>5312,946</CSUD>
    <NORD>18169,385</NORD>
    <SARD>994,116</SARD>
    <SICI>1973,703</SICI>
    <SUD>2473,039</SUD>
  </Fabbisogno>
  <Fabbisogno>
    <Data>20161210</Data>
    <Mercato>MGP</Mercato>
    <Ora>13</Ora>
    <Italia>30883,072</Italia>
    <CNOR>3208,818</CNOR>
    <CSUD>5179,265</CSUD>
    <NORD>17141,029</NORD>
    <SARD>970,343</SARD>
    <SICI>1956,343</SICI>
    <SUD>2427,274</SUD>
  </Fabbisogno>
  <Fabbisogno>
    <Data>20161210</Data>
    <Mercato>MGP</Mercato>
    <Ora>14</Ora>
    <Italia>29629,644</Italia>
    <CNOR>3015,445</CNOR>
    <CSUD>5022,554</CSUD>
    <NORD>16397,941</NORD>
    <SARD>939,27</SARD>
    <SICI>1912,963</SICI>
    <SUD>2341,471</SUD>
  </Fabbisogno>
  <Fabbisogno>
    <Data>20161210</Data>
    <Mercato>MGP</Mercato>
    <Ora>15</Ora>
    <Italia>29991,426</Italia>
    <CNOR>3103,814</CNOR>
    <CSUD>5134,165</CSUD>
    <NORD>16507,434</NORD>
    <SARD>945,063</SARD>
    <SICI>1936,698</SICI>
    <SUD>2364,252</SUD>
  </Fabbisogno>
  <Fabbisogno>
    <Data>20161210</Data>
    <Mercato>MGP</Mercato>
    <Ora>16</Ora>
    <Italia>30653,388</Italia>
    <CNOR>3214,421</CNOR>
    <CSUD>5282,734</CSUD>
    <NORD>16665,841</NORD>
    <SARD>959,104</SARD>
    <SICI>1997,552</SICI>
    <SUD>2533,736</SUD>
  </Fabbisogno>
  <Fabbisogno>
    <Data>20161210</Data>
    <Mercato>MGP</Mercato>
    <Ora>17</Ora>
    <Italia>32832,559</Italia>
    <CNOR>3469,806</CNOR>
    <CSUD>5713,712</CSUD>
    <NORD>17486,484</NORD>
    <SARD>1025,341</SARD>
    <SICI>2183,608</SICI>
    <SUD>2953,608</SUD>
  </Fabbisogno>
  <Fabbisogno>
    <Data>20161210</Data>
    <Mercato>MGP</Mercato>
    <Ora>18</Ora>
    <Italia>36228,946</Italia>
    <CNOR>3851,594</CNOR>
    <CSUD>6406,501</CSUD>
    <NORD>18864,262</NORD>
    <SARD>1162,992</SARD>
    <SICI>2489,281</SICI>
    <SUD>3454,316</SUD>
  </Fabbisogno>
  <Fabbisogno>
    <Data>20161210</Data>
    <Mercato>MGP</Mercato>
    <Ora>19</Ora>
    <Italia>37277,729</Italia>
    <CNOR>4055,348</CNOR>
    <CSUD>6645,088</CSUD>
    <NORD>19348,467</NORD>
    <SARD>1210,641</SARD>
    <SICI>2514,461</SICI>
    <SUD>3503,724</SUD>
  </Fabbisogno>
  <Fabbisogno>
    <Data>20161210</Data>
    <Mercato>MGP</Mercato>
    <Ora>20</Ora>
    <Italia>37213,625</Italia>
    <CNOR>4102,982</CNOR>
    <CSUD>6730,243</CSUD>
    <NORD>19086,42</NORD>
    <SARD>1212,403</SARD>
    <SICI>2545,709</SICI>
    <SUD>3535,868</SUD>
  </Fabbisogno>
  <Fabbisogno>
    <Data>20161210</Data>
    <Mercato>MGP</Mercato>
    <Ora>21</Ora>
    <Italia>35297,391</Italia>
    <CNOR>3788,897</CNOR>
    <CSUD>6442,988</CSUD>
    <NORD>17991,889</NORD>
    <SARD>1201,669</SARD>
    <SICI>2465,506</SICI>
    <SUD>3406,442</SUD>
  </Fabbisogno>
  <Fabbisogno>
    <Data>20161210</Data>
    <Mercato>MGP</Mercato>
    <Ora>22</Ora>
    <Italia>32813,509</Italia>
    <CNOR>3503,573</CNOR>
    <CSUD>6019,089</CSUD>
    <NORD>16735,774</NORD>
    <SARD>1124,013</SARD>
    <SICI>2302,346</SICI>
    <SUD>3128,714</SUD>
  </Fabbisogno>
  <Fabbisogno>
    <Data>20161210</Data>
    <Mercato>MGP</Mercato>
    <Ora>23</Ora>
    <Italia>30167,777</Italia>
    <CNOR>3210,047</CNOR>
    <CSUD>5448,85</CSUD>
    <NORD>15587,568</NORD>
    <SARD>1033,274</SARD>
    <SICI>2102,431</SICI>
    <SUD>2785,607</SUD>
  </Fabbisogno>
  <Fabbisogno>
    <Data>20161210</Data>
    <Mercato>MGP</Mercato>
    <Ora>24</Ora>
    <Italia>27164,681</Italia>
    <CNOR>2871,408</CNOR>
    <CSUD>4835,054</CSUD>
    <NORD>14215,844</NORD>
    <SARD>950,952</SARD>
    <SICI>1869,17</SICI>
    <SUD>2422,253</SUD>
  </Fabbisogno>
</NewDataSet>