<?xml version="1.0" standalone="yes"?>
<NewDataSet>
  <xs:schema id="NewDataSet" xmlns="" xmlns:xs="http://www.w3.org/2001/XMLSchema" xmlns:msdata="urn:schemas-microsoft-com:xml-msdata">
    <xs:element name="NewDataSet" msdata:IsDataSet="true" msdata:UseCurrentLocale="true">
      <xs:complexType>
        <xs:choice minOccurs="0" maxOccurs="unbounded">
          <xs:element name="Fabbisogno">
            <xs:complexType>
              <xs:sequence>
                <xs:element name="Data" type="xs:string" minOccurs="0" />
                <xs:element name="Mercato" type="xs:string" minOccurs="0" />
                <xs:element name="Ora" type="xs:string" minOccurs="0" />
                <xs:element name="Italia" type="xs:string" minOccurs="0" />
                <xs:element name="CNOR" type="xs:string" minOccurs="0" />
                <xs:element name="CSUD" type="xs:string" minOccurs="0" />
                <xs:element name="NORD" type="xs:string" minOccurs="0" />
                <xs:element name="SARD" type="xs:string" minOccurs="0" />
                <xs:element name="SICI" type="xs:string" minOccurs="0" />
                <xs:element name="SUD" type="xs:string" minOccurs="0" />
              </xs:sequence>
            </xs:complexType>
          </xs:element>
        </xs:choice>
      </xs:complexType>
    </xs:element>
  </xs:schema>
  <Fabbisogno>
    <Data>20161227</Data>
    <Mercato>MGP</Mercato>
    <Ora>1</Ora>
    <Italia>21830,574</Italia>
    <CNOR>2386,979</CNOR>
    <CSUD>4003,977</CSUD>
    <NORD>11103,762</NORD>
    <SARD>850,508</SARD>
    <SICI>1549,442</SICI>
    <SUD>1935,906</SUD>
  </Fabbisogno>
  <Fabbisogno>
    <Data>20161227</Data>
    <Mercato>MGP</Mercato>
    <Ora>2</Ora>
    <Italia>20055,64</Italia>
    <CNOR>2140,168</CNOR>
    <CSUD>3643,823</CSUD>
    <NORD>10279,894</NORD>
    <SARD>797,871</SARD>
    <SICI>1409,278</SICI>
    <SUD>1784,606</SUD>
  </Fabbisogno>
  <Fabbisogno>
    <Data>20161227</Data>
    <Mercato>MGP</Mercato>
    <Ora>3</Ora>
    <Italia>19136,563</Italia>
    <CNOR>2048,933</CNOR>
    <CSUD>3464,464</CSUD>
    <NORD>9820,128</NORD>
    <SARD>770,679</SARD>
    <SICI>1328,195</SICI>
    <SUD>1704,164</SUD>
  </Fabbisogno>
  <Fabbisogno>
    <Data>20161227</Data>
    <Mercato>MGP</Mercato>
    <Ora>4</Ora>
    <Italia>18968,65</Italia>
    <CNOR>2013,577</CNOR>
    <CSUD>3410,136</CSUD>
    <NORD>9797,452</NORD>
    <SARD>760,73</SARD>
    <SICI>1297,03</SICI>
    <SUD>1689,725</SUD>
  </Fabbisogno>
  <Fabbisogno>
    <Data>20161227</Data>
    <Mercato>MGP</Mercato>
    <Ora>5</Ora>
    <Italia>19298,293</Italia>
    <CNOR>2026,45</CNOR>
    <CSUD>3443,873</CSUD>
    <NORD>10046,822</NORD>
    <SARD>767,482</SARD>
    <SICI>1304,494</SICI>
    <SUD>1709,172</SUD>
  </Fabbisogno>
  <Fabbisogno>
    <Data>20161227</Data>
    <Mercato>MGP</Mercato>
    <Ora>6</Ora>
    <Italia>20817,896</Italia>
    <CNOR>2197,178</CNOR>
    <CSUD>3681,446</CSUD>
    <NORD>10955,006</NORD>
    <SARD>801,291</SARD>
    <SICI>1380,768</SICI>
    <SUD>1802,207</SUD>
  </Fabbisogno>
  <Fabbisogno>
    <Data>20161227</Data>
    <Mercato>MGP</Mercato>
    <Ora>7</Ora>
    <Italia>24845,723</Italia>
    <CNOR>2565,6</CNOR>
    <CSUD>4289,287</CSUD>
    <NORD>13485,808</NORD>
    <SARD>898,157</SARD>
    <SICI>1563,856</SICI>
    <SUD>2043,015</SUD>
  </Fabbisogno>
  <Fabbisogno>
    <Data>20161227</Data>
    <Mercato>MGP</Mercato>
    <Ora>8</Ora>
    <Italia>29950,796</Italia>
    <CNOR>3113,728</CNOR>
    <CSUD>5087,702</CSUD>
    <NORD>16439,983</NORD>
    <SARD>1027,569</SARD>
    <SICI>1866,085</SICI>
    <SUD>2415,729</SUD>
  </Fabbisogno>
  <Fabbisogno>
    <Data>20161227</Data>
    <Mercato>MGP</Mercato>
    <Ora>9</Ora>
    <Italia>33202,747</Italia>
    <CNOR>3576,713</CNOR>
    <CSUD>5573,877</CSUD>
    <NORD>18257,415</NORD>
    <SARD>1130,85</SARD>
    <SICI>2037,333</SICI>
    <SUD>2626,559</SUD>
  </Fabbisogno>
  <Fabbisogno>
    <Data>20161227</Data>
    <Mercato>MGP</Mercato>
    <Ora>10</Ora>
    <Italia>34239,822</Italia>
    <CNOR>3759,017</CNOR>
    <CSUD>5890,597</CSUD>
    <NORD>18700,904</NORD>
    <SARD>1152,838</SARD>
    <SICI>2094,437</SICI>
    <SUD>2642,029</SUD>
  </Fabbisogno>
  <Fabbisogno>
    <Data>20161227</Data>
    <Mercato>MGP</Mercato>
    <Ora>11</Ora>
    <Italia>34024,273</Italia>
    <CNOR>3722,973</CNOR>
    <CSUD>5878,324</CSUD>
    <NORD>18723,526</NORD>
    <SARD>1112,036</SARD>
    <SICI>2034,261</SICI>
    <SUD>2553,153</SUD>
  </Fabbisogno>
  <Fabbisogno>
    <Data>20161227</Data>
    <Mercato>MGP</Mercato>
    <Ora>12</Ora>
    <Italia>33672,262</Italia>
    <CNOR>3653,801</CNOR>
    <CSUD>5795,964</CSUD>
    <NORD>18624,96</NORD>
    <SARD>1081,185</SARD>
    <SICI>1987,604</SICI>
    <SUD>2528,748</SUD>
  </Fabbisogno>
  <Fabbisogno>
    <Data>20161227</Data>
    <Mercato>MGP</Mercato>
    <Ora>13</Ora>
    <Italia>32085,778</Italia>
    <CNOR>3450,51</CNOR>
    <CSUD>5769,141</CSUD>
    <NORD>17272,752</NORD>
    <SARD>1061,988</SARD>
    <SICI>1983,095</SICI>
    <SUD>2548,292</SUD>
  </Fabbisogno>
  <Fabbisogno>
    <Data>20161227</Data>
    <Mercato>MGP</Mercato>
    <Ora>14</Ora>
    <Italia>31627,473</Italia>
    <CNOR>3274,081</CNOR>
    <CSUD>5602,619</CSUD>
    <NORD>17292,49</NORD>
    <SARD>1039,815</SARD>
    <SICI>1949,81</SICI>
    <SUD>2468,658</SUD>
  </Fabbisogno>
  <Fabbisogno>
    <Data>20161227</Data>
    <Mercato>MGP</Mercato>
    <Ora>15</Ora>
    <Italia>32558,246</Italia>
    <CNOR>3491,38</CNOR>
    <CSUD>5578,131</CSUD>
    <NORD>18000,991</NORD>
    <SARD>1026,813</SARD>
    <SICI>1972,835</SICI>
    <SUD>2488,096</SUD>
  </Fabbisogno>
  <Fabbisogno>
    <Data>20161227</Data>
    <Mercato>MGP</Mercato>
    <Ora>16</Ora>
    <Italia>33602,764</Italia>
    <CNOR>3606,846</CNOR>
    <CSUD>5806,634</CSUD>
    <NORD>18476,948</NORD>
    <SARD>1058,338</SARD>
    <SICI>2053,936</SICI>
    <SUD>2600,062</SUD>
  </Fabbisogno>
  <Fabbisogno>
    <Data>20161227</Data>
    <Mercato>MGP</Mercato>
    <Ora>17</Ora>
    <Italia>35072,218</Italia>
    <CNOR>3793,272</CNOR>
    <CSUD>6067,21</CSUD>
    <NORD>18976,893</NORD>
    <SARD>1105,201</SARD>
    <SICI>2198,835</SICI>
    <SUD>2930,807</SUD>
  </Fabbisogno>
  <Fabbisogno>
    <Data>20161227</Data>
    <Mercato>MGP</Mercato>
    <Ora>18</Ora>
    <Italia>38108,35</Italia>
    <CNOR>4145,906</CNOR>
    <CSUD>6681,735</CSUD>
    <NORD>20147,231</NORD>
    <SARD>1213,936</SARD>
    <SICI>2529,449</SICI>
    <SUD>3390,093</SUD>
  </Fabbisogno>
  <Fabbisogno>
    <Data>20161227</Data>
    <Mercato>MGP</Mercato>
    <Ora>19</Ora>
    <Italia>37805,622</Italia>
    <CNOR>4146,462</CNOR>
    <CSUD>6804,359</CSUD>
    <NORD>19638,901</NORD>
    <SARD>1264,821</SARD>
    <SICI>2572,463</SICI>
    <SUD>3378,616</SUD>
  </Fabbisogno>
  <Fabbisogno>
    <Data>20161227</Data>
    <Mercato>MGP</Mercato>
    <Ora>20</Ora>
    <Italia>37035,854</Italia>
    <CNOR>4113,458</CNOR>
    <CSUD>6820,232</CSUD>
    <NORD>18885,945</NORD>
    <SARD>1258,365</SARD>
    <SICI>2576,041</SICI>
    <SUD>3381,813</SUD>
  </Fabbisogno>
  <Fabbisogno>
    <Data>20161227</Data>
    <Mercato>MGP</Mercato>
    <Ora>21</Ora>
    <Italia>34893,024</Italia>
    <CNOR>3798,082</CNOR>
    <CSUD>6475,423</CSUD>
    <NORD>17572,235</NORD>
    <SARD>1230,797</SARD>
    <SICI>2519,518</SICI>
    <SUD>3296,969</SUD>
  </Fabbisogno>
  <Fabbisogno>
    <Data>20161227</Data>
    <Mercato>MGP</Mercato>
    <Ora>22</Ora>
    <Italia>32179,254</Italia>
    <CNOR>3476,456</CNOR>
    <CSUD>5974,683</CSUD>
    <NORD>16276,197</NORD>
    <SARD>1126,875</SARD>
    <SICI>2349,658</SICI>
    <SUD>2975,385</SUD>
  </Fabbisogno>
  <Fabbisogno>
    <Data>20161227</Data>
    <Mercato>MGP</Mercato>
    <Ora>23</Ora>
    <Italia>29110,046</Italia>
    <CNOR>3099,635</CNOR>
    <CSUD>5363,779</CSUD>
    <NORD>14829,505</NORD>
    <SARD>1049,854</SARD>
    <SICI>2131,882</SICI>
    <SUD>2635,391</SUD>
  </Fabbisogno>
  <Fabbisogno>
    <Data>20161227</Data>
    <Mercato>MGP</Mercato>
    <Ora>24</Ora>
    <Italia>25477,272</Italia>
    <CNOR>2662,036</CNOR>
    <CSUD>4631,18</CSUD>
    <NORD>13187,681</NORD>
    <SARD>954,825</SARD>
    <SICI>1826,989</SICI>
    <SUD>2214,561</SUD>
  </Fabbisogno>
</NewDataSet>