<?xml version="1.0" standalone="yes"?>
<NewDataSet>
  <xs:schema id="NewDataSet" xmlns="" xmlns:xs="http://www.w3.org/2001/XMLSchema" xmlns:msdata="urn:schemas-microsoft-com:xml-msdata">
    <xs:element name="NewDataSet" msdata:IsDataSet="true" msdata:MainDataTable="marketintervaldetail" msdata:UseCurrentLocale="true">
      <xs:complexType>
        <xs:choice minOccurs="0" maxOccurs="unbounded">
          <xs:element name="marketintervaldetail">
            <xs:complexType>
              <xs:sequence>
                <xs:element name="Data" type="xs:string" minOccurs="0" />
                <xs:element name="Mercato" type="xs:string" minOccurs="0" />
                <xs:element name="Ora" type="xs:string" minOccurs="0" />
                <xs:element name="Totale" type="xs:string" minOccurs="0" />
                <xs:element name="CNOR" type="xs:string" minOccurs="0" />
                <xs:element name="CSUD" type="xs:string" minOccurs="0" />
                <xs:element name="NORD" type="xs:string" minOccurs="0" />
                <xs:element name="SARD" type="xs:string" minOccurs="0" />
                <xs:element name="SICI" type="xs:string" minOccurs="0" />
                <xs:element name="SUD" type="xs:string" minOccurs="0" />
              </xs:sequence>
            </xs:complexType>
          </xs:element>
        </xs:choice>
      </xs:complexType>
    </xs:element>
  </xs:schema>
  <marketintervaldetail>
    <Data>20160730</Data>
    <Mercato>MGP</Mercato>
    <Ora>01</Ora>
    <Totale>31323</Totale>
    <CNOR>3017</CNOR>
    <CSUD>5415</CSUD>
    <NORD>17210</NORD>
    <SARD>1049</SARD>
    <SICI>2222</SICI>
    <SUD>2410</SUD>
  </marketintervaldetail>
  <marketintervaldetail>
    <Data>20160730</Data>
    <Mercato>MGP</Mercato>
    <Ora>02</Ora>
    <Totale>29359</Totale>
    <CNOR>2772</CNOR>
    <CSUD>4971</CSUD>
    <NORD>16249</NORD>
    <SARD>984</SARD>
    <SICI>2125</SICI>
    <SUD>2258</SUD>
  </marketintervaldetail>
  <marketintervaldetail>
    <Data>20160730</Data>
    <Mercato>MGP</Mercato>
    <Ora>03</Ora>
    <Totale>27568</Totale>
    <CNOR>2550</CNOR>
    <CSUD>4640</CSUD>
    <NORD>15193</NORD>
    <SARD>941</SARD>
    <SICI>2100</SICI>
    <SUD>2144</SUD>
  </marketintervaldetail>
  <marketintervaldetail>
    <Data>20160730</Data>
    <Mercato>MGP</Mercato>
    <Ora>04</Ora>
    <Totale>26544</Totale>
    <CNOR>2371</CNOR>
    <CSUD>4515</CSUD>
    <NORD>14653</NORD>
    <SARD>918</SARD>
    <SICI>2019</SICI>
    <SUD>2068</SUD>
  </marketintervaldetail>
  <marketintervaldetail>
    <Data>20160730</Data>
    <Mercato>MGP</Mercato>
    <Ora>05</Ora>
    <Totale>26053</Totale>
    <CNOR>2284</CNOR>
    <CSUD>4445</CSUD>
    <NORD>14302</NORD>
    <SARD>907</SARD>
    <SICI>2077</SICI>
    <SUD>2038</SUD>
  </marketintervaldetail>
  <marketintervaldetail>
    <Data>20160730</Data>
    <Mercato>MGP</Mercato>
    <Ora>06</Ora>
    <Totale>26040</Totale>
    <CNOR>2260</CNOR>
    <CSUD>4452</CSUD>
    <NORD>14293</NORD>
    <SARD>921</SARD>
    <SICI>1991</SICI>
    <SUD>2123</SUD>
  </marketintervaldetail>
  <marketintervaldetail>
    <Data>20160730</Data>
    <Mercato>MGP</Mercato>
    <Ora>07</Ora>
    <Totale>25938</Totale>
    <CNOR>2292</CNOR>
    <CSUD>4400</CSUD>
    <NORD>14272</NORD>
    <SARD>938</SARD>
    <SICI>1944</SICI>
    <SUD>2092</SUD>
  </marketintervaldetail>
  <marketintervaldetail>
    <Data>20160730</Data>
    <Mercato>MGP</Mercato>
    <Ora>08</Ora>
    <Totale>28093</Totale>
    <CNOR>2595</CNOR>
    <CSUD>4721</CSUD>
    <NORD>15463</NORD>
    <SARD>980</SARD>
    <SICI>2040</SICI>
    <SUD>2294</SUD>
  </marketintervaldetail>
  <marketintervaldetail>
    <Data>20160730</Data>
    <Mercato>MGP</Mercato>
    <Ora>09</Ora>
    <Totale>30978</Totale>
    <CNOR>2889</CNOR>
    <CSUD>5227</CSUD>
    <NORD>16922</NORD>
    <SARD>1072</SARD>
    <SICI>2383</SICI>
    <SUD>2485</SUD>
  </marketintervaldetail>
  <marketintervaldetail>
    <Data>20160730</Data>
    <Mercato>MGP</Mercato>
    <Ora>10</Ora>
    <Totale>33102</Totale>
    <CNOR>3137</CNOR>
    <CSUD>5601</CSUD>
    <NORD>18086</NORD>
    <SARD>1104</SARD>
    <SICI>2518</SICI>
    <SUD>2656</SUD>
  </marketintervaldetail>
  <marketintervaldetail>
    <Data>20160730</Data>
    <Mercato>MGP</Mercato>
    <Ora>11</Ora>
    <Totale>33500</Totale>
    <CNOR>3045</CNOR>
    <CSUD>5530</CSUD>
    <NORD>18680</NORD>
    <SARD>1084</SARD>
    <SICI>2539</SICI>
    <SUD>2622</SUD>
  </marketintervaldetail>
  <marketintervaldetail>
    <Data>20160730</Data>
    <Mercato>MGP</Mercato>
    <Ora>12</Ora>
    <Totale>33310</Totale>
    <CNOR>3187</CNOR>
    <CSUD>5593</CSUD>
    <NORD>18283</NORD>
    <SARD>1090</SARD>
    <SICI>2534</SICI>
    <SUD>2623</SUD>
  </marketintervaldetail>
  <marketintervaldetail>
    <Data>20160730</Data>
    <Mercato>MGP</Mercato>
    <Ora>13</Ora>
    <Totale>32086</Totale>
    <CNOR>3102</CNOR>
    <CSUD>5503</CSUD>
    <NORD>17034</NORD>
    <SARD>1129</SARD>
    <SICI>2536</SICI>
    <SUD>2782</SUD>
  </marketintervaldetail>
  <marketintervaldetail>
    <Data>20160730</Data>
    <Mercato>MGP</Mercato>
    <Ora>14</Ora>
    <Totale>30864</Totale>
    <CNOR>2976</CNOR>
    <CSUD>5452</CSUD>
    <NORD>16005</NORD>
    <SARD>1069</SARD>
    <SICI>2536</SICI>
    <SUD>2826</SUD>
  </marketintervaldetail>
  <marketintervaldetail>
    <Data>20160730</Data>
    <Mercato>MGP</Mercato>
    <Ora>15</Ora>
    <Totale>29549</Totale>
    <CNOR>2703</CNOR>
    <CSUD>5375</CSUD>
    <NORD>15251</NORD>
    <SARD>1078</SARD>
    <SICI>2464</SICI>
    <SUD>2678</SUD>
  </marketintervaldetail>
  <marketintervaldetail>
    <Data>20160730</Data>
    <Mercato>MGP</Mercato>
    <Ora>16</Ora>
    <Totale>30255</Totale>
    <CNOR>2845</CNOR>
    <CSUD>5611</CSUD>
    <NORD>15546</NORD>
    <SARD>1104</SARD>
    <SICI>2372</SICI>
    <SUD>2777</SUD>
  </marketintervaldetail>
  <marketintervaldetail>
    <Data>20160730</Data>
    <Mercato>MGP</Mercato>
    <Ora>17</Ora>
    <Totale>31348</Totale>
    <CNOR>3121</CNOR>
    <CSUD>5865</CSUD>
    <NORD>15865</NORD>
    <SARD>1196</SARD>
    <SICI>2384</SICI>
    <SUD>2917</SUD>
  </marketintervaldetail>
  <marketintervaldetail>
    <Data>20160730</Data>
    <Mercato>MGP</Mercato>
    <Ora>18</Ora>
    <Totale>32235</Totale>
    <CNOR>3348</CNOR>
    <CSUD>5892</CSUD>
    <NORD>16341</NORD>
    <SARD>1137</SARD>
    <SICI>2413</SICI>
    <SUD>3104</SUD>
  </marketintervaldetail>
  <marketintervaldetail>
    <Data>20160730</Data>
    <Mercato>MGP</Mercato>
    <Ora>19</Ora>
    <Totale>32880</Totale>
    <CNOR>3155</CNOR>
    <CSUD>6065</CSUD>
    <NORD>16939</NORD>
    <SARD>1148</SARD>
    <SICI>2505</SICI>
    <SUD>3068</SUD>
  </marketintervaldetail>
  <marketintervaldetail>
    <Data>20160730</Data>
    <Mercato>MGP</Mercato>
    <Ora>20</Ora>
    <Totale>33663</Totale>
    <CNOR>3286</CNOR>
    <CSUD>6033</CSUD>
    <NORD>17277</NORD>
    <SARD>1238</SARD>
    <SICI>2562</SICI>
    <SUD>3267</SUD>
  </marketintervaldetail>
  <marketintervaldetail>
    <Data>20160730</Data>
    <Mercato>MGP</Mercato>
    <Ora>21</Ora>
    <Totale>34108</Totale>
    <CNOR>3246</CNOR>
    <CSUD>6102</CSUD>
    <NORD>17207</NORD>
    <SARD>1286</SARD>
    <SICI>2715</SICI>
    <SUD>3552</SUD>
  </marketintervaldetail>
  <marketintervaldetail>
    <Data>20160730</Data>
    <Mercato>MGP</Mercato>
    <Ora>22</Ora>
    <Totale>34181</Totale>
    <CNOR>3202</CNOR>
    <CSUD>6072</CSUD>
    <NORD>17531</NORD>
    <SARD>1271</SARD>
    <SICI>2753</SICI>
    <SUD>3352</SUD>
  </marketintervaldetail>
  <marketintervaldetail>
    <Data>20160730</Data>
    <Mercato>MGP</Mercato>
    <Ora>23</Ora>
    <Totale>32055</Totale>
    <CNOR>2999</CNOR>
    <CSUD>5758</CSUD>
    <NORD>16511</NORD>
    <SARD>1212</SARD>
    <SICI>2607</SICI>
    <SUD>2968</SUD>
  </marketintervaldetail>
  <marketintervaldetail>
    <Data>20160730</Data>
    <Mercato>MGP</Mercato>
    <Ora>24</Ora>
    <Totale>29905</Totale>
    <CNOR>2811</CNOR>
    <CSUD>5295</CSUD>
    <NORD>15466</NORD>
    <SARD>1128</SARD>
    <SICI>2413</SICI>
    <SUD>2792</SUD>
  </marketintervaldetail>
</NewDataSet>