<?xml version="1.0" standalone="yes"?>
<NewDataSet>
  <xs:schema id="NewDataSet" xmlns="" xmlns:xs="http://www.w3.org/2001/XMLSchema" xmlns:msdata="urn:schemas-microsoft-com:xml-msdata">
    <xs:element name="NewDataSet" msdata:IsDataSet="true" msdata:MainDataTable="marketintervaldetail" msdata:UseCurrentLocale="true">
      <xs:complexType>
        <xs:choice minOccurs="0" maxOccurs="unbounded">
          <xs:element name="marketintervaldetail">
            <xs:complexType>
              <xs:sequence>
                <xs:element name="Data" type="xs:string" minOccurs="0" />
                <xs:element name="Mercato" type="xs:string" minOccurs="0" />
                <xs:element name="Ora" type="xs:string" minOccurs="0" />
                <xs:element name="Totale" type="xs:string" minOccurs="0" />
                <xs:element name="CNOR" type="xs:string" minOccurs="0" />
                <xs:element name="CSUD" type="xs:string" minOccurs="0" />
                <xs:element name="NORD" type="xs:string" minOccurs="0" />
                <xs:element name="SARD" type="xs:string" minOccurs="0" />
                <xs:element name="SICI" type="xs:string" minOccurs="0" />
                <xs:element name="SUD" type="xs:string" minOccurs="0" />
              </xs:sequence>
            </xs:complexType>
          </xs:element>
        </xs:choice>
      </xs:complexType>
    </xs:element>
  </xs:schema>
  <marketintervaldetail>
    <Data>20160705</Data>
    <Mercato>MGP</Mercato>
    <Ora>01</Ora>
    <Totale>32128</Totale>
    <CNOR>2735</CNOR>
    <CSUD>4962</CSUD>
    <NORD>18645</NORD>
    <SARD>986</SARD>
    <SICI>2055</SICI>
    <SUD>2745</SUD>
  </marketintervaldetail>
  <marketintervaldetail>
    <Data>20160705</Data>
    <Mercato>MGP</Mercato>
    <Ora>02</Ora>
    <Totale>30043</Totale>
    <CNOR>2528</CNOR>
    <CSUD>4585</CSUD>
    <NORD>17519</NORD>
    <SARD>929</SARD>
    <SICI>1898</SICI>
    <SUD>2584</SUD>
  </marketintervaldetail>
  <marketintervaldetail>
    <Data>20160705</Data>
    <Mercato>MGP</Mercato>
    <Ora>03</Ora>
    <Totale>28686</Totale>
    <CNOR>2354</CNOR>
    <CSUD>4343</CSUD>
    <NORD>16866</NORD>
    <SARD>883</SARD>
    <SICI>1789</SICI>
    <SUD>2451</SUD>
  </marketintervaldetail>
  <marketintervaldetail>
    <Data>20160705</Data>
    <Mercato>MGP</Mercato>
    <Ora>04</Ora>
    <Totale>28130</Totale>
    <CNOR>2323</CNOR>
    <CSUD>4238</CSUD>
    <NORD>16574</NORD>
    <SARD>863</SARD>
    <SICI>1740</SICI>
    <SUD>2392</SUD>
  </marketintervaldetail>
  <marketintervaldetail>
    <Data>20160705</Data>
    <Mercato>MGP</Mercato>
    <Ora>05</Ora>
    <Totale>27865</Totale>
    <CNOR>2275</CNOR>
    <CSUD>4220</CSUD>
    <NORD>16472</NORD>
    <SARD>868</SARD>
    <SICI>1705</SICI>
    <SUD>2325</SUD>
  </marketintervaldetail>
  <marketintervaldetail>
    <Data>20160705</Data>
    <Mercato>MGP</Mercato>
    <Ora>06</Ora>
    <Totale>28027</Totale>
    <CNOR>2336</CNOR>
    <CSUD>4282</CSUD>
    <NORD>16558</NORD>
    <SARD>880</SARD>
    <SICI>1704</SICI>
    <SUD>2267</SUD>
  </marketintervaldetail>
  <marketintervaldetail>
    <Data>20160705</Data>
    <Mercato>MGP</Mercato>
    <Ora>07</Ora>
    <Totale>30290</Totale>
    <CNOR>2632</CNOR>
    <CSUD>4578</CSUD>
    <NORD>18083</NORD>
    <SARD>899</SARD>
    <SICI>1727</SICI>
    <SUD>2371</SUD>
  </marketintervaldetail>
  <marketintervaldetail>
    <Data>20160705</Data>
    <Mercato>MGP</Mercato>
    <Ora>08</Ora>
    <Totale>36034</Totale>
    <CNOR>3460</CNOR>
    <CSUD>5357</CSUD>
    <NORD>21531</NORD>
    <SARD>980</SARD>
    <SICI>1952</SICI>
    <SUD>2754</SUD>
  </marketintervaldetail>
  <marketintervaldetail>
    <Data>20160705</Data>
    <Mercato>MGP</Mercato>
    <Ora>09</Ora>
    <Totale>41589</Totale>
    <CNOR>4188</CNOR>
    <CSUD>6150</CSUD>
    <NORD>24682</NORD>
    <SARD>1062</SARD>
    <SICI>2275</SICI>
    <SUD>3232</SUD>
  </marketintervaldetail>
  <marketintervaldetail>
    <Data>20160705</Data>
    <Mercato>MGP</Mercato>
    <Ora>10</Ora>
    <Totale>44199</Totale>
    <CNOR>4669</CNOR>
    <CSUD>6673</CSUD>
    <NORD>25880</NORD>
    <SARD>1096</SARD>
    <SICI>2437</SICI>
    <SUD>3444</SUD>
  </marketintervaldetail>
  <marketintervaldetail>
    <Data>20160705</Data>
    <Mercato>MGP</Mercato>
    <Ora>11</Ora>
    <Totale>45023</Totale>
    <CNOR>4885</CNOR>
    <CSUD>6992</CSUD>
    <NORD>26085</NORD>
    <SARD>1101</SARD>
    <SICI>2507</SICI>
    <SUD>3453</SUD>
  </marketintervaldetail>
  <marketintervaldetail>
    <Data>20160705</Data>
    <Mercato>MGP</Mercato>
    <Ora>12</Ora>
    <Totale>45449</Totale>
    <CNOR>4937</CNOR>
    <CSUD>7200</CSUD>
    <NORD>26233</NORD>
    <SARD>1102</SARD>
    <SICI>2499</SICI>
    <SUD>3478</SUD>
  </marketintervaldetail>
  <marketintervaldetail>
    <Data>20160705</Data>
    <Mercato>MGP</Mercato>
    <Ora>13</Ora>
    <Totale>44193</Totale>
    <CNOR>4743</CNOR>
    <CSUD>7132</CSUD>
    <NORD>25113</NORD>
    <SARD>1096</SARD>
    <SICI>2508</SICI>
    <SUD>3601</SUD>
  </marketintervaldetail>
  <marketintervaldetail>
    <Data>20160705</Data>
    <Mercato>MGP</Mercato>
    <Ora>14</Ora>
    <Totale>43618</Totale>
    <CNOR>4580</CNOR>
    <CSUD>7113</CSUD>
    <NORD>25075</NORD>
    <SARD>1039</SARD>
    <SICI>2397</SICI>
    <SUD>3414</SUD>
  </marketintervaldetail>
  <marketintervaldetail>
    <Data>20160705</Data>
    <Mercato>MGP</Mercato>
    <Ora>15</Ora>
    <Totale>44996</Totale>
    <CNOR>4832</CNOR>
    <CSUD>7105</CSUD>
    <NORD>26216</NORD>
    <SARD>1010</SARD>
    <SICI>2432</SICI>
    <SUD>3401</SUD>
  </marketintervaldetail>
  <marketintervaldetail>
    <Data>20160705</Data>
    <Mercato>MGP</Mercato>
    <Ora>16</Ora>
    <Totale>45247</Totale>
    <CNOR>4994</CNOR>
    <CSUD>6878</CSUD>
    <NORD>26493</NORD>
    <SARD>1035</SARD>
    <SICI>2381</SICI>
    <SUD>3466</SUD>
  </marketintervaldetail>
  <marketintervaldetail>
    <Data>20160705</Data>
    <Mercato>MGP</Mercato>
    <Ora>17</Ora>
    <Totale>45663</Totale>
    <CNOR>4897</CNOR>
    <CSUD>6988</CSUD>
    <NORD>26666</NORD>
    <SARD>1049</SARD>
    <SICI>2546</SICI>
    <SUD>3517</SUD>
  </marketintervaldetail>
  <marketintervaldetail>
    <Data>20160705</Data>
    <Mercato>MGP</Mercato>
    <Ora>18</Ora>
    <Totale>45116</Totale>
    <CNOR>4839</CNOR>
    <CSUD>6955</CSUD>
    <NORD>26018</NORD>
    <SARD>1086</SARD>
    <SICI>2650</SICI>
    <SUD>3568</SUD>
  </marketintervaldetail>
  <marketintervaldetail>
    <Data>20160705</Data>
    <Mercato>MGP</Mercato>
    <Ora>19</Ora>
    <Totale>43839</Totale>
    <CNOR>4602</CNOR>
    <CSUD>6702</CSUD>
    <NORD>25185</NORD>
    <SARD>1114</SARD>
    <SICI>2683</SICI>
    <SUD>3553</SUD>
  </marketintervaldetail>
  <marketintervaldetail>
    <Data>20160705</Data>
    <Mercato>MGP</Mercato>
    <Ora>20</Ora>
    <Totale>43454</Totale>
    <CNOR>4371</CNOR>
    <CSUD>6748</CSUD>
    <NORD>25034</NORD>
    <SARD>1185</SARD>
    <SICI>2601</SICI>
    <SUD>3515</SUD>
  </marketintervaldetail>
  <marketintervaldetail>
    <Data>20160705</Data>
    <Mercato>MGP</Mercato>
    <Ora>21</Ora>
    <Totale>42445</Totale>
    <CNOR>4050</CNOR>
    <CSUD>6608</CSUD>
    <NORD>24319</NORD>
    <SARD>1214</SARD>
    <SICI>2630</SICI>
    <SUD>3624</SUD>
  </marketintervaldetail>
  <marketintervaldetail>
    <Data>20160705</Data>
    <Mercato>MGP</Mercato>
    <Ora>22</Ora>
    <Totale>42344</Totale>
    <CNOR>3927</CNOR>
    <CSUD>6619</CSUD>
    <NORD>24094</NORD>
    <SARD>1230</SARD>
    <SICI>2700</SICI>
    <SUD>3774</SUD>
  </marketintervaldetail>
  <marketintervaldetail>
    <Data>20160705</Data>
    <Mercato>MGP</Mercato>
    <Ora>23</Ora>
    <Totale>40314</Totale>
    <CNOR>3906</CNOR>
    <CSUD>6231</CSUD>
    <NORD>22944</NORD>
    <SARD>1173</SARD>
    <SICI>2544</SICI>
    <SUD>3516</SUD>
  </marketintervaldetail>
  <marketintervaldetail>
    <Data>20160705</Data>
    <Mercato>MGP</Mercato>
    <Ora>24</Ora>
    <Totale>36804</Totale>
    <CNOR>3519</CNOR>
    <CSUD>5694</CSUD>
    <NORD>20929</NORD>
    <SARD>1085</SARD>
    <SICI>2333</SICI>
    <SUD>3244</SUD>
  </marketintervaldetail>
</NewDataSet>