<?xml version="1.0" standalone="yes"?>
<NewDataSet>
  <xs:schema id="NewDataSet" xmlns="" xmlns:xs="http://www.w3.org/2001/XMLSchema" xmlns:msdata="urn:schemas-microsoft-com:xml-msdata">
    <xs:element name="NewDataSet" msdata:IsDataSet="true" msdata:MainDataTable="marketintervaldetail" msdata:UseCurrentLocale="true">
      <xs:complexType>
        <xs:choice minOccurs="0" maxOccurs="unbounded">
          <xs:element name="marketintervaldetail">
            <xs:complexType>
              <xs:sequence>
                <xs:element name="Data" type="xs:string" minOccurs="0" />
                <xs:element name="Mercato" type="xs:string" minOccurs="0" />
                <xs:element name="Ora" type="xs:string" minOccurs="0" />
                <xs:element name="Totale" type="xs:string" minOccurs="0" />
                <xs:element name="CNOR" type="xs:string" minOccurs="0" />
                <xs:element name="CSUD" type="xs:string" minOccurs="0" />
                <xs:element name="NORD" type="xs:string" minOccurs="0" />
                <xs:element name="SARD" type="xs:string" minOccurs="0" />
                <xs:element name="SICI" type="xs:string" minOccurs="0" />
                <xs:element name="SUD" type="xs:string" minOccurs="0" />
              </xs:sequence>
            </xs:complexType>
          </xs:element>
        </xs:choice>
      </xs:complexType>
    </xs:element>
  </xs:schema>
  <marketintervaldetail>
    <Data>20160719</Data>
    <Mercato>MGP</Mercato>
    <Ora>01</Ora>
    <Totale>30086</Totale>
    <CNOR>3138</CNOR>
    <CSUD>4401</CSUD>
    <NORD>16791</NORD>
    <SARD>985</SARD>
    <SICI>2100</SICI>
    <SUD>2671</SUD>
  </marketintervaldetail>
  <marketintervaldetail>
    <Data>20160719</Data>
    <Mercato>MGP</Mercato>
    <Ora>02</Ora>
    <Totale>28353</Totale>
    <CNOR>2940</CNOR>
    <CSUD>4163</CSUD>
    <NORD>15828</NORD>
    <SARD>927</SARD>
    <SICI>1995</SICI>
    <SUD>2500</SUD>
  </marketintervaldetail>
  <marketintervaldetail>
    <Data>20160719</Data>
    <Mercato>MGP</Mercato>
    <Ora>03</Ora>
    <Totale>27360</Totale>
    <CNOR>2809</CNOR>
    <CSUD>4014</CSUD>
    <NORD>15345</NORD>
    <SARD>911</SARD>
    <SICI>1891</SICI>
    <SUD>2390</SUD>
  </marketintervaldetail>
  <marketintervaldetail>
    <Data>20160719</Data>
    <Mercato>MGP</Mercato>
    <Ora>04</Ora>
    <Totale>26884</Totale>
    <CNOR>2842</CNOR>
    <CSUD>3932</CSUD>
    <NORD>15120</NORD>
    <SARD>870</SARD>
    <SICI>1818</SICI>
    <SUD>2302</SUD>
  </marketintervaldetail>
  <marketintervaldetail>
    <Data>20160719</Data>
    <Mercato>MGP</Mercato>
    <Ora>05</Ora>
    <Totale>27042</Totale>
    <CNOR>2862</CNOR>
    <CSUD>3958</CSUD>
    <NORD>15287</NORD>
    <SARD>851</SARD>
    <SICI>1762</SICI>
    <SUD>2322</SUD>
  </marketintervaldetail>
  <marketintervaldetail>
    <Data>20160719</Data>
    <Mercato>MGP</Mercato>
    <Ora>06</Ora>
    <Totale>27829</Totale>
    <CNOR>2932</CNOR>
    <CSUD>3990</CSUD>
    <NORD>15899</NORD>
    <SARD>872</SARD>
    <SICI>1752</SICI>
    <SUD>2384</SUD>
  </marketintervaldetail>
  <marketintervaldetail>
    <Data>20160719</Data>
    <Mercato>MGP</Mercato>
    <Ora>07</Ora>
    <Totale>30111</Totale>
    <CNOR>3179</CNOR>
    <CSUD>4226</CSUD>
    <NORD>17718</NORD>
    <SARD>893</SARD>
    <SICI>1745</SICI>
    <SUD>2350</SUD>
  </marketintervaldetail>
  <marketintervaldetail>
    <Data>20160719</Data>
    <Mercato>MGP</Mercato>
    <Ora>08</Ora>
    <Totale>35237</Totale>
    <CNOR>3881</CNOR>
    <CSUD>4879</CSUD>
    <NORD>20779</NORD>
    <SARD>975</SARD>
    <SICI>1914</SICI>
    <SUD>2809</SUD>
  </marketintervaldetail>
  <marketintervaldetail>
    <Data>20160719</Data>
    <Mercato>MGP</Mercato>
    <Ora>09</Ora>
    <Totale>40482</Totale>
    <CNOR>4710</CNOR>
    <CSUD>5557</CSUD>
    <NORD>23873</NORD>
    <SARD>1033</SARD>
    <SICI>2192</SICI>
    <SUD>3117</SUD>
  </marketintervaldetail>
  <marketintervaldetail>
    <Data>20160719</Data>
    <Mercato>MGP</Mercato>
    <Ora>10</Ora>
    <Totale>42404</Totale>
    <CNOR>4869</CNOR>
    <CSUD>5971</CSUD>
    <NORD>24938</NORD>
    <SARD>1057</SARD>
    <SICI>2296</SICI>
    <SUD>3273</SUD>
  </marketintervaldetail>
  <marketintervaldetail>
    <Data>20160719</Data>
    <Mercato>MGP</Mercato>
    <Ora>11</Ora>
    <Totale>43065</Totale>
    <CNOR>4871</CNOR>
    <CSUD>6265</CSUD>
    <NORD>25095</NORD>
    <SARD>1037</SARD>
    <SICI>2311</SICI>
    <SUD>3486</SUD>
  </marketintervaldetail>
  <marketintervaldetail>
    <Data>20160719</Data>
    <Mercato>MGP</Mercato>
    <Ora>12</Ora>
    <Totale>43235</Totale>
    <CNOR>5020</CNOR>
    <CSUD>6427</CSUD>
    <NORD>25182</NORD>
    <SARD>1009</SARD>
    <SICI>2217</SICI>
    <SUD>3380</SUD>
  </marketintervaldetail>
  <marketintervaldetail>
    <Data>20160719</Data>
    <Mercato>MGP</Mercato>
    <Ora>13</Ora>
    <Totale>41945</Totale>
    <CNOR>4829</CNOR>
    <CSUD>6333</CSUD>
    <NORD>23924</NORD>
    <SARD>1003</SARD>
    <SICI>2317</SICI>
    <SUD>3539</SUD>
  </marketintervaldetail>
  <marketintervaldetail>
    <Data>20160719</Data>
    <Mercato>MGP</Mercato>
    <Ora>14</Ora>
    <Totale>41053</Totale>
    <CNOR>4577</CNOR>
    <CSUD>6063</CSUD>
    <NORD>23890</NORD>
    <SARD>992</SARD>
    <SICI>2217</SICI>
    <SUD>3314</SUD>
  </marketintervaldetail>
  <marketintervaldetail>
    <Data>20160719</Data>
    <Mercato>MGP</Mercato>
    <Ora>15</Ora>
    <Totale>41934</Totale>
    <CNOR>4914</CNOR>
    <CSUD>6112</CSUD>
    <NORD>24749</NORD>
    <SARD>997</SARD>
    <SICI>2102</SICI>
    <SUD>3060</SUD>
  </marketintervaldetail>
  <marketintervaldetail>
    <Data>20160719</Data>
    <Mercato>MGP</Mercato>
    <Ora>16</Ora>
    <Totale>41781</Totale>
    <CNOR>4883</CNOR>
    <CSUD>6356</CSUD>
    <NORD>24627</NORD>
    <SARD>982</SARD>
    <SICI>2079</SICI>
    <SUD>2854</SUD>
  </marketintervaldetail>
  <marketintervaldetail>
    <Data>20160719</Data>
    <Mercato>MGP</Mercato>
    <Ora>17</Ora>
    <Totale>41944</Totale>
    <CNOR>4851</CNOR>
    <CSUD>6512</CSUD>
    <NORD>24363</NORD>
    <SARD>1014</SARD>
    <SICI>2173</SICI>
    <SUD>3031</SUD>
  </marketintervaldetail>
  <marketintervaldetail>
    <Data>20160719</Data>
    <Mercato>MGP</Mercato>
    <Ora>18</Ora>
    <Totale>41111</Totale>
    <CNOR>4612</CNOR>
    <CSUD>6318</CSUD>
    <NORD>23845</NORD>
    <SARD>1021</SARD>
    <SICI>2279</SICI>
    <SUD>3036</SUD>
  </marketintervaldetail>
  <marketintervaldetail>
    <Data>20160719</Data>
    <Mercato>MGP</Mercato>
    <Ora>19</Ora>
    <Totale>40239</Totale>
    <CNOR>4459</CNOR>
    <CSUD>6311</CSUD>
    <NORD>22967</NORD>
    <SARD>1051</SARD>
    <SICI>2309</SICI>
    <SUD>3142</SUD>
  </marketintervaldetail>
  <marketintervaldetail>
    <Data>20160719</Data>
    <Mercato>MGP</Mercato>
    <Ora>20</Ora>
    <Totale>39425</Totale>
    <CNOR>4369</CNOR>
    <CSUD>6008</CSUD>
    <NORD>22436</NORD>
    <SARD>1113</SARD>
    <SICI>2303</SICI>
    <SUD>3196</SUD>
  </marketintervaldetail>
  <marketintervaldetail>
    <Data>20160719</Data>
    <Mercato>MGP</Mercato>
    <Ora>21</Ora>
    <Totale>39619</Totale>
    <CNOR>4435</CNOR>
    <CSUD>6400</CSUD>
    <NORD>21620</NORD>
    <SARD>1196</SARD>
    <SICI>2441</SICI>
    <SUD>3527</SUD>
  </marketintervaldetail>
  <marketintervaldetail>
    <Data>20160719</Data>
    <Mercato>MGP</Mercato>
    <Ora>22</Ora>
    <Totale>39411</Totale>
    <CNOR>4316</CNOR>
    <CSUD>6236</CSUD>
    <NORD>21736</NORD>
    <SARD>1211</SARD>
    <SICI>2430</SICI>
    <SUD>3482</SUD>
  </marketintervaldetail>
  <marketintervaldetail>
    <Data>20160719</Data>
    <Mercato>MGP</Mercato>
    <Ora>23</Ora>
    <Totale>36466</Totale>
    <CNOR>3998</CNOR>
    <CSUD>5666</CSUD>
    <NORD>20192</NORD>
    <SARD>1142</SARD>
    <SICI>2306</SICI>
    <SUD>3162</SUD>
  </marketintervaldetail>
  <marketintervaldetail>
    <Data>20160719</Data>
    <Mercato>MGP</Mercato>
    <Ora>24</Ora>
    <Totale>33290</Totale>
    <CNOR>3584</CNOR>
    <CSUD>5149</CSUD>
    <NORD>18498</NORD>
    <SARD>1078</SARD>
    <SICI>2144</SICI>
    <SUD>2837</SUD>
  </marketintervaldetail>
</NewDataSet>