<?xml version="1.0" standalone="yes"?>
<NewDataSet>
  <xs:schema id="NewDataSet" xmlns="" xmlns:xs="http://www.w3.org/2001/XMLSchema" xmlns:msdata="urn:schemas-microsoft-com:xml-msdata">
    <xs:element name="NewDataSet" msdata:IsDataSet="true" msdata:MainDataTable="marketintervaldetail" msdata:UseCurrentLocale="true">
      <xs:complexType>
        <xs:choice minOccurs="0" maxOccurs="unbounded">
          <xs:element name="marketintervaldetail">
            <xs:complexType>
              <xs:sequence>
                <xs:element name="Data" type="xs:string" minOccurs="0" />
                <xs:element name="Mercato" type="xs:string" minOccurs="0" />
                <xs:element name="Ora" type="xs:string" minOccurs="0" />
                <xs:element name="Totale" type="xs:string" minOccurs="0" />
                <xs:element name="CNOR" type="xs:string" minOccurs="0" />
                <xs:element name="CSUD" type="xs:string" minOccurs="0" />
                <xs:element name="NORD" type="xs:string" minOccurs="0" />
                <xs:element name="SARD" type="xs:string" minOccurs="0" />
                <xs:element name="SICI" type="xs:string" minOccurs="0" />
                <xs:element name="SUD" type="xs:string" minOccurs="0" />
              </xs:sequence>
            </xs:complexType>
          </xs:element>
        </xs:choice>
      </xs:complexType>
    </xs:element>
  </xs:schema>
  <marketintervaldetail>
    <Data>20160710</Data>
    <Mercato>MGP</Mercato>
    <Ora>01</Ora>
    <Totale>29926</Totale>
    <CNOR>3218</CNOR>
    <CSUD>4992</CSUD>
    <NORD>15604</NORD>
    <SARD>1024</SARD>
    <SICI>2086</SICI>
    <SUD>3002</SUD>
  </marketintervaldetail>
  <marketintervaldetail>
    <Data>20160710</Data>
    <Mercato>MGP</Mercato>
    <Ora>02</Ora>
    <Totale>27593</Totale>
    <CNOR>2941</CNOR>
    <CSUD>4598</CSUD>
    <NORD>14421</NORD>
    <SARD>967</SARD>
    <SICI>1920</SICI>
    <SUD>2746</SUD>
  </marketintervaldetail>
  <marketintervaldetail>
    <Data>20160710</Data>
    <Mercato>MGP</Mercato>
    <Ora>03</Ora>
    <Totale>26122</Totale>
    <CNOR>2719</CNOR>
    <CSUD>4299</CSUD>
    <NORD>13755</NORD>
    <SARD>936</SARD>
    <SICI>1802</SICI>
    <SUD>2611</SUD>
  </marketintervaldetail>
  <marketintervaldetail>
    <Data>20160710</Data>
    <Mercato>MGP</Mercato>
    <Ora>04</Ora>
    <Totale>25170</Totale>
    <CNOR>2645</CNOR>
    <CSUD>4104</CSUD>
    <NORD>13264</NORD>
    <SARD>913</SARD>
    <SICI>1720</SICI>
    <SUD>2524</SUD>
  </marketintervaldetail>
  <marketintervaldetail>
    <Data>20160710</Data>
    <Mercato>MGP</Mercato>
    <Ora>05</Ora>
    <Totale>24584</Totale>
    <CNOR>2588</CNOR>
    <CSUD>3984</CSUD>
    <NORD>12955</NORD>
    <SARD>897</SARD>
    <SICI>1674</SICI>
    <SUD>2486</SUD>
  </marketintervaldetail>
  <marketintervaldetail>
    <Data>20160710</Data>
    <Mercato>MGP</Mercato>
    <Ora>06</Ora>
    <Totale>23934</Totale>
    <CNOR>2536</CNOR>
    <CSUD>3895</CSUD>
    <NORD>12645</NORD>
    <SARD>878</SARD>
    <SICI>1644</SICI>
    <SUD>2336</SUD>
  </marketintervaldetail>
  <marketintervaldetail>
    <Data>20160710</Data>
    <Mercato>MGP</Mercato>
    <Ora>07</Ora>
    <Totale>22931</Totale>
    <CNOR>2391</CNOR>
    <CSUD>3762</CSUD>
    <NORD>12133</NORD>
    <SARD>847</SARD>
    <SICI>1581</SICI>
    <SUD>2217</SUD>
  </marketintervaldetail>
  <marketintervaldetail>
    <Data>20160710</Data>
    <Mercato>MGP</Mercato>
    <Ora>08</Ora>
    <Totale>24411</Totale>
    <CNOR>2526</CNOR>
    <CSUD>4049</CSUD>
    <NORD>12853</NORD>
    <SARD>879</SARD>
    <SICI>1722</SICI>
    <SUD>2382</SUD>
  </marketintervaldetail>
  <marketintervaldetail>
    <Data>20160710</Data>
    <Mercato>MGP</Mercato>
    <Ora>09</Ora>
    <Totale>26101</Totale>
    <CNOR>2694</CNOR>
    <CSUD>4410</CSUD>
    <NORD>13663</NORD>
    <SARD>942</SARD>
    <SICI>1890</SICI>
    <SUD>2502</SUD>
  </marketintervaldetail>
  <marketintervaldetail>
    <Data>20160710</Data>
    <Mercato>MGP</Mercato>
    <Ora>10</Ora>
    <Totale>27414</Totale>
    <CNOR>2790</CNOR>
    <CSUD>4728</CSUD>
    <NORD>14222</NORD>
    <SARD>976</SARD>
    <SICI>2024</SICI>
    <SUD>2674</SUD>
  </marketintervaldetail>
  <marketintervaldetail>
    <Data>20160710</Data>
    <Mercato>MGP</Mercato>
    <Ora>11</Ora>
    <Totale>28498</Totale>
    <CNOR>2895</CNOR>
    <CSUD>5063</CSUD>
    <NORD>14752</NORD>
    <SARD>983</SARD>
    <SICI>2071</SICI>
    <SUD>2734</SUD>
  </marketintervaldetail>
  <marketintervaldetail>
    <Data>20160710</Data>
    <Mercato>MGP</Mercato>
    <Ora>12</Ora>
    <Totale>28951</Totale>
    <CNOR>3007</CNOR>
    <CSUD>5237</CSUD>
    <NORD>14866</NORD>
    <SARD>996</SARD>
    <SICI>2087</SICI>
    <SUD>2758</SUD>
  </marketintervaldetail>
  <marketintervaldetail>
    <Data>20160710</Data>
    <Mercato>MGP</Mercato>
    <Ora>13</Ora>
    <Totale>29194</Totale>
    <CNOR>3080</CNOR>
    <CSUD>5358</CSUD>
    <NORD>14764</NORD>
    <SARD>998</SARD>
    <SICI>2110</SICI>
    <SUD>2884</SUD>
  </marketintervaldetail>
  <marketintervaldetail>
    <Data>20160710</Data>
    <Mercato>MGP</Mercato>
    <Ora>14</Ora>
    <Totale>28727</Totale>
    <CNOR>3064</CNOR>
    <CSUD>5371</CSUD>
    <NORD>14455</NORD>
    <SARD>948</SARD>
    <SICI>2056</SICI>
    <SUD>2833</SUD>
  </marketintervaldetail>
  <marketintervaldetail>
    <Data>20160710</Data>
    <Mercato>MGP</Mercato>
    <Ora>15</Ora>
    <Totale>28460</Totale>
    <CNOR>2994</CNOR>
    <CSUD>5278</CSUD>
    <NORD>14550</NORD>
    <SARD>917</SARD>
    <SICI>2003</SICI>
    <SUD>2718</SUD>
  </marketintervaldetail>
  <marketintervaldetail>
    <Data>20160710</Data>
    <Mercato>MGP</Mercato>
    <Ora>16</Ora>
    <Totale>27999</Totale>
    <CNOR>2874</CNOR>
    <CSUD>5263</CSUD>
    <NORD>14320</NORD>
    <SARD>910</SARD>
    <SICI>2022</SICI>
    <SUD>2610</SUD>
  </marketintervaldetail>
  <marketintervaldetail>
    <Data>20160710</Data>
    <Mercato>MGP</Mercato>
    <Ora>17</Ora>
    <Totale>28274</Totale>
    <CNOR>2814</CNOR>
    <CSUD>5244</CSUD>
    <NORD>14587</NORD>
    <SARD>911</SARD>
    <SICI>2097</SICI>
    <SUD>2621</SUD>
  </marketintervaldetail>
  <marketintervaldetail>
    <Data>20160710</Data>
    <Mercato>MGP</Mercato>
    <Ora>18</Ora>
    <Totale>29515</Totale>
    <CNOR>2735</CNOR>
    <CSUD>5242</CSUD>
    <NORD>15679</NORD>
    <SARD>961</SARD>
    <SICI>2172</SICI>
    <SUD>2726</SUD>
  </marketintervaldetail>
  <marketintervaldetail>
    <Data>20160710</Data>
    <Mercato>MGP</Mercato>
    <Ora>19</Ora>
    <Totale>31480</Totale>
    <CNOR>2811</CNOR>
    <CSUD>5417</CSUD>
    <NORD>16995</NORD>
    <SARD>1019</SARD>
    <SICI>2305</SICI>
    <SUD>2933</SUD>
  </marketintervaldetail>
  <marketintervaldetail>
    <Data>20160710</Data>
    <Mercato>MGP</Mercato>
    <Ora>20</Ora>
    <Totale>33057</Totale>
    <CNOR>3068</CNOR>
    <CSUD>5562</CSUD>
    <NORD>17928</NORD>
    <SARD>1070</SARD>
    <SICI>2317</SICI>
    <SUD>3112</SUD>
  </marketintervaldetail>
  <marketintervaldetail>
    <Data>20160710</Data>
    <Mercato>MGP</Mercato>
    <Ora>21</Ora>
    <Totale>33775</Totale>
    <CNOR>3138</CNOR>
    <CSUD>5775</CSUD>
    <NORD>18053</NORD>
    <SARD>1133</SARD>
    <SICI>2379</SICI>
    <SUD>3297</SUD>
  </marketintervaldetail>
  <marketintervaldetail>
    <Data>20160710</Data>
    <Mercato>MGP</Mercato>
    <Ora>22</Ora>
    <Totale>35298</Totale>
    <CNOR>3151</CNOR>
    <CSUD>6065</CSUD>
    <NORD>18924</NORD>
    <SARD>1189</SARD>
    <SICI>2500</SICI>
    <SUD>3469</SUD>
  </marketintervaldetail>
  <marketintervaldetail>
    <Data>20160710</Data>
    <Mercato>MGP</Mercato>
    <Ora>23</Ora>
    <Totale>34500</Totale>
    <CNOR>3192</CNOR>
    <CSUD>5839</CSUD>
    <NORD>18597</NORD>
    <SARD>1155</SARD>
    <SICI>2366</SICI>
    <SUD>3351</SUD>
  </marketintervaldetail>
  <marketintervaldetail>
    <Data>20160710</Data>
    <Mercato>MGP</Mercato>
    <Ora>24</Ora>
    <Totale>31965</Totale>
    <CNOR>2996</CNOR>
    <CSUD>5464</CSUD>
    <NORD>17188</NORD>
    <SARD>1058</SARD>
    <SICI>2215</SICI>
    <SUD>3044</SUD>
  </marketintervaldetail>
</NewDataSet>