<?xml version="1.0" standalone="yes"?>
<NewDataSet>
  <xs:schema id="NewDataSet" xmlns="" xmlns:xs="http://www.w3.org/2001/XMLSchema" xmlns:msdata="urn:schemas-microsoft-com:xml-msdata">
    <xs:element name="NewDataSet" msdata:IsDataSet="true" msdata:MainDataTable="marketintervaldetail" msdata:UseCurrentLocale="true">
      <xs:complexType>
        <xs:choice minOccurs="0" maxOccurs="unbounded">
          <xs:element name="marketintervaldetail">
            <xs:complexType>
              <xs:sequence>
                <xs:element name="Data" type="xs:string" minOccurs="0" />
                <xs:element name="Mercato" type="xs:string" minOccurs="0" />
                <xs:element name="Ora" type="xs:string" minOccurs="0" />
                <xs:element name="Totale" type="xs:string" minOccurs="0" />
                <xs:element name="CNOR" type="xs:string" minOccurs="0" />
                <xs:element name="CSUD" type="xs:string" minOccurs="0" />
                <xs:element name="NORD" type="xs:string" minOccurs="0" />
                <xs:element name="SARD" type="xs:string" minOccurs="0" />
                <xs:element name="SICI" type="xs:string" minOccurs="0" />
                <xs:element name="SUD" type="xs:string" minOccurs="0" />
              </xs:sequence>
            </xs:complexType>
          </xs:element>
        </xs:choice>
      </xs:complexType>
    </xs:element>
  </xs:schema>
  <marketintervaldetail>
    <Data>20160711</Data>
    <Mercato>MGP</Mercato>
    <Ora>01</Ora>
    <Totale>29180</Totale>
    <CNOR>2996</CNOR>
    <CSUD>4474</CSUD>
    <NORD>15827</NORD>
    <SARD>964</SARD>
    <SICI>2131</SICI>
    <SUD>2788</SUD>
  </marketintervaldetail>
  <marketintervaldetail>
    <Data>20160711</Data>
    <Mercato>MGP</Mercato>
    <Ora>02</Ora>
    <Totale>27147</Totale>
    <CNOR>2678</CNOR>
    <CSUD>4179</CSUD>
    <NORD>14814</NORD>
    <SARD>922</SARD>
    <SICI>1979</SICI>
    <SUD>2575</SUD>
  </marketintervaldetail>
  <marketintervaldetail>
    <Data>20160711</Data>
    <Mercato>MGP</Mercato>
    <Ora>03</Ora>
    <Totale>25921</Totale>
    <CNOR>2656</CNOR>
    <CSUD>3974</CSUD>
    <NORD>14108</NORD>
    <SARD>899</SARD>
    <SICI>1864</SICI>
    <SUD>2420</SUD>
  </marketintervaldetail>
  <marketintervaldetail>
    <Data>20160711</Data>
    <Mercato>MGP</Mercato>
    <Ora>04</Ora>
    <Totale>25347</Totale>
    <CNOR>2531</CNOR>
    <CSUD>3847</CSUD>
    <NORD>13954</NORD>
    <SARD>881</SARD>
    <SICI>1804</SICI>
    <SUD>2330</SUD>
  </marketintervaldetail>
  <marketintervaldetail>
    <Data>20160711</Data>
    <Mercato>MGP</Mercato>
    <Ora>05</Ora>
    <Totale>25412</Totale>
    <CNOR>2480</CNOR>
    <CSUD>3858</CSUD>
    <NORD>14157</NORD>
    <SARD>875</SARD>
    <SICI>1769</SICI>
    <SUD>2273</SUD>
  </marketintervaldetail>
  <marketintervaldetail>
    <Data>20160711</Data>
    <Mercato>MGP</Mercato>
    <Ora>06</Ora>
    <Totale>26377</Totale>
    <CNOR>2564</CNOR>
    <CSUD>3962</CSUD>
    <NORD>14975</NORD>
    <SARD>897</SARD>
    <SICI>1757</SICI>
    <SUD>2222</SUD>
  </marketintervaldetail>
  <marketintervaldetail>
    <Data>20160711</Data>
    <Mercato>MGP</Mercato>
    <Ora>07</Ora>
    <Totale>29408</Totale>
    <CNOR>2941</CNOR>
    <CSUD>4281</CSUD>
    <NORD>17144</NORD>
    <SARD>907</SARD>
    <SICI>1797</SICI>
    <SUD>2338</SUD>
  </marketintervaldetail>
  <marketintervaldetail>
    <Data>20160711</Data>
    <Mercato>MGP</Mercato>
    <Ora>08</Ora>
    <Totale>35090</Totale>
    <CNOR>3397</CNOR>
    <CSUD>5037</CSUD>
    <NORD>20855</NORD>
    <SARD>982</SARD>
    <SICI>2105</SICI>
    <SUD>2714</SUD>
  </marketintervaldetail>
  <marketintervaldetail>
    <Data>20160711</Data>
    <Mercato>MGP</Mercato>
    <Ora>09</Ora>
    <Totale>41171</Totale>
    <CNOR>3929</CNOR>
    <CSUD>5893</CSUD>
    <NORD>24634</NORD>
    <SARD>1097</SARD>
    <SICI>2467</SICI>
    <SUD>3151</SUD>
  </marketintervaldetail>
  <marketintervaldetail>
    <Data>20160711</Data>
    <Mercato>MGP</Mercato>
    <Ora>10</Ora>
    <Totale>44350</Totale>
    <CNOR>4412</CNOR>
    <CSUD>6683</CSUD>
    <NORD>26156</NORD>
    <SARD>1157</SARD>
    <SICI>2613</SICI>
    <SUD>3329</SUD>
  </marketintervaldetail>
  <marketintervaldetail>
    <Data>20160711</Data>
    <Mercato>MGP</Mercato>
    <Ora>11</Ora>
    <Totale>45053</Totale>
    <CNOR>4576</CNOR>
    <CSUD>7036</CSUD>
    <NORD>26239</NORD>
    <SARD>1159</SARD>
    <SICI>2639</SICI>
    <SUD>3404</SUD>
  </marketintervaldetail>
  <marketintervaldetail>
    <Data>20160711</Data>
    <Mercato>MGP</Mercato>
    <Ora>12</Ora>
    <Totale>45754</Totale>
    <CNOR>4742</CNOR>
    <CSUD>7184</CSUD>
    <NORD>26466</NORD>
    <SARD>1173</SARD>
    <SICI>2674</SICI>
    <SUD>3515</SUD>
  </marketintervaldetail>
  <marketintervaldetail>
    <Data>20160711</Data>
    <Mercato>MGP</Mercato>
    <Ora>13</Ora>
    <Totale>44160</Totale>
    <CNOR>4566</CNOR>
    <CSUD>7228</CSUD>
    <NORD>24952</NORD>
    <SARD>1168</SARD>
    <SICI>2655</SICI>
    <SUD>3591</SUD>
  </marketintervaldetail>
  <marketintervaldetail>
    <Data>20160711</Data>
    <Mercato>MGP</Mercato>
    <Ora>14</Ora>
    <Totale>44318</Totale>
    <CNOR>4311</CNOR>
    <CSUD>7302</CSUD>
    <NORD>25305</NORD>
    <SARD>1126</SARD>
    <SICI>2660</SICI>
    <SUD>3614</SUD>
  </marketintervaldetail>
  <marketintervaldetail>
    <Data>20160711</Data>
    <Mercato>MGP</Mercato>
    <Ora>15</Ora>
    <Totale>45705</Totale>
    <CNOR>4459</CNOR>
    <CSUD>7366</CSUD>
    <NORD>26547</NORD>
    <SARD>1125</SARD>
    <SICI>2618</SICI>
    <SUD>3590</SUD>
  </marketintervaldetail>
  <marketintervaldetail>
    <Data>20160711</Data>
    <Mercato>MGP</Mercato>
    <Ora>16</Ora>
    <Totale>46333</Totale>
    <CNOR>4448</CNOR>
    <CSUD>7353</CSUD>
    <NORD>27074</NORD>
    <SARD>1105</SARD>
    <SICI>2627</SICI>
    <SUD>3726</SUD>
  </marketintervaldetail>
  <marketintervaldetail>
    <Data>20160711</Data>
    <Mercato>MGP</Mercato>
    <Ora>17</Ora>
    <Totale>46627</Totale>
    <CNOR>4430</CNOR>
    <CSUD>7453</CSUD>
    <NORD>27261</NORD>
    <SARD>1098</SARD>
    <SICI>2698</SICI>
    <SUD>3687</SUD>
  </marketintervaldetail>
  <marketintervaldetail>
    <Data>20160711</Data>
    <Mercato>MGP</Mercato>
    <Ora>18</Ora>
    <Totale>46601</Totale>
    <CNOR>4286</CNOR>
    <CSUD>7563</CSUD>
    <NORD>27104</NORD>
    <SARD>1140</SARD>
    <SICI>2818</SICI>
    <SUD>3690</SUD>
  </marketintervaldetail>
  <marketintervaldetail>
    <Data>20160711</Data>
    <Mercato>MGP</Mercato>
    <Ora>19</Ora>
    <Totale>45283</Totale>
    <CNOR>4134</CNOR>
    <CSUD>7276</CSUD>
    <NORD>26140</NORD>
    <SARD>1183</SARD>
    <SICI>2857</SICI>
    <SUD>3693</SUD>
  </marketintervaldetail>
  <marketintervaldetail>
    <Data>20160711</Data>
    <Mercato>MGP</Mercato>
    <Ora>20</Ora>
    <Totale>44317</Totale>
    <CNOR>4049</CNOR>
    <CSUD>7062</CSUD>
    <NORD>25432</NORD>
    <SARD>1251</SARD>
    <SICI>2782</SICI>
    <SUD>3741</SUD>
  </marketintervaldetail>
  <marketintervaldetail>
    <Data>20160711</Data>
    <Mercato>MGP</Mercato>
    <Ora>21</Ora>
    <Totale>44208</Totale>
    <CNOR>4060</CNOR>
    <CSUD>7144</CSUD>
    <NORD>24974</NORD>
    <SARD>1308</SARD>
    <SICI>2723</SICI>
    <SUD>3999</SUD>
  </marketintervaldetail>
  <marketintervaldetail>
    <Data>20160711</Data>
    <Mercato>MGP</Mercato>
    <Ora>22</Ora>
    <Totale>43632</Totale>
    <CNOR>4025</CNOR>
    <CSUD>6941</CSUD>
    <NORD>24501</NORD>
    <SARD>1319</SARD>
    <SICI>2768</SICI>
    <SUD>4078</SUD>
  </marketintervaldetail>
  <marketintervaldetail>
    <Data>20160711</Data>
    <Mercato>MGP</Mercato>
    <Ora>23</Ora>
    <Totale>41992</Totale>
    <CNOR>3996</CNOR>
    <CSUD>6613</CSUD>
    <NORD>23619</NORD>
    <SARD>1237</SARD>
    <SICI>2704</SICI>
    <SUD>3823</SUD>
  </marketintervaldetail>
  <marketintervaldetail>
    <Data>20160711</Data>
    <Mercato>MGP</Mercato>
    <Ora>24</Ora>
    <Totale>38180</Totale>
    <CNOR>3677</CNOR>
    <CSUD>6007</CSUD>
    <NORD>21464</NORD>
    <SARD>1125</SARD>
    <SICI>2464</SICI>
    <SUD>3443</SUD>
  </marketintervaldetail>
</NewDataSet>