<?xml version="1.0" standalone="yes"?>
<NewDataSet>
  <xs:schema id="NewDataSet" xmlns="" xmlns:xs="http://www.w3.org/2001/XMLSchema" xmlns:msdata="urn:schemas-microsoft-com:xml-msdata">
    <xs:element name="NewDataSet" msdata:IsDataSet="true" msdata:MainDataTable="marketintervaldetail" msdata:UseCurrentLocale="true">
      <xs:complexType>
        <xs:choice minOccurs="0" maxOccurs="unbounded">
          <xs:element name="marketintervaldetail">
            <xs:complexType>
              <xs:sequence>
                <xs:element name="Data" type="xs:string" minOccurs="0" />
                <xs:element name="Mercato" type="xs:string" minOccurs="0" />
                <xs:element name="Ora" type="xs:string" minOccurs="0" />
                <xs:element name="Totale" type="xs:string" minOccurs="0" />
                <xs:element name="CNOR" type="xs:string" minOccurs="0" />
                <xs:element name="CSUD" type="xs:string" minOccurs="0" />
                <xs:element name="NORD" type="xs:string" minOccurs="0" />
                <xs:element name="SARD" type="xs:string" minOccurs="0" />
                <xs:element name="SICI" type="xs:string" minOccurs="0" />
                <xs:element name="SUD" type="xs:string" minOccurs="0" />
              </xs:sequence>
            </xs:complexType>
          </xs:element>
        </xs:choice>
      </xs:complexType>
    </xs:element>
  </xs:schema>
  <marketintervaldetail>
    <Data>20160706</Data>
    <Mercato>MGP</Mercato>
    <Ora>01</Ora>
    <Totale>33368</Totale>
    <CNOR>2819</CNOR>
    <CSUD>5286</CSUD>
    <NORD>19350</NORD>
    <SARD>1000</SARD>
    <SICI>2043</SICI>
    <SUD>2870</SUD>
  </marketintervaldetail>
  <marketintervaldetail>
    <Data>20160706</Data>
    <Mercato>MGP</Mercato>
    <Ora>02</Ora>
    <Totale>31163</Totale>
    <CNOR>2571</CNOR>
    <CSUD>4948</CSUD>
    <NORD>18117</NORD>
    <SARD>932</SARD>
    <SICI>1883</SICI>
    <SUD>2712</SUD>
  </marketintervaldetail>
  <marketintervaldetail>
    <Data>20160706</Data>
    <Mercato>MGP</Mercato>
    <Ora>03</Ora>
    <Totale>29814</Totale>
    <CNOR>2429</CNOR>
    <CSUD>4602</CSUD>
    <NORD>17473</NORD>
    <SARD>889</SARD>
    <SICI>1778</SICI>
    <SUD>2643</SUD>
  </marketintervaldetail>
  <marketintervaldetail>
    <Data>20160706</Data>
    <Mercato>MGP</Mercato>
    <Ora>04</Ora>
    <Totale>29217</Totale>
    <CNOR>2381</CNOR>
    <CSUD>4483</CSUD>
    <NORD>17191</NORD>
    <SARD>868</SARD>
    <SICI>1723</SICI>
    <SUD>2571</SUD>
  </marketintervaldetail>
  <marketintervaldetail>
    <Data>20160706</Data>
    <Mercato>MGP</Mercato>
    <Ora>05</Ora>
    <Totale>29016</Totale>
    <CNOR>2362</CNOR>
    <CSUD>4460</CSUD>
    <NORD>17092</NORD>
    <SARD>873</SARD>
    <SICI>1707</SICI>
    <SUD>2522</SUD>
  </marketintervaldetail>
  <marketintervaldetail>
    <Data>20160706</Data>
    <Mercato>MGP</Mercato>
    <Ora>06</Ora>
    <Totale>29217</Totale>
    <CNOR>2430</CNOR>
    <CSUD>4488</CSUD>
    <NORD>17253</NORD>
    <SARD>883</SARD>
    <SICI>1700</SICI>
    <SUD>2463</SUD>
  </marketintervaldetail>
  <marketintervaldetail>
    <Data>20160706</Data>
    <Mercato>MGP</Mercato>
    <Ora>07</Ora>
    <Totale>31319</Totale>
    <CNOR>2709</CNOR>
    <CSUD>4767</CSUD>
    <NORD>18672</NORD>
    <SARD>906</SARD>
    <SICI>1720</SICI>
    <SUD>2545</SUD>
  </marketintervaldetail>
  <marketintervaldetail>
    <Data>20160706</Data>
    <Mercato>MGP</Mercato>
    <Ora>08</Ora>
    <Totale>36284</Totale>
    <CNOR>3563</CNOR>
    <CSUD>5399</CSUD>
    <NORD>21550</NORD>
    <SARD>993</SARD>
    <SICI>1933</SICI>
    <SUD>2846</SUD>
  </marketintervaldetail>
  <marketintervaldetail>
    <Data>20160706</Data>
    <Mercato>MGP</Mercato>
    <Ora>09</Ora>
    <Totale>41926</Totale>
    <CNOR>4390</CNOR>
    <CSUD>6230</CSUD>
    <NORD>24713</NORD>
    <SARD>1071</SARD>
    <SICI>2232</SICI>
    <SUD>3290</SUD>
  </marketintervaldetail>
  <marketintervaldetail>
    <Data>20160706</Data>
    <Mercato>MGP</Mercato>
    <Ora>10</Ora>
    <Totale>44784</Totale>
    <CNOR>4820</CNOR>
    <CSUD>6820</CSUD>
    <NORD>26107</NORD>
    <SARD>1112</SARD>
    <SICI>2400</SICI>
    <SUD>3525</SUD>
  </marketintervaldetail>
  <marketintervaldetail>
    <Data>20160706</Data>
    <Mercato>MGP</Mercato>
    <Ora>11</Ora>
    <Totale>45772</Totale>
    <CNOR>5011</CNOR>
    <CSUD>7130</CSUD>
    <NORD>26512</NORD>
    <SARD>1105</SARD>
    <SICI>2429</SICI>
    <SUD>3585</SUD>
  </marketintervaldetail>
  <marketintervaldetail>
    <Data>20160706</Data>
    <Mercato>MGP</Mercato>
    <Ora>12</Ora>
    <Totale>46097</Totale>
    <CNOR>5017</CNOR>
    <CSUD>7266</CSUD>
    <NORD>26594</NORD>
    <SARD>1109</SARD>
    <SICI>2433</SICI>
    <SUD>3678</SUD>
  </marketintervaldetail>
  <marketintervaldetail>
    <Data>20160706</Data>
    <Mercato>MGP</Mercato>
    <Ora>13</Ora>
    <Totale>44682</Totale>
    <CNOR>4894</CNOR>
    <CSUD>7279</CSUD>
    <NORD>25131</NORD>
    <SARD>1085</SARD>
    <SICI>2520</SICI>
    <SUD>3773</SUD>
  </marketintervaldetail>
  <marketintervaldetail>
    <Data>20160706</Data>
    <Mercato>MGP</Mercato>
    <Ora>14</Ora>
    <Totale>44257</Totale>
    <CNOR>4771</CNOR>
    <CSUD>7214</CSUD>
    <NORD>25166</NORD>
    <SARD>1044</SARD>
    <SICI>2376</SICI>
    <SUD>3686</SUD>
  </marketintervaldetail>
  <marketintervaldetail>
    <Data>20160706</Data>
    <Mercato>MGP</Mercato>
    <Ora>15</Ora>
    <Totale>45478</Totale>
    <CNOR>4904</CNOR>
    <CSUD>7217</CSUD>
    <NORD>26319</NORD>
    <SARD>1005</SARD>
    <SICI>2353</SICI>
    <SUD>3680</SUD>
  </marketintervaldetail>
  <marketintervaldetail>
    <Data>20160706</Data>
    <Mercato>MGP</Mercato>
    <Ora>16</Ora>
    <Totale>45546</Totale>
    <CNOR>4910</CNOR>
    <CSUD>7289</CSUD>
    <NORD>26391</NORD>
    <SARD>1009</SARD>
    <SICI>2336</SICI>
    <SUD>3611</SUD>
  </marketintervaldetail>
  <marketintervaldetail>
    <Data>20160706</Data>
    <Mercato>MGP</Mercato>
    <Ora>17</Ora>
    <Totale>45709</Totale>
    <CNOR>4839</CNOR>
    <CSUD>7330</CSUD>
    <NORD>26429</NORD>
    <SARD>1018</SARD>
    <SICI>2501</SICI>
    <SUD>3592</SUD>
  </marketintervaldetail>
  <marketintervaldetail>
    <Data>20160706</Data>
    <Mercato>MGP</Mercato>
    <Ora>18</Ora>
    <Totale>45533</Totale>
    <CNOR>4873</CNOR>
    <CSUD>7321</CSUD>
    <NORD>25936</NORD>
    <SARD>1071</SARD>
    <SICI>2605</SICI>
    <SUD>3727</SUD>
  </marketintervaldetail>
  <marketintervaldetail>
    <Data>20160706</Data>
    <Mercato>MGP</Mercato>
    <Ora>19</Ora>
    <Totale>44117</Totale>
    <CNOR>4654</CNOR>
    <CSUD>7143</CSUD>
    <NORD>24817</NORD>
    <SARD>1096</SARD>
    <SICI>2621</SICI>
    <SUD>3786</SUD>
  </marketintervaldetail>
  <marketintervaldetail>
    <Data>20160706</Data>
    <Mercato>MGP</Mercato>
    <Ora>20</Ora>
    <Totale>43253</Totale>
    <CNOR>4418</CNOR>
    <CSUD>6954</CSUD>
    <NORD>24393</NORD>
    <SARD>1160</SARD>
    <SICI>2567</SICI>
    <SUD>3761</SUD>
  </marketintervaldetail>
  <marketintervaldetail>
    <Data>20160706</Data>
    <Mercato>MGP</Mercato>
    <Ora>21</Ora>
    <Totale>42383</Totale>
    <CNOR>4159</CNOR>
    <CSUD>6833</CSUD>
    <NORD>23702</NORD>
    <SARD>1199</SARD>
    <SICI>2621</SICI>
    <SUD>3869</SUD>
  </marketintervaldetail>
  <marketintervaldetail>
    <Data>20160706</Data>
    <Mercato>MGP</Mercato>
    <Ora>22</Ora>
    <Totale>42108</Totale>
    <CNOR>4067</CNOR>
    <CSUD>6814</CSUD>
    <NORD>23480</NORD>
    <SARD>1209</SARD>
    <SICI>2673</SICI>
    <SUD>3865</SUD>
  </marketintervaldetail>
  <marketintervaldetail>
    <Data>20160706</Data>
    <Mercato>MGP</Mercato>
    <Ora>23</Ora>
    <Totale>39514</Totale>
    <CNOR>3940</CNOR>
    <CSUD>6389</CSUD>
    <NORD>21939</NORD>
    <SARD>1145</SARD>
    <SICI>2534</SICI>
    <SUD>3567</SUD>
  </marketintervaldetail>
  <marketintervaldetail>
    <Data>20160706</Data>
    <Mercato>MGP</Mercato>
    <Ora>24</Ora>
    <Totale>35843</Totale>
    <CNOR>3560</CNOR>
    <CSUD>5830</CSUD>
    <NORD>19779</NORD>
    <SARD>1063</SARD>
    <SICI>2328</SICI>
    <SUD>3283</SUD>
  </marketintervaldetail>
</NewDataSet>