<?xml version="1.0" standalone="yes"?>
<NewDataSet>
  <xs:schema id="NewDataSet" xmlns="" xmlns:xs="http://www.w3.org/2001/XMLSchema" xmlns:msdata="urn:schemas-microsoft-com:xml-msdata">
    <xs:element name="NewDataSet" msdata:IsDataSet="true" msdata:MainDataTable="marketintervaldetail" msdata:UseCurrentLocale="true">
      <xs:complexType>
        <xs:choice minOccurs="0" maxOccurs="unbounded">
          <xs:element name="marketintervaldetail">
            <xs:complexType>
              <xs:sequence>
                <xs:element name="Data" type="xs:string" minOccurs="0" />
                <xs:element name="Mercato" type="xs:string" minOccurs="0" />
                <xs:element name="Ora" type="xs:string" minOccurs="0" />
                <xs:element name="Totale" type="xs:string" minOccurs="0" />
                <xs:element name="CNOR" type="xs:string" minOccurs="0" />
                <xs:element name="CSUD" type="xs:string" minOccurs="0" />
                <xs:element name="NORD" type="xs:string" minOccurs="0" />
                <xs:element name="SARD" type="xs:string" minOccurs="0" />
                <xs:element name="SICI" type="xs:string" minOccurs="0" />
                <xs:element name="SUD" type="xs:string" minOccurs="0" />
              </xs:sequence>
            </xs:complexType>
          </xs:element>
        </xs:choice>
      </xs:complexType>
    </xs:element>
  </xs:schema>
  <marketintervaldetail>
    <Data>20160716</Data>
    <Mercato>MGP</Mercato>
    <Ora>01</Ora>
    <Totale>31979</Totale>
    <CNOR>3004</CNOR>
    <CSUD>4781</CSUD>
    <NORD>18006</NORD>
    <SARD>1012</SARD>
    <SICI>2194</SICI>
    <SUD>2982</SUD>
  </marketintervaldetail>
  <marketintervaldetail>
    <Data>20160716</Data>
    <Mercato>MGP</Mercato>
    <Ora>02</Ora>
    <Totale>29866</Totale>
    <CNOR>2670</CNOR>
    <CSUD>4416</CSUD>
    <NORD>16923</NORD>
    <SARD>967</SARD>
    <SICI>2086</SICI>
    <SUD>2804</SUD>
  </marketintervaldetail>
  <marketintervaldetail>
    <Data>20160716</Data>
    <Mercato>MGP</Mercato>
    <Ora>03</Ora>
    <Totale>28204</Totale>
    <CNOR>2606</CNOR>
    <CSUD>4149</CSUD>
    <NORD>15908</NORD>
    <SARD>931</SARD>
    <SICI>1978</SICI>
    <SUD>2632</SUD>
  </marketintervaldetail>
  <marketintervaldetail>
    <Data>20160716</Data>
    <Mercato>MGP</Mercato>
    <Ora>04</Ora>
    <Totale>27221</Totale>
    <CNOR>2486</CNOR>
    <CSUD>4014</CSUD>
    <NORD>15371</NORD>
    <SARD>904</SARD>
    <SICI>1938</SICI>
    <SUD>2508</SUD>
  </marketintervaldetail>
  <marketintervaldetail>
    <Data>20160716</Data>
    <Mercato>MGP</Mercato>
    <Ora>05</Ora>
    <Totale>26664</Totale>
    <CNOR>2395</CNOR>
    <CSUD>3968</CSUD>
    <NORD>15092</NORD>
    <SARD>899</SARD>
    <SICI>1891</SICI>
    <SUD>2419</SUD>
  </marketintervaldetail>
  <marketintervaldetail>
    <Data>20160716</Data>
    <Mercato>MGP</Mercato>
    <Ora>06</Ora>
    <Totale>26303</Totale>
    <CNOR>2411</CNOR>
    <CSUD>3905</CSUD>
    <NORD>14852</NORD>
    <SARD>903</SARD>
    <SICI>1826</SICI>
    <SUD>2406</SUD>
  </marketintervaldetail>
  <marketintervaldetail>
    <Data>20160716</Data>
    <Mercato>MGP</Mercato>
    <Ora>07</Ora>
    <Totale>26427</Totale>
    <CNOR>2515</CNOR>
    <CSUD>3880</CSUD>
    <NORD>14919</NORD>
    <SARD>905</SARD>
    <SICI>1790</SICI>
    <SUD>2418</SUD>
  </marketintervaldetail>
  <marketintervaldetail>
    <Data>20160716</Data>
    <Mercato>MGP</Mercato>
    <Ora>08</Ora>
    <Totale>28891</Totale>
    <CNOR>2710</CNOR>
    <CSUD>4282</CSUD>
    <NORD>16358</NORD>
    <SARD>947</SARD>
    <SICI>1982</SICI>
    <SUD>2612</SUD>
  </marketintervaldetail>
  <marketintervaldetail>
    <Data>20160716</Data>
    <Mercato>MGP</Mercato>
    <Ora>09</Ora>
    <Totale>31484</Totale>
    <CNOR>3006</CNOR>
    <CSUD>4716</CSUD>
    <NORD>17654</NORD>
    <SARD>1022</SARD>
    <SICI>2257</SICI>
    <SUD>2829</SUD>
  </marketintervaldetail>
  <marketintervaldetail>
    <Data>20160716</Data>
    <Mercato>MGP</Mercato>
    <Ora>10</Ora>
    <Totale>33589</Totale>
    <CNOR>3353</CNOR>
    <CSUD>5237</CSUD>
    <NORD>18452</NORD>
    <SARD>1073</SARD>
    <SICI>2423</SICI>
    <SUD>3051</SUD>
  </marketintervaldetail>
  <marketintervaldetail>
    <Data>20160716</Data>
    <Mercato>MGP</Mercato>
    <Ora>11</Ora>
    <Totale>33911</Totale>
    <CNOR>3485</CNOR>
    <CSUD>5465</CSUD>
    <NORD>18242</NORD>
    <SARD>1074</SARD>
    <SICI>2484</SICI>
    <SUD>3161</SUD>
  </marketintervaldetail>
  <marketintervaldetail>
    <Data>20160716</Data>
    <Mercato>MGP</Mercato>
    <Ora>12</Ora>
    <Totale>33706</Totale>
    <CNOR>3539</CNOR>
    <CSUD>5537</CSUD>
    <NORD>17885</NORD>
    <SARD>1077</SARD>
    <SICI>2466</SICI>
    <SUD>3202</SUD>
  </marketintervaldetail>
  <marketintervaldetail>
    <Data>20160716</Data>
    <Mercato>MGP</Mercato>
    <Ora>13</Ora>
    <Totale>31613</Totale>
    <CNOR>3241</CNOR>
    <CSUD>5507</CSUD>
    <NORD>16190</NORD>
    <SARD>1054</SARD>
    <SICI>2507</SICI>
    <SUD>3114</SUD>
  </marketintervaldetail>
  <marketintervaldetail>
    <Data>20160716</Data>
    <Mercato>MGP</Mercato>
    <Ora>14</Ora>
    <Totale>30270</Totale>
    <CNOR>2975</CNOR>
    <CSUD>5354</CSUD>
    <NORD>15386</NORD>
    <SARD>1044</SARD>
    <SICI>2470</SICI>
    <SUD>3041</SUD>
  </marketintervaldetail>
  <marketintervaldetail>
    <Data>20160716</Data>
    <Mercato>MGP</Mercato>
    <Ora>15</Ora>
    <Totale>30001</Totale>
    <CNOR>3007</CNOR>
    <CSUD>5252</CSUD>
    <NORD>15259</NORD>
    <SARD>1036</SARD>
    <SICI>2444</SICI>
    <SUD>3003</SUD>
  </marketintervaldetail>
  <marketintervaldetail>
    <Data>20160716</Data>
    <Mercato>MGP</Mercato>
    <Ora>16</Ora>
    <Totale>30017</Totale>
    <CNOR>3007</CNOR>
    <CSUD>5316</CSUD>
    <NORD>15330</NORD>
    <SARD>1002</SARD>
    <SICI>2404</SICI>
    <SUD>2958</SUD>
  </marketintervaldetail>
  <marketintervaldetail>
    <Data>20160716</Data>
    <Mercato>MGP</Mercato>
    <Ora>17</Ora>
    <Totale>30104</Totale>
    <CNOR>2869</CNOR>
    <CSUD>5296</CSUD>
    <NORD>15733</NORD>
    <SARD>1006</SARD>
    <SICI>2417</SICI>
    <SUD>2783</SUD>
  </marketintervaldetail>
  <marketintervaldetail>
    <Data>20160716</Data>
    <Mercato>MGP</Mercato>
    <Ora>18</Ora>
    <Totale>31158</Totale>
    <CNOR>2907</CNOR>
    <CSUD>5408</CSUD>
    <NORD>16175</NORD>
    <SARD>1061</SARD>
    <SICI>2545</SICI>
    <SUD>3062</SUD>
  </marketintervaldetail>
  <marketintervaldetail>
    <Data>20160716</Data>
    <Mercato>MGP</Mercato>
    <Ora>19</Ora>
    <Totale>31691</Totale>
    <CNOR>2935</CNOR>
    <CSUD>5396</CSUD>
    <NORD>16538</NORD>
    <SARD>1088</SARD>
    <SICI>2569</SICI>
    <SUD>3165</SUD>
  </marketintervaldetail>
  <marketintervaldetail>
    <Data>20160716</Data>
    <Mercato>MGP</Mercato>
    <Ora>20</Ora>
    <Totale>32560</Totale>
    <CNOR>3020</CNOR>
    <CSUD>5597</CSUD>
    <NORD>16956</NORD>
    <SARD>1146</SARD>
    <SICI>2538</SICI>
    <SUD>3303</SUD>
  </marketintervaldetail>
  <marketintervaldetail>
    <Data>20160716</Data>
    <Mercato>MGP</Mercato>
    <Ora>21</Ora>
    <Totale>32968</Totale>
    <CNOR>2991</CNOR>
    <CSUD>5652</CSUD>
    <NORD>17067</NORD>
    <SARD>1170</SARD>
    <SICI>2597</SICI>
    <SUD>3491</SUD>
  </marketintervaldetail>
  <marketintervaldetail>
    <Data>20160716</Data>
    <Mercato>MGP</Mercato>
    <Ora>22</Ora>
    <Totale>33043</Totale>
    <CNOR>2972</CNOR>
    <CSUD>5612</CSUD>
    <NORD>17201</NORD>
    <SARD>1186</SARD>
    <SICI>2576</SICI>
    <SUD>3496</SUD>
  </marketintervaldetail>
  <marketintervaldetail>
    <Data>20160716</Data>
    <Mercato>MGP</Mercato>
    <Ora>23</Ora>
    <Totale>31730</Totale>
    <CNOR>2946</CNOR>
    <CSUD>5216</CSUD>
    <NORD>16702</NORD>
    <SARD>1115</SARD>
    <SICI>2514</SICI>
    <SUD>3237</SUD>
  </marketintervaldetail>
  <marketintervaldetail>
    <Data>20160716</Data>
    <Mercato>MGP</Mercato>
    <Ora>24</Ora>
    <Totale>29552</Totale>
    <CNOR>2799</CNOR>
    <CSUD>4951</CSUD>
    <NORD>15430</NORD>
    <SARD>1043</SARD>
    <SICI>2346</SICI>
    <SUD>2983</SUD>
  </marketintervaldetail>
</NewDataSet>