<?xml version="1.0" standalone="yes"?>
<NewDataSet>
  <xs:schema id="NewDataSet" xmlns="" xmlns:xs="http://www.w3.org/2001/XMLSchema" xmlns:msdata="urn:schemas-microsoft-com:xml-msdata">
    <xs:element name="NewDataSet" msdata:IsDataSet="true" msdata:UseCurrentLocale="true">
      <xs:complexType>
        <xs:choice minOccurs="0" maxOccurs="unbounded">
          <xs:element name="Prezzi">
            <xs:complexType>
              <xs:sequence>
                <xs:element name="Data" type="xs:string" minOccurs="0" />
                <xs:element name="Mercato" type="xs:string" minOccurs="0" />
                <xs:element name="Ora" type="xs:string" minOccurs="0" />
                <xs:element name="PUN" type="xs:string" minOccurs="0" />
                <xs:element name="NAT" type="xs:string" minOccurs="0" />
                <xs:element name="CNOR" type="xs:string" minOccurs="0" />
                <xs:element name="CSUD" type="xs:string" minOccurs="0" />
                <xs:element name="NORD" type="xs:string" minOccurs="0" />
                <xs:element name="SARD" type="xs:string" minOccurs="0" />
                <xs:element name="SICI" type="xs:string" minOccurs="0" />
                <xs:element name="SUD" type="xs:string" minOccurs="0" />
                <xs:element name="AUST" type="xs:string" minOccurs="0" />
                <xs:element name="BRNN" type="xs:string" minOccurs="0" />
                <xs:element name="COAC" type="xs:string" minOccurs="0" />
                <xs:element name="CORS" type="xs:string" minOccurs="0" />
                <xs:element name="FOGN" type="xs:string" minOccurs="0" />
                <xs:element name="FRAN" type="xs:string" minOccurs="0" />
                <xs:element name="GREC" type="xs:string" minOccurs="0" />
                <xs:element name="MFTV" type="xs:string" minOccurs="0" />
                <xs:element name="PRGP" type="xs:string" minOccurs="0" />
                <xs:element name="ROSN" type="xs:string" minOccurs="0" />
                <xs:element name="SLOV" type="xs:string" minOccurs="0" />
                <xs:element name="SVIZ" type="xs:string" minOccurs="0" />
                <xs:element name="BSP" type="xs:string" minOccurs="0" />
                <xs:element name="MALT" type="xs:string" minOccurs="0" />
                <xs:element name="XAUS" type="xs:string" minOccurs="0" />
                <xs:element name="XFRA" type="xs:string" minOccurs="0" />
              </xs:sequence>
            </xs:complexType>
          </xs:element>
        </xs:choice>
      </xs:complexType>
    </xs:element>
  </xs:schema>
  <Prezzi>
    <Data>20160605</Data>
    <Mercato>MGP</Mercato>
    <Ora>1</Ora>
    <PUN>55,232590</PUN>
    <NAT>50,000000</NAT>
    <CNOR>51,440000</CNOR>
    <CSUD>90,000000</CSUD>
    <NORD>24,425550</NORD>
    <SARD>90,000000</SARD>
    <SICI>90,000000</SICI>
    <SUD>90,000000</SUD>
    <AUST>24,425550</AUST>
    <BRNN>90,000000</BRNN>
    <COAC>90,000000</COAC>
    <CORS>3000,000000</CORS>
    <FOGN>90,000000</FOGN>
    <FRAN>24,425550</FRAN>
    <GREC>90,000000</GREC>
    <MFTV>24,425550</MFTV>
    <PRGP>90,000000</PRGP>
    <ROSN>90,000000</ROSN>
    <SLOV>24,425550</SLOV>
    <SVIZ>24,425550</SVIZ>
    <BSP>24,425550</BSP>
    <MALT>90,000000</MALT>
    <XAUS>24,425550</XAUS>
    <XFRA>24,425550</XFRA>
  </Prezzi>
  <Prezzi>
    <Data>20160605</Data>
    <Mercato>MGP</Mercato>
    <Ora>2</Ora>
    <PUN>42,980680</PUN>
    <NAT>41,660000</NAT>
    <CNOR>43,660000</CNOR>
    <CSUD>65,000000</CSUD>
    <NORD>21,995360</NORD>
    <SARD>65,000000</SARD>
    <SICI>65,000000</SICI>
    <SUD>65,000000</SUD>
    <AUST>21,995360</AUST>
    <BRNN>65,000000</BRNN>
    <COAC>65,000000</COAC>
    <CORS>3000,000000</CORS>
    <FOGN>65,000000</FOGN>
    <FRAN>21,995360</FRAN>
    <GREC>65,000000</GREC>
    <MFTV>21,995360</MFTV>
    <PRGP>65,000000</PRGP>
    <ROSN>65,000000</ROSN>
    <SLOV>21,995360</SLOV>
    <SVIZ>21,995360</SVIZ>
    <BSP>21,995360</BSP>
    <MALT>65,000000</MALT>
    <XAUS>21,995360</XAUS>
    <XFRA>21,995360</XFRA>
  </Prezzi>
  <Prezzi>
    <Data>20160605</Data>
    <Mercato>MGP</Mercato>
    <Ora>3</Ora>
    <PUN>40,961300</PUN>
    <NAT>36,000000</NAT>
    <CNOR>38,400000</CNOR>
    <CSUD>64,710000</CSUD>
    <NORD>20,078670</NORD>
    <SARD>64,710000</SARD>
    <SICI>64,710000</SICI>
    <SUD>64,710000</SUD>
    <AUST>20,078670</AUST>
    <BRNN>64,710000</BRNN>
    <COAC>64,710000</COAC>
    <CORS>3000,000000</CORS>
    <FOGN>64,710000</FOGN>
    <FRAN>20,078670</FRAN>
    <GREC>64,710000</GREC>
    <MFTV>20,078670</MFTV>
    <PRGP>64,710000</PRGP>
    <ROSN>64,710000</ROSN>
    <SLOV>20,078670</SLOV>
    <SVIZ>20,078670</SVIZ>
    <BSP>20,078670</BSP>
    <MALT>64,710000</MALT>
    <XAUS>20,078670</XAUS>
    <XFRA>20,078670</XFRA>
  </Prezzi>
  <Prezzi>
    <Data>20160605</Data>
    <Mercato>MGP</Mercato>
    <Ora>4</Ora>
    <PUN>40,137130</PUN>
    <NAT>34,100000</NAT>
    <CNOR>38,400000</CNOR>
    <CSUD>64,710000</CSUD>
    <NORD>18,319680</NORD>
    <SARD>64,710000</SARD>
    <SICI>64,710000</SICI>
    <SUD>64,710000</SUD>
    <AUST>18,319680</AUST>
    <BRNN>64,710000</BRNN>
    <COAC>64,710000</COAC>
    <CORS>3000,000000</CORS>
    <FOGN>64,710000</FOGN>
    <FRAN>18,319680</FRAN>
    <GREC>64,710000</GREC>
    <MFTV>18,319680</MFTV>
    <PRGP>64,710000</PRGP>
    <ROSN>64,710000</ROSN>
    <SLOV>18,319680</SLOV>
    <SVIZ>18,319680</SVIZ>
    <BSP>18,319680</BSP>
    <MALT>64,710000</MALT>
    <XAUS>18,319680</XAUS>
    <XFRA>18,319680</XFRA>
  </Prezzi>
  <Prezzi>
    <Data>20160605</Data>
    <Mercato>MGP</Mercato>
    <Ora>5</Ora>
    <PUN>40,968610</PUN>
    <NAT>34,100000</NAT>
    <CNOR>38,400000</CNOR>
    <CSUD>64,710000</CSUD>
    <NORD>20,000000</NORD>
    <SARD>64,710000</SARD>
    <SICI>64,710000</SICI>
    <SUD>64,710000</SUD>
    <AUST>20,000000</AUST>
    <BRNN>64,710000</BRNN>
    <COAC>64,710000</COAC>
    <CORS>3000,000000</CORS>
    <FOGN>64,710000</FOGN>
    <FRAN>20,000000</FRAN>
    <GREC>64,710000</GREC>
    <MFTV>20,000000</MFTV>
    <PRGP>64,710000</PRGP>
    <ROSN>64,710000</ROSN>
    <SLOV>20,000000</SLOV>
    <SVIZ>20,000000</SVIZ>
    <BSP>20,000000</BSP>
    <MALT>64,710000</MALT>
    <XAUS>20,000000</XAUS>
    <XFRA>20,000000</XFRA>
  </Prezzi>
  <Prezzi>
    <Data>20160605</Data>
    <Mercato>MGP</Mercato>
    <Ora>6</Ora>
    <PUN>36,208450</PUN>
    <NAT>34,100000</NAT>
    <CNOR>38,400000</CNOR>
    <CSUD>50,110000</CSUD>
    <NORD>22,990000</NORD>
    <SARD>50,110000</SARD>
    <SICI>50,110000</SICI>
    <SUD>50,110000</SUD>
    <AUST>22,990000</AUST>
    <BRNN>50,110000</BRNN>
    <COAC>50,110000</COAC>
    <CORS>3000,000000</CORS>
    <FOGN>50,110000</FOGN>
    <FRAN>22,990000</FRAN>
    <GREC>50,110000</GREC>
    <MFTV>22,990000</MFTV>
    <PRGP>50,110000</PRGP>
    <ROSN>50,110000</ROSN>
    <SLOV>22,990000</SLOV>
    <SVIZ>22,990000</SVIZ>
    <BSP>22,990000</BSP>
    <MALT>50,110000</MALT>
    <XAUS>22,990000</XAUS>
    <XFRA>22,990000</XFRA>
  </Prezzi>
  <Prezzi>
    <Data>20160605</Data>
    <Mercato>MGP</Mercato>
    <Ora>7</Ora>
    <PUN>36,408990</PUN>
    <NAT>34,100000</NAT>
    <CNOR>38,400000</CNOR>
    <CSUD>50,110000</CSUD>
    <NORD>23,420000</NORD>
    <SARD>50,110000</SARD>
    <SICI>50,110000</SICI>
    <SUD>50,110000</SUD>
    <AUST>23,420000</AUST>
    <BRNN>50,110000</BRNN>
    <COAC>50,110000</COAC>
    <CORS>3000,000000</CORS>
    <FOGN>50,110000</FOGN>
    <FRAN>23,420000</FRAN>
    <GREC>50,110000</GREC>
    <MFTV>23,420000</MFTV>
    <PRGP>50,110000</PRGP>
    <ROSN>50,110000</ROSN>
    <SLOV>23,420000</SLOV>
    <SVIZ>23,420000</SVIZ>
    <BSP>23,420000</BSP>
    <MALT>50,110000</MALT>
    <XAUS>23,420000</XAUS>
    <XFRA>23,420000</XFRA>
  </Prezzi>
  <Prezzi>
    <Data>20160605</Data>
    <Mercato>MGP</Mercato>
    <Ora>8</Ora>
    <PUN>38,326960</PUN>
    <NAT>33,330000</NAT>
    <CNOR>40,100000</CNOR>
    <CSUD>50,100000</CSUD>
    <NORD>27,000000</NORD>
    <SARD>50,100000</SARD>
    <SICI>50,100000</SICI>
    <SUD>50,100000</SUD>
    <AUST>27,000000</AUST>
    <BRNN>50,100000</BRNN>
    <COAC>50,100000</COAC>
    <CORS>3000,000000</CORS>
    <FOGN>50,100000</FOGN>
    <FRAN>27,000000</FRAN>
    <GREC>50,100000</GREC>
    <MFTV>27,000000</MFTV>
    <PRGP>50,100000</PRGP>
    <ROSN>50,100000</ROSN>
    <SLOV>27,000000</SLOV>
    <SVIZ>27,000000</SVIZ>
    <BSP>27,000000</BSP>
    <MALT>50,100000</MALT>
    <XAUS>27,000000</XAUS>
    <XFRA>27,000000</XFRA>
  </Prezzi>
  <Prezzi>
    <Data>20160605</Data>
    <Mercato>MGP</Mercato>
    <Ora>9</Ora>
    <PUN>34,705970</PUN>
    <NAT>34,100000</NAT>
    <CNOR>37,000000</CNOR>
    <CSUD>37,000000</CSUD>
    <NORD>29,990000</NORD>
    <SARD>37,000000</SARD>
    <SICI>50,100000</SICI>
    <SUD>37,000000</SUD>
    <AUST>29,990000</AUST>
    <BRNN>37,000000</BRNN>
    <COAC>37,000000</COAC>
    <CORS>3000,000000</CORS>
    <FOGN>37,000000</FOGN>
    <FRAN>29,990000</FRAN>
    <GREC>37,000000</GREC>
    <MFTV>29,990000</MFTV>
    <PRGP>50,100000</PRGP>
    <ROSN>37,000000</ROSN>
    <SLOV>29,990000</SLOV>
    <SVIZ>29,990000</SVIZ>
    <BSP>29,990000</BSP>
    <MALT>50,100000</MALT>
    <XAUS>29,990000</XAUS>
    <XFRA>29,990000</XFRA>
  </Prezzi>
  <Prezzi>
    <Data>20160605</Data>
    <Mercato>MGP</Mercato>
    <Ora>10</Ora>
    <PUN>34,708650</PUN>
    <NAT>33,500000</NAT>
    <CNOR>37,000000</CNOR>
    <CSUD>37,000000</CSUD>
    <NORD>30,070000</NORD>
    <SARD>37,000000</SARD>
    <SICI>50,100000</SICI>
    <SUD>37,000000</SUD>
    <AUST>30,070000</AUST>
    <BRNN>37,000000</BRNN>
    <COAC>37,000000</COAC>
    <CORS>3000,000000</CORS>
    <FOGN>37,000000</FOGN>
    <FRAN>30,070000</FRAN>
    <GREC>37,000000</GREC>
    <MFTV>30,070000</MFTV>
    <PRGP>50,100000</PRGP>
    <ROSN>37,000000</ROSN>
    <SLOV>30,070000</SLOV>
    <SVIZ>30,070000</SVIZ>
    <BSP>30,070000</BSP>
    <MALT>50,100000</MALT>
    <XAUS>30,070000</XAUS>
    <XFRA>30,070000</XFRA>
  </Prezzi>
  <Prezzi>
    <Data>20160605</Data>
    <Mercato>MGP</Mercato>
    <Ora>11</Ora>
    <PUN>32,652600</PUN>
    <NAT>31,550000</NAT>
    <CNOR>30,800000</CNOR>
    <CSUD>32,470000</CSUD>
    <NORD>30,800000</NORD>
    <SARD>32,470000</SARD>
    <SICI>50,100000</SICI>
    <SUD>32,470000</SUD>
    <AUST>30,800000</AUST>
    <BRNN>32,470000</BRNN>
    <COAC>32,470000</COAC>
    <CORS>3000,000000</CORS>
    <FOGN>32,470000</FOGN>
    <FRAN>30,800000</FRAN>
    <GREC>32,470000</GREC>
    <MFTV>30,800000</MFTV>
    <PRGP>50,100000</PRGP>
    <ROSN>32,470000</ROSN>
    <SLOV>30,800000</SLOV>
    <SVIZ>30,800000</SVIZ>
    <BSP>30,800000</BSP>
    <MALT>50,100000</MALT>
    <XAUS>30,800000</XAUS>
    <XFRA>30,800000</XFRA>
  </Prezzi>
  <Prezzi>
    <Data>20160605</Data>
    <Mercato>MGP</Mercato>
    <Ora>12</Ora>
    <PUN>31,071260</PUN>
    <NAT>31,040000</NAT>
    <CNOR>30,700000</CNOR>
    <CSUD>30,700000</CSUD>
    <NORD>30,700000</NORD>
    <SARD>30,700000</SARD>
    <SICI>36,310000</SICI>
    <SUD>30,700000</SUD>
    <AUST>30,700000</AUST>
    <BRNN>30,700000</BRNN>
    <COAC>30,700000</COAC>
    <CORS>3000,000000</CORS>
    <FOGN>30,700000</FOGN>
    <FRAN>30,700000</FRAN>
    <GREC>30,700000</GREC>
    <MFTV>30,700000</MFTV>
    <PRGP>36,310000</PRGP>
    <ROSN>30,700000</ROSN>
    <SLOV>30,700000</SLOV>
    <SVIZ>30,700000</SVIZ>
    <BSP>30,700000</BSP>
    <MALT>36,310000</MALT>
    <XAUS>30,700000</XAUS>
    <XFRA>30,700000</XFRA>
  </Prezzi>
  <Prezzi>
    <Data>20160605</Data>
    <Mercato>MGP</Mercato>
    <Ora>13</Ora>
    <PUN>30,342420</PUN>
    <NAT>30,050000</NAT>
    <CNOR>29,990000</CNOR>
    <CSUD>29,990000</CSUD>
    <NORD>29,990000</NORD>
    <SARD>29,990000</SARD>
    <SICI>35,300000</SICI>
    <SUD>29,990000</SUD>
    <AUST>29,990000</AUST>
    <BRNN>29,990000</BRNN>
    <COAC>29,990000</COAC>
    <CORS>3000,000000</CORS>
    <FOGN>29,990000</FOGN>
    <FRAN>29,990000</FRAN>
    <GREC>29,990000</GREC>
    <MFTV>29,990000</MFTV>
    <PRGP>35,300000</PRGP>
    <ROSN>29,990000</ROSN>
    <SLOV>29,990000</SLOV>
    <SVIZ>29,990000</SVIZ>
    <BSP>29,990000</BSP>
    <MALT>35,300000</MALT>
    <XAUS>29,990000</XAUS>
    <XFRA>29,990000</XFRA>
  </Prezzi>
  <Prezzi>
    <Data>20160605</Data>
    <Mercato>MGP</Mercato>
    <Ora>14</Ora>
    <PUN>27,170000</PUN>
    <NAT>27,170000</NAT>
    <CNOR>27,170000</CNOR>
    <CSUD>27,170000</CSUD>
    <NORD>27,170000</NORD>
    <SARD>27,170000</SARD>
    <SICI>27,170000</SICI>
    <SUD>27,170000</SUD>
    <AUST>27,170000</AUST>
    <BRNN>27,170000</BRNN>
    <COAC>27,170000</COAC>
    <CORS>3000,000000</CORS>
    <FOGN>27,170000</FOGN>
    <FRAN>27,170000</FRAN>
    <GREC>27,170000</GREC>
    <MFTV>27,170000</MFTV>
    <PRGP>27,170000</PRGP>
    <ROSN>27,170000</ROSN>
    <SLOV>27,170000</SLOV>
    <SVIZ>27,170000</SVIZ>
    <BSP>27,170000</BSP>
    <MALT>27,170000</MALT>
    <XAUS>27,170000</XAUS>
    <XFRA>27,170000</XFRA>
  </Prezzi>
  <Prezzi>
    <Data>20160605</Data>
    <Mercato>MGP</Mercato>
    <Ora>15</Ora>
    <PUN>27,170000</PUN>
    <NAT>27,170000</NAT>
    <CNOR>27,170000</CNOR>
    <CSUD>27,170000</CSUD>
    <NORD>27,170000</NORD>
    <SARD>27,170000</SARD>
    <SICI>27,170000</SICI>
    <SUD>27,170000</SUD>
    <AUST>27,170000</AUST>
    <BRNN>27,170000</BRNN>
    <COAC>27,170000</COAC>
    <CORS>3000,000000</CORS>
    <FOGN>27,170000</FOGN>
    <FRAN>27,170000</FRAN>
    <GREC>27,170000</GREC>
    <MFTV>27,170000</MFTV>
    <PRGP>27,170000</PRGP>
    <ROSN>27,170000</ROSN>
    <SLOV>27,170000</SLOV>
    <SVIZ>27,170000</SVIZ>
    <BSP>27,170000</BSP>
    <MALT>27,170000</MALT>
    <XAUS>27,170000</XAUS>
    <XFRA>27,170000</XFRA>
  </Prezzi>
  <Prezzi>
    <Data>20160605</Data>
    <Mercato>MGP</Mercato>
    <Ora>16</Ora>
    <PUN>27,170000</PUN>
    <NAT>27,170000</NAT>
    <CNOR>27,170000</CNOR>
    <CSUD>27,170000</CSUD>
    <NORD>27,170000</NORD>
    <SARD>27,170000</SARD>
    <SICI>27,170000</SICI>
    <SUD>27,170000</SUD>
    <AUST>27,170000</AUST>
    <BRNN>27,170000</BRNN>
    <COAC>27,170000</COAC>
    <CORS>3000,000000</CORS>
    <FOGN>27,170000</FOGN>
    <FRAN>27,170000</FRAN>
    <GREC>27,170000</GREC>
    <MFTV>27,170000</MFTV>
    <PRGP>27,170000</PRGP>
    <ROSN>27,170000</ROSN>
    <SLOV>27,170000</SLOV>
    <SVIZ>27,170000</SVIZ>
    <BSP>27,170000</BSP>
    <MALT>27,170000</MALT>
    <XAUS>27,170000</XAUS>
    <XFRA>27,170000</XFRA>
  </Prezzi>
  <Prezzi>
    <Data>20160605</Data>
    <Mercato>MGP</Mercato>
    <Ora>17</Ora>
    <PUN>27,990000</PUN>
    <NAT>27,990000</NAT>
    <CNOR>27,990000</CNOR>
    <CSUD>27,990000</CSUD>
    <NORD>27,990000</NORD>
    <SARD>27,990000</SARD>
    <SICI>27,990000</SICI>
    <SUD>27,990000</SUD>
    <AUST>27,990000</AUST>
    <BRNN>27,990000</BRNN>
    <COAC>27,990000</COAC>
    <CORS>3000,000000</CORS>
    <FOGN>27,990000</FOGN>
    <FRAN>27,990000</FRAN>
    <GREC>27,990000</GREC>
    <MFTV>27,990000</MFTV>
    <PRGP>27,990000</PRGP>
    <ROSN>27,990000</ROSN>
    <SLOV>27,990000</SLOV>
    <SVIZ>27,990000</SVIZ>
    <BSP>27,990000</BSP>
    <MALT>27,990000</MALT>
    <XAUS>27,990000</XAUS>
    <XFRA>27,990000</XFRA>
  </Prezzi>
  <Prezzi>
    <Data>20160605</Data>
    <Mercato>MGP</Mercato>
    <Ora>18</Ora>
    <PUN>25,609750</PUN>
    <NAT>27,170000</NAT>
    <CNOR>27,990000</CNOR>
    <CSUD>27,990000</CSUD>
    <NORD>22,940000</NORD>
    <SARD>27,990000</SARD>
    <SICI>27,990000</SICI>
    <SUD>27,990000</SUD>
    <AUST>22,940000</AUST>
    <BRNN>27,990000</BRNN>
    <COAC>27,990000</COAC>
    <CORS>3000,000000</CORS>
    <FOGN>27,990000</FOGN>
    <FRAN>22,940000</FRAN>
    <GREC>27,990000</GREC>
    <MFTV>22,940000</MFTV>
    <PRGP>27,990000</PRGP>
    <ROSN>27,990000</ROSN>
    <SLOV>22,940000</SLOV>
    <SVIZ>22,940000</SVIZ>
    <BSP>22,940000</BSP>
    <MALT>27,990000</MALT>
    <XAUS>22,940000</XAUS>
    <XFRA>22,940000</XFRA>
  </Prezzi>
  <Prezzi>
    <Data>20160605</Data>
    <Mercato>MGP</Mercato>
    <Ora>19</Ora>
    <PUN>30,933350</PUN>
    <NAT>30,700000</NAT>
    <CNOR>37,000000</CNOR>
    <CSUD>37,000000</CSUD>
    <NORD>23,910300</NORD>
    <SARD>37,000000</SARD>
    <SICI>37,000000</SICI>
    <SUD>37,000000</SUD>
    <AUST>23,910300</AUST>
    <BRNN>37,000000</BRNN>
    <COAC>37,000000</COAC>
    <CORS>3000,000000</CORS>
    <FOGN>37,000000</FOGN>
    <FRAN>23,910300</FRAN>
    <GREC>37,000000</GREC>
    <MFTV>23,910300</MFTV>
    <PRGP>37,000000</PRGP>
    <ROSN>37,000000</ROSN>
    <SLOV>23,910300</SLOV>
    <SVIZ>23,910300</SVIZ>
    <BSP>23,910300</BSP>
    <MALT>37,000000</MALT>
    <XAUS>23,910300</XAUS>
    <XFRA>23,910300</XFRA>
  </Prezzi>
  <Prezzi>
    <Data>20160605</Data>
    <Mercato>MGP</Mercato>
    <Ora>20</Ora>
    <PUN>39,437760</PUN>
    <NAT>37,000000</NAT>
    <CNOR>50,110000</CNOR>
    <CSUD>50,110000</CSUD>
    <NORD>26,920000</NORD>
    <SARD>50,110000</SARD>
    <SICI>50,110000</SICI>
    <SUD>50,110000</SUD>
    <AUST>26,920000</AUST>
    <BRNN>50,110000</BRNN>
    <COAC>50,110000</COAC>
    <CORS>3000,000000</CORS>
    <FOGN>50,110000</FOGN>
    <FRAN>26,920000</FRAN>
    <GREC>50,110000</GREC>
    <MFTV>26,920000</MFTV>
    <PRGP>50,110000</PRGP>
    <ROSN>50,110000</ROSN>
    <SLOV>26,920000</SLOV>
    <SVIZ>26,920000</SVIZ>
    <BSP>26,920000</BSP>
    <MALT>50,110000</MALT>
    <XAUS>26,920000</XAUS>
    <XFRA>26,920000</XFRA>
  </Prezzi>
  <Prezzi>
    <Data>20160605</Data>
    <Mercato>MGP</Mercato>
    <Ora>21</Ora>
    <PUN>44,934390</PUN>
    <NAT>39,460000</NAT>
    <CNOR>40,100000</CNOR>
    <CSUD>64,710000</CSUD>
    <NORD>28,850000</NORD>
    <SARD>64,710000</SARD>
    <SICI>64,710000</SICI>
    <SUD>64,710000</SUD>
    <AUST>28,850000</AUST>
    <BRNN>64,710000</BRNN>
    <COAC>64,710000</COAC>
    <CORS>3000,000000</CORS>
    <FOGN>64,710000</FOGN>
    <FRAN>28,850000</FRAN>
    <GREC>64,710000</GREC>
    <MFTV>28,850000</MFTV>
    <PRGP>64,710000</PRGP>
    <ROSN>64,710000</ROSN>
    <SLOV>28,850000</SLOV>
    <SVIZ>28,850000</SVIZ>
    <BSP>28,850000</BSP>
    <MALT>64,710000</MALT>
    <XAUS>28,850000</XAUS>
    <XFRA>28,850000</XFRA>
  </Prezzi>
  <Prezzi>
    <Data>20160605</Data>
    <Mercato>MGP</Mercato>
    <Ora>22</Ora>
    <PUN>48,411670</PUN>
    <NAT>42,000000</NAT>
    <CNOR>64,250000</CNOR>
    <CSUD>65,000000</CSUD>
    <NORD>29,140260</NORD>
    <SARD>65,000000</SARD>
    <SICI>65,000000</SICI>
    <SUD>65,000000</SUD>
    <AUST>29,140260</AUST>
    <BRNN>65,000000</BRNN>
    <COAC>65,000000</COAC>
    <CORS>3000,000000</CORS>
    <FOGN>65,000000</FOGN>
    <FRAN>29,140260</FRAN>
    <GREC>65,000000</GREC>
    <MFTV>29,140260</MFTV>
    <PRGP>65,000000</PRGP>
    <ROSN>65,000000</ROSN>
    <SLOV>29,140260</SLOV>
    <SVIZ>29,140260</SVIZ>
    <BSP>29,140260</BSP>
    <MALT>65,000000</MALT>
    <XAUS>29,140260</XAUS>
    <XFRA>29,140260</XFRA>
  </Prezzi>
  <Prezzi>
    <Data>20160605</Data>
    <Mercato>MGP</Mercato>
    <Ora>23</Ora>
    <PUN>45,020000</PUN>
    <NAT>39,160000</NAT>
    <CNOR>57,421900</CNOR>
    <CSUD>57,421900</CSUD>
    <NORD>30,739220</NORD>
    <SARD>57,421900</SARD>
    <SICI>57,421900</SICI>
    <SUD>57,421900</SUD>
    <AUST>30,739220</AUST>
    <BRNN>57,421900</BRNN>
    <COAC>57,421900</COAC>
    <CORS>3000,000000</CORS>
    <FOGN>57,421900</FOGN>
    <FRAN>30,739220</FRAN>
    <GREC>57,421900</GREC>
    <MFTV>30,739220</MFTV>
    <PRGP>57,421900</PRGP>
    <ROSN>57,421900</ROSN>
    <SLOV>30,739220</SLOV>
    <SVIZ>30,739220</SVIZ>
    <BSP>30,739220</BSP>
    <MALT>57,421900</MALT>
    <XAUS>30,739220</XAUS>
    <XFRA>30,739220</XFRA>
  </Prezzi>
  <Prezzi>
    <Data>20160605</Data>
    <Mercato>MGP</Mercato>
    <Ora>24</Ora>
    <PUN>38,736750</PUN>
    <NAT>37,000000</NAT>
    <CNOR>38,400000</CNOR>
    <CSUD>50,110000</CSUD>
    <NORD>28,641060</NORD>
    <SARD>50,110000</SARD>
    <SICI>50,110000</SICI>
    <SUD>50,110000</SUD>
    <AUST>28,641060</AUST>
    <BRNN>50,110000</BRNN>
    <COAC>50,110000</COAC>
    <CORS>3000,000000</CORS>
    <FOGN>50,110000</FOGN>
    <FRAN>28,641060</FRAN>
    <GREC>50,110000</GREC>
    <MFTV>28,641060</MFTV>
    <PRGP>50,110000</PRGP>
    <ROSN>50,110000</ROSN>
    <SLOV>28,641060</SLOV>
    <SVIZ>28,641060</SVIZ>
    <BSP>28,641060</BSP>
    <MALT>50,110000</MALT>
    <XAUS>28,641060</XAUS>
    <XFRA>28,641060</XFRA>
  </Prezzi>
</NewDataSet>