<?xml version="1.0" standalone="yes"?>
<NewDataSet>
  <xs:schema id="NewDataSet" xmlns="" xmlns:xs="http://www.w3.org/2001/XMLSchema" xmlns:msdata="urn:schemas-microsoft-com:xml-msdata">
    <xs:element name="NewDataSet" msdata:IsDataSet="true" msdata:UseCurrentLocale="true">
      <xs:complexType>
        <xs:choice minOccurs="0" maxOccurs="unbounded">
          <xs:element name="Prezzi">
            <xs:complexType>
              <xs:sequence>
                <xs:element name="Data" type="xs:string" minOccurs="0" />
                <xs:element name="Mercato" type="xs:string" minOccurs="0" />
                <xs:element name="Ora" type="xs:string" minOccurs="0" />
                <xs:element name="PUN" type="xs:string" minOccurs="0" />
                <xs:element name="NAT" type="xs:string" minOccurs="0" />
                <xs:element name="CNOR" type="xs:string" minOccurs="0" />
                <xs:element name="CSUD" type="xs:string" minOccurs="0" />
                <xs:element name="NORD" type="xs:string" minOccurs="0" />
                <xs:element name="SARD" type="xs:string" minOccurs="0" />
                <xs:element name="SICI" type="xs:string" minOccurs="0" />
                <xs:element name="SUD" type="xs:string" minOccurs="0" />
                <xs:element name="AUST" type="xs:string" minOccurs="0" />
                <xs:element name="BRNN" type="xs:string" minOccurs="0" />
                <xs:element name="COAC" type="xs:string" minOccurs="0" />
                <xs:element name="CORS" type="xs:string" minOccurs="0" />
                <xs:element name="FOGN" type="xs:string" minOccurs="0" />
                <xs:element name="FRAN" type="xs:string" minOccurs="0" />
                <xs:element name="GREC" type="xs:string" minOccurs="0" />
                <xs:element name="MFTV" type="xs:string" minOccurs="0" />
                <xs:element name="PRGP" type="xs:string" minOccurs="0" />
                <xs:element name="ROSN" type="xs:string" minOccurs="0" />
                <xs:element name="SLOV" type="xs:string" minOccurs="0" />
                <xs:element name="SVIZ" type="xs:string" minOccurs="0" />
                <xs:element name="BSP" type="xs:string" minOccurs="0" />
                <xs:element name="MALT" type="xs:string" minOccurs="0" />
                <xs:element name="XAUS" type="xs:string" minOccurs="0" />
                <xs:element name="XFRA" type="xs:string" minOccurs="0" />
              </xs:sequence>
            </xs:complexType>
          </xs:element>
        </xs:choice>
      </xs:complexType>
    </xs:element>
  </xs:schema>
  <Prezzi>
    <Data>20160623</Data>
    <Mercato>MGP</Mercato>
    <Ora>1</Ora>
    <PUN>35,618400</PUN>
    <NAT>37,340000</NAT>
    <CNOR>40,000000</CNOR>
    <CSUD>40,000000</CSUD>
    <NORD>31,490000</NORD>
    <SARD>40,000000</SARD>
    <SICI>40,000000</SICI>
    <SUD>40,000000</SUD>
    <AUST>31,490000</AUST>
    <BRNN>40,000000</BRNN>
    <COAC>40,000000</COAC>
    <CORS>40,000000</CORS>
    <FOGN>40,000000</FOGN>
    <FRAN>31,490000</FRAN>
    <GREC>40,000000</GREC>
    <MFTV>31,490000</MFTV>
    <PRGP>40,000000</PRGP>
    <ROSN>40,000000</ROSN>
    <SLOV>31,490000</SLOV>
    <SVIZ>31,490000</SVIZ>
    <BSP>31,490000</BSP>
    <MALT>40,000000</MALT>
    <XAUS>31,490000</XAUS>
    <XFRA>31,490000</XFRA>
  </Prezzi>
  <Prezzi>
    <Data>20160623</Data>
    <Mercato>MGP</Mercato>
    <Ora>2</Ora>
    <PUN>31,753680</PUN>
    <NAT>34,430000</NAT>
    <CNOR>38,110000</CNOR>
    <CSUD>38,110000</CSUD>
    <NORD>25,710000</NORD>
    <SARD>38,110000</SARD>
    <SICI>38,110000</SICI>
    <SUD>38,110000</SUD>
    <AUST>25,710000</AUST>
    <BRNN>38,110000</BRNN>
    <COAC>38,110000</COAC>
    <CORS>38,110000</CORS>
    <FOGN>38,110000</FOGN>
    <FRAN>25,710000</FRAN>
    <GREC>38,110000</GREC>
    <MFTV>25,710000</MFTV>
    <PRGP>38,110000</PRGP>
    <ROSN>38,110000</ROSN>
    <SLOV>25,710000</SLOV>
    <SVIZ>25,710000</SVIZ>
    <BSP>25,710000</BSP>
    <MALT>38,110000</MALT>
    <XAUS>25,710000</XAUS>
    <XFRA>25,710000</XFRA>
  </Prezzi>
  <Prezzi>
    <Data>20160623</Data>
    <Mercato>MGP</Mercato>
    <Ora>3</Ora>
    <PUN>29,509180</PUN>
    <NAT>30,310000</NAT>
    <CNOR>35,070000</CNOR>
    <CSUD>35,070000</CSUD>
    <NORD>24,382420</NORD>
    <SARD>35,070000</SARD>
    <SICI>35,070000</SICI>
    <SUD>35,070000</SUD>
    <AUST>24,382420</AUST>
    <BRNN>35,070000</BRNN>
    <COAC>35,070000</COAC>
    <CORS>35,070000</CORS>
    <FOGN>35,070000</FOGN>
    <FRAN>24,382420</FRAN>
    <GREC>35,070000</GREC>
    <MFTV>24,382420</MFTV>
    <PRGP>35,070000</PRGP>
    <ROSN>35,070000</ROSN>
    <SLOV>24,382420</SLOV>
    <SVIZ>24,382420</SVIZ>
    <BSP>24,382420</BSP>
    <MALT>35,070000</MALT>
    <XAUS>24,382420</XAUS>
    <XFRA>24,382420</XFRA>
  </Prezzi>
  <Prezzi>
    <Data>20160623</Data>
    <Mercato>MGP</Mercato>
    <Ora>4</Ora>
    <PUN>28,663080</PUN>
    <NAT>28,420000</NAT>
    <CNOR>35,000000</CNOR>
    <CSUD>35,000000</CSUD>
    <NORD>22,798370</NORD>
    <SARD>35,000000</SARD>
    <SICI>35,000000</SICI>
    <SUD>35,000000</SUD>
    <AUST>22,798370</AUST>
    <BRNN>35,000000</BRNN>
    <COAC>35,000000</COAC>
    <CORS>35,000000</CORS>
    <FOGN>35,000000</FOGN>
    <FRAN>22,798370</FRAN>
    <GREC>35,000000</GREC>
    <MFTV>22,798370</MFTV>
    <PRGP>35,000000</PRGP>
    <ROSN>35,000000</ROSN>
    <SLOV>22,798370</SLOV>
    <SVIZ>22,798370</SVIZ>
    <BSP>22,798370</BSP>
    <MALT>35,000000</MALT>
    <XAUS>22,798370</XAUS>
    <XFRA>22,798370</XFRA>
  </Prezzi>
  <Prezzi>
    <Data>20160623</Data>
    <Mercato>MGP</Mercato>
    <Ora>5</Ora>
    <PUN>28,532490</PUN>
    <NAT>29,730000</NAT>
    <CNOR>34,430000</CNOR>
    <CSUD>34,430000</CSUD>
    <NORD>23,235790</NORD>
    <SARD>34,430000</SARD>
    <SICI>34,430000</SICI>
    <SUD>34,430000</SUD>
    <AUST>23,235790</AUST>
    <BRNN>34,430000</BRNN>
    <COAC>34,430000</COAC>
    <CORS>34,430000</CORS>
    <FOGN>34,430000</FOGN>
    <FRAN>23,235790</FRAN>
    <GREC>34,430000</GREC>
    <MFTV>23,235790</MFTV>
    <PRGP>34,430000</PRGP>
    <ROSN>34,430000</ROSN>
    <SLOV>23,235790</SLOV>
    <SVIZ>23,235790</SVIZ>
    <BSP>23,235790</BSP>
    <MALT>34,430000</MALT>
    <XAUS>23,235790</XAUS>
    <XFRA>23,235790</XFRA>
  </Prezzi>
  <Prezzi>
    <Data>20160623</Data>
    <Mercato>MGP</Mercato>
    <Ora>6</Ora>
    <PUN>29,713410</PUN>
    <NAT>29,960000</NAT>
    <CNOR>33,000000</CNOR>
    <CSUD>33,000000</CSUD>
    <NORD>26,840000</NORD>
    <SARD>33,000000</SARD>
    <SICI>33,000000</SICI>
    <SUD>33,000000</SUD>
    <AUST>26,840000</AUST>
    <BRNN>33,000000</BRNN>
    <COAC>33,000000</COAC>
    <CORS>33,000000</CORS>
    <FOGN>33,000000</FOGN>
    <FRAN>26,840000</FRAN>
    <GREC>33,000000</GREC>
    <MFTV>26,840000</MFTV>
    <PRGP>33,000000</PRGP>
    <ROSN>33,000000</ROSN>
    <SLOV>26,840000</SLOV>
    <SVIZ>26,840000</SVIZ>
    <BSP>26,840000</BSP>
    <MALT>33,000000</MALT>
    <XAUS>26,840000</XAUS>
    <XFRA>26,840000</XFRA>
  </Prezzi>
  <Prezzi>
    <Data>20160623</Data>
    <Mercato>MGP</Mercato>
    <Ora>7</Ora>
    <PUN>33,000000</PUN>
    <NAT>33,000000</NAT>
    <CNOR>33,000000</CNOR>
    <CSUD>33,000000</CSUD>
    <NORD>33,000000</NORD>
    <SARD>33,000000</SARD>
    <SICI>33,000000</SICI>
    <SUD>33,000000</SUD>
    <AUST>33,000000</AUST>
    <BRNN>33,000000</BRNN>
    <COAC>33,000000</COAC>
    <CORS>33,000000</CORS>
    <FOGN>33,000000</FOGN>
    <FRAN>33,000000</FRAN>
    <GREC>33,000000</GREC>
    <MFTV>33,000000</MFTV>
    <PRGP>33,000000</PRGP>
    <ROSN>33,000000</ROSN>
    <SLOV>33,000000</SLOV>
    <SVIZ>33,000000</SVIZ>
    <BSP>33,000000</BSP>
    <MALT>33,000000</MALT>
    <XAUS>33,000000</XAUS>
    <XFRA>33,000000</XFRA>
  </Prezzi>
  <Prezzi>
    <Data>20160623</Data>
    <Mercato>MGP</Mercato>
    <Ora>8</Ora>
    <PUN>37,510000</PUN>
    <NAT>37,510000</NAT>
    <CNOR>37,510000</CNOR>
    <CSUD>37,510000</CSUD>
    <NORD>37,510000</NORD>
    <SARD>37,510000</SARD>
    <SICI>37,510000</SICI>
    <SUD>37,510000</SUD>
    <AUST>37,510000</AUST>
    <BRNN>37,510000</BRNN>
    <COAC>37,510000</COAC>
    <CORS>37,510000</CORS>
    <FOGN>37,510000</FOGN>
    <FRAN>37,510000</FRAN>
    <GREC>37,510000</GREC>
    <MFTV>37,510000</MFTV>
    <PRGP>37,510000</PRGP>
    <ROSN>37,510000</ROSN>
    <SLOV>37,510000</SLOV>
    <SVIZ>37,510000</SVIZ>
    <BSP>37,510000</BSP>
    <MALT>37,510000</MALT>
    <XAUS>37,510000</XAUS>
    <XFRA>37,510000</XFRA>
  </Prezzi>
  <Prezzi>
    <Data>20160623</Data>
    <Mercato>MGP</Mercato>
    <Ora>9</Ora>
    <PUN>39,890000</PUN>
    <NAT>39,890000</NAT>
    <CNOR>39,890000</CNOR>
    <CSUD>39,890000</CSUD>
    <NORD>39,890000</NORD>
    <SARD>39,890000</SARD>
    <SICI>39,890000</SICI>
    <SUD>39,890000</SUD>
    <AUST>39,890000</AUST>
    <BRNN>39,890000</BRNN>
    <COAC>39,890000</COAC>
    <CORS>39,890000</CORS>
    <FOGN>39,890000</FOGN>
    <FRAN>39,890000</FRAN>
    <GREC>39,890000</GREC>
    <MFTV>39,890000</MFTV>
    <PRGP>39,890000</PRGP>
    <ROSN>39,890000</ROSN>
    <SLOV>39,890000</SLOV>
    <SVIZ>39,890000</SVIZ>
    <BSP>39,890000</BSP>
    <MALT>39,890000</MALT>
    <XAUS>39,890000</XAUS>
    <XFRA>39,890000</XFRA>
  </Prezzi>
  <Prezzi>
    <Data>20160623</Data>
    <Mercato>MGP</Mercato>
    <Ora>10</Ora>
    <PUN>38,920000</PUN>
    <NAT>38,920000</NAT>
    <CNOR>38,920000</CNOR>
    <CSUD>38,920000</CSUD>
    <NORD>38,920000</NORD>
    <SARD>38,920000</SARD>
    <SICI>38,920000</SICI>
    <SUD>38,920000</SUD>
    <AUST>38,920000</AUST>
    <BRNN>38,920000</BRNN>
    <COAC>38,920000</COAC>
    <CORS>38,920000</CORS>
    <FOGN>38,920000</FOGN>
    <FRAN>38,920000</FRAN>
    <GREC>38,920000</GREC>
    <MFTV>38,920000</MFTV>
    <PRGP>38,920000</PRGP>
    <ROSN>38,920000</ROSN>
    <SLOV>38,920000</SLOV>
    <SVIZ>38,920000</SVIZ>
    <BSP>38,920000</BSP>
    <MALT>38,920000</MALT>
    <XAUS>38,920000</XAUS>
    <XFRA>38,920000</XFRA>
  </Prezzi>
  <Prezzi>
    <Data>20160623</Data>
    <Mercato>MGP</Mercato>
    <Ora>11</Ora>
    <PUN>34,950000</PUN>
    <NAT>34,950000</NAT>
    <CNOR>34,950000</CNOR>
    <CSUD>34,950000</CSUD>
    <NORD>34,950000</NORD>
    <SARD>34,950000</SARD>
    <SICI>34,950000</SICI>
    <SUD>34,950000</SUD>
    <AUST>34,950000</AUST>
    <BRNN>34,950000</BRNN>
    <COAC>34,950000</COAC>
    <CORS>34,950000</CORS>
    <FOGN>34,950000</FOGN>
    <FRAN>34,950000</FRAN>
    <GREC>34,950000</GREC>
    <MFTV>34,950000</MFTV>
    <PRGP>34,950000</PRGP>
    <ROSN>34,950000</ROSN>
    <SLOV>34,950000</SLOV>
    <SVIZ>34,950000</SVIZ>
    <BSP>34,950000</BSP>
    <MALT>34,950000</MALT>
    <XAUS>34,950000</XAUS>
    <XFRA>34,950000</XFRA>
  </Prezzi>
  <Prezzi>
    <Data>20160623</Data>
    <Mercato>MGP</Mercato>
    <Ora>12</Ora>
    <PUN>35,000000</PUN>
    <NAT>35,000000</NAT>
    <CNOR>35,000000</CNOR>
    <CSUD>35,000000</CSUD>
    <NORD>35,000000</NORD>
    <SARD>35,000000</SARD>
    <SICI>35,000000</SICI>
    <SUD>35,000000</SUD>
    <AUST>35,000000</AUST>
    <BRNN>35,000000</BRNN>
    <COAC>35,000000</COAC>
    <CORS>35,000000</CORS>
    <FOGN>35,000000</FOGN>
    <FRAN>35,000000</FRAN>
    <GREC>35,000000</GREC>
    <MFTV>35,000000</MFTV>
    <PRGP>35,000000</PRGP>
    <ROSN>35,000000</ROSN>
    <SLOV>35,000000</SLOV>
    <SVIZ>35,000000</SVIZ>
    <BSP>35,000000</BSP>
    <MALT>35,000000</MALT>
    <XAUS>35,000000</XAUS>
    <XFRA>35,000000</XFRA>
  </Prezzi>
  <Prezzi>
    <Data>20160623</Data>
    <Mercato>MGP</Mercato>
    <Ora>13</Ora>
    <PUN>33,985950</PUN>
    <NAT>33,960000</NAT>
    <CNOR>33,985950</CNOR>
    <CSUD>33,985950</CSUD>
    <NORD>33,985950</NORD>
    <SARD>33,985950</SARD>
    <SICI>33,985950</SICI>
    <SUD>33,985950</SUD>
    <AUST>33,985950</AUST>
    <BRNN>33,985950</BRNN>
    <COAC>33,985950</COAC>
    <CORS>33,985950</CORS>
    <FOGN>33,985950</FOGN>
    <FRAN>33,985950</FRAN>
    <GREC>33,985950</GREC>
    <MFTV>33,985950</MFTV>
    <PRGP>33,985950</PRGP>
    <ROSN>33,985950</ROSN>
    <SLOV>33,985950</SLOV>
    <SVIZ>33,985950</SVIZ>
    <BSP>33,985950</BSP>
    <MALT>33,985950</MALT>
    <XAUS>33,985950</XAUS>
    <XFRA>33,985950</XFRA>
  </Prezzi>
  <Prezzi>
    <Data>20160623</Data>
    <Mercato>MGP</Mercato>
    <Ora>14</Ora>
    <PUN>34,179680</PUN>
    <NAT>34,220000</NAT>
    <CNOR>34,179680</CNOR>
    <CSUD>34,179680</CSUD>
    <NORD>34,179680</NORD>
    <SARD>34,179680</SARD>
    <SICI>34,179680</SICI>
    <SUD>34,179680</SUD>
    <AUST>34,179680</AUST>
    <BRNN>34,179680</BRNN>
    <COAC>34,179680</COAC>
    <CORS>34,179680</CORS>
    <FOGN>34,179680</FOGN>
    <FRAN>34,179680</FRAN>
    <GREC>34,179680</GREC>
    <MFTV>34,179680</MFTV>
    <PRGP>34,179680</PRGP>
    <ROSN>34,179680</ROSN>
    <SLOV>34,179680</SLOV>
    <SVIZ>34,179680</SVIZ>
    <BSP>34,179680</BSP>
    <MALT>34,179680</MALT>
    <XAUS>34,179680</XAUS>
    <XFRA>34,179680</XFRA>
  </Prezzi>
  <Prezzi>
    <Data>20160623</Data>
    <Mercato>MGP</Mercato>
    <Ora>15</Ora>
    <PUN>35,400000</PUN>
    <NAT>35,400000</NAT>
    <CNOR>35,400000</CNOR>
    <CSUD>35,400000</CSUD>
    <NORD>35,400000</NORD>
    <SARD>35,400000</SARD>
    <SICI>35,400000</SICI>
    <SUD>35,400000</SUD>
    <AUST>35,400000</AUST>
    <BRNN>35,400000</BRNN>
    <COAC>35,400000</COAC>
    <CORS>35,400000</CORS>
    <FOGN>35,400000</FOGN>
    <FRAN>35,400000</FRAN>
    <GREC>35,400000</GREC>
    <MFTV>35,400000</MFTV>
    <PRGP>35,400000</PRGP>
    <ROSN>35,400000</ROSN>
    <SLOV>35,400000</SLOV>
    <SVIZ>35,400000</SVIZ>
    <BSP>35,400000</BSP>
    <MALT>35,400000</MALT>
    <XAUS>35,400000</XAUS>
    <XFRA>35,400000</XFRA>
  </Prezzi>
  <Prezzi>
    <Data>20160623</Data>
    <Mercato>MGP</Mercato>
    <Ora>16</Ora>
    <PUN>37,370000</PUN>
    <NAT>37,370000</NAT>
    <CNOR>37,370000</CNOR>
    <CSUD>37,370000</CSUD>
    <NORD>37,370000</NORD>
    <SARD>37,370000</SARD>
    <SICI>37,370000</SICI>
    <SUD>37,370000</SUD>
    <AUST>37,370000</AUST>
    <BRNN>37,370000</BRNN>
    <COAC>37,370000</COAC>
    <CORS>37,370000</CORS>
    <FOGN>37,370000</FOGN>
    <FRAN>37,370000</FRAN>
    <GREC>37,370000</GREC>
    <MFTV>37,370000</MFTV>
    <PRGP>37,370000</PRGP>
    <ROSN>37,370000</ROSN>
    <SLOV>37,370000</SLOV>
    <SVIZ>37,370000</SVIZ>
    <BSP>37,370000</BSP>
    <MALT>37,370000</MALT>
    <XAUS>37,370000</XAUS>
    <XFRA>37,370000</XFRA>
  </Prezzi>
  <Prezzi>
    <Data>20160623</Data>
    <Mercato>MGP</Mercato>
    <Ora>17</Ora>
    <PUN>39,920000</PUN>
    <NAT>39,920000</NAT>
    <CNOR>39,920000</CNOR>
    <CSUD>39,920000</CSUD>
    <NORD>39,920000</NORD>
    <SARD>39,920000</SARD>
    <SICI>39,920000</SICI>
    <SUD>39,920000</SUD>
    <AUST>39,920000</AUST>
    <BRNN>39,920000</BRNN>
    <COAC>39,920000</COAC>
    <CORS>39,920000</CORS>
    <FOGN>39,920000</FOGN>
    <FRAN>39,920000</FRAN>
    <GREC>39,920000</GREC>
    <MFTV>39,920000</MFTV>
    <PRGP>39,920000</PRGP>
    <ROSN>39,920000</ROSN>
    <SLOV>39,920000</SLOV>
    <SVIZ>39,920000</SVIZ>
    <BSP>39,920000</BSP>
    <MALT>39,920000</MALT>
    <XAUS>39,920000</XAUS>
    <XFRA>39,920000</XFRA>
  </Prezzi>
  <Prezzi>
    <Data>20160623</Data>
    <Mercato>MGP</Mercato>
    <Ora>18</Ora>
    <PUN>40,710000</PUN>
    <NAT>40,710000</NAT>
    <CNOR>40,710000</CNOR>
    <CSUD>40,710000</CSUD>
    <NORD>40,710000</NORD>
    <SARD>40,710000</SARD>
    <SICI>40,710000</SICI>
    <SUD>40,710000</SUD>
    <AUST>40,710000</AUST>
    <BRNN>40,710000</BRNN>
    <COAC>40,710000</COAC>
    <CORS>40,710000</CORS>
    <FOGN>40,710000</FOGN>
    <FRAN>40,710000</FRAN>
    <GREC>40,710000</GREC>
    <MFTV>40,710000</MFTV>
    <PRGP>40,710000</PRGP>
    <ROSN>40,710000</ROSN>
    <SLOV>40,710000</SLOV>
    <SVIZ>40,710000</SVIZ>
    <BSP>40,710000</BSP>
    <MALT>40,710000</MALT>
    <XAUS>40,710000</XAUS>
    <XFRA>40,710000</XFRA>
  </Prezzi>
  <Prezzi>
    <Data>20160623</Data>
    <Mercato>MGP</Mercato>
    <Ora>19</Ora>
    <PUN>41,000000</PUN>
    <NAT>41,000000</NAT>
    <CNOR>41,000000</CNOR>
    <CSUD>41,000000</CSUD>
    <NORD>41,000000</NORD>
    <SARD>41,000000</SARD>
    <SICI>41,000000</SICI>
    <SUD>41,000000</SUD>
    <AUST>41,000000</AUST>
    <BRNN>41,000000</BRNN>
    <COAC>41,000000</COAC>
    <CORS>41,000000</CORS>
    <FOGN>41,000000</FOGN>
    <FRAN>41,000000</FRAN>
    <GREC>41,000000</GREC>
    <MFTV>41,000000</MFTV>
    <PRGP>41,000000</PRGP>
    <ROSN>41,000000</ROSN>
    <SLOV>41,000000</SLOV>
    <SVIZ>41,000000</SVIZ>
    <BSP>41,000000</BSP>
    <MALT>41,000000</MALT>
    <XAUS>41,000000</XAUS>
    <XFRA>41,000000</XFRA>
  </Prezzi>
  <Prezzi>
    <Data>20160623</Data>
    <Mercato>MGP</Mercato>
    <Ora>20</Ora>
    <PUN>42,500000</PUN>
    <NAT>42,500000</NAT>
    <CNOR>42,500000</CNOR>
    <CSUD>42,500000</CSUD>
    <NORD>42,500000</NORD>
    <SARD>42,500000</SARD>
    <SICI>42,500000</SICI>
    <SUD>42,500000</SUD>
    <AUST>42,500000</AUST>
    <BRNN>42,500000</BRNN>
    <COAC>42,500000</COAC>
    <CORS>42,500000</CORS>
    <FOGN>42,500000</FOGN>
    <FRAN>42,500000</FRAN>
    <GREC>42,500000</GREC>
    <MFTV>42,500000</MFTV>
    <PRGP>42,500000</PRGP>
    <ROSN>42,500000</ROSN>
    <SLOV>42,500000</SLOV>
    <SVIZ>42,500000</SVIZ>
    <BSP>42,500000</BSP>
    <MALT>42,500000</MALT>
    <XAUS>42,500000</XAUS>
    <XFRA>42,500000</XFRA>
  </Prezzi>
  <Prezzi>
    <Data>20160623</Data>
    <Mercato>MGP</Mercato>
    <Ora>21</Ora>
    <PUN>42,990000</PUN>
    <NAT>43,000000</NAT>
    <CNOR>42,990000</CNOR>
    <CSUD>42,990000</CSUD>
    <NORD>42,990000</NORD>
    <SARD>42,990000</SARD>
    <SICI>42,990000</SICI>
    <SUD>42,990000</SUD>
    <AUST>42,990000</AUST>
    <BRNN>42,990000</BRNN>
    <COAC>42,990000</COAC>
    <CORS>42,990000</CORS>
    <FOGN>42,990000</FOGN>
    <FRAN>42,990000</FRAN>
    <GREC>42,990000</GREC>
    <MFTV>42,990000</MFTV>
    <PRGP>42,990000</PRGP>
    <ROSN>42,990000</ROSN>
    <SLOV>42,990000</SLOV>
    <SVIZ>42,990000</SVIZ>
    <BSP>42,990000</BSP>
    <MALT>42,990000</MALT>
    <XAUS>42,990000</XAUS>
    <XFRA>42,990000</XFRA>
  </Prezzi>
  <Prezzi>
    <Data>20160623</Data>
    <Mercato>MGP</Mercato>
    <Ora>22</Ora>
    <PUN>49,950000</PUN>
    <NAT>49,950000</NAT>
    <CNOR>49,950000</CNOR>
    <CSUD>49,950000</CSUD>
    <NORD>49,950000</NORD>
    <SARD>49,950000</SARD>
    <SICI>49,950000</SICI>
    <SUD>49,950000</SUD>
    <AUST>49,950000</AUST>
    <BRNN>49,950000</BRNN>
    <COAC>49,950000</COAC>
    <CORS>49,950000</CORS>
    <FOGN>49,950000</FOGN>
    <FRAN>49,950000</FRAN>
    <GREC>49,950000</GREC>
    <MFTV>49,950000</MFTV>
    <PRGP>49,950000</PRGP>
    <ROSN>49,950000</ROSN>
    <SLOV>49,950000</SLOV>
    <SVIZ>49,950000</SVIZ>
    <BSP>49,950000</BSP>
    <MALT>49,950000</MALT>
    <XAUS>49,950000</XAUS>
    <XFRA>49,950000</XFRA>
  </Prezzi>
  <Prezzi>
    <Data>20160623</Data>
    <Mercato>MGP</Mercato>
    <Ora>23</Ora>
    <PUN>42,810000</PUN>
    <NAT>42,810000</NAT>
    <CNOR>42,810000</CNOR>
    <CSUD>42,810000</CSUD>
    <NORD>42,810000</NORD>
    <SARD>42,810000</SARD>
    <SICI>42,810000</SICI>
    <SUD>42,810000</SUD>
    <AUST>42,810000</AUST>
    <BRNN>42,810000</BRNN>
    <COAC>42,810000</COAC>
    <CORS>42,810000</CORS>
    <FOGN>42,810000</FOGN>
    <FRAN>42,810000</FRAN>
    <GREC>42,810000</GREC>
    <MFTV>42,810000</MFTV>
    <PRGP>42,810000</PRGP>
    <ROSN>42,810000</ROSN>
    <SLOV>42,810000</SLOV>
    <SVIZ>42,810000</SVIZ>
    <BSP>42,810000</BSP>
    <MALT>42,810000</MALT>
    <XAUS>42,810000</XAUS>
    <XFRA>42,810000</XFRA>
  </Prezzi>
  <Prezzi>
    <Data>20160623</Data>
    <Mercato>MGP</Mercato>
    <Ora>24</Ora>
    <PUN>38,380000</PUN>
    <NAT>38,380000</NAT>
    <CNOR>38,380000</CNOR>
    <CSUD>38,380000</CSUD>
    <NORD>38,380000</NORD>
    <SARD>38,380000</SARD>
    <SICI>38,380000</SICI>
    <SUD>38,380000</SUD>
    <AUST>38,380000</AUST>
    <BRNN>38,380000</BRNN>
    <COAC>38,380000</COAC>
    <CORS>38,380000</CORS>
    <FOGN>38,380000</FOGN>
    <FRAN>38,380000</FRAN>
    <GREC>38,380000</GREC>
    <MFTV>38,380000</MFTV>
    <PRGP>38,380000</PRGP>
    <ROSN>38,380000</ROSN>
    <SLOV>38,380000</SLOV>
    <SVIZ>38,380000</SVIZ>
    <BSP>38,380000</BSP>
    <MALT>38,380000</MALT>
    <XAUS>38,380000</XAUS>
    <XFRA>38,380000</XFRA>
  </Prezzi>
</NewDataSet>