<?xml version="1.0" standalone="yes"?>
<NewDataSet>
  <xs:schema id="NewDataSet" xmlns="" xmlns:xs="http://www.w3.org/2001/XMLSchema" xmlns:msdata="urn:schemas-microsoft-com:xml-msdata">
    <xs:element name="NewDataSet" msdata:IsDataSet="true" msdata:UseCurrentLocale="true">
      <xs:complexType>
        <xs:choice minOccurs="0" maxOccurs="unbounded">
          <xs:element name="Prezzi">
            <xs:complexType>
              <xs:sequence>
                <xs:element name="Data" type="xs:string" minOccurs="0" />
                <xs:element name="Mercato" type="xs:string" minOccurs="0" />
                <xs:element name="Ora" type="xs:string" minOccurs="0" />
                <xs:element name="PUN" type="xs:string" minOccurs="0" />
                <xs:element name="NAT" type="xs:string" minOccurs="0" />
                <xs:element name="CNOR" type="xs:string" minOccurs="0" />
                <xs:element name="CSUD" type="xs:string" minOccurs="0" />
                <xs:element name="NORD" type="xs:string" minOccurs="0" />
                <xs:element name="SARD" type="xs:string" minOccurs="0" />
                <xs:element name="SICI" type="xs:string" minOccurs="0" />
                <xs:element name="SUD" type="xs:string" minOccurs="0" />
                <xs:element name="AUST" type="xs:string" minOccurs="0" />
                <xs:element name="BRNN" type="xs:string" minOccurs="0" />
                <xs:element name="COAC" type="xs:string" minOccurs="0" />
                <xs:element name="CORS" type="xs:string" minOccurs="0" />
                <xs:element name="FOGN" type="xs:string" minOccurs="0" />
                <xs:element name="FRAN" type="xs:string" minOccurs="0" />
                <xs:element name="GREC" type="xs:string" minOccurs="0" />
                <xs:element name="MFTV" type="xs:string" minOccurs="0" />
                <xs:element name="PRGP" type="xs:string" minOccurs="0" />
                <xs:element name="ROSN" type="xs:string" minOccurs="0" />
                <xs:element name="SLOV" type="xs:string" minOccurs="0" />
                <xs:element name="SVIZ" type="xs:string" minOccurs="0" />
                <xs:element name="BSP" type="xs:string" minOccurs="0" />
                <xs:element name="MALT" type="xs:string" minOccurs="0" />
                <xs:element name="XAUS" type="xs:string" minOccurs="0" />
                <xs:element name="XFRA" type="xs:string" minOccurs="0" />
              </xs:sequence>
            </xs:complexType>
          </xs:element>
        </xs:choice>
      </xs:complexType>
    </xs:element>
  </xs:schema>
  <Prezzi>
    <Data>20160619</Data>
    <Mercato>MGP</Mercato>
    <Ora>1</Ora>
    <PUN>30,066900</PUN>
    <NAT>31,830000</NAT>
    <CNOR>35,360000</CNOR>
    <CSUD>35,360000</CSUD>
    <NORD>22,578700</NORD>
    <SARD>35,360000</SARD>
    <SICI>45,000000</SICI>
    <SUD>35,360000</SUD>
    <AUST>22,578700</AUST>
    <BRNN>35,360000</BRNN>
    <COAC>35,360000</COAC>
    <CORS>35,360000</CORS>
    <FOGN>35,360000</FOGN>
    <FRAN>22,578700</FRAN>
    <GREC>35,360000</GREC>
    <MFTV>22,578700</MFTV>
    <PRGP>45,000000</PRGP>
    <ROSN>35,360000</ROSN>
    <SLOV>22,578700</SLOV>
    <SVIZ>22,578700</SVIZ>
    <BSP>22,578700</BSP>
    <MALT>45,000000</MALT>
    <XAUS>22,578700</XAUS>
    <XFRA>22,578700</XFRA>
  </Prezzi>
  <Prezzi>
    <Data>20160619</Data>
    <Mercato>MGP</Mercato>
    <Ora>2</Ora>
    <PUN>29,381480</PUN>
    <NAT>28,380000</NAT>
    <CNOR>39,300000</CNOR>
    <CSUD>39,300000</CSUD>
    <NORD>17,015320</NORD>
    <SARD>39,300000</SARD>
    <SICI>42,020000</SICI>
    <SUD>39,300000</SUD>
    <AUST>17,015320</AUST>
    <BRNN>39,300000</BRNN>
    <COAC>39,300000</COAC>
    <CORS>39,300000</CORS>
    <FOGN>39,300000</FOGN>
    <FRAN>17,015320</FRAN>
    <GREC>39,300000</GREC>
    <MFTV>17,015320</MFTV>
    <PRGP>42,020000</PRGP>
    <ROSN>39,300000</ROSN>
    <SLOV>17,015320</SLOV>
    <SVIZ>17,015320</SVIZ>
    <BSP>17,015320</BSP>
    <MALT>42,020000</MALT>
    <XAUS>17,015320</XAUS>
    <XFRA>17,015320</XFRA>
  </Prezzi>
  <Prezzi>
    <Data>20160619</Data>
    <Mercato>MGP</Mercato>
    <Ora>3</Ora>
    <PUN>25,838260</PUN>
    <NAT>25,930000</NAT>
    <CNOR>35,360000</CNOR>
    <CSUD>35,360000</CSUD>
    <NORD>15,000000</NORD>
    <SARD>35,360000</SARD>
    <SICI>35,360000</SICI>
    <SUD>35,360000</SUD>
    <AUST>15,000000</AUST>
    <BRNN>35,360000</BRNN>
    <COAC>35,360000</COAC>
    <CORS>35,360000</CORS>
    <FOGN>35,360000</FOGN>
    <FRAN>15,000000</FRAN>
    <GREC>35,360000</GREC>
    <MFTV>15,000000</MFTV>
    <PRGP>35,360000</PRGP>
    <ROSN>35,360000</ROSN>
    <SLOV>15,000000</SLOV>
    <SVIZ>15,000000</SVIZ>
    <BSP>15,000000</BSP>
    <MALT>35,360000</MALT>
    <XAUS>15,000000</XAUS>
    <XFRA>15,000000</XFRA>
  </Prezzi>
  <Prezzi>
    <Data>20160619</Data>
    <Mercato>MGP</Mercato>
    <Ora>4</Ora>
    <PUN>24,885810</PUN>
    <NAT>24,990000</NAT>
    <CNOR>35,110000</CNOR>
    <CSUD>35,110000</CSUD>
    <NORD>13,034790</NORD>
    <SARD>35,110000</SARD>
    <SICI>35,110000</SICI>
    <SUD>35,110000</SUD>
    <AUST>13,034790</AUST>
    <BRNN>35,110000</BRNN>
    <COAC>35,110000</COAC>
    <CORS>35,110000</CORS>
    <FOGN>35,110000</FOGN>
    <FRAN>13,034790</FRAN>
    <GREC>35,110000</GREC>
    <MFTV>13,034790</MFTV>
    <PRGP>35,110000</PRGP>
    <ROSN>35,110000</ROSN>
    <SLOV>13,034790</SLOV>
    <SVIZ>13,034790</SVIZ>
    <BSP>13,034790</BSP>
    <MALT>35,110000</MALT>
    <XAUS>13,034790</XAUS>
    <XFRA>13,034790</XFRA>
  </Prezzi>
  <Prezzi>
    <Data>20160619</Data>
    <Mercato>MGP</Mercato>
    <Ora>5</Ora>
    <PUN>25,771050</PUN>
    <NAT>26,500000</NAT>
    <CNOR>35,360000</CNOR>
    <CSUD>35,360000</CSUD>
    <NORD>15,000000</NORD>
    <SARD>35,360000</SARD>
    <SICI>35,360000</SICI>
    <SUD>35,360000</SUD>
    <AUST>15,000000</AUST>
    <BRNN>35,360000</BRNN>
    <COAC>35,360000</COAC>
    <CORS>35,360000</CORS>
    <FOGN>35,360000</FOGN>
    <FRAN>15,000000</FRAN>
    <GREC>35,360000</GREC>
    <MFTV>15,000000</MFTV>
    <PRGP>35,360000</PRGP>
    <ROSN>35,360000</ROSN>
    <SLOV>15,000000</SLOV>
    <SVIZ>15,000000</SVIZ>
    <BSP>15,000000</BSP>
    <MALT>35,360000</MALT>
    <XAUS>15,000000</XAUS>
    <XFRA>15,000000</XFRA>
  </Prezzi>
  <Prezzi>
    <Data>20160619</Data>
    <Mercato>MGP</Mercato>
    <Ora>6</Ora>
    <PUN>26,848050</PUN>
    <NAT>26,500000</NAT>
    <CNOR>35,110000</CNOR>
    <CSUD>35,110000</CSUD>
    <NORD>17,600000</NORD>
    <SARD>35,110000</SARD>
    <SICI>35,110000</SICI>
    <SUD>35,110000</SUD>
    <AUST>17,600000</AUST>
    <BRNN>35,110000</BRNN>
    <COAC>35,110000</COAC>
    <CORS>35,110000</CORS>
    <FOGN>35,110000</FOGN>
    <FRAN>17,600000</FRAN>
    <GREC>35,110000</GREC>
    <MFTV>17,600000</MFTV>
    <PRGP>35,110000</PRGP>
    <ROSN>35,110000</ROSN>
    <SLOV>17,600000</SLOV>
    <SVIZ>17,600000</SVIZ>
    <BSP>17,600000</BSP>
    <MALT>35,110000</MALT>
    <XAUS>17,600000</XAUS>
    <XFRA>17,600000</XFRA>
  </Prezzi>
  <Prezzi>
    <Data>20160619</Data>
    <Mercato>MGP</Mercato>
    <Ora>7</Ora>
    <PUN>22,856820</PUN>
    <NAT>25,150000</NAT>
    <CNOR>30,150000</CNOR>
    <CSUD>30,150000</CSUD>
    <NORD>15,000000</NORD>
    <SARD>30,150000</SARD>
    <SICI>30,150000</SICI>
    <SUD>30,150000</SUD>
    <AUST>15,000000</AUST>
    <BRNN>30,150000</BRNN>
    <COAC>30,150000</COAC>
    <CORS>30,150000</CORS>
    <FOGN>30,150000</FOGN>
    <FRAN>15,000000</FRAN>
    <GREC>30,150000</GREC>
    <MFTV>15,000000</MFTV>
    <PRGP>30,150000</PRGP>
    <ROSN>30,150000</ROSN>
    <SLOV>15,000000</SLOV>
    <SVIZ>15,000000</SVIZ>
    <BSP>15,000000</BSP>
    <MALT>30,150000</MALT>
    <XAUS>15,000000</XAUS>
    <XFRA>15,000000</XFRA>
  </Prezzi>
  <Prezzi>
    <Data>20160619</Data>
    <Mercato>MGP</Mercato>
    <Ora>8</Ora>
    <PUN>22,324790</PUN>
    <NAT>25,170000</NAT>
    <CNOR>28,380000</CNOR>
    <CSUD>28,380000</CSUD>
    <NORD>15,930000</NORD>
    <SARD>28,380000</SARD>
    <SICI>28,380000</SICI>
    <SUD>28,380000</SUD>
    <AUST>15,930000</AUST>
    <BRNN>28,380000</BRNN>
    <COAC>28,380000</COAC>
    <CORS>28,380000</CORS>
    <FOGN>28,380000</FOGN>
    <FRAN>15,930000</FRAN>
    <GREC>28,380000</GREC>
    <MFTV>15,930000</MFTV>
    <PRGP>28,380000</PRGP>
    <ROSN>28,380000</ROSN>
    <SLOV>15,930000</SLOV>
    <SVIZ>15,930000</SVIZ>
    <BSP>15,930000</BSP>
    <MALT>28,380000</MALT>
    <XAUS>15,930000</XAUS>
    <XFRA>15,930000</XFRA>
  </Prezzi>
  <Prezzi>
    <Data>20160619</Data>
    <Mercato>MGP</Mercato>
    <Ora>9</Ora>
    <PUN>20,644110</PUN>
    <NAT>20,000000</NAT>
    <CNOR>18,650000</CNOR>
    <CSUD>28,140000</CSUD>
    <NORD>15,000000</NORD>
    <SARD>28,140000</SARD>
    <SICI>28,140000</SICI>
    <SUD>28,140000</SUD>
    <AUST>15,000000</AUST>
    <BRNN>28,140000</BRNN>
    <COAC>28,140000</COAC>
    <CORS>18,650000</CORS>
    <FOGN>28,140000</FOGN>
    <FRAN>15,000000</FRAN>
    <GREC>28,140000</GREC>
    <MFTV>15,000000</MFTV>
    <PRGP>28,140000</PRGP>
    <ROSN>28,140000</ROSN>
    <SLOV>15,000000</SLOV>
    <SVIZ>15,000000</SVIZ>
    <BSP>15,000000</BSP>
    <MALT>28,140000</MALT>
    <XAUS>15,000000</XAUS>
    <XFRA>15,000000</XFRA>
  </Prezzi>
  <Prezzi>
    <Data>20160619</Data>
    <Mercato>MGP</Mercato>
    <Ora>10</Ora>
    <PUN>23,798890</PUN>
    <NAT>25,990000</NAT>
    <CNOR>25,990000</CNOR>
    <CSUD>28,380000</CSUD>
    <NORD>19,440000</NORD>
    <SARD>28,380000</SARD>
    <SICI>28,380000</SICI>
    <SUD>28,380000</SUD>
    <AUST>19,440000</AUST>
    <BRNN>28,380000</BRNN>
    <COAC>28,380000</COAC>
    <CORS>25,990000</CORS>
    <FOGN>28,380000</FOGN>
    <FRAN>19,440000</FRAN>
    <GREC>28,380000</GREC>
    <MFTV>19,440000</MFTV>
    <PRGP>28,380000</PRGP>
    <ROSN>28,380000</ROSN>
    <SLOV>19,440000</SLOV>
    <SVIZ>19,440000</SVIZ>
    <BSP>19,440000</BSP>
    <MALT>28,380000</MALT>
    <XAUS>19,440000</XAUS>
    <XFRA>19,440000</XFRA>
  </Prezzi>
  <Prezzi>
    <Data>20160619</Data>
    <Mercato>MGP</Mercato>
    <Ora>11</Ora>
    <PUN>28,140000</PUN>
    <NAT>28,140000</NAT>
    <CNOR>28,140000</CNOR>
    <CSUD>28,140000</CSUD>
    <NORD>28,140000</NORD>
    <SARD>28,140000</SARD>
    <SICI>28,140000</SICI>
    <SUD>28,140000</SUD>
    <AUST>28,140000</AUST>
    <BRNN>28,140000</BRNN>
    <COAC>28,140000</COAC>
    <CORS>28,140000</CORS>
    <FOGN>28,140000</FOGN>
    <FRAN>28,140000</FRAN>
    <GREC>28,140000</GREC>
    <MFTV>28,140000</MFTV>
    <PRGP>28,140000</PRGP>
    <ROSN>28,140000</ROSN>
    <SLOV>28,140000</SLOV>
    <SVIZ>28,140000</SVIZ>
    <BSP>28,140000</BSP>
    <MALT>28,140000</MALT>
    <XAUS>28,140000</XAUS>
    <XFRA>28,140000</XFRA>
  </Prezzi>
  <Prezzi>
    <Data>20160619</Data>
    <Mercato>MGP</Mercato>
    <Ora>12</Ora>
    <PUN>26,500000</PUN>
    <NAT>26,500000</NAT>
    <CNOR>26,500000</CNOR>
    <CSUD>26,500000</CSUD>
    <NORD>26,500000</NORD>
    <SARD>26,500000</SARD>
    <SICI>26,500000</SICI>
    <SUD>26,500000</SUD>
    <AUST>26,500000</AUST>
    <BRNN>26,500000</BRNN>
    <COAC>26,500000</COAC>
    <CORS>26,500000</CORS>
    <FOGN>26,500000</FOGN>
    <FRAN>26,500000</FRAN>
    <GREC>26,500000</GREC>
    <MFTV>26,500000</MFTV>
    <PRGP>26,500000</PRGP>
    <ROSN>26,500000</ROSN>
    <SLOV>26,500000</SLOV>
    <SVIZ>26,500000</SVIZ>
    <BSP>26,500000</BSP>
    <MALT>26,500000</MALT>
    <XAUS>26,500000</XAUS>
    <XFRA>26,500000</XFRA>
  </Prezzi>
  <Prezzi>
    <Data>20160619</Data>
    <Mercato>MGP</Mercato>
    <Ora>13</Ora>
    <PUN>28,140000</PUN>
    <NAT>28,140000</NAT>
    <CNOR>28,140000</CNOR>
    <CSUD>28,140000</CSUD>
    <NORD>28,140000</NORD>
    <SARD>28,140000</SARD>
    <SICI>28,140000</SICI>
    <SUD>28,140000</SUD>
    <AUST>28,140000</AUST>
    <BRNN>28,140000</BRNN>
    <COAC>28,140000</COAC>
    <CORS>28,140000</CORS>
    <FOGN>28,140000</FOGN>
    <FRAN>28,140000</FRAN>
    <GREC>28,140000</GREC>
    <MFTV>28,140000</MFTV>
    <PRGP>28,140000</PRGP>
    <ROSN>28,140000</ROSN>
    <SLOV>28,140000</SLOV>
    <SVIZ>28,140000</SVIZ>
    <BSP>28,140000</BSP>
    <MALT>28,140000</MALT>
    <XAUS>28,140000</XAUS>
    <XFRA>28,140000</XFRA>
  </Prezzi>
  <Prezzi>
    <Data>20160619</Data>
    <Mercato>MGP</Mercato>
    <Ora>14</Ora>
    <PUN>25,990000</PUN>
    <NAT>25,990000</NAT>
    <CNOR>25,990000</CNOR>
    <CSUD>25,990000</CSUD>
    <NORD>25,990000</NORD>
    <SARD>25,990000</SARD>
    <SICI>25,990000</SICI>
    <SUD>25,990000</SUD>
    <AUST>25,990000</AUST>
    <BRNN>25,990000</BRNN>
    <COAC>25,990000</COAC>
    <CORS>25,990000</CORS>
    <FOGN>25,990000</FOGN>
    <FRAN>25,990000</FRAN>
    <GREC>25,990000</GREC>
    <MFTV>25,990000</MFTV>
    <PRGP>25,990000</PRGP>
    <ROSN>25,990000</ROSN>
    <SLOV>25,990000</SLOV>
    <SVIZ>25,990000</SVIZ>
    <BSP>25,990000</BSP>
    <MALT>25,990000</MALT>
    <XAUS>25,990000</XAUS>
    <XFRA>25,990000</XFRA>
  </Prezzi>
  <Prezzi>
    <Data>20160619</Data>
    <Mercato>MGP</Mercato>
    <Ora>15</Ora>
    <PUN>25,460000</PUN>
    <NAT>25,460000</NAT>
    <CNOR>25,460000</CNOR>
    <CSUD>25,460000</CSUD>
    <NORD>25,460000</NORD>
    <SARD>25,460000</SARD>
    <SICI>25,460000</SICI>
    <SUD>25,460000</SUD>
    <AUST>25,460000</AUST>
    <BRNN>25,460000</BRNN>
    <COAC>25,460000</COAC>
    <CORS>25,460000</CORS>
    <FOGN>25,460000</FOGN>
    <FRAN>25,460000</FRAN>
    <GREC>25,460000</GREC>
    <MFTV>25,460000</MFTV>
    <PRGP>25,460000</PRGP>
    <ROSN>25,460000</ROSN>
    <SLOV>25,460000</SLOV>
    <SVIZ>25,460000</SVIZ>
    <BSP>25,460000</BSP>
    <MALT>25,460000</MALT>
    <XAUS>25,460000</XAUS>
    <XFRA>25,460000</XFRA>
  </Prezzi>
  <Prezzi>
    <Data>20160619</Data>
    <Mercato>MGP</Mercato>
    <Ora>16</Ora>
    <PUN>25,020000</PUN>
    <NAT>25,020000</NAT>
    <CNOR>25,020000</CNOR>
    <CSUD>25,020000</CSUD>
    <NORD>25,020000</NORD>
    <SARD>25,020000</SARD>
    <SICI>25,020000</SICI>
    <SUD>25,020000</SUD>
    <AUST>25,020000</AUST>
    <BRNN>25,020000</BRNN>
    <COAC>25,020000</COAC>
    <CORS>25,020000</CORS>
    <FOGN>25,020000</FOGN>
    <FRAN>25,020000</FRAN>
    <GREC>25,020000</GREC>
    <MFTV>25,020000</MFTV>
    <PRGP>25,020000</PRGP>
    <ROSN>25,020000</ROSN>
    <SLOV>25,020000</SLOV>
    <SVIZ>25,020000</SVIZ>
    <BSP>25,020000</BSP>
    <MALT>25,020000</MALT>
    <XAUS>25,020000</XAUS>
    <XFRA>25,020000</XFRA>
  </Prezzi>
  <Prezzi>
    <Data>20160619</Data>
    <Mercato>MGP</Mercato>
    <Ora>17</Ora>
    <PUN>28,000000</PUN>
    <NAT>28,000000</NAT>
    <CNOR>28,000000</CNOR>
    <CSUD>28,000000</CSUD>
    <NORD>28,000000</NORD>
    <SARD>28,000000</SARD>
    <SICI>28,000000</SICI>
    <SUD>28,000000</SUD>
    <AUST>28,000000</AUST>
    <BRNN>28,000000</BRNN>
    <COAC>28,000000</COAC>
    <CORS>28,000000</CORS>
    <FOGN>28,000000</FOGN>
    <FRAN>28,000000</FRAN>
    <GREC>28,000000</GREC>
    <MFTV>28,000000</MFTV>
    <PRGP>28,000000</PRGP>
    <ROSN>28,000000</ROSN>
    <SLOV>28,000000</SLOV>
    <SVIZ>28,000000</SVIZ>
    <BSP>28,000000</BSP>
    <MALT>28,000000</MALT>
    <XAUS>28,000000</XAUS>
    <XFRA>28,000000</XFRA>
  </Prezzi>
  <Prezzi>
    <Data>20160619</Data>
    <Mercato>MGP</Mercato>
    <Ora>18</Ora>
    <PUN>25,403380</PUN>
    <NAT>28,000000</NAT>
    <CNOR>30,330000</CNOR>
    <CSUD>30,330000</CSUD>
    <NORD>20,000000</NORD>
    <SARD>30,330000</SARD>
    <SICI>30,330000</SICI>
    <SUD>30,330000</SUD>
    <AUST>20,000000</AUST>
    <BRNN>30,330000</BRNN>
    <COAC>30,330000</COAC>
    <CORS>30,330000</CORS>
    <FOGN>30,330000</FOGN>
    <FRAN>20,000000</FRAN>
    <GREC>30,330000</GREC>
    <MFTV>20,000000</MFTV>
    <PRGP>30,330000</PRGP>
    <ROSN>30,330000</ROSN>
    <SLOV>20,000000</SLOV>
    <SVIZ>20,000000</SVIZ>
    <BSP>20,000000</BSP>
    <MALT>30,330000</MALT>
    <XAUS>20,000000</XAUS>
    <XFRA>20,000000</XFRA>
  </Prezzi>
  <Prezzi>
    <Data>20160619</Data>
    <Mercato>MGP</Mercato>
    <Ora>19</Ora>
    <PUN>27,897980</PUN>
    <NAT>28,380000</NAT>
    <CNOR>35,360000</CNOR>
    <CSUD>35,360000</CSUD>
    <NORD>19,800000</NORD>
    <SARD>35,360000</SARD>
    <SICI>35,360000</SICI>
    <SUD>35,360000</SUD>
    <AUST>19,800000</AUST>
    <BRNN>35,360000</BRNN>
    <COAC>35,360000</COAC>
    <CORS>35,360000</CORS>
    <FOGN>35,360000</FOGN>
    <FRAN>19,800000</FRAN>
    <GREC>35,360000</GREC>
    <MFTV>19,800000</MFTV>
    <PRGP>35,360000</PRGP>
    <ROSN>35,360000</ROSN>
    <SLOV>19,800000</SLOV>
    <SVIZ>19,800000</SVIZ>
    <BSP>19,800000</BSP>
    <MALT>35,360000</MALT>
    <XAUS>19,800000</XAUS>
    <XFRA>19,800000</XFRA>
  </Prezzi>
  <Prezzi>
    <Data>20160619</Data>
    <Mercato>MGP</Mercato>
    <Ora>20</Ora>
    <PUN>33,185830</PUN>
    <NAT>32,200000</NAT>
    <CNOR>43,000000</CNOR>
    <CSUD>43,000000</CSUD>
    <NORD>22,111080</NORD>
    <SARD>43,000000</SARD>
    <SICI>43,000000</SICI>
    <SUD>43,000000</SUD>
    <AUST>22,111080</AUST>
    <BRNN>43,000000</BRNN>
    <COAC>43,000000</COAC>
    <CORS>43,000000</CORS>
    <FOGN>43,000000</FOGN>
    <FRAN>22,111080</FRAN>
    <GREC>43,000000</GREC>
    <MFTV>22,111080</MFTV>
    <PRGP>43,000000</PRGP>
    <ROSN>43,000000</ROSN>
    <SLOV>22,111080</SLOV>
    <SVIZ>22,111080</SVIZ>
    <BSP>22,111080</BSP>
    <MALT>43,000000</MALT>
    <XAUS>22,111080</XAUS>
    <XFRA>22,111080</XFRA>
  </Prezzi>
  <Prezzi>
    <Data>20160619</Data>
    <Mercato>MGP</Mercato>
    <Ora>21</Ora>
    <PUN>41,095830</PUN>
    <NAT>33,170000</NAT>
    <CNOR>56,000000</CNOR>
    <CSUD>56,000000</CSUD>
    <NORD>23,958550</NORD>
    <SARD>56,000000</SARD>
    <SICI>56,000000</SICI>
    <SUD>56,000000</SUD>
    <AUST>23,958550</AUST>
    <BRNN>56,000000</BRNN>
    <COAC>56,000000</COAC>
    <CORS>56,000000</CORS>
    <FOGN>56,000000</FOGN>
    <FRAN>23,958550</FRAN>
    <GREC>56,000000</GREC>
    <MFTV>23,958550</MFTV>
    <PRGP>56,000000</PRGP>
    <ROSN>56,000000</ROSN>
    <SLOV>23,958550</SLOV>
    <SVIZ>23,958550</SVIZ>
    <BSP>23,958550</BSP>
    <MALT>56,000000</MALT>
    <XAUS>23,958550</XAUS>
    <XFRA>23,958550</XFRA>
  </Prezzi>
  <Prezzi>
    <Data>20160619</Data>
    <Mercato>MGP</Mercato>
    <Ora>22</Ora>
    <PUN>49,422770</PUN>
    <NAT>35,700000</NAT>
    <CNOR>69,950000</CNOR>
    <CSUD>69,950000</CSUD>
    <NORD>25,990000</NORD>
    <SARD>69,950000</SARD>
    <SICI>69,950000</SICI>
    <SUD>69,950000</SUD>
    <AUST>25,990000</AUST>
    <BRNN>69,950000</BRNN>
    <COAC>69,950000</COAC>
    <CORS>69,950000</CORS>
    <FOGN>69,950000</FOGN>
    <FRAN>25,990000</FRAN>
    <GREC>69,950000</GREC>
    <MFTV>25,990000</MFTV>
    <PRGP>69,950000</PRGP>
    <ROSN>69,950000</ROSN>
    <SLOV>25,990000</SLOV>
    <SVIZ>25,990000</SVIZ>
    <BSP>25,990000</BSP>
    <MALT>69,950000</MALT>
    <XAUS>25,990000</XAUS>
    <XFRA>25,990000</XFRA>
  </Prezzi>
  <Prezzi>
    <Data>20160619</Data>
    <Mercato>MGP</Mercato>
    <Ora>23</Ora>
    <PUN>43,060000</PUN>
    <NAT>37,120000</NAT>
    <CNOR>52,640110</CNOR>
    <CSUD>52,640110</CSUD>
    <NORD>32,268770</NORD>
    <SARD>52,640110</SARD>
    <SICI>52,640110</SICI>
    <SUD>52,640110</SUD>
    <AUST>32,268770</AUST>
    <BRNN>52,640110</BRNN>
    <COAC>52,640110</COAC>
    <CORS>52,640110</CORS>
    <FOGN>52,640110</FOGN>
    <FRAN>32,268770</FRAN>
    <GREC>52,640110</GREC>
    <MFTV>32,268770</MFTV>
    <PRGP>52,640110</PRGP>
    <ROSN>52,640110</ROSN>
    <SLOV>32,268770</SLOV>
    <SVIZ>32,268770</SVIZ>
    <BSP>32,268770</BSP>
    <MALT>52,640110</MALT>
    <XAUS>32,268770</XAUS>
    <XFRA>32,268770</XFRA>
  </Prezzi>
  <Prezzi>
    <Data>20160619</Data>
    <Mercato>MGP</Mercato>
    <Ora>24</Ora>
    <PUN>41,228740</PUN>
    <NAT>35,360000</NAT>
    <CNOR>52,000000</CNOR>
    <CSUD>52,000000</CSUD>
    <NORD>28,400000</NORD>
    <SARD>52,000000</SARD>
    <SICI>52,000000</SICI>
    <SUD>52,000000</SUD>
    <AUST>28,400000</AUST>
    <BRNN>52,000000</BRNN>
    <COAC>52,000000</COAC>
    <CORS>52,000000</CORS>
    <FOGN>52,000000</FOGN>
    <FRAN>28,400000</FRAN>
    <GREC>52,000000</GREC>
    <MFTV>28,400000</MFTV>
    <PRGP>52,000000</PRGP>
    <ROSN>52,000000</ROSN>
    <SLOV>28,400000</SLOV>
    <SVIZ>28,400000</SVIZ>
    <BSP>28,400000</BSP>
    <MALT>52,000000</MALT>
    <XAUS>28,400000</XAUS>
    <XFRA>28,400000</XFRA>
  </Prezzi>
</NewDataSet>