<?xml version="1.0" standalone="yes"?>
<NewDataSet>
  <xs:schema id="NewDataSet" xmlns="" xmlns:xs="http://www.w3.org/2001/XMLSchema" xmlns:msdata="urn:schemas-microsoft-com:xml-msdata">
    <xs:element name="NewDataSet" msdata:IsDataSet="true" msdata:UseCurrentLocale="true">
      <xs:complexType>
        <xs:choice minOccurs="0" maxOccurs="unbounded">
          <xs:element name="Prezzi">
            <xs:complexType>
              <xs:sequence>
                <xs:element name="Data" type="xs:string" minOccurs="0" />
                <xs:element name="Mercato" type="xs:string" minOccurs="0" />
                <xs:element name="Ora" type="xs:string" minOccurs="0" />
                <xs:element name="PUN" type="xs:string" minOccurs="0" />
                <xs:element name="NAT" type="xs:string" minOccurs="0" />
                <xs:element name="CNOR" type="xs:string" minOccurs="0" />
                <xs:element name="CSUD" type="xs:string" minOccurs="0" />
                <xs:element name="NORD" type="xs:string" minOccurs="0" />
                <xs:element name="SARD" type="xs:string" minOccurs="0" />
                <xs:element name="SICI" type="xs:string" minOccurs="0" />
                <xs:element name="SUD" type="xs:string" minOccurs="0" />
                <xs:element name="AUST" type="xs:string" minOccurs="0" />
                <xs:element name="BRNN" type="xs:string" minOccurs="0" />
                <xs:element name="COAC" type="xs:string" minOccurs="0" />
                <xs:element name="CORS" type="xs:string" minOccurs="0" />
                <xs:element name="FOGN" type="xs:string" minOccurs="0" />
                <xs:element name="FRAN" type="xs:string" minOccurs="0" />
                <xs:element name="GREC" type="xs:string" minOccurs="0" />
                <xs:element name="MFTV" type="xs:string" minOccurs="0" />
                <xs:element name="PRGP" type="xs:string" minOccurs="0" />
                <xs:element name="ROSN" type="xs:string" minOccurs="0" />
                <xs:element name="SLOV" type="xs:string" minOccurs="0" />
                <xs:element name="SVIZ" type="xs:string" minOccurs="0" />
                <xs:element name="BSP" type="xs:string" minOccurs="0" />
                <xs:element name="MALT" type="xs:string" minOccurs="0" />
                <xs:element name="XAUS" type="xs:string" minOccurs="0" />
                <xs:element name="XFRA" type="xs:string" minOccurs="0" />
              </xs:sequence>
            </xs:complexType>
          </xs:element>
        </xs:choice>
      </xs:complexType>
    </xs:element>
  </xs:schema>
  <Prezzi>
    <Data>20150309</Data>
    <Mercato>MGP</Mercato>
    <Ora>1</Ora>
    <PUN>43,497030</PUN>
    <NAT>42,360000</NAT>
    <CNOR>42,000000</CNOR>
    <CSUD>42,000000</CSUD>
    <NORD>42,000000</NORD>
    <SARD>42,000000</SARD>
    <SICI>65,480000</SICI>
    <SUD>42,000000</SUD>
    <AUST>42,000000</AUST>
    <BRNN>42,000000</BRNN>
    <COAC>42,000000</COAC>
    <CORS>42,000000</CORS>
    <FOGN>42,000000</FOGN>
    <FRAN>42,000000</FRAN>
    <GREC>42,000000</GREC>
    <MFTV>42,000000</MFTV>
    <PRGP>65,480000</PRGP>
    <ROSN>42,000000</ROSN>
    <SLOV>42,000000</SLOV>
    <SVIZ>42,000000</SVIZ>
    <BSP>42,000000</BSP>
    <MALT>3000,000000</MALT>
    <XAUS>42,000000</XAUS>
    <XFRA>42,000000</XFRA>
  </Prezzi>
  <Prezzi>
    <Data>20150309</Data>
    <Mercato>MGP</Mercato>
    <Ora>2</Ora>
    <PUN>42,437750</PUN>
    <NAT>41,000000</NAT>
    <CNOR>41,000000</CNOR>
    <CSUD>41,000000</CSUD>
    <NORD>41,000000</NORD>
    <SARD>41,000000</SARD>
    <SICI>65,330000</SICI>
    <SUD>41,000000</SUD>
    <AUST>41,000000</AUST>
    <BRNN>41,000000</BRNN>
    <COAC>41,000000</COAC>
    <CORS>41,000000</CORS>
    <FOGN>41,000000</FOGN>
    <FRAN>41,000000</FRAN>
    <GREC>41,000000</GREC>
    <MFTV>41,000000</MFTV>
    <PRGP>65,330000</PRGP>
    <ROSN>41,000000</ROSN>
    <SLOV>41,000000</SLOV>
    <SVIZ>41,000000</SVIZ>
    <BSP>41,000000</BSP>
    <MALT>3000,000000</MALT>
    <XAUS>41,000000</XAUS>
    <XFRA>41,000000</XFRA>
  </Prezzi>
  <Prezzi>
    <Data>20150309</Data>
    <Mercato>MGP</Mercato>
    <Ora>3</Ora>
    <PUN>40,350000</PUN>
    <NAT>40,350000</NAT>
    <CNOR>40,350000</CNOR>
    <CSUD>40,350000</CSUD>
    <NORD>40,350000</NORD>
    <SARD>40,350000</SARD>
    <SICI>40,350000</SICI>
    <SUD>40,350000</SUD>
    <AUST>40,350000</AUST>
    <BRNN>40,350000</BRNN>
    <COAC>40,350000</COAC>
    <CORS>40,350000</CORS>
    <FOGN>40,350000</FOGN>
    <FRAN>40,350000</FRAN>
    <GREC>40,350000</GREC>
    <MFTV>40,350000</MFTV>
    <PRGP>40,350000</PRGP>
    <ROSN>40,350000</ROSN>
    <SLOV>40,350000</SLOV>
    <SVIZ>40,350000</SVIZ>
    <BSP>40,350000</BSP>
    <MALT>3000,000000</MALT>
    <XAUS>40,350000</XAUS>
    <XFRA>40,350000</XFRA>
  </Prezzi>
  <Prezzi>
    <Data>20150309</Data>
    <Mercato>MGP</Mercato>
    <Ora>4</Ora>
    <PUN>36,880000</PUN>
    <NAT>36,880000</NAT>
    <CNOR>36,880000</CNOR>
    <CSUD>36,880000</CSUD>
    <NORD>36,880000</NORD>
    <SARD>36,880000</SARD>
    <SICI>36,880000</SICI>
    <SUD>36,880000</SUD>
    <AUST>36,880000</AUST>
    <BRNN>36,880000</BRNN>
    <COAC>36,880000</COAC>
    <CORS>36,880000</CORS>
    <FOGN>36,880000</FOGN>
    <FRAN>36,880000</FRAN>
    <GREC>36,880000</GREC>
    <MFTV>36,880000</MFTV>
    <PRGP>36,880000</PRGP>
    <ROSN>36,880000</ROSN>
    <SLOV>36,880000</SLOV>
    <SVIZ>36,880000</SVIZ>
    <BSP>36,880000</BSP>
    <MALT>3000,000000</MALT>
    <XAUS>36,880000</XAUS>
    <XFRA>36,880000</XFRA>
  </Prezzi>
  <Prezzi>
    <Data>20150309</Data>
    <Mercato>MGP</Mercato>
    <Ora>5</Ora>
    <PUN>36,990000</PUN>
    <NAT>36,990000</NAT>
    <CNOR>36,990000</CNOR>
    <CSUD>36,990000</CSUD>
    <NORD>36,990000</NORD>
    <SARD>36,990000</SARD>
    <SICI>36,990000</SICI>
    <SUD>36,990000</SUD>
    <AUST>36,990000</AUST>
    <BRNN>36,990000</BRNN>
    <COAC>36,990000</COAC>
    <CORS>36,990000</CORS>
    <FOGN>36,990000</FOGN>
    <FRAN>36,990000</FRAN>
    <GREC>36,990000</GREC>
    <MFTV>36,990000</MFTV>
    <PRGP>36,990000</PRGP>
    <ROSN>36,990000</ROSN>
    <SLOV>36,990000</SLOV>
    <SVIZ>36,990000</SVIZ>
    <BSP>36,990000</BSP>
    <MALT>3000,000000</MALT>
    <XAUS>36,990000</XAUS>
    <XFRA>36,990000</XFRA>
  </Prezzi>
  <Prezzi>
    <Data>20150309</Data>
    <Mercato>MGP</Mercato>
    <Ora>6</Ora>
    <PUN>40,617910</PUN>
    <NAT>40,020000</NAT>
    <CNOR>39,130000</CNOR>
    <CSUD>39,130000</CSUD>
    <NORD>39,130000</NORD>
    <SARD>39,130000</SARD>
    <SICI>65,480000</SICI>
    <SUD>39,130000</SUD>
    <AUST>39,130000</AUST>
    <BRNN>39,130000</BRNN>
    <COAC>39,130000</COAC>
    <CORS>39,130000</CORS>
    <FOGN>39,130000</FOGN>
    <FRAN>39,130000</FRAN>
    <GREC>39,130000</GREC>
    <MFTV>39,130000</MFTV>
    <PRGP>65,480000</PRGP>
    <ROSN>39,130000</ROSN>
    <SLOV>39,130000</SLOV>
    <SVIZ>39,130000</SVIZ>
    <BSP>39,130000</BSP>
    <MALT>3000,000000</MALT>
    <XAUS>39,130000</XAUS>
    <XFRA>39,130000</XFRA>
  </Prezzi>
  <Prezzi>
    <Data>20150309</Data>
    <Mercato>MGP</Mercato>
    <Ora>7</Ora>
    <PUN>46,008900</PUN>
    <NAT>45,000000</NAT>
    <CNOR>44,930000</CNOR>
    <CSUD>44,930000</CSUD>
    <NORD>44,930000</NORD>
    <SARD>44,930000</SARD>
    <SICI>65,480000</SICI>
    <SUD>44,930000</SUD>
    <AUST>44,930000</AUST>
    <BRNN>44,930000</BRNN>
    <COAC>44,930000</COAC>
    <CORS>44,930000</CORS>
    <FOGN>44,930000</FOGN>
    <FRAN>44,930000</FRAN>
    <GREC>44,930000</GREC>
    <MFTV>44,930000</MFTV>
    <PRGP>65,480000</PRGP>
    <ROSN>44,930000</ROSN>
    <SLOV>44,930000</SLOV>
    <SVIZ>44,930000</SVIZ>
    <BSP>44,930000</BSP>
    <MALT>3000,000000</MALT>
    <XAUS>44,930000</XAUS>
    <XFRA>44,930000</XFRA>
  </Prezzi>
  <Prezzi>
    <Data>20150309</Data>
    <Mercato>MGP</Mercato>
    <Ora>8</Ora>
    <PUN>53,681510</PUN>
    <NAT>53,310000</NAT>
    <CNOR>53,010000</CNOR>
    <CSUD>53,010000</CSUD>
    <NORD>53,010000</NORD>
    <SARD>53,010000</SARD>
    <SICI>65,680000</SICI>
    <SUD>53,010000</SUD>
    <AUST>53,010000</AUST>
    <BRNN>53,010000</BRNN>
    <COAC>53,010000</COAC>
    <CORS>53,010000</CORS>
    <FOGN>53,010000</FOGN>
    <FRAN>53,010000</FRAN>
    <GREC>53,010000</GREC>
    <MFTV>53,010000</MFTV>
    <PRGP>65,680000</PRGP>
    <ROSN>53,010000</ROSN>
    <SLOV>53,010000</SLOV>
    <SVIZ>53,010000</SVIZ>
    <BSP>53,010000</BSP>
    <MALT>3000,000000</MALT>
    <XAUS>53,010000</XAUS>
    <XFRA>53,010000</XFRA>
  </Prezzi>
  <Prezzi>
    <Data>20150309</Data>
    <Mercato>MGP</Mercato>
    <Ora>9</Ora>
    <PUN>59,104370</PUN>
    <NAT>58,590000</NAT>
    <CNOR>59,110000</CNOR>
    <CSUD>59,110000</CSUD>
    <NORD>59,110000</NORD>
    <SARD>59,110000</SARD>
    <SICI>65,680000</SICI>
    <SUD>55,000000</SUD>
    <AUST>59,110000</AUST>
    <BRNN>55,000000</BRNN>
    <COAC>59,110000</COAC>
    <CORS>59,110000</CORS>
    <FOGN>55,000000</FOGN>
    <FRAN>59,110000</FRAN>
    <GREC>55,000000</GREC>
    <MFTV>59,110000</MFTV>
    <PRGP>65,680000</PRGP>
    <ROSN>55,000000</ROSN>
    <SLOV>59,110000</SLOV>
    <SVIZ>59,110000</SVIZ>
    <BSP>59,110000</BSP>
    <MALT>3000,000000</MALT>
    <XAUS>59,110000</XAUS>
    <XFRA>59,110000</XFRA>
  </Prezzi>
  <Prezzi>
    <Data>20150309</Data>
    <Mercato>MGP</Mercato>
    <Ora>10</Ora>
    <PUN>54,099210</PUN>
    <NAT>54,830000</NAT>
    <CNOR>50,570000</CNOR>
    <CSUD>50,570000</CSUD>
    <NORD>55,300000</NORD>
    <SARD>50,570000</SARD>
    <SICI>65,480000</SICI>
    <SUD>50,570000</SUD>
    <AUST>55,300000</AUST>
    <BRNN>50,570000</BRNN>
    <COAC>50,570000</COAC>
    <CORS>50,570000</CORS>
    <FOGN>50,570000</FOGN>
    <FRAN>55,300000</FRAN>
    <GREC>50,570000</GREC>
    <MFTV>55,300000</MFTV>
    <PRGP>65,480000</PRGP>
    <ROSN>50,570000</ROSN>
    <SLOV>55,300000</SLOV>
    <SVIZ>55,300000</SVIZ>
    <BSP>55,300000</BSP>
    <MALT>3000,000000</MALT>
    <XAUS>55,300000</XAUS>
    <XFRA>55,300000</XFRA>
  </Prezzi>
  <Prezzi>
    <Data>20150309</Data>
    <Mercato>MGP</Mercato>
    <Ora>11</Ora>
    <PUN>50,626480</PUN>
    <NAT>50,680000</NAT>
    <CNOR>47,350000</CNOR>
    <CSUD>47,350000</CSUD>
    <NORD>51,405530</NORD>
    <SARD>47,350000</SARD>
    <SICI>65,480000</SICI>
    <SUD>47,350000</SUD>
    <AUST>51,405530</AUST>
    <BRNN>47,350000</BRNN>
    <COAC>47,350000</COAC>
    <CORS>47,350000</CORS>
    <FOGN>47,350000</FOGN>
    <FRAN>51,405530</FRAN>
    <GREC>47,350000</GREC>
    <MFTV>51,405530</MFTV>
    <PRGP>65,480000</PRGP>
    <ROSN>47,350000</ROSN>
    <SLOV>51,405530</SLOV>
    <SVIZ>51,405530</SVIZ>
    <BSP>51,405530</BSP>
    <MALT>3000,000000</MALT>
    <XAUS>51,405530</XAUS>
    <XFRA>51,405530</XFRA>
  </Prezzi>
  <Prezzi>
    <Data>20150309</Data>
    <Mercato>MGP</Mercato>
    <Ora>12</Ora>
    <PUN>49,842480</PUN>
    <NAT>50,000000</NAT>
    <CNOR>47,570000</CNOR>
    <CSUD>47,570000</CSUD>
    <NORD>50,000000</NORD>
    <SARD>47,570000</SARD>
    <SICI>65,480000</SICI>
    <SUD>47,570000</SUD>
    <AUST>50,000000</AUST>
    <BRNN>47,570000</BRNN>
    <COAC>47,570000</COAC>
    <CORS>47,570000</CORS>
    <FOGN>47,570000</FOGN>
    <FRAN>50,000000</FRAN>
    <GREC>47,570000</GREC>
    <MFTV>50,000000</MFTV>
    <PRGP>65,480000</PRGP>
    <ROSN>47,570000</ROSN>
    <SLOV>50,000000</SLOV>
    <SVIZ>50,000000</SVIZ>
    <BSP>50,000000</BSP>
    <MALT>3000,000000</MALT>
    <XAUS>50,000000</XAUS>
    <XFRA>50,000000</XFRA>
  </Prezzi>
  <Prezzi>
    <Data>20150309</Data>
    <Mercato>MGP</Mercato>
    <Ora>13</Ora>
    <PUN>46,117200</PUN>
    <NAT>45,600000</NAT>
    <CNOR>45,012330</CNOR>
    <CSUD>45,012330</CSUD>
    <NORD>45,012330</NORD>
    <SARD>45,012330</SARD>
    <SICI>65,680000</SICI>
    <SUD>45,012330</SUD>
    <AUST>45,012330</AUST>
    <BRNN>45,012330</BRNN>
    <COAC>45,012330</COAC>
    <CORS>45,012330</CORS>
    <FOGN>45,012330</FOGN>
    <FRAN>45,012330</FRAN>
    <GREC>45,012330</GREC>
    <MFTV>45,012330</MFTV>
    <PRGP>65,680000</PRGP>
    <ROSN>45,012330</ROSN>
    <SLOV>45,012330</SLOV>
    <SVIZ>45,012330</SVIZ>
    <BSP>45,012330</BSP>
    <MALT>3000,000000</MALT>
    <XAUS>45,012330</XAUS>
    <XFRA>45,012330</XFRA>
  </Prezzi>
  <Prezzi>
    <Data>20150309</Data>
    <Mercato>MGP</Mercato>
    <Ora>14</Ora>
    <PUN>45,725750</PUN>
    <NAT>44,740000</NAT>
    <CNOR>44,630000</CNOR>
    <CSUD>44,630000</CSUD>
    <NORD>44,630000</NORD>
    <SARD>44,630000</SARD>
    <SICI>65,480000</SICI>
    <SUD>44,630000</SUD>
    <AUST>44,630000</AUST>
    <BRNN>44,630000</BRNN>
    <COAC>44,630000</COAC>
    <CORS>44,630000</CORS>
    <FOGN>44,630000</FOGN>
    <FRAN>44,630000</FRAN>
    <GREC>44,630000</GREC>
    <MFTV>44,630000</MFTV>
    <PRGP>65,480000</PRGP>
    <ROSN>44,630000</ROSN>
    <SLOV>44,630000</SLOV>
    <SVIZ>44,630000</SVIZ>
    <BSP>44,630000</BSP>
    <MALT>3000,000000</MALT>
    <XAUS>44,630000</XAUS>
    <XFRA>44,630000</XFRA>
  </Prezzi>
  <Prezzi>
    <Data>20150309</Data>
    <Mercato>MGP</Mercato>
    <Ora>15</Ora>
    <PUN>46,967010</PUN>
    <NAT>46,700000</NAT>
    <CNOR>45,950000</CNOR>
    <CSUD>45,950000</CSUD>
    <NORD>45,950000</NORD>
    <SARD>45,950000</SARD>
    <SICI>65,680000</SICI>
    <SUD>45,950000</SUD>
    <AUST>45,950000</AUST>
    <BRNN>45,950000</BRNN>
    <COAC>45,950000</COAC>
    <CORS>45,950000</CORS>
    <FOGN>45,950000</FOGN>
    <FRAN>45,950000</FRAN>
    <GREC>45,950000</GREC>
    <MFTV>45,950000</MFTV>
    <PRGP>65,680000</PRGP>
    <ROSN>45,950000</ROSN>
    <SLOV>45,950000</SLOV>
    <SVIZ>45,950000</SVIZ>
    <BSP>45,950000</BSP>
    <MALT>3000,000000</MALT>
    <XAUS>45,950000</XAUS>
    <XFRA>45,950000</XFRA>
  </Prezzi>
  <Prezzi>
    <Data>20150309</Data>
    <Mercato>MGP</Mercato>
    <Ora>16</Ora>
    <PUN>50,622210</PUN>
    <NAT>50,040000</NAT>
    <CNOR>49,570000</CNOR>
    <CSUD>49,570000</CSUD>
    <NORD>50,000000</NORD>
    <SARD>49,570000</SARD>
    <SICI>65,680000</SICI>
    <SUD>49,570000</SUD>
    <AUST>50,000000</AUST>
    <BRNN>49,570000</BRNN>
    <COAC>49,570000</COAC>
    <CORS>49,570000</CORS>
    <FOGN>49,570000</FOGN>
    <FRAN>50,000000</FRAN>
    <GREC>49,570000</GREC>
    <MFTV>50,000000</MFTV>
    <PRGP>65,680000</PRGP>
    <ROSN>49,570000</ROSN>
    <SLOV>50,000000</SLOV>
    <SVIZ>50,000000</SVIZ>
    <BSP>50,000000</BSP>
    <MALT>3000,000000</MALT>
    <XAUS>50,000000</XAUS>
    <XFRA>50,000000</XFRA>
  </Prezzi>
  <Prezzi>
    <Data>20150309</Data>
    <Mercato>MGP</Mercato>
    <Ora>17</Ora>
    <PUN>53,139300</PUN>
    <NAT>52,890000</NAT>
    <CNOR>52,460000</CNOR>
    <CSUD>52,460000</CSUD>
    <NORD>52,460000</NORD>
    <SARD>52,460000</SARD>
    <SICI>65,680000</SICI>
    <SUD>52,460000</SUD>
    <AUST>52,460000</AUST>
    <BRNN>52,460000</BRNN>
    <COAC>52,460000</COAC>
    <CORS>52,460000</CORS>
    <FOGN>52,460000</FOGN>
    <FRAN>52,460000</FRAN>
    <GREC>52,460000</GREC>
    <MFTV>52,460000</MFTV>
    <PRGP>65,680000</PRGP>
    <ROSN>52,460000</ROSN>
    <SLOV>52,460000</SLOV>
    <SVIZ>52,460000</SVIZ>
    <BSP>52,460000</BSP>
    <MALT>3000,000000</MALT>
    <XAUS>52,460000</XAUS>
    <XFRA>52,460000</XFRA>
  </Prezzi>
  <Prezzi>
    <Data>20150309</Data>
    <Mercato>MGP</Mercato>
    <Ora>18</Ora>
    <PUN>55,495020</PUN>
    <NAT>57,960000</NAT>
    <CNOR>54,920000</CNOR>
    <CSUD>54,920000</CSUD>
    <NORD>54,920000</NORD>
    <SARD>54,920000</SARD>
    <SICI>65,680000</SICI>
    <SUD>54,920000</SUD>
    <AUST>54,920000</AUST>
    <BRNN>54,920000</BRNN>
    <COAC>54,920000</COAC>
    <CORS>54,920000</CORS>
    <FOGN>54,920000</FOGN>
    <FRAN>54,920000</FRAN>
    <GREC>54,920000</GREC>
    <MFTV>54,920000</MFTV>
    <PRGP>65,680000</PRGP>
    <ROSN>54,920000</ROSN>
    <SLOV>54,920000</SLOV>
    <SVIZ>54,920000</SVIZ>
    <BSP>54,920000</BSP>
    <MALT>3000,000000</MALT>
    <XAUS>54,920000</XAUS>
    <XFRA>54,920000</XFRA>
  </Prezzi>
  <Prezzi>
    <Data>20150309</Data>
    <Mercato>MGP</Mercato>
    <Ora>19</Ora>
    <PUN>64,310150</PUN>
    <NAT>65,680000</NAT>
    <CNOR>64,110000</CNOR>
    <CSUD>64,110000</CSUD>
    <NORD>64,110000</NORD>
    <SARD>64,110000</SARD>
    <SICI>67,560000</SICI>
    <SUD>64,110000</SUD>
    <AUST>64,110000</AUST>
    <BRNN>64,110000</BRNN>
    <COAC>64,110000</COAC>
    <CORS>64,110000</CORS>
    <FOGN>64,110000</FOGN>
    <FRAN>64,110000</FRAN>
    <GREC>64,110000</GREC>
    <MFTV>64,110000</MFTV>
    <PRGP>67,560000</PRGP>
    <ROSN>58,590000</ROSN>
    <SLOV>64,110000</SLOV>
    <SVIZ>64,110000</SVIZ>
    <BSP>64,110000</BSP>
    <MALT>3000,000000</MALT>
    <XAUS>64,110000</XAUS>
    <XFRA>64,110000</XFRA>
  </Prezzi>
  <Prezzi>
    <Data>20150309</Data>
    <Mercato>MGP</Mercato>
    <Ora>20</Ora>
    <PUN>70,573070</PUN>
    <NAT>69,000000</NAT>
    <CNOR>69,000000</CNOR>
    <CSUD>69,000000</CSUD>
    <NORD>69,000000</NORD>
    <SARD>69,000000</SARD>
    <SICI>95,290000</SICI>
    <SUD>69,000000</SUD>
    <AUST>69,000000</AUST>
    <BRNN>69,000000</BRNN>
    <COAC>69,000000</COAC>
    <CORS>69,000000</CORS>
    <FOGN>69,000000</FOGN>
    <FRAN>69,000000</FRAN>
    <GREC>69,000000</GREC>
    <MFTV>69,000000</MFTV>
    <PRGP>95,290000</PRGP>
    <ROSN>58,590000</ROSN>
    <SLOV>69,000000</SLOV>
    <SVIZ>69,000000</SVIZ>
    <BSP>69,000000</BSP>
    <MALT>3000,000000</MALT>
    <XAUS>69,000000</XAUS>
    <XFRA>69,000000</XFRA>
  </Prezzi>
  <Prezzi>
    <Data>20150309</Data>
    <Mercato>MGP</Mercato>
    <Ora>21</Ora>
    <PUN>60,303860</PUN>
    <NAT>60,990000</NAT>
    <CNOR>57,970000</CNOR>
    <CSUD>57,970000</CSUD>
    <NORD>57,970000</NORD>
    <SARD>57,970000</SARD>
    <SICI>95,290000</SICI>
    <SUD>57,970000</SUD>
    <AUST>57,970000</AUST>
    <BRNN>57,970000</BRNN>
    <COAC>57,970000</COAC>
    <CORS>57,970000</CORS>
    <FOGN>57,970000</FOGN>
    <FRAN>57,970000</FRAN>
    <GREC>57,970000</GREC>
    <MFTV>57,970000</MFTV>
    <PRGP>95,290000</PRGP>
    <ROSN>57,970000</ROSN>
    <SLOV>57,970000</SLOV>
    <SVIZ>57,970000</SVIZ>
    <BSP>57,970000</BSP>
    <MALT>3000,000000</MALT>
    <XAUS>57,970000</XAUS>
    <XFRA>57,970000</XFRA>
  </Prezzi>
  <Prezzi>
    <Data>20150309</Data>
    <Mercato>MGP</Mercato>
    <Ora>22</Ora>
    <PUN>53,399580</PUN>
    <NAT>55,730000</NAT>
    <CNOR>52,430000</CNOR>
    <CSUD>52,430000</CSUD>
    <NORD>52,430000</NORD>
    <SARD>52,430000</SARD>
    <SICI>67,560000</SICI>
    <SUD>52,430000</SUD>
    <AUST>52,430000</AUST>
    <BRNN>52,430000</BRNN>
    <COAC>52,430000</COAC>
    <CORS>52,430000</CORS>
    <FOGN>52,430000</FOGN>
    <FRAN>52,430000</FRAN>
    <GREC>52,430000</GREC>
    <MFTV>52,430000</MFTV>
    <PRGP>67,560000</PRGP>
    <ROSN>52,430000</ROSN>
    <SLOV>52,430000</SLOV>
    <SVIZ>52,430000</SVIZ>
    <BSP>52,430000</BSP>
    <MALT>3000,000000</MALT>
    <XAUS>52,430000</XAUS>
    <XFRA>52,430000</XFRA>
  </Prezzi>
  <Prezzi>
    <Data>20150309</Data>
    <Mercato>MGP</Mercato>
    <Ora>23</Ora>
    <PUN>52,539990</PUN>
    <NAT>54,010000</NAT>
    <CNOR>51,500000</CNOR>
    <CSUD>51,500000</CSUD>
    <NORD>51,500000</NORD>
    <SARD>51,500000</SARD>
    <SICI>67,560000</SICI>
    <SUD>51,500000</SUD>
    <AUST>51,500000</AUST>
    <BRNN>51,500000</BRNN>
    <COAC>51,500000</COAC>
    <CORS>51,500000</CORS>
    <FOGN>51,500000</FOGN>
    <FRAN>51,500000</FRAN>
    <GREC>51,500000</GREC>
    <MFTV>51,500000</MFTV>
    <PRGP>67,560000</PRGP>
    <ROSN>51,500000</ROSN>
    <SLOV>51,500000</SLOV>
    <SVIZ>51,500000</SVIZ>
    <BSP>51,500000</BSP>
    <MALT>3000,000000</MALT>
    <XAUS>51,500000</XAUS>
    <XFRA>51,500000</XFRA>
  </Prezzi>
  <Prezzi>
    <Data>20150309</Data>
    <Mercato>MGP</Mercato>
    <Ora>24</Ora>
    <PUN>50,010650</PUN>
    <NAT>50,030000</NAT>
    <CNOR>49,000000</CNOR>
    <CSUD>49,000000</CSUD>
    <NORD>49,000000</NORD>
    <SARD>49,000000</SARD>
    <SICI>65,680000</SICI>
    <SUD>49,000000</SUD>
    <AUST>49,000000</AUST>
    <BRNN>49,000000</BRNN>
    <COAC>49,000000</COAC>
    <CORS>49,000000</CORS>
    <FOGN>49,000000</FOGN>
    <FRAN>49,000000</FRAN>
    <GREC>49,000000</GREC>
    <MFTV>49,000000</MFTV>
    <PRGP>65,680000</PRGP>
    <ROSN>49,000000</ROSN>
    <SLOV>49,000000</SLOV>
    <SVIZ>49,000000</SVIZ>
    <BSP>49,000000</BSP>
    <MALT>3000,000000</MALT>
    <XAUS>49,000000</XAUS>
    <XFRA>49,000000</XFRA>
  </Prezzi>
</NewDataSet>