<?xml version="1.0" standalone="yes"?>
<NewDataSet>
  <xs:schema id="NewDataSet" xmlns="" xmlns:xs="http://www.w3.org/2001/XMLSchema" xmlns:msdata="urn:schemas-microsoft-com:xml-msdata">
    <xs:element name="NewDataSet" msdata:IsDataSet="true" msdata:UseCurrentLocale="true">
      <xs:complexType>
        <xs:choice minOccurs="0" maxOccurs="unbounded">
          <xs:element name="Prezzi">
            <xs:complexType>
              <xs:sequence>
                <xs:element name="Data" type="xs:string" minOccurs="0" />
                <xs:element name="Mercato" type="xs:string" minOccurs="0" />
                <xs:element name="Ora" type="xs:string" minOccurs="0" />
                <xs:element name="PUN" type="xs:string" minOccurs="0" />
                <xs:element name="NAT" type="xs:string" minOccurs="0" />
                <xs:element name="CNOR" type="xs:string" minOccurs="0" />
                <xs:element name="CSUD" type="xs:string" minOccurs="0" />
                <xs:element name="NORD" type="xs:string" minOccurs="0" />
                <xs:element name="SARD" type="xs:string" minOccurs="0" />
                <xs:element name="SICI" type="xs:string" minOccurs="0" />
                <xs:element name="SUD" type="xs:string" minOccurs="0" />
                <xs:element name="AUST" type="xs:string" minOccurs="0" />
                <xs:element name="BRNN" type="xs:string" minOccurs="0" />
                <xs:element name="COAC" type="xs:string" minOccurs="0" />
                <xs:element name="CORS" type="xs:string" minOccurs="0" />
                <xs:element name="FOGN" type="xs:string" minOccurs="0" />
                <xs:element name="FRAN" type="xs:string" minOccurs="0" />
                <xs:element name="GREC" type="xs:string" minOccurs="0" />
                <xs:element name="MFTV" type="xs:string" minOccurs="0" />
                <xs:element name="PRGP" type="xs:string" minOccurs="0" />
                <xs:element name="ROSN" type="xs:string" minOccurs="0" />
                <xs:element name="SLOV" type="xs:string" minOccurs="0" />
                <xs:element name="SVIZ" type="xs:string" minOccurs="0" />
                <xs:element name="BSP" type="xs:string" minOccurs="0" />
                <xs:element name="MALT" type="xs:string" minOccurs="0" />
                <xs:element name="XAUS" type="xs:string" minOccurs="0" />
                <xs:element name="XFRA" type="xs:string" minOccurs="0" />
              </xs:sequence>
            </xs:complexType>
          </xs:element>
        </xs:choice>
      </xs:complexType>
    </xs:element>
  </xs:schema>
  <Prezzi>
    <Data>20150312</Data>
    <Mercato>MGP</Mercato>
    <Ora>1</Ora>
    <PUN>44,373360</PUN>
    <NAT>43,310000</NAT>
    <CNOR>43,080000</CNOR>
    <CSUD>43,080000</CSUD>
    <NORD>43,080000</NORD>
    <SARD>43,080000</SARD>
    <SICI>65,480000</SICI>
    <SUD>43,080000</SUD>
    <AUST>43,080000</AUST>
    <BRNN>43,080000</BRNN>
    <COAC>43,080000</COAC>
    <CORS>43,080000</CORS>
    <FOGN>43,080000</FOGN>
    <FRAN>43,080000</FRAN>
    <GREC>43,080000</GREC>
    <MFTV>43,080000</MFTV>
    <PRGP>65,480000</PRGP>
    <ROSN>43,080000</ROSN>
    <SLOV>43,080000</SLOV>
    <SVIZ>43,080000</SVIZ>
    <BSP>43,080000</BSP>
    <MALT>3000,000000</MALT>
    <XAUS>43,080000</XAUS>
    <XFRA>43,080000</XFRA>
  </Prezzi>
  <Prezzi>
    <Data>20150312</Data>
    <Mercato>MGP</Mercato>
    <Ora>2</Ora>
    <PUN>40,040000</PUN>
    <NAT>40,040000</NAT>
    <CNOR>40,040000</CNOR>
    <CSUD>40,040000</CSUD>
    <NORD>40,040000</NORD>
    <SARD>40,040000</SARD>
    <SICI>40,040000</SICI>
    <SUD>40,040000</SUD>
    <AUST>40,040000</AUST>
    <BRNN>40,040000</BRNN>
    <COAC>40,040000</COAC>
    <CORS>40,040000</CORS>
    <FOGN>40,040000</FOGN>
    <FRAN>40,040000</FRAN>
    <GREC>40,040000</GREC>
    <MFTV>40,040000</MFTV>
    <PRGP>40,040000</PRGP>
    <ROSN>40,040000</ROSN>
    <SLOV>40,040000</SLOV>
    <SVIZ>40,040000</SVIZ>
    <BSP>40,040000</BSP>
    <MALT>3000,000000</MALT>
    <XAUS>40,040000</XAUS>
    <XFRA>40,040000</XFRA>
  </Prezzi>
  <Prezzi>
    <Data>20150312</Data>
    <Mercato>MGP</Mercato>
    <Ora>3</Ora>
    <PUN>36,880000</PUN>
    <NAT>36,880000</NAT>
    <CNOR>36,880000</CNOR>
    <CSUD>36,880000</CSUD>
    <NORD>36,880000</NORD>
    <SARD>36,880000</SARD>
    <SICI>36,880000</SICI>
    <SUD>36,880000</SUD>
    <AUST>36,880000</AUST>
    <BRNN>36,880000</BRNN>
    <COAC>36,880000</COAC>
    <CORS>36,880000</CORS>
    <FOGN>36,880000</FOGN>
    <FRAN>36,880000</FRAN>
    <GREC>36,880000</GREC>
    <MFTV>36,880000</MFTV>
    <PRGP>36,880000</PRGP>
    <ROSN>36,880000</ROSN>
    <SLOV>36,880000</SLOV>
    <SVIZ>36,880000</SVIZ>
    <BSP>36,880000</BSP>
    <MALT>3000,000000</MALT>
    <XAUS>36,880000</XAUS>
    <XFRA>36,880000</XFRA>
  </Prezzi>
  <Prezzi>
    <Data>20150312</Data>
    <Mercato>MGP</Mercato>
    <Ora>4</Ora>
    <PUN>34,484310</PUN>
    <NAT>34,484310</NAT>
    <CNOR>34,484310</CNOR>
    <CSUD>34,484310</CSUD>
    <NORD>34,484310</NORD>
    <SARD>34,484310</SARD>
    <SICI>34,484310</SICI>
    <SUD>34,484310</SUD>
    <AUST>34,484310</AUST>
    <BRNN>34,484310</BRNN>
    <COAC>34,484310</COAC>
    <CORS>34,484310</CORS>
    <FOGN>34,484310</FOGN>
    <FRAN>34,484310</FRAN>
    <GREC>34,484310</GREC>
    <MFTV>34,484310</MFTV>
    <PRGP>34,484310</PRGP>
    <ROSN>34,484310</ROSN>
    <SLOV>34,484310</SLOV>
    <SVIZ>34,484310</SVIZ>
    <BSP>34,484310</BSP>
    <MALT>3000,000000</MALT>
    <XAUS>34,484310</XAUS>
    <XFRA>34,484310</XFRA>
  </Prezzi>
  <Prezzi>
    <Data>20150312</Data>
    <Mercato>MGP</Mercato>
    <Ora>5</Ora>
    <PUN>33,230000</PUN>
    <NAT>33,230000</NAT>
    <CNOR>33,230000</CNOR>
    <CSUD>33,230000</CSUD>
    <NORD>33,230000</NORD>
    <SARD>33,230000</SARD>
    <SICI>33,230000</SICI>
    <SUD>33,230000</SUD>
    <AUST>33,230000</AUST>
    <BRNN>33,230000</BRNN>
    <COAC>33,230000</COAC>
    <CORS>33,230000</CORS>
    <FOGN>33,230000</FOGN>
    <FRAN>33,230000</FRAN>
    <GREC>33,230000</GREC>
    <MFTV>33,230000</MFTV>
    <PRGP>33,230000</PRGP>
    <ROSN>33,230000</ROSN>
    <SLOV>33,230000</SLOV>
    <SVIZ>33,230000</SVIZ>
    <BSP>33,230000</BSP>
    <MALT>3000,000000</MALT>
    <XAUS>33,230000</XAUS>
    <XFRA>33,230000</XFRA>
  </Prezzi>
  <Prezzi>
    <Data>20150312</Data>
    <Mercato>MGP</Mercato>
    <Ora>6</Ora>
    <PUN>40,650000</PUN>
    <NAT>40,650000</NAT>
    <CNOR>40,650000</CNOR>
    <CSUD>40,650000</CSUD>
    <NORD>40,650000</NORD>
    <SARD>40,650000</SARD>
    <SICI>40,650000</SICI>
    <SUD>40,650000</SUD>
    <AUST>40,650000</AUST>
    <BRNN>40,650000</BRNN>
    <COAC>40,650000</COAC>
    <CORS>40,650000</CORS>
    <FOGN>40,650000</FOGN>
    <FRAN>40,650000</FRAN>
    <GREC>40,650000</GREC>
    <MFTV>40,650000</MFTV>
    <PRGP>40,650000</PRGP>
    <ROSN>40,650000</ROSN>
    <SLOV>40,650000</SLOV>
    <SVIZ>40,650000</SVIZ>
    <BSP>40,650000</BSP>
    <MALT>3000,000000</MALT>
    <XAUS>40,650000</XAUS>
    <XFRA>40,650000</XFRA>
  </Prezzi>
  <Prezzi>
    <Data>20150312</Data>
    <Mercato>MGP</Mercato>
    <Ora>7</Ora>
    <PUN>46,502230</PUN>
    <NAT>44,000000</NAT>
    <CNOR>36,570000</CNOR>
    <CSUD>36,570000</CSUD>
    <NORD>52,630000</NORD>
    <SARD>36,570000</SARD>
    <SICI>36,570000</SICI>
    <SUD>36,570000</SUD>
    <AUST>52,630000</AUST>
    <BRNN>36,570000</BRNN>
    <COAC>36,570000</COAC>
    <CORS>36,570000</CORS>
    <FOGN>36,570000</FOGN>
    <FRAN>52,630000</FRAN>
    <GREC>36,570000</GREC>
    <MFTV>52,630000</MFTV>
    <PRGP>36,570000</PRGP>
    <ROSN>36,570000</ROSN>
    <SLOV>52,630000</SLOV>
    <SVIZ>52,630000</SVIZ>
    <BSP>52,630000</BSP>
    <MALT>3000,000000</MALT>
    <XAUS>52,630000</XAUS>
    <XFRA>52,630000</XFRA>
  </Prezzi>
  <Prezzi>
    <Data>20150312</Data>
    <Mercato>MGP</Mercato>
    <Ora>8</Ora>
    <PUN>55,348720</PUN>
    <NAT>54,000000</NAT>
    <CNOR>44,030000</CNOR>
    <CSUD>44,030000</CSUD>
    <NORD>60,990000</NORD>
    <SARD>44,030000</SARD>
    <SICI>65,480000</SICI>
    <SUD>44,030000</SUD>
    <AUST>60,990000</AUST>
    <BRNN>44,030000</BRNN>
    <COAC>44,030000</COAC>
    <CORS>44,030000</CORS>
    <FOGN>44,030000</FOGN>
    <FRAN>60,990000</FRAN>
    <GREC>44,030000</GREC>
    <MFTV>60,990000</MFTV>
    <PRGP>65,480000</PRGP>
    <ROSN>44,030000</ROSN>
    <SLOV>60,990000</SLOV>
    <SVIZ>60,990000</SVIZ>
    <BSP>60,990000</BSP>
    <MALT>3000,000000</MALT>
    <XAUS>60,990000</XAUS>
    <XFRA>60,990000</XFRA>
  </Prezzi>
  <Prezzi>
    <Data>20150312</Data>
    <Mercato>MGP</Mercato>
    <Ora>9</Ora>
    <PUN>63,003260</PUN>
    <NAT>60,990000</NAT>
    <CNOR>44,930000</CNOR>
    <CSUD>44,930000</CSUD>
    <NORD>72,800000</NORD>
    <SARD>44,930000</SARD>
    <SICI>65,480000</SICI>
    <SUD>44,930000</SUD>
    <AUST>72,800000</AUST>
    <BRNN>44,930000</BRNN>
    <COAC>44,930000</COAC>
    <CORS>44,930000</CORS>
    <FOGN>44,930000</FOGN>
    <FRAN>72,800000</FRAN>
    <GREC>44,930000</GREC>
    <MFTV>72,800000</MFTV>
    <PRGP>65,480000</PRGP>
    <ROSN>44,930000</ROSN>
    <SLOV>72,800000</SLOV>
    <SVIZ>72,800000</SVIZ>
    <BSP>72,800000</BSP>
    <MALT>3000,000000</MALT>
    <XAUS>72,800000</XAUS>
    <XFRA>72,800000</XFRA>
  </Prezzi>
  <Prezzi>
    <Data>20150312</Data>
    <Mercato>MGP</Mercato>
    <Ora>10</Ora>
    <PUN>54,499850</PUN>
    <NAT>52,110000</NAT>
    <CNOR>38,560000</CNOR>
    <CSUD>38,560000</CSUD>
    <NORD>62,540000</NORD>
    <SARD>38,560000</SARD>
    <SICI>65,480000</SICI>
    <SUD>38,560000</SUD>
    <AUST>62,540000</AUST>
    <BRNN>38,560000</BRNN>
    <COAC>38,560000</COAC>
    <CORS>38,560000</CORS>
    <FOGN>38,560000</FOGN>
    <FRAN>62,540000</FRAN>
    <GREC>38,560000</GREC>
    <MFTV>62,540000</MFTV>
    <PRGP>65,480000</PRGP>
    <ROSN>38,560000</ROSN>
    <SLOV>62,540000</SLOV>
    <SVIZ>62,540000</SVIZ>
    <BSP>62,540000</BSP>
    <MALT>3000,000000</MALT>
    <XAUS>62,540000</XAUS>
    <XFRA>62,540000</XFRA>
  </Prezzi>
  <Prezzi>
    <Data>20150312</Data>
    <Mercato>MGP</Mercato>
    <Ora>11</Ora>
    <PUN>50,319040</PUN>
    <NAT>48,840000</NAT>
    <CNOR>36,110000</CNOR>
    <CSUD>36,110000</CSUD>
    <NORD>58,520000</NORD>
    <SARD>36,110000</SARD>
    <SICI>47,180000</SICI>
    <SUD>36,110000</SUD>
    <AUST>58,520000</AUST>
    <BRNN>36,110000</BRNN>
    <COAC>36,110000</COAC>
    <CORS>36,110000</CORS>
    <FOGN>36,110000</FOGN>
    <FRAN>58,520000</FRAN>
    <GREC>36,110000</GREC>
    <MFTV>58,520000</MFTV>
    <PRGP>47,180000</PRGP>
    <ROSN>36,110000</ROSN>
    <SLOV>58,520000</SLOV>
    <SVIZ>58,520000</SVIZ>
    <BSP>58,520000</BSP>
    <MALT>3000,000000</MALT>
    <XAUS>58,520000</XAUS>
    <XFRA>58,520000</XFRA>
  </Prezzi>
  <Prezzi>
    <Data>20150312</Data>
    <Mercato>MGP</Mercato>
    <Ora>12</Ora>
    <PUN>41,742940</PUN>
    <NAT>45,630000</NAT>
    <CNOR>19,530000</CNOR>
    <CSUD>19,530000</CSUD>
    <NORD>54,990000</NORD>
    <SARD>19,530000</SARD>
    <SICI>32,010000</SICI>
    <SUD>19,530000</SUD>
    <AUST>54,990000</AUST>
    <BRNN>19,530000</BRNN>
    <COAC>19,530000</COAC>
    <CORS>19,530000</CORS>
    <FOGN>19,530000</FOGN>
    <FRAN>54,990000</FRAN>
    <GREC>19,530000</GREC>
    <MFTV>54,990000</MFTV>
    <PRGP>32,010000</PRGP>
    <ROSN>19,530000</ROSN>
    <SLOV>54,990000</SLOV>
    <SVIZ>54,990000</SVIZ>
    <BSP>54,990000</BSP>
    <MALT>3000,000000</MALT>
    <XAUS>54,990000</XAUS>
    <XFRA>54,990000</XFRA>
  </Prezzi>
  <Prezzi>
    <Data>20150312</Data>
    <Mercato>MGP</Mercato>
    <Ora>13</Ora>
    <PUN>36,488450</PUN>
    <NAT>38,600000</NAT>
    <CNOR>20,330000</CNOR>
    <CSUD>20,330000</CSUD>
    <NORD>46,960000</NORD>
    <SARD>20,330000</SARD>
    <SICI>32,010000</SICI>
    <SUD>20,330000</SUD>
    <AUST>46,960000</AUST>
    <BRNN>20,330000</BRNN>
    <COAC>20,330000</COAC>
    <CORS>20,330000</CORS>
    <FOGN>20,330000</FOGN>
    <FRAN>46,960000</FRAN>
    <GREC>20,330000</GREC>
    <MFTV>46,960000</MFTV>
    <PRGP>32,010000</PRGP>
    <ROSN>20,330000</ROSN>
    <SLOV>46,960000</SLOV>
    <SVIZ>46,960000</SVIZ>
    <BSP>46,960000</BSP>
    <MALT>3000,000000</MALT>
    <XAUS>46,960000</XAUS>
    <XFRA>46,960000</XFRA>
  </Prezzi>
  <Prezzi>
    <Data>20150312</Data>
    <Mercato>MGP</Mercato>
    <Ora>14</Ora>
    <PUN>34,330000</PUN>
    <NAT>36,560000</NAT>
    <CNOR>11,046860</CNOR>
    <CSUD>11,046860</CSUD>
    <NORD>48,360000</NORD>
    <SARD>11,046860</SARD>
    <SICI>30,550000</SICI>
    <SUD>11,046860</SUD>
    <AUST>48,360000</AUST>
    <BRNN>11,046860</BRNN>
    <COAC>11,046860</COAC>
    <CORS>11,046860</CORS>
    <FOGN>11,046860</FOGN>
    <FRAN>48,360000</FRAN>
    <GREC>11,046860</GREC>
    <MFTV>48,360000</MFTV>
    <PRGP>30,550000</PRGP>
    <ROSN>11,046860</ROSN>
    <SLOV>48,360000</SLOV>
    <SVIZ>48,360000</SVIZ>
    <BSP>48,360000</BSP>
    <MALT>3000,000000</MALT>
    <XAUS>48,360000</XAUS>
    <XFRA>48,360000</XFRA>
  </Prezzi>
  <Prezzi>
    <Data>20150312</Data>
    <Mercato>MGP</Mercato>
    <Ora>15</Ora>
    <PUN>36,120520</PUN>
    <NAT>40,000000</NAT>
    <CNOR>11,200000</CNOR>
    <CSUD>11,200000</CSUD>
    <NORD>51,010000</NORD>
    <SARD>11,200000</SARD>
    <SICI>30,550000</SICI>
    <SUD>11,200000</SUD>
    <AUST>51,010000</AUST>
    <BRNN>11,200000</BRNN>
    <COAC>11,200000</COAC>
    <CORS>11,200000</CORS>
    <FOGN>11,200000</FOGN>
    <FRAN>51,010000</FRAN>
    <GREC>11,200000</GREC>
    <MFTV>51,010000</MFTV>
    <PRGP>30,550000</PRGP>
    <ROSN>11,200000</ROSN>
    <SLOV>51,010000</SLOV>
    <SVIZ>51,010000</SVIZ>
    <BSP>51,010000</BSP>
    <MALT>3000,000000</MALT>
    <XAUS>51,010000</XAUS>
    <XFRA>51,010000</XFRA>
  </Prezzi>
  <Prezzi>
    <Data>20150312</Data>
    <Mercato>MGP</Mercato>
    <Ora>16</Ora>
    <PUN>43,017060</PUN>
    <NAT>43,930000</NAT>
    <CNOR>25,230000</CNOR>
    <CSUD>25,230000</CSUD>
    <NORD>54,000000</NORD>
    <SARD>25,230000</SARD>
    <SICI>30,550000</SICI>
    <SUD>25,230000</SUD>
    <AUST>54,000000</AUST>
    <BRNN>25,230000</BRNN>
    <COAC>25,230000</COAC>
    <CORS>25,230000</CORS>
    <FOGN>25,230000</FOGN>
    <FRAN>54,000000</FRAN>
    <GREC>25,230000</GREC>
    <MFTV>54,000000</MFTV>
    <PRGP>30,550000</PRGP>
    <ROSN>25,230000</ROSN>
    <SLOV>54,000000</SLOV>
    <SVIZ>54,000000</SVIZ>
    <BSP>54,000000</BSP>
    <MALT>3000,000000</MALT>
    <XAUS>54,000000</XAUS>
    <XFRA>54,000000</XFRA>
  </Prezzi>
  <Prezzi>
    <Data>20150312</Data>
    <Mercato>MGP</Mercato>
    <Ora>17</Ora>
    <PUN>50,951980</PUN>
    <NAT>49,400000</NAT>
    <CNOR>38,950000</CNOR>
    <CSUD>38,950000</CSUD>
    <NORD>58,830000</NORD>
    <SARD>38,950000</SARD>
    <SICI>38,950000</SICI>
    <SUD>38,950000</SUD>
    <AUST>58,830000</AUST>
    <BRNN>38,950000</BRNN>
    <COAC>38,950000</COAC>
    <CORS>38,950000</CORS>
    <FOGN>38,950000</FOGN>
    <FRAN>58,830000</FRAN>
    <GREC>38,950000</GREC>
    <MFTV>58,830000</MFTV>
    <PRGP>38,950000</PRGP>
    <ROSN>38,950000</ROSN>
    <SLOV>58,830000</SLOV>
    <SVIZ>58,830000</SVIZ>
    <BSP>58,830000</BSP>
    <MALT>3000,000000</MALT>
    <XAUS>58,830000</XAUS>
    <XFRA>58,830000</XFRA>
  </Prezzi>
  <Prezzi>
    <Data>20150312</Data>
    <Mercato>MGP</Mercato>
    <Ora>18</Ora>
    <PUN>54,308480</PUN>
    <NAT>51,530000</NAT>
    <CNOR>48,310000</CNOR>
    <CSUD>48,310000</CSUD>
    <NORD>57,030000</NORD>
    <SARD>48,310000</SARD>
    <SICI>65,480000</SICI>
    <SUD>48,310000</SUD>
    <AUST>57,030000</AUST>
    <BRNN>48,310000</BRNN>
    <COAC>48,310000</COAC>
    <CORS>48,310000</CORS>
    <FOGN>48,310000</FOGN>
    <FRAN>57,030000</FRAN>
    <GREC>48,310000</GREC>
    <MFTV>57,030000</MFTV>
    <PRGP>65,480000</PRGP>
    <ROSN>48,310000</ROSN>
    <SLOV>57,030000</SLOV>
    <SVIZ>57,030000</SVIZ>
    <BSP>57,030000</BSP>
    <MALT>3000,000000</MALT>
    <XAUS>57,030000</XAUS>
    <XFRA>57,030000</XFRA>
  </Prezzi>
  <Prezzi>
    <Data>20150312</Data>
    <Mercato>MGP</Mercato>
    <Ora>19</Ora>
    <PUN>65,756750</PUN>
    <NAT>61,800000</NAT>
    <CNOR>66,990000</CNOR>
    <CSUD>66,990000</CSUD>
    <NORD>66,990000</NORD>
    <SARD>66,990000</SARD>
    <SICI>65,480000</SICI>
    <SUD>54,580000</SUD>
    <AUST>66,990000</AUST>
    <BRNN>54,580000</BRNN>
    <COAC>66,990000</COAC>
    <CORS>66,990000</CORS>
    <FOGN>54,580000</FOGN>
    <FRAN>66,990000</FRAN>
    <GREC>54,580000</GREC>
    <MFTV>66,990000</MFTV>
    <PRGP>65,480000</PRGP>
    <ROSN>54,580000</ROSN>
    <SLOV>66,990000</SLOV>
    <SVIZ>66,990000</SVIZ>
    <BSP>66,990000</BSP>
    <MALT>3000,000000</MALT>
    <XAUS>66,990000</XAUS>
    <XFRA>66,990000</XFRA>
  </Prezzi>
  <Prezzi>
    <Data>20150312</Data>
    <Mercato>MGP</Mercato>
    <Ora>20</Ora>
    <PUN>68,099060</PUN>
    <NAT>65,150000</NAT>
    <CNOR>69,990000</CNOR>
    <CSUD>69,990000</CSUD>
    <NORD>69,990000</NORD>
    <SARD>69,990000</SARD>
    <SICI>65,480000</SICI>
    <SUD>52,350000</SUD>
    <AUST>69,990000</AUST>
    <BRNN>52,350000</BRNN>
    <COAC>69,990000</COAC>
    <CORS>69,990000</CORS>
    <FOGN>52,350000</FOGN>
    <FRAN>69,990000</FRAN>
    <GREC>52,350000</GREC>
    <MFTV>69,990000</MFTV>
    <PRGP>65,480000</PRGP>
    <ROSN>52,350000</ROSN>
    <SLOV>69,990000</SLOV>
    <SVIZ>69,990000</SVIZ>
    <BSP>69,990000</BSP>
    <MALT>3000,000000</MALT>
    <XAUS>69,990000</XAUS>
    <XFRA>69,990000</XFRA>
  </Prezzi>
  <Prezzi>
    <Data>20150312</Data>
    <Mercato>MGP</Mercato>
    <Ora>21</Ora>
    <PUN>55,658930</PUN>
    <NAT>55,250000</NAT>
    <CNOR>55,440000</CNOR>
    <CSUD>55,440000</CSUD>
    <NORD>55,440000</NORD>
    <SARD>55,440000</SARD>
    <SICI>65,480000</SICI>
    <SUD>51,350000</SUD>
    <AUST>55,440000</AUST>
    <BRNN>51,350000</BRNN>
    <COAC>55,440000</COAC>
    <CORS>55,440000</CORS>
    <FOGN>51,350000</FOGN>
    <FRAN>55,440000</FRAN>
    <GREC>51,350000</GREC>
    <MFTV>55,440000</MFTV>
    <PRGP>65,480000</PRGP>
    <ROSN>51,350000</ROSN>
    <SLOV>55,440000</SLOV>
    <SVIZ>55,440000</SVIZ>
    <BSP>55,440000</BSP>
    <MALT>3000,000000</MALT>
    <XAUS>55,440000</XAUS>
    <XFRA>55,440000</XFRA>
  </Prezzi>
  <Prezzi>
    <Data>20150312</Data>
    <Mercato>MGP</Mercato>
    <Ora>22</Ora>
    <PUN>49,600000</PUN>
    <NAT>48,720000</NAT>
    <CNOR>48,796780</CNOR>
    <CSUD>48,796780</CSUD>
    <NORD>48,796780</NORD>
    <SARD>48,796780</SARD>
    <SICI>65,480000</SICI>
    <SUD>46,190000</SUD>
    <AUST>48,796780</AUST>
    <BRNN>46,190000</BRNN>
    <COAC>48,796780</COAC>
    <CORS>48,796780</CORS>
    <FOGN>46,190000</FOGN>
    <FRAN>48,796780</FRAN>
    <GREC>46,190000</GREC>
    <MFTV>48,796780</MFTV>
    <PRGP>65,480000</PRGP>
    <ROSN>46,190000</ROSN>
    <SLOV>48,796780</SLOV>
    <SVIZ>48,796780</SVIZ>
    <BSP>48,796780</BSP>
    <MALT>3000,000000</MALT>
    <XAUS>48,796780</XAUS>
    <XFRA>48,796780</XFRA>
  </Prezzi>
  <Prezzi>
    <Data>20150312</Data>
    <Mercato>MGP</Mercato>
    <Ora>23</Ora>
    <PUN>46,239620</PUN>
    <NAT>45,210000</NAT>
    <CNOR>44,930000</CNOR>
    <CSUD>44,930000</CSUD>
    <NORD>45,000000</NORD>
    <SARD>44,930000</SARD>
    <SICI>65,480000</SICI>
    <SUD>44,930000</SUD>
    <AUST>45,000000</AUST>
    <BRNN>44,930000</BRNN>
    <COAC>44,930000</COAC>
    <CORS>44,930000</CORS>
    <FOGN>44,930000</FOGN>
    <FRAN>45,000000</FRAN>
    <GREC>44,930000</GREC>
    <MFTV>45,000000</MFTV>
    <PRGP>65,480000</PRGP>
    <ROSN>44,930000</ROSN>
    <SLOV>45,000000</SLOV>
    <SVIZ>45,000000</SVIZ>
    <BSP>45,000000</BSP>
    <MALT>3000,000000</MALT>
    <XAUS>45,000000</XAUS>
    <XFRA>45,000000</XFRA>
  </Prezzi>
  <Prezzi>
    <Data>20150312</Data>
    <Mercato>MGP</Mercato>
    <Ora>24</Ora>
    <PUN>43,000000</PUN>
    <NAT>43,000000</NAT>
    <CNOR>43,000000</CNOR>
    <CSUD>43,000000</CSUD>
    <NORD>43,000000</NORD>
    <SARD>43,000000</SARD>
    <SICI>43,000000</SICI>
    <SUD>43,000000</SUD>
    <AUST>43,000000</AUST>
    <BRNN>43,000000</BRNN>
    <COAC>43,000000</COAC>
    <CORS>43,000000</CORS>
    <FOGN>43,000000</FOGN>
    <FRAN>43,000000</FRAN>
    <GREC>43,000000</GREC>
    <MFTV>43,000000</MFTV>
    <PRGP>43,000000</PRGP>
    <ROSN>43,000000</ROSN>
    <SLOV>43,000000</SLOV>
    <SVIZ>43,000000</SVIZ>
    <BSP>43,000000</BSP>
    <MALT>3000,000000</MALT>
    <XAUS>43,000000</XAUS>
    <XFRA>43,000000</XFRA>
  </Prezzi>
</NewDataSet>