<?xml version="1.0" standalone="yes"?>
<NewDataSet>
  <xs:schema id="NewDataSet" xmlns="" xmlns:xs="http://www.w3.org/2001/XMLSchema" xmlns:msdata="urn:schemas-microsoft-com:xml-msdata">
    <xs:element name="NewDataSet" msdata:IsDataSet="true" msdata:UseCurrentLocale="true">
      <xs:complexType>
        <xs:choice minOccurs="0" maxOccurs="unbounded">
          <xs:element name="Prezzi">
            <xs:complexType>
              <xs:sequence>
                <xs:element name="Data" type="xs:string" minOccurs="0" />
                <xs:element name="Mercato" type="xs:string" minOccurs="0" />
                <xs:element name="Ora" type="xs:string" minOccurs="0" />
                <xs:element name="PUN" type="xs:string" minOccurs="0" />
                <xs:element name="NAT" type="xs:string" minOccurs="0" />
                <xs:element name="CNOR" type="xs:string" minOccurs="0" />
                <xs:element name="CSUD" type="xs:string" minOccurs="0" />
                <xs:element name="NORD" type="xs:string" minOccurs="0" />
                <xs:element name="SARD" type="xs:string" minOccurs="0" />
                <xs:element name="SICI" type="xs:string" minOccurs="0" />
                <xs:element name="SUD" type="xs:string" minOccurs="0" />
                <xs:element name="AUST" type="xs:string" minOccurs="0" />
                <xs:element name="BRNN" type="xs:string" minOccurs="0" />
                <xs:element name="COAC" type="xs:string" minOccurs="0" />
                <xs:element name="CORS" type="xs:string" minOccurs="0" />
                <xs:element name="FOGN" type="xs:string" minOccurs="0" />
                <xs:element name="FRAN" type="xs:string" minOccurs="0" />
                <xs:element name="GREC" type="xs:string" minOccurs="0" />
                <xs:element name="MFTV" type="xs:string" minOccurs="0" />
                <xs:element name="PRGP" type="xs:string" minOccurs="0" />
                <xs:element name="ROSN" type="xs:string" minOccurs="0" />
                <xs:element name="SLOV" type="xs:string" minOccurs="0" />
                <xs:element name="SVIZ" type="xs:string" minOccurs="0" />
                <xs:element name="BSP" type="xs:string" minOccurs="0" />
                <xs:element name="MALT" type="xs:string" minOccurs="0" />
                <xs:element name="XAUS" type="xs:string" minOccurs="0" />
                <xs:element name="XFRA" type="xs:string" minOccurs="0" />
              </xs:sequence>
            </xs:complexType>
          </xs:element>
        </xs:choice>
      </xs:complexType>
    </xs:element>
  </xs:schema>
  <Prezzi>
    <Data>20150314</Data>
    <Mercato>MGP</Mercato>
    <Ora>1</Ora>
    <PUN>53,310000</PUN>
    <NAT>53,670000</NAT>
    <CNOR>52,593990</CNOR>
    <CSUD>52,593990</CSUD>
    <NORD>52,593990</NORD>
    <SARD>52,593990</SARD>
    <SICI>65,480000</SICI>
    <SUD>52,593990</SUD>
    <AUST>52,593990</AUST>
    <BRNN>52,593990</BRNN>
    <COAC>52,593990</COAC>
    <CORS>52,593990</CORS>
    <FOGN>52,593990</FOGN>
    <FRAN>52,593990</FRAN>
    <GREC>52,593990</GREC>
    <MFTV>52,593990</MFTV>
    <PRGP>65,480000</PRGP>
    <ROSN>52,593990</ROSN>
    <SLOV>52,593990</SLOV>
    <SVIZ>52,593990</SVIZ>
    <BSP>52,593990</BSP>
    <MALT>3000,000000</MALT>
    <XAUS>52,593990</XAUS>
    <XFRA>52,593990</XFRA>
  </Prezzi>
  <Prezzi>
    <Data>20150314</Data>
    <Mercato>MGP</Mercato>
    <Ora>2</Ora>
    <PUN>47,357990</PUN>
    <NAT>46,680000</NAT>
    <CNOR>46,300000</CNOR>
    <CSUD>46,300000</CSUD>
    <NORD>46,300000</NORD>
    <SARD>46,300000</SARD>
    <SICI>65,480000</SICI>
    <SUD>46,300000</SUD>
    <AUST>46,300000</AUST>
    <BRNN>46,300000</BRNN>
    <COAC>46,300000</COAC>
    <CORS>46,300000</CORS>
    <FOGN>46,300000</FOGN>
    <FRAN>46,300000</FRAN>
    <GREC>46,300000</GREC>
    <MFTV>46,300000</MFTV>
    <PRGP>65,480000</PRGP>
    <ROSN>46,300000</ROSN>
    <SLOV>46,300000</SLOV>
    <SVIZ>46,300000</SVIZ>
    <BSP>46,300000</BSP>
    <MALT>3000,000000</MALT>
    <XAUS>46,300000</XAUS>
    <XFRA>46,300000</XFRA>
  </Prezzi>
  <Prezzi>
    <Data>20150314</Data>
    <Mercato>MGP</Mercato>
    <Ora>3</Ora>
    <PUN>46,659320</PUN>
    <NAT>45,590000</NAT>
    <CNOR>45,590000</CNOR>
    <CSUD>45,590000</CSUD>
    <NORD>45,590000</NORD>
    <SARD>45,590000</SARD>
    <SICI>65,480000</SICI>
    <SUD>45,590000</SUD>
    <AUST>45,590000</AUST>
    <BRNN>45,590000</BRNN>
    <COAC>45,590000</COAC>
    <CORS>45,590000</CORS>
    <FOGN>45,590000</FOGN>
    <FRAN>45,590000</FRAN>
    <GREC>45,590000</GREC>
    <MFTV>45,590000</MFTV>
    <PRGP>65,480000</PRGP>
    <ROSN>45,590000</ROSN>
    <SLOV>45,590000</SLOV>
    <SVIZ>45,590000</SVIZ>
    <BSP>45,590000</BSP>
    <MALT>3000,000000</MALT>
    <XAUS>45,590000</XAUS>
    <XFRA>45,590000</XFRA>
  </Prezzi>
  <Prezzi>
    <Data>20150314</Data>
    <Mercato>MGP</Mercato>
    <Ora>4</Ora>
    <PUN>44,000000</PUN>
    <NAT>44,000000</NAT>
    <CNOR>44,000000</CNOR>
    <CSUD>44,000000</CSUD>
    <NORD>44,000000</NORD>
    <SARD>44,000000</SARD>
    <SICI>44,000000</SICI>
    <SUD>44,000000</SUD>
    <AUST>44,000000</AUST>
    <BRNN>44,000000</BRNN>
    <COAC>44,000000</COAC>
    <CORS>44,000000</CORS>
    <FOGN>44,000000</FOGN>
    <FRAN>44,000000</FRAN>
    <GREC>44,000000</GREC>
    <MFTV>44,000000</MFTV>
    <PRGP>44,000000</PRGP>
    <ROSN>44,000000</ROSN>
    <SLOV>44,000000</SLOV>
    <SVIZ>44,000000</SVIZ>
    <BSP>44,000000</BSP>
    <MALT>3000,000000</MALT>
    <XAUS>44,000000</XAUS>
    <XFRA>44,000000</XFRA>
  </Prezzi>
  <Prezzi>
    <Data>20150314</Data>
    <Mercato>MGP</Mercato>
    <Ora>5</Ora>
    <PUN>43,590000</PUN>
    <NAT>43,590000</NAT>
    <CNOR>43,590000</CNOR>
    <CSUD>43,590000</CSUD>
    <NORD>43,590000</NORD>
    <SARD>43,590000</SARD>
    <SICI>43,590000</SICI>
    <SUD>43,590000</SUD>
    <AUST>43,590000</AUST>
    <BRNN>43,590000</BRNN>
    <COAC>43,590000</COAC>
    <CORS>43,590000</CORS>
    <FOGN>43,590000</FOGN>
    <FRAN>43,590000</FRAN>
    <GREC>43,590000</GREC>
    <MFTV>43,590000</MFTV>
    <PRGP>43,590000</PRGP>
    <ROSN>43,590000</ROSN>
    <SLOV>43,590000</SLOV>
    <SVIZ>43,590000</SVIZ>
    <BSP>43,590000</BSP>
    <MALT>3000,000000</MALT>
    <XAUS>43,590000</XAUS>
    <XFRA>43,590000</XFRA>
  </Prezzi>
  <Prezzi>
    <Data>20150314</Data>
    <Mercato>MGP</Mercato>
    <Ora>6</Ora>
    <PUN>46,300000</PUN>
    <NAT>46,300000</NAT>
    <CNOR>46,300000</CNOR>
    <CSUD>46,300000</CSUD>
    <NORD>46,300000</NORD>
    <SARD>46,300000</SARD>
    <SICI>46,300000</SICI>
    <SUD>46,300000</SUD>
    <AUST>46,300000</AUST>
    <BRNN>46,300000</BRNN>
    <COAC>46,300000</COAC>
    <CORS>46,300000</CORS>
    <FOGN>46,300000</FOGN>
    <FRAN>46,300000</FRAN>
    <GREC>46,300000</GREC>
    <MFTV>46,300000</MFTV>
    <PRGP>46,300000</PRGP>
    <ROSN>46,300000</ROSN>
    <SLOV>46,300000</SLOV>
    <SVIZ>46,300000</SVIZ>
    <BSP>46,300000</BSP>
    <MALT>3000,000000</MALT>
    <XAUS>46,300000</XAUS>
    <XFRA>46,300000</XFRA>
  </Prezzi>
  <Prezzi>
    <Data>20150314</Data>
    <Mercato>MGP</Mercato>
    <Ora>7</Ora>
    <PUN>49,766990</PUN>
    <NAT>49,320000</NAT>
    <CNOR>48,880000</CNOR>
    <CSUD>48,880000</CSUD>
    <NORD>48,880000</NORD>
    <SARD>48,880000</SARD>
    <SICI>65,480000</SICI>
    <SUD>48,880000</SUD>
    <AUST>48,880000</AUST>
    <BRNN>48,880000</BRNN>
    <COAC>48,880000</COAC>
    <CORS>48,880000</CORS>
    <FOGN>48,880000</FOGN>
    <FRAN>48,880000</FRAN>
    <GREC>48,880000</GREC>
    <MFTV>48,880000</MFTV>
    <PRGP>65,480000</PRGP>
    <ROSN>48,880000</ROSN>
    <SLOV>48,880000</SLOV>
    <SVIZ>48,880000</SVIZ>
    <BSP>48,880000</BSP>
    <MALT>3000,000000</MALT>
    <XAUS>48,880000</XAUS>
    <XFRA>48,880000</XFRA>
  </Prezzi>
  <Prezzi>
    <Data>20150314</Data>
    <Mercato>MGP</Mercato>
    <Ora>8</Ora>
    <PUN>52,000000</PUN>
    <NAT>52,000000</NAT>
    <CNOR>51,205150</CNOR>
    <CSUD>51,205150</CSUD>
    <NORD>51,205150</NORD>
    <SARD>51,205150</SARD>
    <SICI>65,480000</SICI>
    <SUD>51,205150</SUD>
    <AUST>51,205150</AUST>
    <BRNN>51,205150</BRNN>
    <COAC>51,205150</COAC>
    <CORS>51,205150</CORS>
    <FOGN>51,205150</FOGN>
    <FRAN>51,205150</FRAN>
    <GREC>51,205150</GREC>
    <MFTV>51,205150</MFTV>
    <PRGP>65,480000</PRGP>
    <ROSN>51,205150</ROSN>
    <SLOV>51,205150</SLOV>
    <SVIZ>51,205150</SVIZ>
    <BSP>51,205150</BSP>
    <MALT>3000,000000</MALT>
    <XAUS>51,205150</XAUS>
    <XFRA>51,205150</XFRA>
  </Prezzi>
  <Prezzi>
    <Data>20150314</Data>
    <Mercato>MGP</Mercato>
    <Ora>9</Ora>
    <PUN>54,389160</PUN>
    <NAT>54,340000</NAT>
    <CNOR>53,710000</CNOR>
    <CSUD>53,710000</CSUD>
    <NORD>53,710000</NORD>
    <SARD>53,710000</SARD>
    <SICI>65,680000</SICI>
    <SUD>53,710000</SUD>
    <AUST>53,710000</AUST>
    <BRNN>53,710000</BRNN>
    <COAC>53,710000</COAC>
    <CORS>53,710000</CORS>
    <FOGN>53,710000</FOGN>
    <FRAN>53,710000</FRAN>
    <GREC>53,710000</GREC>
    <MFTV>53,710000</MFTV>
    <PRGP>65,680000</PRGP>
    <ROSN>53,710000</ROSN>
    <SLOV>53,710000</SLOV>
    <SVIZ>53,710000</SVIZ>
    <BSP>53,710000</BSP>
    <MALT>3000,000000</MALT>
    <XAUS>53,710000</XAUS>
    <XFRA>53,710000</XFRA>
  </Prezzi>
  <Prezzi>
    <Data>20150314</Data>
    <Mercato>MGP</Mercato>
    <Ora>10</Ora>
    <PUN>52,604090</PUN>
    <NAT>52,690000</NAT>
    <CNOR>51,800000</CNOR>
    <CSUD>51,800000</CSUD>
    <NORD>51,800000</NORD>
    <SARD>51,800000</SARD>
    <SICI>65,680000</SICI>
    <SUD>51,800000</SUD>
    <AUST>51,800000</AUST>
    <BRNN>51,800000</BRNN>
    <COAC>51,800000</COAC>
    <CORS>51,800000</CORS>
    <FOGN>51,800000</FOGN>
    <FRAN>51,800000</FRAN>
    <GREC>51,800000</GREC>
    <MFTV>51,800000</MFTV>
    <PRGP>65,680000</PRGP>
    <ROSN>51,800000</ROSN>
    <SLOV>51,800000</SLOV>
    <SVIZ>51,800000</SVIZ>
    <BSP>51,800000</BSP>
    <MALT>3000,000000</MALT>
    <XAUS>51,800000</XAUS>
    <XFRA>51,800000</XFRA>
  </Prezzi>
  <Prezzi>
    <Data>20150314</Data>
    <Mercato>MGP</Mercato>
    <Ora>11</Ora>
    <PUN>51,790000</PUN>
    <NAT>51,920000</NAT>
    <CNOR>50,939250</CNOR>
    <CSUD>50,939250</CSUD>
    <NORD>50,939250</NORD>
    <SARD>50,939250</SARD>
    <SICI>65,480000</SICI>
    <SUD>50,939250</SUD>
    <AUST>50,939250</AUST>
    <BRNN>50,939250</BRNN>
    <COAC>50,939250</COAC>
    <CORS>50,939250</CORS>
    <FOGN>50,939250</FOGN>
    <FRAN>50,939250</FRAN>
    <GREC>50,939250</GREC>
    <MFTV>50,939250</MFTV>
    <PRGP>65,480000</PRGP>
    <ROSN>50,939250</ROSN>
    <SLOV>50,939250</SLOV>
    <SVIZ>50,939250</SVIZ>
    <BSP>50,939250</BSP>
    <MALT>3000,000000</MALT>
    <XAUS>50,939250</XAUS>
    <XFRA>50,939250</XFRA>
  </Prezzi>
  <Prezzi>
    <Data>20150314</Data>
    <Mercato>MGP</Mercato>
    <Ora>12</Ora>
    <PUN>49,135160</PUN>
    <NAT>49,000000</NAT>
    <CNOR>47,760000</CNOR>
    <CSUD>47,760000</CSUD>
    <NORD>48,300000</NORD>
    <SARD>47,760000</SARD>
    <SICI>65,480000</SICI>
    <SUD>47,760000</SUD>
    <AUST>48,300000</AUST>
    <BRNN>47,760000</BRNN>
    <COAC>47,760000</COAC>
    <CORS>47,760000</CORS>
    <FOGN>47,760000</FOGN>
    <FRAN>48,300000</FRAN>
    <GREC>47,760000</GREC>
    <MFTV>48,300000</MFTV>
    <PRGP>65,480000</PRGP>
    <ROSN>47,760000</ROSN>
    <SLOV>48,300000</SLOV>
    <SVIZ>48,300000</SVIZ>
    <BSP>48,300000</BSP>
    <MALT>3000,000000</MALT>
    <XAUS>48,300000</XAUS>
    <XFRA>48,300000</XFRA>
  </Prezzi>
  <Prezzi>
    <Data>20150314</Data>
    <Mercato>MGP</Mercato>
    <Ora>13</Ora>
    <PUN>47,855330</PUN>
    <NAT>46,680000</NAT>
    <CNOR>46,670000</CNOR>
    <CSUD>46,670000</CSUD>
    <NORD>46,670000</NORD>
    <SARD>46,670000</SARD>
    <SICI>65,480000</SICI>
    <SUD>46,670000</SUD>
    <AUST>46,670000</AUST>
    <BRNN>46,670000</BRNN>
    <COAC>46,670000</COAC>
    <CORS>46,670000</CORS>
    <FOGN>46,670000</FOGN>
    <FRAN>46,670000</FRAN>
    <GREC>46,670000</GREC>
    <MFTV>46,670000</MFTV>
    <PRGP>65,480000</PRGP>
    <ROSN>46,670000</ROSN>
    <SLOV>46,670000</SLOV>
    <SVIZ>46,670000</SVIZ>
    <BSP>46,670000</BSP>
    <MALT>3000,000000</MALT>
    <XAUS>46,670000</XAUS>
    <XFRA>46,670000</XFRA>
  </Prezzi>
  <Prezzi>
    <Data>20150314</Data>
    <Mercato>MGP</Mercato>
    <Ora>14</Ora>
    <PUN>45,931110</PUN>
    <NAT>45,000000</NAT>
    <CNOR>44,590000</CNOR>
    <CSUD>44,590000</CSUD>
    <NORD>44,590000</NORD>
    <SARD>44,590000</SARD>
    <SICI>65,480000</SICI>
    <SUD>44,590000</SUD>
    <AUST>44,590000</AUST>
    <BRNN>44,590000</BRNN>
    <COAC>44,590000</COAC>
    <CORS>44,590000</CORS>
    <FOGN>44,590000</FOGN>
    <FRAN>44,590000</FRAN>
    <GREC>44,590000</GREC>
    <MFTV>44,590000</MFTV>
    <PRGP>65,480000</PRGP>
    <ROSN>44,590000</ROSN>
    <SLOV>44,590000</SLOV>
    <SVIZ>44,590000</SVIZ>
    <BSP>44,590000</BSP>
    <MALT>3000,000000</MALT>
    <XAUS>44,590000</XAUS>
    <XFRA>44,590000</XFRA>
  </Prezzi>
  <Prezzi>
    <Data>20150314</Data>
    <Mercato>MGP</Mercato>
    <Ora>15</Ora>
    <PUN>47,267270</PUN>
    <NAT>46,590000</NAT>
    <CNOR>46,040000</CNOR>
    <CSUD>46,040000</CSUD>
    <NORD>46,040000</NORD>
    <SARD>46,040000</SARD>
    <SICI>65,480000</SICI>
    <SUD>46,040000</SUD>
    <AUST>46,040000</AUST>
    <BRNN>46,040000</BRNN>
    <COAC>46,040000</COAC>
    <CORS>46,040000</CORS>
    <FOGN>46,040000</FOGN>
    <FRAN>46,040000</FRAN>
    <GREC>46,040000</GREC>
    <MFTV>46,040000</MFTV>
    <PRGP>65,480000</PRGP>
    <ROSN>46,040000</ROSN>
    <SLOV>46,040000</SLOV>
    <SVIZ>46,040000</SVIZ>
    <BSP>46,040000</BSP>
    <MALT>3000,000000</MALT>
    <XAUS>46,040000</XAUS>
    <XFRA>46,040000</XFRA>
  </Prezzi>
  <Prezzi>
    <Data>20150314</Data>
    <Mercato>MGP</Mercato>
    <Ora>16</Ora>
    <PUN>50,664640</PUN>
    <NAT>49,700000</NAT>
    <CNOR>49,670000</CNOR>
    <CSUD>49,670000</CSUD>
    <NORD>49,670000</NORD>
    <SARD>49,670000</SARD>
    <SICI>65,480000</SICI>
    <SUD>49,670000</SUD>
    <AUST>49,670000</AUST>
    <BRNN>49,670000</BRNN>
    <COAC>49,670000</COAC>
    <CORS>49,670000</CORS>
    <FOGN>49,670000</FOGN>
    <FRAN>49,670000</FRAN>
    <GREC>49,670000</GREC>
    <MFTV>49,670000</MFTV>
    <PRGP>65,480000</PRGP>
    <ROSN>49,670000</ROSN>
    <SLOV>49,670000</SLOV>
    <SVIZ>49,670000</SVIZ>
    <BSP>49,670000</BSP>
    <MALT>3000,000000</MALT>
    <XAUS>49,670000</XAUS>
    <XFRA>49,670000</XFRA>
  </Prezzi>
  <Prezzi>
    <Data>20150314</Data>
    <Mercato>MGP</Mercato>
    <Ora>17</Ora>
    <PUN>52,663600</PUN>
    <NAT>53,000000</NAT>
    <CNOR>51,790000</CNOR>
    <CSUD>51,790000</CSUD>
    <NORD>51,790000</NORD>
    <SARD>51,790000</SARD>
    <SICI>65,680000</SICI>
    <SUD>51,790000</SUD>
    <AUST>51,790000</AUST>
    <BRNN>51,790000</BRNN>
    <COAC>51,790000</COAC>
    <CORS>51,790000</CORS>
    <FOGN>51,790000</FOGN>
    <FRAN>51,790000</FRAN>
    <GREC>51,790000</GREC>
    <MFTV>51,790000</MFTV>
    <PRGP>65,680000</PRGP>
    <ROSN>51,790000</ROSN>
    <SLOV>51,790000</SLOV>
    <SVIZ>51,790000</SVIZ>
    <BSP>51,790000</BSP>
    <MALT>3000,000000</MALT>
    <XAUS>51,790000</XAUS>
    <XFRA>51,790000</XFRA>
  </Prezzi>
  <Prezzi>
    <Data>20150314</Data>
    <Mercato>MGP</Mercato>
    <Ora>18</Ora>
    <PUN>54,376450</PUN>
    <NAT>55,000000</NAT>
    <CNOR>53,460000</CNOR>
    <CSUD>53,460000</CSUD>
    <NORD>53,460000</NORD>
    <SARD>53,460000</SARD>
    <SICI>67,560000</SICI>
    <SUD>53,460000</SUD>
    <AUST>53,460000</AUST>
    <BRNN>53,460000</BRNN>
    <COAC>53,460000</COAC>
    <CORS>53,460000</CORS>
    <FOGN>53,460000</FOGN>
    <FRAN>53,460000</FRAN>
    <GREC>53,460000</GREC>
    <MFTV>53,460000</MFTV>
    <PRGP>67,560000</PRGP>
    <ROSN>53,460000</ROSN>
    <SLOV>53,460000</SLOV>
    <SVIZ>53,460000</SVIZ>
    <BSP>53,460000</BSP>
    <MALT>3000,000000</MALT>
    <XAUS>53,460000</XAUS>
    <XFRA>53,460000</XFRA>
  </Prezzi>
  <Prezzi>
    <Data>20150314</Data>
    <Mercato>MGP</Mercato>
    <Ora>19</Ora>
    <PUN>66,087710</PUN>
    <NAT>66,180000</NAT>
    <CNOR>65,990000</CNOR>
    <CSUD>65,990000</CSUD>
    <NORD>65,990000</NORD>
    <SARD>65,990000</SARD>
    <SICI>67,560000</SICI>
    <SUD>65,990000</SUD>
    <AUST>65,990000</AUST>
    <BRNN>65,990000</BRNN>
    <COAC>65,990000</COAC>
    <CORS>65,990000</CORS>
    <FOGN>65,990000</FOGN>
    <FRAN>65,990000</FRAN>
    <GREC>65,990000</GREC>
    <MFTV>65,990000</MFTV>
    <PRGP>67,560000</PRGP>
    <ROSN>65,990000</ROSN>
    <SLOV>65,990000</SLOV>
    <SVIZ>65,990000</SVIZ>
    <BSP>65,990000</BSP>
    <MALT>3000,000000</MALT>
    <XAUS>65,990000</XAUS>
    <XFRA>65,990000</XFRA>
  </Prezzi>
  <Prezzi>
    <Data>20150314</Data>
    <Mercato>MGP</Mercato>
    <Ora>20</Ora>
    <PUN>71,000000</PUN>
    <NAT>71,000000</NAT>
    <CNOR>71,000000</CNOR>
    <CSUD>71,000000</CSUD>
    <NORD>71,000000</NORD>
    <SARD>71,000000</SARD>
    <SICI>71,000000</SICI>
    <SUD>71,000000</SUD>
    <AUST>71,000000</AUST>
    <BRNN>71,000000</BRNN>
    <COAC>71,000000</COAC>
    <CORS>71,000000</CORS>
    <FOGN>71,000000</FOGN>
    <FRAN>71,000000</FRAN>
    <GREC>71,000000</GREC>
    <MFTV>71,000000</MFTV>
    <PRGP>71,000000</PRGP>
    <ROSN>71,000000</ROSN>
    <SLOV>71,000000</SLOV>
    <SVIZ>71,000000</SVIZ>
    <BSP>71,000000</BSP>
    <MALT>3000,000000</MALT>
    <XAUS>71,000000</XAUS>
    <XFRA>71,000000</XFRA>
  </Prezzi>
  <Prezzi>
    <Data>20150314</Data>
    <Mercato>MGP</Mercato>
    <Ora>21</Ora>
    <PUN>60,499630</PUN>
    <NAT>63,600000</NAT>
    <CNOR>60,000000</CNOR>
    <CSUD>60,000000</CSUD>
    <NORD>60,000000</NORD>
    <SARD>60,000000</SARD>
    <SICI>67,560000</SICI>
    <SUD>60,000000</SUD>
    <AUST>60,000000</AUST>
    <BRNN>60,000000</BRNN>
    <COAC>60,000000</COAC>
    <CORS>60,000000</CORS>
    <FOGN>60,000000</FOGN>
    <FRAN>60,000000</FRAN>
    <GREC>60,000000</GREC>
    <MFTV>60,000000</MFTV>
    <PRGP>67,560000</PRGP>
    <ROSN>60,000000</ROSN>
    <SLOV>60,000000</SLOV>
    <SVIZ>60,000000</SVIZ>
    <BSP>60,000000</BSP>
    <MALT>3000,000000</MALT>
    <XAUS>60,000000</XAUS>
    <XFRA>60,000000</XFRA>
  </Prezzi>
  <Prezzi>
    <Data>20150314</Data>
    <Mercato>MGP</Mercato>
    <Ora>22</Ora>
    <PUN>53,913030</PUN>
    <NAT>55,020000</NAT>
    <CNOR>52,970000</CNOR>
    <CSUD>52,970000</CSUD>
    <NORD>52,970000</NORD>
    <SARD>52,970000</SARD>
    <SICI>67,560000</SICI>
    <SUD>52,970000</SUD>
    <AUST>52,970000</AUST>
    <BRNN>52,970000</BRNN>
    <COAC>52,970000</COAC>
    <CORS>52,970000</CORS>
    <FOGN>52,970000</FOGN>
    <FRAN>52,970000</FRAN>
    <GREC>52,970000</GREC>
    <MFTV>52,970000</MFTV>
    <PRGP>67,560000</PRGP>
    <ROSN>52,970000</ROSN>
    <SLOV>52,970000</SLOV>
    <SVIZ>52,970000</SVIZ>
    <BSP>52,970000</BSP>
    <MALT>3000,000000</MALT>
    <XAUS>52,970000</XAUS>
    <XFRA>52,970000</XFRA>
  </Prezzi>
  <Prezzi>
    <Data>20150314</Data>
    <Mercato>MGP</Mercato>
    <Ora>23</Ora>
    <PUN>52,705530</PUN>
    <NAT>53,330000</NAT>
    <CNOR>51,810000</CNOR>
    <CSUD>51,810000</CSUD>
    <NORD>51,810000</NORD>
    <SARD>51,810000</SARD>
    <SICI>65,680000</SICI>
    <SUD>51,810000</SUD>
    <AUST>51,810000</AUST>
    <BRNN>51,810000</BRNN>
    <COAC>51,810000</COAC>
    <CORS>51,810000</CORS>
    <FOGN>51,810000</FOGN>
    <FRAN>51,810000</FRAN>
    <GREC>51,810000</GREC>
    <MFTV>51,810000</MFTV>
    <PRGP>65,680000</PRGP>
    <ROSN>51,810000</ROSN>
    <SLOV>51,810000</SLOV>
    <SVIZ>51,810000</SVIZ>
    <BSP>51,810000</BSP>
    <MALT>3000,000000</MALT>
    <XAUS>51,810000</XAUS>
    <XFRA>51,810000</XFRA>
  </Prezzi>
  <Prezzi>
    <Data>20150314</Data>
    <Mercato>MGP</Mercato>
    <Ora>24</Ora>
    <PUN>50,702220</PUN>
    <NAT>50,130000</NAT>
    <CNOR>49,750000</CNOR>
    <CSUD>49,750000</CSUD>
    <NORD>49,750000</NORD>
    <SARD>49,750000</SARD>
    <SICI>65,150000</SICI>
    <SUD>49,750000</SUD>
    <AUST>49,750000</AUST>
    <BRNN>49,750000</BRNN>
    <COAC>49,750000</COAC>
    <CORS>49,750000</CORS>
    <FOGN>49,750000</FOGN>
    <FRAN>49,750000</FRAN>
    <GREC>49,750000</GREC>
    <MFTV>49,750000</MFTV>
    <PRGP>65,150000</PRGP>
    <ROSN>49,750000</ROSN>
    <SLOV>49,750000</SLOV>
    <SVIZ>49,750000</SVIZ>
    <BSP>49,750000</BSP>
    <MALT>3000,000000</MALT>
    <XAUS>49,750000</XAUS>
    <XFRA>49,750000</XFRA>
  </Prezzi>
</NewDataSet>