<?xml version="1.0" standalone="yes"?>
<NewDataSet>
  <xs:schema id="NewDataSet" xmlns="" xmlns:xs="http://www.w3.org/2001/XMLSchema" xmlns:msdata="urn:schemas-microsoft-com:xml-msdata">
    <xs:element name="NewDataSet" msdata:IsDataSet="true" msdata:UseCurrentLocale="true">
      <xs:complexType>
        <xs:choice minOccurs="0" maxOccurs="unbounded">
          <xs:element name="Prezzi">
            <xs:complexType>
              <xs:sequence>
                <xs:element name="Data" type="xs:string" minOccurs="0" />
                <xs:element name="Mercato" type="xs:string" minOccurs="0" />
                <xs:element name="Ora" type="xs:string" minOccurs="0" />
                <xs:element name="PUN" type="xs:string" minOccurs="0" />
                <xs:element name="NAT" type="xs:string" minOccurs="0" />
                <xs:element name="CNOR" type="xs:string" minOccurs="0" />
                <xs:element name="CSUD" type="xs:string" minOccurs="0" />
                <xs:element name="NORD" type="xs:string" minOccurs="0" />
                <xs:element name="SARD" type="xs:string" minOccurs="0" />
                <xs:element name="SICI" type="xs:string" minOccurs="0" />
                <xs:element name="SUD" type="xs:string" minOccurs="0" />
                <xs:element name="AUST" type="xs:string" minOccurs="0" />
                <xs:element name="BRNN" type="xs:string" minOccurs="0" />
                <xs:element name="COAC" type="xs:string" minOccurs="0" />
                <xs:element name="CORS" type="xs:string" minOccurs="0" />
                <xs:element name="FOGN" type="xs:string" minOccurs="0" />
                <xs:element name="FRAN" type="xs:string" minOccurs="0" />
                <xs:element name="GREC" type="xs:string" minOccurs="0" />
                <xs:element name="MFTV" type="xs:string" minOccurs="0" />
                <xs:element name="PRGP" type="xs:string" minOccurs="0" />
                <xs:element name="ROSN" type="xs:string" minOccurs="0" />
                <xs:element name="SLOV" type="xs:string" minOccurs="0" />
                <xs:element name="SVIZ" type="xs:string" minOccurs="0" />
                <xs:element name="BSP" type="xs:string" minOccurs="0" />
                <xs:element name="MALT" type="xs:string" minOccurs="0" />
                <xs:element name="XAUS" type="xs:string" minOccurs="0" />
                <xs:element name="XFRA" type="xs:string" minOccurs="0" />
              </xs:sequence>
            </xs:complexType>
          </xs:element>
        </xs:choice>
      </xs:complexType>
    </xs:element>
  </xs:schema>
  <Prezzi>
    <Data>20150308</Data>
    <Mercato>MGP</Mercato>
    <Ora>1</Ora>
    <PUN>44,834800</PUN>
    <NAT>44,930000</NAT>
    <CNOR>43,350000</CNOR>
    <CSUD>43,350000</CSUD>
    <NORD>43,350000</NORD>
    <SARD>43,350000</SARD>
    <SICI>65,510000</SICI>
    <SUD>43,350000</SUD>
    <AUST>43,350000</AUST>
    <BRNN>43,350000</BRNN>
    <COAC>43,350000</COAC>
    <CORS>43,350000</CORS>
    <FOGN>43,350000</FOGN>
    <FRAN>43,350000</FRAN>
    <GREC>43,350000</GREC>
    <MFTV>43,350000</MFTV>
    <PRGP>65,510000</PRGP>
    <ROSN>43,350000</ROSN>
    <SLOV>43,350000</SLOV>
    <SVIZ>43,350000</SVIZ>
    <BSP>43,350000</BSP>
    <MALT>3000,000000</MALT>
    <XAUS>43,350000</XAUS>
    <XFRA>43,350000</XFRA>
  </Prezzi>
  <Prezzi>
    <Data>20150308</Data>
    <Mercato>MGP</Mercato>
    <Ora>2</Ora>
    <PUN>41,000000</PUN>
    <NAT>41,000000</NAT>
    <CNOR>41,000000</CNOR>
    <CSUD>41,000000</CSUD>
    <NORD>41,000000</NORD>
    <SARD>41,000000</SARD>
    <SICI>41,000000</SICI>
    <SUD>41,000000</SUD>
    <AUST>41,000000</AUST>
    <BRNN>41,000000</BRNN>
    <COAC>41,000000</COAC>
    <CORS>41,000000</CORS>
    <FOGN>41,000000</FOGN>
    <FRAN>41,000000</FRAN>
    <GREC>41,000000</GREC>
    <MFTV>41,000000</MFTV>
    <PRGP>41,000000</PRGP>
    <ROSN>41,000000</ROSN>
    <SLOV>41,000000</SLOV>
    <SVIZ>41,000000</SVIZ>
    <BSP>41,000000</BSP>
    <MALT>3000,000000</MALT>
    <XAUS>41,000000</XAUS>
    <XFRA>41,000000</XFRA>
  </Prezzi>
  <Prezzi>
    <Data>20150308</Data>
    <Mercato>MGP</Mercato>
    <Ora>3</Ora>
    <PUN>35,000000</PUN>
    <NAT>35,000000</NAT>
    <CNOR>35,000000</CNOR>
    <CSUD>35,000000</CSUD>
    <NORD>35,000000</NORD>
    <SARD>35,000000</SARD>
    <SICI>35,000000</SICI>
    <SUD>35,000000</SUD>
    <AUST>35,000000</AUST>
    <BRNN>35,000000</BRNN>
    <COAC>35,000000</COAC>
    <CORS>35,000000</CORS>
    <FOGN>35,000000</FOGN>
    <FRAN>35,000000</FRAN>
    <GREC>35,000000</GREC>
    <MFTV>35,000000</MFTV>
    <PRGP>35,000000</PRGP>
    <ROSN>35,000000</ROSN>
    <SLOV>35,000000</SLOV>
    <SVIZ>35,000000</SVIZ>
    <BSP>35,000000</BSP>
    <MALT>3000,000000</MALT>
    <XAUS>35,000000</XAUS>
    <XFRA>35,000000</XFRA>
  </Prezzi>
  <Prezzi>
    <Data>20150308</Data>
    <Mercato>MGP</Mercato>
    <Ora>4</Ora>
    <PUN>32,812520</PUN>
    <NAT>32,812520</NAT>
    <CNOR>32,812520</CNOR>
    <CSUD>32,812520</CSUD>
    <NORD>32,812520</NORD>
    <SARD>32,812520</SARD>
    <SICI>32,812520</SICI>
    <SUD>32,812520</SUD>
    <AUST>32,812520</AUST>
    <BRNN>32,812520</BRNN>
    <COAC>32,812520</COAC>
    <CORS>32,812520</CORS>
    <FOGN>32,812520</FOGN>
    <FRAN>32,812520</FRAN>
    <GREC>32,812520</GREC>
    <MFTV>32,812520</MFTV>
    <PRGP>32,812520</PRGP>
    <ROSN>32,812520</ROSN>
    <SLOV>32,812520</SLOV>
    <SVIZ>32,812520</SVIZ>
    <BSP>32,812520</BSP>
    <MALT>3000,000000</MALT>
    <XAUS>32,812520</XAUS>
    <XFRA>32,812520</XFRA>
  </Prezzi>
  <Prezzi>
    <Data>20150308</Data>
    <Mercato>MGP</Mercato>
    <Ora>5</Ora>
    <PUN>32,370930</PUN>
    <NAT>31,950000</NAT>
    <CNOR>31,810000</CNOR>
    <CSUD>31,810000</CSUD>
    <NORD>32,812520</NORD>
    <SARD>31,810000</SARD>
    <SICI>31,810000</SICI>
    <SUD>31,810000</SUD>
    <AUST>32,812520</AUST>
    <BRNN>31,810000</BRNN>
    <COAC>31,810000</COAC>
    <CORS>31,810000</CORS>
    <FOGN>31,810000</FOGN>
    <FRAN>32,812520</FRAN>
    <GREC>31,810000</GREC>
    <MFTV>32,812520</MFTV>
    <PRGP>31,810000</PRGP>
    <ROSN>31,810000</ROSN>
    <SLOV>32,812520</SLOV>
    <SVIZ>32,812520</SVIZ>
    <BSP>32,812520</BSP>
    <MALT>3000,000000</MALT>
    <XAUS>32,812520</XAUS>
    <XFRA>32,812520</XFRA>
  </Prezzi>
  <Prezzi>
    <Data>20150308</Data>
    <Mercato>MGP</Mercato>
    <Ora>6</Ora>
    <PUN>37,789510</PUN>
    <NAT>36,950000</NAT>
    <CNOR>33,630000</CNOR>
    <CSUD>33,630000</CSUD>
    <NORD>41,010000</NORD>
    <SARD>33,630000</SARD>
    <SICI>33,630000</SICI>
    <SUD>33,630000</SUD>
    <AUST>41,010000</AUST>
    <BRNN>33,630000</BRNN>
    <COAC>33,630000</COAC>
    <CORS>33,630000</CORS>
    <FOGN>33,630000</FOGN>
    <FRAN>41,010000</FRAN>
    <GREC>33,630000</GREC>
    <MFTV>41,010000</MFTV>
    <PRGP>33,630000</PRGP>
    <ROSN>33,630000</ROSN>
    <SLOV>41,010000</SLOV>
    <SVIZ>41,010000</SVIZ>
    <BSP>41,010000</BSP>
    <MALT>3000,000000</MALT>
    <XAUS>41,010000</XAUS>
    <XFRA>41,010000</XFRA>
  </Prezzi>
  <Prezzi>
    <Data>20150308</Data>
    <Mercato>MGP</Mercato>
    <Ora>7</Ora>
    <PUN>40,004780</PUN>
    <NAT>39,680000</NAT>
    <CNOR>36,950000</CNOR>
    <CSUD>36,950000</CSUD>
    <NORD>42,350000</NORD>
    <SARD>36,950000</SARD>
    <SICI>36,950000</SICI>
    <SUD>36,950000</SUD>
    <AUST>42,350000</AUST>
    <BRNN>36,950000</BRNN>
    <COAC>36,950000</COAC>
    <CORS>36,950000</CORS>
    <FOGN>36,950000</FOGN>
    <FRAN>42,350000</FRAN>
    <GREC>36,950000</GREC>
    <MFTV>42,350000</MFTV>
    <PRGP>36,950000</PRGP>
    <ROSN>36,950000</ROSN>
    <SLOV>42,350000</SLOV>
    <SVIZ>42,350000</SVIZ>
    <BSP>42,350000</BSP>
    <MALT>3000,000000</MALT>
    <XAUS>42,350000</XAUS>
    <XFRA>42,350000</XFRA>
  </Prezzi>
  <Prezzi>
    <Data>20150308</Data>
    <Mercato>MGP</Mercato>
    <Ora>8</Ora>
    <PUN>42,285230</PUN>
    <NAT>40,040000</NAT>
    <CNOR>34,630000</CNOR>
    <CSUD>34,630000</CSUD>
    <NORD>45,000000</NORD>
    <SARD>34,630000</SARD>
    <SICI>65,150000</SICI>
    <SUD>34,630000</SUD>
    <AUST>45,000000</AUST>
    <BRNN>34,630000</BRNN>
    <COAC>34,630000</COAC>
    <CORS>34,630000</CORS>
    <FOGN>34,630000</FOGN>
    <FRAN>45,000000</FRAN>
    <GREC>34,630000</GREC>
    <MFTV>45,000000</MFTV>
    <PRGP>65,150000</PRGP>
    <ROSN>34,630000</ROSN>
    <SLOV>45,000000</SLOV>
    <SVIZ>45,000000</SVIZ>
    <BSP>45,000000</BSP>
    <MALT>3000,000000</MALT>
    <XAUS>45,000000</XAUS>
    <XFRA>45,000000</XFRA>
  </Prezzi>
  <Prezzi>
    <Data>20150308</Data>
    <Mercato>MGP</Mercato>
    <Ora>9</Ora>
    <PUN>37,577470</PUN>
    <NAT>37,170000</NAT>
    <CNOR>5,000000</CNOR>
    <CSUD>5,000000</CSUD>
    <NORD>58,140000</NORD>
    <SARD>5,000000</SARD>
    <SICI>65,510000</SICI>
    <SUD>5,000000</SUD>
    <AUST>58,140000</AUST>
    <BRNN>5,000000</BRNN>
    <COAC>5,000000</COAC>
    <CORS>5,000000</CORS>
    <FOGN>5,000000</FOGN>
    <FRAN>58,140000</FRAN>
    <GREC>5,000000</GREC>
    <MFTV>58,140000</MFTV>
    <PRGP>65,510000</PRGP>
    <ROSN>5,000000</ROSN>
    <SLOV>58,140000</SLOV>
    <SVIZ>58,140000</SVIZ>
    <BSP>58,140000</BSP>
    <MALT>3000,000000</MALT>
    <XAUS>58,140000</XAUS>
    <XFRA>58,140000</XFRA>
  </Prezzi>
  <Prezzi>
    <Data>20150308</Data>
    <Mercato>MGP</Mercato>
    <Ora>10</Ora>
    <PUN>40,564240</PUN>
    <NAT>42,570000</NAT>
    <CNOR>0,900000</CNOR>
    <CSUD>0,900000</CSUD>
    <NORD>66,430000</NORD>
    <SARD>0,900000</SARD>
    <SICI>65,510000</SICI>
    <SUD>0,900000</SUD>
    <AUST>66,430000</AUST>
    <BRNN>0,900000</BRNN>
    <COAC>0,900000</COAC>
    <CORS>0,900000</CORS>
    <FOGN>0,900000</FOGN>
    <FRAN>66,430000</FRAN>
    <GREC>0,900000</GREC>
    <MFTV>66,430000</MFTV>
    <PRGP>65,510000</PRGP>
    <ROSN>0,900000</ROSN>
    <SLOV>66,430000</SLOV>
    <SVIZ>66,430000</SVIZ>
    <BSP>66,430000</BSP>
    <MALT>3000,000000</MALT>
    <XAUS>66,430000</XAUS>
    <XFRA>66,430000</XFRA>
  </Prezzi>
  <Prezzi>
    <Data>20150308</Data>
    <Mercato>MGP</Mercato>
    <Ora>11</Ora>
    <PUN>47,251990</PUN>
    <NAT>45,350000</NAT>
    <CNOR>0,900000</CNOR>
    <CSUD>0,900000</CSUD>
    <NORD>80,000000</NORD>
    <SARD>0,900000</SARD>
    <SICI>65,510000</SICI>
    <SUD>0,900000</SUD>
    <AUST>80,000000</AUST>
    <BRNN>0,900000</BRNN>
    <COAC>0,900000</COAC>
    <CORS>0,900000</CORS>
    <FOGN>0,900000</FOGN>
    <FRAN>80,000000</FRAN>
    <GREC>0,900000</GREC>
    <MFTV>80,000000</MFTV>
    <PRGP>65,510000</PRGP>
    <ROSN>0,900000</ROSN>
    <SLOV>80,000000</SLOV>
    <SVIZ>80,000000</SVIZ>
    <BSP>80,000000</BSP>
    <MALT>3000,000000</MALT>
    <XAUS>80,000000</XAUS>
    <XFRA>80,000000</XFRA>
  </Prezzi>
  <Prezzi>
    <Data>20150308</Data>
    <Mercato>MGP</Mercato>
    <Ora>12</Ora>
    <PUN>45,157490</PUN>
    <NAT>44,950000</NAT>
    <CNOR>0,900000</CNOR>
    <CSUD>0,900000</CSUD>
    <NORD>77,200000</NORD>
    <SARD>0,900000</SARD>
    <SICI>65,700000</SICI>
    <SUD>0,900000</SUD>
    <AUST>77,200000</AUST>
    <BRNN>0,900000</BRNN>
    <COAC>0,900000</COAC>
    <CORS>0,900000</CORS>
    <FOGN>0,900000</FOGN>
    <FRAN>77,200000</FRAN>
    <GREC>0,900000</GREC>
    <MFTV>77,200000</MFTV>
    <PRGP>65,700000</PRGP>
    <ROSN>0,900000</ROSN>
    <SLOV>77,200000</SLOV>
    <SVIZ>77,200000</SVIZ>
    <BSP>77,200000</BSP>
    <MALT>3000,000000</MALT>
    <XAUS>77,200000</XAUS>
    <XFRA>77,200000</XFRA>
  </Prezzi>
  <Prezzi>
    <Data>20150308</Data>
    <Mercato>MGP</Mercato>
    <Ora>13</Ora>
    <PUN>38,853430</PUN>
    <NAT>40,350000</NAT>
    <CNOR>0,000000</CNOR>
    <CSUD>0,000000</CSUD>
    <NORD>65,990000</NORD>
    <SARD>0,000000</SARD>
    <SICI>65,700000</SICI>
    <SUD>0,000000</SUD>
    <AUST>65,990000</AUST>
    <BRNN>0,000000</BRNN>
    <COAC>0,000000</COAC>
    <CORS>0,000000</CORS>
    <FOGN>0,000000</FOGN>
    <FRAN>65,990000</FRAN>
    <GREC>0,000000</GREC>
    <MFTV>65,990000</MFTV>
    <PRGP>65,700000</PRGP>
    <ROSN>0,000000</ROSN>
    <SLOV>65,990000</SLOV>
    <SVIZ>65,990000</SVIZ>
    <BSP>65,990000</BSP>
    <MALT>3000,000000</MALT>
    <XAUS>65,990000</XAUS>
    <XFRA>65,990000</XFRA>
  </Prezzi>
  <Prezzi>
    <Data>20150308</Data>
    <Mercato>MGP</Mercato>
    <Ora>14</Ora>
    <PUN>34,364730</PUN>
    <NAT>34,290000</NAT>
    <CNOR>0,000000</CNOR>
    <CSUD>0,000000</CSUD>
    <NORD>57,850000</NORD>
    <SARD>0,000000</SARD>
    <SICI>65,510000</SICI>
    <SUD>0,000000</SUD>
    <AUST>57,850000</AUST>
    <BRNN>0,000000</BRNN>
    <COAC>0,000000</COAC>
    <CORS>0,000000</CORS>
    <FOGN>0,000000</FOGN>
    <FRAN>57,850000</FRAN>
    <GREC>0,000000</GREC>
    <MFTV>57,850000</MFTV>
    <PRGP>65,510000</PRGP>
    <ROSN>0,000000</ROSN>
    <SLOV>57,850000</SLOV>
    <SVIZ>57,850000</SVIZ>
    <BSP>57,850000</BSP>
    <MALT>3000,000000</MALT>
    <XAUS>57,850000</XAUS>
    <XFRA>57,850000</XFRA>
  </Prezzi>
  <Prezzi>
    <Data>20150308</Data>
    <Mercato>MGP</Mercato>
    <Ora>15</Ora>
    <PUN>38,611640</PUN>
    <NAT>42,930000</NAT>
    <CNOR>20,330000</CNOR>
    <CSUD>20,330000</CSUD>
    <NORD>49,970000</NORD>
    <SARD>20,330000</SARD>
    <SICI>65,510000</SICI>
    <SUD>20,330000</SUD>
    <AUST>49,970000</AUST>
    <BRNN>20,330000</BRNN>
    <COAC>20,330000</COAC>
    <CORS>20,330000</CORS>
    <FOGN>20,330000</FOGN>
    <FRAN>49,970000</FRAN>
    <GREC>20,330000</GREC>
    <MFTV>49,970000</MFTV>
    <PRGP>65,510000</PRGP>
    <ROSN>20,330000</ROSN>
    <SLOV>49,970000</SLOV>
    <SVIZ>49,970000</SVIZ>
    <BSP>49,970000</BSP>
    <MALT>3000,000000</MALT>
    <XAUS>49,970000</XAUS>
    <XFRA>49,970000</XFRA>
  </Prezzi>
  <Prezzi>
    <Data>20150308</Data>
    <Mercato>MGP</Mercato>
    <Ora>16</Ora>
    <PUN>48,029330</PUN>
    <NAT>45,350000</NAT>
    <CNOR>38,560000</CNOR>
    <CSUD>38,560000</CSUD>
    <NORD>53,460000</NORD>
    <SARD>38,560000</SARD>
    <SICI>65,510000</SICI>
    <SUD>38,560000</SUD>
    <AUST>53,460000</AUST>
    <BRNN>38,560000</BRNN>
    <COAC>38,560000</COAC>
    <CORS>38,560000</CORS>
    <FOGN>38,560000</FOGN>
    <FRAN>53,460000</FRAN>
    <GREC>38,560000</GREC>
    <MFTV>53,460000</MFTV>
    <PRGP>65,510000</PRGP>
    <ROSN>38,560000</ROSN>
    <SLOV>53,460000</SLOV>
    <SVIZ>53,460000</SVIZ>
    <BSP>53,460000</BSP>
    <MALT>3000,000000</MALT>
    <XAUS>53,460000</XAUS>
    <XFRA>53,460000</XFRA>
  </Prezzi>
  <Prezzi>
    <Data>20150308</Data>
    <Mercato>MGP</Mercato>
    <Ora>17</Ora>
    <PUN>52,845640</PUN>
    <NAT>49,420000</NAT>
    <CNOR>44,630000</CNOR>
    <CSUD>44,630000</CSUD>
    <NORD>57,850000</NORD>
    <SARD>44,630000</SARD>
    <SICI>65,510000</SICI>
    <SUD>44,630000</SUD>
    <AUST>57,850000</AUST>
    <BRNN>44,630000</BRNN>
    <COAC>44,630000</COAC>
    <CORS>44,630000</CORS>
    <FOGN>44,630000</FOGN>
    <FRAN>57,850000</FRAN>
    <GREC>44,630000</GREC>
    <MFTV>57,850000</MFTV>
    <PRGP>65,510000</PRGP>
    <ROSN>44,630000</ROSN>
    <SLOV>57,850000</SLOV>
    <SVIZ>57,850000</SVIZ>
    <BSP>57,850000</BSP>
    <MALT>3000,000000</MALT>
    <XAUS>57,850000</XAUS>
    <XFRA>57,850000</XFRA>
  </Prezzi>
  <Prezzi>
    <Data>20150308</Data>
    <Mercato>MGP</Mercato>
    <Ora>18</Ora>
    <PUN>53,245430</PUN>
    <NAT>51,610000</NAT>
    <CNOR>54,790000</CNOR>
    <CSUD>47,570000</CSUD>
    <NORD>54,790000</NORD>
    <SARD>47,570000</SARD>
    <SICI>65,700000</SICI>
    <SUD>47,570000</SUD>
    <AUST>54,790000</AUST>
    <BRNN>47,570000</BRNN>
    <COAC>47,570000</COAC>
    <CORS>54,790000</CORS>
    <FOGN>47,570000</FOGN>
    <FRAN>54,790000</FRAN>
    <GREC>47,570000</GREC>
    <MFTV>54,790000</MFTV>
    <PRGP>65,700000</PRGP>
    <ROSN>47,570000</ROSN>
    <SLOV>54,790000</SLOV>
    <SVIZ>54,790000</SVIZ>
    <BSP>54,790000</BSP>
    <MALT>3000,000000</MALT>
    <XAUS>54,790000</XAUS>
    <XFRA>54,790000</XFRA>
  </Prezzi>
  <Prezzi>
    <Data>20150308</Data>
    <Mercato>MGP</Mercato>
    <Ora>19</Ora>
    <PUN>67,560000</PUN>
    <NAT>67,560000</NAT>
    <CNOR>68,575040</CNOR>
    <CSUD>68,575040</CSUD>
    <NORD>68,575040</NORD>
    <SARD>68,575040</SARD>
    <SICI>67,590000</SICI>
    <SUD>59,590000</SUD>
    <AUST>68,575040</AUST>
    <BRNN>59,590000</BRNN>
    <COAC>68,575040</COAC>
    <CORS>68,575040</CORS>
    <FOGN>59,590000</FOGN>
    <FRAN>68,575040</FRAN>
    <GREC>59,590000</GREC>
    <MFTV>68,575040</MFTV>
    <PRGP>67,590000</PRGP>
    <ROSN>50,250000</ROSN>
    <SLOV>68,575040</SLOV>
    <SVIZ>68,575040</SVIZ>
    <BSP>68,575040</BSP>
    <MALT>3000,000000</MALT>
    <XAUS>68,575040</XAUS>
    <XFRA>68,575040</XFRA>
  </Prezzi>
  <Prezzi>
    <Data>20150308</Data>
    <Mercato>MGP</Mercato>
    <Ora>20</Ora>
    <PUN>69,630000</PUN>
    <NAT>69,630000</NAT>
    <CNOR>70,964990</CNOR>
    <CSUD>70,964990</CSUD>
    <NORD>70,964990</NORD>
    <SARD>70,964990</SARD>
    <SICI>67,590000</SICI>
    <SUD>60,300000</SUD>
    <AUST>70,964990</AUST>
    <BRNN>60,300000</BRNN>
    <COAC>70,964990</COAC>
    <CORS>70,964990</CORS>
    <FOGN>60,300000</FOGN>
    <FRAN>70,964990</FRAN>
    <GREC>60,300000</GREC>
    <MFTV>70,964990</MFTV>
    <PRGP>67,590000</PRGP>
    <ROSN>51,750000</ROSN>
    <SLOV>70,964990</SLOV>
    <SVIZ>70,964990</SVIZ>
    <BSP>70,964990</BSP>
    <MALT>3000,000000</MALT>
    <XAUS>70,964990</XAUS>
    <XFRA>70,964990</XFRA>
  </Prezzi>
  <Prezzi>
    <Data>20150308</Data>
    <Mercato>MGP</Mercato>
    <Ora>21</Ora>
    <PUN>63,041920</PUN>
    <NAT>64,360000</NAT>
    <CNOR>63,600000</CNOR>
    <CSUD>63,600000</CSUD>
    <NORD>63,600000</NORD>
    <SARD>63,600000</SARD>
    <SICI>67,590000</SICI>
    <SUD>55,300000</SUD>
    <AUST>63,600000</AUST>
    <BRNN>55,300000</BRNN>
    <COAC>63,600000</COAC>
    <CORS>63,600000</CORS>
    <FOGN>55,300000</FOGN>
    <FRAN>63,600000</FRAN>
    <GREC>55,300000</GREC>
    <MFTV>63,600000</MFTV>
    <PRGP>67,590000</PRGP>
    <ROSN>50,250000</ROSN>
    <SLOV>63,600000</SLOV>
    <SVIZ>63,600000</SVIZ>
    <BSP>63,600000</BSP>
    <MALT>3000,000000</MALT>
    <XAUS>63,600000</XAUS>
    <XFRA>63,600000</XFRA>
  </Prezzi>
  <Prezzi>
    <Data>20150308</Data>
    <Mercato>MGP</Mercato>
    <Ora>22</Ora>
    <PUN>55,080740</PUN>
    <NAT>58,320000</NAT>
    <CNOR>54,170000</CNOR>
    <CSUD>54,170000</CSUD>
    <NORD>54,170000</NORD>
    <SARD>54,170000</SARD>
    <SICI>67,590000</SICI>
    <SUD>54,170000</SUD>
    <AUST>54,170000</AUST>
    <BRNN>54,170000</BRNN>
    <COAC>54,170000</COAC>
    <CORS>54,170000</CORS>
    <FOGN>54,170000</FOGN>
    <FRAN>54,170000</FRAN>
    <GREC>54,170000</GREC>
    <MFTV>54,170000</MFTV>
    <PRGP>67,590000</PRGP>
    <ROSN>50,250000</ROSN>
    <SLOV>54,170000</SLOV>
    <SVIZ>54,170000</SVIZ>
    <BSP>54,170000</BSP>
    <MALT>3000,000000</MALT>
    <XAUS>54,170000</XAUS>
    <XFRA>54,170000</XFRA>
  </Prezzi>
  <Prezzi>
    <Data>20150308</Data>
    <Mercato>MGP</Mercato>
    <Ora>23</Ora>
    <PUN>50,543080</PUN>
    <NAT>51,010000</NAT>
    <CNOR>49,450000</CNOR>
    <CSUD>49,450000</CSUD>
    <NORD>49,450000</NORD>
    <SARD>49,450000</SARD>
    <SICI>65,700000</SICI>
    <SUD>49,450000</SUD>
    <AUST>49,450000</AUST>
    <BRNN>49,450000</BRNN>
    <COAC>49,450000</COAC>
    <CORS>49,450000</CORS>
    <FOGN>49,450000</FOGN>
    <FRAN>49,450000</FRAN>
    <GREC>49,450000</GREC>
    <MFTV>49,450000</MFTV>
    <PRGP>65,700000</PRGP>
    <ROSN>49,450000</ROSN>
    <SLOV>49,450000</SLOV>
    <SVIZ>49,450000</SVIZ>
    <BSP>49,450000</BSP>
    <MALT>3000,000000</MALT>
    <XAUS>49,450000</XAUS>
    <XFRA>49,450000</XFRA>
  </Prezzi>
  <Prezzi>
    <Data>20150308</Data>
    <Mercato>MGP</Mercato>
    <Ora>24</Ora>
    <PUN>49,100430</PUN>
    <NAT>49,420000</NAT>
    <CNOR>47,970000</CNOR>
    <CSUD>47,970000</CSUD>
    <NORD>47,970000</NORD>
    <SARD>47,970000</SARD>
    <SICI>65,510000</SICI>
    <SUD>47,970000</SUD>
    <AUST>47,970000</AUST>
    <BRNN>47,970000</BRNN>
    <COAC>47,970000</COAC>
    <CORS>47,970000</CORS>
    <FOGN>47,970000</FOGN>
    <FRAN>47,970000</FRAN>
    <GREC>47,970000</GREC>
    <MFTV>47,970000</MFTV>
    <PRGP>65,510000</PRGP>
    <ROSN>47,970000</ROSN>
    <SLOV>47,970000</SLOV>
    <SVIZ>47,970000</SVIZ>
    <BSP>47,970000</BSP>
    <MALT>3000,000000</MALT>
    <XAUS>47,970000</XAUS>
    <XFRA>47,970000</XFRA>
  </Prezzi>
</NewDataSet>