<?xml version="1.0" standalone="yes"?>
<NewDataSet>
  <xs:schema id="NewDataSet" xmlns="" xmlns:xs="http://www.w3.org/2001/XMLSchema" xmlns:msdata="urn:schemas-microsoft-com:xml-msdata">
    <xs:element name="NewDataSet" msdata:IsDataSet="true" msdata:UseCurrentLocale="true">
      <xs:complexType>
        <xs:choice minOccurs="0" maxOccurs="unbounded">
          <xs:element name="Prezzi">
            <xs:complexType>
              <xs:sequence>
                <xs:element name="Data" type="xs:string" minOccurs="0" />
                <xs:element name="Mercato" type="xs:string" minOccurs="0" />
                <xs:element name="Ora" type="xs:string" minOccurs="0" />
                <xs:element name="PUN" type="xs:string" minOccurs="0" />
                <xs:element name="NAT" type="xs:string" minOccurs="0" />
                <xs:element name="CNOR" type="xs:string" minOccurs="0" />
                <xs:element name="CSUD" type="xs:string" minOccurs="0" />
                <xs:element name="NORD" type="xs:string" minOccurs="0" />
                <xs:element name="SARD" type="xs:string" minOccurs="0" />
                <xs:element name="SICI" type="xs:string" minOccurs="0" />
                <xs:element name="SUD" type="xs:string" minOccurs="0" />
                <xs:element name="AUST" type="xs:string" minOccurs="0" />
                <xs:element name="BRNN" type="xs:string" minOccurs="0" />
                <xs:element name="COAC" type="xs:string" minOccurs="0" />
                <xs:element name="CORS" type="xs:string" minOccurs="0" />
                <xs:element name="FOGN" type="xs:string" minOccurs="0" />
                <xs:element name="FRAN" type="xs:string" minOccurs="0" />
                <xs:element name="GREC" type="xs:string" minOccurs="0" />
                <xs:element name="MFTV" type="xs:string" minOccurs="0" />
                <xs:element name="PRGP" type="xs:string" minOccurs="0" />
                <xs:element name="ROSN" type="xs:string" minOccurs="0" />
                <xs:element name="SLOV" type="xs:string" minOccurs="0" />
                <xs:element name="SVIZ" type="xs:string" minOccurs="0" />
                <xs:element name="BSP" type="xs:string" minOccurs="0" />
                <xs:element name="MALT" type="xs:string" minOccurs="0" />
                <xs:element name="XAUS" type="xs:string" minOccurs="0" />
                <xs:element name="XFRA" type="xs:string" minOccurs="0" />
              </xs:sequence>
            </xs:complexType>
          </xs:element>
        </xs:choice>
      </xs:complexType>
    </xs:element>
  </xs:schema>
  <Prezzi>
    <Data>20150326</Data>
    <Mercato>MGP</Mercato>
    <Ora>1</Ora>
    <PUN>46,125840</PUN>
    <NAT>45,140000</NAT>
    <CNOR>45,030000</CNOR>
    <CSUD>45,030000</CSUD>
    <NORD>45,030000</NORD>
    <SARD>45,030000</SARD>
    <SICI>65,480000</SICI>
    <SUD>45,030000</SUD>
    <AUST>45,030000</AUST>
    <BRNN>45,030000</BRNN>
    <COAC>45,030000</COAC>
    <CORS>45,030000</CORS>
    <FOGN>45,030000</FOGN>
    <FRAN>45,030000</FRAN>
    <GREC>45,030000</GREC>
    <MFTV>45,030000</MFTV>
    <PRGP>65,480000</PRGP>
    <ROSN>45,030000</ROSN>
    <SLOV>45,030000</SLOV>
    <SVIZ>45,030000</SVIZ>
    <BSP>45,030000</BSP>
    <MALT>3000,000000</MALT>
    <XAUS>45,030000</XAUS>
    <XFRA>45,030000</XFRA>
  </Prezzi>
  <Prezzi>
    <Data>20150326</Data>
    <Mercato>MGP</Mercato>
    <Ora>2</Ora>
    <PUN>43,220000</PUN>
    <NAT>43,220000</NAT>
    <CNOR>43,220000</CNOR>
    <CSUD>43,220000</CSUD>
    <NORD>43,220000</NORD>
    <SARD>43,220000</SARD>
    <SICI>43,220000</SICI>
    <SUD>43,220000</SUD>
    <AUST>43,220000</AUST>
    <BRNN>43,220000</BRNN>
    <COAC>43,220000</COAC>
    <CORS>43,220000</CORS>
    <FOGN>43,220000</FOGN>
    <FRAN>43,220000</FRAN>
    <GREC>43,220000</GREC>
    <MFTV>43,220000</MFTV>
    <PRGP>43,220000</PRGP>
    <ROSN>43,220000</ROSN>
    <SLOV>43,220000</SLOV>
    <SVIZ>43,220000</SVIZ>
    <BSP>43,220000</BSP>
    <MALT>3000,000000</MALT>
    <XAUS>43,220000</XAUS>
    <XFRA>43,220000</XFRA>
  </Prezzi>
  <Prezzi>
    <Data>20150326</Data>
    <Mercato>MGP</Mercato>
    <Ora>3</Ora>
    <PUN>42,549370</PUN>
    <NAT>42,549370</NAT>
    <CNOR>42,549370</CNOR>
    <CSUD>42,549370</CSUD>
    <NORD>42,549370</NORD>
    <SARD>42,549370</SARD>
    <SICI>42,549370</SICI>
    <SUD>42,549370</SUD>
    <AUST>42,549370</AUST>
    <BRNN>42,549370</BRNN>
    <COAC>42,549370</COAC>
    <CORS>42,549370</CORS>
    <FOGN>42,549370</FOGN>
    <FRAN>42,549370</FRAN>
    <GREC>42,549370</GREC>
    <MFTV>42,549370</MFTV>
    <PRGP>42,549370</PRGP>
    <ROSN>42,549370</ROSN>
    <SLOV>42,549370</SLOV>
    <SVIZ>42,549370</SVIZ>
    <BSP>42,549370</BSP>
    <MALT>3000,000000</MALT>
    <XAUS>42,549370</XAUS>
    <XFRA>42,549370</XFRA>
  </Prezzi>
  <Prezzi>
    <Data>20150326</Data>
    <Mercato>MGP</Mercato>
    <Ora>4</Ora>
    <PUN>40,270000</PUN>
    <NAT>40,270000</NAT>
    <CNOR>40,270000</CNOR>
    <CSUD>40,270000</CSUD>
    <NORD>40,270000</NORD>
    <SARD>40,270000</SARD>
    <SICI>40,270000</SICI>
    <SUD>40,270000</SUD>
    <AUST>40,270000</AUST>
    <BRNN>40,270000</BRNN>
    <COAC>40,270000</COAC>
    <CORS>40,270000</CORS>
    <FOGN>40,270000</FOGN>
    <FRAN>40,270000</FRAN>
    <GREC>40,270000</GREC>
    <MFTV>40,270000</MFTV>
    <PRGP>40,270000</PRGP>
    <ROSN>40,270000</ROSN>
    <SLOV>40,270000</SLOV>
    <SVIZ>40,270000</SVIZ>
    <BSP>40,270000</BSP>
    <MALT>3000,000000</MALT>
    <XAUS>40,270000</XAUS>
    <XFRA>40,270000</XFRA>
  </Prezzi>
  <Prezzi>
    <Data>20150326</Data>
    <Mercato>MGP</Mercato>
    <Ora>5</Ora>
    <PUN>39,733980</PUN>
    <NAT>39,733980</NAT>
    <CNOR>39,733980</CNOR>
    <CSUD>39,733980</CSUD>
    <NORD>39,733980</NORD>
    <SARD>39,733980</SARD>
    <SICI>39,733980</SICI>
    <SUD>39,733980</SUD>
    <AUST>39,733980</AUST>
    <BRNN>39,733980</BRNN>
    <COAC>39,733980</COAC>
    <CORS>39,733980</CORS>
    <FOGN>39,733980</FOGN>
    <FRAN>39,733980</FRAN>
    <GREC>39,733980</GREC>
    <MFTV>39,733980</MFTV>
    <PRGP>39,733980</PRGP>
    <ROSN>39,733980</ROSN>
    <SLOV>39,733980</SLOV>
    <SVIZ>39,733980</SVIZ>
    <BSP>39,733980</BSP>
    <MALT>3000,000000</MALT>
    <XAUS>39,733980</XAUS>
    <XFRA>39,733980</XFRA>
  </Prezzi>
  <Prezzi>
    <Data>20150326</Data>
    <Mercato>MGP</Mercato>
    <Ora>6</Ora>
    <PUN>43,220000</PUN>
    <NAT>43,220000</NAT>
    <CNOR>43,220000</CNOR>
    <CSUD>43,220000</CSUD>
    <NORD>43,220000</NORD>
    <SARD>43,220000</SARD>
    <SICI>43,220000</SICI>
    <SUD>43,220000</SUD>
    <AUST>43,220000</AUST>
    <BRNN>43,220000</BRNN>
    <COAC>43,220000</COAC>
    <CORS>43,220000</CORS>
    <FOGN>43,220000</FOGN>
    <FRAN>43,220000</FRAN>
    <GREC>43,220000</GREC>
    <MFTV>43,220000</MFTV>
    <PRGP>43,220000</PRGP>
    <ROSN>43,220000</ROSN>
    <SLOV>43,220000</SLOV>
    <SVIZ>43,220000</SVIZ>
    <BSP>43,220000</BSP>
    <MALT>3000,000000</MALT>
    <XAUS>43,220000</XAUS>
    <XFRA>43,220000</XFRA>
  </Prezzi>
  <Prezzi>
    <Data>20150326</Data>
    <Mercato>MGP</Mercato>
    <Ora>7</Ora>
    <PUN>49,577670</PUN>
    <NAT>49,577670</NAT>
    <CNOR>49,577670</CNOR>
    <CSUD>49,577670</CSUD>
    <NORD>49,577670</NORD>
    <SARD>49,577670</SARD>
    <SICI>49,577670</SICI>
    <SUD>49,577670</SUD>
    <AUST>49,577670</AUST>
    <BRNN>49,577670</BRNN>
    <COAC>49,577670</COAC>
    <CORS>49,577670</CORS>
    <FOGN>49,577670</FOGN>
    <FRAN>49,577670</FRAN>
    <GREC>49,577670</GREC>
    <MFTV>49,577670</MFTV>
    <PRGP>49,577670</PRGP>
    <ROSN>49,577670</ROSN>
    <SLOV>49,577670</SLOV>
    <SVIZ>49,577670</SVIZ>
    <BSP>49,577670</BSP>
    <MALT>3000,000000</MALT>
    <XAUS>49,577670</XAUS>
    <XFRA>49,577670</XFRA>
  </Prezzi>
  <Prezzi>
    <Data>20150326</Data>
    <Mercato>MGP</Mercato>
    <Ora>8</Ora>
    <PUN>60,300770</PUN>
    <NAT>59,330000</NAT>
    <CNOR>59,330000</CNOR>
    <CSUD>59,330000</CSUD>
    <NORD>60,990000</NORD>
    <SARD>59,330000</SARD>
    <SICI>65,480000</SICI>
    <SUD>55,890000</SUD>
    <AUST>60,990000</AUST>
    <BRNN>55,890000</BRNN>
    <COAC>59,330000</COAC>
    <CORS>59,330000</CORS>
    <FOGN>55,890000</FOGN>
    <FRAN>60,990000</FRAN>
    <GREC>55,890000</GREC>
    <MFTV>60,990000</MFTV>
    <PRGP>65,480000</PRGP>
    <ROSN>55,890000</ROSN>
    <SLOV>60,990000</SLOV>
    <SVIZ>60,990000</SVIZ>
    <BSP>60,990000</BSP>
    <MALT>3000,000000</MALT>
    <XAUS>60,990000</XAUS>
    <XFRA>60,990000</XFRA>
  </Prezzi>
  <Prezzi>
    <Data>20150326</Data>
    <Mercato>MGP</Mercato>
    <Ora>9</Ora>
    <PUN>61,722110</PUN>
    <NAT>61,000000</NAT>
    <CNOR>54,290000</CNOR>
    <CSUD>54,290000</CSUD>
    <NORD>65,540000</NORD>
    <SARD>54,290000</SARD>
    <SICI>65,680000</SICI>
    <SUD>54,290000</SUD>
    <AUST>65,540000</AUST>
    <BRNN>54,290000</BRNN>
    <COAC>54,290000</COAC>
    <CORS>54,290000</CORS>
    <FOGN>54,290000</FOGN>
    <FRAN>65,540000</FRAN>
    <GREC>54,290000</GREC>
    <MFTV>65,540000</MFTV>
    <PRGP>65,680000</PRGP>
    <ROSN>54,290000</ROSN>
    <SLOV>65,540000</SLOV>
    <SVIZ>65,540000</SVIZ>
    <BSP>65,540000</BSP>
    <MALT>3000,000000</MALT>
    <XAUS>65,540000</XAUS>
    <XFRA>65,540000</XFRA>
  </Prezzi>
  <Prezzi>
    <Data>20150326</Data>
    <Mercato>MGP</Mercato>
    <Ora>10</Ora>
    <PUN>62,389270</PUN>
    <NAT>61,000000</NAT>
    <CNOR>52,340000</CNOR>
    <CSUD>52,340000</CSUD>
    <NORD>67,980000</NORD>
    <SARD>52,340000</SARD>
    <SICI>65,480000</SICI>
    <SUD>52,340000</SUD>
    <AUST>67,980000</AUST>
    <BRNN>52,340000</BRNN>
    <COAC>52,340000</COAC>
    <CORS>52,340000</CORS>
    <FOGN>52,340000</FOGN>
    <FRAN>67,980000</FRAN>
    <GREC>52,340000</GREC>
    <MFTV>67,980000</MFTV>
    <PRGP>65,480000</PRGP>
    <ROSN>52,340000</ROSN>
    <SLOV>67,980000</SLOV>
    <SVIZ>67,980000</SVIZ>
    <BSP>67,980000</BSP>
    <MALT>3000,000000</MALT>
    <XAUS>67,980000</XAUS>
    <XFRA>67,980000</XFRA>
  </Prezzi>
  <Prezzi>
    <Data>20150326</Data>
    <Mercato>MGP</Mercato>
    <Ora>11</Ora>
    <PUN>60,646950</PUN>
    <NAT>59,330000</NAT>
    <CNOR>50,000000</CNOR>
    <CSUD>50,000000</CSUD>
    <NORD>66,670000</NORD>
    <SARD>50,000000</SARD>
    <SICI>65,480000</SICI>
    <SUD>50,000000</SUD>
    <AUST>66,670000</AUST>
    <BRNN>50,000000</BRNN>
    <COAC>50,000000</COAC>
    <CORS>50,000000</CORS>
    <FOGN>50,000000</FOGN>
    <FRAN>66,670000</FRAN>
    <GREC>50,000000</GREC>
    <MFTV>66,670000</MFTV>
    <PRGP>65,480000</PRGP>
    <ROSN>50,000000</ROSN>
    <SLOV>66,670000</SLOV>
    <SVIZ>66,670000</SVIZ>
    <BSP>66,670000</BSP>
    <MALT>3000,000000</MALT>
    <XAUS>66,670000</XAUS>
    <XFRA>66,670000</XFRA>
  </Prezzi>
  <Prezzi>
    <Data>20150326</Data>
    <Mercato>MGP</Mercato>
    <Ora>12</Ora>
    <PUN>57,388140</PUN>
    <NAT>55,890000</NAT>
    <CNOR>47,390000</CNOR>
    <CSUD>47,390000</CSUD>
    <NORD>62,800000</NORD>
    <SARD>47,390000</SARD>
    <SICI>65,480000</SICI>
    <SUD>46,490000</SUD>
    <AUST>62,800000</AUST>
    <BRNN>46,490000</BRNN>
    <COAC>47,390000</COAC>
    <CORS>47,390000</CORS>
    <FOGN>46,490000</FOGN>
    <FRAN>62,800000</FRAN>
    <GREC>46,490000</GREC>
    <MFTV>62,800000</MFTV>
    <PRGP>65,480000</PRGP>
    <ROSN>46,490000</ROSN>
    <SLOV>62,800000</SLOV>
    <SVIZ>62,800000</SVIZ>
    <BSP>62,800000</BSP>
    <MALT>3000,000000</MALT>
    <XAUS>62,800000</XAUS>
    <XFRA>62,800000</XFRA>
  </Prezzi>
  <Prezzi>
    <Data>20150326</Data>
    <Mercato>MGP</Mercato>
    <Ora>13</Ora>
    <PUN>51,450140</PUN>
    <NAT>52,230000</NAT>
    <CNOR>48,340000</CNOR>
    <CSUD>48,340000</CSUD>
    <NORD>52,300000</NORD>
    <SARD>48,340000</SARD>
    <SICI>65,480000</SICI>
    <SUD>48,340000</SUD>
    <AUST>52,300000</AUST>
    <BRNN>48,340000</BRNN>
    <COAC>48,340000</COAC>
    <CORS>48,340000</CORS>
    <FOGN>48,340000</FOGN>
    <FRAN>52,300000</FRAN>
    <GREC>48,340000</GREC>
    <MFTV>52,300000</MFTV>
    <PRGP>65,480000</PRGP>
    <ROSN>48,340000</ROSN>
    <SLOV>52,300000</SLOV>
    <SVIZ>52,300000</SVIZ>
    <BSP>52,300000</BSP>
    <MALT>3000,000000</MALT>
    <XAUS>52,300000</XAUS>
    <XFRA>52,300000</XFRA>
  </Prezzi>
  <Prezzi>
    <Data>20150326</Data>
    <Mercato>MGP</Mercato>
    <Ora>14</Ora>
    <PUN>51,099580</PUN>
    <NAT>51,850000</NAT>
    <CNOR>48,340000</CNOR>
    <CSUD>48,340000</CSUD>
    <NORD>51,590000</NORD>
    <SARD>48,340000</SARD>
    <SICI>65,480000</SICI>
    <SUD>48,340000</SUD>
    <AUST>51,590000</AUST>
    <BRNN>48,340000</BRNN>
    <COAC>48,340000</COAC>
    <CORS>48,340000</CORS>
    <FOGN>48,340000</FOGN>
    <FRAN>51,590000</FRAN>
    <GREC>48,340000</GREC>
    <MFTV>51,590000</MFTV>
    <PRGP>65,480000</PRGP>
    <ROSN>48,340000</ROSN>
    <SLOV>51,590000</SLOV>
    <SVIZ>51,590000</SVIZ>
    <BSP>51,590000</BSP>
    <MALT>3000,000000</MALT>
    <XAUS>51,590000</XAUS>
    <XFRA>51,590000</XFRA>
  </Prezzi>
  <Prezzi>
    <Data>20150326</Data>
    <Mercato>MGP</Mercato>
    <Ora>15</Ora>
    <PUN>54,543510</PUN>
    <NAT>55,880000</NAT>
    <CNOR>53,980000</CNOR>
    <CSUD>53,980000</CSUD>
    <NORD>53,980000</NORD>
    <SARD>53,980000</SARD>
    <SICI>65,680000</SICI>
    <SUD>53,980000</SUD>
    <AUST>53,980000</AUST>
    <BRNN>53,980000</BRNN>
    <COAC>53,980000</COAC>
    <CORS>53,980000</CORS>
    <FOGN>53,980000</FOGN>
    <FRAN>53,980000</FRAN>
    <GREC>53,980000</GREC>
    <MFTV>53,980000</MFTV>
    <PRGP>65,680000</PRGP>
    <ROSN>53,980000</ROSN>
    <SLOV>53,980000</SLOV>
    <SVIZ>53,980000</SVIZ>
    <BSP>53,980000</BSP>
    <MALT>3000,000000</MALT>
    <XAUS>53,980000</XAUS>
    <XFRA>53,980000</XFRA>
  </Prezzi>
  <Prezzi>
    <Data>20150326</Data>
    <Mercato>MGP</Mercato>
    <Ora>16</Ora>
    <PUN>55,894990</PUN>
    <NAT>55,890000</NAT>
    <CNOR>51,340000</CNOR>
    <CSUD>51,340000</CSUD>
    <NORD>57,560000</NORD>
    <SARD>51,340000</SARD>
    <SICI>67,560000</SICI>
    <SUD>51,340000</SUD>
    <AUST>57,560000</AUST>
    <BRNN>51,340000</BRNN>
    <COAC>51,340000</COAC>
    <CORS>51,340000</CORS>
    <FOGN>51,340000</FOGN>
    <FRAN>57,560000</FRAN>
    <GREC>51,340000</GREC>
    <MFTV>57,560000</MFTV>
    <PRGP>67,560000</PRGP>
    <ROSN>51,340000</ROSN>
    <SLOV>57,560000</SLOV>
    <SVIZ>57,560000</SVIZ>
    <BSP>57,560000</BSP>
    <MALT>3000,000000</MALT>
    <XAUS>57,560000</XAUS>
    <XFRA>57,560000</XFRA>
  </Prezzi>
  <Prezzi>
    <Data>20150326</Data>
    <Mercato>MGP</Mercato>
    <Ora>17</Ora>
    <PUN>57,332850</PUN>
    <NAT>59,000000</NAT>
    <CNOR>55,890000</CNOR>
    <CSUD>55,890000</CSUD>
    <NORD>57,340000</NORD>
    <SARD>55,890000</SARD>
    <SICI>67,560000</SICI>
    <SUD>55,890000</SUD>
    <AUST>57,340000</AUST>
    <BRNN>55,890000</BRNN>
    <COAC>55,890000</COAC>
    <CORS>55,890000</CORS>
    <FOGN>55,890000</FOGN>
    <FRAN>57,340000</FRAN>
    <GREC>55,890000</GREC>
    <MFTV>57,340000</MFTV>
    <PRGP>67,560000</PRGP>
    <ROSN>55,890000</ROSN>
    <SLOV>57,340000</SLOV>
    <SVIZ>57,340000</SVIZ>
    <BSP>57,340000</BSP>
    <MALT>3000,000000</MALT>
    <XAUS>57,340000</XAUS>
    <XFRA>57,340000</XFRA>
  </Prezzi>
  <Prezzi>
    <Data>20150326</Data>
    <Mercato>MGP</Mercato>
    <Ora>18</Ora>
    <PUN>56,519980</PUN>
    <NAT>58,420000</NAT>
    <CNOR>55,890000</CNOR>
    <CSUD>55,890000</CSUD>
    <NORD>55,890000</NORD>
    <SARD>55,890000</SARD>
    <SICI>67,560000</SICI>
    <SUD>55,890000</SUD>
    <AUST>55,890000</AUST>
    <BRNN>55,890000</BRNN>
    <COAC>55,890000</COAC>
    <CORS>55,890000</CORS>
    <FOGN>55,890000</FOGN>
    <FRAN>55,890000</FRAN>
    <GREC>55,890000</GREC>
    <MFTV>55,890000</MFTV>
    <PRGP>67,560000</PRGP>
    <ROSN>55,890000</ROSN>
    <SLOV>55,890000</SLOV>
    <SVIZ>55,890000</SVIZ>
    <BSP>55,890000</BSP>
    <MALT>3000,000000</MALT>
    <XAUS>55,890000</XAUS>
    <XFRA>55,890000</XFRA>
  </Prezzi>
  <Prezzi>
    <Data>20150326</Data>
    <Mercato>MGP</Mercato>
    <Ora>19</Ora>
    <PUN>63,646620</PUN>
    <NAT>65,480000</NAT>
    <CNOR>62,000000</CNOR>
    <CSUD>62,000000</CSUD>
    <NORD>62,000000</NORD>
    <SARD>62,000000</SARD>
    <SICI>90,980000</SICI>
    <SUD>62,000000</SUD>
    <AUST>62,000000</AUST>
    <BRNN>62,000000</BRNN>
    <COAC>62,000000</COAC>
    <CORS>62,000000</CORS>
    <FOGN>62,000000</FOGN>
    <FRAN>62,000000</FRAN>
    <GREC>62,000000</GREC>
    <MFTV>62,000000</MFTV>
    <PRGP>90,980000</PRGP>
    <ROSN>62,000000</ROSN>
    <SLOV>62,000000</SLOV>
    <SVIZ>62,000000</SVIZ>
    <BSP>62,000000</BSP>
    <MALT>3000,000000</MALT>
    <XAUS>62,000000</XAUS>
    <XFRA>62,000000</XFRA>
  </Prezzi>
  <Prezzi>
    <Data>20150326</Data>
    <Mercato>MGP</Mercato>
    <Ora>20</Ora>
    <PUN>79,764900</PUN>
    <NAT>80,000000</NAT>
    <CNOR>79,000000</CNOR>
    <CSUD>79,000000</CSUD>
    <NORD>79,000000</NORD>
    <SARD>79,000000</SARD>
    <SICI>92,470000</SICI>
    <SUD>79,000000</SUD>
    <AUST>79,000000</AUST>
    <BRNN>79,000000</BRNN>
    <COAC>79,000000</COAC>
    <CORS>79,000000</CORS>
    <FOGN>79,000000</FOGN>
    <FRAN>79,000000</FRAN>
    <GREC>79,000000</GREC>
    <MFTV>79,000000</MFTV>
    <PRGP>92,470000</PRGP>
    <ROSN>79,000000</ROSN>
    <SLOV>79,000000</SLOV>
    <SVIZ>79,000000</SVIZ>
    <BSP>79,000000</BSP>
    <MALT>3000,000000</MALT>
    <XAUS>79,000000</XAUS>
    <XFRA>79,000000</XFRA>
  </Prezzi>
  <Prezzi>
    <Data>20150326</Data>
    <Mercato>MGP</Mercato>
    <Ora>21</Ora>
    <PUN>62,023680</PUN>
    <NAT>63,990000</NAT>
    <CNOR>60,060000</CNOR>
    <CSUD>60,060000</CSUD>
    <NORD>60,060000</NORD>
    <SARD>60,060000</SARD>
    <SICI>92,470000</SICI>
    <SUD>60,060000</SUD>
    <AUST>60,060000</AUST>
    <BRNN>60,060000</BRNN>
    <COAC>60,060000</COAC>
    <CORS>60,060000</CORS>
    <FOGN>60,060000</FOGN>
    <FRAN>60,060000</FRAN>
    <GREC>60,060000</GREC>
    <MFTV>60,060000</MFTV>
    <PRGP>92,470000</PRGP>
    <ROSN>60,060000</ROSN>
    <SLOV>60,060000</SLOV>
    <SVIZ>60,060000</SVIZ>
    <BSP>60,060000</BSP>
    <MALT>3000,000000</MALT>
    <XAUS>60,060000</XAUS>
    <XFRA>60,060000</XFRA>
  </Prezzi>
  <Prezzi>
    <Data>20150326</Data>
    <Mercato>MGP</Mercato>
    <Ora>22</Ora>
    <PUN>55,291420</PUN>
    <NAT>55,890000</NAT>
    <CNOR>53,010000</CNOR>
    <CSUD>53,010000</CSUD>
    <NORD>53,010000</NORD>
    <SARD>53,010000</SARD>
    <SICI>90,980000</SICI>
    <SUD>53,010000</SUD>
    <AUST>53,010000</AUST>
    <BRNN>53,010000</BRNN>
    <COAC>53,010000</COAC>
    <CORS>53,010000</CORS>
    <FOGN>53,010000</FOGN>
    <FRAN>53,010000</FRAN>
    <GREC>53,010000</GREC>
    <MFTV>53,010000</MFTV>
    <PRGP>90,980000</PRGP>
    <ROSN>53,010000</ROSN>
    <SLOV>53,010000</SLOV>
    <SVIZ>53,010000</SVIZ>
    <BSP>53,010000</BSP>
    <MALT>3000,000000</MALT>
    <XAUS>53,010000</XAUS>
    <XFRA>53,010000</XFRA>
  </Prezzi>
  <Prezzi>
    <Data>20150326</Data>
    <Mercato>MGP</Mercato>
    <Ora>23</Ora>
    <PUN>52,165570</PUN>
    <NAT>53,000000</NAT>
    <CNOR>51,190000</CNOR>
    <CSUD>51,190000</CSUD>
    <NORD>51,190000</NORD>
    <SARD>51,190000</SARD>
    <SICI>67,560000</SICI>
    <SUD>51,190000</SUD>
    <AUST>51,190000</AUST>
    <BRNN>51,190000</BRNN>
    <COAC>51,190000</COAC>
    <CORS>51,190000</CORS>
    <FOGN>51,190000</FOGN>
    <FRAN>51,190000</FRAN>
    <GREC>51,190000</GREC>
    <MFTV>51,190000</MFTV>
    <PRGP>67,560000</PRGP>
    <ROSN>51,190000</ROSN>
    <SLOV>51,190000</SLOV>
    <SVIZ>51,190000</SVIZ>
    <BSP>51,190000</BSP>
    <MALT>3000,000000</MALT>
    <XAUS>51,190000</XAUS>
    <XFRA>51,190000</XFRA>
  </Prezzi>
  <Prezzi>
    <Data>20150326</Data>
    <Mercato>MGP</Mercato>
    <Ora>24</Ora>
    <PUN>50,039260</PUN>
    <NAT>49,670000</NAT>
    <CNOR>49,100000</CNOR>
    <CSUD>49,100000</CSUD>
    <NORD>49,100000</NORD>
    <SARD>49,100000</SARD>
    <SICI>65,680000</SICI>
    <SUD>49,100000</SUD>
    <AUST>49,100000</AUST>
    <BRNN>49,100000</BRNN>
    <COAC>49,100000</COAC>
    <CORS>49,100000</CORS>
    <FOGN>49,100000</FOGN>
    <FRAN>49,100000</FRAN>
    <GREC>49,100000</GREC>
    <MFTV>49,100000</MFTV>
    <PRGP>65,680000</PRGP>
    <ROSN>49,100000</ROSN>
    <SLOV>49,100000</SLOV>
    <SVIZ>49,100000</SVIZ>
    <BSP>49,100000</BSP>
    <MALT>3000,000000</MALT>
    <XAUS>49,100000</XAUS>
    <XFRA>49,100000</XFRA>
  </Prezzi>
</NewDataSet>