<?xml version="1.0" standalone="yes"?>
<NewDataSet>
  <xs:schema id="NewDataSet" xmlns="" xmlns:xs="http://www.w3.org/2001/XMLSchema" xmlns:msdata="urn:schemas-microsoft-com:xml-msdata">
    <xs:element name="NewDataSet" msdata:IsDataSet="true" msdata:UseCurrentLocale="true">
      <xs:complexType>
        <xs:choice minOccurs="0" maxOccurs="unbounded">
          <xs:element name="Prezzi">
            <xs:complexType>
              <xs:sequence>
                <xs:element name="Data" type="xs:string" minOccurs="0" />
                <xs:element name="Mercato" type="xs:string" minOccurs="0" />
                <xs:element name="Ora" type="xs:string" minOccurs="0" />
                <xs:element name="PUN" type="xs:string" minOccurs="0" />
                <xs:element name="NAT" type="xs:string" minOccurs="0" />
                <xs:element name="CNOR" type="xs:string" minOccurs="0" />
                <xs:element name="CSUD" type="xs:string" minOccurs="0" />
                <xs:element name="NORD" type="xs:string" minOccurs="0" />
                <xs:element name="SARD" type="xs:string" minOccurs="0" />
                <xs:element name="SICI" type="xs:string" minOccurs="0" />
                <xs:element name="SUD" type="xs:string" minOccurs="0" />
                <xs:element name="AUST" type="xs:string" minOccurs="0" />
                <xs:element name="BRNN" type="xs:string" minOccurs="0" />
                <xs:element name="COAC" type="xs:string" minOccurs="0" />
                <xs:element name="CORS" type="xs:string" minOccurs="0" />
                <xs:element name="FOGN" type="xs:string" minOccurs="0" />
                <xs:element name="FRAN" type="xs:string" minOccurs="0" />
                <xs:element name="GREC" type="xs:string" minOccurs="0" />
                <xs:element name="MFTV" type="xs:string" minOccurs="0" />
                <xs:element name="PRGP" type="xs:string" minOccurs="0" />
                <xs:element name="ROSN" type="xs:string" minOccurs="0" />
                <xs:element name="SLOV" type="xs:string" minOccurs="0" />
                <xs:element name="SVIZ" type="xs:string" minOccurs="0" />
                <xs:element name="BSP" type="xs:string" minOccurs="0" />
                <xs:element name="MALT" type="xs:string" minOccurs="0" />
                <xs:element name="XAUS" type="xs:string" minOccurs="0" />
                <xs:element name="XFRA" type="xs:string" minOccurs="0" />
              </xs:sequence>
            </xs:complexType>
          </xs:element>
        </xs:choice>
      </xs:complexType>
    </xs:element>
  </xs:schema>
  <Prezzi>
    <Data>20150322</Data>
    <Mercato>MGP</Mercato>
    <Ora>1</Ora>
    <PUN>45,410000</PUN>
    <NAT>45,410000</NAT>
    <CNOR>45,410000</CNOR>
    <CSUD>45,410000</CSUD>
    <NORD>45,410000</NORD>
    <SARD>45,410000</SARD>
    <SICI>45,410000</SICI>
    <SUD>45,410000</SUD>
    <AUST>45,410000</AUST>
    <BRNN>45,410000</BRNN>
    <COAC>45,410000</COAC>
    <CORS>45,410000</CORS>
    <FOGN>45,410000</FOGN>
    <FRAN>45,410000</FRAN>
    <GREC>45,410000</GREC>
    <MFTV>45,410000</MFTV>
    <PRGP>45,410000</PRGP>
    <ROSN>45,410000</ROSN>
    <SLOV>45,410000</SLOV>
    <SVIZ>45,410000</SVIZ>
    <BSP>45,410000</BSP>
    <MALT>3000,000000</MALT>
    <XAUS>45,410000</XAUS>
    <XFRA>45,410000</XFRA>
  </Prezzi>
  <Prezzi>
    <Data>20150322</Data>
    <Mercato>MGP</Mercato>
    <Ora>2</Ora>
    <PUN>42,350000</PUN>
    <NAT>42,350000</NAT>
    <CNOR>42,350000</CNOR>
    <CSUD>42,350000</CSUD>
    <NORD>42,350000</NORD>
    <SARD>42,350000</SARD>
    <SICI>42,350000</SICI>
    <SUD>42,350000</SUD>
    <AUST>42,350000</AUST>
    <BRNN>42,350000</BRNN>
    <COAC>42,350000</COAC>
    <CORS>42,350000</CORS>
    <FOGN>42,350000</FOGN>
    <FRAN>42,350000</FRAN>
    <GREC>42,350000</GREC>
    <MFTV>42,350000</MFTV>
    <PRGP>42,350000</PRGP>
    <ROSN>42,350000</ROSN>
    <SLOV>42,350000</SLOV>
    <SVIZ>42,350000</SVIZ>
    <BSP>42,350000</BSP>
    <MALT>3000,000000</MALT>
    <XAUS>42,350000</XAUS>
    <XFRA>42,350000</XFRA>
  </Prezzi>
  <Prezzi>
    <Data>20150322</Data>
    <Mercato>MGP</Mercato>
    <Ora>3</Ora>
    <PUN>39,340000</PUN>
    <NAT>39,340000</NAT>
    <CNOR>39,340000</CNOR>
    <CSUD>39,340000</CSUD>
    <NORD>39,340000</NORD>
    <SARD>39,340000</SARD>
    <SICI>39,340000</SICI>
    <SUD>39,340000</SUD>
    <AUST>39,340000</AUST>
    <BRNN>39,340000</BRNN>
    <COAC>39,340000</COAC>
    <CORS>39,340000</CORS>
    <FOGN>39,340000</FOGN>
    <FRAN>39,340000</FRAN>
    <GREC>39,340000</GREC>
    <MFTV>39,340000</MFTV>
    <PRGP>39,340000</PRGP>
    <ROSN>39,340000</ROSN>
    <SLOV>39,340000</SLOV>
    <SVIZ>39,340000</SVIZ>
    <BSP>39,340000</BSP>
    <MALT>3000,000000</MALT>
    <XAUS>39,340000</XAUS>
    <XFRA>39,340000</XFRA>
  </Prezzi>
  <Prezzi>
    <Data>20150322</Data>
    <Mercato>MGP</Mercato>
    <Ora>4</Ora>
    <PUN>36,857410</PUN>
    <NAT>37,390000</NAT>
    <CNOR>37,390000</CNOR>
    <CSUD>37,390000</CSUD>
    <NORD>37,390000</NORD>
    <SARD>37,390000</SARD>
    <SICI>29,840000</SICI>
    <SUD>37,390000</SUD>
    <AUST>37,390000</AUST>
    <BRNN>37,390000</BRNN>
    <COAC>37,390000</COAC>
    <CORS>37,390000</CORS>
    <FOGN>37,390000</FOGN>
    <FRAN>37,390000</FRAN>
    <GREC>37,390000</GREC>
    <MFTV>37,390000</MFTV>
    <PRGP>29,840000</PRGP>
    <ROSN>37,390000</ROSN>
    <SLOV>37,390000</SLOV>
    <SVIZ>37,390000</SVIZ>
    <BSP>37,390000</BSP>
    <MALT>3000,000000</MALT>
    <XAUS>37,390000</XAUS>
    <XFRA>37,390000</XFRA>
  </Prezzi>
  <Prezzi>
    <Data>20150322</Data>
    <Mercato>MGP</Mercato>
    <Ora>5</Ora>
    <PUN>30,727910</PUN>
    <NAT>29,840000</NAT>
    <CNOR>31,000000</CNOR>
    <CSUD>31,000000</CSUD>
    <NORD>31,000000</NORD>
    <SARD>31,000000</SARD>
    <SICI>27,010000</SICI>
    <SUD>31,000000</SUD>
    <AUST>31,000000</AUST>
    <BRNN>31,000000</BRNN>
    <COAC>31,000000</COAC>
    <CORS>31,000000</CORS>
    <FOGN>31,000000</FOGN>
    <FRAN>31,000000</FRAN>
    <GREC>31,000000</GREC>
    <MFTV>31,000000</MFTV>
    <PRGP>27,010000</PRGP>
    <ROSN>31,000000</ROSN>
    <SLOV>31,000000</SLOV>
    <SVIZ>31,000000</SVIZ>
    <BSP>31,000000</BSP>
    <MALT>3000,000000</MALT>
    <XAUS>31,000000</XAUS>
    <XFRA>31,000000</XFRA>
  </Prezzi>
  <Prezzi>
    <Data>20150322</Data>
    <Mercato>MGP</Mercato>
    <Ora>6</Ora>
    <PUN>36,954680</PUN>
    <NAT>37,420000</NAT>
    <CNOR>37,530000</CNOR>
    <CSUD>37,530000</CSUD>
    <NORD>37,530000</NORD>
    <SARD>37,530000</SARD>
    <SICI>29,010000</SICI>
    <SUD>37,530000</SUD>
    <AUST>37,530000</AUST>
    <BRNN>37,530000</BRNN>
    <COAC>37,530000</COAC>
    <CORS>37,530000</CORS>
    <FOGN>37,530000</FOGN>
    <FRAN>37,530000</FRAN>
    <GREC>37,530000</GREC>
    <MFTV>37,530000</MFTV>
    <PRGP>29,010000</PRGP>
    <ROSN>37,530000</ROSN>
    <SLOV>37,530000</SLOV>
    <SVIZ>37,530000</SVIZ>
    <BSP>37,530000</BSP>
    <MALT>3000,000000</MALT>
    <XAUS>37,530000</XAUS>
    <XFRA>37,530000</XFRA>
  </Prezzi>
  <Prezzi>
    <Data>20150322</Data>
    <Mercato>MGP</Mercato>
    <Ora>7</Ora>
    <PUN>38,660000</PUN>
    <NAT>37,980000</NAT>
    <CNOR>39,312670</CNOR>
    <CSUD>39,312670</CSUD>
    <NORD>39,312670</NORD>
    <SARD>39,312670</SARD>
    <SICI>29,840000</SICI>
    <SUD>39,312670</SUD>
    <AUST>39,312670</AUST>
    <BRNN>39,312670</BRNN>
    <COAC>39,312670</COAC>
    <CORS>39,312670</CORS>
    <FOGN>39,312670</FOGN>
    <FRAN>39,312670</FRAN>
    <GREC>39,312670</GREC>
    <MFTV>39,312670</MFTV>
    <PRGP>29,840000</PRGP>
    <ROSN>39,312670</ROSN>
    <SLOV>39,312670</SLOV>
    <SVIZ>39,312670</SVIZ>
    <BSP>39,312670</BSP>
    <MALT>3000,000000</MALT>
    <XAUS>39,312670</XAUS>
    <XFRA>39,312670</XFRA>
  </Prezzi>
  <Prezzi>
    <Data>20150322</Data>
    <Mercato>MGP</Mercato>
    <Ora>8</Ora>
    <PUN>40,198230</PUN>
    <NAT>41,080000</NAT>
    <CNOR>40,640000</CNOR>
    <CSUD>38,330000</CSUD>
    <NORD>42,400000</NORD>
    <SARD>38,330000</SARD>
    <SICI>29,840000</SICI>
    <SUD>38,330000</SUD>
    <AUST>42,400000</AUST>
    <BRNN>38,330000</BRNN>
    <COAC>38,330000</COAC>
    <CORS>40,640000</CORS>
    <FOGN>38,330000</FOGN>
    <FRAN>42,400000</FRAN>
    <GREC>38,330000</GREC>
    <MFTV>42,400000</MFTV>
    <PRGP>29,840000</PRGP>
    <ROSN>38,330000</ROSN>
    <SLOV>42,400000</SLOV>
    <SVIZ>42,400000</SVIZ>
    <BSP>42,400000</BSP>
    <MALT>3000,000000</MALT>
    <XAUS>42,400000</XAUS>
    <XFRA>42,400000</XFRA>
  </Prezzi>
  <Prezzi>
    <Data>20150322</Data>
    <Mercato>MGP</Mercato>
    <Ora>9</Ora>
    <PUN>45,610000</PUN>
    <NAT>43,430000</NAT>
    <CNOR>38,670000</CNOR>
    <CSUD>38,670000</CSUD>
    <NORD>51,380550</NORD>
    <SARD>38,670000</SARD>
    <SICI>38,670000</SICI>
    <SUD>38,670000</SUD>
    <AUST>51,380550</AUST>
    <BRNN>38,670000</BRNN>
    <COAC>38,670000</COAC>
    <CORS>38,670000</CORS>
    <FOGN>38,670000</FOGN>
    <FRAN>51,380550</FRAN>
    <GREC>38,670000</GREC>
    <MFTV>51,380550</MFTV>
    <PRGP>38,670000</PRGP>
    <ROSN>38,670000</ROSN>
    <SLOV>51,380550</SLOV>
    <SVIZ>51,380550</SVIZ>
    <BSP>51,380550</BSP>
    <MALT>3000,000000</MALT>
    <XAUS>51,380550</XAUS>
    <XFRA>51,380550</XFRA>
  </Prezzi>
  <Prezzi>
    <Data>20150322</Data>
    <Mercato>MGP</Mercato>
    <Ora>10</Ora>
    <PUN>48,023050</PUN>
    <NAT>48,500000</NAT>
    <CNOR>40,880000</CNOR>
    <CSUD>38,670000</CSUD>
    <NORD>55,480000</NORD>
    <SARD>38,670000</SARD>
    <SICI>38,670000</SICI>
    <SUD>38,670000</SUD>
    <AUST>55,480000</AUST>
    <BRNN>38,670000</BRNN>
    <COAC>38,670000</COAC>
    <CORS>40,880000</CORS>
    <FOGN>38,670000</FOGN>
    <FRAN>55,480000</FRAN>
    <GREC>38,670000</GREC>
    <MFTV>55,480000</MFTV>
    <PRGP>38,670000</PRGP>
    <ROSN>38,670000</ROSN>
    <SLOV>55,480000</SLOV>
    <SVIZ>55,480000</SVIZ>
    <BSP>55,480000</BSP>
    <MALT>3000,000000</MALT>
    <XAUS>55,480000</XAUS>
    <XFRA>55,480000</XFRA>
  </Prezzi>
  <Prezzi>
    <Data>20150322</Data>
    <Mercato>MGP</Mercato>
    <Ora>11</Ora>
    <PUN>54,048520</PUN>
    <NAT>54,110000</NAT>
    <CNOR>38,670000</CNOR>
    <CSUD>38,670000</CSUD>
    <NORD>67,000000</NORD>
    <SARD>38,670000</SARD>
    <SICI>38,670000</SICI>
    <SUD>38,670000</SUD>
    <AUST>67,000000</AUST>
    <BRNN>38,670000</BRNN>
    <COAC>38,670000</COAC>
    <CORS>38,670000</CORS>
    <FOGN>38,670000</FOGN>
    <FRAN>67,000000</FRAN>
    <GREC>38,670000</GREC>
    <MFTV>67,000000</MFTV>
    <PRGP>38,670000</PRGP>
    <ROSN>38,670000</ROSN>
    <SLOV>67,000000</SLOV>
    <SVIZ>67,000000</SVIZ>
    <BSP>67,000000</BSP>
    <MALT>3000,000000</MALT>
    <XAUS>67,000000</XAUS>
    <XFRA>67,000000</XFRA>
  </Prezzi>
  <Prezzi>
    <Data>20150322</Data>
    <Mercato>MGP</Mercato>
    <Ora>12</Ora>
    <PUN>54,114870</PUN>
    <NAT>52,480000</NAT>
    <CNOR>38,600000</CNOR>
    <CSUD>38,600000</CSUD>
    <NORD>67,000000</NORD>
    <SARD>38,600000</SARD>
    <SICI>38,600000</SICI>
    <SUD>38,600000</SUD>
    <AUST>67,000000</AUST>
    <BRNN>38,600000</BRNN>
    <COAC>38,600000</COAC>
    <CORS>38,600000</CORS>
    <FOGN>38,600000</FOGN>
    <FRAN>67,000000</FRAN>
    <GREC>38,600000</GREC>
    <MFTV>67,000000</MFTV>
    <PRGP>38,600000</PRGP>
    <ROSN>38,600000</ROSN>
    <SLOV>67,000000</SLOV>
    <SVIZ>67,000000</SVIZ>
    <BSP>67,000000</BSP>
    <MALT>3000,000000</MALT>
    <XAUS>67,000000</XAUS>
    <XFRA>67,000000</XFRA>
  </Prezzi>
  <Prezzi>
    <Data>20150322</Data>
    <Mercato>MGP</Mercato>
    <Ora>13</Ora>
    <PUN>54,356950</PUN>
    <NAT>53,160000</NAT>
    <CNOR>44,440000</CNOR>
    <CSUD>44,440000</CSUD>
    <NORD>63,300000</NORD>
    <SARD>44,440000</SARD>
    <SICI>44,440000</SICI>
    <SUD>44,440000</SUD>
    <AUST>63,300000</AUST>
    <BRNN>44,440000</BRNN>
    <COAC>44,440000</COAC>
    <CORS>44,440000</CORS>
    <FOGN>44,440000</FOGN>
    <FRAN>63,300000</FRAN>
    <GREC>44,440000</GREC>
    <MFTV>63,300000</MFTV>
    <PRGP>44,440000</PRGP>
    <ROSN>44,440000</ROSN>
    <SLOV>63,300000</SLOV>
    <SVIZ>63,300000</SVIZ>
    <BSP>63,300000</BSP>
    <MALT>3000,000000</MALT>
    <XAUS>63,300000</XAUS>
    <XFRA>63,300000</XFRA>
  </Prezzi>
  <Prezzi>
    <Data>20150322</Data>
    <Mercato>MGP</Mercato>
    <Ora>14</Ora>
    <PUN>48,955780</PUN>
    <NAT>50,600000</NAT>
    <CNOR>43,150000</CNOR>
    <CSUD>43,150000</CSUD>
    <NORD>54,180000</NORD>
    <SARD>43,150000</SARD>
    <SICI>43,150000</SICI>
    <SUD>43,150000</SUD>
    <AUST>54,180000</AUST>
    <BRNN>43,150000</BRNN>
    <COAC>43,150000</COAC>
    <CORS>43,150000</CORS>
    <FOGN>43,150000</FOGN>
    <FRAN>54,180000</FRAN>
    <GREC>43,150000</GREC>
    <MFTV>54,180000</MFTV>
    <PRGP>43,150000</PRGP>
    <ROSN>43,150000</ROSN>
    <SLOV>54,180000</SLOV>
    <SVIZ>54,180000</SVIZ>
    <BSP>54,180000</BSP>
    <MALT>3000,000000</MALT>
    <XAUS>54,180000</XAUS>
    <XFRA>54,180000</XFRA>
  </Prezzi>
  <Prezzi>
    <Data>20150322</Data>
    <Mercato>MGP</Mercato>
    <Ora>15</Ora>
    <PUN>51,407610</PUN>
    <NAT>52,210000</NAT>
    <CNOR>43,970000</CNOR>
    <CSUD>43,970000</CSUD>
    <NORD>56,120000</NORD>
    <SARD>43,970000</SARD>
    <SICI>59,990000</SICI>
    <SUD>43,970000</SUD>
    <AUST>56,120000</AUST>
    <BRNN>43,970000</BRNN>
    <COAC>43,970000</COAC>
    <CORS>43,970000</CORS>
    <FOGN>43,970000</FOGN>
    <FRAN>56,120000</FRAN>
    <GREC>43,970000</GREC>
    <MFTV>56,120000</MFTV>
    <PRGP>59,990000</PRGP>
    <ROSN>43,970000</ROSN>
    <SLOV>56,120000</SLOV>
    <SVIZ>56,120000</SVIZ>
    <BSP>56,120000</BSP>
    <MALT>3000,000000</MALT>
    <XAUS>56,120000</XAUS>
    <XFRA>56,120000</XFRA>
  </Prezzi>
  <Prezzi>
    <Data>20150322</Data>
    <Mercato>MGP</Mercato>
    <Ora>16</Ora>
    <PUN>50,474090</PUN>
    <NAT>50,740000</NAT>
    <CNOR>38,750000</CNOR>
    <CSUD>38,750000</CSUD>
    <NORD>57,460000</NORD>
    <SARD>38,750000</SARD>
    <SICI>65,480000</SICI>
    <SUD>38,750000</SUD>
    <AUST>57,460000</AUST>
    <BRNN>38,750000</BRNN>
    <COAC>38,750000</COAC>
    <CORS>38,750000</CORS>
    <FOGN>38,750000</FOGN>
    <FRAN>57,460000</FRAN>
    <GREC>38,750000</GREC>
    <MFTV>57,460000</MFTV>
    <PRGP>65,480000</PRGP>
    <ROSN>38,750000</ROSN>
    <SLOV>57,460000</SLOV>
    <SVIZ>57,460000</SVIZ>
    <BSP>57,460000</BSP>
    <MALT>3000,000000</MALT>
    <XAUS>57,460000</XAUS>
    <XFRA>57,460000</XFRA>
  </Prezzi>
  <Prezzi>
    <Data>20150322</Data>
    <Mercato>MGP</Mercato>
    <Ora>17</Ora>
    <PUN>49,419030</PUN>
    <NAT>50,640000</NAT>
    <CNOR>35,530000</CNOR>
    <CSUD>35,530000</CSUD>
    <NORD>57,470000</NORD>
    <SARD>35,530000</SARD>
    <SICI>65,680000</SICI>
    <SUD>35,530000</SUD>
    <AUST>57,470000</AUST>
    <BRNN>35,530000</BRNN>
    <COAC>35,530000</COAC>
    <CORS>35,530000</CORS>
    <FOGN>35,530000</FOGN>
    <FRAN>57,470000</FRAN>
    <GREC>35,530000</GREC>
    <MFTV>57,470000</MFTV>
    <PRGP>65,680000</PRGP>
    <ROSN>35,530000</ROSN>
    <SLOV>57,470000</SLOV>
    <SVIZ>57,470000</SVIZ>
    <BSP>57,470000</BSP>
    <MALT>3000,000000</MALT>
    <XAUS>57,470000</XAUS>
    <XFRA>57,470000</XFRA>
  </Prezzi>
  <Prezzi>
    <Data>20150322</Data>
    <Mercato>MGP</Mercato>
    <Ora>18</Ora>
    <PUN>51,215740</PUN>
    <NAT>50,600000</NAT>
    <CNOR>50,160000</CNOR>
    <CSUD>50,160000</CSUD>
    <NORD>50,370000</NORD>
    <SARD>50,160000</SARD>
    <SICI>65,680000</SICI>
    <SUD>50,160000</SUD>
    <AUST>50,370000</AUST>
    <BRNN>50,160000</BRNN>
    <COAC>50,160000</COAC>
    <CORS>50,160000</CORS>
    <FOGN>50,160000</FOGN>
    <FRAN>50,370000</FRAN>
    <GREC>50,160000</GREC>
    <MFTV>50,370000</MFTV>
    <PRGP>65,680000</PRGP>
    <ROSN>50,160000</ROSN>
    <SLOV>50,370000</SLOV>
    <SVIZ>50,370000</SVIZ>
    <BSP>50,370000</BSP>
    <MALT>3000,000000</MALT>
    <XAUS>50,370000</XAUS>
    <XFRA>50,370000</XFRA>
  </Prezzi>
  <Prezzi>
    <Data>20150322</Data>
    <Mercato>MGP</Mercato>
    <Ora>19</Ora>
    <PUN>56,990000</PUN>
    <NAT>59,790000</NAT>
    <CNOR>56,307930</CNOR>
    <CSUD>56,307930</CSUD>
    <NORD>56,307930</NORD>
    <SARD>56,307930</SARD>
    <SICI>67,560000</SICI>
    <SUD>56,307930</SUD>
    <AUST>56,307930</AUST>
    <BRNN>56,307930</BRNN>
    <COAC>56,307930</COAC>
    <CORS>56,307930</CORS>
    <FOGN>56,307930</FOGN>
    <FRAN>56,307930</FRAN>
    <GREC>56,307930</GREC>
    <MFTV>56,307930</MFTV>
    <PRGP>67,560000</PRGP>
    <ROSN>55,490000</ROSN>
    <SLOV>56,307930</SLOV>
    <SVIZ>56,307930</SVIZ>
    <BSP>56,307930</BSP>
    <MALT>3000,000000</MALT>
    <XAUS>56,307930</XAUS>
    <XFRA>56,307930</XFRA>
  </Prezzi>
  <Prezzi>
    <Data>20150322</Data>
    <Mercato>MGP</Mercato>
    <Ora>20</Ora>
    <PUN>66,082830</PUN>
    <NAT>66,570000</NAT>
    <CNOR>65,990000</CNOR>
    <CSUD>65,990000</CSUD>
    <NORD>65,990000</NORD>
    <SARD>65,990000</SARD>
    <SICI>67,560000</SICI>
    <SUD>65,990000</SUD>
    <AUST>65,990000</AUST>
    <BRNN>65,990000</BRNN>
    <COAC>65,990000</COAC>
    <CORS>65,990000</CORS>
    <FOGN>65,990000</FOGN>
    <FRAN>65,990000</FRAN>
    <GREC>65,990000</GREC>
    <MFTV>65,990000</MFTV>
    <PRGP>67,560000</PRGP>
    <ROSN>55,490000</ROSN>
    <SLOV>65,990000</SLOV>
    <SVIZ>65,990000</SVIZ>
    <BSP>65,990000</BSP>
    <MALT>3000,000000</MALT>
    <XAUS>65,990000</XAUS>
    <XFRA>65,990000</XFRA>
  </Prezzi>
  <Prezzi>
    <Data>20150322</Data>
    <Mercato>MGP</Mercato>
    <Ora>21</Ora>
    <PUN>54,816660</PUN>
    <NAT>54,900000</NAT>
    <CNOR>53,960000</CNOR>
    <CSUD>53,960000</CSUD>
    <NORD>53,960000</NORD>
    <SARD>53,960000</SARD>
    <SICI>67,560000</SICI>
    <SUD>53,960000</SUD>
    <AUST>53,960000</AUST>
    <BRNN>53,960000</BRNN>
    <COAC>53,960000</COAC>
    <CORS>53,960000</CORS>
    <FOGN>53,960000</FOGN>
    <FRAN>53,960000</FRAN>
    <GREC>53,960000</GREC>
    <MFTV>53,960000</MFTV>
    <PRGP>67,560000</PRGP>
    <ROSN>53,960000</ROSN>
    <SLOV>53,960000</SLOV>
    <SVIZ>53,960000</SVIZ>
    <BSP>53,960000</BSP>
    <MALT>3000,000000</MALT>
    <XAUS>53,960000</XAUS>
    <XFRA>53,960000</XFRA>
  </Prezzi>
  <Prezzi>
    <Data>20150322</Data>
    <Mercato>MGP</Mercato>
    <Ora>22</Ora>
    <PUN>50,900080</PUN>
    <NAT>50,770000</NAT>
    <CNOR>49,774230</CNOR>
    <CSUD>49,774230</CSUD>
    <NORD>49,774230</NORD>
    <SARD>49,774230</SARD>
    <SICI>67,560000</SICI>
    <SUD>49,774230</SUD>
    <AUST>49,774230</AUST>
    <BRNN>49,774230</BRNN>
    <COAC>49,774230</COAC>
    <CORS>49,774230</CORS>
    <FOGN>49,774230</FOGN>
    <FRAN>49,774230</FRAN>
    <GREC>49,774230</GREC>
    <MFTV>49,774230</MFTV>
    <PRGP>67,560000</PRGP>
    <ROSN>49,774230</ROSN>
    <SLOV>49,774230</SLOV>
    <SVIZ>49,774230</SVIZ>
    <BSP>49,774230</BSP>
    <MALT>3000,000000</MALT>
    <XAUS>49,774230</XAUS>
    <XFRA>49,774230</XFRA>
  </Prezzi>
  <Prezzi>
    <Data>20150322</Data>
    <Mercato>MGP</Mercato>
    <Ora>23</Ora>
    <PUN>50,146280</PUN>
    <NAT>50,210000</NAT>
    <CNOR>48,967880</CNOR>
    <CSUD>48,967880</CSUD>
    <NORD>48,967880</NORD>
    <SARD>48,967880</SARD>
    <SICI>67,560000</SICI>
    <SUD>48,967880</SUD>
    <AUST>48,967880</AUST>
    <BRNN>48,967880</BRNN>
    <COAC>48,967880</COAC>
    <CORS>48,967880</CORS>
    <FOGN>48,967880</FOGN>
    <FRAN>48,967880</FRAN>
    <GREC>48,967880</GREC>
    <MFTV>48,967880</MFTV>
    <PRGP>67,560000</PRGP>
    <ROSN>48,967880</ROSN>
    <SLOV>48,967880</SLOV>
    <SVIZ>48,967880</SVIZ>
    <BSP>48,967880</BSP>
    <MALT>3000,000000</MALT>
    <XAUS>48,967880</XAUS>
    <XFRA>48,967880</XFRA>
  </Prezzi>
  <Prezzi>
    <Data>20150322</Data>
    <Mercato>MGP</Mercato>
    <Ora>24</Ora>
    <PUN>49,175440</PUN>
    <NAT>50,180000</NAT>
    <CNOR>48,090000</CNOR>
    <CSUD>48,090000</CSUD>
    <NORD>48,090000</NORD>
    <SARD>48,090000</SARD>
    <SICI>65,680000</SICI>
    <SUD>48,090000</SUD>
    <AUST>48,090000</AUST>
    <BRNN>48,090000</BRNN>
    <COAC>48,090000</COAC>
    <CORS>48,090000</CORS>
    <FOGN>48,090000</FOGN>
    <FRAN>48,090000</FRAN>
    <GREC>48,090000</GREC>
    <MFTV>48,090000</MFTV>
    <PRGP>65,680000</PRGP>
    <ROSN>48,090000</ROSN>
    <SLOV>48,090000</SLOV>
    <SVIZ>48,090000</SVIZ>
    <BSP>48,090000</BSP>
    <MALT>3000,000000</MALT>
    <XAUS>48,090000</XAUS>
    <XFRA>48,090000</XFRA>
  </Prezzi>
</NewDataSet>