<?xml version="1.0" standalone="yes"?>
<NewDataSet>
  <xs:schema id="NewDataSet" xmlns="" xmlns:xs="http://www.w3.org/2001/XMLSchema" xmlns:msdata="urn:schemas-microsoft-com:xml-msdata">
    <xs:element name="NewDataSet" msdata:IsDataSet="true" msdata:UseCurrentLocale="true">
      <xs:complexType>
        <xs:choice minOccurs="0" maxOccurs="unbounded">
          <xs:element name="Prezzi">
            <xs:complexType>
              <xs:sequence>
                <xs:element name="Data" type="xs:string" minOccurs="0" />
                <xs:element name="Mercato" type="xs:string" minOccurs="0" />
                <xs:element name="Ora" type="xs:string" minOccurs="0" />
                <xs:element name="PUN" type="xs:string" minOccurs="0" />
                <xs:element name="NAT" type="xs:string" minOccurs="0" />
                <xs:element name="CNOR" type="xs:string" minOccurs="0" />
                <xs:element name="CSUD" type="xs:string" minOccurs="0" />
                <xs:element name="NORD" type="xs:string" minOccurs="0" />
                <xs:element name="SARD" type="xs:string" minOccurs="0" />
                <xs:element name="SICI" type="xs:string" minOccurs="0" />
                <xs:element name="SUD" type="xs:string" minOccurs="0" />
                <xs:element name="AUST" type="xs:string" minOccurs="0" />
                <xs:element name="BRNN" type="xs:string" minOccurs="0" />
                <xs:element name="COAC" type="xs:string" minOccurs="0" />
                <xs:element name="CORS" type="xs:string" minOccurs="0" />
                <xs:element name="FOGN" type="xs:string" minOccurs="0" />
                <xs:element name="FRAN" type="xs:string" minOccurs="0" />
                <xs:element name="GREC" type="xs:string" minOccurs="0" />
                <xs:element name="MFTV" type="xs:string" minOccurs="0" />
                <xs:element name="PRGP" type="xs:string" minOccurs="0" />
                <xs:element name="ROSN" type="xs:string" minOccurs="0" />
                <xs:element name="SLOV" type="xs:string" minOccurs="0" />
                <xs:element name="SVIZ" type="xs:string" minOccurs="0" />
                <xs:element name="BSP" type="xs:string" minOccurs="0" />
                <xs:element name="MALT" type="xs:string" minOccurs="0" />
                <xs:element name="XAUS" type="xs:string" minOccurs="0" />
                <xs:element name="XFRA" type="xs:string" minOccurs="0" />
              </xs:sequence>
            </xs:complexType>
          </xs:element>
        </xs:choice>
      </xs:complexType>
    </xs:element>
  </xs:schema>
  <Prezzi>
    <Data>20150303</Data>
    <Mercato>MGP</Mercato>
    <Ora>1</Ora>
    <PUN>49,663370</PUN>
    <NAT>46,190000</NAT>
    <CNOR>51,794230</CNOR>
    <CSUD>45,530000</CSUD>
    <NORD>51,794230</NORD>
    <SARD>45,530000</SARD>
    <SICI>45,530000</SICI>
    <SUD>45,530000</SUD>
    <AUST>51,794230</AUST>
    <BRNN>45,530000</BRNN>
    <COAC>45,530000</COAC>
    <CORS>51,794230</CORS>
    <FOGN>45,530000</FOGN>
    <FRAN>51,794230</FRAN>
    <GREC>45,530000</GREC>
    <MFTV>51,794230</MFTV>
    <PRGP>45,530000</PRGP>
    <ROSN>45,530000</ROSN>
    <SLOV>51,794230</SLOV>
    <SVIZ>51,794230</SVIZ>
    <BSP>51,794230</BSP>
    <MALT>3000,000000</MALT>
    <XAUS>51,794230</XAUS>
    <XFRA>51,794230</XFRA>
  </Prezzi>
  <Prezzi>
    <Data>20150303</Data>
    <Mercato>MGP</Mercato>
    <Ora>2</Ora>
    <PUN>47,561630</PUN>
    <NAT>45,640000</NAT>
    <CNOR>49,341860</CNOR>
    <CSUD>45,530000</CSUD>
    <NORD>49,341860</NORD>
    <SARD>45,530000</SARD>
    <SICI>36,990000</SICI>
    <SUD>45,530000</SUD>
    <AUST>49,341860</AUST>
    <BRNN>45,530000</BRNN>
    <COAC>45,530000</COAC>
    <CORS>49,341860</CORS>
    <FOGN>45,530000</FOGN>
    <FRAN>49,341860</FRAN>
    <GREC>45,530000</GREC>
    <MFTV>49,341860</MFTV>
    <PRGP>36,990000</PRGP>
    <ROSN>45,530000</ROSN>
    <SLOV>49,341860</SLOV>
    <SVIZ>49,341860</SVIZ>
    <BSP>49,341860</BSP>
    <MALT>3000,000000</MALT>
    <XAUS>49,341860</XAUS>
    <XFRA>49,341860</XFRA>
  </Prezzi>
  <Prezzi>
    <Data>20150303</Data>
    <Mercato>MGP</Mercato>
    <Ora>3</Ora>
    <PUN>45,033780</PUN>
    <NAT>45,640000</NAT>
    <CNOR>46,160000</CNOR>
    <CSUD>45,640000</CSUD>
    <NORD>46,160000</NORD>
    <SARD>45,640000</SARD>
    <SICI>28,170000</SICI>
    <SUD>45,640000</SUD>
    <AUST>46,160000</AUST>
    <BRNN>45,640000</BRNN>
    <COAC>45,640000</COAC>
    <CORS>46,160000</CORS>
    <FOGN>45,640000</FOGN>
    <FRAN>46,160000</FRAN>
    <GREC>45,640000</GREC>
    <MFTV>46,160000</MFTV>
    <PRGP>28,170000</PRGP>
    <ROSN>45,640000</ROSN>
    <SLOV>46,160000</SLOV>
    <SVIZ>46,160000</SVIZ>
    <BSP>46,160000</BSP>
    <MALT>3000,000000</MALT>
    <XAUS>46,160000</XAUS>
    <XFRA>46,160000</XFRA>
  </Prezzi>
  <Prezzi>
    <Data>20150303</Data>
    <Mercato>MGP</Mercato>
    <Ora>4</Ora>
    <PUN>42,440000</PUN>
    <NAT>42,920000</NAT>
    <CNOR>43,228130</CNOR>
    <CSUD>43,228130</CSUD>
    <NORD>43,228130</NORD>
    <SARD>43,228130</SARD>
    <SICI>28,170000</SICI>
    <SUD>43,228130</SUD>
    <AUST>43,228130</AUST>
    <BRNN>43,228130</BRNN>
    <COAC>43,228130</COAC>
    <CORS>43,228130</CORS>
    <FOGN>43,228130</FOGN>
    <FRAN>43,228130</FRAN>
    <GREC>43,228130</GREC>
    <MFTV>43,228130</MFTV>
    <PRGP>28,170000</PRGP>
    <ROSN>43,228130</ROSN>
    <SLOV>43,228130</SLOV>
    <SVIZ>43,228130</SVIZ>
    <BSP>43,228130</BSP>
    <MALT>3000,000000</MALT>
    <XAUS>43,228130</XAUS>
    <XFRA>43,228130</XFRA>
  </Prezzi>
  <Prezzi>
    <Data>20150303</Data>
    <Mercato>MGP</Mercato>
    <Ora>5</Ora>
    <PUN>41,290000</PUN>
    <NAT>41,310000</NAT>
    <CNOR>42,021830</CNOR>
    <CSUD>42,021830</CSUD>
    <NORD>42,021830</NORD>
    <SARD>42,021830</SARD>
    <SICI>28,170000</SICI>
    <SUD>42,021830</SUD>
    <AUST>42,021830</AUST>
    <BRNN>42,021830</BRNN>
    <COAC>42,021830</COAC>
    <CORS>42,021830</CORS>
    <FOGN>42,021830</FOGN>
    <FRAN>42,021830</FRAN>
    <GREC>42,021830</GREC>
    <MFTV>42,021830</MFTV>
    <PRGP>28,170000</PRGP>
    <ROSN>42,021830</ROSN>
    <SLOV>42,021830</SLOV>
    <SVIZ>42,021830</SVIZ>
    <BSP>42,021830</BSP>
    <MALT>3000,000000</MALT>
    <XAUS>42,021830</XAUS>
    <XFRA>42,021830</XFRA>
  </Prezzi>
  <Prezzi>
    <Data>20150303</Data>
    <Mercato>MGP</Mercato>
    <Ora>6</Ora>
    <PUN>44,921620</PUN>
    <NAT>45,000000</NAT>
    <CNOR>45,530000</CNOR>
    <CSUD>45,530000</CSUD>
    <NORD>45,530000</NORD>
    <SARD>45,530000</SARD>
    <SICI>33,990000</SICI>
    <SUD>45,530000</SUD>
    <AUST>45,530000</AUST>
    <BRNN>45,530000</BRNN>
    <COAC>45,530000</COAC>
    <CORS>45,530000</CORS>
    <FOGN>45,530000</FOGN>
    <FRAN>45,530000</FRAN>
    <GREC>45,530000</GREC>
    <MFTV>45,530000</MFTV>
    <PRGP>33,990000</PRGP>
    <ROSN>45,530000</ROSN>
    <SLOV>45,530000</SLOV>
    <SVIZ>45,530000</SVIZ>
    <BSP>45,530000</BSP>
    <MALT>3000,000000</MALT>
    <XAUS>45,530000</XAUS>
    <XFRA>45,530000</XFRA>
  </Prezzi>
  <Prezzi>
    <Data>20150303</Data>
    <Mercato>MGP</Mercato>
    <Ora>7</Ora>
    <PUN>55,480000</PUN>
    <NAT>55,480000</NAT>
    <CNOR>55,480000</CNOR>
    <CSUD>55,480000</CSUD>
    <NORD>55,480000</NORD>
    <SARD>55,480000</SARD>
    <SICI>55,480000</SICI>
    <SUD>55,480000</SUD>
    <AUST>55,480000</AUST>
    <BRNN>55,480000</BRNN>
    <COAC>55,480000</COAC>
    <CORS>55,480000</CORS>
    <FOGN>55,480000</FOGN>
    <FRAN>55,480000</FRAN>
    <GREC>55,480000</GREC>
    <MFTV>55,480000</MFTV>
    <PRGP>55,480000</PRGP>
    <ROSN>55,480000</ROSN>
    <SLOV>55,480000</SLOV>
    <SVIZ>55,480000</SVIZ>
    <BSP>55,480000</BSP>
    <MALT>3000,000000</MALT>
    <XAUS>55,480000</XAUS>
    <XFRA>55,480000</XFRA>
  </Prezzi>
  <Prezzi>
    <Data>20150303</Data>
    <Mercato>MGP</Mercato>
    <Ora>8</Ora>
    <PUN>60,000000</PUN>
    <NAT>59,940000</NAT>
    <CNOR>59,705120</CNOR>
    <CSUD>59,705120</CSUD>
    <NORD>59,705120</NORD>
    <SARD>59,705120</SARD>
    <SICI>65,510000</SICI>
    <SUD>59,705120</SUD>
    <AUST>59,705120</AUST>
    <BRNN>59,705120</BRNN>
    <COAC>59,705120</COAC>
    <CORS>59,705120</CORS>
    <FOGN>59,705120</FOGN>
    <FRAN>59,705120</FRAN>
    <GREC>59,705120</GREC>
    <MFTV>59,705120</MFTV>
    <PRGP>65,510000</PRGP>
    <ROSN>59,705120</ROSN>
    <SLOV>59,705120</SLOV>
    <SVIZ>59,705120</SVIZ>
    <BSP>59,705120</BSP>
    <MALT>3000,000000</MALT>
    <XAUS>59,705120</XAUS>
    <XFRA>59,705120</XFRA>
  </Prezzi>
  <Prezzi>
    <Data>20150303</Data>
    <Mercato>MGP</Mercato>
    <Ora>9</Ora>
    <PUN>66,867190</PUN>
    <NAT>65,510000</NAT>
    <CNOR>68,340000</CNOR>
    <CSUD>68,340000</CSUD>
    <NORD>68,340000</NORD>
    <SARD>68,340000</SARD>
    <SICI>65,510000</SICI>
    <SUD>54,300000</SUD>
    <AUST>68,340000</AUST>
    <BRNN>54,300000</BRNN>
    <COAC>68,340000</COAC>
    <CORS>68,340000</CORS>
    <FOGN>54,300000</FOGN>
    <FRAN>68,340000</FRAN>
    <GREC>54,300000</GREC>
    <MFTV>68,340000</MFTV>
    <PRGP>65,510000</PRGP>
    <ROSN>54,300000</ROSN>
    <SLOV>68,340000</SLOV>
    <SVIZ>68,340000</SVIZ>
    <BSP>68,340000</BSP>
    <MALT>3000,000000</MALT>
    <XAUS>68,340000</XAUS>
    <XFRA>68,340000</XFRA>
  </Prezzi>
  <Prezzi>
    <Data>20150303</Data>
    <Mercato>MGP</Mercato>
    <Ora>10</Ora>
    <PUN>65,880170</PUN>
    <NAT>63,240000</NAT>
    <CNOR>66,960000</CNOR>
    <CSUD>66,960000</CSUD>
    <NORD>66,960000</NORD>
    <SARD>66,960000</SARD>
    <SICI>65,150000</SICI>
    <SUD>56,180000</SUD>
    <AUST>66,960000</AUST>
    <BRNN>56,180000</BRNN>
    <COAC>66,960000</COAC>
    <CORS>66,960000</CORS>
    <FOGN>56,180000</FOGN>
    <FRAN>66,960000</FRAN>
    <GREC>56,180000</GREC>
    <MFTV>66,960000</MFTV>
    <PRGP>65,150000</PRGP>
    <ROSN>56,180000</ROSN>
    <SLOV>66,960000</SLOV>
    <SVIZ>66,960000</SVIZ>
    <BSP>66,960000</BSP>
    <MALT>3000,000000</MALT>
    <XAUS>66,960000</XAUS>
    <XFRA>66,960000</XFRA>
  </Prezzi>
  <Prezzi>
    <Data>20150303</Data>
    <Mercato>MGP</Mercato>
    <Ora>11</Ora>
    <PUN>56,572470</PUN>
    <NAT>56,540000</NAT>
    <CNOR>58,140000</CNOR>
    <CSUD>58,140000</CSUD>
    <NORD>58,140000</NORD>
    <SARD>58,140000</SARD>
    <SICI>46,990000</SICI>
    <SUD>46,990000</SUD>
    <AUST>58,140000</AUST>
    <BRNN>46,990000</BRNN>
    <COAC>58,140000</COAC>
    <CORS>58,140000</CORS>
    <FOGN>46,990000</FOGN>
    <FRAN>58,140000</FRAN>
    <GREC>46,990000</GREC>
    <MFTV>58,140000</MFTV>
    <PRGP>46,990000</PRGP>
    <ROSN>46,990000</ROSN>
    <SLOV>58,140000</SLOV>
    <SVIZ>58,140000</SVIZ>
    <BSP>58,140000</BSP>
    <MALT>3000,000000</MALT>
    <XAUS>58,140000</XAUS>
    <XFRA>58,140000</XFRA>
  </Prezzi>
  <Prezzi>
    <Data>20150303</Data>
    <Mercato>MGP</Mercato>
    <Ora>12</Ora>
    <PUN>53,370430</PUN>
    <NAT>55,990000</NAT>
    <CNOR>50,020000</CNOR>
    <CSUD>50,020000</CSUD>
    <NORD>57,850000</NORD>
    <SARD>50,020000</SARD>
    <SICI>40,680000</SICI>
    <SUD>40,680000</SUD>
    <AUST>57,850000</AUST>
    <BRNN>40,680000</BRNN>
    <COAC>50,020000</COAC>
    <CORS>50,020000</CORS>
    <FOGN>40,680000</FOGN>
    <FRAN>57,850000</FRAN>
    <GREC>40,680000</GREC>
    <MFTV>57,850000</MFTV>
    <PRGP>40,680000</PRGP>
    <ROSN>40,680000</ROSN>
    <SLOV>57,850000</SLOV>
    <SVIZ>57,850000</SVIZ>
    <BSP>57,850000</BSP>
    <MALT>3000,000000</MALT>
    <XAUS>57,850000</XAUS>
    <XFRA>57,850000</XFRA>
  </Prezzi>
  <Prezzi>
    <Data>20150303</Data>
    <Mercato>MGP</Mercato>
    <Ora>13</Ora>
    <PUN>49,869420</PUN>
    <NAT>51,180000</NAT>
    <CNOR>47,030000</CNOR>
    <CSUD>47,030000</CSUD>
    <NORD>53,980000</NORD>
    <SARD>47,030000</SARD>
    <SICI>39,120000</SICI>
    <SUD>39,120000</SUD>
    <AUST>53,980000</AUST>
    <BRNN>39,120000</BRNN>
    <COAC>47,030000</COAC>
    <CORS>47,030000</CORS>
    <FOGN>39,120000</FOGN>
    <FRAN>53,980000</FRAN>
    <GREC>39,120000</GREC>
    <MFTV>53,980000</MFTV>
    <PRGP>39,120000</PRGP>
    <ROSN>39,120000</ROSN>
    <SLOV>53,980000</SLOV>
    <SVIZ>53,980000</SVIZ>
    <BSP>53,980000</BSP>
    <MALT>3000,000000</MALT>
    <XAUS>53,980000</XAUS>
    <XFRA>53,980000</XFRA>
  </Prezzi>
  <Prezzi>
    <Data>20150303</Data>
    <Mercato>MGP</Mercato>
    <Ora>14</Ora>
    <PUN>47,883380</PUN>
    <NAT>50,430000</NAT>
    <CNOR>42,010000</CNOR>
    <CSUD>42,010000</CSUD>
    <NORD>53,310000</NORD>
    <SARD>42,010000</SARD>
    <SICI>28,170000</SICI>
    <SUD>41,000000</SUD>
    <AUST>53,310000</AUST>
    <BRNN>41,000000</BRNN>
    <COAC>42,010000</COAC>
    <CORS>42,010000</CORS>
    <FOGN>41,000000</FOGN>
    <FRAN>53,310000</FRAN>
    <GREC>41,000000</GREC>
    <MFTV>53,310000</MFTV>
    <PRGP>28,170000</PRGP>
    <ROSN>41,000000</ROSN>
    <SLOV>53,310000</SLOV>
    <SVIZ>53,310000</SVIZ>
    <BSP>53,310000</BSP>
    <MALT>3000,000000</MALT>
    <XAUS>53,310000</XAUS>
    <XFRA>53,310000</XFRA>
  </Prezzi>
  <Prezzi>
    <Data>20150303</Data>
    <Mercato>MGP</Mercato>
    <Ora>15</Ora>
    <PUN>54,568510</PUN>
    <NAT>54,050000</NAT>
    <CNOR>55,820000</CNOR>
    <CSUD>55,820000</CSUD>
    <NORD>55,820000</NORD>
    <SARD>55,820000</SARD>
    <SICI>46,960000</SICI>
    <SUD>46,960000</SUD>
    <AUST>55,820000</AUST>
    <BRNN>46,960000</BRNN>
    <COAC>55,820000</COAC>
    <CORS>55,820000</CORS>
    <FOGN>46,960000</FOGN>
    <FRAN>55,820000</FRAN>
    <GREC>46,960000</GREC>
    <MFTV>55,820000</MFTV>
    <PRGP>46,960000</PRGP>
    <ROSN>46,960000</ROSN>
    <SLOV>55,820000</SLOV>
    <SVIZ>55,820000</SVIZ>
    <BSP>55,820000</BSP>
    <MALT>3000,000000</MALT>
    <XAUS>55,820000</XAUS>
    <XFRA>55,820000</XFRA>
  </Prezzi>
  <Prezzi>
    <Data>20150303</Data>
    <Mercato>MGP</Mercato>
    <Ora>16</Ora>
    <PUN>56,774730</PUN>
    <NAT>56,540000</NAT>
    <CNOR>57,420000</CNOR>
    <CSUD>57,420000</CSUD>
    <NORD>57,420000</NORD>
    <SARD>57,420000</SARD>
    <SICI>52,810000</SICI>
    <SUD>52,810000</SUD>
    <AUST>57,420000</AUST>
    <BRNN>52,810000</BRNN>
    <COAC>57,420000</COAC>
    <CORS>57,420000</CORS>
    <FOGN>52,810000</FOGN>
    <FRAN>57,420000</FRAN>
    <GREC>52,810000</GREC>
    <MFTV>57,420000</MFTV>
    <PRGP>52,810000</PRGP>
    <ROSN>52,810000</ROSN>
    <SLOV>57,420000</SLOV>
    <SVIZ>57,420000</SVIZ>
    <BSP>57,420000</BSP>
    <MALT>3000,000000</MALT>
    <XAUS>57,420000</XAUS>
    <XFRA>57,420000</XFRA>
  </Prezzi>
  <Prezzi>
    <Data>20150303</Data>
    <Mercato>MGP</Mercato>
    <Ora>17</Ora>
    <PUN>61,993070</PUN>
    <NAT>62,640000</NAT>
    <CNOR>61,810000</CNOR>
    <CSUD>61,810000</CSUD>
    <NORD>61,810000</NORD>
    <SARD>61,810000</SARD>
    <SICI>65,510000</SICI>
    <SUD>61,810000</SUD>
    <AUST>61,810000</AUST>
    <BRNN>61,810000</BRNN>
    <COAC>61,810000</COAC>
    <CORS>61,810000</CORS>
    <FOGN>61,810000</FOGN>
    <FRAN>61,810000</FRAN>
    <GREC>61,810000</GREC>
    <MFTV>61,810000</MFTV>
    <PRGP>65,510000</PRGP>
    <ROSN>61,810000</ROSN>
    <SLOV>61,810000</SLOV>
    <SVIZ>61,810000</SVIZ>
    <BSP>61,810000</BSP>
    <MALT>3000,000000</MALT>
    <XAUS>61,810000</XAUS>
    <XFRA>61,810000</XFRA>
  </Prezzi>
  <Prezzi>
    <Data>20150303</Data>
    <Mercato>MGP</Mercato>
    <Ora>18</Ora>
    <PUN>65,150450</PUN>
    <NAT>65,680000</NAT>
    <CNOR>65,120000</CNOR>
    <CSUD>65,120000</CSUD>
    <NORD>65,120000</NORD>
    <SARD>65,120000</SARD>
    <SICI>65,700000</SICI>
    <SUD>65,120000</SUD>
    <AUST>65,120000</AUST>
    <BRNN>65,120000</BRNN>
    <COAC>65,120000</COAC>
    <CORS>65,120000</CORS>
    <FOGN>65,120000</FOGN>
    <FRAN>65,120000</FRAN>
    <GREC>65,120000</GREC>
    <MFTV>65,120000</MFTV>
    <PRGP>65,700000</PRGP>
    <ROSN>65,120000</ROSN>
    <SLOV>65,120000</SLOV>
    <SVIZ>65,120000</SVIZ>
    <BSP>65,120000</BSP>
    <MALT>3000,000000</MALT>
    <XAUS>65,120000</XAUS>
    <XFRA>65,120000</XFRA>
  </Prezzi>
  <Prezzi>
    <Data>20150303</Data>
    <Mercato>MGP</Mercato>
    <Ora>19</Ora>
    <PUN>79,000000</PUN>
    <NAT>79,520000</NAT>
    <CNOR>79,699590</CNOR>
    <CSUD>79,699590</CSUD>
    <NORD>79,699590</NORD>
    <SARD>79,699590</SARD>
    <SICI>67,590000</SICI>
    <SUD>79,699590</SUD>
    <AUST>79,699590</AUST>
    <BRNN>79,699590</BRNN>
    <COAC>79,699590</COAC>
    <CORS>79,699590</CORS>
    <FOGN>79,699590</FOGN>
    <FRAN>79,699590</FRAN>
    <GREC>79,699590</GREC>
    <MFTV>79,699590</MFTV>
    <PRGP>67,590000</PRGP>
    <ROSN>67,590000</ROSN>
    <SLOV>79,699590</SLOV>
    <SVIZ>79,699590</SVIZ>
    <BSP>79,699590</BSP>
    <MALT>3000,000000</MALT>
    <XAUS>79,699590</XAUS>
    <XFRA>79,699590</XFRA>
  </Prezzi>
  <Prezzi>
    <Data>20150303</Data>
    <Mercato>MGP</Mercato>
    <Ora>20</Ora>
    <PUN>74,806480</PUN>
    <NAT>75,000000</NAT>
    <CNOR>75,260000</CNOR>
    <CSUD>75,260000</CSUD>
    <NORD>75,260000</NORD>
    <SARD>75,260000</SARD>
    <SICI>67,590000</SICI>
    <SUD>75,260000</SUD>
    <AUST>75,260000</AUST>
    <BRNN>75,260000</BRNN>
    <COAC>75,260000</COAC>
    <CORS>75,260000</CORS>
    <FOGN>75,260000</FOGN>
    <FRAN>75,260000</FRAN>
    <GREC>75,260000</GREC>
    <MFTV>75,260000</MFTV>
    <PRGP>67,590000</PRGP>
    <ROSN>67,590000</ROSN>
    <SLOV>75,260000</SLOV>
    <SVIZ>75,260000</SVIZ>
    <BSP>75,260000</BSP>
    <MALT>3000,000000</MALT>
    <XAUS>75,260000</XAUS>
    <XFRA>75,260000</XFRA>
  </Prezzi>
  <Prezzi>
    <Data>20150303</Data>
    <Mercato>MGP</Mercato>
    <Ora>21</Ora>
    <PUN>64,076770</PUN>
    <NAT>64,430000</NAT>
    <CNOR>63,840000</CNOR>
    <CSUD>63,840000</CSUD>
    <NORD>63,840000</NORD>
    <SARD>63,840000</SARD>
    <SICI>67,590000</SICI>
    <SUD>63,840000</SUD>
    <AUST>63,840000</AUST>
    <BRNN>63,840000</BRNN>
    <COAC>63,840000</COAC>
    <CORS>63,840000</CORS>
    <FOGN>63,840000</FOGN>
    <FRAN>63,840000</FRAN>
    <GREC>63,840000</GREC>
    <MFTV>63,840000</MFTV>
    <PRGP>67,590000</PRGP>
    <ROSN>63,840000</ROSN>
    <SLOV>63,840000</SLOV>
    <SVIZ>63,840000</SVIZ>
    <BSP>63,840000</BSP>
    <MALT>3000,000000</MALT>
    <XAUS>63,840000</XAUS>
    <XFRA>63,840000</XFRA>
  </Prezzi>
  <Prezzi>
    <Data>20150303</Data>
    <Mercato>MGP</Mercato>
    <Ora>22</Ora>
    <PUN>58,722280</PUN>
    <NAT>64,410000</NAT>
    <CNOR>58,130000</CNOR>
    <CSUD>58,130000</CSUD>
    <NORD>58,130000</NORD>
    <SARD>58,130000</SARD>
    <SICI>67,590000</SICI>
    <SUD>58,130000</SUD>
    <AUST>58,130000</AUST>
    <BRNN>58,130000</BRNN>
    <COAC>58,130000</COAC>
    <CORS>58,130000</CORS>
    <FOGN>58,130000</FOGN>
    <FRAN>58,130000</FRAN>
    <GREC>58,130000</GREC>
    <MFTV>58,130000</MFTV>
    <PRGP>67,590000</PRGP>
    <ROSN>58,130000</ROSN>
    <SLOV>58,130000</SLOV>
    <SVIZ>58,130000</SVIZ>
    <BSP>58,130000</BSP>
    <MALT>3000,000000</MALT>
    <XAUS>58,130000</XAUS>
    <XFRA>58,130000</XFRA>
  </Prezzi>
  <Prezzi>
    <Data>20150303</Data>
    <Mercato>MGP</Mercato>
    <Ora>23</Ora>
    <PUN>58,135300</PUN>
    <NAT>59,010000</NAT>
    <CNOR>57,500000</CNOR>
    <CSUD>57,500000</CSUD>
    <NORD>57,500000</NORD>
    <SARD>57,500000</SARD>
    <SICI>67,590000</SICI>
    <SUD>57,500000</SUD>
    <AUST>57,500000</AUST>
    <BRNN>57,500000</BRNN>
    <COAC>57,500000</COAC>
    <CORS>57,500000</CORS>
    <FOGN>57,500000</FOGN>
    <FRAN>57,500000</FRAN>
    <GREC>57,500000</GREC>
    <MFTV>57,500000</MFTV>
    <PRGP>67,590000</PRGP>
    <ROSN>57,500000</ROSN>
    <SLOV>57,500000</SLOV>
    <SVIZ>57,500000</SVIZ>
    <BSP>57,500000</BSP>
    <MALT>3000,000000</MALT>
    <XAUS>57,500000</XAUS>
    <XFRA>57,500000</XFRA>
  </Prezzi>
  <Prezzi>
    <Data>20150303</Data>
    <Mercato>MGP</Mercato>
    <Ora>24</Ora>
    <PUN>58,297810</PUN>
    <NAT>59,790000</NAT>
    <CNOR>57,850000</CNOR>
    <CSUD>57,850000</CSUD>
    <NORD>57,850000</NORD>
    <SARD>57,850000</SARD>
    <SICI>65,510000</SICI>
    <SUD>57,850000</SUD>
    <AUST>57,850000</AUST>
    <BRNN>57,850000</BRNN>
    <COAC>57,850000</COAC>
    <CORS>57,850000</CORS>
    <FOGN>57,850000</FOGN>
    <FRAN>57,850000</FRAN>
    <GREC>57,850000</GREC>
    <MFTV>57,850000</MFTV>
    <PRGP>65,510000</PRGP>
    <ROSN>57,850000</ROSN>
    <SLOV>57,850000</SLOV>
    <SVIZ>57,850000</SVIZ>
    <BSP>57,850000</BSP>
    <MALT>3000,000000</MALT>
    <XAUS>57,850000</XAUS>
    <XFRA>57,850000</XFRA>
  </Prezzi>
</NewDataSet>