<?xml version="1.0" standalone="yes"?>
<NewDataSet>
  <xs:schema id="NewDataSet" xmlns="" xmlns:xs="http://www.w3.org/2001/XMLSchema" xmlns:msdata="urn:schemas-microsoft-com:xml-msdata">
    <xs:element name="NewDataSet" msdata:IsDataSet="true" msdata:UseCurrentLocale="true">
      <xs:complexType>
        <xs:choice minOccurs="0" maxOccurs="unbounded">
          <xs:element name="Prezzi">
            <xs:complexType>
              <xs:sequence>
                <xs:element name="Data" type="xs:string" minOccurs="0" />
                <xs:element name="Mercato" type="xs:string" minOccurs="0" />
                <xs:element name="Ora" type="xs:string" minOccurs="0" />
                <xs:element name="PUN" type="xs:string" minOccurs="0" />
                <xs:element name="NAT" type="xs:string" minOccurs="0" />
                <xs:element name="CNOR" type="xs:string" minOccurs="0" />
                <xs:element name="CSUD" type="xs:string" minOccurs="0" />
                <xs:element name="NORD" type="xs:string" minOccurs="0" />
                <xs:element name="SARD" type="xs:string" minOccurs="0" />
                <xs:element name="SICI" type="xs:string" minOccurs="0" />
                <xs:element name="SUD" type="xs:string" minOccurs="0" />
                <xs:element name="AUST" type="xs:string" minOccurs="0" />
                <xs:element name="BRNN" type="xs:string" minOccurs="0" />
                <xs:element name="COAC" type="xs:string" minOccurs="0" />
                <xs:element name="CORS" type="xs:string" minOccurs="0" />
                <xs:element name="FOGN" type="xs:string" minOccurs="0" />
                <xs:element name="FRAN" type="xs:string" minOccurs="0" />
                <xs:element name="GREC" type="xs:string" minOccurs="0" />
                <xs:element name="MFTV" type="xs:string" minOccurs="0" />
                <xs:element name="PRGP" type="xs:string" minOccurs="0" />
                <xs:element name="ROSN" type="xs:string" minOccurs="0" />
                <xs:element name="SLOV" type="xs:string" minOccurs="0" />
                <xs:element name="SVIZ" type="xs:string" minOccurs="0" />
                <xs:element name="BSP" type="xs:string" minOccurs="0" />
                <xs:element name="MALT" type="xs:string" minOccurs="0" />
                <xs:element name="XAUS" type="xs:string" minOccurs="0" />
                <xs:element name="XFRA" type="xs:string" minOccurs="0" />
              </xs:sequence>
            </xs:complexType>
          </xs:element>
        </xs:choice>
      </xs:complexType>
    </xs:element>
  </xs:schema>
  <Prezzi>
    <Data>20150307</Data>
    <Mercato>MGP</Mercato>
    <Ora>1</Ora>
    <PUN>44,719960</PUN>
    <NAT>43,500000</NAT>
    <CNOR>42,990000</CNOR>
    <CSUD>41,430000</CSUD>
    <NORD>47,100000</NORD>
    <SARD>41,430000</SARD>
    <SICI>41,430000</SICI>
    <SUD>41,430000</SUD>
    <AUST>47,100000</AUST>
    <BRNN>41,430000</BRNN>
    <COAC>41,430000</COAC>
    <CORS>42,990000</CORS>
    <FOGN>41,430000</FOGN>
    <FRAN>47,100000</FRAN>
    <GREC>41,430000</GREC>
    <MFTV>47,100000</MFTV>
    <PRGP>41,430000</PRGP>
    <ROSN>41,430000</ROSN>
    <SLOV>47,100000</SLOV>
    <SVIZ>47,100000</SVIZ>
    <BSP>47,100000</BSP>
    <MALT>3000,000000</MALT>
    <XAUS>47,100000</XAUS>
    <XFRA>47,100000</XFRA>
  </Prezzi>
  <Prezzi>
    <Data>20150307</Data>
    <Mercato>MGP</Mercato>
    <Ora>2</Ora>
    <PUN>41,318660</PUN>
    <NAT>41,000000</NAT>
    <CNOR>43,760000</CNOR>
    <CSUD>36,950000</CSUD>
    <NORD>43,760000</NORD>
    <SARD>36,950000</SARD>
    <SICI>35,000000</SICI>
    <SUD>36,950000</SUD>
    <AUST>43,760000</AUST>
    <BRNN>36,950000</BRNN>
    <COAC>36,950000</COAC>
    <CORS>43,760000</CORS>
    <FOGN>36,950000</FOGN>
    <FRAN>43,760000</FRAN>
    <GREC>36,950000</GREC>
    <MFTV>43,760000</MFTV>
    <PRGP>35,000000</PRGP>
    <ROSN>36,950000</ROSN>
    <SLOV>43,760000</SLOV>
    <SVIZ>43,760000</SVIZ>
    <BSP>43,760000</BSP>
    <MALT>3000,000000</MALT>
    <XAUS>43,760000</XAUS>
    <XFRA>43,760000</XFRA>
  </Prezzi>
  <Prezzi>
    <Data>20150307</Data>
    <Mercato>MGP</Mercato>
    <Ora>3</Ora>
    <PUN>39,080800</PUN>
    <NAT>37,420000</NAT>
    <CNOR>41,364860</CNOR>
    <CSUD>34,630000</CSUD>
    <NORD>41,364860</NORD>
    <SARD>34,630000</SARD>
    <SICI>34,630000</SICI>
    <SUD>34,630000</SUD>
    <AUST>41,364860</AUST>
    <BRNN>34,630000</BRNN>
    <COAC>34,630000</COAC>
    <CORS>41,364860</CORS>
    <FOGN>34,630000</FOGN>
    <FRAN>41,364860</FRAN>
    <GREC>34,630000</GREC>
    <MFTV>41,364860</MFTV>
    <PRGP>34,630000</PRGP>
    <ROSN>34,630000</ROSN>
    <SLOV>41,364860</SLOV>
    <SVIZ>41,364860</SVIZ>
    <BSP>41,364860</BSP>
    <MALT>3000,000000</MALT>
    <XAUS>41,364860</XAUS>
    <XFRA>41,364860</XFRA>
  </Prezzi>
  <Prezzi>
    <Data>20150307</Data>
    <Mercato>MGP</Mercato>
    <Ora>4</Ora>
    <PUN>33,775050</PUN>
    <NAT>30,000000</NAT>
    <CNOR>37,056160</CNOR>
    <CSUD>27,010000</CSUD>
    <NORD>37,056160</NORD>
    <SARD>27,010000</SARD>
    <SICI>27,010000</SICI>
    <SUD>27,010000</SUD>
    <AUST>37,056160</AUST>
    <BRNN>27,010000</BRNN>
    <COAC>27,010000</COAC>
    <CORS>37,056160</CORS>
    <FOGN>27,010000</FOGN>
    <FRAN>37,056160</FRAN>
    <GREC>27,010000</GREC>
    <MFTV>37,056160</MFTV>
    <PRGP>27,010000</PRGP>
    <ROSN>27,010000</ROSN>
    <SLOV>37,056160</SLOV>
    <SVIZ>37,056160</SVIZ>
    <BSP>37,056160</BSP>
    <MALT>3000,000000</MALT>
    <XAUS>37,056160</XAUS>
    <XFRA>37,056160</XFRA>
  </Prezzi>
  <Prezzi>
    <Data>20150307</Data>
    <Mercato>MGP</Mercato>
    <Ora>5</Ora>
    <PUN>32,353110</PUN>
    <NAT>30,520000</NAT>
    <CNOR>32,520000</CNOR>
    <CSUD>29,150000</CSUD>
    <NORD>34,257040</NORD>
    <SARD>29,150000</SARD>
    <SICI>29,150000</SICI>
    <SUD>29,150000</SUD>
    <AUST>34,257040</AUST>
    <BRNN>29,150000</BRNN>
    <COAC>29,150000</COAC>
    <CORS>32,520000</CORS>
    <FOGN>29,150000</FOGN>
    <FRAN>34,257040</FRAN>
    <GREC>29,150000</GREC>
    <MFTV>34,257040</MFTV>
    <PRGP>29,150000</PRGP>
    <ROSN>29,150000</ROSN>
    <SLOV>34,257040</SLOV>
    <SVIZ>34,257040</SVIZ>
    <BSP>34,257040</BSP>
    <MALT>3000,000000</MALT>
    <XAUS>34,257040</XAUS>
    <XFRA>34,257040</XFRA>
  </Prezzi>
  <Prezzi>
    <Data>20150307</Data>
    <Mercato>MGP</Mercato>
    <Ora>6</Ora>
    <PUN>32,099500</PUN>
    <NAT>30,000000</NAT>
    <CNOR>33,390000</CNOR>
    <CSUD>29,480000</CSUD>
    <NORD>33,390000</NORD>
    <SARD>29,480000</SARD>
    <SICI>29,480000</SICI>
    <SUD>29,480000</SUD>
    <AUST>33,390000</AUST>
    <BRNN>29,480000</BRNN>
    <COAC>29,480000</COAC>
    <CORS>33,390000</CORS>
    <FOGN>29,480000</FOGN>
    <FRAN>33,390000</FRAN>
    <GREC>29,480000</GREC>
    <MFTV>33,390000</MFTV>
    <PRGP>29,480000</PRGP>
    <ROSN>29,480000</ROSN>
    <SLOV>33,390000</SLOV>
    <SVIZ>33,390000</SVIZ>
    <BSP>33,390000</BSP>
    <MALT>3000,000000</MALT>
    <XAUS>33,390000</XAUS>
    <XFRA>33,390000</XFRA>
  </Prezzi>
  <Prezzi>
    <Data>20150307</Data>
    <Mercato>MGP</Mercato>
    <Ora>7</Ora>
    <PUN>38,655820</PUN>
    <NAT>38,000000</NAT>
    <CNOR>39,500000</CNOR>
    <CSUD>36,950000</CSUD>
    <NORD>39,500000</NORD>
    <SARD>36,950000</SARD>
    <SICI>36,950000</SICI>
    <SUD>36,950000</SUD>
    <AUST>39,500000</AUST>
    <BRNN>36,950000</BRNN>
    <COAC>36,950000</COAC>
    <CORS>39,500000</CORS>
    <FOGN>36,950000</FOGN>
    <FRAN>39,500000</FRAN>
    <GREC>36,950000</GREC>
    <MFTV>39,500000</MFTV>
    <PRGP>36,950000</PRGP>
    <ROSN>36,950000</ROSN>
    <SLOV>39,500000</SLOV>
    <SVIZ>39,500000</SVIZ>
    <BSP>39,500000</BSP>
    <MALT>3000,000000</MALT>
    <XAUS>39,500000</XAUS>
    <XFRA>39,500000</XFRA>
  </Prezzi>
  <Prezzi>
    <Data>20150307</Data>
    <Mercato>MGP</Mercato>
    <Ora>8</Ora>
    <PUN>44,730230</PUN>
    <NAT>42,990000</NAT>
    <CNOR>44,880000</CNOR>
    <CSUD>39,950000</CSUD>
    <NORD>44,880000</NORD>
    <SARD>39,950000</SARD>
    <SICI>65,150000</SICI>
    <SUD>39,950000</SUD>
    <AUST>44,880000</AUST>
    <BRNN>39,950000</BRNN>
    <COAC>39,950000</COAC>
    <CORS>44,880000</CORS>
    <FOGN>39,950000</FOGN>
    <FRAN>44,880000</FRAN>
    <GREC>39,950000</GREC>
    <MFTV>44,880000</MFTV>
    <PRGP>65,150000</PRGP>
    <ROSN>39,950000</ROSN>
    <SLOV>44,880000</SLOV>
    <SVIZ>44,880000</SVIZ>
    <BSP>44,880000</BSP>
    <MALT>3000,000000</MALT>
    <XAUS>44,880000</XAUS>
    <XFRA>44,880000</XFRA>
  </Prezzi>
  <Prezzi>
    <Data>20150307</Data>
    <Mercato>MGP</Mercato>
    <Ora>9</Ora>
    <PUN>43,804640</PUN>
    <NAT>42,890000</NAT>
    <CNOR>38,290000</CNOR>
    <CSUD>38,290000</CSUD>
    <NORD>47,350000</NORD>
    <SARD>38,290000</SARD>
    <SICI>45,010000</SICI>
    <SUD>38,290000</SUD>
    <AUST>47,350000</AUST>
    <BRNN>38,290000</BRNN>
    <COAC>38,290000</COAC>
    <CORS>38,290000</CORS>
    <FOGN>38,290000</FOGN>
    <FRAN>47,350000</FRAN>
    <GREC>38,290000</GREC>
    <MFTV>47,350000</MFTV>
    <PRGP>45,010000</PRGP>
    <ROSN>38,290000</ROSN>
    <SLOV>47,350000</SLOV>
    <SVIZ>47,350000</SVIZ>
    <BSP>47,350000</BSP>
    <MALT>3000,000000</MALT>
    <XAUS>47,350000</XAUS>
    <XFRA>47,350000</XFRA>
  </Prezzi>
  <Prezzi>
    <Data>20150307</Data>
    <Mercato>MGP</Mercato>
    <Ora>10</Ora>
    <PUN>45,847690</PUN>
    <NAT>45,000000</NAT>
    <CNOR>38,180000</CNOR>
    <CSUD>38,180000</CSUD>
    <NORD>51,840000</NORD>
    <SARD>38,180000</SARD>
    <SICI>38,180000</SICI>
    <SUD>38,180000</SUD>
    <AUST>51,840000</AUST>
    <BRNN>38,180000</BRNN>
    <COAC>38,180000</COAC>
    <CORS>38,180000</CORS>
    <FOGN>38,180000</FOGN>
    <FRAN>51,840000</FRAN>
    <GREC>38,180000</GREC>
    <MFTV>51,840000</MFTV>
    <PRGP>38,180000</PRGP>
    <ROSN>38,180000</ROSN>
    <SLOV>51,840000</SLOV>
    <SVIZ>51,840000</SVIZ>
    <BSP>51,840000</BSP>
    <MALT>3000,000000</MALT>
    <XAUS>51,840000</XAUS>
    <XFRA>51,840000</XFRA>
  </Prezzi>
  <Prezzi>
    <Data>20150307</Data>
    <Mercato>MGP</Mercato>
    <Ora>11</Ora>
    <PUN>44,331980</PUN>
    <NAT>44,990000</NAT>
    <CNOR>29,150000</CNOR>
    <CSUD>29,150000</CSUD>
    <NORD>56,430000</NORD>
    <SARD>29,150000</SARD>
    <SICI>29,150000</SICI>
    <SUD>29,150000</SUD>
    <AUST>56,430000</AUST>
    <BRNN>29,150000</BRNN>
    <COAC>29,150000</COAC>
    <CORS>29,150000</CORS>
    <FOGN>29,150000</FOGN>
    <FRAN>56,430000</FRAN>
    <GREC>29,150000</GREC>
    <MFTV>56,430000</MFTV>
    <PRGP>29,150000</PRGP>
    <ROSN>29,150000</ROSN>
    <SLOV>56,430000</SLOV>
    <SVIZ>56,430000</SVIZ>
    <BSP>56,430000</BSP>
    <MALT>3000,000000</MALT>
    <XAUS>56,430000</XAUS>
    <XFRA>56,430000</XFRA>
  </Prezzi>
  <Prezzi>
    <Data>20150307</Data>
    <Mercato>MGP</Mercato>
    <Ora>12</Ora>
    <PUN>40,599730</PUN>
    <NAT>39,650000</NAT>
    <CNOR>27,060000</CNOR>
    <CSUD>27,060000</CSUD>
    <NORD>52,050000</NORD>
    <SARD>27,060000</SARD>
    <SICI>27,060000</SICI>
    <SUD>27,060000</SUD>
    <AUST>52,050000</AUST>
    <BRNN>27,060000</BRNN>
    <COAC>27,060000</COAC>
    <CORS>27,060000</CORS>
    <FOGN>27,060000</FOGN>
    <FRAN>52,050000</FRAN>
    <GREC>27,060000</GREC>
    <MFTV>52,050000</MFTV>
    <PRGP>27,060000</PRGP>
    <ROSN>27,060000</ROSN>
    <SLOV>52,050000</SLOV>
    <SVIZ>52,050000</SVIZ>
    <BSP>52,050000</BSP>
    <MALT>3000,000000</MALT>
    <XAUS>52,050000</XAUS>
    <XFRA>52,050000</XFRA>
  </Prezzi>
  <Prezzi>
    <Data>20150307</Data>
    <Mercato>MGP</Mercato>
    <Ora>13</Ora>
    <PUN>26,768860</PUN>
    <NAT>27,440000</NAT>
    <CNOR>11,000000</CNOR>
    <CSUD>11,000000</CSUD>
    <NORD>40,315630</NORD>
    <SARD>11,000000</SARD>
    <SICI>11,000000</SICI>
    <SUD>11,000000</SUD>
    <AUST>40,315630</AUST>
    <BRNN>11,000000</BRNN>
    <COAC>11,000000</COAC>
    <CORS>11,000000</CORS>
    <FOGN>11,000000</FOGN>
    <FRAN>40,315630</FRAN>
    <GREC>11,000000</GREC>
    <MFTV>40,315630</MFTV>
    <PRGP>11,000000</PRGP>
    <ROSN>11,000000</ROSN>
    <SLOV>40,315630</SLOV>
    <SVIZ>40,315630</SVIZ>
    <BSP>40,315630</BSP>
    <MALT>3000,000000</MALT>
    <XAUS>40,315630</XAUS>
    <XFRA>40,315630</XFRA>
  </Prezzi>
  <Prezzi>
    <Data>20150307</Data>
    <Mercato>MGP</Mercato>
    <Ora>14</Ora>
    <PUN>27,573140</PUN>
    <NAT>29,150000</NAT>
    <CNOR>19,150000</CNOR>
    <CSUD>19,150000</CSUD>
    <NORD>34,960000</NORD>
    <SARD>19,150000</SARD>
    <SICI>19,150000</SICI>
    <SUD>19,150000</SUD>
    <AUST>34,960000</AUST>
    <BRNN>19,150000</BRNN>
    <COAC>19,150000</COAC>
    <CORS>19,150000</CORS>
    <FOGN>19,150000</FOGN>
    <FRAN>34,960000</FRAN>
    <GREC>19,150000</GREC>
    <MFTV>34,960000</MFTV>
    <PRGP>19,150000</PRGP>
    <ROSN>19,150000</ROSN>
    <SLOV>34,960000</SLOV>
    <SVIZ>34,960000</SVIZ>
    <BSP>34,960000</BSP>
    <MALT>3000,000000</MALT>
    <XAUS>34,960000</XAUS>
    <XFRA>34,960000</XFRA>
  </Prezzi>
  <Prezzi>
    <Data>20150307</Data>
    <Mercato>MGP</Mercato>
    <Ora>15</Ora>
    <PUN>34,446430</PUN>
    <NAT>29,790000</NAT>
    <CNOR>26,010000</CNOR>
    <CSUD>26,010000</CSUD>
    <NORD>41,380000</NORD>
    <SARD>26,010000</SARD>
    <SICI>29,480000</SICI>
    <SUD>26,010000</SUD>
    <AUST>41,380000</AUST>
    <BRNN>26,010000</BRNN>
    <COAC>26,010000</COAC>
    <CORS>26,010000</CORS>
    <FOGN>26,010000</FOGN>
    <FRAN>41,380000</FRAN>
    <GREC>26,010000</GREC>
    <MFTV>41,380000</MFTV>
    <PRGP>29,480000</PRGP>
    <ROSN>26,010000</ROSN>
    <SLOV>41,380000</SLOV>
    <SVIZ>41,380000</SVIZ>
    <BSP>41,380000</BSP>
    <MALT>3000,000000</MALT>
    <XAUS>41,380000</XAUS>
    <XFRA>41,380000</XFRA>
  </Prezzi>
  <Prezzi>
    <Data>20150307</Data>
    <Mercato>MGP</Mercato>
    <Ora>16</Ora>
    <PUN>41,920000</PUN>
    <NAT>38,560000</NAT>
    <CNOR>36,010000</CNOR>
    <CSUD>36,010000</CSUD>
    <NORD>47,069030</NORD>
    <SARD>36,010000</SARD>
    <SICI>36,010000</SICI>
    <SUD>36,010000</SUD>
    <AUST>47,069030</AUST>
    <BRNN>36,010000</BRNN>
    <COAC>36,010000</COAC>
    <CORS>36,010000</CORS>
    <FOGN>36,010000</FOGN>
    <FRAN>47,069030</FRAN>
    <GREC>36,010000</GREC>
    <MFTV>47,069030</MFTV>
    <PRGP>36,010000</PRGP>
    <ROSN>36,010000</ROSN>
    <SLOV>47,069030</SLOV>
    <SVIZ>47,069030</SVIZ>
    <BSP>47,069030</BSP>
    <MALT>3000,000000</MALT>
    <XAUS>47,069030</XAUS>
    <XFRA>47,069030</XFRA>
  </Prezzi>
  <Prezzi>
    <Data>20150307</Data>
    <Mercato>MGP</Mercato>
    <Ora>17</Ora>
    <PUN>45,752980</PUN>
    <NAT>46,660000</NAT>
    <CNOR>44,990000</CNOR>
    <CSUD>38,560000</CSUD>
    <NORD>48,350000</NORD>
    <SARD>38,560000</SARD>
    <SICI>59,990000</SICI>
    <SUD>38,560000</SUD>
    <AUST>48,350000</AUST>
    <BRNN>38,560000</BRNN>
    <COAC>38,560000</COAC>
    <CORS>44,990000</CORS>
    <FOGN>38,560000</FOGN>
    <FRAN>48,350000</FRAN>
    <GREC>38,560000</GREC>
    <MFTV>48,350000</MFTV>
    <PRGP>59,990000</PRGP>
    <ROSN>38,560000</ROSN>
    <SLOV>48,350000</SLOV>
    <SVIZ>48,350000</SVIZ>
    <BSP>48,350000</BSP>
    <MALT>3000,000000</MALT>
    <XAUS>48,350000</XAUS>
    <XFRA>48,350000</XFRA>
  </Prezzi>
  <Prezzi>
    <Data>20150307</Data>
    <Mercato>MGP</Mercato>
    <Ora>18</Ora>
    <PUN>50,416930</PUN>
    <NAT>49,740000</NAT>
    <CNOR>49,350000</CNOR>
    <CSUD>49,350000</CSUD>
    <NORD>49,350000</NORD>
    <SARD>49,350000</SARD>
    <SICI>65,510000</SICI>
    <SUD>49,350000</SUD>
    <AUST>49,350000</AUST>
    <BRNN>49,350000</BRNN>
    <COAC>49,350000</COAC>
    <CORS>49,350000</CORS>
    <FOGN>49,350000</FOGN>
    <FRAN>49,350000</FRAN>
    <GREC>49,350000</GREC>
    <MFTV>49,350000</MFTV>
    <PRGP>65,510000</PRGP>
    <ROSN>49,350000</ROSN>
    <SLOV>49,350000</SLOV>
    <SVIZ>49,350000</SVIZ>
    <BSP>49,350000</BSP>
    <MALT>3000,000000</MALT>
    <XAUS>49,350000</XAUS>
    <XFRA>49,350000</XFRA>
  </Prezzi>
  <Prezzi>
    <Data>20150307</Data>
    <Mercato>MGP</Mercato>
    <Ora>19</Ora>
    <PUN>60,101120</PUN>
    <NAT>61,400000</NAT>
    <CNOR>60,340000</CNOR>
    <CSUD>60,340000</CSUD>
    <NORD>60,340000</NORD>
    <SARD>60,340000</SARD>
    <SICI>67,590000</SICI>
    <SUD>53,350000</SUD>
    <AUST>60,340000</AUST>
    <BRNN>53,350000</BRNN>
    <COAC>60,340000</COAC>
    <CORS>60,340000</CORS>
    <FOGN>53,350000</FOGN>
    <FRAN>60,340000</FRAN>
    <GREC>53,350000</GREC>
    <MFTV>60,340000</MFTV>
    <PRGP>67,590000</PRGP>
    <ROSN>53,350000</ROSN>
    <SLOV>60,340000</SLOV>
    <SVIZ>60,340000</SVIZ>
    <BSP>60,340000</BSP>
    <MALT>3000,000000</MALT>
    <XAUS>60,340000</XAUS>
    <XFRA>60,340000</XFRA>
  </Prezzi>
  <Prezzi>
    <Data>20150307</Data>
    <Mercato>MGP</Mercato>
    <Ora>20</Ora>
    <PUN>65,060160</PUN>
    <NAT>65,510000</NAT>
    <CNOR>65,990000</CNOR>
    <CSUD>65,990000</CSUD>
    <NORD>65,990000</NORD>
    <SARD>65,990000</SARD>
    <SICI>67,590000</SICI>
    <SUD>56,150000</SUD>
    <AUST>65,990000</AUST>
    <BRNN>56,150000</BRNN>
    <COAC>65,990000</COAC>
    <CORS>65,990000</CORS>
    <FOGN>56,150000</FOGN>
    <FRAN>65,990000</FRAN>
    <GREC>56,150000</GREC>
    <MFTV>65,990000</MFTV>
    <PRGP>67,590000</PRGP>
    <ROSN>56,150000</ROSN>
    <SLOV>65,990000</SLOV>
    <SVIZ>65,990000</SVIZ>
    <BSP>65,990000</BSP>
    <MALT>3000,000000</MALT>
    <XAUS>65,990000</XAUS>
    <XFRA>65,990000</XFRA>
  </Prezzi>
  <Prezzi>
    <Data>20150307</Data>
    <Mercato>MGP</Mercato>
    <Ora>21</Ora>
    <PUN>54,999180</PUN>
    <NAT>55,660000</NAT>
    <CNOR>54,360000</CNOR>
    <CSUD>54,360000</CSUD>
    <NORD>54,360000</NORD>
    <SARD>54,360000</SARD>
    <SICI>67,590000</SICI>
    <SUD>51,350000</SUD>
    <AUST>54,360000</AUST>
    <BRNN>51,350000</BRNN>
    <COAC>54,360000</COAC>
    <CORS>54,360000</CORS>
    <FOGN>51,350000</FOGN>
    <FRAN>54,360000</FRAN>
    <GREC>51,350000</GREC>
    <MFTV>54,360000</MFTV>
    <PRGP>67,590000</PRGP>
    <ROSN>51,350000</ROSN>
    <SLOV>54,360000</SLOV>
    <SVIZ>54,360000</SVIZ>
    <BSP>54,360000</BSP>
    <MALT>3000,000000</MALT>
    <XAUS>54,360000</XAUS>
    <XFRA>54,360000</XFRA>
  </Prezzi>
  <Prezzi>
    <Data>20150307</Data>
    <Mercato>MGP</Mercato>
    <Ora>22</Ora>
    <PUN>50,930880</PUN>
    <NAT>51,000000</NAT>
    <CNOR>49,710000</CNOR>
    <CSUD>49,710000</CSUD>
    <NORD>49,710000</NORD>
    <SARD>49,710000</SARD>
    <SICI>67,590000</SICI>
    <SUD>49,710000</SUD>
    <AUST>49,710000</AUST>
    <BRNN>49,710000</BRNN>
    <COAC>49,710000</COAC>
    <CORS>49,710000</CORS>
    <FOGN>49,710000</FOGN>
    <FRAN>49,710000</FRAN>
    <GREC>49,710000</GREC>
    <MFTV>49,710000</MFTV>
    <PRGP>67,590000</PRGP>
    <ROSN>49,710000</ROSN>
    <SLOV>49,710000</SLOV>
    <SVIZ>49,710000</SVIZ>
    <BSP>49,710000</BSP>
    <MALT>3000,000000</MALT>
    <XAUS>49,710000</XAUS>
    <XFRA>49,710000</XFRA>
  </Prezzi>
  <Prezzi>
    <Data>20150307</Data>
    <Mercato>MGP</Mercato>
    <Ora>23</Ora>
    <PUN>49,752240</PUN>
    <NAT>49,450000</NAT>
    <CNOR>48,620000</CNOR>
    <CSUD>48,620000</CSUD>
    <NORD>48,620000</NORD>
    <SARD>48,620000</SARD>
    <SICI>65,700000</SICI>
    <SUD>48,620000</SUD>
    <AUST>48,620000</AUST>
    <BRNN>48,620000</BRNN>
    <COAC>48,620000</COAC>
    <CORS>48,620000</CORS>
    <FOGN>48,620000</FOGN>
    <FRAN>48,620000</FRAN>
    <GREC>48,620000</GREC>
    <MFTV>48,620000</MFTV>
    <PRGP>65,700000</PRGP>
    <ROSN>48,620000</ROSN>
    <SLOV>48,620000</SLOV>
    <SVIZ>48,620000</SVIZ>
    <BSP>48,620000</BSP>
    <MALT>3000,000000</MALT>
    <XAUS>48,620000</XAUS>
    <XFRA>48,620000</XFRA>
  </Prezzi>
  <Prezzi>
    <Data>20150307</Data>
    <Mercato>MGP</Mercato>
    <Ora>24</Ora>
    <PUN>48,556150</PUN>
    <NAT>49,030000</NAT>
    <CNOR>47,400000</CNOR>
    <CSUD>47,400000</CSUD>
    <NORD>47,400000</NORD>
    <SARD>47,400000</SARD>
    <SICI>65,510000</SICI>
    <SUD>47,400000</SUD>
    <AUST>47,400000</AUST>
    <BRNN>47,400000</BRNN>
    <COAC>47,400000</COAC>
    <CORS>47,400000</CORS>
    <FOGN>47,400000</FOGN>
    <FRAN>47,400000</FRAN>
    <GREC>47,400000</GREC>
    <MFTV>47,400000</MFTV>
    <PRGP>65,510000</PRGP>
    <ROSN>47,400000</ROSN>
    <SLOV>47,400000</SLOV>
    <SVIZ>47,400000</SVIZ>
    <BSP>47,400000</BSP>
    <MALT>3000,000000</MALT>
    <XAUS>47,400000</XAUS>
    <XFRA>47,400000</XFRA>
  </Prezzi>
</NewDataSet>