<?xml version="1.0" standalone="yes"?>
<NewDataSet>
  <xs:schema id="NewDataSet" xmlns="" xmlns:xs="http://www.w3.org/2001/XMLSchema" xmlns:msdata="urn:schemas-microsoft-com:xml-msdata">
    <xs:element name="NewDataSet" msdata:IsDataSet="true" msdata:UseCurrentLocale="true">
      <xs:complexType>
        <xs:choice minOccurs="0" maxOccurs="unbounded">
          <xs:element name="Prezzi">
            <xs:complexType>
              <xs:sequence>
                <xs:element name="Data" type="xs:string" minOccurs="0" />
                <xs:element name="Mercato" type="xs:string" minOccurs="0" />
                <xs:element name="Ora" type="xs:string" minOccurs="0" />
                <xs:element name="PUN" type="xs:string" minOccurs="0" />
                <xs:element name="NAT" type="xs:string" minOccurs="0" />
                <xs:element name="CNOR" type="xs:string" minOccurs="0" />
                <xs:element name="CSUD" type="xs:string" minOccurs="0" />
                <xs:element name="NORD" type="xs:string" minOccurs="0" />
                <xs:element name="SARD" type="xs:string" minOccurs="0" />
                <xs:element name="SICI" type="xs:string" minOccurs="0" />
                <xs:element name="SUD" type="xs:string" minOccurs="0" />
                <xs:element name="AUST" type="xs:string" minOccurs="0" />
                <xs:element name="BRNN" type="xs:string" minOccurs="0" />
                <xs:element name="COAC" type="xs:string" minOccurs="0" />
                <xs:element name="CORS" type="xs:string" minOccurs="0" />
                <xs:element name="FOGN" type="xs:string" minOccurs="0" />
                <xs:element name="FRAN" type="xs:string" minOccurs="0" />
                <xs:element name="GREC" type="xs:string" minOccurs="0" />
                <xs:element name="MFTV" type="xs:string" minOccurs="0" />
                <xs:element name="PRGP" type="xs:string" minOccurs="0" />
                <xs:element name="ROSN" type="xs:string" minOccurs="0" />
                <xs:element name="SLOV" type="xs:string" minOccurs="0" />
                <xs:element name="SVIZ" type="xs:string" minOccurs="0" />
                <xs:element name="BSP" type="xs:string" minOccurs="0" />
                <xs:element name="MALT" type="xs:string" minOccurs="0" />
                <xs:element name="XAUS" type="xs:string" minOccurs="0" />
                <xs:element name="XFRA" type="xs:string" minOccurs="0" />
              </xs:sequence>
            </xs:complexType>
          </xs:element>
        </xs:choice>
      </xs:complexType>
    </xs:element>
  </xs:schema>
  <Prezzi>
    <Data>20150324</Data>
    <Mercato>MGP</Mercato>
    <Ora>1</Ora>
    <PUN>51,093050</PUN>
    <NAT>50,910000</NAT>
    <CNOR>50,190000</CNOR>
    <CSUD>50,190000</CSUD>
    <NORD>50,190000</NORD>
    <SARD>50,190000</SARD>
    <SICI>65,480000</SICI>
    <SUD>50,190000</SUD>
    <AUST>50,190000</AUST>
    <BRNN>50,190000</BRNN>
    <COAC>50,190000</COAC>
    <CORS>50,190000</CORS>
    <FOGN>50,190000</FOGN>
    <FRAN>50,190000</FRAN>
    <GREC>50,190000</GREC>
    <MFTV>50,190000</MFTV>
    <PRGP>65,480000</PRGP>
    <ROSN>50,190000</ROSN>
    <SLOV>50,190000</SLOV>
    <SVIZ>50,190000</SVIZ>
    <BSP>50,190000</BSP>
    <MALT>3000,000000</MALT>
    <XAUS>50,190000</XAUS>
    <XFRA>50,190000</XFRA>
  </Prezzi>
  <Prezzi>
    <Data>20150324</Data>
    <Mercato>MGP</Mercato>
    <Ora>2</Ora>
    <PUN>49,110420</PUN>
    <NAT>48,500000</NAT>
    <CNOR>48,110000</CNOR>
    <CSUD>48,110000</CSUD>
    <NORD>48,110000</NORD>
    <SARD>48,110000</SARD>
    <SICI>65,480000</SICI>
    <SUD>48,110000</SUD>
    <AUST>48,110000</AUST>
    <BRNN>48,110000</BRNN>
    <COAC>48,110000</COAC>
    <CORS>48,110000</CORS>
    <FOGN>48,110000</FOGN>
    <FRAN>48,110000</FRAN>
    <GREC>48,110000</GREC>
    <MFTV>48,110000</MFTV>
    <PRGP>65,480000</PRGP>
    <ROSN>48,110000</ROSN>
    <SLOV>48,110000</SLOV>
    <SVIZ>48,110000</SVIZ>
    <BSP>48,110000</BSP>
    <MALT>3000,000000</MALT>
    <XAUS>48,110000</XAUS>
    <XFRA>48,110000</XFRA>
  </Prezzi>
  <Prezzi>
    <Data>20150324</Data>
    <Mercato>MGP</Mercato>
    <Ora>3</Ora>
    <PUN>47,912830</PUN>
    <NAT>47,060000</NAT>
    <CNOR>46,846320</CNOR>
    <CSUD>46,846320</CSUD>
    <NORD>46,846320</NORD>
    <SARD>46,846320</SARD>
    <SICI>65,480000</SICI>
    <SUD>46,846320</SUD>
    <AUST>46,846320</AUST>
    <BRNN>46,846320</BRNN>
    <COAC>46,846320</COAC>
    <CORS>46,846320</CORS>
    <FOGN>46,846320</FOGN>
    <FRAN>46,846320</FRAN>
    <GREC>46,846320</GREC>
    <MFTV>46,846320</MFTV>
    <PRGP>65,480000</PRGP>
    <ROSN>46,846320</ROSN>
    <SLOV>46,846320</SLOV>
    <SVIZ>46,846320</SVIZ>
    <BSP>46,846320</BSP>
    <MALT>3000,000000</MALT>
    <XAUS>46,846320</XAUS>
    <XFRA>46,846320</XFRA>
  </Prezzi>
  <Prezzi>
    <Data>20150324</Data>
    <Mercato>MGP</Mercato>
    <Ora>4</Ora>
    <PUN>44,937250</PUN>
    <NAT>44,937250</NAT>
    <CNOR>44,937250</CNOR>
    <CSUD>44,937250</CSUD>
    <NORD>44,937250</NORD>
    <SARD>44,937250</SARD>
    <SICI>44,937250</SICI>
    <SUD>44,937250</SUD>
    <AUST>44,937250</AUST>
    <BRNN>44,937250</BRNN>
    <COAC>44,937250</COAC>
    <CORS>44,937250</CORS>
    <FOGN>44,937250</FOGN>
    <FRAN>44,937250</FRAN>
    <GREC>44,937250</GREC>
    <MFTV>44,937250</MFTV>
    <PRGP>44,937250</PRGP>
    <ROSN>44,937250</ROSN>
    <SLOV>44,937250</SLOV>
    <SVIZ>44,937250</SVIZ>
    <BSP>44,937250</BSP>
    <MALT>3000,000000</MALT>
    <XAUS>44,937250</XAUS>
    <XFRA>44,937250</XFRA>
  </Prezzi>
  <Prezzi>
    <Data>20150324</Data>
    <Mercato>MGP</Mercato>
    <Ora>5</Ora>
    <PUN>44,680000</PUN>
    <NAT>44,680000</NAT>
    <CNOR>44,680000</CNOR>
    <CSUD>44,680000</CSUD>
    <NORD>44,680000</NORD>
    <SARD>44,680000</SARD>
    <SICI>44,680000</SICI>
    <SUD>44,680000</SUD>
    <AUST>44,680000</AUST>
    <BRNN>44,680000</BRNN>
    <COAC>44,680000</COAC>
    <CORS>44,680000</CORS>
    <FOGN>44,680000</FOGN>
    <FRAN>44,680000</FRAN>
    <GREC>44,680000</GREC>
    <MFTV>44,680000</MFTV>
    <PRGP>44,680000</PRGP>
    <ROSN>44,680000</ROSN>
    <SLOV>44,680000</SLOV>
    <SVIZ>44,680000</SVIZ>
    <BSP>44,680000</BSP>
    <MALT>3000,000000</MALT>
    <XAUS>44,680000</XAUS>
    <XFRA>44,680000</XFRA>
  </Prezzi>
  <Prezzi>
    <Data>20150324</Data>
    <Mercato>MGP</Mercato>
    <Ora>6</Ora>
    <PUN>46,313270</PUN>
    <NAT>46,313270</NAT>
    <CNOR>46,313270</CNOR>
    <CSUD>46,313270</CSUD>
    <NORD>46,313270</NORD>
    <SARD>46,313270</SARD>
    <SICI>46,313270</SICI>
    <SUD>46,313270</SUD>
    <AUST>46,313270</AUST>
    <BRNN>46,313270</BRNN>
    <COAC>46,313270</COAC>
    <CORS>46,313270</CORS>
    <FOGN>46,313270</FOGN>
    <FRAN>46,313270</FRAN>
    <GREC>46,313270</GREC>
    <MFTV>46,313270</MFTV>
    <PRGP>46,313270</PRGP>
    <ROSN>46,313270</ROSN>
    <SLOV>46,313270</SLOV>
    <SVIZ>46,313270</SVIZ>
    <BSP>46,313270</BSP>
    <MALT>3000,000000</MALT>
    <XAUS>46,313270</XAUS>
    <XFRA>46,313270</XFRA>
  </Prezzi>
  <Prezzi>
    <Data>20150324</Data>
    <Mercato>MGP</Mercato>
    <Ora>7</Ora>
    <PUN>54,570000</PUN>
    <NAT>54,570000</NAT>
    <CNOR>54,570000</CNOR>
    <CSUD>54,570000</CSUD>
    <NORD>54,570000</NORD>
    <SARD>54,570000</SARD>
    <SICI>54,570000</SICI>
    <SUD>54,570000</SUD>
    <AUST>54,570000</AUST>
    <BRNN>54,570000</BRNN>
    <COAC>54,570000</COAC>
    <CORS>54,570000</CORS>
    <FOGN>54,570000</FOGN>
    <FRAN>54,570000</FRAN>
    <GREC>54,570000</GREC>
    <MFTV>54,570000</MFTV>
    <PRGP>54,570000</PRGP>
    <ROSN>54,570000</ROSN>
    <SLOV>54,570000</SLOV>
    <SVIZ>54,570000</SVIZ>
    <BSP>54,570000</BSP>
    <MALT>3000,000000</MALT>
    <XAUS>54,570000</XAUS>
    <XFRA>54,570000</XFRA>
  </Prezzi>
  <Prezzi>
    <Data>20150324</Data>
    <Mercato>MGP</Mercato>
    <Ora>8</Ora>
    <PUN>59,317230</PUN>
    <NAT>60,000000</NAT>
    <CNOR>58,972230</CNOR>
    <CSUD>58,972230</CSUD>
    <NORD>58,972230</NORD>
    <SARD>58,972230</SARD>
    <SICI>65,480000</SICI>
    <SUD>58,972230</SUD>
    <AUST>58,972230</AUST>
    <BRNN>58,972230</BRNN>
    <COAC>58,972230</COAC>
    <CORS>58,972230</CORS>
    <FOGN>58,972230</FOGN>
    <FRAN>58,972230</FRAN>
    <GREC>58,972230</GREC>
    <MFTV>58,972230</MFTV>
    <PRGP>65,480000</PRGP>
    <ROSN>58,972230</ROSN>
    <SLOV>58,972230</SLOV>
    <SVIZ>58,972230</SVIZ>
    <BSP>58,972230</BSP>
    <MALT>3000,000000</MALT>
    <XAUS>58,972230</XAUS>
    <XFRA>58,972230</XFRA>
  </Prezzi>
  <Prezzi>
    <Data>20150324</Data>
    <Mercato>MGP</Mercato>
    <Ora>9</Ora>
    <PUN>64,085930</PUN>
    <NAT>65,480000</NAT>
    <CNOR>64,000000</CNOR>
    <CSUD>64,000000</CSUD>
    <NORD>64,000000</NORD>
    <SARD>64,000000</SARD>
    <SICI>65,680000</SICI>
    <SUD>64,000000</SUD>
    <AUST>64,000000</AUST>
    <BRNN>64,000000</BRNN>
    <COAC>64,000000</COAC>
    <CORS>64,000000</CORS>
    <FOGN>64,000000</FOGN>
    <FRAN>64,000000</FRAN>
    <GREC>64,000000</GREC>
    <MFTV>64,000000</MFTV>
    <PRGP>65,680000</PRGP>
    <ROSN>64,000000</ROSN>
    <SLOV>64,000000</SLOV>
    <SVIZ>64,000000</SVIZ>
    <BSP>64,000000</BSP>
    <MALT>3000,000000</MALT>
    <XAUS>64,000000</XAUS>
    <XFRA>64,000000</XFRA>
  </Prezzi>
  <Prezzi>
    <Data>20150324</Data>
    <Mercato>MGP</Mercato>
    <Ora>10</Ora>
    <PUN>61,214830</PUN>
    <NAT>62,540000</NAT>
    <CNOR>60,990000</CNOR>
    <CSUD>60,990000</CSUD>
    <NORD>60,990000</NORD>
    <SARD>60,990000</SARD>
    <SICI>65,480000</SICI>
    <SUD>60,990000</SUD>
    <AUST>60,990000</AUST>
    <BRNN>60,990000</BRNN>
    <COAC>60,990000</COAC>
    <CORS>60,990000</CORS>
    <FOGN>60,990000</FOGN>
    <FRAN>60,990000</FRAN>
    <GREC>60,990000</GREC>
    <MFTV>60,990000</MFTV>
    <PRGP>65,480000</PRGP>
    <ROSN>60,990000</ROSN>
    <SLOV>60,990000</SLOV>
    <SVIZ>60,990000</SVIZ>
    <BSP>60,990000</BSP>
    <MALT>3000,000000</MALT>
    <XAUS>60,990000</XAUS>
    <XFRA>60,990000</XFRA>
  </Prezzi>
  <Prezzi>
    <Data>20150324</Data>
    <Mercato>MGP</Mercato>
    <Ora>11</Ora>
    <PUN>59,331180</PUN>
    <NAT>60,670000</NAT>
    <CNOR>59,010520</CNOR>
    <CSUD>59,010520</CSUD>
    <NORD>59,010520</NORD>
    <SARD>59,010520</SARD>
    <SICI>65,480000</SICI>
    <SUD>59,010520</SUD>
    <AUST>59,010520</AUST>
    <BRNN>59,010520</BRNN>
    <COAC>59,010520</COAC>
    <CORS>59,010520</CORS>
    <FOGN>59,010520</FOGN>
    <FRAN>59,010520</FRAN>
    <GREC>59,010520</GREC>
    <MFTV>59,010520</MFTV>
    <PRGP>65,480000</PRGP>
    <ROSN>59,010520</ROSN>
    <SLOV>59,010520</SLOV>
    <SVIZ>59,010520</SVIZ>
    <BSP>59,010520</BSP>
    <MALT>3000,000000</MALT>
    <XAUS>59,010520</XAUS>
    <XFRA>59,010520</XFRA>
  </Prezzi>
  <Prezzi>
    <Data>20150324</Data>
    <Mercato>MGP</Mercato>
    <Ora>12</Ora>
    <PUN>59,063360</PUN>
    <NAT>57,900000</NAT>
    <CNOR>55,000000</CNOR>
    <CSUD>55,000000</CSUD>
    <NORD>60,990000</NORD>
    <SARD>55,000000</SARD>
    <SICI>65,480000</SICI>
    <SUD>55,000000</SUD>
    <AUST>60,990000</AUST>
    <BRNN>55,000000</BRNN>
    <COAC>55,000000</COAC>
    <CORS>55,000000</CORS>
    <FOGN>55,000000</FOGN>
    <FRAN>60,990000</FRAN>
    <GREC>55,000000</GREC>
    <MFTV>60,990000</MFTV>
    <PRGP>65,480000</PRGP>
    <ROSN>55,000000</ROSN>
    <SLOV>60,990000</SLOV>
    <SVIZ>60,990000</SVIZ>
    <BSP>60,990000</BSP>
    <MALT>3000,000000</MALT>
    <XAUS>60,990000</XAUS>
    <XFRA>60,990000</XFRA>
  </Prezzi>
  <Prezzi>
    <Data>20150324</Data>
    <Mercato>MGP</Mercato>
    <Ora>13</Ora>
    <PUN>56,985070</PUN>
    <NAT>56,550000</NAT>
    <CNOR>56,550000</CNOR>
    <CSUD>56,550000</CSUD>
    <NORD>56,550000</NORD>
    <SARD>56,550000</SARD>
    <SICI>64,770000</SICI>
    <SUD>56,550000</SUD>
    <AUST>56,550000</AUST>
    <BRNN>56,550000</BRNN>
    <COAC>56,550000</COAC>
    <CORS>56,550000</CORS>
    <FOGN>56,550000</FOGN>
    <FRAN>56,550000</FRAN>
    <GREC>56,550000</GREC>
    <MFTV>56,550000</MFTV>
    <PRGP>64,770000</PRGP>
    <ROSN>56,550000</ROSN>
    <SLOV>56,550000</SLOV>
    <SVIZ>56,550000</SVIZ>
    <BSP>56,550000</BSP>
    <MALT>3000,000000</MALT>
    <XAUS>56,550000</XAUS>
    <XFRA>56,550000</XFRA>
  </Prezzi>
  <Prezzi>
    <Data>20150324</Data>
    <Mercato>MGP</Mercato>
    <Ora>14</Ora>
    <PUN>56,100000</PUN>
    <NAT>56,100000</NAT>
    <CNOR>56,100000</CNOR>
    <CSUD>56,100000</CSUD>
    <NORD>56,100000</NORD>
    <SARD>56,100000</SARD>
    <SICI>56,100000</SICI>
    <SUD>56,100000</SUD>
    <AUST>56,100000</AUST>
    <BRNN>56,100000</BRNN>
    <COAC>56,100000</COAC>
    <CORS>56,100000</CORS>
    <FOGN>56,100000</FOGN>
    <FRAN>56,100000</FRAN>
    <GREC>56,100000</GREC>
    <MFTV>56,100000</MFTV>
    <PRGP>56,100000</PRGP>
    <ROSN>56,100000</ROSN>
    <SLOV>56,100000</SLOV>
    <SVIZ>56,100000</SVIZ>
    <BSP>56,100000</BSP>
    <MALT>3000,000000</MALT>
    <XAUS>56,100000</XAUS>
    <XFRA>56,100000</XFRA>
  </Prezzi>
  <Prezzi>
    <Data>20150324</Data>
    <Mercato>MGP</Mercato>
    <Ora>15</Ora>
    <PUN>58,000000</PUN>
    <NAT>57,850000</NAT>
    <CNOR>57,601090</CNOR>
    <CSUD>57,601090</CSUD>
    <NORD>57,601090</NORD>
    <SARD>57,601090</SARD>
    <SICI>65,480000</SICI>
    <SUD>57,601090</SUD>
    <AUST>57,601090</AUST>
    <BRNN>57,601090</BRNN>
    <COAC>57,601090</COAC>
    <CORS>57,601090</CORS>
    <FOGN>57,601090</FOGN>
    <FRAN>57,601090</FRAN>
    <GREC>57,601090</GREC>
    <MFTV>57,601090</MFTV>
    <PRGP>65,480000</PRGP>
    <ROSN>57,601090</ROSN>
    <SLOV>57,601090</SLOV>
    <SVIZ>57,601090</SVIZ>
    <BSP>57,601090</BSP>
    <MALT>3000,000000</MALT>
    <XAUS>57,601090</XAUS>
    <XFRA>57,601090</XFRA>
  </Prezzi>
  <Prezzi>
    <Data>20150324</Data>
    <Mercato>MGP</Mercato>
    <Ora>16</Ora>
    <PUN>56,436330</PUN>
    <NAT>55,890000</NAT>
    <CNOR>55,880000</CNOR>
    <CSUD>55,880000</CSUD>
    <NORD>55,990000</NORD>
    <SARD>55,880000</SARD>
    <SICI>65,480000</SICI>
    <SUD>55,880000</SUD>
    <AUST>55,990000</AUST>
    <BRNN>55,880000</BRNN>
    <COAC>55,880000</COAC>
    <CORS>55,880000</CORS>
    <FOGN>55,880000</FOGN>
    <FRAN>55,990000</FRAN>
    <GREC>55,880000</GREC>
    <MFTV>55,990000</MFTV>
    <PRGP>65,480000</PRGP>
    <ROSN>55,880000</ROSN>
    <SLOV>55,990000</SLOV>
    <SVIZ>55,990000</SVIZ>
    <BSP>55,990000</BSP>
    <MALT>3000,000000</MALT>
    <XAUS>55,990000</XAUS>
    <XFRA>55,990000</XFRA>
  </Prezzi>
  <Prezzi>
    <Data>20150324</Data>
    <Mercato>MGP</Mercato>
    <Ora>17</Ora>
    <PUN>58,126710</PUN>
    <NAT>56,560000</NAT>
    <CNOR>55,880000</CNOR>
    <CSUD>55,880000</CSUD>
    <NORD>58,830000</NORD>
    <SARD>55,880000</SARD>
    <SICI>65,480000</SICI>
    <SUD>55,880000</SUD>
    <AUST>58,830000</AUST>
    <BRNN>55,880000</BRNN>
    <COAC>55,880000</COAC>
    <CORS>55,880000</CORS>
    <FOGN>55,880000</FOGN>
    <FRAN>58,830000</FRAN>
    <GREC>55,880000</GREC>
    <MFTV>58,830000</MFTV>
    <PRGP>65,480000</PRGP>
    <ROSN>55,880000</ROSN>
    <SLOV>58,830000</SLOV>
    <SVIZ>58,830000</SVIZ>
    <BSP>58,830000</BSP>
    <MALT>3000,000000</MALT>
    <XAUS>58,830000</XAUS>
    <XFRA>58,830000</XFRA>
  </Prezzi>
  <Prezzi>
    <Data>20150324</Data>
    <Mercato>MGP</Mercato>
    <Ora>18</Ora>
    <PUN>58,445610</PUN>
    <NAT>58,670000</NAT>
    <CNOR>58,052430</CNOR>
    <CSUD>58,052430</CSUD>
    <NORD>58,052430</NORD>
    <SARD>58,052430</SARD>
    <SICI>65,480000</SICI>
    <SUD>58,052430</SUD>
    <AUST>58,052430</AUST>
    <BRNN>58,052430</BRNN>
    <COAC>58,052430</COAC>
    <CORS>58,052430</CORS>
    <FOGN>58,052430</FOGN>
    <FRAN>58,052430</FRAN>
    <GREC>58,052430</GREC>
    <MFTV>58,052430</MFTV>
    <PRGP>65,480000</PRGP>
    <ROSN>56,560000</ROSN>
    <SLOV>58,052430</SLOV>
    <SVIZ>58,052430</SVIZ>
    <BSP>58,052430</BSP>
    <MALT>3000,000000</MALT>
    <XAUS>58,052430</XAUS>
    <XFRA>58,052430</XFRA>
  </Prezzi>
  <Prezzi>
    <Data>20150324</Data>
    <Mercato>MGP</Mercato>
    <Ora>19</Ora>
    <PUN>66,913990</PUN>
    <NAT>65,680000</NAT>
    <CNOR>66,990000</CNOR>
    <CSUD>66,990000</CSUD>
    <NORD>66,990000</NORD>
    <SARD>66,990000</SARD>
    <SICI>65,680000</SICI>
    <SUD>66,990000</SUD>
    <AUST>66,990000</AUST>
    <BRNN>66,990000</BRNN>
    <COAC>66,990000</COAC>
    <CORS>66,990000</CORS>
    <FOGN>66,990000</FOGN>
    <FRAN>66,990000</FRAN>
    <GREC>66,990000</GREC>
    <MFTV>66,990000</MFTV>
    <PRGP>65,680000</PRGP>
    <ROSN>56,560000</ROSN>
    <SLOV>66,990000</SLOV>
    <SVIZ>66,990000</SVIZ>
    <BSP>66,990000</BSP>
    <MALT>3000,000000</MALT>
    <XAUS>66,990000</XAUS>
    <XFRA>66,990000</XFRA>
  </Prezzi>
  <Prezzi>
    <Data>20150324</Data>
    <Mercato>MGP</Mercato>
    <Ora>20</Ora>
    <PUN>96,248690</PUN>
    <NAT>90,980000</NAT>
    <CNOR>98,050000</CNOR>
    <CSUD>98,050000</CSUD>
    <NORD>98,050000</NORD>
    <SARD>98,050000</SARD>
    <SICI>67,560000</SICI>
    <SUD>98,050000</SUD>
    <AUST>98,050000</AUST>
    <BRNN>98,050000</BRNN>
    <COAC>98,050000</COAC>
    <CORS>98,050000</CORS>
    <FOGN>98,050000</FOGN>
    <FRAN>98,050000</FRAN>
    <GREC>98,050000</GREC>
    <MFTV>98,050000</MFTV>
    <PRGP>67,560000</PRGP>
    <ROSN>63,460000</ROSN>
    <SLOV>98,050000</SLOV>
    <SVIZ>98,050000</SVIZ>
    <BSP>98,050000</BSP>
    <MALT>3000,000000</MALT>
    <XAUS>98,050000</XAUS>
    <XFRA>98,050000</XFRA>
  </Prezzi>
  <Prezzi>
    <Data>20150324</Data>
    <Mercato>MGP</Mercato>
    <Ora>21</Ora>
    <PUN>63,261890</PUN>
    <NAT>65,480000</NAT>
    <CNOR>62,964440</CNOR>
    <CSUD>62,964440</CSUD>
    <NORD>62,964440</NORD>
    <SARD>62,964440</SARD>
    <SICI>67,560000</SICI>
    <SUD>62,964440</SUD>
    <AUST>62,964440</AUST>
    <BRNN>62,964440</BRNN>
    <COAC>62,964440</COAC>
    <CORS>62,964440</CORS>
    <FOGN>62,964440</FOGN>
    <FRAN>62,964440</FRAN>
    <GREC>62,964440</GREC>
    <MFTV>62,964440</MFTV>
    <PRGP>67,560000</PRGP>
    <ROSN>56,560000</ROSN>
    <SLOV>62,964440</SLOV>
    <SVIZ>62,964440</SVIZ>
    <BSP>62,964440</BSP>
    <MALT>3000,000000</MALT>
    <XAUS>62,964440</XAUS>
    <XFRA>62,964440</XFRA>
  </Prezzi>
  <Prezzi>
    <Data>20150324</Data>
    <Mercato>MGP</Mercato>
    <Ora>22</Ora>
    <PUN>56,287560</PUN>
    <NAT>55,900000</NAT>
    <CNOR>55,638910</CNOR>
    <CSUD>55,638910</CSUD>
    <NORD>55,638910</NORD>
    <SARD>55,638910</SARD>
    <SICI>65,680000</SICI>
    <SUD>55,638910</SUD>
    <AUST>55,638910</AUST>
    <BRNN>55,638910</BRNN>
    <COAC>55,638910</COAC>
    <CORS>55,638910</CORS>
    <FOGN>55,638910</FOGN>
    <FRAN>55,638910</FRAN>
    <GREC>55,638910</GREC>
    <MFTV>55,638910</MFTV>
    <PRGP>65,680000</PRGP>
    <ROSN>55,638910</ROSN>
    <SLOV>55,638910</SLOV>
    <SVIZ>55,638910</SVIZ>
    <BSP>55,638910</BSP>
    <MALT>3000,000000</MALT>
    <XAUS>55,638910</XAUS>
    <XFRA>55,638910</XFRA>
  </Prezzi>
  <Prezzi>
    <Data>20150324</Data>
    <Mercato>MGP</Mercato>
    <Ora>23</Ora>
    <PUN>56,198930</PUN>
    <NAT>55,880000</NAT>
    <CNOR>55,570000</CNOR>
    <CSUD>55,570000</CSUD>
    <NORD>55,570000</NORD>
    <SARD>55,570000</SARD>
    <SICI>65,480000</SICI>
    <SUD>55,570000</SUD>
    <AUST>55,570000</AUST>
    <BRNN>55,570000</BRNN>
    <COAC>55,570000</COAC>
    <CORS>55,570000</CORS>
    <FOGN>55,570000</FOGN>
    <FRAN>55,570000</FRAN>
    <GREC>55,570000</GREC>
    <MFTV>55,570000</MFTV>
    <PRGP>65,480000</PRGP>
    <ROSN>55,570000</ROSN>
    <SLOV>55,570000</SLOV>
    <SVIZ>55,570000</SVIZ>
    <BSP>55,570000</BSP>
    <MALT>3000,000000</MALT>
    <XAUS>55,570000</XAUS>
    <XFRA>55,570000</XFRA>
  </Prezzi>
  <Prezzi>
    <Data>20150324</Data>
    <Mercato>MGP</Mercato>
    <Ora>24</Ora>
    <PUN>51,373540</PUN>
    <NAT>50,530000</NAT>
    <CNOR>50,471340</CNOR>
    <CSUD>50,471340</CSUD>
    <NORD>50,471340</NORD>
    <SARD>50,471340</SARD>
    <SICI>64,770000</SICI>
    <SUD>50,471340</SUD>
    <AUST>50,471340</AUST>
    <BRNN>50,471340</BRNN>
    <COAC>50,471340</COAC>
    <CORS>50,471340</CORS>
    <FOGN>50,471340</FOGN>
    <FRAN>50,471340</FRAN>
    <GREC>50,471340</GREC>
    <MFTV>50,471340</MFTV>
    <PRGP>64,770000</PRGP>
    <ROSN>50,471340</ROSN>
    <SLOV>50,471340</SLOV>
    <SVIZ>50,471340</SVIZ>
    <BSP>50,471340</BSP>
    <MALT>3000,000000</MALT>
    <XAUS>50,471340</XAUS>
    <XFRA>50,471340</XFRA>
  </Prezzi>
</NewDataSet>