<?xml version="1.0" standalone="yes"?>
<NewDataSet>
  <xs:schema id="NewDataSet" xmlns="" xmlns:xs="http://www.w3.org/2001/XMLSchema" xmlns:msdata="urn:schemas-microsoft-com:xml-msdata">
    <xs:element name="NewDataSet" msdata:IsDataSet="true" msdata:UseCurrentLocale="true">
      <xs:complexType>
        <xs:choice minOccurs="0" maxOccurs="unbounded">
          <xs:element name="Prezzi">
            <xs:complexType>
              <xs:sequence>
                <xs:element name="Data" type="xs:string" minOccurs="0" />
                <xs:element name="Mercato" type="xs:string" minOccurs="0" />
                <xs:element name="Ora" type="xs:string" minOccurs="0" />
                <xs:element name="PUN" type="xs:string" minOccurs="0" />
                <xs:element name="NAT" type="xs:string" minOccurs="0" />
                <xs:element name="CNOR" type="xs:string" minOccurs="0" />
                <xs:element name="CSUD" type="xs:string" minOccurs="0" />
                <xs:element name="NORD" type="xs:string" minOccurs="0" />
                <xs:element name="SARD" type="xs:string" minOccurs="0" />
                <xs:element name="SICI" type="xs:string" minOccurs="0" />
                <xs:element name="SUD" type="xs:string" minOccurs="0" />
                <xs:element name="AUST" type="xs:string" minOccurs="0" />
                <xs:element name="BRNN" type="xs:string" minOccurs="0" />
                <xs:element name="COAC" type="xs:string" minOccurs="0" />
                <xs:element name="CORS" type="xs:string" minOccurs="0" />
                <xs:element name="FOGN" type="xs:string" minOccurs="0" />
                <xs:element name="FRAN" type="xs:string" minOccurs="0" />
                <xs:element name="GREC" type="xs:string" minOccurs="0" />
                <xs:element name="MFTV" type="xs:string" minOccurs="0" />
                <xs:element name="PRGP" type="xs:string" minOccurs="0" />
                <xs:element name="ROSN" type="xs:string" minOccurs="0" />
                <xs:element name="SLOV" type="xs:string" minOccurs="0" />
                <xs:element name="SVIZ" type="xs:string" minOccurs="0" />
                <xs:element name="BSP" type="xs:string" minOccurs="0" />
                <xs:element name="MALT" type="xs:string" minOccurs="0" />
                <xs:element name="XAUS" type="xs:string" minOccurs="0" />
                <xs:element name="XFRA" type="xs:string" minOccurs="0" />
              </xs:sequence>
            </xs:complexType>
          </xs:element>
        </xs:choice>
      </xs:complexType>
    </xs:element>
  </xs:schema>
  <Prezzi>
    <Data>20150304</Data>
    <Mercato>MGP</Mercato>
    <Ora>1</Ora>
    <PUN>46,138840</PUN>
    <NAT>45,490000</NAT>
    <CNOR>45,000000</CNOR>
    <CSUD>45,000000</CSUD>
    <NORD>45,000000</NORD>
    <SARD>45,000000</SARD>
    <SICI>65,510000</SICI>
    <SUD>45,000000</SUD>
    <AUST>45,000000</AUST>
    <BRNN>45,000000</BRNN>
    <COAC>45,000000</COAC>
    <CORS>45,000000</CORS>
    <FOGN>45,000000</FOGN>
    <FRAN>45,000000</FRAN>
    <GREC>45,000000</GREC>
    <MFTV>45,000000</MFTV>
    <PRGP>65,510000</PRGP>
    <ROSN>45,000000</ROSN>
    <SLOV>45,000000</SLOV>
    <SVIZ>45,000000</SVIZ>
    <BSP>45,000000</BSP>
    <MALT>3000,000000</MALT>
    <XAUS>45,000000</XAUS>
    <XFRA>45,000000</XFRA>
  </Prezzi>
  <Prezzi>
    <Data>20150304</Data>
    <Mercato>MGP</Mercato>
    <Ora>2</Ora>
    <PUN>46,142340</PUN>
    <NAT>45,530000</NAT>
    <CNOR>45,000000</CNOR>
    <CSUD>45,000000</CSUD>
    <NORD>45,000000</NORD>
    <SARD>45,000000</SARD>
    <SICI>65,510000</SICI>
    <SUD>45,000000</SUD>
    <AUST>45,000000</AUST>
    <BRNN>45,000000</BRNN>
    <COAC>45,000000</COAC>
    <CORS>45,000000</CORS>
    <FOGN>45,000000</FOGN>
    <FRAN>45,000000</FRAN>
    <GREC>45,000000</GREC>
    <MFTV>45,000000</MFTV>
    <PRGP>65,510000</PRGP>
    <ROSN>45,000000</ROSN>
    <SLOV>45,000000</SLOV>
    <SVIZ>45,000000</SVIZ>
    <BSP>45,000000</BSP>
    <MALT>3000,000000</MALT>
    <XAUS>45,000000</XAUS>
    <XFRA>45,000000</XFRA>
  </Prezzi>
  <Prezzi>
    <Data>20150304</Data>
    <Mercato>MGP</Mercato>
    <Ora>3</Ora>
    <PUN>45,774020</PUN>
    <NAT>44,800000</NAT>
    <CNOR>44,640000</CNOR>
    <CSUD>44,640000</CSUD>
    <NORD>44,640000</NORD>
    <SARD>44,640000</SARD>
    <SICI>65,510000</SICI>
    <SUD>44,640000</SUD>
    <AUST>44,640000</AUST>
    <BRNN>44,640000</BRNN>
    <COAC>44,640000</COAC>
    <CORS>44,640000</CORS>
    <FOGN>44,640000</FOGN>
    <FRAN>44,640000</FRAN>
    <GREC>44,640000</GREC>
    <MFTV>44,640000</MFTV>
    <PRGP>65,510000</PRGP>
    <ROSN>44,640000</ROSN>
    <SLOV>44,640000</SLOV>
    <SVIZ>44,640000</SVIZ>
    <BSP>44,640000</BSP>
    <MALT>3000,000000</MALT>
    <XAUS>44,640000</XAUS>
    <XFRA>44,640000</XFRA>
  </Prezzi>
  <Prezzi>
    <Data>20150304</Data>
    <Mercato>MGP</Mercato>
    <Ora>4</Ora>
    <PUN>44,102490</PUN>
    <NAT>43,050000</NAT>
    <CNOR>42,890000</CNOR>
    <CSUD>42,890000</CSUD>
    <NORD>42,890000</NORD>
    <SARD>42,890000</SARD>
    <SICI>65,510000</SICI>
    <SUD>42,890000</SUD>
    <AUST>42,890000</AUST>
    <BRNN>42,890000</BRNN>
    <COAC>42,890000</COAC>
    <CORS>42,890000</CORS>
    <FOGN>42,890000</FOGN>
    <FRAN>42,890000</FRAN>
    <GREC>42,890000</GREC>
    <MFTV>42,890000</MFTV>
    <PRGP>65,510000</PRGP>
    <ROSN>42,890000</ROSN>
    <SLOV>42,890000</SLOV>
    <SVIZ>42,890000</SVIZ>
    <BSP>42,890000</BSP>
    <MALT>3000,000000</MALT>
    <XAUS>42,890000</XAUS>
    <XFRA>42,890000</XFRA>
  </Prezzi>
  <Prezzi>
    <Data>20150304</Data>
    <Mercato>MGP</Mercato>
    <Ora>5</Ora>
    <PUN>42,367840</PUN>
    <NAT>41,050000</NAT>
    <CNOR>41,050000</CNOR>
    <CSUD>41,050000</CSUD>
    <NORD>41,050000</NORD>
    <SARD>41,050000</SARD>
    <SICI>65,510000</SICI>
    <SUD>41,050000</SUD>
    <AUST>41,050000</AUST>
    <BRNN>41,050000</BRNN>
    <COAC>41,050000</COAC>
    <CORS>41,050000</CORS>
    <FOGN>41,050000</FOGN>
    <FRAN>41,050000</FRAN>
    <GREC>41,050000</GREC>
    <MFTV>41,050000</MFTV>
    <PRGP>65,510000</PRGP>
    <ROSN>41,050000</ROSN>
    <SLOV>41,050000</SLOV>
    <SVIZ>41,050000</SVIZ>
    <BSP>41,050000</BSP>
    <MALT>3000,000000</MALT>
    <XAUS>41,050000</XAUS>
    <XFRA>41,050000</XFRA>
  </Prezzi>
  <Prezzi>
    <Data>20150304</Data>
    <Mercato>MGP</Mercato>
    <Ora>6</Ora>
    <PUN>44,719140</PUN>
    <NAT>43,950000</NAT>
    <CNOR>43,530000</CNOR>
    <CSUD>43,530000</CSUD>
    <NORD>43,530000</NORD>
    <SARD>43,530000</SARD>
    <SICI>65,510000</SICI>
    <SUD>43,530000</SUD>
    <AUST>43,530000</AUST>
    <BRNN>43,530000</BRNN>
    <COAC>43,530000</COAC>
    <CORS>43,530000</CORS>
    <FOGN>43,530000</FOGN>
    <FRAN>43,530000</FRAN>
    <GREC>43,530000</GREC>
    <MFTV>43,530000</MFTV>
    <PRGP>65,510000</PRGP>
    <ROSN>43,530000</ROSN>
    <SLOV>43,530000</SLOV>
    <SVIZ>43,530000</SVIZ>
    <BSP>43,530000</BSP>
    <MALT>3000,000000</MALT>
    <XAUS>43,530000</XAUS>
    <XFRA>43,530000</XFRA>
  </Prezzi>
  <Prezzi>
    <Data>20150304</Data>
    <Mercato>MGP</Mercato>
    <Ora>7</Ora>
    <PUN>51,455920</PUN>
    <NAT>51,860000</NAT>
    <CNOR>50,700000</CNOR>
    <CSUD>50,700000</CSUD>
    <NORD>50,700000</NORD>
    <SARD>50,700000</SARD>
    <SICI>65,510000</SICI>
    <SUD>50,700000</SUD>
    <AUST>50,700000</AUST>
    <BRNN>50,700000</BRNN>
    <COAC>50,700000</COAC>
    <CORS>50,700000</CORS>
    <FOGN>50,700000</FOGN>
    <FRAN>50,700000</FRAN>
    <GREC>50,700000</GREC>
    <MFTV>50,700000</MFTV>
    <PRGP>65,510000</PRGP>
    <ROSN>50,700000</ROSN>
    <SLOV>50,700000</SLOV>
    <SVIZ>50,700000</SVIZ>
    <BSP>50,700000</BSP>
    <MALT>3000,000000</MALT>
    <XAUS>50,700000</XAUS>
    <XFRA>50,700000</XFRA>
  </Prezzi>
  <Prezzi>
    <Data>20150304</Data>
    <Mercato>MGP</Mercato>
    <Ora>8</Ora>
    <PUN>54,228560</PUN>
    <NAT>54,110000</NAT>
    <CNOR>53,730000</CNOR>
    <CSUD>53,200000</CSUD>
    <NORD>53,730000</NORD>
    <SARD>53,730000</SARD>
    <SICI>65,700000</SICI>
    <SUD>53,200000</SUD>
    <AUST>53,730000</AUST>
    <BRNN>53,200000</BRNN>
    <COAC>53,730000</COAC>
    <CORS>53,730000</CORS>
    <FOGN>53,200000</FOGN>
    <FRAN>53,730000</FRAN>
    <GREC>53,200000</GREC>
    <MFTV>53,730000</MFTV>
    <PRGP>65,700000</PRGP>
    <ROSN>53,200000</ROSN>
    <SLOV>53,730000</SLOV>
    <SVIZ>53,730000</SVIZ>
    <BSP>53,730000</BSP>
    <MALT>3000,000000</MALT>
    <XAUS>53,730000</XAUS>
    <XFRA>53,730000</XFRA>
  </Prezzi>
  <Prezzi>
    <Data>20150304</Data>
    <Mercato>MGP</Mercato>
    <Ora>9</Ora>
    <PUN>62,061450</PUN>
    <NAT>61,510000</NAT>
    <CNOR>62,870000</CNOR>
    <CSUD>62,870000</CSUD>
    <NORD>62,870000</NORD>
    <SARD>62,870000</SARD>
    <SICI>65,700000</SICI>
    <SUD>53,130000</SUD>
    <AUST>62,870000</AUST>
    <BRNN>53,130000</BRNN>
    <COAC>62,870000</COAC>
    <CORS>62,870000</CORS>
    <FOGN>53,130000</FOGN>
    <FRAN>62,870000</FRAN>
    <GREC>53,130000</GREC>
    <MFTV>62,870000</MFTV>
    <PRGP>65,700000</PRGP>
    <ROSN>53,130000</ROSN>
    <SLOV>62,870000</SLOV>
    <SVIZ>62,870000</SVIZ>
    <BSP>62,870000</BSP>
    <MALT>3000,000000</MALT>
    <XAUS>62,870000</XAUS>
    <XFRA>62,870000</XFRA>
  </Prezzi>
  <Prezzi>
    <Data>20150304</Data>
    <Mercato>MGP</Mercato>
    <Ora>10</Ora>
    <PUN>60,451180</PUN>
    <NAT>59,480000</NAT>
    <CNOR>62,530000</CNOR>
    <CSUD>62,530000</CSUD>
    <NORD>62,530000</NORD>
    <SARD>62,530000</SARD>
    <SICI>65,510000</SICI>
    <SUD>39,120000</SUD>
    <AUST>62,530000</AUST>
    <BRNN>39,120000</BRNN>
    <COAC>62,530000</COAC>
    <CORS>62,530000</CORS>
    <FOGN>39,120000</FOGN>
    <FRAN>62,530000</FRAN>
    <GREC>39,120000</GREC>
    <MFTV>62,530000</MFTV>
    <PRGP>65,510000</PRGP>
    <ROSN>39,120000</ROSN>
    <SLOV>62,530000</SLOV>
    <SVIZ>62,530000</SVIZ>
    <BSP>62,530000</BSP>
    <MALT>3000,000000</MALT>
    <XAUS>62,530000</XAUS>
    <XFRA>62,530000</XFRA>
  </Prezzi>
  <Prezzi>
    <Data>20150304</Data>
    <Mercato>MGP</Mercato>
    <Ora>11</Ora>
    <PUN>54,509240</PUN>
    <NAT>54,000000</NAT>
    <CNOR>54,900000</CNOR>
    <CSUD>54,900000</CSUD>
    <NORD>54,900000</NORD>
    <SARD>54,900000</SARD>
    <SICI>65,330000</SICI>
    <SUD>45,820000</SUD>
    <AUST>54,900000</AUST>
    <BRNN>45,820000</BRNN>
    <COAC>54,900000</COAC>
    <CORS>54,900000</CORS>
    <FOGN>45,820000</FOGN>
    <FRAN>54,900000</FRAN>
    <GREC>45,820000</GREC>
    <MFTV>54,900000</MFTV>
    <PRGP>65,330000</PRGP>
    <ROSN>45,820000</ROSN>
    <SLOV>54,900000</SLOV>
    <SVIZ>54,900000</SVIZ>
    <BSP>54,900000</BSP>
    <MALT>3000,000000</MALT>
    <XAUS>54,900000</XAUS>
    <XFRA>54,900000</XFRA>
  </Prezzi>
  <Prezzi>
    <Data>20150304</Data>
    <Mercato>MGP</Mercato>
    <Ora>12</Ora>
    <PUN>52,138500</PUN>
    <NAT>53,010000</NAT>
    <CNOR>47,900000</CNOR>
    <CSUD>47,900000</CSUD>
    <NORD>54,030000</NORD>
    <SARD>47,900000</SARD>
    <SICI>65,510000</SICI>
    <SUD>45,820000</SUD>
    <AUST>54,030000</AUST>
    <BRNN>45,820000</BRNN>
    <COAC>47,900000</COAC>
    <CORS>47,900000</CORS>
    <FOGN>45,820000</FOGN>
    <FRAN>54,030000</FRAN>
    <GREC>45,820000</GREC>
    <MFTV>54,030000</MFTV>
    <PRGP>65,510000</PRGP>
    <ROSN>45,820000</ROSN>
    <SLOV>54,030000</SLOV>
    <SVIZ>54,030000</SVIZ>
    <BSP>54,030000</BSP>
    <MALT>3000,000000</MALT>
    <XAUS>54,030000</XAUS>
    <XFRA>54,030000</XFRA>
  </Prezzi>
  <Prezzi>
    <Data>20150304</Data>
    <Mercato>MGP</Mercato>
    <Ora>13</Ora>
    <PUN>52,107310</PUN>
    <NAT>50,100000</NAT>
    <CNOR>52,100000</CNOR>
    <CSUD>52,100000</CSUD>
    <NORD>52,100000</NORD>
    <SARD>52,100000</SARD>
    <SICI>65,510000</SICI>
    <SUD>45,820000</SUD>
    <AUST>52,100000</AUST>
    <BRNN>45,820000</BRNN>
    <COAC>52,100000</COAC>
    <CORS>52,100000</CORS>
    <FOGN>45,820000</FOGN>
    <FRAN>52,100000</FRAN>
    <GREC>45,820000</GREC>
    <MFTV>52,100000</MFTV>
    <PRGP>65,510000</PRGP>
    <ROSN>45,820000</ROSN>
    <SLOV>52,100000</SLOV>
    <SVIZ>52,100000</SVIZ>
    <BSP>52,100000</BSP>
    <MALT>3000,000000</MALT>
    <XAUS>52,100000</XAUS>
    <XFRA>52,100000</XFRA>
  </Prezzi>
  <Prezzi>
    <Data>20150304</Data>
    <Mercato>MGP</Mercato>
    <Ora>14</Ora>
    <PUN>51,298720</PUN>
    <NAT>50,900000</NAT>
    <CNOR>47,190000</CNOR>
    <CSUD>47,190000</CSUD>
    <NORD>53,100000</NORD>
    <SARD>47,190000</SARD>
    <SICI>65,330000</SICI>
    <SUD>44,960000</SUD>
    <AUST>53,100000</AUST>
    <BRNN>44,960000</BRNN>
    <COAC>47,190000</COAC>
    <CORS>47,190000</CORS>
    <FOGN>44,960000</FOGN>
    <FRAN>53,100000</FRAN>
    <GREC>44,960000</GREC>
    <MFTV>53,100000</MFTV>
    <PRGP>65,330000</PRGP>
    <ROSN>44,960000</ROSN>
    <SLOV>53,100000</SLOV>
    <SVIZ>53,100000</SVIZ>
    <BSP>53,100000</BSP>
    <MALT>3000,000000</MALT>
    <XAUS>53,100000</XAUS>
    <XFRA>53,100000</XFRA>
  </Prezzi>
  <Prezzi>
    <Data>20150304</Data>
    <Mercato>MGP</Mercato>
    <Ora>15</Ora>
    <PUN>53,672010</PUN>
    <NAT>53,000000</NAT>
    <CNOR>53,980000</CNOR>
    <CSUD>53,980000</CSUD>
    <NORD>53,980000</NORD>
    <SARD>53,980000</SARD>
    <SICI>65,510000</SICI>
    <SUD>45,280000</SUD>
    <AUST>53,980000</AUST>
    <BRNN>45,280000</BRNN>
    <COAC>53,980000</COAC>
    <CORS>53,980000</CORS>
    <FOGN>45,280000</FOGN>
    <FRAN>53,980000</FRAN>
    <GREC>45,280000</GREC>
    <MFTV>53,980000</MFTV>
    <PRGP>65,510000</PRGP>
    <ROSN>45,280000</ROSN>
    <SLOV>53,980000</SLOV>
    <SVIZ>53,980000</SVIZ>
    <BSP>53,980000</BSP>
    <MALT>3000,000000</MALT>
    <XAUS>53,980000</XAUS>
    <XFRA>53,980000</XFRA>
  </Prezzi>
  <Prezzi>
    <Data>20150304</Data>
    <Mercato>MGP</Mercato>
    <Ora>16</Ora>
    <PUN>54,515610</PUN>
    <NAT>53,880000</NAT>
    <CNOR>54,350000</CNOR>
    <CSUD>54,350000</CSUD>
    <NORD>54,350000</NORD>
    <SARD>54,350000</SARD>
    <SICI>65,510000</SICI>
    <SUD>50,850000</SUD>
    <AUST>54,350000</AUST>
    <BRNN>50,850000</BRNN>
    <COAC>54,350000</COAC>
    <CORS>54,350000</CORS>
    <FOGN>50,850000</FOGN>
    <FRAN>54,350000</FRAN>
    <GREC>50,850000</GREC>
    <MFTV>54,350000</MFTV>
    <PRGP>65,510000</PRGP>
    <ROSN>50,850000</ROSN>
    <SLOV>54,350000</SLOV>
    <SVIZ>54,350000</SVIZ>
    <BSP>54,350000</BSP>
    <MALT>3000,000000</MALT>
    <XAUS>54,350000</XAUS>
    <XFRA>54,350000</XFRA>
  </Prezzi>
  <Prezzi>
    <Data>20150304</Data>
    <Mercato>MGP</Mercato>
    <Ora>17</Ora>
    <PUN>56,085210</PUN>
    <NAT>55,660000</NAT>
    <CNOR>55,630000</CNOR>
    <CSUD>55,630000</CSUD>
    <NORD>55,630000</NORD>
    <SARD>55,630000</SARD>
    <SICI>65,510000</SICI>
    <SUD>55,630000</SUD>
    <AUST>55,630000</AUST>
    <BRNN>55,630000</BRNN>
    <COAC>55,630000</COAC>
    <CORS>55,630000</CORS>
    <FOGN>55,630000</FOGN>
    <FRAN>55,630000</FRAN>
    <GREC>55,630000</GREC>
    <MFTV>55,630000</MFTV>
    <PRGP>65,510000</PRGP>
    <ROSN>55,630000</ROSN>
    <SLOV>55,630000</SLOV>
    <SVIZ>55,630000</SVIZ>
    <BSP>55,630000</BSP>
    <MALT>3000,000000</MALT>
    <XAUS>55,630000</XAUS>
    <XFRA>55,630000</XFRA>
  </Prezzi>
  <Prezzi>
    <Data>20150304</Data>
    <Mercato>MGP</Mercato>
    <Ora>18</Ora>
    <PUN>56,227040</PUN>
    <NAT>56,270000</NAT>
    <CNOR>55,730000</CNOR>
    <CSUD>55,730000</CSUD>
    <NORD>55,730000</NORD>
    <SARD>55,730000</SARD>
    <SICI>65,700000</SICI>
    <SUD>55,730000</SUD>
    <AUST>55,730000</AUST>
    <BRNN>55,730000</BRNN>
    <COAC>55,730000</COAC>
    <CORS>55,730000</CORS>
    <FOGN>55,730000</FOGN>
    <FRAN>55,730000</FRAN>
    <GREC>55,730000</GREC>
    <MFTV>55,730000</MFTV>
    <PRGP>65,700000</PRGP>
    <ROSN>55,730000</ROSN>
    <SLOV>55,730000</SLOV>
    <SVIZ>55,730000</SVIZ>
    <BSP>55,730000</BSP>
    <MALT>3000,000000</MALT>
    <XAUS>55,730000</XAUS>
    <XFRA>55,730000</XFRA>
  </Prezzi>
  <Prezzi>
    <Data>20150304</Data>
    <Mercato>MGP</Mercato>
    <Ora>19</Ora>
    <PUN>68,926170</PUN>
    <NAT>67,990000</NAT>
    <CNOR>69,160000</CNOR>
    <CSUD>69,160000</CSUD>
    <NORD>69,160000</NORD>
    <SARD>69,160000</SARD>
    <SICI>67,590000</SICI>
    <SUD>67,590000</SUD>
    <AUST>69,160000</AUST>
    <BRNN>67,590000</BRNN>
    <COAC>69,160000</COAC>
    <CORS>69,160000</CORS>
    <FOGN>67,590000</FOGN>
    <FRAN>69,160000</FRAN>
    <GREC>67,590000</GREC>
    <MFTV>69,160000</MFTV>
    <PRGP>67,590000</PRGP>
    <ROSN>67,590000</ROSN>
    <SLOV>69,160000</SLOV>
    <SVIZ>69,160000</SVIZ>
    <BSP>69,160000</BSP>
    <MALT>3000,000000</MALT>
    <XAUS>69,160000</XAUS>
    <XFRA>69,160000</XFRA>
  </Prezzi>
  <Prezzi>
    <Data>20150304</Data>
    <Mercato>MGP</Mercato>
    <Ora>20</Ora>
    <PUN>67,721970</PUN>
    <NAT>67,730000</NAT>
    <CNOR>67,730000</CNOR>
    <CSUD>67,730000</CSUD>
    <NORD>67,730000</NORD>
    <SARD>67,730000</SARD>
    <SICI>67,590000</SICI>
    <SUD>67,730000</SUD>
    <AUST>67,730000</AUST>
    <BRNN>67,730000</BRNN>
    <COAC>67,730000</COAC>
    <CORS>67,730000</CORS>
    <FOGN>67,730000</FOGN>
    <FRAN>67,730000</FRAN>
    <GREC>67,730000</GREC>
    <MFTV>67,730000</MFTV>
    <PRGP>67,590000</PRGP>
    <ROSN>67,590000</ROSN>
    <SLOV>67,730000</SLOV>
    <SVIZ>67,730000</SVIZ>
    <BSP>67,730000</BSP>
    <MALT>3000,000000</MALT>
    <XAUS>67,730000</XAUS>
    <XFRA>67,730000</XFRA>
  </Prezzi>
  <Prezzi>
    <Data>20150304</Data>
    <Mercato>MGP</Mercato>
    <Ora>21</Ora>
    <PUN>57,967250</PUN>
    <NAT>58,500000</NAT>
    <CNOR>57,460000</CNOR>
    <CSUD>57,460000</CSUD>
    <NORD>57,460000</NORD>
    <SARD>57,460000</SARD>
    <SICI>65,930000</SICI>
    <SUD>57,460000</SUD>
    <AUST>57,460000</AUST>
    <BRNN>57,460000</BRNN>
    <COAC>57,460000</COAC>
    <CORS>57,460000</CORS>
    <FOGN>57,460000</FOGN>
    <FRAN>57,460000</FRAN>
    <GREC>57,460000</GREC>
    <MFTV>57,460000</MFTV>
    <PRGP>65,930000</PRGP>
    <ROSN>57,460000</ROSN>
    <SLOV>57,460000</SLOV>
    <SVIZ>57,460000</SVIZ>
    <BSP>57,460000</BSP>
    <MALT>3000,000000</MALT>
    <XAUS>57,460000</XAUS>
    <XFRA>57,460000</XFRA>
  </Prezzi>
  <Prezzi>
    <Data>20150304</Data>
    <Mercato>MGP</Mercato>
    <Ora>22</Ora>
    <PUN>53,787550</PUN>
    <NAT>53,700000</NAT>
    <CNOR>53,010000</CNOR>
    <CSUD>53,010000</CSUD>
    <NORD>53,010000</NORD>
    <SARD>53,010000</SARD>
    <SICI>65,700000</SICI>
    <SUD>53,010000</SUD>
    <AUST>53,010000</AUST>
    <BRNN>53,010000</BRNN>
    <COAC>53,010000</COAC>
    <CORS>53,010000</CORS>
    <FOGN>53,010000</FOGN>
    <FRAN>53,010000</FRAN>
    <GREC>53,010000</GREC>
    <MFTV>53,010000</MFTV>
    <PRGP>65,700000</PRGP>
    <ROSN>53,010000</ROSN>
    <SLOV>53,010000</SLOV>
    <SVIZ>53,010000</SVIZ>
    <BSP>53,010000</BSP>
    <MALT>3000,000000</MALT>
    <XAUS>53,010000</XAUS>
    <XFRA>53,010000</XFRA>
  </Prezzi>
  <Prezzi>
    <Data>20150304</Data>
    <Mercato>MGP</Mercato>
    <Ora>23</Ora>
    <PUN>50,889430</PUN>
    <NAT>52,400000</NAT>
    <CNOR>49,910000</CNOR>
    <CSUD>49,910000</CSUD>
    <NORD>49,910000</NORD>
    <SARD>49,910000</SARD>
    <SICI>65,700000</SICI>
    <SUD>49,910000</SUD>
    <AUST>49,910000</AUST>
    <BRNN>49,910000</BRNN>
    <COAC>49,910000</COAC>
    <CORS>49,910000</CORS>
    <FOGN>49,910000</FOGN>
    <FRAN>49,910000</FRAN>
    <GREC>49,910000</GREC>
    <MFTV>49,910000</MFTV>
    <PRGP>65,700000</PRGP>
    <ROSN>49,910000</ROSN>
    <SLOV>49,910000</SLOV>
    <SVIZ>49,910000</SVIZ>
    <BSP>49,910000</BSP>
    <MALT>3000,000000</MALT>
    <XAUS>49,910000</XAUS>
    <XFRA>49,910000</XFRA>
  </Prezzi>
  <Prezzi>
    <Data>20150304</Data>
    <Mercato>MGP</Mercato>
    <Ora>24</Ora>
    <PUN>48,500000</PUN>
    <NAT>48,030000</NAT>
    <CNOR>47,447150</CNOR>
    <CSUD>47,447150</CSUD>
    <NORD>47,447150</NORD>
    <SARD>47,447150</SARD>
    <SICI>65,150000</SICI>
    <SUD>47,447150</SUD>
    <AUST>47,447150</AUST>
    <BRNN>47,447150</BRNN>
    <COAC>47,447150</COAC>
    <CORS>47,447150</CORS>
    <FOGN>47,447150</FOGN>
    <FRAN>47,447150</FRAN>
    <GREC>47,447150</GREC>
    <MFTV>47,447150</MFTV>
    <PRGP>65,150000</PRGP>
    <ROSN>47,447150</ROSN>
    <SLOV>47,447150</SLOV>
    <SVIZ>47,447150</SVIZ>
    <BSP>47,447150</BSP>
    <MALT>3000,000000</MALT>
    <XAUS>47,447150</XAUS>
    <XFRA>47,447150</XFRA>
  </Prezzi>
</NewDataSet>