<?xml version="1.0" standalone="yes"?>
<NewDataSet>
  <xs:schema id="NewDataSet" xmlns="" xmlns:xs="http://www.w3.org/2001/XMLSchema" xmlns:msdata="urn:schemas-microsoft-com:xml-msdata">
    <xs:element name="NewDataSet" msdata:IsDataSet="true" msdata:UseCurrentLocale="true">
      <xs:complexType>
        <xs:choice minOccurs="0" maxOccurs="unbounded">
          <xs:element name="Prezzi">
            <xs:complexType>
              <xs:sequence>
                <xs:element name="Data" type="xs:string" minOccurs="0" />
                <xs:element name="Mercato" type="xs:string" minOccurs="0" />
                <xs:element name="Ora" type="xs:string" minOccurs="0" />
                <xs:element name="PUN" type="xs:string" minOccurs="0" />
                <xs:element name="NAT" type="xs:string" minOccurs="0" />
                <xs:element name="CNOR" type="xs:string" minOccurs="0" />
                <xs:element name="CSUD" type="xs:string" minOccurs="0" />
                <xs:element name="NORD" type="xs:string" minOccurs="0" />
                <xs:element name="SARD" type="xs:string" minOccurs="0" />
                <xs:element name="SICI" type="xs:string" minOccurs="0" />
                <xs:element name="SUD" type="xs:string" minOccurs="0" />
                <xs:element name="AUST" type="xs:string" minOccurs="0" />
                <xs:element name="BRNN" type="xs:string" minOccurs="0" />
                <xs:element name="COAC" type="xs:string" minOccurs="0" />
                <xs:element name="CORS" type="xs:string" minOccurs="0" />
                <xs:element name="FOGN" type="xs:string" minOccurs="0" />
                <xs:element name="FRAN" type="xs:string" minOccurs="0" />
                <xs:element name="GREC" type="xs:string" minOccurs="0" />
                <xs:element name="MFTV" type="xs:string" minOccurs="0" />
                <xs:element name="PRGP" type="xs:string" minOccurs="0" />
                <xs:element name="ROSN" type="xs:string" minOccurs="0" />
                <xs:element name="SLOV" type="xs:string" minOccurs="0" />
                <xs:element name="SVIZ" type="xs:string" minOccurs="0" />
                <xs:element name="BSP" type="xs:string" minOccurs="0" />
                <xs:element name="MALT" type="xs:string" minOccurs="0" />
                <xs:element name="XAUS" type="xs:string" minOccurs="0" />
                <xs:element name="XFRA" type="xs:string" minOccurs="0" />
              </xs:sequence>
            </xs:complexType>
          </xs:element>
        </xs:choice>
      </xs:complexType>
    </xs:element>
  </xs:schema>
  <Prezzi>
    <Data>20150325</Data>
    <Mercato>MGP</Mercato>
    <Ora>1</Ora>
    <PUN>44,057600</PUN>
    <NAT>44,600000</NAT>
    <CNOR>44,652060</CNOR>
    <CSUD>44,652060</CSUD>
    <NORD>44,652060</NORD>
    <SARD>44,652060</SARD>
    <SICI>34,990000</SICI>
    <SUD>44,652060</SUD>
    <AUST>44,652060</AUST>
    <BRNN>44,652060</BRNN>
    <COAC>44,652060</COAC>
    <CORS>44,652060</CORS>
    <FOGN>44,652060</FOGN>
    <FRAN>44,652060</FRAN>
    <GREC>44,652060</GREC>
    <MFTV>44,652060</MFTV>
    <PRGP>34,990000</PRGP>
    <ROSN>44,652060</ROSN>
    <SLOV>44,652060</SLOV>
    <SVIZ>44,652060</SVIZ>
    <BSP>44,652060</BSP>
    <MALT>3000,000000</MALT>
    <XAUS>44,652060</XAUS>
    <XFRA>44,652060</XFRA>
  </Prezzi>
  <Prezzi>
    <Data>20150325</Data>
    <Mercato>MGP</Mercato>
    <Ora>2</Ora>
    <PUN>41,302280</PUN>
    <NAT>41,000000</NAT>
    <CNOR>41,960000</CNOR>
    <CSUD>41,960000</CSUD>
    <NORD>41,960000</NORD>
    <SARD>41,960000</SARD>
    <SICI>30,710000</SICI>
    <SUD>41,960000</SUD>
    <AUST>41,960000</AUST>
    <BRNN>41,960000</BRNN>
    <COAC>41,960000</COAC>
    <CORS>41,960000</CORS>
    <FOGN>41,960000</FOGN>
    <FRAN>41,960000</FRAN>
    <GREC>41,960000</GREC>
    <MFTV>41,960000</MFTV>
    <PRGP>30,710000</PRGP>
    <ROSN>41,960000</ROSN>
    <SLOV>41,960000</SLOV>
    <SVIZ>41,960000</SVIZ>
    <BSP>41,960000</BSP>
    <MALT>3000,000000</MALT>
    <XAUS>41,960000</XAUS>
    <XFRA>41,960000</XFRA>
  </Prezzi>
  <Prezzi>
    <Data>20150325</Data>
    <Mercato>MGP</Mercato>
    <Ora>3</Ora>
    <PUN>39,518990</PUN>
    <NAT>40,000000</NAT>
    <CNOR>40,060000</CNOR>
    <CSUD>40,060000</CSUD>
    <NORD>40,060000</NORD>
    <SARD>40,060000</SARD>
    <SICI>30,710000</SICI>
    <SUD>40,060000</SUD>
    <AUST>40,060000</AUST>
    <BRNN>40,060000</BRNN>
    <COAC>40,060000</COAC>
    <CORS>40,060000</CORS>
    <FOGN>40,060000</FOGN>
    <FRAN>40,060000</FRAN>
    <GREC>40,060000</GREC>
    <MFTV>40,060000</MFTV>
    <PRGP>30,710000</PRGP>
    <ROSN>40,060000</ROSN>
    <SLOV>40,060000</SLOV>
    <SVIZ>40,060000</SVIZ>
    <BSP>40,060000</BSP>
    <MALT>3000,000000</MALT>
    <XAUS>40,060000</XAUS>
    <XFRA>40,060000</XFRA>
  </Prezzi>
  <Prezzi>
    <Data>20150325</Data>
    <Mercato>MGP</Mercato>
    <Ora>4</Ora>
    <PUN>34,543110</PUN>
    <NAT>33,280000</NAT>
    <CNOR>34,800000</CNOR>
    <CSUD>34,800000</CSUD>
    <NORD>34,800000</NORD>
    <SARD>34,800000</SARD>
    <SICI>30,010000</SICI>
    <SUD>34,800000</SUD>
    <AUST>34,800000</AUST>
    <BRNN>34,800000</BRNN>
    <COAC>34,800000</COAC>
    <CORS>34,800000</CORS>
    <FOGN>34,800000</FOGN>
    <FRAN>34,800000</FRAN>
    <GREC>34,800000</GREC>
    <MFTV>34,800000</MFTV>
    <PRGP>30,010000</PRGP>
    <ROSN>34,800000</ROSN>
    <SLOV>34,800000</SLOV>
    <SVIZ>34,800000</SVIZ>
    <BSP>34,800000</BSP>
    <MALT>3000,000000</MALT>
    <XAUS>34,800000</XAUS>
    <XFRA>34,800000</XFRA>
  </Prezzi>
  <Prezzi>
    <Data>20150325</Data>
    <Mercato>MGP</Mercato>
    <Ora>5</Ora>
    <PUN>34,787530</PUN>
    <NAT>34,980000</NAT>
    <CNOR>29,040000</CNOR>
    <CSUD>29,040000</CSUD>
    <NORD>38,530000</NORD>
    <SARD>29,040000</SARD>
    <SICI>28,660000</SICI>
    <SUD>29,040000</SUD>
    <AUST>38,530000</AUST>
    <BRNN>29,040000</BRNN>
    <COAC>29,040000</COAC>
    <CORS>29,040000</CORS>
    <FOGN>29,040000</FOGN>
    <FRAN>38,530000</FRAN>
    <GREC>29,040000</GREC>
    <MFTV>38,530000</MFTV>
    <PRGP>28,660000</PRGP>
    <ROSN>29,040000</ROSN>
    <SLOV>38,530000</SLOV>
    <SVIZ>38,530000</SVIZ>
    <BSP>38,530000</BSP>
    <MALT>3000,000000</MALT>
    <XAUS>38,530000</XAUS>
    <XFRA>38,530000</XFRA>
  </Prezzi>
  <Prezzi>
    <Data>20150325</Data>
    <Mercato>MGP</Mercato>
    <Ora>6</Ora>
    <PUN>40,822540</PUN>
    <NAT>40,340000</NAT>
    <CNOR>40,790000</CNOR>
    <CSUD>38,390000</CSUD>
    <NORD>42,630000</NORD>
    <SARD>38,390000</SARD>
    <SICI>30,710000</SICI>
    <SUD>38,390000</SUD>
    <AUST>42,630000</AUST>
    <BRNN>38,390000</BRNN>
    <COAC>38,390000</COAC>
    <CORS>40,790000</CORS>
    <FOGN>38,390000</FOGN>
    <FRAN>42,630000</FRAN>
    <GREC>38,390000</GREC>
    <MFTV>42,630000</MFTV>
    <PRGP>30,710000</PRGP>
    <ROSN>38,390000</ROSN>
    <SLOV>42,630000</SLOV>
    <SVIZ>42,630000</SVIZ>
    <BSP>42,630000</BSP>
    <MALT>3000,000000</MALT>
    <XAUS>42,630000</XAUS>
    <XFRA>42,630000</XFRA>
  </Prezzi>
  <Prezzi>
    <Data>20150325</Data>
    <Mercato>MGP</Mercato>
    <Ora>7</Ora>
    <PUN>46,431900</PUN>
    <NAT>44,210000</NAT>
    <CNOR>45,120000</CNOR>
    <CSUD>38,530000</CSUD>
    <NORD>50,723820</NORD>
    <SARD>38,530000</SARD>
    <SICI>35,000000</SICI>
    <SUD>38,530000</SUD>
    <AUST>50,723820</AUST>
    <BRNN>38,530000</BRNN>
    <COAC>38,530000</COAC>
    <CORS>45,120000</CORS>
    <FOGN>38,530000</FOGN>
    <FRAN>50,723820</FRAN>
    <GREC>38,530000</GREC>
    <MFTV>50,723820</MFTV>
    <PRGP>35,000000</PRGP>
    <ROSN>38,530000</ROSN>
    <SLOV>50,723820</SLOV>
    <SVIZ>50,723820</SVIZ>
    <BSP>50,723820</BSP>
    <MALT>3000,000000</MALT>
    <XAUS>50,723820</XAUS>
    <XFRA>50,723820</XFRA>
  </Prezzi>
  <Prezzi>
    <Data>20150325</Data>
    <Mercato>MGP</Mercato>
    <Ora>8</Ora>
    <PUN>56,449420</PUN>
    <NAT>54,470000</NAT>
    <CNOR>44,410000</CNOR>
    <CSUD>44,410000</CSUD>
    <NORD>64,091990</NORD>
    <SARD>44,410000</SARD>
    <SICI>44,410000</SICI>
    <SUD>44,410000</SUD>
    <AUST>64,091990</AUST>
    <BRNN>44,410000</BRNN>
    <COAC>44,410000</COAC>
    <CORS>44,410000</CORS>
    <FOGN>44,410000</FOGN>
    <FRAN>64,091990</FRAN>
    <GREC>44,410000</GREC>
    <MFTV>64,091990</MFTV>
    <PRGP>44,410000</PRGP>
    <ROSN>44,410000</ROSN>
    <SLOV>64,091990</SLOV>
    <SVIZ>64,091990</SVIZ>
    <BSP>64,091990</BSP>
    <MALT>3000,000000</MALT>
    <XAUS>64,091990</XAUS>
    <XFRA>64,091990</XFRA>
  </Prezzi>
  <Prezzi>
    <Data>20150325</Data>
    <Mercato>MGP</Mercato>
    <Ora>9</Ora>
    <PUN>70,140000</PUN>
    <NAT>64,280000</NAT>
    <CNOR>53,340000</CNOR>
    <CSUD>53,340000</CSUD>
    <NORD>80,524020</NORD>
    <SARD>53,340000</SARD>
    <SICI>65,480000</SICI>
    <SUD>46,790000</SUD>
    <AUST>80,524020</AUST>
    <BRNN>46,790000</BRNN>
    <COAC>53,340000</COAC>
    <CORS>53,340000</CORS>
    <FOGN>46,790000</FOGN>
    <FRAN>80,524020</FRAN>
    <GREC>46,790000</GREC>
    <MFTV>80,524020</MFTV>
    <PRGP>65,480000</PRGP>
    <ROSN>46,790000</ROSN>
    <SLOV>80,524020</SLOV>
    <SVIZ>80,524020</SVIZ>
    <BSP>80,524020</BSP>
    <MALT>3000,000000</MALT>
    <XAUS>80,524020</XAUS>
    <XFRA>80,524020</XFRA>
  </Prezzi>
  <Prezzi>
    <Data>20150325</Data>
    <Mercato>MGP</Mercato>
    <Ora>10</Ora>
    <PUN>72,335390</PUN>
    <NAT>65,680000</NAT>
    <CNOR>70,980000</CNOR>
    <CSUD>57,500000</CSUD>
    <NORD>80,000000</NORD>
    <SARD>70,980000</SARD>
    <SICI>56,990000</SICI>
    <SUD>51,530000</SUD>
    <AUST>80,000000</AUST>
    <BRNN>51,530000</BRNN>
    <COAC>70,980000</COAC>
    <CORS>70,980000</CORS>
    <FOGN>51,530000</FOGN>
    <FRAN>80,000000</FRAN>
    <GREC>51,530000</GREC>
    <MFTV>80,000000</MFTV>
    <PRGP>56,990000</PRGP>
    <ROSN>51,530000</ROSN>
    <SLOV>80,000000</SLOV>
    <SVIZ>80,000000</SVIZ>
    <BSP>80,000000</BSP>
    <MALT>3000,000000</MALT>
    <XAUS>80,000000</XAUS>
    <XFRA>80,000000</XFRA>
  </Prezzi>
  <Prezzi>
    <Data>20150325</Data>
    <Mercato>MGP</Mercato>
    <Ora>11</Ora>
    <PUN>71,559210</PUN>
    <NAT>65,990000</NAT>
    <CNOR>60,990000</CNOR>
    <CSUD>60,990000</CSUD>
    <NORD>80,000000</NORD>
    <SARD>60,990000</SARD>
    <SICI>53,620000</SICI>
    <SUD>53,620000</SUD>
    <AUST>80,000000</AUST>
    <BRNN>53,620000</BRNN>
    <COAC>60,990000</COAC>
    <CORS>60,990000</CORS>
    <FOGN>53,620000</FOGN>
    <FRAN>80,000000</FRAN>
    <GREC>53,620000</GREC>
    <MFTV>80,000000</MFTV>
    <PRGP>53,620000</PRGP>
    <ROSN>53,620000</ROSN>
    <SLOV>80,000000</SLOV>
    <SVIZ>80,000000</SVIZ>
    <BSP>80,000000</BSP>
    <MALT>3000,000000</MALT>
    <XAUS>80,000000</XAUS>
    <XFRA>80,000000</XFRA>
  </Prezzi>
  <Prezzi>
    <Data>20150325</Data>
    <Mercato>MGP</Mercato>
    <Ora>12</Ora>
    <PUN>67,812500</PUN>
    <NAT>63,990000</NAT>
    <CNOR>51,300000</CNOR>
    <CSUD>51,300000</CSUD>
    <NORD>78,640000</NORD>
    <SARD>51,300000</SARD>
    <SICI>51,300000</SICI>
    <SUD>51,300000</SUD>
    <AUST>78,640000</AUST>
    <BRNN>51,300000</BRNN>
    <COAC>51,300000</COAC>
    <CORS>51,300000</CORS>
    <FOGN>51,300000</FOGN>
    <FRAN>78,640000</FRAN>
    <GREC>51,300000</GREC>
    <MFTV>78,640000</MFTV>
    <PRGP>51,300000</PRGP>
    <ROSN>51,300000</ROSN>
    <SLOV>78,640000</SLOV>
    <SVIZ>78,640000</SVIZ>
    <BSP>78,640000</BSP>
    <MALT>3000,000000</MALT>
    <XAUS>78,640000</XAUS>
    <XFRA>78,640000</XFRA>
  </Prezzi>
  <Prezzi>
    <Data>20150325</Data>
    <Mercato>MGP</Mercato>
    <Ora>13</Ora>
    <PUN>60,820000</PUN>
    <NAT>58,100000</NAT>
    <CNOR>65,008080</CNOR>
    <CSUD>53,260000</CSUD>
    <NORD>65,008080</NORD>
    <SARD>53,260000</SARD>
    <SICI>49,620000</SICI>
    <SUD>49,620000</SUD>
    <AUST>65,008080</AUST>
    <BRNN>49,620000</BRNN>
    <COAC>53,260000</COAC>
    <CORS>65,008080</CORS>
    <FOGN>49,620000</FOGN>
    <FRAN>65,008080</FRAN>
    <GREC>49,620000</GREC>
    <MFTV>65,008080</MFTV>
    <PRGP>49,620000</PRGP>
    <ROSN>49,620000</ROSN>
    <SLOV>65,008080</SLOV>
    <SVIZ>65,008080</SVIZ>
    <BSP>65,008080</BSP>
    <MALT>3000,000000</MALT>
    <XAUS>65,008080</XAUS>
    <XFRA>65,008080</XFRA>
  </Prezzi>
  <Prezzi>
    <Data>20150325</Data>
    <Mercato>MGP</Mercato>
    <Ora>14</Ora>
    <PUN>57,750000</PUN>
    <NAT>55,920000</NAT>
    <CNOR>48,340000</CNOR>
    <CSUD>48,340000</CSUD>
    <NORD>64,745780</NORD>
    <SARD>48,340000</SARD>
    <SICI>45,060000</SICI>
    <SUD>45,060000</SUD>
    <AUST>64,745780</AUST>
    <BRNN>45,060000</BRNN>
    <COAC>48,340000</COAC>
    <CORS>48,340000</CORS>
    <FOGN>45,060000</FOGN>
    <FRAN>64,745780</FRAN>
    <GREC>45,060000</GREC>
    <MFTV>64,745780</MFTV>
    <PRGP>45,060000</PRGP>
    <ROSN>45,060000</ROSN>
    <SLOV>64,745780</SLOV>
    <SVIZ>64,745780</SVIZ>
    <BSP>64,745780</BSP>
    <MALT>3000,000000</MALT>
    <XAUS>64,745780</XAUS>
    <XFRA>64,745780</XFRA>
  </Prezzi>
  <Prezzi>
    <Data>20150325</Data>
    <Mercato>MGP</Mercato>
    <Ora>15</Ora>
    <PUN>64,586540</PUN>
    <NAT>60,020000</NAT>
    <CNOR>47,530000</CNOR>
    <CSUD>47,530000</CSUD>
    <NORD>74,990000</NORD>
    <SARD>47,530000</SARD>
    <SICI>65,480000</SICI>
    <SUD>44,920000</SUD>
    <AUST>74,990000</AUST>
    <BRNN>44,920000</BRNN>
    <COAC>47,530000</COAC>
    <CORS>47,530000</CORS>
    <FOGN>44,920000</FOGN>
    <FRAN>74,990000</FRAN>
    <GREC>44,920000</GREC>
    <MFTV>74,990000</MFTV>
    <PRGP>65,480000</PRGP>
    <ROSN>44,920000</ROSN>
    <SLOV>74,990000</SLOV>
    <SVIZ>74,990000</SVIZ>
    <BSP>74,990000</BSP>
    <MALT>3000,000000</MALT>
    <XAUS>74,990000</XAUS>
    <XFRA>74,990000</XFRA>
  </Prezzi>
  <Prezzi>
    <Data>20150325</Data>
    <Mercato>MGP</Mercato>
    <Ora>16</Ora>
    <PUN>65,253850</PUN>
    <NAT>57,850000</NAT>
    <CNOR>49,390000</CNOR>
    <CSUD>49,390000</CSUD>
    <NORD>74,990000</NORD>
    <SARD>49,390000</SARD>
    <SICI>65,480000</SICI>
    <SUD>44,260000</SUD>
    <AUST>74,990000</AUST>
    <BRNN>44,260000</BRNN>
    <COAC>49,390000</COAC>
    <CORS>49,390000</CORS>
    <FOGN>44,260000</FOGN>
    <FRAN>74,990000</FRAN>
    <GREC>44,260000</GREC>
    <MFTV>74,990000</MFTV>
    <PRGP>65,480000</PRGP>
    <ROSN>44,260000</ROSN>
    <SLOV>74,990000</SLOV>
    <SVIZ>74,990000</SVIZ>
    <BSP>74,990000</BSP>
    <MALT>3000,000000</MALT>
    <XAUS>74,990000</XAUS>
    <XFRA>74,990000</XFRA>
  </Prezzi>
  <Prezzi>
    <Data>20150325</Data>
    <Mercato>MGP</Mercato>
    <Ora>17</Ora>
    <PUN>65,110000</PUN>
    <NAT>60,050000</NAT>
    <CNOR>51,410000</CNOR>
    <CSUD>51,410000</CSUD>
    <NORD>73,191460</NORD>
    <SARD>51,410000</SARD>
    <SICI>65,680000</SICI>
    <SUD>51,410000</SUD>
    <AUST>73,191460</AUST>
    <BRNN>51,410000</BRNN>
    <COAC>51,410000</COAC>
    <CORS>51,410000</CORS>
    <FOGN>51,410000</FOGN>
    <FRAN>73,191460</FRAN>
    <GREC>51,410000</GREC>
    <MFTV>73,191460</MFTV>
    <PRGP>65,680000</PRGP>
    <ROSN>51,410000</ROSN>
    <SLOV>73,191460</SLOV>
    <SVIZ>73,191460</SVIZ>
    <BSP>73,191460</BSP>
    <MALT>3000,000000</MALT>
    <XAUS>73,191460</XAUS>
    <XFRA>73,191460</XFRA>
  </Prezzi>
  <Prezzi>
    <Data>20150325</Data>
    <Mercato>MGP</Mercato>
    <Ora>18</Ora>
    <PUN>58,688250</PUN>
    <NAT>58,710000</NAT>
    <CNOR>58,830000</CNOR>
    <CSUD>58,830000</CSUD>
    <NORD>58,830000</NORD>
    <SARD>58,830000</SARD>
    <SICI>67,560000</SICI>
    <SUD>52,440000</SUD>
    <AUST>58,830000</AUST>
    <BRNN>52,440000</BRNN>
    <COAC>58,830000</COAC>
    <CORS>58,830000</CORS>
    <FOGN>52,440000</FOGN>
    <FRAN>58,830000</FRAN>
    <GREC>52,440000</GREC>
    <MFTV>58,830000</MFTV>
    <PRGP>67,560000</PRGP>
    <ROSN>52,440000</ROSN>
    <SLOV>58,830000</SLOV>
    <SVIZ>58,830000</SVIZ>
    <BSP>58,830000</BSP>
    <MALT>3000,000000</MALT>
    <XAUS>58,830000</XAUS>
    <XFRA>58,830000</XFRA>
  </Prezzi>
  <Prezzi>
    <Data>20150325</Data>
    <Mercato>MGP</Mercato>
    <Ora>19</Ora>
    <PUN>65,432110</PUN>
    <NAT>65,680000</NAT>
    <CNOR>64,000000</CNOR>
    <CSUD>64,000000</CSUD>
    <NORD>64,000000</NORD>
    <SARD>64,000000</SARD>
    <SICI>90,980000</SICI>
    <SUD>64,000000</SUD>
    <AUST>64,000000</AUST>
    <BRNN>64,000000</BRNN>
    <COAC>64,000000</COAC>
    <CORS>64,000000</CORS>
    <FOGN>64,000000</FOGN>
    <FRAN>64,000000</FRAN>
    <GREC>64,000000</GREC>
    <MFTV>64,000000</MFTV>
    <PRGP>90,980000</PRGP>
    <ROSN>64,000000</ROSN>
    <SLOV>64,000000</SLOV>
    <SVIZ>64,000000</SVIZ>
    <BSP>64,000000</BSP>
    <MALT>3000,000000</MALT>
    <XAUS>64,000000</XAUS>
    <XFRA>64,000000</XFRA>
  </Prezzi>
  <Prezzi>
    <Data>20150325</Data>
    <Mercato>MGP</Mercato>
    <Ora>20</Ora>
    <PUN>80,500000</PUN>
    <NAT>80,960000</NAT>
    <CNOR>79,794280</CNOR>
    <CSUD>79,794280</CSUD>
    <NORD>79,794280</NORD>
    <SARD>79,794280</SARD>
    <SICI>92,470000</SICI>
    <SUD>79,794280</SUD>
    <AUST>79,794280</AUST>
    <BRNN>79,794280</BRNN>
    <COAC>79,794280</COAC>
    <CORS>79,794280</CORS>
    <FOGN>79,794280</FOGN>
    <FRAN>79,794280</FRAN>
    <GREC>79,794280</GREC>
    <MFTV>79,794280</MFTV>
    <PRGP>92,470000</PRGP>
    <ROSN>79,794280</ROSN>
    <SLOV>79,794280</SLOV>
    <SVIZ>79,794280</SVIZ>
    <BSP>79,794280</BSP>
    <MALT>3000,000000</MALT>
    <XAUS>79,794280</XAUS>
    <XFRA>79,794280</XFRA>
  </Prezzi>
  <Prezzi>
    <Data>20150325</Data>
    <Mercato>MGP</Mercato>
    <Ora>21</Ora>
    <PUN>63,660000</PUN>
    <NAT>65,480000</NAT>
    <CNOR>62,210810</CNOR>
    <CSUD>62,210810</CSUD>
    <NORD>62,210810</NORD>
    <SARD>62,210810</SARD>
    <SICI>90,980000</SICI>
    <SUD>59,950000</SUD>
    <AUST>62,210810</AUST>
    <BRNN>59,950000</BRNN>
    <COAC>62,210810</COAC>
    <CORS>62,210810</CORS>
    <FOGN>59,950000</FOGN>
    <FRAN>62,210810</FRAN>
    <GREC>59,950000</GREC>
    <MFTV>62,210810</MFTV>
    <PRGP>90,980000</PRGP>
    <ROSN>59,950000</ROSN>
    <SLOV>62,210810</SLOV>
    <SVIZ>62,210810</SVIZ>
    <BSP>62,210810</BSP>
    <MALT>3000,000000</MALT>
    <XAUS>62,210810</XAUS>
    <XFRA>62,210810</XFRA>
  </Prezzi>
  <Prezzi>
    <Data>20150325</Data>
    <Mercato>MGP</Mercato>
    <Ora>22</Ora>
    <PUN>57,210100</PUN>
    <NAT>60,000000</NAT>
    <CNOR>56,560000</CNOR>
    <CSUD>56,560000</CSUD>
    <NORD>56,560000</NORD>
    <SARD>56,560000</SARD>
    <SICI>67,560000</SICI>
    <SUD>56,560000</SUD>
    <AUST>56,560000</AUST>
    <BRNN>56,560000</BRNN>
    <COAC>56,560000</COAC>
    <CORS>56,560000</CORS>
    <FOGN>56,560000</FOGN>
    <FRAN>56,560000</FRAN>
    <GREC>56,560000</GREC>
    <MFTV>56,560000</MFTV>
    <PRGP>67,560000</PRGP>
    <ROSN>56,560000</ROSN>
    <SLOV>56,560000</SLOV>
    <SVIZ>56,560000</SVIZ>
    <BSP>56,560000</BSP>
    <MALT>3000,000000</MALT>
    <XAUS>56,560000</XAUS>
    <XFRA>56,560000</XFRA>
  </Prezzi>
  <Prezzi>
    <Data>20150325</Data>
    <Mercato>MGP</Mercato>
    <Ora>23</Ora>
    <PUN>56,610380</PUN>
    <NAT>57,010000</NAT>
    <CNOR>55,930000</CNOR>
    <CSUD>55,930000</CSUD>
    <NORD>55,930000</NORD>
    <SARD>55,930000</SARD>
    <SICI>67,560000</SICI>
    <SUD>55,930000</SUD>
    <AUST>55,930000</AUST>
    <BRNN>55,930000</BRNN>
    <COAC>55,930000</COAC>
    <CORS>55,930000</CORS>
    <FOGN>55,930000</FOGN>
    <FRAN>55,930000</FRAN>
    <GREC>55,930000</GREC>
    <MFTV>55,930000</MFTV>
    <PRGP>67,560000</PRGP>
    <ROSN>55,930000</ROSN>
    <SLOV>55,930000</SLOV>
    <SVIZ>55,930000</SVIZ>
    <BSP>55,930000</BSP>
    <MALT>3000,000000</MALT>
    <XAUS>55,930000</XAUS>
    <XFRA>55,930000</XFRA>
  </Prezzi>
  <Prezzi>
    <Data>20150325</Data>
    <Mercato>MGP</Mercato>
    <Ora>24</Ora>
    <PUN>51,822920</PUN>
    <NAT>51,700000</NAT>
    <CNOR>51,000000</CNOR>
    <CSUD>51,000000</CSUD>
    <NORD>51,000000</NORD>
    <SARD>51,000000</SARD>
    <SICI>65,680000</SICI>
    <SUD>51,000000</SUD>
    <AUST>51,000000</AUST>
    <BRNN>51,000000</BRNN>
    <COAC>51,000000</COAC>
    <CORS>51,000000</CORS>
    <FOGN>51,000000</FOGN>
    <FRAN>51,000000</FRAN>
    <GREC>51,000000</GREC>
    <MFTV>51,000000</MFTV>
    <PRGP>65,680000</PRGP>
    <ROSN>51,000000</ROSN>
    <SLOV>51,000000</SLOV>
    <SVIZ>51,000000</SVIZ>
    <BSP>51,000000</BSP>
    <MALT>3000,000000</MALT>
    <XAUS>51,000000</XAUS>
    <XFRA>51,000000</XFRA>
  </Prezzi>
</NewDataSet>