<?xml version="1.0" standalone="yes"?>
<NewDataSet>
  <xs:schema id="NewDataSet" xmlns="" xmlns:xs="http://www.w3.org/2001/XMLSchema" xmlns:msdata="urn:schemas-microsoft-com:xml-msdata">
    <xs:element name="NewDataSet" msdata:IsDataSet="true" msdata:UseCurrentLocale="true">
      <xs:complexType>
        <xs:choice minOccurs="0" maxOccurs="unbounded">
          <xs:element name="Prezzi">
            <xs:complexType>
              <xs:sequence>
                <xs:element name="Data" type="xs:string" minOccurs="0" />
                <xs:element name="Mercato" type="xs:string" minOccurs="0" />
                <xs:element name="Ora" type="xs:string" minOccurs="0" />
                <xs:element name="PUN" type="xs:string" minOccurs="0" />
                <xs:element name="NAT" type="xs:string" minOccurs="0" />
                <xs:element name="CNOR" type="xs:string" minOccurs="0" />
                <xs:element name="CSUD" type="xs:string" minOccurs="0" />
                <xs:element name="NORD" type="xs:string" minOccurs="0" />
                <xs:element name="SARD" type="xs:string" minOccurs="0" />
                <xs:element name="SICI" type="xs:string" minOccurs="0" />
                <xs:element name="SUD" type="xs:string" minOccurs="0" />
                <xs:element name="AUST" type="xs:string" minOccurs="0" />
                <xs:element name="BRNN" type="xs:string" minOccurs="0" />
                <xs:element name="COAC" type="xs:string" minOccurs="0" />
                <xs:element name="CORS" type="xs:string" minOccurs="0" />
                <xs:element name="FOGN" type="xs:string" minOccurs="0" />
                <xs:element name="FRAN" type="xs:string" minOccurs="0" />
                <xs:element name="GREC" type="xs:string" minOccurs="0" />
                <xs:element name="MFTV" type="xs:string" minOccurs="0" />
                <xs:element name="PRGP" type="xs:string" minOccurs="0" />
                <xs:element name="ROSN" type="xs:string" minOccurs="0" />
                <xs:element name="SLOV" type="xs:string" minOccurs="0" />
                <xs:element name="SVIZ" type="xs:string" minOccurs="0" />
                <xs:element name="BSP" type="xs:string" minOccurs="0" />
                <xs:element name="MALT" type="xs:string" minOccurs="0" />
                <xs:element name="XAUS" type="xs:string" minOccurs="0" />
                <xs:element name="XFRA" type="xs:string" minOccurs="0" />
              </xs:sequence>
            </xs:complexType>
          </xs:element>
        </xs:choice>
      </xs:complexType>
    </xs:element>
  </xs:schema>
  <Prezzi>
    <Data>20150730</Data>
    <Mercato>MGP</Mercato>
    <Ora>1</Ora>
    <PUN>73,430000</PUN>
    <NAT>73,430000</NAT>
    <CNOR>73,430000</CNOR>
    <CSUD>73,430000</CSUD>
    <NORD>73,430000</NORD>
    <SARD>73,430000</SARD>
    <SICI>73,430000</SICI>
    <SUD>73,430000</SUD>
    <AUST>73,430000</AUST>
    <BRNN>73,430000</BRNN>
    <COAC>73,430000</COAC>
    <CORS>73,430000</CORS>
    <FOGN>73,430000</FOGN>
    <FRAN>73,430000</FRAN>
    <GREC>73,430000</GREC>
    <MFTV>73,430000</MFTV>
    <PRGP>73,430000</PRGP>
    <ROSN>73,430000</ROSN>
    <SLOV>73,430000</SLOV>
    <SVIZ>73,430000</SVIZ>
    <BSP>73,430000</BSP>
    <MALT>73,430000</MALT>
    <XAUS>73,430000</XAUS>
    <XFRA>73,430000</XFRA>
  </Prezzi>
  <Prezzi>
    <Data>20150730</Data>
    <Mercato>MGP</Mercato>
    <Ora>2</Ora>
    <PUN>66,704450</PUN>
    <NAT>66,330000</NAT>
    <CNOR>67,000000</CNOR>
    <CSUD>67,000000</CSUD>
    <NORD>67,000000</NORD>
    <SARD>67,000000</SARD>
    <SICI>62,140000</SICI>
    <SUD>67,000000</SUD>
    <AUST>67,000000</AUST>
    <BRNN>67,000000</BRNN>
    <COAC>67,000000</COAC>
    <CORS>67,000000</CORS>
    <FOGN>67,000000</FOGN>
    <FRAN>67,000000</FRAN>
    <GREC>67,000000</GREC>
    <MFTV>67,000000</MFTV>
    <PRGP>62,140000</PRGP>
    <ROSN>63,650000</ROSN>
    <SLOV>67,000000</SLOV>
    <SVIZ>67,000000</SVIZ>
    <BSP>67,000000</BSP>
    <MALT>62,140000</MALT>
    <XAUS>67,000000</XAUS>
    <XFRA>67,000000</XFRA>
  </Prezzi>
  <Prezzi>
    <Data>20150730</Data>
    <Mercato>MGP</Mercato>
    <Ora>3</Ora>
    <PUN>61,110000</PUN>
    <NAT>61,110000</NAT>
    <CNOR>61,110000</CNOR>
    <CSUD>61,110000</CSUD>
    <NORD>61,110000</NORD>
    <SARD>61,110000</SARD>
    <SICI>61,110000</SICI>
    <SUD>61,110000</SUD>
    <AUST>61,110000</AUST>
    <BRNN>61,110000</BRNN>
    <COAC>61,110000</COAC>
    <CORS>61,110000</CORS>
    <FOGN>61,110000</FOGN>
    <FRAN>61,110000</FRAN>
    <GREC>61,110000</GREC>
    <MFTV>61,110000</MFTV>
    <PRGP>61,110000</PRGP>
    <ROSN>61,110000</ROSN>
    <SLOV>61,110000</SLOV>
    <SVIZ>61,110000</SVIZ>
    <BSP>61,110000</BSP>
    <MALT>61,110000</MALT>
    <XAUS>61,110000</XAUS>
    <XFRA>61,110000</XFRA>
  </Prezzi>
  <Prezzi>
    <Data>20150730</Data>
    <Mercato>MGP</Mercato>
    <Ora>4</Ora>
    <PUN>60,034860</PUN>
    <NAT>60,000000</NAT>
    <CNOR>60,000000</CNOR>
    <CSUD>60,000000</CSUD>
    <NORD>60,000000</NORD>
    <SARD>60,000000</SARD>
    <SICI>60,560000</SICI>
    <SUD>60,000000</SUD>
    <AUST>60,000000</AUST>
    <BRNN>60,000000</BRNN>
    <COAC>60,000000</COAC>
    <CORS>60,000000</CORS>
    <FOGN>60,000000</FOGN>
    <FRAN>60,000000</FRAN>
    <GREC>60,000000</GREC>
    <MFTV>60,000000</MFTV>
    <PRGP>60,560000</PRGP>
    <ROSN>60,000000</ROSN>
    <SLOV>60,000000</SLOV>
    <SVIZ>60,000000</SVIZ>
    <BSP>60,000000</BSP>
    <MALT>60,560000</MALT>
    <XAUS>60,000000</XAUS>
    <XFRA>60,000000</XFRA>
  </Prezzi>
  <Prezzi>
    <Data>20150730</Data>
    <Mercato>MGP</Mercato>
    <Ora>5</Ora>
    <PUN>59,247520</PUN>
    <NAT>60,000000</NAT>
    <CNOR>59,160000</CNOR>
    <CSUD>59,160000</CSUD>
    <NORD>59,160000</NORD>
    <SARD>59,160000</SARD>
    <SICI>60,560000</SICI>
    <SUD>59,160000</SUD>
    <AUST>59,160000</AUST>
    <BRNN>59,160000</BRNN>
    <COAC>59,160000</COAC>
    <CORS>59,160000</CORS>
    <FOGN>59,160000</FOGN>
    <FRAN>59,160000</FRAN>
    <GREC>59,160000</GREC>
    <MFTV>59,160000</MFTV>
    <PRGP>60,560000</PRGP>
    <ROSN>59,160000</ROSN>
    <SLOV>59,160000</SLOV>
    <SVIZ>59,160000</SVIZ>
    <BSP>59,160000</BSP>
    <MALT>60,560000</MALT>
    <XAUS>59,160000</XAUS>
    <XFRA>59,160000</XFRA>
  </Prezzi>
  <Prezzi>
    <Data>20150730</Data>
    <Mercato>MGP</Mercato>
    <Ora>6</Ora>
    <PUN>60,043640</PUN>
    <NAT>60,560000</NAT>
    <CNOR>60,010000</CNOR>
    <CSUD>60,010000</CSUD>
    <NORD>60,010000</NORD>
    <SARD>60,010000</SARD>
    <SICI>60,560000</SICI>
    <SUD>60,010000</SUD>
    <AUST>60,010000</AUST>
    <BRNN>60,010000</BRNN>
    <COAC>60,010000</COAC>
    <CORS>60,010000</CORS>
    <FOGN>60,010000</FOGN>
    <FRAN>60,010000</FRAN>
    <GREC>60,010000</GREC>
    <MFTV>60,010000</MFTV>
    <PRGP>60,560000</PRGP>
    <ROSN>60,010000</ROSN>
    <SLOV>60,010000</SLOV>
    <SVIZ>60,010000</SVIZ>
    <BSP>60,010000</BSP>
    <MALT>60,560000</MALT>
    <XAUS>60,010000</XAUS>
    <XFRA>60,010000</XFRA>
  </Prezzi>
  <Prezzi>
    <Data>20150730</Data>
    <Mercato>MGP</Mercato>
    <Ora>7</Ora>
    <PUN>64,157640</PUN>
    <NAT>64,070000</NAT>
    <CNOR>64,380000</CNOR>
    <CSUD>64,380000</CSUD>
    <NORD>64,380000</NORD>
    <SARD>64,380000</SARD>
    <SICI>60,560000</SICI>
    <SUD>64,380000</SUD>
    <AUST>64,380000</AUST>
    <BRNN>64,380000</BRNN>
    <COAC>64,380000</COAC>
    <CORS>64,380000</CORS>
    <FOGN>64,380000</FOGN>
    <FRAN>64,380000</FRAN>
    <GREC>64,380000</GREC>
    <MFTV>64,380000</MFTV>
    <PRGP>60,560000</PRGP>
    <ROSN>64,380000</ROSN>
    <SLOV>64,380000</SLOV>
    <SVIZ>64,380000</SVIZ>
    <BSP>64,380000</BSP>
    <MALT>60,560000</MALT>
    <XAUS>64,380000</XAUS>
    <XFRA>64,380000</XFRA>
  </Prezzi>
  <Prezzi>
    <Data>20150730</Data>
    <Mercato>MGP</Mercato>
    <Ora>8</Ora>
    <PUN>69,123920</PUN>
    <NAT>68,980000</NAT>
    <CNOR>68,500000</CNOR>
    <CSUD>68,500000</CSUD>
    <NORD>70,000000</NORD>
    <SARD>68,500000</SARD>
    <SICI>63,550000</SICI>
    <SUD>68,500000</SUD>
    <AUST>70,000000</AUST>
    <BRNN>68,500000</BRNN>
    <COAC>68,500000</COAC>
    <CORS>68,500000</CORS>
    <FOGN>68,500000</FOGN>
    <FRAN>70,000000</FRAN>
    <GREC>68,500000</GREC>
    <MFTV>70,000000</MFTV>
    <PRGP>63,550000</PRGP>
    <ROSN>63,550000</ROSN>
    <SLOV>70,000000</SLOV>
    <SVIZ>70,000000</SVIZ>
    <BSP>70,000000</BSP>
    <MALT>63,550000</MALT>
    <XAUS>70,000000</XAUS>
    <XFRA>70,000000</XFRA>
  </Prezzi>
  <Prezzi>
    <Data>20150730</Data>
    <Mercato>MGP</Mercato>
    <Ora>9</Ora>
    <PUN>78,034970</PUN>
    <NAT>77,990000</NAT>
    <CNOR>77,980000</CNOR>
    <CSUD>77,980000</CSUD>
    <NORD>77,980000</NORD>
    <SARD>77,980000</SARD>
    <SICI>78,990000</SICI>
    <SUD>77,980000</SUD>
    <AUST>77,980000</AUST>
    <BRNN>77,980000</BRNN>
    <COAC>77,980000</COAC>
    <CORS>77,980000</CORS>
    <FOGN>77,980000</FOGN>
    <FRAN>77,980000</FRAN>
    <GREC>77,980000</GREC>
    <MFTV>77,980000</MFTV>
    <PRGP>78,990000</PRGP>
    <ROSN>77,980000</ROSN>
    <SLOV>77,980000</SLOV>
    <SVIZ>77,980000</SVIZ>
    <BSP>77,980000</BSP>
    <MALT>78,990000</MALT>
    <XAUS>77,980000</XAUS>
    <XFRA>77,980000</XFRA>
  </Prezzi>
  <Prezzi>
    <Data>20150730</Data>
    <Mercato>MGP</Mercato>
    <Ora>10</Ora>
    <PUN>83,197430</PUN>
    <NAT>80,550000</NAT>
    <CNOR>79,000000</CNOR>
    <CSUD>79,000000</CSUD>
    <NORD>86,150000</NORD>
    <SARD>79,000000</SARD>
    <SICI>79,000000</SICI>
    <SUD>79,000000</SUD>
    <AUST>86,150000</AUST>
    <BRNN>79,000000</BRNN>
    <COAC>79,000000</COAC>
    <CORS>79,000000</CORS>
    <FOGN>79,000000</FOGN>
    <FRAN>86,150000</FRAN>
    <GREC>79,000000</GREC>
    <MFTV>86,150000</MFTV>
    <PRGP>79,000000</PRGP>
    <ROSN>79,000000</ROSN>
    <SLOV>86,150000</SLOV>
    <SVIZ>86,150000</SVIZ>
    <BSP>86,150000</BSP>
    <MALT>79,000000</MALT>
    <XAUS>86,150000</XAUS>
    <XFRA>86,150000</XFRA>
  </Prezzi>
  <Prezzi>
    <Data>20150730</Data>
    <Mercato>MGP</Mercato>
    <Ora>11</Ora>
    <PUN>73,865970</PUN>
    <NAT>75,000000</NAT>
    <CNOR>65,590000</CNOR>
    <CSUD>65,590000</CSUD>
    <NORD>81,040000</NORD>
    <SARD>65,590000</SARD>
    <SICI>60,560000</SICI>
    <SUD>60,560000</SUD>
    <AUST>81,040000</AUST>
    <BRNN>60,560000</BRNN>
    <COAC>65,590000</COAC>
    <CORS>65,590000</CORS>
    <FOGN>60,560000</FOGN>
    <FRAN>81,040000</FRAN>
    <GREC>60,560000</GREC>
    <MFTV>81,040000</MFTV>
    <PRGP>60,560000</PRGP>
    <ROSN>60,560000</ROSN>
    <SLOV>81,040000</SLOV>
    <SVIZ>81,040000</SVIZ>
    <BSP>81,040000</BSP>
    <MALT>60,560000</MALT>
    <XAUS>81,040000</XAUS>
    <XFRA>81,040000</XFRA>
  </Prezzi>
  <Prezzi>
    <Data>20150730</Data>
    <Mercato>MGP</Mercato>
    <Ora>12</Ora>
    <PUN>71,900000</PUN>
    <NAT>74,990000</NAT>
    <CNOR>68,010000</CNOR>
    <CSUD>68,010000</CSUD>
    <NORD>76,423850</NORD>
    <SARD>68,010000</SARD>
    <SICI>62,140000</SICI>
    <SUD>62,140000</SUD>
    <AUST>76,423850</AUST>
    <BRNN>62,140000</BRNN>
    <COAC>68,010000</COAC>
    <CORS>68,010000</CORS>
    <FOGN>62,140000</FOGN>
    <FRAN>76,423850</FRAN>
    <GREC>62,140000</GREC>
    <MFTV>76,423850</MFTV>
    <PRGP>62,140000</PRGP>
    <ROSN>62,140000</ROSN>
    <SLOV>76,423850</SLOV>
    <SVIZ>76,423850</SVIZ>
    <BSP>76,423850</BSP>
    <MALT>62,140000</MALT>
    <XAUS>76,423850</XAUS>
    <XFRA>76,423850</XFRA>
  </Prezzi>
  <Prezzi>
    <Data>20150730</Data>
    <Mercato>MGP</Mercato>
    <Ora>13</Ora>
    <PUN>63,649320</PUN>
    <NAT>64,640000</NAT>
    <CNOR>56,000000</CNOR>
    <CSUD>56,000000</CSUD>
    <NORD>68,980000</NORD>
    <SARD>56,000000</SARD>
    <SICI>60,560000</SICI>
    <SUD>56,000000</SUD>
    <AUST>68,980000</AUST>
    <BRNN>56,000000</BRNN>
    <COAC>56,000000</COAC>
    <CORS>56,000000</CORS>
    <FOGN>56,000000</FOGN>
    <FRAN>68,980000</FRAN>
    <GREC>56,000000</GREC>
    <MFTV>68,980000</MFTV>
    <PRGP>60,560000</PRGP>
    <ROSN>56,000000</ROSN>
    <SLOV>68,980000</SLOV>
    <SVIZ>68,980000</SVIZ>
    <BSP>68,980000</BSP>
    <MALT>60,560000</MALT>
    <XAUS>68,980000</XAUS>
    <XFRA>68,980000</XFRA>
  </Prezzi>
  <Prezzi>
    <Data>20150730</Data>
    <Mercato>MGP</Mercato>
    <Ora>14</Ora>
    <PUN>65,355920</PUN>
    <NAT>65,590000</NAT>
    <CNOR>54,000000</CNOR>
    <CSUD>54,000000</CSUD>
    <NORD>73,020000</NORD>
    <SARD>54,000000</SARD>
    <SICI>60,560000</SICI>
    <SUD>54,000000</SUD>
    <AUST>73,020000</AUST>
    <BRNN>54,000000</BRNN>
    <COAC>54,000000</COAC>
    <CORS>54,000000</CORS>
    <FOGN>54,000000</FOGN>
    <FRAN>73,020000</FRAN>
    <GREC>54,000000</GREC>
    <MFTV>73,020000</MFTV>
    <PRGP>60,560000</PRGP>
    <ROSN>54,000000</ROSN>
    <SLOV>73,020000</SLOV>
    <SVIZ>73,020000</SVIZ>
    <BSP>73,020000</BSP>
    <MALT>60,560000</MALT>
    <XAUS>73,020000</XAUS>
    <XFRA>73,020000</XFRA>
  </Prezzi>
  <Prezzi>
    <Data>20150730</Data>
    <Mercato>MGP</Mercato>
    <Ora>15</Ora>
    <PUN>68,400210</PUN>
    <NAT>69,180000</NAT>
    <CNOR>54,200000</CNOR>
    <CSUD>54,200000</CSUD>
    <NORD>77,880000</NORD>
    <SARD>54,200000</SARD>
    <SICI>60,560000</SICI>
    <SUD>54,200000</SUD>
    <AUST>77,880000</AUST>
    <BRNN>54,200000</BRNN>
    <COAC>54,200000</COAC>
    <CORS>54,200000</CORS>
    <FOGN>54,200000</FOGN>
    <FRAN>77,880000</FRAN>
    <GREC>54,200000</GREC>
    <MFTV>77,880000</MFTV>
    <PRGP>60,560000</PRGP>
    <ROSN>54,200000</ROSN>
    <SLOV>77,880000</SLOV>
    <SVIZ>77,880000</SVIZ>
    <BSP>77,880000</BSP>
    <MALT>60,560000</MALT>
    <XAUS>77,880000</XAUS>
    <XFRA>77,880000</XFRA>
  </Prezzi>
  <Prezzi>
    <Data>20150730</Data>
    <Mercato>MGP</Mercato>
    <Ora>16</Ora>
    <PUN>70,215030</PUN>
    <NAT>71,360000</NAT>
    <CNOR>56,880000</CNOR>
    <CSUD>56,880000</CSUD>
    <NORD>79,080000</NORD>
    <SARD>56,880000</SARD>
    <SICI>60,560000</SICI>
    <SUD>56,880000</SUD>
    <AUST>79,080000</AUST>
    <BRNN>56,880000</BRNN>
    <COAC>56,880000</COAC>
    <CORS>56,880000</CORS>
    <FOGN>56,880000</FOGN>
    <FRAN>79,080000</FRAN>
    <GREC>56,880000</GREC>
    <MFTV>79,080000</MFTV>
    <PRGP>60,560000</PRGP>
    <ROSN>56,880000</ROSN>
    <SLOV>79,080000</SLOV>
    <SVIZ>79,080000</SVIZ>
    <BSP>79,080000</BSP>
    <MALT>60,560000</MALT>
    <XAUS>79,080000</XAUS>
    <XFRA>79,080000</XFRA>
  </Prezzi>
  <Prezzi>
    <Data>20150730</Data>
    <Mercato>MGP</Mercato>
    <Ora>17</Ora>
    <PUN>70,825290</PUN>
    <NAT>73,360000</NAT>
    <CNOR>66,440000</CNOR>
    <CSUD>57,200000</CSUD>
    <NORD>78,810000</NORD>
    <SARD>57,200000</SARD>
    <SICI>60,560000</SICI>
    <SUD>57,150000</SUD>
    <AUST>78,810000</AUST>
    <BRNN>57,150000</BRNN>
    <COAC>57,200000</COAC>
    <CORS>66,440000</CORS>
    <FOGN>57,150000</FOGN>
    <FRAN>78,810000</FRAN>
    <GREC>57,150000</GREC>
    <MFTV>78,810000</MFTV>
    <PRGP>60,560000</PRGP>
    <ROSN>57,150000</ROSN>
    <SLOV>78,810000</SLOV>
    <SVIZ>78,810000</SVIZ>
    <BSP>78,810000</BSP>
    <MALT>60,560000</MALT>
    <XAUS>78,810000</XAUS>
    <XFRA>78,810000</XFRA>
  </Prezzi>
  <Prezzi>
    <Data>20150730</Data>
    <Mercato>MGP</Mercato>
    <Ora>18</Ora>
    <PUN>71,982330</PUN>
    <NAT>74,240000</NAT>
    <CNOR>77,000000</CNOR>
    <CSUD>65,590000</CSUD>
    <NORD>77,000000</NORD>
    <SARD>65,590000</SARD>
    <SICI>60,560000</SICI>
    <SUD>57,150000</SUD>
    <AUST>77,000000</AUST>
    <BRNN>57,150000</BRNN>
    <COAC>65,590000</COAC>
    <CORS>77,000000</CORS>
    <FOGN>57,150000</FOGN>
    <FRAN>77,000000</FRAN>
    <GREC>57,150000</GREC>
    <MFTV>77,000000</MFTV>
    <PRGP>60,560000</PRGP>
    <ROSN>57,150000</ROSN>
    <SLOV>77,000000</SLOV>
    <SVIZ>77,000000</SVIZ>
    <BSP>77,000000</BSP>
    <MALT>60,560000</MALT>
    <XAUS>77,000000</XAUS>
    <XFRA>77,000000</XFRA>
  </Prezzi>
  <Prezzi>
    <Data>20150730</Data>
    <Mercato>MGP</Mercato>
    <Ora>19</Ora>
    <PUN>76,117230</PUN>
    <NAT>75,000000</NAT>
    <CNOR>75,450000</CNOR>
    <CSUD>75,000000</CSUD>
    <NORD>75,450000</NORD>
    <SARD>75,000000</SARD>
    <SICI>92,170000</SICI>
    <SUD>73,040000</SUD>
    <AUST>75,450000</AUST>
    <BRNN>73,040000</BRNN>
    <COAC>75,000000</COAC>
    <CORS>75,450000</CORS>
    <FOGN>73,040000</FOGN>
    <FRAN>75,450000</FRAN>
    <GREC>73,040000</GREC>
    <MFTV>75,450000</MFTV>
    <PRGP>92,170000</PRGP>
    <ROSN>73,040000</ROSN>
    <SLOV>75,450000</SLOV>
    <SVIZ>75,450000</SVIZ>
    <BSP>75,450000</BSP>
    <MALT>92,170000</MALT>
    <XAUS>75,450000</XAUS>
    <XFRA>75,450000</XFRA>
  </Prezzi>
  <Prezzi>
    <Data>20150730</Data>
    <Mercato>MGP</Mercato>
    <Ora>20</Ora>
    <PUN>76,007080</PUN>
    <NAT>74,990000</NAT>
    <CNOR>74,970000</CNOR>
    <CSUD>74,970000</CSUD>
    <NORD>74,970000</NORD>
    <SARD>74,970000</SARD>
    <SICI>92,170000</SICI>
    <SUD>74,970000</SUD>
    <AUST>74,970000</AUST>
    <BRNN>74,970000</BRNN>
    <COAC>74,970000</COAC>
    <CORS>74,970000</CORS>
    <FOGN>74,970000</FOGN>
    <FRAN>74,970000</FRAN>
    <GREC>74,970000</GREC>
    <MFTV>74,970000</MFTV>
    <PRGP>92,170000</PRGP>
    <ROSN>74,970000</ROSN>
    <SLOV>74,970000</SLOV>
    <SVIZ>74,970000</SVIZ>
    <BSP>74,970000</BSP>
    <MALT>92,170000</MALT>
    <XAUS>74,970000</XAUS>
    <XFRA>74,970000</XFRA>
  </Prezzi>
  <Prezzi>
    <Data>20150730</Data>
    <Mercato>MGP</Mercato>
    <Ora>21</Ora>
    <PUN>72,549290</PUN>
    <NAT>71,980000</NAT>
    <CNOR>71,200000</CNOR>
    <CSUD>71,200000</CSUD>
    <NORD>71,200000</NORD>
    <SARD>71,200000</SARD>
    <SICI>92,360000</SICI>
    <SUD>71,200000</SUD>
    <AUST>71,200000</AUST>
    <BRNN>71,200000</BRNN>
    <COAC>71,200000</COAC>
    <CORS>71,200000</CORS>
    <FOGN>71,200000</FOGN>
    <FRAN>71,200000</FRAN>
    <GREC>71,200000</GREC>
    <MFTV>71,200000</MFTV>
    <PRGP>92,360000</PRGP>
    <ROSN>71,200000</ROSN>
    <SLOV>71,200000</SLOV>
    <SVIZ>71,200000</SVIZ>
    <BSP>71,200000</BSP>
    <MALT>92,360000</MALT>
    <XAUS>71,200000</XAUS>
    <XFRA>71,200000</XFRA>
  </Prezzi>
  <Prezzi>
    <Data>20150730</Data>
    <Mercato>MGP</Mercato>
    <Ora>22</Ora>
    <PUN>76,074150</PUN>
    <NAT>75,040000</NAT>
    <CNOR>75,000000</CNOR>
    <CSUD>75,000000</CSUD>
    <NORD>75,000000</NORD>
    <SARD>75,000000</SARD>
    <SICI>92,360000</SICI>
    <SUD>75,000000</SUD>
    <AUST>75,000000</AUST>
    <BRNN>75,000000</BRNN>
    <COAC>75,000000</COAC>
    <CORS>75,000000</CORS>
    <FOGN>75,000000</FOGN>
    <FRAN>75,000000</FRAN>
    <GREC>75,000000</GREC>
    <MFTV>75,000000</MFTV>
    <PRGP>92,360000</PRGP>
    <ROSN>70,400000</ROSN>
    <SLOV>75,000000</SLOV>
    <SVIZ>75,000000</SVIZ>
    <BSP>75,000000</BSP>
    <MALT>92,360000</MALT>
    <XAUS>75,000000</XAUS>
    <XFRA>75,000000</XFRA>
  </Prezzi>
  <Prezzi>
    <Data>20150730</Data>
    <Mercato>MGP</Mercato>
    <Ora>23</Ora>
    <PUN>73,257080</PUN>
    <NAT>72,420000</NAT>
    <CNOR>72,000000</CNOR>
    <CSUD>72,000000</CSUD>
    <NORD>72,000000</NORD>
    <SARD>72,000000</SARD>
    <SICI>92,170000</SICI>
    <SUD>72,000000</SUD>
    <AUST>72,000000</AUST>
    <BRNN>72,000000</BRNN>
    <COAC>72,000000</COAC>
    <CORS>72,000000</CORS>
    <FOGN>72,000000</FOGN>
    <FRAN>72,000000</FRAN>
    <GREC>72,000000</GREC>
    <MFTV>72,000000</MFTV>
    <PRGP>92,170000</PRGP>
    <ROSN>57,150000</ROSN>
    <SLOV>72,000000</SLOV>
    <SVIZ>72,000000</SVIZ>
    <BSP>72,000000</BSP>
    <MALT>92,170000</MALT>
    <XAUS>72,000000</XAUS>
    <XFRA>72,000000</XFRA>
  </Prezzi>
  <Prezzi>
    <Data>20150730</Data>
    <Mercato>MGP</Mercato>
    <Ora>24</Ora>
    <PUN>64,827960</PUN>
    <NAT>64,140000</NAT>
    <CNOR>64,140000</CNOR>
    <CSUD>64,140000</CSUD>
    <NORD>64,140000</NORD>
    <SARD>64,140000</SARD>
    <SICI>74,990000</SICI>
    <SUD>64,140000</SUD>
    <AUST>64,140000</AUST>
    <BRNN>64,140000</BRNN>
    <COAC>64,140000</COAC>
    <CORS>64,140000</CORS>
    <FOGN>64,140000</FOGN>
    <FRAN>64,140000</FRAN>
    <GREC>64,140000</GREC>
    <MFTV>64,140000</MFTV>
    <PRGP>74,990000</PRGP>
    <ROSN>63,650000</ROSN>
    <SLOV>64,140000</SLOV>
    <SVIZ>64,140000</SVIZ>
    <BSP>64,140000</BSP>
    <MALT>74,990000</MALT>
    <XAUS>64,140000</XAUS>
    <XFRA>64,140000</XFRA>
  </Prezzi>
</NewDataSet>