<?xml version="1.0" standalone="yes"?>
<NewDataSet>
  <xs:schema id="NewDataSet" xmlns="" xmlns:xs="http://www.w3.org/2001/XMLSchema" xmlns:msdata="urn:schemas-microsoft-com:xml-msdata">
    <xs:element name="NewDataSet" msdata:IsDataSet="true" msdata:UseCurrentLocale="true">
      <xs:complexType>
        <xs:choice minOccurs="0" maxOccurs="unbounded">
          <xs:element name="Prezzi">
            <xs:complexType>
              <xs:sequence>
                <xs:element name="Data" type="xs:string" minOccurs="0" />
                <xs:element name="Mercato" type="xs:string" minOccurs="0" />
                <xs:element name="Ora" type="xs:string" minOccurs="0" />
                <xs:element name="PUN" type="xs:string" minOccurs="0" />
                <xs:element name="NAT" type="xs:string" minOccurs="0" />
                <xs:element name="CNOR" type="xs:string" minOccurs="0" />
                <xs:element name="CSUD" type="xs:string" minOccurs="0" />
                <xs:element name="NORD" type="xs:string" minOccurs="0" />
                <xs:element name="SARD" type="xs:string" minOccurs="0" />
                <xs:element name="SICI" type="xs:string" minOccurs="0" />
                <xs:element name="SUD" type="xs:string" minOccurs="0" />
                <xs:element name="AUST" type="xs:string" minOccurs="0" />
                <xs:element name="BRNN" type="xs:string" minOccurs="0" />
                <xs:element name="COAC" type="xs:string" minOccurs="0" />
                <xs:element name="CORS" type="xs:string" minOccurs="0" />
                <xs:element name="FOGN" type="xs:string" minOccurs="0" />
                <xs:element name="FRAN" type="xs:string" minOccurs="0" />
                <xs:element name="GREC" type="xs:string" minOccurs="0" />
                <xs:element name="MFTV" type="xs:string" minOccurs="0" />
                <xs:element name="PRGP" type="xs:string" minOccurs="0" />
                <xs:element name="ROSN" type="xs:string" minOccurs="0" />
                <xs:element name="SLOV" type="xs:string" minOccurs="0" />
                <xs:element name="SVIZ" type="xs:string" minOccurs="0" />
                <xs:element name="BSP" type="xs:string" minOccurs="0" />
                <xs:element name="MALT" type="xs:string" minOccurs="0" />
                <xs:element name="XAUS" type="xs:string" minOccurs="0" />
                <xs:element name="XFRA" type="xs:string" minOccurs="0" />
              </xs:sequence>
            </xs:complexType>
          </xs:element>
        </xs:choice>
      </xs:complexType>
    </xs:element>
  </xs:schema>
  <Prezzi>
    <Data>20150706</Data>
    <Mercato>MGP</Mercato>
    <Ora>1</Ora>
    <PUN>50,614420</PUN>
    <NAT>52,000000</NAT>
    <CNOR>50,000000</CNOR>
    <CSUD>50,000000</CSUD>
    <NORD>50,000000</NORD>
    <SARD>50,000000</SARD>
    <SICI>61,250000</SICI>
    <SUD>50,000000</SUD>
    <AUST>50,000000</AUST>
    <BRNN>50,000000</BRNN>
    <COAC>50,000000</COAC>
    <CORS>50,000000</CORS>
    <FOGN>50,000000</FOGN>
    <FRAN>50,000000</FRAN>
    <GREC>50,000000</GREC>
    <MFTV>50,000000</MFTV>
    <PRGP>61,250000</PRGP>
    <ROSN>50,000000</ROSN>
    <SLOV>50,000000</SLOV>
    <SVIZ>50,000000</SVIZ>
    <BSP>50,000000</BSP>
    <MALT>61,250000</MALT>
    <XAUS>50,000000</XAUS>
    <XFRA>50,000000</XFRA>
  </Prezzi>
  <Prezzi>
    <Data>20150706</Data>
    <Mercato>MGP</Mercato>
    <Ora>2</Ora>
    <PUN>46,317860</PUN>
    <NAT>47,330000</NAT>
    <CNOR>45,490000</CNOR>
    <CSUD>45,490000</CSUD>
    <NORD>45,490000</NORD>
    <SARD>45,490000</SARD>
    <SICI>61,250000</SICI>
    <SUD>45,490000</SUD>
    <AUST>45,490000</AUST>
    <BRNN>45,490000</BRNN>
    <COAC>45,490000</COAC>
    <CORS>45,490000</CORS>
    <FOGN>45,490000</FOGN>
    <FRAN>45,490000</FRAN>
    <GREC>45,490000</GREC>
    <MFTV>45,490000</MFTV>
    <PRGP>61,250000</PRGP>
    <ROSN>45,490000</ROSN>
    <SLOV>45,490000</SLOV>
    <SVIZ>45,490000</SVIZ>
    <BSP>45,490000</BSP>
    <MALT>61,250000</MALT>
    <XAUS>45,490000</XAUS>
    <XFRA>45,490000</XFRA>
  </Prezzi>
  <Prezzi>
    <Data>20150706</Data>
    <Mercato>MGP</Mercato>
    <Ora>3</Ora>
    <PUN>43,935720</PUN>
    <NAT>43,530000</NAT>
    <CNOR>43,000000</CNOR>
    <CSUD>43,000000</CSUD>
    <NORD>43,000000</NORD>
    <SARD>43,000000</SARD>
    <SICI>61,050000</SICI>
    <SUD>43,000000</SUD>
    <AUST>43,000000</AUST>
    <BRNN>43,000000</BRNN>
    <COAC>43,000000</COAC>
    <CORS>43,000000</CORS>
    <FOGN>43,000000</FOGN>
    <FRAN>43,000000</FRAN>
    <GREC>43,000000</GREC>
    <MFTV>43,000000</MFTV>
    <PRGP>61,050000</PRGP>
    <ROSN>43,000000</ROSN>
    <SLOV>43,000000</SLOV>
    <SVIZ>43,000000</SVIZ>
    <BSP>43,000000</BSP>
    <MALT>61,050000</MALT>
    <XAUS>43,000000</XAUS>
    <XFRA>43,000000</XFRA>
  </Prezzi>
  <Prezzi>
    <Data>20150706</Data>
    <Mercato>MGP</Mercato>
    <Ora>4</Ora>
    <PUN>42,976290</PUN>
    <NAT>42,500000</NAT>
    <CNOR>42,000000</CNOR>
    <CSUD>42,000000</CSUD>
    <NORD>42,000000</NORD>
    <SARD>42,000000</SARD>
    <SICI>61,050000</SICI>
    <SUD>42,000000</SUD>
    <AUST>42,000000</AUST>
    <BRNN>42,000000</BRNN>
    <COAC>42,000000</COAC>
    <CORS>42,000000</CORS>
    <FOGN>42,000000</FOGN>
    <FRAN>42,000000</FRAN>
    <GREC>42,000000</GREC>
    <MFTV>42,000000</MFTV>
    <PRGP>61,050000</PRGP>
    <ROSN>42,000000</ROSN>
    <SLOV>42,000000</SLOV>
    <SVIZ>42,000000</SVIZ>
    <BSP>42,000000</BSP>
    <MALT>61,050000</MALT>
    <XAUS>42,000000</XAUS>
    <XFRA>42,000000</XFRA>
  </Prezzi>
  <Prezzi>
    <Data>20150706</Data>
    <Mercato>MGP</Mercato>
    <Ora>5</Ora>
    <PUN>42,599350</PUN>
    <NAT>42,500000</NAT>
    <CNOR>41,610000</CNOR>
    <CSUD>41,610000</CSUD>
    <NORD>41,610000</NORD>
    <SARD>41,610000</SARD>
    <SICI>61,050000</SICI>
    <SUD>41,610000</SUD>
    <AUST>41,610000</AUST>
    <BRNN>41,610000</BRNN>
    <COAC>41,610000</COAC>
    <CORS>41,610000</CORS>
    <FOGN>41,610000</FOGN>
    <FRAN>41,610000</FRAN>
    <GREC>41,610000</GREC>
    <MFTV>41,610000</MFTV>
    <PRGP>61,050000</PRGP>
    <ROSN>41,610000</ROSN>
    <SLOV>41,610000</SLOV>
    <SVIZ>41,610000</SVIZ>
    <BSP>41,610000</BSP>
    <MALT>61,050000</MALT>
    <XAUS>41,610000</XAUS>
    <XFRA>41,610000</XFRA>
  </Prezzi>
  <Prezzi>
    <Data>20150706</Data>
    <Mercato>MGP</Mercato>
    <Ora>6</Ora>
    <PUN>43,460840</PUN>
    <NAT>42,700000</NAT>
    <CNOR>42,530000</CNOR>
    <CSUD>42,530000</CSUD>
    <NORD>42,530000</NORD>
    <SARD>42,530000</SARD>
    <SICI>61,050000</SICI>
    <SUD>42,530000</SUD>
    <AUST>42,530000</AUST>
    <BRNN>42,530000</BRNN>
    <COAC>42,530000</COAC>
    <CORS>42,530000</CORS>
    <FOGN>42,530000</FOGN>
    <FRAN>42,530000</FRAN>
    <GREC>42,530000</GREC>
    <MFTV>42,530000</MFTV>
    <PRGP>61,050000</PRGP>
    <ROSN>42,530000</ROSN>
    <SLOV>42,530000</SLOV>
    <SVIZ>42,530000</SVIZ>
    <BSP>42,530000</BSP>
    <MALT>61,050000</MALT>
    <XAUS>42,530000</XAUS>
    <XFRA>42,530000</XFRA>
  </Prezzi>
  <Prezzi>
    <Data>20150706</Data>
    <Mercato>MGP</Mercato>
    <Ora>7</Ora>
    <PUN>52,419100</PUN>
    <NAT>53,010000</NAT>
    <CNOR>52,000000</CNOR>
    <CSUD>52,000000</CSUD>
    <NORD>52,000000</NORD>
    <SARD>52,000000</SARD>
    <SICI>61,050000</SICI>
    <SUD>52,000000</SUD>
    <AUST>52,000000</AUST>
    <BRNN>52,000000</BRNN>
    <COAC>52,000000</COAC>
    <CORS>52,000000</CORS>
    <FOGN>52,000000</FOGN>
    <FRAN>52,000000</FRAN>
    <GREC>52,000000</GREC>
    <MFTV>52,000000</MFTV>
    <PRGP>61,050000</PRGP>
    <ROSN>52,000000</ROSN>
    <SLOV>52,000000</SLOV>
    <SVIZ>52,000000</SVIZ>
    <BSP>52,000000</BSP>
    <MALT>61,050000</MALT>
    <XAUS>52,000000</XAUS>
    <XFRA>52,000000</XFRA>
  </Prezzi>
  <Prezzi>
    <Data>20150706</Data>
    <Mercato>MGP</Mercato>
    <Ora>8</Ora>
    <PUN>55,084800</PUN>
    <NAT>55,130000</NAT>
    <CNOR>54,800000</CNOR>
    <CSUD>54,800000</CSUD>
    <NORD>54,800000</NORD>
    <SARD>54,800000</SARD>
    <SICI>61,250000</SICI>
    <SUD>54,800000</SUD>
    <AUST>54,800000</AUST>
    <BRNN>54,800000</BRNN>
    <COAC>54,800000</COAC>
    <CORS>54,800000</CORS>
    <FOGN>54,800000</FOGN>
    <FRAN>54,800000</FRAN>
    <GREC>54,800000</GREC>
    <MFTV>54,800000</MFTV>
    <PRGP>61,250000</PRGP>
    <ROSN>54,800000</ROSN>
    <SLOV>54,800000</SLOV>
    <SVIZ>54,800000</SVIZ>
    <BSP>54,800000</BSP>
    <MALT>61,250000</MALT>
    <XAUS>54,800000</XAUS>
    <XFRA>54,800000</XFRA>
  </Prezzi>
  <Prezzi>
    <Data>20150706</Data>
    <Mercato>MGP</Mercato>
    <Ora>9</Ora>
    <PUN>68,984550</PUN>
    <NAT>61,050000</NAT>
    <CNOR>74,990000</CNOR>
    <CSUD>53,610000</CSUD>
    <NORD>74,990000</NORD>
    <SARD>53,610000</SARD>
    <SICI>61,250000</SICI>
    <SUD>53,610000</SUD>
    <AUST>74,990000</AUST>
    <BRNN>53,610000</BRNN>
    <COAC>53,610000</COAC>
    <CORS>74,990000</CORS>
    <FOGN>53,610000</FOGN>
    <FRAN>74,990000</FRAN>
    <GREC>53,610000</GREC>
    <MFTV>74,990000</MFTV>
    <PRGP>61,250000</PRGP>
    <ROSN>53,610000</ROSN>
    <SLOV>74,990000</SLOV>
    <SVIZ>74,990000</SVIZ>
    <BSP>74,990000</BSP>
    <MALT>61,250000</MALT>
    <XAUS>74,990000</XAUS>
    <XFRA>74,990000</XFRA>
  </Prezzi>
  <Prezzi>
    <Data>20150706</Data>
    <Mercato>MGP</Mercato>
    <Ora>10</Ora>
    <PUN>72,232830</PUN>
    <NAT>61,250000</NAT>
    <CNOR>80,000000</CNOR>
    <CSUD>52,990000</CSUD>
    <NORD>80,000000</NORD>
    <SARD>52,990000</SARD>
    <SICI>61,250000</SICI>
    <SUD>52,990000</SUD>
    <AUST>80,000000</AUST>
    <BRNN>52,990000</BRNN>
    <COAC>52,990000</COAC>
    <CORS>80,000000</CORS>
    <FOGN>52,990000</FOGN>
    <FRAN>80,000000</FRAN>
    <GREC>52,990000</GREC>
    <MFTV>80,000000</MFTV>
    <PRGP>61,250000</PRGP>
    <ROSN>52,990000</ROSN>
    <SLOV>80,000000</SLOV>
    <SVIZ>80,000000</SVIZ>
    <BSP>80,000000</BSP>
    <MALT>61,250000</MALT>
    <XAUS>80,000000</XAUS>
    <XFRA>80,000000</XFRA>
  </Prezzi>
  <Prezzi>
    <Data>20150706</Data>
    <Mercato>MGP</Mercato>
    <Ora>11</Ora>
    <PUN>62,111720</PUN>
    <NAT>57,990000</NAT>
    <CNOR>68,000000</CNOR>
    <CSUD>46,420000</CSUD>
    <NORD>68,000000</NORD>
    <SARD>46,420000</SARD>
    <SICI>61,250000</SICI>
    <SUD>46,420000</SUD>
    <AUST>68,000000</AUST>
    <BRNN>46,420000</BRNN>
    <COAC>46,420000</COAC>
    <CORS>68,000000</CORS>
    <FOGN>46,420000</FOGN>
    <FRAN>68,000000</FRAN>
    <GREC>46,420000</GREC>
    <MFTV>68,000000</MFTV>
    <PRGP>61,250000</PRGP>
    <ROSN>46,420000</ROSN>
    <SLOV>68,000000</SLOV>
    <SVIZ>68,000000</SVIZ>
    <BSP>68,000000</BSP>
    <MALT>61,250000</MALT>
    <XAUS>68,000000</XAUS>
    <XFRA>68,000000</XFRA>
  </Prezzi>
  <Prezzi>
    <Data>20150706</Data>
    <Mercato>MGP</Mercato>
    <Ora>12</Ora>
    <PUN>69,842210</PUN>
    <NAT>58,890000</NAT>
    <CNOR>80,000000</CNOR>
    <CSUD>43,730000</CSUD>
    <NORD>80,000000</NORD>
    <SARD>43,730000</SARD>
    <SICI>61,250000</SICI>
    <SUD>43,730000</SUD>
    <AUST>80,000000</AUST>
    <BRNN>43,730000</BRNN>
    <COAC>43,730000</COAC>
    <CORS>80,000000</CORS>
    <FOGN>43,730000</FOGN>
    <FRAN>80,000000</FRAN>
    <GREC>43,730000</GREC>
    <MFTV>80,000000</MFTV>
    <PRGP>61,250000</PRGP>
    <ROSN>43,730000</ROSN>
    <SLOV>80,000000</SLOV>
    <SVIZ>80,000000</SVIZ>
    <BSP>80,000000</BSP>
    <MALT>61,250000</MALT>
    <XAUS>80,000000</XAUS>
    <XFRA>80,000000</XFRA>
  </Prezzi>
  <Prezzi>
    <Data>20150706</Data>
    <Mercato>MGP</Mercato>
    <Ora>13</Ora>
    <PUN>56,792550</PUN>
    <NAT>55,990000</NAT>
    <CNOR>62,000000</CNOR>
    <CSUD>42,790000</CSUD>
    <NORD>62,000000</NORD>
    <SARD>42,790000</SARD>
    <SICI>61,050000</SICI>
    <SUD>42,790000</SUD>
    <AUST>62,000000</AUST>
    <BRNN>42,790000</BRNN>
    <COAC>42,790000</COAC>
    <CORS>62,000000</CORS>
    <FOGN>42,790000</FOGN>
    <FRAN>62,000000</FRAN>
    <GREC>42,790000</GREC>
    <MFTV>62,000000</MFTV>
    <PRGP>61,050000</PRGP>
    <ROSN>42,790000</ROSN>
    <SLOV>62,000000</SLOV>
    <SVIZ>62,000000</SVIZ>
    <BSP>62,000000</BSP>
    <MALT>61,050000</MALT>
    <XAUS>62,000000</XAUS>
    <XFRA>62,000000</XFRA>
  </Prezzi>
  <Prezzi>
    <Data>20150706</Data>
    <Mercato>MGP</Mercato>
    <Ora>14</Ora>
    <PUN>58,903620</PUN>
    <NAT>55,540000</NAT>
    <CNOR>64,990000</CNOR>
    <CSUD>42,500000</CSUD>
    <NORD>64,990000</NORD>
    <SARD>42,500000</SARD>
    <SICI>61,050000</SICI>
    <SUD>42,500000</SUD>
    <AUST>64,990000</AUST>
    <BRNN>42,500000</BRNN>
    <COAC>42,500000</COAC>
    <CORS>64,990000</CORS>
    <FOGN>42,500000</FOGN>
    <FRAN>64,990000</FRAN>
    <GREC>42,500000</GREC>
    <MFTV>64,990000</MFTV>
    <PRGP>61,050000</PRGP>
    <ROSN>42,500000</ROSN>
    <SLOV>64,990000</SLOV>
    <SVIZ>64,990000</SVIZ>
    <BSP>64,990000</BSP>
    <MALT>61,050000</MALT>
    <XAUS>64,990000</XAUS>
    <XFRA>64,990000</XFRA>
  </Prezzi>
  <Prezzi>
    <Data>20150706</Data>
    <Mercato>MGP</Mercato>
    <Ora>15</Ora>
    <PUN>66,700910</PUN>
    <NAT>55,140000</NAT>
    <CNOR>74,990000</CNOR>
    <CSUD>44,790000</CSUD>
    <NORD>74,990000</NORD>
    <SARD>44,790000</SARD>
    <SICI>61,050000</SICI>
    <SUD>44,790000</SUD>
    <AUST>74,990000</AUST>
    <BRNN>44,790000</BRNN>
    <COAC>44,790000</COAC>
    <CORS>74,990000</CORS>
    <FOGN>44,790000</FOGN>
    <FRAN>74,990000</FRAN>
    <GREC>44,790000</GREC>
    <MFTV>74,990000</MFTV>
    <PRGP>61,050000</PRGP>
    <ROSN>44,790000</ROSN>
    <SLOV>74,990000</SLOV>
    <SVIZ>74,990000</SVIZ>
    <BSP>74,990000</BSP>
    <MALT>61,050000</MALT>
    <XAUS>74,990000</XAUS>
    <XFRA>74,990000</XFRA>
  </Prezzi>
  <Prezzi>
    <Data>20150706</Data>
    <Mercato>MGP</Mercato>
    <Ora>16</Ora>
    <PUN>74,950000</PUN>
    <NAT>61,050000</NAT>
    <CNOR>85,956110</CNOR>
    <CSUD>46,790000</CSUD>
    <NORD>85,956110</NORD>
    <SARD>46,790000</SARD>
    <SICI>61,050000</SICI>
    <SUD>46,790000</SUD>
    <AUST>85,956110</AUST>
    <BRNN>46,790000</BRNN>
    <COAC>46,790000</COAC>
    <CORS>85,956110</CORS>
    <FOGN>46,790000</FOGN>
    <FRAN>85,956110</FRAN>
    <GREC>46,790000</GREC>
    <MFTV>85,956110</MFTV>
    <PRGP>61,050000</PRGP>
    <ROSN>46,790000</ROSN>
    <SLOV>85,956110</SLOV>
    <SVIZ>85,956110</SVIZ>
    <BSP>85,956110</BSP>
    <MALT>61,050000</MALT>
    <XAUS>85,956110</XAUS>
    <XFRA>85,956110</XFRA>
  </Prezzi>
  <Prezzi>
    <Data>20150706</Data>
    <Mercato>MGP</Mercato>
    <Ora>17</Ora>
    <PUN>75,000000</PUN>
    <NAT>63,970000</NAT>
    <CNOR>85,296070</CNOR>
    <CSUD>49,500000</CSUD>
    <NORD>85,296070</NORD>
    <SARD>49,500000</SARD>
    <SICI>61,050000</SICI>
    <SUD>49,500000</SUD>
    <AUST>85,296070</AUST>
    <BRNN>49,500000</BRNN>
    <COAC>49,500000</COAC>
    <CORS>85,296070</CORS>
    <FOGN>49,500000</FOGN>
    <FRAN>85,296070</FRAN>
    <GREC>49,500000</GREC>
    <MFTV>85,296070</MFTV>
    <PRGP>61,050000</PRGP>
    <ROSN>49,500000</ROSN>
    <SLOV>85,296070</SLOV>
    <SVIZ>85,296070</SVIZ>
    <BSP>85,296070</BSP>
    <MALT>61,050000</MALT>
    <XAUS>85,296070</XAUS>
    <XFRA>85,296070</XFRA>
  </Prezzi>
  <Prezzi>
    <Data>20150706</Data>
    <Mercato>MGP</Mercato>
    <Ora>18</Ora>
    <PUN>75,000000</PUN>
    <NAT>63,000000</NAT>
    <CNOR>84,214730</CNOR>
    <CSUD>53,000000</CSUD>
    <NORD>84,214730</NORD>
    <SARD>53,000000</SARD>
    <SICI>61,250000</SICI>
    <SUD>53,000000</SUD>
    <AUST>84,214730</AUST>
    <BRNN>53,000000</BRNN>
    <COAC>53,000000</COAC>
    <CORS>84,214730</CORS>
    <FOGN>53,000000</FOGN>
    <FRAN>84,214730</FRAN>
    <GREC>53,000000</GREC>
    <MFTV>84,214730</MFTV>
    <PRGP>61,250000</PRGP>
    <ROSN>53,000000</ROSN>
    <SLOV>84,214730</SLOV>
    <SVIZ>84,214730</SVIZ>
    <BSP>84,214730</BSP>
    <MALT>61,250000</MALT>
    <XAUS>84,214730</XAUS>
    <XFRA>84,214730</XFRA>
  </Prezzi>
  <Prezzi>
    <Data>20150706</Data>
    <Mercato>MGP</Mercato>
    <Ora>19</Ora>
    <PUN>72,833790</PUN>
    <NAT>65,000000</NAT>
    <CNOR>80,000000</CNOR>
    <CSUD>55,990000</CSUD>
    <NORD>80,000000</NORD>
    <SARD>55,990000</SARD>
    <SICI>63,000000</SICI>
    <SUD>55,990000</SUD>
    <AUST>80,000000</AUST>
    <BRNN>55,990000</BRNN>
    <COAC>55,990000</COAC>
    <CORS>80,000000</CORS>
    <FOGN>55,990000</FOGN>
    <FRAN>80,000000</FRAN>
    <GREC>55,990000</GREC>
    <MFTV>80,000000</MFTV>
    <PRGP>63,000000</PRGP>
    <ROSN>55,990000</ROSN>
    <SLOV>80,000000</SLOV>
    <SVIZ>80,000000</SVIZ>
    <BSP>80,000000</BSP>
    <MALT>63,000000</MALT>
    <XAUS>80,000000</XAUS>
    <XFRA>80,000000</XFRA>
  </Prezzi>
  <Prezzi>
    <Data>20150706</Data>
    <Mercato>MGP</Mercato>
    <Ora>20</Ora>
    <PUN>74,417070</PUN>
    <NAT>69,990000</NAT>
    <CNOR>80,000000</CNOR>
    <CSUD>63,000000</CSUD>
    <NORD>80,000000</NORD>
    <SARD>63,000000</SARD>
    <SICI>63,000000</SICI>
    <SUD>63,000000</SUD>
    <AUST>80,000000</AUST>
    <BRNN>63,000000</BRNN>
    <COAC>63,000000</COAC>
    <CORS>80,000000</CORS>
    <FOGN>63,000000</FOGN>
    <FRAN>80,000000</FRAN>
    <GREC>63,000000</GREC>
    <MFTV>80,000000</MFTV>
    <PRGP>63,000000</PRGP>
    <ROSN>63,000000</ROSN>
    <SLOV>80,000000</SLOV>
    <SVIZ>80,000000</SVIZ>
    <BSP>80,000000</BSP>
    <MALT>63,000000</MALT>
    <XAUS>80,000000</XAUS>
    <XFRA>80,000000</XFRA>
  </Prezzi>
  <Prezzi>
    <Data>20150706</Data>
    <Mercato>MGP</Mercato>
    <Ora>21</Ora>
    <PUN>69,990000</PUN>
    <NAT>69,990000</NAT>
    <CNOR>69,990000</CNOR>
    <CSUD>69,990000</CSUD>
    <NORD>69,990000</NORD>
    <SARD>69,990000</SARD>
    <SICI>69,990000</SICI>
    <SUD>69,990000</SUD>
    <AUST>69,990000</AUST>
    <BRNN>69,990000</BRNN>
    <COAC>69,990000</COAC>
    <CORS>69,990000</CORS>
    <FOGN>69,990000</FOGN>
    <FRAN>69,990000</FRAN>
    <GREC>69,990000</GREC>
    <MFTV>69,990000</MFTV>
    <PRGP>69,990000</PRGP>
    <ROSN>69,990000</ROSN>
    <SLOV>69,990000</SLOV>
    <SVIZ>69,990000</SVIZ>
    <BSP>69,990000</BSP>
    <MALT>69,990000</MALT>
    <XAUS>69,990000</XAUS>
    <XFRA>69,990000</XFRA>
  </Prezzi>
  <Prezzi>
    <Data>20150706</Data>
    <Mercato>MGP</Mercato>
    <Ora>22</Ora>
    <PUN>74,990000</PUN>
    <NAT>74,990000</NAT>
    <CNOR>74,990000</CNOR>
    <CSUD>74,990000</CSUD>
    <NORD>74,990000</NORD>
    <SARD>74,990000</SARD>
    <SICI>74,990000</SICI>
    <SUD>74,990000</SUD>
    <AUST>74,990000</AUST>
    <BRNN>74,990000</BRNN>
    <COAC>74,990000</COAC>
    <CORS>74,990000</CORS>
    <FOGN>74,990000</FOGN>
    <FRAN>74,990000</FRAN>
    <GREC>74,990000</GREC>
    <MFTV>74,990000</MFTV>
    <PRGP>74,990000</PRGP>
    <ROSN>74,990000</ROSN>
    <SLOV>74,990000</SLOV>
    <SVIZ>74,990000</SVIZ>
    <BSP>74,990000</BSP>
    <MALT>74,990000</MALT>
    <XAUS>74,990000</XAUS>
    <XFRA>74,990000</XFRA>
  </Prezzi>
  <Prezzi>
    <Data>20150706</Data>
    <Mercato>MGP</Mercato>
    <Ora>23</Ora>
    <PUN>62,003190</PUN>
    <NAT>63,000000</NAT>
    <CNOR>61,950000</CNOR>
    <CSUD>61,950000</CSUD>
    <NORD>61,950000</NORD>
    <SARD>61,950000</SARD>
    <SICI>63,000000</SICI>
    <SUD>61,950000</SUD>
    <AUST>61,950000</AUST>
    <BRNN>61,950000</BRNN>
    <COAC>61,950000</COAC>
    <CORS>61,950000</CORS>
    <FOGN>61,950000</FOGN>
    <FRAN>61,950000</FRAN>
    <GREC>61,950000</GREC>
    <MFTV>61,950000</MFTV>
    <PRGP>63,000000</PRGP>
    <ROSN>61,950000</ROSN>
    <SLOV>61,950000</SLOV>
    <SVIZ>61,950000</SVIZ>
    <BSP>61,950000</BSP>
    <MALT>63,000000</MALT>
    <XAUS>61,950000</XAUS>
    <XFRA>61,950000</XFRA>
  </Prezzi>
  <Prezzi>
    <Data>20150706</Data>
    <Mercato>MGP</Mercato>
    <Ora>24</Ora>
    <PUN>58,150030</PUN>
    <NAT>60,400000</NAT>
    <CNOR>57,990000</CNOR>
    <CSUD>57,990000</CSUD>
    <NORD>57,990000</NORD>
    <SARD>57,990000</SARD>
    <SICI>61,250000</SICI>
    <SUD>57,990000</SUD>
    <AUST>57,990000</AUST>
    <BRNN>57,990000</BRNN>
    <COAC>57,990000</COAC>
    <CORS>57,990000</CORS>
    <FOGN>57,990000</FOGN>
    <FRAN>57,990000</FRAN>
    <GREC>57,990000</GREC>
    <MFTV>57,990000</MFTV>
    <PRGP>61,250000</PRGP>
    <ROSN>57,990000</ROSN>
    <SLOV>57,990000</SLOV>
    <SVIZ>57,990000</SVIZ>
    <BSP>57,990000</BSP>
    <MALT>61,250000</MALT>
    <XAUS>57,990000</XAUS>
    <XFRA>57,990000</XFRA>
  </Prezzi>
</NewDataSet>