<?xml version="1.0" standalone="yes"?>
<NewDataSet>
  <xs:schema id="NewDataSet" xmlns="" xmlns:xs="http://www.w3.org/2001/XMLSchema" xmlns:msdata="urn:schemas-microsoft-com:xml-msdata">
    <xs:element name="NewDataSet" msdata:IsDataSet="true" msdata:UseCurrentLocale="true">
      <xs:complexType>
        <xs:choice minOccurs="0" maxOccurs="unbounded">
          <xs:element name="Prezzi">
            <xs:complexType>
              <xs:sequence>
                <xs:element name="Data" type="xs:string" minOccurs="0" />
                <xs:element name="Mercato" type="xs:string" minOccurs="0" />
                <xs:element name="Ora" type="xs:string" minOccurs="0" />
                <xs:element name="PUN" type="xs:string" minOccurs="0" />
                <xs:element name="NAT" type="xs:string" minOccurs="0" />
                <xs:element name="CNOR" type="xs:string" minOccurs="0" />
                <xs:element name="CSUD" type="xs:string" minOccurs="0" />
                <xs:element name="NORD" type="xs:string" minOccurs="0" />
                <xs:element name="SARD" type="xs:string" minOccurs="0" />
                <xs:element name="SICI" type="xs:string" minOccurs="0" />
                <xs:element name="SUD" type="xs:string" minOccurs="0" />
                <xs:element name="AUST" type="xs:string" minOccurs="0" />
                <xs:element name="BRNN" type="xs:string" minOccurs="0" />
                <xs:element name="COAC" type="xs:string" minOccurs="0" />
                <xs:element name="CORS" type="xs:string" minOccurs="0" />
                <xs:element name="FOGN" type="xs:string" minOccurs="0" />
                <xs:element name="FRAN" type="xs:string" minOccurs="0" />
                <xs:element name="GREC" type="xs:string" minOccurs="0" />
                <xs:element name="MFTV" type="xs:string" minOccurs="0" />
                <xs:element name="PRGP" type="xs:string" minOccurs="0" />
                <xs:element name="ROSN" type="xs:string" minOccurs="0" />
                <xs:element name="SLOV" type="xs:string" minOccurs="0" />
                <xs:element name="SVIZ" type="xs:string" minOccurs="0" />
                <xs:element name="BSP" type="xs:string" minOccurs="0" />
                <xs:element name="MALT" type="xs:string" minOccurs="0" />
                <xs:element name="XAUS" type="xs:string" minOccurs="0" />
                <xs:element name="XFRA" type="xs:string" minOccurs="0" />
              </xs:sequence>
            </xs:complexType>
          </xs:element>
        </xs:choice>
      </xs:complexType>
    </xs:element>
  </xs:schema>
  <Prezzi>
    <Data>20150715</Data>
    <Mercato>MGP</Mercato>
    <Ora>1</Ora>
    <PUN>83,044010</PUN>
    <NAT>84,000000</NAT>
    <CNOR>84,000000</CNOR>
    <CSUD>84,000000</CSUD>
    <NORD>84,000000</NORD>
    <SARD>84,000000</SARD>
    <SICI>64,990000</SICI>
    <SUD>84,000000</SUD>
    <AUST>84,000000</AUST>
    <BRNN>84,000000</BRNN>
    <COAC>84,000000</COAC>
    <CORS>84,000000</CORS>
    <FOGN>84,000000</FOGN>
    <FRAN>84,000000</FRAN>
    <GREC>84,000000</GREC>
    <MFTV>84,000000</MFTV>
    <PRGP>64,990000</PRGP>
    <ROSN>84,000000</ROSN>
    <SLOV>84,000000</SLOV>
    <SVIZ>84,000000</SVIZ>
    <BSP>84,000000</BSP>
    <MALT>64,990000</MALT>
    <XAUS>84,000000</XAUS>
    <XFRA>84,000000</XFRA>
  </Prezzi>
  <Prezzi>
    <Data>20150715</Data>
    <Mercato>MGP</Mercato>
    <Ora>2</Ora>
    <PUN>68,940800</PUN>
    <NAT>67,000000</NAT>
    <CNOR>69,370000</CNOR>
    <CSUD>69,370000</CSUD>
    <NORD>69,370000</NORD>
    <SARD>69,370000</SARD>
    <SICI>60,560000</SICI>
    <SUD>69,370000</SUD>
    <AUST>69,370000</AUST>
    <BRNN>69,370000</BRNN>
    <COAC>69,370000</COAC>
    <CORS>69,370000</CORS>
    <FOGN>69,370000</FOGN>
    <FRAN>69,370000</FRAN>
    <GREC>69,370000</GREC>
    <MFTV>69,370000</MFTV>
    <PRGP>60,560000</PRGP>
    <ROSN>69,370000</ROSN>
    <SLOV>69,370000</SLOV>
    <SVIZ>69,370000</SVIZ>
    <BSP>69,370000</BSP>
    <MALT>60,560000</MALT>
    <XAUS>69,370000</XAUS>
    <XFRA>69,370000</XFRA>
  </Prezzi>
  <Prezzi>
    <Data>20150715</Data>
    <Mercato>MGP</Mercato>
    <Ora>3</Ora>
    <PUN>60,560000</PUN>
    <NAT>60,560000</NAT>
    <CNOR>60,560000</CNOR>
    <CSUD>60,560000</CSUD>
    <NORD>60,560000</NORD>
    <SARD>60,560000</SARD>
    <SICI>60,560000</SICI>
    <SUD>60,560000</SUD>
    <AUST>60,560000</AUST>
    <BRNN>60,560000</BRNN>
    <COAC>60,560000</COAC>
    <CORS>60,560000</CORS>
    <FOGN>60,560000</FOGN>
    <FRAN>60,560000</FRAN>
    <GREC>60,560000</GREC>
    <MFTV>60,560000</MFTV>
    <PRGP>60,560000</PRGP>
    <ROSN>60,560000</ROSN>
    <SLOV>60,560000</SLOV>
    <SVIZ>60,560000</SVIZ>
    <BSP>60,560000</BSP>
    <MALT>60,560000</MALT>
    <XAUS>60,560000</XAUS>
    <XFRA>60,560000</XFRA>
  </Prezzi>
  <Prezzi>
    <Data>20150715</Data>
    <Mercato>MGP</Mercato>
    <Ora>4</Ora>
    <PUN>60,026430</PUN>
    <NAT>60,000000</NAT>
    <CNOR>60,000000</CNOR>
    <CSUD>60,000000</CSUD>
    <NORD>60,000000</NORD>
    <SARD>60,000000</SARD>
    <SICI>60,560000</SICI>
    <SUD>60,000000</SUD>
    <AUST>60,000000</AUST>
    <BRNN>60,000000</BRNN>
    <COAC>60,000000</COAC>
    <CORS>60,000000</CORS>
    <FOGN>60,000000</FOGN>
    <FRAN>60,000000</FRAN>
    <GREC>60,000000</GREC>
    <MFTV>60,000000</MFTV>
    <PRGP>60,560000</PRGP>
    <ROSN>60,000000</ROSN>
    <SLOV>60,000000</SLOV>
    <SVIZ>60,000000</SVIZ>
    <BSP>60,000000</BSP>
    <MALT>60,560000</MALT>
    <XAUS>60,000000</XAUS>
    <XFRA>60,000000</XFRA>
  </Prezzi>
  <Prezzi>
    <Data>20150715</Data>
    <Mercato>MGP</Mercato>
    <Ora>5</Ora>
    <PUN>60,026430</PUN>
    <NAT>60,000000</NAT>
    <CNOR>60,000000</CNOR>
    <CSUD>60,000000</CSUD>
    <NORD>60,000000</NORD>
    <SARD>60,000000</SARD>
    <SICI>60,560000</SICI>
    <SUD>60,000000</SUD>
    <AUST>60,000000</AUST>
    <BRNN>60,000000</BRNN>
    <COAC>60,000000</COAC>
    <CORS>60,000000</CORS>
    <FOGN>60,000000</FOGN>
    <FRAN>60,000000</FRAN>
    <GREC>60,000000</GREC>
    <MFTV>60,000000</MFTV>
    <PRGP>60,560000</PRGP>
    <ROSN>60,000000</ROSN>
    <SLOV>60,000000</SLOV>
    <SVIZ>60,000000</SVIZ>
    <BSP>60,000000</BSP>
    <MALT>60,560000</MALT>
    <XAUS>60,000000</XAUS>
    <XFRA>60,000000</XFRA>
  </Prezzi>
  <Prezzi>
    <Data>20150715</Data>
    <Mercato>MGP</Mercato>
    <Ora>6</Ora>
    <PUN>60,560000</PUN>
    <NAT>60,560000</NAT>
    <CNOR>60,560000</CNOR>
    <CSUD>60,560000</CSUD>
    <NORD>60,560000</NORD>
    <SARD>60,560000</SARD>
    <SICI>60,560000</SICI>
    <SUD>60,560000</SUD>
    <AUST>60,560000</AUST>
    <BRNN>60,560000</BRNN>
    <COAC>60,560000</COAC>
    <CORS>60,560000</CORS>
    <FOGN>60,560000</FOGN>
    <FRAN>60,560000</FRAN>
    <GREC>60,560000</GREC>
    <MFTV>60,560000</MFTV>
    <PRGP>60,560000</PRGP>
    <ROSN>60,560000</ROSN>
    <SLOV>60,560000</SLOV>
    <SVIZ>60,560000</SVIZ>
    <BSP>60,560000</BSP>
    <MALT>60,560000</MALT>
    <XAUS>60,560000</XAUS>
    <XFRA>60,560000</XFRA>
  </Prezzi>
  <Prezzi>
    <Data>20150715</Data>
    <Mercato>MGP</Mercato>
    <Ora>7</Ora>
    <PUN>67,402640</PUN>
    <NAT>66,610000</NAT>
    <CNOR>67,720000</CNOR>
    <CSUD>67,720000</CSUD>
    <NORD>67,720000</NORD>
    <SARD>67,720000</SARD>
    <SICI>60,560000</SICI>
    <SUD>67,720000</SUD>
    <AUST>67,720000</AUST>
    <BRNN>67,720000</BRNN>
    <COAC>67,720000</COAC>
    <CORS>67,720000</CORS>
    <FOGN>67,720000</FOGN>
    <FRAN>67,720000</FRAN>
    <GREC>67,720000</GREC>
    <MFTV>67,720000</MFTV>
    <PRGP>60,560000</PRGP>
    <ROSN>67,720000</ROSN>
    <SLOV>67,720000</SLOV>
    <SVIZ>67,720000</SVIZ>
    <BSP>67,720000</BSP>
    <MALT>60,560000</MALT>
    <XAUS>67,720000</XAUS>
    <XFRA>67,720000</XFRA>
  </Prezzi>
  <Prezzi>
    <Data>20150715</Data>
    <Mercato>MGP</Mercato>
    <Ora>8</Ora>
    <PUN>73,500000</PUN>
    <NAT>74,750000</NAT>
    <CNOR>78,444690</CNOR>
    <CSUD>62,000000</CSUD>
    <NORD>78,444690</NORD>
    <SARD>62,000000</SARD>
    <SICI>60,560000</SICI>
    <SUD>62,000000</SUD>
    <AUST>78,444690</AUST>
    <BRNN>62,000000</BRNN>
    <COAC>62,000000</COAC>
    <CORS>78,444690</CORS>
    <FOGN>62,000000</FOGN>
    <FRAN>78,444690</FRAN>
    <GREC>62,000000</GREC>
    <MFTV>78,444690</MFTV>
    <PRGP>60,560000</PRGP>
    <ROSN>60,560000</ROSN>
    <SLOV>78,444690</SLOV>
    <SVIZ>78,444690</SVIZ>
    <BSP>78,444690</BSP>
    <MALT>60,560000</MALT>
    <XAUS>78,444690</XAUS>
    <XFRA>78,444690</XFRA>
  </Prezzi>
  <Prezzi>
    <Data>20150715</Data>
    <Mercato>MGP</Mercato>
    <Ora>9</Ora>
    <PUN>85,180000</PUN>
    <NAT>82,980000</NAT>
    <CNOR>60,560000</CNOR>
    <CSUD>60,560000</CSUD>
    <NORD>100,201580</NORD>
    <SARD>60,560000</SARD>
    <SICI>60,560000</SICI>
    <SUD>60,560000</SUD>
    <AUST>100,201580</AUST>
    <BRNN>60,560000</BRNN>
    <COAC>60,560000</COAC>
    <CORS>60,560000</CORS>
    <FOGN>60,560000</FOGN>
    <FRAN>100,201580</FRAN>
    <GREC>60,560000</GREC>
    <MFTV>100,201580</MFTV>
    <PRGP>60,560000</PRGP>
    <ROSN>60,560000</ROSN>
    <SLOV>100,201580</SLOV>
    <SVIZ>100,201580</SVIZ>
    <BSP>100,201580</BSP>
    <MALT>60,560000</MALT>
    <XAUS>100,201580</XAUS>
    <XFRA>100,201580</XFRA>
  </Prezzi>
  <Prezzi>
    <Data>20150715</Data>
    <Mercato>MGP</Mercato>
    <Ora>10</Ora>
    <PUN>86,139080</PUN>
    <NAT>80,650000</NAT>
    <CNOR>60,000000</CNOR>
    <CSUD>60,000000</CSUD>
    <NORD>102,380000</NORD>
    <SARD>60,000000</SARD>
    <SICI>60,560000</SICI>
    <SUD>60,000000</SUD>
    <AUST>102,380000</AUST>
    <BRNN>60,000000</BRNN>
    <COAC>60,000000</COAC>
    <CORS>60,000000</CORS>
    <FOGN>60,000000</FOGN>
    <FRAN>102,380000</FRAN>
    <GREC>60,000000</GREC>
    <MFTV>102,380000</MFTV>
    <PRGP>60,560000</PRGP>
    <ROSN>60,000000</ROSN>
    <SLOV>102,380000</SLOV>
    <SVIZ>102,380000</SVIZ>
    <BSP>102,380000</BSP>
    <MALT>60,560000</MALT>
    <XAUS>102,380000</XAUS>
    <XFRA>102,380000</XFRA>
  </Prezzi>
  <Prezzi>
    <Data>20150715</Data>
    <Mercato>MGP</Mercato>
    <Ora>11</Ora>
    <PUN>80,000000</PUN>
    <NAT>77,060000</NAT>
    <CNOR>55,540000</CNOR>
    <CSUD>55,540000</CSUD>
    <NORD>94,739420</NORD>
    <SARD>55,540000</SARD>
    <SICI>60,560000</SICI>
    <SUD>55,540000</SUD>
    <AUST>94,739420</AUST>
    <BRNN>55,540000</BRNN>
    <COAC>55,540000</COAC>
    <CORS>55,540000</CORS>
    <FOGN>55,540000</FOGN>
    <FRAN>94,739420</FRAN>
    <GREC>55,540000</GREC>
    <MFTV>94,739420</MFTV>
    <PRGP>60,560000</PRGP>
    <ROSN>55,540000</ROSN>
    <SLOV>94,739420</SLOV>
    <SVIZ>94,739420</SVIZ>
    <BSP>94,739420</BSP>
    <MALT>60,560000</MALT>
    <XAUS>94,739420</XAUS>
    <XFRA>94,739420</XFRA>
  </Prezzi>
  <Prezzi>
    <Data>20150715</Data>
    <Mercato>MGP</Mercato>
    <Ora>12</Ora>
    <PUN>77,392570</PUN>
    <NAT>75,000000</NAT>
    <CNOR>54,050000</CNOR>
    <CSUD>54,050000</CSUD>
    <NORD>91,490000</NORD>
    <SARD>54,050000</SARD>
    <SICI>60,560000</SICI>
    <SUD>54,050000</SUD>
    <AUST>91,490000</AUST>
    <BRNN>54,050000</BRNN>
    <COAC>54,050000</COAC>
    <CORS>54,050000</CORS>
    <FOGN>54,050000</FOGN>
    <FRAN>91,490000</FRAN>
    <GREC>54,050000</GREC>
    <MFTV>91,490000</MFTV>
    <PRGP>60,560000</PRGP>
    <ROSN>54,050000</ROSN>
    <SLOV>91,490000</SLOV>
    <SVIZ>91,490000</SVIZ>
    <BSP>91,490000</BSP>
    <MALT>60,560000</MALT>
    <XAUS>91,490000</XAUS>
    <XFRA>91,490000</XFRA>
  </Prezzi>
  <Prezzi>
    <Data>20150715</Data>
    <Mercato>MGP</Mercato>
    <Ora>13</Ora>
    <PUN>71,865750</PUN>
    <NAT>66,950000</NAT>
    <CNOR>53,990000</CNOR>
    <CSUD>53,990000</CSUD>
    <NORD>82,980000</NORD>
    <SARD>53,990000</SARD>
    <SICI>60,000000</SICI>
    <SUD>53,990000</SUD>
    <AUST>82,980000</AUST>
    <BRNN>53,990000</BRNN>
    <COAC>53,990000</COAC>
    <CORS>53,990000</CORS>
    <FOGN>53,990000</FOGN>
    <FRAN>82,980000</FRAN>
    <GREC>53,990000</GREC>
    <MFTV>82,980000</MFTV>
    <PRGP>60,000000</PRGP>
    <ROSN>53,990000</ROSN>
    <SLOV>82,980000</SLOV>
    <SVIZ>82,980000</SVIZ>
    <BSP>82,980000</BSP>
    <MALT>60,000000</MALT>
    <XAUS>82,980000</XAUS>
    <XFRA>82,980000</XFRA>
  </Prezzi>
  <Prezzi>
    <Data>20150715</Data>
    <Mercato>MGP</Mercato>
    <Ora>14</Ora>
    <PUN>73,200470</PUN>
    <NAT>68,600000</NAT>
    <CNOR>53,760000</CNOR>
    <CSUD>53,760000</CSUD>
    <NORD>85,000000</NORD>
    <SARD>53,760000</SARD>
    <SICI>58,800000</SICI>
    <SUD>53,760000</SUD>
    <AUST>85,000000</AUST>
    <BRNN>53,760000</BRNN>
    <COAC>53,760000</COAC>
    <CORS>53,760000</CORS>
    <FOGN>53,760000</FOGN>
    <FRAN>85,000000</FRAN>
    <GREC>53,760000</GREC>
    <MFTV>85,000000</MFTV>
    <PRGP>58,800000</PRGP>
    <ROSN>53,760000</ROSN>
    <SLOV>85,000000</SLOV>
    <SVIZ>85,000000</SVIZ>
    <BSP>85,000000</BSP>
    <MALT>58,800000</MALT>
    <XAUS>85,000000</XAUS>
    <XFRA>85,000000</XFRA>
  </Prezzi>
  <Prezzi>
    <Data>20150715</Data>
    <Mercato>MGP</Mercato>
    <Ora>15</Ora>
    <PUN>80,000000</PUN>
    <NAT>75,080000</NAT>
    <CNOR>57,990000</CNOR>
    <CSUD>57,990000</CSUD>
    <NORD>94,156620</NORD>
    <SARD>57,990000</SARD>
    <SICI>60,560000</SICI>
    <SUD>56,680000</SUD>
    <AUST>94,156620</AUST>
    <BRNN>56,680000</BRNN>
    <COAC>57,990000</COAC>
    <CORS>57,990000</CORS>
    <FOGN>56,680000</FOGN>
    <FRAN>94,156620</FRAN>
    <GREC>56,680000</GREC>
    <MFTV>94,156620</MFTV>
    <PRGP>60,560000</PRGP>
    <ROSN>56,680000</ROSN>
    <SLOV>94,156620</SLOV>
    <SVIZ>94,156620</SVIZ>
    <BSP>94,156620</BSP>
    <MALT>60,560000</MALT>
    <XAUS>94,156620</XAUS>
    <XFRA>94,156620</XFRA>
  </Prezzi>
  <Prezzi>
    <Data>20150715</Data>
    <Mercato>MGP</Mercato>
    <Ora>16</Ora>
    <PUN>79,705280</PUN>
    <NAT>76,990000</NAT>
    <CNOR>55,540000</CNOR>
    <CSUD>55,540000</CSUD>
    <NORD>94,110000</NORD>
    <SARD>55,540000</SARD>
    <SICI>60,560000</SICI>
    <SUD>55,540000</SUD>
    <AUST>94,110000</AUST>
    <BRNN>55,540000</BRNN>
    <COAC>55,540000</COAC>
    <CORS>55,540000</CORS>
    <FOGN>55,540000</FOGN>
    <FRAN>94,110000</FRAN>
    <GREC>55,540000</GREC>
    <MFTV>94,110000</MFTV>
    <PRGP>60,560000</PRGP>
    <ROSN>55,540000</ROSN>
    <SLOV>94,110000</SLOV>
    <SVIZ>94,110000</SVIZ>
    <BSP>94,110000</BSP>
    <MALT>60,560000</MALT>
    <XAUS>94,110000</XAUS>
    <XFRA>94,110000</XFRA>
  </Prezzi>
  <Prezzi>
    <Data>20150715</Data>
    <Mercato>MGP</Mercato>
    <Ora>17</Ora>
    <PUN>82,161080</PUN>
    <NAT>80,660000</NAT>
    <CNOR>91,690000</CNOR>
    <CSUD>62,000000</CSUD>
    <NORD>91,690000</NORD>
    <SARD>62,000000</SARD>
    <SICI>60,560000</SICI>
    <SUD>55,230000</SUD>
    <AUST>91,690000</AUST>
    <BRNN>55,230000</BRNN>
    <COAC>62,000000</COAC>
    <CORS>91,690000</CORS>
    <FOGN>55,230000</FOGN>
    <FRAN>91,690000</FRAN>
    <GREC>55,230000</GREC>
    <MFTV>91,690000</MFTV>
    <PRGP>60,560000</PRGP>
    <ROSN>55,230000</ROSN>
    <SLOV>91,690000</SLOV>
    <SVIZ>91,690000</SVIZ>
    <BSP>91,690000</BSP>
    <MALT>60,560000</MALT>
    <XAUS>91,690000</XAUS>
    <XFRA>91,690000</XFRA>
  </Prezzi>
  <Prezzi>
    <Data>20150715</Data>
    <Mercato>MGP</Mercato>
    <Ora>18</Ora>
    <PUN>83,843290</PUN>
    <NAT>83,250000</NAT>
    <CNOR>94,110000</CNOR>
    <CSUD>62,000000</CSUD>
    <NORD>94,110000</NORD>
    <SARD>62,000000</SARD>
    <SICI>60,560000</SICI>
    <SUD>57,550000</SUD>
    <AUST>94,110000</AUST>
    <BRNN>57,550000</BRNN>
    <COAC>62,000000</COAC>
    <CORS>94,110000</CORS>
    <FOGN>57,550000</FOGN>
    <FRAN>94,110000</FRAN>
    <GREC>57,550000</GREC>
    <MFTV>94,110000</MFTV>
    <PRGP>60,560000</PRGP>
    <ROSN>57,550000</ROSN>
    <SLOV>94,110000</SLOV>
    <SVIZ>94,110000</SVIZ>
    <BSP>94,110000</BSP>
    <MALT>60,560000</MALT>
    <XAUS>94,110000</XAUS>
    <XFRA>94,110000</XFRA>
  </Prezzi>
  <Prezzi>
    <Data>20150715</Data>
    <Mercato>MGP</Mercato>
    <Ora>19</Ora>
    <PUN>83,271050</PUN>
    <NAT>84,000000</NAT>
    <CNOR>86,620000</CNOR>
    <CSUD>74,970000</CSUD>
    <NORD>86,620000</NORD>
    <SARD>74,970000</SARD>
    <SICI>81,990000</SICI>
    <SUD>74,970000</SUD>
    <AUST>86,620000</AUST>
    <BRNN>74,970000</BRNN>
    <COAC>74,970000</COAC>
    <CORS>86,620000</CORS>
    <FOGN>74,970000</FOGN>
    <FRAN>86,620000</FRAN>
    <GREC>74,970000</GREC>
    <MFTV>86,620000</MFTV>
    <PRGP>81,990000</PRGP>
    <ROSN>74,970000</ROSN>
    <SLOV>86,620000</SLOV>
    <SVIZ>86,620000</SVIZ>
    <BSP>86,620000</BSP>
    <MALT>81,990000</MALT>
    <XAUS>86,620000</XAUS>
    <XFRA>86,620000</XFRA>
  </Prezzi>
  <Prezzi>
    <Data>20150715</Data>
    <Mercato>MGP</Mercato>
    <Ora>20</Ora>
    <PUN>85,356240</PUN>
    <NAT>85,000000</NAT>
    <CNOR>85,000000</CNOR>
    <CSUD>85,000000</CSUD>
    <NORD>85,000000</NORD>
    <SARD>85,000000</SARD>
    <SICI>92,430000</SICI>
    <SUD>85,000000</SUD>
    <AUST>85,000000</AUST>
    <BRNN>85,000000</BRNN>
    <COAC>85,000000</COAC>
    <CORS>85,000000</CORS>
    <FOGN>85,000000</FOGN>
    <FRAN>85,000000</FRAN>
    <GREC>85,000000</GREC>
    <MFTV>85,000000</MFTV>
    <PRGP>92,430000</PRGP>
    <ROSN>85,000000</ROSN>
    <SLOV>85,000000</SLOV>
    <SVIZ>85,000000</SVIZ>
    <BSP>85,000000</BSP>
    <MALT>92,430000</MALT>
    <XAUS>85,000000</XAUS>
    <XFRA>85,000000</XFRA>
  </Prezzi>
  <Prezzi>
    <Data>20150715</Data>
    <Mercato>MGP</Mercato>
    <Ora>21</Ora>
    <PUN>83,873540</PUN>
    <NAT>85,000000</NAT>
    <CNOR>83,280000</CNOR>
    <CSUD>83,280000</CSUD>
    <NORD>83,280000</NORD>
    <SARD>83,280000</SARD>
    <SICI>94,640000</SICI>
    <SUD>83,280000</SUD>
    <AUST>83,280000</AUST>
    <BRNN>83,280000</BRNN>
    <COAC>83,280000</COAC>
    <CORS>83,280000</CORS>
    <FOGN>83,280000</FOGN>
    <FRAN>83,280000</FRAN>
    <GREC>83,280000</GREC>
    <MFTV>83,280000</MFTV>
    <PRGP>94,640000</PRGP>
    <ROSN>83,280000</ROSN>
    <SLOV>83,280000</SLOV>
    <SVIZ>83,280000</SVIZ>
    <BSP>83,280000</BSP>
    <MALT>94,640000</MALT>
    <XAUS>83,280000</XAUS>
    <XFRA>83,280000</XFRA>
  </Prezzi>
  <Prezzi>
    <Data>20150715</Data>
    <Mercato>MGP</Mercato>
    <Ora>22</Ora>
    <PUN>87,000000</PUN>
    <NAT>87,000000</NAT>
    <CNOR>86,590920</CNOR>
    <CSUD>86,590920</CSUD>
    <NORD>86,590920</NORD>
    <SARD>86,590920</SARD>
    <SICI>94,640000</SICI>
    <SUD>86,590920</SUD>
    <AUST>86,590920</AUST>
    <BRNN>86,590920</BRNN>
    <COAC>86,590920</COAC>
    <CORS>86,590920</CORS>
    <FOGN>86,590920</FOGN>
    <FRAN>86,590920</FRAN>
    <GREC>86,590920</GREC>
    <MFTV>86,590920</MFTV>
    <PRGP>94,640000</PRGP>
    <ROSN>86,590920</ROSN>
    <SLOV>86,590920</SLOV>
    <SVIZ>86,590920</SVIZ>
    <BSP>86,590920</BSP>
    <MALT>94,640000</MALT>
    <XAUS>86,590920</XAUS>
    <XFRA>86,590920</XFRA>
  </Prezzi>
  <Prezzi>
    <Data>20150715</Data>
    <Mercato>MGP</Mercato>
    <Ora>23</Ora>
    <PUN>85,387850</PUN>
    <NAT>85,000000</NAT>
    <CNOR>85,000000</CNOR>
    <CSUD>85,000000</CSUD>
    <NORD>85,000000</NORD>
    <SARD>85,000000</SARD>
    <SICI>92,600000</SICI>
    <SUD>85,000000</SUD>
    <AUST>85,000000</AUST>
    <BRNN>85,000000</BRNN>
    <COAC>85,000000</COAC>
    <CORS>85,000000</CORS>
    <FOGN>85,000000</FOGN>
    <FRAN>85,000000</FRAN>
    <GREC>85,000000</GREC>
    <MFTV>85,000000</MFTV>
    <PRGP>92,600000</PRGP>
    <ROSN>62,000000</ROSN>
    <SLOV>85,000000</SLOV>
    <SVIZ>85,000000</SVIZ>
    <BSP>85,000000</BSP>
    <MALT>92,600000</MALT>
    <XAUS>85,000000</XAUS>
    <XFRA>85,000000</XFRA>
  </Prezzi>
  <Prezzi>
    <Data>20150715</Data>
    <Mercato>MGP</Mercato>
    <Ora>24</Ora>
    <PUN>74,348550</PUN>
    <NAT>74,970000</NAT>
    <CNOR>74,970000</CNOR>
    <CSUD>74,970000</CSUD>
    <NORD>74,970000</NORD>
    <SARD>74,970000</SARD>
    <SICI>62,990000</SICI>
    <SUD>74,970000</SUD>
    <AUST>74,970000</AUST>
    <BRNN>74,970000</BRNN>
    <COAC>74,970000</COAC>
    <CORS>74,970000</CORS>
    <FOGN>74,970000</FOGN>
    <FRAN>74,970000</FRAN>
    <GREC>74,970000</GREC>
    <MFTV>74,970000</MFTV>
    <PRGP>62,990000</PRGP>
    <ROSN>62,990000</ROSN>
    <SLOV>74,970000</SLOV>
    <SVIZ>74,970000</SVIZ>
    <BSP>74,970000</BSP>
    <MALT>62,990000</MALT>
    <XAUS>74,970000</XAUS>
    <XFRA>74,970000</XFRA>
  </Prezzi>
</NewDataSet>