<?xml version="1.0" standalone="yes"?>
<NewDataSet>
  <xs:schema id="NewDataSet" xmlns="" xmlns:xs="http://www.w3.org/2001/XMLSchema" xmlns:msdata="urn:schemas-microsoft-com:xml-msdata">
    <xs:element name="NewDataSet" msdata:IsDataSet="true" msdata:UseCurrentLocale="true">
      <xs:complexType>
        <xs:choice minOccurs="0" maxOccurs="unbounded">
          <xs:element name="Prezzi">
            <xs:complexType>
              <xs:sequence>
                <xs:element name="Data" type="xs:string" minOccurs="0" />
                <xs:element name="Mercato" type="xs:string" minOccurs="0" />
                <xs:element name="Ora" type="xs:string" minOccurs="0" />
                <xs:element name="PUN" type="xs:string" minOccurs="0" />
                <xs:element name="NAT" type="xs:string" minOccurs="0" />
                <xs:element name="CNOR" type="xs:string" minOccurs="0" />
                <xs:element name="CSUD" type="xs:string" minOccurs="0" />
                <xs:element name="NORD" type="xs:string" minOccurs="0" />
                <xs:element name="SARD" type="xs:string" minOccurs="0" />
                <xs:element name="SICI" type="xs:string" minOccurs="0" />
                <xs:element name="SUD" type="xs:string" minOccurs="0" />
                <xs:element name="AUST" type="xs:string" minOccurs="0" />
                <xs:element name="BRNN" type="xs:string" minOccurs="0" />
                <xs:element name="COAC" type="xs:string" minOccurs="0" />
                <xs:element name="CORS" type="xs:string" minOccurs="0" />
                <xs:element name="FOGN" type="xs:string" minOccurs="0" />
                <xs:element name="FRAN" type="xs:string" minOccurs="0" />
                <xs:element name="GREC" type="xs:string" minOccurs="0" />
                <xs:element name="MFTV" type="xs:string" minOccurs="0" />
                <xs:element name="PRGP" type="xs:string" minOccurs="0" />
                <xs:element name="ROSN" type="xs:string" minOccurs="0" />
                <xs:element name="SLOV" type="xs:string" minOccurs="0" />
                <xs:element name="SVIZ" type="xs:string" minOccurs="0" />
                <xs:element name="BSP" type="xs:string" minOccurs="0" />
                <xs:element name="MALT" type="xs:string" minOccurs="0" />
                <xs:element name="XAUS" type="xs:string" minOccurs="0" />
                <xs:element name="XFRA" type="xs:string" minOccurs="0" />
              </xs:sequence>
            </xs:complexType>
          </xs:element>
        </xs:choice>
      </xs:complexType>
    </xs:element>
  </xs:schema>
  <Prezzi>
    <Data>20150705</Data>
    <Mercato>MGP</Mercato>
    <Ora>1</Ora>
    <PUN>51,766370</PUN>
    <NAT>54,400000</NAT>
    <CNOR>51,230000</CNOR>
    <CSUD>51,230000</CSUD>
    <NORD>51,230000</NORD>
    <SARD>51,230000</SARD>
    <SICI>61,250000</SICI>
    <SUD>51,230000</SUD>
    <AUST>51,230000</AUST>
    <BRNN>51,230000</BRNN>
    <COAC>51,230000</COAC>
    <CORS>51,230000</CORS>
    <FOGN>51,230000</FOGN>
    <FRAN>51,230000</FRAN>
    <GREC>51,230000</GREC>
    <MFTV>51,230000</MFTV>
    <PRGP>61,250000</PRGP>
    <ROSN>51,230000</ROSN>
    <SLOV>51,230000</SLOV>
    <SVIZ>51,230000</SVIZ>
    <BSP>51,230000</BSP>
    <MALT>61,250000</MALT>
    <XAUS>51,230000</XAUS>
    <XFRA>51,230000</XFRA>
  </Prezzi>
  <Prezzi>
    <Data>20150705</Data>
    <Mercato>MGP</Mercato>
    <Ora>2</Ora>
    <PUN>46,320980</PUN>
    <NAT>48,000000</NAT>
    <CNOR>45,490000</CNOR>
    <CSUD>45,490000</CSUD>
    <NORD>45,490000</NORD>
    <SARD>45,490000</SARD>
    <SICI>61,250000</SICI>
    <SUD>45,490000</SUD>
    <AUST>45,490000</AUST>
    <BRNN>45,490000</BRNN>
    <COAC>45,490000</COAC>
    <CORS>45,490000</CORS>
    <FOGN>45,490000</FOGN>
    <FRAN>45,490000</FRAN>
    <GREC>45,490000</GREC>
    <MFTV>45,490000</MFTV>
    <PRGP>61,250000</PRGP>
    <ROSN>45,490000</ROSN>
    <SLOV>45,490000</SLOV>
    <SVIZ>45,490000</SVIZ>
    <BSP>45,490000</BSP>
    <MALT>61,250000</MALT>
    <XAUS>45,490000</XAUS>
    <XFRA>45,490000</XFRA>
  </Prezzi>
  <Prezzi>
    <Data>20150705</Data>
    <Mercato>MGP</Mercato>
    <Ora>3</Ora>
    <PUN>44,691670</PUN>
    <NAT>44,730000</NAT>
    <CNOR>43,780000</CNOR>
    <CSUD>43,780000</CSUD>
    <NORD>43,780000</NORD>
    <SARD>43,780000</SARD>
    <SICI>61,250000</SICI>
    <SUD>43,780000</SUD>
    <AUST>43,780000</AUST>
    <BRNN>43,780000</BRNN>
    <COAC>43,780000</COAC>
    <CORS>43,780000</CORS>
    <FOGN>43,780000</FOGN>
    <FRAN>43,780000</FRAN>
    <GREC>43,780000</GREC>
    <MFTV>43,780000</MFTV>
    <PRGP>61,250000</PRGP>
    <ROSN>43,780000</ROSN>
    <SLOV>43,780000</SLOV>
    <SVIZ>43,780000</SVIZ>
    <BSP>43,780000</BSP>
    <MALT>61,250000</MALT>
    <XAUS>43,780000</XAUS>
    <XFRA>43,780000</XFRA>
  </Prezzi>
  <Prezzi>
    <Data>20150705</Data>
    <Mercato>MGP</Mercato>
    <Ora>4</Ora>
    <PUN>43,301640</PUN>
    <NAT>43,270000</NAT>
    <CNOR>42,340000</CNOR>
    <CSUD>42,340000</CSUD>
    <NORD>42,340000</NORD>
    <SARD>42,340000</SARD>
    <SICI>61,050000</SICI>
    <SUD>42,340000</SUD>
    <AUST>42,340000</AUST>
    <BRNN>42,340000</BRNN>
    <COAC>42,340000</COAC>
    <CORS>42,340000</CORS>
    <FOGN>42,340000</FOGN>
    <FRAN>42,340000</FRAN>
    <GREC>42,340000</GREC>
    <MFTV>42,340000</MFTV>
    <PRGP>61,050000</PRGP>
    <ROSN>42,340000</ROSN>
    <SLOV>42,340000</SLOV>
    <SVIZ>42,340000</SVIZ>
    <BSP>42,340000</BSP>
    <MALT>61,050000</MALT>
    <XAUS>42,340000</XAUS>
    <XFRA>42,340000</XFRA>
  </Prezzi>
  <Prezzi>
    <Data>20150705</Data>
    <Mercato>MGP</Mercato>
    <Ora>5</Ora>
    <PUN>43,449420</PUN>
    <NAT>43,270000</NAT>
    <CNOR>42,500000</CNOR>
    <CSUD>42,500000</CSUD>
    <NORD>42,500000</NORD>
    <SARD>42,500000</SARD>
    <SICI>61,050000</SICI>
    <SUD>42,500000</SUD>
    <AUST>42,500000</AUST>
    <BRNN>42,500000</BRNN>
    <COAC>42,500000</COAC>
    <CORS>42,500000</CORS>
    <FOGN>42,500000</FOGN>
    <FRAN>42,500000</FRAN>
    <GREC>42,500000</GREC>
    <MFTV>42,500000</MFTV>
    <PRGP>61,050000</PRGP>
    <ROSN>42,500000</ROSN>
    <SLOV>42,500000</SLOV>
    <SVIZ>42,500000</SVIZ>
    <BSP>42,500000</BSP>
    <MALT>61,050000</MALT>
    <XAUS>42,500000</XAUS>
    <XFRA>42,500000</XFRA>
  </Prezzi>
  <Prezzi>
    <Data>20150705</Data>
    <Mercato>MGP</Mercato>
    <Ora>6</Ora>
    <PUN>45,440000</PUN>
    <NAT>44,730000</NAT>
    <CNOR>44,593050</CNOR>
    <CSUD>44,593050</CSUD>
    <NORD>44,593050</NORD>
    <SARD>44,593050</SARD>
    <SICI>61,050000</SICI>
    <SUD>44,593050</SUD>
    <AUST>44,593050</AUST>
    <BRNN>44,593050</BRNN>
    <COAC>44,593050</COAC>
    <CORS>44,593050</CORS>
    <FOGN>44,593050</FOGN>
    <FRAN>44,593050</FRAN>
    <GREC>44,593050</GREC>
    <MFTV>44,593050</MFTV>
    <PRGP>61,050000</PRGP>
    <ROSN>44,593050</ROSN>
    <SLOV>44,593050</SLOV>
    <SVIZ>44,593050</SVIZ>
    <BSP>44,593050</BSP>
    <MALT>61,050000</MALT>
    <XAUS>44,593050</XAUS>
    <XFRA>44,593050</XFRA>
  </Prezzi>
  <Prezzi>
    <Data>20150705</Data>
    <Mercato>MGP</Mercato>
    <Ora>7</Ora>
    <PUN>44,355010</PUN>
    <NAT>43,500000</NAT>
    <CNOR>43,470000</CNOR>
    <CSUD>43,470000</CSUD>
    <NORD>43,470000</NORD>
    <SARD>43,470000</SARD>
    <SICI>61,050000</SICI>
    <SUD>43,360000</SUD>
    <AUST>43,470000</AUST>
    <BRNN>43,360000</BRNN>
    <COAC>43,470000</COAC>
    <CORS>43,470000</CORS>
    <FOGN>43,360000</FOGN>
    <FRAN>43,470000</FRAN>
    <GREC>43,360000</GREC>
    <MFTV>43,470000</MFTV>
    <PRGP>61,050000</PRGP>
    <ROSN>43,360000</ROSN>
    <SLOV>43,470000</SLOV>
    <SVIZ>43,470000</SVIZ>
    <BSP>43,470000</BSP>
    <MALT>61,050000</MALT>
    <XAUS>43,470000</XAUS>
    <XFRA>43,470000</XFRA>
  </Prezzi>
  <Prezzi>
    <Data>20150705</Data>
    <Mercato>MGP</Mercato>
    <Ora>8</Ora>
    <PUN>42,967040</PUN>
    <NAT>42,340000</NAT>
    <CNOR>43,470000</CNOR>
    <CSUD>43,470000</CSUD>
    <NORD>43,470000</NORD>
    <SARD>43,470000</SARD>
    <SICI>61,050000</SICI>
    <SUD>31,000000</SUD>
    <AUST>43,470000</AUST>
    <BRNN>31,000000</BRNN>
    <COAC>43,470000</COAC>
    <CORS>43,470000</CORS>
    <FOGN>31,000000</FOGN>
    <FRAN>43,470000</FRAN>
    <GREC>31,000000</GREC>
    <MFTV>43,470000</MFTV>
    <PRGP>61,050000</PRGP>
    <ROSN>31,000000</ROSN>
    <SLOV>43,470000</SLOV>
    <SVIZ>43,470000</SVIZ>
    <BSP>43,470000</BSP>
    <MALT>61,050000</MALT>
    <XAUS>43,470000</XAUS>
    <XFRA>43,470000</XFRA>
  </Prezzi>
  <Prezzi>
    <Data>20150705</Data>
    <Mercato>MGP</Mercato>
    <Ora>9</Ora>
    <PUN>43,832990</PUN>
    <NAT>42,840000</NAT>
    <CNOR>44,280000</CNOR>
    <CSUD>44,280000</CSUD>
    <NORD>44,280000</NORD>
    <SARD>44,280000</SARD>
    <SICI>61,050000</SICI>
    <SUD>32,000000</SUD>
    <AUST>44,280000</AUST>
    <BRNN>32,000000</BRNN>
    <COAC>44,280000</COAC>
    <CORS>44,280000</CORS>
    <FOGN>32,000000</FOGN>
    <FRAN>44,280000</FRAN>
    <GREC>32,000000</GREC>
    <MFTV>44,280000</MFTV>
    <PRGP>61,050000</PRGP>
    <ROSN>32,000000</ROSN>
    <SLOV>44,280000</SLOV>
    <SVIZ>44,280000</SVIZ>
    <BSP>44,280000</BSP>
    <MALT>61,050000</MALT>
    <XAUS>44,280000</XAUS>
    <XFRA>44,280000</XFRA>
  </Prezzi>
  <Prezzi>
    <Data>20150705</Data>
    <Mercato>MGP</Mercato>
    <Ora>10</Ora>
    <PUN>44,258250</PUN>
    <NAT>42,840000</NAT>
    <CNOR>45,230000</CNOR>
    <CSUD>45,230000</CSUD>
    <NORD>45,230000</NORD>
    <SARD>45,230000</SARD>
    <SICI>61,050000</SICI>
    <SUD>29,000000</SUD>
    <AUST>45,230000</AUST>
    <BRNN>29,000000</BRNN>
    <COAC>45,230000</COAC>
    <CORS>45,230000</CORS>
    <FOGN>29,000000</FOGN>
    <FRAN>45,230000</FRAN>
    <GREC>29,000000</GREC>
    <MFTV>45,230000</MFTV>
    <PRGP>61,050000</PRGP>
    <ROSN>29,000000</ROSN>
    <SLOV>45,230000</SLOV>
    <SVIZ>45,230000</SVIZ>
    <BSP>45,230000</BSP>
    <MALT>61,050000</MALT>
    <XAUS>45,230000</XAUS>
    <XFRA>45,230000</XFRA>
  </Prezzi>
  <Prezzi>
    <Data>20150705</Data>
    <Mercato>MGP</Mercato>
    <Ora>11</Ora>
    <PUN>47,148030</PUN>
    <NAT>43,690000</NAT>
    <CNOR>44,280000</CNOR>
    <CSUD>44,280000</CSUD>
    <NORD>51,000000</NORD>
    <SARD>44,280000</SARD>
    <SICI>61,050000</SICI>
    <SUD>29,000000</SUD>
    <AUST>51,000000</AUST>
    <BRNN>29,000000</BRNN>
    <COAC>44,280000</COAC>
    <CORS>44,280000</CORS>
    <FOGN>29,000000</FOGN>
    <FRAN>51,000000</FRAN>
    <GREC>29,000000</GREC>
    <MFTV>51,000000</MFTV>
    <PRGP>61,050000</PRGP>
    <ROSN>29,000000</ROSN>
    <SLOV>51,000000</SLOV>
    <SVIZ>51,000000</SVIZ>
    <BSP>51,000000</BSP>
    <MALT>61,050000</MALT>
    <XAUS>51,000000</XAUS>
    <XFRA>51,000000</XFRA>
  </Prezzi>
  <Prezzi>
    <Data>20150705</Data>
    <Mercato>MGP</Mercato>
    <Ora>12</Ora>
    <PUN>45,987250</PUN>
    <NAT>43,000000</NAT>
    <CNOR>41,870000</CNOR>
    <CSUD>41,870000</CSUD>
    <NORD>47,400000</NORD>
    <SARD>41,870000</SARD>
    <SICI>61,050000</SICI>
    <SUD>41,870000</SUD>
    <AUST>47,400000</AUST>
    <BRNN>41,870000</BRNN>
    <COAC>41,870000</COAC>
    <CORS>41,870000</CORS>
    <FOGN>41,870000</FOGN>
    <FRAN>47,400000</FRAN>
    <GREC>41,870000</GREC>
    <MFTV>47,400000</MFTV>
    <PRGP>61,050000</PRGP>
    <ROSN>41,870000</ROSN>
    <SLOV>47,400000</SLOV>
    <SVIZ>47,400000</SVIZ>
    <BSP>47,400000</BSP>
    <MALT>61,050000</MALT>
    <XAUS>47,400000</XAUS>
    <XFRA>47,400000</XFRA>
  </Prezzi>
  <Prezzi>
    <Data>20150705</Data>
    <Mercato>MGP</Mercato>
    <Ora>13</Ora>
    <PUN>46,420690</PUN>
    <NAT>42,840000</NAT>
    <CNOR>41,870000</CNOR>
    <CSUD>41,870000</CSUD>
    <NORD>48,180000</NORD>
    <SARD>41,870000</SARD>
    <SICI>61,050000</SICI>
    <SUD>41,870000</SUD>
    <AUST>48,180000</AUST>
    <BRNN>41,870000</BRNN>
    <COAC>41,870000</COAC>
    <CORS>41,870000</CORS>
    <FOGN>41,870000</FOGN>
    <FRAN>48,180000</FRAN>
    <GREC>41,870000</GREC>
    <MFTV>48,180000</MFTV>
    <PRGP>61,050000</PRGP>
    <ROSN>41,870000</ROSN>
    <SLOV>48,180000</SLOV>
    <SVIZ>48,180000</SVIZ>
    <BSP>48,180000</BSP>
    <MALT>61,050000</MALT>
    <XAUS>48,180000</XAUS>
    <XFRA>48,180000</XFRA>
  </Prezzi>
  <Prezzi>
    <Data>20150705</Data>
    <Mercato>MGP</Mercato>
    <Ora>14</Ora>
    <PUN>41,917120</PUN>
    <NAT>41,870000</NAT>
    <CNOR>36,050000</CNOR>
    <CSUD>36,050000</CSUD>
    <NORD>45,490000</NORD>
    <SARD>36,050000</SARD>
    <SICI>46,990000</SICI>
    <SUD>36,050000</SUD>
    <AUST>45,490000</AUST>
    <BRNN>36,050000</BRNN>
    <COAC>36,050000</COAC>
    <CORS>36,050000</CORS>
    <FOGN>36,050000</FOGN>
    <FRAN>45,490000</FRAN>
    <GREC>36,050000</GREC>
    <MFTV>45,490000</MFTV>
    <PRGP>46,990000</PRGP>
    <ROSN>36,050000</ROSN>
    <SLOV>45,490000</SLOV>
    <SVIZ>45,490000</SVIZ>
    <BSP>45,490000</BSP>
    <MALT>46,990000</MALT>
    <XAUS>45,490000</XAUS>
    <XFRA>45,490000</XFRA>
  </Prezzi>
  <Prezzi>
    <Data>20150705</Data>
    <Mercato>MGP</Mercato>
    <Ora>15</Ora>
    <PUN>44,155490</PUN>
    <NAT>38,950000</NAT>
    <CNOR>45,490000</CNOR>
    <CSUD>45,490000</CSUD>
    <NORD>46,040000</NORD>
    <SARD>45,490000</SARD>
    <SICI>35,000000</SICI>
    <SUD>35,000000</SUD>
    <AUST>46,040000</AUST>
    <BRNN>35,000000</BRNN>
    <COAC>45,490000</COAC>
    <CORS>45,490000</CORS>
    <FOGN>35,000000</FOGN>
    <FRAN>46,040000</FRAN>
    <GREC>35,000000</GREC>
    <MFTV>46,040000</MFTV>
    <PRGP>35,000000</PRGP>
    <ROSN>0,000000</ROSN>
    <SLOV>46,040000</SLOV>
    <SVIZ>46,040000</SVIZ>
    <BSP>46,040000</BSP>
    <MALT>35,000000</MALT>
    <XAUS>46,040000</XAUS>
    <XFRA>46,040000</XFRA>
  </Prezzi>
  <Prezzi>
    <Data>20150705</Data>
    <Mercato>MGP</Mercato>
    <Ora>16</Ora>
    <PUN>45,754960</PUN>
    <NAT>42,500000</NAT>
    <CNOR>46,230000</CNOR>
    <CSUD>46,230000</CSUD>
    <NORD>48,200000</NORD>
    <SARD>46,230000</SARD>
    <SICI>35,000000</SICI>
    <SUD>36,500000</SUD>
    <AUST>48,200000</AUST>
    <BRNN>36,500000</BRNN>
    <COAC>46,230000</COAC>
    <CORS>46,230000</CORS>
    <FOGN>36,500000</FOGN>
    <FRAN>48,200000</FRAN>
    <GREC>36,500000</GREC>
    <MFTV>48,200000</MFTV>
    <PRGP>35,000000</PRGP>
    <ROSN>0,000000</ROSN>
    <SLOV>48,200000</SLOV>
    <SVIZ>48,200000</SVIZ>
    <BSP>48,200000</BSP>
    <MALT>35,000000</MALT>
    <XAUS>48,200000</XAUS>
    <XFRA>48,200000</XFRA>
  </Prezzi>
  <Prezzi>
    <Data>20150705</Data>
    <Mercato>MGP</Mercato>
    <Ora>17</Ora>
    <PUN>50,320320</PUN>
    <NAT>45,340000</NAT>
    <CNOR>51,000000</CNOR>
    <CSUD>51,000000</CSUD>
    <NORD>51,000000</NORD>
    <SARD>51,000000</SARD>
    <SICI>60,400000</SICI>
    <SUD>40,100000</SUD>
    <AUST>51,000000</AUST>
    <BRNN>40,100000</BRNN>
    <COAC>51,000000</COAC>
    <CORS>51,000000</CORS>
    <FOGN>40,100000</FOGN>
    <FRAN>51,000000</FRAN>
    <GREC>40,100000</GREC>
    <MFTV>51,000000</MFTV>
    <PRGP>60,400000</PRGP>
    <ROSN>0,000000</ROSN>
    <SLOV>51,000000</SLOV>
    <SVIZ>51,000000</SVIZ>
    <BSP>51,000000</BSP>
    <MALT>60,400000</MALT>
    <XAUS>51,000000</XAUS>
    <XFRA>51,000000</XFRA>
  </Prezzi>
  <Prezzi>
    <Data>20150705</Data>
    <Mercato>MGP</Mercato>
    <Ora>18</Ora>
    <PUN>50,948450</PUN>
    <NAT>47,270000</NAT>
    <CNOR>51,240000</CNOR>
    <CSUD>51,240000</CSUD>
    <NORD>51,240000</NORD>
    <SARD>51,240000</SARD>
    <SICI>61,050000</SICI>
    <SUD>44,100000</SUD>
    <AUST>51,240000</AUST>
    <BRNN>44,100000</BRNN>
    <COAC>51,240000</COAC>
    <CORS>51,240000</CORS>
    <FOGN>44,100000</FOGN>
    <FRAN>51,240000</FRAN>
    <GREC>44,100000</GREC>
    <MFTV>51,240000</MFTV>
    <PRGP>61,050000</PRGP>
    <ROSN>0,000000</ROSN>
    <SLOV>51,240000</SLOV>
    <SVIZ>51,240000</SVIZ>
    <BSP>51,240000</BSP>
    <MALT>61,050000</MALT>
    <XAUS>51,240000</XAUS>
    <XFRA>51,240000</XFRA>
  </Prezzi>
  <Prezzi>
    <Data>20150705</Data>
    <Mercato>MGP</Mercato>
    <Ora>19</Ora>
    <PUN>52,693500</PUN>
    <NAT>50,820000</NAT>
    <CNOR>52,230000</CNOR>
    <CSUD>52,230000</CSUD>
    <NORD>52,230000</NORD>
    <SARD>52,230000</SARD>
    <SICI>61,250000</SICI>
    <SUD>52,230000</SUD>
    <AUST>52,230000</AUST>
    <BRNN>52,230000</BRNN>
    <COAC>52,230000</COAC>
    <CORS>52,230000</CORS>
    <FOGN>52,230000</FOGN>
    <FRAN>52,230000</FRAN>
    <GREC>52,230000</GREC>
    <MFTV>52,230000</MFTV>
    <PRGP>61,250000</PRGP>
    <ROSN>0,000000</ROSN>
    <SLOV>52,230000</SLOV>
    <SVIZ>52,230000</SVIZ>
    <BSP>52,230000</BSP>
    <MALT>61,250000</MALT>
    <XAUS>52,230000</XAUS>
    <XFRA>52,230000</XFRA>
  </Prezzi>
  <Prezzi>
    <Data>20150705</Data>
    <Mercato>MGP</Mercato>
    <Ora>20</Ora>
    <PUN>58,191800</PUN>
    <NAT>55,710000</NAT>
    <CNOR>57,990000</CNOR>
    <CSUD>57,990000</CSUD>
    <NORD>57,990000</NORD>
    <SARD>57,990000</SARD>
    <SICI>61,990000</SICI>
    <SUD>57,990000</SUD>
    <AUST>57,990000</AUST>
    <BRNN>57,990000</BRNN>
    <COAC>57,990000</COAC>
    <CORS>57,990000</CORS>
    <FOGN>57,990000</FOGN>
    <FRAN>57,990000</FRAN>
    <GREC>57,990000</GREC>
    <MFTV>57,990000</MFTV>
    <PRGP>61,990000</PRGP>
    <ROSN>0,000000</ROSN>
    <SLOV>57,990000</SLOV>
    <SVIZ>57,990000</SVIZ>
    <BSP>57,990000</BSP>
    <MALT>61,990000</MALT>
    <XAUS>57,990000</XAUS>
    <XFRA>57,990000</XFRA>
  </Prezzi>
  <Prezzi>
    <Data>20150705</Data>
    <Mercato>MGP</Mercato>
    <Ora>21</Ora>
    <PUN>61,099380</PUN>
    <NAT>61,250000</NAT>
    <CNOR>60,990000</CNOR>
    <CSUD>60,990000</CSUD>
    <NORD>60,990000</NORD>
    <SARD>60,990000</SARD>
    <SICI>63,000000</SICI>
    <SUD>60,990000</SUD>
    <AUST>60,990000</AUST>
    <BRNN>60,990000</BRNN>
    <COAC>60,990000</COAC>
    <CORS>60,990000</CORS>
    <FOGN>60,990000</FOGN>
    <FRAN>60,990000</FRAN>
    <GREC>60,990000</GREC>
    <MFTV>60,990000</MFTV>
    <PRGP>63,000000</PRGP>
    <ROSN>60,990000</ROSN>
    <SLOV>60,990000</SLOV>
    <SVIZ>60,990000</SVIZ>
    <BSP>60,990000</BSP>
    <MALT>63,000000</MALT>
    <XAUS>60,990000</XAUS>
    <XFRA>60,990000</XFRA>
  </Prezzi>
  <Prezzi>
    <Data>20150705</Data>
    <Mercato>MGP</Mercato>
    <Ora>22</Ora>
    <PUN>65,829080</PUN>
    <NAT>64,440000</NAT>
    <CNOR>65,990000</CNOR>
    <CSUD>65,990000</CSUD>
    <NORD>65,990000</NORD>
    <SARD>65,990000</SARD>
    <SICI>63,000000</SICI>
    <SUD>65,990000</SUD>
    <AUST>65,990000</AUST>
    <BRNN>65,990000</BRNN>
    <COAC>65,990000</COAC>
    <CORS>65,990000</CORS>
    <FOGN>65,990000</FOGN>
    <FRAN>65,990000</FRAN>
    <GREC>65,990000</GREC>
    <MFTV>65,990000</MFTV>
    <PRGP>63,000000</PRGP>
    <ROSN>65,990000</ROSN>
    <SLOV>65,990000</SLOV>
    <SVIZ>65,990000</SVIZ>
    <BSP>65,990000</BSP>
    <MALT>63,000000</MALT>
    <XAUS>65,990000</XAUS>
    <XFRA>65,990000</XFRA>
  </Prezzi>
  <Prezzi>
    <Data>20150705</Data>
    <Mercato>MGP</Mercato>
    <Ora>23</Ora>
    <PUN>55,348800</PUN>
    <NAT>57,990000</NAT>
    <CNOR>54,920000</CNOR>
    <CSUD>54,920000</CSUD>
    <NORD>54,920000</NORD>
    <SARD>54,920000</SARD>
    <SICI>63,000000</SICI>
    <SUD>54,920000</SUD>
    <AUST>54,920000</AUST>
    <BRNN>54,920000</BRNN>
    <COAC>54,920000</COAC>
    <CORS>54,920000</CORS>
    <FOGN>54,920000</FOGN>
    <FRAN>54,920000</FRAN>
    <GREC>54,920000</GREC>
    <MFTV>54,920000</MFTV>
    <PRGP>63,000000</PRGP>
    <ROSN>54,920000</ROSN>
    <SLOV>54,920000</SLOV>
    <SVIZ>54,920000</SVIZ>
    <BSP>54,920000</BSP>
    <MALT>63,000000</MALT>
    <XAUS>54,920000</XAUS>
    <XFRA>54,920000</XFRA>
  </Prezzi>
  <Prezzi>
    <Data>20150705</Data>
    <Mercato>MGP</Mercato>
    <Ora>24</Ora>
    <PUN>52,360690</PUN>
    <NAT>54,270000</NAT>
    <CNOR>51,870000</CNOR>
    <CSUD>51,870000</CSUD>
    <NORD>51,870000</NORD>
    <SARD>51,870000</SARD>
    <SICI>61,250000</SICI>
    <SUD>51,870000</SUD>
    <AUST>51,870000</AUST>
    <BRNN>51,870000</BRNN>
    <COAC>51,870000</COAC>
    <CORS>51,870000</CORS>
    <FOGN>51,870000</FOGN>
    <FRAN>51,870000</FRAN>
    <GREC>51,870000</GREC>
    <MFTV>51,870000</MFTV>
    <PRGP>61,250000</PRGP>
    <ROSN>51,870000</ROSN>
    <SLOV>51,870000</SLOV>
    <SVIZ>51,870000</SVIZ>
    <BSP>51,870000</BSP>
    <MALT>61,250000</MALT>
    <XAUS>51,870000</XAUS>
    <XFRA>51,870000</XFRA>
  </Prezzi>
</NewDataSet>