<?xml version="1.0" standalone="yes"?>
<NewDataSet>
  <xs:schema id="NewDataSet" xmlns="" xmlns:xs="http://www.w3.org/2001/XMLSchema" xmlns:msdata="urn:schemas-microsoft-com:xml-msdata">
    <xs:element name="NewDataSet" msdata:IsDataSet="true" msdata:UseCurrentLocale="true">
      <xs:complexType>
        <xs:choice minOccurs="0" maxOccurs="unbounded">
          <xs:element name="Prezzi">
            <xs:complexType>
              <xs:sequence>
                <xs:element name="Data" type="xs:string" minOccurs="0" />
                <xs:element name="Mercato" type="xs:string" minOccurs="0" />
                <xs:element name="Ora" type="xs:string" minOccurs="0" />
                <xs:element name="PUN" type="xs:string" minOccurs="0" />
                <xs:element name="NAT" type="xs:string" minOccurs="0" />
                <xs:element name="CNOR" type="xs:string" minOccurs="0" />
                <xs:element name="CSUD" type="xs:string" minOccurs="0" />
                <xs:element name="NORD" type="xs:string" minOccurs="0" />
                <xs:element name="SARD" type="xs:string" minOccurs="0" />
                <xs:element name="SICI" type="xs:string" minOccurs="0" />
                <xs:element name="SUD" type="xs:string" minOccurs="0" />
                <xs:element name="AUST" type="xs:string" minOccurs="0" />
                <xs:element name="BRNN" type="xs:string" minOccurs="0" />
                <xs:element name="COAC" type="xs:string" minOccurs="0" />
                <xs:element name="CORS" type="xs:string" minOccurs="0" />
                <xs:element name="FOGN" type="xs:string" minOccurs="0" />
                <xs:element name="FRAN" type="xs:string" minOccurs="0" />
                <xs:element name="GREC" type="xs:string" minOccurs="0" />
                <xs:element name="MFTV" type="xs:string" minOccurs="0" />
                <xs:element name="PRGP" type="xs:string" minOccurs="0" />
                <xs:element name="ROSN" type="xs:string" minOccurs="0" />
                <xs:element name="SLOV" type="xs:string" minOccurs="0" />
                <xs:element name="SVIZ" type="xs:string" minOccurs="0" />
                <xs:element name="BSP" type="xs:string" minOccurs="0" />
                <xs:element name="MALT" type="xs:string" minOccurs="0" />
                <xs:element name="XAUS" type="xs:string" minOccurs="0" />
                <xs:element name="XFRA" type="xs:string" minOccurs="0" />
              </xs:sequence>
            </xs:complexType>
          </xs:element>
        </xs:choice>
      </xs:complexType>
    </xs:element>
  </xs:schema>
  <Prezzi>
    <Data>20150703</Data>
    <Mercato>MGP</Mercato>
    <Ora>1</Ora>
    <PUN>54,822860</PUN>
    <NAT>55,440000</NAT>
    <CNOR>54,500000</CNOR>
    <CSUD>54,500000</CSUD>
    <NORD>54,500000</NORD>
    <SARD>54,500000</SARD>
    <SICI>61,050000</SICI>
    <SUD>54,500000</SUD>
    <AUST>54,500000</AUST>
    <BRNN>54,500000</BRNN>
    <COAC>54,500000</COAC>
    <CORS>54,500000</CORS>
    <FOGN>54,500000</FOGN>
    <FRAN>54,500000</FRAN>
    <GREC>54,500000</GREC>
    <MFTV>54,500000</MFTV>
    <PRGP>61,050000</PRGP>
    <ROSN>54,500000</ROSN>
    <SLOV>54,500000</SLOV>
    <SVIZ>54,500000</SVIZ>
    <BSP>54,500000</BSP>
    <MALT>61,050000</MALT>
    <XAUS>54,500000</XAUS>
    <XFRA>54,500000</XFRA>
  </Prezzi>
  <Prezzi>
    <Data>20150703</Data>
    <Mercato>MGP</Mercato>
    <Ora>2</Ora>
    <PUN>50,814740</PUN>
    <NAT>50,860000</NAT>
    <CNOR>50,300000</CNOR>
    <CSUD>50,300000</CSUD>
    <NORD>50,300000</NORD>
    <SARD>50,300000</SARD>
    <SICI>61,050000</SICI>
    <SUD>50,300000</SUD>
    <AUST>50,300000</AUST>
    <BRNN>50,300000</BRNN>
    <COAC>50,300000</COAC>
    <CORS>50,300000</CORS>
    <FOGN>50,300000</FOGN>
    <FRAN>50,300000</FRAN>
    <GREC>50,300000</GREC>
    <MFTV>50,300000</MFTV>
    <PRGP>61,050000</PRGP>
    <ROSN>50,300000</ROSN>
    <SLOV>50,300000</SLOV>
    <SVIZ>50,300000</SVIZ>
    <BSP>50,300000</BSP>
    <MALT>61,050000</MALT>
    <XAUS>50,300000</XAUS>
    <XFRA>50,300000</XFRA>
  </Prezzi>
  <Prezzi>
    <Data>20150703</Data>
    <Mercato>MGP</Mercato>
    <Ora>3</Ora>
    <PUN>48,585540</PUN>
    <NAT>48,390000</NAT>
    <CNOR>47,970000</CNOR>
    <CSUD>47,970000</CSUD>
    <NORD>47,970000</NORD>
    <SARD>47,970000</SARD>
    <SICI>61,050000</SICI>
    <SUD>47,970000</SUD>
    <AUST>47,970000</AUST>
    <BRNN>47,970000</BRNN>
    <COAC>47,970000</COAC>
    <CORS>47,970000</CORS>
    <FOGN>47,970000</FOGN>
    <FRAN>47,970000</FRAN>
    <GREC>47,970000</GREC>
    <MFTV>47,970000</MFTV>
    <PRGP>61,050000</PRGP>
    <ROSN>47,970000</ROSN>
    <SLOV>47,970000</SLOV>
    <SVIZ>47,970000</SVIZ>
    <BSP>47,970000</BSP>
    <MALT>61,050000</MALT>
    <XAUS>47,970000</XAUS>
    <XFRA>47,970000</XFRA>
  </Prezzi>
  <Prezzi>
    <Data>20150703</Data>
    <Mercato>MGP</Mercato>
    <Ora>4</Ora>
    <PUN>47,756910</PUN>
    <NAT>47,150000</NAT>
    <CNOR>47,110000</CNOR>
    <CSUD>47,110000</CSUD>
    <NORD>47,110000</NORD>
    <SARD>47,110000</SARD>
    <SICI>61,050000</SICI>
    <SUD>47,110000</SUD>
    <AUST>47,110000</AUST>
    <BRNN>47,110000</BRNN>
    <COAC>47,110000</COAC>
    <CORS>47,110000</CORS>
    <FOGN>47,110000</FOGN>
    <FRAN>47,110000</FRAN>
    <GREC>47,110000</GREC>
    <MFTV>47,110000</MFTV>
    <PRGP>61,050000</PRGP>
    <ROSN>47,110000</ROSN>
    <SLOV>47,110000</SLOV>
    <SVIZ>47,110000</SVIZ>
    <BSP>47,110000</BSP>
    <MALT>61,050000</MALT>
    <XAUS>47,110000</XAUS>
    <XFRA>47,110000</XFRA>
  </Prezzi>
  <Prezzi>
    <Data>20150703</Data>
    <Mercato>MGP</Mercato>
    <Ora>5</Ora>
    <PUN>46,700000</PUN>
    <NAT>46,590000</NAT>
    <CNOR>45,998950</CNOR>
    <CSUD>45,998950</CSUD>
    <NORD>45,998950</NORD>
    <SARD>45,998950</SARD>
    <SICI>61,050000</SICI>
    <SUD>45,998950</SUD>
    <AUST>45,998950</AUST>
    <BRNN>45,998950</BRNN>
    <COAC>45,998950</COAC>
    <CORS>45,998950</CORS>
    <FOGN>45,998950</FOGN>
    <FRAN>45,998950</FRAN>
    <GREC>45,998950</GREC>
    <MFTV>45,998950</MFTV>
    <PRGP>61,050000</PRGP>
    <ROSN>45,998950</ROSN>
    <SLOV>45,998950</SLOV>
    <SVIZ>45,998950</SVIZ>
    <BSP>45,998950</BSP>
    <MALT>61,050000</MALT>
    <XAUS>45,998950</XAUS>
    <XFRA>45,998950</XFRA>
  </Prezzi>
  <Prezzi>
    <Data>20150703</Data>
    <Mercato>MGP</Mercato>
    <Ora>6</Ora>
    <PUN>47,268940</PUN>
    <NAT>47,110000</NAT>
    <CNOR>46,590000</CNOR>
    <CSUD>46,590000</CSUD>
    <NORD>46,590000</NORD>
    <SARD>46,590000</SARD>
    <SICI>61,050000</SICI>
    <SUD>46,590000</SUD>
    <AUST>46,590000</AUST>
    <BRNN>46,590000</BRNN>
    <COAC>46,590000</COAC>
    <CORS>46,590000</CORS>
    <FOGN>46,590000</FOGN>
    <FRAN>46,590000</FRAN>
    <GREC>46,590000</GREC>
    <MFTV>46,590000</MFTV>
    <PRGP>61,050000</PRGP>
    <ROSN>46,590000</ROSN>
    <SLOV>46,590000</SLOV>
    <SVIZ>46,590000</SVIZ>
    <BSP>46,590000</BSP>
    <MALT>61,050000</MALT>
    <XAUS>46,590000</XAUS>
    <XFRA>46,590000</XFRA>
  </Prezzi>
  <Prezzi>
    <Data>20150703</Data>
    <Mercato>MGP</Mercato>
    <Ora>7</Ora>
    <PUN>48,760000</PUN>
    <NAT>48,760000</NAT>
    <CNOR>48,760000</CNOR>
    <CSUD>48,760000</CSUD>
    <NORD>48,760000</NORD>
    <SARD>48,760000</SARD>
    <SICI>48,760000</SICI>
    <SUD>48,760000</SUD>
    <AUST>48,760000</AUST>
    <BRNN>48,760000</BRNN>
    <COAC>48,760000</COAC>
    <CORS>48,760000</CORS>
    <FOGN>48,760000</FOGN>
    <FRAN>48,760000</FRAN>
    <GREC>48,760000</GREC>
    <MFTV>48,760000</MFTV>
    <PRGP>48,760000</PRGP>
    <ROSN>48,760000</ROSN>
    <SLOV>48,760000</SLOV>
    <SVIZ>48,760000</SVIZ>
    <BSP>48,760000</BSP>
    <MALT>48,760000</MALT>
    <XAUS>48,760000</XAUS>
    <XFRA>48,760000</XFRA>
  </Prezzi>
  <Prezzi>
    <Data>20150703</Data>
    <Mercato>MGP</Mercato>
    <Ora>8</Ora>
    <PUN>53,285600</PUN>
    <NAT>53,620000</NAT>
    <CNOR>52,750000</CNOR>
    <CSUD>52,750000</CSUD>
    <NORD>53,020000</NORD>
    <SARD>52,750000</SARD>
    <SICI>61,050000</SICI>
    <SUD>52,750000</SUD>
    <AUST>53,020000</AUST>
    <BRNN>52,750000</BRNN>
    <COAC>52,750000</COAC>
    <CORS>52,750000</CORS>
    <FOGN>52,750000</FOGN>
    <FRAN>53,020000</FRAN>
    <GREC>52,750000</GREC>
    <MFTV>53,020000</MFTV>
    <PRGP>61,050000</PRGP>
    <ROSN>52,750000</ROSN>
    <SLOV>53,020000</SLOV>
    <SVIZ>53,020000</SVIZ>
    <BSP>53,020000</BSP>
    <MALT>61,050000</MALT>
    <XAUS>53,020000</XAUS>
    <XFRA>53,020000</XFRA>
  </Prezzi>
  <Prezzi>
    <Data>20150703</Data>
    <Mercato>MGP</Mercato>
    <Ora>9</Ora>
    <PUN>55,747450</PUN>
    <NAT>55,580000</NAT>
    <CNOR>53,360000</CNOR>
    <CSUD>53,360000</CSUD>
    <NORD>56,623030</NORD>
    <SARD>53,360000</SARD>
    <SICI>61,050000</SICI>
    <SUD>53,360000</SUD>
    <AUST>56,623030</AUST>
    <BRNN>53,360000</BRNN>
    <COAC>53,360000</COAC>
    <CORS>53,360000</CORS>
    <FOGN>53,360000</FOGN>
    <FRAN>56,623030</FRAN>
    <GREC>53,360000</GREC>
    <MFTV>56,623030</MFTV>
    <PRGP>61,050000</PRGP>
    <ROSN>53,360000</ROSN>
    <SLOV>56,623030</SLOV>
    <SVIZ>56,623030</SVIZ>
    <BSP>56,623030</BSP>
    <MALT>61,050000</MALT>
    <XAUS>56,623030</XAUS>
    <XFRA>56,623030</XFRA>
  </Prezzi>
  <Prezzi>
    <Data>20150703</Data>
    <Mercato>MGP</Mercato>
    <Ora>10</Ora>
    <PUN>55,635040</PUN>
    <NAT>54,190000</NAT>
    <CNOR>49,180000</CNOR>
    <CSUD>49,180000</CSUD>
    <NORD>58,640000</NORD>
    <SARD>49,180000</SARD>
    <SICI>61,050000</SICI>
    <SUD>49,180000</SUD>
    <AUST>58,640000</AUST>
    <BRNN>49,180000</BRNN>
    <COAC>49,180000</COAC>
    <CORS>49,180000</CORS>
    <FOGN>49,180000</FOGN>
    <FRAN>58,640000</FRAN>
    <GREC>49,180000</GREC>
    <MFTV>58,640000</MFTV>
    <PRGP>61,050000</PRGP>
    <ROSN>49,180000</ROSN>
    <SLOV>58,640000</SLOV>
    <SVIZ>58,640000</SVIZ>
    <BSP>58,640000</BSP>
    <MALT>61,050000</MALT>
    <XAUS>58,640000</XAUS>
    <XFRA>58,640000</XFRA>
  </Prezzi>
  <Prezzi>
    <Data>20150703</Data>
    <Mercato>MGP</Mercato>
    <Ora>11</Ora>
    <PUN>53,540580</PUN>
    <NAT>53,560000</NAT>
    <CNOR>46,590000</CNOR>
    <CSUD>46,590000</CSUD>
    <NORD>56,676820</NORD>
    <SARD>46,590000</SARD>
    <SICI>61,050000</SICI>
    <SUD>46,590000</SUD>
    <AUST>56,676820</AUST>
    <BRNN>46,590000</BRNN>
    <COAC>46,590000</COAC>
    <CORS>46,590000</CORS>
    <FOGN>46,590000</FOGN>
    <FRAN>56,676820</FRAN>
    <GREC>46,590000</GREC>
    <MFTV>56,676820</MFTV>
    <PRGP>61,050000</PRGP>
    <ROSN>46,590000</ROSN>
    <SLOV>56,676820</SLOV>
    <SVIZ>56,676820</SVIZ>
    <BSP>56,676820</BSP>
    <MALT>61,050000</MALT>
    <XAUS>56,676820</XAUS>
    <XFRA>56,676820</XFRA>
  </Prezzi>
  <Prezzi>
    <Data>20150703</Data>
    <Mercato>MGP</Mercato>
    <Ora>12</Ora>
    <PUN>54,221200</PUN>
    <NAT>52,750000</NAT>
    <CNOR>45,740000</CNOR>
    <CSUD>45,740000</CSUD>
    <NORD>59,000000</NORD>
    <SARD>45,740000</SARD>
    <SICI>54,990000</SICI>
    <SUD>43,250000</SUD>
    <AUST>59,000000</AUST>
    <BRNN>43,250000</BRNN>
    <COAC>45,740000</COAC>
    <CORS>45,740000</CORS>
    <FOGN>43,250000</FOGN>
    <FRAN>59,000000</FRAN>
    <GREC>43,250000</GREC>
    <MFTV>59,000000</MFTV>
    <PRGP>54,990000</PRGP>
    <ROSN>43,250000</ROSN>
    <SLOV>59,000000</SLOV>
    <SVIZ>59,000000</SVIZ>
    <BSP>59,000000</BSP>
    <MALT>54,990000</MALT>
    <XAUS>59,000000</XAUS>
    <XFRA>59,000000</XFRA>
  </Prezzi>
  <Prezzi>
    <Data>20150703</Data>
    <Mercato>MGP</Mercato>
    <Ora>13</Ora>
    <PUN>51,054990</PUN>
    <NAT>51,520000</NAT>
    <CNOR>43,840000</CNOR>
    <CSUD>43,840000</CSUD>
    <NORD>55,620000</NORD>
    <SARD>43,840000</SARD>
    <SICI>45,000000</SICI>
    <SUD>42,750000</SUD>
    <AUST>55,620000</AUST>
    <BRNN>42,750000</BRNN>
    <COAC>43,840000</COAC>
    <CORS>43,840000</CORS>
    <FOGN>42,750000</FOGN>
    <FRAN>55,620000</FRAN>
    <GREC>42,750000</GREC>
    <MFTV>55,620000</MFTV>
    <PRGP>45,000000</PRGP>
    <ROSN>42,750000</ROSN>
    <SLOV>55,620000</SLOV>
    <SVIZ>55,620000</SVIZ>
    <BSP>55,620000</BSP>
    <MALT>45,000000</MALT>
    <XAUS>55,620000</XAUS>
    <XFRA>55,620000</XFRA>
  </Prezzi>
  <Prezzi>
    <Data>20150703</Data>
    <Mercato>MGP</Mercato>
    <Ora>14</Ora>
    <PUN>51,866470</PUN>
    <NAT>51,990000</NAT>
    <CNOR>43,340000</CNOR>
    <CSUD>43,340000</CSUD>
    <NORD>57,257130</NORD>
    <SARD>43,340000</SARD>
    <SICI>42,000000</SICI>
    <SUD>42,000000</SUD>
    <AUST>57,257130</AUST>
    <BRNN>42,000000</BRNN>
    <COAC>43,340000</COAC>
    <CORS>43,340000</CORS>
    <FOGN>42,000000</FOGN>
    <FRAN>57,257130</FRAN>
    <GREC>42,000000</GREC>
    <MFTV>57,257130</MFTV>
    <PRGP>42,000000</PRGP>
    <ROSN>42,000000</ROSN>
    <SLOV>57,257130</SLOV>
    <SVIZ>57,257130</SVIZ>
    <BSP>57,257130</BSP>
    <MALT>42,000000</MALT>
    <XAUS>57,257130</XAUS>
    <XFRA>57,257130</XFRA>
  </Prezzi>
  <Prezzi>
    <Data>20150703</Data>
    <Mercato>MGP</Mercato>
    <Ora>15</Ora>
    <PUN>50,369880</PUN>
    <NAT>48,910000</NAT>
    <CNOR>44,340000</CNOR>
    <CSUD>44,340000</CSUD>
    <NORD>55,240000</NORD>
    <SARD>44,340000</SARD>
    <SICI>37,000000</SICI>
    <SUD>37,000000</SUD>
    <AUST>55,240000</AUST>
    <BRNN>37,000000</BRNN>
    <COAC>44,340000</COAC>
    <CORS>44,340000</CORS>
    <FOGN>37,000000</FOGN>
    <FRAN>55,240000</FRAN>
    <GREC>37,000000</GREC>
    <MFTV>55,240000</MFTV>
    <PRGP>37,000000</PRGP>
    <ROSN>37,000000</ROSN>
    <SLOV>55,240000</SLOV>
    <SVIZ>55,240000</SVIZ>
    <BSP>55,240000</BSP>
    <MALT>37,000000</MALT>
    <XAUS>55,240000</XAUS>
    <XFRA>55,240000</XFRA>
  </Prezzi>
  <Prezzi>
    <Data>20150703</Data>
    <Mercato>MGP</Mercato>
    <Ora>16</Ora>
    <PUN>50,642560</PUN>
    <NAT>51,580000</NAT>
    <CNOR>44,340000</CNOR>
    <CSUD>44,340000</CSUD>
    <NORD>54,990000</NORD>
    <SARD>44,340000</SARD>
    <SICI>40,530000</SICI>
    <SUD>40,530000</SUD>
    <AUST>54,990000</AUST>
    <BRNN>40,530000</BRNN>
    <COAC>44,340000</COAC>
    <CORS>44,340000</CORS>
    <FOGN>40,530000</FOGN>
    <FRAN>54,990000</FRAN>
    <GREC>40,530000</GREC>
    <MFTV>54,990000</MFTV>
    <PRGP>40,530000</PRGP>
    <ROSN>40,530000</ROSN>
    <SLOV>54,990000</SLOV>
    <SVIZ>54,990000</SVIZ>
    <BSP>54,990000</BSP>
    <MALT>40,530000</MALT>
    <XAUS>54,990000</XAUS>
    <XFRA>54,990000</XFRA>
  </Prezzi>
  <Prezzi>
    <Data>20150703</Data>
    <Mercato>MGP</Mercato>
    <Ora>17</Ora>
    <PUN>56,125120</PUN>
    <NAT>53,890000</NAT>
    <CNOR>46,590000</CNOR>
    <CSUD>46,590000</CSUD>
    <NORD>60,990000</NORD>
    <SARD>46,590000</SARD>
    <SICI>60,400000</SICI>
    <SUD>45,250000</SUD>
    <AUST>60,990000</AUST>
    <BRNN>45,250000</BRNN>
    <COAC>46,590000</COAC>
    <CORS>46,590000</CORS>
    <FOGN>45,250000</FOGN>
    <FRAN>60,990000</FRAN>
    <GREC>45,250000</GREC>
    <MFTV>60,990000</MFTV>
    <PRGP>60,400000</PRGP>
    <ROSN>45,250000</ROSN>
    <SLOV>60,990000</SLOV>
    <SVIZ>60,990000</SVIZ>
    <BSP>60,990000</BSP>
    <MALT>60,400000</MALT>
    <XAUS>60,990000</XAUS>
    <XFRA>60,990000</XFRA>
  </Prezzi>
  <Prezzi>
    <Data>20150703</Data>
    <Mercato>MGP</Mercato>
    <Ora>18</Ora>
    <PUN>56,321870</PUN>
    <NAT>54,500000</NAT>
    <CNOR>48,910000</CNOR>
    <CSUD>48,910000</CSUD>
    <NORD>60,000000</NORD>
    <SARD>48,910000</SARD>
    <SICI>61,050000</SICI>
    <SUD>48,910000</SUD>
    <AUST>60,000000</AUST>
    <BRNN>48,910000</BRNN>
    <COAC>48,910000</COAC>
    <CORS>48,910000</CORS>
    <FOGN>48,910000</FOGN>
    <FRAN>60,000000</FRAN>
    <GREC>48,910000</GREC>
    <MFTV>60,000000</MFTV>
    <PRGP>61,050000</PRGP>
    <ROSN>48,910000</ROSN>
    <SLOV>60,000000</SLOV>
    <SVIZ>60,000000</SVIZ>
    <BSP>60,000000</BSP>
    <MALT>61,050000</MALT>
    <XAUS>60,000000</XAUS>
    <XFRA>60,000000</XFRA>
  </Prezzi>
  <Prezzi>
    <Data>20150703</Data>
    <Mercato>MGP</Mercato>
    <Ora>19</Ora>
    <PUN>57,382880</PUN>
    <NAT>56,090000</NAT>
    <CNOR>54,180000</CNOR>
    <CSUD>54,180000</CSUD>
    <NORD>58,941270</NORD>
    <SARD>54,180000</SARD>
    <SICI>61,250000</SICI>
    <SUD>54,180000</SUD>
    <AUST>58,941270</AUST>
    <BRNN>54,180000</BRNN>
    <COAC>54,180000</COAC>
    <CORS>54,180000</CORS>
    <FOGN>54,180000</FOGN>
    <FRAN>58,941270</FRAN>
    <GREC>54,180000</GREC>
    <MFTV>58,941270</MFTV>
    <PRGP>61,250000</PRGP>
    <ROSN>54,180000</ROSN>
    <SLOV>58,941270</SLOV>
    <SVIZ>58,941270</SVIZ>
    <BSP>58,941270</BSP>
    <MALT>61,250000</MALT>
    <XAUS>58,941270</XAUS>
    <XFRA>58,941270</XFRA>
  </Prezzi>
  <Prezzi>
    <Data>20150703</Data>
    <Mercato>MGP</Mercato>
    <Ora>20</Ora>
    <PUN>57,305890</PUN>
    <NAT>59,000000</NAT>
    <CNOR>57,344090</CNOR>
    <CSUD>57,344090</CSUD>
    <NORD>57,344090</NORD>
    <SARD>57,344090</SARD>
    <SICI>61,250000</SICI>
    <SUD>55,030000</SUD>
    <AUST>57,344090</AUST>
    <BRNN>55,030000</BRNN>
    <COAC>57,344090</COAC>
    <CORS>57,344090</CORS>
    <FOGN>55,030000</FOGN>
    <FRAN>57,344090</FRAN>
    <GREC>55,030000</GREC>
    <MFTV>57,344090</MFTV>
    <PRGP>61,250000</PRGP>
    <ROSN>55,030000</ROSN>
    <SLOV>57,344090</SLOV>
    <SVIZ>57,344090</SVIZ>
    <BSP>57,344090</BSP>
    <MALT>61,250000</MALT>
    <XAUS>57,344090</XAUS>
    <XFRA>57,344090</XFRA>
  </Prezzi>
  <Prezzi>
    <Data>20150703</Data>
    <Mercato>MGP</Mercato>
    <Ora>21</Ora>
    <PUN>56,358480</PUN>
    <NAT>59,650000</NAT>
    <CNOR>55,990000</CNOR>
    <CSUD>55,990000</CSUD>
    <NORD>55,990000</NORD>
    <SARD>55,990000</SARD>
    <SICI>63,000000</SICI>
    <SUD>55,990000</SUD>
    <AUST>55,990000</AUST>
    <BRNN>55,990000</BRNN>
    <COAC>55,990000</COAC>
    <CORS>55,990000</CORS>
    <FOGN>55,990000</FOGN>
    <FRAN>55,990000</FRAN>
    <GREC>55,990000</GREC>
    <MFTV>55,990000</MFTV>
    <PRGP>63,000000</PRGP>
    <ROSN>55,990000</ROSN>
    <SLOV>55,990000</SLOV>
    <SVIZ>55,990000</SVIZ>
    <BSP>55,990000</BSP>
    <MALT>63,000000</MALT>
    <XAUS>55,990000</XAUS>
    <XFRA>55,990000</XFRA>
  </Prezzi>
  <Prezzi>
    <Data>20150703</Data>
    <Mercato>MGP</Mercato>
    <Ora>22</Ora>
    <PUN>54,658880</PUN>
    <NAT>57,120000</NAT>
    <CNOR>54,200000</CNOR>
    <CSUD>54,200000</CSUD>
    <NORD>54,200000</NORD>
    <SARD>54,200000</SARD>
    <SICI>63,000000</SICI>
    <SUD>54,200000</SUD>
    <AUST>54,200000</AUST>
    <BRNN>54,200000</BRNN>
    <COAC>54,200000</COAC>
    <CORS>54,200000</CORS>
    <FOGN>54,200000</FOGN>
    <FRAN>54,200000</FRAN>
    <GREC>54,200000</GREC>
    <MFTV>54,200000</MFTV>
    <PRGP>63,000000</PRGP>
    <ROSN>54,200000</ROSN>
    <SLOV>54,200000</SLOV>
    <SVIZ>54,200000</SVIZ>
    <BSP>54,200000</BSP>
    <MALT>63,000000</MALT>
    <XAUS>54,200000</XAUS>
    <XFRA>54,200000</XFRA>
  </Prezzi>
  <Prezzi>
    <Data>20150703</Data>
    <Mercato>MGP</Mercato>
    <Ora>23</Ora>
    <PUN>57,381770</PUN>
    <NAT>60,000000</NAT>
    <CNOR>57,091030</CNOR>
    <CSUD>57,091030</CSUD>
    <NORD>57,091030</NORD>
    <SARD>57,091030</SARD>
    <SICI>63,000000</SICI>
    <SUD>57,091030</SUD>
    <AUST>57,091030</AUST>
    <BRNN>57,091030</BRNN>
    <COAC>57,091030</COAC>
    <CORS>57,091030</CORS>
    <FOGN>57,091030</FOGN>
    <FRAN>57,091030</FRAN>
    <GREC>57,091030</GREC>
    <MFTV>57,091030</MFTV>
    <PRGP>63,000000</PRGP>
    <ROSN>57,091030</ROSN>
    <SLOV>57,091030</SLOV>
    <SVIZ>57,091030</SVIZ>
    <BSP>57,091030</BSP>
    <MALT>63,000000</MALT>
    <XAUS>57,091030</XAUS>
    <XFRA>57,091030</XFRA>
  </Prezzi>
  <Prezzi>
    <Data>20150703</Data>
    <Mercato>MGP</Mercato>
    <Ora>24</Ora>
    <PUN>53,401540</PUN>
    <NAT>54,180000</NAT>
    <CNOR>52,990000</CNOR>
    <CSUD>52,990000</CSUD>
    <NORD>52,990000</NORD>
    <SARD>52,990000</SARD>
    <SICI>61,250000</SICI>
    <SUD>52,990000</SUD>
    <AUST>52,990000</AUST>
    <BRNN>52,990000</BRNN>
    <COAC>52,990000</COAC>
    <CORS>52,990000</CORS>
    <FOGN>52,990000</FOGN>
    <FRAN>52,990000</FRAN>
    <GREC>52,990000</GREC>
    <MFTV>52,990000</MFTV>
    <PRGP>61,250000</PRGP>
    <ROSN>52,990000</ROSN>
    <SLOV>52,990000</SLOV>
    <SVIZ>52,990000</SVIZ>
    <BSP>52,990000</BSP>
    <MALT>61,250000</MALT>
    <XAUS>52,990000</XAUS>
    <XFRA>52,990000</XFRA>
  </Prezzi>
</NewDataSet>