<?xml version="1.0" standalone="yes"?>
<NewDataSet>
  <xs:schema id="NewDataSet" xmlns="" xmlns:xs="http://www.w3.org/2001/XMLSchema" xmlns:msdata="urn:schemas-microsoft-com:xml-msdata">
    <xs:element name="NewDataSet" msdata:IsDataSet="true" msdata:UseCurrentLocale="true">
      <xs:complexType>
        <xs:choice minOccurs="0" maxOccurs="unbounded">
          <xs:element name="Prezzi">
            <xs:complexType>
              <xs:sequence>
                <xs:element name="Data" type="xs:string" minOccurs="0" />
                <xs:element name="Mercato" type="xs:string" minOccurs="0" />
                <xs:element name="Ora" type="xs:string" minOccurs="0" />
                <xs:element name="PUN" type="xs:string" minOccurs="0" />
                <xs:element name="NAT" type="xs:string" minOccurs="0" />
                <xs:element name="CNOR" type="xs:string" minOccurs="0" />
                <xs:element name="CSUD" type="xs:string" minOccurs="0" />
                <xs:element name="NORD" type="xs:string" minOccurs="0" />
                <xs:element name="SARD" type="xs:string" minOccurs="0" />
                <xs:element name="SICI" type="xs:string" minOccurs="0" />
                <xs:element name="SUD" type="xs:string" minOccurs="0" />
                <xs:element name="AUST" type="xs:string" minOccurs="0" />
                <xs:element name="BRNN" type="xs:string" minOccurs="0" />
                <xs:element name="COAC" type="xs:string" minOccurs="0" />
                <xs:element name="CORS" type="xs:string" minOccurs="0" />
                <xs:element name="FOGN" type="xs:string" minOccurs="0" />
                <xs:element name="FRAN" type="xs:string" minOccurs="0" />
                <xs:element name="GREC" type="xs:string" minOccurs="0" />
                <xs:element name="MFTV" type="xs:string" minOccurs="0" />
                <xs:element name="PRGP" type="xs:string" minOccurs="0" />
                <xs:element name="ROSN" type="xs:string" minOccurs="0" />
                <xs:element name="SLOV" type="xs:string" minOccurs="0" />
                <xs:element name="SVIZ" type="xs:string" minOccurs="0" />
                <xs:element name="BSP" type="xs:string" minOccurs="0" />
                <xs:element name="MALT" type="xs:string" minOccurs="0" />
                <xs:element name="XAUS" type="xs:string" minOccurs="0" />
                <xs:element name="XFRA" type="xs:string" minOccurs="0" />
              </xs:sequence>
            </xs:complexType>
          </xs:element>
        </xs:choice>
      </xs:complexType>
    </xs:element>
  </xs:schema>
  <Prezzi>
    <Data>20150708</Data>
    <Mercato>MGP</Mercato>
    <Ora>1</Ora>
    <PUN>68,590000</PUN>
    <NAT>66,350000</NAT>
    <CNOR>69,004380</CNOR>
    <CSUD>69,004380</CSUD>
    <NORD>69,004380</NORD>
    <SARD>69,004380</SARD>
    <SICI>60,560000</SICI>
    <SUD>69,004380</SUD>
    <AUST>69,004380</AUST>
    <BRNN>69,004380</BRNN>
    <COAC>69,004380</COAC>
    <CORS>69,004380</CORS>
    <FOGN>69,004380</FOGN>
    <FRAN>69,004380</FRAN>
    <GREC>69,004380</GREC>
    <MFTV>69,004380</MFTV>
    <PRGP>60,560000</PRGP>
    <ROSN>60,560000</ROSN>
    <SLOV>69,004380</SLOV>
    <SVIZ>69,004380</SVIZ>
    <BSP>69,004380</BSP>
    <MALT>60,560000</MALT>
    <XAUS>69,004380</XAUS>
    <XFRA>69,004380</XFRA>
  </Prezzi>
  <Prezzi>
    <Data>20150708</Data>
    <Mercato>MGP</Mercato>
    <Ora>2</Ora>
    <PUN>61,884770</PUN>
    <NAT>60,560000</NAT>
    <CNOR>61,950000</CNOR>
    <CSUD>61,950000</CSUD>
    <NORD>61,950000</NORD>
    <SARD>61,950000</SARD>
    <SICI>60,560000</SICI>
    <SUD>61,950000</SUD>
    <AUST>61,950000</AUST>
    <BRNN>61,950000</BRNN>
    <COAC>61,950000</COAC>
    <CORS>61,950000</CORS>
    <FOGN>61,950000</FOGN>
    <FRAN>61,950000</FRAN>
    <GREC>61,950000</GREC>
    <MFTV>61,950000</MFTV>
    <PRGP>60,560000</PRGP>
    <ROSN>60,560000</ROSN>
    <SLOV>61,950000</SLOV>
    <SVIZ>61,950000</SVIZ>
    <BSP>61,950000</BSP>
    <MALT>60,560000</MALT>
    <XAUS>61,950000</XAUS>
    <XFRA>61,950000</XFRA>
  </Prezzi>
  <Prezzi>
    <Data>20150708</Data>
    <Mercato>MGP</Mercato>
    <Ora>3</Ora>
    <PUN>58,880000</PUN>
    <NAT>58,880000</NAT>
    <CNOR>58,880000</CNOR>
    <CSUD>58,880000</CSUD>
    <NORD>58,880000</NORD>
    <SARD>58,880000</SARD>
    <SICI>58,880000</SICI>
    <SUD>58,880000</SUD>
    <AUST>58,880000</AUST>
    <BRNN>58,880000</BRNN>
    <COAC>58,880000</COAC>
    <CORS>58,880000</CORS>
    <FOGN>58,880000</FOGN>
    <FRAN>58,880000</FRAN>
    <GREC>58,880000</GREC>
    <MFTV>58,880000</MFTV>
    <PRGP>58,880000</PRGP>
    <ROSN>58,880000</ROSN>
    <SLOV>58,880000</SLOV>
    <SVIZ>58,880000</SVIZ>
    <BSP>58,880000</BSP>
    <MALT>58,880000</MALT>
    <XAUS>58,880000</XAUS>
    <XFRA>58,880000</XFRA>
  </Prezzi>
  <Prezzi>
    <Data>20150708</Data>
    <Mercato>MGP</Mercato>
    <Ora>4</Ora>
    <PUN>56,599710</PUN>
    <NAT>57,350000</NAT>
    <CNOR>56,500000</CNOR>
    <CSUD>56,500000</CSUD>
    <NORD>56,500000</NORD>
    <SARD>56,500000</SARD>
    <SICI>58,680000</SICI>
    <SUD>56,500000</SUD>
    <AUST>56,500000</AUST>
    <BRNN>56,500000</BRNN>
    <COAC>56,500000</COAC>
    <CORS>56,500000</CORS>
    <FOGN>56,500000</FOGN>
    <FRAN>56,500000</FRAN>
    <GREC>56,500000</GREC>
    <MFTV>56,500000</MFTV>
    <PRGP>58,680000</PRGP>
    <ROSN>56,500000</ROSN>
    <SLOV>56,500000</SLOV>
    <SVIZ>56,500000</SVIZ>
    <BSP>56,500000</BSP>
    <MALT>58,680000</MALT>
    <XAUS>56,500000</XAUS>
    <XFRA>56,500000</XFRA>
  </Prezzi>
  <Prezzi>
    <Data>20150708</Data>
    <Mercato>MGP</Mercato>
    <Ora>5</Ora>
    <PUN>56,598910</PUN>
    <NAT>56,990000</NAT>
    <CNOR>56,500000</CNOR>
    <CSUD>56,500000</CSUD>
    <NORD>56,500000</NORD>
    <SARD>56,500000</SARD>
    <SICI>58,680000</SICI>
    <SUD>56,500000</SUD>
    <AUST>56,500000</AUST>
    <BRNN>56,500000</BRNN>
    <COAC>56,500000</COAC>
    <CORS>56,500000</CORS>
    <FOGN>56,500000</FOGN>
    <FRAN>56,500000</FRAN>
    <GREC>56,500000</GREC>
    <MFTV>56,500000</MFTV>
    <PRGP>58,680000</PRGP>
    <ROSN>56,500000</ROSN>
    <SLOV>56,500000</SLOV>
    <SVIZ>56,500000</SVIZ>
    <BSP>56,500000</BSP>
    <MALT>58,680000</MALT>
    <XAUS>56,500000</XAUS>
    <XFRA>56,500000</XFRA>
  </Prezzi>
  <Prezzi>
    <Data>20150708</Data>
    <Mercato>MGP</Mercato>
    <Ora>6</Ora>
    <PUN>56,007320</PUN>
    <NAT>56,100000</NAT>
    <CNOR>55,880000</CNOR>
    <CSUD>55,880000</CSUD>
    <NORD>55,880000</NORD>
    <SARD>55,880000</SARD>
    <SICI>58,680000</SICI>
    <SUD>55,880000</SUD>
    <AUST>55,880000</AUST>
    <BRNN>55,880000</BRNN>
    <COAC>55,880000</COAC>
    <CORS>55,880000</CORS>
    <FOGN>55,880000</FOGN>
    <FRAN>55,880000</FRAN>
    <GREC>55,880000</GREC>
    <MFTV>55,880000</MFTV>
    <PRGP>58,680000</PRGP>
    <ROSN>55,880000</ROSN>
    <SLOV>55,880000</SLOV>
    <SVIZ>55,880000</SVIZ>
    <BSP>55,880000</BSP>
    <MALT>58,680000</MALT>
    <XAUS>55,880000</XAUS>
    <XFRA>55,880000</XFRA>
  </Prezzi>
  <Prezzi>
    <Data>20150708</Data>
    <Mercato>MGP</Mercato>
    <Ora>7</Ora>
    <PUN>56,604780</PUN>
    <NAT>57,990000</NAT>
    <CNOR>56,500000</CNOR>
    <CSUD>56,500000</CSUD>
    <NORD>56,500000</NORD>
    <SARD>56,500000</SARD>
    <SICI>58,880000</SICI>
    <SUD>56,500000</SUD>
    <AUST>56,500000</AUST>
    <BRNN>56,500000</BRNN>
    <COAC>56,500000</COAC>
    <CORS>56,500000</CORS>
    <FOGN>56,500000</FOGN>
    <FRAN>56,500000</FRAN>
    <GREC>56,500000</GREC>
    <MFTV>56,500000</MFTV>
    <PRGP>58,880000</PRGP>
    <ROSN>56,500000</ROSN>
    <SLOV>56,500000</SLOV>
    <SVIZ>56,500000</SVIZ>
    <BSP>56,500000</BSP>
    <MALT>58,880000</MALT>
    <XAUS>56,500000</XAUS>
    <XFRA>56,500000</XFRA>
  </Prezzi>
  <Prezzi>
    <Data>20150708</Data>
    <Mercato>MGP</Mercato>
    <Ora>8</Ora>
    <PUN>68,664430</PUN>
    <NAT>65,490000</NAT>
    <CNOR>69,040000</CNOR>
    <CSUD>69,040000</CSUD>
    <NORD>69,040000</NORD>
    <SARD>69,040000</SARD>
    <SICI>60,400000</SICI>
    <SUD>69,040000</SUD>
    <AUST>69,040000</AUST>
    <BRNN>69,040000</BRNN>
    <COAC>69,040000</COAC>
    <CORS>69,040000</CORS>
    <FOGN>69,040000</FOGN>
    <FRAN>69,040000</FRAN>
    <GREC>69,040000</GREC>
    <MFTV>69,040000</MFTV>
    <PRGP>60,400000</PRGP>
    <ROSN>60,400000</ROSN>
    <SLOV>69,040000</SLOV>
    <SVIZ>69,040000</SVIZ>
    <BSP>69,040000</BSP>
    <MALT>60,400000</MALT>
    <XAUS>69,040000</XAUS>
    <XFRA>69,040000</XFRA>
  </Prezzi>
  <Prezzi>
    <Data>20150708</Data>
    <Mercato>MGP</Mercato>
    <Ora>9</Ora>
    <PUN>77,359910</PUN>
    <NAT>77,000000</NAT>
    <CNOR>74,990000</CNOR>
    <CSUD>74,990000</CSUD>
    <NORD>80,000000</NORD>
    <SARD>74,990000</SARD>
    <SICI>60,560000</SICI>
    <SUD>74,990000</SUD>
    <AUST>80,000000</AUST>
    <BRNN>74,990000</BRNN>
    <COAC>74,990000</COAC>
    <CORS>74,990000</CORS>
    <FOGN>74,990000</FOGN>
    <FRAN>80,000000</FRAN>
    <GREC>74,990000</GREC>
    <MFTV>80,000000</MFTV>
    <PRGP>60,560000</PRGP>
    <ROSN>60,560000</ROSN>
    <SLOV>80,000000</SLOV>
    <SVIZ>80,000000</SVIZ>
    <BSP>80,000000</BSP>
    <MALT>60,560000</MALT>
    <XAUS>80,000000</XAUS>
    <XFRA>80,000000</XFRA>
  </Prezzi>
  <Prezzi>
    <Data>20150708</Data>
    <Mercato>MGP</Mercato>
    <Ora>10</Ora>
    <PUN>82,300000</PUN>
    <NAT>77,740000</NAT>
    <CNOR>74,890000</CNOR>
    <CSUD>74,890000</CSUD>
    <NORD>88,353200</NORD>
    <SARD>74,890000</SARD>
    <SICI>60,560000</SICI>
    <SUD>74,890000</SUD>
    <AUST>88,353200</AUST>
    <BRNN>74,890000</BRNN>
    <COAC>74,890000</COAC>
    <CORS>74,890000</CORS>
    <FOGN>74,890000</FOGN>
    <FRAN>88,353200</FRAN>
    <GREC>74,890000</GREC>
    <MFTV>88,353200</MFTV>
    <PRGP>60,560000</PRGP>
    <ROSN>60,560000</ROSN>
    <SLOV>88,353200</SLOV>
    <SVIZ>88,353200</SVIZ>
    <BSP>88,353200</BSP>
    <MALT>60,560000</MALT>
    <XAUS>88,353200</XAUS>
    <XFRA>88,353200</XFRA>
  </Prezzi>
  <Prezzi>
    <Data>20150708</Data>
    <Mercato>MGP</Mercato>
    <Ora>11</Ora>
    <PUN>79,727200</PUN>
    <NAT>77,000000</NAT>
    <CNOR>65,000000</CNOR>
    <CSUD>65,000000</CSUD>
    <NORD>90,000000</NORD>
    <SARD>65,000000</SARD>
    <SICI>60,560000</SICI>
    <SUD>65,000000</SUD>
    <AUST>90,000000</AUST>
    <BRNN>65,000000</BRNN>
    <COAC>65,000000</COAC>
    <CORS>65,000000</CORS>
    <FOGN>65,000000</FOGN>
    <FRAN>90,000000</FRAN>
    <GREC>65,000000</GREC>
    <MFTV>90,000000</MFTV>
    <PRGP>60,560000</PRGP>
    <ROSN>60,560000</ROSN>
    <SLOV>90,000000</SLOV>
    <SVIZ>90,000000</SVIZ>
    <BSP>90,000000</BSP>
    <MALT>60,560000</MALT>
    <XAUS>90,000000</XAUS>
    <XFRA>90,000000</XFRA>
  </Prezzi>
  <Prezzi>
    <Data>20150708</Data>
    <Mercato>MGP</Mercato>
    <Ora>12</Ora>
    <PUN>79,431040</PUN>
    <NAT>74,990000</NAT>
    <CNOR>60,990000</CNOR>
    <CSUD>60,990000</CSUD>
    <NORD>92,000000</NORD>
    <SARD>60,990000</SARD>
    <SICI>58,880000</SICI>
    <SUD>60,990000</SUD>
    <AUST>92,000000</AUST>
    <BRNN>60,990000</BRNN>
    <COAC>60,990000</COAC>
    <CORS>60,990000</CORS>
    <FOGN>60,990000</FOGN>
    <FRAN>92,000000</FRAN>
    <GREC>60,990000</GREC>
    <MFTV>92,000000</MFTV>
    <PRGP>58,880000</PRGP>
    <ROSN>58,880000</ROSN>
    <SLOV>92,000000</SLOV>
    <SVIZ>92,000000</SVIZ>
    <BSP>92,000000</BSP>
    <MALT>58,880000</MALT>
    <XAUS>92,000000</XAUS>
    <XFRA>92,000000</XFRA>
  </Prezzi>
  <Prezzi>
    <Data>20150708</Data>
    <Mercato>MGP</Mercato>
    <Ora>13</Ora>
    <PUN>69,336000</PUN>
    <NAT>65,000000</NAT>
    <CNOR>57,990000</CNOR>
    <CSUD>57,990000</CSUD>
    <NORD>77,000000</NORD>
    <SARD>57,990000</SARD>
    <SICI>58,680000</SICI>
    <SUD>57,990000</SUD>
    <AUST>77,000000</AUST>
    <BRNN>57,990000</BRNN>
    <COAC>57,990000</COAC>
    <CORS>57,990000</CORS>
    <FOGN>57,990000</FOGN>
    <FRAN>77,000000</FRAN>
    <GREC>57,990000</GREC>
    <MFTV>77,000000</MFTV>
    <PRGP>58,680000</PRGP>
    <ROSN>57,990000</ROSN>
    <SLOV>77,000000</SLOV>
    <SVIZ>77,000000</SVIZ>
    <BSP>77,000000</BSP>
    <MALT>58,680000</MALT>
    <XAUS>77,000000</XAUS>
    <XFRA>77,000000</XFRA>
  </Prezzi>
  <Prezzi>
    <Data>20150708</Data>
    <Mercato>MGP</Mercato>
    <Ora>14</Ora>
    <PUN>70,907430</PUN>
    <NAT>65,000000</NAT>
    <CNOR>54,620000</CNOR>
    <CSUD>54,620000</CSUD>
    <NORD>81,200000</NORD>
    <SARD>54,620000</SARD>
    <SICI>58,680000</SICI>
    <SUD>54,620000</SUD>
    <AUST>81,200000</AUST>
    <BRNN>54,620000</BRNN>
    <COAC>54,620000</COAC>
    <CORS>54,620000</CORS>
    <FOGN>54,620000</FOGN>
    <FRAN>81,200000</FRAN>
    <GREC>54,620000</GREC>
    <MFTV>81,200000</MFTV>
    <PRGP>58,680000</PRGP>
    <ROSN>54,620000</ROSN>
    <SLOV>81,200000</SLOV>
    <SVIZ>81,200000</SVIZ>
    <BSP>81,200000</BSP>
    <MALT>58,680000</MALT>
    <XAUS>81,200000</XAUS>
    <XFRA>81,200000</XFRA>
  </Prezzi>
  <Prezzi>
    <Data>20150708</Data>
    <Mercato>MGP</Mercato>
    <Ora>15</Ora>
    <PUN>75,150000</PUN>
    <NAT>69,990000</NAT>
    <CNOR>54,820000</CNOR>
    <CSUD>54,820000</CSUD>
    <NORD>88,019310</NORD>
    <SARD>54,820000</SARD>
    <SICI>56,500000</SICI>
    <SUD>54,820000</SUD>
    <AUST>88,019310</AUST>
    <BRNN>54,820000</BRNN>
    <COAC>54,820000</COAC>
    <CORS>54,820000</CORS>
    <FOGN>54,820000</FOGN>
    <FRAN>88,019310</FRAN>
    <GREC>54,820000</GREC>
    <MFTV>88,019310</MFTV>
    <PRGP>56,500000</PRGP>
    <ROSN>54,820000</ROSN>
    <SLOV>88,019310</SLOV>
    <SVIZ>88,019310</SVIZ>
    <BSP>88,019310</BSP>
    <MALT>56,500000</MALT>
    <XAUS>88,019310</XAUS>
    <XFRA>88,019310</XFRA>
  </Prezzi>
  <Prezzi>
    <Data>20150708</Data>
    <Mercato>MGP</Mercato>
    <Ora>16</Ora>
    <PUN>78,315880</PUN>
    <NAT>73,730000</NAT>
    <CNOR>57,990000</CNOR>
    <CSUD>57,990000</CSUD>
    <NORD>91,380000</NORD>
    <SARD>57,990000</SARD>
    <SICI>57,990000</SICI>
    <SUD>57,990000</SUD>
    <AUST>91,380000</AUST>
    <BRNN>57,990000</BRNN>
    <COAC>57,990000</COAC>
    <CORS>57,990000</CORS>
    <FOGN>57,990000</FOGN>
    <FRAN>91,380000</FRAN>
    <GREC>57,990000</GREC>
    <MFTV>91,380000</MFTV>
    <PRGP>57,990000</PRGP>
    <ROSN>57,990000</ROSN>
    <SLOV>91,380000</SLOV>
    <SVIZ>91,380000</SVIZ>
    <BSP>91,380000</BSP>
    <MALT>57,990000</MALT>
    <XAUS>91,380000</XAUS>
    <XFRA>91,380000</XFRA>
  </Prezzi>
  <Prezzi>
    <Data>20150708</Data>
    <Mercato>MGP</Mercato>
    <Ora>17</Ora>
    <PUN>79,902890</PUN>
    <NAT>74,990000</NAT>
    <CNOR>57,990000</CNOR>
    <CSUD>57,990000</CSUD>
    <NORD>94,660000</NORD>
    <SARD>57,990000</SARD>
    <SICI>58,680000</SICI>
    <SUD>55,120000</SUD>
    <AUST>94,660000</AUST>
    <BRNN>55,120000</BRNN>
    <COAC>57,990000</COAC>
    <CORS>57,990000</CORS>
    <FOGN>55,120000</FOGN>
    <FRAN>94,660000</FRAN>
    <GREC>55,120000</GREC>
    <MFTV>94,660000</MFTV>
    <PRGP>58,680000</PRGP>
    <ROSN>55,120000</ROSN>
    <SLOV>94,660000</SLOV>
    <SVIZ>94,660000</SVIZ>
    <BSP>94,660000</BSP>
    <MALT>58,680000</MALT>
    <XAUS>94,660000</XAUS>
    <XFRA>94,660000</XFRA>
  </Prezzi>
  <Prezzi>
    <Data>20150708</Data>
    <Mercato>MGP</Mercato>
    <Ora>18</Ora>
    <PUN>77,000000</PUN>
    <NAT>74,750000</NAT>
    <CNOR>57,990000</CNOR>
    <CSUD>57,990000</CSUD>
    <NORD>89,868120</NORD>
    <SARD>57,990000</SARD>
    <SICI>58,880000</SICI>
    <SUD>57,990000</SUD>
    <AUST>89,868120</AUST>
    <BRNN>57,990000</BRNN>
    <COAC>57,990000</COAC>
    <CORS>57,990000</CORS>
    <FOGN>57,990000</FOGN>
    <FRAN>89,868120</FRAN>
    <GREC>57,990000</GREC>
    <MFTV>89,868120</MFTV>
    <PRGP>58,880000</PRGP>
    <ROSN>57,990000</ROSN>
    <SLOV>89,868120</SLOV>
    <SVIZ>89,868120</SVIZ>
    <BSP>89,868120</BSP>
    <MALT>58,880000</MALT>
    <XAUS>89,868120</XAUS>
    <XFRA>89,868120</XFRA>
  </Prezzi>
  <Prezzi>
    <Data>20150708</Data>
    <Mercato>MGP</Mercato>
    <Ora>19</Ora>
    <PUN>77,000000</PUN>
    <NAT>74,920000</NAT>
    <CNOR>65,000000</CNOR>
    <CSUD>65,000000</CSUD>
    <NORD>85,692410</NORD>
    <SARD>65,000000</SARD>
    <SICI>60,560000</SICI>
    <SUD>65,000000</SUD>
    <AUST>85,692410</AUST>
    <BRNN>65,000000</BRNN>
    <COAC>65,000000</COAC>
    <CORS>65,000000</CORS>
    <FOGN>65,000000</FOGN>
    <FRAN>85,692410</FRAN>
    <GREC>65,000000</GREC>
    <MFTV>85,692410</MFTV>
    <PRGP>60,560000</PRGP>
    <ROSN>65,000000</ROSN>
    <SLOV>85,692410</SLOV>
    <SVIZ>85,692410</SVIZ>
    <BSP>85,692410</BSP>
    <MALT>60,560000</MALT>
    <XAUS>85,692410</XAUS>
    <XFRA>85,692410</XFRA>
  </Prezzi>
  <Prezzi>
    <Data>20150708</Data>
    <Mercato>MGP</Mercato>
    <Ora>20</Ora>
    <PUN>77,000000</PUN>
    <NAT>77,000000</NAT>
    <CNOR>77,804400</CNOR>
    <CSUD>77,804400</CSUD>
    <NORD>77,804400</NORD>
    <SARD>77,804400</SARD>
    <SICI>60,560000</SICI>
    <SUD>77,804400</SUD>
    <AUST>77,804400</AUST>
    <BRNN>77,804400</BRNN>
    <COAC>77,804400</COAC>
    <CORS>77,804400</CORS>
    <FOGN>77,804400</FOGN>
    <FRAN>77,804400</FRAN>
    <GREC>77,804400</GREC>
    <MFTV>77,804400</MFTV>
    <PRGP>60,560000</PRGP>
    <ROSN>77,804400</ROSN>
    <SLOV>77,804400</SLOV>
    <SVIZ>77,804400</SVIZ>
    <BSP>77,804400</BSP>
    <MALT>60,560000</MALT>
    <XAUS>77,804400</XAUS>
    <XFRA>77,804400</XFRA>
  </Prezzi>
  <Prezzi>
    <Data>20150708</Data>
    <Mercato>MGP</Mercato>
    <Ora>21</Ora>
    <PUN>77,000000</PUN>
    <NAT>77,000000</NAT>
    <CNOR>77,000000</CNOR>
    <CSUD>77,000000</CSUD>
    <NORD>77,000000</NORD>
    <SARD>77,000000</SARD>
    <SICI>77,000000</SICI>
    <SUD>77,000000</SUD>
    <AUST>77,000000</AUST>
    <BRNN>77,000000</BRNN>
    <COAC>77,000000</COAC>
    <CORS>77,000000</CORS>
    <FOGN>77,000000</FOGN>
    <FRAN>77,000000</FRAN>
    <GREC>77,000000</GREC>
    <MFTV>77,000000</MFTV>
    <PRGP>77,000000</PRGP>
    <ROSN>77,000000</ROSN>
    <SLOV>77,000000</SLOV>
    <SVIZ>77,000000</SVIZ>
    <BSP>77,000000</BSP>
    <MALT>77,000000</MALT>
    <XAUS>77,000000</XAUS>
    <XFRA>77,000000</XFRA>
  </Prezzi>
  <Prezzi>
    <Data>20150708</Data>
    <Mercato>MGP</Mercato>
    <Ora>22</Ora>
    <PUN>80,000000</PUN>
    <NAT>80,000000</NAT>
    <CNOR>80,000000</CNOR>
    <CSUD>80,000000</CSUD>
    <NORD>80,000000</NORD>
    <SARD>80,000000</SARD>
    <SICI>80,000000</SICI>
    <SUD>80,000000</SUD>
    <AUST>80,000000</AUST>
    <BRNN>80,000000</BRNN>
    <COAC>80,000000</COAC>
    <CORS>80,000000</CORS>
    <FOGN>80,000000</FOGN>
    <FRAN>80,000000</FRAN>
    <GREC>80,000000</GREC>
    <MFTV>80,000000</MFTV>
    <PRGP>80,000000</PRGP>
    <ROSN>80,000000</ROSN>
    <SLOV>80,000000</SLOV>
    <SVIZ>80,000000</SVIZ>
    <BSP>80,000000</BSP>
    <MALT>80,000000</MALT>
    <XAUS>80,000000</XAUS>
    <XFRA>80,000000</XFRA>
  </Prezzi>
  <Prezzi>
    <Data>20150708</Data>
    <Mercato>MGP</Mercato>
    <Ora>23</Ora>
    <PUN>71,312660</PUN>
    <NAT>70,670000</NAT>
    <CNOR>71,880000</CNOR>
    <CSUD>71,880000</CSUD>
    <NORD>71,880000</NORD>
    <SARD>71,880000</SARD>
    <SICI>60,560000</SICI>
    <SUD>71,880000</SUD>
    <AUST>71,880000</AUST>
    <BRNN>71,880000</BRNN>
    <COAC>71,880000</COAC>
    <CORS>71,880000</CORS>
    <FOGN>71,880000</FOGN>
    <FRAN>71,880000</FRAN>
    <GREC>71,880000</GREC>
    <MFTV>71,880000</MFTV>
    <PRGP>60,560000</PRGP>
    <ROSN>71,880000</ROSN>
    <SLOV>71,880000</SLOV>
    <SVIZ>71,880000</SVIZ>
    <BSP>71,880000</BSP>
    <MALT>60,560000</MALT>
    <XAUS>71,880000</XAUS>
    <XFRA>71,880000</XFRA>
  </Prezzi>
  <Prezzi>
    <Data>20150708</Data>
    <Mercato>MGP</Mercato>
    <Ora>24</Ora>
    <PUN>60,693120</PUN>
    <NAT>60,560000</NAT>
    <CNOR>60,700000</CNOR>
    <CSUD>60,700000</CSUD>
    <NORD>60,700000</NORD>
    <SARD>60,700000</SARD>
    <SICI>60,560000</SICI>
    <SUD>60,700000</SUD>
    <AUST>60,700000</AUST>
    <BRNN>60,700000</BRNN>
    <COAC>60,700000</COAC>
    <CORS>60,700000</CORS>
    <FOGN>60,700000</FOGN>
    <FRAN>60,700000</FRAN>
    <GREC>60,700000</GREC>
    <MFTV>60,700000</MFTV>
    <PRGP>60,560000</PRGP>
    <ROSN>60,700000</ROSN>
    <SLOV>60,700000</SLOV>
    <SVIZ>60,700000</SVIZ>
    <BSP>60,700000</BSP>
    <MALT>60,560000</MALT>
    <XAUS>60,700000</XAUS>
    <XFRA>60,700000</XFRA>
  </Prezzi>
</NewDataSet>