<?xml version="1.0" standalone="yes"?>
<NewDataSet>
  <xs:schema id="NewDataSet" xmlns="" xmlns:xs="http://www.w3.org/2001/XMLSchema" xmlns:msdata="urn:schemas-microsoft-com:xml-msdata">
    <xs:element name="NewDataSet" msdata:IsDataSet="true" msdata:UseCurrentLocale="true">
      <xs:complexType>
        <xs:choice minOccurs="0" maxOccurs="unbounded">
          <xs:element name="Prezzi">
            <xs:complexType>
              <xs:sequence>
                <xs:element name="Data" type="xs:string" minOccurs="0" />
                <xs:element name="Mercato" type="xs:string" minOccurs="0" />
                <xs:element name="Ora" type="xs:string" minOccurs="0" />
                <xs:element name="PUN" type="xs:string" minOccurs="0" />
                <xs:element name="NAT" type="xs:string" minOccurs="0" />
                <xs:element name="CNOR" type="xs:string" minOccurs="0" />
                <xs:element name="CSUD" type="xs:string" minOccurs="0" />
                <xs:element name="NORD" type="xs:string" minOccurs="0" />
                <xs:element name="SARD" type="xs:string" minOccurs="0" />
                <xs:element name="SICI" type="xs:string" minOccurs="0" />
                <xs:element name="SUD" type="xs:string" minOccurs="0" />
                <xs:element name="AUST" type="xs:string" minOccurs="0" />
                <xs:element name="BRNN" type="xs:string" minOccurs="0" />
                <xs:element name="COAC" type="xs:string" minOccurs="0" />
                <xs:element name="CORS" type="xs:string" minOccurs="0" />
                <xs:element name="FOGN" type="xs:string" minOccurs="0" />
                <xs:element name="FRAN" type="xs:string" minOccurs="0" />
                <xs:element name="GREC" type="xs:string" minOccurs="0" />
                <xs:element name="MFTV" type="xs:string" minOccurs="0" />
                <xs:element name="PRGP" type="xs:string" minOccurs="0" />
                <xs:element name="ROSN" type="xs:string" minOccurs="0" />
                <xs:element name="SLOV" type="xs:string" minOccurs="0" />
                <xs:element name="SVIZ" type="xs:string" minOccurs="0" />
                <xs:element name="BSP" type="xs:string" minOccurs="0" />
                <xs:element name="MALT" type="xs:string" minOccurs="0" />
                <xs:element name="XAUS" type="xs:string" minOccurs="0" />
                <xs:element name="XFRA" type="xs:string" minOccurs="0" />
              </xs:sequence>
            </xs:complexType>
          </xs:element>
        </xs:choice>
      </xs:complexType>
    </xs:element>
  </xs:schema>
  <Prezzi>
    <Data>20150721</Data>
    <Mercato>MGP</Mercato>
    <Ora>1</Ora>
    <PUN>83,622290</PUN>
    <NAT>83,790000</NAT>
    <CNOR>83,790000</CNOR>
    <CSUD>83,790000</CSUD>
    <NORD>83,790000</NORD>
    <SARD>83,790000</SARD>
    <SICI>80,990000</SICI>
    <SUD>83,790000</SUD>
    <AUST>83,790000</AUST>
    <BRNN>83,790000</BRNN>
    <COAC>83,790000</COAC>
    <CORS>83,790000</CORS>
    <FOGN>83,790000</FOGN>
    <FRAN>83,790000</FRAN>
    <GREC>83,790000</GREC>
    <MFTV>83,790000</MFTV>
    <PRGP>80,990000</PRGP>
    <ROSN>83,790000</ROSN>
    <SLOV>83,790000</SLOV>
    <SVIZ>83,790000</SVIZ>
    <BSP>83,790000</BSP>
    <MALT>80,990000</MALT>
    <XAUS>83,790000</XAUS>
    <XFRA>83,790000</XFRA>
  </Prezzi>
  <Prezzi>
    <Data>20150721</Data>
    <Mercato>MGP</Mercato>
    <Ora>2</Ora>
    <PUN>71,450000</PUN>
    <NAT>71,450000</NAT>
    <CNOR>71,450000</CNOR>
    <CSUD>71,450000</CSUD>
    <NORD>71,450000</NORD>
    <SARD>71,450000</SARD>
    <SICI>71,450000</SICI>
    <SUD>71,450000</SUD>
    <AUST>71,450000</AUST>
    <BRNN>71,450000</BRNN>
    <COAC>71,450000</COAC>
    <CORS>71,450000</CORS>
    <FOGN>71,450000</FOGN>
    <FRAN>71,450000</FRAN>
    <GREC>71,450000</GREC>
    <MFTV>71,450000</MFTV>
    <PRGP>71,450000</PRGP>
    <ROSN>71,450000</ROSN>
    <SLOV>71,450000</SLOV>
    <SVIZ>71,450000</SVIZ>
    <BSP>71,450000</BSP>
    <MALT>71,450000</MALT>
    <XAUS>71,450000</XAUS>
    <XFRA>71,450000</XFRA>
  </Prezzi>
  <Prezzi>
    <Data>20150721</Data>
    <Mercato>MGP</Mercato>
    <Ora>3</Ora>
    <PUN>68,610000</PUN>
    <NAT>67,000000</NAT>
    <CNOR>69,086970</CNOR>
    <CSUD>69,086970</CSUD>
    <NORD>69,086970</NORD>
    <SARD>69,086970</SARD>
    <SICI>60,560000</SICI>
    <SUD>69,086970</SUD>
    <AUST>69,086970</AUST>
    <BRNN>69,086970</BRNN>
    <COAC>69,086970</COAC>
    <CORS>69,086970</CORS>
    <FOGN>69,086970</FOGN>
    <FRAN>69,086970</FRAN>
    <GREC>69,086970</GREC>
    <MFTV>69,086970</MFTV>
    <PRGP>60,560000</PRGP>
    <ROSN>60,560000</ROSN>
    <SLOV>69,086970</SLOV>
    <SVIZ>69,086970</SVIZ>
    <BSP>69,086970</BSP>
    <MALT>60,560000</MALT>
    <XAUS>69,086970</XAUS>
    <XFRA>69,086970</XFRA>
  </Prezzi>
  <Prezzi>
    <Data>20150721</Data>
    <Mercato>MGP</Mercato>
    <Ora>4</Ora>
    <PUN>62,865570</PUN>
    <NAT>60,560000</NAT>
    <CNOR>63,000000</CNOR>
    <CSUD>63,000000</CSUD>
    <NORD>63,000000</NORD>
    <SARD>63,000000</SARD>
    <SICI>60,560000</SICI>
    <SUD>63,000000</SUD>
    <AUST>63,000000</AUST>
    <BRNN>63,000000</BRNN>
    <COAC>63,000000</COAC>
    <CORS>63,000000</CORS>
    <FOGN>63,000000</FOGN>
    <FRAN>63,000000</FRAN>
    <GREC>63,000000</GREC>
    <MFTV>63,000000</MFTV>
    <PRGP>60,560000</PRGP>
    <ROSN>60,560000</ROSN>
    <SLOV>63,000000</SLOV>
    <SVIZ>63,000000</SVIZ>
    <BSP>63,000000</BSP>
    <MALT>60,560000</MALT>
    <XAUS>63,000000</XAUS>
    <XFRA>63,000000</XFRA>
  </Prezzi>
  <Prezzi>
    <Data>20150721</Data>
    <Mercato>MGP</Mercato>
    <Ora>5</Ora>
    <PUN>60,560000</PUN>
    <NAT>60,560000</NAT>
    <CNOR>60,560000</CNOR>
    <CSUD>60,560000</CSUD>
    <NORD>60,560000</NORD>
    <SARD>60,560000</SARD>
    <SICI>60,560000</SICI>
    <SUD>60,560000</SUD>
    <AUST>60,560000</AUST>
    <BRNN>60,560000</BRNN>
    <COAC>60,560000</COAC>
    <CORS>60,560000</CORS>
    <FOGN>60,560000</FOGN>
    <FRAN>60,560000</FRAN>
    <GREC>60,560000</GREC>
    <MFTV>60,560000</MFTV>
    <PRGP>60,560000</PRGP>
    <ROSN>60,560000</ROSN>
    <SLOV>60,560000</SLOV>
    <SVIZ>60,560000</SVIZ>
    <BSP>60,560000</BSP>
    <MALT>60,560000</MALT>
    <XAUS>60,560000</XAUS>
    <XFRA>60,560000</XFRA>
  </Prezzi>
  <Prezzi>
    <Data>20150721</Data>
    <Mercato>MGP</Mercato>
    <Ora>6</Ora>
    <PUN>63,343100</PUN>
    <NAT>63,000000</NAT>
    <CNOR>63,500000</CNOR>
    <CSUD>63,500000</CSUD>
    <NORD>63,500000</NORD>
    <SARD>63,500000</SARD>
    <SICI>60,560000</SICI>
    <SUD>63,500000</SUD>
    <AUST>63,500000</AUST>
    <BRNN>63,500000</BRNN>
    <COAC>63,500000</COAC>
    <CORS>63,500000</CORS>
    <FOGN>63,500000</FOGN>
    <FRAN>63,500000</FRAN>
    <GREC>63,500000</GREC>
    <MFTV>63,500000</MFTV>
    <PRGP>60,560000</PRGP>
    <ROSN>60,560000</ROSN>
    <SLOV>63,500000</SLOV>
    <SVIZ>63,500000</SVIZ>
    <BSP>63,500000</BSP>
    <MALT>60,560000</MALT>
    <XAUS>63,500000</XAUS>
    <XFRA>63,500000</XFRA>
  </Prezzi>
  <Prezzi>
    <Data>20150721</Data>
    <Mercato>MGP</Mercato>
    <Ora>7</Ora>
    <PUN>66,937950</PUN>
    <NAT>66,120000</NAT>
    <CNOR>67,280000</CNOR>
    <CSUD>67,280000</CSUD>
    <NORD>67,280000</NORD>
    <SARD>67,280000</SARD>
    <SICI>60,560000</SICI>
    <SUD>67,280000</SUD>
    <AUST>67,280000</AUST>
    <BRNN>67,280000</BRNN>
    <COAC>67,280000</COAC>
    <CORS>67,280000</CORS>
    <FOGN>67,280000</FOGN>
    <FRAN>67,280000</FRAN>
    <GREC>67,280000</GREC>
    <MFTV>67,280000</MFTV>
    <PRGP>60,560000</PRGP>
    <ROSN>67,280000</ROSN>
    <SLOV>67,280000</SLOV>
    <SVIZ>67,280000</SVIZ>
    <BSP>67,280000</BSP>
    <MALT>60,560000</MALT>
    <XAUS>67,280000</XAUS>
    <XFRA>67,280000</XFRA>
  </Prezzi>
  <Prezzi>
    <Data>20150721</Data>
    <Mercato>MGP</Mercato>
    <Ora>8</Ora>
    <PUN>73,822810</PUN>
    <NAT>72,770000</NAT>
    <CNOR>74,520000</CNOR>
    <CSUD>74,520000</CSUD>
    <NORD>74,520000</NORD>
    <SARD>74,520000</SARD>
    <SICI>60,560000</SICI>
    <SUD>74,520000</SUD>
    <AUST>74,520000</AUST>
    <BRNN>74,520000</BRNN>
    <COAC>74,520000</COAC>
    <CORS>74,520000</CORS>
    <FOGN>74,520000</FOGN>
    <FRAN>74,520000</FRAN>
    <GREC>74,520000</GREC>
    <MFTV>74,520000</MFTV>
    <PRGP>60,560000</PRGP>
    <ROSN>60,560000</ROSN>
    <SLOV>74,520000</SLOV>
    <SVIZ>74,520000</SVIZ>
    <BSP>74,520000</BSP>
    <MALT>60,560000</MALT>
    <XAUS>74,520000</XAUS>
    <XFRA>74,520000</XFRA>
  </Prezzi>
  <Prezzi>
    <Data>20150721</Data>
    <Mercato>MGP</Mercato>
    <Ora>9</Ora>
    <PUN>86,580000</PUN>
    <NAT>85,030000</NAT>
    <CNOR>85,000000</CNOR>
    <CSUD>85,000000</CSUD>
    <NORD>89,615000</NORD>
    <SARD>85,000000</SARD>
    <SICI>60,560000</SICI>
    <SUD>85,000000</SUD>
    <AUST>89,615000</AUST>
    <BRNN>85,000000</BRNN>
    <COAC>85,000000</COAC>
    <CORS>85,000000</CORS>
    <FOGN>85,000000</FOGN>
    <FRAN>89,615000</FRAN>
    <GREC>85,000000</GREC>
    <MFTV>89,615000</MFTV>
    <PRGP>60,560000</PRGP>
    <ROSN>60,560000</ROSN>
    <SLOV>89,615000</SLOV>
    <SVIZ>89,615000</SVIZ>
    <BSP>89,615000</BSP>
    <MALT>60,560000</MALT>
    <XAUS>89,615000</XAUS>
    <XFRA>89,615000</XFRA>
  </Prezzi>
  <Prezzi>
    <Data>20150721</Data>
    <Mercato>MGP</Mercato>
    <Ora>10</Ora>
    <PUN>85,990000</PUN>
    <NAT>85,000000</NAT>
    <CNOR>75,000000</CNOR>
    <CSUD>75,000000</CSUD>
    <NORD>94,265240</NORD>
    <SARD>75,000000</SARD>
    <SICI>60,560000</SICI>
    <SUD>75,000000</SUD>
    <AUST>94,265240</AUST>
    <BRNN>75,000000</BRNN>
    <COAC>75,000000</COAC>
    <CORS>75,000000</CORS>
    <FOGN>75,000000</FOGN>
    <FRAN>94,265240</FRAN>
    <GREC>75,000000</GREC>
    <MFTV>94,265240</MFTV>
    <PRGP>60,560000</PRGP>
    <ROSN>60,560000</ROSN>
    <SLOV>94,265240</SLOV>
    <SVIZ>94,265240</SVIZ>
    <BSP>94,265240</BSP>
    <MALT>60,560000</MALT>
    <XAUS>94,265240</XAUS>
    <XFRA>94,265240</XFRA>
  </Prezzi>
  <Prezzi>
    <Data>20150721</Data>
    <Mercato>MGP</Mercato>
    <Ora>11</Ora>
    <PUN>84,380060</PUN>
    <NAT>80,000000</NAT>
    <CNOR>59,990000</CNOR>
    <CSUD>59,990000</CSUD>
    <NORD>100,000000</NORD>
    <SARD>59,990000</SARD>
    <SICI>60,560000</SICI>
    <SUD>59,990000</SUD>
    <AUST>100,000000</AUST>
    <BRNN>59,990000</BRNN>
    <COAC>59,990000</COAC>
    <CORS>59,990000</CORS>
    <FOGN>59,990000</FOGN>
    <FRAN>100,000000</FRAN>
    <GREC>59,990000</GREC>
    <MFTV>100,000000</MFTV>
    <PRGP>60,560000</PRGP>
    <ROSN>59,990000</ROSN>
    <SLOV>100,000000</SLOV>
    <SVIZ>100,000000</SVIZ>
    <BSP>100,000000</BSP>
    <MALT>60,560000</MALT>
    <XAUS>100,000000</XAUS>
    <XFRA>100,000000</XFRA>
  </Prezzi>
  <Prezzi>
    <Data>20150721</Data>
    <Mercato>MGP</Mercato>
    <Ora>12</Ora>
    <PUN>85,000000</PUN>
    <NAT>80,000000</NAT>
    <CNOR>60,560000</CNOR>
    <CSUD>60,560000</CSUD>
    <NORD>101,006960</NORD>
    <SARD>60,560000</SARD>
    <SICI>60,560000</SICI>
    <SUD>60,560000</SUD>
    <AUST>101,006960</AUST>
    <BRNN>60,560000</BRNN>
    <COAC>60,560000</COAC>
    <CORS>60,560000</CORS>
    <FOGN>60,560000</FOGN>
    <FRAN>101,006960</FRAN>
    <GREC>60,560000</GREC>
    <MFTV>101,006960</MFTV>
    <PRGP>60,560000</PRGP>
    <ROSN>60,560000</ROSN>
    <SLOV>101,006960</SLOV>
    <SVIZ>101,006960</SVIZ>
    <BSP>101,006960</BSP>
    <MALT>60,560000</MALT>
    <XAUS>101,006960</XAUS>
    <XFRA>101,006960</XFRA>
  </Prezzi>
  <Prezzi>
    <Data>20150721</Data>
    <Mercato>MGP</Mercato>
    <Ora>13</Ora>
    <PUN>75,130420</PUN>
    <NAT>74,520000</NAT>
    <CNOR>58,310000</CNOR>
    <CSUD>58,310000</CSUD>
    <NORD>86,680000</NORD>
    <SARD>58,310000</SARD>
    <SICI>58,880000</SICI>
    <SUD>58,310000</SUD>
    <AUST>86,680000</AUST>
    <BRNN>58,310000</BRNN>
    <COAC>58,310000</COAC>
    <CORS>58,310000</CORS>
    <FOGN>58,310000</FOGN>
    <FRAN>86,680000</FRAN>
    <GREC>58,310000</GREC>
    <MFTV>86,680000</MFTV>
    <PRGP>58,880000</PRGP>
    <ROSN>58,310000</ROSN>
    <SLOV>86,680000</SLOV>
    <SVIZ>86,680000</SVIZ>
    <BSP>86,680000</BSP>
    <MALT>58,880000</MALT>
    <XAUS>86,680000</XAUS>
    <XFRA>86,680000</XFRA>
  </Prezzi>
  <Prezzi>
    <Data>20150721</Data>
    <Mercato>MGP</Mercato>
    <Ora>14</Ora>
    <PUN>81,520000</PUN>
    <NAT>81,730000</NAT>
    <CNOR>74,000000</CNOR>
    <CSUD>74,000000</CSUD>
    <NORD>88,000000</NORD>
    <SARD>74,000000</SARD>
    <SICI>60,560000</SICI>
    <SUD>73,440120</SUD>
    <AUST>88,000000</AUST>
    <BRNN>73,440120</BRNN>
    <COAC>74,000000</COAC>
    <CORS>74,000000</CORS>
    <FOGN>73,440120</FOGN>
    <FRAN>88,000000</FRAN>
    <GREC>73,440120</GREC>
    <MFTV>88,000000</MFTV>
    <PRGP>60,560000</PRGP>
    <ROSN>60,560000</ROSN>
    <SLOV>88,000000</SLOV>
    <SVIZ>88,000000</SVIZ>
    <BSP>88,000000</BSP>
    <MALT>60,560000</MALT>
    <XAUS>88,000000</XAUS>
    <XFRA>88,000000</XFRA>
  </Prezzi>
  <Prezzi>
    <Data>20150721</Data>
    <Mercato>MGP</Mercato>
    <Ora>15</Ora>
    <PUN>85,000000</PUN>
    <NAT>84,530000</NAT>
    <CNOR>67,730000</CNOR>
    <CSUD>67,730000</CSUD>
    <NORD>98,543940</NORD>
    <SARD>67,730000</SARD>
    <SICI>58,880000</SICI>
    <SUD>58,880000</SUD>
    <AUST>98,543940</AUST>
    <BRNN>58,880000</BRNN>
    <COAC>67,730000</COAC>
    <CORS>67,730000</CORS>
    <FOGN>58,880000</FOGN>
    <FRAN>98,543940</FRAN>
    <GREC>58,880000</GREC>
    <MFTV>98,543940</MFTV>
    <PRGP>58,880000</PRGP>
    <ROSN>58,880000</ROSN>
    <SLOV>98,543940</SLOV>
    <SVIZ>98,543940</SVIZ>
    <BSP>98,543940</BSP>
    <MALT>58,880000</MALT>
    <XAUS>98,543940</XAUS>
    <XFRA>98,543940</XFRA>
  </Prezzi>
  <Prezzi>
    <Data>20150721</Data>
    <Mercato>MGP</Mercato>
    <Ora>16</Ora>
    <PUN>90,000000</PUN>
    <NAT>85,000000</NAT>
    <CNOR>63,990000</CNOR>
    <CSUD>63,990000</CSUD>
    <NORD>107,743540</NORD>
    <SARD>63,990000</SARD>
    <SICI>58,880000</SICI>
    <SUD>58,880000</SUD>
    <AUST>107,743540</AUST>
    <BRNN>58,880000</BRNN>
    <COAC>63,990000</COAC>
    <CORS>63,990000</CORS>
    <FOGN>58,880000</FOGN>
    <FRAN>107,743540</FRAN>
    <GREC>58,880000</GREC>
    <MFTV>107,743540</MFTV>
    <PRGP>58,880000</PRGP>
    <ROSN>58,880000</ROSN>
    <SLOV>107,743540</SLOV>
    <SVIZ>107,743540</SVIZ>
    <BSP>107,743540</BSP>
    <MALT>58,880000</MALT>
    <XAUS>107,743540</XAUS>
    <XFRA>107,743540</XFRA>
  </Prezzi>
  <Prezzi>
    <Data>20150721</Data>
    <Mercato>MGP</Mercato>
    <Ora>17</Ora>
    <PUN>90,039130</PUN>
    <NAT>88,490000</NAT>
    <CNOR>100,000000</CNOR>
    <CSUD>74,000000</CSUD>
    <NORD>100,000000</NORD>
    <SARD>74,000000</SARD>
    <SICI>60,400000</SICI>
    <SUD>60,400000</SUD>
    <AUST>100,000000</AUST>
    <BRNN>60,400000</BRNN>
    <COAC>74,000000</COAC>
    <CORS>100,000000</CORS>
    <FOGN>60,400000</FOGN>
    <FRAN>100,000000</FRAN>
    <GREC>60,400000</GREC>
    <MFTV>100,000000</MFTV>
    <PRGP>60,400000</PRGP>
    <ROSN>60,400000</ROSN>
    <SLOV>100,000000</SLOV>
    <SVIZ>100,000000</SVIZ>
    <BSP>100,000000</BSP>
    <MALT>60,400000</MALT>
    <XAUS>100,000000</XAUS>
    <XFRA>100,000000</XFRA>
  </Prezzi>
  <Prezzi>
    <Data>20150721</Data>
    <Mercato>MGP</Mercato>
    <Ora>18</Ora>
    <PUN>90,000000</PUN>
    <NAT>86,530000</NAT>
    <CNOR>101,216890</CNOR>
    <CSUD>66,500000</CSUD>
    <NORD>101,216890</NORD>
    <SARD>66,500000</SARD>
    <SICI>60,560000</SICI>
    <SUD>66,500000</SUD>
    <AUST>101,216890</AUST>
    <BRNN>66,500000</BRNN>
    <COAC>66,500000</COAC>
    <CORS>101,216890</CORS>
    <FOGN>66,500000</FOGN>
    <FRAN>101,216890</FRAN>
    <GREC>66,500000</GREC>
    <MFTV>101,216890</MFTV>
    <PRGP>60,560000</PRGP>
    <ROSN>60,560000</ROSN>
    <SLOV>101,216890</SLOV>
    <SVIZ>101,216890</SVIZ>
    <BSP>101,216890</BSP>
    <MALT>60,560000</MALT>
    <XAUS>101,216890</XAUS>
    <XFRA>101,216890</XFRA>
  </Prezzi>
  <Prezzi>
    <Data>20150721</Data>
    <Mercato>MGP</Mercato>
    <Ora>19</Ora>
    <PUN>90,000000</PUN>
    <NAT>88,000000</NAT>
    <CNOR>96,552080</CNOR>
    <CSUD>76,020000</CSUD>
    <NORD>96,552080</NORD>
    <SARD>76,020000</SARD>
    <SICI>76,020000</SICI>
    <SUD>76,020000</SUD>
    <AUST>96,552080</AUST>
    <BRNN>76,020000</BRNN>
    <COAC>76,020000</COAC>
    <CORS>96,552080</CORS>
    <FOGN>76,020000</FOGN>
    <FRAN>96,552080</FRAN>
    <GREC>76,020000</GREC>
    <MFTV>96,552080</MFTV>
    <PRGP>76,020000</PRGP>
    <ROSN>76,020000</ROSN>
    <SLOV>96,552080</SLOV>
    <SVIZ>96,552080</SVIZ>
    <BSP>96,552080</BSP>
    <MALT>76,020000</MALT>
    <XAUS>96,552080</XAUS>
    <XFRA>96,552080</XFRA>
  </Prezzi>
  <Prezzi>
    <Data>20150721</Data>
    <Mercato>MGP</Mercato>
    <Ora>20</Ora>
    <PUN>95,000000</PUN>
    <NAT>95,910000</NAT>
    <CNOR>94,933800</CNOR>
    <CSUD>94,933800</CSUD>
    <NORD>94,933800</NORD>
    <SARD>94,933800</SARD>
    <SICI>96,190000</SICI>
    <SUD>94,933800</SUD>
    <AUST>94,933800</AUST>
    <BRNN>94,933800</BRNN>
    <COAC>94,933800</COAC>
    <CORS>94,933800</CORS>
    <FOGN>94,933800</FOGN>
    <FRAN>94,933800</FRAN>
    <GREC>94,933800</GREC>
    <MFTV>94,933800</MFTV>
    <PRGP>96,190000</PRGP>
    <ROSN>94,933800</ROSN>
    <SLOV>94,933800</SLOV>
    <SVIZ>94,933800</SVIZ>
    <BSP>94,933800</BSP>
    <MALT>96,190000</MALT>
    <XAUS>94,933800</XAUS>
    <XFRA>94,933800</XFRA>
  </Prezzi>
  <Prezzi>
    <Data>20150721</Data>
    <Mercato>MGP</Mercato>
    <Ora>21</Ora>
    <PUN>91,297040</PUN>
    <NAT>94,990000</NAT>
    <CNOR>91,010000</CNOR>
    <CSUD>91,010000</CSUD>
    <NORD>91,010000</NORD>
    <SARD>91,010000</SARD>
    <SICI>96,190000</SICI>
    <SUD>91,010000</SUD>
    <AUST>91,010000</AUST>
    <BRNN>91,010000</BRNN>
    <COAC>91,010000</COAC>
    <CORS>91,010000</CORS>
    <FOGN>91,010000</FOGN>
    <FRAN>91,010000</FRAN>
    <GREC>91,010000</GREC>
    <MFTV>91,010000</MFTV>
    <PRGP>96,190000</PRGP>
    <ROSN>91,010000</ROSN>
    <SLOV>91,010000</SLOV>
    <SVIZ>91,010000</SVIZ>
    <BSP>91,010000</BSP>
    <MALT>96,190000</MALT>
    <XAUS>91,010000</XAUS>
    <XFRA>91,010000</XFRA>
  </Prezzi>
  <Prezzi>
    <Data>20150721</Data>
    <Mercato>MGP</Mercato>
    <Ora>22</Ora>
    <PUN>89,202890</PUN>
    <NAT>90,840000</NAT>
    <CNOR>88,800000</CNOR>
    <CSUD>88,800000</CSUD>
    <NORD>88,800000</NORD>
    <SARD>88,800000</SARD>
    <SICI>96,190000</SICI>
    <SUD>88,800000</SUD>
    <AUST>88,800000</AUST>
    <BRNN>88,800000</BRNN>
    <COAC>88,800000</COAC>
    <CORS>88,800000</CORS>
    <FOGN>88,800000</FOGN>
    <FRAN>88,800000</FRAN>
    <GREC>88,800000</GREC>
    <MFTV>88,800000</MFTV>
    <PRGP>96,190000</PRGP>
    <ROSN>88,800000</ROSN>
    <SLOV>88,800000</SLOV>
    <SVIZ>88,800000</SVIZ>
    <BSP>88,800000</BSP>
    <MALT>96,190000</MALT>
    <XAUS>88,800000</XAUS>
    <XFRA>88,800000</XFRA>
  </Prezzi>
  <Prezzi>
    <Data>20150721</Data>
    <Mercato>MGP</Mercato>
    <Ora>23</Ora>
    <PUN>85,619790</PUN>
    <NAT>85,840000</NAT>
    <CNOR>85,000000</CNOR>
    <CSUD>85,000000</CSUD>
    <NORD>85,000000</NORD>
    <SARD>85,000000</SARD>
    <SICI>96,190000</SICI>
    <SUD>85,000000</SUD>
    <AUST>85,000000</AUST>
    <BRNN>85,000000</BRNN>
    <COAC>85,000000</COAC>
    <CORS>85,000000</CORS>
    <FOGN>85,000000</FOGN>
    <FRAN>85,000000</FRAN>
    <GREC>85,000000</GREC>
    <MFTV>85,000000</MFTV>
    <PRGP>96,190000</PRGP>
    <ROSN>85,000000</ROSN>
    <SLOV>85,000000</SLOV>
    <SVIZ>85,000000</SVIZ>
    <BSP>85,000000</BSP>
    <MALT>96,190000</MALT>
    <XAUS>85,000000</XAUS>
    <XFRA>85,000000</XFRA>
  </Prezzi>
  <Prezzi>
    <Data>20150721</Data>
    <Mercato>MGP</Mercato>
    <Ora>24</Ora>
    <PUN>75,760000</PUN>
    <NAT>75,760000</NAT>
    <CNOR>75,760000</CNOR>
    <CSUD>75,760000</CSUD>
    <NORD>75,760000</NORD>
    <SARD>75,760000</SARD>
    <SICI>75,760000</SICI>
    <SUD>75,760000</SUD>
    <AUST>75,760000</AUST>
    <BRNN>75,760000</BRNN>
    <COAC>75,760000</COAC>
    <CORS>75,760000</CORS>
    <FOGN>75,760000</FOGN>
    <FRAN>75,760000</FRAN>
    <GREC>75,760000</GREC>
    <MFTV>75,760000</MFTV>
    <PRGP>75,760000</PRGP>
    <ROSN>75,760000</ROSN>
    <SLOV>75,760000</SLOV>
    <SVIZ>75,760000</SVIZ>
    <BSP>75,760000</BSP>
    <MALT>75,760000</MALT>
    <XAUS>75,760000</XAUS>
    <XFRA>75,760000</XFRA>
  </Prezzi>
</NewDataSet>