<?xml version="1.0" standalone="yes"?>
<NewDataSet>
  <xs:schema id="NewDataSet" xmlns="" xmlns:xs="http://www.w3.org/2001/XMLSchema" xmlns:msdata="urn:schemas-microsoft-com:xml-msdata">
    <xs:element name="NewDataSet" msdata:IsDataSet="true" msdata:UseCurrentLocale="true">
      <xs:complexType>
        <xs:choice minOccurs="0" maxOccurs="unbounded">
          <xs:element name="Prezzi">
            <xs:complexType>
              <xs:sequence>
                <xs:element name="Data" type="xs:string" minOccurs="0" />
                <xs:element name="Mercato" type="xs:string" minOccurs="0" />
                <xs:element name="Ora" type="xs:string" minOccurs="0" />
                <xs:element name="PUN" type="xs:string" minOccurs="0" />
                <xs:element name="NAT" type="xs:string" minOccurs="0" />
                <xs:element name="CNOR" type="xs:string" minOccurs="0" />
                <xs:element name="CSUD" type="xs:string" minOccurs="0" />
                <xs:element name="NORD" type="xs:string" minOccurs="0" />
                <xs:element name="SARD" type="xs:string" minOccurs="0" />
                <xs:element name="SICI" type="xs:string" minOccurs="0" />
                <xs:element name="SUD" type="xs:string" minOccurs="0" />
                <xs:element name="AUST" type="xs:string" minOccurs="0" />
                <xs:element name="BRNN" type="xs:string" minOccurs="0" />
                <xs:element name="COAC" type="xs:string" minOccurs="0" />
                <xs:element name="CORS" type="xs:string" minOccurs="0" />
                <xs:element name="FOGN" type="xs:string" minOccurs="0" />
                <xs:element name="FRAN" type="xs:string" minOccurs="0" />
                <xs:element name="GREC" type="xs:string" minOccurs="0" />
                <xs:element name="MFTV" type="xs:string" minOccurs="0" />
                <xs:element name="PRGP" type="xs:string" minOccurs="0" />
                <xs:element name="ROSN" type="xs:string" minOccurs="0" />
                <xs:element name="SLOV" type="xs:string" minOccurs="0" />
                <xs:element name="SVIZ" type="xs:string" minOccurs="0" />
                <xs:element name="BSP" type="xs:string" minOccurs="0" />
                <xs:element name="MALT" type="xs:string" minOccurs="0" />
                <xs:element name="XAUS" type="xs:string" minOccurs="0" />
                <xs:element name="XFRA" type="xs:string" minOccurs="0" />
              </xs:sequence>
            </xs:complexType>
          </xs:element>
        </xs:choice>
      </xs:complexType>
    </xs:element>
  </xs:schema>
  <Prezzi>
    <Data>20150712</Data>
    <Mercato>MGP</Mercato>
    <Ora>1</Ora>
    <PUN>55,493420</PUN>
    <NAT>58,680000</NAT>
    <CNOR>55,160000</CNOR>
    <CSUD>55,160000</CSUD>
    <NORD>55,160000</NORD>
    <SARD>55,160000</SARD>
    <SICI>60,560000</SICI>
    <SUD>55,160000</SUD>
    <AUST>55,160000</AUST>
    <BRNN>55,160000</BRNN>
    <COAC>55,160000</COAC>
    <CORS>55,160000</CORS>
    <FOGN>55,160000</FOGN>
    <FRAN>55,160000</FRAN>
    <GREC>55,160000</GREC>
    <MFTV>55,160000</MFTV>
    <PRGP>60,560000</PRGP>
    <ROSN>55,160000</ROSN>
    <SLOV>55,160000</SLOV>
    <SVIZ>55,160000</SVIZ>
    <BSP>55,160000</BSP>
    <MALT>60,560000</MALT>
    <XAUS>55,160000</XAUS>
    <XFRA>55,160000</XFRA>
  </Prezzi>
  <Prezzi>
    <Data>20150712</Data>
    <Mercato>MGP</Mercato>
    <Ora>2</Ora>
    <PUN>52,508900</PUN>
    <NAT>53,610000</NAT>
    <CNOR>52,000000</CNOR>
    <CSUD>52,000000</CSUD>
    <NORD>52,000000</NORD>
    <SARD>52,000000</SARD>
    <SICI>60,560000</SICI>
    <SUD>52,000000</SUD>
    <AUST>52,000000</AUST>
    <BRNN>52,000000</BRNN>
    <COAC>52,000000</COAC>
    <CORS>52,000000</CORS>
    <FOGN>52,000000</FOGN>
    <FRAN>52,000000</FRAN>
    <GREC>52,000000</GREC>
    <MFTV>52,000000</MFTV>
    <PRGP>60,560000</PRGP>
    <ROSN>52,000000</ROSN>
    <SLOV>52,000000</SLOV>
    <SVIZ>52,000000</SVIZ>
    <BSP>52,000000</BSP>
    <MALT>60,560000</MALT>
    <XAUS>52,000000</XAUS>
    <XFRA>52,000000</XFRA>
  </Prezzi>
  <Prezzi>
    <Data>20150712</Data>
    <Mercato>MGP</Mercato>
    <Ora>3</Ora>
    <PUN>48,250630</PUN>
    <NAT>49,100000</NAT>
    <CNOR>47,600000</CNOR>
    <CSUD>47,600000</CSUD>
    <NORD>47,600000</NORD>
    <SARD>47,600000</SARD>
    <SICI>58,680000</SICI>
    <SUD>47,600000</SUD>
    <AUST>47,600000</AUST>
    <BRNN>47,600000</BRNN>
    <COAC>47,600000</COAC>
    <CORS>47,600000</CORS>
    <FOGN>47,600000</FOGN>
    <FRAN>47,600000</FRAN>
    <GREC>47,600000</GREC>
    <MFTV>47,600000</MFTV>
    <PRGP>58,680000</PRGP>
    <ROSN>47,600000</ROSN>
    <SLOV>47,600000</SLOV>
    <SVIZ>47,600000</SVIZ>
    <BSP>47,600000</BSP>
    <MALT>58,680000</MALT>
    <XAUS>47,600000</XAUS>
    <XFRA>47,600000</XFRA>
  </Prezzi>
  <Prezzi>
    <Data>20150712</Data>
    <Mercato>MGP</Mercato>
    <Ora>4</Ora>
    <PUN>46,980320</PUN>
    <NAT>47,900000</NAT>
    <CNOR>46,260000</CNOR>
    <CSUD>46,260000</CSUD>
    <NORD>46,260000</NORD>
    <SARD>46,260000</SARD>
    <SICI>58,680000</SICI>
    <SUD>46,260000</SUD>
    <AUST>46,260000</AUST>
    <BRNN>46,260000</BRNN>
    <COAC>46,260000</COAC>
    <CORS>46,260000</CORS>
    <FOGN>46,260000</FOGN>
    <FRAN>46,260000</FRAN>
    <GREC>46,260000</GREC>
    <MFTV>46,260000</MFTV>
    <PRGP>58,680000</PRGP>
    <ROSN>46,260000</ROSN>
    <SLOV>46,260000</SLOV>
    <SVIZ>46,260000</SVIZ>
    <BSP>46,260000</BSP>
    <MALT>58,680000</MALT>
    <XAUS>46,260000</XAUS>
    <XFRA>46,260000</XFRA>
  </Prezzi>
  <Prezzi>
    <Data>20150712</Data>
    <Mercato>MGP</Mercato>
    <Ora>5</Ora>
    <PUN>47,451310</PUN>
    <NAT>48,130000</NAT>
    <CNOR>46,770000</CNOR>
    <CSUD>46,770000</CSUD>
    <NORD>46,770000</NORD>
    <SARD>46,770000</SARD>
    <SICI>58,680000</SICI>
    <SUD>46,770000</SUD>
    <AUST>46,770000</AUST>
    <BRNN>46,770000</BRNN>
    <COAC>46,770000</COAC>
    <CORS>46,770000</CORS>
    <FOGN>46,770000</FOGN>
    <FRAN>46,770000</FRAN>
    <GREC>46,770000</GREC>
    <MFTV>46,770000</MFTV>
    <PRGP>58,680000</PRGP>
    <ROSN>46,770000</ROSN>
    <SLOV>46,770000</SLOV>
    <SVIZ>46,770000</SVIZ>
    <BSP>46,770000</BSP>
    <MALT>58,680000</MALT>
    <XAUS>46,770000</XAUS>
    <XFRA>46,770000</XFRA>
  </Prezzi>
  <Prezzi>
    <Data>20150712</Data>
    <Mercato>MGP</Mercato>
    <Ora>6</Ora>
    <PUN>49,892010</PUN>
    <NAT>51,010000</NAT>
    <CNOR>49,360000</CNOR>
    <CSUD>49,360000</CSUD>
    <NORD>49,360000</NORD>
    <SARD>49,360000</SARD>
    <SICI>58,680000</SICI>
    <SUD>49,360000</SUD>
    <AUST>49,360000</AUST>
    <BRNN>49,360000</BRNN>
    <COAC>49,360000</COAC>
    <CORS>49,360000</CORS>
    <FOGN>49,360000</FOGN>
    <FRAN>49,360000</FRAN>
    <GREC>49,360000</GREC>
    <MFTV>49,360000</MFTV>
    <PRGP>58,680000</PRGP>
    <ROSN>49,360000</ROSN>
    <SLOV>49,360000</SLOV>
    <SVIZ>49,360000</SVIZ>
    <BSP>49,360000</BSP>
    <MALT>58,680000</MALT>
    <XAUS>49,360000</XAUS>
    <XFRA>49,360000</XFRA>
  </Prezzi>
  <Prezzi>
    <Data>20150712</Data>
    <Mercato>MGP</Mercato>
    <Ora>7</Ora>
    <PUN>47,444020</PUN>
    <NAT>47,540000</NAT>
    <CNOR>46,770000</CNOR>
    <CSUD>46,770000</CSUD>
    <NORD>46,770000</NORD>
    <SARD>46,770000</SARD>
    <SICI>58,680000</SICI>
    <SUD>46,770000</SUD>
    <AUST>46,770000</AUST>
    <BRNN>46,770000</BRNN>
    <COAC>46,770000</COAC>
    <CORS>46,770000</CORS>
    <FOGN>46,770000</FOGN>
    <FRAN>46,770000</FRAN>
    <GREC>46,770000</GREC>
    <MFTV>46,770000</MFTV>
    <PRGP>58,680000</PRGP>
    <ROSN>46,770000</ROSN>
    <SLOV>46,770000</SLOV>
    <SVIZ>46,770000</SVIZ>
    <BSP>46,770000</BSP>
    <MALT>58,680000</MALT>
    <XAUS>46,770000</XAUS>
    <XFRA>46,770000</XFRA>
  </Prezzi>
  <Prezzi>
    <Data>20150712</Data>
    <Mercato>MGP</Mercato>
    <Ora>8</Ora>
    <PUN>45,376150</PUN>
    <NAT>45,180000</NAT>
    <CNOR>44,510000</CNOR>
    <CSUD>44,510000</CSUD>
    <NORD>44,510000</NORD>
    <SARD>44,510000</SARD>
    <SICI>60,400000</SICI>
    <SUD>44,510000</SUD>
    <AUST>44,510000</AUST>
    <BRNN>44,510000</BRNN>
    <COAC>44,510000</COAC>
    <CORS>44,510000</CORS>
    <FOGN>44,510000</FOGN>
    <FRAN>44,510000</FRAN>
    <GREC>44,510000</GREC>
    <MFTV>44,510000</MFTV>
    <PRGP>60,400000</PRGP>
    <ROSN>44,510000</ROSN>
    <SLOV>44,510000</SLOV>
    <SVIZ>44,510000</SVIZ>
    <BSP>44,510000</BSP>
    <MALT>60,400000</MALT>
    <XAUS>44,510000</XAUS>
    <XFRA>44,510000</XFRA>
  </Prezzi>
  <Prezzi>
    <Data>20150712</Data>
    <Mercato>MGP</Mercato>
    <Ora>9</Ora>
    <PUN>44,053870</PUN>
    <NAT>44,510000</NAT>
    <CNOR>43,070000</CNOR>
    <CSUD>43,070000</CSUD>
    <NORD>43,070000</NORD>
    <SARD>43,070000</SARD>
    <SICI>60,400000</SICI>
    <SUD>43,070000</SUD>
    <AUST>43,070000</AUST>
    <BRNN>43,070000</BRNN>
    <COAC>43,070000</COAC>
    <CORS>43,070000</CORS>
    <FOGN>43,070000</FOGN>
    <FRAN>43,070000</FRAN>
    <GREC>43,070000</GREC>
    <MFTV>43,070000</MFTV>
    <PRGP>60,400000</PRGP>
    <ROSN>43,070000</ROSN>
    <SLOV>43,070000</SLOV>
    <SVIZ>43,070000</SVIZ>
    <BSP>43,070000</BSP>
    <MALT>60,400000</MALT>
    <XAUS>43,070000</XAUS>
    <XFRA>43,070000</XFRA>
  </Prezzi>
  <Prezzi>
    <Data>20150712</Data>
    <Mercato>MGP</Mercato>
    <Ora>10</Ora>
    <PUN>44,967380</PUN>
    <NAT>44,510000</NAT>
    <CNOR>44,040000</CNOR>
    <CSUD>44,040000</CSUD>
    <NORD>44,040000</NORD>
    <SARD>44,040000</SARD>
    <SICI>60,400000</SICI>
    <SUD>44,040000</SUD>
    <AUST>44,040000</AUST>
    <BRNN>44,040000</BRNN>
    <COAC>44,040000</COAC>
    <CORS>44,040000</CORS>
    <FOGN>44,040000</FOGN>
    <FRAN>44,040000</FRAN>
    <GREC>44,040000</GREC>
    <MFTV>44,040000</MFTV>
    <PRGP>60,400000</PRGP>
    <ROSN>44,040000</ROSN>
    <SLOV>44,040000</SLOV>
    <SVIZ>44,040000</SVIZ>
    <BSP>44,040000</BSP>
    <MALT>60,400000</MALT>
    <XAUS>44,040000</XAUS>
    <XFRA>44,040000</XFRA>
  </Prezzi>
  <Prezzi>
    <Data>20150712</Data>
    <Mercato>MGP</Mercato>
    <Ora>11</Ora>
    <PUN>45,437550</PUN>
    <NAT>46,260000</NAT>
    <CNOR>44,640000</CNOR>
    <CSUD>44,640000</CSUD>
    <NORD>44,640000</NORD>
    <SARD>44,640000</SARD>
    <SICI>58,680000</SICI>
    <SUD>44,640000</SUD>
    <AUST>44,640000</AUST>
    <BRNN>44,640000</BRNN>
    <COAC>44,640000</COAC>
    <CORS>44,640000</CORS>
    <FOGN>44,640000</FOGN>
    <FRAN>44,640000</FRAN>
    <GREC>44,640000</GREC>
    <MFTV>44,640000</MFTV>
    <PRGP>58,680000</PRGP>
    <ROSN>44,640000</ROSN>
    <SLOV>44,640000</SLOV>
    <SVIZ>44,640000</SVIZ>
    <BSP>44,640000</BSP>
    <MALT>58,680000</MALT>
    <XAUS>44,640000</XAUS>
    <XFRA>44,640000</XFRA>
  </Prezzi>
  <Prezzi>
    <Data>20150712</Data>
    <Mercato>MGP</Mercato>
    <Ora>12</Ora>
    <PUN>45,304470</PUN>
    <NAT>44,790000</NAT>
    <CNOR>44,510000</CNOR>
    <CSUD>44,510000</CSUD>
    <NORD>44,510000</NORD>
    <SARD>44,510000</SARD>
    <SICI>58,680000</SICI>
    <SUD>44,510000</SUD>
    <AUST>44,510000</AUST>
    <BRNN>44,510000</BRNN>
    <COAC>44,510000</COAC>
    <CORS>44,510000</CORS>
    <FOGN>44,510000</FOGN>
    <FRAN>44,510000</FRAN>
    <GREC>44,510000</GREC>
    <MFTV>44,510000</MFTV>
    <PRGP>58,680000</PRGP>
    <ROSN>44,510000</ROSN>
    <SLOV>44,510000</SLOV>
    <SVIZ>44,510000</SVIZ>
    <BSP>44,510000</BSP>
    <MALT>58,680000</MALT>
    <XAUS>44,510000</XAUS>
    <XFRA>44,510000</XFRA>
  </Prezzi>
  <Prezzi>
    <Data>20150712</Data>
    <Mercato>MGP</Mercato>
    <Ora>13</Ora>
    <PUN>44,700000</PUN>
    <NAT>44,510000</NAT>
    <CNOR>43,935560</CNOR>
    <CSUD>43,935560</CSUD>
    <NORD>44,040000</NORD>
    <SARD>43,935560</SARD>
    <SICI>56,500000</SICI>
    <SUD>43,935560</SUD>
    <AUST>44,040000</AUST>
    <BRNN>43,935560</BRNN>
    <COAC>43,935560</COAC>
    <CORS>43,935560</CORS>
    <FOGN>43,935560</FOGN>
    <FRAN>44,040000</FRAN>
    <GREC>43,935560</GREC>
    <MFTV>44,040000</MFTV>
    <PRGP>56,500000</PRGP>
    <ROSN>43,935560</ROSN>
    <SLOV>44,040000</SLOV>
    <SVIZ>44,040000</SVIZ>
    <BSP>44,040000</BSP>
    <MALT>56,500000</MALT>
    <XAUS>44,040000</XAUS>
    <XFRA>44,040000</XFRA>
  </Prezzi>
  <Prezzi>
    <Data>20150712</Data>
    <Mercato>MGP</Mercato>
    <Ora>14</Ora>
    <PUN>42,097140</PUN>
    <NAT>41,580000</NAT>
    <CNOR>41,580000</CNOR>
    <CSUD>41,580000</CSUD>
    <NORD>41,580000</NORD>
    <SARD>41,580000</SARD>
    <SICI>50,990000</SICI>
    <SUD>41,580000</SUD>
    <AUST>41,580000</AUST>
    <BRNN>41,580000</BRNN>
    <COAC>41,580000</COAC>
    <CORS>41,580000</CORS>
    <FOGN>41,580000</FOGN>
    <FRAN>41,580000</FRAN>
    <GREC>41,580000</GREC>
    <MFTV>41,580000</MFTV>
    <PRGP>50,990000</PRGP>
    <ROSN>41,580000</ROSN>
    <SLOV>41,580000</SLOV>
    <SVIZ>41,580000</SVIZ>
    <BSP>41,580000</BSP>
    <MALT>50,990000</MALT>
    <XAUS>41,580000</XAUS>
    <XFRA>41,580000</XFRA>
  </Prezzi>
  <Prezzi>
    <Data>20150712</Data>
    <Mercato>MGP</Mercato>
    <Ora>15</Ora>
    <PUN>41,580000</PUN>
    <NAT>41,580000</NAT>
    <CNOR>41,580000</CNOR>
    <CSUD>41,580000</CSUD>
    <NORD>41,580000</NORD>
    <SARD>41,580000</SARD>
    <SICI>41,580000</SICI>
    <SUD>41,580000</SUD>
    <AUST>41,580000</AUST>
    <BRNN>41,580000</BRNN>
    <COAC>41,580000</COAC>
    <CORS>41,580000</CORS>
    <FOGN>41,580000</FOGN>
    <FRAN>41,580000</FRAN>
    <GREC>41,580000</GREC>
    <MFTV>41,580000</MFTV>
    <PRGP>41,580000</PRGP>
    <ROSN>41,580000</ROSN>
    <SLOV>41,580000</SLOV>
    <SVIZ>41,580000</SVIZ>
    <BSP>41,580000</BSP>
    <MALT>41,580000</MALT>
    <XAUS>41,580000</XAUS>
    <XFRA>41,580000</XFRA>
  </Prezzi>
  <Prezzi>
    <Data>20150712</Data>
    <Mercato>MGP</Mercato>
    <Ora>16</Ora>
    <PUN>44,022610</PUN>
    <NAT>43,070000</NAT>
    <CNOR>42,280000</CNOR>
    <CSUD>42,280000</CSUD>
    <NORD>44,790000</NORD>
    <SARD>42,280000</SARD>
    <SICI>48,990000</SICI>
    <SUD>42,280000</SUD>
    <AUST>44,790000</AUST>
    <BRNN>42,280000</BRNN>
    <COAC>42,280000</COAC>
    <CORS>42,280000</CORS>
    <FOGN>42,280000</FOGN>
    <FRAN>44,790000</FRAN>
    <GREC>42,280000</GREC>
    <MFTV>44,790000</MFTV>
    <PRGP>48,990000</PRGP>
    <ROSN>42,280000</ROSN>
    <SLOV>44,790000</SLOV>
    <SVIZ>44,790000</SVIZ>
    <BSP>44,790000</BSP>
    <MALT>48,990000</MALT>
    <XAUS>44,790000</XAUS>
    <XFRA>44,790000</XFRA>
  </Prezzi>
  <Prezzi>
    <Data>20150712</Data>
    <Mercato>MGP</Mercato>
    <Ora>17</Ora>
    <PUN>45,837430</PUN>
    <NAT>45,070000</NAT>
    <CNOR>44,640000</CNOR>
    <CSUD>44,640000</CSUD>
    <NORD>45,650000</NORD>
    <SARD>44,640000</SARD>
    <SICI>56,500000</SICI>
    <SUD>44,640000</SUD>
    <AUST>45,650000</AUST>
    <BRNN>44,640000</BRNN>
    <COAC>44,640000</COAC>
    <CORS>44,640000</CORS>
    <FOGN>44,640000</FOGN>
    <FRAN>45,650000</FRAN>
    <GREC>44,640000</GREC>
    <MFTV>45,650000</MFTV>
    <PRGP>56,500000</PRGP>
    <ROSN>44,640000</ROSN>
    <SLOV>45,650000</SLOV>
    <SVIZ>45,650000</SVIZ>
    <BSP>45,650000</BSP>
    <MALT>56,500000</MALT>
    <XAUS>45,650000</XAUS>
    <XFRA>45,650000</XFRA>
  </Prezzi>
  <Prezzi>
    <Data>20150712</Data>
    <Mercato>MGP</Mercato>
    <Ora>18</Ora>
    <PUN>47,653350</PUN>
    <NAT>47,300000</NAT>
    <CNOR>47,010000</CNOR>
    <CSUD>47,010000</CSUD>
    <NORD>47,010000</NORD>
    <SARD>47,010000</SARD>
    <SICI>58,680000</SICI>
    <SUD>47,010000</SUD>
    <AUST>47,010000</AUST>
    <BRNN>47,010000</BRNN>
    <COAC>47,010000</COAC>
    <CORS>47,010000</CORS>
    <FOGN>47,010000</FOGN>
    <FRAN>47,010000</FRAN>
    <GREC>47,010000</GREC>
    <MFTV>47,010000</MFTV>
    <PRGP>58,680000</PRGP>
    <ROSN>47,010000</ROSN>
    <SLOV>47,010000</SLOV>
    <SVIZ>47,010000</SVIZ>
    <BSP>47,010000</BSP>
    <MALT>58,680000</MALT>
    <XAUS>47,010000</XAUS>
    <XFRA>47,010000</XFRA>
  </Prezzi>
  <Prezzi>
    <Data>20150712</Data>
    <Mercato>MGP</Mercato>
    <Ora>19</Ora>
    <PUN>48,326550</PUN>
    <NAT>51,940000</NAT>
    <CNOR>47,600000</CNOR>
    <CSUD>47,600000</CSUD>
    <NORD>47,600000</NORD>
    <SARD>47,600000</SARD>
    <SICI>60,560000</SICI>
    <SUD>47,600000</SUD>
    <AUST>47,600000</AUST>
    <BRNN>47,600000</BRNN>
    <COAC>47,600000</COAC>
    <CORS>47,600000</CORS>
    <FOGN>47,600000</FOGN>
    <FRAN>47,600000</FRAN>
    <GREC>47,600000</GREC>
    <MFTV>47,600000</MFTV>
    <PRGP>60,560000</PRGP>
    <ROSN>47,600000</ROSN>
    <SLOV>47,600000</SLOV>
    <SVIZ>47,600000</SVIZ>
    <BSP>47,600000</BSP>
    <MALT>60,560000</MALT>
    <XAUS>47,600000</XAUS>
    <XFRA>47,600000</XFRA>
  </Prezzi>
  <Prezzi>
    <Data>20150712</Data>
    <Mercato>MGP</Mercato>
    <Ora>20</Ora>
    <PUN>55,308520</PUN>
    <NAT>56,500000</NAT>
    <CNOR>55,000000</CNOR>
    <CSUD>55,000000</CSUD>
    <NORD>55,000000</NORD>
    <SARD>55,000000</SARD>
    <SICI>60,560000</SICI>
    <SUD>55,000000</SUD>
    <AUST>55,000000</AUST>
    <BRNN>55,000000</BRNN>
    <COAC>55,000000</COAC>
    <CORS>55,000000</CORS>
    <FOGN>55,000000</FOGN>
    <FRAN>55,000000</FRAN>
    <GREC>55,000000</GREC>
    <MFTV>55,000000</MFTV>
    <PRGP>60,560000</PRGP>
    <ROSN>55,000000</ROSN>
    <SLOV>55,000000</SLOV>
    <SVIZ>55,000000</SVIZ>
    <BSP>55,000000</BSP>
    <MALT>60,560000</MALT>
    <XAUS>55,000000</XAUS>
    <XFRA>55,000000</XFRA>
  </Prezzi>
  <Prezzi>
    <Data>20150712</Data>
    <Mercato>MGP</Mercato>
    <Ora>21</Ora>
    <PUN>60,551110</PUN>
    <NAT>60,560000</NAT>
    <CNOR>60,000000</CNOR>
    <CSUD>60,000000</CSUD>
    <NORD>60,000000</NORD>
    <SARD>60,000000</SARD>
    <SICI>68,990000</SICI>
    <SUD>60,000000</SUD>
    <AUST>60,000000</AUST>
    <BRNN>60,000000</BRNN>
    <COAC>60,000000</COAC>
    <CORS>60,000000</CORS>
    <FOGN>60,000000</FOGN>
    <FRAN>60,000000</FRAN>
    <GREC>60,000000</GREC>
    <MFTV>60,000000</MFTV>
    <PRGP>68,990000</PRGP>
    <ROSN>60,000000</ROSN>
    <SLOV>60,000000</SLOV>
    <SVIZ>60,000000</SVIZ>
    <BSP>60,000000</BSP>
    <MALT>68,990000</MALT>
    <XAUS>60,000000</XAUS>
    <XFRA>60,000000</XFRA>
  </Prezzi>
  <Prezzi>
    <Data>20150712</Data>
    <Mercato>MGP</Mercato>
    <Ora>22</Ora>
    <PUN>69,000280</PUN>
    <NAT>67,970000</NAT>
    <CNOR>67,000000</CNOR>
    <CSUD>67,000000</CSUD>
    <NORD>67,000000</NORD>
    <SARD>67,000000</SARD>
    <SICI>99,420000</SICI>
    <SUD>67,000000</SUD>
    <AUST>67,000000</AUST>
    <BRNN>67,000000</BRNN>
    <COAC>67,000000</COAC>
    <CORS>67,000000</CORS>
    <FOGN>67,000000</FOGN>
    <FRAN>67,000000</FRAN>
    <GREC>67,000000</GREC>
    <MFTV>67,000000</MFTV>
    <PRGP>99,420000</PRGP>
    <ROSN>67,000000</ROSN>
    <SLOV>67,000000</SLOV>
    <SVIZ>67,000000</SVIZ>
    <BSP>67,000000</BSP>
    <MALT>99,420000</MALT>
    <XAUS>67,000000</XAUS>
    <XFRA>67,000000</XFRA>
  </Prezzi>
  <Prezzi>
    <Data>20150712</Data>
    <Mercato>MGP</Mercato>
    <Ora>23</Ora>
    <PUN>60,560000</PUN>
    <NAT>60,560000</NAT>
    <CNOR>60,560000</CNOR>
    <CSUD>60,560000</CSUD>
    <NORD>60,560000</NORD>
    <SARD>60,560000</SARD>
    <SICI>60,560000</SICI>
    <SUD>60,560000</SUD>
    <AUST>60,560000</AUST>
    <BRNN>60,560000</BRNN>
    <COAC>60,560000</COAC>
    <CORS>60,560000</CORS>
    <FOGN>60,560000</FOGN>
    <FRAN>60,560000</FRAN>
    <GREC>60,560000</GREC>
    <MFTV>60,560000</MFTV>
    <PRGP>60,560000</PRGP>
    <ROSN>60,560000</ROSN>
    <SLOV>60,560000</SLOV>
    <SVIZ>60,560000</SVIZ>
    <BSP>60,560000</BSP>
    <MALT>60,560000</MALT>
    <XAUS>60,560000</XAUS>
    <XFRA>60,560000</XFRA>
  </Prezzi>
  <Prezzi>
    <Data>20150712</Data>
    <Mercato>MGP</Mercato>
    <Ora>24</Ora>
    <PUN>54,250000</PUN>
    <NAT>55,130000</NAT>
    <CNOR>53,875310</CNOR>
    <CSUD>53,875310</CSUD>
    <NORD>53,875310</NORD>
    <SARD>53,875310</SARD>
    <SICI>60,560000</SICI>
    <SUD>53,875310</SUD>
    <AUST>53,875310</AUST>
    <BRNN>53,875310</BRNN>
    <COAC>53,875310</COAC>
    <CORS>53,875310</CORS>
    <FOGN>53,875310</FOGN>
    <FRAN>53,875310</FRAN>
    <GREC>53,875310</GREC>
    <MFTV>53,875310</MFTV>
    <PRGP>60,560000</PRGP>
    <ROSN>53,875310</ROSN>
    <SLOV>53,875310</SLOV>
    <SVIZ>53,875310</SVIZ>
    <BSP>53,875310</BSP>
    <MALT>60,560000</MALT>
    <XAUS>53,875310</XAUS>
    <XFRA>53,875310</XFRA>
  </Prezzi>
</NewDataSet>