<?xml version="1.0" standalone="yes"?>
<NewDataSet>
  <xs:schema id="NewDataSet" xmlns="" xmlns:xs="http://www.w3.org/2001/XMLSchema" xmlns:msdata="urn:schemas-microsoft-com:xml-msdata">
    <xs:element name="NewDataSet" msdata:IsDataSet="true" msdata:UseCurrentLocale="true">
      <xs:complexType>
        <xs:choice minOccurs="0" maxOccurs="unbounded">
          <xs:element name="Prezzi">
            <xs:complexType>
              <xs:sequence>
                <xs:element name="Data" type="xs:string" minOccurs="0" />
                <xs:element name="Mercato" type="xs:string" minOccurs="0" />
                <xs:element name="Ora" type="xs:string" minOccurs="0" />
                <xs:element name="PUN" type="xs:string" minOccurs="0" />
                <xs:element name="NAT" type="xs:string" minOccurs="0" />
                <xs:element name="CNOR" type="xs:string" minOccurs="0" />
                <xs:element name="CSUD" type="xs:string" minOccurs="0" />
                <xs:element name="NORD" type="xs:string" minOccurs="0" />
                <xs:element name="SARD" type="xs:string" minOccurs="0" />
                <xs:element name="SICI" type="xs:string" minOccurs="0" />
                <xs:element name="SUD" type="xs:string" minOccurs="0" />
                <xs:element name="AUST" type="xs:string" minOccurs="0" />
                <xs:element name="BRNN" type="xs:string" minOccurs="0" />
                <xs:element name="COAC" type="xs:string" minOccurs="0" />
                <xs:element name="CORS" type="xs:string" minOccurs="0" />
                <xs:element name="FOGN" type="xs:string" minOccurs="0" />
                <xs:element name="FRAN" type="xs:string" minOccurs="0" />
                <xs:element name="GREC" type="xs:string" minOccurs="0" />
                <xs:element name="MFTV" type="xs:string" minOccurs="0" />
                <xs:element name="PRGP" type="xs:string" minOccurs="0" />
                <xs:element name="ROSN" type="xs:string" minOccurs="0" />
                <xs:element name="SLOV" type="xs:string" minOccurs="0" />
                <xs:element name="SVIZ" type="xs:string" minOccurs="0" />
                <xs:element name="BSP" type="xs:string" minOccurs="0" />
                <xs:element name="MALT" type="xs:string" minOccurs="0" />
                <xs:element name="XAUS" type="xs:string" minOccurs="0" />
                <xs:element name="XFRA" type="xs:string" minOccurs="0" />
              </xs:sequence>
            </xs:complexType>
          </xs:element>
        </xs:choice>
      </xs:complexType>
    </xs:element>
  </xs:schema>
  <Prezzi>
    <Data>20150723</Data>
    <Mercato>MGP</Mercato>
    <Ora>1</Ora>
    <PUN>111,930680</PUN>
    <NAT>112,330000</NAT>
    <CNOR>112,360000</CNOR>
    <CSUD>112,360000</CSUD>
    <NORD>112,360000</NORD>
    <SARD>112,360000</SARD>
    <SICI>105,610000</SICI>
    <SUD>112,360000</SUD>
    <AUST>112,360000</AUST>
    <BRNN>112,360000</BRNN>
    <COAC>112,360000</COAC>
    <CORS>112,360000</CORS>
    <FOGN>112,360000</FOGN>
    <FRAN>112,360000</FRAN>
    <GREC>112,360000</GREC>
    <MFTV>112,360000</MFTV>
    <PRGP>105,610000</PRGP>
    <ROSN>112,360000</ROSN>
    <SLOV>112,360000</SLOV>
    <SVIZ>112,360000</SVIZ>
    <BSP>112,360000</BSP>
    <MALT>105,610000</MALT>
    <XAUS>112,360000</XAUS>
    <XFRA>112,360000</XFRA>
  </Prezzi>
  <Prezzi>
    <Data>20150723</Data>
    <Mercato>MGP</Mercato>
    <Ora>2</Ora>
    <PUN>111,130690</PUN>
    <NAT>111,060000</NAT>
    <CNOR>111,610000</CNOR>
    <CSUD>111,610000</CSUD>
    <NORD>111,610000</NORD>
    <SARD>111,610000</SARD>
    <SICI>104,010000</SICI>
    <SUD>111,610000</SUD>
    <AUST>111,610000</AUST>
    <BRNN>111,610000</BRNN>
    <COAC>111,610000</COAC>
    <CORS>111,610000</CORS>
    <FOGN>111,610000</FOGN>
    <FRAN>111,610000</FRAN>
    <GREC>111,610000</GREC>
    <MFTV>111,610000</MFTV>
    <PRGP>104,010000</PRGP>
    <ROSN>111,610000</ROSN>
    <SLOV>111,610000</SLOV>
    <SVIZ>111,610000</SVIZ>
    <BSP>111,610000</BSP>
    <MALT>104,010000</MALT>
    <XAUS>111,610000</XAUS>
    <XFRA>111,610000</XFRA>
  </Prezzi>
  <Prezzi>
    <Data>20150723</Data>
    <Mercato>MGP</Mercato>
    <Ora>3</Ora>
    <PUN>109,129210</PUN>
    <NAT>109,000000</NAT>
    <CNOR>110,000000</CNOR>
    <CSUD>110,000000</CSUD>
    <NORD>110,000000</NORD>
    <SARD>110,000000</SARD>
    <SICI>96,220000</SICI>
    <SUD>110,000000</SUD>
    <AUST>110,000000</AUST>
    <BRNN>110,000000</BRNN>
    <COAC>110,000000</COAC>
    <CORS>110,000000</CORS>
    <FOGN>110,000000</FOGN>
    <FRAN>110,000000</FRAN>
    <GREC>110,000000</GREC>
    <MFTV>110,000000</MFTV>
    <PRGP>96,220000</PRGP>
    <ROSN>110,000000</ROSN>
    <SLOV>110,000000</SLOV>
    <SVIZ>110,000000</SVIZ>
    <BSP>110,000000</BSP>
    <MALT>96,220000</MALT>
    <XAUS>110,000000</XAUS>
    <XFRA>110,000000</XFRA>
  </Prezzi>
  <Prezzi>
    <Data>20150723</Data>
    <Mercato>MGP</Mercato>
    <Ora>4</Ora>
    <PUN>96,190000</PUN>
    <NAT>96,190000</NAT>
    <CNOR>96,190000</CNOR>
    <CSUD>96,190000</CSUD>
    <NORD>96,190000</NORD>
    <SARD>96,190000</SARD>
    <SICI>96,190000</SICI>
    <SUD>96,190000</SUD>
    <AUST>96,190000</AUST>
    <BRNN>96,190000</BRNN>
    <COAC>96,190000</COAC>
    <CORS>96,190000</CORS>
    <FOGN>96,190000</FOGN>
    <FRAN>96,190000</FRAN>
    <GREC>96,190000</GREC>
    <MFTV>96,190000</MFTV>
    <PRGP>96,190000</PRGP>
    <ROSN>96,190000</ROSN>
    <SLOV>96,190000</SLOV>
    <SVIZ>96,190000</SVIZ>
    <BSP>96,190000</BSP>
    <MALT>96,190000</MALT>
    <XAUS>96,190000</XAUS>
    <XFRA>96,190000</XFRA>
  </Prezzi>
  <Prezzi>
    <Data>20150723</Data>
    <Mercato>MGP</Mercato>
    <Ora>5</Ora>
    <PUN>95,910000</PUN>
    <NAT>95,910000</NAT>
    <CNOR>95,910000</CNOR>
    <CSUD>95,910000</CSUD>
    <NORD>95,910000</NORD>
    <SARD>95,910000</SARD>
    <SICI>95,910000</SICI>
    <SUD>95,910000</SUD>
    <AUST>95,910000</AUST>
    <BRNN>95,910000</BRNN>
    <COAC>95,910000</COAC>
    <CORS>95,910000</CORS>
    <FOGN>95,910000</FOGN>
    <FRAN>95,910000</FRAN>
    <GREC>95,910000</GREC>
    <MFTV>95,910000</MFTV>
    <PRGP>95,910000</PRGP>
    <ROSN>95,910000</ROSN>
    <SLOV>95,910000</SLOV>
    <SVIZ>95,910000</SVIZ>
    <BSP>95,910000</BSP>
    <MALT>95,910000</MALT>
    <XAUS>95,910000</XAUS>
    <XFRA>95,910000</XFRA>
  </Prezzi>
  <Prezzi>
    <Data>20150723</Data>
    <Mercato>MGP</Mercato>
    <Ora>6</Ora>
    <PUN>96,190000</PUN>
    <NAT>96,190000</NAT>
    <CNOR>96,190000</CNOR>
    <CSUD>96,190000</CSUD>
    <NORD>96,190000</NORD>
    <SARD>96,190000</SARD>
    <SICI>96,190000</SICI>
    <SUD>96,190000</SUD>
    <AUST>96,190000</AUST>
    <BRNN>96,190000</BRNN>
    <COAC>96,190000</COAC>
    <CORS>96,190000</CORS>
    <FOGN>96,190000</FOGN>
    <FRAN>96,190000</FRAN>
    <GREC>96,190000</GREC>
    <MFTV>96,190000</MFTV>
    <PRGP>96,190000</PRGP>
    <ROSN>96,190000</ROSN>
    <SLOV>96,190000</SLOV>
    <SVIZ>96,190000</SVIZ>
    <BSP>96,190000</BSP>
    <MALT>96,190000</MALT>
    <XAUS>96,190000</XAUS>
    <XFRA>96,190000</XFRA>
  </Prezzi>
  <Prezzi>
    <Data>20150723</Data>
    <Mercato>MGP</Mercato>
    <Ora>7</Ora>
    <PUN>110,260000</PUN>
    <NAT>110,000000</NAT>
    <CNOR>111,141420</CNOR>
    <CSUD>111,141420</CSUD>
    <NORD>111,141420</NORD>
    <SARD>111,141420</SARD>
    <SICI>96,190000</SICI>
    <SUD>111,141420</SUD>
    <AUST>111,141420</AUST>
    <BRNN>111,141420</BRNN>
    <COAC>111,141420</COAC>
    <CORS>111,141420</CORS>
    <FOGN>111,141420</FOGN>
    <FRAN>111,141420</FRAN>
    <GREC>111,141420</GREC>
    <MFTV>111,141420</MFTV>
    <PRGP>96,190000</PRGP>
    <ROSN>111,141420</ROSN>
    <SLOV>111,141420</SLOV>
    <SVIZ>111,141420</SVIZ>
    <BSP>111,141420</BSP>
    <MALT>96,190000</MALT>
    <XAUS>111,141420</XAUS>
    <XFRA>111,141420</XFRA>
  </Prezzi>
  <Prezzi>
    <Data>20150723</Data>
    <Mercato>MGP</Mercato>
    <Ora>8</Ora>
    <PUN>139,883000</PUN>
    <NAT>141,610000</NAT>
    <CNOR>142,050000</CNOR>
    <CSUD>142,050000</CSUD>
    <NORD>142,050000</NORD>
    <SARD>142,050000</SARD>
    <SICI>103,010000</SICI>
    <SUD>142,050000</SUD>
    <AUST>142,050000</AUST>
    <BRNN>142,050000</BRNN>
    <COAC>142,050000</COAC>
    <CORS>142,050000</CORS>
    <FOGN>142,050000</FOGN>
    <FRAN>142,050000</FRAN>
    <GREC>142,050000</GREC>
    <MFTV>142,050000</MFTV>
    <PRGP>103,010000</PRGP>
    <ROSN>103,010000</ROSN>
    <SLOV>142,050000</SLOV>
    <SVIZ>142,050000</SVIZ>
    <BSP>142,050000</BSP>
    <MALT>103,010000</MALT>
    <XAUS>142,050000</XAUS>
    <XFRA>142,050000</XFRA>
  </Prezzi>
  <Prezzi>
    <Data>20150723</Data>
    <Mercato>MGP</Mercato>
    <Ora>9</Ora>
    <PUN>144,460000</PUN>
    <NAT>139,820000</NAT>
    <CNOR>146,240840</CNOR>
    <CSUD>146,240840</CSUD>
    <NORD>146,240840</NORD>
    <SARD>146,240840</SARD>
    <SICI>114,480000</SICI>
    <SUD>146,240840</SUD>
    <AUST>146,240840</AUST>
    <BRNN>146,240840</BRNN>
    <COAC>146,240840</COAC>
    <CORS>146,240840</CORS>
    <FOGN>146,240840</FOGN>
    <FRAN>146,240840</FRAN>
    <GREC>146,240840</GREC>
    <MFTV>146,240840</MFTV>
    <PRGP>114,480000</PRGP>
    <ROSN>114,480000</ROSN>
    <SLOV>146,240840</SLOV>
    <SVIZ>146,240840</SVIZ>
    <BSP>146,240840</BSP>
    <MALT>114,480000</MALT>
    <XAUS>146,240840</XAUS>
    <XFRA>146,240840</XFRA>
  </Prezzi>
  <Prezzi>
    <Data>20150723</Data>
    <Mercato>MGP</Mercato>
    <Ora>10</Ora>
    <PUN>144,570000</PUN>
    <NAT>139,820000</NAT>
    <CNOR>146,329290</CNOR>
    <CSUD>146,329290</CSUD>
    <NORD>146,329290</NORD>
    <SARD>146,329290</SARD>
    <SICI>115,450000</SICI>
    <SUD>146,329290</SUD>
    <AUST>146,329290</AUST>
    <BRNN>146,329290</BRNN>
    <COAC>146,329290</COAC>
    <CORS>146,329290</CORS>
    <FOGN>146,329290</FOGN>
    <FRAN>146,329290</FRAN>
    <GREC>146,329290</GREC>
    <MFTV>146,329290</MFTV>
    <PRGP>115,450000</PRGP>
    <ROSN>115,450000</ROSN>
    <SLOV>146,329290</SLOV>
    <SVIZ>146,329290</SVIZ>
    <BSP>146,329290</BSP>
    <MALT>115,450000</MALT>
    <XAUS>146,329290</XAUS>
    <XFRA>146,329290</XFRA>
  </Prezzi>
  <Prezzi>
    <Data>20150723</Data>
    <Mercato>MGP</Mercato>
    <Ora>11</Ora>
    <PUN>135,666510</PUN>
    <NAT>137,050000</NAT>
    <CNOR>137,330000</CNOR>
    <CSUD>137,330000</CSUD>
    <NORD>137,330000</NORD>
    <SARD>137,330000</SARD>
    <SICI>108,010000</SICI>
    <SUD>137,330000</SUD>
    <AUST>137,330000</AUST>
    <BRNN>137,330000</BRNN>
    <COAC>137,330000</COAC>
    <CORS>137,330000</CORS>
    <FOGN>137,330000</FOGN>
    <FRAN>137,330000</FRAN>
    <GREC>137,330000</GREC>
    <MFTV>137,330000</MFTV>
    <PRGP>108,010000</PRGP>
    <ROSN>108,010000</ROSN>
    <SLOV>137,330000</SLOV>
    <SVIZ>137,330000</SVIZ>
    <BSP>137,330000</BSP>
    <MALT>108,010000</MALT>
    <XAUS>137,330000</XAUS>
    <XFRA>137,330000</XFRA>
  </Prezzi>
  <Prezzi>
    <Data>20150723</Data>
    <Mercato>MGP</Mercato>
    <Ora>12</Ora>
    <PUN>132,324330</PUN>
    <NAT>133,020000</NAT>
    <CNOR>132,360000</CNOR>
    <CSUD>132,360000</CSUD>
    <NORD>134,820000</NORD>
    <SARD>132,360000</SARD>
    <SICI>105,610000</SICI>
    <SUD>132,360000</SUD>
    <AUST>134,820000</AUST>
    <BRNN>132,360000</BRNN>
    <COAC>132,360000</COAC>
    <CORS>132,360000</CORS>
    <FOGN>132,360000</FOGN>
    <FRAN>134,820000</FRAN>
    <GREC>132,360000</GREC>
    <MFTV>134,820000</MFTV>
    <PRGP>105,610000</PRGP>
    <ROSN>105,610000</ROSN>
    <SLOV>134,820000</SLOV>
    <SVIZ>134,820000</SVIZ>
    <BSP>134,820000</BSP>
    <MALT>105,610000</MALT>
    <XAUS>134,820000</XAUS>
    <XFRA>134,820000</XFRA>
  </Prezzi>
  <Prezzi>
    <Data>20150723</Data>
    <Mercato>MGP</Mercato>
    <Ora>13</Ora>
    <PUN>126,058100</PUN>
    <NAT>127,050000</NAT>
    <CNOR>127,330000</CNOR>
    <CSUD>127,330000</CSUD>
    <NORD>127,330000</NORD>
    <SARD>127,330000</SARD>
    <SICI>105,410000</SICI>
    <SUD>127,330000</SUD>
    <AUST>127,330000</AUST>
    <BRNN>127,330000</BRNN>
    <COAC>127,330000</COAC>
    <CORS>127,330000</CORS>
    <FOGN>127,330000</FOGN>
    <FRAN>127,330000</FRAN>
    <GREC>127,330000</GREC>
    <MFTV>127,330000</MFTV>
    <PRGP>105,410000</PRGP>
    <ROSN>105,410000</ROSN>
    <SLOV>127,330000</SLOV>
    <SVIZ>127,330000</SVIZ>
    <BSP>127,330000</BSP>
    <MALT>105,410000</MALT>
    <XAUS>127,330000</XAUS>
    <XFRA>127,330000</XFRA>
  </Prezzi>
  <Prezzi>
    <Data>20150723</Data>
    <Mercato>MGP</Mercato>
    <Ora>14</Ora>
    <PUN>135,000000</PUN>
    <NAT>133,790000</NAT>
    <CNOR>129,334520</CNOR>
    <CSUD>129,334520</CSUD>
    <NORD>141,610000</NORD>
    <SARD>129,334520</SARD>
    <SICI>103,010000</SICI>
    <SUD>129,334520</SUD>
    <AUST>141,610000</AUST>
    <BRNN>129,334520</BRNN>
    <COAC>129,334520</COAC>
    <CORS>129,334520</CORS>
    <FOGN>129,334520</FOGN>
    <FRAN>141,610000</FRAN>
    <GREC>129,334520</GREC>
    <MFTV>141,610000</MFTV>
    <PRGP>103,010000</PRGP>
    <ROSN>103,010000</ROSN>
    <SLOV>141,610000</SLOV>
    <SVIZ>141,610000</SVIZ>
    <BSP>141,610000</BSP>
    <MALT>103,010000</MALT>
    <XAUS>141,610000</XAUS>
    <XFRA>141,610000</XFRA>
  </Prezzi>
  <Prezzi>
    <Data>20150723</Data>
    <Mercato>MGP</Mercato>
    <Ora>15</Ora>
    <PUN>140,697730</PUN>
    <NAT>142,050000</NAT>
    <CNOR>142,360000</CNOR>
    <CSUD>142,360000</CSUD>
    <NORD>143,020000</NORD>
    <SARD>142,360000</SARD>
    <SICI>105,410000</SICI>
    <SUD>142,360000</SUD>
    <AUST>143,020000</AUST>
    <BRNN>142,360000</BRNN>
    <COAC>142,360000</COAC>
    <CORS>142,360000</CORS>
    <FOGN>142,360000</FOGN>
    <FRAN>143,020000</FRAN>
    <GREC>142,360000</GREC>
    <MFTV>143,020000</MFTV>
    <PRGP>105,410000</PRGP>
    <ROSN>105,410000</ROSN>
    <SLOV>143,020000</SLOV>
    <SVIZ>143,020000</SVIZ>
    <BSP>143,020000</BSP>
    <MALT>105,410000</MALT>
    <XAUS>143,020000</XAUS>
    <XFRA>143,020000</XFRA>
  </Prezzi>
  <Prezzi>
    <Data>20150723</Data>
    <Mercato>MGP</Mercato>
    <Ora>16</Ora>
    <PUN>140,449060</PUN>
    <NAT>142,330000</NAT>
    <CNOR>143,020000</CNOR>
    <CSUD>143,020000</CSUD>
    <NORD>143,020000</NORD>
    <SARD>143,020000</SARD>
    <SICI>96,220000</SICI>
    <SUD>143,020000</SUD>
    <AUST>143,020000</AUST>
    <BRNN>143,020000</BRNN>
    <COAC>143,020000</COAC>
    <CORS>143,020000</CORS>
    <FOGN>143,020000</FOGN>
    <FRAN>143,020000</FRAN>
    <GREC>143,020000</GREC>
    <MFTV>143,020000</MFTV>
    <PRGP>96,220000</PRGP>
    <ROSN>96,220000</ROSN>
    <SLOV>143,020000</SLOV>
    <SVIZ>143,020000</SVIZ>
    <BSP>143,020000</BSP>
    <MALT>96,220000</MALT>
    <XAUS>143,020000</XAUS>
    <XFRA>143,020000</XFRA>
  </Prezzi>
  <Prezzi>
    <Data>20150723</Data>
    <Mercato>MGP</Mercato>
    <Ora>17</Ora>
    <PUN>137,159880</PUN>
    <NAT>138,020000</NAT>
    <CNOR>137,360000</CNOR>
    <CSUD>137,360000</CSUD>
    <NORD>140,010000</NORD>
    <SARD>137,360000</SARD>
    <SICI>105,610000</SICI>
    <SUD>137,360000</SUD>
    <AUST>140,010000</AUST>
    <BRNN>137,360000</BRNN>
    <COAC>137,360000</COAC>
    <CORS>137,360000</CORS>
    <FOGN>137,360000</FOGN>
    <FRAN>140,010000</FRAN>
    <GREC>137,360000</GREC>
    <MFTV>140,010000</MFTV>
    <PRGP>105,610000</PRGP>
    <ROSN>105,610000</ROSN>
    <SLOV>140,010000</SLOV>
    <SVIZ>140,010000</SVIZ>
    <BSP>140,010000</BSP>
    <MALT>105,610000</MALT>
    <XAUS>140,010000</XAUS>
    <XFRA>140,010000</XFRA>
  </Prezzi>
  <Prezzi>
    <Data>20150723</Data>
    <Mercato>MGP</Mercato>
    <Ora>18</Ora>
    <PUN>136,447900</PUN>
    <NAT>137,360000</NAT>
    <CNOR>137,360000</CNOR>
    <CSUD>137,360000</CSUD>
    <NORD>138,020000</NORD>
    <SARD>137,360000</SARD>
    <SICI>115,000000</SICI>
    <SUD>137,360000</SUD>
    <AUST>138,020000</AUST>
    <BRNN>137,360000</BRNN>
    <COAC>137,360000</COAC>
    <CORS>137,360000</CORS>
    <FOGN>137,360000</FOGN>
    <FRAN>138,020000</FRAN>
    <GREC>137,360000</GREC>
    <MFTV>138,020000</MFTV>
    <PRGP>115,000000</PRGP>
    <ROSN>115,000000</ROSN>
    <SLOV>138,020000</SLOV>
    <SVIZ>138,020000</SVIZ>
    <BSP>138,020000</BSP>
    <MALT>115,000000</MALT>
    <XAUS>138,020000</XAUS>
    <XFRA>138,020000</XFRA>
  </Prezzi>
  <Prezzi>
    <Data>20150723</Data>
    <Mercato>MGP</Mercato>
    <Ora>19</Ora>
    <PUN>138,413850</PUN>
    <NAT>138,020000</NAT>
    <CNOR>139,820000</CNOR>
    <CSUD>139,820000</CSUD>
    <NORD>139,820000</NORD>
    <SARD>139,820000</SARD>
    <SICI>116,320000</SICI>
    <SUD>139,820000</SUD>
    <AUST>139,820000</AUST>
    <BRNN>139,820000</BRNN>
    <COAC>139,820000</COAC>
    <CORS>139,820000</CORS>
    <FOGN>139,820000</FOGN>
    <FRAN>139,820000</FRAN>
    <GREC>139,820000</GREC>
    <MFTV>139,820000</MFTV>
    <PRGP>116,320000</PRGP>
    <ROSN>116,320000</ROSN>
    <SLOV>139,820000</SLOV>
    <SVIZ>139,820000</SVIZ>
    <BSP>139,820000</BSP>
    <MALT>116,320000</MALT>
    <XAUS>139,820000</XAUS>
    <XFRA>139,820000</XFRA>
  </Prezzi>
  <Prezzi>
    <Data>20150723</Data>
    <Mercato>MGP</Mercato>
    <Ora>20</Ora>
    <PUN>136,784110</PUN>
    <NAT>138,020000</NAT>
    <CNOR>138,020000</CNOR>
    <CSUD>138,020000</CSUD>
    <NORD>138,020000</NORD>
    <SARD>138,020000</SARD>
    <SICI>117,900000</SICI>
    <SUD>138,020000</SUD>
    <AUST>138,020000</AUST>
    <BRNN>138,020000</BRNN>
    <COAC>138,020000</COAC>
    <CORS>138,020000</CORS>
    <FOGN>138,020000</FOGN>
    <FRAN>138,020000</FRAN>
    <GREC>138,020000</GREC>
    <MFTV>138,020000</MFTV>
    <PRGP>117,900000</PRGP>
    <ROSN>117,900000</ROSN>
    <SLOV>138,020000</SLOV>
    <SVIZ>138,020000</SVIZ>
    <BSP>138,020000</BSP>
    <MALT>117,900000</MALT>
    <XAUS>138,020000</XAUS>
    <XFRA>138,020000</XFRA>
  </Prezzi>
  <Prezzi>
    <Data>20150723</Data>
    <Mercato>MGP</Mercato>
    <Ora>21</Ora>
    <PUN>137,272100</PUN>
    <NAT>138,020000</NAT>
    <CNOR>138,020000</CNOR>
    <CSUD>138,020000</CSUD>
    <NORD>138,020000</NORD>
    <SARD>138,020000</SARD>
    <SICI>126,310000</SICI>
    <SUD>138,020000</SUD>
    <AUST>138,020000</AUST>
    <BRNN>138,020000</BRNN>
    <COAC>138,020000</COAC>
    <CORS>138,020000</CORS>
    <FOGN>138,020000</FOGN>
    <FRAN>138,020000</FRAN>
    <GREC>138,020000</GREC>
    <MFTV>138,020000</MFTV>
    <PRGP>126,310000</PRGP>
    <ROSN>126,310000</ROSN>
    <SLOV>138,020000</SLOV>
    <SVIZ>138,020000</SVIZ>
    <BSP>138,020000</BSP>
    <MALT>126,310000</MALT>
    <XAUS>138,020000</XAUS>
    <XFRA>138,020000</XFRA>
  </Prezzi>
  <Prezzi>
    <Data>20150723</Data>
    <Mercato>MGP</Mercato>
    <Ora>22</Ora>
    <PUN>137,281700</PUN>
    <NAT>137,360000</NAT>
    <CNOR>138,020000</CNOR>
    <CSUD>138,020000</CSUD>
    <NORD>138,020000</NORD>
    <SARD>138,020000</SARD>
    <SICI>126,310000</SICI>
    <SUD>138,020000</SUD>
    <AUST>138,020000</AUST>
    <BRNN>138,020000</BRNN>
    <COAC>138,020000</COAC>
    <CORS>138,020000</CORS>
    <FOGN>138,020000</FOGN>
    <FRAN>138,020000</FRAN>
    <GREC>138,020000</GREC>
    <MFTV>138,020000</MFTV>
    <PRGP>126,310000</PRGP>
    <ROSN>126,310000</ROSN>
    <SLOV>138,020000</SLOV>
    <SVIZ>138,020000</SVIZ>
    <BSP>138,020000</BSP>
    <MALT>126,310000</MALT>
    <XAUS>138,020000</XAUS>
    <XFRA>138,020000</XFRA>
  </Prezzi>
  <Prezzi>
    <Data>20150723</Data>
    <Mercato>MGP</Mercato>
    <Ora>23</Ora>
    <PUN>135,188580</PUN>
    <NAT>135,000000</NAT>
    <CNOR>136,610000</CNOR>
    <CSUD>136,610000</CSUD>
    <NORD>136,610000</NORD>
    <SARD>136,610000</SARD>
    <SICI>114,480000</SICI>
    <SUD>136,610000</SUD>
    <AUST>136,610000</AUST>
    <BRNN>136,610000</BRNN>
    <COAC>136,610000</COAC>
    <CORS>136,610000</CORS>
    <FOGN>136,610000</FOGN>
    <FRAN>136,610000</FRAN>
    <GREC>136,610000</GREC>
    <MFTV>136,610000</MFTV>
    <PRGP>114,480000</PRGP>
    <ROSN>91,100000</ROSN>
    <SLOV>136,610000</SLOV>
    <SVIZ>136,610000</SVIZ>
    <BSP>136,610000</BSP>
    <MALT>114,480000</MALT>
    <XAUS>136,610000</XAUS>
    <XFRA>136,610000</XFRA>
  </Prezzi>
  <Prezzi>
    <Data>20150723</Data>
    <Mercato>MGP</Mercato>
    <Ora>24</Ora>
    <PUN>130,760000</PUN>
    <NAT>120,760000</NAT>
    <CNOR>132,628500</CNOR>
    <CSUD>132,628500</CSUD>
    <NORD>132,628500</NORD>
    <SARD>132,628500</SARD>
    <SICI>104,010000</SICI>
    <SUD>132,628500</SUD>
    <AUST>132,628500</AUST>
    <BRNN>132,628500</BRNN>
    <COAC>132,628500</COAC>
    <CORS>132,628500</CORS>
    <FOGN>132,628500</FOGN>
    <FRAN>132,628500</FRAN>
    <GREC>132,628500</GREC>
    <MFTV>132,628500</MFTV>
    <PRGP>104,010000</PRGP>
    <ROSN>104,010000</ROSN>
    <SLOV>132,628500</SLOV>
    <SVIZ>132,628500</SVIZ>
    <BSP>132,628500</BSP>
    <MALT>104,010000</MALT>
    <XAUS>132,628500</XAUS>
    <XFRA>132,628500</XFRA>
  </Prezzi>
</NewDataSet>