<?xml version="1.0" standalone="yes"?>
<NewDataSet>
  <xs:schema id="NewDataSet" xmlns="" xmlns:xs="http://www.w3.org/2001/XMLSchema" xmlns:msdata="urn:schemas-microsoft-com:xml-msdata">
    <xs:element name="NewDataSet" msdata:IsDataSet="true" msdata:UseCurrentLocale="true">
      <xs:complexType>
        <xs:choice minOccurs="0" maxOccurs="unbounded">
          <xs:element name="Fabbisogno">
            <xs:complexType>
              <xs:sequence>
                <xs:element name="Data" type="xs:string" minOccurs="0" />
                <xs:element name="Mercato" type="xs:string" minOccurs="0" />
                <xs:element name="Ora" type="xs:string" minOccurs="0" />
                <xs:element name="Italia" type="xs:string" minOccurs="0" />
                <xs:element name="CNOR" type="xs:string" minOccurs="0" />
                <xs:element name="CSUD" type="xs:string" minOccurs="0" />
                <xs:element name="NORD" type="xs:string" minOccurs="0" />
                <xs:element name="SARD" type="xs:string" minOccurs="0" />
                <xs:element name="SICI" type="xs:string" minOccurs="0" />
                <xs:element name="SUD" type="xs:string" minOccurs="0" />
              </xs:sequence>
            </xs:complexType>
          </xs:element>
        </xs:choice>
      </xs:complexType>
    </xs:element>
  </xs:schema>
  <Fabbisogno>
    <Data>20170904</Data>
    <Mercato>MGP</Mercato>
    <Ora>1</Ora>
    <Italia>24836,727</Italia>
    <CNOR>2657,881</CNOR>
    <CSUD>4192,504</CSUD>
    <NORD>13118,445</NORD>
    <SARD>956,59</SARD>
    <SICI>1680,961</SICI>
    <SUD>2230,346</SUD>
  </Fabbisogno>
  <Fabbisogno>
    <Data>20170904</Data>
    <Mercato>MGP</Mercato>
    <Ora>2</Ora>
    <Italia>23586,062</Italia>
    <CNOR>2515,254</CNOR>
    <CSUD>3945,347</CSUD>
    <NORD>12586,647</NORD>
    <SARD>876,286</SARD>
    <SICI>1563,653</SICI>
    <SUD>2098,875</SUD>
  </Fabbisogno>
  <Fabbisogno>
    <Data>20170904</Data>
    <Mercato>MGP</Mercato>
    <Ora>3</Ora>
    <Italia>22838,571</Italia>
    <CNOR>2423,175</CNOR>
    <CSUD>3753,515</CSUD>
    <NORD>12308,713</NORD>
    <SARD>846,347</SARD>
    <SICI>1494,2</SICI>
    <SUD>2012,621</SUD>
  </Fabbisogno>
  <Fabbisogno>
    <Data>20170904</Data>
    <Mercato>MGP</Mercato>
    <Ora>4</Ora>
    <Italia>22643,167</Italia>
    <CNOR>2403,233</CNOR>
    <CSUD>3702,442</CSUD>
    <NORD>12264,113</NORD>
    <SARD>832,248</SARD>
    <SICI>1458,476</SICI>
    <SUD>1982,655</SUD>
  </Fabbisogno>
  <Fabbisogno>
    <Data>20170904</Data>
    <Mercato>MGP</Mercato>
    <Ora>5</Ora>
    <Italia>23023,544</Italia>
    <CNOR>2437,741</CNOR>
    <CSUD>3727,159</CSUD>
    <NORD>12577,694</NORD>
    <SARD>838,739</SARD>
    <SICI>1455,46</SICI>
    <SUD>1986,751</SUD>
  </Fabbisogno>
  <Fabbisogno>
    <Data>20170904</Data>
    <Mercato>MGP</Mercato>
    <Ora>6</Ora>
    <Italia>24699,322</Italia>
    <CNOR>2636,654</CNOR>
    <CSUD>3967,784</CSUD>
    <NORD>13662,306</NORD>
    <SARD>857,164</SARD>
    <SICI>1508,394</SICI>
    <SUD>2067,02</SUD>
  </Fabbisogno>
  <Fabbisogno>
    <Data>20170904</Data>
    <Mercato>MGP</Mercato>
    <Ora>7</Ora>
    <Italia>29018,955</Italia>
    <CNOR>3097,158</CNOR>
    <CSUD>4483,316</CSUD>
    <NORD>16722,221</NORD>
    <SARD>936,651</SARD>
    <SICI>1596,837</SICI>
    <SUD>2182,772</SUD>
  </Fabbisogno>
  <Fabbisogno>
    <Data>20170904</Data>
    <Mercato>MGP</Mercato>
    <Ora>8</Ora>
    <Italia>33389,833</Italia>
    <CNOR>3615,321</CNOR>
    <CSUD>5144,027</CSUD>
    <NORD>19324,634</NORD>
    <SARD>1058,44</SARD>
    <SICI>1753,757</SICI>
    <SUD>2493,654</SUD>
  </Fabbisogno>
  <Fabbisogno>
    <Data>20170904</Data>
    <Mercato>MGP</Mercato>
    <Ora>9</Ora>
    <Italia>38484,748</Italia>
    <CNOR>4230,207</CNOR>
    <CSUD>5823,598</CSUD>
    <NORD>22388,953</NORD>
    <SARD>1171,641</SARD>
    <SICI>2018,293</SICI>
    <SUD>2852,056</SUD>
  </Fabbisogno>
  <Fabbisogno>
    <Data>20170904</Data>
    <Mercato>MGP</Mercato>
    <Ora>10</Ora>
    <Italia>39779,919</Italia>
    <CNOR>4375,256</CNOR>
    <CSUD>6153,688</CSUD>
    <NORD>22976,685</NORD>
    <SARD>1189,565</SARD>
    <SICI>2138,377</SICI>
    <SUD>2946,348</SUD>
  </Fabbisogno>
  <Fabbisogno>
    <Data>20170904</Data>
    <Mercato>MGP</Mercato>
    <Ora>11</Ora>
    <Italia>39778,338</Italia>
    <CNOR>4382,115</CNOR>
    <CSUD>6256,324</CSUD>
    <NORD>22935,523</NORD>
    <SARD>1134,045</SARD>
    <SICI>2148,673</SICI>
    <SUD>2921,658</SUD>
  </Fabbisogno>
  <Fabbisogno>
    <Data>20170904</Data>
    <Mercato>MGP</Mercato>
    <Ora>12</Ora>
    <Italia>39472,373</Italia>
    <CNOR>4355,789</CNOR>
    <CSUD>6220,448</CSUD>
    <NORD>22800,767</NORD>
    <SARD>1104,756</SARD>
    <SICI>2132,906</SICI>
    <SUD>2857,707</SUD>
  </Fabbisogno>
  <Fabbisogno>
    <Data>20170904</Data>
    <Mercato>MGP</Mercato>
    <Ora>13</Ora>
    <Italia>37686,726</Italia>
    <CNOR>4115,123</CNOR>
    <CSUD>6236,673</CSUD>
    <NORD>21211,741</NORD>
    <SARD>1095,655</SARD>
    <SICI>2150,045</SICI>
    <SUD>2877,489</SUD>
  </Fabbisogno>
  <Fabbisogno>
    <Data>20170904</Data>
    <Mercato>MGP</Mercato>
    <Ora>14</Ora>
    <Italia>37669,863</Italia>
    <CNOR>3998,989</CNOR>
    <CSUD>6089,541</CSUD>
    <NORD>21643,152</NORD>
    <SARD>1062,867</SARD>
    <SICI>2098,502</SICI>
    <SUD>2776,812</SUD>
  </Fabbisogno>
  <Fabbisogno>
    <Data>20170904</Data>
    <Mercato>MGP</Mercato>
    <Ora>15</Ora>
    <Italia>38922,86</Italia>
    <CNOR>4224,425</CNOR>
    <CSUD>6173,733</CSUD>
    <NORD>22642,464</NORD>
    <SARD>1046,139</SARD>
    <SICI>2108,405</SICI>
    <SUD>2727,694</SUD>
  </Fabbisogno>
  <Fabbisogno>
    <Data>20170904</Data>
    <Mercato>MGP</Mercato>
    <Ora>16</Ora>
    <Italia>39649,481</Italia>
    <CNOR>4357,758</CNOR>
    <CSUD>6232,837</CSUD>
    <NORD>23097,046</NORD>
    <SARD>1050,446</SARD>
    <SICI>2135,202</SICI>
    <SUD>2776,192</SUD>
  </Fabbisogno>
  <Fabbisogno>
    <Data>20170904</Data>
    <Mercato>MGP</Mercato>
    <Ora>17</Ora>
    <Italia>39965,158</Italia>
    <CNOR>4404,407</CNOR>
    <CSUD>6288,184</CSUD>
    <NORD>23095,728</NORD>
    <SARD>1074,027</SARD>
    <SICI>2230,582</SICI>
    <SUD>2872,23</SUD>
  </Fabbisogno>
  <Fabbisogno>
    <Data>20170904</Data>
    <Mercato>MGP</Mercato>
    <Ora>18</Ora>
    <Italia>39456,397</Italia>
    <CNOR>4342,649</CNOR>
    <CSUD>6229,405</CSUD>
    <NORD>22477,042</NORD>
    <SARD>1110,366</SARD>
    <SICI>2288,036</SICI>
    <SUD>3008,899</SUD>
  </Fabbisogno>
  <Fabbisogno>
    <Data>20170904</Data>
    <Mercato>MGP</Mercato>
    <Ora>19</Ora>
    <Italia>39337,191</Italia>
    <CNOR>4288,531</CNOR>
    <CSUD>6242,26</CSUD>
    <NORD>22179,283</NORD>
    <SARD>1179,616</SARD>
    <SICI>2305,458</SICI>
    <SUD>3142,043</SUD>
  </Fabbisogno>
  <Fabbisogno>
    <Data>20170904</Data>
    <Mercato>MGP</Mercato>
    <Ora>20</Ora>
    <Italia>39672,077</Italia>
    <CNOR>4314,154</CNOR>
    <CSUD>6549,694</CSUD>
    <NORD>21913,794</NORD>
    <SARD>1190,365</SARD>
    <SICI>2397,615</SICI>
    <SUD>3306,455</SUD>
  </Fabbisogno>
  <Fabbisogno>
    <Data>20170904</Data>
    <Mercato>MGP</Mercato>
    <Ora>21</Ora>
    <Italia>39796,152</Italia>
    <CNOR>4287,139</CNOR>
    <CSUD>6619,95</CSUD>
    <NORD>21776,494</NORD>
    <SARD>1259,709</SARD>
    <SICI>2482,844</SICI>
    <SUD>3370,016</SUD>
  </Fabbisogno>
  <Fabbisogno>
    <Data>20170904</Data>
    <Mercato>MGP</Mercato>
    <Ora>22</Ora>
    <Italia>37255,723</Italia>
    <CNOR>3998,976</CNOR>
    <CSUD>6140,465</CSUD>
    <NORD>20550,985</NORD>
    <SARD>1183,986</SARD>
    <SICI>2278,045</SICI>
    <SUD>3103,266</SUD>
  </Fabbisogno>
  <Fabbisogno>
    <Data>20170904</Data>
    <Mercato>MGP</Mercato>
    <Ora>23</Ora>
    <Italia>33990,499</Italia>
    <CNOR>3620,585</CNOR>
    <CSUD>5574,843</CSUD>
    <NORD>18757,785</NORD>
    <SARD>1102,758</SARD>
    <SICI>2103,766</SICI>
    <SUD>2830,762</SUD>
  </Fabbisogno>
  <Fabbisogno>
    <Data>20170904</Data>
    <Mercato>MGP</Mercato>
    <Ora>24</Ora>
    <Italia>30916,792</Italia>
    <CNOR>3249,746</CNOR>
    <CSUD>4996,725</CSUD>
    <NORD>17187,59</NORD>
    <SARD>1012,041</SARD>
    <SICI>1910,508</SICI>
    <SUD>2560,182</SUD>
  </Fabbisogno>
</NewDataSet>