<?xml version="1.0" standalone="yes"?>
<NewDataSet>
  <xs:schema id="NewDataSet" xmlns="" xmlns:xs="http://www.w3.org/2001/XMLSchema" xmlns:msdata="urn:schemas-microsoft-com:xml-msdata">
    <xs:element name="NewDataSet" msdata:IsDataSet="true" msdata:UseCurrentLocale="true">
      <xs:complexType>
        <xs:choice minOccurs="0" maxOccurs="unbounded">
          <xs:element name="Fabbisogno">
            <xs:complexType>
              <xs:sequence>
                <xs:element name="Data" type="xs:string" minOccurs="0" />
                <xs:element name="Mercato" type="xs:string" minOccurs="0" />
                <xs:element name="Ora" type="xs:string" minOccurs="0" />
                <xs:element name="Italia" type="xs:string" minOccurs="0" />
                <xs:element name="CNOR" type="xs:string" minOccurs="0" />
                <xs:element name="CSUD" type="xs:string" minOccurs="0" />
                <xs:element name="NORD" type="xs:string" minOccurs="0" />
                <xs:element name="SARD" type="xs:string" minOccurs="0" />
                <xs:element name="SICI" type="xs:string" minOccurs="0" />
                <xs:element name="SUD" type="xs:string" minOccurs="0" />
              </xs:sequence>
            </xs:complexType>
          </xs:element>
        </xs:choice>
      </xs:complexType>
    </xs:element>
  </xs:schema>
  <Fabbisogno>
    <Data>20170917</Data>
    <Mercato>MGP</Mercato>
    <Ora>1</Ora>
    <Italia>25116,782</Italia>
    <CNOR>2653,411</CNOR>
    <CSUD>4264,652</CSUD>
    <NORD>13192,056</NORD>
    <SARD>890,204</SARD>
    <SICI>1776,472</SICI>
    <SUD>2339,987</SUD>
  </Fabbisogno>
  <Fabbisogno>
    <Data>20170917</Data>
    <Mercato>MGP</Mercato>
    <Ora>2</Ora>
    <Italia>23666,593</Italia>
    <CNOR>2490,033</CNOR>
    <CSUD>3956,927</CSUD>
    <NORD>12533,851</NORD>
    <SARD>849,957</SARD>
    <SICI>1662,524</SICI>
    <SUD>2173,301</SUD>
  </Fabbisogno>
  <Fabbisogno>
    <Data>20170917</Data>
    <Mercato>MGP</Mercato>
    <Ora>3</Ora>
    <Italia>22750,777</Italia>
    <CNOR>2386,002</CNOR>
    <CSUD>3757,166</CSUD>
    <NORD>12134,561</NORD>
    <SARD>820,3</SARD>
    <SICI>1578,563</SICI>
    <SUD>2074,185</SUD>
  </Fabbisogno>
  <Fabbisogno>
    <Data>20170917</Data>
    <Mercato>MGP</Mercato>
    <Ora>4</Ora>
    <Italia>22236,211</Italia>
    <CNOR>2332,582</CNOR>
    <CSUD>3647,515</CSUD>
    <NORD>11912,25</NORD>
    <SARD>807,643</SARD>
    <SICI>1522,204</SICI>
    <SUD>2014,017</SUD>
  </Fabbisogno>
  <Fabbisogno>
    <Data>20170917</Data>
    <Mercato>MGP</Mercato>
    <Ora>5</Ora>
    <Italia>22014,75</Italia>
    <CNOR>2312,78</CNOR>
    <CSUD>3593,697</CSUD>
    <NORD>11836,335</NORD>
    <SARD>803,81</SARD>
    <SICI>1478,346</SICI>
    <SUD>1989,782</SUD>
  </Fabbisogno>
  <Fabbisogno>
    <Data>20170917</Data>
    <Mercato>MGP</Mercato>
    <Ora>6</Ora>
    <Italia>22263,608</Italia>
    <CNOR>2329,741</CNOR>
    <CSUD>3628,214</CSUD>
    <NORD>12018,863</NORD>
    <SARD>811,758</SARD>
    <SICI>1473,212</SICI>
    <SUD>2001,82</SUD>
  </Fabbisogno>
  <Fabbisogno>
    <Data>20170917</Data>
    <Mercato>MGP</Mercato>
    <Ora>7</Ora>
    <Italia>22760,795</Italia>
    <CNOR>2358,291</CNOR>
    <CSUD>3712,092</CSUD>
    <NORD>12371,019</NORD>
    <SARD>838,216</SARD>
    <SICI>1482,679</SICI>
    <SUD>1998,498</SUD>
  </Fabbisogno>
  <Fabbisogno>
    <Data>20170917</Data>
    <Mercato>MGP</Mercato>
    <Ora>8</Ora>
    <Italia>22928,582</Italia>
    <CNOR>2353,619</CNOR>
    <CSUD>3759,33</CSUD>
    <NORD>12416,642</NORD>
    <SARD>841,45</SARD>
    <SICI>1497,398</SICI>
    <SUD>2060,143</SUD>
  </Fabbisogno>
  <Fabbisogno>
    <Data>20170917</Data>
    <Mercato>MGP</Mercato>
    <Ora>9</Ora>
    <Italia>24532,334</Italia>
    <CNOR>2547,837</CNOR>
    <CSUD>4091,957</CSUD>
    <NORD>13143,873</NORD>
    <SARD>893,332</SARD>
    <SICI>1643,014</SICI>
    <SUD>2212,321</SUD>
  </Fabbisogno>
  <Fabbisogno>
    <Data>20170917</Data>
    <Mercato>MGP</Mercato>
    <Ora>10</Ora>
    <Italia>25847,722</Italia>
    <CNOR>2711,909</CNOR>
    <CSUD>4442,059</CSUD>
    <NORD>13645,22</NORD>
    <SARD>926,668</SARD>
    <SICI>1778,233</SICI>
    <SUD>2343,633</SUD>
  </Fabbisogno>
  <Fabbisogno>
    <Data>20170917</Data>
    <Mercato>MGP</Mercato>
    <Ora>11</Ora>
    <Italia>26543,539</Italia>
    <CNOR>2791,069</CNOR>
    <CSUD>4677,26</CSUD>
    <NORD>13924,795</NORD>
    <SARD>929,092</SARD>
    <SICI>1825,154</SICI>
    <SUD>2396,169</SUD>
  </Fabbisogno>
  <Fabbisogno>
    <Data>20170917</Data>
    <Mercato>MGP</Mercato>
    <Ora>12</Ora>
    <Italia>26729,014</Italia>
    <CNOR>2835,222</CNOR>
    <CSUD>4733,874</CSUD>
    <NORD>13975,434</NORD>
    <SARD>923,06</SARD>
    <SICI>1855,045</SICI>
    <SUD>2406,379</SUD>
  </Fabbisogno>
  <Fabbisogno>
    <Data>20170917</Data>
    <Mercato>MGP</Mercato>
    <Ora>13</Ora>
    <Italia>26419,772</Italia>
    <CNOR>2798,741</CNOR>
    <CSUD>4758,652</CSUD>
    <NORD>13621,993</NORD>
    <SARD>917,557</SARD>
    <SICI>1865,511</SICI>
    <SUD>2457,318</SUD>
  </Fabbisogno>
  <Fabbisogno>
    <Data>20170917</Data>
    <Mercato>MGP</Mercato>
    <Ora>14</Ora>
    <Italia>25123,555</Italia>
    <CNOR>2625,928</CNOR>
    <CSUD>4546,474</CSUD>
    <NORD>13037,029</NORD>
    <SARD>860,017</SARD>
    <SICI>1746,437</SICI>
    <SUD>2307,67</SUD>
  </Fabbisogno>
  <Fabbisogno>
    <Data>20170917</Data>
    <Mercato>MGP</Mercato>
    <Ora>15</Ora>
    <Italia>24699,169</Italia>
    <CNOR>2633,351</CNOR>
    <CSUD>4408,62</CSUD>
    <NORD>12909,572</NORD>
    <SARD>837,108</SARD>
    <SICI>1697,344</SICI>
    <SUD>2213,174</SUD>
  </Fabbisogno>
  <Fabbisogno>
    <Data>20170917</Data>
    <Mercato>MGP</Mercato>
    <Ora>16</Ora>
    <Italia>24724,326</Italia>
    <CNOR>2638,883</CNOR>
    <CSUD>4422,791</CSUD>
    <NORD>12880,121</NORD>
    <SARD>837,863</SARD>
    <SICI>1714,562</SICI>
    <SUD>2230,106</SUD>
  </Fabbisogno>
  <Fabbisogno>
    <Data>20170917</Data>
    <Mercato>MGP</Mercato>
    <Ora>17</Ora>
    <Italia>25072,785</Italia>
    <CNOR>2678,142</CNOR>
    <CSUD>4457,108</CSUD>
    <NORD>13019,831</NORD>
    <SARD>849,192</SARD>
    <SICI>1768,097</SICI>
    <SUD>2300,415</SUD>
  </Fabbisogno>
  <Fabbisogno>
    <Data>20170917</Data>
    <Mercato>MGP</Mercato>
    <Ora>18</Ora>
    <Italia>26035,113</Italia>
    <CNOR>2769,105</CNOR>
    <CSUD>4567,645</CSUD>
    <NORD>13512,768</NORD>
    <SARD>896,374</SARD>
    <SICI>1849,407</SICI>
    <SUD>2439,814</SUD>
  </Fabbisogno>
  <Fabbisogno>
    <Data>20170917</Data>
    <Mercato>MGP</Mercato>
    <Ora>19</Ora>
    <Italia>27465,288</Italia>
    <CNOR>2918,856</CNOR>
    <CSUD>4719,1</CSUD>
    <NORD>14388,907</NORD>
    <SARD>944,487</SARD>
    <SICI>1899,7</SICI>
    <SUD>2594,238</SUD>
  </Fabbisogno>
  <Fabbisogno>
    <Data>20170917</Data>
    <Mercato>MGP</Mercato>
    <Ora>20</Ora>
    <Italia>30444,1</Italia>
    <CNOR>3282,759</CNOR>
    <CSUD>5325,526</CSUD>
    <NORD>15760,497</NORD>
    <SARD>1027,531</SARD>
    <SICI>2132,892</SICI>
    <SUD>2914,895</SUD>
  </Fabbisogno>
  <Fabbisogno>
    <Data>20170917</Data>
    <Mercato>MGP</Mercato>
    <Ora>21</Ora>
    <Italia>31351,476</Italia>
    <CNOR>3375,173</CNOR>
    <CSUD>5456,265</CSUD>
    <NORD>16143,907</NORD>
    <SARD>1102,088</SARD>
    <SICI>2216,802</SICI>
    <SUD>3057,241</SUD>
  </Fabbisogno>
  <Fabbisogno>
    <Data>20170917</Data>
    <Mercato>MGP</Mercato>
    <Ora>22</Ora>
    <Italia>29734,511</Italia>
    <CNOR>3197,283</CNOR>
    <CSUD>5164,349</CSUD>
    <NORD>15342,622</NORD>
    <SARD>1048,567</SARD>
    <SICI>2095,015</SICI>
    <SUD>2886,675</SUD>
  </Fabbisogno>
  <Fabbisogno>
    <Data>20170917</Data>
    <Mercato>MGP</Mercato>
    <Ora>23</Ora>
    <Italia>27776,43</Italia>
    <CNOR>3001,582</CNOR>
    <CSUD>4814,708</CSUD>
    <NORD>14336,859</NORD>
    <SARD>977,897</SARD>
    <SICI>1955,165</SICI>
    <SUD>2690,219</SUD>
  </Fabbisogno>
  <Fabbisogno>
    <Data>20170917</Data>
    <Mercato>MGP</Mercato>
    <Ora>24</Ora>
    <Italia>25559,301</Italia>
    <CNOR>2729,11</CNOR>
    <CSUD>4372,219</CSUD>
    <NORD>13290,923</NORD>
    <SARD>914,986</SARD>
    <SICI>1806,158</SICI>
    <SUD>2445,905</SUD>
  </Fabbisogno>
</NewDataSet>