<?xml version="1.0" standalone="yes"?>
<NewDataSet>
  <xs:schema id="NewDataSet" xmlns="" xmlns:xs="http://www.w3.org/2001/XMLSchema" xmlns:msdata="urn:schemas-microsoft-com:xml-msdata">
    <xs:element name="NewDataSet" msdata:IsDataSet="true" msdata:UseCurrentLocale="true">
      <xs:complexType>
        <xs:choice minOccurs="0" maxOccurs="unbounded">
          <xs:element name="Fabbisogno">
            <xs:complexType>
              <xs:sequence>
                <xs:element name="Data" type="xs:string" minOccurs="0" />
                <xs:element name="Mercato" type="xs:string" minOccurs="0" />
                <xs:element name="Ora" type="xs:string" minOccurs="0" />
                <xs:element name="Italia" type="xs:string" minOccurs="0" />
                <xs:element name="CNOR" type="xs:string" minOccurs="0" />
                <xs:element name="CSUD" type="xs:string" minOccurs="0" />
                <xs:element name="NORD" type="xs:string" minOccurs="0" />
                <xs:element name="SARD" type="xs:string" minOccurs="0" />
                <xs:element name="SICI" type="xs:string" minOccurs="0" />
                <xs:element name="SUD" type="xs:string" minOccurs="0" />
              </xs:sequence>
            </xs:complexType>
          </xs:element>
        </xs:choice>
      </xs:complexType>
    </xs:element>
  </xs:schema>
  <Fabbisogno>
    <Data>20170915</Data>
    <Mercato>MGP</Mercato>
    <Ora>1</Ora>
    <Italia>28103,078</Italia>
    <CNOR>3001,003</CNOR>
    <CSUD>4565,95</CSUD>
    <NORD>15649,274</NORD>
    <SARD>894,456</SARD>
    <SICI>1714,949</SICI>
    <SUD>2277,446</SUD>
  </Fabbisogno>
  <Fabbisogno>
    <Data>20170915</Data>
    <Mercato>MGP</Mercato>
    <Ora>2</Ora>
    <Italia>26612,324</Italia>
    <CNOR>2836,641</CNOR>
    <CSUD>4235,332</CSUD>
    <NORD>14969,174</NORD>
    <SARD>850,195</SARD>
    <SICI>1591,55</SICI>
    <SUD>2129,432</SUD>
  </Fabbisogno>
  <Fabbisogno>
    <Data>20170915</Data>
    <Mercato>MGP</Mercato>
    <Ora>3</Ora>
    <Italia>25870,273</Italia>
    <CNOR>2742,859</CNOR>
    <CSUD>4074,208</CSUD>
    <NORD>14628,65</NORD>
    <SARD>828,287</SARD>
    <SICI>1524,683</SICI>
    <SUD>2071,586</SUD>
  </Fabbisogno>
  <Fabbisogno>
    <Data>20170915</Data>
    <Mercato>MGP</Mercato>
    <Ora>4</Ora>
    <Italia>25585,648</Italia>
    <CNOR>2712,286</CNOR>
    <CSUD>4009,115</CSUD>
    <NORD>14518,226</NORD>
    <SARD>821,756</SARD>
    <SICI>1485,084</SICI>
    <SUD>2039,181</SUD>
  </Fabbisogno>
  <Fabbisogno>
    <Data>20170915</Data>
    <Mercato>MGP</Mercato>
    <Ora>5</Ora>
    <Italia>25573,351</Italia>
    <CNOR>2719,102</CNOR>
    <CSUD>3990,495</CSUD>
    <NORD>14519,745</NORD>
    <SARD>824,378</SARD>
    <SICI>1482,336</SICI>
    <SUD>2037,295</SUD>
  </Fabbisogno>
  <Fabbisogno>
    <Data>20170915</Data>
    <Mercato>MGP</Mercato>
    <Ora>6</Ora>
    <Italia>26752,825</Italia>
    <CNOR>2833,941</CNOR>
    <CSUD>4144,15</CSUD>
    <NORD>15341,407</NORD>
    <SARD>840,623</SARD>
    <SICI>1519,771</SICI>
    <SUD>2072,933</SUD>
  </Fabbisogno>
  <Fabbisogno>
    <Data>20170915</Data>
    <Mercato>MGP</Mercato>
    <Ora>7</Ora>
    <Italia>30515,832</Italia>
    <CNOR>3214,975</CNOR>
    <CSUD>4684,401</CSUD>
    <NORD>17834,024</NORD>
    <SARD>914,996</SARD>
    <SICI>1640,313</SICI>
    <SUD>2227,123</SUD>
  </Fabbisogno>
  <Fabbisogno>
    <Data>20170915</Data>
    <Mercato>MGP</Mercato>
    <Ora>8</Ora>
    <Italia>34555,493</Italia>
    <CNOR>3669,473</CNOR>
    <CSUD>5294,12</CSUD>
    <NORD>20298,606</NORD>
    <SARD>1002,259</SARD>
    <SICI>1820,183</SICI>
    <SUD>2470,852</SUD>
  </Fabbisogno>
  <Fabbisogno>
    <Data>20170915</Data>
    <Mercato>MGP</Mercato>
    <Ora>9</Ora>
    <Italia>39164,132</Italia>
    <CNOR>4243,858</CNOR>
    <CSUD>5935,303</CSUD>
    <NORD>22924,186</NORD>
    <SARD>1106,591</SARD>
    <SICI>2073,18</SICI>
    <SUD>2881,014</SUD>
  </Fabbisogno>
  <Fabbisogno>
    <Data>20170915</Data>
    <Mercato>MGP</Mercato>
    <Ora>10</Ora>
    <Italia>40417,085</Italia>
    <CNOR>4423,171</CNOR>
    <CSUD>6395,182</CSUD>
    <NORD>23323,204</NORD>
    <SARD>1127,254</SARD>
    <SICI>2182,711</SICI>
    <SUD>2965,563</SUD>
  </Fabbisogno>
  <Fabbisogno>
    <Data>20170915</Data>
    <Mercato>MGP</Mercato>
    <Ora>11</Ora>
    <Italia>40326,254</Italia>
    <CNOR>4433,426</CNOR>
    <CSUD>6443,654</CSUD>
    <NORD>23275,828</NORD>
    <SARD>1102,425</SARD>
    <SICI>2164,673</SICI>
    <SUD>2906,248</SUD>
  </Fabbisogno>
  <Fabbisogno>
    <Data>20170915</Data>
    <Mercato>MGP</Mercato>
    <Ora>12</Ora>
    <Italia>40075,52</Italia>
    <CNOR>4418,423</CNOR>
    <CSUD>6450,625</CSUD>
    <NORD>23083,462</NORD>
    <SARD>1077,314</SARD>
    <SICI>2152,719</SICI>
    <SUD>2892,977</SUD>
  </Fabbisogno>
  <Fabbisogno>
    <Data>20170915</Data>
    <Mercato>MGP</Mercato>
    <Ora>13</Ora>
    <Italia>37925,339</Italia>
    <CNOR>4121,965</CNOR>
    <CSUD>6310,808</CSUD>
    <NORD>21466,312</NORD>
    <SARD>1055,92</SARD>
    <SICI>2143,111</SICI>
    <SUD>2827,223</SUD>
  </Fabbisogno>
  <Fabbisogno>
    <Data>20170915</Data>
    <Mercato>MGP</Mercato>
    <Ora>14</Ora>
    <Italia>37416,724</Italia>
    <CNOR>3950,405</CNOR>
    <CSUD>6068,469</CSUD>
    <NORD>21614,694</NORD>
    <SARD>1021,391</SARD>
    <SICI>2056,036</SICI>
    <SUD>2705,729</SUD>
  </Fabbisogno>
  <Fabbisogno>
    <Data>20170915</Data>
    <Mercato>MGP</Mercato>
    <Ora>15</Ora>
    <Italia>38062,335</Italia>
    <CNOR>4124,157</CNOR>
    <CSUD>6063,294</CSUD>
    <NORD>22218,744</NORD>
    <SARD>994,468999999999</SARD>
    <SICI>2030,641</SICI>
    <SUD>2631,03</SUD>
  </Fabbisogno>
  <Fabbisogno>
    <Data>20170915</Data>
    <Mercato>MGP</Mercato>
    <Ora>16</Ora>
    <Italia>38487,489</Italia>
    <CNOR>4238,007</CNOR>
    <CSUD>6156,608</CSUD>
    <NORD>22346,095</NORD>
    <SARD>997,591</SARD>
    <SICI>2062,576</SICI>
    <SUD>2686,612</SUD>
  </Fabbisogno>
  <Fabbisogno>
    <Data>20170915</Data>
    <Mercato>MGP</Mercato>
    <Ora>17</Ora>
    <Italia>38833,105</Italia>
    <CNOR>4328,137</CNOR>
    <CSUD>6287,732</CSUD>
    <NORD>22221,524</NORD>
    <SARD>1021,214</SARD>
    <SICI>2160,94</SICI>
    <SUD>2813,558</SUD>
  </Fabbisogno>
  <Fabbisogno>
    <Data>20170915</Data>
    <Mercato>MGP</Mercato>
    <Ora>18</Ora>
    <Italia>38765,992</Italia>
    <CNOR>4315,145</CNOR>
    <CSUD>6407,074</CSUD>
    <NORD>21696,74</NORD>
    <SARD>1080</SARD>
    <SICI>2259,019</SICI>
    <SUD>3008,014</SUD>
  </Fabbisogno>
  <Fabbisogno>
    <Data>20170915</Data>
    <Mercato>MGP</Mercato>
    <Ora>19</Ora>
    <Italia>38569,765</Italia>
    <CNOR>4215,783</CNOR>
    <CSUD>6340,654</CSUD>
    <NORD>21397,149</NORD>
    <SARD>1108,264</SARD>
    <SICI>2315,197</SICI>
    <SUD>3192,718</SUD>
  </Fabbisogno>
  <Fabbisogno>
    <Data>20170915</Data>
    <Mercato>MGP</Mercato>
    <Ora>20</Ora>
    <Italia>39340,006</Italia>
    <CNOR>4302,938</CNOR>
    <CSUD>6634,245</CSUD>
    <NORD>21357,027</NORD>
    <SARD>1151,496</SARD>
    <SICI>2460,344</SICI>
    <SUD>3433,956</SUD>
  </Fabbisogno>
  <Fabbisogno>
    <Data>20170915</Data>
    <Mercato>MGP</Mercato>
    <Ora>21</Ora>
    <Italia>39058</Italia>
    <CNOR>4167,65</CNOR>
    <CSUD>6526,376</CSUD>
    <NORD>21253,228</NORD>
    <SARD>1191,264</SARD>
    <SICI>2519,536</SICI>
    <SUD>3399,946</SUD>
  </Fabbisogno>
  <Fabbisogno>
    <Data>20170915</Data>
    <Mercato>MGP</Mercato>
    <Ora>22</Ora>
    <Italia>35835,768</Italia>
    <CNOR>3837,552</CNOR>
    <CSUD>5999,243</CSUD>
    <NORD>19585,255</NORD>
    <SARD>1099,085</SARD>
    <SICI>2276,68</SICI>
    <SUD>3037,953</SUD>
  </Fabbisogno>
  <Fabbisogno>
    <Data>20170915</Data>
    <Mercato>MGP</Mercato>
    <Ora>23</Ora>
    <Italia>32649,488</Italia>
    <CNOR>3505,328</CNOR>
    <CSUD>5454,154</CSUD>
    <NORD>17821,707</NORD>
    <SARD>1025,479</SARD>
    <SICI>2091,165</SICI>
    <SUD>2751,655</SUD>
  </Fabbisogno>
  <Fabbisogno>
    <Data>20170915</Data>
    <Mercato>MGP</Mercato>
    <Ora>24</Ora>
    <Italia>29756,519</Italia>
    <CNOR>3155,678</CNOR>
    <CSUD>4909,206</CSUD>
    <NORD>16363,139</NORD>
    <SARD>947,905</SARD>
    <SICI>1904,081</SICI>
    <SUD>2476,51</SUD>
  </Fabbisogno>
</NewDataSet>