<?xml version="1.0" standalone="yes"?>
<NewDataSet>
  <xs:schema id="NewDataSet" xmlns="" xmlns:xs="http://www.w3.org/2001/XMLSchema" xmlns:msdata="urn:schemas-microsoft-com:xml-msdata">
    <xs:element name="NewDataSet" msdata:IsDataSet="true" msdata:UseCurrentLocale="true">
      <xs:complexType>
        <xs:choice minOccurs="0" maxOccurs="unbounded">
          <xs:element name="Fabbisogno">
            <xs:complexType>
              <xs:sequence>
                <xs:element name="Data" type="xs:string" minOccurs="0" />
                <xs:element name="Mercato" type="xs:string" minOccurs="0" />
                <xs:element name="Ora" type="xs:string" minOccurs="0" />
                <xs:element name="Italia" type="xs:string" minOccurs="0" />
                <xs:element name="CNOR" type="xs:string" minOccurs="0" />
                <xs:element name="CSUD" type="xs:string" minOccurs="0" />
                <xs:element name="NORD" type="xs:string" minOccurs="0" />
                <xs:element name="SARD" type="xs:string" minOccurs="0" />
                <xs:element name="SICI" type="xs:string" minOccurs="0" />
                <xs:element name="SUD" type="xs:string" minOccurs="0" />
              </xs:sequence>
            </xs:complexType>
          </xs:element>
        </xs:choice>
      </xs:complexType>
    </xs:element>
  </xs:schema>
  <Fabbisogno>
    <Data>20170916</Data>
    <Mercato>MGP</Mercato>
    <Ora>1</Ora>
    <Italia>28099,51</Italia>
    <CNOR>2899,874</CNOR>
    <CSUD>4582,497</CSUD>
    <NORD>15470,285</NORD>
    <SARD>949,264</SARD>
    <SICI>1811,631</SICI>
    <SUD>2385,959</SUD>
  </Fabbisogno>
  <Fabbisogno>
    <Data>20170916</Data>
    <Mercato>MGP</Mercato>
    <Ora>2</Ora>
    <Italia>26530,107</Italia>
    <CNOR>2730,527</CNOR>
    <CSUD>4264,628</CSUD>
    <NORD>14729,15</NORD>
    <SARD>873,449</SARD>
    <SICI>1691,01</SICI>
    <SUD>2241,343</SUD>
  </Fabbisogno>
  <Fabbisogno>
    <Data>20170916</Data>
    <Mercato>MGP</Mercato>
    <Ora>3</Ora>
    <Italia>25525,121</Italia>
    <CNOR>2605,45</CNOR>
    <CSUD>4060,863</CSUD>
    <NORD>14259,983</NORD>
    <SARD>832,558</SARD>
    <SICI>1617,851</SICI>
    <SUD>2148,416</SUD>
  </Fabbisogno>
  <Fabbisogno>
    <Data>20170916</Data>
    <Mercato>MGP</Mercato>
    <Ora>4</Ora>
    <Italia>25025,583</Italia>
    <CNOR>2545,367</CNOR>
    <CSUD>3964,908</CSUD>
    <NORD>14046,783</NORD>
    <SARD>822,044</SARD>
    <SICI>1555,461</SICI>
    <SUD>2091,02</SUD>
  </Fabbisogno>
  <Fabbisogno>
    <Data>20170916</Data>
    <Mercato>MGP</Mercato>
    <Ora>5</Ora>
    <Italia>24755,454</Italia>
    <CNOR>2521,098</CNOR>
    <CSUD>3915,161</CSUD>
    <NORD>13880,622</NORD>
    <SARD>819,506</SARD>
    <SICI>1538,786</SICI>
    <SUD>2080,281</SUD>
  </Fabbisogno>
  <Fabbisogno>
    <Data>20170916</Data>
    <Mercato>MGP</Mercato>
    <Ora>6</Ora>
    <Italia>25117,744</Italia>
    <CNOR>2543,46</CNOR>
    <CSUD>3962,741</CSUD>
    <NORD>14130,132</NORD>
    <SARD>828,407</SARD>
    <SICI>1560,885</SICI>
    <SUD>2092,119</SUD>
  </Fabbisogno>
  <Fabbisogno>
    <Data>20170916</Data>
    <Mercato>MGP</Mercato>
    <Ora>7</Ora>
    <Italia>26660,845</Italia>
    <CNOR>2720,255</CNOR>
    <CSUD>4197,627</CSUD>
    <NORD>15054,836</NORD>
    <SARD>884,378</SARD>
    <SICI>1627,167</SICI>
    <SUD>2176,582</SUD>
  </Fabbisogno>
  <Fabbisogno>
    <Data>20170916</Data>
    <Mercato>MGP</Mercato>
    <Ora>8</Ora>
    <Italia>28489,811</Italia>
    <CNOR>2904,522</CNOR>
    <CSUD>4454,639</CSUD>
    <NORD>16116,388</NORD>
    <SARD>924,533</SARD>
    <SICI>1730,066</SICI>
    <SUD>2359,663</SUD>
  </Fabbisogno>
  <Fabbisogno>
    <Data>20170916</Data>
    <Mercato>MGP</Mercato>
    <Ora>9</Ora>
    <Italia>30990,277</Italia>
    <CNOR>3155,349</CNOR>
    <CSUD>4908,643</CSUD>
    <NORD>17480,986</NORD>
    <SARD>990,035</SARD>
    <SICI>1905,632</SICI>
    <SUD>2549,632</SUD>
  </Fabbisogno>
  <Fabbisogno>
    <Data>20170916</Data>
    <Mercato>MGP</Mercato>
    <Ora>10</Ora>
    <Italia>32244,346</Italia>
    <CNOR>3296,504</CNOR>
    <CSUD>5306,475</CSUD>
    <NORD>17922,921</NORD>
    <SARD>1017,18</SARD>
    <SICI>2048,846</SICI>
    <SUD>2652,42</SUD>
  </Fabbisogno>
  <Fabbisogno>
    <Data>20170916</Data>
    <Mercato>MGP</Mercato>
    <Ora>11</Ora>
    <Italia>32288,297</Italia>
    <CNOR>3319,8</CNOR>
    <CSUD>5421,611</CSUD>
    <NORD>17864,228</NORD>
    <SARD>1004,451</SARD>
    <SICI>2050,321</SICI>
    <SUD>2627,886</SUD>
  </Fabbisogno>
  <Fabbisogno>
    <Data>20170916</Data>
    <Mercato>MGP</Mercato>
    <Ora>12</Ora>
    <Italia>31577,523</Italia>
    <CNOR>3245,491</CNOR>
    <CSUD>5369,382</CSUD>
    <NORD>17368,359</NORD>
    <SARD>979,195</SARD>
    <SICI>2037,81</SICI>
    <SUD>2577,286</SUD>
  </Fabbisogno>
  <Fabbisogno>
    <Data>20170916</Data>
    <Mercato>MGP</Mercato>
    <Ora>13</Ora>
    <Italia>30236,95</Italia>
    <CNOR>3102,236</CNOR>
    <CSUD>5320,481</CSUD>
    <NORD>16234,06</NORD>
    <SARD>964,703</SARD>
    <SICI>2044,366</SICI>
    <SUD>2571,104</SUD>
  </Fabbisogno>
  <Fabbisogno>
    <Data>20170916</Data>
    <Mercato>MGP</Mercato>
    <Ora>14</Ora>
    <Italia>28924,237</Italia>
    <CNOR>2919,065</CNOR>
    <CSUD>5106,956</CSUD>
    <NORD>15563,271</NORD>
    <SARD>919,433</SARD>
    <SICI>1969,712</SICI>
    <SUD>2445,8</SUD>
  </Fabbisogno>
  <Fabbisogno>
    <Data>20170916</Data>
    <Mercato>MGP</Mercato>
    <Ora>15</Ora>
    <Italia>28656,708</Italia>
    <CNOR>2940,923</CNOR>
    <CSUD>5044,58</CSUD>
    <NORD>15432,85</NORD>
    <SARD>906,482</SARD>
    <SICI>1941,208</SICI>
    <SUD>2390,665</SUD>
  </Fabbisogno>
  <Fabbisogno>
    <Data>20170916</Data>
    <Mercato>MGP</Mercato>
    <Ora>16</Ora>
    <Italia>28595,107</Italia>
    <CNOR>2934,805</CNOR>
    <CSUD>5054,221</CSUD>
    <NORD>15371,632</NORD>
    <SARD>896,979</SARD>
    <SICI>1934,23</SICI>
    <SUD>2403,24</SUD>
  </Fabbisogno>
  <Fabbisogno>
    <Data>20170916</Data>
    <Mercato>MGP</Mercato>
    <Ora>17</Ora>
    <Italia>29130,443</Italia>
    <CNOR>2987,937</CNOR>
    <CSUD>5098,471</CSUD>
    <NORD>15584,691</NORD>
    <SARD>920,188</SARD>
    <SICI>2020,432</SICI>
    <SUD>2518,724</SUD>
  </Fabbisogno>
  <Fabbisogno>
    <Data>20170916</Data>
    <Mercato>MGP</Mercato>
    <Ora>18</Ora>
    <Italia>30223,72</Italia>
    <CNOR>3116,436</CNOR>
    <CSUD>5236,161</CSUD>
    <NORD>16016,234</NORD>
    <SARD>980,182</SARD>
    <SICI>2161,116</SICI>
    <SUD>2713,591</SUD>
  </Fabbisogno>
  <Fabbisogno>
    <Data>20170916</Data>
    <Mercato>MGP</Mercato>
    <Ora>19</Ora>
    <Italia>31280,869</Italia>
    <CNOR>3242,853</CNOR>
    <CSUD>5368,617</CSUD>
    <NORD>16535,851</NORD>
    <SARD>1023,942</SARD>
    <SICI>2229,702</SICI>
    <SUD>2879,904</SUD>
  </Fabbisogno>
  <Fabbisogno>
    <Data>20170916</Data>
    <Mercato>MGP</Mercato>
    <Ora>20</Ora>
    <Italia>33739,108</Italia>
    <CNOR>3583,107</CNOR>
    <CSUD>5935,086</CSUD>
    <NORD>17390,799</NORD>
    <SARD>1140,301</SARD>
    <SICI>2429,306</SICI>
    <SUD>3260,509</SUD>
  </Fabbisogno>
  <Fabbisogno>
    <Data>20170916</Data>
    <Mercato>MGP</Mercato>
    <Ora>21</Ora>
    <Italia>33785,099</Italia>
    <CNOR>3544,598</CNOR>
    <CSUD>5929,029</CSUD>
    <NORD>17348,699</NORD>
    <SARD>1206,776</SARD>
    <SICI>2470,353</SICI>
    <SUD>3285,644</SUD>
  </Fabbisogno>
  <Fabbisogno>
    <Data>20170916</Data>
    <Mercato>MGP</Mercato>
    <Ora>22</Ora>
    <Italia>31087,33</Italia>
    <CNOR>3247,88</CNOR>
    <CSUD>5420,021</CSUD>
    <NORD>16169,945</NORD>
    <SARD>1066,847</SARD>
    <SICI>2248,091</SICI>
    <SUD>2934,546</SUD>
  </Fabbisogno>
  <Fabbisogno>
    <Data>20170916</Data>
    <Mercato>MGP</Mercato>
    <Ora>23</Ora>
    <Italia>29022,827</Italia>
    <CNOR>3044,883</CNOR>
    <CSUD>5008,217</CSUD>
    <NORD>15206,511</NORD>
    <SARD>993,124</SARD>
    <SICI>2077,459</SICI>
    <SUD>2692,633</SUD>
  </Fabbisogno>
  <Fabbisogno>
    <Data>20170916</Data>
    <Mercato>MGP</Mercato>
    <Ora>24</Ora>
    <Italia>26767,051</Italia>
    <CNOR>2789,382</CNOR>
    <CSUD>4594,846</CSUD>
    <NORD>14069,733</NORD>
    <SARD>930,792</SARD>
    <SICI>1927,284</SICI>
    <SUD>2455,014</SUD>
  </Fabbisogno>
</NewDataSet>