<?xml version="1.0" standalone="yes"?>
<NewDataSet>
  <xs:schema id="NewDataSet" xmlns="" xmlns:xs="http://www.w3.org/2001/XMLSchema" xmlns:msdata="urn:schemas-microsoft-com:xml-msdata">
    <xs:element name="NewDataSet" msdata:IsDataSet="true" msdata:UseCurrentLocale="true">
      <xs:complexType>
        <xs:choice minOccurs="0" maxOccurs="unbounded">
          <xs:element name="Fabbisogno">
            <xs:complexType>
              <xs:sequence>
                <xs:element name="Data" type="xs:string" minOccurs="0" />
                <xs:element name="Mercato" type="xs:string" minOccurs="0" />
                <xs:element name="Ora" type="xs:string" minOccurs="0" />
                <xs:element name="Italia" type="xs:string" minOccurs="0" />
                <xs:element name="CNOR" type="xs:string" minOccurs="0" />
                <xs:element name="CSUD" type="xs:string" minOccurs="0" />
                <xs:element name="NORD" type="xs:string" minOccurs="0" />
                <xs:element name="SARD" type="xs:string" minOccurs="0" />
                <xs:element name="SICI" type="xs:string" minOccurs="0" />
                <xs:element name="SUD" type="xs:string" minOccurs="0" />
              </xs:sequence>
            </xs:complexType>
          </xs:element>
        </xs:choice>
      </xs:complexType>
    </xs:element>
  </xs:schema>
  <Fabbisogno>
    <Data>20170908</Data>
    <Mercato>MGP</Mercato>
    <Ora>1</Ora>
    <Italia>29100,313</Italia>
    <CNOR>3098,618</CNOR>
    <CSUD>4639,928</CSUD>
    <NORD>16183,026</NORD>
    <SARD>984,105</SARD>
    <SICI>1806,317</SICI>
    <SUD>2388,319</SUD>
  </Fabbisogno>
  <Fabbisogno>
    <Data>20170908</Data>
    <Mercato>MGP</Mercato>
    <Ora>2</Ora>
    <Italia>27523,298</Italia>
    <CNOR>2965,27</CNOR>
    <CSUD>4304,926</CSUD>
    <NORD>15458,745</NORD>
    <SARD>893,096</SARD>
    <SICI>1659,729</SICI>
    <SUD>2241,532</SUD>
  </Fabbisogno>
  <Fabbisogno>
    <Data>20170908</Data>
    <Mercato>MGP</Mercato>
    <Ora>3</Ora>
    <Italia>26600,278</Italia>
    <CNOR>2857,284</CNOR>
    <CSUD>4138,594</CSUD>
    <NORD>14989,363</NORD>
    <SARD>864,974</SARD>
    <SICI>1584,71</SICI>
    <SUD>2165,353</SUD>
  </Fabbisogno>
  <Fabbisogno>
    <Data>20170908</Data>
    <Mercato>MGP</Mercato>
    <Ora>4</Ora>
    <Italia>26229,297</Italia>
    <CNOR>2816,617</CNOR>
    <CSUD>4066,2</CSUD>
    <NORD>14816,391</NORD>
    <SARD>856,575</SARD>
    <SICI>1544,874</SICI>
    <SUD>2128,64</SUD>
  </Fabbisogno>
  <Fabbisogno>
    <Data>20170908</Data>
    <Mercato>MGP</Mercato>
    <Ora>5</Ora>
    <Italia>26380,102</Italia>
    <CNOR>2816,542</CNOR>
    <CSUD>4055,066</CSUD>
    <NORD>14983,895</NORD>
    <SARD>856,26</SARD>
    <SICI>1538,088</SICI>
    <SUD>2130,251</SUD>
  </Fabbisogno>
  <Fabbisogno>
    <Data>20170908</Data>
    <Mercato>MGP</Mercato>
    <Ora>6</Ora>
    <Italia>27642,851</Italia>
    <CNOR>2953,631</CNOR>
    <CSUD>4270,524</CSUD>
    <NORD>15746,037</NORD>
    <SARD>853,428</SARD>
    <SICI>1606,769</SICI>
    <SUD>2212,462</SUD>
  </Fabbisogno>
  <Fabbisogno>
    <Data>20170908</Data>
    <Mercato>MGP</Mercato>
    <Ora>7</Ora>
    <Italia>31201,314</Italia>
    <CNOR>3285,194</CNOR>
    <CSUD>4732,872</CSUD>
    <NORD>18188,447</NORD>
    <SARD>933,89</SARD>
    <SICI>1692,923</SICI>
    <SUD>2367,988</SUD>
  </Fabbisogno>
  <Fabbisogno>
    <Data>20170908</Data>
    <Mercato>MGP</Mercato>
    <Ora>8</Ora>
    <Italia>35122,13</Italia>
    <CNOR>3741,777</CNOR>
    <CSUD>5276,44</CSUD>
    <NORD>20556,942</NORD>
    <SARD>1000,332</SARD>
    <SICI>1909,439</SICI>
    <SUD>2637,2</SUD>
  </Fabbisogno>
  <Fabbisogno>
    <Data>20170908</Data>
    <Mercato>MGP</Mercato>
    <Ora>9</Ora>
    <Italia>39611,282</Italia>
    <CNOR>4286,766</CNOR>
    <CSUD>5992,587</CSUD>
    <NORD>23085,12</NORD>
    <SARD>1115,278</SARD>
    <SICI>2168,21</SICI>
    <SUD>2963,321</SUD>
  </Fabbisogno>
  <Fabbisogno>
    <Data>20170908</Data>
    <Mercato>MGP</Mercato>
    <Ora>10</Ora>
    <Italia>41023,022</Italia>
    <CNOR>4490,487</CNOR>
    <CSUD>6398,554</CSUD>
    <NORD>23678,867</NORD>
    <SARD>1127,78</SARD>
    <SICI>2261,225</SICI>
    <SUD>3066,109</SUD>
  </Fabbisogno>
  <Fabbisogno>
    <Data>20170908</Data>
    <Mercato>MGP</Mercato>
    <Ora>11</Ora>
    <Italia>40879,433</Italia>
    <CNOR>4470,319</CNOR>
    <CSUD>6416,564</CSUD>
    <NORD>23646,986</NORD>
    <SARD>1093,724</SARD>
    <SICI>2264,102</SICI>
    <SUD>2987,738</SUD>
  </Fabbisogno>
  <Fabbisogno>
    <Data>20170908</Data>
    <Mercato>MGP</Mercato>
    <Ora>12</Ora>
    <Italia>40471,413</Italia>
    <CNOR>4448,835</CNOR>
    <CSUD>6381,778</CSUD>
    <NORD>23463,817</NORD>
    <SARD>1056,606</SARD>
    <SICI>2222,909</SICI>
    <SUD>2897,468</SUD>
  </Fabbisogno>
  <Fabbisogno>
    <Data>20170908</Data>
    <Mercato>MGP</Mercato>
    <Ora>13</Ora>
    <Italia>38539,142</Italia>
    <CNOR>4193,262</CNOR>
    <CSUD>6328,06</CSUD>
    <NORD>21820,259</NORD>
    <SARD>1053,999</SARD>
    <SICI>2219,675</SICI>
    <SUD>2923,887</SUD>
  </Fabbisogno>
  <Fabbisogno>
    <Data>20170908</Data>
    <Mercato>MGP</Mercato>
    <Ora>14</Ora>
    <Italia>38357,76</Italia>
    <CNOR>4076,721</CNOR>
    <CSUD>6163,283</CSUD>
    <NORD>22158,883</NORD>
    <SARD>1010,359</SARD>
    <SICI>2147,043</SICI>
    <SUD>2801,471</SUD>
  </Fabbisogno>
  <Fabbisogno>
    <Data>20170908</Data>
    <Mercato>MGP</Mercato>
    <Ora>15</Ora>
    <Italia>39168,703</Italia>
    <CNOR>4273,141</CNOR>
    <CSUD>6189,67</CSUD>
    <NORD>22823,525</NORD>
    <SARD>1003,148</SARD>
    <SICI>2141,032</SICI>
    <SUD>2738,187</SUD>
  </Fabbisogno>
  <Fabbisogno>
    <Data>20170908</Data>
    <Mercato>MGP</Mercato>
    <Ora>16</Ora>
    <Italia>39673,844</Italia>
    <CNOR>4379,35</CNOR>
    <CSUD>6286,624</CSUD>
    <NORD>23030,269</NORD>
    <SARD>1014,758</SARD>
    <SICI>2170,142</SICI>
    <SUD>2792,701</SUD>
  </Fabbisogno>
  <Fabbisogno>
    <Data>20170908</Data>
    <Mercato>MGP</Mercato>
    <Ora>17</Ora>
    <Italia>39921,798</Italia>
    <CNOR>4442,14</CNOR>
    <CSUD>6338,149</CSUD>
    <NORD>22950,496</NORD>
    <SARD>1052,013</SARD>
    <SICI>2249,064</SICI>
    <SUD>2889,936</SUD>
  </Fabbisogno>
  <Fabbisogno>
    <Data>20170908</Data>
    <Mercato>MGP</Mercato>
    <Ora>18</Ora>
    <Italia>39478,239</Italia>
    <CNOR>4381,753</CNOR>
    <CSUD>6319,224</CSUD>
    <NORD>22338,001</NORD>
    <SARD>1092,718</SARD>
    <SICI>2296,709</SICI>
    <SUD>3049,834</SUD>
  </Fabbisogno>
  <Fabbisogno>
    <Data>20170908</Data>
    <Mercato>MGP</Mercato>
    <Ora>19</Ora>
    <Italia>39248,181</Italia>
    <CNOR>4308,222</CNOR>
    <CSUD>6326,673</CSUD>
    <NORD>21929,661</NORD>
    <SARD>1145,313</SARD>
    <SICI>2333,128</SICI>
    <SUD>3205,184</SUD>
  </Fabbisogno>
  <Fabbisogno>
    <Data>20170908</Data>
    <Mercato>MGP</Mercato>
    <Ora>20</Ora>
    <Italia>39875,642</Italia>
    <CNOR>4404,607</CNOR>
    <CSUD>6625,984</CSUD>
    <NORD>21767,662</NORD>
    <SARD>1180,415</SARD>
    <SICI>2467,201</SICI>
    <SUD>3429,773</SUD>
  </Fabbisogno>
  <Fabbisogno>
    <Data>20170908</Data>
    <Mercato>MGP</Mercato>
    <Ora>21</Ora>
    <Italia>39992,755</Italia>
    <CNOR>4371,304</CNOR>
    <CSUD>6682,184</CSUD>
    <NORD>21653,428</NORD>
    <SARD>1243,938</SARD>
    <SICI>2562,32</SICI>
    <SUD>3479,581</SUD>
  </Fabbisogno>
  <Fabbisogno>
    <Data>20170908</Data>
    <Mercato>MGP</Mercato>
    <Ora>22</Ora>
    <Italia>36940,86</Italia>
    <CNOR>4017,985</CNOR>
    <CSUD>6127,973</CSUD>
    <NORD>20128,635</NORD>
    <SARD>1161,29</SARD>
    <SICI>2343,255</SICI>
    <SUD>3161,722</SUD>
  </Fabbisogno>
  <Fabbisogno>
    <Data>20170908</Data>
    <Mercato>MGP</Mercato>
    <Ora>23</Ora>
    <Italia>33792,891</Italia>
    <CNOR>3668,551</CNOR>
    <CSUD>5632,777</CSUD>
    <NORD>18349,747</NORD>
    <SARD>1082,064</SARD>
    <SICI>2165,54</SICI>
    <SUD>2894,212</SUD>
  </Fabbisogno>
  <Fabbisogno>
    <Data>20170908</Data>
    <Mercato>MGP</Mercato>
    <Ora>24</Ora>
    <Italia>30899,569</Italia>
    <CNOR>3340,503</CNOR>
    <CSUD>5087,024</CSUD>
    <NORD>16884,255</NORD>
    <SARD>1001,506</SARD>
    <SICI>1970,547</SICI>
    <SUD>2615,734</SUD>
  </Fabbisogno>
</NewDataSet>