<?xml version="1.0" standalone="yes"?>
<NewDataSet>
  <xs:schema id="NewDataSet" xmlns="" xmlns:xs="http://www.w3.org/2001/XMLSchema" xmlns:msdata="urn:schemas-microsoft-com:xml-msdata">
    <xs:element name="NewDataSet" msdata:IsDataSet="true" msdata:UseCurrentLocale="true">
      <xs:complexType>
        <xs:choice minOccurs="0" maxOccurs="unbounded">
          <xs:element name="Fabbisogno">
            <xs:complexType>
              <xs:sequence>
                <xs:element name="Data" type="xs:string" minOccurs="0" />
                <xs:element name="Mercato" type="xs:string" minOccurs="0" />
                <xs:element name="Ora" type="xs:string" minOccurs="0" />
                <xs:element name="Italia" type="xs:string" minOccurs="0" />
                <xs:element name="CNOR" type="xs:string" minOccurs="0" />
                <xs:element name="CSUD" type="xs:string" minOccurs="0" />
                <xs:element name="NORD" type="xs:string" minOccurs="0" />
                <xs:element name="SARD" type="xs:string" minOccurs="0" />
                <xs:element name="SICI" type="xs:string" minOccurs="0" />
                <xs:element name="SUD" type="xs:string" minOccurs="0" />
              </xs:sequence>
            </xs:complexType>
          </xs:element>
        </xs:choice>
      </xs:complexType>
    </xs:element>
  </xs:schema>
  <Fabbisogno>
    <Data>20150630</Data>
    <Mercato>MGP</Mercato>
    <Ora>1</Ora>
    <Italia>29716,05</Italia>
    <CNOR>3223,768</CNOR>
    <CSUD>5153,114</CSUD>
    <NORD>15266,422</NORD>
    <SARD>1046,119</SARD>
    <SICI>1754,116</SICI>
    <SUD>3272,511</SUD>
  </Fabbisogno>
  <Fabbisogno>
    <Data>20150630</Data>
    <Mercato>MGP</Mercato>
    <Ora>2</Ora>
    <Italia>27886,444</Italia>
    <CNOR>3008,238</CNOR>
    <CSUD>4781,158</CSUD>
    <NORD>14410,978</NORD>
    <SARD>990,615</SARD>
    <SICI>1618,832</SICI>
    <SUD>3076,623</SUD>
  </Fabbisogno>
  <Fabbisogno>
    <Data>20150630</Data>
    <Mercato>MGP</Mercato>
    <Ora>3</Ora>
    <Italia>27063,602</Italia>
    <CNOR>2885,68</CNOR>
    <CSUD>4562,197</CSUD>
    <NORD>14161,723</NORD>
    <SARD>947,257</SARD>
    <SICI>1543,898</SICI>
    <SUD>2962,847</SUD>
  </Fabbisogno>
  <Fabbisogno>
    <Data>20150630</Data>
    <Mercato>MGP</Mercato>
    <Ora>4</Ora>
    <Italia>26747,663</Italia>
    <CNOR>2827,436</CNOR>
    <CSUD>4495,981</CSUD>
    <NORD>14011,556</NORD>
    <SARD>950,714</SARD>
    <SICI>1503,36</SICI>
    <SUD>2958,616</SUD>
  </Fabbisogno>
  <Fabbisogno>
    <Data>20150630</Data>
    <Mercato>MGP</Mercato>
    <Ora>5</Ora>
    <Italia>26762,277</Italia>
    <CNOR>2777,478</CNOR>
    <CSUD>4404,017</CSUD>
    <NORD>14265,484</NORD>
    <SARD>932,231</SARD>
    <SICI>1491,802</SICI>
    <SUD>2891,265</SUD>
  </Fabbisogno>
  <Fabbisogno>
    <Data>20150630</Data>
    <Mercato>MGP</Mercato>
    <Ora>6</Ora>
    <Italia>27009,873</Italia>
    <CNOR>2758,095</CNOR>
    <CSUD>4389,171</CSUD>
    <NORD>14630,853</NORD>
    <SARD>935,068</SARD>
    <SICI>1482,304</SICI>
    <SUD>2814,382</SUD>
  </Fabbisogno>
  <Fabbisogno>
    <Data>20150630</Data>
    <Mercato>MGP</Mercato>
    <Ora>7</Ora>
    <Italia>29711,119</Italia>
    <CNOR>3011,888</CNOR>
    <CSUD>4696,931</CSUD>
    <NORD>16600,651</NORD>
    <SARD>965,521</SARD>
    <SICI>1501,602</SICI>
    <SUD>2934,526</SUD>
  </Fabbisogno>
  <Fabbisogno>
    <Data>20150630</Data>
    <Mercato>MGP</Mercato>
    <Ora>8</Ora>
    <Italia>35389,688</Italia>
    <CNOR>3398,593</CNOR>
    <CSUD>5174,068</CSUD>
    <NORD>21011,483</NORD>
    <SARD>1015,845</SARD>
    <SICI>1577,274</SICI>
    <SUD>3212,425</SUD>
  </Fabbisogno>
  <Fabbisogno>
    <Data>20150630</Data>
    <Mercato>MGP</Mercato>
    <Ora>9</Ora>
    <Italia>39231,499</Italia>
    <CNOR>3749,415</CNOR>
    <CSUD>5331,73</CSUD>
    <NORD>23844,564</NORD>
    <SARD>1072,327</SARD>
    <SICI>1804,183</SICI>
    <SUD>3429,28</SUD>
  </Fabbisogno>
  <Fabbisogno>
    <Data>20150630</Data>
    <Mercato>MGP</Mercato>
    <Ora>10</Ora>
    <Italia>41220,861</Italia>
    <CNOR>3821,206</CNOR>
    <CSUD>5706,646</CSUD>
    <NORD>25155,2</NORD>
    <SARD>1086,89</SARD>
    <SICI>1880,134</SICI>
    <SUD>3570,785</SUD>
  </Fabbisogno>
  <Fabbisogno>
    <Data>20150630</Data>
    <Mercato>MGP</Mercato>
    <Ora>11</Ora>
    <Italia>42217,275</Italia>
    <CNOR>4059,443</CNOR>
    <CSUD>6309,975</CSUD>
    <NORD>25239,888</NORD>
    <SARD>1091,526</SARD>
    <SICI>1872,134</SICI>
    <SUD>3644,309</SUD>
  </Fabbisogno>
  <Fabbisogno>
    <Data>20150630</Data>
    <Mercato>MGP</Mercato>
    <Ora>12</Ora>
    <Italia>41793,05</Italia>
    <CNOR>4119,885</CNOR>
    <CSUD>6488,181</CSUD>
    <NORD>24556,295</NORD>
    <SARD>1082,732</SARD>
    <SICI>1863,248</SICI>
    <SUD>3682,709</SUD>
  </Fabbisogno>
  <Fabbisogno>
    <Data>20150630</Data>
    <Mercato>MGP</Mercato>
    <Ora>13</Ora>
    <Italia>40634,805</Italia>
    <CNOR>3830,615</CNOR>
    <CSUD>6458,914</CSUD>
    <NORD>23731,17</NORD>
    <SARD>1081,007</SARD>
    <SICI>1857,154</SICI>
    <SUD>3675,945</SUD>
  </Fabbisogno>
  <Fabbisogno>
    <Data>20150630</Data>
    <Mercato>MGP</Mercato>
    <Ora>14</Ora>
    <Italia>40433,671</Italia>
    <CNOR>3717,241</CNOR>
    <CSUD>6198,436</CSUD>
    <NORD>24111,28</NORD>
    <SARD>1043,855</SARD>
    <SICI>1793,92</SICI>
    <SUD>3568,939</SUD>
  </Fabbisogno>
  <Fabbisogno>
    <Data>20150630</Data>
    <Mercato>MGP</Mercato>
    <Ora>15</Ora>
    <Italia>40589,176</Italia>
    <CNOR>3731,571</CNOR>
    <CSUD>5730,894</CSUD>
    <NORD>25074,202</NORD>
    <SARD>980,222</SARD>
    <SICI>1739,751</SICI>
    <SUD>3332,536</SUD>
  </Fabbisogno>
  <Fabbisogno>
    <Data>20150630</Data>
    <Mercato>MGP</Mercato>
    <Ora>16</Ora>
    <Italia>41897,557</Italia>
    <CNOR>3811,834</CNOR>
    <CSUD>6195,172</CSUD>
    <NORD>25701,416</NORD>
    <SARD>1010,695</SARD>
    <SICI>1740,195</SICI>
    <SUD>3438,245</SUD>
  </Fabbisogno>
  <Fabbisogno>
    <Data>20150630</Data>
    <Mercato>MGP</Mercato>
    <Ora>17</Ora>
    <Italia>42555,964</Italia>
    <CNOR>4088,576</CNOR>
    <CSUD>6306,04</CSUD>
    <NORD>25640,091</NORD>
    <SARD>1046,63</SARD>
    <SICI>1939,002</SICI>
    <SUD>3535,625</SUD>
  </Fabbisogno>
  <Fabbisogno>
    <Data>20150630</Data>
    <Mercato>MGP</Mercato>
    <Ora>18</Ora>
    <Italia>41261,09</Italia>
    <CNOR>3845,448</CNOR>
    <CSUD>5752,646</CSUD>
    <NORD>25090,029</NORD>
    <SARD>1041,85</SARD>
    <SICI>1887,005</SICI>
    <SUD>3644,112</SUD>
  </Fabbisogno>
  <Fabbisogno>
    <Data>20150630</Data>
    <Mercato>MGP</Mercato>
    <Ora>19</Ora>
    <Italia>40220,317</Italia>
    <CNOR>3781,174</CNOR>
    <CSUD>5876,194</CSUD>
    <NORD>23690,477</NORD>
    <SARD>1109,726</SARD>
    <SICI>1910,77</SICI>
    <SUD>3851,976</SUD>
  </Fabbisogno>
  <Fabbisogno>
    <Data>20150630</Data>
    <Mercato>MGP</Mercato>
    <Ora>20</Ora>
    <Italia>39845,139</Italia>
    <CNOR>4137,215</CNOR>
    <CSUD>6728,374</CSUD>
    <NORD>21659,307</NORD>
    <SARD>1194,862</SARD>
    <SICI>2018,859</SICI>
    <SUD>4106,522</SUD>
  </Fabbisogno>
  <Fabbisogno>
    <Data>20150630</Data>
    <Mercato>MGP</Mercato>
    <Ora>21</Ora>
    <Italia>39028,818</Italia>
    <CNOR>4083,345</CNOR>
    <CSUD>6937,876</CSUD>
    <NORD>20257,739</NORD>
    <SARD>1249,317</SARD>
    <SICI>2173,665</SICI>
    <SUD>4326,876</SUD>
  </Fabbisogno>
  <Fabbisogno>
    <Data>20150630</Data>
    <Mercato>MGP</Mercato>
    <Ora>22</Ora>
    <Italia>38846,376</Italia>
    <CNOR>4191,027</CNOR>
    <CSUD>7003,591</CSUD>
    <NORD>19972,567</NORD>
    <SARD>1269,294</SARD>
    <SICI>2172,704</SICI>
    <SUD>4237,193</SUD>
  </Fabbisogno>
  <Fabbisogno>
    <Data>20150630</Data>
    <Mercato>MGP</Mercato>
    <Ora>23</Ora>
    <Italia>36230,444</Italia>
    <CNOR>3918,215</CNOR>
    <CSUD>6526,139</CSUD>
    <NORD>18538,473</NORD>
    <SARD>1201,879</SARD>
    <SICI>2060,409</SICI>
    <SUD>3985,329</SUD>
  </Fabbisogno>
  <Fabbisogno>
    <Data>20150630</Data>
    <Mercato>MGP</Mercato>
    <Ora>24</Ora>
    <Italia>33184,515</Italia>
    <CNOR>3579,102</CNOR>
    <CSUD>5997,873</CSUD>
    <NORD>16845,006</NORD>
    <SARD>1117,179</SARD>
    <SICI>1952,288</SICI>
    <SUD>3693,067</SUD>
  </Fabbisogno>
</NewDataSet>