<?xml version="1.0" standalone="yes"?>
<NewDataSet>
  <xs:schema id="NewDataSet" xmlns="" xmlns:xs="http://www.w3.org/2001/XMLSchema" xmlns:msdata="urn:schemas-microsoft-com:xml-msdata">
    <xs:element name="NewDataSet" msdata:IsDataSet="true" msdata:UseCurrentLocale="true">
      <xs:complexType>
        <xs:choice minOccurs="0" maxOccurs="unbounded">
          <xs:element name="Fabbisogno">
            <xs:complexType>
              <xs:sequence>
                <xs:element name="Data" type="xs:string" minOccurs="0" />
                <xs:element name="Mercato" type="xs:string" minOccurs="0" />
                <xs:element name="Ora" type="xs:string" minOccurs="0" />
                <xs:element name="Italia" type="xs:string" minOccurs="0" />
                <xs:element name="CNOR" type="xs:string" minOccurs="0" />
                <xs:element name="CSUD" type="xs:string" minOccurs="0" />
                <xs:element name="NORD" type="xs:string" minOccurs="0" />
                <xs:element name="SARD" type="xs:string" minOccurs="0" />
                <xs:element name="SICI" type="xs:string" minOccurs="0" />
                <xs:element name="SUD" type="xs:string" minOccurs="0" />
              </xs:sequence>
            </xs:complexType>
          </xs:element>
        </xs:choice>
      </xs:complexType>
    </xs:element>
  </xs:schema>
  <Fabbisogno>
    <Data>20150609</Data>
    <Mercato>MGP</Mercato>
    <Ora>1</Ora>
    <Italia>29180,052</Italia>
    <CNOR>2996,073</CNOR>
    <CSUD>4592,033</CSUD>
    <NORD>15773,98</NORD>
    <SARD>979,477</SARD>
    <SICI>1517,887</SICI>
    <SUD>3320,602</SUD>
  </Fabbisogno>
  <Fabbisogno>
    <Data>20150609</Data>
    <Mercato>MGP</Mercato>
    <Ora>2</Ora>
    <Italia>26968,397</Italia>
    <CNOR>2784,454</CNOR>
    <CSUD>4219,495</CSUD>
    <NORD>14500,522</NORD>
    <SARD>925,281</SARD>
    <SICI>1397,523</SICI>
    <SUD>3141,122</SUD>
  </Fabbisogno>
  <Fabbisogno>
    <Data>20150609</Data>
    <Mercato>MGP</Mercato>
    <Ora>3</Ora>
    <Italia>26011,744</Italia>
    <CNOR>2463,856</CNOR>
    <CSUD>3777,359</CSUD>
    <NORD>14647,851</NORD>
    <SARD>879,74</SARD>
    <SICI>1221,508</SICI>
    <SUD>3021,43</SUD>
  </Fabbisogno>
  <Fabbisogno>
    <Data>20150609</Data>
    <Mercato>MGP</Mercato>
    <Ora>4</Ora>
    <Italia>25514,916</Italia>
    <CNOR>2637,104</CNOR>
    <CSUD>3928,691</CSUD>
    <NORD>13760,845</NORD>
    <SARD>879,87</SARD>
    <SICI>1295,099</SICI>
    <SUD>3013,307</SUD>
  </Fabbisogno>
  <Fabbisogno>
    <Data>20150609</Data>
    <Mercato>MGP</Mercato>
    <Ora>5</Ora>
    <Italia>25593,218</Italia>
    <CNOR>2605,749</CNOR>
    <CSUD>3895,88</CSUD>
    <NORD>13935,34</NORD>
    <SARD>862,946</SARD>
    <SICI>1291,656</SICI>
    <SUD>3001,647</SUD>
  </Fabbisogno>
  <Fabbisogno>
    <Data>20150609</Data>
    <Mercato>MGP</Mercato>
    <Ora>6</Ora>
    <Italia>25740,958</Italia>
    <CNOR>2589,783</CNOR>
    <CSUD>3824,19</CSUD>
    <NORD>14410,533</NORD>
    <SARD>848,52</SARD>
    <SICI>1197,737</SICI>
    <SUD>2870,195</SUD>
  </Fabbisogno>
  <Fabbisogno>
    <Data>20150609</Data>
    <Mercato>MGP</Mercato>
    <Ora>7</Ora>
    <Italia>28509,414</Italia>
    <CNOR>2660,728</CNOR>
    <CSUD>3801,406</CSUD>
    <NORD>16903,806</NORD>
    <SARD>843,423</SARD>
    <SICI>1295,85</SICI>
    <SUD>3004,201</SUD>
  </Fabbisogno>
  <Fabbisogno>
    <Data>20150609</Data>
    <Mercato>MGP</Mercato>
    <Ora>8</Ora>
    <Italia>33912,115</Italia>
    <CNOR>3105,553</CNOR>
    <CSUD>4423,201</CSUD>
    <NORD>20467,38</NORD>
    <SARD>936,557</SARD>
    <SICI>1499,079</SICI>
    <SUD>3480,345</SUD>
  </Fabbisogno>
  <Fabbisogno>
    <Data>20150609</Data>
    <Mercato>MGP</Mercato>
    <Ora>9</Ora>
    <Italia>39374,449</Italia>
    <CNOR>3742,707</CNOR>
    <CSUD>5367,995</CSUD>
    <NORD>23500,729</NORD>
    <SARD>1074,551</SARD>
    <SICI>1696,691</SICI>
    <SUD>3991,776</SUD>
  </Fabbisogno>
  <Fabbisogno>
    <Data>20150609</Data>
    <Mercato>MGP</Mercato>
    <Ora>10</Ora>
    <Italia>41033,913</Italia>
    <CNOR>3873,905</CNOR>
    <CSUD>5754,539</CSUD>
    <NORD>24444,248</NORD>
    <SARD>1084,106</SARD>
    <SICI>1760,511</SICI>
    <SUD>4116,604</SUD>
  </Fabbisogno>
  <Fabbisogno>
    <Data>20150609</Data>
    <Mercato>MGP</Mercato>
    <Ora>11</Ora>
    <Italia>41361,203</Italia>
    <CNOR>3727,676</CNOR>
    <CSUD>5870,344</CSUD>
    <NORD>24844,388</NORD>
    <SARD>1034,914</SARD>
    <SICI>1753,163</SICI>
    <SUD>4130,718</SUD>
  </Fabbisogno>
  <Fabbisogno>
    <Data>20150609</Data>
    <Mercato>MGP</Mercato>
    <Ora>12</Ora>
    <Italia>41818,558</Italia>
    <CNOR>3950,35</CNOR>
    <CSUD>5943,871</CSUD>
    <NORD>24944,216</NORD>
    <SARD>1031,535</SARD>
    <SICI>1773,127</SICI>
    <SUD>4175,459</SUD>
  </Fabbisogno>
  <Fabbisogno>
    <Data>20150609</Data>
    <Mercato>MGP</Mercato>
    <Ora>13</Ora>
    <Italia>39889,778</Italia>
    <CNOR>3685,87</CNOR>
    <CSUD>5953,955</CSUD>
    <NORD>23358,957</NORD>
    <SARD>1026,164</SARD>
    <SICI>1743,014</SICI>
    <SUD>4121,818</SUD>
  </Fabbisogno>
  <Fabbisogno>
    <Data>20150609</Data>
    <Mercato>MGP</Mercato>
    <Ora>14</Ora>
    <Italia>38718,148</Italia>
    <CNOR>3348,363</CNOR>
    <CSUD>5302,534</CSUD>
    <NORD>23540,707</NORD>
    <SARD>946,397</SARD>
    <SICI>1684,046</SICI>
    <SUD>3896,101</SUD>
  </Fabbisogno>
  <Fabbisogno>
    <Data>20150609</Data>
    <Mercato>MGP</Mercato>
    <Ora>15</Ora>
    <Italia>39890,039</Italia>
    <CNOR>3551,437</CNOR>
    <CSUD>5331,734</CSUD>
    <NORD>24610,034</NORD>
    <SARD>928,52</SARD>
    <SICI>1650,194</SICI>
    <SUD>3818,12</SUD>
  </Fabbisogno>
  <Fabbisogno>
    <Data>20150609</Data>
    <Mercato>MGP</Mercato>
    <Ora>16</Ora>
    <Italia>40528,959</Italia>
    <CNOR>3629,005</CNOR>
    <CSUD>5336,419</CSUD>
    <NORD>25181,802</NORD>
    <SARD>917,863</SARD>
    <SICI>1640,511</SICI>
    <SUD>3823,359</SUD>
  </Fabbisogno>
  <Fabbisogno>
    <Data>20150609</Data>
    <Mercato>MGP</Mercato>
    <Ora>17</Ora>
    <Italia>41317,769</Italia>
    <CNOR>3761,625</CNOR>
    <CSUD>5542,532</CSUD>
    <NORD>25306,896</NORD>
    <SARD>971,388</SARD>
    <SICI>1705,486</SICI>
    <SUD>4029,842</SUD>
  </Fabbisogno>
  <Fabbisogno>
    <Data>20150609</Data>
    <Mercato>MGP</Mercato>
    <Ora>18</Ora>
    <Italia>40181,06</Italia>
    <CNOR>3745,473</CNOR>
    <CSUD>5523,923</CSUD>
    <NORD>24009,059</NORD>
    <SARD>1015,796</SARD>
    <SICI>1778,087</SICI>
    <SUD>4108,722</SUD>
  </Fabbisogno>
  <Fabbisogno>
    <Data>20150609</Data>
    <Mercato>MGP</Mercato>
    <Ora>19</Ora>
    <Italia>39665,028</Italia>
    <CNOR>3937,439</CNOR>
    <CSUD>6039,758</CSUD>
    <NORD>22321,982</NORD>
    <SARD>1147,737</SARD>
    <SICI>1814,497</SICI>
    <SUD>4403,615</SUD>
  </Fabbisogno>
  <Fabbisogno>
    <Data>20150609</Data>
    <Mercato>MGP</Mercato>
    <Ora>20</Ora>
    <Italia>38547,837</Italia>
    <CNOR>3980,645</CNOR>
    <CSUD>6190,209</CSUD>
    <NORD>20774,802</NORD>
    <SARD>1203,695</SARD>
    <SICI>1925,402</SICI>
    <SUD>4473,084</SUD>
  </Fabbisogno>
  <Fabbisogno>
    <Data>20150609</Data>
    <Mercato>MGP</Mercato>
    <Ora>21</Ora>
    <Italia>38470,58</Italia>
    <CNOR>3927,155</CNOR>
    <CSUD>6276,286</CSUD>
    <NORD>20317,07</NORD>
    <SARD>1246,426</SARD>
    <SICI>2091,11</SICI>
    <SUD>4612,533</SUD>
  </Fabbisogno>
  <Fabbisogno>
    <Data>20150609</Data>
    <Mercato>MGP</Mercato>
    <Ora>22</Ora>
    <Italia>38488,506</Italia>
    <CNOR>4022,949</CNOR>
    <CSUD>6376,249</CSUD>
    <NORD>20226,502</NORD>
    <SARD>1262,775</SARD>
    <SICI>2088,058</SICI>
    <SUD>4511,973</SUD>
  </Fabbisogno>
  <Fabbisogno>
    <Data>20150609</Data>
    <Mercato>MGP</Mercato>
    <Ora>23</Ora>
    <Italia>35512,227</Italia>
    <CNOR>3764,559</CNOR>
    <CSUD>5853,607</CSUD>
    <NORD>18558,875</NORD>
    <SARD>1196,894</SARD>
    <SICI>1904,199</SICI>
    <SUD>4234,093</SUD>
  </Fabbisogno>
  <Fabbisogno>
    <Data>20150609</Data>
    <Mercato>MGP</Mercato>
    <Ora>24</Ora>
    <Italia>32600,536</Italia>
    <CNOR>3435,261</CNOR>
    <CSUD>5325,33</CSUD>
    <NORD>17081,012</NORD>
    <SARD>1109,151</SARD>
    <SICI>1707,212</SICI>
    <SUD>3942,57</SUD>
  </Fabbisogno>
</NewDataSet>