<?xml version="1.0" standalone="yes"?>
<NewDataSet>
  <xs:schema id="NewDataSet" xmlns="" xmlns:xs="http://www.w3.org/2001/XMLSchema" xmlns:msdata="urn:schemas-microsoft-com:xml-msdata">
    <xs:element name="NewDataSet" msdata:IsDataSet="true" msdata:UseCurrentLocale="true">
      <xs:complexType>
        <xs:choice minOccurs="0" maxOccurs="unbounded">
          <xs:element name="Fabbisogno">
            <xs:complexType>
              <xs:sequence>
                <xs:element name="Data" type="xs:string" minOccurs="0" />
                <xs:element name="Mercato" type="xs:string" minOccurs="0" />
                <xs:element name="Ora" type="xs:string" minOccurs="0" />
                <xs:element name="Italia" type="xs:string" minOccurs="0" />
                <xs:element name="CNOR" type="xs:string" minOccurs="0" />
                <xs:element name="CSUD" type="xs:string" minOccurs="0" />
                <xs:element name="NORD" type="xs:string" minOccurs="0" />
                <xs:element name="SARD" type="xs:string" minOccurs="0" />
                <xs:element name="SICI" type="xs:string" minOccurs="0" />
                <xs:element name="SUD" type="xs:string" minOccurs="0" />
              </xs:sequence>
            </xs:complexType>
          </xs:element>
        </xs:choice>
      </xs:complexType>
    </xs:element>
  </xs:schema>
  <Fabbisogno>
    <Data>20150608</Data>
    <Mercato>MGP</Mercato>
    <Ora>1</Ora>
    <Italia>25413,226</Italia>
    <CNOR>2614,693</CNOR>
    <CSUD>4278,964</CSUD>
    <NORD>12781,448</NORD>
    <SARD>954,31</SARD>
    <SICI>1470,298</SICI>
    <SUD>3313,513</SUD>
  </Fabbisogno>
  <Fabbisogno>
    <Data>20150608</Data>
    <Mercato>MGP</Mercato>
    <Ora>2</Ora>
    <Italia>23724,712</Italia>
    <CNOR>2525,139</CNOR>
    <CSUD>3953,524</CSUD>
    <NORD>11859,591</NORD>
    <SARD>911,438</SARD>
    <SICI>1343,518</SICI>
    <SUD>3131,502</SUD>
  </Fabbisogno>
  <Fabbisogno>
    <Data>20150608</Data>
    <Mercato>MGP</Mercato>
    <Ora>3</Ora>
    <Italia>23333,809</Italia>
    <CNOR>2299,443</CNOR>
    <CSUD>3681,308</CSUD>
    <NORD>12347,569</NORD>
    <SARD>854,027</SARD>
    <SICI>1166,722</SICI>
    <SUD>2984,74</SUD>
  </Fabbisogno>
  <Fabbisogno>
    <Data>20150608</Data>
    <Mercato>MGP</Mercato>
    <Ora>4</Ora>
    <Italia>23009,762</Italia>
    <CNOR>2382,59</CNOR>
    <CSUD>3788,229</CSUD>
    <NORD>11691,674</NORD>
    <SARD>868,839</SARD>
    <SICI>1310,278</SICI>
    <SUD>2968,152</SUD>
  </Fabbisogno>
  <Fabbisogno>
    <Data>20150608</Data>
    <Mercato>MGP</Mercato>
    <Ora>5</Ora>
    <Italia>23199,586</Italia>
    <CNOR>2375,596</CNOR>
    <CSUD>3699,518</CSUD>
    <NORD>12161,321</NORD>
    <SARD>836,235</SARD>
    <SICI>1251,394</SICI>
    <SUD>2875,522</SUD>
  </Fabbisogno>
  <Fabbisogno>
    <Data>20150608</Data>
    <Mercato>MGP</Mercato>
    <Ora>6</Ora>
    <Italia>24383,908</Italia>
    <CNOR>2370,552</CNOR>
    <CSUD>3710,473</CSUD>
    <NORD>13521,513</NORD>
    <SARD>845,42</SARD>
    <SICI>1162,903</SICI>
    <SUD>2773,047</SUD>
  </Fabbisogno>
  <Fabbisogno>
    <Data>20150608</Data>
    <Mercato>MGP</Mercato>
    <Ora>7</Ora>
    <Italia>27320,905</Italia>
    <CNOR>2499,865</CNOR>
    <CSUD>3637,337</CSUD>
    <NORD>16267,899</NORD>
    <SARD>831,217</SARD>
    <SICI>1262,413</SICI>
    <SUD>2822,174</SUD>
  </Fabbisogno>
  <Fabbisogno>
    <Data>20150608</Data>
    <Mercato>MGP</Mercato>
    <Ora>8</Ora>
    <Italia>32740,04</Italia>
    <CNOR>2982,99</CNOR>
    <CSUD>4296,346</CSUD>
    <NORD>19766,474</NORD>
    <SARD>934,334</SARD>
    <SICI>1490,215</SICI>
    <SUD>3269,681</SUD>
  </Fabbisogno>
  <Fabbisogno>
    <Data>20150608</Data>
    <Mercato>MGP</Mercato>
    <Ora>9</Ora>
    <Italia>38172,633</Italia>
    <CNOR>3538,023</CNOR>
    <CSUD>5263,117</CSUD>
    <NORD>22850,844</NORD>
    <SARD>1056,913</SARD>
    <SICI>1683,286</SICI>
    <SUD>3780,45</SUD>
  </Fabbisogno>
  <Fabbisogno>
    <Data>20150608</Data>
    <Mercato>MGP</Mercato>
    <Ora>10</Ora>
    <Italia>40121,752</Italia>
    <CNOR>3708,3</CNOR>
    <CSUD>5668,745</CSUD>
    <NORD>23834,831</NORD>
    <SARD>1080,135</SARD>
    <SICI>1848,34</SICI>
    <SUD>3981,401</SUD>
  </Fabbisogno>
  <Fabbisogno>
    <Data>20150608</Data>
    <Mercato>MGP</Mercato>
    <Ora>11</Ora>
    <Italia>40471,651</Italia>
    <CNOR>3739,615</CNOR>
    <CSUD>5753,699</CSUD>
    <NORD>24267,861</NORD>
    <SARD>1036,779</SARD>
    <SICI>1758,975</SICI>
    <SUD>3914,722</SUD>
  </Fabbisogno>
  <Fabbisogno>
    <Data>20150608</Data>
    <Mercato>MGP</Mercato>
    <Ora>12</Ora>
    <Italia>40918,315</Italia>
    <CNOR>3783,118</CNOR>
    <CSUD>5835,306</CSUD>
    <NORD>24479,175</NORD>
    <SARD>1025,448</SARD>
    <SICI>1858,213</SICI>
    <SUD>3937,055</SUD>
  </Fabbisogno>
  <Fabbisogno>
    <Data>20150608</Data>
    <Mercato>MGP</Mercato>
    <Ora>13</Ora>
    <Italia>39249,357</Italia>
    <CNOR>3561,715</CNOR>
    <CSUD>5888,209</CSUD>
    <NORD>22959,227</NORD>
    <SARD>1015,341</SARD>
    <SICI>1859,624</SICI>
    <SUD>3965,241</SUD>
  </Fabbisogno>
  <Fabbisogno>
    <Data>20150608</Data>
    <Mercato>MGP</Mercato>
    <Ora>14</Ora>
    <Italia>38134,293</Italia>
    <CNOR>3300,935</CNOR>
    <CSUD>5300,952</CSUD>
    <NORD>23044,504</NORD>
    <SARD>953,27</SARD>
    <SICI>1711,719</SICI>
    <SUD>3822,913</SUD>
  </Fabbisogno>
  <Fabbisogno>
    <Data>20150608</Data>
    <Mercato>MGP</Mercato>
    <Ora>15</Ora>
    <Italia>39771,206</Italia>
    <CNOR>3505,887</CNOR>
    <CSUD>5760,593</CSUD>
    <NORD>24121,196</NORD>
    <SARD>969,417</SARD>
    <SICI>1677,31</SICI>
    <SUD>3736,803</SUD>
  </Fabbisogno>
  <Fabbisogno>
    <Data>20150608</Data>
    <Mercato>MGP</Mercato>
    <Ora>16</Ora>
    <Italia>39704,025</Italia>
    <CNOR>3612,098</CNOR>
    <CSUD>5351,014</CSUD>
    <NORD>24401,052</NORD>
    <SARD>931,054</SARD>
    <SICI>1686,147</SICI>
    <SUD>3722,66</SUD>
  </Fabbisogno>
  <Fabbisogno>
    <Data>20150608</Data>
    <Mercato>MGP</Mercato>
    <Ora>17</Ora>
    <Italia>40868,266</Italia>
    <CNOR>3897,453</CNOR>
    <CSUD>5919,504</CSUD>
    <NORD>24370,232</NORD>
    <SARD>996,997</SARD>
    <SICI>1733,619</SICI>
    <SUD>3950,461</SUD>
  </Fabbisogno>
  <Fabbisogno>
    <Data>20150608</Data>
    <Mercato>MGP</Mercato>
    <Ora>18</Ora>
    <Italia>40262,396</Italia>
    <CNOR>3859,87</CNOR>
    <CSUD>5893,259</CSUD>
    <NORD>23644,407</NORD>
    <SARD>1054,209</SARD>
    <SICI>1777,844</SICI>
    <SUD>4032,807</SUD>
  </Fabbisogno>
  <Fabbisogno>
    <Data>20150608</Data>
    <Mercato>MGP</Mercato>
    <Ora>19</Ora>
    <Italia>39583,347</Italia>
    <CNOR>3902,671</CNOR>
    <CSUD>6025,579</CSUD>
    <NORD>22219,418</NORD>
    <SARD>1140,254</SARD>
    <SICI>1909,97</SICI>
    <SUD>4385,455</SUD>
  </Fabbisogno>
  <Fabbisogno>
    <Data>20150608</Data>
    <Mercato>MGP</Mercato>
    <Ora>20</Ora>
    <Italia>38850,531</Italia>
    <CNOR>3887,022</CNOR>
    <CSUD>6103,029</CSUD>
    <NORD>21325,134</NORD>
    <SARD>1178,991</SARD>
    <SICI>1946,179</SICI>
    <SUD>4410,176</SUD>
  </Fabbisogno>
  <Fabbisogno>
    <Data>20150608</Data>
    <Mercato>MGP</Mercato>
    <Ora>21</Ora>
    <Italia>38391,739</Italia>
    <CNOR>3943,221</CNOR>
    <CSUD>6409,615</CSUD>
    <NORD>20104,62</NORD>
    <SARD>1241,563</SARD>
    <SICI>2131,382</SICI>
    <SUD>4561,338</SUD>
  </Fabbisogno>
  <Fabbisogno>
    <Data>20150608</Data>
    <Mercato>MGP</Mercato>
    <Ora>22</Ora>
    <Italia>38070,703</Italia>
    <CNOR>4018,393</CNOR>
    <CSUD>6353,049</CSUD>
    <NORD>19964,155</NORD>
    <SARD>1255,338</SARD>
    <SICI>2058,862</SICI>
    <SUD>4420,906</SUD>
  </Fabbisogno>
  <Fabbisogno>
    <Data>20150608</Data>
    <Mercato>MGP</Mercato>
    <Ora>23</Ora>
    <Italia>35389,288</Italia>
    <CNOR>3710,354</CNOR>
    <CSUD>5883,866</CSUD>
    <NORD>18561,892</NORD>
    <SARD>1176,95</SARD>
    <SICI>1861,832</SICI>
    <SUD>4194,394</SUD>
  </Fabbisogno>
  <Fabbisogno>
    <Data>20150608</Data>
    <Mercato>MGP</Mercato>
    <Ora>24</Ora>
    <Italia>32081,675</Italia>
    <CNOR>3344,788</CNOR>
    <CSUD>5293,767</CSUD>
    <NORD>16799,786</NORD>
    <SARD>1087,994</SARD>
    <SICI>1677,805</SICI>
    <SUD>3877,535</SUD>
  </Fabbisogno>
</NewDataSet>