<?xml version="1.0" standalone="yes"?>
<NewDataSet>
  <xs:schema id="NewDataSet" xmlns="" xmlns:xs="http://www.w3.org/2001/XMLSchema" xmlns:msdata="urn:schemas-microsoft-com:xml-msdata">
    <xs:element name="NewDataSet" msdata:IsDataSet="true" msdata:UseCurrentLocale="true">
      <xs:complexType>
        <xs:choice minOccurs="0" maxOccurs="unbounded">
          <xs:element name="Fabbisogno">
            <xs:complexType>
              <xs:sequence>
                <xs:element name="Data" type="xs:string" minOccurs="0" />
                <xs:element name="Mercato" type="xs:string" minOccurs="0" />
                <xs:element name="Ora" type="xs:string" minOccurs="0" />
                <xs:element name="Italia" type="xs:string" minOccurs="0" />
                <xs:element name="CNOR" type="xs:string" minOccurs="0" />
                <xs:element name="CSUD" type="xs:string" minOccurs="0" />
                <xs:element name="NORD" type="xs:string" minOccurs="0" />
                <xs:element name="SARD" type="xs:string" minOccurs="0" />
                <xs:element name="SICI" type="xs:string" minOccurs="0" />
                <xs:element name="SUD" type="xs:string" minOccurs="0" />
              </xs:sequence>
            </xs:complexType>
          </xs:element>
        </xs:choice>
      </xs:complexType>
    </xs:element>
  </xs:schema>
  <Fabbisogno>
    <Data>20150628</Data>
    <Mercato>MGP</Mercato>
    <Ora>1</Ora>
    <Italia>26895,422</Italia>
    <CNOR>2909,466</CNOR>
    <CSUD>4981,195</CSUD>
    <NORD>12923,412</NORD>
    <SARD>1060,556</SARD>
    <SICI>1697,933</SICI>
    <SUD>3322,86</SUD>
  </Fabbisogno>
  <Fabbisogno>
    <Data>20150628</Data>
    <Mercato>MGP</Mercato>
    <Ora>2</Ora>
    <Italia>25022,251</Italia>
    <CNOR>2684,157</CNOR>
    <CSUD>4599,242</CSUD>
    <NORD>12014,84</NORD>
    <SARD>984,067</SARD>
    <SICI>1643,511</SICI>
    <SUD>3096,434</SUD>
  </Fabbisogno>
  <Fabbisogno>
    <Data>20150628</Data>
    <Mercato>MGP</Mercato>
    <Ora>3</Ora>
    <Italia>23857,527</Italia>
    <CNOR>2527,001</CNOR>
    <CSUD>4305,473</CSUD>
    <NORD>11568,596</NORD>
    <SARD>925,784</SARD>
    <SICI>1566,694</SICI>
    <SUD>2963,979</SUD>
  </Fabbisogno>
  <Fabbisogno>
    <Data>20150628</Data>
    <Mercato>MGP</Mercato>
    <Ora>4</Ora>
    <Italia>23291,049</Italia>
    <CNOR>2496,912</CNOR>
    <CSUD>4166,578</CSUD>
    <NORD>11276,741</NORD>
    <SARD>930,991</SARD>
    <SICI>1513,867</SICI>
    <SUD>2905,96</SUD>
  </Fabbisogno>
  <Fabbisogno>
    <Data>20150628</Data>
    <Mercato>MGP</Mercato>
    <Ora>5</Ora>
    <Italia>22841,724</Italia>
    <CNOR>2415,98</CNOR>
    <CSUD>4017,157</CSUD>
    <NORD>11209,918</NORD>
    <SARD>904,721</SARD>
    <SICI>1488,482</SICI>
    <SUD>2805,466</SUD>
  </Fabbisogno>
  <Fabbisogno>
    <Data>20150628</Data>
    <Mercato>MGP</Mercato>
    <Ora>6</Ora>
    <Italia>22693,686</Italia>
    <CNOR>2274,349</CNOR>
    <CSUD>3819,406</CSUD>
    <NORD>11644,025</NORD>
    <SARD>892,51</SARD>
    <SICI>1426,45</SICI>
    <SUD>2636,946</SUD>
  </Fabbisogno>
  <Fabbisogno>
    <Data>20150628</Data>
    <Mercato>MGP</Mercato>
    <Ora>7</Ora>
    <Italia>21996,095</Italia>
    <CNOR>2225,17</CNOR>
    <CSUD>3697,506</CSUD>
    <NORD>11267,086</NORD>
    <SARD>883,784</SARD>
    <SICI>1330,464</SICI>
    <SUD>2592,085</SUD>
  </Fabbisogno>
  <Fabbisogno>
    <Data>20150628</Data>
    <Mercato>MGP</Mercato>
    <Ora>8</Ora>
    <Italia>24002,963</Italia>
    <CNOR>2197,236</CNOR>
    <CSUD>3765,836</CSUD>
    <NORD>13124,385</NORD>
    <SARD>872,623</SARD>
    <SICI>1334,531</SICI>
    <SUD>2708,352</SUD>
  </Fabbisogno>
  <Fabbisogno>
    <Data>20150628</Data>
    <Mercato>MGP</Mercato>
    <Ora>9</Ora>
    <Italia>25049,668</Italia>
    <CNOR>2191,441</CNOR>
    <CSUD>3821,353</CSUD>
    <NORD>13878,457</NORD>
    <SARD>908,226</SARD>
    <SICI>1511,432</SICI>
    <SUD>2738,759</SUD>
  </Fabbisogno>
  <Fabbisogno>
    <Data>20150628</Data>
    <Mercato>MGP</Mercato>
    <Ora>10</Ora>
    <Italia>26014,96</Italia>
    <CNOR>2253,958</CNOR>
    <CSUD>4051,325</CSUD>
    <NORD>14320,189</NORD>
    <SARD>926,678</SARD>
    <SICI>1578,755</SICI>
    <SUD>2884,055</SUD>
  </Fabbisogno>
  <Fabbisogno>
    <Data>20150628</Data>
    <Mercato>MGP</Mercato>
    <Ora>11</Ora>
    <Italia>27102,996</Italia>
    <CNOR>2429,75</CNOR>
    <CSUD>4479,214</CSUD>
    <NORD>14751,496</NORD>
    <SARD>903,789</SARD>
    <SICI>1599,141</SICI>
    <SUD>2939,606</SUD>
  </Fabbisogno>
  <Fabbisogno>
    <Data>20150628</Data>
    <Mercato>MGP</Mercato>
    <Ora>12</Ora>
    <Italia>27364,986</Italia>
    <CNOR>2465,297</CNOR>
    <CSUD>4556,922</CSUD>
    <NORD>14852,9</NORD>
    <SARD>892,019</SARD>
    <SICI>1588,947</SICI>
    <SUD>3008,901</SUD>
  </Fabbisogno>
  <Fabbisogno>
    <Data>20150628</Data>
    <Mercato>MGP</Mercato>
    <Ora>13</Ora>
    <Italia>27463,717</Italia>
    <CNOR>2439,606</CNOR>
    <CSUD>4632,88</CSUD>
    <NORD>14868,895</NORD>
    <SARD>899,746</SARD>
    <SICI>1582,019</SICI>
    <SUD>3040,571</SUD>
  </Fabbisogno>
  <Fabbisogno>
    <Data>20150628</Data>
    <Mercato>MGP</Mercato>
    <Ora>14</Ora>
    <Italia>26479,997</Italia>
    <CNOR>2394,08</CNOR>
    <CSUD>4654,555</CSUD>
    <NORD>14053,577</NORD>
    <SARD>909,355</SARD>
    <SICI>1504,658</SICI>
    <SUD>2963,772</SUD>
  </Fabbisogno>
  <Fabbisogno>
    <Data>20150628</Data>
    <Mercato>MGP</Mercato>
    <Ora>15</Ora>
    <Italia>25407,679</Italia>
    <CNOR>2203,45</CNOR>
    <CSUD>4118,527</CSUD>
    <NORD>14133,096</NORD>
    <SARD>821,605</SARD>
    <SICI>1416,688</SICI>
    <SUD>2714,313</SUD>
  </Fabbisogno>
  <Fabbisogno>
    <Data>20150628</Data>
    <Mercato>MGP</Mercato>
    <Ora>16</Ora>
    <Italia>25514,225</Italia>
    <CNOR>2206,488</CNOR>
    <CSUD>4104,573</CSUD>
    <NORD>14281,248</NORD>
    <SARD>802,239</SARD>
    <SICI>1405,532</SICI>
    <SUD>2714,145</SUD>
  </Fabbisogno>
  <Fabbisogno>
    <Data>20150628</Data>
    <Mercato>MGP</Mercato>
    <Ora>17</Ora>
    <Italia>26470,635</Italia>
    <CNOR>2406,532</CNOR>
    <CSUD>4510,698</CSUD>
    <NORD>14266,806</NORD>
    <SARD>861,282</SARD>
    <SICI>1518,848</SICI>
    <SUD>2906,469</SUD>
  </Fabbisogno>
  <Fabbisogno>
    <Data>20150628</Data>
    <Mercato>MGP</Mercato>
    <Ora>18</Ora>
    <Italia>26513,79</Italia>
    <CNOR>2393,225</CNOR>
    <CSUD>4353,946</CSUD>
    <NORD>14366,767</NORD>
    <SARD>878,155</SARD>
    <SICI>1523,396</SICI>
    <SUD>2998,301</SUD>
  </Fabbisogno>
  <Fabbisogno>
    <Data>20150628</Data>
    <Mercato>MGP</Mercato>
    <Ora>19</Ora>
    <Italia>27810,004</Italia>
    <CNOR>2620,277</CNOR>
    <CSUD>4563,907</CSUD>
    <NORD>14814,387</NORD>
    <SARD>955,545</SARD>
    <SICI>1602,319</SICI>
    <SUD>3253,569</SUD>
  </Fabbisogno>
  <Fabbisogno>
    <Data>20150628</Data>
    <Mercato>MGP</Mercato>
    <Ora>20</Ora>
    <Italia>29922,863</Italia>
    <CNOR>3096,288</CNOR>
    <CSUD>5338,163</CSUD>
    <NORD>15104,552</NORD>
    <SARD>1062,649</SARD>
    <SICI>1742,411</SICI>
    <SUD>3578,8</SUD>
  </Fabbisogno>
  <Fabbisogno>
    <Data>20150628</Data>
    <Mercato>MGP</Mercato>
    <Ora>21</Ora>
    <Italia>30232,082</Italia>
    <CNOR>3212,813</CNOR>
    <CSUD>5634,8</CSUD>
    <NORD>14551,598</NORD>
    <SARD>1137,623</SARD>
    <SICI>1830,214</SICI>
    <SUD>3865,034</SUD>
  </Fabbisogno>
  <Fabbisogno>
    <Data>20150628</Data>
    <Mercato>MGP</Mercato>
    <Ora>22</Ora>
    <Italia>31474,491</Italia>
    <CNOR>3365,419</CNOR>
    <CSUD>5912,806</CSUD>
    <NORD>15138,551</NORD>
    <SARD>1176,452</SARD>
    <SICI>1960,871</SICI>
    <SUD>3920,392</SUD>
  </Fabbisogno>
  <Fabbisogno>
    <Data>20150628</Data>
    <Mercato>MGP</Mercato>
    <Ora>23</Ora>
    <Italia>30713,825</Italia>
    <CNOR>3257,93</CNOR>
    <CSUD>5708,188</CSUD>
    <NORD>14963,275</NORD>
    <SARD>1135,729</SARD>
    <SICI>1860,911</SICI>
    <SUD>3787,792</SUD>
  </Fabbisogno>
  <Fabbisogno>
    <Data>20150628</Data>
    <Mercato>MGP</Mercato>
    <Ora>24</Ora>
    <Italia>28343,052</Italia>
    <CNOR>2982,748</CNOR>
    <CSUD>5287,729</CSUD>
    <NORD>13738,924</NORD>
    <SARD>1067,38</SARD>
    <SICI>1761,433</SICI>
    <SUD>3504,838</SUD>
  </Fabbisogno>
</NewDataSet>