<?xml version="1.0" standalone="yes"?>
<NewDataSet>
  <xs:schema id="NewDataSet" xmlns="" xmlns:xs="http://www.w3.org/2001/XMLSchema" xmlns:msdata="urn:schemas-microsoft-com:xml-msdata">
    <xs:element name="NewDataSet" msdata:IsDataSet="true" msdata:UseCurrentLocale="true">
      <xs:complexType>
        <xs:choice minOccurs="0" maxOccurs="unbounded">
          <xs:element name="Fabbisogno">
            <xs:complexType>
              <xs:sequence>
                <xs:element name="Data" type="xs:string" minOccurs="0" />
                <xs:element name="Mercato" type="xs:string" minOccurs="0" />
                <xs:element name="Ora" type="xs:string" minOccurs="0" />
                <xs:element name="Italia" type="xs:string" minOccurs="0" />
                <xs:element name="CNOR" type="xs:string" minOccurs="0" />
                <xs:element name="CSUD" type="xs:string" minOccurs="0" />
                <xs:element name="NORD" type="xs:string" minOccurs="0" />
                <xs:element name="SARD" type="xs:string" minOccurs="0" />
                <xs:element name="SICI" type="xs:string" minOccurs="0" />
                <xs:element name="SUD" type="xs:string" minOccurs="0" />
              </xs:sequence>
            </xs:complexType>
          </xs:element>
        </xs:choice>
      </xs:complexType>
    </xs:element>
  </xs:schema>
  <Fabbisogno>
    <Data>20150617</Data>
    <Mercato>MGP</Mercato>
    <Ora>1</Ora>
    <Italia>29195,673</Italia>
    <CNOR>3093,568</CNOR>
    <CSUD>4763,681</CSUD>
    <NORD>15600,798</NORD>
    <SARD>978,531</SARD>
    <SICI>1457,46</SICI>
    <SUD>3301,635</SUD>
  </Fabbisogno>
  <Fabbisogno>
    <Data>20150617</Data>
    <Mercato>MGP</Mercato>
    <Ora>2</Ora>
    <Italia>27128,125</Italia>
    <CNOR>2935,737</CNOR>
    <CSUD>4475,999</CSUD>
    <NORD>14240,97</NORD>
    <SARD>959,161</SARD>
    <SICI>1333,436</SICI>
    <SUD>3182,822</SUD>
  </Fabbisogno>
  <Fabbisogno>
    <Data>20150617</Data>
    <Mercato>MGP</Mercato>
    <Ora>3</Ora>
    <Italia>26737,189</Italia>
    <CNOR>2811,971</CNOR>
    <CSUD>4220,469</CSUD>
    <NORD>14576,755</NORD>
    <SARD>907,462</SARD>
    <SICI>1271,864</SICI>
    <SUD>2948,668</SUD>
  </Fabbisogno>
  <Fabbisogno>
    <Data>20150617</Data>
    <Mercato>MGP</Mercato>
    <Ora>4</Ora>
    <Italia>25797,751</Italia>
    <CNOR>2762,983</CNOR>
    <CSUD>4160,442</CSUD>
    <NORD>13684,296</NORD>
    <SARD>920,701</SARD>
    <SICI>1231,911</SICI>
    <SUD>3037,418</SUD>
  </Fabbisogno>
  <Fabbisogno>
    <Data>20150617</Data>
    <Mercato>MGP</Mercato>
    <Ora>5</Ora>
    <Italia>26093,159</Italia>
    <CNOR>2766,31</CNOR>
    <CSUD>4172,446</CSUD>
    <NORD>13984,576</NORD>
    <SARD>906,639</SARD>
    <SICI>1228,692</SICI>
    <SUD>3034,496</SUD>
  </Fabbisogno>
  <Fabbisogno>
    <Data>20150617</Data>
    <Mercato>MGP</Mercato>
    <Ora>6</Ora>
    <Italia>26976,165</Italia>
    <CNOR>2760,864</CNOR>
    <CSUD>4111,634</CSUD>
    <NORD>15075,902</NORD>
    <SARD>916,876</SARD>
    <SICI>1243,594</SICI>
    <SUD>2867,295</SUD>
  </Fabbisogno>
  <Fabbisogno>
    <Data>20150617</Data>
    <Mercato>MGP</Mercato>
    <Ora>7</Ora>
    <Italia>29868,422</Italia>
    <CNOR>3065,683</CNOR>
    <CSUD>4467,701</CSUD>
    <NORD>17075,249</NORD>
    <SARD>957,315</SARD>
    <SICI>1301,141</SICI>
    <SUD>3001,333</SUD>
  </Fabbisogno>
  <Fabbisogno>
    <Data>20150617</Data>
    <Mercato>MGP</Mercato>
    <Ora>8</Ora>
    <Italia>34347,355</Italia>
    <CNOR>3383,03</CNOR>
    <CSUD>4776,63</CSUD>
    <NORD>20472,424</NORD>
    <SARD>977,725</SARD>
    <SICI>1489,905</SICI>
    <SUD>3247,641</SUD>
  </Fabbisogno>
  <Fabbisogno>
    <Data>20150617</Data>
    <Mercato>MGP</Mercato>
    <Ora>9</Ora>
    <Italia>39531,681</Italia>
    <CNOR>4053,696</CNOR>
    <CSUD>5879,361</CSUD>
    <NORD>23033,924</NORD>
    <SARD>1111,318</SARD>
    <SICI>1699,696</SICI>
    <SUD>3753,686</SUD>
  </Fabbisogno>
  <Fabbisogno>
    <Data>20150617</Data>
    <Mercato>MGP</Mercato>
    <Ora>10</Ora>
    <Italia>40562,028</Italia>
    <CNOR>4011,057</CNOR>
    <CSUD>5719,047</CSUD>
    <NORD>24143,024</NORD>
    <SARD>1069,839</SARD>
    <SICI>1785,691</SICI>
    <SUD>3833,37</SUD>
  </Fabbisogno>
  <Fabbisogno>
    <Data>20150617</Data>
    <Mercato>MGP</Mercato>
    <Ora>11</Ora>
    <Italia>40816,923</Italia>
    <CNOR>4048,957</CNOR>
    <CSUD>5808,1</CSUD>
    <NORD>24288,549</NORD>
    <SARD>1028,623</SARD>
    <SICI>1771,032</SICI>
    <SUD>3871,662</SUD>
  </Fabbisogno>
  <Fabbisogno>
    <Data>20150617</Data>
    <Mercato>MGP</Mercato>
    <Ora>12</Ora>
    <Italia>41243,425</Italia>
    <CNOR>4247,124</CNOR>
    <CSUD>6287,324</CSUD>
    <NORD>24001,882</NORD>
    <SARD>1050,834</SARD>
    <SICI>1748,908</SICI>
    <SUD>3907,353</SUD>
  </Fabbisogno>
  <Fabbisogno>
    <Data>20150617</Data>
    <Mercato>MGP</Mercato>
    <Ora>13</Ora>
    <Italia>39414,065</Italia>
    <CNOR>4017,359</CNOR>
    <CSUD>6350,713</CSUD>
    <NORD>22311,563</NORD>
    <SARD>1056,448</SARD>
    <SICI>1760,98</SICI>
    <SUD>3917,002</SUD>
  </Fabbisogno>
  <Fabbisogno>
    <Data>20150617</Data>
    <Mercato>MGP</Mercato>
    <Ora>14</Ora>
    <Italia>39163,383</Italia>
    <CNOR>3877,996</CNOR>
    <CSUD>6182,266</CSUD>
    <NORD>22589,902</NORD>
    <SARD>1008,285</SARD>
    <SICI>1711,803</SICI>
    <SUD>3793,131</SUD>
  </Fabbisogno>
  <Fabbisogno>
    <Data>20150617</Data>
    <Mercato>MGP</Mercato>
    <Ora>15</Ora>
    <Italia>39764,171</Italia>
    <CNOR>3907,773</CNOR>
    <CSUD>5717,001</CSUD>
    <NORD>23877,135</NORD>
    <SARD>946,733</SARD>
    <SICI>1685,884</SICI>
    <SUD>3629,645</SUD>
  </Fabbisogno>
  <Fabbisogno>
    <Data>20150617</Data>
    <Mercato>MGP</Mercato>
    <Ora>16</Ora>
    <Italia>41003,39</Italia>
    <CNOR>4197,82</CNOR>
    <CSUD>6172,995</CSUD>
    <NORD>24251,148</NORD>
    <SARD>982,783</SARD>
    <SICI>1700,758</SICI>
    <SUD>3697,886</SUD>
  </Fabbisogno>
  <Fabbisogno>
    <Data>20150617</Data>
    <Mercato>MGP</Mercato>
    <Ora>17</Ora>
    <Italia>41656,315</Italia>
    <CNOR>4329,164</CNOR>
    <CSUD>6308,802</CSUD>
    <NORD>24277,521</NORD>
    <SARD>1010,573</SARD>
    <SICI>1782,623</SICI>
    <SUD>3947,632</SUD>
  </Fabbisogno>
  <Fabbisogno>
    <Data>20150617</Data>
    <Mercato>MGP</Mercato>
    <Ora>18</Ora>
    <Italia>40630,675</Italia>
    <CNOR>4210,529</CNOR>
    <CSUD>6159,262</CSUD>
    <NORD>23375,918</NORD>
    <SARD>1060,074</SARD>
    <SICI>1839,596</SICI>
    <SUD>3985,296</SUD>
  </Fabbisogno>
  <Fabbisogno>
    <Data>20150617</Data>
    <Mercato>MGP</Mercato>
    <Ora>19</Ora>
    <Italia>39701,553</Italia>
    <CNOR>4193,073</CNOR>
    <CSUD>6226,344</CSUD>
    <NORD>22185,142</NORD>
    <SARD>1150,197</SARD>
    <SICI>1888,503</SICI>
    <SUD>4058,294</SUD>
  </Fabbisogno>
  <Fabbisogno>
    <Data>20150617</Data>
    <Mercato>MGP</Mercato>
    <Ora>20</Ora>
    <Italia>37817,124</Italia>
    <CNOR>4265,259</CNOR>
    <CSUD>6534,828</CSUD>
    <NORD>19617,257</NORD>
    <SARD>1194,299</SARD>
    <SICI>1962,253</SICI>
    <SUD>4243,228</SUD>
  </Fabbisogno>
  <Fabbisogno>
    <Data>20150617</Data>
    <Mercato>MGP</Mercato>
    <Ora>21</Ora>
    <Italia>37276,514</Italia>
    <CNOR>4164,094</CNOR>
    <CSUD>6747,457</CSUD>
    <NORD>18649,362</NORD>
    <SARD>1220,875</SARD>
    <SICI>2132,73</SICI>
    <SUD>4361,996</SUD>
  </Fabbisogno>
  <Fabbisogno>
    <Data>20150617</Data>
    <Mercato>MGP</Mercato>
    <Ora>22</Ora>
    <Italia>37334,214</Italia>
    <CNOR>4235,385</CNOR>
    <CSUD>6801,42</CSUD>
    <NORD>18577,723</NORD>
    <SARD>1250,937</SARD>
    <SICI>2129,777</SICI>
    <SUD>4338,972</SUD>
  </Fabbisogno>
  <Fabbisogno>
    <Data>20150617</Data>
    <Mercato>MGP</Mercato>
    <Ora>23</Ora>
    <Italia>34763,647</Italia>
    <CNOR>3994,816</CNOR>
    <CSUD>6139,931</CSUD>
    <NORD>17313,854</NORD>
    <SARD>1177,686</SARD>
    <SICI>1982,83</SICI>
    <SUD>4154,53</SUD>
  </Fabbisogno>
  <Fabbisogno>
    <Data>20150617</Data>
    <Mercato>MGP</Mercato>
    <Ora>24</Ora>
    <Italia>31633,274</Italia>
    <CNOR>3577,69</CNOR>
    <CSUD>5528,186</CSUD>
    <NORD>15853,778</NORD>
    <SARD>1066,593</SARD>
    <SICI>1779,305</SICI>
    <SUD>3827,722</SUD>
  </Fabbisogno>
</NewDataSet>