<?xml version="1.0" standalone="yes"?>
<NewDataSet>
  <xs:schema id="NewDataSet" xmlns="" xmlns:xs="http://www.w3.org/2001/XMLSchema" xmlns:msdata="urn:schemas-microsoft-com:xml-msdata">
    <xs:element name="NewDataSet" msdata:IsDataSet="true" msdata:UseCurrentLocale="true">
      <xs:complexType>
        <xs:choice minOccurs="0" maxOccurs="unbounded">
          <xs:element name="Fabbisogno">
            <xs:complexType>
              <xs:sequence>
                <xs:element name="Data" type="xs:string" minOccurs="0" />
                <xs:element name="Mercato" type="xs:string" minOccurs="0" />
                <xs:element name="Ora" type="xs:string" minOccurs="0" />
                <xs:element name="Italia" type="xs:string" minOccurs="0" />
                <xs:element name="CNOR" type="xs:string" minOccurs="0" />
                <xs:element name="CSUD" type="xs:string" minOccurs="0" />
                <xs:element name="NORD" type="xs:string" minOccurs="0" />
                <xs:element name="SARD" type="xs:string" minOccurs="0" />
                <xs:element name="SICI" type="xs:string" minOccurs="0" />
                <xs:element name="SUD" type="xs:string" minOccurs="0" />
              </xs:sequence>
            </xs:complexType>
          </xs:element>
        </xs:choice>
      </xs:complexType>
    </xs:element>
  </xs:schema>
  <Fabbisogno>
    <Data>20150618</Data>
    <Mercato>MGP</Mercato>
    <Ora>1</Ora>
    <Italia>29318,481</Italia>
    <CNOR>3248,875</CNOR>
    <CSUD>4965,447</CSUD>
    <NORD>15306,761</NORD>
    <SARD>951,392</SARD>
    <SICI>1563,186</SICI>
    <SUD>3282,82</SUD>
  </Fabbisogno>
  <Fabbisogno>
    <Data>20150618</Data>
    <Mercato>MGP</Mercato>
    <Ora>2</Ora>
    <Italia>27622,606</Italia>
    <CNOR>3079,809</CNOR>
    <CSUD>4619,278</CSUD>
    <NORD>14406,377</NORD>
    <SARD>894,66</SARD>
    <SICI>1485,213</SICI>
    <SUD>3137,269</SUD>
  </Fabbisogno>
  <Fabbisogno>
    <Data>20150618</Data>
    <Mercato>MGP</Mercato>
    <Ora>3</Ora>
    <Italia>27488,379</Italia>
    <CNOR>2965,55</CNOR>
    <CSUD>4372,93</CSUD>
    <NORD>14868,398</NORD>
    <SARD>881,204000000001</SARD>
    <SICI>1349,803</SICI>
    <SUD>3050,494</SUD>
  </Fabbisogno>
  <Fabbisogno>
    <Data>20150618</Data>
    <Mercato>MGP</Mercato>
    <Ora>4</Ora>
    <Italia>26287,123</Italia>
    <CNOR>2890,92</CNOR>
    <CSUD>4307,962</CSUD>
    <NORD>13853,516</NORD>
    <SARD>845,383</SARD>
    <SICI>1369,744</SICI>
    <SUD>3019,598</SUD>
  </Fabbisogno>
  <Fabbisogno>
    <Data>20150618</Data>
    <Mercato>MGP</Mercato>
    <Ora>5</Ora>
    <Italia>26545,694</Italia>
    <CNOR>2888,329</CNOR>
    <CSUD>4319,25</CSUD>
    <NORD>14134,54</NORD>
    <SARD>854,208</SARD>
    <SICI>1380,329</SICI>
    <SUD>2969,038</SUD>
  </Fabbisogno>
  <Fabbisogno>
    <Data>20150618</Data>
    <Mercato>MGP</Mercato>
    <Ora>6</Ora>
    <Italia>26824,571</Italia>
    <CNOR>2893,814</CNOR>
    <CSUD>4290,181</CSUD>
    <NORD>14557,002</NORD>
    <SARD>866,053</SARD>
    <SICI>1309</SICI>
    <SUD>2908,521</SUD>
  </Fabbisogno>
  <Fabbisogno>
    <Data>20150618</Data>
    <Mercato>MGP</Mercato>
    <Ora>7</Ora>
    <Italia>29887,696</Italia>
    <CNOR>3080,925</CNOR>
    <CSUD>4478,535</CSUD>
    <NORD>17133,789</NORD>
    <SARD>888,203</SARD>
    <SICI>1296,213</SICI>
    <SUD>3010,031</SUD>
  </Fabbisogno>
  <Fabbisogno>
    <Data>20150618</Data>
    <Mercato>MGP</Mercato>
    <Ora>8</Ora>
    <Italia>33859,294</Italia>
    <CNOR>3446,324</CNOR>
    <CSUD>4687,713</CSUD>
    <NORD>20005,062</NORD>
    <SARD>944,262</SARD>
    <SICI>1505,101</SICI>
    <SUD>3270,832</SUD>
  </Fabbisogno>
  <Fabbisogno>
    <Data>20150618</Data>
    <Mercato>MGP</Mercato>
    <Ora>9</Ora>
    <Italia>39082,326</Italia>
    <CNOR>3988,074</CNOR>
    <CSUD>5437,299</CSUD>
    <NORD>23106,359</NORD>
    <SARD>1089,079</SARD>
    <SICI>1764,913</SICI>
    <SUD>3696,602</SUD>
  </Fabbisogno>
  <Fabbisogno>
    <Data>20150618</Data>
    <Mercato>MGP</Mercato>
    <Ora>10</Ora>
    <Italia>41608,134</Italia>
    <CNOR>4269,669</CNOR>
    <CSUD>6094,636</CSUD>
    <NORD>24397,688</NORD>
    <SARD>1096,856</SARD>
    <SICI>1861,122</SICI>
    <SUD>3888,163</SUD>
  </Fabbisogno>
  <Fabbisogno>
    <Data>20150618</Data>
    <Mercato>MGP</Mercato>
    <Ora>11</Ora>
    <Italia>41650,349</Italia>
    <CNOR>4095,343</CNOR>
    <CSUD>6182,455</CSUD>
    <NORD>24566,321</NORD>
    <SARD>1088,067</SARD>
    <SICI>1853,8</SICI>
    <SUD>3864,363</SUD>
  </Fabbisogno>
  <Fabbisogno>
    <Data>20150618</Data>
    <Mercato>MGP</Mercato>
    <Ora>12</Ora>
    <Italia>40937,311</Italia>
    <CNOR>4077,986</CNOR>
    <CSUD>5685,781</CSUD>
    <NORD>24541,206</NORD>
    <SARD>1031,853</SARD>
    <SICI>1836,582</SICI>
    <SUD>3763,903</SUD>
  </Fabbisogno>
  <Fabbisogno>
    <Data>20150618</Data>
    <Mercato>MGP</Mercato>
    <Ora>13</Ora>
    <Italia>38729,112</Italia>
    <CNOR>3841,142</CNOR>
    <CSUD>5691,553</CSUD>
    <NORD>22555,782</NORD>
    <SARD>1032,597</SARD>
    <SICI>1806,715</SICI>
    <SUD>3801,323</SUD>
  </Fabbisogno>
  <Fabbisogno>
    <Data>20150618</Data>
    <Mercato>MGP</Mercato>
    <Ora>14</Ora>
    <Italia>39025,512</Italia>
    <CNOR>3840,949</CNOR>
    <CSUD>6041,679</CSUD>
    <NORD>22659,532</NORD>
    <SARD>1005,353</SARD>
    <SICI>1733,892</SICI>
    <SUD>3744,107</SUD>
  </Fabbisogno>
  <Fabbisogno>
    <Data>20150618</Data>
    <Mercato>MGP</Mercato>
    <Ora>15</Ora>
    <Italia>39410,261</Italia>
    <CNOR>3879,252</CNOR>
    <CSUD>5462,075</CSUD>
    <NORD>23830,508</NORD>
    <SARD>959,598</SARD>
    <SICI>1748,228</SICI>
    <SUD>3530,6</SUD>
  </Fabbisogno>
  <Fabbisogno>
    <Data>20150618</Data>
    <Mercato>MGP</Mercato>
    <Ora>16</Ora>
    <Italia>40356,691</Italia>
    <CNOR>3953,464</CNOR>
    <CSUD>5580,251</CSUD>
    <NORD>24436,499</NORD>
    <SARD>960,8</SARD>
    <SICI>1770,712</SICI>
    <SUD>3654,965</SUD>
  </Fabbisogno>
  <Fabbisogno>
    <Data>20150618</Data>
    <Mercato>MGP</Mercato>
    <Ora>17</Ora>
    <Italia>41626,084</Italia>
    <CNOR>4219,397</CNOR>
    <CSUD>6232,357</CSUD>
    <NORD>24435,961</NORD>
    <SARD>1031,584</SARD>
    <SICI>1972,397</SICI>
    <SUD>3734,388</SUD>
  </Fabbisogno>
  <Fabbisogno>
    <Data>20150618</Data>
    <Mercato>MGP</Mercato>
    <Ora>18</Ora>
    <Italia>39691,183</Italia>
    <CNOR>3967,396</CNOR>
    <CSUD>5602,201</CSUD>
    <NORD>23537,965</NORD>
    <SARD>1005,501</SARD>
    <SICI>1868,59</SICI>
    <SUD>3709,53</SUD>
  </Fabbisogno>
  <Fabbisogno>
    <Data>20150618</Data>
    <Mercato>MGP</Mercato>
    <Ora>19</Ora>
    <Italia>39257,123</Italia>
    <CNOR>4121,153</CNOR>
    <CSUD>6189,847</CSUD>
    <NORD>22069,398</NORD>
    <SARD>1101,302</SARD>
    <SICI>1921,031</SICI>
    <SUD>3854,392</SUD>
  </Fabbisogno>
  <Fabbisogno>
    <Data>20150618</Data>
    <Mercato>MGP</Mercato>
    <Ora>20</Ora>
    <Italia>38183,407</Italia>
    <CNOR>4357,392</CNOR>
    <CSUD>6766,034</CSUD>
    <NORD>19409,124</NORD>
    <SARD>1159,661</SARD>
    <SICI>2119,621</SICI>
    <SUD>4371,575</SUD>
  </Fabbisogno>
  <Fabbisogno>
    <Data>20150618</Data>
    <Mercato>MGP</Mercato>
    <Ora>21</Ora>
    <Italia>37695,497</Italia>
    <CNOR>4349,873</CNOR>
    <CSUD>6809,592</CSUD>
    <NORD>18548,152</NORD>
    <SARD>1220,751</SARD>
    <SICI>2222,884</SICI>
    <SUD>4544,245</SUD>
  </Fabbisogno>
  <Fabbisogno>
    <Data>20150618</Data>
    <Mercato>MGP</Mercato>
    <Ora>22</Ora>
    <Italia>37850,406</Italia>
    <CNOR>4415,802</CNOR>
    <CSUD>6897,337</CSUD>
    <NORD>18634,535</NORD>
    <SARD>1234,355</SARD>
    <SICI>2226,424</SICI>
    <SUD>4441,953</SUD>
  </Fabbisogno>
  <Fabbisogno>
    <Data>20150618</Data>
    <Mercato>MGP</Mercato>
    <Ora>23</Ora>
    <Italia>35206,287</Italia>
    <CNOR>4174,386</CNOR>
    <CSUD>6413,006</CSUD>
    <NORD>17163,843</NORD>
    <SARD>1155,934</SARD>
    <SICI>2052,907</SICI>
    <SUD>4246,211</SUD>
  </Fabbisogno>
  <Fabbisogno>
    <Data>20150618</Data>
    <Mercato>MGP</Mercato>
    <Ora>24</Ora>
    <Italia>31971,833</Italia>
    <CNOR>3764,578</CNOR>
    <CSUD>5752,915</CSUD>
    <NORD>15993,522</NORD>
    <SARD>1046,415</SARD>
    <SICI>1834,709</SICI>
    <SUD>3579,694</SUD>
  </Fabbisogno>
</NewDataSet>