<?xml version="1.0" standalone="yes"?>
<NewDataSet>
  <xs:schema id="NewDataSet" xmlns="" xmlns:xs="http://www.w3.org/2001/XMLSchema" xmlns:msdata="urn:schemas-microsoft-com:xml-msdata">
    <xs:element name="NewDataSet" msdata:IsDataSet="true" msdata:UseCurrentLocale="true">
      <xs:complexType>
        <xs:choice minOccurs="0" maxOccurs="unbounded">
          <xs:element name="Fabbisogno">
            <xs:complexType>
              <xs:sequence>
                <xs:element name="Data" type="xs:string" minOccurs="0" />
                <xs:element name="Mercato" type="xs:string" minOccurs="0" />
                <xs:element name="Ora" type="xs:string" minOccurs="0" />
                <xs:element name="Italia" type="xs:string" minOccurs="0" />
                <xs:element name="CNOR" type="xs:string" minOccurs="0" />
                <xs:element name="CSUD" type="xs:string" minOccurs="0" />
                <xs:element name="NORD" type="xs:string" minOccurs="0" />
                <xs:element name="SARD" type="xs:string" minOccurs="0" />
                <xs:element name="SICI" type="xs:string" minOccurs="0" />
                <xs:element name="SUD" type="xs:string" minOccurs="0" />
              </xs:sequence>
            </xs:complexType>
          </xs:element>
        </xs:choice>
      </xs:complexType>
    </xs:element>
  </xs:schema>
  <Fabbisogno>
    <Data>20150621</Data>
    <Mercato>MGP</Mercato>
    <Ora>1</Ora>
    <Italia>26292,827</Italia>
    <CNOR>2881,044</CNOR>
    <CSUD>4736,812</CSUD>
    <NORD>12942,019</NORD>
    <SARD>1007,877</SARD>
    <SICI>1464,891</SICI>
    <SUD>3260,184</SUD>
  </Fabbisogno>
  <Fabbisogno>
    <Data>20150621</Data>
    <Mercato>MGP</Mercato>
    <Ora>2</Ora>
    <Italia>24364,373</Italia>
    <CNOR>2659,539</CNOR>
    <CSUD>4351,884</CSUD>
    <NORD>11949,799</NORD>
    <SARD>930,191</SARD>
    <SICI>1339,348</SICI>
    <SUD>3133,612</SUD>
  </Fabbisogno>
  <Fabbisogno>
    <Data>20150621</Data>
    <Mercato>MGP</Mercato>
    <Ora>3</Ora>
    <Italia>23771,961</Italia>
    <CNOR>2519,139</CNOR>
    <CSUD>4078,644</CSUD>
    <NORD>12059,28</NORD>
    <SARD>897,433</SARD>
    <SICI>1270,281</SICI>
    <SUD>2947,184</SUD>
  </Fabbisogno>
  <Fabbisogno>
    <Data>20150621</Data>
    <Mercato>MGP</Mercato>
    <Ora>4</Ora>
    <Italia>22876,018</Italia>
    <CNOR>2518,467</CNOR>
    <CSUD>3954,379</CSUD>
    <NORD>11323,786</NORD>
    <SARD>890,352</SARD>
    <SICI>1206,484</SICI>
    <SUD>2982,55</SUD>
  </Fabbisogno>
  <Fabbisogno>
    <Data>20150621</Data>
    <Mercato>MGP</Mercato>
    <Ora>5</Ora>
    <Italia>23153,337</Italia>
    <CNOR>2436,582</CNOR>
    <CSUD>3900,107</CSUD>
    <NORD>11827,599</NORD>
    <SARD>877,879</SARD>
    <SICI>1192,095</SICI>
    <SUD>2919,075</SUD>
  </Fabbisogno>
  <Fabbisogno>
    <Data>20150621</Data>
    <Mercato>MGP</Mercato>
    <Ora>6</Ora>
    <Italia>22045,507</Italia>
    <CNOR>2315,805</CNOR>
    <CSUD>3713,152</CSUD>
    <NORD>11398,996</NORD>
    <SARD>855,354</SARD>
    <SICI>1176,153</SICI>
    <SUD>2586,047</SUD>
  </Fabbisogno>
  <Fabbisogno>
    <Data>20150621</Data>
    <Mercato>MGP</Mercato>
    <Ora>7</Ora>
    <Italia>22226,85</Italia>
    <CNOR>2265,994</CNOR>
    <CSUD>3649,211</CSUD>
    <NORD>11705,343</NORD>
    <SARD>845,185</SARD>
    <SICI>1192,046</SICI>
    <SUD>2569,071</SUD>
  </Fabbisogno>
  <Fabbisogno>
    <Data>20150621</Data>
    <Mercato>MGP</Mercato>
    <Ora>8</Ora>
    <Italia>23333,65</Italia>
    <CNOR>2310,271</CNOR>
    <CSUD>3721,312</CSUD>
    <NORD>12418,841</NORD>
    <SARD>871,765</SARD>
    <SICI>1308,056</SICI>
    <SUD>2703,405</SUD>
  </Fabbisogno>
  <Fabbisogno>
    <Data>20150621</Data>
    <Mercato>MGP</Mercato>
    <Ora>9</Ora>
    <Italia>24282,851</Italia>
    <CNOR>2301,297</CNOR>
    <CSUD>3764,581</CSUD>
    <NORD>13116,054</NORD>
    <SARD>889,509</SARD>
    <SICI>1449,909</SICI>
    <SUD>2761,501</SUD>
  </Fabbisogno>
  <Fabbisogno>
    <Data>20150621</Data>
    <Mercato>MGP</Mercato>
    <Ora>10</Ora>
    <Italia>25962,393</Italia>
    <CNOR>2493,142</CNOR>
    <CSUD>4306,45</CSUD>
    <NORD>13788,641</NORD>
    <SARD>936,922</SARD>
    <SICI>1512,13</SICI>
    <SUD>2925,108</SUD>
  </Fabbisogno>
  <Fabbisogno>
    <Data>20150621</Data>
    <Mercato>MGP</Mercato>
    <Ora>11</Ora>
    <Italia>26767,464</Italia>
    <CNOR>2556,176</CNOR>
    <CSUD>4514,369</CSUD>
    <NORD>14282,874</NORD>
    <SARD>910,851</SARD>
    <SICI>1551,44</SICI>
    <SUD>2951,754</SUD>
  </Fabbisogno>
  <Fabbisogno>
    <Data>20150621</Data>
    <Mercato>MGP</Mercato>
    <Ora>12</Ora>
    <Italia>26489,712</Italia>
    <CNOR>2476,022</CNOR>
    <CSUD>4304,444</CSUD>
    <NORD>14359,314</NORD>
    <SARD>900,272</SARD>
    <SICI>1517,314</SICI>
    <SUD>2932,346</SUD>
  </Fabbisogno>
  <Fabbisogno>
    <Data>20150621</Data>
    <Mercato>MGP</Mercato>
    <Ora>13</Ora>
    <Italia>26408,699</Italia>
    <CNOR>2501,522</CNOR>
    <CSUD>4347,407</CSUD>
    <NORD>14190,809</NORD>
    <SARD>899,363</SARD>
    <SICI>1521,979</SICI>
    <SUD>2947,619</SUD>
  </Fabbisogno>
  <Fabbisogno>
    <Data>20150621</Data>
    <Mercato>MGP</Mercato>
    <Ora>14</Ora>
    <Italia>25518,659</Italia>
    <CNOR>2543,224</CNOR>
    <CSUD>4476,742</CSUD>
    <NORD>13327,433</NORD>
    <SARD>865,256</SARD>
    <SICI>1434,555</SICI>
    <SUD>2871,449</SUD>
  </Fabbisogno>
  <Fabbisogno>
    <Data>20150621</Data>
    <Mercato>MGP</Mercato>
    <Ora>15</Ora>
    <Italia>24481,705</Italia>
    <CNOR>2420,951</CNOR>
    <CSUD>4011,64</CSUD>
    <NORD>13262,778</NORD>
    <SARD>787,382</SARD>
    <SICI>1373,652</SICI>
    <SUD>2625,302</SUD>
  </Fabbisogno>
  <Fabbisogno>
    <Data>20150621</Data>
    <Mercato>MGP</Mercato>
    <Ora>16</Ora>
    <Italia>24617,484</Italia>
    <CNOR>2338,884</CNOR>
    <CSUD>4016,273</CSUD>
    <NORD>13414,798</NORD>
    <SARD>787,651</SARD>
    <SICI>1377,423</SICI>
    <SUD>2682,455</SUD>
  </Fabbisogno>
  <Fabbisogno>
    <Data>20150621</Data>
    <Mercato>MGP</Mercato>
    <Ora>17</Ora>
    <Italia>25576,668</Italia>
    <CNOR>2570,617</CNOR>
    <CSUD>4443,256</CSUD>
    <NORD>13413,658</NORD>
    <SARD>844,582</SARD>
    <SICI>1419,811</SICI>
    <SUD>2884,744</SUD>
  </Fabbisogno>
  <Fabbisogno>
    <Data>20150621</Data>
    <Mercato>MGP</Mercato>
    <Ora>18</Ora>
    <Italia>25794,191</Italia>
    <CNOR>2555,074</CNOR>
    <CSUD>4204,739</CSUD>
    <NORD>13785,172</NORD>
    <SARD>899,973</SARD>
    <SICI>1489,034</SICI>
    <SUD>2860,199</SUD>
  </Fabbisogno>
  <Fabbisogno>
    <Data>20150621</Data>
    <Mercato>MGP</Mercato>
    <Ora>19</Ora>
    <Italia>27252,073</Italia>
    <CNOR>2906,111</CNOR>
    <CSUD>4689,31</CSUD>
    <NORD>13934,886</NORD>
    <SARD>999,302</SARD>
    <SICI>1584,828</SICI>
    <SUD>3137,636</SUD>
  </Fabbisogno>
  <Fabbisogno>
    <Data>20150621</Data>
    <Mercato>MGP</Mercato>
    <Ora>20</Ora>
    <Italia>28342,966</Italia>
    <CNOR>3188,718</CNOR>
    <CSUD>5137,466</CSUD>
    <NORD>13901,609</NORD>
    <SARD>1061,408</SARD>
    <SICI>1623,397</SICI>
    <SUD>3430,368</SUD>
  </Fabbisogno>
  <Fabbisogno>
    <Data>20150621</Data>
    <Mercato>MGP</Mercato>
    <Ora>21</Ora>
    <Italia>29519,646</Italia>
    <CNOR>3284,059</CNOR>
    <CSUD>5448,49</CSUD>
    <NORD>14151,991</NORD>
    <SARD>1121,384</SARD>
    <SICI>1817,276</SICI>
    <SUD>3696,446</SUD>
  </Fabbisogno>
  <Fabbisogno>
    <Data>20150621</Data>
    <Mercato>MGP</Mercato>
    <Ora>22</Ora>
    <Italia>30929,054</Italia>
    <CNOR>3439,824</CNOR>
    <CSUD>5729,725</CSUD>
    <NORD>14977,04</NORD>
    <SARD>1153,43</SARD>
    <SICI>1824,284</SICI>
    <SUD>3804,751</SUD>
  </Fabbisogno>
  <Fabbisogno>
    <Data>20150621</Data>
    <Mercato>MGP</Mercato>
    <Ora>23</Ora>
    <Italia>29200,452</Italia>
    <CNOR>3327,318</CNOR>
    <CSUD>5456,263</CSUD>
    <NORD>13990,283</NORD>
    <SARD>1104,499</SARD>
    <SICI>1668,401</SICI>
    <SUD>3653,688</SUD>
  </Fabbisogno>
  <Fabbisogno>
    <Data>20150621</Data>
    <Mercato>MGP</Mercato>
    <Ora>24</Ora>
    <Italia>27163,761</Italia>
    <CNOR>3073,124</CNOR>
    <CSUD>5094,473</CSUD>
    <NORD>12951,824</NORD>
    <SARD>1028,054</SARD>
    <SICI>1509,556</SICI>
    <SUD>3506,73</SUD>
  </Fabbisogno>
</NewDataSet>