<?xml version="1.0" standalone="yes"?>
<NewDataSet>
  <xs:schema id="NewDataSet" xmlns="" xmlns:xs="http://www.w3.org/2001/XMLSchema" xmlns:msdata="urn:schemas-microsoft-com:xml-msdata">
    <xs:element name="NewDataSet" msdata:IsDataSet="true" msdata:UseCurrentLocale="true">
      <xs:complexType>
        <xs:choice minOccurs="0" maxOccurs="unbounded">
          <xs:element name="Fabbisogno">
            <xs:complexType>
              <xs:sequence>
                <xs:element name="Data" type="xs:string" minOccurs="0" />
                <xs:element name="Mercato" type="xs:string" minOccurs="0" />
                <xs:element name="Ora" type="xs:string" minOccurs="0" />
                <xs:element name="Italia" type="xs:string" minOccurs="0" />
                <xs:element name="CNOR" type="xs:string" minOccurs="0" />
                <xs:element name="CSUD" type="xs:string" minOccurs="0" />
                <xs:element name="NORD" type="xs:string" minOccurs="0" />
                <xs:element name="SARD" type="xs:string" minOccurs="0" />
                <xs:element name="SICI" type="xs:string" minOccurs="0" />
                <xs:element name="SUD" type="xs:string" minOccurs="0" />
              </xs:sequence>
            </xs:complexType>
          </xs:element>
        </xs:choice>
      </xs:complexType>
    </xs:element>
  </xs:schema>
  <Fabbisogno>
    <Data>20150616</Data>
    <Mercato>MGP</Mercato>
    <Ora>1</Ora>
    <Italia>29002,869</Italia>
    <CNOR>2986,87</CNOR>
    <CSUD>4691,831</CSUD>
    <NORD>15265,509</NORD>
    <SARD>1027,208</SARD>
    <SICI>1482,647</SICI>
    <SUD>3548,804</SUD>
  </Fabbisogno>
  <Fabbisogno>
    <Data>20150616</Data>
    <Mercato>MGP</Mercato>
    <Ora>2</Ora>
    <Italia>26711,443</Italia>
    <CNOR>2777,841</CNOR>
    <CSUD>4333,725</CSUD>
    <NORD>13875,263</NORD>
    <SARD>971,275</SARD>
    <SICI>1353,682</SICI>
    <SUD>3399,657</SUD>
  </Fabbisogno>
  <Fabbisogno>
    <Data>20150616</Data>
    <Mercato>MGP</Mercato>
    <Ora>3</Ora>
    <Italia>26324,857</Italia>
    <CNOR>2671,192</CNOR>
    <CSUD>4085,001</CSUD>
    <NORD>14189,92</NORD>
    <SARD>923,76</SARD>
    <SICI>1289,638</SICI>
    <SUD>3165,346</SUD>
  </Fabbisogno>
  <Fabbisogno>
    <Data>20150616</Data>
    <Mercato>MGP</Mercato>
    <Ora>4</Ora>
    <Italia>25435,197</Italia>
    <CNOR>2631,612</CNOR>
    <CSUD>4027,363</CSUD>
    <NORD>13343,984</NORD>
    <SARD>934,93</SARD>
    <SICI>1255,315</SICI>
    <SUD>3241,993</SUD>
  </Fabbisogno>
  <Fabbisogno>
    <Data>20150616</Data>
    <Mercato>MGP</Mercato>
    <Ora>5</Ora>
    <Italia>25954,14</Italia>
    <CNOR>2641,228</CNOR>
    <CSUD>4040,174</CSUD>
    <NORD>13877,114</NORD>
    <SARD>919,27</SARD>
    <SICI>1252,047</SICI>
    <SUD>3224,307</SUD>
  </Fabbisogno>
  <Fabbisogno>
    <Data>20150616</Data>
    <Mercato>MGP</Mercato>
    <Ora>6</Ora>
    <Italia>26600,559</Italia>
    <CNOR>2608,059</CNOR>
    <CSUD>3978,694</CSUD>
    <NORD>14813,151</NORD>
    <SARD>928,198</SARD>
    <SICI>1246,811</SICI>
    <SUD>3025,646</SUD>
  </Fabbisogno>
  <Fabbisogno>
    <Data>20150616</Data>
    <Mercato>MGP</Mercato>
    <Ora>7</Ora>
    <Italia>29303,948</Italia>
    <CNOR>2858,528</CNOR>
    <CSUD>4291,054</CSUD>
    <NORD>16701,181</NORD>
    <SARD>961,998</SARD>
    <SICI>1314,218</SICI>
    <SUD>3176,969</SUD>
  </Fabbisogno>
  <Fabbisogno>
    <Data>20150616</Data>
    <Mercato>MGP</Mercato>
    <Ora>8</Ora>
    <Italia>33458,723</Italia>
    <CNOR>3198,173</CNOR>
    <CSUD>4555,062</CSUD>
    <NORD>19792,304</NORD>
    <SARD>980,868</SARD>
    <SICI>1509,572</SICI>
    <SUD>3422,744</SUD>
  </Fabbisogno>
  <Fabbisogno>
    <Data>20150616</Data>
    <Mercato>MGP</Mercato>
    <Ora>9</Ora>
    <Italia>39059,873</Italia>
    <CNOR>3841,758</CNOR>
    <CSUD>5708,512</CSUD>
    <NORD>22679,401</NORD>
    <SARD>1134,338</SARD>
    <SICI>1721,929</SICI>
    <SUD>3973,935</SUD>
  </Fabbisogno>
  <Fabbisogno>
    <Data>20150616</Data>
    <Mercato>MGP</Mercato>
    <Ora>10</Ora>
    <Italia>39636,248</Italia>
    <CNOR>3795,236</CNOR>
    <CSUD>5566,769</CSUD>
    <NORD>23294,565</NORD>
    <SARD>1103,569</SARD>
    <SICI>1814,524</SICI>
    <SUD>4061,585</SUD>
  </Fabbisogno>
  <Fabbisogno>
    <Data>20150616</Data>
    <Mercato>MGP</Mercato>
    <Ora>11</Ora>
    <Italia>41076,306</Italia>
    <CNOR>3958,714</CNOR>
    <CSUD>6099,213</CSUD>
    <NORD>23999,773</NORD>
    <SARD>1095,817</SARD>
    <SICI>1802,315</SICI>
    <SUD>4120,474</SUD>
  </Fabbisogno>
  <Fabbisogno>
    <Data>20150616</Data>
    <Mercato>MGP</Mercato>
    <Ora>12</Ora>
    <Italia>41089,66</Italia>
    <CNOR>3985,004</CNOR>
    <CSUD>6171,63</CSUD>
    <NORD>23924,938</NORD>
    <SARD>1081,497</SARD>
    <SICI>1789,178</SICI>
    <SUD>4137,413</SUD>
  </Fabbisogno>
  <Fabbisogno>
    <Data>20150616</Data>
    <Mercato>MGP</Mercato>
    <Ora>13</Ora>
    <Italia>38765,456</Italia>
    <CNOR>3714,205</CNOR>
    <CSUD>6126,744</CSUD>
    <NORD>21931,355</NORD>
    <SARD>1080,522</SARD>
    <SICI>1779,604</SICI>
    <SUD>4133,026</SUD>
  </Fabbisogno>
  <Fabbisogno>
    <Data>20150616</Data>
    <Mercato>MGP</Mercato>
    <Ora>14</Ora>
    <Italia>38854,869</Italia>
    <CNOR>3564,441</CNOR>
    <CSUD>6023,687</CSUD>
    <NORD>22472,468</NORD>
    <SARD>1033,482</SARD>
    <SICI>1719,174</SICI>
    <SUD>4041,617</SUD>
  </Fabbisogno>
  <Fabbisogno>
    <Data>20150616</Data>
    <Mercato>MGP</Mercato>
    <Ora>15</Ora>
    <Italia>39466,098</Italia>
    <CNOR>3618,971</CNOR>
    <CSUD>5594,506</CSUD>
    <NORD>23699,58</NORD>
    <SARD>973,112</SARD>
    <SICI>1688,807</SICI>
    <SUD>3891,122</SUD>
  </Fabbisogno>
  <Fabbisogno>
    <Data>20150616</Data>
    <Mercato>MGP</Mercato>
    <Ora>16</Ora>
    <Italia>40052,899</Italia>
    <CNOR>3716,803</CNOR>
    <CSUD>5619,839</CSUD>
    <NORD>24053,893</NORD>
    <SARD>988,317</SARD>
    <SICI>1693,17</SICI>
    <SUD>3980,877</SUD>
  </Fabbisogno>
  <Fabbisogno>
    <Data>20150616</Data>
    <Mercato>MGP</Mercato>
    <Ora>17</Ora>
    <Italia>41427,431</Italia>
    <CNOR>4001,209</CNOR>
    <CSUD>6199,764</CSUD>
    <NORD>24193,011</NORD>
    <SARD>1046,397</SARD>
    <SICI>1775,057</SICI>
    <SUD>4211,993</SUD>
  </Fabbisogno>
  <Fabbisogno>
    <Data>20150616</Data>
    <Mercato>MGP</Mercato>
    <Ora>18</Ora>
    <Italia>40366,041</Italia>
    <CNOR>3909,914</CNOR>
    <CSUD>6066,116</CSUD>
    <NORD>23251,171</NORD>
    <SARD>1098,017</SARD>
    <SICI>1837,928</SICI>
    <SUD>4202,895</SUD>
  </Fabbisogno>
  <Fabbisogno>
    <Data>20150616</Data>
    <Mercato>MGP</Mercato>
    <Ora>19</Ora>
    <Italia>39198,407</Italia>
    <CNOR>3868,384</CNOR>
    <CSUD>6079,582</CSUD>
    <NORD>21780,811</NORD>
    <SARD>1258,74</SARD>
    <SICI>1868,934</SICI>
    <SUD>4341,956</SUD>
  </Fabbisogno>
  <Fabbisogno>
    <Data>20150616</Data>
    <Mercato>MGP</Mercato>
    <Ora>20</Ora>
    <Italia>38127,505</Italia>
    <CNOR>3969,828</CNOR>
    <CSUD>6430,947</CSUD>
    <NORD>19917,335</NORD>
    <SARD>1282,82</SARD>
    <SICI>1878,446</SICI>
    <SUD>4648,129</SUD>
  </Fabbisogno>
  <Fabbisogno>
    <Data>20150616</Data>
    <Mercato>MGP</Mercato>
    <Ora>21</Ora>
    <Italia>37598,55</Italia>
    <CNOR>3951,092</CNOR>
    <CSUD>6535,1</CSUD>
    <NORD>18791,297</NORD>
    <SARD>1358,832</SARD>
    <SICI>2028,674</SICI>
    <SUD>4933,555</SUD>
  </Fabbisogno>
  <Fabbisogno>
    <Data>20150616</Data>
    <Mercato>MGP</Mercato>
    <Ora>22</Ora>
    <Italia>37457,057</Italia>
    <CNOR>4043,219</CNOR>
    <CSUD>6602,31600000001</CSUD>
    <NORD>18561,111</NORD>
    <SARD>1385,044</SARD>
    <SICI>2023,484</SICI>
    <SUD>4841,883</SUD>
  </Fabbisogno>
  <Fabbisogno>
    <Data>20150616</Data>
    <Mercato>MGP</Mercato>
    <Ora>23</Ora>
    <Italia>35030,073</Italia>
    <CNOR>3815,998</CNOR>
    <CSUD>6142,5</CSUD>
    <NORD>17217,841</NORD>
    <SARD>1330,672</SARD>
    <SICI>1850,762</SICI>
    <SUD>4672,3</SUD>
  </Fabbisogno>
  <Fabbisogno>
    <Data>20150616</Data>
    <Mercato>MGP</Mercato>
    <Ora>24</Ora>
    <Italia>31925,493</Italia>
    <CNOR>3412,3</CNOR>
    <CSUD>5440,756</CSUD>
    <NORD>15821,781</NORD>
    <SARD>1222,688</SARD>
    <SICI>1673,042</SICI>
    <SUD>4354,926</SUD>
  </Fabbisogno>
</NewDataSet>