<?xml version="1.0" standalone="yes"?>
<NewDataSet>
  <xs:schema id="NewDataSet" xmlns="" xmlns:xs="http://www.w3.org/2001/XMLSchema" xmlns:msdata="urn:schemas-microsoft-com:xml-msdata">
    <xs:element name="NewDataSet" msdata:IsDataSet="true" msdata:UseCurrentLocale="true">
      <xs:complexType>
        <xs:choice minOccurs="0" maxOccurs="unbounded">
          <xs:element name="Fabbisogno">
            <xs:complexType>
              <xs:sequence>
                <xs:element name="Data" type="xs:string" minOccurs="0" />
                <xs:element name="Mercato" type="xs:string" minOccurs="0" />
                <xs:element name="Ora" type="xs:string" minOccurs="0" />
                <xs:element name="Italia" type="xs:string" minOccurs="0" />
                <xs:element name="CNOR" type="xs:string" minOccurs="0" />
                <xs:element name="CSUD" type="xs:string" minOccurs="0" />
                <xs:element name="NORD" type="xs:string" minOccurs="0" />
                <xs:element name="SARD" type="xs:string" minOccurs="0" />
                <xs:element name="SICI" type="xs:string" minOccurs="0" />
                <xs:element name="SUD" type="xs:string" minOccurs="0" />
              </xs:sequence>
            </xs:complexType>
          </xs:element>
        </xs:choice>
      </xs:complexType>
    </xs:element>
  </xs:schema>
  <Fabbisogno>
    <Data>20150610</Data>
    <Mercato>MGP</Mercato>
    <Ora>1</Ora>
    <Italia>29414,364</Italia>
    <CNOR>3027,435</CNOR>
    <CSUD>4615,491</CSUD>
    <NORD>15919,429</NORD>
    <SARD>1005,928</SARD>
    <SICI>1391,782</SICI>
    <SUD>3454,299</SUD>
  </Fabbisogno>
  <Fabbisogno>
    <Data>20150610</Data>
    <Mercato>MGP</Mercato>
    <Ora>2</Ora>
    <Italia>26908,061</Italia>
    <CNOR>2813,354</CNOR>
    <CSUD>4246,729</CSUD>
    <NORD>14362,374</NORD>
    <SARD>948,874</SARD>
    <SICI>1274,283</SICI>
    <SUD>3262,447</SUD>
  </Fabbisogno>
  <Fabbisogno>
    <Data>20150610</Data>
    <Mercato>MGP</Mercato>
    <Ora>3</Ora>
    <Italia>26260,981</Italia>
    <CNOR>2660,89</CNOR>
    <CSUD>3983,369</CSUD>
    <NORD>14508,344</NORD>
    <SARD>902,687</SARD>
    <SICI>1214,125</SICI>
    <SUD>2991,566</SUD>
  </Fabbisogno>
  <Fabbisogno>
    <Data>20150610</Data>
    <Mercato>MGP</Mercato>
    <Ora>4</Ora>
    <Italia>25628,479</Italia>
    <CNOR>2691,384</CNOR>
    <CSUD>3994,85</CSUD>
    <NORD>13737,034</NORD>
    <SARD>910,496</SARD>
    <SICI>1183,692</SICI>
    <SUD>3111,023</SUD>
  </Fabbisogno>
  <Fabbisogno>
    <Data>20150610</Data>
    <Mercato>MGP</Mercato>
    <Ora>5</Ora>
    <Italia>25586,736</Italia>
    <CNOR>2658,127</CNOR>
    <CSUD>3954,123</CSUD>
    <NORD>13889,058</NORD>
    <SARD>891,01</SARD>
    <SICI>1204,314</SICI>
    <SUD>2990,104</SUD>
  </Fabbisogno>
  <Fabbisogno>
    <Data>20150610</Data>
    <Mercato>MGP</Mercato>
    <Ora>6</Ora>
    <Italia>25398,186</Italia>
    <CNOR>2493,35</CNOR>
    <CSUD>3564,746</CSUD>
    <NORD>14491,019</NORD>
    <SARD>846,097</SARD>
    <SICI>1189,358</SICI>
    <SUD>2813,616</SUD>
  </Fabbisogno>
  <Fabbisogno>
    <Data>20150610</Data>
    <Mercato>MGP</Mercato>
    <Ora>7</Ora>
    <Italia>28799,228</Italia>
    <CNOR>2730,628</CNOR>
    <CSUD>3841,078</CSUD>
    <NORD>16992,62</NORD>
    <SARD>893,759</SARD>
    <SICI>1274,216</SICI>
    <SUD>3066,927</SUD>
  </Fabbisogno>
  <Fabbisogno>
    <Data>20150610</Data>
    <Mercato>MGP</Mercato>
    <Ora>8</Ora>
    <Italia>34370,672</Italia>
    <CNOR>3225,995</CNOR>
    <CSUD>4493,759</CSUD>
    <NORD>20755,47</NORD>
    <SARD>967,769</SARD>
    <SICI>1492,039</SICI>
    <SUD>3435,64</SUD>
  </Fabbisogno>
  <Fabbisogno>
    <Data>20150610</Data>
    <Mercato>MGP</Mercato>
    <Ora>9</Ora>
    <Italia>39303,161</Italia>
    <CNOR>3814,205</CNOR>
    <CSUD>5420,565</CSUD>
    <NORD>23377,651</NORD>
    <SARD>1101,248</SARD>
    <SICI>1681,715</SICI>
    <SUD>3907,777</SUD>
  </Fabbisogno>
  <Fabbisogno>
    <Data>20150610</Data>
    <Mercato>MGP</Mercato>
    <Ora>10</Ora>
    <Italia>40754,542</Italia>
    <CNOR>3770,43</CNOR>
    <CSUD>5314,808</CSUD>
    <NORD>24937,337</NORD>
    <SARD>1067,404</SARD>
    <SICI>1756,256</SICI>
    <SUD>3908,307</SUD>
  </Fabbisogno>
  <Fabbisogno>
    <Data>20150610</Data>
    <Mercato>MGP</Mercato>
    <Ora>11</Ora>
    <Italia>41812,871</Italia>
    <CNOR>3804,802</CNOR>
    <CSUD>5928,517</CSUD>
    <NORD>25264,086</NORD>
    <SARD>1075,416</SARD>
    <SICI>1751,064</SICI>
    <SUD>3988,986</SUD>
  </Fabbisogno>
  <Fabbisogno>
    <Data>20150610</Data>
    <Mercato>MGP</Mercato>
    <Ora>12</Ora>
    <Italia>42079,088</Italia>
    <CNOR>3997,517</CNOR>
    <CSUD>5982,201</CSUD>
    <NORD>25326,417</NORD>
    <SARD>1058,937</SARD>
    <SICI>1717,535</SICI>
    <SUD>3996,481</SUD>
  </Fabbisogno>
  <Fabbisogno>
    <Data>20150610</Data>
    <Mercato>MGP</Mercato>
    <Ora>13</Ora>
    <Italia>39906,376</Italia>
    <CNOR>3599,398</CNOR>
    <CSUD>5994,643</CSUD>
    <NORD>23545,708</NORD>
    <SARD>1052,515</SARD>
    <SICI>1698,469</SICI>
    <SUD>4015,643</SUD>
  </Fabbisogno>
  <Fabbisogno>
    <Data>20150610</Data>
    <Mercato>MGP</Mercato>
    <Ora>14</Ora>
    <Italia>39222,737</Italia>
    <CNOR>3406,175</CNOR>
    <CSUD>5347,862</CSUD>
    <NORD>24111,896</NORD>
    <SARD>963,164</SARD>
    <SICI>1630,502</SICI>
    <SUD>3763,138</SUD>
  </Fabbisogno>
  <Fabbisogno>
    <Data>20150610</Data>
    <Mercato>MGP</Mercato>
    <Ora>15</Ora>
    <Italia>40697,25</Italia>
    <CNOR>3658,825</CNOR>
    <CSUD>5414,383</CSUD>
    <NORD>25334,376</NORD>
    <SARD>953,586</SARD>
    <SICI>1609,053</SICI>
    <SUD>3727,027</SUD>
  </Fabbisogno>
  <Fabbisogno>
    <Data>20150610</Data>
    <Mercato>MGP</Mercato>
    <Ora>16</Ora>
    <Italia>41236,171</Italia>
    <CNOR>3724,265</CNOR>
    <CSUD>5410,121</CSUD>
    <NORD>25782,372</NORD>
    <SARD>943,694</SARD>
    <SICI>1617,149</SICI>
    <SUD>3758,57</SUD>
  </Fabbisogno>
  <Fabbisogno>
    <Data>20150610</Data>
    <Mercato>MGP</Mercato>
    <Ora>17</Ora>
    <Italia>42062,986</Italia>
    <CNOR>3938,176</CNOR>
    <CSUD>5628,101</CSUD>
    <NORD>25911,849</NORD>
    <SARD>991,128</SARD>
    <SICI>1688,718</SICI>
    <SUD>3905,014</SUD>
  </Fabbisogno>
  <Fabbisogno>
    <Data>20150610</Data>
    <Mercato>MGP</Mercato>
    <Ora>18</Ora>
    <Italia>40535,645</Italia>
    <CNOR>3814,212</CNOR>
    <CSUD>5561,273</CSUD>
    <NORD>24341,546</NORD>
    <SARD>1035,205</SARD>
    <SICI>1741,676</SICI>
    <SUD>4041,733</SUD>
  </Fabbisogno>
  <Fabbisogno>
    <Data>20150610</Data>
    <Mercato>MGP</Mercato>
    <Ora>19</Ora>
    <Italia>39089,871</Italia>
    <CNOR>3774,838</CNOR>
    <CSUD>5569,076</CSUD>
    <NORD>22615,929</NORD>
    <SARD>1137,98</SARD>
    <SICI>1790,289</SICI>
    <SUD>4201,759</SUD>
  </Fabbisogno>
  <Fabbisogno>
    <Data>20150610</Data>
    <Mercato>MGP</Mercato>
    <Ora>20</Ora>
    <Italia>38309,777</Italia>
    <CNOR>3954,694</CNOR>
    <CSUD>6307,663</CSUD>
    <NORD>20672,361</NORD>
    <SARD>1197,434</SARD>
    <SICI>1825,595</SICI>
    <SUD>4352,03</SUD>
  </Fabbisogno>
  <Fabbisogno>
    <Data>20150610</Data>
    <Mercato>MGP</Mercato>
    <Ora>21</Ora>
    <Italia>37513,136</Italia>
    <CNOR>3786,361</CNOR>
    <CSUD>6138,193</CSUD>
    <NORD>19966,317</NORD>
    <SARD>1197,132</SARD>
    <SICI>1976,722</SICI>
    <SUD>4448,411</SUD>
  </Fabbisogno>
  <Fabbisogno>
    <Data>20150610</Data>
    <Mercato>MGP</Mercato>
    <Ora>22</Ora>
    <Italia>37843,296</Italia>
    <CNOR>3979,576</CNOR>
    <CSUD>6339,303</CSUD>
    <NORD>19900,846</NORD>
    <SARD>1234,419</SARD>
    <SICI>1951,597</SICI>
    <SUD>4437,555</SUD>
  </Fabbisogno>
  <Fabbisogno>
    <Data>20150610</Data>
    <Mercato>MGP</Mercato>
    <Ora>23</Ora>
    <Italia>35039,932</Italia>
    <CNOR>3689,81</CNOR>
    <CSUD>5908,36</CSUD>
    <NORD>18392,909</NORD>
    <SARD>1188,596</SARD>
    <SICI>1762,93</SICI>
    <SUD>4097,327</SUD>
  </Fabbisogno>
  <Fabbisogno>
    <Data>20150610</Data>
    <Mercato>MGP</Mercato>
    <Ora>24</Ora>
    <Italia>32198,916</Italia>
    <CNOR>3392,912</CNOR>
    <CSUD>5388,946</CSUD>
    <NORD>16895,969</NORD>
    <SARD>1096,128</SARD>
    <SICI>1579,64</SICI>
    <SUD>3845,321</SUD>
  </Fabbisogno>
</NewDataSet>