<?xml version="1.0" standalone="yes"?>
<NewDataSet>
  <xs:schema id="NewDataSet" xmlns="" xmlns:xs="http://www.w3.org/2001/XMLSchema" xmlns:msdata="urn:schemas-microsoft-com:xml-msdata">
    <xs:element name="NewDataSet" msdata:IsDataSet="true" msdata:UseCurrentLocale="true">
      <xs:complexType>
        <xs:choice minOccurs="0" maxOccurs="unbounded">
          <xs:element name="Fabbisogno">
            <xs:complexType>
              <xs:sequence>
                <xs:element name="Data" type="xs:string" minOccurs="0" />
                <xs:element name="Mercato" type="xs:string" minOccurs="0" />
                <xs:element name="Ora" type="xs:string" minOccurs="0" />
                <xs:element name="Italia" type="xs:string" minOccurs="0" />
                <xs:element name="CNOR" type="xs:string" minOccurs="0" />
                <xs:element name="CSUD" type="xs:string" minOccurs="0" />
                <xs:element name="NORD" type="xs:string" minOccurs="0" />
                <xs:element name="SARD" type="xs:string" minOccurs="0" />
                <xs:element name="SICI" type="xs:string" minOccurs="0" />
                <xs:element name="SUD" type="xs:string" minOccurs="0" />
              </xs:sequence>
            </xs:complexType>
          </xs:element>
        </xs:choice>
      </xs:complexType>
    </xs:element>
  </xs:schema>
  <Fabbisogno>
    <Data>20151025</Data>
    <Mercato>MGP</Mercato>
    <Ora>1</Ora>
    <Italia>23852,901</Italia>
    <CNOR>2719,748</CNOR>
    <CSUD>4376,515</CSUD>
    <NORD>11616,49</NORD>
    <SARD>823,43</SARD>
    <SICI>1469,596</SICI>
    <SUD>2847,122</SUD>
  </Fabbisogno>
  <Fabbisogno>
    <Data>20151025</Data>
    <Mercato>MGP</Mercato>
    <Ora>2</Ora>
    <Italia>22218,764</Italia>
    <CNOR>2474,487</CNOR>
    <CSUD>3969,542</CSUD>
    <NORD>10845,558</NORD>
    <SARD>786,205</SARD>
    <SICI>1491,675</SICI>
    <SUD>2651,297</SUD>
  </Fabbisogno>
  <Fabbisogno>
    <Data>20151025</Data>
    <Mercato>MGP</Mercato>
    <Ora>3</Ora>
    <Italia>21386,027</Italia>
    <CNOR>2382,967</CNOR>
    <CSUD>3758,909</CSUD>
    <NORD>10488,306</NORD>
    <SARD>762,377</SARD>
    <SICI>1400,06</SICI>
    <SUD>2593,408</SUD>
  </Fabbisogno>
  <Fabbisogno>
    <Data>20151025</Data>
    <Mercato>MGP</Mercato>
    <Ora>4</Ora>
    <Italia>21554,636</Italia>
    <CNOR>2346,437</CNOR>
    <CSUD>3728,687</CSUD>
    <NORD>10909,75</NORD>
    <SARD>753,125</SARD>
    <SICI>1250,242</SICI>
    <SUD>2566,395</SUD>
  </Fabbisogno>
  <Fabbisogno>
    <Data>20151025</Data>
    <Mercato>MGP</Mercato>
    <Ora>5</Ora>
    <Italia>20973,89</Italia>
    <CNOR>2335,124</CNOR>
    <CSUD>3671,658</CSUD>
    <NORD>10393,758</NORD>
    <SARD>766,747</SARD>
    <SICI>1238,311</SICI>
    <SUD>2568,292</SUD>
  </Fabbisogno>
  <Fabbisogno>
    <Data>20151025</Data>
    <Mercato>MGP</Mercato>
    <Ora>6</Ora>
    <Italia>21014,99</Italia>
    <CNOR>2176,471</CNOR>
    <CSUD>3442,845</CSUD>
    <NORD>10431,155</NORD>
    <SARD>747,036</SARD>
    <SICI>1365,577</SICI>
    <SUD>2851,906</SUD>
  </Fabbisogno>
  <Fabbisogno>
    <Data>20151025</Data>
    <Mercato>MGP</Mercato>
    <Ora>7</Ora>
    <Italia>21935,183</Italia>
    <CNOR>2184,362</CNOR>
    <CSUD>3514,631</CSUD>
    <NORD>11273,022</NORD>
    <SARD>758,69</SARD>
    <SICI>1347,512</SICI>
    <SUD>2856,966</SUD>
  </Fabbisogno>
  <Fabbisogno>
    <Data>20151025</Data>
    <Mercato>MGP</Mercato>
    <Ora>8</Ora>
    <Italia>22801,795</Italia>
    <CNOR>2224,671</CNOR>
    <CSUD>3610,995</CSUD>
    <NORD>12127,377</NORD>
    <SARD>796,19</SARD>
    <SICI>1289,747</SICI>
    <SUD>2752,815</SUD>
  </Fabbisogno>
  <Fabbisogno>
    <Data>20151025</Data>
    <Mercato>MGP</Mercato>
    <Ora>9</Ora>
    <Italia>23609,703</Italia>
    <CNOR>2289,607</CNOR>
    <CSUD>3825,115</CSUD>
    <NORD>12058,37</NORD>
    <SARD>804,686</SARD>
    <SICI>1496,725</SICI>
    <SUD>3135,2</SUD>
  </Fabbisogno>
  <Fabbisogno>
    <Data>20151025</Data>
    <Mercato>MGP</Mercato>
    <Ora>10</Ora>
    <Italia>25012,742</Italia>
    <CNOR>2397,172</CNOR>
    <CSUD>4163,864</CSUD>
    <NORD>12639,418</NORD>
    <SARD>858,532</SARD>
    <SICI>1642,19</SICI>
    <SUD>3311,566</SUD>
  </Fabbisogno>
  <Fabbisogno>
    <Data>20151025</Data>
    <Mercato>MGP</Mercato>
    <Ora>11</Ora>
    <Italia>25824,848</Italia>
    <CNOR>2385,842</CNOR>
    <CSUD>4074,608</CSUD>
    <NORD>13601,129</NORD>
    <SARD>843,609</SARD>
    <SICI>1589,474</SICI>
    <SUD>3330,186</SUD>
  </Fabbisogno>
  <Fabbisogno>
    <Data>20151025</Data>
    <Mercato>MGP</Mercato>
    <Ora>12</Ora>
    <Italia>26884,624</Italia>
    <CNOR>2533,906</CNOR>
    <CSUD>4544,759</CSUD>
    <NORD>13731,226</NORD>
    <SARD>865,59</SARD>
    <SICI>1744,089</SICI>
    <SUD>3465,054</SUD>
  </Fabbisogno>
  <Fabbisogno>
    <Data>20151025</Data>
    <Mercato>MGP</Mercato>
    <Ora>13</Ora>
    <Italia>26322,012</Italia>
    <CNOR>2383,257</CNOR>
    <CSUD>4149,706</CSUD>
    <NORD>13930,569</NORD>
    <SARD>797,582</SARD>
    <SICI>1616,79</SICI>
    <SUD>3444,108</SUD>
  </Fabbisogno>
  <Fabbisogno>
    <Data>20151025</Data>
    <Mercato>MGP</Mercato>
    <Ora>14</Ora>
    <Italia>25995,502</Italia>
    <CNOR>2389,216</CNOR>
    <CSUD>4167,012</CSUD>
    <NORD>13581,589</NORD>
    <SARD>805,765</SARD>
    <SICI>1584,026</SICI>
    <SUD>3467,894</SUD>
  </Fabbisogno>
  <Fabbisogno>
    <Data>20151025</Data>
    <Mercato>MGP</Mercato>
    <Ora>15</Ora>
    <Italia>24602,485</Italia>
    <CNOR>2174,38</CNOR>
    <CSUD>3984,936</CSUD>
    <NORD>13059,038</NORD>
    <SARD>774,281</SARD>
    <SICI>1432,79</SICI>
    <SUD>3177,06</SUD>
  </Fabbisogno>
  <Fabbisogno>
    <Data>20151025</Data>
    <Mercato>MGP</Mercato>
    <Ora>16</Ora>
    <Italia>24212,73</Italia>
    <CNOR>2162,096</CNOR>
    <CSUD>3857,067</CSUD>
    <NORD>13018,49</NORD>
    <SARD>762,051</SARD>
    <SICI>1376,772</SICI>
    <SUD>3036,254</SUD>
  </Fabbisogno>
  <Fabbisogno>
    <Data>20151025</Data>
    <Mercato>MGP</Mercato>
    <Ora>17</Ora>
    <Italia>24051,622</Italia>
    <CNOR>2243,102</CNOR>
    <CSUD>3915,688</CSUD>
    <NORD>12607,771</NORD>
    <SARD>770,546</SARD>
    <SICI>1410,076</SICI>
    <SUD>3104,439</SUD>
  </Fabbisogno>
  <Fabbisogno>
    <Data>20151025</Data>
    <Mercato>MGP</Mercato>
    <Ora>18</Ora>
    <Italia>25087,727</Italia>
    <CNOR>2436,002</CNOR>
    <CSUD>4092,172</CSUD>
    <NORD>12970,409</NORD>
    <SARD>821,743</SARD>
    <SICI>1486,298</SICI>
    <SUD>3281,103</SUD>
  </Fabbisogno>
  <Fabbisogno>
    <Data>20151025</Data>
    <Mercato>MGP</Mercato>
    <Ora>19</Ora>
    <Italia>27783,242</Italia>
    <CNOR>2842,623</CNOR>
    <CSUD>4918,198</CSUD>
    <NORD>13810,704</NORD>
    <SARD>908,209</SARD>
    <SICI>1629,744</SICI>
    <SUD>3673,764</SUD>
  </Fabbisogno>
  <Fabbisogno>
    <Data>20151025</Data>
    <Mercato>MGP</Mercato>
    <Ora>20</Ora>
    <Italia>30838,048</Italia>
    <CNOR>3240,552</CNOR>
    <CSUD>5355,242</CSUD>
    <NORD>15346,378</NORD>
    <SARD>1013,323</SARD>
    <SICI>1935,286</SICI>
    <SUD>3947,267</SUD>
  </Fabbisogno>
  <Fabbisogno>
    <Data>20151025</Data>
    <Mercato>MGP</Mercato>
    <Ora>21</Ora>
    <Italia>32384,403</Italia>
    <CNOR>3516,918</CNOR>
    <CSUD>5742,74</CSUD>
    <NORD>15923,528</NORD>
    <SARD>1070,981</SARD>
    <SICI>2049,657</SICI>
    <SUD>4080,579</SUD>
  </Fabbisogno>
  <Fabbisogno>
    <Data>20151025</Data>
    <Mercato>MGP</Mercato>
    <Ora>22</Ora>
    <Italia>31141,812</Italia>
    <CNOR>3429,288</CNOR>
    <CSUD>5637,258</CSUD>
    <NORD>14999,477</NORD>
    <SARD>1077,307</SARD>
    <SICI>2012,36</SICI>
    <SUD>3986,122</SUD>
  </Fabbisogno>
  <Fabbisogno>
    <Data>20151025</Data>
    <Mercato>MGP</Mercato>
    <Ora>23</Ora>
    <Italia>29482,083</Italia>
    <CNOR>3237,838</CNOR>
    <CSUD>5332,139</CSUD>
    <NORD>14102,068</NORD>
    <SARD>1012,586</SARD>
    <SICI>1902,526</SICI>
    <SUD>3894,926</SUD>
  </Fabbisogno>
  <Fabbisogno>
    <Data>20151025</Data>
    <Mercato>MGP</Mercato>
    <Ora>24</Ora>
    <Italia>27372,631</Italia>
    <CNOR>3015,165</CNOR>
    <CSUD>4935,943</CSUD>
    <NORD>13075,292</NORD>
    <SARD>925,825</SARD>
    <SICI>1746,57</SICI>
    <SUD>3673,836</SUD>
  </Fabbisogno>
  <Fabbisogno>
    <Data>20151025</Data>
    <Mercato>MGP</Mercato>
    <Ora>25</Ora>
    <Italia>24897,96</Italia>
    <CNOR>2726,4</CNOR>
    <CSUD>4406,943</CSUD>
    <NORD>11905,886</NORD>
    <SARD>858,616</SARD>
    <SICI>1577,876</SICI>
    <SUD>3422,239</SUD>
  </Fabbisogno>
</NewDataSet>