<?xml version="1.0" standalone="yes"?>
<NewDataSet>
  <xs:schema id="NewDataSet" xmlns="" xmlns:xs="http://www.w3.org/2001/XMLSchema" xmlns:msdata="urn:schemas-microsoft-com:xml-msdata">
    <xs:element name="NewDataSet" msdata:IsDataSet="true" msdata:UseCurrentLocale="true">
      <xs:complexType>
        <xs:choice minOccurs="0" maxOccurs="unbounded">
          <xs:element name="Fabbisogno">
            <xs:complexType>
              <xs:sequence>
                <xs:element name="Data" type="xs:string" minOccurs="0" />
                <xs:element name="Mercato" type="xs:string" minOccurs="0" />
                <xs:element name="Ora" type="xs:string" minOccurs="0" />
                <xs:element name="Italia" type="xs:string" minOccurs="0" />
                <xs:element name="CNOR" type="xs:string" minOccurs="0" />
                <xs:element name="CSUD" type="xs:string" minOccurs="0" />
                <xs:element name="NORD" type="xs:string" minOccurs="0" />
                <xs:element name="SARD" type="xs:string" minOccurs="0" />
                <xs:element name="SICI" type="xs:string" minOccurs="0" />
                <xs:element name="SUD" type="xs:string" minOccurs="0" />
              </xs:sequence>
            </xs:complexType>
          </xs:element>
        </xs:choice>
      </xs:complexType>
    </xs:element>
  </xs:schema>
  <Fabbisogno>
    <Data>20151020</Data>
    <Mercato>MGP</Mercato>
    <Ora>1</Ora>
    <Italia>26184,493</Italia>
    <CNOR>2815,088</CNOR>
    <CSUD>4383,918</CSUD>
    <NORD>13838,337</NORD>
    <SARD>777,751</SARD>
    <SICI>1300,485</SICI>
    <SUD>3068,914</SUD>
  </Fabbisogno>
  <Fabbisogno>
    <Data>20151020</Data>
    <Mercato>MGP</Mercato>
    <Ora>2</Ora>
    <Italia>24887,556</Italia>
    <CNOR>2675,069</CNOR>
    <CSUD>4096,339</CSUD>
    <NORD>13271,584</NORD>
    <SARD>748,674</SARD>
    <SICI>1199,362</SICI>
    <SUD>2896,528</SUD>
  </Fabbisogno>
  <Fabbisogno>
    <Data>20151020</Data>
    <Mercato>MGP</Mercato>
    <Ora>3</Ora>
    <Italia>24430,012</Italia>
    <CNOR>2627,294</CNOR>
    <CSUD>4014,76</CSUD>
    <NORD>13016,886</NORD>
    <SARD>734,811</SARD>
    <SICI>1139,028</SICI>
    <SUD>2897,233</SUD>
  </Fabbisogno>
  <Fabbisogno>
    <Data>20151020</Data>
    <Mercato>MGP</Mercato>
    <Ora>4</Ora>
    <Italia>24103,261</Italia>
    <CNOR>2598,259</CNOR>
    <CSUD>3956,184</CSUD>
    <NORD>12926,963</NORD>
    <SARD>726,025</SARD>
    <SICI>1119,627</SICI>
    <SUD>2776,203</SUD>
  </Fabbisogno>
  <Fabbisogno>
    <Data>20151020</Data>
    <Mercato>MGP</Mercato>
    <Ora>5</Ora>
    <Italia>24413,842</Italia>
    <CNOR>2595,913</CNOR>
    <CSUD>3949,948</CSUD>
    <NORD>13122,17</NORD>
    <SARD>734,249</SARD>
    <SICI>1125,995</SICI>
    <SUD>2885,567</SUD>
  </Fabbisogno>
  <Fabbisogno>
    <Data>20151020</Data>
    <Mercato>MGP</Mercato>
    <Ora>6</Ora>
    <Italia>25482,371</Italia>
    <CNOR>2746,737</CNOR>
    <CSUD>4135,073</CSUD>
    <NORD>13633,702</NORD>
    <SARD>761,648</SARD>
    <SICI>1180,13</SICI>
    <SUD>3025,081</SUD>
  </Fabbisogno>
  <Fabbisogno>
    <Data>20151020</Data>
    <Mercato>MGP</Mercato>
    <Ora>7</Ora>
    <Italia>29755,091</Italia>
    <CNOR>3133,352</CNOR>
    <CSUD>4719,751</CSUD>
    <NORD>16561,998</NORD>
    <SARD>827,848</SARD>
    <SICI>1351,93</SICI>
    <SUD>3160,212</SUD>
  </Fabbisogno>
  <Fabbisogno>
    <Data>20151020</Data>
    <Mercato>MGP</Mercato>
    <Ora>8</Ora>
    <Italia>35798,203</Italia>
    <CNOR>3541,242</CNOR>
    <CSUD>5345,66</CSUD>
    <NORD>21002,271</NORD>
    <SARD>926,892</SARD>
    <SICI>1626,858</SICI>
    <SUD>3355,28</SUD>
  </Fabbisogno>
  <Fabbisogno>
    <Data>20151020</Data>
    <Mercato>MGP</Mercato>
    <Ora>9</Ora>
    <Italia>38674,647</Italia>
    <CNOR>3998,726</CNOR>
    <CSUD>5776,581</CSUD>
    <NORD>22409,374</NORD>
    <SARD>999,404</SARD>
    <SICI>1789,04</SICI>
    <SUD>3701,522</SUD>
  </Fabbisogno>
  <Fabbisogno>
    <Data>20151020</Data>
    <Mercato>MGP</Mercato>
    <Ora>10</Ora>
    <Italia>39379,076</Italia>
    <CNOR>4026,711</CNOR>
    <CSUD>5983,319</CSUD>
    <NORD>22879,27</NORD>
    <SARD>960,998</SARD>
    <SICI>1838,062</SICI>
    <SUD>3690,716</SUD>
  </Fabbisogno>
  <Fabbisogno>
    <Data>20151020</Data>
    <Mercato>MGP</Mercato>
    <Ora>11</Ora>
    <Italia>39622,514</Italia>
    <CNOR>3898,599</CNOR>
    <CSUD>5829,629</CSUD>
    <NORD>23719,005</NORD>
    <SARD>927,59</SARD>
    <SICI>1709,182</SICI>
    <SUD>3538,509</SUD>
  </Fabbisogno>
  <Fabbisogno>
    <Data>20151020</Data>
    <Mercato>MGP</Mercato>
    <Ora>12</Ora>
    <Italia>39670,59</Italia>
    <CNOR>3959,819</CNOR>
    <CSUD>5993,654</CSUD>
    <NORD>23484,641</NORD>
    <SARD>908,449</SARD>
    <SICI>1688,578</SICI>
    <SUD>3635,449</SUD>
  </Fabbisogno>
  <Fabbisogno>
    <Data>20151020</Data>
    <Mercato>MGP</Mercato>
    <Ora>13</Ora>
    <Italia>36271,055</Italia>
    <CNOR>3384,958</CNOR>
    <CSUD>5371,358</CSUD>
    <NORD>21649,32</NORD>
    <SARD>902,861</SARD>
    <SICI>1625,035</SICI>
    <SUD>3337,523</SUD>
  </Fabbisogno>
  <Fabbisogno>
    <Data>20151020</Data>
    <Mercato>MGP</Mercato>
    <Ora>14</Ora>
    <Italia>35875,561</Italia>
    <CNOR>3225,132</CNOR>
    <CSUD>5214,686</CSUD>
    <NORD>21651,609</NORD>
    <SARD>861,732</SARD>
    <SICI>1570,876</SICI>
    <SUD>3351,526</SUD>
  </Fabbisogno>
  <Fabbisogno>
    <Data>20151020</Data>
    <Mercato>MGP</Mercato>
    <Ora>15</Ora>
    <Italia>36920,567</Italia>
    <CNOR>3439,974</CNOR>
    <CSUD>5260,782</CSUD>
    <NORD>22668,664</NORD>
    <SARD>847,865</SARD>
    <SICI>1539,861</SICI>
    <SUD>3163,421</SUD>
  </Fabbisogno>
  <Fabbisogno>
    <Data>20151020</Data>
    <Mercato>MGP</Mercato>
    <Ora>16</Ora>
    <Italia>37775,286</Italia>
    <CNOR>3571,264</CNOR>
    <CSUD>5347,666</CSUD>
    <NORD>22979,223</NORD>
    <SARD>873,819</SARD>
    <SICI>1628,051</SICI>
    <SUD>3375,263</SUD>
  </Fabbisogno>
  <Fabbisogno>
    <Data>20151020</Data>
    <Mercato>MGP</Mercato>
    <Ora>17</Ora>
    <Italia>38125,921</Italia>
    <CNOR>3658,984</CNOR>
    <CSUD>5440,851</CSUD>
    <NORD>22813,777</NORD>
    <SARD>917,064</SARD>
    <SICI>1715,524</SICI>
    <SUD>3579,721</SUD>
  </Fabbisogno>
  <Fabbisogno>
    <Data>20151020</Data>
    <Mercato>MGP</Mercato>
    <Ora>18</Ora>
    <Italia>37868,113</Italia>
    <CNOR>3790,259</CNOR>
    <CSUD>5671,988</CSUD>
    <NORD>21808,944</NORD>
    <SARD>967,628</SARD>
    <SICI>1838,168</SICI>
    <SUD>3791,126</SUD>
  </Fabbisogno>
  <Fabbisogno>
    <Data>20151020</Data>
    <Mercato>MGP</Mercato>
    <Ora>19</Ora>
    <Italia>39539,258</Italia>
    <CNOR>4235,784</CNOR>
    <CSUD>6747,454</CSUD>
    <NORD>21385,94</NORD>
    <SARD>1023,694</SARD>
    <SICI>2005,378</SICI>
    <SUD>4141,008</SUD>
  </Fabbisogno>
  <Fabbisogno>
    <Data>20151020</Data>
    <Mercato>MGP</Mercato>
    <Ora>20</Ora>
    <Italia>40947,765</Italia>
    <CNOR>4509,241</CNOR>
    <CSUD>7272,764</CSUD>
    <NORD>21611,078</NORD>
    <SARD>1116,915</SARD>
    <SICI>2212,3</SICI>
    <SUD>4225,467</SUD>
  </Fabbisogno>
  <Fabbisogno>
    <Data>20151020</Data>
    <Mercato>MGP</Mercato>
    <Ora>21</Ora>
    <Italia>38386,84</Italia>
    <CNOR>4298,792</CNOR>
    <CSUD>6987,861</CSUD>
    <NORD>19555,061</NORD>
    <SARD>1109,848</SARD>
    <SICI>2118,086</SICI>
    <SUD>4317,192</SUD>
  </Fabbisogno>
  <Fabbisogno>
    <Data>20151020</Data>
    <Mercato>MGP</Mercato>
    <Ora>22</Ora>
    <Italia>35735,674</Italia>
    <CNOR>4079,008</CNOR>
    <CSUD>6448,273</CSUD>
    <NORD>18140,216</NORD>
    <SARD>1060,997</SARD>
    <SICI>1903,547</SICI>
    <SUD>4103,633</SUD>
  </Fabbisogno>
  <Fabbisogno>
    <Data>20151020</Data>
    <Mercato>MGP</Mercato>
    <Ora>23</Ora>
    <Italia>32056,439</Italia>
    <CNOR>3710,238</CNOR>
    <CSUD>5855,881</CSUD>
    <NORD>16015,402</NORD>
    <SARD>979,402</SARD>
    <SICI>1709,078</SICI>
    <SUD>3786,438</SUD>
  </Fabbisogno>
  <Fabbisogno>
    <Data>20151020</Data>
    <Mercato>MGP</Mercato>
    <Ora>24</Ora>
    <Italia>28793,19</Italia>
    <CNOR>3330,028</CNOR>
    <CSUD>5200,737</CSUD>
    <NORD>14400,891</NORD>
    <SARD>909,366</SARD>
    <SICI>1488,671</SICI>
    <SUD>3463,497</SUD>
  </Fabbisogno>
</NewDataSet>