<?xml version="1.0" standalone="yes"?>
<NewDataSet>
  <xs:schema id="NewDataSet" xmlns="" xmlns:xs="http://www.w3.org/2001/XMLSchema" xmlns:msdata="urn:schemas-microsoft-com:xml-msdata">
    <xs:element name="NewDataSet" msdata:IsDataSet="true" msdata:UseCurrentLocale="true">
      <xs:complexType>
        <xs:choice minOccurs="0" maxOccurs="unbounded">
          <xs:element name="Fabbisogno">
            <xs:complexType>
              <xs:sequence>
                <xs:element name="Data" type="xs:string" minOccurs="0" />
                <xs:element name="Mercato" type="xs:string" minOccurs="0" />
                <xs:element name="Ora" type="xs:string" minOccurs="0" />
                <xs:element name="Italia" type="xs:string" minOccurs="0" />
                <xs:element name="CNOR" type="xs:string" minOccurs="0" />
                <xs:element name="CSUD" type="xs:string" minOccurs="0" />
                <xs:element name="NORD" type="xs:string" minOccurs="0" />
                <xs:element name="SARD" type="xs:string" minOccurs="0" />
                <xs:element name="SICI" type="xs:string" minOccurs="0" />
                <xs:element name="SUD" type="xs:string" minOccurs="0" />
              </xs:sequence>
            </xs:complexType>
          </xs:element>
        </xs:choice>
      </xs:complexType>
    </xs:element>
  </xs:schema>
  <Fabbisogno>
    <Data>20151031</Data>
    <Mercato>MGP</Mercato>
    <Ora>1</Ora>
    <Italia>25406,532</Italia>
    <CNOR>2870,371</CNOR>
    <CSUD>4264,534</CSUD>
    <NORD>13275,61</NORD>
    <SARD>856,426</SARD>
    <SICI>1399,364</SICI>
    <SUD>2740,227</SUD>
  </Fabbisogno>
  <Fabbisogno>
    <Data>20151031</Data>
    <Mercato>MGP</Mercato>
    <Ora>2</Ora>
    <Italia>23871,029</Italia>
    <CNOR>2693,611</CNOR>
    <CSUD>3959,095</CSUD>
    <NORD>12496,598</NORD>
    <SARD>818,096</SARD>
    <SICI>1289,133</SICI>
    <SUD>2614,496</SUD>
  </Fabbisogno>
  <Fabbisogno>
    <Data>20151031</Data>
    <Mercato>MGP</Mercato>
    <Ora>3</Ora>
    <Italia>23056,726</Italia>
    <CNOR>2612,681</CNOR>
    <CSUD>3772,299</CSUD>
    <NORD>12091,651</NORD>
    <SARD>797,204</SARD>
    <SICI>1234,22</SICI>
    <SUD>2548,671</SUD>
  </Fabbisogno>
  <Fabbisogno>
    <Data>20151031</Data>
    <Mercato>MGP</Mercato>
    <Ora>4</Ora>
    <Italia>22895,793</Italia>
    <CNOR>2525,754</CNOR>
    <CSUD>3655,069</CSUD>
    <NORD>12235,578</NORD>
    <SARD>773,763</SARD>
    <SICI>1200,434</SICI>
    <SUD>2505,195</SUD>
  </Fabbisogno>
  <Fabbisogno>
    <Data>20151031</Data>
    <Mercato>MGP</Mercato>
    <Ora>5</Ora>
    <Italia>22565,816</Italia>
    <CNOR>2476,043</CNOR>
    <CSUD>3636,381</CSUD>
    <NORD>12003,507</NORD>
    <SARD>763,164</SARD>
    <SICI>1166,366</SICI>
    <SUD>2520,355</SUD>
  </Fabbisogno>
  <Fabbisogno>
    <Data>20151031</Data>
    <Mercato>MGP</Mercato>
    <Ora>6</Ora>
    <Italia>23004,193</Italia>
    <CNOR>2512,386</CNOR>
    <CSUD>3783,74</CSUD>
    <NORD>12074,021</NORD>
    <SARD>794,222</SARD>
    <SICI>1258,148</SICI>
    <SUD>2581,676</SUD>
  </Fabbisogno>
  <Fabbisogno>
    <Data>20151031</Data>
    <Mercato>MGP</Mercato>
    <Ora>7</Ora>
    <Italia>25104,798</Italia>
    <CNOR>2639,555</CNOR>
    <CSUD>3990,901</CSUD>
    <NORD>13567,486</NORD>
    <SARD>843,721</SARD>
    <SICI>1312,186</SICI>
    <SUD>2750,949</SUD>
  </Fabbisogno>
  <Fabbisogno>
    <Data>20151031</Data>
    <Mercato>MGP</Mercato>
    <Ora>8</Ora>
    <Italia>27675,735</Italia>
    <CNOR>2505,943</CNOR>
    <CSUD>4028,615</CSUD>
    <NORD>15622,174</NORD>
    <SARD>889,277</SARD>
    <SICI>1459,844</SICI>
    <SUD>3169,882</SUD>
  </Fabbisogno>
  <Fabbisogno>
    <Data>20151031</Data>
    <Mercato>MGP</Mercato>
    <Ora>9</Ora>
    <Italia>28947,39</Italia>
    <CNOR>2638,367</CNOR>
    <CSUD>4345,266</CSUD>
    <NORD>15955,368</NORD>
    <SARD>922,906</SARD>
    <SICI>1624,287</SICI>
    <SUD>3461,196</SUD>
  </Fabbisogno>
  <Fabbisogno>
    <Data>20151031</Data>
    <Mercato>MGP</Mercato>
    <Ora>10</Ora>
    <Italia>30780,625</Italia>
    <CNOR>2808,05</CNOR>
    <CSUD>4837,204</CSUD>
    <NORD>16902,286</NORD>
    <SARD>950,349</SARD>
    <SICI>1764,449</SICI>
    <SUD>3518,287</SUD>
  </Fabbisogno>
  <Fabbisogno>
    <Data>20151031</Data>
    <Mercato>MGP</Mercato>
    <Ora>11</Ora>
    <Italia>30081,31</Italia>
    <CNOR>2676,816</CNOR>
    <CSUD>4518,225</CSUD>
    <NORD>16856,337</NORD>
    <SARD>877,955</SARD>
    <SICI>1746,906</SICI>
    <SUD>3405,071</SUD>
  </Fabbisogno>
  <Fabbisogno>
    <Data>20151031</Data>
    <Mercato>MGP</Mercato>
    <Ora>12</Ora>
    <Italia>29993,73</Italia>
    <CNOR>2674,081</CNOR>
    <CSUD>4697,196</CSUD>
    <NORD>16557,841</NORD>
    <SARD>896,54</SARD>
    <SICI>1728,142</SICI>
    <SUD>3439,93</SUD>
  </Fabbisogno>
  <Fabbisogno>
    <Data>20151031</Data>
    <Mercato>MGP</Mercato>
    <Ora>13</Ora>
    <Italia>28516,334</Italia>
    <CNOR>2441,92</CNOR>
    <CSUD>4450,365</CSUD>
    <NORD>15650,324</NORD>
    <SARD>849,021</SARD>
    <SICI>1726,878</SICI>
    <SUD>3397,826</SUD>
  </Fabbisogno>
  <Fabbisogno>
    <Data>20151031</Data>
    <Mercato>MGP</Mercato>
    <Ora>14</Ora>
    <Italia>27251,533</Italia>
    <CNOR>2306,95</CNOR>
    <CSUD>4257,523</CSUD>
    <NORD>14982,573</NORD>
    <SARD>823,459</SARD>
    <SICI>1674,085</SICI>
    <SUD>3206,943</SUD>
  </Fabbisogno>
  <Fabbisogno>
    <Data>20151031</Data>
    <Mercato>MGP</Mercato>
    <Ora>15</Ora>
    <Italia>26793,727</Italia>
    <CNOR>2303,117</CNOR>
    <CSUD>4218,545</CSUD>
    <NORD>14636,303</NORD>
    <SARD>803,538</SARD>
    <SICI>1637,215</SICI>
    <SUD>3195,009</SUD>
  </Fabbisogno>
  <Fabbisogno>
    <Data>20151031</Data>
    <Mercato>MGP</Mercato>
    <Ora>16</Ora>
    <Italia>26896,45</Italia>
    <CNOR>2330,871</CNOR>
    <CSUD>4257,522</CSUD>
    <NORD>14710,918</NORD>
    <SARD>769,994</SARD>
    <SICI>1652,447</SICI>
    <SUD>3174,698</SUD>
  </Fabbisogno>
  <Fabbisogno>
    <Data>20151031</Data>
    <Mercato>MGP</Mercato>
    <Ora>17</Ora>
    <Italia>28160,262</Italia>
    <CNOR>2541,229</CNOR>
    <CSUD>4550,773</CSUD>
    <NORD>15073,476</NORD>
    <SARD>821,158</SARD>
    <SICI>1736,877</SICI>
    <SUD>3436,749</SUD>
  </Fabbisogno>
  <Fabbisogno>
    <Data>20151031</Data>
    <Mercato>MGP</Mercato>
    <Ora>18</Ora>
    <Italia>30922,931</Italia>
    <CNOR>3263,453</CNOR>
    <CSUD>5586,545</CSUD>
    <NORD>15640,433</NORD>
    <SARD>938,041</SARD>
    <SICI>1873,05</SICI>
    <SUD>3621,409</SUD>
  </Fabbisogno>
  <Fabbisogno>
    <Data>20151031</Data>
    <Mercato>MGP</Mercato>
    <Ora>19</Ora>
    <Italia>33653,766</Italia>
    <CNOR>3788,2</CNOR>
    <CSUD>6035,995</CSUD>
    <NORD>16940,336</NORD>
    <SARD>1076,173</SARD>
    <SICI>2026,976</SICI>
    <SUD>3786,086</SUD>
  </Fabbisogno>
  <Fabbisogno>
    <Data>20151031</Data>
    <Mercato>MGP</Mercato>
    <Ora>20</Ora>
    <Italia>35155,845</Italia>
    <CNOR>4041,135</CNOR>
    <CSUD>6426,207</CSUD>
    <NORD>17333,542</NORD>
    <SARD>1166,923</SARD>
    <SICI>2185,012</SICI>
    <SUD>4003,026</SUD>
  </Fabbisogno>
  <Fabbisogno>
    <Data>20151031</Data>
    <Mercato>MGP</Mercato>
    <Ora>21</Ora>
    <Italia>32279,398</Italia>
    <CNOR>3771,664</CNOR>
    <CSUD>6151,842</CSUD>
    <NORD>15211,029</NORD>
    <SARD>1150,158</SARD>
    <SICI>2084,664</SICI>
    <SUD>3910,041</SUD>
  </Fabbisogno>
  <Fabbisogno>
    <Data>20151031</Data>
    <Mercato>MGP</Mercato>
    <Ora>22</Ora>
    <Italia>29563,358</Italia>
    <CNOR>3467,649</CNOR>
    <CSUD>5589,137</CSUD>
    <NORD>13963,065</NORD>
    <SARD>1071,603</SARD>
    <SICI>1890,928</SICI>
    <SUD>3580,976</SUD>
  </Fabbisogno>
  <Fabbisogno>
    <Data>20151031</Data>
    <Mercato>MGP</Mercato>
    <Ora>23</Ora>
    <Italia>27254,522</Italia>
    <CNOR>3288,003</CNOR>
    <CSUD>5172,373</CSUD>
    <NORD>12740,562</NORD>
    <SARD>1005,661</SARD>
    <SICI>1724,811</SICI>
    <SUD>3323,112</SUD>
  </Fabbisogno>
  <Fabbisogno>
    <Data>20151031</Data>
    <Mercato>MGP</Mercato>
    <Ora>24</Ora>
    <Italia>25212,113</Italia>
    <CNOR>3083,57</CNOR>
    <CSUD>4797,485</CSUD>
    <NORD>11692,929</NORD>
    <SARD>951,972</SARD>
    <SICI>1581,436</SICI>
    <SUD>3104,721</SUD>
  </Fabbisogno>
</NewDataSet>