<?xml version="1.0" standalone="yes"?>
<NewDataSet>
  <xs:schema id="NewDataSet" xmlns="" xmlns:xs="http://www.w3.org/2001/XMLSchema" xmlns:msdata="urn:schemas-microsoft-com:xml-msdata">
    <xs:element name="NewDataSet" msdata:IsDataSet="true" msdata:UseCurrentLocale="true">
      <xs:complexType>
        <xs:choice minOccurs="0" maxOccurs="unbounded">
          <xs:element name="Fabbisogno">
            <xs:complexType>
              <xs:sequence>
                <xs:element name="Data" type="xs:string" minOccurs="0" />
                <xs:element name="Mercato" type="xs:string" minOccurs="0" />
                <xs:element name="Ora" type="xs:string" minOccurs="0" />
                <xs:element name="Italia" type="xs:string" minOccurs="0" />
                <xs:element name="CNOR" type="xs:string" minOccurs="0" />
                <xs:element name="CSUD" type="xs:string" minOccurs="0" />
                <xs:element name="NORD" type="xs:string" minOccurs="0" />
                <xs:element name="SARD" type="xs:string" minOccurs="0" />
                <xs:element name="SICI" type="xs:string" minOccurs="0" />
                <xs:element name="SUD" type="xs:string" minOccurs="0" />
              </xs:sequence>
            </xs:complexType>
          </xs:element>
        </xs:choice>
      </xs:complexType>
    </xs:element>
  </xs:schema>
  <Fabbisogno>
    <Data>20151007</Data>
    <Mercato>MGP</Mercato>
    <Ora>1</Ora>
    <Italia>26786,394</Italia>
    <CNOR>3032,216</CNOR>
    <CSUD>4555,517</CSUD>
    <NORD>13988,719</NORD>
    <SARD>905,328</SARD>
    <SICI>1351,672</SICI>
    <SUD>2952,942</SUD>
  </Fabbisogno>
  <Fabbisogno>
    <Data>20151007</Data>
    <Mercato>MGP</Mercato>
    <Ora>2</Ora>
    <Italia>25347,625</Italia>
    <CNOR>2832,577</CNOR>
    <CSUD>4174,917</CSUD>
    <NORD>13417,33</NORD>
    <SARD>854,991</SARD>
    <SICI>1265,841</SICI>
    <SUD>2801,969</SUD>
  </Fabbisogno>
  <Fabbisogno>
    <Data>20151007</Data>
    <Mercato>MGP</Mercato>
    <Ora>3</Ora>
    <Italia>24664,577</Italia>
    <CNOR>2781,46</CNOR>
    <CSUD>4116,012</CSUD>
    <NORD>12993,729</NORD>
    <SARD>840,769</SARD>
    <SICI>1204,188</SICI>
    <SUD>2728,419</SUD>
  </Fabbisogno>
  <Fabbisogno>
    <Data>20151007</Data>
    <Mercato>MGP</Mercato>
    <Ora>4</Ora>
    <Italia>24348,596</Italia>
    <CNOR>2723,957</CNOR>
    <CSUD>4036,878</CSUD>
    <NORD>12853,425</NORD>
    <SARD>846,613</SARD>
    <SICI>1183,414</SICI>
    <SUD>2704,309</SUD>
  </Fabbisogno>
  <Fabbisogno>
    <Data>20151007</Data>
    <Mercato>MGP</Mercato>
    <Ora>5</Ora>
    <Italia>24541,023</Italia>
    <CNOR>2721,773</CNOR>
    <CSUD>4076,63</CSUD>
    <NORD>12994,214</NORD>
    <SARD>827,787</SARD>
    <SICI>1193,665</SICI>
    <SUD>2726,954</SUD>
  </Fabbisogno>
  <Fabbisogno>
    <Data>20151007</Data>
    <Mercato>MGP</Mercato>
    <Ora>6</Ora>
    <Italia>25619,442</Italia>
    <CNOR>2811,829</CNOR>
    <CSUD>4271,08</CSUD>
    <NORD>13641,605</NORD>
    <SARD>834,712</SARD>
    <SICI>1242,98</SICI>
    <SUD>2817,236</SUD>
  </Fabbisogno>
  <Fabbisogno>
    <Data>20151007</Data>
    <Mercato>MGP</Mercato>
    <Ora>7</Ora>
    <Italia>28995,799</Italia>
    <CNOR>2947,164</CNOR>
    <CSUD>4336,951</CSUD>
    <NORD>16543,593</NORD>
    <SARD>860,075</SARD>
    <SICI>1408,599</SICI>
    <SUD>2899,417</SUD>
  </Fabbisogno>
  <Fabbisogno>
    <Data>20151007</Data>
    <Mercato>MGP</Mercato>
    <Ora>8</Ora>
    <Italia>34297,601</Italia>
    <CNOR>3263,772</CNOR>
    <CSUD>4663,61</CSUD>
    <NORD>20718,569</NORD>
    <SARD>950,776</SARD>
    <SICI>1580,665</SICI>
    <SUD>3120,209</SUD>
  </Fabbisogno>
  <Fabbisogno>
    <Data>20151007</Data>
    <Mercato>MGP</Mercato>
    <Ora>9</Ora>
    <Italia>38700,702</Italia>
    <CNOR>3768,594</CNOR>
    <CSUD>5497,089</CSUD>
    <NORD>23047,549</NORD>
    <SARD>1061,545</SARD>
    <SICI>1802,525</SICI>
    <SUD>3523,4</SUD>
  </Fabbisogno>
  <Fabbisogno>
    <Data>20151007</Data>
    <Mercato>MGP</Mercato>
    <Ora>10</Ora>
    <Italia>40795,388</Italia>
    <CNOR>3930,249</CNOR>
    <CSUD>5771,861</CSUD>
    <NORD>24624,425</NORD>
    <SARD>1072,263</SARD>
    <SICI>1854,865</SICI>
    <SUD>3541,725</SUD>
  </Fabbisogno>
  <Fabbisogno>
    <Data>20151007</Data>
    <Mercato>MGP</Mercato>
    <Ora>11</Ora>
    <Italia>39948,98</Italia>
    <CNOR>3755,551</CNOR>
    <CSUD>5411,647</CSUD>
    <NORD>24598,2</NORD>
    <SARD>1013,71</SARD>
    <SICI>1815,01</SICI>
    <SUD>3354,862</SUD>
  </Fabbisogno>
  <Fabbisogno>
    <Data>20151007</Data>
    <Mercato>MGP</Mercato>
    <Ora>12</Ora>
    <Italia>39083,075</Italia>
    <CNOR>3676,21</CNOR>
    <CSUD>5314,509</CSUD>
    <NORD>24006,654</NORD>
    <SARD>965,913999999999</SARD>
    <SICI>1805,54</SICI>
    <SUD>3314,248</SUD>
  </Fabbisogno>
  <Fabbisogno>
    <Data>20151007</Data>
    <Mercato>MGP</Mercato>
    <Ora>13</Ora>
    <Italia>36721,426</Italia>
    <CNOR>3340,503</CNOR>
    <CSUD>5219,31</CSUD>
    <NORD>22091,056</NORD>
    <SARD>946,05</SARD>
    <SICI>1784,721</SICI>
    <SUD>3339,786</SUD>
  </Fabbisogno>
  <Fabbisogno>
    <Data>20151007</Data>
    <Mercato>MGP</Mercato>
    <Ora>14</Ora>
    <Italia>36413,599</Italia>
    <CNOR>3229,974</CNOR>
    <CSUD>5074,264</CSUD>
    <NORD>22253,54</NORD>
    <SARD>908,85</SARD>
    <SICI>1717,963</SICI>
    <SUD>3229,008</SUD>
  </Fabbisogno>
  <Fabbisogno>
    <Data>20151007</Data>
    <Mercato>MGP</Mercato>
    <Ora>15</Ora>
    <Italia>38019,598</Italia>
    <CNOR>3647,432</CNOR>
    <CSUD>5505,383</CSUD>
    <NORD>22982,582</NORD>
    <SARD>926,091</SARD>
    <SICI>1721,938</SICI>
    <SUD>3236,172</SUD>
  </Fabbisogno>
  <Fabbisogno>
    <Data>20151007</Data>
    <Mercato>MGP</Mercato>
    <Ora>16</Ora>
    <Italia>38034,521</Italia>
    <CNOR>3607,359</CNOR>
    <CSUD>5259,028</CSUD>
    <NORD>23275,106</NORD>
    <SARD>914,513</SARD>
    <SICI>1753,814</SICI>
    <SUD>3224,701</SUD>
  </Fabbisogno>
  <Fabbisogno>
    <Data>20151007</Data>
    <Mercato>MGP</Mercato>
    <Ora>17</Ora>
    <Italia>38538,081</Italia>
    <CNOR>3685,456</CNOR>
    <CSUD>5376,848</CSUD>
    <NORD>23313,613</NORD>
    <SARD>951,514</SARD>
    <SICI>1849,844</SICI>
    <SUD>3360,806</SUD>
  </Fabbisogno>
  <Fabbisogno>
    <Data>20151007</Data>
    <Mercato>MGP</Mercato>
    <Ora>18</Ora>
    <Italia>38850,981</Italia>
    <CNOR>3873,119</CNOR>
    <CSUD>5855,667</CSUD>
    <NORD>22497,759</NORD>
    <SARD>1040,457</SARD>
    <SICI>1918,753</SICI>
    <SUD>3665,226</SUD>
  </Fabbisogno>
  <Fabbisogno>
    <Data>20151007</Data>
    <Mercato>MGP</Mercato>
    <Ora>19</Ora>
    <Italia>38805,811</Italia>
    <CNOR>4022,275</CNOR>
    <CSUD>6208,599</CSUD>
    <NORD>21463,807</NORD>
    <SARD>1112,363</SARD>
    <SICI>2038,117</SICI>
    <SUD>3960,65</SUD>
  </Fabbisogno>
  <Fabbisogno>
    <Data>20151007</Data>
    <Mercato>MGP</Mercato>
    <Ora>20</Ora>
    <Italia>41392,802</Italia>
    <CNOR>4327,56</CNOR>
    <CSUD>6969,95200000001</CSUD>
    <NORD>22414,194</NORD>
    <SARD>1189,848</SARD>
    <SICI>2230,821</SICI>
    <SUD>4260,427</SUD>
  </Fabbisogno>
  <Fabbisogno>
    <Data>20151007</Data>
    <Mercato>MGP</Mercato>
    <Ora>21</Ora>
    <Italia>38962,787</Italia>
    <CNOR>4250,337</CNOR>
    <CSUD>6776,848</CSUD>
    <NORD>20533,493</NORD>
    <SARD>1199,112</SARD>
    <SICI>2082,146</SICI>
    <SUD>4120,851</SUD>
  </Fabbisogno>
  <Fabbisogno>
    <Data>20151007</Data>
    <Mercato>MGP</Mercato>
    <Ora>22</Ora>
    <Italia>35232,278</Italia>
    <CNOR>4067,39</CNOR>
    <CSUD>6410,698</CSUD>
    <NORD>17788,676</NORD>
    <SARD>1148,519</SARD>
    <SICI>1909,527</SICI>
    <SUD>3907,468</SUD>
  </Fabbisogno>
  <Fabbisogno>
    <Data>20151007</Data>
    <Mercato>MGP</Mercato>
    <Ora>23</Ora>
    <Italia>32008,916</Italia>
    <CNOR>3821,24</CNOR>
    <CSUD>5926,21</CSUD>
    <NORD>15813,823</NORD>
    <SARD>1100,167</SARD>
    <SICI>1718,854</SICI>
    <SUD>3628,622</SUD>
  </Fabbisogno>
  <Fabbisogno>
    <Data>20151007</Data>
    <Mercato>MGP</Mercato>
    <Ora>24</Ora>
    <Italia>28849,255</Italia>
    <CNOR>3460,127</CNOR>
    <CSUD>5307,399</CSUD>
    <NORD>14237,283</NORD>
    <SARD>981,697</SARD>
    <SICI>1529,756</SICI>
    <SUD>3332,993</SUD>
  </Fabbisogno>
</NewDataSet>