<?xml version="1.0" standalone="yes"?>
<NewDataSet>
  <xs:schema id="NewDataSet" xmlns="" xmlns:xs="http://www.w3.org/2001/XMLSchema" xmlns:msdata="urn:schemas-microsoft-com:xml-msdata">
    <xs:element name="NewDataSet" msdata:IsDataSet="true" msdata:UseCurrentLocale="true">
      <xs:complexType>
        <xs:choice minOccurs="0" maxOccurs="unbounded">
          <xs:element name="Fabbisogno">
            <xs:complexType>
              <xs:sequence>
                <xs:element name="Data" type="xs:string" minOccurs="0" />
                <xs:element name="Mercato" type="xs:string" minOccurs="0" />
                <xs:element name="Ora" type="xs:string" minOccurs="0" />
                <xs:element name="Italia" type="xs:string" minOccurs="0" />
                <xs:element name="CNOR" type="xs:string" minOccurs="0" />
                <xs:element name="CSUD" type="xs:string" minOccurs="0" />
                <xs:element name="NORD" type="xs:string" minOccurs="0" />
                <xs:element name="SARD" type="xs:string" minOccurs="0" />
                <xs:element name="SICI" type="xs:string" minOccurs="0" />
                <xs:element name="SUD" type="xs:string" minOccurs="0" />
              </xs:sequence>
            </xs:complexType>
          </xs:element>
        </xs:choice>
      </xs:complexType>
    </xs:element>
  </xs:schema>
  <Fabbisogno>
    <Data>20151019</Data>
    <Mercato>MGP</Mercato>
    <Ora>1</Ora>
    <Italia>22426,618</Italia>
    <CNOR>2438,881</CNOR>
    <CSUD>4048,415</CSUD>
    <NORD>11179,901</NORD>
    <SARD>788,307</SARD>
    <SICI>1261,1</SICI>
    <SUD>2710,014</SUD>
  </Fabbisogno>
  <Fabbisogno>
    <Data>20151019</Data>
    <Mercato>MGP</Mercato>
    <Ora>2</Ora>
    <Italia>21315,543</Italia>
    <CNOR>2306,992</CNOR>
    <CSUD>3764,347</CSUD>
    <NORD>10713,365</NORD>
    <SARD>757,129</SARD>
    <SICI>1161,956</SICI>
    <SUD>2611,754</SUD>
  </Fabbisogno>
  <Fabbisogno>
    <Data>20151019</Data>
    <Mercato>MGP</Mercato>
    <Ora>3</Ora>
    <Italia>20990,467</Italia>
    <CNOR>2262,643</CNOR>
    <CSUD>3689,632</CSUD>
    <NORD>10566,085</NORD>
    <SARD>741,254</SARD>
    <SICI>1114,699</SICI>
    <SUD>2616,154</SUD>
  </Fabbisogno>
  <Fabbisogno>
    <Data>20151019</Data>
    <Mercato>MGP</Mercato>
    <Ora>4</Ora>
    <Italia>20845,136</Italia>
    <CNOR>2247,655</CNOR>
    <CSUD>3649,3</CSUD>
    <NORD>10501,364</NORD>
    <SARD>734,18</SARD>
    <SICI>1099,475</SICI>
    <SUD>2613,162</SUD>
  </Fabbisogno>
  <Fabbisogno>
    <Data>20151019</Data>
    <Mercato>MGP</Mercato>
    <Ora>5</Ora>
    <Italia>21096,395</Italia>
    <CNOR>2209,912</CNOR>
    <CSUD>3679,511</CSUD>
    <NORD>10808,968</NORD>
    <SARD>734,805</SARD>
    <SICI>1111,395</SICI>
    <SUD>2551,804</SUD>
  </Fabbisogno>
  <Fabbisogno>
    <Data>20151019</Data>
    <Mercato>MGP</Mercato>
    <Ora>6</Ora>
    <Italia>22631,296</Italia>
    <CNOR>2373,287</CNOR>
    <CSUD>3906,934</CSUD>
    <NORD>11754,214</NORD>
    <SARD>760,835</SARD>
    <SICI>1181,134</SICI>
    <SUD>2654,892</SUD>
  </Fabbisogno>
  <Fabbisogno>
    <Data>20151019</Data>
    <Mercato>MGP</Mercato>
    <Ora>7</Ora>
    <Italia>27666,387</Italia>
    <CNOR>2962,215</CNOR>
    <CSUD>4572,681</CSUD>
    <NORD>15120,991</NORD>
    <SARD>839,476</SARD>
    <SICI>1324,911</SICI>
    <SUD>2846,113</SUD>
  </Fabbisogno>
  <Fabbisogno>
    <Data>20151019</Data>
    <Mercato>MGP</Mercato>
    <Ora>8</Ora>
    <Italia>33929,32</Italia>
    <CNOR>3262,269</CNOR>
    <CSUD>5038,533</CSUD>
    <NORD>19602,043</NORD>
    <SARD>949,868</SARD>
    <SICI>1572,507</SICI>
    <SUD>3504,1</SUD>
  </Fabbisogno>
  <Fabbisogno>
    <Data>20151019</Data>
    <Mercato>MGP</Mercato>
    <Ora>9</Ora>
    <Italia>36882,377</Italia>
    <CNOR>3715,625</CNOR>
    <CSUD>5506,388</CSUD>
    <NORD>21088,119</NORD>
    <SARD>1007,626</SARD>
    <SICI>1733,389</SICI>
    <SUD>3831,23</SUD>
  </Fabbisogno>
  <Fabbisogno>
    <Data>20151019</Data>
    <Mercato>MGP</Mercato>
    <Ora>10</Ora>
    <Italia>38600,579</Italia>
    <CNOR>3793,486</CNOR>
    <CSUD>5740,756</CSUD>
    <NORD>22510,556</NORD>
    <SARD>999,87</SARD>
    <SICI>1740,341</SICI>
    <SUD>3815,57</SUD>
  </Fabbisogno>
  <Fabbisogno>
    <Data>20151019</Data>
    <Mercato>MGP</Mercato>
    <Ora>11</Ora>
    <Italia>38764,871</Italia>
    <CNOR>3755,973</CNOR>
    <CSUD>5790,785</CSUD>
    <NORD>22807,472</NORD>
    <SARD>968,356</SARD>
    <SICI>1650,79</SICI>
    <SUD>3791,495</SUD>
  </Fabbisogno>
  <Fabbisogno>
    <Data>20151019</Data>
    <Mercato>MGP</Mercato>
    <Ora>12</Ora>
    <Italia>38190,421</Italia>
    <CNOR>3649,6</CNOR>
    <CSUD>5788,577</CSUD>
    <NORD>22454,966</NORD>
    <SARD>919,15</SARD>
    <SICI>1587,768</SICI>
    <SUD>3790,36</SUD>
  </Fabbisogno>
  <Fabbisogno>
    <Data>20151019</Data>
    <Mercato>MGP</Mercato>
    <Ora>13</Ora>
    <Italia>35372,62</Italia>
    <CNOR>3238,688</CNOR>
    <CSUD>5176,278</CSUD>
    <NORD>20856,297</NORD>
    <SARD>867,945</SARD>
    <SICI>1571,456</SICI>
    <SUD>3661,956</SUD>
  </Fabbisogno>
  <Fabbisogno>
    <Data>20151019</Data>
    <Mercato>MGP</Mercato>
    <Ora>14</Ora>
    <Italia>35743,897</Italia>
    <CNOR>3148,275</CNOR>
    <CSUD>5489,615</CSUD>
    <NORD>21020,547</NORD>
    <SARD>872,424</SARD>
    <SICI>1537,949</SICI>
    <SUD>3675,087</SUD>
  </Fabbisogno>
  <Fabbisogno>
    <Data>20151019</Data>
    <Mercato>MGP</Mercato>
    <Ora>15</Ora>
    <Italia>36434,904</Italia>
    <CNOR>3318,947</CNOR>
    <CSUD>5133,816</CSUD>
    <NORD>22086,954</NORD>
    <SARD>818,477</SARD>
    <SICI>1499,814</SICI>
    <SUD>3576,896</SUD>
  </Fabbisogno>
  <Fabbisogno>
    <Data>20151019</Data>
    <Mercato>MGP</Mercato>
    <Ora>16</Ora>
    <Italia>37021,9</Italia>
    <CNOR>3444,308</CNOR>
    <CSUD>5217,118</CSUD>
    <NORD>22385,451</NORD>
    <SARD>832,666</SARD>
    <SICI>1582,609</SICI>
    <SUD>3559,748</SUD>
  </Fabbisogno>
  <Fabbisogno>
    <Data>20151019</Data>
    <Mercato>MGP</Mercato>
    <Ora>17</Ora>
    <Italia>37407,598</Italia>
    <CNOR>3566,443</CNOR>
    <CSUD>5274,633</CSUD>
    <NORD>22372,714</NORD>
    <SARD>865,147</SARD>
    <SICI>1642,639</SICI>
    <SUD>3686,022</SUD>
  </Fabbisogno>
  <Fabbisogno>
    <Data>20151019</Data>
    <Mercato>MGP</Mercato>
    <Ora>18</Ora>
    <Italia>36947,133</Italia>
    <CNOR>3588,847</CNOR>
    <CSUD>5467,767</CSUD>
    <NORD>21309,653</NORD>
    <SARD>915,493</SARD>
    <SICI>1761,407</SICI>
    <SUD>3903,966</SUD>
  </Fabbisogno>
  <Fabbisogno>
    <Data>20151019</Data>
    <Mercato>MGP</Mercato>
    <Ora>19</Ora>
    <Italia>38852,544</Italia>
    <CNOR>4180,75</CNOR>
    <CSUD>6645,358</CSUD>
    <NORD>20910,642</NORD>
    <SARD>1025,211</SARD>
    <SICI>1971,088</SICI>
    <SUD>4119,495</SUD>
  </Fabbisogno>
  <Fabbisogno>
    <Data>20151019</Data>
    <Mercato>MGP</Mercato>
    <Ora>20</Ora>
    <Italia>39806,909</Italia>
    <CNOR>4239,482</CNOR>
    <CSUD>6989,171</CSUD>
    <NORD>21116,854</NORD>
    <SARD>1131,624</SARD>
    <SICI>2122,921</SICI>
    <SUD>4206,857</SUD>
  </Fabbisogno>
  <Fabbisogno>
    <Data>20151019</Data>
    <Mercato>MGP</Mercato>
    <Ora>21</Ora>
    <Italia>37795,199</Italia>
    <CNOR>4203,909</CNOR>
    <CSUD>6751,555</CSUD>
    <NORD>19509,137</NORD>
    <SARD>1111,556</SARD>
    <SICI>2076,463</SICI>
    <SUD>4142,579</SUD>
  </Fabbisogno>
  <Fabbisogno>
    <Data>20151019</Data>
    <Mercato>MGP</Mercato>
    <Ora>22</Ora>
    <Italia>35127,182</Italia>
    <CNOR>3963,202</CNOR>
    <CSUD>6262,886</CSUD>
    <NORD>18075,905</NORD>
    <SARD>1030,292</SARD>
    <SICI>1871,242</SICI>
    <SUD>3923,655</SUD>
  </Fabbisogno>
  <Fabbisogno>
    <Data>20151019</Data>
    <Mercato>MGP</Mercato>
    <Ora>23</Ora>
    <Italia>31533,02</Italia>
    <CNOR>3576,062</CNOR>
    <CSUD>5681,106</CSUD>
    <NORD>16017,35</NORD>
    <SARD>957,787</SARD>
    <SICI>1674,581</SICI>
    <SUD>3626,134</SUD>
  </Fabbisogno>
  <Fabbisogno>
    <Data>20151019</Data>
    <Mercato>MGP</Mercato>
    <Ora>24</Ora>
    <Italia>28432,57</Italia>
    <CNOR>3226,17</CNOR>
    <CSUD>5046,437</CSUD>
    <NORD>14464,257</NORD>
    <SARD>891,301</SARD>
    <SICI>1474,749</SICI>
    <SUD>3329,656</SUD>
  </Fabbisogno>
</NewDataSet>