<?xml version="1.0" standalone="yes"?>
<NewDataSet>
  <xs:schema id="NewDataSet" xmlns="" xmlns:xs="http://www.w3.org/2001/XMLSchema" xmlns:msdata="urn:schemas-microsoft-com:xml-msdata">
    <xs:element name="NewDataSet" msdata:IsDataSet="true" msdata:UseCurrentLocale="true">
      <xs:complexType>
        <xs:choice minOccurs="0" maxOccurs="unbounded">
          <xs:element name="Fabbisogno">
            <xs:complexType>
              <xs:sequence>
                <xs:element name="Data" type="xs:string" minOccurs="0" />
                <xs:element name="Mercato" type="xs:string" minOccurs="0" />
                <xs:element name="Ora" type="xs:string" minOccurs="0" />
                <xs:element name="Italia" type="xs:string" minOccurs="0" />
                <xs:element name="CNOR" type="xs:string" minOccurs="0" />
                <xs:element name="CSUD" type="xs:string" minOccurs="0" />
                <xs:element name="NORD" type="xs:string" minOccurs="0" />
                <xs:element name="SARD" type="xs:string" minOccurs="0" />
                <xs:element name="SICI" type="xs:string" minOccurs="0" />
                <xs:element name="SUD" type="xs:string" minOccurs="0" />
              </xs:sequence>
            </xs:complexType>
          </xs:element>
        </xs:choice>
      </xs:complexType>
    </xs:element>
  </xs:schema>
  <Fabbisogno>
    <Data>20151028</Data>
    <Mercato>MGP</Mercato>
    <Ora>1</Ora>
    <Italia>26312,427</Italia>
    <CNOR>2910,35</CNOR>
    <CSUD>4368,086</CSUD>
    <NORD>14076,068</NORD>
    <SARD>845,518</SARD>
    <SICI>1332,576</SICI>
    <SUD>2779,829</SUD>
  </Fabbisogno>
  <Fabbisogno>
    <Data>20151028</Data>
    <Mercato>MGP</Mercato>
    <Ora>2</Ora>
    <Italia>25178,97</Italia>
    <CNOR>2766,536</CNOR>
    <CSUD>4116,731</CSUD>
    <NORD>13408,16</NORD>
    <SARD>826,606</SARD>
    <SICI>1384,575</SICI>
    <SUD>2676,362</SUD>
  </Fabbisogno>
  <Fabbisogno>
    <Data>20151028</Data>
    <Mercato>MGP</Mercato>
    <Ora>3</Ora>
    <Italia>24445,512</Italia>
    <CNOR>2697,972</CNOR>
    <CSUD>4017,448</CSUD>
    <NORD>13029,255</NORD>
    <SARD>806,763</SARD>
    <SICI>1286,134</SICI>
    <SUD>2607,94</SUD>
  </Fabbisogno>
  <Fabbisogno>
    <Data>20151028</Data>
    <Mercato>MGP</Mercato>
    <Ora>4</Ora>
    <Italia>24343,811</Italia>
    <CNOR>2677,251</CNOR>
    <CSUD>3993,207</CSUD>
    <NORD>13116,784</NORD>
    <SARD>801,863</SARD>
    <SICI>1139,317</SICI>
    <SUD>2615,389</SUD>
  </Fabbisogno>
  <Fabbisogno>
    <Data>20151028</Data>
    <Mercato>MGP</Mercato>
    <Ora>5</Ora>
    <Italia>24428,675</Italia>
    <CNOR>2694,139</CNOR>
    <CSUD>3979,355</CSUD>
    <NORD>13164,905</NORD>
    <SARD>806,383</SARD>
    <SICI>1157,691</SICI>
    <SUD>2626,202</SUD>
  </Fabbisogno>
  <Fabbisogno>
    <Data>20151028</Data>
    <Mercato>MGP</Mercato>
    <Ora>6</Ora>
    <Italia>25569,769</Italia>
    <CNOR>2751,191</CNOR>
    <CSUD>4112,354</CSUD>
    <NORD>13958,435</NORD>
    <SARD>833,275</SARD>
    <SICI>1223,023</SICI>
    <SUD>2691,491</SUD>
  </Fabbisogno>
  <Fabbisogno>
    <Data>20151028</Data>
    <Mercato>MGP</Mercato>
    <Ora>7</Ora>
    <Italia>30151,037</Italia>
    <CNOR>3106,211</CNOR>
    <CSUD>4527,317</CSUD>
    <NORD>17526,827</NORD>
    <SARD>890,497</SARD>
    <SICI>1348,514</SICI>
    <SUD>2751,671</SUD>
  </Fabbisogno>
  <Fabbisogno>
    <Data>20151028</Data>
    <Mercato>MGP</Mercato>
    <Ora>8</Ora>
    <Italia>34931,721</Italia>
    <CNOR>3027,149</CNOR>
    <CSUD>4541,96</CSUD>
    <NORD>21612,684</NORD>
    <SARD>927,838</SARD>
    <SICI>1619,579</SICI>
    <SUD>3202,511</SUD>
  </Fabbisogno>
  <Fabbisogno>
    <Data>20151028</Data>
    <Mercato>MGP</Mercato>
    <Ora>9</Ora>
    <Italia>40089,52</Italia>
    <CNOR>3607,201</CNOR>
    <CSUD>5536</CSUD>
    <NORD>24419,361</NORD>
    <SARD>1041,134</SARD>
    <SICI>1868,569</SICI>
    <SUD>3617,255</SUD>
  </Fabbisogno>
  <Fabbisogno>
    <Data>20151028</Data>
    <Mercato>MGP</Mercato>
    <Ora>10</Ora>
    <Italia>40723,028</Italia>
    <CNOR>3742,494</CNOR>
    <CSUD>5758,98</CSUD>
    <NORD>24643,464</NORD>
    <SARD>1035,027</SARD>
    <SICI>1881,211</SICI>
    <SUD>3661,852</SUD>
  </Fabbisogno>
  <Fabbisogno>
    <Data>20151028</Data>
    <Mercato>MGP</Mercato>
    <Ora>11</Ora>
    <Italia>38673,749</Italia>
    <CNOR>3468,356</CNOR>
    <CSUD>5111,501</CSUD>
    <NORD>23977,754</NORD>
    <SARD>934,677</SARD>
    <SICI>1679,579</SICI>
    <SUD>3501,882</SUD>
  </Fabbisogno>
  <Fabbisogno>
    <Data>20151028</Data>
    <Mercato>MGP</Mercato>
    <Ora>12</Ora>
    <Italia>39779,847</Italia>
    <CNOR>3741,544</CNOR>
    <CSUD>5772,88</CSUD>
    <NORD>23853,708</NORD>
    <SARD>976,806</SARD>
    <SICI>1806,719</SICI>
    <SUD>3628,19</SUD>
  </Fabbisogno>
  <Fabbisogno>
    <Data>20151028</Data>
    <Mercato>MGP</Mercato>
    <Ora>13</Ora>
    <Italia>36990,732</Italia>
    <CNOR>3264,261</CNOR>
    <CSUD>5232,039</CSUD>
    <NORD>22260,303</NORD>
    <SARD>928,525</SARD>
    <SICI>1648,291</SICI>
    <SUD>3657,313</SUD>
  </Fabbisogno>
  <Fabbisogno>
    <Data>20151028</Data>
    <Mercato>MGP</Mercato>
    <Ora>14</Ora>
    <Italia>36894,203</Italia>
    <CNOR>3091,695</CNOR>
    <CSUD>5055,046</CSUD>
    <NORD>22869,958</NORD>
    <SARD>901,696</SARD>
    <SICI>1618,593</SICI>
    <SUD>3357,215</SUD>
  </Fabbisogno>
  <Fabbisogno>
    <Data>20151028</Data>
    <Mercato>MGP</Mercato>
    <Ora>15</Ora>
    <Italia>37716,582</Italia>
    <CNOR>3263,163</CNOR>
    <CSUD>5075,302</CSUD>
    <NORD>23541,828</NORD>
    <SARD>894,17</SARD>
    <SICI>1588,315</SICI>
    <SUD>3353,804</SUD>
  </Fabbisogno>
  <Fabbisogno>
    <Data>20151028</Data>
    <Mercato>MGP</Mercato>
    <Ora>16</Ora>
    <Italia>38706,207</Italia>
    <CNOR>3405,128</CNOR>
    <CSUD>5161,809</CSUD>
    <NORD>24137,791</NORD>
    <SARD>862,323</SARD>
    <SICI>1686,248</SICI>
    <SUD>3452,908</SUD>
  </Fabbisogno>
  <Fabbisogno>
    <Data>20151028</Data>
    <Mercato>MGP</Mercato>
    <Ora>17</Ora>
    <Italia>39818,173</Italia>
    <CNOR>3589,57</CNOR>
    <CSUD>5421,551</CSUD>
    <NORD>24433,244</NORD>
    <SARD>911,229</SARD>
    <SICI>1775,014</SICI>
    <SUD>3687,565</SUD>
  </Fabbisogno>
  <Fabbisogno>
    <Data>20151028</Data>
    <Mercato>MGP</Mercato>
    <Ora>18</Ora>
    <Italia>41081,747</Italia>
    <CNOR>3953,425</CNOR>
    <CSUD>5980,174</CSUD>
    <NORD>24099,726</NORD>
    <SARD>995,541</SARD>
    <SICI>1958,031</SICI>
    <SUD>4094,85</SUD>
  </Fabbisogno>
  <Fabbisogno>
    <Data>20151028</Data>
    <Mercato>MGP</Mercato>
    <Ora>19</Ora>
    <Italia>41192,083</Italia>
    <CNOR>4366,143</CNOR>
    <CSUD>6345,254</CSUD>
    <NORD>23277,676</NORD>
    <SARD>1130,453</SARD>
    <SICI>2118,475</SICI>
    <SUD>3954,082</SUD>
  </Fabbisogno>
  <Fabbisogno>
    <Data>20151028</Data>
    <Mercato>MGP</Mercato>
    <Ora>20</Ora>
    <Italia>43105,188</Italia>
    <CNOR>4478,295</CNOR>
    <CSUD>7114,955</CSUD>
    <NORD>23762,045</NORD>
    <SARD>1181,047</SARD>
    <SICI>2340,971</SICI>
    <SUD>4227,875</SUD>
  </Fabbisogno>
  <Fabbisogno>
    <Data>20151028</Data>
    <Mercato>MGP</Mercato>
    <Ora>21</Ora>
    <Italia>38839,897</Italia>
    <CNOR>4253,452</CNOR>
    <CSUD>6724,841</CSUD>
    <NORD>20340,181</NORD>
    <SARD>1154,043</SARD>
    <SICI>2242,015</SICI>
    <SUD>4125,365</SUD>
  </Fabbisogno>
  <Fabbisogno>
    <Data>20151028</Data>
    <Mercato>MGP</Mercato>
    <Ora>22</Ora>
    <Italia>35683,82</Italia>
    <CNOR>3897,34</CNOR>
    <CSUD>6156,111</CSUD>
    <NORD>18723,127</NORD>
    <SARD>1069,121</SARD>
    <SICI>2056,891</SICI>
    <SUD>3781,23</SUD>
  </Fabbisogno>
  <Fabbisogno>
    <Data>20151028</Data>
    <Mercato>MGP</Mercato>
    <Ora>23</Ora>
    <Italia>32438,09</Italia>
    <CNOR>3628,079</CNOR>
    <CSUD>5600,667</CSUD>
    <NORD>16852,734</NORD>
    <SARD>1007,523</SARD>
    <SICI>1856,493</SICI>
    <SUD>3492,594</SUD>
  </Fabbisogno>
  <Fabbisogno>
    <Data>20151028</Data>
    <Mercato>MGP</Mercato>
    <Ora>24</Ora>
    <Italia>29072,883</Italia>
    <CNOR>3281,961</CNOR>
    <CSUD>4967,666</CSUD>
    <NORD>15082,826</NORD>
    <SARD>921,702</SARD>
    <SICI>1657,943</SICI>
    <SUD>3160,785</SUD>
  </Fabbisogno>
</NewDataSet>