<?xml version="1.0" standalone="yes"?>
<NewDataSet>
  <xs:schema id="NewDataSet" xmlns="" xmlns:xs="http://www.w3.org/2001/XMLSchema" xmlns:msdata="urn:schemas-microsoft-com:xml-msdata">
    <xs:element name="NewDataSet" msdata:IsDataSet="true" msdata:UseCurrentLocale="true">
      <xs:complexType>
        <xs:choice minOccurs="0" maxOccurs="unbounded">
          <xs:element name="Fabbisogno">
            <xs:complexType>
              <xs:sequence>
                <xs:element name="Data" type="xs:string" minOccurs="0" />
                <xs:element name="Mercato" type="xs:string" minOccurs="0" />
                <xs:element name="Ora" type="xs:string" minOccurs="0" />
                <xs:element name="Italia" type="xs:string" minOccurs="0" />
                <xs:element name="CNOR" type="xs:string" minOccurs="0" />
                <xs:element name="CSUD" type="xs:string" minOccurs="0" />
                <xs:element name="NORD" type="xs:string" minOccurs="0" />
                <xs:element name="SARD" type="xs:string" minOccurs="0" />
                <xs:element name="SICI" type="xs:string" minOccurs="0" />
                <xs:element name="SUD" type="xs:string" minOccurs="0" />
              </xs:sequence>
            </xs:complexType>
          </xs:element>
        </xs:choice>
      </xs:complexType>
    </xs:element>
  </xs:schema>
  <Fabbisogno>
    <Data>20151002</Data>
    <Mercato>MGP</Mercato>
    <Ora>1</Ora>
    <Italia>27410,198</Italia>
    <CNOR>2936,711</CNOR>
    <CSUD>4588,526</CSUD>
    <NORD>13761,568</NORD>
    <SARD>923,244</SARD>
    <SICI>1452,694</SICI>
    <SUD>3747,455</SUD>
  </Fabbisogno>
  <Fabbisogno>
    <Data>20151002</Data>
    <Mercato>MGP</Mercato>
    <Ora>2</Ora>
    <Italia>26060,831</Italia>
    <CNOR>2773,848</CNOR>
    <CSUD>4274,282</CSUD>
    <NORD>13188,27</NORD>
    <SARD>882,627</SARD>
    <SICI>1343,561</SICI>
    <SUD>3598,243</SUD>
  </Fabbisogno>
  <Fabbisogno>
    <Data>20151002</Data>
    <Mercato>MGP</Mercato>
    <Ora>3</Ora>
    <Italia>25627,683</Italia>
    <CNOR>2723,787</CNOR>
    <CSUD>4178,627</CSUD>
    <NORD>12985,937</NORD>
    <SARD>863,55</SARD>
    <SICI>1302,304</SICI>
    <SUD>3573,478</SUD>
  </Fabbisogno>
  <Fabbisogno>
    <Data>20151002</Data>
    <Mercato>MGP</Mercato>
    <Ora>4</Ora>
    <Italia>25155,92</Italia>
    <CNOR>2650,521</CNOR>
    <CSUD>4037,94</CSUD>
    <NORD>12836,521</NORD>
    <SARD>848,766</SARD>
    <SICI>1265,783</SICI>
    <SUD>3516,389</SUD>
  </Fabbisogno>
  <Fabbisogno>
    <Data>20151002</Data>
    <Mercato>MGP</Mercato>
    <Ora>5</Ora>
    <Italia>25314,901</Italia>
    <CNOR>2671,34</CNOR>
    <CSUD>4058,875</CSUD>
    <NORD>12919,548</NORD>
    <SARD>858,881</SARD>
    <SICI>1278,794</SICI>
    <SUD>3527,463</SUD>
  </Fabbisogno>
  <Fabbisogno>
    <Data>20151002</Data>
    <Mercato>MGP</Mercato>
    <Ora>6</Ora>
    <Italia>26302,36</Italia>
    <CNOR>2805,186</CNOR>
    <CSUD>4247,52</CSUD>
    <NORD>13417,344</NORD>
    <SARD>876,984</SARD>
    <SICI>1341,508</SICI>
    <SUD>3613,818</SUD>
  </Fabbisogno>
  <Fabbisogno>
    <Data>20151002</Data>
    <Mercato>MGP</Mercato>
    <Ora>7</Ora>
    <Italia>30538,55</Italia>
    <CNOR>2900,958</CNOR>
    <CSUD>4503,476</CSUD>
    <NORD>17007,095</NORD>
    <SARD>892,389</SARD>
    <SICI>1436,304</SICI>
    <SUD>3798,328</SUD>
  </Fabbisogno>
  <Fabbisogno>
    <Data>20151002</Data>
    <Mercato>MGP</Mercato>
    <Ora>8</Ora>
    <Italia>35545,84</Italia>
    <CNOR>3090,633</CNOR>
    <CSUD>4755,132</CSUD>
    <NORD>21365,925</NORD>
    <SARD>955,764</SARD>
    <SICI>1611,03</SICI>
    <SUD>3767,356</SUD>
  </Fabbisogno>
  <Fabbisogno>
    <Data>20151002</Data>
    <Mercato>MGP</Mercato>
    <Ora>9</Ora>
    <Italia>39315,437</Italia>
    <CNOR>3555,545</CNOR>
    <CSUD>5382,615</CSUD>
    <NORD>23383,87</NORD>
    <SARD>1028,029</SARD>
    <SICI>1778,706</SICI>
    <SUD>4186,672</SUD>
  </Fabbisogno>
  <Fabbisogno>
    <Data>20151002</Data>
    <Mercato>MGP</Mercato>
    <Ora>10</Ora>
    <Italia>40268,224</Italia>
    <CNOR>3449,62</CNOR>
    <CSUD>5324,337</CSUD>
    <NORD>24465,585</NORD>
    <SARD>1006,198</SARD>
    <SICI>1835,656</SICI>
    <SUD>4186,828</SUD>
  </Fabbisogno>
  <Fabbisogno>
    <Data>20151002</Data>
    <Mercato>MGP</Mercato>
    <Ora>11</Ora>
    <Italia>39990,976</Italia>
    <CNOR>3412,302</CNOR>
    <CSUD>5360,856</CSUD>
    <NORD>24242,867</NORD>
    <SARD>983,065</SARD>
    <SICI>1818,892</SICI>
    <SUD>4172,994</SUD>
  </Fabbisogno>
  <Fabbisogno>
    <Data>20151002</Data>
    <Mercato>MGP</Mercato>
    <Ora>12</Ora>
    <Italia>39681,012</Italia>
    <CNOR>3452,628</CNOR>
    <CSUD>5396,298</CSUD>
    <NORD>23879,384</NORD>
    <SARD>963,394</SARD>
    <SICI>1799,763</SICI>
    <SUD>4189,545</SUD>
  </Fabbisogno>
  <Fabbisogno>
    <Data>20151002</Data>
    <Mercato>MGP</Mercato>
    <Ora>13</Ora>
    <Italia>37505,085</Italia>
    <CNOR>3142,197</CNOR>
    <CSUD>5330,235</CSUD>
    <NORD>22145,516</NORD>
    <SARD>944,395</SARD>
    <SICI>1798,851</SICI>
    <SUD>4143,891</SUD>
  </Fabbisogno>
  <Fabbisogno>
    <Data>20151002</Data>
    <Mercato>MGP</Mercato>
    <Ora>14</Ora>
    <Italia>36734,654</Italia>
    <CNOR>3021,39</CNOR>
    <CSUD>5107,287</CSUD>
    <NORD>21978,026</NORD>
    <SARD>914,35</SARD>
    <SICI>1721,624</SICI>
    <SUD>3991,977</SUD>
  </Fabbisogno>
  <Fabbisogno>
    <Data>20151002</Data>
    <Mercato>MGP</Mercato>
    <Ora>15</Ora>
    <Italia>38101,058</Italia>
    <CNOR>3273,254</CNOR>
    <CSUD>5345,022</CSUD>
    <NORD>22958,353</NORD>
    <SARD>909,789</SARD>
    <SICI>1685,266</SICI>
    <SUD>3929,374</SUD>
  </Fabbisogno>
  <Fabbisogno>
    <Data>20151002</Data>
    <Mercato>MGP</Mercato>
    <Ora>16</Ora>
    <Italia>38210,069</Italia>
    <CNOR>3282,746</CNOR>
    <CSUD>5188,579</CSUD>
    <NORD>23180,505</NORD>
    <SARD>901,24</SARD>
    <SICI>1697,378</SICI>
    <SUD>3959,621</SUD>
  </Fabbisogno>
  <Fabbisogno>
    <Data>20151002</Data>
    <Mercato>MGP</Mercato>
    <Ora>17</Ora>
    <Italia>37987,051</Italia>
    <CNOR>3366,991</CNOR>
    <CSUD>5328,737</CSUD>
    <NORD>22504,424</NORD>
    <SARD>929,705999999999</SARD>
    <SICI>1795,989</SICI>
    <SUD>4061,204</SUD>
  </Fabbisogno>
  <Fabbisogno>
    <Data>20151002</Data>
    <Mercato>MGP</Mercato>
    <Ora>18</Ora>
    <Italia>37713,446</Italia>
    <CNOR>3411,218</CNOR>
    <CSUD>5417,064</CSUD>
    <NORD>21804,167</NORD>
    <SARD>981,472</SARD>
    <SICI>1877,642</SICI>
    <SUD>4221,883</SUD>
  </Fabbisogno>
  <Fabbisogno>
    <Data>20151002</Data>
    <Mercato>MGP</Mercato>
    <Ora>19</Ora>
    <Italia>37989,331</Italia>
    <CNOR>3606,672</CNOR>
    <CSUD>5939,621</CSUD>
    <NORD>20884,319</NORD>
    <SARD>1051,164</SARD>
    <SICI>1970,926</SICI>
    <SUD>4536,629</SUD>
  </Fabbisogno>
  <Fabbisogno>
    <Data>20151002</Data>
    <Mercato>MGP</Mercato>
    <Ora>20</Ora>
    <Italia>40773,907</Italia>
    <CNOR>3879,742</CNOR>
    <CSUD>6540,636</CSUD>
    <NORD>22273,038</NORD>
    <SARD>1152,077</SARD>
    <SICI>2161,398</SICI>
    <SUD>4767,016</SUD>
  </Fabbisogno>
  <Fabbisogno>
    <Data>20151002</Data>
    <Mercato>MGP</Mercato>
    <Ora>21</Ora>
    <Italia>38909,043</Italia>
    <CNOR>3714,302</CNOR>
    <CSUD>6302,54</CSUD>
    <NORD>21065,371</NORD>
    <SARD>1155,998</SARD>
    <SICI>2067,941</SICI>
    <SUD>4602,891</SUD>
  </Fabbisogno>
  <Fabbisogno>
    <Data>20151002</Data>
    <Mercato>MGP</Mercato>
    <Ora>22</Ora>
    <Italia>35619,122</Italia>
    <CNOR>3771,572</CNOR>
    <CSUD>6159,496</CSUD>
    <NORD>17965,124</NORD>
    <SARD>1119,35</SARD>
    <SICI>1901,439</SICI>
    <SUD>4702,141</SUD>
  </Fabbisogno>
  <Fabbisogno>
    <Data>20151002</Data>
    <Mercato>MGP</Mercato>
    <Ora>23</Ora>
    <Italia>31878,396</Italia>
    <CNOR>3479,938</CNOR>
    <CSUD>5653,138</CSUD>
    <NORD>15523,763</NORD>
    <SARD>1054,029</SARD>
    <SICI>1768,736</SICI>
    <SUD>4398,792</SUD>
  </Fabbisogno>
  <Fabbisogno>
    <Data>20151002</Data>
    <Mercato>MGP</Mercato>
    <Ora>24</Ora>
    <Italia>29009,699</Italia>
    <CNOR>3189,029</CNOR>
    <CSUD>5105,573</CSUD>
    <NORD>14006,087</NORD>
    <SARD>994,651</SARD>
    <SICI>1607,082</SICI>
    <SUD>4107,277</SUD>
  </Fabbisogno>
</NewDataSet>