<?xml version="1.0" standalone="yes"?>
<NewDataSet>
  <xs:schema id="NewDataSet" xmlns="" xmlns:xs="http://www.w3.org/2001/XMLSchema" xmlns:msdata="urn:schemas-microsoft-com:xml-msdata">
    <xs:element name="NewDataSet" msdata:IsDataSet="true" msdata:UseCurrentLocale="true">
      <xs:complexType>
        <xs:choice minOccurs="0" maxOccurs="unbounded">
          <xs:element name="Fabbisogno">
            <xs:complexType>
              <xs:sequence>
                <xs:element name="Data" type="xs:string" minOccurs="0" />
                <xs:element name="Mercato" type="xs:string" minOccurs="0" />
                <xs:element name="Ora" type="xs:string" minOccurs="0" />
                <xs:element name="Italia" type="xs:string" minOccurs="0" />
                <xs:element name="CNOR" type="xs:string" minOccurs="0" />
                <xs:element name="CSUD" type="xs:string" minOccurs="0" />
                <xs:element name="NORD" type="xs:string" minOccurs="0" />
                <xs:element name="SARD" type="xs:string" minOccurs="0" />
                <xs:element name="SICI" type="xs:string" minOccurs="0" />
                <xs:element name="SUD" type="xs:string" minOccurs="0" />
              </xs:sequence>
            </xs:complexType>
          </xs:element>
        </xs:choice>
      </xs:complexType>
    </xs:element>
  </xs:schema>
  <Fabbisogno>
    <Data>20151003</Data>
    <Mercato>MGP</Mercato>
    <Ora>1</Ora>
    <Italia>26711,127</Italia>
    <CNOR>3103,336</CNOR>
    <CSUD>4812,389</CSUD>
    <NORD>13258,637</NORD>
    <SARD>898,02</SARD>
    <SICI>1328,75</SICI>
    <SUD>3309,995</SUD>
  </Fabbisogno>
  <Fabbisogno>
    <Data>20151003</Data>
    <Mercato>MGP</Mercato>
    <Ora>2</Ora>
    <Italia>25024,035</Italia>
    <CNOR>2890,539</CNOR>
    <CSUD>4478,453</CSUD>
    <NORD>12431,327</NORD>
    <SARD>855,814</SARD>
    <SICI>1218,491</SICI>
    <SUD>3149,411</SUD>
  </Fabbisogno>
  <Fabbisogno>
    <Data>20151003</Data>
    <Mercato>MGP</Mercato>
    <Ora>3</Ora>
    <Italia>24374,613</Italia>
    <CNOR>2846,213</CNOR>
    <CSUD>4354,067</CSUD>
    <NORD>12074,106</NORD>
    <SARD>834,832</SARD>
    <SICI>1163,455</SICI>
    <SUD>3101,94</SUD>
  </Fabbisogno>
  <Fabbisogno>
    <Data>20151003</Data>
    <Mercato>MGP</Mercato>
    <Ora>4</Ora>
    <Italia>23903,628</Italia>
    <CNOR>2766,609</CNOR>
    <CSUD>4219,678</CSUD>
    <NORD>11891,764</NORD>
    <SARD>815,817</SARD>
    <SICI>1142,128</SICI>
    <SUD>3067,632</SUD>
  </Fabbisogno>
  <Fabbisogno>
    <Data>20151003</Data>
    <Mercato>MGP</Mercato>
    <Ora>5</Ora>
    <Italia>23736,928</Italia>
    <CNOR>2739,81</CNOR>
    <CSUD>4200,538</CSUD>
    <NORD>11764,347</NORD>
    <SARD>820,631</SARD>
    <SICI>1139,38</SICI>
    <SUD>3072,222</SUD>
  </Fabbisogno>
  <Fabbisogno>
    <Data>20151003</Data>
    <Mercato>MGP</Mercato>
    <Ora>6</Ora>
    <Italia>24144,91</Italia>
    <CNOR>2734,911</CNOR>
    <CSUD>4295,665</CSUD>
    <NORD>11948,676</NORD>
    <SARD>851,343</SARD>
    <SICI>1184,091</SICI>
    <SUD>3130,224</SUD>
  </Fabbisogno>
  <Fabbisogno>
    <Data>20151003</Data>
    <Mercato>MGP</Mercato>
    <Ora>7</Ora>
    <Italia>26400,574</Italia>
    <CNOR>2700,793</CNOR>
    <CSUD>4345,167</CSUD>
    <NORD>14180,604</NORD>
    <SARD>868,41</SARD>
    <SICI>1249,42</SICI>
    <SUD>3056,18</SUD>
  </Fabbisogno>
  <Fabbisogno>
    <Data>20151003</Data>
    <Mercato>MGP</Mercato>
    <Ora>8</Ora>
    <Italia>28673,828</Italia>
    <CNOR>2673,179</CNOR>
    <CSUD>4259,743</CSUD>
    <NORD>16416,405</NORD>
    <SARD>901,21</SARD>
    <SICI>1361,64</SICI>
    <SUD>3061,651</SUD>
  </Fabbisogno>
  <Fabbisogno>
    <Data>20151003</Data>
    <Mercato>MGP</Mercato>
    <Ora>9</Ora>
    <Italia>31690,03</Italia>
    <CNOR>3033,981</CNOR>
    <CSUD>4987,228</CSUD>
    <NORD>17770,563</NORD>
    <SARD>984,127</SARD>
    <SICI>1524,411</SICI>
    <SUD>3389,72</SUD>
  </Fabbisogno>
  <Fabbisogno>
    <Data>20151003</Data>
    <Mercato>MGP</Mercato>
    <Ora>10</Ora>
    <Italia>32347,472</Italia>
    <CNOR>2994,85</CNOR>
    <CSUD>4929,615</CSUD>
    <NORD>18497,324</NORD>
    <SARD>955,941</SARD>
    <SICI>1606,004</SICI>
    <SUD>3363,738</SUD>
  </Fabbisogno>
  <Fabbisogno>
    <Data>20151003</Data>
    <Mercato>MGP</Mercato>
    <Ora>11</Ora>
    <Italia>32633,672</Italia>
    <CNOR>3014,671</CNOR>
    <CSUD>5024,018</CSUD>
    <NORD>18728,1</NORD>
    <SARD>921,682</SARD>
    <SICI>1605,464</SICI>
    <SUD>3339,737</SUD>
  </Fabbisogno>
  <Fabbisogno>
    <Data>20151003</Data>
    <Mercato>MGP</Mercato>
    <Ora>12</Ora>
    <Italia>31762,213</Italia>
    <CNOR>2923,28</CNOR>
    <CSUD>4968,44</CSUD>
    <NORD>18152,114</NORD>
    <SARD>896,462</SARD>
    <SICI>1576,114</SICI>
    <SUD>3245,803</SUD>
  </Fabbisogno>
  <Fabbisogno>
    <Data>20151003</Data>
    <Mercato>MGP</Mercato>
    <Ora>13</Ora>
    <Italia>30009,24</Italia>
    <CNOR>2636,289</CNOR>
    <CSUD>4758,273</CSUD>
    <NORD>17048,47</NORD>
    <SARD>859,918</SARD>
    <SICI>1551,073</SICI>
    <SUD>3155,217</SUD>
  </Fabbisogno>
  <Fabbisogno>
    <Data>20151003</Data>
    <Mercato>MGP</Mercato>
    <Ora>14</Ora>
    <Italia>28593,401</Italia>
    <CNOR>2479,118</CNOR>
    <CSUD>4578,066</CSUD>
    <NORD>16187,526</NORD>
    <SARD>829,938</SARD>
    <SICI>1470,846</SICI>
    <SUD>3047,907</SUD>
  </Fabbisogno>
  <Fabbisogno>
    <Data>20151003</Data>
    <Mercato>MGP</Mercato>
    <Ora>15</Ora>
    <Italia>28611,457</Italia>
    <CNOR>2590,435</CNOR>
    <CSUD>4732,108</CSUD>
    <NORD>16044,415</NORD>
    <SARD>826,343</SARD>
    <SICI>1416,697</SICI>
    <SUD>3001,459</SUD>
  </Fabbisogno>
  <Fabbisogno>
    <Data>20151003</Data>
    <Mercato>MGP</Mercato>
    <Ora>16</Ora>
    <Italia>28210,561</Italia>
    <CNOR>2485,132</CNOR>
    <CSUD>4493,227</CSUD>
    <NORD>16048,257</NORD>
    <SARD>813,721</SARD>
    <SICI>1425,122</SICI>
    <SUD>2945,102</SUD>
  </Fabbisogno>
  <Fabbisogno>
    <Data>20151003</Data>
    <Mercato>MGP</Mercato>
    <Ora>17</Ora>
    <Italia>28709,729</Italia>
    <CNOR>2604,754</CNOR>
    <CSUD>4621,739</CSUD>
    <NORD>15903,05</NORD>
    <SARD>847,334</SARD>
    <SICI>1507,486</SICI>
    <SUD>3225,366</SUD>
  </Fabbisogno>
  <Fabbisogno>
    <Data>20151003</Data>
    <Mercato>MGP</Mercato>
    <Ora>18</Ora>
    <Italia>30060,676</Italia>
    <CNOR>2774,34</CNOR>
    <CSUD>5094,684</CSUD>
    <NORD>16199,19</NORD>
    <SARD>928,349</SARD>
    <SICI>1626,916</SICI>
    <SUD>3437,197</SUD>
  </Fabbisogno>
  <Fabbisogno>
    <Data>20151003</Data>
    <Mercato>MGP</Mercato>
    <Ora>19</Ora>
    <Italia>32008,848</Italia>
    <CNOR>3299,52</CNOR>
    <CSUD>5651,12</CSUD>
    <NORD>16494,145</NORD>
    <SARD>1000,237</SARD>
    <SICI>1751,752</SICI>
    <SUD>3812,074</SUD>
  </Fabbisogno>
  <Fabbisogno>
    <Data>20151003</Data>
    <Mercato>MGP</Mercato>
    <Ora>20</Ora>
    <Italia>35996,062</Italia>
    <CNOR>3748,127</CNOR>
    <CSUD>6365,053</CSUD>
    <NORD>18618,882</NORD>
    <SARD>1133,548</SARD>
    <SICI>1952,353</SICI>
    <SUD>4178,099</SUD>
  </Fabbisogno>
  <Fabbisogno>
    <Data>20151003</Data>
    <Mercato>MGP</Mercato>
    <Ora>21</Ora>
    <Italia>33929,485</Italia>
    <CNOR>3589,558</CNOR>
    <CSUD>6174,707</CSUD>
    <NORD>17097,057</NORD>
    <SARD>1134,108</SARD>
    <SICI>1896,144</SICI>
    <SUD>4037,911</SUD>
  </Fabbisogno>
  <Fabbisogno>
    <Data>20151003</Data>
    <Mercato>MGP</Mercato>
    <Ora>22</Ora>
    <Italia>30965,535</Italia>
    <CNOR>3450,26</CNOR>
    <CSUD>5883,987</CSUD>
    <NORD>14862,669</NORD>
    <SARD>1074,328</SARD>
    <SICI>1728,896</SICI>
    <SUD>3965,395</SUD>
  </Fabbisogno>
  <Fabbisogno>
    <Data>20151003</Data>
    <Mercato>MGP</Mercato>
    <Ora>23</Ora>
    <Italia>28742,478</Italia>
    <CNOR>3242,127</CNOR>
    <CSUD>5500,985</CSUD>
    <NORD>13621,765</NORD>
    <SARD>1015,219</SARD>
    <SICI>1601,191</SICI>
    <SUD>3761,191</SUD>
  </Fabbisogno>
  <Fabbisogno>
    <Data>20151003</Data>
    <Mercato>MGP</Mercato>
    <Ora>24</Ora>
    <Italia>26409,923</Italia>
    <CNOR>3011,507</CNOR>
    <CSUD>5085,557</CSUD>
    <NORD>12393,206</NORD>
    <SARD>966,948</SARD>
    <SICI>1440,99</SICI>
    <SUD>3511,715</SUD>
  </Fabbisogno>
</NewDataSet>