<?xml version="1.0" standalone="yes"?>
<NewDataSet>
  <xs:schema id="NewDataSet" xmlns="" xmlns:xs="http://www.w3.org/2001/XMLSchema" xmlns:msdata="urn:schemas-microsoft-com:xml-msdata">
    <xs:element name="NewDataSet" msdata:IsDataSet="true" msdata:UseCurrentLocale="true">
      <xs:complexType>
        <xs:choice minOccurs="0" maxOccurs="unbounded">
          <xs:element name="Fabbisogno">
            <xs:complexType>
              <xs:sequence>
                <xs:element name="Data" type="xs:string" minOccurs="0" />
                <xs:element name="Mercato" type="xs:string" minOccurs="0" />
                <xs:element name="Ora" type="xs:string" minOccurs="0" />
                <xs:element name="Italia" type="xs:string" minOccurs="0" />
                <xs:element name="CNOR" type="xs:string" minOccurs="0" />
                <xs:element name="CSUD" type="xs:string" minOccurs="0" />
                <xs:element name="NORD" type="xs:string" minOccurs="0" />
                <xs:element name="SARD" type="xs:string" minOccurs="0" />
                <xs:element name="SICI" type="xs:string" minOccurs="0" />
                <xs:element name="SUD" type="xs:string" minOccurs="0" />
              </xs:sequence>
            </xs:complexType>
          </xs:element>
        </xs:choice>
      </xs:complexType>
    </xs:element>
  </xs:schema>
  <Fabbisogno>
    <Data>20151023</Data>
    <Mercato>MGP</Mercato>
    <Ora>1</Ora>
    <Italia>26091,23</Italia>
    <CNOR>2473,029</CNOR>
    <CSUD>3920,787</CSUD>
    <NORD>14602,506</NORD>
    <SARD>726,071</SARD>
    <SICI>1377,381</SICI>
    <SUD>2991,456</SUD>
  </Fabbisogno>
  <Fabbisogno>
    <Data>20151023</Data>
    <Mercato>MGP</Mercato>
    <Ora>2</Ora>
    <Italia>24716,504</Italia>
    <CNOR>2316,711</CNOR>
    <CSUD>3600,567</CSUD>
    <NORD>13976,529</NORD>
    <SARD>687,408</SARD>
    <SICI>1288,656</SICI>
    <SUD>2846,633</SUD>
  </Fabbisogno>
  <Fabbisogno>
    <Data>20151023</Data>
    <Mercato>MGP</Mercato>
    <Ora>3</Ora>
    <Italia>24071,19</Italia>
    <CNOR>2255,56</CNOR>
    <CSUD>3499,208</CSUD>
    <NORD>13585,322</NORD>
    <SARD>674,502</SARD>
    <SICI>1240,859</SICI>
    <SUD>2815,739</SUD>
  </Fabbisogno>
  <Fabbisogno>
    <Data>20151023</Data>
    <Mercato>MGP</Mercato>
    <Ora>4</Ora>
    <Italia>24111,787</Italia>
    <CNOR>2298,811</CNOR>
    <CSUD>3531,391</CSUD>
    <NORD>13527,121</NORD>
    <SARD>674,296</SARD>
    <SICI>1219,5</SICI>
    <SUD>2860,668</SUD>
  </Fabbisogno>
  <Fabbisogno>
    <Data>20151023</Data>
    <Mercato>MGP</Mercato>
    <Ora>5</Ora>
    <Italia>24370,24</Italia>
    <CNOR>2293,767</CNOR>
    <CSUD>3529,968</CSUD>
    <NORD>13779,859</NORD>
    <SARD>670,978</SARD>
    <SICI>1232,101</SICI>
    <SUD>2863,567</SUD>
  </Fabbisogno>
  <Fabbisogno>
    <Data>20151023</Data>
    <Mercato>MGP</Mercato>
    <Ora>6</Ora>
    <Italia>25265,939</Italia>
    <CNOR>2410,663</CNOR>
    <CSUD>3622,626</CSUD>
    <NORD>14321,537</NORD>
    <SARD>693,719</SARD>
    <SICI>1274,467</SICI>
    <SUD>2942,927</SUD>
  </Fabbisogno>
  <Fabbisogno>
    <Data>20151023</Data>
    <Mercato>MGP</Mercato>
    <Ora>7</Ora>
    <Italia>29578,129</Italia>
    <CNOR>2732,226</CNOR>
    <CSUD>4123,998</CSUD>
    <NORD>17337,267</NORD>
    <SARD>760,415</SARD>
    <SICI>1429,97</SICI>
    <SUD>3194,253</SUD>
  </Fabbisogno>
  <Fabbisogno>
    <Data>20151023</Data>
    <Mercato>MGP</Mercato>
    <Ora>8</Ora>
    <Italia>36446,053</Italia>
    <CNOR>3248,692</CNOR>
    <CSUD>4853,389</CSUD>
    <NORD>22199,395</NORD>
    <SARD>863,634</SARD>
    <SICI>1676,984</SICI>
    <SUD>3603,959</SUD>
  </Fabbisogno>
  <Fabbisogno>
    <Data>20151023</Data>
    <Mercato>MGP</Mercato>
    <Ora>9</Ora>
    <Italia>38639,59</Italia>
    <CNOR>3581,587</CNOR>
    <CSUD>5245,343</CSUD>
    <NORD>23121,066</NORD>
    <SARD>932,785</SARD>
    <SICI>1818,95</SICI>
    <SUD>3939,859</SUD>
  </Fabbisogno>
  <Fabbisogno>
    <Data>20151023</Data>
    <Mercato>MGP</Mercato>
    <Ora>10</Ora>
    <Italia>38912,934</Italia>
    <CNOR>3670,217</CNOR>
    <CSUD>5414,944</CSUD>
    <NORD>23129,055</NORD>
    <SARD>931,129</SARD>
    <SICI>1828,257</SICI>
    <SUD>3939,332</SUD>
  </Fabbisogno>
  <Fabbisogno>
    <Data>20151023</Data>
    <Mercato>MGP</Mercato>
    <Ora>11</Ora>
    <Italia>38653,777</Italia>
    <CNOR>3386,912</CNOR>
    <CSUD>4953,756</CSUD>
    <NORD>23727,882</NORD>
    <SARD>875,628</SARD>
    <SICI>1790,239</SICI>
    <SUD>3919,36</SUD>
  </Fabbisogno>
  <Fabbisogno>
    <Data>20151023</Data>
    <Mercato>MGP</Mercato>
    <Ora>12</Ora>
    <Italia>38413,188</Italia>
    <CNOR>3530,779</CNOR>
    <CSUD>5327,856</CSUD>
    <NORD>23071,65</NORD>
    <SARD>850,645</SARD>
    <SICI>1764,656</SICI>
    <SUD>3867,602</SUD>
  </Fabbisogno>
  <Fabbisogno>
    <Data>20151023</Data>
    <Mercato>MGP</Mercato>
    <Ora>13</Ora>
    <Italia>35905,246</Italia>
    <CNOR>3147,21</CNOR>
    <CSUD>4920,319</CSUD>
    <NORD>21310,987</NORD>
    <SARD>835,218</SARD>
    <SICI>1705,483</SICI>
    <SUD>3986,029</SUD>
  </Fabbisogno>
  <Fabbisogno>
    <Data>20151023</Data>
    <Mercato>MGP</Mercato>
    <Ora>14</Ora>
    <Italia>35246,295</Italia>
    <CNOR>3003,529</CNOR>
    <CSUD>4728,885</CSUD>
    <NORD>21171,135</NORD>
    <SARD>798,157</SARD>
    <SICI>1664,609</SICI>
    <SUD>3879,98</SUD>
  </Fabbisogno>
  <Fabbisogno>
    <Data>20151023</Data>
    <Mercato>MGP</Mercato>
    <Ora>15</Ora>
    <Italia>36132,849</Italia>
    <CNOR>3099,717</CNOR>
    <CSUD>4733,94</CSUD>
    <NORD>22097,69</NORD>
    <SARD>780,27</SARD>
    <SICI>1632,972</SICI>
    <SUD>3788,26</SUD>
  </Fabbisogno>
  <Fabbisogno>
    <Data>20151023</Data>
    <Mercato>MGP</Mercato>
    <Ora>16</Ora>
    <Italia>36631,537</Italia>
    <CNOR>3221,616</CNOR>
    <CSUD>4832,297</CSUD>
    <NORD>22267,433</NORD>
    <SARD>811,391</SARD>
    <SICI>1666,593</SICI>
    <SUD>3832,207</SUD>
  </Fabbisogno>
  <Fabbisogno>
    <Data>20151023</Data>
    <Mercato>MGP</Mercato>
    <Ora>17</Ora>
    <Italia>36146,45</Italia>
    <CNOR>3330,074</CNOR>
    <CSUD>4966,462</CSUD>
    <NORD>21293,544</NORD>
    <SARD>825,644</SARD>
    <SICI>1766,04</SICI>
    <SUD>3964,686</SUD>
  </Fabbisogno>
  <Fabbisogno>
    <Data>20151023</Data>
    <Mercato>MGP</Mercato>
    <Ora>18</Ora>
    <Italia>36954,533</Italia>
    <CNOR>3433,947</CNOR>
    <CSUD>5234,476</CSUD>
    <NORD>21307,953</NORD>
    <SARD>900,194</SARD>
    <SICI>1892,826</SICI>
    <SUD>4185,137</SUD>
  </Fabbisogno>
  <Fabbisogno>
    <Data>20151023</Data>
    <Mercato>MGP</Mercato>
    <Ora>19</Ora>
    <Italia>39296,001</Italia>
    <CNOR>3848,035</CNOR>
    <CSUD>6142,841</CSUD>
    <NORD>21680,737</NORD>
    <SARD>958,293</SARD>
    <SICI>2090,317</SICI>
    <SUD>4575,778</SUD>
  </Fabbisogno>
  <Fabbisogno>
    <Data>20151023</Data>
    <Mercato>MGP</Mercato>
    <Ora>20</Ora>
    <Italia>40865,6</Italia>
    <CNOR>4059,605</CNOR>
    <CSUD>6658,872</CSUD>
    <NORD>22174,055</NORD>
    <SARD>1056,721</SARD>
    <SICI>2249,423</SICI>
    <SUD>4666,924</SUD>
  </Fabbisogno>
  <Fabbisogno>
    <Data>20151023</Data>
    <Mercato>MGP</Mercato>
    <Ora>21</Ora>
    <Italia>37797,085</Italia>
    <CNOR>3734,381</CNOR>
    <CSUD>6288,815</CSUD>
    <NORD>20113,843</NORD>
    <SARD>1040,198</SARD>
    <SICI>2138,629</SICI>
    <SUD>4481,219</SUD>
  </Fabbisogno>
  <Fabbisogno>
    <Data>20151023</Data>
    <Mercato>MGP</Mercato>
    <Ora>22</Ora>
    <Italia>34970,198</Italia>
    <CNOR>3523,096</CNOR>
    <CSUD>5725,059</CSUD>
    <NORD>18636,563</NORD>
    <SARD>970,868</SARD>
    <SICI>1933,681</SICI>
    <SUD>4180,931</SUD>
  </Fabbisogno>
  <Fabbisogno>
    <Data>20151023</Data>
    <Mercato>MGP</Mercato>
    <Ora>23</Ora>
    <Italia>31728,242</Italia>
    <CNOR>3154,523</CNOR>
    <CSUD>5132,196</CSUD>
    <NORD>16957,135</NORD>
    <SARD>895,842</SARD>
    <SICI>1810,723</SICI>
    <SUD>3777,823</SUD>
  </Fabbisogno>
  <Fabbisogno>
    <Data>20151023</Data>
    <Mercato>MGP</Mercato>
    <Ora>24</Ora>
    <Italia>28881,982</Italia>
    <CNOR>2845,588</CNOR>
    <CSUD>4568,137</CSUD>
    <NORD>15548,362</NORD>
    <SARD>830,119</SARD>
    <SICI>1621,643</SICI>
    <SUD>3468,133</SUD>
  </Fabbisogno>
</NewDataSet>