<?xml version="1.0" standalone="yes"?>
<NewDataSet>
  <xs:schema id="NewDataSet" xmlns="" xmlns:xs="http://www.w3.org/2001/XMLSchema" xmlns:msdata="urn:schemas-microsoft-com:xml-msdata">
    <xs:element name="NewDataSet" msdata:IsDataSet="true" msdata:UseCurrentLocale="true">
      <xs:complexType>
        <xs:choice minOccurs="0" maxOccurs="unbounded">
          <xs:element name="Fabbisogno">
            <xs:complexType>
              <xs:sequence>
                <xs:element name="Data" type="xs:string" minOccurs="0" />
                <xs:element name="Mercato" type="xs:string" minOccurs="0" />
                <xs:element name="Ora" type="xs:string" minOccurs="0" />
                <xs:element name="Italia" type="xs:string" minOccurs="0" />
                <xs:element name="CNOR" type="xs:string" minOccurs="0" />
                <xs:element name="CSUD" type="xs:string" minOccurs="0" />
                <xs:element name="NORD" type="xs:string" minOccurs="0" />
                <xs:element name="SARD" type="xs:string" minOccurs="0" />
                <xs:element name="SICI" type="xs:string" minOccurs="0" />
                <xs:element name="SUD" type="xs:string" minOccurs="0" />
              </xs:sequence>
            </xs:complexType>
          </xs:element>
        </xs:choice>
      </xs:complexType>
    </xs:element>
  </xs:schema>
  <Fabbisogno>
    <Data>20151008</Data>
    <Mercato>MGP</Mercato>
    <Ora>1</Ora>
    <Italia>27436,205</Italia>
    <CNOR>2994,578</CNOR>
    <CSUD>4707,983</CSUD>
    <NORD>14394,216</NORD>
    <SARD>896,029999999999</SARD>
    <SICI>1423,626</SICI>
    <SUD>3019,772</SUD>
  </Fabbisogno>
  <Fabbisogno>
    <Data>20151008</Data>
    <Mercato>MGP</Mercato>
    <Ora>2</Ora>
    <Italia>26037,992</Italia>
    <CNOR>2826,888</CNOR>
    <CSUD>4384,876</CSUD>
    <NORD>13769,068</NORD>
    <SARD>854,876</SARD>
    <SICI>1322,574</SICI>
    <SUD>2879,71</SUD>
  </Fabbisogno>
  <Fabbisogno>
    <Data>20151008</Data>
    <Mercato>MGP</Mercato>
    <Ora>3</Ora>
    <Italia>25309,292</Italia>
    <CNOR>2762,911</CNOR>
    <CSUD>4246,274</CSUD>
    <NORD>13407,828</NORD>
    <SARD>837,27</SARD>
    <SICI>1277,155</SICI>
    <SUD>2777,854</SUD>
  </Fabbisogno>
  <Fabbisogno>
    <Data>20151008</Data>
    <Mercato>MGP</Mercato>
    <Ora>4</Ora>
    <Italia>24841,525</Italia>
    <CNOR>2733,783</CNOR>
    <CSUD>4146,191</CSUD>
    <NORD>13295,83</NORD>
    <SARD>834,81</SARD>
    <SICI>1105,822</SICI>
    <SUD>2725,089</SUD>
  </Fabbisogno>
  <Fabbisogno>
    <Data>20151008</Data>
    <Mercato>MGP</Mercato>
    <Ora>5</Ora>
    <Italia>25030,995</Italia>
    <CNOR>2759,958</CNOR>
    <CSUD>4223,563</CSUD>
    <NORD>13349,096</NORD>
    <SARD>837,673</SARD>
    <SICI>1116,265</SICI>
    <SUD>2744,44</SUD>
  </Fabbisogno>
  <Fabbisogno>
    <Data>20151008</Data>
    <Mercato>MGP</Mercato>
    <Ora>6</Ora>
    <Italia>26452,617</Italia>
    <CNOR>2868,65</CNOR>
    <CSUD>4394,335</CSUD>
    <NORD>14172,775</NORD>
    <SARD>849,215</SARD>
    <SICI>1312,821</SICI>
    <SUD>2854,821</SUD>
  </Fabbisogno>
  <Fabbisogno>
    <Data>20151008</Data>
    <Mercato>MGP</Mercato>
    <Ora>7</Ora>
    <Italia>29488,574</Italia>
    <CNOR>2933,754</CNOR>
    <CSUD>4371,292</CSUD>
    <NORD>17194,171</NORD>
    <SARD>856,789</SARD>
    <SICI>1321,421</SICI>
    <SUD>2811,147</SUD>
  </Fabbisogno>
  <Fabbisogno>
    <Data>20151008</Data>
    <Mercato>MGP</Mercato>
    <Ora>8</Ora>
    <Italia>34460,898</Italia>
    <CNOR>3048,157</CNOR>
    <CSUD>4498,189</CSUD>
    <NORD>21096,731</NORD>
    <SARD>942,896</SARD>
    <SICI>1476,102</SICI>
    <SUD>3398,823</SUD>
  </Fabbisogno>
  <Fabbisogno>
    <Data>20151008</Data>
    <Mercato>MGP</Mercato>
    <Ora>9</Ora>
    <Italia>38795,623</Italia>
    <CNOR>3390,456</CNOR>
    <CSUD>5295,826</CSUD>
    <NORD>23468,781</NORD>
    <SARD>1058,991</SARD>
    <SICI>1757,64</SICI>
    <SUD>3823,929</SUD>
  </Fabbisogno>
  <Fabbisogno>
    <Data>20151008</Data>
    <Mercato>MGP</Mercato>
    <Ora>10</Ora>
    <Italia>40544,807</Italia>
    <CNOR>3718,391</CNOR>
    <CSUD>5644,952</CSUD>
    <NORD>24450,464</NORD>
    <SARD>1056,461</SARD>
    <SICI>1753,354</SICI>
    <SUD>3921,185</SUD>
  </Fabbisogno>
  <Fabbisogno>
    <Data>20151008</Data>
    <Mercato>MGP</Mercato>
    <Ora>11</Ora>
    <Italia>39321,158</Italia>
    <CNOR>3504,363</CNOR>
    <CSUD>5265,682</CSUD>
    <NORD>24186,834</NORD>
    <SARD>983,811</SARD>
    <SICI>1627,499</SICI>
    <SUD>3752,969</SUD>
  </Fabbisogno>
  <Fabbisogno>
    <Data>20151008</Data>
    <Mercato>MGP</Mercato>
    <Ora>12</Ora>
    <Italia>38457,165</Italia>
    <CNOR>3434,963</CNOR>
    <CSUD>5176,083</CSUD>
    <NORD>23593,901</NORD>
    <SARD>945,163</SARD>
    <SICI>1594,311</SICI>
    <SUD>3712,744</SUD>
  </Fabbisogno>
  <Fabbisogno>
    <Data>20151008</Data>
    <Mercato>MGP</Mercato>
    <Ora>13</Ora>
    <Italia>36320,011</Italia>
    <CNOR>3129,984</CNOR>
    <CSUD>5130,254</CSUD>
    <NORD>21877,32</NORD>
    <SARD>930,706</SARD>
    <SICI>1573,958</SICI>
    <SUD>3677,789</SUD>
  </Fabbisogno>
  <Fabbisogno>
    <Data>20151008</Data>
    <Mercato>MGP</Mercato>
    <Ora>14</Ora>
    <Italia>35906,058</Italia>
    <CNOR>3052,35</CNOR>
    <CSUD>5038,903</CSUD>
    <NORD>21782,438</NORD>
    <SARD>910,122</SARD>
    <SICI>1516,956</SICI>
    <SUD>3605,289</SUD>
  </Fabbisogno>
  <Fabbisogno>
    <Data>20151008</Data>
    <Mercato>MGP</Mercato>
    <Ora>15</Ora>
    <Italia>36849,554</Italia>
    <CNOR>3244,446</CNOR>
    <CSUD>5077,659</CSUD>
    <NORD>22658,108</NORD>
    <SARD>895,393</SARD>
    <SICI>1509,727</SICI>
    <SUD>3464,221</SUD>
  </Fabbisogno>
  <Fabbisogno>
    <Data>20151008</Data>
    <Mercato>MGP</Mercato>
    <Ora>16</Ora>
    <Italia>37551,788</Italia>
    <CNOR>3374,07</CNOR>
    <CSUD>5174,594</CSUD>
    <NORD>23000,854</NORD>
    <SARD>907,633</SARD>
    <SICI>1548,61</SICI>
    <SUD>3546,027</SUD>
  </Fabbisogno>
  <Fabbisogno>
    <Data>20151008</Data>
    <Mercato>MGP</Mercato>
    <Ora>17</Ora>
    <Italia>37650,433</Italia>
    <CNOR>3461,899</CNOR>
    <CSUD>5303,25</CSUD>
    <NORD>22589,246</NORD>
    <SARD>951,949</SARD>
    <SICI>1653,297</SICI>
    <SUD>3690,792</SUD>
  </Fabbisogno>
  <Fabbisogno>
    <Data>20151008</Data>
    <Mercato>MGP</Mercato>
    <Ora>18</Ora>
    <Italia>37454,542</Italia>
    <CNOR>3613,163</CNOR>
    <CSUD>5427,185</CSUD>
    <NORD>21707,238</NORD>
    <SARD>1028,005</SARD>
    <SICI>1756,05</SICI>
    <SUD>3922,901</SUD>
  </Fabbisogno>
  <Fabbisogno>
    <Data>20151008</Data>
    <Mercato>MGP</Mercato>
    <Ora>19</Ora>
    <Italia>38369,726</Italia>
    <CNOR>4223,016</CNOR>
    <CSUD>6432,865</CSUD>
    <NORD>20795,708</NORD>
    <SARD>1124,957</SARD>
    <SICI>1908,248</SICI>
    <SUD>3884,932</SUD>
  </Fabbisogno>
  <Fabbisogno>
    <Data>20151008</Data>
    <Mercato>MGP</Mercato>
    <Ora>20</Ora>
    <Italia>42016,142</Italia>
    <CNOR>4533,579</CNOR>
    <CSUD>7299,371</CSUD>
    <NORD>22389,391</NORD>
    <SARD>1245,935</SARD>
    <SICI>2352,205</SICI>
    <SUD>4195,661</SUD>
  </Fabbisogno>
  <Fabbisogno>
    <Data>20151008</Data>
    <Mercato>MGP</Mercato>
    <Ora>21</Ora>
    <Italia>39086,839</Italia>
    <CNOR>4288,229</CNOR>
    <CSUD>6986,587</CSUD>
    <NORD>20278,454</NORD>
    <SARD>1241,635</SARD>
    <SICI>2223,412</SICI>
    <SUD>4068,522</SUD>
  </Fabbisogno>
  <Fabbisogno>
    <Data>20151008</Data>
    <Mercato>MGP</Mercato>
    <Ora>22</Ora>
    <Italia>35576,686</Italia>
    <CNOR>4065,865</CNOR>
    <CSUD>6475,499</CSUD>
    <NORD>17974,883</NORD>
    <SARD>1161,073</SARD>
    <SICI>1959,26</SICI>
    <SUD>3940,106</SUD>
  </Fabbisogno>
  <Fabbisogno>
    <Data>20151008</Data>
    <Mercato>MGP</Mercato>
    <Ora>23</Ora>
    <Italia>32391,504</Italia>
    <CNOR>3749,013</CNOR>
    <CSUD>6007,671</CSUD>
    <NORD>16152,064</NORD>
    <SARD>1104,61</SARD>
    <SICI>1710,18</SICI>
    <SUD>3667,966</SUD>
  </Fabbisogno>
  <Fabbisogno>
    <Data>20151008</Data>
    <Mercato>MGP</Mercato>
    <Ora>24</Ora>
    <Italia>29236,694</Italia>
    <CNOR>3413,777</CNOR>
    <CSUD>5380,088</CSUD>
    <NORD>14506,033</NORD>
    <SARD>1014,35</SARD>
    <SICI>1586,425</SICI>
    <SUD>3336,021</SUD>
  </Fabbisogno>
</NewDataSet>