<?xml version="1.0" standalone="yes"?>
<NewDataSet>
  <xs:schema id="NewDataSet" xmlns="" xmlns:xs="http://www.w3.org/2001/XMLSchema" xmlns:msdata="urn:schemas-microsoft-com:xml-msdata">
    <xs:element name="NewDataSet" msdata:IsDataSet="true" msdata:UseCurrentLocale="true">
      <xs:complexType>
        <xs:choice minOccurs="0" maxOccurs="unbounded">
          <xs:element name="Prezzi">
            <xs:complexType>
              <xs:sequence>
                <xs:element name="Data" type="xs:string" minOccurs="0" />
                <xs:element name="Mercato" type="xs:string" minOccurs="0" />
                <xs:element name="Ora" type="xs:string" minOccurs="0" />
                <xs:element name="PUN" type="xs:string" minOccurs="0" />
                <xs:element name="NAT" type="xs:string" minOccurs="0" />
                <xs:element name="CNOR" type="xs:string" minOccurs="0" />
                <xs:element name="CSUD" type="xs:string" minOccurs="0" />
                <xs:element name="NORD" type="xs:string" minOccurs="0" />
                <xs:element name="SARD" type="xs:string" minOccurs="0" />
                <xs:element name="SICI" type="xs:string" minOccurs="0" />
                <xs:element name="SUD" type="xs:string" minOccurs="0" />
                <xs:element name="AUST" type="xs:string" minOccurs="0" />
                <xs:element name="BRNN" type="xs:string" minOccurs="0" />
                <xs:element name="COAC" type="xs:string" minOccurs="0" />
                <xs:element name="CORS" type="xs:string" minOccurs="0" />
                <xs:element name="FOGN" type="xs:string" minOccurs="0" />
                <xs:element name="FRAN" type="xs:string" minOccurs="0" />
                <xs:element name="GREC" type="xs:string" minOccurs="0" />
                <xs:element name="MFTV" type="xs:string" minOccurs="0" />
                <xs:element name="PRGP" type="xs:string" minOccurs="0" />
                <xs:element name="ROSN" type="xs:string" minOccurs="0" />
                <xs:element name="SLOV" type="xs:string" minOccurs="0" />
                <xs:element name="SVIZ" type="xs:string" minOccurs="0" />
                <xs:element name="BSP" type="xs:string" minOccurs="0" />
                <xs:element name="MALT" type="xs:string" minOccurs="0" />
                <xs:element name="XAUS" type="xs:string" minOccurs="0" />
                <xs:element name="XFRA" type="xs:string" minOccurs="0" />
              </xs:sequence>
            </xs:complexType>
          </xs:element>
        </xs:choice>
      </xs:complexType>
    </xs:element>
  </xs:schema>
  <Prezzi>
    <Data>20160912</Data>
    <Mercato>MGP</Mercato>
    <Ora>1</Ora>
    <PUN>35,795770</PUN>
    <NAT>39,000000</NAT>
    <CNOR>34,510000</CNOR>
    <CSUD>34,510000</CSUD>
    <NORD>34,510000</NORD>
    <SARD>34,510000</SARD>
    <SICI>54,140000</SICI>
    <SUD>34,510000</SUD>
    <AUST>34,510000</AUST>
    <BRNN>34,510000</BRNN>
    <COAC>34,510000</COAC>
    <CORS>34,510000</CORS>
    <FOGN>34,510000</FOGN>
    <FRAN>34,510000</FRAN>
    <GREC>34,510000</GREC>
    <MFTV>34,510000</MFTV>
    <PRGP>54,140000</PRGP>
    <ROSN>34,510000</ROSN>
    <SLOV>34,510000</SLOV>
    <SVIZ>34,510000</SVIZ>
    <BSP>34,510000</BSP>
    <MALT>54,140000</MALT>
    <XAUS>34,510000</XAUS>
    <XFRA>34,510000</XFRA>
  </Prezzi>
  <Prezzi>
    <Data>20160912</Data>
    <Mercato>MGP</Mercato>
    <Ora>2</Ora>
    <PUN>32,271030</PUN>
    <NAT>32,140000</NAT>
    <CNOR>30,780000</CNOR>
    <CSUD>30,780000</CSUD>
    <NORD>30,780000</NORD>
    <SARD>30,780000</SARD>
    <SICI>54,140000</SICI>
    <SUD>30,780000</SUD>
    <AUST>30,780000</AUST>
    <BRNN>30,780000</BRNN>
    <COAC>30,780000</COAC>
    <CORS>30,780000</CORS>
    <FOGN>30,780000</FOGN>
    <FRAN>30,780000</FRAN>
    <GREC>30,780000</GREC>
    <MFTV>30,780000</MFTV>
    <PRGP>54,140000</PRGP>
    <ROSN>30,780000</ROSN>
    <SLOV>30,780000</SLOV>
    <SVIZ>30,780000</SVIZ>
    <BSP>30,780000</BSP>
    <MALT>54,140000</MALT>
    <XAUS>30,780000</XAUS>
    <XFRA>30,780000</XFRA>
  </Prezzi>
  <Prezzi>
    <Data>20160912</Data>
    <Mercato>MGP</Mercato>
    <Ora>3</Ora>
    <PUN>31,581740</PUN>
    <NAT>30,460000</NAT>
    <CNOR>30,000000</CNOR>
    <CSUD>30,200000</CSUD>
    <NORD>30,000000</NORD>
    <SARD>30,200000</SARD>
    <SICI>54,140000</SICI>
    <SUD>30,200000</SUD>
    <AUST>30,000000</AUST>
    <BRNN>30,200000</BRNN>
    <COAC>30,200000</COAC>
    <CORS>30,200000</CORS>
    <FOGN>30,200000</FOGN>
    <FRAN>30,000000</FRAN>
    <GREC>30,200000</GREC>
    <MFTV>30,000000</MFTV>
    <PRGP>54,140000</PRGP>
    <ROSN>30,200000</ROSN>
    <SLOV>30,000000</SLOV>
    <SVIZ>30,000000</SVIZ>
    <BSP>30,000000</BSP>
    <MALT>54,140000</MALT>
    <XAUS>30,000000</XAUS>
    <XFRA>30,000000</XFRA>
  </Prezzi>
  <Prezzi>
    <Data>20160912</Data>
    <Mercato>MGP</Mercato>
    <Ora>4</Ora>
    <PUN>31,313770</PUN>
    <NAT>30,200000</NAT>
    <CNOR>29,850000</CNOR>
    <CSUD>29,850000</CSUD>
    <NORD>29,850000</NORD>
    <SARD>29,850000</SARD>
    <SICI>53,620000</SICI>
    <SUD>29,850000</SUD>
    <AUST>29,850000</AUST>
    <BRNN>29,850000</BRNN>
    <COAC>29,850000</COAC>
    <CORS>29,850000</CORS>
    <FOGN>29,850000</FOGN>
    <FRAN>29,850000</FRAN>
    <GREC>29,850000</GREC>
    <MFTV>29,850000</MFTV>
    <PRGP>53,620000</PRGP>
    <ROSN>29,850000</ROSN>
    <SLOV>29,850000</SLOV>
    <SVIZ>29,850000</SVIZ>
    <BSP>29,850000</BSP>
    <MALT>53,620000</MALT>
    <XAUS>29,850000</XAUS>
    <XFRA>29,850000</XFRA>
  </Prezzi>
  <Prezzi>
    <Data>20160912</Data>
    <Mercato>MGP</Mercato>
    <Ora>5</Ora>
    <PUN>31,626760</PUN>
    <NAT>30,600000</NAT>
    <CNOR>30,200000</CNOR>
    <CSUD>30,200000</CSUD>
    <NORD>30,200000</NORD>
    <SARD>30,200000</SARD>
    <SICI>53,620000</SICI>
    <SUD>30,200000</SUD>
    <AUST>30,200000</AUST>
    <BRNN>30,200000</BRNN>
    <COAC>30,200000</COAC>
    <CORS>30,200000</CORS>
    <FOGN>30,200000</FOGN>
    <FRAN>30,200000</FRAN>
    <GREC>30,200000</GREC>
    <MFTV>30,200000</MFTV>
    <PRGP>53,620000</PRGP>
    <ROSN>30,200000</ROSN>
    <SLOV>30,200000</SLOV>
    <SVIZ>30,200000</SVIZ>
    <BSP>30,200000</BSP>
    <MALT>53,620000</MALT>
    <XAUS>30,200000</XAUS>
    <XFRA>30,200000</XFRA>
  </Prezzi>
  <Prezzi>
    <Data>20160912</Data>
    <Mercato>MGP</Mercato>
    <Ora>6</Ora>
    <PUN>32,667330</PUN>
    <NAT>33,120000</NAT>
    <CNOR>31,300000</CNOR>
    <CSUD>31,300000</CSUD>
    <NORD>31,300000</NORD>
    <SARD>31,300000</SARD>
    <SICI>54,140000</SICI>
    <SUD>31,300000</SUD>
    <AUST>31,300000</AUST>
    <BRNN>31,300000</BRNN>
    <COAC>31,300000</COAC>
    <CORS>31,300000</CORS>
    <FOGN>31,300000</FOGN>
    <FRAN>31,300000</FRAN>
    <GREC>31,300000</GREC>
    <MFTV>31,300000</MFTV>
    <PRGP>54,140000</PRGP>
    <ROSN>31,300000</ROSN>
    <SLOV>31,300000</SLOV>
    <SVIZ>31,300000</SVIZ>
    <BSP>31,300000</BSP>
    <MALT>54,140000</MALT>
    <XAUS>31,300000</XAUS>
    <XFRA>31,300000</XFRA>
  </Prezzi>
  <Prezzi>
    <Data>20160912</Data>
    <Mercato>MGP</Mercato>
    <Ora>7</Ora>
    <PUN>41,723870</PUN>
    <NAT>42,000000</NAT>
    <CNOR>41,000000</CNOR>
    <CSUD>41,000000</CSUD>
    <NORD>41,000000</NORD>
    <SARD>41,000000</SARD>
    <SICI>54,140000</SICI>
    <SUD>41,000000</SUD>
    <AUST>41,000000</AUST>
    <BRNN>41,000000</BRNN>
    <COAC>41,000000</COAC>
    <CORS>41,000000</CORS>
    <FOGN>41,000000</FOGN>
    <FRAN>41,000000</FRAN>
    <GREC>41,000000</GREC>
    <MFTV>41,000000</MFTV>
    <PRGP>54,140000</PRGP>
    <ROSN>41,000000</ROSN>
    <SLOV>41,000000</SLOV>
    <SVIZ>41,000000</SVIZ>
    <BSP>41,000000</BSP>
    <MALT>54,140000</MALT>
    <XAUS>41,000000</XAUS>
    <XFRA>41,000000</XFRA>
  </Prezzi>
  <Prezzi>
    <Data>20160912</Data>
    <Mercato>MGP</Mercato>
    <Ora>8</Ora>
    <PUN>44,343830</PUN>
    <NAT>44,000000</NAT>
    <CNOR>43,000000</CNOR>
    <CSUD>43,000000</CSUD>
    <NORD>43,000000</NORD>
    <SARD>43,000000</SARD>
    <SICI>68,140000</SICI>
    <SUD>43,000000</SUD>
    <AUST>43,000000</AUST>
    <BRNN>43,000000</BRNN>
    <COAC>43,000000</COAC>
    <CORS>43,000000</CORS>
    <FOGN>43,000000</FOGN>
    <FRAN>43,000000</FRAN>
    <GREC>43,000000</GREC>
    <MFTV>43,000000</MFTV>
    <PRGP>68,140000</PRGP>
    <ROSN>43,000000</ROSN>
    <SLOV>43,000000</SLOV>
    <SVIZ>43,000000</SVIZ>
    <BSP>43,000000</BSP>
    <MALT>68,140000</MALT>
    <XAUS>43,000000</XAUS>
    <XFRA>43,000000</XFRA>
  </Prezzi>
  <Prezzi>
    <Data>20160912</Data>
    <Mercato>MGP</Mercato>
    <Ora>9</Ora>
    <PUN>49,798210</PUN>
    <NAT>45,740000</NAT>
    <CNOR>49,430000</CNOR>
    <CSUD>49,430000</CSUD>
    <NORD>49,430000</NORD>
    <SARD>49,430000</SARD>
    <SICI>68,140000</SICI>
    <SUD>41,000000</SUD>
    <AUST>49,430000</AUST>
    <BRNN>41,000000</BRNN>
    <COAC>49,430000</COAC>
    <CORS>49,430000</CORS>
    <FOGN>41,000000</FOGN>
    <FRAN>49,430000</FRAN>
    <GREC>41,000000</GREC>
    <MFTV>49,430000</MFTV>
    <PRGP>68,140000</PRGP>
    <ROSN>41,000000</ROSN>
    <SLOV>49,430000</SLOV>
    <SVIZ>49,430000</SVIZ>
    <BSP>49,430000</BSP>
    <MALT>68,140000</MALT>
    <XAUS>49,430000</XAUS>
    <XFRA>49,430000</XFRA>
  </Prezzi>
  <Prezzi>
    <Data>20160912</Data>
    <Mercato>MGP</Mercato>
    <Ora>10</Ora>
    <PUN>50,187750</PUN>
    <NAT>46,300000</NAT>
    <CNOR>50,700000</CNOR>
    <CSUD>50,700000</CSUD>
    <NORD>50,700000</NORD>
    <SARD>50,700000</SARD>
    <SICI>54,140000</SICI>
    <SUD>41,000000</SUD>
    <AUST>50,700000</AUST>
    <BRNN>41,000000</BRNN>
    <COAC>50,700000</COAC>
    <CORS>50,700000</CORS>
    <FOGN>41,000000</FOGN>
    <FRAN>50,700000</FRAN>
    <GREC>41,000000</GREC>
    <MFTV>50,700000</MFTV>
    <PRGP>54,140000</PRGP>
    <ROSN>41,000000</ROSN>
    <SLOV>50,700000</SLOV>
    <SVIZ>50,700000</SVIZ>
    <BSP>50,700000</BSP>
    <MALT>54,140000</MALT>
    <XAUS>50,700000</XAUS>
    <XFRA>50,700000</XFRA>
  </Prezzi>
  <Prezzi>
    <Data>20160912</Data>
    <Mercato>MGP</Mercato>
    <Ora>11</Ora>
    <PUN>51,158140</PUN>
    <NAT>46,150000</NAT>
    <CNOR>51,800000</CNOR>
    <CSUD>51,800000</CSUD>
    <NORD>51,800000</NORD>
    <SARD>51,800000</SARD>
    <SICI>54,140000</SICI>
    <SUD>41,000000</SUD>
    <AUST>51,800000</AUST>
    <BRNN>41,000000</BRNN>
    <COAC>51,800000</COAC>
    <CORS>51,800000</CORS>
    <FOGN>41,000000</FOGN>
    <FRAN>51,800000</FRAN>
    <GREC>41,000000</GREC>
    <MFTV>51,800000</MFTV>
    <PRGP>54,140000</PRGP>
    <ROSN>41,000000</ROSN>
    <SLOV>51,800000</SLOV>
    <SVIZ>51,800000</SVIZ>
    <BSP>51,800000</BSP>
    <MALT>54,140000</MALT>
    <XAUS>51,800000</XAUS>
    <XFRA>51,800000</XFRA>
  </Prezzi>
  <Prezzi>
    <Data>20160912</Data>
    <Mercato>MGP</Mercato>
    <Ora>12</Ora>
    <PUN>49,874860</PUN>
    <NAT>45,260000</NAT>
    <CNOR>50,350000</CNOR>
    <CSUD>50,350000</CSUD>
    <NORD>50,350000</NORD>
    <SARD>50,350000</SARD>
    <SICI>54,140000</SICI>
    <SUD>41,000000</SUD>
    <AUST>50,350000</AUST>
    <BRNN>41,000000</BRNN>
    <COAC>50,350000</COAC>
    <CORS>50,350000</CORS>
    <FOGN>41,000000</FOGN>
    <FRAN>50,350000</FRAN>
    <GREC>41,000000</GREC>
    <MFTV>50,350000</MFTV>
    <PRGP>54,140000</PRGP>
    <ROSN>41,000000</ROSN>
    <SLOV>50,350000</SLOV>
    <SVIZ>50,350000</SVIZ>
    <BSP>50,350000</BSP>
    <MALT>54,140000</MALT>
    <XAUS>50,350000</XAUS>
    <XFRA>50,350000</XFRA>
  </Prezzi>
  <Prezzi>
    <Data>20160912</Data>
    <Mercato>MGP</Mercato>
    <Ora>13</Ora>
    <PUN>45,804770</PUN>
    <NAT>43,620000</NAT>
    <CNOR>45,700000</CNOR>
    <CSUD>45,700000</CSUD>
    <NORD>45,700000</NORD>
    <SARD>45,700000</SARD>
    <SICI>54,140000</SICI>
    <SUD>41,030000</SUD>
    <AUST>45,700000</AUST>
    <BRNN>41,030000</BRNN>
    <COAC>45,700000</COAC>
    <CORS>45,700000</CORS>
    <FOGN>41,030000</FOGN>
    <FRAN>45,700000</FRAN>
    <GREC>41,030000</GREC>
    <MFTV>45,700000</MFTV>
    <PRGP>54,140000</PRGP>
    <ROSN>41,030000</ROSN>
    <SLOV>45,700000</SLOV>
    <SVIZ>45,700000</SVIZ>
    <BSP>45,700000</BSP>
    <MALT>54,140000</MALT>
    <XAUS>45,700000</XAUS>
    <XFRA>45,700000</XFRA>
  </Prezzi>
  <Prezzi>
    <Data>20160912</Data>
    <Mercato>MGP</Mercato>
    <Ora>14</Ora>
    <PUN>45,099630</PUN>
    <NAT>43,150000</NAT>
    <CNOR>45,400000</CNOR>
    <CSUD>45,400000</CSUD>
    <NORD>45,400000</NORD>
    <SARD>45,400000</SARD>
    <SICI>54,140000</SICI>
    <SUD>35,000000</SUD>
    <AUST>45,400000</AUST>
    <BRNN>35,000000</BRNN>
    <COAC>45,400000</COAC>
    <CORS>45,400000</CORS>
    <FOGN>35,000000</FOGN>
    <FRAN>45,400000</FRAN>
    <GREC>35,000000</GREC>
    <MFTV>45,400000</MFTV>
    <PRGP>54,140000</PRGP>
    <ROSN>35,000000</ROSN>
    <SLOV>45,400000</SLOV>
    <SVIZ>45,400000</SVIZ>
    <BSP>45,400000</BSP>
    <MALT>54,140000</MALT>
    <XAUS>45,400000</XAUS>
    <XFRA>45,400000</XFRA>
  </Prezzi>
  <Prezzi>
    <Data>20160912</Data>
    <Mercato>MGP</Mercato>
    <Ora>15</Ora>
    <PUN>48,316550</PUN>
    <NAT>44,000000</NAT>
    <CNOR>49,000000</CNOR>
    <CSUD>49,000000</CSUD>
    <NORD>49,000000</NORD>
    <SARD>49,000000</SARD>
    <SICI>54,140000</SICI>
    <SUD>35,000000</SUD>
    <AUST>49,000000</AUST>
    <BRNN>35,000000</BRNN>
    <COAC>49,000000</COAC>
    <CORS>49,000000</CORS>
    <FOGN>35,000000</FOGN>
    <FRAN>49,000000</FRAN>
    <GREC>35,000000</GREC>
    <MFTV>49,000000</MFTV>
    <PRGP>54,140000</PRGP>
    <ROSN>35,000000</ROSN>
    <SLOV>49,000000</SLOV>
    <SVIZ>49,000000</SVIZ>
    <BSP>49,000000</BSP>
    <MALT>54,140000</MALT>
    <XAUS>49,000000</XAUS>
    <XFRA>49,000000</XFRA>
  </Prezzi>
  <Prezzi>
    <Data>20160912</Data>
    <Mercato>MGP</Mercato>
    <Ora>16</Ora>
    <PUN>54,922550</PUN>
    <NAT>47,970000</NAT>
    <CNOR>56,230000</CNOR>
    <CSUD>56,230000</CSUD>
    <NORD>56,230000</NORD>
    <SARD>56,230000</SARD>
    <SICI>54,140000</SICI>
    <SUD>38,260000</SUD>
    <AUST>56,230000</AUST>
    <BRNN>38,260000</BRNN>
    <COAC>56,230000</COAC>
    <CORS>56,230000</CORS>
    <FOGN>38,260000</FOGN>
    <FRAN>56,230000</FRAN>
    <GREC>38,260000</GREC>
    <MFTV>56,230000</MFTV>
    <PRGP>54,140000</PRGP>
    <ROSN>38,260000</ROSN>
    <SLOV>56,230000</SLOV>
    <SVIZ>56,230000</SVIZ>
    <BSP>56,230000</BSP>
    <MALT>54,140000</MALT>
    <XAUS>56,230000</XAUS>
    <XFRA>56,230000</XFRA>
  </Prezzi>
  <Prezzi>
    <Data>20160912</Data>
    <Mercato>MGP</Mercato>
    <Ora>17</Ora>
    <PUN>48,996390</PUN>
    <NAT>50,000000</NAT>
    <CNOR>48,720000</CNOR>
    <CSUD>48,720000</CSUD>
    <NORD>48,720000</NORD>
    <SARD>48,720000</SARD>
    <SICI>54,140000</SICI>
    <SUD>48,720000</SUD>
    <AUST>48,720000</AUST>
    <BRNN>48,720000</BRNN>
    <COAC>48,720000</COAC>
    <CORS>48,720000</CORS>
    <FOGN>48,720000</FOGN>
    <FRAN>48,720000</FRAN>
    <GREC>48,720000</GREC>
    <MFTV>48,720000</MFTV>
    <PRGP>54,140000</PRGP>
    <ROSN>48,720000</ROSN>
    <SLOV>48,720000</SLOV>
    <SVIZ>48,720000</SVIZ>
    <BSP>48,720000</BSP>
    <MALT>54,140000</MALT>
    <XAUS>48,720000</XAUS>
    <XFRA>48,720000</XFRA>
  </Prezzi>
  <Prezzi>
    <Data>20160912</Data>
    <Mercato>MGP</Mercato>
    <Ora>18</Ora>
    <PUN>47,910910</PUN>
    <NAT>50,250000</NAT>
    <CNOR>47,560000</CNOR>
    <CSUD>47,560000</CSUD>
    <NORD>47,560000</NORD>
    <SARD>47,560000</SARD>
    <SICI>54,140000</SICI>
    <SUD>47,560000</SUD>
    <AUST>47,560000</AUST>
    <BRNN>47,560000</BRNN>
    <COAC>47,560000</COAC>
    <CORS>47,560000</CORS>
    <FOGN>47,560000</FOGN>
    <FRAN>47,560000</FRAN>
    <GREC>47,560000</GREC>
    <MFTV>47,560000</MFTV>
    <PRGP>54,140000</PRGP>
    <ROSN>47,560000</ROSN>
    <SLOV>47,560000</SLOV>
    <SVIZ>47,560000</SVIZ>
    <BSP>47,560000</BSP>
    <MALT>54,140000</MALT>
    <XAUS>47,560000</XAUS>
    <XFRA>47,560000</XFRA>
  </Prezzi>
  <Prezzi>
    <Data>20160912</Data>
    <Mercato>MGP</Mercato>
    <Ora>19</Ora>
    <PUN>52,036130</PUN>
    <NAT>60,000000</NAT>
    <CNOR>50,750000</CNOR>
    <CSUD>50,750000</CSUD>
    <NORD>50,750000</NORD>
    <SARD>50,750000</SARD>
    <SICI>74,140000</SICI>
    <SUD>50,750000</SUD>
    <AUST>50,750000</AUST>
    <BRNN>50,750000</BRNN>
    <COAC>50,750000</COAC>
    <CORS>50,750000</CORS>
    <FOGN>50,750000</FOGN>
    <FRAN>50,750000</FRAN>
    <GREC>50,750000</GREC>
    <MFTV>50,750000</MFTV>
    <PRGP>74,140000</PRGP>
    <ROSN>50,750000</ROSN>
    <SLOV>50,750000</SLOV>
    <SVIZ>50,750000</SVIZ>
    <BSP>50,750000</BSP>
    <MALT>74,140000</MALT>
    <XAUS>50,750000</XAUS>
    <XFRA>50,750000</XFRA>
  </Prezzi>
  <Prezzi>
    <Data>20160912</Data>
    <Mercato>MGP</Mercato>
    <Ora>20</Ora>
    <PUN>61,850910</PUN>
    <NAT>74,140000</NAT>
    <CNOR>60,000000</CNOR>
    <CSUD>60,000000</CSUD>
    <NORD>60,000000</NORD>
    <SARD>60,000000</SARD>
    <SICI>92,170000</SICI>
    <SUD>60,000000</SUD>
    <AUST>60,000000</AUST>
    <BRNN>60,000000</BRNN>
    <COAC>60,000000</COAC>
    <CORS>60,000000</CORS>
    <FOGN>60,000000</FOGN>
    <FRAN>60,000000</FRAN>
    <GREC>60,000000</GREC>
    <MFTV>60,000000</MFTV>
    <PRGP>92,170000</PRGP>
    <ROSN>60,000000</ROSN>
    <SLOV>60,000000</SLOV>
    <SVIZ>60,000000</SVIZ>
    <BSP>60,000000</BSP>
    <MALT>92,170000</MALT>
    <XAUS>60,000000</XAUS>
    <XFRA>60,000000</XFRA>
  </Prezzi>
  <Prezzi>
    <Data>20160912</Data>
    <Mercato>MGP</Mercato>
    <Ora>21</Ora>
    <PUN>67,978160</PUN>
    <NAT>74,140000</NAT>
    <CNOR>60,000000</CNOR>
    <CSUD>60,000000</CSUD>
    <NORD>60,000000</NORD>
    <SARD>60,000000</SARD>
    <SICI>196,000000</SICI>
    <SUD>60,000000</SUD>
    <AUST>60,000000</AUST>
    <BRNN>60,000000</BRNN>
    <COAC>60,000000</COAC>
    <CORS>60,000000</CORS>
    <FOGN>60,000000</FOGN>
    <FRAN>60,000000</FRAN>
    <GREC>60,000000</GREC>
    <MFTV>60,000000</MFTV>
    <PRGP>196,000000</PRGP>
    <ROSN>60,000000</ROSN>
    <SLOV>60,000000</SLOV>
    <SVIZ>60,000000</SVIZ>
    <BSP>60,000000</BSP>
    <MALT>196,000000</MALT>
    <XAUS>60,000000</XAUS>
    <XFRA>60,000000</XFRA>
  </Prezzi>
  <Prezzi>
    <Data>20160912</Data>
    <Mercato>MGP</Mercato>
    <Ora>22</Ora>
    <PUN>52,538130</PUN>
    <NAT>55,000000</NAT>
    <CNOR>50,090000</CNOR>
    <CSUD>50,090000</CSUD>
    <NORD>50,090000</NORD>
    <SARD>50,090000</SARD>
    <SICI>92,170000</SICI>
    <SUD>50,090000</SUD>
    <AUST>50,090000</AUST>
    <BRNN>50,090000</BRNN>
    <COAC>50,090000</COAC>
    <CORS>50,090000</CORS>
    <FOGN>50,090000</FOGN>
    <FRAN>50,090000</FRAN>
    <GREC>50,090000</GREC>
    <MFTV>50,090000</MFTV>
    <PRGP>92,170000</PRGP>
    <ROSN>50,090000</ROSN>
    <SLOV>50,090000</SLOV>
    <SVIZ>50,090000</SVIZ>
    <BSP>50,090000</BSP>
    <MALT>92,170000</MALT>
    <XAUS>50,090000</XAUS>
    <XFRA>50,090000</XFRA>
  </Prezzi>
  <Prezzi>
    <Data>20160912</Data>
    <Mercato>MGP</Mercato>
    <Ora>23</Ora>
    <PUN>46,960730</PUN>
    <NAT>50,690000</NAT>
    <CNOR>45,000000</CNOR>
    <CSUD>45,000000</CSUD>
    <NORD>45,000000</NORD>
    <SARD>45,000000</SARD>
    <SICI>78,210000</SICI>
    <SUD>45,000000</SUD>
    <AUST>45,000000</AUST>
    <BRNN>45,000000</BRNN>
    <COAC>45,000000</COAC>
    <CORS>45,000000</CORS>
    <FOGN>45,000000</FOGN>
    <FRAN>45,000000</FRAN>
    <GREC>45,000000</GREC>
    <MFTV>45,000000</MFTV>
    <PRGP>78,210000</PRGP>
    <ROSN>45,000000</ROSN>
    <SLOV>45,000000</SLOV>
    <SVIZ>45,000000</SVIZ>
    <BSP>45,000000</BSP>
    <MALT>78,210000</MALT>
    <XAUS>45,000000</XAUS>
    <XFRA>45,000000</XFRA>
  </Prezzi>
  <Prezzi>
    <Data>20160912</Data>
    <Mercato>MGP</Mercato>
    <Ora>24</Ora>
    <PUN>42,950890</PUN>
    <NAT>42,000000</NAT>
    <CNOR>41,010000</CNOR>
    <CSUD>41,010000</CSUD>
    <NORD>41,010000</NORD>
    <SARD>41,010000</SARD>
    <SICI>74,140000</SICI>
    <SUD>41,010000</SUD>
    <AUST>41,010000</AUST>
    <BRNN>41,010000</BRNN>
    <COAC>41,010000</COAC>
    <CORS>41,010000</CORS>
    <FOGN>41,010000</FOGN>
    <FRAN>41,010000</FRAN>
    <GREC>41,010000</GREC>
    <MFTV>41,010000</MFTV>
    <PRGP>74,140000</PRGP>
    <ROSN>41,010000</ROSN>
    <SLOV>41,010000</SLOV>
    <SVIZ>41,010000</SVIZ>
    <BSP>41,010000</BSP>
    <MALT>74,140000</MALT>
    <XAUS>41,010000</XAUS>
    <XFRA>41,010000</XFRA>
  </Prezzi>
</NewDataSet>