<?xml version="1.0" standalone="yes"?>
<NewDataSet>
  <xs:schema id="NewDataSet" xmlns="" xmlns:xs="http://www.w3.org/2001/XMLSchema" xmlns:msdata="urn:schemas-microsoft-com:xml-msdata">
    <xs:element name="NewDataSet" msdata:IsDataSet="true" msdata:UseCurrentLocale="true">
      <xs:complexType>
        <xs:choice minOccurs="0" maxOccurs="unbounded">
          <xs:element name="Prezzi">
            <xs:complexType>
              <xs:sequence>
                <xs:element name="Data" type="xs:string" minOccurs="0" />
                <xs:element name="Mercato" type="xs:string" minOccurs="0" />
                <xs:element name="Ora" type="xs:string" minOccurs="0" />
                <xs:element name="PUN" type="xs:string" minOccurs="0" />
                <xs:element name="NAT" type="xs:string" minOccurs="0" />
                <xs:element name="CNOR" type="xs:string" minOccurs="0" />
                <xs:element name="CSUD" type="xs:string" minOccurs="0" />
                <xs:element name="NORD" type="xs:string" minOccurs="0" />
                <xs:element name="SARD" type="xs:string" minOccurs="0" />
                <xs:element name="SICI" type="xs:string" minOccurs="0" />
                <xs:element name="SUD" type="xs:string" minOccurs="0" />
                <xs:element name="AUST" type="xs:string" minOccurs="0" />
                <xs:element name="BRNN" type="xs:string" minOccurs="0" />
                <xs:element name="COAC" type="xs:string" minOccurs="0" />
                <xs:element name="CORS" type="xs:string" minOccurs="0" />
                <xs:element name="FOGN" type="xs:string" minOccurs="0" />
                <xs:element name="FRAN" type="xs:string" minOccurs="0" />
                <xs:element name="GREC" type="xs:string" minOccurs="0" />
                <xs:element name="MFTV" type="xs:string" minOccurs="0" />
                <xs:element name="PRGP" type="xs:string" minOccurs="0" />
                <xs:element name="ROSN" type="xs:string" minOccurs="0" />
                <xs:element name="SLOV" type="xs:string" minOccurs="0" />
                <xs:element name="SVIZ" type="xs:string" minOccurs="0" />
                <xs:element name="BSP" type="xs:string" minOccurs="0" />
                <xs:element name="MALT" type="xs:string" minOccurs="0" />
                <xs:element name="XAUS" type="xs:string" minOccurs="0" />
                <xs:element name="XFRA" type="xs:string" minOccurs="0" />
              </xs:sequence>
            </xs:complexType>
          </xs:element>
        </xs:choice>
      </xs:complexType>
    </xs:element>
  </xs:schema>
  <Prezzi>
    <Data>20160918</Data>
    <Mercato>MGP</Mercato>
    <Ora>1</Ora>
    <PUN>38,890220</PUN>
    <NAT>41,000000</NAT>
    <CNOR>38,000000</CNOR>
    <CSUD>38,000000</CSUD>
    <NORD>38,000000</NORD>
    <SARD>38,000000</SARD>
    <SICI>50,690000</SICI>
    <SUD>38,000000</SUD>
    <AUST>38,000000</AUST>
    <BRNN>38,000000</BRNN>
    <COAC>38,000000</COAC>
    <CORS>38,000000</CORS>
    <FOGN>38,000000</FOGN>
    <FRAN>38,000000</FRAN>
    <GREC>38,000000</GREC>
    <MFTV>38,000000</MFTV>
    <PRGP>50,690000</PRGP>
    <ROSN>38,000000</ROSN>
    <SLOV>38,000000</SLOV>
    <SVIZ>38,000000</SVIZ>
    <BSP>38,000000</BSP>
    <MALT>50,690000</MALT>
    <XAUS>38,000000</XAUS>
    <XFRA>38,000000</XFRA>
  </Prezzi>
  <Prezzi>
    <Data>20160918</Data>
    <Mercato>MGP</Mercato>
    <Ora>2</Ora>
    <PUN>31,612990</PUN>
    <NAT>30,750000</NAT>
    <CNOR>30,730000</CNOR>
    <CSUD>30,730000</CSUD>
    <NORD>30,730000</NORD>
    <SARD>30,730000</SARD>
    <SICI>43,620000</SICI>
    <SUD>30,730000</SUD>
    <AUST>30,730000</AUST>
    <BRNN>30,730000</BRNN>
    <COAC>30,730000</COAC>
    <CORS>30,730000</CORS>
    <FOGN>30,730000</FOGN>
    <FRAN>30,730000</FRAN>
    <GREC>30,730000</GREC>
    <MFTV>30,730000</MFTV>
    <PRGP>43,620000</PRGP>
    <ROSN>30,730000</ROSN>
    <SLOV>30,730000</SLOV>
    <SVIZ>30,730000</SVIZ>
    <BSP>30,730000</BSP>
    <MALT>43,620000</MALT>
    <XAUS>30,730000</XAUS>
    <XFRA>30,730000</XFRA>
  </Prezzi>
  <Prezzi>
    <Data>20160918</Data>
    <Mercato>MGP</Mercato>
    <Ora>3</Ora>
    <PUN>31,023460</PUN>
    <NAT>30,130000</NAT>
    <CNOR>30,110000</CNOR>
    <CSUD>30,110000</CSUD>
    <NORD>30,110000</NORD>
    <SARD>30,110000</SARD>
    <SICI>43,620000</SICI>
    <SUD>30,110000</SUD>
    <AUST>30,110000</AUST>
    <BRNN>30,110000</BRNN>
    <COAC>30,110000</COAC>
    <CORS>30,110000</CORS>
    <FOGN>30,110000</FOGN>
    <FRAN>30,110000</FRAN>
    <GREC>30,110000</GREC>
    <MFTV>30,110000</MFTV>
    <PRGP>43,620000</PRGP>
    <ROSN>30,110000</ROSN>
    <SLOV>30,110000</SLOV>
    <SVIZ>30,110000</SVIZ>
    <BSP>30,110000</BSP>
    <MALT>43,620000</MALT>
    <XAUS>30,110000</XAUS>
    <XFRA>30,110000</XFRA>
  </Prezzi>
  <Prezzi>
    <Data>20160918</Data>
    <Mercato>MGP</Mercato>
    <Ora>4</Ora>
    <PUN>30,272140</PUN>
    <NAT>29,680000</NAT>
    <CNOR>29,310000</CNOR>
    <CSUD>29,310000</CSUD>
    <NORD>29,310000</NORD>
    <SARD>29,310000</SARD>
    <SICI>43,620000</SICI>
    <SUD>29,310000</SUD>
    <AUST>29,310000</AUST>
    <BRNN>29,310000</BRNN>
    <COAC>29,310000</COAC>
    <CORS>29,310000</CORS>
    <FOGN>29,310000</FOGN>
    <FRAN>29,310000</FRAN>
    <GREC>29,310000</GREC>
    <MFTV>29,310000</MFTV>
    <PRGP>43,620000</PRGP>
    <ROSN>29,310000</ROSN>
    <SLOV>29,310000</SLOV>
    <SVIZ>29,310000</SVIZ>
    <BSP>29,310000</BSP>
    <MALT>43,620000</MALT>
    <XAUS>29,310000</XAUS>
    <XFRA>29,310000</XFRA>
  </Prezzi>
  <Prezzi>
    <Data>20160918</Data>
    <Mercato>MGP</Mercato>
    <Ora>5</Ora>
    <PUN>29,588260</PUN>
    <NAT>29,560000</NAT>
    <CNOR>29,560000</CNOR>
    <CSUD>29,560000</CSUD>
    <NORD>29,560000</NORD>
    <SARD>29,560000</SARD>
    <SICI>29,990000</SICI>
    <SUD>29,560000</SUD>
    <AUST>29,560000</AUST>
    <BRNN>29,560000</BRNN>
    <COAC>29,560000</COAC>
    <CORS>29,560000</CORS>
    <FOGN>29,560000</FOGN>
    <FRAN>29,560000</FRAN>
    <GREC>29,560000</GREC>
    <MFTV>29,560000</MFTV>
    <PRGP>29,990000</PRGP>
    <ROSN>29,560000</ROSN>
    <SLOV>29,560000</SLOV>
    <SVIZ>29,560000</SVIZ>
    <BSP>29,560000</BSP>
    <MALT>29,990000</MALT>
    <XAUS>29,560000</XAUS>
    <XFRA>29,560000</XFRA>
  </Prezzi>
  <Prezzi>
    <Data>20160918</Data>
    <Mercato>MGP</Mercato>
    <Ora>6</Ora>
    <PUN>30,502860</PUN>
    <NAT>29,570000</NAT>
    <CNOR>29,570000</CNOR>
    <CSUD>29,570000</CSUD>
    <NORD>29,570000</NORD>
    <SARD>29,570000</SARD>
    <SICI>43,620000</SICI>
    <SUD>29,570000</SUD>
    <AUST>29,570000</AUST>
    <BRNN>29,570000</BRNN>
    <COAC>29,570000</COAC>
    <CORS>29,570000</CORS>
    <FOGN>29,570000</FOGN>
    <FRAN>29,570000</FRAN>
    <GREC>29,570000</GREC>
    <MFTV>29,570000</MFTV>
    <PRGP>43,620000</PRGP>
    <ROSN>29,570000</ROSN>
    <SLOV>29,570000</SLOV>
    <SVIZ>29,570000</SVIZ>
    <BSP>29,570000</BSP>
    <MALT>43,620000</MALT>
    <XAUS>29,570000</XAUS>
    <XFRA>29,570000</XFRA>
  </Prezzi>
  <Prezzi>
    <Data>20160918</Data>
    <Mercato>MGP</Mercato>
    <Ora>7</Ora>
    <PUN>30,860000</PUN>
    <NAT>30,000000</NAT>
    <CNOR>29,970000</CNOR>
    <CSUD>29,970000</CSUD>
    <NORD>29,970000</NORD>
    <SARD>29,970000</SARD>
    <SICI>43,620000</SICI>
    <SUD>29,970000</SUD>
    <AUST>29,970000</AUST>
    <BRNN>29,970000</BRNN>
    <COAC>29,970000</COAC>
    <CORS>29,970000</CORS>
    <FOGN>29,970000</FOGN>
    <FRAN>29,970000</FRAN>
    <GREC>29,970000</GREC>
    <MFTV>29,970000</MFTV>
    <PRGP>43,620000</PRGP>
    <ROSN>29,970000</ROSN>
    <SLOV>29,970000</SLOV>
    <SVIZ>29,970000</SVIZ>
    <BSP>29,970000</BSP>
    <MALT>43,620000</MALT>
    <XAUS>29,970000</XAUS>
    <XFRA>29,970000</XFRA>
  </Prezzi>
  <Prezzi>
    <Data>20160918</Data>
    <Mercato>MGP</Mercato>
    <Ora>8</Ora>
    <PUN>30,542050</PUN>
    <NAT>30,400000</NAT>
    <CNOR>30,090000</CNOR>
    <CSUD>30,090000</CSUD>
    <NORD>30,090000</NORD>
    <SARD>30,090000</SARD>
    <SICI>36,990000</SICI>
    <SUD>30,090000</SUD>
    <AUST>30,090000</AUST>
    <BRNN>30,090000</BRNN>
    <COAC>30,090000</COAC>
    <CORS>30,090000</CORS>
    <FOGN>30,090000</FOGN>
    <FRAN>30,090000</FRAN>
    <GREC>30,090000</GREC>
    <MFTV>30,090000</MFTV>
    <PRGP>36,990000</PRGP>
    <ROSN>30,090000</ROSN>
    <SLOV>30,090000</SLOV>
    <SVIZ>30,090000</SVIZ>
    <BSP>30,090000</BSP>
    <MALT>36,990000</MALT>
    <XAUS>30,090000</XAUS>
    <XFRA>30,090000</XFRA>
  </Prezzi>
  <Prezzi>
    <Data>20160918</Data>
    <Mercato>MGP</Mercato>
    <Ora>9</Ora>
    <PUN>31,612450</PUN>
    <NAT>30,730000</NAT>
    <CNOR>30,730000</CNOR>
    <CSUD>30,730000</CSUD>
    <NORD>30,730000</NORD>
    <SARD>30,730000</SARD>
    <SICI>43,620000</SICI>
    <SUD>30,730000</SUD>
    <AUST>30,730000</AUST>
    <BRNN>30,730000</BRNN>
    <COAC>30,730000</COAC>
    <CORS>30,730000</CORS>
    <FOGN>30,730000</FOGN>
    <FRAN>30,730000</FRAN>
    <GREC>30,730000</GREC>
    <MFTV>30,730000</MFTV>
    <PRGP>43,620000</PRGP>
    <ROSN>30,730000</ROSN>
    <SLOV>30,730000</SLOV>
    <SVIZ>30,730000</SVIZ>
    <BSP>30,730000</BSP>
    <MALT>43,620000</MALT>
    <XAUS>30,730000</XAUS>
    <XFRA>30,730000</XFRA>
  </Prezzi>
  <Prezzi>
    <Data>20160918</Data>
    <Mercato>MGP</Mercato>
    <Ora>10</Ora>
    <PUN>32,824540</PUN>
    <NAT>32,850000</NAT>
    <CNOR>32,000000</CNOR>
    <CSUD>32,000000</CSUD>
    <NORD>32,000000</NORD>
    <SARD>32,000000</SARD>
    <SICI>43,620000</SICI>
    <SUD>32,000000</SUD>
    <AUST>32,000000</AUST>
    <BRNN>32,000000</BRNN>
    <COAC>32,000000</COAC>
    <CORS>32,000000</CORS>
    <FOGN>32,000000</FOGN>
    <FRAN>32,000000</FRAN>
    <GREC>32,000000</GREC>
    <MFTV>32,000000</MFTV>
    <PRGP>43,620000</PRGP>
    <ROSN>32,000000</ROSN>
    <SLOV>32,000000</SLOV>
    <SVIZ>32,000000</SVIZ>
    <BSP>32,000000</BSP>
    <MALT>43,620000</MALT>
    <XAUS>32,000000</XAUS>
    <XFRA>32,000000</XFRA>
  </Prezzi>
  <Prezzi>
    <Data>20160918</Data>
    <Mercato>MGP</Mercato>
    <Ora>11</Ora>
    <PUN>35,047420</PUN>
    <NAT>34,900000</NAT>
    <CNOR>34,900000</CNOR>
    <CSUD>34,900000</CSUD>
    <NORD>34,900000</NORD>
    <SARD>34,900000</SARD>
    <SICI>36,990000</SICI>
    <SUD>34,900000</SUD>
    <AUST>34,900000</AUST>
    <BRNN>34,900000</BRNN>
    <COAC>34,900000</COAC>
    <CORS>34,900000</CORS>
    <FOGN>34,900000</FOGN>
    <FRAN>34,900000</FRAN>
    <GREC>34,900000</GREC>
    <MFTV>34,900000</MFTV>
    <PRGP>36,990000</PRGP>
    <ROSN>34,900000</ROSN>
    <SLOV>34,900000</SLOV>
    <SVIZ>34,900000</SVIZ>
    <BSP>34,900000</BSP>
    <MALT>36,990000</MALT>
    <XAUS>34,900000</XAUS>
    <XFRA>34,900000</XFRA>
  </Prezzi>
  <Prezzi>
    <Data>20160918</Data>
    <Mercato>MGP</Mercato>
    <Ora>12</Ora>
    <PUN>34,900000</PUN>
    <NAT>34,900000</NAT>
    <CNOR>34,900000</CNOR>
    <CSUD>34,900000</CSUD>
    <NORD>34,900000</NORD>
    <SARD>34,900000</SARD>
    <SICI>34,900000</SICI>
    <SUD>34,900000</SUD>
    <AUST>34,900000</AUST>
    <BRNN>34,900000</BRNN>
    <COAC>34,900000</COAC>
    <CORS>34,900000</CORS>
    <FOGN>34,900000</FOGN>
    <FRAN>34,900000</FRAN>
    <GREC>34,900000</GREC>
    <MFTV>34,900000</MFTV>
    <PRGP>34,900000</PRGP>
    <ROSN>34,900000</ROSN>
    <SLOV>34,900000</SLOV>
    <SVIZ>34,900000</SVIZ>
    <BSP>34,900000</BSP>
    <MALT>34,900000</MALT>
    <XAUS>34,900000</XAUS>
    <XFRA>34,900000</XFRA>
  </Prezzi>
  <Prezzi>
    <Data>20160918</Data>
    <Mercato>MGP</Mercato>
    <Ora>13</Ora>
    <PUN>33,500000</PUN>
    <NAT>33,630000</NAT>
    <CNOR>33,500000</CNOR>
    <CSUD>33,500000</CSUD>
    <NORD>33,500000</NORD>
    <SARD>33,500000</SARD>
    <SICI>33,500000</SICI>
    <SUD>33,500000</SUD>
    <AUST>33,500000</AUST>
    <BRNN>33,500000</BRNN>
    <COAC>33,500000</COAC>
    <CORS>33,500000</CORS>
    <FOGN>33,500000</FOGN>
    <FRAN>33,500000</FRAN>
    <GREC>33,500000</GREC>
    <MFTV>33,500000</MFTV>
    <PRGP>33,500000</PRGP>
    <ROSN>33,500000</ROSN>
    <SLOV>33,500000</SLOV>
    <SVIZ>33,500000</SVIZ>
    <BSP>33,500000</BSP>
    <MALT>33,500000</MALT>
    <XAUS>33,500000</XAUS>
    <XFRA>33,500000</XFRA>
  </Prezzi>
  <Prezzi>
    <Data>20160918</Data>
    <Mercato>MGP</Mercato>
    <Ora>14</Ora>
    <PUN>30,400000</PUN>
    <NAT>30,400000</NAT>
    <CNOR>30,400000</CNOR>
    <CSUD>30,400000</CSUD>
    <NORD>30,400000</NORD>
    <SARD>30,400000</SARD>
    <SICI>30,400000</SICI>
    <SUD>30,400000</SUD>
    <AUST>30,400000</AUST>
    <BRNN>30,400000</BRNN>
    <COAC>30,400000</COAC>
    <CORS>30,400000</CORS>
    <FOGN>30,400000</FOGN>
    <FRAN>30,400000</FRAN>
    <GREC>30,400000</GREC>
    <MFTV>30,400000</MFTV>
    <PRGP>30,400000</PRGP>
    <ROSN>30,400000</ROSN>
    <SLOV>30,400000</SLOV>
    <SVIZ>30,400000</SVIZ>
    <BSP>30,400000</BSP>
    <MALT>30,400000</MALT>
    <XAUS>30,400000</XAUS>
    <XFRA>30,400000</XFRA>
  </Prezzi>
  <Prezzi>
    <Data>20160918</Data>
    <Mercato>MGP</Mercato>
    <Ora>15</Ora>
    <PUN>30,190000</PUN>
    <NAT>30,190000</NAT>
    <CNOR>30,190000</CNOR>
    <CSUD>30,190000</CSUD>
    <NORD>30,190000</NORD>
    <SARD>30,190000</SARD>
    <SICI>30,190000</SICI>
    <SUD>30,190000</SUD>
    <AUST>30,190000</AUST>
    <BRNN>30,190000</BRNN>
    <COAC>30,190000</COAC>
    <CORS>30,190000</CORS>
    <FOGN>30,190000</FOGN>
    <FRAN>30,190000</FRAN>
    <GREC>30,190000</GREC>
    <MFTV>30,190000</MFTV>
    <PRGP>30,190000</PRGP>
    <ROSN>30,190000</ROSN>
    <SLOV>30,190000</SLOV>
    <SVIZ>30,190000</SVIZ>
    <BSP>30,190000</BSP>
    <MALT>30,190000</MALT>
    <XAUS>30,190000</XAUS>
    <XFRA>30,190000</XFRA>
  </Prezzi>
  <Prezzi>
    <Data>20160918</Data>
    <Mercato>MGP</Mercato>
    <Ora>16</Ora>
    <PUN>30,730000</PUN>
    <NAT>30,730000</NAT>
    <CNOR>30,730000</CNOR>
    <CSUD>30,730000</CSUD>
    <NORD>30,730000</NORD>
    <SARD>30,730000</SARD>
    <SICI>30,730000</SICI>
    <SUD>30,730000</SUD>
    <AUST>30,730000</AUST>
    <BRNN>30,730000</BRNN>
    <COAC>30,730000</COAC>
    <CORS>30,730000</CORS>
    <FOGN>30,730000</FOGN>
    <FRAN>30,730000</FRAN>
    <GREC>30,730000</GREC>
    <MFTV>30,730000</MFTV>
    <PRGP>30,730000</PRGP>
    <ROSN>30,730000</ROSN>
    <SLOV>30,730000</SLOV>
    <SVIZ>30,730000</SVIZ>
    <BSP>30,730000</BSP>
    <MALT>30,730000</MALT>
    <XAUS>30,730000</XAUS>
    <XFRA>30,730000</XFRA>
  </Prezzi>
  <Prezzi>
    <Data>20160918</Data>
    <Mercato>MGP</Mercato>
    <Ora>17</Ora>
    <PUN>31,080000</PUN>
    <NAT>31,080000</NAT>
    <CNOR>31,080000</CNOR>
    <CSUD>31,080000</CSUD>
    <NORD>31,080000</NORD>
    <SARD>31,080000</SARD>
    <SICI>31,080000</SICI>
    <SUD>31,080000</SUD>
    <AUST>31,080000</AUST>
    <BRNN>31,080000</BRNN>
    <COAC>31,080000</COAC>
    <CORS>31,080000</CORS>
    <FOGN>31,080000</FOGN>
    <FRAN>31,080000</FRAN>
    <GREC>31,080000</GREC>
    <MFTV>31,080000</MFTV>
    <PRGP>31,080000</PRGP>
    <ROSN>31,080000</ROSN>
    <SLOV>31,080000</SLOV>
    <SVIZ>31,080000</SVIZ>
    <BSP>31,080000</BSP>
    <MALT>31,080000</MALT>
    <XAUS>31,080000</XAUS>
    <XFRA>31,080000</XFRA>
  </Prezzi>
  <Prezzi>
    <Data>20160918</Data>
    <Mercato>MGP</Mercato>
    <Ora>18</Ora>
    <PUN>32,510000</PUN>
    <NAT>32,500000</NAT>
    <CNOR>32,510000</CNOR>
    <CSUD>32,510000</CSUD>
    <NORD>32,510000</NORD>
    <SARD>32,510000</SARD>
    <SICI>32,510000</SICI>
    <SUD>32,510000</SUD>
    <AUST>32,510000</AUST>
    <BRNN>32,510000</BRNN>
    <COAC>32,510000</COAC>
    <CORS>32,510000</CORS>
    <FOGN>32,510000</FOGN>
    <FRAN>32,510000</FRAN>
    <GREC>32,510000</GREC>
    <MFTV>32,510000</MFTV>
    <PRGP>32,510000</PRGP>
    <ROSN>32,510000</ROSN>
    <SLOV>32,510000</SLOV>
    <SVIZ>32,510000</SVIZ>
    <BSP>32,510000</BSP>
    <MALT>32,510000</MALT>
    <XAUS>32,510000</XAUS>
    <XFRA>32,510000</XFRA>
  </Prezzi>
  <Prezzi>
    <Data>20160918</Data>
    <Mercato>MGP</Mercato>
    <Ora>19</Ora>
    <PUN>36,751830</PUN>
    <NAT>36,990000</NAT>
    <CNOR>36,250000</CNOR>
    <CSUD>36,250000</CSUD>
    <NORD>36,250000</NORD>
    <SARD>36,250000</SARD>
    <SICI>43,620000</SICI>
    <SUD>36,250000</SUD>
    <AUST>36,250000</AUST>
    <BRNN>36,250000</BRNN>
    <COAC>36,250000</COAC>
    <CORS>36,250000</CORS>
    <FOGN>36,250000</FOGN>
    <FRAN>36,250000</FRAN>
    <GREC>36,250000</GREC>
    <MFTV>36,250000</MFTV>
    <PRGP>43,620000</PRGP>
    <ROSN>36,250000</ROSN>
    <SLOV>36,250000</SLOV>
    <SVIZ>36,250000</SVIZ>
    <BSP>36,250000</BSP>
    <MALT>43,620000</MALT>
    <XAUS>36,250000</XAUS>
    <XFRA>36,250000</XFRA>
  </Prezzi>
  <Prezzi>
    <Data>20160918</Data>
    <Mercato>MGP</Mercato>
    <Ora>20</Ora>
    <PUN>44,910800</PUN>
    <NAT>43,000000</NAT>
    <CNOR>43,000000</CNOR>
    <CSUD>43,000000</CSUD>
    <NORD>43,000000</NORD>
    <SARD>43,000000</SARD>
    <SICI>70,690000</SICI>
    <SUD>43,000000</SUD>
    <AUST>43,000000</AUST>
    <BRNN>43,000000</BRNN>
    <COAC>43,000000</COAC>
    <CORS>43,000000</CORS>
    <FOGN>43,000000</FOGN>
    <FRAN>43,000000</FRAN>
    <GREC>43,000000</GREC>
    <MFTV>43,000000</MFTV>
    <PRGP>70,690000</PRGP>
    <ROSN>43,000000</ROSN>
    <SLOV>43,000000</SLOV>
    <SVIZ>43,000000</SVIZ>
    <BSP>43,000000</BSP>
    <MALT>70,690000</MALT>
    <XAUS>43,000000</XAUS>
    <XFRA>43,000000</XFRA>
  </Prezzi>
  <Prezzi>
    <Data>20160918</Data>
    <Mercato>MGP</Mercato>
    <Ora>21</Ora>
    <PUN>46,016260</PUN>
    <NAT>44,000000</NAT>
    <CNOR>44,000000</CNOR>
    <CSUD>44,000000</CSUD>
    <NORD>44,000000</NORD>
    <SARD>44,000000</SARD>
    <SICI>73,620000</SICI>
    <SUD>44,000000</SUD>
    <AUST>44,000000</AUST>
    <BRNN>44,000000</BRNN>
    <COAC>44,000000</COAC>
    <CORS>44,000000</CORS>
    <FOGN>44,000000</FOGN>
    <FRAN>44,000000</FRAN>
    <GREC>44,000000</GREC>
    <MFTV>44,000000</MFTV>
    <PRGP>73,620000</PRGP>
    <ROSN>44,000000</ROSN>
    <SLOV>44,000000</SLOV>
    <SVIZ>44,000000</SVIZ>
    <BSP>44,000000</BSP>
    <MALT>73,620000</MALT>
    <XAUS>44,000000</XAUS>
    <XFRA>44,000000</XFRA>
  </Prezzi>
  <Prezzi>
    <Data>20160918</Data>
    <Mercato>MGP</Mercato>
    <Ora>22</Ora>
    <PUN>42,735260</PUN>
    <NAT>42,000000</NAT>
    <CNOR>41,000000</CNOR>
    <CSUD>41,000000</CSUD>
    <NORD>41,000000</NORD>
    <SARD>41,000000</SARD>
    <SICI>66,340000</SICI>
    <SUD>41,000000</SUD>
    <AUST>41,000000</AUST>
    <BRNN>41,000000</BRNN>
    <COAC>41,000000</COAC>
    <CORS>41,000000</CORS>
    <FOGN>41,000000</FOGN>
    <FRAN>41,000000</FRAN>
    <GREC>41,000000</GREC>
    <MFTV>41,000000</MFTV>
    <PRGP>66,340000</PRGP>
    <ROSN>41,000000</ROSN>
    <SLOV>41,000000</SLOV>
    <SVIZ>41,000000</SVIZ>
    <BSP>41,000000</BSP>
    <MALT>66,340000</MALT>
    <XAUS>41,000000</XAUS>
    <XFRA>41,000000</XFRA>
  </Prezzi>
  <Prezzi>
    <Data>20160918</Data>
    <Mercato>MGP</Mercato>
    <Ora>23</Ora>
    <PUN>41,657030</PUN>
    <NAT>41,000000</NAT>
    <CNOR>41,000000</CNOR>
    <CSUD>41,000000</CSUD>
    <NORD>41,000000</NORD>
    <SARD>41,000000</SARD>
    <SICI>50,690000</SICI>
    <SUD>41,000000</SUD>
    <AUST>41,000000</AUST>
    <BRNN>41,000000</BRNN>
    <COAC>41,000000</COAC>
    <CORS>41,000000</CORS>
    <FOGN>41,000000</FOGN>
    <FRAN>41,000000</FRAN>
    <GREC>41,000000</GREC>
    <MFTV>41,000000</MFTV>
    <PRGP>50,690000</PRGP>
    <ROSN>41,000000</ROSN>
    <SLOV>41,000000</SLOV>
    <SVIZ>41,000000</SVIZ>
    <BSP>41,000000</BSP>
    <MALT>50,690000</MALT>
    <XAUS>41,000000</XAUS>
    <XFRA>41,000000</XFRA>
  </Prezzi>
  <Prezzi>
    <Data>20160918</Data>
    <Mercato>MGP</Mercato>
    <Ora>24</Ora>
    <PUN>34,932180</PUN>
    <NAT>34,660000</NAT>
    <CNOR>34,300000</CNOR>
    <CSUD>34,300000</CSUD>
    <NORD>34,300000</NORD>
    <SARD>34,300000</SARD>
    <SICI>43,620000</SICI>
    <SUD>34,300000</SUD>
    <AUST>34,300000</AUST>
    <BRNN>34,300000</BRNN>
    <COAC>34,300000</COAC>
    <CORS>34,300000</CORS>
    <FOGN>34,300000</FOGN>
    <FRAN>34,300000</FRAN>
    <GREC>34,300000</GREC>
    <MFTV>34,300000</MFTV>
    <PRGP>43,620000</PRGP>
    <ROSN>34,300000</ROSN>
    <SLOV>34,300000</SLOV>
    <SVIZ>34,300000</SVIZ>
    <BSP>34,300000</BSP>
    <MALT>43,620000</MALT>
    <XAUS>34,300000</XAUS>
    <XFRA>34,300000</XFRA>
  </Prezzi>
</NewDataSet>