<?xml version="1.0" standalone="yes"?>
<NewDataSet>
  <xs:schema id="NewDataSet" xmlns="" xmlns:xs="http://www.w3.org/2001/XMLSchema" xmlns:msdata="urn:schemas-microsoft-com:xml-msdata">
    <xs:element name="NewDataSet" msdata:IsDataSet="true" msdata:UseCurrentLocale="true">
      <xs:complexType>
        <xs:choice minOccurs="0" maxOccurs="unbounded">
          <xs:element name="Prezzi">
            <xs:complexType>
              <xs:sequence>
                <xs:element name="Data" type="xs:string" minOccurs="0" />
                <xs:element name="Mercato" type="xs:string" minOccurs="0" />
                <xs:element name="Ora" type="xs:string" minOccurs="0" />
                <xs:element name="PUN" type="xs:string" minOccurs="0" />
                <xs:element name="NAT" type="xs:string" minOccurs="0" />
                <xs:element name="CNOR" type="xs:string" minOccurs="0" />
                <xs:element name="CSUD" type="xs:string" minOccurs="0" />
                <xs:element name="NORD" type="xs:string" minOccurs="0" />
                <xs:element name="SARD" type="xs:string" minOccurs="0" />
                <xs:element name="SICI" type="xs:string" minOccurs="0" />
                <xs:element name="SUD" type="xs:string" minOccurs="0" />
                <xs:element name="AUST" type="xs:string" minOccurs="0" />
                <xs:element name="BRNN" type="xs:string" minOccurs="0" />
                <xs:element name="COAC" type="xs:string" minOccurs="0" />
                <xs:element name="CORS" type="xs:string" minOccurs="0" />
                <xs:element name="FOGN" type="xs:string" minOccurs="0" />
                <xs:element name="FRAN" type="xs:string" minOccurs="0" />
                <xs:element name="GREC" type="xs:string" minOccurs="0" />
                <xs:element name="MFTV" type="xs:string" minOccurs="0" />
                <xs:element name="PRGP" type="xs:string" minOccurs="0" />
                <xs:element name="ROSN" type="xs:string" minOccurs="0" />
                <xs:element name="SLOV" type="xs:string" minOccurs="0" />
                <xs:element name="SVIZ" type="xs:string" minOccurs="0" />
                <xs:element name="BSP" type="xs:string" minOccurs="0" />
                <xs:element name="MALT" type="xs:string" minOccurs="0" />
                <xs:element name="XAUS" type="xs:string" minOccurs="0" />
                <xs:element name="XFRA" type="xs:string" minOccurs="0" />
              </xs:sequence>
            </xs:complexType>
          </xs:element>
        </xs:choice>
      </xs:complexType>
    </xs:element>
  </xs:schema>
  <Prezzi>
    <Data>20160923</Data>
    <Mercato>MGP</Mercato>
    <Ora>1</Ora>
    <PUN>41,000000</PUN>
    <NAT>41,000000</NAT>
    <CNOR>41,000000</CNOR>
    <CSUD>41,000000</CSUD>
    <NORD>41,000000</NORD>
    <SARD>41,000000</SARD>
    <SICI>41,000000</SICI>
    <SUD>41,000000</SUD>
    <AUST>41,000000</AUST>
    <BRNN>41,000000</BRNN>
    <COAC>41,000000</COAC>
    <CORS>41,000000</CORS>
    <FOGN>41,000000</FOGN>
    <FRAN>41,000000</FRAN>
    <GREC>41,000000</GREC>
    <MFTV>41,000000</MFTV>
    <PRGP>41,000000</PRGP>
    <ROSN>41,000000</ROSN>
    <SLOV>41,000000</SLOV>
    <SVIZ>41,000000</SVIZ>
    <BSP>41,000000</BSP>
    <MALT>41,000000</MALT>
    <XAUS>41,000000</XAUS>
    <XFRA>41,000000</XFRA>
  </Prezzi>
  <Prezzi>
    <Data>20160923</Data>
    <Mercato>MGP</Mercato>
    <Ora>2</Ora>
    <PUN>35,400000</PUN>
    <NAT>35,400000</NAT>
    <CNOR>35,400000</CNOR>
    <CSUD>35,400000</CSUD>
    <NORD>35,400000</NORD>
    <SARD>35,400000</SARD>
    <SICI>35,400000</SICI>
    <SUD>35,400000</SUD>
    <AUST>35,400000</AUST>
    <BRNN>35,400000</BRNN>
    <COAC>35,400000</COAC>
    <CORS>35,400000</CORS>
    <FOGN>35,400000</FOGN>
    <FRAN>35,400000</FRAN>
    <GREC>35,400000</GREC>
    <MFTV>35,400000</MFTV>
    <PRGP>35,400000</PRGP>
    <ROSN>35,400000</ROSN>
    <SLOV>35,400000</SLOV>
    <SVIZ>35,400000</SVIZ>
    <BSP>35,400000</BSP>
    <MALT>35,400000</MALT>
    <XAUS>35,400000</XAUS>
    <XFRA>35,400000</XFRA>
  </Prezzi>
  <Prezzi>
    <Data>20160923</Data>
    <Mercato>MGP</Mercato>
    <Ora>3</Ora>
    <PUN>33,990000</PUN>
    <NAT>33,990000</NAT>
    <CNOR>33,990000</CNOR>
    <CSUD>33,990000</CSUD>
    <NORD>33,990000</NORD>
    <SARD>33,990000</SARD>
    <SICI>33,990000</SICI>
    <SUD>33,990000</SUD>
    <AUST>33,990000</AUST>
    <BRNN>33,990000</BRNN>
    <COAC>33,990000</COAC>
    <CORS>33,990000</CORS>
    <FOGN>33,990000</FOGN>
    <FRAN>33,990000</FRAN>
    <GREC>33,990000</GREC>
    <MFTV>33,990000</MFTV>
    <PRGP>33,990000</PRGP>
    <ROSN>33,990000</ROSN>
    <SLOV>33,990000</SLOV>
    <SVIZ>33,990000</SVIZ>
    <BSP>33,990000</BSP>
    <MALT>33,990000</MALT>
    <XAUS>33,990000</XAUS>
    <XFRA>33,990000</XFRA>
  </Prezzi>
  <Prezzi>
    <Data>20160923</Data>
    <Mercato>MGP</Mercato>
    <Ora>4</Ora>
    <PUN>33,550000</PUN>
    <NAT>33,550000</NAT>
    <CNOR>33,550000</CNOR>
    <CSUD>33,550000</CSUD>
    <NORD>33,550000</NORD>
    <SARD>33,550000</SARD>
    <SICI>33,550000</SICI>
    <SUD>33,550000</SUD>
    <AUST>33,550000</AUST>
    <BRNN>33,550000</BRNN>
    <COAC>33,550000</COAC>
    <CORS>33,550000</CORS>
    <FOGN>33,550000</FOGN>
    <FRAN>33,550000</FRAN>
    <GREC>33,550000</GREC>
    <MFTV>33,550000</MFTV>
    <PRGP>33,550000</PRGP>
    <ROSN>33,550000</ROSN>
    <SLOV>33,550000</SLOV>
    <SVIZ>33,550000</SVIZ>
    <BSP>33,550000</BSP>
    <MALT>33,550000</MALT>
    <XAUS>33,550000</XAUS>
    <XFRA>33,550000</XFRA>
  </Prezzi>
  <Prezzi>
    <Data>20160923</Data>
    <Mercato>MGP</Mercato>
    <Ora>5</Ora>
    <PUN>33,650000</PUN>
    <NAT>33,650000</NAT>
    <CNOR>33,650000</CNOR>
    <CSUD>33,650000</CSUD>
    <NORD>33,650000</NORD>
    <SARD>33,650000</SARD>
    <SICI>33,650000</SICI>
    <SUD>33,650000</SUD>
    <AUST>33,650000</AUST>
    <BRNN>33,650000</BRNN>
    <COAC>33,650000</COAC>
    <CORS>33,650000</CORS>
    <FOGN>33,650000</FOGN>
    <FRAN>33,650000</FRAN>
    <GREC>33,650000</GREC>
    <MFTV>33,650000</MFTV>
    <PRGP>33,650000</PRGP>
    <ROSN>33,650000</ROSN>
    <SLOV>33,650000</SLOV>
    <SVIZ>33,650000</SVIZ>
    <BSP>33,650000</BSP>
    <MALT>33,650000</MALT>
    <XAUS>33,650000</XAUS>
    <XFRA>33,650000</XFRA>
  </Prezzi>
  <Prezzi>
    <Data>20160923</Data>
    <Mercato>MGP</Mercato>
    <Ora>6</Ora>
    <PUN>36,020000</PUN>
    <NAT>36,020000</NAT>
    <CNOR>36,020000</CNOR>
    <CSUD>36,020000</CSUD>
    <NORD>36,020000</NORD>
    <SARD>36,020000</SARD>
    <SICI>36,020000</SICI>
    <SUD>36,020000</SUD>
    <AUST>36,020000</AUST>
    <BRNN>36,020000</BRNN>
    <COAC>36,020000</COAC>
    <CORS>36,020000</CORS>
    <FOGN>36,020000</FOGN>
    <FRAN>36,020000</FRAN>
    <GREC>36,020000</GREC>
    <MFTV>36,020000</MFTV>
    <PRGP>36,020000</PRGP>
    <ROSN>36,020000</ROSN>
    <SLOV>36,020000</SLOV>
    <SVIZ>36,020000</SVIZ>
    <BSP>36,020000</BSP>
    <MALT>36,020000</MALT>
    <XAUS>36,020000</XAUS>
    <XFRA>36,020000</XFRA>
  </Prezzi>
  <Prezzi>
    <Data>20160923</Data>
    <Mercato>MGP</Mercato>
    <Ora>7</Ora>
    <PUN>43,000000</PUN>
    <NAT>43,000000</NAT>
    <CNOR>43,000000</CNOR>
    <CSUD>43,000000</CSUD>
    <NORD>43,000000</NORD>
    <SARD>43,000000</SARD>
    <SICI>43,000000</SICI>
    <SUD>43,000000</SUD>
    <AUST>43,000000</AUST>
    <BRNN>43,000000</BRNN>
    <COAC>43,000000</COAC>
    <CORS>43,000000</CORS>
    <FOGN>43,000000</FOGN>
    <FRAN>43,000000</FRAN>
    <GREC>43,000000</GREC>
    <MFTV>43,000000</MFTV>
    <PRGP>43,000000</PRGP>
    <ROSN>43,000000</ROSN>
    <SLOV>43,000000</SLOV>
    <SVIZ>43,000000</SVIZ>
    <BSP>43,000000</BSP>
    <MALT>43,000000</MALT>
    <XAUS>43,000000</XAUS>
    <XFRA>43,000000</XFRA>
  </Prezzi>
  <Prezzi>
    <Data>20160923</Data>
    <Mercato>MGP</Mercato>
    <Ora>8</Ora>
    <PUN>49,000000</PUN>
    <NAT>49,000000</NAT>
    <CNOR>49,000000</CNOR>
    <CSUD>49,000000</CSUD>
    <NORD>49,000000</NORD>
    <SARD>49,000000</SARD>
    <SICI>49,000000</SICI>
    <SUD>49,000000</SUD>
    <AUST>49,000000</AUST>
    <BRNN>49,000000</BRNN>
    <COAC>49,000000</COAC>
    <CORS>49,000000</CORS>
    <FOGN>49,000000</FOGN>
    <FRAN>49,000000</FRAN>
    <GREC>49,000000</GREC>
    <MFTV>49,000000</MFTV>
    <PRGP>49,000000</PRGP>
    <ROSN>49,000000</ROSN>
    <SLOV>49,000000</SLOV>
    <SVIZ>49,000000</SVIZ>
    <BSP>49,000000</BSP>
    <MALT>49,000000</MALT>
    <XAUS>49,000000</XAUS>
    <XFRA>49,000000</XFRA>
  </Prezzi>
  <Prezzi>
    <Data>20160923</Data>
    <Mercato>MGP</Mercato>
    <Ora>9</Ora>
    <PUN>53,414130</PUN>
    <NAT>45,100000</NAT>
    <CNOR>55,000000</CNOR>
    <CSUD>55,000000</CSUD>
    <NORD>55,000000</NORD>
    <SARD>55,000000</SARD>
    <SICI>42,000000</SICI>
    <SUD>42,000000</SUD>
    <AUST>55,000000</AUST>
    <BRNN>42,000000</BRNN>
    <COAC>55,000000</COAC>
    <CORS>55,000000</CORS>
    <FOGN>42,000000</FOGN>
    <FRAN>55,000000</FRAN>
    <GREC>42,000000</GREC>
    <MFTV>55,000000</MFTV>
    <PRGP>42,000000</PRGP>
    <ROSN>42,000000</ROSN>
    <SLOV>55,000000</SLOV>
    <SVIZ>55,000000</SVIZ>
    <BSP>55,000000</BSP>
    <MALT>42,000000</MALT>
    <XAUS>55,000000</XAUS>
    <XFRA>55,000000</XFRA>
  </Prezzi>
  <Prezzi>
    <Data>20160923</Data>
    <Mercato>MGP</Mercato>
    <Ora>10</Ora>
    <PUN>49,895420</PUN>
    <NAT>44,000000</NAT>
    <CNOR>51,000000</CNOR>
    <CSUD>51,000000</CSUD>
    <NORD>51,000000</NORD>
    <SARD>51,000000</SARD>
    <SICI>41,900000</SICI>
    <SUD>41,900000</SUD>
    <AUST>51,000000</AUST>
    <BRNN>41,900000</BRNN>
    <COAC>51,000000</COAC>
    <CORS>51,000000</CORS>
    <FOGN>41,900000</FOGN>
    <FRAN>51,000000</FRAN>
    <GREC>41,900000</GREC>
    <MFTV>51,000000</MFTV>
    <PRGP>41,900000</PRGP>
    <ROSN>41,900000</ROSN>
    <SLOV>51,000000</SLOV>
    <SVIZ>51,000000</SVIZ>
    <BSP>51,000000</BSP>
    <MALT>41,900000</MALT>
    <XAUS>51,000000</XAUS>
    <XFRA>51,000000</XFRA>
  </Prezzi>
  <Prezzi>
    <Data>20160923</Data>
    <Mercato>MGP</Mercato>
    <Ora>11</Ora>
    <PUN>48,934730</PUN>
    <NAT>43,450000</NAT>
    <CNOR>50,020000</CNOR>
    <CSUD>50,020000</CSUD>
    <NORD>50,020000</NORD>
    <SARD>50,020000</SARD>
    <SICI>41,000000</SICI>
    <SUD>41,000000</SUD>
    <AUST>50,020000</AUST>
    <BRNN>41,000000</BRNN>
    <COAC>50,020000</COAC>
    <CORS>50,020000</CORS>
    <FOGN>41,000000</FOGN>
    <FRAN>50,020000</FRAN>
    <GREC>41,000000</GREC>
    <MFTV>50,020000</MFTV>
    <PRGP>41,000000</PRGP>
    <ROSN>41,000000</ROSN>
    <SLOV>50,020000</SLOV>
    <SVIZ>50,020000</SVIZ>
    <BSP>50,020000</BSP>
    <MALT>41,000000</MALT>
    <XAUS>50,020000</XAUS>
    <XFRA>50,020000</XFRA>
  </Prezzi>
  <Prezzi>
    <Data>20160923</Data>
    <Mercato>MGP</Mercato>
    <Ora>12</Ora>
    <PUN>46,848130</PUN>
    <NAT>43,000000</NAT>
    <CNOR>47,800000</CNOR>
    <CSUD>47,800000</CSUD>
    <NORD>47,800000</NORD>
    <SARD>47,800000</SARD>
    <SICI>40,000000</SICI>
    <SUD>40,000000</SUD>
    <AUST>47,800000</AUST>
    <BRNN>40,000000</BRNN>
    <COAC>47,800000</COAC>
    <CORS>47,800000</CORS>
    <FOGN>40,000000</FOGN>
    <FRAN>47,800000</FRAN>
    <GREC>40,000000</GREC>
    <MFTV>47,800000</MFTV>
    <PRGP>40,000000</PRGP>
    <ROSN>40,000000</ROSN>
    <SLOV>47,800000</SLOV>
    <SVIZ>47,800000</SVIZ>
    <BSP>47,800000</BSP>
    <MALT>40,000000</MALT>
    <XAUS>47,800000</XAUS>
    <XFRA>47,800000</XFRA>
  </Prezzi>
  <Prezzi>
    <Data>20160923</Data>
    <Mercato>MGP</Mercato>
    <Ora>13</Ora>
    <PUN>44,357780</PUN>
    <NAT>42,000000</NAT>
    <CNOR>45,000000</CNOR>
    <CSUD>45,000000</CSUD>
    <NORD>45,000000</NORD>
    <SARD>45,000000</SARD>
    <SICI>40,000000</SICI>
    <SUD>40,000000</SUD>
    <AUST>45,000000</AUST>
    <BRNN>40,000000</BRNN>
    <COAC>45,000000</COAC>
    <CORS>45,000000</CORS>
    <FOGN>40,000000</FOGN>
    <FRAN>45,000000</FRAN>
    <GREC>40,000000</GREC>
    <MFTV>45,000000</MFTV>
    <PRGP>40,000000</PRGP>
    <ROSN>40,000000</ROSN>
    <SLOV>45,000000</SLOV>
    <SVIZ>45,000000</SVIZ>
    <BSP>45,000000</BSP>
    <MALT>40,000000</MALT>
    <XAUS>45,000000</XAUS>
    <XFRA>45,000000</XFRA>
  </Prezzi>
  <Prezzi>
    <Data>20160923</Data>
    <Mercato>MGP</Mercato>
    <Ora>14</Ora>
    <PUN>43,449110</PUN>
    <NAT>41,990000</NAT>
    <CNOR>43,942090</CNOR>
    <CSUD>43,942090</CSUD>
    <NORD>43,942090</NORD>
    <SARD>43,942090</SARD>
    <SICI>40,000000</SICI>
    <SUD>40,000000</SUD>
    <AUST>43,942090</AUST>
    <BRNN>40,000000</BRNN>
    <COAC>43,942090</COAC>
    <CORS>43,942090</CORS>
    <FOGN>40,000000</FOGN>
    <FRAN>43,942090</FRAN>
    <GREC>40,000000</GREC>
    <MFTV>43,942090</MFTV>
    <PRGP>40,000000</PRGP>
    <ROSN>40,000000</ROSN>
    <SLOV>43,942090</SLOV>
    <SVIZ>43,942090</SVIZ>
    <BSP>43,942090</BSP>
    <MALT>40,000000</MALT>
    <XAUS>43,942090</XAUS>
    <XFRA>43,942090</XFRA>
  </Prezzi>
  <Prezzi>
    <Data>20160923</Data>
    <Mercato>MGP</Mercato>
    <Ora>15</Ora>
    <PUN>43,414930</PUN>
    <NAT>42,000000</NAT>
    <CNOR>43,740000</CNOR>
    <CSUD>43,740000</CSUD>
    <NORD>43,740000</NORD>
    <SARD>43,740000</SARD>
    <SICI>41,000000</SICI>
    <SUD>41,000000</SUD>
    <AUST>43,740000</AUST>
    <BRNN>41,000000</BRNN>
    <COAC>43,740000</COAC>
    <CORS>43,740000</CORS>
    <FOGN>41,000000</FOGN>
    <FRAN>43,740000</FRAN>
    <GREC>41,000000</GREC>
    <MFTV>43,740000</MFTV>
    <PRGP>41,000000</PRGP>
    <ROSN>41,000000</ROSN>
    <SLOV>43,740000</SLOV>
    <SVIZ>43,740000</SVIZ>
    <BSP>43,740000</BSP>
    <MALT>41,000000</MALT>
    <XAUS>43,740000</XAUS>
    <XFRA>43,740000</XFRA>
  </Prezzi>
  <Prezzi>
    <Data>20160923</Data>
    <Mercato>MGP</Mercato>
    <Ora>16</Ora>
    <PUN>44,519270</PUN>
    <NAT>43,000000</NAT>
    <CNOR>45,000000</CNOR>
    <CSUD>45,000000</CSUD>
    <NORD>45,000000</NORD>
    <SARD>45,000000</SARD>
    <SICI>41,000000</SICI>
    <SUD>41,000000</SUD>
    <AUST>45,000000</AUST>
    <BRNN>41,000000</BRNN>
    <COAC>45,000000</COAC>
    <CORS>45,000000</CORS>
    <FOGN>41,000000</FOGN>
    <FRAN>45,000000</FRAN>
    <GREC>41,000000</GREC>
    <MFTV>45,000000</MFTV>
    <PRGP>41,000000</PRGP>
    <ROSN>41,000000</ROSN>
    <SLOV>45,000000</SLOV>
    <SVIZ>45,000000</SVIZ>
    <BSP>45,000000</BSP>
    <MALT>41,000000</MALT>
    <XAUS>45,000000</XAUS>
    <XFRA>45,000000</XFRA>
  </Prezzi>
  <Prezzi>
    <Data>20160923</Data>
    <Mercato>MGP</Mercato>
    <Ora>17</Ora>
    <PUN>44,000000</PUN>
    <NAT>44,000000</NAT>
    <CNOR>44,000000</CNOR>
    <CSUD>44,000000</CSUD>
    <NORD>44,000000</NORD>
    <SARD>44,000000</SARD>
    <SICI>44,000000</SICI>
    <SUD>44,000000</SUD>
    <AUST>44,000000</AUST>
    <BRNN>44,000000</BRNN>
    <COAC>44,000000</COAC>
    <CORS>44,000000</CORS>
    <FOGN>44,000000</FOGN>
    <FRAN>44,000000</FRAN>
    <GREC>44,000000</GREC>
    <MFTV>44,000000</MFTV>
    <PRGP>44,000000</PRGP>
    <ROSN>44,000000</ROSN>
    <SLOV>44,000000</SLOV>
    <SVIZ>44,000000</SVIZ>
    <BSP>44,000000</BSP>
    <MALT>44,000000</MALT>
    <XAUS>44,000000</XAUS>
    <XFRA>44,000000</XFRA>
  </Prezzi>
  <Prezzi>
    <Data>20160923</Data>
    <Mercato>MGP</Mercato>
    <Ora>18</Ora>
    <PUN>45,000000</PUN>
    <NAT>45,000000</NAT>
    <CNOR>45,000000</CNOR>
    <CSUD>45,000000</CSUD>
    <NORD>45,000000</NORD>
    <SARD>45,000000</SARD>
    <SICI>45,000000</SICI>
    <SUD>45,000000</SUD>
    <AUST>45,000000</AUST>
    <BRNN>45,000000</BRNN>
    <COAC>45,000000</COAC>
    <CORS>45,000000</CORS>
    <FOGN>45,000000</FOGN>
    <FRAN>45,000000</FRAN>
    <GREC>45,000000</GREC>
    <MFTV>45,000000</MFTV>
    <PRGP>45,000000</PRGP>
    <ROSN>45,000000</ROSN>
    <SLOV>45,000000</SLOV>
    <SVIZ>45,000000</SVIZ>
    <BSP>45,000000</BSP>
    <MALT>45,000000</MALT>
    <XAUS>45,000000</XAUS>
    <XFRA>45,000000</XFRA>
  </Prezzi>
  <Prezzi>
    <Data>20160923</Data>
    <Mercato>MGP</Mercato>
    <Ora>19</Ora>
    <PUN>46,639150</PUN>
    <NAT>45,000000</NAT>
    <CNOR>45,000000</CNOR>
    <CSUD>45,000000</CSUD>
    <NORD>45,000000</NORD>
    <SARD>45,000000</SARD>
    <SICI>73,540000</SICI>
    <SUD>45,000000</SUD>
    <AUST>45,000000</AUST>
    <BRNN>45,000000</BRNN>
    <COAC>45,000000</COAC>
    <CORS>45,000000</CORS>
    <FOGN>45,000000</FOGN>
    <FRAN>45,000000</FRAN>
    <GREC>45,000000</GREC>
    <MFTV>45,000000</MFTV>
    <PRGP>73,540000</PRGP>
    <ROSN>45,000000</ROSN>
    <SLOV>45,000000</SLOV>
    <SVIZ>45,000000</SVIZ>
    <BSP>45,000000</BSP>
    <MALT>73,540000</MALT>
    <XAUS>45,000000</XAUS>
    <XFRA>45,000000</XFRA>
  </Prezzi>
  <Prezzi>
    <Data>20160923</Data>
    <Mercato>MGP</Mercato>
    <Ora>20</Ora>
    <PUN>73,640000</PUN>
    <NAT>73,640000</NAT>
    <CNOR>73,640000</CNOR>
    <CSUD>73,640000</CSUD>
    <NORD>73,640000</NORD>
    <SARD>73,640000</SARD>
    <SICI>73,640000</SICI>
    <SUD>73,640000</SUD>
    <AUST>73,640000</AUST>
    <BRNN>73,640000</BRNN>
    <COAC>73,640000</COAC>
    <CORS>73,640000</CORS>
    <FOGN>73,640000</FOGN>
    <FRAN>73,640000</FRAN>
    <GREC>73,640000</GREC>
    <MFTV>73,640000</MFTV>
    <PRGP>73,640000</PRGP>
    <ROSN>73,640000</ROSN>
    <SLOV>73,640000</SLOV>
    <SVIZ>73,640000</SVIZ>
    <BSP>73,640000</BSP>
    <MALT>73,640000</MALT>
    <XAUS>73,640000</XAUS>
    <XFRA>73,640000</XFRA>
  </Prezzi>
  <Prezzi>
    <Data>20160923</Data>
    <Mercato>MGP</Mercato>
    <Ora>21</Ora>
    <PUN>56,597830</PUN>
    <NAT>57,600000</NAT>
    <CNOR>55,500000</CNOR>
    <CSUD>55,500000</CSUD>
    <NORD>55,500000</NORD>
    <SARD>55,500000</SARD>
    <SICI>73,640000</SICI>
    <SUD>55,500000</SUD>
    <AUST>55,500000</AUST>
    <BRNN>55,500000</BRNN>
    <COAC>55,500000</COAC>
    <CORS>55,500000</CORS>
    <FOGN>55,500000</FOGN>
    <FRAN>55,500000</FRAN>
    <GREC>55,500000</GREC>
    <MFTV>55,500000</MFTV>
    <PRGP>73,640000</PRGP>
    <ROSN>55,500000</ROSN>
    <SLOV>55,500000</SLOV>
    <SVIZ>55,500000</SVIZ>
    <BSP>55,500000</BSP>
    <MALT>73,640000</MALT>
    <XAUS>55,500000</XAUS>
    <XFRA>55,500000</XFRA>
  </Prezzi>
  <Prezzi>
    <Data>20160923</Data>
    <Mercato>MGP</Mercato>
    <Ora>22</Ora>
    <PUN>46,232110</PUN>
    <NAT>46,000000</NAT>
    <CNOR>46,000000</CNOR>
    <CSUD>46,000000</CSUD>
    <NORD>46,000000</NORD>
    <SARD>46,000000</SARD>
    <SICI>49,860000</SICI>
    <SUD>46,000000</SUD>
    <AUST>46,000000</AUST>
    <BRNN>46,000000</BRNN>
    <COAC>46,000000</COAC>
    <CORS>46,000000</CORS>
    <FOGN>46,000000</FOGN>
    <FRAN>46,000000</FRAN>
    <GREC>46,000000</GREC>
    <MFTV>46,000000</MFTV>
    <PRGP>49,860000</PRGP>
    <ROSN>46,000000</ROSN>
    <SLOV>46,000000</SLOV>
    <SVIZ>46,000000</SVIZ>
    <BSP>46,000000</BSP>
    <MALT>49,860000</MALT>
    <XAUS>46,000000</XAUS>
    <XFRA>46,000000</XFRA>
  </Prezzi>
  <Prezzi>
    <Data>20160923</Data>
    <Mercato>MGP</Mercato>
    <Ora>23</Ora>
    <PUN>44,000000</PUN>
    <NAT>44,000000</NAT>
    <CNOR>44,000000</CNOR>
    <CSUD>44,000000</CSUD>
    <NORD>44,000000</NORD>
    <SARD>44,000000</SARD>
    <SICI>44,000000</SICI>
    <SUD>44,000000</SUD>
    <AUST>44,000000</AUST>
    <BRNN>44,000000</BRNN>
    <COAC>44,000000</COAC>
    <CORS>44,000000</CORS>
    <FOGN>44,000000</FOGN>
    <FRAN>44,000000</FRAN>
    <GREC>44,000000</GREC>
    <MFTV>44,000000</MFTV>
    <PRGP>44,000000</PRGP>
    <ROSN>44,000000</ROSN>
    <SLOV>44,000000</SLOV>
    <SVIZ>44,000000</SVIZ>
    <BSP>44,000000</BSP>
    <MALT>44,000000</MALT>
    <XAUS>44,000000</XAUS>
    <XFRA>44,000000</XFRA>
  </Prezzi>
  <Prezzi>
    <Data>20160923</Data>
    <Mercato>MGP</Mercato>
    <Ora>24</Ora>
    <PUN>42,405370</PUN>
    <NAT>42,390000</NAT>
    <CNOR>42,405370</CNOR>
    <CSUD>42,405370</CSUD>
    <NORD>42,405370</NORD>
    <SARD>42,405370</SARD>
    <SICI>42,405370</SICI>
    <SUD>42,405370</SUD>
    <AUST>42,405370</AUST>
    <BRNN>42,405370</BRNN>
    <COAC>42,405370</COAC>
    <CORS>42,405370</CORS>
    <FOGN>42,405370</FOGN>
    <FRAN>42,405370</FRAN>
    <GREC>42,405370</GREC>
    <MFTV>42,405370</MFTV>
    <PRGP>42,405370</PRGP>
    <ROSN>42,405370</ROSN>
    <SLOV>42,405370</SLOV>
    <SVIZ>42,405370</SVIZ>
    <BSP>42,405370</BSP>
    <MALT>42,405370</MALT>
    <XAUS>42,405370</XAUS>
    <XFRA>42,405370</XFRA>
  </Prezzi>
</NewDataSet>