<?xml version="1.0" standalone="yes"?>
<NewDataSet>
  <xs:schema id="NewDataSet" xmlns="" xmlns:xs="http://www.w3.org/2001/XMLSchema" xmlns:msdata="urn:schemas-microsoft-com:xml-msdata">
    <xs:element name="NewDataSet" msdata:IsDataSet="true" msdata:UseCurrentLocale="true">
      <xs:complexType>
        <xs:choice minOccurs="0" maxOccurs="unbounded">
          <xs:element name="Prezzi">
            <xs:complexType>
              <xs:sequence>
                <xs:element name="Data" type="xs:string" minOccurs="0" />
                <xs:element name="Mercato" type="xs:string" minOccurs="0" />
                <xs:element name="Ora" type="xs:string" minOccurs="0" />
                <xs:element name="PUN" type="xs:string" minOccurs="0" />
                <xs:element name="NAT" type="xs:string" minOccurs="0" />
                <xs:element name="CNOR" type="xs:string" minOccurs="0" />
                <xs:element name="CSUD" type="xs:string" minOccurs="0" />
                <xs:element name="NORD" type="xs:string" minOccurs="0" />
                <xs:element name="SARD" type="xs:string" minOccurs="0" />
                <xs:element name="SICI" type="xs:string" minOccurs="0" />
                <xs:element name="SUD" type="xs:string" minOccurs="0" />
                <xs:element name="AUST" type="xs:string" minOccurs="0" />
                <xs:element name="BRNN" type="xs:string" minOccurs="0" />
                <xs:element name="COAC" type="xs:string" minOccurs="0" />
                <xs:element name="CORS" type="xs:string" minOccurs="0" />
                <xs:element name="FOGN" type="xs:string" minOccurs="0" />
                <xs:element name="FRAN" type="xs:string" minOccurs="0" />
                <xs:element name="GREC" type="xs:string" minOccurs="0" />
                <xs:element name="MFTV" type="xs:string" minOccurs="0" />
                <xs:element name="PRGP" type="xs:string" minOccurs="0" />
                <xs:element name="ROSN" type="xs:string" minOccurs="0" />
                <xs:element name="SLOV" type="xs:string" minOccurs="0" />
                <xs:element name="SVIZ" type="xs:string" minOccurs="0" />
                <xs:element name="BSP" type="xs:string" minOccurs="0" />
                <xs:element name="MALT" type="xs:string" minOccurs="0" />
                <xs:element name="XAUS" type="xs:string" minOccurs="0" />
                <xs:element name="XFRA" type="xs:string" minOccurs="0" />
              </xs:sequence>
            </xs:complexType>
          </xs:element>
        </xs:choice>
      </xs:complexType>
    </xs:element>
  </xs:schema>
  <Prezzi>
    <Data>20160908</Data>
    <Mercato>MGP</Mercato>
    <Ora>1</Ora>
    <PUN>38,310270</PUN>
    <NAT>38,340000</NAT>
    <CNOR>37,300000</CNOR>
    <CSUD>37,300000</CSUD>
    <NORD>37,300000</NORD>
    <SARD>37,300000</SARD>
    <SICI>54,140000</SICI>
    <SUD>37,300000</SUD>
    <AUST>37,300000</AUST>
    <BRNN>37,300000</BRNN>
    <COAC>37,300000</COAC>
    <CORS>37,300000</CORS>
    <FOGN>37,300000</FOGN>
    <FRAN>37,300000</FRAN>
    <GREC>37,300000</GREC>
    <MFTV>37,300000</MFTV>
    <PRGP>54,140000</PRGP>
    <ROSN>37,300000</ROSN>
    <SLOV>37,300000</SLOV>
    <SVIZ>37,300000</SVIZ>
    <BSP>37,300000</BSP>
    <MALT>54,140000</MALT>
    <XAUS>37,300000</XAUS>
    <XFRA>37,300000</XFRA>
  </Prezzi>
  <Prezzi>
    <Data>20160908</Data>
    <Mercato>MGP</Mercato>
    <Ora>2</Ora>
    <PUN>36,134600</PUN>
    <NAT>37,300000</NAT>
    <CNOR>35,050000</CNOR>
    <CSUD>35,050000</CSUD>
    <NORD>35,050000</NORD>
    <SARD>35,050000</SARD>
    <SICI>53,620000</SICI>
    <SUD>35,050000</SUD>
    <AUST>35,050000</AUST>
    <BRNN>35,050000</BRNN>
    <COAC>35,050000</COAC>
    <CORS>35,050000</CORS>
    <FOGN>35,050000</FOGN>
    <FRAN>35,050000</FRAN>
    <GREC>35,050000</GREC>
    <MFTV>35,050000</MFTV>
    <PRGP>53,620000</PRGP>
    <ROSN>35,050000</ROSN>
    <SLOV>35,050000</SLOV>
    <SVIZ>35,050000</SVIZ>
    <BSP>35,050000</BSP>
    <MALT>53,620000</MALT>
    <XAUS>35,050000</XAUS>
    <XFRA>35,050000</XFRA>
  </Prezzi>
  <Prezzi>
    <Data>20160908</Data>
    <Mercato>MGP</Mercato>
    <Ora>3</Ora>
    <PUN>36,088940</PUN>
    <NAT>35,050000</NAT>
    <CNOR>35,030000</CNOR>
    <CSUD>35,030000</CSUD>
    <NORD>35,030000</NORD>
    <SARD>35,030000</SARD>
    <SICI>53,620000</SICI>
    <SUD>35,030000</SUD>
    <AUST>35,030000</AUST>
    <BRNN>35,030000</BRNN>
    <COAC>35,030000</COAC>
    <CORS>35,030000</CORS>
    <FOGN>35,030000</FOGN>
    <FRAN>35,030000</FRAN>
    <GREC>35,030000</GREC>
    <MFTV>35,030000</MFTV>
    <PRGP>53,620000</PRGP>
    <ROSN>35,030000</ROSN>
    <SLOV>35,030000</SLOV>
    <SVIZ>35,030000</SVIZ>
    <BSP>35,030000</BSP>
    <MALT>53,620000</MALT>
    <XAUS>35,030000</XAUS>
    <XFRA>35,030000</XFRA>
  </Prezzi>
  <Prezzi>
    <Data>20160908</Data>
    <Mercato>MGP</Mercato>
    <Ora>4</Ora>
    <PUN>36,040160</PUN>
    <NAT>35,050000</NAT>
    <CNOR>35,000000</CNOR>
    <CSUD>35,000000</CSUD>
    <NORD>35,000000</NORD>
    <SARD>35,000000</SARD>
    <SICI>53,520000</SICI>
    <SUD>35,000000</SUD>
    <AUST>35,000000</AUST>
    <BRNN>35,000000</BRNN>
    <COAC>35,000000</COAC>
    <CORS>35,000000</CORS>
    <FOGN>35,000000</FOGN>
    <FRAN>35,000000</FRAN>
    <GREC>35,000000</GREC>
    <MFTV>35,000000</MFTV>
    <PRGP>53,520000</PRGP>
    <ROSN>35,000000</ROSN>
    <SLOV>35,000000</SLOV>
    <SVIZ>35,000000</SVIZ>
    <BSP>35,000000</BSP>
    <MALT>53,520000</MALT>
    <XAUS>35,000000</XAUS>
    <XFRA>35,000000</XFRA>
  </Prezzi>
  <Prezzi>
    <Data>20160908</Data>
    <Mercato>MGP</Mercato>
    <Ora>5</Ora>
    <PUN>36,037910</PUN>
    <NAT>35,910000</NAT>
    <CNOR>35,010000</CNOR>
    <CSUD>35,010000</CSUD>
    <NORD>35,010000</NORD>
    <SARD>35,010000</SARD>
    <SICI>53,520000</SICI>
    <SUD>35,010000</SUD>
    <AUST>35,010000</AUST>
    <BRNN>35,010000</BRNN>
    <COAC>35,010000</COAC>
    <CORS>35,010000</CORS>
    <FOGN>35,010000</FOGN>
    <FRAN>35,010000</FRAN>
    <GREC>35,010000</GREC>
    <MFTV>35,010000</MFTV>
    <PRGP>53,520000</PRGP>
    <ROSN>35,010000</ROSN>
    <SLOV>35,010000</SLOV>
    <SVIZ>35,010000</SVIZ>
    <BSP>35,010000</BSP>
    <MALT>53,520000</MALT>
    <XAUS>35,010000</XAUS>
    <XFRA>35,010000</XFRA>
  </Prezzi>
  <Prezzi>
    <Data>20160908</Data>
    <Mercato>MGP</Mercato>
    <Ora>6</Ora>
    <PUN>36,895970</PUN>
    <NAT>38,000000</NAT>
    <CNOR>35,910000</CNOR>
    <CSUD>35,910000</CSUD>
    <NORD>35,910000</NORD>
    <SARD>35,910000</SARD>
    <SICI>53,620000</SICI>
    <SUD>35,910000</SUD>
    <AUST>35,910000</AUST>
    <BRNN>35,910000</BRNN>
    <COAC>35,910000</COAC>
    <CORS>35,910000</CORS>
    <FOGN>35,910000</FOGN>
    <FRAN>35,910000</FRAN>
    <GREC>35,910000</GREC>
    <MFTV>35,910000</MFTV>
    <PRGP>53,620000</PRGP>
    <ROSN>35,910000</ROSN>
    <SLOV>35,910000</SLOV>
    <SVIZ>35,910000</SVIZ>
    <BSP>35,910000</BSP>
    <MALT>53,620000</MALT>
    <XAUS>35,910000</XAUS>
    <XFRA>35,910000</XFRA>
  </Prezzi>
  <Prezzi>
    <Data>20160908</Data>
    <Mercato>MGP</Mercato>
    <Ora>7</Ora>
    <PUN>41,291710</PUN>
    <NAT>41,000000</NAT>
    <CNOR>40,590000</CNOR>
    <CSUD>40,590000</CSUD>
    <NORD>40,590000</NORD>
    <SARD>40,590000</SARD>
    <SICI>53,620000</SICI>
    <SUD>40,590000</SUD>
    <AUST>40,590000</AUST>
    <BRNN>40,590000</BRNN>
    <COAC>40,590000</COAC>
    <CORS>40,590000</CORS>
    <FOGN>40,590000</FOGN>
    <FRAN>40,590000</FRAN>
    <GREC>40,590000</GREC>
    <MFTV>40,590000</MFTV>
    <PRGP>53,620000</PRGP>
    <ROSN>40,590000</ROSN>
    <SLOV>40,590000</SLOV>
    <SVIZ>40,590000</SVIZ>
    <BSP>40,590000</BSP>
    <MALT>53,620000</MALT>
    <XAUS>40,590000</XAUS>
    <XFRA>40,590000</XFRA>
  </Prezzi>
  <Prezzi>
    <Data>20160908</Data>
    <Mercato>MGP</Mercato>
    <Ora>8</Ora>
    <PUN>50,150890</PUN>
    <NAT>43,520000</NAT>
    <CNOR>49,830000</CNOR>
    <CSUD>49,830000</CSUD>
    <NORD>49,830000</NORD>
    <SARD>49,830000</SARD>
    <SICI>68,140000</SICI>
    <SUD>41,000000</SUD>
    <AUST>49,830000</AUST>
    <BRNN>41,000000</BRNN>
    <COAC>49,830000</COAC>
    <CORS>49,830000</CORS>
    <FOGN>41,000000</FOGN>
    <FRAN>49,830000</FRAN>
    <GREC>41,000000</GREC>
    <MFTV>49,830000</MFTV>
    <PRGP>68,140000</PRGP>
    <ROSN>41,000000</ROSN>
    <SLOV>49,830000</SLOV>
    <SVIZ>49,830000</SVIZ>
    <BSP>49,830000</BSP>
    <MALT>68,140000</MALT>
    <XAUS>49,830000</XAUS>
    <XFRA>49,830000</XFRA>
  </Prezzi>
  <Prezzi>
    <Data>20160908</Data>
    <Mercato>MGP</Mercato>
    <Ora>9</Ora>
    <PUN>63,516260</PUN>
    <NAT>57,210000</NAT>
    <CNOR>65,080000</CNOR>
    <CSUD>65,080000</CSUD>
    <NORD>65,080000</NORD>
    <SARD>65,080000</SARD>
    <SICI>68,140000</SICI>
    <SUD>41,000000</SUD>
    <AUST>65,080000</AUST>
    <BRNN>41,000000</BRNN>
    <COAC>65,080000</COAC>
    <CORS>65,080000</CORS>
    <FOGN>41,000000</FOGN>
    <FRAN>65,080000</FRAN>
    <GREC>41,000000</GREC>
    <MFTV>65,080000</MFTV>
    <PRGP>68,140000</PRGP>
    <ROSN>41,000000</ROSN>
    <SLOV>65,080000</SLOV>
    <SVIZ>65,080000</SVIZ>
    <BSP>65,080000</BSP>
    <MALT>68,140000</MALT>
    <XAUS>65,080000</XAUS>
    <XFRA>65,080000</XFRA>
  </Prezzi>
  <Prezzi>
    <Data>20160908</Data>
    <Mercato>MGP</Mercato>
    <Ora>10</Ora>
    <PUN>59,420450</PUN>
    <NAT>53,620000</NAT>
    <CNOR>61,250000</CNOR>
    <CSUD>61,250000</CSUD>
    <NORD>61,250000</NORD>
    <SARD>61,250000</SARD>
    <SICI>54,140000</SICI>
    <SUD>41,000000</SUD>
    <AUST>61,250000</AUST>
    <BRNN>41,000000</BRNN>
    <COAC>61,250000</COAC>
    <CORS>61,250000</CORS>
    <FOGN>41,000000</FOGN>
    <FRAN>61,250000</FRAN>
    <GREC>41,000000</GREC>
    <MFTV>61,250000</MFTV>
    <PRGP>54,140000</PRGP>
    <ROSN>41,000000</ROSN>
    <SLOV>61,250000</SLOV>
    <SVIZ>61,250000</SVIZ>
    <BSP>61,250000</BSP>
    <MALT>54,140000</MALT>
    <XAUS>61,250000</XAUS>
    <XFRA>61,250000</XFRA>
  </Prezzi>
  <Prezzi>
    <Data>20160908</Data>
    <Mercato>MGP</Mercato>
    <Ora>11</Ora>
    <PUN>53,060000</PUN>
    <NAT>48,770000</NAT>
    <CNOR>53,970500</CNOR>
    <CSUD>53,970500</CSUD>
    <NORD>53,970500</NORD>
    <SARD>53,970500</SARD>
    <SICI>54,140000</SICI>
    <SUD>41,000000</SUD>
    <AUST>53,970500</AUST>
    <BRNN>41,000000</BRNN>
    <COAC>53,970500</COAC>
    <CORS>53,970500</CORS>
    <FOGN>41,000000</FOGN>
    <FRAN>53,970500</FRAN>
    <GREC>41,000000</GREC>
    <MFTV>53,970500</MFTV>
    <PRGP>54,140000</PRGP>
    <ROSN>41,000000</ROSN>
    <SLOV>53,970500</SLOV>
    <SVIZ>53,970500</SVIZ>
    <BSP>53,970500</BSP>
    <MALT>54,140000</MALT>
    <XAUS>53,970500</XAUS>
    <XFRA>53,970500</XFRA>
  </Prezzi>
  <Prezzi>
    <Data>20160908</Data>
    <Mercato>MGP</Mercato>
    <Ora>12</Ora>
    <PUN>46,488310</PUN>
    <NAT>43,520000</NAT>
    <CNOR>41,000000</CNOR>
    <CSUD>41,000000</CSUD>
    <NORD>49,170000</NORD>
    <SARD>41,000000</SARD>
    <SICI>53,620000</SICI>
    <SUD>41,000000</SUD>
    <AUST>49,170000</AUST>
    <BRNN>41,000000</BRNN>
    <COAC>41,000000</COAC>
    <CORS>41,000000</CORS>
    <FOGN>41,000000</FOGN>
    <FRAN>49,170000</FRAN>
    <GREC>41,000000</GREC>
    <MFTV>49,170000</MFTV>
    <PRGP>53,620000</PRGP>
    <ROSN>41,000000</ROSN>
    <SLOV>49,170000</SLOV>
    <SVIZ>49,170000</SVIZ>
    <BSP>49,170000</BSP>
    <MALT>53,620000</MALT>
    <XAUS>49,170000</XAUS>
    <XFRA>49,170000</XFRA>
  </Prezzi>
  <Prezzi>
    <Data>20160908</Data>
    <Mercato>MGP</Mercato>
    <Ora>13</Ora>
    <PUN>41,689790</PUN>
    <NAT>41,910000</NAT>
    <CNOR>41,000000</CNOR>
    <CSUD>41,000000</CSUD>
    <NORD>41,000000</NORD>
    <SARD>41,000000</SARD>
    <SICI>53,620000</SICI>
    <SUD>41,000000</SUD>
    <AUST>41,000000</AUST>
    <BRNN>41,000000</BRNN>
    <COAC>41,000000</COAC>
    <CORS>41,000000</CORS>
    <FOGN>41,000000</FOGN>
    <FRAN>41,000000</FRAN>
    <GREC>41,000000</GREC>
    <MFTV>41,000000</MFTV>
    <PRGP>53,620000</PRGP>
    <ROSN>41,000000</ROSN>
    <SLOV>41,000000</SLOV>
    <SVIZ>41,000000</SVIZ>
    <BSP>41,000000</BSP>
    <MALT>53,620000</MALT>
    <XAUS>41,000000</XAUS>
    <XFRA>41,000000</XFRA>
  </Prezzi>
  <Prezzi>
    <Data>20160908</Data>
    <Mercato>MGP</Mercato>
    <Ora>14</Ora>
    <PUN>42,332810</PUN>
    <NAT>41,000000</NAT>
    <CNOR>40,000000</CNOR>
    <CSUD>40,000000</CSUD>
    <NORD>42,750000</NORD>
    <SARD>40,000000</SARD>
    <SICI>53,620000</SICI>
    <SUD>40,000000</SUD>
    <AUST>42,750000</AUST>
    <BRNN>40,000000</BRNN>
    <COAC>40,000000</COAC>
    <CORS>40,000000</CORS>
    <FOGN>40,000000</FOGN>
    <FRAN>42,750000</FRAN>
    <GREC>40,000000</GREC>
    <MFTV>42,750000</MFTV>
    <PRGP>53,620000</PRGP>
    <ROSN>40,000000</ROSN>
    <SLOV>42,750000</SLOV>
    <SVIZ>42,750000</SVIZ>
    <BSP>42,750000</BSP>
    <MALT>53,620000</MALT>
    <XAUS>42,750000</XAUS>
    <XFRA>42,750000</XFRA>
  </Prezzi>
  <Prezzi>
    <Data>20160908</Data>
    <Mercato>MGP</Mercato>
    <Ora>15</Ora>
    <PUN>49,866050</PUN>
    <NAT>43,520000</NAT>
    <CNOR>40,000000</CNOR>
    <CSUD>40,000000</CSUD>
    <NORD>55,380000</NORD>
    <SARD>40,000000</SARD>
    <SICI>53,520000</SICI>
    <SUD>40,000000</SUD>
    <AUST>55,380000</AUST>
    <BRNN>40,000000</BRNN>
    <COAC>40,000000</COAC>
    <CORS>40,000000</CORS>
    <FOGN>40,000000</FOGN>
    <FRAN>55,380000</FRAN>
    <GREC>40,000000</GREC>
    <MFTV>55,380000</MFTV>
    <PRGP>53,520000</PRGP>
    <ROSN>40,000000</ROSN>
    <SLOV>55,380000</SLOV>
    <SVIZ>55,380000</SVIZ>
    <BSP>55,380000</BSP>
    <MALT>53,520000</MALT>
    <XAUS>55,380000</XAUS>
    <XFRA>55,380000</XFRA>
  </Prezzi>
  <Prezzi>
    <Data>20160908</Data>
    <Mercato>MGP</Mercato>
    <Ora>16</Ora>
    <PUN>53,311650</PUN>
    <NAT>45,000000</NAT>
    <CNOR>50,800000</CNOR>
    <CSUD>50,800000</CSUD>
    <NORD>56,000000</NORD>
    <SARD>50,800000</SARD>
    <SICI>53,520000</SICI>
    <SUD>40,000000</SUD>
    <AUST>56,000000</AUST>
    <BRNN>40,000000</BRNN>
    <COAC>50,800000</COAC>
    <CORS>50,800000</CORS>
    <FOGN>40,000000</FOGN>
    <FRAN>56,000000</FRAN>
    <GREC>40,000000</GREC>
    <MFTV>56,000000</MFTV>
    <PRGP>53,520000</PRGP>
    <ROSN>40,000000</ROSN>
    <SLOV>56,000000</SLOV>
    <SVIZ>56,000000</SVIZ>
    <BSP>56,000000</BSP>
    <MALT>53,520000</MALT>
    <XAUS>56,000000</XAUS>
    <XFRA>56,000000</XFRA>
  </Prezzi>
  <Prezzi>
    <Data>20160908</Data>
    <Mercato>MGP</Mercato>
    <Ora>17</Ora>
    <PUN>61,726840</PUN>
    <NAT>50,000000</NAT>
    <CNOR>63,900000</CNOR>
    <CSUD>63,900000</CSUD>
    <NORD>63,900000</NORD>
    <SARD>63,900000</SARD>
    <SICI>53,620000</SICI>
    <SUD>40,000000</SUD>
    <AUST>63,900000</AUST>
    <BRNN>40,000000</BRNN>
    <COAC>63,900000</COAC>
    <CORS>63,900000</CORS>
    <FOGN>40,000000</FOGN>
    <FRAN>63,900000</FRAN>
    <GREC>40,000000</GREC>
    <MFTV>63,900000</MFTV>
    <PRGP>53,620000</PRGP>
    <ROSN>40,000000</ROSN>
    <SLOV>63,900000</SLOV>
    <SVIZ>63,900000</SVIZ>
    <BSP>63,900000</BSP>
    <MALT>53,620000</MALT>
    <XAUS>63,900000</XAUS>
    <XFRA>63,900000</XFRA>
  </Prezzi>
  <Prezzi>
    <Data>20160908</Data>
    <Mercato>MGP</Mercato>
    <Ora>18</Ora>
    <PUN>56,751340</PUN>
    <NAT>45,000000</NAT>
    <CNOR>58,300000</CNOR>
    <CSUD>58,300000</CSUD>
    <NORD>58,300000</NORD>
    <SARD>58,300000</SARD>
    <SICI>54,140000</SICI>
    <SUD>40,000000</SUD>
    <AUST>58,300000</AUST>
    <BRNN>40,000000</BRNN>
    <COAC>58,300000</COAC>
    <CORS>58,300000</CORS>
    <FOGN>40,000000</FOGN>
    <FRAN>58,300000</FRAN>
    <GREC>40,000000</GREC>
    <MFTV>58,300000</MFTV>
    <PRGP>54,140000</PRGP>
    <ROSN>40,000000</ROSN>
    <SLOV>58,300000</SLOV>
    <SVIZ>58,300000</SVIZ>
    <BSP>58,300000</BSP>
    <MALT>54,140000</MALT>
    <XAUS>58,300000</XAUS>
    <XFRA>58,300000</XFRA>
  </Prezzi>
  <Prezzi>
    <Data>20160908</Data>
    <Mercato>MGP</Mercato>
    <Ora>19</Ora>
    <PUN>49,577180</PUN>
    <NAT>45,000000</NAT>
    <CNOR>48,770000</CNOR>
    <CSUD>48,770000</CSUD>
    <NORD>48,770000</NORD>
    <SARD>48,770000</SARD>
    <SICI>74,140000</SICI>
    <SUD>41,000000</SUD>
    <AUST>48,770000</AUST>
    <BRNN>41,000000</BRNN>
    <COAC>48,770000</COAC>
    <CORS>48,770000</CORS>
    <FOGN>41,000000</FOGN>
    <FRAN>48,770000</FRAN>
    <GREC>41,000000</GREC>
    <MFTV>48,770000</MFTV>
    <PRGP>74,140000</PRGP>
    <ROSN>41,000000</ROSN>
    <SLOV>48,770000</SLOV>
    <SVIZ>48,770000</SVIZ>
    <BSP>48,770000</BSP>
    <MALT>74,140000</MALT>
    <XAUS>48,770000</XAUS>
    <XFRA>48,770000</XFRA>
  </Prezzi>
  <Prezzi>
    <Data>20160908</Data>
    <Mercato>MGP</Mercato>
    <Ora>20</Ora>
    <PUN>50,756370</PUN>
    <NAT>50,000000</NAT>
    <CNOR>50,000000</CNOR>
    <CSUD>50,000000</CSUD>
    <NORD>50,000000</NORD>
    <SARD>50,000000</SARD>
    <SICI>74,140000</SICI>
    <SUD>42,000000</SUD>
    <AUST>50,000000</AUST>
    <BRNN>42,000000</BRNN>
    <COAC>50,000000</COAC>
    <CORS>50,000000</CORS>
    <FOGN>42,000000</FOGN>
    <FRAN>50,000000</FRAN>
    <GREC>42,000000</GREC>
    <MFTV>50,000000</MFTV>
    <PRGP>74,140000</PRGP>
    <ROSN>42,000000</ROSN>
    <SLOV>50,000000</SLOV>
    <SVIZ>50,000000</SVIZ>
    <BSP>50,000000</BSP>
    <MALT>74,140000</MALT>
    <XAUS>50,000000</XAUS>
    <XFRA>50,000000</XFRA>
  </Prezzi>
  <Prezzi>
    <Data>20160908</Data>
    <Mercato>MGP</Mercato>
    <Ora>21</Ora>
    <PUN>50,830500</PUN>
    <NAT>51,000000</NAT>
    <CNOR>50,010000</CNOR>
    <CSUD>50,010000</CSUD>
    <NORD>50,010000</NORD>
    <SARD>50,010000</SARD>
    <SICI>75,380000</SICI>
    <SUD>42,000000</SUD>
    <AUST>50,010000</AUST>
    <BRNN>42,000000</BRNN>
    <COAC>50,010000</COAC>
    <CORS>50,010000</CORS>
    <FOGN>42,000000</FOGN>
    <FRAN>50,010000</FRAN>
    <GREC>42,000000</GREC>
    <MFTV>50,010000</MFTV>
    <PRGP>75,380000</PRGP>
    <ROSN>42,000000</ROSN>
    <SLOV>50,010000</SLOV>
    <SVIZ>50,010000</SVIZ>
    <BSP>50,010000</BSP>
    <MALT>75,380000</MALT>
    <XAUS>50,010000</XAUS>
    <XFRA>50,010000</XFRA>
  </Prezzi>
  <Prezzi>
    <Data>20160908</Data>
    <Mercato>MGP</Mercato>
    <Ora>22</Ora>
    <PUN>46,485120</PUN>
    <NAT>45,000000</NAT>
    <CNOR>45,000000</CNOR>
    <CSUD>45,000000</CSUD>
    <NORD>45,000000</NORD>
    <SARD>45,000000</SARD>
    <SICI>74,140000</SICI>
    <SUD>42,000000</SUD>
    <AUST>45,000000</AUST>
    <BRNN>42,000000</BRNN>
    <COAC>45,000000</COAC>
    <CORS>45,000000</CORS>
    <FOGN>42,000000</FOGN>
    <FRAN>45,000000</FRAN>
    <GREC>42,000000</GREC>
    <MFTV>45,000000</MFTV>
    <PRGP>74,140000</PRGP>
    <ROSN>42,000000</ROSN>
    <SLOV>45,000000</SLOV>
    <SVIZ>45,000000</SVIZ>
    <BSP>45,000000</BSP>
    <MALT>74,140000</MALT>
    <XAUS>45,000000</XAUS>
    <XFRA>45,000000</XFRA>
  </Prezzi>
  <Prezzi>
    <Data>20160908</Data>
    <Mercato>MGP</Mercato>
    <Ora>23</Ora>
    <PUN>42,162180</PUN>
    <NAT>41,000000</NAT>
    <CNOR>40,100000</CNOR>
    <CSUD>40,100000</CSUD>
    <NORD>40,100000</NORD>
    <SARD>40,100000</SARD>
    <SICI>74,140000</SICI>
    <SUD>40,100000</SUD>
    <AUST>40,100000</AUST>
    <BRNN>40,100000</BRNN>
    <COAC>40,100000</COAC>
    <CORS>40,100000</CORS>
    <FOGN>40,100000</FOGN>
    <FRAN>40,100000</FRAN>
    <GREC>40,100000</GREC>
    <MFTV>40,100000</MFTV>
    <PRGP>74,140000</PRGP>
    <ROSN>40,100000</ROSN>
    <SLOV>40,100000</SLOV>
    <SVIZ>40,100000</SVIZ>
    <BSP>40,100000</BSP>
    <MALT>74,140000</MALT>
    <XAUS>40,100000</XAUS>
    <XFRA>40,100000</XFRA>
  </Prezzi>
  <Prezzi>
    <Data>20160908</Data>
    <Mercato>MGP</Mercato>
    <Ora>24</Ora>
    <PUN>40,022310</PUN>
    <NAT>38,500000</NAT>
    <CNOR>37,890000</CNOR>
    <CSUD>37,890000</CSUD>
    <NORD>37,890000</NORD>
    <SARD>37,890000</SARD>
    <SICI>73,620000</SICI>
    <SUD>37,890000</SUD>
    <AUST>37,890000</AUST>
    <BRNN>37,890000</BRNN>
    <COAC>37,890000</COAC>
    <CORS>37,890000</CORS>
    <FOGN>37,890000</FOGN>
    <FRAN>37,890000</FRAN>
    <GREC>37,890000</GREC>
    <MFTV>37,890000</MFTV>
    <PRGP>73,620000</PRGP>
    <ROSN>37,890000</ROSN>
    <SLOV>37,890000</SLOV>
    <SVIZ>37,890000</SVIZ>
    <BSP>37,890000</BSP>
    <MALT>73,620000</MALT>
    <XAUS>37,890000</XAUS>
    <XFRA>37,890000</XFRA>
  </Prezzi>
</NewDataSet>