<?xml version="1.0" standalone="yes"?>
<NewDataSet>
  <xs:schema id="NewDataSet" xmlns="" xmlns:xs="http://www.w3.org/2001/XMLSchema" xmlns:msdata="urn:schemas-microsoft-com:xml-msdata">
    <xs:element name="NewDataSet" msdata:IsDataSet="true" msdata:UseCurrentLocale="true">
      <xs:complexType>
        <xs:choice minOccurs="0" maxOccurs="unbounded">
          <xs:element name="Prezzi">
            <xs:complexType>
              <xs:sequence>
                <xs:element name="Data" type="xs:string" minOccurs="0" />
                <xs:element name="Mercato" type="xs:string" minOccurs="0" />
                <xs:element name="Ora" type="xs:string" minOccurs="0" />
                <xs:element name="PUN" type="xs:string" minOccurs="0" />
                <xs:element name="NAT" type="xs:string" minOccurs="0" />
                <xs:element name="CNOR" type="xs:string" minOccurs="0" />
                <xs:element name="CSUD" type="xs:string" minOccurs="0" />
                <xs:element name="NORD" type="xs:string" minOccurs="0" />
                <xs:element name="SARD" type="xs:string" minOccurs="0" />
                <xs:element name="SICI" type="xs:string" minOccurs="0" />
                <xs:element name="SUD" type="xs:string" minOccurs="0" />
                <xs:element name="AUST" type="xs:string" minOccurs="0" />
                <xs:element name="BRNN" type="xs:string" minOccurs="0" />
                <xs:element name="COAC" type="xs:string" minOccurs="0" />
                <xs:element name="CORS" type="xs:string" minOccurs="0" />
                <xs:element name="FOGN" type="xs:string" minOccurs="0" />
                <xs:element name="FRAN" type="xs:string" minOccurs="0" />
                <xs:element name="GREC" type="xs:string" minOccurs="0" />
                <xs:element name="MFTV" type="xs:string" minOccurs="0" />
                <xs:element name="PRGP" type="xs:string" minOccurs="0" />
                <xs:element name="ROSN" type="xs:string" minOccurs="0" />
                <xs:element name="SLOV" type="xs:string" minOccurs="0" />
                <xs:element name="SVIZ" type="xs:string" minOccurs="0" />
                <xs:element name="BSP" type="xs:string" minOccurs="0" />
                <xs:element name="MALT" type="xs:string" minOccurs="0" />
                <xs:element name="XAUS" type="xs:string" minOccurs="0" />
                <xs:element name="XFRA" type="xs:string" minOccurs="0" />
              </xs:sequence>
            </xs:complexType>
          </xs:element>
        </xs:choice>
      </xs:complexType>
    </xs:element>
  </xs:schema>
  <Prezzi>
    <Data>20160929</Data>
    <Mercato>MGP</Mercato>
    <Ora>1</Ora>
    <PUN>41,000000</PUN>
    <NAT>41,000000</NAT>
    <CNOR>41,000000</CNOR>
    <CSUD>41,000000</CSUD>
    <NORD>41,000000</NORD>
    <SARD>41,000000</SARD>
    <SICI>41,000000</SICI>
    <SUD>41,000000</SUD>
    <AUST>41,000000</AUST>
    <BRNN>41,000000</BRNN>
    <COAC>41,000000</COAC>
    <CORS>41,000000</CORS>
    <FOGN>41,000000</FOGN>
    <FRAN>41,000000</FRAN>
    <GREC>41,000000</GREC>
    <MFTV>41,000000</MFTV>
    <PRGP>41,000000</PRGP>
    <ROSN>41,000000</ROSN>
    <SLOV>41,000000</SLOV>
    <SVIZ>41,000000</SVIZ>
    <BSP>41,000000</BSP>
    <MALT>41,000000</MALT>
    <XAUS>41,000000</XAUS>
    <XFRA>41,000000</XFRA>
  </Prezzi>
  <Prezzi>
    <Data>20160929</Data>
    <Mercato>MGP</Mercato>
    <Ora>2</Ora>
    <PUN>36,350000</PUN>
    <NAT>36,350000</NAT>
    <CNOR>36,350000</CNOR>
    <CSUD>36,350000</CSUD>
    <NORD>36,350000</NORD>
    <SARD>36,350000</SARD>
    <SICI>36,350000</SICI>
    <SUD>36,350000</SUD>
    <AUST>36,350000</AUST>
    <BRNN>36,350000</BRNN>
    <COAC>36,350000</COAC>
    <CORS>36,350000</CORS>
    <FOGN>36,350000</FOGN>
    <FRAN>36,350000</FRAN>
    <GREC>36,350000</GREC>
    <MFTV>36,350000</MFTV>
    <PRGP>36,350000</PRGP>
    <ROSN>36,350000</ROSN>
    <SLOV>36,350000</SLOV>
    <SVIZ>36,350000</SVIZ>
    <BSP>36,350000</BSP>
    <MALT>36,350000</MALT>
    <XAUS>36,350000</XAUS>
    <XFRA>36,350000</XFRA>
  </Prezzi>
  <Prezzi>
    <Data>20160929</Data>
    <Mercato>MGP</Mercato>
    <Ora>3</Ora>
    <PUN>34,970000</PUN>
    <NAT>34,970000</NAT>
    <CNOR>34,970000</CNOR>
    <CSUD>34,970000</CSUD>
    <NORD>34,970000</NORD>
    <SARD>34,970000</SARD>
    <SICI>34,970000</SICI>
    <SUD>34,970000</SUD>
    <AUST>34,970000</AUST>
    <BRNN>34,970000</BRNN>
    <COAC>34,970000</COAC>
    <CORS>34,970000</CORS>
    <FOGN>34,970000</FOGN>
    <FRAN>34,970000</FRAN>
    <GREC>34,970000</GREC>
    <MFTV>34,970000</MFTV>
    <PRGP>34,970000</PRGP>
    <ROSN>34,970000</ROSN>
    <SLOV>34,970000</SLOV>
    <SVIZ>34,970000</SVIZ>
    <BSP>34,970000</BSP>
    <MALT>34,970000</MALT>
    <XAUS>34,970000</XAUS>
    <XFRA>34,970000</XFRA>
  </Prezzi>
  <Prezzi>
    <Data>20160929</Data>
    <Mercato>MGP</Mercato>
    <Ora>4</Ora>
    <PUN>34,860000</PUN>
    <NAT>34,860000</NAT>
    <CNOR>34,860000</CNOR>
    <CSUD>34,860000</CSUD>
    <NORD>34,860000</NORD>
    <SARD>34,860000</SARD>
    <SICI>34,860000</SICI>
    <SUD>34,860000</SUD>
    <AUST>34,860000</AUST>
    <BRNN>34,860000</BRNN>
    <COAC>34,860000</COAC>
    <CORS>34,860000</CORS>
    <FOGN>34,860000</FOGN>
    <FRAN>34,860000</FRAN>
    <GREC>34,860000</GREC>
    <MFTV>34,860000</MFTV>
    <PRGP>34,860000</PRGP>
    <ROSN>34,860000</ROSN>
    <SLOV>34,860000</SLOV>
    <SVIZ>34,860000</SVIZ>
    <BSP>34,860000</BSP>
    <MALT>34,860000</MALT>
    <XAUS>34,860000</XAUS>
    <XFRA>34,860000</XFRA>
  </Prezzi>
  <Prezzi>
    <Data>20160929</Data>
    <Mercato>MGP</Mercato>
    <Ora>5</Ora>
    <PUN>34,860000</PUN>
    <NAT>34,860000</NAT>
    <CNOR>34,860000</CNOR>
    <CSUD>34,860000</CSUD>
    <NORD>34,860000</NORD>
    <SARD>34,860000</SARD>
    <SICI>34,860000</SICI>
    <SUD>34,860000</SUD>
    <AUST>34,860000</AUST>
    <BRNN>34,860000</BRNN>
    <COAC>34,860000</COAC>
    <CORS>34,860000</CORS>
    <FOGN>34,860000</FOGN>
    <FRAN>34,860000</FRAN>
    <GREC>34,860000</GREC>
    <MFTV>34,860000</MFTV>
    <PRGP>34,860000</PRGP>
    <ROSN>34,860000</ROSN>
    <SLOV>34,860000</SLOV>
    <SVIZ>34,860000</SVIZ>
    <BSP>34,860000</BSP>
    <MALT>34,860000</MALT>
    <XAUS>34,860000</XAUS>
    <XFRA>34,860000</XFRA>
  </Prezzi>
  <Prezzi>
    <Data>20160929</Data>
    <Mercato>MGP</Mercato>
    <Ora>6</Ora>
    <PUN>36,350000</PUN>
    <NAT>36,350000</NAT>
    <CNOR>36,350000</CNOR>
    <CSUD>36,350000</CSUD>
    <NORD>36,350000</NORD>
    <SARD>36,350000</SARD>
    <SICI>36,350000</SICI>
    <SUD>36,350000</SUD>
    <AUST>36,350000</AUST>
    <BRNN>36,350000</BRNN>
    <COAC>36,350000</COAC>
    <CORS>36,350000</CORS>
    <FOGN>36,350000</FOGN>
    <FRAN>36,350000</FRAN>
    <GREC>36,350000</GREC>
    <MFTV>36,350000</MFTV>
    <PRGP>36,350000</PRGP>
    <ROSN>36,350000</ROSN>
    <SLOV>36,350000</SLOV>
    <SVIZ>36,350000</SVIZ>
    <BSP>36,350000</BSP>
    <MALT>36,350000</MALT>
    <XAUS>36,350000</XAUS>
    <XFRA>36,350000</XFRA>
  </Prezzi>
  <Prezzi>
    <Data>20160929</Data>
    <Mercato>MGP</Mercato>
    <Ora>7</Ora>
    <PUN>45,060000</PUN>
    <NAT>45,060000</NAT>
    <CNOR>45,060000</CNOR>
    <CSUD>45,060000</CSUD>
    <NORD>45,060000</NORD>
    <SARD>45,060000</SARD>
    <SICI>45,060000</SICI>
    <SUD>45,060000</SUD>
    <AUST>45,060000</AUST>
    <BRNN>45,060000</BRNN>
    <COAC>45,060000</COAC>
    <CORS>45,060000</CORS>
    <FOGN>45,060000</FOGN>
    <FRAN>45,060000</FRAN>
    <GREC>45,060000</GREC>
    <MFTV>45,060000</MFTV>
    <PRGP>45,060000</PRGP>
    <ROSN>45,060000</ROSN>
    <SLOV>45,060000</SLOV>
    <SVIZ>45,060000</SVIZ>
    <BSP>45,060000</BSP>
    <MALT>45,060000</MALT>
    <XAUS>45,060000</XAUS>
    <XFRA>45,060000</XFRA>
  </Prezzi>
  <Prezzi>
    <Data>20160929</Data>
    <Mercato>MGP</Mercato>
    <Ora>8</Ora>
    <PUN>47,200000</PUN>
    <NAT>47,140000</NAT>
    <CNOR>47,200000</CNOR>
    <CSUD>47,200000</CSUD>
    <NORD>47,200000</NORD>
    <SARD>47,200000</SARD>
    <SICI>47,200000</SICI>
    <SUD>47,200000</SUD>
    <AUST>47,200000</AUST>
    <BRNN>47,200000</BRNN>
    <COAC>47,200000</COAC>
    <CORS>47,200000</CORS>
    <FOGN>47,200000</FOGN>
    <FRAN>47,200000</FRAN>
    <GREC>47,200000</GREC>
    <MFTV>47,200000</MFTV>
    <PRGP>47,200000</PRGP>
    <ROSN>47,200000</ROSN>
    <SLOV>47,200000</SLOV>
    <SVIZ>47,200000</SVIZ>
    <BSP>47,200000</BSP>
    <MALT>47,200000</MALT>
    <XAUS>47,200000</XAUS>
    <XFRA>47,200000</XFRA>
  </Prezzi>
  <Prezzi>
    <Data>20160929</Data>
    <Mercato>MGP</Mercato>
    <Ora>9</Ora>
    <PUN>46,800000</PUN>
    <NAT>46,800000</NAT>
    <CNOR>46,800000</CNOR>
    <CSUD>46,800000</CSUD>
    <NORD>46,800000</NORD>
    <SARD>46,800000</SARD>
    <SICI>46,800000</SICI>
    <SUD>46,800000</SUD>
    <AUST>46,800000</AUST>
    <BRNN>46,800000</BRNN>
    <COAC>46,800000</COAC>
    <CORS>46,800000</CORS>
    <FOGN>46,800000</FOGN>
    <FRAN>46,800000</FRAN>
    <GREC>46,800000</GREC>
    <MFTV>46,800000</MFTV>
    <PRGP>46,800000</PRGP>
    <ROSN>46,800000</ROSN>
    <SLOV>46,800000</SLOV>
    <SVIZ>46,800000</SVIZ>
    <BSP>46,800000</BSP>
    <MALT>46,800000</MALT>
    <XAUS>46,800000</XAUS>
    <XFRA>46,800000</XFRA>
  </Prezzi>
  <Prezzi>
    <Data>20160929</Data>
    <Mercato>MGP</Mercato>
    <Ora>10</Ora>
    <PUN>45,813380</PUN>
    <NAT>46,550000</NAT>
    <CNOR>47,011960</CNOR>
    <CSUD>43,000000</CSUD>
    <NORD>47,011960</NORD>
    <SARD>43,000000</SARD>
    <SICI>43,000000</SICI>
    <SUD>43,000000</SUD>
    <AUST>47,011960</AUST>
    <BRNN>43,000000</BRNN>
    <COAC>43,000000</COAC>
    <CORS>47,011960</CORS>
    <FOGN>43,000000</FOGN>
    <FRAN>47,011960</FRAN>
    <GREC>43,000000</GREC>
    <MFTV>47,011960</MFTV>
    <PRGP>43,000000</PRGP>
    <ROSN>43,000000</ROSN>
    <SLOV>47,011960</SLOV>
    <SVIZ>47,011960</SVIZ>
    <BSP>47,011960</BSP>
    <MALT>43,000000</MALT>
    <XAUS>47,011960</XAUS>
    <XFRA>47,011960</XFRA>
  </Prezzi>
  <Prezzi>
    <Data>20160929</Data>
    <Mercato>MGP</Mercato>
    <Ora>11</Ora>
    <PUN>44,726170</PUN>
    <NAT>44,000000</NAT>
    <CNOR>46,310000</CNOR>
    <CSUD>41,000000</CSUD>
    <NORD>46,310000</NORD>
    <SARD>41,000000</SARD>
    <SICI>41,000000</SICI>
    <SUD>41,000000</SUD>
    <AUST>46,310000</AUST>
    <BRNN>41,000000</BRNN>
    <COAC>41,000000</COAC>
    <CORS>46,310000</CORS>
    <FOGN>41,000000</FOGN>
    <FRAN>46,310000</FRAN>
    <GREC>41,000000</GREC>
    <MFTV>46,310000</MFTV>
    <PRGP>41,000000</PRGP>
    <ROSN>41,000000</ROSN>
    <SLOV>46,310000</SLOV>
    <SVIZ>46,310000</SVIZ>
    <BSP>46,310000</BSP>
    <MALT>41,000000</MALT>
    <XAUS>46,310000</XAUS>
    <XFRA>46,310000</XFRA>
  </Prezzi>
  <Prezzi>
    <Data>20160929</Data>
    <Mercato>MGP</Mercato>
    <Ora>12</Ora>
    <PUN>43,570910</PUN>
    <NAT>42,000000</NAT>
    <CNOR>45,113880</CNOR>
    <CSUD>40,000000</CSUD>
    <NORD>45,113880</NORD>
    <SARD>40,000000</SARD>
    <SICI>40,000000</SICI>
    <SUD>40,000000</SUD>
    <AUST>45,113880</AUST>
    <BRNN>40,000000</BRNN>
    <COAC>40,000000</COAC>
    <CORS>45,113880</CORS>
    <FOGN>40,000000</FOGN>
    <FRAN>45,113880</FRAN>
    <GREC>40,000000</GREC>
    <MFTV>45,113880</MFTV>
    <PRGP>40,000000</PRGP>
    <ROSN>40,000000</ROSN>
    <SLOV>45,113880</SLOV>
    <SVIZ>45,113880</SVIZ>
    <BSP>45,113880</BSP>
    <MALT>40,000000</MALT>
    <XAUS>45,113880</XAUS>
    <XFRA>45,113880</XFRA>
  </Prezzi>
  <Prezzi>
    <Data>20160929</Data>
    <Mercato>MGP</Mercato>
    <Ora>13</Ora>
    <PUN>39,426720</PUN>
    <NAT>39,990000</NAT>
    <CNOR>40,740000</CNOR>
    <CSUD>36,600000</CSUD>
    <NORD>40,740000</NORD>
    <SARD>36,600000</SARD>
    <SICI>36,600000</SICI>
    <SUD>36,600000</SUD>
    <AUST>40,740000</AUST>
    <BRNN>36,600000</BRNN>
    <COAC>36,600000</COAC>
    <CORS>40,740000</CORS>
    <FOGN>36,600000</FOGN>
    <FRAN>40,740000</FRAN>
    <GREC>36,600000</GREC>
    <MFTV>40,740000</MFTV>
    <PRGP>36,600000</PRGP>
    <ROSN>36,600000</ROSN>
    <SLOV>40,740000</SLOV>
    <SVIZ>40,740000</SVIZ>
    <BSP>40,740000</BSP>
    <MALT>36,600000</MALT>
    <XAUS>40,740000</XAUS>
    <XFRA>40,740000</XFRA>
  </Prezzi>
  <Prezzi>
    <Data>20160929</Data>
    <Mercato>MGP</Mercato>
    <Ora>14</Ora>
    <PUN>36,909160</PUN>
    <NAT>36,600000</NAT>
    <CNOR>37,551890</CNOR>
    <CSUD>35,480000</CSUD>
    <NORD>37,551890</NORD>
    <SARD>35,480000</SARD>
    <SICI>35,480000</SICI>
    <SUD>35,480000</SUD>
    <AUST>37,551890</AUST>
    <BRNN>35,480000</BRNN>
    <COAC>35,480000</COAC>
    <CORS>37,551890</CORS>
    <FOGN>35,480000</FOGN>
    <FRAN>37,551890</FRAN>
    <GREC>35,480000</GREC>
    <MFTV>37,551890</MFTV>
    <PRGP>35,480000</PRGP>
    <ROSN>35,480000</ROSN>
    <SLOV>37,551890</SLOV>
    <SVIZ>37,551890</SVIZ>
    <BSP>37,551890</BSP>
    <MALT>35,480000</MALT>
    <XAUS>37,551890</XAUS>
    <XFRA>37,551890</XFRA>
  </Prezzi>
  <Prezzi>
    <Data>20160929</Data>
    <Mercato>MGP</Mercato>
    <Ora>15</Ora>
    <PUN>37,320860</PUN>
    <NAT>36,610000</NAT>
    <CNOR>37,710000</CNOR>
    <CSUD>36,400000</CSUD>
    <NORD>37,710000</NORD>
    <SARD>36,400000</SARD>
    <SICI>36,400000</SICI>
    <SUD>36,400000</SUD>
    <AUST>37,710000</AUST>
    <BRNN>36,400000</BRNN>
    <COAC>36,400000</COAC>
    <CORS>37,710000</CORS>
    <FOGN>36,400000</FOGN>
    <FRAN>37,710000</FRAN>
    <GREC>36,400000</GREC>
    <MFTV>37,710000</MFTV>
    <PRGP>36,400000</PRGP>
    <ROSN>36,400000</ROSN>
    <SLOV>37,710000</SLOV>
    <SVIZ>37,710000</SVIZ>
    <BSP>37,710000</BSP>
    <MALT>36,400000</MALT>
    <XAUS>37,710000</XAUS>
    <XFRA>37,710000</XFRA>
  </Prezzi>
  <Prezzi>
    <Data>20160929</Data>
    <Mercato>MGP</Mercato>
    <Ora>16</Ora>
    <PUN>38,546930</PUN>
    <NAT>38,150000</NAT>
    <CNOR>38,870000</CNOR>
    <CSUD>37,790000</CSUD>
    <NORD>38,870000</NORD>
    <SARD>37,790000</SARD>
    <SICI>37,790000</SICI>
    <SUD>37,790000</SUD>
    <AUST>38,870000</AUST>
    <BRNN>37,790000</BRNN>
    <COAC>37,790000</COAC>
    <CORS>38,870000</CORS>
    <FOGN>37,790000</FOGN>
    <FRAN>38,870000</FRAN>
    <GREC>37,790000</GREC>
    <MFTV>38,870000</MFTV>
    <PRGP>37,790000</PRGP>
    <ROSN>37,790000</ROSN>
    <SLOV>38,870000</SLOV>
    <SVIZ>38,870000</SVIZ>
    <BSP>38,870000</BSP>
    <MALT>37,790000</MALT>
    <XAUS>38,870000</XAUS>
    <XFRA>38,870000</XFRA>
  </Prezzi>
  <Prezzi>
    <Data>20160929</Data>
    <Mercato>MGP</Mercato>
    <Ora>17</Ora>
    <PUN>42,000000</PUN>
    <NAT>42,000000</NAT>
    <CNOR>42,000000</CNOR>
    <CSUD>42,000000</CSUD>
    <NORD>42,000000</NORD>
    <SARD>42,000000</SARD>
    <SICI>42,000000</SICI>
    <SUD>42,000000</SUD>
    <AUST>42,000000</AUST>
    <BRNN>42,000000</BRNN>
    <COAC>42,000000</COAC>
    <CORS>42,000000</CORS>
    <FOGN>42,000000</FOGN>
    <FRAN>42,000000</FRAN>
    <GREC>42,000000</GREC>
    <MFTV>42,000000</MFTV>
    <PRGP>42,000000</PRGP>
    <ROSN>42,000000</ROSN>
    <SLOV>42,000000</SLOV>
    <SVIZ>42,000000</SVIZ>
    <BSP>42,000000</BSP>
    <MALT>42,000000</MALT>
    <XAUS>42,000000</XAUS>
    <XFRA>42,000000</XFRA>
  </Prezzi>
  <Prezzi>
    <Data>20160929</Data>
    <Mercato>MGP</Mercato>
    <Ora>18</Ora>
    <PUN>44,000000</PUN>
    <NAT>44,000000</NAT>
    <CNOR>44,000000</CNOR>
    <CSUD>44,000000</CSUD>
    <NORD>44,000000</NORD>
    <SARD>44,000000</SARD>
    <SICI>44,000000</SICI>
    <SUD>44,000000</SUD>
    <AUST>44,000000</AUST>
    <BRNN>44,000000</BRNN>
    <COAC>44,000000</COAC>
    <CORS>44,000000</CORS>
    <FOGN>44,000000</FOGN>
    <FRAN>44,000000</FRAN>
    <GREC>44,000000</GREC>
    <MFTV>44,000000</MFTV>
    <PRGP>44,000000</PRGP>
    <ROSN>44,000000</ROSN>
    <SLOV>44,000000</SLOV>
    <SVIZ>44,000000</SVIZ>
    <BSP>44,000000</BSP>
    <MALT>44,000000</MALT>
    <XAUS>44,000000</XAUS>
    <XFRA>44,000000</XFRA>
  </Prezzi>
  <Prezzi>
    <Data>20160929</Data>
    <Mercato>MGP</Mercato>
    <Ora>19</Ora>
    <PUN>48,019770</PUN>
    <NAT>48,000000</NAT>
    <CNOR>48,019770</CNOR>
    <CSUD>48,019770</CSUD>
    <NORD>48,019770</NORD>
    <SARD>48,019770</SARD>
    <SICI>48,019770</SICI>
    <SUD>48,019770</SUD>
    <AUST>48,019770</AUST>
    <BRNN>48,019770</BRNN>
    <COAC>48,019770</COAC>
    <CORS>48,019770</CORS>
    <FOGN>48,019770</FOGN>
    <FRAN>48,019770</FRAN>
    <GREC>48,019770</GREC>
    <MFTV>48,019770</MFTV>
    <PRGP>48,019770</PRGP>
    <ROSN>48,019770</ROSN>
    <SLOV>48,019770</SLOV>
    <SVIZ>48,019770</SVIZ>
    <BSP>48,019770</BSP>
    <MALT>48,019770</MALT>
    <XAUS>48,019770</XAUS>
    <XFRA>48,019770</XFRA>
  </Prezzi>
  <Prezzi>
    <Data>20160929</Data>
    <Mercato>MGP</Mercato>
    <Ora>20</Ora>
    <PUN>56,188870</PUN>
    <NAT>56,150000</NAT>
    <CNOR>55,024130</CNOR>
    <CSUD>55,024130</CSUD>
    <NORD>55,024130</NORD>
    <SARD>55,024130</SARD>
    <SICI>73,640000</SICI>
    <SUD>55,024130</SUD>
    <AUST>55,024130</AUST>
    <BRNN>55,024130</BRNN>
    <COAC>55,024130</COAC>
    <CORS>55,024130</CORS>
    <FOGN>55,024130</FOGN>
    <FRAN>55,024130</FRAN>
    <GREC>55,024130</GREC>
    <MFTV>55,024130</MFTV>
    <PRGP>73,640000</PRGP>
    <ROSN>55,024130</ROSN>
    <SLOV>55,024130</SLOV>
    <SVIZ>55,024130</SVIZ>
    <BSP>55,024130</BSP>
    <MALT>73,640000</MALT>
    <XAUS>55,024130</XAUS>
    <XFRA>55,024130</XFRA>
  </Prezzi>
  <Prezzi>
    <Data>20160929</Data>
    <Mercato>MGP</Mercato>
    <Ora>21</Ora>
    <PUN>53,801200</PUN>
    <NAT>55,000000</NAT>
    <CNOR>52,480000</CNOR>
    <CSUD>52,480000</CSUD>
    <NORD>52,480000</NORD>
    <SARD>52,480000</SARD>
    <SICI>73,640000</SICI>
    <SUD>52,480000</SUD>
    <AUST>52,480000</AUST>
    <BRNN>52,480000</BRNN>
    <COAC>52,480000</COAC>
    <CORS>52,480000</CORS>
    <FOGN>52,480000</FOGN>
    <FRAN>52,480000</FRAN>
    <GREC>52,480000</GREC>
    <MFTV>52,480000</MFTV>
    <PRGP>73,640000</PRGP>
    <ROSN>52,480000</ROSN>
    <SLOV>52,480000</SLOV>
    <SVIZ>52,480000</SVIZ>
    <BSP>52,480000</BSP>
    <MALT>73,640000</MALT>
    <XAUS>52,480000</XAUS>
    <XFRA>52,480000</XFRA>
  </Prezzi>
  <Prezzi>
    <Data>20160929</Data>
    <Mercato>MGP</Mercato>
    <Ora>22</Ora>
    <PUN>51,458540</PUN>
    <NAT>50,000000</NAT>
    <CNOR>50,000000</CNOR>
    <CSUD>50,000000</CSUD>
    <NORD>50,000000</NORD>
    <SARD>50,000000</SARD>
    <SICI>73,540000</SICI>
    <SUD>50,000000</SUD>
    <AUST>50,000000</AUST>
    <BRNN>50,000000</BRNN>
    <COAC>50,000000</COAC>
    <CORS>50,000000</CORS>
    <FOGN>50,000000</FOGN>
    <FRAN>50,000000</FRAN>
    <GREC>50,000000</GREC>
    <MFTV>50,000000</MFTV>
    <PRGP>73,540000</PRGP>
    <ROSN>50,000000</ROSN>
    <SLOV>50,000000</SLOV>
    <SVIZ>50,000000</SVIZ>
    <BSP>50,000000</BSP>
    <MALT>73,540000</MALT>
    <XAUS>50,000000</XAUS>
    <XFRA>50,000000</XFRA>
  </Prezzi>
  <Prezzi>
    <Data>20160929</Data>
    <Mercato>MGP</Mercato>
    <Ora>23</Ora>
    <PUN>48,266680</PUN>
    <NAT>48,100000</NAT>
    <CNOR>48,266680</CNOR>
    <CSUD>48,266680</CSUD>
    <NORD>48,266680</NORD>
    <SARD>48,266680</SARD>
    <SICI>48,266680</SICI>
    <SUD>48,266680</SUD>
    <AUST>48,266680</AUST>
    <BRNN>48,266680</BRNN>
    <COAC>48,266680</COAC>
    <CORS>48,266680</CORS>
    <FOGN>48,266680</FOGN>
    <FRAN>48,266680</FRAN>
    <GREC>48,266680</GREC>
    <MFTV>48,266680</MFTV>
    <PRGP>48,266680</PRGP>
    <ROSN>48,266680</ROSN>
    <SLOV>48,266680</SLOV>
    <SVIZ>48,266680</SVIZ>
    <BSP>48,266680</BSP>
    <MALT>48,266680</MALT>
    <XAUS>48,266680</XAUS>
    <XFRA>48,266680</XFRA>
  </Prezzi>
  <Prezzi>
    <Data>20160929</Data>
    <Mercato>MGP</Mercato>
    <Ora>24</Ora>
    <PUN>43,000000</PUN>
    <NAT>43,000000</NAT>
    <CNOR>43,000000</CNOR>
    <CSUD>43,000000</CSUD>
    <NORD>43,000000</NORD>
    <SARD>43,000000</SARD>
    <SICI>43,000000</SICI>
    <SUD>43,000000</SUD>
    <AUST>43,000000</AUST>
    <BRNN>43,000000</BRNN>
    <COAC>43,000000</COAC>
    <CORS>43,000000</CORS>
    <FOGN>43,000000</FOGN>
    <FRAN>43,000000</FRAN>
    <GREC>43,000000</GREC>
    <MFTV>43,000000</MFTV>
    <PRGP>43,000000</PRGP>
    <ROSN>43,000000</ROSN>
    <SLOV>43,000000</SLOV>
    <SVIZ>43,000000</SVIZ>
    <BSP>43,000000</BSP>
    <MALT>43,000000</MALT>
    <XAUS>43,000000</XAUS>
    <XFRA>43,000000</XFRA>
  </Prezzi>
</NewDataSet>