<?xml version="1.0" standalone="yes"?>
<NewDataSet>
  <xs:schema id="NewDataSet" xmlns="" xmlns:xs="http://www.w3.org/2001/XMLSchema" xmlns:msdata="urn:schemas-microsoft-com:xml-msdata">
    <xs:element name="NewDataSet" msdata:IsDataSet="true" msdata:UseCurrentLocale="true">
      <xs:complexType>
        <xs:choice minOccurs="0" maxOccurs="unbounded">
          <xs:element name="Prezzi">
            <xs:complexType>
              <xs:sequence>
                <xs:element name="Data" type="xs:string" minOccurs="0" />
                <xs:element name="Mercato" type="xs:string" minOccurs="0" />
                <xs:element name="Ora" type="xs:string" minOccurs="0" />
                <xs:element name="PUN" type="xs:string" minOccurs="0" />
                <xs:element name="NAT" type="xs:string" minOccurs="0" />
                <xs:element name="CNOR" type="xs:string" minOccurs="0" />
                <xs:element name="CSUD" type="xs:string" minOccurs="0" />
                <xs:element name="NORD" type="xs:string" minOccurs="0" />
                <xs:element name="SARD" type="xs:string" minOccurs="0" />
                <xs:element name="SICI" type="xs:string" minOccurs="0" />
                <xs:element name="SUD" type="xs:string" minOccurs="0" />
                <xs:element name="AUST" type="xs:string" minOccurs="0" />
                <xs:element name="BRNN" type="xs:string" minOccurs="0" />
                <xs:element name="COAC" type="xs:string" minOccurs="0" />
                <xs:element name="CORS" type="xs:string" minOccurs="0" />
                <xs:element name="FOGN" type="xs:string" minOccurs="0" />
                <xs:element name="FRAN" type="xs:string" minOccurs="0" />
                <xs:element name="GREC" type="xs:string" minOccurs="0" />
                <xs:element name="MFTV" type="xs:string" minOccurs="0" />
                <xs:element name="PRGP" type="xs:string" minOccurs="0" />
                <xs:element name="ROSN" type="xs:string" minOccurs="0" />
                <xs:element name="SLOV" type="xs:string" minOccurs="0" />
                <xs:element name="SVIZ" type="xs:string" minOccurs="0" />
                <xs:element name="BSP" type="xs:string" minOccurs="0" />
                <xs:element name="MALT" type="xs:string" minOccurs="0" />
                <xs:element name="XAUS" type="xs:string" minOccurs="0" />
                <xs:element name="XFRA" type="xs:string" minOccurs="0" />
              </xs:sequence>
            </xs:complexType>
          </xs:element>
        </xs:choice>
      </xs:complexType>
    </xs:element>
  </xs:schema>
  <Prezzi>
    <Data>20160927</Data>
    <Mercato>MGP</Mercato>
    <Ora>1</Ora>
    <PUN>37,530000</PUN>
    <NAT>37,530000</NAT>
    <CNOR>37,530000</CNOR>
    <CSUD>37,530000</CSUD>
    <NORD>37,530000</NORD>
    <SARD>37,530000</SARD>
    <SICI>37,530000</SICI>
    <SUD>37,530000</SUD>
    <AUST>37,530000</AUST>
    <BRNN>37,530000</BRNN>
    <COAC>37,530000</COAC>
    <CORS>37,530000</CORS>
    <FOGN>37,530000</FOGN>
    <FRAN>37,530000</FRAN>
    <GREC>37,530000</GREC>
    <MFTV>37,530000</MFTV>
    <PRGP>37,530000</PRGP>
    <ROSN>37,530000</ROSN>
    <SLOV>37,530000</SLOV>
    <SVIZ>37,530000</SVIZ>
    <BSP>37,530000</BSP>
    <MALT>37,530000</MALT>
    <XAUS>37,530000</XAUS>
    <XFRA>37,530000</XFRA>
  </Prezzi>
  <Prezzi>
    <Data>20160927</Data>
    <Mercato>MGP</Mercato>
    <Ora>2</Ora>
    <PUN>34,970000</PUN>
    <NAT>34,970000</NAT>
    <CNOR>34,970000</CNOR>
    <CSUD>34,970000</CSUD>
    <NORD>34,970000</NORD>
    <SARD>34,970000</SARD>
    <SICI>34,970000</SICI>
    <SUD>34,970000</SUD>
    <AUST>34,970000</AUST>
    <BRNN>34,970000</BRNN>
    <COAC>34,970000</COAC>
    <CORS>34,970000</CORS>
    <FOGN>34,970000</FOGN>
    <FRAN>34,970000</FRAN>
    <GREC>34,970000</GREC>
    <MFTV>34,970000</MFTV>
    <PRGP>34,970000</PRGP>
    <ROSN>34,970000</ROSN>
    <SLOV>34,970000</SLOV>
    <SVIZ>34,970000</SVIZ>
    <BSP>34,970000</BSP>
    <MALT>34,970000</MALT>
    <XAUS>34,970000</XAUS>
    <XFRA>34,970000</XFRA>
  </Prezzi>
  <Prezzi>
    <Data>20160927</Data>
    <Mercato>MGP</Mercato>
    <Ora>3</Ora>
    <PUN>34,550000</PUN>
    <NAT>34,550000</NAT>
    <CNOR>34,550000</CNOR>
    <CSUD>34,550000</CSUD>
    <NORD>34,550000</NORD>
    <SARD>34,550000</SARD>
    <SICI>34,550000</SICI>
    <SUD>34,550000</SUD>
    <AUST>34,550000</AUST>
    <BRNN>34,550000</BRNN>
    <COAC>34,550000</COAC>
    <CORS>34,550000</CORS>
    <FOGN>34,550000</FOGN>
    <FRAN>34,550000</FRAN>
    <GREC>34,550000</GREC>
    <MFTV>34,550000</MFTV>
    <PRGP>34,550000</PRGP>
    <ROSN>34,550000</ROSN>
    <SLOV>34,550000</SLOV>
    <SVIZ>34,550000</SVIZ>
    <BSP>34,550000</BSP>
    <MALT>34,550000</MALT>
    <XAUS>34,550000</XAUS>
    <XFRA>34,550000</XFRA>
  </Prezzi>
  <Prezzi>
    <Data>20160927</Data>
    <Mercato>MGP</Mercato>
    <Ora>4</Ora>
    <PUN>34,310000</PUN>
    <NAT>34,310000</NAT>
    <CNOR>34,310000</CNOR>
    <CSUD>34,310000</CSUD>
    <NORD>34,310000</NORD>
    <SARD>34,310000</SARD>
    <SICI>34,310000</SICI>
    <SUD>34,310000</SUD>
    <AUST>34,310000</AUST>
    <BRNN>34,310000</BRNN>
    <COAC>34,310000</COAC>
    <CORS>34,310000</CORS>
    <FOGN>34,310000</FOGN>
    <FRAN>34,310000</FRAN>
    <GREC>34,310000</GREC>
    <MFTV>34,310000</MFTV>
    <PRGP>34,310000</PRGP>
    <ROSN>34,310000</ROSN>
    <SLOV>34,310000</SLOV>
    <SVIZ>34,310000</SVIZ>
    <BSP>34,310000</BSP>
    <MALT>34,310000</MALT>
    <XAUS>34,310000</XAUS>
    <XFRA>34,310000</XFRA>
  </Prezzi>
  <Prezzi>
    <Data>20160927</Data>
    <Mercato>MGP</Mercato>
    <Ora>5</Ora>
    <PUN>34,490000</PUN>
    <NAT>34,490000</NAT>
    <CNOR>34,490000</CNOR>
    <CSUD>34,490000</CSUD>
    <NORD>34,490000</NORD>
    <SARD>34,490000</SARD>
    <SICI>34,490000</SICI>
    <SUD>34,490000</SUD>
    <AUST>34,490000</AUST>
    <BRNN>34,490000</BRNN>
    <COAC>34,490000</COAC>
    <CORS>34,490000</CORS>
    <FOGN>34,490000</FOGN>
    <FRAN>34,490000</FRAN>
    <GREC>34,490000</GREC>
    <MFTV>34,490000</MFTV>
    <PRGP>34,490000</PRGP>
    <ROSN>34,490000</ROSN>
    <SLOV>34,490000</SLOV>
    <SVIZ>34,490000</SVIZ>
    <BSP>34,490000</BSP>
    <MALT>34,490000</MALT>
    <XAUS>34,490000</XAUS>
    <XFRA>34,490000</XFRA>
  </Prezzi>
  <Prezzi>
    <Data>20160927</Data>
    <Mercato>MGP</Mercato>
    <Ora>6</Ora>
    <PUN>35,000000</PUN>
    <NAT>35,000000</NAT>
    <CNOR>35,000000</CNOR>
    <CSUD>35,000000</CSUD>
    <NORD>35,000000</NORD>
    <SARD>35,000000</SARD>
    <SICI>35,000000</SICI>
    <SUD>35,000000</SUD>
    <AUST>35,000000</AUST>
    <BRNN>35,000000</BRNN>
    <COAC>35,000000</COAC>
    <CORS>35,000000</CORS>
    <FOGN>35,000000</FOGN>
    <FRAN>35,000000</FRAN>
    <GREC>35,000000</GREC>
    <MFTV>35,000000</MFTV>
    <PRGP>35,000000</PRGP>
    <ROSN>35,000000</ROSN>
    <SLOV>35,000000</SLOV>
    <SVIZ>35,000000</SVIZ>
    <BSP>35,000000</BSP>
    <MALT>35,000000</MALT>
    <XAUS>35,000000</XAUS>
    <XFRA>35,000000</XFRA>
  </Prezzi>
  <Prezzi>
    <Data>20160927</Data>
    <Mercato>MGP</Mercato>
    <Ora>7</Ora>
    <PUN>43,000000</PUN>
    <NAT>43,000000</NAT>
    <CNOR>43,000000</CNOR>
    <CSUD>43,000000</CSUD>
    <NORD>43,000000</NORD>
    <SARD>43,000000</SARD>
    <SICI>43,000000</SICI>
    <SUD>43,000000</SUD>
    <AUST>43,000000</AUST>
    <BRNN>43,000000</BRNN>
    <COAC>43,000000</COAC>
    <CORS>43,000000</CORS>
    <FOGN>43,000000</FOGN>
    <FRAN>43,000000</FRAN>
    <GREC>43,000000</GREC>
    <MFTV>43,000000</MFTV>
    <PRGP>43,000000</PRGP>
    <ROSN>43,000000</ROSN>
    <SLOV>43,000000</SLOV>
    <SVIZ>43,000000</SVIZ>
    <BSP>43,000000</BSP>
    <MALT>43,000000</MALT>
    <XAUS>43,000000</XAUS>
    <XFRA>43,000000</XFRA>
  </Prezzi>
  <Prezzi>
    <Data>20160927</Data>
    <Mercato>MGP</Mercato>
    <Ora>8</Ora>
    <PUN>49,000000</PUN>
    <NAT>49,000000</NAT>
    <CNOR>49,000000</CNOR>
    <CSUD>49,000000</CSUD>
    <NORD>49,000000</NORD>
    <SARD>49,000000</SARD>
    <SICI>49,000000</SICI>
    <SUD>49,000000</SUD>
    <AUST>49,000000</AUST>
    <BRNN>49,000000</BRNN>
    <COAC>49,000000</COAC>
    <CORS>49,000000</CORS>
    <FOGN>49,000000</FOGN>
    <FRAN>49,000000</FRAN>
    <GREC>49,000000</GREC>
    <MFTV>49,000000</MFTV>
    <PRGP>49,000000</PRGP>
    <ROSN>49,000000</ROSN>
    <SLOV>49,000000</SLOV>
    <SVIZ>49,000000</SVIZ>
    <BSP>49,000000</BSP>
    <MALT>49,000000</MALT>
    <XAUS>49,000000</XAUS>
    <XFRA>49,000000</XFRA>
  </Prezzi>
  <Prezzi>
    <Data>20160927</Data>
    <Mercato>MGP</Mercato>
    <Ora>9</Ora>
    <PUN>49,011850</PUN>
    <NAT>45,410000</NAT>
    <CNOR>50,000000</CNOR>
    <CSUD>50,000000</CSUD>
    <NORD>50,000000</NORD>
    <SARD>50,000000</SARD>
    <SICI>41,900000</SICI>
    <SUD>41,900000</SUD>
    <AUST>50,000000</AUST>
    <BRNN>41,900000</BRNN>
    <COAC>50,000000</COAC>
    <CORS>50,000000</CORS>
    <FOGN>41,900000</FOGN>
    <FRAN>50,000000</FRAN>
    <GREC>41,900000</GREC>
    <MFTV>50,000000</MFTV>
    <PRGP>41,900000</PRGP>
    <ROSN>41,900000</ROSN>
    <SLOV>50,000000</SLOV>
    <SVIZ>50,000000</SVIZ>
    <BSP>50,000000</BSP>
    <MALT>41,900000</MALT>
    <XAUS>50,000000</XAUS>
    <XFRA>50,000000</XFRA>
  </Prezzi>
  <Prezzi>
    <Data>20160927</Data>
    <Mercato>MGP</Mercato>
    <Ora>10</Ora>
    <PUN>46,871160</PUN>
    <NAT>45,000000</NAT>
    <CNOR>47,690530</CNOR>
    <CSUD>47,690530</CSUD>
    <NORD>47,690530</NORD>
    <SARD>47,690530</SARD>
    <SICI>41,000000</SICI>
    <SUD>41,000000</SUD>
    <AUST>47,690530</AUST>
    <BRNN>41,000000</BRNN>
    <COAC>47,690530</COAC>
    <CORS>47,690530</CORS>
    <FOGN>41,000000</FOGN>
    <FRAN>47,690530</FRAN>
    <GREC>41,000000</GREC>
    <MFTV>47,690530</MFTV>
    <PRGP>41,000000</PRGP>
    <ROSN>41,000000</ROSN>
    <SLOV>47,690530</SLOV>
    <SVIZ>47,690530</SVIZ>
    <BSP>47,690530</BSP>
    <MALT>41,000000</MALT>
    <XAUS>47,690530</XAUS>
    <XFRA>47,690530</XFRA>
  </Prezzi>
  <Prezzi>
    <Data>20160927</Data>
    <Mercato>MGP</Mercato>
    <Ora>11</Ora>
    <PUN>45,784710</PUN>
    <NAT>43,700000</NAT>
    <CNOR>46,587730</CNOR>
    <CSUD>46,587730</CSUD>
    <NORD>46,587730</NORD>
    <SARD>46,587730</SARD>
    <SICI>40,000000</SICI>
    <SUD>40,000000</SUD>
    <AUST>46,587730</AUST>
    <BRNN>40,000000</BRNN>
    <COAC>46,587730</COAC>
    <CORS>46,587730</CORS>
    <FOGN>40,000000</FOGN>
    <FRAN>46,587730</FRAN>
    <GREC>40,000000</GREC>
    <MFTV>46,587730</MFTV>
    <PRGP>40,000000</PRGP>
    <ROSN>40,000000</ROSN>
    <SLOV>46,587730</SLOV>
    <SVIZ>46,587730</SVIZ>
    <BSP>46,587730</BSP>
    <MALT>40,000000</MALT>
    <XAUS>46,587730</XAUS>
    <XFRA>46,587730</XFRA>
  </Prezzi>
  <Prezzi>
    <Data>20160927</Data>
    <Mercato>MGP</Mercato>
    <Ora>12</Ora>
    <PUN>45,184940</PUN>
    <NAT>42,440000</NAT>
    <CNOR>46,328110</CNOR>
    <CSUD>46,328110</CSUD>
    <NORD>46,328110</NORD>
    <SARD>46,328110</SARD>
    <SICI>36,900000</SICI>
    <SUD>36,900000</SUD>
    <AUST>46,328110</AUST>
    <BRNN>36,900000</BRNN>
    <COAC>46,328110</COAC>
    <CORS>46,328110</CORS>
    <FOGN>36,900000</FOGN>
    <FRAN>46,328110</FRAN>
    <GREC>36,900000</GREC>
    <MFTV>46,328110</MFTV>
    <PRGP>36,900000</PRGP>
    <ROSN>36,900000</ROSN>
    <SLOV>46,328110</SLOV>
    <SVIZ>46,328110</SVIZ>
    <BSP>46,328110</BSP>
    <MALT>36,900000</MALT>
    <XAUS>46,328110</XAUS>
    <XFRA>46,328110</XFRA>
  </Prezzi>
  <Prezzi>
    <Data>20160927</Data>
    <Mercato>MGP</Mercato>
    <Ora>13</Ora>
    <PUN>41,689610</PUN>
    <NAT>41,000000</NAT>
    <CNOR>42,700000</CNOR>
    <CSUD>42,700000</CSUD>
    <NORD>42,700000</NORD>
    <SARD>42,700000</SARD>
    <SICI>34,790000</SICI>
    <SUD>34,790000</SUD>
    <AUST>42,700000</AUST>
    <BRNN>34,790000</BRNN>
    <COAC>42,700000</COAC>
    <CORS>42,700000</CORS>
    <FOGN>34,790000</FOGN>
    <FRAN>42,700000</FRAN>
    <GREC>34,790000</GREC>
    <MFTV>42,700000</MFTV>
    <PRGP>34,790000</PRGP>
    <ROSN>34,790000</ROSN>
    <SLOV>42,700000</SLOV>
    <SVIZ>42,700000</SVIZ>
    <BSP>42,700000</BSP>
    <MALT>34,790000</MALT>
    <XAUS>42,700000</XAUS>
    <XFRA>42,700000</XFRA>
  </Prezzi>
  <Prezzi>
    <Data>20160927</Data>
    <Mercato>MGP</Mercato>
    <Ora>14</Ora>
    <PUN>43,215990</PUN>
    <NAT>41,800000</NAT>
    <CNOR>44,430000</CNOR>
    <CSUD>44,430000</CSUD>
    <NORD>44,430000</NORD>
    <SARD>44,430000</SARD>
    <SICI>34,550000</SICI>
    <SUD>34,550000</SUD>
    <AUST>44,430000</AUST>
    <BRNN>34,550000</BRNN>
    <COAC>44,430000</COAC>
    <CORS>44,430000</CORS>
    <FOGN>34,550000</FOGN>
    <FRAN>44,430000</FRAN>
    <GREC>34,550000</GREC>
    <MFTV>44,430000</MFTV>
    <PRGP>34,550000</PRGP>
    <ROSN>34,550000</ROSN>
    <SLOV>44,430000</SLOV>
    <SVIZ>44,430000</SVIZ>
    <BSP>44,430000</BSP>
    <MALT>34,550000</MALT>
    <XAUS>44,430000</XAUS>
    <XFRA>44,430000</XFRA>
  </Prezzi>
  <Prezzi>
    <Data>20160927</Data>
    <Mercato>MGP</Mercato>
    <Ora>15</Ora>
    <PUN>43,807630</PUN>
    <NAT>41,990000</NAT>
    <CNOR>45,000000</CNOR>
    <CSUD>45,000000</CSUD>
    <NORD>45,000000</NORD>
    <SARD>45,000000</SARD>
    <SICI>34,760000</SICI>
    <SUD>34,760000</SUD>
    <AUST>45,000000</AUST>
    <BRNN>34,760000</BRNN>
    <COAC>45,000000</COAC>
    <CORS>45,000000</CORS>
    <FOGN>34,760000</FOGN>
    <FRAN>45,000000</FRAN>
    <GREC>34,760000</GREC>
    <MFTV>45,000000</MFTV>
    <PRGP>34,760000</PRGP>
    <ROSN>34,760000</ROSN>
    <SLOV>45,000000</SLOV>
    <SVIZ>45,000000</SVIZ>
    <BSP>45,000000</BSP>
    <MALT>34,760000</MALT>
    <XAUS>45,000000</XAUS>
    <XFRA>45,000000</XFRA>
  </Prezzi>
  <Prezzi>
    <Data>20160927</Data>
    <Mercato>MGP</Mercato>
    <Ora>16</Ora>
    <PUN>44,154510</PUN>
    <NAT>41,990000</NAT>
    <CNOR>44,942180</CNOR>
    <CSUD>44,942180</CSUD>
    <NORD>44,942180</NORD>
    <SARD>44,942180</SARD>
    <SICI>38,270000</SICI>
    <SUD>38,270000</SUD>
    <AUST>44,942180</AUST>
    <BRNN>38,270000</BRNN>
    <COAC>44,942180</COAC>
    <CORS>44,942180</CORS>
    <FOGN>38,270000</FOGN>
    <FRAN>44,942180</FRAN>
    <GREC>38,270000</GREC>
    <MFTV>44,942180</MFTV>
    <PRGP>38,270000</PRGP>
    <ROSN>38,270000</ROSN>
    <SLOV>44,942180</SLOV>
    <SVIZ>44,942180</SVIZ>
    <BSP>44,942180</BSP>
    <MALT>38,270000</MALT>
    <XAUS>44,942180</XAUS>
    <XFRA>44,942180</XFRA>
  </Prezzi>
  <Prezzi>
    <Data>20160927</Data>
    <Mercato>MGP</Mercato>
    <Ora>17</Ora>
    <PUN>44,480290</PUN>
    <NAT>42,490000</NAT>
    <CNOR>44,968910</CNOR>
    <CSUD>44,968910</CSUD>
    <NORD>44,968910</NORD>
    <SARD>44,968910</SARD>
    <SICI>41,000000</SICI>
    <SUD>41,000000</SUD>
    <AUST>44,968910</AUST>
    <BRNN>41,000000</BRNN>
    <COAC>44,968910</COAC>
    <CORS>44,968910</CORS>
    <FOGN>41,000000</FOGN>
    <FRAN>44,968910</FRAN>
    <GREC>41,000000</GREC>
    <MFTV>44,968910</MFTV>
    <PRGP>41,000000</PRGP>
    <ROSN>41,000000</ROSN>
    <SLOV>44,968910</SLOV>
    <SVIZ>44,968910</SVIZ>
    <BSP>44,968910</BSP>
    <MALT>41,000000</MALT>
    <XAUS>44,968910</XAUS>
    <XFRA>44,968910</XFRA>
  </Prezzi>
  <Prezzi>
    <Data>20160927</Data>
    <Mercato>MGP</Mercato>
    <Ora>18</Ora>
    <PUN>44,956880</PUN>
    <NAT>44,910000</NAT>
    <CNOR>44,956880</CNOR>
    <CSUD>44,956880</CSUD>
    <NORD>44,956880</NORD>
    <SARD>44,956880</SARD>
    <SICI>44,956880</SICI>
    <SUD>44,956880</SUD>
    <AUST>44,956880</AUST>
    <BRNN>44,956880</BRNN>
    <COAC>44,956880</COAC>
    <CORS>44,956880</CORS>
    <FOGN>44,956880</FOGN>
    <FRAN>44,956880</FRAN>
    <GREC>44,956880</GREC>
    <MFTV>44,956880</MFTV>
    <PRGP>44,956880</PRGP>
    <ROSN>44,956880</ROSN>
    <SLOV>44,956880</SLOV>
    <SVIZ>44,956880</SVIZ>
    <BSP>44,956880</BSP>
    <MALT>44,956880</MALT>
    <XAUS>44,956880</XAUS>
    <XFRA>44,956880</XFRA>
  </Prezzi>
  <Prezzi>
    <Data>20160927</Data>
    <Mercato>MGP</Mercato>
    <Ora>19</Ora>
    <PUN>45,760000</PUN>
    <NAT>45,800000</NAT>
    <CNOR>45,760000</CNOR>
    <CSUD>45,760000</CSUD>
    <NORD>45,760000</NORD>
    <SARD>45,760000</SARD>
    <SICI>45,760000</SICI>
    <SUD>45,760000</SUD>
    <AUST>45,760000</AUST>
    <BRNN>45,760000</BRNN>
    <COAC>45,760000</COAC>
    <CORS>45,760000</CORS>
    <FOGN>45,760000</FOGN>
    <FRAN>45,760000</FRAN>
    <GREC>45,760000</GREC>
    <MFTV>45,760000</MFTV>
    <PRGP>45,760000</PRGP>
    <ROSN>45,760000</ROSN>
    <SLOV>45,760000</SLOV>
    <SVIZ>45,760000</SVIZ>
    <BSP>45,760000</BSP>
    <MALT>45,760000</MALT>
    <XAUS>45,760000</XAUS>
    <XFRA>45,760000</XFRA>
  </Prezzi>
  <Prezzi>
    <Data>20160927</Data>
    <Mercato>MGP</Mercato>
    <Ora>20</Ora>
    <PUN>50,599240</PUN>
    <NAT>50,000000</NAT>
    <CNOR>49,102110</CNOR>
    <CSUD>49,102110</CSUD>
    <NORD>49,102110</NORD>
    <SARD>49,102110</SARD>
    <SICI>73,640000</SICI>
    <SUD>49,102110</SUD>
    <AUST>49,102110</AUST>
    <BRNN>49,102110</BRNN>
    <COAC>49,102110</COAC>
    <CORS>49,102110</CORS>
    <FOGN>49,102110</FOGN>
    <FRAN>49,102110</FRAN>
    <GREC>49,102110</GREC>
    <MFTV>49,102110</MFTV>
    <PRGP>73,640000</PRGP>
    <ROSN>49,102110</ROSN>
    <SLOV>49,102110</SLOV>
    <SVIZ>49,102110</SVIZ>
    <BSP>49,102110</BSP>
    <MALT>73,640000</MALT>
    <XAUS>49,102110</XAUS>
    <XFRA>49,102110</XFRA>
  </Prezzi>
  <Prezzi>
    <Data>20160927</Data>
    <Mercato>MGP</Mercato>
    <Ora>21</Ora>
    <PUN>50,405390</PUN>
    <NAT>50,000000</NAT>
    <CNOR>48,870000</CNOR>
    <CSUD>48,870000</CSUD>
    <NORD>48,870000</NORD>
    <SARD>48,870000</SARD>
    <SICI>73,640000</SICI>
    <SUD>48,870000</SUD>
    <AUST>48,870000</AUST>
    <BRNN>48,870000</BRNN>
    <COAC>48,870000</COAC>
    <CORS>48,870000</CORS>
    <FOGN>48,870000</FOGN>
    <FRAN>48,870000</FRAN>
    <GREC>48,870000</GREC>
    <MFTV>48,870000</MFTV>
    <PRGP>73,640000</PRGP>
    <ROSN>48,870000</ROSN>
    <SLOV>48,870000</SLOV>
    <SVIZ>48,870000</SVIZ>
    <BSP>48,870000</BSP>
    <MALT>73,640000</MALT>
    <XAUS>48,870000</XAUS>
    <XFRA>48,870000</XFRA>
  </Prezzi>
  <Prezzi>
    <Data>20160927</Data>
    <Mercato>MGP</Mercato>
    <Ora>22</Ora>
    <PUN>47,993260</PUN>
    <NAT>47,000000</NAT>
    <CNOR>46,300000</CNOR>
    <CSUD>46,300000</CSUD>
    <NORD>46,300000</NORD>
    <SARD>46,300000</SARD>
    <SICI>73,540000</SICI>
    <SUD>46,300000</SUD>
    <AUST>46,300000</AUST>
    <BRNN>46,300000</BRNN>
    <COAC>46,300000</COAC>
    <CORS>46,300000</CORS>
    <FOGN>46,300000</FOGN>
    <FRAN>46,300000</FRAN>
    <GREC>46,300000</GREC>
    <MFTV>46,300000</MFTV>
    <PRGP>73,540000</PRGP>
    <ROSN>46,300000</ROSN>
    <SLOV>46,300000</SLOV>
    <SVIZ>46,300000</SVIZ>
    <BSP>46,300000</BSP>
    <MALT>73,540000</MALT>
    <XAUS>46,300000</XAUS>
    <XFRA>46,300000</XFRA>
  </Prezzi>
  <Prezzi>
    <Data>20160927</Data>
    <Mercato>MGP</Mercato>
    <Ora>23</Ora>
    <PUN>43,502490</PUN>
    <NAT>43,540000</NAT>
    <CNOR>43,500000</CNOR>
    <CSUD>43,500000</CSUD>
    <NORD>43,500000</NORD>
    <SARD>43,500000</SARD>
    <SICI>43,540000</SICI>
    <SUD>43,500000</SUD>
    <AUST>43,500000</AUST>
    <BRNN>43,500000</BRNN>
    <COAC>43,500000</COAC>
    <CORS>43,500000</CORS>
    <FOGN>43,500000</FOGN>
    <FRAN>43,500000</FRAN>
    <GREC>43,500000</GREC>
    <MFTV>43,500000</MFTV>
    <PRGP>43,540000</PRGP>
    <ROSN>43,500000</ROSN>
    <SLOV>43,500000</SLOV>
    <SVIZ>43,500000</SVIZ>
    <BSP>43,500000</BSP>
    <MALT>43,540000</MALT>
    <XAUS>43,500000</XAUS>
    <XFRA>43,500000</XFRA>
  </Prezzi>
  <Prezzi>
    <Data>20160927</Data>
    <Mercato>MGP</Mercato>
    <Ora>24</Ora>
    <PUN>40,118390</PUN>
    <NAT>40,530000</NAT>
    <CNOR>40,000000</CNOR>
    <CSUD>40,000000</CSUD>
    <NORD>40,000000</NORD>
    <SARD>40,000000</SARD>
    <SICI>41,900000</SICI>
    <SUD>40,000000</SUD>
    <AUST>40,000000</AUST>
    <BRNN>40,000000</BRNN>
    <COAC>40,000000</COAC>
    <CORS>40,000000</CORS>
    <FOGN>40,000000</FOGN>
    <FRAN>40,000000</FRAN>
    <GREC>40,000000</GREC>
    <MFTV>40,000000</MFTV>
    <PRGP>41,900000</PRGP>
    <ROSN>40,000000</ROSN>
    <SLOV>40,000000</SLOV>
    <SVIZ>40,000000</SVIZ>
    <BSP>40,000000</BSP>
    <MALT>41,900000</MALT>
    <XAUS>40,000000</XAUS>
    <XFRA>40,000000</XFRA>
  </Prezzi>
</NewDataSet>