<?xml version="1.0" standalone="yes"?>
<NewDataSet>
  <xs:schema id="NewDataSet" xmlns="" xmlns:xs="http://www.w3.org/2001/XMLSchema" xmlns:msdata="urn:schemas-microsoft-com:xml-msdata">
    <xs:element name="NewDataSet" msdata:IsDataSet="true" msdata:UseCurrentLocale="true">
      <xs:complexType>
        <xs:choice minOccurs="0" maxOccurs="unbounded">
          <xs:element name="Prezzi">
            <xs:complexType>
              <xs:sequence>
                <xs:element name="Data" type="xs:string" minOccurs="0" />
                <xs:element name="Mercato" type="xs:string" minOccurs="0" />
                <xs:element name="Ora" type="xs:string" minOccurs="0" />
                <xs:element name="PUN" type="xs:string" minOccurs="0" />
                <xs:element name="NAT" type="xs:string" minOccurs="0" />
                <xs:element name="CNOR" type="xs:string" minOccurs="0" />
                <xs:element name="CSUD" type="xs:string" minOccurs="0" />
                <xs:element name="NORD" type="xs:string" minOccurs="0" />
                <xs:element name="SARD" type="xs:string" minOccurs="0" />
                <xs:element name="SICI" type="xs:string" minOccurs="0" />
                <xs:element name="SUD" type="xs:string" minOccurs="0" />
                <xs:element name="AUST" type="xs:string" minOccurs="0" />
                <xs:element name="BRNN" type="xs:string" minOccurs="0" />
                <xs:element name="COAC" type="xs:string" minOccurs="0" />
                <xs:element name="CORS" type="xs:string" minOccurs="0" />
                <xs:element name="FOGN" type="xs:string" minOccurs="0" />
                <xs:element name="FRAN" type="xs:string" minOccurs="0" />
                <xs:element name="GREC" type="xs:string" minOccurs="0" />
                <xs:element name="MFTV" type="xs:string" minOccurs="0" />
                <xs:element name="PRGP" type="xs:string" minOccurs="0" />
                <xs:element name="ROSN" type="xs:string" minOccurs="0" />
                <xs:element name="SLOV" type="xs:string" minOccurs="0" />
                <xs:element name="SVIZ" type="xs:string" minOccurs="0" />
                <xs:element name="BSP" type="xs:string" minOccurs="0" />
                <xs:element name="MALT" type="xs:string" minOccurs="0" />
                <xs:element name="XAUS" type="xs:string" minOccurs="0" />
                <xs:element name="XFRA" type="xs:string" minOccurs="0" />
              </xs:sequence>
            </xs:complexType>
          </xs:element>
        </xs:choice>
      </xs:complexType>
    </xs:element>
  </xs:schema>
  <Prezzi>
    <Data>20160919</Data>
    <Mercato>MGP</Mercato>
    <Ora>1</Ora>
    <PUN>32,672350</PUN>
    <NAT>31,880000</NAT>
    <CNOR>31,880000</CNOR>
    <CSUD>31,880000</CSUD>
    <NORD>31,880000</NORD>
    <SARD>31,880000</SARD>
    <SICI>43,620000</SICI>
    <SUD>31,880000</SUD>
    <AUST>31,880000</AUST>
    <BRNN>31,880000</BRNN>
    <COAC>31,880000</COAC>
    <CORS>31,880000</CORS>
    <FOGN>31,880000</FOGN>
    <FRAN>31,880000</FRAN>
    <GREC>31,880000</GREC>
    <MFTV>31,880000</MFTV>
    <PRGP>43,620000</PRGP>
    <ROSN>31,880000</ROSN>
    <SLOV>31,880000</SLOV>
    <SVIZ>31,880000</SVIZ>
    <BSP>31,880000</BSP>
    <MALT>43,620000</MALT>
    <XAUS>31,880000</XAUS>
    <XFRA>31,880000</XFRA>
  </Prezzi>
  <Prezzi>
    <Data>20160919</Data>
    <Mercato>MGP</Mercato>
    <Ora>2</Ora>
    <PUN>28,400000</PUN>
    <NAT>28,400000</NAT>
    <CNOR>28,400000</CNOR>
    <CSUD>28,400000</CSUD>
    <NORD>28,400000</NORD>
    <SARD>28,400000</SARD>
    <SICI>28,400000</SICI>
    <SUD>28,400000</SUD>
    <AUST>28,400000</AUST>
    <BRNN>28,400000</BRNN>
    <COAC>28,400000</COAC>
    <CORS>28,400000</CORS>
    <FOGN>28,400000</FOGN>
    <FRAN>28,400000</FRAN>
    <GREC>28,400000</GREC>
    <MFTV>28,400000</MFTV>
    <PRGP>28,400000</PRGP>
    <ROSN>28,400000</ROSN>
    <SLOV>28,400000</SLOV>
    <SVIZ>28,400000</SVIZ>
    <BSP>28,400000</BSP>
    <MALT>28,400000</MALT>
    <XAUS>28,400000</XAUS>
    <XFRA>28,400000</XFRA>
  </Prezzi>
  <Prezzi>
    <Data>20160919</Data>
    <Mercato>MGP</Mercato>
    <Ora>3</Ora>
    <PUN>27,810000</PUN>
    <NAT>27,810000</NAT>
    <CNOR>27,810000</CNOR>
    <CSUD>27,810000</CSUD>
    <NORD>27,810000</NORD>
    <SARD>27,810000</SARD>
    <SICI>27,810000</SICI>
    <SUD>27,810000</SUD>
    <AUST>27,810000</AUST>
    <BRNN>27,810000</BRNN>
    <COAC>27,810000</COAC>
    <CORS>27,810000</CORS>
    <FOGN>27,810000</FOGN>
    <FRAN>27,810000</FRAN>
    <GREC>27,810000</GREC>
    <MFTV>27,810000</MFTV>
    <PRGP>27,810000</PRGP>
    <ROSN>27,810000</ROSN>
    <SLOV>27,810000</SLOV>
    <SVIZ>27,810000</SVIZ>
    <BSP>27,810000</BSP>
    <MALT>27,810000</MALT>
    <XAUS>27,810000</XAUS>
    <XFRA>27,810000</XFRA>
  </Prezzi>
  <Prezzi>
    <Data>20160919</Data>
    <Mercato>MGP</Mercato>
    <Ora>4</Ora>
    <PUN>25,990000</PUN>
    <NAT>25,990000</NAT>
    <CNOR>25,990000</CNOR>
    <CSUD>25,990000</CSUD>
    <NORD>25,990000</NORD>
    <SARD>25,990000</SARD>
    <SICI>25,990000</SICI>
    <SUD>25,990000</SUD>
    <AUST>25,990000</AUST>
    <BRNN>25,990000</BRNN>
    <COAC>25,990000</COAC>
    <CORS>25,990000</CORS>
    <FOGN>25,990000</FOGN>
    <FRAN>25,990000</FRAN>
    <GREC>25,990000</GREC>
    <MFTV>25,990000</MFTV>
    <PRGP>25,990000</PRGP>
    <ROSN>25,990000</ROSN>
    <SLOV>25,990000</SLOV>
    <SVIZ>25,990000</SVIZ>
    <BSP>25,990000</BSP>
    <MALT>25,990000</MALT>
    <XAUS>25,990000</XAUS>
    <XFRA>25,990000</XFRA>
  </Prezzi>
  <Prezzi>
    <Data>20160919</Data>
    <Mercato>MGP</Mercato>
    <Ora>5</Ora>
    <PUN>28,000000</PUN>
    <NAT>28,000000</NAT>
    <CNOR>28,000000</CNOR>
    <CSUD>28,000000</CSUD>
    <NORD>28,000000</NORD>
    <SARD>28,000000</SARD>
    <SICI>28,000000</SICI>
    <SUD>28,000000</SUD>
    <AUST>28,000000</AUST>
    <BRNN>28,000000</BRNN>
    <COAC>28,000000</COAC>
    <CORS>28,000000</CORS>
    <FOGN>28,000000</FOGN>
    <FRAN>28,000000</FRAN>
    <GREC>28,000000</GREC>
    <MFTV>28,000000</MFTV>
    <PRGP>28,000000</PRGP>
    <ROSN>28,000000</ROSN>
    <SLOV>28,000000</SLOV>
    <SVIZ>28,000000</SVIZ>
    <BSP>28,000000</BSP>
    <MALT>28,000000</MALT>
    <XAUS>28,000000</XAUS>
    <XFRA>28,000000</XFRA>
  </Prezzi>
  <Prezzi>
    <Data>20160919</Data>
    <Mercato>MGP</Mercato>
    <Ora>6</Ora>
    <PUN>29,770000</PUN>
    <NAT>29,770000</NAT>
    <CNOR>29,770000</CNOR>
    <CSUD>29,770000</CSUD>
    <NORD>29,770000</NORD>
    <SARD>29,770000</SARD>
    <SICI>29,770000</SICI>
    <SUD>29,770000</SUD>
    <AUST>29,770000</AUST>
    <BRNN>29,770000</BRNN>
    <COAC>29,770000</COAC>
    <CORS>29,770000</CORS>
    <FOGN>29,770000</FOGN>
    <FRAN>29,770000</FRAN>
    <GREC>29,770000</GREC>
    <MFTV>29,770000</MFTV>
    <PRGP>29,770000</PRGP>
    <ROSN>29,770000</ROSN>
    <SLOV>29,770000</SLOV>
    <SVIZ>29,770000</SVIZ>
    <BSP>29,770000</BSP>
    <MALT>29,770000</MALT>
    <XAUS>29,770000</XAUS>
    <XFRA>29,770000</XFRA>
  </Prezzi>
  <Prezzi>
    <Data>20160919</Data>
    <Mercato>MGP</Mercato>
    <Ora>7</Ora>
    <PUN>37,140000</PUN>
    <NAT>37,140000</NAT>
    <CNOR>37,140000</CNOR>
    <CSUD>37,140000</CSUD>
    <NORD>37,140000</NORD>
    <SARD>37,140000</SARD>
    <SICI>37,140000</SICI>
    <SUD>37,140000</SUD>
    <AUST>37,140000</AUST>
    <BRNN>37,140000</BRNN>
    <COAC>37,140000</COAC>
    <CORS>37,140000</CORS>
    <FOGN>37,140000</FOGN>
    <FRAN>37,140000</FRAN>
    <GREC>37,140000</GREC>
    <MFTV>37,140000</MFTV>
    <PRGP>37,140000</PRGP>
    <ROSN>37,140000</ROSN>
    <SLOV>37,140000</SLOV>
    <SVIZ>37,140000</SVIZ>
    <BSP>37,140000</BSP>
    <MALT>37,140000</MALT>
    <XAUS>37,140000</XAUS>
    <XFRA>37,140000</XFRA>
  </Prezzi>
  <Prezzi>
    <Data>20160919</Data>
    <Mercato>MGP</Mercato>
    <Ora>8</Ora>
    <PUN>42,310000</PUN>
    <NAT>42,360000</NAT>
    <CNOR>42,310000</CNOR>
    <CSUD>42,310000</CSUD>
    <NORD>42,310000</NORD>
    <SARD>42,310000</SARD>
    <SICI>42,310000</SICI>
    <SUD>42,310000</SUD>
    <AUST>42,310000</AUST>
    <BRNN>42,310000</BRNN>
    <COAC>42,310000</COAC>
    <CORS>42,310000</CORS>
    <FOGN>42,310000</FOGN>
    <FRAN>42,310000</FRAN>
    <GREC>42,310000</GREC>
    <MFTV>42,310000</MFTV>
    <PRGP>42,310000</PRGP>
    <ROSN>42,310000</ROSN>
    <SLOV>42,310000</SLOV>
    <SVIZ>42,310000</SVIZ>
    <BSP>42,310000</BSP>
    <MALT>42,310000</MALT>
    <XAUS>42,310000</XAUS>
    <XFRA>42,310000</XFRA>
  </Prezzi>
  <Prezzi>
    <Data>20160919</Data>
    <Mercato>MGP</Mercato>
    <Ora>9</Ora>
    <PUN>44,600000</PUN>
    <NAT>44,500000</NAT>
    <CNOR>44,600000</CNOR>
    <CSUD>44,600000</CSUD>
    <NORD>44,600000</NORD>
    <SARD>44,600000</SARD>
    <SICI>44,600000</SICI>
    <SUD>44,600000</SUD>
    <AUST>44,600000</AUST>
    <BRNN>44,600000</BRNN>
    <COAC>44,600000</COAC>
    <CORS>44,600000</CORS>
    <FOGN>44,600000</FOGN>
    <FRAN>44,600000</FRAN>
    <GREC>44,600000</GREC>
    <MFTV>44,600000</MFTV>
    <PRGP>44,600000</PRGP>
    <ROSN>44,600000</ROSN>
    <SLOV>44,600000</SLOV>
    <SVIZ>44,600000</SVIZ>
    <BSP>44,600000</BSP>
    <MALT>44,600000</MALT>
    <XAUS>44,600000</XAUS>
    <XFRA>44,600000</XFRA>
  </Prezzi>
  <Prezzi>
    <Data>20160919</Data>
    <Mercato>MGP</Mercato>
    <Ora>10</Ora>
    <PUN>43,789770</PUN>
    <NAT>43,620000</NAT>
    <CNOR>43,620000</CNOR>
    <CSUD>43,620000</CSUD>
    <NORD>43,909680</NORD>
    <SARD>43,620000</SARD>
    <SICI>43,620000</SICI>
    <SUD>43,620000</SUD>
    <AUST>43,909680</AUST>
    <BRNN>43,620000</BRNN>
    <COAC>43,620000</COAC>
    <CORS>43,620000</CORS>
    <FOGN>43,620000</FOGN>
    <FRAN>43,909680</FRAN>
    <GREC>43,620000</GREC>
    <MFTV>43,909680</MFTV>
    <PRGP>43,620000</PRGP>
    <ROSN>43,620000</ROSN>
    <SLOV>43,909680</SLOV>
    <SVIZ>43,909680</SVIZ>
    <BSP>43,909680</BSP>
    <MALT>43,620000</MALT>
    <XAUS>43,909680</XAUS>
    <XFRA>43,909680</XFRA>
  </Prezzi>
  <Prezzi>
    <Data>20160919</Data>
    <Mercato>MGP</Mercato>
    <Ora>11</Ora>
    <PUN>43,141890</PUN>
    <NAT>43,010000</NAT>
    <CNOR>42,000000</CNOR>
    <CSUD>42,000000</CSUD>
    <NORD>43,947600</NORD>
    <SARD>42,000000</SARD>
    <SICI>42,000000</SICI>
    <SUD>42,000000</SUD>
    <AUST>43,947600</AUST>
    <BRNN>42,000000</BRNN>
    <COAC>42,000000</COAC>
    <CORS>42,000000</CORS>
    <FOGN>42,000000</FOGN>
    <FRAN>43,947600</FRAN>
    <GREC>42,000000</GREC>
    <MFTV>43,947600</MFTV>
    <PRGP>42,000000</PRGP>
    <ROSN>42,000000</ROSN>
    <SLOV>43,947600</SLOV>
    <SVIZ>43,947600</SVIZ>
    <BSP>43,947600</BSP>
    <MALT>42,000000</MALT>
    <XAUS>43,947600</XAUS>
    <XFRA>43,947600</XFRA>
  </Prezzi>
  <Prezzi>
    <Data>20160919</Data>
    <Mercato>MGP</Mercato>
    <Ora>12</Ora>
    <PUN>43,148900</PUN>
    <NAT>42,140000</NAT>
    <CNOR>42,000000</CNOR>
    <CSUD>42,000000</CSUD>
    <NORD>43,974430</NORD>
    <SARD>42,000000</SARD>
    <SICI>42,000000</SICI>
    <SUD>42,000000</SUD>
    <AUST>43,974430</AUST>
    <BRNN>42,000000</BRNN>
    <COAC>42,000000</COAC>
    <CORS>42,000000</CORS>
    <FOGN>42,000000</FOGN>
    <FRAN>43,974430</FRAN>
    <GREC>42,000000</GREC>
    <MFTV>43,974430</MFTV>
    <PRGP>42,000000</PRGP>
    <ROSN>42,000000</ROSN>
    <SLOV>43,974430</SLOV>
    <SVIZ>43,974430</SVIZ>
    <BSP>43,974430</BSP>
    <MALT>42,000000</MALT>
    <XAUS>43,974430</XAUS>
    <XFRA>43,974430</XFRA>
  </Prezzi>
  <Prezzi>
    <Data>20160919</Data>
    <Mercato>MGP</Mercato>
    <Ora>13</Ora>
    <PUN>41,650000</PUN>
    <NAT>41,650000</NAT>
    <CNOR>41,650000</CNOR>
    <CSUD>41,650000</CSUD>
    <NORD>41,650000</NORD>
    <SARD>41,650000</SARD>
    <SICI>41,650000</SICI>
    <SUD>41,650000</SUD>
    <AUST>41,650000</AUST>
    <BRNN>41,650000</BRNN>
    <COAC>41,650000</COAC>
    <CORS>41,650000</CORS>
    <FOGN>41,650000</FOGN>
    <FRAN>41,650000</FRAN>
    <GREC>41,650000</GREC>
    <MFTV>41,650000</MFTV>
    <PRGP>41,650000</PRGP>
    <ROSN>41,650000</ROSN>
    <SLOV>41,650000</SLOV>
    <SVIZ>41,650000</SVIZ>
    <BSP>41,650000</BSP>
    <MALT>41,650000</MALT>
    <XAUS>41,650000</XAUS>
    <XFRA>41,650000</XFRA>
  </Prezzi>
  <Prezzi>
    <Data>20160919</Data>
    <Mercato>MGP</Mercato>
    <Ora>14</Ora>
    <PUN>41,000000</PUN>
    <NAT>41,000000</NAT>
    <CNOR>41,000000</CNOR>
    <CSUD>41,000000</CSUD>
    <NORD>41,000000</NORD>
    <SARD>41,000000</SARD>
    <SICI>41,000000</SICI>
    <SUD>41,000000</SUD>
    <AUST>41,000000</AUST>
    <BRNN>41,000000</BRNN>
    <COAC>41,000000</COAC>
    <CORS>41,000000</CORS>
    <FOGN>41,000000</FOGN>
    <FRAN>41,000000</FRAN>
    <GREC>41,000000</GREC>
    <MFTV>41,000000</MFTV>
    <PRGP>41,000000</PRGP>
    <ROSN>41,000000</ROSN>
    <SLOV>41,000000</SLOV>
    <SVIZ>41,000000</SVIZ>
    <BSP>41,000000</BSP>
    <MALT>41,000000</MALT>
    <XAUS>41,000000</XAUS>
    <XFRA>41,000000</XFRA>
  </Prezzi>
  <Prezzi>
    <Data>20160919</Data>
    <Mercato>MGP</Mercato>
    <Ora>15</Ora>
    <PUN>42,565870</PUN>
    <NAT>41,100000</NAT>
    <CNOR>43,250000</CNOR>
    <CSUD>41,000000</CSUD>
    <NORD>43,250000</NORD>
    <SARD>41,000000</SARD>
    <SICI>41,000000</SICI>
    <SUD>41,000000</SUD>
    <AUST>43,250000</AUST>
    <BRNN>41,000000</BRNN>
    <COAC>41,000000</COAC>
    <CORS>43,250000</CORS>
    <FOGN>41,000000</FOGN>
    <FRAN>43,250000</FRAN>
    <GREC>41,000000</GREC>
    <MFTV>43,250000</MFTV>
    <PRGP>41,000000</PRGP>
    <ROSN>41,000000</ROSN>
    <SLOV>43,250000</SLOV>
    <SVIZ>43,250000</SVIZ>
    <BSP>43,250000</BSP>
    <MALT>41,000000</MALT>
    <XAUS>43,250000</XAUS>
    <XFRA>43,250000</XFRA>
  </Prezzi>
  <Prezzi>
    <Data>20160919</Data>
    <Mercato>MGP</Mercato>
    <Ora>16</Ora>
    <PUN>42,390640</PUN>
    <NAT>42,000000</NAT>
    <CNOR>43,000000</CNOR>
    <CSUD>41,000000</CSUD>
    <NORD>43,000000</NORD>
    <SARD>41,000000</SARD>
    <SICI>41,000000</SICI>
    <SUD>41,000000</SUD>
    <AUST>43,000000</AUST>
    <BRNN>41,000000</BRNN>
    <COAC>41,000000</COAC>
    <CORS>43,000000</CORS>
    <FOGN>41,000000</FOGN>
    <FRAN>43,000000</FRAN>
    <GREC>41,000000</GREC>
    <MFTV>43,000000</MFTV>
    <PRGP>41,000000</PRGP>
    <ROSN>41,000000</ROSN>
    <SLOV>43,000000</SLOV>
    <SVIZ>43,000000</SVIZ>
    <BSP>43,000000</BSP>
    <MALT>41,000000</MALT>
    <XAUS>43,000000</XAUS>
    <XFRA>43,000000</XFRA>
  </Prezzi>
  <Prezzi>
    <Data>20160919</Data>
    <Mercato>MGP</Mercato>
    <Ora>17</Ora>
    <PUN>42,633380</PUN>
    <NAT>42,500000</NAT>
    <CNOR>42,633380</CNOR>
    <CSUD>42,633380</CSUD>
    <NORD>42,633380</NORD>
    <SARD>42,633380</SARD>
    <SICI>42,633380</SICI>
    <SUD>42,633380</SUD>
    <AUST>42,633380</AUST>
    <BRNN>42,633380</BRNN>
    <COAC>42,633380</COAC>
    <CORS>42,633380</CORS>
    <FOGN>42,633380</FOGN>
    <FRAN>42,633380</FRAN>
    <GREC>42,633380</GREC>
    <MFTV>42,633380</MFTV>
    <PRGP>42,633380</PRGP>
    <ROSN>42,633380</ROSN>
    <SLOV>42,633380</SLOV>
    <SVIZ>42,633380</SVIZ>
    <BSP>42,633380</BSP>
    <MALT>42,633380</MALT>
    <XAUS>42,633380</XAUS>
    <XFRA>42,633380</XFRA>
  </Prezzi>
  <Prezzi>
    <Data>20160919</Data>
    <Mercato>MGP</Mercato>
    <Ora>18</Ora>
    <PUN>44,000000</PUN>
    <NAT>44,000000</NAT>
    <CNOR>44,000000</CNOR>
    <CSUD>44,000000</CSUD>
    <NORD>44,000000</NORD>
    <SARD>44,000000</SARD>
    <SICI>44,000000</SICI>
    <SUD>44,000000</SUD>
    <AUST>44,000000</AUST>
    <BRNN>44,000000</BRNN>
    <COAC>44,000000</COAC>
    <CORS>44,000000</CORS>
    <FOGN>44,000000</FOGN>
    <FRAN>44,000000</FRAN>
    <GREC>44,000000</GREC>
    <MFTV>44,000000</MFTV>
    <PRGP>44,000000</PRGP>
    <ROSN>44,000000</ROSN>
    <SLOV>44,000000</SLOV>
    <SVIZ>44,000000</SVIZ>
    <BSP>44,000000</BSP>
    <MALT>44,000000</MALT>
    <XAUS>44,000000</XAUS>
    <XFRA>44,000000</XFRA>
  </Prezzi>
  <Prezzi>
    <Data>20160919</Data>
    <Mercato>MGP</Mercato>
    <Ora>19</Ora>
    <PUN>45,190000</PUN>
    <NAT>45,950000</NAT>
    <CNOR>45,190000</CNOR>
    <CSUD>45,190000</CSUD>
    <NORD>45,190000</NORD>
    <SARD>45,190000</SARD>
    <SICI>45,190000</SICI>
    <SUD>45,190000</SUD>
    <AUST>45,190000</AUST>
    <BRNN>45,190000</BRNN>
    <COAC>45,190000</COAC>
    <CORS>45,190000</CORS>
    <FOGN>45,190000</FOGN>
    <FRAN>45,190000</FRAN>
    <GREC>45,190000</GREC>
    <MFTV>45,190000</MFTV>
    <PRGP>45,190000</PRGP>
    <ROSN>45,190000</ROSN>
    <SLOV>45,190000</SLOV>
    <SVIZ>45,190000</SVIZ>
    <BSP>45,190000</BSP>
    <MALT>45,190000</MALT>
    <XAUS>45,190000</XAUS>
    <XFRA>45,190000</XFRA>
  </Prezzi>
  <Prezzi>
    <Data>20160919</Data>
    <Mercato>MGP</Mercato>
    <Ora>20</Ora>
    <PUN>46,590000</PUN>
    <NAT>46,500000</NAT>
    <CNOR>46,590000</CNOR>
    <CSUD>46,590000</CSUD>
    <NORD>46,590000</NORD>
    <SARD>46,590000</SARD>
    <SICI>46,590000</SICI>
    <SUD>46,590000</SUD>
    <AUST>46,590000</AUST>
    <BRNN>46,590000</BRNN>
    <COAC>46,590000</COAC>
    <CORS>46,590000</CORS>
    <FOGN>46,590000</FOGN>
    <FRAN>46,590000</FRAN>
    <GREC>46,590000</GREC>
    <MFTV>46,590000</MFTV>
    <PRGP>46,590000</PRGP>
    <ROSN>46,590000</ROSN>
    <SLOV>46,590000</SLOV>
    <SVIZ>46,590000</SVIZ>
    <BSP>46,590000</BSP>
    <MALT>46,590000</MALT>
    <XAUS>46,590000</XAUS>
    <XFRA>46,590000</XFRA>
  </Prezzi>
  <Prezzi>
    <Data>20160919</Data>
    <Mercato>MGP</Mercato>
    <Ora>21</Ora>
    <PUN>48,954810</PUN>
    <NAT>50,000000</NAT>
    <CNOR>47,360000</CNOR>
    <CSUD>47,360000</CSUD>
    <NORD>47,360000</NORD>
    <SARD>47,360000</SARD>
    <SICI>73,640000</SICI>
    <SUD>47,360000</SUD>
    <AUST>47,360000</AUST>
    <BRNN>47,360000</BRNN>
    <COAC>47,360000</COAC>
    <CORS>47,360000</CORS>
    <FOGN>47,360000</FOGN>
    <FRAN>47,360000</FRAN>
    <GREC>47,360000</GREC>
    <MFTV>47,360000</MFTV>
    <PRGP>73,640000</PRGP>
    <ROSN>47,360000</ROSN>
    <SLOV>47,360000</SLOV>
    <SVIZ>47,360000</SVIZ>
    <BSP>47,360000</BSP>
    <MALT>73,640000</MALT>
    <XAUS>47,360000</XAUS>
    <XFRA>47,360000</XFRA>
  </Prezzi>
  <Prezzi>
    <Data>20160919</Data>
    <Mercato>MGP</Mercato>
    <Ora>22</Ora>
    <PUN>44,060460</PUN>
    <NAT>44,800000</NAT>
    <CNOR>44,000000</CNOR>
    <CSUD>44,000000</CSUD>
    <NORD>44,000000</NORD>
    <SARD>44,000000</SARD>
    <SICI>45,000000</SICI>
    <SUD>44,000000</SUD>
    <AUST>44,000000</AUST>
    <BRNN>44,000000</BRNN>
    <COAC>44,000000</COAC>
    <CORS>44,000000</CORS>
    <FOGN>44,000000</FOGN>
    <FRAN>44,000000</FRAN>
    <GREC>44,000000</GREC>
    <MFTV>44,000000</MFTV>
    <PRGP>45,000000</PRGP>
    <ROSN>44,000000</ROSN>
    <SLOV>44,000000</SLOV>
    <SVIZ>44,000000</SVIZ>
    <BSP>44,000000</BSP>
    <MALT>45,000000</MALT>
    <XAUS>44,000000</XAUS>
    <XFRA>44,000000</XFRA>
  </Prezzi>
  <Prezzi>
    <Data>20160919</Data>
    <Mercato>MGP</Mercato>
    <Ora>23</Ora>
    <PUN>44,004840</PUN>
    <NAT>44,000000</NAT>
    <CNOR>43,939400</CNOR>
    <CSUD>43,939400</CSUD>
    <NORD>43,939400</NORD>
    <SARD>43,939400</SARD>
    <SICI>45,000000</SICI>
    <SUD>43,939400</SUD>
    <AUST>43,939400</AUST>
    <BRNN>43,939400</BRNN>
    <COAC>43,939400</COAC>
    <CORS>43,939400</CORS>
    <FOGN>43,939400</FOGN>
    <FRAN>43,939400</FRAN>
    <GREC>43,939400</GREC>
    <MFTV>43,939400</MFTV>
    <PRGP>45,000000</PRGP>
    <ROSN>43,939400</ROSN>
    <SLOV>43,939400</SLOV>
    <SVIZ>43,939400</SVIZ>
    <BSP>43,939400</BSP>
    <MALT>45,000000</MALT>
    <XAUS>43,939400</XAUS>
    <XFRA>43,939400</XFRA>
  </Prezzi>
  <Prezzi>
    <Data>20160919</Data>
    <Mercato>MGP</Mercato>
    <Ora>24</Ora>
    <PUN>40,692780</PUN>
    <NAT>41,000000</NAT>
    <CNOR>40,500000</CNOR>
    <CSUD>40,500000</CSUD>
    <NORD>40,500000</NORD>
    <SARD>40,500000</SARD>
    <SICI>43,620000</SICI>
    <SUD>40,500000</SUD>
    <AUST>40,500000</AUST>
    <BRNN>40,500000</BRNN>
    <COAC>40,500000</COAC>
    <CORS>40,500000</CORS>
    <FOGN>40,500000</FOGN>
    <FRAN>40,500000</FRAN>
    <GREC>40,500000</GREC>
    <MFTV>40,500000</MFTV>
    <PRGP>43,620000</PRGP>
    <ROSN>40,500000</ROSN>
    <SLOV>40,500000</SLOV>
    <SVIZ>40,500000</SVIZ>
    <BSP>40,500000</BSP>
    <MALT>43,620000</MALT>
    <XAUS>40,500000</XAUS>
    <XFRA>40,500000</XFRA>
  </Prezzi>
</NewDataSet>