<?xml version="1.0" standalone="yes"?>
<NewDataSet>
  <xs:schema id="NewDataSet" xmlns="" xmlns:xs="http://www.w3.org/2001/XMLSchema" xmlns:msdata="urn:schemas-microsoft-com:xml-msdata">
    <xs:element name="NewDataSet" msdata:IsDataSet="true" msdata:UseCurrentLocale="true">
      <xs:complexType>
        <xs:choice minOccurs="0" maxOccurs="unbounded">
          <xs:element name="Prezzi">
            <xs:complexType>
              <xs:sequence>
                <xs:element name="Data" type="xs:string" minOccurs="0" />
                <xs:element name="Mercato" type="xs:string" minOccurs="0" />
                <xs:element name="Ora" type="xs:string" minOccurs="0" />
                <xs:element name="PUN" type="xs:string" minOccurs="0" />
                <xs:element name="NAT" type="xs:string" minOccurs="0" />
                <xs:element name="CNOR" type="xs:string" minOccurs="0" />
                <xs:element name="CSUD" type="xs:string" minOccurs="0" />
                <xs:element name="NORD" type="xs:string" minOccurs="0" />
                <xs:element name="SARD" type="xs:string" minOccurs="0" />
                <xs:element name="SICI" type="xs:string" minOccurs="0" />
                <xs:element name="SUD" type="xs:string" minOccurs="0" />
                <xs:element name="AUST" type="xs:string" minOccurs="0" />
                <xs:element name="BRNN" type="xs:string" minOccurs="0" />
                <xs:element name="COAC" type="xs:string" minOccurs="0" />
                <xs:element name="CORS" type="xs:string" minOccurs="0" />
                <xs:element name="FOGN" type="xs:string" minOccurs="0" />
                <xs:element name="FRAN" type="xs:string" minOccurs="0" />
                <xs:element name="GREC" type="xs:string" minOccurs="0" />
                <xs:element name="MFTV" type="xs:string" minOccurs="0" />
                <xs:element name="PRGP" type="xs:string" minOccurs="0" />
                <xs:element name="ROSN" type="xs:string" minOccurs="0" />
                <xs:element name="SLOV" type="xs:string" minOccurs="0" />
                <xs:element name="SVIZ" type="xs:string" minOccurs="0" />
                <xs:element name="BSP" type="xs:string" minOccurs="0" />
                <xs:element name="MALT" type="xs:string" minOccurs="0" />
                <xs:element name="XAUS" type="xs:string" minOccurs="0" />
                <xs:element name="XFRA" type="xs:string" minOccurs="0" />
              </xs:sequence>
            </xs:complexType>
          </xs:element>
        </xs:choice>
      </xs:complexType>
    </xs:element>
  </xs:schema>
  <Prezzi>
    <Data>20160904</Data>
    <Mercato>MGP</Mercato>
    <Ora>1</Ora>
    <PUN>40,828490</PUN>
    <NAT>41,000000</NAT>
    <CNOR>40,000000</CNOR>
    <CSUD>40,000000</CSUD>
    <NORD>40,000000</NORD>
    <SARD>40,000000</SARD>
    <SICI>52,080000</SICI>
    <SUD>40,000000</SUD>
    <AUST>40,000000</AUST>
    <BRNN>40,000000</BRNN>
    <COAC>40,000000</COAC>
    <CORS>40,000000</CORS>
    <FOGN>40,000000</FOGN>
    <FRAN>40,000000</FRAN>
    <GREC>40,000000</GREC>
    <MFTV>40,000000</MFTV>
    <PRGP>52,080000</PRGP>
    <ROSN>40,000000</ROSN>
    <SLOV>40,000000</SLOV>
    <SVIZ>40,000000</SVIZ>
    <BSP>40,000000</BSP>
    <MALT>52,080000</MALT>
    <XAUS>40,000000</XAUS>
    <XFRA>40,000000</XFRA>
  </Prezzi>
  <Prezzi>
    <Data>20160904</Data>
    <Mercato>MGP</Mercato>
    <Ora>2</Ora>
    <PUN>40,790320</PUN>
    <NAT>41,000000</NAT>
    <CNOR>40,000000</CNOR>
    <CSUD>40,000000</CSUD>
    <NORD>40,000000</NORD>
    <SARD>40,000000</SARD>
    <SICI>51,560000</SICI>
    <SUD>40,000000</SUD>
    <AUST>40,000000</AUST>
    <BRNN>40,000000</BRNN>
    <COAC>40,000000</COAC>
    <CORS>40,000000</CORS>
    <FOGN>40,000000</FOGN>
    <FRAN>40,000000</FRAN>
    <GREC>40,000000</GREC>
    <MFTV>40,000000</MFTV>
    <PRGP>51,560000</PRGP>
    <ROSN>40,000000</ROSN>
    <SLOV>40,000000</SLOV>
    <SVIZ>40,000000</SVIZ>
    <BSP>40,000000</BSP>
    <MALT>51,560000</MALT>
    <XAUS>40,000000</XAUS>
    <XFRA>40,000000</XFRA>
  </Prezzi>
  <Prezzi>
    <Data>20160904</Data>
    <Mercato>MGP</Mercato>
    <Ora>3</Ora>
    <PUN>37,639600</PUN>
    <NAT>40,000000</NAT>
    <CNOR>36,630000</CNOR>
    <CSUD>36,630000</CSUD>
    <NORD>36,630000</NORD>
    <SARD>36,630000</SARD>
    <SICI>51,560000</SICI>
    <SUD>36,630000</SUD>
    <AUST>36,630000</AUST>
    <BRNN>36,630000</BRNN>
    <COAC>36,630000</COAC>
    <CORS>36,630000</CORS>
    <FOGN>36,630000</FOGN>
    <FRAN>36,630000</FRAN>
    <GREC>36,630000</GREC>
    <MFTV>36,630000</MFTV>
    <PRGP>51,560000</PRGP>
    <ROSN>36,630000</ROSN>
    <SLOV>36,630000</SLOV>
    <SVIZ>36,630000</SVIZ>
    <BSP>36,630000</BSP>
    <MALT>51,560000</MALT>
    <XAUS>36,630000</XAUS>
    <XFRA>36,630000</XFRA>
  </Prezzi>
  <Prezzi>
    <Data>20160904</Data>
    <Mercato>MGP</Mercato>
    <Ora>4</Ora>
    <PUN>37,391150</PUN>
    <NAT>36,960000</NAT>
    <CNOR>36,380000</CNOR>
    <CSUD>36,380000</CSUD>
    <NORD>36,380000</NORD>
    <SARD>36,380000</SARD>
    <SICI>51,560000</SICI>
    <SUD>36,380000</SUD>
    <AUST>36,380000</AUST>
    <BRNN>36,380000</BRNN>
    <COAC>36,380000</COAC>
    <CORS>36,380000</CORS>
    <FOGN>36,380000</FOGN>
    <FRAN>36,380000</FRAN>
    <GREC>36,380000</GREC>
    <MFTV>36,380000</MFTV>
    <PRGP>51,560000</PRGP>
    <ROSN>36,380000</ROSN>
    <SLOV>36,380000</SLOV>
    <SVIZ>36,380000</SVIZ>
    <BSP>36,380000</BSP>
    <MALT>51,560000</MALT>
    <XAUS>36,380000</XAUS>
    <XFRA>36,380000</XFRA>
  </Prezzi>
  <Prezzi>
    <Data>20160904</Data>
    <Mercato>MGP</Mercato>
    <Ora>5</Ora>
    <PUN>37,024960</PUN>
    <NAT>36,630000</NAT>
    <CNOR>36,000000</CNOR>
    <CSUD>36,000000</CSUD>
    <NORD>36,000000</NORD>
    <SARD>36,000000</SARD>
    <SICI>51,560000</SICI>
    <SUD>36,000000</SUD>
    <AUST>36,000000</AUST>
    <BRNN>36,000000</BRNN>
    <COAC>36,000000</COAC>
    <CORS>36,000000</CORS>
    <FOGN>36,000000</FOGN>
    <FRAN>36,000000</FRAN>
    <GREC>36,000000</GREC>
    <MFTV>36,000000</MFTV>
    <PRGP>51,560000</PRGP>
    <ROSN>36,000000</ROSN>
    <SLOV>36,000000</SLOV>
    <SVIZ>36,000000</SVIZ>
    <BSP>36,000000</BSP>
    <MALT>51,560000</MALT>
    <XAUS>36,000000</XAUS>
    <XFRA>36,000000</XFRA>
  </Prezzi>
  <Prezzi>
    <Data>20160904</Data>
    <Mercato>MGP</Mercato>
    <Ora>6</Ora>
    <PUN>37,023130</PUN>
    <NAT>36,630000</NAT>
    <CNOR>36,000000</CNOR>
    <CSUD>36,000000</CSUD>
    <NORD>36,000000</NORD>
    <SARD>36,000000</SARD>
    <SICI>51,560000</SICI>
    <SUD>36,000000</SUD>
    <AUST>36,000000</AUST>
    <BRNN>36,000000</BRNN>
    <COAC>36,000000</COAC>
    <CORS>36,000000</CORS>
    <FOGN>36,000000</FOGN>
    <FRAN>36,000000</FRAN>
    <GREC>36,000000</GREC>
    <MFTV>36,000000</MFTV>
    <PRGP>51,560000</PRGP>
    <ROSN>36,000000</ROSN>
    <SLOV>36,000000</SLOV>
    <SVIZ>36,000000</SVIZ>
    <BSP>36,000000</BSP>
    <MALT>51,560000</MALT>
    <XAUS>36,000000</XAUS>
    <XFRA>36,000000</XFRA>
  </Prezzi>
  <Prezzi>
    <Data>20160904</Data>
    <Mercato>MGP</Mercato>
    <Ora>7</Ora>
    <PUN>37,339930</PUN>
    <NAT>36,650000</NAT>
    <CNOR>36,350000</CNOR>
    <CSUD>36,350000</CSUD>
    <NORD>36,350000</NORD>
    <SARD>36,350000</SARD>
    <SICI>51,560000</SICI>
    <SUD>36,350000</SUD>
    <AUST>36,350000</AUST>
    <BRNN>36,350000</BRNN>
    <COAC>36,350000</COAC>
    <CORS>36,350000</CORS>
    <FOGN>36,350000</FOGN>
    <FRAN>36,350000</FRAN>
    <GREC>36,350000</GREC>
    <MFTV>36,350000</MFTV>
    <PRGP>51,560000</PRGP>
    <ROSN>36,350000</ROSN>
    <SLOV>36,350000</SLOV>
    <SVIZ>36,350000</SVIZ>
    <BSP>36,350000</BSP>
    <MALT>51,560000</MALT>
    <XAUS>36,350000</XAUS>
    <XFRA>36,350000</XFRA>
  </Prezzi>
  <Prezzi>
    <Data>20160904</Data>
    <Mercato>MGP</Mercato>
    <Ora>8</Ora>
    <PUN>33,590530</PUN>
    <NAT>33,660000</NAT>
    <CNOR>31,360000</CNOR>
    <CSUD>31,360000</CSUD>
    <NORD>31,360000</NORD>
    <SARD>31,360000</SARD>
    <SICI>65,560000</SICI>
    <SUD>31,360000</SUD>
    <AUST>31,360000</AUST>
    <BRNN>31,360000</BRNN>
    <COAC>31,360000</COAC>
    <CORS>31,360000</CORS>
    <FOGN>31,360000</FOGN>
    <FRAN>31,360000</FRAN>
    <GREC>31,360000</GREC>
    <MFTV>31,360000</MFTV>
    <PRGP>65,560000</PRGP>
    <ROSN>31,360000</ROSN>
    <SLOV>31,360000</SLOV>
    <SVIZ>31,360000</SVIZ>
    <BSP>31,360000</BSP>
    <MALT>65,560000</MALT>
    <XAUS>31,360000</XAUS>
    <XFRA>31,360000</XFRA>
  </Prezzi>
  <Prezzi>
    <Data>20160904</Data>
    <Mercato>MGP</Mercato>
    <Ora>9</Ora>
    <PUN>33,418980</PUN>
    <NAT>31,990000</NAT>
    <CNOR>31,140000</CNOR>
    <CSUD>31,140000</CSUD>
    <NORD>31,140000</NORD>
    <SARD>31,140000</SARD>
    <SICI>65,560000</SICI>
    <SUD>31,140000</SUD>
    <AUST>31,140000</AUST>
    <BRNN>31,140000</BRNN>
    <COAC>31,140000</COAC>
    <CORS>31,140000</CORS>
    <FOGN>31,140000</FOGN>
    <FRAN>31,140000</FRAN>
    <GREC>31,140000</GREC>
    <MFTV>31,140000</MFTV>
    <PRGP>65,560000</PRGP>
    <ROSN>31,140000</ROSN>
    <SLOV>31,140000</SLOV>
    <SVIZ>31,140000</SVIZ>
    <BSP>31,140000</BSP>
    <MALT>65,560000</MALT>
    <XAUS>31,140000</XAUS>
    <XFRA>31,140000</XFRA>
  </Prezzi>
  <Prezzi>
    <Data>20160904</Data>
    <Mercato>MGP</Mercato>
    <Ora>10</Ora>
    <PUN>33,342680</PUN>
    <NAT>33,990000</NAT>
    <CNOR>31,990000</CNOR>
    <CSUD>31,990000</CSUD>
    <NORD>31,990000</NORD>
    <SARD>31,990000</SARD>
    <SICI>51,560000</SICI>
    <SUD>31,990000</SUD>
    <AUST>31,990000</AUST>
    <BRNN>31,990000</BRNN>
    <COAC>31,990000</COAC>
    <CORS>31,990000</CORS>
    <FOGN>31,990000</FOGN>
    <FRAN>31,990000</FRAN>
    <GREC>31,990000</GREC>
    <MFTV>31,990000</MFTV>
    <PRGP>51,560000</PRGP>
    <ROSN>31,990000</ROSN>
    <SLOV>31,990000</SLOV>
    <SVIZ>31,990000</SVIZ>
    <BSP>31,990000</BSP>
    <MALT>51,560000</MALT>
    <XAUS>31,990000</XAUS>
    <XFRA>31,990000</XFRA>
  </Prezzi>
  <Prezzi>
    <Data>20160904</Data>
    <Mercato>MGP</Mercato>
    <Ora>11</Ora>
    <PUN>34,274240</PUN>
    <NAT>35,100000</NAT>
    <CNOR>32,970000</CNOR>
    <CSUD>32,970000</CSUD>
    <NORD>32,970000</NORD>
    <SARD>32,970000</SARD>
    <SICI>51,560000</SICI>
    <SUD>32,970000</SUD>
    <AUST>32,970000</AUST>
    <BRNN>32,970000</BRNN>
    <COAC>32,970000</COAC>
    <CORS>32,970000</CORS>
    <FOGN>32,970000</FOGN>
    <FRAN>32,970000</FRAN>
    <GREC>32,970000</GREC>
    <MFTV>32,970000</MFTV>
    <PRGP>51,560000</PRGP>
    <ROSN>32,970000</ROSN>
    <SLOV>32,970000</SLOV>
    <SVIZ>32,970000</SVIZ>
    <BSP>32,970000</BSP>
    <MALT>51,560000</MALT>
    <XAUS>32,970000</XAUS>
    <XFRA>32,970000</XFRA>
  </Prezzi>
  <Prezzi>
    <Data>20160904</Data>
    <Mercato>MGP</Mercato>
    <Ora>12</Ora>
    <PUN>33,366100</PUN>
    <NAT>33,990000</NAT>
    <CNOR>31,990000</CNOR>
    <CSUD>31,990000</CSUD>
    <NORD>31,990000</NORD>
    <SARD>31,990000</SARD>
    <SICI>51,560000</SICI>
    <SUD>31,990000</SUD>
    <AUST>31,990000</AUST>
    <BRNN>31,990000</BRNN>
    <COAC>31,990000</COAC>
    <CORS>31,990000</CORS>
    <FOGN>31,990000</FOGN>
    <FRAN>31,990000</FRAN>
    <GREC>31,990000</GREC>
    <MFTV>31,990000</MFTV>
    <PRGP>51,560000</PRGP>
    <ROSN>31,990000</ROSN>
    <SLOV>31,990000</SLOV>
    <SVIZ>31,990000</SVIZ>
    <BSP>31,990000</BSP>
    <MALT>51,560000</MALT>
    <XAUS>31,990000</XAUS>
    <XFRA>31,990000</XFRA>
  </Prezzi>
  <Prezzi>
    <Data>20160904</Data>
    <Mercato>MGP</Mercato>
    <Ora>13</Ora>
    <PUN>32,734010</PUN>
    <NAT>31,990000</NAT>
    <CNOR>31,320000</CNOR>
    <CSUD>31,320000</CSUD>
    <NORD>31,320000</NORD>
    <SARD>31,320000</SARD>
    <SICI>51,560000</SICI>
    <SUD>31,320000</SUD>
    <AUST>31,320000</AUST>
    <BRNN>31,320000</BRNN>
    <COAC>31,320000</COAC>
    <CORS>31,320000</CORS>
    <FOGN>31,320000</FOGN>
    <FRAN>31,320000</FRAN>
    <GREC>31,320000</GREC>
    <MFTV>31,320000</MFTV>
    <PRGP>51,560000</PRGP>
    <ROSN>31,320000</ROSN>
    <SLOV>31,320000</SLOV>
    <SVIZ>31,320000</SVIZ>
    <BSP>31,320000</BSP>
    <MALT>51,560000</MALT>
    <XAUS>31,320000</XAUS>
    <XFRA>31,320000</XFRA>
  </Prezzi>
  <Prezzi>
    <Data>20160904</Data>
    <Mercato>MGP</Mercato>
    <Ora>14</Ora>
    <PUN>31,448940</PUN>
    <NAT>30,690000</NAT>
    <CNOR>30,100000</CNOR>
    <CSUD>30,100000</CSUD>
    <NORD>30,100000</NORD>
    <SARD>30,100000</SARD>
    <SICI>49,860000</SICI>
    <SUD>30,100000</SUD>
    <AUST>30,100000</AUST>
    <BRNN>30,100000</BRNN>
    <COAC>30,100000</COAC>
    <CORS>30,100000</CORS>
    <FOGN>30,100000</FOGN>
    <FRAN>30,100000</FRAN>
    <GREC>30,100000</GREC>
    <MFTV>30,100000</MFTV>
    <PRGP>49,860000</PRGP>
    <ROSN>30,100000</ROSN>
    <SLOV>30,100000</SLOV>
    <SVIZ>30,100000</SVIZ>
    <BSP>30,100000</BSP>
    <MALT>49,860000</MALT>
    <XAUS>30,100000</XAUS>
    <XFRA>30,100000</XFRA>
  </Prezzi>
  <Prezzi>
    <Data>20160904</Data>
    <Mercato>MGP</Mercato>
    <Ora>15</Ora>
    <PUN>30,892340</PUN>
    <NAT>30,690000</NAT>
    <CNOR>30,010000</CNOR>
    <CSUD>30,010000</CSUD>
    <NORD>30,010000</NORD>
    <SARD>30,010000</SARD>
    <SICI>43,460000</SICI>
    <SUD>30,010000</SUD>
    <AUST>30,010000</AUST>
    <BRNN>30,010000</BRNN>
    <COAC>30,010000</COAC>
    <CORS>30,010000</CORS>
    <FOGN>30,010000</FOGN>
    <FRAN>30,010000</FRAN>
    <GREC>30,010000</GREC>
    <MFTV>30,010000</MFTV>
    <PRGP>43,460000</PRGP>
    <ROSN>30,010000</ROSN>
    <SLOV>30,010000</SLOV>
    <SVIZ>30,010000</SVIZ>
    <BSP>30,010000</BSP>
    <MALT>43,460000</MALT>
    <XAUS>30,010000</XAUS>
    <XFRA>30,010000</XFRA>
  </Prezzi>
  <Prezzi>
    <Data>20160904</Data>
    <Mercato>MGP</Mercato>
    <Ora>16</Ora>
    <PUN>31,881820</PUN>
    <NAT>31,340000</NAT>
    <CNOR>31,070000</CNOR>
    <CSUD>31,070000</CSUD>
    <NORD>31,070000</NORD>
    <SARD>31,070000</SARD>
    <SICI>43,460000</SICI>
    <SUD>31,070000</SUD>
    <AUST>31,070000</AUST>
    <BRNN>31,070000</BRNN>
    <COAC>31,070000</COAC>
    <CORS>31,070000</CORS>
    <FOGN>31,070000</FOGN>
    <FRAN>31,070000</FRAN>
    <GREC>31,070000</GREC>
    <MFTV>31,070000</MFTV>
    <PRGP>43,460000</PRGP>
    <ROSN>31,070000</ROSN>
    <SLOV>31,070000</SLOV>
    <SVIZ>31,070000</SVIZ>
    <BSP>31,070000</BSP>
    <MALT>43,460000</MALT>
    <XAUS>31,070000</XAUS>
    <XFRA>31,070000</XFRA>
  </Prezzi>
  <Prezzi>
    <Data>20160904</Data>
    <Mercato>MGP</Mercato>
    <Ora>17</Ora>
    <PUN>35,065640</PUN>
    <NAT>34,600000</NAT>
    <CNOR>33,990000</CNOR>
    <CSUD>33,990000</CSUD>
    <NORD>33,990000</NORD>
    <SARD>33,990000</SARD>
    <SICI>50,140000</SICI>
    <SUD>33,990000</SUD>
    <AUST>33,990000</AUST>
    <BRNN>33,990000</BRNN>
    <COAC>33,990000</COAC>
    <CORS>33,990000</CORS>
    <FOGN>33,990000</FOGN>
    <FRAN>33,990000</FRAN>
    <GREC>33,990000</GREC>
    <MFTV>33,990000</MFTV>
    <PRGP>50,140000</PRGP>
    <ROSN>33,990000</ROSN>
    <SLOV>33,990000</SLOV>
    <SVIZ>33,990000</SVIZ>
    <BSP>33,990000</BSP>
    <MALT>50,140000</MALT>
    <XAUS>33,990000</XAUS>
    <XFRA>33,990000</XFRA>
  </Prezzi>
  <Prezzi>
    <Data>20160904</Data>
    <Mercato>MGP</Mercato>
    <Ora>18</Ora>
    <PUN>35,169110</PUN>
    <NAT>35,900000</NAT>
    <CNOR>33,990000</CNOR>
    <CSUD>33,990000</CSUD>
    <NORD>33,990000</NORD>
    <SARD>33,990000</SARD>
    <SICI>51,560000</SICI>
    <SUD>33,990000</SUD>
    <AUST>33,990000</AUST>
    <BRNN>33,990000</BRNN>
    <COAC>33,990000</COAC>
    <CORS>33,990000</CORS>
    <FOGN>33,990000</FOGN>
    <FRAN>33,990000</FRAN>
    <GREC>33,990000</GREC>
    <MFTV>33,990000</MFTV>
    <PRGP>51,560000</PRGP>
    <ROSN>33,990000</ROSN>
    <SLOV>33,990000</SLOV>
    <SVIZ>33,990000</SVIZ>
    <BSP>33,990000</BSP>
    <MALT>51,560000</MALT>
    <XAUS>33,990000</XAUS>
    <XFRA>33,990000</XFRA>
  </Prezzi>
  <Prezzi>
    <Data>20160904</Data>
    <Mercato>MGP</Mercato>
    <Ora>19</Ora>
    <PUN>38,719310</PUN>
    <NAT>37,840000</NAT>
    <CNOR>36,380000</CNOR>
    <CSUD>36,380000</CSUD>
    <NORD>36,380000</NORD>
    <SARD>36,380000</SARD>
    <SICI>72,080000</SICI>
    <SUD>36,380000</SUD>
    <AUST>36,380000</AUST>
    <BRNN>36,380000</BRNN>
    <COAC>36,380000</COAC>
    <CORS>36,380000</CORS>
    <FOGN>36,380000</FOGN>
    <FRAN>36,380000</FRAN>
    <GREC>36,380000</GREC>
    <MFTV>36,380000</MFTV>
    <PRGP>72,080000</PRGP>
    <ROSN>36,380000</ROSN>
    <SLOV>36,380000</SLOV>
    <SVIZ>36,380000</SVIZ>
    <BSP>36,380000</BSP>
    <MALT>72,080000</MALT>
    <XAUS>36,380000</XAUS>
    <XFRA>36,380000</XFRA>
  </Prezzi>
  <Prezzi>
    <Data>20160904</Data>
    <Mercato>MGP</Mercato>
    <Ora>20</Ora>
    <PUN>43,109790</PUN>
    <NAT>42,000000</NAT>
    <CNOR>41,000000</CNOR>
    <CSUD>41,000000</CSUD>
    <NORD>41,000000</NORD>
    <SARD>41,000000</SARD>
    <SICI>72,080000</SICI>
    <SUD>41,000000</SUD>
    <AUST>41,000000</AUST>
    <BRNN>41,000000</BRNN>
    <COAC>41,000000</COAC>
    <CORS>41,000000</CORS>
    <FOGN>41,000000</FOGN>
    <FRAN>41,000000</FRAN>
    <GREC>41,000000</GREC>
    <MFTV>41,000000</MFTV>
    <PRGP>72,080000</PRGP>
    <ROSN>41,000000</ROSN>
    <SLOV>41,000000</SLOV>
    <SVIZ>41,000000</SVIZ>
    <BSP>41,000000</BSP>
    <MALT>72,080000</MALT>
    <XAUS>41,000000</XAUS>
    <XFRA>41,000000</XFRA>
  </Prezzi>
  <Prezzi>
    <Data>20160904</Data>
    <Mercato>MGP</Mercato>
    <Ora>21</Ora>
    <PUN>46,532670</PUN>
    <NAT>45,000000</NAT>
    <CNOR>45,000000</CNOR>
    <CSUD>45,000000</CSUD>
    <NORD>45,000000</NORD>
    <SARD>45,000000</SARD>
    <SICI>72,080000</SICI>
    <SUD>42,000000</SUD>
    <AUST>45,000000</AUST>
    <BRNN>42,000000</BRNN>
    <COAC>45,000000</COAC>
    <CORS>45,000000</CORS>
    <FOGN>42,000000</FOGN>
    <FRAN>45,000000</FRAN>
    <GREC>42,000000</GREC>
    <MFTV>45,000000</MFTV>
    <PRGP>72,080000</PRGP>
    <ROSN>42,000000</ROSN>
    <SLOV>45,000000</SLOV>
    <SVIZ>45,000000</SVIZ>
    <BSP>45,000000</BSP>
    <MALT>72,080000</MALT>
    <XAUS>45,000000</XAUS>
    <XFRA>45,000000</XFRA>
  </Prezzi>
  <Prezzi>
    <Data>20160904</Data>
    <Mercato>MGP</Mercato>
    <Ora>22</Ora>
    <PUN>43,080410</PUN>
    <NAT>43,000000</NAT>
    <CNOR>41,010000</CNOR>
    <CSUD>41,010000</CSUD>
    <NORD>41,010000</NORD>
    <SARD>41,010000</SARD>
    <SICI>72,080000</SICI>
    <SUD>41,010000</SUD>
    <AUST>41,010000</AUST>
    <BRNN>41,010000</BRNN>
    <COAC>41,010000</COAC>
    <CORS>41,010000</CORS>
    <FOGN>41,010000</FOGN>
    <FRAN>41,010000</FRAN>
    <GREC>41,010000</GREC>
    <MFTV>41,010000</MFTV>
    <PRGP>72,080000</PRGP>
    <ROSN>41,010000</ROSN>
    <SLOV>41,010000</SLOV>
    <SVIZ>41,010000</SVIZ>
    <BSP>41,010000</BSP>
    <MALT>72,080000</MALT>
    <XAUS>41,010000</XAUS>
    <XFRA>41,010000</XFRA>
  </Prezzi>
  <Prezzi>
    <Data>20160904</Data>
    <Mercato>MGP</Mercato>
    <Ora>23</Ora>
    <PUN>42,121560</PUN>
    <NAT>41,000000</NAT>
    <CNOR>40,000000</CNOR>
    <CSUD>40,000000</CSUD>
    <NORD>40,000000</NORD>
    <SARD>40,000000</SARD>
    <SICI>72,080000</SICI>
    <SUD>40,000000</SUD>
    <AUST>40,000000</AUST>
    <BRNN>40,000000</BRNN>
    <COAC>40,000000</COAC>
    <CORS>40,000000</CORS>
    <FOGN>40,000000</FOGN>
    <FRAN>40,000000</FRAN>
    <GREC>40,000000</GREC>
    <MFTV>40,000000</MFTV>
    <PRGP>72,080000</PRGP>
    <ROSN>40,000000</ROSN>
    <SLOV>40,000000</SLOV>
    <SVIZ>40,000000</SVIZ>
    <BSP>40,000000</BSP>
    <MALT>72,080000</MALT>
    <XAUS>40,000000</XAUS>
    <XFRA>40,000000</XFRA>
  </Prezzi>
  <Prezzi>
    <Data>20160904</Data>
    <Mercato>MGP</Mercato>
    <Ora>24</Ora>
    <PUN>38,757310</PUN>
    <NAT>39,000000</NAT>
    <CNOR>36,430000</CNOR>
    <CSUD>36,430000</CSUD>
    <NORD>36,430000</NORD>
    <SARD>36,430000</SARD>
    <SICI>71,560000</SICI>
    <SUD>36,430000</SUD>
    <AUST>36,430000</AUST>
    <BRNN>36,430000</BRNN>
    <COAC>36,430000</COAC>
    <CORS>36,430000</CORS>
    <FOGN>36,430000</FOGN>
    <FRAN>36,430000</FRAN>
    <GREC>36,430000</GREC>
    <MFTV>36,430000</MFTV>
    <PRGP>71,560000</PRGP>
    <ROSN>36,430000</ROSN>
    <SLOV>36,430000</SLOV>
    <SVIZ>36,430000</SVIZ>
    <BSP>36,430000</BSP>
    <MALT>71,560000</MALT>
    <XAUS>36,430000</XAUS>
    <XFRA>36,430000</XFRA>
  </Prezzi>
</NewDataSet>