<?xml version="1.0" standalone="yes"?>
<NewDataSet>
  <xs:schema id="NewDataSet" xmlns="" xmlns:xs="http://www.w3.org/2001/XMLSchema" xmlns:msdata="urn:schemas-microsoft-com:xml-msdata">
    <xs:element name="NewDataSet" msdata:IsDataSet="true" msdata:UseCurrentLocale="true">
      <xs:complexType>
        <xs:choice minOccurs="0" maxOccurs="unbounded">
          <xs:element name="Fabbisogno">
            <xs:complexType>
              <xs:sequence>
                <xs:element name="Data" type="xs:string" minOccurs="0" />
                <xs:element name="Mercato" type="xs:string" minOccurs="0" />
                <xs:element name="Ora" type="xs:string" minOccurs="0" />
                <xs:element name="Italia" type="xs:string" minOccurs="0" />
                <xs:element name="CNOR" type="xs:string" minOccurs="0" />
                <xs:element name="CSUD" type="xs:string" minOccurs="0" />
                <xs:element name="NORD" type="xs:string" minOccurs="0" />
                <xs:element name="SARD" type="xs:string" minOccurs="0" />
                <xs:element name="SICI" type="xs:string" minOccurs="0" />
                <xs:element name="SUD" type="xs:string" minOccurs="0" />
              </xs:sequence>
            </xs:complexType>
          </xs:element>
        </xs:choice>
      </xs:complexType>
    </xs:element>
  </xs:schema>
  <Fabbisogno>
    <Data>20170812</Data>
    <Mercato>MGP</Mercato>
    <Ora>1</Ora>
    <Italia>25790,668</Italia>
    <CNOR>2835,978</CNOR>
    <CSUD>4709,314</CSUD>
    <NORD>12251,117</NORD>
    <SARD>1078,92</SARD>
    <SICI>2131,813</SICI>
    <SUD>2783,526</SUD>
  </Fabbisogno>
  <Fabbisogno>
    <Data>20170812</Data>
    <Mercato>MGP</Mercato>
    <Ora>2</Ora>
    <Italia>24415,895</Italia>
    <CNOR>2661,585</CNOR>
    <CSUD>4398,357</CSUD>
    <NORD>11679,915</NORD>
    <SARD>1029,719</SARD>
    <SICI>2026,558</SICI>
    <SUD>2619,761</SUD>
  </Fabbisogno>
  <Fabbisogno>
    <Data>20170812</Data>
    <Mercato>MGP</Mercato>
    <Ora>3</Ora>
    <Italia>23295,438</Italia>
    <CNOR>2549,97</CNOR>
    <CSUD>4190,799</CSUD>
    <NORD>11171,775</NORD>
    <SARD>989,14</SARD>
    <SICI>1918,545</SICI>
    <SUD>2475,209</SUD>
  </Fabbisogno>
  <Fabbisogno>
    <Data>20170812</Data>
    <Mercato>MGP</Mercato>
    <Ora>4</Ora>
    <Italia>22596,301</Italia>
    <CNOR>2455,923</CNOR>
    <CSUD>4045,126</CSUD>
    <NORD>10931,691</NORD>
    <SARD>955,625</SARD>
    <SICI>1826,389</SICI>
    <SUD>2381,547</SUD>
  </Fabbisogno>
  <Fabbisogno>
    <Data>20170812</Data>
    <Mercato>MGP</Mercato>
    <Ora>5</Ora>
    <Italia>22420,357</Italia>
    <CNOR>2435,126</CNOR>
    <CSUD>4020,415</CSUD>
    <NORD>10846,803</NORD>
    <SARD>962,258</SARD>
    <SICI>1796,596</SICI>
    <SUD>2359,159</SUD>
  </Fabbisogno>
  <Fabbisogno>
    <Data>20170812</Data>
    <Mercato>MGP</Mercato>
    <Ora>6</Ora>
    <Italia>22689,343</Italia>
    <CNOR>2462,303</CNOR>
    <CSUD>4039,743</CSUD>
    <NORD>11058,757</NORD>
    <SARD>963,007</SARD>
    <SICI>1804,114</SICI>
    <SUD>2361,419</SUD>
  </Fabbisogno>
  <Fabbisogno>
    <Data>20170812</Data>
    <Mercato>MGP</Mercato>
    <Ora>7</Ora>
    <Italia>22572,71</Italia>
    <CNOR>2447,891</CNOR>
    <CSUD>3985,845</CSUD>
    <NORD>11120,501</NORD>
    <SARD>977,893</SARD>
    <SICI>1776,831</SICI>
    <SUD>2263,749</SUD>
  </Fabbisogno>
  <Fabbisogno>
    <Data>20170812</Data>
    <Mercato>MGP</Mercato>
    <Ora>8</Ora>
    <Italia>24067,468</Italia>
    <CNOR>2622,145</CNOR>
    <CSUD>4256,483</CSUD>
    <NORD>11807,251</NORD>
    <SARD>1023,39</SARD>
    <SICI>1892,825</SICI>
    <SUD>2465,374</SUD>
  </Fabbisogno>
  <Fabbisogno>
    <Data>20170812</Data>
    <Mercato>MGP</Mercato>
    <Ora>9</Ora>
    <Italia>25905,124</Italia>
    <CNOR>2813,772</CNOR>
    <CSUD>4632,186</CSUD>
    <NORD>12651,204</NORD>
    <SARD>1088,712</SARD>
    <SICI>2053,86</SICI>
    <SUD>2665,39</SUD>
  </Fabbisogno>
  <Fabbisogno>
    <Data>20170812</Data>
    <Mercato>MGP</Mercato>
    <Ora>10</Ora>
    <Italia>27051,023</Italia>
    <CNOR>2936,219</CNOR>
    <CSUD>4881,667</CSUD>
    <NORD>13187,46</NORD>
    <SARD>1106,371</SARD>
    <SICI>2171,528</SICI>
    <SUD>2767,778</SUD>
  </Fabbisogno>
  <Fabbisogno>
    <Data>20170812</Data>
    <Mercato>MGP</Mercato>
    <Ora>11</Ora>
    <Italia>27147,346</Italia>
    <CNOR>2953,398</CNOR>
    <CSUD>5041,902</CSUD>
    <NORD>13099,868</NORD>
    <SARD>1093,124</SARD>
    <SICI>2191,841</SICI>
    <SUD>2767,213</SUD>
  </Fabbisogno>
  <Fabbisogno>
    <Data>20170812</Data>
    <Mercato>MGP</Mercato>
    <Ora>12</Ora>
    <Italia>27053,43</Italia>
    <CNOR>2949,209</CNOR>
    <CSUD>5062,974</CSUD>
    <NORD>13038,02</NORD>
    <SARD>1072,984</SARD>
    <SICI>2175,394</SICI>
    <SUD>2754,849</SUD>
  </Fabbisogno>
  <Fabbisogno>
    <Data>20170812</Data>
    <Mercato>MGP</Mercato>
    <Ora>13</Ora>
    <Italia>26903,037</Italia>
    <CNOR>2913,643</CNOR>
    <CSUD>5070,446</CSUD>
    <NORD>12844,887</NORD>
    <SARD>1070,178</SARD>
    <SICI>2206,529</SICI>
    <SUD>2797,354</SUD>
  </Fabbisogno>
  <Fabbisogno>
    <Data>20170812</Data>
    <Mercato>MGP</Mercato>
    <Ora>14</Ora>
    <Italia>26253,2</Italia>
    <CNOR>2812,028</CNOR>
    <CSUD>4992,213</CSUD>
    <NORD>12465,843</NORD>
    <SARD>1049,468</SARD>
    <SICI>2177,502</SICI>
    <SUD>2756,146</SUD>
  </Fabbisogno>
  <Fabbisogno>
    <Data>20170812</Data>
    <Mercato>MGP</Mercato>
    <Ora>15</Ora>
    <Italia>26022,25</Italia>
    <CNOR>2787,711</CNOR>
    <CSUD>4934,761</CSUD>
    <NORD>12442,974</NORD>
    <SARD>1021,353</SARD>
    <SICI>2147,129</SICI>
    <SUD>2688,322</SUD>
  </Fabbisogno>
  <Fabbisogno>
    <Data>20170812</Data>
    <Mercato>MGP</Mercato>
    <Ora>16</Ora>
    <Italia>26105,489</Italia>
    <CNOR>2795,034</CNOR>
    <CSUD>4954,255</CSUD>
    <NORD>12540,847</NORD>
    <SARD>1005,419</SARD>
    <SICI>2134,871</SICI>
    <SUD>2675,063</SUD>
  </Fabbisogno>
  <Fabbisogno>
    <Data>20170812</Data>
    <Mercato>MGP</Mercato>
    <Ora>17</Ora>
    <Italia>26607,941</Italia>
    <CNOR>2833,272</CNOR>
    <CSUD>4974,56</CSUD>
    <NORD>12828,882</NORD>
    <SARD>1025,585</SARD>
    <SICI>2206,555</SICI>
    <SUD>2739,087</SUD>
  </Fabbisogno>
  <Fabbisogno>
    <Data>20170812</Data>
    <Mercato>MGP</Mercato>
    <Ora>18</Ora>
    <Italia>27913,486</Italia>
    <CNOR>2991,267</CNOR>
    <CSUD>5136,095</CSUD>
    <NORD>13457,521</NORD>
    <SARD>1087,022</SARD>
    <SICI>2302,381</SICI>
    <SUD>2939,2</SUD>
  </Fabbisogno>
  <Fabbisogno>
    <Data>20170812</Data>
    <Mercato>MGP</Mercato>
    <Ora>19</Ora>
    <Italia>29166,501</Italia>
    <CNOR>3231,668</CNOR>
    <CSUD>5297,147</CSUD>
    <NORD>14031,764</NORD>
    <SARD>1150,595</SARD>
    <SICI>2364,607</SICI>
    <SUD>3090,72</SUD>
  </Fabbisogno>
  <Fabbisogno>
    <Data>20170812</Data>
    <Mercato>MGP</Mercato>
    <Ora>20</Ora>
    <Italia>30472,107</Italia>
    <CNOR>3406,212</CNOR>
    <CSUD>5487,591</CSUD>
    <NORD>14613,91</NORD>
    <SARD>1230,482</SARD>
    <SICI>2451,516</SICI>
    <SUD>3282,396</SUD>
  </Fabbisogno>
  <Fabbisogno>
    <Data>20170812</Data>
    <Mercato>MGP</Mercato>
    <Ora>21</Ora>
    <Italia>31472,398</Italia>
    <CNOR>3498,068</CNOR>
    <CSUD>5876,092</CSUD>
    <NORD>14543,418</NORD>
    <SARD>1308,109</SARD>
    <SICI>2632,39</SICI>
    <SUD>3614,321</SUD>
  </Fabbisogno>
  <Fabbisogno>
    <Data>20170812</Data>
    <Mercato>MGP</Mercato>
    <Ora>22</Ora>
    <Italia>30660,596</Italia>
    <CNOR>3412,601</CNOR>
    <CSUD>5598,814</CSUD>
    <NORD>14524,275</NORD>
    <SARD>1296,525</SARD>
    <SICI>2473,537</SICI>
    <SUD>3354,844</SUD>
  </Fabbisogno>
  <Fabbisogno>
    <Data>20170812</Data>
    <Mercato>MGP</Mercato>
    <Ora>23</Ora>
    <Italia>28720,758</Italia>
    <CNOR>3200,228</CNOR>
    <CSUD>5228,618</CSUD>
    <NORD>13672,304</NORD>
    <SARD>1212,925</SARD>
    <SICI>2306,21</SICI>
    <SUD>3100,473</SUD>
  </Fabbisogno>
  <Fabbisogno>
    <Data>20170812</Data>
    <Mercato>MGP</Mercato>
    <Ora>24</Ora>
    <Italia>26471,046</Italia>
    <CNOR>2935,366</CNOR>
    <CSUD>4847,258</CSUD>
    <NORD>12532,081</NORD>
    <SARD>1130,382</SARD>
    <SICI>2158,311</SICI>
    <SUD>2867,648</SUD>
  </Fabbisogno>
</NewDataSet>