<?xml version="1.0" standalone="yes"?>
<NewDataSet>
  <xs:schema id="NewDataSet" xmlns="" xmlns:xs="http://www.w3.org/2001/XMLSchema" xmlns:msdata="urn:schemas-microsoft-com:xml-msdata">
    <xs:element name="NewDataSet" msdata:IsDataSet="true" msdata:UseCurrentLocale="true">
      <xs:complexType>
        <xs:choice minOccurs="0" maxOccurs="unbounded">
          <xs:element name="Fabbisogno">
            <xs:complexType>
              <xs:sequence>
                <xs:element name="Data" type="xs:string" minOccurs="0" />
                <xs:element name="Mercato" type="xs:string" minOccurs="0" />
                <xs:element name="Ora" type="xs:string" minOccurs="0" />
                <xs:element name="Italia" type="xs:string" minOccurs="0" />
                <xs:element name="CNOR" type="xs:string" minOccurs="0" />
                <xs:element name="CSUD" type="xs:string" minOccurs="0" />
                <xs:element name="NORD" type="xs:string" minOccurs="0" />
                <xs:element name="SARD" type="xs:string" minOccurs="0" />
                <xs:element name="SICI" type="xs:string" minOccurs="0" />
                <xs:element name="SUD" type="xs:string" minOccurs="0" />
              </xs:sequence>
            </xs:complexType>
          </xs:element>
        </xs:choice>
      </xs:complexType>
    </xs:element>
  </xs:schema>
  <Fabbisogno>
    <Data>20170828</Data>
    <Mercato>MGP</Mercato>
    <Ora>1</Ora>
    <Italia>27480,097</Italia>
    <CNOR>3070,849</CNOR>
    <CSUD>4889,304</CSUD>
    <NORD>13858,893</NORD>
    <SARD>1046,891</SARD>
    <SICI>1943,076</SICI>
    <SUD>2671,084</SUD>
  </Fabbisogno>
  <Fabbisogno>
    <Data>20170828</Data>
    <Mercato>MGP</Mercato>
    <Ora>2</Ora>
    <Italia>25924,433</Italia>
    <CNOR>2898,248</CNOR>
    <CSUD>4551,13</CSUD>
    <NORD>13164,746</NORD>
    <SARD>992,852</SARD>
    <SICI>1827,5</SICI>
    <SUD>2489,957</SUD>
  </Fabbisogno>
  <Fabbisogno>
    <Data>20170828</Data>
    <Mercato>MGP</Mercato>
    <Ora>3</Ora>
    <Italia>24806,355</Italia>
    <CNOR>2789,18</CNOR>
    <CSUD>4345,054</CSUD>
    <NORD>12622,583</NORD>
    <SARD>957,69</SARD>
    <SICI>1727,104</SICI>
    <SUD>2364,744</SUD>
  </Fabbisogno>
  <Fabbisogno>
    <Data>20170828</Data>
    <Mercato>MGP</Mercato>
    <Ora>4</Ora>
    <Italia>24464,405</Italia>
    <CNOR>2744,095</CNOR>
    <CSUD>4254,065</CSUD>
    <NORD>12537,74</NORD>
    <SARD>940,215</SARD>
    <SICI>1680,072</SICI>
    <SUD>2308,218</SUD>
  </Fabbisogno>
  <Fabbisogno>
    <Data>20170828</Data>
    <Mercato>MGP</Mercato>
    <Ora>5</Ora>
    <Italia>24575,115</Italia>
    <CNOR>2761,083</CNOR>
    <CSUD>4232,157</CSUD>
    <NORD>12691,215</NORD>
    <SARD>939,128</SARD>
    <SICI>1658,473</SICI>
    <SUD>2293,059</SUD>
  </Fabbisogno>
  <Fabbisogno>
    <Data>20170828</Data>
    <Mercato>MGP</Mercato>
    <Ora>6</Ora>
    <Italia>26134,493</Italia>
    <CNOR>2949,77</CNOR>
    <CSUD>4410,424</CSUD>
    <NORD>13772,393</NORD>
    <SARD>958,981</SARD>
    <SICI>1697,217</SICI>
    <SUD>2345,708</SUD>
  </Fabbisogno>
  <Fabbisogno>
    <Data>20170828</Data>
    <Mercato>MGP</Mercato>
    <Ora>7</Ora>
    <Italia>29571,195</Italia>
    <CNOR>3352,016</CNOR>
    <CSUD>4785,609</CSUD>
    <NORD>16197,976</NORD>
    <SARD>1022,128</SARD>
    <SICI>1759,518</SICI>
    <SUD>2453,948</SUD>
  </Fabbisogno>
  <Fabbisogno>
    <Data>20170828</Data>
    <Mercato>MGP</Mercato>
    <Ora>8</Ora>
    <Italia>33587,385</Italia>
    <CNOR>3824,718</CNOR>
    <CSUD>5298,792</CSUD>
    <NORD>18707,611</NORD>
    <SARD>1083,04</SARD>
    <SICI>1912,861</SICI>
    <SUD>2760,363</SUD>
  </Fabbisogno>
  <Fabbisogno>
    <Data>20170828</Data>
    <Mercato>MGP</Mercato>
    <Ora>9</Ora>
    <Italia>38752,02</Italia>
    <CNOR>4428,603</CNOR>
    <CSUD>6016,727</CSUD>
    <NORD>21726,698</NORD>
    <SARD>1200,436</SARD>
    <SICI>2207,24</SICI>
    <SUD>3172,316</SUD>
  </Fabbisogno>
  <Fabbisogno>
    <Data>20170828</Data>
    <Mercato>MGP</Mercato>
    <Ora>10</Ora>
    <Italia>40230,766</Italia>
    <CNOR>4451,059</CNOR>
    <CSUD>6290,157</CSUD>
    <NORD>22715,432</NORD>
    <SARD>1219,056</SARD>
    <SICI>2294,954</SICI>
    <SUD>3260,108</SUD>
  </Fabbisogno>
  <Fabbisogno>
    <Data>20170828</Data>
    <Mercato>MGP</Mercato>
    <Ora>11</Ora>
    <Italia>40745,158</Italia>
    <CNOR>4494,497</CNOR>
    <CSUD>6497,013</CSUD>
    <NORD>22947,485</NORD>
    <SARD>1210,591</SARD>
    <SICI>2322,902</SICI>
    <SUD>3272,67</SUD>
  </Fabbisogno>
  <Fabbisogno>
    <Data>20170828</Data>
    <Mercato>MGP</Mercato>
    <Ora>12</Ora>
    <Italia>41314,728</Italia>
    <CNOR>4558,471</CNOR>
    <CSUD>6603,643</CSUD>
    <NORD>23335,661</NORD>
    <SARD>1197,854</SARD>
    <SICI>2328,63</SICI>
    <SUD>3290,469</SUD>
  </Fabbisogno>
  <Fabbisogno>
    <Data>20170828</Data>
    <Mercato>MGP</Mercato>
    <Ora>13</Ora>
    <Italia>40311,994</Italia>
    <CNOR>4355,488</CNOR>
    <CSUD>6682,874</CSUD>
    <NORD>22354,333</NORD>
    <SARD>1200,846</SARD>
    <SICI>2371,588</SICI>
    <SUD>3346,865</SUD>
  </Fabbisogno>
  <Fabbisogno>
    <Data>20170828</Data>
    <Mercato>MGP</Mercato>
    <Ora>14</Ora>
    <Italia>40537,684</Italia>
    <CNOR>4300,574</CNOR>
    <CSUD>6622,065</CSUD>
    <NORD>22786,982</NORD>
    <SARD>1177,942</SARD>
    <SICI>2350,826</SICI>
    <SUD>3299,295</SUD>
  </Fabbisogno>
  <Fabbisogno>
    <Data>20170828</Data>
    <Mercato>MGP</Mercato>
    <Ora>15</Ora>
    <Italia>41073,157</Italia>
    <CNOR>4267,988</CNOR>
    <CSUD>6595,517</CSUD>
    <NORD>23507,71</NORD>
    <SARD>1155,072</SARD>
    <SICI>2320,572</SICI>
    <SUD>3226,298</SUD>
  </Fabbisogno>
  <Fabbisogno>
    <Data>20170828</Data>
    <Mercato>MGP</Mercato>
    <Ora>16</Ora>
    <Italia>42033,368</Italia>
    <CNOR>4548,949</CNOR>
    <CSUD>6651,72</CSUD>
    <NORD>24112,982</NORD>
    <SARD>1148,972</SARD>
    <SICI>2300,324</SICI>
    <SUD>3270,421</SUD>
  </Fabbisogno>
  <Fabbisogno>
    <Data>20170828</Data>
    <Mercato>MGP</Mercato>
    <Ora>17</Ora>
    <Italia>42624,46</Italia>
    <CNOR>4577,37</CNOR>
    <CSUD>6747,175</CSUD>
    <NORD>24340,548</NORD>
    <SARD>1175,694</SARD>
    <SICI>2407,611</SICI>
    <SUD>3376,062</SUD>
  </Fabbisogno>
  <Fabbisogno>
    <Data>20170828</Data>
    <Mercato>MGP</Mercato>
    <Ora>18</Ora>
    <Italia>42451,765</Italia>
    <CNOR>4566,12</CNOR>
    <CSUD>6724,993</CSUD>
    <NORD>23950,378</NORD>
    <SARD>1218,46</SARD>
    <SICI>2464,148</SICI>
    <SUD>3527,666</SUD>
  </Fabbisogno>
  <Fabbisogno>
    <Data>20170828</Data>
    <Mercato>MGP</Mercato>
    <Ora>19</Ora>
    <Italia>42039,546</Italia>
    <CNOR>4498,243</CNOR>
    <CSUD>6670,129</CSUD>
    <NORD>23487,781</NORD>
    <SARD>1265,695</SARD>
    <SICI>2501,094</SICI>
    <SUD>3616,604</SUD>
  </Fabbisogno>
  <Fabbisogno>
    <Data>20170828</Data>
    <Mercato>MGP</Mercato>
    <Ora>20</Ora>
    <Italia>41406,153</Italia>
    <CNOR>4504,051</CNOR>
    <CSUD>6731,061</CSUD>
    <NORD>22630,423</NORD>
    <SARD>1288,095</SARD>
    <SICI>2545,391</SICI>
    <SUD>3707,132</SUD>
  </Fabbisogno>
  <Fabbisogno>
    <Data>20170828</Data>
    <Mercato>MGP</Mercato>
    <Ora>21</Ora>
    <Italia>42211,4</Italia>
    <CNOR>4606,273</CNOR>
    <CSUD>7034,187</CSUD>
    <NORD>22471,863</NORD>
    <SARD>1382,349</SARD>
    <SICI>2746,085</SICI>
    <SUD>3970,643</SUD>
  </Fabbisogno>
  <Fabbisogno>
    <Data>20170828</Data>
    <Mercato>MGP</Mercato>
    <Ora>22</Ora>
    <Italia>40495,58</Italia>
    <CNOR>4429,432</CNOR>
    <CSUD>6720,095</CSUD>
    <NORD>21718,696</NORD>
    <SARD>1357,42</SARD>
    <SICI>2588,014</SICI>
    <SUD>3681,923</SUD>
  </Fabbisogno>
  <Fabbisogno>
    <Data>20170828</Data>
    <Mercato>MGP</Mercato>
    <Ora>23</Ora>
    <Italia>37362,065</Italia>
    <CNOR>4066,826</CNOR>
    <CSUD>6212,303</CSUD>
    <NORD>20023,708</NORD>
    <SARD>1261,876</SARD>
    <SICI>2404,973</SICI>
    <SUD>3392,379</SUD>
  </Fabbisogno>
  <Fabbisogno>
    <Data>20170828</Data>
    <Mercato>MGP</Mercato>
    <Ora>24</Ora>
    <Italia>33991,779</Italia>
    <CNOR>3670,563</CNOR>
    <CSUD>5646,153</CSUD>
    <NORD>18229,14</NORD>
    <SARD>1149,261</SARD>
    <SICI>2209,433</SICI>
    <SUD>3087,229</SUD>
  </Fabbisogno>
</NewDataSet>