<?xml version="1.0" standalone="yes"?>
<NewDataSet>
  <xs:schema id="NewDataSet" xmlns="" xmlns:xs="http://www.w3.org/2001/XMLSchema" xmlns:msdata="urn:schemas-microsoft-com:xml-msdata">
    <xs:element name="NewDataSet" msdata:IsDataSet="true" msdata:UseCurrentLocale="true">
      <xs:complexType>
        <xs:choice minOccurs="0" maxOccurs="unbounded">
          <xs:element name="Fabbisogno">
            <xs:complexType>
              <xs:sequence>
                <xs:element name="Data" type="xs:string" minOccurs="0" />
                <xs:element name="Mercato" type="xs:string" minOccurs="0" />
                <xs:element name="Ora" type="xs:string" minOccurs="0" />
                <xs:element name="Italia" type="xs:string" minOccurs="0" />
                <xs:element name="CNOR" type="xs:string" minOccurs="0" />
                <xs:element name="CSUD" type="xs:string" minOccurs="0" />
                <xs:element name="NORD" type="xs:string" minOccurs="0" />
                <xs:element name="SARD" type="xs:string" minOccurs="0" />
                <xs:element name="SICI" type="xs:string" minOccurs="0" />
                <xs:element name="SUD" type="xs:string" minOccurs="0" />
              </xs:sequence>
            </xs:complexType>
          </xs:element>
        </xs:choice>
      </xs:complexType>
    </xs:element>
  </xs:schema>
  <Fabbisogno>
    <Data>20170825</Data>
    <Mercato>MGP</Mercato>
    <Ora>1</Ora>
    <Italia>28311,712</Italia>
    <CNOR>3110,154</CNOR>
    <CSUD>4926,415</CSUD>
    <NORD>14512,662</NORD>
    <SARD>1061,829</SARD>
    <SICI>1965,119</SICI>
    <SUD>2735,533</SUD>
  </Fabbisogno>
  <Fabbisogno>
    <Data>20170825</Data>
    <Mercato>MGP</Mercato>
    <Ora>2</Ora>
    <Italia>26768,989</Italia>
    <CNOR>2987,732</CNOR>
    <CSUD>4606,319</CSUD>
    <NORD>13716,623</NORD>
    <SARD>1008,121</SARD>
    <SICI>1862,86</SICI>
    <SUD>2587,334</SUD>
  </Fabbisogno>
  <Fabbisogno>
    <Data>20170825</Data>
    <Mercato>MGP</Mercato>
    <Ora>3</Ora>
    <Italia>25605,112</Italia>
    <CNOR>2863,146</CNOR>
    <CSUD>4389,507</CSUD>
    <NORD>13155,091</NORD>
    <SARD>968,795</SARD>
    <SICI>1767,773</SICI>
    <SUD>2460,8</SUD>
  </Fabbisogno>
  <Fabbisogno>
    <Data>20170825</Data>
    <Mercato>MGP</Mercato>
    <Ora>4</Ora>
    <Italia>25075,444</Italia>
    <CNOR>2804,11</CNOR>
    <CSUD>4281,851</CSUD>
    <NORD>12930,854</NORD>
    <SARD>951,622</SARD>
    <SICI>1714,987</SICI>
    <SUD>2392,02</SUD>
  </Fabbisogno>
  <Fabbisogno>
    <Data>20170825</Data>
    <Mercato>MGP</Mercato>
    <Ora>5</Ora>
    <Italia>25017,062</Italia>
    <CNOR>2785,488</CNOR>
    <CSUD>4252,588</CSUD>
    <NORD>12959,107</NORD>
    <SARD>948,221</SARD>
    <SICI>1695,177</SICI>
    <SUD>2376,481</SUD>
  </Fabbisogno>
  <Fabbisogno>
    <Data>20170825</Data>
    <Mercato>MGP</Mercato>
    <Ora>6</Ora>
    <Italia>26011,354</Italia>
    <CNOR>2889,042</CNOR>
    <CSUD>4375,574</CSUD>
    <NORD>13621,37</NORD>
    <SARD>967,894</SARD>
    <SICI>1730,093</SICI>
    <SUD>2427,381</SUD>
  </Fabbisogno>
  <Fabbisogno>
    <Data>20170825</Data>
    <Mercato>MGP</Mercato>
    <Ora>7</Ora>
    <Italia>27961,346</Italia>
    <CNOR>3052,445</CNOR>
    <CSUD>4611,579</CSUD>
    <NORD>15074,919</NORD>
    <SARD>1012,622</SARD>
    <SICI>1758,248</SICI>
    <SUD>2451,533</SUD>
  </Fabbisogno>
  <Fabbisogno>
    <Data>20170825</Data>
    <Mercato>MGP</Mercato>
    <Ora>8</Ora>
    <Italia>30768,379</Italia>
    <CNOR>3407,216</CNOR>
    <CSUD>5035,8</CSUD>
    <NORD>16673,191</NORD>
    <SARD>1072,161</SARD>
    <SICI>1877,782</SICI>
    <SUD>2702,229</SUD>
  </Fabbisogno>
  <Fabbisogno>
    <Data>20170825</Data>
    <Mercato>MGP</Mercato>
    <Ora>9</Ora>
    <Italia>34677,722</Italia>
    <CNOR>3831,316</CNOR>
    <CSUD>5655,931</CSUD>
    <NORD>18736,93</NORD>
    <SARD>1204,171</SARD>
    <SICI>2175,182</SICI>
    <SUD>3074,192</SUD>
  </Fabbisogno>
  <Fabbisogno>
    <Data>20170825</Data>
    <Mercato>MGP</Mercato>
    <Ora>10</Ora>
    <Italia>36398,709</Italia>
    <CNOR>3933,038</CNOR>
    <CSUD>5948,216</CSUD>
    <NORD>19843,521</NORD>
    <SARD>1216,243</SARD>
    <SICI>2301,484</SICI>
    <SUD>3156,207</SUD>
  </Fabbisogno>
  <Fabbisogno>
    <Data>20170825</Data>
    <Mercato>MGP</Mercato>
    <Ora>11</Ora>
    <Italia>36547,361</Italia>
    <CNOR>3975,402</CNOR>
    <CSUD>6095,625</CSUD>
    <NORD>19782,616</NORD>
    <SARD>1196,389</SARD>
    <SICI>2338,642</SICI>
    <SUD>3158,687</SUD>
  </Fabbisogno>
  <Fabbisogno>
    <Data>20170825</Data>
    <Mercato>MGP</Mercato>
    <Ora>12</Ora>
    <Italia>36816,804</Italia>
    <CNOR>3926,44</CNOR>
    <CSUD>6183,565</CSUD>
    <NORD>20088,08</NORD>
    <SARD>1173,403</SARD>
    <SICI>2307,314</SICI>
    <SUD>3138,002</SUD>
  </Fabbisogno>
  <Fabbisogno>
    <Data>20170825</Data>
    <Mercato>MGP</Mercato>
    <Ora>13</Ora>
    <Italia>36246,772</Italia>
    <CNOR>3816,222</CNOR>
    <CSUD>6224,858</CSUD>
    <NORD>19515,151</NORD>
    <SARD>1173,36</SARD>
    <SICI>2343,079</SICI>
    <SUD>3174,102</SUD>
  </Fabbisogno>
  <Fabbisogno>
    <Data>20170825</Data>
    <Mercato>MGP</Mercato>
    <Ora>14</Ora>
    <Italia>35994,142</Italia>
    <CNOR>3791,489</CNOR>
    <CSUD>6186,846</CSUD>
    <NORD>19424,749</NORD>
    <SARD>1154,078</SARD>
    <SICI>2309,156</SICI>
    <SUD>3127,824</SUD>
  </Fabbisogno>
  <Fabbisogno>
    <Data>20170825</Data>
    <Mercato>MGP</Mercato>
    <Ora>15</Ora>
    <Italia>36352,882</Italia>
    <CNOR>3791,01</CNOR>
    <CSUD>6144,2</CSUD>
    <NORD>20009,392</NORD>
    <SARD>1117,6</SARD>
    <SICI>2249,966</SICI>
    <SUD>3040,714</SUD>
  </Fabbisogno>
  <Fabbisogno>
    <Data>20170825</Data>
    <Mercato>MGP</Mercato>
    <Ora>16</Ora>
    <Italia>36549,603</Italia>
    <CNOR>3830,983</CNOR>
    <CSUD>6172,17</CSUD>
    <NORD>20149,603</NORD>
    <SARD>1117,285</SARD>
    <SICI>2231,212</SICI>
    <SUD>3048,35</SUD>
  </Fabbisogno>
  <Fabbisogno>
    <Data>20170825</Data>
    <Mercato>MGP</Mercato>
    <Ora>17</Ora>
    <Italia>37017,297</Italia>
    <CNOR>3941,181</CNOR>
    <CSUD>6183,958</CSUD>
    <NORD>20316,469</NORD>
    <SARD>1137,025</SARD>
    <SICI>2310,9</SICI>
    <SUD>3127,764</SUD>
  </Fabbisogno>
  <Fabbisogno>
    <Data>20170825</Data>
    <Mercato>MGP</Mercato>
    <Ora>18</Ora>
    <Italia>37192,57</Italia>
    <CNOR>3973,095</CNOR>
    <CSUD>6169,604</CSUD>
    <NORD>20185,061</NORD>
    <SARD>1189,522</SARD>
    <SICI>2390,296</SICI>
    <SUD>3284,992</SUD>
  </Fabbisogno>
  <Fabbisogno>
    <Data>20170825</Data>
    <Mercato>MGP</Mercato>
    <Ora>19</Ora>
    <Italia>37619,401</Italia>
    <CNOR>4034,019</CNOR>
    <CSUD>6180,53899999999</CSUD>
    <NORD>20336,62</NORD>
    <SARD>1241,226</SARD>
    <SICI>2394,545</SICI>
    <SUD>3432,452</SUD>
  </Fabbisogno>
  <Fabbisogno>
    <Data>20170825</Data>
    <Mercato>MGP</Mercato>
    <Ora>20</Ora>
    <Italia>37326,248</Italia>
    <CNOR>4031,67</CNOR>
    <CSUD>6213,33</CSUD>
    <NORD>19788,069</NORD>
    <SARD>1278,973</SARD>
    <SICI>2452,385</SICI>
    <SUD>3561,821</SUD>
  </Fabbisogno>
  <Fabbisogno>
    <Data>20170825</Data>
    <Mercato>MGP</Mercato>
    <Ora>21</Ora>
    <Italia>38064,503</Italia>
    <CNOR>4172,021</CNOR>
    <CSUD>6575,773</CSUD>
    <NORD>19402,578</NORD>
    <SARD>1360,456</SARD>
    <SICI>2663,578</SICI>
    <SUD>3890,097</SUD>
  </Fabbisogno>
  <Fabbisogno>
    <Data>20170825</Data>
    <Mercato>MGP</Mercato>
    <Ora>22</Ora>
    <Italia>36519,932</Italia>
    <CNOR>3987,554</CNOR>
    <CSUD>6287,294</CSUD>
    <NORD>18818,557</NORD>
    <SARD>1339,01</SARD>
    <SICI>2505,181</SICI>
    <SUD>3582,336</SUD>
  </Fabbisogno>
  <Fabbisogno>
    <Data>20170825</Data>
    <Mercato>MGP</Mercato>
    <Ora>23</Ora>
    <Italia>33751,569</Italia>
    <CNOR>3681,044</CNOR>
    <CSUD>5814,379</CSUD>
    <NORD>17388,171</NORD>
    <SARD>1274,424</SARD>
    <SICI>2322,044</SICI>
    <SUD>3271,507</SUD>
  </Fabbisogno>
  <Fabbisogno>
    <Data>20170825</Data>
    <Mercato>MGP</Mercato>
    <Ora>24</Ora>
    <Italia>30701,659</Italia>
    <CNOR>3308,627</CNOR>
    <CSUD>5303,263</CSUD>
    <NORD>15863,321</NORD>
    <SARD>1141,35</SARD>
    <SICI>2111,127</SICI>
    <SUD>2973,971</SUD>
  </Fabbisogno>
</NewDataSet>