<?xml version="1.0" standalone="yes"?>
<NewDataSet>
  <xs:schema id="NewDataSet" xmlns="" xmlns:xs="http://www.w3.org/2001/XMLSchema" xmlns:msdata="urn:schemas-microsoft-com:xml-msdata">
    <xs:element name="NewDataSet" msdata:IsDataSet="true" msdata:UseCurrentLocale="true">
      <xs:complexType>
        <xs:choice minOccurs="0" maxOccurs="unbounded">
          <xs:element name="Fabbisogno">
            <xs:complexType>
              <xs:sequence>
                <xs:element name="Data" type="xs:string" minOccurs="0" />
                <xs:element name="Mercato" type="xs:string" minOccurs="0" />
                <xs:element name="Ora" type="xs:string" minOccurs="0" />
                <xs:element name="Italia" type="xs:string" minOccurs="0" />
                <xs:element name="CNOR" type="xs:string" minOccurs="0" />
                <xs:element name="CSUD" type="xs:string" minOccurs="0" />
                <xs:element name="NORD" type="xs:string" minOccurs="0" />
                <xs:element name="SARD" type="xs:string" minOccurs="0" />
                <xs:element name="SICI" type="xs:string" minOccurs="0" />
                <xs:element name="SUD" type="xs:string" minOccurs="0" />
              </xs:sequence>
            </xs:complexType>
          </xs:element>
        </xs:choice>
      </xs:complexType>
    </xs:element>
  </xs:schema>
  <Fabbisogno>
    <Data>20170803</Data>
    <Mercato>MGP</Mercato>
    <Ora>1</Ora>
    <Italia>35795,61</Italia>
    <CNOR>3957,928</CNOR>
    <CSUD>5997,227</CSUD>
    <NORD>19052,595</NORD>
    <SARD>1219,094</SARD>
    <SICI>2295,934</SICI>
    <SUD>3272,832</SUD>
  </Fabbisogno>
  <Fabbisogno>
    <Data>20170803</Data>
    <Mercato>MGP</Mercato>
    <Ora>2</Ora>
    <Italia>33280,442</Italia>
    <CNOR>3763,969</CNOR>
    <CSUD>5595,043</CSUD>
    <NORD>17567,291</NORD>
    <SARD>1128,516</SARD>
    <SICI>2151,582</SICI>
    <SUD>3074,041</SUD>
  </Fabbisogno>
  <Fabbisogno>
    <Data>20170803</Data>
    <Mercato>MGP</Mercato>
    <Ora>3</Ora>
    <Italia>31930,639</Italia>
    <CNOR>3633,845</CNOR>
    <CSUD>5317,555</CSUD>
    <NORD>16944,654</NORD>
    <SARD>1078,4</SARD>
    <SICI>2026,569</SICI>
    <SUD>2929,616</SUD>
  </Fabbisogno>
  <Fabbisogno>
    <Data>20170803</Data>
    <Mercato>MGP</Mercato>
    <Ora>4</Ora>
    <Italia>31093,133</Italia>
    <CNOR>3547,962</CNOR>
    <CSUD>5166,966</CSUD>
    <NORD>16542,415</NORD>
    <SARD>1053,692</SARD>
    <SICI>1930,655</SICI>
    <SUD>2851,443</SUD>
  </Fabbisogno>
  <Fabbisogno>
    <Data>20170803</Data>
    <Mercato>MGP</Mercato>
    <Ora>5</Ora>
    <Italia>30974,181</Italia>
    <CNOR>3509,544</CNOR>
    <CSUD>5108,765</CSUD>
    <NORD>16589,289</NORD>
    <SARD>1046,242</SARD>
    <SICI>1898,775</SICI>
    <SUD>2821,566</SUD>
  </Fabbisogno>
  <Fabbisogno>
    <Data>20170803</Data>
    <Mercato>MGP</Mercato>
    <Ora>6</Ora>
    <Italia>31427,685</Italia>
    <CNOR>3579,811</CNOR>
    <CSUD>5151,865</CSUD>
    <NORD>16942,147</NORD>
    <SARD>1057,591</SARD>
    <SICI>1918,698</SICI>
    <SUD>2777,573</SUD>
  </Fabbisogno>
  <Fabbisogno>
    <Data>20170803</Data>
    <Mercato>MGP</Mercato>
    <Ora>7</Ora>
    <Italia>33166,683</Italia>
    <CNOR>3772,205</CNOR>
    <CSUD>5387,943</CSUD>
    <NORD>18268,736</NORD>
    <SARD>1083,755</SARD>
    <SICI>1876,191</SICI>
    <SUD>2777,853</SUD>
  </Fabbisogno>
  <Fabbisogno>
    <Data>20170803</Data>
    <Mercato>MGP</Mercato>
    <Ora>8</Ora>
    <Italia>37344,738</Italia>
    <CNOR>4292,636</CNOR>
    <CSUD>6004,177</CSUD>
    <NORD>20687,721</NORD>
    <SARD>1159,967</SARD>
    <SICI>2101,834</SICI>
    <SUD>3098,403</SUD>
  </Fabbisogno>
  <Fabbisogno>
    <Data>20170803</Data>
    <Mercato>MGP</Mercato>
    <Ora>9</Ora>
    <Italia>42873,131</Italia>
    <CNOR>4875,551</CNOR>
    <CSUD>6798,187</CSUD>
    <NORD>23913,932</NORD>
    <SARD>1286,286</SARD>
    <SICI>2428,214</SICI>
    <SUD>3570,961</SUD>
  </Fabbisogno>
  <Fabbisogno>
    <Data>20170803</Data>
    <Mercato>MGP</Mercato>
    <Ora>10</Ora>
    <Italia>44562,97</Italia>
    <CNOR>4966,495</CNOR>
    <CSUD>7196,81</CSUD>
    <NORD>24734,018</NORD>
    <SARD>1307,394</SARD>
    <SICI>2619,293</SICI>
    <SUD>3738,96</SUD>
  </Fabbisogno>
  <Fabbisogno>
    <Data>20170803</Data>
    <Mercato>MGP</Mercato>
    <Ora>11</Ora>
    <Italia>45330,393</Italia>
    <CNOR>4958,346</CNOR>
    <CSUD>7355,919</CSUD>
    <NORD>25344,516</NORD>
    <SARD>1299,277</SARD>
    <SICI>2608,081</SICI>
    <SUD>3764,254</SUD>
  </Fabbisogno>
  <Fabbisogno>
    <Data>20170803</Data>
    <Mercato>MGP</Mercato>
    <Ora>12</Ora>
    <Italia>45530,891</Italia>
    <CNOR>4896,866</CNOR>
    <CSUD>7480,924</CSUD>
    <NORD>25478,416</NORD>
    <SARD>1297,329</SARD>
    <SICI>2611,185</SICI>
    <SUD>3766,171</SUD>
  </Fabbisogno>
  <Fabbisogno>
    <Data>20170803</Data>
    <Mercato>MGP</Mercato>
    <Ora>13</Ora>
    <Italia>45425,936</Italia>
    <CNOR>4904,528</CNOR>
    <CSUD>7654,085</CSUD>
    <NORD>25025,281</NORD>
    <SARD>1317,734</SARD>
    <SICI>2654,418</SICI>
    <SUD>3869,89</SUD>
  </Fabbisogno>
  <Fabbisogno>
    <Data>20170803</Data>
    <Mercato>MGP</Mercato>
    <Ora>14</Ora>
    <Italia>45680,831</Italia>
    <CNOR>4820,178</CNOR>
    <CSUD>7655,401</CSUD>
    <NORD>25424,879</NORD>
    <SARD>1312,028</SARD>
    <SICI>2632,074</SICI>
    <SUD>3836,271</SUD>
  </Fabbisogno>
  <Fabbisogno>
    <Data>20170803</Data>
    <Mercato>MGP</Mercato>
    <Ora>15</Ora>
    <Italia>45691,021</Italia>
    <CNOR>4718,537</CNOR>
    <CSUD>7636,455</CSUD>
    <NORD>25767,442</NORD>
    <SARD>1289,032</SARD>
    <SICI>2594,279</SICI>
    <SUD>3685,276</SUD>
  </Fabbisogno>
  <Fabbisogno>
    <Data>20170803</Data>
    <Mercato>MGP</Mercato>
    <Ora>16</Ora>
    <Italia>46343,684</Italia>
    <CNOR>4811,15</CNOR>
    <CSUD>7710,702</CSUD>
    <NORD>26194,419</NORD>
    <SARD>1286,358</SARD>
    <SICI>2612,904</SICI>
    <SUD>3728,151</SUD>
  </Fabbisogno>
  <Fabbisogno>
    <Data>20170803</Data>
    <Mercato>MGP</Mercato>
    <Ora>17</Ora>
    <Italia>46766,092</Italia>
    <CNOR>4906,789</CNOR>
    <CSUD>7798</CSUD>
    <NORD>26265,765</NORD>
    <SARD>1315,765</SARD>
    <SICI>2672,971</SICI>
    <SUD>3806,802</SUD>
  </Fabbisogno>
  <Fabbisogno>
    <Data>20170803</Data>
    <Mercato>MGP</Mercato>
    <Ora>18</Ora>
    <Italia>46559,486</Italia>
    <CNOR>4920,242</CNOR>
    <CSUD>7734,173</CSUD>
    <NORD>25909,613</NORD>
    <SARD>1358,697</SARD>
    <SICI>2693,288</SICI>
    <SUD>3943,473</SUD>
  </Fabbisogno>
  <Fabbisogno>
    <Data>20170803</Data>
    <Mercato>MGP</Mercato>
    <Ora>19</Ora>
    <Italia>46173,815</Italia>
    <CNOR>4865,079</CNOR>
    <CSUD>7614,249</CSUD>
    <NORD>25620,543</NORD>
    <SARD>1397,035</SARD>
    <SICI>2668,263</SICI>
    <SUD>4008,646</SUD>
  </Fabbisogno>
  <Fabbisogno>
    <Data>20170803</Data>
    <Mercato>MGP</Mercato>
    <Ora>20</Ora>
    <Italia>44789,408</Italia>
    <CNOR>4724,561</CNOR>
    <CSUD>7436,382</CSUD>
    <NORD>24571,619</NORD>
    <SARD>1403,55</SARD>
    <SICI>2651,829</SICI>
    <SUD>4001,467</SUD>
  </Fabbisogno>
  <Fabbisogno>
    <Data>20170803</Data>
    <Mercato>MGP</Mercato>
    <Ora>21</Ora>
    <Italia>44509,694</Italia>
    <CNOR>4647,783</CNOR>
    <CSUD>7548,485</CSUD>
    <NORD>23820,554</NORD>
    <SARD>1447,483</SARD>
    <SICI>2795,981</SICI>
    <SUD>4249,408</SUD>
  </Fabbisogno>
  <Fabbisogno>
    <Data>20170803</Data>
    <Mercato>MGP</Mercato>
    <Ora>22</Ora>
    <Italia>43831,343</Italia>
    <CNOR>4648,194</CNOR>
    <CSUD>7354,361</CSUD>
    <NORD>23535,072</NORD>
    <SARD>1456,616</SARD>
    <SICI>2734,308</SICI>
    <SUD>4102,792</SUD>
  </Fabbisogno>
  <Fabbisogno>
    <Data>20170803</Data>
    <Mercato>MGP</Mercato>
    <Ora>23</Ora>
    <Italia>41275,613</Italia>
    <CNOR>4366,232</CNOR>
    <CSUD>6877,84099999999</CSUD>
    <NORD>22292,241</NORD>
    <SARD>1371,154</SARD>
    <SICI>2557,214</SICI>
    <SUD>3810,931</SUD>
  </Fabbisogno>
  <Fabbisogno>
    <Data>20170803</Data>
    <Mercato>MGP</Mercato>
    <Ora>24</Ora>
    <Italia>38296,901</Italia>
    <CNOR>4118,359</CNOR>
    <CSUD>6403,588</CSUD>
    <NORD>20595,458</NORD>
    <SARD>1280,254</SARD>
    <SICI>2385,217</SICI>
    <SUD>3514,025</SUD>
  </Fabbisogno>
</NewDataSet>