<?xml version="1.0" standalone="yes"?>
<NewDataSet>
  <xs:schema id="NewDataSet" xmlns="" xmlns:xs="http://www.w3.org/2001/XMLSchema" xmlns:msdata="urn:schemas-microsoft-com:xml-msdata">
    <xs:element name="NewDataSet" msdata:IsDataSet="true" msdata:UseCurrentLocale="true">
      <xs:complexType>
        <xs:choice minOccurs="0" maxOccurs="unbounded">
          <xs:element name="Fabbisogno">
            <xs:complexType>
              <xs:sequence>
                <xs:element name="Data" type="xs:string" minOccurs="0" />
                <xs:element name="Mercato" type="xs:string" minOccurs="0" />
                <xs:element name="Ora" type="xs:string" minOccurs="0" />
                <xs:element name="Italia" type="xs:string" minOccurs="0" />
                <xs:element name="CNOR" type="xs:string" minOccurs="0" />
                <xs:element name="CSUD" type="xs:string" minOccurs="0" />
                <xs:element name="NORD" type="xs:string" minOccurs="0" />
                <xs:element name="SARD" type="xs:string" minOccurs="0" />
                <xs:element name="SICI" type="xs:string" minOccurs="0" />
                <xs:element name="SUD" type="xs:string" minOccurs="0" />
              </xs:sequence>
            </xs:complexType>
          </xs:element>
        </xs:choice>
      </xs:complexType>
    </xs:element>
  </xs:schema>
  <Fabbisogno>
    <Data>20150518</Data>
    <Mercato>MGP</Mercato>
    <Ora>1</Ora>
    <Italia>23294,73</Italia>
    <CNOR>2363,308</CNOR>
    <CSUD>4077,456</CSUD>
    <NORD>11354,96</NORD>
    <SARD>911,315</SARD>
    <SICI>1525,647</SICI>
    <SUD>3062,044</SUD>
  </Fabbisogno>
  <Fabbisogno>
    <Data>20150518</Data>
    <Mercato>MGP</Mercato>
    <Ora>2</Ora>
    <Italia>22083,66</Italia>
    <CNOR>2184,989</CNOR>
    <CSUD>3715,729</CSUD>
    <NORD>11199,838</NORD>
    <SARD>854,754</SARD>
    <SICI>1395,926</SICI>
    <SUD>2732,424</SUD>
  </Fabbisogno>
  <Fabbisogno>
    <Data>20150518</Data>
    <Mercato>MGP</Mercato>
    <Ora>3</Ora>
    <Italia>21879,819</Italia>
    <CNOR>2081,967</CNOR>
    <CSUD>3517,986</CSUD>
    <NORD>11589,58</NORD>
    <SARD>808,902</SARD>
    <SICI>1314,523</SICI>
    <SUD>2566,861</SUD>
  </Fabbisogno>
  <Fabbisogno>
    <Data>20150518</Data>
    <Mercato>MGP</Mercato>
    <Ora>4</Ora>
    <Italia>21698,585</Italia>
    <CNOR>2081,774</CNOR>
    <CSUD>3494,673</CSUD>
    <NORD>11392,105</NORD>
    <SARD>816,058</SARD>
    <SICI>1345,819</SICI>
    <SUD>2568,156</SUD>
  </Fabbisogno>
  <Fabbisogno>
    <Data>20150518</Data>
    <Mercato>MGP</Mercato>
    <Ora>5</Ora>
    <Italia>21788,25</Italia>
    <CNOR>2056,223</CNOR>
    <CSUD>3466,463</CSUD>
    <NORD>11596,65</NORD>
    <SARD>792,719</SARD>
    <SICI>1348,405</SICI>
    <SUD>2527,79</SUD>
  </Fabbisogno>
  <Fabbisogno>
    <Data>20150518</Data>
    <Mercato>MGP</Mercato>
    <Ora>6</Ora>
    <Italia>23136,731</Italia>
    <CNOR>2094,502</CNOR>
    <CSUD>3488,653</CSUD>
    <NORD>12858,045</NORD>
    <SARD>814,625</SARD>
    <SICI>1331,035</SICI>
    <SUD>2549,871</SUD>
  </Fabbisogno>
  <Fabbisogno>
    <Data>20150518</Data>
    <Mercato>MGP</Mercato>
    <Ora>7</Ora>
    <Italia>26863,933</Italia>
    <CNOR>2450,093</CNOR>
    <CSUD>3877,488</CSUD>
    <NORD>15517,329</NORD>
    <SARD>874,494</SARD>
    <SICI>1412,873</SICI>
    <SUD>2731,656</SUD>
  </Fabbisogno>
  <Fabbisogno>
    <Data>20150518</Data>
    <Mercato>MGP</Mercato>
    <Ora>8</Ora>
    <Italia>32479,143</Italia>
    <CNOR>2981,511</CNOR>
    <CSUD>4679,244</CSUD>
    <NORD>18931,082</NORD>
    <SARD>988,154</SARD>
    <SICI>1617,506</SICI>
    <SUD>3281,646</SUD>
  </Fabbisogno>
  <Fabbisogno>
    <Data>20150518</Data>
    <Mercato>MGP</Mercato>
    <Ora>9</Ora>
    <Italia>36353,933</Italia>
    <CNOR>3453,262</CNOR>
    <CSUD>5115,302</CSUD>
    <NORD>21123,311</NORD>
    <SARD>1075,076</SARD>
    <SICI>1852,144</SICI>
    <SUD>3734,838</SUD>
  </Fabbisogno>
  <Fabbisogno>
    <Data>20150518</Data>
    <Mercato>MGP</Mercato>
    <Ora>10</Ora>
    <Italia>38061,011</Italia>
    <CNOR>3529,851</CNOR>
    <CSUD>5306,348</CSUD>
    <NORD>22527,058</NORD>
    <SARD>1087,75</SARD>
    <SICI>1775,434</SICI>
    <SUD>3834,57</SUD>
  </Fabbisogno>
  <Fabbisogno>
    <Data>20150518</Data>
    <Mercato>MGP</Mercato>
    <Ora>11</Ora>
    <Italia>37607,466</Italia>
    <CNOR>3398,22</CNOR>
    <CSUD>4957,589</CSUD>
    <NORD>22743,426</NORD>
    <SARD>997,117</SARD>
    <SICI>1750,416</SICI>
    <SUD>3760,698</SUD>
  </Fabbisogno>
  <Fabbisogno>
    <Data>20150518</Data>
    <Mercato>MGP</Mercato>
    <Ora>12</Ora>
    <Italia>37210,5</Italia>
    <CNOR>3364,233</CNOR>
    <CSUD>4982,442</CSUD>
    <NORD>22418,752</NORD>
    <SARD>965,701</SARD>
    <SICI>1722,844</SICI>
    <SUD>3756,528</SUD>
  </Fabbisogno>
  <Fabbisogno>
    <Data>20150518</Data>
    <Mercato>MGP</Mercato>
    <Ora>13</Ora>
    <Italia>35452,083</Italia>
    <CNOR>3159,898</CNOR>
    <CSUD>5010,305</CSUD>
    <NORD>20878,874</NORD>
    <SARD>952,258</SARD>
    <SICI>1720,222</SICI>
    <SUD>3730,526</SUD>
  </Fabbisogno>
  <Fabbisogno>
    <Data>20150518</Data>
    <Mercato>MGP</Mercato>
    <Ora>14</Ora>
    <Italia>35848,224</Italia>
    <CNOR>3104,207</CNOR>
    <CSUD>5413,532</CSUD>
    <NORD>20942,386</NORD>
    <SARD>947,501</SARD>
    <SICI>1758,62</SICI>
    <SUD>3681,978</SUD>
  </Fabbisogno>
  <Fabbisogno>
    <Data>20150518</Data>
    <Mercato>MGP</Mercato>
    <Ora>15</Ora>
    <Italia>36453,019</Italia>
    <CNOR>3166,049</CNOR>
    <CSUD>4891,602</CSUD>
    <NORD>22257,616</NORD>
    <SARD>915,297</SARD>
    <SICI>1645,496</SICI>
    <SUD>3576,959</SUD>
  </Fabbisogno>
  <Fabbisogno>
    <Data>20150518</Data>
    <Mercato>MGP</Mercato>
    <Ora>16</Ora>
    <Italia>37002,323</Italia>
    <CNOR>3274,663</CNOR>
    <CSUD>4954,217</CSUD>
    <NORD>22580,248</NORD>
    <SARD>920,6</SARD>
    <SICI>1662,011</SICI>
    <SUD>3610,584</SUD>
  </Fabbisogno>
  <Fabbisogno>
    <Data>20150518</Data>
    <Mercato>MGP</Mercato>
    <Ora>17</Ora>
    <Italia>37250,541</Italia>
    <CNOR>3331,633</CNOR>
    <CSUD>5021,032</CSUD>
    <NORD>22530,696</NORD>
    <SARD>948,089</SARD>
    <SICI>1728,309</SICI>
    <SUD>3690,782</SUD>
  </Fabbisogno>
  <Fabbisogno>
    <Data>20150518</Data>
    <Mercato>MGP</Mercato>
    <Ora>18</Ora>
    <Italia>37279,717</Italia>
    <CNOR>3448,413</CNOR>
    <CSUD>5381,708</CSUD>
    <NORD>21646,969</NORD>
    <SARD>1005,662</SARD>
    <SICI>1821,108</SICI>
    <SUD>3975,857</SUD>
  </Fabbisogno>
  <Fabbisogno>
    <Data>20150518</Data>
    <Mercato>MGP</Mercato>
    <Ora>19</Ora>
    <Italia>36088,071</Italia>
    <CNOR>3525,085</CNOR>
    <CSUD>5523,296</CSUD>
    <NORD>20040,822</NORD>
    <SARD>1081,247</SARD>
    <SICI>1857,137</SICI>
    <SUD>4060,484</SUD>
  </Fabbisogno>
  <Fabbisogno>
    <Data>20150518</Data>
    <Mercato>MGP</Mercato>
    <Ora>20</Ora>
    <Italia>36878,203</Italia>
    <CNOR>3726,514</CNOR>
    <CSUD>5960,04</CSUD>
    <NORD>19974,464</NORD>
    <SARD>1112,18</SARD>
    <SICI>1953,006</SICI>
    <SUD>4151,999</SUD>
  </Fabbisogno>
  <Fabbisogno>
    <Data>20150518</Data>
    <Mercato>MGP</Mercato>
    <Ora>21</Ora>
    <Italia>37276,884</Italia>
    <CNOR>3802,021</CNOR>
    <CSUD>6300,845</CSUD>
    <NORD>19450,601</NORD>
    <SARD>1191,538</SARD>
    <SICI>2209,216</SICI>
    <SUD>4322,663</SUD>
  </Fabbisogno>
  <Fabbisogno>
    <Data>20150518</Data>
    <Mercato>MGP</Mercato>
    <Ora>22</Ora>
    <Italia>36706,776</Italia>
    <CNOR>3849,474</CNOR>
    <CSUD>6214,347</CSUD>
    <NORD>19249,772</NORD>
    <SARD>1216,005</SARD>
    <SICI>2131,158</SICI>
    <SUD>4046,02</SUD>
  </Fabbisogno>
  <Fabbisogno>
    <Data>20150518</Data>
    <Mercato>MGP</Mercato>
    <Ora>23</Ora>
    <Italia>33594,576</Italia>
    <CNOR>3521,521</CNOR>
    <CSUD>5737,23</CSUD>
    <NORD>17548,219</NORD>
    <SARD>1127,203</SARD>
    <SICI>1927,943</SICI>
    <SUD>3732,46</SUD>
  </Fabbisogno>
  <Fabbisogno>
    <Data>20150518</Data>
    <Mercato>MGP</Mercato>
    <Ora>24</Ora>
    <Italia>30126,478</Italia>
    <CNOR>3142,783</CNOR>
    <CSUD>5105,863</CSUD>
    <NORD>15714,272</NORD>
    <SARD>1042,002</SARD>
    <SICI>1709,893</SICI>
    <SUD>3411,665</SUD>
  </Fabbisogno>
</NewDataSet>