<?xml version="1.0" standalone="yes"?>
<NewDataSet>
  <xs:schema id="NewDataSet" xmlns="" xmlns:xs="http://www.w3.org/2001/XMLSchema" xmlns:msdata="urn:schemas-microsoft-com:xml-msdata">
    <xs:element name="NewDataSet" msdata:IsDataSet="true" msdata:UseCurrentLocale="true">
      <xs:complexType>
        <xs:choice minOccurs="0" maxOccurs="unbounded">
          <xs:element name="Fabbisogno">
            <xs:complexType>
              <xs:sequence>
                <xs:element name="Data" type="xs:string" minOccurs="0" />
                <xs:element name="Mercato" type="xs:string" minOccurs="0" />
                <xs:element name="Ora" type="xs:string" minOccurs="0" />
                <xs:element name="Italia" type="xs:string" minOccurs="0" />
                <xs:element name="CNOR" type="xs:string" minOccurs="0" />
                <xs:element name="CSUD" type="xs:string" minOccurs="0" />
                <xs:element name="NORD" type="xs:string" minOccurs="0" />
                <xs:element name="SARD" type="xs:string" minOccurs="0" />
                <xs:element name="SICI" type="xs:string" minOccurs="0" />
                <xs:element name="SUD" type="xs:string" minOccurs="0" />
              </xs:sequence>
            </xs:complexType>
          </xs:element>
        </xs:choice>
      </xs:complexType>
    </xs:element>
  </xs:schema>
  <Fabbisogno>
    <Data>20150508</Data>
    <Mercato>MGP</Mercato>
    <Ora>1</Ora>
    <Italia>26887,173</Italia>
    <CNOR>2671,791</CNOR>
    <CSUD>4347,839</CSUD>
    <NORD>14556,295</NORD>
    <SARD>917,171</SARD>
    <SICI>1580,431</SICI>
    <SUD>2813,646</SUD>
  </Fabbisogno>
  <Fabbisogno>
    <Data>20150508</Data>
    <Mercato>MGP</Mercato>
    <Ora>2</Ora>
    <Italia>25223,724</Italia>
    <CNOR>2494,29</CNOR>
    <CSUD>4000,053</CSUD>
    <NORD>13735,574</NORD>
    <SARD>863,079</SARD>
    <SICI>1529,925</SICI>
    <SUD>2600,803</SUD>
  </Fabbisogno>
  <Fabbisogno>
    <Data>20150508</Data>
    <Mercato>MGP</Mercato>
    <Ora>3</Ora>
    <Italia>24425,587</Italia>
    <CNOR>2269,771</CNOR>
    <CSUD>3689,23</CSUD>
    <NORD>13770,882</NORD>
    <SARD>801,95</SARD>
    <SICI>1441,503</SICI>
    <SUD>2452,251</SUD>
  </Fabbisogno>
  <Fabbisogno>
    <Data>20150508</Data>
    <Mercato>MGP</Mercato>
    <Ora>4</Ora>
    <Italia>23958,169</Italia>
    <CNOR>2226,583</CNOR>
    <CSUD>3630,144</CSUD>
    <NORD>13510,737</NORD>
    <SARD>789,789</SARD>
    <SICI>1399,145</SICI>
    <SUD>2401,771</SUD>
  </Fabbisogno>
  <Fabbisogno>
    <Data>20150508</Data>
    <Mercato>MGP</Mercato>
    <Ora>5</Ora>
    <Italia>23812,721</Italia>
    <CNOR>2207,034</CNOR>
    <CSUD>3657,158</CSUD>
    <NORD>13329,354</NORD>
    <SARD>792,5</SARD>
    <SICI>1403,87</SICI>
    <SUD>2422,805</SUD>
  </Fabbisogno>
  <Fabbisogno>
    <Data>20150508</Data>
    <Mercato>MGP</Mercato>
    <Ora>6</Ora>
    <Italia>25090,152</Italia>
    <CNOR>2303,108</CNOR>
    <CSUD>3782,248</CSUD>
    <NORD>14262,117</NORD>
    <SARD>823,852</SARD>
    <SICI>1470,592</SICI>
    <SUD>2448,235</SUD>
  </Fabbisogno>
  <Fabbisogno>
    <Data>20150508</Data>
    <Mercato>MGP</Mercato>
    <Ora>7</Ora>
    <Italia>27012,935</Italia>
    <CNOR>2491,669</CNOR>
    <CSUD>3976,121</CSUD>
    <NORD>15678,12</NORD>
    <SARD>866,183</SARD>
    <SICI>1526,244</SICI>
    <SUD>2474,598</SUD>
  </Fabbisogno>
  <Fabbisogno>
    <Data>20150508</Data>
    <Mercato>MGP</Mercato>
    <Ora>8</Ora>
    <Italia>32430,421</Italia>
    <CNOR>3085,83</CNOR>
    <CSUD>4733,821</CSUD>
    <NORD>18880,618</NORD>
    <SARD>986,846</SARD>
    <SICI>1791,642</SICI>
    <SUD>2951,664</SUD>
  </Fabbisogno>
  <Fabbisogno>
    <Data>20150508</Data>
    <Mercato>MGP</Mercato>
    <Ora>9</Ora>
    <Italia>37241,062</Italia>
    <CNOR>3556,972</CNOR>
    <CSUD>5253,07</CSUD>
    <NORD>21949,759</NORD>
    <SARD>1069,022</SARD>
    <SICI>2047,333</SICI>
    <SUD>3364,906</SUD>
  </Fabbisogno>
  <Fabbisogno>
    <Data>20150508</Data>
    <Mercato>MGP</Mercato>
    <Ora>10</Ora>
    <Italia>38354,177</Italia>
    <CNOR>3682,389</CNOR>
    <CSUD>5481,784</CSUD>
    <NORD>22650,53</NORD>
    <SARD>1070,975</SARD>
    <SICI>1948,992</SICI>
    <SUD>3519,507</SUD>
  </Fabbisogno>
  <Fabbisogno>
    <Data>20150508</Data>
    <Mercato>MGP</Mercato>
    <Ora>11</Ora>
    <Italia>37816,666</Italia>
    <CNOR>3629,804</CNOR>
    <CSUD>5399,921</CSUD>
    <NORD>22519,921</NORD>
    <SARD>1005,532</SARD>
    <SICI>1899,995</SICI>
    <SUD>3361,493</SUD>
  </Fabbisogno>
  <Fabbisogno>
    <Data>20150508</Data>
    <Mercato>MGP</Mercato>
    <Ora>12</Ora>
    <Italia>37545,305</Italia>
    <CNOR>3660,943</CNOR>
    <CSUD>5368,575</CSUD>
    <NORD>22332,899</NORD>
    <SARD>979,55</SARD>
    <SICI>1861,612</SICI>
    <SUD>3341,726</SUD>
  </Fabbisogno>
  <Fabbisogno>
    <Data>20150508</Data>
    <Mercato>MGP</Mercato>
    <Ora>13</Ora>
    <Italia>35606,087</Italia>
    <CNOR>3414,636</CNOR>
    <CSUD>5444,838</CSUD>
    <NORD>20524,805</NORD>
    <SARD>977,402</SARD>
    <SICI>1848,815</SICI>
    <SUD>3395,591</SUD>
  </Fabbisogno>
  <Fabbisogno>
    <Data>20150508</Data>
    <Mercato>MGP</Mercato>
    <Ora>14</Ora>
    <Italia>35291,809</Italia>
    <CNOR>3249,498</CNOR>
    <CSUD>5171,395</CSUD>
    <NORD>20849,341</NORD>
    <SARD>942,794</SARD>
    <SICI>1773,819</SICI>
    <SUD>3304,962</SUD>
  </Fabbisogno>
  <Fabbisogno>
    <Data>20150508</Data>
    <Mercato>MGP</Mercato>
    <Ora>15</Ora>
    <Italia>35849,72</Italia>
    <CNOR>3376,887</CNOR>
    <CSUD>5168,479</CSUD>
    <NORD>21453,166</NORD>
    <SARD>926,904</SARD>
    <SICI>1733,132</SICI>
    <SUD>3191,152</SUD>
  </Fabbisogno>
  <Fabbisogno>
    <Data>20150508</Data>
    <Mercato>MGP</Mercato>
    <Ora>16</Ora>
    <Italia>36595,424</Italia>
    <CNOR>3482,09</CNOR>
    <CSUD>5295,651</CSUD>
    <NORD>21797,287</NORD>
    <SARD>978,957</SARD>
    <SICI>1761,363</SICI>
    <SUD>3280,076</SUD>
  </Fabbisogno>
  <Fabbisogno>
    <Data>20150508</Data>
    <Mercato>MGP</Mercato>
    <Ora>17</Ora>
    <Italia>36763,784</Italia>
    <CNOR>3558,763</CNOR>
    <CSUD>5364,029</CSUD>
    <NORD>21675,436</NORD>
    <SARD>960,102</SARD>
    <SICI>1700,447</SICI>
    <SUD>3505,007</SUD>
  </Fabbisogno>
  <Fabbisogno>
    <Data>20150508</Data>
    <Mercato>MGP</Mercato>
    <Ora>18</Ora>
    <Italia>36096,357</Italia>
    <CNOR>3574,745</CNOR>
    <CSUD>5441,152</CSUD>
    <NORD>20797,598</NORD>
    <SARD>973,425</SARD>
    <SICI>1738,456</SICI>
    <SUD>3570,981</SUD>
  </Fabbisogno>
  <Fabbisogno>
    <Data>20150508</Data>
    <Mercato>MGP</Mercato>
    <Ora>19</Ora>
    <Italia>34886,482</Italia>
    <CNOR>3567,765</CNOR>
    <CSUD>5550,47</CSUD>
    <NORD>19253,427</NORD>
    <SARD>1058,697</SARD>
    <SICI>1793,926</SICI>
    <SUD>3662,197</SUD>
  </Fabbisogno>
  <Fabbisogno>
    <Data>20150508</Data>
    <Mercato>MGP</Mercato>
    <Ora>20</Ora>
    <Italia>35137,902</Italia>
    <CNOR>3553,826</CNOR>
    <CSUD>5806,668</CSUD>
    <NORD>18994,14</NORD>
    <SARD>1102,306</SARD>
    <SICI>1886,402</SICI>
    <SUD>3794,56</SUD>
  </Fabbisogno>
  <Fabbisogno>
    <Data>20150508</Data>
    <Mercato>MGP</Mercato>
    <Ora>21</Ora>
    <Italia>36029,321</Italia>
    <CNOR>3617,419</CNOR>
    <CSUD>6143,495</CSUD>
    <NORD>18919,171</NORD>
    <SARD>1166,384</SARD>
    <SICI>2153,316</SICI>
    <SUD>4029,536</SUD>
  </Fabbisogno>
  <Fabbisogno>
    <Data>20150508</Data>
    <Mercato>MGP</Mercato>
    <Ora>22</Ora>
    <Italia>34515,409</Italia>
    <CNOR>3543,388</CNOR>
    <CSUD>5959,731</CSUD>
    <NORD>17985,49</NORD>
    <SARD>1177,838</SARD>
    <SICI>2025,697</SICI>
    <SUD>3823,265</SUD>
  </Fabbisogno>
  <Fabbisogno>
    <Data>20150508</Data>
    <Mercato>MGP</Mercato>
    <Ora>23</Ora>
    <Italia>31031,852</Italia>
    <CNOR>3186,492</CNOR>
    <CSUD>5329,562</CSUD>
    <NORD>16173,704</NORD>
    <SARD>1006,285</SARD>
    <SICI>1836,499</SICI>
    <SUD>3499,31</SUD>
  </Fabbisogno>
  <Fabbisogno>
    <Data>20150508</Data>
    <Mercato>MGP</Mercato>
    <Ora>24</Ora>
    <Italia>27939,427</Italia>
    <CNOR>2807,866</CNOR>
    <CSUD>4738,708</CSUD>
    <NORD>14731,843</NORD>
    <SARD>928,863</SARD>
    <SICI>1555,38</SICI>
    <SUD>3176,767</SUD>
  </Fabbisogno>
</NewDataSet>