<?xml version="1.0" standalone="yes"?>
<NewDataSet>
  <xs:schema id="NewDataSet" xmlns="" xmlns:xs="http://www.w3.org/2001/XMLSchema" xmlns:msdata="urn:schemas-microsoft-com:xml-msdata">
    <xs:element name="NewDataSet" msdata:IsDataSet="true" msdata:UseCurrentLocale="true">
      <xs:complexType>
        <xs:choice minOccurs="0" maxOccurs="unbounded">
          <xs:element name="Fabbisogno">
            <xs:complexType>
              <xs:sequence>
                <xs:element name="Data" type="xs:string" minOccurs="0" />
                <xs:element name="Mercato" type="xs:string" minOccurs="0" />
                <xs:element name="Ora" type="xs:string" minOccurs="0" />
                <xs:element name="Italia" type="xs:string" minOccurs="0" />
                <xs:element name="CNOR" type="xs:string" minOccurs="0" />
                <xs:element name="CSUD" type="xs:string" minOccurs="0" />
                <xs:element name="NORD" type="xs:string" minOccurs="0" />
                <xs:element name="SARD" type="xs:string" minOccurs="0" />
                <xs:element name="SICI" type="xs:string" minOccurs="0" />
                <xs:element name="SUD" type="xs:string" minOccurs="0" />
              </xs:sequence>
            </xs:complexType>
          </xs:element>
        </xs:choice>
      </xs:complexType>
    </xs:element>
  </xs:schema>
  <Fabbisogno>
    <Data>20150521</Data>
    <Mercato>MGP</Mercato>
    <Ora>1</Ora>
    <Italia>27813,47</Italia>
    <CNOR>2782,381</CNOR>
    <CSUD>4458,728</CSUD>
    <NORD>14933,609</NORD>
    <SARD>929,653</SARD>
    <SICI>1567,878</SICI>
    <SUD>3141,221</SUD>
  </Fabbisogno>
  <Fabbisogno>
    <Data>20150521</Data>
    <Mercato>MGP</Mercato>
    <Ora>2</Ora>
    <Italia>26053,701</Italia>
    <CNOR>2541,144</CNOR>
    <CSUD>4017,615</CSUD>
    <NORD>14338,306</NORD>
    <SARD>849,508</SARD>
    <SICI>1389,686</SICI>
    <SUD>2917,442</SUD>
  </Fabbisogno>
  <Fabbisogno>
    <Data>20150521</Data>
    <Mercato>MGP</Mercato>
    <Ora>3</Ora>
    <Italia>24674,092</Italia>
    <CNOR>2225,835</CNOR>
    <CSUD>3416,889</CSUD>
    <NORD>14308,736</NORD>
    <SARD>776,431</SARD>
    <SICI>1304,103</SICI>
    <SUD>2642,098</SUD>
  </Fabbisogno>
  <Fabbisogno>
    <Data>20150521</Data>
    <Mercato>MGP</Mercato>
    <Ora>4</Ora>
    <Italia>25398,971</Italia>
    <CNOR>2451,311</CNOR>
    <CSUD>3845,546</CSUD>
    <NORD>14070,429</NORD>
    <SARD>836,153</SARD>
    <SICI>1424,161</SICI>
    <SUD>2771,371</SUD>
  </Fabbisogno>
  <Fabbisogno>
    <Data>20150521</Data>
    <Mercato>MGP</Mercato>
    <Ora>5</Ora>
    <Italia>25352,426</Italia>
    <CNOR>2393,72</CNOR>
    <CSUD>3819,956</CSUD>
    <NORD>14173,108</NORD>
    <SARD>819,351</SARD>
    <SICI>1388,453</SICI>
    <SUD>2757,838</SUD>
  </Fabbisogno>
  <Fabbisogno>
    <Data>20150521</Data>
    <Mercato>MGP</Mercato>
    <Ora>6</Ora>
    <Italia>25623,01</Italia>
    <CNOR>2334,689</CNOR>
    <CSUD>3674,486</CSUD>
    <NORD>14775,528</NORD>
    <SARD>812,695</SARD>
    <SICI>1365,729</SICI>
    <SUD>2659,883</SUD>
  </Fabbisogno>
  <Fabbisogno>
    <Data>20150521</Data>
    <Mercato>MGP</Mercato>
    <Ora>7</Ora>
    <Italia>28220,07</Italia>
    <CNOR>2528,962</CNOR>
    <CSUD>3900,347</CSUD>
    <NORD>16721,346</NORD>
    <SARD>845,968</SARD>
    <SICI>1424,577</SICI>
    <SUD>2798,87</SUD>
  </Fabbisogno>
  <Fabbisogno>
    <Data>20150521</Data>
    <Mercato>MGP</Mercato>
    <Ora>8</Ora>
    <Italia>32809,105</Italia>
    <CNOR>2884,488</CNOR>
    <CSUD>4261,116</CSUD>
    <NORD>19904,337</NORD>
    <SARD>946,241</SARD>
    <SICI>1584,63</SICI>
    <SUD>3228,293</SUD>
  </Fabbisogno>
  <Fabbisogno>
    <Data>20150521</Data>
    <Mercato>MGP</Mercato>
    <Ora>9</Ora>
    <Italia>38296,657</Italia>
    <CNOR>3623,201</CNOR>
    <CSUD>5361,881</CSUD>
    <NORD>22629,708</NORD>
    <SARD>1075,632</SARD>
    <SICI>1924,392</SICI>
    <SUD>3681,843</SUD>
  </Fabbisogno>
  <Fabbisogno>
    <Data>20150521</Data>
    <Mercato>MGP</Mercato>
    <Ora>10</Ora>
    <Italia>39120,474</Italia>
    <CNOR>3509,447</CNOR>
    <CSUD>5417,656</CSUD>
    <NORD>23526,123</NORD>
    <SARD>1054,235</SARD>
    <SICI>1823,854</SICI>
    <SUD>3789,159</SUD>
  </Fabbisogno>
  <Fabbisogno>
    <Data>20150521</Data>
    <Mercato>MGP</Mercato>
    <Ora>11</Ora>
    <Italia>39485,456</Italia>
    <CNOR>3486,92</CNOR>
    <CSUD>5446,696</CSUD>
    <NORD>24001,573</NORD>
    <SARD>1004,665</SARD>
    <SICI>1786,159</SICI>
    <SUD>3759,443</SUD>
  </Fabbisogno>
  <Fabbisogno>
    <Data>20150521</Data>
    <Mercato>MGP</Mercato>
    <Ora>12</Ora>
    <Italia>39598,041</Italia>
    <CNOR>3490,756</CNOR>
    <CSUD>5413,483</CSUD>
    <NORD>24179,428</NORD>
    <SARD>990,514</SARD>
    <SICI>1765,4</SICI>
    <SUD>3758,46</SUD>
  </Fabbisogno>
  <Fabbisogno>
    <Data>20150521</Data>
    <Mercato>MGP</Mercato>
    <Ora>13</Ora>
    <Italia>37465,829</Italia>
    <CNOR>3390,001</CNOR>
    <CSUD>5379,538</CSUD>
    <NORD>22164,632</NORD>
    <SARD>970,425</SARD>
    <SICI>1846,766</SICI>
    <SUD>3714,467</SUD>
  </Fabbisogno>
  <Fabbisogno>
    <Data>20150521</Data>
    <Mercato>MGP</Mercato>
    <Ora>14</Ora>
    <Italia>36590,052</Italia>
    <CNOR>3209,501</CNOR>
    <CSUD>5110,325</CSUD>
    <NORD>22040,365</NORD>
    <SARD>917,186</SARD>
    <SICI>1744,577</SICI>
    <SUD>3568,098</SUD>
  </Fabbisogno>
  <Fabbisogno>
    <Data>20150521</Data>
    <Mercato>MGP</Mercato>
    <Ora>15</Ora>
    <Italia>38232,447</Italia>
    <CNOR>3298,906</CNOR>
    <CSUD>5278,693</CSUD>
    <NORD>23574,88</NORD>
    <SARD>919,679</SARD>
    <SICI>1634,1</SICI>
    <SUD>3526,189</SUD>
  </Fabbisogno>
  <Fabbisogno>
    <Data>20150521</Data>
    <Mercato>MGP</Mercato>
    <Ora>16</Ora>
    <Italia>38274,76</Italia>
    <CNOR>3377,181</CNOR>
    <CSUD>4937,113</CSUD>
    <NORD>23914,058</NORD>
    <SARD>895,226</SARD>
    <SICI>1663</SICI>
    <SUD>3488,182</SUD>
  </Fabbisogno>
  <Fabbisogno>
    <Data>20150521</Data>
    <Mercato>MGP</Mercato>
    <Ora>17</Ora>
    <Italia>38501,169</Italia>
    <CNOR>3418,382</CNOR>
    <CSUD>5000,66</CSUD>
    <NORD>23914,294</NORD>
    <SARD>914,234</SARD>
    <SICI>1703,642</SICI>
    <SUD>3549,957</SUD>
  </Fabbisogno>
  <Fabbisogno>
    <Data>20150521</Data>
    <Mercato>MGP</Mercato>
    <Ora>18</Ora>
    <Italia>38904,654</Italia>
    <CNOR>3707,907</CNOR>
    <CSUD>5618,043</CSUD>
    <NORD>22883,352</NORD>
    <SARD>1002,754</SARD>
    <SICI>1839,642</SICI>
    <SUD>3852,956</SUD>
  </Fabbisogno>
  <Fabbisogno>
    <Data>20150521</Data>
    <Mercato>MGP</Mercato>
    <Ora>19</Ora>
    <Italia>37297,095</Italia>
    <CNOR>3694,915</CNOR>
    <CSUD>5815,706</CSUD>
    <NORD>20728,03</NORD>
    <SARD>1115,965</SARD>
    <SICI>1914,467</SICI>
    <SUD>4028,012</SUD>
  </Fabbisogno>
  <Fabbisogno>
    <Data>20150521</Data>
    <Mercato>MGP</Mercato>
    <Ora>20</Ora>
    <Italia>37006,885</Italia>
    <CNOR>3795,11</CNOR>
    <CSUD>6086,039</CSUD>
    <NORD>19889,675</NORD>
    <SARD>1140,241</SARD>
    <SICI>1991,141</SICI>
    <SUD>4104,679</SUD>
  </Fabbisogno>
  <Fabbisogno>
    <Data>20150521</Data>
    <Mercato>MGP</Mercato>
    <Ora>21</Ora>
    <Italia>37176,027</Italia>
    <CNOR>3826,262</CNOR>
    <CSUD>6323,373</CSUD>
    <NORD>19297,014</NORD>
    <SARD>1213,399</SARD>
    <SICI>2172,492</SICI>
    <SUD>4343,487</SUD>
  </Fabbisogno>
  <Fabbisogno>
    <Data>20150521</Data>
    <Mercato>MGP</Mercato>
    <Ora>22</Ora>
    <Italia>36486,898</Italia>
    <CNOR>3827,739</CNOR>
    <CSUD>6285,714</CSUD>
    <NORD>18838,44</NORD>
    <SARD>1238,011</SARD>
    <SICI>2085,603</SICI>
    <SUD>4211,391</SUD>
  </Fabbisogno>
  <Fabbisogno>
    <Data>20150521</Data>
    <Mercato>MGP</Mercato>
    <Ora>23</Ora>
    <Italia>33194,039</Italia>
    <CNOR>3468,5</CNOR>
    <CSUD>5755,95</CSUD>
    <NORD>17026,379</NORD>
    <SARD>1136,304</SARD>
    <SICI>1906,571</SICI>
    <SUD>3900,335</SUD>
  </Fabbisogno>
  <Fabbisogno>
    <Data>20150521</Data>
    <Mercato>MGP</Mercato>
    <Ora>24</Ora>
    <Italia>29704,581</Italia>
    <CNOR>3123,205</CNOR>
    <CSUD>5187,204</CSUD>
    <NORD>14994,235</NORD>
    <SARD>1059,407</SARD>
    <SICI>1665,495</SICI>
    <SUD>3675,035</SUD>
  </Fabbisogno>
</NewDataSet>