<?xml version="1.0" standalone="yes"?>
<NewDataSet>
  <xs:schema id="NewDataSet" xmlns="" xmlns:xs="http://www.w3.org/2001/XMLSchema" xmlns:msdata="urn:schemas-microsoft-com:xml-msdata">
    <xs:element name="NewDataSet" msdata:IsDataSet="true" msdata:UseCurrentLocale="true">
      <xs:complexType>
        <xs:choice minOccurs="0" maxOccurs="unbounded">
          <xs:element name="Fabbisogno">
            <xs:complexType>
              <xs:sequence>
                <xs:element name="Data" type="xs:string" minOccurs="0" />
                <xs:element name="Mercato" type="xs:string" minOccurs="0" />
                <xs:element name="Ora" type="xs:string" minOccurs="0" />
                <xs:element name="Italia" type="xs:string" minOccurs="0" />
                <xs:element name="CNOR" type="xs:string" minOccurs="0" />
                <xs:element name="CSUD" type="xs:string" minOccurs="0" />
                <xs:element name="NORD" type="xs:string" minOccurs="0" />
                <xs:element name="SARD" type="xs:string" minOccurs="0" />
                <xs:element name="SICI" type="xs:string" minOccurs="0" />
                <xs:element name="SUD" type="xs:string" minOccurs="0" />
              </xs:sequence>
            </xs:complexType>
          </xs:element>
        </xs:choice>
      </xs:complexType>
    </xs:element>
  </xs:schema>
  <Fabbisogno>
    <Data>20150510</Data>
    <Mercato>MGP</Mercato>
    <Ora>1</Ora>
    <Italia>24218,406</Italia>
    <CNOR>2389,111</CNOR>
    <CSUD>4186,457</CSUD>
    <NORD>12188,723</NORD>
    <SARD>913,901</SARD>
    <SICI>1602,226</SICI>
    <SUD>2937,988</SUD>
  </Fabbisogno>
  <Fabbisogno>
    <Data>20150510</Data>
    <Mercato>MGP</Mercato>
    <Ora>2</Ora>
    <Italia>22718,011</Italia>
    <CNOR>2258,188</CNOR>
    <CSUD>3820,421</CSUD>
    <NORD>11508,688</NORD>
    <SARD>864,15</SARD>
    <SICI>1537,854</SICI>
    <SUD>2728,71</SUD>
  </Fabbisogno>
  <Fabbisogno>
    <Data>20150510</Data>
    <Mercato>MGP</Mercato>
    <Ora>3</Ora>
    <Italia>21709,321</Italia>
    <CNOR>2030,697</CNOR>
    <CSUD>3349,485</CSUD>
    <NORD>11584,169</NORD>
    <SARD>802,278</SARD>
    <SICI>1419,349</SICI>
    <SUD>2523,343</SUD>
  </Fabbisogno>
  <Fabbisogno>
    <Data>20150510</Data>
    <Mercato>MGP</Mercato>
    <Ora>4</Ora>
    <Italia>20827,838</Italia>
    <CNOR>1979,084</CNOR>
    <CSUD>3225,459</CSUD>
    <NORD>11056,443</NORD>
    <SARD>792,714</SARD>
    <SICI>1356,116</SICI>
    <SUD>2418,022</SUD>
  </Fabbisogno>
  <Fabbisogno>
    <Data>20150510</Data>
    <Mercato>MGP</Mercato>
    <Ora>5</Ora>
    <Italia>20714,616</Italia>
    <CNOR>1916,396</CNOR>
    <CSUD>3180,605</CSUD>
    <NORD>11135,9</NORD>
    <SARD>790,432</SARD>
    <SICI>1257,024</SICI>
    <SUD>2434,259</SUD>
  </Fabbisogno>
  <Fabbisogno>
    <Data>20150510</Data>
    <Mercato>MGP</Mercato>
    <Ora>6</Ora>
    <Italia>21011,589</Italia>
    <CNOR>1887,609</CNOR>
    <CSUD>3161,557</CSUD>
    <NORD>11463,638</NORD>
    <SARD>789,314</SARD>
    <SICI>1359,46</SICI>
    <SUD>2350,011</SUD>
  </Fabbisogno>
  <Fabbisogno>
    <Data>20150510</Data>
    <Mercato>MGP</Mercato>
    <Ora>7</Ora>
    <Italia>20318,308</Italia>
    <CNOR>1789,518</CNOR>
    <CSUD>3040,537</CSUD>
    <NORD>11042,786</NORD>
    <SARD>791,494</SARD>
    <SICI>1315,297</SICI>
    <SUD>2338,676</SUD>
  </Fabbisogno>
  <Fabbisogno>
    <Data>20150510</Data>
    <Mercato>MGP</Mercato>
    <Ora>8</Ora>
    <Italia>21565,192</Italia>
    <CNOR>1925,573</CNOR>
    <CSUD>3320,25</CSUD>
    <NORD>11550,977</NORD>
    <SARD>828,502</SARD>
    <SICI>1379,588</SICI>
    <SUD>2560,302</SUD>
  </Fabbisogno>
  <Fabbisogno>
    <Data>20150510</Data>
    <Mercato>MGP</Mercato>
    <Ora>9</Ora>
    <Italia>23000,808</Italia>
    <CNOR>2058,492</CNOR>
    <CSUD>3703,942</CSUD>
    <NORD>12134,607</NORD>
    <SARD>892,281</SARD>
    <SICI>1544,992</SICI>
    <SUD>2666,494</SUD>
  </Fabbisogno>
  <Fabbisogno>
    <Data>20150510</Data>
    <Mercato>MGP</Mercato>
    <Ora>10</Ora>
    <Italia>24081,432</Italia>
    <CNOR>2119,343</CNOR>
    <CSUD>3722,127</CSUD>
    <NORD>12983,653</NORD>
    <SARD>886,688</SARD>
    <SICI>1573,968</SICI>
    <SUD>2795,653</SUD>
  </Fabbisogno>
  <Fabbisogno>
    <Data>20150510</Data>
    <Mercato>MGP</Mercato>
    <Ora>11</Ora>
    <Italia>24894,1</Italia>
    <CNOR>2242,99</CNOR>
    <CSUD>3844,907</CSUD>
    <NORD>13462,577</NORD>
    <SARD>885,442</SARD>
    <SICI>1591,547</SICI>
    <SUD>2866,637</SUD>
  </Fabbisogno>
  <Fabbisogno>
    <Data>20150510</Data>
    <Mercato>MGP</Mercato>
    <Ora>12</Ora>
    <Italia>25593,212</Italia>
    <CNOR>2345,251</CNOR>
    <CSUD>4111,493</CSUD>
    <NORD>13707,312</NORD>
    <SARD>887,682</SARD>
    <SICI>1653,393</SICI>
    <SUD>2888,081</SUD>
  </Fabbisogno>
  <Fabbisogno>
    <Data>20150510</Data>
    <Mercato>MGP</Mercato>
    <Ora>13</Ora>
    <Italia>25648,66</Italia>
    <CNOR>2312,306</CNOR>
    <CSUD>4266,63</CSUD>
    <NORD>13595,442</NORD>
    <SARD>887,766</SARD>
    <SICI>1661,394</SICI>
    <SUD>2925,122</SUD>
  </Fabbisogno>
  <Fabbisogno>
    <Data>20150510</Data>
    <Mercato>MGP</Mercato>
    <Ora>14</Ora>
    <Italia>24584,155</Italia>
    <CNOR>2132,592</CNOR>
    <CSUD>4204,254</CSUD>
    <NORD>13017,766</NORD>
    <SARD>853,745</SARD>
    <SICI>1540,378</SICI>
    <SUD>2835,42</SUD>
  </Fabbisogno>
  <Fabbisogno>
    <Data>20150510</Data>
    <Mercato>MGP</Mercato>
    <Ora>15</Ora>
    <Italia>23862,605</Italia>
    <CNOR>2126,554</CNOR>
    <CSUD>3814,477</CSUD>
    <NORD>12966,584</NORD>
    <SARD>834,972</SARD>
    <SICI>1470,248</SICI>
    <SUD>2649,77</SUD>
  </Fabbisogno>
  <Fabbisogno>
    <Data>20150510</Data>
    <Mercato>MGP</Mercato>
    <Ora>16</Ora>
    <Italia>23710,554</Italia>
    <CNOR>2130,036</CNOR>
    <CSUD>3834,313</CSUD>
    <NORD>12803,08</NORD>
    <SARD>833,134</SARD>
    <SICI>1471,476</SICI>
    <SUD>2638,515</SUD>
  </Fabbisogno>
  <Fabbisogno>
    <Data>20150510</Data>
    <Mercato>MGP</Mercato>
    <Ora>17</Ora>
    <Italia>23551,301</Italia>
    <CNOR>2202,874</CNOR>
    <CSUD>3643,753</CSUD>
    <NORD>12848,05</NORD>
    <SARD>814,472</SARD>
    <SICI>1378,929</SICI>
    <SUD>2663,223</SUD>
  </Fabbisogno>
  <Fabbisogno>
    <Data>20150510</Data>
    <Mercato>MGP</Mercato>
    <Ora>18</Ora>
    <Italia>24309,892</Italia>
    <CNOR>2296,26</CNOR>
    <CSUD>3972,259</CSUD>
    <NORD>12864,869</NORD>
    <SARD>885,453</SARD>
    <SICI>1482,386</SICI>
    <SUD>2808,665</SUD>
  </Fabbisogno>
  <Fabbisogno>
    <Data>20150510</Data>
    <Mercato>MGP</Mercato>
    <Ora>19</Ora>
    <Italia>24793,905</Italia>
    <CNOR>2385,83</CNOR>
    <CSUD>4077,77</CSUD>
    <NORD>13061,379</NORD>
    <SARD>905,621</SARD>
    <SICI>1518,189</SICI>
    <SUD>2845,116</SUD>
  </Fabbisogno>
  <Fabbisogno>
    <Data>20150510</Data>
    <Mercato>MGP</Mercato>
    <Ora>20</Ora>
    <Italia>26279,991</Italia>
    <CNOR>2646,247</CNOR>
    <CSUD>4558,813</CSUD>
    <NORD>13343,629</NORD>
    <SARD>955,112</SARD>
    <SICI>1641,72</SICI>
    <SUD>3134,47</SUD>
  </Fabbisogno>
  <Fabbisogno>
    <Data>20150510</Data>
    <Mercato>MGP</Mercato>
    <Ora>21</Ora>
    <Italia>28113,162</Italia>
    <CNOR>2857,1</CNOR>
    <CSUD>4983,763</CSUD>
    <NORD>13880,847</NORD>
    <SARD>1026,74</SARD>
    <SICI>1915,953</SICI>
    <SUD>3448,759</SUD>
  </Fabbisogno>
  <Fabbisogno>
    <Data>20150510</Data>
    <Mercato>MGP</Mercato>
    <Ora>22</Ora>
    <Italia>29064,392</Italia>
    <CNOR>2940,469</CNOR>
    <CSUD>5157,809</CSUD>
    <NORD>14522,076</NORD>
    <SARD>1067,988</SARD>
    <SICI>1943,931</SICI>
    <SUD>3432,119</SUD>
  </Fabbisogno>
  <Fabbisogno>
    <Data>20150510</Data>
    <Mercato>MGP</Mercato>
    <Ora>23</Ora>
    <Italia>26950,062</Italia>
    <CNOR>2709,516</CNOR>
    <CSUD>4727,042</CSUD>
    <NORD>13506,59</NORD>
    <SARD>992,193</SARD>
    <SICI>1755,989</SICI>
    <SUD>3258,732</SUD>
  </Fabbisogno>
  <Fabbisogno>
    <Data>20150510</Data>
    <Mercato>MGP</Mercato>
    <Ora>24</Ora>
    <Italia>24738,676</Italia>
    <CNOR>2537,331</CNOR>
    <CSUD>4442,914</CSUD>
    <NORD>12136,153</NORD>
    <SARD>946,615</SARD>
    <SICI>1584,869</SICI>
    <SUD>3090,794</SUD>
  </Fabbisogno>
</NewDataSet>