<?xml version="1.0" standalone="yes"?>
<NewDataSet>
  <xs:schema id="NewDataSet" xmlns="" xmlns:xs="http://www.w3.org/2001/XMLSchema" xmlns:msdata="urn:schemas-microsoft-com:xml-msdata">
    <xs:element name="NewDataSet" msdata:IsDataSet="true" msdata:UseCurrentLocale="true">
      <xs:complexType>
        <xs:choice minOccurs="0" maxOccurs="unbounded">
          <xs:element name="Fabbisogno">
            <xs:complexType>
              <xs:sequence>
                <xs:element name="Data" type="xs:string" minOccurs="0" />
                <xs:element name="Mercato" type="xs:string" minOccurs="0" />
                <xs:element name="Ora" type="xs:string" minOccurs="0" />
                <xs:element name="Italia" type="xs:string" minOccurs="0" />
                <xs:element name="CNOR" type="xs:string" minOccurs="0" />
                <xs:element name="CSUD" type="xs:string" minOccurs="0" />
                <xs:element name="NORD" type="xs:string" minOccurs="0" />
                <xs:element name="SARD" type="xs:string" minOccurs="0" />
                <xs:element name="SICI" type="xs:string" minOccurs="0" />
                <xs:element name="SUD" type="xs:string" minOccurs="0" />
              </xs:sequence>
            </xs:complexType>
          </xs:element>
        </xs:choice>
      </xs:complexType>
    </xs:element>
  </xs:schema>
  <Fabbisogno>
    <Data>20150528</Data>
    <Mercato>MGP</Mercato>
    <Ora>1</Ora>
    <Italia>28367,697</Italia>
    <CNOR>2715,365</CNOR>
    <CSUD>4336,225</CSUD>
    <NORD>15813,449</NORD>
    <SARD>930,496</SARD>
    <SICI>1309,38</SICI>
    <SUD>3262,782</SUD>
  </Fabbisogno>
  <Fabbisogno>
    <Data>20150528</Data>
    <Mercato>MGP</Mercato>
    <Ora>2</Ora>
    <Italia>26138,787</Italia>
    <CNOR>2590,195</CNOR>
    <CSUD>3957,15</CSUD>
    <NORD>14562,97</NORD>
    <SARD>872,367</SARD>
    <SICI>1214,325</SICI>
    <SUD>2941,78</SUD>
  </Fabbisogno>
  <Fabbisogno>
    <Data>20150528</Data>
    <Mercato>MGP</Mercato>
    <Ora>3</Ora>
    <Italia>25293,518</Italia>
    <CNOR>2249,77</CNOR>
    <CSUD>3289,454</CSUD>
    <NORD>15104,712</NORD>
    <SARD>782,145</SARD>
    <SICI>1142,236</SICI>
    <SUD>2725,201</SUD>
  </Fabbisogno>
  <Fabbisogno>
    <Data>20150528</Data>
    <Mercato>MGP</Mercato>
    <Ora>4</Ora>
    <Italia>25422,578</Italia>
    <CNOR>2462,406</CNOR>
    <CSUD>3703,782</CSUD>
    <NORD>14319,006</NORD>
    <SARD>843,738</SARD>
    <SICI>1122,099</SICI>
    <SUD>2971,547</SUD>
  </Fabbisogno>
  <Fabbisogno>
    <Data>20150528</Data>
    <Mercato>MGP</Mercato>
    <Ora>5</Ora>
    <Italia>25151,528</Italia>
    <CNOR>2236,813</CNOR>
    <CSUD>3271,592</CSUD>
    <NORD>15004,535</NORD>
    <SARD>794,031000000001</SARD>
    <SICI>1122,581</SICI>
    <SUD>2721,976</SUD>
  </Fabbisogno>
  <Fabbisogno>
    <Data>20150528</Data>
    <Mercato>MGP</Mercato>
    <Ora>6</Ora>
    <Italia>25502,33</Italia>
    <CNOR>2286,431</CNOR>
    <CSUD>3270,807</CSUD>
    <NORD>15367,494</NORD>
    <SARD>785,826</SARD>
    <SICI>1149,801</SICI>
    <SUD>2641,971</SUD>
  </Fabbisogno>
  <Fabbisogno>
    <Data>20150528</Data>
    <Mercato>MGP</Mercato>
    <Ora>7</Ora>
    <Italia>28172,424</Italia>
    <CNOR>2500,426</CNOR>
    <CSUD>3526,69</CSUD>
    <NORD>17288,879</NORD>
    <SARD>826,789</SARD>
    <SICI>1249,57</SICI>
    <SUD>2780,07</SUD>
  </Fabbisogno>
  <Fabbisogno>
    <Data>20150528</Data>
    <Mercato>MGP</Mercato>
    <Ora>8</Ora>
    <Italia>32945,806</Italia>
    <CNOR>2864,029</CNOR>
    <CSUD>4141,651</CSUD>
    <NORD>20274,889</NORD>
    <SARD>940,949</SARD>
    <SICI>1510,341</SICI>
    <SUD>3213,947</SUD>
  </Fabbisogno>
  <Fabbisogno>
    <Data>20150528</Data>
    <Mercato>MGP</Mercato>
    <Ora>9</Ora>
    <Italia>36752,497</Italia>
    <CNOR>3408,916</CNOR>
    <CSUD>4679,425</CSUD>
    <NORD>22311,176</NORD>
    <SARD>1037,349</SARD>
    <SICI>1686,843</SICI>
    <SUD>3628,788</SUD>
  </Fabbisogno>
  <Fabbisogno>
    <Data>20150528</Data>
    <Mercato>MGP</Mercato>
    <Ora>10</Ora>
    <Italia>38613,307</Italia>
    <CNOR>3441,042</CNOR>
    <CSUD>4864,973</CSUD>
    <NORD>23832,661</NORD>
    <SARD>1006,232</SARD>
    <SICI>1686,856</SICI>
    <SUD>3781,543</SUD>
  </Fabbisogno>
  <Fabbisogno>
    <Data>20150528</Data>
    <Mercato>MGP</Mercato>
    <Ora>11</Ora>
    <Italia>38336,851</Italia>
    <CNOR>3411,294</CNOR>
    <CSUD>4843,698</CSUD>
    <NORD>23715,993</NORD>
    <SARD>951,791</SARD>
    <SICI>1661,496</SICI>
    <SUD>3752,579</SUD>
  </Fabbisogno>
  <Fabbisogno>
    <Data>20150528</Data>
    <Mercato>MGP</Mercato>
    <Ora>12</Ora>
    <Italia>38390,275</Italia>
    <CNOR>3438,956</CNOR>
    <CSUD>4822,027</CSUD>
    <NORD>23777,136</NORD>
    <SARD>964,389</SARD>
    <SICI>1624,375</SICI>
    <SUD>3763,392</SUD>
  </Fabbisogno>
  <Fabbisogno>
    <Data>20150528</Data>
    <Mercato>MGP</Mercato>
    <Ora>13</Ora>
    <Italia>36790,97</Italia>
    <CNOR>3150,502</CNOR>
    <CSUD>5239,637</CSUD>
    <NORD>22061,248</NORD>
    <SARD>964,535</SARD>
    <SICI>1602,009</SICI>
    <SUD>3773,039</SUD>
  </Fabbisogno>
  <Fabbisogno>
    <Data>20150528</Data>
    <Mercato>MGP</Mercato>
    <Ora>14</Ora>
    <Italia>35912,919</Italia>
    <CNOR>3018,244</CNOR>
    <CSUD>5036,239</CSUD>
    <NORD>21768,563</NORD>
    <SARD>918,882</SARD>
    <SICI>1550,798</SICI>
    <SUD>3620,193</SUD>
  </Fabbisogno>
  <Fabbisogno>
    <Data>20150528</Data>
    <Mercato>MGP</Mercato>
    <Ora>15</Ora>
    <Italia>36906,791</Italia>
    <CNOR>3251,029</CNOR>
    <CSUD>4747,405</CSUD>
    <NORD>22978,513</NORD>
    <SARD>905,905</SARD>
    <SICI>1520,599</SICI>
    <SUD>3503,34</SUD>
  </Fabbisogno>
  <Fabbisogno>
    <Data>20150528</Data>
    <Mercato>MGP</Mercato>
    <Ora>16</Ora>
    <Italia>37321,794</Italia>
    <CNOR>3266,82</CNOR>
    <CSUD>4803,628</CSUD>
    <NORD>23224,076</NORD>
    <SARD>908,315</SARD>
    <SICI>1535,018</SICI>
    <SUD>3583,937</SUD>
  </Fabbisogno>
  <Fabbisogno>
    <Data>20150528</Data>
    <Mercato>MGP</Mercato>
    <Ora>17</Ora>
    <Italia>37190,736</Italia>
    <CNOR>3295,74</CNOR>
    <CSUD>4835,05</CSUD>
    <NORD>22917,464</NORD>
    <SARD>899,903</SARD>
    <SICI>1575,478</SICI>
    <SUD>3667,101</SUD>
  </Fabbisogno>
  <Fabbisogno>
    <Data>20150528</Data>
    <Mercato>MGP</Mercato>
    <Ora>18</Ora>
    <Italia>35872,463</Italia>
    <CNOR>3387,185</CNOR>
    <CSUD>4991,861</CSUD>
    <NORD>21075,64</NORD>
    <SARD>988,54</SARD>
    <SICI>1682,955</SICI>
    <SUD>3746,282</SUD>
  </Fabbisogno>
  <Fabbisogno>
    <Data>20150528</Data>
    <Mercato>MGP</Mercato>
    <Ora>19</Ora>
    <Italia>35370,958</Italia>
    <CNOR>3439,554</CNOR>
    <CSUD>5481,449</CSUD>
    <NORD>19691,712</NORD>
    <SARD>1087,612</SARD>
    <SICI>1705,318</SICI>
    <SUD>3965,313</SUD>
  </Fabbisogno>
  <Fabbisogno>
    <Data>20150528</Data>
    <Mercato>MGP</Mercato>
    <Ora>20</Ora>
    <Italia>35681,936</Italia>
    <CNOR>3641,842</CNOR>
    <CSUD>5944,752</CSUD>
    <NORD>18665,837</NORD>
    <SARD>1154,916</SARD>
    <SICI>1765,734</SICI>
    <SUD>4508,855</SUD>
  </Fabbisogno>
  <Fabbisogno>
    <Data>20150528</Data>
    <Mercato>MGP</Mercato>
    <Ora>21</Ora>
    <Italia>35856,648</Italia>
    <CNOR>3639,78</CNOR>
    <CSUD>6264,573</CSUD>
    <NORD>17991,625</NORD>
    <SARD>1211,75</SARD>
    <SICI>1978,093</SICI>
    <SUD>4770,827</SUD>
  </Fabbisogno>
  <Fabbisogno>
    <Data>20150528</Data>
    <Mercato>MGP</Mercato>
    <Ora>22</Ora>
    <Italia>35646,122</Italia>
    <CNOR>3720,202</CNOR>
    <CSUD>6211,63</CSUD>
    <NORD>18071,576</NORD>
    <SARD>1213,64</SARD>
    <SICI>1864,942</SICI>
    <SUD>4564,132</SUD>
  </Fabbisogno>
  <Fabbisogno>
    <Data>20150528</Data>
    <Mercato>MGP</Mercato>
    <Ora>23</Ora>
    <Italia>32620,481</Italia>
    <CNOR>3383,886</CNOR>
    <CSUD>5656,783</CSUD>
    <NORD>16415,309</NORD>
    <SARD>1141,691</SARD>
    <SICI>1693,684</SICI>
    <SUD>4329,128</SUD>
  </Fabbisogno>
  <Fabbisogno>
    <Data>20150528</Data>
    <Mercato>MGP</Mercato>
    <Ora>24</Ora>
    <Italia>29170,016</Italia>
    <CNOR>3013,311</CNOR>
    <CSUD>5051,345</CSUD>
    <NORD>14624,396</NORD>
    <SARD>1058,133</SARD>
    <SICI>1480,733</SICI>
    <SUD>3942,098</SUD>
  </Fabbisogno>
</NewDataSet>