<?xml version="1.0" standalone="yes"?>
<NewDataSet>
  <xs:schema id="NewDataSet" xmlns="" xmlns:xs="http://www.w3.org/2001/XMLSchema" xmlns:msdata="urn:schemas-microsoft-com:xml-msdata">
    <xs:element name="NewDataSet" msdata:IsDataSet="true" msdata:UseCurrentLocale="true">
      <xs:complexType>
        <xs:choice minOccurs="0" maxOccurs="unbounded">
          <xs:element name="Fabbisogno">
            <xs:complexType>
              <xs:sequence>
                <xs:element name="Data" type="xs:string" minOccurs="0" />
                <xs:element name="Mercato" type="xs:string" minOccurs="0" />
                <xs:element name="Ora" type="xs:string" minOccurs="0" />
                <xs:element name="Italia" type="xs:string" minOccurs="0" />
                <xs:element name="CNOR" type="xs:string" minOccurs="0" />
                <xs:element name="CSUD" type="xs:string" minOccurs="0" />
                <xs:element name="NORD" type="xs:string" minOccurs="0" />
                <xs:element name="SARD" type="xs:string" minOccurs="0" />
                <xs:element name="SICI" type="xs:string" minOccurs="0" />
                <xs:element name="SUD" type="xs:string" minOccurs="0" />
              </xs:sequence>
            </xs:complexType>
          </xs:element>
        </xs:choice>
      </xs:complexType>
    </xs:element>
  </xs:schema>
  <Fabbisogno>
    <Data>20150509</Data>
    <Mercato>MGP</Mercato>
    <Ora>1</Ora>
    <Italia>26269,736</Italia>
    <CNOR>2688,193</CNOR>
    <CSUD>4360,766</CSUD>
    <NORD>13877,105</NORD>
    <SARD>919,189</SARD>
    <SICI>1584,386</SICI>
    <SUD>2840,097</SUD>
  </Fabbisogno>
  <Fabbisogno>
    <Data>20150509</Data>
    <Mercato>MGP</Mercato>
    <Ora>2</Ora>
    <Italia>25015,604</Italia>
    <CNOR>2490,189</CNOR>
    <CSUD>4025,668</CSUD>
    <NORD>13388,579</NORD>
    <SARD>877,081</SARD>
    <SICI>1571,108</SICI>
    <SUD>2662,979</SUD>
  </Fabbisogno>
  <Fabbisogno>
    <Data>20150509</Data>
    <Mercato>MGP</Mercato>
    <Ora>3</Ora>
    <Italia>23852,263</Italia>
    <CNOR>2234,657</CNOR>
    <CSUD>3588,553</CSUD>
    <NORD>13317,759</NORD>
    <SARD>817,764</SARD>
    <SICI>1438,739</SICI>
    <SUD>2454,791</SUD>
  </Fabbisogno>
  <Fabbisogno>
    <Data>20150509</Data>
    <Mercato>MGP</Mercato>
    <Ora>4</Ora>
    <Italia>23057,696</Italia>
    <CNOR>2180,27</CNOR>
    <CSUD>3453,053</CSUD>
    <NORD>12849,584</NORD>
    <SARD>792,287</SARD>
    <SICI>1385,089</SICI>
    <SUD>2397,413</SUD>
  </Fabbisogno>
  <Fabbisogno>
    <Data>20150509</Data>
    <Mercato>MGP</Mercato>
    <Ora>5</Ora>
    <Italia>22833,196</Italia>
    <CNOR>1952,277</CNOR>
    <CSUD>3443,896</CSUD>
    <NORD>12942,717</NORD>
    <SARD>794,58</SARD>
    <SICI>1295,527</SICI>
    <SUD>2404,199</SUD>
  </Fabbisogno>
  <Fabbisogno>
    <Data>20150509</Data>
    <Mercato>MGP</Mercato>
    <Ora>6</Ora>
    <Italia>23428,62</Italia>
    <CNOR>2083,563</CNOR>
    <CSUD>3419,076</CSUD>
    <NORD>13334,804</NORD>
    <SARD>795,235</SARD>
    <SICI>1403,852</SICI>
    <SUD>2392,09</SUD>
  </Fabbisogno>
  <Fabbisogno>
    <Data>20150509</Data>
    <Mercato>MGP</Mercato>
    <Ora>7</Ora>
    <Italia>23665,233</Italia>
    <CNOR>2076,06</CNOR>
    <CSUD>3435,86</CSUD>
    <NORD>13507,891</NORD>
    <SARD>828,932</SARD>
    <SICI>1407,641</SICI>
    <SUD>2408,849</SUD>
  </Fabbisogno>
  <Fabbisogno>
    <Data>20150509</Data>
    <Mercato>MGP</Mercato>
    <Ora>8</Ora>
    <Italia>26764,533</Italia>
    <CNOR>2408,695</CNOR>
    <CSUD>3983,739</CSUD>
    <NORD>15037,093</NORD>
    <SARD>929,1</SARD>
    <SICI>1553,497</SICI>
    <SUD>2852,409</SUD>
  </Fabbisogno>
  <Fabbisogno>
    <Data>20150509</Data>
    <Mercato>MGP</Mercato>
    <Ora>9</Ora>
    <Italia>29054,505</Italia>
    <CNOR>2608,018</CNOR>
    <CSUD>4418,549</CSUD>
    <NORD>16211,319</NORD>
    <SARD>980,507</SARD>
    <SICI>1759,735</SICI>
    <SUD>3076,377</SUD>
  </Fabbisogno>
  <Fabbisogno>
    <Data>20150509</Data>
    <Mercato>MGP</Mercato>
    <Ora>10</Ora>
    <Italia>29767,662</Italia>
    <CNOR>2592,441</CNOR>
    <CSUD>4367,772</CSUD>
    <NORD>16933,188</NORD>
    <SARD>946,639</SARD>
    <SICI>1722,333</SICI>
    <SUD>3205,289</SUD>
  </Fabbisogno>
  <Fabbisogno>
    <Data>20150509</Data>
    <Mercato>MGP</Mercato>
    <Ora>11</Ora>
    <Italia>29515,162</Italia>
    <CNOR>2548,266</CNOR>
    <CSUD>4336,577</CSUD>
    <NORD>16874,658</NORD>
    <SARD>908,962</SARD>
    <SICI>1699,164</SICI>
    <SUD>3147,535</SUD>
  </Fabbisogno>
  <Fabbisogno>
    <Data>20150509</Data>
    <Mercato>MGP</Mercato>
    <Ora>12</Ora>
    <Italia>29216,168</Italia>
    <CNOR>2483,373</CNOR>
    <CSUD>4518,139</CSUD>
    <NORD>16481,803</NORD>
    <SARD>900,053</SARD>
    <SICI>1729,515</SICI>
    <SUD>3103,285</SUD>
  </Fabbisogno>
  <Fabbisogno>
    <Data>20150509</Data>
    <Mercato>MGP</Mercato>
    <Ora>13</Ora>
    <Italia>28311,903</Italia>
    <CNOR>2451,267</CNOR>
    <CSUD>4602,684</CSUD>
    <NORD>15484,975</NORD>
    <SARD>903,388</SARD>
    <SICI>1748,261</SICI>
    <SUD>3121,328</SUD>
  </Fabbisogno>
  <Fabbisogno>
    <Data>20150509</Data>
    <Mercato>MGP</Mercato>
    <Ora>14</Ora>
    <Italia>27077,043</Italia>
    <CNOR>2293,788</CNOR>
    <CSUD>4535,49</CSUD>
    <NORD>14696,21</NORD>
    <SARD>868,265</SARD>
    <SICI>1664,551</SICI>
    <SUD>3018,739</SUD>
  </Fabbisogno>
  <Fabbisogno>
    <Data>20150509</Data>
    <Mercato>MGP</Mercato>
    <Ora>15</Ora>
    <Italia>26126,935</Italia>
    <CNOR>2164,488</CNOR>
    <CSUD>3897,716</CSUD>
    <NORD>14921,551</NORD>
    <SARD>816,453</SARD>
    <SICI>1532,802</SICI>
    <SUD>2793,925</SUD>
  </Fabbisogno>
  <Fabbisogno>
    <Data>20150509</Data>
    <Mercato>MGP</Mercato>
    <Ora>16</Ora>
    <Italia>26002,713</Italia>
    <CNOR>2190,401</CNOR>
    <CSUD>3929,933</CSUD>
    <NORD>14687,925</NORD>
    <SARD>818,742</SARD>
    <SICI>1542,189</SICI>
    <SUD>2833,523</SUD>
  </Fabbisogno>
  <Fabbisogno>
    <Data>20150509</Data>
    <Mercato>MGP</Mercato>
    <Ora>17</Ora>
    <Italia>26782,683</Italia>
    <CNOR>2323,852</CNOR>
    <CSUD>4071,59</CSUD>
    <NORD>15068,478</NORD>
    <SARD>843,154</SARD>
    <SICI>1557,495</SICI>
    <SUD>2918,114</SUD>
  </Fabbisogno>
  <Fabbisogno>
    <Data>20150509</Data>
    <Mercato>MGP</Mercato>
    <Ora>18</Ora>
    <Italia>27887,307</Italia>
    <CNOR>2512,315</CNOR>
    <CSUD>4447,363</CSUD>
    <NORD>15250,859</NORD>
    <SARD>895,413</SARD>
    <SICI>1671,998</SICI>
    <SUD>3109,359</SUD>
  </Fabbisogno>
  <Fabbisogno>
    <Data>20150509</Data>
    <Mercato>MGP</Mercato>
    <Ora>19</Ora>
    <Italia>28196,991</Italia>
    <CNOR>2648,042</CNOR>
    <CSUD>4603,045</CSUD>
    <NORD>14959,795</NORD>
    <SARD>946,617</SARD>
    <SICI>1737,764</SICI>
    <SUD>3301,728</SUD>
  </Fabbisogno>
  <Fabbisogno>
    <Data>20150509</Data>
    <Mercato>MGP</Mercato>
    <Ora>20</Ora>
    <Italia>29806,997</Italia>
    <CNOR>2986,611</CNOR>
    <CSUD>5167,008</CSUD>
    <NORD>15230,702</NORD>
    <SARD>1029,085</SARD>
    <SICI>1892,707</SICI>
    <SUD>3500,884</SUD>
  </Fabbisogno>
  <Fabbisogno>
    <Data>20150509</Data>
    <Mercato>MGP</Mercato>
    <Ora>21</Ora>
    <Italia>30938,087</Italia>
    <CNOR>3058,179</CNOR>
    <CSUD>5436,441</CSUD>
    <NORD>15417,821</NORD>
    <SARD>1085,972</SARD>
    <SICI>2165,666</SICI>
    <SUD>3774,008</SUD>
  </Fabbisogno>
  <Fabbisogno>
    <Data>20150509</Data>
    <Mercato>MGP</Mercato>
    <Ora>22</Ora>
    <Italia>30763,177</Italia>
    <CNOR>3091,071</CNOR>
    <CSUD>5436,159</CSUD>
    <NORD>15383,228</NORD>
    <SARD>1099,711</SARD>
    <SICI>2112,443</SICI>
    <SUD>3640,565</SUD>
  </Fabbisogno>
  <Fabbisogno>
    <Data>20150509</Data>
    <Mercato>MGP</Mercato>
    <Ora>23</Ora>
    <Italia>28205,311</Italia>
    <CNOR>2814,446</CNOR>
    <CSUD>4856,075</CSUD>
    <NORD>14326,098</NORD>
    <SARD>1014,769</SARD>
    <SICI>1902,631</SICI>
    <SUD>3291,292</SUD>
  </Fabbisogno>
  <Fabbisogno>
    <Data>20150509</Data>
    <Mercato>MGP</Mercato>
    <Ora>24</Ora>
    <Italia>25839,992</Italia>
    <CNOR>2617,422</CNOR>
    <CSUD>4593,498</CSUD>
    <NORD>12917,526</NORD>
    <SARD>962,123</SARD>
    <SICI>1666,545</SICI>
    <SUD>3082,878</SUD>
  </Fabbisogno>
</NewDataSet>