<?xml version="1.0" standalone="yes"?>
<NewDataSet>
  <xs:schema id="NewDataSet" xmlns="" xmlns:xs="http://www.w3.org/2001/XMLSchema" xmlns:msdata="urn:schemas-microsoft-com:xml-msdata">
    <xs:element name="NewDataSet" msdata:IsDataSet="true" msdata:UseCurrentLocale="true">
      <xs:complexType>
        <xs:choice minOccurs="0" maxOccurs="unbounded">
          <xs:element name="Fabbisogno">
            <xs:complexType>
              <xs:sequence>
                <xs:element name="Data" type="xs:string" minOccurs="0" />
                <xs:element name="Mercato" type="xs:string" minOccurs="0" />
                <xs:element name="Ora" type="xs:string" minOccurs="0" />
                <xs:element name="Italia" type="xs:string" minOccurs="0" />
                <xs:element name="CNOR" type="xs:string" minOccurs="0" />
                <xs:element name="CSUD" type="xs:string" minOccurs="0" />
                <xs:element name="NORD" type="xs:string" minOccurs="0" />
                <xs:element name="SARD" type="xs:string" minOccurs="0" />
                <xs:element name="SICI" type="xs:string" minOccurs="0" />
                <xs:element name="SUD" type="xs:string" minOccurs="0" />
              </xs:sequence>
            </xs:complexType>
          </xs:element>
        </xs:choice>
      </xs:complexType>
    </xs:element>
  </xs:schema>
  <Fabbisogno>
    <Data>20150527</Data>
    <Mercato>MGP</Mercato>
    <Ora>1</Ora>
    <Italia>27280,044</Italia>
    <CNOR>2653,322</CNOR>
    <CSUD>4359,909</CSUD>
    <NORD>14966,644</NORD>
    <SARD>938,368</SARD>
    <SICI>1330,864</SICI>
    <SUD>3030,937</SUD>
  </Fabbisogno>
  <Fabbisogno>
    <Data>20150527</Data>
    <Mercato>MGP</Mercato>
    <Ora>2</Ora>
    <Italia>24982,489</Italia>
    <CNOR>2421,273</CNOR>
    <CSUD>3824,623</CSUD>
    <NORD>13838,513</NORD>
    <SARD>860,626</SARD>
    <SICI>1232,866</SICI>
    <SUD>2804,588</SUD>
  </Fabbisogno>
  <Fabbisogno>
    <Data>20150527</Data>
    <Mercato>MGP</Mercato>
    <Ora>3</Ora>
    <Italia>24340,245</Italia>
    <CNOR>2144,063</CNOR>
    <CSUD>3312,319</CSUD>
    <NORD>14325,283</NORD>
    <SARD>783,358</SARD>
    <SICI>1171,878</SICI>
    <SUD>2603,344</SUD>
  </Fabbisogno>
  <Fabbisogno>
    <Data>20150527</Data>
    <Mercato>MGP</Mercato>
    <Ora>4</Ora>
    <Italia>24550,54</Italia>
    <CNOR>2403,04</CNOR>
    <CSUD>3769,083</CSUD>
    <NORD>13511,006</NORD>
    <SARD>853,317</SARD>
    <SICI>1140,809</SICI>
    <SUD>2873,285</SUD>
  </Fabbisogno>
  <Fabbisogno>
    <Data>20150527</Data>
    <Mercato>MGP</Mercato>
    <Ora>5</Ora>
    <Italia>24468,859</Italia>
    <CNOR>2165,339</CNOR>
    <CSUD>3304,274</CSUD>
    <NORD>14454,883</NORD>
    <SARD>807,325</SARD>
    <SICI>1147,537</SICI>
    <SUD>2589,501</SUD>
  </Fabbisogno>
  <Fabbisogno>
    <Data>20150527</Data>
    <Mercato>MGP</Mercato>
    <Ora>6</Ora>
    <Italia>25053,676</Italia>
    <CNOR>2195,954</CNOR>
    <CSUD>3306,807</CSUD>
    <NORD>15047,77</NORD>
    <SARD>785,673</SARD>
    <SICI>1174,411</SICI>
    <SUD>2543,061</SUD>
  </Fabbisogno>
  <Fabbisogno>
    <Data>20150527</Data>
    <Mercato>MGP</Mercato>
    <Ora>7</Ora>
    <Italia>27526,045</Italia>
    <CNOR>2449,657</CNOR>
    <CSUD>3584,603</CSUD>
    <NORD>16633,723</NORD>
    <SARD>828,245</SARD>
    <SICI>1262,05</SICI>
    <SUD>2767,767</SUD>
  </Fabbisogno>
  <Fabbisogno>
    <Data>20150527</Data>
    <Mercato>MGP</Mercato>
    <Ora>8</Ora>
    <Italia>31945,124</Italia>
    <CNOR>2827,049</CNOR>
    <CSUD>4236,925</CSUD>
    <NORD>19276,11</NORD>
    <SARD>938,53</SARD>
    <SICI>1528,714</SICI>
    <SUD>3137,796</SUD>
  </Fabbisogno>
  <Fabbisogno>
    <Data>20150527</Data>
    <Mercato>MGP</Mercato>
    <Ora>9</Ora>
    <Italia>36109,178</Italia>
    <CNOR>3368,161</CNOR>
    <CSUD>4767,296</CSUD>
    <NORD>21623,392</NORD>
    <SARD>1070,734</SARD>
    <SICI>1710,458</SICI>
    <SUD>3569,137</SUD>
  </Fabbisogno>
  <Fabbisogno>
    <Data>20150527</Data>
    <Mercato>MGP</Mercato>
    <Ora>10</Ora>
    <Italia>37898,701</Italia>
    <CNOR>3450,378</CNOR>
    <CSUD>4977,467</CSUD>
    <NORD>22928,4</NORD>
    <SARD>1031,271</SARD>
    <SICI>1707,301</SICI>
    <SUD>3803,884</SUD>
  </Fabbisogno>
  <Fabbisogno>
    <Data>20150527</Data>
    <Mercato>MGP</Mercato>
    <Ora>11</Ora>
    <Italia>37573,338</Italia>
    <CNOR>3396,163</CNOR>
    <CSUD>4961,647</CSUD>
    <NORD>22949,428</NORD>
    <SARD>983,003</SARD>
    <SICI>1694,362</SICI>
    <SUD>3588,735</SUD>
  </Fabbisogno>
  <Fabbisogno>
    <Data>20150527</Data>
    <Mercato>MGP</Mercato>
    <Ora>12</Ora>
    <Italia>37721,881</Italia>
    <CNOR>3389,064</CNOR>
    <CSUD>4947,653</CSUD>
    <NORD>23173,386</NORD>
    <SARD>974,036</SARD>
    <SICI>1660,717</SICI>
    <SUD>3577,025</SUD>
  </Fabbisogno>
  <Fabbisogno>
    <Data>20150527</Data>
    <Mercato>MGP</Mercato>
    <Ora>13</Ora>
    <Italia>35845,248</Italia>
    <CNOR>3071,831</CNOR>
    <CSUD>5291,79</CSUD>
    <NORD>21188,863</NORD>
    <SARD>970,635</SARD>
    <SICI>1642,404</SICI>
    <SUD>3679,725</SUD>
  </Fabbisogno>
  <Fabbisogno>
    <Data>20150527</Data>
    <Mercato>MGP</Mercato>
    <Ora>14</Ora>
    <Italia>35401,671</Italia>
    <CNOR>2959,974</CNOR>
    <CSUD>4771,924</CSUD>
    <NORD>21692,205</NORD>
    <SARD>921,155</SARD>
    <SICI>1574,629</SICI>
    <SUD>3481,784</SUD>
  </Fabbisogno>
  <Fabbisogno>
    <Data>20150527</Data>
    <Mercato>MGP</Mercato>
    <Ora>15</Ora>
    <Italia>36658,928</Italia>
    <CNOR>3181,732</CNOR>
    <CSUD>4873,281</CSUD>
    <NORD>22759,607</NORD>
    <SARD>913,009</SARD>
    <SICI>1538,666</SICI>
    <SUD>3392,633</SUD>
  </Fabbisogno>
  <Fabbisogno>
    <Data>20150527</Data>
    <Mercato>MGP</Mercato>
    <Ora>16</Ora>
    <Italia>36889,395</Italia>
    <CNOR>3216,262</CNOR>
    <CSUD>4914,779</CSUD>
    <NORD>22854,072</NORD>
    <SARD>909,941</SARD>
    <SICI>1561,763</SICI>
    <SUD>3432,578</SUD>
  </Fabbisogno>
  <Fabbisogno>
    <Data>20150527</Data>
    <Mercato>MGP</Mercato>
    <Ora>17</Ora>
    <Italia>37099,944</Italia>
    <CNOR>3281,924</CNOR>
    <CSUD>4978,697</CSUD>
    <NORD>22774,312</NORD>
    <SARD>914,827</SARD>
    <SICI>1605,01</SICI>
    <SUD>3545,174</SUD>
  </Fabbisogno>
  <Fabbisogno>
    <Data>20150527</Data>
    <Mercato>MGP</Mercato>
    <Ora>18</Ora>
    <Italia>36309,293</Italia>
    <CNOR>3461,911</CNOR>
    <CSUD>5438,052</CSUD>
    <NORD>20920,278</NORD>
    <SARD>1004,877</SARD>
    <SICI>1733,545</SICI>
    <SUD>3750,63</SUD>
  </Fabbisogno>
  <Fabbisogno>
    <Data>20150527</Data>
    <Mercato>MGP</Mercato>
    <Ora>19</Ora>
    <Italia>35368,226</Italia>
    <CNOR>3507,886</CNOR>
    <CSUD>5755,361</CSUD>
    <NORD>19426,685</NORD>
    <SARD>1076,75</SARD>
    <SICI>1765,93</SICI>
    <SUD>3835,614</SUD>
  </Fabbisogno>
  <Fabbisogno>
    <Data>20150527</Data>
    <Mercato>MGP</Mercato>
    <Ora>20</Ora>
    <Italia>35228,846</Italia>
    <CNOR>3526,085</CNOR>
    <CSUD>5964,383</CSUD>
    <NORD>18435,854</NORD>
    <SARD>1112,476</SARD>
    <SICI>1860,695</SICI>
    <SUD>4329,353</SUD>
  </Fabbisogno>
  <Fabbisogno>
    <Data>20150527</Data>
    <Mercato>MGP</Mercato>
    <Ora>21</Ora>
    <Italia>35727,594</Italia>
    <CNOR>3553,89</CNOR>
    <CSUD>6303,557</CSUD>
    <NORD>18010,028</NORD>
    <SARD>1195,166</SARD>
    <SICI>1988,249</SICI>
    <SUD>4676,704</SUD>
  </Fabbisogno>
  <Fabbisogno>
    <Data>20150527</Data>
    <Mercato>MGP</Mercato>
    <Ora>22</Ora>
    <Italia>35535,616</Italia>
    <CNOR>3780,143</CNOR>
    <CSUD>6244,675</CSUD>
    <NORD>17895,098</NORD>
    <SARD>1200,307</SARD>
    <SICI>1908,207</SICI>
    <SUD>4507,186</SUD>
  </Fabbisogno>
  <Fabbisogno>
    <Data>20150527</Data>
    <Mercato>MGP</Mercato>
    <Ora>23</Ora>
    <Italia>32521,205</Italia>
    <CNOR>3461,1</CNOR>
    <CSUD>5701,781</CSUD>
    <NORD>16286,468</NORD>
    <SARD>1127,557</SARD>
    <SICI>1715,401</SICI>
    <SUD>4228,898</SUD>
  </Fabbisogno>
  <Fabbisogno>
    <Data>20150527</Data>
    <Mercato>MGP</Mercato>
    <Ora>24</Ora>
    <Italia>29269,508</Italia>
    <CNOR>3102,411</CNOR>
    <CSUD>5129,297</CSUD>
    <NORD>14575,498</NORD>
    <SARD>1038,229</SARD>
    <SICI>1513,714</SICI>
    <SUD>3910,359</SUD>
  </Fabbisogno>
</NewDataSet>