<?xml version="1.0" standalone="yes"?>
<NewDataSet>
  <xs:schema id="NewDataSet" xmlns="" xmlns:xs="http://www.w3.org/2001/XMLSchema" xmlns:msdata="urn:schemas-microsoft-com:xml-msdata">
    <xs:element name="NewDataSet" msdata:IsDataSet="true" msdata:MainDataTable="marketintervaldetail" msdata:UseCurrentLocale="true">
      <xs:complexType>
        <xs:choice minOccurs="0" maxOccurs="unbounded">
          <xs:element name="marketintervaldetail">
            <xs:complexType>
              <xs:sequence>
                <xs:element name="Data" type="xs:string" minOccurs="0" />
                <xs:element name="Mercato" type="xs:string" minOccurs="0" />
                <xs:element name="Ora" type="xs:string" minOccurs="0" />
                <xs:element name="Totale" type="xs:string" minOccurs="0" />
                <xs:element name="CNOR" type="xs:string" minOccurs="0" />
                <xs:element name="CSUD" type="xs:string" minOccurs="0" />
                <xs:element name="NORD" type="xs:string" minOccurs="0" />
                <xs:element name="SARD" type="xs:string" minOccurs="0" />
                <xs:element name="SICI" type="xs:string" minOccurs="0" />
                <xs:element name="SUD" type="xs:string" minOccurs="0" />
              </xs:sequence>
            </xs:complexType>
          </xs:element>
        </xs:choice>
      </xs:complexType>
    </xs:element>
  </xs:schema>
  <marketintervaldetail>
    <Data>20170903</Data>
    <Mercato>MGP</Mercato>
    <Ora>01</Ora>
    <Totale>29571</Totale>
    <CNOR>3024</CNOR>
    <CSUD>4930</CSUD>
    <NORD>15682</NORD>
    <SARD>1015</SARD>
    <SICI>2072</SICI>
    <SUD>2848</SUD>
  </marketintervaldetail>
  <marketintervaldetail>
    <Data>20170903</Data>
    <Mercato>MGP</Mercato>
    <Ora>02</Ora>
    <Totale>27604</Totale>
    <CNOR>2755</CNOR>
    <CSUD>4568</CSUD>
    <NORD>14686</NORD>
    <SARD>967</SARD>
    <SICI>1949</SICI>
    <SUD>2679</SUD>
  </marketintervaldetail>
  <marketintervaldetail>
    <Data>20170903</Data>
    <Mercato>MGP</Mercato>
    <Ora>03</Ora>
    <Totale>26577</Totale>
    <CNOR>2636</CNOR>
    <CSUD>4369</CSUD>
    <NORD>14265</NORD>
    <SARD>934</SARD>
    <SICI>1848</SICI>
    <SUD>2525</SUD>
  </marketintervaldetail>
  <marketintervaldetail>
    <Data>20170903</Data>
    <Mercato>MGP</Mercato>
    <Ora>04</Ora>
    <Totale>25684</Totale>
    <CNOR>2579</CNOR>
    <CSUD>4220</CSUD>
    <NORD>13715</NORD>
    <SARD>911</SARD>
    <SICI>1780</SICI>
    <SUD>2479</SUD>
  </marketintervaldetail>
  <marketintervaldetail>
    <Data>20170903</Data>
    <Mercato>MGP</Mercato>
    <Ora>05</Ora>
    <Totale>25262</Totale>
    <CNOR>2594</CNOR>
    <CSUD>4127</CSUD>
    <NORD>13450</NORD>
    <SARD>900</SARD>
    <SICI>1731</SICI>
    <SUD>2460</SUD>
  </marketintervaldetail>
  <marketintervaldetail>
    <Data>20170903</Data>
    <Mercato>MGP</Mercato>
    <Ora>06</Ora>
    <Totale>25655</Totale>
    <CNOR>2654</CNOR>
    <CSUD>4131</CSUD>
    <NORD>13742</NORD>
    <SARD>896</SARD>
    <SICI>1722</SICI>
    <SUD>2510</SUD>
  </marketintervaldetail>
  <marketintervaldetail>
    <Data>20170903</Data>
    <Mercato>MGP</Mercato>
    <Ora>07</Ora>
    <Totale>25967</Totale>
    <CNOR>2676</CNOR>
    <CSUD>4127</CSUD>
    <NORD>14068</NORD>
    <SARD>898</SARD>
    <SICI>1718</SICI>
    <SUD>2480</SUD>
  </marketintervaldetail>
  <marketintervaldetail>
    <Data>20170903</Data>
    <Mercato>MGP</Mercato>
    <Ora>08</Ora>
    <Totale>26170</Totale>
    <CNOR>2741</CNOR>
    <CSUD>4159</CSUD>
    <NORD>14124</NORD>
    <SARD>899</SARD>
    <SICI>1737</SICI>
    <SUD>2510</SUD>
  </marketintervaldetail>
  <marketintervaldetail>
    <Data>20170903</Data>
    <Mercato>MGP</Mercato>
    <Ora>09</Ora>
    <Totale>27541</Totale>
    <CNOR>2926</CNOR>
    <CSUD>4454</CSUD>
    <NORD>14667</NORD>
    <SARD>931</SARD>
    <SICI>1872</SICI>
    <SUD>2691</SUD>
  </marketintervaldetail>
  <marketintervaldetail>
    <Data>20170903</Data>
    <Mercato>MGP</Mercato>
    <Ora>10</Ora>
    <Totale>29520</Totale>
    <CNOR>3233</CNOR>
    <CSUD>4823</CSUD>
    <NORD>15729</NORD>
    <SARD>944</SARD>
    <SICI>1991</SICI>
    <SUD>2800</SUD>
  </marketintervaldetail>
  <marketintervaldetail>
    <Data>20170903</Data>
    <Mercato>MGP</Mercato>
    <Ora>11</Ora>
    <Totale>30883</Totale>
    <CNOR>3456</CNOR>
    <CSUD>5102</CSUD>
    <NORD>16419</NORD>
    <SARD>946</SARD>
    <SICI>2031</SICI>
    <SUD>2929</SUD>
  </marketintervaldetail>
  <marketintervaldetail>
    <Data>20170903</Data>
    <Mercato>MGP</Mercato>
    <Ora>12</Ora>
    <Totale>31878</Totale>
    <CNOR>3595</CNOR>
    <CSUD>5575</CSUD>
    <NORD>16880</NORD>
    <SARD>943</SARD>
    <SICI>2039</SICI>
    <SUD>2846</SUD>
  </marketintervaldetail>
  <marketintervaldetail>
    <Data>20170903</Data>
    <Mercato>MGP</Mercato>
    <Ora>13</Ora>
    <Totale>31541</Totale>
    <CNOR>3475</CNOR>
    <CSUD>5667</CSUD>
    <NORD>16410</NORD>
    <SARD>1006</SARD>
    <SICI>2105</SICI>
    <SUD>2878</SUD>
  </marketintervaldetail>
  <marketintervaldetail>
    <Data>20170903</Data>
    <Mercato>MGP</Mercato>
    <Ora>14</Ora>
    <Totale>30363</Totale>
    <CNOR>3021</CNOR>
    <CSUD>5390</CSUD>
    <NORD>16217</NORD>
    <SARD>1002</SARD>
    <SICI>2050</SICI>
    <SUD>2683</SUD>
  </marketintervaldetail>
  <marketintervaldetail>
    <Data>20170903</Data>
    <Mercato>MGP</Mercato>
    <Ora>15</Ora>
    <Totale>30610</Totale>
    <CNOR>3283</CNOR>
    <CSUD>5501</CSUD>
    <NORD>16145</NORD>
    <SARD>959</SARD>
    <SICI>2049</SICI>
    <SUD>2673</SUD>
  </marketintervaldetail>
  <marketintervaldetail>
    <Data>20170903</Data>
    <Mercato>MGP</Mercato>
    <Ora>16</Ora>
    <Totale>31038</Totale>
    <CNOR>3445</CNOR>
    <CSUD>5563</CSUD>
    <NORD>16328</NORD>
    <SARD>943</SARD>
    <SICI>2057</SICI>
    <SUD>2702</SUD>
  </marketintervaldetail>
  <marketintervaldetail>
    <Data>20170903</Data>
    <Mercato>MGP</Mercato>
    <Ora>17</Ora>
    <Totale>32032</Totale>
    <CNOR>3516</CNOR>
    <CSUD>5653</CSUD>
    <NORD>16976</NORD>
    <SARD>1004</SARD>
    <SICI>2069</SICI>
    <SUD>2814</SUD>
  </marketintervaldetail>
  <marketintervaldetail>
    <Data>20170903</Data>
    <Mercato>MGP</Mercato>
    <Ora>18</Ora>
    <Totale>32473</Totale>
    <CNOR>3568</CNOR>
    <CSUD>5604</CSUD>
    <NORD>17176</NORD>
    <SARD>1029</SARD>
    <SICI>2178</SICI>
    <SUD>2918</SUD>
  </marketintervaldetail>
  <marketintervaldetail>
    <Data>20170903</Data>
    <Mercato>MGP</Mercato>
    <Ora>19</Ora>
    <Totale>33554</Totale>
    <CNOR>3595</CNOR>
    <CSUD>5679</CSUD>
    <NORD>17909</NORD>
    <SARD>1054</SARD>
    <SICI>2242</SICI>
    <SUD>3075</SUD>
  </marketintervaldetail>
  <marketintervaldetail>
    <Data>20170903</Data>
    <Mercato>MGP</Mercato>
    <Ora>20</Ora>
    <Totale>35275</Totale>
    <CNOR>3757</CNOR>
    <CSUD>5961</CSUD>
    <NORD>18693</NORD>
    <SARD>1119</SARD>
    <SICI>2316</SICI>
    <SUD>3429</SUD>
  </marketintervaldetail>
  <marketintervaldetail>
    <Data>20170903</Data>
    <Mercato>MGP</Mercato>
    <Ora>21</Ora>
    <Totale>37717</Totale>
    <CNOR>3912</CNOR>
    <CSUD>6402</CSUD>
    <NORD>19858</NORD>
    <SARD>1229</SARD>
    <SICI>2589</SICI>
    <SUD>3727</SUD>
  </marketintervaldetail>
  <marketintervaldetail>
    <Data>20170903</Data>
    <Mercato>MGP</Mercato>
    <Ora>22</Ora>
    <Totale>36888</Totale>
    <CNOR>3829</CNOR>
    <CSUD>6269</CSUD>
    <NORD>19579</NORD>
    <SARD>1176</SARD>
    <SICI>2518</SICI>
    <SUD>3517</SUD>
  </marketintervaldetail>
  <marketintervaldetail>
    <Data>20170903</Data>
    <Mercato>MGP</Mercato>
    <Ora>23</Ora>
    <Totale>34917</Totale>
    <CNOR>3655</CNOR>
    <CSUD>5937</CSUD>
    <NORD>18393</NORD>
    <SARD>1113</SARD>
    <SICI>2391</SICI>
    <SUD>3428</SUD>
  </marketintervaldetail>
  <marketintervaldetail>
    <Data>20170903</Data>
    <Mercato>MGP</Mercato>
    <Ora>24</Ora>
    <Totale>32416</Totale>
    <CNOR>3380</CNOR>
    <CSUD>5491</CSUD>
    <NORD>17098</NORD>
    <SARD>1053</SARD>
    <SICI>2172</SICI>
    <SUD>3222</SUD>
  </marketintervaldetail>
</NewDataSet>