<?xml version="1.0" standalone="yes"?>
<NewDataSet>
  <xs:schema id="NewDataSet" xmlns="" xmlns:xs="http://www.w3.org/2001/XMLSchema" xmlns:msdata="urn:schemas-microsoft-com:xml-msdata">
    <xs:element name="NewDataSet" msdata:IsDataSet="true" msdata:MainDataTable="marketintervaldetail" msdata:UseCurrentLocale="true">
      <xs:complexType>
        <xs:choice minOccurs="0" maxOccurs="unbounded">
          <xs:element name="marketintervaldetail">
            <xs:complexType>
              <xs:sequence>
                <xs:element name="Data" type="xs:string" minOccurs="0" />
                <xs:element name="Mercato" type="xs:string" minOccurs="0" />
                <xs:element name="Ora" type="xs:string" minOccurs="0" />
                <xs:element name="Totale" type="xs:string" minOccurs="0" />
                <xs:element name="CNOR" type="xs:string" minOccurs="0" />
                <xs:element name="CSUD" type="xs:string" minOccurs="0" />
                <xs:element name="NORD" type="xs:string" minOccurs="0" />
                <xs:element name="SARD" type="xs:string" minOccurs="0" />
                <xs:element name="SICI" type="xs:string" minOccurs="0" />
                <xs:element name="SUD" type="xs:string" minOccurs="0" />
              </xs:sequence>
            </xs:complexType>
          </xs:element>
        </xs:choice>
      </xs:complexType>
    </xs:element>
  </xs:schema>
  <marketintervaldetail>
    <Data>20170917</Data>
    <Mercato>MGP</Mercato>
    <Ora>01</Ora>
    <Totale>25284</Totale>
    <CNOR>2739</CNOR>
    <CSUD>4103</CSUD>
    <NORD>13286</NORD>
    <SARD>918</SARD>
    <SICI>1732</SICI>
    <SUD>2506</SUD>
  </marketintervaldetail>
  <marketintervaldetail>
    <Data>20170917</Data>
    <Mercato>MGP</Mercato>
    <Ora>02</Ora>
    <Totale>23654</Totale>
    <CNOR>2605</CNOR>
    <CSUD>3723</CSUD>
    <NORD>12523</NORD>
    <SARD>884</SARD>
    <SICI>1617</SICI>
    <SUD>2302</SUD>
  </marketintervaldetail>
  <marketintervaldetail>
    <Data>20170917</Data>
    <Mercato>MGP</Mercato>
    <Ora>03</Ora>
    <Totale>22485</Totale>
    <CNOR>2495</CNOR>
    <CSUD>3485</CSUD>
    <NORD>11877</NORD>
    <SARD>866</SARD>
    <SICI>1541</SICI>
    <SUD>2221</SUD>
  </marketintervaldetail>
  <marketintervaldetail>
    <Data>20170917</Data>
    <Mercato>MGP</Mercato>
    <Ora>04</Ora>
    <Totale>21938</Totale>
    <CNOR>2397</CNOR>
    <CSUD>3407</CSUD>
    <NORD>11574</NORD>
    <SARD>862</SARD>
    <SICI>1485</SICI>
    <SUD>2213</SUD>
  </marketintervaldetail>
  <marketintervaldetail>
    <Data>20170917</Data>
    <Mercato>MGP</Mercato>
    <Ora>05</Ora>
    <Totale>21777</Totale>
    <CNOR>2424</CNOR>
    <CSUD>3350</CSUD>
    <NORD>11486</NORD>
    <SARD>867</SARD>
    <SICI>1494</SICI>
    <SUD>2156</SUD>
  </marketintervaldetail>
  <marketintervaldetail>
    <Data>20170917</Data>
    <Mercato>MGP</Mercato>
    <Ora>06</Ora>
    <Totale>21993</Totale>
    <CNOR>2399</CNOR>
    <CSUD>3378</CSUD>
    <NORD>11678</NORD>
    <SARD>874</SARD>
    <SICI>1521</SICI>
    <SUD>2143</SUD>
  </marketintervaldetail>
  <marketintervaldetail>
    <Data>20170917</Data>
    <Mercato>MGP</Mercato>
    <Ora>07</Ora>
    <Totale>22740</Totale>
    <CNOR>2462</CNOR>
    <CSUD>3504</CSUD>
    <NORD>12119</NORD>
    <SARD>900</SARD>
    <SICI>1582</SICI>
    <SUD>2173</SUD>
  </marketintervaldetail>
  <marketintervaldetail>
    <Data>20170917</Data>
    <Mercato>MGP</Mercato>
    <Ora>08</Ora>
    <Totale>23118</Totale>
    <CNOR>2490</CNOR>
    <CSUD>3591</CSUD>
    <NORD>12380</NORD>
    <SARD>921</SARD>
    <SICI>1575</SICI>
    <SUD>2161</SUD>
  </marketintervaldetail>
  <marketintervaldetail>
    <Data>20170917</Data>
    <Mercato>MGP</Mercato>
    <Ora>09</Ora>
    <Totale>24876</Totale>
    <CNOR>2772</CNOR>
    <CSUD>4022</CSUD>
    <NORD>13107</NORD>
    <SARD>953</SARD>
    <SICI>1705</SICI>
    <SUD>2317</SUD>
  </marketintervaldetail>
  <marketintervaldetail>
    <Data>20170917</Data>
    <Mercato>MGP</Mercato>
    <Ora>10</Ora>
    <Totale>27313</Totale>
    <CNOR>3129</CNOR>
    <CSUD>4493</CSUD>
    <NORD>14226</NORD>
    <SARD>1046</SARD>
    <SICI>1862</SICI>
    <SUD>2557</SUD>
  </marketintervaldetail>
  <marketintervaldetail>
    <Data>20170917</Data>
    <Mercato>MGP</Mercato>
    <Ora>11</Ora>
    <Totale>29079</Totale>
    <CNOR>3457</CNOR>
    <CSUD>4764</CSUD>
    <NORD>15145</NORD>
    <SARD>1052</SARD>
    <SICI>1932</SICI>
    <SUD>2729</SUD>
  </marketintervaldetail>
  <marketintervaldetail>
    <Data>20170917</Data>
    <Mercato>MGP</Mercato>
    <Ora>12</Ora>
    <Totale>29510</Totale>
    <CNOR>3594</CNOR>
    <CSUD>4947</CSUD>
    <NORD>15369</NORD>
    <SARD>1011</SARD>
    <SICI>1982</SICI>
    <SUD>2607</SUD>
  </marketintervaldetail>
  <marketintervaldetail>
    <Data>20170917</Data>
    <Mercato>MGP</Mercato>
    <Ora>13</Ora>
    <Totale>28710</Totale>
    <CNOR>3599</CNOR>
    <CSUD>4812</CSUD>
    <NORD>14607</NORD>
    <SARD>1015</SARD>
    <SICI>1928</SICI>
    <SUD>2749</SUD>
  </marketintervaldetail>
  <marketintervaldetail>
    <Data>20170917</Data>
    <Mercato>MGP</Mercato>
    <Ora>14</Ora>
    <Totale>27082</Totale>
    <CNOR>3208</CNOR>
    <CSUD>4686</CSUD>
    <NORD>13714</NORD>
    <SARD>980</SARD>
    <SICI>1880</SICI>
    <SUD>2614</SUD>
  </marketintervaldetail>
  <marketintervaldetail>
    <Data>20170917</Data>
    <Mercato>MGP</Mercato>
    <Ora>15</Ora>
    <Totale>25727</Totale>
    <CNOR>3105</CNOR>
    <CSUD>4426</CSUD>
    <NORD>13158</NORD>
    <SARD>916</SARD>
    <SICI>1888</SICI>
    <SUD>2234</SUD>
  </marketintervaldetail>
  <marketintervaldetail>
    <Data>20170917</Data>
    <Mercato>MGP</Mercato>
    <Ora>16</Ora>
    <Totale>25575</Totale>
    <CNOR>3072</CNOR>
    <CSUD>4167</CSUD>
    <NORD>13178</NORD>
    <SARD>919</SARD>
    <SICI>1790</SICI>
    <SUD>2449</SUD>
  </marketintervaldetail>
  <marketintervaldetail>
    <Data>20170917</Data>
    <Mercato>MGP</Mercato>
    <Ora>17</Ora>
    <Totale>25729</Totale>
    <CNOR>2861</CNOR>
    <CSUD>4177</CSUD>
    <NORD>13303</NORD>
    <SARD>915</SARD>
    <SICI>1797</SICI>
    <SUD>2676</SUD>
  </marketintervaldetail>
  <marketintervaldetail>
    <Data>20170917</Data>
    <Mercato>MGP</Mercato>
    <Ora>18</Ora>
    <Totale>26031</Totale>
    <CNOR>2707</CNOR>
    <CSUD>4306</CSUD>
    <NORD>13454</NORD>
    <SARD>907</SARD>
    <SICI>1957</SICI>
    <SUD>2700</SUD>
  </marketintervaldetail>
  <marketintervaldetail>
    <Data>20170917</Data>
    <Mercato>MGP</Mercato>
    <Ora>19</Ora>
    <Totale>26821</Totale>
    <CNOR>2819</CNOR>
    <CSUD>4356</CSUD>
    <NORD>13977</NORD>
    <SARD>926</SARD>
    <SICI>2037</SICI>
    <SUD>2706</SUD>
  </marketintervaldetail>
  <marketintervaldetail>
    <Data>20170917</Data>
    <Mercato>MGP</Mercato>
    <Ora>20</Ora>
    <Totale>30760</Totale>
    <CNOR>3357</CNOR>
    <CSUD>5100</CSUD>
    <NORD>15807</NORD>
    <SARD>1042</SARD>
    <SICI>2306</SICI>
    <SUD>3148</SUD>
  </marketintervaldetail>
  <marketintervaldetail>
    <Data>20170917</Data>
    <Mercato>MGP</Mercato>
    <Ora>21</Ora>
    <Totale>31728</Totale>
    <CNOR>3414</CNOR>
    <CSUD>5323</CSUD>
    <NORD>16277</NORD>
    <SARD>1103</SARD>
    <SICI>2377</SICI>
    <SUD>3234</SUD>
  </marketintervaldetail>
  <marketintervaldetail>
    <Data>20170917</Data>
    <Mercato>MGP</Mercato>
    <Ora>22</Ora>
    <Totale>29856</Totale>
    <CNOR>3231</CNOR>
    <CSUD>5028</CSUD>
    <NORD>15283</NORD>
    <SARD>1037</SARD>
    <SICI>2246</SICI>
    <SUD>3031</SUD>
  </marketintervaldetail>
  <marketintervaldetail>
    <Data>20170917</Data>
    <Mercato>MGP</Mercato>
    <Ora>23</Ora>
    <Totale>27836</Totale>
    <CNOR>3019</CNOR>
    <CSUD>4619</CSUD>
    <NORD>14254</NORD>
    <SARD>974</SARD>
    <SICI>2108</SICI>
    <SUD>2862</SUD>
  </marketintervaldetail>
  <marketintervaldetail>
    <Data>20170917</Data>
    <Mercato>MGP</Mercato>
    <Ora>24</Ora>
    <Totale>25649</Totale>
    <CNOR>2756</CNOR>
    <CSUD>4231</CSUD>
    <NORD>13189</NORD>
    <SARD>918</SARD>
    <SICI>1929</SICI>
    <SUD>2626</SUD>
  </marketintervaldetail>
</NewDataSet>