<?xml version="1.0" standalone="yes"?>
<NewDataSet>
  <xs:schema id="NewDataSet" xmlns="" xmlns:xs="http://www.w3.org/2001/XMLSchema" xmlns:msdata="urn:schemas-microsoft-com:xml-msdata">
    <xs:element name="NewDataSet" msdata:IsDataSet="true" msdata:MainDataTable="marketintervaldetail" msdata:UseCurrentLocale="true">
      <xs:complexType>
        <xs:choice minOccurs="0" maxOccurs="unbounded">
          <xs:element name="marketintervaldetail">
            <xs:complexType>
              <xs:sequence>
                <xs:element name="Data" type="xs:string" minOccurs="0" />
                <xs:element name="Mercato" type="xs:string" minOccurs="0" />
                <xs:element name="Ora" type="xs:string" minOccurs="0" />
                <xs:element name="Totale" type="xs:string" minOccurs="0" />
                <xs:element name="CNOR" type="xs:string" minOccurs="0" />
                <xs:element name="CSUD" type="xs:string" minOccurs="0" />
                <xs:element name="NORD" type="xs:string" minOccurs="0" />
                <xs:element name="SARD" type="xs:string" minOccurs="0" />
                <xs:element name="SICI" type="xs:string" minOccurs="0" />
                <xs:element name="SUD" type="xs:string" minOccurs="0" />
              </xs:sequence>
            </xs:complexType>
          </xs:element>
        </xs:choice>
      </xs:complexType>
    </xs:element>
  </xs:schema>
  <marketintervaldetail>
    <Data>20170918</Data>
    <Mercato>MGP</Mercato>
    <Ora>01</Ora>
    <Totale>23552</Totale>
    <CNOR>2552</CNOR>
    <CSUD>3828</CSUD>
    <NORD>12311</NORD>
    <SARD>833</SARD>
    <SICI>1702</SICI>
    <SUD>2326</SUD>
  </marketintervaldetail>
  <marketintervaldetail>
    <Data>20170918</Data>
    <Mercato>MGP</Mercato>
    <Ora>02</Ora>
    <Totale>22293</Totale>
    <CNOR>2416</CNOR>
    <CSUD>3598</CSUD>
    <NORD>11709</NORD>
    <SARD>790</SARD>
    <SICI>1611</SICI>
    <SUD>2169</SUD>
  </marketintervaldetail>
  <marketintervaldetail>
    <Data>20170918</Data>
    <Mercato>MGP</Mercato>
    <Ora>03</Ora>
    <Totale>21593</Totale>
    <CNOR>2332</CNOR>
    <CSUD>3430</CSUD>
    <NORD>11427</NORD>
    <SARD>772</SARD>
    <SICI>1540</SICI>
    <SUD>2092</SUD>
  </marketintervaldetail>
  <marketintervaldetail>
    <Data>20170918</Data>
    <Mercato>MGP</Mercato>
    <Ora>04</Ora>
    <Totale>21407</Totale>
    <CNOR>2325</CNOR>
    <CSUD>3356</CSUD>
    <NORD>11380</NORD>
    <SARD>758</SARD>
    <SICI>1502</SICI>
    <SUD>2086</SUD>
  </marketintervaldetail>
  <marketintervaldetail>
    <Data>20170918</Data>
    <Mercato>MGP</Mercato>
    <Ora>05</Ora>
    <Totale>21703</Totale>
    <CNOR>2333</CNOR>
    <CSUD>3394</CSUD>
    <NORD>11605</NORD>
    <SARD>762</SARD>
    <SICI>1503</SICI>
    <SUD>2106</SUD>
  </marketintervaldetail>
  <marketintervaldetail>
    <Data>20170918</Data>
    <Mercato>MGP</Mercato>
    <Ora>06</Ora>
    <Totale>23413</Totale>
    <CNOR>2504</CNOR>
    <CSUD>3639</CSUD>
    <NORD>12763</NORD>
    <SARD>785</SARD>
    <SICI>1574</SICI>
    <SUD>2148</SUD>
  </marketintervaldetail>
  <marketintervaldetail>
    <Data>20170918</Data>
    <Mercato>MGP</Mercato>
    <Ora>07</Ora>
    <Totale>28098</Totale>
    <CNOR>2922</CNOR>
    <CSUD>4150</CSUD>
    <NORD>16005</NORD>
    <SARD>868</SARD>
    <SICI>1711</SICI>
    <SUD>2442</SUD>
  </marketintervaldetail>
  <marketintervaldetail>
    <Data>20170918</Data>
    <Mercato>MGP</Mercato>
    <Ora>08</Ora>
    <Totale>33272</Totale>
    <CNOR>3421</CNOR>
    <CSUD>4740</CSUD>
    <NORD>19496</NORD>
    <SARD>943</SARD>
    <SICI>1935</SICI>
    <SUD>2737</SUD>
  </marketintervaldetail>
  <marketintervaldetail>
    <Data>20170918</Data>
    <Mercato>MGP</Mercato>
    <Ora>09</Ora>
    <Totale>37524</Totale>
    <CNOR>3974</CNOR>
    <CSUD>5204</CSUD>
    <NORD>22346</NORD>
    <SARD>1000</SARD>
    <SICI>2089</SICI>
    <SUD>2911</SUD>
  </marketintervaldetail>
  <marketintervaldetail>
    <Data>20170918</Data>
    <Mercato>MGP</Mercato>
    <Ora>10</Ora>
    <Totale>39125</Totale>
    <CNOR>4215</CNOR>
    <CSUD>5547</CSUD>
    <NORD>23195</NORD>
    <SARD>992</SARD>
    <SICI>2160</SICI>
    <SUD>3016</SUD>
  </marketintervaldetail>
  <marketintervaldetail>
    <Data>20170918</Data>
    <Mercato>MGP</Mercato>
    <Ora>11</Ora>
    <Totale>39151</Totale>
    <CNOR>4238</CNOR>
    <CSUD>5466</CSUD>
    <NORD>23336</NORD>
    <SARD>1004</SARD>
    <SICI>2113</SICI>
    <SUD>2994</SUD>
  </marketintervaldetail>
  <marketintervaldetail>
    <Data>20170918</Data>
    <Mercato>MGP</Mercato>
    <Ora>12</Ora>
    <Totale>39433</Totale>
    <CNOR>4322</CNOR>
    <CSUD>5515</CSUD>
    <NORD>23525</NORD>
    <SARD>1000</SARD>
    <SICI>2067</SICI>
    <SUD>3004</SUD>
  </marketintervaldetail>
  <marketintervaldetail>
    <Data>20170918</Data>
    <Mercato>MGP</Mercato>
    <Ora>13</Ora>
    <Totale>38074</Totale>
    <CNOR>4435</CNOR>
    <CSUD>5701</CSUD>
    <NORD>21734</NORD>
    <SARD>995</SARD>
    <SICI>2102</SICI>
    <SUD>3107</SUD>
  </marketintervaldetail>
  <marketintervaldetail>
    <Data>20170918</Data>
    <Mercato>MGP</Mercato>
    <Ora>14</Ora>
    <Totale>38236</Totale>
    <CNOR>4516</CNOR>
    <CSUD>5584</CSUD>
    <NORD>21924</NORD>
    <SARD>989</SARD>
    <SICI>2062</SICI>
    <SUD>3161</SUD>
  </marketintervaldetail>
  <marketintervaldetail>
    <Data>20170918</Data>
    <Mercato>MGP</Mercato>
    <Ora>15</Ora>
    <Totale>39773</Totale>
    <CNOR>4762</CNOR>
    <CSUD>5746</CSUD>
    <NORD>23184</NORD>
    <SARD>956</SARD>
    <SICI>2065</SICI>
    <SUD>3060</SUD>
  </marketintervaldetail>
  <marketintervaldetail>
    <Data>20170918</Data>
    <Mercato>MGP</Mercato>
    <Ora>16</Ora>
    <Totale>40520</Totale>
    <CNOR>4850</CNOR>
    <CSUD>5952</CSUD>
    <NORD>23453</NORD>
    <SARD>941</SARD>
    <SICI>2092</SICI>
    <SUD>3232</SUD>
  </marketintervaldetail>
  <marketintervaldetail>
    <Data>20170918</Data>
    <Mercato>MGP</Mercato>
    <Ora>17</Ora>
    <Totale>40747</Totale>
    <CNOR>4753</CNOR>
    <CSUD>6212</CSUD>
    <NORD>23601</NORD>
    <SARD>938</SARD>
    <SICI>2210</SICI>
    <SUD>3033</SUD>
  </marketintervaldetail>
  <marketintervaldetail>
    <Data>20170918</Data>
    <Mercato>MGP</Mercato>
    <Ora>18</Ora>
    <Totale>40015</Totale>
    <CNOR>4522</CNOR>
    <CSUD>6105</CSUD>
    <NORD>22812</NORD>
    <SARD>1012</SARD>
    <SICI>2318</SICI>
    <SUD>3246</SUD>
  </marketintervaldetail>
  <marketintervaldetail>
    <Data>20170918</Data>
    <Mercato>MGP</Mercato>
    <Ora>19</Ora>
    <Totale>39007</Totale>
    <CNOR>4259</CNOR>
    <CSUD>5862</CSUD>
    <NORD>22101</NORD>
    <SARD>1062</SARD>
    <SICI>2346</SICI>
    <SUD>3377</SUD>
  </marketintervaldetail>
  <marketintervaldetail>
    <Data>20170918</Data>
    <Mercato>MGP</Mercato>
    <Ora>20</Ora>
    <Totale>40657</Totale>
    <CNOR>4316</CNOR>
    <CSUD>6261</CSUD>
    <NORD>22725</NORD>
    <SARD>1123</SARD>
    <SICI>2578</SICI>
    <SUD>3654</SUD>
  </marketintervaldetail>
  <marketintervaldetail>
    <Data>20170918</Data>
    <Mercato>MGP</Mercato>
    <Ora>21</Ora>
    <Totale>40726</Totale>
    <CNOR>4238</CNOR>
    <CSUD>6309</CSUD>
    <NORD>22655</NORD>
    <SARD>1155</SARD>
    <SICI>2613</SICI>
    <SUD>3756</SUD>
  </marketintervaldetail>
  <marketintervaldetail>
    <Data>20170918</Data>
    <Mercato>MGP</Mercato>
    <Ora>22</Ora>
    <Totale>37709</Totale>
    <CNOR>3953</CNOR>
    <CSUD>5845</CSUD>
    <NORD>20997</NORD>
    <SARD>1081</SARD>
    <SICI>2392</SICI>
    <SUD>3441</SUD>
  </marketintervaldetail>
  <marketintervaldetail>
    <Data>20170918</Data>
    <Mercato>MGP</Mercato>
    <Ora>23</Ora>
    <Totale>33796</Totale>
    <CNOR>3520</CNOR>
    <CSUD>5299</CSUD>
    <NORD>18672</NORD>
    <SARD>1003</SARD>
    <SICI>2190</SICI>
    <SUD>3112</SUD>
  </marketintervaldetail>
  <marketintervaldetail>
    <Data>20170918</Data>
    <Mercato>MGP</Mercato>
    <Ora>24</Ora>
    <Totale>30684</Totale>
    <CNOR>3267</CNOR>
    <CSUD>4760</CSUD>
    <NORD>16837</NORD>
    <SARD>927</SARD>
    <SICI>1984</SICI>
    <SUD>2909</SUD>
  </marketintervaldetail>
</NewDataSet>