<?xml version="1.0" standalone="yes"?>
<NewDataSet>
  <xs:schema id="NewDataSet" xmlns="" xmlns:xs="http://www.w3.org/2001/XMLSchema" xmlns:msdata="urn:schemas-microsoft-com:xml-msdata">
    <xs:element name="NewDataSet" msdata:IsDataSet="true" msdata:MainDataTable="marketintervaldetail" msdata:UseCurrentLocale="true">
      <xs:complexType>
        <xs:choice minOccurs="0" maxOccurs="unbounded">
          <xs:element name="marketintervaldetail">
            <xs:complexType>
              <xs:sequence>
                <xs:element name="Data" type="xs:string" minOccurs="0" />
                <xs:element name="Mercato" type="xs:string" minOccurs="0" />
                <xs:element name="Ora" type="xs:string" minOccurs="0" />
                <xs:element name="Totale" type="xs:string" minOccurs="0" />
                <xs:element name="CNOR" type="xs:string" minOccurs="0" />
                <xs:element name="CSUD" type="xs:string" minOccurs="0" />
                <xs:element name="NORD" type="xs:string" minOccurs="0" />
                <xs:element name="SARD" type="xs:string" minOccurs="0" />
                <xs:element name="SICI" type="xs:string" minOccurs="0" />
                <xs:element name="SUD" type="xs:string" minOccurs="0" />
              </xs:sequence>
            </xs:complexType>
          </xs:element>
        </xs:choice>
      </xs:complexType>
    </xs:element>
  </xs:schema>
  <marketintervaldetail>
    <Data>20170926</Data>
    <Mercato>MGP</Mercato>
    <Ora>01</Ora>
    <Totale>27508</Totale>
    <CNOR>2866</CNOR>
    <CSUD>4106</CSUD>
    <NORD>15552</NORD>
    <SARD>866</SARD>
    <SICI>1596</SICI>
    <SUD>2522</SUD>
  </marketintervaldetail>
  <marketintervaldetail>
    <Data>20170926</Data>
    <Mercato>MGP</Mercato>
    <Ora>02</Ora>
    <Totale>25900</Totale>
    <CNOR>2714</CNOR>
    <CSUD>3795</CSUD>
    <NORD>14713</NORD>
    <SARD>828</SARD>
    <SICI>1473</SICI>
    <SUD>2377</SUD>
  </marketintervaldetail>
  <marketintervaldetail>
    <Data>20170926</Data>
    <Mercato>MGP</Mercato>
    <Ora>03</Ora>
    <Totale>24919</Totale>
    <CNOR>2596</CNOR>
    <CSUD>3632</CSUD>
    <NORD>14215</NORD>
    <SARD>798</SARD>
    <SICI>1401</SICI>
    <SUD>2277</SUD>
  </marketintervaldetail>
  <marketintervaldetail>
    <Data>20170926</Data>
    <Mercato>MGP</Mercato>
    <Ora>04</Ora>
    <Totale>24466</Totale>
    <CNOR>2544</CNOR>
    <CSUD>3562</CSUD>
    <NORD>13936</NORD>
    <SARD>792</SARD>
    <SICI>1383</SICI>
    <SUD>2249</SUD>
  </marketintervaldetail>
  <marketintervaldetail>
    <Data>20170926</Data>
    <Mercato>MGP</Mercato>
    <Ora>05</Ora>
    <Totale>24805</Totale>
    <CNOR>2591</CNOR>
    <CSUD>3568</CSUD>
    <NORD>14153</NORD>
    <SARD>798</SARD>
    <SICI>1379</SICI>
    <SUD>2316</SUD>
  </marketintervaldetail>
  <marketintervaldetail>
    <Data>20170926</Data>
    <Mercato>MGP</Mercato>
    <Ora>06</Ora>
    <Totale>25930</Totale>
    <CNOR>2687</CNOR>
    <CSUD>3765</CSUD>
    <NORD>14851</NORD>
    <SARD>817</SARD>
    <SICI>1430</SICI>
    <SUD>2380</SUD>
  </marketintervaldetail>
  <marketintervaldetail>
    <Data>20170926</Data>
    <Mercato>MGP</Mercato>
    <Ora>07</Ora>
    <Totale>30620</Totale>
    <CNOR>3153</CNOR>
    <CSUD>4342</CSUD>
    <NORD>18074</NORD>
    <SARD>893</SARD>
    <SICI>1614</SICI>
    <SUD>2544</SUD>
  </marketintervaldetail>
  <marketintervaldetail>
    <Data>20170926</Data>
    <Mercato>MGP</Mercato>
    <Ora>08</Ora>
    <Totale>36383</Totale>
    <CNOR>3780</CNOR>
    <CSUD>5053</CSUD>
    <NORD>21965</NORD>
    <SARD>977</SARD>
    <SICI>1835</SICI>
    <SUD>2773</SUD>
  </marketintervaldetail>
  <marketintervaldetail>
    <Data>20170926</Data>
    <Mercato>MGP</Mercato>
    <Ora>09</Ora>
    <Totale>40837</Totale>
    <CNOR>4423</CNOR>
    <CSUD>5601</CSUD>
    <NORD>24773</NORD>
    <SARD>1036</SARD>
    <SICI>2010</SICI>
    <SUD>2994</SUD>
  </marketintervaldetail>
  <marketintervaldetail>
    <Data>20170926</Data>
    <Mercato>MGP</Mercato>
    <Ora>10</Ora>
    <Totale>42273</Totale>
    <CNOR>4558</CNOR>
    <CSUD>5923</CSUD>
    <NORD>25695</NORD>
    <SARD>1074</SARD>
    <SICI>2054</SICI>
    <SUD>2969</SUD>
  </marketintervaldetail>
  <marketintervaldetail>
    <Data>20170926</Data>
    <Mercato>MGP</Mercato>
    <Ora>11</Ora>
    <Totale>42202</Totale>
    <CNOR>4577</CNOR>
    <CSUD>6062</CSUD>
    <NORD>25520</NORD>
    <SARD>1038</SARD>
    <SICI>2052</SICI>
    <SUD>2953</SUD>
  </marketintervaldetail>
  <marketintervaldetail>
    <Data>20170926</Data>
    <Mercato>MGP</Mercato>
    <Ora>12</Ora>
    <Totale>42042</Totale>
    <CNOR>4553</CNOR>
    <CSUD>6062</CSUD>
    <NORD>25497</NORD>
    <SARD>993</SARD>
    <SICI>1965</SICI>
    <SUD>2972</SUD>
  </marketintervaldetail>
  <marketintervaldetail>
    <Data>20170926</Data>
    <Mercato>MGP</Mercato>
    <Ora>13</Ora>
    <Totale>39410</Totale>
    <CNOR>4310</CNOR>
    <CSUD>6075</CSUD>
    <NORD>23323</NORD>
    <SARD>950</SARD>
    <SICI>1857</SICI>
    <SUD>2895</SUD>
  </marketintervaldetail>
  <marketintervaldetail>
    <Data>20170926</Data>
    <Mercato>MGP</Mercato>
    <Ora>14</Ora>
    <Totale>39005</Totale>
    <CNOR>4287</CNOR>
    <CSUD>6095</CSUD>
    <NORD>23045</NORD>
    <SARD>905</SARD>
    <SICI>1818</SICI>
    <SUD>2855</SUD>
  </marketintervaldetail>
  <marketintervaldetail>
    <Data>20170926</Data>
    <Mercato>MGP</Mercato>
    <Ora>15</Ora>
    <Totale>40270</Totale>
    <CNOR>4340</CNOR>
    <CSUD>6098</CSUD>
    <NORD>24015</NORD>
    <SARD>959</SARD>
    <SICI>1945</SICI>
    <SUD>2913</SUD>
  </marketintervaldetail>
  <marketintervaldetail>
    <Data>20170926</Data>
    <Mercato>MGP</Mercato>
    <Ora>16</Ora>
    <Totale>40481</Totale>
    <CNOR>4272</CNOR>
    <CSUD>6090</CSUD>
    <NORD>24275</NORD>
    <SARD>990</SARD>
    <SICI>1917</SICI>
    <SUD>2937</SUD>
  </marketintervaldetail>
  <marketintervaldetail>
    <Data>20170926</Data>
    <Mercato>MGP</Mercato>
    <Ora>17</Ora>
    <Totale>40614</Totale>
    <CNOR>4370</CNOR>
    <CSUD>6107</CSUD>
    <NORD>24275</NORD>
    <SARD>1013</SARD>
    <SICI>1909</SICI>
    <SUD>2940</SUD>
  </marketintervaldetail>
  <marketintervaldetail>
    <Data>20170926</Data>
    <Mercato>MGP</Mercato>
    <Ora>18</Ora>
    <Totale>39768</Totale>
    <CNOR>4196</CNOR>
    <CSUD>6042</CSUD>
    <NORD>23494</NORD>
    <SARD>1048</SARD>
    <SICI>1994</SICI>
    <SUD>2994</SUD>
  </marketintervaldetail>
  <marketintervaldetail>
    <Data>20170926</Data>
    <Mercato>MGP</Mercato>
    <Ora>19</Ora>
    <Totale>38869</Totale>
    <CNOR>4039</CNOR>
    <CSUD>5847</CSUD>
    <NORD>22710</NORD>
    <SARD>1077</SARD>
    <SICI>2133</SICI>
    <SUD>3063</SUD>
  </marketintervaldetail>
  <marketintervaldetail>
    <Data>20170926</Data>
    <Mercato>MGP</Mercato>
    <Ora>20</Ora>
    <Totale>41293</Totale>
    <CNOR>4267</CNOR>
    <CSUD>6314</CSUD>
    <NORD>23576</NORD>
    <SARD>1158</SARD>
    <SICI>2419</SICI>
    <SUD>3559</SUD>
  </marketintervaldetail>
  <marketintervaldetail>
    <Data>20170926</Data>
    <Mercato>MGP</Mercato>
    <Ora>21</Ora>
    <Totale>40726</Totale>
    <CNOR>4275</CNOR>
    <CSUD>6219</CSUD>
    <NORD>22960</NORD>
    <SARD>1165</SARD>
    <SICI>2441</SICI>
    <SUD>3666</SUD>
  </marketintervaldetail>
  <marketintervaldetail>
    <Data>20170926</Data>
    <Mercato>MGP</Mercato>
    <Ora>22</Ora>
    <Totale>37720</Totale>
    <CNOR>4017</CNOR>
    <CSUD>5723</CSUD>
    <NORD>21320</NORD>
    <SARD>1070</SARD>
    <SICI>2239</SICI>
    <SUD>3351</SUD>
  </marketintervaldetail>
  <marketintervaldetail>
    <Data>20170926</Data>
    <Mercato>MGP</Mercato>
    <Ora>23</Ora>
    <Totale>33841</Totale>
    <CNOR>3628</CNOR>
    <CSUD>5176</CSUD>
    <NORD>18977</NORD>
    <SARD>991</SARD>
    <SICI>2013</SICI>
    <SUD>3056</SUD>
  </marketintervaldetail>
  <marketintervaldetail>
    <Data>20170926</Data>
    <Mercato>MGP</Mercato>
    <Ora>24</Ora>
    <Totale>30420</Totale>
    <CNOR>3284</CNOR>
    <CSUD>4526</CSUD>
    <NORD>17029</NORD>
    <SARD>920</SARD>
    <SICI>1816</SICI>
    <SUD>2845</SUD>
  </marketintervaldetail>
</NewDataSet>