<?xml version="1.0" standalone="yes"?>
<NewDataSet>
  <xs:schema id="NewDataSet" xmlns="" xmlns:xs="http://www.w3.org/2001/XMLSchema" xmlns:msdata="urn:schemas-microsoft-com:xml-msdata">
    <xs:element name="NewDataSet" msdata:IsDataSet="true" msdata:MainDataTable="marketintervaldetail" msdata:UseCurrentLocale="true">
      <xs:complexType>
        <xs:choice minOccurs="0" maxOccurs="unbounded">
          <xs:element name="marketintervaldetail">
            <xs:complexType>
              <xs:sequence>
                <xs:element name="Data" type="xs:string" minOccurs="0" />
                <xs:element name="Mercato" type="xs:string" minOccurs="0" />
                <xs:element name="Ora" type="xs:string" minOccurs="0" />
                <xs:element name="Totale" type="xs:string" minOccurs="0" />
                <xs:element name="CNOR" type="xs:string" minOccurs="0" />
                <xs:element name="CSUD" type="xs:string" minOccurs="0" />
                <xs:element name="NORD" type="xs:string" minOccurs="0" />
                <xs:element name="SARD" type="xs:string" minOccurs="0" />
                <xs:element name="SICI" type="xs:string" minOccurs="0" />
                <xs:element name="SUD" type="xs:string" minOccurs="0" />
              </xs:sequence>
            </xs:complexType>
          </xs:element>
        </xs:choice>
      </xs:complexType>
    </xs:element>
  </xs:schema>
  <marketintervaldetail>
    <Data>20170906</Data>
    <Mercato>MGP</Mercato>
    <Ora>01</Ora>
    <Totale>28740</Totale>
    <CNOR>2948</CNOR>
    <CSUD>4325</CSUD>
    <NORD>15971</NORD>
    <SARD>968</SARD>
    <SICI>1858</SICI>
    <SUD>2670</SUD>
  </marketintervaldetail>
  <marketintervaldetail>
    <Data>20170906</Data>
    <Mercato>MGP</Mercato>
    <Ora>02</Ora>
    <Totale>27061</Totale>
    <CNOR>2781</CNOR>
    <CSUD>3992</CSUD>
    <NORD>15196</NORD>
    <SARD>911</SARD>
    <SICI>1741</SICI>
    <SUD>2440</SUD>
  </marketintervaldetail>
  <marketintervaldetail>
    <Data>20170906</Data>
    <Mercato>MGP</Mercato>
    <Ora>03</Ora>
    <Totale>26187</Totale>
    <CNOR>2690</CNOR>
    <CSUD>3831</CSUD>
    <NORD>14776</NORD>
    <SARD>886</SARD>
    <SICI>1639</SICI>
    <SUD>2365</SUD>
  </marketintervaldetail>
  <marketintervaldetail>
    <Data>20170906</Data>
    <Mercato>MGP</Mercato>
    <Ora>04</Ora>
    <Totale>25823</Totale>
    <CNOR>2674</CNOR>
    <CSUD>3817</CSUD>
    <NORD>14548</NORD>
    <SARD>876</SARD>
    <SICI>1603</SICI>
    <SUD>2305</SUD>
  </marketintervaldetail>
  <marketintervaldetail>
    <Data>20170906</Data>
    <Mercato>MGP</Mercato>
    <Ora>05</Ora>
    <Totale>25891</Totale>
    <CNOR>2709</CNOR>
    <CSUD>3851</CSUD>
    <NORD>14538</NORD>
    <SARD>878</SARD>
    <SICI>1600</SICI>
    <SUD>2315</SUD>
  </marketintervaldetail>
  <marketintervaldetail>
    <Data>20170906</Data>
    <Mercato>MGP</Mercato>
    <Ora>06</Ora>
    <Totale>27250</Totale>
    <CNOR>2839</CNOR>
    <CSUD>4017</CSUD>
    <NORD>15421</NORD>
    <SARD>891</SARD>
    <SICI>1651</SICI>
    <SUD>2431</SUD>
  </marketintervaldetail>
  <marketintervaldetail>
    <Data>20170906</Data>
    <Mercato>MGP</Mercato>
    <Ora>07</Ora>
    <Totale>30579</Totale>
    <CNOR>3285</CNOR>
    <CSUD>4387</CSUD>
    <NORD>17788</NORD>
    <SARD>955</SARD>
    <SICI>1711</SICI>
    <SUD>2453</SUD>
  </marketintervaldetail>
  <marketintervaldetail>
    <Data>20170906</Data>
    <Mercato>MGP</Mercato>
    <Ora>08</Ora>
    <Totale>34443</Totale>
    <CNOR>3662</CNOR>
    <CSUD>4740</CSUD>
    <NORD>20449</NORD>
    <SARD>1016</SARD>
    <SICI>1848</SICI>
    <SUD>2728</SUD>
  </marketintervaldetail>
  <marketintervaldetail>
    <Data>20170906</Data>
    <Mercato>MGP</Mercato>
    <Ora>09</Ora>
    <Totale>39486</Totale>
    <CNOR>4300</CNOR>
    <CSUD>5462</CSUD>
    <NORD>23525</NORD>
    <SARD>1100</SARD>
    <SICI>2094</SICI>
    <SUD>3005</SUD>
  </marketintervaldetail>
  <marketintervaldetail>
    <Data>20170906</Data>
    <Mercato>MGP</Mercato>
    <Ora>10</Ora>
    <Totale>41228</Totale>
    <CNOR>4561</CNOR>
    <CSUD>5877</CSUD>
    <NORD>24432</NORD>
    <SARD>1135</SARD>
    <SICI>2197</SICI>
    <SUD>3026</SUD>
  </marketintervaldetail>
  <marketintervaldetail>
    <Data>20170906</Data>
    <Mercato>MGP</Mercato>
    <Ora>11</Ora>
    <Totale>41364</Totale>
    <CNOR>4524</CNOR>
    <CSUD>5949</CSUD>
    <NORD>24583</NORD>
    <SARD>1136</SARD>
    <SICI>2235</SICI>
    <SUD>2937</SUD>
  </marketintervaldetail>
  <marketintervaldetail>
    <Data>20170906</Data>
    <Mercato>MGP</Mercato>
    <Ora>12</Ora>
    <Totale>41094</Totale>
    <CNOR>4565</CNOR>
    <CSUD>5896</CSUD>
    <NORD>24197</NORD>
    <SARD>1158</SARD>
    <SICI>2263</SICI>
    <SUD>3015</SUD>
  </marketintervaldetail>
  <marketintervaldetail>
    <Data>20170906</Data>
    <Mercato>MGP</Mercato>
    <Ora>13</Ora>
    <Totale>39861</Totale>
    <CNOR>4364</CNOR>
    <CSUD>6143</CSUD>
    <NORD>22643</NORD>
    <SARD>1167</SARD>
    <SICI>2330</SICI>
    <SUD>3214</SUD>
  </marketintervaldetail>
  <marketintervaldetail>
    <Data>20170906</Data>
    <Mercato>MGP</Mercato>
    <Ora>14</Ora>
    <Totale>39098</Totale>
    <CNOR>4191</CNOR>
    <CSUD>6034</CSUD>
    <NORD>22326</NORD>
    <SARD>1123</SARD>
    <SICI>2219</SICI>
    <SUD>3205</SUD>
  </marketintervaldetail>
  <marketintervaldetail>
    <Data>20170906</Data>
    <Mercato>MGP</Mercato>
    <Ora>15</Ora>
    <Totale>40141</Totale>
    <CNOR>4332</CNOR>
    <CSUD>6159</CSUD>
    <NORD>23873</NORD>
    <SARD>1076</SARD>
    <SICI>2115</SICI>
    <SUD>2586</SUD>
  </marketintervaldetail>
  <marketintervaldetail>
    <Data>20170906</Data>
    <Mercato>MGP</Mercato>
    <Ora>16</Ora>
    <Totale>40820</Totale>
    <CNOR>4465</CNOR>
    <CSUD>6121</CSUD>
    <NORD>24520</NORD>
    <SARD>1045</SARD>
    <SICI>2194</SICI>
    <SUD>2475</SUD>
  </marketintervaldetail>
  <marketintervaldetail>
    <Data>20170906</Data>
    <Mercato>MGP</Mercato>
    <Ora>17</Ora>
    <Totale>41295</Totale>
    <CNOR>4740</CNOR>
    <CSUD>6245</CSUD>
    <NORD>24326</NORD>
    <SARD>1061</SARD>
    <SICI>2245</SICI>
    <SUD>2678</SUD>
  </marketintervaldetail>
  <marketintervaldetail>
    <Data>20170906</Data>
    <Mercato>MGP</Mercato>
    <Ora>18</Ora>
    <Totale>40744</Totale>
    <CNOR>4498</CNOR>
    <CSUD>6287</CSUD>
    <NORD>23668</NORD>
    <SARD>1101</SARD>
    <SICI>2369</SICI>
    <SUD>2821</SUD>
  </marketintervaldetail>
  <marketintervaldetail>
    <Data>20170906</Data>
    <Mercato>MGP</Mercato>
    <Ora>19</Ora>
    <Totale>39262</Totale>
    <CNOR>3963</CNOR>
    <CSUD>5958</CSUD>
    <NORD>22666</NORD>
    <SARD>1184</SARD>
    <SICI>2362</SICI>
    <SUD>3129</SUD>
  </marketintervaldetail>
  <marketintervaldetail>
    <Data>20170906</Data>
    <Mercato>MGP</Mercato>
    <Ora>20</Ora>
    <Totale>38846</Totale>
    <CNOR>3814</CNOR>
    <CSUD>5826</CSUD>
    <NORD>22239</NORD>
    <SARD>1220</SARD>
    <SICI>2367</SICI>
    <SUD>3380</SUD>
  </marketintervaldetail>
  <marketintervaldetail>
    <Data>20170906</Data>
    <Mercato>MGP</Mercato>
    <Ora>21</Ora>
    <Totale>40356</Totale>
    <CNOR>4168</CNOR>
    <CSUD>6282</CSUD>
    <NORD>22585</NORD>
    <SARD>1297</SARD>
    <SICI>2440</SICI>
    <SUD>3584</SUD>
  </marketintervaldetail>
  <marketintervaldetail>
    <Data>20170906</Data>
    <Mercato>MGP</Mercato>
    <Ora>22</Ora>
    <Totale>37992</Totale>
    <CNOR>3904</CNOR>
    <CSUD>5870</CSUD>
    <NORD>21529</NORD>
    <SARD>1240</SARD>
    <SICI>2218</SICI>
    <SUD>3231</SUD>
  </marketintervaldetail>
  <marketintervaldetail>
    <Data>20170906</Data>
    <Mercato>MGP</Mercato>
    <Ora>23</Ora>
    <Totale>34500</Totale>
    <CNOR>3509</CNOR>
    <CSUD>5423</CSUD>
    <NORD>19336</NORD>
    <SARD>1164</SARD>
    <SICI>2095</SICI>
    <SUD>2973</SUD>
  </marketintervaldetail>
  <marketintervaldetail>
    <Data>20170906</Data>
    <Mercato>MGP</Mercato>
    <Ora>24</Ora>
    <Totale>31767</Totale>
    <CNOR>3181</CNOR>
    <CSUD>4952</CSUD>
    <NORD>17878</NORD>
    <SARD>1100</SARD>
    <SICI>1873</SICI>
    <SUD>2783</SUD>
  </marketintervaldetail>
</NewDataSet>