<?xml version="1.0" standalone="yes"?>
<NewDataSet>
  <xs:schema id="NewDataSet" xmlns="" xmlns:xs="http://www.w3.org/2001/XMLSchema" xmlns:msdata="urn:schemas-microsoft-com:xml-msdata">
    <xs:element name="NewDataSet" msdata:IsDataSet="true" msdata:MainDataTable="marketintervaldetail" msdata:UseCurrentLocale="true">
      <xs:complexType>
        <xs:choice minOccurs="0" maxOccurs="unbounded">
          <xs:element name="marketintervaldetail">
            <xs:complexType>
              <xs:sequence>
                <xs:element name="Data" type="xs:string" minOccurs="0" />
                <xs:element name="Mercato" type="xs:string" minOccurs="0" />
                <xs:element name="Ora" type="xs:string" minOccurs="0" />
                <xs:element name="Totale" type="xs:string" minOccurs="0" />
                <xs:element name="CNOR" type="xs:string" minOccurs="0" />
                <xs:element name="CSUD" type="xs:string" minOccurs="0" />
                <xs:element name="NORD" type="xs:string" minOccurs="0" />
                <xs:element name="SARD" type="xs:string" minOccurs="0" />
                <xs:element name="SICI" type="xs:string" minOccurs="0" />
                <xs:element name="SUD" type="xs:string" minOccurs="0" />
              </xs:sequence>
            </xs:complexType>
          </xs:element>
        </xs:choice>
      </xs:complexType>
    </xs:element>
  </xs:schema>
  <marketintervaldetail>
    <Data>20170919</Data>
    <Mercato>MGP</Mercato>
    <Ora>01</Ora>
    <Totale>27223</Totale>
    <CNOR>3113</CNOR>
    <CSUD>4044</CSUD>
    <NORD>15063</NORD>
    <SARD>838</SARD>
    <SICI>1707</SICI>
    <SUD>2458</SUD>
  </marketintervaldetail>
  <marketintervaldetail>
    <Data>20170919</Data>
    <Mercato>MGP</Mercato>
    <Ora>02</Ora>
    <Totale>25827</Totale>
    <CNOR>3020</CNOR>
    <CSUD>3825</CSUD>
    <NORD>14321</NORD>
    <SARD>795</SARD>
    <SICI>1589</SICI>
    <SUD>2277</SUD>
  </marketintervaldetail>
  <marketintervaldetail>
    <Data>20170919</Data>
    <Mercato>MGP</Mercato>
    <Ora>03</Ora>
    <Totale>25085</Totale>
    <CNOR>2909</CNOR>
    <CSUD>3641</CSUD>
    <NORD>14048</NORD>
    <SARD>771</SARD>
    <SICI>1544</SICI>
    <SUD>2172</SUD>
  </marketintervaldetail>
  <marketintervaldetail>
    <Data>20170919</Data>
    <Mercato>MGP</Mercato>
    <Ora>04</Ora>
    <Totale>24827</Totale>
    <CNOR>2906</CNOR>
    <CSUD>3562</CSUD>
    <NORD>13841</NORD>
    <SARD>761</SARD>
    <SICI>1535</SICI>
    <SUD>2222</SUD>
  </marketintervaldetail>
  <marketintervaldetail>
    <Data>20170919</Data>
    <Mercato>MGP</Mercato>
    <Ora>05</Ora>
    <Totale>25086</Totale>
    <CNOR>2947</CNOR>
    <CSUD>3547</CSUD>
    <NORD>14015</NORD>
    <SARD>751</SARD>
    <SICI>1539</SICI>
    <SUD>2287</SUD>
  </marketintervaldetail>
  <marketintervaldetail>
    <Data>20170919</Data>
    <Mercato>MGP</Mercato>
    <Ora>06</Ora>
    <Totale>26435</Totale>
    <CNOR>3031</CNOR>
    <CSUD>3807</CSUD>
    <NORD>14859</NORD>
    <SARD>782</SARD>
    <SICI>1618</SICI>
    <SUD>2338</SUD>
  </marketintervaldetail>
  <marketintervaldetail>
    <Data>20170919</Data>
    <Mercato>MGP</Mercato>
    <Ora>07</Ora>
    <Totale>30605</Totale>
    <CNOR>3412</CNOR>
    <CSUD>4360</CSUD>
    <NORD>17716</NORD>
    <SARD>862</SARD>
    <SICI>1740</SICI>
    <SUD>2515</SUD>
  </marketintervaldetail>
  <marketintervaldetail>
    <Data>20170919</Data>
    <Mercato>MGP</Mercato>
    <Ora>08</Ora>
    <Totale>35302</Totale>
    <CNOR>3861</CNOR>
    <CSUD>4947</CSUD>
    <NORD>20771</NORD>
    <SARD>962</SARD>
    <SICI>1985</SICI>
    <SUD>2776</SUD>
  </marketintervaldetail>
  <marketintervaldetail>
    <Data>20170919</Data>
    <Mercato>MGP</Mercato>
    <Ora>09</Ora>
    <Totale>39739</Totale>
    <CNOR>4353</CNOR>
    <CSUD>5520</CSUD>
    <NORD>23655</NORD>
    <SARD>1039</SARD>
    <SICI>2097</SICI>
    <SUD>3075</SUD>
  </marketintervaldetail>
  <marketintervaldetail>
    <Data>20170919</Data>
    <Mercato>MGP</Mercato>
    <Ora>10</Ora>
    <Totale>41426</Totale>
    <CNOR>4582</CNOR>
    <CSUD>5982</CSUD>
    <NORD>24517</NORD>
    <SARD>1060</SARD>
    <SICI>2249</SICI>
    <SUD>3036</SUD>
  </marketintervaldetail>
  <marketintervaldetail>
    <Data>20170919</Data>
    <Mercato>MGP</Mercato>
    <Ora>11</Ora>
    <Totale>41160</Totale>
    <CNOR>4507</CNOR>
    <CSUD>6043</CSUD>
    <NORD>24379</NORD>
    <SARD>1032</SARD>
    <SICI>2160</SICI>
    <SUD>3039</SUD>
  </marketintervaldetail>
  <marketintervaldetail>
    <Data>20170919</Data>
    <Mercato>MGP</Mercato>
    <Ora>12</Ora>
    <Totale>41399</Totale>
    <CNOR>4588</CNOR>
    <CSUD>6000</CSUD>
    <NORD>24643</NORD>
    <SARD>993</SARD>
    <SICI>2170</SICI>
    <SUD>3005</SUD>
  </marketintervaldetail>
  <marketintervaldetail>
    <Data>20170919</Data>
    <Mercato>MGP</Mercato>
    <Ora>13</Ora>
    <Totale>39561</Totale>
    <CNOR>4697</CNOR>
    <CSUD>5982</CSUD>
    <NORD>22769</NORD>
    <SARD>953</SARD>
    <SICI>2146</SICI>
    <SUD>3014</SUD>
  </marketintervaldetail>
  <marketintervaldetail>
    <Data>20170919</Data>
    <Mercato>MGP</Mercato>
    <Ora>14</Ora>
    <Totale>38612</Totale>
    <CNOR>4549</CNOR>
    <CSUD>5660</CSUD>
    <NORD>22503</NORD>
    <SARD>915</SARD>
    <SICI>2132</SICI>
    <SUD>2853</SUD>
  </marketintervaldetail>
  <marketintervaldetail>
    <Data>20170919</Data>
    <Mercato>MGP</Mercato>
    <Ora>15</Ora>
    <Totale>40042</Totale>
    <CNOR>4804</CNOR>
    <CSUD>5669</CSUD>
    <NORD>23710</NORD>
    <SARD>895</SARD>
    <SICI>2041</SICI>
    <SUD>2923</SUD>
  </marketintervaldetail>
  <marketintervaldetail>
    <Data>20170919</Data>
    <Mercato>MGP</Mercato>
    <Ora>16</Ora>
    <Totale>41123</Totale>
    <CNOR>4903</CNOR>
    <CSUD>5846</CSUD>
    <NORD>24138</NORD>
    <SARD>896</SARD>
    <SICI>2117</SICI>
    <SUD>3223</SUD>
  </marketintervaldetail>
  <marketintervaldetail>
    <Data>20170919</Data>
    <Mercato>MGP</Mercato>
    <Ora>17</Ora>
    <Totale>41116</Totale>
    <CNOR>4860</CNOR>
    <CSUD>5934</CSUD>
    <NORD>24041</NORD>
    <SARD>896</SARD>
    <SICI>2244</SICI>
    <SUD>3141</SUD>
  </marketintervaldetail>
  <marketintervaldetail>
    <Data>20170919</Data>
    <Mercato>MGP</Mercato>
    <Ora>18</Ora>
    <Totale>40502</Totale>
    <CNOR>4680</CNOR>
    <CSUD>6040</CSUD>
    <NORD>23233</NORD>
    <SARD>981</SARD>
    <SICI>2243</SICI>
    <SUD>3325</SUD>
  </marketintervaldetail>
  <marketintervaldetail>
    <Data>20170919</Data>
    <Mercato>MGP</Mercato>
    <Ora>19</Ora>
    <Totale>39205</Totale>
    <CNOR>4420</CNOR>
    <CSUD>5690</CSUD>
    <NORD>22403</NORD>
    <SARD>1028</SARD>
    <SICI>2263</SICI>
    <SUD>3401</SUD>
  </marketintervaldetail>
  <marketintervaldetail>
    <Data>20170919</Data>
    <Mercato>MGP</Mercato>
    <Ora>20</Ora>
    <Totale>40967</Totale>
    <CNOR>4468</CNOR>
    <CSUD>6203</CSUD>
    <NORD>22934</NORD>
    <SARD>1121</SARD>
    <SICI>2487</SICI>
    <SUD>3754</SUD>
  </marketintervaldetail>
  <marketintervaldetail>
    <Data>20170919</Data>
    <Mercato>MGP</Mercato>
    <Ora>21</Ora>
    <Totale>41015</Totale>
    <CNOR>4297</CNOR>
    <CSUD>6269</CSUD>
    <NORD>22915</NORD>
    <SARD>1142</SARD>
    <SICI>2535</SICI>
    <SUD>3857</SUD>
  </marketintervaldetail>
  <marketintervaldetail>
    <Data>20170919</Data>
    <Mercato>MGP</Mercato>
    <Ora>22</Ora>
    <Totale>37814</Totale>
    <CNOR>4032</CNOR>
    <CSUD>5751</CSUD>
    <NORD>21191</NORD>
    <SARD>1070</SARD>
    <SICI>2299</SICI>
    <SUD>3471</SUD>
  </marketintervaldetail>
  <marketintervaldetail>
    <Data>20170919</Data>
    <Mercato>MGP</Mercato>
    <Ora>23</Ora>
    <Totale>34025</Totale>
    <CNOR>3621</CNOR>
    <CSUD>5209</CSUD>
    <NORD>18891</NORD>
    <SARD>993</SARD>
    <SICI>2122</SICI>
    <SUD>3189</SUD>
  </marketintervaldetail>
  <marketintervaldetail>
    <Data>20170919</Data>
    <Mercato>MGP</Mercato>
    <Ora>24</Ora>
    <Totale>30950</Totale>
    <CNOR>3429</CNOR>
    <CSUD>4723</CSUD>
    <NORD>17049</NORD>
    <SARD>909</SARD>
    <SICI>1968</SICI>
    <SUD>2872</SUD>
  </marketintervaldetail>
</NewDataSet>