<?xml version="1.0" standalone="yes"?>
<NewDataSet>
  <xs:schema id="NewDataSet" xmlns="" xmlns:xs="http://www.w3.org/2001/XMLSchema" xmlns:msdata="urn:schemas-microsoft-com:xml-msdata">
    <xs:element name="NewDataSet" msdata:IsDataSet="true" msdata:UseCurrentLocale="true">
      <xs:complexType>
        <xs:choice minOccurs="0" maxOccurs="unbounded">
          <xs:element name="Prezzi">
            <xs:complexType>
              <xs:sequence>
                <xs:element name="Data" type="xs:string" minOccurs="0" />
                <xs:element name="Mercato" type="xs:string" minOccurs="0" />
                <xs:element name="Ora" type="xs:string" minOccurs="0" />
                <xs:element name="PUN" type="xs:string" minOccurs="0" />
                <xs:element name="NAT" type="xs:string" minOccurs="0" />
                <xs:element name="CNOR" type="xs:string" minOccurs="0" />
                <xs:element name="CSUD" type="xs:string" minOccurs="0" />
                <xs:element name="NORD" type="xs:string" minOccurs="0" />
                <xs:element name="SARD" type="xs:string" minOccurs="0" />
                <xs:element name="SICI" type="xs:string" minOccurs="0" />
                <xs:element name="SUD" type="xs:string" minOccurs="0" />
                <xs:element name="AUST" type="xs:string" minOccurs="0" />
                <xs:element name="BRNN" type="xs:string" minOccurs="0" />
                <xs:element name="COAC" type="xs:string" minOccurs="0" />
                <xs:element name="CORS" type="xs:string" minOccurs="0" />
                <xs:element name="FOGN" type="xs:string" minOccurs="0" />
                <xs:element name="FRAN" type="xs:string" minOccurs="0" />
                <xs:element name="GREC" type="xs:string" minOccurs="0" />
                <xs:element name="MFTV" type="xs:string" minOccurs="0" />
                <xs:element name="PRGP" type="xs:string" minOccurs="0" />
                <xs:element name="ROSN" type="xs:string" minOccurs="0" />
                <xs:element name="SLOV" type="xs:string" minOccurs="0" />
                <xs:element name="SVIZ" type="xs:string" minOccurs="0" />
                <xs:element name="BSP" type="xs:string" minOccurs="0" />
              </xs:sequence>
            </xs:complexType>
          </xs:element>
        </xs:choice>
      </xs:complexType>
    </xs:element>
  </xs:schema>
  <Prezzi>
    <Data>20140904</Data>
    <Mercato>MGP</Mercato>
    <Ora>1</Ora>
    <PUN>51,780471</PUN>
    <NAT>48,760000</NAT>
    <CNOR>48,860000</CNOR>
    <CSUD>48,860000</CSUD>
    <NORD>48,860000</NORD>
    <SARD>48,860000</SARD>
    <SICI>90,000000</SICI>
    <SUD>48,860000</SUD>
    <AUST>48,860000</AUST>
    <BRNN>48,860000</BRNN>
    <COAC>48,860000</COAC>
    <CORS>48,860000</CORS>
    <FOGN>48,860000</FOGN>
    <FRAN>48,860000</FRAN>
    <GREC>48,860000</GREC>
    <MFTV>48,860000</MFTV>
    <PRGP>90,000000</PRGP>
    <ROSN>48,860000</ROSN>
    <SLOV>48,860000</SLOV>
    <SVIZ>48,860000</SVIZ>
    <BSP>29,880000</BSP>
  </Prezzi>
  <Prezzi>
    <Data>20140904</Data>
    <Mercato>MGP</Mercato>
    <Ora>2</Ora>
    <PUN>50,233863</PUN>
    <NAT>47,970000</NAT>
    <CNOR>48,000000</CNOR>
    <CSUD>48,000000</CSUD>
    <NORD>48,000000</NORD>
    <SARD>48,000000</SARD>
    <SICI>79,290000</SICI>
    <SUD>48,000000</SUD>
    <AUST>48,000000</AUST>
    <BRNN>48,000000</BRNN>
    <COAC>48,000000</COAC>
    <CORS>48,000000</CORS>
    <FOGN>48,000000</FOGN>
    <FRAN>48,000000</FRAN>
    <GREC>48,000000</GREC>
    <MFTV>48,000000</MFTV>
    <PRGP>79,290000</PRGP>
    <ROSN>48,000000</ROSN>
    <SLOV>48,000000</SLOV>
    <SVIZ>48,000000</SVIZ>
    <BSP>24,410000</BSP>
  </Prezzi>
  <Prezzi>
    <Data>20140904</Data>
    <Mercato>MGP</Mercato>
    <Ora>3</Ora>
    <PUN>49,323738</PUN>
    <NAT>47,250000</NAT>
    <CNOR>48,000000</CNOR>
    <CSUD>48,000000</CSUD>
    <NORD>48,000000</NORD>
    <SARD>48,000000</SARD>
    <SICI>67,900000</SICI>
    <SUD>48,000000</SUD>
    <AUST>48,000000</AUST>
    <BRNN>48,000000</BRNN>
    <COAC>48,000000</COAC>
    <CORS>48,000000</CORS>
    <FOGN>48,000000</FOGN>
    <FRAN>48,000000</FRAN>
    <GREC>48,000000</GREC>
    <MFTV>48,000000</MFTV>
    <PRGP>67,900000</PRGP>
    <ROSN>48,000000</ROSN>
    <SLOV>48,000000</SLOV>
    <SVIZ>48,000000</SVIZ>
    <BSP>22,100000</BSP>
  </Prezzi>
  <Prezzi>
    <Data>20140904</Data>
    <Mercato>MGP</Mercato>
    <Ora>4</Ora>
    <PUN>43,830579</PUN>
    <NAT>43,250000</NAT>
    <CNOR>43,590000</CNOR>
    <CSUD>43,590000</CSUD>
    <NORD>43,590000</NORD>
    <SARD>43,590000</SARD>
    <SICI>47,210000</SICI>
    <SUD>43,590000</SUD>
    <AUST>43,590000</AUST>
    <BRNN>43,590000</BRNN>
    <COAC>43,590000</COAC>
    <CORS>43,590000</CORS>
    <FOGN>43,590000</FOGN>
    <FRAN>43,590000</FRAN>
    <GREC>43,590000</GREC>
    <MFTV>43,590000</MFTV>
    <PRGP>47,210000</PRGP>
    <ROSN>43,590000</ROSN>
    <SLOV>43,590000</SLOV>
    <SVIZ>43,590000</SVIZ>
    <BSP>20,520000</BSP>
  </Prezzi>
  <Prezzi>
    <Data>20140904</Data>
    <Mercato>MGP</Mercato>
    <Ora>5</Ora>
    <PUN>46,066294</PUN>
    <NAT>44,990000</NAT>
    <CNOR>46,000000</CNOR>
    <CSUD>46,000000</CSUD>
    <NORD>46,000000</NORD>
    <SARD>46,000000</SARD>
    <SICI>47,010000</SICI>
    <SUD>46,000000</SUD>
    <AUST>46,000000</AUST>
    <BRNN>46,000000</BRNN>
    <COAC>46,000000</COAC>
    <CORS>46,000000</CORS>
    <FOGN>46,000000</FOGN>
    <FRAN>46,000000</FRAN>
    <GREC>46,000000</GREC>
    <MFTV>46,000000</MFTV>
    <PRGP>47,010000</PRGP>
    <ROSN>46,000000</ROSN>
    <SLOV>46,000000</SLOV>
    <SVIZ>46,000000</SVIZ>
    <BSP>20,930000</BSP>
  </Prezzi>
  <Prezzi>
    <Data>20140904</Data>
    <Mercato>MGP</Mercato>
    <Ora>6</Ora>
    <PUN>48,203659</PUN>
    <NAT>48,000000</NAT>
    <CNOR>48,010000</CNOR>
    <CSUD>48,010000</CSUD>
    <NORD>48,010000</NORD>
    <SARD>48,010000</SARD>
    <SICI>51,000000</SICI>
    <SUD>48,010000</SUD>
    <AUST>48,010000</AUST>
    <BRNN>48,010000</BRNN>
    <COAC>48,010000</COAC>
    <CORS>48,010000</CORS>
    <FOGN>48,010000</FOGN>
    <FRAN>48,010000</FRAN>
    <GREC>48,010000</GREC>
    <MFTV>48,010000</MFTV>
    <PRGP>51,000000</PRGP>
    <ROSN>48,010000</ROSN>
    <SLOV>48,010000</SLOV>
    <SVIZ>48,010000</SVIZ>
    <BSP>29,190000</BSP>
  </Prezzi>
  <Prezzi>
    <Data>20140904</Data>
    <Mercato>MGP</Mercato>
    <Ora>7</Ora>
    <PUN>54,475549</PUN>
    <NAT>52,910000</NAT>
    <CNOR>53,610000</CNOR>
    <CSUD>53,610000</CSUD>
    <NORD>53,610000</NORD>
    <SARD>53,610000</SARD>
    <SICI>67,900000</SICI>
    <SUD>53,610000</SUD>
    <AUST>53,610000</AUST>
    <BRNN>53,610000</BRNN>
    <COAC>53,610000</COAC>
    <CORS>53,610000</CORS>
    <FOGN>53,610000</FOGN>
    <FRAN>53,610000</FRAN>
    <GREC>53,610000</GREC>
    <MFTV>53,610000</MFTV>
    <PRGP>67,900000</PRGP>
    <ROSN>53,610000</ROSN>
    <SLOV>53,610000</SLOV>
    <SVIZ>53,610000</SVIZ>
    <BSP>40,100000</BSP>
  </Prezzi>
  <Prezzi>
    <Data>20140904</Data>
    <Mercato>MGP</Mercato>
    <Ora>8</Ora>
    <PUN>59,402090</PUN>
    <NAT>57,190000</NAT>
    <CNOR>57,200000</CNOR>
    <CSUD>57,200000</CSUD>
    <NORD>57,200000</NORD>
    <SARD>57,200000</SARD>
    <SICI>95,000000</SICI>
    <SUD>57,200000</SUD>
    <AUST>57,200000</AUST>
    <BRNN>57,200000</BRNN>
    <COAC>57,200000</COAC>
    <CORS>57,200000</CORS>
    <FOGN>57,200000</FOGN>
    <FRAN>57,200000</FRAN>
    <GREC>57,200000</GREC>
    <MFTV>57,200000</MFTV>
    <PRGP>95,000000</PRGP>
    <ROSN>57,200000</ROSN>
    <SLOV>57,200000</SLOV>
    <SVIZ>57,200000</SVIZ>
    <BSP>46,380000</BSP>
  </Prezzi>
  <Prezzi>
    <Data>20140904</Data>
    <Mercato>MGP</Mercato>
    <Ora>9</Ora>
    <PUN>74,130000</PUN>
    <NAT>72,740000</NAT>
    <CNOR>71,222548</CNOR>
    <CSUD>71,222548</CSUD>
    <NORD>71,222548</NORD>
    <SARD>71,222548</SARD>
    <SICI>122,710000</SICI>
    <SUD>71,222548</SUD>
    <AUST>71,222548</AUST>
    <BRNN>71,222548</BRNN>
    <COAC>71,222548</COAC>
    <CORS>71,222548</CORS>
    <FOGN>71,222548</FOGN>
    <FRAN>71,222548</FRAN>
    <GREC>71,222548</GREC>
    <MFTV>71,222548</MFTV>
    <PRGP>122,710000</PRGP>
    <ROSN>71,222548</ROSN>
    <SLOV>71,222548</SLOV>
    <SVIZ>71,222548</SVIZ>
    <BSP>53,620000</BSP>
  </Prezzi>
  <Prezzi>
    <Data>20140904</Data>
    <Mercato>MGP</Mercato>
    <Ora>10</Ora>
    <PUN>69,750000</PUN>
    <NAT>68,000000</NAT>
    <CNOR>66,509473</CNOR>
    <CSUD>66,509473</CSUD>
    <NORD>66,509473</NORD>
    <SARD>66,509473</SARD>
    <SICI>122,710000</SICI>
    <SUD>66,509473</SUD>
    <AUST>66,509473</AUST>
    <BRNN>66,509473</BRNN>
    <COAC>66,509473</COAC>
    <CORS>66,509473</CORS>
    <FOGN>66,509473</FOGN>
    <FRAN>66,509473</FRAN>
    <GREC>66,509473</GREC>
    <MFTV>66,509473</MFTV>
    <PRGP>122,710000</PRGP>
    <ROSN>66,509473</ROSN>
    <SLOV>66,509473</SLOV>
    <SVIZ>66,509473</SVIZ>
    <BSP>51,990000</BSP>
  </Prezzi>
  <Prezzi>
    <Data>20140904</Data>
    <Mercato>MGP</Mercato>
    <Ora>11</Ora>
    <PUN>61,306374</PUN>
    <NAT>59,850000</NAT>
    <CNOR>57,990000</CNOR>
    <CSUD>57,990000</CSUD>
    <NORD>57,990000</NORD>
    <SARD>57,990000</SARD>
    <SICI>115,000000</SICI>
    <SUD>57,990000</SUD>
    <AUST>57,990000</AUST>
    <BRNN>57,990000</BRNN>
    <COAC>57,990000</COAC>
    <CORS>57,990000</CORS>
    <FOGN>57,990000</FOGN>
    <FRAN>57,990000</FRAN>
    <GREC>57,990000</GREC>
    <MFTV>57,990000</MFTV>
    <PRGP>115,000000</PRGP>
    <ROSN>57,990000</ROSN>
    <SLOV>57,990000</SLOV>
    <SVIZ>57,990000</SVIZ>
    <BSP>53,110000</BSP>
  </Prezzi>
  <Prezzi>
    <Data>20140904</Data>
    <Mercato>MGP</Mercato>
    <Ora>12</Ora>
    <PUN>57,859319</PUN>
    <NAT>56,500000</NAT>
    <CNOR>55,060000</CNOR>
    <CSUD>55,060000</CSUD>
    <NORD>55,060000</NORD>
    <SARD>55,060000</SARD>
    <SICI>102,900000</SICI>
    <SUD>55,060000</SUD>
    <AUST>55,060000</AUST>
    <BRNN>55,060000</BRNN>
    <COAC>55,060000</COAC>
    <CORS>55,060000</CORS>
    <FOGN>55,060000</FOGN>
    <FRAN>55,060000</FRAN>
    <GREC>55,060000</GREC>
    <MFTV>55,060000</MFTV>
    <PRGP>102,900000</PRGP>
    <ROSN>55,060000</ROSN>
    <SLOV>55,060000</SLOV>
    <SVIZ>55,060000</SVIZ>
    <BSP>53,880000</BSP>
  </Prezzi>
  <Prezzi>
    <Data>20140904</Data>
    <Mercato>MGP</Mercato>
    <Ora>13</Ora>
    <PUN>55,049558</PUN>
    <NAT>54,250000</NAT>
    <CNOR>53,450000</CNOR>
    <CSUD>53,450000</CSUD>
    <NORD>53,450000</NORD>
    <SARD>53,450000</SARD>
    <SICI>78,900000</SICI>
    <SUD>53,450000</SUD>
    <AUST>53,450000</AUST>
    <BRNN>53,450000</BRNN>
    <COAC>53,450000</COAC>
    <CORS>53,450000</CORS>
    <FOGN>53,450000</FOGN>
    <FRAN>53,450000</FRAN>
    <GREC>53,450000</GREC>
    <MFTV>53,450000</MFTV>
    <PRGP>78,900000</PRGP>
    <ROSN>53,450000</ROSN>
    <SLOV>53,450000</SLOV>
    <SVIZ>53,450000</SVIZ>
    <BSP>53,020000</BSP>
  </Prezzi>
  <Prezzi>
    <Data>20140904</Data>
    <Mercato>MGP</Mercato>
    <Ora>14</Ora>
    <PUN>55,000000</PUN>
    <NAT>54,250000</NAT>
    <CNOR>55,000000</CNOR>
    <CSUD>55,000000</CSUD>
    <NORD>55,000000</NORD>
    <SARD>55,000000</SARD>
    <SICI>55,000000</SICI>
    <SUD>55,000000</SUD>
    <AUST>55,000000</AUST>
    <BRNN>55,000000</BRNN>
    <COAC>55,000000</COAC>
    <CORS>55,000000</CORS>
    <FOGN>55,000000</FOGN>
    <FRAN>55,000000</FRAN>
    <GREC>55,000000</GREC>
    <MFTV>55,000000</MFTV>
    <PRGP>55,000000</PRGP>
    <ROSN>55,000000</ROSN>
    <SLOV>55,000000</SLOV>
    <SVIZ>55,000000</SVIZ>
    <BSP>53,000000</BSP>
  </Prezzi>
  <Prezzi>
    <Data>20140904</Data>
    <Mercato>MGP</Mercato>
    <Ora>15</Ora>
    <PUN>57,190000</PUN>
    <NAT>56,000000</NAT>
    <CNOR>57,190000</CNOR>
    <CSUD>57,190000</CSUD>
    <NORD>57,190000</NORD>
    <SARD>57,190000</SARD>
    <SICI>57,190000</SICI>
    <SUD>57,190000</SUD>
    <AUST>57,190000</AUST>
    <BRNN>57,190000</BRNN>
    <COAC>57,190000</COAC>
    <CORS>57,190000</CORS>
    <FOGN>57,190000</FOGN>
    <FRAN>57,190000</FRAN>
    <GREC>57,190000</GREC>
    <MFTV>57,190000</MFTV>
    <PRGP>57,190000</PRGP>
    <ROSN>57,190000</ROSN>
    <SLOV>57,190000</SLOV>
    <SVIZ>57,190000</SVIZ>
    <BSP>52,500000</BSP>
  </Prezzi>
  <Prezzi>
    <Data>20140904</Data>
    <Mercato>MGP</Mercato>
    <Ora>16</Ora>
    <PUN>58,460854</PUN>
    <NAT>57,200000</NAT>
    <CNOR>57,210000</CNOR>
    <CSUD>57,210000</CSUD>
    <NORD>57,210000</NORD>
    <SARD>57,210000</SARD>
    <SICI>78,900000</SICI>
    <SUD>57,210000</SUD>
    <AUST>57,210000</AUST>
    <BRNN>57,210000</BRNN>
    <COAC>57,210000</COAC>
    <CORS>57,210000</CORS>
    <FOGN>57,210000</FOGN>
    <FRAN>57,210000</FRAN>
    <GREC>57,210000</GREC>
    <MFTV>57,210000</MFTV>
    <PRGP>78,900000</PRGP>
    <ROSN>57,210000</ROSN>
    <SLOV>57,210000</SLOV>
    <SVIZ>57,210000</SVIZ>
    <BSP>51,000000</BSP>
  </Prezzi>
  <Prezzi>
    <Data>20140904</Data>
    <Mercato>MGP</Mercato>
    <Ora>17</Ora>
    <PUN>60,172997</PUN>
    <NAT>59,850000</NAT>
    <CNOR>58,000000</CNOR>
    <CSUD>58,000000</CSUD>
    <NORD>58,000000</NORD>
    <SARD>58,000000</SARD>
    <SICI>95,000000</SICI>
    <SUD>58,000000</SUD>
    <AUST>58,000000</AUST>
    <BRNN>58,000000</BRNN>
    <COAC>58,000000</COAC>
    <CORS>58,000000</CORS>
    <FOGN>58,000000</FOGN>
    <FRAN>58,000000</FRAN>
    <GREC>58,000000</GREC>
    <MFTV>58,000000</MFTV>
    <PRGP>95,000000</PRGP>
    <ROSN>58,000000</ROSN>
    <SLOV>58,000000</SLOV>
    <SVIZ>58,000000</SVIZ>
    <BSP>53,230000</BSP>
  </Prezzi>
  <Prezzi>
    <Data>20140904</Data>
    <Mercato>MGP</Mercato>
    <Ora>18</Ora>
    <PUN>59,505021</PUN>
    <NAT>57,990000</NAT>
    <CNOR>57,210000</CNOR>
    <CSUD>57,210000</CSUD>
    <NORD>57,210000</NORD>
    <SARD>57,210000</SARD>
    <SICI>95,010000</SICI>
    <SUD>57,210000</SUD>
    <AUST>57,210000</AUST>
    <BRNN>57,210000</BRNN>
    <COAC>57,210000</COAC>
    <CORS>57,210000</CORS>
    <FOGN>57,210000</FOGN>
    <FRAN>57,210000</FRAN>
    <GREC>57,210000</GREC>
    <MFTV>57,210000</MFTV>
    <PRGP>95,010000</PRGP>
    <ROSN>57,210000</ROSN>
    <SLOV>57,210000</SLOV>
    <SVIZ>57,210000</SVIZ>
    <BSP>51,290000</BSP>
  </Prezzi>
  <Prezzi>
    <Data>20140904</Data>
    <Mercato>MGP</Mercato>
    <Ora>19</Ora>
    <PUN>61,527903</PUN>
    <NAT>57,990000</NAT>
    <CNOR>56,610000</CNOR>
    <CSUD>56,610000</CSUD>
    <NORD>56,610000</NORD>
    <SARD>56,610000</SARD>
    <SICI>135,010000</SICI>
    <SUD>56,610000</SUD>
    <AUST>56,610000</AUST>
    <BRNN>56,610000</BRNN>
    <COAC>56,610000</COAC>
    <CORS>56,610000</CORS>
    <FOGN>56,610000</FOGN>
    <FRAN>56,610000</FRAN>
    <GREC>56,610000</GREC>
    <MFTV>56,610000</MFTV>
    <PRGP>135,010000</PRGP>
    <ROSN>56,610000</ROSN>
    <SLOV>56,610000</SLOV>
    <SVIZ>56,610000</SVIZ>
    <BSP>51,000000</BSP>
  </Prezzi>
  <Prezzi>
    <Data>20140904</Data>
    <Mercato>MGP</Mercato>
    <Ora>20</Ora>
    <PUN>68,075065</PUN>
    <NAT>68,250000</NAT>
    <CNOR>63,400000</CNOR>
    <CSUD>63,400000</CSUD>
    <NORD>63,400000</NORD>
    <SARD>63,400000</SARD>
    <SICI>135,040000</SICI>
    <SUD>63,400000</SUD>
    <AUST>63,400000</AUST>
    <BRNN>63,400000</BRNN>
    <COAC>63,400000</COAC>
    <CORS>63,400000</CORS>
    <FOGN>63,400000</FOGN>
    <FRAN>63,400000</FRAN>
    <GREC>63,400000</GREC>
    <MFTV>63,400000</MFTV>
    <PRGP>135,040000</PRGP>
    <ROSN>63,400000</ROSN>
    <SLOV>63,400000</SLOV>
    <SVIZ>63,400000</SVIZ>
    <BSP>53,210000</BSP>
  </Prezzi>
  <Prezzi>
    <Data>20140904</Data>
    <Mercato>MGP</Mercato>
    <Ora>21</Ora>
    <PUN>83,495865</PUN>
    <NAT>83,100000</NAT>
    <CNOR>79,860000</CNOR>
    <CSUD>79,860000</CSUD>
    <NORD>79,860000</NORD>
    <SARD>79,860000</SARD>
    <SICI>135,040000</SICI>
    <SUD>79,860000</SUD>
    <AUST>79,860000</AUST>
    <BRNN>79,860000</BRNN>
    <COAC>79,860000</COAC>
    <CORS>79,860000</CORS>
    <FOGN>79,860000</FOGN>
    <FRAN>79,860000</FRAN>
    <GREC>79,860000</GREC>
    <MFTV>79,860000</MFTV>
    <PRGP>135,040000</PRGP>
    <ROSN>79,860000</ROSN>
    <SLOV>79,860000</SLOV>
    <SVIZ>79,860000</SVIZ>
    <BSP>79,860000</BSP>
  </Prezzi>
  <Prezzi>
    <Data>20140904</Data>
    <Mercato>MGP</Mercato>
    <Ora>22</Ora>
    <PUN>62,453883</PUN>
    <NAT>59,400000</NAT>
    <CNOR>57,360000</CNOR>
    <CSUD>57,360000</CSUD>
    <NORD>57,360000</NORD>
    <SARD>57,360000</SARD>
    <SICI>135,040000</SICI>
    <SUD>57,360000</SUD>
    <AUST>57,360000</AUST>
    <BRNN>57,360000</BRNN>
    <COAC>57,360000</COAC>
    <CORS>57,360000</CORS>
    <FOGN>57,360000</FOGN>
    <FRAN>57,360000</FRAN>
    <GREC>57,360000</GREC>
    <MFTV>57,360000</MFTV>
    <PRGP>135,040000</PRGP>
    <ROSN>57,360000</ROSN>
    <SLOV>57,360000</SLOV>
    <SVIZ>57,360000</SVIZ>
    <BSP>50,860000</BSP>
  </Prezzi>
  <Prezzi>
    <Data>20140904</Data>
    <Mercato>MGP</Mercato>
    <Ora>23</Ora>
    <PUN>54,668094</PUN>
    <NAT>51,520000</NAT>
    <CNOR>51,000000</CNOR>
    <CSUD>51,000000</CSUD>
    <NORD>51,000000</NORD>
    <SARD>51,000000</SARD>
    <SICI>105,040000</SICI>
    <SUD>51,000000</SUD>
    <AUST>51,000000</AUST>
    <BRNN>51,000000</BRNN>
    <COAC>51,000000</COAC>
    <CORS>51,000000</CORS>
    <FOGN>51,000000</FOGN>
    <FRAN>51,000000</FRAN>
    <GREC>51,000000</GREC>
    <MFTV>51,000000</MFTV>
    <PRGP>105,040000</PRGP>
    <ROSN>51,000000</ROSN>
    <SLOV>51,000000</SLOV>
    <SVIZ>51,000000</SVIZ>
    <BSP>41,640000</BSP>
  </Prezzi>
  <Prezzi>
    <Data>20140904</Data>
    <Mercato>MGP</Mercato>
    <Ora>24</Ora>
    <PUN>52,425110</PUN>
    <NAT>49,440000</NAT>
    <CNOR>49,340000</CNOR>
    <CSUD>49,340000</CSUD>
    <NORD>49,340000</NORD>
    <SARD>49,340000</SARD>
    <SICI>95,010000</SICI>
    <SUD>49,340000</SUD>
    <AUST>49,340000</AUST>
    <BRNN>49,340000</BRNN>
    <COAC>49,340000</COAC>
    <CORS>49,340000</CORS>
    <FOGN>49,340000</FOGN>
    <FRAN>49,340000</FRAN>
    <GREC>49,340000</GREC>
    <MFTV>49,340000</MFTV>
    <PRGP>95,010000</PRGP>
    <ROSN>49,340000</ROSN>
    <SLOV>49,340000</SLOV>
    <SVIZ>49,340000</SVIZ>
    <BSP>34,250000</BSP>
  </Prezzi>
</NewDataSet>