<?xml version="1.0" standalone="yes"?>
<NewDataSet>
  <xs:schema id="NewDataSet" xmlns="" xmlns:xs="http://www.w3.org/2001/XMLSchema" xmlns:msdata="urn:schemas-microsoft-com:xml-msdata">
    <xs:element name="NewDataSet" msdata:IsDataSet="true" msdata:UseCurrentLocale="true">
      <xs:complexType>
        <xs:choice minOccurs="0" maxOccurs="unbounded">
          <xs:element name="Prezzi">
            <xs:complexType>
              <xs:sequence>
                <xs:element name="Data" type="xs:string" minOccurs="0" />
                <xs:element name="Mercato" type="xs:string" minOccurs="0" />
                <xs:element name="Ora" type="xs:string" minOccurs="0" />
                <xs:element name="PUN" type="xs:string" minOccurs="0" />
                <xs:element name="NAT" type="xs:string" minOccurs="0" />
                <xs:element name="CNOR" type="xs:string" minOccurs="0" />
                <xs:element name="CSUD" type="xs:string" minOccurs="0" />
                <xs:element name="NORD" type="xs:string" minOccurs="0" />
                <xs:element name="SARD" type="xs:string" minOccurs="0" />
                <xs:element name="SICI" type="xs:string" minOccurs="0" />
                <xs:element name="SUD" type="xs:string" minOccurs="0" />
                <xs:element name="AUST" type="xs:string" minOccurs="0" />
                <xs:element name="BRNN" type="xs:string" minOccurs="0" />
                <xs:element name="COAC" type="xs:string" minOccurs="0" />
                <xs:element name="CORS" type="xs:string" minOccurs="0" />
                <xs:element name="FOGN" type="xs:string" minOccurs="0" />
                <xs:element name="FRAN" type="xs:string" minOccurs="0" />
                <xs:element name="GREC" type="xs:string" minOccurs="0" />
                <xs:element name="MFTV" type="xs:string" minOccurs="0" />
                <xs:element name="PRGP" type="xs:string" minOccurs="0" />
                <xs:element name="ROSN" type="xs:string" minOccurs="0" />
                <xs:element name="SLOV" type="xs:string" minOccurs="0" />
                <xs:element name="SVIZ" type="xs:string" minOccurs="0" />
                <xs:element name="BSP" type="xs:string" minOccurs="0" />
              </xs:sequence>
            </xs:complexType>
          </xs:element>
        </xs:choice>
      </xs:complexType>
    </xs:element>
  </xs:schema>
  <Prezzi>
    <Data>20140902</Data>
    <Mercato>MGP</Mercato>
    <Ora>1</Ora>
    <PUN>48,760000</PUN>
    <NAT>48,400000</NAT>
    <CNOR>48,760000</CNOR>
    <CSUD>48,760000</CSUD>
    <NORD>48,760000</NORD>
    <SARD>48,760000</SARD>
    <SICI>48,760000</SICI>
    <SUD>48,760000</SUD>
    <AUST>48,760000</AUST>
    <BRNN>48,760000</BRNN>
    <COAC>48,760000</COAC>
    <CORS>48,760000</CORS>
    <FOGN>48,760000</FOGN>
    <FRAN>48,760000</FRAN>
    <GREC>48,760000</GREC>
    <MFTV>48,760000</MFTV>
    <PRGP>48,760000</PRGP>
    <ROSN>48,760000</ROSN>
    <SLOV>48,760000</SLOV>
    <SVIZ>48,760000</SVIZ>
    <BSP>35,000000</BSP>
  </Prezzi>
  <Prezzi>
    <Data>20140902</Data>
    <Mercato>MGP</Mercato>
    <Ora>2</Ora>
    <PUN>47,010000</PUN>
    <NAT>46,510000</NAT>
    <CNOR>47,010000</CNOR>
    <CSUD>47,010000</CSUD>
    <NORD>47,010000</NORD>
    <SARD>47,010000</SARD>
    <SICI>47,010000</SICI>
    <SUD>47,010000</SUD>
    <AUST>47,010000</AUST>
    <BRNN>47,010000</BRNN>
    <COAC>47,010000</COAC>
    <CORS>47,010000</CORS>
    <FOGN>47,010000</FOGN>
    <FRAN>47,010000</FRAN>
    <GREC>47,010000</GREC>
    <MFTV>47,010000</MFTV>
    <PRGP>47,010000</PRGP>
    <ROSN>47,010000</ROSN>
    <SLOV>47,010000</SLOV>
    <SVIZ>47,010000</SVIZ>
    <BSP>31,360000</BSP>
  </Prezzi>
  <Prezzi>
    <Data>20140902</Data>
    <Mercato>MGP</Mercato>
    <Ora>3</Ora>
    <PUN>43,279744</PUN>
    <NAT>42,990000</NAT>
    <CNOR>42,990000</CNOR>
    <CSUD>42,990000</CSUD>
    <NORD>42,990000</NORD>
    <SARD>42,990000</SARD>
    <SICI>46,990000</SICI>
    <SUD>42,990000</SUD>
    <AUST>42,990000</AUST>
    <BRNN>42,990000</BRNN>
    <COAC>42,990000</COAC>
    <CORS>42,990000</CORS>
    <FOGN>42,990000</FOGN>
    <FRAN>42,990000</FRAN>
    <GREC>42,990000</GREC>
    <MFTV>42,990000</MFTV>
    <PRGP>46,990000</PRGP>
    <ROSN>42,990000</ROSN>
    <SLOV>42,990000</SLOV>
    <SVIZ>42,990000</SVIZ>
    <BSP>27,960000</BSP>
  </Prezzi>
  <Prezzi>
    <Data>20140902</Data>
    <Mercato>MGP</Mercato>
    <Ora>4</Ora>
    <PUN>41,340000</PUN>
    <NAT>40,900000</NAT>
    <CNOR>41,340000</CNOR>
    <CSUD>41,340000</CSUD>
    <NORD>41,340000</NORD>
    <SARD>41,340000</SARD>
    <SICI>41,340000</SICI>
    <SUD>41,340000</SUD>
    <AUST>41,340000</AUST>
    <BRNN>41,340000</BRNN>
    <COAC>41,340000</COAC>
    <CORS>41,340000</CORS>
    <FOGN>41,340000</FOGN>
    <FRAN>41,340000</FRAN>
    <GREC>41,340000</GREC>
    <MFTV>41,340000</MFTV>
    <PRGP>41,340000</PRGP>
    <ROSN>41,340000</ROSN>
    <SLOV>41,340000</SLOV>
    <SVIZ>41,340000</SVIZ>
    <BSP>25,680000</BSP>
  </Prezzi>
  <Prezzi>
    <Data>20140902</Data>
    <Mercato>MGP</Mercato>
    <Ora>5</Ora>
    <PUN>41,340000</PUN>
    <NAT>41,000000</NAT>
    <CNOR>41,340000</CNOR>
    <CSUD>41,340000</CSUD>
    <NORD>41,340000</NORD>
    <SARD>41,340000</SARD>
    <SICI>41,340000</SICI>
    <SUD>41,340000</SUD>
    <AUST>41,340000</AUST>
    <BRNN>41,340000</BRNN>
    <COAC>41,340000</COAC>
    <CORS>41,340000</CORS>
    <FOGN>41,340000</FOGN>
    <FRAN>41,340000</FRAN>
    <GREC>41,340000</GREC>
    <MFTV>41,340000</MFTV>
    <PRGP>41,340000</PRGP>
    <ROSN>41,340000</ROSN>
    <SLOV>41,340000</SLOV>
    <SVIZ>41,340000</SVIZ>
    <BSP>28,920000</BSP>
  </Prezzi>
  <Prezzi>
    <Data>20140902</Data>
    <Mercato>MGP</Mercato>
    <Ora>6</Ora>
    <PUN>43,070000</PUN>
    <NAT>42,990000</NAT>
    <CNOR>43,070000</CNOR>
    <CSUD>43,070000</CSUD>
    <NORD>43,070000</NORD>
    <SARD>43,070000</SARD>
    <SICI>43,070000</SICI>
    <SUD>43,070000</SUD>
    <AUST>43,070000</AUST>
    <BRNN>43,070000</BRNN>
    <COAC>43,070000</COAC>
    <CORS>43,070000</CORS>
    <FOGN>43,070000</FOGN>
    <FRAN>43,070000</FRAN>
    <GREC>43,070000</GREC>
    <MFTV>43,070000</MFTV>
    <PRGP>43,070000</PRGP>
    <ROSN>43,070000</ROSN>
    <SLOV>43,070000</SLOV>
    <SVIZ>43,070000</SVIZ>
    <BSP>35,340000</BSP>
  </Prezzi>
  <Prezzi>
    <Data>20140902</Data>
    <Mercato>MGP</Mercato>
    <Ora>7</Ora>
    <PUN>49,818008</PUN>
    <NAT>49,960000</NAT>
    <CNOR>50,000000</CNOR>
    <CSUD>50,000000</CSUD>
    <NORD>50,000000</NORD>
    <SARD>50,000000</SARD>
    <SICI>47,010000</SICI>
    <SUD>50,000000</SUD>
    <AUST>50,000000</AUST>
    <BRNN>50,000000</BRNN>
    <COAC>50,000000</COAC>
    <CORS>50,000000</CORS>
    <FOGN>50,000000</FOGN>
    <FRAN>50,000000</FRAN>
    <GREC>50,000000</GREC>
    <MFTV>50,000000</MFTV>
    <PRGP>47,010000</PRGP>
    <ROSN>50,000000</ROSN>
    <SLOV>50,000000</SLOV>
    <SVIZ>50,000000</SVIZ>
    <BSP>43,310000</BSP>
  </Prezzi>
  <Prezzi>
    <Data>20140902</Data>
    <Mercato>MGP</Mercato>
    <Ora>8</Ora>
    <PUN>51,000000</PUN>
    <NAT>50,750000</NAT>
    <CNOR>51,000000</CNOR>
    <CSUD>51,000000</CSUD>
    <NORD>51,000000</NORD>
    <SARD>51,000000</SARD>
    <SICI>51,000000</SICI>
    <SUD>51,000000</SUD>
    <AUST>51,000000</AUST>
    <BRNN>51,000000</BRNN>
    <COAC>51,000000</COAC>
    <CORS>51,000000</CORS>
    <FOGN>51,000000</FOGN>
    <FRAN>51,000000</FRAN>
    <GREC>51,000000</GREC>
    <MFTV>51,000000</MFTV>
    <PRGP>51,000000</PRGP>
    <ROSN>51,000000</ROSN>
    <SLOV>51,000000</SLOV>
    <SVIZ>51,000000</SVIZ>
    <BSP>47,530000</BSP>
  </Prezzi>
  <Prezzi>
    <Data>20140902</Data>
    <Mercato>MGP</Mercato>
    <Ora>9</Ora>
    <PUN>62,000000</PUN>
    <NAT>62,060000</NAT>
    <CNOR>62,506888</CNOR>
    <CSUD>62,506888</CSUD>
    <NORD>62,506888</NORD>
    <SARD>62,506888</SARD>
    <SICI>53,780000</SICI>
    <SUD>62,506888</SUD>
    <AUST>62,506888</AUST>
    <BRNN>62,506888</BRNN>
    <COAC>62,506888</COAC>
    <CORS>62,506888</CORS>
    <FOGN>62,506888</FOGN>
    <FRAN>62,506888</FRAN>
    <GREC>62,506888</GREC>
    <MFTV>62,506888</MFTV>
    <PRGP>53,780000</PRGP>
    <ROSN>53,780000</ROSN>
    <SLOV>62,506888</SLOV>
    <SVIZ>62,506888</SVIZ>
    <BSP>57,460000</BSP>
  </Prezzi>
  <Prezzi>
    <Data>20140902</Data>
    <Mercato>MGP</Mercato>
    <Ora>10</Ora>
    <PUN>56,846806</PUN>
    <NAT>56,990000</NAT>
    <CNOR>57,040000</CNOR>
    <CSUD>57,040000</CSUD>
    <NORD>57,040000</NORD>
    <SARD>57,040000</SARD>
    <SICI>53,780000</SICI>
    <SUD>57,040000</SUD>
    <AUST>57,040000</AUST>
    <BRNN>57,040000</BRNN>
    <COAC>57,040000</COAC>
    <CORS>57,040000</CORS>
    <FOGN>57,040000</FOGN>
    <FRAN>57,040000</FRAN>
    <GREC>57,040000</GREC>
    <MFTV>57,040000</MFTV>
    <PRGP>53,780000</PRGP>
    <ROSN>53,780000</ROSN>
    <SLOV>57,040000</SLOV>
    <SVIZ>57,040000</SVIZ>
    <BSP>55,650000</BSP>
  </Prezzi>
  <Prezzi>
    <Data>20140902</Data>
    <Mercato>MGP</Mercato>
    <Ora>11</Ora>
    <PUN>51,795969</PUN>
    <NAT>52,200000</NAT>
    <CNOR>50,000000</CNOR>
    <CSUD>50,000000</CSUD>
    <NORD>53,010000</NORD>
    <SARD>50,000000</SARD>
    <SICI>50,000000</SICI>
    <SUD>50,000000</SUD>
    <AUST>53,010000</AUST>
    <BRNN>50,000000</BRNN>
    <COAC>50,000000</COAC>
    <CORS>50,000000</CORS>
    <FOGN>50,000000</FOGN>
    <FRAN>53,010000</FRAN>
    <GREC>50,000000</GREC>
    <MFTV>53,010000</MFTV>
    <PRGP>50,000000</PRGP>
    <ROSN>50,000000</ROSN>
    <SLOV>53,010000</SLOV>
    <SVIZ>53,010000</SVIZ>
    <BSP>52,630000</BSP>
  </Prezzi>
  <Prezzi>
    <Data>20140902</Data>
    <Mercato>MGP</Mercato>
    <Ora>12</Ora>
    <PUN>49,867184</PUN>
    <NAT>50,350000</NAT>
    <CNOR>49,000000</CNOR>
    <CSUD>49,000000</CSUD>
    <NORD>50,570000</NORD>
    <SARD>49,000000</SARD>
    <SICI>48,000000</SICI>
    <SUD>49,000000</SUD>
    <AUST>50,570000</AUST>
    <BRNN>49,000000</BRNN>
    <COAC>49,000000</COAC>
    <CORS>49,000000</CORS>
    <FOGN>49,000000</FOGN>
    <FRAN>50,570000</FRAN>
    <GREC>49,000000</GREC>
    <MFTV>50,570000</MFTV>
    <PRGP>48,000000</PRGP>
    <ROSN>48,000000</ROSN>
    <SLOV>50,570000</SLOV>
    <SVIZ>50,570000</SVIZ>
    <BSP>50,570000</BSP>
  </Prezzi>
  <Prezzi>
    <Data>20140902</Data>
    <Mercato>MGP</Mercato>
    <Ora>13</Ora>
    <PUN>49,326163</PUN>
    <NAT>49,120000</NAT>
    <CNOR>48,990000</CNOR>
    <CSUD>48,990000</CSUD>
    <NORD>49,570000</NORD>
    <SARD>48,990000</SARD>
    <SICI>48,990000</SICI>
    <SUD>48,990000</SUD>
    <AUST>49,570000</AUST>
    <BRNN>48,990000</BRNN>
    <COAC>48,990000</COAC>
    <CORS>48,990000</CORS>
    <FOGN>48,990000</FOGN>
    <FRAN>49,570000</FRAN>
    <GREC>48,990000</GREC>
    <MFTV>49,570000</MFTV>
    <PRGP>48,990000</PRGP>
    <ROSN>48,990000</ROSN>
    <SLOV>49,570000</SLOV>
    <SVIZ>49,570000</SVIZ>
    <BSP>49,570000</BSP>
  </Prezzi>
  <Prezzi>
    <Data>20140902</Data>
    <Mercato>MGP</Mercato>
    <Ora>14</Ora>
    <PUN>49,052248</PUN>
    <NAT>49,000000</NAT>
    <CNOR>49,120000</CNOR>
    <CSUD>49,120000</CSUD>
    <NORD>49,120000</NORD>
    <SARD>49,120000</SARD>
    <SICI>48,000000</SICI>
    <SUD>49,120000</SUD>
    <AUST>49,120000</AUST>
    <BRNN>49,120000</BRNN>
    <COAC>49,120000</COAC>
    <CORS>49,120000</CORS>
    <FOGN>49,120000</FOGN>
    <FRAN>49,120000</FRAN>
    <GREC>49,120000</GREC>
    <MFTV>49,120000</MFTV>
    <PRGP>48,000000</PRGP>
    <ROSN>48,000000</ROSN>
    <SLOV>49,120000</SLOV>
    <SVIZ>49,120000</SVIZ>
    <BSP>49,120000</BSP>
  </Prezzi>
  <Prezzi>
    <Data>20140902</Data>
    <Mercato>MGP</Mercato>
    <Ora>15</Ora>
    <PUN>49,855368</PUN>
    <NAT>50,050000</NAT>
    <CNOR>49,090000</CNOR>
    <CSUD>49,090000</CSUD>
    <NORD>50,570000</NORD>
    <SARD>49,090000</SARD>
    <SICI>47,010000</SICI>
    <SUD>49,090000</SUD>
    <AUST>50,570000</AUST>
    <BRNN>49,090000</BRNN>
    <COAC>49,090000</COAC>
    <CORS>49,090000</CORS>
    <FOGN>49,090000</FOGN>
    <FRAN>50,570000</FRAN>
    <GREC>49,090000</GREC>
    <MFTV>50,570000</MFTV>
    <PRGP>47,010000</PRGP>
    <ROSN>47,010000</ROSN>
    <SLOV>50,570000</SLOV>
    <SVIZ>50,570000</SVIZ>
    <BSP>50,570000</BSP>
  </Prezzi>
  <Prezzi>
    <Data>20140902</Data>
    <Mercato>MGP</Mercato>
    <Ora>16</Ora>
    <PUN>51,407957</PUN>
    <NAT>50,570000</NAT>
    <CNOR>49,200000</CNOR>
    <CSUD>49,200000</CSUD>
    <NORD>53,010000</NORD>
    <SARD>49,200000</SARD>
    <SICI>48,000000</SICI>
    <SUD>49,200000</SUD>
    <AUST>53,010000</AUST>
    <BRNN>49,200000</BRNN>
    <COAC>49,200000</COAC>
    <CORS>49,200000</CORS>
    <FOGN>49,200000</FOGN>
    <FRAN>53,010000</FRAN>
    <GREC>49,200000</GREC>
    <MFTV>53,010000</MFTV>
    <PRGP>48,000000</PRGP>
    <ROSN>48,000000</ROSN>
    <SLOV>53,010000</SLOV>
    <SVIZ>53,010000</SVIZ>
    <BSP>50,780000</BSP>
  </Prezzi>
  <Prezzi>
    <Data>20140902</Data>
    <Mercato>MGP</Mercato>
    <Ora>17</Ora>
    <PUN>51,521075</PUN>
    <NAT>50,750000</NAT>
    <CNOR>49,200000</CNOR>
    <CSUD>49,200000</CSUD>
    <NORD>52,990000</NORD>
    <SARD>49,200000</SARD>
    <SICI>51,000000</SICI>
    <SUD>49,200000</SUD>
    <AUST>52,990000</AUST>
    <BRNN>49,200000</BRNN>
    <COAC>49,200000</COAC>
    <CORS>49,200000</CORS>
    <FOGN>49,200000</FOGN>
    <FRAN>52,990000</FRAN>
    <GREC>49,200000</GREC>
    <MFTV>52,990000</MFTV>
    <PRGP>51,000000</PRGP>
    <ROSN>49,200000</ROSN>
    <SLOV>52,990000</SLOV>
    <SVIZ>52,990000</SVIZ>
    <BSP>50,330000</BSP>
  </Prezzi>
  <Prezzi>
    <Data>20140902</Data>
    <Mercato>MGP</Mercato>
    <Ora>18</Ora>
    <PUN>53,268125</PUN>
    <NAT>50,830000</NAT>
    <CNOR>50,830000</CNOR>
    <CSUD>50,830000</CSUD>
    <NORD>50,830000</NORD>
    <SARD>50,830000</SARD>
    <SICI>89,370000</SICI>
    <SUD>50,830000</SUD>
    <AUST>50,830000</AUST>
    <BRNN>50,830000</BRNN>
    <COAC>50,830000</COAC>
    <CORS>50,830000</CORS>
    <FOGN>50,830000</FOGN>
    <FRAN>50,830000</FRAN>
    <GREC>50,830000</GREC>
    <MFTV>50,830000</MFTV>
    <PRGP>89,370000</PRGP>
    <ROSN>50,830000</ROSN>
    <SLOV>50,830000</SLOV>
    <SVIZ>50,830000</SVIZ>
    <BSP>48,130000</BSP>
  </Prezzi>
  <Prezzi>
    <Data>20140902</Data>
    <Mercato>MGP</Mercato>
    <Ora>19</Ora>
    <PUN>58,183175</PUN>
    <NAT>54,020000</NAT>
    <CNOR>53,790000</CNOR>
    <CSUD>53,790000</CSUD>
    <NORD>53,790000</NORD>
    <SARD>53,790000</SARD>
    <SICI>121,730000</SICI>
    <SUD>53,790000</SUD>
    <AUST>53,790000</AUST>
    <BRNN>53,790000</BRNN>
    <COAC>53,790000</COAC>
    <CORS>53,790000</CORS>
    <FOGN>53,790000</FOGN>
    <FRAN>53,790000</FRAN>
    <GREC>53,790000</GREC>
    <MFTV>53,790000</MFTV>
    <PRGP>121,730000</PRGP>
    <ROSN>53,790000</ROSN>
    <SLOV>53,790000</SLOV>
    <SVIZ>53,790000</SVIZ>
    <BSP>51,000000</BSP>
  </Prezzi>
  <Prezzi>
    <Data>20140902</Data>
    <Mercato>MGP</Mercato>
    <Ora>20</Ora>
    <PUN>64,991341</PUN>
    <NAT>65,000000</NAT>
    <CNOR>60,000000</CNOR>
    <CSUD>60,000000</CSUD>
    <NORD>60,000000</NORD>
    <SARD>60,000000</SARD>
    <SICI>135,010000</SICI>
    <SUD>60,000000</SUD>
    <AUST>60,000000</AUST>
    <BRNN>60,000000</BRNN>
    <COAC>60,000000</COAC>
    <CORS>60,000000</CORS>
    <FOGN>60,000000</FOGN>
    <FRAN>60,000000</FRAN>
    <GREC>60,000000</GREC>
    <MFTV>60,000000</MFTV>
    <PRGP>135,010000</PRGP>
    <ROSN>60,000000</ROSN>
    <SLOV>60,000000</SLOV>
    <SVIZ>60,000000</SVIZ>
    <BSP>55,180000</BSP>
  </Prezzi>
  <Prezzi>
    <Data>20140902</Data>
    <Mercato>MGP</Mercato>
    <Ora>21</Ora>
    <PUN>86,806414</PUN>
    <NAT>84,650000</NAT>
    <CNOR>83,430000</CNOR>
    <CSUD>83,430000</CSUD>
    <NORD>83,430000</NORD>
    <SARD>83,430000</SARD>
    <SICI>135,020000</SICI>
    <SUD>83,430000</SUD>
    <AUST>83,430000</AUST>
    <BRNN>83,430000</BRNN>
    <COAC>83,430000</COAC>
    <CORS>83,430000</CORS>
    <FOGN>83,430000</FOGN>
    <FRAN>83,430000</FRAN>
    <GREC>83,430000</GREC>
    <MFTV>83,430000</MFTV>
    <PRGP>135,020000</PRGP>
    <ROSN>83,430000</ROSN>
    <SLOV>83,430000</SLOV>
    <SVIZ>83,430000</SVIZ>
    <BSP>77,830000</BSP>
  </Prezzi>
  <Prezzi>
    <Data>20140902</Data>
    <Mercato>MGP</Mercato>
    <Ora>22</Ora>
    <PUN>64,189886</PUN>
    <NAT>59,570000</NAT>
    <CNOR>59,260000</CNOR>
    <CSUD>59,260000</CSUD>
    <NORD>59,260000</NORD>
    <SARD>59,260000</SARD>
    <SICI>135,010000</SICI>
    <SUD>59,260000</SUD>
    <AUST>59,260000</AUST>
    <BRNN>59,260000</BRNN>
    <COAC>59,260000</COAC>
    <CORS>59,260000</CORS>
    <FOGN>59,260000</FOGN>
    <FRAN>59,260000</FRAN>
    <GREC>59,260000</GREC>
    <MFTV>59,260000</MFTV>
    <PRGP>135,010000</PRGP>
    <ROSN>59,260000</ROSN>
    <SLOV>59,260000</SLOV>
    <SVIZ>59,260000</SVIZ>
    <BSP>50,930000</BSP>
  </Prezzi>
  <Prezzi>
    <Data>20140902</Data>
    <Mercato>MGP</Mercato>
    <Ora>23</Ora>
    <PUN>53,691588</PUN>
    <NAT>50,290000</NAT>
    <CNOR>49,990000</CNOR>
    <CSUD>49,990000</CSUD>
    <NORD>49,990000</NORD>
    <SARD>49,990000</SARD>
    <SICI>105,020000</SICI>
    <SUD>49,990000</SUD>
    <AUST>49,990000</AUST>
    <BRNN>49,990000</BRNN>
    <COAC>49,990000</COAC>
    <CORS>49,990000</CORS>
    <FOGN>49,990000</FOGN>
    <FRAN>49,990000</FRAN>
    <GREC>49,990000</GREC>
    <MFTV>49,990000</MFTV>
    <PRGP>105,020000</PRGP>
    <ROSN>49,990000</ROSN>
    <SLOV>49,990000</SLOV>
    <SVIZ>49,990000</SVIZ>
    <BSP>43,610000</BSP>
  </Prezzi>
  <Prezzi>
    <Data>20140902</Data>
    <Mercato>MGP</Mercato>
    <Ora>24</Ora>
    <PUN>51,379868</PUN>
    <NAT>49,340000</NAT>
    <CNOR>49,440000</CNOR>
    <CSUD>49,440000</CSUD>
    <NORD>49,440000</NORD>
    <SARD>49,440000</SARD>
    <SICI>78,690000</SICI>
    <SUD>49,440000</SUD>
    <AUST>49,440000</AUST>
    <BRNN>49,440000</BRNN>
    <COAC>49,440000</COAC>
    <CORS>49,440000</CORS>
    <FOGN>49,440000</FOGN>
    <FRAN>49,440000</FRAN>
    <GREC>49,440000</GREC>
    <MFTV>49,440000</MFTV>
    <PRGP>78,690000</PRGP>
    <ROSN>49,440000</ROSN>
    <SLOV>49,440000</SLOV>
    <SVIZ>49,440000</SVIZ>
    <BSP>40,100000</BSP>
  </Prezzi>
</NewDataSet>