<?xml version="1.0" standalone="yes"?>
<NewDataSet>
  <xs:schema id="NewDataSet" xmlns="" xmlns:xs="http://www.w3.org/2001/XMLSchema" xmlns:msdata="urn:schemas-microsoft-com:xml-msdata">
    <xs:element name="NewDataSet" msdata:IsDataSet="true" msdata:UseCurrentLocale="true">
      <xs:complexType>
        <xs:choice minOccurs="0" maxOccurs="unbounded">
          <xs:element name="Prezzi">
            <xs:complexType>
              <xs:sequence>
                <xs:element name="Data" type="xs:string" minOccurs="0" />
                <xs:element name="Mercato" type="xs:string" minOccurs="0" />
                <xs:element name="Ora" type="xs:string" minOccurs="0" />
                <xs:element name="PUN" type="xs:string" minOccurs="0" />
                <xs:element name="NAT" type="xs:string" minOccurs="0" />
                <xs:element name="CNOR" type="xs:string" minOccurs="0" />
                <xs:element name="CSUD" type="xs:string" minOccurs="0" />
                <xs:element name="NORD" type="xs:string" minOccurs="0" />
                <xs:element name="SARD" type="xs:string" minOccurs="0" />
                <xs:element name="SICI" type="xs:string" minOccurs="0" />
                <xs:element name="SUD" type="xs:string" minOccurs="0" />
                <xs:element name="AUST" type="xs:string" minOccurs="0" />
                <xs:element name="BRNN" type="xs:string" minOccurs="0" />
                <xs:element name="COAC" type="xs:string" minOccurs="0" />
                <xs:element name="CORS" type="xs:string" minOccurs="0" />
                <xs:element name="FOGN" type="xs:string" minOccurs="0" />
                <xs:element name="FRAN" type="xs:string" minOccurs="0" />
                <xs:element name="GREC" type="xs:string" minOccurs="0" />
                <xs:element name="MFTV" type="xs:string" minOccurs="0" />
                <xs:element name="PRGP" type="xs:string" minOccurs="0" />
                <xs:element name="ROSN" type="xs:string" minOccurs="0" />
                <xs:element name="SLOV" type="xs:string" minOccurs="0" />
                <xs:element name="SVIZ" type="xs:string" minOccurs="0" />
                <xs:element name="BSP" type="xs:string" minOccurs="0" />
              </xs:sequence>
            </xs:complexType>
          </xs:element>
        </xs:choice>
      </xs:complexType>
    </xs:element>
  </xs:schema>
  <Prezzi>
    <Data>20140925</Data>
    <Mercato>MGP</Mercato>
    <Ora>1</Ora>
    <PUN>56,170997</PUN>
    <NAT>52,900000</NAT>
    <CNOR>53,300000</CNOR>
    <CSUD>53,300000</CSUD>
    <NORD>53,300000</NORD>
    <SARD>53,300000</SARD>
    <SICI>90,010000</SICI>
    <SUD>53,300000</SUD>
    <AUST>53,300000</AUST>
    <BRNN>53,300000</BRNN>
    <COAC>53,300000</COAC>
    <CORS>0,000000</CORS>
    <FOGN>53,300000</FOGN>
    <FRAN>53,300000</FRAN>
    <GREC>53,300000</GREC>
    <MFTV>53,300000</MFTV>
    <PRGP>90,010000</PRGP>
    <ROSN>53,300000</ROSN>
    <SLOV>53,300000</SLOV>
    <SVIZ>53,300000</SVIZ>
    <BSP>30,500000</BSP>
  </Prezzi>
  <Prezzi>
    <Data>20140925</Data>
    <Mercato>MGP</Mercato>
    <Ora>2</Ora>
    <PUN>54,303994</PUN>
    <NAT>51,020000</NAT>
    <CNOR>53,490000</CNOR>
    <CSUD>53,490000</CSUD>
    <NORD>53,490000</NORD>
    <SARD>53,490000</SARD>
    <SICI>65,190000</SICI>
    <SUD>53,490000</SUD>
    <AUST>53,490000</AUST>
    <BRNN>53,490000</BRNN>
    <COAC>53,490000</COAC>
    <CORS>0,000000</CORS>
    <FOGN>53,490000</FOGN>
    <FRAN>53,490000</FRAN>
    <GREC>53,490000</GREC>
    <MFTV>53,490000</MFTV>
    <PRGP>65,190000</PRGP>
    <ROSN>53,490000</ROSN>
    <SLOV>53,490000</SLOV>
    <SVIZ>53,490000</SVIZ>
    <BSP>28,000000</BSP>
  </Prezzi>
  <Prezzi>
    <Data>20140925</Data>
    <Mercato>MGP</Mercato>
    <Ora>3</Ora>
    <PUN>51,330000</PUN>
    <NAT>50,290000</NAT>
    <CNOR>51,330000</CNOR>
    <CSUD>51,330000</CSUD>
    <NORD>51,330000</NORD>
    <SARD>51,330000</SARD>
    <SICI>51,330000</SICI>
    <SUD>51,330000</SUD>
    <AUST>51,330000</AUST>
    <BRNN>51,330000</BRNN>
    <COAC>51,330000</COAC>
    <CORS>0,000000</CORS>
    <FOGN>51,330000</FOGN>
    <FRAN>51,330000</FRAN>
    <GREC>51,330000</GREC>
    <MFTV>51,330000</MFTV>
    <PRGP>51,330000</PRGP>
    <ROSN>51,330000</ROSN>
    <SLOV>51,330000</SLOV>
    <SVIZ>51,330000</SVIZ>
    <BSP>26,000000</BSP>
  </Prezzi>
  <Prezzi>
    <Data>20140925</Data>
    <Mercato>MGP</Mercato>
    <Ora>4</Ora>
    <PUN>50,337704</PUN>
    <NAT>49,280000</NAT>
    <CNOR>50,290000</CNOR>
    <CSUD>50,290000</CSUD>
    <NORD>50,290000</NORD>
    <SARD>50,290000</SARD>
    <SICI>51,020000</SICI>
    <SUD>50,290000</SUD>
    <AUST>50,290000</AUST>
    <BRNN>50,290000</BRNN>
    <COAC>50,290000</COAC>
    <CORS>0,000000</CORS>
    <FOGN>50,290000</FOGN>
    <FRAN>50,290000</FRAN>
    <GREC>50,290000</GREC>
    <MFTV>50,290000</MFTV>
    <PRGP>51,020000</PRGP>
    <ROSN>50,290000</ROSN>
    <SLOV>50,290000</SLOV>
    <SVIZ>50,290000</SVIZ>
    <BSP>23,500000</BSP>
  </Prezzi>
  <Prezzi>
    <Data>20140925</Data>
    <Mercato>MGP</Mercato>
    <Ora>5</Ora>
    <PUN>49,142727</PUN>
    <NAT>48,910000</NAT>
    <CNOR>49,010000</CNOR>
    <CSUD>49,010000</CSUD>
    <NORD>49,010000</NORD>
    <SARD>49,010000</SARD>
    <SICI>51,020000</SICI>
    <SUD>49,010000</SUD>
    <AUST>49,010000</AUST>
    <BRNN>49,010000</BRNN>
    <COAC>49,010000</COAC>
    <CORS>0,000000</CORS>
    <FOGN>49,010000</FOGN>
    <FRAN>49,010000</FRAN>
    <GREC>49,010000</GREC>
    <MFTV>49,010000</MFTV>
    <PRGP>51,020000</PRGP>
    <ROSN>49,010000</ROSN>
    <SLOV>49,010000</SLOV>
    <SVIZ>49,010000</SVIZ>
    <BSP>24,490000</BSP>
  </Prezzi>
  <Prezzi>
    <Data>20140925</Data>
    <Mercato>MGP</Mercato>
    <Ora>6</Ora>
    <PUN>53,459863</PUN>
    <NAT>51,020000</NAT>
    <CNOR>54,650000</CNOR>
    <CSUD>51,020000</CSUD>
    <NORD>54,650000</NORD>
    <SARD>51,020000</SARD>
    <SICI>51,020000</SICI>
    <SUD>51,020000</SUD>
    <AUST>54,650000</AUST>
    <BRNN>51,020000</BRNN>
    <COAC>51,020000</COAC>
    <CORS>0,000000</CORS>
    <FOGN>51,020000</FOGN>
    <FRAN>54,650000</FRAN>
    <GREC>51,020000</GREC>
    <MFTV>54,650000</MFTV>
    <PRGP>51,020000</PRGP>
    <ROSN>51,020000</ROSN>
    <SLOV>54,650000</SLOV>
    <SVIZ>54,650000</SVIZ>
    <BSP>28,200000</BSP>
  </Prezzi>
  <Prezzi>
    <Data>20140925</Data>
    <Mercato>MGP</Mercato>
    <Ora>7</Ora>
    <PUN>58,330000</PUN>
    <NAT>57,900000</NAT>
    <CNOR>58,330000</CNOR>
    <CSUD>58,330000</CSUD>
    <NORD>58,330000</NORD>
    <SARD>58,330000</SARD>
    <SICI>58,330000</SICI>
    <SUD>58,330000</SUD>
    <AUST>58,330000</AUST>
    <BRNN>58,330000</BRNN>
    <COAC>58,330000</COAC>
    <CORS>0,000000</CORS>
    <FOGN>58,330000</FOGN>
    <FRAN>58,330000</FRAN>
    <GREC>58,330000</GREC>
    <MFTV>58,330000</MFTV>
    <PRGP>58,330000</PRGP>
    <ROSN>58,330000</ROSN>
    <SLOV>58,330000</SLOV>
    <SVIZ>58,330000</SVIZ>
    <BSP>40,000000</BSP>
  </Prezzi>
  <Prezzi>
    <Data>20140925</Data>
    <Mercato>MGP</Mercato>
    <Ora>8</Ora>
    <PUN>64,058830</PUN>
    <NAT>61,750000</NAT>
    <CNOR>62,070000</CNOR>
    <CSUD>62,070000</CSUD>
    <NORD>62,070000</NORD>
    <SARD>62,070000</SARD>
    <SICI>95,010000</SICI>
    <SUD>62,070000</SUD>
    <AUST>62,070000</AUST>
    <BRNN>62,070000</BRNN>
    <COAC>62,070000</COAC>
    <CORS>0,000000</CORS>
    <FOGN>62,070000</FOGN>
    <FRAN>62,070000</FRAN>
    <GREC>62,070000</GREC>
    <MFTV>62,070000</MFTV>
    <PRGP>95,010000</PRGP>
    <ROSN>62,070000</ROSN>
    <SLOV>62,070000</SLOV>
    <SVIZ>62,070000</SVIZ>
    <BSP>46,170000</BSP>
  </Prezzi>
  <Prezzi>
    <Data>20140925</Data>
    <Mercato>MGP</Mercato>
    <Ora>9</Ora>
    <PUN>79,520000</PUN>
    <NAT>77,430000</NAT>
    <CNOR>79,810192</CNOR>
    <CSUD>67,000000</CSUD>
    <NORD>79,810192</NORD>
    <SARD>67,000000</SARD>
    <SICI>130,000000</SICI>
    <SUD>67,000000</SUD>
    <AUST>79,810192</AUST>
    <BRNN>67,000000</BRNN>
    <COAC>67,000000</COAC>
    <CORS>0,000000</CORS>
    <FOGN>67,000000</FOGN>
    <FRAN>79,810192</FRAN>
    <GREC>67,000000</GREC>
    <MFTV>79,810192</MFTV>
    <PRGP>130,000000</PRGP>
    <ROSN>67,000000</ROSN>
    <SLOV>79,810192</SLOV>
    <SVIZ>79,810192</SVIZ>
    <BSP>52,640000</BSP>
  </Prezzi>
  <Prezzi>
    <Data>20140925</Data>
    <Mercato>MGP</Mercato>
    <Ora>10</Ora>
    <PUN>75,438497</PUN>
    <NAT>74,000000</NAT>
    <CNOR>76,000000</CNOR>
    <CSUD>61,080000</CSUD>
    <NORD>76,000000</NORD>
    <SARD>61,080000</SARD>
    <SICI>130,000000</SICI>
    <SUD>61,080000</SUD>
    <AUST>76,000000</AUST>
    <BRNN>61,080000</BRNN>
    <COAC>61,080000</COAC>
    <CORS>0,000000</CORS>
    <FOGN>61,080000</FOGN>
    <FRAN>76,000000</FRAN>
    <GREC>61,080000</GREC>
    <MFTV>76,000000</MFTV>
    <PRGP>130,000000</PRGP>
    <ROSN>61,080000</ROSN>
    <SLOV>76,000000</SLOV>
    <SVIZ>76,000000</SVIZ>
    <BSP>49,250000</BSP>
  </Prezzi>
  <Prezzi>
    <Data>20140925</Data>
    <Mercato>MGP</Mercato>
    <Ora>11</Ora>
    <PUN>63,742080</PUN>
    <NAT>61,100000</NAT>
    <CNOR>61,590000</CNOR>
    <CSUD>53,770000</CSUD>
    <NORD>61,590000</NORD>
    <SARD>53,770000</SARD>
    <SICI>130,000000</SICI>
    <SUD>53,770000</SUD>
    <AUST>61,590000</AUST>
    <BRNN>53,770000</BRNN>
    <COAC>53,770000</COAC>
    <CORS>0,000000</CORS>
    <FOGN>53,770000</FOGN>
    <FRAN>61,590000</FRAN>
    <GREC>53,770000</GREC>
    <MFTV>61,590000</MFTV>
    <PRGP>130,000000</PRGP>
    <ROSN>53,770000</ROSN>
    <SLOV>61,590000</SLOV>
    <SVIZ>61,590000</SVIZ>
    <BSP>47,400000</BSP>
  </Prezzi>
  <Prezzi>
    <Data>20140925</Data>
    <Mercato>MGP</Mercato>
    <Ora>12</Ora>
    <PUN>61,383730</PUN>
    <NAT>59,000000</NAT>
    <CNOR>59,880000</CNOR>
    <CSUD>55,000000</CSUD>
    <NORD>59,880000</NORD>
    <SARD>55,000000</SARD>
    <SICI>105,010000</SICI>
    <SUD>55,000000</SUD>
    <AUST>59,880000</AUST>
    <BRNN>55,000000</BRNN>
    <COAC>55,000000</COAC>
    <CORS>0,000000</CORS>
    <FOGN>55,000000</FOGN>
    <FRAN>59,880000</FRAN>
    <GREC>55,000000</GREC>
    <MFTV>59,880000</MFTV>
    <PRGP>105,010000</PRGP>
    <ROSN>55,000000</ROSN>
    <SLOV>59,880000</SLOV>
    <SVIZ>59,880000</SVIZ>
    <BSP>47,360000</BSP>
  </Prezzi>
  <Prezzi>
    <Data>20140925</Data>
    <Mercato>MGP</Mercato>
    <Ora>13</Ora>
    <PUN>54,745332</PUN>
    <NAT>53,060000</NAT>
    <CNOR>52,940000</CNOR>
    <CSUD>52,940000</CSUD>
    <NORD>52,940000</NORD>
    <SARD>52,940000</SARD>
    <SICI>81,010000</SICI>
    <SUD>52,940000</SUD>
    <AUST>52,940000</AUST>
    <BRNN>52,940000</BRNN>
    <COAC>52,940000</COAC>
    <CORS>0,000000</CORS>
    <FOGN>52,940000</FOGN>
    <FRAN>52,940000</FRAN>
    <GREC>52,940000</GREC>
    <MFTV>52,940000</MFTV>
    <PRGP>81,010000</PRGP>
    <ROSN>52,940000</ROSN>
    <SLOV>52,940000</SLOV>
    <SVIZ>52,940000</SVIZ>
    <BSP>45,500000</BSP>
  </Prezzi>
  <Prezzi>
    <Data>20140925</Data>
    <Mercato>MGP</Mercato>
    <Ora>14</Ora>
    <PUN>54,489117</PUN>
    <NAT>53,000000</NAT>
    <CNOR>53,040000</CNOR>
    <CSUD>52,010000</CSUD>
    <NORD>53,040000</NORD>
    <SARD>52,010000</SARD>
    <SICI>81,000000</SICI>
    <SUD>52,010000</SUD>
    <AUST>53,040000</AUST>
    <BRNN>52,010000</BRNN>
    <COAC>52,010000</COAC>
    <CORS>0,000000</CORS>
    <FOGN>52,010000</FOGN>
    <FRAN>53,040000</FRAN>
    <GREC>52,010000</GREC>
    <MFTV>53,040000</MFTV>
    <PRGP>81,000000</PRGP>
    <ROSN>52,010000</ROSN>
    <SLOV>53,040000</SLOV>
    <SVIZ>53,040000</SVIZ>
    <BSP>45,500000</BSP>
  </Prezzi>
  <Prezzi>
    <Data>20140925</Data>
    <Mercato>MGP</Mercato>
    <Ora>15</Ora>
    <PUN>58,685906</PUN>
    <NAT>56,970000</NAT>
    <CNOR>59,460000</CNOR>
    <CSUD>51,670000</CSUD>
    <NORD>59,460000</NORD>
    <SARD>51,670000</SARD>
    <SICI>79,030000</SICI>
    <SUD>51,670000</SUD>
    <AUST>59,460000</AUST>
    <BRNN>51,670000</BRNN>
    <COAC>51,670000</COAC>
    <CORS>0,000000</CORS>
    <FOGN>51,670000</FOGN>
    <FRAN>59,460000</FRAN>
    <GREC>51,670000</GREC>
    <MFTV>59,460000</MFTV>
    <PRGP>79,030000</PRGP>
    <ROSN>51,670000</ROSN>
    <SLOV>59,460000</SLOV>
    <SVIZ>59,460000</SVIZ>
    <BSP>44,760000</BSP>
  </Prezzi>
  <Prezzi>
    <Data>20140925</Data>
    <Mercato>MGP</Mercato>
    <Ora>16</Ora>
    <PUN>61,495838</PUN>
    <NAT>59,990000</NAT>
    <CNOR>64,000000</CNOR>
    <CSUD>50,560000</CSUD>
    <NORD>64,000000</NORD>
    <SARD>50,560000</SARD>
    <SICI>78,990000</SICI>
    <SUD>50,560000</SUD>
    <AUST>64,000000</AUST>
    <BRNN>50,560000</BRNN>
    <COAC>50,560000</COAC>
    <CORS>0,000000</CORS>
    <FOGN>50,560000</FOGN>
    <FRAN>64,000000</FRAN>
    <GREC>50,560000</GREC>
    <MFTV>64,000000</MFTV>
    <PRGP>78,990000</PRGP>
    <ROSN>50,560000</ROSN>
    <SLOV>64,000000</SLOV>
    <SVIZ>64,000000</SVIZ>
    <BSP>44,030000</BSP>
  </Prezzi>
  <Prezzi>
    <Data>20140925</Data>
    <Mercato>MGP</Mercato>
    <Ora>17</Ora>
    <PUN>67,519767</PUN>
    <NAT>64,240000</NAT>
    <CNOR>70,100000</CNOR>
    <CSUD>54,270000</CSUD>
    <NORD>70,100000</NORD>
    <SARD>54,270000</SARD>
    <SICI>95,010000</SICI>
    <SUD>54,270000</SUD>
    <AUST>70,100000</AUST>
    <BRNN>54,270000</BRNN>
    <COAC>54,270000</COAC>
    <CORS>0,000000</CORS>
    <FOGN>54,270000</FOGN>
    <FRAN>70,100000</FRAN>
    <GREC>54,270000</GREC>
    <MFTV>70,100000</MFTV>
    <PRGP>95,010000</PRGP>
    <ROSN>54,270000</ROSN>
    <SLOV>70,100000</SLOV>
    <SVIZ>70,100000</SVIZ>
    <BSP>45,410000</BSP>
  </Prezzi>
  <Prezzi>
    <Data>20140925</Data>
    <Mercato>MGP</Mercato>
    <Ora>18</Ora>
    <PUN>66,813476</PUN>
    <NAT>63,290000</NAT>
    <CNOR>67,640000</CNOR>
    <CSUD>57,880000</CSUD>
    <NORD>67,640000</NORD>
    <SARD>57,880000</SARD>
    <SICI>95,020000</SICI>
    <SUD>57,880000</SUD>
    <AUST>67,640000</AUST>
    <BRNN>57,880000</BRNN>
    <COAC>57,880000</COAC>
    <CORS>0,000000</CORS>
    <FOGN>57,880000</FOGN>
    <FRAN>67,640000</FRAN>
    <GREC>57,880000</GREC>
    <MFTV>67,640000</MFTV>
    <PRGP>95,020000</PRGP>
    <ROSN>57,880000</ROSN>
    <SLOV>67,640000</SLOV>
    <SVIZ>67,640000</SVIZ>
    <BSP>44,900000</BSP>
  </Prezzi>
  <Prezzi>
    <Data>20140925</Data>
    <Mercato>MGP</Mercato>
    <Ora>19</Ora>
    <PUN>70,262754</PUN>
    <NAT>65,560000</NAT>
    <CNOR>67,480000</CNOR>
    <CSUD>62,560000</CSUD>
    <NORD>67,480000</NORD>
    <SARD>62,560000</SARD>
    <SICI>135,020000</SICI>
    <SUD>62,560000</SUD>
    <AUST>67,480000</AUST>
    <BRNN>62,560000</BRNN>
    <COAC>62,560000</COAC>
    <CORS>0,000000</CORS>
    <FOGN>62,560000</FOGN>
    <FRAN>67,480000</FRAN>
    <GREC>62,560000</GREC>
    <MFTV>67,480000</MFTV>
    <PRGP>135,020000</PRGP>
    <ROSN>62,560000</ROSN>
    <SLOV>67,480000</SLOV>
    <SVIZ>67,480000</SVIZ>
    <BSP>46,120000</BSP>
  </Prezzi>
  <Prezzi>
    <Data>20140925</Data>
    <Mercato>MGP</Mercato>
    <Ora>20</Ora>
    <PUN>101,305271</PUN>
    <NAT>100,000000</NAT>
    <CNOR>99,000000</CNOR>
    <CSUD>99,000000</CSUD>
    <NORD>99,000000</NORD>
    <SARD>99,000000</SARD>
    <SICI>135,030000</SICI>
    <SUD>99,000000</SUD>
    <AUST>99,000000</AUST>
    <BRNN>99,000000</BRNN>
    <COAC>99,000000</COAC>
    <CORS>0,000000</CORS>
    <FOGN>99,000000</FOGN>
    <FRAN>99,000000</FRAN>
    <GREC>99,000000</GREC>
    <MFTV>99,000000</MFTV>
    <PRGP>135,030000</PRGP>
    <ROSN>99,000000</ROSN>
    <SLOV>99,000000</SLOV>
    <SVIZ>99,000000</SVIZ>
    <BSP>85,000000</BSP>
  </Prezzi>
  <Prezzi>
    <Data>20140925</Data>
    <Mercato>MGP</Mercato>
    <Ora>21</Ora>
    <PUN>85,340803</PUN>
    <NAT>85,800000</NAT>
    <CNOR>82,000000</CNOR>
    <CSUD>82,000000</CSUD>
    <NORD>82,000000</NORD>
    <SARD>82,000000</SARD>
    <SICI>135,030000</SICI>
    <SUD>82,000000</SUD>
    <AUST>82,000000</AUST>
    <BRNN>82,000000</BRNN>
    <COAC>82,000000</COAC>
    <CORS>0,000000</CORS>
    <FOGN>82,000000</FOGN>
    <FRAN>82,000000</FRAN>
    <GREC>82,000000</GREC>
    <MFTV>82,000000</MFTV>
    <PRGP>135,030000</PRGP>
    <ROSN>82,000000</ROSN>
    <SLOV>82,000000</SLOV>
    <SVIZ>82,000000</SVIZ>
    <BSP>76,690000</BSP>
  </Prezzi>
  <Prezzi>
    <Data>20140925</Data>
    <Mercato>MGP</Mercato>
    <Ora>22</Ora>
    <PUN>64,162460</PUN>
    <NAT>59,750000</NAT>
    <CNOR>59,330000</CNOR>
    <CSUD>59,330000</CSUD>
    <NORD>59,330000</NORD>
    <SARD>59,330000</SARD>
    <SICI>135,020000</SICI>
    <SUD>59,330000</SUD>
    <AUST>59,330000</AUST>
    <BRNN>59,330000</BRNN>
    <COAC>59,330000</COAC>
    <CORS>0,000000</CORS>
    <FOGN>59,330000</FOGN>
    <FRAN>59,330000</FRAN>
    <GREC>59,330000</GREC>
    <MFTV>59,330000</MFTV>
    <PRGP>135,020000</PRGP>
    <ROSN>59,330000</ROSN>
    <SLOV>59,330000</SLOV>
    <SVIZ>59,330000</SVIZ>
    <BSP>45,210000</BSP>
  </Prezzi>
  <Prezzi>
    <Data>20140925</Data>
    <Mercato>MGP</Mercato>
    <Ora>23</Ora>
    <PUN>62,920289</PUN>
    <NAT>59,990000</NAT>
    <CNOR>59,880000</CNOR>
    <CSUD>59,880000</CSUD>
    <NORD>59,880000</NORD>
    <SARD>59,880000</SARD>
    <SICI>105,030000</SICI>
    <SUD>59,880000</SUD>
    <AUST>59,880000</AUST>
    <BRNN>59,880000</BRNN>
    <COAC>59,880000</COAC>
    <CORS>0,000000</CORS>
    <FOGN>59,880000</FOGN>
    <FRAN>59,880000</FRAN>
    <GREC>59,880000</GREC>
    <MFTV>59,880000</MFTV>
    <PRGP>105,030000</PRGP>
    <ROSN>59,880000</ROSN>
    <SLOV>59,880000</SLOV>
    <SVIZ>59,880000</SVIZ>
    <BSP>37,000000</BSP>
  </Prezzi>
  <Prezzi>
    <Data>20140925</Data>
    <Mercato>MGP</Mercato>
    <Ora>24</Ora>
    <PUN>56,281232</PUN>
    <NAT>53,390000</NAT>
    <CNOR>53,390000</CNOR>
    <CSUD>53,390000</CSUD>
    <NORD>53,390000</NORD>
    <SARD>53,390000</SARD>
    <SICI>95,020000</SICI>
    <SUD>53,390000</SUD>
    <AUST>53,390000</AUST>
    <BRNN>53,390000</BRNN>
    <COAC>53,390000</COAC>
    <CORS>0,000000</CORS>
    <FOGN>53,390000</FOGN>
    <FRAN>53,390000</FRAN>
    <GREC>53,390000</GREC>
    <MFTV>53,390000</MFTV>
    <PRGP>95,020000</PRGP>
    <ROSN>53,390000</ROSN>
    <SLOV>53,390000</SLOV>
    <SVIZ>53,390000</SVIZ>
    <BSP>29,910000</BSP>
  </Prezzi>
</NewDataSet>