<?xml version="1.0" standalone="yes"?>
<NewDataSet>
  <xs:schema id="NewDataSet" xmlns="" xmlns:xs="http://www.w3.org/2001/XMLSchema" xmlns:msdata="urn:schemas-microsoft-com:xml-msdata">
    <xs:element name="NewDataSet" msdata:IsDataSet="true" msdata:UseCurrentLocale="true">
      <xs:complexType>
        <xs:choice minOccurs="0" maxOccurs="unbounded">
          <xs:element name="Prezzi">
            <xs:complexType>
              <xs:sequence>
                <xs:element name="Data" type="xs:string" minOccurs="0" />
                <xs:element name="Mercato" type="xs:string" minOccurs="0" />
                <xs:element name="Ora" type="xs:string" minOccurs="0" />
                <xs:element name="PUN" type="xs:string" minOccurs="0" />
                <xs:element name="NAT" type="xs:string" minOccurs="0" />
                <xs:element name="CNOR" type="xs:string" minOccurs="0" />
                <xs:element name="CSUD" type="xs:string" minOccurs="0" />
                <xs:element name="NORD" type="xs:string" minOccurs="0" />
                <xs:element name="SARD" type="xs:string" minOccurs="0" />
                <xs:element name="SICI" type="xs:string" minOccurs="0" />
                <xs:element name="SUD" type="xs:string" minOccurs="0" />
                <xs:element name="AUST" type="xs:string" minOccurs="0" />
                <xs:element name="BRNN" type="xs:string" minOccurs="0" />
                <xs:element name="COAC" type="xs:string" minOccurs="0" />
                <xs:element name="CORS" type="xs:string" minOccurs="0" />
                <xs:element name="FOGN" type="xs:string" minOccurs="0" />
                <xs:element name="FRAN" type="xs:string" minOccurs="0" />
                <xs:element name="GREC" type="xs:string" minOccurs="0" />
                <xs:element name="MFTV" type="xs:string" minOccurs="0" />
                <xs:element name="PRGP" type="xs:string" minOccurs="0" />
                <xs:element name="ROSN" type="xs:string" minOccurs="0" />
                <xs:element name="SLOV" type="xs:string" minOccurs="0" />
                <xs:element name="SVIZ" type="xs:string" minOccurs="0" />
                <xs:element name="BSP" type="xs:string" minOccurs="0" />
              </xs:sequence>
            </xs:complexType>
          </xs:element>
        </xs:choice>
      </xs:complexType>
    </xs:element>
  </xs:schema>
  <Prezzi>
    <Data>20140908</Data>
    <Mercato>MGP</Mercato>
    <Ora>1</Ora>
    <PUN>48,624102</PUN>
    <NAT>45,000000</NAT>
    <CNOR>45,000000</CNOR>
    <CSUD>45,000000</CSUD>
    <NORD>45,000000</NORD>
    <SARD>45,000000</SARD>
    <SICI>90,000000</SICI>
    <SUD>45,000000</SUD>
    <AUST>45,000000</AUST>
    <BRNN>45,000000</BRNN>
    <COAC>45,000000</COAC>
    <CORS>45,000000</CORS>
    <FOGN>45,000000</FOGN>
    <FRAN>45,000000</FRAN>
    <GREC>45,000000</GREC>
    <MFTV>45,000000</MFTV>
    <PRGP>90,000000</PRGP>
    <ROSN>45,000000</ROSN>
    <SLOV>45,000000</SLOV>
    <SVIZ>45,000000</SVIZ>
    <BSP>27,550000</BSP>
  </Prezzi>
  <Prezzi>
    <Data>20140908</Data>
    <Mercato>MGP</Mercato>
    <Ora>2</Ora>
    <PUN>44,433468</PUN>
    <NAT>41,250000</NAT>
    <CNOR>41,250000</CNOR>
    <CSUD>41,250000</CSUD>
    <NORD>41,250000</NORD>
    <SARD>41,250000</SARD>
    <SICI>80,000000</SICI>
    <SUD>41,250000</SUD>
    <AUST>41,250000</AUST>
    <BRNN>41,250000</BRNN>
    <COAC>41,250000</COAC>
    <CORS>41,250000</CORS>
    <FOGN>41,250000</FOGN>
    <FRAN>41,250000</FRAN>
    <GREC>41,250000</GREC>
    <MFTV>41,250000</MFTV>
    <PRGP>80,000000</PRGP>
    <ROSN>41,250000</ROSN>
    <SLOV>41,250000</SLOV>
    <SVIZ>41,250000</SVIZ>
    <BSP>24,570000</BSP>
  </Prezzi>
  <Prezzi>
    <Data>20140908</Data>
    <Mercato>MGP</Mercato>
    <Ora>3</Ora>
    <PUN>42,489476</PUN>
    <NAT>40,000000</NAT>
    <CNOR>40,350000</CNOR>
    <CSUD>40,350000</CSUD>
    <NORD>40,350000</NORD>
    <SARD>40,350000</SARD>
    <SICI>67,930000</SICI>
    <SUD>40,350000</SUD>
    <AUST>40,350000</AUST>
    <BRNN>40,350000</BRNN>
    <COAC>40,350000</COAC>
    <CORS>40,350000</CORS>
    <FOGN>40,350000</FOGN>
    <FRAN>40,350000</FRAN>
    <GREC>40,350000</GREC>
    <MFTV>40,350000</MFTV>
    <PRGP>67,930000</PRGP>
    <ROSN>40,350000</ROSN>
    <SLOV>40,350000</SLOV>
    <SVIZ>40,350000</SVIZ>
    <BSP>22,900000</BSP>
  </Prezzi>
  <Prezzi>
    <Data>20140908</Data>
    <Mercato>MGP</Mercato>
    <Ora>4</Ora>
    <PUN>42,560000</PUN>
    <NAT>40,000000</NAT>
    <CNOR>40,542044</CNOR>
    <CSUD>40,542044</CSUD>
    <NORD>40,542044</NORD>
    <SARD>40,542044</SARD>
    <SICI>67,930000</SICI>
    <SUD>40,542044</SUD>
    <AUST>40,542044</AUST>
    <BRNN>40,542044</BRNN>
    <COAC>40,542044</COAC>
    <CORS>40,542044</CORS>
    <FOGN>40,542044</FOGN>
    <FRAN>40,542044</FRAN>
    <GREC>40,542044</GREC>
    <MFTV>40,542044</MFTV>
    <PRGP>67,930000</PRGP>
    <ROSN>40,542044</ROSN>
    <SLOV>40,542044</SLOV>
    <SVIZ>40,542044</SVIZ>
    <BSP>20,800000</BSP>
  </Prezzi>
  <Prezzi>
    <Data>20140908</Data>
    <Mercato>MGP</Mercato>
    <Ora>5</Ora>
    <PUN>42,148697</PUN>
    <NAT>39,900000</NAT>
    <CNOR>40,350000</CNOR>
    <CSUD>40,350000</CSUD>
    <NORD>40,350000</NORD>
    <SARD>40,350000</SARD>
    <SICI>64,990000</SICI>
    <SUD>40,350000</SUD>
    <AUST>40,350000</AUST>
    <BRNN>40,350000</BRNN>
    <COAC>40,350000</COAC>
    <CORS>40,350000</CORS>
    <FOGN>40,350000</FOGN>
    <FRAN>40,350000</FRAN>
    <GREC>40,350000</GREC>
    <MFTV>40,350000</MFTV>
    <PRGP>64,990000</PRGP>
    <ROSN>40,350000</ROSN>
    <SLOV>40,350000</SLOV>
    <SVIZ>40,350000</SVIZ>
    <BSP>21,430000</BSP>
  </Prezzi>
  <Prezzi>
    <Data>20140908</Data>
    <Mercato>MGP</Mercato>
    <Ora>6</Ora>
    <PUN>46,605909</PUN>
    <NAT>44,990000</NAT>
    <CNOR>45,000000</CNOR>
    <CSUD>45,000000</CSUD>
    <NORD>45,000000</NORD>
    <SARD>45,000000</SARD>
    <SICI>67,930000</SICI>
    <SUD>45,000000</SUD>
    <AUST>45,000000</AUST>
    <BRNN>45,000000</BRNN>
    <COAC>45,000000</COAC>
    <CORS>45,000000</CORS>
    <FOGN>45,000000</FOGN>
    <FRAN>45,000000</FRAN>
    <GREC>45,000000</GREC>
    <MFTV>45,000000</MFTV>
    <PRGP>67,930000</PRGP>
    <ROSN>45,000000</ROSN>
    <SLOV>45,000000</SLOV>
    <SVIZ>45,000000</SVIZ>
    <BSP>27,450000</BSP>
  </Prezzi>
  <Prezzi>
    <Data>20140908</Data>
    <Mercato>MGP</Mercato>
    <Ora>7</Ora>
    <PUN>54,971986</PUN>
    <NAT>53,450000</NAT>
    <CNOR>53,450000</CNOR>
    <CSUD>53,450000</CSUD>
    <NORD>53,450000</NORD>
    <SARD>53,450000</SARD>
    <SICI>77,930000</SICI>
    <SUD>53,450000</SUD>
    <AUST>53,450000</AUST>
    <BRNN>53,450000</BRNN>
    <COAC>53,450000</COAC>
    <CORS>53,450000</CORS>
    <FOGN>53,450000</FOGN>
    <FRAN>53,450000</FRAN>
    <GREC>53,450000</GREC>
    <MFTV>53,450000</MFTV>
    <PRGP>77,930000</PRGP>
    <ROSN>53,450000</ROSN>
    <SLOV>53,450000</SLOV>
    <SVIZ>53,450000</SVIZ>
    <BSP>39,000000</BSP>
  </Prezzi>
  <Prezzi>
    <Data>20140908</Data>
    <Mercato>MGP</Mercato>
    <Ora>8</Ora>
    <PUN>53,597716</PUN>
    <NAT>53,330000</NAT>
    <CNOR>51,000000</CNOR>
    <CSUD>51,000000</CSUD>
    <NORD>51,000000</NORD>
    <SARD>51,000000</SARD>
    <SICI>95,010000</SICI>
    <SUD>51,000000</SUD>
    <AUST>51,000000</AUST>
    <BRNN>51,000000</BRNN>
    <COAC>51,000000</COAC>
    <CORS>51,000000</CORS>
    <FOGN>51,000000</FOGN>
    <FRAN>51,000000</FRAN>
    <GREC>51,000000</GREC>
    <MFTV>51,000000</MFTV>
    <PRGP>95,010000</PRGP>
    <ROSN>51,000000</ROSN>
    <SLOV>51,000000</SLOV>
    <SVIZ>51,000000</SVIZ>
    <BSP>51,000000</BSP>
  </Prezzi>
  <Prezzi>
    <Data>20140908</Data>
    <Mercato>MGP</Mercato>
    <Ora>9</Ora>
    <PUN>62,156667</PUN>
    <NAT>59,230000</NAT>
    <CNOR>57,990000</CNOR>
    <CSUD>57,990000</CSUD>
    <NORD>57,990000</NORD>
    <SARD>57,990000</SARD>
    <SICI>130,000000</SICI>
    <SUD>57,990000</SUD>
    <AUST>57,990000</AUST>
    <BRNN>57,990000</BRNN>
    <COAC>57,990000</COAC>
    <CORS>57,990000</CORS>
    <FOGN>57,990000</FOGN>
    <FRAN>57,990000</FRAN>
    <GREC>57,990000</GREC>
    <MFTV>57,990000</MFTV>
    <PRGP>130,000000</PRGP>
    <ROSN>57,990000</ROSN>
    <SLOV>57,990000</SLOV>
    <SVIZ>57,990000</SVIZ>
    <BSP>57,260000</BSP>
  </Prezzi>
  <Prezzi>
    <Data>20140908</Data>
    <Mercato>MGP</Mercato>
    <Ora>10</Ora>
    <PUN>60,032895</PUN>
    <NAT>56,180000</NAT>
    <CNOR>55,700000</CNOR>
    <CSUD>55,700000</CSUD>
    <NORD>55,700000</NORD>
    <SARD>55,700000</SARD>
    <SICI>130,000000</SICI>
    <SUD>55,700000</SUD>
    <AUST>55,700000</AUST>
    <BRNN>55,700000</BRNN>
    <COAC>55,700000</COAC>
    <CORS>55,700000</CORS>
    <FOGN>55,700000</FOGN>
    <FRAN>55,700000</FRAN>
    <GREC>55,700000</GREC>
    <MFTV>55,700000</MFTV>
    <PRGP>130,000000</PRGP>
    <ROSN>55,700000</ROSN>
    <SLOV>55,700000</SLOV>
    <SVIZ>55,700000</SVIZ>
    <BSP>55,700000</BSP>
  </Prezzi>
  <Prezzi>
    <Data>20140908</Data>
    <Mercato>MGP</Mercato>
    <Ora>11</Ora>
    <PUN>55,420106</PUN>
    <NAT>52,200000</NAT>
    <CNOR>51,240000</CNOR>
    <CSUD>51,240000</CSUD>
    <NORD>51,240000</NORD>
    <SARD>51,240000</SARD>
    <SICI>122,710000</SICI>
    <SUD>51,240000</SUD>
    <AUST>51,240000</AUST>
    <BRNN>51,240000</BRNN>
    <COAC>51,240000</COAC>
    <CORS>51,240000</CORS>
    <FOGN>51,240000</FOGN>
    <FRAN>51,240000</FRAN>
    <GREC>51,240000</GREC>
    <MFTV>51,240000</MFTV>
    <PRGP>122,710000</PRGP>
    <ROSN>51,240000</ROSN>
    <SLOV>51,240000</SLOV>
    <SVIZ>51,240000</SVIZ>
    <BSP>51,240000</BSP>
  </Prezzi>
  <Prezzi>
    <Data>20140908</Data>
    <Mercato>MGP</Mercato>
    <Ora>12</Ora>
    <PUN>53,249241</PUN>
    <NAT>50,270000</NAT>
    <CNOR>49,990000</CNOR>
    <CSUD>49,990000</CSUD>
    <NORD>49,990000</NORD>
    <SARD>49,990000</SARD>
    <SICI>105,000000</SICI>
    <SUD>49,990000</SUD>
    <AUST>49,990000</AUST>
    <BRNN>49,990000</BRNN>
    <COAC>49,990000</COAC>
    <CORS>49,990000</CORS>
    <FOGN>49,990000</FOGN>
    <FRAN>49,990000</FRAN>
    <GREC>49,990000</GREC>
    <MFTV>49,990000</MFTV>
    <PRGP>105,000000</PRGP>
    <ROSN>49,990000</ROSN>
    <SLOV>49,990000</SLOV>
    <SVIZ>49,990000</SVIZ>
    <BSP>49,990000</BSP>
  </Prezzi>
  <Prezzi>
    <Data>20140908</Data>
    <Mercato>MGP</Mercato>
    <Ora>13</Ora>
    <PUN>47,764968</PUN>
    <NAT>48,000000</NAT>
    <CNOR>45,490000</CNOR>
    <CSUD>45,490000</CSUD>
    <NORD>45,490000</NORD>
    <SARD>45,490000</SARD>
    <SICI>81,000000</SICI>
    <SUD>45,490000</SUD>
    <AUST>45,490000</AUST>
    <BRNN>45,490000</BRNN>
    <COAC>45,490000</COAC>
    <CORS>45,490000</CORS>
    <FOGN>45,490000</FOGN>
    <FRAN>45,490000</FRAN>
    <GREC>45,490000</GREC>
    <MFTV>45,490000</MFTV>
    <PRGP>81,000000</PRGP>
    <ROSN>45,490000</ROSN>
    <SLOV>45,490000</SLOV>
    <SVIZ>45,490000</SVIZ>
    <BSP>45,490000</BSP>
  </Prezzi>
  <Prezzi>
    <Data>20140908</Data>
    <Mercato>MGP</Mercato>
    <Ora>14</Ora>
    <PUN>46,273593</PUN>
    <NAT>45,490000</NAT>
    <CNOR>44,190000</CNOR>
    <CSUD>44,190000</CSUD>
    <NORD>44,190000</NORD>
    <SARD>44,190000</SARD>
    <SICI>78,690000</SICI>
    <SUD>44,190000</SUD>
    <AUST>44,190000</AUST>
    <BRNN>44,190000</BRNN>
    <COAC>44,190000</COAC>
    <CORS>44,190000</CORS>
    <FOGN>44,190000</FOGN>
    <FRAN>44,190000</FRAN>
    <GREC>44,190000</GREC>
    <MFTV>44,190000</MFTV>
    <PRGP>78,690000</PRGP>
    <ROSN>44,190000</ROSN>
    <SLOV>44,190000</SLOV>
    <SVIZ>44,190000</SVIZ>
    <BSP>44,190000</BSP>
  </Prezzi>
  <Prezzi>
    <Data>20140908</Data>
    <Mercato>MGP</Mercato>
    <Ora>15</Ora>
    <PUN>51,137549</PUN>
    <NAT>50,470000</NAT>
    <CNOR>49,990000</CNOR>
    <CSUD>49,990000</CSUD>
    <NORD>49,990000</NORD>
    <SARD>49,990000</SARD>
    <SICI>70,000000</SICI>
    <SUD>49,990000</SUD>
    <AUST>49,990000</AUST>
    <BRNN>49,990000</BRNN>
    <COAC>49,990000</COAC>
    <CORS>49,990000</CORS>
    <FOGN>49,990000</FOGN>
    <FRAN>49,990000</FRAN>
    <GREC>49,990000</GREC>
    <MFTV>49,990000</MFTV>
    <PRGP>70,000000</PRGP>
    <ROSN>49,990000</ROSN>
    <SLOV>49,990000</SLOV>
    <SVIZ>49,990000</SVIZ>
    <BSP>49,990000</BSP>
  </Prezzi>
  <Prezzi>
    <Data>20140908</Data>
    <Mercato>MGP</Mercato>
    <Ora>16</Ora>
    <PUN>52,692982</PUN>
    <NAT>52,000000</NAT>
    <CNOR>51,000000</CNOR>
    <CSUD>51,000000</CSUD>
    <NORD>51,180000</NORD>
    <SARD>51,000000</SARD>
    <SICI>78,930000</SICI>
    <SUD>51,000000</SUD>
    <AUST>51,180000</AUST>
    <BRNN>51,000000</BRNN>
    <COAC>51,000000</COAC>
    <CORS>51,000000</CORS>
    <FOGN>51,000000</FOGN>
    <FRAN>51,180000</FRAN>
    <GREC>51,000000</GREC>
    <MFTV>51,180000</MFTV>
    <PRGP>78,930000</PRGP>
    <ROSN>51,000000</ROSN>
    <SLOV>51,180000</SLOV>
    <SVIZ>51,180000</SVIZ>
    <BSP>51,180000</BSP>
  </Prezzi>
  <Prezzi>
    <Data>20140908</Data>
    <Mercato>MGP</Mercato>
    <Ora>17</Ora>
    <PUN>55,715196</PUN>
    <NAT>54,220000</NAT>
    <CNOR>52,100000</CNOR>
    <CSUD>52,100000</CSUD>
    <NORD>54,000000</NORD>
    <SARD>52,100000</SARD>
    <SICI>95,000000</SICI>
    <SUD>52,100000</SUD>
    <AUST>54,000000</AUST>
    <BRNN>52,100000</BRNN>
    <COAC>52,100000</COAC>
    <CORS>52,100000</CORS>
    <FOGN>52,100000</FOGN>
    <FRAN>54,000000</FRAN>
    <GREC>52,100000</GREC>
    <MFTV>54,000000</MFTV>
    <PRGP>95,000000</PRGP>
    <ROSN>52,100000</ROSN>
    <SLOV>54,000000</SLOV>
    <SVIZ>54,000000</SVIZ>
    <BSP>54,000000</BSP>
  </Prezzi>
  <Prezzi>
    <Data>20140908</Data>
    <Mercato>MGP</Mercato>
    <Ora>18</Ora>
    <PUN>56,383108</PUN>
    <NAT>55,000000</NAT>
    <CNOR>53,910000</CNOR>
    <CSUD>53,910000</CSUD>
    <NORD>53,910000</NORD>
    <SARD>53,910000</SARD>
    <SICI>95,010000</SICI>
    <SUD>53,910000</SUD>
    <AUST>53,910000</AUST>
    <BRNN>53,910000</BRNN>
    <COAC>53,910000</COAC>
    <CORS>53,910000</CORS>
    <FOGN>53,910000</FOGN>
    <FRAN>53,910000</FRAN>
    <GREC>53,910000</GREC>
    <MFTV>53,910000</MFTV>
    <PRGP>95,010000</PRGP>
    <ROSN>53,910000</ROSN>
    <SLOV>53,910000</SLOV>
    <SVIZ>53,910000</SVIZ>
    <BSP>49,460000</BSP>
  </Prezzi>
  <Prezzi>
    <Data>20140908</Data>
    <Mercato>MGP</Mercato>
    <Ora>19</Ora>
    <PUN>60,596009</PUN>
    <NAT>56,380000</NAT>
    <CNOR>55,640000</CNOR>
    <CSUD>55,640000</CSUD>
    <NORD>55,640000</NORD>
    <SARD>55,640000</SARD>
    <SICI>135,010000</SICI>
    <SUD>55,640000</SUD>
    <AUST>55,640000</AUST>
    <BRNN>55,640000</BRNN>
    <COAC>55,640000</COAC>
    <CORS>55,640000</CORS>
    <FOGN>55,640000</FOGN>
    <FRAN>55,640000</FRAN>
    <GREC>55,640000</GREC>
    <MFTV>55,640000</MFTV>
    <PRGP>135,010000</PRGP>
    <ROSN>55,640000</ROSN>
    <SLOV>55,640000</SLOV>
    <SVIZ>55,640000</SVIZ>
    <BSP>50,630000</BSP>
  </Prezzi>
  <Prezzi>
    <Data>20140908</Data>
    <Mercato>MGP</Mercato>
    <Ora>20</Ora>
    <PUN>63,695017</PUN>
    <NAT>60,710000</NAT>
    <CNOR>58,690000</CNOR>
    <CSUD>58,690000</CSUD>
    <NORD>58,690000</NORD>
    <SARD>58,690000</SARD>
    <SICI>135,020000</SICI>
    <SUD>58,690000</SUD>
    <AUST>58,690000</AUST>
    <BRNN>58,690000</BRNN>
    <COAC>58,690000</COAC>
    <CORS>58,690000</CORS>
    <FOGN>58,690000</FOGN>
    <FRAN>58,690000</FRAN>
    <GREC>58,690000</GREC>
    <MFTV>58,690000</MFTV>
    <PRGP>135,020000</PRGP>
    <ROSN>58,690000</ROSN>
    <SLOV>58,690000</SLOV>
    <SVIZ>58,690000</SVIZ>
    <BSP>58,690000</BSP>
  </Prezzi>
  <Prezzi>
    <Data>20140908</Data>
    <Mercato>MGP</Mercato>
    <Ora>21</Ora>
    <PUN>76,000000</PUN>
    <NAT>78,000000</NAT>
    <CNOR>71,169023</CNOR>
    <CSUD>71,169023</CSUD>
    <NORD>71,169023</NORD>
    <SARD>71,169023</SARD>
    <SICI>144,830000</SICI>
    <SUD>71,169023</SUD>
    <AUST>71,169023</AUST>
    <BRNN>71,169023</BRNN>
    <COAC>71,169023</COAC>
    <CORS>71,169023</CORS>
    <FOGN>71,169023</FOGN>
    <FRAN>71,169023</FRAN>
    <GREC>71,169023</GREC>
    <MFTV>71,169023</MFTV>
    <PRGP>144,830000</PRGP>
    <ROSN>71,169023</ROSN>
    <SLOV>71,169023</SLOV>
    <SVIZ>71,169023</SVIZ>
    <BSP>71,169023</BSP>
  </Prezzi>
  <Prezzi>
    <Data>20140908</Data>
    <Mercato>MGP</Mercato>
    <Ora>22</Ora>
    <PUN>61,234057</PUN>
    <NAT>56,990000</NAT>
    <CNOR>56,000000</CNOR>
    <CSUD>56,000000</CSUD>
    <NORD>56,000000</NORD>
    <SARD>56,000000</SARD>
    <SICI>135,020000</SICI>
    <SUD>56,000000</SUD>
    <AUST>56,000000</AUST>
    <BRNN>56,000000</BRNN>
    <COAC>56,000000</COAC>
    <CORS>56,000000</CORS>
    <FOGN>56,000000</FOGN>
    <FRAN>56,000000</FRAN>
    <GREC>56,000000</GREC>
    <MFTV>56,000000</MFTV>
    <PRGP>135,020000</PRGP>
    <ROSN>56,000000</ROSN>
    <SLOV>56,000000</SLOV>
    <SVIZ>56,000000</SVIZ>
    <BSP>51,280000</BSP>
  </Prezzi>
  <Prezzi>
    <Data>20140908</Data>
    <Mercato>MGP</Mercato>
    <Ora>23</Ora>
    <PUN>54,593814</PUN>
    <NAT>52,500000</NAT>
    <CNOR>50,480000</CNOR>
    <CSUD>50,480000</CSUD>
    <NORD>50,480000</NORD>
    <SARD>50,480000</SARD>
    <SICI>110,000000</SICI>
    <SUD>50,480000</SUD>
    <AUST>50,480000</AUST>
    <BRNN>50,480000</BRNN>
    <COAC>50,480000</COAC>
    <CORS>50,480000</CORS>
    <FOGN>50,480000</FOGN>
    <FRAN>50,480000</FRAN>
    <GREC>50,480000</GREC>
    <MFTV>50,480000</MFTV>
    <PRGP>110,000000</PRGP>
    <ROSN>50,480000</ROSN>
    <SLOV>50,480000</SLOV>
    <SVIZ>50,480000</SVIZ>
    <BSP>41,490000</BSP>
  </Prezzi>
  <Prezzi>
    <Data>20140908</Data>
    <Mercato>MGP</Mercato>
    <Ora>24</Ora>
    <PUN>52,135236</PUN>
    <NAT>49,270000</NAT>
    <CNOR>48,990000</CNOR>
    <CSUD>48,990000</CSUD>
    <NORD>48,990000</NORD>
    <SARD>48,990000</SARD>
    <SICI>95,010000</SICI>
    <SUD>48,990000</SUD>
    <AUST>48,990000</AUST>
    <BRNN>48,990000</BRNN>
    <COAC>48,990000</COAC>
    <CORS>48,990000</CORS>
    <FOGN>48,990000</FOGN>
    <FRAN>48,990000</FRAN>
    <GREC>48,990000</GREC>
    <MFTV>48,990000</MFTV>
    <PRGP>95,010000</PRGP>
    <ROSN>48,990000</ROSN>
    <SLOV>48,990000</SLOV>
    <SVIZ>48,990000</SVIZ>
    <BSP>35,720000</BSP>
  </Prezzi>
</NewDataSet>