<?xml version="1.0" standalone="yes"?>
<NewDataSet>
  <xs:schema id="NewDataSet" xmlns="" xmlns:xs="http://www.w3.org/2001/XMLSchema" xmlns:msdata="urn:schemas-microsoft-com:xml-msdata">
    <xs:element name="NewDataSet" msdata:IsDataSet="true" msdata:UseCurrentLocale="true">
      <xs:complexType>
        <xs:choice minOccurs="0" maxOccurs="unbounded">
          <xs:element name="Prezzi">
            <xs:complexType>
              <xs:sequence>
                <xs:element name="Data" type="xs:string" minOccurs="0" />
                <xs:element name="Mercato" type="xs:string" minOccurs="0" />
                <xs:element name="Ora" type="xs:string" minOccurs="0" />
                <xs:element name="PUN" type="xs:string" minOccurs="0" />
                <xs:element name="NAT" type="xs:string" minOccurs="0" />
                <xs:element name="CNOR" type="xs:string" minOccurs="0" />
                <xs:element name="CSUD" type="xs:string" minOccurs="0" />
                <xs:element name="NORD" type="xs:string" minOccurs="0" />
                <xs:element name="SARD" type="xs:string" minOccurs="0" />
                <xs:element name="SICI" type="xs:string" minOccurs="0" />
                <xs:element name="SUD" type="xs:string" minOccurs="0" />
                <xs:element name="AUST" type="xs:string" minOccurs="0" />
                <xs:element name="BRNN" type="xs:string" minOccurs="0" />
                <xs:element name="COAC" type="xs:string" minOccurs="0" />
                <xs:element name="CORS" type="xs:string" minOccurs="0" />
                <xs:element name="FOGN" type="xs:string" minOccurs="0" />
                <xs:element name="FRAN" type="xs:string" minOccurs="0" />
                <xs:element name="GREC" type="xs:string" minOccurs="0" />
                <xs:element name="MFTV" type="xs:string" minOccurs="0" />
                <xs:element name="PRGP" type="xs:string" minOccurs="0" />
                <xs:element name="ROSN" type="xs:string" minOccurs="0" />
                <xs:element name="SLOV" type="xs:string" minOccurs="0" />
                <xs:element name="SVIZ" type="xs:string" minOccurs="0" />
                <xs:element name="BSP" type="xs:string" minOccurs="0" />
              </xs:sequence>
            </xs:complexType>
          </xs:element>
        </xs:choice>
      </xs:complexType>
    </xs:element>
  </xs:schema>
  <Prezzi>
    <Data>20140910</Data>
    <Mercato>MGP</Mercato>
    <Ora>1</Ora>
    <PUN>53,756032</PUN>
    <NAT>51,360000</NAT>
    <CNOR>50,800000</CNOR>
    <CSUD>50,800000</CSUD>
    <NORD>50,800000</NORD>
    <SARD>50,800000</SARD>
    <SICI>90,020000</SICI>
    <SUD>50,800000</SUD>
    <AUST>50,800000</AUST>
    <BRNN>50,800000</BRNN>
    <COAC>50,800000</COAC>
    <CORS>50,800000</CORS>
    <FOGN>50,800000</FOGN>
    <FRAN>50,800000</FRAN>
    <GREC>50,800000</GREC>
    <MFTV>50,800000</MFTV>
    <PRGP>90,020000</PRGP>
    <ROSN>50,800000</ROSN>
    <SLOV>50,800000</SLOV>
    <SVIZ>50,800000</SVIZ>
    <BSP>40,100000</BSP>
  </Prezzi>
  <Prezzi>
    <Data>20140910</Data>
    <Mercato>MGP</Mercato>
    <Ora>2</Ora>
    <PUN>50,307899</PUN>
    <NAT>49,580000</NAT>
    <CNOR>48,000000</CNOR>
    <CSUD>48,000000</CSUD>
    <NORD>48,000000</NORD>
    <SARD>48,000000</SARD>
    <SICI>80,000000</SICI>
    <SUD>48,000000</SUD>
    <AUST>48,000000</AUST>
    <BRNN>48,000000</BRNN>
    <COAC>48,000000</COAC>
    <CORS>48,000000</CORS>
    <FOGN>48,000000</FOGN>
    <FRAN>48,000000</FRAN>
    <GREC>48,000000</GREC>
    <MFTV>48,000000</MFTV>
    <PRGP>80,000000</PRGP>
    <ROSN>48,000000</ROSN>
    <SLOV>48,000000</SLOV>
    <SVIZ>48,000000</SVIZ>
    <BSP>39,890000</BSP>
  </Prezzi>
  <Prezzi>
    <Data>20140910</Data>
    <Mercato>MGP</Mercato>
    <Ora>3</Ora>
    <PUN>48,571692</PUN>
    <NAT>47,600000</NAT>
    <CNOR>46,980000</CNOR>
    <CSUD>46,980000</CSUD>
    <NORD>46,980000</NORD>
    <SARD>46,980000</SARD>
    <SICI>70,000000</SICI>
    <SUD>46,980000</SUD>
    <AUST>46,980000</AUST>
    <BRNN>46,980000</BRNN>
    <COAC>46,980000</COAC>
    <CORS>46,980000</CORS>
    <FOGN>46,980000</FOGN>
    <FRAN>46,980000</FRAN>
    <GREC>46,980000</GREC>
    <MFTV>46,980000</MFTV>
    <PRGP>70,000000</PRGP>
    <ROSN>46,980000</ROSN>
    <SLOV>46,980000</SLOV>
    <SVIZ>46,980000</SVIZ>
    <BSP>37,000000</BSP>
  </Prezzi>
  <Prezzi>
    <Data>20140910</Data>
    <Mercato>MGP</Mercato>
    <Ora>4</Ora>
    <PUN>49,272137</PUN>
    <NAT>48,000000</NAT>
    <CNOR>47,800000</CNOR>
    <CSUD>47,800000</CSUD>
    <NORD>47,800000</NORD>
    <SARD>47,800000</SARD>
    <SICI>70,000000</SICI>
    <SUD>47,800000</SUD>
    <AUST>47,800000</AUST>
    <BRNN>47,800000</BRNN>
    <COAC>47,800000</COAC>
    <CORS>47,800000</CORS>
    <FOGN>47,800000</FOGN>
    <FRAN>47,800000</FRAN>
    <GREC>47,800000</GREC>
    <MFTV>47,800000</MFTV>
    <PRGP>70,000000</PRGP>
    <ROSN>47,800000</ROSN>
    <SLOV>47,800000</SLOV>
    <SVIZ>47,800000</SVIZ>
    <BSP>33,170000</BSP>
  </Prezzi>
  <Prezzi>
    <Data>20140910</Data>
    <Mercato>MGP</Mercato>
    <Ora>5</Ora>
    <PUN>49,288029</PUN>
    <NAT>48,000000</NAT>
    <CNOR>48,000000</CNOR>
    <CSUD>48,000000</CSUD>
    <NORD>48,000000</NORD>
    <SARD>48,000000</SARD>
    <SICI>68,030000</SICI>
    <SUD>48,000000</SUD>
    <AUST>48,000000</AUST>
    <BRNN>48,000000</BRNN>
    <COAC>48,000000</COAC>
    <CORS>48,000000</CORS>
    <FOGN>48,000000</FOGN>
    <FRAN>48,000000</FRAN>
    <GREC>48,000000</GREC>
    <MFTV>48,000000</MFTV>
    <PRGP>68,030000</PRGP>
    <ROSN>48,000000</ROSN>
    <SLOV>48,000000</SLOV>
    <SVIZ>48,000000</SVIZ>
    <BSP>37,000000</BSP>
  </Prezzi>
  <Prezzi>
    <Data>20140910</Data>
    <Mercato>MGP</Mercato>
    <Ora>6</Ora>
    <PUN>50,386892</PUN>
    <NAT>50,000000</NAT>
    <CNOR>49,020000</CNOR>
    <CSUD>49,020000</CSUD>
    <NORD>49,020000</NORD>
    <SARD>49,020000</SARD>
    <SICI>70,000000</SICI>
    <SUD>49,020000</SUD>
    <AUST>49,020000</AUST>
    <BRNN>49,020000</BRNN>
    <COAC>49,020000</COAC>
    <CORS>49,020000</CORS>
    <FOGN>49,020000</FOGN>
    <FRAN>49,020000</FRAN>
    <GREC>49,020000</GREC>
    <MFTV>49,020000</MFTV>
    <PRGP>70,000000</PRGP>
    <ROSN>49,020000</ROSN>
    <SLOV>49,020000</SLOV>
    <SVIZ>49,020000</SVIZ>
    <BSP>38,840000</BSP>
  </Prezzi>
  <Prezzi>
    <Data>20140910</Data>
    <Mercato>MGP</Mercato>
    <Ora>7</Ora>
    <PUN>55,887116</PUN>
    <NAT>54,600000</NAT>
    <CNOR>54,550000</CNOR>
    <CSUD>54,550000</CSUD>
    <NORD>54,550000</NORD>
    <SARD>54,550000</SARD>
    <SICI>77,930000</SICI>
    <SUD>54,550000</SUD>
    <AUST>54,550000</AUST>
    <BRNN>54,550000</BRNN>
    <COAC>54,550000</COAC>
    <CORS>54,550000</CORS>
    <FOGN>54,550000</FOGN>
    <FRAN>54,550000</FRAN>
    <GREC>54,550000</GREC>
    <MFTV>54,550000</MFTV>
    <PRGP>77,930000</PRGP>
    <ROSN>54,550000</ROSN>
    <SLOV>54,550000</SLOV>
    <SVIZ>54,550000</SVIZ>
    <BSP>54,500000</BSP>
  </Prezzi>
  <Prezzi>
    <Data>20140910</Data>
    <Mercato>MGP</Mercato>
    <Ora>8</Ora>
    <PUN>58,856559</PUN>
    <NAT>57,990000</NAT>
    <CNOR>56,770000</CNOR>
    <CSUD>56,770000</CSUD>
    <NORD>56,770000</NORD>
    <SARD>56,770000</SARD>
    <SICI>95,000000</SICI>
    <SUD>56,770000</SUD>
    <AUST>56,770000</AUST>
    <BRNN>56,770000</BRNN>
    <COAC>56,770000</COAC>
    <CORS>56,770000</CORS>
    <FOGN>56,770000</FOGN>
    <FRAN>56,770000</FRAN>
    <GREC>56,770000</GREC>
    <MFTV>56,770000</MFTV>
    <PRGP>95,000000</PRGP>
    <ROSN>56,770000</ROSN>
    <SLOV>56,770000</SLOV>
    <SVIZ>56,770000</SVIZ>
    <BSP>56,770000</BSP>
  </Prezzi>
  <Prezzi>
    <Data>20140910</Data>
    <Mercato>MGP</Mercato>
    <Ora>9</Ora>
    <PUN>74,570000</PUN>
    <NAT>67,580000</NAT>
    <CNOR>63,000000</CNOR>
    <CSUD>63,000000</CSUD>
    <NORD>77,505817</NORD>
    <SARD>63,000000</SARD>
    <SICI>112,930000</SICI>
    <SUD>63,000000</SUD>
    <AUST>77,505817</AUST>
    <BRNN>63,000000</BRNN>
    <COAC>63,000000</COAC>
    <CORS>0,000000</CORS>
    <FOGN>63,000000</FOGN>
    <FRAN>77,505817</FRAN>
    <GREC>63,000000</GREC>
    <MFTV>77,505817</MFTV>
    <PRGP>112,930000</PRGP>
    <ROSN>63,000000</ROSN>
    <SLOV>77,505817</SLOV>
    <SVIZ>77,505817</SVIZ>
    <BSP>77,505817</BSP>
  </Prezzi>
  <Prezzi>
    <Data>20140910</Data>
    <Mercato>MGP</Mercato>
    <Ora>10</Ora>
    <PUN>73,426663</PUN>
    <NAT>65,000000</NAT>
    <CNOR>57,080000</CNOR>
    <CSUD>57,080000</CSUD>
    <NORD>78,990000</NORD>
    <SARD>57,080000</SARD>
    <SICI>110,000000</SICI>
    <SUD>57,080000</SUD>
    <AUST>78,990000</AUST>
    <BRNN>57,080000</BRNN>
    <COAC>57,080000</COAC>
    <CORS>0,000000</CORS>
    <FOGN>57,080000</FOGN>
    <FRAN>78,990000</FRAN>
    <GREC>57,080000</GREC>
    <MFTV>78,990000</MFTV>
    <PRGP>110,000000</PRGP>
    <ROSN>57,080000</ROSN>
    <SLOV>78,990000</SLOV>
    <SVIZ>78,990000</SVIZ>
    <BSP>78,990000</BSP>
  </Prezzi>
  <Prezzi>
    <Data>20140910</Data>
    <Mercato>MGP</Mercato>
    <Ora>11</Ora>
    <PUN>66,052756</PUN>
    <NAT>58,290000</NAT>
    <CNOR>50,840000</CNOR>
    <CSUD>50,840000</CSUD>
    <NORD>74,000000</NORD>
    <SARD>50,840000</SARD>
    <SICI>67,190000</SICI>
    <SUD>50,840000</SUD>
    <AUST>74,000000</AUST>
    <BRNN>50,840000</BRNN>
    <COAC>50,840000</COAC>
    <CORS>0,000000</CORS>
    <FOGN>50,840000</FOGN>
    <FRAN>74,000000</FRAN>
    <GREC>50,840000</GREC>
    <MFTV>74,000000</MFTV>
    <PRGP>67,190000</PRGP>
    <ROSN>50,840000</ROSN>
    <SLOV>74,000000</SLOV>
    <SVIZ>74,000000</SVIZ>
    <BSP>74,000000</BSP>
  </Prezzi>
  <Prezzi>
    <Data>20140910</Data>
    <Mercato>MGP</Mercato>
    <Ora>12</Ora>
    <PUN>63,730000</PUN>
    <NAT>55,740000</NAT>
    <CNOR>49,820000</CNOR>
    <CSUD>49,820000</CSUD>
    <NORD>71,649464</NORD>
    <SARD>49,820000</SARD>
    <SICI>58,190000</SICI>
    <SUD>49,820000</SUD>
    <AUST>71,649464</AUST>
    <BRNN>49,820000</BRNN>
    <COAC>49,820000</COAC>
    <CORS>0,000000</CORS>
    <FOGN>49,820000</FOGN>
    <FRAN>71,649464</FRAN>
    <GREC>49,820000</GREC>
    <MFTV>71,649464</MFTV>
    <PRGP>58,190000</PRGP>
    <ROSN>49,820000</ROSN>
    <SLOV>71,649464</SLOV>
    <SVIZ>71,649464</SVIZ>
    <BSP>71,649464</BSP>
  </Prezzi>
  <Prezzi>
    <Data>20140910</Data>
    <Mercato>MGP</Mercato>
    <Ora>13</Ora>
    <PUN>55,856716</PUN>
    <NAT>53,000000</NAT>
    <CNOR>43,170000</CNOR>
    <CSUD>43,170000</CSUD>
    <NORD>63,000000</NORD>
    <SARD>43,170000</SARD>
    <SICI>53,010000</SICI>
    <SUD>43,170000</SUD>
    <AUST>63,000000</AUST>
    <BRNN>43,170000</BRNN>
    <COAC>43,170000</COAC>
    <CORS>0,000000</CORS>
    <FOGN>43,170000</FOGN>
    <FRAN>63,000000</FRAN>
    <GREC>43,170000</GREC>
    <MFTV>63,000000</MFTV>
    <PRGP>53,010000</PRGP>
    <ROSN>43,170000</ROSN>
    <SLOV>63,000000</SLOV>
    <SVIZ>63,000000</SVIZ>
    <BSP>63,000000</BSP>
  </Prezzi>
  <Prezzi>
    <Data>20140910</Data>
    <Mercato>MGP</Mercato>
    <Ora>14</Ora>
    <PUN>54,283878</PUN>
    <NAT>52,900000</NAT>
    <CNOR>41,550000</CNOR>
    <CSUD>41,550000</CSUD>
    <NORD>61,000000</NORD>
    <SARD>41,550000</SARD>
    <SICI>53,010000</SICI>
    <SUD>41,550000</SUD>
    <AUST>61,000000</AUST>
    <BRNN>41,550000</BRNN>
    <COAC>41,550000</COAC>
    <CORS>0,000000</CORS>
    <FOGN>41,550000</FOGN>
    <FRAN>61,000000</FRAN>
    <GREC>41,550000</GREC>
    <MFTV>61,000000</MFTV>
    <PRGP>53,010000</PRGP>
    <ROSN>41,550000</ROSN>
    <SLOV>61,000000</SLOV>
    <SVIZ>61,000000</SVIZ>
    <BSP>61,000000</BSP>
  </Prezzi>
  <Prezzi>
    <Data>20140910</Data>
    <Mercato>MGP</Mercato>
    <Ora>15</Ora>
    <PUN>63,170000</PUN>
    <NAT>56,000000</NAT>
    <CNOR>44,760000</CNOR>
    <CSUD>44,760000</CSUD>
    <NORD>72,230845</NORD>
    <SARD>44,760000</SARD>
    <SICI>70,000000</SICI>
    <SUD>44,760000</SUD>
    <AUST>72,230845</AUST>
    <BRNN>44,760000</BRNN>
    <COAC>44,760000</COAC>
    <CORS>0,000000</CORS>
    <FOGN>44,760000</FOGN>
    <FRAN>72,230845</FRAN>
    <GREC>44,760000</GREC>
    <MFTV>72,230845</MFTV>
    <PRGP>70,000000</PRGP>
    <ROSN>44,760000</ROSN>
    <SLOV>72,230845</SLOV>
    <SVIZ>72,230845</SVIZ>
    <BSP>72,230845</BSP>
  </Prezzi>
  <Prezzi>
    <Data>20140910</Data>
    <Mercato>MGP</Mercato>
    <Ora>16</Ora>
    <PUN>69,831890</PUN>
    <NAT>59,000000</NAT>
    <CNOR>46,990000</CNOR>
    <CSUD>46,990000</CSUD>
    <NORD>81,060000</NORD>
    <SARD>46,990000</SARD>
    <SICI>78,930000</SICI>
    <SUD>46,990000</SUD>
    <AUST>81,060000</AUST>
    <BRNN>46,990000</BRNN>
    <COAC>46,990000</COAC>
    <CORS>0,000000</CORS>
    <FOGN>46,990000</FOGN>
    <FRAN>81,060000</FRAN>
    <GREC>46,990000</GREC>
    <MFTV>81,060000</MFTV>
    <PRGP>78,930000</PRGP>
    <ROSN>46,990000</ROSN>
    <SLOV>81,060000</SLOV>
    <SVIZ>81,060000</SVIZ>
    <BSP>81,060000</BSP>
  </Prezzi>
  <Prezzi>
    <Data>20140910</Data>
    <Mercato>MGP</Mercato>
    <Ora>17</Ora>
    <PUN>77,610899</PUN>
    <NAT>65,000000</NAT>
    <CNOR>52,000000</CNOR>
    <CSUD>52,000000</CSUD>
    <NORD>90,000000</NORD>
    <SARD>52,000000</SARD>
    <SICI>95,000000</SICI>
    <SUD>52,000000</SUD>
    <AUST>90,000000</AUST>
    <BRNN>52,000000</BRNN>
    <COAC>52,000000</COAC>
    <CORS>0,000000</CORS>
    <FOGN>52,000000</FOGN>
    <FRAN>90,000000</FRAN>
    <GREC>52,000000</GREC>
    <MFTV>90,000000</MFTV>
    <PRGP>95,000000</PRGP>
    <ROSN>52,000000</ROSN>
    <SLOV>90,000000</SLOV>
    <SVIZ>90,000000</SVIZ>
    <BSP>90,000000</BSP>
  </Prezzi>
  <Prezzi>
    <Data>20140910</Data>
    <Mercato>MGP</Mercato>
    <Ora>18</Ora>
    <PUN>67,280000</PUN>
    <NAT>60,000000</NAT>
    <CNOR>54,000000</CNOR>
    <CSUD>54,000000</CSUD>
    <NORD>72,158860</NORD>
    <SARD>54,000000</SARD>
    <SICI>95,010000</SICI>
    <SUD>54,000000</SUD>
    <AUST>72,158860</AUST>
    <BRNN>54,000000</BRNN>
    <COAC>54,000000</COAC>
    <CORS>0,000000</CORS>
    <FOGN>54,000000</FOGN>
    <FRAN>72,158860</FRAN>
    <GREC>54,000000</GREC>
    <MFTV>72,158860</MFTV>
    <PRGP>95,010000</PRGP>
    <ROSN>54,000000</ROSN>
    <SLOV>72,158860</SLOV>
    <SVIZ>72,158860</SVIZ>
    <BSP>72,158860</BSP>
  </Prezzi>
  <Prezzi>
    <Data>20140910</Data>
    <Mercato>MGP</Mercato>
    <Ora>19</Ora>
    <PUN>61,990130</PUN>
    <NAT>58,460000</NAT>
    <CNOR>57,480000</CNOR>
    <CSUD>57,480000</CSUD>
    <NORD>57,480000</NORD>
    <SARD>57,480000</SARD>
    <SICI>135,010000</SICI>
    <SUD>57,480000</SUD>
    <AUST>57,480000</AUST>
    <BRNN>57,480000</BRNN>
    <COAC>57,480000</COAC>
    <CORS>0,000000</CORS>
    <FOGN>57,480000</FOGN>
    <FRAN>57,480000</FRAN>
    <GREC>57,480000</GREC>
    <MFTV>57,480000</MFTV>
    <PRGP>135,010000</PRGP>
    <ROSN>57,480000</ROSN>
    <SLOV>57,480000</SLOV>
    <SVIZ>57,480000</SVIZ>
    <BSP>57,480000</BSP>
  </Prezzi>
  <Prezzi>
    <Data>20140910</Data>
    <Mercato>MGP</Mercato>
    <Ora>20</Ora>
    <PUN>65,526328</PUN>
    <NAT>64,000000</NAT>
    <CNOR>61,010000</CNOR>
    <CSUD>61,010000</CSUD>
    <NORD>61,010000</NORD>
    <SARD>61,010000</SARD>
    <SICI>135,020000</SICI>
    <SUD>61,010000</SUD>
    <AUST>61,010000</AUST>
    <BRNN>61,010000</BRNN>
    <COAC>61,010000</COAC>
    <CORS>0,000000</CORS>
    <FOGN>61,010000</FOGN>
    <FRAN>61,010000</FRAN>
    <GREC>61,010000</GREC>
    <MFTV>61,010000</MFTV>
    <PRGP>135,020000</PRGP>
    <ROSN>61,010000</ROSN>
    <SLOV>61,010000</SLOV>
    <SVIZ>61,010000</SVIZ>
    <BSP>61,010000</BSP>
  </Prezzi>
  <Prezzi>
    <Data>20140910</Data>
    <Mercato>MGP</Mercato>
    <Ora>21</Ora>
    <PUN>74,783352</PUN>
    <NAT>75,000000</NAT>
    <CNOR>70,890000</CNOR>
    <CSUD>70,890000</CSUD>
    <NORD>70,890000</NORD>
    <SARD>70,890000</SARD>
    <SICI>135,020000</SICI>
    <SUD>70,890000</SUD>
    <AUST>70,890000</AUST>
    <BRNN>70,300000</BRNN>
    <COAC>70,890000</COAC>
    <CORS>0,000000</CORS>
    <FOGN>70,890000</FOGN>
    <FRAN>70,890000</FRAN>
    <GREC>70,300000</GREC>
    <MFTV>70,890000</MFTV>
    <PRGP>135,020000</PRGP>
    <ROSN>70,890000</ROSN>
    <SLOV>70,890000</SLOV>
    <SVIZ>70,890000</SVIZ>
    <BSP>70,890000</BSP>
  </Prezzi>
  <Prezzi>
    <Data>20140910</Data>
    <Mercato>MGP</Mercato>
    <Ora>22</Ora>
    <PUN>57,985112</PUN>
    <NAT>55,990000</NAT>
    <CNOR>52,800000</CNOR>
    <CSUD>52,800000</CSUD>
    <NORD>52,800000</NORD>
    <SARD>52,800000</SARD>
    <SICI>135,020000</SICI>
    <SUD>52,800000</SUD>
    <AUST>52,800000</AUST>
    <BRNN>52,800000</BRNN>
    <COAC>52,800000</COAC>
    <CORS>0,000000</CORS>
    <FOGN>52,800000</FOGN>
    <FRAN>52,800000</FRAN>
    <GREC>52,800000</GREC>
    <MFTV>52,800000</MFTV>
    <PRGP>135,020000</PRGP>
    <ROSN>52,800000</ROSN>
    <SLOV>52,800000</SLOV>
    <SVIZ>52,800000</SVIZ>
    <BSP>52,800000</BSP>
  </Prezzi>
  <Prezzi>
    <Data>20140910</Data>
    <Mercato>MGP</Mercato>
    <Ora>23</Ora>
    <PUN>54,636243</PUN>
    <NAT>52,320000</NAT>
    <CNOR>50,980000</CNOR>
    <CSUD>50,980000</CSUD>
    <NORD>50,980000</NORD>
    <SARD>50,980000</SARD>
    <SICI>105,020000</SICI>
    <SUD>50,980000</SUD>
    <AUST>50,980000</AUST>
    <BRNN>50,980000</BRNN>
    <COAC>50,980000</COAC>
    <CORS>0,000000</CORS>
    <FOGN>50,980000</FOGN>
    <FRAN>50,980000</FRAN>
    <GREC>50,980000</GREC>
    <MFTV>50,980000</MFTV>
    <PRGP>105,020000</PRGP>
    <ROSN>50,980000</ROSN>
    <SLOV>50,980000</SLOV>
    <SVIZ>50,980000</SVIZ>
    <BSP>50,980000</BSP>
  </Prezzi>
  <Prezzi>
    <Data>20140910</Data>
    <Mercato>MGP</Mercato>
    <Ora>24</Ora>
    <PUN>52,163885</PUN>
    <NAT>49,990000</NAT>
    <CNOR>49,000000</CNOR>
    <CSUD>49,000000</CSUD>
    <NORD>49,000000</NORD>
    <SARD>49,000000</SARD>
    <SICI>95,010000</SICI>
    <SUD>49,000000</SUD>
    <AUST>49,000000</AUST>
    <BRNN>49,000000</BRNN>
    <COAC>49,000000</COAC>
    <CORS>0,000000</CORS>
    <FOGN>49,000000</FOGN>
    <FRAN>49,000000</FRAN>
    <GREC>49,000000</GREC>
    <MFTV>49,000000</MFTV>
    <PRGP>95,010000</PRGP>
    <ROSN>49,000000</ROSN>
    <SLOV>49,000000</SLOV>
    <SVIZ>49,000000</SVIZ>
    <BSP>46,400000</BSP>
  </Prezzi>
</NewDataSet>