<?xml version="1.0" standalone="yes"?>
<NewDataSet>
  <xs:schema id="NewDataSet" xmlns="" xmlns:xs="http://www.w3.org/2001/XMLSchema" xmlns:msdata="urn:schemas-microsoft-com:xml-msdata">
    <xs:element name="NewDataSet" msdata:IsDataSet="true" msdata:UseCurrentLocale="true">
      <xs:complexType>
        <xs:choice minOccurs="0" maxOccurs="unbounded">
          <xs:element name="Prezzi">
            <xs:complexType>
              <xs:sequence>
                <xs:element name="Data" type="xs:string" minOccurs="0" />
                <xs:element name="Mercato" type="xs:string" minOccurs="0" />
                <xs:element name="Ora" type="xs:string" minOccurs="0" />
                <xs:element name="PUN" type="xs:string" minOccurs="0" />
                <xs:element name="NAT" type="xs:string" minOccurs="0" />
                <xs:element name="CNOR" type="xs:string" minOccurs="0" />
                <xs:element name="CSUD" type="xs:string" minOccurs="0" />
                <xs:element name="NORD" type="xs:string" minOccurs="0" />
                <xs:element name="SARD" type="xs:string" minOccurs="0" />
                <xs:element name="SICI" type="xs:string" minOccurs="0" />
                <xs:element name="SUD" type="xs:string" minOccurs="0" />
                <xs:element name="AUST" type="xs:string" minOccurs="0" />
                <xs:element name="BRNN" type="xs:string" minOccurs="0" />
                <xs:element name="COAC" type="xs:string" minOccurs="0" />
                <xs:element name="CORS" type="xs:string" minOccurs="0" />
                <xs:element name="FOGN" type="xs:string" minOccurs="0" />
                <xs:element name="FRAN" type="xs:string" minOccurs="0" />
                <xs:element name="GREC" type="xs:string" minOccurs="0" />
                <xs:element name="MFTV" type="xs:string" minOccurs="0" />
                <xs:element name="PRGP" type="xs:string" minOccurs="0" />
                <xs:element name="ROSN" type="xs:string" minOccurs="0" />
                <xs:element name="SLOV" type="xs:string" minOccurs="0" />
                <xs:element name="SVIZ" type="xs:string" minOccurs="0" />
                <xs:element name="BSP" type="xs:string" minOccurs="0" />
              </xs:sequence>
            </xs:complexType>
          </xs:element>
        </xs:choice>
      </xs:complexType>
    </xs:element>
  </xs:schema>
  <Prezzi>
    <Data>20140927</Data>
    <Mercato>MGP</Mercato>
    <Ora>1</Ora>
    <PUN>57,827609</PUN>
    <NAT>55,000000</NAT>
    <CNOR>57,530000</CNOR>
    <CSUD>49,500000</CSUD>
    <NORD>57,530000</NORD>
    <SARD>49,500000</SARD>
    <SICI>90,000000</SICI>
    <SUD>49,500000</SUD>
    <AUST>57,530000</AUST>
    <BRNN>49,500000</BRNN>
    <COAC>49,500000</COAC>
    <CORS>0,000000</CORS>
    <FOGN>49,500000</FOGN>
    <FRAN>57,530000</FRAN>
    <GREC>49,500000</GREC>
    <MFTV>57,530000</MFTV>
    <PRGP>90,000000</PRGP>
    <ROSN>49,500000</ROSN>
    <SLOV>57,530000</SLOV>
    <SVIZ>57,530000</SVIZ>
    <BSP>29,150000</BSP>
  </Prezzi>
  <Prezzi>
    <Data>20140927</Data>
    <Mercato>MGP</Mercato>
    <Ora>2</Ora>
    <PUN>55,139497</PUN>
    <NAT>53,990000</NAT>
    <CNOR>58,860000</CNOR>
    <CSUD>43,530000</CSUD>
    <NORD>58,860000</NORD>
    <SARD>43,530000</SARD>
    <SICI>65,190000</SICI>
    <SUD>43,530000</SUD>
    <AUST>58,860000</AUST>
    <BRNN>43,530000</BRNN>
    <COAC>43,530000</COAC>
    <CORS>0,000000</CORS>
    <FOGN>43,530000</FOGN>
    <FRAN>58,860000</FRAN>
    <GREC>43,530000</GREC>
    <MFTV>58,860000</MFTV>
    <PRGP>65,190000</PRGP>
    <ROSN>43,530000</ROSN>
    <SLOV>58,860000</SLOV>
    <SVIZ>58,860000</SVIZ>
    <BSP>27,500000</BSP>
  </Prezzi>
  <Prezzi>
    <Data>20140927</Data>
    <Mercato>MGP</Mercato>
    <Ora>3</Ora>
    <PUN>55,435792</PUN>
    <NAT>55,790000</NAT>
    <CNOR>61,000000</CNOR>
    <CSUD>43,530000</CSUD>
    <NORD>61,000000</NORD>
    <SARD>43,530000</SARD>
    <SICI>51,020000</SICI>
    <SUD>43,530000</SUD>
    <AUST>61,000000</AUST>
    <BRNN>43,530000</BRNN>
    <COAC>43,530000</COAC>
    <CORS>0,000000</CORS>
    <FOGN>43,530000</FOGN>
    <FRAN>61,000000</FRAN>
    <GREC>43,530000</GREC>
    <MFTV>61,000000</MFTV>
    <PRGP>51,020000</PRGP>
    <ROSN>43,530000</ROSN>
    <SLOV>61,000000</SLOV>
    <SVIZ>61,000000</SVIZ>
    <BSP>26,000000</BSP>
  </Prezzi>
  <Prezzi>
    <Data>20140927</Data>
    <Mercato>MGP</Mercato>
    <Ora>4</Ora>
    <PUN>52,827257</PUN>
    <NAT>52,000000</NAT>
    <CNOR>58,820000</CNOR>
    <CSUD>38,580000</CSUD>
    <NORD>58,820000</NORD>
    <SARD>38,580000</SARD>
    <SICI>51,020000</SICI>
    <SUD>38,580000</SUD>
    <AUST>58,820000</AUST>
    <BRNN>38,580000</BRNN>
    <COAC>38,580000</COAC>
    <CORS>0,000000</CORS>
    <FOGN>38,580000</FOGN>
    <FRAN>58,820000</FRAN>
    <GREC>38,580000</GREC>
    <MFTV>58,820000</MFTV>
    <PRGP>51,020000</PRGP>
    <ROSN>38,580000</ROSN>
    <SLOV>58,820000</SLOV>
    <SVIZ>58,820000</SVIZ>
    <BSP>23,070000</BSP>
  </Prezzi>
  <Prezzi>
    <Data>20140927</Data>
    <Mercato>MGP</Mercato>
    <Ora>5</Ora>
    <PUN>51,455555</PUN>
    <NAT>51,000000</NAT>
    <CNOR>56,990000</CNOR>
    <CSUD>38,170000</CSUD>
    <NORD>56,990000</NORD>
    <SARD>38,170000</SARD>
    <SICI>51,020000</SICI>
    <SUD>38,170000</SUD>
    <AUST>56,990000</AUST>
    <BRNN>38,170000</BRNN>
    <COAC>38,170000</COAC>
    <CORS>0,000000</CORS>
    <FOGN>38,170000</FOGN>
    <FRAN>56,990000</FRAN>
    <GREC>38,170000</GREC>
    <MFTV>56,990000</MFTV>
    <PRGP>51,020000</PRGP>
    <ROSN>38,170000</ROSN>
    <SLOV>56,990000</SLOV>
    <SVIZ>56,990000</SVIZ>
    <BSP>22,280000</BSP>
  </Prezzi>
  <Prezzi>
    <Data>20140927</Data>
    <Mercato>MGP</Mercato>
    <Ora>6</Ora>
    <PUN>52,410635</PUN>
    <NAT>52,000000</NAT>
    <CNOR>59,640000</CNOR>
    <CSUD>34,860000</CSUD>
    <NORD>59,640000</NORD>
    <SARD>34,860000</SARD>
    <SICI>51,020000</SICI>
    <SUD>34,860000</SUD>
    <AUST>59,640000</AUST>
    <BRNN>34,860000</BRNN>
    <COAC>34,860000</COAC>
    <CORS>0,000000</CORS>
    <FOGN>34,860000</FOGN>
    <FRAN>59,640000</FRAN>
    <GREC>34,860000</GREC>
    <MFTV>59,640000</MFTV>
    <PRGP>51,020000</PRGP>
    <ROSN>34,860000</ROSN>
    <SLOV>59,640000</SLOV>
    <SVIZ>59,640000</SVIZ>
    <BSP>24,800000</BSP>
  </Prezzi>
  <Prezzi>
    <Data>20140927</Data>
    <Mercato>MGP</Mercato>
    <Ora>7</Ora>
    <PUN>58,020502</PUN>
    <NAT>55,270000</NAT>
    <CNOR>64,550000</CNOR>
    <CSUD>43,530000</CSUD>
    <NORD>64,550000</NORD>
    <SARD>43,530000</SARD>
    <SICI>51,010000</SICI>
    <SUD>43,530000</SUD>
    <AUST>64,550000</AUST>
    <BRNN>43,530000</BRNN>
    <COAC>43,530000</COAC>
    <CORS>0,000000</CORS>
    <FOGN>43,530000</FOGN>
    <FRAN>64,550000</FRAN>
    <GREC>43,530000</GREC>
    <MFTV>64,550000</MFTV>
    <PRGP>51,010000</PRGP>
    <ROSN>43,530000</ROSN>
    <SLOV>64,550000</SLOV>
    <SVIZ>64,550000</SVIZ>
    <BSP>30,030000</BSP>
  </Prezzi>
  <Prezzi>
    <Data>20140927</Data>
    <Mercato>MGP</Mercato>
    <Ora>8</Ora>
    <PUN>63,690000</PUN>
    <NAT>58,880000</NAT>
    <CNOR>70,421798</CNOR>
    <CSUD>43,530000</CSUD>
    <NORD>70,421798</NORD>
    <SARD>43,530000</SARD>
    <SICI>77,190000</SICI>
    <SUD>43,530000</SUD>
    <AUST>70,421798</AUST>
    <BRNN>43,530000</BRNN>
    <COAC>43,530000</COAC>
    <CORS>0,000000</CORS>
    <FOGN>43,530000</FOGN>
    <FRAN>70,421798</FRAN>
    <GREC>43,530000</GREC>
    <MFTV>70,421798</MFTV>
    <PRGP>77,190000</PRGP>
    <ROSN>43,530000</ROSN>
    <SLOV>70,421798</SLOV>
    <SVIZ>70,421798</SVIZ>
    <BSP>35,650000</BSP>
  </Prezzi>
  <Prezzi>
    <Data>20140927</Data>
    <Mercato>MGP</Mercato>
    <Ora>9</Ora>
    <PUN>77,382154</PUN>
    <NAT>58,990000</NAT>
    <CNOR>94,990000</CNOR>
    <CSUD>40,000000</CSUD>
    <NORD>94,990000</NORD>
    <SARD>40,000000</SARD>
    <SICI>51,020000</SICI>
    <SUD>40,000000</SUD>
    <AUST>94,990000</AUST>
    <BRNN>40,000000</BRNN>
    <COAC>40,000000</COAC>
    <CORS>0,000000</CORS>
    <FOGN>40,000000</FOGN>
    <FRAN>94,990000</FRAN>
    <GREC>40,000000</GREC>
    <MFTV>94,990000</MFTV>
    <PRGP>51,020000</PRGP>
    <ROSN>40,000000</ROSN>
    <SLOV>94,990000</SLOV>
    <SVIZ>94,990000</SVIZ>
    <BSP>42,390000</BSP>
  </Prezzi>
  <Prezzi>
    <Data>20140927</Data>
    <Mercato>MGP</Mercato>
    <Ora>10</Ora>
    <PUN>69,795040</PUN>
    <NAT>56,000000</NAT>
    <CNOR>85,950000</CNOR>
    <CSUD>34,150000</CSUD>
    <NORD>85,950000</NORD>
    <SARD>34,150000</SARD>
    <SICI>51,020000</SICI>
    <SUD>34,150000</SUD>
    <AUST>85,950000</AUST>
    <BRNN>34,150000</BRNN>
    <COAC>34,150000</COAC>
    <CORS>0,000000</CORS>
    <FOGN>34,150000</FOGN>
    <FRAN>85,950000</FRAN>
    <GREC>34,150000</GREC>
    <MFTV>85,950000</MFTV>
    <PRGP>51,020000</PRGP>
    <ROSN>34,150000</ROSN>
    <SLOV>85,950000</SLOV>
    <SVIZ>85,950000</SVIZ>
    <BSP>42,640000</BSP>
  </Prezzi>
  <Prezzi>
    <Data>20140927</Data>
    <Mercato>MGP</Mercato>
    <Ora>11</Ora>
    <PUN>52,666883</PUN>
    <NAT>49,000000</NAT>
    <CNOR>70,000000</CNOR>
    <CSUD>10,000000</CSUD>
    <NORD>70,000000</NORD>
    <SARD>10,000000</SARD>
    <SICI>51,010000</SICI>
    <SUD>10,000000</SUD>
    <AUST>70,000000</AUST>
    <BRNN>10,000000</BRNN>
    <COAC>10,000000</COAC>
    <CORS>0,000000</CORS>
    <FOGN>10,000000</FOGN>
    <FRAN>70,000000</FRAN>
    <GREC>10,000000</GREC>
    <MFTV>70,000000</MFTV>
    <PRGP>51,010000</PRGP>
    <ROSN>10,000000</ROSN>
    <SLOV>70,000000</SLOV>
    <SVIZ>70,000000</SVIZ>
    <BSP>44,560000</BSP>
  </Prezzi>
  <Prezzi>
    <Data>20140927</Data>
    <Mercato>MGP</Mercato>
    <Ora>12</Ora>
    <PUN>45,006044</PUN>
    <NAT>43,530000</NAT>
    <CNOR>62,750000</CNOR>
    <CSUD>0,000000</CSUD>
    <NORD>62,750000</NORD>
    <SARD>0,000000</SARD>
    <SICI>51,020000</SICI>
    <SUD>0,000000</SUD>
    <AUST>62,750000</AUST>
    <BRNN>0,000000</BRNN>
    <COAC>0,000000</COAC>
    <CORS>0,000000</CORS>
    <FOGN>0,000000</FOGN>
    <FRAN>62,750000</FRAN>
    <GREC>0,000000</GREC>
    <MFTV>62,750000</MFTV>
    <PRGP>51,020000</PRGP>
    <ROSN>0,000000</ROSN>
    <SLOV>62,750000</SLOV>
    <SVIZ>62,750000</SVIZ>
    <BSP>44,280000</BSP>
  </Prezzi>
  <Prezzi>
    <Data>20140927</Data>
    <Mercato>MGP</Mercato>
    <Ora>13</Ora>
    <PUN>37,525572</PUN>
    <NAT>38,520000</NAT>
    <CNOR>52,330000</CNOR>
    <CSUD>0,000000</CSUD>
    <NORD>52,330000</NORD>
    <SARD>0,000000</SARD>
    <SICI>51,010000</SICI>
    <SUD>0,000000</SUD>
    <AUST>52,330000</AUST>
    <BRNN>0,000000</BRNN>
    <COAC>0,000000</COAC>
    <CORS>0,000000</CORS>
    <FOGN>0,000000</FOGN>
    <FRAN>52,330000</FRAN>
    <GREC>0,000000</GREC>
    <MFTV>52,330000</MFTV>
    <PRGP>51,010000</PRGP>
    <ROSN>0,000000</ROSN>
    <SLOV>52,330000</SLOV>
    <SVIZ>52,330000</SVIZ>
    <BSP>40,650000</BSP>
  </Prezzi>
  <Prezzi>
    <Data>20140927</Data>
    <Mercato>MGP</Mercato>
    <Ora>14</Ora>
    <PUN>31,174935</PUN>
    <NAT>35,000000</NAT>
    <CNOR>42,500000</CNOR>
    <CSUD>0,000000</CSUD>
    <NORD>42,500000</NORD>
    <SARD>0,000000</SARD>
    <SICI>51,010000</SICI>
    <SUD>0,000000</SUD>
    <AUST>42,500000</AUST>
    <BRNN>0,000000</BRNN>
    <COAC>0,000000</COAC>
    <CORS>0,000000</CORS>
    <FOGN>0,000000</FOGN>
    <FRAN>42,500000</FRAN>
    <GREC>0,000000</GREC>
    <MFTV>42,500000</MFTV>
    <PRGP>51,010000</PRGP>
    <ROSN>0,000000</ROSN>
    <SLOV>42,500000</SLOV>
    <SVIZ>42,500000</SVIZ>
    <BSP>35,760000</BSP>
  </Prezzi>
  <Prezzi>
    <Data>20140927</Data>
    <Mercato>MGP</Mercato>
    <Ora>15</Ora>
    <PUN>32,599244</PUN>
    <NAT>35,200000</NAT>
    <CNOR>44,560000</CNOR>
    <CSUD>0,000000</CSUD>
    <NORD>44,560000</NORD>
    <SARD>0,000000</SARD>
    <SICI>51,000000</SICI>
    <SUD>0,000000</SUD>
    <AUST>44,560000</AUST>
    <BRNN>0,000000</BRNN>
    <COAC>0,000000</COAC>
    <CORS>0,000000</CORS>
    <FOGN>0,000000</FOGN>
    <FRAN>44,560000</FRAN>
    <GREC>0,000000</GREC>
    <MFTV>44,560000</MFTV>
    <PRGP>51,000000</PRGP>
    <ROSN>0,000000</ROSN>
    <SLOV>44,560000</SLOV>
    <SVIZ>44,560000</SVIZ>
    <BSP>29,700000</BSP>
  </Prezzi>
  <Prezzi>
    <Data>20140927</Data>
    <Mercato>MGP</Mercato>
    <Ora>16</Ora>
    <PUN>36,903812</PUN>
    <NAT>36,400000</NAT>
    <CNOR>51,000000</CNOR>
    <CSUD>0,000000</CSUD>
    <NORD>51,000000</NORD>
    <SARD>0,000000</SARD>
    <SICI>51,010000</SICI>
    <SUD>0,000000</SUD>
    <AUST>51,000000</AUST>
    <BRNN>0,000000</BRNN>
    <COAC>0,000000</COAC>
    <CORS>0,000000</CORS>
    <FOGN>0,000000</FOGN>
    <FRAN>51,000000</FRAN>
    <GREC>0,000000</GREC>
    <MFTV>51,000000</MFTV>
    <PRGP>51,010000</PRGP>
    <ROSN>0,000000</ROSN>
    <SLOV>51,000000</SLOV>
    <SVIZ>51,000000</SVIZ>
    <BSP>29,000000</BSP>
  </Prezzi>
  <Prezzi>
    <Data>20140927</Data>
    <Mercato>MGP</Mercato>
    <Ora>17</Ora>
    <PUN>44,567611</PUN>
    <NAT>43,520000</NAT>
    <CNOR>58,000000</CNOR>
    <CSUD>12,230000</CSUD>
    <NORD>58,000000</NORD>
    <SARD>12,230000</SARD>
    <SICI>51,020000</SICI>
    <SUD>12,230000</SUD>
    <AUST>58,000000</AUST>
    <BRNN>12,230000</BRNN>
    <COAC>12,230000</COAC>
    <CORS>0,000000</CORS>
    <FOGN>12,230000</FOGN>
    <FRAN>58,000000</FRAN>
    <GREC>12,230000</GREC>
    <MFTV>58,000000</MFTV>
    <PRGP>51,020000</PRGP>
    <ROSN>12,230000</ROSN>
    <SLOV>58,000000</SLOV>
    <SVIZ>58,000000</SVIZ>
    <BSP>28,990000</BSP>
  </Prezzi>
  <Prezzi>
    <Data>20140927</Data>
    <Mercato>MGP</Mercato>
    <Ora>18</Ora>
    <PUN>55,793080</PUN>
    <NAT>49,330000</NAT>
    <CNOR>61,000000</CNOR>
    <CSUD>34,700000</CSUD>
    <NORD>61,000000</NORD>
    <SARD>34,700000</SARD>
    <SICI>90,930000</SICI>
    <SUD>34,700000</SUD>
    <AUST>61,000000</AUST>
    <BRNN>34,700000</BRNN>
    <COAC>34,700000</COAC>
    <CORS>0,000000</CORS>
    <FOGN>34,700000</FOGN>
    <FRAN>61,000000</FRAN>
    <GREC>34,700000</GREC>
    <MFTV>61,000000</MFTV>
    <PRGP>90,930000</PRGP>
    <ROSN>34,700000</ROSN>
    <SLOV>61,000000</SLOV>
    <SVIZ>61,000000</SVIZ>
    <BSP>34,250000</BSP>
  </Prezzi>
  <Prezzi>
    <Data>20140927</Data>
    <Mercato>MGP</Mercato>
    <Ora>19</Ora>
    <PUN>61,657303</PUN>
    <NAT>56,170000</NAT>
    <CNOR>61,780000</CNOR>
    <CSUD>47,720000</CSUD>
    <NORD>61,780000</NORD>
    <SARD>47,720000</SARD>
    <SICI>118,030000</SICI>
    <SUD>47,720000</SUD>
    <AUST>61,780000</AUST>
    <BRNN>47,720000</BRNN>
    <COAC>47,720000</COAC>
    <CORS>0,000000</CORS>
    <FOGN>47,720000</FOGN>
    <FRAN>61,780000</FRAN>
    <GREC>47,720000</GREC>
    <MFTV>61,780000</MFTV>
    <PRGP>118,030000</PRGP>
    <ROSN>47,720000</ROSN>
    <SLOV>61,780000</SLOV>
    <SVIZ>61,780000</SVIZ>
    <BSP>42,000000</BSP>
  </Prezzi>
  <Prezzi>
    <Data>20140927</Data>
    <Mercato>MGP</Mercato>
    <Ora>20</Ora>
    <PUN>76,895197</PUN>
    <NAT>71,230000</NAT>
    <CNOR>78,070000</CNOR>
    <CSUD>61,170000</CSUD>
    <NORD>78,070000</NORD>
    <SARD>61,170000</SARD>
    <SICI>135,010000</SICI>
    <SUD>61,170000</SUD>
    <AUST>78,070000</AUST>
    <BRNN>61,170000</BRNN>
    <COAC>61,170000</COAC>
    <CORS>0,000000</CORS>
    <FOGN>61,170000</FOGN>
    <FRAN>78,070000</FRAN>
    <GREC>61,170000</GREC>
    <MFTV>78,070000</MFTV>
    <PRGP>135,010000</PRGP>
    <ROSN>61,170000</ROSN>
    <SLOV>78,070000</SLOV>
    <SVIZ>78,070000</SVIZ>
    <BSP>78,070000</BSP>
  </Prezzi>
  <Prezzi>
    <Data>20140927</Data>
    <Mercato>MGP</Mercato>
    <Ora>21</Ora>
    <PUN>76,253280</PUN>
    <NAT>72,950000</NAT>
    <CNOR>74,780000</CNOR>
    <CSUD>65,990000</CSUD>
    <NORD>74,780000</NORD>
    <SARD>65,990000</SARD>
    <SICI>135,000000</SICI>
    <SUD>65,990000</SUD>
    <AUST>74,780000</AUST>
    <BRNN>65,990000</BRNN>
    <COAC>65,990000</COAC>
    <CORS>0,000000</CORS>
    <FOGN>65,990000</FOGN>
    <FRAN>74,780000</FRAN>
    <GREC>65,990000</GREC>
    <MFTV>74,780000</MFTV>
    <PRGP>135,000000</PRGP>
    <ROSN>65,990000</ROSN>
    <SLOV>74,780000</SLOV>
    <SVIZ>74,780000</SVIZ>
    <BSP>72,000000</BSP>
  </Prezzi>
  <Prezzi>
    <Data>20140927</Data>
    <Mercato>MGP</Mercato>
    <Ora>22</Ora>
    <PUN>61,100000</PUN>
    <NAT>55,990000</NAT>
    <CNOR>58,027082</CNOR>
    <CSUD>52,900000</CSUD>
    <NORD>58,027082</NORD>
    <SARD>52,900000</SARD>
    <SICI>121,840000</SICI>
    <SUD>52,900000</SUD>
    <AUST>58,027082</AUST>
    <BRNN>52,900000</BRNN>
    <COAC>52,900000</COAC>
    <CORS>0,000000</CORS>
    <FOGN>52,900000</FOGN>
    <FRAN>58,027082</FRAN>
    <GREC>52,900000</GREC>
    <MFTV>58,027082</MFTV>
    <PRGP>121,840000</PRGP>
    <ROSN>52,900000</ROSN>
    <SLOV>58,027082</SLOV>
    <SVIZ>58,027082</SVIZ>
    <BSP>40,380000</BSP>
  </Prezzi>
  <Prezzi>
    <Data>20140927</Data>
    <Mercato>MGP</Mercato>
    <Ora>23</Ora>
    <PUN>59,876671</PUN>
    <NAT>56,320000</NAT>
    <CNOR>57,720000</CNOR>
    <CSUD>52,990000</CSUD>
    <NORD>57,720000</NORD>
    <SARD>52,990000</SARD>
    <SICI>105,010000</SICI>
    <SUD>52,990000</SUD>
    <AUST>57,720000</AUST>
    <BRNN>52,990000</BRNN>
    <COAC>52,990000</COAC>
    <CORS>0,000000</CORS>
    <FOGN>52,990000</FOGN>
    <FRAN>57,720000</FRAN>
    <GREC>52,990000</GREC>
    <MFTV>57,720000</MFTV>
    <PRGP>105,010000</PRGP>
    <ROSN>52,990000</ROSN>
    <SLOV>57,720000</SLOV>
    <SVIZ>57,720000</SVIZ>
    <BSP>35,500000</BSP>
  </Prezzi>
  <Prezzi>
    <Data>20140927</Data>
    <Mercato>MGP</Mercato>
    <Ora>24</Ora>
    <PUN>57,752961</PUN>
    <NAT>51,240000</NAT>
    <CNOR>57,290000</CNOR>
    <CSUD>49,330000</CSUD>
    <NORD>57,290000</NORD>
    <SARD>49,330000</SARD>
    <SICI>93,030000</SICI>
    <SUD>49,330000</SUD>
    <AUST>57,290000</AUST>
    <BRNN>49,330000</BRNN>
    <COAC>49,330000</COAC>
    <CORS>0,000000</CORS>
    <FOGN>49,330000</FOGN>
    <FRAN>57,290000</FRAN>
    <GREC>49,330000</GREC>
    <MFTV>57,290000</MFTV>
    <PRGP>93,030000</PRGP>
    <ROSN>49,330000</ROSN>
    <SLOV>57,290000</SLOV>
    <SVIZ>57,290000</SVIZ>
    <BSP>30,200000</BSP>
  </Prezzi>
</NewDataSet>