<?xml version="1.0" standalone="yes"?>
<NewDataSet>
  <xs:schema id="NewDataSet" xmlns="" xmlns:xs="http://www.w3.org/2001/XMLSchema" xmlns:msdata="urn:schemas-microsoft-com:xml-msdata">
    <xs:element name="NewDataSet" msdata:IsDataSet="true" msdata:UseCurrentLocale="true">
      <xs:complexType>
        <xs:choice minOccurs="0" maxOccurs="unbounded">
          <xs:element name="Prezzi">
            <xs:complexType>
              <xs:sequence>
                <xs:element name="Data" type="xs:string" minOccurs="0" />
                <xs:element name="Mercato" type="xs:string" minOccurs="0" />
                <xs:element name="Ora" type="xs:string" minOccurs="0" />
                <xs:element name="PUN" type="xs:string" minOccurs="0" />
                <xs:element name="NAT" type="xs:string" minOccurs="0" />
                <xs:element name="CNOR" type="xs:string" minOccurs="0" />
                <xs:element name="CSUD" type="xs:string" minOccurs="0" />
                <xs:element name="NORD" type="xs:string" minOccurs="0" />
                <xs:element name="SARD" type="xs:string" minOccurs="0" />
                <xs:element name="SICI" type="xs:string" minOccurs="0" />
                <xs:element name="SUD" type="xs:string" minOccurs="0" />
                <xs:element name="AUST" type="xs:string" minOccurs="0" />
                <xs:element name="BRNN" type="xs:string" minOccurs="0" />
                <xs:element name="COAC" type="xs:string" minOccurs="0" />
                <xs:element name="CORS" type="xs:string" minOccurs="0" />
                <xs:element name="FOGN" type="xs:string" minOccurs="0" />
                <xs:element name="FRAN" type="xs:string" minOccurs="0" />
                <xs:element name="GREC" type="xs:string" minOccurs="0" />
                <xs:element name="MFTV" type="xs:string" minOccurs="0" />
                <xs:element name="PRGP" type="xs:string" minOccurs="0" />
                <xs:element name="ROSN" type="xs:string" minOccurs="0" />
                <xs:element name="SLOV" type="xs:string" minOccurs="0" />
                <xs:element name="SVIZ" type="xs:string" minOccurs="0" />
                <xs:element name="BSP" type="xs:string" minOccurs="0" />
              </xs:sequence>
            </xs:complexType>
          </xs:element>
        </xs:choice>
      </xs:complexType>
    </xs:element>
  </xs:schema>
  <Prezzi>
    <Data>20140930</Data>
    <Mercato>MGP</Mercato>
    <Ora>1</Ora>
    <PUN>58,054845</PUN>
    <NAT>52,840000</NAT>
    <CNOR>57,410000</CNOR>
    <CSUD>50,000000</CSUD>
    <NORD>57,410000</NORD>
    <SARD>50,000000</SARD>
    <SICI>90,000000</SICI>
    <SUD>50,000000</SUD>
    <AUST>57,410000</AUST>
    <BRNN>50,000000</BRNN>
    <COAC>50,000000</COAC>
    <CORS>0,000000</CORS>
    <FOGN>50,000000</FOGN>
    <FRAN>57,410000</FRAN>
    <GREC>50,000000</GREC>
    <MFTV>57,410000</MFTV>
    <PRGP>90,000000</PRGP>
    <ROSN>50,000000</ROSN>
    <SLOV>57,410000</SLOV>
    <SVIZ>57,410000</SVIZ>
    <BSP>31,000000</BSP>
  </Prezzi>
  <Prezzi>
    <Data>20140930</Data>
    <Mercato>MGP</Mercato>
    <Ora>2</Ora>
    <PUN>49,290228</PUN>
    <NAT>48,910000</NAT>
    <CNOR>51,050000</CNOR>
    <CSUD>41,130000</CSUD>
    <NORD>51,050000</NORD>
    <SARD>41,130000</SARD>
    <SICI>62,990000</SICI>
    <SUD>41,130000</SUD>
    <AUST>51,050000</AUST>
    <BRNN>41,130000</BRNN>
    <COAC>41,130000</COAC>
    <CORS>0,000000</CORS>
    <FOGN>41,130000</FOGN>
    <FRAN>51,050000</FRAN>
    <GREC>41,130000</GREC>
    <MFTV>51,050000</MFTV>
    <PRGP>62,990000</PRGP>
    <ROSN>41,130000</ROSN>
    <SLOV>51,050000</SLOV>
    <SVIZ>51,050000</SVIZ>
    <BSP>27,930000</BSP>
  </Prezzi>
  <Prezzi>
    <Data>20140930</Data>
    <Mercato>MGP</Mercato>
    <Ora>3</Ora>
    <PUN>49,003217</PUN>
    <NAT>48,370000</NAT>
    <CNOR>51,050000</CNOR>
    <CSUD>43,530000</CSUD>
    <NORD>51,050000</NORD>
    <SARD>43,530000</SARD>
    <SICI>51,020000</SICI>
    <SUD>43,530000</SUD>
    <AUST>51,050000</AUST>
    <BRNN>43,530000</BRNN>
    <COAC>43,530000</COAC>
    <CORS>0,000000</CORS>
    <FOGN>43,530000</FOGN>
    <FRAN>51,050000</FRAN>
    <GREC>43,530000</GREC>
    <MFTV>51,050000</MFTV>
    <PRGP>51,020000</PRGP>
    <ROSN>43,530000</ROSN>
    <SLOV>51,050000</SLOV>
    <SVIZ>51,050000</SVIZ>
    <BSP>28,000000</BSP>
  </Prezzi>
  <Prezzi>
    <Data>20140930</Data>
    <Mercato>MGP</Mercato>
    <Ora>4</Ora>
    <PUN>48,239299</PUN>
    <NAT>47,500000</NAT>
    <CNOR>51,050000</CNOR>
    <CSUD>40,720000</CSUD>
    <NORD>51,050000</NORD>
    <SARD>40,720000</SARD>
    <SICI>51,020000</SICI>
    <SUD>40,720000</SUD>
    <AUST>51,050000</AUST>
    <BRNN>40,720000</BRNN>
    <COAC>40,720000</COAC>
    <CORS>0,000000</CORS>
    <FOGN>40,720000</FOGN>
    <FRAN>51,050000</FRAN>
    <GREC>40,720000</GREC>
    <MFTV>51,050000</MFTV>
    <PRGP>51,020000</PRGP>
    <ROSN>40,720000</ROSN>
    <SLOV>51,050000</SLOV>
    <SVIZ>51,050000</SVIZ>
    <BSP>26,000000</BSP>
  </Prezzi>
  <Prezzi>
    <Data>20140930</Data>
    <Mercato>MGP</Mercato>
    <Ora>5</Ora>
    <PUN>46,800774</PUN>
    <NAT>46,380000</NAT>
    <CNOR>48,910000</CNOR>
    <CSUD>40,720000</CSUD>
    <NORD>48,910000</NORD>
    <SARD>40,720000</SARD>
    <SICI>51,020000</SICI>
    <SUD>40,720000</SUD>
    <AUST>48,910000</AUST>
    <BRNN>40,720000</BRNN>
    <COAC>40,720000</COAC>
    <CORS>0,000000</CORS>
    <FOGN>40,720000</FOGN>
    <FRAN>48,910000</FRAN>
    <GREC>40,720000</GREC>
    <MFTV>48,910000</MFTV>
    <PRGP>51,020000</PRGP>
    <ROSN>40,720000</ROSN>
    <SLOV>48,910000</SLOV>
    <SVIZ>48,910000</SVIZ>
    <BSP>26,130000</BSP>
  </Prezzi>
  <Prezzi>
    <Data>20140930</Data>
    <Mercato>MGP</Mercato>
    <Ora>6</Ora>
    <PUN>50,815695</PUN>
    <NAT>51,000000</NAT>
    <CNOR>54,690000</CNOR>
    <CSUD>40,720000</CSUD>
    <NORD>54,690000</NORD>
    <SARD>40,720000</SARD>
    <SICI>51,020000</SICI>
    <SUD>40,720000</SUD>
    <AUST>54,690000</AUST>
    <BRNN>40,720000</BRNN>
    <COAC>40,720000</COAC>
    <CORS>0,000000</CORS>
    <FOGN>40,720000</FOGN>
    <FRAN>54,690000</FRAN>
    <GREC>40,720000</GREC>
    <MFTV>54,690000</MFTV>
    <PRGP>51,020000</PRGP>
    <ROSN>40,720000</ROSN>
    <SLOV>54,690000</SLOV>
    <SVIZ>54,690000</SVIZ>
    <BSP>31,380000</BSP>
  </Prezzi>
  <Prezzi>
    <Data>20140930</Data>
    <Mercato>MGP</Mercato>
    <Ora>7</Ora>
    <PUN>59,092020</PUN>
    <NAT>59,300000</NAT>
    <CNOR>61,000000</CNOR>
    <CSUD>55,000000</CSUD>
    <NORD>61,000000</NORD>
    <SARD>55,000000</SARD>
    <SICI>55,000000</SICI>
    <SUD>55,000000</SUD>
    <AUST>61,000000</AUST>
    <BRNN>55,000000</BRNN>
    <COAC>55,000000</COAC>
    <CORS>0,000000</CORS>
    <FOGN>55,000000</FOGN>
    <FRAN>61,000000</FRAN>
    <GREC>55,000000</GREC>
    <MFTV>61,000000</MFTV>
    <PRGP>55,000000</PRGP>
    <ROSN>55,000000</ROSN>
    <SLOV>61,000000</SLOV>
    <SVIZ>61,000000</SVIZ>
    <BSP>44,910000</BSP>
  </Prezzi>
  <Prezzi>
    <Data>20140930</Data>
    <Mercato>MGP</Mercato>
    <Ora>8</Ora>
    <PUN>65,076169</PUN>
    <NAT>62,770000</NAT>
    <CNOR>64,300000</CNOR>
    <CSUD>60,280000</CSUD>
    <NORD>64,300000</NORD>
    <SARD>60,280000</SARD>
    <SICI>95,000000</SICI>
    <SUD>60,280000</SUD>
    <AUST>64,300000</AUST>
    <BRNN>60,280000</BRNN>
    <COAC>60,280000</COAC>
    <CORS>0,000000</CORS>
    <FOGN>60,280000</FOGN>
    <FRAN>64,300000</FRAN>
    <GREC>60,280000</GREC>
    <MFTV>64,300000</MFTV>
    <PRGP>95,000000</PRGP>
    <ROSN>60,280000</ROSN>
    <SLOV>64,300000</SLOV>
    <SVIZ>64,300000</SVIZ>
    <BSP>55,020000</BSP>
  </Prezzi>
  <Prezzi>
    <Data>20140930</Data>
    <Mercato>MGP</Mercato>
    <Ora>9</Ora>
    <PUN>98,081742</PUN>
    <NAT>79,510000</NAT>
    <CNOR>110,000000</CNOR>
    <CSUD>58,700000</CSUD>
    <NORD>110,000000</NORD>
    <SARD>58,700000</SARD>
    <SICI>121,840000</SICI>
    <SUD>58,700000</SUD>
    <AUST>110,000000</AUST>
    <BRNN>58,700000</BRNN>
    <COAC>58,700000</COAC>
    <CORS>0,000000</CORS>
    <FOGN>58,700000</FOGN>
    <FRAN>110,000000</FRAN>
    <GREC>58,700000</GREC>
    <MFTV>110,000000</MFTV>
    <PRGP>121,840000</PRGP>
    <ROSN>58,700000</ROSN>
    <SLOV>110,000000</SLOV>
    <SVIZ>110,000000</SVIZ>
    <BSP>64,000000</BSP>
  </Prezzi>
  <Prezzi>
    <Data>20140930</Data>
    <Mercato>MGP</Mercato>
    <Ora>10</Ora>
    <PUN>95,481548</PUN>
    <NAT>75,600000</NAT>
    <CNOR>110,000000</CNOR>
    <CSUD>51,840000</CSUD>
    <NORD>110,000000</NORD>
    <SARD>51,840000</SARD>
    <SICI>108,030000</SICI>
    <SUD>51,840000</SUD>
    <AUST>110,000000</AUST>
    <BRNN>51,840000</BRNN>
    <COAC>51,840000</COAC>
    <CORS>0,000000</CORS>
    <FOGN>51,840000</FOGN>
    <FRAN>110,000000</FRAN>
    <GREC>51,840000</GREC>
    <MFTV>110,000000</MFTV>
    <PRGP>108,030000</PRGP>
    <ROSN>51,840000</ROSN>
    <SLOV>110,000000</SLOV>
    <SVIZ>110,000000</SVIZ>
    <BSP>59,200000</BSP>
  </Prezzi>
  <Prezzi>
    <Data>20140930</Data>
    <Mercato>MGP</Mercato>
    <Ora>11</Ora>
    <PUN>68,161673</PUN>
    <NAT>61,100000</NAT>
    <CNOR>78,000000</CNOR>
    <CSUD>39,720000</CSUD>
    <NORD>78,000000</NORD>
    <SARD>39,720000</SARD>
    <SICI>71,990000</SICI>
    <SUD>39,720000</SUD>
    <AUST>78,000000</AUST>
    <BRNN>39,720000</BRNN>
    <COAC>39,720000</COAC>
    <CORS>0,000000</CORS>
    <FOGN>39,720000</FOGN>
    <FRAN>78,000000</FRAN>
    <GREC>39,720000</GREC>
    <MFTV>78,000000</MFTV>
    <PRGP>71,990000</PRGP>
    <ROSN>39,720000</ROSN>
    <SLOV>78,000000</SLOV>
    <SVIZ>78,000000</SVIZ>
    <BSP>53,900000</BSP>
  </Prezzi>
  <Prezzi>
    <Data>20140930</Data>
    <Mercato>MGP</Mercato>
    <Ora>12</Ora>
    <PUN>58,889643</PUN>
    <NAT>58,300000</NAT>
    <CNOR>68,000000</CNOR>
    <CSUD>34,700000</CSUD>
    <NORD>68,000000</NORD>
    <SARD>34,700000</SARD>
    <SICI>51,020000</SICI>
    <SUD>34,700000</SUD>
    <AUST>68,000000</AUST>
    <BRNN>34,700000</BRNN>
    <COAC>34,700000</COAC>
    <CORS>0,000000</CORS>
    <FOGN>34,700000</FOGN>
    <FRAN>68,000000</FRAN>
    <GREC>34,700000</GREC>
    <MFTV>68,000000</MFTV>
    <PRGP>51,020000</PRGP>
    <ROSN>34,700000</ROSN>
    <SLOV>68,000000</SLOV>
    <SVIZ>68,000000</SVIZ>
    <BSP>55,600000</BSP>
  </Prezzi>
  <Prezzi>
    <Data>20140930</Data>
    <Mercato>MGP</Mercato>
    <Ora>13</Ora>
    <PUN>50,223110</PUN>
    <NAT>51,840000</NAT>
    <CNOR>57,650000</CNOR>
    <CSUD>30,110000</CSUD>
    <NORD>57,650000</NORD>
    <SARD>30,110000</SARD>
    <SICI>51,020000</SICI>
    <SUD>30,110000</SUD>
    <AUST>57,650000</AUST>
    <BRNN>30,110000</BRNN>
    <COAC>30,110000</COAC>
    <CORS>0,000000</CORS>
    <FOGN>30,110000</FOGN>
    <FRAN>57,650000</FRAN>
    <GREC>30,110000</GREC>
    <MFTV>57,650000</MFTV>
    <PRGP>51,020000</PRGP>
    <ROSN>30,110000</ROSN>
    <SLOV>57,650000</SLOV>
    <SVIZ>57,650000</SVIZ>
    <BSP>49,240000</BSP>
  </Prezzi>
  <Prezzi>
    <Data>20140930</Data>
    <Mercato>MGP</Mercato>
    <Ora>14</Ora>
    <PUN>50,022375</PUN>
    <NAT>52,000000</NAT>
    <CNOR>58,860000</CNOR>
    <CSUD>25,000000</CSUD>
    <NORD>58,860000</NORD>
    <SARD>25,000000</SARD>
    <SICI>51,020000</SICI>
    <SUD>25,000000</SUD>
    <AUST>58,860000</AUST>
    <BRNN>25,000000</BRNN>
    <COAC>25,000000</COAC>
    <CORS>0,000000</CORS>
    <FOGN>25,000000</FOGN>
    <FRAN>58,860000</FRAN>
    <GREC>25,000000</GREC>
    <MFTV>58,860000</MFTV>
    <PRGP>51,020000</PRGP>
    <ROSN>25,000000</ROSN>
    <SLOV>58,860000</SLOV>
    <SVIZ>58,860000</SVIZ>
    <BSP>49,230000</BSP>
  </Prezzi>
  <Prezzi>
    <Data>20140930</Data>
    <Mercato>MGP</Mercato>
    <Ora>15</Ora>
    <PUN>55,580000</PUN>
    <NAT>57,580000</NAT>
    <CNOR>63,294558</CNOR>
    <CSUD>34,150000</CSUD>
    <NORD>63,294558</NORD>
    <SARD>34,150000</SARD>
    <SICI>51,020000</SICI>
    <SUD>34,150000</SUD>
    <AUST>63,294558</AUST>
    <BRNN>34,150000</BRNN>
    <COAC>34,150000</COAC>
    <CORS>0,000000</CORS>
    <FOGN>34,150000</FOGN>
    <FRAN>63,294558</FRAN>
    <GREC>34,150000</GREC>
    <MFTV>63,294558</MFTV>
    <PRGP>51,020000</PRGP>
    <ROSN>34,150000</ROSN>
    <SLOV>63,294558</SLOV>
    <SVIZ>63,294558</SVIZ>
    <BSP>49,750000</BSP>
  </Prezzi>
  <Prezzi>
    <Data>20140930</Data>
    <Mercato>MGP</Mercato>
    <Ora>16</Ora>
    <PUN>66,061937</PUN>
    <NAT>60,030000</NAT>
    <CNOR>77,000000</CNOR>
    <CSUD>34,860000</CSUD>
    <NORD>77,000000</NORD>
    <SARD>34,860000</SARD>
    <SICI>62,990000</SICI>
    <SUD>34,860000</SUD>
    <AUST>77,000000</AUST>
    <BRNN>34,860000</BRNN>
    <COAC>34,860000</COAC>
    <CORS>0,000000</CORS>
    <FOGN>34,860000</FOGN>
    <FRAN>77,000000</FRAN>
    <GREC>34,860000</GREC>
    <MFTV>77,000000</MFTV>
    <PRGP>62,990000</PRGP>
    <ROSN>34,860000</ROSN>
    <SLOV>77,000000</SLOV>
    <SVIZ>77,000000</SVIZ>
    <BSP>48,660000</BSP>
  </Prezzi>
  <Prezzi>
    <Data>20140930</Data>
    <Mercato>MGP</Mercato>
    <Ora>17</Ora>
    <PUN>82,457253</PUN>
    <NAT>68,080000</NAT>
    <CNOR>95,030000</CNOR>
    <CSUD>43,530000</CSUD>
    <NORD>95,030000</NORD>
    <SARD>43,530000</SARD>
    <SICI>95,000000</SICI>
    <SUD>43,530000</SUD>
    <AUST>95,030000</AUST>
    <BRNN>43,530000</BRNN>
    <COAC>43,530000</COAC>
    <CORS>0,000000</CORS>
    <FOGN>43,530000</FOGN>
    <FRAN>95,030000</FRAN>
    <GREC>43,530000</GREC>
    <MFTV>95,030000</MFTV>
    <PRGP>95,000000</PRGP>
    <ROSN>43,530000</ROSN>
    <SLOV>95,030000</SLOV>
    <SVIZ>95,030000</SVIZ>
    <BSP>48,640000</BSP>
  </Prezzi>
  <Prezzi>
    <Data>20140930</Data>
    <Mercato>MGP</Mercato>
    <Ora>18</Ora>
    <PUN>82,117340</PUN>
    <NAT>63,590000</NAT>
    <CNOR>93,000000</CNOR>
    <CSUD>48,990000</CSUD>
    <NORD>93,000000</NORD>
    <SARD>48,990000</SARD>
    <SICI>95,010000</SICI>
    <SUD>48,990000</SUD>
    <AUST>93,000000</AUST>
    <BRNN>48,990000</BRNN>
    <COAC>48,990000</COAC>
    <CORS>0,000000</CORS>
    <FOGN>48,990000</FOGN>
    <FRAN>93,000000</FRAN>
    <GREC>48,990000</GREC>
    <MFTV>93,000000</MFTV>
    <PRGP>95,010000</PRGP>
    <ROSN>48,990000</ROSN>
    <SLOV>93,000000</SLOV>
    <SVIZ>93,000000</SVIZ>
    <BSP>51,820000</BSP>
  </Prezzi>
  <Prezzi>
    <Data>20140930</Data>
    <Mercato>MGP</Mercato>
    <Ora>19</Ora>
    <PUN>75,947599</PUN>
    <NAT>66,000000</NAT>
    <CNOR>79,480000</CNOR>
    <CSUD>53,080000</CSUD>
    <NORD>79,480000</NORD>
    <SARD>53,080000</SARD>
    <SICI>135,000000</SICI>
    <SUD>53,080000</SUD>
    <AUST>79,480000</AUST>
    <BRNN>53,080000</BRNN>
    <COAC>53,080000</COAC>
    <CORS>0,000000</CORS>
    <FOGN>53,080000</FOGN>
    <FRAN>79,480000</FRAN>
    <GREC>53,080000</GREC>
    <MFTV>79,480000</MFTV>
    <PRGP>135,000000</PRGP>
    <ROSN>53,080000</ROSN>
    <SLOV>79,480000</SLOV>
    <SVIZ>79,480000</SVIZ>
    <BSP>58,620000</BSP>
  </Prezzi>
  <Prezzi>
    <Data>20140930</Data>
    <Mercato>MGP</Mercato>
    <Ora>20</Ora>
    <PUN>91,390114</PUN>
    <NAT>98,180000</NAT>
    <CNOR>98,700000</CNOR>
    <CSUD>64,530000</CSUD>
    <NORD>98,700000</NORD>
    <SARD>64,530000</SARD>
    <SICI>135,020000</SICI>
    <SUD>64,530000</SUD>
    <AUST>98,700000</AUST>
    <BRNN>64,530000</BRNN>
    <COAC>64,530000</COAC>
    <CORS>0,000000</CORS>
    <FOGN>64,530000</FOGN>
    <FRAN>98,700000</FRAN>
    <GREC>64,530000</GREC>
    <MFTV>98,700000</MFTV>
    <PRGP>135,020000</PRGP>
    <ROSN>64,530000</ROSN>
    <SLOV>98,700000</SLOV>
    <SVIZ>98,700000</SVIZ>
    <BSP>96,800000</BSP>
  </Prezzi>
  <Prezzi>
    <Data>20140930</Data>
    <Mercato>MGP</Mercato>
    <Ora>21</Ora>
    <PUN>78,831336</PUN>
    <NAT>77,190000</NAT>
    <CNOR>77,930000</CNOR>
    <CSUD>68,630000</CSUD>
    <NORD>77,930000</NORD>
    <SARD>68,630000</SARD>
    <SICI>135,020000</SICI>
    <SUD>68,630000</SUD>
    <AUST>77,930000</AUST>
    <BRNN>68,630000</BRNN>
    <COAC>68,630000</COAC>
    <CORS>0,000000</CORS>
    <FOGN>68,630000</FOGN>
    <FRAN>77,930000</FRAN>
    <GREC>68,630000</GREC>
    <MFTV>77,930000</MFTV>
    <PRGP>135,020000</PRGP>
    <ROSN>68,630000</ROSN>
    <SLOV>77,930000</SLOV>
    <SVIZ>77,930000</SVIZ>
    <BSP>77,930000</BSP>
  </Prezzi>
  <Prezzi>
    <Data>20140930</Data>
    <Mercato>MGP</Mercato>
    <Ora>22</Ora>
    <PUN>62,790383</PUN>
    <NAT>58,460000</NAT>
    <CNOR>58,650000</CNOR>
    <CSUD>55,890000</CSUD>
    <NORD>58,650000</NORD>
    <SARD>55,890000</SARD>
    <SICI>135,000000</SICI>
    <SUD>55,890000</SUD>
    <AUST>58,650000</AUST>
    <BRNN>55,890000</BRNN>
    <COAC>55,890000</COAC>
    <CORS>0,000000</CORS>
    <FOGN>55,890000</FOGN>
    <FRAN>58,650000</FRAN>
    <GREC>55,890000</GREC>
    <MFTV>58,650000</MFTV>
    <PRGP>135,000000</PRGP>
    <ROSN>55,890000</ROSN>
    <SLOV>58,650000</SLOV>
    <SVIZ>58,650000</SVIZ>
    <BSP>50,990000</BSP>
  </Prezzi>
  <Prezzi>
    <Data>20140930</Data>
    <Mercato>MGP</Mercato>
    <Ora>23</Ora>
    <PUN>60,562092</PUN>
    <NAT>57,740000</NAT>
    <CNOR>57,740000</CNOR>
    <CSUD>55,990000</CSUD>
    <NORD>57,740000</NORD>
    <SARD>55,990000</SARD>
    <SICI>105,020000</SICI>
    <SUD>55,990000</SUD>
    <AUST>57,740000</AUST>
    <BRNN>55,990000</BRNN>
    <COAC>55,990000</COAC>
    <CORS>0,000000</CORS>
    <FOGN>55,990000</FOGN>
    <FRAN>57,740000</FRAN>
    <GREC>55,990000</GREC>
    <MFTV>57,740000</MFTV>
    <PRGP>105,020000</PRGP>
    <ROSN>55,990000</ROSN>
    <SLOV>57,740000</SLOV>
    <SVIZ>57,740000</SVIZ>
    <BSP>41,480000</BSP>
  </Prezzi>
  <Prezzi>
    <Data>20140930</Data>
    <Mercato>MGP</Mercato>
    <Ora>24</Ora>
    <PUN>58,940169</PUN>
    <NAT>55,000000</NAT>
    <CNOR>58,030000</CNOR>
    <CSUD>51,700000</CSUD>
    <NORD>58,030000</NORD>
    <SARD>51,700000</SARD>
    <SICI>95,000000</SICI>
    <SUD>51,700000</SUD>
    <AUST>58,030000</AUST>
    <BRNN>51,700000</BRNN>
    <COAC>51,700000</COAC>
    <CORS>0,000000</CORS>
    <FOGN>51,700000</FOGN>
    <FRAN>58,030000</FRAN>
    <GREC>51,700000</GREC>
    <MFTV>58,030000</MFTV>
    <PRGP>95,000000</PRGP>
    <ROSN>51,700000</ROSN>
    <SLOV>58,030000</SLOV>
    <SVIZ>58,030000</SVIZ>
    <BSP>34,460000</BSP>
  </Prezzi>
</NewDataSet>