<?xml version="1.0" standalone="yes"?>
<NewDataSet>
  <xs:schema id="NewDataSet" xmlns="" xmlns:xs="http://www.w3.org/2001/XMLSchema" xmlns:msdata="urn:schemas-microsoft-com:xml-msdata">
    <xs:element name="NewDataSet" msdata:IsDataSet="true" msdata:UseCurrentLocale="true">
      <xs:complexType>
        <xs:choice minOccurs="0" maxOccurs="unbounded">
          <xs:element name="Prezzi">
            <xs:complexType>
              <xs:sequence>
                <xs:element name="Data" type="xs:string" minOccurs="0" />
                <xs:element name="Mercato" type="xs:string" minOccurs="0" />
                <xs:element name="Ora" type="xs:string" minOccurs="0" />
                <xs:element name="PUN" type="xs:string" minOccurs="0" />
                <xs:element name="NAT" type="xs:string" minOccurs="0" />
                <xs:element name="CNOR" type="xs:string" minOccurs="0" />
                <xs:element name="CSUD" type="xs:string" minOccurs="0" />
                <xs:element name="NORD" type="xs:string" minOccurs="0" />
                <xs:element name="SARD" type="xs:string" minOccurs="0" />
                <xs:element name="SICI" type="xs:string" minOccurs="0" />
                <xs:element name="SUD" type="xs:string" minOccurs="0" />
                <xs:element name="AUST" type="xs:string" minOccurs="0" />
                <xs:element name="BRNN" type="xs:string" minOccurs="0" />
                <xs:element name="COAC" type="xs:string" minOccurs="0" />
                <xs:element name="CORS" type="xs:string" minOccurs="0" />
                <xs:element name="FOGN" type="xs:string" minOccurs="0" />
                <xs:element name="FRAN" type="xs:string" minOccurs="0" />
                <xs:element name="GREC" type="xs:string" minOccurs="0" />
                <xs:element name="MFTV" type="xs:string" minOccurs="0" />
                <xs:element name="PRGP" type="xs:string" minOccurs="0" />
                <xs:element name="ROSN" type="xs:string" minOccurs="0" />
                <xs:element name="SLOV" type="xs:string" minOccurs="0" />
                <xs:element name="SVIZ" type="xs:string" minOccurs="0" />
                <xs:element name="BSP" type="xs:string" minOccurs="0" />
              </xs:sequence>
            </xs:complexType>
          </xs:element>
        </xs:choice>
      </xs:complexType>
    </xs:element>
  </xs:schema>
  <Prezzi>
    <Data>20140915</Data>
    <Mercato>MGP</Mercato>
    <Ora>1</Ora>
    <PUN>61,583046</PUN>
    <NAT>53,250000</NAT>
    <CNOR>53,250000</CNOR>
    <CSUD>53,250000</CSUD>
    <NORD>53,250000</NORD>
    <SARD>169,500000</SARD>
    <SICI>90,010000</SICI>
    <SUD>53,250000</SUD>
    <AUST>53,250000</AUST>
    <BRNN>53,250000</BRNN>
    <COAC>169,500000</COAC>
    <CORS>0,000000</CORS>
    <FOGN>53,250000</FOGN>
    <FRAN>53,250000</FRAN>
    <GREC>53,250000</GREC>
    <MFTV>53,250000</MFTV>
    <PRGP>90,010000</PRGP>
    <ROSN>53,250000</ROSN>
    <SLOV>53,250000</SLOV>
    <SVIZ>53,250000</SVIZ>
    <BSP>25,510000</BSP>
  </Prezzi>
  <Prezzi>
    <Data>20140915</Data>
    <Mercato>MGP</Mercato>
    <Ora>2</Ora>
    <PUN>55,428652</PUN>
    <NAT>51,010000</NAT>
    <CNOR>52,830000</CNOR>
    <CSUD>52,830000</CSUD>
    <NORD>52,830000</NORD>
    <SARD>64,210000</SARD>
    <SICI>80,000000</SICI>
    <SUD>52,830000</SUD>
    <AUST>52,830000</AUST>
    <BRNN>52,830000</BRNN>
    <COAC>64,210000</COAC>
    <CORS>0,000000</CORS>
    <FOGN>52,830000</FOGN>
    <FRAN>52,830000</FRAN>
    <GREC>52,830000</GREC>
    <MFTV>52,830000</MFTV>
    <PRGP>80,000000</PRGP>
    <ROSN>52,830000</ROSN>
    <SLOV>52,830000</SLOV>
    <SVIZ>52,830000</SVIZ>
    <BSP>22,690000</BSP>
  </Prezzi>
  <Prezzi>
    <Data>20140915</Data>
    <Mercato>MGP</Mercato>
    <Ora>3</Ora>
    <PUN>52,590000</PUN>
    <NAT>50,000000</NAT>
    <CNOR>50,754153</CNOR>
    <CSUD>50,754153</CSUD>
    <NORD>50,754153</NORD>
    <SARD>64,210000</SARD>
    <SICI>68,030000</SICI>
    <SUD>50,754153</SUD>
    <AUST>50,754153</AUST>
    <BRNN>50,754153</BRNN>
    <COAC>64,210000</COAC>
    <CORS>0,000000</CORS>
    <FOGN>50,754153</FOGN>
    <FRAN>50,754153</FRAN>
    <GREC>50,754153</GREC>
    <MFTV>50,754153</MFTV>
    <PRGP>68,030000</PRGP>
    <ROSN>50,754153</ROSN>
    <SLOV>50,754153</SLOV>
    <SVIZ>50,754153</SVIZ>
    <BSP>21,320000</BSP>
  </Prezzi>
  <Prezzi>
    <Data>20140915</Data>
    <Mercato>MGP</Mercato>
    <Ora>4</Ora>
    <PUN>51,277776</PUN>
    <NAT>49,000000</NAT>
    <CNOR>50,000000</CNOR>
    <CSUD>50,000000</CSUD>
    <NORD>50,000000</NORD>
    <SARD>50,000000</SARD>
    <SICI>67,930000</SICI>
    <SUD>50,000000</SUD>
    <AUST>50,000000</AUST>
    <BRNN>50,000000</BRNN>
    <COAC>50,000000</COAC>
    <CORS>0,000000</CORS>
    <FOGN>50,000000</FOGN>
    <FRAN>50,000000</FRAN>
    <GREC>50,000000</GREC>
    <MFTV>50,000000</MFTV>
    <PRGP>67,930000</PRGP>
    <ROSN>50,000000</ROSN>
    <SLOV>50,000000</SLOV>
    <SVIZ>50,000000</SVIZ>
    <BSP>18,470000</BSP>
  </Prezzi>
  <Prezzi>
    <Data>20140915</Data>
    <Mercato>MGP</Mercato>
    <Ora>5</Ora>
    <PUN>51,162839</PUN>
    <NAT>49,000000</NAT>
    <CNOR>49,890000</CNOR>
    <CSUD>49,890000</CSUD>
    <NORD>49,890000</NORD>
    <SARD>49,890000</SARD>
    <SICI>67,930000</SICI>
    <SUD>49,890000</SUD>
    <AUST>49,890000</AUST>
    <BRNN>49,890000</BRNN>
    <COAC>49,890000</COAC>
    <CORS>0,000000</CORS>
    <FOGN>49,890000</FOGN>
    <FRAN>49,890000</FRAN>
    <GREC>49,890000</GREC>
    <MFTV>49,890000</MFTV>
    <PRGP>67,930000</PRGP>
    <ROSN>49,890000</ROSN>
    <SLOV>49,890000</SLOV>
    <SVIZ>49,890000</SVIZ>
    <BSP>19,000000</BSP>
  </Prezzi>
  <Prezzi>
    <Data>20140915</Data>
    <Mercato>MGP</Mercato>
    <Ora>6</Ora>
    <PUN>52,114196</PUN>
    <NAT>50,300000</NAT>
    <CNOR>50,770000</CNOR>
    <CSUD>50,770000</CSUD>
    <NORD>50,770000</NORD>
    <SARD>50,770000</SARD>
    <SICI>70,000000</SICI>
    <SUD>50,770000</SUD>
    <AUST>50,770000</AUST>
    <BRNN>50,770000</BRNN>
    <COAC>50,770000</COAC>
    <CORS>0,000000</CORS>
    <FOGN>50,770000</FOGN>
    <FRAN>50,770000</FRAN>
    <GREC>50,770000</GREC>
    <MFTV>50,770000</MFTV>
    <PRGP>70,000000</PRGP>
    <ROSN>50,770000</ROSN>
    <SLOV>50,770000</SLOV>
    <SVIZ>50,770000</SVIZ>
    <BSP>24,800000</BSP>
  </Prezzi>
  <Prezzi>
    <Data>20140915</Data>
    <Mercato>MGP</Mercato>
    <Ora>7</Ora>
    <PUN>57,359279</PUN>
    <NAT>55,660000</NAT>
    <CNOR>56,000000</CNOR>
    <CSUD>56,000000</CSUD>
    <NORD>56,000000</NORD>
    <SARD>56,000000</SARD>
    <SICI>78,030000</SICI>
    <SUD>56,000000</SUD>
    <AUST>56,000000</AUST>
    <BRNN>56,000000</BRNN>
    <COAC>56,000000</COAC>
    <CORS>0,000000</CORS>
    <FOGN>56,000000</FOGN>
    <FRAN>56,000000</FRAN>
    <GREC>56,000000</GREC>
    <MFTV>56,000000</MFTV>
    <PRGP>78,030000</PRGP>
    <ROSN>56,000000</ROSN>
    <SLOV>56,000000</SLOV>
    <SVIZ>56,000000</SVIZ>
    <BSP>38,400000</BSP>
  </Prezzi>
  <Prezzi>
    <Data>20140915</Data>
    <Mercato>MGP</Mercato>
    <Ora>8</Ora>
    <PUN>62,442002</PUN>
    <NAT>63,200000</NAT>
    <CNOR>60,460000</CNOR>
    <CSUD>60,460000</CSUD>
    <NORD>60,460000</NORD>
    <SARD>60,460000</SARD>
    <SICI>95,010000</SICI>
    <SUD>60,460000</SUD>
    <AUST>60,460000</AUST>
    <BRNN>60,460000</BRNN>
    <COAC>60,460000</COAC>
    <CORS>0,000000</CORS>
    <FOGN>60,460000</FOGN>
    <FRAN>60,460000</FRAN>
    <GREC>60,460000</GREC>
    <MFTV>60,460000</MFTV>
    <PRGP>95,010000</PRGP>
    <ROSN>60,460000</ROSN>
    <SLOV>60,460000</SLOV>
    <SVIZ>60,460000</SVIZ>
    <BSP>46,800000</BSP>
  </Prezzi>
  <Prezzi>
    <Data>20140915</Data>
    <Mercato>MGP</Mercato>
    <Ora>9</Ora>
    <PUN>72,975389</PUN>
    <NAT>70,000000</NAT>
    <CNOR>69,560000</CNOR>
    <CSUD>69,560000</CSUD>
    <NORD>69,560000</NORD>
    <SARD>69,560000</SARD>
    <SICI>130,000000</SICI>
    <SUD>69,560000</SUD>
    <AUST>69,560000</AUST>
    <BRNN>69,560000</BRNN>
    <COAC>69,560000</COAC>
    <CORS>0,000000</CORS>
    <FOGN>69,560000</FOGN>
    <FRAN>69,560000</FRAN>
    <GREC>69,560000</GREC>
    <MFTV>69,560000</MFTV>
    <PRGP>130,000000</PRGP>
    <ROSN>69,560000</ROSN>
    <SLOV>69,560000</SLOV>
    <SVIZ>69,560000</SVIZ>
    <BSP>63,220000</BSP>
  </Prezzi>
  <Prezzi>
    <Data>20140915</Data>
    <Mercato>MGP</Mercato>
    <Ora>10</Ora>
    <PUN>63,038187</PUN>
    <NAT>63,000000</NAT>
    <CNOR>59,400000</CNOR>
    <CSUD>59,400000</CSUD>
    <NORD>59,400000</NORD>
    <SARD>59,400000</SARD>
    <SICI>121,840000</SICI>
    <SUD>59,400000</SUD>
    <AUST>59,400000</AUST>
    <BRNN>59,400000</BRNN>
    <COAC>59,400000</COAC>
    <CORS>0,000000</CORS>
    <FOGN>59,400000</FOGN>
    <FRAN>59,400000</FRAN>
    <GREC>59,400000</GREC>
    <MFTV>59,400000</MFTV>
    <PRGP>121,840000</PRGP>
    <ROSN>59,400000</ROSN>
    <SLOV>59,400000</SLOV>
    <SVIZ>59,400000</SVIZ>
    <BSP>59,400000</BSP>
  </Prezzi>
  <Prezzi>
    <Data>20140915</Data>
    <Mercato>MGP</Mercato>
    <Ora>11</Ora>
    <PUN>57,848356</PUN>
    <NAT>54,380000</NAT>
    <CNOR>54,010000</CNOR>
    <CSUD>54,010000</CSUD>
    <NORD>54,010000</NORD>
    <SARD>54,010000</SARD>
    <SICI>120,860000</SICI>
    <SUD>52,580000</SUD>
    <AUST>54,010000</AUST>
    <BRNN>52,580000</BRNN>
    <COAC>54,010000</COAC>
    <CORS>0,000000</CORS>
    <FOGN>52,580000</FOGN>
    <FRAN>54,010000</FRAN>
    <GREC>52,580000</GREC>
    <MFTV>54,010000</MFTV>
    <PRGP>120,860000</PRGP>
    <ROSN>52,580000</ROSN>
    <SLOV>54,010000</SLOV>
    <SVIZ>54,010000</SVIZ>
    <BSP>54,010000</BSP>
  </Prezzi>
  <Prezzi>
    <Data>20140915</Data>
    <Mercato>MGP</Mercato>
    <Ora>12</Ora>
    <PUN>53,854847</PUN>
    <NAT>51,080000</NAT>
    <CNOR>51,230000</CNOR>
    <CSUD>51,230000</CSUD>
    <NORD>51,230000</NORD>
    <SARD>51,230000</SARD>
    <SICI>102,930000</SICI>
    <SUD>45,000000</SUD>
    <AUST>51,230000</AUST>
    <BRNN>45,000000</BRNN>
    <COAC>51,230000</COAC>
    <CORS>0,000000</CORS>
    <FOGN>45,000000</FOGN>
    <FRAN>51,230000</FRAN>
    <GREC>45,000000</GREC>
    <MFTV>51,230000</MFTV>
    <PRGP>102,930000</PRGP>
    <ROSN>45,000000</ROSN>
    <SLOV>51,230000</SLOV>
    <SVIZ>51,230000</SVIZ>
    <BSP>51,230000</BSP>
  </Prezzi>
  <Prezzi>
    <Data>20140915</Data>
    <Mercato>MGP</Mercato>
    <Ora>13</Ora>
    <PUN>48,894278</PUN>
    <NAT>47,520000</NAT>
    <CNOR>47,430000</CNOR>
    <CSUD>47,430000</CSUD>
    <NORD>47,430000</NORD>
    <SARD>47,430000</SARD>
    <SICI>78,690000</SICI>
    <SUD>41,400000</SUD>
    <AUST>47,430000</AUST>
    <BRNN>41,400000</BRNN>
    <COAC>47,430000</COAC>
    <CORS>0,000000</CORS>
    <FOGN>41,400000</FOGN>
    <FRAN>47,430000</FRAN>
    <GREC>41,400000</GREC>
    <MFTV>47,430000</MFTV>
    <PRGP>78,690000</PRGP>
    <ROSN>41,400000</ROSN>
    <SLOV>47,430000</SLOV>
    <SVIZ>47,430000</SVIZ>
    <BSP>47,430000</BSP>
  </Prezzi>
  <Prezzi>
    <Data>20140915</Data>
    <Mercato>MGP</Mercato>
    <Ora>14</Ora>
    <PUN>46,670966</PUN>
    <NAT>46,750000</NAT>
    <CNOR>46,900000</CNOR>
    <CSUD>46,900000</CSUD>
    <NORD>46,900000</NORD>
    <SARD>46,900000</SARD>
    <SICI>51,010000</SICI>
    <SUD>41,010000</SUD>
    <AUST>46,900000</AUST>
    <BRNN>41,010000</BRNN>
    <COAC>46,900000</COAC>
    <CORS>0,000000</CORS>
    <FOGN>41,010000</FOGN>
    <FRAN>46,900000</FRAN>
    <GREC>41,010000</GREC>
    <MFTV>46,900000</MFTV>
    <PRGP>51,010000</PRGP>
    <ROSN>41,010000</ROSN>
    <SLOV>46,900000</SLOV>
    <SVIZ>46,900000</SVIZ>
    <BSP>46,900000</BSP>
  </Prezzi>
  <Prezzi>
    <Data>20140915</Data>
    <Mercato>MGP</Mercato>
    <Ora>15</Ora>
    <PUN>48,882250</PUN>
    <NAT>49,000000</NAT>
    <CNOR>48,990000</CNOR>
    <CSUD>48,990000</CSUD>
    <NORD>49,590000</NORD>
    <SARD>48,990000</SARD>
    <SICI>51,010000</SICI>
    <SUD>41,400000</SUD>
    <AUST>49,590000</AUST>
    <BRNN>41,400000</BRNN>
    <COAC>48,990000</COAC>
    <CORS>0,000000</CORS>
    <FOGN>41,400000</FOGN>
    <FRAN>49,590000</FRAN>
    <GREC>41,400000</GREC>
    <MFTV>49,590000</MFTV>
    <PRGP>51,010000</PRGP>
    <ROSN>41,400000</ROSN>
    <SLOV>49,590000</SLOV>
    <SVIZ>49,590000</SVIZ>
    <BSP>49,520000</BSP>
  </Prezzi>
  <Prezzi>
    <Data>20140915</Data>
    <Mercato>MGP</Mercato>
    <Ora>16</Ora>
    <PUN>54,141709</PUN>
    <NAT>51,190000</NAT>
    <CNOR>54,590000</CNOR>
    <CSUD>48,990000</CSUD>
    <NORD>54,590000</NORD>
    <SARD>48,990000</SARD>
    <SICI>70,000000</SICI>
    <SUD>48,990000</SUD>
    <AUST>54,590000</AUST>
    <BRNN>48,990000</BRNN>
    <COAC>48,990000</COAC>
    <CORS>0,000000</CORS>
    <FOGN>48,990000</FOGN>
    <FRAN>54,590000</FRAN>
    <GREC>48,990000</GREC>
    <MFTV>54,590000</MFTV>
    <PRGP>70,000000</PRGP>
    <ROSN>48,990000</ROSN>
    <SLOV>54,590000</SLOV>
    <SVIZ>54,590000</SVIZ>
    <BSP>47,870000</BSP>
  </Prezzi>
  <Prezzi>
    <Data>20140915</Data>
    <Mercato>MGP</Mercato>
    <Ora>17</Ora>
    <PUN>56,257883</PUN>
    <NAT>53,470000</NAT>
    <CNOR>53,470000</CNOR>
    <CSUD>53,470000</CSUD>
    <NORD>53,940000</NORD>
    <SARD>53,470000</SARD>
    <SICI>95,000000</SICI>
    <SUD>53,470000</SUD>
    <AUST>53,940000</AUST>
    <BRNN>53,470000</BRNN>
    <COAC>53,470000</COAC>
    <CORS>0,000000</CORS>
    <FOGN>53,470000</FOGN>
    <FRAN>53,940000</FRAN>
    <GREC>53,470000</GREC>
    <MFTV>53,940000</MFTV>
    <PRGP>95,000000</PRGP>
    <ROSN>53,470000</ROSN>
    <SLOV>53,940000</SLOV>
    <SVIZ>53,940000</SVIZ>
    <BSP>46,720000</BSP>
  </Prezzi>
  <Prezzi>
    <Data>20140915</Data>
    <Mercato>MGP</Mercato>
    <Ora>18</Ora>
    <PUN>58,396374</PUN>
    <NAT>57,000000</NAT>
    <CNOR>55,990000</CNOR>
    <CSUD>55,990000</CSUD>
    <NORD>55,990000</NORD>
    <SARD>55,990000</SARD>
    <SICI>95,010000</SICI>
    <SUD>55,990000</SUD>
    <AUST>55,990000</AUST>
    <BRNN>55,990000</BRNN>
    <COAC>55,990000</COAC>
    <CORS>0,000000</CORS>
    <FOGN>55,990000</FOGN>
    <FRAN>55,990000</FRAN>
    <GREC>55,990000</GREC>
    <MFTV>55,990000</MFTV>
    <PRGP>95,010000</PRGP>
    <ROSN>55,990000</ROSN>
    <SLOV>55,990000</SLOV>
    <SVIZ>55,990000</SVIZ>
    <BSP>46,990000</BSP>
  </Prezzi>
  <Prezzi>
    <Data>20140915</Data>
    <Mercato>MGP</Mercato>
    <Ora>19</Ora>
    <PUN>62,863761</PUN>
    <NAT>58,410000</NAT>
    <CNOR>57,940000</CNOR>
    <CSUD>57,940000</CSUD>
    <NORD>57,940000</NORD>
    <SARD>57,940000</SARD>
    <SICI>135,020000</SICI>
    <SUD>57,940000</SUD>
    <AUST>57,940000</AUST>
    <BRNN>57,940000</BRNN>
    <COAC>57,940000</COAC>
    <CORS>0,000000</CORS>
    <FOGN>57,940000</FOGN>
    <FRAN>57,940000</FRAN>
    <GREC>57,940000</GREC>
    <MFTV>57,940000</MFTV>
    <PRGP>135,020000</PRGP>
    <ROSN>57,940000</ROSN>
    <SLOV>57,940000</SLOV>
    <SVIZ>57,940000</SVIZ>
    <BSP>51,230000</BSP>
  </Prezzi>
  <Prezzi>
    <Data>20140915</Data>
    <Mercato>MGP</Mercato>
    <Ora>20</Ora>
    <PUN>72,848320</PUN>
    <NAT>71,410000</NAT>
    <CNOR>68,560000</CNOR>
    <CSUD>68,560000</CSUD>
    <NORD>68,560000</NORD>
    <SARD>68,560000</SARD>
    <SICI>135,020000</SICI>
    <SUD>68,560000</SUD>
    <AUST>68,560000</AUST>
    <BRNN>68,560000</BRNN>
    <COAC>68,560000</COAC>
    <CORS>0,000000</CORS>
    <FOGN>68,560000</FOGN>
    <FRAN>68,560000</FRAN>
    <GREC>68,560000</GREC>
    <MFTV>68,560000</MFTV>
    <PRGP>135,020000</PRGP>
    <ROSN>68,560000</ROSN>
    <SLOV>68,560000</SLOV>
    <SVIZ>68,560000</SVIZ>
    <BSP>68,560000</BSP>
  </Prezzi>
  <Prezzi>
    <Data>20140915</Data>
    <Mercato>MGP</Mercato>
    <Ora>21</Ora>
    <PUN>78,833613</PUN>
    <NAT>76,430000</NAT>
    <CNOR>71,000000</CNOR>
    <CSUD>71,000000</CSUD>
    <NORD>71,000000</NORD>
    <SARD>169,500000</SARD>
    <SICI>135,020000</SICI>
    <SUD>71,000000</SUD>
    <AUST>71,000000</AUST>
    <BRNN>71,000000</BRNN>
    <COAC>169,500000</COAC>
    <CORS>0,000000</CORS>
    <FOGN>71,000000</FOGN>
    <FRAN>71,000000</FRAN>
    <GREC>71,000000</GREC>
    <MFTV>71,000000</MFTV>
    <PRGP>135,020000</PRGP>
    <ROSN>71,000000</ROSN>
    <SLOV>71,000000</SLOV>
    <SVIZ>71,000000</SVIZ>
    <BSP>71,000000</BSP>
  </Prezzi>
  <Prezzi>
    <Data>20140915</Data>
    <Mercato>MGP</Mercato>
    <Ora>22</Ora>
    <PUN>62,011394</PUN>
    <NAT>58,000000</NAT>
    <CNOR>56,600000</CNOR>
    <CSUD>56,600000</CSUD>
    <NORD>56,600000</NORD>
    <SARD>64,210000</SARD>
    <SICI>135,020000</SICI>
    <SUD>56,600000</SUD>
    <AUST>56,600000</AUST>
    <BRNN>56,600000</BRNN>
    <COAC>64,210000</COAC>
    <CORS>0,000000</CORS>
    <FOGN>56,600000</FOGN>
    <FRAN>56,600000</FRAN>
    <GREC>56,600000</GREC>
    <MFTV>56,600000</MFTV>
    <PRGP>135,020000</PRGP>
    <ROSN>56,600000</ROSN>
    <SLOV>56,600000</SLOV>
    <SVIZ>56,600000</SVIZ>
    <BSP>46,060000</BSP>
  </Prezzi>
  <Prezzi>
    <Data>20140915</Data>
    <Mercato>MGP</Mercato>
    <Ora>23</Ora>
    <PUN>60,776979</PUN>
    <NAT>53,540000</NAT>
    <CNOR>52,750000</CNOR>
    <CSUD>52,750000</CSUD>
    <NORD>52,750000</NORD>
    <SARD>169,500000</SARD>
    <SICI>105,020000</SICI>
    <SUD>52,750000</SUD>
    <AUST>52,750000</AUST>
    <BRNN>52,750000</BRNN>
    <COAC>169,500000</COAC>
    <CORS>0,000000</CORS>
    <FOGN>52,750000</FOGN>
    <FRAN>52,750000</FRAN>
    <GREC>52,750000</GREC>
    <MFTV>52,750000</MFTV>
    <PRGP>105,020000</PRGP>
    <ROSN>52,750000</ROSN>
    <SLOV>52,750000</SLOV>
    <SVIZ>52,750000</SVIZ>
    <BSP>39,560000</BSP>
  </Prezzi>
  <Prezzi>
    <Data>20140915</Data>
    <Mercato>MGP</Mercato>
    <Ora>24</Ora>
    <PUN>56,911056</PUN>
    <NAT>50,000000</NAT>
    <CNOR>49,060000</CNOR>
    <CSUD>49,060000</CSUD>
    <NORD>49,060000</NORD>
    <SARD>169,500000</SARD>
    <SICI>95,020000</SICI>
    <SUD>49,060000</SUD>
    <AUST>49,060000</AUST>
    <BRNN>49,060000</BRNN>
    <COAC>169,500000</COAC>
    <CORS>0,000000</CORS>
    <FOGN>49,060000</FOGN>
    <FRAN>49,060000</FRAN>
    <GREC>49,060000</GREC>
    <MFTV>49,060000</MFTV>
    <PRGP>95,020000</PRGP>
    <ROSN>49,060000</ROSN>
    <SLOV>49,060000</SLOV>
    <SVIZ>49,060000</SVIZ>
    <BSP>32,320000</BSP>
  </Prezzi>
</NewDataSet>