<?xml version="1.0" standalone="yes"?>
<NewDataSet>
  <xs:schema id="NewDataSet" xmlns="" xmlns:xs="http://www.w3.org/2001/XMLSchema" xmlns:msdata="urn:schemas-microsoft-com:xml-msdata">
    <xs:element name="NewDataSet" msdata:IsDataSet="true" msdata:UseCurrentLocale="true">
      <xs:complexType>
        <xs:choice minOccurs="0" maxOccurs="unbounded">
          <xs:element name="Prezzi">
            <xs:complexType>
              <xs:sequence>
                <xs:element name="Data" type="xs:string" minOccurs="0" />
                <xs:element name="Mercato" type="xs:string" minOccurs="0" />
                <xs:element name="Ora" type="xs:string" minOccurs="0" />
                <xs:element name="PUN" type="xs:string" minOccurs="0" />
                <xs:element name="NAT" type="xs:string" minOccurs="0" />
                <xs:element name="CNOR" type="xs:string" minOccurs="0" />
                <xs:element name="CSUD" type="xs:string" minOccurs="0" />
                <xs:element name="NORD" type="xs:string" minOccurs="0" />
                <xs:element name="SARD" type="xs:string" minOccurs="0" />
                <xs:element name="SICI" type="xs:string" minOccurs="0" />
                <xs:element name="SUD" type="xs:string" minOccurs="0" />
                <xs:element name="AUST" type="xs:string" minOccurs="0" />
                <xs:element name="BRNN" type="xs:string" minOccurs="0" />
                <xs:element name="COAC" type="xs:string" minOccurs="0" />
                <xs:element name="CORS" type="xs:string" minOccurs="0" />
                <xs:element name="FOGN" type="xs:string" minOccurs="0" />
                <xs:element name="FRAN" type="xs:string" minOccurs="0" />
                <xs:element name="GREC" type="xs:string" minOccurs="0" />
                <xs:element name="MFTV" type="xs:string" minOccurs="0" />
                <xs:element name="PRGP" type="xs:string" minOccurs="0" />
                <xs:element name="ROSN" type="xs:string" minOccurs="0" />
                <xs:element name="SLOV" type="xs:string" minOccurs="0" />
                <xs:element name="SVIZ" type="xs:string" minOccurs="0" />
                <xs:element name="BSP" type="xs:string" minOccurs="0" />
              </xs:sequence>
            </xs:complexType>
          </xs:element>
        </xs:choice>
      </xs:complexType>
    </xs:element>
  </xs:schema>
  <Prezzi>
    <Data>20140922</Data>
    <Mercato>MGP</Mercato>
    <Ora>1</Ora>
    <PUN>45,986667</PUN>
    <NAT>43,500000</NAT>
    <CNOR>42,000000</CNOR>
    <CSUD>42,000000</CSUD>
    <NORD>42,000000</NORD>
    <SARD>42,000000</SARD>
    <SICI>90,000000</SICI>
    <SUD>42,000000</SUD>
    <AUST>42,000000</AUST>
    <BRNN>42,000000</BRNN>
    <COAC>42,000000</COAC>
    <CORS>0,000000</CORS>
    <FOGN>42,000000</FOGN>
    <FRAN>42,000000</FRAN>
    <GREC>42,000000</GREC>
    <MFTV>42,000000</MFTV>
    <PRGP>90,000000</PRGP>
    <ROSN>42,000000</ROSN>
    <SLOV>42,000000</SLOV>
    <SVIZ>42,000000</SVIZ>
    <BSP>20,260000</BSP>
  </Prezzi>
  <Prezzi>
    <Data>20140922</Data>
    <Mercato>MGP</Mercato>
    <Ora>2</Ora>
    <PUN>43,800000</PUN>
    <NAT>40,890000</NAT>
    <CNOR>40,834276</CNOR>
    <CSUD>40,834276</CSUD>
    <NORD>40,834276</NORD>
    <SARD>40,834276</SARD>
    <SICI>77,930000</SICI>
    <SUD>40,834276</SUD>
    <AUST>40,834276</AUST>
    <BRNN>40,834276</BRNN>
    <COAC>40,834276</COAC>
    <CORS>0,000000</CORS>
    <FOGN>40,834276</FOGN>
    <FRAN>40,834276</FRAN>
    <GREC>40,834276</GREC>
    <MFTV>40,834276</MFTV>
    <PRGP>77,930000</PRGP>
    <ROSN>40,834276</ROSN>
    <SLOV>40,834276</SLOV>
    <SVIZ>40,834276</SVIZ>
    <BSP>16,180000</BSP>
  </Prezzi>
  <Prezzi>
    <Data>20140922</Data>
    <Mercato>MGP</Mercato>
    <Ora>3</Ora>
    <PUN>40,077673</PUN>
    <NAT>39,200000</NAT>
    <CNOR>39,200000</CNOR>
    <CSUD>39,200000</CSUD>
    <NORD>39,200000</NORD>
    <SARD>39,200000</SARD>
    <SICI>51,020000</SICI>
    <SUD>39,200000</SUD>
    <AUST>39,200000</AUST>
    <BRNN>39,200000</BRNN>
    <COAC>39,200000</COAC>
    <CORS>0,000000</CORS>
    <FOGN>39,200000</FOGN>
    <FRAN>39,200000</FRAN>
    <GREC>39,200000</GREC>
    <MFTV>39,200000</MFTV>
    <PRGP>51,020000</PRGP>
    <ROSN>39,200000</ROSN>
    <SLOV>39,200000</SLOV>
    <SVIZ>39,200000</SVIZ>
    <BSP>13,320000</BSP>
  </Prezzi>
  <Prezzi>
    <Data>20140922</Data>
    <Mercato>MGP</Mercato>
    <Ora>4</Ora>
    <PUN>38,270856</PUN>
    <NAT>36,740000</NAT>
    <CNOR>37,270000</CNOR>
    <CSUD>37,270000</CSUD>
    <NORD>37,270000</NORD>
    <SARD>37,270000</SARD>
    <SICI>51,020000</SICI>
    <SUD>37,270000</SUD>
    <AUST>37,270000</AUST>
    <BRNN>37,270000</BRNN>
    <COAC>37,270000</COAC>
    <CORS>0,000000</CORS>
    <FOGN>37,270000</FOGN>
    <FRAN>37,270000</FRAN>
    <GREC>37,270000</GREC>
    <MFTV>37,270000</MFTV>
    <PRGP>51,020000</PRGP>
    <ROSN>37,270000</ROSN>
    <SLOV>37,270000</SLOV>
    <SVIZ>37,270000</SVIZ>
    <BSP>8,860000</BSP>
  </Prezzi>
  <Prezzi>
    <Data>20140922</Data>
    <Mercato>MGP</Mercato>
    <Ora>5</Ora>
    <PUN>40,390539</PUN>
    <NAT>39,270000</NAT>
    <CNOR>39,550000</CNOR>
    <CSUD>39,550000</CSUD>
    <NORD>39,550000</NORD>
    <SARD>39,550000</SARD>
    <SICI>51,020000</SICI>
    <SUD>39,550000</SUD>
    <AUST>39,550000</AUST>
    <BRNN>39,550000</BRNN>
    <COAC>39,550000</COAC>
    <CORS>0,000000</CORS>
    <FOGN>39,550000</FOGN>
    <FRAN>39,550000</FRAN>
    <GREC>39,550000</GREC>
    <MFTV>39,550000</MFTV>
    <PRGP>51,020000</PRGP>
    <ROSN>39,550000</ROSN>
    <SLOV>39,550000</SLOV>
    <SVIZ>39,550000</SVIZ>
    <BSP>10,050000</BSP>
  </Prezzi>
  <Prezzi>
    <Data>20140922</Data>
    <Mercato>MGP</Mercato>
    <Ora>6</Ora>
    <PUN>44,075283</PUN>
    <NAT>44,000000</NAT>
    <CNOR>43,540000</CNOR>
    <CSUD>43,540000</CSUD>
    <NORD>43,540000</NORD>
    <SARD>43,540000</SARD>
    <SICI>51,020000</SICI>
    <SUD>43,540000</SUD>
    <AUST>43,540000</AUST>
    <BRNN>43,540000</BRNN>
    <COAC>43,540000</COAC>
    <CORS>0,000000</CORS>
    <FOGN>43,540000</FOGN>
    <FRAN>43,540000</FRAN>
    <GREC>43,540000</GREC>
    <MFTV>43,540000</MFTV>
    <PRGP>51,020000</PRGP>
    <ROSN>43,540000</ROSN>
    <SLOV>43,540000</SLOV>
    <SVIZ>43,540000</SVIZ>
    <BSP>17,490000</BSP>
  </Prezzi>
  <Prezzi>
    <Data>20140922</Data>
    <Mercato>MGP</Mercato>
    <Ora>7</Ora>
    <PUN>53,200000</PUN>
    <NAT>52,620000</NAT>
    <CNOR>53,200000</CNOR>
    <CSUD>53,200000</CSUD>
    <NORD>53,200000</NORD>
    <SARD>53,200000</SARD>
    <SICI>53,200000</SICI>
    <SUD>53,200000</SUD>
    <AUST>53,200000</AUST>
    <BRNN>53,200000</BRNN>
    <COAC>53,200000</COAC>
    <CORS>0,000000</CORS>
    <FOGN>53,200000</FOGN>
    <FRAN>53,200000</FRAN>
    <GREC>53,200000</GREC>
    <MFTV>53,200000</MFTV>
    <PRGP>53,200000</PRGP>
    <ROSN>53,200000</ROSN>
    <SLOV>53,200000</SLOV>
    <SVIZ>53,200000</SVIZ>
    <BSP>32,810000</BSP>
  </Prezzi>
  <Prezzi>
    <Data>20140922</Data>
    <Mercato>MGP</Mercato>
    <Ora>8</Ora>
    <PUN>62,082345</PUN>
    <NAT>60,000000</NAT>
    <CNOR>59,990000</CNOR>
    <CSUD>59,990000</CSUD>
    <NORD>59,990000</NORD>
    <SARD>59,990000</SARD>
    <SICI>95,000000</SICI>
    <SUD>59,990000</SUD>
    <AUST>59,990000</AUST>
    <BRNN>59,990000</BRNN>
    <COAC>59,990000</COAC>
    <CORS>0,000000</CORS>
    <FOGN>59,990000</FOGN>
    <FRAN>59,990000</FRAN>
    <GREC>59,990000</GREC>
    <MFTV>59,990000</MFTV>
    <PRGP>95,000000</PRGP>
    <ROSN>59,990000</ROSN>
    <SLOV>59,990000</SLOV>
    <SVIZ>59,990000</SVIZ>
    <BSP>43,290000</BSP>
  </Prezzi>
  <Prezzi>
    <Data>20140922</Data>
    <Mercato>MGP</Mercato>
    <Ora>9</Ora>
    <PUN>79,620000</PUN>
    <NAT>69,990000</NAT>
    <CNOR>85,183984</CNOR>
    <CSUD>54,000000</CSUD>
    <NORD>85,183984</NORD>
    <SARD>54,000000</SARD>
    <SICI>120,860000</SICI>
    <SUD>54,000000</SUD>
    <AUST>85,183984</AUST>
    <BRNN>54,000000</BRNN>
    <COAC>54,000000</COAC>
    <CORS>0,000000</CORS>
    <FOGN>54,000000</FOGN>
    <FRAN>85,183984</FRAN>
    <GREC>54,000000</GREC>
    <MFTV>85,183984</MFTV>
    <PRGP>120,860000</PRGP>
    <ROSN>54,000000</ROSN>
    <SLOV>85,183984</SLOV>
    <SVIZ>85,183984</SVIZ>
    <BSP>50,230000</BSP>
  </Prezzi>
  <Prezzi>
    <Data>20140922</Data>
    <Mercato>MGP</Mercato>
    <Ora>10</Ora>
    <PUN>82,294627</PUN>
    <NAT>65,590000</NAT>
    <CNOR>89,990000</CNOR>
    <CSUD>51,270000</CSUD>
    <NORD>89,990000</NORD>
    <SARD>51,270000</SARD>
    <SICI>120,860000</SICI>
    <SUD>51,270000</SUD>
    <AUST>89,990000</AUST>
    <BRNN>51,270000</BRNN>
    <COAC>51,270000</COAC>
    <CORS>0,000000</CORS>
    <FOGN>51,270000</FOGN>
    <FRAN>89,990000</FRAN>
    <GREC>51,270000</GREC>
    <MFTV>89,990000</MFTV>
    <PRGP>120,860000</PRGP>
    <ROSN>51,270000</ROSN>
    <SLOV>89,990000</SLOV>
    <SVIZ>89,990000</SVIZ>
    <BSP>49,800000</BSP>
  </Prezzi>
  <Prezzi>
    <Data>20140922</Data>
    <Mercato>MGP</Mercato>
    <Ora>11</Ora>
    <PUN>65,140000</PUN>
    <NAT>59,410000</NAT>
    <CNOR>69,138779</CNOR>
    <CSUD>43,540000</CSUD>
    <NORD>69,138779</NORD>
    <SARD>43,540000</SARD>
    <SICI>107,930000</SICI>
    <SUD>43,540000</SUD>
    <AUST>69,138779</AUST>
    <BRNN>43,540000</BRNN>
    <COAC>43,540000</COAC>
    <CORS>0,000000</CORS>
    <FOGN>43,540000</FOGN>
    <FRAN>69,138779</FRAN>
    <GREC>43,540000</GREC>
    <MFTV>69,138779</MFTV>
    <PRGP>107,930000</PRGP>
    <ROSN>43,540000</ROSN>
    <SLOV>69,138779</SLOV>
    <SVIZ>69,138779</SVIZ>
    <BSP>53,000000</BSP>
  </Prezzi>
  <Prezzi>
    <Data>20140922</Data>
    <Mercato>MGP</Mercato>
    <Ora>12</Ora>
    <PUN>70,000000</PUN>
    <NAT>57,510000</NAT>
    <CNOR>80,857672</CNOR>
    <CSUD>34,800000</CSUD>
    <NORD>80,857672</NORD>
    <SARD>34,800000</SARD>
    <SICI>90,000000</SICI>
    <SUD>34,800000</SUD>
    <AUST>80,857672</AUST>
    <BRNN>34,800000</BRNN>
    <COAC>34,800000</COAC>
    <CORS>0,000000</CORS>
    <FOGN>34,800000</FOGN>
    <FRAN>80,857672</FRAN>
    <GREC>34,800000</GREC>
    <MFTV>80,857672</MFTV>
    <PRGP>90,000000</PRGP>
    <ROSN>34,800000</ROSN>
    <SLOV>80,857672</SLOV>
    <SVIZ>80,857672</SVIZ>
    <BSP>61,740000</BSP>
  </Prezzi>
  <Prezzi>
    <Data>20140922</Data>
    <Mercato>MGP</Mercato>
    <Ora>13</Ora>
    <PUN>51,409648</PUN>
    <NAT>51,000000</NAT>
    <CNOR>57,650000</CNOR>
    <CSUD>34,000000</CSUD>
    <NORD>57,650000</NORD>
    <SARD>34,000000</SARD>
    <SICI>56,190000</SICI>
    <SUD>34,000000</SUD>
    <AUST>57,650000</AUST>
    <BRNN>34,000000</BRNN>
    <COAC>34,000000</COAC>
    <CORS>0,000000</CORS>
    <FOGN>34,000000</FOGN>
    <FRAN>57,650000</FRAN>
    <GREC>34,000000</GREC>
    <MFTV>57,650000</MFTV>
    <PRGP>56,190000</PRGP>
    <ROSN>34,000000</ROSN>
    <SLOV>57,650000</SLOV>
    <SVIZ>57,650000</SVIZ>
    <BSP>52,720000</BSP>
  </Prezzi>
  <Prezzi>
    <Data>20140922</Data>
    <Mercato>MGP</Mercato>
    <Ora>14</Ora>
    <PUN>49,130000</PUN>
    <NAT>51,020000</NAT>
    <CNOR>57,956927</CNOR>
    <CSUD>25,000000</CSUD>
    <NORD>57,956927</NORD>
    <SARD>25,000000</SARD>
    <SICI>51,020000</SICI>
    <SUD>25,000000</SUD>
    <AUST>57,956927</AUST>
    <BRNN>25,000000</BRNN>
    <COAC>25,000000</COAC>
    <CORS>0,000000</CORS>
    <FOGN>25,000000</FOGN>
    <FRAN>57,956927</FRAN>
    <GREC>25,000000</GREC>
    <MFTV>57,956927</MFTV>
    <PRGP>51,020000</PRGP>
    <ROSN>25,000000</ROSN>
    <SLOV>57,956927</SLOV>
    <SVIZ>57,956927</SVIZ>
    <BSP>45,670000</BSP>
  </Prezzi>
  <Prezzi>
    <Data>20140922</Data>
    <Mercato>MGP</Mercato>
    <Ora>15</Ora>
    <PUN>57,750119</PUN>
    <NAT>53,490000</NAT>
    <CNOR>70,000000</CNOR>
    <CSUD>25,000000</CSUD>
    <NORD>70,000000</NORD>
    <SARD>25,000000</SARD>
    <SICI>51,040000</SICI>
    <SUD>25,000000</SUD>
    <AUST>70,000000</AUST>
    <BRNN>25,000000</BRNN>
    <COAC>25,000000</COAC>
    <CORS>0,000000</CORS>
    <FOGN>25,000000</FOGN>
    <FRAN>70,000000</FRAN>
    <GREC>25,000000</GREC>
    <MFTV>70,000000</MFTV>
    <PRGP>51,040000</PRGP>
    <ROSN>25,000000</ROSN>
    <SLOV>70,000000</SLOV>
    <SVIZ>70,000000</SVIZ>
    <BSP>44,000000</BSP>
  </Prezzi>
  <Prezzi>
    <Data>20140922</Data>
    <Mercato>MGP</Mercato>
    <Ora>16</Ora>
    <PUN>68,229714</PUN>
    <NAT>56,260000</NAT>
    <CNOR>81,030000</CNOR>
    <CSUD>34,230000</CSUD>
    <NORD>81,030000</NORD>
    <SARD>34,230000</SARD>
    <SICI>60,000000</SICI>
    <SUD>34,230000</SUD>
    <AUST>81,030000</AUST>
    <BRNN>34,230000</BRNN>
    <COAC>34,230000</COAC>
    <CORS>0,000000</CORS>
    <FOGN>34,230000</FOGN>
    <FRAN>81,030000</FRAN>
    <GREC>34,230000</GREC>
    <MFTV>81,030000</MFTV>
    <PRGP>60,000000</PRGP>
    <ROSN>34,230000</ROSN>
    <SLOV>81,030000</SLOV>
    <SVIZ>81,030000</SVIZ>
    <BSP>40,010000</BSP>
  </Prezzi>
  <Prezzi>
    <Data>20140922</Data>
    <Mercato>MGP</Mercato>
    <Ora>17</Ora>
    <PUN>82,023315</PUN>
    <NAT>58,410000</NAT>
    <CNOR>95,030000</CNOR>
    <CSUD>42,800000</CSUD>
    <NORD>95,030000</NORD>
    <SARD>42,800000</SARD>
    <SICI>95,000000</SICI>
    <SUD>42,800000</SUD>
    <AUST>95,030000</AUST>
    <BRNN>42,800000</BRNN>
    <COAC>42,800000</COAC>
    <CORS>0,000000</CORS>
    <FOGN>42,800000</FOGN>
    <FRAN>95,030000</FRAN>
    <GREC>42,800000</GREC>
    <MFTV>95,030000</MFTV>
    <PRGP>95,000000</PRGP>
    <ROSN>42,800000</ROSN>
    <SLOV>95,030000</SLOV>
    <SVIZ>95,030000</SVIZ>
    <BSP>43,260000</BSP>
  </Prezzi>
  <Prezzi>
    <Data>20140922</Data>
    <Mercato>MGP</Mercato>
    <Ora>18</Ora>
    <PUN>82,988303</PUN>
    <NAT>58,930000</NAT>
    <CNOR>95,030000</CNOR>
    <CSUD>47,890000</CSUD>
    <NORD>95,030000</NORD>
    <SARD>47,890000</SARD>
    <SICI>95,010000</SICI>
    <SUD>47,890000</SUD>
    <AUST>95,030000</AUST>
    <BRNN>47,890000</BRNN>
    <COAC>47,890000</COAC>
    <CORS>0,000000</CORS>
    <FOGN>47,890000</FOGN>
    <FRAN>95,030000</FRAN>
    <GREC>47,890000</GREC>
    <MFTV>95,030000</MFTV>
    <PRGP>95,010000</PRGP>
    <ROSN>47,890000</ROSN>
    <SLOV>95,030000</SLOV>
    <SVIZ>95,030000</SVIZ>
    <BSP>45,720000</BSP>
  </Prezzi>
  <Prezzi>
    <Data>20140922</Data>
    <Mercato>MGP</Mercato>
    <Ora>19</Ora>
    <PUN>78,606453</PUN>
    <NAT>61,570000</NAT>
    <CNOR>83,950000</CNOR>
    <CSUD>50,990000</CSUD>
    <NORD>83,950000</NORD>
    <SARD>50,990000</SARD>
    <SICI>135,010000</SICI>
    <SUD>50,990000</SUD>
    <AUST>83,950000</AUST>
    <BRNN>50,990000</BRNN>
    <COAC>50,990000</COAC>
    <CORS>0,000000</CORS>
    <FOGN>50,990000</FOGN>
    <FRAN>83,950000</FRAN>
    <GREC>50,990000</GREC>
    <MFTV>83,950000</MFTV>
    <PRGP>135,010000</PRGP>
    <ROSN>50,990000</ROSN>
    <SLOV>83,950000</SLOV>
    <SVIZ>83,950000</SVIZ>
    <BSP>51,290000</BSP>
  </Prezzi>
  <Prezzi>
    <Data>20140922</Data>
    <Mercato>MGP</Mercato>
    <Ora>20</Ora>
    <PUN>92,876355</PUN>
    <NAT>99,980000</NAT>
    <CNOR>99,990000</CNOR>
    <CSUD>66,900000</CSUD>
    <NORD>99,990000</NORD>
    <SARD>66,900000</SARD>
    <SICI>135,020000</SICI>
    <SUD>66,900000</SUD>
    <AUST>99,990000</AUST>
    <BRNN>66,900000</BRNN>
    <COAC>66,900000</COAC>
    <CORS>0,000000</CORS>
    <FOGN>66,900000</FOGN>
    <FRAN>99,990000</FRAN>
    <GREC>66,900000</GREC>
    <MFTV>99,990000</MFTV>
    <PRGP>135,020000</PRGP>
    <ROSN>66,900000</ROSN>
    <SLOV>99,990000</SLOV>
    <SVIZ>99,990000</SVIZ>
    <BSP>99,990000</BSP>
  </Prezzi>
  <Prezzi>
    <Data>20140922</Data>
    <Mercato>MGP</Mercato>
    <Ora>21</Ora>
    <PUN>84,527094</PUN>
    <NAT>85,640000</NAT>
    <CNOR>85,640000</CNOR>
    <CSUD>70,250000</CSUD>
    <NORD>85,640000</NORD>
    <SARD>70,250000</SARD>
    <SICI>135,020000</SICI>
    <SUD>70,250000</SUD>
    <AUST>85,640000</AUST>
    <BRNN>70,250000</BRNN>
    <COAC>70,250000</COAC>
    <CORS>0,000000</CORS>
    <FOGN>70,250000</FOGN>
    <FRAN>85,640000</FRAN>
    <GREC>70,250000</GREC>
    <MFTV>85,640000</MFTV>
    <PRGP>135,020000</PRGP>
    <ROSN>70,250000</ROSN>
    <SLOV>85,640000</SLOV>
    <SVIZ>85,640000</SVIZ>
    <BSP>85,640000</BSP>
  </Prezzi>
  <Prezzi>
    <Data>20140922</Data>
    <Mercato>MGP</Mercato>
    <Ora>22</Ora>
    <PUN>62,397850</PUN>
    <NAT>57,640000</NAT>
    <CNOR>57,400000</CNOR>
    <CSUD>56,220000</CSUD>
    <NORD>57,400000</NORD>
    <SARD>56,220000</SARD>
    <SICI>135,020000</SICI>
    <SUD>56,220000</SUD>
    <AUST>57,400000</AUST>
    <BRNN>56,220000</BRNN>
    <COAC>56,220000</COAC>
    <CORS>0,000000</CORS>
    <FOGN>56,220000</FOGN>
    <FRAN>57,400000</FRAN>
    <GREC>56,220000</GREC>
    <MFTV>57,400000</MFTV>
    <PRGP>135,020000</PRGP>
    <ROSN>56,220000</ROSN>
    <SLOV>57,400000</SLOV>
    <SVIZ>57,400000</SVIZ>
    <BSP>50,920000</BSP>
  </Prezzi>
  <Prezzi>
    <Data>20140922</Data>
    <Mercato>MGP</Mercato>
    <Ora>23</Ora>
    <PUN>60,298363</PUN>
    <NAT>57,880000</NAT>
    <CNOR>56,950000</CNOR>
    <CSUD>56,950000</CSUD>
    <NORD>56,950000</NORD>
    <SARD>56,950000</SARD>
    <SICI>105,020000</SICI>
    <SUD>56,950000</SUD>
    <AUST>56,950000</AUST>
    <BRNN>56,950000</BRNN>
    <COAC>56,950000</COAC>
    <CORS>0,000000</CORS>
    <FOGN>56,950000</FOGN>
    <FRAN>56,950000</FRAN>
    <GREC>56,950000</GREC>
    <MFTV>56,950000</MFTV>
    <PRGP>105,020000</PRGP>
    <ROSN>56,950000</ROSN>
    <SLOV>56,950000</SLOV>
    <SVIZ>56,950000</SVIZ>
    <BSP>43,000000</BSP>
  </Prezzi>
  <Prezzi>
    <Data>20140922</Data>
    <Mercato>MGP</Mercato>
    <Ora>24</Ora>
    <PUN>56,054518</PUN>
    <NAT>53,210000</NAT>
    <CNOR>53,210000</CNOR>
    <CSUD>52,990000</CSUD>
    <NORD>53,210000</NORD>
    <SARD>52,990000</SARD>
    <SICI>95,010000</SICI>
    <SUD>52,990000</SUD>
    <AUST>53,210000</AUST>
    <BRNN>52,990000</BRNN>
    <COAC>52,990000</COAC>
    <CORS>0,000000</CORS>
    <FOGN>52,990000</FOGN>
    <FRAN>53,210000</FRAN>
    <GREC>52,990000</GREC>
    <MFTV>53,210000</MFTV>
    <PRGP>95,010000</PRGP>
    <ROSN>52,990000</ROSN>
    <SLOV>53,210000</SLOV>
    <SVIZ>53,210000</SVIZ>
    <BSP>33,900000</BSP>
  </Prezzi>
</NewDataSet>