<?xml version="1.0" standalone="yes"?>
<NewDataSet>
  <xs:schema id="NewDataSet" xmlns="" xmlns:xs="http://www.w3.org/2001/XMLSchema" xmlns:msdata="urn:schemas-microsoft-com:xml-msdata">
    <xs:element name="NewDataSet" msdata:IsDataSet="true" msdata:UseCurrentLocale="true">
      <xs:complexType>
        <xs:choice minOccurs="0" maxOccurs="unbounded">
          <xs:element name="Fabbisogno">
            <xs:complexType>
              <xs:sequence>
                <xs:element name="Data" type="xs:string" minOccurs="0" />
                <xs:element name="Mercato" type="xs:string" minOccurs="0" />
                <xs:element name="Ora" type="xs:string" minOccurs="0" />
                <xs:element name="Italia" type="xs:string" minOccurs="0" />
                <xs:element name="CNOR" type="xs:string" minOccurs="0" />
                <xs:element name="CSUD" type="xs:string" minOccurs="0" />
                <xs:element name="NORD" type="xs:string" minOccurs="0" />
                <xs:element name="SARD" type="xs:string" minOccurs="0" />
                <xs:element name="SICI" type="xs:string" minOccurs="0" />
                <xs:element name="SUD" type="xs:string" minOccurs="0" />
              </xs:sequence>
            </xs:complexType>
          </xs:element>
        </xs:choice>
      </xs:complexType>
    </xs:element>
  </xs:schema>
  <Fabbisogno>
    <Data>20150222</Data>
    <Mercato>MGP</Mercato>
    <Ora>1</Ora>
    <Italia>24680,129</Italia>
    <CNOR>2483,022</CNOR>
    <CSUD>4248,906</CSUD>
    <NORD>12787,36</NORD>
    <SARD>897,487</SARD>
    <SICI>1800,525</SICI>
    <SUD>2462,829</SUD>
  </Fabbisogno>
  <Fabbisogno>
    <Data>20150222</Data>
    <Mercato>MGP</Mercato>
    <Ora>2</Ora>
    <Italia>22828,351</Italia>
    <CNOR>2338,223</CNOR>
    <CSUD>3865,447</CSUD>
    <NORD>11795,669</NORD>
    <SARD>848,345</SARD>
    <SICI>1705,889</SICI>
    <SUD>2274,778</SUD>
  </Fabbisogno>
  <Fabbisogno>
    <Data>20150222</Data>
    <Mercato>MGP</Mercato>
    <Ora>3</Ora>
    <Italia>21974,195</Italia>
    <CNOR>2232,055</CNOR>
    <CSUD>3641,588</CSUD>
    <NORD>11522,175</NORD>
    <SARD>809,742</SARD>
    <SICI>1646,647</SICI>
    <SUD>2121,988</SUD>
  </Fabbisogno>
  <Fabbisogno>
    <Data>20150222</Data>
    <Mercato>MGP</Mercato>
    <Ora>4</Ora>
    <Italia>21677,974</Italia>
    <CNOR>2169,448</CNOR>
    <CSUD>3508,54</CSUD>
    <NORD>11535,499</NORD>
    <SARD>796,531</SARD>
    <SICI>1609,851</SICI>
    <SUD>2058,105</SUD>
  </Fabbisogno>
  <Fabbisogno>
    <Data>20150222</Data>
    <Mercato>MGP</Mercato>
    <Ora>5</Ora>
    <Italia>21481,545</Italia>
    <CNOR>2095,315</CNOR>
    <CSUD>3428,696</CSUD>
    <NORD>11578,495</NORD>
    <SARD>772,841</SARD>
    <SICI>1566,201</SICI>
    <SUD>2039,997</SUD>
  </Fabbisogno>
  <Fabbisogno>
    <Data>20150222</Data>
    <Mercato>MGP</Mercato>
    <Ora>6</Ora>
    <Italia>21931,67</Italia>
    <CNOR>2144,385</CNOR>
    <CSUD>3506,995</CSUD>
    <NORD>11834,978</NORD>
    <SARD>789,637</SARD>
    <SICI>1591,354</SICI>
    <SUD>2064,321</SUD>
  </Fabbisogno>
  <Fabbisogno>
    <Data>20150222</Data>
    <Mercato>MGP</Mercato>
    <Ora>7</Ora>
    <Italia>22833,923</Italia>
    <CNOR>2235,527</CNOR>
    <CSUD>3643,774</CSUD>
    <NORD>12381,919</NORD>
    <SARD>868,849</SARD>
    <SICI>1555,094</SICI>
    <SUD>2148,76</SUD>
  </Fabbisogno>
  <Fabbisogno>
    <Data>20150222</Data>
    <Mercato>MGP</Mercato>
    <Ora>8</Ora>
    <Italia>23392,044</Italia>
    <CNOR>2217,9</CNOR>
    <CSUD>3703,558</CSUD>
    <NORD>12876,784</NORD>
    <SARD>869,109</SARD>
    <SICI>1540,431</SICI>
    <SUD>2184,262</SUD>
  </Fabbisogno>
  <Fabbisogno>
    <Data>20150222</Data>
    <Mercato>MGP</Mercato>
    <Ora>9</Ora>
    <Italia>25664,355</Italia>
    <CNOR>2262,407</CNOR>
    <CSUD>4147,164</CSUD>
    <NORD>13986,493</NORD>
    <SARD>941,58</SARD>
    <SICI>1772,888</SICI>
    <SUD>2553,823</SUD>
  </Fabbisogno>
  <Fabbisogno>
    <Data>20150222</Data>
    <Mercato>MGP</Mercato>
    <Ora>10</Ora>
    <Italia>27324,016</Italia>
    <CNOR>2484,68</CNOR>
    <CSUD>4589,812</CSUD>
    <NORD>14592,357</NORD>
    <SARD>1022,172</SARD>
    <SICI>1932,666</SICI>
    <SUD>2702,329</SUD>
  </Fabbisogno>
  <Fabbisogno>
    <Data>20150222</Data>
    <Mercato>MGP</Mercato>
    <Ora>11</Ora>
    <Italia>28439,95</Italia>
    <CNOR>2560,238</CNOR>
    <CSUD>4880,098</CSUD>
    <NORD>15239,967</NORD>
    <SARD>1031,865</SARD>
    <SICI>1953,337</SICI>
    <SUD>2774,445</SUD>
  </Fabbisogno>
  <Fabbisogno>
    <Data>20150222</Data>
    <Mercato>MGP</Mercato>
    <Ora>12</Ora>
    <Italia>28739,462</Italia>
    <CNOR>2635,497</CNOR>
    <CSUD>5014,393</CSUD>
    <NORD>15303,541</NORD>
    <SARD>1034,86</SARD>
    <SICI>1969,63</SICI>
    <SUD>2781,541</SUD>
  </Fabbisogno>
  <Fabbisogno>
    <Data>20150222</Data>
    <Mercato>MGP</Mercato>
    <Ora>13</Ora>
    <Italia>28502,802</Italia>
    <CNOR>2609,498</CNOR>
    <CSUD>5185,714</CSUD>
    <NORD>14846,968</NORD>
    <SARD>1035,43</SARD>
    <SICI>1981,691</SICI>
    <SUD>2843,501</SUD>
  </Fabbisogno>
  <Fabbisogno>
    <Data>20150222</Data>
    <Mercato>MGP</Mercato>
    <Ora>14</Ora>
    <Italia>26609,576</Italia>
    <CNOR>2429,492</CNOR>
    <CSUD>4968,972</CSUD>
    <NORD>13692,171</NORD>
    <SARD>985,727</SARD>
    <SICI>1885,611</SICI>
    <SUD>2647,603</SUD>
  </Fabbisogno>
  <Fabbisogno>
    <Data>20150222</Data>
    <Mercato>MGP</Mercato>
    <Ora>15</Ora>
    <Italia>26124,975</Italia>
    <CNOR>2427,315</CNOR>
    <CSUD>4761,105</CSUD>
    <NORD>13678,598</NORD>
    <SARD>945,81</SARD>
    <SICI>1800,167</SICI>
    <SUD>2511,98</SUD>
  </Fabbisogno>
  <Fabbisogno>
    <Data>20150222</Data>
    <Mercato>MGP</Mercato>
    <Ora>16</Ora>
    <Italia>26426,276</Italia>
    <CNOR>2444,633</CNOR>
    <CSUD>4755,87</CSUD>
    <NORD>13884,945</NORD>
    <SARD>934,432</SARD>
    <SICI>1799,691</SICI>
    <SUD>2606,705</SUD>
  </Fabbisogno>
  <Fabbisogno>
    <Data>20150222</Data>
    <Mercato>MGP</Mercato>
    <Ora>17</Ora>
    <Italia>26889,234</Italia>
    <CNOR>2828,782</CNOR>
    <CSUD>4898,294</CSUD>
    <NORD>13835,617</NORD>
    <SARD>968,131</SARD>
    <SICI>1867,522</SICI>
    <SUD>2490,888</SUD>
  </Fabbisogno>
  <Fabbisogno>
    <Data>20150222</Data>
    <Mercato>MGP</Mercato>
    <Ora>18</Ora>
    <Italia>29291,083</Italia>
    <CNOR>3111,81</CNOR>
    <CSUD>5390,189</CSUD>
    <NORD>14901,992</NORD>
    <SARD>1057,927</SARD>
    <SICI>2046,671</SICI>
    <SUD>2782,494</SUD>
  </Fabbisogno>
  <Fabbisogno>
    <Data>20150222</Data>
    <Mercato>MGP</Mercato>
    <Ora>19</Ora>
    <Italia>32541,182</Italia>
    <CNOR>3582,944</CNOR>
    <CSUD>6083,318</CSUD>
    <NORD>16239,629</NORD>
    <SARD>1182,247</SARD>
    <SICI>2330,428</SICI>
    <SUD>3122,616</SUD>
  </Fabbisogno>
  <Fabbisogno>
    <Data>20150222</Data>
    <Mercato>MGP</Mercato>
    <Ora>20</Ora>
    <Italia>33720,195</Italia>
    <CNOR>3870,912</CNOR>
    <CSUD>6384,193</CSUD>
    <NORD>16426,14</NORD>
    <SARD>1339,197</SARD>
    <SICI>2418,604</SICI>
    <SUD>3281,149</SUD>
  </Fabbisogno>
  <Fabbisogno>
    <Data>20150222</Data>
    <Mercato>MGP</Mercato>
    <Ora>21</Ora>
    <Italia>32693,484</Italia>
    <CNOR>3704,107</CNOR>
    <CSUD>6300,883</CSUD>
    <NORD>15750,187</NORD>
    <SARD>1317,1</SARD>
    <SICI>2419,485</SICI>
    <SUD>3201,722</SUD>
  </Fabbisogno>
  <Fabbisogno>
    <Data>20150222</Data>
    <Mercato>MGP</Mercato>
    <Ora>22</Ora>
    <Italia>30884,4</Italia>
    <CNOR>3484,333</CNOR>
    <CSUD>5928,774</CSUD>
    <NORD>14856,477</NORD>
    <SARD>1252,101</SARD>
    <SICI>2313,497</SICI>
    <SUD>3049,218</SUD>
  </Fabbisogno>
  <Fabbisogno>
    <Data>20150222</Data>
    <Mercato>MGP</Mercato>
    <Ora>23</Ora>
    <Italia>28525,993</Italia>
    <CNOR>3239,55</CNOR>
    <CSUD>5475,955</CSUD>
    <NORD>13679,399</NORD>
    <SARD>1160,005</SARD>
    <SICI>2134,954</SICI>
    <SUD>2836,13</SUD>
  </Fabbisogno>
  <Fabbisogno>
    <Data>20150222</Data>
    <Mercato>MGP</Mercato>
    <Ora>24</Ora>
    <Italia>25923,073</Italia>
    <CNOR>2940,264</CNOR>
    <CSUD>4863,682</CSUD>
    <NORD>12602,258</NORD>
    <SARD>1057,899</SARD>
    <SICI>1929,601</SICI>
    <SUD>2529,369</SUD>
  </Fabbisogno>
</NewDataSet>