<?xml version="1.0" standalone="yes"?>
<NewDataSet>
  <xs:schema id="NewDataSet" xmlns="" xmlns:xs="http://www.w3.org/2001/XMLSchema" xmlns:msdata="urn:schemas-microsoft-com:xml-msdata">
    <xs:element name="NewDataSet" msdata:IsDataSet="true" msdata:UseCurrentLocale="true">
      <xs:complexType>
        <xs:choice minOccurs="0" maxOccurs="unbounded">
          <xs:element name="Fabbisogno">
            <xs:complexType>
              <xs:sequence>
                <xs:element name="Data" type="xs:string" minOccurs="0" />
                <xs:element name="Mercato" type="xs:string" minOccurs="0" />
                <xs:element name="Ora" type="xs:string" minOccurs="0" />
                <xs:element name="Italia" type="xs:string" minOccurs="0" />
                <xs:element name="CNOR" type="xs:string" minOccurs="0" />
                <xs:element name="CSUD" type="xs:string" minOccurs="0" />
                <xs:element name="NORD" type="xs:string" minOccurs="0" />
                <xs:element name="SARD" type="xs:string" minOccurs="0" />
                <xs:element name="SICI" type="xs:string" minOccurs="0" />
                <xs:element name="SUD" type="xs:string" minOccurs="0" />
              </xs:sequence>
            </xs:complexType>
          </xs:element>
        </xs:choice>
      </xs:complexType>
    </xs:element>
  </xs:schema>
  <Fabbisogno>
    <Data>20150220</Data>
    <Mercato>MGP</Mercato>
    <Ora>1</Ora>
    <Italia>27563,947</Italia>
    <CNOR>2920,517</CNOR>
    <CSUD>4443,758</CSUD>
    <NORD>15109,751</NORD>
    <SARD>950,058</SARD>
    <SICI>1622,362</SICI>
    <SUD>2517,501</SUD>
  </Fabbisogno>
  <Fabbisogno>
    <Data>20150220</Data>
    <Mercato>MGP</Mercato>
    <Ora>2</Ora>
    <Italia>26245,949</Italia>
    <CNOR>2736,865</CNOR>
    <CSUD>4126,7</CSUD>
    <NORD>14653,6</NORD>
    <SARD>888,837</SARD>
    <SICI>1489,016</SICI>
    <SUD>2350,931</SUD>
  </Fabbisogno>
  <Fabbisogno>
    <Data>20150220</Data>
    <Mercato>MGP</Mercato>
    <Ora>3</Ora>
    <Italia>25488,402</Italia>
    <CNOR>2664,255</CNOR>
    <CSUD>3933,331</CSUD>
    <NORD>14365,418</NORD>
    <SARD>859,795</SARD>
    <SICI>1407,114</SICI>
    <SUD>2258,489</SUD>
  </Fabbisogno>
  <Fabbisogno>
    <Data>20150220</Data>
    <Mercato>MGP</Mercato>
    <Ora>4</Ora>
    <Italia>25169,838</Italia>
    <CNOR>2646,805</CNOR>
    <CSUD>3894,631</CSUD>
    <NORD>14148,959</NORD>
    <SARD>867,935</SARD>
    <SICI>1376,399</SICI>
    <SUD>2235,109</SUD>
  </Fabbisogno>
  <Fabbisogno>
    <Data>20150220</Data>
    <Mercato>MGP</Mercato>
    <Ora>5</Ora>
    <Italia>25353,785</Italia>
    <CNOR>2575,207</CNOR>
    <CSUD>3881,267</CSUD>
    <NORD>14487,263</NORD>
    <SARD>828,794</SARD>
    <SICI>1383,399</SICI>
    <SUD>2197,855</SUD>
  </Fabbisogno>
  <Fabbisogno>
    <Data>20150220</Data>
    <Mercato>MGP</Mercato>
    <Ora>6</Ora>
    <Italia>26848,868</Italia>
    <CNOR>2691,122</CNOR>
    <CSUD>4104,049</CSUD>
    <NORD>15471,012</NORD>
    <SARD>846,484</SARD>
    <SICI>1461,709</SICI>
    <SUD>2274,492</SUD>
  </Fabbisogno>
  <Fabbisogno>
    <Data>20150220</Data>
    <Mercato>MGP</Mercato>
    <Ora>7</Ora>
    <Italia>30992,73</Italia>
    <CNOR>3183,07</CNOR>
    <CSUD>4760,45</CSUD>
    <NORD>17854,669</NORD>
    <SARD>974,133</SARD>
    <SICI>1610,638</SICI>
    <SUD>2609,77</SUD>
  </Fabbisogno>
  <Fabbisogno>
    <Data>20150220</Data>
    <Mercato>MGP</Mercato>
    <Ora>8</Ora>
    <Italia>36413,884</Italia>
    <CNOR>3561,578</CNOR>
    <CSUD>5213,932</CSUD>
    <NORD>21803,236</NORD>
    <SARD>1081,692</SARD>
    <SICI>1892,499</SICI>
    <SUD>2860,947</SUD>
  </Fabbisogno>
  <Fabbisogno>
    <Data>20150220</Data>
    <Mercato>MGP</Mercato>
    <Ora>9</Ora>
    <Italia>40645,38</Italia>
    <CNOR>4136,398</CNOR>
    <CSUD>5752,973</CSUD>
    <NORD>24346,54</NORD>
    <SARD>1177,368</SARD>
    <SICI>2069,881</SICI>
    <SUD>3162,22</SUD>
  </Fabbisogno>
  <Fabbisogno>
    <Data>20150220</Data>
    <Mercato>MGP</Mercato>
    <Ora>10</Ora>
    <Italia>41600,425</Italia>
    <CNOR>4349,563</CNOR>
    <CSUD>6155,298</CSUD>
    <NORD>24502,91</NORD>
    <SARD>1197,852</SARD>
    <SICI>2086,604</SICI>
    <SUD>3308,198</SUD>
  </Fabbisogno>
  <Fabbisogno>
    <Data>20150220</Data>
    <Mercato>MGP</Mercato>
    <Ora>11</Ora>
    <Italia>40939,694</Italia>
    <CNOR>4299,767</CNOR>
    <CSUD>6178,69</CSUD>
    <NORD>24101,57</NORD>
    <SARD>1144,523</SARD>
    <SICI>1994,976</SICI>
    <SUD>3220,168</SUD>
  </Fabbisogno>
  <Fabbisogno>
    <Data>20150220</Data>
    <Mercato>MGP</Mercato>
    <Ora>12</Ora>
    <Italia>40869,026</Italia>
    <CNOR>4335,862</CNOR>
    <CSUD>6272,968</CSUD>
    <NORD>23863,735</NORD>
    <SARD>1187,899</SARD>
    <SICI>1941,972</SICI>
    <SUD>3266,59</SUD>
  </Fabbisogno>
  <Fabbisogno>
    <Data>20150220</Data>
    <Mercato>MGP</Mercato>
    <Ora>13</Ora>
    <Italia>38261,874</Italia>
    <CNOR>4007,547</CNOR>
    <CSUD>6175,979</CSUD>
    <NORD>21770,486</NORD>
    <SARD>1130,503</SARD>
    <SICI>1913,879</SICI>
    <SUD>3263,48</SUD>
  </Fabbisogno>
  <Fabbisogno>
    <Data>20150220</Data>
    <Mercato>MGP</Mercato>
    <Ora>14</Ora>
    <Italia>37593,862</Italia>
    <CNOR>3870,547</CNOR>
    <CSUD>6181,584</CSUD>
    <NORD>21414,519</NORD>
    <SARD>1076,19</SARD>
    <SICI>1879,046</SICI>
    <SUD>3171,976</SUD>
  </Fabbisogno>
  <Fabbisogno>
    <Data>20150220</Data>
    <Mercato>MGP</Mercato>
    <Ora>15</Ora>
    <Italia>38211,646</Italia>
    <CNOR>4008,225</CNOR>
    <CSUD>5940,234</CSUD>
    <NORD>22252,045</NORD>
    <SARD>1059,451</SARD>
    <SICI>1893,399</SICI>
    <SUD>3058,292</SUD>
  </Fabbisogno>
  <Fabbisogno>
    <Data>20150220</Data>
    <Mercato>MGP</Mercato>
    <Ora>16</Ora>
    <Italia>39223,792</Italia>
    <CNOR>4232,707</CNOR>
    <CSUD>6113,791</CSUD>
    <NORD>22637,575</NORD>
    <SARD>1112,972</SARD>
    <SICI>1953,079</SICI>
    <SUD>3173,668</SUD>
  </Fabbisogno>
  <Fabbisogno>
    <Data>20150220</Data>
    <Mercato>MGP</Mercato>
    <Ora>17</Ora>
    <Italia>40853,604</Italia>
    <CNOR>4476,715</CNOR>
    <CSUD>6619,934</CSUD>
    <NORD>22981,031</NORD>
    <SARD>1161,054</SARD>
    <SICI>2085,6</SICI>
    <SUD>3529,27</SUD>
  </Fabbisogno>
  <Fabbisogno>
    <Data>20150220</Data>
    <Mercato>MGP</Mercato>
    <Ora>18</Ora>
    <Italia>41171,162</Italia>
    <CNOR>4678,547</CNOR>
    <CSUD>7052,371</CSUD>
    <NORD>21978,704</NORD>
    <SARD>1231,904</SARD>
    <SICI>2315,516</SICI>
    <SUD>3914,12</SUD>
  </Fabbisogno>
  <Fabbisogno>
    <Data>20150220</Data>
    <Mercato>MGP</Mercato>
    <Ora>19</Ora>
    <Italia>43762,107</Italia>
    <CNOR>5089,686</CNOR>
    <CSUD>7982,963</CSUD>
    <NORD>22370,485</NORD>
    <SARD>1395,542</SARD>
    <SICI>2627,147</SICI>
    <SUD>4296,284</SUD>
  </Fabbisogno>
  <Fabbisogno>
    <Data>20150220</Data>
    <Mercato>MGP</Mercato>
    <Ora>20</Ora>
    <Italia>42893,102</Italia>
    <CNOR>5004,923</CNOR>
    <CSUD>8132,343</CSUD>
    <NORD>21289,983</NORD>
    <SARD>1462,141</SARD>
    <SICI>2691,045</SICI>
    <SUD>4312,667</SUD>
  </Fabbisogno>
  <Fabbisogno>
    <Data>20150220</Data>
    <Mercato>MGP</Mercato>
    <Ora>21</Ora>
    <Italia>40644,19</Italia>
    <CNOR>4734,313</CNOR>
    <CSUD>7741,248</CSUD>
    <NORD>20028,014</NORD>
    <SARD>1451,37</SARD>
    <SICI>2626,38</SICI>
    <SUD>4062,865</SUD>
  </Fabbisogno>
  <Fabbisogno>
    <Data>20150220</Data>
    <Mercato>MGP</Mercato>
    <Ora>22</Ora>
    <Italia>36855,531</Italia>
    <CNOR>4347,301</CNOR>
    <CSUD>7033,342</CSUD>
    <NORD>17980,189</NORD>
    <SARD>1336,009</SARD>
    <SICI>2418,107</SICI>
    <SUD>3740,583</SUD>
  </Fabbisogno>
  <Fabbisogno>
    <Data>20150220</Data>
    <Mercato>MGP</Mercato>
    <Ora>23</Ora>
    <Italia>33036,731</Italia>
    <CNOR>3952,006</CNOR>
    <CSUD>6283,102</CSUD>
    <NORD>16113,934</NORD>
    <SARD>1227,893</SARD>
    <SICI>2131,88</SICI>
    <SUD>3327,916</SUD>
  </Fabbisogno>
  <Fabbisogno>
    <Data>20150220</Data>
    <Mercato>MGP</Mercato>
    <Ora>24</Ora>
    <Italia>29842,65</Italia>
    <CNOR>3527,006</CNOR>
    <CSUD>5498,275</CSUD>
    <NORD>14910,73</NORD>
    <SARD>1126,922</SARD>
    <SICI>1848,564</SICI>
    <SUD>2931,153</SUD>
  </Fabbisogno>
</NewDataSet>