<?xml version="1.0" standalone="yes"?>
<NewDataSet>
  <xs:schema id="NewDataSet" xmlns="" xmlns:xs="http://www.w3.org/2001/XMLSchema" xmlns:msdata="urn:schemas-microsoft-com:xml-msdata">
    <xs:element name="NewDataSet" msdata:IsDataSet="true" msdata:UseCurrentLocale="true">
      <xs:complexType>
        <xs:choice minOccurs="0" maxOccurs="unbounded">
          <xs:element name="Fabbisogno">
            <xs:complexType>
              <xs:sequence>
                <xs:element name="Data" type="xs:string" minOccurs="0" />
                <xs:element name="Mercato" type="xs:string" minOccurs="0" />
                <xs:element name="Ora" type="xs:string" minOccurs="0" />
                <xs:element name="Italia" type="xs:string" minOccurs="0" />
                <xs:element name="CNOR" type="xs:string" minOccurs="0" />
                <xs:element name="CSUD" type="xs:string" minOccurs="0" />
                <xs:element name="NORD" type="xs:string" minOccurs="0" />
                <xs:element name="SARD" type="xs:string" minOccurs="0" />
                <xs:element name="SICI" type="xs:string" minOccurs="0" />
                <xs:element name="SUD" type="xs:string" minOccurs="0" />
              </xs:sequence>
            </xs:complexType>
          </xs:element>
        </xs:choice>
      </xs:complexType>
    </xs:element>
  </xs:schema>
  <Fabbisogno>
    <Data>20150205</Data>
    <Mercato>MGP</Mercato>
    <Ora>1</Ora>
    <Italia>28198,086</Italia>
    <CNOR>2993,669</CNOR>
    <CSUD>4625,936</CSUD>
    <NORD>15002,188</NORD>
    <SARD>947,789</SARD>
    <SICI>1761,527</SICI>
    <SUD>2866,977</SUD>
  </Fabbisogno>
  <Fabbisogno>
    <Data>20150205</Data>
    <Mercato>MGP</Mercato>
    <Ora>2</Ora>
    <Italia>26602,174</Italia>
    <CNOR>2789,672</CNOR>
    <CSUD>4202,057</CSUD>
    <NORD>14509,627</NORD>
    <SARD>871,309</SARD>
    <SICI>1594,727</SICI>
    <SUD>2634,782</SUD>
  </Fabbisogno>
  <Fabbisogno>
    <Data>20150205</Data>
    <Mercato>MGP</Mercato>
    <Ora>3</Ora>
    <Italia>25878,866</Italia>
    <CNOR>2712,288</CNOR>
    <CSUD>3955,591</CSUD>
    <NORD>14398,022</NORD>
    <SARD>849,32</SARD>
    <SICI>1464,89</SICI>
    <SUD>2498,755</SUD>
  </Fabbisogno>
  <Fabbisogno>
    <Data>20150205</Data>
    <Mercato>MGP</Mercato>
    <Ora>4</Ora>
    <Italia>25900,882</Italia>
    <CNOR>2673,804</CNOR>
    <CSUD>3885,392</CSUD>
    <NORD>14575,375</NORD>
    <SARD>850,213</SARD>
    <SICI>1418,629</SICI>
    <SUD>2497,469</SUD>
  </Fabbisogno>
  <Fabbisogno>
    <Data>20150205</Data>
    <Mercato>MGP</Mercato>
    <Ora>5</Ora>
    <Italia>25908,489</Italia>
    <CNOR>2601,652</CNOR>
    <CSUD>3813,101</CSUD>
    <NORD>14912,466</NORD>
    <SARD>779,509</SARD>
    <SICI>1352,86</SICI>
    <SUD>2448,901</SUD>
  </Fabbisogno>
  <Fabbisogno>
    <Data>20150205</Data>
    <Mercato>MGP</Mercato>
    <Ora>6</Ora>
    <Italia>26727,146</Italia>
    <CNOR>2652,781</CNOR>
    <CSUD>3826,276</CSUD>
    <NORD>15578,513</NORD>
    <SARD>785,948</SARD>
    <SICI>1362,428</SICI>
    <SUD>2521,2</SUD>
  </Fabbisogno>
  <Fabbisogno>
    <Data>20150205</Data>
    <Mercato>MGP</Mercato>
    <Ora>7</Ora>
    <Italia>31719,963</Italia>
    <CNOR>3243,327</CNOR>
    <CSUD>4819,724</CSUD>
    <NORD>18001,017</NORD>
    <SARD>973,284</SARD>
    <SICI>1709,683</SICI>
    <SUD>2972,928</SUD>
  </Fabbisogno>
  <Fabbisogno>
    <Data>20150205</Data>
    <Mercato>MGP</Mercato>
    <Ora>8</Ora>
    <Italia>38119,061</Italia>
    <CNOR>3725,811</CNOR>
    <CSUD>5583,089</CSUD>
    <NORD>22315,299</NORD>
    <SARD>1097,183</SARD>
    <SICI>1979,435</SICI>
    <SUD>3418,244</SUD>
  </Fabbisogno>
  <Fabbisogno>
    <Data>20150205</Data>
    <Mercato>MGP</Mercato>
    <Ora>9</Ora>
    <Italia>42441,19</Italia>
    <CNOR>4217,537</CNOR>
    <CSUD>5870,447</CSUD>
    <NORD>25271,049</NORD>
    <SARD>1181,177</SARD>
    <SICI>2133,171</SICI>
    <SUD>3767,809</SUD>
  </Fabbisogno>
  <Fabbisogno>
    <Data>20150205</Data>
    <Mercato>MGP</Mercato>
    <Ora>10</Ora>
    <Italia>43677,739</Italia>
    <CNOR>4303,604</CNOR>
    <CSUD>5974,132</CSUD>
    <NORD>26321,902</NORD>
    <SARD>1210,212</SARD>
    <SICI>2040,2</SICI>
    <SUD>3827,689</SUD>
  </Fabbisogno>
  <Fabbisogno>
    <Data>20150205</Data>
    <Mercato>MGP</Mercato>
    <Ora>11</Ora>
    <Italia>44083,636</Italia>
    <CNOR>4357,943</CNOR>
    <CSUD>6499,693</CSUD>
    <NORD>26222,976</NORD>
    <SARD>1173,859</SARD>
    <SICI>2093,551</SICI>
    <SUD>3735,614</SUD>
  </Fabbisogno>
  <Fabbisogno>
    <Data>20150205</Data>
    <Mercato>MGP</Mercato>
    <Ora>12</Ora>
    <Italia>43795,53</Italia>
    <CNOR>4451,796</CNOR>
    <CSUD>6518,122</CSUD>
    <NORD>25762,065</NORD>
    <SARD>1190,47</SARD>
    <SICI>2144,515</SICI>
    <SUD>3728,562</SUD>
  </Fabbisogno>
  <Fabbisogno>
    <Data>20150205</Data>
    <Mercato>MGP</Mercato>
    <Ora>13</Ora>
    <Italia>41153,311</Italia>
    <CNOR>4074,613</CNOR>
    <CSUD>6490,599</CSUD>
    <NORD>23654,527</NORD>
    <SARD>1136,73</SARD>
    <SICI>2083,753</SICI>
    <SUD>3713,089</SUD>
  </Fabbisogno>
  <Fabbisogno>
    <Data>20150205</Data>
    <Mercato>MGP</Mercato>
    <Ora>14</Ora>
    <Italia>40099</Italia>
    <CNOR>3847,031</CNOR>
    <CSUD>6198,633</CSUD>
    <NORD>23327,6</NORD>
    <SARD>1104,33</SARD>
    <SICI>2032,649</SICI>
    <SUD>3588,757</SUD>
  </Fabbisogno>
  <Fabbisogno>
    <Data>20150205</Data>
    <Mercato>MGP</Mercato>
    <Ora>15</Ora>
    <Italia>41394,923</Italia>
    <CNOR>4097,229</CNOR>
    <CSUD>6272,814</CSUD>
    <NORD>24310,835</NORD>
    <SARD>1097,554</SARD>
    <SICI>2024,686</SICI>
    <SUD>3591,805</SUD>
  </Fabbisogno>
  <Fabbisogno>
    <Data>20150205</Data>
    <Mercato>MGP</Mercato>
    <Ora>16</Ora>
    <Italia>42022,034</Italia>
    <CNOR>4127,851</CNOR>
    <CSUD>6108,472</CSUD>
    <NORD>25052,41</NORD>
    <SARD>1082,995</SARD>
    <SICI>1990,588</SICI>
    <SUD>3659,718</SUD>
  </Fabbisogno>
  <Fabbisogno>
    <Data>20150205</Data>
    <Mercato>MGP</Mercato>
    <Ora>17</Ora>
    <Italia>41781,358</Italia>
    <CNOR>4159,433</CNOR>
    <CSUD>5879,638</CSUD>
    <NORD>24710,2</NORD>
    <SARD>1109,805</SARD>
    <SICI>2090,191</SICI>
    <SUD>3832,091</SUD>
  </Fabbisogno>
  <Fabbisogno>
    <Data>20150205</Data>
    <Mercato>MGP</Mercato>
    <Ora>18</Ora>
    <Italia>44355,3</Italia>
    <CNOR>4660,607</CNOR>
    <CSUD>7142,652</CSUD>
    <NORD>24341,447</NORD>
    <SARD>1244,36</SARD>
    <SICI>2552,607</SICI>
    <SUD>4413,627</SUD>
  </Fabbisogno>
  <Fabbisogno>
    <Data>20150205</Data>
    <Mercato>MGP</Mercato>
    <Ora>19</Ora>
    <Italia>45596,421</Italia>
    <CNOR>4748,274</CNOR>
    <CSUD>7649,853</CSUD>
    <NORD>24166,112</NORD>
    <SARD>1341,865</SARD>
    <SICI>2834,553</SICI>
    <SUD>4855,764</SUD>
  </Fabbisogno>
  <Fabbisogno>
    <Data>20150205</Data>
    <Mercato>MGP</Mercato>
    <Ora>20</Ora>
    <Italia>44355,041</Italia>
    <CNOR>5073,262</CNOR>
    <CSUD>8084,916</CSUD>
    <NORD>22937,449</NORD>
    <SARD>1408,743</SARD>
    <SICI>2871,671</SICI>
    <SUD>3979</SUD>
  </Fabbisogno>
  <Fabbisogno>
    <Data>20150205</Data>
    <Mercato>MGP</Mercato>
    <Ora>21</Ora>
    <Italia>41270,53</Italia>
    <CNOR>4693,496</CNOR>
    <CSUD>7691,996</CSUD>
    <NORD>20817,258</NORD>
    <SARD>1386,733</SARD>
    <SICI>2774,234</SICI>
    <SUD>3906,813</SUD>
  </Fabbisogno>
  <Fabbisogno>
    <Data>20150205</Data>
    <Mercato>MGP</Mercato>
    <Ora>22</Ora>
    <Italia>38182,737</Italia>
    <CNOR>4444,512</CNOR>
    <CSUD>7163,466</CSUD>
    <NORD>19124,891</NORD>
    <SARD>1300,683</SARD>
    <SICI>2541,661</SICI>
    <SUD>3607,524</SUD>
  </Fabbisogno>
  <Fabbisogno>
    <Data>20150205</Data>
    <Mercato>MGP</Mercato>
    <Ora>23</Ora>
    <Italia>34459,552</Italia>
    <CNOR>4036,582</CNOR>
    <CSUD>6481,395</CSUD>
    <NORD>17210,669</NORD>
    <SARD>1196,42</SARD>
    <SICI>2236,292</SICI>
    <SUD>3298,194</SUD>
  </Fabbisogno>
  <Fabbisogno>
    <Data>20150205</Data>
    <Mercato>MGP</Mercato>
    <Ora>24</Ora>
    <Italia>30912,611</Italia>
    <CNOR>3656,084</CNOR>
    <CSUD>5665,457</CSUD>
    <NORD>15695,918</NORD>
    <SARD>1067,604</SARD>
    <SICI>1918,695</SICI>
    <SUD>2908,853</SUD>
  </Fabbisogno>
</NewDataSet>