<?xml version="1.0" standalone="yes"?>
<NewDataSet>
  <xs:schema id="NewDataSet" xmlns="" xmlns:xs="http://www.w3.org/2001/XMLSchema" xmlns:msdata="urn:schemas-microsoft-com:xml-msdata">
    <xs:element name="NewDataSet" msdata:IsDataSet="true" msdata:UseCurrentLocale="true">
      <xs:complexType>
        <xs:choice minOccurs="0" maxOccurs="unbounded">
          <xs:element name="Fabbisogno">
            <xs:complexType>
              <xs:sequence>
                <xs:element name="Data" type="xs:string" minOccurs="0" />
                <xs:element name="Mercato" type="xs:string" minOccurs="0" />
                <xs:element name="Ora" type="xs:string" minOccurs="0" />
                <xs:element name="Italia" type="xs:string" minOccurs="0" />
                <xs:element name="CNOR" type="xs:string" minOccurs="0" />
                <xs:element name="CSUD" type="xs:string" minOccurs="0" />
                <xs:element name="NORD" type="xs:string" minOccurs="0" />
                <xs:element name="SARD" type="xs:string" minOccurs="0" />
                <xs:element name="SICI" type="xs:string" minOccurs="0" />
                <xs:element name="SUD" type="xs:string" minOccurs="0" />
              </xs:sequence>
            </xs:complexType>
          </xs:element>
        </xs:choice>
      </xs:complexType>
    </xs:element>
  </xs:schema>
  <Fabbisogno>
    <Data>20150216</Data>
    <Mercato>MGP</Mercato>
    <Ora>1</Ora>
    <Italia>24141,573</Italia>
    <CNOR>2525,385</CNOR>
    <CSUD>4027,463</CSUD>
    <NORD>12448,721</NORD>
    <SARD>931,365</SARD>
    <SICI>1577,311</SICI>
    <SUD>2631,328</SUD>
  </Fabbisogno>
  <Fabbisogno>
    <Data>20150216</Data>
    <Mercato>MGP</Mercato>
    <Ora>2</Ora>
    <Italia>22731,465</Italia>
    <CNOR>2381,528</CNOR>
    <CSUD>3675,462</CSUD>
    <NORD>11920,498</NORD>
    <SARD>874,217</SARD>
    <SICI>1432,167</SICI>
    <SUD>2447,593</SUD>
  </Fabbisogno>
  <Fabbisogno>
    <Data>20150216</Data>
    <Mercato>MGP</Mercato>
    <Ora>3</Ora>
    <Italia>22133,436</Italia>
    <CNOR>2298,436</CNOR>
    <CSUD>3481,985</CSUD>
    <NORD>11827,873</NORD>
    <SARD>831,446</SARD>
    <SICI>1367,575</SICI>
    <SUD>2326,121</SUD>
  </Fabbisogno>
  <Fabbisogno>
    <Data>20150216</Data>
    <Mercato>MGP</Mercato>
    <Ora>4</Ora>
    <Italia>22259,325</Italia>
    <CNOR>2296,699</CNOR>
    <CSUD>3477,282</CSUD>
    <NORD>11970,113</NORD>
    <SARD>844,542</SARD>
    <SICI>1346,152</SICI>
    <SUD>2324,537</SUD>
  </Fabbisogno>
  <Fabbisogno>
    <Data>20150216</Data>
    <Mercato>MGP</Mercato>
    <Ora>5</Ora>
    <Italia>22475,082</Italia>
    <CNOR>2195,843</CNOR>
    <CSUD>3447,892</CSUD>
    <NORD>12423,732</NORD>
    <SARD>783,452</SARD>
    <SICI>1353,559</SICI>
    <SUD>2270,604</SUD>
  </Fabbisogno>
  <Fabbisogno>
    <Data>20150216</Data>
    <Mercato>MGP</Mercato>
    <Ora>6</Ora>
    <Italia>24322,321</Italia>
    <CNOR>2410,495</CNOR>
    <CSUD>3665,083</CSUD>
    <NORD>13670,466</NORD>
    <SARD>796,684</SARD>
    <SICI>1421,335</SICI>
    <SUD>2358,258</SUD>
  </Fabbisogno>
  <Fabbisogno>
    <Data>20150216</Data>
    <Mercato>MGP</Mercato>
    <Ora>7</Ora>
    <Italia>29598,904</Italia>
    <CNOR>3023,801</CNOR>
    <CSUD>4501,097</CSUD>
    <NORD>16879,002</NORD>
    <SARD>953,596</SARD>
    <SICI>1565,592</SICI>
    <SUD>2675,816</SUD>
  </Fabbisogno>
  <Fabbisogno>
    <Data>20150216</Data>
    <Mercato>MGP</Mercato>
    <Ora>8</Ora>
    <Italia>35277,447</Italia>
    <CNOR>3390,185</CNOR>
    <CSUD>5078,128</CSUD>
    <NORD>20846,123</NORD>
    <SARD>1067,029</SARD>
    <SICI>1869,472</SICI>
    <SUD>3026,51</SUD>
  </Fabbisogno>
  <Fabbisogno>
    <Data>20150216</Data>
    <Mercato>MGP</Mercato>
    <Ora>9</Ora>
    <Italia>40274,273</Italia>
    <CNOR>4062,631</CNOR>
    <CSUD>5776,105</CSUD>
    <NORD>23823,856</NORD>
    <SARD>1165,52</SARD>
    <SICI>2045,088</SICI>
    <SUD>3401,073</SUD>
  </Fabbisogno>
  <Fabbisogno>
    <Data>20150216</Data>
    <Mercato>MGP</Mercato>
    <Ora>10</Ora>
    <Italia>41592,392</Italia>
    <CNOR>4193,603</CNOR>
    <CSUD>6106,654</CSUD>
    <NORD>24501,13</NORD>
    <SARD>1158,993</SARD>
    <SICI>2061,365</SICI>
    <SUD>3570,647</SUD>
  </Fabbisogno>
  <Fabbisogno>
    <Data>20150216</Data>
    <Mercato>MGP</Mercato>
    <Ora>11</Ora>
    <Italia>41326,847</Italia>
    <CNOR>4186,664</CNOR>
    <CSUD>6219,476</CSUD>
    <NORD>24285,889</NORD>
    <SARD>1124,822</SARD>
    <SICI>1991,668</SICI>
    <SUD>3518,328</SUD>
  </Fabbisogno>
  <Fabbisogno>
    <Data>20150216</Data>
    <Mercato>MGP</Mercato>
    <Ora>12</Ora>
    <Italia>40954,438</Italia>
    <CNOR>4152,6</CNOR>
    <CSUD>6106,787</CSUD>
    <NORD>24145,506</NORD>
    <SARD>1115,749</SARD>
    <SICI>1939,195</SICI>
    <SUD>3494,601</SUD>
  </Fabbisogno>
  <Fabbisogno>
    <Data>20150216</Data>
    <Mercato>MGP</Mercato>
    <Ora>13</Ora>
    <Italia>38734,084</Italia>
    <CNOR>3912,579</CNOR>
    <CSUD>6328,685</CSUD>
    <NORD>21946,306</NORD>
    <SARD>1079,885</SARD>
    <SICI>1994,524</SICI>
    <SUD>3472,105</SUD>
  </Fabbisogno>
  <Fabbisogno>
    <Data>20150216</Data>
    <Mercato>MGP</Mercato>
    <Ora>14</Ora>
    <Italia>38184,437</Italia>
    <CNOR>3765,881</CNOR>
    <CSUD>6176,782</CSUD>
    <NORD>21915,906</NORD>
    <SARD>1043,928</SARD>
    <SICI>1977,704</SICI>
    <SUD>3304,236</SUD>
  </Fabbisogno>
  <Fabbisogno>
    <Data>20150216</Data>
    <Mercato>MGP</Mercato>
    <Ora>15</Ora>
    <Italia>39529,481</Italia>
    <CNOR>4005,339</CNOR>
    <CSUD>6195,342</CSUD>
    <NORD>23067,686</NORD>
    <SARD>1031,426</SARD>
    <SICI>1980,669</SICI>
    <SUD>3249,019</SUD>
  </Fabbisogno>
  <Fabbisogno>
    <Data>20150216</Data>
    <Mercato>MGP</Mercato>
    <Ora>16</Ora>
    <Italia>40005,387</Italia>
    <CNOR>4083,519</CNOR>
    <CSUD>6088,391</CSUD>
    <NORD>23523,657</NORD>
    <SARD>1027,022</SARD>
    <SICI>1978,685</SICI>
    <SUD>3304,113</SUD>
  </Fabbisogno>
  <Fabbisogno>
    <Data>20150216</Data>
    <Mercato>MGP</Mercato>
    <Ora>17</Ora>
    <Italia>40727,165</Italia>
    <CNOR>4214,322</CNOR>
    <CSUD>6272,842</CSUD>
    <NORD>23673,081</NORD>
    <SARD>1065,633</SARD>
    <SICI>2069,576</SICI>
    <SUD>3431,711</SUD>
  </Fabbisogno>
  <Fabbisogno>
    <Data>20150216</Data>
    <Mercato>MGP</Mercato>
    <Ora>18</Ora>
    <Italia>41260,827</Italia>
    <CNOR>4457,275</CNOR>
    <CSUD>6849,678</CSUD>
    <NORD>22629,286</NORD>
    <SARD>1168,199</SARD>
    <SICI>2297,96</SICI>
    <SUD>3858,429</SUD>
  </Fabbisogno>
  <Fabbisogno>
    <Data>20150216</Data>
    <Mercato>MGP</Mercato>
    <Ora>19</Ora>
    <Italia>43808,427</Italia>
    <CNOR>4793,868</CNOR>
    <CSUD>7602,969</CSUD>
    <NORD>23128,392</NORD>
    <SARD>1315,62</SARD>
    <SICI>2556,624</SICI>
    <SUD>4410,954</SUD>
  </Fabbisogno>
  <Fabbisogno>
    <Data>20150216</Data>
    <Mercato>MGP</Mercato>
    <Ora>20</Ora>
    <Italia>43132,433</Italia>
    <CNOR>4732,653</CNOR>
    <CSUD>7735,197</CSUD>
    <NORD>22145,725</NORD>
    <SARD>1409,949</SARD>
    <SICI>2639,763</SICI>
    <SUD>4469,146</SUD>
  </Fabbisogno>
  <Fabbisogno>
    <Data>20150216</Data>
    <Mercato>MGP</Mercato>
    <Ora>21</Ora>
    <Italia>40316,49</Italia>
    <CNOR>4449,642</CNOR>
    <CSUD>7335,102</CSUD>
    <NORD>20458,198</NORD>
    <SARD>1358,888</SARD>
    <SICI>2572,964</SICI>
    <SUD>4141,696</SUD>
  </Fabbisogno>
  <Fabbisogno>
    <Data>20150216</Data>
    <Mercato>MGP</Mercato>
    <Ora>22</Ora>
    <Italia>37371,899</Italia>
    <CNOR>4114,101</CNOR>
    <CSUD>6661,384</CSUD>
    <NORD>19096,257</NORD>
    <SARD>1279,514</SARD>
    <SICI>2368,121</SICI>
    <SUD>3852,522</SUD>
  </Fabbisogno>
  <Fabbisogno>
    <Data>20150216</Data>
    <Mercato>MGP</Mercato>
    <Ora>23</Ora>
    <Italia>33285,698</Italia>
    <CNOR>3699,278</CNOR>
    <CSUD>5977,299</CSUD>
    <NORD>16844,412</NORD>
    <SARD>1170,877</SARD>
    <SICI>2127,594</SICI>
    <SUD>3466,238</SUD>
  </Fabbisogno>
  <Fabbisogno>
    <Data>20150216</Data>
    <Mercato>MGP</Mercato>
    <Ora>24</Ora>
    <Italia>29749,388</Italia>
    <CNOR>3276,676</CNOR>
    <CSUD>5167,706</CSUD>
    <NORD>15379,731</NORD>
    <SARD>1054,248</SARD>
    <SICI>1826,79</SICI>
    <SUD>3044,237</SUD>
  </Fabbisogno>
</NewDataSet>