<?xml version="1.0" standalone="yes"?>
<NewDataSet>
  <xs:schema id="NewDataSet" xmlns="" xmlns:xs="http://www.w3.org/2001/XMLSchema" xmlns:msdata="urn:schemas-microsoft-com:xml-msdata">
    <xs:element name="NewDataSet" msdata:IsDataSet="true" msdata:UseCurrentLocale="true">
      <xs:complexType>
        <xs:choice minOccurs="0" maxOccurs="unbounded">
          <xs:element name="Fabbisogno">
            <xs:complexType>
              <xs:sequence>
                <xs:element name="Data" type="xs:string" minOccurs="0" />
                <xs:element name="Mercato" type="xs:string" minOccurs="0" />
                <xs:element name="Ora" type="xs:string" minOccurs="0" />
                <xs:element name="Italia" type="xs:string" minOccurs="0" />
                <xs:element name="CNOR" type="xs:string" minOccurs="0" />
                <xs:element name="CSUD" type="xs:string" minOccurs="0" />
                <xs:element name="NORD" type="xs:string" minOccurs="0" />
                <xs:element name="SARD" type="xs:string" minOccurs="0" />
                <xs:element name="SICI" type="xs:string" minOccurs="0" />
                <xs:element name="SUD" type="xs:string" minOccurs="0" />
              </xs:sequence>
            </xs:complexType>
          </xs:element>
        </xs:choice>
      </xs:complexType>
    </xs:element>
  </xs:schema>
  <Fabbisogno>
    <Data>20150208</Data>
    <Mercato>MGP</Mercato>
    <Ora>1</Ora>
    <Italia>25447,875</Italia>
    <CNOR>2793,956</CNOR>
    <CSUD>4542,107</CSUD>
    <NORD>12968,74</NORD>
    <SARD>910,258</SARD>
    <SICI>1819,781</SICI>
    <SUD>2413,033</SUD>
  </Fabbisogno>
  <Fabbisogno>
    <Data>20150208</Data>
    <Mercato>MGP</Mercato>
    <Ora>2</Ora>
    <Italia>23573,17</Italia>
    <CNOR>2562,633</CNOR>
    <CSUD>4053,609</CSUD>
    <NORD>12306,451</NORD>
    <SARD>836,331</SARD>
    <SICI>1613,173</SICI>
    <SUD>2200,973</SUD>
  </Fabbisogno>
  <Fabbisogno>
    <Data>20150208</Data>
    <Mercato>MGP</Mercato>
    <Ora>3</Ora>
    <Italia>22600,856</Italia>
    <CNOR>2438,082</CNOR>
    <CSUD>3694,719</CSUD>
    <NORD>12081,378</NORD>
    <SARD>795,6</SARD>
    <SICI>1540,382</SICI>
    <SUD>2050,695</SUD>
  </Fabbisogno>
  <Fabbisogno>
    <Data>20150208</Data>
    <Mercato>MGP</Mercato>
    <Ora>4</Ora>
    <Italia>22219,957</Italia>
    <CNOR>2275,365</CNOR>
    <CSUD>3468,844</CSUD>
    <NORD>12304,928</NORD>
    <SARD>773,85</SARD>
    <SICI>1460,996</SICI>
    <SUD>1935,974</SUD>
  </Fabbisogno>
  <Fabbisogno>
    <Data>20150208</Data>
    <Mercato>MGP</Mercato>
    <Ora>5</Ora>
    <Italia>21961,744</Italia>
    <CNOR>2216,766</CNOR>
    <CSUD>3367,555</CSUD>
    <NORD>12263,222</NORD>
    <SARD>744,495</SARD>
    <SICI>1459,293</SICI>
    <SUD>1910,413</SUD>
  </Fabbisogno>
  <Fabbisogno>
    <Data>20150208</Data>
    <Mercato>MGP</Mercato>
    <Ora>6</Ora>
    <Italia>22335,56</Italia>
    <CNOR>2252,009</CNOR>
    <CSUD>3420,066</CSUD>
    <NORD>12499,922</NORD>
    <SARD>763,983</SARD>
    <SICI>1464,295</SICI>
    <SUD>1935,285</SUD>
  </Fabbisogno>
  <Fabbisogno>
    <Data>20150208</Data>
    <Mercato>MGP</Mercato>
    <Ora>7</Ora>
    <Italia>23369,183</Italia>
    <CNOR>2404,526</CNOR>
    <CSUD>3709,301</CSUD>
    <NORD>12860,796</NORD>
    <SARD>820,1</SARD>
    <SICI>1542,557</SICI>
    <SUD>2031,903</SUD>
  </Fabbisogno>
  <Fabbisogno>
    <Data>20150208</Data>
    <Mercato>MGP</Mercato>
    <Ora>8</Ora>
    <Italia>24656,387</Italia>
    <CNOR>2402,198</CNOR>
    <CSUD>3766,602</CSUD>
    <NORD>13780,726</NORD>
    <SARD>853,64</SARD>
    <SICI>1620,801</SICI>
    <SUD>2232,42</SUD>
  </Fabbisogno>
  <Fabbisogno>
    <Data>20150208</Data>
    <Mercato>MGP</Mercato>
    <Ora>9</Ora>
    <Italia>26414,895</Italia>
    <CNOR>2564,364</CNOR>
    <CSUD>4212,656</CSUD>
    <NORD>14371,53</NORD>
    <SARD>945,065</SARD>
    <SICI>1799,278</SICI>
    <SUD>2522,002</SUD>
  </Fabbisogno>
  <Fabbisogno>
    <Data>20150208</Data>
    <Mercato>MGP</Mercato>
    <Ora>10</Ora>
    <Italia>28308,744</Italia>
    <CNOR>2763,626</CNOR>
    <CSUD>4735,787</CSUD>
    <NORD>15114,292</NORD>
    <SARD>1012,031</SARD>
    <SICI>1972,735</SICI>
    <SUD>2710,273</SUD>
  </Fabbisogno>
  <Fabbisogno>
    <Data>20150208</Data>
    <Mercato>MGP</Mercato>
    <Ora>11</Ora>
    <Italia>29599,651</Italia>
    <CNOR>2899,103</CNOR>
    <CSUD>5154,377</CSUD>
    <NORD>15662,524</NORD>
    <SARD>1031,664</SARD>
    <SICI>2044,133</SICI>
    <SUD>2807,85</SUD>
  </Fabbisogno>
  <Fabbisogno>
    <Data>20150208</Data>
    <Mercato>MGP</Mercato>
    <Ora>12</Ora>
    <Italia>30084,972</Italia>
    <CNOR>2956,243</CNOR>
    <CSUD>5310,829</CSUD>
    <NORD>15877,29</NORD>
    <SARD>1041,42</SARD>
    <SICI>2038,171</SICI>
    <SUD>2861,019</SUD>
  </Fabbisogno>
  <Fabbisogno>
    <Data>20150208</Data>
    <Mercato>MGP</Mercato>
    <Ora>13</Ora>
    <Italia>29547,852</Italia>
    <CNOR>2910,508</CNOR>
    <CSUD>5342,486</CSUD>
    <NORD>15251,271</NORD>
    <SARD>1061,718</SARD>
    <SICI>2041,512</SICI>
    <SUD>2940,357</SUD>
  </Fabbisogno>
  <Fabbisogno>
    <Data>20150208</Data>
    <Mercato>MGP</Mercato>
    <Ora>14</Ora>
    <Italia>27542,444</Italia>
    <CNOR>2677,517</CNOR>
    <CSUD>4972,106</CSUD>
    <NORD>14239,786</NORD>
    <SARD>989,494</SARD>
    <SICI>1933,326</SICI>
    <SUD>2730,215</SUD>
  </Fabbisogno>
  <Fabbisogno>
    <Data>20150208</Data>
    <Mercato>MGP</Mercato>
    <Ora>15</Ora>
    <Italia>27225,846</Italia>
    <CNOR>2691,754</CNOR>
    <CSUD>4724,614</CSUD>
    <NORD>14400,765</NORD>
    <SARD>965,557</SARD>
    <SICI>1853,846</SICI>
    <SUD>2589,31</SUD>
  </Fabbisogno>
  <Fabbisogno>
    <Data>20150208</Data>
    <Mercato>MGP</Mercato>
    <Ora>16</Ora>
    <Italia>27209,38</Italia>
    <CNOR>2722,521</CNOR>
    <CSUD>4658,303</CSUD>
    <NORD>14438,111</NORD>
    <SARD>926,955</SARD>
    <SICI>1804,735</SICI>
    <SUD>2658,755</SUD>
  </Fabbisogno>
  <Fabbisogno>
    <Data>20150208</Data>
    <Mercato>MGP</Mercato>
    <Ora>17</Ora>
    <Italia>27754,675</Italia>
    <CNOR>2841,425</CNOR>
    <CSUD>4751,359</CSUD>
    <NORD>14609,783</NORD>
    <SARD>969,836</SARD>
    <SICI>1786,855</SICI>
    <SUD>2795,417</SUD>
  </Fabbisogno>
  <Fabbisogno>
    <Data>20150208</Data>
    <Mercato>MGP</Mercato>
    <Ora>18</Ora>
    <Italia>30492,194</Italia>
    <CNOR>3187,637</CNOR>
    <CSUD>5289,127</CSUD>
    <NORD>15833,511</NORD>
    <SARD>1046,547</SARD>
    <SICI>2113,617</SICI>
    <SUD>3021,755</SUD>
  </Fabbisogno>
  <Fabbisogno>
    <Data>20150208</Data>
    <Mercato>MGP</Mercato>
    <Ora>19</Ora>
    <Italia>33629,956</Italia>
    <CNOR>3537,289</CNOR>
    <CSUD>5859,974</CSUD>
    <NORD>17499,86</NORD>
    <SARD>1172,28</SARD>
    <SICI>2332,195</SICI>
    <SUD>3228,358</SUD>
  </Fabbisogno>
  <Fabbisogno>
    <Data>20150208</Data>
    <Mercato>MGP</Mercato>
    <Ora>20</Ora>
    <Italia>34383,738</Italia>
    <CNOR>3781,673</CNOR>
    <CSUD>6207,609</CSUD>
    <NORD>17366,484</NORD>
    <SARD>1256,457</SARD>
    <SICI>2406,653</SICI>
    <SUD>3364,862</SUD>
  </Fabbisogno>
  <Fabbisogno>
    <Data>20150208</Data>
    <Mercato>MGP</Mercato>
    <Ora>21</Ora>
    <Italia>32996,569</Italia>
    <CNOR>3561,832</CNOR>
    <CSUD>6078,828</CSUD>
    <NORD>16426,697</NORD>
    <SARD>1227,517</SARD>
    <SICI>2370,706</SICI>
    <SUD>3330,989</SUD>
  </Fabbisogno>
  <Fabbisogno>
    <Data>20150208</Data>
    <Mercato>MGP</Mercato>
    <Ora>22</Ora>
    <Italia>31048,041</Italia>
    <CNOR>3387,532</CNOR>
    <CSUD>5735,814</CSUD>
    <NORD>15334,241</NORD>
    <SARD>1182,869</SARD>
    <SICI>2230,686</SICI>
    <SUD>3176,899</SUD>
  </Fabbisogno>
  <Fabbisogno>
    <Data>20150208</Data>
    <Mercato>MGP</Mercato>
    <Ora>23</Ora>
    <Italia>28884,318</Italia>
    <CNOR>3236,81</CNOR>
    <CSUD>5415,416</CSUD>
    <NORD>14104,215</NORD>
    <SARD>1089,392</SARD>
    <SICI>2038,462</SICI>
    <SUD>3000,023</SUD>
  </Fabbisogno>
  <Fabbisogno>
    <Data>20150208</Data>
    <Mercato>MGP</Mercato>
    <Ora>24</Ora>
    <Italia>26407,122</Italia>
    <CNOR>3016,315</CNOR>
    <CSUD>4877,689</CSUD>
    <NORD>13011,95</NORD>
    <SARD>992,55</SARD>
    <SICI>1804,123</SICI>
    <SUD>2704,495</SUD>
  </Fabbisogno>
</NewDataSet>