<?xml version="1.0" standalone="yes"?>
<NewDataSet>
  <xs:schema id="NewDataSet" xmlns="" xmlns:xs="http://www.w3.org/2001/XMLSchema" xmlns:msdata="urn:schemas-microsoft-com:xml-msdata">
    <xs:element name="NewDataSet" msdata:IsDataSet="true" msdata:UseCurrentLocale="true">
      <xs:complexType>
        <xs:choice minOccurs="0" maxOccurs="unbounded">
          <xs:element name="Fabbisogno">
            <xs:complexType>
              <xs:sequence>
                <xs:element name="Data" type="xs:string" minOccurs="0" />
                <xs:element name="Mercato" type="xs:string" minOccurs="0" />
                <xs:element name="Ora" type="xs:string" minOccurs="0" />
                <xs:element name="Italia" type="xs:string" minOccurs="0" />
                <xs:element name="CNOR" type="xs:string" minOccurs="0" />
                <xs:element name="CSUD" type="xs:string" minOccurs="0" />
                <xs:element name="NORD" type="xs:string" minOccurs="0" />
                <xs:element name="SARD" type="xs:string" minOccurs="0" />
                <xs:element name="SICI" type="xs:string" minOccurs="0" />
                <xs:element name="SUD" type="xs:string" minOccurs="0" />
              </xs:sequence>
            </xs:complexType>
          </xs:element>
        </xs:choice>
      </xs:complexType>
    </xs:element>
  </xs:schema>
  <Fabbisogno>
    <Data>20150219</Data>
    <Mercato>MGP</Mercato>
    <Ora>1</Ora>
    <Italia>27838,234</Italia>
    <CNOR>2857,946</CNOR>
    <CSUD>4505,048</CSUD>
    <NORD>15222,864</NORD>
    <SARD>969,874</SARD>
    <SICI>1689,126</SICI>
    <SUD>2593,376</SUD>
  </Fabbisogno>
  <Fabbisogno>
    <Data>20150219</Data>
    <Mercato>MGP</Mercato>
    <Ora>2</Ora>
    <Italia>26294,675</Italia>
    <CNOR>2678,429</CNOR>
    <CSUD>4121,443</CSUD>
    <NORD>14646,142</NORD>
    <SARD>901,848</SARD>
    <SICI>1562,179</SICI>
    <SUD>2384,634</SUD>
  </Fabbisogno>
  <Fabbisogno>
    <Data>20150219</Data>
    <Mercato>MGP</Mercato>
    <Ora>3</Ora>
    <Italia>25594,194</Italia>
    <CNOR>2628,109</CNOR>
    <CSUD>3938,825</CSUD>
    <NORD>14347,851</NORD>
    <SARD>873,71</SARD>
    <SICI>1505,031</SICI>
    <SUD>2300,668</SUD>
  </Fabbisogno>
  <Fabbisogno>
    <Data>20150219</Data>
    <Mercato>MGP</Mercato>
    <Ora>4</Ora>
    <Italia>25472,804</Italia>
    <CNOR>2622,728</CNOR>
    <CSUD>3908,331</CSUD>
    <NORD>14293,24</NORD>
    <SARD>887,951</SARD>
    <SICI>1475,272</SICI>
    <SUD>2285,282</SUD>
  </Fabbisogno>
  <Fabbisogno>
    <Data>20150219</Data>
    <Mercato>MGP</Mercato>
    <Ora>5</Ora>
    <Italia>25341,234</Italia>
    <CNOR>2474,419</CNOR>
    <CSUD>3723,732</CSUD>
    <NORD>14688,953</NORD>
    <SARD>822,566</SARD>
    <SICI>1468,609</SICI>
    <SUD>2162,955</SUD>
  </Fabbisogno>
  <Fabbisogno>
    <Data>20150219</Data>
    <Mercato>MGP</Mercato>
    <Ora>6</Ora>
    <Italia>26965,46</Italia>
    <CNOR>2569,921</CNOR>
    <CSUD>3916,853</CSUD>
    <NORD>15919,922</NORD>
    <SARD>835,602</SARD>
    <SICI>1534,218</SICI>
    <SUD>2188,944</SUD>
  </Fabbisogno>
  <Fabbisogno>
    <Data>20150219</Data>
    <Mercato>MGP</Mercato>
    <Ora>7</Ora>
    <Italia>31510,9</Italia>
    <CNOR>3102,875</CNOR>
    <CSUD>4872,016</CSUD>
    <NORD>18215,64</NORD>
    <SARD>994,178</SARD>
    <SICI>1719,412</SICI>
    <SUD>2606,779</SUD>
  </Fabbisogno>
  <Fabbisogno>
    <Data>20150219</Data>
    <Mercato>MGP</Mercato>
    <Ora>8</Ora>
    <Italia>36044,804</Italia>
    <CNOR>3284,809</CNOR>
    <CSUD>4927,242</CSUD>
    <NORD>21847,883</NORD>
    <SARD>1110,196</SARD>
    <SICI>1975,226</SICI>
    <SUD>2899,448</SUD>
  </Fabbisogno>
  <Fabbisogno>
    <Data>20150219</Data>
    <Mercato>MGP</Mercato>
    <Ora>9</Ora>
    <Italia>41410,983</Italia>
    <CNOR>3873,548</CNOR>
    <CSUD>5993,485</CSUD>
    <NORD>24791,979</NORD>
    <SARD>1195,333</SARD>
    <SICI>2154,329</SICI>
    <SUD>3402,309</SUD>
  </Fabbisogno>
  <Fabbisogno>
    <Data>20150219</Data>
    <Mercato>MGP</Mercato>
    <Ora>10</Ora>
    <Italia>42161,496</Italia>
    <CNOR>4119,689</CNOR>
    <CSUD>6363,657</CSUD>
    <NORD>24751,847</NORD>
    <SARD>1227,514</SARD>
    <SICI>2180,29</SICI>
    <SUD>3518,499</SUD>
  </Fabbisogno>
  <Fabbisogno>
    <Data>20150219</Data>
    <Mercato>MGP</Mercato>
    <Ora>11</Ora>
    <Italia>40825,22</Italia>
    <CNOR>3944,799</CNOR>
    <CSUD>6021,195</CSUD>
    <NORD>24272,92</NORD>
    <SARD>1168,364</SARD>
    <SICI>2038,155</SICI>
    <SUD>3379,787</SUD>
  </Fabbisogno>
  <Fabbisogno>
    <Data>20150219</Data>
    <Mercato>MGP</Mercato>
    <Ora>12</Ora>
    <Italia>40525,316</Italia>
    <CNOR>3960,903</CNOR>
    <CSUD>6009,849</CSUD>
    <NORD>23950,276</NORD>
    <SARD>1202,512</SARD>
    <SICI>1977,72</SICI>
    <SUD>3424,056</SUD>
  </Fabbisogno>
  <Fabbisogno>
    <Data>20150219</Data>
    <Mercato>MGP</Mercato>
    <Ora>13</Ora>
    <Italia>38234,97</Italia>
    <CNOR>3858,914</CNOR>
    <CSUD>6296,939</CSUD>
    <NORD>21526,17</NORD>
    <SARD>1156,971</SARD>
    <SICI>2006,51</SICI>
    <SUD>3389,466</SUD>
  </Fabbisogno>
  <Fabbisogno>
    <Data>20150219</Data>
    <Mercato>MGP</Mercato>
    <Ora>14</Ora>
    <Italia>37908,24</Italia>
    <CNOR>3788,146</CNOR>
    <CSUD>6316,305</CSUD>
    <NORD>21365,133</NORD>
    <SARD>1110,72</SARD>
    <SICI>2004,238</SICI>
    <SUD>3323,698</SUD>
  </Fabbisogno>
  <Fabbisogno>
    <Data>20150219</Data>
    <Mercato>MGP</Mercato>
    <Ora>15</Ora>
    <Italia>38809,538</Italia>
    <CNOR>3964,065</CNOR>
    <CSUD>6183,451</CSUD>
    <NORD>22355,646</NORD>
    <SARD>1097,937</SARD>
    <SICI>1962,378</SICI>
    <SUD>3246,061</SUD>
  </Fabbisogno>
  <Fabbisogno>
    <Data>20150219</Data>
    <Mercato>MGP</Mercato>
    <Ora>16</Ora>
    <Italia>38949,668</Italia>
    <CNOR>3924,334</CNOR>
    <CSUD>5910,574</CSUD>
    <NORD>22642,581</NORD>
    <SARD>1090,087</SARD>
    <SICI>1996,653</SICI>
    <SUD>3385,439</SUD>
  </Fabbisogno>
  <Fabbisogno>
    <Data>20150219</Data>
    <Mercato>MGP</Mercato>
    <Ora>17</Ora>
    <Italia>41239,144</Italia>
    <CNOR>4299,53</CNOR>
    <CSUD>6773,661</CSUD>
    <NORD>23305,908</NORD>
    <SARD>1138,247</SARD>
    <SICI>2150,043</SICI>
    <SUD>3571,755</SUD>
  </Fabbisogno>
  <Fabbisogno>
    <Data>20150219</Data>
    <Mercato>MGP</Mercato>
    <Ora>18</Ora>
    <Italia>41716,865</Italia>
    <CNOR>4489,327</CNOR>
    <CSUD>7262,291</CSUD>
    <NORD>22314,745</NORD>
    <SARD>1232,655</SARD>
    <SICI>2392,174</SICI>
    <SUD>4025,673</SUD>
  </Fabbisogno>
  <Fabbisogno>
    <Data>20150219</Data>
    <Mercato>MGP</Mercato>
    <Ora>19</Ora>
    <Italia>43871,274</Italia>
    <CNOR>4773,898</CNOR>
    <CSUD>7986,974</CSUD>
    <NORD>22783,541</NORD>
    <SARD>1357,687</SARD>
    <SICI>2625,756</SICI>
    <SUD>4343,418</SUD>
  </Fabbisogno>
  <Fabbisogno>
    <Data>20150219</Data>
    <Mercato>MGP</Mercato>
    <Ora>20</Ora>
    <Italia>43292,115</Italia>
    <CNOR>4685,461</CNOR>
    <CSUD>8255,932</CSUD>
    <NORD>21783,987</NORD>
    <SARD>1445,584</SARD>
    <SICI>2725,296</SICI>
    <SUD>4395,855</SUD>
  </Fabbisogno>
  <Fabbisogno>
    <Data>20150219</Data>
    <Mercato>MGP</Mercato>
    <Ora>21</Ora>
    <Italia>40245,075</Italia>
    <CNOR>4448,73</CNOR>
    <CSUD>7660,59</CSUD>
    <NORD>19998,175</NORD>
    <SARD>1444,467</SARD>
    <SICI>2629,153</SICI>
    <SUD>4063,96</SUD>
  </Fabbisogno>
  <Fabbisogno>
    <Data>20150219</Data>
    <Mercato>MGP</Mercato>
    <Ora>22</Ora>
    <Italia>37568,715</Italia>
    <CNOR>4129,645</CNOR>
    <CSUD>7142,819</CSUD>
    <NORD>18609,351</NORD>
    <SARD>1347,451</SARD>
    <SICI>2521,876</SICI>
    <SUD>3817,573</SUD>
  </Fabbisogno>
  <Fabbisogno>
    <Data>20150219</Data>
    <Mercato>MGP</Mercato>
    <Ora>23</Ora>
    <Italia>33554,724</Italia>
    <CNOR>3725,519</CNOR>
    <CSUD>6403,171</CSUD>
    <NORD>16588,701</NORD>
    <SARD>1237,877</SARD>
    <SICI>2174,295</SICI>
    <SUD>3425,161</SUD>
  </Fabbisogno>
  <Fabbisogno>
    <Data>20150219</Data>
    <Mercato>MGP</Mercato>
    <Ora>24</Ora>
    <Italia>29990,075</Italia>
    <CNOR>3261,5</CNOR>
    <CSUD>5585,638</CSUD>
    <NORD>15159,576</NORD>
    <SARD>1106,006</SARD>
    <SICI>1861,567</SICI>
    <SUD>3015,788</SUD>
  </Fabbisogno>
</NewDataSet>