<?xml version="1.0" standalone="yes"?>
<NewDataSet>
  <xs:schema id="NewDataSet" xmlns="" xmlns:xs="http://www.w3.org/2001/XMLSchema" xmlns:msdata="urn:schemas-microsoft-com:xml-msdata">
    <xs:element name="NewDataSet" msdata:IsDataSet="true" msdata:UseCurrentLocale="true">
      <xs:complexType>
        <xs:choice minOccurs="0" maxOccurs="unbounded">
          <xs:element name="Fabbisogno">
            <xs:complexType>
              <xs:sequence>
                <xs:element name="Data" type="xs:string" minOccurs="0" />
                <xs:element name="Mercato" type="xs:string" minOccurs="0" />
                <xs:element name="Ora" type="xs:string" minOccurs="0" />
                <xs:element name="Italia" type="xs:string" minOccurs="0" />
                <xs:element name="CNOR" type="xs:string" minOccurs="0" />
                <xs:element name="CSUD" type="xs:string" minOccurs="0" />
                <xs:element name="NORD" type="xs:string" minOccurs="0" />
                <xs:element name="SARD" type="xs:string" minOccurs="0" />
                <xs:element name="SICI" type="xs:string" minOccurs="0" />
                <xs:element name="SUD" type="xs:string" minOccurs="0" />
              </xs:sequence>
            </xs:complexType>
          </xs:element>
        </xs:choice>
      </xs:complexType>
    </xs:element>
  </xs:schema>
  <Fabbisogno>
    <Data>20150211</Data>
    <Mercato>MGP</Mercato>
    <Ora>1</Ora>
    <Italia>28348,38</Italia>
    <CNOR>2771,325</CNOR>
    <CSUD>4334,524</CSUD>
    <NORD>15755,915</NORD>
    <SARD>839,054</SARD>
    <SICI>1852,491</SICI>
    <SUD>2795,071</SUD>
  </Fabbisogno>
  <Fabbisogno>
    <Data>20150211</Data>
    <Mercato>MGP</Mercato>
    <Ora>2</Ora>
    <Italia>26606,7</Italia>
    <CNOR>2569,468</CNOR>
    <CSUD>3871,707</CSUD>
    <NORD>15151,088</NORD>
    <SARD>773,692</SARD>
    <SICI>1667,447</SICI>
    <SUD>2573,298</SUD>
  </Fabbisogno>
  <Fabbisogno>
    <Data>20150211</Data>
    <Mercato>MGP</Mercato>
    <Ora>3</Ora>
    <Italia>25842,557</Italia>
    <CNOR>2493,178</CNOR>
    <CSUD>3694,198</CSUD>
    <NORD>14815,292</NORD>
    <SARD>758,128</SARD>
    <SICI>1582,443</SICI>
    <SUD>2499,318</SUD>
  </Fabbisogno>
  <Fabbisogno>
    <Data>20150211</Data>
    <Mercato>MGP</Mercato>
    <Ora>4</Ora>
    <Italia>25741,497</Italia>
    <CNOR>2470,065</CNOR>
    <CSUD>3625,361</CSUD>
    <NORD>14811,472</NORD>
    <SARD>760,666</SARD>
    <SICI>1592,568</SICI>
    <SUD>2481,365</SUD>
  </Fabbisogno>
  <Fabbisogno>
    <Data>20150211</Data>
    <Mercato>MGP</Mercato>
    <Ora>5</Ora>
    <Italia>25773,687</Italia>
    <CNOR>2416,226</CNOR>
    <CSUD>3425,041</CSUD>
    <NORD>15246,497</NORD>
    <SARD>745,487</SARD>
    <SICI>1517,768</SICI>
    <SUD>2422,668</SUD>
  </Fabbisogno>
  <Fabbisogno>
    <Data>20150211</Data>
    <Mercato>MGP</Mercato>
    <Ora>6</Ora>
    <Italia>27374,332</Italia>
    <CNOR>2536,893</CNOR>
    <CSUD>3661,446</CSUD>
    <NORD>16348,585</NORD>
    <SARD>768,842</SARD>
    <SICI>1521,682</SICI>
    <SUD>2536,884</SUD>
  </Fabbisogno>
  <Fabbisogno>
    <Data>20150211</Data>
    <Mercato>MGP</Mercato>
    <Ora>7</Ora>
    <Italia>32638,632</Italia>
    <CNOR>3033,891</CNOR>
    <CSUD>4698,462</CSUD>
    <NORD>19203,46</NORD>
    <SARD>906,704</SARD>
    <SICI>1780,837</SICI>
    <SUD>3015,278</SUD>
  </Fabbisogno>
  <Fabbisogno>
    <Data>20150211</Data>
    <Mercato>MGP</Mercato>
    <Ora>8</Ora>
    <Italia>37056,628</Italia>
    <CNOR>3364,211</CNOR>
    <CSUD>4701,948</CSUD>
    <NORD>22549,346</NORD>
    <SARD>1062,162</SARD>
    <SICI>1974,901</SICI>
    <SUD>3404,06</SUD>
  </Fabbisogno>
  <Fabbisogno>
    <Data>20150211</Data>
    <Mercato>MGP</Mercato>
    <Ora>9</Ora>
    <Italia>42056,523</Italia>
    <CNOR>3988,684</CNOR>
    <CSUD>5586,063</CSUD>
    <NORD>25227,607</NORD>
    <SARD>1185,781</SARD>
    <SICI>2165,678</SICI>
    <SUD>3902,71</SUD>
  </Fabbisogno>
  <Fabbisogno>
    <Data>20150211</Data>
    <Mercato>MGP</Mercato>
    <Ora>10</Ora>
    <Italia>43277,546</Italia>
    <CNOR>4100,79</CNOR>
    <CSUD>6099,983</CSUD>
    <NORD>25728,759</NORD>
    <SARD>1195,821</SARD>
    <SICI>2198,191</SICI>
    <SUD>3954,002</SUD>
  </Fabbisogno>
  <Fabbisogno>
    <Data>20150211</Data>
    <Mercato>MGP</Mercato>
    <Ora>11</Ora>
    <Italia>42449,708</Italia>
    <CNOR>4073,269</CNOR>
    <CSUD>6078,549</CSUD>
    <NORD>25105,076</NORD>
    <SARD>1179,736</SARD>
    <SICI>2147,547</SICI>
    <SUD>3865,531</SUD>
  </Fabbisogno>
  <Fabbisogno>
    <Data>20150211</Data>
    <Mercato>MGP</Mercato>
    <Ora>12</Ora>
    <Italia>41720,051</Italia>
    <CNOR>3987,144</CNOR>
    <CSUD>5928,332</CSUD>
    <NORD>24726,384</NORD>
    <SARD>1094,322</SARD>
    <SICI>2221,246</SICI>
    <SUD>3762,623</SUD>
  </Fabbisogno>
  <Fabbisogno>
    <Data>20150211</Data>
    <Mercato>MGP</Mercato>
    <Ora>13</Ora>
    <Italia>39598,65</Italia>
    <CNOR>3694,661</CNOR>
    <CSUD>6202,522</CSUD>
    <NORD>22475,01</NORD>
    <SARD>1118,776</SARD>
    <SICI>2287,821</SICI>
    <SUD>3819,86</SUD>
  </Fabbisogno>
  <Fabbisogno>
    <Data>20150211</Data>
    <Mercato>MGP</Mercato>
    <Ora>14</Ora>
    <Italia>39058,956</Italia>
    <CNOR>3535,753</CNOR>
    <CSUD>6023,64899999999</CSUD>
    <NORD>22401,003</NORD>
    <SARD>1078,114</SARD>
    <SICI>2296,798</SICI>
    <SUD>3723,639</SUD>
  </Fabbisogno>
  <Fabbisogno>
    <Data>20150211</Data>
    <Mercato>MGP</Mercato>
    <Ora>15</Ora>
    <Italia>40212,824</Italia>
    <CNOR>3740,315</CNOR>
    <CSUD>6065,746</CSUD>
    <NORD>23373,131</NORD>
    <SARD>1067,617</SARD>
    <SICI>2203,977</SICI>
    <SUD>3762,038</SUD>
  </Fabbisogno>
  <Fabbisogno>
    <Data>20150211</Data>
    <Mercato>MGP</Mercato>
    <Ora>16</Ora>
    <Italia>40029,515</Italia>
    <CNOR>3817,802</CNOR>
    <CSUD>5565,104</CSUD>
    <NORD>23741,221</NORD>
    <SARD>1077,152</SARD>
    <SICI>2111,028</SICI>
    <SUD>3717,208</SUD>
  </Fabbisogno>
  <Fabbisogno>
    <Data>20150211</Data>
    <Mercato>MGP</Mercato>
    <Ora>17</Ora>
    <Italia>41027,238</Italia>
    <CNOR>3971,679</CNOR>
    <CSUD>5791,434</CSUD>
    <NORD>24076,029</NORD>
    <SARD>1129,718</SARD>
    <SICI>2151,628</SICI>
    <SUD>3906,75</SUD>
  </Fabbisogno>
  <Fabbisogno>
    <Data>20150211</Data>
    <Mercato>MGP</Mercato>
    <Ora>18</Ora>
    <Italia>43552,525</Italia>
    <CNOR>4270,905</CNOR>
    <CSUD>6948,411</CSUD>
    <NORD>24093,194</NORD>
    <SARD>1215,125</SARD>
    <SICI>2561,976</SICI>
    <SUD>4462,914</SUD>
  </Fabbisogno>
  <Fabbisogno>
    <Data>20150211</Data>
    <Mercato>MGP</Mercato>
    <Ora>19</Ora>
    <Italia>45451,096</Italia>
    <CNOR>4525,734</CNOR>
    <CSUD>7590,964</CSUD>
    <NORD>24424,154</NORD>
    <SARD>1316,017</SARD>
    <SICI>2867,786</SICI>
    <SUD>4726,441</SUD>
  </Fabbisogno>
  <Fabbisogno>
    <Data>20150211</Data>
    <Mercato>MGP</Mercato>
    <Ora>20</Ora>
    <Italia>44189,576</Italia>
    <CNOR>4458,552</CNOR>
    <CSUD>7706,36</CSUD>
    <NORD>22934,806</NORD>
    <SARD>1355,037</SARD>
    <SICI>2909,474</SICI>
    <SUD>4825,347</SUD>
  </Fabbisogno>
  <Fabbisogno>
    <Data>20150211</Data>
    <Mercato>MGP</Mercato>
    <Ora>21</Ora>
    <Italia>41185,975</Italia>
    <CNOR>4076,322</CNOR>
    <CSUD>7299,743</CSUD>
    <NORD>20993,075</NORD>
    <SARD>1332,552</SARD>
    <SICI>2838,711</SICI>
    <SUD>4645,572</SUD>
  </Fabbisogno>
  <Fabbisogno>
    <Data>20150211</Data>
    <Mercato>MGP</Mercato>
    <Ora>22</Ora>
    <Italia>38011,115</Italia>
    <CNOR>3801,773</CNOR>
    <CSUD>6707,02</CSUD>
    <NORD>19395,353</NORD>
    <SARD>1234,674</SARD>
    <SICI>2565,024</SICI>
    <SUD>4307,271</SUD>
  </Fabbisogno>
  <Fabbisogno>
    <Data>20150211</Data>
    <Mercato>MGP</Mercato>
    <Ora>23</Ora>
    <Italia>34251,307</Italia>
    <CNOR>3470,506</CNOR>
    <CSUD>5956,696</CSUD>
    <NORD>17514,294</NORD>
    <SARD>1131,414</SARD>
    <SICI>2289,487</SICI>
    <SUD>3888,91</SUD>
  </Fabbisogno>
  <Fabbisogno>
    <Data>20150211</Data>
    <Mercato>MGP</Mercato>
    <Ora>24</Ora>
    <Italia>30224,293</Italia>
    <CNOR>3137,629</CNOR>
    <CSUD>5220,343</CSUD>
    <NORD>15581,392</NORD>
    <SARD>984,305</SARD>
    <SICI>1959,475</SICI>
    <SUD>3341,149</SUD>
  </Fabbisogno>
</NewDataSet>