<?xml version="1.0" standalone="yes"?>
<NewDataSet>
  <xs:schema id="NewDataSet" xmlns="" xmlns:xs="http://www.w3.org/2001/XMLSchema" xmlns:msdata="urn:schemas-microsoft-com:xml-msdata">
    <xs:element name="NewDataSet" msdata:IsDataSet="true" msdata:UseCurrentLocale="true">
      <xs:complexType>
        <xs:choice minOccurs="0" maxOccurs="unbounded">
          <xs:element name="Fabbisogno">
            <xs:complexType>
              <xs:sequence>
                <xs:element name="Data" type="xs:string" minOccurs="0" />
                <xs:element name="Mercato" type="xs:string" minOccurs="0" />
                <xs:element name="Ora" type="xs:string" minOccurs="0" />
                <xs:element name="Italia" type="xs:string" minOccurs="0" />
                <xs:element name="CNOR" type="xs:string" minOccurs="0" />
                <xs:element name="CSUD" type="xs:string" minOccurs="0" />
                <xs:element name="NORD" type="xs:string" minOccurs="0" />
                <xs:element name="SARD" type="xs:string" minOccurs="0" />
                <xs:element name="SICI" type="xs:string" minOccurs="0" />
                <xs:element name="SUD" type="xs:string" minOccurs="0" />
              </xs:sequence>
            </xs:complexType>
          </xs:element>
        </xs:choice>
      </xs:complexType>
    </xs:element>
  </xs:schema>
  <Fabbisogno>
    <Data>20150215</Data>
    <Mercato>MGP</Mercato>
    <Ora>1</Ora>
    <Italia>25223,384</Italia>
    <CNOR>2734,782</CNOR>
    <CSUD>4575,91</CSUD>
    <NORD>12627,58</NORD>
    <SARD>968,352</SARD>
    <SICI>1660,801</SICI>
    <SUD>2655,959</SUD>
  </Fabbisogno>
  <Fabbisogno>
    <Data>20150215</Data>
    <Mercato>MGP</Mercato>
    <Ora>2</Ora>
    <Italia>23704,939</Italia>
    <CNOR>2621,282</CNOR>
    <CSUD>4190,833</CSUD>
    <NORD>12059,671</NORD>
    <SARD>900,301</SARD>
    <SICI>1491,263</SICI>
    <SUD>2441,589</SUD>
  </Fabbisogno>
  <Fabbisogno>
    <Data>20150215</Data>
    <Mercato>MGP</Mercato>
    <Ora>3</Ora>
    <Italia>22900,23</Italia>
    <CNOR>2518,224</CNOR>
    <CSUD>3932,125</CSUD>
    <NORD>11866,256</NORD>
    <SARD>855,894</SARD>
    <SICI>1380,289</SICI>
    <SUD>2347,442</SUD>
  </Fabbisogno>
  <Fabbisogno>
    <Data>20150215</Data>
    <Mercato>MGP</Mercato>
    <Ora>4</Ora>
    <Italia>22345,041</Italia>
    <CNOR>2468,774</CNOR>
    <CSUD>3811,075</CSUD>
    <NORD>11630,162</NORD>
    <SARD>839,837</SARD>
    <SICI>1317,134</SICI>
    <SUD>2278,059</SUD>
  </Fabbisogno>
  <Fabbisogno>
    <Data>20150215</Data>
    <Mercato>MGP</Mercato>
    <Ora>5</Ora>
    <Italia>21963,429</Italia>
    <CNOR>2306,245</CNOR>
    <CSUD>3560,009</CSUD>
    <NORD>11825,677</NORD>
    <SARD>786,721</SARD>
    <SICI>1298,991</SICI>
    <SUD>2185,786</SUD>
  </Fabbisogno>
  <Fabbisogno>
    <Data>20150215</Data>
    <Mercato>MGP</Mercato>
    <Ora>6</Ora>
    <Italia>22140,217</Italia>
    <CNOR>2300,38</CNOR>
    <CSUD>3550,672</CSUD>
    <NORD>12019,064</NORD>
    <SARD>794,93</SARD>
    <SICI>1304,717</SICI>
    <SUD>2170,454</SUD>
  </Fabbisogno>
  <Fabbisogno>
    <Data>20150215</Data>
    <Mercato>MGP</Mercato>
    <Ora>7</Ora>
    <Italia>23129,197</Italia>
    <CNOR>2516,612</CNOR>
    <CSUD>3883,984</CSUD>
    <NORD>12258,903</NORD>
    <SARD>868,94</SARD>
    <SICI>1359,745</SICI>
    <SUD>2241,013</SUD>
  </Fabbisogno>
  <Fabbisogno>
    <Data>20150215</Data>
    <Mercato>MGP</Mercato>
    <Ora>8</Ora>
    <Italia>23827,868</Italia>
    <CNOR>2451,456</CNOR>
    <CSUD>3794,678</CSUD>
    <NORD>13076,256</NORD>
    <SARD>859,869</SARD>
    <SICI>1427,455</SICI>
    <SUD>2218,154</SUD>
  </Fabbisogno>
  <Fabbisogno>
    <Data>20150215</Data>
    <Mercato>MGP</Mercato>
    <Ora>9</Ora>
    <Italia>25657,863</Italia>
    <CNOR>2575,645</CNOR>
    <CSUD>4117,936</CSUD>
    <NORD>13900,777</NORD>
    <SARD>932,528</SARD>
    <SICI>1645,935</SICI>
    <SUD>2485,042</SUD>
  </Fabbisogno>
  <Fabbisogno>
    <Data>20150215</Data>
    <Mercato>MGP</Mercato>
    <Ora>10</Ora>
    <Italia>27911,128</Italia>
    <CNOR>2807,513</CNOR>
    <CSUD>4660,076</CSUD>
    <NORD>14942,851</NORD>
    <SARD>1011,165</SARD>
    <SICI>1825,507</SICI>
    <SUD>2664,016</SUD>
  </Fabbisogno>
  <Fabbisogno>
    <Data>20150215</Data>
    <Mercato>MGP</Mercato>
    <Ora>11</Ora>
    <Italia>28948,762</Italia>
    <CNOR>2840,328</CNOR>
    <CSUD>4785,864</CSUD>
    <NORD>15662,598</NORD>
    <SARD>1020,81</SARD>
    <SICI>1894,22</SICI>
    <SUD>2744,942</SUD>
  </Fabbisogno>
  <Fabbisogno>
    <Data>20150215</Data>
    <Mercato>MGP</Mercato>
    <Ora>12</Ora>
    <Italia>29565,299</Italia>
    <CNOR>2903,893</CNOR>
    <CSUD>4802,05</CSUD>
    <NORD>16152,697</NORD>
    <SARD>1053,386</SARD>
    <SICI>1867,481</SICI>
    <SUD>2785,792</SUD>
  </Fabbisogno>
  <Fabbisogno>
    <Data>20150215</Data>
    <Mercato>MGP</Mercato>
    <Ora>13</Ora>
    <Italia>29181,914</Italia>
    <CNOR>2884,524</CNOR>
    <CSUD>5067,346</CSUD>
    <NORD>15496,297</NORD>
    <SARD>1021,164</SARD>
    <SICI>1903,441</SICI>
    <SUD>2809,142</SUD>
  </Fabbisogno>
  <Fabbisogno>
    <Data>20150215</Data>
    <Mercato>MGP</Mercato>
    <Ora>14</Ora>
    <Italia>27437,641</Italia>
    <CNOR>2702,055</CNOR>
    <CSUD>4866,416</CSUD>
    <NORD>14527,207</NORD>
    <SARD>958,763</SARD>
    <SICI>1787,707</SICI>
    <SUD>2595,493</SUD>
  </Fabbisogno>
  <Fabbisogno>
    <Data>20150215</Data>
    <Mercato>MGP</Mercato>
    <Ora>15</Ora>
    <Italia>27137,047</Italia>
    <CNOR>2732,043</CNOR>
    <CSUD>4679,949</CSUD>
    <NORD>14614,113</NORD>
    <SARD>929,494</SARD>
    <SICI>1722,136</SICI>
    <SUD>2459,312</SUD>
  </Fabbisogno>
  <Fabbisogno>
    <Data>20150215</Data>
    <Mercato>MGP</Mercato>
    <Ora>16</Ora>
    <Italia>27194,778</Italia>
    <CNOR>2739,134</CNOR>
    <CSUD>4621,118</CSUD>
    <NORD>14699,19</NORD>
    <SARD>913,936</SARD>
    <SICI>1729,742</SICI>
    <SUD>2491,658</SUD>
  </Fabbisogno>
  <Fabbisogno>
    <Data>20150215</Data>
    <Mercato>MGP</Mercato>
    <Ora>17</Ora>
    <Italia>27898,314</Italia>
    <CNOR>2884,64</CNOR>
    <CSUD>4797,5</CSUD>
    <NORD>14888,405</NORD>
    <SARD>940,654</SARD>
    <SICI>1750,107</SICI>
    <SUD>2637,008</SUD>
  </Fabbisogno>
  <Fabbisogno>
    <Data>20150215</Data>
    <Mercato>MGP</Mercato>
    <Ora>18</Ora>
    <Italia>30014,117</Italia>
    <CNOR>3207,897</CNOR>
    <CSUD>5443,904</CSUD>
    <NORD>15407,051</NORD>
    <SARD>1032,791</SARD>
    <SICI>1909,559</SICI>
    <SUD>3012,915</SUD>
  </Fabbisogno>
  <Fabbisogno>
    <Data>20150215</Data>
    <Mercato>MGP</Mercato>
    <Ora>19</Ora>
    <Italia>33253,733</Italia>
    <CNOR>3671,264</CNOR>
    <CSUD>6057,002</CSUD>
    <NORD>16918,949</NORD>
    <SARD>1152,401</SARD>
    <SICI>2115,253</SICI>
    <SUD>3338,864</SUD>
  </Fabbisogno>
  <Fabbisogno>
    <Data>20150215</Data>
    <Mercato>MGP</Mercato>
    <Ora>20</Ora>
    <Italia>34173,144</Italia>
    <CNOR>3914,822</CNOR>
    <CSUD>6398,47200000001</CSUD>
    <NORD>16854,046</NORD>
    <SARD>1277,087</SARD>
    <SICI>2236,724</SICI>
    <SUD>3491,993</SUD>
  </Fabbisogno>
  <Fabbisogno>
    <Data>20150215</Data>
    <Mercato>MGP</Mercato>
    <Ora>21</Ora>
    <Italia>33102,766</Italia>
    <CNOR>3860,579</CNOR>
    <CSUD>6379,485</CSUD>
    <NORD>15975,086</NORD>
    <SARD>1290,068</SARD>
    <SICI>2227,299</SICI>
    <SUD>3370,249</SUD>
  </Fabbisogno>
  <Fabbisogno>
    <Data>20150215</Data>
    <Mercato>MGP</Mercato>
    <Ora>22</Ora>
    <Italia>31422,962</Italia>
    <CNOR>3643,623</CNOR>
    <CSUD>6015,529</CSUD>
    <NORD>15201,043</NORD>
    <SARD>1224,596</SARD>
    <SICI>2093,108</SICI>
    <SUD>3245,063</SUD>
  </Fabbisogno>
  <Fabbisogno>
    <Data>20150215</Data>
    <Mercato>MGP</Mercato>
    <Ora>23</Ora>
    <Italia>29029,899</Italia>
    <CNOR>3399,444</CNOR>
    <CSUD>5563,92</CSUD>
    <NORD>14035,404</NORD>
    <SARD>1136,412</SARD>
    <SICI>1927,816</SICI>
    <SUD>2966,903</SUD>
  </Fabbisogno>
  <Fabbisogno>
    <Data>20150215</Data>
    <Mercato>MGP</Mercato>
    <Ora>24</Ora>
    <Italia>26176,107</Italia>
    <CNOR>3045,237</CNOR>
    <CSUD>4892,324</CSUD>
    <NORD>12883,01</NORD>
    <SARD>1028,533</SARD>
    <SICI>1703,953</SICI>
    <SUD>2623,05</SUD>
  </Fabbisogno>
</NewDataSet>