<?xml version="1.0" standalone="yes"?>
<NewDataSet>
  <xs:schema id="NewDataSet" xmlns="" xmlns:xs="http://www.w3.org/2001/XMLSchema" xmlns:msdata="urn:schemas-microsoft-com:xml-msdata">
    <xs:element name="NewDataSet" msdata:IsDataSet="true" msdata:UseCurrentLocale="true">
      <xs:complexType>
        <xs:choice minOccurs="0" maxOccurs="unbounded">
          <xs:element name="Prezzi">
            <xs:complexType>
              <xs:sequence>
                <xs:element name="Data" type="xs:string" minOccurs="0" />
                <xs:element name="Mercato" type="xs:string" minOccurs="0" />
                <xs:element name="Ora" type="xs:string" minOccurs="0" />
                <xs:element name="PUN" type="xs:string" minOccurs="0" />
                <xs:element name="NAT" type="xs:string" minOccurs="0" />
                <xs:element name="CNOR" type="xs:string" minOccurs="0" />
                <xs:element name="CSUD" type="xs:string" minOccurs="0" />
                <xs:element name="NORD" type="xs:string" minOccurs="0" />
                <xs:element name="SARD" type="xs:string" minOccurs="0" />
                <xs:element name="SICI" type="xs:string" minOccurs="0" />
                <xs:element name="SUD" type="xs:string" minOccurs="0" />
                <xs:element name="AUST" type="xs:string" minOccurs="0" />
                <xs:element name="BRNN" type="xs:string" minOccurs="0" />
                <xs:element name="COAC" type="xs:string" minOccurs="0" />
                <xs:element name="CORS" type="xs:string" minOccurs="0" />
                <xs:element name="FOGN" type="xs:string" minOccurs="0" />
                <xs:element name="FRAN" type="xs:string" minOccurs="0" />
                <xs:element name="GREC" type="xs:string" minOccurs="0" />
                <xs:element name="MFTV" type="xs:string" minOccurs="0" />
                <xs:element name="PRGP" type="xs:string" minOccurs="0" />
                <xs:element name="ROSN" type="xs:string" minOccurs="0" />
                <xs:element name="SLOV" type="xs:string" minOccurs="0" />
                <xs:element name="SVIZ" type="xs:string" minOccurs="0" />
                <xs:element name="BSP" type="xs:string" minOccurs="0" />
                <xs:element name="MALT" type="xs:string" minOccurs="0" />
                <xs:element name="XAUS" type="xs:string" minOccurs="0" />
                <xs:element name="XFRA" type="xs:string" minOccurs="0" />
              </xs:sequence>
            </xs:complexType>
          </xs:element>
        </xs:choice>
      </xs:complexType>
    </xs:element>
  </xs:schema>
  <Prezzi>
    <Data>20151217</Data>
    <Mercato>MGP</Mercato>
    <Ora>1</Ora>
    <PUN>47,766070</PUN>
    <NAT>46,280000</NAT>
    <CNOR>48,200000</CNOR>
    <CSUD>48,200000</CSUD>
    <NORD>48,200000</NORD>
    <SARD>48,200000</SARD>
    <SICI>55,560000</SICI>
    <SUD>40,740000</SUD>
    <AUST>48,200000</AUST>
    <BRNN>40,740000</BRNN>
    <COAC>48,200000</COAC>
    <CORS>48,200000</CORS>
    <FOGN>40,740000</FOGN>
    <FRAN>48,200000</FRAN>
    <GREC>40,740000</GREC>
    <MFTV>48,200000</MFTV>
    <PRGP>55,560000</PRGP>
    <ROSN>40,740000</ROSN>
    <SLOV>48,200000</SLOV>
    <SVIZ>48,200000</SVIZ>
    <BSP>48,200000</BSP>
    <MALT>55,560000</MALT>
    <XAUS>48,200000</XAUS>
    <XFRA>48,200000</XFRA>
  </Prezzi>
  <Prezzi>
    <Data>20151217</Data>
    <Mercato>MGP</Mercato>
    <Ora>2</Ora>
    <PUN>42,580060</PUN>
    <NAT>41,960000</NAT>
    <CNOR>41,960000</CNOR>
    <CSUD>41,960000</CSUD>
    <NORD>41,960000</NORD>
    <SARD>41,960000</SARD>
    <SICI>54,420000</SICI>
    <SUD>41,530000</SUD>
    <AUST>41,960000</AUST>
    <BRNN>41,530000</BRNN>
    <COAC>41,960000</COAC>
    <CORS>41,960000</CORS>
    <FOGN>41,530000</FOGN>
    <FRAN>41,960000</FRAN>
    <GREC>41,530000</GREC>
    <MFTV>41,960000</MFTV>
    <PRGP>54,420000</PRGP>
    <ROSN>41,530000</ROSN>
    <SLOV>41,960000</SLOV>
    <SVIZ>41,960000</SVIZ>
    <BSP>41,960000</BSP>
    <MALT>54,420000</MALT>
    <XAUS>41,960000</XAUS>
    <XFRA>41,960000</XFRA>
  </Prezzi>
  <Prezzi>
    <Data>20151217</Data>
    <Mercato>MGP</Mercato>
    <Ora>3</Ora>
    <PUN>41,334150</PUN>
    <NAT>40,730000</NAT>
    <CNOR>40,630000</CNOR>
    <CSUD>40,630000</CSUD>
    <NORD>40,630000</NORD>
    <SARD>40,630000</SARD>
    <SICI>54,420000</SICI>
    <SUD>40,630000</SUD>
    <AUST>40,630000</AUST>
    <BRNN>40,630000</BRNN>
    <COAC>40,630000</COAC>
    <CORS>40,630000</CORS>
    <FOGN>40,630000</FOGN>
    <FRAN>40,630000</FRAN>
    <GREC>40,630000</GREC>
    <MFTV>40,630000</MFTV>
    <PRGP>54,420000</PRGP>
    <ROSN>40,630000</ROSN>
    <SLOV>40,630000</SLOV>
    <SVIZ>40,630000</SVIZ>
    <BSP>40,630000</BSP>
    <MALT>54,420000</MALT>
    <XAUS>40,630000</XAUS>
    <XFRA>40,630000</XFRA>
  </Prezzi>
  <Prezzi>
    <Data>20151217</Data>
    <Mercato>MGP</Mercato>
    <Ora>4</Ora>
    <PUN>40,928010</PUN>
    <NAT>40,500000</NAT>
    <CNOR>40,500000</CNOR>
    <CSUD>40,500000</CSUD>
    <NORD>40,500000</NORD>
    <SARD>40,500000</SARD>
    <SICI>54,420000</SICI>
    <SUD>38,070000</SUD>
    <AUST>40,500000</AUST>
    <BRNN>38,070000</BRNN>
    <COAC>40,500000</COAC>
    <CORS>40,500000</CORS>
    <FOGN>38,070000</FOGN>
    <FRAN>40,500000</FRAN>
    <GREC>38,070000</GREC>
    <MFTV>40,500000</MFTV>
    <PRGP>54,420000</PRGP>
    <ROSN>38,070000</ROSN>
    <SLOV>40,500000</SLOV>
    <SVIZ>40,500000</SVIZ>
    <BSP>40,500000</BSP>
    <MALT>54,420000</MALT>
    <XAUS>40,500000</XAUS>
    <XFRA>40,500000</XFRA>
  </Prezzi>
  <Prezzi>
    <Data>20151217</Data>
    <Mercato>MGP</Mercato>
    <Ora>5</Ora>
    <PUN>41,185050</PUN>
    <NAT>40,500000</NAT>
    <CNOR>40,500000</CNOR>
    <CSUD>40,500000</CSUD>
    <NORD>40,500000</NORD>
    <SARD>40,500000</SARD>
    <SICI>54,420000</SICI>
    <SUD>40,500000</SUD>
    <AUST>40,500000</AUST>
    <BRNN>40,500000</BRNN>
    <COAC>40,500000</COAC>
    <CORS>40,500000</CORS>
    <FOGN>40,500000</FOGN>
    <FRAN>40,500000</FRAN>
    <GREC>40,500000</GREC>
    <MFTV>40,500000</MFTV>
    <PRGP>54,420000</PRGP>
    <ROSN>40,500000</ROSN>
    <SLOV>40,500000</SLOV>
    <SVIZ>40,500000</SVIZ>
    <BSP>40,500000</BSP>
    <MALT>54,420000</MALT>
    <XAUS>40,500000</XAUS>
    <XFRA>40,500000</XFRA>
  </Prezzi>
  <Prezzi>
    <Data>20151217</Data>
    <Mercato>MGP</Mercato>
    <Ora>6</Ora>
    <PUN>45,448610</PUN>
    <NAT>44,400000</NAT>
    <CNOR>45,410000</CNOR>
    <CSUD>45,410000</CSUD>
    <NORD>45,410000</NORD>
    <SARD>45,410000</SARD>
    <SICI>54,420000</SICI>
    <SUD>41,710000</SUD>
    <AUST>45,410000</AUST>
    <BRNN>41,710000</BRNN>
    <COAC>45,410000</COAC>
    <CORS>45,410000</CORS>
    <FOGN>41,710000</FOGN>
    <FRAN>45,410000</FRAN>
    <GREC>41,710000</GREC>
    <MFTV>45,410000</MFTV>
    <PRGP>54,420000</PRGP>
    <ROSN>41,710000</ROSN>
    <SLOV>45,410000</SLOV>
    <SVIZ>45,410000</SVIZ>
    <BSP>45,410000</BSP>
    <MALT>54,420000</MALT>
    <XAUS>45,410000</XAUS>
    <XFRA>45,410000</XFRA>
  </Prezzi>
  <Prezzi>
    <Data>20151217</Data>
    <Mercato>MGP</Mercato>
    <Ora>7</Ora>
    <PUN>67,135760</PUN>
    <NAT>60,000000</NAT>
    <CNOR>70,500000</CNOR>
    <CSUD>70,500000</CSUD>
    <NORD>70,500000</NORD>
    <SARD>70,500000</SARD>
    <SICI>55,560000</SICI>
    <SUD>45,430000</SUD>
    <AUST>70,500000</AUST>
    <BRNN>45,430000</BRNN>
    <COAC>70,500000</COAC>
    <CORS>70,500000</CORS>
    <FOGN>45,430000</FOGN>
    <FRAN>70,500000</FRAN>
    <GREC>45,430000</GREC>
    <MFTV>70,500000</MFTV>
    <PRGP>55,560000</PRGP>
    <ROSN>45,430000</ROSN>
    <SLOV>70,500000</SLOV>
    <SVIZ>70,500000</SVIZ>
    <BSP>70,500000</BSP>
    <MALT>55,560000</MALT>
    <XAUS>70,500000</XAUS>
    <XFRA>70,500000</XFRA>
  </Prezzi>
  <Prezzi>
    <Data>20151217</Data>
    <Mercato>MGP</Mercato>
    <Ora>8</Ora>
    <PUN>68,531280</PUN>
    <NAT>67,990000</NAT>
    <CNOR>71,630000</CNOR>
    <CSUD>71,630000</CSUD>
    <NORD>71,630000</NORD>
    <SARD>71,630000</SARD>
    <SICI>58,940000</SICI>
    <SUD>46,000000</SUD>
    <AUST>71,630000</AUST>
    <BRNN>46,000000</BRNN>
    <COAC>71,630000</COAC>
    <CORS>71,630000</CORS>
    <FOGN>46,000000</FOGN>
    <FRAN>71,630000</FRAN>
    <GREC>46,000000</GREC>
    <MFTV>71,630000</MFTV>
    <PRGP>58,940000</PRGP>
    <ROSN>46,000000</ROSN>
    <SLOV>71,630000</SLOV>
    <SVIZ>71,630000</SVIZ>
    <BSP>71,630000</BSP>
    <MALT>58,940000</MALT>
    <XAUS>71,630000</XAUS>
    <XFRA>71,630000</XFRA>
  </Prezzi>
  <Prezzi>
    <Data>20151217</Data>
    <Mercato>MGP</Mercato>
    <Ora>9</Ora>
    <PUN>70,056980</PUN>
    <NAT>71,300000</NAT>
    <CNOR>73,010000</CNOR>
    <CSUD>73,010000</CSUD>
    <NORD>73,010000</NORD>
    <SARD>73,010000</SARD>
    <SICI>60,610000</SICI>
    <SUD>50,290000</SUD>
    <AUST>73,010000</AUST>
    <BRNN>50,290000</BRNN>
    <COAC>73,010000</COAC>
    <CORS>73,010000</CORS>
    <FOGN>50,290000</FOGN>
    <FRAN>73,010000</FRAN>
    <GREC>50,290000</GREC>
    <MFTV>73,010000</MFTV>
    <PRGP>60,610000</PRGP>
    <ROSN>47,000000</ROSN>
    <SLOV>73,010000</SLOV>
    <SVIZ>73,010000</SVIZ>
    <BSP>73,010000</BSP>
    <MALT>60,610000</MALT>
    <XAUS>73,010000</XAUS>
    <XFRA>73,010000</XFRA>
  </Prezzi>
  <Prezzi>
    <Data>20151217</Data>
    <Mercato>MGP</Mercato>
    <Ora>10</Ora>
    <PUN>72,395730</PUN>
    <NAT>72,000000</NAT>
    <CNOR>76,230000</CNOR>
    <CSUD>76,230000</CSUD>
    <NORD>76,230000</NORD>
    <SARD>76,230000</SARD>
    <SICI>58,940000</SICI>
    <SUD>46,000000</SUD>
    <AUST>76,230000</AUST>
    <BRNN>46,000000</BRNN>
    <COAC>76,230000</COAC>
    <CORS>76,230000</CORS>
    <FOGN>46,000000</FOGN>
    <FRAN>76,230000</FRAN>
    <GREC>46,000000</GREC>
    <MFTV>76,230000</MFTV>
    <PRGP>58,940000</PRGP>
    <ROSN>46,000000</ROSN>
    <SLOV>76,230000</SLOV>
    <SVIZ>76,230000</SVIZ>
    <BSP>76,230000</BSP>
    <MALT>58,940000</MALT>
    <XAUS>76,230000</XAUS>
    <XFRA>76,230000</XFRA>
  </Prezzi>
  <Prezzi>
    <Data>20151217</Data>
    <Mercato>MGP</Mercato>
    <Ora>11</Ora>
    <PUN>67,396570</PUN>
    <NAT>66,110000</NAT>
    <CNOR>67,990000</CNOR>
    <CSUD>67,990000</CSUD>
    <NORD>72,000000</NORD>
    <SARD>67,990000</SARD>
    <SICI>58,000000</SICI>
    <SUD>43,070000</SUD>
    <AUST>72,000000</AUST>
    <BRNN>43,070000</BRNN>
    <COAC>67,990000</COAC>
    <CORS>67,990000</CORS>
    <FOGN>43,070000</FOGN>
    <FRAN>72,000000</FRAN>
    <GREC>43,070000</GREC>
    <MFTV>72,000000</MFTV>
    <PRGP>58,000000</PRGP>
    <ROSN>43,070000</ROSN>
    <SLOV>72,000000</SLOV>
    <SVIZ>72,000000</SVIZ>
    <BSP>72,000000</BSP>
    <MALT>58,000000</MALT>
    <XAUS>72,000000</XAUS>
    <XFRA>72,000000</XFRA>
  </Prezzi>
  <Prezzi>
    <Data>20151217</Data>
    <Mercato>MGP</Mercato>
    <Ora>12</Ora>
    <PUN>63,787740</PUN>
    <NAT>61,440000</NAT>
    <CNOR>58,000000</CNOR>
    <CSUD>58,000000</CSUD>
    <NORD>70,500000</NORD>
    <SARD>58,000000</SARD>
    <SICI>55,560000</SICI>
    <SUD>41,710000</SUD>
    <AUST>70,500000</AUST>
    <BRNN>41,710000</BRNN>
    <COAC>58,000000</COAC>
    <CORS>58,000000</CORS>
    <FOGN>41,710000</FOGN>
    <FRAN>70,500000</FRAN>
    <GREC>41,710000</GREC>
    <MFTV>70,500000</MFTV>
    <PRGP>55,560000</PRGP>
    <ROSN>41,710000</ROSN>
    <SLOV>70,500000</SLOV>
    <SVIZ>70,500000</SVIZ>
    <BSP>70,500000</BSP>
    <MALT>55,560000</MALT>
    <XAUS>70,500000</XAUS>
    <XFRA>70,500000</XFRA>
  </Prezzi>
  <Prezzi>
    <Data>20151217</Data>
    <Mercato>MGP</Mercato>
    <Ora>13</Ora>
    <PUN>55,681280</PUN>
    <NAT>56,110000</NAT>
    <CNOR>52,020000</CNOR>
    <CSUD>52,020000</CSUD>
    <NORD>60,000000</NORD>
    <SARD>52,020000</SARD>
    <SICI>55,560000</SICI>
    <SUD>40,080000</SUD>
    <AUST>60,000000</AUST>
    <BRNN>40,080000</BRNN>
    <COAC>52,020000</COAC>
    <CORS>52,020000</CORS>
    <FOGN>40,080000</FOGN>
    <FRAN>60,000000</FRAN>
    <GREC>40,080000</GREC>
    <MFTV>60,000000</MFTV>
    <PRGP>55,560000</PRGP>
    <ROSN>40,080000</ROSN>
    <SLOV>60,000000</SLOV>
    <SVIZ>60,000000</SVIZ>
    <BSP>60,000000</BSP>
    <MALT>55,560000</MALT>
    <XAUS>60,000000</XAUS>
    <XFRA>60,000000</XFRA>
  </Prezzi>
  <Prezzi>
    <Data>20151217</Data>
    <Mercato>MGP</Mercato>
    <Ora>14</Ora>
    <PUN>59,515780</PUN>
    <NAT>55,850000</NAT>
    <CNOR>61,660000</CNOR>
    <CSUD>61,660000</CSUD>
    <NORD>62,320000</NORD>
    <SARD>61,660000</SARD>
    <SICI>57,070000</SICI>
    <SUD>40,150000</SUD>
    <AUST>62,320000</AUST>
    <BRNN>40,150000</BRNN>
    <COAC>61,660000</COAC>
    <CORS>61,660000</CORS>
    <FOGN>40,150000</FOGN>
    <FRAN>62,320000</FRAN>
    <GREC>40,150000</GREC>
    <MFTV>62,320000</MFTV>
    <PRGP>57,070000</PRGP>
    <ROSN>40,150000</ROSN>
    <SLOV>62,320000</SLOV>
    <SVIZ>62,320000</SVIZ>
    <BSP>62,320000</BSP>
    <MALT>57,070000</MALT>
    <XAUS>62,320000</XAUS>
    <XFRA>62,320000</XFRA>
  </Prezzi>
  <Prezzi>
    <Data>20151217</Data>
    <Mercato>MGP</Mercato>
    <Ora>15</Ora>
    <PUN>64,422700</PUN>
    <NAT>62,180000</NAT>
    <CNOR>67,550000</CNOR>
    <CSUD>67,550000</CSUD>
    <NORD>67,550000</NORD>
    <SARD>67,550000</SARD>
    <SICI>58,710000</SICI>
    <SUD>41,710000</SUD>
    <AUST>67,550000</AUST>
    <BRNN>41,710000</BRNN>
    <COAC>67,550000</COAC>
    <CORS>67,550000</CORS>
    <FOGN>41,710000</FOGN>
    <FRAN>67,550000</FRAN>
    <GREC>41,710000</GREC>
    <MFTV>67,550000</MFTV>
    <PRGP>58,710000</PRGP>
    <ROSN>41,710000</ROSN>
    <SLOV>67,550000</SLOV>
    <SVIZ>67,550000</SVIZ>
    <BSP>67,550000</BSP>
    <MALT>58,710000</MALT>
    <XAUS>67,550000</XAUS>
    <XFRA>67,550000</XFRA>
  </Prezzi>
  <Prezzi>
    <Data>20151217</Data>
    <Mercato>MGP</Mercato>
    <Ora>16</Ora>
    <PUN>68,382520</PUN>
    <NAT>70,000000</NAT>
    <CNOR>71,630000</CNOR>
    <CSUD>71,630000</CSUD>
    <NORD>71,630000</NORD>
    <SARD>71,630000</SARD>
    <SICI>58,940000</SICI>
    <SUD>47,140000</SUD>
    <AUST>71,630000</AUST>
    <BRNN>47,140000</BRNN>
    <COAC>71,630000</COAC>
    <CORS>71,630000</CORS>
    <FOGN>47,140000</FOGN>
    <FRAN>71,630000</FRAN>
    <GREC>47,140000</GREC>
    <MFTV>71,630000</MFTV>
    <PRGP>58,940000</PRGP>
    <ROSN>47,000000</ROSN>
    <SLOV>71,630000</SLOV>
    <SVIZ>71,630000</SVIZ>
    <BSP>71,630000</BSP>
    <MALT>58,940000</MALT>
    <XAUS>71,630000</XAUS>
    <XFRA>71,630000</XFRA>
  </Prezzi>
  <Prezzi>
    <Data>20151217</Data>
    <Mercato>MGP</Mercato>
    <Ora>17</Ora>
    <PUN>71,599190</PUN>
    <NAT>72,930000</NAT>
    <CNOR>75,270000</CNOR>
    <CSUD>75,270000</CSUD>
    <NORD>75,270000</NORD>
    <SARD>75,270000</SARD>
    <SICI>60,610000</SICI>
    <SUD>47,110000</SUD>
    <AUST>75,270000</AUST>
    <BRNN>47,110000</BRNN>
    <COAC>75,270000</COAC>
    <CORS>75,270000</CORS>
    <FOGN>47,110000</FOGN>
    <FRAN>75,270000</FRAN>
    <GREC>47,110000</GREC>
    <MFTV>75,270000</MFTV>
    <PRGP>60,610000</PRGP>
    <ROSN>47,000000</ROSN>
    <SLOV>75,270000</SLOV>
    <SVIZ>75,270000</SVIZ>
    <BSP>75,270000</BSP>
    <MALT>60,610000</MALT>
    <XAUS>75,270000</XAUS>
    <XFRA>75,270000</XFRA>
  </Prezzi>
  <Prezzi>
    <Data>20151217</Data>
    <Mercato>MGP</Mercato>
    <Ora>18</Ora>
    <PUN>97,253790</PUN>
    <NAT>98,000000</NAT>
    <CNOR>100,900000</CNOR>
    <CSUD>100,900000</CSUD>
    <NORD>100,900000</NORD>
    <SARD>100,900000</SARD>
    <SICI>60,610000</SICI>
    <SUD>90,000000</SUD>
    <AUST>100,900000</AUST>
    <BRNN>90,000000</BRNN>
    <COAC>100,900000</COAC>
    <CORS>100,900000</CORS>
    <FOGN>90,000000</FOGN>
    <FRAN>100,900000</FRAN>
    <GREC>90,000000</GREC>
    <MFTV>100,900000</MFTV>
    <PRGP>60,610000</PRGP>
    <ROSN>47,000000</ROSN>
    <SLOV>100,900000</SLOV>
    <SVIZ>100,900000</SVIZ>
    <BSP>100,900000</BSP>
    <MALT>60,610000</MALT>
    <XAUS>100,900000</XAUS>
    <XFRA>100,900000</XFRA>
  </Prezzi>
  <Prezzi>
    <Data>20151217</Data>
    <Mercato>MGP</Mercato>
    <Ora>19</Ora>
    <PUN>80,847500</PUN>
    <NAT>77,990000</NAT>
    <CNOR>82,230000</CNOR>
    <CSUD>82,230000</CSUD>
    <NORD>82,230000</NORD>
    <SARD>82,230000</SARD>
    <SICI>60,610000</SICI>
    <SUD>82,230000</SUD>
    <AUST>82,230000</AUST>
    <BRNN>82,230000</BRNN>
    <COAC>82,230000</COAC>
    <CORS>82,230000</CORS>
    <FOGN>82,230000</FOGN>
    <FRAN>82,230000</FRAN>
    <GREC>82,230000</GREC>
    <MFTV>82,230000</MFTV>
    <PRGP>60,610000</PRGP>
    <ROSN>47,000000</ROSN>
    <SLOV>82,230000</SLOV>
    <SVIZ>82,230000</SVIZ>
    <BSP>82,230000</BSP>
    <MALT>60,610000</MALT>
    <XAUS>82,230000</XAUS>
    <XFRA>82,230000</XFRA>
  </Prezzi>
  <Prezzi>
    <Data>20151217</Data>
    <Mercato>MGP</Mercato>
    <Ora>20</Ora>
    <PUN>76,756620</PUN>
    <NAT>75,900000</NAT>
    <CNOR>77,900000</CNOR>
    <CSUD>77,900000</CSUD>
    <NORD>77,900000</NORD>
    <SARD>77,900000</SARD>
    <SICI>60,610000</SICI>
    <SUD>77,900000</SUD>
    <AUST>77,900000</AUST>
    <BRNN>77,900000</BRNN>
    <COAC>77,900000</COAC>
    <CORS>77,900000</CORS>
    <FOGN>77,900000</FOGN>
    <FRAN>77,900000</FRAN>
    <GREC>77,900000</GREC>
    <MFTV>77,900000</MFTV>
    <PRGP>60,610000</PRGP>
    <ROSN>47,000000</ROSN>
    <SLOV>77,900000</SLOV>
    <SVIZ>77,900000</SVIZ>
    <BSP>77,900000</BSP>
    <MALT>60,610000</MALT>
    <XAUS>77,900000</XAUS>
    <XFRA>77,900000</XFRA>
  </Prezzi>
  <Prezzi>
    <Data>20151217</Data>
    <Mercato>MGP</Mercato>
    <Ora>21</Ora>
    <PUN>74,880000</PUN>
    <NAT>73,010000</NAT>
    <CNOR>75,889820</CNOR>
    <CSUD>75,889820</CSUD>
    <NORD>75,889820</NORD>
    <SARD>75,889820</SARD>
    <SICI>60,610000</SICI>
    <SUD>75,889820</SUD>
    <AUST>75,889820</AUST>
    <BRNN>75,889820</BRNN>
    <COAC>75,889820</COAC>
    <CORS>75,889820</CORS>
    <FOGN>75,889820</FOGN>
    <FRAN>75,889820</FRAN>
    <GREC>75,889820</GREC>
    <MFTV>75,889820</MFTV>
    <PRGP>60,610000</PRGP>
    <ROSN>47,000000</ROSN>
    <SLOV>75,889820</SLOV>
    <SVIZ>75,889820</SVIZ>
    <BSP>75,889820</BSP>
    <MALT>60,610000</MALT>
    <XAUS>75,889820</XAUS>
    <XFRA>75,889820</XFRA>
  </Prezzi>
  <Prezzi>
    <Data>20151217</Data>
    <Mercato>MGP</Mercato>
    <Ora>22</Ora>
    <PUN>69,632060</PUN>
    <NAT>70,900000</NAT>
    <CNOR>73,600000</CNOR>
    <CSUD>73,600000</CSUD>
    <NORD>73,600000</NORD>
    <SARD>73,600000</SARD>
    <SICI>58,940000</SICI>
    <SUD>47,090000</SUD>
    <AUST>73,600000</AUST>
    <BRNN>47,090000</BRNN>
    <COAC>73,600000</COAC>
    <CORS>73,600000</CORS>
    <FOGN>47,090000</FOGN>
    <FRAN>73,600000</FRAN>
    <GREC>47,090000</GREC>
    <MFTV>73,600000</MFTV>
    <PRGP>58,940000</PRGP>
    <ROSN>47,000000</ROSN>
    <SLOV>73,600000</SLOV>
    <SVIZ>73,600000</SVIZ>
    <BSP>73,600000</BSP>
    <MALT>58,940000</MALT>
    <XAUS>73,600000</XAUS>
    <XFRA>73,600000</XFRA>
  </Prezzi>
  <Prezzi>
    <Data>20151217</Data>
    <Mercato>MGP</Mercato>
    <Ora>23</Ora>
    <PUN>68,113420</PUN>
    <NAT>67,700000</NAT>
    <CNOR>71,630000</CNOR>
    <CSUD>71,630000</CSUD>
    <NORD>71,630000</NORD>
    <SARD>71,630000</SARD>
    <SICI>60,610000</SICI>
    <SUD>47,060000</SUD>
    <AUST>71,630000</AUST>
    <BRNN>47,060000</BRNN>
    <COAC>71,630000</COAC>
    <CORS>71,630000</CORS>
    <FOGN>47,060000</FOGN>
    <FRAN>71,630000</FRAN>
    <GREC>47,060000</GREC>
    <MFTV>71,630000</MFTV>
    <PRGP>60,610000</PRGP>
    <ROSN>47,000000</ROSN>
    <SLOV>71,630000</SLOV>
    <SVIZ>71,630000</SVIZ>
    <BSP>71,630000</BSP>
    <MALT>60,610000</MALT>
    <XAUS>71,630000</XAUS>
    <XFRA>71,630000</XFRA>
  </Prezzi>
  <Prezzi>
    <Data>20151217</Data>
    <Mercato>MGP</Mercato>
    <Ora>24</Ora>
    <PUN>60,057990</PUN>
    <NAT>58,940000</NAT>
    <CNOR>61,990000</CNOR>
    <CSUD>61,990000</CSUD>
    <NORD>61,990000</NORD>
    <SARD>61,990000</SARD>
    <SICI>58,940000</SICI>
    <SUD>46,850000</SUD>
    <AUST>61,990000</AUST>
    <BRNN>46,850000</BRNN>
    <COAC>61,990000</COAC>
    <CORS>61,990000</CORS>
    <FOGN>46,850000</FOGN>
    <FRAN>61,990000</FRAN>
    <GREC>46,850000</GREC>
    <MFTV>61,990000</MFTV>
    <PRGP>58,940000</PRGP>
    <ROSN>46,850000</ROSN>
    <SLOV>61,990000</SLOV>
    <SVIZ>61,990000</SVIZ>
    <BSP>61,990000</BSP>
    <MALT>58,940000</MALT>
    <XAUS>61,990000</XAUS>
    <XFRA>61,990000</XFRA>
  </Prezzi>
</NewDataSet>