<?xml version="1.0" standalone="yes"?>
<NewDataSet>
  <xs:schema id="NewDataSet" xmlns="" xmlns:xs="http://www.w3.org/2001/XMLSchema" xmlns:msdata="urn:schemas-microsoft-com:xml-msdata">
    <xs:element name="NewDataSet" msdata:IsDataSet="true" msdata:UseCurrentLocale="true">
      <xs:complexType>
        <xs:choice minOccurs="0" maxOccurs="unbounded">
          <xs:element name="Prezzi">
            <xs:complexType>
              <xs:sequence>
                <xs:element name="Data" type="xs:string" minOccurs="0" />
                <xs:element name="Mercato" type="xs:string" minOccurs="0" />
                <xs:element name="Ora" type="xs:string" minOccurs="0" />
                <xs:element name="PUN" type="xs:string" minOccurs="0" />
                <xs:element name="NAT" type="xs:string" minOccurs="0" />
                <xs:element name="CNOR" type="xs:string" minOccurs="0" />
                <xs:element name="CSUD" type="xs:string" minOccurs="0" />
                <xs:element name="NORD" type="xs:string" minOccurs="0" />
                <xs:element name="SARD" type="xs:string" minOccurs="0" />
                <xs:element name="SICI" type="xs:string" minOccurs="0" />
                <xs:element name="SUD" type="xs:string" minOccurs="0" />
                <xs:element name="AUST" type="xs:string" minOccurs="0" />
                <xs:element name="BRNN" type="xs:string" minOccurs="0" />
                <xs:element name="COAC" type="xs:string" minOccurs="0" />
                <xs:element name="CORS" type="xs:string" minOccurs="0" />
                <xs:element name="FOGN" type="xs:string" minOccurs="0" />
                <xs:element name="FRAN" type="xs:string" minOccurs="0" />
                <xs:element name="GREC" type="xs:string" minOccurs="0" />
                <xs:element name="MFTV" type="xs:string" minOccurs="0" />
                <xs:element name="PRGP" type="xs:string" minOccurs="0" />
                <xs:element name="ROSN" type="xs:string" minOccurs="0" />
                <xs:element name="SLOV" type="xs:string" minOccurs="0" />
                <xs:element name="SVIZ" type="xs:string" minOccurs="0" />
                <xs:element name="BSP" type="xs:string" minOccurs="0" />
                <xs:element name="MALT" type="xs:string" minOccurs="0" />
                <xs:element name="XAUS" type="xs:string" minOccurs="0" />
                <xs:element name="XFRA" type="xs:string" minOccurs="0" />
              </xs:sequence>
            </xs:complexType>
          </xs:element>
        </xs:choice>
      </xs:complexType>
    </xs:element>
  </xs:schema>
  <Prezzi>
    <Data>20151207</Data>
    <Mercato>MGP</Mercato>
    <Ora>1</Ora>
    <PUN>46,661720</PUN>
    <NAT>47,860000</NAT>
    <CNOR>45,790000</CNOR>
    <CSUD>45,790000</CSUD>
    <NORD>45,790000</NORD>
    <SARD>45,790000</SARD>
    <SICI>58,940000</SICI>
    <SUD>45,790000</SUD>
    <AUST>45,790000</AUST>
    <BRNN>45,790000</BRNN>
    <COAC>45,790000</COAC>
    <CORS>45,790000</CORS>
    <FOGN>45,790000</FOGN>
    <FRAN>45,790000</FRAN>
    <GREC>45,790000</GREC>
    <MFTV>45,790000</MFTV>
    <PRGP>58,940000</PRGP>
    <ROSN>45,790000</ROSN>
    <SLOV>45,790000</SLOV>
    <SVIZ>45,790000</SVIZ>
    <BSP>45,790000</BSP>
    <MALT>58,940000</MALT>
    <XAUS>45,790000</XAUS>
    <XFRA>45,790000</XFRA>
  </Prezzi>
  <Prezzi>
    <Data>20151207</Data>
    <Mercato>MGP</Mercato>
    <Ora>2</Ora>
    <PUN>43,094300</PUN>
    <NAT>42,270000</NAT>
    <CNOR>42,020000</CNOR>
    <CSUD>42,020000</CSUD>
    <NORD>42,020000</NORD>
    <SARD>42,020000</SARD>
    <SICI>58,710000</SICI>
    <SUD>42,020000</SUD>
    <AUST>42,020000</AUST>
    <BRNN>42,020000</BRNN>
    <COAC>42,020000</COAC>
    <CORS>42,020000</CORS>
    <FOGN>42,020000</FOGN>
    <FRAN>42,020000</FRAN>
    <GREC>42,020000</GREC>
    <MFTV>42,020000</MFTV>
    <PRGP>58,710000</PRGP>
    <ROSN>42,020000</ROSN>
    <SLOV>42,020000</SLOV>
    <SVIZ>42,020000</SVIZ>
    <BSP>42,020000</BSP>
    <MALT>58,710000</MALT>
    <XAUS>42,020000</XAUS>
    <XFRA>42,020000</XFRA>
  </Prezzi>
  <Prezzi>
    <Data>20151207</Data>
    <Mercato>MGP</Mercato>
    <Ora>3</Ora>
    <PUN>41,368050</PUN>
    <NAT>41,350000</NAT>
    <CNOR>40,230000</CNOR>
    <CSUD>40,230000</CSUD>
    <NORD>40,230000</NORD>
    <SARD>40,230000</SARD>
    <SICI>58,710000</SICI>
    <SUD>40,230000</SUD>
    <AUST>40,230000</AUST>
    <BRNN>40,230000</BRNN>
    <COAC>40,230000</COAC>
    <CORS>40,230000</CORS>
    <FOGN>40,230000</FOGN>
    <FRAN>40,230000</FRAN>
    <GREC>40,230000</GREC>
    <MFTV>40,230000</MFTV>
    <PRGP>58,710000</PRGP>
    <ROSN>40,230000</ROSN>
    <SLOV>40,230000</SLOV>
    <SVIZ>40,230000</SVIZ>
    <BSP>40,230000</BSP>
    <MALT>58,710000</MALT>
    <XAUS>40,230000</XAUS>
    <XFRA>40,230000</XFRA>
  </Prezzi>
  <Prezzi>
    <Data>20151207</Data>
    <Mercato>MGP</Mercato>
    <Ora>4</Ora>
    <PUN>40,852210</PUN>
    <NAT>40,230000</NAT>
    <CNOR>39,700000</CNOR>
    <CSUD>39,700000</CSUD>
    <NORD>39,700000</NORD>
    <SARD>39,700000</SARD>
    <SICI>58,710000</SICI>
    <SUD>39,700000</SUD>
    <AUST>39,700000</AUST>
    <BRNN>39,700000</BRNN>
    <COAC>39,700000</COAC>
    <CORS>39,700000</CORS>
    <FOGN>39,700000</FOGN>
    <FRAN>39,700000</FRAN>
    <GREC>39,700000</GREC>
    <MFTV>39,700000</MFTV>
    <PRGP>58,710000</PRGP>
    <ROSN>39,700000</ROSN>
    <SLOV>39,700000</SLOV>
    <SVIZ>39,700000</SVIZ>
    <BSP>39,700000</BSP>
    <MALT>58,710000</MALT>
    <XAUS>39,700000</XAUS>
    <XFRA>39,700000</XFRA>
  </Prezzi>
  <Prezzi>
    <Data>20151207</Data>
    <Mercato>MGP</Mercato>
    <Ora>5</Ora>
    <PUN>40,601150</PUN>
    <NAT>39,700000</NAT>
    <CNOR>39,480000</CNOR>
    <CSUD>39,480000</CSUD>
    <NORD>39,480000</NORD>
    <SARD>39,480000</SARD>
    <SICI>58,710000</SICI>
    <SUD>39,480000</SUD>
    <AUST>39,480000</AUST>
    <BRNN>39,480000</BRNN>
    <COAC>39,480000</COAC>
    <CORS>39,480000</CORS>
    <FOGN>39,480000</FOGN>
    <FRAN>39,480000</FRAN>
    <GREC>39,480000</GREC>
    <MFTV>39,480000</MFTV>
    <PRGP>58,710000</PRGP>
    <ROSN>39,480000</ROSN>
    <SLOV>39,480000</SLOV>
    <SVIZ>39,480000</SVIZ>
    <BSP>39,480000</BSP>
    <MALT>58,710000</MALT>
    <XAUS>39,480000</XAUS>
    <XFRA>39,480000</XFRA>
  </Prezzi>
  <Prezzi>
    <Data>20151207</Data>
    <Mercato>MGP</Mercato>
    <Ora>6</Ora>
    <PUN>43,276230</PUN>
    <NAT>43,410000</NAT>
    <CNOR>42,270000</CNOR>
    <CSUD>42,270000</CSUD>
    <NORD>42,270000</NORD>
    <SARD>42,270000</SARD>
    <SICI>58,940000</SICI>
    <SUD>42,270000</SUD>
    <AUST>42,270000</AUST>
    <BRNN>42,270000</BRNN>
    <COAC>42,270000</COAC>
    <CORS>42,270000</CORS>
    <FOGN>42,270000</FOGN>
    <FRAN>42,270000</FRAN>
    <GREC>42,270000</GREC>
    <MFTV>42,270000</MFTV>
    <PRGP>58,940000</PRGP>
    <ROSN>42,270000</ROSN>
    <SLOV>42,270000</SLOV>
    <SVIZ>42,270000</SVIZ>
    <BSP>42,270000</BSP>
    <MALT>58,940000</MALT>
    <XAUS>42,270000</XAUS>
    <XFRA>42,270000</XFRA>
  </Prezzi>
  <Prezzi>
    <Data>20151207</Data>
    <Mercato>MGP</Mercato>
    <Ora>7</Ora>
    <PUN>52,910290</PUN>
    <NAT>53,000000</NAT>
    <CNOR>52,500000</CNOR>
    <CSUD>52,500000</CSUD>
    <NORD>52,500000</NORD>
    <SARD>52,500000</SARD>
    <SICI>58,940000</SICI>
    <SUD>52,500000</SUD>
    <AUST>52,500000</AUST>
    <BRNN>52,500000</BRNN>
    <COAC>52,500000</COAC>
    <CORS>52,500000</CORS>
    <FOGN>52,500000</FOGN>
    <FRAN>52,500000</FRAN>
    <GREC>52,500000</GREC>
    <MFTV>52,500000</MFTV>
    <PRGP>58,940000</PRGP>
    <ROSN>52,500000</ROSN>
    <SLOV>52,500000</SLOV>
    <SVIZ>52,500000</SVIZ>
    <BSP>52,500000</BSP>
    <MALT>58,940000</MALT>
    <XAUS>52,500000</XAUS>
    <XFRA>52,500000</XFRA>
  </Prezzi>
  <Prezzi>
    <Data>20151207</Data>
    <Mercato>MGP</Mercato>
    <Ora>8</Ora>
    <PUN>56,768120</PUN>
    <NAT>58,710000</NAT>
    <CNOR>56,500000</CNOR>
    <CSUD>56,500000</CSUD>
    <NORD>56,500000</NORD>
    <SARD>56,500000</SARD>
    <SICI>60,610000</SICI>
    <SUD>56,500000</SUD>
    <AUST>56,500000</AUST>
    <BRNN>56,500000</BRNN>
    <COAC>56,500000</COAC>
    <CORS>56,500000</CORS>
    <FOGN>56,500000</FOGN>
    <FRAN>56,500000</FRAN>
    <GREC>56,500000</GREC>
    <MFTV>56,500000</MFTV>
    <PRGP>60,610000</PRGP>
    <ROSN>56,500000</ROSN>
    <SLOV>56,500000</SLOV>
    <SVIZ>56,500000</SVIZ>
    <BSP>56,500000</BSP>
    <MALT>60,610000</MALT>
    <XAUS>56,500000</XAUS>
    <XFRA>56,500000</XFRA>
  </Prezzi>
  <Prezzi>
    <Data>20151207</Data>
    <Mercato>MGP</Mercato>
    <Ora>9</Ora>
    <PUN>61,812120</PUN>
    <NAT>60,610000</NAT>
    <CNOR>61,900000</CNOR>
    <CSUD>61,900000</CSUD>
    <NORD>61,900000</NORD>
    <SARD>61,900000</SARD>
    <SICI>60,610000</SICI>
    <SUD>61,900000</SUD>
    <AUST>61,900000</AUST>
    <BRNN>61,900000</BRNN>
    <COAC>61,900000</COAC>
    <CORS>61,900000</CORS>
    <FOGN>61,900000</FOGN>
    <FRAN>61,900000</FRAN>
    <GREC>61,900000</GREC>
    <MFTV>61,900000</MFTV>
    <PRGP>60,610000</PRGP>
    <ROSN>52,060000</ROSN>
    <SLOV>61,900000</SLOV>
    <SVIZ>61,900000</SVIZ>
    <BSP>61,900000</BSP>
    <MALT>60,610000</MALT>
    <XAUS>61,900000</XAUS>
    <XFRA>61,900000</XFRA>
  </Prezzi>
  <Prezzi>
    <Data>20151207</Data>
    <Mercato>MGP</Mercato>
    <Ora>10</Ora>
    <PUN>60,983230</PUN>
    <NAT>60,610000</NAT>
    <CNOR>61,010000</CNOR>
    <CSUD>61,010000</CSUD>
    <NORD>61,010000</NORD>
    <SARD>61,010000</SARD>
    <SICI>60,610000</SICI>
    <SUD>61,010000</SUD>
    <AUST>61,010000</AUST>
    <BRNN>61,010000</BRNN>
    <COAC>61,010000</COAC>
    <CORS>61,010000</CORS>
    <FOGN>61,010000</FOGN>
    <FRAN>61,010000</FRAN>
    <GREC>61,010000</GREC>
    <MFTV>61,010000</MFTV>
    <PRGP>60,610000</PRGP>
    <ROSN>52,060000</ROSN>
    <SLOV>61,010000</SLOV>
    <SVIZ>61,010000</SVIZ>
    <BSP>61,010000</BSP>
    <MALT>60,610000</MALT>
    <XAUS>61,010000</XAUS>
    <XFRA>61,010000</XFRA>
  </Prezzi>
  <Prezzi>
    <Data>20151207</Data>
    <Mercato>MGP</Mercato>
    <Ora>11</Ora>
    <PUN>59,029600</PUN>
    <NAT>58,930000</NAT>
    <CNOR>58,920000</CNOR>
    <CSUD>58,920000</CSUD>
    <NORD>58,920000</NORD>
    <SARD>58,920000</SARD>
    <SICI>60,610000</SICI>
    <SUD>58,920000</SUD>
    <AUST>58,920000</AUST>
    <BRNN>58,920000</BRNN>
    <COAC>58,920000</COAC>
    <CORS>58,920000</CORS>
    <FOGN>58,920000</FOGN>
    <FRAN>58,920000</FRAN>
    <GREC>58,920000</GREC>
    <MFTV>58,920000</MFTV>
    <PRGP>60,610000</PRGP>
    <ROSN>45,200000</ROSN>
    <SLOV>58,920000</SLOV>
    <SVIZ>58,920000</SVIZ>
    <BSP>58,920000</BSP>
    <MALT>60,610000</MALT>
    <XAUS>58,920000</XAUS>
    <XFRA>58,920000</XFRA>
  </Prezzi>
  <Prezzi>
    <Data>20151207</Data>
    <Mercato>MGP</Mercato>
    <Ora>12</Ora>
    <PUN>57,220960</PUN>
    <NAT>58,000000</NAT>
    <CNOR>57,000000</CNOR>
    <CSUD>57,000000</CSUD>
    <NORD>57,000000</NORD>
    <SARD>57,000000</SARD>
    <SICI>60,610000</SICI>
    <SUD>57,000000</SUD>
    <AUST>57,000000</AUST>
    <BRNN>57,000000</BRNN>
    <COAC>57,000000</COAC>
    <CORS>57,000000</CORS>
    <FOGN>57,000000</FOGN>
    <FRAN>57,000000</FRAN>
    <GREC>57,000000</GREC>
    <MFTV>57,000000</MFTV>
    <PRGP>60,610000</PRGP>
    <ROSN>52,060000</ROSN>
    <SLOV>57,000000</SLOV>
    <SVIZ>57,000000</SVIZ>
    <BSP>57,000000</BSP>
    <MALT>60,610000</MALT>
    <XAUS>57,000000</XAUS>
    <XFRA>57,000000</XFRA>
  </Prezzi>
  <Prezzi>
    <Data>20151207</Data>
    <Mercato>MGP</Mercato>
    <Ora>13</Ora>
    <PUN>53,457210</PUN>
    <NAT>55,180000</NAT>
    <CNOR>52,990000</CNOR>
    <CSUD>52,990000</CSUD>
    <NORD>52,990000</NORD>
    <SARD>52,990000</SARD>
    <SICI>60,610000</SICI>
    <SUD>52,990000</SUD>
    <AUST>52,990000</AUST>
    <BRNN>52,990000</BRNN>
    <COAC>52,990000</COAC>
    <CORS>52,990000</CORS>
    <FOGN>52,990000</FOGN>
    <FRAN>52,990000</FRAN>
    <GREC>52,990000</GREC>
    <MFTV>52,990000</MFTV>
    <PRGP>60,610000</PRGP>
    <ROSN>52,060000</ROSN>
    <SLOV>52,990000</SLOV>
    <SVIZ>52,990000</SVIZ>
    <BSP>52,990000</BSP>
    <MALT>60,610000</MALT>
    <XAUS>52,990000</XAUS>
    <XFRA>52,990000</XFRA>
  </Prezzi>
  <Prezzi>
    <Data>20151207</Data>
    <Mercato>MGP</Mercato>
    <Ora>14</Ora>
    <PUN>53,457090</PUN>
    <NAT>55,180000</NAT>
    <CNOR>52,990000</CNOR>
    <CSUD>52,990000</CSUD>
    <NORD>52,990000</NORD>
    <SARD>52,990000</SARD>
    <SICI>60,610000</SICI>
    <SUD>52,990000</SUD>
    <AUST>52,990000</AUST>
    <BRNN>52,990000</BRNN>
    <COAC>52,990000</COAC>
    <CORS>52,990000</CORS>
    <FOGN>52,990000</FOGN>
    <FRAN>52,990000</FRAN>
    <GREC>52,990000</GREC>
    <MFTV>52,990000</MFTV>
    <PRGP>60,610000</PRGP>
    <ROSN>52,060000</ROSN>
    <SLOV>52,990000</SLOV>
    <SVIZ>52,990000</SVIZ>
    <BSP>52,990000</BSP>
    <MALT>60,610000</MALT>
    <XAUS>52,990000</XAUS>
    <XFRA>52,990000</XFRA>
  </Prezzi>
  <Prezzi>
    <Data>20151207</Data>
    <Mercato>MGP</Mercato>
    <Ora>15</Ora>
    <PUN>57,160000</PUN>
    <NAT>57,750000</NAT>
    <CNOR>56,940400</CNOR>
    <CSUD>56,940400</CSUD>
    <NORD>56,940400</NORD>
    <SARD>56,940400</SARD>
    <SICI>60,610000</SICI>
    <SUD>56,940400</SUD>
    <AUST>56,940400</AUST>
    <BRNN>56,940400</BRNN>
    <COAC>56,940400</COAC>
    <CORS>56,940400</CORS>
    <FOGN>56,940400</FOGN>
    <FRAN>56,940400</FRAN>
    <GREC>56,940400</GREC>
    <MFTV>56,940400</MFTV>
    <PRGP>60,610000</PRGP>
    <ROSN>52,060000</ROSN>
    <SLOV>56,940400</SLOV>
    <SVIZ>56,940400</SVIZ>
    <BSP>56,940400</BSP>
    <MALT>60,610000</MALT>
    <XAUS>56,940400</XAUS>
    <XFRA>56,940400</XFRA>
  </Prezzi>
  <Prezzi>
    <Data>20151207</Data>
    <Mercato>MGP</Mercato>
    <Ora>16</Ora>
    <PUN>60,469110</PUN>
    <NAT>60,610000</NAT>
    <CNOR>60,460000</CNOR>
    <CSUD>60,460000</CSUD>
    <NORD>60,460000</NORD>
    <SARD>60,460000</SARD>
    <SICI>60,610000</SICI>
    <SUD>60,460000</SUD>
    <AUST>60,460000</AUST>
    <BRNN>60,460000</BRNN>
    <COAC>60,460000</COAC>
    <CORS>60,460000</CORS>
    <FOGN>60,460000</FOGN>
    <FRAN>60,460000</FRAN>
    <GREC>60,460000</GREC>
    <MFTV>60,460000</MFTV>
    <PRGP>60,610000</PRGP>
    <ROSN>52,060000</ROSN>
    <SLOV>60,460000</SLOV>
    <SVIZ>60,460000</SVIZ>
    <BSP>60,460000</BSP>
    <MALT>60,610000</MALT>
    <XAUS>60,460000</XAUS>
    <XFRA>60,460000</XFRA>
  </Prezzi>
  <Prezzi>
    <Data>20151207</Data>
    <Mercato>MGP</Mercato>
    <Ora>17</Ora>
    <PUN>64,876440</PUN>
    <NAT>64,290000</NAT>
    <CNOR>65,000000</CNOR>
    <CSUD>65,000000</CSUD>
    <NORD>65,000000</NORD>
    <SARD>65,000000</SARD>
    <SICI>63,060000</SICI>
    <SUD>65,000000</SUD>
    <AUST>65,000000</AUST>
    <BRNN>65,000000</BRNN>
    <COAC>65,000000</COAC>
    <CORS>65,000000</CORS>
    <FOGN>65,000000</FOGN>
    <FRAN>65,000000</FRAN>
    <GREC>65,000000</GREC>
    <MFTV>65,000000</MFTV>
    <PRGP>63,060000</PRGP>
    <ROSN>52,060000</ROSN>
    <SLOV>65,000000</SLOV>
    <SVIZ>65,000000</SVIZ>
    <BSP>65,000000</BSP>
    <MALT>63,060000</MALT>
    <XAUS>65,000000</XAUS>
    <XFRA>65,000000</XFRA>
  </Prezzi>
  <Prezzi>
    <Data>20151207</Data>
    <Mercato>MGP</Mercato>
    <Ora>18</Ora>
    <PUN>74,236190</PUN>
    <NAT>71,330000</NAT>
    <CNOR>75,000000</CNOR>
    <CSUD>75,000000</CSUD>
    <NORD>75,000000</NORD>
    <SARD>75,000000</SARD>
    <SICI>64,350000</SICI>
    <SUD>75,000000</SUD>
    <AUST>75,000000</AUST>
    <BRNN>75,000000</BRNN>
    <COAC>75,000000</COAC>
    <CORS>75,000000</CORS>
    <FOGN>75,000000</FOGN>
    <FRAN>75,000000</FRAN>
    <GREC>75,000000</GREC>
    <MFTV>75,000000</MFTV>
    <PRGP>64,350000</PRGP>
    <ROSN>34,710000</ROSN>
    <SLOV>75,000000</SLOV>
    <SVIZ>75,000000</SVIZ>
    <BSP>75,000000</BSP>
    <MALT>64,350000</MALT>
    <XAUS>75,000000</XAUS>
    <XFRA>75,000000</XFRA>
  </Prezzi>
  <Prezzi>
    <Data>20151207</Data>
    <Mercato>MGP</Mercato>
    <Ora>19</Ora>
    <PUN>64,350000</PUN>
    <NAT>64,350000</NAT>
    <CNOR>64,350000</CNOR>
    <CSUD>64,350000</CSUD>
    <NORD>64,350000</NORD>
    <SARD>64,350000</SARD>
    <SICI>64,350000</SICI>
    <SUD>64,350000</SUD>
    <AUST>64,350000</AUST>
    <BRNN>64,350000</BRNN>
    <COAC>64,350000</COAC>
    <CORS>64,350000</CORS>
    <FOGN>64,350000</FOGN>
    <FRAN>64,350000</FRAN>
    <GREC>64,350000</GREC>
    <MFTV>64,350000</MFTV>
    <PRGP>64,350000</PRGP>
    <ROSN>64,350000</ROSN>
    <SLOV>64,350000</SLOV>
    <SVIZ>64,350000</SVIZ>
    <BSP>64,350000</BSP>
    <MALT>64,350000</MALT>
    <XAUS>64,350000</XAUS>
    <XFRA>64,350000</XFRA>
  </Prezzi>
  <Prezzi>
    <Data>20151207</Data>
    <Mercato>MGP</Mercato>
    <Ora>20</Ora>
    <PUN>71,320000</PUN>
    <NAT>71,320000</NAT>
    <CNOR>71,320000</CNOR>
    <CSUD>71,320000</CSUD>
    <NORD>71,320000</NORD>
    <SARD>71,320000</SARD>
    <SICI>71,320000</SICI>
    <SUD>71,320000</SUD>
    <AUST>71,320000</AUST>
    <BRNN>71,320000</BRNN>
    <COAC>71,320000</COAC>
    <CORS>71,320000</CORS>
    <FOGN>71,320000</FOGN>
    <FRAN>71,320000</FRAN>
    <GREC>71,320000</GREC>
    <MFTV>71,320000</MFTV>
    <PRGP>71,320000</PRGP>
    <ROSN>71,320000</ROSN>
    <SLOV>71,320000</SLOV>
    <SVIZ>71,320000</SVIZ>
    <BSP>71,320000</BSP>
    <MALT>71,320000</MALT>
    <XAUS>71,320000</XAUS>
    <XFRA>71,320000</XFRA>
  </Prezzi>
  <Prezzi>
    <Data>20151207</Data>
    <Mercato>MGP</Mercato>
    <Ora>21</Ora>
    <PUN>62,177300</PUN>
    <NAT>63,060000</NAT>
    <CNOR>62,000000</CNOR>
    <CSUD>62,000000</CSUD>
    <NORD>62,000000</NORD>
    <SARD>62,000000</SARD>
    <SICI>64,350000</SICI>
    <SUD>62,000000</SUD>
    <AUST>62,000000</AUST>
    <BRNN>62,000000</BRNN>
    <COAC>62,000000</COAC>
    <CORS>62,000000</CORS>
    <FOGN>62,000000</FOGN>
    <FRAN>62,000000</FRAN>
    <GREC>62,000000</GREC>
    <MFTV>62,000000</MFTV>
    <PRGP>64,350000</PRGP>
    <ROSN>62,000000</ROSN>
    <SLOV>62,000000</SLOV>
    <SVIZ>62,000000</SVIZ>
    <BSP>62,000000</BSP>
    <MALT>64,350000</MALT>
    <XAUS>62,000000</XAUS>
    <XFRA>62,000000</XFRA>
  </Prezzi>
  <Prezzi>
    <Data>20151207</Data>
    <Mercato>MGP</Mercato>
    <Ora>22</Ora>
    <PUN>62,920580</PUN>
    <NAT>62,910000</NAT>
    <CNOR>62,910000</CNOR>
    <CSUD>62,910000</CSUD>
    <NORD>62,910000</NORD>
    <SARD>62,910000</SARD>
    <SICI>63,060000</SICI>
    <SUD>62,910000</SUD>
    <AUST>62,910000</AUST>
    <BRNN>62,910000</BRNN>
    <COAC>62,910000</COAC>
    <CORS>62,910000</CORS>
    <FOGN>62,910000</FOGN>
    <FRAN>62,910000</FRAN>
    <GREC>62,910000</GREC>
    <MFTV>62,910000</MFTV>
    <PRGP>63,060000</PRGP>
    <ROSN>62,910000</ROSN>
    <SLOV>62,910000</SLOV>
    <SVIZ>62,910000</SVIZ>
    <BSP>62,910000</BSP>
    <MALT>63,060000</MALT>
    <XAUS>62,910000</XAUS>
    <XFRA>62,910000</XFRA>
  </Prezzi>
  <Prezzi>
    <Data>20151207</Data>
    <Mercato>MGP</Mercato>
    <Ora>23</Ora>
    <PUN>53,993070</PUN>
    <NAT>58,710000</NAT>
    <CNOR>53,500000</CNOR>
    <CSUD>53,500000</CSUD>
    <NORD>53,500000</NORD>
    <SARD>53,500000</SARD>
    <SICI>60,610000</SICI>
    <SUD>53,500000</SUD>
    <AUST>53,500000</AUST>
    <BRNN>53,500000</BRNN>
    <COAC>53,500000</COAC>
    <CORS>53,500000</CORS>
    <FOGN>53,500000</FOGN>
    <FRAN>53,500000</FRAN>
    <GREC>53,500000</GREC>
    <MFTV>53,500000</MFTV>
    <PRGP>60,610000</PRGP>
    <ROSN>53,500000</ROSN>
    <SLOV>53,500000</SLOV>
    <SVIZ>53,500000</SVIZ>
    <BSP>53,500000</BSP>
    <MALT>60,610000</MALT>
    <XAUS>53,500000</XAUS>
    <XFRA>53,500000</XFRA>
  </Prezzi>
  <Prezzi>
    <Data>20151207</Data>
    <Mercato>MGP</Mercato>
    <Ora>24</Ora>
    <PUN>51,106360</PUN>
    <NAT>52,030000</NAT>
    <CNOR>50,410000</CNOR>
    <CSUD>50,410000</CSUD>
    <NORD>50,410000</NORD>
    <SARD>50,410000</SARD>
    <SICI>60,610000</SICI>
    <SUD>50,410000</SUD>
    <AUST>50,410000</AUST>
    <BRNN>50,410000</BRNN>
    <COAC>50,410000</COAC>
    <CORS>50,410000</CORS>
    <FOGN>50,410000</FOGN>
    <FRAN>50,410000</FRAN>
    <GREC>50,410000</GREC>
    <MFTV>50,410000</MFTV>
    <PRGP>60,610000</PRGP>
    <ROSN>50,410000</ROSN>
    <SLOV>50,410000</SLOV>
    <SVIZ>50,410000</SVIZ>
    <BSP>50,410000</BSP>
    <MALT>60,610000</MALT>
    <XAUS>50,410000</XAUS>
    <XFRA>50,410000</XFRA>
  </Prezzi>
</NewDataSet>