<?xml version="1.0" standalone="yes"?>
<NewDataSet>
  <xs:schema id="NewDataSet" xmlns="" xmlns:xs="http://www.w3.org/2001/XMLSchema" xmlns:msdata="urn:schemas-microsoft-com:xml-msdata">
    <xs:element name="NewDataSet" msdata:IsDataSet="true" msdata:UseCurrentLocale="true">
      <xs:complexType>
        <xs:choice minOccurs="0" maxOccurs="unbounded">
          <xs:element name="Prezzi">
            <xs:complexType>
              <xs:sequence>
                <xs:element name="Data" type="xs:string" minOccurs="0" />
                <xs:element name="Mercato" type="xs:string" minOccurs="0" />
                <xs:element name="Ora" type="xs:string" minOccurs="0" />
                <xs:element name="PUN" type="xs:string" minOccurs="0" />
                <xs:element name="NAT" type="xs:string" minOccurs="0" />
                <xs:element name="CNOR" type="xs:string" minOccurs="0" />
                <xs:element name="CSUD" type="xs:string" minOccurs="0" />
                <xs:element name="NORD" type="xs:string" minOccurs="0" />
                <xs:element name="SARD" type="xs:string" minOccurs="0" />
                <xs:element name="SICI" type="xs:string" minOccurs="0" />
                <xs:element name="SUD" type="xs:string" minOccurs="0" />
                <xs:element name="AUST" type="xs:string" minOccurs="0" />
                <xs:element name="BRNN" type="xs:string" minOccurs="0" />
                <xs:element name="COAC" type="xs:string" minOccurs="0" />
                <xs:element name="CORS" type="xs:string" minOccurs="0" />
                <xs:element name="FOGN" type="xs:string" minOccurs="0" />
                <xs:element name="FRAN" type="xs:string" minOccurs="0" />
                <xs:element name="GREC" type="xs:string" minOccurs="0" />
                <xs:element name="MFTV" type="xs:string" minOccurs="0" />
                <xs:element name="PRGP" type="xs:string" minOccurs="0" />
                <xs:element name="ROSN" type="xs:string" minOccurs="0" />
                <xs:element name="SLOV" type="xs:string" minOccurs="0" />
                <xs:element name="SVIZ" type="xs:string" minOccurs="0" />
                <xs:element name="BSP" type="xs:string" minOccurs="0" />
                <xs:element name="MALT" type="xs:string" minOccurs="0" />
                <xs:element name="XAUS" type="xs:string" minOccurs="0" />
                <xs:element name="XFRA" type="xs:string" minOccurs="0" />
              </xs:sequence>
            </xs:complexType>
          </xs:element>
        </xs:choice>
      </xs:complexType>
    </xs:element>
  </xs:schema>
  <Prezzi>
    <Data>20151221</Data>
    <Mercato>MGP</Mercato>
    <Ora>1</Ora>
    <PUN>44,340550</PUN>
    <NAT>45,000000</NAT>
    <CNOR>43,830000</CNOR>
    <CSUD>43,830000</CSUD>
    <NORD>43,830000</NORD>
    <SARD>43,830000</SARD>
    <SICI>52,200000</SICI>
    <SUD>43,830000</SUD>
    <AUST>43,830000</AUST>
    <BRNN>43,830000</BRNN>
    <COAC>43,830000</COAC>
    <CORS>43,830000</CORS>
    <FOGN>43,830000</FOGN>
    <FRAN>43,830000</FRAN>
    <GREC>43,830000</GREC>
    <MFTV>43,830000</MFTV>
    <PRGP>52,200000</PRGP>
    <ROSN>43,830000</ROSN>
    <SLOV>43,830000</SLOV>
    <SVIZ>43,830000</SVIZ>
    <BSP>43,830000</BSP>
    <MALT>52,200000</MALT>
    <XAUS>43,830000</XAUS>
    <XFRA>43,830000</XFRA>
  </Prezzi>
  <Prezzi>
    <Data>20151221</Data>
    <Mercato>MGP</Mercato>
    <Ora>2</Ora>
    <PUN>41,311310</PUN>
    <NAT>41,360000</NAT>
    <CNOR>40,590000</CNOR>
    <CSUD>40,590000</CSUD>
    <NORD>40,590000</NORD>
    <SARD>40,590000</SARD>
    <SICI>52,200000</SICI>
    <SUD>40,590000</SUD>
    <AUST>40,590000</AUST>
    <BRNN>40,590000</BRNN>
    <COAC>40,590000</COAC>
    <CORS>40,590000</CORS>
    <FOGN>40,590000</FOGN>
    <FRAN>40,590000</FRAN>
    <GREC>40,590000</GREC>
    <MFTV>40,590000</MFTV>
    <PRGP>52,200000</PRGP>
    <ROSN>40,590000</ROSN>
    <SLOV>40,590000</SLOV>
    <SVIZ>40,590000</SVIZ>
    <BSP>40,590000</BSP>
    <MALT>52,200000</MALT>
    <XAUS>40,590000</XAUS>
    <XFRA>40,590000</XFRA>
  </Prezzi>
  <Prezzi>
    <Data>20151221</Data>
    <Mercato>MGP</Mercato>
    <Ora>3</Ora>
    <PUN>39,937990</PUN>
    <NAT>39,190000</NAT>
    <CNOR>39,160000</CNOR>
    <CSUD>39,160000</CSUD>
    <NORD>39,160000</NORD>
    <SARD>39,160000</SARD>
    <SICI>52,200000</SICI>
    <SUD>39,160000</SUD>
    <AUST>39,160000</AUST>
    <BRNN>39,160000</BRNN>
    <COAC>39,160000</COAC>
    <CORS>39,160000</CORS>
    <FOGN>39,160000</FOGN>
    <FRAN>39,160000</FRAN>
    <GREC>39,160000</GREC>
    <MFTV>39,160000</MFTV>
    <PRGP>52,200000</PRGP>
    <ROSN>39,160000</ROSN>
    <SLOV>39,160000</SLOV>
    <SVIZ>39,160000</SVIZ>
    <BSP>39,160000</BSP>
    <MALT>52,200000</MALT>
    <XAUS>39,160000</XAUS>
    <XFRA>39,160000</XFRA>
  </Prezzi>
  <Prezzi>
    <Data>20151221</Data>
    <Mercato>MGP</Mercato>
    <Ora>4</Ora>
    <PUN>38,280000</PUN>
    <NAT>38,280000</NAT>
    <CNOR>38,280000</CNOR>
    <CSUD>38,280000</CSUD>
    <NORD>38,280000</NORD>
    <SARD>38,280000</SARD>
    <SICI>38,280000</SICI>
    <SUD>38,280000</SUD>
    <AUST>38,280000</AUST>
    <BRNN>38,280000</BRNN>
    <COAC>38,280000</COAC>
    <CORS>38,280000</CORS>
    <FOGN>38,280000</FOGN>
    <FRAN>38,280000</FRAN>
    <GREC>38,280000</GREC>
    <MFTV>38,280000</MFTV>
    <PRGP>38,280000</PRGP>
    <ROSN>38,280000</ROSN>
    <SLOV>38,280000</SLOV>
    <SVIZ>38,280000</SVIZ>
    <BSP>38,280000</BSP>
    <MALT>38,280000</MALT>
    <XAUS>38,280000</XAUS>
    <XFRA>38,280000</XFRA>
  </Prezzi>
  <Prezzi>
    <Data>20151221</Data>
    <Mercato>MGP</Mercato>
    <Ora>5</Ora>
    <PUN>38,000000</PUN>
    <NAT>38,000000</NAT>
    <CNOR>38,000000</CNOR>
    <CSUD>38,000000</CSUD>
    <NORD>38,000000</NORD>
    <SARD>38,000000</SARD>
    <SICI>38,000000</SICI>
    <SUD>38,000000</SUD>
    <AUST>38,000000</AUST>
    <BRNN>38,000000</BRNN>
    <COAC>38,000000</COAC>
    <CORS>38,000000</CORS>
    <FOGN>38,000000</FOGN>
    <FRAN>38,000000</FRAN>
    <GREC>38,000000</GREC>
    <MFTV>38,000000</MFTV>
    <PRGP>38,000000</PRGP>
    <ROSN>38,000000</ROSN>
    <SLOV>38,000000</SLOV>
    <SVIZ>38,000000</SVIZ>
    <BSP>38,000000</BSP>
    <MALT>38,000000</MALT>
    <XAUS>38,000000</XAUS>
    <XFRA>38,000000</XFRA>
  </Prezzi>
  <Prezzi>
    <Data>20151221</Data>
    <Mercato>MGP</Mercato>
    <Ora>6</Ora>
    <PUN>41,934220</PUN>
    <NAT>41,340000</NAT>
    <CNOR>41,340000</CNOR>
    <CSUD>41,340000</CSUD>
    <NORD>41,340000</NORD>
    <SARD>41,340000</SARD>
    <SICI>52,200000</SICI>
    <SUD>41,340000</SUD>
    <AUST>41,340000</AUST>
    <BRNN>41,340000</BRNN>
    <COAC>41,340000</COAC>
    <CORS>41,340000</CORS>
    <FOGN>41,340000</FOGN>
    <FRAN>41,340000</FRAN>
    <GREC>41,340000</GREC>
    <MFTV>41,340000</MFTV>
    <PRGP>52,200000</PRGP>
    <ROSN>41,340000</ROSN>
    <SLOV>41,340000</SLOV>
    <SVIZ>41,340000</SVIZ>
    <BSP>41,340000</BSP>
    <MALT>52,200000</MALT>
    <XAUS>41,340000</XAUS>
    <XFRA>41,340000</XFRA>
  </Prezzi>
  <Prezzi>
    <Data>20151221</Data>
    <Mercato>MGP</Mercato>
    <Ora>7</Ora>
    <PUN>53,330000</PUN>
    <NAT>53,330000</NAT>
    <CNOR>53,330000</CNOR>
    <CSUD>53,330000</CSUD>
    <NORD>53,330000</NORD>
    <SARD>53,330000</SARD>
    <SICI>53,330000</SICI>
    <SUD>53,330000</SUD>
    <AUST>53,330000</AUST>
    <BRNN>53,330000</BRNN>
    <COAC>53,330000</COAC>
    <CORS>53,330000</CORS>
    <FOGN>53,330000</FOGN>
    <FRAN>53,330000</FRAN>
    <GREC>53,330000</GREC>
    <MFTV>53,330000</MFTV>
    <PRGP>53,330000</PRGP>
    <ROSN>53,330000</ROSN>
    <SLOV>53,330000</SLOV>
    <SVIZ>53,330000</SVIZ>
    <BSP>53,330000</BSP>
    <MALT>53,330000</MALT>
    <XAUS>53,330000</XAUS>
    <XFRA>53,330000</XFRA>
  </Prezzi>
  <Prezzi>
    <Data>20151221</Data>
    <Mercato>MGP</Mercato>
    <Ora>8</Ora>
    <PUN>64,666910</PUN>
    <NAT>63,810000</NAT>
    <CNOR>65,000000</CNOR>
    <CSUD>65,000000</CSUD>
    <NORD>65,000000</NORD>
    <SARD>65,000000</SARD>
    <SICI>58,940000</SICI>
    <SUD>65,000000</SUD>
    <AUST>65,000000</AUST>
    <BRNN>65,000000</BRNN>
    <COAC>65,000000</COAC>
    <CORS>65,000000</CORS>
    <FOGN>65,000000</FOGN>
    <FRAN>65,000000</FRAN>
    <GREC>65,000000</GREC>
    <MFTV>65,000000</MFTV>
    <PRGP>58,940000</PRGP>
    <ROSN>65,000000</ROSN>
    <SLOV>65,000000</SLOV>
    <SVIZ>65,000000</SVIZ>
    <BSP>65,000000</BSP>
    <MALT>58,940000</MALT>
    <XAUS>65,000000</XAUS>
    <XFRA>65,000000</XFRA>
  </Prezzi>
  <Prezzi>
    <Data>20151221</Data>
    <Mercato>MGP</Mercato>
    <Ora>9</Ora>
    <PUN>65,685970</PUN>
    <NAT>64,990000</NAT>
    <CNOR>66,100000</CNOR>
    <CSUD>66,100000</CSUD>
    <NORD>66,100000</NORD>
    <SARD>66,100000</SARD>
    <SICI>58,940000</SICI>
    <SUD>66,100000</SUD>
    <AUST>66,100000</AUST>
    <BRNN>66,100000</BRNN>
    <COAC>66,100000</COAC>
    <CORS>66,100000</CORS>
    <FOGN>66,100000</FOGN>
    <FRAN>66,100000</FRAN>
    <GREC>66,100000</GREC>
    <MFTV>66,100000</MFTV>
    <PRGP>58,940000</PRGP>
    <ROSN>66,100000</ROSN>
    <SLOV>66,100000</SLOV>
    <SVIZ>66,100000</SVIZ>
    <BSP>66,100000</BSP>
    <MALT>58,940000</MALT>
    <XAUS>66,100000</XAUS>
    <XFRA>66,100000</XFRA>
  </Prezzi>
  <Prezzi>
    <Data>20151221</Data>
    <Mercato>MGP</Mercato>
    <Ora>10</Ora>
    <PUN>69,207480</PUN>
    <NAT>64,990000</NAT>
    <CNOR>69,800000</CNOR>
    <CSUD>69,800000</CSUD>
    <NORD>69,800000</NORD>
    <SARD>69,800000</SARD>
    <SICI>58,940000</SICI>
    <SUD>69,800000</SUD>
    <AUST>69,800000</AUST>
    <BRNN>69,800000</BRNN>
    <COAC>69,800000</COAC>
    <CORS>69,800000</CORS>
    <FOGN>69,800000</FOGN>
    <FRAN>69,800000</FRAN>
    <GREC>69,800000</GREC>
    <MFTV>69,800000</MFTV>
    <PRGP>58,940000</PRGP>
    <ROSN>69,800000</ROSN>
    <SLOV>69,800000</SLOV>
    <SVIZ>69,800000</SVIZ>
    <BSP>69,800000</BSP>
    <MALT>58,940000</MALT>
    <XAUS>69,800000</XAUS>
    <XFRA>69,800000</XFRA>
  </Prezzi>
  <Prezzi>
    <Data>20151221</Data>
    <Mercato>MGP</Mercato>
    <Ora>11</Ora>
    <PUN>64,571730</PUN>
    <NAT>63,700000</NAT>
    <CNOR>63,930000</CNOR>
    <CSUD>63,930000</CSUD>
    <NORD>65,450000</NORD>
    <SARD>63,930000</SARD>
    <SICI>58,710000</SICI>
    <SUD>63,930000</SUD>
    <AUST>65,450000</AUST>
    <BRNN>63,930000</BRNN>
    <COAC>63,930000</COAC>
    <CORS>63,930000</CORS>
    <FOGN>63,930000</FOGN>
    <FRAN>65,450000</FRAN>
    <GREC>63,930000</GREC>
    <MFTV>65,450000</MFTV>
    <PRGP>58,710000</PRGP>
    <ROSN>63,930000</ROSN>
    <SLOV>65,450000</SLOV>
    <SVIZ>65,450000</SVIZ>
    <BSP>65,450000</BSP>
    <MALT>58,710000</MALT>
    <XAUS>65,450000</XAUS>
    <XFRA>65,450000</XFRA>
  </Prezzi>
  <Prezzi>
    <Data>20151221</Data>
    <Mercato>MGP</Mercato>
    <Ora>12</Ora>
    <PUN>60,982630</PUN>
    <NAT>60,610000</NAT>
    <CNOR>58,710000</CNOR>
    <CSUD>58,710000</CSUD>
    <NORD>62,510000</NORD>
    <SARD>58,710000</SARD>
    <SICI>58,710000</SICI>
    <SUD>58,710000</SUD>
    <AUST>62,510000</AUST>
    <BRNN>58,710000</BRNN>
    <COAC>58,710000</COAC>
    <CORS>58,710000</CORS>
    <FOGN>58,710000</FOGN>
    <FRAN>62,510000</FRAN>
    <GREC>58,710000</GREC>
    <MFTV>62,510000</MFTV>
    <PRGP>58,710000</PRGP>
    <ROSN>58,710000</ROSN>
    <SLOV>62,510000</SLOV>
    <SVIZ>62,510000</SVIZ>
    <BSP>62,510000</BSP>
    <MALT>58,710000</MALT>
    <XAUS>62,510000</XAUS>
    <XFRA>62,510000</XFRA>
  </Prezzi>
  <Prezzi>
    <Data>20151221</Data>
    <Mercato>MGP</Mercato>
    <Ora>13</Ora>
    <PUN>57,508700</PUN>
    <NAT>57,320000</NAT>
    <CNOR>57,660000</CNOR>
    <CSUD>57,660000</CSUD>
    <NORD>57,660000</NORD>
    <SARD>57,660000</SARD>
    <SICI>54,750000</SICI>
    <SUD>57,660000</SUD>
    <AUST>57,660000</AUST>
    <BRNN>57,660000</BRNN>
    <COAC>57,660000</COAC>
    <CORS>57,660000</CORS>
    <FOGN>57,660000</FOGN>
    <FRAN>57,660000</FRAN>
    <GREC>57,660000</GREC>
    <MFTV>57,660000</MFTV>
    <PRGP>54,750000</PRGP>
    <ROSN>57,660000</ROSN>
    <SLOV>57,660000</SLOV>
    <SVIZ>57,660000</SVIZ>
    <BSP>57,660000</BSP>
    <MALT>54,750000</MALT>
    <XAUS>57,660000</XAUS>
    <XFRA>57,660000</XFRA>
  </Prezzi>
  <Prezzi>
    <Data>20151221</Data>
    <Mercato>MGP</Mercato>
    <Ora>14</Ora>
    <PUN>56,307030</PUN>
    <NAT>56,000000</NAT>
    <CNOR>54,750000</CNOR>
    <CSUD>54,750000</CSUD>
    <NORD>57,390000</NORD>
    <SARD>54,750000</SARD>
    <SICI>54,750000</SICI>
    <SUD>54,750000</SUD>
    <AUST>57,390000</AUST>
    <BRNN>54,750000</BRNN>
    <COAC>54,750000</COAC>
    <CORS>54,750000</CORS>
    <FOGN>54,750000</FOGN>
    <FRAN>57,390000</FRAN>
    <GREC>54,750000</GREC>
    <MFTV>57,390000</MFTV>
    <PRGP>54,750000</PRGP>
    <ROSN>54,750000</ROSN>
    <SLOV>57,390000</SLOV>
    <SVIZ>57,390000</SVIZ>
    <BSP>57,390000</BSP>
    <MALT>54,750000</MALT>
    <XAUS>57,390000</XAUS>
    <XFRA>57,390000</XFRA>
  </Prezzi>
  <Prezzi>
    <Data>20151221</Data>
    <Mercato>MGP</Mercato>
    <Ora>15</Ora>
    <PUN>64,669020</PUN>
    <NAT>62,990000</NAT>
    <CNOR>65,000000</CNOR>
    <CSUD>65,000000</CSUD>
    <NORD>65,000000</NORD>
    <SARD>65,000000</SARD>
    <SICI>58,710000</SICI>
    <SUD>65,000000</SUD>
    <AUST>65,000000</AUST>
    <BRNN>65,000000</BRNN>
    <COAC>65,000000</COAC>
    <CORS>65,000000</CORS>
    <FOGN>65,000000</FOGN>
    <FRAN>65,000000</FRAN>
    <GREC>65,000000</GREC>
    <MFTV>65,000000</MFTV>
    <PRGP>58,710000</PRGP>
    <ROSN>65,000000</ROSN>
    <SLOV>65,000000</SLOV>
    <SVIZ>65,000000</SVIZ>
    <BSP>65,000000</BSP>
    <MALT>58,710000</MALT>
    <XAUS>65,000000</XAUS>
    <XFRA>65,000000</XFRA>
  </Prezzi>
  <Prezzi>
    <Data>20151221</Data>
    <Mercato>MGP</Mercato>
    <Ora>16</Ora>
    <PUN>68,813380</PUN>
    <NAT>66,000000</NAT>
    <CNOR>69,370000</CNOR>
    <CSUD>69,370000</CSUD>
    <NORD>69,370000</NORD>
    <SARD>69,370000</SARD>
    <SICI>58,940000</SICI>
    <SUD>69,370000</SUD>
    <AUST>69,370000</AUST>
    <BRNN>69,370000</BRNN>
    <COAC>69,370000</COAC>
    <CORS>69,370000</CORS>
    <FOGN>69,370000</FOGN>
    <FRAN>69,370000</FRAN>
    <GREC>69,370000</GREC>
    <MFTV>69,370000</MFTV>
    <PRGP>58,940000</PRGP>
    <ROSN>69,370000</ROSN>
    <SLOV>69,370000</SLOV>
    <SVIZ>69,370000</SVIZ>
    <BSP>69,370000</BSP>
    <MALT>58,940000</MALT>
    <XAUS>69,370000</XAUS>
    <XFRA>69,370000</XFRA>
  </Prezzi>
  <Prezzi>
    <Data>20151221</Data>
    <Mercato>MGP</Mercato>
    <Ora>17</Ora>
    <PUN>71,068100</PUN>
    <NAT>70,980000</NAT>
    <CNOR>71,700000</CNOR>
    <CSUD>71,700000</CSUD>
    <NORD>71,700000</NORD>
    <SARD>71,700000</SARD>
    <SICI>60,610000</SICI>
    <SUD>71,700000</SUD>
    <AUST>71,700000</AUST>
    <BRNN>71,700000</BRNN>
    <COAC>71,700000</COAC>
    <CORS>71,700000</CORS>
    <FOGN>71,700000</FOGN>
    <FRAN>71,700000</FRAN>
    <GREC>71,700000</GREC>
    <MFTV>71,700000</MFTV>
    <PRGP>60,610000</PRGP>
    <ROSN>71,700000</ROSN>
    <SLOV>71,700000</SLOV>
    <SVIZ>71,700000</SVIZ>
    <BSP>71,700000</BSP>
    <MALT>60,610000</MALT>
    <XAUS>71,700000</XAUS>
    <XFRA>71,700000</XFRA>
  </Prezzi>
  <Prezzi>
    <Data>20151221</Data>
    <Mercato>MGP</Mercato>
    <Ora>18</Ora>
    <PUN>80,821250</PUN>
    <NAT>82,030000</NAT>
    <CNOR>82,030000</CNOR>
    <CSUD>82,030000</CSUD>
    <NORD>82,030000</NORD>
    <SARD>82,030000</SARD>
    <SICI>63,430000</SICI>
    <SUD>82,030000</SUD>
    <AUST>82,030000</AUST>
    <BRNN>82,030000</BRNN>
    <COAC>82,030000</COAC>
    <CORS>82,030000</CORS>
    <FOGN>82,030000</FOGN>
    <FRAN>82,030000</FRAN>
    <GREC>82,030000</GREC>
    <MFTV>82,030000</MFTV>
    <PRGP>63,430000</PRGP>
    <ROSN>82,030000</ROSN>
    <SLOV>82,030000</SLOV>
    <SVIZ>82,030000</SVIZ>
    <BSP>82,030000</BSP>
    <MALT>63,430000</MALT>
    <XAUS>82,030000</XAUS>
    <XFRA>82,030000</XFRA>
  </Prezzi>
  <Prezzi>
    <Data>20151221</Data>
    <Mercato>MGP</Mercato>
    <Ora>19</Ora>
    <PUN>69,070750</PUN>
    <NAT>69,480000</NAT>
    <CNOR>69,480000</CNOR>
    <CSUD>69,480000</CSUD>
    <NORD>69,480000</NORD>
    <SARD>69,480000</SARD>
    <SICI>63,430000</SICI>
    <SUD>69,480000</SUD>
    <AUST>69,480000</AUST>
    <BRNN>69,480000</BRNN>
    <COAC>69,480000</COAC>
    <CORS>69,480000</CORS>
    <FOGN>69,480000</FOGN>
    <FRAN>69,480000</FRAN>
    <GREC>69,480000</GREC>
    <MFTV>69,480000</MFTV>
    <PRGP>63,430000</PRGP>
    <ROSN>69,480000</ROSN>
    <SLOV>69,480000</SLOV>
    <SVIZ>69,480000</SVIZ>
    <BSP>69,480000</BSP>
    <MALT>63,430000</MALT>
    <XAUS>69,480000</XAUS>
    <XFRA>69,480000</XFRA>
  </Prezzi>
  <Prezzi>
    <Data>20151221</Data>
    <Mercato>MGP</Mercato>
    <Ora>20</Ora>
    <PUN>67,770000</PUN>
    <NAT>67,900000</NAT>
    <CNOR>68,096520</CNOR>
    <CSUD>68,096520</CSUD>
    <NORD>68,096520</NORD>
    <SARD>68,096520</SARD>
    <SICI>63,430000</SICI>
    <SUD>68,096520</SUD>
    <AUST>68,096520</AUST>
    <BRNN>68,096520</BRNN>
    <COAC>68,096520</COAC>
    <CORS>68,096520</CORS>
    <FOGN>68,096520</FOGN>
    <FRAN>68,096520</FRAN>
    <GREC>68,096520</GREC>
    <MFTV>68,096520</MFTV>
    <PRGP>63,430000</PRGP>
    <ROSN>68,096520</ROSN>
    <SLOV>68,096520</SLOV>
    <SVIZ>68,096520</SVIZ>
    <BSP>68,096520</BSP>
    <MALT>63,430000</MALT>
    <XAUS>68,096520</XAUS>
    <XFRA>68,096520</XFRA>
  </Prezzi>
  <Prezzi>
    <Data>20151221</Data>
    <Mercato>MGP</Mercato>
    <Ora>21</Ora>
    <PUN>63,000000</PUN>
    <NAT>63,000000</NAT>
    <CNOR>63,000000</CNOR>
    <CSUD>63,000000</CSUD>
    <NORD>63,000000</NORD>
    <SARD>63,000000</SARD>
    <SICI>63,000000</SICI>
    <SUD>63,000000</SUD>
    <AUST>63,000000</AUST>
    <BRNN>63,000000</BRNN>
    <COAC>63,000000</COAC>
    <CORS>63,000000</CORS>
    <FOGN>63,000000</FOGN>
    <FRAN>63,000000</FRAN>
    <GREC>63,000000</GREC>
    <MFTV>63,000000</MFTV>
    <PRGP>63,000000</PRGP>
    <ROSN>63,000000</ROSN>
    <SLOV>63,000000</SLOV>
    <SVIZ>63,000000</SVIZ>
    <BSP>63,000000</BSP>
    <MALT>63,000000</MALT>
    <XAUS>63,000000</XAUS>
    <XFRA>63,000000</XFRA>
  </Prezzi>
  <Prezzi>
    <Data>20151221</Data>
    <Mercato>MGP</Mercato>
    <Ora>22</Ora>
    <PUN>58,065670</PUN>
    <NAT>58,500000</NAT>
    <CNOR>58,000000</CNOR>
    <CSUD>58,000000</CSUD>
    <NORD>58,000000</NORD>
    <SARD>58,000000</SARD>
    <SICI>58,940000</SICI>
    <SUD>58,000000</SUD>
    <AUST>58,000000</AUST>
    <BRNN>58,000000</BRNN>
    <COAC>58,000000</COAC>
    <CORS>58,000000</CORS>
    <FOGN>58,000000</FOGN>
    <FRAN>58,000000</FRAN>
    <GREC>58,000000</GREC>
    <MFTV>58,000000</MFTV>
    <PRGP>58,940000</PRGP>
    <ROSN>58,000000</ROSN>
    <SLOV>58,000000</SLOV>
    <SVIZ>58,000000</SVIZ>
    <BSP>58,000000</BSP>
    <MALT>58,940000</MALT>
    <XAUS>58,000000</XAUS>
    <XFRA>58,000000</XFRA>
  </Prezzi>
  <Prezzi>
    <Data>20151221</Data>
    <Mercato>MGP</Mercato>
    <Ora>23</Ora>
    <PUN>55,135170</PUN>
    <NAT>55,170000</NAT>
    <CNOR>54,870000</CNOR>
    <CSUD>54,870000</CSUD>
    <NORD>54,870000</NORD>
    <SARD>54,870000</SARD>
    <SICI>58,710000</SICI>
    <SUD>54,870000</SUD>
    <AUST>54,870000</AUST>
    <BRNN>54,870000</BRNN>
    <COAC>54,870000</COAC>
    <CORS>54,870000</CORS>
    <FOGN>54,870000</FOGN>
    <FRAN>54,870000</FRAN>
    <GREC>54,870000</GREC>
    <MFTV>54,870000</MFTV>
    <PRGP>58,710000</PRGP>
    <ROSN>54,870000</ROSN>
    <SLOV>54,870000</SLOV>
    <SVIZ>54,870000</SVIZ>
    <BSP>54,870000</BSP>
    <MALT>58,710000</MALT>
    <XAUS>54,870000</XAUS>
    <XFRA>54,870000</XFRA>
  </Prezzi>
  <Prezzi>
    <Data>20151221</Data>
    <Mercato>MGP</Mercato>
    <Ora>24</Ora>
    <PUN>47,772470</PUN>
    <NAT>50,000000</NAT>
    <CNOR>47,400000</CNOR>
    <CSUD>47,400000</CSUD>
    <NORD>47,400000</NORD>
    <SARD>47,400000</SARD>
    <SICI>53,330000</SICI>
    <SUD>47,400000</SUD>
    <AUST>47,400000</AUST>
    <BRNN>47,400000</BRNN>
    <COAC>47,400000</COAC>
    <CORS>47,400000</CORS>
    <FOGN>47,400000</FOGN>
    <FRAN>47,400000</FRAN>
    <GREC>47,400000</GREC>
    <MFTV>47,400000</MFTV>
    <PRGP>53,330000</PRGP>
    <ROSN>47,400000</ROSN>
    <SLOV>47,400000</SLOV>
    <SVIZ>47,400000</SVIZ>
    <BSP>47,400000</BSP>
    <MALT>53,330000</MALT>
    <XAUS>47,400000</XAUS>
    <XFRA>47,400000</XFRA>
  </Prezzi>
</NewDataSet>