<?xml version="1.0" standalone="yes"?>
<NewDataSet>
  <xs:schema id="NewDataSet" xmlns="" xmlns:xs="http://www.w3.org/2001/XMLSchema" xmlns:msdata="urn:schemas-microsoft-com:xml-msdata">
    <xs:element name="NewDataSet" msdata:IsDataSet="true" msdata:UseCurrentLocale="true">
      <xs:complexType>
        <xs:choice minOccurs="0" maxOccurs="unbounded">
          <xs:element name="Prezzi">
            <xs:complexType>
              <xs:sequence>
                <xs:element name="Data" type="xs:string" minOccurs="0" />
                <xs:element name="Mercato" type="xs:string" minOccurs="0" />
                <xs:element name="Ora" type="xs:string" minOccurs="0" />
                <xs:element name="PUN" type="xs:string" minOccurs="0" />
                <xs:element name="NAT" type="xs:string" minOccurs="0" />
                <xs:element name="CNOR" type="xs:string" minOccurs="0" />
                <xs:element name="CSUD" type="xs:string" minOccurs="0" />
                <xs:element name="NORD" type="xs:string" minOccurs="0" />
                <xs:element name="SARD" type="xs:string" minOccurs="0" />
                <xs:element name="SICI" type="xs:string" minOccurs="0" />
                <xs:element name="SUD" type="xs:string" minOccurs="0" />
                <xs:element name="AUST" type="xs:string" minOccurs="0" />
                <xs:element name="BRNN" type="xs:string" minOccurs="0" />
                <xs:element name="COAC" type="xs:string" minOccurs="0" />
                <xs:element name="CORS" type="xs:string" minOccurs="0" />
                <xs:element name="FOGN" type="xs:string" minOccurs="0" />
                <xs:element name="FRAN" type="xs:string" minOccurs="0" />
                <xs:element name="GREC" type="xs:string" minOccurs="0" />
                <xs:element name="MFTV" type="xs:string" minOccurs="0" />
                <xs:element name="PRGP" type="xs:string" minOccurs="0" />
                <xs:element name="ROSN" type="xs:string" minOccurs="0" />
                <xs:element name="SLOV" type="xs:string" minOccurs="0" />
                <xs:element name="SVIZ" type="xs:string" minOccurs="0" />
                <xs:element name="BSP" type="xs:string" minOccurs="0" />
                <xs:element name="MALT" type="xs:string" minOccurs="0" />
                <xs:element name="XAUS" type="xs:string" minOccurs="0" />
                <xs:element name="XFRA" type="xs:string" minOccurs="0" />
              </xs:sequence>
            </xs:complexType>
          </xs:element>
        </xs:choice>
      </xs:complexType>
    </xs:element>
  </xs:schema>
  <Prezzi>
    <Data>20151219</Data>
    <Mercato>MGP</Mercato>
    <Ora>1</Ora>
    <PUN>58,260000</PUN>
    <NAT>58,260000</NAT>
    <CNOR>58,260000</CNOR>
    <CSUD>58,260000</CSUD>
    <NORD>58,260000</NORD>
    <SARD>58,260000</SARD>
    <SICI>58,260000</SICI>
    <SUD>58,260000</SUD>
    <AUST>58,260000</AUST>
    <BRNN>58,260000</BRNN>
    <COAC>58,260000</COAC>
    <CORS>58,260000</CORS>
    <FOGN>58,260000</FOGN>
    <FRAN>58,260000</FRAN>
    <GREC>58,260000</GREC>
    <MFTV>58,260000</MFTV>
    <PRGP>58,260000</PRGP>
    <ROSN>58,260000</ROSN>
    <SLOV>58,260000</SLOV>
    <SVIZ>58,260000</SVIZ>
    <BSP>58,260000</BSP>
    <MALT>58,260000</MALT>
    <XAUS>58,260000</XAUS>
    <XFRA>58,260000</XFRA>
  </Prezzi>
  <Prezzi>
    <Data>20151219</Data>
    <Mercato>MGP</Mercato>
    <Ora>2</Ora>
    <PUN>50,314520</PUN>
    <NAT>51,220000</NAT>
    <CNOR>50,000000</CNOR>
    <CSUD>50,000000</CSUD>
    <NORD>50,000000</NORD>
    <SARD>50,000000</SARD>
    <SICI>55,560000</SICI>
    <SUD>50,000000</SUD>
    <AUST>50,000000</AUST>
    <BRNN>50,000000</BRNN>
    <COAC>50,000000</COAC>
    <CORS>50,000000</CORS>
    <FOGN>50,000000</FOGN>
    <FRAN>50,000000</FRAN>
    <GREC>50,000000</GREC>
    <MFTV>50,000000</MFTV>
    <PRGP>55,560000</PRGP>
    <ROSN>50,000000</ROSN>
    <SLOV>50,000000</SLOV>
    <SVIZ>50,000000</SVIZ>
    <BSP>50,000000</BSP>
    <MALT>55,560000</MALT>
    <XAUS>50,000000</XAUS>
    <XFRA>50,000000</XFRA>
  </Prezzi>
  <Prezzi>
    <Data>20151219</Data>
    <Mercato>MGP</Mercato>
    <Ora>3</Ora>
    <PUN>48,079270</PUN>
    <NAT>47,730000</NAT>
    <CNOR>47,640000</CNOR>
    <CSUD>47,640000</CSUD>
    <NORD>47,640000</NORD>
    <SARD>47,640000</SARD>
    <SICI>55,560000</SICI>
    <SUD>47,640000</SUD>
    <AUST>47,640000</AUST>
    <BRNN>47,640000</BRNN>
    <COAC>47,640000</COAC>
    <CORS>47,640000</CORS>
    <FOGN>47,640000</FOGN>
    <FRAN>47,640000</FRAN>
    <GREC>47,640000</GREC>
    <MFTV>47,640000</MFTV>
    <PRGP>55,560000</PRGP>
    <ROSN>47,640000</ROSN>
    <SLOV>47,640000</SLOV>
    <SVIZ>47,640000</SVIZ>
    <BSP>47,640000</BSP>
    <MALT>55,560000</MALT>
    <XAUS>47,640000</XAUS>
    <XFRA>47,640000</XFRA>
  </Prezzi>
  <Prezzi>
    <Data>20151219</Data>
    <Mercato>MGP</Mercato>
    <Ora>4</Ora>
    <PUN>44,435830</PUN>
    <NAT>45,420000</NAT>
    <CNOR>43,900000</CNOR>
    <CSUD>43,900000</CSUD>
    <NORD>43,900000</NORD>
    <SARD>43,900000</SARD>
    <SICI>54,420000</SICI>
    <SUD>43,900000</SUD>
    <AUST>43,900000</AUST>
    <BRNN>43,900000</BRNN>
    <COAC>43,900000</COAC>
    <CORS>43,900000</CORS>
    <FOGN>43,900000</FOGN>
    <FRAN>43,900000</FRAN>
    <GREC>43,900000</GREC>
    <MFTV>43,900000</MFTV>
    <PRGP>54,420000</PRGP>
    <ROSN>43,900000</ROSN>
    <SLOV>43,900000</SLOV>
    <SVIZ>43,900000</SVIZ>
    <BSP>43,900000</BSP>
    <MALT>54,420000</MALT>
    <XAUS>43,900000</XAUS>
    <XFRA>43,900000</XFRA>
  </Prezzi>
  <Prezzi>
    <Data>20151219</Data>
    <Mercato>MGP</Mercato>
    <Ora>5</Ora>
    <PUN>44,534040</PUN>
    <NAT>45,470000</NAT>
    <CNOR>44,000000</CNOR>
    <CSUD>44,000000</CSUD>
    <NORD>44,000000</NORD>
    <SARD>44,000000</SARD>
    <SICI>54,420000</SICI>
    <SUD>44,000000</SUD>
    <AUST>44,000000</AUST>
    <BRNN>44,000000</BRNN>
    <COAC>44,000000</COAC>
    <CORS>44,000000</CORS>
    <FOGN>44,000000</FOGN>
    <FRAN>44,000000</FRAN>
    <GREC>44,000000</GREC>
    <MFTV>44,000000</MFTV>
    <PRGP>54,420000</PRGP>
    <ROSN>44,000000</ROSN>
    <SLOV>44,000000</SLOV>
    <SVIZ>44,000000</SVIZ>
    <BSP>44,000000</BSP>
    <MALT>54,420000</MALT>
    <XAUS>44,000000</XAUS>
    <XFRA>44,000000</XFRA>
  </Prezzi>
  <Prezzi>
    <Data>20151219</Data>
    <Mercato>MGP</Mercato>
    <Ora>6</Ora>
    <PUN>47,400000</PUN>
    <NAT>47,400000</NAT>
    <CNOR>46,915430</CNOR>
    <CSUD>46,915430</CSUD>
    <NORD>46,915430</NORD>
    <SARD>46,915430</SARD>
    <SICI>55,560000</SICI>
    <SUD>46,915430</SUD>
    <AUST>46,915430</AUST>
    <BRNN>46,915430</BRNN>
    <COAC>46,915430</COAC>
    <CORS>46,915430</CORS>
    <FOGN>46,915430</FOGN>
    <FRAN>46,915430</FRAN>
    <GREC>46,915430</GREC>
    <MFTV>46,915430</MFTV>
    <PRGP>55,560000</PRGP>
    <ROSN>46,915430</ROSN>
    <SLOV>46,915430</SLOV>
    <SVIZ>46,915430</SVIZ>
    <BSP>46,915430</BSP>
    <MALT>55,560000</MALT>
    <XAUS>46,915430</XAUS>
    <XFRA>46,915430</XFRA>
  </Prezzi>
  <Prezzi>
    <Data>20151219</Data>
    <Mercato>MGP</Mercato>
    <Ora>7</Ora>
    <PUN>49,766320</PUN>
    <NAT>50,330000</NAT>
    <CNOR>49,260000</CNOR>
    <CSUD>49,260000</CSUD>
    <NORD>49,260000</NORD>
    <SARD>49,260000</SARD>
    <SICI>58,000000</SICI>
    <SUD>49,260000</SUD>
    <AUST>49,260000</AUST>
    <BRNN>49,260000</BRNN>
    <COAC>49,260000</COAC>
    <CORS>49,260000</CORS>
    <FOGN>49,260000</FOGN>
    <FRAN>49,260000</FRAN>
    <GREC>49,260000</GREC>
    <MFTV>49,260000</MFTV>
    <PRGP>58,000000</PRGP>
    <ROSN>49,260000</ROSN>
    <SLOV>49,260000</SLOV>
    <SVIZ>49,260000</SVIZ>
    <BSP>49,260000</BSP>
    <MALT>58,000000</MALT>
    <XAUS>49,260000</XAUS>
    <XFRA>49,260000</XFRA>
  </Prezzi>
  <Prezzi>
    <Data>20151219</Data>
    <Mercato>MGP</Mercato>
    <Ora>8</Ora>
    <PUN>56,533420</PUN>
    <NAT>58,000000</NAT>
    <CNOR>56,400000</CNOR>
    <CSUD>56,400000</CSUD>
    <NORD>56,400000</NORD>
    <SARD>56,400000</SARD>
    <SICI>58,710000</SICI>
    <SUD>56,400000</SUD>
    <AUST>56,400000</AUST>
    <BRNN>56,400000</BRNN>
    <COAC>56,400000</COAC>
    <CORS>56,400000</CORS>
    <FOGN>56,400000</FOGN>
    <FRAN>56,400000</FRAN>
    <GREC>56,400000</GREC>
    <MFTV>56,400000</MFTV>
    <PRGP>58,710000</PRGP>
    <ROSN>56,400000</ROSN>
    <SLOV>56,400000</SLOV>
    <SVIZ>56,400000</SVIZ>
    <BSP>56,400000</BSP>
    <MALT>58,710000</MALT>
    <XAUS>56,400000</XAUS>
    <XFRA>56,400000</XFRA>
  </Prezzi>
  <Prezzi>
    <Data>20151219</Data>
    <Mercato>MGP</Mercato>
    <Ora>9</Ora>
    <PUN>60,000000</PUN>
    <NAT>59,720000</NAT>
    <CNOR>60,000000</CNOR>
    <CSUD>60,000000</CSUD>
    <NORD>60,000000</NORD>
    <SARD>60,000000</SARD>
    <SICI>60,000000</SICI>
    <SUD>60,000000</SUD>
    <AUST>60,000000</AUST>
    <BRNN>60,000000</BRNN>
    <COAC>60,000000</COAC>
    <CORS>60,000000</CORS>
    <FOGN>60,000000</FOGN>
    <FRAN>60,000000</FRAN>
    <GREC>60,000000</GREC>
    <MFTV>60,000000</MFTV>
    <PRGP>60,000000</PRGP>
    <ROSN>60,000000</ROSN>
    <SLOV>60,000000</SLOV>
    <SVIZ>60,000000</SVIZ>
    <BSP>60,000000</BSP>
    <MALT>60,000000</MALT>
    <XAUS>60,000000</XAUS>
    <XFRA>60,000000</XFRA>
  </Prezzi>
  <Prezzi>
    <Data>20151219</Data>
    <Mercato>MGP</Mercato>
    <Ora>10</Ora>
    <PUN>59,046100</PUN>
    <NAT>58,940000</NAT>
    <CNOR>56,000000</CNOR>
    <CSUD>56,000000</CSUD>
    <NORD>60,910000</NORD>
    <SARD>56,000000</SARD>
    <SICI>58,710000</SICI>
    <SUD>56,000000</SUD>
    <AUST>60,910000</AUST>
    <BRNN>56,000000</BRNN>
    <COAC>56,000000</COAC>
    <CORS>56,000000</CORS>
    <FOGN>56,000000</FOGN>
    <FRAN>60,910000</FRAN>
    <GREC>56,000000</GREC>
    <MFTV>60,910000</MFTV>
    <PRGP>58,710000</PRGP>
    <ROSN>56,000000</ROSN>
    <SLOV>60,910000</SLOV>
    <SVIZ>60,910000</SVIZ>
    <BSP>60,910000</BSP>
    <MALT>58,710000</MALT>
    <XAUS>60,910000</XAUS>
    <XFRA>60,910000</XFRA>
  </Prezzi>
  <Prezzi>
    <Data>20151219</Data>
    <Mercato>MGP</Mercato>
    <Ora>11</Ora>
    <PUN>57,515350</PUN>
    <NAT>57,090000</NAT>
    <CNOR>52,990000</CNOR>
    <CSUD>52,990000</CSUD>
    <NORD>60,120000</NORD>
    <SARD>52,990000</SARD>
    <SICI>58,710000</SICI>
    <SUD>52,990000</SUD>
    <AUST>60,120000</AUST>
    <BRNN>52,990000</BRNN>
    <COAC>52,990000</COAC>
    <CORS>52,990000</CORS>
    <FOGN>52,990000</FOGN>
    <FRAN>60,120000</FRAN>
    <GREC>52,990000</GREC>
    <MFTV>60,120000</MFTV>
    <PRGP>58,710000</PRGP>
    <ROSN>52,990000</ROSN>
    <SLOV>60,120000</SLOV>
    <SVIZ>60,120000</SVIZ>
    <BSP>60,120000</BSP>
    <MALT>58,710000</MALT>
    <XAUS>60,120000</XAUS>
    <XFRA>60,120000</XFRA>
  </Prezzi>
  <Prezzi>
    <Data>20151219</Data>
    <Mercato>MGP</Mercato>
    <Ora>12</Ora>
    <PUN>50,520200</PUN>
    <NAT>52,000000</NAT>
    <CNOR>49,990000</CNOR>
    <CSUD>49,990000</CSUD>
    <NORD>50,000000</NORD>
    <SARD>49,990000</SARD>
    <SICI>58,710000</SICI>
    <SUD>49,990000</SUD>
    <AUST>50,000000</AUST>
    <BRNN>49,990000</BRNN>
    <COAC>49,990000</COAC>
    <CORS>49,990000</CORS>
    <FOGN>49,990000</FOGN>
    <FRAN>50,000000</FRAN>
    <GREC>49,990000</GREC>
    <MFTV>50,000000</MFTV>
    <PRGP>58,710000</PRGP>
    <ROSN>49,990000</ROSN>
    <SLOV>50,000000</SLOV>
    <SVIZ>50,000000</SVIZ>
    <BSP>50,000000</BSP>
    <MALT>58,710000</MALT>
    <XAUS>50,000000</XAUS>
    <XFRA>50,000000</XFRA>
  </Prezzi>
  <Prezzi>
    <Data>20151219</Data>
    <Mercato>MGP</Mercato>
    <Ora>13</Ora>
    <PUN>48,211210</PUN>
    <NAT>47,730000</NAT>
    <CNOR>47,630000</CNOR>
    <CSUD>47,630000</CSUD>
    <NORD>47,630000</NORD>
    <SARD>47,630000</SARD>
    <SICI>57,070000</SICI>
    <SUD>47,630000</SUD>
    <AUST>47,630000</AUST>
    <BRNN>47,630000</BRNN>
    <COAC>47,630000</COAC>
    <CORS>47,630000</CORS>
    <FOGN>47,630000</FOGN>
    <FRAN>47,630000</FRAN>
    <GREC>47,630000</GREC>
    <MFTV>47,630000</MFTV>
    <PRGP>57,070000</PRGP>
    <ROSN>47,630000</ROSN>
    <SLOV>47,630000</SLOV>
    <SVIZ>47,630000</SVIZ>
    <BSP>47,630000</BSP>
    <MALT>57,070000</MALT>
    <XAUS>47,630000</XAUS>
    <XFRA>47,630000</XFRA>
  </Prezzi>
  <Prezzi>
    <Data>20151219</Data>
    <Mercato>MGP</Mercato>
    <Ora>14</Ora>
    <PUN>45,365590</PUN>
    <NAT>45,990000</NAT>
    <CNOR>44,580000</CNOR>
    <CSUD>44,580000</CSUD>
    <NORD>44,580000</NORD>
    <SARD>44,580000</SARD>
    <SICI>57,070000</SICI>
    <SUD>44,580000</SUD>
    <AUST>44,580000</AUST>
    <BRNN>44,580000</BRNN>
    <COAC>44,580000</COAC>
    <CORS>44,580000</CORS>
    <FOGN>44,580000</FOGN>
    <FRAN>44,580000</FRAN>
    <GREC>44,580000</GREC>
    <MFTV>44,580000</MFTV>
    <PRGP>57,070000</PRGP>
    <ROSN>44,580000</ROSN>
    <SLOV>44,580000</SLOV>
    <SVIZ>44,580000</SVIZ>
    <BSP>44,580000</BSP>
    <MALT>57,070000</MALT>
    <XAUS>44,580000</XAUS>
    <XFRA>44,580000</XFRA>
  </Prezzi>
  <Prezzi>
    <Data>20151219</Data>
    <Mercato>MGP</Mercato>
    <Ora>15</Ora>
    <PUN>48,342500</PUN>
    <NAT>48,000000</NAT>
    <CNOR>47,640000</CNOR>
    <CSUD>47,640000</CSUD>
    <NORD>47,640000</NORD>
    <SARD>47,640000</SARD>
    <SICI>58,710000</SICI>
    <SUD>47,640000</SUD>
    <AUST>47,640000</AUST>
    <BRNN>47,640000</BRNN>
    <COAC>47,640000</COAC>
    <CORS>47,640000</CORS>
    <FOGN>47,640000</FOGN>
    <FRAN>47,640000</FRAN>
    <GREC>47,640000</GREC>
    <MFTV>47,640000</MFTV>
    <PRGP>58,710000</PRGP>
    <ROSN>47,640000</ROSN>
    <SLOV>47,640000</SLOV>
    <SVIZ>47,640000</SVIZ>
    <BSP>47,640000</BSP>
    <MALT>58,710000</MALT>
    <XAUS>47,640000</XAUS>
    <XFRA>47,640000</XFRA>
  </Prezzi>
  <Prezzi>
    <Data>20151219</Data>
    <Mercato>MGP</Mercato>
    <Ora>16</Ora>
    <PUN>53,786290</PUN>
    <NAT>55,560000</NAT>
    <CNOR>53,450000</CNOR>
    <CSUD>53,450000</CSUD>
    <NORD>53,450000</NORD>
    <SARD>53,450000</SARD>
    <SICI>58,710000</SICI>
    <SUD>53,450000</SUD>
    <AUST>53,450000</AUST>
    <BRNN>53,450000</BRNN>
    <COAC>53,450000</COAC>
    <CORS>53,450000</CORS>
    <FOGN>53,450000</FOGN>
    <FRAN>53,450000</FRAN>
    <GREC>53,450000</GREC>
    <MFTV>53,450000</MFTV>
    <PRGP>58,710000</PRGP>
    <ROSN>53,450000</ROSN>
    <SLOV>53,450000</SLOV>
    <SVIZ>53,450000</SVIZ>
    <BSP>53,450000</BSP>
    <MALT>58,710000</MALT>
    <XAUS>53,450000</XAUS>
    <XFRA>53,450000</XFRA>
  </Prezzi>
  <Prezzi>
    <Data>20151219</Data>
    <Mercato>MGP</Mercato>
    <Ora>17</Ora>
    <PUN>59,630000</PUN>
    <NAT>59,630000</NAT>
    <CNOR>59,630000</CNOR>
    <CSUD>59,630000</CSUD>
    <NORD>59,630000</NORD>
    <SARD>59,630000</SARD>
    <SICI>59,630000</SICI>
    <SUD>59,630000</SUD>
    <AUST>59,630000</AUST>
    <BRNN>59,630000</BRNN>
    <COAC>59,630000</COAC>
    <CORS>59,630000</CORS>
    <FOGN>59,630000</FOGN>
    <FRAN>59,630000</FRAN>
    <GREC>59,630000</GREC>
    <MFTV>59,630000</MFTV>
    <PRGP>59,630000</PRGP>
    <ROSN>59,630000</ROSN>
    <SLOV>59,630000</SLOV>
    <SVIZ>59,630000</SVIZ>
    <BSP>59,630000</BSP>
    <MALT>59,630000</MALT>
    <XAUS>59,630000</XAUS>
    <XFRA>59,630000</XFRA>
  </Prezzi>
  <Prezzi>
    <Data>20151219</Data>
    <Mercato>MGP</Mercato>
    <Ora>18</Ora>
    <PUN>67,000000</PUN>
    <NAT>67,000000</NAT>
    <CNOR>67,000000</CNOR>
    <CSUD>67,000000</CSUD>
    <NORD>67,000000</NORD>
    <SARD>67,000000</SARD>
    <SICI>67,000000</SICI>
    <SUD>67,000000</SUD>
    <AUST>67,000000</AUST>
    <BRNN>67,000000</BRNN>
    <COAC>67,000000</COAC>
    <CORS>67,000000</CORS>
    <FOGN>67,000000</FOGN>
    <FRAN>67,000000</FRAN>
    <GREC>67,000000</GREC>
    <MFTV>67,000000</MFTV>
    <PRGP>67,000000</PRGP>
    <ROSN>67,000000</ROSN>
    <SLOV>67,000000</SLOV>
    <SVIZ>67,000000</SVIZ>
    <BSP>67,000000</BSP>
    <MALT>67,000000</MALT>
    <XAUS>67,000000</XAUS>
    <XFRA>67,000000</XFRA>
  </Prezzi>
  <Prezzi>
    <Data>20151219</Data>
    <Mercato>MGP</Mercato>
    <Ora>19</Ora>
    <PUN>67,000000</PUN>
    <NAT>67,000000</NAT>
    <CNOR>67,000000</CNOR>
    <CSUD>67,000000</CSUD>
    <NORD>67,000000</NORD>
    <SARD>67,000000</SARD>
    <SICI>67,000000</SICI>
    <SUD>67,000000</SUD>
    <AUST>67,000000</AUST>
    <BRNN>67,000000</BRNN>
    <COAC>67,000000</COAC>
    <CORS>67,000000</CORS>
    <FOGN>67,000000</FOGN>
    <FRAN>67,000000</FRAN>
    <GREC>67,000000</GREC>
    <MFTV>67,000000</MFTV>
    <PRGP>67,000000</PRGP>
    <ROSN>67,000000</ROSN>
    <SLOV>67,000000</SLOV>
    <SVIZ>67,000000</SVIZ>
    <BSP>67,000000</BSP>
    <MALT>67,000000</MALT>
    <XAUS>67,000000</XAUS>
    <XFRA>67,000000</XFRA>
  </Prezzi>
  <Prezzi>
    <Data>20151219</Data>
    <Mercato>MGP</Mercato>
    <Ora>20</Ora>
    <PUN>70,000000</PUN>
    <NAT>70,000000</NAT>
    <CNOR>70,000000</CNOR>
    <CSUD>70,000000</CSUD>
    <NORD>70,000000</NORD>
    <SARD>70,000000</SARD>
    <SICI>70,000000</SICI>
    <SUD>70,000000</SUD>
    <AUST>70,000000</AUST>
    <BRNN>70,000000</BRNN>
    <COAC>70,000000</COAC>
    <CORS>70,000000</CORS>
    <FOGN>70,000000</FOGN>
    <FRAN>70,000000</FRAN>
    <GREC>70,000000</GREC>
    <MFTV>70,000000</MFTV>
    <PRGP>70,000000</PRGP>
    <ROSN>70,000000</ROSN>
    <SLOV>70,000000</SLOV>
    <SVIZ>70,000000</SVIZ>
    <BSP>70,000000</BSP>
    <MALT>70,000000</MALT>
    <XAUS>70,000000</XAUS>
    <XFRA>70,000000</XFRA>
  </Prezzi>
  <Prezzi>
    <Data>20151219</Data>
    <Mercato>MGP</Mercato>
    <Ora>21</Ora>
    <PUN>65,000000</PUN>
    <NAT>65,000000</NAT>
    <CNOR>65,000000</CNOR>
    <CSUD>65,000000</CSUD>
    <NORD>65,000000</NORD>
    <SARD>65,000000</SARD>
    <SICI>65,000000</SICI>
    <SUD>65,000000</SUD>
    <AUST>65,000000</AUST>
    <BRNN>65,000000</BRNN>
    <COAC>65,000000</COAC>
    <CORS>65,000000</CORS>
    <FOGN>65,000000</FOGN>
    <FRAN>65,000000</FRAN>
    <GREC>65,000000</GREC>
    <MFTV>65,000000</MFTV>
    <PRGP>65,000000</PRGP>
    <ROSN>65,000000</ROSN>
    <SLOV>65,000000</SLOV>
    <SVIZ>65,000000</SVIZ>
    <BSP>65,000000</BSP>
    <MALT>65,000000</MALT>
    <XAUS>65,000000</XAUS>
    <XFRA>65,000000</XFRA>
  </Prezzi>
  <Prezzi>
    <Data>20151219</Data>
    <Mercato>MGP</Mercato>
    <Ora>22</Ora>
    <PUN>59,500000</PUN>
    <NAT>59,500000</NAT>
    <CNOR>59,500000</CNOR>
    <CSUD>59,500000</CSUD>
    <NORD>59,500000</NORD>
    <SARD>59,500000</SARD>
    <SICI>59,500000</SICI>
    <SUD>59,500000</SUD>
    <AUST>59,500000</AUST>
    <BRNN>59,500000</BRNN>
    <COAC>59,500000</COAC>
    <CORS>59,500000</CORS>
    <FOGN>59,500000</FOGN>
    <FRAN>59,500000</FRAN>
    <GREC>59,500000</GREC>
    <MFTV>59,500000</MFTV>
    <PRGP>59,500000</PRGP>
    <ROSN>59,500000</ROSN>
    <SLOV>59,500000</SLOV>
    <SVIZ>59,500000</SVIZ>
    <BSP>59,500000</BSP>
    <MALT>59,500000</MALT>
    <XAUS>59,500000</XAUS>
    <XFRA>59,500000</XFRA>
  </Prezzi>
  <Prezzi>
    <Data>20151219</Data>
    <Mercato>MGP</Mercato>
    <Ora>23</Ora>
    <PUN>58,940000</PUN>
    <NAT>58,940000</NAT>
    <CNOR>58,940000</CNOR>
    <CSUD>58,940000</CSUD>
    <NORD>58,940000</NORD>
    <SARD>58,940000</SARD>
    <SICI>58,940000</SICI>
    <SUD>58,940000</SUD>
    <AUST>58,940000</AUST>
    <BRNN>58,940000</BRNN>
    <COAC>58,940000</COAC>
    <CORS>58,940000</CORS>
    <FOGN>58,940000</FOGN>
    <FRAN>58,940000</FRAN>
    <GREC>58,940000</GREC>
    <MFTV>58,940000</MFTV>
    <PRGP>58,940000</PRGP>
    <ROSN>58,940000</ROSN>
    <SLOV>58,940000</SLOV>
    <SVIZ>58,940000</SVIZ>
    <BSP>58,940000</BSP>
    <MALT>58,940000</MALT>
    <XAUS>58,940000</XAUS>
    <XFRA>58,940000</XFRA>
  </Prezzi>
  <Prezzi>
    <Data>20151219</Data>
    <Mercato>MGP</Mercato>
    <Ora>24</Ora>
    <PUN>48,923840</PUN>
    <NAT>53,650000</NAT>
    <CNOR>48,280000</CNOR>
    <CSUD>48,280000</CSUD>
    <NORD>48,280000</NORD>
    <SARD>48,280000</SARD>
    <SICI>58,000000</SICI>
    <SUD>48,280000</SUD>
    <AUST>48,280000</AUST>
    <BRNN>48,280000</BRNN>
    <COAC>48,280000</COAC>
    <CORS>48,280000</CORS>
    <FOGN>48,280000</FOGN>
    <FRAN>48,280000</FRAN>
    <GREC>48,280000</GREC>
    <MFTV>48,280000</MFTV>
    <PRGP>58,000000</PRGP>
    <ROSN>48,280000</ROSN>
    <SLOV>48,280000</SLOV>
    <SVIZ>48,280000</SVIZ>
    <BSP>48,280000</BSP>
    <MALT>58,000000</MALT>
    <XAUS>48,280000</XAUS>
    <XFRA>48,280000</XFRA>
  </Prezzi>
</NewDataSet>