<?xml version="1.0" standalone="yes"?>
<NewDataSet>
  <xs:schema id="NewDataSet" xmlns="" xmlns:xs="http://www.w3.org/2001/XMLSchema" xmlns:msdata="urn:schemas-microsoft-com:xml-msdata">
    <xs:element name="NewDataSet" msdata:IsDataSet="true" msdata:UseCurrentLocale="true">
      <xs:complexType>
        <xs:choice minOccurs="0" maxOccurs="unbounded">
          <xs:element name="Prezzi">
            <xs:complexType>
              <xs:sequence>
                <xs:element name="Data" type="xs:string" minOccurs="0" />
                <xs:element name="Mercato" type="xs:string" minOccurs="0" />
                <xs:element name="Ora" type="xs:string" minOccurs="0" />
                <xs:element name="PUN" type="xs:string" minOccurs="0" />
                <xs:element name="NAT" type="xs:string" minOccurs="0" />
                <xs:element name="CNOR" type="xs:string" minOccurs="0" />
                <xs:element name="CSUD" type="xs:string" minOccurs="0" />
                <xs:element name="NORD" type="xs:string" minOccurs="0" />
                <xs:element name="SARD" type="xs:string" minOccurs="0" />
                <xs:element name="SICI" type="xs:string" minOccurs="0" />
                <xs:element name="SUD" type="xs:string" minOccurs="0" />
                <xs:element name="AUST" type="xs:string" minOccurs="0" />
                <xs:element name="BRNN" type="xs:string" minOccurs="0" />
                <xs:element name="COAC" type="xs:string" minOccurs="0" />
                <xs:element name="CORS" type="xs:string" minOccurs="0" />
                <xs:element name="FOGN" type="xs:string" minOccurs="0" />
                <xs:element name="FRAN" type="xs:string" minOccurs="0" />
                <xs:element name="GREC" type="xs:string" minOccurs="0" />
                <xs:element name="MFTV" type="xs:string" minOccurs="0" />
                <xs:element name="PRGP" type="xs:string" minOccurs="0" />
                <xs:element name="ROSN" type="xs:string" minOccurs="0" />
                <xs:element name="SLOV" type="xs:string" minOccurs="0" />
                <xs:element name="SVIZ" type="xs:string" minOccurs="0" />
                <xs:element name="BSP" type="xs:string" minOccurs="0" />
                <xs:element name="MALT" type="xs:string" minOccurs="0" />
                <xs:element name="XAUS" type="xs:string" minOccurs="0" />
                <xs:element name="XFRA" type="xs:string" minOccurs="0" />
              </xs:sequence>
            </xs:complexType>
          </xs:element>
        </xs:choice>
      </xs:complexType>
    </xs:element>
  </xs:schema>
  <Prezzi>
    <Data>20151226</Data>
    <Mercato>MGP</Mercato>
    <Ora>1</Ora>
    <PUN>39,596780</PUN>
    <NAT>39,300000</NAT>
    <CNOR>38,560000</CNOR>
    <CSUD>38,560000</CSUD>
    <NORD>38,560000</NORD>
    <SARD>38,560000</SARD>
    <SICI>53,330000</SICI>
    <SUD>38,560000</SUD>
    <AUST>38,560000</AUST>
    <BRNN>38,560000</BRNN>
    <COAC>38,560000</COAC>
    <CORS>38,560000</CORS>
    <FOGN>38,560000</FOGN>
    <FRAN>38,560000</FRAN>
    <GREC>38,560000</GREC>
    <MFTV>38,560000</MFTV>
    <PRGP>53,330000</PRGP>
    <ROSN>38,560000</ROSN>
    <SLOV>38,560000</SLOV>
    <SVIZ>38,560000</SVIZ>
    <BSP>38,560000</BSP>
    <MALT>53,330000</MALT>
    <XAUS>38,560000</XAUS>
    <XFRA>38,560000</XFRA>
  </Prezzi>
  <Prezzi>
    <Data>20151226</Data>
    <Mercato>MGP</Mercato>
    <Ora>2</Ora>
    <PUN>36,069400</PUN>
    <NAT>35,800000</NAT>
    <CNOR>34,790000</CNOR>
    <CSUD>34,790000</CSUD>
    <NORD>34,790000</NORD>
    <SARD>34,790000</SARD>
    <SICI>53,270000</SICI>
    <SUD>34,790000</SUD>
    <AUST>34,790000</AUST>
    <BRNN>34,790000</BRNN>
    <COAC>34,790000</COAC>
    <CORS>34,790000</CORS>
    <FOGN>34,790000</FOGN>
    <FRAN>34,790000</FRAN>
    <GREC>34,790000</GREC>
    <MFTV>34,790000</MFTV>
    <PRGP>53,270000</PRGP>
    <ROSN>34,790000</ROSN>
    <SLOV>34,790000</SLOV>
    <SVIZ>34,790000</SVIZ>
    <BSP>34,790000</BSP>
    <MALT>53,270000</MALT>
    <XAUS>34,790000</XAUS>
    <XFRA>34,790000</XFRA>
  </Prezzi>
  <Prezzi>
    <Data>20151226</Data>
    <Mercato>MGP</Mercato>
    <Ora>3</Ora>
    <PUN>31,959070</PUN>
    <NAT>31,010000</NAT>
    <CNOR>30,500000</CNOR>
    <CSUD>30,500000</CSUD>
    <NORD>30,500000</NORD>
    <SARD>30,500000</SARD>
    <SICI>52,200000</SICI>
    <SUD>30,500000</SUD>
    <AUST>30,500000</AUST>
    <BRNN>30,500000</BRNN>
    <COAC>30,500000</COAC>
    <CORS>30,500000</CORS>
    <FOGN>30,500000</FOGN>
    <FRAN>30,500000</FRAN>
    <GREC>30,500000</GREC>
    <MFTV>30,500000</MFTV>
    <PRGP>52,200000</PRGP>
    <ROSN>30,500000</ROSN>
    <SLOV>30,500000</SLOV>
    <SVIZ>30,500000</SVIZ>
    <BSP>30,500000</BSP>
    <MALT>52,200000</MALT>
    <XAUS>30,500000</XAUS>
    <XFRA>30,500000</XFRA>
  </Prezzi>
  <Prezzi>
    <Data>20151226</Data>
    <Mercato>MGP</Mercato>
    <Ora>4</Ora>
    <PUN>31,403940</PUN>
    <NAT>30,500000</NAT>
    <CNOR>30,000000</CNOR>
    <CSUD>30,000000</CSUD>
    <NORD>30,000000</NORD>
    <SARD>30,000000</SARD>
    <SICI>52,200000</SICI>
    <SUD>30,000000</SUD>
    <AUST>30,000000</AUST>
    <BRNN>30,000000</BRNN>
    <COAC>30,000000</COAC>
    <CORS>30,000000</CORS>
    <FOGN>30,000000</FOGN>
    <FRAN>30,000000</FRAN>
    <GREC>30,000000</GREC>
    <MFTV>30,000000</MFTV>
    <PRGP>52,200000</PRGP>
    <ROSN>30,000000</ROSN>
    <SLOV>30,000000</SLOV>
    <SVIZ>30,000000</SVIZ>
    <BSP>30,000000</BSP>
    <MALT>52,200000</MALT>
    <XAUS>30,000000</XAUS>
    <XFRA>30,000000</XFRA>
  </Prezzi>
  <Prezzi>
    <Data>20151226</Data>
    <Mercato>MGP</Mercato>
    <Ora>5</Ora>
    <PUN>30,000000</PUN>
    <NAT>30,000000</NAT>
    <CNOR>28,501620</CNOR>
    <CSUD>28,501620</CSUD>
    <NORD>28,501620</NORD>
    <SARD>28,501620</SARD>
    <SICI>52,200000</SICI>
    <SUD>28,501620</SUD>
    <AUST>28,501620</AUST>
    <BRNN>28,501620</BRNN>
    <COAC>28,501620</COAC>
    <CORS>28,501620</CORS>
    <FOGN>28,501620</FOGN>
    <FRAN>28,501620</FRAN>
    <GREC>28,501620</GREC>
    <MFTV>28,501620</MFTV>
    <PRGP>52,200000</PRGP>
    <ROSN>28,501620</ROSN>
    <SLOV>28,501620</SLOV>
    <SVIZ>28,501620</SVIZ>
    <BSP>28,501620</BSP>
    <MALT>52,200000</MALT>
    <XAUS>28,501620</XAUS>
    <XFRA>28,501620</XFRA>
  </Prezzi>
  <Prezzi>
    <Data>20151226</Data>
    <Mercato>MGP</Mercato>
    <Ora>6</Ora>
    <PUN>31,389470</PUN>
    <NAT>30,500000</NAT>
    <CNOR>30,000000</CNOR>
    <CSUD>30,000000</CSUD>
    <NORD>30,000000</NORD>
    <SARD>30,000000</SARD>
    <SICI>52,200000</SICI>
    <SUD>30,000000</SUD>
    <AUST>30,000000</AUST>
    <BRNN>30,000000</BRNN>
    <COAC>30,000000</COAC>
    <CORS>30,000000</CORS>
    <FOGN>30,000000</FOGN>
    <FRAN>30,000000</FRAN>
    <GREC>30,000000</GREC>
    <MFTV>30,000000</MFTV>
    <PRGP>52,200000</PRGP>
    <ROSN>30,000000</ROSN>
    <SLOV>30,000000</SLOV>
    <SVIZ>30,000000</SVIZ>
    <BSP>30,000000</BSP>
    <MALT>52,200000</MALT>
    <XAUS>30,000000</XAUS>
    <XFRA>30,000000</XFRA>
  </Prezzi>
  <Prezzi>
    <Data>20151226</Data>
    <Mercato>MGP</Mercato>
    <Ora>7</Ora>
    <PUN>32,379980</PUN>
    <NAT>35,000000</NAT>
    <CNOR>31,000000</CNOR>
    <CSUD>31,000000</CSUD>
    <NORD>31,000000</NORD>
    <SARD>31,000000</SARD>
    <SICI>52,200000</SICI>
    <SUD>31,000000</SUD>
    <AUST>31,000000</AUST>
    <BRNN>31,000000</BRNN>
    <COAC>31,000000</COAC>
    <CORS>31,000000</CORS>
    <FOGN>31,000000</FOGN>
    <FRAN>31,000000</FRAN>
    <GREC>31,000000</GREC>
    <MFTV>31,000000</MFTV>
    <PRGP>52,200000</PRGP>
    <ROSN>31,000000</ROSN>
    <SLOV>31,000000</SLOV>
    <SVIZ>31,000000</SVIZ>
    <BSP>31,000000</BSP>
    <MALT>52,200000</MALT>
    <XAUS>31,000000</XAUS>
    <XFRA>31,000000</XFRA>
  </Prezzi>
  <Prezzi>
    <Data>20151226</Data>
    <Mercato>MGP</Mercato>
    <Ora>8</Ora>
    <PUN>36,353730</PUN>
    <NAT>36,270000</NAT>
    <CNOR>35,190000</CNOR>
    <CSUD>35,190000</CSUD>
    <NORD>35,190000</NORD>
    <SARD>35,190000</SARD>
    <SICI>53,330000</SICI>
    <SUD>35,190000</SUD>
    <AUST>35,190000</AUST>
    <BRNN>35,190000</BRNN>
    <COAC>35,190000</COAC>
    <CORS>35,190000</CORS>
    <FOGN>35,190000</FOGN>
    <FRAN>35,190000</FRAN>
    <GREC>35,190000</GREC>
    <MFTV>35,190000</MFTV>
    <PRGP>53,330000</PRGP>
    <ROSN>35,190000</ROSN>
    <SLOV>35,190000</SLOV>
    <SVIZ>35,190000</SVIZ>
    <BSP>35,190000</BSP>
    <MALT>53,330000</MALT>
    <XAUS>35,190000</XAUS>
    <XFRA>35,190000</XFRA>
  </Prezzi>
  <Prezzi>
    <Data>20151226</Data>
    <Mercato>MGP</Mercato>
    <Ora>9</Ora>
    <PUN>36,025750</PUN>
    <NAT>36,270000</NAT>
    <CNOR>34,740000</CNOR>
    <CSUD>34,740000</CSUD>
    <NORD>34,740000</NORD>
    <SARD>34,740000</SARD>
    <SICI>53,330000</SICI>
    <SUD>34,740000</SUD>
    <AUST>34,740000</AUST>
    <BRNN>34,740000</BRNN>
    <COAC>34,740000</COAC>
    <CORS>34,740000</CORS>
    <FOGN>34,740000</FOGN>
    <FRAN>34,740000</FRAN>
    <GREC>34,740000</GREC>
    <MFTV>34,740000</MFTV>
    <PRGP>53,330000</PRGP>
    <ROSN>34,740000</ROSN>
    <SLOV>34,740000</SLOV>
    <SVIZ>34,740000</SVIZ>
    <BSP>34,740000</BSP>
    <MALT>53,330000</MALT>
    <XAUS>34,740000</XAUS>
    <XFRA>34,740000</XFRA>
  </Prezzi>
  <Prezzi>
    <Data>20151226</Data>
    <Mercato>MGP</Mercato>
    <Ora>10</Ora>
    <PUN>37,060110</PUN>
    <NAT>38,230000</NAT>
    <CNOR>35,830000</CNOR>
    <CSUD>35,830000</CSUD>
    <NORD>35,830000</NORD>
    <SARD>35,830000</SARD>
    <SICI>53,330000</SICI>
    <SUD>35,830000</SUD>
    <AUST>35,830000</AUST>
    <BRNN>35,830000</BRNN>
    <COAC>35,830000</COAC>
    <CORS>35,830000</CORS>
    <FOGN>35,830000</FOGN>
    <FRAN>35,830000</FRAN>
    <GREC>35,830000</GREC>
    <MFTV>35,830000</MFTV>
    <PRGP>53,330000</PRGP>
    <ROSN>35,830000</ROSN>
    <SLOV>35,830000</SLOV>
    <SVIZ>35,830000</SVIZ>
    <BSP>35,830000</BSP>
    <MALT>53,330000</MALT>
    <XAUS>35,830000</XAUS>
    <XFRA>35,830000</XFRA>
  </Prezzi>
  <Prezzi>
    <Data>20151226</Data>
    <Mercato>MGP</Mercato>
    <Ora>11</Ora>
    <PUN>39,585760</PUN>
    <NAT>39,560000</NAT>
    <CNOR>38,520000</CNOR>
    <CSUD>38,520000</CSUD>
    <NORD>38,520000</NORD>
    <SARD>38,520000</SARD>
    <SICI>53,330000</SICI>
    <SUD>38,520000</SUD>
    <AUST>38,520000</AUST>
    <BRNN>38,520000</BRNN>
    <COAC>38,520000</COAC>
    <CORS>38,520000</CORS>
    <FOGN>38,520000</FOGN>
    <FRAN>38,520000</FRAN>
    <GREC>38,520000</GREC>
    <MFTV>38,520000</MFTV>
    <PRGP>53,330000</PRGP>
    <ROSN>38,520000</ROSN>
    <SLOV>38,520000</SLOV>
    <SVIZ>38,520000</SVIZ>
    <BSP>38,520000</BSP>
    <MALT>53,330000</MALT>
    <XAUS>38,520000</XAUS>
    <XFRA>38,520000</XFRA>
  </Prezzi>
  <Prezzi>
    <Data>20151226</Data>
    <Mercato>MGP</Mercato>
    <Ora>12</Ora>
    <PUN>39,334020</PUN>
    <NAT>39,560000</NAT>
    <CNOR>38,250000</CNOR>
    <CSUD>38,250000</CSUD>
    <NORD>38,250000</NORD>
    <SARD>38,250000</SARD>
    <SICI>53,330000</SICI>
    <SUD>38,250000</SUD>
    <AUST>38,250000</AUST>
    <BRNN>38,250000</BRNN>
    <COAC>38,250000</COAC>
    <CORS>38,250000</CORS>
    <FOGN>38,250000</FOGN>
    <FRAN>38,250000</FRAN>
    <GREC>38,250000</GREC>
    <MFTV>38,250000</MFTV>
    <PRGP>53,330000</PRGP>
    <ROSN>38,250000</ROSN>
    <SLOV>38,250000</SLOV>
    <SVIZ>38,250000</SVIZ>
    <BSP>38,250000</BSP>
    <MALT>53,330000</MALT>
    <XAUS>38,250000</XAUS>
    <XFRA>38,250000</XFRA>
  </Prezzi>
  <Prezzi>
    <Data>20151226</Data>
    <Mercato>MGP</Mercato>
    <Ora>13</Ora>
    <PUN>38,495320</PUN>
    <NAT>38,560000</NAT>
    <CNOR>37,330000</CNOR>
    <CSUD>37,330000</CSUD>
    <NORD>37,330000</NORD>
    <SARD>37,330000</SARD>
    <SICI>53,330000</SICI>
    <SUD>37,330000</SUD>
    <AUST>37,330000</AUST>
    <BRNN>37,330000</BRNN>
    <COAC>37,330000</COAC>
    <CORS>37,330000</CORS>
    <FOGN>37,330000</FOGN>
    <FRAN>37,330000</FRAN>
    <GREC>37,330000</GREC>
    <MFTV>37,330000</MFTV>
    <PRGP>53,330000</PRGP>
    <ROSN>37,330000</ROSN>
    <SLOV>37,330000</SLOV>
    <SVIZ>37,330000</SVIZ>
    <BSP>37,330000</BSP>
    <MALT>53,330000</MALT>
    <XAUS>37,330000</XAUS>
    <XFRA>37,330000</XFRA>
  </Prezzi>
  <Prezzi>
    <Data>20151226</Data>
    <Mercato>MGP</Mercato>
    <Ora>14</Ora>
    <PUN>36,707890</PUN>
    <NAT>37,770000</NAT>
    <CNOR>35,410000</CNOR>
    <CSUD>35,410000</CSUD>
    <NORD>35,410000</NORD>
    <SARD>35,410000</SARD>
    <SICI>53,330000</SICI>
    <SUD>35,410000</SUD>
    <AUST>35,410000</AUST>
    <BRNN>35,410000</BRNN>
    <COAC>35,410000</COAC>
    <CORS>35,410000</CORS>
    <FOGN>35,410000</FOGN>
    <FRAN>35,410000</FRAN>
    <GREC>35,410000</GREC>
    <MFTV>35,410000</MFTV>
    <PRGP>53,330000</PRGP>
    <ROSN>35,410000</ROSN>
    <SLOV>35,410000</SLOV>
    <SVIZ>35,410000</SVIZ>
    <BSP>35,410000</BSP>
    <MALT>53,330000</MALT>
    <XAUS>35,410000</XAUS>
    <XFRA>35,410000</XFRA>
  </Prezzi>
  <Prezzi>
    <Data>20151226</Data>
    <Mercato>MGP</Mercato>
    <Ora>15</Ora>
    <PUN>37,454770</PUN>
    <NAT>38,370000</NAT>
    <CNOR>36,270000</CNOR>
    <CSUD>36,270000</CSUD>
    <NORD>36,270000</NORD>
    <SARD>36,270000</SARD>
    <SICI>53,330000</SICI>
    <SUD>36,270000</SUD>
    <AUST>36,270000</AUST>
    <BRNN>36,270000</BRNN>
    <COAC>36,270000</COAC>
    <CORS>36,270000</CORS>
    <FOGN>36,270000</FOGN>
    <FRAN>36,270000</FRAN>
    <GREC>36,270000</GREC>
    <MFTV>36,270000</MFTV>
    <PRGP>53,330000</PRGP>
    <ROSN>36,270000</ROSN>
    <SLOV>36,270000</SLOV>
    <SVIZ>36,270000</SVIZ>
    <BSP>36,270000</BSP>
    <MALT>53,330000</MALT>
    <XAUS>36,270000</XAUS>
    <XFRA>36,270000</XFRA>
  </Prezzi>
  <Prezzi>
    <Data>20151226</Data>
    <Mercato>MGP</Mercato>
    <Ora>16</Ora>
    <PUN>40,690380</PUN>
    <NAT>40,580000</NAT>
    <CNOR>39,640000</CNOR>
    <CSUD>39,640000</CSUD>
    <NORD>39,640000</NORD>
    <SARD>39,640000</SARD>
    <SICI>54,750000</SICI>
    <SUD>39,640000</SUD>
    <AUST>39,640000</AUST>
    <BRNN>39,640000</BRNN>
    <COAC>39,640000</COAC>
    <CORS>39,640000</CORS>
    <FOGN>39,640000</FOGN>
    <FRAN>39,640000</FRAN>
    <GREC>39,640000</GREC>
    <MFTV>39,640000</MFTV>
    <PRGP>54,750000</PRGP>
    <ROSN>39,640000</ROSN>
    <SLOV>39,640000</SLOV>
    <SVIZ>39,640000</SVIZ>
    <BSP>39,640000</BSP>
    <MALT>54,750000</MALT>
    <XAUS>39,640000</XAUS>
    <XFRA>39,640000</XFRA>
  </Prezzi>
  <Prezzi>
    <Data>20151226</Data>
    <Mercato>MGP</Mercato>
    <Ora>17</Ora>
    <PUN>44,363700</PUN>
    <NAT>52,200000</NAT>
    <CNOR>43,360000</CNOR>
    <CSUD>43,360000</CSUD>
    <NORD>43,360000</NORD>
    <SARD>43,360000</SARD>
    <SICI>58,000000</SICI>
    <SUD>43,360000</SUD>
    <AUST>43,360000</AUST>
    <BRNN>43,360000</BRNN>
    <COAC>43,360000</COAC>
    <CORS>43,360000</CORS>
    <FOGN>43,360000</FOGN>
    <FRAN>43,360000</FRAN>
    <GREC>43,360000</GREC>
    <MFTV>43,360000</MFTV>
    <PRGP>58,000000</PRGP>
    <ROSN>43,360000</ROSN>
    <SLOV>43,360000</SLOV>
    <SVIZ>43,360000</SVIZ>
    <BSP>43,360000</BSP>
    <MALT>58,000000</MALT>
    <XAUS>43,360000</XAUS>
    <XFRA>43,360000</XFRA>
  </Prezzi>
  <Prezzi>
    <Data>20151226</Data>
    <Mercato>MGP</Mercato>
    <Ora>18</Ora>
    <PUN>56,212100</PUN>
    <NAT>58,070000</NAT>
    <CNOR>56,000000</CNOR>
    <CSUD>56,000000</CSUD>
    <NORD>56,000000</NORD>
    <SARD>56,000000</SARD>
    <SICI>58,940000</SICI>
    <SUD>56,000000</SUD>
    <AUST>56,000000</AUST>
    <BRNN>56,000000</BRNN>
    <COAC>56,000000</COAC>
    <CORS>56,000000</CORS>
    <FOGN>56,000000</FOGN>
    <FRAN>56,000000</FRAN>
    <GREC>56,000000</GREC>
    <MFTV>56,000000</MFTV>
    <PRGP>58,940000</PRGP>
    <ROSN>56,000000</ROSN>
    <SLOV>56,000000</SLOV>
    <SVIZ>56,000000</SVIZ>
    <BSP>56,000000</BSP>
    <MALT>58,940000</MALT>
    <XAUS>56,000000</XAUS>
    <XFRA>56,000000</XFRA>
  </Prezzi>
  <Prezzi>
    <Data>20151226</Data>
    <Mercato>MGP</Mercato>
    <Ora>19</Ora>
    <PUN>50,636190</PUN>
    <NAT>56,000000</NAT>
    <CNOR>50,000000</CNOR>
    <CSUD>50,000000</CSUD>
    <NORD>50,000000</NORD>
    <SARD>50,000000</SARD>
    <SICI>58,940000</SICI>
    <SUD>50,000000</SUD>
    <AUST>50,000000</AUST>
    <BRNN>50,000000</BRNN>
    <COAC>50,000000</COAC>
    <CORS>50,000000</CORS>
    <FOGN>50,000000</FOGN>
    <FRAN>50,000000</FRAN>
    <GREC>50,000000</GREC>
    <MFTV>50,000000</MFTV>
    <PRGP>58,940000</PRGP>
    <ROSN>50,000000</ROSN>
    <SLOV>50,000000</SLOV>
    <SVIZ>50,000000</SVIZ>
    <BSP>50,000000</BSP>
    <MALT>58,940000</MALT>
    <XAUS>50,000000</XAUS>
    <XFRA>50,000000</XFRA>
  </Prezzi>
  <Prezzi>
    <Data>20151226</Data>
    <Mercato>MGP</Mercato>
    <Ora>20</Ora>
    <PUN>48,421800</PUN>
    <NAT>53,330000</NAT>
    <CNOR>47,600000</CNOR>
    <CSUD>47,600000</CSUD>
    <NORD>47,600000</NORD>
    <SARD>47,600000</SARD>
    <SICI>58,940000</SICI>
    <SUD>47,600000</SUD>
    <AUST>47,600000</AUST>
    <BRNN>47,600000</BRNN>
    <COAC>47,600000</COAC>
    <CORS>47,600000</CORS>
    <FOGN>47,600000</FOGN>
    <FRAN>47,600000</FRAN>
    <GREC>47,600000</GREC>
    <MFTV>47,600000</MFTV>
    <PRGP>58,940000</PRGP>
    <ROSN>47,600000</ROSN>
    <SLOV>47,600000</SLOV>
    <SVIZ>47,600000</SVIZ>
    <BSP>47,600000</BSP>
    <MALT>58,940000</MALT>
    <XAUS>47,600000</XAUS>
    <XFRA>47,600000</XFRA>
  </Prezzi>
  <Prezzi>
    <Data>20151226</Data>
    <Mercato>MGP</Mercato>
    <Ora>21</Ora>
    <PUN>47,159400</PUN>
    <NAT>52,480000</NAT>
    <CNOR>46,230000</CNOR>
    <CSUD>46,230000</CSUD>
    <NORD>46,230000</NORD>
    <SARD>46,230000</SARD>
    <SICI>58,940000</SICI>
    <SUD>46,230000</SUD>
    <AUST>46,230000</AUST>
    <BRNN>46,230000</BRNN>
    <COAC>46,230000</COAC>
    <CORS>46,230000</CORS>
    <FOGN>46,230000</FOGN>
    <FRAN>46,230000</FRAN>
    <GREC>46,230000</GREC>
    <MFTV>46,230000</MFTV>
    <PRGP>58,940000</PRGP>
    <ROSN>46,230000</ROSN>
    <SLOV>46,230000</SLOV>
    <SVIZ>46,230000</SVIZ>
    <BSP>46,230000</BSP>
    <MALT>58,940000</MALT>
    <XAUS>46,230000</XAUS>
    <XFRA>46,230000</XFRA>
  </Prezzi>
  <Prezzi>
    <Data>20151226</Data>
    <Mercato>MGP</Mercato>
    <Ora>22</Ora>
    <PUN>44,438950</PUN>
    <NAT>49,000000</NAT>
    <CNOR>43,300000</CNOR>
    <CSUD>43,300000</CSUD>
    <NORD>43,300000</NORD>
    <SARD>43,300000</SARD>
    <SICI>58,710000</SICI>
    <SUD>43,300000</SUD>
    <AUST>43,300000</AUST>
    <BRNN>43,300000</BRNN>
    <COAC>43,300000</COAC>
    <CORS>43,300000</CORS>
    <FOGN>43,300000</FOGN>
    <FRAN>43,300000</FRAN>
    <GREC>43,300000</GREC>
    <MFTV>43,300000</MFTV>
    <PRGP>58,710000</PRGP>
    <ROSN>43,300000</ROSN>
    <SLOV>43,300000</SLOV>
    <SVIZ>43,300000</SVIZ>
    <BSP>43,300000</BSP>
    <MALT>58,710000</MALT>
    <XAUS>43,300000</XAUS>
    <XFRA>43,300000</XFRA>
  </Prezzi>
  <Prezzi>
    <Data>20151226</Data>
    <Mercato>MGP</Mercato>
    <Ora>23</Ora>
    <PUN>42,790130</PUN>
    <NAT>43,400000</NAT>
    <CNOR>41,530000</CNOR>
    <CSUD>41,530000</CSUD>
    <NORD>41,530000</NORD>
    <SARD>41,530000</SARD>
    <SICI>58,710000</SICI>
    <SUD>41,530000</SUD>
    <AUST>41,530000</AUST>
    <BRNN>41,530000</BRNN>
    <COAC>41,530000</COAC>
    <CORS>41,530000</CORS>
    <FOGN>41,530000</FOGN>
    <FRAN>41,530000</FRAN>
    <GREC>41,530000</GREC>
    <MFTV>41,530000</MFTV>
    <PRGP>58,710000</PRGP>
    <ROSN>41,530000</ROSN>
    <SLOV>41,530000</SLOV>
    <SVIZ>41,530000</SVIZ>
    <BSP>41,530000</BSP>
    <MALT>58,710000</MALT>
    <XAUS>41,530000</XAUS>
    <XFRA>41,530000</XFRA>
  </Prezzi>
  <Prezzi>
    <Data>20151226</Data>
    <Mercato>MGP</Mercato>
    <Ora>24</Ora>
    <PUN>40,664730</PUN>
    <NAT>40,060000</NAT>
    <CNOR>39,560000</CNOR>
    <CSUD>39,560000</CSUD>
    <NORD>39,560000</NORD>
    <SARD>39,560000</SARD>
    <SICI>54,750000</SICI>
    <SUD>39,560000</SUD>
    <AUST>39,560000</AUST>
    <BRNN>39,560000</BRNN>
    <COAC>39,560000</COAC>
    <CORS>39,560000</CORS>
    <FOGN>39,560000</FOGN>
    <FRAN>39,560000</FRAN>
    <GREC>39,560000</GREC>
    <MFTV>39,560000</MFTV>
    <PRGP>54,750000</PRGP>
    <ROSN>39,560000</ROSN>
    <SLOV>39,560000</SLOV>
    <SVIZ>39,560000</SVIZ>
    <BSP>39,560000</BSP>
    <MALT>54,750000</MALT>
    <XAUS>39,560000</XAUS>
    <XFRA>39,560000</XFRA>
  </Prezzi>
</NewDataSet>