<?xml version="1.0" standalone="yes"?>
<NewDataSet>
  <xs:schema id="NewDataSet" xmlns="" xmlns:xs="http://www.w3.org/2001/XMLSchema" xmlns:msdata="urn:schemas-microsoft-com:xml-msdata">
    <xs:element name="NewDataSet" msdata:IsDataSet="true" msdata:UseCurrentLocale="true">
      <xs:complexType>
        <xs:choice minOccurs="0" maxOccurs="unbounded">
          <xs:element name="Prezzi">
            <xs:complexType>
              <xs:sequence>
                <xs:element name="Data" type="xs:string" minOccurs="0" />
                <xs:element name="Mercato" type="xs:string" minOccurs="0" />
                <xs:element name="Ora" type="xs:string" minOccurs="0" />
                <xs:element name="PUN" type="xs:string" minOccurs="0" />
                <xs:element name="NAT" type="xs:string" minOccurs="0" />
                <xs:element name="CNOR" type="xs:string" minOccurs="0" />
                <xs:element name="CSUD" type="xs:string" minOccurs="0" />
                <xs:element name="NORD" type="xs:string" minOccurs="0" />
                <xs:element name="SARD" type="xs:string" minOccurs="0" />
                <xs:element name="SICI" type="xs:string" minOccurs="0" />
                <xs:element name="SUD" type="xs:string" minOccurs="0" />
                <xs:element name="AUST" type="xs:string" minOccurs="0" />
                <xs:element name="BRNN" type="xs:string" minOccurs="0" />
                <xs:element name="COAC" type="xs:string" minOccurs="0" />
                <xs:element name="CORS" type="xs:string" minOccurs="0" />
                <xs:element name="FOGN" type="xs:string" minOccurs="0" />
                <xs:element name="FRAN" type="xs:string" minOccurs="0" />
                <xs:element name="GREC" type="xs:string" minOccurs="0" />
                <xs:element name="MFTV" type="xs:string" minOccurs="0" />
                <xs:element name="PRGP" type="xs:string" minOccurs="0" />
                <xs:element name="ROSN" type="xs:string" minOccurs="0" />
                <xs:element name="SLOV" type="xs:string" minOccurs="0" />
                <xs:element name="SVIZ" type="xs:string" minOccurs="0" />
                <xs:element name="BSP" type="xs:string" minOccurs="0" />
                <xs:element name="MALT" type="xs:string" minOccurs="0" />
                <xs:element name="XAUS" type="xs:string" minOccurs="0" />
                <xs:element name="XFRA" type="xs:string" minOccurs="0" />
              </xs:sequence>
            </xs:complexType>
          </xs:element>
        </xs:choice>
      </xs:complexType>
    </xs:element>
  </xs:schema>
  <Prezzi>
    <Data>20160316</Data>
    <Mercato>MGP</Mercato>
    <Ora>1</Ora>
    <PUN>32,767790</PUN>
    <NAT>33,170000</NAT>
    <CNOR>31,300000</CNOR>
    <CSUD>31,600000</CSUD>
    <NORD>31,300000</NORD>
    <SARD>31,600000</SARD>
    <SICI>53,760000</SICI>
    <SUD>31,600000</SUD>
    <AUST>31,300000</AUST>
    <BRNN>31,600000</BRNN>
    <COAC>31,600000</COAC>
    <CORS>31,600000</CORS>
    <FOGN>31,600000</FOGN>
    <FRAN>31,300000</FRAN>
    <GREC>31,600000</GREC>
    <MFTV>31,300000</MFTV>
    <PRGP>53,760000</PRGP>
    <ROSN>31,600000</ROSN>
    <SLOV>31,300000</SLOV>
    <SVIZ>31,300000</SVIZ>
    <BSP>31,300000</BSP>
    <MALT>53,760000</MALT>
    <XAUS>31,300000</XAUS>
    <XFRA>31,300000</XFRA>
  </Prezzi>
  <Prezzi>
    <Data>20160316</Data>
    <Mercato>MGP</Mercato>
    <Ora>2</Ora>
    <PUN>31,601420</PUN>
    <NAT>30,720000</NAT>
    <CNOR>30,200000</CNOR>
    <CSUD>30,200000</CSUD>
    <NORD>30,200000</NORD>
    <SARD>30,200000</SARD>
    <SICI>53,760000</SICI>
    <SUD>30,200000</SUD>
    <AUST>30,200000</AUST>
    <BRNN>30,200000</BRNN>
    <COAC>30,200000</COAC>
    <CORS>30,200000</CORS>
    <FOGN>30,200000</FOGN>
    <FRAN>30,200000</FRAN>
    <GREC>30,200000</GREC>
    <MFTV>30,200000</MFTV>
    <PRGP>53,760000</PRGP>
    <ROSN>30,200000</ROSN>
    <SLOV>30,200000</SLOV>
    <SVIZ>30,200000</SVIZ>
    <BSP>30,200000</BSP>
    <MALT>53,760000</MALT>
    <XAUS>30,200000</XAUS>
    <XFRA>30,200000</XFRA>
  </Prezzi>
  <Prezzi>
    <Data>20160316</Data>
    <Mercato>MGP</Mercato>
    <Ora>3</Ora>
    <PUN>30,133010</PUN>
    <NAT>29,500000</NAT>
    <CNOR>28,780000</CNOR>
    <CSUD>28,780000</CSUD>
    <NORD>28,780000</NORD>
    <SARD>28,780000</SARD>
    <SICI>53,630000</SICI>
    <SUD>28,780000</SUD>
    <AUST>28,780000</AUST>
    <BRNN>28,780000</BRNN>
    <COAC>28,780000</COAC>
    <CORS>28,780000</CORS>
    <FOGN>28,780000</FOGN>
    <FRAN>28,780000</FRAN>
    <GREC>28,780000</GREC>
    <MFTV>28,780000</MFTV>
    <PRGP>53,630000</PRGP>
    <ROSN>28,780000</ROSN>
    <SLOV>28,780000</SLOV>
    <SVIZ>28,780000</SVIZ>
    <BSP>28,780000</BSP>
    <MALT>53,630000</MALT>
    <XAUS>28,780000</XAUS>
    <XFRA>28,780000</XFRA>
  </Prezzi>
  <Prezzi>
    <Data>20160316</Data>
    <Mercato>MGP</Mercato>
    <Ora>4</Ora>
    <PUN>30,195010</PUN>
    <NAT>29,400000</NAT>
    <CNOR>28,780000</CNOR>
    <CSUD>28,780000</CSUD>
    <NORD>28,780000</NORD>
    <SARD>28,780000</SARD>
    <SICI>53,760000</SICI>
    <SUD>28,780000</SUD>
    <AUST>28,780000</AUST>
    <BRNN>28,780000</BRNN>
    <COAC>28,780000</COAC>
    <CORS>28,780000</CORS>
    <FOGN>28,780000</FOGN>
    <FRAN>28,780000</FRAN>
    <GREC>28,780000</GREC>
    <MFTV>28,780000</MFTV>
    <PRGP>53,760000</PRGP>
    <ROSN>28,780000</ROSN>
    <SLOV>28,780000</SLOV>
    <SVIZ>28,780000</SVIZ>
    <BSP>28,780000</BSP>
    <MALT>53,760000</MALT>
    <XAUS>28,780000</XAUS>
    <XFRA>28,780000</XFRA>
  </Prezzi>
  <Prezzi>
    <Data>20160316</Data>
    <Mercato>MGP</Mercato>
    <Ora>5</Ora>
    <PUN>30,105740</PUN>
    <NAT>29,300000</NAT>
    <CNOR>28,800000</CNOR>
    <CSUD>28,800000</CSUD>
    <NORD>28,800000</NORD>
    <SARD>28,800000</SARD>
    <SICI>53,630000</SICI>
    <SUD>28,800000</SUD>
    <AUST>28,800000</AUST>
    <BRNN>28,800000</BRNN>
    <COAC>28,800000</COAC>
    <CORS>28,800000</CORS>
    <FOGN>28,800000</FOGN>
    <FRAN>28,800000</FRAN>
    <GREC>28,800000</GREC>
    <MFTV>28,800000</MFTV>
    <PRGP>53,630000</PRGP>
    <ROSN>28,800000</ROSN>
    <SLOV>28,800000</SLOV>
    <SVIZ>28,800000</SVIZ>
    <BSP>28,800000</BSP>
    <MALT>53,630000</MALT>
    <XAUS>28,800000</XAUS>
    <XFRA>28,800000</XFRA>
  </Prezzi>
  <Prezzi>
    <Data>20160316</Data>
    <Mercato>MGP</Mercato>
    <Ora>6</Ora>
    <PUN>33,238470</PUN>
    <NAT>32,690000</NAT>
    <CNOR>32,140000</CNOR>
    <CSUD>32,140000</CSUD>
    <NORD>32,140000</NORD>
    <SARD>32,140000</SARD>
    <SICI>53,760000</SICI>
    <SUD>32,140000</SUD>
    <AUST>32,140000</AUST>
    <BRNN>32,140000</BRNN>
    <COAC>32,140000</COAC>
    <CORS>32,140000</CORS>
    <FOGN>32,140000</FOGN>
    <FRAN>32,140000</FRAN>
    <GREC>32,140000</GREC>
    <MFTV>32,140000</MFTV>
    <PRGP>53,760000</PRGP>
    <ROSN>32,140000</ROSN>
    <SLOV>32,140000</SLOV>
    <SVIZ>32,140000</SVIZ>
    <BSP>32,140000</BSP>
    <MALT>53,760000</MALT>
    <XAUS>32,140000</XAUS>
    <XFRA>32,140000</XFRA>
  </Prezzi>
  <Prezzi>
    <Data>20160316</Data>
    <Mercato>MGP</Mercato>
    <Ora>7</Ora>
    <PUN>38,217600</PUN>
    <NAT>38,000000</NAT>
    <CNOR>37,420000</CNOR>
    <CSUD>37,420000</CSUD>
    <NORD>37,420000</NORD>
    <SARD>37,420000</SARD>
    <SICI>53,630000</SICI>
    <SUD>37,420000</SUD>
    <AUST>37,420000</AUST>
    <BRNN>37,420000</BRNN>
    <COAC>37,420000</COAC>
    <CORS>37,420000</CORS>
    <FOGN>37,420000</FOGN>
    <FRAN>37,420000</FRAN>
    <GREC>37,420000</GREC>
    <MFTV>37,420000</MFTV>
    <PRGP>53,630000</PRGP>
    <ROSN>37,420000</ROSN>
    <SLOV>37,420000</SLOV>
    <SVIZ>37,420000</SVIZ>
    <BSP>37,420000</BSP>
    <MALT>53,630000</MALT>
    <XAUS>37,420000</XAUS>
    <XFRA>37,420000</XFRA>
  </Prezzi>
  <Prezzi>
    <Data>20160316</Data>
    <Mercato>MGP</Mercato>
    <Ora>8</Ora>
    <PUN>40,279510</PUN>
    <NAT>41,720000</NAT>
    <CNOR>39,580000</CNOR>
    <CSUD>39,580000</CSUD>
    <NORD>39,580000</NORD>
    <SARD>39,580000</SARD>
    <SICI>53,760000</SICI>
    <SUD>39,580000</SUD>
    <AUST>39,580000</AUST>
    <BRNN>39,580000</BRNN>
    <COAC>39,580000</COAC>
    <CORS>39,580000</CORS>
    <FOGN>39,580000</FOGN>
    <FRAN>39,580000</FRAN>
    <GREC>39,580000</GREC>
    <MFTV>39,580000</MFTV>
    <PRGP>53,760000</PRGP>
    <ROSN>39,580000</ROSN>
    <SLOV>39,580000</SLOV>
    <SVIZ>39,580000</SVIZ>
    <BSP>39,580000</BSP>
    <MALT>53,760000</MALT>
    <XAUS>39,580000</XAUS>
    <XFRA>39,580000</XFRA>
  </Prezzi>
  <Prezzi>
    <Data>20160316</Data>
    <Mercato>MGP</Mercato>
    <Ora>9</Ora>
    <PUN>49,377990</PUN>
    <NAT>46,550000</NAT>
    <CNOR>49,540000</CNOR>
    <CSUD>49,540000</CSUD>
    <NORD>49,540000</NORD>
    <SARD>49,540000</SARD>
    <SICI>53,760000</SICI>
    <SUD>45,390000</SUD>
    <AUST>49,540000</AUST>
    <BRNN>45,390000</BRNN>
    <COAC>49,540000</COAC>
    <CORS>49,540000</CORS>
    <FOGN>45,390000</FOGN>
    <FRAN>49,540000</FRAN>
    <GREC>45,390000</GREC>
    <MFTV>49,540000</MFTV>
    <PRGP>53,760000</PRGP>
    <ROSN>0,000000</ROSN>
    <SLOV>49,540000</SLOV>
    <SVIZ>49,540000</SVIZ>
    <BSP>49,540000</BSP>
    <MALT>53,760000</MALT>
    <XAUS>49,540000</XAUS>
    <XFRA>49,540000</XFRA>
  </Prezzi>
  <Prezzi>
    <Data>20160316</Data>
    <Mercato>MGP</Mercato>
    <Ora>10</Ora>
    <PUN>57,465450</PUN>
    <NAT>49,550000</NAT>
    <CNOR>59,000000</CNOR>
    <CSUD>59,000000</CSUD>
    <NORD>59,000000</NORD>
    <SARD>59,000000</SARD>
    <SICI>53,630000</SICI>
    <SUD>43,970000</SUD>
    <AUST>59,000000</AUST>
    <BRNN>43,970000</BRNN>
    <COAC>59,000000</COAC>
    <CORS>59,000000</CORS>
    <FOGN>43,970000</FOGN>
    <FRAN>59,000000</FRAN>
    <GREC>43,970000</GREC>
    <MFTV>59,000000</MFTV>
    <PRGP>53,630000</PRGP>
    <ROSN>0,000000</ROSN>
    <SLOV>59,000000</SLOV>
    <SVIZ>59,000000</SVIZ>
    <BSP>59,000000</BSP>
    <MALT>53,630000</MALT>
    <XAUS>59,000000</XAUS>
    <XFRA>59,000000</XFRA>
  </Prezzi>
  <Prezzi>
    <Data>20160316</Data>
    <Mercato>MGP</Mercato>
    <Ora>11</Ora>
    <PUN>47,391170</PUN>
    <NAT>44,400000</NAT>
    <CNOR>47,590000</CNOR>
    <CSUD>47,590000</CSUD>
    <NORD>47,590000</NORD>
    <SARD>47,590000</SARD>
    <SICI>53,630000</SICI>
    <SUD>42,000000</SUD>
    <AUST>47,590000</AUST>
    <BRNN>42,000000</BRNN>
    <COAC>47,590000</COAC>
    <CORS>47,590000</CORS>
    <FOGN>42,000000</FOGN>
    <FRAN>47,590000</FRAN>
    <GREC>42,000000</GREC>
    <MFTV>47,590000</MFTV>
    <PRGP>53,630000</PRGP>
    <ROSN>0,000000</ROSN>
    <SLOV>47,590000</SLOV>
    <SVIZ>47,590000</SVIZ>
    <BSP>47,590000</BSP>
    <MALT>53,630000</MALT>
    <XAUS>47,590000</XAUS>
    <XFRA>47,590000</XFRA>
  </Prezzi>
  <Prezzi>
    <Data>20160316</Data>
    <Mercato>MGP</Mercato>
    <Ora>12</Ora>
    <PUN>52,430770</PUN>
    <NAT>45,000000</NAT>
    <CNOR>53,380000</CNOR>
    <CSUD>53,380000</CSUD>
    <NORD>53,380000</NORD>
    <SARD>53,380000</SARD>
    <SICI>53,630000</SICI>
    <SUD>42,000000</SUD>
    <AUST>53,380000</AUST>
    <BRNN>42,000000</BRNN>
    <COAC>53,380000</COAC>
    <CORS>53,380000</CORS>
    <FOGN>42,000000</FOGN>
    <FRAN>53,380000</FRAN>
    <GREC>42,000000</GREC>
    <MFTV>53,380000</MFTV>
    <PRGP>53,630000</PRGP>
    <ROSN>0,000000</ROSN>
    <SLOV>53,380000</SLOV>
    <SVIZ>53,380000</SVIZ>
    <BSP>53,380000</BSP>
    <MALT>53,630000</MALT>
    <XAUS>53,380000</XAUS>
    <XFRA>53,380000</XFRA>
  </Prezzi>
  <Prezzi>
    <Data>20160316</Data>
    <Mercato>MGP</Mercato>
    <Ora>13</Ora>
    <PUN>38,775360</PUN>
    <NAT>37,260000</NAT>
    <CNOR>38,030000</CNOR>
    <CSUD>38,030000</CSUD>
    <NORD>38,030000</NORD>
    <SARD>38,030000</SARD>
    <SICI>53,630000</SICI>
    <SUD>38,030000</SUD>
    <AUST>38,030000</AUST>
    <BRNN>38,030000</BRNN>
    <COAC>38,030000</COAC>
    <CORS>38,030000</CORS>
    <FOGN>38,030000</FOGN>
    <FRAN>38,030000</FRAN>
    <GREC>38,030000</GREC>
    <MFTV>38,030000</MFTV>
    <PRGP>53,630000</PRGP>
    <ROSN>0,000000</ROSN>
    <SLOV>38,030000</SLOV>
    <SVIZ>38,030000</SVIZ>
    <BSP>38,030000</BSP>
    <MALT>53,630000</MALT>
    <XAUS>38,030000</XAUS>
    <XFRA>38,030000</XFRA>
  </Prezzi>
  <Prezzi>
    <Data>20160316</Data>
    <Mercato>MGP</Mercato>
    <Ora>14</Ora>
    <PUN>38,211650</PUN>
    <NAT>36,900000</NAT>
    <CNOR>36,490000</CNOR>
    <CSUD>36,490000</CSUD>
    <NORD>38,000000</NORD>
    <SARD>36,490000</SARD>
    <SICI>53,630000</SICI>
    <SUD>36,490000</SUD>
    <AUST>38,000000</AUST>
    <BRNN>36,490000</BRNN>
    <COAC>36,490000</COAC>
    <CORS>36,490000</CORS>
    <FOGN>36,490000</FOGN>
    <FRAN>38,000000</FRAN>
    <GREC>36,490000</GREC>
    <MFTV>38,000000</MFTV>
    <PRGP>53,630000</PRGP>
    <ROSN>0,000000</ROSN>
    <SLOV>38,000000</SLOV>
    <SVIZ>38,000000</SVIZ>
    <BSP>38,000000</BSP>
    <MALT>53,630000</MALT>
    <XAUS>38,000000</XAUS>
    <XFRA>38,000000</XFRA>
  </Prezzi>
  <Prezzi>
    <Data>20160316</Data>
    <Mercato>MGP</Mercato>
    <Ora>15</Ora>
    <PUN>43,205920</PUN>
    <NAT>39,590000</NAT>
    <CNOR>42,000000</CNOR>
    <CSUD>42,000000</CSUD>
    <NORD>43,100000</NORD>
    <SARD>42,000000</SARD>
    <SICI>53,630000</SICI>
    <SUD>42,000000</SUD>
    <AUST>43,100000</AUST>
    <BRNN>42,000000</BRNN>
    <COAC>42,000000</COAC>
    <CORS>42,000000</CORS>
    <FOGN>42,000000</FOGN>
    <FRAN>43,100000</FRAN>
    <GREC>42,000000</GREC>
    <MFTV>43,100000</MFTV>
    <PRGP>53,630000</PRGP>
    <ROSN>0,000000</ROSN>
    <SLOV>43,100000</SLOV>
    <SVIZ>43,100000</SVIZ>
    <BSP>43,100000</BSP>
    <MALT>53,630000</MALT>
    <XAUS>43,100000</XAUS>
    <XFRA>43,100000</XFRA>
  </Prezzi>
  <Prezzi>
    <Data>20160316</Data>
    <Mercato>MGP</Mercato>
    <Ora>16</Ora>
    <PUN>45,029590</PUN>
    <NAT>42,000000</NAT>
    <CNOR>44,880000</CNOR>
    <CSUD>44,880000</CSUD>
    <NORD>44,880000</NORD>
    <SARD>44,880000</SARD>
    <SICI>53,630000</SICI>
    <SUD>42,000000</SUD>
    <AUST>44,880000</AUST>
    <BRNN>42,000000</BRNN>
    <COAC>44,880000</COAC>
    <CORS>44,880000</CORS>
    <FOGN>42,000000</FOGN>
    <FRAN>44,880000</FRAN>
    <GREC>42,000000</GREC>
    <MFTV>44,880000</MFTV>
    <PRGP>53,630000</PRGP>
    <ROSN>0,000000</ROSN>
    <SLOV>44,880000</SLOV>
    <SVIZ>44,880000</SVIZ>
    <BSP>44,880000</BSP>
    <MALT>53,630000</MALT>
    <XAUS>44,880000</XAUS>
    <XFRA>44,880000</XFRA>
  </Prezzi>
  <Prezzi>
    <Data>20160316</Data>
    <Mercato>MGP</Mercato>
    <Ora>17</Ora>
    <PUN>44,705890</PUN>
    <NAT>45,000000</NAT>
    <CNOR>45,000000</CNOR>
    <CSUD>45,000000</CSUD>
    <NORD>45,000000</NORD>
    <SARD>45,000000</SARD>
    <SICI>53,630000</SICI>
    <SUD>37,260000</SUD>
    <AUST>45,000000</AUST>
    <BRNN>37,260000</BRNN>
    <COAC>45,000000</COAC>
    <CORS>45,000000</CORS>
    <FOGN>37,260000</FOGN>
    <FRAN>45,000000</FRAN>
    <GREC>37,260000</GREC>
    <MFTV>45,000000</MFTV>
    <PRGP>53,630000</PRGP>
    <ROSN>37,260000</ROSN>
    <SLOV>45,000000</SLOV>
    <SVIZ>45,000000</SVIZ>
    <BSP>45,000000</BSP>
    <MALT>53,630000</MALT>
    <XAUS>45,000000</XAUS>
    <XFRA>45,000000</XFRA>
  </Prezzi>
  <Prezzi>
    <Data>20160316</Data>
    <Mercato>MGP</Mercato>
    <Ora>18</Ora>
    <PUN>44,001680</PUN>
    <NAT>44,500000</NAT>
    <CNOR>44,000000</CNOR>
    <CSUD>44,000000</CSUD>
    <NORD>44,000000</NORD>
    <SARD>44,000000</SARD>
    <SICI>53,760000</SICI>
    <SUD>39,000000</SUD>
    <AUST>44,000000</AUST>
    <BRNN>39,000000</BRNN>
    <COAC>44,000000</COAC>
    <CORS>44,000000</CORS>
    <FOGN>39,000000</FOGN>
    <FRAN>44,000000</FRAN>
    <GREC>39,000000</GREC>
    <MFTV>44,000000</MFTV>
    <PRGP>53,760000</PRGP>
    <ROSN>39,000000</ROSN>
    <SLOV>44,000000</SLOV>
    <SVIZ>44,000000</SVIZ>
    <BSP>44,000000</BSP>
    <MALT>53,760000</MALT>
    <XAUS>44,000000</XAUS>
    <XFRA>44,000000</XFRA>
  </Prezzi>
  <Prezzi>
    <Data>20160316</Data>
    <Mercato>MGP</Mercato>
    <Ora>19</Ora>
    <PUN>56,850000</PUN>
    <NAT>55,620000</NAT>
    <CNOR>57,859510</CNOR>
    <CSUD>57,859510</CSUD>
    <NORD>57,859510</NORD>
    <SARD>57,859510</SARD>
    <SICI>54,390000</SICI>
    <SUD>49,390000</SUD>
    <AUST>57,859510</AUST>
    <BRNN>49,390000</BRNN>
    <COAC>57,859510</COAC>
    <CORS>57,859510</CORS>
    <FOGN>49,390000</FOGN>
    <FRAN>57,859510</FRAN>
    <GREC>49,390000</GREC>
    <MFTV>57,859510</MFTV>
    <PRGP>54,390000</PRGP>
    <ROSN>49,390000</ROSN>
    <SLOV>57,859510</SLOV>
    <SVIZ>57,859510</SVIZ>
    <BSP>57,859510</BSP>
    <MALT>54,390000</MALT>
    <XAUS>57,859510</XAUS>
    <XFRA>57,859510</XFRA>
  </Prezzi>
  <Prezzi>
    <Data>20160316</Data>
    <Mercato>MGP</Mercato>
    <Ora>20</Ora>
    <PUN>65,801150</PUN>
    <NAT>60,000000</NAT>
    <CNOR>67,690000</CNOR>
    <CSUD>67,690000</CSUD>
    <NORD>67,690000</NORD>
    <SARD>67,690000</SARD>
    <SICI>55,620000</SICI>
    <SUD>55,620000</SUD>
    <AUST>67,690000</AUST>
    <BRNN>55,620000</BRNN>
    <COAC>67,690000</COAC>
    <CORS>67,690000</CORS>
    <FOGN>55,620000</FOGN>
    <FRAN>67,690000</FRAN>
    <GREC>55,620000</GREC>
    <MFTV>67,690000</MFTV>
    <PRGP>55,620000</PRGP>
    <ROSN>55,620000</ROSN>
    <SLOV>67,690000</SLOV>
    <SVIZ>67,690000</SVIZ>
    <BSP>67,690000</BSP>
    <MALT>55,620000</MALT>
    <XAUS>67,690000</XAUS>
    <XFRA>67,690000</XFRA>
  </Prezzi>
  <Prezzi>
    <Data>20160316</Data>
    <Mercato>MGP</Mercato>
    <Ora>21</Ora>
    <PUN>45,580920</PUN>
    <NAT>49,560000</NAT>
    <CNOR>45,000000</CNOR>
    <CSUD>45,000000</CSUD>
    <NORD>45,000000</NORD>
    <SARD>45,000000</SARD>
    <SICI>54,390000</SICI>
    <SUD>45,000000</SUD>
    <AUST>45,000000</AUST>
    <BRNN>45,000000</BRNN>
    <COAC>45,000000</COAC>
    <CORS>45,000000</CORS>
    <FOGN>45,000000</FOGN>
    <FRAN>45,000000</FRAN>
    <GREC>45,000000</GREC>
    <MFTV>45,000000</MFTV>
    <PRGP>54,390000</PRGP>
    <ROSN>45,000000</ROSN>
    <SLOV>45,000000</SLOV>
    <SVIZ>45,000000</SVIZ>
    <BSP>45,000000</BSP>
    <MALT>54,390000</MALT>
    <XAUS>45,000000</XAUS>
    <XFRA>45,000000</XFRA>
  </Prezzi>
  <Prezzi>
    <Data>20160316</Data>
    <Mercato>MGP</Mercato>
    <Ora>22</Ora>
    <PUN>41,457990</PUN>
    <NAT>42,000000</NAT>
    <CNOR>40,610000</CNOR>
    <CSUD>40,610000</CSUD>
    <NORD>40,610000</NORD>
    <SARD>40,610000</SARD>
    <SICI>54,390000</SICI>
    <SUD>40,610000</SUD>
    <AUST>40,610000</AUST>
    <BRNN>40,610000</BRNN>
    <COAC>40,610000</COAC>
    <CORS>40,610000</CORS>
    <FOGN>40,610000</FOGN>
    <FRAN>40,610000</FRAN>
    <GREC>40,610000</GREC>
    <MFTV>40,610000</MFTV>
    <PRGP>54,390000</PRGP>
    <ROSN>40,610000</ROSN>
    <SLOV>40,610000</SLOV>
    <SVIZ>40,610000</SVIZ>
    <BSP>40,610000</BSP>
    <MALT>54,390000</MALT>
    <XAUS>40,610000</XAUS>
    <XFRA>40,610000</XFRA>
  </Prezzi>
  <Prezzi>
    <Data>20160316</Data>
    <Mercato>MGP</Mercato>
    <Ora>23</Ora>
    <PUN>38,345390</PUN>
    <NAT>38,000000</NAT>
    <CNOR>37,260000</CNOR>
    <CSUD>37,260000</CSUD>
    <NORD>37,260000</NORD>
    <SARD>37,260000</SARD>
    <SICI>54,390000</SICI>
    <SUD>37,260000</SUD>
    <AUST>37,260000</AUST>
    <BRNN>37,260000</BRNN>
    <COAC>37,260000</COAC>
    <CORS>37,260000</CORS>
    <FOGN>37,260000</FOGN>
    <FRAN>37,260000</FRAN>
    <GREC>37,260000</GREC>
    <MFTV>37,260000</MFTV>
    <PRGP>54,390000</PRGP>
    <ROSN>37,260000</ROSN>
    <SLOV>37,260000</SLOV>
    <SVIZ>37,260000</SVIZ>
    <BSP>37,260000</BSP>
    <MALT>54,390000</MALT>
    <XAUS>37,260000</XAUS>
    <XFRA>37,260000</XFRA>
  </Prezzi>
  <Prezzi>
    <Data>20160316</Data>
    <Mercato>MGP</Mercato>
    <Ora>24</Ora>
    <PUN>34,896630</PUN>
    <NAT>34,020000</NAT>
    <CNOR>33,670000</CNOR>
    <CSUD>33,670000</CSUD>
    <NORD>33,670000</NORD>
    <SARD>33,670000</SARD>
    <SICI>53,760000</SICI>
    <SUD>33,670000</SUD>
    <AUST>33,670000</AUST>
    <BRNN>33,670000</BRNN>
    <COAC>33,670000</COAC>
    <CORS>33,670000</CORS>
    <FOGN>33,670000</FOGN>
    <FRAN>33,670000</FRAN>
    <GREC>33,670000</GREC>
    <MFTV>33,670000</MFTV>
    <PRGP>53,760000</PRGP>
    <ROSN>33,670000</ROSN>
    <SLOV>33,670000</SLOV>
    <SVIZ>33,670000</SVIZ>
    <BSP>33,670000</BSP>
    <MALT>53,760000</MALT>
    <XAUS>33,670000</XAUS>
    <XFRA>33,670000</XFRA>
  </Prezzi>
</NewDataSet>