<?xml version="1.0" standalone="yes"?>
<NewDataSet>
  <xs:schema id="NewDataSet" xmlns="" xmlns:xs="http://www.w3.org/2001/XMLSchema" xmlns:msdata="urn:schemas-microsoft-com:xml-msdata">
    <xs:element name="NewDataSet" msdata:IsDataSet="true" msdata:UseCurrentLocale="true">
      <xs:complexType>
        <xs:choice minOccurs="0" maxOccurs="unbounded">
          <xs:element name="Prezzi">
            <xs:complexType>
              <xs:sequence>
                <xs:element name="Data" type="xs:string" minOccurs="0" />
                <xs:element name="Mercato" type="xs:string" minOccurs="0" />
                <xs:element name="Ora" type="xs:string" minOccurs="0" />
                <xs:element name="PUN" type="xs:string" minOccurs="0" />
                <xs:element name="NAT" type="xs:string" minOccurs="0" />
                <xs:element name="CNOR" type="xs:string" minOccurs="0" />
                <xs:element name="CSUD" type="xs:string" minOccurs="0" />
                <xs:element name="NORD" type="xs:string" minOccurs="0" />
                <xs:element name="SARD" type="xs:string" minOccurs="0" />
                <xs:element name="SICI" type="xs:string" minOccurs="0" />
                <xs:element name="SUD" type="xs:string" minOccurs="0" />
                <xs:element name="AUST" type="xs:string" minOccurs="0" />
                <xs:element name="BRNN" type="xs:string" minOccurs="0" />
                <xs:element name="COAC" type="xs:string" minOccurs="0" />
                <xs:element name="CORS" type="xs:string" minOccurs="0" />
                <xs:element name="FOGN" type="xs:string" minOccurs="0" />
                <xs:element name="FRAN" type="xs:string" minOccurs="0" />
                <xs:element name="GREC" type="xs:string" minOccurs="0" />
                <xs:element name="MFTV" type="xs:string" minOccurs="0" />
                <xs:element name="PRGP" type="xs:string" minOccurs="0" />
                <xs:element name="ROSN" type="xs:string" minOccurs="0" />
                <xs:element name="SLOV" type="xs:string" minOccurs="0" />
                <xs:element name="SVIZ" type="xs:string" minOccurs="0" />
                <xs:element name="BSP" type="xs:string" minOccurs="0" />
                <xs:element name="MALT" type="xs:string" minOccurs="0" />
                <xs:element name="XAUS" type="xs:string" minOccurs="0" />
                <xs:element name="XFRA" type="xs:string" minOccurs="0" />
              </xs:sequence>
            </xs:complexType>
          </xs:element>
        </xs:choice>
      </xs:complexType>
    </xs:element>
  </xs:schema>
  <Prezzi>
    <Data>20160305</Data>
    <Mercato>MGP</Mercato>
    <Ora>1</Ora>
    <PUN>35,298130</PUN>
    <NAT>35,870000</NAT>
    <CNOR>34,060000</CNOR>
    <CSUD>34,060000</CSUD>
    <NORD>34,060000</NORD>
    <SARD>34,060000</SARD>
    <SICI>53,630000</SICI>
    <SUD>34,060000</SUD>
    <AUST>34,060000</AUST>
    <BRNN>34,060000</BRNN>
    <COAC>34,060000</COAC>
    <CORS>34,060000</CORS>
    <FOGN>34,060000</FOGN>
    <FRAN>34,060000</FRAN>
    <GREC>34,060000</GREC>
    <MFTV>34,060000</MFTV>
    <PRGP>53,630000</PRGP>
    <ROSN>34,060000</ROSN>
    <SLOV>34,060000</SLOV>
    <SVIZ>34,060000</SVIZ>
    <BSP>34,060000</BSP>
    <MALT>53,630000</MALT>
    <XAUS>34,060000</XAUS>
    <XFRA>34,060000</XFRA>
  </Prezzi>
  <Prezzi>
    <Data>20160305</Data>
    <Mercato>MGP</Mercato>
    <Ora>2</Ora>
    <PUN>30,861690</PUN>
    <NAT>30,590000</NAT>
    <CNOR>29,700000</CNOR>
    <CSUD>29,700000</CSUD>
    <NORD>29,700000</NORD>
    <SARD>29,700000</SARD>
    <SICI>48,380000</SICI>
    <SUD>29,700000</SUD>
    <AUST>29,700000</AUST>
    <BRNN>29,700000</BRNN>
    <COAC>29,700000</COAC>
    <CORS>29,700000</CORS>
    <FOGN>29,700000</FOGN>
    <FRAN>29,700000</FRAN>
    <GREC>29,700000</GREC>
    <MFTV>29,700000</MFTV>
    <PRGP>48,380000</PRGP>
    <ROSN>29,700000</ROSN>
    <SLOV>29,700000</SLOV>
    <SVIZ>29,700000</SVIZ>
    <BSP>29,700000</BSP>
    <MALT>48,380000</MALT>
    <XAUS>29,700000</XAUS>
    <XFRA>29,700000</XFRA>
  </Prezzi>
  <Prezzi>
    <Data>20160305</Data>
    <Mercato>MGP</Mercato>
    <Ora>3</Ora>
    <PUN>29,135840</PUN>
    <NAT>29,700000</NAT>
    <CNOR>27,900000</CNOR>
    <CSUD>27,900000</CSUD>
    <NORD>27,900000</NORD>
    <SARD>27,900000</SARD>
    <SICI>48,380000</SICI>
    <SUD>27,900000</SUD>
    <AUST>27,900000</AUST>
    <BRNN>27,900000</BRNN>
    <COAC>27,900000</COAC>
    <CORS>27,900000</CORS>
    <FOGN>27,900000</FOGN>
    <FRAN>27,900000</FRAN>
    <GREC>27,900000</GREC>
    <MFTV>27,900000</MFTV>
    <PRGP>48,380000</PRGP>
    <ROSN>27,900000</ROSN>
    <SLOV>27,900000</SLOV>
    <SVIZ>27,900000</SVIZ>
    <BSP>27,900000</BSP>
    <MALT>48,380000</MALT>
    <XAUS>27,900000</XAUS>
    <XFRA>27,900000</XFRA>
  </Prezzi>
  <Prezzi>
    <Data>20160305</Data>
    <Mercato>MGP</Mercato>
    <Ora>4</Ora>
    <PUN>28,995310</PUN>
    <NAT>28,510000</NAT>
    <CNOR>27,970000</CNOR>
    <CSUD>27,970000</CSUD>
    <NORD>27,970000</NORD>
    <SARD>27,970000</SARD>
    <SICI>47,040000</SICI>
    <SUD>27,970000</SUD>
    <AUST>27,970000</AUST>
    <BRNN>27,970000</BRNN>
    <COAC>27,970000</COAC>
    <CORS>27,970000</CORS>
    <FOGN>27,970000</FOGN>
    <FRAN>27,970000</FRAN>
    <GREC>27,970000</GREC>
    <MFTV>27,970000</MFTV>
    <PRGP>47,040000</PRGP>
    <ROSN>27,970000</ROSN>
    <SLOV>27,970000</SLOV>
    <SVIZ>27,970000</SVIZ>
    <BSP>27,970000</BSP>
    <MALT>47,040000</MALT>
    <XAUS>27,970000</XAUS>
    <XFRA>27,970000</XFRA>
  </Prezzi>
  <Prezzi>
    <Data>20160305</Data>
    <Mercato>MGP</Mercato>
    <Ora>5</Ora>
    <PUN>28,995710</PUN>
    <NAT>28,510000</NAT>
    <CNOR>27,970000</CNOR>
    <CSUD>27,970000</CSUD>
    <NORD>27,970000</NORD>
    <SARD>27,970000</SARD>
    <SICI>47,040000</SICI>
    <SUD>27,970000</SUD>
    <AUST>27,970000</AUST>
    <BRNN>27,970000</BRNN>
    <COAC>27,970000</COAC>
    <CORS>27,970000</CORS>
    <FOGN>27,970000</FOGN>
    <FRAN>27,970000</FRAN>
    <GREC>27,970000</GREC>
    <MFTV>27,970000</MFTV>
    <PRGP>47,040000</PRGP>
    <ROSN>27,970000</ROSN>
    <SLOV>27,970000</SLOV>
    <SVIZ>27,970000</SVIZ>
    <BSP>27,970000</BSP>
    <MALT>47,040000</MALT>
    <XAUS>27,970000</XAUS>
    <XFRA>27,970000</XFRA>
  </Prezzi>
  <Prezzi>
    <Data>20160305</Data>
    <Mercato>MGP</Mercato>
    <Ora>6</Ora>
    <PUN>29,515090</PUN>
    <NAT>29,700000</NAT>
    <CNOR>28,510000</CNOR>
    <CSUD>28,510000</CSUD>
    <NORD>28,510000</NORD>
    <SARD>28,510000</SARD>
    <SICI>47,040000</SICI>
    <SUD>28,510000</SUD>
    <AUST>28,510000</AUST>
    <BRNN>28,510000</BRNN>
    <COAC>28,510000</COAC>
    <CORS>28,510000</CORS>
    <FOGN>28,510000</FOGN>
    <FRAN>28,510000</FRAN>
    <GREC>28,510000</GREC>
    <MFTV>28,510000</MFTV>
    <PRGP>47,040000</PRGP>
    <ROSN>28,510000</ROSN>
    <SLOV>28,510000</SLOV>
    <SVIZ>28,510000</SVIZ>
    <BSP>28,510000</BSP>
    <MALT>47,040000</MALT>
    <XAUS>28,510000</XAUS>
    <XFRA>28,510000</XFRA>
  </Prezzi>
  <Prezzi>
    <Data>20160305</Data>
    <Mercato>MGP</Mercato>
    <Ora>7</Ora>
    <PUN>31,936430</PUN>
    <NAT>31,920000</NAT>
    <CNOR>31,090000</CNOR>
    <CSUD>31,090000</CSUD>
    <NORD>31,090000</NORD>
    <SARD>31,090000</SARD>
    <SICI>47,040000</SICI>
    <SUD>31,090000</SUD>
    <AUST>31,090000</AUST>
    <BRNN>31,090000</BRNN>
    <COAC>31,090000</COAC>
    <CORS>31,090000</CORS>
    <FOGN>31,090000</FOGN>
    <FRAN>31,090000</FRAN>
    <GREC>31,090000</GREC>
    <MFTV>31,090000</MFTV>
    <PRGP>47,040000</PRGP>
    <ROSN>31,090000</ROSN>
    <SLOV>31,090000</SLOV>
    <SVIZ>31,090000</SVIZ>
    <BSP>31,090000</BSP>
    <MALT>47,040000</MALT>
    <XAUS>31,090000</XAUS>
    <XFRA>31,090000</XFRA>
  </Prezzi>
  <Prezzi>
    <Data>20160305</Data>
    <Mercato>MGP</Mercato>
    <Ora>8</Ora>
    <PUN>32,888490</PUN>
    <NAT>34,530000</NAT>
    <CNOR>31,940000</CNOR>
    <CSUD>31,940000</CSUD>
    <NORD>31,940000</NORD>
    <SARD>31,940000</SARD>
    <SICI>48,380000</SICI>
    <SUD>31,940000</SUD>
    <AUST>31,940000</AUST>
    <BRNN>31,940000</BRNN>
    <COAC>31,940000</COAC>
    <CORS>31,940000</CORS>
    <FOGN>31,940000</FOGN>
    <FRAN>31,940000</FRAN>
    <GREC>31,940000</GREC>
    <MFTV>31,940000</MFTV>
    <PRGP>48,380000</PRGP>
    <ROSN>31,940000</ROSN>
    <SLOV>31,940000</SLOV>
    <SVIZ>31,940000</SVIZ>
    <BSP>31,940000</BSP>
    <MALT>48,380000</MALT>
    <XAUS>31,940000</XAUS>
    <XFRA>31,940000</XFRA>
  </Prezzi>
  <Prezzi>
    <Data>20160305</Data>
    <Mercato>MGP</Mercato>
    <Ora>9</Ora>
    <PUN>36,758870</PUN>
    <NAT>36,030000</NAT>
    <CNOR>36,030000</CNOR>
    <CSUD>36,030000</CSUD>
    <NORD>36,030000</NORD>
    <SARD>36,030000</SARD>
    <SICI>48,380000</SICI>
    <SUD>36,030000</SUD>
    <AUST>36,030000</AUST>
    <BRNN>36,030000</BRNN>
    <COAC>36,030000</COAC>
    <CORS>36,030000</CORS>
    <FOGN>36,030000</FOGN>
    <FRAN>36,030000</FRAN>
    <GREC>36,030000</GREC>
    <MFTV>36,030000</MFTV>
    <PRGP>48,380000</PRGP>
    <ROSN>9,980000</ROSN>
    <SLOV>36,030000</SLOV>
    <SVIZ>36,030000</SVIZ>
    <BSP>36,030000</BSP>
    <MALT>48,380000</MALT>
    <XAUS>36,030000</XAUS>
    <XFRA>36,030000</XFRA>
  </Prezzi>
  <Prezzi>
    <Data>20160305</Data>
    <Mercato>MGP</Mercato>
    <Ora>10</Ora>
    <PUN>41,787120</PUN>
    <NAT>39,030000</NAT>
    <CNOR>36,870000</CNOR>
    <CSUD>36,870000</CSUD>
    <NORD>44,000000</NORD>
    <SARD>36,870000</SARD>
    <SICI>48,380000</SICI>
    <SUD>36,870000</SUD>
    <AUST>44,000000</AUST>
    <BRNN>36,870000</BRNN>
    <COAC>36,870000</COAC>
    <CORS>36,870000</CORS>
    <FOGN>36,870000</FOGN>
    <FRAN>44,000000</FRAN>
    <GREC>36,870000</GREC>
    <MFTV>44,000000</MFTV>
    <PRGP>48,380000</PRGP>
    <ROSN>9,980000</ROSN>
    <SLOV>44,000000</SLOV>
    <SVIZ>44,000000</SVIZ>
    <BSP>44,000000</BSP>
    <MALT>48,380000</MALT>
    <XAUS>44,000000</XAUS>
    <XFRA>44,000000</XFRA>
  </Prezzi>
  <Prezzi>
    <Data>20160305</Data>
    <Mercato>MGP</Mercato>
    <Ora>11</Ora>
    <PUN>42,708480</PUN>
    <NAT>39,000000</NAT>
    <CNOR>34,080000</CNOR>
    <CSUD>34,080000</CSUD>
    <NORD>47,450000</NORD>
    <SARD>34,080000</SARD>
    <SICI>47,040000</SICI>
    <SUD>34,080000</SUD>
    <AUST>47,450000</AUST>
    <BRNN>34,080000</BRNN>
    <COAC>34,080000</COAC>
    <CORS>34,080000</CORS>
    <FOGN>34,080000</FOGN>
    <FRAN>47,450000</FRAN>
    <GREC>34,080000</GREC>
    <MFTV>47,450000</MFTV>
    <PRGP>47,040000</PRGP>
    <ROSN>9,980000</ROSN>
    <SLOV>47,450000</SLOV>
    <SVIZ>47,450000</SVIZ>
    <BSP>47,450000</BSP>
    <MALT>47,040000</MALT>
    <XAUS>47,450000</XAUS>
    <XFRA>47,450000</XFRA>
  </Prezzi>
  <Prezzi>
    <Data>20160305</Data>
    <Mercato>MGP</Mercato>
    <Ora>12</Ora>
    <PUN>41,123890</PUN>
    <NAT>38,000000</NAT>
    <CNOR>34,020000</CNOR>
    <CSUD>34,020000</CSUD>
    <NORD>45,000000</NORD>
    <SARD>34,020000</SARD>
    <SICI>47,040000</SICI>
    <SUD>34,020000</SUD>
    <AUST>45,000000</AUST>
    <BRNN>34,020000</BRNN>
    <COAC>34,020000</COAC>
    <CORS>34,020000</CORS>
    <FOGN>34,020000</FOGN>
    <FRAN>45,000000</FRAN>
    <GREC>34,020000</GREC>
    <MFTV>45,000000</MFTV>
    <PRGP>47,040000</PRGP>
    <ROSN>9,980000</ROSN>
    <SLOV>45,000000</SLOV>
    <SVIZ>45,000000</SVIZ>
    <BSP>45,000000</BSP>
    <MALT>47,040000</MALT>
    <XAUS>45,000000</XAUS>
    <XFRA>45,000000</XFRA>
  </Prezzi>
  <Prezzi>
    <Data>20160305</Data>
    <Mercato>MGP</Mercato>
    <Ora>13</Ora>
    <PUN>33,432090</PUN>
    <NAT>30,960000</NAT>
    <CNOR>28,570000</CNOR>
    <CSUD>28,570000</CSUD>
    <NORD>37,000000</NORD>
    <SARD>28,570000</SARD>
    <SICI>30,000000</SICI>
    <SUD>28,570000</SUD>
    <AUST>37,000000</AUST>
    <BRNN>28,570000</BRNN>
    <COAC>28,570000</COAC>
    <CORS>28,570000</CORS>
    <FOGN>28,570000</FOGN>
    <FRAN>37,000000</FRAN>
    <GREC>28,570000</GREC>
    <MFTV>37,000000</MFTV>
    <PRGP>30,000000</PRGP>
    <ROSN>9,980000</ROSN>
    <SLOV>37,000000</SLOV>
    <SVIZ>37,000000</SVIZ>
    <BSP>37,000000</BSP>
    <MALT>30,000000</MALT>
    <XAUS>37,000000</XAUS>
    <XFRA>37,000000</XFRA>
  </Prezzi>
  <Prezzi>
    <Data>20160305</Data>
    <Mercato>MGP</Mercato>
    <Ora>14</Ora>
    <PUN>31,396450</PUN>
    <NAT>29,700000</NAT>
    <CNOR>27,940000</CNOR>
    <CSUD>27,940000</CSUD>
    <NORD>31,810000</NORD>
    <SARD>27,940000</SARD>
    <SICI>46,000000</SICI>
    <SUD>27,940000</SUD>
    <AUST>31,810000</AUST>
    <BRNN>27,940000</BRNN>
    <COAC>27,940000</COAC>
    <CORS>27,940000</CORS>
    <FOGN>27,940000</FOGN>
    <FRAN>31,810000</FRAN>
    <GREC>27,940000</GREC>
    <MFTV>31,810000</MFTV>
    <PRGP>46,000000</PRGP>
    <ROSN>9,980000</ROSN>
    <SLOV>31,810000</SLOV>
    <SVIZ>31,810000</SVIZ>
    <BSP>31,810000</BSP>
    <MALT>46,000000</MALT>
    <XAUS>31,810000</XAUS>
    <XFRA>31,810000</XFRA>
  </Prezzi>
  <Prezzi>
    <Data>20160305</Data>
    <Mercato>MGP</Mercato>
    <Ora>15</Ora>
    <PUN>30,721280</PUN>
    <NAT>29,500000</NAT>
    <CNOR>28,010000</CNOR>
    <CSUD>28,010000</CSUD>
    <NORD>31,780000</NORD>
    <SARD>28,010000</SARD>
    <SICI>35,990000</SICI>
    <SUD>28,010000</SUD>
    <AUST>31,780000</AUST>
    <BRNN>28,010000</BRNN>
    <COAC>28,010000</COAC>
    <CORS>28,010000</CORS>
    <FOGN>28,010000</FOGN>
    <FRAN>31,780000</FRAN>
    <GREC>28,010000</GREC>
    <MFTV>31,780000</MFTV>
    <PRGP>35,990000</PRGP>
    <ROSN>9,980000</ROSN>
    <SLOV>31,780000</SLOV>
    <SVIZ>31,780000</SVIZ>
    <BSP>31,780000</BSP>
    <MALT>35,990000</MALT>
    <XAUS>31,780000</XAUS>
    <XFRA>31,780000</XFRA>
  </Prezzi>
  <Prezzi>
    <Data>20160305</Data>
    <Mercato>MGP</Mercato>
    <Ora>16</Ora>
    <PUN>32,211500</PUN>
    <NAT>30,720000</NAT>
    <CNOR>30,000000</CNOR>
    <CSUD>30,000000</CSUD>
    <NORD>31,870000</NORD>
    <SARD>30,000000</SARD>
    <SICI>47,040000</SICI>
    <SUD>30,000000</SUD>
    <AUST>31,870000</AUST>
    <BRNN>30,000000</BRNN>
    <COAC>30,000000</COAC>
    <CORS>30,000000</CORS>
    <FOGN>30,000000</FOGN>
    <FRAN>31,870000</FRAN>
    <GREC>30,000000</GREC>
    <MFTV>31,870000</MFTV>
    <PRGP>47,040000</PRGP>
    <ROSN>9,980000</ROSN>
    <SLOV>31,870000</SLOV>
    <SVIZ>31,870000</SVIZ>
    <BSP>31,870000</BSP>
    <MALT>47,040000</MALT>
    <XAUS>31,870000</XAUS>
    <XFRA>31,870000</XFRA>
  </Prezzi>
  <Prezzi>
    <Data>20160305</Data>
    <Mercato>MGP</Mercato>
    <Ora>17</Ora>
    <PUN>35,011860</PUN>
    <NAT>34,500000</NAT>
    <CNOR>34,300000</CNOR>
    <CSUD>34,300000</CSUD>
    <NORD>34,300000</NORD>
    <SARD>34,300000</SARD>
    <SICI>46,000000</SICI>
    <SUD>34,300000</SUD>
    <AUST>34,300000</AUST>
    <BRNN>34,300000</BRNN>
    <COAC>34,300000</COAC>
    <CORS>34,300000</CORS>
    <FOGN>34,300000</FOGN>
    <FRAN>34,300000</FRAN>
    <GREC>34,300000</GREC>
    <MFTV>34,300000</MFTV>
    <PRGP>46,000000</PRGP>
    <ROSN>34,300000</ROSN>
    <SLOV>34,300000</SLOV>
    <SVIZ>34,300000</SVIZ>
    <BSP>34,300000</BSP>
    <MALT>46,000000</MALT>
    <XAUS>34,300000</XAUS>
    <XFRA>34,300000</XFRA>
  </Prezzi>
  <Prezzi>
    <Data>20160305</Data>
    <Mercato>MGP</Mercato>
    <Ora>18</Ora>
    <PUN>36,831640</PUN>
    <NAT>37,000000</NAT>
    <CNOR>36,050000</CNOR>
    <CSUD>36,050000</CSUD>
    <NORD>36,050000</NORD>
    <SARD>36,050000</SARD>
    <SICI>48,380000</SICI>
    <SUD>36,050000</SUD>
    <AUST>36,050000</AUST>
    <BRNN>36,050000</BRNN>
    <COAC>36,050000</COAC>
    <CORS>36,050000</CORS>
    <FOGN>36,050000</FOGN>
    <FRAN>36,050000</FRAN>
    <GREC>36,050000</GREC>
    <MFTV>36,050000</MFTV>
    <PRGP>48,380000</PRGP>
    <ROSN>36,050000</ROSN>
    <SLOV>36,050000</SLOV>
    <SVIZ>36,050000</SVIZ>
    <BSP>36,050000</BSP>
    <MALT>48,380000</MALT>
    <XAUS>36,050000</XAUS>
    <XFRA>36,050000</XFRA>
  </Prezzi>
  <Prezzi>
    <Data>20160305</Data>
    <Mercato>MGP</Mercato>
    <Ora>19</Ora>
    <PUN>41,845780</PUN>
    <NAT>43,930000</NAT>
    <CNOR>41,000000</CNOR>
    <CSUD>41,000000</CSUD>
    <NORD>41,000000</NORD>
    <SARD>41,000000</SARD>
    <SICI>53,760000</SICI>
    <SUD>41,000000</SUD>
    <AUST>41,000000</AUST>
    <BRNN>41,000000</BRNN>
    <COAC>41,000000</COAC>
    <CORS>41,000000</CORS>
    <FOGN>41,000000</FOGN>
    <FRAN>41,000000</FRAN>
    <GREC>41,000000</GREC>
    <MFTV>41,000000</MFTV>
    <PRGP>53,760000</PRGP>
    <ROSN>41,000000</ROSN>
    <SLOV>41,000000</SLOV>
    <SVIZ>41,000000</SVIZ>
    <BSP>41,000000</BSP>
    <MALT>53,760000</MALT>
    <XAUS>41,000000</XAUS>
    <XFRA>41,000000</XFRA>
  </Prezzi>
  <Prezzi>
    <Data>20160305</Data>
    <Mercato>MGP</Mercato>
    <Ora>20</Ora>
    <PUN>44,646990</PUN>
    <NAT>48,000000</NAT>
    <CNOR>44,000000</CNOR>
    <CSUD>44,000000</CSUD>
    <NORD>44,000000</NORD>
    <SARD>44,000000</SARD>
    <SICI>53,760000</SICI>
    <SUD>44,000000</SUD>
    <AUST>44,000000</AUST>
    <BRNN>44,000000</BRNN>
    <COAC>44,000000</COAC>
    <CORS>44,000000</CORS>
    <FOGN>44,000000</FOGN>
    <FRAN>44,000000</FRAN>
    <GREC>44,000000</GREC>
    <MFTV>44,000000</MFTV>
    <PRGP>53,760000</PRGP>
    <ROSN>44,000000</ROSN>
    <SLOV>44,000000</SLOV>
    <SVIZ>44,000000</SVIZ>
    <BSP>44,000000</BSP>
    <MALT>53,760000</MALT>
    <XAUS>44,000000</XAUS>
    <XFRA>44,000000</XFRA>
  </Prezzi>
  <Prezzi>
    <Data>20160305</Data>
    <Mercato>MGP</Mercato>
    <Ora>21</Ora>
    <PUN>39,060700</PUN>
    <NAT>39,940000</NAT>
    <CNOR>37,970000</CNOR>
    <CSUD>37,970000</CSUD>
    <NORD>37,970000</NORD>
    <SARD>37,970000</SARD>
    <SICI>53,760000</SICI>
    <SUD>37,970000</SUD>
    <AUST>37,970000</AUST>
    <BRNN>37,970000</BRNN>
    <COAC>37,970000</COAC>
    <CORS>37,970000</CORS>
    <FOGN>37,970000</FOGN>
    <FRAN>37,970000</FRAN>
    <GREC>37,970000</GREC>
    <MFTV>37,970000</MFTV>
    <PRGP>53,760000</PRGP>
    <ROSN>37,970000</ROSN>
    <SLOV>37,970000</SLOV>
    <SVIZ>37,970000</SVIZ>
    <BSP>37,970000</BSP>
    <MALT>53,760000</MALT>
    <XAUS>37,970000</XAUS>
    <XFRA>37,970000</XFRA>
  </Prezzi>
  <Prezzi>
    <Data>20160305</Data>
    <Mercato>MGP</Mercato>
    <Ora>22</Ora>
    <PUN>35,854080</PUN>
    <NAT>35,110000</NAT>
    <CNOR>34,530000</CNOR>
    <CSUD>34,530000</CSUD>
    <NORD>34,530000</NORD>
    <SARD>34,530000</SARD>
    <SICI>53,760000</SICI>
    <SUD>34,530000</SUD>
    <AUST>34,530000</AUST>
    <BRNN>34,530000</BRNN>
    <COAC>34,530000</COAC>
    <CORS>34,530000</CORS>
    <FOGN>34,530000</FOGN>
    <FRAN>34,530000</FRAN>
    <GREC>34,530000</GREC>
    <MFTV>34,530000</MFTV>
    <PRGP>53,760000</PRGP>
    <ROSN>34,530000</ROSN>
    <SLOV>34,530000</SLOV>
    <SVIZ>34,530000</SVIZ>
    <BSP>34,530000</BSP>
    <MALT>53,760000</MALT>
    <XAUS>34,530000</XAUS>
    <XFRA>34,530000</XFRA>
  </Prezzi>
  <Prezzi>
    <Data>20160305</Data>
    <Mercato>MGP</Mercato>
    <Ora>23</Ora>
    <PUN>32,647210</PUN>
    <NAT>33,000000</NAT>
    <CNOR>31,090000</CNOR>
    <CSUD>31,090000</CSUD>
    <NORD>31,090000</NORD>
    <SARD>31,090000</SARD>
    <SICI>53,630000</SICI>
    <SUD>31,090000</SUD>
    <AUST>31,090000</AUST>
    <BRNN>31,090000</BRNN>
    <COAC>31,090000</COAC>
    <CORS>31,090000</CORS>
    <FOGN>31,090000</FOGN>
    <FRAN>31,090000</FRAN>
    <GREC>31,090000</GREC>
    <MFTV>31,090000</MFTV>
    <PRGP>53,630000</PRGP>
    <ROSN>31,090000</ROSN>
    <SLOV>31,090000</SLOV>
    <SVIZ>31,090000</SVIZ>
    <BSP>31,090000</BSP>
    <MALT>53,630000</MALT>
    <XAUS>31,090000</XAUS>
    <XFRA>31,090000</XFRA>
  </Prezzi>
  <Prezzi>
    <Data>20160305</Data>
    <Mercato>MGP</Mercato>
    <Ora>24</Ora>
    <PUN>29,742150</PUN>
    <NAT>29,730000</NAT>
    <CNOR>28,360000</CNOR>
    <CSUD>28,360000</CSUD>
    <NORD>28,360000</NORD>
    <SARD>28,360000</SARD>
    <SICI>48,380000</SICI>
    <SUD>28,360000</SUD>
    <AUST>28,360000</AUST>
    <BRNN>28,360000</BRNN>
    <COAC>28,360000</COAC>
    <CORS>28,360000</CORS>
    <FOGN>28,360000</FOGN>
    <FRAN>28,360000</FRAN>
    <GREC>28,360000</GREC>
    <MFTV>28,360000</MFTV>
    <PRGP>48,380000</PRGP>
    <ROSN>28,360000</ROSN>
    <SLOV>28,360000</SLOV>
    <SVIZ>28,360000</SVIZ>
    <BSP>28,360000</BSP>
    <MALT>48,380000</MALT>
    <XAUS>28,360000</XAUS>
    <XFRA>28,360000</XFRA>
  </Prezzi>
</NewDataSet>