<?xml version="1.0" standalone="yes"?>
<NewDataSet>
  <xs:schema id="NewDataSet" xmlns="" xmlns:xs="http://www.w3.org/2001/XMLSchema" xmlns:msdata="urn:schemas-microsoft-com:xml-msdata">
    <xs:element name="NewDataSet" msdata:IsDataSet="true" msdata:UseCurrentLocale="true">
      <xs:complexType>
        <xs:choice minOccurs="0" maxOccurs="unbounded">
          <xs:element name="Prezzi">
            <xs:complexType>
              <xs:sequence>
                <xs:element name="Data" type="xs:string" minOccurs="0" />
                <xs:element name="Mercato" type="xs:string" minOccurs="0" />
                <xs:element name="Ora" type="xs:string" minOccurs="0" />
                <xs:element name="PUN" type="xs:string" minOccurs="0" />
                <xs:element name="NAT" type="xs:string" minOccurs="0" />
                <xs:element name="CNOR" type="xs:string" minOccurs="0" />
                <xs:element name="CSUD" type="xs:string" minOccurs="0" />
                <xs:element name="NORD" type="xs:string" minOccurs="0" />
                <xs:element name="SARD" type="xs:string" minOccurs="0" />
                <xs:element name="SICI" type="xs:string" minOccurs="0" />
                <xs:element name="SUD" type="xs:string" minOccurs="0" />
                <xs:element name="AUST" type="xs:string" minOccurs="0" />
                <xs:element name="BRNN" type="xs:string" minOccurs="0" />
                <xs:element name="COAC" type="xs:string" minOccurs="0" />
                <xs:element name="CORS" type="xs:string" minOccurs="0" />
                <xs:element name="FOGN" type="xs:string" minOccurs="0" />
                <xs:element name="FRAN" type="xs:string" minOccurs="0" />
                <xs:element name="GREC" type="xs:string" minOccurs="0" />
                <xs:element name="MFTV" type="xs:string" minOccurs="0" />
                <xs:element name="PRGP" type="xs:string" minOccurs="0" />
                <xs:element name="ROSN" type="xs:string" minOccurs="0" />
                <xs:element name="SLOV" type="xs:string" minOccurs="0" />
                <xs:element name="SVIZ" type="xs:string" minOccurs="0" />
                <xs:element name="BSP" type="xs:string" minOccurs="0" />
                <xs:element name="MALT" type="xs:string" minOccurs="0" />
                <xs:element name="XAUS" type="xs:string" minOccurs="0" />
                <xs:element name="XFRA" type="xs:string" minOccurs="0" />
              </xs:sequence>
            </xs:complexType>
          </xs:element>
        </xs:choice>
      </xs:complexType>
    </xs:element>
  </xs:schema>
  <Prezzi>
    <Data>20160322</Data>
    <Mercato>MGP</Mercato>
    <Ora>1</Ora>
    <PUN>31,830000</PUN>
    <NAT>31,830000</NAT>
    <CNOR>31,830000</CNOR>
    <CSUD>31,830000</CSUD>
    <NORD>31,830000</NORD>
    <SARD>31,830000</SARD>
    <SICI>31,830000</SICI>
    <SUD>31,830000</SUD>
    <AUST>31,830000</AUST>
    <BRNN>31,830000</BRNN>
    <COAC>31,830000</COAC>
    <CORS>31,830000</CORS>
    <FOGN>31,830000</FOGN>
    <FRAN>31,830000</FRAN>
    <GREC>31,830000</GREC>
    <MFTV>31,830000</MFTV>
    <PRGP>31,830000</PRGP>
    <ROSN>31,830000</ROSN>
    <SLOV>31,830000</SLOV>
    <SVIZ>31,830000</SVIZ>
    <BSP>31,830000</BSP>
    <MALT>31,830000</MALT>
    <XAUS>31,830000</XAUS>
    <XFRA>31,830000</XFRA>
  </Prezzi>
  <Prezzi>
    <Data>20160322</Data>
    <Mercato>MGP</Mercato>
    <Ora>2</Ora>
    <PUN>28,520000</PUN>
    <NAT>28,520000</NAT>
    <CNOR>28,520000</CNOR>
    <CSUD>28,520000</CSUD>
    <NORD>28,520000</NORD>
    <SARD>28,520000</SARD>
    <SICI>28,520000</SICI>
    <SUD>28,520000</SUD>
    <AUST>28,520000</AUST>
    <BRNN>28,520000</BRNN>
    <COAC>28,520000</COAC>
    <CORS>28,520000</CORS>
    <FOGN>28,520000</FOGN>
    <FRAN>28,520000</FRAN>
    <GREC>28,520000</GREC>
    <MFTV>28,520000</MFTV>
    <PRGP>28,520000</PRGP>
    <ROSN>28,520000</ROSN>
    <SLOV>28,520000</SLOV>
    <SVIZ>28,520000</SVIZ>
    <BSP>28,520000</BSP>
    <MALT>28,520000</MALT>
    <XAUS>28,520000</XAUS>
    <XFRA>28,520000</XFRA>
  </Prezzi>
  <Prezzi>
    <Data>20160322</Data>
    <Mercato>MGP</Mercato>
    <Ora>3</Ora>
    <PUN>27,700000</PUN>
    <NAT>27,640000</NAT>
    <CNOR>27,700000</CNOR>
    <CSUD>27,700000</CSUD>
    <NORD>27,700000</NORD>
    <SARD>27,700000</SARD>
    <SICI>27,700000</SICI>
    <SUD>27,700000</SUD>
    <AUST>27,700000</AUST>
    <BRNN>27,700000</BRNN>
    <COAC>27,700000</COAC>
    <CORS>27,700000</CORS>
    <FOGN>27,700000</FOGN>
    <FRAN>27,700000</FRAN>
    <GREC>27,700000</GREC>
    <MFTV>27,700000</MFTV>
    <PRGP>27,700000</PRGP>
    <ROSN>27,700000</ROSN>
    <SLOV>27,700000</SLOV>
    <SVIZ>27,700000</SVIZ>
    <BSP>27,700000</BSP>
    <MALT>27,700000</MALT>
    <XAUS>27,700000</XAUS>
    <XFRA>27,700000</XFRA>
  </Prezzi>
  <Prezzi>
    <Data>20160322</Data>
    <Mercato>MGP</Mercato>
    <Ora>4</Ora>
    <PUN>26,940000</PUN>
    <NAT>25,320000</NAT>
    <CNOR>26,940000</CNOR>
    <CSUD>26,940000</CSUD>
    <NORD>26,940000</NORD>
    <SARD>26,940000</SARD>
    <SICI>26,940000</SICI>
    <SUD>26,940000</SUD>
    <AUST>26,940000</AUST>
    <BRNN>26,940000</BRNN>
    <COAC>26,940000</COAC>
    <CORS>26,940000</CORS>
    <FOGN>26,940000</FOGN>
    <FRAN>26,940000</FRAN>
    <GREC>26,940000</GREC>
    <MFTV>26,940000</MFTV>
    <PRGP>26,940000</PRGP>
    <ROSN>26,940000</ROSN>
    <SLOV>26,940000</SLOV>
    <SVIZ>26,940000</SVIZ>
    <BSP>26,940000</BSP>
    <MALT>26,940000</MALT>
    <XAUS>26,940000</XAUS>
    <XFRA>26,940000</XFRA>
  </Prezzi>
  <Prezzi>
    <Data>20160322</Data>
    <Mercato>MGP</Mercato>
    <Ora>5</Ora>
    <PUN>27,590000</PUN>
    <NAT>27,590000</NAT>
    <CNOR>27,590000</CNOR>
    <CSUD>27,590000</CSUD>
    <NORD>27,590000</NORD>
    <SARD>27,590000</SARD>
    <SICI>27,590000</SICI>
    <SUD>27,590000</SUD>
    <AUST>27,590000</AUST>
    <BRNN>27,590000</BRNN>
    <COAC>27,590000</COAC>
    <CORS>27,590000</CORS>
    <FOGN>27,590000</FOGN>
    <FRAN>27,590000</FRAN>
    <GREC>27,590000</GREC>
    <MFTV>27,590000</MFTV>
    <PRGP>27,590000</PRGP>
    <ROSN>27,590000</ROSN>
    <SLOV>27,590000</SLOV>
    <SVIZ>27,590000</SVIZ>
    <BSP>27,590000</BSP>
    <MALT>27,590000</MALT>
    <XAUS>27,590000</XAUS>
    <XFRA>27,590000</XFRA>
  </Prezzi>
  <Prezzi>
    <Data>20160322</Data>
    <Mercato>MGP</Mercato>
    <Ora>6</Ora>
    <PUN>31,500000</PUN>
    <NAT>31,500000</NAT>
    <CNOR>31,500000</CNOR>
    <CSUD>31,500000</CSUD>
    <NORD>31,500000</NORD>
    <SARD>31,500000</SARD>
    <SICI>31,500000</SICI>
    <SUD>31,500000</SUD>
    <AUST>31,500000</AUST>
    <BRNN>31,500000</BRNN>
    <COAC>31,500000</COAC>
    <CORS>31,500000</CORS>
    <FOGN>31,500000</FOGN>
    <FRAN>31,500000</FRAN>
    <GREC>31,500000</GREC>
    <MFTV>31,500000</MFTV>
    <PRGP>31,500000</PRGP>
    <ROSN>31,500000</ROSN>
    <SLOV>31,500000</SLOV>
    <SVIZ>31,500000</SVIZ>
    <BSP>31,500000</BSP>
    <MALT>31,500000</MALT>
    <XAUS>31,500000</XAUS>
    <XFRA>31,500000</XFRA>
  </Prezzi>
  <Prezzi>
    <Data>20160322</Data>
    <Mercato>MGP</Mercato>
    <Ora>7</Ora>
    <PUN>36,520000</PUN>
    <NAT>36,520000</NAT>
    <CNOR>36,520000</CNOR>
    <CSUD>36,520000</CSUD>
    <NORD>36,520000</NORD>
    <SARD>36,520000</SARD>
    <SICI>36,520000</SICI>
    <SUD>36,520000</SUD>
    <AUST>36,520000</AUST>
    <BRNN>36,520000</BRNN>
    <COAC>36,520000</COAC>
    <CORS>36,520000</CORS>
    <FOGN>36,520000</FOGN>
    <FRAN>36,520000</FRAN>
    <GREC>36,520000</GREC>
    <MFTV>36,520000</MFTV>
    <PRGP>36,520000</PRGP>
    <ROSN>36,520000</ROSN>
    <SLOV>36,520000</SLOV>
    <SVIZ>36,520000</SVIZ>
    <BSP>36,520000</BSP>
    <MALT>36,520000</MALT>
    <XAUS>36,520000</XAUS>
    <XFRA>36,520000</XFRA>
  </Prezzi>
  <Prezzi>
    <Data>20160322</Data>
    <Mercato>MGP</Mercato>
    <Ora>8</Ora>
    <PUN>38,173460</PUN>
    <NAT>38,000000</NAT>
    <CNOR>36,000000</CNOR>
    <CSUD>36,000000</CSUD>
    <NORD>38,100000</NORD>
    <SARD>36,000000</SARD>
    <SICI>53,630000</SICI>
    <SUD>36,000000</SUD>
    <AUST>38,100000</AUST>
    <BRNN>36,000000</BRNN>
    <COAC>36,000000</COAC>
    <CORS>36,000000</CORS>
    <FOGN>36,000000</FOGN>
    <FRAN>38,100000</FRAN>
    <GREC>36,000000</GREC>
    <MFTV>38,100000</MFTV>
    <PRGP>53,630000</PRGP>
    <ROSN>36,000000</ROSN>
    <SLOV>38,100000</SLOV>
    <SVIZ>38,100000</SVIZ>
    <BSP>38,100000</BSP>
    <MALT>53,630000</MALT>
    <XAUS>38,100000</XAUS>
    <XFRA>38,100000</XFRA>
  </Prezzi>
  <Prezzi>
    <Data>20160322</Data>
    <Mercato>MGP</Mercato>
    <Ora>9</Ora>
    <PUN>39,117970</PUN>
    <NAT>38,940000</NAT>
    <CNOR>37,500000</CNOR>
    <CSUD>37,500000</CSUD>
    <NORD>39,721540</NORD>
    <SARD>37,500000</SARD>
    <SICI>46,000000</SICI>
    <SUD>36,140000</SUD>
    <AUST>39,721540</AUST>
    <BRNN>36,140000</BRNN>
    <COAC>37,500000</COAC>
    <CORS>37,500000</CORS>
    <FOGN>36,140000</FOGN>
    <FRAN>39,721540</FRAN>
    <GREC>36,140000</GREC>
    <MFTV>39,721540</MFTV>
    <PRGP>46,000000</PRGP>
    <ROSN>36,140000</ROSN>
    <SLOV>39,721540</SLOV>
    <SVIZ>39,721540</SVIZ>
    <BSP>39,721540</BSP>
    <MALT>46,000000</MALT>
    <XAUS>39,721540</XAUS>
    <XFRA>39,721540</XFRA>
  </Prezzi>
  <Prezzi>
    <Data>20160322</Data>
    <Mercato>MGP</Mercato>
    <Ora>10</Ora>
    <PUN>36,590330</PUN>
    <NAT>37,300000</NAT>
    <CNOR>33,000000</CNOR>
    <CSUD>33,000000</CSUD>
    <NORD>38,905460</NORD>
    <SARD>33,000000</SARD>
    <SICI>33,000000</SICI>
    <SUD>33,000000</SUD>
    <AUST>38,905460</AUST>
    <BRNN>33,000000</BRNN>
    <COAC>33,000000</COAC>
    <CORS>33,000000</CORS>
    <FOGN>33,000000</FOGN>
    <FRAN>38,905460</FRAN>
    <GREC>33,000000</GREC>
    <MFTV>38,905460</MFTV>
    <PRGP>33,000000</PRGP>
    <ROSN>33,000000</ROSN>
    <SLOV>38,905460</SLOV>
    <SVIZ>38,905460</SVIZ>
    <BSP>38,905460</BSP>
    <MALT>33,000000</MALT>
    <XAUS>38,905460</XAUS>
    <XFRA>38,905460</XFRA>
  </Prezzi>
  <Prezzi>
    <Data>20160322</Data>
    <Mercato>MGP</Mercato>
    <Ora>11</Ora>
    <PUN>34,041360</PUN>
    <NAT>34,500000</NAT>
    <CNOR>28,000000</CNOR>
    <CSUD>28,000000</CSUD>
    <NORD>38,000000</NORD>
    <SARD>28,000000</SARD>
    <SICI>28,000000</SICI>
    <SUD>28,000000</SUD>
    <AUST>38,000000</AUST>
    <BRNN>28,000000</BRNN>
    <COAC>28,000000</COAC>
    <CORS>28,000000</CORS>
    <FOGN>28,000000</FOGN>
    <FRAN>38,000000</FRAN>
    <GREC>28,000000</GREC>
    <MFTV>38,000000</MFTV>
    <PRGP>28,000000</PRGP>
    <ROSN>28,000000</ROSN>
    <SLOV>38,000000</SLOV>
    <SVIZ>38,000000</SVIZ>
    <BSP>38,000000</BSP>
    <MALT>28,000000</MALT>
    <XAUS>38,000000</XAUS>
    <XFRA>38,000000</XFRA>
  </Prezzi>
  <Prezzi>
    <Data>20160322</Data>
    <Mercato>MGP</Mercato>
    <Ora>12</Ora>
    <PUN>33,433260</PUN>
    <NAT>33,440000</NAT>
    <CNOR>29,910000</CNOR>
    <CSUD>29,910000</CSUD>
    <NORD>36,200000</NORD>
    <SARD>29,910000</SARD>
    <SICI>28,000000</SICI>
    <SUD>28,000000</SUD>
    <AUST>36,200000</AUST>
    <BRNN>28,000000</BRNN>
    <COAC>29,910000</COAC>
    <CORS>29,910000</CORS>
    <FOGN>28,000000</FOGN>
    <FRAN>36,200000</FRAN>
    <GREC>28,000000</GREC>
    <MFTV>36,200000</MFTV>
    <PRGP>28,000000</PRGP>
    <ROSN>28,000000</ROSN>
    <SLOV>36,200000</SLOV>
    <SVIZ>36,200000</SVIZ>
    <BSP>36,200000</BSP>
    <MALT>28,000000</MALT>
    <XAUS>36,200000</XAUS>
    <XFRA>36,200000</XFRA>
  </Prezzi>
  <Prezzi>
    <Data>20160322</Data>
    <Mercato>MGP</Mercato>
    <Ora>13</Ora>
    <PUN>30,956910</PUN>
    <NAT>31,170000</NAT>
    <CNOR>28,010000</CNOR>
    <CSUD>28,000000</CSUD>
    <NORD>32,990000</NORD>
    <SARD>28,000000</SARD>
    <SICI>28,000000</SICI>
    <SUD>28,000000</SUD>
    <AUST>32,990000</AUST>
    <BRNN>28,000000</BRNN>
    <COAC>28,000000</COAC>
    <CORS>28,010000</CORS>
    <FOGN>28,000000</FOGN>
    <FRAN>32,990000</FRAN>
    <GREC>28,000000</GREC>
    <MFTV>32,990000</MFTV>
    <PRGP>28,000000</PRGP>
    <ROSN>28,000000</ROSN>
    <SLOV>32,990000</SLOV>
    <SVIZ>32,990000</SVIZ>
    <BSP>32,990000</BSP>
    <MALT>28,000000</MALT>
    <XAUS>32,990000</XAUS>
    <XFRA>32,990000</XFRA>
  </Prezzi>
  <Prezzi>
    <Data>20160322</Data>
    <Mercato>MGP</Mercato>
    <Ora>14</Ora>
    <PUN>30,398820</PUN>
    <NAT>29,330000</NAT>
    <CNOR>27,670000</CNOR>
    <CSUD>27,670000</CSUD>
    <NORD>32,220000</NORD>
    <SARD>27,670000</SARD>
    <SICI>27,330000</SICI>
    <SUD>27,670000</SUD>
    <AUST>32,220000</AUST>
    <BRNN>27,670000</BRNN>
    <COAC>27,670000</COAC>
    <CORS>27,670000</CORS>
    <FOGN>27,670000</FOGN>
    <FRAN>32,220000</FRAN>
    <GREC>27,670000</GREC>
    <MFTV>32,220000</MFTV>
    <PRGP>27,330000</PRGP>
    <ROSN>27,670000</ROSN>
    <SLOV>32,220000</SLOV>
    <SVIZ>32,220000</SVIZ>
    <BSP>32,220000</BSP>
    <MALT>27,330000</MALT>
    <XAUS>32,220000</XAUS>
    <XFRA>32,220000</XFRA>
  </Prezzi>
  <Prezzi>
    <Data>20160322</Data>
    <Mercato>MGP</Mercato>
    <Ora>15</Ora>
    <PUN>31,310210</PUN>
    <NAT>31,170000</NAT>
    <CNOR>26,990000</CNOR>
    <CSUD>26,990000</CSUD>
    <NORD>34,000000</NORD>
    <SARD>26,990000</SARD>
    <SICI>26,720000</SICI>
    <SUD>26,990000</SUD>
    <AUST>34,000000</AUST>
    <BRNN>26,990000</BRNN>
    <COAC>26,990000</COAC>
    <CORS>26,990000</CORS>
    <FOGN>26,990000</FOGN>
    <FRAN>34,000000</FRAN>
    <GREC>26,990000</GREC>
    <MFTV>34,000000</MFTV>
    <PRGP>26,720000</PRGP>
    <ROSN>26,990000</ROSN>
    <SLOV>34,000000</SLOV>
    <SVIZ>34,000000</SVIZ>
    <BSP>34,000000</BSP>
    <MALT>26,720000</MALT>
    <XAUS>34,000000</XAUS>
    <XFRA>34,000000</XFRA>
  </Prezzi>
  <Prezzi>
    <Data>20160322</Data>
    <Mercato>MGP</Mercato>
    <Ora>16</Ora>
    <PUN>33,807340</PUN>
    <NAT>34,000000</NAT>
    <CNOR>28,010000</CNOR>
    <CSUD>28,010000</CSUD>
    <NORD>37,460000</NORD>
    <SARD>28,010000</SARD>
    <SICI>28,010000</SICI>
    <SUD>28,010000</SUD>
    <AUST>37,460000</AUST>
    <BRNN>28,010000</BRNN>
    <COAC>28,010000</COAC>
    <CORS>28,010000</CORS>
    <FOGN>28,010000</FOGN>
    <FRAN>37,460000</FRAN>
    <GREC>28,010000</GREC>
    <MFTV>37,460000</MFTV>
    <PRGP>28,010000</PRGP>
    <ROSN>28,010000</ROSN>
    <SLOV>37,460000</SLOV>
    <SVIZ>37,460000</SVIZ>
    <BSP>37,460000</BSP>
    <MALT>28,010000</MALT>
    <XAUS>37,460000</XAUS>
    <XFRA>37,460000</XFRA>
  </Prezzi>
  <Prezzi>
    <Data>20160322</Data>
    <Mercato>MGP</Mercato>
    <Ora>17</Ora>
    <PUN>36,128410</PUN>
    <NAT>35,800000</NAT>
    <CNOR>33,400000</CNOR>
    <CSUD>33,400000</CSUD>
    <NORD>37,900000</NORD>
    <SARD>33,400000</SARD>
    <SICI>33,400000</SICI>
    <SUD>33,400000</SUD>
    <AUST>37,900000</AUST>
    <BRNN>33,400000</BRNN>
    <COAC>33,400000</COAC>
    <CORS>33,400000</CORS>
    <FOGN>33,400000</FOGN>
    <FRAN>37,900000</FRAN>
    <GREC>33,400000</GREC>
    <MFTV>37,900000</MFTV>
    <PRGP>33,400000</PRGP>
    <ROSN>33,400000</ROSN>
    <SLOV>37,900000</SLOV>
    <SVIZ>37,900000</SVIZ>
    <BSP>37,900000</BSP>
    <MALT>33,400000</MALT>
    <XAUS>37,900000</XAUS>
    <XFRA>37,900000</XFRA>
  </Prezzi>
  <Prezzi>
    <Data>20160322</Data>
    <Mercato>MGP</Mercato>
    <Ora>18</Ora>
    <PUN>38,760570</PUN>
    <NAT>38,000000</NAT>
    <CNOR>38,000000</CNOR>
    <CSUD>38,000000</CSUD>
    <NORD>38,000000</NORD>
    <SARD>38,000000</SARD>
    <SICI>53,630000</SICI>
    <SUD>38,000000</SUD>
    <AUST>38,000000</AUST>
    <BRNN>38,000000</BRNN>
    <COAC>38,000000</COAC>
    <CORS>38,000000</CORS>
    <FOGN>38,000000</FOGN>
    <FRAN>38,000000</FRAN>
    <GREC>38,000000</GREC>
    <MFTV>38,000000</MFTV>
    <PRGP>53,630000</PRGP>
    <ROSN>38,000000</ROSN>
    <SLOV>38,000000</SLOV>
    <SVIZ>38,000000</SVIZ>
    <BSP>38,000000</BSP>
    <MALT>53,630000</MALT>
    <XAUS>38,000000</XAUS>
    <XFRA>38,000000</XFRA>
  </Prezzi>
  <Prezzi>
    <Data>20160322</Data>
    <Mercato>MGP</Mercato>
    <Ora>19</Ora>
    <PUN>40,724150</PUN>
    <NAT>41,790000</NAT>
    <CNOR>40,000000</CNOR>
    <CSUD>40,000000</CSUD>
    <NORD>40,000000</NORD>
    <SARD>40,000000</SARD>
    <SICI>53,630000</SICI>
    <SUD>40,000000</SUD>
    <AUST>40,000000</AUST>
    <BRNN>40,000000</BRNN>
    <COAC>40,000000</COAC>
    <CORS>40,000000</CORS>
    <FOGN>40,000000</FOGN>
    <FRAN>40,000000</FRAN>
    <GREC>40,000000</GREC>
    <MFTV>40,000000</MFTV>
    <PRGP>53,630000</PRGP>
    <ROSN>40,000000</ROSN>
    <SLOV>40,000000</SLOV>
    <SVIZ>40,000000</SVIZ>
    <BSP>40,000000</BSP>
    <MALT>53,630000</MALT>
    <XAUS>40,000000</XAUS>
    <XFRA>40,000000</XFRA>
  </Prezzi>
  <Prezzi>
    <Data>20160322</Data>
    <Mercato>MGP</Mercato>
    <Ora>20</Ora>
    <PUN>45,499290</PUN>
    <NAT>46,500000</NAT>
    <CNOR>45,000000</CNOR>
    <CSUD>45,000000</CSUD>
    <NORD>45,000000</NORD>
    <SARD>45,000000</SARD>
    <SICI>53,760000</SICI>
    <SUD>45,000000</SUD>
    <AUST>45,000000</AUST>
    <BRNN>45,000000</BRNN>
    <COAC>45,000000</COAC>
    <CORS>45,000000</CORS>
    <FOGN>45,000000</FOGN>
    <FRAN>45,000000</FRAN>
    <GREC>45,000000</GREC>
    <MFTV>45,000000</MFTV>
    <PRGP>53,760000</PRGP>
    <ROSN>45,000000</ROSN>
    <SLOV>45,000000</SLOV>
    <SVIZ>45,000000</SVIZ>
    <BSP>45,000000</BSP>
    <MALT>53,760000</MALT>
    <XAUS>45,000000</XAUS>
    <XFRA>45,000000</XFRA>
  </Prezzi>
  <Prezzi>
    <Data>20160322</Data>
    <Mercato>MGP</Mercato>
    <Ora>21</Ora>
    <PUN>39,329600</PUN>
    <NAT>39,000000</NAT>
    <CNOR>38,370000</CNOR>
    <CSUD>38,370000</CSUD>
    <NORD>38,370000</NORD>
    <SARD>38,370000</SARD>
    <SICI>53,840000</SICI>
    <SUD>38,370000</SUD>
    <AUST>38,370000</AUST>
    <BRNN>38,370000</BRNN>
    <COAC>38,370000</COAC>
    <CORS>38,370000</CORS>
    <FOGN>38,370000</FOGN>
    <FRAN>38,370000</FRAN>
    <GREC>38,370000</GREC>
    <MFTV>38,370000</MFTV>
    <PRGP>53,840000</PRGP>
    <ROSN>38,370000</ROSN>
    <SLOV>38,370000</SLOV>
    <SVIZ>38,370000</SVIZ>
    <BSP>38,370000</BSP>
    <MALT>53,840000</MALT>
    <XAUS>38,370000</XAUS>
    <XFRA>38,370000</XFRA>
  </Prezzi>
  <Prezzi>
    <Data>20160322</Data>
    <Mercato>MGP</Mercato>
    <Ora>22</Ora>
    <PUN>37,532130</PUN>
    <NAT>37,000000</NAT>
    <CNOR>36,500000</CNOR>
    <CSUD>36,500000</CSUD>
    <NORD>36,500000</NORD>
    <SARD>36,500000</SARD>
    <SICI>53,760000</SICI>
    <SUD>36,500000</SUD>
    <AUST>36,500000</AUST>
    <BRNN>36,500000</BRNN>
    <COAC>36,500000</COAC>
    <CORS>36,500000</CORS>
    <FOGN>36,500000</FOGN>
    <FRAN>36,500000</FRAN>
    <GREC>36,500000</GREC>
    <MFTV>36,500000</MFTV>
    <PRGP>53,760000</PRGP>
    <ROSN>36,500000</ROSN>
    <SLOV>36,500000</SLOV>
    <SVIZ>36,500000</SVIZ>
    <BSP>36,500000</BSP>
    <MALT>53,760000</MALT>
    <XAUS>36,500000</XAUS>
    <XFRA>36,500000</XFRA>
  </Prezzi>
  <Prezzi>
    <Data>20160322</Data>
    <Mercato>MGP</Mercato>
    <Ora>23</Ora>
    <PUN>35,693630</PUN>
    <NAT>35,000000</NAT>
    <CNOR>34,500000</CNOR>
    <CSUD>34,500000</CSUD>
    <NORD>34,500000</NORD>
    <SARD>34,500000</SARD>
    <SICI>53,760000</SICI>
    <SUD>34,500000</SUD>
    <AUST>34,500000</AUST>
    <BRNN>34,500000</BRNN>
    <COAC>34,500000</COAC>
    <CORS>34,500000</CORS>
    <FOGN>34,500000</FOGN>
    <FRAN>34,500000</FRAN>
    <GREC>34,500000</GREC>
    <MFTV>34,500000</MFTV>
    <PRGP>53,760000</PRGP>
    <ROSN>34,500000</ROSN>
    <SLOV>34,500000</SLOV>
    <SVIZ>34,500000</SVIZ>
    <BSP>34,500000</BSP>
    <MALT>53,760000</MALT>
    <XAUS>34,500000</XAUS>
    <XFRA>34,500000</XFRA>
  </Prezzi>
  <Prezzi>
    <Data>20160322</Data>
    <Mercato>MGP</Mercato>
    <Ora>24</Ora>
    <PUN>32,754110</PUN>
    <NAT>32,180000</NAT>
    <CNOR>32,090000</CNOR>
    <CSUD>32,090000</CSUD>
    <NORD>32,090000</NORD>
    <SARD>32,090000</SARD>
    <SICI>42,990000</SICI>
    <SUD>32,090000</SUD>
    <AUST>32,090000</AUST>
    <BRNN>32,090000</BRNN>
    <COAC>32,090000</COAC>
    <CORS>32,090000</CORS>
    <FOGN>32,090000</FOGN>
    <FRAN>32,090000</FRAN>
    <GREC>32,090000</GREC>
    <MFTV>32,090000</MFTV>
    <PRGP>42,990000</PRGP>
    <ROSN>32,090000</ROSN>
    <SLOV>32,090000</SLOV>
    <SVIZ>32,090000</SVIZ>
    <BSP>32,090000</BSP>
    <MALT>42,990000</MALT>
    <XAUS>32,090000</XAUS>
    <XFRA>32,090000</XFRA>
  </Prezzi>
</NewDataSet>