<?xml version="1.0" standalone="yes"?>
<NewDataSet>
  <xs:schema id="NewDataSet" xmlns="" xmlns:xs="http://www.w3.org/2001/XMLSchema" xmlns:msdata="urn:schemas-microsoft-com:xml-msdata">
    <xs:element name="NewDataSet" msdata:IsDataSet="true" msdata:UseCurrentLocale="true">
      <xs:complexType>
        <xs:choice minOccurs="0" maxOccurs="unbounded">
          <xs:element name="Prezzi">
            <xs:complexType>
              <xs:sequence>
                <xs:element name="Data" type="xs:string" minOccurs="0" />
                <xs:element name="Mercato" type="xs:string" minOccurs="0" />
                <xs:element name="Ora" type="xs:string" minOccurs="0" />
                <xs:element name="PUN" type="xs:string" minOccurs="0" />
                <xs:element name="NAT" type="xs:string" minOccurs="0" />
                <xs:element name="CNOR" type="xs:string" minOccurs="0" />
                <xs:element name="CSUD" type="xs:string" minOccurs="0" />
                <xs:element name="NORD" type="xs:string" minOccurs="0" />
                <xs:element name="SARD" type="xs:string" minOccurs="0" />
                <xs:element name="SICI" type="xs:string" minOccurs="0" />
                <xs:element name="SUD" type="xs:string" minOccurs="0" />
                <xs:element name="AUST" type="xs:string" minOccurs="0" />
                <xs:element name="BRNN" type="xs:string" minOccurs="0" />
                <xs:element name="COAC" type="xs:string" minOccurs="0" />
                <xs:element name="CORS" type="xs:string" minOccurs="0" />
                <xs:element name="FOGN" type="xs:string" minOccurs="0" />
                <xs:element name="FRAN" type="xs:string" minOccurs="0" />
                <xs:element name="GREC" type="xs:string" minOccurs="0" />
                <xs:element name="MFTV" type="xs:string" minOccurs="0" />
                <xs:element name="PRGP" type="xs:string" minOccurs="0" />
                <xs:element name="ROSN" type="xs:string" minOccurs="0" />
                <xs:element name="SLOV" type="xs:string" minOccurs="0" />
                <xs:element name="SVIZ" type="xs:string" minOccurs="0" />
                <xs:element name="BSP" type="xs:string" minOccurs="0" />
                <xs:element name="MALT" type="xs:string" minOccurs="0" />
                <xs:element name="XAUS" type="xs:string" minOccurs="0" />
                <xs:element name="XFRA" type="xs:string" minOccurs="0" />
              </xs:sequence>
            </xs:complexType>
          </xs:element>
        </xs:choice>
      </xs:complexType>
    </xs:element>
  </xs:schema>
  <Prezzi>
    <Data>20160311</Data>
    <Mercato>MGP</Mercato>
    <Ora>1</Ora>
    <PUN>33,707340</PUN>
    <NAT>33,250000</NAT>
    <CNOR>32,650000</CNOR>
    <CSUD>32,650000</CSUD>
    <NORD>32,650000</NORD>
    <SARD>32,650000</SARD>
    <SICI>50,060000</SICI>
    <SUD>32,650000</SUD>
    <AUST>32,650000</AUST>
    <BRNN>32,650000</BRNN>
    <COAC>32,650000</COAC>
    <CORS>32,650000</CORS>
    <FOGN>32,650000</FOGN>
    <FRAN>32,650000</FRAN>
    <GREC>32,650000</GREC>
    <MFTV>32,650000</MFTV>
    <PRGP>50,060000</PRGP>
    <ROSN>32,650000</ROSN>
    <SLOV>32,650000</SLOV>
    <SVIZ>32,650000</SVIZ>
    <BSP>32,650000</BSP>
    <MALT>50,060000</MALT>
    <XAUS>32,650000</XAUS>
    <XFRA>32,650000</XFRA>
  </Prezzi>
  <Prezzi>
    <Data>20160311</Data>
    <Mercato>MGP</Mercato>
    <Ora>2</Ora>
    <PUN>31,122900</PUN>
    <NAT>30,000000</NAT>
    <CNOR>30,000000</CNOR>
    <CSUD>30,000000</CSUD>
    <NORD>30,000000</NORD>
    <SARD>30,000000</SARD>
    <SICI>48,680000</SICI>
    <SUD>30,000000</SUD>
    <AUST>30,000000</AUST>
    <BRNN>30,000000</BRNN>
    <COAC>30,000000</COAC>
    <CORS>30,000000</CORS>
    <FOGN>30,000000</FOGN>
    <FRAN>30,000000</FRAN>
    <GREC>30,000000</GREC>
    <MFTV>30,000000</MFTV>
    <PRGP>48,680000</PRGP>
    <ROSN>30,000000</ROSN>
    <SLOV>30,000000</SLOV>
    <SVIZ>30,000000</SVIZ>
    <BSP>30,000000</BSP>
    <MALT>48,680000</MALT>
    <XAUS>30,000000</XAUS>
    <XFRA>30,000000</XFRA>
  </Prezzi>
  <Prezzi>
    <Data>20160311</Data>
    <Mercato>MGP</Mercato>
    <Ora>3</Ora>
    <PUN>29,980000</PUN>
    <NAT>29,980000</NAT>
    <CNOR>29,980000</CNOR>
    <CSUD>29,980000</CSUD>
    <NORD>29,980000</NORD>
    <SARD>29,980000</SARD>
    <SICI>29,980000</SICI>
    <SUD>29,980000</SUD>
    <AUST>29,980000</AUST>
    <BRNN>29,980000</BRNN>
    <COAC>29,980000</COAC>
    <CORS>29,980000</CORS>
    <FOGN>29,980000</FOGN>
    <FRAN>29,980000</FRAN>
    <GREC>29,980000</GREC>
    <MFTV>29,980000</MFTV>
    <PRGP>29,980000</PRGP>
    <ROSN>29,980000</ROSN>
    <SLOV>29,980000</SLOV>
    <SVIZ>29,980000</SVIZ>
    <BSP>29,980000</BSP>
    <MALT>29,980000</MALT>
    <XAUS>29,980000</XAUS>
    <XFRA>29,980000</XFRA>
  </Prezzi>
  <Prezzi>
    <Data>20160311</Data>
    <Mercato>MGP</Mercato>
    <Ora>4</Ora>
    <PUN>29,600000</PUN>
    <NAT>29,600000</NAT>
    <CNOR>29,600000</CNOR>
    <CSUD>29,600000</CSUD>
    <NORD>29,600000</NORD>
    <SARD>29,600000</SARD>
    <SICI>29,600000</SICI>
    <SUD>29,600000</SUD>
    <AUST>29,600000</AUST>
    <BRNN>29,600000</BRNN>
    <COAC>29,600000</COAC>
    <CORS>29,600000</CORS>
    <FOGN>29,600000</FOGN>
    <FRAN>29,600000</FRAN>
    <GREC>29,600000</GREC>
    <MFTV>29,600000</MFTV>
    <PRGP>29,600000</PRGP>
    <ROSN>29,600000</ROSN>
    <SLOV>29,600000</SLOV>
    <SVIZ>29,600000</SVIZ>
    <BSP>29,600000</BSP>
    <MALT>29,600000</MALT>
    <XAUS>29,600000</XAUS>
    <XFRA>29,600000</XFRA>
  </Prezzi>
  <Prezzi>
    <Data>20160311</Data>
    <Mercato>MGP</Mercato>
    <Ora>5</Ora>
    <PUN>29,520000</PUN>
    <NAT>29,520000</NAT>
    <CNOR>29,520000</CNOR>
    <CSUD>29,520000</CSUD>
    <NORD>29,520000</NORD>
    <SARD>29,520000</SARD>
    <SICI>29,520000</SICI>
    <SUD>29,520000</SUD>
    <AUST>29,520000</AUST>
    <BRNN>29,520000</BRNN>
    <COAC>29,520000</COAC>
    <CORS>29,520000</CORS>
    <FOGN>29,520000</FOGN>
    <FRAN>29,520000</FRAN>
    <GREC>29,520000</GREC>
    <MFTV>29,520000</MFTV>
    <PRGP>29,520000</PRGP>
    <ROSN>29,520000</ROSN>
    <SLOV>29,520000</SLOV>
    <SVIZ>29,520000</SVIZ>
    <BSP>29,520000</BSP>
    <MALT>29,520000</MALT>
    <XAUS>29,520000</XAUS>
    <XFRA>29,520000</XFRA>
  </Prezzi>
  <Prezzi>
    <Data>20160311</Data>
    <Mercato>MGP</Mercato>
    <Ora>6</Ora>
    <PUN>32,010000</PUN>
    <NAT>32,010000</NAT>
    <CNOR>32,010000</CNOR>
    <CSUD>32,010000</CSUD>
    <NORD>32,010000</NORD>
    <SARD>32,010000</SARD>
    <SICI>32,010000</SICI>
    <SUD>32,010000</SUD>
    <AUST>32,010000</AUST>
    <BRNN>32,010000</BRNN>
    <COAC>32,010000</COAC>
    <CORS>32,010000</CORS>
    <FOGN>32,010000</FOGN>
    <FRAN>32,010000</FRAN>
    <GREC>32,010000</GREC>
    <MFTV>32,010000</MFTV>
    <PRGP>32,010000</PRGP>
    <ROSN>32,010000</ROSN>
    <SLOV>32,010000</SLOV>
    <SVIZ>32,010000</SVIZ>
    <BSP>32,010000</BSP>
    <MALT>32,010000</MALT>
    <XAUS>32,010000</XAUS>
    <XFRA>32,010000</XFRA>
  </Prezzi>
  <Prezzi>
    <Data>20160311</Data>
    <Mercato>MGP</Mercato>
    <Ora>7</Ora>
    <PUN>37,000000</PUN>
    <NAT>37,000000</NAT>
    <CNOR>37,000000</CNOR>
    <CSUD>37,000000</CSUD>
    <NORD>37,000000</NORD>
    <SARD>37,000000</SARD>
    <SICI>37,000000</SICI>
    <SUD>37,000000</SUD>
    <AUST>37,000000</AUST>
    <BRNN>37,000000</BRNN>
    <COAC>37,000000</COAC>
    <CORS>37,000000</CORS>
    <FOGN>37,000000</FOGN>
    <FRAN>37,000000</FRAN>
    <GREC>37,000000</GREC>
    <MFTV>37,000000</MFTV>
    <PRGP>37,000000</PRGP>
    <ROSN>37,000000</ROSN>
    <SLOV>37,000000</SLOV>
    <SVIZ>37,000000</SVIZ>
    <BSP>37,000000</BSP>
    <MALT>37,000000</MALT>
    <XAUS>37,000000</XAUS>
    <XFRA>37,000000</XFRA>
  </Prezzi>
  <Prezzi>
    <Data>20160311</Data>
    <Mercato>MGP</Mercato>
    <Ora>8</Ora>
    <PUN>37,534220</PUN>
    <NAT>38,000000</NAT>
    <CNOR>37,100000</CNOR>
    <CSUD>37,100000</CSUD>
    <NORD>37,100000</NORD>
    <SARD>37,100000</SARD>
    <SICI>46,000000</SICI>
    <SUD>37,100000</SUD>
    <AUST>37,100000</AUST>
    <BRNN>37,100000</BRNN>
    <COAC>37,100000</COAC>
    <CORS>37,100000</CORS>
    <FOGN>37,100000</FOGN>
    <FRAN>37,100000</FRAN>
    <GREC>37,100000</GREC>
    <MFTV>37,100000</MFTV>
    <PRGP>46,000000</PRGP>
    <ROSN>37,100000</ROSN>
    <SLOV>37,100000</SLOV>
    <SVIZ>37,100000</SVIZ>
    <BSP>37,100000</BSP>
    <MALT>46,000000</MALT>
    <XAUS>37,100000</XAUS>
    <XFRA>37,100000</XFRA>
  </Prezzi>
  <Prezzi>
    <Data>20160311</Data>
    <Mercato>MGP</Mercato>
    <Ora>9</Ora>
    <PUN>38,638860</PUN>
    <NAT>39,000000</NAT>
    <CNOR>36,590000</CNOR>
    <CSUD>36,590000</CSUD>
    <NORD>39,000000</NORD>
    <SARD>36,590000</SARD>
    <SICI>48,680000</SICI>
    <SUD>36,590000</SUD>
    <AUST>39,000000</AUST>
    <BRNN>36,590000</BRNN>
    <COAC>36,590000</COAC>
    <CORS>36,590000</CORS>
    <FOGN>36,590000</FOGN>
    <FRAN>39,000000</FRAN>
    <GREC>36,590000</GREC>
    <MFTV>39,000000</MFTV>
    <PRGP>48,680000</PRGP>
    <ROSN>36,590000</ROSN>
    <SLOV>39,000000</SLOV>
    <SVIZ>39,000000</SVIZ>
    <BSP>39,000000</BSP>
    <MALT>48,680000</MALT>
    <XAUS>39,000000</XAUS>
    <XFRA>39,000000</XFRA>
  </Prezzi>
  <Prezzi>
    <Data>20160311</Data>
    <Mercato>MGP</Mercato>
    <Ora>10</Ora>
    <PUN>39,202090</PUN>
    <NAT>38,600000</NAT>
    <CNOR>36,500000</CNOR>
    <CSUD>36,500000</CSUD>
    <NORD>40,020000</NORD>
    <SARD>36,500000</SARD>
    <SICI>48,680000</SICI>
    <SUD>36,500000</SUD>
    <AUST>40,020000</AUST>
    <BRNN>36,500000</BRNN>
    <COAC>36,500000</COAC>
    <CORS>36,500000</CORS>
    <FOGN>36,500000</FOGN>
    <FRAN>40,020000</FRAN>
    <GREC>36,500000</GREC>
    <MFTV>40,020000</MFTV>
    <PRGP>48,680000</PRGP>
    <ROSN>36,500000</ROSN>
    <SLOV>40,020000</SLOV>
    <SVIZ>40,020000</SVIZ>
    <BSP>40,020000</BSP>
    <MALT>48,680000</MALT>
    <XAUS>40,020000</XAUS>
    <XFRA>40,020000</XFRA>
  </Prezzi>
  <Prezzi>
    <Data>20160311</Data>
    <Mercato>MGP</Mercato>
    <Ora>11</Ora>
    <PUN>39,188580</PUN>
    <NAT>38,370000</NAT>
    <CNOR>36,000000</CNOR>
    <CSUD>36,000000</CSUD>
    <NORD>40,300000</NORD>
    <SARD>36,000000</SARD>
    <SICI>48,680000</SICI>
    <SUD>36,000000</SUD>
    <AUST>40,300000</AUST>
    <BRNN>36,000000</BRNN>
    <COAC>36,000000</COAC>
    <CORS>36,000000</CORS>
    <FOGN>36,000000</FOGN>
    <FRAN>40,300000</FRAN>
    <GREC>36,000000</GREC>
    <MFTV>40,300000</MFTV>
    <PRGP>48,680000</PRGP>
    <ROSN>36,000000</ROSN>
    <SLOV>40,300000</SLOV>
    <SVIZ>40,300000</SVIZ>
    <BSP>40,300000</BSP>
    <MALT>48,680000</MALT>
    <XAUS>40,300000</XAUS>
    <XFRA>40,300000</XFRA>
  </Prezzi>
  <Prezzi>
    <Data>20160311</Data>
    <Mercato>MGP</Mercato>
    <Ora>12</Ora>
    <PUN>36,868530</PUN>
    <NAT>36,090000</NAT>
    <CNOR>35,010000</CNOR>
    <CSUD>35,010000</CSUD>
    <NORD>37,030000</NORD>
    <SARD>35,010000</SARD>
    <SICI>48,680000</SICI>
    <SUD>35,010000</SUD>
    <AUST>37,030000</AUST>
    <BRNN>35,010000</BRNN>
    <COAC>35,010000</COAC>
    <CORS>35,010000</CORS>
    <FOGN>35,010000</FOGN>
    <FRAN>37,030000</FRAN>
    <GREC>35,010000</GREC>
    <MFTV>37,030000</MFTV>
    <PRGP>48,680000</PRGP>
    <ROSN>35,010000</ROSN>
    <SLOV>37,030000</SLOV>
    <SVIZ>37,030000</SVIZ>
    <BSP>37,030000</BSP>
    <MALT>48,680000</MALT>
    <XAUS>37,030000</XAUS>
    <XFRA>37,030000</XFRA>
  </Prezzi>
  <Prezzi>
    <Data>20160311</Data>
    <Mercato>MGP</Mercato>
    <Ora>13</Ora>
    <PUN>33,582000</PUN>
    <NAT>33,000000</NAT>
    <CNOR>29,990000</CNOR>
    <CSUD>29,990000</CSUD>
    <NORD>34,500000</NORD>
    <SARD>29,990000</SARD>
    <SICI>48,680000</SICI>
    <SUD>29,990000</SUD>
    <AUST>34,500000</AUST>
    <BRNN>29,990000</BRNN>
    <COAC>29,990000</COAC>
    <CORS>29,990000</CORS>
    <FOGN>29,990000</FOGN>
    <FRAN>34,500000</FRAN>
    <GREC>29,990000</GREC>
    <MFTV>34,500000</MFTV>
    <PRGP>48,680000</PRGP>
    <ROSN>29,990000</ROSN>
    <SLOV>34,500000</SLOV>
    <SVIZ>34,500000</SVIZ>
    <BSP>34,500000</BSP>
    <MALT>48,680000</MALT>
    <XAUS>34,500000</XAUS>
    <XFRA>34,500000</XFRA>
  </Prezzi>
  <Prezzi>
    <Data>20160311</Data>
    <Mercato>MGP</Mercato>
    <Ora>14</Ora>
    <PUN>32,850270</PUN>
    <NAT>32,020000</NAT>
    <CNOR>29,990000</CNOR>
    <CSUD>29,990000</CSUD>
    <NORD>34,500000</NORD>
    <SARD>29,990000</SARD>
    <SICI>33,350000</SICI>
    <SUD>29,990000</SUD>
    <AUST>34,500000</AUST>
    <BRNN>29,990000</BRNN>
    <COAC>29,990000</COAC>
    <CORS>29,990000</CORS>
    <FOGN>29,990000</FOGN>
    <FRAN>34,500000</FRAN>
    <GREC>29,990000</GREC>
    <MFTV>34,500000</MFTV>
    <PRGP>33,350000</PRGP>
    <ROSN>29,990000</ROSN>
    <SLOV>34,500000</SLOV>
    <SVIZ>34,500000</SVIZ>
    <BSP>34,500000</BSP>
    <MALT>33,350000</MALT>
    <XAUS>34,500000</XAUS>
    <XFRA>34,500000</XFRA>
  </Prezzi>
  <Prezzi>
    <Data>20160311</Data>
    <Mercato>MGP</Mercato>
    <Ora>15</Ora>
    <PUN>34,231740</PUN>
    <NAT>33,490000</NAT>
    <CNOR>30,000000</CNOR>
    <CSUD>30,000000</CSUD>
    <NORD>36,990000</NORD>
    <SARD>30,000000</SARD>
    <SICI>30,000000</SICI>
    <SUD>30,000000</SUD>
    <AUST>36,990000</AUST>
    <BRNN>30,000000</BRNN>
    <COAC>30,000000</COAC>
    <CORS>30,000000</CORS>
    <FOGN>30,000000</FOGN>
    <FRAN>36,990000</FRAN>
    <GREC>30,000000</GREC>
    <MFTV>36,990000</MFTV>
    <PRGP>30,000000</PRGP>
    <ROSN>30,000000</ROSN>
    <SLOV>36,990000</SLOV>
    <SVIZ>36,990000</SVIZ>
    <BSP>36,990000</BSP>
    <MALT>30,000000</MALT>
    <XAUS>36,990000</XAUS>
    <XFRA>36,990000</XFRA>
  </Prezzi>
  <Prezzi>
    <Data>20160311</Data>
    <Mercato>MGP</Mercato>
    <Ora>16</Ora>
    <PUN>35,901000</PUN>
    <NAT>34,500000</NAT>
    <CNOR>32,230000</CNOR>
    <CSUD>32,230000</CSUD>
    <NORD>37,000000</NORD>
    <SARD>32,230000</SARD>
    <SICI>48,680000</SICI>
    <SUD>32,230000</SUD>
    <AUST>37,000000</AUST>
    <BRNN>32,230000</BRNN>
    <COAC>32,230000</COAC>
    <CORS>32,230000</CORS>
    <FOGN>32,230000</FOGN>
    <FRAN>37,000000</FRAN>
    <GREC>32,230000</GREC>
    <MFTV>37,000000</MFTV>
    <PRGP>48,680000</PRGP>
    <ROSN>32,230000</ROSN>
    <SLOV>37,000000</SLOV>
    <SVIZ>37,000000</SVIZ>
    <BSP>37,000000</BSP>
    <MALT>48,680000</MALT>
    <XAUS>37,000000</XAUS>
    <XFRA>37,000000</XFRA>
  </Prezzi>
  <Prezzi>
    <Data>20160311</Data>
    <Mercato>MGP</Mercato>
    <Ora>17</Ora>
    <PUN>37,032450</PUN>
    <NAT>36,400000</NAT>
    <CNOR>35,500000</CNOR>
    <CSUD>35,500000</CSUD>
    <NORD>37,000000</NORD>
    <SARD>35,500000</SARD>
    <SICI>48,680000</SICI>
    <SUD>35,500000</SUD>
    <AUST>37,000000</AUST>
    <BRNN>35,500000</BRNN>
    <COAC>35,500000</COAC>
    <CORS>35,500000</CORS>
    <FOGN>35,500000</FOGN>
    <FRAN>37,000000</FRAN>
    <GREC>35,500000</GREC>
    <MFTV>37,000000</MFTV>
    <PRGP>48,680000</PRGP>
    <ROSN>35,500000</ROSN>
    <SLOV>37,000000</SLOV>
    <SVIZ>37,000000</SVIZ>
    <BSP>37,000000</BSP>
    <MALT>48,680000</MALT>
    <XAUS>37,000000</XAUS>
    <XFRA>37,000000</XFRA>
  </Prezzi>
  <Prezzi>
    <Data>20160311</Data>
    <Mercato>MGP</Mercato>
    <Ora>18</Ora>
    <PUN>39,065450</PUN>
    <NAT>39,000000</NAT>
    <CNOR>38,500000</CNOR>
    <CSUD>38,500000</CSUD>
    <NORD>38,500000</NORD>
    <SARD>38,500000</SARD>
    <SICI>50,060000</SICI>
    <SUD>38,090000</SUD>
    <AUST>38,500000</AUST>
    <BRNN>38,090000</BRNN>
    <COAC>38,500000</COAC>
    <CORS>38,500000</CORS>
    <FOGN>38,090000</FOGN>
    <FRAN>38,500000</FRAN>
    <GREC>38,090000</GREC>
    <MFTV>38,500000</MFTV>
    <PRGP>50,060000</PRGP>
    <ROSN>38,090000</ROSN>
    <SLOV>38,500000</SLOV>
    <SVIZ>38,500000</SVIZ>
    <BSP>38,500000</BSP>
    <MALT>50,060000</MALT>
    <XAUS>38,500000</XAUS>
    <XFRA>38,500000</XFRA>
  </Prezzi>
  <Prezzi>
    <Data>20160311</Data>
    <Mercato>MGP</Mercato>
    <Ora>19</Ora>
    <PUN>46,285130</PUN>
    <NAT>48,680000</NAT>
    <CNOR>45,840000</CNOR>
    <CSUD>45,840000</CSUD>
    <NORD>45,840000</NORD>
    <SARD>45,840000</SARD>
    <SICI>53,760000</SICI>
    <SUD>45,840000</SUD>
    <AUST>45,840000</AUST>
    <BRNN>45,840000</BRNN>
    <COAC>45,840000</COAC>
    <CORS>45,840000</CORS>
    <FOGN>45,840000</FOGN>
    <FRAN>45,840000</FRAN>
    <GREC>45,840000</GREC>
    <MFTV>45,840000</MFTV>
    <PRGP>53,760000</PRGP>
    <ROSN>45,840000</ROSN>
    <SLOV>45,840000</SLOV>
    <SVIZ>45,840000</SVIZ>
    <BSP>45,840000</BSP>
    <MALT>53,760000</MALT>
    <XAUS>45,840000</XAUS>
    <XFRA>45,840000</XFRA>
  </Prezzi>
  <Prezzi>
    <Data>20160311</Data>
    <Mercato>MGP</Mercato>
    <Ora>20</Ora>
    <PUN>54,909990</PUN>
    <NAT>54,390000</NAT>
    <CNOR>55,010000</CNOR>
    <CSUD>55,010000</CSUD>
    <NORD>55,010000</NORD>
    <SARD>55,010000</SARD>
    <SICI>54,390000</SICI>
    <SUD>54,390000</SUD>
    <AUST>55,010000</AUST>
    <BRNN>54,390000</BRNN>
    <COAC>55,010000</COAC>
    <CORS>55,010000</CORS>
    <FOGN>54,390000</FOGN>
    <FRAN>55,010000</FRAN>
    <GREC>54,390000</GREC>
    <MFTV>55,010000</MFTV>
    <PRGP>54,390000</PRGP>
    <ROSN>54,390000</ROSN>
    <SLOV>55,010000</SLOV>
    <SVIZ>55,010000</SVIZ>
    <BSP>55,010000</BSP>
    <MALT>54,390000</MALT>
    <XAUS>55,010000</XAUS>
    <XFRA>55,010000</XFRA>
  </Prezzi>
  <Prezzi>
    <Data>20160311</Data>
    <Mercato>MGP</Mercato>
    <Ora>21</Ora>
    <PUN>40,987690</PUN>
    <NAT>42,100000</NAT>
    <CNOR>40,040000</CNOR>
    <CSUD>40,040000</CSUD>
    <NORD>40,040000</NORD>
    <SARD>40,040000</SARD>
    <SICI>54,390000</SICI>
    <SUD>40,040000</SUD>
    <AUST>40,040000</AUST>
    <BRNN>40,040000</BRNN>
    <COAC>40,040000</COAC>
    <CORS>40,040000</CORS>
    <FOGN>40,040000</FOGN>
    <FRAN>40,040000</FRAN>
    <GREC>40,040000</GREC>
    <MFTV>40,040000</MFTV>
    <PRGP>54,390000</PRGP>
    <ROSN>40,040000</ROSN>
    <SLOV>40,040000</SLOV>
    <SVIZ>40,040000</SVIZ>
    <BSP>40,040000</BSP>
    <MALT>54,390000</MALT>
    <XAUS>40,040000</XAUS>
    <XFRA>40,040000</XFRA>
  </Prezzi>
  <Prezzi>
    <Data>20160311</Data>
    <Mercato>MGP</Mercato>
    <Ora>22</Ora>
    <PUN>37,388940</PUN>
    <NAT>38,350000</NAT>
    <CNOR>36,290000</CNOR>
    <CSUD>36,290000</CSUD>
    <NORD>36,290000</NORD>
    <SARD>36,290000</SARD>
    <SICI>53,760000</SICI>
    <SUD>36,290000</SUD>
    <AUST>36,290000</AUST>
    <BRNN>36,290000</BRNN>
    <COAC>36,290000</COAC>
    <CORS>36,290000</CORS>
    <FOGN>36,290000</FOGN>
    <FRAN>36,290000</FRAN>
    <GREC>36,290000</GREC>
    <MFTV>36,290000</MFTV>
    <PRGP>53,760000</PRGP>
    <ROSN>36,290000</ROSN>
    <SLOV>36,290000</SLOV>
    <SVIZ>36,290000</SVIZ>
    <BSP>36,290000</BSP>
    <MALT>53,760000</MALT>
    <XAUS>36,290000</XAUS>
    <XFRA>36,290000</XFRA>
  </Prezzi>
  <Prezzi>
    <Data>20160311</Data>
    <Mercato>MGP</Mercato>
    <Ora>23</Ora>
    <PUN>36,170610</PUN>
    <NAT>36,290000</NAT>
    <CNOR>34,990000</CNOR>
    <CSUD>34,990000</CSUD>
    <NORD>34,990000</NORD>
    <SARD>34,990000</SARD>
    <SICI>53,630000</SICI>
    <SUD>34,990000</SUD>
    <AUST>34,990000</AUST>
    <BRNN>34,990000</BRNN>
    <COAC>34,990000</COAC>
    <CORS>34,990000</CORS>
    <FOGN>34,990000</FOGN>
    <FRAN>34,990000</FRAN>
    <GREC>34,990000</GREC>
    <MFTV>34,990000</MFTV>
    <PRGP>53,630000</PRGP>
    <ROSN>34,990000</ROSN>
    <SLOV>34,990000</SLOV>
    <SVIZ>34,990000</SVIZ>
    <BSP>34,990000</BSP>
    <MALT>53,630000</MALT>
    <XAUS>34,990000</XAUS>
    <XFRA>34,990000</XFRA>
  </Prezzi>
  <Prezzi>
    <Data>20160311</Data>
    <Mercato>MGP</Mercato>
    <Ora>24</Ora>
    <PUN>34,510200</PUN>
    <NAT>33,630000</NAT>
    <CNOR>33,500000</CNOR>
    <CSUD>33,500000</CSUD>
    <NORD>33,500000</NORD>
    <SARD>33,500000</SARD>
    <SICI>50,060000</SICI>
    <SUD>33,500000</SUD>
    <AUST>33,500000</AUST>
    <BRNN>33,500000</BRNN>
    <COAC>33,500000</COAC>
    <CORS>33,500000</CORS>
    <FOGN>33,500000</FOGN>
    <FRAN>33,500000</FRAN>
    <GREC>33,500000</GREC>
    <MFTV>33,500000</MFTV>
    <PRGP>50,060000</PRGP>
    <ROSN>33,500000</ROSN>
    <SLOV>33,500000</SLOV>
    <SVIZ>33,500000</SVIZ>
    <BSP>33,500000</BSP>
    <MALT>50,060000</MALT>
    <XAUS>33,500000</XAUS>
    <XFRA>33,500000</XFRA>
  </Prezzi>
</NewDataSet>