<?xml version="1.0" standalone="yes"?>
<NewDataSet>
  <xs:schema id="NewDataSet" xmlns="" xmlns:xs="http://www.w3.org/2001/XMLSchema" xmlns:msdata="urn:schemas-microsoft-com:xml-msdata">
    <xs:element name="NewDataSet" msdata:IsDataSet="true" msdata:UseCurrentLocale="true">
      <xs:complexType>
        <xs:choice minOccurs="0" maxOccurs="unbounded">
          <xs:element name="Prezzi">
            <xs:complexType>
              <xs:sequence>
                <xs:element name="Data" type="xs:string" minOccurs="0" />
                <xs:element name="Mercato" type="xs:string" minOccurs="0" />
                <xs:element name="Ora" type="xs:string" minOccurs="0" />
                <xs:element name="PUN" type="xs:string" minOccurs="0" />
                <xs:element name="NAT" type="xs:string" minOccurs="0" />
                <xs:element name="CNOR" type="xs:string" minOccurs="0" />
                <xs:element name="CSUD" type="xs:string" minOccurs="0" />
                <xs:element name="NORD" type="xs:string" minOccurs="0" />
                <xs:element name="SARD" type="xs:string" minOccurs="0" />
                <xs:element name="SICI" type="xs:string" minOccurs="0" />
                <xs:element name="SUD" type="xs:string" minOccurs="0" />
                <xs:element name="AUST" type="xs:string" minOccurs="0" />
                <xs:element name="BRNN" type="xs:string" minOccurs="0" />
                <xs:element name="COAC" type="xs:string" minOccurs="0" />
                <xs:element name="CORS" type="xs:string" minOccurs="0" />
                <xs:element name="FOGN" type="xs:string" minOccurs="0" />
                <xs:element name="FRAN" type="xs:string" minOccurs="0" />
                <xs:element name="GREC" type="xs:string" minOccurs="0" />
                <xs:element name="MFTV" type="xs:string" minOccurs="0" />
                <xs:element name="PRGP" type="xs:string" minOccurs="0" />
                <xs:element name="ROSN" type="xs:string" minOccurs="0" />
                <xs:element name="SLOV" type="xs:string" minOccurs="0" />
                <xs:element name="SVIZ" type="xs:string" minOccurs="0" />
                <xs:element name="BSP" type="xs:string" minOccurs="0" />
                <xs:element name="MALT" type="xs:string" minOccurs="0" />
                <xs:element name="XAUS" type="xs:string" minOccurs="0" />
                <xs:element name="XFRA" type="xs:string" minOccurs="0" />
              </xs:sequence>
            </xs:complexType>
          </xs:element>
        </xs:choice>
      </xs:complexType>
    </xs:element>
  </xs:schema>
  <Prezzi>
    <Data>20160317</Data>
    <Mercato>MGP</Mercato>
    <Ora>1</Ora>
    <PUN>32,387300</PUN>
    <NAT>33,100000</NAT>
    <CNOR>31,000000</CNOR>
    <CSUD>31,000000</CSUD>
    <NORD>31,000000</NORD>
    <SARD>31,000000</SARD>
    <SICI>53,760000</SICI>
    <SUD>31,000000</SUD>
    <AUST>31,000000</AUST>
    <BRNN>31,000000</BRNN>
    <COAC>31,000000</COAC>
    <CORS>31,000000</CORS>
    <FOGN>31,000000</FOGN>
    <FRAN>31,000000</FRAN>
    <GREC>31,000000</GREC>
    <MFTV>31,000000</MFTV>
    <PRGP>53,760000</PRGP>
    <ROSN>31,000000</ROSN>
    <SLOV>31,000000</SLOV>
    <SVIZ>31,000000</SVIZ>
    <BSP>31,000000</BSP>
    <MALT>53,760000</MALT>
    <XAUS>31,000000</XAUS>
    <XFRA>31,000000</XFRA>
  </Prezzi>
  <Prezzi>
    <Data>20160317</Data>
    <Mercato>MGP</Mercato>
    <Ora>2</Ora>
    <PUN>30,281820</PUN>
    <NAT>29,500000</NAT>
    <CNOR>28,510000</CNOR>
    <CSUD>29,350000</CSUD>
    <NORD>28,510000</NORD>
    <SARD>29,350000</SARD>
    <SICI>53,760000</SICI>
    <SUD>29,350000</SUD>
    <AUST>28,510000</AUST>
    <BRNN>29,350000</BRNN>
    <COAC>29,350000</COAC>
    <CORS>29,350000</CORS>
    <FOGN>29,350000</FOGN>
    <FRAN>28,510000</FRAN>
    <GREC>29,350000</GREC>
    <MFTV>28,510000</MFTV>
    <PRGP>53,760000</PRGP>
    <ROSN>29,350000</ROSN>
    <SLOV>28,510000</SLOV>
    <SVIZ>28,510000</SVIZ>
    <BSP>28,510000</BSP>
    <MALT>53,760000</MALT>
    <XAUS>28,510000</XAUS>
    <XFRA>28,510000</XFRA>
  </Prezzi>
  <Prezzi>
    <Data>20160317</Data>
    <Mercato>MGP</Mercato>
    <Ora>3</Ora>
    <PUN>29,367260</PUN>
    <NAT>28,500000</NAT>
    <CNOR>27,970000</CNOR>
    <CSUD>27,970000</CSUD>
    <NORD>27,970000</NORD>
    <SARD>27,970000</SARD>
    <SICI>53,630000</SICI>
    <SUD>27,970000</SUD>
    <AUST>27,970000</AUST>
    <BRNN>27,970000</BRNN>
    <COAC>27,970000</COAC>
    <CORS>27,970000</CORS>
    <FOGN>27,970000</FOGN>
    <FRAN>27,970000</FRAN>
    <GREC>27,970000</GREC>
    <MFTV>27,970000</MFTV>
    <PRGP>53,630000</PRGP>
    <ROSN>27,970000</ROSN>
    <SLOV>27,970000</SLOV>
    <SVIZ>27,970000</SVIZ>
    <BSP>27,970000</BSP>
    <MALT>53,630000</MALT>
    <XAUS>27,970000</XAUS>
    <XFRA>27,970000</XFRA>
  </Prezzi>
  <Prezzi>
    <Data>20160317</Data>
    <Mercato>MGP</Mercato>
    <Ora>4</Ora>
    <PUN>29,191770</PUN>
    <NAT>27,970000</NAT>
    <CNOR>27,740000</CNOR>
    <CSUD>27,740000</CSUD>
    <NORD>27,740000</NORD>
    <SARD>27,740000</SARD>
    <SICI>53,630000</SICI>
    <SUD>27,740000</SUD>
    <AUST>27,740000</AUST>
    <BRNN>27,740000</BRNN>
    <COAC>27,740000</COAC>
    <CORS>27,740000</CORS>
    <FOGN>27,740000</FOGN>
    <FRAN>27,740000</FRAN>
    <GREC>27,740000</GREC>
    <MFTV>27,740000</MFTV>
    <PRGP>53,630000</PRGP>
    <ROSN>27,740000</ROSN>
    <SLOV>27,740000</SLOV>
    <SVIZ>27,740000</SVIZ>
    <BSP>27,740000</BSP>
    <MALT>53,630000</MALT>
    <XAUS>27,740000</XAUS>
    <XFRA>27,740000</XFRA>
  </Prezzi>
  <Prezzi>
    <Data>20160317</Data>
    <Mercato>MGP</Mercato>
    <Ora>5</Ora>
    <PUN>29,000000</PUN>
    <NAT>27,810000</NAT>
    <CNOR>27,618360</CNOR>
    <CSUD>27,618360</CSUD>
    <NORD>27,618360</NORD>
    <SARD>27,618360</SARD>
    <SICI>53,630000</SICI>
    <SUD>27,618360</SUD>
    <AUST>27,618360</AUST>
    <BRNN>27,618360</BRNN>
    <COAC>27,618360</COAC>
    <CORS>27,618360</CORS>
    <FOGN>27,618360</FOGN>
    <FRAN>27,618360</FRAN>
    <GREC>27,618360</GREC>
    <MFTV>27,618360</MFTV>
    <PRGP>53,630000</PRGP>
    <ROSN>27,618360</ROSN>
    <SLOV>27,618360</SLOV>
    <SVIZ>27,618360</SVIZ>
    <BSP>27,618360</BSP>
    <MALT>53,630000</MALT>
    <XAUS>27,618360</XAUS>
    <XFRA>27,618360</XFRA>
  </Prezzi>
  <Prezzi>
    <Data>20160317</Data>
    <Mercato>MGP</Mercato>
    <Ora>6</Ora>
    <PUN>32,238790</PUN>
    <NAT>31,470000</NAT>
    <CNOR>31,000000</CNOR>
    <CSUD>31,000000</CSUD>
    <NORD>31,000000</NORD>
    <SARD>31,000000</SARD>
    <SICI>53,630000</SICI>
    <SUD>31,000000</SUD>
    <AUST>31,000000</AUST>
    <BRNN>31,000000</BRNN>
    <COAC>31,000000</COAC>
    <CORS>31,000000</CORS>
    <FOGN>31,000000</FOGN>
    <FRAN>31,000000</FRAN>
    <GREC>31,000000</GREC>
    <MFTV>31,000000</MFTV>
    <PRGP>53,630000</PRGP>
    <ROSN>31,000000</ROSN>
    <SLOV>31,000000</SLOV>
    <SVIZ>31,000000</SVIZ>
    <BSP>31,000000</BSP>
    <MALT>53,630000</MALT>
    <XAUS>31,000000</XAUS>
    <XFRA>31,000000</XFRA>
  </Prezzi>
  <Prezzi>
    <Data>20160317</Data>
    <Mercato>MGP</Mercato>
    <Ora>7</Ora>
    <PUN>35,878460</PUN>
    <NAT>35,500000</NAT>
    <CNOR>35,000000</CNOR>
    <CSUD>35,000000</CSUD>
    <NORD>35,000000</NORD>
    <SARD>35,000000</SARD>
    <SICI>53,630000</SICI>
    <SUD>35,000000</SUD>
    <AUST>35,000000</AUST>
    <BRNN>35,000000</BRNN>
    <COAC>35,000000</COAC>
    <CORS>35,000000</CORS>
    <FOGN>35,000000</FOGN>
    <FRAN>35,000000</FRAN>
    <GREC>35,000000</GREC>
    <MFTV>35,000000</MFTV>
    <PRGP>53,630000</PRGP>
    <ROSN>35,000000</ROSN>
    <SLOV>35,000000</SLOV>
    <SVIZ>35,000000</SVIZ>
    <BSP>35,000000</BSP>
    <MALT>53,630000</MALT>
    <XAUS>35,000000</XAUS>
    <XFRA>35,000000</XFRA>
  </Prezzi>
  <Prezzi>
    <Data>20160317</Data>
    <Mercato>MGP</Mercato>
    <Ora>8</Ora>
    <PUN>38,624090</PUN>
    <NAT>38,340000</NAT>
    <CNOR>37,280000</CNOR>
    <CSUD>37,280000</CSUD>
    <NORD>38,158750</NORD>
    <SARD>37,280000</SARD>
    <SICI>53,760000</SICI>
    <SUD>37,280000</SUD>
    <AUST>38,158750</AUST>
    <BRNN>37,280000</BRNN>
    <COAC>37,280000</COAC>
    <CORS>37,280000</CORS>
    <FOGN>37,280000</FOGN>
    <FRAN>38,158750</FRAN>
    <GREC>37,280000</GREC>
    <MFTV>38,158750</MFTV>
    <PRGP>53,760000</PRGP>
    <ROSN>37,280000</ROSN>
    <SLOV>38,158750</SLOV>
    <SVIZ>38,158750</SVIZ>
    <BSP>38,158750</BSP>
    <MALT>53,760000</MALT>
    <XAUS>38,158750</XAUS>
    <XFRA>38,158750</XFRA>
  </Prezzi>
  <Prezzi>
    <Data>20160317</Data>
    <Mercato>MGP</Mercato>
    <Ora>9</Ora>
    <PUN>42,549510</PUN>
    <NAT>40,840000</NAT>
    <CNOR>42,000000</CNOR>
    <CSUD>42,000000</CSUD>
    <NORD>42,000000</NORD>
    <SARD>42,000000</SARD>
    <SICI>53,630000</SICI>
    <SUD>42,000000</SUD>
    <AUST>42,000000</AUST>
    <BRNN>42,000000</BRNN>
    <COAC>42,000000</COAC>
    <CORS>42,000000</CORS>
    <FOGN>42,000000</FOGN>
    <FRAN>42,000000</FRAN>
    <GREC>42,000000</GREC>
    <MFTV>42,000000</MFTV>
    <PRGP>53,630000</PRGP>
    <ROSN>0,000000</ROSN>
    <SLOV>42,000000</SLOV>
    <SVIZ>42,000000</SVIZ>
    <BSP>42,000000</BSP>
    <MALT>53,630000</MALT>
    <XAUS>42,000000</XAUS>
    <XFRA>42,000000</XFRA>
  </Prezzi>
  <Prezzi>
    <Data>20160317</Data>
    <Mercato>MGP</Mercato>
    <Ora>10</Ora>
    <PUN>39,177030</PUN>
    <NAT>38,000000</NAT>
    <CNOR>38,000000</CNOR>
    <CSUD>38,000000</CSUD>
    <NORD>38,740000</NORD>
    <SARD>38,000000</SARD>
    <SICI>53,630000</SICI>
    <SUD>38,000000</SUD>
    <AUST>38,740000</AUST>
    <BRNN>38,000000</BRNN>
    <COAC>38,000000</COAC>
    <CORS>38,000000</CORS>
    <FOGN>38,000000</FOGN>
    <FRAN>38,740000</FRAN>
    <GREC>38,000000</GREC>
    <MFTV>38,740000</MFTV>
    <PRGP>53,630000</PRGP>
    <ROSN>0,000000</ROSN>
    <SLOV>38,740000</SLOV>
    <SVIZ>38,740000</SVIZ>
    <BSP>38,740000</BSP>
    <MALT>53,630000</MALT>
    <XAUS>38,740000</XAUS>
    <XFRA>38,740000</XFRA>
  </Prezzi>
  <Prezzi>
    <Data>20160317</Data>
    <Mercato>MGP</Mercato>
    <Ora>11</Ora>
    <PUN>37,516620</PUN>
    <NAT>36,590000</NAT>
    <CNOR>36,460000</CNOR>
    <CSUD>36,460000</CSUD>
    <NORD>38,000000</NORD>
    <SARD>36,460000</SARD>
    <SICI>39,190000</SICI>
    <SUD>36,460000</SUD>
    <AUST>38,000000</AUST>
    <BRNN>36,460000</BRNN>
    <COAC>36,460000</COAC>
    <CORS>36,460000</CORS>
    <FOGN>36,460000</FOGN>
    <FRAN>38,000000</FRAN>
    <GREC>36,460000</GREC>
    <MFTV>38,000000</MFTV>
    <PRGP>39,190000</PRGP>
    <ROSN>0,000000</ROSN>
    <SLOV>38,000000</SLOV>
    <SVIZ>38,000000</SVIZ>
    <BSP>38,000000</BSP>
    <MALT>39,190000</MALT>
    <XAUS>38,000000</XAUS>
    <XFRA>38,000000</XFRA>
  </Prezzi>
  <Prezzi>
    <Data>20160317</Data>
    <Mercato>MGP</Mercato>
    <Ora>12</Ora>
    <PUN>36,679140</PUN>
    <NAT>36,450000</NAT>
    <CNOR>36,560000</CNOR>
    <CSUD>36,560000</CSUD>
    <NORD>36,560000</NORD>
    <SARD>36,560000</SARD>
    <SICI>39,190000</SICI>
    <SUD>36,560000</SUD>
    <AUST>36,560000</AUST>
    <BRNN>36,560000</BRNN>
    <COAC>36,560000</COAC>
    <CORS>36,560000</CORS>
    <FOGN>36,560000</FOGN>
    <FRAN>36,560000</FRAN>
    <GREC>36,560000</GREC>
    <MFTV>36,560000</MFTV>
    <PRGP>39,190000</PRGP>
    <ROSN>0,000000</ROSN>
    <SLOV>36,560000</SLOV>
    <SVIZ>36,560000</SVIZ>
    <BSP>36,560000</BSP>
    <MALT>39,190000</MALT>
    <XAUS>36,560000</XAUS>
    <XFRA>36,560000</XFRA>
  </Prezzi>
  <Prezzi>
    <Data>20160317</Data>
    <Mercato>MGP</Mercato>
    <Ora>13</Ora>
    <PUN>32,208680</PUN>
    <NAT>31,400000</NAT>
    <CNOR>31,970000</CNOR>
    <CSUD>31,970000</CSUD>
    <NORD>31,970000</NORD>
    <SARD>31,970000</SARD>
    <SICI>36,950000</SICI>
    <SUD>31,970000</SUD>
    <AUST>31,970000</AUST>
    <BRNN>31,970000</BRNN>
    <COAC>31,970000</COAC>
    <CORS>31,970000</CORS>
    <FOGN>31,970000</FOGN>
    <FRAN>31,970000</FRAN>
    <GREC>31,970000</GREC>
    <MFTV>31,970000</MFTV>
    <PRGP>36,950000</PRGP>
    <ROSN>0,000000</ROSN>
    <SLOV>31,970000</SLOV>
    <SVIZ>31,970000</SVIZ>
    <BSP>31,970000</BSP>
    <MALT>36,950000</MALT>
    <XAUS>31,970000</XAUS>
    <XFRA>31,970000</XFRA>
  </Prezzi>
  <Prezzi>
    <Data>20160317</Data>
    <Mercato>MGP</Mercato>
    <Ora>14</Ora>
    <PUN>31,482150</PUN>
    <NAT>31,030000</NAT>
    <CNOR>31,200000</CNOR>
    <CSUD>31,200000</CSUD>
    <NORD>31,200000</NORD>
    <SARD>31,200000</SARD>
    <SICI>37,100000</SICI>
    <SUD>31,200000</SUD>
    <AUST>31,200000</AUST>
    <BRNN>31,200000</BRNN>
    <COAC>31,200000</COAC>
    <CORS>31,200000</CORS>
    <FOGN>31,200000</FOGN>
    <FRAN>31,200000</FRAN>
    <GREC>31,200000</GREC>
    <MFTV>31,200000</MFTV>
    <PRGP>37,100000</PRGP>
    <ROSN>0,000000</ROSN>
    <SLOV>31,200000</SLOV>
    <SVIZ>31,200000</SVIZ>
    <BSP>31,200000</BSP>
    <MALT>37,100000</MALT>
    <XAUS>31,200000</XAUS>
    <XFRA>31,200000</XFRA>
  </Prezzi>
  <Prezzi>
    <Data>20160317</Data>
    <Mercato>MGP</Mercato>
    <Ora>15</Ora>
    <PUN>34,929220</PUN>
    <NAT>34,590000</NAT>
    <CNOR>34,700000</CNOR>
    <CSUD>34,700000</CSUD>
    <NORD>34,700000</NORD>
    <SARD>34,700000</SARD>
    <SICI>39,710000</SICI>
    <SUD>34,700000</SUD>
    <AUST>34,700000</AUST>
    <BRNN>34,700000</BRNN>
    <COAC>34,700000</COAC>
    <CORS>34,700000</CORS>
    <FOGN>34,700000</FOGN>
    <FRAN>34,700000</FRAN>
    <GREC>34,700000</GREC>
    <MFTV>34,700000</MFTV>
    <PRGP>39,710000</PRGP>
    <ROSN>0,000000</ROSN>
    <SLOV>34,700000</SLOV>
    <SVIZ>34,700000</SVIZ>
    <BSP>34,700000</BSP>
    <MALT>39,710000</MALT>
    <XAUS>34,700000</XAUS>
    <XFRA>34,700000</XFRA>
  </Prezzi>
  <Prezzi>
    <Data>20160317</Data>
    <Mercato>MGP</Mercato>
    <Ora>16</Ora>
    <PUN>37,102380</PUN>
    <NAT>36,000000</NAT>
    <CNOR>36,000000</CNOR>
    <CSUD>36,000000</CSUD>
    <NORD>36,520000</NORD>
    <SARD>36,000000</SARD>
    <SICI>53,000000</SICI>
    <SUD>36,000000</SUD>
    <AUST>36,520000</AUST>
    <BRNN>36,000000</BRNN>
    <COAC>36,000000</COAC>
    <CORS>36,000000</CORS>
    <FOGN>36,000000</FOGN>
    <FRAN>36,520000</FRAN>
    <GREC>36,000000</GREC>
    <MFTV>36,520000</MFTV>
    <PRGP>53,000000</PRGP>
    <ROSN>0,000000</ROSN>
    <SLOV>36,520000</SLOV>
    <SVIZ>36,520000</SVIZ>
    <BSP>36,520000</BSP>
    <MALT>53,000000</MALT>
    <XAUS>36,520000</XAUS>
    <XFRA>36,520000</XFRA>
  </Prezzi>
  <Prezzi>
    <Data>20160317</Data>
    <Mercato>MGP</Mercato>
    <Ora>17</Ora>
    <PUN>38,378400</PUN>
    <NAT>37,380000</NAT>
    <CNOR>37,000000</CNOR>
    <CSUD>37,000000</CSUD>
    <NORD>38,000000</NORD>
    <SARD>37,000000</SARD>
    <SICI>53,630000</SICI>
    <SUD>37,000000</SUD>
    <AUST>38,000000</AUST>
    <BRNN>37,000000</BRNN>
    <COAC>37,000000</COAC>
    <CORS>37,000000</CORS>
    <FOGN>37,000000</FOGN>
    <FRAN>38,000000</FRAN>
    <GREC>37,000000</GREC>
    <MFTV>38,000000</MFTV>
    <PRGP>53,630000</PRGP>
    <ROSN>37,000000</ROSN>
    <SLOV>38,000000</SLOV>
    <SVIZ>38,000000</SVIZ>
    <BSP>38,000000</BSP>
    <MALT>53,630000</MALT>
    <XAUS>38,000000</XAUS>
    <XFRA>38,000000</XFRA>
  </Prezzi>
  <Prezzi>
    <Data>20160317</Data>
    <Mercato>MGP</Mercato>
    <Ora>18</Ora>
    <PUN>38,787700</PUN>
    <NAT>38,180000</NAT>
    <CNOR>38,000000</CNOR>
    <CSUD>38,000000</CSUD>
    <NORD>38,000000</NORD>
    <SARD>38,000000</SARD>
    <SICI>53,760000</SICI>
    <SUD>38,000000</SUD>
    <AUST>38,000000</AUST>
    <BRNN>38,000000</BRNN>
    <COAC>38,000000</COAC>
    <CORS>38,000000</CORS>
    <FOGN>38,000000</FOGN>
    <FRAN>38,000000</FRAN>
    <GREC>38,000000</GREC>
    <MFTV>38,000000</MFTV>
    <PRGP>53,760000</PRGP>
    <ROSN>38,000000</ROSN>
    <SLOV>38,000000</SLOV>
    <SVIZ>38,000000</SVIZ>
    <BSP>38,000000</BSP>
    <MALT>53,760000</MALT>
    <XAUS>38,000000</XAUS>
    <XFRA>38,000000</XFRA>
  </Prezzi>
  <Prezzi>
    <Data>20160317</Data>
    <Mercato>MGP</Mercato>
    <Ora>19</Ora>
    <PUN>45,037200</PUN>
    <NAT>51,000000</NAT>
    <CNOR>44,500000</CNOR>
    <CSUD>44,500000</CSUD>
    <NORD>44,500000</NORD>
    <SARD>44,500000</SARD>
    <SICI>54,390000</SICI>
    <SUD>44,500000</SUD>
    <AUST>44,500000</AUST>
    <BRNN>44,500000</BRNN>
    <COAC>44,500000</COAC>
    <CORS>44,500000</CORS>
    <FOGN>44,500000</FOGN>
    <FRAN>44,500000</FRAN>
    <GREC>44,500000</GREC>
    <MFTV>44,500000</MFTV>
    <PRGP>54,390000</PRGP>
    <ROSN>44,500000</ROSN>
    <SLOV>44,500000</SLOV>
    <SVIZ>44,500000</SVIZ>
    <BSP>44,500000</BSP>
    <MALT>54,390000</MALT>
    <XAUS>44,500000</XAUS>
    <XFRA>44,500000</XFRA>
  </Prezzi>
  <Prezzi>
    <Data>20160317</Data>
    <Mercato>MGP</Mercato>
    <Ora>20</Ora>
    <PUN>54,390000</PUN>
    <NAT>54,390000</NAT>
    <CNOR>54,390000</CNOR>
    <CSUD>54,390000</CSUD>
    <NORD>54,390000</NORD>
    <SARD>54,390000</SARD>
    <SICI>54,390000</SICI>
    <SUD>54,390000</SUD>
    <AUST>54,390000</AUST>
    <BRNN>54,390000</BRNN>
    <COAC>54,390000</COAC>
    <CORS>54,390000</CORS>
    <FOGN>54,390000</FOGN>
    <FRAN>54,390000</FRAN>
    <GREC>54,390000</GREC>
    <MFTV>54,390000</MFTV>
    <PRGP>54,390000</PRGP>
    <ROSN>54,390000</ROSN>
    <SLOV>54,390000</SLOV>
    <SVIZ>54,390000</SVIZ>
    <BSP>54,390000</BSP>
    <MALT>54,390000</MALT>
    <XAUS>54,390000</XAUS>
    <XFRA>54,390000</XFRA>
  </Prezzi>
  <Prezzi>
    <Data>20160317</Data>
    <Mercato>MGP</Mercato>
    <Ora>21</Ora>
    <PUN>40,908960</PUN>
    <NAT>43,070000</NAT>
    <CNOR>40,000000</CNOR>
    <CSUD>40,000000</CSUD>
    <NORD>40,000000</NORD>
    <SARD>40,000000</SARD>
    <SICI>54,390000</SICI>
    <SUD>40,000000</SUD>
    <AUST>40,000000</AUST>
    <BRNN>40,000000</BRNN>
    <COAC>40,000000</COAC>
    <CORS>40,000000</CORS>
    <FOGN>40,000000</FOGN>
    <FRAN>40,000000</FRAN>
    <GREC>40,000000</GREC>
    <MFTV>40,000000</MFTV>
    <PRGP>54,390000</PRGP>
    <ROSN>40,000000</ROSN>
    <SLOV>40,000000</SLOV>
    <SVIZ>40,000000</SVIZ>
    <BSP>40,000000</BSP>
    <MALT>54,390000</MALT>
    <XAUS>40,000000</XAUS>
    <XFRA>40,000000</XFRA>
  </Prezzi>
  <Prezzi>
    <Data>20160317</Data>
    <Mercato>MGP</Mercato>
    <Ora>22</Ora>
    <PUN>38,063090</PUN>
    <NAT>38,000000</NAT>
    <CNOR>37,000000</CNOR>
    <CSUD>37,000000</CSUD>
    <NORD>37,000000</NORD>
    <SARD>37,000000</SARD>
    <SICI>54,390000</SICI>
    <SUD>37,000000</SUD>
    <AUST>37,000000</AUST>
    <BRNN>37,000000</BRNN>
    <COAC>37,000000</COAC>
    <CORS>37,000000</CORS>
    <FOGN>37,000000</FOGN>
    <FRAN>37,000000</FRAN>
    <GREC>37,000000</GREC>
    <MFTV>37,000000</MFTV>
    <PRGP>54,390000</PRGP>
    <ROSN>37,000000</ROSN>
    <SLOV>37,000000</SLOV>
    <SVIZ>37,000000</SVIZ>
    <BSP>37,000000</BSP>
    <MALT>54,390000</MALT>
    <XAUS>37,000000</XAUS>
    <XFRA>37,000000</XFRA>
  </Prezzi>
  <Prezzi>
    <Data>20160317</Data>
    <Mercato>MGP</Mercato>
    <Ora>23</Ora>
    <PUN>37,048500</PUN>
    <NAT>37,000000</NAT>
    <CNOR>35,900000</CNOR>
    <CSUD>35,900000</CSUD>
    <NORD>35,900000</NORD>
    <SARD>35,900000</SARD>
    <SICI>54,390000</SICI>
    <SUD>35,900000</SUD>
    <AUST>35,900000</AUST>
    <BRNN>35,900000</BRNN>
    <COAC>35,900000</COAC>
    <CORS>35,900000</CORS>
    <FOGN>35,900000</FOGN>
    <FRAN>35,900000</FRAN>
    <GREC>35,900000</GREC>
    <MFTV>35,900000</MFTV>
    <PRGP>54,390000</PRGP>
    <ROSN>35,900000</ROSN>
    <SLOV>35,900000</SLOV>
    <SVIZ>35,900000</SVIZ>
    <BSP>35,900000</BSP>
    <MALT>54,390000</MALT>
    <XAUS>35,900000</XAUS>
    <XFRA>35,900000</XFRA>
  </Prezzi>
  <Prezzi>
    <Data>20160317</Data>
    <Mercato>MGP</Mercato>
    <Ora>24</Ora>
    <PUN>35,134950</PUN>
    <NAT>34,590000</NAT>
    <CNOR>33,930000</CNOR>
    <CSUD>33,930000</CSUD>
    <NORD>33,930000</NORD>
    <SARD>33,930000</SARD>
    <SICI>53,760000</SICI>
    <SUD>33,930000</SUD>
    <AUST>33,930000</AUST>
    <BRNN>33,930000</BRNN>
    <COAC>33,930000</COAC>
    <CORS>33,930000</CORS>
    <FOGN>33,930000</FOGN>
    <FRAN>33,930000</FRAN>
    <GREC>33,930000</GREC>
    <MFTV>33,930000</MFTV>
    <PRGP>53,760000</PRGP>
    <ROSN>33,930000</ROSN>
    <SLOV>33,930000</SLOV>
    <SVIZ>33,930000</SVIZ>
    <BSP>33,930000</BSP>
    <MALT>53,760000</MALT>
    <XAUS>33,930000</XAUS>
    <XFRA>33,930000</XFRA>
  </Prezzi>
</NewDataSet>