<?xml version="1.0" standalone="yes"?>
<NewDataSet>
  <xs:schema id="NewDataSet" xmlns="" xmlns:xs="http://www.w3.org/2001/XMLSchema" xmlns:msdata="urn:schemas-microsoft-com:xml-msdata">
    <xs:element name="NewDataSet" msdata:IsDataSet="true" msdata:UseCurrentLocale="true">
      <xs:complexType>
        <xs:choice minOccurs="0" maxOccurs="unbounded">
          <xs:element name="Prezzi">
            <xs:complexType>
              <xs:sequence>
                <xs:element name="Data" type="xs:string" minOccurs="0" />
                <xs:element name="Mercato" type="xs:string" minOccurs="0" />
                <xs:element name="Ora" type="xs:string" minOccurs="0" />
                <xs:element name="PUN" type="xs:string" minOccurs="0" />
                <xs:element name="NAT" type="xs:string" minOccurs="0" />
                <xs:element name="CNOR" type="xs:string" minOccurs="0" />
                <xs:element name="CSUD" type="xs:string" minOccurs="0" />
                <xs:element name="NORD" type="xs:string" minOccurs="0" />
                <xs:element name="SARD" type="xs:string" minOccurs="0" />
                <xs:element name="SICI" type="xs:string" minOccurs="0" />
                <xs:element name="SUD" type="xs:string" minOccurs="0" />
                <xs:element name="AUST" type="xs:string" minOccurs="0" />
                <xs:element name="BRNN" type="xs:string" minOccurs="0" />
                <xs:element name="COAC" type="xs:string" minOccurs="0" />
                <xs:element name="CORS" type="xs:string" minOccurs="0" />
                <xs:element name="FOGN" type="xs:string" minOccurs="0" />
                <xs:element name="FRAN" type="xs:string" minOccurs="0" />
                <xs:element name="GREC" type="xs:string" minOccurs="0" />
                <xs:element name="MFTV" type="xs:string" minOccurs="0" />
                <xs:element name="PRGP" type="xs:string" minOccurs="0" />
                <xs:element name="ROSN" type="xs:string" minOccurs="0" />
                <xs:element name="SLOV" type="xs:string" minOccurs="0" />
                <xs:element name="SVIZ" type="xs:string" minOccurs="0" />
                <xs:element name="BSP" type="xs:string" minOccurs="0" />
                <xs:element name="MALT" type="xs:string" minOccurs="0" />
                <xs:element name="XAUS" type="xs:string" minOccurs="0" />
                <xs:element name="XFRA" type="xs:string" minOccurs="0" />
              </xs:sequence>
            </xs:complexType>
          </xs:element>
        </xs:choice>
      </xs:complexType>
    </xs:element>
  </xs:schema>
  <Prezzi>
    <Data>20170528</Data>
    <Mercato>MGP</Mercato>
    <Ora>1</Ora>
    <PUN>39,187120</PUN>
    <NAT>37,710000</NAT>
    <CNOR>37,600000</CNOR>
    <CSUD>37,600000</CSUD>
    <NORD>37,600000</NORD>
    <SARD>37,600000</SARD>
    <SICI>61,450000</SICI>
    <SUD>37,600000</SUD>
    <AUST>37,600000</AUST>
    <BRNN>37,600000</BRNN>
    <COAC>37,600000</COAC>
    <CORS>37,600000</CORS>
    <FOGN>37,600000</FOGN>
    <FRAN>37,600000</FRAN>
    <GREC>37,600000</GREC>
    <MFTV>37,600000</MFTV>
    <PRGP>61,450000</PRGP>
    <ROSN>37,600000</ROSN>
    <SLOV>37,600000</SLOV>
    <SVIZ>37,600000</SVIZ>
    <BSP>37,600000</BSP>
    <MALT>61,450000</MALT>
    <XAUS>37,600000</XAUS>
    <XFRA>37,600000</XFRA>
  </Prezzi>
  <Prezzi>
    <Data>20170528</Data>
    <Mercato>MGP</Mercato>
    <Ora>2</Ora>
    <PUN>32,118790</PUN>
    <NAT>32,000000</NAT>
    <CNOR>31,080000</CNOR>
    <CSUD>31,080000</CSUD>
    <NORD>31,080000</NORD>
    <SARD>31,080000</SARD>
    <SICI>46,890000</SICI>
    <SUD>31,080000</SUD>
    <AUST>31,080000</AUST>
    <BRNN>31,080000</BRNN>
    <COAC>31,080000</COAC>
    <CORS>31,080000</CORS>
    <FOGN>31,080000</FOGN>
    <FRAN>31,080000</FRAN>
    <GREC>31,080000</GREC>
    <MFTV>31,080000</MFTV>
    <PRGP>46,890000</PRGP>
    <ROSN>31,080000</ROSN>
    <SLOV>31,080000</SLOV>
    <SVIZ>31,080000</SVIZ>
    <BSP>31,080000</BSP>
    <MALT>46,890000</MALT>
    <XAUS>31,080000</XAUS>
    <XFRA>31,080000</XFRA>
  </Prezzi>
  <Prezzi>
    <Data>20170528</Data>
    <Mercato>MGP</Mercato>
    <Ora>3</Ora>
    <PUN>30,140880</PUN>
    <NAT>29,980000</NAT>
    <CNOR>29,980000</CNOR>
    <CSUD>29,980000</CSUD>
    <NORD>29,980000</NORD>
    <SARD>29,980000</SARD>
    <SICI>32,440000</SICI>
    <SUD>29,980000</SUD>
    <AUST>29,980000</AUST>
    <BRNN>29,980000</BRNN>
    <COAC>29,980000</COAC>
    <CORS>29,980000</CORS>
    <FOGN>29,980000</FOGN>
    <FRAN>29,980000</FRAN>
    <GREC>29,980000</GREC>
    <MFTV>29,980000</MFTV>
    <PRGP>32,440000</PRGP>
    <ROSN>29,980000</ROSN>
    <SLOV>29,980000</SLOV>
    <SVIZ>29,980000</SVIZ>
    <BSP>29,980000</BSP>
    <MALT>32,440000</MALT>
    <XAUS>29,980000</XAUS>
    <XFRA>29,980000</XFRA>
  </Prezzi>
  <Prezzi>
    <Data>20170528</Data>
    <Mercato>MGP</Mercato>
    <Ora>4</Ora>
    <PUN>29,300000</PUN>
    <NAT>29,300000</NAT>
    <CNOR>29,300000</CNOR>
    <CSUD>29,300000</CSUD>
    <NORD>29,300000</NORD>
    <SARD>29,300000</SARD>
    <SICI>29,300000</SICI>
    <SUD>29,300000</SUD>
    <AUST>29,300000</AUST>
    <BRNN>29,300000</BRNN>
    <COAC>29,300000</COAC>
    <CORS>29,300000</CORS>
    <FOGN>29,300000</FOGN>
    <FRAN>29,300000</FRAN>
    <GREC>29,300000</GREC>
    <MFTV>29,300000</MFTV>
    <PRGP>29,300000</PRGP>
    <ROSN>29,300000</ROSN>
    <SLOV>29,300000</SLOV>
    <SVIZ>29,300000</SVIZ>
    <BSP>29,300000</BSP>
    <MALT>29,300000</MALT>
    <XAUS>29,300000</XAUS>
    <XFRA>29,300000</XFRA>
  </Prezzi>
  <Prezzi>
    <Data>20170528</Data>
    <Mercato>MGP</Mercato>
    <Ora>5</Ora>
    <PUN>29,670000</PUN>
    <NAT>29,670000</NAT>
    <CNOR>29,670000</CNOR>
    <CSUD>29,670000</CSUD>
    <NORD>29,670000</NORD>
    <SARD>29,670000</SARD>
    <SICI>29,670000</SICI>
    <SUD>29,670000</SUD>
    <AUST>29,670000</AUST>
    <BRNN>29,670000</BRNN>
    <COAC>29,670000</COAC>
    <CORS>29,670000</CORS>
    <FOGN>29,670000</FOGN>
    <FRAN>29,670000</FRAN>
    <GREC>29,670000</GREC>
    <MFTV>29,670000</MFTV>
    <PRGP>29,670000</PRGP>
    <ROSN>29,670000</ROSN>
    <SLOV>29,670000</SLOV>
    <SVIZ>29,670000</SVIZ>
    <BSP>29,670000</BSP>
    <MALT>29,670000</MALT>
    <XAUS>29,670000</XAUS>
    <XFRA>29,670000</XFRA>
  </Prezzi>
  <Prezzi>
    <Data>20170528</Data>
    <Mercato>MGP</Mercato>
    <Ora>6</Ora>
    <PUN>30,100000</PUN>
    <NAT>30,100000</NAT>
    <CNOR>30,100000</CNOR>
    <CSUD>30,100000</CSUD>
    <NORD>30,100000</NORD>
    <SARD>30,100000</SARD>
    <SICI>30,100000</SICI>
    <SUD>30,100000</SUD>
    <AUST>30,100000</AUST>
    <BRNN>30,100000</BRNN>
    <COAC>30,100000</COAC>
    <CORS>30,100000</CORS>
    <FOGN>30,100000</FOGN>
    <FRAN>30,100000</FRAN>
    <GREC>30,100000</GREC>
    <MFTV>30,100000</MFTV>
    <PRGP>30,100000</PRGP>
    <ROSN>30,100000</ROSN>
    <SLOV>30,100000</SLOV>
    <SVIZ>30,100000</SVIZ>
    <BSP>30,100000</BSP>
    <MALT>30,100000</MALT>
    <XAUS>30,100000</XAUS>
    <XFRA>30,100000</XFRA>
  </Prezzi>
  <Prezzi>
    <Data>20170528</Data>
    <Mercato>MGP</Mercato>
    <Ora>7</Ora>
    <PUN>29,670000</PUN>
    <NAT>29,670000</NAT>
    <CNOR>29,670000</CNOR>
    <CSUD>29,670000</CSUD>
    <NORD>29,670000</NORD>
    <SARD>29,670000</SARD>
    <SICI>29,670000</SICI>
    <SUD>29,670000</SUD>
    <AUST>29,670000</AUST>
    <BRNN>29,670000</BRNN>
    <COAC>29,670000</COAC>
    <CORS>29,670000</CORS>
    <FOGN>29,670000</FOGN>
    <FRAN>29,670000</FRAN>
    <GREC>29,670000</GREC>
    <MFTV>29,670000</MFTV>
    <PRGP>29,670000</PRGP>
    <ROSN>29,670000</ROSN>
    <SLOV>29,670000</SLOV>
    <SVIZ>29,670000</SVIZ>
    <BSP>29,670000</BSP>
    <MALT>29,670000</MALT>
    <XAUS>29,670000</XAUS>
    <XFRA>29,670000</XFRA>
  </Prezzi>
  <Prezzi>
    <Data>20170528</Data>
    <Mercato>MGP</Mercato>
    <Ora>8</Ora>
    <PUN>28,840000</PUN>
    <NAT>28,840000</NAT>
    <CNOR>28,840000</CNOR>
    <CSUD>28,840000</CSUD>
    <NORD>28,840000</NORD>
    <SARD>28,840000</SARD>
    <SICI>28,840000</SICI>
    <SUD>28,840000</SUD>
    <AUST>28,840000</AUST>
    <BRNN>28,840000</BRNN>
    <COAC>28,840000</COAC>
    <CORS>28,840000</CORS>
    <FOGN>28,840000</FOGN>
    <FRAN>28,840000</FRAN>
    <GREC>28,840000</GREC>
    <MFTV>28,840000</MFTV>
    <PRGP>28,840000</PRGP>
    <ROSN>28,840000</ROSN>
    <SLOV>28,840000</SLOV>
    <SVIZ>28,840000</SVIZ>
    <BSP>28,840000</BSP>
    <MALT>28,840000</MALT>
    <XAUS>28,840000</XAUS>
    <XFRA>28,840000</XFRA>
  </Prezzi>
  <Prezzi>
    <Data>20170528</Data>
    <Mercato>MGP</Mercato>
    <Ora>9</Ora>
    <PUN>29,980000</PUN>
    <NAT>29,980000</NAT>
    <CNOR>29,980000</CNOR>
    <CSUD>29,980000</CSUD>
    <NORD>29,980000</NORD>
    <SARD>29,980000</SARD>
    <SICI>29,980000</SICI>
    <SUD>29,980000</SUD>
    <AUST>29,980000</AUST>
    <BRNN>29,980000</BRNN>
    <COAC>29,980000</COAC>
    <CORS>29,980000</CORS>
    <FOGN>29,980000</FOGN>
    <FRAN>29,980000</FRAN>
    <GREC>29,980000</GREC>
    <MFTV>29,980000</MFTV>
    <PRGP>29,980000</PRGP>
    <ROSN>29,980000</ROSN>
    <SLOV>29,980000</SLOV>
    <SVIZ>29,980000</SVIZ>
    <BSP>29,980000</BSP>
    <MALT>29,980000</MALT>
    <XAUS>29,980000</XAUS>
    <XFRA>29,980000</XFRA>
  </Prezzi>
  <Prezzi>
    <Data>20170528</Data>
    <Mercato>MGP</Mercato>
    <Ora>10</Ora>
    <PUN>29,980000</PUN>
    <NAT>29,980000</NAT>
    <CNOR>29,980000</CNOR>
    <CSUD>29,980000</CSUD>
    <NORD>29,980000</NORD>
    <SARD>29,980000</SARD>
    <SICI>29,980000</SICI>
    <SUD>29,980000</SUD>
    <AUST>29,980000</AUST>
    <BRNN>29,980000</BRNN>
    <COAC>29,980000</COAC>
    <CORS>29,980000</CORS>
    <FOGN>29,980000</FOGN>
    <FRAN>29,980000</FRAN>
    <GREC>29,980000</GREC>
    <MFTV>29,980000</MFTV>
    <PRGP>29,980000</PRGP>
    <ROSN>29,980000</ROSN>
    <SLOV>29,980000</SLOV>
    <SVIZ>29,980000</SVIZ>
    <BSP>29,980000</BSP>
    <MALT>29,980000</MALT>
    <XAUS>29,980000</XAUS>
    <XFRA>29,980000</XFRA>
  </Prezzi>
  <Prezzi>
    <Data>20170528</Data>
    <Mercato>MGP</Mercato>
    <Ora>11</Ora>
    <PUN>29,990000</PUN>
    <NAT>29,990000</NAT>
    <CNOR>29,990000</CNOR>
    <CSUD>29,990000</CSUD>
    <NORD>29,990000</NORD>
    <SARD>29,990000</SARD>
    <SICI>29,990000</SICI>
    <SUD>29,990000</SUD>
    <AUST>29,990000</AUST>
    <BRNN>29,990000</BRNN>
    <COAC>29,990000</COAC>
    <CORS>29,990000</CORS>
    <FOGN>29,990000</FOGN>
    <FRAN>29,990000</FRAN>
    <GREC>29,990000</GREC>
    <MFTV>29,990000</MFTV>
    <PRGP>29,990000</PRGP>
    <ROSN>29,990000</ROSN>
    <SLOV>29,990000</SLOV>
    <SVIZ>29,990000</SVIZ>
    <BSP>29,990000</BSP>
    <MALT>29,990000</MALT>
    <XAUS>29,990000</XAUS>
    <XFRA>29,990000</XFRA>
  </Prezzi>
  <Prezzi>
    <Data>20170528</Data>
    <Mercato>MGP</Mercato>
    <Ora>12</Ora>
    <PUN>28,090000</PUN>
    <NAT>28,090000</NAT>
    <CNOR>28,090000</CNOR>
    <CSUD>28,090000</CSUD>
    <NORD>28,090000</NORD>
    <SARD>28,090000</SARD>
    <SICI>28,090000</SICI>
    <SUD>28,090000</SUD>
    <AUST>28,090000</AUST>
    <BRNN>28,090000</BRNN>
    <COAC>28,090000</COAC>
    <CORS>28,090000</CORS>
    <FOGN>28,090000</FOGN>
    <FRAN>28,090000</FRAN>
    <GREC>28,090000</GREC>
    <MFTV>28,090000</MFTV>
    <PRGP>28,090000</PRGP>
    <ROSN>28,090000</ROSN>
    <SLOV>28,090000</SLOV>
    <SVIZ>28,090000</SVIZ>
    <BSP>28,090000</BSP>
    <MALT>28,090000</MALT>
    <XAUS>28,090000</XAUS>
    <XFRA>28,090000</XFRA>
  </Prezzi>
  <Prezzi>
    <Data>20170528</Data>
    <Mercato>MGP</Mercato>
    <Ora>13</Ora>
    <PUN>25,000000</PUN>
    <NAT>25,000000</NAT>
    <CNOR>25,000000</CNOR>
    <CSUD>25,000000</CSUD>
    <NORD>25,000000</NORD>
    <SARD>25,000000</SARD>
    <SICI>25,000000</SICI>
    <SUD>25,000000</SUD>
    <AUST>25,000000</AUST>
    <BRNN>25,000000</BRNN>
    <COAC>25,000000</COAC>
    <CORS>25,000000</CORS>
    <FOGN>25,000000</FOGN>
    <FRAN>25,000000</FRAN>
    <GREC>25,000000</GREC>
    <MFTV>25,000000</MFTV>
    <PRGP>25,000000</PRGP>
    <ROSN>25,000000</ROSN>
    <SLOV>25,000000</SLOV>
    <SVIZ>25,000000</SVIZ>
    <BSP>25,000000</BSP>
    <MALT>25,000000</MALT>
    <XAUS>25,000000</XAUS>
    <XFRA>25,000000</XFRA>
  </Prezzi>
  <Prezzi>
    <Data>20170528</Data>
    <Mercato>MGP</Mercato>
    <Ora>14</Ora>
    <PUN>18,709880</PUN>
    <NAT>18,370000</NAT>
    <CNOR>18,709880</CNOR>
    <CSUD>18,709880</CSUD>
    <NORD>18,709880</NORD>
    <SARD>18,709880</SARD>
    <SICI>18,709880</SICI>
    <SUD>18,709880</SUD>
    <AUST>18,709880</AUST>
    <BRNN>18,709880</BRNN>
    <COAC>18,709880</COAC>
    <CORS>18,709880</CORS>
    <FOGN>18,709880</FOGN>
    <FRAN>18,709880</FRAN>
    <GREC>18,709880</GREC>
    <MFTV>18,709880</MFTV>
    <PRGP>18,709880</PRGP>
    <ROSN>18,709880</ROSN>
    <SLOV>18,709880</SLOV>
    <SVIZ>18,709880</SVIZ>
    <BSP>18,709880</BSP>
    <MALT>18,709880</MALT>
    <XAUS>18,709880</XAUS>
    <XFRA>18,709880</XFRA>
  </Prezzi>
  <Prezzi>
    <Data>20170528</Data>
    <Mercato>MGP</Mercato>
    <Ora>15</Ora>
    <PUN>16,433940</PUN>
    <NAT>15,000000</NAT>
    <CNOR>16,433940</CNOR>
    <CSUD>16,433940</CSUD>
    <NORD>16,433940</NORD>
    <SARD>16,433940</SARD>
    <SICI>16,433940</SICI>
    <SUD>16,433940</SUD>
    <AUST>16,433940</AUST>
    <BRNN>16,433940</BRNN>
    <COAC>16,433940</COAC>
    <CORS>16,433940</CORS>
    <FOGN>16,433940</FOGN>
    <FRAN>16,433940</FRAN>
    <GREC>16,433940</GREC>
    <MFTV>16,433940</MFTV>
    <PRGP>16,433940</PRGP>
    <ROSN>16,433940</ROSN>
    <SLOV>16,433940</SLOV>
    <SVIZ>16,433940</SVIZ>
    <BSP>16,433940</BSP>
    <MALT>16,433940</MALT>
    <XAUS>16,433940</XAUS>
    <XFRA>16,433940</XFRA>
  </Prezzi>
  <Prezzi>
    <Data>20170528</Data>
    <Mercato>MGP</Mercato>
    <Ora>16</Ora>
    <PUN>19,190000</PUN>
    <NAT>19,190000</NAT>
    <CNOR>19,190000</CNOR>
    <CSUD>19,190000</CSUD>
    <NORD>19,190000</NORD>
    <SARD>19,190000</SARD>
    <SICI>19,190000</SICI>
    <SUD>19,190000</SUD>
    <AUST>19,190000</AUST>
    <BRNN>19,190000</BRNN>
    <COAC>19,190000</COAC>
    <CORS>19,190000</CORS>
    <FOGN>19,190000</FOGN>
    <FRAN>19,190000</FRAN>
    <GREC>19,190000</GREC>
    <MFTV>19,190000</MFTV>
    <PRGP>19,190000</PRGP>
    <ROSN>19,190000</ROSN>
    <SLOV>19,190000</SLOV>
    <SVIZ>19,190000</SVIZ>
    <BSP>19,190000</BSP>
    <MALT>19,190000</MALT>
    <XAUS>19,190000</XAUS>
    <XFRA>19,190000</XFRA>
  </Prezzi>
  <Prezzi>
    <Data>20170528</Data>
    <Mercato>MGP</Mercato>
    <Ora>17</Ora>
    <PUN>32,220000</PUN>
    <NAT>32,220000</NAT>
    <CNOR>32,220000</CNOR>
    <CSUD>32,220000</CSUD>
    <NORD>32,220000</NORD>
    <SARD>32,220000</SARD>
    <SICI>32,220000</SICI>
    <SUD>32,220000</SUD>
    <AUST>32,220000</AUST>
    <BRNN>32,220000</BRNN>
    <COAC>32,220000</COAC>
    <CORS>32,220000</CORS>
    <FOGN>32,220000</FOGN>
    <FRAN>32,220000</FRAN>
    <GREC>32,220000</GREC>
    <MFTV>32,220000</MFTV>
    <PRGP>32,220000</PRGP>
    <ROSN>32,220000</ROSN>
    <SLOV>32,220000</SLOV>
    <SVIZ>32,220000</SVIZ>
    <BSP>32,220000</BSP>
    <MALT>32,220000</MALT>
    <XAUS>32,220000</XAUS>
    <XFRA>32,220000</XFRA>
  </Prezzi>
  <Prezzi>
    <Data>20170528</Data>
    <Mercato>MGP</Mercato>
    <Ora>18</Ora>
    <PUN>36,530000</PUN>
    <NAT>36,530000</NAT>
    <CNOR>36,530000</CNOR>
    <CSUD>36,530000</CSUD>
    <NORD>36,530000</NORD>
    <SARD>36,530000</SARD>
    <SICI>36,530000</SICI>
    <SUD>36,530000</SUD>
    <AUST>36,530000</AUST>
    <BRNN>36,530000</BRNN>
    <COAC>36,530000</COAC>
    <CORS>36,530000</CORS>
    <FOGN>36,530000</FOGN>
    <FRAN>36,530000</FRAN>
    <GREC>36,530000</GREC>
    <MFTV>36,530000</MFTV>
    <PRGP>36,530000</PRGP>
    <ROSN>36,530000</ROSN>
    <SLOV>36,530000</SLOV>
    <SVIZ>36,530000</SVIZ>
    <BSP>36,530000</BSP>
    <MALT>36,530000</MALT>
    <XAUS>36,530000</XAUS>
    <XFRA>36,530000</XFRA>
  </Prezzi>
  <Prezzi>
    <Data>20170528</Data>
    <Mercato>MGP</Mercato>
    <Ora>19</Ora>
    <PUN>38,959070</PUN>
    <NAT>38,640000</NAT>
    <CNOR>38,500000</CNOR>
    <CSUD>38,500000</CSUD>
    <NORD>38,500000</NORD>
    <SARD>38,500000</SARD>
    <SICI>45,690000</SICI>
    <SUD>38,500000</SUD>
    <AUST>38,500000</AUST>
    <BRNN>38,500000</BRNN>
    <COAC>38,500000</COAC>
    <CORS>38,500000</CORS>
    <FOGN>38,500000</FOGN>
    <FRAN>38,500000</FRAN>
    <GREC>38,500000</GREC>
    <MFTV>38,500000</MFTV>
    <PRGP>45,690000</PRGP>
    <ROSN>38,500000</ROSN>
    <SLOV>38,500000</SLOV>
    <SVIZ>38,500000</SVIZ>
    <BSP>38,500000</BSP>
    <MALT>45,690000</MALT>
    <XAUS>38,500000</XAUS>
    <XFRA>38,500000</XFRA>
  </Prezzi>
  <Prezzi>
    <Data>20170528</Data>
    <Mercato>MGP</Mercato>
    <Ora>20</Ora>
    <PUN>46,998300</PUN>
    <NAT>44,860000</NAT>
    <CNOR>44,000000</CNOR>
    <CSUD>44,000000</CSUD>
    <NORD>44,000000</NORD>
    <SARD>44,000000</SARD>
    <SICI>91,120000</SICI>
    <SUD>44,000000</SUD>
    <AUST>44,000000</AUST>
    <BRNN>44,000000</BRNN>
    <COAC>44,000000</COAC>
    <CORS>44,000000</CORS>
    <FOGN>44,000000</FOGN>
    <FRAN>44,000000</FRAN>
    <GREC>44,000000</GREC>
    <MFTV>44,000000</MFTV>
    <PRGP>91,120000</PRGP>
    <ROSN>44,000000</ROSN>
    <SLOV>44,000000</SLOV>
    <SVIZ>44,000000</SVIZ>
    <BSP>44,000000</BSP>
    <MALT>91,120000</MALT>
    <XAUS>44,000000</XAUS>
    <XFRA>44,000000</XFRA>
  </Prezzi>
  <Prezzi>
    <Data>20170528</Data>
    <Mercato>MGP</Mercato>
    <Ora>21</Ora>
    <PUN>45,758760</PUN>
    <NAT>45,000000</NAT>
    <CNOR>45,130000</CNOR>
    <CSUD>45,130000</CSUD>
    <NORD>40,090000</NORD>
    <SARD>45,130000</SARD>
    <SICI>91,120000</SICI>
    <SUD>45,130000</SUD>
    <AUST>40,090000</AUST>
    <BRNN>45,130000</BRNN>
    <COAC>45,130000</COAC>
    <CORS>45,130000</CORS>
    <FOGN>45,130000</FOGN>
    <FRAN>40,090000</FRAN>
    <GREC>45,130000</GREC>
    <MFTV>40,090000</MFTV>
    <PRGP>91,120000</PRGP>
    <ROSN>45,130000</ROSN>
    <SLOV>40,090000</SLOV>
    <SVIZ>40,090000</SVIZ>
    <BSP>40,090000</BSP>
    <MALT>91,120000</MALT>
    <XAUS>40,090000</XAUS>
    <XFRA>40,090000</XFRA>
  </Prezzi>
  <Prezzi>
    <Data>20170528</Data>
    <Mercato>MGP</Mercato>
    <Ora>22</Ora>
    <PUN>48,939330</PUN>
    <NAT>47,440000</NAT>
    <CNOR>47,980000</CNOR>
    <CSUD>47,980000</CSUD>
    <NORD>44,100000</NORD>
    <SARD>47,980000</SARD>
    <SICI>91,120000</SICI>
    <SUD>47,980000</SUD>
    <AUST>44,100000</AUST>
    <BRNN>47,980000</BRNN>
    <COAC>47,980000</COAC>
    <CORS>47,980000</CORS>
    <FOGN>47,980000</FOGN>
    <FRAN>44,100000</FRAN>
    <GREC>47,980000</GREC>
    <MFTV>44,100000</MFTV>
    <PRGP>91,120000</PRGP>
    <ROSN>47,980000</ROSN>
    <SLOV>44,100000</SLOV>
    <SVIZ>44,100000</SVIZ>
    <BSP>44,100000</BSP>
    <MALT>91,120000</MALT>
    <XAUS>44,100000</XAUS>
    <XFRA>44,100000</XFRA>
  </Prezzi>
  <Prezzi>
    <Data>20170528</Data>
    <Mercato>MGP</Mercato>
    <Ora>23</Ora>
    <PUN>45,870950</PUN>
    <NAT>44,850000</NAT>
    <CNOR>44,940000</CNOR>
    <CSUD>44,940000</CSUD>
    <NORD>40,660000</NORD>
    <SARD>44,940000</SARD>
    <SICI>91,120000</SICI>
    <SUD>44,940000</SUD>
    <AUST>40,660000</AUST>
    <BRNN>44,940000</BRNN>
    <COAC>44,940000</COAC>
    <CORS>44,940000</CORS>
    <FOGN>44,940000</FOGN>
    <FRAN>40,660000</FRAN>
    <GREC>44,940000</GREC>
    <MFTV>40,660000</MFTV>
    <PRGP>91,120000</PRGP>
    <ROSN>44,940000</ROSN>
    <SLOV>40,660000</SLOV>
    <SVIZ>40,660000</SVIZ>
    <BSP>40,660000</BSP>
    <MALT>91,120000</MALT>
    <XAUS>40,660000</XAUS>
    <XFRA>40,660000</XFRA>
  </Prezzi>
  <Prezzi>
    <Data>20170528</Data>
    <Mercato>MGP</Mercato>
    <Ora>24</Ora>
    <PUN>40,471340</PUN>
    <NAT>39,840000</NAT>
    <CNOR>40,060000</CNOR>
    <CSUD>40,060000</CSUD>
    <NORD>36,916270</NORD>
    <SARD>40,060000</SARD>
    <SICI>70,170000</SICI>
    <SUD>40,060000</SUD>
    <AUST>36,916270</AUST>
    <BRNN>40,060000</BRNN>
    <COAC>40,060000</COAC>
    <CORS>40,060000</CORS>
    <FOGN>40,060000</FOGN>
    <FRAN>36,916270</FRAN>
    <GREC>40,060000</GREC>
    <MFTV>36,916270</MFTV>
    <PRGP>70,170000</PRGP>
    <ROSN>40,060000</ROSN>
    <SLOV>36,916270</SLOV>
    <SVIZ>36,916270</SVIZ>
    <BSP>36,916270</BSP>
    <MALT>70,170000</MALT>
    <XAUS>36,916270</XAUS>
    <XFRA>36,916270</XFRA>
  </Prezzi>
</NewDataSet>