<?xml version="1.0" standalone="yes"?>
<NewDataSet>
  <xs:schema id="NewDataSet" xmlns="" xmlns:xs="http://www.w3.org/2001/XMLSchema" xmlns:msdata="urn:schemas-microsoft-com:xml-msdata">
    <xs:element name="NewDataSet" msdata:IsDataSet="true" msdata:UseCurrentLocale="true">
      <xs:complexType>
        <xs:choice minOccurs="0" maxOccurs="unbounded">
          <xs:element name="Prezzi">
            <xs:complexType>
              <xs:sequence>
                <xs:element name="Data" type="xs:string" minOccurs="0" />
                <xs:element name="Mercato" type="xs:string" minOccurs="0" />
                <xs:element name="Ora" type="xs:string" minOccurs="0" />
                <xs:element name="PUN" type="xs:string" minOccurs="0" />
                <xs:element name="NAT" type="xs:string" minOccurs="0" />
                <xs:element name="CNOR" type="xs:string" minOccurs="0" />
                <xs:element name="CSUD" type="xs:string" minOccurs="0" />
                <xs:element name="NORD" type="xs:string" minOccurs="0" />
                <xs:element name="SARD" type="xs:string" minOccurs="0" />
                <xs:element name="SICI" type="xs:string" minOccurs="0" />
                <xs:element name="SUD" type="xs:string" minOccurs="0" />
                <xs:element name="AUST" type="xs:string" minOccurs="0" />
                <xs:element name="BRNN" type="xs:string" minOccurs="0" />
                <xs:element name="COAC" type="xs:string" minOccurs="0" />
                <xs:element name="CORS" type="xs:string" minOccurs="0" />
                <xs:element name="FOGN" type="xs:string" minOccurs="0" />
                <xs:element name="FRAN" type="xs:string" minOccurs="0" />
                <xs:element name="GREC" type="xs:string" minOccurs="0" />
                <xs:element name="MFTV" type="xs:string" minOccurs="0" />
                <xs:element name="PRGP" type="xs:string" minOccurs="0" />
                <xs:element name="ROSN" type="xs:string" minOccurs="0" />
                <xs:element name="SLOV" type="xs:string" minOccurs="0" />
                <xs:element name="SVIZ" type="xs:string" minOccurs="0" />
                <xs:element name="BSP" type="xs:string" minOccurs="0" />
                <xs:element name="MALT" type="xs:string" minOccurs="0" />
                <xs:element name="XAUS" type="xs:string" minOccurs="0" />
                <xs:element name="XFRA" type="xs:string" minOccurs="0" />
              </xs:sequence>
            </xs:complexType>
          </xs:element>
        </xs:choice>
      </xs:complexType>
    </xs:element>
  </xs:schema>
  <Prezzi>
    <Data>20170530</Data>
    <Mercato>MGP</Mercato>
    <Ora>1</Ora>
    <PUN>43,944680</PUN>
    <NAT>42,810000</NAT>
    <CNOR>48,870000</CNOR>
    <CSUD>48,870000</CSUD>
    <NORD>38,350000</NORD>
    <SARD>48,870000</SARD>
    <SICI>61,450000</SICI>
    <SUD>48,870000</SUD>
    <AUST>38,350000</AUST>
    <BRNN>48,870000</BRNN>
    <COAC>48,870000</COAC>
    <CORS>48,870000</CORS>
    <FOGN>48,870000</FOGN>
    <FRAN>38,350000</FRAN>
    <GREC>48,870000</GREC>
    <MFTV>38,350000</MFTV>
    <PRGP>61,450000</PRGP>
    <ROSN>48,870000</ROSN>
    <SLOV>38,350000</SLOV>
    <SVIZ>38,350000</SVIZ>
    <BSP>38,350000</BSP>
    <MALT>61,450000</MALT>
    <XAUS>38,350000</XAUS>
    <XFRA>38,350000</XFRA>
  </Prezzi>
  <Prezzi>
    <Data>20170530</Data>
    <Mercato>MGP</Mercato>
    <Ora>2</Ora>
    <PUN>43,136530</PUN>
    <NAT>41,300000</NAT>
    <CNOR>48,870000</CNOR>
    <CSUD>48,870000</CSUD>
    <NORD>38,370000</NORD>
    <SARD>48,870000</SARD>
    <SICI>48,870000</SICI>
    <SUD>48,870000</SUD>
    <AUST>38,370000</AUST>
    <BRNN>48,870000</BRNN>
    <COAC>48,870000</COAC>
    <CORS>48,870000</CORS>
    <FOGN>48,870000</FOGN>
    <FRAN>38,370000</FRAN>
    <GREC>48,870000</GREC>
    <MFTV>38,370000</MFTV>
    <PRGP>48,870000</PRGP>
    <ROSN>48,870000</ROSN>
    <SLOV>38,370000</SLOV>
    <SVIZ>38,370000</SVIZ>
    <BSP>38,370000</BSP>
    <MALT>48,870000</MALT>
    <XAUS>38,370000</XAUS>
    <XFRA>38,370000</XFRA>
  </Prezzi>
  <Prezzi>
    <Data>20170530</Data>
    <Mercato>MGP</Mercato>
    <Ora>3</Ora>
    <PUN>37,589850</PUN>
    <NAT>38,560000</NAT>
    <CNOR>39,900000</CNOR>
    <CSUD>39,900000</CSUD>
    <NORD>35,700000</NORD>
    <SARD>39,900000</SARD>
    <SICI>39,900000</SICI>
    <SUD>39,900000</SUD>
    <AUST>35,700000</AUST>
    <BRNN>39,900000</BRNN>
    <COAC>39,900000</COAC>
    <CORS>39,900000</CORS>
    <FOGN>39,900000</FOGN>
    <FRAN>35,700000</FRAN>
    <GREC>39,900000</GREC>
    <MFTV>35,700000</MFTV>
    <PRGP>39,900000</PRGP>
    <ROSN>39,900000</ROSN>
    <SLOV>35,700000</SLOV>
    <SVIZ>35,700000</SVIZ>
    <BSP>35,700000</BSP>
    <MALT>39,900000</MALT>
    <XAUS>35,700000</XAUS>
    <XFRA>35,700000</XFRA>
  </Prezzi>
  <Prezzi>
    <Data>20170530</Data>
    <Mercato>MGP</Mercato>
    <Ora>4</Ora>
    <PUN>36,635380</PUN>
    <NAT>37,990000</NAT>
    <CNOR>39,080000</CNOR>
    <CSUD>39,080000</CSUD>
    <NORD>34,640000</NORD>
    <SARD>39,080000</SARD>
    <SICI>39,080000</SICI>
    <SUD>39,080000</SUD>
    <AUST>34,640000</AUST>
    <BRNN>39,080000</BRNN>
    <COAC>39,080000</COAC>
    <CORS>39,080000</CORS>
    <FOGN>39,080000</FOGN>
    <FRAN>34,640000</FRAN>
    <GREC>39,080000</GREC>
    <MFTV>34,640000</MFTV>
    <PRGP>39,080000</PRGP>
    <ROSN>39,080000</ROSN>
    <SLOV>34,640000</SLOV>
    <SVIZ>34,640000</SVIZ>
    <BSP>34,640000</BSP>
    <MALT>39,080000</MALT>
    <XAUS>34,640000</XAUS>
    <XFRA>34,640000</XFRA>
  </Prezzi>
  <Prezzi>
    <Data>20170530</Data>
    <Mercato>MGP</Mercato>
    <Ora>5</Ora>
    <PUN>37,597420</PUN>
    <NAT>38,560000</NAT>
    <CNOR>39,900000</CNOR>
    <CSUD>39,900000</CSUD>
    <NORD>35,700000</NORD>
    <SARD>39,900000</SARD>
    <SICI>39,900000</SICI>
    <SUD>39,900000</SUD>
    <AUST>35,700000</AUST>
    <BRNN>39,900000</BRNN>
    <COAC>39,900000</COAC>
    <CORS>39,900000</CORS>
    <FOGN>39,900000</FOGN>
    <FRAN>35,700000</FRAN>
    <GREC>39,900000</GREC>
    <MFTV>35,700000</MFTV>
    <PRGP>39,900000</PRGP>
    <ROSN>39,900000</ROSN>
    <SLOV>35,700000</SLOV>
    <SVIZ>35,700000</SVIZ>
    <BSP>35,700000</BSP>
    <MALT>39,900000</MALT>
    <XAUS>35,700000</XAUS>
    <XFRA>35,700000</XFRA>
  </Prezzi>
  <Prezzi>
    <Data>20170530</Data>
    <Mercato>MGP</Mercato>
    <Ora>6</Ora>
    <PUN>39,103350</PUN>
    <NAT>38,930000</NAT>
    <CNOR>39,900000</CNOR>
    <CSUD>39,900000</CSUD>
    <NORD>38,470000</NORD>
    <SARD>39,900000</SARD>
    <SICI>39,900000</SICI>
    <SUD>39,900000</SUD>
    <AUST>38,470000</AUST>
    <BRNN>39,900000</BRNN>
    <COAC>39,900000</COAC>
    <CORS>39,900000</CORS>
    <FOGN>39,900000</FOGN>
    <FRAN>38,470000</FRAN>
    <GREC>39,900000</GREC>
    <MFTV>38,470000</MFTV>
    <PRGP>39,900000</PRGP>
    <ROSN>39,900000</ROSN>
    <SLOV>38,470000</SLOV>
    <SVIZ>38,470000</SVIZ>
    <BSP>38,470000</BSP>
    <MALT>39,900000</MALT>
    <XAUS>38,470000</XAUS>
    <XFRA>38,470000</XFRA>
  </Prezzi>
  <Prezzi>
    <Data>20170530</Data>
    <Mercato>MGP</Mercato>
    <Ora>7</Ora>
    <PUN>48,377690</PUN>
    <NAT>48,000000</NAT>
    <CNOR>48,870000</CNOR>
    <CSUD>48,870000</CSUD>
    <NORD>48,000000</NORD>
    <SARD>48,870000</SARD>
    <SICI>48,870000</SICI>
    <SUD>48,870000</SUD>
    <AUST>48,000000</AUST>
    <BRNN>48,870000</BRNN>
    <COAC>48,870000</COAC>
    <CORS>48,870000</CORS>
    <FOGN>48,870000</FOGN>
    <FRAN>48,000000</FRAN>
    <GREC>48,870000</GREC>
    <MFTV>48,000000</MFTV>
    <PRGP>48,870000</PRGP>
    <ROSN>48,870000</ROSN>
    <SLOV>48,000000</SLOV>
    <SVIZ>48,000000</SVIZ>
    <BSP>48,000000</BSP>
    <MALT>48,870000</MALT>
    <XAUS>48,000000</XAUS>
    <XFRA>48,000000</XFRA>
  </Prezzi>
  <Prezzi>
    <Data>20170530</Data>
    <Mercato>MGP</Mercato>
    <Ora>8</Ora>
    <PUN>51,252860</PUN>
    <NAT>50,080000</NAT>
    <CNOR>49,597310</CNOR>
    <CSUD>49,597310</CSUD>
    <NORD>49,597310</NORD>
    <SARD>49,597310</SARD>
    <SICI>80,000000</SICI>
    <SUD>49,597310</SUD>
    <AUST>49,597310</AUST>
    <BRNN>49,597310</BRNN>
    <COAC>49,597310</COAC>
    <CORS>49,597310</CORS>
    <FOGN>49,597310</FOGN>
    <FRAN>49,597310</FRAN>
    <GREC>49,597310</GREC>
    <MFTV>49,597310</MFTV>
    <PRGP>80,000000</PRGP>
    <ROSN>49,597310</ROSN>
    <SLOV>49,597310</SLOV>
    <SVIZ>49,597310</SVIZ>
    <BSP>49,597310</BSP>
    <MALT>80,000000</MALT>
    <XAUS>49,597310</XAUS>
    <XFRA>49,597310</XFRA>
  </Prezzi>
  <Prezzi>
    <Data>20170530</Data>
    <Mercato>MGP</Mercato>
    <Ora>9</Ora>
    <PUN>54,001390</PUN>
    <NAT>52,230000</NAT>
    <CNOR>52,230000</CNOR>
    <CSUD>52,230000</CSUD>
    <NORD>52,230000</NORD>
    <SARD>52,230000</SARD>
    <SICI>85,120000</SICI>
    <SUD>52,230000</SUD>
    <AUST>52,230000</AUST>
    <BRNN>52,230000</BRNN>
    <COAC>52,230000</COAC>
    <CORS>52,230000</CORS>
    <FOGN>52,230000</FOGN>
    <FRAN>52,230000</FRAN>
    <GREC>52,230000</GREC>
    <MFTV>52,230000</MFTV>
    <PRGP>85,120000</PRGP>
    <ROSN>52,230000</ROSN>
    <SLOV>52,230000</SLOV>
    <SVIZ>52,230000</SVIZ>
    <BSP>52,230000</BSP>
    <MALT>85,120000</MALT>
    <XAUS>52,230000</XAUS>
    <XFRA>52,230000</XFRA>
  </Prezzi>
  <Prezzi>
    <Data>20170530</Data>
    <Mercato>MGP</Mercato>
    <Ora>10</Ora>
    <PUN>52,716310</PUN>
    <NAT>52,230000</NAT>
    <CNOR>52,230000</CNOR>
    <CSUD>52,230000</CSUD>
    <NORD>52,230000</NORD>
    <SARD>52,230000</SARD>
    <SICI>61,450000</SICI>
    <SUD>52,230000</SUD>
    <AUST>52,230000</AUST>
    <BRNN>52,230000</BRNN>
    <COAC>52,230000</COAC>
    <CORS>52,230000</CORS>
    <FOGN>52,230000</FOGN>
    <FRAN>52,230000</FRAN>
    <GREC>52,230000</GREC>
    <MFTV>52,230000</MFTV>
    <PRGP>61,450000</PRGP>
    <ROSN>52,230000</ROSN>
    <SLOV>52,230000</SLOV>
    <SVIZ>52,230000</SVIZ>
    <BSP>52,230000</BSP>
    <MALT>61,450000</MALT>
    <XAUS>52,230000</XAUS>
    <XFRA>52,230000</XFRA>
  </Prezzi>
  <Prezzi>
    <Data>20170530</Data>
    <Mercato>MGP</Mercato>
    <Ora>11</Ora>
    <PUN>50,340000</PUN>
    <NAT>50,340000</NAT>
    <CNOR>50,340000</CNOR>
    <CSUD>50,340000</CSUD>
    <NORD>50,340000</NORD>
    <SARD>50,340000</SARD>
    <SICI>50,340000</SICI>
    <SUD>50,340000</SUD>
    <AUST>50,340000</AUST>
    <BRNN>50,340000</BRNN>
    <COAC>50,340000</COAC>
    <CORS>50,340000</CORS>
    <FOGN>50,340000</FOGN>
    <FRAN>50,340000</FRAN>
    <GREC>50,340000</GREC>
    <MFTV>50,340000</MFTV>
    <PRGP>50,340000</PRGP>
    <ROSN>50,340000</ROSN>
    <SLOV>50,340000</SLOV>
    <SVIZ>50,340000</SVIZ>
    <BSP>50,340000</BSP>
    <MALT>50,340000</MALT>
    <XAUS>50,340000</XAUS>
    <XFRA>50,340000</XFRA>
  </Prezzi>
  <Prezzi>
    <Data>20170530</Data>
    <Mercato>MGP</Mercato>
    <Ora>12</Ora>
    <PUN>50,340000</PUN>
    <NAT>50,340000</NAT>
    <CNOR>50,340000</CNOR>
    <CSUD>50,340000</CSUD>
    <NORD>50,340000</NORD>
    <SARD>50,340000</SARD>
    <SICI>50,340000</SICI>
    <SUD>50,340000</SUD>
    <AUST>50,340000</AUST>
    <BRNN>50,340000</BRNN>
    <COAC>50,340000</COAC>
    <CORS>50,340000</CORS>
    <FOGN>50,340000</FOGN>
    <FRAN>50,340000</FRAN>
    <GREC>50,340000</GREC>
    <MFTV>50,340000</MFTV>
    <PRGP>50,340000</PRGP>
    <ROSN>50,340000</ROSN>
    <SLOV>50,340000</SLOV>
    <SVIZ>50,340000</SVIZ>
    <BSP>50,340000</BSP>
    <MALT>50,340000</MALT>
    <XAUS>50,340000</XAUS>
    <XFRA>50,340000</XFRA>
  </Prezzi>
  <Prezzi>
    <Data>20170530</Data>
    <Mercato>MGP</Mercato>
    <Ora>13</Ora>
    <PUN>48,920000</PUN>
    <NAT>48,920000</NAT>
    <CNOR>48,920000</CNOR>
    <CSUD>48,920000</CSUD>
    <NORD>48,920000</NORD>
    <SARD>48,920000</SARD>
    <SICI>48,920000</SICI>
    <SUD>48,920000</SUD>
    <AUST>48,920000</AUST>
    <BRNN>48,920000</BRNN>
    <COAC>48,920000</COAC>
    <CORS>48,920000</CORS>
    <FOGN>48,920000</FOGN>
    <FRAN>48,920000</FRAN>
    <GREC>48,920000</GREC>
    <MFTV>48,920000</MFTV>
    <PRGP>48,920000</PRGP>
    <ROSN>48,920000</ROSN>
    <SLOV>48,920000</SLOV>
    <SVIZ>48,920000</SVIZ>
    <BSP>48,920000</BSP>
    <MALT>48,920000</MALT>
    <XAUS>48,920000</XAUS>
    <XFRA>48,920000</XFRA>
  </Prezzi>
  <Prezzi>
    <Data>20170530</Data>
    <Mercato>MGP</Mercato>
    <Ora>14</Ora>
    <PUN>45,940000</PUN>
    <NAT>45,940000</NAT>
    <CNOR>45,940000</CNOR>
    <CSUD>45,940000</CSUD>
    <NORD>45,940000</NORD>
    <SARD>45,940000</SARD>
    <SICI>45,940000</SICI>
    <SUD>45,940000</SUD>
    <AUST>45,940000</AUST>
    <BRNN>45,940000</BRNN>
    <COAC>45,940000</COAC>
    <CORS>45,940000</CORS>
    <FOGN>45,940000</FOGN>
    <FRAN>45,940000</FRAN>
    <GREC>45,940000</GREC>
    <MFTV>45,940000</MFTV>
    <PRGP>45,940000</PRGP>
    <ROSN>45,940000</ROSN>
    <SLOV>45,940000</SLOV>
    <SVIZ>45,940000</SVIZ>
    <BSP>45,940000</BSP>
    <MALT>45,940000</MALT>
    <XAUS>45,940000</XAUS>
    <XFRA>45,940000</XFRA>
  </Prezzi>
  <Prezzi>
    <Data>20170530</Data>
    <Mercato>MGP</Mercato>
    <Ora>15</Ora>
    <PUN>48,550000</PUN>
    <NAT>48,550000</NAT>
    <CNOR>48,550000</CNOR>
    <CSUD>48,550000</CSUD>
    <NORD>48,550000</NORD>
    <SARD>48,550000</SARD>
    <SICI>48,550000</SICI>
    <SUD>48,550000</SUD>
    <AUST>48,550000</AUST>
    <BRNN>48,550000</BRNN>
    <COAC>48,550000</COAC>
    <CORS>48,550000</CORS>
    <FOGN>48,550000</FOGN>
    <FRAN>48,550000</FRAN>
    <GREC>48,550000</GREC>
    <MFTV>48,550000</MFTV>
    <PRGP>48,550000</PRGP>
    <ROSN>48,550000</ROSN>
    <SLOV>48,550000</SLOV>
    <SVIZ>48,550000</SVIZ>
    <BSP>48,550000</BSP>
    <MALT>48,550000</MALT>
    <XAUS>48,550000</XAUS>
    <XFRA>48,550000</XFRA>
  </Prezzi>
  <Prezzi>
    <Data>20170530</Data>
    <Mercato>MGP</Mercato>
    <Ora>16</Ora>
    <PUN>49,560000</PUN>
    <NAT>49,560000</NAT>
    <CNOR>49,560000</CNOR>
    <CSUD>49,560000</CSUD>
    <NORD>49,560000</NORD>
    <SARD>49,560000</SARD>
    <SICI>49,560000</SICI>
    <SUD>49,560000</SUD>
    <AUST>49,560000</AUST>
    <BRNN>49,560000</BRNN>
    <COAC>49,560000</COAC>
    <CORS>49,560000</CORS>
    <FOGN>49,560000</FOGN>
    <FRAN>49,560000</FRAN>
    <GREC>49,560000</GREC>
    <MFTV>49,560000</MFTV>
    <PRGP>49,560000</PRGP>
    <ROSN>49,560000</ROSN>
    <SLOV>49,560000</SLOV>
    <SVIZ>49,560000</SVIZ>
    <BSP>49,560000</BSP>
    <MALT>49,560000</MALT>
    <XAUS>49,560000</XAUS>
    <XFRA>49,560000</XFRA>
  </Prezzi>
  <Prezzi>
    <Data>20170530</Data>
    <Mercato>MGP</Mercato>
    <Ora>17</Ora>
    <PUN>50,080000</PUN>
    <NAT>50,080000</NAT>
    <CNOR>50,080000</CNOR>
    <CSUD>50,080000</CSUD>
    <NORD>50,080000</NORD>
    <SARD>50,080000</SARD>
    <SICI>50,080000</SICI>
    <SUD>50,080000</SUD>
    <AUST>50,080000</AUST>
    <BRNN>50,080000</BRNN>
    <COAC>50,080000</COAC>
    <CORS>50,080000</CORS>
    <FOGN>50,080000</FOGN>
    <FRAN>50,080000</FRAN>
    <GREC>50,080000</GREC>
    <MFTV>50,080000</MFTV>
    <PRGP>50,080000</PRGP>
    <ROSN>50,080000</ROSN>
    <SLOV>50,080000</SLOV>
    <SVIZ>50,080000</SVIZ>
    <BSP>50,080000</BSP>
    <MALT>50,080000</MALT>
    <XAUS>50,080000</XAUS>
    <XFRA>50,080000</XFRA>
  </Prezzi>
  <Prezzi>
    <Data>20170530</Data>
    <Mercato>MGP</Mercato>
    <Ora>18</Ora>
    <PUN>50,095200</PUN>
    <NAT>49,560000</NAT>
    <CNOR>48,920000</CNOR>
    <CSUD>48,920000</CSUD>
    <NORD>48,920000</NORD>
    <SARD>48,920000</SARD>
    <SICI>71,010000</SICI>
    <SUD>48,920000</SUD>
    <AUST>48,920000</AUST>
    <BRNN>48,920000</BRNN>
    <COAC>48,920000</COAC>
    <CORS>48,920000</CORS>
    <FOGN>48,920000</FOGN>
    <FRAN>48,920000</FRAN>
    <GREC>48,920000</GREC>
    <MFTV>48,920000</MFTV>
    <PRGP>71,010000</PRGP>
    <ROSN>48,920000</ROSN>
    <SLOV>48,920000</SLOV>
    <SVIZ>48,920000</SVIZ>
    <BSP>48,920000</BSP>
    <MALT>71,010000</MALT>
    <XAUS>48,920000</XAUS>
    <XFRA>48,920000</XFRA>
  </Prezzi>
  <Prezzi>
    <Data>20170530</Data>
    <Mercato>MGP</Mercato>
    <Ora>19</Ora>
    <PUN>51,876320</PUN>
    <NAT>49,900000</NAT>
    <CNOR>49,560000</CNOR>
    <CSUD>49,560000</CSUD>
    <NORD>49,560000</NORD>
    <SARD>49,560000</SARD>
    <SICI>91,120000</SICI>
    <SUD>49,560000</SUD>
    <AUST>49,560000</AUST>
    <BRNN>49,560000</BRNN>
    <COAC>49,560000</COAC>
    <CORS>49,560000</CORS>
    <FOGN>49,560000</FOGN>
    <FRAN>49,560000</FRAN>
    <GREC>49,560000</GREC>
    <MFTV>49,560000</MFTV>
    <PRGP>91,120000</PRGP>
    <ROSN>49,560000</ROSN>
    <SLOV>49,560000</SLOV>
    <SVIZ>49,560000</SVIZ>
    <BSP>49,560000</BSP>
    <MALT>91,120000</MALT>
    <XAUS>49,560000</XAUS>
    <XFRA>49,560000</XFRA>
  </Prezzi>
  <Prezzi>
    <Data>20170530</Data>
    <Mercato>MGP</Mercato>
    <Ora>20</Ora>
    <PUN>52,512670</PUN>
    <NAT>52,230000</NAT>
    <CNOR>50,340000</CNOR>
    <CSUD>50,340000</CSUD>
    <NORD>50,100000</NORD>
    <SARD>50,340000</SARD>
    <SICI>91,120000</SICI>
    <SUD>50,340000</SUD>
    <AUST>50,100000</AUST>
    <BRNN>50,340000</BRNN>
    <COAC>50,340000</COAC>
    <CORS>50,340000</CORS>
    <FOGN>50,340000</FOGN>
    <FRAN>50,100000</FRAN>
    <GREC>50,340000</GREC>
    <MFTV>50,100000</MFTV>
    <PRGP>91,120000</PRGP>
    <ROSN>50,340000</ROSN>
    <SLOV>50,100000</SLOV>
    <SVIZ>50,100000</SVIZ>
    <BSP>50,100000</BSP>
    <MALT>91,120000</MALT>
    <XAUS>50,100000</XAUS>
    <XFRA>50,100000</XFRA>
  </Prezzi>
  <Prezzi>
    <Data>20170530</Data>
    <Mercato>MGP</Mercato>
    <Ora>21</Ora>
    <PUN>69,864360</PUN>
    <NAT>58,370000</NAT>
    <CNOR>91,450000</CNOR>
    <CSUD>91,450000</CSUD>
    <NORD>51,000000</NORD>
    <SARD>91,450000</SARD>
    <SICI>91,450000</SICI>
    <SUD>91,450000</SUD>
    <AUST>51,000000</AUST>
    <BRNN>91,450000</BRNN>
    <COAC>91,450000</COAC>
    <CORS>91,450000</CORS>
    <FOGN>91,450000</FOGN>
    <FRAN>51,000000</FRAN>
    <GREC>91,450000</GREC>
    <MFTV>51,000000</MFTV>
    <PRGP>91,450000</PRGP>
    <ROSN>91,450000</ROSN>
    <SLOV>51,000000</SLOV>
    <SVIZ>51,000000</SVIZ>
    <BSP>51,000000</BSP>
    <MALT>91,450000</MALT>
    <XAUS>51,000000</XAUS>
    <XFRA>51,000000</XFRA>
  </Prezzi>
  <Prezzi>
    <Data>20170530</Data>
    <Mercato>MGP</Mercato>
    <Ora>22</Ora>
    <PUN>68,957160</PUN>
    <NAT>56,720000</NAT>
    <CNOR>89,750000</CNOR>
    <CSUD>89,750000</CSUD>
    <NORD>50,930000</NORD>
    <SARD>89,750000</SARD>
    <SICI>91,120000</SICI>
    <SUD>89,750000</SUD>
    <AUST>50,930000</AUST>
    <BRNN>89,750000</BRNN>
    <COAC>89,750000</COAC>
    <CORS>89,750000</CORS>
    <FOGN>89,750000</FOGN>
    <FRAN>50,930000</FRAN>
    <GREC>89,750000</GREC>
    <MFTV>50,930000</MFTV>
    <PRGP>91,120000</PRGP>
    <ROSN>89,750000</ROSN>
    <SLOV>50,930000</SLOV>
    <SVIZ>50,930000</SVIZ>
    <BSP>50,930000</BSP>
    <MALT>91,120000</MALT>
    <XAUS>50,930000</XAUS>
    <XFRA>50,930000</XFRA>
  </Prezzi>
  <Prezzi>
    <Data>20170530</Data>
    <Mercato>MGP</Mercato>
    <Ora>23</Ora>
    <PUN>53,155900</PUN>
    <NAT>52,230000</NAT>
    <CNOR>50,749590</CNOR>
    <CSUD>50,749590</CSUD>
    <NORD>50,749590</NORD>
    <SARD>50,749590</SARD>
    <SICI>91,120000</SICI>
    <SUD>50,749590</SUD>
    <AUST>50,749590</AUST>
    <BRNN>50,749590</BRNN>
    <COAC>50,749590</COAC>
    <CORS>50,749590</CORS>
    <FOGN>50,749590</FOGN>
    <FRAN>50,749590</FRAN>
    <GREC>50,749590</GREC>
    <MFTV>50,749590</MFTV>
    <PRGP>91,120000</PRGP>
    <ROSN>50,749590</ROSN>
    <SLOV>50,749590</SLOV>
    <SVIZ>50,749590</SVIZ>
    <BSP>50,749590</BSP>
    <MALT>91,120000</MALT>
    <XAUS>50,749590</XAUS>
    <XFRA>50,749590</XFRA>
  </Prezzi>
  <Prezzi>
    <Data>20170530</Data>
    <Mercato>MGP</Mercato>
    <Ora>24</Ora>
    <PUN>49,623110</PUN>
    <NAT>47,910000</NAT>
    <CNOR>47,000000</CNOR>
    <CSUD>47,000000</CSUD>
    <NORD>47,000000</NORD>
    <SARD>47,000000</SARD>
    <SICI>91,120000</SICI>
    <SUD>47,000000</SUD>
    <AUST>47,000000</AUST>
    <BRNN>47,000000</BRNN>
    <COAC>47,000000</COAC>
    <CORS>47,000000</CORS>
    <FOGN>47,000000</FOGN>
    <FRAN>47,000000</FRAN>
    <GREC>47,000000</GREC>
    <MFTV>47,000000</MFTV>
    <PRGP>91,120000</PRGP>
    <ROSN>47,000000</ROSN>
    <SLOV>47,000000</SLOV>
    <SVIZ>47,000000</SVIZ>
    <BSP>47,000000</BSP>
    <MALT>91,120000</MALT>
    <XAUS>47,000000</XAUS>
    <XFRA>47,000000</XFRA>
  </Prezzi>
</NewDataSet>