<?xml version="1.0" standalone="yes"?>
<NewDataSet>
  <xs:schema id="NewDataSet" xmlns="" xmlns:xs="http://www.w3.org/2001/XMLSchema" xmlns:msdata="urn:schemas-microsoft-com:xml-msdata">
    <xs:element name="NewDataSet" msdata:IsDataSet="true" msdata:UseCurrentLocale="true">
      <xs:complexType>
        <xs:choice minOccurs="0" maxOccurs="unbounded">
          <xs:element name="Prezzi">
            <xs:complexType>
              <xs:sequence>
                <xs:element name="Data" type="xs:string" minOccurs="0" />
                <xs:element name="Mercato" type="xs:string" minOccurs="0" />
                <xs:element name="Ora" type="xs:string" minOccurs="0" />
                <xs:element name="PUN" type="xs:string" minOccurs="0" />
                <xs:element name="NAT" type="xs:string" minOccurs="0" />
                <xs:element name="CNOR" type="xs:string" minOccurs="0" />
                <xs:element name="CSUD" type="xs:string" minOccurs="0" />
                <xs:element name="NORD" type="xs:string" minOccurs="0" />
                <xs:element name="SARD" type="xs:string" minOccurs="0" />
                <xs:element name="SICI" type="xs:string" minOccurs="0" />
                <xs:element name="SUD" type="xs:string" minOccurs="0" />
                <xs:element name="AUST" type="xs:string" minOccurs="0" />
                <xs:element name="BRNN" type="xs:string" minOccurs="0" />
                <xs:element name="COAC" type="xs:string" minOccurs="0" />
                <xs:element name="CORS" type="xs:string" minOccurs="0" />
                <xs:element name="FOGN" type="xs:string" minOccurs="0" />
                <xs:element name="FRAN" type="xs:string" minOccurs="0" />
                <xs:element name="GREC" type="xs:string" minOccurs="0" />
                <xs:element name="MFTV" type="xs:string" minOccurs="0" />
                <xs:element name="PRGP" type="xs:string" minOccurs="0" />
                <xs:element name="ROSN" type="xs:string" minOccurs="0" />
                <xs:element name="SLOV" type="xs:string" minOccurs="0" />
                <xs:element name="SVIZ" type="xs:string" minOccurs="0" />
                <xs:element name="BSP" type="xs:string" minOccurs="0" />
                <xs:element name="MALT" type="xs:string" minOccurs="0" />
                <xs:element name="XAUS" type="xs:string" minOccurs="0" />
                <xs:element name="XFRA" type="xs:string" minOccurs="0" />
              </xs:sequence>
            </xs:complexType>
          </xs:element>
        </xs:choice>
      </xs:complexType>
    </xs:element>
  </xs:schema>
  <Prezzi>
    <Data>20170510</Data>
    <Mercato>MGP</Mercato>
    <Ora>1</Ora>
    <PUN>41,732330</PUN>
    <NAT>40,120000</NAT>
    <CNOR>47,060000</CNOR>
    <CSUD>47,060000</CSUD>
    <NORD>34,510000</NORD>
    <SARD>47,060000</SARD>
    <SICI>71,120000</SICI>
    <SUD>47,060000</SUD>
    <AUST>34,510000</AUST>
    <BRNN>47,060000</BRNN>
    <COAC>47,060000</COAC>
    <CORS>47,060000</CORS>
    <FOGN>47,060000</FOGN>
    <FRAN>34,510000</FRAN>
    <GREC>47,060000</GREC>
    <MFTV>34,510000</MFTV>
    <PRGP>71,120000</PRGP>
    <ROSN>47,060000</ROSN>
    <SLOV>34,510000</SLOV>
    <SVIZ>34,510000</SVIZ>
    <BSP>34,510000</BSP>
    <MALT>71,120000</MALT>
    <XAUS>34,510000</XAUS>
    <XFRA>34,510000</XFRA>
  </Prezzi>
  <Prezzi>
    <Data>20170510</Data>
    <Mercato>MGP</Mercato>
    <Ora>2</Ora>
    <PUN>41,006910</PUN>
    <NAT>39,010000</NAT>
    <CNOR>47,000000</CNOR>
    <CSUD>47,000000</CSUD>
    <NORD>34,510000</NORD>
    <SARD>47,000000</SARD>
    <SICI>61,000000</SICI>
    <SUD>47,000000</SUD>
    <AUST>34,510000</AUST>
    <BRNN>47,000000</BRNN>
    <COAC>47,000000</COAC>
    <CORS>47,000000</CORS>
    <FOGN>47,000000</FOGN>
    <FRAN>34,510000</FRAN>
    <GREC>47,000000</GREC>
    <MFTV>34,510000</MFTV>
    <PRGP>61,000000</PRGP>
    <ROSN>47,000000</ROSN>
    <SLOV>34,510000</SLOV>
    <SVIZ>34,510000</SVIZ>
    <BSP>34,510000</BSP>
    <MALT>61,000000</MALT>
    <XAUS>34,510000</XAUS>
    <XFRA>34,510000</XFRA>
  </Prezzi>
  <Prezzi>
    <Data>20170510</Data>
    <Mercato>MGP</Mercato>
    <Ora>3</Ora>
    <PUN>37,801220</PUN>
    <NAT>38,590000</NAT>
    <CNOR>41,300000</CNOR>
    <CSUD>41,300000</CSUD>
    <NORD>33,990000</NORD>
    <SARD>41,300000</SARD>
    <SICI>50,000000</SICI>
    <SUD>41,300000</SUD>
    <AUST>33,990000</AUST>
    <BRNN>41,300000</BRNN>
    <COAC>41,300000</COAC>
    <CORS>41,300000</CORS>
    <FOGN>41,300000</FOGN>
    <FRAN>33,990000</FRAN>
    <GREC>41,300000</GREC>
    <MFTV>33,990000</MFTV>
    <PRGP>50,000000</PRGP>
    <ROSN>41,300000</ROSN>
    <SLOV>33,990000</SLOV>
    <SVIZ>33,990000</SVIZ>
    <BSP>33,990000</BSP>
    <MALT>50,000000</MALT>
    <XAUS>33,990000</XAUS>
    <XFRA>33,990000</XFRA>
  </Prezzi>
  <Prezzi>
    <Data>20170510</Data>
    <Mercato>MGP</Mercato>
    <Ora>4</Ora>
    <PUN>35,980000</PUN>
    <NAT>38,350000</NAT>
    <CNOR>41,206430</CNOR>
    <CSUD>41,206430</CSUD>
    <NORD>30,721320</NORD>
    <SARD>41,206430</SARD>
    <SICI>50,000000</SICI>
    <SUD>41,206430</SUD>
    <AUST>30,721320</AUST>
    <BRNN>41,206430</BRNN>
    <COAC>41,206430</COAC>
    <CORS>41,206430</CORS>
    <FOGN>41,206430</FOGN>
    <FRAN>30,721320</FRAN>
    <GREC>41,206430</GREC>
    <MFTV>30,721320</MFTV>
    <PRGP>50,000000</PRGP>
    <ROSN>41,206430</ROSN>
    <SLOV>30,721320</SLOV>
    <SVIZ>30,721320</SVIZ>
    <BSP>30,721320</BSP>
    <MALT>50,000000</MALT>
    <XAUS>30,721320</XAUS>
    <XFRA>30,721320</XFRA>
  </Prezzi>
  <Prezzi>
    <Data>20170510</Data>
    <Mercato>MGP</Mercato>
    <Ora>5</Ora>
    <PUN>37,024890</PUN>
    <NAT>38,580000</NAT>
    <CNOR>43,430000</CNOR>
    <CSUD>43,430000</CSUD>
    <NORD>31,031580</NORD>
    <SARD>43,430000</SARD>
    <SICI>50,000000</SICI>
    <SUD>43,430000</SUD>
    <AUST>31,031580</AUST>
    <BRNN>43,430000</BRNN>
    <COAC>43,430000</COAC>
    <CORS>43,430000</CORS>
    <FOGN>43,430000</FOGN>
    <FRAN>31,031580</FRAN>
    <GREC>43,430000</GREC>
    <MFTV>31,031580</MFTV>
    <PRGP>50,000000</PRGP>
    <ROSN>43,430000</ROSN>
    <SLOV>31,031580</SLOV>
    <SVIZ>31,031580</SVIZ>
    <BSP>31,031580</BSP>
    <MALT>50,000000</MALT>
    <XAUS>31,031580</XAUS>
    <XFRA>31,031580</XFRA>
  </Prezzi>
  <Prezzi>
    <Data>20170510</Data>
    <Mercato>MGP</Mercato>
    <Ora>6</Ora>
    <PUN>40,902390</PUN>
    <NAT>39,120000</NAT>
    <CNOR>46,930000</CNOR>
    <CSUD>46,930000</CSUD>
    <NORD>34,510000</NORD>
    <SARD>46,930000</SARD>
    <SICI>61,000000</SICI>
    <SUD>46,930000</SUD>
    <AUST>34,510000</AUST>
    <BRNN>46,930000</BRNN>
    <COAC>46,930000</COAC>
    <CORS>46,930000</CORS>
    <FOGN>46,930000</FOGN>
    <FRAN>34,510000</FRAN>
    <GREC>46,930000</GREC>
    <MFTV>34,510000</MFTV>
    <PRGP>61,000000</PRGP>
    <ROSN>46,930000</ROSN>
    <SLOV>34,510000</SLOV>
    <SVIZ>34,510000</SVIZ>
    <BSP>34,510000</BSP>
    <MALT>61,000000</MALT>
    <XAUS>34,510000</XAUS>
    <XFRA>34,510000</XFRA>
  </Prezzi>
  <Prezzi>
    <Data>20170510</Data>
    <Mercato>MGP</Mercato>
    <Ora>7</Ora>
    <PUN>44,297700</PUN>
    <NAT>44,000000</NAT>
    <CNOR>44,000000</CNOR>
    <CSUD>44,000000</CSUD>
    <NORD>42,042780</NORD>
    <SARD>44,000000</SARD>
    <SICI>70,010000</SICI>
    <SUD>44,000000</SUD>
    <AUST>42,042780</AUST>
    <BRNN>44,000000</BRNN>
    <COAC>44,000000</COAC>
    <CORS>44,000000</CORS>
    <FOGN>44,000000</FOGN>
    <FRAN>42,042780</FRAN>
    <GREC>44,000000</GREC>
    <MFTV>42,042780</MFTV>
    <PRGP>70,010000</PRGP>
    <ROSN>44,000000</ROSN>
    <SLOV>42,042780</SLOV>
    <SVIZ>42,042780</SVIZ>
    <BSP>42,042780</BSP>
    <MALT>70,010000</MALT>
    <XAUS>42,042780</XAUS>
    <XFRA>42,042780</XFRA>
  </Prezzi>
  <Prezzi>
    <Data>20170510</Data>
    <Mercato>MGP</Mercato>
    <Ora>8</Ora>
    <PUN>52,028580</PUN>
    <NAT>51,060000</NAT>
    <CNOR>50,370000</CNOR>
    <CSUD>50,370000</CSUD>
    <NORD>49,978400</NORD>
    <SARD>50,370000</SARD>
    <SICI>85,120000</SICI>
    <SUD>50,370000</SUD>
    <AUST>49,978400</AUST>
    <BRNN>50,370000</BRNN>
    <COAC>50,370000</COAC>
    <CORS>50,370000</CORS>
    <FOGN>50,370000</FOGN>
    <FRAN>49,978400</FRAN>
    <GREC>50,370000</GREC>
    <MFTV>49,978400</MFTV>
    <PRGP>85,120000</PRGP>
    <ROSN>50,370000</ROSN>
    <SLOV>49,978400</SLOV>
    <SVIZ>49,978400</SVIZ>
    <BSP>49,978400</BSP>
    <MALT>85,120000</MALT>
    <XAUS>49,978400</XAUS>
    <XFRA>49,978400</XFRA>
  </Prezzi>
  <Prezzi>
    <Data>20170510</Data>
    <Mercato>MGP</Mercato>
    <Ora>9</Ora>
    <PUN>57,540000</PUN>
    <NAT>57,000000</NAT>
    <CNOR>56,029180</CNOR>
    <CSUD>56,029180</CSUD>
    <NORD>56,029180</NORD>
    <SARD>56,029180</SARD>
    <SICI>85,120000</SICI>
    <SUD>56,029180</SUD>
    <AUST>56,029180</AUST>
    <BRNN>56,029180</BRNN>
    <COAC>56,029180</COAC>
    <CORS>56,029180</CORS>
    <FOGN>56,029180</FOGN>
    <FRAN>56,029180</FRAN>
    <GREC>56,029180</GREC>
    <MFTV>56,029180</MFTV>
    <PRGP>85,120000</PRGP>
    <ROSN>56,029180</ROSN>
    <SLOV>56,029180</SLOV>
    <SVIZ>56,029180</SVIZ>
    <BSP>56,029180</BSP>
    <MALT>85,120000</MALT>
    <XAUS>56,029180</XAUS>
    <XFRA>56,029180</XFRA>
  </Prezzi>
  <Prezzi>
    <Data>20170510</Data>
    <Mercato>MGP</Mercato>
    <Ora>10</Ora>
    <PUN>53,373950</PUN>
    <NAT>52,550000</NAT>
    <CNOR>52,470000</CNOR>
    <CSUD>52,470000</CSUD>
    <NORD>52,470000</NORD>
    <SARD>52,470000</SARD>
    <SICI>70,010000</SICI>
    <SUD>52,470000</SUD>
    <AUST>52,470000</AUST>
    <BRNN>52,470000</BRNN>
    <COAC>52,470000</COAC>
    <CORS>52,470000</CORS>
    <FOGN>52,470000</FOGN>
    <FRAN>52,470000</FRAN>
    <GREC>52,470000</GREC>
    <MFTV>52,470000</MFTV>
    <PRGP>70,010000</PRGP>
    <ROSN>52,470000</ROSN>
    <SLOV>52,470000</SLOV>
    <SVIZ>52,470000</SVIZ>
    <BSP>52,470000</BSP>
    <MALT>70,010000</MALT>
    <XAUS>52,470000</XAUS>
    <XFRA>52,470000</XFRA>
  </Prezzi>
  <Prezzi>
    <Data>20170510</Data>
    <Mercato>MGP</Mercato>
    <Ora>11</Ora>
    <PUN>52,470000</PUN>
    <NAT>52,470000</NAT>
    <CNOR>52,470000</CNOR>
    <CSUD>52,470000</CSUD>
    <NORD>52,470000</NORD>
    <SARD>52,470000</SARD>
    <SICI>52,470000</SICI>
    <SUD>52,470000</SUD>
    <AUST>52,470000</AUST>
    <BRNN>52,470000</BRNN>
    <COAC>52,470000</COAC>
    <CORS>52,470000</CORS>
    <FOGN>52,470000</FOGN>
    <FRAN>52,470000</FRAN>
    <GREC>52,470000</GREC>
    <MFTV>52,470000</MFTV>
    <PRGP>52,470000</PRGP>
    <ROSN>52,470000</ROSN>
    <SLOV>52,470000</SLOV>
    <SVIZ>52,470000</SVIZ>
    <BSP>52,470000</BSP>
    <MALT>52,470000</MALT>
    <XAUS>52,470000</XAUS>
    <XFRA>52,470000</XFRA>
  </Prezzi>
  <Prezzi>
    <Data>20170510</Data>
    <Mercato>MGP</Mercato>
    <Ora>12</Ora>
    <PUN>47,060000</PUN>
    <NAT>47,060000</NAT>
    <CNOR>47,060000</CNOR>
    <CSUD>47,060000</CSUD>
    <NORD>47,060000</NORD>
    <SARD>47,060000</SARD>
    <SICI>47,060000</SICI>
    <SUD>47,060000</SUD>
    <AUST>47,060000</AUST>
    <BRNN>47,060000</BRNN>
    <COAC>47,060000</COAC>
    <CORS>47,060000</CORS>
    <FOGN>47,060000</FOGN>
    <FRAN>47,060000</FRAN>
    <GREC>47,060000</GREC>
    <MFTV>47,060000</MFTV>
    <PRGP>47,060000</PRGP>
    <ROSN>47,060000</ROSN>
    <SLOV>47,060000</SLOV>
    <SVIZ>47,060000</SVIZ>
    <BSP>47,060000</BSP>
    <MALT>47,060000</MALT>
    <XAUS>47,060000</XAUS>
    <XFRA>47,060000</XFRA>
  </Prezzi>
  <Prezzi>
    <Data>20170510</Data>
    <Mercato>MGP</Mercato>
    <Ora>13</Ora>
    <PUN>40,180000</PUN>
    <NAT>40,180000</NAT>
    <CNOR>40,180000</CNOR>
    <CSUD>40,180000</CSUD>
    <NORD>40,180000</NORD>
    <SARD>40,180000</SARD>
    <SICI>40,180000</SICI>
    <SUD>40,180000</SUD>
    <AUST>40,180000</AUST>
    <BRNN>40,180000</BRNN>
    <COAC>40,180000</COAC>
    <CORS>40,180000</CORS>
    <FOGN>40,180000</FOGN>
    <FRAN>40,180000</FRAN>
    <GREC>40,180000</GREC>
    <MFTV>40,180000</MFTV>
    <PRGP>40,180000</PRGP>
    <ROSN>40,180000</ROSN>
    <SLOV>40,180000</SLOV>
    <SVIZ>40,180000</SVIZ>
    <BSP>40,180000</BSP>
    <MALT>40,180000</MALT>
    <XAUS>40,180000</XAUS>
    <XFRA>40,180000</XFRA>
  </Prezzi>
  <Prezzi>
    <Data>20170510</Data>
    <Mercato>MGP</Mercato>
    <Ora>14</Ora>
    <PUN>40,540000</PUN>
    <NAT>40,540000</NAT>
    <CNOR>40,540000</CNOR>
    <CSUD>40,540000</CSUD>
    <NORD>40,540000</NORD>
    <SARD>40,540000</SARD>
    <SICI>40,540000</SICI>
    <SUD>40,540000</SUD>
    <AUST>40,540000</AUST>
    <BRNN>40,540000</BRNN>
    <COAC>40,540000</COAC>
    <CORS>40,540000</CORS>
    <FOGN>40,540000</FOGN>
    <FRAN>40,540000</FRAN>
    <GREC>40,540000</GREC>
    <MFTV>40,540000</MFTV>
    <PRGP>40,540000</PRGP>
    <ROSN>40,540000</ROSN>
    <SLOV>40,540000</SLOV>
    <SVIZ>40,540000</SVIZ>
    <BSP>40,540000</BSP>
    <MALT>40,540000</MALT>
    <XAUS>40,540000</XAUS>
    <XFRA>40,540000</XFRA>
  </Prezzi>
  <Prezzi>
    <Data>20170510</Data>
    <Mercato>MGP</Mercato>
    <Ora>15</Ora>
    <PUN>45,836180</PUN>
    <NAT>45,930000</NAT>
    <CNOR>45,930000</CNOR>
    <CSUD>45,930000</CSUD>
    <NORD>45,930000</NORD>
    <SARD>45,930000</SARD>
    <SICI>44,000000</SICI>
    <SUD>45,930000</SUD>
    <AUST>45,930000</AUST>
    <BRNN>45,930000</BRNN>
    <COAC>45,930000</COAC>
    <CORS>45,930000</CORS>
    <FOGN>45,930000</FOGN>
    <FRAN>45,930000</FRAN>
    <GREC>45,930000</GREC>
    <MFTV>45,930000</MFTV>
    <PRGP>44,000000</PRGP>
    <ROSN>44,000000</ROSN>
    <SLOV>45,930000</SLOV>
    <SVIZ>45,930000</SVIZ>
    <BSP>45,930000</BSP>
    <MALT>44,000000</MALT>
    <XAUS>45,930000</XAUS>
    <XFRA>45,930000</XFRA>
  </Prezzi>
  <Prezzi>
    <Data>20170510</Data>
    <Mercato>MGP</Mercato>
    <Ora>16</Ora>
    <PUN>47,008100</PUN>
    <NAT>47,060000</NAT>
    <CNOR>47,060000</CNOR>
    <CSUD>47,060000</CSUD>
    <NORD>47,060000</NORD>
    <SARD>47,060000</SARD>
    <SICI>46,000000</SICI>
    <SUD>47,060000</SUD>
    <AUST>47,060000</AUST>
    <BRNN>47,060000</BRNN>
    <COAC>47,060000</COAC>
    <CORS>47,060000</CORS>
    <FOGN>47,060000</FOGN>
    <FRAN>47,060000</FRAN>
    <GREC>47,060000</GREC>
    <MFTV>47,060000</MFTV>
    <PRGP>46,000000</PRGP>
    <ROSN>46,000000</ROSN>
    <SLOV>47,060000</SLOV>
    <SVIZ>47,060000</SVIZ>
    <BSP>47,060000</BSP>
    <MALT>46,000000</MALT>
    <XAUS>47,060000</XAUS>
    <XFRA>47,060000</XFRA>
  </Prezzi>
  <Prezzi>
    <Data>20170510</Data>
    <Mercato>MGP</Mercato>
    <Ora>17</Ora>
    <PUN>47,470000</PUN>
    <NAT>47,470000</NAT>
    <CNOR>47,470000</CNOR>
    <CSUD>47,470000</CSUD>
    <NORD>47,470000</NORD>
    <SARD>47,470000</SARD>
    <SICI>47,470000</SICI>
    <SUD>47,470000</SUD>
    <AUST>47,470000</AUST>
    <BRNN>47,470000</BRNN>
    <COAC>47,470000</COAC>
    <CORS>47,470000</CORS>
    <FOGN>47,470000</FOGN>
    <FRAN>47,470000</FRAN>
    <GREC>47,470000</GREC>
    <MFTV>47,470000</MFTV>
    <PRGP>47,470000</PRGP>
    <ROSN>47,470000</ROSN>
    <SLOV>47,470000</SLOV>
    <SVIZ>47,470000</SVIZ>
    <BSP>47,470000</BSP>
    <MALT>47,470000</MALT>
    <XAUS>47,470000</XAUS>
    <XFRA>47,470000</XFRA>
  </Prezzi>
  <Prezzi>
    <Data>20170510</Data>
    <Mercato>MGP</Mercato>
    <Ora>18</Ora>
    <PUN>49,973080</PUN>
    <NAT>49,460000</NAT>
    <CNOR>49,460000</CNOR>
    <CSUD>49,460000</CSUD>
    <NORD>49,460000</NORD>
    <SARD>49,460000</SARD>
    <SICI>59,100000</SICI>
    <SUD>49,460000</SUD>
    <AUST>49,460000</AUST>
    <BRNN>49,460000</BRNN>
    <COAC>49,460000</COAC>
    <CORS>49,460000</CORS>
    <FOGN>49,460000</FOGN>
    <FRAN>49,460000</FRAN>
    <GREC>49,460000</GREC>
    <MFTV>49,460000</MFTV>
    <PRGP>59,100000</PRGP>
    <ROSN>49,460000</ROSN>
    <SLOV>49,460000</SLOV>
    <SVIZ>49,460000</SVIZ>
    <BSP>49,460000</BSP>
    <MALT>59,100000</MALT>
    <XAUS>49,460000</XAUS>
    <XFRA>49,460000</XFRA>
  </Prezzi>
  <Prezzi>
    <Data>20170510</Data>
    <Mercato>MGP</Mercato>
    <Ora>19</Ora>
    <PUN>51,724610</PUN>
    <NAT>50,370000</NAT>
    <CNOR>49,450000</CNOR>
    <CSUD>49,450000</CSUD>
    <NORD>49,450000</NORD>
    <SARD>49,450000</SARD>
    <SICI>90,010000</SICI>
    <SUD>49,450000</SUD>
    <AUST>49,450000</AUST>
    <BRNN>49,450000</BRNN>
    <COAC>49,450000</COAC>
    <CORS>49,450000</CORS>
    <FOGN>49,450000</FOGN>
    <FRAN>49,450000</FRAN>
    <GREC>49,450000</GREC>
    <MFTV>49,450000</MFTV>
    <PRGP>90,010000</PRGP>
    <ROSN>49,450000</ROSN>
    <SLOV>49,450000</SLOV>
    <SVIZ>49,450000</SVIZ>
    <BSP>49,450000</BSP>
    <MALT>90,010000</MALT>
    <XAUS>49,450000</XAUS>
    <XFRA>49,450000</XFRA>
  </Prezzi>
  <Prezzi>
    <Data>20170510</Data>
    <Mercato>MGP</Mercato>
    <Ora>20</Ora>
    <PUN>55,063160</PUN>
    <NAT>53,230000</NAT>
    <CNOR>57,870000</CNOR>
    <CSUD>57,870000</CSUD>
    <NORD>49,100000</NORD>
    <SARD>57,870000</SARD>
    <SICI>91,120000</SICI>
    <SUD>57,870000</SUD>
    <AUST>49,100000</AUST>
    <BRNN>57,870000</BRNN>
    <COAC>57,870000</COAC>
    <CORS>57,870000</CORS>
    <FOGN>57,870000</FOGN>
    <FRAN>49,100000</FRAN>
    <GREC>57,870000</GREC>
    <MFTV>49,100000</MFTV>
    <PRGP>91,120000</PRGP>
    <ROSN>57,870000</ROSN>
    <SLOV>49,100000</SLOV>
    <SVIZ>49,100000</SVIZ>
    <BSP>49,100000</BSP>
    <MALT>91,120000</MALT>
    <XAUS>49,100000</XAUS>
    <XFRA>49,100000</XFRA>
  </Prezzi>
  <Prezzi>
    <Data>20170510</Data>
    <Mercato>MGP</Mercato>
    <Ora>21</Ora>
    <PUN>72,881210</PUN>
    <NAT>61,000000</NAT>
    <CNOR>97,530000</CNOR>
    <CSUD>97,530000</CSUD>
    <NORD>51,000000</NORD>
    <SARD>97,530000</SARD>
    <SICI>91,450000</SICI>
    <SUD>97,530000</SUD>
    <AUST>51,000000</AUST>
    <BRNN>97,530000</BRNN>
    <COAC>97,530000</COAC>
    <CORS>97,530000</CORS>
    <FOGN>97,530000</FOGN>
    <FRAN>51,000000</FRAN>
    <GREC>97,530000</GREC>
    <MFTV>51,000000</MFTV>
    <PRGP>91,450000</PRGP>
    <ROSN>91,450000</ROSN>
    <SLOV>51,000000</SLOV>
    <SVIZ>51,000000</SVIZ>
    <BSP>51,000000</BSP>
    <MALT>91,450000</MALT>
    <XAUS>51,000000</XAUS>
    <XFRA>51,000000</XFRA>
  </Prezzi>
  <Prezzi>
    <Data>20170510</Data>
    <Mercato>MGP</Mercato>
    <Ora>22</Ora>
    <PUN>67,537810</PUN>
    <NAT>55,000000</NAT>
    <CNOR>89,000000</CNOR>
    <CSUD>89,000000</CSUD>
    <NORD>48,038740</NORD>
    <SARD>89,000000</SARD>
    <SICI>91,120000</SICI>
    <SUD>89,000000</SUD>
    <AUST>48,038740</AUST>
    <BRNN>89,000000</BRNN>
    <COAC>89,000000</COAC>
    <CORS>89,000000</CORS>
    <FOGN>89,000000</FOGN>
    <FRAN>48,038740</FRAN>
    <GREC>89,000000</GREC>
    <MFTV>48,038740</MFTV>
    <PRGP>91,120000</PRGP>
    <ROSN>89,000000</ROSN>
    <SLOV>48,038740</SLOV>
    <SVIZ>48,038740</SVIZ>
    <BSP>48,038740</BSP>
    <MALT>91,120000</MALT>
    <XAUS>48,038740</XAUS>
    <XFRA>48,038740</XFRA>
  </Prezzi>
  <Prezzi>
    <Data>20170510</Data>
    <Mercato>MGP</Mercato>
    <Ora>23</Ora>
    <PUN>48,972720</PUN>
    <NAT>48,470000</NAT>
    <CNOR>47,060000</CNOR>
    <CSUD>47,060000</CSUD>
    <NORD>45,460000</NORD>
    <SARD>47,060000</SARD>
    <SICI>91,120000</SICI>
    <SUD>47,060000</SUD>
    <AUST>45,460000</AUST>
    <BRNN>47,060000</BRNN>
    <COAC>47,060000</COAC>
    <CORS>47,060000</CORS>
    <FOGN>47,060000</FOGN>
    <FRAN>45,460000</FRAN>
    <GREC>47,060000</GREC>
    <MFTV>45,460000</MFTV>
    <PRGP>91,120000</PRGP>
    <ROSN>47,060000</ROSN>
    <SLOV>45,460000</SLOV>
    <SVIZ>45,460000</SVIZ>
    <BSP>45,460000</BSP>
    <MALT>91,120000</MALT>
    <XAUS>45,460000</XAUS>
    <XFRA>45,460000</XFRA>
  </Prezzi>
  <Prezzi>
    <Data>20170510</Data>
    <Mercato>MGP</Mercato>
    <Ora>24</Ora>
    <PUN>46,280690</PUN>
    <NAT>45,450000</NAT>
    <CNOR>45,440000</CNOR>
    <CSUD>45,440000</CSUD>
    <NORD>45,440000</NORD>
    <SARD>45,440000</SARD>
    <SICI>59,100000</SICI>
    <SUD>45,440000</SUD>
    <AUST>45,440000</AUST>
    <BRNN>45,440000</BRNN>
    <COAC>45,440000</COAC>
    <CORS>45,440000</CORS>
    <FOGN>45,440000</FOGN>
    <FRAN>45,440000</FRAN>
    <GREC>45,440000</GREC>
    <MFTV>45,440000</MFTV>
    <PRGP>59,100000</PRGP>
    <ROSN>45,440000</ROSN>
    <SLOV>45,440000</SLOV>
    <SVIZ>45,440000</SVIZ>
    <BSP>45,440000</BSP>
    <MALT>59,100000</MALT>
    <XAUS>45,440000</XAUS>
    <XFRA>45,440000</XFRA>
  </Prezzi>
</NewDataSet>