<?xml version="1.0" standalone="yes"?>
<NewDataSet>
  <xs:schema id="NewDataSet" xmlns="" xmlns:xs="http://www.w3.org/2001/XMLSchema" xmlns:msdata="urn:schemas-microsoft-com:xml-msdata">
    <xs:element name="NewDataSet" msdata:IsDataSet="true" msdata:UseCurrentLocale="true">
      <xs:complexType>
        <xs:choice minOccurs="0" maxOccurs="unbounded">
          <xs:element name="Prezzi">
            <xs:complexType>
              <xs:sequence>
                <xs:element name="Data" type="xs:string" minOccurs="0" />
                <xs:element name="Mercato" type="xs:string" minOccurs="0" />
                <xs:element name="Ora" type="xs:string" minOccurs="0" />
                <xs:element name="PUN" type="xs:string" minOccurs="0" />
                <xs:element name="NAT" type="xs:string" minOccurs="0" />
                <xs:element name="CNOR" type="xs:string" minOccurs="0" />
                <xs:element name="CSUD" type="xs:string" minOccurs="0" />
                <xs:element name="NORD" type="xs:string" minOccurs="0" />
                <xs:element name="SARD" type="xs:string" minOccurs="0" />
                <xs:element name="SICI" type="xs:string" minOccurs="0" />
                <xs:element name="SUD" type="xs:string" minOccurs="0" />
                <xs:element name="AUST" type="xs:string" minOccurs="0" />
                <xs:element name="BRNN" type="xs:string" minOccurs="0" />
                <xs:element name="COAC" type="xs:string" minOccurs="0" />
                <xs:element name="CORS" type="xs:string" minOccurs="0" />
                <xs:element name="FOGN" type="xs:string" minOccurs="0" />
                <xs:element name="FRAN" type="xs:string" minOccurs="0" />
                <xs:element name="GREC" type="xs:string" minOccurs="0" />
                <xs:element name="MFTV" type="xs:string" minOccurs="0" />
                <xs:element name="PRGP" type="xs:string" minOccurs="0" />
                <xs:element name="ROSN" type="xs:string" minOccurs="0" />
                <xs:element name="SLOV" type="xs:string" minOccurs="0" />
                <xs:element name="SVIZ" type="xs:string" minOccurs="0" />
                <xs:element name="BSP" type="xs:string" minOccurs="0" />
                <xs:element name="MALT" type="xs:string" minOccurs="0" />
                <xs:element name="XAUS" type="xs:string" minOccurs="0" />
                <xs:element name="XFRA" type="xs:string" minOccurs="0" />
              </xs:sequence>
            </xs:complexType>
          </xs:element>
        </xs:choice>
      </xs:complexType>
    </xs:element>
  </xs:schema>
  <Prezzi>
    <Data>20170526</Data>
    <Mercato>MGP</Mercato>
    <Ora>1</Ora>
    <PUN>41,986360</PUN>
    <NAT>40,550000</NAT>
    <CNOR>40,150000</CNOR>
    <CSUD>40,150000</CSUD>
    <NORD>40,150000</NORD>
    <SARD>40,150000</SARD>
    <SICI>71,120000</SICI>
    <SUD>40,150000</SUD>
    <AUST>40,150000</AUST>
    <BRNN>40,150000</BRNN>
    <COAC>40,150000</COAC>
    <CORS>40,150000</CORS>
    <FOGN>40,150000</FOGN>
    <FRAN>40,150000</FRAN>
    <GREC>40,150000</GREC>
    <MFTV>40,150000</MFTV>
    <PRGP>71,120000</PRGP>
    <ROSN>40,150000</ROSN>
    <SLOV>40,150000</SLOV>
    <SVIZ>40,150000</SVIZ>
    <BSP>40,150000</BSP>
    <MALT>71,120000</MALT>
    <XAUS>40,150000</XAUS>
    <XFRA>40,150000</XFRA>
  </Prezzi>
  <Prezzi>
    <Data>20170526</Data>
    <Mercato>MGP</Mercato>
    <Ora>2</Ora>
    <PUN>36,158470</PUN>
    <NAT>35,330000</NAT>
    <CNOR>35,330000</CNOR>
    <CSUD>35,330000</CSUD>
    <NORD>35,330000</NORD>
    <SARD>35,330000</SARD>
    <SICI>49,800000</SICI>
    <SUD>35,330000</SUD>
    <AUST>35,330000</AUST>
    <BRNN>35,330000</BRNN>
    <COAC>35,330000</COAC>
    <CORS>35,330000</CORS>
    <FOGN>35,330000</FOGN>
    <FRAN>35,330000</FRAN>
    <GREC>35,330000</GREC>
    <MFTV>35,330000</MFTV>
    <PRGP>49,800000</PRGP>
    <ROSN>35,330000</ROSN>
    <SLOV>35,330000</SLOV>
    <SVIZ>35,330000</SVIZ>
    <BSP>35,330000</BSP>
    <MALT>49,800000</MALT>
    <XAUS>35,330000</XAUS>
    <XFRA>35,330000</XFRA>
  </Prezzi>
  <Prezzi>
    <Data>20170526</Data>
    <Mercato>MGP</Mercato>
    <Ora>3</Ora>
    <PUN>35,461300</PUN>
    <NAT>34,920000</NAT>
    <CNOR>34,920000</CNOR>
    <CSUD>34,920000</CSUD>
    <NORD>34,920000</NORD>
    <SARD>34,920000</SARD>
    <SICI>44,370000</SICI>
    <SUD>34,920000</SUD>
    <AUST>34,920000</AUST>
    <BRNN>34,920000</BRNN>
    <COAC>34,920000</COAC>
    <CORS>34,920000</CORS>
    <FOGN>34,920000</FOGN>
    <FRAN>34,920000</FRAN>
    <GREC>34,920000</GREC>
    <MFTV>34,920000</MFTV>
    <PRGP>44,370000</PRGP>
    <ROSN>34,920000</ROSN>
    <SLOV>34,920000</SLOV>
    <SVIZ>34,920000</SVIZ>
    <BSP>34,920000</BSP>
    <MALT>44,370000</MALT>
    <XAUS>34,920000</XAUS>
    <XFRA>34,920000</XFRA>
  </Prezzi>
  <Prezzi>
    <Data>20170526</Data>
    <Mercato>MGP</Mercato>
    <Ora>4</Ora>
    <PUN>34,548400</PUN>
    <NAT>34,510000</NAT>
    <CNOR>34,900000</CNOR>
    <CSUD>34,900000</CSUD>
    <NORD>33,530000</NORD>
    <SARD>34,900000</SARD>
    <SICI>42,000000</SICI>
    <SUD>34,900000</SUD>
    <AUST>33,530000</AUST>
    <BRNN>34,900000</BRNN>
    <COAC>34,900000</COAC>
    <CORS>34,900000</CORS>
    <FOGN>34,900000</FOGN>
    <FRAN>33,530000</FRAN>
    <GREC>34,900000</GREC>
    <MFTV>33,530000</MFTV>
    <PRGP>42,000000</PRGP>
    <ROSN>34,900000</ROSN>
    <SLOV>33,530000</SLOV>
    <SVIZ>33,530000</SVIZ>
    <BSP>33,530000</BSP>
    <MALT>42,000000</MALT>
    <XAUS>33,530000</XAUS>
    <XFRA>33,530000</XFRA>
  </Prezzi>
  <Prezzi>
    <Data>20170526</Data>
    <Mercato>MGP</Mercato>
    <Ora>5</Ora>
    <PUN>35,323780</PUN>
    <NAT>34,920000</NAT>
    <CNOR>34,920000</CNOR>
    <CSUD>34,920000</CSUD>
    <NORD>34,920000</NORD>
    <SARD>34,920000</SARD>
    <SICI>42,000000</SICI>
    <SUD>34,920000</SUD>
    <AUST>34,920000</AUST>
    <BRNN>34,920000</BRNN>
    <COAC>34,920000</COAC>
    <CORS>34,920000</CORS>
    <FOGN>34,920000</FOGN>
    <FRAN>34,920000</FRAN>
    <GREC>34,920000</GREC>
    <MFTV>34,920000</MFTV>
    <PRGP>42,000000</PRGP>
    <ROSN>34,920000</ROSN>
    <SLOV>34,920000</SLOV>
    <SVIZ>34,920000</SVIZ>
    <BSP>34,920000</BSP>
    <MALT>42,000000</MALT>
    <XAUS>34,920000</XAUS>
    <XFRA>34,920000</XFRA>
  </Prezzi>
  <Prezzi>
    <Data>20170526</Data>
    <Mercato>MGP</Mercato>
    <Ora>6</Ora>
    <PUN>35,551030</PUN>
    <NAT>35,020000</NAT>
    <CNOR>35,020000</CNOR>
    <CSUD>35,020000</CSUD>
    <NORD>35,020000</NORD>
    <SARD>35,020000</SARD>
    <SICI>44,370000</SICI>
    <SUD>35,020000</SUD>
    <AUST>35,020000</AUST>
    <BRNN>35,020000</BRNN>
    <COAC>35,020000</COAC>
    <CORS>35,020000</CORS>
    <FOGN>35,020000</FOGN>
    <FRAN>35,020000</FRAN>
    <GREC>35,020000</GREC>
    <MFTV>35,020000</MFTV>
    <PRGP>44,370000</PRGP>
    <ROSN>35,020000</ROSN>
    <SLOV>35,020000</SLOV>
    <SVIZ>35,020000</SVIZ>
    <BSP>35,020000</BSP>
    <MALT>44,370000</MALT>
    <XAUS>35,020000</XAUS>
    <XFRA>35,020000</XFRA>
  </Prezzi>
  <Prezzi>
    <Data>20170526</Data>
    <Mercato>MGP</Mercato>
    <Ora>7</Ora>
    <PUN>38,642650</PUN>
    <NAT>38,010000</NAT>
    <CNOR>37,700000</CNOR>
    <CSUD>37,700000</CSUD>
    <NORD>37,700000</NORD>
    <SARD>37,700000</SARD>
    <SICI>55,000000</SICI>
    <SUD>37,700000</SUD>
    <AUST>37,700000</AUST>
    <BRNN>37,700000</BRNN>
    <COAC>37,700000</COAC>
    <CORS>37,700000</CORS>
    <FOGN>37,700000</FOGN>
    <FRAN>37,700000</FRAN>
    <GREC>37,700000</GREC>
    <MFTV>37,700000</MFTV>
    <PRGP>55,000000</PRGP>
    <ROSN>37,700000</ROSN>
    <SLOV>37,700000</SLOV>
    <SVIZ>37,700000</SVIZ>
    <BSP>37,700000</BSP>
    <MALT>55,000000</MALT>
    <XAUS>37,700000</XAUS>
    <XFRA>37,700000</XFRA>
  </Prezzi>
  <Prezzi>
    <Data>20170526</Data>
    <Mercato>MGP</Mercato>
    <Ora>8</Ora>
    <PUN>50,143970</PUN>
    <NAT>48,140000</NAT>
    <CNOR>48,140000</CNOR>
    <CSUD>48,140000</CSUD>
    <NORD>48,140000</NORD>
    <SARD>48,140000</SARD>
    <SICI>85,120000</SICI>
    <SUD>48,140000</SUD>
    <AUST>48,140000</AUST>
    <BRNN>48,140000</BRNN>
    <COAC>48,140000</COAC>
    <CORS>48,140000</CORS>
    <FOGN>48,140000</FOGN>
    <FRAN>48,140000</FRAN>
    <GREC>48,140000</GREC>
    <MFTV>48,140000</MFTV>
    <PRGP>85,120000</PRGP>
    <ROSN>48,140000</ROSN>
    <SLOV>48,140000</SLOV>
    <SVIZ>48,140000</SVIZ>
    <BSP>48,140000</BSP>
    <MALT>85,120000</MALT>
    <XAUS>48,140000</XAUS>
    <XFRA>48,140000</XFRA>
  </Prezzi>
  <Prezzi>
    <Data>20170526</Data>
    <Mercato>MGP</Mercato>
    <Ora>9</Ora>
    <PUN>53,313830</PUN>
    <NAT>53,520000</NAT>
    <CNOR>51,520000</CNOR>
    <CSUD>51,520000</CSUD>
    <NORD>51,520000</NORD>
    <SARD>51,520000</SARD>
    <SICI>85,120000</SICI>
    <SUD>51,520000</SUD>
    <AUST>51,520000</AUST>
    <BRNN>51,520000</BRNN>
    <COAC>51,520000</COAC>
    <CORS>51,520000</CORS>
    <FOGN>51,520000</FOGN>
    <FRAN>51,520000</FRAN>
    <GREC>51,520000</GREC>
    <MFTV>51,520000</MFTV>
    <PRGP>85,120000</PRGP>
    <ROSN>51,520000</ROSN>
    <SLOV>51,520000</SLOV>
    <SVIZ>51,520000</SVIZ>
    <BSP>51,520000</BSP>
    <MALT>85,120000</MALT>
    <XAUS>51,520000</XAUS>
    <XFRA>51,520000</XFRA>
  </Prezzi>
  <Prezzi>
    <Data>20170526</Data>
    <Mercato>MGP</Mercato>
    <Ora>10</Ora>
    <PUN>51,003330</PUN>
    <NAT>49,880000</NAT>
    <CNOR>49,880000</CNOR>
    <CSUD>49,880000</CSUD>
    <NORD>49,880000</NORD>
    <SARD>49,880000</SARD>
    <SICI>71,120000</SICI>
    <SUD>49,880000</SUD>
    <AUST>49,880000</AUST>
    <BRNN>49,880000</BRNN>
    <COAC>49,880000</COAC>
    <CORS>49,880000</CORS>
    <FOGN>49,880000</FOGN>
    <FRAN>49,880000</FRAN>
    <GREC>49,880000</GREC>
    <MFTV>49,880000</MFTV>
    <PRGP>71,120000</PRGP>
    <ROSN>49,880000</ROSN>
    <SLOV>49,880000</SLOV>
    <SVIZ>49,880000</SVIZ>
    <BSP>49,880000</BSP>
    <MALT>71,120000</MALT>
    <XAUS>49,880000</XAUS>
    <XFRA>49,880000</XFRA>
  </Prezzi>
  <Prezzi>
    <Data>20170526</Data>
    <Mercato>MGP</Mercato>
    <Ora>11</Ora>
    <PUN>45,560000</PUN>
    <NAT>45,560000</NAT>
    <CNOR>45,560000</CNOR>
    <CSUD>45,560000</CSUD>
    <NORD>45,560000</NORD>
    <SARD>45,560000</SARD>
    <SICI>45,560000</SICI>
    <SUD>45,560000</SUD>
    <AUST>45,560000</AUST>
    <BRNN>45,560000</BRNN>
    <COAC>45,560000</COAC>
    <CORS>45,560000</CORS>
    <FOGN>45,560000</FOGN>
    <FRAN>45,560000</FRAN>
    <GREC>45,560000</GREC>
    <MFTV>45,560000</MFTV>
    <PRGP>45,560000</PRGP>
    <ROSN>45,560000</ROSN>
    <SLOV>45,560000</SLOV>
    <SVIZ>45,560000</SVIZ>
    <BSP>45,560000</BSP>
    <MALT>45,560000</MALT>
    <XAUS>45,560000</XAUS>
    <XFRA>45,560000</XFRA>
  </Prezzi>
  <Prezzi>
    <Data>20170526</Data>
    <Mercato>MGP</Mercato>
    <Ora>12</Ora>
    <PUN>41,029760</PUN>
    <NAT>40,230000</NAT>
    <CNOR>41,990000</CNOR>
    <CSUD>41,990000</CSUD>
    <NORD>41,990000</NORD>
    <SARD>41,990000</SARD>
    <SICI>33,970000</SICI>
    <SUD>33,970000</SUD>
    <AUST>41,990000</AUST>
    <BRNN>33,970000</BRNN>
    <COAC>41,990000</COAC>
    <CORS>41,990000</CORS>
    <FOGN>33,970000</FOGN>
    <FRAN>41,990000</FRAN>
    <GREC>33,970000</GREC>
    <MFTV>41,990000</MFTV>
    <PRGP>33,970000</PRGP>
    <ROSN>33,970000</ROSN>
    <SLOV>41,990000</SLOV>
    <SVIZ>41,990000</SVIZ>
    <BSP>41,990000</BSP>
    <MALT>33,970000</MALT>
    <XAUS>41,990000</XAUS>
    <XFRA>41,990000</XFRA>
  </Prezzi>
  <Prezzi>
    <Data>20170526</Data>
    <Mercato>MGP</Mercato>
    <Ora>13</Ora>
    <PUN>37,367400</PUN>
    <NAT>37,340000</NAT>
    <CNOR>37,860000</CNOR>
    <CSUD>37,860000</CSUD>
    <NORD>37,860000</NORD>
    <SARD>37,860000</SARD>
    <SICI>33,940000</SICI>
    <SUD>33,940000</SUD>
    <AUST>37,860000</AUST>
    <BRNN>33,940000</BRNN>
    <COAC>37,860000</COAC>
    <CORS>37,860000</CORS>
    <FOGN>33,940000</FOGN>
    <FRAN>37,860000</FRAN>
    <GREC>33,940000</GREC>
    <MFTV>37,860000</MFTV>
    <PRGP>33,940000</PRGP>
    <ROSN>33,940000</ROSN>
    <SLOV>37,860000</SLOV>
    <SVIZ>37,860000</SVIZ>
    <BSP>37,860000</BSP>
    <MALT>33,940000</MALT>
    <XAUS>37,860000</XAUS>
    <XFRA>37,860000</XFRA>
  </Prezzi>
  <Prezzi>
    <Data>20170526</Data>
    <Mercato>MGP</Mercato>
    <Ora>14</Ora>
    <PUN>37,061480</PUN>
    <NAT>35,330000</NAT>
    <CNOR>37,500000</CNOR>
    <CSUD>37,500000</CSUD>
    <NORD>37,500000</NORD>
    <SARD>37,500000</SARD>
    <SICI>33,930000</SICI>
    <SUD>33,930000</SUD>
    <AUST>37,500000</AUST>
    <BRNN>33,930000</BRNN>
    <COAC>37,500000</COAC>
    <CORS>37,500000</CORS>
    <FOGN>33,930000</FOGN>
    <FRAN>37,500000</FRAN>
    <GREC>33,930000</GREC>
    <MFTV>37,500000</MFTV>
    <PRGP>33,930000</PRGP>
    <ROSN>33,930000</ROSN>
    <SLOV>37,500000</SLOV>
    <SVIZ>37,500000</SVIZ>
    <BSP>37,500000</BSP>
    <MALT>33,930000</MALT>
    <XAUS>37,500000</XAUS>
    <XFRA>37,500000</XFRA>
  </Prezzi>
  <Prezzi>
    <Data>20170526</Data>
    <Mercato>MGP</Mercato>
    <Ora>15</Ora>
    <PUN>41,921050</PUN>
    <NAT>38,320000</NAT>
    <CNOR>42,990000</CNOR>
    <CSUD>42,990000</CSUD>
    <NORD>42,990000</NORD>
    <SARD>42,990000</SARD>
    <SICI>33,940000</SICI>
    <SUD>33,940000</SUD>
    <AUST>42,990000</AUST>
    <BRNN>33,940000</BRNN>
    <COAC>42,990000</COAC>
    <CORS>42,990000</CORS>
    <FOGN>33,940000</FOGN>
    <FRAN>42,990000</FRAN>
    <GREC>33,940000</GREC>
    <MFTV>42,990000</MFTV>
    <PRGP>33,940000</PRGP>
    <ROSN>33,940000</ROSN>
    <SLOV>42,990000</SLOV>
    <SVIZ>42,990000</SVIZ>
    <BSP>42,990000</BSP>
    <MALT>33,940000</MALT>
    <XAUS>42,990000</XAUS>
    <XFRA>42,990000</XFRA>
  </Prezzi>
  <Prezzi>
    <Data>20170526</Data>
    <Mercato>MGP</Mercato>
    <Ora>16</Ora>
    <PUN>45,360550</PUN>
    <NAT>42,990000</NAT>
    <CNOR>46,900000</CNOR>
    <CSUD>46,900000</CSUD>
    <NORD>46,900000</NORD>
    <SARD>46,900000</SARD>
    <SICI>33,950000</SICI>
    <SUD>33,950000</SUD>
    <AUST>46,900000</AUST>
    <BRNN>33,950000</BRNN>
    <COAC>46,900000</COAC>
    <CORS>46,900000</CORS>
    <FOGN>33,950000</FOGN>
    <FRAN>46,900000</FRAN>
    <GREC>33,950000</GREC>
    <MFTV>46,900000</MFTV>
    <PRGP>33,950000</PRGP>
    <ROSN>33,950000</ROSN>
    <SLOV>46,900000</SLOV>
    <SVIZ>46,900000</SVIZ>
    <BSP>46,900000</BSP>
    <MALT>33,950000</MALT>
    <XAUS>46,900000</XAUS>
    <XFRA>46,900000</XFRA>
  </Prezzi>
  <Prezzi>
    <Data>20170526</Data>
    <Mercato>MGP</Mercato>
    <Ora>17</Ora>
    <PUN>48,548760</PUN>
    <NAT>45,530000</NAT>
    <CNOR>49,750000</CNOR>
    <CSUD>49,750000</CSUD>
    <NORD>49,750000</NORD>
    <SARD>49,750000</SARD>
    <SICI>39,970000</SICI>
    <SUD>39,970000</SUD>
    <AUST>49,750000</AUST>
    <BRNN>39,970000</BRNN>
    <COAC>49,750000</COAC>
    <CORS>49,750000</CORS>
    <FOGN>39,970000</FOGN>
    <FRAN>49,750000</FRAN>
    <GREC>39,970000</GREC>
    <MFTV>49,750000</MFTV>
    <PRGP>39,970000</PRGP>
    <ROSN>39,970000</ROSN>
    <SLOV>49,750000</SLOV>
    <SVIZ>49,750000</SVIZ>
    <BSP>49,750000</BSP>
    <MALT>39,970000</MALT>
    <XAUS>49,750000</XAUS>
    <XFRA>49,750000</XFRA>
  </Prezzi>
  <Prezzi>
    <Data>20170526</Data>
    <Mercato>MGP</Mercato>
    <Ora>18</Ora>
    <PUN>45,020000</PUN>
    <NAT>45,020000</NAT>
    <CNOR>45,020000</CNOR>
    <CSUD>45,020000</CSUD>
    <NORD>45,020000</NORD>
    <SARD>45,020000</SARD>
    <SICI>45,020000</SICI>
    <SUD>45,020000</SUD>
    <AUST>45,020000</AUST>
    <BRNN>45,020000</BRNN>
    <COAC>45,020000</COAC>
    <CORS>45,020000</CORS>
    <FOGN>45,020000</FOGN>
    <FRAN>45,020000</FRAN>
    <GREC>45,020000</GREC>
    <MFTV>45,020000</MFTV>
    <PRGP>45,020000</PRGP>
    <ROSN>45,020000</ROSN>
    <SLOV>45,020000</SLOV>
    <SVIZ>45,020000</SVIZ>
    <BSP>45,020000</BSP>
    <MALT>45,020000</MALT>
    <XAUS>45,020000</XAUS>
    <XFRA>45,020000</XFRA>
  </Prezzi>
  <Prezzi>
    <Data>20170526</Data>
    <Mercato>MGP</Mercato>
    <Ora>19</Ora>
    <PUN>48,930790</PUN>
    <NAT>48,140000</NAT>
    <CNOR>47,000000</CNOR>
    <CSUD>47,000000</CSUD>
    <NORD>47,000000</NORD>
    <SARD>47,000000</SARD>
    <SICI>81,120000</SICI>
    <SUD>47,000000</SUD>
    <AUST>47,000000</AUST>
    <BRNN>47,000000</BRNN>
    <COAC>47,000000</COAC>
    <CORS>47,000000</CORS>
    <FOGN>47,000000</FOGN>
    <FRAN>47,000000</FRAN>
    <GREC>47,000000</GREC>
    <MFTV>47,000000</MFTV>
    <PRGP>81,120000</PRGP>
    <ROSN>47,000000</ROSN>
    <SLOV>47,000000</SLOV>
    <SVIZ>47,000000</SVIZ>
    <BSP>47,000000</BSP>
    <MALT>81,120000</MALT>
    <XAUS>47,000000</XAUS>
    <XFRA>47,000000</XFRA>
  </Prezzi>
  <Prezzi>
    <Data>20170526</Data>
    <Mercato>MGP</Mercato>
    <Ora>20</Ora>
    <PUN>52,245410</PUN>
    <NAT>50,530000</NAT>
    <CNOR>49,880000</CNOR>
    <CSUD>49,880000</CSUD>
    <NORD>49,880000</NORD>
    <SARD>49,880000</SARD>
    <SICI>91,120000</SICI>
    <SUD>49,880000</SUD>
    <AUST>49,880000</AUST>
    <BRNN>49,880000</BRNN>
    <COAC>49,880000</COAC>
    <CORS>49,880000</CORS>
    <FOGN>49,880000</FOGN>
    <FRAN>49,880000</FRAN>
    <GREC>49,880000</GREC>
    <MFTV>49,880000</MFTV>
    <PRGP>91,120000</PRGP>
    <ROSN>49,880000</ROSN>
    <SLOV>49,880000</SLOV>
    <SVIZ>49,880000</SVIZ>
    <BSP>49,880000</BSP>
    <MALT>91,120000</MALT>
    <XAUS>49,880000</XAUS>
    <XFRA>49,880000</XFRA>
  </Prezzi>
  <Prezzi>
    <Data>20170526</Data>
    <Mercato>MGP</Mercato>
    <Ora>21</Ora>
    <PUN>53,341790</PUN>
    <NAT>54,360000</NAT>
    <CNOR>51,330000</CNOR>
    <CSUD>51,330000</CSUD>
    <NORD>50,400000</NORD>
    <SARD>51,330000</SARD>
    <SICI>91,120000</SICI>
    <SUD>51,330000</SUD>
    <AUST>50,400000</AUST>
    <BRNN>51,330000</BRNN>
    <COAC>51,330000</COAC>
    <CORS>51,330000</CORS>
    <FOGN>51,330000</FOGN>
    <FRAN>50,400000</FRAN>
    <GREC>51,330000</GREC>
    <MFTV>50,400000</MFTV>
    <PRGP>91,120000</PRGP>
    <ROSN>51,330000</ROSN>
    <SLOV>50,400000</SLOV>
    <SVIZ>50,400000</SVIZ>
    <BSP>50,400000</BSP>
    <MALT>91,120000</MALT>
    <XAUS>50,400000</XAUS>
    <XFRA>50,400000</XFRA>
  </Prezzi>
  <Prezzi>
    <Data>20170526</Data>
    <Mercato>MGP</Mercato>
    <Ora>22</Ora>
    <PUN>52,708310</PUN>
    <NAT>50,530000</NAT>
    <CNOR>50,200000</CNOR>
    <CSUD>50,200000</CSUD>
    <NORD>50,200000</NORD>
    <SARD>50,200000</SARD>
    <SICI>91,120000</SICI>
    <SUD>50,200000</SUD>
    <AUST>50,200000</AUST>
    <BRNN>50,200000</BRNN>
    <COAC>50,200000</COAC>
    <CORS>50,200000</CORS>
    <FOGN>50,200000</FOGN>
    <FRAN>50,200000</FRAN>
    <GREC>50,200000</GREC>
    <MFTV>50,200000</MFTV>
    <PRGP>91,120000</PRGP>
    <ROSN>50,200000</ROSN>
    <SLOV>50,200000</SLOV>
    <SVIZ>50,200000</SVIZ>
    <BSP>50,200000</BSP>
    <MALT>91,120000</MALT>
    <XAUS>50,200000</XAUS>
    <XFRA>50,200000</XFRA>
  </Prezzi>
  <Prezzi>
    <Data>20170526</Data>
    <Mercato>MGP</Mercato>
    <Ora>23</Ora>
    <PUN>50,767320</PUN>
    <NAT>49,830000</NAT>
    <CNOR>48,140000</CNOR>
    <CSUD>48,140000</CSUD>
    <NORD>48,140000</NORD>
    <SARD>48,140000</SARD>
    <SICI>91,120000</SICI>
    <SUD>48,140000</SUD>
    <AUST>48,140000</AUST>
    <BRNN>48,140000</BRNN>
    <COAC>48,140000</COAC>
    <CORS>48,140000</CORS>
    <FOGN>48,140000</FOGN>
    <FRAN>48,140000</FRAN>
    <GREC>48,140000</GREC>
    <MFTV>48,140000</MFTV>
    <PRGP>91,120000</PRGP>
    <ROSN>48,140000</ROSN>
    <SLOV>48,140000</SLOV>
    <SVIZ>48,140000</SVIZ>
    <BSP>48,140000</BSP>
    <MALT>91,120000</MALT>
    <XAUS>48,140000</XAUS>
    <XFRA>48,140000</XFRA>
  </Prezzi>
  <Prezzi>
    <Data>20170526</Data>
    <Mercato>MGP</Mercato>
    <Ora>24</Ora>
    <PUN>47,791860</PUN>
    <NAT>45,020000</NAT>
    <CNOR>45,000000</CNOR>
    <CSUD>45,000000</CSUD>
    <NORD>45,000000</NORD>
    <SARD>45,000000</SARD>
    <SICI>91,120000</SICI>
    <SUD>45,000000</SUD>
    <AUST>45,000000</AUST>
    <BRNN>45,000000</BRNN>
    <COAC>45,000000</COAC>
    <CORS>45,000000</CORS>
    <FOGN>45,000000</FOGN>
    <FRAN>45,000000</FRAN>
    <GREC>45,000000</GREC>
    <MFTV>45,000000</MFTV>
    <PRGP>91,120000</PRGP>
    <ROSN>45,000000</ROSN>
    <SLOV>45,000000</SLOV>
    <SVIZ>45,000000</SVIZ>
    <BSP>45,000000</BSP>
    <MALT>91,120000</MALT>
    <XAUS>45,000000</XAUS>
    <XFRA>45,000000</XFRA>
  </Prezzi>
</NewDataSet>