<?xml version="1.0" standalone="yes"?>
<NewDataSet>
  <xs:schema id="NewDataSet" xmlns="" xmlns:xs="http://www.w3.org/2001/XMLSchema" xmlns:msdata="urn:schemas-microsoft-com:xml-msdata">
    <xs:element name="NewDataSet" msdata:IsDataSet="true" msdata:UseCurrentLocale="true">
      <xs:complexType>
        <xs:choice minOccurs="0" maxOccurs="unbounded">
          <xs:element name="Prezzi">
            <xs:complexType>
              <xs:sequence>
                <xs:element name="Data" type="xs:string" minOccurs="0" />
                <xs:element name="Mercato" type="xs:string" minOccurs="0" />
                <xs:element name="Ora" type="xs:string" minOccurs="0" />
                <xs:element name="PUN" type="xs:string" minOccurs="0" />
                <xs:element name="NAT" type="xs:string" minOccurs="0" />
                <xs:element name="CNOR" type="xs:string" minOccurs="0" />
                <xs:element name="CSUD" type="xs:string" minOccurs="0" />
                <xs:element name="NORD" type="xs:string" minOccurs="0" />
                <xs:element name="SARD" type="xs:string" minOccurs="0" />
                <xs:element name="SICI" type="xs:string" minOccurs="0" />
                <xs:element name="SUD" type="xs:string" minOccurs="0" />
                <xs:element name="AUST" type="xs:string" minOccurs="0" />
                <xs:element name="BRNN" type="xs:string" minOccurs="0" />
                <xs:element name="COAC" type="xs:string" minOccurs="0" />
                <xs:element name="CORS" type="xs:string" minOccurs="0" />
                <xs:element name="FOGN" type="xs:string" minOccurs="0" />
                <xs:element name="FRAN" type="xs:string" minOccurs="0" />
                <xs:element name="GREC" type="xs:string" minOccurs="0" />
                <xs:element name="MFTV" type="xs:string" minOccurs="0" />
                <xs:element name="PRGP" type="xs:string" minOccurs="0" />
                <xs:element name="ROSN" type="xs:string" minOccurs="0" />
                <xs:element name="SLOV" type="xs:string" minOccurs="0" />
                <xs:element name="SVIZ" type="xs:string" minOccurs="0" />
                <xs:element name="BSP" type="xs:string" minOccurs="0" />
                <xs:element name="MALT" type="xs:string" minOccurs="0" />
                <xs:element name="XAUS" type="xs:string" minOccurs="0" />
                <xs:element name="XFRA" type="xs:string" minOccurs="0" />
              </xs:sequence>
            </xs:complexType>
          </xs:element>
        </xs:choice>
      </xs:complexType>
    </xs:element>
  </xs:schema>
  <Prezzi>
    <Data>20170502</Data>
    <Mercato>MGP</Mercato>
    <Ora>1</Ora>
    <PUN>49,067830</PUN>
    <NAT>49,000000</NAT>
    <CNOR>49,000000</CNOR>
    <CSUD>49,000000</CSUD>
    <NORD>49,000000</NORD>
    <SARD>49,000000</SARD>
    <SICI>50,000000</SICI>
    <SUD>49,000000</SUD>
    <AUST>49,000000</AUST>
    <BRNN>49,000000</BRNN>
    <COAC>49,000000</COAC>
    <CORS>49,000000</CORS>
    <FOGN>49,000000</FOGN>
    <FRAN>49,000000</FRAN>
    <GREC>49,000000</GREC>
    <MFTV>49,000000</MFTV>
    <PRGP>50,000000</PRGP>
    <ROSN>49,000000</ROSN>
    <SLOV>49,000000</SLOV>
    <SVIZ>49,000000</SVIZ>
    <BSP>49,000000</BSP>
    <MALT>50,000000</MALT>
    <XAUS>49,000000</XAUS>
    <XFRA>49,000000</XFRA>
  </Prezzi>
  <Prezzi>
    <Data>20170502</Data>
    <Mercato>MGP</Mercato>
    <Ora>2</Ora>
    <PUN>46,990000</PUN>
    <NAT>46,990000</NAT>
    <CNOR>46,990000</CNOR>
    <CSUD>46,990000</CSUD>
    <NORD>46,990000</NORD>
    <SARD>46,990000</SARD>
    <SICI>46,990000</SICI>
    <SUD>46,990000</SUD>
    <AUST>46,990000</AUST>
    <BRNN>46,990000</BRNN>
    <COAC>46,990000</COAC>
    <CORS>46,990000</CORS>
    <FOGN>46,990000</FOGN>
    <FRAN>46,990000</FRAN>
    <GREC>46,990000</GREC>
    <MFTV>46,990000</MFTV>
    <PRGP>46,990000</PRGP>
    <ROSN>46,990000</ROSN>
    <SLOV>46,990000</SLOV>
    <SVIZ>46,990000</SVIZ>
    <BSP>46,990000</BSP>
    <MALT>46,990000</MALT>
    <XAUS>46,990000</XAUS>
    <XFRA>46,990000</XFRA>
  </Prezzi>
  <Prezzi>
    <Data>20170502</Data>
    <Mercato>MGP</Mercato>
    <Ora>3</Ora>
    <PUN>46,530000</PUN>
    <NAT>46,530000</NAT>
    <CNOR>46,530000</CNOR>
    <CSUD>46,530000</CSUD>
    <NORD>46,530000</NORD>
    <SARD>46,530000</SARD>
    <SICI>46,530000</SICI>
    <SUD>46,530000</SUD>
    <AUST>46,530000</AUST>
    <BRNN>46,530000</BRNN>
    <COAC>46,530000</COAC>
    <CORS>46,530000</CORS>
    <FOGN>46,530000</FOGN>
    <FRAN>46,530000</FRAN>
    <GREC>46,530000</GREC>
    <MFTV>46,530000</MFTV>
    <PRGP>46,530000</PRGP>
    <ROSN>46,530000</ROSN>
    <SLOV>46,530000</SLOV>
    <SVIZ>46,530000</SVIZ>
    <BSP>46,530000</BSP>
    <MALT>46,530000</MALT>
    <XAUS>46,530000</XAUS>
    <XFRA>46,530000</XFRA>
  </Prezzi>
  <Prezzi>
    <Data>20170502</Data>
    <Mercato>MGP</Mercato>
    <Ora>4</Ora>
    <PUN>46,520000</PUN>
    <NAT>46,520000</NAT>
    <CNOR>46,520000</CNOR>
    <CSUD>46,520000</CSUD>
    <NORD>46,520000</NORD>
    <SARD>46,520000</SARD>
    <SICI>46,520000</SICI>
    <SUD>46,520000</SUD>
    <AUST>46,520000</AUST>
    <BRNN>46,520000</BRNN>
    <COAC>46,520000</COAC>
    <CORS>46,520000</CORS>
    <FOGN>46,520000</FOGN>
    <FRAN>46,520000</FRAN>
    <GREC>46,520000</GREC>
    <MFTV>46,520000</MFTV>
    <PRGP>46,520000</PRGP>
    <ROSN>46,520000</ROSN>
    <SLOV>46,520000</SLOV>
    <SVIZ>46,520000</SVIZ>
    <BSP>46,520000</BSP>
    <MALT>46,520000</MALT>
    <XAUS>46,520000</XAUS>
    <XFRA>46,520000</XFRA>
  </Prezzi>
  <Prezzi>
    <Data>20170502</Data>
    <Mercato>MGP</Mercato>
    <Ora>5</Ora>
    <PUN>47,260000</PUN>
    <NAT>47,260000</NAT>
    <CNOR>47,260000</CNOR>
    <CSUD>47,260000</CSUD>
    <NORD>47,260000</NORD>
    <SARD>47,260000</SARD>
    <SICI>47,260000</SICI>
    <SUD>47,260000</SUD>
    <AUST>47,260000</AUST>
    <BRNN>47,260000</BRNN>
    <COAC>47,260000</COAC>
    <CORS>47,260000</CORS>
    <FOGN>47,260000</FOGN>
    <FRAN>47,260000</FRAN>
    <GREC>47,260000</GREC>
    <MFTV>47,260000</MFTV>
    <PRGP>47,260000</PRGP>
    <ROSN>47,260000</ROSN>
    <SLOV>47,260000</SLOV>
    <SVIZ>47,260000</SVIZ>
    <BSP>47,260000</BSP>
    <MALT>47,260000</MALT>
    <XAUS>47,260000</XAUS>
    <XFRA>47,260000</XFRA>
  </Prezzi>
  <Prezzi>
    <Data>20170502</Data>
    <Mercato>MGP</Mercato>
    <Ora>6</Ora>
    <PUN>46,990000</PUN>
    <NAT>46,990000</NAT>
    <CNOR>46,990000</CNOR>
    <CSUD>46,990000</CSUD>
    <NORD>46,990000</NORD>
    <SARD>46,990000</SARD>
    <SICI>46,990000</SICI>
    <SUD>46,990000</SUD>
    <AUST>46,990000</AUST>
    <BRNN>46,990000</BRNN>
    <COAC>46,990000</COAC>
    <CORS>46,990000</CORS>
    <FOGN>46,990000</FOGN>
    <FRAN>46,990000</FRAN>
    <GREC>46,990000</GREC>
    <MFTV>46,990000</MFTV>
    <PRGP>46,990000</PRGP>
    <ROSN>46,990000</ROSN>
    <SLOV>46,990000</SLOV>
    <SVIZ>46,990000</SVIZ>
    <BSP>46,990000</BSP>
    <MALT>46,990000</MALT>
    <XAUS>46,990000</XAUS>
    <XFRA>46,990000</XFRA>
  </Prezzi>
  <Prezzi>
    <Data>20170502</Data>
    <Mercato>MGP</Mercato>
    <Ora>7</Ora>
    <PUN>50,000000</PUN>
    <NAT>50,000000</NAT>
    <CNOR>50,000000</CNOR>
    <CSUD>50,000000</CSUD>
    <NORD>50,000000</NORD>
    <SARD>50,000000</SARD>
    <SICI>50,000000</SICI>
    <SUD>50,000000</SUD>
    <AUST>50,000000</AUST>
    <BRNN>50,000000</BRNN>
    <COAC>50,000000</COAC>
    <CORS>50,000000</CORS>
    <FOGN>50,000000</FOGN>
    <FRAN>50,000000</FRAN>
    <GREC>50,000000</GREC>
    <MFTV>50,000000</MFTV>
    <PRGP>50,000000</PRGP>
    <ROSN>50,000000</ROSN>
    <SLOV>50,000000</SLOV>
    <SVIZ>50,000000</SVIZ>
    <BSP>50,000000</BSP>
    <MALT>50,000000</MALT>
    <XAUS>50,000000</XAUS>
    <XFRA>50,000000</XFRA>
  </Prezzi>
  <Prezzi>
    <Data>20170502</Data>
    <Mercato>MGP</Mercato>
    <Ora>8</Ora>
    <PUN>53,349710</PUN>
    <NAT>53,320000</NAT>
    <CNOR>51,490000</CNOR>
    <CSUD>51,490000</CSUD>
    <NORD>51,490000</NORD>
    <SARD>51,490000</SARD>
    <SICI>85,120000</SICI>
    <SUD>51,490000</SUD>
    <AUST>51,490000</AUST>
    <BRNN>51,490000</BRNN>
    <COAC>51,490000</COAC>
    <CORS>51,490000</CORS>
    <FOGN>51,490000</FOGN>
    <FRAN>51,490000</FRAN>
    <GREC>51,490000</GREC>
    <MFTV>51,490000</MFTV>
    <PRGP>85,120000</PRGP>
    <ROSN>51,490000</ROSN>
    <SLOV>51,490000</SLOV>
    <SVIZ>51,490000</SVIZ>
    <BSP>51,490000</BSP>
    <MALT>85,120000</MALT>
    <XAUS>51,490000</XAUS>
    <XFRA>51,490000</XFRA>
  </Prezzi>
  <Prezzi>
    <Data>20170502</Data>
    <Mercato>MGP</Mercato>
    <Ora>9</Ora>
    <PUN>52,780770</PUN>
    <NAT>51,020000</NAT>
    <CNOR>51,020000</CNOR>
    <CSUD>51,020000</CSUD>
    <NORD>51,020000</NORD>
    <SARD>51,020000</SARD>
    <SICI>84,010000</SICI>
    <SUD>51,020000</SUD>
    <AUST>51,020000</AUST>
    <BRNN>51,020000</BRNN>
    <COAC>51,020000</COAC>
    <CORS>51,020000</CORS>
    <FOGN>51,020000</FOGN>
    <FRAN>51,020000</FRAN>
    <GREC>51,020000</GREC>
    <MFTV>51,020000</MFTV>
    <PRGP>84,010000</PRGP>
    <ROSN>51,020000</ROSN>
    <SLOV>51,020000</SLOV>
    <SVIZ>51,020000</SVIZ>
    <BSP>51,020000</BSP>
    <MALT>84,010000</MALT>
    <XAUS>51,020000</XAUS>
    <XFRA>51,020000</XFRA>
  </Prezzi>
  <Prezzi>
    <Data>20170502</Data>
    <Mercato>MGP</Mercato>
    <Ora>10</Ora>
    <PUN>50,603610</PUN>
    <NAT>50,000000</NAT>
    <CNOR>50,000000</CNOR>
    <CSUD>50,000000</CSUD>
    <NORD>50,000000</NORD>
    <SARD>50,000000</SARD>
    <SICI>61,450000</SICI>
    <SUD>50,000000</SUD>
    <AUST>50,000000</AUST>
    <BRNN>50,000000</BRNN>
    <COAC>50,000000</COAC>
    <CORS>50,000000</CORS>
    <FOGN>50,000000</FOGN>
    <FRAN>50,000000</FRAN>
    <GREC>50,000000</GREC>
    <MFTV>50,000000</MFTV>
    <PRGP>61,450000</PRGP>
    <ROSN>50,000000</ROSN>
    <SLOV>50,000000</SLOV>
    <SVIZ>50,000000</SVIZ>
    <BSP>50,000000</BSP>
    <MALT>61,450000</MALT>
    <XAUS>50,000000</XAUS>
    <XFRA>50,000000</XFRA>
  </Prezzi>
  <Prezzi>
    <Data>20170502</Data>
    <Mercato>MGP</Mercato>
    <Ora>11</Ora>
    <PUN>49,914370</PUN>
    <NAT>47,690000</NAT>
    <CNOR>49,914370</CNOR>
    <CSUD>49,914370</CSUD>
    <NORD>49,914370</NORD>
    <SARD>49,914370</SARD>
    <SICI>49,914370</SICI>
    <SUD>49,914370</SUD>
    <AUST>49,914370</AUST>
    <BRNN>49,914370</BRNN>
    <COAC>49,914370</COAC>
    <CORS>49,914370</CORS>
    <FOGN>49,914370</FOGN>
    <FRAN>49,914370</FRAN>
    <GREC>49,914370</GREC>
    <MFTV>49,914370</MFTV>
    <PRGP>49,914370</PRGP>
    <ROSN>49,914370</ROSN>
    <SLOV>49,914370</SLOV>
    <SVIZ>49,914370</SVIZ>
    <BSP>49,914370</BSP>
    <MALT>49,914370</MALT>
    <XAUS>49,914370</XAUS>
    <XFRA>49,914370</XFRA>
  </Prezzi>
  <Prezzi>
    <Data>20170502</Data>
    <Mercato>MGP</Mercato>
    <Ora>12</Ora>
    <PUN>50,000000</PUN>
    <NAT>50,000000</NAT>
    <CNOR>50,000000</CNOR>
    <CSUD>50,000000</CSUD>
    <NORD>50,000000</NORD>
    <SARD>50,000000</SARD>
    <SICI>50,000000</SICI>
    <SUD>50,000000</SUD>
    <AUST>50,000000</AUST>
    <BRNN>50,000000</BRNN>
    <COAC>50,000000</COAC>
    <CORS>50,000000</CORS>
    <FOGN>50,000000</FOGN>
    <FRAN>50,000000</FRAN>
    <GREC>50,000000</GREC>
    <MFTV>50,000000</MFTV>
    <PRGP>50,000000</PRGP>
    <ROSN>50,000000</ROSN>
    <SLOV>50,000000</SLOV>
    <SVIZ>50,000000</SVIZ>
    <BSP>50,000000</BSP>
    <MALT>50,000000</MALT>
    <XAUS>50,000000</XAUS>
    <XFRA>50,000000</XFRA>
  </Prezzi>
  <Prezzi>
    <Data>20170502</Data>
    <Mercato>MGP</Mercato>
    <Ora>13</Ora>
    <PUN>48,738410</PUN>
    <NAT>49,000000</NAT>
    <CNOR>49,000000</CNOR>
    <CSUD>49,000000</CSUD>
    <NORD>49,000000</NORD>
    <SARD>49,000000</SARD>
    <SICI>44,000000</SICI>
    <SUD>49,000000</SUD>
    <AUST>49,000000</AUST>
    <BRNN>49,000000</BRNN>
    <COAC>49,000000</COAC>
    <CORS>49,000000</CORS>
    <FOGN>49,000000</FOGN>
    <FRAN>49,000000</FRAN>
    <GREC>49,000000</GREC>
    <MFTV>49,000000</MFTV>
    <PRGP>44,000000</PRGP>
    <ROSN>44,000000</ROSN>
    <SLOV>49,000000</SLOV>
    <SVIZ>49,000000</SVIZ>
    <BSP>49,000000</BSP>
    <MALT>44,000000</MALT>
    <XAUS>49,000000</XAUS>
    <XFRA>49,000000</XFRA>
  </Prezzi>
  <Prezzi>
    <Data>20170502</Data>
    <Mercato>MGP</Mercato>
    <Ora>14</Ora>
    <PUN>48,346760</PUN>
    <NAT>47,960000</NAT>
    <CNOR>48,582630</CNOR>
    <CSUD>48,582630</CSUD>
    <NORD>48,582630</NORD>
    <SARD>48,582630</SARD>
    <SICI>44,000000</SICI>
    <SUD>48,582630</SUD>
    <AUST>48,582630</AUST>
    <BRNN>48,582630</BRNN>
    <COAC>48,582630</COAC>
    <CORS>48,582630</CORS>
    <FOGN>48,582630</FOGN>
    <FRAN>48,582630</FRAN>
    <GREC>48,582630</GREC>
    <MFTV>48,582630</MFTV>
    <PRGP>44,000000</PRGP>
    <ROSN>44,000000</ROSN>
    <SLOV>48,582630</SLOV>
    <SVIZ>48,582630</SVIZ>
    <BSP>48,582630</BSP>
    <MALT>44,000000</MALT>
    <XAUS>48,582630</XAUS>
    <XFRA>48,582630</XFRA>
  </Prezzi>
  <Prezzi>
    <Data>20170502</Data>
    <Mercato>MGP</Mercato>
    <Ora>15</Ora>
    <PUN>48,679960</PUN>
    <NAT>49,000000</NAT>
    <CNOR>49,000000</CNOR>
    <CSUD>49,000000</CSUD>
    <NORD>49,000000</NORD>
    <SARD>49,000000</SARD>
    <SICI>42,700000</SICI>
    <SUD>49,000000</SUD>
    <AUST>49,000000</AUST>
    <BRNN>49,000000</BRNN>
    <COAC>49,000000</COAC>
    <CORS>49,000000</CORS>
    <FOGN>49,000000</FOGN>
    <FRAN>49,000000</FRAN>
    <GREC>49,000000</GREC>
    <MFTV>49,000000</MFTV>
    <PRGP>42,700000</PRGP>
    <ROSN>42,700000</ROSN>
    <SLOV>49,000000</SLOV>
    <SVIZ>49,000000</SVIZ>
    <BSP>49,000000</BSP>
    <MALT>42,700000</MALT>
    <XAUS>49,000000</XAUS>
    <XFRA>49,000000</XFRA>
  </Prezzi>
  <Prezzi>
    <Data>20170502</Data>
    <Mercato>MGP</Mercato>
    <Ora>16</Ora>
    <PUN>50,000000</PUN>
    <NAT>50,000000</NAT>
    <CNOR>50,000000</CNOR>
    <CSUD>50,000000</CSUD>
    <NORD>50,000000</NORD>
    <SARD>50,000000</SARD>
    <SICI>50,000000</SICI>
    <SUD>50,000000</SUD>
    <AUST>50,000000</AUST>
    <BRNN>50,000000</BRNN>
    <COAC>50,000000</COAC>
    <CORS>50,000000</CORS>
    <FOGN>50,000000</FOGN>
    <FRAN>50,000000</FRAN>
    <GREC>50,000000</GREC>
    <MFTV>50,000000</MFTV>
    <PRGP>50,000000</PRGP>
    <ROSN>50,000000</ROSN>
    <SLOV>50,000000</SLOV>
    <SVIZ>50,000000</SVIZ>
    <BSP>50,000000</BSP>
    <MALT>50,000000</MALT>
    <XAUS>50,000000</XAUS>
    <XFRA>50,000000</XFRA>
  </Prezzi>
  <Prezzi>
    <Data>20170502</Data>
    <Mercato>MGP</Mercato>
    <Ora>17</Ora>
    <PUN>50,050000</PUN>
    <NAT>50,050000</NAT>
    <CNOR>50,050000</CNOR>
    <CSUD>50,050000</CSUD>
    <NORD>50,050000</NORD>
    <SARD>50,050000</SARD>
    <SICI>50,050000</SICI>
    <SUD>50,050000</SUD>
    <AUST>50,050000</AUST>
    <BRNN>50,050000</BRNN>
    <COAC>50,050000</COAC>
    <CORS>50,050000</CORS>
    <FOGN>50,050000</FOGN>
    <FRAN>50,050000</FRAN>
    <GREC>50,050000</GREC>
    <MFTV>50,050000</MFTV>
    <PRGP>50,050000</PRGP>
    <ROSN>50,050000</ROSN>
    <SLOV>50,050000</SLOV>
    <SVIZ>50,050000</SVIZ>
    <BSP>50,050000</BSP>
    <MALT>50,050000</MALT>
    <XAUS>50,050000</XAUS>
    <XFRA>50,050000</XFRA>
  </Prezzi>
  <Prezzi>
    <Data>20170502</Data>
    <Mercato>MGP</Mercato>
    <Ora>18</Ora>
    <PUN>50,710000</PUN>
    <NAT>50,710000</NAT>
    <CNOR>50,710000</CNOR>
    <CSUD>50,710000</CSUD>
    <NORD>50,710000</NORD>
    <SARD>50,710000</SARD>
    <SICI>50,710000</SICI>
    <SUD>50,710000</SUD>
    <AUST>50,710000</AUST>
    <BRNN>50,710000</BRNN>
    <COAC>50,710000</COAC>
    <CORS>50,710000</CORS>
    <FOGN>50,710000</FOGN>
    <FRAN>50,710000</FRAN>
    <GREC>50,710000</GREC>
    <MFTV>50,710000</MFTV>
    <PRGP>50,710000</PRGP>
    <ROSN>50,710000</ROSN>
    <SLOV>50,710000</SLOV>
    <SVIZ>50,710000</SVIZ>
    <BSP>50,710000</BSP>
    <MALT>50,710000</MALT>
    <XAUS>50,710000</XAUS>
    <XFRA>50,710000</XFRA>
  </Prezzi>
  <Prezzi>
    <Data>20170502</Data>
    <Mercato>MGP</Mercato>
    <Ora>19</Ora>
    <PUN>52,850030</PUN>
    <NAT>51,000000</NAT>
    <CNOR>51,000000</CNOR>
    <CSUD>51,000000</CSUD>
    <NORD>51,000000</NORD>
    <SARD>51,000000</SARD>
    <SICI>84,010000</SICI>
    <SUD>51,000000</SUD>
    <AUST>51,000000</AUST>
    <BRNN>51,000000</BRNN>
    <COAC>51,000000</COAC>
    <CORS>51,000000</CORS>
    <FOGN>51,000000</FOGN>
    <FRAN>51,000000</FRAN>
    <GREC>51,000000</GREC>
    <MFTV>51,000000</MFTV>
    <PRGP>84,010000</PRGP>
    <ROSN>51,000000</ROSN>
    <SLOV>51,000000</SLOV>
    <SVIZ>51,000000</SVIZ>
    <BSP>51,000000</BSP>
    <MALT>84,010000</MALT>
    <XAUS>51,000000</XAUS>
    <XFRA>51,000000</XFRA>
  </Prezzi>
  <Prezzi>
    <Data>20170502</Data>
    <Mercato>MGP</Mercato>
    <Ora>20</Ora>
    <PUN>53,389430</PUN>
    <NAT>53,320000</NAT>
    <CNOR>51,340000</CNOR>
    <CSUD>51,340000</CSUD>
    <NORD>51,340000</NORD>
    <SARD>51,340000</SARD>
    <SICI>86,870000</SICI>
    <SUD>51,340000</SUD>
    <AUST>51,340000</AUST>
    <BRNN>51,340000</BRNN>
    <COAC>51,340000</COAC>
    <CORS>51,340000</CORS>
    <FOGN>51,340000</FOGN>
    <FRAN>51,340000</FRAN>
    <GREC>51,340000</GREC>
    <MFTV>51,340000</MFTV>
    <PRGP>86,870000</PRGP>
    <ROSN>51,340000</ROSN>
    <SLOV>51,340000</SLOV>
    <SVIZ>51,340000</SVIZ>
    <BSP>51,340000</BSP>
    <MALT>86,870000</MALT>
    <XAUS>51,340000</XAUS>
    <XFRA>51,340000</XFRA>
  </Prezzi>
  <Prezzi>
    <Data>20170502</Data>
    <Mercato>MGP</Mercato>
    <Ora>21</Ora>
    <PUN>56,487380</PUN>
    <NAT>55,480000</NAT>
    <CNOR>55,000000</CNOR>
    <CSUD>55,000000</CSUD>
    <NORD>53,500000</NORD>
    <SARD>55,000000</SARD>
    <SICI>91,120000</SICI>
    <SUD>55,000000</SUD>
    <AUST>53,500000</AUST>
    <BRNN>55,000000</BRNN>
    <COAC>55,000000</COAC>
    <CORS>55,000000</CORS>
    <FOGN>55,000000</FOGN>
    <FRAN>53,500000</FRAN>
    <GREC>55,000000</GREC>
    <MFTV>53,500000</MFTV>
    <PRGP>91,120000</PRGP>
    <ROSN>55,000000</ROSN>
    <SLOV>53,500000</SLOV>
    <SVIZ>53,500000</SVIZ>
    <BSP>53,500000</BSP>
    <MALT>91,120000</MALT>
    <XAUS>53,500000</XAUS>
    <XFRA>53,500000</XFRA>
  </Prezzi>
  <Prezzi>
    <Data>20170502</Data>
    <Mercato>MGP</Mercato>
    <Ora>22</Ora>
    <PUN>53,507000</PUN>
    <NAT>53,320000</NAT>
    <CNOR>51,020000</CNOR>
    <CSUD>51,020000</CSUD>
    <NORD>51,020000</NORD>
    <SARD>51,020000</SARD>
    <SICI>91,120000</SICI>
    <SUD>51,020000</SUD>
    <AUST>51,020000</AUST>
    <BRNN>51,020000</BRNN>
    <COAC>51,020000</COAC>
    <CORS>51,020000</CORS>
    <FOGN>51,020000</FOGN>
    <FRAN>51,020000</FRAN>
    <GREC>51,020000</GREC>
    <MFTV>51,020000</MFTV>
    <PRGP>91,120000</PRGP>
    <ROSN>51,020000</ROSN>
    <SLOV>51,020000</SLOV>
    <SVIZ>51,020000</SVIZ>
    <BSP>51,020000</BSP>
    <MALT>91,120000</MALT>
    <XAUS>51,020000</XAUS>
    <XFRA>51,020000</XFRA>
  </Prezzi>
  <Prezzi>
    <Data>20170502</Data>
    <Mercato>MGP</Mercato>
    <Ora>23</Ora>
    <PUN>53,219190</PUN>
    <NAT>51,000000</NAT>
    <CNOR>50,990000</CNOR>
    <CSUD>50,990000</CSUD>
    <NORD>50,990000</NORD>
    <SARD>50,990000</SARD>
    <SICI>86,870000</SICI>
    <SUD>50,990000</SUD>
    <AUST>50,990000</AUST>
    <BRNN>50,990000</BRNN>
    <COAC>50,990000</COAC>
    <CORS>50,990000</CORS>
    <FOGN>50,990000</FOGN>
    <FRAN>50,990000</FRAN>
    <GREC>50,990000</GREC>
    <MFTV>50,990000</MFTV>
    <PRGP>86,870000</PRGP>
    <ROSN>50,990000</ROSN>
    <SLOV>50,990000</SLOV>
    <SVIZ>50,990000</SVIZ>
    <BSP>50,990000</BSP>
    <MALT>86,870000</MALT>
    <XAUS>50,990000</XAUS>
    <XFRA>50,990000</XFRA>
  </Prezzi>
  <Prezzi>
    <Data>20170502</Data>
    <Mercato>MGP</Mercato>
    <Ora>24</Ora>
    <PUN>49,761180</PUN>
    <NAT>49,000000</NAT>
    <CNOR>49,000000</CNOR>
    <CSUD>49,000000</CSUD>
    <NORD>49,000000</NORD>
    <SARD>49,000000</SARD>
    <SICI>61,450000</SICI>
    <SUD>49,000000</SUD>
    <AUST>49,000000</AUST>
    <BRNN>49,000000</BRNN>
    <COAC>49,000000</COAC>
    <CORS>49,000000</CORS>
    <FOGN>49,000000</FOGN>
    <FRAN>49,000000</FRAN>
    <GREC>49,000000</GREC>
    <MFTV>49,000000</MFTV>
    <PRGP>61,450000</PRGP>
    <ROSN>49,000000</ROSN>
    <SLOV>49,000000</SLOV>
    <SVIZ>49,000000</SVIZ>
    <BSP>49,000000</BSP>
    <MALT>61,450000</MALT>
    <XAUS>49,000000</XAUS>
    <XFRA>49,000000</XFRA>
  </Prezzi>
</NewDataSet>