<?xml version="1.0" standalone="yes"?>
<NewDataSet>
  <xs:schema id="NewDataSet" xmlns="" xmlns:xs="http://www.w3.org/2001/XMLSchema" xmlns:msdata="urn:schemas-microsoft-com:xml-msdata">
    <xs:element name="NewDataSet" msdata:IsDataSet="true" msdata:UseCurrentLocale="true">
      <xs:complexType>
        <xs:choice minOccurs="0" maxOccurs="unbounded">
          <xs:element name="Prezzi">
            <xs:complexType>
              <xs:sequence>
                <xs:element name="Data" type="xs:string" minOccurs="0" />
                <xs:element name="Mercato" type="xs:string" minOccurs="0" />
                <xs:element name="Ora" type="xs:string" minOccurs="0" />
                <xs:element name="PUN" type="xs:string" minOccurs="0" />
                <xs:element name="NAT" type="xs:string" minOccurs="0" />
                <xs:element name="CNOR" type="xs:string" minOccurs="0" />
                <xs:element name="CSUD" type="xs:string" minOccurs="0" />
                <xs:element name="NORD" type="xs:string" minOccurs="0" />
                <xs:element name="SARD" type="xs:string" minOccurs="0" />
                <xs:element name="SICI" type="xs:string" minOccurs="0" />
                <xs:element name="SUD" type="xs:string" minOccurs="0" />
                <xs:element name="AUST" type="xs:string" minOccurs="0" />
                <xs:element name="BRNN" type="xs:string" minOccurs="0" />
                <xs:element name="COAC" type="xs:string" minOccurs="0" />
                <xs:element name="CORS" type="xs:string" minOccurs="0" />
                <xs:element name="FOGN" type="xs:string" minOccurs="0" />
                <xs:element name="FRAN" type="xs:string" minOccurs="0" />
                <xs:element name="GREC" type="xs:string" minOccurs="0" />
                <xs:element name="MFTV" type="xs:string" minOccurs="0" />
                <xs:element name="PRGP" type="xs:string" minOccurs="0" />
                <xs:element name="ROSN" type="xs:string" minOccurs="0" />
                <xs:element name="SLOV" type="xs:string" minOccurs="0" />
                <xs:element name="SVIZ" type="xs:string" minOccurs="0" />
                <xs:element name="BSP" type="xs:string" minOccurs="0" />
                <xs:element name="MALT" type="xs:string" minOccurs="0" />
                <xs:element name="XAUS" type="xs:string" minOccurs="0" />
                <xs:element name="XFRA" type="xs:string" minOccurs="0" />
              </xs:sequence>
            </xs:complexType>
          </xs:element>
        </xs:choice>
      </xs:complexType>
    </xs:element>
  </xs:schema>
  <Prezzi>
    <Data>20170505</Data>
    <Mercato>MGP</Mercato>
    <Ora>1</Ora>
    <PUN>42,663040</PUN>
    <NAT>42,330000</NAT>
    <CNOR>45,000000</CNOR>
    <CSUD>45,000000</CSUD>
    <NORD>40,092330</NORD>
    <SARD>45,000000</SARD>
    <SICI>50,000000</SICI>
    <SUD>45,000000</SUD>
    <AUST>40,092330</AUST>
    <BRNN>45,000000</BRNN>
    <COAC>45,000000</COAC>
    <CORS>45,000000</CORS>
    <FOGN>45,000000</FOGN>
    <FRAN>40,092330</FRAN>
    <GREC>45,000000</GREC>
    <MFTV>40,092330</MFTV>
    <PRGP>50,000000</PRGP>
    <ROSN>45,000000</ROSN>
    <SLOV>40,092330</SLOV>
    <SVIZ>40,092330</SVIZ>
    <BSP>40,092330</BSP>
    <MALT>50,000000</MALT>
    <XAUS>40,092330</XAUS>
    <XFRA>40,092330</XFRA>
  </Prezzi>
  <Prezzi>
    <Data>20170505</Data>
    <Mercato>MGP</Mercato>
    <Ora>2</Ora>
    <PUN>41,502500</PUN>
    <NAT>40,360000</NAT>
    <CNOR>46,730000</CNOR>
    <CSUD>47,000000</CSUD>
    <NORD>36,900000</NORD>
    <SARD>47,000000</SARD>
    <SICI>47,000000</SICI>
    <SUD>47,000000</SUD>
    <AUST>36,900000</AUST>
    <BRNN>47,000000</BRNN>
    <COAC>47,000000</COAC>
    <CORS>47,000000</CORS>
    <FOGN>47,000000</FOGN>
    <FRAN>36,900000</FRAN>
    <GREC>47,000000</GREC>
    <MFTV>36,900000</MFTV>
    <PRGP>47,000000</PRGP>
    <ROSN>47,000000</ROSN>
    <SLOV>36,900000</SLOV>
    <SVIZ>36,900000</SVIZ>
    <BSP>36,900000</BSP>
    <MALT>47,000000</MALT>
    <XAUS>36,900000</XAUS>
    <XFRA>36,900000</XFRA>
  </Prezzi>
  <Prezzi>
    <Data>20170505</Data>
    <Mercato>MGP</Mercato>
    <Ora>3</Ora>
    <PUN>39,924870</PUN>
    <NAT>38,960000</NAT>
    <CNOR>45,000000</CNOR>
    <CSUD>45,000000</CSUD>
    <NORD>35,630000</NORD>
    <SARD>45,000000</SARD>
    <SICI>45,000000</SICI>
    <SUD>45,000000</SUD>
    <AUST>35,630000</AUST>
    <BRNN>45,000000</BRNN>
    <COAC>45,000000</COAC>
    <CORS>45,000000</CORS>
    <FOGN>45,000000</FOGN>
    <FRAN>35,630000</FRAN>
    <GREC>45,000000</GREC>
    <MFTV>35,630000</MFTV>
    <PRGP>45,000000</PRGP>
    <ROSN>45,000000</ROSN>
    <SLOV>35,630000</SLOV>
    <SVIZ>35,630000</SVIZ>
    <BSP>35,630000</BSP>
    <MALT>45,000000</MALT>
    <XAUS>35,630000</XAUS>
    <XFRA>35,630000</XFRA>
  </Prezzi>
  <Prezzi>
    <Data>20170505</Data>
    <Mercato>MGP</Mercato>
    <Ora>4</Ora>
    <PUN>40,886500</PUN>
    <NAT>40,580000</NAT>
    <CNOR>42,000000</CNOR>
    <CSUD>42,000000</CSUD>
    <NORD>39,950000</NORD>
    <SARD>42,000000</SARD>
    <SICI>42,000000</SICI>
    <SUD>42,000000</SUD>
    <AUST>39,950000</AUST>
    <BRNN>42,000000</BRNN>
    <COAC>42,000000</COAC>
    <CORS>42,000000</CORS>
    <FOGN>42,000000</FOGN>
    <FRAN>39,950000</FRAN>
    <GREC>42,000000</GREC>
    <MFTV>39,950000</MFTV>
    <PRGP>42,000000</PRGP>
    <ROSN>42,000000</ROSN>
    <SLOV>39,950000</SLOV>
    <SVIZ>39,950000</SVIZ>
    <BSP>39,950000</BSP>
    <MALT>42,000000</MALT>
    <XAUS>39,950000</XAUS>
    <XFRA>39,950000</XFRA>
  </Prezzi>
  <Prezzi>
    <Data>20170505</Data>
    <Mercato>MGP</Mercato>
    <Ora>5</Ora>
    <PUN>41,030170</PUN>
    <NAT>40,650000</NAT>
    <CNOR>42,000000</CNOR>
    <CSUD>42,000000</CSUD>
    <NORD>40,220000</NORD>
    <SARD>42,000000</SARD>
    <SICI>42,000000</SICI>
    <SUD>42,000000</SUD>
    <AUST>40,220000</AUST>
    <BRNN>42,000000</BRNN>
    <COAC>42,000000</COAC>
    <CORS>42,000000</CORS>
    <FOGN>42,000000</FOGN>
    <FRAN>40,220000</FRAN>
    <GREC>42,000000</GREC>
    <MFTV>40,220000</MFTV>
    <PRGP>42,000000</PRGP>
    <ROSN>42,000000</ROSN>
    <SLOV>40,220000</SLOV>
    <SVIZ>40,220000</SVIZ>
    <BSP>40,220000</BSP>
    <MALT>42,000000</MALT>
    <XAUS>40,220000</XAUS>
    <XFRA>40,220000</XFRA>
  </Prezzi>
  <Prezzi>
    <Data>20170505</Data>
    <Mercato>MGP</Mercato>
    <Ora>6</Ora>
    <PUN>43,345310</PUN>
    <NAT>43,810000</NAT>
    <CNOR>45,000000</CNOR>
    <CSUD>45,000000</CSUD>
    <NORD>42,000000</NORD>
    <SARD>45,000000</SARD>
    <SICI>45,000000</SICI>
    <SUD>45,000000</SUD>
    <AUST>42,000000</AUST>
    <BRNN>45,000000</BRNN>
    <COAC>45,000000</COAC>
    <CORS>45,000000</CORS>
    <FOGN>45,000000</FOGN>
    <FRAN>42,000000</FRAN>
    <GREC>45,000000</GREC>
    <MFTV>42,000000</MFTV>
    <PRGP>45,000000</PRGP>
    <ROSN>45,000000</ROSN>
    <SLOV>42,000000</SLOV>
    <SVIZ>42,000000</SVIZ>
    <BSP>42,000000</BSP>
    <MALT>45,000000</MALT>
    <XAUS>42,000000</XAUS>
    <XFRA>42,000000</XFRA>
  </Prezzi>
  <Prezzi>
    <Data>20170505</Data>
    <Mercato>MGP</Mercato>
    <Ora>7</Ora>
    <PUN>50,000000</PUN>
    <NAT>50,000000</NAT>
    <CNOR>50,000000</CNOR>
    <CSUD>50,000000</CSUD>
    <NORD>50,000000</NORD>
    <SARD>50,000000</SARD>
    <SICI>50,000000</SICI>
    <SUD>50,000000</SUD>
    <AUST>50,000000</AUST>
    <BRNN>50,000000</BRNN>
    <COAC>50,000000</COAC>
    <CORS>50,000000</CORS>
    <FOGN>50,000000</FOGN>
    <FRAN>50,000000</FRAN>
    <GREC>50,000000</GREC>
    <MFTV>50,000000</MFTV>
    <PRGP>50,000000</PRGP>
    <ROSN>50,000000</ROSN>
    <SLOV>50,000000</SLOV>
    <SVIZ>50,000000</SVIZ>
    <BSP>50,000000</BSP>
    <MALT>50,000000</MALT>
    <XAUS>50,000000</XAUS>
    <XFRA>50,000000</XFRA>
  </Prezzi>
  <Prezzi>
    <Data>20170505</Data>
    <Mercato>MGP</Mercato>
    <Ora>8</Ora>
    <PUN>52,778990</PUN>
    <NAT>51,000000</NAT>
    <CNOR>51,000000</CNOR>
    <CSUD>51,000000</CSUD>
    <NORD>51,000000</NORD>
    <SARD>51,000000</SARD>
    <SICI>84,010000</SICI>
    <SUD>51,000000</SUD>
    <AUST>51,000000</AUST>
    <BRNN>51,000000</BRNN>
    <COAC>51,000000</COAC>
    <CORS>51,000000</CORS>
    <FOGN>51,000000</FOGN>
    <FRAN>51,000000</FRAN>
    <GREC>51,000000</GREC>
    <MFTV>51,000000</MFTV>
    <PRGP>84,010000</PRGP>
    <ROSN>51,000000</ROSN>
    <SLOV>51,000000</SLOV>
    <SVIZ>51,000000</SVIZ>
    <BSP>51,000000</BSP>
    <MALT>84,010000</MALT>
    <XAUS>51,000000</XAUS>
    <XFRA>51,000000</XFRA>
  </Prezzi>
  <Prezzi>
    <Data>20170505</Data>
    <Mercato>MGP</Mercato>
    <Ora>9</Ora>
    <PUN>54,020000</PUN>
    <NAT>52,940000</NAT>
    <CNOR>52,320250</CNOR>
    <CSUD>52,320250</CSUD>
    <NORD>52,320250</NORD>
    <SARD>52,320250</SARD>
    <SICI>84,010000</SICI>
    <SUD>52,320250</SUD>
    <AUST>52,320250</AUST>
    <BRNN>52,320250</BRNN>
    <COAC>52,320250</COAC>
    <CORS>52,320250</CORS>
    <FOGN>52,320250</FOGN>
    <FRAN>52,320250</FRAN>
    <GREC>52,320250</GREC>
    <MFTV>52,320250</MFTV>
    <PRGP>84,010000</PRGP>
    <ROSN>52,320250</ROSN>
    <SLOV>52,320250</SLOV>
    <SVIZ>52,320250</SVIZ>
    <BSP>52,320250</BSP>
    <MALT>84,010000</MALT>
    <XAUS>52,320250</XAUS>
    <XFRA>52,320250</XFRA>
  </Prezzi>
  <Prezzi>
    <Data>20170505</Data>
    <Mercato>MGP</Mercato>
    <Ora>10</Ora>
    <PUN>49,912910</PUN>
    <NAT>50,000000</NAT>
    <CNOR>49,908050</CNOR>
    <CSUD>49,908050</CSUD>
    <NORD>49,908050</NORD>
    <SARD>49,908050</SARD>
    <SICI>50,000000</SICI>
    <SUD>49,908050</SUD>
    <AUST>49,908050</AUST>
    <BRNN>49,908050</BRNN>
    <COAC>49,908050</COAC>
    <CORS>49,908050</CORS>
    <FOGN>49,908050</FOGN>
    <FRAN>49,908050</FRAN>
    <GREC>49,908050</GREC>
    <MFTV>49,908050</MFTV>
    <PRGP>50,000000</PRGP>
    <ROSN>49,908050</ROSN>
    <SLOV>49,908050</SLOV>
    <SVIZ>49,908050</SVIZ>
    <BSP>49,908050</BSP>
    <MALT>50,000000</MALT>
    <XAUS>49,908050</XAUS>
    <XFRA>49,908050</XFRA>
  </Prezzi>
  <Prezzi>
    <Data>20170505</Data>
    <Mercato>MGP</Mercato>
    <Ora>11</Ora>
    <PUN>47,899940</PUN>
    <NAT>43,500000</NAT>
    <CNOR>47,899940</CNOR>
    <CSUD>47,899940</CSUD>
    <NORD>47,899940</NORD>
    <SARD>47,899940</SARD>
    <SICI>47,899940</SICI>
    <SUD>47,899940</SUD>
    <AUST>47,899940</AUST>
    <BRNN>47,899940</BRNN>
    <COAC>47,899940</COAC>
    <CORS>47,899940</CORS>
    <FOGN>47,899940</FOGN>
    <FRAN>47,899940</FRAN>
    <GREC>47,899940</GREC>
    <MFTV>47,899940</MFTV>
    <PRGP>47,899940</PRGP>
    <ROSN>47,899940</ROSN>
    <SLOV>47,899940</SLOV>
    <SVIZ>47,899940</SVIZ>
    <BSP>47,899940</BSP>
    <MALT>47,899940</MALT>
    <XAUS>47,899940</XAUS>
    <XFRA>47,899940</XFRA>
  </Prezzi>
  <Prezzi>
    <Data>20170505</Data>
    <Mercato>MGP</Mercato>
    <Ora>12</Ora>
    <PUN>46,380000</PUN>
    <NAT>46,380000</NAT>
    <CNOR>46,380000</CNOR>
    <CSUD>46,380000</CSUD>
    <NORD>46,380000</NORD>
    <SARD>46,380000</SARD>
    <SICI>46,380000</SICI>
    <SUD>46,380000</SUD>
    <AUST>46,380000</AUST>
    <BRNN>46,380000</BRNN>
    <COAC>46,380000</COAC>
    <CORS>46,380000</CORS>
    <FOGN>46,380000</FOGN>
    <FRAN>46,380000</FRAN>
    <GREC>46,380000</GREC>
    <MFTV>46,380000</MFTV>
    <PRGP>46,380000</PRGP>
    <ROSN>46,380000</ROSN>
    <SLOV>46,380000</SLOV>
    <SVIZ>46,380000</SVIZ>
    <BSP>46,380000</BSP>
    <MALT>46,380000</MALT>
    <XAUS>46,380000</XAUS>
    <XFRA>46,380000</XFRA>
  </Prezzi>
  <Prezzi>
    <Data>20170505</Data>
    <Mercato>MGP</Mercato>
    <Ora>13</Ora>
    <PUN>41,996530</PUN>
    <NAT>42,000000</NAT>
    <CNOR>41,996530</CNOR>
    <CSUD>41,996530</CSUD>
    <NORD>41,996530</NORD>
    <SARD>41,996530</SARD>
    <SICI>41,996530</SICI>
    <SUD>41,996530</SUD>
    <AUST>41,996530</AUST>
    <BRNN>41,996530</BRNN>
    <COAC>41,996530</COAC>
    <CORS>41,996530</CORS>
    <FOGN>41,996530</FOGN>
    <FRAN>41,996530</FRAN>
    <GREC>41,996530</GREC>
    <MFTV>41,996530</MFTV>
    <PRGP>41,996530</PRGP>
    <ROSN>41,996530</ROSN>
    <SLOV>41,996530</SLOV>
    <SVIZ>41,996530</SVIZ>
    <BSP>41,996530</BSP>
    <MALT>41,996530</MALT>
    <XAUS>41,996530</XAUS>
    <XFRA>41,996530</XFRA>
  </Prezzi>
  <Prezzi>
    <Data>20170505</Data>
    <Mercato>MGP</Mercato>
    <Ora>14</Ora>
    <PUN>40,090220</PUN>
    <NAT>39,000000</NAT>
    <CNOR>40,090220</CNOR>
    <CSUD>40,090220</CSUD>
    <NORD>40,090220</NORD>
    <SARD>40,090220</SARD>
    <SICI>40,090220</SICI>
    <SUD>40,090220</SUD>
    <AUST>40,090220</AUST>
    <BRNN>40,090220</BRNN>
    <COAC>40,090220</COAC>
    <CORS>40,090220</CORS>
    <FOGN>40,090220</FOGN>
    <FRAN>40,090220</FRAN>
    <GREC>40,090220</GREC>
    <MFTV>40,090220</MFTV>
    <PRGP>40,090220</PRGP>
    <ROSN>40,090220</ROSN>
    <SLOV>40,090220</SLOV>
    <SVIZ>40,090220</SVIZ>
    <BSP>40,090220</BSP>
    <MALT>40,090220</MALT>
    <XAUS>40,090220</XAUS>
    <XFRA>40,090220</XFRA>
  </Prezzi>
  <Prezzi>
    <Data>20170505</Data>
    <Mercato>MGP</Mercato>
    <Ora>15</Ora>
    <PUN>38,230000</PUN>
    <NAT>38,230000</NAT>
    <CNOR>38,230000</CNOR>
    <CSUD>38,230000</CSUD>
    <NORD>38,230000</NORD>
    <SARD>38,230000</SARD>
    <SICI>38,230000</SICI>
    <SUD>38,230000</SUD>
    <AUST>38,230000</AUST>
    <BRNN>38,230000</BRNN>
    <COAC>38,230000</COAC>
    <CORS>38,230000</CORS>
    <FOGN>38,230000</FOGN>
    <FRAN>38,230000</FRAN>
    <GREC>38,230000</GREC>
    <MFTV>38,230000</MFTV>
    <PRGP>38,230000</PRGP>
    <ROSN>38,230000</ROSN>
    <SLOV>38,230000</SLOV>
    <SVIZ>38,230000</SVIZ>
    <BSP>38,230000</BSP>
    <MALT>38,230000</MALT>
    <XAUS>38,230000</XAUS>
    <XFRA>38,230000</XFRA>
  </Prezzi>
  <Prezzi>
    <Data>20170505</Data>
    <Mercato>MGP</Mercato>
    <Ora>16</Ora>
    <PUN>40,410000</PUN>
    <NAT>40,410000</NAT>
    <CNOR>40,410000</CNOR>
    <CSUD>40,410000</CSUD>
    <NORD>40,410000</NORD>
    <SARD>40,410000</SARD>
    <SICI>40,410000</SICI>
    <SUD>40,410000</SUD>
    <AUST>40,410000</AUST>
    <BRNN>40,410000</BRNN>
    <COAC>40,410000</COAC>
    <CORS>40,410000</CORS>
    <FOGN>40,410000</FOGN>
    <FRAN>40,410000</FRAN>
    <GREC>40,410000</GREC>
    <MFTV>40,410000</MFTV>
    <PRGP>40,410000</PRGP>
    <ROSN>40,410000</ROSN>
    <SLOV>40,410000</SLOV>
    <SVIZ>40,410000</SVIZ>
    <BSP>40,410000</BSP>
    <MALT>40,410000</MALT>
    <XAUS>40,410000</XAUS>
    <XFRA>40,410000</XFRA>
  </Prezzi>
  <Prezzi>
    <Data>20170505</Data>
    <Mercato>MGP</Mercato>
    <Ora>17</Ora>
    <PUN>43,670000</PUN>
    <NAT>43,670000</NAT>
    <CNOR>43,670000</CNOR>
    <CSUD>43,670000</CSUD>
    <NORD>43,670000</NORD>
    <SARD>43,670000</SARD>
    <SICI>43,670000</SICI>
    <SUD>43,670000</SUD>
    <AUST>43,670000</AUST>
    <BRNN>43,670000</BRNN>
    <COAC>43,670000</COAC>
    <CORS>43,670000</CORS>
    <FOGN>43,670000</FOGN>
    <FRAN>43,670000</FRAN>
    <GREC>43,670000</GREC>
    <MFTV>43,670000</MFTV>
    <PRGP>43,670000</PRGP>
    <ROSN>43,670000</ROSN>
    <SLOV>43,670000</SLOV>
    <SVIZ>43,670000</SVIZ>
    <BSP>43,670000</BSP>
    <MALT>43,670000</MALT>
    <XAUS>43,670000</XAUS>
    <XFRA>43,670000</XFRA>
  </Prezzi>
  <Prezzi>
    <Data>20170505</Data>
    <Mercato>MGP</Mercato>
    <Ora>18</Ora>
    <PUN>47,030100</PUN>
    <NAT>46,410000</NAT>
    <CNOR>46,190000</CNOR>
    <CSUD>46,190000</CSUD>
    <NORD>46,190000</NORD>
    <SARD>46,190000</SARD>
    <SICI>61,450000</SICI>
    <SUD>46,190000</SUD>
    <AUST>46,190000</AUST>
    <BRNN>46,190000</BRNN>
    <COAC>46,190000</COAC>
    <CORS>46,190000</CORS>
    <FOGN>46,190000</FOGN>
    <FRAN>46,190000</FRAN>
    <GREC>46,190000</GREC>
    <MFTV>46,190000</MFTV>
    <PRGP>61,450000</PRGP>
    <ROSN>46,190000</ROSN>
    <SLOV>46,190000</SLOV>
    <SVIZ>46,190000</SVIZ>
    <BSP>46,190000</BSP>
    <MALT>61,450000</MALT>
    <XAUS>46,190000</XAUS>
    <XFRA>46,190000</XFRA>
  </Prezzi>
  <Prezzi>
    <Data>20170505</Data>
    <Mercato>MGP</Mercato>
    <Ora>19</Ora>
    <PUN>48,991240</PUN>
    <NAT>47,810000</NAT>
    <CNOR>46,410000</CNOR>
    <CSUD>46,410000</CSUD>
    <NORD>46,410000</NORD>
    <SARD>46,410000</SARD>
    <SICI>91,120000</SICI>
    <SUD>46,410000</SUD>
    <AUST>46,410000</AUST>
    <BRNN>46,410000</BRNN>
    <COAC>46,410000</COAC>
    <CORS>46,410000</CORS>
    <FOGN>46,410000</FOGN>
    <FRAN>46,410000</FRAN>
    <GREC>46,410000</GREC>
    <MFTV>46,410000</MFTV>
    <PRGP>91,120000</PRGP>
    <ROSN>46,410000</ROSN>
    <SLOV>46,410000</SLOV>
    <SVIZ>46,410000</SVIZ>
    <BSP>46,410000</BSP>
    <MALT>91,120000</MALT>
    <XAUS>46,410000</XAUS>
    <XFRA>46,410000</XFRA>
  </Prezzi>
  <Prezzi>
    <Data>20170505</Data>
    <Mercato>MGP</Mercato>
    <Ora>20</Ora>
    <PUN>51,802220</PUN>
    <NAT>50,320000</NAT>
    <CNOR>50,000000</CNOR>
    <CSUD>50,000000</CSUD>
    <NORD>48,810000</NORD>
    <SARD>50,000000</SARD>
    <SICI>91,120000</SICI>
    <SUD>50,000000</SUD>
    <AUST>48,810000</AUST>
    <BRNN>50,000000</BRNN>
    <COAC>50,000000</COAC>
    <CORS>50,000000</CORS>
    <FOGN>50,000000</FOGN>
    <FRAN>48,810000</FRAN>
    <GREC>50,000000</GREC>
    <MFTV>48,810000</MFTV>
    <PRGP>91,120000</PRGP>
    <ROSN>50,000000</ROSN>
    <SLOV>48,810000</SLOV>
    <SVIZ>48,810000</SVIZ>
    <BSP>48,810000</BSP>
    <MALT>91,120000</MALT>
    <XAUS>48,810000</XAUS>
    <XFRA>48,810000</XFRA>
  </Prezzi>
  <Prezzi>
    <Data>20170505</Data>
    <Mercato>MGP</Mercato>
    <Ora>21</Ora>
    <PUN>55,393240</PUN>
    <NAT>55,000000</NAT>
    <CNOR>52,940000</CNOR>
    <CSUD>52,940000</CSUD>
    <NORD>52,940000</NORD>
    <SARD>52,940000</SARD>
    <SICI>91,450000</SICI>
    <SUD>52,940000</SUD>
    <AUST>52,940000</AUST>
    <BRNN>52,940000</BRNN>
    <COAC>52,940000</COAC>
    <CORS>52,940000</CORS>
    <FOGN>52,940000</FOGN>
    <FRAN>52,940000</FRAN>
    <GREC>52,940000</GREC>
    <MFTV>52,940000</MFTV>
    <PRGP>91,450000</PRGP>
    <ROSN>52,940000</ROSN>
    <SLOV>52,940000</SLOV>
    <SVIZ>52,940000</SVIZ>
    <BSP>52,940000</BSP>
    <MALT>91,450000</MALT>
    <XAUS>52,940000</XAUS>
    <XFRA>52,940000</XFRA>
  </Prezzi>
  <Prezzi>
    <Data>20170505</Data>
    <Mercato>MGP</Mercato>
    <Ora>22</Ora>
    <PUN>52,233290</PUN>
    <NAT>51,500000</NAT>
    <CNOR>50,000000</CNOR>
    <CSUD>50,000000</CSUD>
    <NORD>49,360000</NORD>
    <SARD>50,000000</SARD>
    <SICI>91,120000</SICI>
    <SUD>50,000000</SUD>
    <AUST>49,360000</AUST>
    <BRNN>50,000000</BRNN>
    <COAC>50,000000</COAC>
    <CORS>50,000000</CORS>
    <FOGN>50,000000</FOGN>
    <FRAN>49,360000</FRAN>
    <GREC>50,000000</GREC>
    <MFTV>49,360000</MFTV>
    <PRGP>91,120000</PRGP>
    <ROSN>50,000000</ROSN>
    <SLOV>49,360000</SLOV>
    <SVIZ>49,360000</SVIZ>
    <BSP>49,360000</BSP>
    <MALT>91,120000</MALT>
    <XAUS>49,360000</XAUS>
    <XFRA>49,360000</XFRA>
  </Prezzi>
  <Prezzi>
    <Data>20170505</Data>
    <Mercato>MGP</Mercato>
    <Ora>23</Ora>
    <PUN>49,498360</PUN>
    <NAT>48,000000</NAT>
    <CNOR>46,730000</CNOR>
    <CSUD>46,730000</CSUD>
    <NORD>46,730000</NORD>
    <SARD>46,730000</SARD>
    <SICI>91,120000</SICI>
    <SUD>46,730000</SUD>
    <AUST>46,730000</AUST>
    <BRNN>46,730000</BRNN>
    <COAC>46,730000</COAC>
    <CORS>46,730000</CORS>
    <FOGN>46,730000</FOGN>
    <FRAN>46,730000</FRAN>
    <GREC>46,730000</GREC>
    <MFTV>46,730000</MFTV>
    <PRGP>91,120000</PRGP>
    <ROSN>46,730000</ROSN>
    <SLOV>46,730000</SLOV>
    <SVIZ>46,730000</SVIZ>
    <BSP>46,730000</BSP>
    <MALT>91,120000</MALT>
    <XAUS>46,730000</XAUS>
    <XFRA>46,730000</XFRA>
  </Prezzi>
  <Prezzi>
    <Data>20170505</Data>
    <Mercato>MGP</Mercato>
    <Ora>24</Ora>
    <PUN>47,820820</PUN>
    <NAT>46,200000</NAT>
    <CNOR>45,000000</CNOR>
    <CSUD>45,000000</CSUD>
    <NORD>45,000000</NORD>
    <SARD>45,000000</SARD>
    <SICI>91,120000</SICI>
    <SUD>45,000000</SUD>
    <AUST>45,000000</AUST>
    <BRNN>45,000000</BRNN>
    <COAC>45,000000</COAC>
    <CORS>45,000000</CORS>
    <FOGN>45,000000</FOGN>
    <FRAN>45,000000</FRAN>
    <GREC>45,000000</GREC>
    <MFTV>45,000000</MFTV>
    <PRGP>91,120000</PRGP>
    <ROSN>45,000000</ROSN>
    <SLOV>45,000000</SLOV>
    <SVIZ>45,000000</SVIZ>
    <BSP>45,000000</BSP>
    <MALT>91,120000</MALT>
    <XAUS>45,000000</XAUS>
    <XFRA>45,000000</XFRA>
  </Prezzi>
</NewDataSet>