<?xml version="1.0" standalone="yes"?>
<NewDataSet>
  <xs:schema id="NewDataSet" xmlns="" xmlns:xs="http://www.w3.org/2001/XMLSchema" xmlns:msdata="urn:schemas-microsoft-com:xml-msdata">
    <xs:element name="NewDataSet" msdata:IsDataSet="true" msdata:UseCurrentLocale="true">
      <xs:complexType>
        <xs:choice minOccurs="0" maxOccurs="unbounded">
          <xs:element name="Prezzi">
            <xs:complexType>
              <xs:sequence>
                <xs:element name="Data" type="xs:string" minOccurs="0" />
                <xs:element name="Mercato" type="xs:string" minOccurs="0" />
                <xs:element name="Ora" type="xs:string" minOccurs="0" />
                <xs:element name="PUN" type="xs:string" minOccurs="0" />
                <xs:element name="NAT" type="xs:string" minOccurs="0" />
                <xs:element name="CNOR" type="xs:string" minOccurs="0" />
                <xs:element name="CSUD" type="xs:string" minOccurs="0" />
                <xs:element name="NORD" type="xs:string" minOccurs="0" />
                <xs:element name="SARD" type="xs:string" minOccurs="0" />
                <xs:element name="SICI" type="xs:string" minOccurs="0" />
                <xs:element name="SUD" type="xs:string" minOccurs="0" />
                <xs:element name="AUST" type="xs:string" minOccurs="0" />
                <xs:element name="BRNN" type="xs:string" minOccurs="0" />
                <xs:element name="COAC" type="xs:string" minOccurs="0" />
                <xs:element name="CORS" type="xs:string" minOccurs="0" />
                <xs:element name="FOGN" type="xs:string" minOccurs="0" />
                <xs:element name="FRAN" type="xs:string" minOccurs="0" />
                <xs:element name="GREC" type="xs:string" minOccurs="0" />
                <xs:element name="MFTV" type="xs:string" minOccurs="0" />
                <xs:element name="PRGP" type="xs:string" minOccurs="0" />
                <xs:element name="ROSN" type="xs:string" minOccurs="0" />
                <xs:element name="SLOV" type="xs:string" minOccurs="0" />
                <xs:element name="SVIZ" type="xs:string" minOccurs="0" />
                <xs:element name="BSP" type="xs:string" minOccurs="0" />
                <xs:element name="MALT" type="xs:string" minOccurs="0" />
                <xs:element name="XAUS" type="xs:string" minOccurs="0" />
                <xs:element name="XFRA" type="xs:string" minOccurs="0" />
              </xs:sequence>
            </xs:complexType>
          </xs:element>
        </xs:choice>
      </xs:complexType>
    </xs:element>
  </xs:schema>
  <Prezzi>
    <Data>20170518</Data>
    <Mercato>MGP</Mercato>
    <Ora>1</Ora>
    <PUN>39,791990</PUN>
    <NAT>39,090000</NAT>
    <CNOR>43,500000</CNOR>
    <CSUD>43,500000</CSUD>
    <NORD>36,130000</NORD>
    <SARD>43,500000</SARD>
    <SICI>47,050000</SICI>
    <SUD>43,500000</SUD>
    <AUST>36,130000</AUST>
    <BRNN>43,500000</BRNN>
    <COAC>43,500000</COAC>
    <CORS>43,500000</CORS>
    <FOGN>43,500000</FOGN>
    <FRAN>36,130000</FRAN>
    <GREC>43,500000</GREC>
    <MFTV>36,130000</MFTV>
    <PRGP>47,050000</PRGP>
    <ROSN>43,500000</ROSN>
    <SLOV>36,130000</SLOV>
    <SVIZ>36,130000</SVIZ>
    <BSP>36,130000</BSP>
    <MALT>47,050000</MALT>
    <XAUS>36,130000</XAUS>
    <XFRA>36,130000</XFRA>
  </Prezzi>
  <Prezzi>
    <Data>20170518</Data>
    <Mercato>MGP</Mercato>
    <Ora>2</Ora>
    <PUN>33,555130</PUN>
    <NAT>36,390000</NAT>
    <CNOR>39,000000</CNOR>
    <CSUD>39,000000</CSUD>
    <NORD>28,900000</NORD>
    <SARD>39,000000</SARD>
    <SICI>39,000000</SICI>
    <SUD>39,000000</SUD>
    <AUST>28,900000</AUST>
    <BRNN>39,000000</BRNN>
    <COAC>39,000000</COAC>
    <CORS>39,000000</CORS>
    <FOGN>39,000000</FOGN>
    <FRAN>28,900000</FRAN>
    <GREC>39,000000</GREC>
    <MFTV>28,900000</MFTV>
    <PRGP>39,000000</PRGP>
    <ROSN>39,000000</ROSN>
    <SLOV>28,900000</SLOV>
    <SVIZ>28,900000</SVIZ>
    <BSP>28,900000</BSP>
    <MALT>39,000000</MALT>
    <XAUS>28,900000</XAUS>
    <XFRA>28,900000</XFRA>
  </Prezzi>
  <Prezzi>
    <Data>20170518</Data>
    <Mercato>MGP</Mercato>
    <Ora>3</Ora>
    <PUN>32,461270</PUN>
    <NAT>36,180000</NAT>
    <CNOR>36,690000</CNOR>
    <CSUD>36,690000</CSUD>
    <NORD>28,900000</NORD>
    <SARD>36,690000</SARD>
    <SICI>36,690000</SICI>
    <SUD>36,690000</SUD>
    <AUST>28,900000</AUST>
    <BRNN>36,690000</BRNN>
    <COAC>36,690000</COAC>
    <CORS>36,690000</CORS>
    <FOGN>36,690000</FOGN>
    <FRAN>28,900000</FRAN>
    <GREC>36,690000</GREC>
    <MFTV>28,900000</MFTV>
    <PRGP>36,690000</PRGP>
    <ROSN>36,690000</ROSN>
    <SLOV>28,900000</SLOV>
    <SVIZ>28,900000</SVIZ>
    <BSP>28,900000</BSP>
    <MALT>36,690000</MALT>
    <XAUS>28,900000</XAUS>
    <XFRA>28,900000</XFRA>
  </Prezzi>
  <Prezzi>
    <Data>20170518</Data>
    <Mercato>MGP</Mercato>
    <Ora>4</Ora>
    <PUN>32,323980</PUN>
    <NAT>35,990000</NAT>
    <CNOR>36,390000</CNOR>
    <CSUD>36,390000</CSUD>
    <NORD>28,900000</NORD>
    <SARD>36,390000</SARD>
    <SICI>36,390000</SICI>
    <SUD>36,390000</SUD>
    <AUST>28,900000</AUST>
    <BRNN>36,390000</BRNN>
    <COAC>36,390000</COAC>
    <CORS>36,390000</CORS>
    <FOGN>36,390000</FOGN>
    <FRAN>28,900000</FRAN>
    <GREC>36,390000</GREC>
    <MFTV>28,900000</MFTV>
    <PRGP>36,390000</PRGP>
    <ROSN>36,390000</ROSN>
    <SLOV>28,900000</SLOV>
    <SVIZ>28,900000</SVIZ>
    <BSP>28,900000</BSP>
    <MALT>36,390000</MALT>
    <XAUS>28,900000</XAUS>
    <XFRA>28,900000</XFRA>
  </Prezzi>
  <Prezzi>
    <Data>20170518</Data>
    <Mercato>MGP</Mercato>
    <Ora>5</Ora>
    <PUN>32,911090</PUN>
    <NAT>36,380000</NAT>
    <CNOR>36,690000</CNOR>
    <CSUD>36,690000</CSUD>
    <NORD>29,740000</NORD>
    <SARD>36,690000</SARD>
    <SICI>36,690000</SICI>
    <SUD>36,690000</SUD>
    <AUST>29,740000</AUST>
    <BRNN>36,690000</BRNN>
    <COAC>36,690000</COAC>
    <CORS>36,690000</CORS>
    <FOGN>36,690000</FOGN>
    <FRAN>29,740000</FRAN>
    <GREC>36,690000</GREC>
    <MFTV>29,740000</MFTV>
    <PRGP>36,690000</PRGP>
    <ROSN>36,690000</ROSN>
    <SLOV>29,740000</SLOV>
    <SVIZ>29,740000</SVIZ>
    <BSP>29,740000</BSP>
    <MALT>36,690000</MALT>
    <XAUS>29,740000</XAUS>
    <XFRA>29,740000</XFRA>
  </Prezzi>
  <Prezzi>
    <Data>20170518</Data>
    <Mercato>MGP</Mercato>
    <Ora>6</Ora>
    <PUN>33,709000</PUN>
    <NAT>36,380000</NAT>
    <CNOR>39,510000</CNOR>
    <CSUD>39,510000</CSUD>
    <NORD>28,910000</NORD>
    <SARD>39,510000</SARD>
    <SICI>39,510000</SICI>
    <SUD>39,510000</SUD>
    <AUST>28,910000</AUST>
    <BRNN>39,510000</BRNN>
    <COAC>39,510000</COAC>
    <CORS>39,510000</CORS>
    <FOGN>39,510000</FOGN>
    <FRAN>28,910000</FRAN>
    <GREC>39,510000</GREC>
    <MFTV>28,910000</MFTV>
    <PRGP>39,510000</PRGP>
    <ROSN>39,510000</ROSN>
    <SLOV>28,910000</SLOV>
    <SVIZ>28,910000</SVIZ>
    <BSP>28,910000</BSP>
    <MALT>39,510000</MALT>
    <XAUS>28,910000</XAUS>
    <XFRA>28,910000</XFRA>
  </Prezzi>
  <Prezzi>
    <Data>20170518</Data>
    <Mercato>MGP</Mercato>
    <Ora>7</Ora>
    <PUN>41,033870</PUN>
    <NAT>42,000000</NAT>
    <CNOR>42,000000</CNOR>
    <CSUD>42,000000</CSUD>
    <NORD>40,280000</NORD>
    <SARD>42,000000</SARD>
    <SICI>42,000000</SICI>
    <SUD>42,000000</SUD>
    <AUST>40,280000</AUST>
    <BRNN>42,000000</BRNN>
    <COAC>42,000000</COAC>
    <CORS>42,000000</CORS>
    <FOGN>42,000000</FOGN>
    <FRAN>40,280000</FRAN>
    <GREC>42,000000</GREC>
    <MFTV>40,280000</MFTV>
    <PRGP>42,000000</PRGP>
    <ROSN>42,000000</ROSN>
    <SLOV>40,280000</SLOV>
    <SVIZ>40,280000</SVIZ>
    <BSP>40,280000</BSP>
    <MALT>42,000000</MALT>
    <XAUS>40,280000</XAUS>
    <XFRA>40,280000</XFRA>
  </Prezzi>
  <Prezzi>
    <Data>20170518</Data>
    <Mercato>MGP</Mercato>
    <Ora>8</Ora>
    <PUN>51,830000</PUN>
    <NAT>51,830000</NAT>
    <CNOR>51,830000</CNOR>
    <CSUD>51,830000</CSUD>
    <NORD>51,830000</NORD>
    <SARD>51,830000</SARD>
    <SICI>51,830000</SICI>
    <SUD>51,830000</SUD>
    <AUST>51,830000</AUST>
    <BRNN>51,830000</BRNN>
    <COAC>51,830000</COAC>
    <CORS>51,830000</CORS>
    <FOGN>51,830000</FOGN>
    <FRAN>51,830000</FRAN>
    <GREC>51,830000</GREC>
    <MFTV>51,830000</MFTV>
    <PRGP>51,830000</PRGP>
    <ROSN>51,830000</ROSN>
    <SLOV>51,830000</SLOV>
    <SVIZ>51,830000</SVIZ>
    <BSP>51,830000</BSP>
    <MALT>51,830000</MALT>
    <XAUS>51,830000</XAUS>
    <XFRA>51,830000</XFRA>
  </Prezzi>
  <Prezzi>
    <Data>20170518</Data>
    <Mercato>MGP</Mercato>
    <Ora>9</Ora>
    <PUN>55,950000</PUN>
    <NAT>55,950000</NAT>
    <CNOR>55,950000</CNOR>
    <CSUD>55,950000</CSUD>
    <NORD>55,950000</NORD>
    <SARD>55,950000</SARD>
    <SICI>55,950000</SICI>
    <SUD>55,950000</SUD>
    <AUST>55,950000</AUST>
    <BRNN>55,950000</BRNN>
    <COAC>55,950000</COAC>
    <CORS>55,950000</CORS>
    <FOGN>55,950000</FOGN>
    <FRAN>55,950000</FRAN>
    <GREC>55,950000</GREC>
    <MFTV>55,950000</MFTV>
    <PRGP>55,950000</PRGP>
    <ROSN>55,950000</ROSN>
    <SLOV>55,950000</SLOV>
    <SVIZ>55,950000</SVIZ>
    <BSP>55,950000</BSP>
    <MALT>55,950000</MALT>
    <XAUS>55,950000</XAUS>
    <XFRA>55,950000</XFRA>
  </Prezzi>
  <Prezzi>
    <Data>20170518</Data>
    <Mercato>MGP</Mercato>
    <Ora>10</Ora>
    <PUN>54,000000</PUN>
    <NAT>54,000000</NAT>
    <CNOR>54,000000</CNOR>
    <CSUD>54,000000</CSUD>
    <NORD>54,000000</NORD>
    <SARD>54,000000</SARD>
    <SICI>54,000000</SICI>
    <SUD>54,000000</SUD>
    <AUST>54,000000</AUST>
    <BRNN>54,000000</BRNN>
    <COAC>54,000000</COAC>
    <CORS>54,000000</CORS>
    <FOGN>54,000000</FOGN>
    <FRAN>54,000000</FRAN>
    <GREC>54,000000</GREC>
    <MFTV>54,000000</MFTV>
    <PRGP>54,000000</PRGP>
    <ROSN>54,000000</ROSN>
    <SLOV>54,000000</SLOV>
    <SVIZ>54,000000</SVIZ>
    <BSP>54,000000</BSP>
    <MALT>54,000000</MALT>
    <XAUS>54,000000</XAUS>
    <XFRA>54,000000</XFRA>
  </Prezzi>
  <Prezzi>
    <Data>20170518</Data>
    <Mercato>MGP</Mercato>
    <Ora>11</Ora>
    <PUN>50,370000</PUN>
    <NAT>50,370000</NAT>
    <CNOR>50,370000</CNOR>
    <CSUD>50,370000</CSUD>
    <NORD>50,370000</NORD>
    <SARD>50,370000</SARD>
    <SICI>50,370000</SICI>
    <SUD>50,370000</SUD>
    <AUST>50,370000</AUST>
    <BRNN>50,370000</BRNN>
    <COAC>50,370000</COAC>
    <CORS>50,370000</CORS>
    <FOGN>50,370000</FOGN>
    <FRAN>50,370000</FRAN>
    <GREC>50,370000</GREC>
    <MFTV>50,370000</MFTV>
    <PRGP>50,370000</PRGP>
    <ROSN>50,370000</ROSN>
    <SLOV>50,370000</SLOV>
    <SVIZ>50,370000</SVIZ>
    <BSP>50,370000</BSP>
    <MALT>50,370000</MALT>
    <XAUS>50,370000</XAUS>
    <XFRA>50,370000</XFRA>
  </Prezzi>
  <Prezzi>
    <Data>20170518</Data>
    <Mercato>MGP</Mercato>
    <Ora>12</Ora>
    <PUN>49,500000</PUN>
    <NAT>49,500000</NAT>
    <CNOR>49,500000</CNOR>
    <CSUD>49,500000</CSUD>
    <NORD>49,500000</NORD>
    <SARD>49,500000</SARD>
    <SICI>49,500000</SICI>
    <SUD>49,500000</SUD>
    <AUST>49,500000</AUST>
    <BRNN>49,500000</BRNN>
    <COAC>49,500000</COAC>
    <CORS>49,500000</CORS>
    <FOGN>49,500000</FOGN>
    <FRAN>49,500000</FRAN>
    <GREC>49,500000</GREC>
    <MFTV>49,500000</MFTV>
    <PRGP>49,500000</PRGP>
    <ROSN>49,500000</ROSN>
    <SLOV>49,500000</SLOV>
    <SVIZ>49,500000</SVIZ>
    <BSP>49,500000</BSP>
    <MALT>49,500000</MALT>
    <XAUS>49,500000</XAUS>
    <XFRA>49,500000</XFRA>
  </Prezzi>
  <Prezzi>
    <Data>20170518</Data>
    <Mercato>MGP</Mercato>
    <Ora>13</Ora>
    <PUN>44,800000</PUN>
    <NAT>44,800000</NAT>
    <CNOR>44,800000</CNOR>
    <CSUD>44,800000</CSUD>
    <NORD>44,800000</NORD>
    <SARD>44,800000</SARD>
    <SICI>44,800000</SICI>
    <SUD>44,800000</SUD>
    <AUST>44,800000</AUST>
    <BRNN>44,800000</BRNN>
    <COAC>44,800000</COAC>
    <CORS>44,800000</CORS>
    <FOGN>44,800000</FOGN>
    <FRAN>44,800000</FRAN>
    <GREC>44,800000</GREC>
    <MFTV>44,800000</MFTV>
    <PRGP>44,800000</PRGP>
    <ROSN>44,800000</ROSN>
    <SLOV>44,800000</SLOV>
    <SVIZ>44,800000</SVIZ>
    <BSP>44,800000</BSP>
    <MALT>44,800000</MALT>
    <XAUS>44,800000</XAUS>
    <XFRA>44,800000</XFRA>
  </Prezzi>
  <Prezzi>
    <Data>20170518</Data>
    <Mercato>MGP</Mercato>
    <Ora>14</Ora>
    <PUN>46,550000</PUN>
    <NAT>46,550000</NAT>
    <CNOR>46,550000</CNOR>
    <CSUD>46,550000</CSUD>
    <NORD>46,550000</NORD>
    <SARD>46,550000</SARD>
    <SICI>46,550000</SICI>
    <SUD>46,550000</SUD>
    <AUST>46,550000</AUST>
    <BRNN>46,550000</BRNN>
    <COAC>46,550000</COAC>
    <CORS>46,550000</CORS>
    <FOGN>46,550000</FOGN>
    <FRAN>46,550000</FRAN>
    <GREC>46,550000</GREC>
    <MFTV>46,550000</MFTV>
    <PRGP>46,550000</PRGP>
    <ROSN>46,550000</ROSN>
    <SLOV>46,550000</SLOV>
    <SVIZ>46,550000</SVIZ>
    <BSP>46,550000</BSP>
    <MALT>46,550000</MALT>
    <XAUS>46,550000</XAUS>
    <XFRA>46,550000</XFRA>
  </Prezzi>
  <Prezzi>
    <Data>20170518</Data>
    <Mercato>MGP</Mercato>
    <Ora>15</Ora>
    <PUN>50,370000</PUN>
    <NAT>50,370000</NAT>
    <CNOR>50,370000</CNOR>
    <CSUD>50,370000</CSUD>
    <NORD>50,370000</NORD>
    <SARD>50,370000</SARD>
    <SICI>50,370000</SICI>
    <SUD>50,370000</SUD>
    <AUST>50,370000</AUST>
    <BRNN>50,370000</BRNN>
    <COAC>50,370000</COAC>
    <CORS>50,370000</CORS>
    <FOGN>50,370000</FOGN>
    <FRAN>50,370000</FRAN>
    <GREC>50,370000</GREC>
    <MFTV>50,370000</MFTV>
    <PRGP>50,370000</PRGP>
    <ROSN>50,370000</ROSN>
    <SLOV>50,370000</SLOV>
    <SVIZ>50,370000</SVIZ>
    <BSP>50,370000</BSP>
    <MALT>50,370000</MALT>
    <XAUS>50,370000</XAUS>
    <XFRA>50,370000</XFRA>
  </Prezzi>
  <Prezzi>
    <Data>20170518</Data>
    <Mercato>MGP</Mercato>
    <Ora>16</Ora>
    <PUN>51,010000</PUN>
    <NAT>51,010000</NAT>
    <CNOR>51,010000</CNOR>
    <CSUD>51,010000</CSUD>
    <NORD>51,010000</NORD>
    <SARD>51,010000</SARD>
    <SICI>51,010000</SICI>
    <SUD>51,010000</SUD>
    <AUST>51,010000</AUST>
    <BRNN>51,010000</BRNN>
    <COAC>51,010000</COAC>
    <CORS>51,010000</CORS>
    <FOGN>51,010000</FOGN>
    <FRAN>51,010000</FRAN>
    <GREC>51,010000</GREC>
    <MFTV>51,010000</MFTV>
    <PRGP>51,010000</PRGP>
    <ROSN>51,010000</ROSN>
    <SLOV>51,010000</SLOV>
    <SVIZ>51,010000</SVIZ>
    <BSP>51,010000</BSP>
    <MALT>51,010000</MALT>
    <XAUS>51,010000</XAUS>
    <XFRA>51,010000</XFRA>
  </Prezzi>
  <Prezzi>
    <Data>20170518</Data>
    <Mercato>MGP</Mercato>
    <Ora>17</Ora>
    <PUN>50,370000</PUN>
    <NAT>50,370000</NAT>
    <CNOR>50,370000</CNOR>
    <CSUD>50,370000</CSUD>
    <NORD>50,370000</NORD>
    <SARD>50,370000</SARD>
    <SICI>50,370000</SICI>
    <SUD>50,370000</SUD>
    <AUST>50,370000</AUST>
    <BRNN>50,370000</BRNN>
    <COAC>50,370000</COAC>
    <CORS>50,370000</CORS>
    <FOGN>50,370000</FOGN>
    <FRAN>50,370000</FRAN>
    <GREC>50,370000</GREC>
    <MFTV>50,370000</MFTV>
    <PRGP>50,370000</PRGP>
    <ROSN>50,370000</ROSN>
    <SLOV>50,370000</SLOV>
    <SVIZ>50,370000</SVIZ>
    <BSP>50,370000</BSP>
    <MALT>50,370000</MALT>
    <XAUS>50,370000</XAUS>
    <XFRA>50,370000</XFRA>
  </Prezzi>
  <Prezzi>
    <Data>20170518</Data>
    <Mercato>MGP</Mercato>
    <Ora>18</Ora>
    <PUN>49,500000</PUN>
    <NAT>49,500000</NAT>
    <CNOR>49,500000</CNOR>
    <CSUD>49,500000</CSUD>
    <NORD>49,500000</NORD>
    <SARD>49,500000</SARD>
    <SICI>49,500000</SICI>
    <SUD>49,500000</SUD>
    <AUST>49,500000</AUST>
    <BRNN>49,500000</BRNN>
    <COAC>49,500000</COAC>
    <CORS>49,500000</CORS>
    <FOGN>49,500000</FOGN>
    <FRAN>49,500000</FRAN>
    <GREC>49,500000</GREC>
    <MFTV>49,500000</MFTV>
    <PRGP>49,500000</PRGP>
    <ROSN>49,500000</ROSN>
    <SLOV>49,500000</SLOV>
    <SVIZ>49,500000</SVIZ>
    <BSP>49,500000</BSP>
    <MALT>49,500000</MALT>
    <XAUS>49,500000</XAUS>
    <XFRA>49,500000</XFRA>
  </Prezzi>
  <Prezzi>
    <Data>20170518</Data>
    <Mercato>MGP</Mercato>
    <Ora>19</Ora>
    <PUN>50,981990</PUN>
    <NAT>49,070000</NAT>
    <CNOR>49,070000</CNOR>
    <CSUD>49,070000</CSUD>
    <NORD>49,070000</NORD>
    <SARD>49,070000</SARD>
    <SICI>83,010000</SICI>
    <SUD>49,070000</SUD>
    <AUST>49,070000</AUST>
    <BRNN>49,070000</BRNN>
    <COAC>49,070000</COAC>
    <CORS>49,070000</CORS>
    <FOGN>49,070000</FOGN>
    <FRAN>49,070000</FRAN>
    <GREC>49,070000</GREC>
    <MFTV>49,070000</MFTV>
    <PRGP>83,010000</PRGP>
    <ROSN>49,070000</ROSN>
    <SLOV>49,070000</SLOV>
    <SVIZ>49,070000</SVIZ>
    <BSP>49,070000</BSP>
    <MALT>83,010000</MALT>
    <XAUS>49,070000</XAUS>
    <XFRA>49,070000</XFRA>
  </Prezzi>
  <Prezzi>
    <Data>20170518</Data>
    <Mercato>MGP</Mercato>
    <Ora>20</Ora>
    <PUN>53,301880</PUN>
    <NAT>51,830000</NAT>
    <CNOR>51,020000</CNOR>
    <CSUD>51,020000</CSUD>
    <NORD>51,020000</NORD>
    <SARD>51,020000</SARD>
    <SICI>91,120000</SICI>
    <SUD>51,020000</SUD>
    <AUST>51,020000</AUST>
    <BRNN>51,020000</BRNN>
    <COAC>51,020000</COAC>
    <CORS>51,020000</CORS>
    <FOGN>51,020000</FOGN>
    <FRAN>51,020000</FRAN>
    <GREC>51,020000</GREC>
    <MFTV>51,020000</MFTV>
    <PRGP>91,120000</PRGP>
    <ROSN>51,020000</ROSN>
    <SLOV>51,020000</SLOV>
    <SVIZ>51,020000</SVIZ>
    <BSP>51,020000</BSP>
    <MALT>91,120000</MALT>
    <XAUS>51,020000</XAUS>
    <XFRA>51,020000</XFRA>
  </Prezzi>
  <Prezzi>
    <Data>20170518</Data>
    <Mercato>MGP</Mercato>
    <Ora>21</Ora>
    <PUN>57,931730</PUN>
    <NAT>56,260000</NAT>
    <CNOR>55,750000</CNOR>
    <CSUD>55,750000</CSUD>
    <NORD>55,750000</NORD>
    <SARD>55,750000</SARD>
    <SICI>91,120000</SICI>
    <SUD>55,750000</SUD>
    <AUST>55,750000</AUST>
    <BRNN>55,750000</BRNN>
    <COAC>55,750000</COAC>
    <CORS>55,750000</CORS>
    <FOGN>55,750000</FOGN>
    <FRAN>55,750000</FRAN>
    <GREC>55,750000</GREC>
    <MFTV>55,750000</MFTV>
    <PRGP>91,120000</PRGP>
    <ROSN>55,750000</ROSN>
    <SLOV>55,750000</SLOV>
    <SVIZ>55,750000</SVIZ>
    <BSP>55,750000</BSP>
    <MALT>91,120000</MALT>
    <XAUS>55,750000</XAUS>
    <XFRA>55,750000</XFRA>
  </Prezzi>
  <Prezzi>
    <Data>20170518</Data>
    <Mercato>MGP</Mercato>
    <Ora>22</Ora>
    <PUN>57,869750</PUN>
    <NAT>56,260000</NAT>
    <CNOR>55,750000</CNOR>
    <CSUD>55,750000</CSUD>
    <NORD>55,750000</NORD>
    <SARD>55,750000</SARD>
    <SICI>91,120000</SICI>
    <SUD>55,750000</SUD>
    <AUST>55,750000</AUST>
    <BRNN>55,750000</BRNN>
    <COAC>55,750000</COAC>
    <CORS>55,750000</CORS>
    <FOGN>55,750000</FOGN>
    <FRAN>55,750000</FRAN>
    <GREC>55,750000</GREC>
    <MFTV>55,750000</MFTV>
    <PRGP>91,120000</PRGP>
    <ROSN>55,750000</ROSN>
    <SLOV>55,750000</SLOV>
    <SVIZ>55,750000</SVIZ>
    <BSP>55,750000</BSP>
    <MALT>91,120000</MALT>
    <XAUS>55,750000</XAUS>
    <XFRA>55,750000</XFRA>
  </Prezzi>
  <Prezzi>
    <Data>20170518</Data>
    <Mercato>MGP</Mercato>
    <Ora>23</Ora>
    <PUN>48,372240</PUN>
    <NAT>46,600000</NAT>
    <CNOR>45,640000</CNOR>
    <CSUD>45,640000</CSUD>
    <NORD>45,640000</NORD>
    <SARD>45,640000</SARD>
    <SICI>91,120000</SICI>
    <SUD>45,640000</SUD>
    <AUST>45,640000</AUST>
    <BRNN>45,640000</BRNN>
    <COAC>45,640000</COAC>
    <CORS>45,640000</CORS>
    <FOGN>45,640000</FOGN>
    <FRAN>45,640000</FRAN>
    <GREC>45,640000</GREC>
    <MFTV>45,640000</MFTV>
    <PRGP>91,120000</PRGP>
    <ROSN>45,640000</ROSN>
    <SLOV>45,640000</SLOV>
    <SVIZ>45,640000</SVIZ>
    <BSP>45,640000</BSP>
    <MALT>91,120000</MALT>
    <XAUS>45,640000</XAUS>
    <XFRA>45,640000</XFRA>
  </Prezzi>
  <Prezzi>
    <Data>20170518</Data>
    <Mercato>MGP</Mercato>
    <Ora>24</Ora>
    <PUN>45,111690</PUN>
    <NAT>44,210000</NAT>
    <CNOR>44,170000</CNOR>
    <CSUD>44,170000</CSUD>
    <NORD>44,170000</NORD>
    <SARD>44,170000</SARD>
    <SICI>60,100000</SICI>
    <SUD>44,170000</SUD>
    <AUST>44,170000</AUST>
    <BRNN>44,170000</BRNN>
    <COAC>44,170000</COAC>
    <CORS>44,170000</CORS>
    <FOGN>44,170000</FOGN>
    <FRAN>44,170000</FRAN>
    <GREC>44,170000</GREC>
    <MFTV>44,170000</MFTV>
    <PRGP>60,100000</PRGP>
    <ROSN>44,170000</ROSN>
    <SLOV>44,170000</SLOV>
    <SVIZ>44,170000</SVIZ>
    <BSP>44,170000</BSP>
    <MALT>60,100000</MALT>
    <XAUS>44,170000</XAUS>
    <XFRA>44,170000</XFRA>
  </Prezzi>
</NewDataSet>