<?xml version="1.0" standalone="yes"?>
<NewDataSet>
  <xs:schema id="NewDataSet" xmlns="" xmlns:xs="http://www.w3.org/2001/XMLSchema" xmlns:msdata="urn:schemas-microsoft-com:xml-msdata">
    <xs:element name="NewDataSet" msdata:IsDataSet="true" msdata:UseCurrentLocale="true">
      <xs:complexType>
        <xs:choice minOccurs="0" maxOccurs="unbounded">
          <xs:element name="Prezzi">
            <xs:complexType>
              <xs:sequence>
                <xs:element name="Data" type="xs:string" minOccurs="0" />
                <xs:element name="Mercato" type="xs:string" minOccurs="0" />
                <xs:element name="Ora" type="xs:string" minOccurs="0" />
                <xs:element name="PUN" type="xs:string" minOccurs="0" />
                <xs:element name="NAT" type="xs:string" minOccurs="0" />
                <xs:element name="CNOR" type="xs:string" minOccurs="0" />
                <xs:element name="CSUD" type="xs:string" minOccurs="0" />
                <xs:element name="NORD" type="xs:string" minOccurs="0" />
                <xs:element name="SARD" type="xs:string" minOccurs="0" />
                <xs:element name="SICI" type="xs:string" minOccurs="0" />
                <xs:element name="SUD" type="xs:string" minOccurs="0" />
                <xs:element name="AUST" type="xs:string" minOccurs="0" />
                <xs:element name="BRNN" type="xs:string" minOccurs="0" />
                <xs:element name="COAC" type="xs:string" minOccurs="0" />
                <xs:element name="CORS" type="xs:string" minOccurs="0" />
                <xs:element name="FOGN" type="xs:string" minOccurs="0" />
                <xs:element name="FRAN" type="xs:string" minOccurs="0" />
                <xs:element name="GREC" type="xs:string" minOccurs="0" />
                <xs:element name="MFTV" type="xs:string" minOccurs="0" />
                <xs:element name="PRGP" type="xs:string" minOccurs="0" />
                <xs:element name="ROSN" type="xs:string" minOccurs="0" />
                <xs:element name="SLOV" type="xs:string" minOccurs="0" />
                <xs:element name="SVIZ" type="xs:string" minOccurs="0" />
                <xs:element name="BSP" type="xs:string" minOccurs="0" />
                <xs:element name="MALT" type="xs:string" minOccurs="0" />
                <xs:element name="XAUS" type="xs:string" minOccurs="0" />
                <xs:element name="XFRA" type="xs:string" minOccurs="0" />
              </xs:sequence>
            </xs:complexType>
          </xs:element>
        </xs:choice>
      </xs:complexType>
    </xs:element>
  </xs:schema>
  <Prezzi>
    <Data>20151004</Data>
    <Mercato>MGP</Mercato>
    <Ora>1</Ora>
    <PUN>40,978600</PUN>
    <NAT>41,690000</NAT>
    <CNOR>39,810720</CNOR>
    <CSUD>39,810720</CSUD>
    <NORD>39,810720</NORD>
    <SARD>39,810720</SARD>
    <SICI>58,930000</SICI>
    <SUD>39,810720</SUD>
    <AUST>39,810720</AUST>
    <BRNN>39,810720</BRNN>
    <COAC>39,810720</COAC>
    <CORS>3000,000000</CORS>
    <FOGN>39,810720</FOGN>
    <FRAN>39,810720</FRAN>
    <GREC>39,810720</GREC>
    <MFTV>39,810720</MFTV>
    <PRGP>58,930000</PRGP>
    <ROSN>39,810720</ROSN>
    <SLOV>39,810720</SLOV>
    <SVIZ>39,810720</SVIZ>
    <BSP>39,810720</BSP>
    <MALT>58,930000</MALT>
    <XAUS>39,810720</XAUS>
    <XFRA>39,810720</XFRA>
  </Prezzi>
  <Prezzi>
    <Data>20151004</Data>
    <Mercato>MGP</Mercato>
    <Ora>2</Ora>
    <PUN>39,857100</PUN>
    <NAT>39,290000</NAT>
    <CNOR>38,180480</CNOR>
    <CSUD>39,260000</CSUD>
    <NORD>38,180480</NORD>
    <SARD>39,260000</SARD>
    <SICI>58,930000</SICI>
    <SUD>39,260000</SUD>
    <AUST>38,180480</AUST>
    <BRNN>39,260000</BRNN>
    <COAC>39,260000</COAC>
    <CORS>3000,000000</CORS>
    <FOGN>39,260000</FOGN>
    <FRAN>38,180480</FRAN>
    <GREC>39,260000</GREC>
    <MFTV>38,180480</MFTV>
    <PRGP>58,930000</PRGP>
    <ROSN>39,260000</ROSN>
    <SLOV>38,180480</SLOV>
    <SVIZ>38,180480</SVIZ>
    <BSP>38,180480</BSP>
    <MALT>58,930000</MALT>
    <XAUS>38,180480</XAUS>
    <XFRA>38,180480</XFRA>
  </Prezzi>
  <Prezzi>
    <Data>20151004</Data>
    <Mercato>MGP</Mercato>
    <Ora>3</Ora>
    <PUN>36,569070</PUN>
    <NAT>36,190000</NAT>
    <CNOR>35,116430</CNOR>
    <CSUD>35,116430</CSUD>
    <NORD>35,116430</NORD>
    <SARD>35,116430</SARD>
    <SICI>58,930000</SICI>
    <SUD>35,116430</SUD>
    <AUST>35,116430</AUST>
    <BRNN>35,116430</BRNN>
    <COAC>35,116430</COAC>
    <CORS>3000,000000</CORS>
    <FOGN>35,116430</FOGN>
    <FRAN>35,116430</FRAN>
    <GREC>35,116430</GREC>
    <MFTV>35,116430</MFTV>
    <PRGP>58,930000</PRGP>
    <ROSN>35,116430</ROSN>
    <SLOV>35,116430</SLOV>
    <SVIZ>35,116430</SVIZ>
    <BSP>35,116430</BSP>
    <MALT>58,930000</MALT>
    <XAUS>35,116430</XAUS>
    <XFRA>35,116430</XFRA>
  </Prezzi>
  <Prezzi>
    <Data>20151004</Data>
    <Mercato>MGP</Mercato>
    <Ora>4</Ora>
    <PUN>34,326310</PUN>
    <NAT>34,580000</NAT>
    <CNOR>32,922200</CNOR>
    <CSUD>32,922200</CSUD>
    <NORD>32,922200</NORD>
    <SARD>32,922200</SARD>
    <SICI>56,130000</SICI>
    <SUD>32,922200</SUD>
    <AUST>32,922200</AUST>
    <BRNN>32,922200</BRNN>
    <COAC>32,922200</COAC>
    <CORS>3000,000000</CORS>
    <FOGN>32,922200</FOGN>
    <FRAN>32,922200</FRAN>
    <GREC>32,922200</GREC>
    <MFTV>32,922200</MFTV>
    <PRGP>56,130000</PRGP>
    <ROSN>32,922200</ROSN>
    <SLOV>32,922200</SLOV>
    <SVIZ>32,922200</SVIZ>
    <BSP>32,922200</BSP>
    <MALT>56,130000</MALT>
    <XAUS>32,922200</XAUS>
    <XFRA>32,922200</XFRA>
  </Prezzi>
  <Prezzi>
    <Data>20151004</Data>
    <Mercato>MGP</Mercato>
    <Ora>5</Ora>
    <PUN>32,507420</PUN>
    <NAT>32,620000</NAT>
    <CNOR>30,108870</CNOR>
    <CSUD>32,500000</CSUD>
    <NORD>30,108870</NORD>
    <SARD>32,500000</SARD>
    <SICI>56,130000</SICI>
    <SUD>32,500000</SUD>
    <AUST>30,108870</AUST>
    <BRNN>32,500000</BRNN>
    <COAC>32,500000</COAC>
    <CORS>3000,000000</CORS>
    <FOGN>32,500000</FOGN>
    <FRAN>30,108870</FRAN>
    <GREC>32,500000</GREC>
    <MFTV>30,108870</MFTV>
    <PRGP>56,130000</PRGP>
    <ROSN>32,500000</ROSN>
    <SLOV>30,108870</SLOV>
    <SVIZ>30,108870</SVIZ>
    <BSP>30,108870</BSP>
    <MALT>56,130000</MALT>
    <XAUS>30,108870</XAUS>
    <XFRA>30,108870</XFRA>
  </Prezzi>
  <Prezzi>
    <Data>20151004</Data>
    <Mercato>MGP</Mercato>
    <Ora>6</Ora>
    <PUN>31,891850</PUN>
    <NAT>32,500000</NAT>
    <CNOR>29,537070</CNOR>
    <CSUD>32,500000</CSUD>
    <NORD>29,537070</NORD>
    <SARD>32,500000</SARD>
    <SICI>51,990000</SICI>
    <SUD>32,500000</SUD>
    <AUST>29,537070</AUST>
    <BRNN>32,500000</BRNN>
    <COAC>32,500000</COAC>
    <CORS>3000,000000</CORS>
    <FOGN>32,500000</FOGN>
    <FRAN>29,537070</FRAN>
    <GREC>32,500000</GREC>
    <MFTV>29,537070</MFTV>
    <PRGP>51,990000</PRGP>
    <ROSN>32,500000</ROSN>
    <SLOV>29,537070</SLOV>
    <SVIZ>29,537070</SVIZ>
    <BSP>29,537070</BSP>
    <MALT>51,990000</MALT>
    <XAUS>29,537070</XAUS>
    <XFRA>29,537070</XFRA>
  </Prezzi>
  <Prezzi>
    <Data>20151004</Data>
    <Mercato>MGP</Mercato>
    <Ora>7</Ora>
    <PUN>34,321780</PUN>
    <NAT>35,000000</NAT>
    <CNOR>33,000000</CNOR>
    <CSUD>33,000000</CSUD>
    <NORD>33,000000</NORD>
    <SARD>33,000000</SARD>
    <SICI>56,130000</SICI>
    <SUD>33,000000</SUD>
    <AUST>33,000000</AUST>
    <BRNN>33,000000</BRNN>
    <COAC>33,000000</COAC>
    <CORS>3000,000000</CORS>
    <FOGN>33,000000</FOGN>
    <FRAN>33,000000</FRAN>
    <GREC>33,000000</GREC>
    <MFTV>33,000000</MFTV>
    <PRGP>56,130000</PRGP>
    <ROSN>33,000000</ROSN>
    <SLOV>33,000000</SLOV>
    <SVIZ>33,000000</SVIZ>
    <BSP>33,000000</BSP>
    <MALT>56,130000</MALT>
    <XAUS>33,000000</XAUS>
    <XFRA>33,000000</XFRA>
  </Prezzi>
  <Prezzi>
    <Data>20151004</Data>
    <Mercato>MGP</Mercato>
    <Ora>8</Ora>
    <PUN>36,254750</PUN>
    <NAT>35,610000</NAT>
    <CNOR>34,980000</CNOR>
    <CSUD>34,980000</CSUD>
    <NORD>34,980000</NORD>
    <SARD>34,980000</SARD>
    <SICI>58,930000</SICI>
    <SUD>34,980000</SUD>
    <AUST>34,980000</AUST>
    <BRNN>34,980000</BRNN>
    <COAC>34,980000</COAC>
    <CORS>3000,000000</CORS>
    <FOGN>34,980000</FOGN>
    <FRAN>34,980000</FRAN>
    <GREC>34,980000</GREC>
    <MFTV>34,980000</MFTV>
    <PRGP>58,930000</PRGP>
    <ROSN>34,980000</ROSN>
    <SLOV>34,980000</SLOV>
    <SVIZ>34,980000</SVIZ>
    <BSP>34,980000</BSP>
    <MALT>58,930000</MALT>
    <XAUS>34,980000</XAUS>
    <XFRA>34,980000</XFRA>
  </Prezzi>
  <Prezzi>
    <Data>20151004</Data>
    <Mercato>MGP</Mercato>
    <Ora>9</Ora>
    <PUN>42,577500</PUN>
    <NAT>40,310000</NAT>
    <CNOR>41,610000</CNOR>
    <CSUD>41,610000</CSUD>
    <NORD>41,610000</NORD>
    <SARD>41,610000</SARD>
    <SICI>58,930000</SICI>
    <SUD>41,610000</SUD>
    <AUST>41,610000</AUST>
    <BRNN>41,610000</BRNN>
    <COAC>41,610000</COAC>
    <CORS>3000,000000</CORS>
    <FOGN>41,610000</FOGN>
    <FRAN>41,610000</FRAN>
    <GREC>41,610000</GREC>
    <MFTV>41,610000</MFTV>
    <PRGP>58,930000</PRGP>
    <ROSN>0,000000</ROSN>
    <SLOV>41,610000</SLOV>
    <SVIZ>41,610000</SVIZ>
    <BSP>41,610000</BSP>
    <MALT>58,930000</MALT>
    <XAUS>41,610000</XAUS>
    <XFRA>41,610000</XFRA>
  </Prezzi>
  <Prezzi>
    <Data>20151004</Data>
    <Mercato>MGP</Mercato>
    <Ora>10</Ora>
    <PUN>44,321300</PUN>
    <NAT>43,000000</NAT>
    <CNOR>43,440000</CNOR>
    <CSUD>43,440000</CSUD>
    <NORD>43,440000</NORD>
    <SARD>43,440000</SARD>
    <SICI>58,930000</SICI>
    <SUD>43,440000</SUD>
    <AUST>43,440000</AUST>
    <BRNN>43,440000</BRNN>
    <COAC>43,440000</COAC>
    <CORS>3000,000000</CORS>
    <FOGN>43,440000</FOGN>
    <FRAN>43,440000</FRAN>
    <GREC>43,440000</GREC>
    <MFTV>43,440000</MFTV>
    <PRGP>58,930000</PRGP>
    <ROSN>0,000000</ROSN>
    <SLOV>43,440000</SLOV>
    <SVIZ>43,440000</SVIZ>
    <BSP>43,440000</BSP>
    <MALT>58,930000</MALT>
    <XAUS>43,440000</XAUS>
    <XFRA>43,440000</XFRA>
  </Prezzi>
  <Prezzi>
    <Data>20151004</Data>
    <Mercato>MGP</Mercato>
    <Ora>11</Ora>
    <PUN>44,589980</PUN>
    <NAT>43,480000</NAT>
    <CNOR>43,740000</CNOR>
    <CSUD>43,740000</CSUD>
    <NORD>43,740000</NORD>
    <SARD>43,740000</SARD>
    <SICI>58,930000</SICI>
    <SUD>43,740000</SUD>
    <AUST>43,740000</AUST>
    <BRNN>43,740000</BRNN>
    <COAC>43,740000</COAC>
    <CORS>3000,000000</CORS>
    <FOGN>43,740000</FOGN>
    <FRAN>43,740000</FRAN>
    <GREC>43,740000</GREC>
    <MFTV>43,740000</MFTV>
    <PRGP>58,930000</PRGP>
    <ROSN>0,000000</ROSN>
    <SLOV>43,740000</SLOV>
    <SVIZ>43,740000</SVIZ>
    <BSP>43,740000</BSP>
    <MALT>58,930000</MALT>
    <XAUS>43,740000</XAUS>
    <XFRA>43,740000</XFRA>
  </Prezzi>
  <Prezzi>
    <Data>20151004</Data>
    <Mercato>MGP</Mercato>
    <Ora>12</Ora>
    <PUN>42,723340</PUN>
    <NAT>41,610000</NAT>
    <CNOR>42,000000</CNOR>
    <CSUD>42,000000</CSUD>
    <NORD>42,000000</NORD>
    <SARD>42,000000</SARD>
    <SICI>55,000000</SICI>
    <SUD>42,000000</SUD>
    <AUST>42,000000</AUST>
    <BRNN>42,000000</BRNN>
    <COAC>42,000000</COAC>
    <CORS>3000,000000</CORS>
    <FOGN>42,000000</FOGN>
    <FRAN>42,000000</FRAN>
    <GREC>42,000000</GREC>
    <MFTV>42,000000</MFTV>
    <PRGP>55,000000</PRGP>
    <ROSN>0,000000</ROSN>
    <SLOV>42,000000</SLOV>
    <SVIZ>42,000000</SVIZ>
    <BSP>42,000000</BSP>
    <MALT>55,000000</MALT>
    <XAUS>42,000000</XAUS>
    <XFRA>42,000000</XFRA>
  </Prezzi>
  <Prezzi>
    <Data>20151004</Data>
    <Mercato>MGP</Mercato>
    <Ora>13</Ora>
    <PUN>41,839600</PUN>
    <NAT>41,000000</NAT>
    <CNOR>41,500000</CNOR>
    <CSUD>41,500000</CSUD>
    <NORD>41,500000</NORD>
    <SARD>41,500000</SARD>
    <SICI>50,990000</SICI>
    <SUD>39,640000</SUD>
    <AUST>41,500000</AUST>
    <BRNN>39,640000</BRNN>
    <COAC>41,500000</COAC>
    <CORS>3000,000000</CORS>
    <FOGN>39,640000</FOGN>
    <FRAN>41,500000</FRAN>
    <GREC>39,640000</GREC>
    <MFTV>41,500000</MFTV>
    <PRGP>50,990000</PRGP>
    <ROSN>0,000000</ROSN>
    <SLOV>41,500000</SLOV>
    <SVIZ>41,500000</SVIZ>
    <BSP>41,500000</BSP>
    <MALT>50,990000</MALT>
    <XAUS>41,500000</XAUS>
    <XFRA>41,500000</XFRA>
  </Prezzi>
  <Prezzi>
    <Data>20151004</Data>
    <Mercato>MGP</Mercato>
    <Ora>14</Ora>
    <PUN>37,195250</PUN>
    <NAT>36,770000</NAT>
    <CNOR>37,260000</CNOR>
    <CSUD>37,260000</CSUD>
    <NORD>37,260000</NORD>
    <SARD>37,260000</SARD>
    <SICI>36,080000</SICI>
    <SUD>37,260000</SUD>
    <AUST>37,260000</AUST>
    <BRNN>37,260000</BRNN>
    <COAC>37,260000</COAC>
    <CORS>3000,000000</CORS>
    <FOGN>37,260000</FOGN>
    <FRAN>37,260000</FRAN>
    <GREC>37,260000</GREC>
    <MFTV>37,260000</MFTV>
    <PRGP>36,080000</PRGP>
    <ROSN>0,000000</ROSN>
    <SLOV>37,260000</SLOV>
    <SVIZ>37,260000</SVIZ>
    <BSP>37,260000</BSP>
    <MALT>36,080000</MALT>
    <XAUS>37,260000</XAUS>
    <XFRA>37,260000</XFRA>
  </Prezzi>
  <Prezzi>
    <Data>20151004</Data>
    <Mercato>MGP</Mercato>
    <Ora>15</Ora>
    <PUN>39,336440</PUN>
    <NAT>37,240000</NAT>
    <CNOR>39,530000</CNOR>
    <CSUD>39,530000</CSUD>
    <NORD>39,530000</NORD>
    <SARD>39,530000</SARD>
    <SICI>36,080000</SICI>
    <SUD>39,530000</SUD>
    <AUST>39,530000</AUST>
    <BRNN>39,530000</BRNN>
    <COAC>39,530000</COAC>
    <CORS>3000,000000</CORS>
    <FOGN>39,530000</FOGN>
    <FRAN>39,530000</FRAN>
    <GREC>39,530000</GREC>
    <MFTV>39,530000</MFTV>
    <PRGP>36,080000</PRGP>
    <ROSN>0,000000</ROSN>
    <SLOV>39,530000</SLOV>
    <SVIZ>39,530000</SVIZ>
    <BSP>39,530000</BSP>
    <MALT>36,080000</MALT>
    <XAUS>39,530000</XAUS>
    <XFRA>39,530000</XFRA>
  </Prezzi>
  <Prezzi>
    <Data>20151004</Data>
    <Mercato>MGP</Mercato>
    <Ora>16</Ora>
    <PUN>40,734990</PUN>
    <NAT>39,150000</NAT>
    <CNOR>41,000000</CNOR>
    <CSUD>41,000000</CSUD>
    <NORD>41,000000</NORD>
    <SARD>41,000000</SARD>
    <SICI>36,080000</SICI>
    <SUD>41,000000</SUD>
    <AUST>41,000000</AUST>
    <BRNN>41,000000</BRNN>
    <COAC>41,000000</COAC>
    <CORS>3000,000000</CORS>
    <FOGN>41,000000</FOGN>
    <FRAN>41,000000</FRAN>
    <GREC>41,000000</GREC>
    <MFTV>41,000000</MFTV>
    <PRGP>36,080000</PRGP>
    <ROSN>0,000000</ROSN>
    <SLOV>41,000000</SLOV>
    <SVIZ>41,000000</SVIZ>
    <BSP>41,000000</BSP>
    <MALT>36,080000</MALT>
    <XAUS>41,000000</XAUS>
    <XFRA>41,000000</XFRA>
  </Prezzi>
  <Prezzi>
    <Data>20151004</Data>
    <Mercato>MGP</Mercato>
    <Ora>17</Ora>
    <PUN>45,009430</PUN>
    <NAT>43,970000</NAT>
    <CNOR>44,440000</CNOR>
    <CSUD>44,440000</CSUD>
    <NORD>44,440000</NORD>
    <SARD>44,440000</SARD>
    <SICI>55,000000</SICI>
    <SUD>44,440000</SUD>
    <AUST>44,440000</AUST>
    <BRNN>44,440000</BRNN>
    <COAC>44,440000</COAC>
    <CORS>3000,000000</CORS>
    <FOGN>44,440000</FOGN>
    <FRAN>44,440000</FRAN>
    <GREC>44,440000</GREC>
    <MFTV>44,440000</MFTV>
    <PRGP>55,000000</PRGP>
    <ROSN>0,000000</ROSN>
    <SLOV>44,440000</SLOV>
    <SVIZ>44,440000</SVIZ>
    <BSP>44,440000</BSP>
    <MALT>55,000000</MALT>
    <XAUS>44,440000</XAUS>
    <XFRA>44,440000</XFRA>
  </Prezzi>
  <Prezzi>
    <Data>20151004</Data>
    <Mercato>MGP</Mercato>
    <Ora>18</Ora>
    <PUN>46,472060</PUN>
    <NAT>47,000000</NAT>
    <CNOR>45,750000</CNOR>
    <CSUD>45,750000</CSUD>
    <NORD>45,750000</NORD>
    <SARD>45,750000</SARD>
    <SICI>58,930000</SICI>
    <SUD>45,750000</SUD>
    <AUST>45,750000</AUST>
    <BRNN>45,750000</BRNN>
    <COAC>45,750000</COAC>
    <CORS>3000,000000</CORS>
    <FOGN>45,750000</FOGN>
    <FRAN>45,750000</FRAN>
    <GREC>45,750000</GREC>
    <MFTV>45,750000</MFTV>
    <PRGP>58,930000</PRGP>
    <ROSN>45,750000</ROSN>
    <SLOV>45,750000</SLOV>
    <SVIZ>45,750000</SVIZ>
    <BSP>45,750000</BSP>
    <MALT>58,930000</MALT>
    <XAUS>45,750000</XAUS>
    <XFRA>45,750000</XFRA>
  </Prezzi>
  <Prezzi>
    <Data>20151004</Data>
    <Mercato>MGP</Mercato>
    <Ora>19</Ora>
    <PUN>49,592280</PUN>
    <NAT>51,400000</NAT>
    <CNOR>48,990000</CNOR>
    <CSUD>48,990000</CSUD>
    <NORD>48,990000</NORD>
    <SARD>48,990000</SARD>
    <SICI>59,150000</SICI>
    <SUD>48,990000</SUD>
    <AUST>48,990000</AUST>
    <BRNN>48,990000</BRNN>
    <COAC>48,990000</COAC>
    <CORS>3000,000000</CORS>
    <FOGN>48,990000</FOGN>
    <FRAN>48,990000</FRAN>
    <GREC>48,990000</GREC>
    <MFTV>48,990000</MFTV>
    <PRGP>59,150000</PRGP>
    <ROSN>48,990000</ROSN>
    <SLOV>48,990000</SLOV>
    <SVIZ>48,990000</SVIZ>
    <BSP>48,990000</BSP>
    <MALT>59,150000</MALT>
    <XAUS>48,990000</XAUS>
    <XFRA>48,990000</XFRA>
  </Prezzi>
  <Prezzi>
    <Data>20151004</Data>
    <Mercato>MGP</Mercato>
    <Ora>20</Ora>
    <PUN>56,314580</PUN>
    <NAT>59,150000</NAT>
    <CNOR>55,990000</CNOR>
    <CSUD>55,990000</CSUD>
    <NORD>55,990000</NORD>
    <SARD>57,180000</SARD>
    <SICI>60,830000</SICI>
    <SUD>55,990000</SUD>
    <AUST>55,990000</AUST>
    <BRNN>55,990000</BRNN>
    <COAC>57,180000</COAC>
    <CORS>3000,000000</CORS>
    <FOGN>55,990000</FOGN>
    <FRAN>55,990000</FRAN>
    <GREC>55,990000</GREC>
    <MFTV>55,990000</MFTV>
    <PRGP>60,830000</PRGP>
    <ROSN>55,990000</ROSN>
    <SLOV>55,990000</SLOV>
    <SVIZ>55,990000</SVIZ>
    <BSP>55,990000</BSP>
    <MALT>60,830000</MALT>
    <XAUS>55,990000</XAUS>
    <XFRA>55,990000</XFRA>
  </Prezzi>
  <Prezzi>
    <Data>20151004</Data>
    <Mercato>MGP</Mercato>
    <Ora>21</Ora>
    <PUN>51,958850</PUN>
    <NAT>54,020000</NAT>
    <CNOR>51,170000</CNOR>
    <CSUD>51,170000</CSUD>
    <NORD>51,170000</NORD>
    <SARD>57,180000</SARD>
    <SICI>60,830000</SICI>
    <SUD>51,170000</SUD>
    <AUST>51,170000</AUST>
    <BRNN>51,170000</BRNN>
    <COAC>57,180000</COAC>
    <CORS>3000,000000</CORS>
    <FOGN>51,170000</FOGN>
    <FRAN>51,170000</FRAN>
    <GREC>51,170000</GREC>
    <MFTV>51,170000</MFTV>
    <PRGP>60,830000</PRGP>
    <ROSN>51,170000</ROSN>
    <SLOV>51,170000</SLOV>
    <SVIZ>51,170000</SVIZ>
    <BSP>51,170000</BSP>
    <MALT>60,830000</MALT>
    <XAUS>51,170000</XAUS>
    <XFRA>51,170000</XFRA>
  </Prezzi>
  <Prezzi>
    <Data>20151004</Data>
    <Mercato>MGP</Mercato>
    <Ora>22</Ora>
    <PUN>47,884790</PUN>
    <NAT>50,870000</NAT>
    <CNOR>48,100000</CNOR>
    <CSUD>48,100000</CSUD>
    <NORD>46,070000</NORD>
    <SARD>48,100000</SARD>
    <SICI>60,400000</SICI>
    <SUD>48,100000</SUD>
    <AUST>46,070000</AUST>
    <BRNN>48,100000</BRNN>
    <COAC>48,100000</COAC>
    <CORS>3000,000000</CORS>
    <FOGN>48,100000</FOGN>
    <FRAN>46,070000</FRAN>
    <GREC>48,100000</GREC>
    <MFTV>46,070000</MFTV>
    <PRGP>60,400000</PRGP>
    <ROSN>48,100000</ROSN>
    <SLOV>46,070000</SLOV>
    <SVIZ>46,070000</SVIZ>
    <BSP>46,070000</BSP>
    <MALT>60,400000</MALT>
    <XAUS>46,070000</XAUS>
    <XFRA>46,070000</XFRA>
  </Prezzi>
  <Prezzi>
    <Data>20151004</Data>
    <Mercato>MGP</Mercato>
    <Ora>23</Ora>
    <PUN>43,986040</PUN>
    <NAT>44,220000</NAT>
    <CNOR>43,000000</CNOR>
    <CSUD>43,000000</CSUD>
    <NORD>43,000000</NORD>
    <SARD>43,000000</SARD>
    <SICI>59,150000</SICI>
    <SUD>43,000000</SUD>
    <AUST>43,000000</AUST>
    <BRNN>43,000000</BRNN>
    <COAC>43,000000</COAC>
    <CORS>3000,000000</CORS>
    <FOGN>43,000000</FOGN>
    <FRAN>43,000000</FRAN>
    <GREC>43,000000</GREC>
    <MFTV>43,000000</MFTV>
    <PRGP>59,150000</PRGP>
    <ROSN>43,000000</ROSN>
    <SLOV>43,000000</SLOV>
    <SVIZ>43,000000</SVIZ>
    <BSP>43,000000</BSP>
    <MALT>59,150000</MALT>
    <XAUS>43,000000</XAUS>
    <XFRA>43,000000</XFRA>
  </Prezzi>
  <Prezzi>
    <Data>20151004</Data>
    <Mercato>MGP</Mercato>
    <Ora>24</Ora>
    <PUN>39,841100</PUN>
    <NAT>39,630000</NAT>
    <CNOR>39,290000</CNOR>
    <CSUD>39,290000</CSUD>
    <NORD>37,853690</NORD>
    <SARD>39,290000</SARD>
    <SICI>58,930000</SICI>
    <SUD>39,290000</SUD>
    <AUST>37,853690</AUST>
    <BRNN>39,290000</BRNN>
    <COAC>39,290000</COAC>
    <CORS>3000,000000</CORS>
    <FOGN>39,290000</FOGN>
    <FRAN>37,853690</FRAN>
    <GREC>39,290000</GREC>
    <MFTV>37,853690</MFTV>
    <PRGP>58,930000</PRGP>
    <ROSN>39,290000</ROSN>
    <SLOV>37,853690</SLOV>
    <SVIZ>37,853690</SVIZ>
    <BSP>37,853690</BSP>
    <MALT>58,930000</MALT>
    <XAUS>37,853690</XAUS>
    <XFRA>37,853690</XFRA>
  </Prezzi>
</NewDataSet>