<?xml version="1.0" standalone="yes"?>
<NewDataSet>
  <xs:schema id="NewDataSet" xmlns="" xmlns:xs="http://www.w3.org/2001/XMLSchema" xmlns:msdata="urn:schemas-microsoft-com:xml-msdata">
    <xs:element name="NewDataSet" msdata:IsDataSet="true" msdata:UseCurrentLocale="true">
      <xs:complexType>
        <xs:choice minOccurs="0" maxOccurs="unbounded">
          <xs:element name="Prezzi">
            <xs:complexType>
              <xs:sequence>
                <xs:element name="Data" type="xs:string" minOccurs="0" />
                <xs:element name="Mercato" type="xs:string" minOccurs="0" />
                <xs:element name="Ora" type="xs:string" minOccurs="0" />
                <xs:element name="PUN" type="xs:string" minOccurs="0" />
                <xs:element name="NAT" type="xs:string" minOccurs="0" />
                <xs:element name="CNOR" type="xs:string" minOccurs="0" />
                <xs:element name="CSUD" type="xs:string" minOccurs="0" />
                <xs:element name="NORD" type="xs:string" minOccurs="0" />
                <xs:element name="SARD" type="xs:string" minOccurs="0" />
                <xs:element name="SICI" type="xs:string" minOccurs="0" />
                <xs:element name="SUD" type="xs:string" minOccurs="0" />
                <xs:element name="AUST" type="xs:string" minOccurs="0" />
                <xs:element name="BRNN" type="xs:string" minOccurs="0" />
                <xs:element name="COAC" type="xs:string" minOccurs="0" />
                <xs:element name="CORS" type="xs:string" minOccurs="0" />
                <xs:element name="FOGN" type="xs:string" minOccurs="0" />
                <xs:element name="FRAN" type="xs:string" minOccurs="0" />
                <xs:element name="GREC" type="xs:string" minOccurs="0" />
                <xs:element name="MFTV" type="xs:string" minOccurs="0" />
                <xs:element name="PRGP" type="xs:string" minOccurs="0" />
                <xs:element name="ROSN" type="xs:string" minOccurs="0" />
                <xs:element name="SLOV" type="xs:string" minOccurs="0" />
                <xs:element name="SVIZ" type="xs:string" minOccurs="0" />
                <xs:element name="BSP" type="xs:string" minOccurs="0" />
                <xs:element name="MALT" type="xs:string" minOccurs="0" />
                <xs:element name="XAUS" type="xs:string" minOccurs="0" />
                <xs:element name="XFRA" type="xs:string" minOccurs="0" />
              </xs:sequence>
            </xs:complexType>
          </xs:element>
        </xs:choice>
      </xs:complexType>
    </xs:element>
  </xs:schema>
  <Prezzi>
    <Data>20151028</Data>
    <Mercato>MGP</Mercato>
    <Ora>1</Ora>
    <PUN>42,828790</PUN>
    <NAT>42,500000</NAT>
    <CNOR>42,020000</CNOR>
    <CSUD>42,020000</CSUD>
    <NORD>42,020000</NORD>
    <SARD>42,020000</SARD>
    <SICI>57,990000</SICI>
    <SUD>42,020000</SUD>
    <AUST>42,020000</AUST>
    <BRNN>42,020000</BRNN>
    <COAC>42,020000</COAC>
    <CORS>42,020000</CORS>
    <FOGN>42,020000</FOGN>
    <FRAN>42,020000</FRAN>
    <GREC>42,020000</GREC>
    <MFTV>42,020000</MFTV>
    <PRGP>57,990000</PRGP>
    <ROSN>42,020000</ROSN>
    <SLOV>42,020000</SLOV>
    <SVIZ>42,020000</SVIZ>
    <BSP>42,020000</BSP>
    <MALT>57,990000</MALT>
    <XAUS>42,020000</XAUS>
    <XFRA>42,020000</XFRA>
  </Prezzi>
  <Prezzi>
    <Data>20151028</Data>
    <Mercato>MGP</Mercato>
    <Ora>2</Ora>
    <PUN>40,577450</PUN>
    <NAT>39,560000</NAT>
    <CNOR>39,520000</CNOR>
    <CSUD>39,520000</CSUD>
    <NORD>39,520000</NORD>
    <SARD>39,520000</SARD>
    <SICI>58,750000</SICI>
    <SUD>39,520000</SUD>
    <AUST>39,520000</AUST>
    <BRNN>39,520000</BRNN>
    <COAC>39,520000</COAC>
    <CORS>39,520000</CORS>
    <FOGN>39,520000</FOGN>
    <FRAN>39,520000</FRAN>
    <GREC>39,520000</GREC>
    <MFTV>39,520000</MFTV>
    <PRGP>58,750000</PRGP>
    <ROSN>39,520000</ROSN>
    <SLOV>39,520000</SLOV>
    <SVIZ>39,520000</SVIZ>
    <BSP>39,520000</BSP>
    <MALT>58,750000</MALT>
    <XAUS>39,520000</XAUS>
    <XFRA>39,520000</XFRA>
  </Prezzi>
  <Prezzi>
    <Data>20151028</Data>
    <Mercato>MGP</Mercato>
    <Ora>3</Ora>
    <PUN>39,091700</PUN>
    <NAT>38,000000</NAT>
    <CNOR>38,000000</CNOR>
    <CSUD>38,000000</CSUD>
    <NORD>38,000000</NORD>
    <SARD>38,000000</SARD>
    <SICI>58,750000</SICI>
    <SUD>38,000000</SUD>
    <AUST>38,000000</AUST>
    <BRNN>38,000000</BRNN>
    <COAC>38,000000</COAC>
    <CORS>38,000000</CORS>
    <FOGN>38,000000</FOGN>
    <FRAN>38,000000</FRAN>
    <GREC>38,000000</GREC>
    <MFTV>38,000000</MFTV>
    <PRGP>58,750000</PRGP>
    <ROSN>38,000000</ROSN>
    <SLOV>38,000000</SLOV>
    <SVIZ>38,000000</SVIZ>
    <BSP>38,000000</BSP>
    <MALT>58,750000</MALT>
    <XAUS>38,000000</XAUS>
    <XFRA>38,000000</XFRA>
  </Prezzi>
  <Prezzi>
    <Data>20151028</Data>
    <Mercato>MGP</Mercato>
    <Ora>4</Ora>
    <PUN>38,000000</PUN>
    <NAT>38,000000</NAT>
    <CNOR>38,000000</CNOR>
    <CSUD>38,000000</CSUD>
    <NORD>38,000000</NORD>
    <SARD>38,000000</SARD>
    <SICI>38,000000</SICI>
    <SUD>38,000000</SUD>
    <AUST>38,000000</AUST>
    <BRNN>38,000000</BRNN>
    <COAC>38,000000</COAC>
    <CORS>38,000000</CORS>
    <FOGN>38,000000</FOGN>
    <FRAN>38,000000</FRAN>
    <GREC>38,000000</GREC>
    <MFTV>38,000000</MFTV>
    <PRGP>38,000000</PRGP>
    <ROSN>38,000000</ROSN>
    <SLOV>38,000000</SLOV>
    <SVIZ>38,000000</SVIZ>
    <BSP>38,000000</BSP>
    <MALT>38,000000</MALT>
    <XAUS>38,000000</XAUS>
    <XFRA>38,000000</XFRA>
  </Prezzi>
  <Prezzi>
    <Data>20151028</Data>
    <Mercato>MGP</Mercato>
    <Ora>5</Ora>
    <PUN>38,000000</PUN>
    <NAT>38,000000</NAT>
    <CNOR>38,000000</CNOR>
    <CSUD>38,000000</CSUD>
    <NORD>38,000000</NORD>
    <SARD>38,000000</SARD>
    <SICI>38,000000</SICI>
    <SUD>38,000000</SUD>
    <AUST>38,000000</AUST>
    <BRNN>38,000000</BRNN>
    <COAC>38,000000</COAC>
    <CORS>38,000000</CORS>
    <FOGN>38,000000</FOGN>
    <FRAN>38,000000</FRAN>
    <GREC>38,000000</GREC>
    <MFTV>38,000000</MFTV>
    <PRGP>38,000000</PRGP>
    <ROSN>38,000000</ROSN>
    <SLOV>38,000000</SLOV>
    <SVIZ>38,000000</SVIZ>
    <BSP>38,000000</BSP>
    <MALT>38,000000</MALT>
    <XAUS>38,000000</XAUS>
    <XFRA>38,000000</XFRA>
  </Prezzi>
  <Prezzi>
    <Data>20151028</Data>
    <Mercato>MGP</Mercato>
    <Ora>6</Ora>
    <PUN>40,734960</PUN>
    <NAT>40,000000</NAT>
    <CNOR>39,830000</CNOR>
    <CSUD>39,830000</CSUD>
    <NORD>39,830000</NORD>
    <SARD>39,830000</SARD>
    <SICI>58,750000</SICI>
    <SUD>39,830000</SUD>
    <AUST>39,830000</AUST>
    <BRNN>39,830000</BRNN>
    <COAC>39,830000</COAC>
    <CORS>39,830000</CORS>
    <FOGN>39,830000</FOGN>
    <FRAN>39,830000</FRAN>
    <GREC>39,830000</GREC>
    <MFTV>39,830000</MFTV>
    <PRGP>58,750000</PRGP>
    <ROSN>39,830000</ROSN>
    <SLOV>39,830000</SLOV>
    <SVIZ>39,830000</SVIZ>
    <BSP>39,830000</BSP>
    <MALT>58,750000</MALT>
    <XAUS>39,830000</XAUS>
    <XFRA>39,830000</XFRA>
  </Prezzi>
  <Prezzi>
    <Data>20151028</Data>
    <Mercato>MGP</Mercato>
    <Ora>7</Ora>
    <PUN>51,950000</PUN>
    <NAT>51,870000</NAT>
    <CNOR>51,631630</CNOR>
    <CSUD>51,631630</CSUD>
    <NORD>51,631630</NORD>
    <SARD>51,631630</SARD>
    <SICI>58,750000</SICI>
    <SUD>51,631630</SUD>
    <AUST>51,631630</AUST>
    <BRNN>51,631630</BRNN>
    <COAC>51,631630</COAC>
    <CORS>51,631630</CORS>
    <FOGN>51,631630</FOGN>
    <FRAN>51,631630</FRAN>
    <GREC>51,631630</GREC>
    <MFTV>51,631630</MFTV>
    <PRGP>58,750000</PRGP>
    <ROSN>51,631630</ROSN>
    <SLOV>51,631630</SLOV>
    <SVIZ>51,631630</SVIZ>
    <BSP>51,631630</BSP>
    <MALT>58,750000</MALT>
    <XAUS>51,631630</XAUS>
    <XFRA>51,631630</XFRA>
  </Prezzi>
  <Prezzi>
    <Data>20151028</Data>
    <Mercato>MGP</Mercato>
    <Ora>8</Ora>
    <PUN>53,640000</PUN>
    <NAT>54,470000</NAT>
    <CNOR>53,310370</CNOR>
    <CSUD>53,310370</CSUD>
    <NORD>53,310370</NORD>
    <SARD>53,310370</SARD>
    <SICI>60,420000</SICI>
    <SUD>53,310370</SUD>
    <AUST>53,310370</AUST>
    <BRNN>53,310370</BRNN>
    <COAC>53,310370</COAC>
    <CORS>53,310370</CORS>
    <FOGN>53,310370</FOGN>
    <FRAN>53,310370</FRAN>
    <GREC>53,310370</GREC>
    <MFTV>53,310370</MFTV>
    <PRGP>60,420000</PRGP>
    <ROSN>53,310370</ROSN>
    <SLOV>53,310370</SLOV>
    <SVIZ>53,310370</SVIZ>
    <BSP>53,310370</BSP>
    <MALT>60,420000</MALT>
    <XAUS>53,310370</XAUS>
    <XFRA>53,310370</XFRA>
  </Prezzi>
  <Prezzi>
    <Data>20151028</Data>
    <Mercato>MGP</Mercato>
    <Ora>9</Ora>
    <PUN>63,614880</PUN>
    <NAT>62,430000</NAT>
    <CNOR>64,990000</CNOR>
    <CSUD>60,420000</CSUD>
    <NORD>64,990000</NORD>
    <SARD>60,420000</SARD>
    <SICI>60,420000</SICI>
    <SUD>60,420000</SUD>
    <AUST>64,990000</AUST>
    <BRNN>60,420000</BRNN>
    <COAC>60,420000</COAC>
    <CORS>64,990000</CORS>
    <FOGN>60,420000</FOGN>
    <FRAN>64,990000</FRAN>
    <GREC>60,420000</GREC>
    <MFTV>64,990000</MFTV>
    <PRGP>60,420000</PRGP>
    <ROSN>60,420000</ROSN>
    <SLOV>64,990000</SLOV>
    <SVIZ>64,990000</SVIZ>
    <BSP>64,990000</BSP>
    <MALT>60,420000</MALT>
    <XAUS>64,990000</XAUS>
    <XFRA>64,990000</XFRA>
  </Prezzi>
  <Prezzi>
    <Data>20151028</Data>
    <Mercato>MGP</Mercato>
    <Ora>10</Ora>
    <PUN>59,937740</PUN>
    <NAT>59,790000</NAT>
    <CNOR>62,990000</CNOR>
    <CSUD>52,000000</CSUD>
    <NORD>62,990000</NORD>
    <SARD>52,000000</SARD>
    <SICI>58,000000</SICI>
    <SUD>52,000000</SUD>
    <AUST>62,990000</AUST>
    <BRNN>52,000000</BRNN>
    <COAC>52,000000</COAC>
    <CORS>62,990000</CORS>
    <FOGN>52,000000</FOGN>
    <FRAN>62,990000</FRAN>
    <GREC>52,000000</GREC>
    <MFTV>62,990000</MFTV>
    <PRGP>58,000000</PRGP>
    <ROSN>52,000000</ROSN>
    <SLOV>62,990000</SLOV>
    <SVIZ>62,990000</SVIZ>
    <BSP>62,990000</BSP>
    <MALT>58,000000</MALT>
    <XAUS>62,990000</XAUS>
    <XFRA>62,990000</XFRA>
  </Prezzi>
  <Prezzi>
    <Data>20151028</Data>
    <Mercato>MGP</Mercato>
    <Ora>11</Ora>
    <PUN>53,537490</PUN>
    <NAT>51,500000</NAT>
    <CNOR>57,030000</CNOR>
    <CSUD>45,000000</CSUD>
    <NORD>57,030000</NORD>
    <SARD>45,000000</SARD>
    <SICI>45,000000</SICI>
    <SUD>45,000000</SUD>
    <AUST>57,030000</AUST>
    <BRNN>45,000000</BRNN>
    <COAC>45,000000</COAC>
    <CORS>57,030000</CORS>
    <FOGN>45,000000</FOGN>
    <FRAN>57,030000</FRAN>
    <GREC>45,000000</GREC>
    <MFTV>57,030000</MFTV>
    <PRGP>45,000000</PRGP>
    <ROSN>45,000000</ROSN>
    <SLOV>57,030000</SLOV>
    <SVIZ>57,030000</SVIZ>
    <BSP>57,030000</BSP>
    <MALT>45,000000</MALT>
    <XAUS>57,030000</XAUS>
    <XFRA>57,030000</XFRA>
  </Prezzi>
  <Prezzi>
    <Data>20151028</Data>
    <Mercato>MGP</Mercato>
    <Ora>12</Ora>
    <PUN>57,181590</PUN>
    <NAT>53,930000</NAT>
    <CNOR>61,588930</CNOR>
    <CSUD>47,200000</CSUD>
    <NORD>61,588930</NORD>
    <SARD>47,200000</SARD>
    <SICI>47,200000</SICI>
    <SUD>47,200000</SUD>
    <AUST>61,588930</AUST>
    <BRNN>47,200000</BRNN>
    <COAC>47,200000</COAC>
    <CORS>61,588930</CORS>
    <FOGN>47,200000</FOGN>
    <FRAN>61,588930</FRAN>
    <GREC>47,200000</GREC>
    <MFTV>61,588930</MFTV>
    <PRGP>47,200000</PRGP>
    <ROSN>47,200000</ROSN>
    <SLOV>61,588930</SLOV>
    <SVIZ>61,588930</SVIZ>
    <BSP>61,588930</BSP>
    <MALT>47,200000</MALT>
    <XAUS>61,588930</XAUS>
    <XFRA>61,588930</XFRA>
  </Prezzi>
  <Prezzi>
    <Data>20151028</Data>
    <Mercato>MGP</Mercato>
    <Ora>13</Ora>
    <PUN>52,885430</PUN>
    <NAT>51,500000</NAT>
    <CNOR>58,000000</CNOR>
    <CSUD>41,500000</CSUD>
    <NORD>58,000000</NORD>
    <SARD>41,500000</SARD>
    <SICI>41,500000</SICI>
    <SUD>41,500000</SUD>
    <AUST>58,000000</AUST>
    <BRNN>41,500000</BRNN>
    <COAC>41,500000</COAC>
    <CORS>58,000000</CORS>
    <FOGN>41,500000</FOGN>
    <FRAN>58,000000</FRAN>
    <GREC>41,500000</GREC>
    <MFTV>58,000000</MFTV>
    <PRGP>41,500000</PRGP>
    <ROSN>41,500000</ROSN>
    <SLOV>58,000000</SLOV>
    <SVIZ>58,000000</SVIZ>
    <BSP>58,000000</BSP>
    <MALT>41,500000</MALT>
    <XAUS>58,000000</XAUS>
    <XFRA>58,000000</XFRA>
  </Prezzi>
  <Prezzi>
    <Data>20151028</Data>
    <Mercato>MGP</Mercato>
    <Ora>14</Ora>
    <PUN>53,972970</PUN>
    <NAT>51,500000</NAT>
    <CNOR>59,225380</CNOR>
    <CSUD>41,500000</CSUD>
    <NORD>59,225380</NORD>
    <SARD>41,500000</SARD>
    <SICI>41,500000</SICI>
    <SUD>41,500000</SUD>
    <AUST>59,225380</AUST>
    <BRNN>41,500000</BRNN>
    <COAC>41,500000</COAC>
    <CORS>59,225380</CORS>
    <FOGN>41,500000</FOGN>
    <FRAN>59,225380</FRAN>
    <GREC>41,500000</GREC>
    <MFTV>59,225380</MFTV>
    <PRGP>41,500000</PRGP>
    <ROSN>41,500000</ROSN>
    <SLOV>59,225380</SLOV>
    <SVIZ>59,225380</SVIZ>
    <BSP>59,225380</BSP>
    <MALT>41,500000</MALT>
    <XAUS>59,225380</XAUS>
    <XFRA>59,225380</XFRA>
  </Prezzi>
  <Prezzi>
    <Data>20151028</Data>
    <Mercato>MGP</Mercato>
    <Ora>15</Ora>
    <PUN>63,720000</PUN>
    <NAT>54,890000</NAT>
    <CNOR>72,423220</CNOR>
    <CSUD>42,340000</CSUD>
    <NORD>72,423220</NORD>
    <SARD>42,340000</SARD>
    <SICI>42,340000</SICI>
    <SUD>42,340000</SUD>
    <AUST>72,423220</AUST>
    <BRNN>42,340000</BRNN>
    <COAC>42,340000</COAC>
    <CORS>72,423220</CORS>
    <FOGN>42,340000</FOGN>
    <FRAN>72,423220</FRAN>
    <GREC>42,340000</GREC>
    <MFTV>72,423220</MFTV>
    <PRGP>42,340000</PRGP>
    <ROSN>42,340000</ROSN>
    <SLOV>72,423220</SLOV>
    <SVIZ>72,423220</SVIZ>
    <BSP>72,423220</BSP>
    <MALT>42,340000</MALT>
    <XAUS>72,423220</XAUS>
    <XFRA>72,423220</XFRA>
  </Prezzi>
  <Prezzi>
    <Data>20151028</Data>
    <Mercato>MGP</Mercato>
    <Ora>16</Ora>
    <PUN>65,120000</PUN>
    <NAT>60,420000</NAT>
    <CNOR>70,553850</CNOR>
    <CSUD>50,180000</CSUD>
    <NORD>70,553850</NORD>
    <SARD>50,180000</SARD>
    <SICI>60,330000</SICI>
    <SUD>50,180000</SUD>
    <AUST>70,553850</AUST>
    <BRNN>50,180000</BRNN>
    <COAC>50,180000</COAC>
    <CORS>70,553850</CORS>
    <FOGN>50,180000</FOGN>
    <FRAN>70,553850</FRAN>
    <GREC>50,180000</GREC>
    <MFTV>70,553850</MFTV>
    <PRGP>60,330000</PRGP>
    <ROSN>50,180000</ROSN>
    <SLOV>70,553850</SLOV>
    <SVIZ>70,553850</SVIZ>
    <BSP>70,553850</BSP>
    <MALT>60,330000</MALT>
    <XAUS>70,553850</XAUS>
    <XFRA>70,553850</XFRA>
  </Prezzi>
  <Prezzi>
    <Data>20151028</Data>
    <Mercato>MGP</Mercato>
    <Ora>17</Ora>
    <PUN>67,660000</PUN>
    <NAT>61,990000</NAT>
    <CNOR>73,271290</CNOR>
    <CSUD>53,250000</CSUD>
    <NORD>73,271290</NORD>
    <SARD>53,250000</SARD>
    <SICI>60,420000</SICI>
    <SUD>53,250000</SUD>
    <AUST>73,271290</AUST>
    <BRNN>53,250000</BRNN>
    <COAC>53,250000</COAC>
    <CORS>73,271290</CORS>
    <FOGN>53,250000</FOGN>
    <FRAN>73,271290</FRAN>
    <GREC>53,250000</GREC>
    <MFTV>73,271290</MFTV>
    <PRGP>60,420000</PRGP>
    <ROSN>53,250000</ROSN>
    <SLOV>73,271290</SLOV>
    <SVIZ>73,271290</SVIZ>
    <BSP>73,271290</BSP>
    <MALT>60,420000</MALT>
    <XAUS>73,271290</XAUS>
    <XFRA>73,271290</XFRA>
  </Prezzi>
  <Prezzi>
    <Data>20151028</Data>
    <Mercato>MGP</Mercato>
    <Ora>18</Ora>
    <PUN>69,840000</PUN>
    <NAT>69,840000</NAT>
    <CNOR>70,438300</CNOR>
    <CSUD>69,990000</CSUD>
    <NORD>70,438300</NORD>
    <SARD>69,990000</SARD>
    <SICI>60,420000</SICI>
    <SUD>69,990000</SUD>
    <AUST>70,438300</AUST>
    <BRNN>69,990000</BRNN>
    <COAC>69,990000</COAC>
    <CORS>70,438300</CORS>
    <FOGN>69,990000</FOGN>
    <FRAN>70,438300</FRAN>
    <GREC>69,990000</GREC>
    <MFTV>70,438300</MFTV>
    <PRGP>60,420000</PRGP>
    <ROSN>69,990000</ROSN>
    <SLOV>70,438300</SLOV>
    <SVIZ>70,438300</SVIZ>
    <BSP>70,438300</BSP>
    <MALT>60,420000</MALT>
    <XAUS>70,438300</XAUS>
    <XFRA>70,438300</XFRA>
  </Prezzi>
  <Prezzi>
    <Data>20151028</Data>
    <Mercato>MGP</Mercato>
    <Ora>19</Ora>
    <PUN>72,330000</PUN>
    <NAT>72,330000</NAT>
    <CNOR>72,414550</CNOR>
    <CSUD>72,414550</CSUD>
    <NORD>72,414550</NORD>
    <SARD>72,414550</SARD>
    <SICI>70,770000</SICI>
    <SUD>72,414550</SUD>
    <AUST>72,414550</AUST>
    <BRNN>72,414550</BRNN>
    <COAC>72,414550</COAC>
    <CORS>72,414550</CORS>
    <FOGN>72,414550</FOGN>
    <FRAN>72,414550</FRAN>
    <GREC>72,414550</GREC>
    <MFTV>72,414550</MFTV>
    <PRGP>70,770000</PRGP>
    <ROSN>72,414550</ROSN>
    <SLOV>72,414550</SLOV>
    <SVIZ>72,414550</SVIZ>
    <BSP>72,414550</BSP>
    <MALT>70,770000</MALT>
    <XAUS>72,414550</XAUS>
    <XFRA>72,414550</XFRA>
  </Prezzi>
  <Prezzi>
    <Data>20151028</Data>
    <Mercato>MGP</Mercato>
    <Ora>20</Ora>
    <PUN>82,487120</PUN>
    <NAT>79,990000</NAT>
    <CNOR>83,160000</CNOR>
    <CSUD>83,160000</CSUD>
    <NORD>83,160000</NORD>
    <SARD>83,160000</SARD>
    <SICI>70,770000</SICI>
    <SUD>83,160000</SUD>
    <AUST>83,160000</AUST>
    <BRNN>83,160000</BRNN>
    <COAC>83,160000</COAC>
    <CORS>83,160000</CORS>
    <FOGN>83,160000</FOGN>
    <FRAN>83,160000</FRAN>
    <GREC>83,160000</GREC>
    <MFTV>83,160000</MFTV>
    <PRGP>70,770000</PRGP>
    <ROSN>83,160000</ROSN>
    <SLOV>83,160000</SLOV>
    <SVIZ>83,160000</SVIZ>
    <BSP>83,160000</BSP>
    <MALT>70,770000</MALT>
    <XAUS>83,160000</XAUS>
    <XFRA>83,160000</XFRA>
  </Prezzi>
  <Prezzi>
    <Data>20151028</Data>
    <Mercato>MGP</Mercato>
    <Ora>21</Ora>
    <PUN>56,782930</PUN>
    <NAT>59,800000</NAT>
    <CNOR>56,010000</CNOR>
    <CSUD>56,010000</CSUD>
    <NORD>56,010000</NORD>
    <SARD>56,010000</SARD>
    <SICI>69,400000</SICI>
    <SUD>56,010000</SUD>
    <AUST>56,010000</AUST>
    <BRNN>56,010000</BRNN>
    <COAC>56,010000</COAC>
    <CORS>56,010000</CORS>
    <FOGN>56,010000</FOGN>
    <FRAN>56,010000</FRAN>
    <GREC>56,010000</GREC>
    <MFTV>56,010000</MFTV>
    <PRGP>69,400000</PRGP>
    <ROSN>56,010000</ROSN>
    <SLOV>56,010000</SLOV>
    <SVIZ>56,010000</SVIZ>
    <BSP>56,010000</BSP>
    <MALT>69,400000</MALT>
    <XAUS>56,010000</XAUS>
    <XFRA>56,010000</XFRA>
  </Prezzi>
  <Prezzi>
    <Data>20151028</Data>
    <Mercato>MGP</Mercato>
    <Ora>22</Ora>
    <PUN>51,844540</PUN>
    <NAT>53,010000</NAT>
    <CNOR>51,320000</CNOR>
    <CSUD>51,320000</CSUD>
    <NORD>51,320000</NORD>
    <SARD>51,320000</SARD>
    <SICI>60,420000</SICI>
    <SUD>51,320000</SUD>
    <AUST>51,320000</AUST>
    <BRNN>51,320000</BRNN>
    <COAC>51,320000</COAC>
    <CORS>51,320000</CORS>
    <FOGN>51,320000</FOGN>
    <FRAN>51,320000</FRAN>
    <GREC>51,320000</GREC>
    <MFTV>51,320000</MFTV>
    <PRGP>60,420000</PRGP>
    <ROSN>51,320000</ROSN>
    <SLOV>51,320000</SLOV>
    <SVIZ>51,320000</SVIZ>
    <BSP>51,320000</BSP>
    <MALT>60,420000</MALT>
    <XAUS>51,320000</XAUS>
    <XFRA>51,320000</XFRA>
  </Prezzi>
  <Prezzi>
    <Data>20151028</Data>
    <Mercato>MGP</Mercato>
    <Ora>23</Ora>
    <PUN>49,540460</PUN>
    <NAT>51,000000</NAT>
    <CNOR>48,880000</CNOR>
    <CSUD>48,880000</CSUD>
    <NORD>48,880000</NORD>
    <SARD>48,880000</SARD>
    <SICI>60,420000</SICI>
    <SUD>48,880000</SUD>
    <AUST>48,880000</AUST>
    <BRNN>48,880000</BRNN>
    <COAC>48,880000</COAC>
    <CORS>48,880000</CORS>
    <FOGN>48,880000</FOGN>
    <FRAN>48,880000</FRAN>
    <GREC>48,880000</GREC>
    <MFTV>48,880000</MFTV>
    <PRGP>60,420000</PRGP>
    <ROSN>48,880000</ROSN>
    <SLOV>48,880000</SLOV>
    <SVIZ>48,880000</SVIZ>
    <BSP>48,880000</BSP>
    <MALT>60,420000</MALT>
    <XAUS>48,880000</XAUS>
    <XFRA>48,880000</XFRA>
  </Prezzi>
  <Prezzi>
    <Data>20151028</Data>
    <Mercato>MGP</Mercato>
    <Ora>24</Ora>
    <PUN>47,033550</PUN>
    <NAT>47,000000</NAT>
    <CNOR>46,250000</CNOR>
    <CSUD>46,250000</CSUD>
    <NORD>46,250000</NORD>
    <SARD>46,250000</SARD>
    <SICI>59,990000</SICI>
    <SUD>46,250000</SUD>
    <AUST>46,250000</AUST>
    <BRNN>46,250000</BRNN>
    <COAC>46,250000</COAC>
    <CORS>46,250000</CORS>
    <FOGN>46,250000</FOGN>
    <FRAN>46,250000</FRAN>
    <GREC>46,250000</GREC>
    <MFTV>46,250000</MFTV>
    <PRGP>59,990000</PRGP>
    <ROSN>46,250000</ROSN>
    <SLOV>46,250000</SLOV>
    <SVIZ>46,250000</SVIZ>
    <BSP>46,250000</BSP>
    <MALT>59,990000</MALT>
    <XAUS>46,250000</XAUS>
    <XFRA>46,250000</XFRA>
  </Prezzi>
</NewDataSet>