<?xml version="1.0" standalone="yes"?>
<NewDataSet>
  <xs:schema id="NewDataSet" xmlns="" xmlns:xs="http://www.w3.org/2001/XMLSchema" xmlns:msdata="urn:schemas-microsoft-com:xml-msdata">
    <xs:element name="NewDataSet" msdata:IsDataSet="true" msdata:UseCurrentLocale="true">
      <xs:complexType>
        <xs:choice minOccurs="0" maxOccurs="unbounded">
          <xs:element name="Prezzi">
            <xs:complexType>
              <xs:sequence>
                <xs:element name="Data" type="xs:string" minOccurs="0" />
                <xs:element name="Mercato" type="xs:string" minOccurs="0" />
                <xs:element name="Ora" type="xs:string" minOccurs="0" />
                <xs:element name="PUN" type="xs:string" minOccurs="0" />
                <xs:element name="NAT" type="xs:string" minOccurs="0" />
                <xs:element name="CNOR" type="xs:string" minOccurs="0" />
                <xs:element name="CSUD" type="xs:string" minOccurs="0" />
                <xs:element name="NORD" type="xs:string" minOccurs="0" />
                <xs:element name="SARD" type="xs:string" minOccurs="0" />
                <xs:element name="SICI" type="xs:string" minOccurs="0" />
                <xs:element name="SUD" type="xs:string" minOccurs="0" />
                <xs:element name="AUST" type="xs:string" minOccurs="0" />
                <xs:element name="BRNN" type="xs:string" minOccurs="0" />
                <xs:element name="COAC" type="xs:string" minOccurs="0" />
                <xs:element name="CORS" type="xs:string" minOccurs="0" />
                <xs:element name="FOGN" type="xs:string" minOccurs="0" />
                <xs:element name="FRAN" type="xs:string" minOccurs="0" />
                <xs:element name="GREC" type="xs:string" minOccurs="0" />
                <xs:element name="MFTV" type="xs:string" minOccurs="0" />
                <xs:element name="PRGP" type="xs:string" minOccurs="0" />
                <xs:element name="ROSN" type="xs:string" minOccurs="0" />
                <xs:element name="SLOV" type="xs:string" minOccurs="0" />
                <xs:element name="SVIZ" type="xs:string" minOccurs="0" />
                <xs:element name="BSP" type="xs:string" minOccurs="0" />
                <xs:element name="MALT" type="xs:string" minOccurs="0" />
                <xs:element name="XAUS" type="xs:string" minOccurs="0" />
                <xs:element name="XFRA" type="xs:string" minOccurs="0" />
              </xs:sequence>
            </xs:complexType>
          </xs:element>
        </xs:choice>
      </xs:complexType>
    </xs:element>
  </xs:schema>
  <Prezzi>
    <Data>20151011</Data>
    <Mercato>MGP</Mercato>
    <Ora>1</Ora>
    <PUN>39,528380</PUN>
    <NAT>39,000000</NAT>
    <CNOR>38,389360</CNOR>
    <CSUD>38,389360</CSUD>
    <NORD>38,389360</NORD>
    <SARD>38,389360</SARD>
    <SICI>56,130000</SICI>
    <SUD>38,389360</SUD>
    <AUST>38,389360</AUST>
    <BRNN>38,389360</BRNN>
    <COAC>38,389360</COAC>
    <CORS>3000,000000</CORS>
    <FOGN>38,389360</FOGN>
    <FRAN>38,389360</FRAN>
    <GREC>38,389360</GREC>
    <MFTV>38,389360</MFTV>
    <PRGP>56,130000</PRGP>
    <ROSN>38,389360</ROSN>
    <SLOV>38,389360</SLOV>
    <SVIZ>38,389360</SVIZ>
    <BSP>38,389360</BSP>
    <MALT>56,130000</MALT>
    <XAUS>38,389360</XAUS>
    <XFRA>38,389360</XFRA>
  </Prezzi>
  <Prezzi>
    <Data>20151011</Data>
    <Mercato>MGP</Mercato>
    <Ora>2</Ora>
    <PUN>34,351780</PUN>
    <NAT>34,420000</NAT>
    <CNOR>33,630940</CNOR>
    <CSUD>33,630940</CSUD>
    <NORD>33,630940</NORD>
    <SARD>33,630940</SARD>
    <SICI>44,990000</SICI>
    <SUD>33,630940</SUD>
    <AUST>33,630940</AUST>
    <BRNN>33,630940</BRNN>
    <COAC>33,630940</COAC>
    <CORS>3000,000000</CORS>
    <FOGN>33,630940</FOGN>
    <FRAN>33,630940</FRAN>
    <GREC>33,630940</GREC>
    <MFTV>33,630940</MFTV>
    <PRGP>44,990000</PRGP>
    <ROSN>33,630940</ROSN>
    <SLOV>33,630940</SLOV>
    <SVIZ>33,630940</SVIZ>
    <BSP>33,630940</BSP>
    <MALT>44,990000</MALT>
    <XAUS>33,630940</XAUS>
    <XFRA>33,630940</XFRA>
  </Prezzi>
  <Prezzi>
    <Data>20151011</Data>
    <Mercato>MGP</Mercato>
    <Ora>3</Ora>
    <PUN>30,290630</PUN>
    <NAT>32,000000</NAT>
    <CNOR>30,000000</CNOR>
    <CSUD>30,000000</CSUD>
    <NORD>30,000000</NORD>
    <SARD>30,000000</SARD>
    <SICI>34,610000</SICI>
    <SUD>30,000000</SUD>
    <AUST>30,000000</AUST>
    <BRNN>30,000000</BRNN>
    <COAC>30,000000</COAC>
    <CORS>3000,000000</CORS>
    <FOGN>30,000000</FOGN>
    <FRAN>30,000000</FRAN>
    <GREC>30,000000</GREC>
    <MFTV>30,000000</MFTV>
    <PRGP>34,610000</PRGP>
    <ROSN>30,000000</ROSN>
    <SLOV>30,000000</SLOV>
    <SVIZ>30,000000</SVIZ>
    <BSP>30,000000</BSP>
    <MALT>34,610000</MALT>
    <XAUS>30,000000</XAUS>
    <XFRA>30,000000</XFRA>
  </Prezzi>
  <Prezzi>
    <Data>20151011</Data>
    <Mercato>MGP</Mercato>
    <Ora>4</Ora>
    <PUN>24,354600</PUN>
    <NAT>25,000000</NAT>
    <CNOR>23,838660</CNOR>
    <CSUD>23,838660</CSUD>
    <NORD>23,838660</NORD>
    <SARD>23,838660</SARD>
    <SICI>33,010000</SICI>
    <SUD>23,838660</SUD>
    <AUST>23,838660</AUST>
    <BRNN>23,838660</BRNN>
    <COAC>23,838660</COAC>
    <CORS>3000,000000</CORS>
    <FOGN>23,838660</FOGN>
    <FRAN>23,838660</FRAN>
    <GREC>23,838660</GREC>
    <MFTV>23,838660</MFTV>
    <PRGP>33,010000</PRGP>
    <ROSN>23,838660</ROSN>
    <SLOV>23,838660</SLOV>
    <SVIZ>23,838660</SVIZ>
    <BSP>23,838660</BSP>
    <MALT>33,010000</MALT>
    <XAUS>23,838660</XAUS>
    <XFRA>23,838660</XFRA>
  </Prezzi>
  <Prezzi>
    <Data>20151011</Data>
    <Mercato>MGP</Mercato>
    <Ora>5</Ora>
    <PUN>22,048490</PUN>
    <NAT>22,200000</NAT>
    <CNOR>21,304870</CNOR>
    <CSUD>21,304870</CSUD>
    <NORD>21,304870</NORD>
    <SARD>21,304870</SARD>
    <SICI>34,610000</SICI>
    <SUD>21,304870</SUD>
    <AUST>21,304870</AUST>
    <BRNN>21,304870</BRNN>
    <COAC>21,304870</COAC>
    <CORS>3000,000000</CORS>
    <FOGN>21,304870</FOGN>
    <FRAN>21,304870</FRAN>
    <GREC>21,304870</GREC>
    <MFTV>21,304870</MFTV>
    <PRGP>34,610000</PRGP>
    <ROSN>21,304870</ROSN>
    <SLOV>21,304870</SLOV>
    <SVIZ>21,304870</SVIZ>
    <BSP>21,304870</BSP>
    <MALT>34,610000</MALT>
    <XAUS>21,304870</XAUS>
    <XFRA>21,304870</XFRA>
  </Prezzi>
  <Prezzi>
    <Data>20151011</Data>
    <Mercato>MGP</Mercato>
    <Ora>6</Ora>
    <PUN>24,109960</PUN>
    <NAT>25,000000</NAT>
    <CNOR>22,321970</CNOR>
    <CSUD>22,321970</CSUD>
    <NORD>22,321970</NORD>
    <SARD>22,321970</SARD>
    <SICI>50,990000</SICI>
    <SUD>22,321970</SUD>
    <AUST>22,321970</AUST>
    <BRNN>22,321970</BRNN>
    <COAC>22,321970</COAC>
    <CORS>3000,000000</CORS>
    <FOGN>22,321970</FOGN>
    <FRAN>22,321970</FRAN>
    <GREC>22,321970</GREC>
    <MFTV>22,321970</MFTV>
    <PRGP>50,990000</PRGP>
    <ROSN>22,321970</ROSN>
    <SLOV>22,321970</SLOV>
    <SVIZ>22,321970</SVIZ>
    <BSP>22,321970</BSP>
    <MALT>50,990000</MALT>
    <XAUS>22,321970</XAUS>
    <XFRA>22,321970</XFRA>
  </Prezzi>
  <Prezzi>
    <Data>20151011</Data>
    <Mercato>MGP</Mercato>
    <Ora>7</Ora>
    <PUN>26,043140</PUN>
    <NAT>26,560000</NAT>
    <CNOR>24,850000</CNOR>
    <CSUD>24,850000</CSUD>
    <NORD>24,850000</NORD>
    <SARD>24,850000</SARD>
    <SICI>45,990000</SICI>
    <SUD>24,850000</SUD>
    <AUST>24,850000</AUST>
    <BRNN>24,850000</BRNN>
    <COAC>24,850000</COAC>
    <CORS>3000,000000</CORS>
    <FOGN>24,850000</FOGN>
    <FRAN>24,850000</FRAN>
    <GREC>24,850000</GREC>
    <MFTV>24,850000</MFTV>
    <PRGP>45,990000</PRGP>
    <ROSN>24,850000</ROSN>
    <SLOV>24,850000</SLOV>
    <SVIZ>24,850000</SVIZ>
    <BSP>24,850000</BSP>
    <MALT>45,990000</MALT>
    <XAUS>24,850000</XAUS>
    <XFRA>24,850000</XFRA>
  </Prezzi>
  <Prezzi>
    <Data>20151011</Data>
    <Mercato>MGP</Mercato>
    <Ora>8</Ora>
    <PUN>31,132550</PUN>
    <NAT>32,000000</NAT>
    <CNOR>29,660000</CNOR>
    <CSUD>29,660000</CSUD>
    <NORD>29,660000</NORD>
    <SARD>29,660000</SARD>
    <SICI>55,990000</SICI>
    <SUD>29,660000</SUD>
    <AUST>29,660000</AUST>
    <BRNN>29,660000</BRNN>
    <COAC>29,660000</COAC>
    <CORS>3000,000000</CORS>
    <FOGN>29,660000</FOGN>
    <FRAN>29,660000</FRAN>
    <GREC>29,660000</GREC>
    <MFTV>29,660000</MFTV>
    <PRGP>55,990000</PRGP>
    <ROSN>29,660000</ROSN>
    <SLOV>29,660000</SLOV>
    <SVIZ>29,660000</SVIZ>
    <BSP>29,660000</BSP>
    <MALT>55,990000</MALT>
    <XAUS>29,660000</XAUS>
    <XFRA>29,660000</XFRA>
  </Prezzi>
  <Prezzi>
    <Data>20151011</Data>
    <Mercato>MGP</Mercato>
    <Ora>9</Ora>
    <PUN>38,142670</PUN>
    <NAT>38,030000</NAT>
    <CNOR>37,030000</CNOR>
    <CSUD>37,030000</CSUD>
    <NORD>37,030000</NORD>
    <SARD>37,030000</SARD>
    <SICI>56,130000</SICI>
    <SUD>37,030000</SUD>
    <AUST>37,030000</AUST>
    <BRNN>37,030000</BRNN>
    <COAC>37,030000</COAC>
    <CORS>3000,000000</CORS>
    <FOGN>37,030000</FOGN>
    <FRAN>37,030000</FRAN>
    <GREC>37,030000</GREC>
    <MFTV>37,030000</MFTV>
    <PRGP>56,130000</PRGP>
    <ROSN>37,030000</ROSN>
    <SLOV>37,030000</SLOV>
    <SVIZ>37,030000</SVIZ>
    <BSP>37,030000</BSP>
    <MALT>56,130000</MALT>
    <XAUS>37,030000</XAUS>
    <XFRA>37,030000</XFRA>
  </Prezzi>
  <Prezzi>
    <Data>20151011</Data>
    <Mercato>MGP</Mercato>
    <Ora>10</Ora>
    <PUN>42,372430</PUN>
    <NAT>41,500000</NAT>
    <CNOR>41,500000</CNOR>
    <CSUD>41,500000</CSUD>
    <NORD>41,500000</NORD>
    <SARD>41,500000</SARD>
    <SICI>56,130000</SICI>
    <SUD>41,500000</SUD>
    <AUST>41,500000</AUST>
    <BRNN>41,500000</BRNN>
    <COAC>41,500000</COAC>
    <CORS>3000,000000</CORS>
    <FOGN>41,500000</FOGN>
    <FRAN>41,500000</FRAN>
    <GREC>41,500000</GREC>
    <MFTV>41,500000</MFTV>
    <PRGP>56,130000</PRGP>
    <ROSN>41,500000</ROSN>
    <SLOV>41,500000</SLOV>
    <SVIZ>41,500000</SVIZ>
    <BSP>41,500000</BSP>
    <MALT>56,130000</MALT>
    <XAUS>41,500000</XAUS>
    <XFRA>41,500000</XFRA>
  </Prezzi>
  <Prezzi>
    <Data>20151011</Data>
    <Mercato>MGP</Mercato>
    <Ora>11</Ora>
    <PUN>41,771610</PUN>
    <NAT>41,760000</NAT>
    <CNOR>41,800000</CNOR>
    <CSUD>41,800000</CSUD>
    <NORD>41,800000</NORD>
    <SARD>41,800000</SARD>
    <SICI>41,330000</SICI>
    <SUD>41,800000</SUD>
    <AUST>41,800000</AUST>
    <BRNN>41,800000</BRNN>
    <COAC>41,800000</COAC>
    <CORS>3000,000000</CORS>
    <FOGN>41,800000</FOGN>
    <FRAN>41,800000</FRAN>
    <GREC>41,800000</GREC>
    <MFTV>41,800000</MFTV>
    <PRGP>41,330000</PRGP>
    <ROSN>41,800000</ROSN>
    <SLOV>41,800000</SLOV>
    <SVIZ>41,800000</SVIZ>
    <BSP>41,800000</BSP>
    <MALT>41,330000</MALT>
    <XAUS>41,800000</XAUS>
    <XFRA>41,800000</XFRA>
  </Prezzi>
  <Prezzi>
    <Data>20151011</Data>
    <Mercato>MGP</Mercato>
    <Ora>12</Ora>
    <PUN>39,353240</PUN>
    <NAT>39,020000</NAT>
    <CNOR>39,660000</CNOR>
    <CSUD>39,660000</CSUD>
    <NORD>39,660000</NORD>
    <SARD>39,660000</SARD>
    <SICI>34,610000</SICI>
    <SUD>39,660000</SUD>
    <AUST>39,660000</AUST>
    <BRNN>39,660000</BRNN>
    <COAC>39,660000</COAC>
    <CORS>3000,000000</CORS>
    <FOGN>39,660000</FOGN>
    <FRAN>39,660000</FRAN>
    <GREC>39,660000</GREC>
    <MFTV>39,660000</MFTV>
    <PRGP>34,610000</PRGP>
    <ROSN>39,660000</ROSN>
    <SLOV>39,660000</SLOV>
    <SVIZ>39,660000</SVIZ>
    <BSP>39,660000</BSP>
    <MALT>34,610000</MALT>
    <XAUS>39,660000</XAUS>
    <XFRA>39,660000</XFRA>
  </Prezzi>
  <Prezzi>
    <Data>20151011</Data>
    <Mercato>MGP</Mercato>
    <Ora>13</Ora>
    <PUN>37,085380</PUN>
    <NAT>36,030000</NAT>
    <CNOR>37,352380</CNOR>
    <CSUD>37,352380</CSUD>
    <NORD>37,352380</NORD>
    <SARD>37,352380</SARD>
    <SICI>33,010000</SICI>
    <SUD>37,352380</SUD>
    <AUST>37,352380</AUST>
    <BRNN>37,352380</BRNN>
    <COAC>37,352380</COAC>
    <CORS>3000,000000</CORS>
    <FOGN>37,352380</FOGN>
    <FRAN>37,352380</FRAN>
    <GREC>37,352380</GREC>
    <MFTV>37,352380</MFTV>
    <PRGP>33,010000</PRGP>
    <ROSN>37,352380</ROSN>
    <SLOV>37,352380</SLOV>
    <SVIZ>37,352380</SVIZ>
    <BSP>37,352380</BSP>
    <MALT>33,010000</MALT>
    <XAUS>37,352380</XAUS>
    <XFRA>37,352380</XFRA>
  </Prezzi>
  <Prezzi>
    <Data>20151011</Data>
    <Mercato>MGP</Mercato>
    <Ora>14</Ora>
    <PUN>32,515110</PUN>
    <NAT>33,140000</NAT>
    <CNOR>33,310000</CNOR>
    <CSUD>33,310000</CSUD>
    <NORD>33,310000</NORD>
    <SARD>33,310000</SARD>
    <SICI>20,000000</SICI>
    <SUD>33,310000</SUD>
    <AUST>33,310000</AUST>
    <BRNN>33,310000</BRNN>
    <COAC>33,310000</COAC>
    <CORS>3000,000000</CORS>
    <FOGN>33,310000</FOGN>
    <FRAN>33,310000</FRAN>
    <GREC>33,310000</GREC>
    <MFTV>33,310000</MFTV>
    <PRGP>20,000000</PRGP>
    <ROSN>33,310000</ROSN>
    <SLOV>33,310000</SLOV>
    <SVIZ>33,310000</SVIZ>
    <BSP>33,310000</BSP>
    <MALT>20,000000</MALT>
    <XAUS>33,310000</XAUS>
    <XFRA>33,310000</XFRA>
  </Prezzi>
  <Prezzi>
    <Data>20151011</Data>
    <Mercato>MGP</Mercato>
    <Ora>15</Ora>
    <PUN>32,721540</PUN>
    <NAT>33,200000</NAT>
    <CNOR>33,500000</CNOR>
    <CSUD>33,500000</CSUD>
    <NORD>33,500000</NORD>
    <SARD>33,500000</SARD>
    <SICI>20,000000</SICI>
    <SUD>33,500000</SUD>
    <AUST>33,500000</AUST>
    <BRNN>33,500000</BRNN>
    <COAC>33,500000</COAC>
    <CORS>3000,000000</CORS>
    <FOGN>33,500000</FOGN>
    <FRAN>33,500000</FRAN>
    <GREC>33,500000</GREC>
    <MFTV>33,500000</MFTV>
    <PRGP>20,000000</PRGP>
    <ROSN>33,500000</ROSN>
    <SLOV>33,500000</SLOV>
    <SVIZ>33,500000</SVIZ>
    <BSP>33,500000</BSP>
    <MALT>20,000000</MALT>
    <XAUS>33,500000</XAUS>
    <XFRA>33,500000</XFRA>
  </Prezzi>
  <Prezzi>
    <Data>20151011</Data>
    <Mercato>MGP</Mercato>
    <Ora>16</Ora>
    <PUN>35,000000</PUN>
    <NAT>35,000000</NAT>
    <CNOR>35,122910</CNOR>
    <CSUD>35,122910</CSUD>
    <NORD>35,122910</NORD>
    <SARD>35,122910</SARD>
    <SICI>33,010000</SICI>
    <SUD>35,122910</SUD>
    <AUST>35,122910</AUST>
    <BRNN>35,122910</BRNN>
    <COAC>35,122910</COAC>
    <CORS>3000,000000</CORS>
    <FOGN>35,122910</FOGN>
    <FRAN>35,122910</FRAN>
    <GREC>35,122910</GREC>
    <MFTV>35,122910</MFTV>
    <PRGP>33,010000</PRGP>
    <ROSN>35,122910</ROSN>
    <SLOV>35,122910</SLOV>
    <SVIZ>35,122910</SVIZ>
    <BSP>35,122910</BSP>
    <MALT>33,010000</MALT>
    <XAUS>35,122910</XAUS>
    <XFRA>35,122910</XFRA>
  </Prezzi>
  <Prezzi>
    <Data>20151011</Data>
    <Mercato>MGP</Mercato>
    <Ora>17</Ora>
    <PUN>40,095510</PUN>
    <NAT>39,880000</NAT>
    <CNOR>39,660000</CNOR>
    <CSUD>39,660000</CSUD>
    <NORD>39,660000</NORD>
    <SARD>39,660000</SARD>
    <SICI>46,930000</SICI>
    <SUD>39,660000</SUD>
    <AUST>39,660000</AUST>
    <BRNN>39,660000</BRNN>
    <COAC>39,660000</COAC>
    <CORS>3000,000000</CORS>
    <FOGN>39,660000</FOGN>
    <FRAN>39,660000</FRAN>
    <GREC>39,660000</GREC>
    <MFTV>39,660000</MFTV>
    <PRGP>46,930000</PRGP>
    <ROSN>39,660000</ROSN>
    <SLOV>39,660000</SLOV>
    <SVIZ>39,660000</SVIZ>
    <BSP>39,660000</BSP>
    <MALT>46,930000</MALT>
    <XAUS>39,660000</XAUS>
    <XFRA>39,660000</XFRA>
  </Prezzi>
  <Prezzi>
    <Data>20151011</Data>
    <Mercato>MGP</Mercato>
    <Ora>18</Ora>
    <PUN>42,094220</PUN>
    <NAT>42,000000</NAT>
    <CNOR>41,010000</CNOR>
    <CSUD>41,010000</CSUD>
    <NORD>41,010000</NORD>
    <SARD>41,010000</SARD>
    <SICI>58,540000</SICI>
    <SUD>41,010000</SUD>
    <AUST>41,010000</AUST>
    <BRNN>41,010000</BRNN>
    <COAC>41,010000</COAC>
    <CORS>41,010000</CORS>
    <FOGN>41,010000</FOGN>
    <FRAN>41,010000</FRAN>
    <GREC>41,010000</GREC>
    <MFTV>41,010000</MFTV>
    <PRGP>58,540000</PRGP>
    <ROSN>41,010000</ROSN>
    <SLOV>41,010000</SLOV>
    <SVIZ>41,010000</SVIZ>
    <BSP>41,010000</BSP>
    <MALT>58,540000</MALT>
    <XAUS>41,010000</XAUS>
    <XFRA>41,010000</XFRA>
  </Prezzi>
  <Prezzi>
    <Data>20151011</Data>
    <Mercato>MGP</Mercato>
    <Ora>19</Ora>
    <PUN>47,847450</PUN>
    <NAT>49,880000</NAT>
    <CNOR>47,000000</CNOR>
    <CSUD>47,000000</CSUD>
    <NORD>47,000000</NORD>
    <SARD>47,000000</SARD>
    <SICI>60,420000</SICI>
    <SUD>47,000000</SUD>
    <AUST>47,000000</AUST>
    <BRNN>47,000000</BRNN>
    <COAC>47,000000</COAC>
    <CORS>47,000000</CORS>
    <FOGN>47,000000</FOGN>
    <FRAN>47,000000</FRAN>
    <GREC>47,000000</GREC>
    <MFTV>47,000000</MFTV>
    <PRGP>60,420000</PRGP>
    <ROSN>47,000000</ROSN>
    <SLOV>47,000000</SLOV>
    <SVIZ>47,000000</SVIZ>
    <BSP>47,000000</BSP>
    <MALT>60,420000</MALT>
    <XAUS>47,000000</XAUS>
    <XFRA>47,000000</XFRA>
  </Prezzi>
  <Prezzi>
    <Data>20151011</Data>
    <Mercato>MGP</Mercato>
    <Ora>20</Ora>
    <PUN>57,219930</PUN>
    <NAT>58,560000</NAT>
    <CNOR>60,140000</CNOR>
    <CSUD>60,140000</CSUD>
    <NORD>53,010000</NORD>
    <SARD>60,140000</SARD>
    <SICI>69,810000</SICI>
    <SUD>60,140000</SUD>
    <AUST>53,010000</AUST>
    <BRNN>60,140000</BRNN>
    <COAC>60,140000</COAC>
    <CORS>60,140000</CORS>
    <FOGN>60,140000</FOGN>
    <FRAN>53,010000</FRAN>
    <GREC>60,140000</GREC>
    <MFTV>53,010000</MFTV>
    <PRGP>69,810000</PRGP>
    <ROSN>60,140000</ROSN>
    <SLOV>53,010000</SLOV>
    <SVIZ>53,010000</SVIZ>
    <BSP>53,010000</BSP>
    <MALT>69,810000</MALT>
    <XAUS>53,010000</XAUS>
    <XFRA>53,010000</XFRA>
  </Prezzi>
  <Prezzi>
    <Data>20151011</Data>
    <Mercato>MGP</Mercato>
    <Ora>21</Ora>
    <PUN>51,836470</PUN>
    <NAT>53,370000</NAT>
    <CNOR>56,130000</CNOR>
    <CSUD>56,130000</CSUD>
    <NORD>45,164380</NORD>
    <SARD>56,130000</SARD>
    <SICI>69,810000</SICI>
    <SUD>56,130000</SUD>
    <AUST>45,164380</AUST>
    <BRNN>56,130000</BRNN>
    <COAC>56,130000</COAC>
    <CORS>56,130000</CORS>
    <FOGN>56,130000</FOGN>
    <FRAN>45,164380</FRAN>
    <GREC>56,130000</GREC>
    <MFTV>45,164380</MFTV>
    <PRGP>69,810000</PRGP>
    <ROSN>56,130000</ROSN>
    <SLOV>45,164380</SLOV>
    <SVIZ>45,164380</SVIZ>
    <BSP>45,164380</BSP>
    <MALT>69,810000</MALT>
    <XAUS>45,164380</XAUS>
    <XFRA>45,164380</XFRA>
  </Prezzi>
  <Prezzi>
    <Data>20151011</Data>
    <Mercato>MGP</Mercato>
    <Ora>22</Ora>
    <PUN>47,270810</PUN>
    <NAT>48,380000</NAT>
    <CNOR>49,880000</CNOR>
    <CSUD>49,880000</CSUD>
    <NORD>41,660000</NORD>
    <SARD>49,880000</SARD>
    <SICI>69,810000</SICI>
    <SUD>49,880000</SUD>
    <AUST>41,660000</AUST>
    <BRNN>49,880000</BRNN>
    <COAC>49,880000</COAC>
    <CORS>49,880000</CORS>
    <FOGN>49,880000</FOGN>
    <FRAN>41,660000</FRAN>
    <GREC>49,880000</GREC>
    <MFTV>41,660000</MFTV>
    <PRGP>69,810000</PRGP>
    <ROSN>49,880000</ROSN>
    <SLOV>41,660000</SLOV>
    <SVIZ>41,660000</SVIZ>
    <BSP>41,660000</BSP>
    <MALT>69,810000</MALT>
    <XAUS>41,660000</XAUS>
    <XFRA>41,660000</XFRA>
  </Prezzi>
  <Prezzi>
    <Data>20151011</Data>
    <Mercato>MGP</Mercato>
    <Ora>23</Ora>
    <PUN>44,075560</PUN>
    <NAT>46,070000</NAT>
    <CNOR>44,250000</CNOR>
    <CSUD>44,250000</CSUD>
    <NORD>41,660000</NORD>
    <SARD>44,250000</SARD>
    <SICI>60,420000</SICI>
    <SUD>44,250000</SUD>
    <AUST>41,660000</AUST>
    <BRNN>44,250000</BRNN>
    <COAC>44,250000</COAC>
    <CORS>44,250000</CORS>
    <FOGN>44,250000</FOGN>
    <FRAN>41,660000</FRAN>
    <GREC>44,250000</GREC>
    <MFTV>41,660000</MFTV>
    <PRGP>60,420000</PRGP>
    <ROSN>44,250000</ROSN>
    <SLOV>41,660000</SLOV>
    <SVIZ>41,660000</SVIZ>
    <BSP>41,660000</BSP>
    <MALT>60,420000</MALT>
    <XAUS>41,660000</XAUS>
    <XFRA>41,660000</XFRA>
  </Prezzi>
  <Prezzi>
    <Data>20151011</Data>
    <Mercato>MGP</Mercato>
    <Ora>24</Ora>
    <PUN>42,221980</PUN>
    <NAT>41,380000</NAT>
    <CNOR>40,950000</CNOR>
    <CSUD>40,950000</CSUD>
    <NORD>40,950000</NORD>
    <SARD>40,950000</SARD>
    <SICI>60,400000</SICI>
    <SUD>40,950000</SUD>
    <AUST>40,950000</AUST>
    <BRNN>40,950000</BRNN>
    <COAC>40,950000</COAC>
    <CORS>40,950000</CORS>
    <FOGN>40,950000</FOGN>
    <FRAN>40,950000</FRAN>
    <GREC>40,950000</GREC>
    <MFTV>40,950000</MFTV>
    <PRGP>60,400000</PRGP>
    <ROSN>40,950000</ROSN>
    <SLOV>40,950000</SLOV>
    <SVIZ>40,950000</SVIZ>
    <BSP>40,950000</BSP>
    <MALT>60,400000</MALT>
    <XAUS>40,950000</XAUS>
    <XFRA>40,950000</XFRA>
  </Prezzi>
</NewDataSet>