<?xml version="1.0" standalone="yes"?>
<NewDataSet>
  <xs:schema id="NewDataSet" xmlns="" xmlns:xs="http://www.w3.org/2001/XMLSchema" xmlns:msdata="urn:schemas-microsoft-com:xml-msdata">
    <xs:element name="NewDataSet" msdata:IsDataSet="true" msdata:UseCurrentLocale="true">
      <xs:complexType>
        <xs:choice minOccurs="0" maxOccurs="unbounded">
          <xs:element name="Prezzi">
            <xs:complexType>
              <xs:sequence>
                <xs:element name="Data" type="xs:string" minOccurs="0" />
                <xs:element name="Mercato" type="xs:string" minOccurs="0" />
                <xs:element name="Ora" type="xs:string" minOccurs="0" />
                <xs:element name="PUN" type="xs:string" minOccurs="0" />
                <xs:element name="NAT" type="xs:string" minOccurs="0" />
                <xs:element name="CNOR" type="xs:string" minOccurs="0" />
                <xs:element name="CSUD" type="xs:string" minOccurs="0" />
                <xs:element name="NORD" type="xs:string" minOccurs="0" />
                <xs:element name="SARD" type="xs:string" minOccurs="0" />
                <xs:element name="SICI" type="xs:string" minOccurs="0" />
                <xs:element name="SUD" type="xs:string" minOccurs="0" />
                <xs:element name="AUST" type="xs:string" minOccurs="0" />
                <xs:element name="BRNN" type="xs:string" minOccurs="0" />
                <xs:element name="COAC" type="xs:string" minOccurs="0" />
                <xs:element name="CORS" type="xs:string" minOccurs="0" />
                <xs:element name="FOGN" type="xs:string" minOccurs="0" />
                <xs:element name="FRAN" type="xs:string" minOccurs="0" />
                <xs:element name="GREC" type="xs:string" minOccurs="0" />
                <xs:element name="MFTV" type="xs:string" minOccurs="0" />
                <xs:element name="PRGP" type="xs:string" minOccurs="0" />
                <xs:element name="ROSN" type="xs:string" minOccurs="0" />
                <xs:element name="SLOV" type="xs:string" minOccurs="0" />
                <xs:element name="SVIZ" type="xs:string" minOccurs="0" />
                <xs:element name="BSP" type="xs:string" minOccurs="0" />
                <xs:element name="MALT" type="xs:string" minOccurs="0" />
                <xs:element name="XAUS" type="xs:string" minOccurs="0" />
                <xs:element name="XFRA" type="xs:string" minOccurs="0" />
              </xs:sequence>
            </xs:complexType>
          </xs:element>
        </xs:choice>
      </xs:complexType>
    </xs:element>
  </xs:schema>
  <Prezzi>
    <Data>20151017</Data>
    <Mercato>MGP</Mercato>
    <Ora>1</Ora>
    <PUN>46,222460</PUN>
    <NAT>45,610000</NAT>
    <CNOR>45,010000</CNOR>
    <CSUD>45,010000</CSUD>
    <NORD>45,010000</NORD>
    <SARD>63,450000</SARD>
    <SICI>58,540000</SICI>
    <SUD>45,010000</SUD>
    <AUST>45,010000</AUST>
    <BRNN>45,010000</BRNN>
    <COAC>63,450000</COAC>
    <CORS>45,010000</CORS>
    <FOGN>45,010000</FOGN>
    <FRAN>45,010000</FRAN>
    <GREC>45,010000</GREC>
    <MFTV>45,010000</MFTV>
    <PRGP>58,540000</PRGP>
    <ROSN>45,010000</ROSN>
    <SLOV>45,010000</SLOV>
    <SVIZ>45,010000</SVIZ>
    <BSP>45,010000</BSP>
    <MALT>58,540000</MALT>
    <XAUS>45,010000</XAUS>
    <XFRA>45,010000</XFRA>
  </Prezzi>
  <Prezzi>
    <Data>20151017</Data>
    <Mercato>MGP</Mercato>
    <Ora>2</Ora>
    <PUN>42,619600</PUN>
    <NAT>41,540000</NAT>
    <CNOR>41,190000</CNOR>
    <CSUD>41,190000</CSUD>
    <NORD>41,190000</NORD>
    <SARD>61,870000</SARD>
    <SICI>58,540000</SICI>
    <SUD>41,190000</SUD>
    <AUST>41,190000</AUST>
    <BRNN>41,190000</BRNN>
    <COAC>61,870000</COAC>
    <CORS>41,190000</CORS>
    <FOGN>41,190000</FOGN>
    <FRAN>41,190000</FRAN>
    <GREC>41,190000</GREC>
    <MFTV>41,190000</MFTV>
    <PRGP>58,540000</PRGP>
    <ROSN>41,190000</ROSN>
    <SLOV>41,190000</SLOV>
    <SVIZ>41,190000</SVIZ>
    <BSP>41,190000</BSP>
    <MALT>58,540000</MALT>
    <XAUS>41,190000</XAUS>
    <XFRA>41,190000</XFRA>
  </Prezzi>
  <Prezzi>
    <Data>20151017</Data>
    <Mercato>MGP</Mercato>
    <Ora>3</Ora>
    <PUN>41,908090</PUN>
    <NAT>41,170000</NAT>
    <CNOR>41,120000</CNOR>
    <CSUD>41,120000</CSUD>
    <NORD>41,120000</NORD>
    <SARD>41,510000</SARD>
    <SICI>58,540000</SICI>
    <SUD>41,120000</SUD>
    <AUST>41,120000</AUST>
    <BRNN>41,120000</BRNN>
    <COAC>41,510000</COAC>
    <CORS>41,120000</CORS>
    <FOGN>41,120000</FOGN>
    <FRAN>41,120000</FRAN>
    <GREC>41,120000</GREC>
    <MFTV>41,120000</MFTV>
    <PRGP>58,540000</PRGP>
    <ROSN>41,120000</ROSN>
    <SLOV>41,120000</SLOV>
    <SVIZ>41,120000</SVIZ>
    <BSP>41,120000</BSP>
    <MALT>58,540000</MALT>
    <XAUS>41,120000</XAUS>
    <XFRA>41,120000</XFRA>
  </Prezzi>
  <Prezzi>
    <Data>20151017</Data>
    <Mercato>MGP</Mercato>
    <Ora>4</Ora>
    <PUN>39,691290</PUN>
    <NAT>39,180000</NAT>
    <CNOR>38,820380</CNOR>
    <CSUD>38,820380</CSUD>
    <NORD>38,820380</NORD>
    <SARD>38,820380</SARD>
    <SICI>58,540000</SICI>
    <SUD>38,820380</SUD>
    <AUST>38,820380</AUST>
    <BRNN>38,820380</BRNN>
    <COAC>38,820380</COAC>
    <CORS>38,820380</CORS>
    <FOGN>38,820380</FOGN>
    <FRAN>38,820380</FRAN>
    <GREC>38,820380</GREC>
    <MFTV>38,820380</MFTV>
    <PRGP>58,540000</PRGP>
    <ROSN>38,820380</ROSN>
    <SLOV>38,820380</SLOV>
    <SVIZ>38,820380</SVIZ>
    <BSP>38,820380</BSP>
    <MALT>58,540000</MALT>
    <XAUS>38,820380</XAUS>
    <XFRA>38,820380</XFRA>
  </Prezzi>
  <Prezzi>
    <Data>20151017</Data>
    <Mercato>MGP</Mercato>
    <Ora>5</Ora>
    <PUN>36,253250</PUN>
    <NAT>35,740000</NAT>
    <CNOR>35,268500</CNOR>
    <CSUD>35,268500</CSUD>
    <NORD>35,268500</NORD>
    <SARD>35,268500</SARD>
    <SICI>56,900000</SICI>
    <SUD>35,268500</SUD>
    <AUST>35,268500</AUST>
    <BRNN>35,268500</BRNN>
    <COAC>35,268500</COAC>
    <CORS>35,268500</CORS>
    <FOGN>35,268500</FOGN>
    <FRAN>35,268500</FRAN>
    <GREC>35,268500</GREC>
    <MFTV>35,268500</MFTV>
    <PRGP>56,900000</PRGP>
    <ROSN>35,268500</ROSN>
    <SLOV>35,268500</SLOV>
    <SVIZ>35,268500</SVIZ>
    <BSP>35,268500</BSP>
    <MALT>56,900000</MALT>
    <XAUS>35,268500</XAUS>
    <XFRA>35,268500</XFRA>
  </Prezzi>
  <Prezzi>
    <Data>20151017</Data>
    <Mercato>MGP</Mercato>
    <Ora>6</Ora>
    <PUN>38,252350</PUN>
    <NAT>38,150000</NAT>
    <CNOR>37,226050</CNOR>
    <CSUD>37,226050</CSUD>
    <NORD>37,226050</NORD>
    <SARD>38,000000</SARD>
    <SICI>58,540000</SICI>
    <SUD>37,226050</SUD>
    <AUST>37,226050</AUST>
    <BRNN>37,226050</BRNN>
    <COAC>38,000000</COAC>
    <CORS>38,000000</CORS>
    <FOGN>37,226050</FOGN>
    <FRAN>37,226050</FRAN>
    <GREC>37,226050</GREC>
    <MFTV>37,226050</MFTV>
    <PRGP>58,540000</PRGP>
    <ROSN>37,226050</ROSN>
    <SLOV>37,226050</SLOV>
    <SVIZ>37,226050</SVIZ>
    <BSP>37,226050</BSP>
    <MALT>58,540000</MALT>
    <XAUS>37,226050</XAUS>
    <XFRA>37,226050</XFRA>
  </Prezzi>
  <Prezzi>
    <Data>20151017</Data>
    <Mercato>MGP</Mercato>
    <Ora>7</Ora>
    <PUN>41,526500</PUN>
    <NAT>40,010000</NAT>
    <CNOR>39,980000</CNOR>
    <CSUD>39,980000</CSUD>
    <NORD>39,980000</NORD>
    <SARD>61,870000</SARD>
    <SICI>58,540000</SICI>
    <SUD>39,980000</SUD>
    <AUST>39,980000</AUST>
    <BRNN>39,980000</BRNN>
    <COAC>61,870000</COAC>
    <CORS>39,980000</CORS>
    <FOGN>39,980000</FOGN>
    <FRAN>39,980000</FRAN>
    <GREC>39,980000</GREC>
    <MFTV>39,980000</MFTV>
    <PRGP>58,540000</PRGP>
    <ROSN>39,980000</ROSN>
    <SLOV>39,980000</SLOV>
    <SVIZ>39,980000</SVIZ>
    <BSP>39,980000</BSP>
    <MALT>58,540000</MALT>
    <XAUS>39,980000</XAUS>
    <XFRA>39,980000</XFRA>
  </Prezzi>
  <Prezzi>
    <Data>20151017</Data>
    <Mercato>MGP</Mercato>
    <Ora>8</Ora>
    <PUN>44,468740</PUN>
    <NAT>44,670000</NAT>
    <CNOR>43,080000</CNOR>
    <CSUD>43,080000</CSUD>
    <NORD>43,080000</NORD>
    <SARD>63,450000</SARD>
    <SICI>58,750000</SICI>
    <SUD>43,080000</SUD>
    <AUST>43,080000</AUST>
    <BRNN>43,080000</BRNN>
    <COAC>63,450000</COAC>
    <CORS>43,080000</CORS>
    <FOGN>43,080000</FOGN>
    <FRAN>43,080000</FRAN>
    <GREC>43,080000</GREC>
    <MFTV>43,080000</MFTV>
    <PRGP>58,750000</PRGP>
    <ROSN>43,080000</ROSN>
    <SLOV>43,080000</SLOV>
    <SVIZ>43,080000</SVIZ>
    <BSP>43,080000</BSP>
    <MALT>58,750000</MALT>
    <XAUS>43,080000</XAUS>
    <XFRA>43,080000</XFRA>
  </Prezzi>
  <Prezzi>
    <Data>20151017</Data>
    <Mercato>MGP</Mercato>
    <Ora>9</Ora>
    <PUN>47,885290</PUN>
    <NAT>49,220000</NAT>
    <CNOR>46,640000</CNOR>
    <CSUD>46,640000</CSUD>
    <NORD>46,640000</NORD>
    <SARD>63,450000</SARD>
    <SICI>60,420000</SICI>
    <SUD>46,640000</SUD>
    <AUST>46,640000</AUST>
    <BRNN>46,640000</BRNN>
    <COAC>63,450000</COAC>
    <CORS>46,640000</CORS>
    <FOGN>46,640000</FOGN>
    <FRAN>46,640000</FRAN>
    <GREC>46,640000</GREC>
    <MFTV>46,640000</MFTV>
    <PRGP>60,420000</PRGP>
    <ROSN>46,640000</ROSN>
    <SLOV>46,640000</SLOV>
    <SVIZ>46,640000</SVIZ>
    <BSP>46,640000</BSP>
    <MALT>60,420000</MALT>
    <XAUS>46,640000</XAUS>
    <XFRA>46,640000</XFRA>
  </Prezzi>
  <Prezzi>
    <Data>20151017</Data>
    <Mercato>MGP</Mercato>
    <Ora>10</Ora>
    <PUN>48,763070</PUN>
    <NAT>49,220000</NAT>
    <CNOR>48,133890</CNOR>
    <CSUD>48,133890</CSUD>
    <NORD>48,133890</NORD>
    <SARD>63,450000</SARD>
    <SICI>60,420000</SICI>
    <SUD>44,190000</SUD>
    <AUST>48,133890</AUST>
    <BRNN>44,190000</BRNN>
    <COAC>63,450000</COAC>
    <CORS>63,450000</CORS>
    <FOGN>44,190000</FOGN>
    <FRAN>48,133890</FRAN>
    <GREC>44,190000</GREC>
    <MFTV>48,133890</MFTV>
    <PRGP>60,420000</PRGP>
    <ROSN>44,190000</ROSN>
    <SLOV>48,133890</SLOV>
    <SVIZ>48,133890</SVIZ>
    <BSP>48,133890</BSP>
    <MALT>60,420000</MALT>
    <XAUS>48,133890</XAUS>
    <XFRA>48,133890</XFRA>
  </Prezzi>
  <Prezzi>
    <Data>20151017</Data>
    <Mercato>MGP</Mercato>
    <Ora>11</Ora>
    <PUN>48,810000</PUN>
    <NAT>49,230000</NAT>
    <CNOR>48,283550</CNOR>
    <CSUD>48,283550</CSUD>
    <NORD>48,283550</NORD>
    <SARD>48,283550</SARD>
    <SICI>58,750000</SICI>
    <SUD>48,283550</SUD>
    <AUST>48,283550</AUST>
    <BRNN>48,283550</BRNN>
    <COAC>48,283550</COAC>
    <CORS>48,283550</CORS>
    <FOGN>48,283550</FOGN>
    <FRAN>48,283550</FRAN>
    <GREC>48,283550</GREC>
    <MFTV>48,283550</MFTV>
    <PRGP>58,750000</PRGP>
    <ROSN>48,283550</ROSN>
    <SLOV>48,283550</SLOV>
    <SVIZ>48,283550</SVIZ>
    <BSP>48,283550</BSP>
    <MALT>58,750000</MALT>
    <XAUS>48,283550</XAUS>
    <XFRA>48,283550</XFRA>
  </Prezzi>
  <Prezzi>
    <Data>20151017</Data>
    <Mercato>MGP</Mercato>
    <Ora>12</Ora>
    <PUN>47,141610</PUN>
    <NAT>47,390000</NAT>
    <CNOR>46,524580</CNOR>
    <CSUD>46,524580</CSUD>
    <NORD>46,524580</NORD>
    <SARD>46,524580</SARD>
    <SICI>58,750000</SICI>
    <SUD>46,524580</SUD>
    <AUST>46,524580</AUST>
    <BRNN>46,524580</BRNN>
    <COAC>46,524580</COAC>
    <CORS>46,524580</CORS>
    <FOGN>46,524580</FOGN>
    <FRAN>46,524580</FRAN>
    <GREC>46,524580</GREC>
    <MFTV>46,524580</MFTV>
    <PRGP>58,750000</PRGP>
    <ROSN>46,524580</ROSN>
    <SLOV>46,524580</SLOV>
    <SVIZ>46,524580</SVIZ>
    <BSP>46,524580</BSP>
    <MALT>58,750000</MALT>
    <XAUS>46,524580</XAUS>
    <XFRA>46,524580</XFRA>
  </Prezzi>
  <Prezzi>
    <Data>20151017</Data>
    <Mercato>MGP</Mercato>
    <Ora>13</Ora>
    <PUN>41,726380</PUN>
    <NAT>40,950000</NAT>
    <CNOR>40,790000</CNOR>
    <CSUD>40,790000</CSUD>
    <NORD>40,790000</NORD>
    <SARD>40,790000</SARD>
    <SICI>58,540000</SICI>
    <SUD>40,790000</SUD>
    <AUST>40,790000</AUST>
    <BRNN>40,790000</BRNN>
    <COAC>40,790000</COAC>
    <CORS>40,790000</CORS>
    <FOGN>40,790000</FOGN>
    <FRAN>40,790000</FRAN>
    <GREC>40,790000</GREC>
    <MFTV>40,790000</MFTV>
    <PRGP>58,540000</PRGP>
    <ROSN>40,790000</ROSN>
    <SLOV>40,790000</SLOV>
    <SVIZ>40,790000</SVIZ>
    <BSP>40,790000</BSP>
    <MALT>58,540000</MALT>
    <XAUS>40,790000</XAUS>
    <XFRA>40,790000</XFRA>
  </Prezzi>
  <Prezzi>
    <Data>20151017</Data>
    <Mercato>MGP</Mercato>
    <Ora>14</Ora>
    <PUN>40,549270</PUN>
    <NAT>39,630000</NAT>
    <CNOR>39,540000</CNOR>
    <CSUD>39,540000</CSUD>
    <NORD>39,540000</NORD>
    <SARD>39,540000</SARD>
    <SICI>58,540000</SICI>
    <SUD>39,540000</SUD>
    <AUST>39,540000</AUST>
    <BRNN>39,540000</BRNN>
    <COAC>39,540000</COAC>
    <CORS>39,540000</CORS>
    <FOGN>39,540000</FOGN>
    <FRAN>39,540000</FRAN>
    <GREC>39,540000</GREC>
    <MFTV>39,540000</MFTV>
    <PRGP>58,540000</PRGP>
    <ROSN>39,540000</ROSN>
    <SLOV>39,540000</SLOV>
    <SVIZ>39,540000</SVIZ>
    <BSP>39,540000</BSP>
    <MALT>58,540000</MALT>
    <XAUS>39,540000</XAUS>
    <XFRA>39,540000</XFRA>
  </Prezzi>
  <Prezzi>
    <Data>20151017</Data>
    <Mercato>MGP</Mercato>
    <Ora>15</Ora>
    <PUN>40,191170</PUN>
    <NAT>39,290000</NAT>
    <CNOR>39,180000</CNOR>
    <CSUD>39,180000</CSUD>
    <NORD>39,180000</NORD>
    <SARD>39,180000</SARD>
    <SICI>58,540000</SICI>
    <SUD>39,180000</SUD>
    <AUST>39,180000</AUST>
    <BRNN>39,180000</BRNN>
    <COAC>39,180000</COAC>
    <CORS>39,180000</CORS>
    <FOGN>39,180000</FOGN>
    <FRAN>39,180000</FRAN>
    <GREC>39,180000</GREC>
    <MFTV>39,180000</MFTV>
    <PRGP>58,540000</PRGP>
    <ROSN>39,180000</ROSN>
    <SLOV>39,180000</SLOV>
    <SVIZ>39,180000</SVIZ>
    <BSP>39,180000</BSP>
    <MALT>58,540000</MALT>
    <XAUS>39,180000</XAUS>
    <XFRA>39,180000</XFRA>
  </Prezzi>
  <Prezzi>
    <Data>20151017</Data>
    <Mercato>MGP</Mercato>
    <Ora>16</Ora>
    <PUN>39,541440</PUN>
    <NAT>39,040000</NAT>
    <CNOR>38,480000</CNOR>
    <CSUD>38,480000</CSUD>
    <NORD>38,480000</NORD>
    <SARD>38,480000</SARD>
    <SICI>58,540000</SICI>
    <SUD>38,480000</SUD>
    <AUST>38,480000</AUST>
    <BRNN>38,480000</BRNN>
    <COAC>38,480000</COAC>
    <CORS>38,480000</CORS>
    <FOGN>38,480000</FOGN>
    <FRAN>38,480000</FRAN>
    <GREC>38,480000</GREC>
    <MFTV>38,480000</MFTV>
    <PRGP>58,540000</PRGP>
    <ROSN>38,480000</ROSN>
    <SLOV>38,480000</SLOV>
    <SVIZ>38,480000</SVIZ>
    <BSP>38,480000</BSP>
    <MALT>58,540000</MALT>
    <XAUS>38,480000</XAUS>
    <XFRA>38,480000</XFRA>
  </Prezzi>
  <Prezzi>
    <Data>20151017</Data>
    <Mercato>MGP</Mercato>
    <Ora>17</Ora>
    <PUN>40,258710</PUN>
    <NAT>39,520000</NAT>
    <CNOR>39,180000</CNOR>
    <CSUD>39,180000</CSUD>
    <NORD>39,180000</NORD>
    <SARD>39,180000</SARD>
    <SICI>58,750000</SICI>
    <SUD>39,180000</SUD>
    <AUST>39,180000</AUST>
    <BRNN>39,180000</BRNN>
    <COAC>39,180000</COAC>
    <CORS>39,180000</CORS>
    <FOGN>39,180000</FOGN>
    <FRAN>39,180000</FRAN>
    <GREC>39,180000</GREC>
    <MFTV>39,180000</MFTV>
    <PRGP>58,750000</PRGP>
    <ROSN>39,180000</ROSN>
    <SLOV>39,180000</SLOV>
    <SVIZ>39,180000</SVIZ>
    <BSP>39,180000</BSP>
    <MALT>58,750000</MALT>
    <XAUS>39,180000</XAUS>
    <XFRA>39,180000</XFRA>
  </Prezzi>
  <Prezzi>
    <Data>20151017</Data>
    <Mercato>MGP</Mercato>
    <Ora>18</Ora>
    <PUN>44,097060</PUN>
    <NAT>45,080000</NAT>
    <CNOR>42,600000</CNOR>
    <CSUD>42,600000</CSUD>
    <NORD>42,600000</NORD>
    <SARD>61,870000</SARD>
    <SICI>58,750000</SICI>
    <SUD>42,600000</SUD>
    <AUST>42,600000</AUST>
    <BRNN>42,600000</BRNN>
    <COAC>61,870000</COAC>
    <CORS>42,600000</CORS>
    <FOGN>42,600000</FOGN>
    <FRAN>42,600000</FRAN>
    <GREC>42,600000</GREC>
    <MFTV>42,600000</MFTV>
    <PRGP>58,750000</PRGP>
    <ROSN>42,600000</ROSN>
    <SLOV>42,600000</SLOV>
    <SVIZ>42,600000</SVIZ>
    <BSP>42,600000</BSP>
    <MALT>58,750000</MALT>
    <XAUS>42,600000</XAUS>
    <XFRA>42,600000</XFRA>
  </Prezzi>
  <Prezzi>
    <Data>20151017</Data>
    <Mercato>MGP</Mercato>
    <Ora>19</Ora>
    <PUN>49,898910</PUN>
    <NAT>49,990000</NAT>
    <CNOR>48,797980</CNOR>
    <CSUD>48,797980</CSUD>
    <NORD>48,797980</NORD>
    <SARD>63,450000</SARD>
    <SICI>60,420000</SICI>
    <SUD>48,797980</SUD>
    <AUST>48,797980</AUST>
    <BRNN>48,797980</BRNN>
    <COAC>63,450000</COAC>
    <CORS>63,450000</CORS>
    <FOGN>48,797980</FOGN>
    <FRAN>48,797980</FRAN>
    <GREC>48,797980</GREC>
    <MFTV>48,797980</MFTV>
    <PRGP>60,420000</PRGP>
    <ROSN>48,797980</ROSN>
    <SLOV>48,797980</SLOV>
    <SVIZ>48,797980</SVIZ>
    <BSP>48,797980</BSP>
    <MALT>60,420000</MALT>
    <XAUS>48,797980</XAUS>
    <XFRA>48,797980</XFRA>
  </Prezzi>
  <Prezzi>
    <Data>20151017</Data>
    <Mercato>MGP</Mercato>
    <Ora>20</Ora>
    <PUN>58,786920</PUN>
    <NAT>60,420000</NAT>
    <CNOR>60,990000</CNOR>
    <CSUD>60,990000</CSUD>
    <NORD>55,990000</NORD>
    <SARD>69,260000</SARD>
    <SICI>60,990000</SICI>
    <SUD>60,990000</SUD>
    <AUST>55,990000</AUST>
    <BRNN>60,990000</BRNN>
    <COAC>69,260000</COAC>
    <CORS>60,990000</CORS>
    <FOGN>60,990000</FOGN>
    <FRAN>55,990000</FRAN>
    <GREC>60,990000</GREC>
    <MFTV>55,990000</MFTV>
    <PRGP>60,990000</PRGP>
    <ROSN>60,990000</ROSN>
    <SLOV>55,990000</SLOV>
    <SVIZ>55,990000</SVIZ>
    <BSP>55,990000</BSP>
    <MALT>60,990000</MALT>
    <XAUS>55,990000</XAUS>
    <XFRA>55,990000</XFRA>
  </Prezzi>
  <Prezzi>
    <Data>20151017</Data>
    <Mercato>MGP</Mercato>
    <Ora>21</Ora>
    <PUN>54,748670</PUN>
    <NAT>58,750000</NAT>
    <CNOR>55,440000</CNOR>
    <CSUD>55,440000</CSUD>
    <NORD>52,390180</NORD>
    <SARD>69,260000</SARD>
    <SICI>60,420000</SICI>
    <SUD>55,440000</SUD>
    <AUST>52,390180</AUST>
    <BRNN>55,440000</BRNN>
    <COAC>69,260000</COAC>
    <CORS>55,440000</CORS>
    <FOGN>55,440000</FOGN>
    <FRAN>52,390180</FRAN>
    <GREC>55,440000</GREC>
    <MFTV>52,390180</MFTV>
    <PRGP>60,420000</PRGP>
    <ROSN>55,440000</ROSN>
    <SLOV>52,390180</SLOV>
    <SVIZ>52,390180</SVIZ>
    <BSP>52,390180</BSP>
    <MALT>60,420000</MALT>
    <XAUS>52,390180</XAUS>
    <XFRA>52,390180</XFRA>
  </Prezzi>
  <Prezzi>
    <Data>20151017</Data>
    <Mercato>MGP</Mercato>
    <Ora>22</Ora>
    <PUN>48,776280</PUN>
    <NAT>52,380000</NAT>
    <CNOR>49,990000</CNOR>
    <CSUD>49,990000</CSUD>
    <NORD>45,249920</NORD>
    <SARD>63,450000</SARD>
    <SICI>60,420000</SICI>
    <SUD>49,990000</SUD>
    <AUST>45,249920</AUST>
    <BRNN>49,990000</BRNN>
    <COAC>63,450000</COAC>
    <CORS>49,990000</CORS>
    <FOGN>49,990000</FOGN>
    <FRAN>45,249920</FRAN>
    <GREC>49,990000</GREC>
    <MFTV>45,249920</MFTV>
    <PRGP>60,420000</PRGP>
    <ROSN>49,990000</ROSN>
    <SLOV>45,249920</SLOV>
    <SVIZ>45,249920</SVIZ>
    <BSP>45,249920</BSP>
    <MALT>60,420000</MALT>
    <XAUS>45,249920</XAUS>
    <XFRA>45,249920</XFRA>
  </Prezzi>
  <Prezzi>
    <Data>20151017</Data>
    <Mercato>MGP</Mercato>
    <Ora>23</Ora>
    <PUN>45,930300</PUN>
    <NAT>48,000000</NAT>
    <CNOR>46,490000</CNOR>
    <CSUD>46,490000</CSUD>
    <NORD>42,429390</NORD>
    <SARD>63,450000</SARD>
    <SICI>60,420000</SICI>
    <SUD>46,490000</SUD>
    <AUST>42,429390</AUST>
    <BRNN>46,490000</BRNN>
    <COAC>63,450000</COAC>
    <CORS>46,490000</CORS>
    <FOGN>46,490000</FOGN>
    <FRAN>42,429390</FRAN>
    <GREC>46,490000</GREC>
    <MFTV>42,429390</MFTV>
    <PRGP>60,420000</PRGP>
    <ROSN>46,490000</ROSN>
    <SLOV>42,429390</SLOV>
    <SVIZ>42,429390</SVIZ>
    <BSP>42,429390</BSP>
    <MALT>60,420000</MALT>
    <XAUS>42,429390</XAUS>
    <XFRA>42,429390</XFRA>
  </Prezzi>
  <Prezzi>
    <Data>20151017</Data>
    <Mercato>MGP</Mercato>
    <Ora>24</Ora>
    <PUN>45,250000</PUN>
    <NAT>47,000000</NAT>
    <CNOR>43,717910</CNOR>
    <CSUD>43,717910</CSUD>
    <NORD>43,717910</NORD>
    <SARD>63,450000</SARD>
    <SICI>58,750000</SICI>
    <SUD>43,717910</SUD>
    <AUST>43,717910</AUST>
    <BRNN>43,717910</BRNN>
    <COAC>400,000000</COAC>
    <CORS>63,450000</CORS>
    <FOGN>43,717910</FOGN>
    <FRAN>43,717910</FRAN>
    <GREC>43,717910</GREC>
    <MFTV>43,717910</MFTV>
    <PRGP>58,750000</PRGP>
    <ROSN>43,717910</ROSN>
    <SLOV>43,717910</SLOV>
    <SVIZ>43,717910</SVIZ>
    <BSP>43,717910</BSP>
    <MALT>58,750000</MALT>
    <XAUS>43,717910</XAUS>
    <XFRA>43,717910</XFRA>
  </Prezzi>
</NewDataSet>