<?xml version="1.0" standalone="yes"?>
<NewDataSet>
  <xs:schema id="NewDataSet" xmlns="" xmlns:xs="http://www.w3.org/2001/XMLSchema" xmlns:msdata="urn:schemas-microsoft-com:xml-msdata">
    <xs:element name="NewDataSet" msdata:IsDataSet="true" msdata:UseCurrentLocale="true">
      <xs:complexType>
        <xs:choice minOccurs="0" maxOccurs="unbounded">
          <xs:element name="Prezzi">
            <xs:complexType>
              <xs:sequence>
                <xs:element name="Data" type="xs:string" minOccurs="0" />
                <xs:element name="Mercato" type="xs:string" minOccurs="0" />
                <xs:element name="Ora" type="xs:string" minOccurs="0" />
                <xs:element name="PUN" type="xs:string" minOccurs="0" />
                <xs:element name="NAT" type="xs:string" minOccurs="0" />
                <xs:element name="CNOR" type="xs:string" minOccurs="0" />
                <xs:element name="CSUD" type="xs:string" minOccurs="0" />
                <xs:element name="NORD" type="xs:string" minOccurs="0" />
                <xs:element name="SARD" type="xs:string" minOccurs="0" />
                <xs:element name="SICI" type="xs:string" minOccurs="0" />
                <xs:element name="SUD" type="xs:string" minOccurs="0" />
                <xs:element name="AUST" type="xs:string" minOccurs="0" />
                <xs:element name="BRNN" type="xs:string" minOccurs="0" />
                <xs:element name="COAC" type="xs:string" minOccurs="0" />
                <xs:element name="CORS" type="xs:string" minOccurs="0" />
                <xs:element name="FOGN" type="xs:string" minOccurs="0" />
                <xs:element name="FRAN" type="xs:string" minOccurs="0" />
                <xs:element name="GREC" type="xs:string" minOccurs="0" />
                <xs:element name="MFTV" type="xs:string" minOccurs="0" />
                <xs:element name="PRGP" type="xs:string" minOccurs="0" />
                <xs:element name="ROSN" type="xs:string" minOccurs="0" />
                <xs:element name="SLOV" type="xs:string" minOccurs="0" />
                <xs:element name="SVIZ" type="xs:string" minOccurs="0" />
                <xs:element name="BSP" type="xs:string" minOccurs="0" />
                <xs:element name="MALT" type="xs:string" minOccurs="0" />
                <xs:element name="XAUS" type="xs:string" minOccurs="0" />
                <xs:element name="XFRA" type="xs:string" minOccurs="0" />
              </xs:sequence>
            </xs:complexType>
          </xs:element>
        </xs:choice>
      </xs:complexType>
    </xs:element>
  </xs:schema>
  <Prezzi>
    <Data>20151009</Data>
    <Mercato>MGP</Mercato>
    <Ora>1</Ora>
    <PUN>42,887850</PUN>
    <NAT>43,100000</NAT>
    <CNOR>42,000000</CNOR>
    <CSUD>42,000000</CSUD>
    <NORD>42,000000</NORD>
    <SARD>42,000000</SARD>
    <SICI>58,540000</SICI>
    <SUD>42,000000</SUD>
    <AUST>42,000000</AUST>
    <BRNN>42,000000</BRNN>
    <COAC>42,000000</COAC>
    <CORS>3000,000000</CORS>
    <FOGN>42,000000</FOGN>
    <FRAN>42,000000</FRAN>
    <GREC>42,000000</GREC>
    <MFTV>42,000000</MFTV>
    <PRGP>58,540000</PRGP>
    <ROSN>42,000000</ROSN>
    <SLOV>42,000000</SLOV>
    <SVIZ>42,000000</SVIZ>
    <BSP>42,000000</BSP>
    <MALT>58,540000</MALT>
    <XAUS>42,000000</XAUS>
    <XFRA>42,000000</XFRA>
  </Prezzi>
  <Prezzi>
    <Data>20151009</Data>
    <Mercato>MGP</Mercato>
    <Ora>2</Ora>
    <PUN>38,146810</PUN>
    <NAT>38,480000</NAT>
    <CNOR>37,010000</CNOR>
    <CSUD>37,010000</CSUD>
    <NORD>37,010000</NORD>
    <SARD>37,010000</SARD>
    <SICI>58,540000</SICI>
    <SUD>37,010000</SUD>
    <AUST>37,010000</AUST>
    <BRNN>37,010000</BRNN>
    <COAC>37,010000</COAC>
    <CORS>3000,000000</CORS>
    <FOGN>37,010000</FOGN>
    <FRAN>37,010000</FRAN>
    <GREC>37,010000</GREC>
    <MFTV>37,010000</MFTV>
    <PRGP>58,540000</PRGP>
    <ROSN>37,010000</ROSN>
    <SLOV>37,010000</SLOV>
    <SVIZ>37,010000</SVIZ>
    <BSP>37,010000</BSP>
    <MALT>58,540000</MALT>
    <XAUS>37,010000</XAUS>
    <XFRA>37,010000</XFRA>
  </Prezzi>
  <Prezzi>
    <Data>20151009</Data>
    <Mercato>MGP</Mercato>
    <Ora>3</Ora>
    <PUN>36,241530</PUN>
    <NAT>36,000000</NAT>
    <CNOR>35,010000</CNOR>
    <CSUD>35,010000</CSUD>
    <NORD>35,010000</NORD>
    <SARD>35,010000</SARD>
    <SICI>58,540000</SICI>
    <SUD>35,010000</SUD>
    <AUST>35,010000</AUST>
    <BRNN>35,010000</BRNN>
    <COAC>35,010000</COAC>
    <CORS>3000,000000</CORS>
    <FOGN>35,010000</FOGN>
    <FRAN>35,010000</FRAN>
    <GREC>35,010000</GREC>
    <MFTV>35,010000</MFTV>
    <PRGP>58,540000</PRGP>
    <ROSN>35,010000</ROSN>
    <SLOV>35,010000</SLOV>
    <SVIZ>35,010000</SVIZ>
    <BSP>35,010000</BSP>
    <MALT>58,540000</MALT>
    <XAUS>35,010000</XAUS>
    <XFRA>35,010000</XFRA>
  </Prezzi>
  <Prezzi>
    <Data>20151009</Data>
    <Mercato>MGP</Mercato>
    <Ora>4</Ora>
    <PUN>35,000000</PUN>
    <NAT>35,010000</NAT>
    <CNOR>33,987800</CNOR>
    <CSUD>33,987800</CSUD>
    <NORD>33,987800</NORD>
    <SARD>33,987800</SARD>
    <SICI>54,990000</SICI>
    <SUD>33,987800</SUD>
    <AUST>33,987800</AUST>
    <BRNN>33,987800</BRNN>
    <COAC>33,987800</COAC>
    <CORS>3000,000000</CORS>
    <FOGN>33,987800</FOGN>
    <FRAN>33,987800</FRAN>
    <GREC>33,987800</GREC>
    <MFTV>33,987800</MFTV>
    <PRGP>54,990000</PRGP>
    <ROSN>33,987800</ROSN>
    <SLOV>33,987800</SLOV>
    <SVIZ>33,987800</SVIZ>
    <BSP>33,987800</BSP>
    <MALT>54,990000</MALT>
    <XAUS>33,987800</XAUS>
    <XFRA>33,987800</XFRA>
  </Prezzi>
  <Prezzi>
    <Data>20151009</Data>
    <Mercato>MGP</Mercato>
    <Ora>5</Ora>
    <PUN>35,990000</PUN>
    <NAT>35,190000</NAT>
    <CNOR>34,874180</CNOR>
    <CSUD>34,874180</CSUD>
    <NORD>34,874180</NORD>
    <SARD>34,874180</SARD>
    <SICI>57,990000</SICI>
    <SUD>34,874180</SUD>
    <AUST>34,874180</AUST>
    <BRNN>34,874180</BRNN>
    <COAC>34,874180</COAC>
    <CORS>3000,000000</CORS>
    <FOGN>34,874180</FOGN>
    <FRAN>34,874180</FRAN>
    <GREC>34,874180</GREC>
    <MFTV>34,874180</MFTV>
    <PRGP>57,990000</PRGP>
    <ROSN>34,874180</ROSN>
    <SLOV>34,874180</SLOV>
    <SVIZ>34,874180</SVIZ>
    <BSP>34,874180</BSP>
    <MALT>57,990000</MALT>
    <XAUS>34,874180</XAUS>
    <XFRA>34,874180</XFRA>
  </Prezzi>
  <Prezzi>
    <Data>20151009</Data>
    <Mercato>MGP</Mercato>
    <Ora>6</Ora>
    <PUN>40,350430</PUN>
    <NAT>39,560000</NAT>
    <CNOR>39,490000</CNOR>
    <CSUD>39,490000</CSUD>
    <NORD>39,290000</NORD>
    <SARD>39,490000</SARD>
    <SICI>58,540000</SICI>
    <SUD>39,490000</SUD>
    <AUST>39,290000</AUST>
    <BRNN>39,490000</BRNN>
    <COAC>39,490000</COAC>
    <CORS>3000,000000</CORS>
    <FOGN>39,490000</FOGN>
    <FRAN>39,290000</FRAN>
    <GREC>39,490000</GREC>
    <MFTV>39,290000</MFTV>
    <PRGP>58,540000</PRGP>
    <ROSN>39,490000</ROSN>
    <SLOV>39,290000</SLOV>
    <SVIZ>39,290000</SVIZ>
    <BSP>39,290000</BSP>
    <MALT>58,540000</MALT>
    <XAUS>39,290000</XAUS>
    <XFRA>39,290000</XFRA>
  </Prezzi>
  <Prezzi>
    <Data>20151009</Data>
    <Mercato>MGP</Mercato>
    <Ora>7</Ora>
    <PUN>47,822590</PUN>
    <NAT>49,580000</NAT>
    <CNOR>47,310000</CNOR>
    <CSUD>47,310000</CSUD>
    <NORD>47,310000</NORD>
    <SARD>47,310000</SARD>
    <SICI>58,540000</SICI>
    <SUD>47,310000</SUD>
    <AUST>47,310000</AUST>
    <BRNN>47,310000</BRNN>
    <COAC>47,310000</COAC>
    <CORS>3000,000000</CORS>
    <FOGN>47,310000</FOGN>
    <FRAN>47,310000</FRAN>
    <GREC>47,310000</GREC>
    <MFTV>47,310000</MFTV>
    <PRGP>58,540000</PRGP>
    <ROSN>47,310000</ROSN>
    <SLOV>47,310000</SLOV>
    <SVIZ>47,310000</SVIZ>
    <BSP>47,310000</BSP>
    <MALT>58,540000</MALT>
    <XAUS>47,310000</XAUS>
    <XFRA>47,310000</XFRA>
  </Prezzi>
  <Prezzi>
    <Data>20151009</Data>
    <Mercato>MGP</Mercato>
    <Ora>8</Ora>
    <PUN>55,622960</PUN>
    <NAT>55,670000</NAT>
    <CNOR>55,477340</CNOR>
    <CSUD>55,477340</CSUD>
    <NORD>55,477340</NORD>
    <SARD>55,477340</SARD>
    <SICI>58,750000</SICI>
    <SUD>55,477340</SUD>
    <AUST>55,477340</AUST>
    <BRNN>55,477340</BRNN>
    <COAC>55,477340</COAC>
    <CORS>3000,000000</CORS>
    <FOGN>55,477340</FOGN>
    <FRAN>55,477340</FRAN>
    <GREC>55,477340</GREC>
    <MFTV>55,477340</MFTV>
    <PRGP>58,750000</PRGP>
    <ROSN>55,477340</ROSN>
    <SLOV>55,477340</SLOV>
    <SVIZ>55,477340</SVIZ>
    <BSP>55,477340</BSP>
    <MALT>58,750000</MALT>
    <XAUS>55,477340</XAUS>
    <XFRA>55,477340</XFRA>
  </Prezzi>
  <Prezzi>
    <Data>20151009</Data>
    <Mercato>MGP</Mercato>
    <Ora>9</Ora>
    <PUN>61,009230</PUN>
    <NAT>60,400000</NAT>
    <CNOR>61,040000</CNOR>
    <CSUD>61,040000</CSUD>
    <NORD>61,040000</NORD>
    <SARD>61,040000</SARD>
    <SICI>60,400000</SICI>
    <SUD>61,040000</SUD>
    <AUST>61,040000</AUST>
    <BRNN>61,040000</BRNN>
    <COAC>61,040000</COAC>
    <CORS>3000,000000</CORS>
    <FOGN>61,040000</FOGN>
    <FRAN>61,040000</FRAN>
    <GREC>61,040000</GREC>
    <MFTV>61,040000</MFTV>
    <PRGP>60,400000</PRGP>
    <ROSN>57,100000</ROSN>
    <SLOV>61,040000</SLOV>
    <SVIZ>61,040000</SVIZ>
    <BSP>61,040000</BSP>
    <MALT>60,400000</MALT>
    <XAUS>61,040000</XAUS>
    <XFRA>61,040000</XFRA>
  </Prezzi>
  <Prezzi>
    <Data>20151009</Data>
    <Mercato>MGP</Mercato>
    <Ora>10</Ora>
    <PUN>60,971600</PUN>
    <NAT>60,000000</NAT>
    <CNOR>61,000000</CNOR>
    <CSUD>61,000000</CSUD>
    <NORD>61,000000</NORD>
    <SARD>61,000000</SARD>
    <SICI>60,400000</SICI>
    <SUD>61,000000</SUD>
    <AUST>61,000000</AUST>
    <BRNN>61,000000</BRNN>
    <COAC>61,000000</COAC>
    <CORS>3000,000000</CORS>
    <FOGN>61,000000</FOGN>
    <FRAN>61,000000</FRAN>
    <GREC>61,000000</GREC>
    <MFTV>61,000000</MFTV>
    <PRGP>60,400000</PRGP>
    <ROSN>56,810000</ROSN>
    <SLOV>61,000000</SLOV>
    <SVIZ>61,000000</SVIZ>
    <BSP>61,000000</BSP>
    <MALT>60,400000</MALT>
    <XAUS>61,000000</XAUS>
    <XFRA>61,000000</XFRA>
  </Prezzi>
  <Prezzi>
    <Data>20151009</Data>
    <Mercato>MGP</Mercato>
    <Ora>11</Ora>
    <PUN>53,541480</PUN>
    <NAT>55,010000</NAT>
    <CNOR>50,130000</CNOR>
    <CSUD>50,130000</CSUD>
    <NORD>55,089760</NORD>
    <SARD>50,130000</SARD>
    <SICI>58,540000</SICI>
    <SUD>50,130000</SUD>
    <AUST>55,089760</AUST>
    <BRNN>50,130000</BRNN>
    <COAC>50,130000</COAC>
    <CORS>3000,000000</CORS>
    <FOGN>50,130000</FOGN>
    <FRAN>55,089760</FRAN>
    <GREC>50,130000</GREC>
    <MFTV>55,089760</MFTV>
    <PRGP>58,540000</PRGP>
    <ROSN>50,130000</ROSN>
    <SLOV>55,089760</SLOV>
    <SVIZ>55,089760</SVIZ>
    <BSP>55,089760</BSP>
    <MALT>58,540000</MALT>
    <XAUS>55,089760</XAUS>
    <XFRA>55,089760</XFRA>
  </Prezzi>
  <Prezzi>
    <Data>20151009</Data>
    <Mercato>MGP</Mercato>
    <Ora>12</Ora>
    <PUN>51,126150</PUN>
    <NAT>52,230000</NAT>
    <CNOR>47,010000</CNOR>
    <CSUD>47,010000</CSUD>
    <NORD>52,925850</NORD>
    <SARD>47,010000</SARD>
    <SICI>58,540000</SICI>
    <SUD>47,010000</SUD>
    <AUST>52,925850</AUST>
    <BRNN>47,010000</BRNN>
    <COAC>47,010000</COAC>
    <CORS>3000,000000</CORS>
    <FOGN>47,010000</FOGN>
    <FRAN>52,925850</FRAN>
    <GREC>47,010000</GREC>
    <MFTV>52,925850</MFTV>
    <PRGP>58,540000</PRGP>
    <ROSN>47,010000</ROSN>
    <SLOV>52,925850</SLOV>
    <SVIZ>52,925850</SVIZ>
    <BSP>52,925850</BSP>
    <MALT>58,540000</MALT>
    <XAUS>52,925850</XAUS>
    <XFRA>52,925850</XFRA>
  </Prezzi>
  <Prezzi>
    <Data>20151009</Data>
    <Mercato>MGP</Mercato>
    <Ora>13</Ora>
    <PUN>48,570810</PUN>
    <NAT>49,000000</NAT>
    <CNOR>44,500000</CNOR>
    <CSUD>44,500000</CSUD>
    <NORD>50,850000</NORD>
    <SARD>44,500000</SARD>
    <SICI>50,990000</SICI>
    <SUD>44,500000</SUD>
    <AUST>50,850000</AUST>
    <BRNN>44,500000</BRNN>
    <COAC>44,500000</COAC>
    <CORS>3000,000000</CORS>
    <FOGN>44,500000</FOGN>
    <FRAN>50,850000</FRAN>
    <GREC>44,500000</GREC>
    <MFTV>50,850000</MFTV>
    <PRGP>50,990000</PRGP>
    <ROSN>44,500000</ROSN>
    <SLOV>50,850000</SLOV>
    <SVIZ>50,850000</SVIZ>
    <BSP>50,850000</BSP>
    <MALT>50,990000</MALT>
    <XAUS>50,850000</XAUS>
    <XFRA>50,850000</XFRA>
  </Prezzi>
  <Prezzi>
    <Data>20151009</Data>
    <Mercato>MGP</Mercato>
    <Ora>14</Ora>
    <PUN>47,622830</PUN>
    <NAT>47,630000</NAT>
    <CNOR>47,010000</CNOR>
    <CSUD>47,010000</CSUD>
    <NORD>47,800000</NORD>
    <SARD>47,010000</SARD>
    <SICI>50,010000</SICI>
    <SUD>47,010000</SUD>
    <AUST>47,800000</AUST>
    <BRNN>47,010000</BRNN>
    <COAC>47,010000</COAC>
    <CORS>3000,000000</CORS>
    <FOGN>47,010000</FOGN>
    <FRAN>47,800000</FRAN>
    <GREC>47,010000</GREC>
    <MFTV>47,800000</MFTV>
    <PRGP>50,010000</PRGP>
    <ROSN>47,010000</ROSN>
    <SLOV>47,800000</SLOV>
    <SVIZ>47,800000</SVIZ>
    <BSP>47,800000</BSP>
    <MALT>50,010000</MALT>
    <XAUS>47,800000</XAUS>
    <XFRA>47,800000</XFRA>
  </Prezzi>
  <Prezzi>
    <Data>20151009</Data>
    <Mercato>MGP</Mercato>
    <Ora>15</Ora>
    <PUN>46,800000</PUN>
    <NAT>46,800000</NAT>
    <CNOR>46,800000</CNOR>
    <CSUD>46,800000</CSUD>
    <NORD>46,800000</NORD>
    <SARD>46,800000</SARD>
    <SICI>46,800000</SICI>
    <SUD>46,800000</SUD>
    <AUST>46,800000</AUST>
    <BRNN>46,800000</BRNN>
    <COAC>46,800000</COAC>
    <CORS>3000,000000</CORS>
    <FOGN>46,800000</FOGN>
    <FRAN>46,800000</FRAN>
    <GREC>46,800000</GREC>
    <MFTV>46,800000</MFTV>
    <PRGP>46,800000</PRGP>
    <ROSN>46,800000</ROSN>
    <SLOV>46,800000</SLOV>
    <SVIZ>46,800000</SVIZ>
    <BSP>46,800000</BSP>
    <MALT>46,800000</MALT>
    <XAUS>46,800000</XAUS>
    <XFRA>46,800000</XFRA>
  </Prezzi>
  <Prezzi>
    <Data>20151009</Data>
    <Mercato>MGP</Mercato>
    <Ora>16</Ora>
    <PUN>49,000000</PUN>
    <NAT>49,000000</NAT>
    <CNOR>49,000000</CNOR>
    <CSUD>49,000000</CSUD>
    <NORD>49,000000</NORD>
    <SARD>49,000000</SARD>
    <SICI>49,000000</SICI>
    <SUD>49,000000</SUD>
    <AUST>49,000000</AUST>
    <BRNN>49,000000</BRNN>
    <COAC>49,000000</COAC>
    <CORS>3000,000000</CORS>
    <FOGN>49,000000</FOGN>
    <FRAN>49,000000</FRAN>
    <GREC>49,000000</GREC>
    <MFTV>49,000000</MFTV>
    <PRGP>49,000000</PRGP>
    <ROSN>49,000000</ROSN>
    <SLOV>49,000000</SLOV>
    <SVIZ>49,000000</SVIZ>
    <BSP>49,000000</BSP>
    <MALT>49,000000</MALT>
    <XAUS>49,000000</XAUS>
    <XFRA>49,000000</XFRA>
  </Prezzi>
  <Prezzi>
    <Data>20151009</Data>
    <Mercato>MGP</Mercato>
    <Ora>17</Ora>
    <PUN>50,235820</PUN>
    <NAT>50,000000</NAT>
    <CNOR>50,000000</CNOR>
    <CSUD>50,000000</CSUD>
    <NORD>50,000000</NORD>
    <SARD>50,000000</SARD>
    <SICI>55,000000</SICI>
    <SUD>50,000000</SUD>
    <AUST>50,000000</AUST>
    <BRNN>50,000000</BRNN>
    <COAC>50,000000</COAC>
    <CORS>3000,000000</CORS>
    <FOGN>50,000000</FOGN>
    <FRAN>50,000000</FRAN>
    <GREC>50,000000</GREC>
    <MFTV>50,000000</MFTV>
    <PRGP>55,000000</PRGP>
    <ROSN>50,000000</ROSN>
    <SLOV>50,000000</SLOV>
    <SVIZ>50,000000</SVIZ>
    <BSP>50,000000</BSP>
    <MALT>55,000000</MALT>
    <XAUS>50,000000</XAUS>
    <XFRA>50,000000</XFRA>
  </Prezzi>
  <Prezzi>
    <Data>20151009</Data>
    <Mercato>MGP</Mercato>
    <Ora>18</Ora>
    <PUN>51,935670</PUN>
    <NAT>52,000000</NAT>
    <CNOR>51,590000</CNOR>
    <CSUD>51,590000</CSUD>
    <NORD>51,590000</NORD>
    <SARD>51,590000</SARD>
    <SICI>58,540000</SICI>
    <SUD>51,590000</SUD>
    <AUST>51,590000</AUST>
    <BRNN>51,590000</BRNN>
    <COAC>51,590000</COAC>
    <CORS>3000,000000</CORS>
    <FOGN>51,590000</FOGN>
    <FRAN>51,590000</FRAN>
    <GREC>51,590000</GREC>
    <MFTV>51,590000</MFTV>
    <PRGP>58,540000</PRGP>
    <ROSN>50,130000</ROSN>
    <SLOV>51,590000</SLOV>
    <SVIZ>51,590000</SVIZ>
    <BSP>51,590000</BSP>
    <MALT>58,540000</MALT>
    <XAUS>51,590000</XAUS>
    <XFRA>51,590000</XFRA>
  </Prezzi>
  <Prezzi>
    <Data>20151009</Data>
    <Mercato>MGP</Mercato>
    <Ora>19</Ora>
    <PUN>53,144140</PUN>
    <NAT>54,000000</NAT>
    <CNOR>52,810000</CNOR>
    <CSUD>52,810000</CSUD>
    <NORD>52,810000</NORD>
    <SARD>52,810000</SARD>
    <SICI>58,750000</SICI>
    <SUD>52,810000</SUD>
    <AUST>52,810000</AUST>
    <BRNN>52,810000</BRNN>
    <COAC>52,810000</COAC>
    <CORS>3000,000000</CORS>
    <FOGN>52,810000</FOGN>
    <FRAN>52,810000</FRAN>
    <GREC>52,810000</GREC>
    <MFTV>52,810000</MFTV>
    <PRGP>58,750000</PRGP>
    <ROSN>50,440000</ROSN>
    <SLOV>52,810000</SLOV>
    <SVIZ>52,810000</SVIZ>
    <BSP>52,810000</BSP>
    <MALT>58,750000</MALT>
    <XAUS>52,810000</XAUS>
    <XFRA>52,810000</XFRA>
  </Prezzi>
  <Prezzi>
    <Data>20151009</Data>
    <Mercato>MGP</Mercato>
    <Ora>20</Ora>
    <PUN>60,420000</PUN>
    <NAT>60,420000</NAT>
    <CNOR>60,420000</CNOR>
    <CSUD>60,420000</CSUD>
    <NORD>60,420000</NORD>
    <SARD>60,420000</SARD>
    <SICI>60,420000</SICI>
    <SUD>60,420000</SUD>
    <AUST>60,420000</AUST>
    <BRNN>60,420000</BRNN>
    <COAC>60,420000</COAC>
    <CORS>3000,000000</CORS>
    <FOGN>60,420000</FOGN>
    <FRAN>60,420000</FRAN>
    <GREC>60,420000</GREC>
    <MFTV>60,420000</MFTV>
    <PRGP>60,420000</PRGP>
    <ROSN>60,420000</ROSN>
    <SLOV>60,420000</SLOV>
    <SVIZ>60,420000</SVIZ>
    <BSP>60,420000</BSP>
    <MALT>60,420000</MALT>
    <XAUS>60,420000</XAUS>
    <XFRA>60,420000</XFRA>
  </Prezzi>
  <Prezzi>
    <Data>20151009</Data>
    <Mercato>MGP</Mercato>
    <Ora>21</Ora>
    <PUN>52,729310</PUN>
    <NAT>54,010000</NAT>
    <CNOR>52,280000</CNOR>
    <CSUD>52,280000</CSUD>
    <NORD>52,280000</NORD>
    <SARD>52,280000</SARD>
    <SICI>59,990000</SICI>
    <SUD>52,280000</SUD>
    <AUST>52,280000</AUST>
    <BRNN>52,280000</BRNN>
    <COAC>52,280000</COAC>
    <CORS>3000,000000</CORS>
    <FOGN>52,280000</FOGN>
    <FRAN>52,280000</FRAN>
    <GREC>52,280000</GREC>
    <MFTV>52,280000</MFTV>
    <PRGP>59,990000</PRGP>
    <ROSN>52,280000</ROSN>
    <SLOV>52,280000</SLOV>
    <SVIZ>52,280000</SVIZ>
    <BSP>52,280000</BSP>
    <MALT>59,990000</MALT>
    <XAUS>52,280000</XAUS>
    <XFRA>52,280000</XFRA>
  </Prezzi>
  <Prezzi>
    <Data>20151009</Data>
    <Mercato>MGP</Mercato>
    <Ora>22</Ora>
    <PUN>48,151380</PUN>
    <NAT>47,630000</NAT>
    <CNOR>47,500000</CNOR>
    <CSUD>47,500000</CSUD>
    <NORD>47,500000</NORD>
    <SARD>47,500000</SARD>
    <SICI>58,750000</SICI>
    <SUD>47,500000</SUD>
    <AUST>47,500000</AUST>
    <BRNN>47,500000</BRNN>
    <COAC>47,500000</COAC>
    <CORS>3000,000000</CORS>
    <FOGN>47,500000</FOGN>
    <FRAN>47,500000</FRAN>
    <GREC>47,500000</GREC>
    <MFTV>47,500000</MFTV>
    <PRGP>58,750000</PRGP>
    <ROSN>47,500000</ROSN>
    <SLOV>47,500000</SLOV>
    <SVIZ>47,500000</SVIZ>
    <BSP>47,500000</BSP>
    <MALT>58,750000</MALT>
    <XAUS>47,500000</XAUS>
    <XFRA>47,500000</XFRA>
  </Prezzi>
  <Prezzi>
    <Data>20151009</Data>
    <Mercato>MGP</Mercato>
    <Ora>23</Ora>
    <PUN>45,800700</PUN>
    <NAT>45,500000</NAT>
    <CNOR>45,000000</CNOR>
    <CSUD>45,000000</CSUD>
    <NORD>45,000000</NORD>
    <SARD>45,000000</SARD>
    <SICI>58,540000</SICI>
    <SUD>45,000000</SUD>
    <AUST>45,000000</AUST>
    <BRNN>45,000000</BRNN>
    <COAC>45,000000</COAC>
    <CORS>3000,000000</CORS>
    <FOGN>45,000000</FOGN>
    <FRAN>45,000000</FRAN>
    <GREC>45,000000</GREC>
    <MFTV>45,000000</MFTV>
    <PRGP>58,540000</PRGP>
    <ROSN>45,000000</ROSN>
    <SLOV>45,000000</SLOV>
    <SVIZ>45,000000</SVIZ>
    <BSP>45,000000</BSP>
    <MALT>58,540000</MALT>
    <XAUS>45,000000</XAUS>
    <XFRA>45,000000</XFRA>
  </Prezzi>
  <Prezzi>
    <Data>20151009</Data>
    <Mercato>MGP</Mercato>
    <Ora>24</Ora>
    <PUN>42,570000</PUN>
    <NAT>42,570000</NAT>
    <CNOR>42,570000</CNOR>
    <CSUD>42,570000</CSUD>
    <NORD>42,570000</NORD>
    <SARD>42,570000</SARD>
    <SICI>42,570000</SICI>
    <SUD>42,570000</SUD>
    <AUST>42,570000</AUST>
    <BRNN>42,570000</BRNN>
    <COAC>42,570000</COAC>
    <CORS>3000,000000</CORS>
    <FOGN>42,570000</FOGN>
    <FRAN>42,570000</FRAN>
    <GREC>42,570000</GREC>
    <MFTV>42,570000</MFTV>
    <PRGP>42,570000</PRGP>
    <ROSN>42,570000</ROSN>
    <SLOV>42,570000</SLOV>
    <SVIZ>42,570000</SVIZ>
    <BSP>42,570000</BSP>
    <MALT>42,570000</MALT>
    <XAUS>42,570000</XAUS>
    <XFRA>42,570000</XFRA>
  </Prezzi>
</NewDataSet>