<?xml version="1.0" standalone="yes"?>
<NewDataSet>
  <xs:schema id="NewDataSet" xmlns="" xmlns:xs="http://www.w3.org/2001/XMLSchema" xmlns:msdata="urn:schemas-microsoft-com:xml-msdata">
    <xs:element name="NewDataSet" msdata:IsDataSet="true" msdata:UseCurrentLocale="true">
      <xs:complexType>
        <xs:choice minOccurs="0" maxOccurs="unbounded">
          <xs:element name="Prezzi">
            <xs:complexType>
              <xs:sequence>
                <xs:element name="Data" type="xs:string" minOccurs="0" />
                <xs:element name="Mercato" type="xs:string" minOccurs="0" />
                <xs:element name="Ora" type="xs:string" minOccurs="0" />
                <xs:element name="PUN" type="xs:string" minOccurs="0" />
                <xs:element name="NAT" type="xs:string" minOccurs="0" />
                <xs:element name="CNOR" type="xs:string" minOccurs="0" />
                <xs:element name="CSUD" type="xs:string" minOccurs="0" />
                <xs:element name="NORD" type="xs:string" minOccurs="0" />
                <xs:element name="SARD" type="xs:string" minOccurs="0" />
                <xs:element name="SICI" type="xs:string" minOccurs="0" />
                <xs:element name="SUD" type="xs:string" minOccurs="0" />
                <xs:element name="AUST" type="xs:string" minOccurs="0" />
                <xs:element name="BRNN" type="xs:string" minOccurs="0" />
                <xs:element name="COAC" type="xs:string" minOccurs="0" />
                <xs:element name="CORS" type="xs:string" minOccurs="0" />
                <xs:element name="FOGN" type="xs:string" minOccurs="0" />
                <xs:element name="FRAN" type="xs:string" minOccurs="0" />
                <xs:element name="GREC" type="xs:string" minOccurs="0" />
                <xs:element name="MFTV" type="xs:string" minOccurs="0" />
                <xs:element name="PRGP" type="xs:string" minOccurs="0" />
                <xs:element name="ROSN" type="xs:string" minOccurs="0" />
                <xs:element name="SLOV" type="xs:string" minOccurs="0" />
                <xs:element name="SVIZ" type="xs:string" minOccurs="0" />
                <xs:element name="BSP" type="xs:string" minOccurs="0" />
                <xs:element name="MALT" type="xs:string" minOccurs="0" />
                <xs:element name="XAUS" type="xs:string" minOccurs="0" />
                <xs:element name="XFRA" type="xs:string" minOccurs="0" />
              </xs:sequence>
            </xs:complexType>
          </xs:element>
        </xs:choice>
      </xs:complexType>
    </xs:element>
  </xs:schema>
  <Prezzi>
    <Data>20151012</Data>
    <Mercato>MGP</Mercato>
    <Ora>1</Ora>
    <PUN>35,127550</PUN>
    <NAT>40,730000</NAT>
    <CNOR>33,716410</CNOR>
    <CSUD>33,716410</CSUD>
    <NORD>33,716410</NORD>
    <SARD>33,716410</SARD>
    <SICI>58,750000</SICI>
    <SUD>33,716410</SUD>
    <AUST>33,716410</AUST>
    <BRNN>33,716410</BRNN>
    <COAC>33,716410</COAC>
    <CORS>33,716410</CORS>
    <FOGN>33,716410</FOGN>
    <FRAN>33,716410</FRAN>
    <GREC>33,716410</GREC>
    <MFTV>33,716410</MFTV>
    <PRGP>58,750000</PRGP>
    <ROSN>33,716410</ROSN>
    <SLOV>33,716410</SLOV>
    <SVIZ>33,716410</SVIZ>
    <BSP>33,716410</BSP>
    <MALT>58,750000</MALT>
    <XAUS>33,716410</XAUS>
    <XFRA>33,716410</XFRA>
  </Prezzi>
  <Prezzi>
    <Data>20151012</Data>
    <Mercato>MGP</Mercato>
    <Ora>2</Ora>
    <PUN>29,934770</PUN>
    <NAT>33,970000</NAT>
    <CNOR>28,090000</CNOR>
    <CSUD>28,090000</CSUD>
    <NORD>28,090000</NORD>
    <SARD>28,090000</SARD>
    <SICI>58,750000</SICI>
    <SUD>28,090000</SUD>
    <AUST>28,090000</AUST>
    <BRNN>28,090000</BRNN>
    <COAC>28,090000</COAC>
    <CORS>28,090000</CORS>
    <FOGN>28,090000</FOGN>
    <FRAN>28,090000</FRAN>
    <GREC>28,090000</GREC>
    <MFTV>28,090000</MFTV>
    <PRGP>58,750000</PRGP>
    <ROSN>28,090000</ROSN>
    <SLOV>28,090000</SLOV>
    <SVIZ>28,090000</SVIZ>
    <BSP>28,090000</BSP>
    <MALT>58,750000</MALT>
    <XAUS>28,090000</XAUS>
    <XFRA>28,090000</XFRA>
  </Prezzi>
  <Prezzi>
    <Data>20151012</Data>
    <Mercato>MGP</Mercato>
    <Ora>3</Ora>
    <PUN>29,147250</PUN>
    <NAT>32,000000</NAT>
    <CNOR>27,260000</CNOR>
    <CSUD>27,260000</CSUD>
    <NORD>27,260000</NORD>
    <SARD>27,260000</SARD>
    <SICI>58,750000</SICI>
    <SUD>27,260000</SUD>
    <AUST>27,260000</AUST>
    <BRNN>27,260000</BRNN>
    <COAC>27,260000</COAC>
    <CORS>27,260000</CORS>
    <FOGN>27,260000</FOGN>
    <FRAN>27,260000</FRAN>
    <GREC>27,260000</GREC>
    <MFTV>27,260000</MFTV>
    <PRGP>58,750000</PRGP>
    <ROSN>27,260000</ROSN>
    <SLOV>27,260000</SLOV>
    <SVIZ>27,260000</SVIZ>
    <BSP>27,260000</BSP>
    <MALT>58,750000</MALT>
    <XAUS>27,260000</XAUS>
    <XFRA>27,260000</XFRA>
  </Prezzi>
  <Prezzi>
    <Data>20151012</Data>
    <Mercato>MGP</Mercato>
    <Ora>4</Ora>
    <PUN>25,525780</PUN>
    <NAT>28,090000</NAT>
    <CNOR>23,682650</CNOR>
    <CSUD>23,682650</CSUD>
    <NORD>23,682650</NORD>
    <SARD>23,682650</SARD>
    <SICI>58,540000</SICI>
    <SUD>23,682650</SUD>
    <AUST>23,682650</AUST>
    <BRNN>23,682650</BRNN>
    <COAC>23,682650</COAC>
    <CORS>23,682650</CORS>
    <FOGN>23,682650</FOGN>
    <FRAN>23,682650</FRAN>
    <GREC>23,682650</GREC>
    <MFTV>23,682650</MFTV>
    <PRGP>58,540000</PRGP>
    <ROSN>23,682650</ROSN>
    <SLOV>23,682650</SLOV>
    <SVIZ>23,682650</SVIZ>
    <BSP>23,682650</BSP>
    <MALT>58,540000</MALT>
    <XAUS>23,682650</XAUS>
    <XFRA>23,682650</XFRA>
  </Prezzi>
  <Prezzi>
    <Data>20151012</Data>
    <Mercato>MGP</Mercato>
    <Ora>5</Ora>
    <PUN>25,730000</PUN>
    <NAT>27,650000</NAT>
    <CNOR>23,907570</CNOR>
    <CSUD>23,907570</CSUD>
    <NORD>23,907570</NORD>
    <SARD>23,907570</SARD>
    <SICI>58,540000</SICI>
    <SUD>23,907570</SUD>
    <AUST>23,907570</AUST>
    <BRNN>23,907570</BRNN>
    <COAC>23,907570</COAC>
    <CORS>23,907570</CORS>
    <FOGN>23,907570</FOGN>
    <FRAN>23,907570</FRAN>
    <GREC>23,907570</GREC>
    <MFTV>23,907570</MFTV>
    <PRGP>58,540000</PRGP>
    <ROSN>23,907570</ROSN>
    <SLOV>23,907570</SLOV>
    <SVIZ>23,907570</SVIZ>
    <BSP>23,907570</BSP>
    <MALT>58,540000</MALT>
    <XAUS>23,907570</XAUS>
    <XFRA>23,907570</XFRA>
  </Prezzi>
  <Prezzi>
    <Data>20151012</Data>
    <Mercato>MGP</Mercato>
    <Ora>6</Ora>
    <PUN>31,846660</PUN>
    <NAT>36,530000</NAT>
    <CNOR>30,200000</CNOR>
    <CSUD>30,200000</CSUD>
    <NORD>30,200000</NORD>
    <SARD>30,200000</SARD>
    <SICI>58,750000</SICI>
    <SUD>30,200000</SUD>
    <AUST>30,200000</AUST>
    <BRNN>30,200000</BRNN>
    <COAC>30,200000</COAC>
    <CORS>30,200000</CORS>
    <FOGN>30,200000</FOGN>
    <FRAN>30,200000</FRAN>
    <GREC>30,200000</GREC>
    <MFTV>30,200000</MFTV>
    <PRGP>58,750000</PRGP>
    <ROSN>30,200000</ROSN>
    <SLOV>30,200000</SLOV>
    <SVIZ>30,200000</SVIZ>
    <BSP>30,200000</BSP>
    <MALT>58,750000</MALT>
    <XAUS>30,200000</XAUS>
    <XFRA>30,200000</XFRA>
  </Prezzi>
  <Prezzi>
    <Data>20151012</Data>
    <Mercato>MGP</Mercato>
    <Ora>7</Ora>
    <PUN>50,381220</PUN>
    <NAT>50,190000</NAT>
    <CNOR>49,880000</CNOR>
    <CSUD>49,880000</CSUD>
    <NORD>49,880000</NORD>
    <SARD>49,880000</SARD>
    <SICI>60,420000</SICI>
    <SUD>49,880000</SUD>
    <AUST>49,880000</AUST>
    <BRNN>49,880000</BRNN>
    <COAC>49,880000</COAC>
    <CORS>49,880000</CORS>
    <FOGN>49,880000</FOGN>
    <FRAN>49,880000</FRAN>
    <GREC>49,880000</GREC>
    <MFTV>49,880000</MFTV>
    <PRGP>60,420000</PRGP>
    <ROSN>49,880000</ROSN>
    <SLOV>49,880000</SLOV>
    <SVIZ>49,880000</SVIZ>
    <BSP>49,880000</BSP>
    <MALT>60,420000</MALT>
    <XAUS>49,880000</XAUS>
    <XFRA>49,880000</XFRA>
  </Prezzi>
  <Prezzi>
    <Data>20151012</Data>
    <Mercato>MGP</Mercato>
    <Ora>8</Ora>
    <PUN>58,109750</PUN>
    <NAT>58,500000</NAT>
    <CNOR>58,000000</CNOR>
    <CSUD>58,000000</CSUD>
    <NORD>58,000000</NORD>
    <SARD>58,000000</SARD>
    <SICI>60,420000</SICI>
    <SUD>58,000000</SUD>
    <AUST>58,000000</AUST>
    <BRNN>58,000000</BRNN>
    <COAC>58,000000</COAC>
    <CORS>58,000000</CORS>
    <FOGN>58,000000</FOGN>
    <FRAN>58,000000</FRAN>
    <GREC>58,000000</GREC>
    <MFTV>58,000000</MFTV>
    <PRGP>60,420000</PRGP>
    <ROSN>58,000000</ROSN>
    <SLOV>58,000000</SLOV>
    <SVIZ>58,000000</SVIZ>
    <BSP>58,000000</BSP>
    <MALT>60,420000</MALT>
    <XAUS>58,000000</XAUS>
    <XFRA>58,000000</XFRA>
  </Prezzi>
  <Prezzi>
    <Data>20151012</Data>
    <Mercato>MGP</Mercato>
    <Ora>9</Ora>
    <PUN>61,877490</PUN>
    <NAT>61,050000</NAT>
    <CNOR>60,990000</CNOR>
    <CSUD>60,990000</CSUD>
    <NORD>60,990000</NORD>
    <SARD>69,260000</SARD>
    <SICI>75,160000</SICI>
    <SUD>60,990000</SUD>
    <AUST>60,990000</AUST>
    <BRNN>60,990000</BRNN>
    <COAC>69,260000</COAC>
    <CORS>60,990000</CORS>
    <FOGN>60,990000</FOGN>
    <FRAN>60,990000</FRAN>
    <GREC>60,990000</GREC>
    <MFTV>60,990000</MFTV>
    <PRGP>75,160000</PRGP>
    <ROSN>60,990000</ROSN>
    <SLOV>60,990000</SLOV>
    <SVIZ>60,990000</SVIZ>
    <BSP>60,990000</BSP>
    <MALT>75,160000</MALT>
    <XAUS>60,990000</XAUS>
    <XFRA>60,990000</XFRA>
  </Prezzi>
  <Prezzi>
    <Data>20151012</Data>
    <Mercato>MGP</Mercato>
    <Ora>10</Ora>
    <PUN>56,908580</PUN>
    <NAT>58,540000</NAT>
    <CNOR>56,560000</CNOR>
    <CSUD>56,560000</CSUD>
    <NORD>56,560000</NORD>
    <SARD>63,450000</SARD>
    <SICI>60,420000</SICI>
    <SUD>56,560000</SUD>
    <AUST>56,560000</AUST>
    <BRNN>56,560000</BRNN>
    <COAC>63,450000</COAC>
    <CORS>56,560000</CORS>
    <FOGN>56,560000</FOGN>
    <FRAN>56,560000</FRAN>
    <GREC>56,560000</GREC>
    <MFTV>56,560000</MFTV>
    <PRGP>60,420000</PRGP>
    <ROSN>56,560000</ROSN>
    <SLOV>56,560000</SLOV>
    <SVIZ>56,560000</SVIZ>
    <BSP>56,560000</BSP>
    <MALT>60,420000</MALT>
    <XAUS>56,560000</XAUS>
    <XFRA>56,560000</XFRA>
  </Prezzi>
  <Prezzi>
    <Data>20151012</Data>
    <Mercato>MGP</Mercato>
    <Ora>11</Ora>
    <PUN>50,569570</PUN>
    <NAT>52,000000</NAT>
    <CNOR>50,300000</CNOR>
    <CSUD>49,880000</CSUD>
    <NORD>50,300000</NORD>
    <SARD>50,300000</SARD>
    <SICI>58,750000</SICI>
    <SUD>49,880000</SUD>
    <AUST>50,300000</AUST>
    <BRNN>49,880000</BRNN>
    <COAC>50,300000</COAC>
    <CORS>50,300000</CORS>
    <FOGN>49,880000</FOGN>
    <FRAN>50,300000</FRAN>
    <GREC>49,880000</GREC>
    <MFTV>50,300000</MFTV>
    <PRGP>58,750000</PRGP>
    <ROSN>49,880000</ROSN>
    <SLOV>50,300000</SLOV>
    <SVIZ>50,300000</SVIZ>
    <BSP>50,300000</BSP>
    <MALT>58,750000</MALT>
    <XAUS>50,300000</XAUS>
    <XFRA>50,300000</XFRA>
  </Prezzi>
  <Prezzi>
    <Data>20151012</Data>
    <Mercato>MGP</Mercato>
    <Ora>12</Ora>
    <PUN>48,070600</PUN>
    <NAT>47,790000</NAT>
    <CNOR>48,707210</CNOR>
    <CSUD>44,150000</CSUD>
    <NORD>48,707210</NORD>
    <SARD>48,707210</SARD>
    <SICI>58,540000</SICI>
    <SUD>44,150000</SUD>
    <AUST>48,707210</AUST>
    <BRNN>44,150000</BRNN>
    <COAC>48,707210</COAC>
    <CORS>48,707210</CORS>
    <FOGN>44,150000</FOGN>
    <FRAN>48,707210</FRAN>
    <GREC>44,150000</GREC>
    <MFTV>48,707210</MFTV>
    <PRGP>58,540000</PRGP>
    <ROSN>44,150000</ROSN>
    <SLOV>48,707210</SLOV>
    <SVIZ>48,707210</SVIZ>
    <BSP>48,707210</BSP>
    <MALT>58,540000</MALT>
    <XAUS>48,707210</XAUS>
    <XFRA>48,707210</XFRA>
  </Prezzi>
  <Prezzi>
    <Data>20151012</Data>
    <Mercato>MGP</Mercato>
    <Ora>13</Ora>
    <PUN>46,253400</PUN>
    <NAT>44,710000</NAT>
    <CNOR>46,600000</CNOR>
    <CSUD>43,000000</CSUD>
    <NORD>46,600000</NORD>
    <SARD>46,600000</SARD>
    <SICI>58,540000</SICI>
    <SUD>43,000000</SUD>
    <AUST>46,600000</AUST>
    <BRNN>43,000000</BRNN>
    <COAC>46,600000</COAC>
    <CORS>46,600000</CORS>
    <FOGN>43,000000</FOGN>
    <FRAN>46,600000</FRAN>
    <GREC>43,000000</GREC>
    <MFTV>46,600000</MFTV>
    <PRGP>58,540000</PRGP>
    <ROSN>43,000000</ROSN>
    <SLOV>46,600000</SLOV>
    <SVIZ>46,600000</SVIZ>
    <BSP>46,600000</BSP>
    <MALT>58,540000</MALT>
    <XAUS>46,600000</XAUS>
    <XFRA>46,600000</XFRA>
  </Prezzi>
  <Prezzi>
    <Data>20151012</Data>
    <Mercato>MGP</Mercato>
    <Ora>14</Ora>
    <PUN>45,560920</PUN>
    <NAT>44,250000</NAT>
    <CNOR>46,111610</CNOR>
    <CSUD>42,000000</CSUD>
    <NORD>46,111610</NORD>
    <SARD>46,111610</SARD>
    <SICI>56,130000</SICI>
    <SUD>42,000000</SUD>
    <AUST>46,111610</AUST>
    <BRNN>42,000000</BRNN>
    <COAC>46,111610</COAC>
    <CORS>46,111610</CORS>
    <FOGN>42,000000</FOGN>
    <FRAN>46,111610</FRAN>
    <GREC>42,000000</GREC>
    <MFTV>46,111610</MFTV>
    <PRGP>56,130000</PRGP>
    <ROSN>42,000000</ROSN>
    <SLOV>46,111610</SLOV>
    <SVIZ>46,111610</SVIZ>
    <BSP>46,111610</BSP>
    <MALT>56,130000</MALT>
    <XAUS>46,111610</XAUS>
    <XFRA>46,111610</XFRA>
  </Prezzi>
  <Prezzi>
    <Data>20151012</Data>
    <Mercato>MGP</Mercato>
    <Ora>15</Ora>
    <PUN>46,452550</PUN>
    <NAT>45,400000</NAT>
    <CNOR>47,000000</CNOR>
    <CSUD>43,000000</CSUD>
    <NORD>47,000000</NORD>
    <SARD>47,000000</SARD>
    <SICI>56,130000</SICI>
    <SUD>43,000000</SUD>
    <AUST>47,000000</AUST>
    <BRNN>43,000000</BRNN>
    <COAC>47,000000</COAC>
    <CORS>47,000000</CORS>
    <FOGN>43,000000</FOGN>
    <FRAN>47,000000</FRAN>
    <GREC>43,000000</GREC>
    <MFTV>47,000000</MFTV>
    <PRGP>56,130000</PRGP>
    <ROSN>43,000000</ROSN>
    <SLOV>47,000000</SLOV>
    <SVIZ>47,000000</SVIZ>
    <BSP>47,000000</BSP>
    <MALT>56,130000</MALT>
    <XAUS>47,000000</XAUS>
    <XFRA>47,000000</XFRA>
  </Prezzi>
  <Prezzi>
    <Data>20151012</Data>
    <Mercato>MGP</Mercato>
    <Ora>16</Ora>
    <PUN>48,218760</PUN>
    <NAT>48,890000</NAT>
    <CNOR>48,890000</CNOR>
    <CSUD>44,250000</CSUD>
    <NORD>48,890000</NORD>
    <SARD>48,890000</SARD>
    <SICI>58,540000</SICI>
    <SUD>44,250000</SUD>
    <AUST>48,890000</AUST>
    <BRNN>44,250000</BRNN>
    <COAC>48,890000</COAC>
    <CORS>48,890000</CORS>
    <FOGN>44,250000</FOGN>
    <FRAN>48,890000</FRAN>
    <GREC>44,250000</GREC>
    <MFTV>48,890000</MFTV>
    <PRGP>58,540000</PRGP>
    <ROSN>44,250000</ROSN>
    <SLOV>48,890000</SLOV>
    <SVIZ>48,890000</SVIZ>
    <BSP>48,890000</BSP>
    <MALT>58,540000</MALT>
    <XAUS>48,890000</XAUS>
    <XFRA>48,890000</XFRA>
  </Prezzi>
  <Prezzi>
    <Data>20151012</Data>
    <Mercato>MGP</Mercato>
    <Ora>17</Ora>
    <PUN>52,350000</PUN>
    <NAT>52,800000</NAT>
    <CNOR>52,369350</CNOR>
    <CSUD>50,100000</CSUD>
    <NORD>52,369350</NORD>
    <SARD>61,870000</SARD>
    <SICI>58,750000</SICI>
    <SUD>50,100000</SUD>
    <AUST>52,369350</AUST>
    <BRNN>50,100000</BRNN>
    <COAC>61,870000</COAC>
    <CORS>61,870000</CORS>
    <FOGN>50,100000</FOGN>
    <FRAN>52,369350</FRAN>
    <GREC>50,100000</GREC>
    <MFTV>52,369350</MFTV>
    <PRGP>58,750000</PRGP>
    <ROSN>50,100000</ROSN>
    <SLOV>52,369350</SLOV>
    <SVIZ>52,369350</SVIZ>
    <BSP>52,369350</BSP>
    <MALT>58,750000</MALT>
    <XAUS>52,369350</XAUS>
    <XFRA>52,369350</XFRA>
  </Prezzi>
  <Prezzi>
    <Data>20151012</Data>
    <Mercato>MGP</Mercato>
    <Ora>18</Ora>
    <PUN>52,511860</PUN>
    <NAT>54,380000</NAT>
    <CNOR>51,000000</CNOR>
    <CSUD>51,000000</CSUD>
    <NORD>51,000000</NORD>
    <SARD>63,450000</SARD>
    <SICI>75,160000</SICI>
    <SUD>51,000000</SUD>
    <AUST>51,000000</AUST>
    <BRNN>51,000000</BRNN>
    <COAC>63,450000</COAC>
    <CORS>51,000000</CORS>
    <FOGN>51,000000</FOGN>
    <FRAN>51,000000</FRAN>
    <GREC>51,000000</GREC>
    <MFTV>51,000000</MFTV>
    <PRGP>75,160000</PRGP>
    <ROSN>51,000000</ROSN>
    <SLOV>51,000000</SLOV>
    <SVIZ>51,000000</SVIZ>
    <BSP>51,000000</BSP>
    <MALT>75,160000</MALT>
    <XAUS>51,000000</XAUS>
    <XFRA>51,000000</XFRA>
  </Prezzi>
  <Prezzi>
    <Data>20151012</Data>
    <Mercato>MGP</Mercato>
    <Ora>19</Ora>
    <PUN>61,276450</PUN>
    <NAT>60,980000</NAT>
    <CNOR>63,430000</CNOR>
    <CSUD>63,430000</CSUD>
    <NORD>57,850000</NORD>
    <SARD>69,260000</SARD>
    <SICI>76,610000</SICI>
    <SUD>63,430000</SUD>
    <AUST>57,850000</AUST>
    <BRNN>63,430000</BRNN>
    <COAC>69,260000</COAC>
    <CORS>63,430000</CORS>
    <FOGN>63,430000</FOGN>
    <FRAN>57,850000</FRAN>
    <GREC>63,430000</GREC>
    <MFTV>57,850000</MFTV>
    <PRGP>76,610000</PRGP>
    <ROSN>63,430000</ROSN>
    <SLOV>57,850000</SLOV>
    <SVIZ>57,850000</SVIZ>
    <BSP>57,850000</BSP>
    <MALT>76,610000</MALT>
    <XAUS>57,850000</XAUS>
    <XFRA>57,850000</XFRA>
  </Prezzi>
  <Prezzi>
    <Data>20151012</Data>
    <Mercato>MGP</Mercato>
    <Ora>20</Ora>
    <PUN>75,220000</PUN>
    <NAT>75,220000</NAT>
    <CNOR>85,000000</CNOR>
    <CSUD>85,000000</CSUD>
    <NORD>66,870000</NORD>
    <SARD>85,000000</SARD>
    <SICI>86,887770</SICI>
    <SUD>85,000000</SUD>
    <AUST>66,870000</AUST>
    <BRNN>85,000000</BRNN>
    <COAC>85,000000</COAC>
    <CORS>85,000000</CORS>
    <FOGN>85,000000</FOGN>
    <FRAN>66,870000</FRAN>
    <GREC>85,000000</GREC>
    <MFTV>66,870000</MFTV>
    <PRGP>86,887770</PRGP>
    <ROSN>85,000000</ROSN>
    <SLOV>66,870000</SLOV>
    <SVIZ>66,870000</SVIZ>
    <BSP>66,870000</BSP>
    <MALT>86,887770</MALT>
    <XAUS>66,870000</XAUS>
    <XFRA>66,870000</XFRA>
  </Prezzi>
  <Prezzi>
    <Data>20151012</Data>
    <Mercato>MGP</Mercato>
    <Ora>21</Ora>
    <PUN>71,981580</PUN>
    <NAT>63,450000</NAT>
    <CNOR>89,950000</CNOR>
    <CSUD>89,950000</CSUD>
    <NORD>56,664090</NORD>
    <SARD>89,950000</SARD>
    <SICI>78,400000</SICI>
    <SUD>89,950000</SUD>
    <AUST>56,664090</AUST>
    <BRNN>89,950000</BRNN>
    <COAC>89,950000</COAC>
    <CORS>89,950000</CORS>
    <FOGN>89,950000</FOGN>
    <FRAN>56,664090</FRAN>
    <GREC>89,950000</GREC>
    <MFTV>56,664090</MFTV>
    <PRGP>78,400000</PRGP>
    <ROSN>89,950000</ROSN>
    <SLOV>56,664090</SLOV>
    <SVIZ>56,664090</SVIZ>
    <BSP>56,664090</BSP>
    <MALT>78,400000</MALT>
    <XAUS>56,664090</XAUS>
    <XFRA>56,664090</XFRA>
  </Prezzi>
  <Prezzi>
    <Data>20151012</Data>
    <Mercato>MGP</Mercato>
    <Ora>22</Ora>
    <PUN>60,171090</PUN>
    <NAT>55,990000</NAT>
    <CNOR>69,260000</CNOR>
    <CSUD>69,260000</CSUD>
    <NORD>51,000000</NORD>
    <SARD>69,260000</SARD>
    <SICI>76,610000</SICI>
    <SUD>69,260000</SUD>
    <AUST>51,000000</AUST>
    <BRNN>69,260000</BRNN>
    <COAC>69,260000</COAC>
    <CORS>69,260000</CORS>
    <FOGN>69,260000</FOGN>
    <FRAN>51,000000</FRAN>
    <GREC>69,260000</GREC>
    <MFTV>51,000000</MFTV>
    <PRGP>76,610000</PRGP>
    <ROSN>69,260000</ROSN>
    <SLOV>51,000000</SLOV>
    <SVIZ>51,000000</SVIZ>
    <BSP>51,000000</BSP>
    <MALT>76,610000</MALT>
    <XAUS>51,000000</XAUS>
    <XFRA>51,000000</XFRA>
  </Prezzi>
  <Prezzi>
    <Data>20151012</Data>
    <Mercato>MGP</Mercato>
    <Ora>23</Ora>
    <PUN>52,191670</PUN>
    <NAT>53,120000</NAT>
    <CNOR>50,110000</CNOR>
    <CSUD>50,110000</CSUD>
    <NORD>50,110000</NORD>
    <SARD>69,260000</SARD>
    <SICI>76,510000</SICI>
    <SUD>50,110000</SUD>
    <AUST>50,110000</AUST>
    <BRNN>50,110000</BRNN>
    <COAC>69,260000</COAC>
    <CORS>50,110000</CORS>
    <FOGN>50,110000</FOGN>
    <FRAN>50,110000</FRAN>
    <GREC>50,110000</GREC>
    <MFTV>50,110000</MFTV>
    <PRGP>76,510000</PRGP>
    <ROSN>50,110000</ROSN>
    <SLOV>50,110000</SLOV>
    <SVIZ>50,110000</SVIZ>
    <BSP>50,110000</BSP>
    <MALT>76,510000</MALT>
    <XAUS>50,110000</XAUS>
    <XFRA>50,110000</XFRA>
  </Prezzi>
  <Prezzi>
    <Data>20151012</Data>
    <Mercato>MGP</Mercato>
    <Ora>24</Ora>
    <PUN>48,646770</PUN>
    <NAT>50,090000</NAT>
    <CNOR>46,300000</CNOR>
    <CSUD>46,300000</CSUD>
    <NORD>46,300000</NORD>
    <SARD>69,260000</SARD>
    <SICI>75,160000</SICI>
    <SUD>46,300000</SUD>
    <AUST>46,300000</AUST>
    <BRNN>46,300000</BRNN>
    <COAC>69,260000</COAC>
    <CORS>69,260000</CORS>
    <FOGN>46,300000</FOGN>
    <FRAN>46,300000</FRAN>
    <GREC>46,300000</GREC>
    <MFTV>46,300000</MFTV>
    <PRGP>75,160000</PRGP>
    <ROSN>46,300000</ROSN>
    <SLOV>46,300000</SLOV>
    <SVIZ>46,300000</SVIZ>
    <BSP>46,300000</BSP>
    <MALT>75,160000</MALT>
    <XAUS>46,300000</XAUS>
    <XFRA>46,300000</XFRA>
  </Prezzi>
</NewDataSet>