<?xml version="1.0" standalone="yes"?>
<NewDataSet>
  <xs:schema id="NewDataSet" xmlns="" xmlns:xs="http://www.w3.org/2001/XMLSchema" xmlns:msdata="urn:schemas-microsoft-com:xml-msdata">
    <xs:element name="NewDataSet" msdata:IsDataSet="true" msdata:UseCurrentLocale="true">
      <xs:complexType>
        <xs:choice minOccurs="0" maxOccurs="unbounded">
          <xs:element name="Prezzi">
            <xs:complexType>
              <xs:sequence>
                <xs:element name="Data" type="xs:string" minOccurs="0" />
                <xs:element name="Mercato" type="xs:string" minOccurs="0" />
                <xs:element name="Ora" type="xs:string" minOccurs="0" />
                <xs:element name="PUN" type="xs:string" minOccurs="0" />
                <xs:element name="NAT" type="xs:string" minOccurs="0" />
                <xs:element name="CNOR" type="xs:string" minOccurs="0" />
                <xs:element name="CSUD" type="xs:string" minOccurs="0" />
                <xs:element name="NORD" type="xs:string" minOccurs="0" />
                <xs:element name="SARD" type="xs:string" minOccurs="0" />
                <xs:element name="SICI" type="xs:string" minOccurs="0" />
                <xs:element name="SUD" type="xs:string" minOccurs="0" />
                <xs:element name="AUST" type="xs:string" minOccurs="0" />
                <xs:element name="BRNN" type="xs:string" minOccurs="0" />
                <xs:element name="COAC" type="xs:string" minOccurs="0" />
                <xs:element name="CORS" type="xs:string" minOccurs="0" />
                <xs:element name="FOGN" type="xs:string" minOccurs="0" />
                <xs:element name="FRAN" type="xs:string" minOccurs="0" />
                <xs:element name="GREC" type="xs:string" minOccurs="0" />
                <xs:element name="MFTV" type="xs:string" minOccurs="0" />
                <xs:element name="PRGP" type="xs:string" minOccurs="0" />
                <xs:element name="ROSN" type="xs:string" minOccurs="0" />
                <xs:element name="SLOV" type="xs:string" minOccurs="0" />
                <xs:element name="SVIZ" type="xs:string" minOccurs="0" />
                <xs:element name="BSP" type="xs:string" minOccurs="0" />
                <xs:element name="MALT" type="xs:string" minOccurs="0" />
                <xs:element name="XAUS" type="xs:string" minOccurs="0" />
                <xs:element name="XFRA" type="xs:string" minOccurs="0" />
              </xs:sequence>
            </xs:complexType>
          </xs:element>
        </xs:choice>
      </xs:complexType>
    </xs:element>
  </xs:schema>
  <Prezzi>
    <Data>20170122</Data>
    <Mercato>MGP</Mercato>
    <Ora>1</Ora>
    <PUN>69,921680</PUN>
    <NAT>61,480000</NAT>
    <CNOR>79,281970</CNOR>
    <CSUD>53,000000</CSUD>
    <NORD>79,281970</NORD>
    <SARD>53,000000</SARD>
    <SICI>53,000000</SICI>
    <SUD>53,000000</SUD>
    <AUST>79,281970</AUST>
    <BRNN>53,000000</BRNN>
    <COAC>53,000000</COAC>
    <CORS>79,281970</CORS>
    <FOGN>53,000000</FOGN>
    <FRAN>79,281970</FRAN>
    <GREC>53,000000</GREC>
    <MFTV>79,281970</MFTV>
    <PRGP>53,000000</PRGP>
    <ROSN>53,000000</ROSN>
    <SLOV>79,281970</SLOV>
    <SVIZ>79,281970</SVIZ>
    <BSP>79,281970</BSP>
    <MALT>53,000000</MALT>
    <XAUS>79,281970</XAUS>
    <XFRA>79,281970</XFRA>
  </Prezzi>
  <Prezzi>
    <Data>20170122</Data>
    <Mercato>MGP</Mercato>
    <Ora>2</Ora>
    <PUN>65,107590</PUN>
    <NAT>54,530000</NAT>
    <CNOR>72,100000</CNOR>
    <CSUD>52,000000</CSUD>
    <NORD>72,100000</NORD>
    <SARD>52,000000</SARD>
    <SICI>52,000000</SICI>
    <SUD>52,000000</SUD>
    <AUST>72,100000</AUST>
    <BRNN>52,000000</BRNN>
    <COAC>52,000000</COAC>
    <CORS>72,100000</CORS>
    <FOGN>52,000000</FOGN>
    <FRAN>72,100000</FRAN>
    <GREC>52,000000</GREC>
    <MFTV>72,100000</MFTV>
    <PRGP>52,000000</PRGP>
    <ROSN>52,000000</ROSN>
    <SLOV>72,100000</SLOV>
    <SVIZ>72,100000</SVIZ>
    <BSP>72,100000</BSP>
    <MALT>52,000000</MALT>
    <XAUS>72,100000</XAUS>
    <XFRA>72,100000</XFRA>
  </Prezzi>
  <Prezzi>
    <Data>20170122</Data>
    <Mercato>MGP</Mercato>
    <Ora>3</Ora>
    <PUN>60,520300</PUN>
    <NAT>54,000000</NAT>
    <CNOR>66,440000</CNOR>
    <CSUD>49,150000</CSUD>
    <NORD>66,440000</NORD>
    <SARD>49,150000</SARD>
    <SICI>49,150000</SICI>
    <SUD>49,150000</SUD>
    <AUST>66,440000</AUST>
    <BRNN>49,150000</BRNN>
    <COAC>49,150000</COAC>
    <CORS>66,440000</CORS>
    <FOGN>49,150000</FOGN>
    <FRAN>66,440000</FRAN>
    <GREC>49,150000</GREC>
    <MFTV>66,440000</MFTV>
    <PRGP>49,150000</PRGP>
    <ROSN>49,150000</ROSN>
    <SLOV>66,440000</SLOV>
    <SVIZ>66,440000</SVIZ>
    <BSP>66,440000</BSP>
    <MALT>49,150000</MALT>
    <XAUS>66,440000</XAUS>
    <XFRA>66,440000</XFRA>
  </Prezzi>
  <Prezzi>
    <Data>20170122</Data>
    <Mercato>MGP</Mercato>
    <Ora>4</Ora>
    <PUN>58,440810</PUN>
    <NAT>53,580000</NAT>
    <CNOR>63,160000</CNOR>
    <CSUD>49,150000</CSUD>
    <NORD>63,160000</NORD>
    <SARD>49,150000</SARD>
    <SICI>49,150000</SICI>
    <SUD>49,150000</SUD>
    <AUST>63,160000</AUST>
    <BRNN>49,150000</BRNN>
    <COAC>49,150000</COAC>
    <CORS>63,160000</CORS>
    <FOGN>49,150000</FOGN>
    <FRAN>63,160000</FRAN>
    <GREC>49,150000</GREC>
    <MFTV>63,160000</MFTV>
    <PRGP>49,150000</PRGP>
    <ROSN>49,150000</ROSN>
    <SLOV>63,160000</SLOV>
    <SVIZ>63,160000</SVIZ>
    <BSP>63,160000</BSP>
    <MALT>49,150000</MALT>
    <XAUS>63,160000</XAUS>
    <XFRA>63,160000</XFRA>
  </Prezzi>
  <Prezzi>
    <Data>20170122</Data>
    <Mercato>MGP</Mercato>
    <Ora>5</Ora>
    <PUN>56,557650</PUN>
    <NAT>53,000000</NAT>
    <CNOR>60,290000</CNOR>
    <CSUD>49,150000</CSUD>
    <NORD>60,290000</NORD>
    <SARD>49,150000</SARD>
    <SICI>49,150000</SICI>
    <SUD>49,150000</SUD>
    <AUST>60,290000</AUST>
    <BRNN>49,150000</BRNN>
    <COAC>49,150000</COAC>
    <CORS>60,290000</CORS>
    <FOGN>49,150000</FOGN>
    <FRAN>60,290000</FRAN>
    <GREC>49,150000</GREC>
    <MFTV>60,290000</MFTV>
    <PRGP>49,150000</PRGP>
    <ROSN>49,150000</ROSN>
    <SLOV>60,290000</SLOV>
    <SVIZ>60,290000</SVIZ>
    <BSP>60,290000</BSP>
    <MALT>49,150000</MALT>
    <XAUS>60,290000</XAUS>
    <XFRA>60,290000</XFRA>
  </Prezzi>
  <Prezzi>
    <Data>20170122</Data>
    <Mercato>MGP</Mercato>
    <Ora>6</Ora>
    <PUN>56,437410</PUN>
    <NAT>53,000000</NAT>
    <CNOR>60,100000</CNOR>
    <CSUD>49,150000</CSUD>
    <NORD>60,100000</NORD>
    <SARD>49,150000</SARD>
    <SICI>49,150000</SICI>
    <SUD>49,150000</SUD>
    <AUST>60,100000</AUST>
    <BRNN>49,150000</BRNN>
    <COAC>49,150000</COAC>
    <CORS>60,100000</CORS>
    <FOGN>49,150000</FOGN>
    <FRAN>60,100000</FRAN>
    <GREC>49,150000</GREC>
    <MFTV>60,100000</MFTV>
    <PRGP>49,150000</PRGP>
    <ROSN>49,150000</ROSN>
    <SLOV>60,100000</SLOV>
    <SVIZ>60,100000</SVIZ>
    <BSP>60,100000</BSP>
    <MALT>49,150000</MALT>
    <XAUS>60,100000</XAUS>
    <XFRA>60,100000</XFRA>
  </Prezzi>
  <Prezzi>
    <Data>20170122</Data>
    <Mercato>MGP</Mercato>
    <Ora>7</Ora>
    <PUN>57,795300</PUN>
    <NAT>53,580000</NAT>
    <CNOR>60,707130</CNOR>
    <CSUD>52,000000</CSUD>
    <NORD>60,707130</NORD>
    <SARD>52,000000</SARD>
    <SICI>52,000000</SICI>
    <SUD>52,000000</SUD>
    <AUST>60,707130</AUST>
    <BRNN>52,000000</BRNN>
    <COAC>52,000000</COAC>
    <CORS>60,707130</CORS>
    <FOGN>52,000000</FOGN>
    <FRAN>60,707130</FRAN>
    <GREC>52,000000</GREC>
    <MFTV>60,707130</MFTV>
    <PRGP>52,000000</PRGP>
    <ROSN>52,000000</ROSN>
    <SLOV>60,707130</SLOV>
    <SVIZ>60,707130</SVIZ>
    <BSP>60,707130</BSP>
    <MALT>52,000000</MALT>
    <XAUS>60,707130</XAUS>
    <XFRA>60,707130</XFRA>
  </Prezzi>
  <Prezzi>
    <Data>20170122</Data>
    <Mercato>MGP</Mercato>
    <Ora>8</Ora>
    <PUN>58,151490</PUN>
    <NAT>54,000000</NAT>
    <CNOR>61,230000</CNOR>
    <CSUD>52,000000</CSUD>
    <NORD>61,230000</NORD>
    <SARD>52,000000</SARD>
    <SICI>52,000000</SICI>
    <SUD>52,000000</SUD>
    <AUST>61,230000</AUST>
    <BRNN>52,000000</BRNN>
    <COAC>52,000000</COAC>
    <CORS>61,230000</CORS>
    <FOGN>52,000000</FOGN>
    <FRAN>61,230000</FRAN>
    <GREC>52,000000</GREC>
    <MFTV>61,230000</MFTV>
    <PRGP>52,000000</PRGP>
    <ROSN>52,000000</ROSN>
    <SLOV>61,230000</SLOV>
    <SVIZ>61,230000</SVIZ>
    <BSP>61,230000</BSP>
    <MALT>52,000000</MALT>
    <XAUS>61,230000</XAUS>
    <XFRA>61,230000</XFRA>
  </Prezzi>
  <Prezzi>
    <Data>20170122</Data>
    <Mercato>MGP</Mercato>
    <Ora>9</Ora>
    <PUN>58,995240</PUN>
    <NAT>55,000000</NAT>
    <CNOR>62,230000</CNOR>
    <CSUD>53,000000</CSUD>
    <NORD>62,230000</NORD>
    <SARD>53,000000</SARD>
    <SICI>53,000000</SICI>
    <SUD>53,000000</SUD>
    <AUST>62,230000</AUST>
    <BRNN>53,000000</BRNN>
    <COAC>53,000000</COAC>
    <CORS>62,230000</CORS>
    <FOGN>53,000000</FOGN>
    <FRAN>62,230000</FRAN>
    <GREC>53,000000</GREC>
    <MFTV>62,230000</MFTV>
    <PRGP>53,000000</PRGP>
    <ROSN>53,000000</ROSN>
    <SLOV>62,230000</SLOV>
    <SVIZ>62,230000</SVIZ>
    <BSP>62,230000</BSP>
    <MALT>53,000000</MALT>
    <XAUS>62,230000</XAUS>
    <XFRA>62,230000</XFRA>
  </Prezzi>
  <Prezzi>
    <Data>20170122</Data>
    <Mercato>MGP</Mercato>
    <Ora>10</Ora>
    <PUN>63,647520</PUN>
    <NAT>58,800000</NAT>
    <CNOR>69,017850</CNOR>
    <CSUD>54,000000</CSUD>
    <NORD>69,017850</NORD>
    <SARD>54,000000</SARD>
    <SICI>54,000000</SICI>
    <SUD>54,000000</SUD>
    <AUST>69,017850</AUST>
    <BRNN>54,000000</BRNN>
    <COAC>54,000000</COAC>
    <CORS>69,017850</CORS>
    <FOGN>54,000000</FOGN>
    <FRAN>69,017850</FRAN>
    <GREC>54,000000</GREC>
    <MFTV>69,017850</MFTV>
    <PRGP>54,000000</PRGP>
    <ROSN>54,000000</ROSN>
    <SLOV>69,017850</SLOV>
    <SVIZ>69,017850</SVIZ>
    <BSP>69,017850</BSP>
    <MALT>54,000000</MALT>
    <XAUS>69,017850</XAUS>
    <XFRA>69,017850</XFRA>
  </Prezzi>
  <Prezzi>
    <Data>20170122</Data>
    <Mercato>MGP</Mercato>
    <Ora>11</Ora>
    <PUN>65,596670</PUN>
    <NAT>60,710000</NAT>
    <CNOR>72,690000</CNOR>
    <CSUD>53,000000</CSUD>
    <NORD>72,690000</NORD>
    <SARD>53,000000</SARD>
    <SICI>53,000000</SICI>
    <SUD>53,000000</SUD>
    <AUST>72,690000</AUST>
    <BRNN>53,000000</BRNN>
    <COAC>53,000000</COAC>
    <CORS>72,690000</CORS>
    <FOGN>53,000000</FOGN>
    <FRAN>72,690000</FRAN>
    <GREC>53,000000</GREC>
    <MFTV>72,690000</MFTV>
    <PRGP>53,000000</PRGP>
    <ROSN>53,000000</ROSN>
    <SLOV>72,690000</SLOV>
    <SVIZ>72,690000</SVIZ>
    <BSP>72,690000</BSP>
    <MALT>53,000000</MALT>
    <XAUS>72,690000</XAUS>
    <XFRA>72,690000</XFRA>
  </Prezzi>
  <Prezzi>
    <Data>20170122</Data>
    <Mercato>MGP</Mercato>
    <Ora>12</Ora>
    <PUN>67,153740</PUN>
    <NAT>61,480000</NAT>
    <CNOR>75,000000</CNOR>
    <CSUD>53,000000</CSUD>
    <NORD>75,000000</NORD>
    <SARD>53,000000</SARD>
    <SICI>53,000000</SICI>
    <SUD>53,000000</SUD>
    <AUST>75,000000</AUST>
    <BRNN>53,000000</BRNN>
    <COAC>53,000000</COAC>
    <CORS>75,000000</CORS>
    <FOGN>53,000000</FOGN>
    <FRAN>75,000000</FRAN>
    <GREC>53,000000</GREC>
    <MFTV>75,000000</MFTV>
    <PRGP>53,000000</PRGP>
    <ROSN>53,000000</ROSN>
    <SLOV>75,000000</SLOV>
    <SVIZ>75,000000</SVIZ>
    <BSP>75,000000</BSP>
    <MALT>53,000000</MALT>
    <XAUS>75,000000</XAUS>
    <XFRA>75,000000</XFRA>
  </Prezzi>
  <Prezzi>
    <Data>20170122</Data>
    <Mercato>MGP</Mercato>
    <Ora>13</Ora>
    <PUN>67,117350</PUN>
    <NAT>61,480000</NAT>
    <CNOR>75,190000</CNOR>
    <CSUD>53,000000</CSUD>
    <NORD>75,190000</NORD>
    <SARD>53,000000</SARD>
    <SICI>53,000000</SICI>
    <SUD>53,000000</SUD>
    <AUST>75,190000</AUST>
    <BRNN>53,000000</BRNN>
    <COAC>53,000000</COAC>
    <CORS>75,190000</CORS>
    <FOGN>53,000000</FOGN>
    <FRAN>75,190000</FRAN>
    <GREC>53,000000</GREC>
    <MFTV>75,190000</MFTV>
    <PRGP>53,000000</PRGP>
    <ROSN>53,000000</ROSN>
    <SLOV>75,190000</SLOV>
    <SVIZ>75,190000</SVIZ>
    <BSP>75,190000</BSP>
    <MALT>53,000000</MALT>
    <XAUS>75,190000</XAUS>
    <XFRA>75,190000</XFRA>
  </Prezzi>
  <Prezzi>
    <Data>20170122</Data>
    <Mercato>MGP</Mercato>
    <Ora>14</Ora>
    <PUN>63,455290</PUN>
    <NAT>58,140000</NAT>
    <CNOR>69,480000</CNOR>
    <CSUD>52,940000</CSUD>
    <NORD>69,480000</NORD>
    <SARD>52,940000</SARD>
    <SICI>52,940000</SICI>
    <SUD>52,940000</SUD>
    <AUST>69,480000</AUST>
    <BRNN>52,940000</BRNN>
    <COAC>52,940000</COAC>
    <CORS>69,480000</CORS>
    <FOGN>52,940000</FOGN>
    <FRAN>69,480000</FRAN>
    <GREC>52,940000</GREC>
    <MFTV>69,480000</MFTV>
    <PRGP>52,940000</PRGP>
    <ROSN>52,940000</ROSN>
    <SLOV>69,480000</SLOV>
    <SVIZ>69,480000</SVIZ>
    <BSP>69,480000</BSP>
    <MALT>52,940000</MALT>
    <XAUS>69,480000</XAUS>
    <XFRA>69,480000</XFRA>
  </Prezzi>
  <Prezzi>
    <Data>20170122</Data>
    <Mercato>MGP</Mercato>
    <Ora>15</Ora>
    <PUN>58,131860</PUN>
    <NAT>54,000000</NAT>
    <CNOR>61,480000</CNOR>
    <CSUD>52,000000</CSUD>
    <NORD>61,480000</NORD>
    <SARD>52,000000</SARD>
    <SICI>52,000000</SICI>
    <SUD>52,000000</SUD>
    <AUST>61,480000</AUST>
    <BRNN>52,000000</BRNN>
    <COAC>52,000000</COAC>
    <CORS>61,480000</CORS>
    <FOGN>52,000000</FOGN>
    <FRAN>61,480000</FRAN>
    <GREC>52,000000</GREC>
    <MFTV>61,480000</MFTV>
    <PRGP>52,000000</PRGP>
    <ROSN>52,000000</ROSN>
    <SLOV>61,480000</SLOV>
    <SVIZ>61,480000</SVIZ>
    <BSP>61,480000</BSP>
    <MALT>52,000000</MALT>
    <XAUS>61,480000</XAUS>
    <XFRA>61,480000</XFRA>
  </Prezzi>
  <Prezzi>
    <Data>20170122</Data>
    <Mercato>MGP</Mercato>
    <Ora>16</Ora>
    <PUN>56,544800</PUN>
    <NAT>54,000000</NAT>
    <CNOR>58,529220</CNOR>
    <CSUD>53,000000</CSUD>
    <NORD>58,529220</NORD>
    <SARD>53,000000</SARD>
    <SICI>53,000000</SICI>
    <SUD>53,000000</SUD>
    <AUST>58,529220</AUST>
    <BRNN>53,000000</BRNN>
    <COAC>53,000000</COAC>
    <CORS>58,529220</CORS>
    <FOGN>53,000000</FOGN>
    <FRAN>58,529220</FRAN>
    <GREC>53,000000</GREC>
    <MFTV>58,529220</MFTV>
    <PRGP>53,000000</PRGP>
    <ROSN>53,000000</ROSN>
    <SLOV>58,529220</SLOV>
    <SVIZ>58,529220</SVIZ>
    <BSP>58,529220</BSP>
    <MALT>53,000000</MALT>
    <XAUS>58,529220</XAUS>
    <XFRA>58,529220</XFRA>
  </Prezzi>
  <Prezzi>
    <Data>20170122</Data>
    <Mercato>MGP</Mercato>
    <Ora>17</Ora>
    <PUN>58,242040</PUN>
    <NAT>54,260000</NAT>
    <CNOR>61,193230</CNOR>
    <CSUD>53,000000</CSUD>
    <NORD>61,193230</NORD>
    <SARD>53,000000</SARD>
    <SICI>53,000000</SICI>
    <SUD>53,000000</SUD>
    <AUST>61,193230</AUST>
    <BRNN>53,000000</BRNN>
    <COAC>53,000000</COAC>
    <CORS>61,193230</CORS>
    <FOGN>53,000000</FOGN>
    <FRAN>61,193230</FRAN>
    <GREC>53,000000</GREC>
    <MFTV>61,193230</MFTV>
    <PRGP>53,000000</PRGP>
    <ROSN>53,000000</ROSN>
    <SLOV>61,193230</SLOV>
    <SVIZ>61,193230</SVIZ>
    <BSP>61,193230</BSP>
    <MALT>53,000000</MALT>
    <XAUS>61,193230</XAUS>
    <XFRA>61,193230</XFRA>
  </Prezzi>
  <Prezzi>
    <Data>20170122</Data>
    <Mercato>MGP</Mercato>
    <Ora>18</Ora>
    <PUN>64,215030</PUN>
    <NAT>64,170000</NAT>
    <CNOR>67,330000</CNOR>
    <CSUD>58,900000</CSUD>
    <NORD>67,330000</NORD>
    <SARD>58,900000</SARD>
    <SICI>58,900000</SICI>
    <SUD>58,900000</SUD>
    <AUST>67,330000</AUST>
    <BRNN>58,900000</BRNN>
    <COAC>58,900000</COAC>
    <CORS>67,330000</CORS>
    <FOGN>58,900000</FOGN>
    <FRAN>67,330000</FRAN>
    <GREC>58,900000</GREC>
    <MFTV>67,330000</MFTV>
    <PRGP>58,900000</PRGP>
    <ROSN>58,900000</ROSN>
    <SLOV>67,330000</SLOV>
    <SVIZ>67,330000</SVIZ>
    <BSP>67,330000</BSP>
    <MALT>58,900000</MALT>
    <XAUS>67,330000</XAUS>
    <XFRA>67,330000</XFRA>
  </Prezzi>
  <Prezzi>
    <Data>20170122</Data>
    <Mercato>MGP</Mercato>
    <Ora>19</Ora>
    <PUN>79,784600</PUN>
    <NAT>80,780000</NAT>
    <CNOR>85,382930</CNOR>
    <CSUD>70,000000</CSUD>
    <NORD>85,382930</NORD>
    <SARD>70,000000</SARD>
    <SICI>70,250000</SICI>
    <SUD>70,000000</SUD>
    <AUST>85,382930</AUST>
    <BRNN>70,000000</BRNN>
    <COAC>70,000000</COAC>
    <CORS>85,382930</CORS>
    <FOGN>70,000000</FOGN>
    <FRAN>85,382930</FRAN>
    <GREC>70,000000</GREC>
    <MFTV>85,382930</MFTV>
    <PRGP>70,250000</PRGP>
    <ROSN>70,000000</ROSN>
    <SLOV>85,382930</SLOV>
    <SVIZ>85,382930</SVIZ>
    <BSP>85,382930</BSP>
    <MALT>70,250000</MALT>
    <XAUS>85,382930</XAUS>
    <XFRA>85,382930</XFRA>
  </Prezzi>
  <Prezzi>
    <Data>20170122</Data>
    <Mercato>MGP</Mercato>
    <Ora>20</Ora>
    <PUN>85,695410</PUN>
    <NAT>91,000000</NAT>
    <CNOR>92,120000</CNOR>
    <CSUD>74,660000</CSUD>
    <NORD>92,120000</NORD>
    <SARD>74,660000</SARD>
    <SICI>74,660000</SICI>
    <SUD>74,660000</SUD>
    <AUST>92,120000</AUST>
    <BRNN>74,660000</BRNN>
    <COAC>74,660000</COAC>
    <CORS>92,120000</CORS>
    <FOGN>74,660000</FOGN>
    <FRAN>92,120000</FRAN>
    <GREC>74,660000</GREC>
    <MFTV>92,120000</MFTV>
    <PRGP>74,660000</PRGP>
    <ROSN>74,660000</ROSN>
    <SLOV>92,120000</SLOV>
    <SVIZ>92,120000</SVIZ>
    <BSP>92,120000</BSP>
    <MALT>74,660000</MALT>
    <XAUS>92,120000</XAUS>
    <XFRA>92,120000</XFRA>
  </Prezzi>
  <Prezzi>
    <Data>20170122</Data>
    <Mercato>MGP</Mercato>
    <Ora>21</Ora>
    <PUN>85,432580</PUN>
    <NAT>89,950000</NAT>
    <CNOR>92,000000</CNOR>
    <CSUD>74,710000</CSUD>
    <NORD>92,000000</NORD>
    <SARD>74,710000</SARD>
    <SICI>74,710000</SICI>
    <SUD>74,710000</SUD>
    <AUST>92,000000</AUST>
    <BRNN>74,710000</BRNN>
    <COAC>74,710000</COAC>
    <CORS>92,000000</CORS>
    <FOGN>74,710000</FOGN>
    <FRAN>92,000000</FRAN>
    <GREC>74,710000</GREC>
    <MFTV>92,000000</MFTV>
    <PRGP>74,710000</PRGP>
    <ROSN>74,710000</ROSN>
    <SLOV>92,000000</SLOV>
    <SVIZ>92,000000</SVIZ>
    <BSP>92,000000</BSP>
    <MALT>74,710000</MALT>
    <XAUS>92,000000</XAUS>
    <XFRA>92,000000</XFRA>
  </Prezzi>
  <Prezzi>
    <Data>20170122</Data>
    <Mercato>MGP</Mercato>
    <Ora>22</Ora>
    <PUN>76,332440</PUN>
    <NAT>75,200000</NAT>
    <CNOR>86,350000</CNOR>
    <CSUD>58,900000</CSUD>
    <NORD>86,350000</NORD>
    <SARD>58,900000</SARD>
    <SICI>64,070000</SICI>
    <SUD>58,900000</SUD>
    <AUST>86,350000</AUST>
    <BRNN>58,900000</BRNN>
    <COAC>58,900000</COAC>
    <CORS>86,350000</CORS>
    <FOGN>58,900000</FOGN>
    <FRAN>86,350000</FRAN>
    <GREC>58,900000</GREC>
    <MFTV>86,350000</MFTV>
    <PRGP>64,070000</PRGP>
    <ROSN>58,900000</ROSN>
    <SLOV>86,350000</SLOV>
    <SVIZ>86,350000</SVIZ>
    <BSP>86,350000</BSP>
    <MALT>64,070000</MALT>
    <XAUS>86,350000</XAUS>
    <XFRA>86,350000</XFRA>
  </Prezzi>
  <Prezzi>
    <Data>20170122</Data>
    <Mercato>MGP</Mercato>
    <Ora>23</Ora>
    <PUN>73,176790</PUN>
    <NAT>66,000000</NAT>
    <CNOR>85,100000</CNOR>
    <CSUD>53,000000</CSUD>
    <NORD>85,100000</NORD>
    <SARD>53,000000</SARD>
    <SICI>53,000000</SICI>
    <SUD>53,000000</SUD>
    <AUST>85,100000</AUST>
    <BRNN>53,000000</BRNN>
    <COAC>53,000000</COAC>
    <CORS>85,100000</CORS>
    <FOGN>53,000000</FOGN>
    <FRAN>85,100000</FRAN>
    <GREC>53,000000</GREC>
    <MFTV>85,100000</MFTV>
    <PRGP>53,000000</PRGP>
    <ROSN>53,000000</ROSN>
    <SLOV>85,100000</SLOV>
    <SVIZ>85,100000</SVIZ>
    <BSP>85,100000</BSP>
    <MALT>53,000000</MALT>
    <XAUS>85,100000</XAUS>
    <XFRA>85,100000</XFRA>
  </Prezzi>
  <Prezzi>
    <Data>20170122</Data>
    <Mercato>MGP</Mercato>
    <Ora>24</Ora>
    <PUN>69,074620</PUN>
    <NAT>58,140000</NAT>
    <CNOR>78,870000</CNOR>
    <CSUD>52,000000</CSUD>
    <NORD>78,870000</NORD>
    <SARD>52,000000</SARD>
    <SICI>52,000000</SICI>
    <SUD>52,000000</SUD>
    <AUST>78,870000</AUST>
    <BRNN>52,000000</BRNN>
    <COAC>52,000000</COAC>
    <CORS>78,870000</CORS>
    <FOGN>52,000000</FOGN>
    <FRAN>78,870000</FRAN>
    <GREC>52,000000</GREC>
    <MFTV>78,870000</MFTV>
    <PRGP>52,000000</PRGP>
    <ROSN>52,000000</ROSN>
    <SLOV>78,870000</SLOV>
    <SVIZ>78,870000</SVIZ>
    <BSP>78,870000</BSP>
    <MALT>52,000000</MALT>
    <XAUS>78,870000</XAUS>
    <XFRA>78,870000</XFRA>
  </Prezzi>
</NewDataSet>