<?xml version="1.0" standalone="yes"?>
<NewDataSet>
  <xs:schema id="NewDataSet" xmlns="" xmlns:xs="http://www.w3.org/2001/XMLSchema" xmlns:msdata="urn:schemas-microsoft-com:xml-msdata">
    <xs:element name="NewDataSet" msdata:IsDataSet="true" msdata:UseCurrentLocale="true">
      <xs:complexType>
        <xs:choice minOccurs="0" maxOccurs="unbounded">
          <xs:element name="Prezzi">
            <xs:complexType>
              <xs:sequence>
                <xs:element name="Data" type="xs:string" minOccurs="0" />
                <xs:element name="Mercato" type="xs:string" minOccurs="0" />
                <xs:element name="Ora" type="xs:string" minOccurs="0" />
                <xs:element name="PUN" type="xs:string" minOccurs="0" />
                <xs:element name="NAT" type="xs:string" minOccurs="0" />
                <xs:element name="CNOR" type="xs:string" minOccurs="0" />
                <xs:element name="CSUD" type="xs:string" minOccurs="0" />
                <xs:element name="NORD" type="xs:string" minOccurs="0" />
                <xs:element name="SARD" type="xs:string" minOccurs="0" />
                <xs:element name="SICI" type="xs:string" minOccurs="0" />
                <xs:element name="SUD" type="xs:string" minOccurs="0" />
                <xs:element name="AUST" type="xs:string" minOccurs="0" />
                <xs:element name="BRNN" type="xs:string" minOccurs="0" />
                <xs:element name="COAC" type="xs:string" minOccurs="0" />
                <xs:element name="CORS" type="xs:string" minOccurs="0" />
                <xs:element name="FOGN" type="xs:string" minOccurs="0" />
                <xs:element name="FRAN" type="xs:string" minOccurs="0" />
                <xs:element name="GREC" type="xs:string" minOccurs="0" />
                <xs:element name="MFTV" type="xs:string" minOccurs="0" />
                <xs:element name="PRGP" type="xs:string" minOccurs="0" />
                <xs:element name="ROSN" type="xs:string" minOccurs="0" />
                <xs:element name="SLOV" type="xs:string" minOccurs="0" />
                <xs:element name="SVIZ" type="xs:string" minOccurs="0" />
                <xs:element name="BSP" type="xs:string" minOccurs="0" />
                <xs:element name="MALT" type="xs:string" minOccurs="0" />
                <xs:element name="XAUS" type="xs:string" minOccurs="0" />
                <xs:element name="XFRA" type="xs:string" minOccurs="0" />
              </xs:sequence>
            </xs:complexType>
          </xs:element>
        </xs:choice>
      </xs:complexType>
    </xs:element>
  </xs:schema>
  <Prezzi>
    <Data>20170131</Data>
    <Mercato>MGP</Mercato>
    <Ora>1</Ora>
    <PUN>61,323890</PUN>
    <NAT>62,000000</NAT>
    <CNOR>61,230000</CNOR>
    <CSUD>61,230000</CSUD>
    <NORD>61,230000</NORD>
    <SARD>61,230000</SARD>
    <SICI>62,760000</SICI>
    <SUD>61,230000</SUD>
    <AUST>61,230000</AUST>
    <BRNN>61,230000</BRNN>
    <COAC>61,230000</COAC>
    <CORS>61,230000</CORS>
    <FOGN>61,230000</FOGN>
    <FRAN>61,230000</FRAN>
    <GREC>61,230000</GREC>
    <MFTV>61,230000</MFTV>
    <PRGP>62,760000</PRGP>
    <ROSN>61,230000</ROSN>
    <SLOV>61,230000</SLOV>
    <SVIZ>61,230000</SVIZ>
    <BSP>61,230000</BSP>
    <MALT>62,760000</MALT>
    <XAUS>61,230000</XAUS>
    <XFRA>61,230000</XFRA>
  </Prezzi>
  <Prezzi>
    <Data>20170131</Data>
    <Mercato>MGP</Mercato>
    <Ora>2</Ora>
    <PUN>55,000000</PUN>
    <NAT>55,000000</NAT>
    <CNOR>55,000000</CNOR>
    <CSUD>55,000000</CSUD>
    <NORD>55,000000</NORD>
    <SARD>55,000000</SARD>
    <SICI>55,000000</SICI>
    <SUD>55,000000</SUD>
    <AUST>55,000000</AUST>
    <BRNN>55,000000</BRNN>
    <COAC>55,000000</COAC>
    <CORS>55,000000</CORS>
    <FOGN>55,000000</FOGN>
    <FRAN>55,000000</FRAN>
    <GREC>55,000000</GREC>
    <MFTV>55,000000</MFTV>
    <PRGP>55,000000</PRGP>
    <ROSN>55,000000</ROSN>
    <SLOV>55,000000</SLOV>
    <SVIZ>55,000000</SVIZ>
    <BSP>55,000000</BSP>
    <MALT>55,000000</MALT>
    <XAUS>55,000000</XAUS>
    <XFRA>55,000000</XFRA>
  </Prezzi>
  <Prezzi>
    <Data>20170131</Data>
    <Mercato>MGP</Mercato>
    <Ora>3</Ora>
    <PUN>53,300000</PUN>
    <NAT>52,910000</NAT>
    <CNOR>53,300000</CNOR>
    <CSUD>53,300000</CSUD>
    <NORD>53,300000</NORD>
    <SARD>53,300000</SARD>
    <SICI>53,300000</SICI>
    <SUD>53,300000</SUD>
    <AUST>53,300000</AUST>
    <BRNN>53,300000</BRNN>
    <COAC>53,300000</COAC>
    <CORS>53,300000</CORS>
    <FOGN>53,300000</FOGN>
    <FRAN>53,300000</FRAN>
    <GREC>53,300000</GREC>
    <MFTV>53,300000</MFTV>
    <PRGP>53,300000</PRGP>
    <ROSN>53,300000</ROSN>
    <SLOV>53,300000</SLOV>
    <SVIZ>53,300000</SVIZ>
    <BSP>53,300000</BSP>
    <MALT>53,300000</MALT>
    <XAUS>53,300000</XAUS>
    <XFRA>53,300000</XFRA>
  </Prezzi>
  <Prezzi>
    <Data>20170131</Data>
    <Mercato>MGP</Mercato>
    <Ora>4</Ora>
    <PUN>52,000000</PUN>
    <NAT>52,000000</NAT>
    <CNOR>52,000000</CNOR>
    <CSUD>52,000000</CSUD>
    <NORD>52,000000</NORD>
    <SARD>52,000000</SARD>
    <SICI>52,000000</SICI>
    <SUD>52,000000</SUD>
    <AUST>52,000000</AUST>
    <BRNN>52,000000</BRNN>
    <COAC>52,000000</COAC>
    <CORS>52,000000</CORS>
    <FOGN>52,000000</FOGN>
    <FRAN>52,000000</FRAN>
    <GREC>52,000000</GREC>
    <MFTV>52,000000</MFTV>
    <PRGP>52,000000</PRGP>
    <ROSN>52,000000</ROSN>
    <SLOV>52,000000</SLOV>
    <SVIZ>52,000000</SVIZ>
    <BSP>52,000000</BSP>
    <MALT>52,000000</MALT>
    <XAUS>52,000000</XAUS>
    <XFRA>52,000000</XFRA>
  </Prezzi>
  <Prezzi>
    <Data>20170131</Data>
    <Mercato>MGP</Mercato>
    <Ora>5</Ora>
    <PUN>52,000000</PUN>
    <NAT>52,000000</NAT>
    <CNOR>52,000000</CNOR>
    <CSUD>52,000000</CSUD>
    <NORD>52,000000</NORD>
    <SARD>52,000000</SARD>
    <SICI>52,000000</SICI>
    <SUD>52,000000</SUD>
    <AUST>52,000000</AUST>
    <BRNN>52,000000</BRNN>
    <COAC>52,000000</COAC>
    <CORS>52,000000</CORS>
    <FOGN>52,000000</FOGN>
    <FRAN>52,000000</FRAN>
    <GREC>52,000000</GREC>
    <MFTV>52,000000</MFTV>
    <PRGP>52,000000</PRGP>
    <ROSN>52,000000</ROSN>
    <SLOV>52,000000</SLOV>
    <SVIZ>52,000000</SVIZ>
    <BSP>52,000000</BSP>
    <MALT>52,000000</MALT>
    <XAUS>52,000000</XAUS>
    <XFRA>52,000000</XFRA>
  </Prezzi>
  <Prezzi>
    <Data>20170131</Data>
    <Mercato>MGP</Mercato>
    <Ora>6</Ora>
    <PUN>54,000000</PUN>
    <NAT>54,000000</NAT>
    <CNOR>54,000000</CNOR>
    <CSUD>54,000000</CSUD>
    <NORD>54,000000</NORD>
    <SARD>54,000000</SARD>
    <SICI>54,000000</SICI>
    <SUD>54,000000</SUD>
    <AUST>54,000000</AUST>
    <BRNN>54,000000</BRNN>
    <COAC>54,000000</COAC>
    <CORS>54,000000</CORS>
    <FOGN>54,000000</FOGN>
    <FRAN>54,000000</FRAN>
    <GREC>54,000000</GREC>
    <MFTV>54,000000</MFTV>
    <PRGP>54,000000</PRGP>
    <ROSN>54,000000</ROSN>
    <SLOV>54,000000</SLOV>
    <SVIZ>54,000000</SVIZ>
    <BSP>54,000000</BSP>
    <MALT>54,000000</MALT>
    <XAUS>54,000000</XAUS>
    <XFRA>54,000000</XFRA>
  </Prezzi>
  <Prezzi>
    <Data>20170131</Data>
    <Mercato>MGP</Mercato>
    <Ora>7</Ora>
    <PUN>70,200000</PUN>
    <NAT>70,200000</NAT>
    <CNOR>70,200000</CNOR>
    <CSUD>70,200000</CSUD>
    <NORD>70,200000</NORD>
    <SARD>70,200000</SARD>
    <SICI>70,200000</SICI>
    <SUD>70,200000</SUD>
    <AUST>70,200000</AUST>
    <BRNN>70,200000</BRNN>
    <COAC>70,200000</COAC>
    <CORS>70,200000</CORS>
    <FOGN>70,200000</FOGN>
    <FRAN>70,200000</FRAN>
    <GREC>70,200000</GREC>
    <MFTV>70,200000</MFTV>
    <PRGP>70,200000</PRGP>
    <ROSN>70,200000</ROSN>
    <SLOV>70,200000</SLOV>
    <SVIZ>70,200000</SVIZ>
    <BSP>70,200000</BSP>
    <MALT>70,200000</MALT>
    <XAUS>70,200000</XAUS>
    <XFRA>70,200000</XFRA>
  </Prezzi>
  <Prezzi>
    <Data>20170131</Data>
    <Mercato>MGP</Mercato>
    <Ora>8</Ora>
    <PUN>86,660000</PUN>
    <NAT>86,660000</NAT>
    <CNOR>86,660000</CNOR>
    <CSUD>86,660000</CSUD>
    <NORD>86,660000</NORD>
    <SARD>86,660000</SARD>
    <SICI>86,660000</SICI>
    <SUD>86,660000</SUD>
    <AUST>86,660000</AUST>
    <BRNN>86,660000</BRNN>
    <COAC>86,660000</COAC>
    <CORS>86,660000</CORS>
    <FOGN>86,660000</FOGN>
    <FRAN>86,660000</FRAN>
    <GREC>86,660000</GREC>
    <MFTV>86,660000</MFTV>
    <PRGP>86,660000</PRGP>
    <ROSN>86,660000</ROSN>
    <SLOV>86,660000</SLOV>
    <SVIZ>86,660000</SVIZ>
    <BSP>86,660000</BSP>
    <MALT>86,660000</MALT>
    <XAUS>86,660000</XAUS>
    <XFRA>86,660000</XFRA>
  </Prezzi>
  <Prezzi>
    <Data>20170131</Data>
    <Mercato>MGP</Mercato>
    <Ora>9</Ora>
    <PUN>100,665070</PUN>
    <NAT>100,740000</NAT>
    <CNOR>101,000000</CNOR>
    <CSUD>101,000000</CSUD>
    <NORD>101,000000</NORD>
    <SARD>101,000000</SARD>
    <SICI>94,810000</SICI>
    <SUD>101,000000</SUD>
    <AUST>101,000000</AUST>
    <BRNN>101,000000</BRNN>
    <COAC>101,000000</COAC>
    <CORS>101,000000</CORS>
    <FOGN>101,000000</FOGN>
    <FRAN>101,000000</FRAN>
    <GREC>101,000000</GREC>
    <MFTV>101,000000</MFTV>
    <PRGP>94,810000</PRGP>
    <ROSN>94,810000</ROSN>
    <SLOV>101,000000</SLOV>
    <SVIZ>101,000000</SVIZ>
    <BSP>101,000000</BSP>
    <MALT>94,810000</MALT>
    <XAUS>101,000000</XAUS>
    <XFRA>101,000000</XFRA>
  </Prezzi>
  <Prezzi>
    <Data>20170131</Data>
    <Mercato>MGP</Mercato>
    <Ora>10</Ora>
    <PUN>90,340000</PUN>
    <NAT>90,340000</NAT>
    <CNOR>90,340000</CNOR>
    <CSUD>90,340000</CSUD>
    <NORD>90,340000</NORD>
    <SARD>90,340000</SARD>
    <SICI>90,340000</SICI>
    <SUD>90,340000</SUD>
    <AUST>90,340000</AUST>
    <BRNN>90,340000</BRNN>
    <COAC>90,340000</COAC>
    <CORS>90,340000</CORS>
    <FOGN>90,340000</FOGN>
    <FRAN>90,340000</FRAN>
    <GREC>90,340000</GREC>
    <MFTV>90,340000</MFTV>
    <PRGP>90,340000</PRGP>
    <ROSN>90,340000</ROSN>
    <SLOV>90,340000</SLOV>
    <SVIZ>90,340000</SVIZ>
    <BSP>90,340000</BSP>
    <MALT>90,340000</MALT>
    <XAUS>90,340000</XAUS>
    <XFRA>90,340000</XFRA>
  </Prezzi>
  <Prezzi>
    <Data>20170131</Data>
    <Mercato>MGP</Mercato>
    <Ora>11</Ora>
    <PUN>87,518380</PUN>
    <NAT>82,100000</NAT>
    <CNOR>89,804680</CNOR>
    <CSUD>89,804680</CSUD>
    <NORD>89,804680</NORD>
    <SARD>89,804680</SARD>
    <SICI>71,580000</SICI>
    <SUD>71,580000</SUD>
    <AUST>89,804680</AUST>
    <BRNN>71,580000</BRNN>
    <COAC>89,804680</COAC>
    <CORS>89,804680</CORS>
    <FOGN>71,580000</FOGN>
    <FRAN>89,804680</FRAN>
    <GREC>71,580000</GREC>
    <MFTV>89,804680</MFTV>
    <PRGP>71,580000</PRGP>
    <ROSN>71,580000</ROSN>
    <SLOV>89,804680</SLOV>
    <SVIZ>89,804680</SVIZ>
    <BSP>89,804680</BSP>
    <MALT>71,580000</MALT>
    <XAUS>89,804680</XAUS>
    <XFRA>89,804680</XFRA>
  </Prezzi>
  <Prezzi>
    <Data>20170131</Data>
    <Mercato>MGP</Mercato>
    <Ora>12</Ora>
    <PUN>87,314380</PUN>
    <NAT>79,650000</NAT>
    <CNOR>89,816100</CNOR>
    <CSUD>89,816100</CSUD>
    <NORD>89,816100</NORD>
    <SARD>89,816100</SARD>
    <SICI>69,840000</SICI>
    <SUD>69,840000</SUD>
    <AUST>89,816100</AUST>
    <BRNN>69,840000</BRNN>
    <COAC>89,816100</COAC>
    <CORS>89,816100</CORS>
    <FOGN>69,840000</FOGN>
    <FRAN>89,816100</FRAN>
    <GREC>69,840000</GREC>
    <MFTV>89,816100</MFTV>
    <PRGP>69,840000</PRGP>
    <ROSN>69,840000</ROSN>
    <SLOV>89,816100</SLOV>
    <SVIZ>89,816100</SVIZ>
    <BSP>89,816100</BSP>
    <MALT>69,840000</MALT>
    <XAUS>89,816100</XAUS>
    <XFRA>89,816100</XFRA>
  </Prezzi>
  <Prezzi>
    <Data>20170131</Data>
    <Mercato>MGP</Mercato>
    <Ora>13</Ora>
    <PUN>79,711680</PUN>
    <NAT>73,500000</NAT>
    <CNOR>82,364510</CNOR>
    <CSUD>82,364510</CSUD>
    <NORD>82,364510</NORD>
    <SARD>82,364510</SARD>
    <SICI>62,480000</SICI>
    <SUD>62,480000</SUD>
    <AUST>82,364510</AUST>
    <BRNN>62,480000</BRNN>
    <COAC>82,364510</COAC>
    <CORS>82,364510</CORS>
    <FOGN>62,480000</FOGN>
    <FRAN>82,364510</FRAN>
    <GREC>62,480000</GREC>
    <MFTV>82,364510</MFTV>
    <PRGP>62,480000</PRGP>
    <ROSN>62,480000</ROSN>
    <SLOV>82,364510</SLOV>
    <SVIZ>82,364510</SVIZ>
    <BSP>82,364510</BSP>
    <MALT>62,480000</MALT>
    <XAUS>82,364510</XAUS>
    <XFRA>82,364510</XFRA>
  </Prezzi>
  <Prezzi>
    <Data>20170131</Data>
    <Mercato>MGP</Mercato>
    <Ora>14</Ora>
    <PUN>79,290110</PUN>
    <NAT>72,660000</NAT>
    <CNOR>82,022620</CNOR>
    <CSUD>82,022620</CSUD>
    <NORD>82,022620</NORD>
    <SARD>82,022620</SARD>
    <SICI>60,960000</SICI>
    <SUD>60,960000</SUD>
    <AUST>82,022620</AUST>
    <BRNN>60,960000</BRNN>
    <COAC>82,022620</COAC>
    <CORS>82,022620</CORS>
    <FOGN>60,960000</FOGN>
    <FRAN>82,022620</FRAN>
    <GREC>60,960000</GREC>
    <MFTV>82,022620</MFTV>
    <PRGP>60,960000</PRGP>
    <ROSN>60,960000</ROSN>
    <SLOV>82,022620</SLOV>
    <SVIZ>82,022620</SVIZ>
    <BSP>82,022620</BSP>
    <MALT>60,960000</MALT>
    <XAUS>82,022620</XAUS>
    <XFRA>82,022620</XFRA>
  </Prezzi>
  <Prezzi>
    <Data>20170131</Data>
    <Mercato>MGP</Mercato>
    <Ora>15</Ora>
    <PUN>86,507200</PUN>
    <NAT>72,660000</NAT>
    <CNOR>90,355230</CNOR>
    <CSUD>90,355230</CSUD>
    <NORD>90,355230</NORD>
    <SARD>90,355230</SARD>
    <SICI>60,960000</SICI>
    <SUD>58,580000</SUD>
    <AUST>90,355230</AUST>
    <BRNN>58,580000</BRNN>
    <COAC>90,355230</COAC>
    <CORS>90,355230</CORS>
    <FOGN>58,580000</FOGN>
    <FRAN>90,355230</FRAN>
    <GREC>58,580000</GREC>
    <MFTV>90,355230</MFTV>
    <PRGP>60,960000</PRGP>
    <ROSN>58,580000</ROSN>
    <SLOV>90,355230</SLOV>
    <SVIZ>90,355230</SVIZ>
    <BSP>90,355230</BSP>
    <MALT>60,960000</MALT>
    <XAUS>90,355230</XAUS>
    <XFRA>90,355230</XFRA>
  </Prezzi>
  <Prezzi>
    <Data>20170131</Data>
    <Mercato>MGP</Mercato>
    <Ora>16</Ora>
    <PUN>86,197780</PUN>
    <NAT>73,400000</NAT>
    <CNOR>89,752530</CNOR>
    <CSUD>89,752530</CSUD>
    <NORD>89,752530</NORD>
    <SARD>89,752530</SARD>
    <SICI>65,110000</SICI>
    <SUD>59,150000</SUD>
    <AUST>89,752530</AUST>
    <BRNN>59,150000</BRNN>
    <COAC>89,752530</COAC>
    <CORS>89,752530</CORS>
    <FOGN>59,150000</FOGN>
    <FRAN>89,752530</FRAN>
    <GREC>59,150000</GREC>
    <MFTV>89,752530</MFTV>
    <PRGP>65,110000</PRGP>
    <ROSN>59,150000</ROSN>
    <SLOV>89,752530</SLOV>
    <SVIZ>89,752530</SVIZ>
    <BSP>89,752530</BSP>
    <MALT>65,110000</MALT>
    <XAUS>89,752530</XAUS>
    <XFRA>89,752530</XFRA>
  </Prezzi>
  <Prezzi>
    <Data>20170131</Data>
    <Mercato>MGP</Mercato>
    <Ora>17</Ora>
    <PUN>86,621620</PUN>
    <NAT>80,000000</NAT>
    <CNOR>90,196230</CNOR>
    <CSUD>90,196230</CSUD>
    <NORD>90,196230</NORD>
    <SARD>90,196230</SARD>
    <SICI>71,580000</SICI>
    <SUD>56,320000</SUD>
    <AUST>90,196230</AUST>
    <BRNN>56,320000</BRNN>
    <COAC>90,196230</COAC>
    <CORS>90,196230</CORS>
    <FOGN>56,320000</FOGN>
    <FRAN>90,196230</FRAN>
    <GREC>56,320000</GREC>
    <MFTV>90,196230</MFTV>
    <PRGP>71,580000</PRGP>
    <ROSN>56,320000</ROSN>
    <SLOV>90,196230</SLOV>
    <SVIZ>90,196230</SVIZ>
    <BSP>90,196230</BSP>
    <MALT>71,580000</MALT>
    <XAUS>90,196230</XAUS>
    <XFRA>90,196230</XFRA>
  </Prezzi>
  <Prezzi>
    <Data>20170131</Data>
    <Mercato>MGP</Mercato>
    <Ora>18</Ora>
    <PUN>93,107960</PUN>
    <NAT>90,000000</NAT>
    <CNOR>95,000000</CNOR>
    <CSUD>95,000000</CSUD>
    <NORD>95,000000</NORD>
    <SARD>95,000000</SARD>
    <SICI>81,550000</SICI>
    <SUD>81,550000</SUD>
    <AUST>95,000000</AUST>
    <BRNN>81,550000</BRNN>
    <COAC>95,000000</COAC>
    <CORS>95,000000</CORS>
    <FOGN>81,550000</FOGN>
    <FRAN>95,000000</FRAN>
    <GREC>81,550000</GREC>
    <MFTV>95,000000</MFTV>
    <PRGP>81,550000</PRGP>
    <ROSN>81,550000</ROSN>
    <SLOV>95,000000</SLOV>
    <SVIZ>95,000000</SVIZ>
    <BSP>95,000000</BSP>
    <MALT>81,550000</MALT>
    <XAUS>95,000000</XAUS>
    <XFRA>95,000000</XFRA>
  </Prezzi>
  <Prezzi>
    <Data>20170131</Data>
    <Mercato>MGP</Mercato>
    <Ora>19</Ora>
    <PUN>102,948100</PUN>
    <NAT>98,000000</NAT>
    <CNOR>104,327610</CNOR>
    <CSUD>104,327610</CSUD>
    <NORD>104,327610</NORD>
    <SARD>104,327610</SARD>
    <SICI>94,810000</SICI>
    <SUD>94,810000</SUD>
    <AUST>104,327610</AUST>
    <BRNN>94,810000</BRNN>
    <COAC>104,327610</COAC>
    <CORS>104,327610</CORS>
    <FOGN>94,810000</FOGN>
    <FRAN>104,327610</FRAN>
    <GREC>94,810000</GREC>
    <MFTV>104,327610</MFTV>
    <PRGP>94,810000</PRGP>
    <ROSN>94,810000</ROSN>
    <SLOV>104,327610</SLOV>
    <SVIZ>104,327610</SVIZ>
    <BSP>104,327610</BSP>
    <MALT>94,810000</MALT>
    <XAUS>104,327610</XAUS>
    <XFRA>104,327610</XFRA>
  </Prezzi>
  <Prezzi>
    <Data>20170131</Data>
    <Mercato>MGP</Mercato>
    <Ora>20</Ora>
    <PUN>90,171070</PUN>
    <NAT>92,660000</NAT>
    <CNOR>90,000000</CNOR>
    <CSUD>90,000000</CSUD>
    <NORD>90,000000</NORD>
    <SARD>90,000000</SARD>
    <SICI>92,660000</SICI>
    <SUD>90,000000</SUD>
    <AUST>90,000000</AUST>
    <BRNN>90,000000</BRNN>
    <COAC>90,000000</COAC>
    <CORS>90,000000</CORS>
    <FOGN>90,000000</FOGN>
    <FRAN>90,000000</FRAN>
    <GREC>90,000000</GREC>
    <MFTV>90,000000</MFTV>
    <PRGP>92,660000</PRGP>
    <ROSN>90,000000</ROSN>
    <SLOV>90,000000</SLOV>
    <SVIZ>90,000000</SVIZ>
    <BSP>90,000000</BSP>
    <MALT>92,660000</MALT>
    <XAUS>90,000000</XAUS>
    <XFRA>90,000000</XFRA>
  </Prezzi>
  <Prezzi>
    <Data>20170131</Data>
    <Mercato>MGP</Mercato>
    <Ora>21</Ora>
    <PUN>84,282450</PUN>
    <NAT>90,000000</NAT>
    <CNOR>83,690000</CNOR>
    <CSUD>83,690000</CSUD>
    <NORD>83,690000</NORD>
    <SARD>83,690000</SARD>
    <SICI>92,660000</SICI>
    <SUD>83,690000</SUD>
    <AUST>83,690000</AUST>
    <BRNN>83,690000</BRNN>
    <COAC>83,690000</COAC>
    <CORS>83,690000</CORS>
    <FOGN>83,690000</FOGN>
    <FRAN>83,690000</FRAN>
    <GREC>83,690000</GREC>
    <MFTV>83,690000</MFTV>
    <PRGP>92,660000</PRGP>
    <ROSN>83,690000</ROSN>
    <SLOV>83,690000</SLOV>
    <SVIZ>83,690000</SVIZ>
    <BSP>83,690000</BSP>
    <MALT>92,660000</MALT>
    <XAUS>83,690000</XAUS>
    <XFRA>83,690000</XFRA>
  </Prezzi>
  <Prezzi>
    <Data>20170131</Data>
    <Mercato>MGP</Mercato>
    <Ora>22</Ora>
    <PUN>62,668610</PUN>
    <NAT>61,540000</NAT>
    <CNOR>60,920000</CNOR>
    <CSUD>60,920000</CSUD>
    <NORD>60,920000</NORD>
    <SARD>60,920000</SARD>
    <SICI>91,580000</SICI>
    <SUD>57,480000</SUD>
    <AUST>60,920000</AUST>
    <BRNN>57,480000</BRNN>
    <COAC>60,920000</COAC>
    <CORS>60,920000</CORS>
    <FOGN>57,480000</FOGN>
    <FRAN>60,920000</FRAN>
    <GREC>57,480000</GREC>
    <MFTV>60,920000</MFTV>
    <PRGP>91,580000</PRGP>
    <ROSN>57,480000</ROSN>
    <SLOV>60,920000</SLOV>
    <SVIZ>60,920000</SVIZ>
    <BSP>60,920000</BSP>
    <MALT>91,580000</MALT>
    <XAUS>60,920000</XAUS>
    <XFRA>60,920000</XFRA>
  </Prezzi>
  <Prezzi>
    <Data>20170131</Data>
    <Mercato>MGP</Mercato>
    <Ora>23</Ora>
    <PUN>60,552030</PUN>
    <NAT>59,590000</NAT>
    <CNOR>59,620000</CNOR>
    <CSUD>59,620000</CSUD>
    <NORD>59,620000</NORD>
    <SARD>59,620000</SARD>
    <SICI>79,760000</SICI>
    <SUD>55,000000</SUD>
    <AUST>59,620000</AUST>
    <BRNN>55,000000</BRNN>
    <COAC>59,620000</COAC>
    <CORS>59,620000</CORS>
    <FOGN>55,000000</FOGN>
    <FRAN>59,620000</FRAN>
    <GREC>55,000000</GREC>
    <MFTV>59,620000</MFTV>
    <PRGP>79,760000</PRGP>
    <ROSN>55,000000</ROSN>
    <SLOV>59,620000</SLOV>
    <SVIZ>59,620000</SVIZ>
    <BSP>59,620000</BSP>
    <MALT>79,760000</MALT>
    <XAUS>59,620000</XAUS>
    <XFRA>59,620000</XFRA>
  </Prezzi>
  <Prezzi>
    <Data>20170131</Data>
    <Mercato>MGP</Mercato>
    <Ora>24</Ora>
    <PUN>57,417350</PUN>
    <NAT>55,000000</NAT>
    <CNOR>54,110000</CNOR>
    <CSUD>54,110000</CSUD>
    <NORD>59,200000</NORD>
    <SARD>54,110000</SARD>
    <SICI>60,770000</SICI>
    <SUD>54,110000</SUD>
    <AUST>59,200000</AUST>
    <BRNN>54,110000</BRNN>
    <COAC>54,110000</COAC>
    <CORS>54,110000</CORS>
    <FOGN>54,110000</FOGN>
    <FRAN>59,200000</FRAN>
    <GREC>54,110000</GREC>
    <MFTV>59,200000</MFTV>
    <PRGP>60,770000</PRGP>
    <ROSN>54,110000</ROSN>
    <SLOV>59,200000</SLOV>
    <SVIZ>59,200000</SVIZ>
    <BSP>59,200000</BSP>
    <MALT>60,770000</MALT>
    <XAUS>59,200000</XAUS>
    <XFRA>59,200000</XFRA>
  </Prezzi>
</NewDataSet>