<?xml version="1.0" standalone="yes"?>
<NewDataSet>
  <xs:schema id="NewDataSet" xmlns="" xmlns:xs="http://www.w3.org/2001/XMLSchema" xmlns:msdata="urn:schemas-microsoft-com:xml-msdata">
    <xs:element name="NewDataSet" msdata:IsDataSet="true" msdata:UseCurrentLocale="true">
      <xs:complexType>
        <xs:choice minOccurs="0" maxOccurs="unbounded">
          <xs:element name="Prezzi">
            <xs:complexType>
              <xs:sequence>
                <xs:element name="Data" type="xs:string" minOccurs="0" />
                <xs:element name="Mercato" type="xs:string" minOccurs="0" />
                <xs:element name="Ora" type="xs:string" minOccurs="0" />
                <xs:element name="PUN" type="xs:string" minOccurs="0" />
                <xs:element name="NAT" type="xs:string" minOccurs="0" />
                <xs:element name="CNOR" type="xs:string" minOccurs="0" />
                <xs:element name="CSUD" type="xs:string" minOccurs="0" />
                <xs:element name="NORD" type="xs:string" minOccurs="0" />
                <xs:element name="SARD" type="xs:string" minOccurs="0" />
                <xs:element name="SICI" type="xs:string" minOccurs="0" />
                <xs:element name="SUD" type="xs:string" minOccurs="0" />
                <xs:element name="AUST" type="xs:string" minOccurs="0" />
                <xs:element name="BRNN" type="xs:string" minOccurs="0" />
                <xs:element name="COAC" type="xs:string" minOccurs="0" />
                <xs:element name="CORS" type="xs:string" minOccurs="0" />
                <xs:element name="FOGN" type="xs:string" minOccurs="0" />
                <xs:element name="FRAN" type="xs:string" minOccurs="0" />
                <xs:element name="GREC" type="xs:string" minOccurs="0" />
                <xs:element name="MFTV" type="xs:string" minOccurs="0" />
                <xs:element name="PRGP" type="xs:string" minOccurs="0" />
                <xs:element name="ROSN" type="xs:string" minOccurs="0" />
                <xs:element name="SLOV" type="xs:string" minOccurs="0" />
                <xs:element name="SVIZ" type="xs:string" minOccurs="0" />
                <xs:element name="BSP" type="xs:string" minOccurs="0" />
                <xs:element name="MALT" type="xs:string" minOccurs="0" />
                <xs:element name="XAUS" type="xs:string" minOccurs="0" />
                <xs:element name="XFRA" type="xs:string" minOccurs="0" />
              </xs:sequence>
            </xs:complexType>
          </xs:element>
        </xs:choice>
      </xs:complexType>
    </xs:element>
  </xs:schema>
  <Prezzi>
    <Data>20170112</Data>
    <Mercato>MGP</Mercato>
    <Ora>1</Ora>
    <PUN>75,880000</PUN>
    <NAT>76,600000</NAT>
    <CNOR>73,290000</CNOR>
    <CSUD>73,290000</CSUD>
    <NORD>77,830150</NORD>
    <SARD>73,290000</SARD>
    <SICI>73,290000</SICI>
    <SUD>73,290000</SUD>
    <AUST>77,830150</AUST>
    <BRNN>73,290000</BRNN>
    <COAC>73,290000</COAC>
    <CORS>73,290000</CORS>
    <FOGN>73,290000</FOGN>
    <FRAN>77,830150</FRAN>
    <GREC>73,290000</GREC>
    <MFTV>77,830150</MFTV>
    <PRGP>73,290000</PRGP>
    <ROSN>73,290000</ROSN>
    <SLOV>77,830150</SLOV>
    <SVIZ>77,830150</SVIZ>
    <BSP>77,830150</BSP>
    <MALT>73,290000</MALT>
    <XAUS>77,830150</XAUS>
    <XFRA>77,830150</XFRA>
  </Prezzi>
  <Prezzi>
    <Data>20170112</Data>
    <Mercato>MGP</Mercato>
    <Ora>2</Ora>
    <PUN>76,600000</PUN>
    <NAT>76,600000</NAT>
    <CNOR>76,600000</CNOR>
    <CSUD>76,600000</CSUD>
    <NORD>76,600000</NORD>
    <SARD>76,600000</SARD>
    <SICI>76,600000</SICI>
    <SUD>76,600000</SUD>
    <AUST>76,600000</AUST>
    <BRNN>76,600000</BRNN>
    <COAC>76,600000</COAC>
    <CORS>76,600000</CORS>
    <FOGN>76,600000</FOGN>
    <FRAN>76,600000</FRAN>
    <GREC>76,600000</GREC>
    <MFTV>76,600000</MFTV>
    <PRGP>76,600000</PRGP>
    <ROSN>76,600000</ROSN>
    <SLOV>76,600000</SLOV>
    <SVIZ>76,600000</SVIZ>
    <BSP>76,600000</BSP>
    <MALT>76,600000</MALT>
    <XAUS>76,600000</XAUS>
    <XFRA>76,600000</XFRA>
  </Prezzi>
  <Prezzi>
    <Data>20170112</Data>
    <Mercato>MGP</Mercato>
    <Ora>3</Ora>
    <PUN>72,660000</PUN>
    <NAT>72,660000</NAT>
    <CNOR>72,660000</CNOR>
    <CSUD>72,660000</CSUD>
    <NORD>72,660000</NORD>
    <SARD>72,660000</SARD>
    <SICI>72,660000</SICI>
    <SUD>72,660000</SUD>
    <AUST>72,660000</AUST>
    <BRNN>72,660000</BRNN>
    <COAC>72,660000</COAC>
    <CORS>72,660000</CORS>
    <FOGN>72,660000</FOGN>
    <FRAN>72,660000</FRAN>
    <GREC>72,660000</GREC>
    <MFTV>72,660000</MFTV>
    <PRGP>72,660000</PRGP>
    <ROSN>72,660000</ROSN>
    <SLOV>72,660000</SLOV>
    <SVIZ>72,660000</SVIZ>
    <BSP>72,660000</BSP>
    <MALT>72,660000</MALT>
    <XAUS>72,660000</XAUS>
    <XFRA>72,660000</XFRA>
  </Prezzi>
  <Prezzi>
    <Data>20170112</Data>
    <Mercato>MGP</Mercato>
    <Ora>4</Ora>
    <PUN>71,580000</PUN>
    <NAT>71,580000</NAT>
    <CNOR>71,580000</CNOR>
    <CSUD>71,580000</CSUD>
    <NORD>71,580000</NORD>
    <SARD>71,580000</SARD>
    <SICI>71,580000</SICI>
    <SUD>71,580000</SUD>
    <AUST>71,580000</AUST>
    <BRNN>71,580000</BRNN>
    <COAC>71,580000</COAC>
    <CORS>71,580000</CORS>
    <FOGN>71,580000</FOGN>
    <FRAN>71,580000</FRAN>
    <GREC>71,580000</GREC>
    <MFTV>71,580000</MFTV>
    <PRGP>71,580000</PRGP>
    <ROSN>71,580000</ROSN>
    <SLOV>71,580000</SLOV>
    <SVIZ>71,580000</SVIZ>
    <BSP>71,580000</BSP>
    <MALT>71,580000</MALT>
    <XAUS>71,580000</XAUS>
    <XFRA>71,580000</XFRA>
  </Prezzi>
  <Prezzi>
    <Data>20170112</Data>
    <Mercato>MGP</Mercato>
    <Ora>5</Ora>
    <PUN>71,100000</PUN>
    <NAT>71,100000</NAT>
    <CNOR>71,100000</CNOR>
    <CSUD>71,100000</CSUD>
    <NORD>71,100000</NORD>
    <SARD>71,100000</SARD>
    <SICI>71,100000</SICI>
    <SUD>71,100000</SUD>
    <AUST>71,100000</AUST>
    <BRNN>71,100000</BRNN>
    <COAC>71,100000</COAC>
    <CORS>71,100000</CORS>
    <FOGN>71,100000</FOGN>
    <FRAN>71,100000</FRAN>
    <GREC>71,100000</GREC>
    <MFTV>71,100000</MFTV>
    <PRGP>71,100000</PRGP>
    <ROSN>71,100000</ROSN>
    <SLOV>71,100000</SLOV>
    <SVIZ>71,100000</SVIZ>
    <BSP>71,100000</BSP>
    <MALT>71,100000</MALT>
    <XAUS>71,100000</XAUS>
    <XFRA>71,100000</XFRA>
  </Prezzi>
  <Prezzi>
    <Data>20170112</Data>
    <Mercato>MGP</Mercato>
    <Ora>6</Ora>
    <PUN>71,880000</PUN>
    <NAT>71,880000</NAT>
    <CNOR>71,880000</CNOR>
    <CSUD>71,880000</CSUD>
    <NORD>71,880000</NORD>
    <SARD>71,880000</SARD>
    <SICI>71,880000</SICI>
    <SUD>71,880000</SUD>
    <AUST>71,880000</AUST>
    <BRNN>71,880000</BRNN>
    <COAC>71,880000</COAC>
    <CORS>71,880000</CORS>
    <FOGN>71,880000</FOGN>
    <FRAN>71,880000</FRAN>
    <GREC>71,880000</GREC>
    <MFTV>71,880000</MFTV>
    <PRGP>71,880000</PRGP>
    <ROSN>71,880000</ROSN>
    <SLOV>71,880000</SLOV>
    <SVIZ>71,880000</SVIZ>
    <BSP>71,880000</BSP>
    <MALT>71,880000</MALT>
    <XAUS>71,880000</XAUS>
    <XFRA>71,880000</XFRA>
  </Prezzi>
  <Prezzi>
    <Data>20170112</Data>
    <Mercato>MGP</Mercato>
    <Ora>7</Ora>
    <PUN>76,755010</PUN>
    <NAT>75,090000</NAT>
    <CNOR>73,160000</CNOR>
    <CSUD>71,580000</CSUD>
    <NORD>80,000000</NORD>
    <SARD>71,580000</SARD>
    <SICI>71,580000</SICI>
    <SUD>71,580000</SUD>
    <AUST>80,000000</AUST>
    <BRNN>71,580000</BRNN>
    <COAC>71,580000</COAC>
    <CORS>73,160000</CORS>
    <FOGN>71,580000</FOGN>
    <FRAN>80,000000</FRAN>
    <GREC>71,580000</GREC>
    <MFTV>80,000000</MFTV>
    <PRGP>71,580000</PRGP>
    <ROSN>71,580000</ROSN>
    <SLOV>80,000000</SLOV>
    <SVIZ>80,000000</SVIZ>
    <BSP>80,000000</BSP>
    <MALT>71,580000</MALT>
    <XAUS>80,000000</XAUS>
    <XFRA>80,000000</XFRA>
  </Prezzi>
  <Prezzi>
    <Data>20170112</Data>
    <Mercato>MGP</Mercato>
    <Ora>8</Ora>
    <PUN>83,826530</PUN>
    <NAT>84,440000</NAT>
    <CNOR>83,730000</CNOR>
    <CSUD>83,730000</CSUD>
    <NORD>83,730000</NORD>
    <SARD>83,730000</SARD>
    <SICI>85,580000</SICI>
    <SUD>83,730000</SUD>
    <AUST>83,730000</AUST>
    <BRNN>83,730000</BRNN>
    <COAC>83,730000</COAC>
    <CORS>83,730000</CORS>
    <FOGN>83,730000</FOGN>
    <FRAN>83,730000</FRAN>
    <GREC>83,730000</GREC>
    <MFTV>83,730000</MFTV>
    <PRGP>85,580000</PRGP>
    <ROSN>83,730000</ROSN>
    <SLOV>83,730000</SLOV>
    <SVIZ>83,730000</SVIZ>
    <BSP>83,730000</BSP>
    <MALT>85,580000</MALT>
    <XAUS>83,730000</XAUS>
    <XFRA>83,730000</XFRA>
  </Prezzi>
  <Prezzi>
    <Data>20170112</Data>
    <Mercato>MGP</Mercato>
    <Ora>9</Ora>
    <PUN>96,430000</PUN>
    <NAT>96,430000</NAT>
    <CNOR>96,430000</CNOR>
    <CSUD>96,430000</CSUD>
    <NORD>96,430000</NORD>
    <SARD>96,430000</SARD>
    <SICI>96,430000</SICI>
    <SUD>96,430000</SUD>
    <AUST>96,430000</AUST>
    <BRNN>96,430000</BRNN>
    <COAC>96,430000</COAC>
    <CORS>96,430000</CORS>
    <FOGN>96,430000</FOGN>
    <FRAN>96,430000</FRAN>
    <GREC>96,430000</GREC>
    <MFTV>96,430000</MFTV>
    <PRGP>96,430000</PRGP>
    <ROSN>96,430000</ROSN>
    <SLOV>96,430000</SLOV>
    <SVIZ>96,430000</SVIZ>
    <BSP>96,430000</BSP>
    <MALT>96,430000</MALT>
    <XAUS>96,430000</XAUS>
    <XFRA>96,430000</XFRA>
  </Prezzi>
  <Prezzi>
    <Data>20170112</Data>
    <Mercato>MGP</Mercato>
    <Ora>10</Ora>
    <PUN>100,000000</PUN>
    <NAT>96,000000</NAT>
    <CNOR>103,779590</CNOR>
    <CSUD>103,779590</CSUD>
    <NORD>103,779590</NORD>
    <SARD>103,779590</SARD>
    <SICI>74,170000</SICI>
    <SUD>74,170000</SUD>
    <AUST>103,779590</AUST>
    <BRNN>74,170000</BRNN>
    <COAC>103,779590</COAC>
    <CORS>103,779590</CORS>
    <FOGN>74,170000</FOGN>
    <FRAN>103,779590</FRAN>
    <GREC>74,170000</GREC>
    <MFTV>103,779590</MFTV>
    <PRGP>74,170000</PRGP>
    <ROSN>74,170000</ROSN>
    <SLOV>103,779590</SLOV>
    <SVIZ>103,779590</SVIZ>
    <BSP>103,779590</BSP>
    <MALT>74,170000</MALT>
    <XAUS>103,779590</XAUS>
    <XFRA>103,779590</XFRA>
  </Prezzi>
  <Prezzi>
    <Data>20170112</Data>
    <Mercato>MGP</Mercato>
    <Ora>11</Ora>
    <PUN>98,363060</PUN>
    <NAT>91,000000</NAT>
    <CNOR>101,920000</CNOR>
    <CSUD>101,920000</CSUD>
    <NORD>101,920000</NORD>
    <SARD>101,920000</SARD>
    <SICI>73,370000</SICI>
    <SUD>73,370000</SUD>
    <AUST>101,920000</AUST>
    <BRNN>73,370000</BRNN>
    <COAC>101,920000</COAC>
    <CORS>101,920000</CORS>
    <FOGN>73,370000</FOGN>
    <FRAN>101,920000</FRAN>
    <GREC>73,370000</GREC>
    <MFTV>101,920000</MFTV>
    <PRGP>73,370000</PRGP>
    <ROSN>73,370000</ROSN>
    <SLOV>101,920000</SLOV>
    <SVIZ>101,920000</SVIZ>
    <BSP>101,920000</BSP>
    <MALT>73,370000</MALT>
    <XAUS>101,920000</XAUS>
    <XFRA>101,920000</XFRA>
  </Prezzi>
  <Prezzi>
    <Data>20170112</Data>
    <Mercato>MGP</Mercato>
    <Ora>12</Ora>
    <PUN>86,923390</PUN>
    <NAT>83,380000</NAT>
    <CNOR>88,940000</CNOR>
    <CSUD>88,940000</CSUD>
    <NORD>88,940000</NORD>
    <SARD>88,940000</SARD>
    <SICI>72,660000</SICI>
    <SUD>72,660000</SUD>
    <AUST>88,940000</AUST>
    <BRNN>72,660000</BRNN>
    <COAC>88,940000</COAC>
    <CORS>88,940000</CORS>
    <FOGN>72,660000</FOGN>
    <FRAN>88,940000</FRAN>
    <GREC>72,660000</GREC>
    <MFTV>88,940000</MFTV>
    <PRGP>72,660000</PRGP>
    <ROSN>72,660000</ROSN>
    <SLOV>88,940000</SLOV>
    <SVIZ>88,940000</SVIZ>
    <BSP>88,940000</BSP>
    <MALT>72,660000</MALT>
    <XAUS>88,940000</XAUS>
    <XFRA>88,940000</XFRA>
  </Prezzi>
  <Prezzi>
    <Data>20170112</Data>
    <Mercato>MGP</Mercato>
    <Ora>13</Ora>
    <PUN>80,313640</PUN>
    <NAT>77,630000</NAT>
    <CNOR>82,940000</CNOR>
    <CSUD>76,000000</CSUD>
    <NORD>82,940000</NORD>
    <SARD>76,000000</SARD>
    <SICI>72,660000</SICI>
    <SUD>72,660000</SUD>
    <AUST>82,940000</AUST>
    <BRNN>72,660000</BRNN>
    <COAC>76,000000</COAC>
    <CORS>82,940000</CORS>
    <FOGN>72,660000</FOGN>
    <FRAN>82,940000</FRAN>
    <GREC>72,660000</GREC>
    <MFTV>82,940000</MFTV>
    <PRGP>72,660000</PRGP>
    <ROSN>72,660000</ROSN>
    <SLOV>82,940000</SLOV>
    <SVIZ>82,940000</SVIZ>
    <BSP>82,940000</BSP>
    <MALT>72,660000</MALT>
    <XAUS>82,940000</XAUS>
    <XFRA>82,940000</XFRA>
  </Prezzi>
  <Prezzi>
    <Data>20170112</Data>
    <Mercato>MGP</Mercato>
    <Ora>14</Ora>
    <PUN>78,298640</PUN>
    <NAT>76,600000</NAT>
    <CNOR>75,000000</CNOR>
    <CSUD>75,000000</CSUD>
    <NORD>81,190000</NORD>
    <SARD>75,000000</SARD>
    <SICI>72,660000</SICI>
    <SUD>72,660000</SUD>
    <AUST>81,190000</AUST>
    <BRNN>72,660000</BRNN>
    <COAC>75,000000</COAC>
    <CORS>75,000000</CORS>
    <FOGN>72,660000</FOGN>
    <FRAN>81,190000</FRAN>
    <GREC>72,660000</GREC>
    <MFTV>81,190000</MFTV>
    <PRGP>72,660000</PRGP>
    <ROSN>72,660000</ROSN>
    <SLOV>81,190000</SLOV>
    <SVIZ>81,190000</SVIZ>
    <BSP>81,190000</BSP>
    <MALT>72,660000</MALT>
    <XAUS>81,190000</XAUS>
    <XFRA>81,190000</XFRA>
  </Prezzi>
  <Prezzi>
    <Data>20170112</Data>
    <Mercato>MGP</Mercato>
    <Ora>15</Ora>
    <PUN>82,689820</PUN>
    <NAT>80,000000</NAT>
    <CNOR>86,090000</CNOR>
    <CSUD>76,000000</CSUD>
    <NORD>86,090000</NORD>
    <SARD>76,000000</SARD>
    <SICI>73,370000</SICI>
    <SUD>73,370000</SUD>
    <AUST>86,090000</AUST>
    <BRNN>73,370000</BRNN>
    <COAC>76,000000</COAC>
    <CORS>86,090000</CORS>
    <FOGN>73,370000</FOGN>
    <FRAN>86,090000</FRAN>
    <GREC>73,370000</GREC>
    <MFTV>86,090000</MFTV>
    <PRGP>73,370000</PRGP>
    <ROSN>73,370000</ROSN>
    <SLOV>86,090000</SLOV>
    <SVIZ>86,090000</SVIZ>
    <BSP>86,090000</BSP>
    <MALT>73,370000</MALT>
    <XAUS>86,090000</XAUS>
    <XFRA>86,090000</XFRA>
  </Prezzi>
  <Prezzi>
    <Data>20170112</Data>
    <Mercato>MGP</Mercato>
    <Ora>16</Ora>
    <PUN>83,767370</PUN>
    <NAT>80,100000</NAT>
    <CNOR>86,500000</CNOR>
    <CSUD>80,010000</CSUD>
    <NORD>86,500000</NORD>
    <SARD>80,010000</SARD>
    <SICI>74,160000</SICI>
    <SUD>74,160000</SUD>
    <AUST>86,500000</AUST>
    <BRNN>74,160000</BRNN>
    <COAC>80,010000</COAC>
    <CORS>86,500000</CORS>
    <FOGN>74,160000</FOGN>
    <FRAN>86,500000</FRAN>
    <GREC>74,160000</GREC>
    <MFTV>86,500000</MFTV>
    <PRGP>74,160000</PRGP>
    <ROSN>74,160000</ROSN>
    <SLOV>86,500000</SLOV>
    <SVIZ>86,500000</SVIZ>
    <BSP>86,500000</BSP>
    <MALT>74,160000</MALT>
    <XAUS>86,500000</XAUS>
    <XFRA>86,500000</XFRA>
  </Prezzi>
  <Prezzi>
    <Data>20170112</Data>
    <Mercato>MGP</Mercato>
    <Ora>17</Ora>
    <PUN>86,888510</PUN>
    <NAT>86,240000</NAT>
    <CNOR>90,000000</CNOR>
    <CSUD>80,030000</CSUD>
    <NORD>90,000000</NORD>
    <SARD>80,030000</SARD>
    <SICI>80,030000</SICI>
    <SUD>80,030000</SUD>
    <AUST>90,000000</AUST>
    <BRNN>80,030000</BRNN>
    <COAC>80,030000</COAC>
    <CORS>90,000000</CORS>
    <FOGN>80,030000</FOGN>
    <FRAN>90,000000</FRAN>
    <GREC>80,030000</GREC>
    <MFTV>90,000000</MFTV>
    <PRGP>80,030000</PRGP>
    <ROSN>80,030000</ROSN>
    <SLOV>90,000000</SLOV>
    <SVIZ>90,000000</SVIZ>
    <BSP>90,000000</BSP>
    <MALT>80,030000</MALT>
    <XAUS>90,000000</XAUS>
    <XFRA>90,000000</XFRA>
  </Prezzi>
  <Prezzi>
    <Data>20170112</Data>
    <Mercato>MGP</Mercato>
    <Ora>18</Ora>
    <PUN>100,000000</PUN>
    <NAT>100,000000</NAT>
    <CNOR>104,400000</CNOR>
    <CSUD>90,748020</CSUD>
    <NORD>104,400000</NORD>
    <SARD>90,748020</SARD>
    <SICI>91,990000</SICI>
    <SUD>90,748020</SUD>
    <AUST>104,400000</AUST>
    <BRNN>90,748020</BRNN>
    <COAC>90,748020</COAC>
    <CORS>104,400000</CORS>
    <FOGN>90,748020</FOGN>
    <FRAN>104,400000</FRAN>
    <GREC>90,748020</GREC>
    <MFTV>104,400000</MFTV>
    <PRGP>91,990000</PRGP>
    <ROSN>90,748020</ROSN>
    <SLOV>104,400000</SLOV>
    <SVIZ>104,400000</SVIZ>
    <BSP>104,400000</BSP>
    <MALT>91,990000</MALT>
    <XAUS>104,400000</XAUS>
    <XFRA>104,400000</XFRA>
  </Prezzi>
  <Prezzi>
    <Data>20170112</Data>
    <Mercato>MGP</Mercato>
    <Ora>19</Ora>
    <PUN>96,880000</PUN>
    <NAT>96,880000</NAT>
    <CNOR>96,880000</CNOR>
    <CSUD>96,880000</CSUD>
    <NORD>96,880000</NORD>
    <SARD>96,880000</SARD>
    <SICI>96,880000</SICI>
    <SUD>96,880000</SUD>
    <AUST>96,880000</AUST>
    <BRNN>96,880000</BRNN>
    <COAC>96,880000</COAC>
    <CORS>96,880000</CORS>
    <FOGN>96,880000</FOGN>
    <FRAN>96,880000</FRAN>
    <GREC>96,880000</GREC>
    <MFTV>96,880000</MFTV>
    <PRGP>96,880000</PRGP>
    <ROSN>96,880000</ROSN>
    <SLOV>96,880000</SLOV>
    <SVIZ>96,880000</SVIZ>
    <BSP>96,880000</BSP>
    <MALT>96,880000</MALT>
    <XAUS>96,880000</XAUS>
    <XFRA>96,880000</XFRA>
  </Prezzi>
  <Prezzi>
    <Data>20170112</Data>
    <Mercato>MGP</Mercato>
    <Ora>20</Ora>
    <PUN>87,837210</PUN>
    <NAT>91,580000</NAT>
    <CNOR>87,500000</CNOR>
    <CSUD>87,500000</CSUD>
    <NORD>87,500000</NORD>
    <SARD>87,500000</SARD>
    <SICI>92,660000</SICI>
    <SUD>87,500000</SUD>
    <AUST>87,500000</AUST>
    <BRNN>87,500000</BRNN>
    <COAC>87,500000</COAC>
    <CORS>87,500000</CORS>
    <FOGN>87,500000</FOGN>
    <FRAN>87,500000</FRAN>
    <GREC>87,500000</GREC>
    <MFTV>87,500000</MFTV>
    <PRGP>92,660000</PRGP>
    <ROSN>87,500000</ROSN>
    <SLOV>87,500000</SLOV>
    <SVIZ>87,500000</SVIZ>
    <BSP>87,500000</BSP>
    <MALT>92,660000</MALT>
    <XAUS>87,500000</XAUS>
    <XFRA>87,500000</XFRA>
  </Prezzi>
  <Prezzi>
    <Data>20170112</Data>
    <Mercato>MGP</Mercato>
    <Ora>21</Ora>
    <PUN>82,542000</PUN>
    <NAT>83,380000</NAT>
    <CNOR>81,820000</CNOR>
    <CSUD>81,820000</CSUD>
    <NORD>81,820000</NORD>
    <SARD>81,820000</SARD>
    <SICI>92,660000</SICI>
    <SUD>81,820000</SUD>
    <AUST>81,820000</AUST>
    <BRNN>81,820000</BRNN>
    <COAC>81,820000</COAC>
    <CORS>81,820000</CORS>
    <FOGN>81,820000</FOGN>
    <FRAN>81,820000</FRAN>
    <GREC>81,820000</GREC>
    <MFTV>81,820000</MFTV>
    <PRGP>92,660000</PRGP>
    <ROSN>81,820000</ROSN>
    <SLOV>81,820000</SLOV>
    <SVIZ>81,820000</SVIZ>
    <BSP>81,820000</BSP>
    <MALT>92,660000</MALT>
    <XAUS>81,820000</XAUS>
    <XFRA>81,820000</XFRA>
  </Prezzi>
  <Prezzi>
    <Data>20170112</Data>
    <Mercato>MGP</Mercato>
    <Ora>22</Ora>
    <PUN>79,420750</PUN>
    <NAT>79,670000</NAT>
    <CNOR>79,670000</CNOR>
    <CSUD>76,000000</CSUD>
    <NORD>79,670000</NORD>
    <SARD>76,000000</SARD>
    <SICI>91,580000</SICI>
    <SUD>76,000000</SUD>
    <AUST>79,670000</AUST>
    <BRNN>76,000000</BRNN>
    <COAC>76,000000</COAC>
    <CORS>79,670000</CORS>
    <FOGN>76,000000</FOGN>
    <FRAN>79,670000</FRAN>
    <GREC>76,000000</GREC>
    <MFTV>79,670000</MFTV>
    <PRGP>91,580000</PRGP>
    <ROSN>76,000000</ROSN>
    <SLOV>79,670000</SLOV>
    <SVIZ>79,670000</SVIZ>
    <BSP>79,670000</BSP>
    <MALT>91,580000</MALT>
    <XAUS>79,670000</XAUS>
    <XFRA>79,670000</XFRA>
  </Prezzi>
  <Prezzi>
    <Data>20170112</Data>
    <Mercato>MGP</Mercato>
    <Ora>23</Ora>
    <PUN>73,240000</PUN>
    <NAT>73,240000</NAT>
    <CNOR>73,240000</CNOR>
    <CSUD>73,240000</CSUD>
    <NORD>73,240000</NORD>
    <SARD>73,240000</SARD>
    <SICI>73,240000</SICI>
    <SUD>73,240000</SUD>
    <AUST>73,240000</AUST>
    <BRNN>73,240000</BRNN>
    <COAC>73,240000</COAC>
    <CORS>73,240000</CORS>
    <FOGN>73,240000</FOGN>
    <FRAN>73,240000</FRAN>
    <GREC>73,240000</GREC>
    <MFTV>73,240000</MFTV>
    <PRGP>73,240000</PRGP>
    <ROSN>73,240000</ROSN>
    <SLOV>73,240000</SLOV>
    <SVIZ>73,240000</SVIZ>
    <BSP>73,240000</BSP>
    <MALT>73,240000</MALT>
    <XAUS>73,240000</XAUS>
    <XFRA>73,240000</XFRA>
  </Prezzi>
  <Prezzi>
    <Data>20170112</Data>
    <Mercato>MGP</Mercato>
    <Ora>24</Ora>
    <PUN>67,128130</PUN>
    <NAT>63,710000</NAT>
    <CNOR>58,690000</CNOR>
    <CSUD>58,690000</CSUD>
    <NORD>73,230000</NORD>
    <SARD>58,690000</SARD>
    <SICI>61,580000</SICI>
    <SUD>58,690000</SUD>
    <AUST>73,230000</AUST>
    <BRNN>58,690000</BRNN>
    <COAC>58,690000</COAC>
    <CORS>58,690000</CORS>
    <FOGN>58,690000</FOGN>
    <FRAN>73,230000</FRAN>
    <GREC>58,690000</GREC>
    <MFTV>73,230000</MFTV>
    <PRGP>61,580000</PRGP>
    <ROSN>58,690000</ROSN>
    <SLOV>73,230000</SLOV>
    <SVIZ>73,230000</SVIZ>
    <BSP>73,230000</BSP>
    <MALT>61,580000</MALT>
    <XAUS>73,230000</XAUS>
    <XFRA>73,230000</XFRA>
  </Prezzi>
</NewDataSet>