<?xml version="1.0" standalone="yes"?>
<NewDataSet>
  <xs:schema id="NewDataSet" xmlns="" xmlns:xs="http://www.w3.org/2001/XMLSchema" xmlns:msdata="urn:schemas-microsoft-com:xml-msdata">
    <xs:element name="NewDataSet" msdata:IsDataSet="true" msdata:UseCurrentLocale="true">
      <xs:complexType>
        <xs:choice minOccurs="0" maxOccurs="unbounded">
          <xs:element name="Prezzi">
            <xs:complexType>
              <xs:sequence>
                <xs:element name="Data" type="xs:string" minOccurs="0" />
                <xs:element name="Mercato" type="xs:string" minOccurs="0" />
                <xs:element name="Ora" type="xs:string" minOccurs="0" />
                <xs:element name="PUN" type="xs:string" minOccurs="0" />
                <xs:element name="NAT" type="xs:string" minOccurs="0" />
                <xs:element name="CNOR" type="xs:string" minOccurs="0" />
                <xs:element name="CSUD" type="xs:string" minOccurs="0" />
                <xs:element name="NORD" type="xs:string" minOccurs="0" />
                <xs:element name="SARD" type="xs:string" minOccurs="0" />
                <xs:element name="SICI" type="xs:string" minOccurs="0" />
                <xs:element name="SUD" type="xs:string" minOccurs="0" />
                <xs:element name="AUST" type="xs:string" minOccurs="0" />
                <xs:element name="BRNN" type="xs:string" minOccurs="0" />
                <xs:element name="COAC" type="xs:string" minOccurs="0" />
                <xs:element name="CORS" type="xs:string" minOccurs="0" />
                <xs:element name="FOGN" type="xs:string" minOccurs="0" />
                <xs:element name="FRAN" type="xs:string" minOccurs="0" />
                <xs:element name="GREC" type="xs:string" minOccurs="0" />
                <xs:element name="MFTV" type="xs:string" minOccurs="0" />
                <xs:element name="PRGP" type="xs:string" minOccurs="0" />
                <xs:element name="ROSN" type="xs:string" minOccurs="0" />
                <xs:element name="SLOV" type="xs:string" minOccurs="0" />
                <xs:element name="SVIZ" type="xs:string" minOccurs="0" />
                <xs:element name="BSP" type="xs:string" minOccurs="0" />
                <xs:element name="MALT" type="xs:string" minOccurs="0" />
                <xs:element name="XAUS" type="xs:string" minOccurs="0" />
                <xs:element name="XFRA" type="xs:string" minOccurs="0" />
              </xs:sequence>
            </xs:complexType>
          </xs:element>
        </xs:choice>
      </xs:complexType>
    </xs:element>
  </xs:schema>
  <Prezzi>
    <Data>20170124</Data>
    <Mercato>MGP</Mercato>
    <Ora>1</Ora>
    <PUN>72,394260</PUN>
    <NAT>61,880000</NAT>
    <CNOR>55,140000</CNOR>
    <CSUD>52,000000</CSUD>
    <NORD>86,825320</NORD>
    <SARD>52,000000</SARD>
    <SICI>52,000000</SICI>
    <SUD>52,000000</SUD>
    <AUST>86,825320</AUST>
    <BRNN>52,000000</BRNN>
    <COAC>52,000000</COAC>
    <CORS>55,140000</CORS>
    <FOGN>52,000000</FOGN>
    <FRAN>86,825320</FRAN>
    <GREC>52,000000</GREC>
    <MFTV>86,825320</MFTV>
    <PRGP>52,000000</PRGP>
    <ROSN>52,000000</ROSN>
    <SLOV>86,825320</SLOV>
    <SVIZ>86,825320</SVIZ>
    <BSP>86,825320</BSP>
    <MALT>52,000000</MALT>
    <XAUS>86,825320</XAUS>
    <XFRA>86,825320</XFRA>
  </Prezzi>
  <Prezzi>
    <Data>20170124</Data>
    <Mercato>MGP</Mercato>
    <Ora>2</Ora>
    <PUN>69,942900</PUN>
    <NAT>55,140000</NAT>
    <CNOR>55,140000</CNOR>
    <CSUD>52,000000</CSUD>
    <NORD>82,069740</NORD>
    <SARD>52,000000</SARD>
    <SICI>52,000000</SICI>
    <SUD>52,000000</SUD>
    <AUST>82,069740</AUST>
    <BRNN>52,000000</BRNN>
    <COAC>52,000000</COAC>
    <CORS>55,140000</CORS>
    <FOGN>52,000000</FOGN>
    <FRAN>82,069740</FRAN>
    <GREC>52,000000</GREC>
    <MFTV>82,069740</MFTV>
    <PRGP>52,000000</PRGP>
    <ROSN>52,000000</ROSN>
    <SLOV>82,069740</SLOV>
    <SVIZ>82,069740</SVIZ>
    <BSP>82,069740</BSP>
    <MALT>52,000000</MALT>
    <XAUS>82,069740</XAUS>
    <XFRA>82,069740</XFRA>
  </Prezzi>
  <Prezzi>
    <Data>20170124</Data>
    <Mercato>MGP</Mercato>
    <Ora>3</Ora>
    <PUN>65,770330</PUN>
    <NAT>55,000000</NAT>
    <CNOR>55,140000</CNOR>
    <CSUD>50,150000</CSUD>
    <NORD>75,693390</NORD>
    <SARD>50,150000</SARD>
    <SICI>50,150000</SICI>
    <SUD>50,150000</SUD>
    <AUST>75,693390</AUST>
    <BRNN>50,150000</BRNN>
    <COAC>50,150000</COAC>
    <CORS>55,140000</CORS>
    <FOGN>50,150000</FOGN>
    <FRAN>75,693390</FRAN>
    <GREC>50,150000</GREC>
    <MFTV>75,693390</MFTV>
    <PRGP>50,150000</PRGP>
    <ROSN>50,150000</ROSN>
    <SLOV>75,693390</SLOV>
    <SVIZ>75,693390</SVIZ>
    <BSP>75,693390</BSP>
    <MALT>50,150000</MALT>
    <XAUS>75,693390</XAUS>
    <XFRA>75,693390</XFRA>
  </Prezzi>
  <Prezzi>
    <Data>20170124</Data>
    <Mercato>MGP</Mercato>
    <Ora>4</Ora>
    <PUN>62,540250</PUN>
    <NAT>54,000000</NAT>
    <CNOR>55,140000</CNOR>
    <CSUD>50,150000</CSUD>
    <NORD>70,146070</NORD>
    <SARD>50,150000</SARD>
    <SICI>50,150000</SICI>
    <SUD>50,150000</SUD>
    <AUST>70,146070</AUST>
    <BRNN>50,150000</BRNN>
    <COAC>50,150000</COAC>
    <CORS>55,140000</CORS>
    <FOGN>50,150000</FOGN>
    <FRAN>70,146070</FRAN>
    <GREC>50,150000</GREC>
    <MFTV>70,146070</MFTV>
    <PRGP>50,150000</PRGP>
    <ROSN>50,150000</ROSN>
    <SLOV>70,146070</SLOV>
    <SVIZ>70,146070</SVIZ>
    <BSP>70,146070</BSP>
    <MALT>50,150000</MALT>
    <XAUS>70,146070</XAUS>
    <XFRA>70,146070</XFRA>
  </Prezzi>
  <Prezzi>
    <Data>20170124</Data>
    <Mercato>MGP</Mercato>
    <Ora>5</Ora>
    <PUN>62,470350</PUN>
    <NAT>54,000000</NAT>
    <CNOR>55,140000</CNOR>
    <CSUD>52,000000</CSUD>
    <NORD>69,090000</NORD>
    <SARD>52,000000</SARD>
    <SICI>52,000000</SICI>
    <SUD>52,000000</SUD>
    <AUST>69,090000</AUST>
    <BRNN>52,000000</BRNN>
    <COAC>52,000000</COAC>
    <CORS>55,140000</CORS>
    <FOGN>52,000000</FOGN>
    <FRAN>69,090000</FRAN>
    <GREC>52,000000</GREC>
    <MFTV>69,090000</MFTV>
    <PRGP>52,000000</PRGP>
    <ROSN>52,000000</ROSN>
    <SLOV>69,090000</SLOV>
    <SVIZ>69,090000</SVIZ>
    <BSP>69,090000</BSP>
    <MALT>52,000000</MALT>
    <XAUS>69,090000</XAUS>
    <XFRA>69,090000</XFRA>
  </Prezzi>
  <Prezzi>
    <Data>20170124</Data>
    <Mercato>MGP</Mercato>
    <Ora>6</Ora>
    <PUN>69,013060</PUN>
    <NAT>55,210000</NAT>
    <CNOR>55,140000</CNOR>
    <CSUD>52,000000</CSUD>
    <NORD>79,750000</NORD>
    <SARD>52,000000</SARD>
    <SICI>52,000000</SICI>
    <SUD>52,000000</SUD>
    <AUST>79,750000</AUST>
    <BRNN>52,000000</BRNN>
    <COAC>52,000000</COAC>
    <CORS>55,140000</CORS>
    <FOGN>52,000000</FOGN>
    <FRAN>79,750000</FRAN>
    <GREC>52,000000</GREC>
    <MFTV>79,750000</MFTV>
    <PRGP>52,000000</PRGP>
    <ROSN>52,000000</ROSN>
    <SLOV>79,750000</SLOV>
    <SVIZ>79,750000</SVIZ>
    <BSP>79,750000</BSP>
    <MALT>52,000000</MALT>
    <XAUS>79,750000</XAUS>
    <XFRA>79,750000</XFRA>
  </Prezzi>
  <Prezzi>
    <Data>20170124</Data>
    <Mercato>MGP</Mercato>
    <Ora>7</Ora>
    <PUN>84,052340</PUN>
    <NAT>71,580000</NAT>
    <CNOR>55,140000</CNOR>
    <CSUD>55,000000</CSUD>
    <NORD>102,904210</NORD>
    <SARD>55,000000</SARD>
    <SICI>55,000000</SICI>
    <SUD>55,000000</SUD>
    <AUST>102,904210</AUST>
    <BRNN>55,000000</BRNN>
    <COAC>55,000000</COAC>
    <CORS>55,140000</CORS>
    <FOGN>55,000000</FOGN>
    <FRAN>102,904210</FRAN>
    <GREC>55,000000</GREC>
    <MFTV>102,904210</MFTV>
    <PRGP>55,000000</PRGP>
    <ROSN>55,000000</ROSN>
    <SLOV>102,904210</SLOV>
    <SVIZ>102,904210</SVIZ>
    <BSP>102,904210</BSP>
    <MALT>55,000000</MALT>
    <XAUS>102,904210</XAUS>
    <XFRA>102,904210</XFRA>
  </Prezzi>
  <Prezzi>
    <Data>20170124</Data>
    <Mercato>MGP</Mercato>
    <Ora>8</Ora>
    <PUN>134,297930</PUN>
    <NAT>116,600000</NAT>
    <CNOR>79,180000</CNOR>
    <CSUD>79,180000</CSUD>
    <NORD>170,000000</NORD>
    <SARD>79,180000</SARD>
    <SICI>79,180000</SICI>
    <SUD>79,180000</SUD>
    <AUST>170,000000</AUST>
    <BRNN>79,180000</BRNN>
    <COAC>79,180000</COAC>
    <CORS>79,180000</CORS>
    <FOGN>79,180000</FOGN>
    <FRAN>170,000000</FRAN>
    <GREC>79,180000</GREC>
    <MFTV>170,000000</MFTV>
    <PRGP>79,180000</PRGP>
    <ROSN>79,180000</ROSN>
    <SLOV>170,000000</SLOV>
    <SVIZ>170,000000</SVIZ>
    <BSP>170,000000</BSP>
    <MALT>79,180000</MALT>
    <XAUS>170,000000</XAUS>
    <XFRA>170,000000</XFRA>
  </Prezzi>
  <Prezzi>
    <Data>20170124</Data>
    <Mercato>MGP</Mercato>
    <Ora>9</Ora>
    <PUN>162,409830</PUN>
    <NAT>120,000000</NAT>
    <CNOR>101,360000</CNOR>
    <CSUD>101,360000</CSUD>
    <NORD>204,691770</NORD>
    <SARD>101,360000</SARD>
    <SICI>91,180000</SICI>
    <SUD>91,180000</SUD>
    <AUST>204,691770</AUST>
    <BRNN>91,180000</BRNN>
    <COAC>101,360000</COAC>
    <CORS>101,360000</CORS>
    <FOGN>91,180000</FOGN>
    <FRAN>204,691770</FRAN>
    <GREC>91,180000</GREC>
    <MFTV>204,691770</MFTV>
    <PRGP>91,180000</PRGP>
    <ROSN>91,180000</ROSN>
    <SLOV>204,691770</SLOV>
    <SVIZ>204,691770</SVIZ>
    <BSP>204,691770</BSP>
    <MALT>91,180000</MALT>
    <XAUS>204,691770</XAUS>
    <XFRA>204,691770</XFRA>
  </Prezzi>
  <Prezzi>
    <Data>20170124</Data>
    <Mercato>MGP</Mercato>
    <Ora>10</Ora>
    <PUN>134,850000</PUN>
    <NAT>120,000000</NAT>
    <CNOR>126,030000</CNOR>
    <CSUD>108,070000</CSUD>
    <NORD>155,480720</NORD>
    <SARD>108,070000</SARD>
    <SICI>81,000000</SICI>
    <SUD>81,000000</SUD>
    <AUST>155,480720</AUST>
    <BRNN>81,000000</BRNN>
    <COAC>108,070000</COAC>
    <CORS>126,030000</CORS>
    <FOGN>81,000000</FOGN>
    <FRAN>155,480720</FRAN>
    <GREC>81,000000</GREC>
    <MFTV>155,480720</MFTV>
    <PRGP>81,000000</PRGP>
    <ROSN>81,000000</ROSN>
    <SLOV>155,480720</SLOV>
    <SVIZ>155,480720</SVIZ>
    <BSP>155,480720</BSP>
    <MALT>81,000000</MALT>
    <XAUS>155,480720</XAUS>
    <XFRA>155,480720</XFRA>
  </Prezzi>
  <Prezzi>
    <Data>20170124</Data>
    <Mercato>MGP</Mercato>
    <Ora>11</Ora>
    <PUN>128,339340</PUN>
    <NAT>119,000000</NAT>
    <CNOR>101,360000</CNOR>
    <CSUD>101,360000</CSUD>
    <NORD>151,066060</NORD>
    <SARD>101,360000</SARD>
    <SICI>79,180000</SICI>
    <SUD>79,180000</SUD>
    <AUST>151,066060</AUST>
    <BRNN>79,180000</BRNN>
    <COAC>101,360000</COAC>
    <CORS>101,360000</CORS>
    <FOGN>79,180000</FOGN>
    <FRAN>151,066060</FRAN>
    <GREC>79,180000</GREC>
    <MFTV>151,066060</MFTV>
    <PRGP>79,180000</PRGP>
    <ROSN>79,180000</ROSN>
    <SLOV>151,066060</SLOV>
    <SVIZ>151,066060</SVIZ>
    <BSP>151,066060</BSP>
    <MALT>79,180000</MALT>
    <XAUS>151,066060</XAUS>
    <XFRA>151,066060</XFRA>
  </Prezzi>
  <Prezzi>
    <Data>20170124</Data>
    <Mercato>MGP</Mercato>
    <Ora>12</Ora>
    <PUN>111,919160</PUN>
    <NAT>101,100000</NAT>
    <CNOR>80,000000</CNOR>
    <CSUD>80,000000</CSUD>
    <NORD>135,000000</NORD>
    <SARD>80,000000</SARD>
    <SICI>72,660000</SICI>
    <SUD>72,660000</SUD>
    <AUST>135,000000</AUST>
    <BRNN>72,660000</BRNN>
    <COAC>80,000000</COAC>
    <CORS>80,000000</CORS>
    <FOGN>72,660000</FOGN>
    <FRAN>135,000000</FRAN>
    <GREC>72,660000</GREC>
    <MFTV>135,000000</MFTV>
    <PRGP>72,660000</PRGP>
    <ROSN>72,660000</ROSN>
    <SLOV>135,000000</SLOV>
    <SVIZ>135,000000</SVIZ>
    <BSP>135,000000</BSP>
    <MALT>72,660000</MALT>
    <XAUS>135,000000</XAUS>
    <XFRA>135,000000</XFRA>
  </Prezzi>
  <Prezzi>
    <Data>20170124</Data>
    <Mercato>MGP</Mercato>
    <Ora>13</Ora>
    <PUN>101,250170</PUN>
    <NAT>94,380000</NAT>
    <CNOR>72,660000</CNOR>
    <CSUD>72,660000</CSUD>
    <NORD>121,582960</NORD>
    <SARD>72,660000</SARD>
    <SICI>72,660000</SICI>
    <SUD>72,660000</SUD>
    <AUST>121,582960</AUST>
    <BRNN>72,660000</BRNN>
    <COAC>72,660000</COAC>
    <CORS>72,660000</CORS>
    <FOGN>72,660000</FOGN>
    <FRAN>121,582960</FRAN>
    <GREC>72,660000</GREC>
    <MFTV>121,582960</MFTV>
    <PRGP>72,660000</PRGP>
    <ROSN>72,660000</ROSN>
    <SLOV>121,582960</SLOV>
    <SVIZ>121,582960</SVIZ>
    <BSP>121,582960</BSP>
    <MALT>72,660000</MALT>
    <XAUS>121,582960</XAUS>
    <XFRA>121,582960</XFRA>
  </Prezzi>
  <Prezzi>
    <Data>20170124</Data>
    <Mercato>MGP</Mercato>
    <Ora>14</Ora>
    <PUN>98,040560</PUN>
    <NAT>84,400000</NAT>
    <CNOR>69,460000</CNOR>
    <CSUD>69,460000</CSUD>
    <NORD>117,683240</NORD>
    <SARD>69,460000</SARD>
    <SICI>69,460000</SICI>
    <SUD>69,460000</SUD>
    <AUST>117,683240</AUST>
    <BRNN>69,460000</BRNN>
    <COAC>69,460000</COAC>
    <CORS>69,460000</CORS>
    <FOGN>69,460000</FOGN>
    <FRAN>117,683240</FRAN>
    <GREC>69,460000</GREC>
    <MFTV>117,683240</MFTV>
    <PRGP>69,460000</PRGP>
    <ROSN>69,460000</ROSN>
    <SLOV>117,683240</SLOV>
    <SVIZ>117,683240</SVIZ>
    <BSP>117,683240</BSP>
    <MALT>69,460000</MALT>
    <XAUS>117,683240</XAUS>
    <XFRA>117,683240</XFRA>
  </Prezzi>
  <Prezzi>
    <Data>20170124</Data>
    <Mercato>MGP</Mercato>
    <Ora>15</Ora>
    <PUN>96,941340</PUN>
    <NAT>84,700000</NAT>
    <CNOR>90,000000</CNOR>
    <CSUD>68,480000</CSUD>
    <NORD>112,206830</NORD>
    <SARD>68,480000</SARD>
    <SICI>68,480000</SICI>
    <SUD>68,480000</SUD>
    <AUST>112,206830</AUST>
    <BRNN>68,480000</BRNN>
    <COAC>68,480000</COAC>
    <CORS>90,000000</CORS>
    <FOGN>68,480000</FOGN>
    <FRAN>112,206830</FRAN>
    <GREC>68,480000</GREC>
    <MFTV>112,206830</MFTV>
    <PRGP>68,480000</PRGP>
    <ROSN>68,480000</ROSN>
    <SLOV>112,206830</SLOV>
    <SVIZ>112,206830</SVIZ>
    <BSP>112,206830</BSP>
    <MALT>68,480000</MALT>
    <XAUS>112,206830</XAUS>
    <XFRA>112,206830</XFRA>
  </Prezzi>
  <Prezzi>
    <Data>20170124</Data>
    <Mercato>MGP</Mercato>
    <Ora>16</Ora>
    <PUN>106,535650</PUN>
    <NAT>97,400000</NAT>
    <CNOR>117,178630</CNOR>
    <CSUD>88,250000</CSUD>
    <NORD>117,178630</NORD>
    <SARD>88,250000</SARD>
    <SICI>71,580000</SICI>
    <SUD>71,580000</SUD>
    <AUST>117,178630</AUST>
    <BRNN>71,580000</BRNN>
    <COAC>88,250000</COAC>
    <CORS>117,178630</CORS>
    <FOGN>71,580000</FOGN>
    <FRAN>117,178630</FRAN>
    <GREC>71,580000</GREC>
    <MFTV>117,178630</MFTV>
    <PRGP>71,580000</PRGP>
    <ROSN>71,580000</ROSN>
    <SLOV>117,178630</SLOV>
    <SVIZ>117,178630</SVIZ>
    <BSP>117,178630</BSP>
    <MALT>71,580000</MALT>
    <XAUS>117,178630</XAUS>
    <XFRA>117,178630</XFRA>
  </Prezzi>
  <Prezzi>
    <Data>20170124</Data>
    <Mercato>MGP</Mercato>
    <Ora>17</Ora>
    <PUN>110,983970</PUN>
    <NAT>101,360000</NAT>
    <CNOR>120,000000</CNOR>
    <CSUD>108,070000</CSUD>
    <NORD>120,000000</NORD>
    <SARD>108,070000</SARD>
    <SICI>71,580000</SICI>
    <SUD>62,220000</SUD>
    <AUST>120,000000</AUST>
    <BRNN>62,220000</BRNN>
    <COAC>108,070000</COAC>
    <CORS>120,000000</CORS>
    <FOGN>62,220000</FOGN>
    <FRAN>120,000000</FRAN>
    <GREC>62,220000</GREC>
    <MFTV>120,000000</MFTV>
    <PRGP>71,580000</PRGP>
    <ROSN>62,220000</ROSN>
    <SLOV>120,000000</SLOV>
    <SVIZ>120,000000</SVIZ>
    <BSP>120,000000</BSP>
    <MALT>71,580000</MALT>
    <XAUS>120,000000</XAUS>
    <XFRA>120,000000</XFRA>
  </Prezzi>
  <Prezzi>
    <Data>20170124</Data>
    <Mercato>MGP</Mercato>
    <Ora>18</Ora>
    <PUN>120,000000</PUN>
    <NAT>109,980000</NAT>
    <CNOR>131,007260</CNOR>
    <CSUD>109,980000</CSUD>
    <NORD>131,007260</NORD>
    <SARD>109,980000</SARD>
    <SICI>79,510000</SICI>
    <SUD>79,510000</SUD>
    <AUST>131,007260</AUST>
    <BRNN>79,510000</BRNN>
    <COAC>109,980000</COAC>
    <CORS>131,007260</CORS>
    <FOGN>79,510000</FOGN>
    <FRAN>131,007260</FRAN>
    <GREC>79,510000</GREC>
    <MFTV>131,007260</MFTV>
    <PRGP>79,510000</PRGP>
    <ROSN>79,510000</ROSN>
    <SLOV>131,007260</SLOV>
    <SVIZ>131,007260</SVIZ>
    <BSP>131,007260</BSP>
    <MALT>79,510000</MALT>
    <XAUS>131,007260</XAUS>
    <XFRA>131,007260</XFRA>
  </Prezzi>
  <Prezzi>
    <Data>20170124</Data>
    <Mercato>MGP</Mercato>
    <Ora>19</Ora>
    <PUN>133,910440</PUN>
    <NAT>120,000000</NAT>
    <CNOR>144,983660</CNOR>
    <CSUD>131,320000</CSUD>
    <NORD>144,983660</NORD>
    <SARD>131,320000</SARD>
    <SICI>92,660000</SICI>
    <SUD>81,040000</SUD>
    <AUST>144,983660</AUST>
    <BRNN>81,040000</BRNN>
    <COAC>131,320000</COAC>
    <CORS>144,983660</CORS>
    <FOGN>81,040000</FOGN>
    <FRAN>144,983660</FRAN>
    <GREC>81,040000</GREC>
    <MFTV>144,983660</MFTV>
    <PRGP>92,660000</PRGP>
    <ROSN>81,040000</ROSN>
    <SLOV>144,983660</SLOV>
    <SVIZ>144,983660</SVIZ>
    <BSP>144,983660</BSP>
    <MALT>92,660000</MALT>
    <XAUS>144,983660</XAUS>
    <XFRA>144,983660</XFRA>
  </Prezzi>
  <Prezzi>
    <Data>20170124</Data>
    <Mercato>MGP</Mercato>
    <Ora>20</Ora>
    <PUN>120,000000</PUN>
    <NAT>117,000000</NAT>
    <CNOR>125,955100</CNOR>
    <CSUD>125,955100</CSUD>
    <NORD>125,955100</NORD>
    <SARD>125,955100</SARD>
    <SICI>92,660000</SICI>
    <SUD>80,000000</SUD>
    <AUST>125,955100</AUST>
    <BRNN>80,000000</BRNN>
    <COAC>125,955100</COAC>
    <CORS>125,955100</CORS>
    <FOGN>80,000000</FOGN>
    <FRAN>125,955100</FRAN>
    <GREC>80,000000</GREC>
    <MFTV>125,955100</MFTV>
    <PRGP>92,660000</PRGP>
    <ROSN>80,000000</ROSN>
    <SLOV>125,955100</SLOV>
    <SVIZ>125,955100</SVIZ>
    <BSP>125,955100</BSP>
    <MALT>92,660000</MALT>
    <XAUS>125,955100</XAUS>
    <XFRA>125,955100</XFRA>
  </Prezzi>
  <Prezzi>
    <Data>20170124</Data>
    <Mercato>MGP</Mercato>
    <Ora>21</Ora>
    <PUN>108,186680</PUN>
    <NAT>99,700000</NAT>
    <CNOR>101,200000</CNOR>
    <CSUD>101,200000</CSUD>
    <NORD>118,110240</NORD>
    <SARD>101,200000</SARD>
    <SICI>92,660000</SICI>
    <SUD>80,000000</SUD>
    <AUST>118,110240</AUST>
    <BRNN>80,000000</BRNN>
    <COAC>101,200000</COAC>
    <CORS>101,200000</CORS>
    <FOGN>80,000000</FOGN>
    <FRAN>118,110240</FRAN>
    <GREC>80,000000</GREC>
    <MFTV>118,110240</MFTV>
    <PRGP>92,660000</PRGP>
    <ROSN>80,000000</ROSN>
    <SLOV>118,110240</SLOV>
    <SVIZ>118,110240</SVIZ>
    <BSP>118,110240</BSP>
    <MALT>92,660000</MALT>
    <XAUS>118,110240</XAUS>
    <XFRA>118,110240</XFRA>
  </Prezzi>
  <Prezzi>
    <Data>20170124</Data>
    <Mercato>MGP</Mercato>
    <Ora>22</Ora>
    <PUN>85,273180</PUN>
    <NAT>82,930000</NAT>
    <CNOR>67,660000</CNOR>
    <CSUD>67,660000</CSUD>
    <NORD>96,300000</NORD>
    <SARD>67,660000</SARD>
    <SICI>92,660000</SICI>
    <SUD>67,660000</SUD>
    <AUST>96,300000</AUST>
    <BRNN>67,660000</BRNN>
    <COAC>67,660000</COAC>
    <CORS>67,660000</CORS>
    <FOGN>67,660000</FOGN>
    <FRAN>96,300000</FRAN>
    <GREC>67,660000</GREC>
    <MFTV>96,300000</MFTV>
    <PRGP>92,660000</PRGP>
    <ROSN>67,660000</ROSN>
    <SLOV>96,300000</SLOV>
    <SVIZ>96,300000</SVIZ>
    <BSP>96,300000</BSP>
    <MALT>92,660000</MALT>
    <XAUS>96,300000</XAUS>
    <XFRA>96,300000</XFRA>
  </Prezzi>
  <Prezzi>
    <Data>20170124</Data>
    <Mercato>MGP</Mercato>
    <Ora>23</Ora>
    <PUN>78,540000</PUN>
    <NAT>70,990000</NAT>
    <CNOR>55,140000</CNOR>
    <CSUD>55,140000</CSUD>
    <NORD>93,709400</NORD>
    <SARD>55,140000</SARD>
    <SICI>82,520000</SICI>
    <SUD>55,140000</SUD>
    <AUST>93,709400</AUST>
    <BRNN>55,140000</BRNN>
    <COAC>55,140000</COAC>
    <CORS>55,140000</CORS>
    <FOGN>55,140000</FOGN>
    <FRAN>93,709400</FRAN>
    <GREC>55,140000</GREC>
    <MFTV>93,709400</MFTV>
    <PRGP>82,520000</PRGP>
    <ROSN>55,140000</ROSN>
    <SLOV>93,709400</SLOV>
    <SVIZ>93,709400</SVIZ>
    <BSP>93,709400</BSP>
    <MALT>82,520000</MALT>
    <XAUS>93,709400</XAUS>
    <XFRA>93,709400</XFRA>
  </Prezzi>
  <Prezzi>
    <Data>20170124</Data>
    <Mercato>MGP</Mercato>
    <Ora>24</Ora>
    <PUN>75,562740</PUN>
    <NAT>57,900000</NAT>
    <CNOR>55,140000</CNOR>
    <CSUD>54,000000</CSUD>
    <NORD>90,740000</NORD>
    <SARD>54,000000</SARD>
    <SICI>61,580000</SICI>
    <SUD>54,000000</SUD>
    <AUST>90,740000</AUST>
    <BRNN>54,000000</BRNN>
    <COAC>54,000000</COAC>
    <CORS>55,140000</CORS>
    <FOGN>54,000000</FOGN>
    <FRAN>90,740000</FRAN>
    <GREC>54,000000</GREC>
    <MFTV>90,740000</MFTV>
    <PRGP>61,580000</PRGP>
    <ROSN>54,000000</ROSN>
    <SLOV>90,740000</SLOV>
    <SVIZ>90,740000</SVIZ>
    <BSP>90,740000</BSP>
    <MALT>61,580000</MALT>
    <XAUS>90,740000</XAUS>
    <XFRA>90,740000</XFRA>
  </Prezzi>
</NewDataSet>