<?xml version="1.0" standalone="yes"?>
<NewDataSet>
  <xs:schema id="NewDataSet" xmlns="" xmlns:xs="http://www.w3.org/2001/XMLSchema" xmlns:msdata="urn:schemas-microsoft-com:xml-msdata">
    <xs:element name="NewDataSet" msdata:IsDataSet="true" msdata:UseCurrentLocale="true">
      <xs:complexType>
        <xs:choice minOccurs="0" maxOccurs="unbounded">
          <xs:element name="Prezzi">
            <xs:complexType>
              <xs:sequence>
                <xs:element name="Data" type="xs:string" minOccurs="0" />
                <xs:element name="Mercato" type="xs:string" minOccurs="0" />
                <xs:element name="Ora" type="xs:string" minOccurs="0" />
                <xs:element name="PUN" type="xs:string" minOccurs="0" />
                <xs:element name="NAT" type="xs:string" minOccurs="0" />
                <xs:element name="CNOR" type="xs:string" minOccurs="0" />
                <xs:element name="CSUD" type="xs:string" minOccurs="0" />
                <xs:element name="NORD" type="xs:string" minOccurs="0" />
                <xs:element name="SARD" type="xs:string" minOccurs="0" />
                <xs:element name="SICI" type="xs:string" minOccurs="0" />
                <xs:element name="SUD" type="xs:string" minOccurs="0" />
                <xs:element name="AUST" type="xs:string" minOccurs="0" />
                <xs:element name="BRNN" type="xs:string" minOccurs="0" />
                <xs:element name="COAC" type="xs:string" minOccurs="0" />
                <xs:element name="CORS" type="xs:string" minOccurs="0" />
                <xs:element name="FOGN" type="xs:string" minOccurs="0" />
                <xs:element name="FRAN" type="xs:string" minOccurs="0" />
                <xs:element name="GREC" type="xs:string" minOccurs="0" />
                <xs:element name="MFTV" type="xs:string" minOccurs="0" />
                <xs:element name="PRGP" type="xs:string" minOccurs="0" />
                <xs:element name="ROSN" type="xs:string" minOccurs="0" />
                <xs:element name="SLOV" type="xs:string" minOccurs="0" />
                <xs:element name="SVIZ" type="xs:string" minOccurs="0" />
                <xs:element name="BSP" type="xs:string" minOccurs="0" />
                <xs:element name="MALT" type="xs:string" minOccurs="0" />
                <xs:element name="XAUS" type="xs:string" minOccurs="0" />
                <xs:element name="XFRA" type="xs:string" minOccurs="0" />
              </xs:sequence>
            </xs:complexType>
          </xs:element>
        </xs:choice>
      </xs:complexType>
    </xs:element>
  </xs:schema>
  <Prezzi>
    <Data>20170126</Data>
    <Mercato>MGP</Mercato>
    <Ora>1</Ora>
    <PUN>83,791840</PUN>
    <NAT>58,000000</NAT>
    <CNOR>56,680000</CNOR>
    <CSUD>52,000000</CSUD>
    <NORD>104,750000</NORD>
    <SARD>52,000000</SARD>
    <SICI>52,000000</SICI>
    <SUD>52,000000</SUD>
    <AUST>104,750000</AUST>
    <BRNN>52,000000</BRNN>
    <COAC>52,000000</COAC>
    <CORS>56,680000</CORS>
    <FOGN>52,000000</FOGN>
    <FRAN>104,750000</FRAN>
    <GREC>52,000000</GREC>
    <MFTV>104,750000</MFTV>
    <PRGP>52,000000</PRGP>
    <ROSN>52,000000</ROSN>
    <SLOV>104,750000</SLOV>
    <SVIZ>104,750000</SVIZ>
    <BSP>104,750000</BSP>
    <MALT>52,000000</MALT>
    <XAUS>104,750000</XAUS>
    <XFRA>104,750000</XFRA>
  </Prezzi>
  <Prezzi>
    <Data>20170126</Data>
    <Mercato>MGP</Mercato>
    <Ora>2</Ora>
    <PUN>76,421380</PUN>
    <NAT>58,000000</NAT>
    <CNOR>70,990000</CNOR>
    <CSUD>48,970000</CSUD>
    <NORD>91,471910</NORD>
    <SARD>48,970000</SARD>
    <SICI>48,970000</SICI>
    <SUD>48,970000</SUD>
    <AUST>91,471910</AUST>
    <BRNN>48,970000</BRNN>
    <COAC>48,970000</COAC>
    <CORS>70,990000</CORS>
    <FOGN>48,970000</FOGN>
    <FRAN>91,471910</FRAN>
    <GREC>48,970000</GREC>
    <MFTV>91,471910</MFTV>
    <PRGP>48,970000</PRGP>
    <ROSN>48,970000</ROSN>
    <SLOV>91,471910</SLOV>
    <SVIZ>91,471910</SVIZ>
    <BSP>91,471910</BSP>
    <MALT>48,970000</MALT>
    <XAUS>91,471910</XAUS>
    <XFRA>91,471910</XFRA>
  </Prezzi>
  <Prezzi>
    <Data>20170126</Data>
    <Mercato>MGP</Mercato>
    <Ora>3</Ora>
    <PUN>75,077520</PUN>
    <NAT>56,680000</NAT>
    <CNOR>70,990000</CNOR>
    <CSUD>48,790000</CSUD>
    <NORD>89,000000</NORD>
    <SARD>48,790000</SARD>
    <SICI>48,790000</SICI>
    <SUD>48,790000</SUD>
    <AUST>89,000000</AUST>
    <BRNN>48,790000</BRNN>
    <COAC>48,790000</COAC>
    <CORS>70,990000</CORS>
    <FOGN>48,790000</FOGN>
    <FRAN>89,000000</FRAN>
    <GREC>48,790000</GREC>
    <MFTV>89,000000</MFTV>
    <PRGP>48,790000</PRGP>
    <ROSN>48,790000</ROSN>
    <SLOV>89,000000</SLOV>
    <SVIZ>89,000000</SVIZ>
    <BSP>89,000000</BSP>
    <MALT>48,790000</MALT>
    <XAUS>89,000000</XAUS>
    <XFRA>89,000000</XFRA>
  </Prezzi>
  <Prezzi>
    <Data>20170126</Data>
    <Mercato>MGP</Mercato>
    <Ora>4</Ora>
    <PUN>71,823510</PUN>
    <NAT>55,000000</NAT>
    <CNOR>70,990000</CNOR>
    <CSUD>48,860000</CSUD>
    <NORD>83,429950</NORD>
    <SARD>48,860000</SARD>
    <SICI>48,860000</SICI>
    <SUD>48,860000</SUD>
    <AUST>83,429950</AUST>
    <BRNN>48,860000</BRNN>
    <COAC>48,860000</COAC>
    <CORS>70,990000</CORS>
    <FOGN>48,860000</FOGN>
    <FRAN>83,429950</FRAN>
    <GREC>48,860000</GREC>
    <MFTV>83,429950</MFTV>
    <PRGP>48,860000</PRGP>
    <ROSN>48,860000</ROSN>
    <SLOV>83,429950</SLOV>
    <SVIZ>83,429950</SVIZ>
    <BSP>83,429950</BSP>
    <MALT>48,860000</MALT>
    <XAUS>83,429950</XAUS>
    <XFRA>83,429950</XFRA>
  </Prezzi>
  <Prezzi>
    <Data>20170126</Data>
    <Mercato>MGP</Mercato>
    <Ora>5</Ora>
    <PUN>70,430510</PUN>
    <NAT>55,000000</NAT>
    <CNOR>70,990000</CNOR>
    <CSUD>48,970000</CSUD>
    <NORD>81,042620</NORD>
    <SARD>48,970000</SARD>
    <SICI>48,970000</SICI>
    <SUD>48,970000</SUD>
    <AUST>81,042620</AUST>
    <BRNN>48,970000</BRNN>
    <COAC>48,970000</COAC>
    <CORS>70,990000</CORS>
    <FOGN>48,970000</FOGN>
    <FRAN>81,042620</FRAN>
    <GREC>48,970000</GREC>
    <MFTV>81,042620</MFTV>
    <PRGP>48,970000</PRGP>
    <ROSN>48,970000</ROSN>
    <SLOV>81,042620</SLOV>
    <SVIZ>81,042620</SVIZ>
    <BSP>81,042620</BSP>
    <MALT>48,970000</MALT>
    <XAUS>81,042620</XAUS>
    <XFRA>81,042620</XFRA>
  </Prezzi>
  <Prezzi>
    <Data>20170126</Data>
    <Mercato>MGP</Mercato>
    <Ora>6</Ora>
    <PUN>75,572480</PUN>
    <NAT>56,680000</NAT>
    <CNOR>71,760000</CNOR>
    <CSUD>49,710000</CSUD>
    <NORD>88,966830</NORD>
    <SARD>49,710000</SARD>
    <SICI>49,710000</SICI>
    <SUD>49,710000</SUD>
    <AUST>88,966830</AUST>
    <BRNN>49,710000</BRNN>
    <COAC>49,710000</COAC>
    <CORS>71,760000</CORS>
    <FOGN>49,710000</FOGN>
    <FRAN>88,966830</FRAN>
    <GREC>49,710000</GREC>
    <MFTV>88,966830</MFTV>
    <PRGP>49,710000</PRGP>
    <ROSN>49,710000</ROSN>
    <SLOV>88,966830</SLOV>
    <SVIZ>88,966830</SVIZ>
    <BSP>88,966830</BSP>
    <MALT>49,710000</MALT>
    <XAUS>88,966830</XAUS>
    <XFRA>88,966830</XFRA>
  </Prezzi>
  <Prezzi>
    <Data>20170126</Data>
    <Mercato>MGP</Mercato>
    <Ora>7</Ora>
    <PUN>92,101040</PUN>
    <NAT>65,080000</NAT>
    <CNOR>108,200000</CNOR>
    <CSUD>53,000000</CSUD>
    <NORD>108,200000</NORD>
    <SARD>53,000000</SARD>
    <SICI>58,500000</SICI>
    <SUD>53,000000</SUD>
    <AUST>108,200000</AUST>
    <BRNN>53,000000</BRNN>
    <COAC>53,000000</COAC>
    <CORS>108,200000</CORS>
    <FOGN>53,000000</FOGN>
    <FRAN>108,200000</FRAN>
    <GREC>53,000000</GREC>
    <MFTV>108,200000</MFTV>
    <PRGP>58,500000</PRGP>
    <ROSN>53,000000</ROSN>
    <SLOV>108,200000</SLOV>
    <SVIZ>108,200000</SVIZ>
    <BSP>108,200000</BSP>
    <MALT>58,500000</MALT>
    <XAUS>108,200000</XAUS>
    <XFRA>108,200000</XFRA>
  </Prezzi>
  <Prezzi>
    <Data>20170126</Data>
    <Mercato>MGP</Mercato>
    <Ora>8</Ora>
    <PUN>124,301150</PUN>
    <NAT>107,500000</NAT>
    <CNOR>85,580000</CNOR>
    <CSUD>85,580000</CSUD>
    <NORD>150,000000</NORD>
    <SARD>85,580000</SARD>
    <SICI>85,580000</SICI>
    <SUD>85,580000</SUD>
    <AUST>150,000000</AUST>
    <BRNN>85,580000</BRNN>
    <COAC>85,580000</COAC>
    <CORS>85,580000</CORS>
    <FOGN>85,580000</FOGN>
    <FRAN>150,000000</FRAN>
    <GREC>85,580000</GREC>
    <MFTV>150,000000</MFTV>
    <PRGP>85,580000</PRGP>
    <ROSN>85,580000</ROSN>
    <SLOV>150,000000</SLOV>
    <SVIZ>150,000000</SVIZ>
    <BSP>150,000000</BSP>
    <MALT>85,580000</MALT>
    <XAUS>150,000000</XAUS>
    <XFRA>150,000000</XFRA>
  </Prezzi>
  <Prezzi>
    <Data>20170126</Data>
    <Mercato>MGP</Mercato>
    <Ora>9</Ora>
    <PUN>137,636960</PUN>
    <NAT>150,000000</NAT>
    <CNOR>121,170000</CNOR>
    <CSUD>89,990000</CSUD>
    <NORD>164,920320</NORD>
    <SARD>89,990000</SARD>
    <SICI>86,660000</SICI>
    <SUD>86,660000</SUD>
    <AUST>164,920320</AUST>
    <BRNN>86,660000</BRNN>
    <COAC>89,990000</COAC>
    <CORS>121,170000</CORS>
    <FOGN>86,660000</FOGN>
    <FRAN>164,920320</FRAN>
    <GREC>86,660000</GREC>
    <MFTV>164,920320</MFTV>
    <PRGP>86,660000</PRGP>
    <ROSN>86,660000</ROSN>
    <SLOV>164,920320</SLOV>
    <SVIZ>164,920320</SVIZ>
    <BSP>164,920320</BSP>
    <MALT>86,660000</MALT>
    <XAUS>164,920320</XAUS>
    <XFRA>164,920320</XFRA>
  </Prezzi>
  <Prezzi>
    <Data>20170126</Data>
    <Mercato>MGP</Mercato>
    <Ora>10</Ora>
    <PUN>127,496670</PUN>
    <NAT>120,000000</NAT>
    <CNOR>150,000000</CNOR>
    <CSUD>77,000000</CSUD>
    <NORD>150,000000</NORD>
    <SARD>77,000000</SARD>
    <SICI>72,630000</SICI>
    <SUD>72,630000</SUD>
    <AUST>150,000000</AUST>
    <BRNN>72,630000</BRNN>
    <COAC>77,000000</COAC>
    <CORS>150,000000</CORS>
    <FOGN>72,630000</FOGN>
    <FRAN>150,000000</FRAN>
    <GREC>72,630000</GREC>
    <MFTV>150,000000</MFTV>
    <PRGP>72,630000</PRGP>
    <ROSN>72,630000</ROSN>
    <SLOV>150,000000</SLOV>
    <SVIZ>150,000000</SVIZ>
    <BSP>150,000000</BSP>
    <MALT>72,630000</MALT>
    <XAUS>150,000000</XAUS>
    <XFRA>150,000000</XFRA>
  </Prezzi>
  <Prezzi>
    <Data>20170126</Data>
    <Mercato>MGP</Mercato>
    <Ora>11</Ora>
    <PUN>100,000000</PUN>
    <NAT>95,000000</NAT>
    <CNOR>70,990000</CNOR>
    <CSUD>58,000000</CSUD>
    <NORD>126,090080</NORD>
    <SARD>58,000000</SARD>
    <SICI>61,760000</SICI>
    <SUD>55,000000</SUD>
    <AUST>126,090080</AUST>
    <BRNN>55,000000</BRNN>
    <COAC>58,000000</COAC>
    <CORS>70,990000</CORS>
    <FOGN>55,000000</FOGN>
    <FRAN>126,090080</FRAN>
    <GREC>55,000000</GREC>
    <MFTV>126,090080</MFTV>
    <PRGP>61,760000</PRGP>
    <ROSN>55,000000</ROSN>
    <SLOV>126,090080</SLOV>
    <SVIZ>126,090080</SVIZ>
    <BSP>126,090080</BSP>
    <MALT>61,760000</MALT>
    <XAUS>126,090080</XAUS>
    <XFRA>126,090080</XFRA>
  </Prezzi>
  <Prezzi>
    <Data>20170126</Data>
    <Mercato>MGP</Mercato>
    <Ora>12</Ora>
    <PUN>95,324180</PUN>
    <NAT>74,020000</NAT>
    <CNOR>70,990000</CNOR>
    <CSUD>55,000000</CSUD>
    <NORD>120,000000</NORD>
    <SARD>55,000000</SARD>
    <SICI>61,580000</SICI>
    <SUD>55,000000</SUD>
    <AUST>120,000000</AUST>
    <BRNN>55,000000</BRNN>
    <COAC>55,000000</COAC>
    <CORS>70,990000</CORS>
    <FOGN>55,000000</FOGN>
    <FRAN>120,000000</FRAN>
    <GREC>55,000000</GREC>
    <MFTV>120,000000</MFTV>
    <PRGP>61,580000</PRGP>
    <ROSN>55,000000</ROSN>
    <SLOV>120,000000</SLOV>
    <SVIZ>120,000000</SVIZ>
    <BSP>120,000000</BSP>
    <MALT>61,580000</MALT>
    <XAUS>120,000000</XAUS>
    <XFRA>120,000000</XFRA>
  </Prezzi>
  <Prezzi>
    <Data>20170126</Data>
    <Mercato>MGP</Mercato>
    <Ora>13</Ora>
    <PUN>83,874080</PUN>
    <NAT>71,580000</NAT>
    <CNOR>70,990000</CNOR>
    <CSUD>55,000000</CSUD>
    <NORD>101,283980</NORD>
    <SARD>55,000000</SARD>
    <SICI>61,580000</SICI>
    <SUD>55,000000</SUD>
    <AUST>101,283980</AUST>
    <BRNN>55,000000</BRNN>
    <COAC>55,000000</COAC>
    <CORS>70,990000</CORS>
    <FOGN>55,000000</FOGN>
    <FRAN>101,283980</FRAN>
    <GREC>55,000000</GREC>
    <MFTV>101,283980</MFTV>
    <PRGP>61,580000</PRGP>
    <ROSN>55,000000</ROSN>
    <SLOV>101,283980</SLOV>
    <SVIZ>101,283980</SVIZ>
    <BSP>101,283980</BSP>
    <MALT>61,580000</MALT>
    <XAUS>101,283980</XAUS>
    <XFRA>101,283980</XFRA>
  </Prezzi>
  <Prezzi>
    <Data>20170126</Data>
    <Mercato>MGP</Mercato>
    <Ora>14</Ora>
    <PUN>76,768590</PUN>
    <NAT>71,250000</NAT>
    <CNOR>70,990000</CNOR>
    <CSUD>55,000000</CSUD>
    <NORD>88,800000</NORD>
    <SARD>55,000000</SARD>
    <SICI>61,580000</SICI>
    <SUD>55,000000</SUD>
    <AUST>88,800000</AUST>
    <BRNN>55,000000</BRNN>
    <COAC>55,000000</COAC>
    <CORS>70,990000</CORS>
    <FOGN>55,000000</FOGN>
    <FRAN>88,800000</FRAN>
    <GREC>55,000000</GREC>
    <MFTV>88,800000</MFTV>
    <PRGP>61,580000</PRGP>
    <ROSN>55,000000</ROSN>
    <SLOV>88,800000</SLOV>
    <SVIZ>88,800000</SVIZ>
    <BSP>88,800000</BSP>
    <MALT>61,580000</MALT>
    <XAUS>88,800000</XAUS>
    <XFRA>88,800000</XFRA>
  </Prezzi>
  <Prezzi>
    <Data>20170126</Data>
    <Mercato>MGP</Mercato>
    <Ora>15</Ora>
    <PUN>84,768620</PUN>
    <NAT>75,000000</NAT>
    <CNOR>96,065430</CNOR>
    <CSUD>58,000000</CSUD>
    <NORD>96,065430</NORD>
    <SARD>58,000000</SARD>
    <SICI>63,190000</SICI>
    <SUD>58,000000</SUD>
    <AUST>96,065430</AUST>
    <BRNN>58,000000</BRNN>
    <COAC>58,000000</COAC>
    <CORS>96,065430</CORS>
    <FOGN>58,000000</FOGN>
    <FRAN>96,065430</FRAN>
    <GREC>58,000000</GREC>
    <MFTV>96,065430</MFTV>
    <PRGP>63,190000</PRGP>
    <ROSN>58,000000</ROSN>
    <SLOV>96,065430</SLOV>
    <SVIZ>96,065430</SVIZ>
    <BSP>96,065430</BSP>
    <MALT>63,190000</MALT>
    <XAUS>96,065430</XAUS>
    <XFRA>96,065430</XFRA>
  </Prezzi>
  <Prezzi>
    <Data>20170126</Data>
    <Mercato>MGP</Mercato>
    <Ora>16</Ora>
    <PUN>97,618360</PUN>
    <NAT>83,260000</NAT>
    <CNOR>112,631510</CNOR>
    <CSUD>60,930000</CSUD>
    <NORD>112,631510</NORD>
    <SARD>60,930000</SARD>
    <SICI>71,580000</SICI>
    <SUD>60,930000</SUD>
    <AUST>112,631510</AUST>
    <BRNN>60,930000</BRNN>
    <COAC>60,930000</COAC>
    <CORS>112,631510</CORS>
    <FOGN>60,930000</FOGN>
    <FRAN>112,631510</FRAN>
    <GREC>60,930000</GREC>
    <MFTV>112,631510</MFTV>
    <PRGP>71,580000</PRGP>
    <ROSN>60,930000</ROSN>
    <SLOV>112,631510</SLOV>
    <SVIZ>112,631510</SVIZ>
    <BSP>112,631510</BSP>
    <MALT>71,580000</MALT>
    <XAUS>112,631510</XAUS>
    <XFRA>112,631510</XFRA>
  </Prezzi>
  <Prezzi>
    <Data>20170126</Data>
    <Mercato>MGP</Mercato>
    <Ora>17</Ora>
    <PUN>106,918640</PUN>
    <NAT>101,360000</NAT>
    <CNOR>123,000000</CNOR>
    <CSUD>69,690000</CSUD>
    <NORD>123,000000</NORD>
    <SARD>69,690000</SARD>
    <SICI>72,660000</SICI>
    <SUD>69,690000</SUD>
    <AUST>123,000000</AUST>
    <BRNN>69,690000</BRNN>
    <COAC>69,690000</COAC>
    <CORS>123,000000</CORS>
    <FOGN>69,690000</FOGN>
    <FRAN>123,000000</FRAN>
    <GREC>69,690000</GREC>
    <MFTV>123,000000</MFTV>
    <PRGP>72,660000</PRGP>
    <ROSN>69,690000</ROSN>
    <SLOV>123,000000</SLOV>
    <SVIZ>123,000000</SVIZ>
    <BSP>123,000000</BSP>
    <MALT>72,660000</MALT>
    <XAUS>123,000000</XAUS>
    <XFRA>123,000000</XFRA>
  </Prezzi>
  <Prezzi>
    <Data>20170126</Data>
    <Mercato>MGP</Mercato>
    <Ora>18</Ora>
    <PUN>120,000000</PUN>
    <NAT>120,000000</NAT>
    <CNOR>134,300000</CNOR>
    <CSUD>90,222260</CSUD>
    <NORD>134,300000</NORD>
    <SARD>90,222260</SARD>
    <SICI>90,222260</SICI>
    <SUD>90,222260</SUD>
    <AUST>134,300000</AUST>
    <BRNN>90,222260</BRNN>
    <COAC>90,222260</COAC>
    <CORS>134,300000</CORS>
    <FOGN>90,222260</FOGN>
    <FRAN>134,300000</FRAN>
    <GREC>90,222260</GREC>
    <MFTV>134,300000</MFTV>
    <PRGP>90,222260</PRGP>
    <ROSN>90,222260</ROSN>
    <SLOV>134,300000</SLOV>
    <SVIZ>134,300000</SVIZ>
    <BSP>134,300000</BSP>
    <MALT>90,222260</MALT>
    <XAUS>134,300000</XAUS>
    <XFRA>134,300000</XFRA>
  </Prezzi>
  <Prezzi>
    <Data>20170126</Data>
    <Mercato>MGP</Mercato>
    <Ora>19</Ora>
    <PUN>126,934870</PUN>
    <NAT>120,000000</NAT>
    <CNOR>139,000000</CNOR>
    <CSUD>108,070000</CSUD>
    <NORD>139,000000</NORD>
    <SARD>108,070000</SARD>
    <SICI>95,770000</SICI>
    <SUD>95,770000</SUD>
    <AUST>139,000000</AUST>
    <BRNN>95,770000</BRNN>
    <COAC>108,070000</COAC>
    <CORS>139,000000</CORS>
    <FOGN>95,770000</FOGN>
    <FRAN>139,000000</FRAN>
    <GREC>95,770000</GREC>
    <MFTV>139,000000</MFTV>
    <PRGP>95,770000</PRGP>
    <ROSN>95,770000</ROSN>
    <SLOV>139,000000</SLOV>
    <SVIZ>139,000000</SVIZ>
    <BSP>139,000000</BSP>
    <MALT>95,770000</MALT>
    <XAUS>139,000000</XAUS>
    <XFRA>139,000000</XFRA>
  </Prezzi>
  <Prezzi>
    <Data>20170126</Data>
    <Mercato>MGP</Mercato>
    <Ora>20</Ora>
    <PUN>114,914550</PUN>
    <NAT>120,000000</NAT>
    <CNOR>121,300000</CNOR>
    <CSUD>108,070000</CSUD>
    <NORD>121,300000</NORD>
    <SARD>108,070000</SARD>
    <SICI>95,770000</SICI>
    <SUD>95,770000</SUD>
    <AUST>121,300000</AUST>
    <BRNN>95,770000</BRNN>
    <COAC>108,070000</COAC>
    <CORS>121,300000</CORS>
    <FOGN>95,770000</FOGN>
    <FRAN>121,300000</FRAN>
    <GREC>95,770000</GREC>
    <MFTV>121,300000</MFTV>
    <PRGP>95,770000</PRGP>
    <ROSN>95,770000</ROSN>
    <SLOV>121,300000</SLOV>
    <SVIZ>121,300000</SVIZ>
    <BSP>121,300000</BSP>
    <MALT>95,770000</MALT>
    <XAUS>121,300000</XAUS>
    <XFRA>121,300000</XFRA>
  </Prezzi>
  <Prezzi>
    <Data>20170126</Data>
    <Mercato>MGP</Mercato>
    <Ora>21</Ora>
    <PUN>98,065030</PUN>
    <NAT>96,020000</NAT>
    <CNOR>99,104490</CNOR>
    <CSUD>99,104490</CSUD>
    <NORD>99,104490</NORD>
    <SARD>99,104490</SARD>
    <SICI>92,660000</SICI>
    <SUD>92,000000</SUD>
    <AUST>99,104490</AUST>
    <BRNN>92,000000</BRNN>
    <COAC>99,104490</COAC>
    <CORS>99,104490</CORS>
    <FOGN>92,000000</FOGN>
    <FRAN>99,104490</FRAN>
    <GREC>92,000000</GREC>
    <MFTV>99,104490</MFTV>
    <PRGP>92,660000</PRGP>
    <ROSN>92,000000</ROSN>
    <SLOV>99,104490</SLOV>
    <SVIZ>99,104490</SVIZ>
    <BSP>99,104490</BSP>
    <MALT>92,660000</MALT>
    <XAUS>99,104490</XAUS>
    <XFRA>99,104490</XFRA>
  </Prezzi>
  <Prezzi>
    <Data>20170126</Data>
    <Mercato>MGP</Mercato>
    <Ora>22</Ora>
    <PUN>78,106080</PUN>
    <NAT>74,930000</NAT>
    <CNOR>58,680000</CNOR>
    <CSUD>58,000000</CSUD>
    <NORD>90,200000</NORD>
    <SARD>58,000000</SARD>
    <SICI>92,660000</SICI>
    <SUD>56,830000</SUD>
    <AUST>90,200000</AUST>
    <BRNN>56,830000</BRNN>
    <COAC>58,000000</COAC>
    <CORS>58,680000</CORS>
    <FOGN>56,830000</FOGN>
    <FRAN>90,200000</FRAN>
    <GREC>56,830000</GREC>
    <MFTV>90,200000</MFTV>
    <PRGP>92,660000</PRGP>
    <ROSN>56,830000</ROSN>
    <SLOV>90,200000</SLOV>
    <SVIZ>90,200000</SVIZ>
    <BSP>90,200000</BSP>
    <MALT>92,660000</MALT>
    <XAUS>90,200000</XAUS>
    <XFRA>90,200000</XFRA>
  </Prezzi>
  <Prezzi>
    <Data>20170126</Data>
    <Mercato>MGP</Mercato>
    <Ora>23</Ora>
    <PUN>77,476900</PUN>
    <NAT>68,770000</NAT>
    <CNOR>70,990000</CNOR>
    <CSUD>55,250000</CSUD>
    <NORD>88,100000</NORD>
    <SARD>55,250000</SARD>
    <SICI>91,580000</SICI>
    <SUD>55,250000</SUD>
    <AUST>88,100000</AUST>
    <BRNN>55,250000</BRNN>
    <COAC>55,250000</COAC>
    <CORS>70,990000</CORS>
    <FOGN>55,250000</FOGN>
    <FRAN>88,100000</FRAN>
    <GREC>55,250000</GREC>
    <MFTV>88,100000</MFTV>
    <PRGP>91,580000</PRGP>
    <ROSN>55,250000</ROSN>
    <SLOV>88,100000</SLOV>
    <SVIZ>88,100000</SVIZ>
    <BSP>88,100000</BSP>
    <MALT>91,580000</MALT>
    <XAUS>88,100000</XAUS>
    <XFRA>88,100000</XFRA>
  </Prezzi>
  <Prezzi>
    <Data>20170126</Data>
    <Mercato>MGP</Mercato>
    <Ora>24</Ora>
    <PUN>74,238250</PUN>
    <NAT>58,580000</NAT>
    <CNOR>83,650690</CNOR>
    <CSUD>54,000000</CSUD>
    <NORD>83,650690</NORD>
    <SARD>54,000000</SARD>
    <SICI>61,760000</SICI>
    <SUD>54,000000</SUD>
    <AUST>83,650690</AUST>
    <BRNN>54,000000</BRNN>
    <COAC>54,000000</COAC>
    <CORS>83,650690</CORS>
    <FOGN>54,000000</FOGN>
    <FRAN>83,650690</FRAN>
    <GREC>54,000000</GREC>
    <MFTV>83,650690</MFTV>
    <PRGP>61,760000</PRGP>
    <ROSN>54,000000</ROSN>
    <SLOV>83,650690</SLOV>
    <SVIZ>83,650690</SVIZ>
    <BSP>83,650690</BSP>
    <MALT>61,760000</MALT>
    <XAUS>83,650690</XAUS>
    <XFRA>83,650690</XFRA>
  </Prezzi>
</NewDataSet>