<?xml version="1.0" standalone="yes"?>
<NewDataSet>
  <xs:schema id="NewDataSet" xmlns="" xmlns:xs="http://www.w3.org/2001/XMLSchema" xmlns:msdata="urn:schemas-microsoft-com:xml-msdata">
    <xs:element name="NewDataSet" msdata:IsDataSet="true" msdata:UseCurrentLocale="true">
      <xs:complexType>
        <xs:choice minOccurs="0" maxOccurs="unbounded">
          <xs:element name="Prezzi">
            <xs:complexType>
              <xs:sequence>
                <xs:element name="Data" type="xs:string" minOccurs="0" />
                <xs:element name="Mercato" type="xs:string" minOccurs="0" />
                <xs:element name="Ora" type="xs:string" minOccurs="0" />
                <xs:element name="PUN" type="xs:string" minOccurs="0" />
                <xs:element name="NAT" type="xs:string" minOccurs="0" />
                <xs:element name="CNOR" type="xs:string" minOccurs="0" />
                <xs:element name="CSUD" type="xs:string" minOccurs="0" />
                <xs:element name="NORD" type="xs:string" minOccurs="0" />
                <xs:element name="SARD" type="xs:string" minOccurs="0" />
                <xs:element name="SICI" type="xs:string" minOccurs="0" />
                <xs:element name="SUD" type="xs:string" minOccurs="0" />
                <xs:element name="AUST" type="xs:string" minOccurs="0" />
                <xs:element name="BRNN" type="xs:string" minOccurs="0" />
                <xs:element name="COAC" type="xs:string" minOccurs="0" />
                <xs:element name="CORS" type="xs:string" minOccurs="0" />
                <xs:element name="FOGN" type="xs:string" minOccurs="0" />
                <xs:element name="FRAN" type="xs:string" minOccurs="0" />
                <xs:element name="GREC" type="xs:string" minOccurs="0" />
                <xs:element name="MFTV" type="xs:string" minOccurs="0" />
                <xs:element name="PRGP" type="xs:string" minOccurs="0" />
                <xs:element name="ROSN" type="xs:string" minOccurs="0" />
                <xs:element name="SLOV" type="xs:string" minOccurs="0" />
                <xs:element name="SVIZ" type="xs:string" minOccurs="0" />
                <xs:element name="BSP" type="xs:string" minOccurs="0" />
                <xs:element name="MALT" type="xs:string" minOccurs="0" />
                <xs:element name="XAUS" type="xs:string" minOccurs="0" />
                <xs:element name="XFRA" type="xs:string" minOccurs="0" />
              </xs:sequence>
            </xs:complexType>
          </xs:element>
        </xs:choice>
      </xs:complexType>
    </xs:element>
  </xs:schema>
  <Prezzi>
    <Data>20170128</Data>
    <Mercato>MGP</Mercato>
    <Ora>1</Ora>
    <PUN>58,155220</PUN>
    <NAT>59,590000</NAT>
    <CNOR>55,000000</CNOR>
    <CSUD>55,000000</CSUD>
    <NORD>60,490000</NORD>
    <SARD>55,000000</SARD>
    <SICI>55,000000</SICI>
    <SUD>55,000000</SUD>
    <AUST>60,490000</AUST>
    <BRNN>55,000000</BRNN>
    <COAC>55,000000</COAC>
    <CORS>55,000000</CORS>
    <FOGN>55,000000</FOGN>
    <FRAN>60,490000</FRAN>
    <GREC>55,000000</GREC>
    <MFTV>60,490000</MFTV>
    <PRGP>55,000000</PRGP>
    <ROSN>55,000000</ROSN>
    <SLOV>60,490000</SLOV>
    <SVIZ>60,490000</SVIZ>
    <BSP>60,490000</BSP>
    <MALT>55,000000</MALT>
    <XAUS>60,490000</XAUS>
    <XFRA>60,490000</XFRA>
  </Prezzi>
  <Prezzi>
    <Data>20170128</Data>
    <Mercato>MGP</Mercato>
    <Ora>2</Ora>
    <PUN>56,364550</PUN>
    <NAT>55,000000</NAT>
    <CNOR>55,000000</CNOR>
    <CSUD>55,000000</CSUD>
    <NORD>57,364690</NORD>
    <SARD>55,000000</SARD>
    <SICI>55,000000</SICI>
    <SUD>55,000000</SUD>
    <AUST>57,364690</AUST>
    <BRNN>55,000000</BRNN>
    <COAC>55,000000</COAC>
    <CORS>55,000000</CORS>
    <FOGN>55,000000</FOGN>
    <FRAN>57,364690</FRAN>
    <GREC>55,000000</GREC>
    <MFTV>57,364690</MFTV>
    <PRGP>55,000000</PRGP>
    <ROSN>55,000000</ROSN>
    <SLOV>57,364690</SLOV>
    <SVIZ>57,364690</SVIZ>
    <BSP>57,364690</BSP>
    <MALT>55,000000</MALT>
    <XAUS>57,364690</XAUS>
    <XFRA>57,364690</XFRA>
  </Prezzi>
  <Prezzi>
    <Data>20170128</Data>
    <Mercato>MGP</Mercato>
    <Ora>3</Ora>
    <PUN>54,000000</PUN>
    <NAT>54,000000</NAT>
    <CNOR>54,000000</CNOR>
    <CSUD>54,000000</CSUD>
    <NORD>54,000000</NORD>
    <SARD>54,000000</SARD>
    <SICI>54,000000</SICI>
    <SUD>54,000000</SUD>
    <AUST>54,000000</AUST>
    <BRNN>54,000000</BRNN>
    <COAC>54,000000</COAC>
    <CORS>54,000000</CORS>
    <FOGN>54,000000</FOGN>
    <FRAN>54,000000</FRAN>
    <GREC>54,000000</GREC>
    <MFTV>54,000000</MFTV>
    <PRGP>54,000000</PRGP>
    <ROSN>54,000000</ROSN>
    <SLOV>54,000000</SLOV>
    <SVIZ>54,000000</SVIZ>
    <BSP>54,000000</BSP>
    <MALT>54,000000</MALT>
    <XAUS>54,000000</XAUS>
    <XFRA>54,000000</XFRA>
  </Prezzi>
  <Prezzi>
    <Data>20170128</Data>
    <Mercato>MGP</Mercato>
    <Ora>4</Ora>
    <PUN>53,000000</PUN>
    <NAT>53,000000</NAT>
    <CNOR>53,000000</CNOR>
    <CSUD>53,000000</CSUD>
    <NORD>53,000000</NORD>
    <SARD>53,000000</SARD>
    <SICI>53,000000</SICI>
    <SUD>53,000000</SUD>
    <AUST>53,000000</AUST>
    <BRNN>53,000000</BRNN>
    <COAC>53,000000</COAC>
    <CORS>53,000000</CORS>
    <FOGN>53,000000</FOGN>
    <FRAN>53,000000</FRAN>
    <GREC>53,000000</GREC>
    <MFTV>53,000000</MFTV>
    <PRGP>53,000000</PRGP>
    <ROSN>53,000000</ROSN>
    <SLOV>53,000000</SLOV>
    <SVIZ>53,000000</SVIZ>
    <BSP>53,000000</BSP>
    <MALT>53,000000</MALT>
    <XAUS>53,000000</XAUS>
    <XFRA>53,000000</XFRA>
  </Prezzi>
  <Prezzi>
    <Data>20170128</Data>
    <Mercato>MGP</Mercato>
    <Ora>5</Ora>
    <PUN>53,000000</PUN>
    <NAT>53,000000</NAT>
    <CNOR>53,000000</CNOR>
    <CSUD>53,000000</CSUD>
    <NORD>53,000000</NORD>
    <SARD>53,000000</SARD>
    <SICI>53,000000</SICI>
    <SUD>53,000000</SUD>
    <AUST>53,000000</AUST>
    <BRNN>53,000000</BRNN>
    <COAC>53,000000</COAC>
    <CORS>53,000000</CORS>
    <FOGN>53,000000</FOGN>
    <FRAN>53,000000</FRAN>
    <GREC>53,000000</GREC>
    <MFTV>53,000000</MFTV>
    <PRGP>53,000000</PRGP>
    <ROSN>53,000000</ROSN>
    <SLOV>53,000000</SLOV>
    <SVIZ>53,000000</SVIZ>
    <BSP>53,000000</BSP>
    <MALT>53,000000</MALT>
    <XAUS>53,000000</XAUS>
    <XFRA>53,000000</XFRA>
  </Prezzi>
  <Prezzi>
    <Data>20170128</Data>
    <Mercato>MGP</Mercato>
    <Ora>6</Ora>
    <PUN>53,820000</PUN>
    <NAT>53,820000</NAT>
    <CNOR>53,820000</CNOR>
    <CSUD>53,820000</CSUD>
    <NORD>53,820000</NORD>
    <SARD>53,820000</SARD>
    <SICI>53,820000</SICI>
    <SUD>53,820000</SUD>
    <AUST>53,820000</AUST>
    <BRNN>53,820000</BRNN>
    <COAC>53,820000</COAC>
    <CORS>53,820000</CORS>
    <FOGN>53,820000</FOGN>
    <FRAN>53,820000</FRAN>
    <GREC>53,820000</GREC>
    <MFTV>53,820000</MFTV>
    <PRGP>53,820000</PRGP>
    <ROSN>53,820000</ROSN>
    <SLOV>53,820000</SLOV>
    <SVIZ>53,820000</SVIZ>
    <BSP>53,820000</BSP>
    <MALT>53,820000</MALT>
    <XAUS>53,820000</XAUS>
    <XFRA>53,820000</XFRA>
  </Prezzi>
  <Prezzi>
    <Data>20170128</Data>
    <Mercato>MGP</Mercato>
    <Ora>7</Ora>
    <PUN>55,000000</PUN>
    <NAT>55,000000</NAT>
    <CNOR>55,000000</CNOR>
    <CSUD>55,000000</CSUD>
    <NORD>55,000000</NORD>
    <SARD>55,000000</SARD>
    <SICI>55,000000</SICI>
    <SUD>55,000000</SUD>
    <AUST>55,000000</AUST>
    <BRNN>55,000000</BRNN>
    <COAC>55,000000</COAC>
    <CORS>55,000000</CORS>
    <FOGN>55,000000</FOGN>
    <FRAN>55,000000</FRAN>
    <GREC>55,000000</GREC>
    <MFTV>55,000000</MFTV>
    <PRGP>55,000000</PRGP>
    <ROSN>55,000000</ROSN>
    <SLOV>55,000000</SLOV>
    <SVIZ>55,000000</SVIZ>
    <BSP>55,000000</BSP>
    <MALT>55,000000</MALT>
    <XAUS>55,000000</XAUS>
    <XFRA>55,000000</XFRA>
  </Prezzi>
  <Prezzi>
    <Data>20170128</Data>
    <Mercato>MGP</Mercato>
    <Ora>8</Ora>
    <PUN>59,590000</PUN>
    <NAT>59,590000</NAT>
    <CNOR>59,590000</CNOR>
    <CSUD>59,590000</CSUD>
    <NORD>59,590000</NORD>
    <SARD>59,590000</SARD>
    <SICI>59,590000</SICI>
    <SUD>59,590000</SUD>
    <AUST>59,590000</AUST>
    <BRNN>59,590000</BRNN>
    <COAC>59,590000</COAC>
    <CORS>59,590000</CORS>
    <FOGN>59,590000</FOGN>
    <FRAN>59,590000</FRAN>
    <GREC>59,590000</GREC>
    <MFTV>59,590000</MFTV>
    <PRGP>59,590000</PRGP>
    <ROSN>59,590000</ROSN>
    <SLOV>59,590000</SLOV>
    <SVIZ>59,590000</SVIZ>
    <BSP>59,590000</BSP>
    <MALT>59,590000</MALT>
    <XAUS>59,590000</XAUS>
    <XFRA>59,590000</XFRA>
  </Prezzi>
  <Prezzi>
    <Data>20170128</Data>
    <Mercato>MGP</Mercato>
    <Ora>9</Ora>
    <PUN>59,906780</PUN>
    <NAT>60,310000</NAT>
    <CNOR>61,170000</CNOR>
    <CSUD>56,000000</CSUD>
    <NORD>61,170000</NORD>
    <SARD>56,000000</SARD>
    <SICI>62,840000</SICI>
    <SUD>56,000000</SUD>
    <AUST>61,170000</AUST>
    <BRNN>56,000000</BRNN>
    <COAC>56,000000</COAC>
    <CORS>61,170000</CORS>
    <FOGN>56,000000</FOGN>
    <FRAN>61,170000</FRAN>
    <GREC>56,000000</GREC>
    <MFTV>61,170000</MFTV>
    <PRGP>62,840000</PRGP>
    <ROSN>56,000000</ROSN>
    <SLOV>61,170000</SLOV>
    <SVIZ>61,170000</SVIZ>
    <BSP>61,170000</BSP>
    <MALT>62,840000</MALT>
    <XAUS>61,170000</XAUS>
    <XFRA>61,170000</XFRA>
  </Prezzi>
  <Prezzi>
    <Data>20170128</Data>
    <Mercato>MGP</Mercato>
    <Ora>10</Ora>
    <PUN>62,013750</PUN>
    <NAT>61,800000</NAT>
    <CNOR>64,080000</CNOR>
    <CSUD>56,000000</CSUD>
    <NORD>64,080000</NORD>
    <SARD>56,000000</SARD>
    <SICI>65,400000</SICI>
    <SUD>56,000000</SUD>
    <AUST>64,080000</AUST>
    <BRNN>56,000000</BRNN>
    <COAC>56,000000</COAC>
    <CORS>64,080000</CORS>
    <FOGN>56,000000</FOGN>
    <FRAN>64,080000</FRAN>
    <GREC>56,000000</GREC>
    <MFTV>64,080000</MFTV>
    <PRGP>65,400000</PRGP>
    <ROSN>56,000000</ROSN>
    <SLOV>64,080000</SLOV>
    <SVIZ>64,080000</SVIZ>
    <BSP>64,080000</BSP>
    <MALT>65,400000</MALT>
    <XAUS>64,080000</XAUS>
    <XFRA>64,080000</XFRA>
  </Prezzi>
  <Prezzi>
    <Data>20170128</Data>
    <Mercato>MGP</Mercato>
    <Ora>11</Ora>
    <PUN>64,980740</PUN>
    <NAT>63,120000</NAT>
    <CNOR>69,880000</CNOR>
    <CSUD>55,000000</CSUD>
    <NORD>69,880000</NORD>
    <SARD>55,000000</SARD>
    <SICI>55,770000</SICI>
    <SUD>55,000000</SUD>
    <AUST>69,880000</AUST>
    <BRNN>55,000000</BRNN>
    <COAC>55,000000</COAC>
    <CORS>69,880000</CORS>
    <FOGN>55,000000</FOGN>
    <FRAN>69,880000</FRAN>
    <GREC>55,000000</GREC>
    <MFTV>69,880000</MFTV>
    <PRGP>55,770000</PRGP>
    <ROSN>55,000000</ROSN>
    <SLOV>69,880000</SLOV>
    <SVIZ>69,880000</SVIZ>
    <BSP>69,880000</BSP>
    <MALT>55,770000</MALT>
    <XAUS>69,880000</XAUS>
    <XFRA>69,880000</XFRA>
  </Prezzi>
  <Prezzi>
    <Data>20170128</Data>
    <Mercato>MGP</Mercato>
    <Ora>12</Ora>
    <PUN>62,222250</PUN>
    <NAT>61,250000</NAT>
    <CNOR>65,920000</CNOR>
    <CSUD>55,000000</CSUD>
    <NORD>65,920000</NORD>
    <SARD>55,000000</SARD>
    <SICI>55,000000</SICI>
    <SUD>55,000000</SUD>
    <AUST>65,920000</AUST>
    <BRNN>55,000000</BRNN>
    <COAC>55,000000</COAC>
    <CORS>65,920000</CORS>
    <FOGN>55,000000</FOGN>
    <FRAN>65,920000</FRAN>
    <GREC>55,000000</GREC>
    <MFTV>65,920000</MFTV>
    <PRGP>55,000000</PRGP>
    <ROSN>55,000000</ROSN>
    <SLOV>65,920000</SLOV>
    <SVIZ>65,920000</SVIZ>
    <BSP>65,920000</BSP>
    <MALT>55,000000</MALT>
    <XAUS>65,920000</XAUS>
    <XFRA>65,920000</XFRA>
  </Prezzi>
  <Prezzi>
    <Data>20170128</Data>
    <Mercato>MGP</Mercato>
    <Ora>13</Ora>
    <PUN>61,508200</PUN>
    <NAT>59,590000</NAT>
    <CNOR>65,000000</CNOR>
    <CSUD>55,000000</CSUD>
    <NORD>65,000000</NORD>
    <SARD>55,000000</SARD>
    <SICI>55,000000</SICI>
    <SUD>55,000000</SUD>
    <AUST>65,000000</AUST>
    <BRNN>55,000000</BRNN>
    <COAC>55,000000</COAC>
    <CORS>65,000000</CORS>
    <FOGN>55,000000</FOGN>
    <FRAN>65,000000</FRAN>
    <GREC>55,000000</GREC>
    <MFTV>65,000000</MFTV>
    <PRGP>55,000000</PRGP>
    <ROSN>55,000000</ROSN>
    <SLOV>65,000000</SLOV>
    <SVIZ>65,000000</SVIZ>
    <BSP>65,000000</BSP>
    <MALT>55,000000</MALT>
    <XAUS>65,000000</XAUS>
    <XFRA>65,000000</XFRA>
  </Prezzi>
  <Prezzi>
    <Data>20170128</Data>
    <Mercato>MGP</Mercato>
    <Ora>14</Ora>
    <PUN>56,928190</PUN>
    <NAT>57,300000</NAT>
    <CNOR>56,000000</CNOR>
    <CSUD>56,000000</CSUD>
    <NORD>57,710000</NORD>
    <SARD>56,000000</SARD>
    <SICI>56,000000</SICI>
    <SUD>56,000000</SUD>
    <AUST>57,710000</AUST>
    <BRNN>56,000000</BRNN>
    <COAC>56,000000</COAC>
    <CORS>56,000000</CORS>
    <FOGN>56,000000</FOGN>
    <FRAN>57,710000</FRAN>
    <GREC>56,000000</GREC>
    <MFTV>57,710000</MFTV>
    <PRGP>56,000000</PRGP>
    <ROSN>56,000000</ROSN>
    <SLOV>57,710000</SLOV>
    <SVIZ>57,710000</SVIZ>
    <BSP>57,710000</BSP>
    <MALT>56,000000</MALT>
    <XAUS>57,710000</XAUS>
    <XFRA>57,710000</XFRA>
  </Prezzi>
  <Prezzi>
    <Data>20170128</Data>
    <Mercato>MGP</Mercato>
    <Ora>15</Ora>
    <PUN>54,434130</PUN>
    <NAT>54,110000</NAT>
    <CNOR>54,110000</CNOR>
    <CSUD>54,110000</CSUD>
    <NORD>54,110000</NORD>
    <SARD>54,110000</SARD>
    <SICI>58,750000</SICI>
    <SUD>54,110000</SUD>
    <AUST>54,110000</AUST>
    <BRNN>54,110000</BRNN>
    <COAC>54,110000</COAC>
    <CORS>54,110000</CORS>
    <FOGN>54,110000</FOGN>
    <FRAN>54,110000</FRAN>
    <GREC>54,110000</GREC>
    <MFTV>54,110000</MFTV>
    <PRGP>58,750000</PRGP>
    <ROSN>54,110000</ROSN>
    <SLOV>54,110000</SLOV>
    <SVIZ>54,110000</SVIZ>
    <BSP>54,110000</BSP>
    <MALT>58,750000</MALT>
    <XAUS>54,110000</XAUS>
    <XFRA>54,110000</XFRA>
  </Prezzi>
  <Prezzi>
    <Data>20170128</Data>
    <Mercato>MGP</Mercato>
    <Ora>16</Ora>
    <PUN>54,730990</PUN>
    <NAT>55,000000</NAT>
    <CNOR>54,150000</CNOR>
    <CSUD>54,150000</CSUD>
    <NORD>54,150000</NORD>
    <SARD>54,150000</SARD>
    <SICI>62,460000</SICI>
    <SUD>54,150000</SUD>
    <AUST>54,150000</AUST>
    <BRNN>54,150000</BRNN>
    <COAC>54,150000</COAC>
    <CORS>54,150000</CORS>
    <FOGN>54,150000</FOGN>
    <FRAN>54,150000</FRAN>
    <GREC>54,150000</GREC>
    <MFTV>54,150000</MFTV>
    <PRGP>62,460000</PRGP>
    <ROSN>54,150000</ROSN>
    <SLOV>54,150000</SLOV>
    <SVIZ>54,150000</SVIZ>
    <BSP>54,150000</BSP>
    <MALT>62,460000</MALT>
    <XAUS>54,150000</XAUS>
    <XFRA>54,150000</XFRA>
  </Prezzi>
  <Prezzi>
    <Data>20170128</Data>
    <Mercato>MGP</Mercato>
    <Ora>17</Ora>
    <PUN>58,974180</PUN>
    <NAT>59,590000</NAT>
    <CNOR>58,090000</CNOR>
    <CSUD>58,090000</CSUD>
    <NORD>58,090000</NORD>
    <SARD>58,090000</SARD>
    <SICI>70,760000</SICI>
    <SUD>58,090000</SUD>
    <AUST>58,090000</AUST>
    <BRNN>58,090000</BRNN>
    <COAC>58,090000</COAC>
    <CORS>58,090000</CORS>
    <FOGN>58,090000</FOGN>
    <FRAN>58,090000</FRAN>
    <GREC>58,090000</GREC>
    <MFTV>58,090000</MFTV>
    <PRGP>70,760000</PRGP>
    <ROSN>58,090000</ROSN>
    <SLOV>58,090000</SLOV>
    <SVIZ>58,090000</SVIZ>
    <BSP>58,090000</BSP>
    <MALT>70,760000</MALT>
    <XAUS>58,090000</XAUS>
    <XFRA>58,090000</XFRA>
  </Prezzi>
  <Prezzi>
    <Data>20170128</Data>
    <Mercato>MGP</Mercato>
    <Ora>18</Ora>
    <PUN>65,546580</PUN>
    <NAT>71,000000</NAT>
    <CNOR>65,000000</CNOR>
    <CSUD>65,000000</CSUD>
    <NORD>65,000000</NORD>
    <SARD>65,000000</SARD>
    <SICI>72,660000</SICI>
    <SUD>65,000000</SUD>
    <AUST>65,000000</AUST>
    <BRNN>65,000000</BRNN>
    <COAC>65,000000</COAC>
    <CORS>65,000000</CORS>
    <FOGN>65,000000</FOGN>
    <FRAN>65,000000</FRAN>
    <GREC>65,000000</GREC>
    <MFTV>65,000000</MFTV>
    <PRGP>72,660000</PRGP>
    <ROSN>65,000000</ROSN>
    <SLOV>65,000000</SLOV>
    <SVIZ>65,000000</SVIZ>
    <BSP>65,000000</BSP>
    <MALT>72,660000</MALT>
    <XAUS>65,000000</XAUS>
    <XFRA>65,000000</XFRA>
  </Prezzi>
  <Prezzi>
    <Data>20170128</Data>
    <Mercato>MGP</Mercato>
    <Ora>19</Ora>
    <PUN>79,313370</PUN>
    <NAT>80,120000</NAT>
    <CNOR>78,362660</CNOR>
    <CSUD>78,362660</CSUD>
    <NORD>78,362660</NORD>
    <SARD>78,362660</SARD>
    <SICI>91,580000</SICI>
    <SUD>78,362660</SUD>
    <AUST>78,362660</AUST>
    <BRNN>78,362660</BRNN>
    <COAC>78,362660</COAC>
    <CORS>78,362660</CORS>
    <FOGN>78,362660</FOGN>
    <FRAN>78,362660</FRAN>
    <GREC>78,362660</GREC>
    <MFTV>78,362660</MFTV>
    <PRGP>91,580000</PRGP>
    <ROSN>78,362660</ROSN>
    <SLOV>78,362660</SLOV>
    <SVIZ>78,362660</SVIZ>
    <BSP>78,362660</BSP>
    <MALT>91,580000</MALT>
    <XAUS>78,362660</XAUS>
    <XFRA>78,362660</XFRA>
  </Prezzi>
  <Prezzi>
    <Data>20170128</Data>
    <Mercato>MGP</Mercato>
    <Ora>20</Ora>
    <PUN>80,932520</PUN>
    <NAT>80,460000</NAT>
    <CNOR>80,000000</CNOR>
    <CSUD>80,000000</CSUD>
    <NORD>80,000000</NORD>
    <SARD>80,000000</SARD>
    <SICI>92,660000</SICI>
    <SUD>80,000000</SUD>
    <AUST>80,000000</AUST>
    <BRNN>80,000000</BRNN>
    <COAC>80,000000</COAC>
    <CORS>80,000000</CORS>
    <FOGN>80,000000</FOGN>
    <FRAN>80,000000</FRAN>
    <GREC>80,000000</GREC>
    <MFTV>80,000000</MFTV>
    <PRGP>92,660000</PRGP>
    <ROSN>80,000000</ROSN>
    <SLOV>80,000000</SLOV>
    <SVIZ>80,000000</SVIZ>
    <BSP>80,000000</BSP>
    <MALT>92,660000</MALT>
    <XAUS>80,000000</XAUS>
    <XFRA>80,000000</XFRA>
  </Prezzi>
  <Prezzi>
    <Data>20170128</Data>
    <Mercato>MGP</Mercato>
    <Ora>21</Ora>
    <PUN>73,516740</PUN>
    <NAT>75,000000</NAT>
    <CNOR>72,032260</CNOR>
    <CSUD>72,032260</CSUD>
    <NORD>72,032260</NORD>
    <SARD>72,032260</SARD>
    <SICI>91,580000</SICI>
    <SUD>72,032260</SUD>
    <AUST>72,032260</AUST>
    <BRNN>72,032260</BRNN>
    <COAC>72,032260</COAC>
    <CORS>72,032260</CORS>
    <FOGN>72,032260</FOGN>
    <FRAN>72,032260</FRAN>
    <GREC>72,032260</GREC>
    <MFTV>72,032260</MFTV>
    <PRGP>91,580000</PRGP>
    <ROSN>72,032260</ROSN>
    <SLOV>72,032260</SLOV>
    <SVIZ>72,032260</SVIZ>
    <BSP>72,032260</BSP>
    <MALT>91,580000</MALT>
    <XAUS>72,032260</XAUS>
    <XFRA>72,032260</XFRA>
  </Prezzi>
  <Prezzi>
    <Data>20170128</Data>
    <Mercato>MGP</Mercato>
    <Ora>22</Ora>
    <PUN>61,984290</PUN>
    <NAT>60,000000</NAT>
    <CNOR>59,590000</CNOR>
    <CSUD>59,590000</CSUD>
    <NORD>59,590000</NORD>
    <SARD>59,590000</SARD>
    <SICI>91,580000</SICI>
    <SUD>59,590000</SUD>
    <AUST>59,590000</AUST>
    <BRNN>59,590000</BRNN>
    <COAC>59,590000</COAC>
    <CORS>59,590000</CORS>
    <FOGN>59,590000</FOGN>
    <FRAN>59,590000</FRAN>
    <GREC>59,590000</GREC>
    <MFTV>59,590000</MFTV>
    <PRGP>91,580000</PRGP>
    <ROSN>59,590000</ROSN>
    <SLOV>59,590000</SLOV>
    <SVIZ>59,590000</SVIZ>
    <BSP>59,590000</BSP>
    <MALT>91,580000</MALT>
    <XAUS>59,590000</XAUS>
    <XFRA>59,590000</XFRA>
  </Prezzi>
  <Prezzi>
    <Data>20170128</Data>
    <Mercato>MGP</Mercato>
    <Ora>23</Ora>
    <PUN>62,181790</PUN>
    <NAT>62,370000</NAT>
    <CNOR>60,770000</CNOR>
    <CSUD>60,770000</CSUD>
    <NORD>60,770000</NORD>
    <SARD>60,770000</SARD>
    <SICI>79,760000</SICI>
    <SUD>60,770000</SUD>
    <AUST>60,770000</AUST>
    <BRNN>60,770000</BRNN>
    <COAC>60,770000</COAC>
    <CORS>60,770000</CORS>
    <FOGN>60,770000</FOGN>
    <FRAN>60,770000</FRAN>
    <GREC>60,770000</GREC>
    <MFTV>60,770000</MFTV>
    <PRGP>79,760000</PRGP>
    <ROSN>60,770000</ROSN>
    <SLOV>60,770000</SLOV>
    <SVIZ>60,770000</SVIZ>
    <BSP>60,770000</BSP>
    <MALT>79,760000</MALT>
    <XAUS>60,770000</XAUS>
    <XFRA>60,770000</XFRA>
  </Prezzi>
  <Prezzi>
    <Data>20170128</Data>
    <Mercato>MGP</Mercato>
    <Ora>24</Ora>
    <PUN>61,252950</PUN>
    <NAT>59,990000</NAT>
    <CNOR>55,000000</CNOR>
    <CSUD>55,000000</CSUD>
    <NORD>66,000000</NORD>
    <SARD>55,000000</SARD>
    <SICI>61,760000</SICI>
    <SUD>55,000000</SUD>
    <AUST>66,000000</AUST>
    <BRNN>55,000000</BRNN>
    <COAC>55,000000</COAC>
    <CORS>55,000000</CORS>
    <FOGN>55,000000</FOGN>
    <FRAN>66,000000</FRAN>
    <GREC>55,000000</GREC>
    <MFTV>66,000000</MFTV>
    <PRGP>61,760000</PRGP>
    <ROSN>55,000000</ROSN>
    <SLOV>66,000000</SLOV>
    <SVIZ>66,000000</SVIZ>
    <BSP>66,000000</BSP>
    <MALT>61,760000</MALT>
    <XAUS>66,000000</XAUS>
    <XFRA>66,000000</XFRA>
  </Prezzi>
</NewDataSet>