<?xml version="1.0" standalone="yes"?>
<NewDataSet>
  <xs:schema id="NewDataSet" xmlns="" xmlns:xs="http://www.w3.org/2001/XMLSchema" xmlns:msdata="urn:schemas-microsoft-com:xml-msdata">
    <xs:element name="NewDataSet" msdata:IsDataSet="true" msdata:UseCurrentLocale="true">
      <xs:complexType>
        <xs:choice minOccurs="0" maxOccurs="unbounded">
          <xs:element name="Prezzi">
            <xs:complexType>
              <xs:sequence>
                <xs:element name="Data" type="xs:string" minOccurs="0" />
                <xs:element name="Mercato" type="xs:string" minOccurs="0" />
                <xs:element name="Ora" type="xs:string" minOccurs="0" />
                <xs:element name="PUN" type="xs:string" minOccurs="0" />
                <xs:element name="NAT" type="xs:string" minOccurs="0" />
                <xs:element name="CNOR" type="xs:string" minOccurs="0" />
                <xs:element name="CSUD" type="xs:string" minOccurs="0" />
                <xs:element name="NORD" type="xs:string" minOccurs="0" />
                <xs:element name="SARD" type="xs:string" minOccurs="0" />
                <xs:element name="SICI" type="xs:string" minOccurs="0" />
                <xs:element name="SUD" type="xs:string" minOccurs="0" />
                <xs:element name="AUST" type="xs:string" minOccurs="0" />
                <xs:element name="BRNN" type="xs:string" minOccurs="0" />
                <xs:element name="COAC" type="xs:string" minOccurs="0" />
                <xs:element name="CORS" type="xs:string" minOccurs="0" />
                <xs:element name="FOGN" type="xs:string" minOccurs="0" />
                <xs:element name="FRAN" type="xs:string" minOccurs="0" />
                <xs:element name="GREC" type="xs:string" minOccurs="0" />
                <xs:element name="MFTV" type="xs:string" minOccurs="0" />
                <xs:element name="PRGP" type="xs:string" minOccurs="0" />
                <xs:element name="ROSN" type="xs:string" minOccurs="0" />
                <xs:element name="SLOV" type="xs:string" minOccurs="0" />
                <xs:element name="SVIZ" type="xs:string" minOccurs="0" />
                <xs:element name="BSP" type="xs:string" minOccurs="0" />
                <xs:element name="MALT" type="xs:string" minOccurs="0" />
                <xs:element name="XAUS" type="xs:string" minOccurs="0" />
                <xs:element name="XFRA" type="xs:string" minOccurs="0" />
              </xs:sequence>
            </xs:complexType>
          </xs:element>
        </xs:choice>
      </xs:complexType>
    </xs:element>
  </xs:schema>
  <Prezzi>
    <Data>20170129</Data>
    <Mercato>MGP</Mercato>
    <Ora>1</Ora>
    <PUN>57,927120</PUN>
    <NAT>58,160000</NAT>
    <CNOR>57,700000</CNOR>
    <CSUD>57,700000</CSUD>
    <NORD>57,700000</NORD>
    <SARD>57,700000</SARD>
    <SICI>60,850000</SICI>
    <SUD>57,700000</SUD>
    <AUST>57,700000</AUST>
    <BRNN>57,700000</BRNN>
    <COAC>57,700000</COAC>
    <CORS>57,700000</CORS>
    <FOGN>57,700000</FOGN>
    <FRAN>57,700000</FRAN>
    <GREC>57,700000</GREC>
    <MFTV>57,700000</MFTV>
    <PRGP>60,850000</PRGP>
    <ROSN>57,700000</ROSN>
    <SLOV>57,700000</SLOV>
    <SVIZ>57,700000</SVIZ>
    <BSP>57,700000</BSP>
    <MALT>60,850000</MALT>
    <XAUS>57,700000</XAUS>
    <XFRA>57,700000</XFRA>
  </Prezzi>
  <Prezzi>
    <Data>20170129</Data>
    <Mercato>MGP</Mercato>
    <Ora>2</Ora>
    <PUN>54,800000</PUN>
    <NAT>54,800000</NAT>
    <CNOR>54,800000</CNOR>
    <CSUD>54,800000</CSUD>
    <NORD>54,800000</NORD>
    <SARD>54,800000</SARD>
    <SICI>54,800000</SICI>
    <SUD>54,800000</SUD>
    <AUST>54,800000</AUST>
    <BRNN>54,800000</BRNN>
    <COAC>54,800000</COAC>
    <CORS>54,800000</CORS>
    <FOGN>54,800000</FOGN>
    <FRAN>54,800000</FRAN>
    <GREC>54,800000</GREC>
    <MFTV>54,800000</MFTV>
    <PRGP>54,800000</PRGP>
    <ROSN>54,800000</ROSN>
    <SLOV>54,800000</SLOV>
    <SVIZ>54,800000</SVIZ>
    <BSP>54,800000</BSP>
    <MALT>54,800000</MALT>
    <XAUS>54,800000</XAUS>
    <XFRA>54,800000</XFRA>
  </Prezzi>
  <Prezzi>
    <Data>20170129</Data>
    <Mercato>MGP</Mercato>
    <Ora>3</Ora>
    <PUN>52,720000</PUN>
    <NAT>52,200000</NAT>
    <CNOR>52,720000</CNOR>
    <CSUD>52,720000</CSUD>
    <NORD>52,720000</NORD>
    <SARD>52,720000</SARD>
    <SICI>52,720000</SICI>
    <SUD>52,720000</SUD>
    <AUST>52,720000</AUST>
    <BRNN>52,720000</BRNN>
    <COAC>52,720000</COAC>
    <CORS>52,720000</CORS>
    <FOGN>52,720000</FOGN>
    <FRAN>52,720000</FRAN>
    <GREC>52,720000</GREC>
    <MFTV>52,720000</MFTV>
    <PRGP>52,720000</PRGP>
    <ROSN>52,720000</ROSN>
    <SLOV>52,720000</SLOV>
    <SVIZ>52,720000</SVIZ>
    <BSP>52,720000</BSP>
    <MALT>52,720000</MALT>
    <XAUS>52,720000</XAUS>
    <XFRA>52,720000</XFRA>
  </Prezzi>
  <Prezzi>
    <Data>20170129</Data>
    <Mercato>MGP</Mercato>
    <Ora>4</Ora>
    <PUN>47,514670</PUN>
    <NAT>46,910000</NAT>
    <CNOR>47,514670</CNOR>
    <CSUD>47,514670</CSUD>
    <NORD>47,514670</NORD>
    <SARD>47,514670</SARD>
    <SICI>47,514670</SICI>
    <SUD>47,514670</SUD>
    <AUST>47,514670</AUST>
    <BRNN>47,514670</BRNN>
    <COAC>47,514670</COAC>
    <CORS>47,514670</CORS>
    <FOGN>47,514670</FOGN>
    <FRAN>47,514670</FRAN>
    <GREC>47,514670</GREC>
    <MFTV>47,514670</MFTV>
    <PRGP>47,514670</PRGP>
    <ROSN>47,514670</ROSN>
    <SLOV>47,514670</SLOV>
    <SVIZ>47,514670</SVIZ>
    <BSP>47,514670</BSP>
    <MALT>47,514670</MALT>
    <XAUS>47,514670</XAUS>
    <XFRA>47,514670</XFRA>
  </Prezzi>
  <Prezzi>
    <Data>20170129</Data>
    <Mercato>MGP</Mercato>
    <Ora>5</Ora>
    <PUN>45,600000</PUN>
    <NAT>45,600000</NAT>
    <CNOR>45,600000</CNOR>
    <CSUD>45,600000</CSUD>
    <NORD>45,600000</NORD>
    <SARD>45,600000</SARD>
    <SICI>45,600000</SICI>
    <SUD>45,600000</SUD>
    <AUST>45,600000</AUST>
    <BRNN>45,600000</BRNN>
    <COAC>45,600000</COAC>
    <CORS>45,600000</CORS>
    <FOGN>45,600000</FOGN>
    <FRAN>45,600000</FRAN>
    <GREC>45,600000</GREC>
    <MFTV>45,600000</MFTV>
    <PRGP>45,600000</PRGP>
    <ROSN>45,600000</ROSN>
    <SLOV>45,600000</SLOV>
    <SVIZ>45,600000</SVIZ>
    <BSP>45,600000</BSP>
    <MALT>45,600000</MALT>
    <XAUS>45,600000</XAUS>
    <XFRA>45,600000</XFRA>
  </Prezzi>
  <Prezzi>
    <Data>20170129</Data>
    <Mercato>MGP</Mercato>
    <Ora>6</Ora>
    <PUN>45,990000</PUN>
    <NAT>45,990000</NAT>
    <CNOR>45,990000</CNOR>
    <CSUD>45,990000</CSUD>
    <NORD>45,990000</NORD>
    <SARD>45,990000</SARD>
    <SICI>45,990000</SICI>
    <SUD>45,990000</SUD>
    <AUST>45,990000</AUST>
    <BRNN>45,990000</BRNN>
    <COAC>45,990000</COAC>
    <CORS>45,990000</CORS>
    <FOGN>45,990000</FOGN>
    <FRAN>45,990000</FRAN>
    <GREC>45,990000</GREC>
    <MFTV>45,990000</MFTV>
    <PRGP>45,990000</PRGP>
    <ROSN>45,990000</ROSN>
    <SLOV>45,990000</SLOV>
    <SVIZ>45,990000</SVIZ>
    <BSP>45,990000</BSP>
    <MALT>45,990000</MALT>
    <XAUS>45,990000</XAUS>
    <XFRA>45,990000</XFRA>
  </Prezzi>
  <Prezzi>
    <Data>20170129</Data>
    <Mercato>MGP</Mercato>
    <Ora>7</Ora>
    <PUN>50,000000</PUN>
    <NAT>50,000000</NAT>
    <CNOR>50,000000</CNOR>
    <CSUD>50,000000</CSUD>
    <NORD>50,000000</NORD>
    <SARD>50,000000</SARD>
    <SICI>50,000000</SICI>
    <SUD>50,000000</SUD>
    <AUST>50,000000</AUST>
    <BRNN>50,000000</BRNN>
    <COAC>50,000000</COAC>
    <CORS>50,000000</CORS>
    <FOGN>50,000000</FOGN>
    <FRAN>50,000000</FRAN>
    <GREC>50,000000</GREC>
    <MFTV>50,000000</MFTV>
    <PRGP>50,000000</PRGP>
    <ROSN>50,000000</ROSN>
    <SLOV>50,000000</SLOV>
    <SVIZ>50,000000</SVIZ>
    <BSP>50,000000</BSP>
    <MALT>50,000000</MALT>
    <XAUS>50,000000</XAUS>
    <XFRA>50,000000</XFRA>
  </Prezzi>
  <Prezzi>
    <Data>20170129</Data>
    <Mercato>MGP</Mercato>
    <Ora>8</Ora>
    <PUN>51,880000</PUN>
    <NAT>51,880000</NAT>
    <CNOR>51,880000</CNOR>
    <CSUD>51,880000</CSUD>
    <NORD>51,880000</NORD>
    <SARD>51,880000</SARD>
    <SICI>51,880000</SICI>
    <SUD>51,880000</SUD>
    <AUST>51,880000</AUST>
    <BRNN>51,880000</BRNN>
    <COAC>51,880000</COAC>
    <CORS>51,880000</CORS>
    <FOGN>51,880000</FOGN>
    <FRAN>51,880000</FRAN>
    <GREC>51,880000</GREC>
    <MFTV>51,880000</MFTV>
    <PRGP>51,880000</PRGP>
    <ROSN>51,880000</ROSN>
    <SLOV>51,880000</SLOV>
    <SVIZ>51,880000</SVIZ>
    <BSP>51,880000</BSP>
    <MALT>51,880000</MALT>
    <XAUS>51,880000</XAUS>
    <XFRA>51,880000</XFRA>
  </Prezzi>
  <Prezzi>
    <Data>20170129</Data>
    <Mercato>MGP</Mercato>
    <Ora>9</Ora>
    <PUN>53,930520</PUN>
    <NAT>53,870000</NAT>
    <CNOR>53,380000</CNOR>
    <CSUD>53,380000</CSUD>
    <NORD>53,380000</NORD>
    <SARD>53,380000</SARD>
    <SICI>61,580000</SICI>
    <SUD>53,380000</SUD>
    <AUST>53,380000</AUST>
    <BRNN>53,380000</BRNN>
    <COAC>53,380000</COAC>
    <CORS>53,380000</CORS>
    <FOGN>53,380000</FOGN>
    <FRAN>53,380000</FRAN>
    <GREC>53,380000</GREC>
    <MFTV>53,380000</MFTV>
    <PRGP>61,580000</PRGP>
    <ROSN>53,380000</ROSN>
    <SLOV>53,380000</SLOV>
    <SVIZ>53,380000</SVIZ>
    <BSP>53,380000</BSP>
    <MALT>61,580000</MALT>
    <XAUS>53,380000</XAUS>
    <XFRA>53,380000</XFRA>
  </Prezzi>
  <Prezzi>
    <Data>20170129</Data>
    <Mercato>MGP</Mercato>
    <Ora>10</Ora>
    <PUN>60,258310</PUN>
    <NAT>55,700000</NAT>
    <CNOR>60,710000</CNOR>
    <CSUD>60,710000</CSUD>
    <NORD>60,710000</NORD>
    <SARD>60,710000</SARD>
    <SICI>62,860000</SICI>
    <SUD>54,000000</SUD>
    <AUST>60,710000</AUST>
    <BRNN>54,000000</BRNN>
    <COAC>60,710000</COAC>
    <CORS>60,710000</CORS>
    <FOGN>54,000000</FOGN>
    <FRAN>60,710000</FRAN>
    <GREC>54,000000</GREC>
    <MFTV>60,710000</MFTV>
    <PRGP>62,860000</PRGP>
    <ROSN>54,000000</ROSN>
    <SLOV>60,710000</SLOV>
    <SVIZ>60,710000</SVIZ>
    <BSP>60,710000</BSP>
    <MALT>62,860000</MALT>
    <XAUS>60,710000</XAUS>
    <XFRA>60,710000</XFRA>
  </Prezzi>
  <Prezzi>
    <Data>20170129</Data>
    <Mercato>MGP</Mercato>
    <Ora>11</Ora>
    <PUN>64,690690</PUN>
    <NAT>55,710000</NAT>
    <CNOR>66,000000</CNOR>
    <CSUD>66,000000</CSUD>
    <NORD>66,000000</NORD>
    <SARD>66,000000</SARD>
    <SICI>62,910000</SICI>
    <SUD>54,000000</SUD>
    <AUST>66,000000</AUST>
    <BRNN>54,000000</BRNN>
    <COAC>66,000000</COAC>
    <CORS>66,000000</CORS>
    <FOGN>54,000000</FOGN>
    <FRAN>66,000000</FRAN>
    <GREC>54,000000</GREC>
    <MFTV>66,000000</MFTV>
    <PRGP>62,910000</PRGP>
    <ROSN>54,000000</ROSN>
    <SLOV>66,000000</SLOV>
    <SVIZ>66,000000</SVIZ>
    <BSP>66,000000</BSP>
    <MALT>62,910000</MALT>
    <XAUS>66,000000</XAUS>
    <XFRA>66,000000</XFRA>
  </Prezzi>
  <Prezzi>
    <Data>20170129</Data>
    <Mercato>MGP</Mercato>
    <Ora>12</Ora>
    <PUN>64,724520</PUN>
    <NAT>56,000000</NAT>
    <CNOR>66,030000</CNOR>
    <CSUD>66,030000</CSUD>
    <NORD>66,030000</NORD>
    <SARD>66,030000</SARD>
    <SICI>62,920000</SICI>
    <SUD>54,000000</SUD>
    <AUST>66,030000</AUST>
    <BRNN>54,000000</BRNN>
    <COAC>66,030000</COAC>
    <CORS>66,030000</CORS>
    <FOGN>54,000000</FOGN>
    <FRAN>66,030000</FRAN>
    <GREC>54,000000</GREC>
    <MFTV>66,030000</MFTV>
    <PRGP>62,920000</PRGP>
    <ROSN>54,000000</ROSN>
    <SLOV>66,030000</SLOV>
    <SVIZ>66,030000</SVIZ>
    <BSP>66,030000</BSP>
    <MALT>62,920000</MALT>
    <XAUS>66,030000</XAUS>
    <XFRA>66,030000</XFRA>
  </Prezzi>
  <Prezzi>
    <Data>20170129</Data>
    <Mercato>MGP</Mercato>
    <Ora>13</Ora>
    <PUN>66,210670</PUN>
    <NAT>55,690000</NAT>
    <CNOR>68,000000</CNOR>
    <CSUD>68,000000</CSUD>
    <NORD>68,000000</NORD>
    <SARD>68,000000</SARD>
    <SICI>61,580000</SICI>
    <SUD>54,000000</SUD>
    <AUST>68,000000</AUST>
    <BRNN>54,000000</BRNN>
    <COAC>68,000000</COAC>
    <CORS>68,000000</CORS>
    <FOGN>54,000000</FOGN>
    <FRAN>68,000000</FRAN>
    <GREC>54,000000</GREC>
    <MFTV>68,000000</MFTV>
    <PRGP>61,580000</PRGP>
    <ROSN>54,000000</ROSN>
    <SLOV>68,000000</SLOV>
    <SVIZ>68,000000</SVIZ>
    <BSP>68,000000</BSP>
    <MALT>61,580000</MALT>
    <XAUS>68,000000</XAUS>
    <XFRA>68,000000</XFRA>
  </Prezzi>
  <Prezzi>
    <Data>20170129</Data>
    <Mercato>MGP</Mercato>
    <Ora>14</Ora>
    <PUN>54,511710</PUN>
    <NAT>54,000000</NAT>
    <CNOR>54,000000</CNOR>
    <CSUD>54,000000</CSUD>
    <NORD>54,000000</NORD>
    <SARD>54,000000</SARD>
    <SICI>60,920000</SICI>
    <SUD>54,000000</SUD>
    <AUST>54,000000</AUST>
    <BRNN>54,000000</BRNN>
    <COAC>54,000000</COAC>
    <CORS>54,000000</CORS>
    <FOGN>54,000000</FOGN>
    <FRAN>54,000000</FRAN>
    <GREC>54,000000</GREC>
    <MFTV>54,000000</MFTV>
    <PRGP>60,920000</PRGP>
    <ROSN>54,000000</ROSN>
    <SLOV>54,000000</SLOV>
    <SVIZ>54,000000</SVIZ>
    <BSP>54,000000</BSP>
    <MALT>60,920000</MALT>
    <XAUS>54,000000</XAUS>
    <XFRA>54,000000</XFRA>
  </Prezzi>
  <Prezzi>
    <Data>20170129</Data>
    <Mercato>MGP</Mercato>
    <Ora>15</Ora>
    <PUN>52,793980</PUN>
    <NAT>52,160000</NAT>
    <CNOR>52,160000</CNOR>
    <CSUD>52,160000</CSUD>
    <NORD>52,160000</NORD>
    <SARD>52,160000</SARD>
    <SICI>60,920000</SICI>
    <SUD>52,160000</SUD>
    <AUST>52,160000</AUST>
    <BRNN>52,160000</BRNN>
    <COAC>52,160000</COAC>
    <CORS>52,160000</CORS>
    <FOGN>52,160000</FOGN>
    <FRAN>52,160000</FRAN>
    <GREC>52,160000</GREC>
    <MFTV>52,160000</MFTV>
    <PRGP>60,920000</PRGP>
    <ROSN>52,160000</ROSN>
    <SLOV>52,160000</SLOV>
    <SVIZ>52,160000</SVIZ>
    <BSP>52,160000</BSP>
    <MALT>60,920000</MALT>
    <XAUS>52,160000</XAUS>
    <XFRA>52,160000</XFRA>
  </Prezzi>
  <Prezzi>
    <Data>20170129</Data>
    <Mercato>MGP</Mercato>
    <Ora>16</Ora>
    <PUN>52,772930</PUN>
    <NAT>52,100000</NAT>
    <CNOR>52,090000</CNOR>
    <CSUD>52,090000</CSUD>
    <NORD>52,090000</NORD>
    <SARD>52,090000</SARD>
    <SICI>61,580000</SICI>
    <SUD>52,090000</SUD>
    <AUST>52,090000</AUST>
    <BRNN>52,090000</BRNN>
    <COAC>52,090000</COAC>
    <CORS>52,090000</CORS>
    <FOGN>52,090000</FOGN>
    <FRAN>52,090000</FRAN>
    <GREC>52,090000</GREC>
    <MFTV>52,090000</MFTV>
    <PRGP>61,580000</PRGP>
    <ROSN>52,090000</ROSN>
    <SLOV>52,090000</SLOV>
    <SVIZ>52,090000</SVIZ>
    <BSP>52,090000</BSP>
    <MALT>61,580000</MALT>
    <XAUS>52,090000</XAUS>
    <XFRA>52,090000</XFRA>
  </Prezzi>
  <Prezzi>
    <Data>20170129</Data>
    <Mercato>MGP</Mercato>
    <Ora>17</Ora>
    <PUN>54,531420</PUN>
    <NAT>54,000000</NAT>
    <CNOR>54,000000</CNOR>
    <CSUD>54,000000</CSUD>
    <NORD>54,000000</NORD>
    <SARD>54,000000</SARD>
    <SICI>61,580000</SICI>
    <SUD>54,000000</SUD>
    <AUST>54,000000</AUST>
    <BRNN>54,000000</BRNN>
    <COAC>54,000000</COAC>
    <CORS>54,000000</CORS>
    <FOGN>54,000000</FOGN>
    <FRAN>54,000000</FRAN>
    <GREC>54,000000</GREC>
    <MFTV>54,000000</MFTV>
    <PRGP>61,580000</PRGP>
    <ROSN>54,000000</ROSN>
    <SLOV>54,000000</SLOV>
    <SVIZ>54,000000</SVIZ>
    <BSP>54,000000</BSP>
    <MALT>61,580000</MALT>
    <XAUS>54,000000</XAUS>
    <XFRA>54,000000</XFRA>
  </Prezzi>
  <Prezzi>
    <Data>20170129</Data>
    <Mercato>MGP</Mercato>
    <Ora>18</Ora>
    <PUN>63,076190</PUN>
    <NAT>63,570000</NAT>
    <CNOR>62,420000</CNOR>
    <CSUD>62,420000</CSUD>
    <NORD>62,420000</NORD>
    <SARD>62,420000</SARD>
    <SICI>71,760000</SICI>
    <SUD>62,420000</SUD>
    <AUST>62,420000</AUST>
    <BRNN>62,420000</BRNN>
    <COAC>62,420000</COAC>
    <CORS>62,420000</CORS>
    <FOGN>62,420000</FOGN>
    <FRAN>62,420000</FRAN>
    <GREC>62,420000</GREC>
    <MFTV>62,420000</MFTV>
    <PRGP>71,760000</PRGP>
    <ROSN>62,420000</ROSN>
    <SLOV>62,420000</SLOV>
    <SVIZ>62,420000</SVIZ>
    <BSP>62,420000</BSP>
    <MALT>71,760000</MALT>
    <XAUS>62,420000</XAUS>
    <XFRA>62,420000</XFRA>
  </Prezzi>
  <Prezzi>
    <Data>20170129</Data>
    <Mercato>MGP</Mercato>
    <Ora>19</Ora>
    <PUN>77,051030</PUN>
    <NAT>78,000000</NAT>
    <CNOR>75,960930</CNOR>
    <CSUD>75,960930</CSUD>
    <NORD>75,960930</NORD>
    <SARD>75,960930</SARD>
    <SICI>91,580000</SICI>
    <SUD>75,960930</SUD>
    <AUST>75,960930</AUST>
    <BRNN>75,960930</BRNN>
    <COAC>75,960930</COAC>
    <CORS>75,960930</CORS>
    <FOGN>75,960930</FOGN>
    <FRAN>75,960930</FRAN>
    <GREC>75,960930</GREC>
    <MFTV>75,960930</MFTV>
    <PRGP>91,580000</PRGP>
    <ROSN>75,960930</ROSN>
    <SLOV>75,960930</SLOV>
    <SVIZ>75,960930</SVIZ>
    <BSP>75,960930</BSP>
    <MALT>91,580000</MALT>
    <XAUS>75,960930</XAUS>
    <XFRA>75,960930</XFRA>
  </Prezzi>
  <Prezzi>
    <Data>20170129</Data>
    <Mercato>MGP</Mercato>
    <Ora>20</Ora>
    <PUN>80,338830</PUN>
    <NAT>79,980000</NAT>
    <CNOR>79,490000</CNOR>
    <CSUD>79,490000</CSUD>
    <NORD>79,490000</NORD>
    <SARD>79,490000</SARD>
    <SICI>91,580000</SICI>
    <SUD>79,490000</SUD>
    <AUST>79,490000</AUST>
    <BRNN>79,490000</BRNN>
    <COAC>79,490000</COAC>
    <CORS>79,490000</CORS>
    <FOGN>79,490000</FOGN>
    <FRAN>79,490000</FRAN>
    <GREC>79,490000</GREC>
    <MFTV>79,490000</MFTV>
    <PRGP>91,580000</PRGP>
    <ROSN>79,490000</ROSN>
    <SLOV>79,490000</SLOV>
    <SVIZ>79,490000</SVIZ>
    <BSP>79,490000</BSP>
    <MALT>91,580000</MALT>
    <XAUS>79,490000</XAUS>
    <XFRA>79,490000</XFRA>
  </Prezzi>
  <Prezzi>
    <Data>20170129</Data>
    <Mercato>MGP</Mercato>
    <Ora>21</Ora>
    <PUN>77,096670</PUN>
    <NAT>77,760000</NAT>
    <CNOR>75,966290</CNOR>
    <CSUD>75,966290</CSUD>
    <NORD>75,966290</NORD>
    <SARD>75,966290</SARD>
    <SICI>91,580000</SICI>
    <SUD>75,966290</SUD>
    <AUST>75,966290</AUST>
    <BRNN>75,966290</BRNN>
    <COAC>75,966290</COAC>
    <CORS>75,966290</CORS>
    <FOGN>75,966290</FOGN>
    <FRAN>75,966290</FRAN>
    <GREC>75,966290</GREC>
    <MFTV>75,966290</MFTV>
    <PRGP>91,580000</PRGP>
    <ROSN>75,966290</ROSN>
    <SLOV>75,966290</SLOV>
    <SVIZ>75,966290</SVIZ>
    <BSP>75,966290</BSP>
    <MALT>91,580000</MALT>
    <XAUS>75,966290</XAUS>
    <XFRA>75,966290</XFRA>
  </Prezzi>
  <Prezzi>
    <Data>20170129</Data>
    <Mercato>MGP</Mercato>
    <Ora>22</Ora>
    <PUN>71,099160</PUN>
    <NAT>77,000000</NAT>
    <CNOR>69,485480</CNOR>
    <CSUD>69,485480</CSUD>
    <NORD>69,485480</NORD>
    <SARD>69,485480</SARD>
    <SICI>91,580000</SICI>
    <SUD>69,485480</SUD>
    <AUST>69,485480</AUST>
    <BRNN>69,485480</BRNN>
    <COAC>69,485480</COAC>
    <CORS>69,485480</CORS>
    <FOGN>69,485480</FOGN>
    <FRAN>69,485480</FRAN>
    <GREC>69,485480</GREC>
    <MFTV>69,485480</MFTV>
    <PRGP>91,580000</PRGP>
    <ROSN>69,485480</ROSN>
    <SLOV>69,485480</SLOV>
    <SVIZ>69,485480</SVIZ>
    <BSP>69,485480</BSP>
    <MALT>91,580000</MALT>
    <XAUS>69,485480</XAUS>
    <XFRA>69,485480</XFRA>
  </Prezzi>
  <Prezzi>
    <Data>20170129</Data>
    <Mercato>MGP</Mercato>
    <Ora>23</Ora>
    <PUN>67,016130</PUN>
    <NAT>70,000000</NAT>
    <CNOR>66,019100</CNOR>
    <CSUD>66,019100</CSUD>
    <NORD>66,019100</NORD>
    <SARD>66,019100</SARD>
    <SICI>79,760000</SICI>
    <SUD>66,019100</SUD>
    <AUST>66,019100</AUST>
    <BRNN>66,019100</BRNN>
    <COAC>66,019100</COAC>
    <CORS>66,019100</CORS>
    <FOGN>66,019100</FOGN>
    <FRAN>66,019100</FRAN>
    <GREC>66,019100</GREC>
    <MFTV>66,019100</MFTV>
    <PRGP>79,760000</PRGP>
    <ROSN>66,019100</ROSN>
    <SLOV>66,019100</SLOV>
    <SVIZ>66,019100</SVIZ>
    <BSP>66,019100</BSP>
    <MALT>79,760000</MALT>
    <XAUS>66,019100</XAUS>
    <XFRA>66,019100</XFRA>
  </Prezzi>
  <Prezzi>
    <Data>20170129</Data>
    <Mercato>MGP</Mercato>
    <Ora>24</Ora>
    <PUN>57,494880</PUN>
    <NAT>57,700000</NAT>
    <CNOR>58,250000</CNOR>
    <CSUD>55,000000</CSUD>
    <NORD>58,250000</NORD>
    <SARD>55,000000</SARD>
    <SICI>61,580000</SICI>
    <SUD>55,000000</SUD>
    <AUST>58,250000</AUST>
    <BRNN>55,000000</BRNN>
    <COAC>55,000000</COAC>
    <CORS>58,250000</CORS>
    <FOGN>55,000000</FOGN>
    <FRAN>58,250000</FRAN>
    <GREC>55,000000</GREC>
    <MFTV>58,250000</MFTV>
    <PRGP>61,580000</PRGP>
    <ROSN>55,000000</ROSN>
    <SLOV>58,250000</SLOV>
    <SVIZ>58,250000</SVIZ>
    <BSP>58,250000</BSP>
    <MALT>61,580000</MALT>
    <XAUS>58,250000</XAUS>
    <XFRA>58,250000</XFRA>
  </Prezzi>
</NewDataSet>