<?xml version="1.0" standalone="yes"?>
<NewDataSet>
  <xs:schema id="NewDataSet" xmlns="" xmlns:xs="http://www.w3.org/2001/XMLSchema" xmlns:msdata="urn:schemas-microsoft-com:xml-msdata">
    <xs:element name="NewDataSet" msdata:IsDataSet="true" msdata:UseCurrentLocale="true">
      <xs:complexType>
        <xs:choice minOccurs="0" maxOccurs="unbounded">
          <xs:element name="Prezzi">
            <xs:complexType>
              <xs:sequence>
                <xs:element name="Data" type="xs:string" minOccurs="0" />
                <xs:element name="Mercato" type="xs:string" minOccurs="0" />
                <xs:element name="Ora" type="xs:string" minOccurs="0" />
                <xs:element name="PUN" type="xs:string" minOccurs="0" />
                <xs:element name="NAT" type="xs:string" minOccurs="0" />
                <xs:element name="CNOR" type="xs:string" minOccurs="0" />
                <xs:element name="CSUD" type="xs:string" minOccurs="0" />
                <xs:element name="NORD" type="xs:string" minOccurs="0" />
                <xs:element name="SARD" type="xs:string" minOccurs="0" />
                <xs:element name="SICI" type="xs:string" minOccurs="0" />
                <xs:element name="SUD" type="xs:string" minOccurs="0" />
                <xs:element name="AUST" type="xs:string" minOccurs="0" />
                <xs:element name="BRNN" type="xs:string" minOccurs="0" />
                <xs:element name="COAC" type="xs:string" minOccurs="0" />
                <xs:element name="CORS" type="xs:string" minOccurs="0" />
                <xs:element name="FOGN" type="xs:string" minOccurs="0" />
                <xs:element name="FRAN" type="xs:string" minOccurs="0" />
                <xs:element name="GREC" type="xs:string" minOccurs="0" />
                <xs:element name="MFTV" type="xs:string" minOccurs="0" />
                <xs:element name="PRGP" type="xs:string" minOccurs="0" />
                <xs:element name="ROSN" type="xs:string" minOccurs="0" />
                <xs:element name="SLOV" type="xs:string" minOccurs="0" />
                <xs:element name="SVIZ" type="xs:string" minOccurs="0" />
                <xs:element name="BSP" type="xs:string" minOccurs="0" />
                <xs:element name="MALT" type="xs:string" minOccurs="0" />
                <xs:element name="XAUS" type="xs:string" minOccurs="0" />
                <xs:element name="XFRA" type="xs:string" minOccurs="0" />
              </xs:sequence>
            </xs:complexType>
          </xs:element>
        </xs:choice>
      </xs:complexType>
    </xs:element>
  </xs:schema>
  <Prezzi>
    <Data>20170115</Data>
    <Mercato>MGP</Mercato>
    <Ora>1</Ora>
    <PUN>61,726700</PUN>
    <NAT>60,700000</NAT>
    <CNOR>63,910000</CNOR>
    <CSUD>55,550000</CSUD>
    <NORD>64,870240</NORD>
    <SARD>55,550000</SARD>
    <SICI>60,150000</SICI>
    <SUD>55,550000</SUD>
    <AUST>64,870240</AUST>
    <BRNN>55,550000</BRNN>
    <COAC>55,550000</COAC>
    <CORS>63,910000</CORS>
    <FOGN>55,550000</FOGN>
    <FRAN>64,870240</FRAN>
    <GREC>55,550000</GREC>
    <MFTV>64,870240</MFTV>
    <PRGP>60,150000</PRGP>
    <ROSN>55,550000</ROSN>
    <SLOV>64,870240</SLOV>
    <SVIZ>64,870240</SVIZ>
    <BSP>64,870240</BSP>
    <MALT>60,150000</MALT>
    <XAUS>64,870240</XAUS>
    <XFRA>64,870240</XFRA>
  </Prezzi>
  <Prezzi>
    <Data>20170115</Data>
    <Mercato>MGP</Mercato>
    <Ora>2</Ora>
    <PUN>54,796900</PUN>
    <NAT>54,690000</NAT>
    <CNOR>54,860000</CNOR>
    <CSUD>54,680000</CSUD>
    <NORD>54,860000</NORD>
    <SARD>54,680000</SARD>
    <SICI>54,680000</SICI>
    <SUD>54,680000</SUD>
    <AUST>54,860000</AUST>
    <BRNN>54,680000</BRNN>
    <COAC>54,680000</COAC>
    <CORS>54,860000</CORS>
    <FOGN>54,680000</FOGN>
    <FRAN>54,860000</FRAN>
    <GREC>54,680000</GREC>
    <MFTV>54,860000</MFTV>
    <PRGP>54,680000</PRGP>
    <ROSN>54,680000</ROSN>
    <SLOV>54,860000</SLOV>
    <SVIZ>54,860000</SVIZ>
    <BSP>54,860000</BSP>
    <MALT>54,680000</MALT>
    <XAUS>54,860000</XAUS>
    <XFRA>54,860000</XFRA>
  </Prezzi>
  <Prezzi>
    <Data>20170115</Data>
    <Mercato>MGP</Mercato>
    <Ora>3</Ora>
    <PUN>53,000000</PUN>
    <NAT>53,000000</NAT>
    <CNOR>53,000000</CNOR>
    <CSUD>53,000000</CSUD>
    <NORD>53,000000</NORD>
    <SARD>53,000000</SARD>
    <SICI>53,000000</SICI>
    <SUD>53,000000</SUD>
    <AUST>53,000000</AUST>
    <BRNN>53,000000</BRNN>
    <COAC>53,000000</COAC>
    <CORS>53,000000</CORS>
    <FOGN>53,000000</FOGN>
    <FRAN>53,000000</FRAN>
    <GREC>53,000000</GREC>
    <MFTV>53,000000</MFTV>
    <PRGP>53,000000</PRGP>
    <ROSN>53,000000</ROSN>
    <SLOV>53,000000</SLOV>
    <SVIZ>53,000000</SVIZ>
    <BSP>53,000000</BSP>
    <MALT>53,000000</MALT>
    <XAUS>53,000000</XAUS>
    <XFRA>53,000000</XFRA>
  </Prezzi>
  <Prezzi>
    <Data>20170115</Data>
    <Mercato>MGP</Mercato>
    <Ora>4</Ora>
    <PUN>51,590000</PUN>
    <NAT>49,970000</NAT>
    <CNOR>51,590000</CNOR>
    <CSUD>51,590000</CSUD>
    <NORD>51,590000</NORD>
    <SARD>51,590000</SARD>
    <SICI>51,590000</SICI>
    <SUD>51,590000</SUD>
    <AUST>51,590000</AUST>
    <BRNN>51,590000</BRNN>
    <COAC>51,590000</COAC>
    <CORS>51,590000</CORS>
    <FOGN>51,590000</FOGN>
    <FRAN>51,590000</FRAN>
    <GREC>51,590000</GREC>
    <MFTV>51,590000</MFTV>
    <PRGP>51,590000</PRGP>
    <ROSN>51,590000</ROSN>
    <SLOV>51,590000</SLOV>
    <SVIZ>51,590000</SVIZ>
    <BSP>51,590000</BSP>
    <MALT>51,590000</MALT>
    <XAUS>51,590000</XAUS>
    <XFRA>51,590000</XFRA>
  </Prezzi>
  <Prezzi>
    <Data>20170115</Data>
    <Mercato>MGP</Mercato>
    <Ora>5</Ora>
    <PUN>50,000000</PUN>
    <NAT>50,000000</NAT>
    <CNOR>50,000000</CNOR>
    <CSUD>50,000000</CSUD>
    <NORD>50,000000</NORD>
    <SARD>50,000000</SARD>
    <SICI>50,000000</SICI>
    <SUD>50,000000</SUD>
    <AUST>50,000000</AUST>
    <BRNN>50,000000</BRNN>
    <COAC>50,000000</COAC>
    <CORS>50,000000</CORS>
    <FOGN>50,000000</FOGN>
    <FRAN>50,000000</FRAN>
    <GREC>50,000000</GREC>
    <MFTV>50,000000</MFTV>
    <PRGP>50,000000</PRGP>
    <ROSN>50,000000</ROSN>
    <SLOV>50,000000</SLOV>
    <SVIZ>50,000000</SVIZ>
    <BSP>50,000000</BSP>
    <MALT>50,000000</MALT>
    <XAUS>50,000000</XAUS>
    <XFRA>50,000000</XFRA>
  </Prezzi>
  <Prezzi>
    <Data>20170115</Data>
    <Mercato>MGP</Mercato>
    <Ora>6</Ora>
    <PUN>50,000000</PUN>
    <NAT>50,000000</NAT>
    <CNOR>50,000000</CNOR>
    <CSUD>50,000000</CSUD>
    <NORD>50,000000</NORD>
    <SARD>50,000000</SARD>
    <SICI>50,000000</SICI>
    <SUD>50,000000</SUD>
    <AUST>50,000000</AUST>
    <BRNN>50,000000</BRNN>
    <COAC>50,000000</COAC>
    <CORS>50,000000</CORS>
    <FOGN>50,000000</FOGN>
    <FRAN>50,000000</FRAN>
    <GREC>50,000000</GREC>
    <MFTV>50,000000</MFTV>
    <PRGP>50,000000</PRGP>
    <ROSN>50,000000</ROSN>
    <SLOV>50,000000</SLOV>
    <SVIZ>50,000000</SVIZ>
    <BSP>50,000000</BSP>
    <MALT>50,000000</MALT>
    <XAUS>50,000000</XAUS>
    <XFRA>50,000000</XFRA>
  </Prezzi>
  <Prezzi>
    <Data>20170115</Data>
    <Mercato>MGP</Mercato>
    <Ora>7</Ora>
    <PUN>51,000000</PUN>
    <NAT>51,000000</NAT>
    <CNOR>51,000000</CNOR>
    <CSUD>51,000000</CSUD>
    <NORD>51,000000</NORD>
    <SARD>51,000000</SARD>
    <SICI>51,000000</SICI>
    <SUD>51,000000</SUD>
    <AUST>51,000000</AUST>
    <BRNN>51,000000</BRNN>
    <COAC>51,000000</COAC>
    <CORS>51,000000</CORS>
    <FOGN>51,000000</FOGN>
    <FRAN>51,000000</FRAN>
    <GREC>51,000000</GREC>
    <MFTV>51,000000</MFTV>
    <PRGP>51,000000</PRGP>
    <ROSN>51,000000</ROSN>
    <SLOV>51,000000</SLOV>
    <SVIZ>51,000000</SVIZ>
    <BSP>51,000000</BSP>
    <MALT>51,000000</MALT>
    <XAUS>51,000000</XAUS>
    <XFRA>51,000000</XFRA>
  </Prezzi>
  <Prezzi>
    <Data>20170115</Data>
    <Mercato>MGP</Mercato>
    <Ora>8</Ora>
    <PUN>52,190000</PUN>
    <NAT>52,190000</NAT>
    <CNOR>52,190000</CNOR>
    <CSUD>52,190000</CSUD>
    <NORD>52,190000</NORD>
    <SARD>52,190000</SARD>
    <SICI>52,190000</SICI>
    <SUD>52,190000</SUD>
    <AUST>52,190000</AUST>
    <BRNN>52,190000</BRNN>
    <COAC>52,190000</COAC>
    <CORS>52,190000</CORS>
    <FOGN>52,190000</FOGN>
    <FRAN>52,190000</FRAN>
    <GREC>52,190000</GREC>
    <MFTV>52,190000</MFTV>
    <PRGP>52,190000</PRGP>
    <ROSN>52,190000</ROSN>
    <SLOV>52,190000</SLOV>
    <SVIZ>52,190000</SVIZ>
    <BSP>52,190000</BSP>
    <MALT>52,190000</MALT>
    <XAUS>52,190000</XAUS>
    <XFRA>52,190000</XFRA>
  </Prezzi>
  <Prezzi>
    <Data>20170115</Data>
    <Mercato>MGP</Mercato>
    <Ora>9</Ora>
    <PUN>55,160290</PUN>
    <NAT>55,180000</NAT>
    <CNOR>55,190000</CNOR>
    <CSUD>55,190000</CSUD>
    <NORD>55,190000</NORD>
    <SARD>55,190000</SARD>
    <SICI>55,000000</SICI>
    <SUD>55,000000</SUD>
    <AUST>55,190000</AUST>
    <BRNN>55,000000</BRNN>
    <COAC>55,190000</COAC>
    <CORS>55,190000</CORS>
    <FOGN>55,000000</FOGN>
    <FRAN>55,190000</FRAN>
    <GREC>55,000000</GREC>
    <MFTV>55,190000</MFTV>
    <PRGP>55,000000</PRGP>
    <ROSN>55,000000</ROSN>
    <SLOV>55,190000</SLOV>
    <SVIZ>55,190000</SVIZ>
    <BSP>55,190000</BSP>
    <MALT>55,000000</MALT>
    <XAUS>55,190000</XAUS>
    <XFRA>55,190000</XFRA>
  </Prezzi>
  <Prezzi>
    <Data>20170115</Data>
    <Mercato>MGP</Mercato>
    <Ora>10</Ora>
    <PUN>62,469140</PUN>
    <NAT>59,860000</NAT>
    <CNOR>63,910000</CNOR>
    <CSUD>63,910000</CSUD>
    <NORD>63,910000</NORD>
    <SARD>63,910000</SARD>
    <SICI>55,000000</SICI>
    <SUD>55,000000</SUD>
    <AUST>63,910000</AUST>
    <BRNN>55,000000</BRNN>
    <COAC>63,910000</COAC>
    <CORS>63,910000</CORS>
    <FOGN>55,000000</FOGN>
    <FRAN>63,910000</FRAN>
    <GREC>55,000000</GREC>
    <MFTV>63,910000</MFTV>
    <PRGP>55,000000</PRGP>
    <ROSN>55,000000</ROSN>
    <SLOV>63,910000</SLOV>
    <SVIZ>63,910000</SVIZ>
    <BSP>63,910000</BSP>
    <MALT>55,000000</MALT>
    <XAUS>63,910000</XAUS>
    <XFRA>63,910000</XFRA>
  </Prezzi>
  <Prezzi>
    <Data>20170115</Data>
    <Mercato>MGP</Mercato>
    <Ora>11</Ora>
    <PUN>64,315450</PUN>
    <NAT>63,910000</NAT>
    <CNOR>66,132140</CNOR>
    <CSUD>66,132140</CSUD>
    <NORD>66,132140</NORD>
    <SARD>66,132140</SARD>
    <SICI>55,000000</SICI>
    <SUD>55,000000</SUD>
    <AUST>66,132140</AUST>
    <BRNN>55,000000</BRNN>
    <COAC>66,132140</COAC>
    <CORS>66,132140</CORS>
    <FOGN>55,000000</FOGN>
    <FRAN>66,132140</FRAN>
    <GREC>55,000000</GREC>
    <MFTV>66,132140</MFTV>
    <PRGP>55,000000</PRGP>
    <ROSN>55,000000</ROSN>
    <SLOV>66,132140</SLOV>
    <SVIZ>66,132140</SVIZ>
    <BSP>66,132140</BSP>
    <MALT>55,000000</MALT>
    <XAUS>66,132140</XAUS>
    <XFRA>66,132140</XFRA>
  </Prezzi>
  <Prezzi>
    <Data>20170115</Data>
    <Mercato>MGP</Mercato>
    <Ora>12</Ora>
    <PUN>65,305590</PUN>
    <NAT>60,700000</NAT>
    <CNOR>67,370010</CNOR>
    <CSUD>67,370010</CSUD>
    <NORD>67,370010</NORD>
    <SARD>67,370010</SARD>
    <SICI>54,690000</SICI>
    <SUD>54,690000</SUD>
    <AUST>67,370010</AUST>
    <BRNN>54,690000</BRNN>
    <COAC>67,370010</COAC>
    <CORS>67,370010</CORS>
    <FOGN>54,690000</FOGN>
    <FRAN>67,370010</FRAN>
    <GREC>54,690000</GREC>
    <MFTV>67,370010</MFTV>
    <PRGP>54,690000</PRGP>
    <ROSN>54,690000</ROSN>
    <SLOV>67,370010</SLOV>
    <SVIZ>67,370010</SVIZ>
    <BSP>67,370010</BSP>
    <MALT>54,690000</MALT>
    <XAUS>67,370010</XAUS>
    <XFRA>67,370010</XFRA>
  </Prezzi>
  <Prezzi>
    <Data>20170115</Data>
    <Mercato>MGP</Mercato>
    <Ora>13</Ora>
    <PUN>68,575240</PUN>
    <NAT>63,910000</NAT>
    <CNOR>71,378910</CNOR>
    <CSUD>71,378910</CSUD>
    <NORD>71,378910</NORD>
    <SARD>71,378910</SARD>
    <SICI>54,690000</SICI>
    <SUD>54,690000</SUD>
    <AUST>71,378910</AUST>
    <BRNN>54,690000</BRNN>
    <COAC>71,378910</COAC>
    <CORS>71,378910</CORS>
    <FOGN>54,690000</FOGN>
    <FRAN>71,378910</FRAN>
    <GREC>54,690000</GREC>
    <MFTV>71,378910</MFTV>
    <PRGP>54,690000</PRGP>
    <ROSN>54,690000</ROSN>
    <SLOV>71,378910</SLOV>
    <SVIZ>71,378910</SVIZ>
    <BSP>71,378910</BSP>
    <MALT>54,690000</MALT>
    <XAUS>71,378910</XAUS>
    <XFRA>71,378910</XFRA>
  </Prezzi>
  <Prezzi>
    <Data>20170115</Data>
    <Mercato>MGP</Mercato>
    <Ora>14</Ora>
    <PUN>62,380670</PUN>
    <NAT>56,570000</NAT>
    <CNOR>63,910000</CNOR>
    <CSUD>63,910000</CSUD>
    <NORD>63,910000</NORD>
    <SARD>63,910000</SARD>
    <SICI>54,670000</SICI>
    <SUD>54,670000</SUD>
    <AUST>63,910000</AUST>
    <BRNN>54,670000</BRNN>
    <COAC>63,910000</COAC>
    <CORS>63,910000</CORS>
    <FOGN>54,670000</FOGN>
    <FRAN>63,910000</FRAN>
    <GREC>54,670000</GREC>
    <MFTV>63,910000</MFTV>
    <PRGP>54,670000</PRGP>
    <ROSN>54,670000</ROSN>
    <SLOV>63,910000</SLOV>
    <SVIZ>63,910000</SVIZ>
    <BSP>63,910000</BSP>
    <MALT>54,670000</MALT>
    <XAUS>63,910000</XAUS>
    <XFRA>63,910000</XFRA>
  </Prezzi>
  <Prezzi>
    <Data>20170115</Data>
    <Mercato>MGP</Mercato>
    <Ora>15</Ora>
    <PUN>57,825530</PUN>
    <NAT>54,690000</NAT>
    <CNOR>58,530000</CNOR>
    <CSUD>58,530000</CSUD>
    <NORD>58,530000</NORD>
    <SARD>58,530000</SARD>
    <SICI>54,110000</SICI>
    <SUD>54,110000</SUD>
    <AUST>58,530000</AUST>
    <BRNN>54,110000</BRNN>
    <COAC>58,530000</COAC>
    <CORS>58,530000</CORS>
    <FOGN>54,110000</FOGN>
    <FRAN>58,530000</FRAN>
    <GREC>54,110000</GREC>
    <MFTV>58,530000</MFTV>
    <PRGP>54,110000</PRGP>
    <ROSN>54,110000</ROSN>
    <SLOV>58,530000</SLOV>
    <SVIZ>58,530000</SVIZ>
    <BSP>58,530000</BSP>
    <MALT>54,110000</MALT>
    <XAUS>58,530000</XAUS>
    <XFRA>58,530000</XFRA>
  </Prezzi>
  <Prezzi>
    <Data>20170115</Data>
    <Mercato>MGP</Mercato>
    <Ora>16</Ora>
    <PUN>57,057160</PUN>
    <NAT>55,000000</NAT>
    <CNOR>57,510000</CNOR>
    <CSUD>57,510000</CSUD>
    <NORD>57,510000</NORD>
    <SARD>57,510000</SARD>
    <SICI>54,670000</SICI>
    <SUD>54,670000</SUD>
    <AUST>57,510000</AUST>
    <BRNN>54,670000</BRNN>
    <COAC>57,510000</COAC>
    <CORS>57,510000</CORS>
    <FOGN>54,670000</FOGN>
    <FRAN>57,510000</FRAN>
    <GREC>54,670000</GREC>
    <MFTV>57,510000</MFTV>
    <PRGP>54,670000</PRGP>
    <ROSN>54,670000</ROSN>
    <SLOV>57,510000</SLOV>
    <SVIZ>57,510000</SVIZ>
    <BSP>57,510000</BSP>
    <MALT>54,670000</MALT>
    <XAUS>57,510000</XAUS>
    <XFRA>57,510000</XFRA>
  </Prezzi>
  <Prezzi>
    <Data>20170115</Data>
    <Mercato>MGP</Mercato>
    <Ora>17</Ora>
    <PUN>56,781700</PUN>
    <NAT>55,510000</NAT>
    <CNOR>57,120000</CNOR>
    <CSUD>57,120000</CSUD>
    <NORD>57,120000</NORD>
    <SARD>57,120000</SARD>
    <SICI>55,000000</SICI>
    <SUD>55,000000</SUD>
    <AUST>57,120000</AUST>
    <BRNN>55,000000</BRNN>
    <COAC>57,120000</COAC>
    <CORS>57,120000</CORS>
    <FOGN>55,000000</FOGN>
    <FRAN>57,120000</FRAN>
    <GREC>55,000000</GREC>
    <MFTV>57,120000</MFTV>
    <PRGP>55,000000</PRGP>
    <ROSN>55,000000</ROSN>
    <SLOV>57,120000</SLOV>
    <SVIZ>57,120000</SVIZ>
    <BSP>57,120000</BSP>
    <MALT>55,000000</MALT>
    <XAUS>57,120000</XAUS>
    <XFRA>57,120000</XFRA>
  </Prezzi>
  <Prezzi>
    <Data>20170115</Data>
    <Mercato>MGP</Mercato>
    <Ora>18</Ora>
    <PUN>69,468470</PUN>
    <NAT>69,750000</NAT>
    <CNOR>69,750000</CNOR>
    <CSUD>69,000000</CSUD>
    <NORD>69,750000</NORD>
    <SARD>69,000000</SARD>
    <SICI>69,000000</SICI>
    <SUD>69,000000</SUD>
    <AUST>69,750000</AUST>
    <BRNN>69,000000</BRNN>
    <COAC>69,000000</COAC>
    <CORS>69,750000</CORS>
    <FOGN>69,000000</FOGN>
    <FRAN>69,750000</FRAN>
    <GREC>69,000000</GREC>
    <MFTV>69,750000</MFTV>
    <PRGP>69,000000</PRGP>
    <ROSN>69,000000</ROSN>
    <SLOV>69,750000</SLOV>
    <SVIZ>69,750000</SVIZ>
    <BSP>69,750000</BSP>
    <MALT>69,000000</MALT>
    <XAUS>69,750000</XAUS>
    <XFRA>69,750000</XFRA>
  </Prezzi>
  <Prezzi>
    <Data>20170115</Data>
    <Mercato>MGP</Mercato>
    <Ora>19</Ora>
    <PUN>85,120950</PUN>
    <NAT>80,490000</NAT>
    <CNOR>88,000000</CNOR>
    <CSUD>88,000000</CSUD>
    <NORD>88,000000</NORD>
    <SARD>88,000000</SARD>
    <SICI>70,000000</SICI>
    <SUD>70,000000</SUD>
    <AUST>88,000000</AUST>
    <BRNN>70,000000</BRNN>
    <COAC>88,000000</COAC>
    <CORS>88,000000</CORS>
    <FOGN>70,000000</FOGN>
    <FRAN>88,000000</FRAN>
    <GREC>70,000000</GREC>
    <MFTV>88,000000</MFTV>
    <PRGP>70,000000</PRGP>
    <ROSN>70,000000</ROSN>
    <SLOV>88,000000</SLOV>
    <SVIZ>88,000000</SVIZ>
    <BSP>88,000000</BSP>
    <MALT>70,000000</MALT>
    <XAUS>88,000000</XAUS>
    <XFRA>88,000000</XFRA>
  </Prezzi>
  <Prezzi>
    <Data>20170115</Data>
    <Mercato>MGP</Mercato>
    <Ora>20</Ora>
    <PUN>80,374180</PUN>
    <NAT>80,000000</NAT>
    <CNOR>82,382110</CNOR>
    <CSUD>82,382110</CSUD>
    <NORD>82,382110</NORD>
    <SARD>82,382110</SARD>
    <SICI>70,000000</SICI>
    <SUD>70,000000</SUD>
    <AUST>82,382110</AUST>
    <BRNN>70,000000</BRNN>
    <COAC>82,382110</COAC>
    <CORS>82,382110</CORS>
    <FOGN>70,000000</FOGN>
    <FRAN>82,382110</FRAN>
    <GREC>70,000000</GREC>
    <MFTV>82,382110</MFTV>
    <PRGP>70,000000</PRGP>
    <ROSN>70,000000</ROSN>
    <SLOV>82,382110</SLOV>
    <SVIZ>82,382110</SVIZ>
    <BSP>82,382110</BSP>
    <MALT>70,000000</MALT>
    <XAUS>82,382110</XAUS>
    <XFRA>82,382110</XFRA>
  </Prezzi>
  <Prezzi>
    <Data>20170115</Data>
    <Mercato>MGP</Mercato>
    <Ora>21</Ora>
    <PUN>77,816340</PUN>
    <NAT>77,440000</NAT>
    <CNOR>79,369620</CNOR>
    <CSUD>79,369620</CSUD>
    <NORD>79,369620</NORD>
    <SARD>79,369620</SARD>
    <SICI>70,000000</SICI>
    <SUD>70,000000</SUD>
    <AUST>79,369620</AUST>
    <BRNN>70,000000</BRNN>
    <COAC>79,369620</COAC>
    <CORS>79,369620</CORS>
    <FOGN>70,000000</FOGN>
    <FRAN>79,369620</FRAN>
    <GREC>70,000000</GREC>
    <MFTV>79,369620</MFTV>
    <PRGP>70,000000</PRGP>
    <ROSN>70,000000</ROSN>
    <SLOV>79,369620</SLOV>
    <SVIZ>79,369620</SVIZ>
    <BSP>79,369620</BSP>
    <MALT>70,000000</MALT>
    <XAUS>79,369620</XAUS>
    <XFRA>79,369620</XFRA>
  </Prezzi>
  <Prezzi>
    <Data>20170115</Data>
    <Mercato>MGP</Mercato>
    <Ora>22</Ora>
    <PUN>74,898560</PUN>
    <NAT>74,000000</NAT>
    <CNOR>76,550000</CNOR>
    <CSUD>74,000000</CSUD>
    <NORD>76,550000</NORD>
    <SARD>74,000000</SARD>
    <SICI>69,990000</SICI>
    <SUD>69,990000</SUD>
    <AUST>76,550000</AUST>
    <BRNN>69,990000</BRNN>
    <COAC>74,000000</COAC>
    <CORS>76,550000</CORS>
    <FOGN>69,990000</FOGN>
    <FRAN>76,550000</FRAN>
    <GREC>69,990000</GREC>
    <MFTV>76,550000</MFTV>
    <PRGP>69,990000</PRGP>
    <ROSN>69,990000</ROSN>
    <SLOV>76,550000</SLOV>
    <SVIZ>76,550000</SVIZ>
    <BSP>76,550000</BSP>
    <MALT>69,990000</MALT>
    <XAUS>76,550000</XAUS>
    <XFRA>76,550000</XFRA>
  </Prezzi>
  <Prezzi>
    <Data>20170115</Data>
    <Mercato>MGP</Mercato>
    <Ora>23</Ora>
    <PUN>68,392740</PUN>
    <NAT>67,490000</NAT>
    <CNOR>75,832090</CNOR>
    <CSUD>56,000000</CSUD>
    <NORD>75,832090</NORD>
    <SARD>56,000000</SARD>
    <SICI>56,000000</SICI>
    <SUD>56,000000</SUD>
    <AUST>75,832090</AUST>
    <BRNN>56,000000</BRNN>
    <COAC>56,000000</COAC>
    <CORS>75,832090</CORS>
    <FOGN>56,000000</FOGN>
    <FRAN>75,832090</FRAN>
    <GREC>56,000000</GREC>
    <MFTV>75,832090</MFTV>
    <PRGP>56,000000</PRGP>
    <ROSN>56,000000</ROSN>
    <SLOV>75,832090</SLOV>
    <SVIZ>75,832090</SVIZ>
    <BSP>75,832090</BSP>
    <MALT>56,000000</MALT>
    <XAUS>75,832090</XAUS>
    <XFRA>75,832090</XFRA>
  </Prezzi>
  <Prezzi>
    <Data>20170115</Data>
    <Mercato>MGP</Mercato>
    <Ora>24</Ora>
    <PUN>63,998040</PUN>
    <NAT>55,000000</NAT>
    <CNOR>69,750000</CNOR>
    <CSUD>54,000000</CSUD>
    <NORD>69,750000</NORD>
    <SARD>54,000000</SARD>
    <SICI>54,000000</SICI>
    <SUD>54,000000</SUD>
    <AUST>69,750000</AUST>
    <BRNN>54,000000</BRNN>
    <COAC>54,000000</COAC>
    <CORS>69,750000</CORS>
    <FOGN>54,000000</FOGN>
    <FRAN>69,750000</FRAN>
    <GREC>54,000000</GREC>
    <MFTV>69,750000</MFTV>
    <PRGP>54,000000</PRGP>
    <ROSN>54,000000</ROSN>
    <SLOV>69,750000</SLOV>
    <SVIZ>69,750000</SVIZ>
    <BSP>69,750000</BSP>
    <MALT>54,000000</MALT>
    <XAUS>69,750000</XAUS>
    <XFRA>69,750000</XFRA>
  </Prezzi>
</NewDataSet>