<?xml version="1.0" standalone="yes"?>
<NewDataSet>
  <xs:schema id="NewDataSet" xmlns="" xmlns:xs="http://www.w3.org/2001/XMLSchema" xmlns:msdata="urn:schemas-microsoft-com:xml-msdata">
    <xs:element name="NewDataSet" msdata:IsDataSet="true" msdata:UseCurrentLocale="true">
      <xs:complexType>
        <xs:choice minOccurs="0" maxOccurs="unbounded">
          <xs:element name="Prezzi">
            <xs:complexType>
              <xs:sequence>
                <xs:element name="Data" type="xs:string" minOccurs="0" />
                <xs:element name="Mercato" type="xs:string" minOccurs="0" />
                <xs:element name="Ora" type="xs:string" minOccurs="0" />
                <xs:element name="PUN" type="xs:string" minOccurs="0" />
                <xs:element name="NAT" type="xs:string" minOccurs="0" />
                <xs:element name="CNOR" type="xs:string" minOccurs="0" />
                <xs:element name="CSUD" type="xs:string" minOccurs="0" />
                <xs:element name="NORD" type="xs:string" minOccurs="0" />
                <xs:element name="SARD" type="xs:string" minOccurs="0" />
                <xs:element name="SICI" type="xs:string" minOccurs="0" />
                <xs:element name="SUD" type="xs:string" minOccurs="0" />
                <xs:element name="AUST" type="xs:string" minOccurs="0" />
                <xs:element name="BRNN" type="xs:string" minOccurs="0" />
                <xs:element name="COAC" type="xs:string" minOccurs="0" />
                <xs:element name="CORS" type="xs:string" minOccurs="0" />
                <xs:element name="FOGN" type="xs:string" minOccurs="0" />
                <xs:element name="FRAN" type="xs:string" minOccurs="0" />
                <xs:element name="GREC" type="xs:string" minOccurs="0" />
                <xs:element name="MFTV" type="xs:string" minOccurs="0" />
                <xs:element name="PRGP" type="xs:string" minOccurs="0" />
                <xs:element name="ROSN" type="xs:string" minOccurs="0" />
                <xs:element name="SLOV" type="xs:string" minOccurs="0" />
                <xs:element name="SVIZ" type="xs:string" minOccurs="0" />
                <xs:element name="BSP" type="xs:string" minOccurs="0" />
                <xs:element name="MALT" type="xs:string" minOccurs="0" />
                <xs:element name="XAUS" type="xs:string" minOccurs="0" />
                <xs:element name="XFRA" type="xs:string" minOccurs="0" />
              </xs:sequence>
            </xs:complexType>
          </xs:element>
        </xs:choice>
      </xs:complexType>
    </xs:element>
  </xs:schema>
  <Prezzi>
    <Data>20170113</Data>
    <Mercato>MGP</Mercato>
    <Ora>1</Ora>
    <PUN>66,010290</PUN>
    <NAT>67,400000</NAT>
    <CNOR>72,280000</CNOR>
    <CSUD>53,000000</CSUD>
    <NORD>72,280000</NORD>
    <SARD>53,000000</SARD>
    <SICI>53,000000</SICI>
    <SUD>53,000000</SUD>
    <AUST>72,280000</AUST>
    <BRNN>53,000000</BRNN>
    <COAC>53,000000</COAC>
    <CORS>72,280000</CORS>
    <FOGN>53,000000</FOGN>
    <FRAN>72,280000</FRAN>
    <GREC>53,000000</GREC>
    <MFTV>72,280000</MFTV>
    <PRGP>53,000000</PRGP>
    <ROSN>53,000000</ROSN>
    <SLOV>72,280000</SLOV>
    <SVIZ>72,280000</SVIZ>
    <BSP>72,280000</BSP>
    <MALT>53,000000</MALT>
    <XAUS>72,280000</XAUS>
    <XFRA>72,280000</XFRA>
  </Prezzi>
  <Prezzi>
    <Data>20170113</Data>
    <Mercato>MGP</Mercato>
    <Ora>2</Ora>
    <PUN>59,928620</PUN>
    <NAT>53,000000</NAT>
    <CNOR>66,990000</CNOR>
    <CSUD>44,830000</CSUD>
    <NORD>66,990000</NORD>
    <SARD>44,830000</SARD>
    <SICI>44,830000</SICI>
    <SUD>44,830000</SUD>
    <AUST>66,990000</AUST>
    <BRNN>44,830000</BRNN>
    <COAC>44,830000</COAC>
    <CORS>66,990000</CORS>
    <FOGN>44,830000</FOGN>
    <FRAN>66,990000</FRAN>
    <GREC>44,830000</GREC>
    <MFTV>66,990000</MFTV>
    <PRGP>44,830000</PRGP>
    <ROSN>44,830000</ROSN>
    <SLOV>66,990000</SLOV>
    <SVIZ>66,990000</SVIZ>
    <BSP>66,990000</BSP>
    <MALT>44,830000</MALT>
    <XAUS>66,990000</XAUS>
    <XFRA>66,990000</XFRA>
  </Prezzi>
  <Prezzi>
    <Data>20170113</Data>
    <Mercato>MGP</Mercato>
    <Ora>3</Ora>
    <PUN>54,418460</PUN>
    <NAT>48,090000</NAT>
    <CNOR>60,700000</CNOR>
    <CSUD>40,990000</CSUD>
    <NORD>60,700000</NORD>
    <SARD>40,990000</SARD>
    <SICI>40,990000</SICI>
    <SUD>40,990000</SUD>
    <AUST>60,700000</AUST>
    <BRNN>40,990000</BRNN>
    <COAC>40,990000</COAC>
    <CORS>60,700000</CORS>
    <FOGN>40,990000</FOGN>
    <FRAN>60,700000</FRAN>
    <GREC>40,990000</GREC>
    <MFTV>60,700000</MFTV>
    <PRGP>40,990000</PRGP>
    <ROSN>40,990000</ROSN>
    <SLOV>60,700000</SLOV>
    <SVIZ>60,700000</SVIZ>
    <BSP>60,700000</BSP>
    <MALT>40,990000</MALT>
    <XAUS>60,700000</XAUS>
    <XFRA>60,700000</XFRA>
  </Prezzi>
  <Prezzi>
    <Data>20170113</Data>
    <Mercato>MGP</Mercato>
    <Ora>4</Ora>
    <PUN>51,168160</PUN>
    <NAT>45,410000</NAT>
    <CNOR>56,010000</CNOR>
    <CSUD>40,650000</CSUD>
    <NORD>56,010000</NORD>
    <SARD>40,650000</SARD>
    <SICI>40,650000</SICI>
    <SUD>40,650000</SUD>
    <AUST>56,010000</AUST>
    <BRNN>40,650000</BRNN>
    <COAC>40,650000</COAC>
    <CORS>56,010000</CORS>
    <FOGN>40,650000</FOGN>
    <FRAN>56,010000</FRAN>
    <GREC>40,650000</GREC>
    <MFTV>56,010000</MFTV>
    <PRGP>40,650000</PRGP>
    <ROSN>40,650000</ROSN>
    <SLOV>56,010000</SLOV>
    <SVIZ>56,010000</SVIZ>
    <BSP>56,010000</BSP>
    <MALT>40,650000</MALT>
    <XAUS>56,010000</XAUS>
    <XFRA>56,010000</XFRA>
  </Prezzi>
  <Prezzi>
    <Data>20170113</Data>
    <Mercato>MGP</Mercato>
    <Ora>5</Ora>
    <PUN>49,052770</PUN>
    <NAT>45,330000</NAT>
    <CNOR>52,940000</CNOR>
    <CSUD>40,650000</CSUD>
    <NORD>52,940000</NORD>
    <SARD>40,650000</SARD>
    <SICI>40,650000</SICI>
    <SUD>40,650000</SUD>
    <AUST>52,940000</AUST>
    <BRNN>40,650000</BRNN>
    <COAC>40,650000</COAC>
    <CORS>52,940000</CORS>
    <FOGN>40,650000</FOGN>
    <FRAN>52,940000</FRAN>
    <GREC>40,650000</GREC>
    <MFTV>52,940000</MFTV>
    <PRGP>40,650000</PRGP>
    <ROSN>40,650000</ROSN>
    <SLOV>52,940000</SLOV>
    <SVIZ>52,940000</SVIZ>
    <BSP>52,940000</BSP>
    <MALT>40,650000</MALT>
    <XAUS>52,940000</XAUS>
    <XFRA>52,940000</XFRA>
  </Prezzi>
  <Prezzi>
    <Data>20170113</Data>
    <Mercato>MGP</Mercato>
    <Ora>6</Ora>
    <PUN>58,802940</PUN>
    <NAT>53,000000</NAT>
    <CNOR>66,990000</CNOR>
    <CSUD>40,710000</CSUD>
    <NORD>66,990000</NORD>
    <SARD>40,710000</SARD>
    <SICI>40,710000</SICI>
    <SUD>40,710000</SUD>
    <AUST>66,990000</AUST>
    <BRNN>40,710000</BRNN>
    <COAC>40,710000</COAC>
    <CORS>66,990000</CORS>
    <FOGN>40,710000</FOGN>
    <FRAN>66,990000</FRAN>
    <GREC>40,710000</GREC>
    <MFTV>66,990000</MFTV>
    <PRGP>40,710000</PRGP>
    <ROSN>40,710000</ROSN>
    <SLOV>66,990000</SLOV>
    <SVIZ>66,990000</SVIZ>
    <BSP>66,990000</BSP>
    <MALT>40,710000</MALT>
    <XAUS>66,990000</XAUS>
    <XFRA>66,990000</XFRA>
  </Prezzi>
  <Prezzi>
    <Data>20170113</Data>
    <Mercato>MGP</Mercato>
    <Ora>7</Ora>
    <PUN>76,029810</PUN>
    <NAT>69,000000</NAT>
    <CNOR>66,990000</CNOR>
    <CSUD>56,000000</CSUD>
    <NORD>87,840000</NORD>
    <SARD>56,000000</SARD>
    <SICI>56,000000</SICI>
    <SUD>56,000000</SUD>
    <AUST>87,840000</AUST>
    <BRNN>56,000000</BRNN>
    <COAC>56,000000</COAC>
    <CORS>66,990000</CORS>
    <FOGN>56,000000</FOGN>
    <FRAN>87,840000</FRAN>
    <GREC>56,000000</GREC>
    <MFTV>87,840000</MFTV>
    <PRGP>56,000000</PRGP>
    <ROSN>56,000000</ROSN>
    <SLOV>87,840000</SLOV>
    <SVIZ>87,840000</SVIZ>
    <BSP>87,840000</BSP>
    <MALT>56,000000</MALT>
    <XAUS>87,840000</XAUS>
    <XFRA>87,840000</XFRA>
  </Prezzi>
  <Prezzi>
    <Data>20170113</Data>
    <Mercato>MGP</Mercato>
    <Ora>8</Ora>
    <PUN>84,803190</PUN>
    <NAT>80,000000</NAT>
    <CNOR>81,190000</CNOR>
    <CSUD>57,010000</CSUD>
    <NORD>99,000000</NORD>
    <SARD>57,010000</SARD>
    <SICI>62,360000</SICI>
    <SUD>57,010000</SUD>
    <AUST>99,000000</AUST>
    <BRNN>57,010000</BRNN>
    <COAC>57,010000</COAC>
    <CORS>81,190000</CORS>
    <FOGN>57,010000</FOGN>
    <FRAN>99,000000</FRAN>
    <GREC>57,010000</GREC>
    <MFTV>99,000000</MFTV>
    <PRGP>62,360000</PRGP>
    <ROSN>57,010000</ROSN>
    <SLOV>99,000000</SLOV>
    <SVIZ>99,000000</SVIZ>
    <BSP>99,000000</BSP>
    <MALT>62,360000</MALT>
    <XAUS>99,000000</XAUS>
    <XFRA>99,000000</XFRA>
  </Prezzi>
  <Prezzi>
    <Data>20170113</Data>
    <Mercato>MGP</Mercato>
    <Ora>9</Ora>
    <PUN>89,015680</PUN>
    <NAT>86,660000</NAT>
    <CNOR>99,340000</CNOR>
    <CSUD>65,000000</CSUD>
    <NORD>99,340000</NORD>
    <SARD>65,000000</SARD>
    <SICI>65,000000</SICI>
    <SUD>65,000000</SUD>
    <AUST>99,340000</AUST>
    <BRNN>65,000000</BRNN>
    <COAC>65,000000</COAC>
    <CORS>99,340000</CORS>
    <FOGN>65,000000</FOGN>
    <FRAN>99,340000</FRAN>
    <GREC>65,000000</GREC>
    <MFTV>99,340000</MFTV>
    <PRGP>65,000000</PRGP>
    <ROSN>65,000000</ROSN>
    <SLOV>99,340000</SLOV>
    <SVIZ>99,340000</SVIZ>
    <BSP>99,340000</BSP>
    <MALT>65,000000</MALT>
    <XAUS>99,340000</XAUS>
    <XFRA>99,340000</XFRA>
  </Prezzi>
  <Prezzi>
    <Data>20170113</Data>
    <Mercato>MGP</Mercato>
    <Ora>10</Ora>
    <PUN>93,859770</PUN>
    <NAT>91,020000</NAT>
    <CNOR>106,390000</CNOR>
    <CSUD>65,000000</CSUD>
    <NORD>106,390000</NORD>
    <SARD>65,000000</SARD>
    <SICI>65,000000</SICI>
    <SUD>65,000000</SUD>
    <AUST>106,390000</AUST>
    <BRNN>65,000000</BRNN>
    <COAC>65,000000</COAC>
    <CORS>106,390000</CORS>
    <FOGN>65,000000</FOGN>
    <FRAN>106,390000</FRAN>
    <GREC>65,000000</GREC>
    <MFTV>106,390000</MFTV>
    <PRGP>65,000000</PRGP>
    <ROSN>65,000000</ROSN>
    <SLOV>106,390000</SLOV>
    <SVIZ>106,390000</SVIZ>
    <BSP>106,390000</BSP>
    <MALT>65,000000</MALT>
    <XAUS>106,390000</XAUS>
    <XFRA>106,390000</XFRA>
  </Prezzi>
  <Prezzi>
    <Data>20170113</Data>
    <Mercato>MGP</Mercato>
    <Ora>11</Ora>
    <PUN>91,123760</PUN>
    <NAT>85,680000</NAT>
    <CNOR>104,480000</CNOR>
    <CSUD>60,000000</CSUD>
    <NORD>104,480000</NORD>
    <SARD>60,000000</SARD>
    <SICI>60,000000</SICI>
    <SUD>60,000000</SUD>
    <AUST>104,480000</AUST>
    <BRNN>60,000000</BRNN>
    <COAC>60,000000</COAC>
    <CORS>104,480000</CORS>
    <FOGN>60,000000</FOGN>
    <FRAN>104,480000</FRAN>
    <GREC>60,000000</GREC>
    <MFTV>104,480000</MFTV>
    <PRGP>60,000000</PRGP>
    <ROSN>60,000000</ROSN>
    <SLOV>104,480000</SLOV>
    <SVIZ>104,480000</SVIZ>
    <BSP>104,480000</BSP>
    <MALT>60,000000</MALT>
    <XAUS>104,480000</XAUS>
    <XFRA>104,480000</XFRA>
  </Prezzi>
  <Prezzi>
    <Data>20170113</Data>
    <Mercato>MGP</Mercato>
    <Ora>12</Ora>
    <PUN>94,170000</PUN>
    <NAT>82,000000</NAT>
    <CNOR>110,318880</CNOR>
    <CSUD>56,990000</CSUD>
    <NORD>110,318880</NORD>
    <SARD>56,990000</SARD>
    <SICI>56,990000</SICI>
    <SUD>56,990000</SUD>
    <AUST>110,318880</AUST>
    <BRNN>56,990000</BRNN>
    <COAC>56,990000</COAC>
    <CORS>110,318880</CORS>
    <FOGN>56,990000</FOGN>
    <FRAN>110,318880</FRAN>
    <GREC>56,990000</GREC>
    <MFTV>110,318880</MFTV>
    <PRGP>56,990000</PRGP>
    <ROSN>56,990000</ROSN>
    <SLOV>110,318880</SLOV>
    <SVIZ>110,318880</SVIZ>
    <BSP>110,318880</BSP>
    <MALT>56,990000</MALT>
    <XAUS>110,318880</XAUS>
    <XFRA>110,318880</XFRA>
  </Prezzi>
  <Prezzi>
    <Data>20170113</Data>
    <Mercato>MGP</Mercato>
    <Ora>13</Ora>
    <PUN>83,960000</PUN>
    <NAT>79,000000</NAT>
    <CNOR>96,477090</CNOR>
    <CSUD>56,990000</CSUD>
    <NORD>96,477090</NORD>
    <SARD>56,990000</SARD>
    <SICI>56,990000</SICI>
    <SUD>56,990000</SUD>
    <AUST>96,477090</AUST>
    <BRNN>56,990000</BRNN>
    <COAC>56,990000</COAC>
    <CORS>96,477090</CORS>
    <FOGN>56,990000</FOGN>
    <FRAN>96,477090</FRAN>
    <GREC>56,990000</GREC>
    <MFTV>96,477090</MFTV>
    <PRGP>56,990000</PRGP>
    <ROSN>56,990000</ROSN>
    <SLOV>96,477090</SLOV>
    <SVIZ>96,477090</SVIZ>
    <BSP>96,477090</BSP>
    <MALT>56,990000</MALT>
    <XAUS>96,477090</XAUS>
    <XFRA>96,477090</XFRA>
  </Prezzi>
  <Prezzi>
    <Data>20170113</Data>
    <Mercato>MGP</Mercato>
    <Ora>14</Ora>
    <PUN>85,440000</PUN>
    <NAT>72,990000</NAT>
    <CNOR>81,190000</CNOR>
    <CSUD>56,000000</CSUD>
    <NORD>102,160660</NORD>
    <SARD>56,000000</SARD>
    <SICI>56,000000</SICI>
    <SUD>56,000000</SUD>
    <AUST>102,160660</AUST>
    <BRNN>56,000000</BRNN>
    <COAC>56,000000</COAC>
    <CORS>81,190000</CORS>
    <FOGN>56,000000</FOGN>
    <FRAN>102,160660</FRAN>
    <GREC>56,000000</GREC>
    <MFTV>102,160660</MFTV>
    <PRGP>56,000000</PRGP>
    <ROSN>56,000000</ROSN>
    <SLOV>102,160660</SLOV>
    <SVIZ>102,160660</SVIZ>
    <BSP>102,160660</BSP>
    <MALT>56,000000</MALT>
    <XAUS>102,160660</XAUS>
    <XFRA>102,160660</XFRA>
  </Prezzi>
  <Prezzi>
    <Data>20170113</Data>
    <Mercato>MGP</Mercato>
    <Ora>15</Ora>
    <PUN>83,193200</PUN>
    <NAT>75,630000</NAT>
    <CNOR>94,750000</CNOR>
    <CSUD>56,990000</CSUD>
    <NORD>94,750000</NORD>
    <SARD>56,990000</SARD>
    <SICI>56,990000</SICI>
    <SUD>56,990000</SUD>
    <AUST>94,750000</AUST>
    <BRNN>56,990000</BRNN>
    <COAC>56,990000</COAC>
    <CORS>94,750000</CORS>
    <FOGN>56,990000</FOGN>
    <FRAN>94,750000</FRAN>
    <GREC>56,990000</GREC>
    <MFTV>94,750000</MFTV>
    <PRGP>56,990000</PRGP>
    <ROSN>56,990000</ROSN>
    <SLOV>94,750000</SLOV>
    <SVIZ>94,750000</SVIZ>
    <BSP>94,750000</BSP>
    <MALT>56,990000</MALT>
    <XAUS>94,750000</XAUS>
    <XFRA>94,750000</XFRA>
  </Prezzi>
  <Prezzi>
    <Data>20170113</Data>
    <Mercato>MGP</Mercato>
    <Ora>16</Ora>
    <PUN>83,996570</PUN>
    <NAT>76,010000</NAT>
    <CNOR>96,020000</CNOR>
    <CSUD>56,990000</CSUD>
    <NORD>96,020000</NORD>
    <SARD>56,990000</SARD>
    <SICI>56,990000</SICI>
    <SUD>56,990000</SUD>
    <AUST>96,020000</AUST>
    <BRNN>56,990000</BRNN>
    <COAC>56,990000</COAC>
    <CORS>96,020000</CORS>
    <FOGN>56,990000</FOGN>
    <FRAN>96,020000</FRAN>
    <GREC>56,990000</GREC>
    <MFTV>96,020000</MFTV>
    <PRGP>56,990000</PRGP>
    <ROSN>56,990000</ROSN>
    <SLOV>96,020000</SLOV>
    <SVIZ>96,020000</SVIZ>
    <BSP>96,020000</BSP>
    <MALT>56,990000</MALT>
    <XAUS>96,020000</XAUS>
    <XFRA>96,020000</XFRA>
  </Prezzi>
  <Prezzi>
    <Data>20170113</Data>
    <Mercato>MGP</Mercato>
    <Ora>17</Ora>
    <PUN>83,849050</PUN>
    <NAT>79,080000</NAT>
    <CNOR>95,000000</CNOR>
    <CSUD>59,470000</CSUD>
    <NORD>95,000000</NORD>
    <SARD>59,470000</SARD>
    <SICI>59,470000</SICI>
    <SUD>59,470000</SUD>
    <AUST>95,000000</AUST>
    <BRNN>59,470000</BRNN>
    <COAC>59,470000</COAC>
    <CORS>95,000000</CORS>
    <FOGN>59,470000</FOGN>
    <FRAN>95,000000</FRAN>
    <GREC>59,470000</GREC>
    <MFTV>95,000000</MFTV>
    <PRGP>59,470000</PRGP>
    <ROSN>59,470000</ROSN>
    <SLOV>95,000000</SLOV>
    <SVIZ>95,000000</SVIZ>
    <BSP>95,000000</BSP>
    <MALT>59,470000</MALT>
    <XAUS>95,000000</XAUS>
    <XFRA>95,000000</XFRA>
  </Prezzi>
  <Prezzi>
    <Data>20170113</Data>
    <Mercato>MGP</Mercato>
    <Ora>18</Ora>
    <PUN>93,179730</PUN>
    <NAT>87,180000</NAT>
    <CNOR>105,440000</CNOR>
    <CSUD>69,000000</CSUD>
    <NORD>105,440000</NORD>
    <SARD>69,000000</SARD>
    <SICI>69,000000</SICI>
    <SUD>69,000000</SUD>
    <AUST>105,440000</AUST>
    <BRNN>69,000000</BRNN>
    <COAC>69,000000</COAC>
    <CORS>105,440000</CORS>
    <FOGN>69,000000</FOGN>
    <FRAN>105,440000</FRAN>
    <GREC>69,000000</GREC>
    <MFTV>105,440000</MFTV>
    <PRGP>69,000000</PRGP>
    <ROSN>69,000000</ROSN>
    <SLOV>105,440000</SLOV>
    <SVIZ>105,440000</SVIZ>
    <BSP>105,440000</BSP>
    <MALT>69,000000</MALT>
    <XAUS>105,440000</XAUS>
    <XFRA>105,440000</XFRA>
  </Prezzi>
  <Prezzi>
    <Data>20170113</Data>
    <Mercato>MGP</Mercato>
    <Ora>19</Ora>
    <PUN>93,760000</PUN>
    <NAT>91,580000</NAT>
    <CNOR>105,822420</CNOR>
    <CSUD>70,030000</CSUD>
    <NORD>105,822420</NORD>
    <SARD>70,030000</SARD>
    <SICI>72,640000</SICI>
    <SUD>70,030000</SUD>
    <AUST>105,822420</AUST>
    <BRNN>70,030000</BRNN>
    <COAC>70,030000</COAC>
    <CORS>105,822420</CORS>
    <FOGN>70,030000</FOGN>
    <FRAN>105,822420</FRAN>
    <GREC>70,030000</GREC>
    <MFTV>105,822420</MFTV>
    <PRGP>72,640000</PRGP>
    <ROSN>70,030000</ROSN>
    <SLOV>105,822420</SLOV>
    <SVIZ>105,822420</SVIZ>
    <BSP>105,822420</BSP>
    <MALT>72,640000</MALT>
    <XAUS>105,822420</XAUS>
    <XFRA>105,822420</XFRA>
  </Prezzi>
  <Prezzi>
    <Data>20170113</Data>
    <Mercato>MGP</Mercato>
    <Ora>20</Ora>
    <PUN>86,772440</PUN>
    <NAT>87,840000</NAT>
    <CNOR>96,020000</CNOR>
    <CSUD>69,210000</CSUD>
    <NORD>96,020000</NORD>
    <SARD>69,210000</SARD>
    <SICI>72,260000</SICI>
    <SUD>69,210000</SUD>
    <AUST>96,020000</AUST>
    <BRNN>69,210000</BRNN>
    <COAC>69,210000</COAC>
    <CORS>96,020000</CORS>
    <FOGN>69,210000</FOGN>
    <FRAN>96,020000</FRAN>
    <GREC>69,210000</GREC>
    <MFTV>96,020000</MFTV>
    <PRGP>72,260000</PRGP>
    <ROSN>69,210000</ROSN>
    <SLOV>96,020000</SLOV>
    <SVIZ>96,020000</SVIZ>
    <BSP>96,020000</BSP>
    <MALT>72,260000</MALT>
    <XAUS>96,020000</XAUS>
    <XFRA>96,020000</XFRA>
  </Prezzi>
  <Prezzi>
    <Data>20170113</Data>
    <Mercato>MGP</Mercato>
    <Ora>21</Ora>
    <PUN>81,021270</PUN>
    <NAT>80,000000</NAT>
    <CNOR>87,760000</CNOR>
    <CSUD>69,000000</CSUD>
    <NORD>87,760000</NORD>
    <SARD>69,000000</SARD>
    <SICI>69,000000</SICI>
    <SUD>69,000000</SUD>
    <AUST>87,760000</AUST>
    <BRNN>69,000000</BRNN>
    <COAC>69,000000</COAC>
    <CORS>87,760000</CORS>
    <FOGN>69,000000</FOGN>
    <FRAN>87,760000</FRAN>
    <GREC>69,000000</GREC>
    <MFTV>87,760000</MFTV>
    <PRGP>69,000000</PRGP>
    <ROSN>69,000000</ROSN>
    <SLOV>87,760000</SLOV>
    <SVIZ>87,760000</SVIZ>
    <BSP>87,760000</BSP>
    <MALT>69,000000</MALT>
    <XAUS>87,760000</XAUS>
    <XFRA>87,760000</XFRA>
  </Prezzi>
  <Prezzi>
    <Data>20170113</Data>
    <Mercato>MGP</Mercato>
    <Ora>22</Ora>
    <PUN>74,078950</PUN>
    <NAT>71,010000</NAT>
    <CNOR>81,670000</CNOR>
    <CSUD>60,000000</CSUD>
    <NORD>81,670000</NORD>
    <SARD>60,000000</SARD>
    <SICI>62,360000</SICI>
    <SUD>60,000000</SUD>
    <AUST>81,670000</AUST>
    <BRNN>60,000000</BRNN>
    <COAC>60,000000</COAC>
    <CORS>81,670000</CORS>
    <FOGN>60,000000</FOGN>
    <FRAN>81,670000</FRAN>
    <GREC>60,000000</GREC>
    <MFTV>81,670000</MFTV>
    <PRGP>62,360000</PRGP>
    <ROSN>60,000000</ROSN>
    <SLOV>81,670000</SLOV>
    <SVIZ>81,670000</SVIZ>
    <BSP>81,670000</BSP>
    <MALT>62,360000</MALT>
    <XAUS>81,670000</XAUS>
    <XFRA>81,670000</XFRA>
  </Prezzi>
  <Prezzi>
    <Data>20170113</Data>
    <Mercato>MGP</Mercato>
    <Ora>23</Ora>
    <PUN>72,657640</PUN>
    <NAT>65,100000</NAT>
    <CNOR>81,000000</CNOR>
    <CSUD>56,000000</CSUD>
    <NORD>81,900000</NORD>
    <SARD>56,000000</SARD>
    <SICI>56,000000</SICI>
    <SUD>56,000000</SUD>
    <AUST>81,900000</AUST>
    <BRNN>56,000000</BRNN>
    <COAC>56,000000</COAC>
    <CORS>81,000000</CORS>
    <FOGN>56,000000</FOGN>
    <FRAN>81,900000</FRAN>
    <GREC>56,000000</GREC>
    <MFTV>81,900000</MFTV>
    <PRGP>56,000000</PRGP>
    <ROSN>56,000000</ROSN>
    <SLOV>81,900000</SLOV>
    <SVIZ>81,900000</SVIZ>
    <BSP>81,900000</BSP>
    <MALT>56,000000</MALT>
    <XAUS>81,900000</XAUS>
    <XFRA>81,900000</XFRA>
  </Prezzi>
  <Prezzi>
    <Data>20170113</Data>
    <Mercato>MGP</Mercato>
    <Ora>24</Ora>
    <PUN>69,338990</PUN>
    <NAT>56,000000</NAT>
    <CNOR>66,990000</CNOR>
    <CSUD>44,890000</CSUD>
    <NORD>84,550000</NORD>
    <SARD>44,890000</SARD>
    <SICI>44,890000</SICI>
    <SUD>44,890000</SUD>
    <AUST>84,550000</AUST>
    <BRNN>44,890000</BRNN>
    <COAC>44,890000</COAC>
    <CORS>66,990000</CORS>
    <FOGN>44,890000</FOGN>
    <FRAN>84,550000</FRAN>
    <GREC>44,890000</GREC>
    <MFTV>84,550000</MFTV>
    <PRGP>44,890000</PRGP>
    <ROSN>44,890000</ROSN>
    <SLOV>84,550000</SLOV>
    <SVIZ>84,550000</SVIZ>
    <BSP>84,550000</BSP>
    <MALT>44,890000</MALT>
    <XAUS>84,550000</XAUS>
    <XFRA>84,550000</XFRA>
  </Prezzi>
</NewDataSet>