<?xml version="1.0" standalone="yes"?>
<NewDataSet>
  <xs:schema id="NewDataSet" xmlns="" xmlns:xs="http://www.w3.org/2001/XMLSchema" xmlns:msdata="urn:schemas-microsoft-com:xml-msdata">
    <xs:element name="NewDataSet" msdata:IsDataSet="true" msdata:UseCurrentLocale="true">
      <xs:complexType>
        <xs:choice minOccurs="0" maxOccurs="unbounded">
          <xs:element name="Prezzi">
            <xs:complexType>
              <xs:sequence>
                <xs:element name="Data" type="xs:string" minOccurs="0" />
                <xs:element name="Mercato" type="xs:string" minOccurs="0" />
                <xs:element name="Ora" type="xs:string" minOccurs="0" />
                <xs:element name="PUN" type="xs:string" minOccurs="0" />
                <xs:element name="NAT" type="xs:string" minOccurs="0" />
                <xs:element name="CNOR" type="xs:string" minOccurs="0" />
                <xs:element name="CSUD" type="xs:string" minOccurs="0" />
                <xs:element name="NORD" type="xs:string" minOccurs="0" />
                <xs:element name="SARD" type="xs:string" minOccurs="0" />
                <xs:element name="SICI" type="xs:string" minOccurs="0" />
                <xs:element name="SUD" type="xs:string" minOccurs="0" />
                <xs:element name="AUST" type="xs:string" minOccurs="0" />
                <xs:element name="BRNN" type="xs:string" minOccurs="0" />
                <xs:element name="COAC" type="xs:string" minOccurs="0" />
                <xs:element name="CORS" type="xs:string" minOccurs="0" />
                <xs:element name="FOGN" type="xs:string" minOccurs="0" />
                <xs:element name="FRAN" type="xs:string" minOccurs="0" />
                <xs:element name="GREC" type="xs:string" minOccurs="0" />
                <xs:element name="MFTV" type="xs:string" minOccurs="0" />
                <xs:element name="PRGP" type="xs:string" minOccurs="0" />
                <xs:element name="ROSN" type="xs:string" minOccurs="0" />
                <xs:element name="SLOV" type="xs:string" minOccurs="0" />
                <xs:element name="SVIZ" type="xs:string" minOccurs="0" />
                <xs:element name="BSP" type="xs:string" minOccurs="0" />
                <xs:element name="MALT" type="xs:string" minOccurs="0" />
                <xs:element name="XAUS" type="xs:string" minOccurs="0" />
                <xs:element name="XFRA" type="xs:string" minOccurs="0" />
              </xs:sequence>
            </xs:complexType>
          </xs:element>
        </xs:choice>
      </xs:complexType>
    </xs:element>
  </xs:schema>
  <Prezzi>
    <Data>20170103</Data>
    <Mercato>MGP</Mercato>
    <Ora>1</Ora>
    <PUN>50,560000</PUN>
    <NAT>50,560000</NAT>
    <CNOR>50,560000</CNOR>
    <CSUD>50,560000</CSUD>
    <NORD>50,560000</NORD>
    <SARD>50,560000</SARD>
    <SICI>50,560000</SICI>
    <SUD>50,560000</SUD>
    <AUST>50,560000</AUST>
    <BRNN>50,560000</BRNN>
    <COAC>50,560000</COAC>
    <CORS>50,560000</CORS>
    <FOGN>50,560000</FOGN>
    <FRAN>50,560000</FRAN>
    <GREC>50,560000</GREC>
    <MFTV>50,560000</MFTV>
    <PRGP>50,560000</PRGP>
    <ROSN>50,560000</ROSN>
    <SLOV>50,560000</SLOV>
    <SVIZ>50,560000</SVIZ>
    <BSP>50,560000</BSP>
    <MALT>50,560000</MALT>
    <XAUS>50,560000</XAUS>
    <XFRA>50,560000</XFRA>
  </Prezzi>
  <Prezzi>
    <Data>20170103</Data>
    <Mercato>MGP</Mercato>
    <Ora>2</Ora>
    <PUN>47,090000</PUN>
    <NAT>47,090000</NAT>
    <CNOR>47,090000</CNOR>
    <CSUD>47,090000</CSUD>
    <NORD>47,090000</NORD>
    <SARD>47,090000</SARD>
    <SICI>47,090000</SICI>
    <SUD>47,090000</SUD>
    <AUST>47,090000</AUST>
    <BRNN>47,090000</BRNN>
    <COAC>47,090000</COAC>
    <CORS>47,090000</CORS>
    <FOGN>47,090000</FOGN>
    <FRAN>47,090000</FRAN>
    <GREC>47,090000</GREC>
    <MFTV>47,090000</MFTV>
    <PRGP>47,090000</PRGP>
    <ROSN>47,090000</ROSN>
    <SLOV>47,090000</SLOV>
    <SVIZ>47,090000</SVIZ>
    <BSP>47,090000</BSP>
    <MALT>47,090000</MALT>
    <XAUS>47,090000</XAUS>
    <XFRA>47,090000</XFRA>
  </Prezzi>
  <Prezzi>
    <Data>20170103</Data>
    <Mercato>MGP</Mercato>
    <Ora>3</Ora>
    <PUN>44,430000</PUN>
    <NAT>44,430000</NAT>
    <CNOR>44,430000</CNOR>
    <CSUD>44,430000</CSUD>
    <NORD>44,430000</NORD>
    <SARD>44,430000</SARD>
    <SICI>44,430000</SICI>
    <SUD>44,430000</SUD>
    <AUST>44,430000</AUST>
    <BRNN>44,430000</BRNN>
    <COAC>44,430000</COAC>
    <CORS>44,430000</CORS>
    <FOGN>44,430000</FOGN>
    <FRAN>44,430000</FRAN>
    <GREC>44,430000</GREC>
    <MFTV>44,430000</MFTV>
    <PRGP>44,430000</PRGP>
    <ROSN>44,430000</ROSN>
    <SLOV>44,430000</SLOV>
    <SVIZ>44,430000</SVIZ>
    <BSP>44,430000</BSP>
    <MALT>44,430000</MALT>
    <XAUS>44,430000</XAUS>
    <XFRA>44,430000</XFRA>
  </Prezzi>
  <Prezzi>
    <Data>20170103</Data>
    <Mercato>MGP</Mercato>
    <Ora>4</Ora>
    <PUN>44,696500</PUN>
    <NAT>44,290000</NAT>
    <CNOR>45,000000</CNOR>
    <CSUD>44,150000</CSUD>
    <NORD>45,000000</NORD>
    <SARD>44,150000</SARD>
    <SICI>44,150000</SICI>
    <SUD>44,150000</SUD>
    <AUST>45,000000</AUST>
    <BRNN>44,150000</BRNN>
    <COAC>44,150000</COAC>
    <CORS>45,000000</CORS>
    <FOGN>44,150000</FOGN>
    <FRAN>45,000000</FRAN>
    <GREC>44,150000</GREC>
    <MFTV>45,000000</MFTV>
    <PRGP>44,150000</PRGP>
    <ROSN>44,150000</ROSN>
    <SLOV>45,000000</SLOV>
    <SVIZ>45,000000</SVIZ>
    <BSP>45,000000</BSP>
    <MALT>44,150000</MALT>
    <XAUS>45,000000</XAUS>
    <XFRA>45,000000</XFRA>
  </Prezzi>
  <Prezzi>
    <Data>20170103</Data>
    <Mercato>MGP</Mercato>
    <Ora>5</Ora>
    <PUN>44,815360</PUN>
    <NAT>44,150000</NAT>
    <CNOR>45,180000</CNOR>
    <CSUD>44,150000</CSUD>
    <NORD>45,180000</NORD>
    <SARD>44,150000</SARD>
    <SICI>44,150000</SICI>
    <SUD>44,150000</SUD>
    <AUST>45,180000</AUST>
    <BRNN>44,150000</BRNN>
    <COAC>44,150000</COAC>
    <CORS>45,180000</CORS>
    <FOGN>44,150000</FOGN>
    <FRAN>45,180000</FRAN>
    <GREC>44,150000</GREC>
    <MFTV>45,180000</MFTV>
    <PRGP>44,150000</PRGP>
    <ROSN>44,150000</ROSN>
    <SLOV>45,180000</SLOV>
    <SVIZ>45,180000</SVIZ>
    <BSP>45,180000</BSP>
    <MALT>44,150000</MALT>
    <XAUS>45,180000</XAUS>
    <XFRA>45,180000</XFRA>
  </Prezzi>
  <Prezzi>
    <Data>20170103</Data>
    <Mercato>MGP</Mercato>
    <Ora>6</Ora>
    <PUN>46,128020</PUN>
    <NAT>46,000000</NAT>
    <CNOR>46,740000</CNOR>
    <CSUD>45,000000</CSUD>
    <NORD>46,740000</NORD>
    <SARD>45,000000</SARD>
    <SICI>45,000000</SICI>
    <SUD>45,000000</SUD>
    <AUST>46,740000</AUST>
    <BRNN>45,000000</BRNN>
    <COAC>45,000000</COAC>
    <CORS>46,740000</CORS>
    <FOGN>45,000000</FOGN>
    <FRAN>46,740000</FRAN>
    <GREC>45,000000</GREC>
    <MFTV>46,740000</MFTV>
    <PRGP>45,000000</PRGP>
    <ROSN>45,000000</ROSN>
    <SLOV>46,740000</SLOV>
    <SVIZ>46,740000</SVIZ>
    <BSP>46,740000</BSP>
    <MALT>45,000000</MALT>
    <XAUS>46,740000</XAUS>
    <XFRA>46,740000</XFRA>
  </Prezzi>
  <Prezzi>
    <Data>20170103</Data>
    <Mercato>MGP</Mercato>
    <Ora>7</Ora>
    <PUN>52,985410</PUN>
    <NAT>51,830000</NAT>
    <CNOR>55,000000</CNOR>
    <CSUD>49,150000</CSUD>
    <NORD>55,000000</NORD>
    <SARD>49,150000</SARD>
    <SICI>49,150000</SICI>
    <SUD>49,150000</SUD>
    <AUST>55,000000</AUST>
    <BRNN>49,150000</BRNN>
    <COAC>49,150000</COAC>
    <CORS>55,000000</CORS>
    <FOGN>49,150000</FOGN>
    <FRAN>55,000000</FRAN>
    <GREC>49,150000</GREC>
    <MFTV>55,000000</MFTV>
    <PRGP>49,150000</PRGP>
    <ROSN>49,150000</ROSN>
    <SLOV>55,000000</SLOV>
    <SVIZ>55,000000</SVIZ>
    <BSP>55,000000</BSP>
    <MALT>49,150000</MALT>
    <XAUS>55,000000</XAUS>
    <XFRA>55,000000</XFRA>
  </Prezzi>
  <Prezzi>
    <Data>20170103</Data>
    <Mercato>MGP</Mercato>
    <Ora>8</Ora>
    <PUN>58,088310</PUN>
    <NAT>55,400000</NAT>
    <CNOR>59,730000</CNOR>
    <CSUD>54,000000</CSUD>
    <NORD>59,730000</NORD>
    <SARD>54,000000</SARD>
    <SICI>59,060000</SICI>
    <SUD>54,000000</SUD>
    <AUST>59,730000</AUST>
    <BRNN>54,000000</BRNN>
    <COAC>54,000000</COAC>
    <CORS>59,730000</CORS>
    <FOGN>54,000000</FOGN>
    <FRAN>59,730000</FRAN>
    <GREC>54,000000</GREC>
    <MFTV>59,730000</MFTV>
    <PRGP>59,060000</PRGP>
    <ROSN>54,000000</ROSN>
    <SLOV>59,730000</SLOV>
    <SVIZ>59,730000</SVIZ>
    <BSP>59,730000</BSP>
    <MALT>59,060000</MALT>
    <XAUS>59,730000</XAUS>
    <XFRA>59,730000</XFRA>
  </Prezzi>
  <Prezzi>
    <Data>20170103</Data>
    <Mercato>MGP</Mercato>
    <Ora>9</Ora>
    <PUN>59,569020</PUN>
    <NAT>55,490000</NAT>
    <CNOR>61,810000</CNOR>
    <CSUD>54,000000</CSUD>
    <NORD>61,810000</NORD>
    <SARD>54,000000</SARD>
    <SICI>60,820000</SICI>
    <SUD>54,000000</SUD>
    <AUST>61,810000</AUST>
    <BRNN>54,000000</BRNN>
    <COAC>54,000000</COAC>
    <CORS>61,810000</CORS>
    <FOGN>54,000000</FOGN>
    <FRAN>61,810000</FRAN>
    <GREC>54,000000</GREC>
    <MFTV>61,810000</MFTV>
    <PRGP>60,820000</PRGP>
    <ROSN>54,000000</ROSN>
    <SLOV>61,810000</SLOV>
    <SVIZ>61,810000</SVIZ>
    <BSP>61,810000</BSP>
    <MALT>60,820000</MALT>
    <XAUS>61,810000</XAUS>
    <XFRA>61,810000</XFRA>
  </Prezzi>
  <Prezzi>
    <Data>20170103</Data>
    <Mercato>MGP</Mercato>
    <Ora>10</Ora>
    <PUN>58,603810</PUN>
    <NAT>55,400000</NAT>
    <CNOR>54,000000</CNOR>
    <CSUD>54,000000</CSUD>
    <NORD>61,810000</NORD>
    <SARD>54,000000</SARD>
    <SICI>59,300000</SICI>
    <SUD>54,000000</SUD>
    <AUST>61,810000</AUST>
    <BRNN>54,000000</BRNN>
    <COAC>54,000000</COAC>
    <CORS>54,000000</CORS>
    <FOGN>54,000000</FOGN>
    <FRAN>61,810000</FRAN>
    <GREC>54,000000</GREC>
    <MFTV>61,810000</MFTV>
    <PRGP>59,300000</PRGP>
    <ROSN>54,000000</ROSN>
    <SLOV>61,810000</SLOV>
    <SVIZ>61,810000</SVIZ>
    <BSP>61,810000</BSP>
    <MALT>59,300000</MALT>
    <XAUS>61,810000</XAUS>
    <XFRA>61,810000</XFRA>
  </Prezzi>
  <Prezzi>
    <Data>20170103</Data>
    <Mercato>MGP</Mercato>
    <Ora>11</Ora>
    <PUN>57,912370</PUN>
    <NAT>55,000000</NAT>
    <CNOR>53,000000</CNOR>
    <CSUD>53,000000</CSUD>
    <NORD>61,940000</NORD>
    <SARD>53,000000</SARD>
    <SICI>53,000000</SICI>
    <SUD>53,000000</SUD>
    <AUST>61,940000</AUST>
    <BRNN>53,000000</BRNN>
    <COAC>53,000000</COAC>
    <CORS>53,000000</CORS>
    <FOGN>53,000000</FOGN>
    <FRAN>61,940000</FRAN>
    <GREC>53,000000</GREC>
    <MFTV>61,940000</MFTV>
    <PRGP>53,000000</PRGP>
    <ROSN>53,000000</ROSN>
    <SLOV>61,940000</SLOV>
    <SVIZ>61,940000</SVIZ>
    <BSP>61,940000</BSP>
    <MALT>53,000000</MALT>
    <XAUS>61,940000</XAUS>
    <XFRA>61,940000</XFRA>
  </Prezzi>
  <Prezzi>
    <Data>20170103</Data>
    <Mercato>MGP</Mercato>
    <Ora>12</Ora>
    <PUN>58,456370</PUN>
    <NAT>55,000000</NAT>
    <CNOR>51,830000</CNOR>
    <CSUD>51,830000</CSUD>
    <NORD>63,800000</NORD>
    <SARD>51,830000</SARD>
    <SICI>51,830000</SICI>
    <SUD>51,830000</SUD>
    <AUST>63,800000</AUST>
    <BRNN>51,830000</BRNN>
    <COAC>51,830000</COAC>
    <CORS>51,830000</CORS>
    <FOGN>51,830000</FOGN>
    <FRAN>63,800000</FRAN>
    <GREC>51,830000</GREC>
    <MFTV>63,800000</MFTV>
    <PRGP>51,830000</PRGP>
    <ROSN>51,830000</ROSN>
    <SLOV>63,800000</SLOV>
    <SVIZ>63,800000</SVIZ>
    <BSP>63,800000</BSP>
    <MALT>51,830000</MALT>
    <XAUS>63,800000</XAUS>
    <XFRA>63,800000</XFRA>
  </Prezzi>
  <Prezzi>
    <Data>20170103</Data>
    <Mercato>MGP</Mercato>
    <Ora>13</Ora>
    <PUN>54,881410</PUN>
    <NAT>54,000000</NAT>
    <CNOR>51,830000</CNOR>
    <CSUD>51,830000</CSUD>
    <NORD>57,490000</NORD>
    <SARD>51,830000</SARD>
    <SICI>51,830000</SICI>
    <SUD>51,830000</SUD>
    <AUST>57,490000</AUST>
    <BRNN>51,830000</BRNN>
    <COAC>51,830000</COAC>
    <CORS>51,830000</CORS>
    <FOGN>51,830000</FOGN>
    <FRAN>57,490000</FRAN>
    <GREC>51,830000</GREC>
    <MFTV>57,490000</MFTV>
    <PRGP>51,830000</PRGP>
    <ROSN>51,830000</ROSN>
    <SLOV>57,490000</SLOV>
    <SVIZ>57,490000</SVIZ>
    <BSP>57,490000</BSP>
    <MALT>51,830000</MALT>
    <XAUS>57,490000</XAUS>
    <XFRA>57,490000</XFRA>
  </Prezzi>
  <Prezzi>
    <Data>20170103</Data>
    <Mercato>MGP</Mercato>
    <Ora>14</Ora>
    <PUN>54,670520</PUN>
    <NAT>54,000000</NAT>
    <CNOR>52,830000</CNOR>
    <CSUD>52,000000</CSUD>
    <NORD>56,740000</NORD>
    <SARD>52,000000</SARD>
    <SICI>52,000000</SICI>
    <SUD>52,000000</SUD>
    <AUST>56,740000</AUST>
    <BRNN>52,000000</BRNN>
    <COAC>52,000000</COAC>
    <CORS>52,830000</CORS>
    <FOGN>52,000000</FOGN>
    <FRAN>56,740000</FRAN>
    <GREC>52,000000</GREC>
    <MFTV>56,740000</MFTV>
    <PRGP>52,000000</PRGP>
    <ROSN>52,000000</ROSN>
    <SLOV>56,740000</SLOV>
    <SVIZ>56,740000</SVIZ>
    <BSP>56,740000</BSP>
    <MALT>52,000000</MALT>
    <XAUS>56,740000</XAUS>
    <XFRA>56,740000</XFRA>
  </Prezzi>
  <Prezzi>
    <Data>20170103</Data>
    <Mercato>MGP</Mercato>
    <Ora>15</Ora>
    <PUN>57,430120</PUN>
    <NAT>55,280000</NAT>
    <CNOR>55,490000</CNOR>
    <CSUD>54,000000</CSUD>
    <NORD>60,000000</NORD>
    <SARD>54,000000</SARD>
    <SICI>54,000000</SICI>
    <SUD>54,000000</SUD>
    <AUST>60,000000</AUST>
    <BRNN>54,000000</BRNN>
    <COAC>54,000000</COAC>
    <CORS>55,490000</CORS>
    <FOGN>54,000000</FOGN>
    <FRAN>60,000000</FRAN>
    <GREC>54,000000</GREC>
    <MFTV>60,000000</MFTV>
    <PRGP>54,000000</PRGP>
    <ROSN>54,000000</ROSN>
    <SLOV>60,000000</SLOV>
    <SVIZ>60,000000</SVIZ>
    <BSP>60,000000</BSP>
    <MALT>54,000000</MALT>
    <XAUS>60,000000</XAUS>
    <XFRA>60,000000</XFRA>
  </Prezzi>
  <Prezzi>
    <Data>20170103</Data>
    <Mercato>MGP</Mercato>
    <Ora>16</Ora>
    <PUN>60,540040</PUN>
    <NAT>56,740000</NAT>
    <CNOR>64,010000</CNOR>
    <CSUD>54,000000</CSUD>
    <NORD>64,010000</NORD>
    <SARD>54,000000</SARD>
    <SICI>54,000000</SICI>
    <SUD>54,000000</SUD>
    <AUST>64,010000</AUST>
    <BRNN>54,000000</BRNN>
    <COAC>54,000000</COAC>
    <CORS>64,010000</CORS>
    <FOGN>54,000000</FOGN>
    <FRAN>64,010000</FRAN>
    <GREC>54,000000</GREC>
    <MFTV>64,010000</MFTV>
    <PRGP>54,000000</PRGP>
    <ROSN>54,000000</ROSN>
    <SLOV>64,010000</SLOV>
    <SVIZ>64,010000</SVIZ>
    <BSP>64,010000</BSP>
    <MALT>54,000000</MALT>
    <XAUS>64,010000</XAUS>
    <XFRA>64,010000</XFRA>
  </Prezzi>
  <Prezzi>
    <Data>20170103</Data>
    <Mercato>MGP</Mercato>
    <Ora>17</Ora>
    <PUN>62,689730</PUN>
    <NAT>61,810000</NAT>
    <CNOR>55,490000</CNOR>
    <CSUD>55,000000</CSUD>
    <NORD>68,940000</NORD>
    <SARD>55,000000</SARD>
    <SICI>57,360000</SICI>
    <SUD>55,000000</SUD>
    <AUST>68,940000</AUST>
    <BRNN>55,000000</BRNN>
    <COAC>55,000000</COAC>
    <CORS>55,490000</CORS>
    <FOGN>55,000000</FOGN>
    <FRAN>68,940000</FRAN>
    <GREC>55,000000</GREC>
    <MFTV>68,940000</MFTV>
    <PRGP>57,360000</PRGP>
    <ROSN>55,000000</ROSN>
    <SLOV>68,940000</SLOV>
    <SVIZ>68,940000</SVIZ>
    <BSP>68,940000</BSP>
    <MALT>57,360000</MALT>
    <XAUS>68,940000</XAUS>
    <XFRA>68,940000</XFRA>
  </Prezzi>
  <Prezzi>
    <Data>20170103</Data>
    <Mercato>MGP</Mercato>
    <Ora>18</Ora>
    <PUN>67,010000</PUN>
    <NAT>67,010000</NAT>
    <CNOR>67,010000</CNOR>
    <CSUD>67,010000</CSUD>
    <NORD>67,010000</NORD>
    <SARD>67,010000</SARD>
    <SICI>67,010000</SICI>
    <SUD>67,010000</SUD>
    <AUST>67,010000</AUST>
    <BRNN>67,010000</BRNN>
    <COAC>67,010000</COAC>
    <CORS>67,010000</CORS>
    <FOGN>67,010000</FOGN>
    <FRAN>67,010000</FRAN>
    <GREC>67,010000</GREC>
    <MFTV>67,010000</MFTV>
    <PRGP>67,010000</PRGP>
    <ROSN>67,010000</ROSN>
    <SLOV>67,010000</SLOV>
    <SVIZ>67,010000</SVIZ>
    <BSP>67,010000</BSP>
    <MALT>67,010000</MALT>
    <XAUS>67,010000</XAUS>
    <XFRA>67,010000</XFRA>
  </Prezzi>
  <Prezzi>
    <Data>20170103</Data>
    <Mercato>MGP</Mercato>
    <Ora>19</Ora>
    <PUN>63,568910</PUN>
    <NAT>65,600000</NAT>
    <CNOR>61,990000</CNOR>
    <CSUD>61,990000</CSUD>
    <NORD>61,990000</NORD>
    <SARD>61,990000</SARD>
    <SICI>85,620000</SICI>
    <SUD>61,990000</SUD>
    <AUST>61,990000</AUST>
    <BRNN>61,990000</BRNN>
    <COAC>61,990000</COAC>
    <CORS>61,990000</CORS>
    <FOGN>61,990000</FOGN>
    <FRAN>61,990000</FRAN>
    <GREC>61,990000</GREC>
    <MFTV>61,990000</MFTV>
    <PRGP>85,620000</PRGP>
    <ROSN>61,990000</ROSN>
    <SLOV>61,990000</SLOV>
    <SVIZ>61,990000</SVIZ>
    <BSP>61,990000</BSP>
    <MALT>85,620000</MALT>
    <XAUS>61,990000</XAUS>
    <XFRA>61,990000</XFRA>
  </Prezzi>
  <Prezzi>
    <Data>20170103</Data>
    <Mercato>MGP</Mercato>
    <Ora>20</Ora>
    <PUN>60,404490</PUN>
    <NAT>60,000000</NAT>
    <CNOR>58,500000</CNOR>
    <CSUD>58,500000</CSUD>
    <NORD>58,500000</NORD>
    <SARD>58,500000</SARD>
    <SICI>86,230000</SICI>
    <SUD>58,500000</SUD>
    <AUST>58,500000</AUST>
    <BRNN>58,500000</BRNN>
    <COAC>58,500000</COAC>
    <CORS>58,500000</CORS>
    <FOGN>58,500000</FOGN>
    <FRAN>58,500000</FRAN>
    <GREC>58,500000</GREC>
    <MFTV>58,500000</MFTV>
    <PRGP>86,230000</PRGP>
    <ROSN>58,500000</ROSN>
    <SLOV>58,500000</SLOV>
    <SVIZ>58,500000</SVIZ>
    <BSP>58,500000</BSP>
    <MALT>86,230000</MALT>
    <XAUS>58,500000</XAUS>
    <XFRA>58,500000</XFRA>
  </Prezzi>
  <Prezzi>
    <Data>20170103</Data>
    <Mercato>MGP</Mercato>
    <Ora>21</Ora>
    <PUN>61,940650</PUN>
    <NAT>61,790000</NAT>
    <CNOR>60,000000</CNOR>
    <CSUD>60,000000</CSUD>
    <NORD>60,000000</NORD>
    <SARD>60,000000</SARD>
    <SICI>86,230000</SICI>
    <SUD>60,000000</SUD>
    <AUST>60,000000</AUST>
    <BRNN>60,000000</BRNN>
    <COAC>60,000000</COAC>
    <CORS>60,000000</CORS>
    <FOGN>60,000000</FOGN>
    <FRAN>60,000000</FRAN>
    <GREC>60,000000</GREC>
    <MFTV>60,000000</MFTV>
    <PRGP>86,230000</PRGP>
    <ROSN>60,000000</ROSN>
    <SLOV>60,000000</SLOV>
    <SVIZ>60,000000</SVIZ>
    <BSP>60,000000</BSP>
    <MALT>86,230000</MALT>
    <XAUS>60,000000</XAUS>
    <XFRA>60,000000</XFRA>
  </Prezzi>
  <Prezzi>
    <Data>20170103</Data>
    <Mercato>MGP</Mercato>
    <Ora>22</Ora>
    <PUN>61,420510</PUN>
    <NAT>60,000000</NAT>
    <CNOR>59,470000</CNOR>
    <CSUD>59,470000</CSUD>
    <NORD>59,480000</NORD>
    <SARD>59,470000</SARD>
    <SICI>85,280000</SICI>
    <SUD>59,470000</SUD>
    <AUST>59,480000</AUST>
    <BRNN>59,470000</BRNN>
    <COAC>59,470000</COAC>
    <CORS>59,470000</CORS>
    <FOGN>59,470000</FOGN>
    <FRAN>59,480000</FRAN>
    <GREC>59,470000</GREC>
    <MFTV>59,480000</MFTV>
    <PRGP>85,280000</PRGP>
    <ROSN>59,470000</ROSN>
    <SLOV>59,480000</SLOV>
    <SVIZ>59,480000</SVIZ>
    <BSP>59,480000</BSP>
    <MALT>85,280000</MALT>
    <XAUS>59,480000</XAUS>
    <XFRA>59,480000</XFRA>
  </Prezzi>
  <Prezzi>
    <Data>20170103</Data>
    <Mercato>MGP</Mercato>
    <Ora>23</Ora>
    <PUN>58,974730</PUN>
    <NAT>55,400000</NAT>
    <CNOR>54,000000</CNOR>
    <CSUD>54,000000</CSUD>
    <NORD>63,000000</NORD>
    <SARD>54,000000</SARD>
    <SICI>58,830000</SICI>
    <SUD>54,000000</SUD>
    <AUST>63,000000</AUST>
    <BRNN>54,000000</BRNN>
    <COAC>54,000000</COAC>
    <CORS>54,000000</CORS>
    <FOGN>54,000000</FOGN>
    <FRAN>63,000000</FRAN>
    <GREC>54,000000</GREC>
    <MFTV>63,000000</MFTV>
    <PRGP>58,830000</PRGP>
    <ROSN>54,000000</ROSN>
    <SLOV>63,000000</SLOV>
    <SVIZ>63,000000</SVIZ>
    <BSP>63,000000</BSP>
    <MALT>58,830000</MALT>
    <XAUS>63,000000</XAUS>
    <XFRA>63,000000</XFRA>
  </Prezzi>
  <Prezzi>
    <Data>20170103</Data>
    <Mercato>MGP</Mercato>
    <Ora>24</Ora>
    <PUN>54,954910</PUN>
    <NAT>54,000000</NAT>
    <CNOR>53,000000</CNOR>
    <CSUD>53,000000</CSUD>
    <NORD>56,740000</NORD>
    <SARD>53,000000</SARD>
    <SICI>53,000000</SICI>
    <SUD>53,000000</SUD>
    <AUST>56,740000</AUST>
    <BRNN>53,000000</BRNN>
    <COAC>53,000000</COAC>
    <CORS>53,000000</CORS>
    <FOGN>53,000000</FOGN>
    <FRAN>56,740000</FRAN>
    <GREC>53,000000</GREC>
    <MFTV>56,740000</MFTV>
    <PRGP>53,000000</PRGP>
    <ROSN>53,000000</ROSN>
    <SLOV>56,740000</SLOV>
    <SVIZ>56,740000</SVIZ>
    <BSP>56,740000</BSP>
    <MALT>53,000000</MALT>
    <XAUS>56,740000</XAUS>
    <XFRA>56,740000</XFRA>
  </Prezzi>
</NewDataSet>