<?xml version="1.0" standalone="yes"?>
<NewDataSet>
  <xs:schema id="NewDataSet" xmlns="" xmlns:xs="http://www.w3.org/2001/XMLSchema" xmlns:msdata="urn:schemas-microsoft-com:xml-msdata">
    <xs:element name="NewDataSet" msdata:IsDataSet="true" msdata:UseCurrentLocale="true">
      <xs:complexType>
        <xs:choice minOccurs="0" maxOccurs="unbounded">
          <xs:element name="Prezzi">
            <xs:complexType>
              <xs:sequence>
                <xs:element name="Data" type="xs:string" minOccurs="0" />
                <xs:element name="Mercato" type="xs:string" minOccurs="0" />
                <xs:element name="Ora" type="xs:string" minOccurs="0" />
                <xs:element name="PUN" type="xs:string" minOccurs="0" />
                <xs:element name="NAT" type="xs:string" minOccurs="0" />
                <xs:element name="CNOR" type="xs:string" minOccurs="0" />
                <xs:element name="CSUD" type="xs:string" minOccurs="0" />
                <xs:element name="NORD" type="xs:string" minOccurs="0" />
                <xs:element name="SARD" type="xs:string" minOccurs="0" />
                <xs:element name="SICI" type="xs:string" minOccurs="0" />
                <xs:element name="SUD" type="xs:string" minOccurs="0" />
                <xs:element name="AUST" type="xs:string" minOccurs="0" />
                <xs:element name="BRNN" type="xs:string" minOccurs="0" />
                <xs:element name="COAC" type="xs:string" minOccurs="0" />
                <xs:element name="CORS" type="xs:string" minOccurs="0" />
                <xs:element name="FOGN" type="xs:string" minOccurs="0" />
                <xs:element name="FRAN" type="xs:string" minOccurs="0" />
                <xs:element name="GREC" type="xs:string" minOccurs="0" />
                <xs:element name="MFTV" type="xs:string" minOccurs="0" />
                <xs:element name="PRGP" type="xs:string" minOccurs="0" />
                <xs:element name="ROSN" type="xs:string" minOccurs="0" />
                <xs:element name="SLOV" type="xs:string" minOccurs="0" />
                <xs:element name="SVIZ" type="xs:string" minOccurs="0" />
                <xs:element name="BSP" type="xs:string" minOccurs="0" />
                <xs:element name="MALT" type="xs:string" minOccurs="0" />
                <xs:element name="XAUS" type="xs:string" minOccurs="0" />
                <xs:element name="XFRA" type="xs:string" minOccurs="0" />
              </xs:sequence>
            </xs:complexType>
          </xs:element>
        </xs:choice>
      </xs:complexType>
    </xs:element>
  </xs:schema>
  <Prezzi>
    <Data>20170101</Data>
    <Mercato>MGP</Mercato>
    <Ora>1</Ora>
    <PUN>53,296400</PUN>
    <NAT>53,000000</NAT>
    <CNOR>53,000000</CNOR>
    <CSUD>53,000000</CSUD>
    <NORD>53,000000</NORD>
    <SARD>53,000000</SARD>
    <SICI>57,160000</SICI>
    <SUD>53,000000</SUD>
    <AUST>53,000000</AUST>
    <BRNN>53,000000</BRNN>
    <COAC>53,000000</COAC>
    <CORS>53,000000</CORS>
    <FOGN>53,000000</FOGN>
    <FRAN>53,000000</FRAN>
    <GREC>53,000000</GREC>
    <MFTV>53,000000</MFTV>
    <PRGP>57,160000</PRGP>
    <ROSN>53,000000</ROSN>
    <SLOV>53,000000</SLOV>
    <SVIZ>53,000000</SVIZ>
    <BSP>53,000000</BSP>
    <MALT>57,160000</MALT>
    <XAUS>53,000000</XAUS>
    <XFRA>53,000000</XFRA>
  </Prezzi>
  <Prezzi>
    <Data>20170101</Data>
    <Mercato>MGP</Mercato>
    <Ora>2</Ora>
    <PUN>52,000000</PUN>
    <NAT>52,000000</NAT>
    <CNOR>52,000000</CNOR>
    <CSUD>52,000000</CSUD>
    <NORD>52,000000</NORD>
    <SARD>52,000000</SARD>
    <SICI>52,000000</SICI>
    <SUD>52,000000</SUD>
    <AUST>52,000000</AUST>
    <BRNN>52,000000</BRNN>
    <COAC>52,000000</COAC>
    <CORS>52,000000</CORS>
    <FOGN>52,000000</FOGN>
    <FRAN>52,000000</FRAN>
    <GREC>52,000000</GREC>
    <MFTV>52,000000</MFTV>
    <PRGP>52,000000</PRGP>
    <ROSN>52,000000</ROSN>
    <SLOV>52,000000</SLOV>
    <SVIZ>52,000000</SVIZ>
    <BSP>52,000000</BSP>
    <MALT>52,000000</MALT>
    <XAUS>52,000000</XAUS>
    <XFRA>52,000000</XFRA>
  </Prezzi>
  <Prezzi>
    <Data>20170101</Data>
    <Mercato>MGP</Mercato>
    <Ora>3</Ora>
    <PUN>51,000000</PUN>
    <NAT>51,000000</NAT>
    <CNOR>51,000000</CNOR>
    <CSUD>51,000000</CSUD>
    <NORD>51,000000</NORD>
    <SARD>51,000000</SARD>
    <SICI>51,000000</SICI>
    <SUD>51,000000</SUD>
    <AUST>51,000000</AUST>
    <BRNN>51,000000</BRNN>
    <COAC>51,000000</COAC>
    <CORS>51,000000</CORS>
    <FOGN>51,000000</FOGN>
    <FRAN>51,000000</FRAN>
    <GREC>51,000000</GREC>
    <MFTV>51,000000</MFTV>
    <PRGP>51,000000</PRGP>
    <ROSN>51,000000</ROSN>
    <SLOV>51,000000</SLOV>
    <SVIZ>51,000000</SVIZ>
    <BSP>51,000000</BSP>
    <MALT>51,000000</MALT>
    <XAUS>51,000000</XAUS>
    <XFRA>51,000000</XFRA>
  </Prezzi>
  <Prezzi>
    <Data>20170101</Data>
    <Mercato>MGP</Mercato>
    <Ora>4</Ora>
    <PUN>47,270000</PUN>
    <NAT>47,270000</NAT>
    <CNOR>47,270000</CNOR>
    <CSUD>47,270000</CSUD>
    <NORD>47,270000</NORD>
    <SARD>47,270000</SARD>
    <SICI>47,270000</SICI>
    <SUD>47,270000</SUD>
    <AUST>47,270000</AUST>
    <BRNN>47,270000</BRNN>
    <COAC>47,270000</COAC>
    <CORS>47,270000</CORS>
    <FOGN>47,270000</FOGN>
    <FRAN>47,270000</FRAN>
    <GREC>47,270000</GREC>
    <MFTV>47,270000</MFTV>
    <PRGP>47,270000</PRGP>
    <ROSN>47,270000</ROSN>
    <SLOV>47,270000</SLOV>
    <SVIZ>47,270000</SVIZ>
    <BSP>47,270000</BSP>
    <MALT>47,270000</MALT>
    <XAUS>47,270000</XAUS>
    <XFRA>47,270000</XFRA>
  </Prezzi>
  <Prezzi>
    <Data>20170101</Data>
    <Mercato>MGP</Mercato>
    <Ora>5</Ora>
    <PUN>45,490000</PUN>
    <NAT>45,490000</NAT>
    <CNOR>45,490000</CNOR>
    <CSUD>45,490000</CSUD>
    <NORD>45,490000</NORD>
    <SARD>45,490000</SARD>
    <SICI>45,490000</SICI>
    <SUD>45,490000</SUD>
    <AUST>45,490000</AUST>
    <BRNN>45,490000</BRNN>
    <COAC>45,490000</COAC>
    <CORS>45,490000</CORS>
    <FOGN>45,490000</FOGN>
    <FRAN>45,490000</FRAN>
    <GREC>45,490000</GREC>
    <MFTV>45,490000</MFTV>
    <PRGP>45,490000</PRGP>
    <ROSN>45,490000</ROSN>
    <SLOV>45,490000</SLOV>
    <SVIZ>45,490000</SVIZ>
    <BSP>45,490000</BSP>
    <MALT>45,490000</MALT>
    <XAUS>45,490000</XAUS>
    <XFRA>45,490000</XFRA>
  </Prezzi>
  <Prezzi>
    <Data>20170101</Data>
    <Mercato>MGP</Mercato>
    <Ora>6</Ora>
    <PUN>45,690000</PUN>
    <NAT>45,690000</NAT>
    <CNOR>45,690000</CNOR>
    <CSUD>45,690000</CSUD>
    <NORD>45,690000</NORD>
    <SARD>45,690000</SARD>
    <SICI>45,690000</SICI>
    <SUD>45,690000</SUD>
    <AUST>45,690000</AUST>
    <BRNN>45,690000</BRNN>
    <COAC>45,690000</COAC>
    <CORS>45,690000</CORS>
    <FOGN>45,690000</FOGN>
    <FRAN>45,690000</FRAN>
    <GREC>45,690000</GREC>
    <MFTV>45,690000</MFTV>
    <PRGP>45,690000</PRGP>
    <ROSN>45,690000</ROSN>
    <SLOV>45,690000</SLOV>
    <SVIZ>45,690000</SVIZ>
    <BSP>45,690000</BSP>
    <MALT>45,690000</MALT>
    <XAUS>45,690000</XAUS>
    <XFRA>45,690000</XFRA>
  </Prezzi>
  <Prezzi>
    <Data>20170101</Data>
    <Mercato>MGP</Mercato>
    <Ora>7</Ora>
    <PUN>48,070000</PUN>
    <NAT>48,070000</NAT>
    <CNOR>48,070000</CNOR>
    <CSUD>48,070000</CSUD>
    <NORD>48,070000</NORD>
    <SARD>48,070000</SARD>
    <SICI>48,070000</SICI>
    <SUD>48,070000</SUD>
    <AUST>48,070000</AUST>
    <BRNN>48,070000</BRNN>
    <COAC>48,070000</COAC>
    <CORS>48,070000</CORS>
    <FOGN>48,070000</FOGN>
    <FRAN>48,070000</FRAN>
    <GREC>48,070000</GREC>
    <MFTV>48,070000</MFTV>
    <PRGP>48,070000</PRGP>
    <ROSN>48,070000</ROSN>
    <SLOV>48,070000</SLOV>
    <SVIZ>48,070000</SVIZ>
    <BSP>48,070000</BSP>
    <MALT>48,070000</MALT>
    <XAUS>48,070000</XAUS>
    <XFRA>48,070000</XFRA>
  </Prezzi>
  <Prezzi>
    <Data>20170101</Data>
    <Mercato>MGP</Mercato>
    <Ora>8</Ora>
    <PUN>45,670000</PUN>
    <NAT>45,670000</NAT>
    <CNOR>45,670000</CNOR>
    <CSUD>45,670000</CSUD>
    <NORD>45,670000</NORD>
    <SARD>45,670000</SARD>
    <SICI>45,670000</SICI>
    <SUD>45,670000</SUD>
    <AUST>45,670000</AUST>
    <BRNN>45,670000</BRNN>
    <COAC>45,670000</COAC>
    <CORS>45,670000</CORS>
    <FOGN>45,670000</FOGN>
    <FRAN>45,670000</FRAN>
    <GREC>45,670000</GREC>
    <MFTV>45,670000</MFTV>
    <PRGP>45,670000</PRGP>
    <ROSN>45,670000</ROSN>
    <SLOV>45,670000</SLOV>
    <SVIZ>45,670000</SVIZ>
    <BSP>45,670000</BSP>
    <MALT>45,670000</MALT>
    <XAUS>45,670000</XAUS>
    <XFRA>45,670000</XFRA>
  </Prezzi>
  <Prezzi>
    <Data>20170101</Data>
    <Mercato>MGP</Mercato>
    <Ora>9</Ora>
    <PUN>45,480000</PUN>
    <NAT>45,480000</NAT>
    <CNOR>45,480000</CNOR>
    <CSUD>45,480000</CSUD>
    <NORD>45,480000</NORD>
    <SARD>45,480000</SARD>
    <SICI>45,480000</SICI>
    <SUD>45,480000</SUD>
    <AUST>45,480000</AUST>
    <BRNN>45,480000</BRNN>
    <COAC>45,480000</COAC>
    <CORS>45,480000</CORS>
    <FOGN>45,480000</FOGN>
    <FRAN>45,480000</FRAN>
    <GREC>45,480000</GREC>
    <MFTV>45,480000</MFTV>
    <PRGP>45,480000</PRGP>
    <ROSN>45,480000</ROSN>
    <SLOV>45,480000</SLOV>
    <SVIZ>45,480000</SVIZ>
    <BSP>45,480000</BSP>
    <MALT>45,480000</MALT>
    <XAUS>45,480000</XAUS>
    <XFRA>45,480000</XFRA>
  </Prezzi>
  <Prezzi>
    <Data>20170101</Data>
    <Mercato>MGP</Mercato>
    <Ora>10</Ora>
    <PUN>42,060000</PUN>
    <NAT>42,060000</NAT>
    <CNOR>42,060000</CNOR>
    <CSUD>42,060000</CSUD>
    <NORD>42,060000</NORD>
    <SARD>42,060000</SARD>
    <SICI>42,060000</SICI>
    <SUD>42,060000</SUD>
    <AUST>42,060000</AUST>
    <BRNN>42,060000</BRNN>
    <COAC>42,060000</COAC>
    <CORS>42,060000</CORS>
    <FOGN>42,060000</FOGN>
    <FRAN>42,060000</FRAN>
    <GREC>42,060000</GREC>
    <MFTV>42,060000</MFTV>
    <PRGP>42,060000</PRGP>
    <ROSN>42,060000</ROSN>
    <SLOV>42,060000</SLOV>
    <SVIZ>42,060000</SVIZ>
    <BSP>42,060000</BSP>
    <MALT>42,060000</MALT>
    <XAUS>42,060000</XAUS>
    <XFRA>42,060000</XFRA>
  </Prezzi>
  <Prezzi>
    <Data>20170101</Data>
    <Mercato>MGP</Mercato>
    <Ora>11</Ora>
    <PUN>46,860000</PUN>
    <NAT>46,860000</NAT>
    <CNOR>46,860000</CNOR>
    <CSUD>46,860000</CSUD>
    <NORD>46,860000</NORD>
    <SARD>46,860000</SARD>
    <SICI>46,860000</SICI>
    <SUD>46,860000</SUD>
    <AUST>46,860000</AUST>
    <BRNN>46,860000</BRNN>
    <COAC>46,860000</COAC>
    <CORS>46,860000</CORS>
    <FOGN>46,860000</FOGN>
    <FRAN>46,860000</FRAN>
    <GREC>46,860000</GREC>
    <MFTV>46,860000</MFTV>
    <PRGP>46,860000</PRGP>
    <ROSN>46,860000</ROSN>
    <SLOV>46,860000</SLOV>
    <SVIZ>46,860000</SVIZ>
    <BSP>46,860000</BSP>
    <MALT>46,860000</MALT>
    <XAUS>46,860000</XAUS>
    <XFRA>46,860000</XFRA>
  </Prezzi>
  <Prezzi>
    <Data>20170101</Data>
    <Mercato>MGP</Mercato>
    <Ora>12</Ora>
    <PUN>48,020000</PUN>
    <NAT>48,020000</NAT>
    <CNOR>48,020000</CNOR>
    <CSUD>48,020000</CSUD>
    <NORD>48,020000</NORD>
    <SARD>48,020000</SARD>
    <SICI>48,020000</SICI>
    <SUD>48,020000</SUD>
    <AUST>48,020000</AUST>
    <BRNN>48,020000</BRNN>
    <COAC>48,020000</COAC>
    <CORS>48,020000</CORS>
    <FOGN>48,020000</FOGN>
    <FRAN>48,020000</FRAN>
    <GREC>48,020000</GREC>
    <MFTV>48,020000</MFTV>
    <PRGP>48,020000</PRGP>
    <ROSN>48,020000</ROSN>
    <SLOV>48,020000</SLOV>
    <SVIZ>48,020000</SVIZ>
    <BSP>48,020000</BSP>
    <MALT>48,020000</MALT>
    <XAUS>48,020000</XAUS>
    <XFRA>48,020000</XFRA>
  </Prezzi>
  <Prezzi>
    <Data>20170101</Data>
    <Mercato>MGP</Mercato>
    <Ora>13</Ora>
    <PUN>49,570000</PUN>
    <NAT>49,670000</NAT>
    <CNOR>49,570000</CNOR>
    <CSUD>49,570000</CSUD>
    <NORD>49,570000</NORD>
    <SARD>49,570000</SARD>
    <SICI>49,570000</SICI>
    <SUD>49,570000</SUD>
    <AUST>49,570000</AUST>
    <BRNN>49,570000</BRNN>
    <COAC>49,570000</COAC>
    <CORS>49,570000</CORS>
    <FOGN>49,570000</FOGN>
    <FRAN>49,570000</FRAN>
    <GREC>49,570000</GREC>
    <MFTV>49,570000</MFTV>
    <PRGP>49,570000</PRGP>
    <ROSN>49,570000</ROSN>
    <SLOV>49,570000</SLOV>
    <SVIZ>49,570000</SVIZ>
    <BSP>49,570000</BSP>
    <MALT>49,570000</MALT>
    <XAUS>49,570000</XAUS>
    <XFRA>49,570000</XFRA>
  </Prezzi>
  <Prezzi>
    <Data>20170101</Data>
    <Mercato>MGP</Mercato>
    <Ora>14</Ora>
    <PUN>48,691870</PUN>
    <NAT>48,810000</NAT>
    <CNOR>48,691870</CNOR>
    <CSUD>48,691870</CSUD>
    <NORD>48,691870</NORD>
    <SARD>48,691870</SARD>
    <SICI>48,691870</SICI>
    <SUD>48,691870</SUD>
    <AUST>48,691870</AUST>
    <BRNN>48,691870</BRNN>
    <COAC>48,691870</COAC>
    <CORS>48,691870</CORS>
    <FOGN>48,691870</FOGN>
    <FRAN>48,691870</FRAN>
    <GREC>48,691870</GREC>
    <MFTV>48,691870</MFTV>
    <PRGP>48,691870</PRGP>
    <ROSN>48,691870</ROSN>
    <SLOV>48,691870</SLOV>
    <SVIZ>48,691870</SVIZ>
    <BSP>48,691870</BSP>
    <MALT>48,691870</MALT>
    <XAUS>48,691870</XAUS>
    <XFRA>48,691870</XFRA>
  </Prezzi>
  <Prezzi>
    <Data>20170101</Data>
    <Mercato>MGP</Mercato>
    <Ora>15</Ora>
    <PUN>46,910000</PUN>
    <NAT>46,910000</NAT>
    <CNOR>46,910000</CNOR>
    <CSUD>46,910000</CSUD>
    <NORD>46,910000</NORD>
    <SARD>46,910000</SARD>
    <SICI>46,910000</SICI>
    <SUD>46,910000</SUD>
    <AUST>46,910000</AUST>
    <BRNN>46,910000</BRNN>
    <COAC>46,910000</COAC>
    <CORS>46,910000</CORS>
    <FOGN>46,910000</FOGN>
    <FRAN>46,910000</FRAN>
    <GREC>46,910000</GREC>
    <MFTV>46,910000</MFTV>
    <PRGP>46,910000</PRGP>
    <ROSN>46,910000</ROSN>
    <SLOV>46,910000</SLOV>
    <SVIZ>46,910000</SVIZ>
    <BSP>46,910000</BSP>
    <MALT>46,910000</MALT>
    <XAUS>46,910000</XAUS>
    <XFRA>46,910000</XFRA>
  </Prezzi>
  <Prezzi>
    <Data>20170101</Data>
    <Mercato>MGP</Mercato>
    <Ora>16</Ora>
    <PUN>49,430000</PUN>
    <NAT>49,430000</NAT>
    <CNOR>49,430000</CNOR>
    <CSUD>49,430000</CSUD>
    <NORD>49,430000</NORD>
    <SARD>49,430000</SARD>
    <SICI>49,430000</SICI>
    <SUD>49,430000</SUD>
    <AUST>49,430000</AUST>
    <BRNN>49,430000</BRNN>
    <COAC>49,430000</COAC>
    <CORS>49,430000</CORS>
    <FOGN>49,430000</FOGN>
    <FRAN>49,430000</FRAN>
    <GREC>49,430000</GREC>
    <MFTV>49,430000</MFTV>
    <PRGP>49,430000</PRGP>
    <ROSN>49,430000</ROSN>
    <SLOV>49,430000</SLOV>
    <SVIZ>49,430000</SVIZ>
    <BSP>49,430000</BSP>
    <MALT>49,430000</MALT>
    <XAUS>49,430000</XAUS>
    <XFRA>49,430000</XFRA>
  </Prezzi>
  <Prezzi>
    <Data>20170101</Data>
    <Mercato>MGP</Mercato>
    <Ora>17</Ora>
    <PUN>50,944460</PUN>
    <NAT>50,460000</NAT>
    <CNOR>50,450000</CNOR>
    <CSUD>50,450000</CSUD>
    <NORD>50,450000</NORD>
    <SARD>50,450000</SARD>
    <SICI>57,260000</SICI>
    <SUD>50,450000</SUD>
    <AUST>50,450000</AUST>
    <BRNN>50,450000</BRNN>
    <COAC>50,450000</COAC>
    <CORS>50,450000</CORS>
    <FOGN>50,450000</FOGN>
    <FRAN>50,450000</FRAN>
    <GREC>50,450000</GREC>
    <MFTV>50,450000</MFTV>
    <PRGP>57,260000</PRGP>
    <ROSN>50,450000</ROSN>
    <SLOV>50,450000</SLOV>
    <SVIZ>50,450000</SVIZ>
    <BSP>50,450000</BSP>
    <MALT>57,260000</MALT>
    <XAUS>50,450000</XAUS>
    <XFRA>50,450000</XFRA>
  </Prezzi>
  <Prezzi>
    <Data>20170101</Data>
    <Mercato>MGP</Mercato>
    <Ora>18</Ora>
    <PUN>54,258580</PUN>
    <NAT>53,670000</NAT>
    <CNOR>53,300000</CNOR>
    <CSUD>53,300000</CSUD>
    <NORD>53,300000</NORD>
    <SARD>53,300000</SARD>
    <SICI>66,740000</SICI>
    <SUD>53,300000</SUD>
    <AUST>53,300000</AUST>
    <BRNN>53,300000</BRNN>
    <COAC>53,300000</COAC>
    <CORS>53,300000</CORS>
    <FOGN>53,300000</FOGN>
    <FRAN>53,300000</FRAN>
    <GREC>53,300000</GREC>
    <MFTV>53,300000</MFTV>
    <PRGP>66,740000</PRGP>
    <ROSN>53,300000</ROSN>
    <SLOV>53,300000</SLOV>
    <SVIZ>53,300000</SVIZ>
    <BSP>53,300000</BSP>
    <MALT>66,740000</MALT>
    <XAUS>53,300000</XAUS>
    <XFRA>53,300000</XFRA>
  </Prezzi>
  <Prezzi>
    <Data>20170101</Data>
    <Mercato>MGP</Mercato>
    <Ora>19</Ora>
    <PUN>60,954280</PUN>
    <NAT>60,000000</NAT>
    <CNOR>59,070000</CNOR>
    <CSUD>59,070000</CSUD>
    <NORD>59,070000</NORD>
    <SARD>59,070000</SARD>
    <SICI>85,780000</SICI>
    <SUD>59,070000</SUD>
    <AUST>59,070000</AUST>
    <BRNN>59,070000</BRNN>
    <COAC>59,070000</COAC>
    <CORS>59,070000</CORS>
    <FOGN>59,070000</FOGN>
    <FRAN>59,070000</FRAN>
    <GREC>59,070000</GREC>
    <MFTV>59,070000</MFTV>
    <PRGP>85,780000</PRGP>
    <ROSN>59,070000</ROSN>
    <SLOV>59,070000</SLOV>
    <SVIZ>59,070000</SVIZ>
    <BSP>59,070000</BSP>
    <MALT>85,780000</MALT>
    <XAUS>59,070000</XAUS>
    <XFRA>59,070000</XFRA>
  </Prezzi>
  <Prezzi>
    <Data>20170101</Data>
    <Mercato>MGP</Mercato>
    <Ora>20</Ora>
    <PUN>63,416530</PUN>
    <NAT>63,150000</NAT>
    <CNOR>61,710000</CNOR>
    <CSUD>61,710000</CSUD>
    <NORD>61,710000</NORD>
    <SARD>61,710000</SARD>
    <SICI>85,780000</SICI>
    <SUD>61,710000</SUD>
    <AUST>61,710000</AUST>
    <BRNN>61,710000</BRNN>
    <COAC>61,710000</COAC>
    <CORS>61,710000</CORS>
    <FOGN>61,710000</FOGN>
    <FRAN>61,710000</FRAN>
    <GREC>61,710000</GREC>
    <MFTV>61,710000</MFTV>
    <PRGP>85,780000</PRGP>
    <ROSN>61,710000</ROSN>
    <SLOV>61,710000</SLOV>
    <SVIZ>61,710000</SVIZ>
    <BSP>61,710000</BSP>
    <MALT>85,780000</MALT>
    <XAUS>61,710000</XAUS>
    <XFRA>61,710000</XFRA>
  </Prezzi>
  <Prezzi>
    <Data>20170101</Data>
    <Mercato>MGP</Mercato>
    <Ora>21</Ora>
    <PUN>58,424140</PUN>
    <NAT>60,000000</NAT>
    <CNOR>56,256240</CNOR>
    <CSUD>56,256240</CSUD>
    <NORD>56,256240</NORD>
    <SARD>56,256240</SARD>
    <SICI>85,780000</SICI>
    <SUD>56,256240</SUD>
    <AUST>56,256240</AUST>
    <BRNN>56,256240</BRNN>
    <COAC>56,256240</COAC>
    <CORS>56,256240</CORS>
    <FOGN>56,256240</FOGN>
    <FRAN>56,256240</FRAN>
    <GREC>56,256240</GREC>
    <MFTV>56,256240</MFTV>
    <PRGP>85,780000</PRGP>
    <ROSN>56,256240</ROSN>
    <SLOV>56,256240</SLOV>
    <SVIZ>56,256240</SVIZ>
    <BSP>56,256240</BSP>
    <MALT>85,780000</MALT>
    <XAUS>56,256240</XAUS>
    <XFRA>56,256240</XFRA>
  </Prezzi>
  <Prezzi>
    <Data>20170101</Data>
    <Mercato>MGP</Mercato>
    <Ora>22</Ora>
    <PUN>57,273480</PUN>
    <NAT>55,390000</NAT>
    <CNOR>55,000000</CNOR>
    <CSUD>55,000000</CSUD>
    <NORD>55,000000</NORD>
    <SARD>55,000000</SARD>
    <SICI>85,780000</SICI>
    <SUD>55,000000</SUD>
    <AUST>55,000000</AUST>
    <BRNN>55,000000</BRNN>
    <COAC>55,000000</COAC>
    <CORS>55,000000</CORS>
    <FOGN>55,000000</FOGN>
    <FRAN>55,000000</FRAN>
    <GREC>55,000000</GREC>
    <MFTV>55,000000</MFTV>
    <PRGP>85,780000</PRGP>
    <ROSN>55,000000</ROSN>
    <SLOV>55,000000</SLOV>
    <SVIZ>55,000000</SVIZ>
    <BSP>55,000000</BSP>
    <MALT>85,780000</MALT>
    <XAUS>55,000000</XAUS>
    <XFRA>55,000000</XFRA>
  </Prezzi>
  <Prezzi>
    <Data>20170101</Data>
    <Mercato>MGP</Mercato>
    <Ora>23</Ora>
    <PUN>54,349760</PUN>
    <NAT>54,000000</NAT>
    <CNOR>54,000000</CNOR>
    <CSUD>54,000000</CSUD>
    <NORD>54,000000</NORD>
    <SARD>54,000000</SARD>
    <SICI>58,750000</SICI>
    <SUD>54,000000</SUD>
    <AUST>54,000000</AUST>
    <BRNN>54,000000</BRNN>
    <COAC>54,000000</COAC>
    <CORS>54,000000</CORS>
    <FOGN>54,000000</FOGN>
    <FRAN>54,000000</FRAN>
    <GREC>54,000000</GREC>
    <MFTV>54,000000</MFTV>
    <PRGP>58,750000</PRGP>
    <ROSN>54,000000</ROSN>
    <SLOV>54,000000</SLOV>
    <SVIZ>54,000000</SVIZ>
    <BSP>54,000000</BSP>
    <MALT>58,750000</MALT>
    <XAUS>54,000000</XAUS>
    <XFRA>54,000000</XFRA>
  </Prezzi>
  <Prezzi>
    <Data>20170101</Data>
    <Mercato>MGP</Mercato>
    <Ora>24</Ora>
    <PUN>52,495620</PUN>
    <NAT>52,000000</NAT>
    <CNOR>52,000000</CNOR>
    <CSUD>52,000000</CSUD>
    <NORD>52,000000</NORD>
    <SARD>52,000000</SARD>
    <SICI>58,750000</SICI>
    <SUD>52,000000</SUD>
    <AUST>52,000000</AUST>
    <BRNN>52,000000</BRNN>
    <COAC>52,000000</COAC>
    <CORS>52,000000</CORS>
    <FOGN>52,000000</FOGN>
    <FRAN>52,000000</FRAN>
    <GREC>52,000000</GREC>
    <MFTV>52,000000</MFTV>
    <PRGP>58,750000</PRGP>
    <ROSN>52,000000</ROSN>
    <SLOV>52,000000</SLOV>
    <SVIZ>52,000000</SVIZ>
    <BSP>52,000000</BSP>
    <MALT>58,750000</MALT>
    <XAUS>52,000000</XAUS>
    <XFRA>52,000000</XFRA>
  </Prezzi>
</NewDataSet>