<?xml version="1.0" standalone="yes"?>
<NewDataSet>
  <xs:schema id="NewDataSet" xmlns="" xmlns:xs="http://www.w3.org/2001/XMLSchema" xmlns:msdata="urn:schemas-microsoft-com:xml-msdata">
    <xs:element name="NewDataSet" msdata:IsDataSet="true" msdata:MainDataTable="marketintervaldetail" msdata:UseCurrentLocale="true">
      <xs:complexType>
        <xs:choice minOccurs="0" maxOccurs="unbounded">
          <xs:element name="marketintervaldetail">
            <xs:complexType>
              <xs:sequence>
                <xs:element name="Data" type="xs:string" minOccurs="0" />
                <xs:element name="Mercato" type="xs:string" minOccurs="0" />
                <xs:element name="Ora" type="xs:string" minOccurs="0" />
                <xs:element name="Totale" type="xs:string" minOccurs="0" />
                <xs:element name="CNOR" type="xs:string" minOccurs="0" />
                <xs:element name="CSUD" type="xs:string" minOccurs="0" />
                <xs:element name="NORD" type="xs:string" minOccurs="0" />
                <xs:element name="SARD" type="xs:string" minOccurs="0" />
                <xs:element name="SICI" type="xs:string" minOccurs="0" />
                <xs:element name="SUD" type="xs:string" minOccurs="0" />
              </xs:sequence>
            </xs:complexType>
          </xs:element>
        </xs:choice>
      </xs:complexType>
    </xs:element>
  </xs:schema>
  <marketintervaldetail>
    <Data>20151106</Data>
    <Mercato>MGP</Mercato>
    <Ora>01</Ora>
    <Totale>27010</Totale>
    <CNOR>2742</CNOR>
    <CSUD>4288</CSUD>
    <NORD>15410</NORD>
    <SARD>782</SARD>
    <SICI>1584</SICI>
    <SUD>2204</SUD>
  </marketintervaldetail>
  <marketintervaldetail>
    <Data>20151106</Data>
    <Mercato>MGP</Mercato>
    <Ora>02</Ora>
    <Totale>25202</Totale>
    <CNOR>2558</CNOR>
    <CSUD>3895</CSUD>
    <NORD>14458</NORD>
    <SARD>752</SARD>
    <SICI>1450</SICI>
    <SUD>2089</SUD>
  </marketintervaldetail>
  <marketintervaldetail>
    <Data>20151106</Data>
    <Mercato>MGP</Mercato>
    <Ora>03</Ora>
    <Totale>24364</Totale>
    <CNOR>2519</CNOR>
    <CSUD>3759</CSUD>
    <NORD>14024</NORD>
    <SARD>729</SARD>
    <SICI>1363</SICI>
    <SUD>1970</SUD>
  </marketintervaldetail>
  <marketintervaldetail>
    <Data>20151106</Data>
    <Mercato>MGP</Mercato>
    <Ora>04</Ora>
    <Totale>24063</Totale>
    <CNOR>2497</CNOR>
    <CSUD>3639</CSUD>
    <NORD>13922</NORD>
    <SARD>721</SARD>
    <SICI>1336</SICI>
    <SUD>1948</SUD>
  </marketintervaldetail>
  <marketintervaldetail>
    <Data>20151106</Data>
    <Mercato>MGP</Mercato>
    <Ora>05</Ora>
    <Totale>24406</Totale>
    <CNOR>2494</CNOR>
    <CSUD>3647</CSUD>
    <NORD>14178</NORD>
    <SARD>722</SARD>
    <SICI>1365</SICI>
    <SUD>2000</SUD>
  </marketintervaldetail>
  <marketintervaldetail>
    <Data>20151106</Data>
    <Mercato>MGP</Mercato>
    <Ora>06</Ora>
    <Totale>25666</Totale>
    <CNOR>2608</CNOR>
    <CSUD>3838</CSUD>
    <NORD>14942</NORD>
    <SARD>747</SARD>
    <SICI>1444</SICI>
    <SUD>2087</SUD>
  </marketintervaldetail>
  <marketintervaldetail>
    <Data>20151106</Data>
    <Mercato>MGP</Mercato>
    <Ora>07</Ora>
    <Totale>29832</Totale>
    <CNOR>3046</CNOR>
    <CSUD>4340</CSUD>
    <NORD>17746</NORD>
    <SARD>810</SARD>
    <SICI>1602</SICI>
    <SUD>2288</SUD>
  </marketintervaldetail>
  <marketintervaldetail>
    <Data>20151106</Data>
    <Mercato>MGP</Mercato>
    <Ora>08</Ora>
    <Totale>34674</Totale>
    <CNOR>3495</CNOR>
    <CSUD>4987</CSUD>
    <NORD>20899</NORD>
    <SARD>883</SARD>
    <SICI>1819</SICI>
    <SUD>2591</SUD>
  </marketintervaldetail>
  <marketintervaldetail>
    <Data>20151106</Data>
    <Mercato>MGP</Mercato>
    <Ora>09</Ora>
    <Totale>38884</Totale>
    <CNOR>4064</CNOR>
    <CSUD>5632</CSUD>
    <NORD>23603</NORD>
    <SARD>916</SARD>
    <SICI>2002</SICI>
    <SUD>2667</SUD>
  </marketintervaldetail>
  <marketintervaldetail>
    <Data>20151106</Data>
    <Mercato>MGP</Mercato>
    <Ora>10</Ora>
    <Totale>40018</Totale>
    <CNOR>4282</CNOR>
    <CSUD>5947</CSUD>
    <NORD>24271</NORD>
    <SARD>920</SARD>
    <SICI>2038</SICI>
    <SUD>2560</SUD>
  </marketintervaldetail>
  <marketintervaldetail>
    <Data>20151106</Data>
    <Mercato>MGP</Mercato>
    <Ora>11</Ora>
    <Totale>39923</Totale>
    <CNOR>4268</CNOR>
    <CSUD>5771</CSUD>
    <NORD>24283</NORD>
    <SARD>907</SARD>
    <SICI>2010</SICI>
    <SUD>2684</SUD>
  </marketintervaldetail>
  <marketintervaldetail>
    <Data>20151106</Data>
    <Mercato>MGP</Mercato>
    <Ora>12</Ora>
    <Totale>39660</Totale>
    <CNOR>4295</CNOR>
    <CSUD>5728</CSUD>
    <NORD>24042</NORD>
    <SARD>902</SARD>
    <SICI>1980</SICI>
    <SUD>2713</SUD>
  </marketintervaldetail>
  <marketintervaldetail>
    <Data>20151106</Data>
    <Mercato>MGP</Mercato>
    <Ora>13</Ora>
    <Totale>37042</Totale>
    <CNOR>3941</CNOR>
    <CSUD>5630</CSUD>
    <NORD>21913</NORD>
    <SARD>914</SARD>
    <SICI>1922</SICI>
    <SUD>2722</SUD>
  </marketintervaldetail>
  <marketintervaldetail>
    <Data>20151106</Data>
    <Mercato>MGP</Mercato>
    <Ora>14</Ora>
    <Totale>36586</Totale>
    <CNOR>3756</CNOR>
    <CSUD>5490</CSUD>
    <NORD>21812</NORD>
    <SARD>891</SARD>
    <SICI>1905</SICI>
    <SUD>2732</SUD>
  </marketintervaldetail>
  <marketintervaldetail>
    <Data>20151106</Data>
    <Mercato>MGP</Mercato>
    <Ora>15</Ora>
    <Totale>38420</Totale>
    <CNOR>4109</CNOR>
    <CSUD>5537</CSUD>
    <NORD>23316</NORD>
    <SARD>878</SARD>
    <SICI>1923</SICI>
    <SUD>2657</SUD>
  </marketintervaldetail>
  <marketintervaldetail>
    <Data>20151106</Data>
    <Mercato>MGP</Mercato>
    <Ora>16</Ora>
    <Totale>39452</Totale>
    <CNOR>4387</CNOR>
    <CSUD>5575</CSUD>
    <NORD>23826</NORD>
    <SARD>862</SARD>
    <SICI>1994</SICI>
    <SUD>2808</SUD>
  </marketintervaldetail>
  <marketintervaldetail>
    <Data>20151106</Data>
    <Mercato>MGP</Mercato>
    <Ora>17</Ora>
    <Totale>40752</Totale>
    <CNOR>4617</CNOR>
    <CSUD>5828</CSUD>
    <NORD>24435</NORD>
    <SARD>902</SARD>
    <SICI>2059</SICI>
    <SUD>2911</SUD>
  </marketintervaldetail>
  <marketintervaldetail>
    <Data>20151106</Data>
    <Mercato>MGP</Mercato>
    <Ora>18</Ora>
    <Totale>43159</Totale>
    <CNOR>4911</CNOR>
    <CSUD>6368</CSUD>
    <NORD>25206</NORD>
    <SARD>1014</SARD>
    <SICI>2306</SICI>
    <SUD>3354</SUD>
  </marketintervaldetail>
  <marketintervaldetail>
    <Data>20151106</Data>
    <Mercato>MGP</Mercato>
    <Ora>19</Ora>
    <Totale>43104</Totale>
    <CNOR>4846</CNOR>
    <CSUD>6508</CSUD>
    <NORD>24781</NORD>
    <SARD>1101</SARD>
    <SICI>2427</SICI>
    <SUD>3441</SUD>
  </marketintervaldetail>
  <marketintervaldetail>
    <Data>20151106</Data>
    <Mercato>MGP</Mercato>
    <Ora>20</Ora>
    <Totale>42003</Totale>
    <CNOR>4709</CNOR>
    <CSUD>6557</CSUD>
    <NORD>23743</NORD>
    <SARD>1108</SARD>
    <SICI>2435</SICI>
    <SUD>3451</SUD>
  </marketintervaldetail>
  <marketintervaldetail>
    <Data>20151106</Data>
    <Mercato>MGP</Mercato>
    <Ora>21</Ora>
    <Totale>39414</Totale>
    <CNOR>4368</CNOR>
    <CSUD>6281</CSUD>
    <NORD>21961</NORD>
    <SARD>1081</SARD>
    <SICI>2373</SICI>
    <SUD>3350</SUD>
  </marketintervaldetail>
  <marketintervaldetail>
    <Data>20151106</Data>
    <Mercato>MGP</Mercato>
    <Ora>22</Ora>
    <Totale>36095</Totale>
    <CNOR>3955</CNOR>
    <CSUD>5765</CSUD>
    <NORD>20040</NORD>
    <SARD>999</SARD>
    <SICI>2179</SICI>
    <SUD>3157</SUD>
  </marketintervaldetail>
  <marketintervaldetail>
    <Data>20151106</Data>
    <Mercato>MGP</Mercato>
    <Ora>23</Ora>
    <Totale>32409</Totale>
    <CNOR>3554</CNOR>
    <CSUD>5211</CSUD>
    <NORD>17861</NORD>
    <SARD>941</SARD>
    <SICI>1978</SICI>
    <SUD>2864</SUD>
  </marketintervaldetail>
  <marketintervaldetail>
    <Data>20151106</Data>
    <Mercato>MGP</Mercato>
    <Ora>24</Ora>
    <Totale>29012</Totale>
    <CNOR>3277</CNOR>
    <CSUD>4596</CSUD>
    <NORD>15941</NORD>
    <SARD>862</SARD>
    <SICI>1730</SICI>
    <SUD>2606</SUD>
  </marketintervaldetail>
</NewDataSet>