<?xml version="1.0" standalone="yes"?>
<NewDataSet>
  <xs:schema id="NewDataSet" xmlns="" xmlns:xs="http://www.w3.org/2001/XMLSchema" xmlns:msdata="urn:schemas-microsoft-com:xml-msdata">
    <xs:element name="NewDataSet" msdata:IsDataSet="true" msdata:MainDataTable="marketintervaldetail" msdata:UseCurrentLocale="true">
      <xs:complexType>
        <xs:choice minOccurs="0" maxOccurs="unbounded">
          <xs:element name="marketintervaldetail">
            <xs:complexType>
              <xs:sequence>
                <xs:element name="Data" type="xs:string" minOccurs="0" />
                <xs:element name="Mercato" type="xs:string" minOccurs="0" />
                <xs:element name="Ora" type="xs:string" minOccurs="0" />
                <xs:element name="Totale" type="xs:string" minOccurs="0" />
                <xs:element name="CNOR" type="xs:string" minOccurs="0" />
                <xs:element name="CSUD" type="xs:string" minOccurs="0" />
                <xs:element name="NORD" type="xs:string" minOccurs="0" />
                <xs:element name="SARD" type="xs:string" minOccurs="0" />
                <xs:element name="SICI" type="xs:string" minOccurs="0" />
                <xs:element name="SUD" type="xs:string" minOccurs="0" />
              </xs:sequence>
            </xs:complexType>
          </xs:element>
        </xs:choice>
      </xs:complexType>
    </xs:element>
  </xs:schema>
  <marketintervaldetail>
    <Data>20151115</Data>
    <Mercato>MGP</Mercato>
    <Ora>01</Ora>
    <Totale>23703</Totale>
    <CNOR>2626</CNOR>
    <CSUD>3872</CSUD>
    <NORD>12676</NORD>
    <SARD>751</SARD>
    <SICI>1568</SICI>
    <SUD>2210</SUD>
  </marketintervaldetail>
  <marketintervaldetail>
    <Data>20151115</Data>
    <Mercato>MGP</Mercato>
    <Ora>02</Ora>
    <Totale>21919</Totale>
    <CNOR>2419</CNOR>
    <CSUD>3518</CSUD>
    <NORD>11932</NORD>
    <SARD>686</SARD>
    <SICI>1364</SICI>
    <SUD>2000</SUD>
  </marketintervaldetail>
  <marketintervaldetail>
    <Data>20151115</Data>
    <Mercato>MGP</Mercato>
    <Ora>03</Ora>
    <Totale>20808</Totale>
    <CNOR>2244</CNOR>
    <CSUD>3354</CSUD>
    <NORD>11417</NORD>
    <SARD>676</SARD>
    <SICI>1245</SICI>
    <SUD>1872</SUD>
  </marketintervaldetail>
  <marketintervaldetail>
    <Data>20151115</Data>
    <Mercato>MGP</Mercato>
    <Ora>04</Ora>
    <Totale>20341</Totale>
    <CNOR>2178</CNOR>
    <CSUD>3212</CSUD>
    <NORD>11215</NORD>
    <SARD>663</SARD>
    <SICI>1190</SICI>
    <SUD>1883</SUD>
  </marketintervaldetail>
  <marketintervaldetail>
    <Data>20151115</Data>
    <Mercato>MGP</Mercato>
    <Ora>05</Ora>
    <Totale>20175</Totale>
    <CNOR>2144</CNOR>
    <CSUD>3157</CSUD>
    <NORD>11195</NORD>
    <SARD>660</SARD>
    <SICI>1189</SICI>
    <SUD>1830</SUD>
  </marketintervaldetail>
  <marketintervaldetail>
    <Data>20151115</Data>
    <Mercato>MGP</Mercato>
    <Ora>06</Ora>
    <Totale>20520</Totale>
    <CNOR>2145</CNOR>
    <CSUD>3210</CSUD>
    <NORD>11435</NORD>
    <SARD>670</SARD>
    <SICI>1202</SICI>
    <SUD>1858</SUD>
  </marketintervaldetail>
  <marketintervaldetail>
    <Data>20151115</Data>
    <Mercato>MGP</Mercato>
    <Ora>07</Ora>
    <Totale>21426</Totale>
    <CNOR>2197</CNOR>
    <CSUD>3394</CSUD>
    <NORD>11950</NORD>
    <SARD>737</SARD>
    <SICI>1228</SICI>
    <SUD>1920</SUD>
  </marketintervaldetail>
  <marketintervaldetail>
    <Data>20151115</Data>
    <Mercato>MGP</Mercato>
    <Ora>08</Ora>
    <Totale>21997</Totale>
    <CNOR>2201</CNOR>
    <CSUD>3500</CSUD>
    <NORD>12185</NORD>
    <SARD>759</SARD>
    <SICI>1346</SICI>
    <SUD>2006</SUD>
  </marketintervaldetail>
  <marketintervaldetail>
    <Data>20151115</Data>
    <Mercato>MGP</Mercato>
    <Ora>09</Ora>
    <Totale>23920</Totale>
    <CNOR>2443</CNOR>
    <CSUD>3889</CSUD>
    <NORD>12854</NORD>
    <SARD>815</SARD>
    <SICI>1617</SICI>
    <SUD>2302</SUD>
  </marketintervaldetail>
  <marketintervaldetail>
    <Data>20151115</Data>
    <Mercato>MGP</Mercato>
    <Ora>10</Ora>
    <Totale>25861</Totale>
    <CNOR>2628</CNOR>
    <CSUD>4321</CSUD>
    <NORD>13804</NORD>
    <SARD>907</SARD>
    <SICI>1719</SICI>
    <SUD>2482</SUD>
  </marketintervaldetail>
  <marketintervaldetail>
    <Data>20151115</Data>
    <Mercato>MGP</Mercato>
    <Ora>11</Ora>
    <Totale>25976</Totale>
    <CNOR>2616</CNOR>
    <CSUD>4504</CSUD>
    <NORD>13885</NORD>
    <SARD>888</SARD>
    <SICI>1730</SICI>
    <SUD>2353</SUD>
  </marketintervaldetail>
  <marketintervaldetail>
    <Data>20151115</Data>
    <Mercato>MGP</Mercato>
    <Ora>12</Ora>
    <Totale>26035</Totale>
    <CNOR>2663</CNOR>
    <CSUD>4487</CSUD>
    <NORD>13845</NORD>
    <SARD>864</SARD>
    <SICI>1702</SICI>
    <SUD>2474</SUD>
  </marketintervaldetail>
  <marketintervaldetail>
    <Data>20151115</Data>
    <Mercato>MGP</Mercato>
    <Ora>13</Ora>
    <Totale>25997</Totale>
    <CNOR>2704</CNOR>
    <CSUD>4566</CSUD>
    <NORD>13610</NORD>
    <SARD>854</SARD>
    <SICI>1802</SICI>
    <SUD>2461</SUD>
  </marketintervaldetail>
  <marketintervaldetail>
    <Data>20151115</Data>
    <Mercato>MGP</Mercato>
    <Ora>14</Ora>
    <Totale>24893</Totale>
    <CNOR>2517</CNOR>
    <CSUD>4523</CSUD>
    <NORD>13006</NORD>
    <SARD>808</SARD>
    <SICI>1752</SICI>
    <SUD>2287</SUD>
  </marketintervaldetail>
  <marketintervaldetail>
    <Data>20151115</Data>
    <Mercato>MGP</Mercato>
    <Ora>15</Ora>
    <Totale>24538</Totale>
    <CNOR>2567</CNOR>
    <CSUD>4377</CSUD>
    <NORD>12877</NORD>
    <SARD>796</SARD>
    <SICI>1698</SICI>
    <SUD>2223</SUD>
  </marketintervaldetail>
  <marketintervaldetail>
    <Data>20151115</Data>
    <Mercato>MGP</Mercato>
    <Ora>16</Ora>
    <Totale>24924</Totale>
    <CNOR>2688</CNOR>
    <CSUD>4377</CSUD>
    <NORD>13053</NORD>
    <SARD>793</SARD>
    <SICI>1741</SICI>
    <SUD>2272</SUD>
  </marketintervaldetail>
  <marketintervaldetail>
    <Data>20151115</Data>
    <Mercato>MGP</Mercato>
    <Ora>17</Ora>
    <Totale>25411</Totale>
    <CNOR>2886</CNOR>
    <CSUD>4449</CSUD>
    <NORD>13262</NORD>
    <SARD>811</SARD>
    <SICI>1740</SICI>
    <SUD>2263</SUD>
  </marketintervaldetail>
  <marketintervaldetail>
    <Data>20151115</Data>
    <Mercato>MGP</Mercato>
    <Ora>18</Ora>
    <Totale>29511</Totale>
    <CNOR>3271</CNOR>
    <CSUD>5012</CSUD>
    <NORD>15483</NORD>
    <SARD>917</SARD>
    <SICI>2006</SICI>
    <SUD>2822</SUD>
  </marketintervaldetail>
  <marketintervaldetail>
    <Data>20151115</Data>
    <Mercato>MGP</Mercato>
    <Ora>19</Ora>
    <Totale>31716</Totale>
    <CNOR>3488</CNOR>
    <CSUD>5232</CSUD>
    <NORD>16875</NORD>
    <SARD>1011</SARD>
    <SICI>2093</SICI>
    <SUD>3017</SUD>
  </marketintervaldetail>
  <marketintervaldetail>
    <Data>20151115</Data>
    <Mercato>MGP</Mercato>
    <Ora>20</Ora>
    <Totale>32223</Totale>
    <CNOR>3620</CNOR>
    <CSUD>5309</CSUD>
    <NORD>17106</NORD>
    <SARD>1032</SARD>
    <SICI>2110</SICI>
    <SUD>3046</SUD>
  </marketintervaldetail>
  <marketintervaldetail>
    <Data>20151115</Data>
    <Mercato>MGP</Mercato>
    <Ora>21</Ora>
    <Totale>31293</Totale>
    <CNOR>3477</CNOR>
    <CSUD>5273</CSUD>
    <NORD>16375</NORD>
    <SARD>1020</SARD>
    <SICI>2110</SICI>
    <SUD>3038</SUD>
  </marketintervaldetail>
  <marketintervaldetail>
    <Data>20151115</Data>
    <Mercato>MGP</Mercato>
    <Ora>22</Ora>
    <Totale>29635</Totale>
    <CNOR>3236</CNOR>
    <CSUD>4983</CSUD>
    <NORD>15528</NORD>
    <SARD>950</SARD>
    <SICI>2009</SICI>
    <SUD>2929</SUD>
  </marketintervaldetail>
  <marketintervaldetail>
    <Data>20151115</Data>
    <Mercato>MGP</Mercato>
    <Ora>23</Ora>
    <Totale>27258</Totale>
    <CNOR>2981</CNOR>
    <CSUD>4593</CSUD>
    <NORD>14289</NORD>
    <SARD>894</SARD>
    <SICI>1836</SICI>
    <SUD>2665</SUD>
  </marketintervaldetail>
  <marketintervaldetail>
    <Data>20151115</Data>
    <Mercato>MGP</Mercato>
    <Ora>24</Ora>
    <Totale>24644</Totale>
    <CNOR>2654</CNOR>
    <CSUD>4130</CSUD>
    <NORD>13121</NORD>
    <SARD>824</SARD>
    <SICI>1637</SICI>
    <SUD>2278</SUD>
  </marketintervaldetail>
</NewDataSet>