<?xml version="1.0" standalone="yes"?>
<NewDataSet>
  <xs:schema id="NewDataSet" xmlns="" xmlns:xs="http://www.w3.org/2001/XMLSchema" xmlns:msdata="urn:schemas-microsoft-com:xml-msdata">
    <xs:element name="NewDataSet" msdata:IsDataSet="true" msdata:MainDataTable="marketintervaldetail" msdata:UseCurrentLocale="true">
      <xs:complexType>
        <xs:choice minOccurs="0" maxOccurs="unbounded">
          <xs:element name="marketintervaldetail">
            <xs:complexType>
              <xs:sequence>
                <xs:element name="Data" type="xs:string" minOccurs="0" />
                <xs:element name="Mercato" type="xs:string" minOccurs="0" />
                <xs:element name="Ora" type="xs:string" minOccurs="0" />
                <xs:element name="Totale" type="xs:string" minOccurs="0" />
                <xs:element name="CNOR" type="xs:string" minOccurs="0" />
                <xs:element name="CSUD" type="xs:string" minOccurs="0" />
                <xs:element name="NORD" type="xs:string" minOccurs="0" />
                <xs:element name="SARD" type="xs:string" minOccurs="0" />
                <xs:element name="SICI" type="xs:string" minOccurs="0" />
                <xs:element name="SUD" type="xs:string" minOccurs="0" />
              </xs:sequence>
            </xs:complexType>
          </xs:element>
        </xs:choice>
      </xs:complexType>
    </xs:element>
  </xs:schema>
  <marketintervaldetail>
    <Data>20151123</Data>
    <Mercato>MGP</Mercato>
    <Ora>01</Ora>
    <Totale>23286</Totale>
    <CNOR>2546</CNOR>
    <CSUD>3978</CSUD>
    <NORD>12361</NORD>
    <SARD>800</SARD>
    <SICI>1614</SICI>
    <SUD>1987</SUD>
  </marketintervaldetail>
  <marketintervaldetail>
    <Data>20151123</Data>
    <Mercato>MGP</Mercato>
    <Ora>02</Ora>
    <Totale>21820</Totale>
    <CNOR>2403</CNOR>
    <CSUD>3714</CSUD>
    <NORD>11681</NORD>
    <SARD>772</SARD>
    <SICI>1486</SICI>
    <SUD>1764</SUD>
  </marketintervaldetail>
  <marketintervaldetail>
    <Data>20151123</Data>
    <Mercato>MGP</Mercato>
    <Ora>03</Ora>
    <Totale>21092</Totale>
    <CNOR>2290</CNOR>
    <CSUD>3542</CSUD>
    <NORD>11408</NORD>
    <SARD>769</SARD>
    <SICI>1427</SICI>
    <SUD>1656</SUD>
  </marketintervaldetail>
  <marketintervaldetail>
    <Data>20151123</Data>
    <Mercato>MGP</Mercato>
    <Ora>04</Ora>
    <Totale>20942</Totale>
    <CNOR>2296</CNOR>
    <CSUD>3470</CSUD>
    <NORD>11384</NORD>
    <SARD>777</SARD>
    <SICI>1396</SICI>
    <SUD>1619</SUD>
  </marketintervaldetail>
  <marketintervaldetail>
    <Data>20151123</Data>
    <Mercato>MGP</Mercato>
    <Ora>05</Ora>
    <Totale>21266</Totale>
    <CNOR>2338</CNOR>
    <CSUD>3466</CSUD>
    <NORD>11632</NORD>
    <SARD>758</SARD>
    <SICI>1408</SICI>
    <SUD>1664</SUD>
  </marketintervaldetail>
  <marketintervaldetail>
    <Data>20151123</Data>
    <Mercato>MGP</Mercato>
    <Ora>06</Ora>
    <Totale>23104</Totale>
    <CNOR>2617</CNOR>
    <CSUD>3561</CSUD>
    <NORD>12791</NORD>
    <SARD>772</SARD>
    <SICI>1473</SICI>
    <SUD>1890</SUD>
  </marketintervaldetail>
  <marketintervaldetail>
    <Data>20151123</Data>
    <Mercato>MGP</Mercato>
    <Ora>07</Ora>
    <Totale>28660</Totale>
    <CNOR>3155</CNOR>
    <CSUD>4201</CSUD>
    <NORD>16475</NORD>
    <SARD>839</SARD>
    <SICI>1665</SICI>
    <SUD>2325</SUD>
  </marketintervaldetail>
  <marketintervaldetail>
    <Data>20151123</Data>
    <Mercato>MGP</Mercato>
    <Ora>08</Ora>
    <Totale>34914</Totale>
    <CNOR>3758</CNOR>
    <CSUD>4993</CSUD>
    <NORD>20623</NORD>
    <SARD>958</SARD>
    <SICI>1925</SICI>
    <SUD>2657</SUD>
  </marketintervaldetail>
  <marketintervaldetail>
    <Data>20151123</Data>
    <Mercato>MGP</Mercato>
    <Ora>09</Ora>
    <Totale>39955</Totale>
    <CNOR>4389</CNOR>
    <CSUD>5671</CSUD>
    <NORD>23942</NORD>
    <SARD>1043</SARD>
    <SICI>2095</SICI>
    <SUD>2815</SUD>
  </marketintervaldetail>
  <marketintervaldetail>
    <Data>20151123</Data>
    <Mercato>MGP</Mercato>
    <Ora>10</Ora>
    <Totale>41200</Totale>
    <CNOR>4584</CNOR>
    <CSUD>5824</CSUD>
    <NORD>24649</NORD>
    <SARD>1069</SARD>
    <SICI>2095</SICI>
    <SUD>2979</SUD>
  </marketintervaldetail>
  <marketintervaldetail>
    <Data>20151123</Data>
    <Mercato>MGP</Mercato>
    <Ora>11</Ora>
    <Totale>41051</Totale>
    <CNOR>4604</CNOR>
    <CSUD>5908</CSUD>
    <NORD>24608</NORD>
    <SARD>1067</SARD>
    <SICI>2031</SICI>
    <SUD>2833</SUD>
  </marketintervaldetail>
  <marketintervaldetail>
    <Data>20151123</Data>
    <Mercato>MGP</Mercato>
    <Ora>12</Ora>
    <Totale>40886</Totale>
    <CNOR>4500</CNOR>
    <CSUD>6117</CSUD>
    <NORD>24474</NORD>
    <SARD>1051</SARD>
    <SICI>1919</SICI>
    <SUD>2825</SUD>
  </marketintervaldetail>
  <marketintervaldetail>
    <Data>20151123</Data>
    <Mercato>MGP</Mercato>
    <Ora>13</Ora>
    <Totale>38957</Totale>
    <CNOR>4391</CNOR>
    <CSUD>6094</CSUD>
    <NORD>22743</NORD>
    <SARD>1066</SARD>
    <SICI>1939</SICI>
    <SUD>2724</SUD>
  </marketintervaldetail>
  <marketintervaldetail>
    <Data>20151123</Data>
    <Mercato>MGP</Mercato>
    <Ora>14</Ora>
    <Totale>39003</Totale>
    <CNOR>4212</CNOR>
    <CSUD>5914</CSUD>
    <NORD>22907</NORD>
    <SARD>1071</SARD>
    <SICI>2021</SICI>
    <SUD>2878</SUD>
  </marketintervaldetail>
  <marketintervaldetail>
    <Data>20151123</Data>
    <Mercato>MGP</Mercato>
    <Ora>15</Ora>
    <Totale>40910</Totale>
    <CNOR>4441</CNOR>
    <CSUD>6118</CSUD>
    <NORD>24424</NORD>
    <SARD>1045</SARD>
    <SICI>2010</SICI>
    <SUD>2872</SUD>
  </marketintervaldetail>
  <marketintervaldetail>
    <Data>20151123</Data>
    <Mercato>MGP</Mercato>
    <Ora>16</Ora>
    <Totale>42281</Totale>
    <CNOR>4703</CNOR>
    <CSUD>6228</CSUD>
    <NORD>25259</NORD>
    <SARD>1046</SARD>
    <SICI>2127</SICI>
    <SUD>2918</SUD>
  </marketintervaldetail>
  <marketintervaldetail>
    <Data>20151123</Data>
    <Mercato>MGP</Mercato>
    <Ora>17</Ora>
    <Totale>43792</Totale>
    <CNOR>4891</CNOR>
    <CSUD>6392</CSUD>
    <NORD>26144</NORD>
    <SARD>1070</SARD>
    <SICI>2196</SICI>
    <SUD>3099</SUD>
  </marketintervaldetail>
  <marketintervaldetail>
    <Data>20151123</Data>
    <Mercato>MGP</Mercato>
    <Ora>18</Ora>
    <Totale>46187</Totale>
    <CNOR>5179</CNOR>
    <CSUD>7046</CSUD>
    <NORD>26794</NORD>
    <SARD>1129</SARD>
    <SICI>2460</SICI>
    <SUD>3579</SUD>
  </marketintervaldetail>
  <marketintervaldetail>
    <Data>20151123</Data>
    <Mercato>MGP</Mercato>
    <Ora>19</Ora>
    <Totale>44799</Totale>
    <CNOR>4987</CNOR>
    <CSUD>7060</CSUD>
    <NORD>25563</NORD>
    <SARD>1173</SARD>
    <SICI>2519</SICI>
    <SUD>3497</SUD>
  </marketintervaldetail>
  <marketintervaldetail>
    <Data>20151123</Data>
    <Mercato>MGP</Mercato>
    <Ora>20</Ora>
    <Totale>43439</Totale>
    <CNOR>4774</CNOR>
    <CSUD>6995</CSUD>
    <NORD>24437</NORD>
    <SARD>1175</SARD>
    <SICI>2556</SICI>
    <SUD>3502</SUD>
  </marketintervaldetail>
  <marketintervaldetail>
    <Data>20151123</Data>
    <Mercato>MGP</Mercato>
    <Ora>21</Ora>
    <Totale>40800</Totale>
    <CNOR>4400</CNOR>
    <CSUD>6709</CSUD>
    <NORD>22598</NORD>
    <SARD>1141</SARD>
    <SICI>2495</SICI>
    <SUD>3457</SUD>
  </marketintervaldetail>
  <marketintervaldetail>
    <Data>20151123</Data>
    <Mercato>MGP</Mercato>
    <Ora>22</Ora>
    <Totale>37570</Totale>
    <CNOR>4063</CNOR>
    <CSUD>6189</CSUD>
    <NORD>20784</NORD>
    <SARD>1074</SARD>
    <SICI>2308</SICI>
    <SUD>3152</SUD>
  </marketintervaldetail>
  <marketintervaldetail>
    <Data>20151123</Data>
    <Mercato>MGP</Mercato>
    <Ora>23</Ora>
    <Totale>33460</Totale>
    <CNOR>3559</CNOR>
    <CSUD>5536</CSUD>
    <NORD>18400</NORD>
    <SARD>1000</SARD>
    <SICI>2107</SICI>
    <SUD>2858</SUD>
  </marketintervaldetail>
  <marketintervaldetail>
    <Data>20151123</Data>
    <Mercato>MGP</Mercato>
    <Ora>24</Ora>
    <Totale>30223</Totale>
    <CNOR>3198</CNOR>
    <CSUD>4939</CSUD>
    <NORD>16778</NORD>
    <SARD>933</SARD>
    <SICI>1889</SICI>
    <SUD>2486</SUD>
  </marketintervaldetail>
</NewDataSet>