<?xml version="1.0" standalone="yes"?>
<NewDataSet>
  <xs:schema id="NewDataSet" xmlns="" xmlns:xs="http://www.w3.org/2001/XMLSchema" xmlns:msdata="urn:schemas-microsoft-com:xml-msdata">
    <xs:element name="NewDataSet" msdata:IsDataSet="true" msdata:MainDataTable="marketintervaldetail" msdata:UseCurrentLocale="true">
      <xs:complexType>
        <xs:choice minOccurs="0" maxOccurs="unbounded">
          <xs:element name="marketintervaldetail">
            <xs:complexType>
              <xs:sequence>
                <xs:element name="Data" type="xs:string" minOccurs="0" />
                <xs:element name="Mercato" type="xs:string" minOccurs="0" />
                <xs:element name="Ora" type="xs:string" minOccurs="0" />
                <xs:element name="Totale" type="xs:string" minOccurs="0" />
                <xs:element name="CNOR" type="xs:string" minOccurs="0" />
                <xs:element name="CSUD" type="xs:string" minOccurs="0" />
                <xs:element name="NORD" type="xs:string" minOccurs="0" />
                <xs:element name="SARD" type="xs:string" minOccurs="0" />
                <xs:element name="SICI" type="xs:string" minOccurs="0" />
                <xs:element name="SUD" type="xs:string" minOccurs="0" />
              </xs:sequence>
            </xs:complexType>
          </xs:element>
        </xs:choice>
      </xs:complexType>
    </xs:element>
  </xs:schema>
  <marketintervaldetail>
    <Data>20151121</Data>
    <Mercato>MGP</Mercato>
    <Ora>01</Ora>
    <Totale>27658</Totale>
    <CNOR>3067</CNOR>
    <CSUD>3897</CSUD>
    <NORD>15379</NORD>
    <SARD>833</SARD>
    <SICI>1627</SICI>
    <SUD>2855</SUD>
  </marketintervaldetail>
  <marketintervaldetail>
    <Data>20151121</Data>
    <Mercato>MGP</Mercato>
    <Ora>02</Ora>
    <Totale>25688</Totale>
    <CNOR>2874</CNOR>
    <CSUD>3900</CSUD>
    <NORD>14247</NORD>
    <SARD>793</SARD>
    <SICI>1504</SICI>
    <SUD>2370</SUD>
  </marketintervaldetail>
  <marketintervaldetail>
    <Data>20151121</Data>
    <Mercato>MGP</Mercato>
    <Ora>03</Ora>
    <Totale>24373</Totale>
    <CNOR>2731</CNOR>
    <CSUD>3693</CSUD>
    <NORD>13493</NORD>
    <SARD>780</SARD>
    <SICI>1421</SICI>
    <SUD>2255</SUD>
  </marketintervaldetail>
  <marketintervaldetail>
    <Data>20151121</Data>
    <Mercato>MGP</Mercato>
    <Ora>04</Ora>
    <Totale>23610</Totale>
    <CNOR>2649</CNOR>
    <CSUD>3536</CSUD>
    <NORD>13077</NORD>
    <SARD>752</SARD>
    <SICI>1381</SICI>
    <SUD>2215</SUD>
  </marketintervaldetail>
  <marketintervaldetail>
    <Data>20151121</Data>
    <Mercato>MGP</Mercato>
    <Ora>05</Ora>
    <Totale>23502</Totale>
    <CNOR>2561</CNOR>
    <CSUD>3508</CSUD>
    <NORD>13037</NORD>
    <SARD>749</SARD>
    <SICI>1391</SICI>
    <SUD>2256</SUD>
  </marketintervaldetail>
  <marketintervaldetail>
    <Data>20151121</Data>
    <Mercato>MGP</Mercato>
    <Ora>06</Ora>
    <Totale>23920</Totale>
    <CNOR>2527</CNOR>
    <CSUD>3656</CSUD>
    <NORD>13317</NORD>
    <SARD>767</SARD>
    <SICI>1451</SICI>
    <SUD>2202</SUD>
  </marketintervaldetail>
  <marketintervaldetail>
    <Data>20151121</Data>
    <Mercato>MGP</Mercato>
    <Ora>07</Ora>
    <Totale>25805</Totale>
    <CNOR>2778</CNOR>
    <CSUD>3997</CSUD>
    <NORD>14432</NORD>
    <SARD>814</SARD>
    <SICI>1536</SICI>
    <SUD>2248</SUD>
  </marketintervaldetail>
  <marketintervaldetail>
    <Data>20151121</Data>
    <Mercato>MGP</Mercato>
    <Ora>08</Ora>
    <Totale>28718</Totale>
    <CNOR>3087</CNOR>
    <CSUD>4411</CSUD>
    <NORD>16235</NORD>
    <SARD>890</SARD>
    <SICI>1672</SICI>
    <SUD>2423</SUD>
  </marketintervaldetail>
  <marketintervaldetail>
    <Data>20151121</Data>
    <Mercato>MGP</Mercato>
    <Ora>09</Ora>
    <Totale>31513</Totale>
    <CNOR>3466</CNOR>
    <CSUD>4735</CSUD>
    <NORD>17680</NORD>
    <SARD>983</SARD>
    <SICI>1876</SICI>
    <SUD>2773</SUD>
  </marketintervaldetail>
  <marketintervaldetail>
    <Data>20151121</Data>
    <Mercato>MGP</Mercato>
    <Ora>10</Ora>
    <Totale>33601</Totale>
    <CNOR>3730</CNOR>
    <CSUD>5098</CSUD>
    <NORD>18747</NORD>
    <SARD>1029</SARD>
    <SICI>2028</SICI>
    <SUD>2969</SUD>
  </marketintervaldetail>
  <marketintervaldetail>
    <Data>20151121</Data>
    <Mercato>MGP</Mercato>
    <Ora>11</Ora>
    <Totale>33674</Totale>
    <CNOR>3737</CNOR>
    <CSUD>5243</CSUD>
    <NORD>18671</NORD>
    <SARD>993</SARD>
    <SICI>1946</SICI>
    <SUD>3084</SUD>
  </marketintervaldetail>
  <marketintervaldetail>
    <Data>20151121</Data>
    <Mercato>MGP</Mercato>
    <Ora>12</Ora>
    <Totale>33103</Totale>
    <CNOR>3685</CNOR>
    <CSUD>5207</CSUD>
    <NORD>18212</NORD>
    <SARD>926</SARD>
    <SICI>1867</SICI>
    <SUD>3206</SUD>
  </marketintervaldetail>
  <marketintervaldetail>
    <Data>20151121</Data>
    <Mercato>MGP</Mercato>
    <Ora>13</Ora>
    <Totale>32087</Totale>
    <CNOR>3501</CNOR>
    <CSUD>5325</CSUD>
    <NORD>17140</NORD>
    <SARD>925</SARD>
    <SICI>1870</SICI>
    <SUD>3326</SUD>
  </marketintervaldetail>
  <marketintervaldetail>
    <Data>20151121</Data>
    <Mercato>MGP</Mercato>
    <Ora>14</Ora>
    <Totale>30087</Totale>
    <CNOR>3186</CNOR>
    <CSUD>5097</CSUD>
    <NORD>16082</NORD>
    <SARD>878</SARD>
    <SICI>1841</SICI>
    <SUD>3003</SUD>
  </marketintervaldetail>
  <marketintervaldetail>
    <Data>20151121</Data>
    <Mercato>MGP</Mercato>
    <Ora>15</Ora>
    <Totale>29758</Totale>
    <CNOR>3140</CNOR>
    <CSUD>4968</CSUD>
    <NORD>16069</NORD>
    <SARD>867</SARD>
    <SICI>1864</SICI>
    <SUD>2850</SUD>
  </marketintervaldetail>
  <marketintervaldetail>
    <Data>20151121</Data>
    <Mercato>MGP</Mercato>
    <Ora>16</Ora>
    <Totale>30188</Totale>
    <CNOR>3168</CNOR>
    <CSUD>5011</CSUD>
    <NORD>16270</NORD>
    <SARD>878</SARD>
    <SICI>1926</SICI>
    <SUD>2935</SUD>
  </marketintervaldetail>
  <marketintervaldetail>
    <Data>20151121</Data>
    <Mercato>MGP</Mercato>
    <Ora>17</Ora>
    <Totale>31151</Totale>
    <CNOR>3305</CNOR>
    <CSUD>5177</CSUD>
    <NORD>16776</NORD>
    <SARD>922</SARD>
    <SICI>1993</SICI>
    <SUD>2978</SUD>
  </marketintervaldetail>
  <marketintervaldetail>
    <Data>20151121</Data>
    <Mercato>MGP</Mercato>
    <Ora>18</Ora>
    <Totale>34512</Totale>
    <CNOR>3760</CNOR>
    <CSUD>5722</CSUD>
    <NORD>18417</NORD>
    <SARD>1018</SARD>
    <SICI>2281</SICI>
    <SUD>3314</SUD>
  </marketintervaldetail>
  <marketintervaldetail>
    <Data>20151121</Data>
    <Mercato>MGP</Mercato>
    <Ora>19</Ora>
    <Totale>35264</Totale>
    <CNOR>3900</CNOR>
    <CSUD>5789</CSUD>
    <NORD>18758</NORD>
    <SARD>1087</SARD>
    <SICI>2356</SICI>
    <SUD>3374</SUD>
  </marketintervaldetail>
  <marketintervaldetail>
    <Data>20151121</Data>
    <Mercato>MGP</Mercato>
    <Ora>20</Ora>
    <Totale>35048</Totale>
    <CNOR>3959</CNOR>
    <CSUD>5794</CSUD>
    <NORD>18443</NORD>
    <SARD>1100</SARD>
    <SICI>2357</SICI>
    <SUD>3395</SUD>
  </marketintervaldetail>
  <marketintervaldetail>
    <Data>20151121</Data>
    <Mercato>MGP</Mercato>
    <Ora>21</Ora>
    <Totale>32931</Totale>
    <CNOR>3724</CNOR>
    <CSUD>5544</CSUD>
    <NORD>17045</NORD>
    <SARD>1059</SARD>
    <SICI>2287</SICI>
    <SUD>3272</SUD>
  </marketintervaldetail>
  <marketintervaldetail>
    <Data>20151121</Data>
    <Mercato>MGP</Mercato>
    <Ora>22</Ora>
    <Totale>30411</Totale>
    <CNOR>3415</CNOR>
    <CSUD>5070</CSUD>
    <NORD>15771</NORD>
    <SARD>997</SARD>
    <SICI>2089</SICI>
    <SUD>3069</SUD>
  </marketintervaldetail>
  <marketintervaldetail>
    <Data>20151121</Data>
    <Mercato>MGP</Mercato>
    <Ora>23</Ora>
    <Totale>27878</Totale>
    <CNOR>3124</CNOR>
    <CSUD>4609</CSUD>
    <NORD>14461</NORD>
    <SARD>937</SARD>
    <SICI>1916</SICI>
    <SUD>2831</SUD>
  </marketintervaldetail>
  <marketintervaldetail>
    <Data>20151121</Data>
    <Mercato>MGP</Mercato>
    <Ora>24</Ora>
    <Totale>25531</Totale>
    <CNOR>2935</CNOR>
    <CSUD>4169</CSUD>
    <NORD>13213</NORD>
    <SARD>899</SARD>
    <SICI>1768</SICI>
    <SUD>2547</SUD>
  </marketintervaldetail>
</NewDataSet>