<?xml version="1.0" standalone="yes"?>
<NewDataSet>
  <xs:schema id="NewDataSet" xmlns="" xmlns:xs="http://www.w3.org/2001/XMLSchema" xmlns:msdata="urn:schemas-microsoft-com:xml-msdata">
    <xs:element name="NewDataSet" msdata:IsDataSet="true" msdata:UseCurrentLocale="true">
      <xs:complexType>
        <xs:choice minOccurs="0" maxOccurs="unbounded">
          <xs:element name="Prezzi">
            <xs:complexType>
              <xs:sequence>
                <xs:element name="Data" type="xs:string" minOccurs="0" />
                <xs:element name="Mercato" type="xs:string" minOccurs="0" />
                <xs:element name="Ora" type="xs:string" minOccurs="0" />
                <xs:element name="PUN" type="xs:string" minOccurs="0" />
                <xs:element name="NAT" type="xs:string" minOccurs="0" />
                <xs:element name="CNOR" type="xs:string" minOccurs="0" />
                <xs:element name="CSUD" type="xs:string" minOccurs="0" />
                <xs:element name="NORD" type="xs:string" minOccurs="0" />
                <xs:element name="SARD" type="xs:string" minOccurs="0" />
                <xs:element name="SICI" type="xs:string" minOccurs="0" />
                <xs:element name="SUD" type="xs:string" minOccurs="0" />
                <xs:element name="AUST" type="xs:string" minOccurs="0" />
                <xs:element name="BRNN" type="xs:string" minOccurs="0" />
                <xs:element name="COAC" type="xs:string" minOccurs="0" />
                <xs:element name="CORS" type="xs:string" minOccurs="0" />
                <xs:element name="FOGN" type="xs:string" minOccurs="0" />
                <xs:element name="FRAN" type="xs:string" minOccurs="0" />
                <xs:element name="GREC" type="xs:string" minOccurs="0" />
                <xs:element name="MFTV" type="xs:string" minOccurs="0" />
                <xs:element name="PRGP" type="xs:string" minOccurs="0" />
                <xs:element name="ROSN" type="xs:string" minOccurs="0" />
                <xs:element name="SLOV" type="xs:string" minOccurs="0" />
                <xs:element name="SVIZ" type="xs:string" minOccurs="0" />
                <xs:element name="BSP" type="xs:string" minOccurs="0" />
              </xs:sequence>
            </xs:complexType>
          </xs:element>
        </xs:choice>
      </xs:complexType>
    </xs:element>
  </xs:schema>
  <Prezzi>
    <Data>20140718</Data>
    <Mercato>MGP</Mercato>
    <Ora>1</Ora>
    <PUN>49,940000</PUN>
    <NAT>44,310000</NAT>
    <CNOR>39,670000</CNOR>
    <CSUD>39,670000</CSUD>
    <NORD>39,670000</NORD>
    <SARD>169,530000</SARD>
    <SICI>90,020000</SICI>
    <SUD>39,670000</SUD>
    <AUST>39,670000</AUST>
    <BRNN>39,670000</BRNN>
    <COAC>169,530000</COAC>
    <CORS>169,530000</CORS>
    <FOGN>39,670000</FOGN>
    <FRAN>39,670000</FRAN>
    <GREC>39,670000</GREC>
    <MFTV>39,670000</MFTV>
    <PRGP>90,020000</PRGP>
    <ROSN>39,670000</ROSN>
    <SLOV>39,670000</SLOV>
    <SVIZ>39,670000</SVIZ>
    <BSP>35,880000</BSP>
  </Prezzi>
  <Prezzi>
    <Data>20140718</Data>
    <Mercato>MGP</Mercato>
    <Ora>2</Ora>
    <PUN>48,392857</PUN>
    <NAT>41,420000</NAT>
    <CNOR>38,640000</CNOR>
    <CSUD>38,640000</CSUD>
    <NORD>38,640000</NORD>
    <SARD>169,500000</SARD>
    <SICI>80,020000</SICI>
    <SUD>38,640000</SUD>
    <AUST>38,640000</AUST>
    <BRNN>38,640000</BRNN>
    <COAC>169,500000</COAC>
    <CORS>169,500000</CORS>
    <FOGN>38,640000</FOGN>
    <FRAN>38,640000</FRAN>
    <GREC>38,640000</GREC>
    <MFTV>38,640000</MFTV>
    <PRGP>80,020000</PRGP>
    <ROSN>38,640000</ROSN>
    <SLOV>38,640000</SLOV>
    <SVIZ>38,640000</SVIZ>
    <BSP>32,530000</BSP>
  </Prezzi>
  <Prezzi>
    <Data>20140718</Data>
    <Mercato>MGP</Mercato>
    <Ora>3</Ora>
    <PUN>46,283928</PUN>
    <NAT>39,680000</NAT>
    <CNOR>36,990000</CNOR>
    <CSUD>36,990000</CSUD>
    <NORD>36,990000</NORD>
    <SARD>169,500000</SARD>
    <SICI>70,020000</SICI>
    <SUD>36,990000</SUD>
    <AUST>36,990000</AUST>
    <BRNN>36,990000</BRNN>
    <COAC>169,500000</COAC>
    <CORS>169,500000</CORS>
    <FOGN>36,990000</FOGN>
    <FRAN>36,990000</FRAN>
    <GREC>36,990000</GREC>
    <MFTV>36,990000</MFTV>
    <PRGP>70,020000</PRGP>
    <ROSN>36,990000</ROSN>
    <SLOV>36,990000</SLOV>
    <SVIZ>36,990000</SVIZ>
    <BSP>29,330000</BSP>
  </Prezzi>
  <Prezzi>
    <Data>20140718</Data>
    <Mercato>MGP</Mercato>
    <Ora>4</Ora>
    <PUN>45,482866</PUN>
    <NAT>39,260000</NAT>
    <CNOR>36,000000</CNOR>
    <CSUD>36,000000</CSUD>
    <NORD>36,000000</NORD>
    <SARD>169,500000</SARD>
    <SICI>70,020000</SICI>
    <SUD>36,000000</SUD>
    <AUST>36,000000</AUST>
    <BRNN>36,000000</BRNN>
    <COAC>169,500000</COAC>
    <CORS>169,500000</CORS>
    <FOGN>36,000000</FOGN>
    <FRAN>36,000000</FRAN>
    <GREC>36,000000</GREC>
    <MFTV>36,000000</MFTV>
    <PRGP>70,020000</PRGP>
    <ROSN>36,000000</ROSN>
    <SLOV>36,000000</SLOV>
    <SVIZ>36,000000</SVIZ>
    <BSP>28,420000</BSP>
  </Prezzi>
  <Prezzi>
    <Data>20140718</Data>
    <Mercato>MGP</Mercato>
    <Ora>5</Ora>
    <PUN>45,464337</PUN>
    <NAT>39,030000</NAT>
    <CNOR>36,200000</CNOR>
    <CSUD>36,200000</CSUD>
    <NORD>36,200000</NORD>
    <SARD>169,500000</SARD>
    <SICI>70,020000</SICI>
    <SUD>36,200000</SUD>
    <AUST>36,200000</AUST>
    <BRNN>36,200000</BRNN>
    <COAC>169,500000</COAC>
    <CORS>169,500000</CORS>
    <FOGN>36,200000</FOGN>
    <FRAN>36,200000</FRAN>
    <GREC>36,200000</GREC>
    <MFTV>36,200000</MFTV>
    <PRGP>70,020000</PRGP>
    <ROSN>36,200000</ROSN>
    <SLOV>36,200000</SLOV>
    <SVIZ>36,200000</SVIZ>
    <BSP>30,170000</BSP>
  </Prezzi>
  <Prezzi>
    <Data>20140718</Data>
    <Mercato>MGP</Mercato>
    <Ora>6</Ora>
    <PUN>45,813444</PUN>
    <NAT>39,670000</NAT>
    <CNOR>36,990000</CNOR>
    <CSUD>36,990000</CSUD>
    <NORD>36,990000</NORD>
    <SARD>169,500000</SARD>
    <SICI>70,020000</SICI>
    <SUD>36,990000</SUD>
    <AUST>36,990000</AUST>
    <BRNN>36,990000</BRNN>
    <COAC>169,500000</COAC>
    <CORS>169,500000</CORS>
    <FOGN>36,990000</FOGN>
    <FRAN>36,990000</FRAN>
    <GREC>36,990000</GREC>
    <MFTV>36,990000</MFTV>
    <PRGP>70,020000</PRGP>
    <ROSN>36,990000</ROSN>
    <SLOV>36,990000</SLOV>
    <SVIZ>36,990000</SVIZ>
    <BSP>31,900000</BSP>
  </Prezzi>
  <Prezzi>
    <Data>20140718</Data>
    <Mercato>MGP</Mercato>
    <Ora>7</Ora>
    <PUN>48,264160</PUN>
    <NAT>44,400000</NAT>
    <CNOR>39,670000</CNOR>
    <CSUD>39,670000</CSUD>
    <NORD>39,670000</NORD>
    <SARD>169,500000</SARD>
    <SICI>70,020000</SICI>
    <SUD>39,670000</SUD>
    <AUST>39,670000</AUST>
    <BRNN>39,670000</BRNN>
    <COAC>169,500000</COAC>
    <CORS>169,500000</CORS>
    <FOGN>39,670000</FOGN>
    <FRAN>39,670000</FRAN>
    <GREC>39,670000</GREC>
    <MFTV>39,670000</MFTV>
    <PRGP>70,020000</PRGP>
    <ROSN>39,670000</ROSN>
    <SLOV>39,670000</SLOV>
    <SVIZ>39,670000</SVIZ>
    <BSP>39,670000</BSP>
  </Prezzi>
  <Prezzi>
    <Data>20140718</Data>
    <Mercato>MGP</Mercato>
    <Ora>8</Ora>
    <PUN>51,932424</PUN>
    <NAT>45,780000</NAT>
    <CNOR>42,530000</CNOR>
    <CSUD>42,530000</CSUD>
    <NORD>42,530000</NORD>
    <SARD>169,500000</SARD>
    <SICI>95,020000</SICI>
    <SUD>42,530000</SUD>
    <AUST>42,530000</AUST>
    <BRNN>42,530000</BRNN>
    <COAC>169,500000</COAC>
    <CORS>169,500000</CORS>
    <FOGN>42,530000</FOGN>
    <FRAN>42,530000</FRAN>
    <GREC>42,530000</GREC>
    <MFTV>42,530000</MFTV>
    <PRGP>95,020000</PRGP>
    <ROSN>42,530000</ROSN>
    <SLOV>42,530000</SLOV>
    <SVIZ>42,530000</SVIZ>
    <BSP>42,530000</BSP>
  </Prezzi>
  <Prezzi>
    <Data>20140718</Data>
    <Mercato>MGP</Mercato>
    <Ora>9</Ora>
    <PUN>56,312283</PUN>
    <NAT>48,960000</NAT>
    <CNOR>45,630000</CNOR>
    <CSUD>45,630000</CSUD>
    <NORD>45,630000</NORD>
    <SARD>169,500000</SARD>
    <SICI>130,020000</SICI>
    <SUD>45,630000</SUD>
    <AUST>45,630000</AUST>
    <BRNN>45,630000</BRNN>
    <COAC>169,500000</COAC>
    <CORS>169,500000</CORS>
    <FOGN>45,630000</FOGN>
    <FRAN>45,630000</FRAN>
    <GREC>45,630000</GREC>
    <MFTV>45,630000</MFTV>
    <PRGP>130,020000</PRGP>
    <ROSN>45,630000</ROSN>
    <SLOV>45,630000</SLOV>
    <SVIZ>45,630000</SVIZ>
    <BSP>45,600000</BSP>
  </Prezzi>
  <Prezzi>
    <Data>20140718</Data>
    <Mercato>MGP</Mercato>
    <Ora>10</Ora>
    <PUN>55,177946</PUN>
    <NAT>48,980000</NAT>
    <CNOR>44,260000</CNOR>
    <CSUD>44,260000</CSUD>
    <NORD>44,260000</NORD>
    <SARD>169,500000</SARD>
    <SICI>135,020000</SICI>
    <SUD>44,260000</SUD>
    <AUST>44,260000</AUST>
    <BRNN>44,260000</BRNN>
    <COAC>169,500000</COAC>
    <CORS>169,500000</CORS>
    <FOGN>44,260000</FOGN>
    <FRAN>44,260000</FRAN>
    <GREC>44,260000</GREC>
    <MFTV>44,260000</MFTV>
    <PRGP>135,020000</PRGP>
    <ROSN>44,260000</ROSN>
    <SLOV>44,260000</SLOV>
    <SVIZ>44,260000</SVIZ>
    <BSP>44,260000</BSP>
  </Prezzi>
  <Prezzi>
    <Data>20140718</Data>
    <Mercato>MGP</Mercato>
    <Ora>11</Ora>
    <PUN>50,384380</PUN>
    <NAT>45,530000</NAT>
    <CNOR>40,680000</CNOR>
    <CSUD>40,680000</CSUD>
    <NORD>42,000000</NORD>
    <SARD>113,030000</SARD>
    <SICI>135,020000</SICI>
    <SUD>40,680000</SUD>
    <AUST>42,000000</AUST>
    <BRNN>40,680000</BRNN>
    <COAC>113,030000</COAC>
    <CORS>113,030000</CORS>
    <FOGN>40,680000</FOGN>
    <FRAN>42,000000</FRAN>
    <GREC>40,680000</GREC>
    <MFTV>42,000000</MFTV>
    <PRGP>135,020000</PRGP>
    <ROSN>40,680000</ROSN>
    <SLOV>42,000000</SLOV>
    <SVIZ>42,000000</SVIZ>
    <BSP>42,000000</BSP>
  </Prezzi>
  <Prezzi>
    <Data>20140718</Data>
    <Mercato>MGP</Mercato>
    <Ora>12</Ora>
    <PUN>50,000000</PUN>
    <NAT>44,830000</NAT>
    <CNOR>39,400000</CNOR>
    <CSUD>39,400000</CSUD>
    <NORD>42,621134</NORD>
    <SARD>113,030000</SARD>
    <SICI>130,020000</SICI>
    <SUD>39,400000</SUD>
    <AUST>42,621134</AUST>
    <BRNN>39,400000</BRNN>
    <COAC>113,030000</COAC>
    <CORS>113,030000</CORS>
    <FOGN>39,400000</FOGN>
    <FRAN>42,621134</FRAN>
    <GREC>39,400000</GREC>
    <MFTV>42,621134</MFTV>
    <PRGP>130,020000</PRGP>
    <ROSN>39,400000</ROSN>
    <SLOV>42,621134</SLOV>
    <SVIZ>42,621134</SVIZ>
    <BSP>42,621134</BSP>
  </Prezzi>
  <Prezzi>
    <Data>20140718</Data>
    <Mercato>MGP</Mercato>
    <Ora>13</Ora>
    <PUN>43,161300</PUN>
    <NAT>40,100000</NAT>
    <CNOR>37,540000</CNOR>
    <CSUD>37,540000</CSUD>
    <NORD>39,640000</NORD>
    <SARD>72,440000</SARD>
    <SICI>81,020000</SICI>
    <SUD>37,540000</SUD>
    <AUST>39,640000</AUST>
    <BRNN>37,540000</BRNN>
    <COAC>72,440000</COAC>
    <CORS>72,440000</CORS>
    <FOGN>37,540000</FOGN>
    <FRAN>39,640000</FRAN>
    <GREC>37,540000</GREC>
    <MFTV>39,640000</MFTV>
    <PRGP>81,020000</PRGP>
    <ROSN>37,540000</ROSN>
    <SLOV>39,640000</SLOV>
    <SVIZ>39,640000</SVIZ>
    <BSP>39,640000</BSP>
  </Prezzi>
  <Prezzi>
    <Data>20140718</Data>
    <Mercato>MGP</Mercato>
    <Ora>14</Ora>
    <PUN>42,520325</PUN>
    <NAT>39,670000</NAT>
    <CNOR>38,340000</CNOR>
    <CSUD>38,340000</CSUD>
    <NORD>38,340000</NORD>
    <SARD>72,440000</SARD>
    <SICI>81,020000</SICI>
    <SUD>38,340000</SUD>
    <AUST>38,340000</AUST>
    <BRNN>38,340000</BRNN>
    <COAC>72,440000</COAC>
    <CORS>72,440000</CORS>
    <FOGN>38,340000</FOGN>
    <FRAN>38,340000</FRAN>
    <GREC>38,340000</GREC>
    <MFTV>38,340000</MFTV>
    <PRGP>81,020000</PRGP>
    <ROSN>38,340000</ROSN>
    <SLOV>38,340000</SLOV>
    <SVIZ>38,340000</SVIZ>
    <BSP>38,340000</BSP>
  </Prezzi>
  <Prezzi>
    <Data>20140718</Data>
    <Mercato>MGP</Mercato>
    <Ora>15</Ora>
    <PUN>44,185150</PUN>
    <NAT>41,460000</NAT>
    <CNOR>38,540000</CNOR>
    <CSUD>38,540000</CSUD>
    <NORD>41,360000</NORD>
    <SARD>72,440000</SARD>
    <SICI>81,010000</SICI>
    <SUD>38,540000</SUD>
    <AUST>41,360000</AUST>
    <BRNN>38,540000</BRNN>
    <COAC>72,440000</COAC>
    <CORS>72,440000</CORS>
    <FOGN>38,540000</FOGN>
    <FRAN>41,360000</FRAN>
    <GREC>38,540000</GREC>
    <MFTV>41,360000</MFTV>
    <PRGP>81,010000</PRGP>
    <ROSN>38,540000</ROSN>
    <SLOV>41,360000</SLOV>
    <SVIZ>41,360000</SVIZ>
    <BSP>41,360000</BSP>
  </Prezzi>
  <Prezzi>
    <Data>20140718</Data>
    <Mercato>MGP</Mercato>
    <Ora>16</Ora>
    <PUN>44,757927</PUN>
    <NAT>42,800000</NAT>
    <CNOR>39,400000</CNOR>
    <CSUD>39,400000</CSUD>
    <NORD>42,000000</NORD>
    <SARD>72,440000</SARD>
    <SICI>81,010000</SICI>
    <SUD>39,400000</SUD>
    <AUST>42,000000</AUST>
    <BRNN>39,400000</BRNN>
    <COAC>72,440000</COAC>
    <CORS>72,440000</CORS>
    <FOGN>39,400000</FOGN>
    <FRAN>42,000000</FRAN>
    <GREC>39,400000</GREC>
    <MFTV>42,000000</MFTV>
    <PRGP>81,010000</PRGP>
    <ROSN>39,400000</ROSN>
    <SLOV>42,000000</SLOV>
    <SVIZ>42,000000</SVIZ>
    <BSP>42,000000</BSP>
  </Prezzi>
  <Prezzi>
    <Data>20140718</Data>
    <Mercato>MGP</Mercato>
    <Ora>17</Ora>
    <PUN>47,280000</PUN>
    <NAT>45,010000</NAT>
    <CNOR>42,959698</CNOR>
    <CSUD>42,959698</CSUD>
    <NORD>42,959698</NORD>
    <SARD>72,440000</SARD>
    <SICI>95,020000</SICI>
    <SUD>42,220000</SUD>
    <AUST>42,959698</AUST>
    <BRNN>42,220000</BRNN>
    <COAC>72,440000</COAC>
    <CORS>72,440000</CORS>
    <FOGN>42,220000</FOGN>
    <FRAN>42,959698</FRAN>
    <GREC>42,220000</GREC>
    <MFTV>42,959698</MFTV>
    <PRGP>95,020000</PRGP>
    <ROSN>42,220000</ROSN>
    <SLOV>42,959698</SLOV>
    <SVIZ>42,959698</SVIZ>
    <BSP>42,959698</BSP>
  </Prezzi>
  <Prezzi>
    <Data>20140718</Data>
    <Mercato>MGP</Mercato>
    <Ora>18</Ora>
    <PUN>48,643596</PUN>
    <NAT>45,230000</NAT>
    <CNOR>42,260000</CNOR>
    <CSUD>42,260000</CSUD>
    <NORD>42,260000</NORD>
    <SARD>113,030000</SARD>
    <SICI>95,020000</SICI>
    <SUD>42,260000</SUD>
    <AUST>42,260000</AUST>
    <BRNN>42,260000</BRNN>
    <COAC>113,030000</COAC>
    <CORS>113,030000</CORS>
    <FOGN>42,260000</FOGN>
    <FRAN>42,260000</FRAN>
    <GREC>42,260000</GREC>
    <MFTV>42,260000</MFTV>
    <PRGP>95,020000</PRGP>
    <ROSN>42,260000</ROSN>
    <SLOV>42,260000</SLOV>
    <SVIZ>42,260000</SVIZ>
    <BSP>42,260000</BSP>
  </Prezzi>
  <Prezzi>
    <Data>20140718</Data>
    <Mercato>MGP</Mercato>
    <Ora>19</Ora>
    <PUN>54,466281</PUN>
    <NAT>48,290000</NAT>
    <CNOR>45,210000</CNOR>
    <CSUD>45,210000</CSUD>
    <NORD>45,210000</NORD>
    <SARD>169,500000</SARD>
    <SICI>100,020000</SICI>
    <SUD>45,210000</SUD>
    <AUST>45,210000</AUST>
    <BRNN>45,210000</BRNN>
    <COAC>169,500000</COAC>
    <CORS>169,500000</CORS>
    <FOGN>45,210000</FOGN>
    <FRAN>45,210000</FRAN>
    <GREC>45,210000</GREC>
    <MFTV>45,210000</MFTV>
    <PRGP>100,020000</PRGP>
    <ROSN>45,210000</ROSN>
    <SLOV>45,210000</SLOV>
    <SVIZ>45,210000</SVIZ>
    <BSP>44,060000</BSP>
  </Prezzi>
  <Prezzi>
    <Data>20140718</Data>
    <Mercato>MGP</Mercato>
    <Ora>20</Ora>
    <PUN>57,790692</PUN>
    <NAT>50,000000</NAT>
    <CNOR>47,000000</CNOR>
    <CSUD>47,000000</CSUD>
    <NORD>47,000000</NORD>
    <SARD>169,500000</SARD>
    <SICI>125,020000</SICI>
    <SUD>47,000000</SUD>
    <AUST>47,000000</AUST>
    <BRNN>47,000000</BRNN>
    <COAC>169,500000</COAC>
    <CORS>169,500000</CORS>
    <FOGN>47,000000</FOGN>
    <FRAN>47,000000</FRAN>
    <GREC>47,000000</GREC>
    <MFTV>47,000000</MFTV>
    <PRGP>125,020000</PRGP>
    <ROSN>47,000000</ROSN>
    <SLOV>47,000000</SLOV>
    <SVIZ>47,000000</SVIZ>
    <BSP>43,540000</BSP>
  </Prezzi>
  <Prezzi>
    <Data>20140718</Data>
    <Mercato>MGP</Mercato>
    <Ora>21</Ora>
    <PUN>58,260000</PUN>
    <NAT>51,760000</NAT>
    <CNOR>46,027802</CNOR>
    <CSUD>46,027802</CSUD>
    <NORD>46,027802</NORD>
    <SARD>169,530000</SARD>
    <SICI>135,020000</SICI>
    <SUD>46,027802</SUD>
    <AUST>46,027802</AUST>
    <BRNN>46,027802</BRNN>
    <COAC>169,530000</COAC>
    <CORS>169,530000</CORS>
    <FOGN>46,027802</FOGN>
    <FRAN>46,027802</FRAN>
    <GREC>46,027802</GREC>
    <MFTV>46,027802</MFTV>
    <PRGP>135,020000</PRGP>
    <ROSN>46,027802</ROSN>
    <SLOV>46,027802</SLOV>
    <SVIZ>46,027802</SVIZ>
    <BSP>45,010000</BSP>
  </Prezzi>
  <Prezzi>
    <Data>20140718</Data>
    <Mercato>MGP</Mercato>
    <Ora>22</Ora>
    <PUN>60,500000</PUN>
    <NAT>55,930000</NAT>
    <CNOR>48,020000</CNOR>
    <CSUD>48,020000</CSUD>
    <NORD>48,020000</NORD>
    <SARD>185,111911</SARD>
    <SICI>135,020000</SICI>
    <SUD>48,020000</SUD>
    <AUST>48,020000</AUST>
    <BRNN>48,020000</BRNN>
    <COAC>185,111911</COAC>
    <CORS>185,111911</CORS>
    <FOGN>48,020000</FOGN>
    <FRAN>48,020000</FRAN>
    <GREC>48,020000</GREC>
    <MFTV>48,020000</MFTV>
    <PRGP>135,020000</PRGP>
    <ROSN>48,020000</ROSN>
    <SLOV>48,020000</SLOV>
    <SVIZ>48,020000</SVIZ>
    <BSP>48,020000</BSP>
  </Prezzi>
  <Prezzi>
    <Data>20140718</Data>
    <Mercato>MGP</Mercato>
    <Ora>23</Ora>
    <PUN>60,285498</PUN>
    <NAT>49,990000</NAT>
    <CNOR>44,000000</CNOR>
    <CSUD>44,000000</CSUD>
    <NORD>44,000000</NORD>
    <SARD>274,130000</SARD>
    <SICI>119,660000</SICI>
    <SUD>44,000000</SUD>
    <AUST>44,000000</AUST>
    <BRNN>44,000000</BRNN>
    <COAC>274,130000</COAC>
    <CORS>274,130000</CORS>
    <FOGN>44,000000</FOGN>
    <FRAN>44,000000</FRAN>
    <GREC>44,000000</GREC>
    <MFTV>44,000000</MFTV>
    <PRGP>119,660000</PRGP>
    <ROSN>44,000000</ROSN>
    <SLOV>44,000000</SLOV>
    <SVIZ>44,000000</SVIZ>
    <BSP>44,000000</BSP>
  </Prezzi>
  <Prezzi>
    <Data>20140718</Data>
    <Mercato>MGP</Mercato>
    <Ora>24</Ora>
    <PUN>51,140633</PUN>
    <NAT>44,530000</NAT>
    <CNOR>40,990000</CNOR>
    <CSUD>40,990000</CSUD>
    <NORD>40,990000</NORD>
    <SARD>169,530000</SARD>
    <SICI>95,020000</SICI>
    <SUD>40,990000</SUD>
    <AUST>40,990000</AUST>
    <BRNN>40,990000</BRNN>
    <COAC>169,530000</COAC>
    <CORS>169,530000</CORS>
    <FOGN>40,990000</FOGN>
    <FRAN>40,990000</FRAN>
    <GREC>40,990000</GREC>
    <MFTV>40,990000</MFTV>
    <PRGP>95,020000</PRGP>
    <ROSN>40,990000</ROSN>
    <SLOV>40,990000</SLOV>
    <SVIZ>40,990000</SVIZ>
    <BSP>40,990000</BSP>
  </Prezzi>
</NewDataSet>