<?xml version="1.0" standalone="yes"?>
<NewDataSet>
  <xs:schema id="NewDataSet" xmlns="" xmlns:xs="http://www.w3.org/2001/XMLSchema" xmlns:msdata="urn:schemas-microsoft-com:xml-msdata">
    <xs:element name="NewDataSet" msdata:IsDataSet="true" msdata:UseCurrentLocale="true">
      <xs:complexType>
        <xs:choice minOccurs="0" maxOccurs="unbounded">
          <xs:element name="Prezzi">
            <xs:complexType>
              <xs:sequence>
                <xs:element name="Data" type="xs:string" minOccurs="0" />
                <xs:element name="Mercato" type="xs:string" minOccurs="0" />
                <xs:element name="Ora" type="xs:string" minOccurs="0" />
                <xs:element name="PUN" type="xs:string" minOccurs="0" />
                <xs:element name="NAT" type="xs:string" minOccurs="0" />
                <xs:element name="CNOR" type="xs:string" minOccurs="0" />
                <xs:element name="CSUD" type="xs:string" minOccurs="0" />
                <xs:element name="NORD" type="xs:string" minOccurs="0" />
                <xs:element name="SARD" type="xs:string" minOccurs="0" />
                <xs:element name="SICI" type="xs:string" minOccurs="0" />
                <xs:element name="SUD" type="xs:string" minOccurs="0" />
                <xs:element name="AUST" type="xs:string" minOccurs="0" />
                <xs:element name="BRNN" type="xs:string" minOccurs="0" />
                <xs:element name="COAC" type="xs:string" minOccurs="0" />
                <xs:element name="CORS" type="xs:string" minOccurs="0" />
                <xs:element name="FOGN" type="xs:string" minOccurs="0" />
                <xs:element name="FRAN" type="xs:string" minOccurs="0" />
                <xs:element name="GREC" type="xs:string" minOccurs="0" />
                <xs:element name="MFTV" type="xs:string" minOccurs="0" />
                <xs:element name="PRGP" type="xs:string" minOccurs="0" />
                <xs:element name="ROSN" type="xs:string" minOccurs="0" />
                <xs:element name="SLOV" type="xs:string" minOccurs="0" />
                <xs:element name="SVIZ" type="xs:string" minOccurs="0" />
                <xs:element name="BSP" type="xs:string" minOccurs="0" />
              </xs:sequence>
            </xs:complexType>
          </xs:element>
        </xs:choice>
      </xs:complexType>
    </xs:element>
  </xs:schema>
  <Prezzi>
    <Data>20140727</Data>
    <Mercato>MGP</Mercato>
    <Ora>1</Ora>
    <PUN>50,510248</PUN>
    <NAT>48,420000</NAT>
    <CNOR>42,430000</CNOR>
    <CSUD>42,430000</CSUD>
    <NORD>42,430000</NORD>
    <SARD>72,270000</SARD>
    <SICI>119,660000</SICI>
    <SUD>42,430000</SUD>
    <AUST>42,430000</AUST>
    <BRNN>42,430000</BRNN>
    <COAC>72,270000</COAC>
    <CORS>72,270000</CORS>
    <FOGN>42,430000</FOGN>
    <FRAN>42,430000</FRAN>
    <GREC>42,430000</GREC>
    <MFTV>42,430000</MFTV>
    <PRGP>119,660000</PRGP>
    <ROSN>42,430000</ROSN>
    <SLOV>42,430000</SLOV>
    <SVIZ>42,430000</SVIZ>
    <BSP>32,260000</BSP>
  </Prezzi>
  <Prezzi>
    <Data>20140727</Data>
    <Mercato>MGP</Mercato>
    <Ora>2</Ora>
    <PUN>44,552302</PUN>
    <NAT>42,990000</NAT>
    <CNOR>41,130000</CNOR>
    <CSUD>41,130000</CSUD>
    <NORD>41,130000</NORD>
    <SARD>43,530000</SARD>
    <SICI>80,010000</SICI>
    <SUD>41,130000</SUD>
    <AUST>41,130000</AUST>
    <BRNN>41,130000</BRNN>
    <COAC>43,530000</COAC>
    <CORS>43,530000</CORS>
    <FOGN>41,130000</FOGN>
    <FRAN>41,130000</FRAN>
    <GREC>41,130000</GREC>
    <MFTV>41,130000</MFTV>
    <PRGP>80,010000</PRGP>
    <ROSN>41,130000</ROSN>
    <SLOV>41,130000</SLOV>
    <SVIZ>41,130000</SVIZ>
    <BSP>28,000000</BSP>
  </Prezzi>
  <Prezzi>
    <Data>20140727</Data>
    <Mercato>MGP</Mercato>
    <Ora>3</Ora>
    <PUN>42,830090</PUN>
    <NAT>41,240000</NAT>
    <CNOR>40,350000</CNOR>
    <CSUD>40,350000</CSUD>
    <NORD>40,350000</NORD>
    <SARD>40,350000</SARD>
    <SICI>70,010000</SICI>
    <SUD>40,350000</SUD>
    <AUST>40,350000</AUST>
    <BRNN>40,350000</BRNN>
    <COAC>40,350000</COAC>
    <CORS>40,350000</CORS>
    <FOGN>40,350000</FOGN>
    <FRAN>40,350000</FRAN>
    <GREC>40,350000</GREC>
    <MFTV>40,350000</MFTV>
    <PRGP>70,010000</PRGP>
    <ROSN>40,350000</ROSN>
    <SLOV>40,350000</SLOV>
    <SVIZ>40,350000</SVIZ>
    <BSP>29,000000</BSP>
  </Prezzi>
  <Prezzi>
    <Data>20140727</Data>
    <Mercato>MGP</Mercato>
    <Ora>4</Ora>
    <PUN>41,630000</PUN>
    <NAT>40,550000</NAT>
    <CNOR>39,200000</CNOR>
    <CSUD>39,200000</CSUD>
    <NORD>39,200000</NORD>
    <SARD>39,200000</SARD>
    <SICI>70,000000</SICI>
    <SUD>39,200000</SUD>
    <AUST>39,200000</AUST>
    <BRNN>39,200000</BRNN>
    <COAC>39,200000</COAC>
    <CORS>39,200000</CORS>
    <FOGN>39,200000</FOGN>
    <FRAN>39,200000</FRAN>
    <GREC>39,200000</GREC>
    <MFTV>39,200000</MFTV>
    <PRGP>70,000000</PRGP>
    <ROSN>39,200000</ROSN>
    <SLOV>39,200000</SLOV>
    <SVIZ>39,200000</SVIZ>
    <BSP>25,160000</BSP>
  </Prezzi>
  <Prezzi>
    <Data>20140727</Data>
    <Mercato>MGP</Mercato>
    <Ora>5</Ora>
    <PUN>39,560000</PUN>
    <NAT>39,450000</NAT>
    <CNOR>37,065545</CNOR>
    <CSUD>37,065545</CSUD>
    <NORD>37,065545</NORD>
    <SARD>37,065545</SARD>
    <SICI>70,000000</SICI>
    <SUD>37,065545</SUD>
    <AUST>37,065545</AUST>
    <BRNN>37,065545</BRNN>
    <COAC>37,065545</COAC>
    <CORS>37,065545</CORS>
    <FOGN>37,065545</FOGN>
    <FRAN>37,065545</FRAN>
    <GREC>37,065545</GREC>
    <MFTV>37,065545</MFTV>
    <PRGP>70,000000</PRGP>
    <ROSN>37,065545</ROSN>
    <SLOV>37,065545</SLOV>
    <SVIZ>37,065545</SVIZ>
    <BSP>25,000000</BSP>
  </Prezzi>
  <Prezzi>
    <Data>20140727</Data>
    <Mercato>MGP</Mercato>
    <Ora>6</Ora>
    <PUN>39,078563</PUN>
    <NAT>39,200000</NAT>
    <CNOR>36,480000</CNOR>
    <CSUD>36,480000</CSUD>
    <NORD>36,480000</NORD>
    <SARD>36,480000</SARD>
    <SICI>70,000000</SICI>
    <SUD>36,480000</SUD>
    <AUST>36,480000</AUST>
    <BRNN>36,480000</BRNN>
    <COAC>36,480000</COAC>
    <CORS>36,480000</CORS>
    <FOGN>36,480000</FOGN>
    <FRAN>36,480000</FRAN>
    <GREC>36,480000</GREC>
    <MFTV>36,480000</MFTV>
    <PRGP>70,000000</PRGP>
    <ROSN>36,480000</ROSN>
    <SLOV>36,480000</SLOV>
    <SVIZ>36,480000</SVIZ>
    <BSP>24,380000</BSP>
  </Prezzi>
  <Prezzi>
    <Data>20140727</Data>
    <Mercato>MGP</Mercato>
    <Ora>7</Ora>
    <PUN>34,809513</PUN>
    <NAT>35,000000</NAT>
    <CNOR>31,750000</CNOR>
    <CSUD>31,750000</CSUD>
    <NORD>31,750000</NORD>
    <SARD>31,750000</SARD>
    <SICI>70,000000</SICI>
    <SUD>31,750000</SUD>
    <AUST>31,750000</AUST>
    <BRNN>31,750000</BRNN>
    <COAC>31,750000</COAC>
    <CORS>31,750000</CORS>
    <FOGN>31,750000</FOGN>
    <FRAN>31,750000</FRAN>
    <GREC>31,750000</GREC>
    <MFTV>31,750000</MFTV>
    <PRGP>70,000000</PRGP>
    <ROSN>31,750000</ROSN>
    <SLOV>31,750000</SLOV>
    <SVIZ>31,750000</SVIZ>
    <BSP>30,350000</BSP>
  </Prezzi>
  <Prezzi>
    <Data>20140727</Data>
    <Mercato>MGP</Mercato>
    <Ora>8</Ora>
    <PUN>38,010000</PUN>
    <NAT>35,000000</NAT>
    <CNOR>33,516790</CNOR>
    <CSUD>33,516790</CSUD>
    <NORD>33,516790</NORD>
    <SARD>33,516790</SARD>
    <SICI>95,000000</SICI>
    <SUD>33,516790</SUD>
    <AUST>33,516790</AUST>
    <BRNN>33,516790</BRNN>
    <COAC>33,516790</COAC>
    <CORS>33,516790</CORS>
    <FOGN>33,516790</FOGN>
    <FRAN>33,516790</FRAN>
    <GREC>33,516790</GREC>
    <MFTV>33,516790</MFTV>
    <PRGP>95,000000</PRGP>
    <ROSN>33,516790</ROSN>
    <SLOV>33,516790</SLOV>
    <SVIZ>33,516790</SVIZ>
    <BSP>33,516790</BSP>
  </Prezzi>
  <Prezzi>
    <Data>20140727</Data>
    <Mercato>MGP</Mercato>
    <Ora>9</Ora>
    <PUN>40,759964</PUN>
    <NAT>34,750000</NAT>
    <CNOR>33,400000</CNOR>
    <CSUD>33,910000</CSUD>
    <NORD>33,400000</NORD>
    <SARD>33,910000</SARD>
    <SICI>130,000000</SICI>
    <SUD>33,910000</SUD>
    <AUST>33,400000</AUST>
    <BRNN>33,910000</BRNN>
    <COAC>33,910000</COAC>
    <CORS>33,910000</CORS>
    <FOGN>33,910000</FOGN>
    <FRAN>33,400000</FRAN>
    <GREC>33,910000</GREC>
    <MFTV>33,400000</MFTV>
    <PRGP>130,000000</PRGP>
    <ROSN>33,910000</ROSN>
    <SLOV>33,400000</SLOV>
    <SVIZ>33,400000</SVIZ>
    <BSP>33,400000</BSP>
  </Prezzi>
  <Prezzi>
    <Data>20140727</Data>
    <Mercato>MGP</Mercato>
    <Ora>10</Ora>
    <PUN>41,938064</PUN>
    <NAT>37,030000</NAT>
    <CNOR>34,280000</CNOR>
    <CSUD>34,280000</CSUD>
    <NORD>34,280000</NORD>
    <SARD>34,280000</SARD>
    <SICI>135,000000</SICI>
    <SUD>34,280000</SUD>
    <AUST>34,280000</AUST>
    <BRNN>34,280000</BRNN>
    <COAC>34,280000</COAC>
    <CORS>34,280000</CORS>
    <FOGN>34,280000</FOGN>
    <FRAN>34,280000</FRAN>
    <GREC>34,280000</GREC>
    <MFTV>34,280000</MFTV>
    <PRGP>135,000000</PRGP>
    <ROSN>34,280000</ROSN>
    <SLOV>34,280000</SLOV>
    <SVIZ>34,280000</SVIZ>
    <BSP>34,280000</BSP>
  </Prezzi>
  <Prezzi>
    <Data>20140727</Data>
    <Mercato>MGP</Mercato>
    <Ora>11</Ora>
    <PUN>41,596637</PUN>
    <NAT>36,450000</NAT>
    <CNOR>33,890000</CNOR>
    <CSUD>33,890000</CSUD>
    <NORD>33,890000</NORD>
    <SARD>33,890000</SARD>
    <SICI>135,000000</SICI>
    <SUD>33,890000</SUD>
    <AUST>33,890000</AUST>
    <BRNN>33,890000</BRNN>
    <COAC>33,890000</COAC>
    <CORS>33,890000</CORS>
    <FOGN>33,890000</FOGN>
    <FRAN>33,890000</FRAN>
    <GREC>33,890000</GREC>
    <MFTV>33,890000</MFTV>
    <PRGP>135,000000</PRGP>
    <ROSN>33,890000</ROSN>
    <SLOV>33,890000</SLOV>
    <SVIZ>33,890000</SVIZ>
    <BSP>33,890000</BSP>
  </Prezzi>
  <Prezzi>
    <Data>20140727</Data>
    <Mercato>MGP</Mercato>
    <Ora>12</Ora>
    <PUN>36,118005</PUN>
    <NAT>33,910000</NAT>
    <CNOR>30,000000</CNOR>
    <CSUD>30,000000</CSUD>
    <NORD>30,000000</NORD>
    <SARD>30,000000</SARD>
    <SICI>110,000000</SICI>
    <SUD>30,000000</SUD>
    <AUST>30,000000</AUST>
    <BRNN>30,000000</BRNN>
    <COAC>30,000000</COAC>
    <CORS>30,000000</CORS>
    <FOGN>30,000000</FOGN>
    <FRAN>30,000000</FRAN>
    <GREC>30,000000</GREC>
    <MFTV>30,000000</MFTV>
    <PRGP>110,000000</PRGP>
    <ROSN>30,000000</ROSN>
    <SLOV>30,000000</SLOV>
    <SVIZ>30,000000</SVIZ>
    <BSP>30,000000</BSP>
  </Prezzi>
  <Prezzi>
    <Data>20140727</Data>
    <Mercato>MGP</Mercato>
    <Ora>13</Ora>
    <PUN>32,909447</PUN>
    <NAT>31,750000</NAT>
    <CNOR>28,910000</CNOR>
    <CSUD>28,910000</CSUD>
    <NORD>28,910000</NORD>
    <SARD>28,910000</SARD>
    <SICI>79,000000</SICI>
    <SUD>28,910000</SUD>
    <AUST>28,910000</AUST>
    <BRNN>28,910000</BRNN>
    <COAC>28,910000</COAC>
    <CORS>28,910000</CORS>
    <FOGN>28,910000</FOGN>
    <FRAN>28,910000</FRAN>
    <GREC>28,910000</GREC>
    <MFTV>28,910000</MFTV>
    <PRGP>79,000000</PRGP>
    <ROSN>28,910000</ROSN>
    <SLOV>28,910000</SLOV>
    <SVIZ>28,910000</SVIZ>
    <BSP>28,910000</BSP>
  </Prezzi>
  <Prezzi>
    <Data>20140727</Data>
    <Mercato>MGP</Mercato>
    <Ora>14</Ora>
    <PUN>26,047275</PUN>
    <NAT>25,000000</NAT>
    <CNOR>24,000000</CNOR>
    <CSUD>24,000000</CSUD>
    <NORD>24,000000</NORD>
    <SARD>24,000000</SARD>
    <SICI>49,990000</SICI>
    <SUD>24,000000</SUD>
    <AUST>24,000000</AUST>
    <BRNN>24,000000</BRNN>
    <COAC>24,000000</COAC>
    <CORS>24,000000</CORS>
    <FOGN>24,000000</FOGN>
    <FRAN>24,000000</FRAN>
    <GREC>24,000000</GREC>
    <MFTV>24,000000</MFTV>
    <PRGP>49,990000</PRGP>
    <ROSN>24,000000</ROSN>
    <SLOV>24,000000</SLOV>
    <SVIZ>24,000000</SVIZ>
    <BSP>24,000000</BSP>
  </Prezzi>
  <Prezzi>
    <Data>20140727</Data>
    <Mercato>MGP</Mercato>
    <Ora>15</Ora>
    <PUN>24,461523</PUN>
    <NAT>23,000000</NAT>
    <CNOR>22,300000</CNOR>
    <CSUD>22,300000</CSUD>
    <NORD>22,300000</NORD>
    <SARD>22,300000</SARD>
    <SICI>49,940000</SICI>
    <SUD>22,300000</SUD>
    <AUST>22,300000</AUST>
    <BRNN>22,300000</BRNN>
    <COAC>22,300000</COAC>
    <CORS>22,300000</CORS>
    <FOGN>22,300000</FOGN>
    <FRAN>22,300000</FRAN>
    <GREC>22,300000</GREC>
    <MFTV>22,300000</MFTV>
    <PRGP>49,940000</PRGP>
    <ROSN>22,300000</ROSN>
    <SLOV>22,300000</SLOV>
    <SVIZ>22,300000</SVIZ>
    <BSP>22,300000</BSP>
  </Prezzi>
  <Prezzi>
    <Data>20140727</Data>
    <Mercato>MGP</Mercato>
    <Ora>16</Ora>
    <PUN>25,000000</PUN>
    <NAT>25,960000</NAT>
    <CNOR>22,923941</CNOR>
    <CSUD>22,923941</CSUD>
    <NORD>22,923941</NORD>
    <SARD>22,923941</SARD>
    <SICI>49,920000</SICI>
    <SUD>22,923941</SUD>
    <AUST>22,923941</AUST>
    <BRNN>22,923941</BRNN>
    <COAC>22,923941</COAC>
    <CORS>22,923941</CORS>
    <FOGN>22,923941</FOGN>
    <FRAN>22,923941</FRAN>
    <GREC>22,923941</GREC>
    <MFTV>22,923941</MFTV>
    <PRGP>49,920000</PRGP>
    <ROSN>22,923941</ROSN>
    <SLOV>22,923941</SLOV>
    <SVIZ>22,923941</SVIZ>
    <BSP>22,923941</BSP>
  </Prezzi>
  <Prezzi>
    <Data>20140727</Data>
    <Mercato>MGP</Mercato>
    <Ora>17</Ora>
    <PUN>30,500000</PUN>
    <NAT>30,000000</NAT>
    <CNOR>28,516335</CNOR>
    <CSUD>28,516335</CSUD>
    <NORD>28,516335</NORD>
    <SARD>28,516335</SARD>
    <SICI>55,000000</SICI>
    <SUD>28,516335</SUD>
    <AUST>28,516335</AUST>
    <BRNN>28,516335</BRNN>
    <COAC>28,516335</COAC>
    <CORS>28,516335</CORS>
    <FOGN>28,516335</FOGN>
    <FRAN>28,516335</FRAN>
    <GREC>28,516335</GREC>
    <MFTV>28,516335</MFTV>
    <PRGP>55,000000</PRGP>
    <ROSN>28,516335</ROSN>
    <SLOV>28,516335</SLOV>
    <SVIZ>28,516335</SVIZ>
    <BSP>28,516335</BSP>
  </Prezzi>
  <Prezzi>
    <Data>20140727</Data>
    <Mercato>MGP</Mercato>
    <Ora>18</Ora>
    <PUN>38,042454</PUN>
    <NAT>35,780000</NAT>
    <CNOR>33,640000</CNOR>
    <CSUD>33,640000</CSUD>
    <NORD>33,640000</NORD>
    <SARD>33,640000</SARD>
    <SICI>92,900000</SICI>
    <SUD>33,640000</SUD>
    <AUST>33,640000</AUST>
    <BRNN>33,640000</BRNN>
    <COAC>33,640000</COAC>
    <CORS>33,640000</CORS>
    <FOGN>33,640000</FOGN>
    <FRAN>33,640000</FRAN>
    <GREC>33,640000</GREC>
    <MFTV>33,640000</MFTV>
    <PRGP>92,900000</PRGP>
    <ROSN>33,640000</ROSN>
    <SLOV>33,640000</SLOV>
    <SVIZ>33,640000</SVIZ>
    <BSP>33,640000</BSP>
  </Prezzi>
  <Prezzi>
    <Data>20140727</Data>
    <Mercato>MGP</Mercato>
    <Ora>19</Ora>
    <PUN>40,838904</PUN>
    <NAT>38,250000</NAT>
    <CNOR>36,060000</CNOR>
    <CSUD>36,060000</CSUD>
    <NORD>36,060000</NORD>
    <SARD>36,060000</SARD>
    <SICI>100,000000</SICI>
    <SUD>36,060000</SUD>
    <AUST>36,060000</AUST>
    <BRNN>36,060000</BRNN>
    <COAC>36,060000</COAC>
    <CORS>36,060000</CORS>
    <FOGN>36,060000</FOGN>
    <FRAN>36,060000</FRAN>
    <GREC>36,060000</GREC>
    <MFTV>36,060000</MFTV>
    <PRGP>100,000000</PRGP>
    <ROSN>36,060000</ROSN>
    <SLOV>36,060000</SLOV>
    <SVIZ>36,060000</SVIZ>
    <BSP>36,060000</BSP>
  </Prezzi>
  <Prezzi>
    <Data>20140727</Data>
    <Mercato>MGP</Mercato>
    <Ora>20</Ora>
    <PUN>48,488450</PUN>
    <NAT>44,390000</NAT>
    <CNOR>42,580000</CNOR>
    <CSUD>42,580000</CSUD>
    <NORD>42,580000</NORD>
    <SARD>42,580000</SARD>
    <SICI>125,000000</SICI>
    <SUD>42,580000</SUD>
    <AUST>42,580000</AUST>
    <BRNN>42,580000</BRNN>
    <COAC>42,580000</COAC>
    <CORS>42,580000</CORS>
    <FOGN>42,580000</FOGN>
    <FRAN>42,580000</FRAN>
    <GREC>42,580000</GREC>
    <MFTV>42,580000</MFTV>
    <PRGP>125,000000</PRGP>
    <ROSN>42,580000</ROSN>
    <SLOV>42,580000</SLOV>
    <SVIZ>42,580000</SVIZ>
    <BSP>42,580000</BSP>
  </Prezzi>
  <Prezzi>
    <Data>20140727</Data>
    <Mercato>MGP</Mercato>
    <Ora>21</Ora>
    <PUN>51,673011</PUN>
    <NAT>45,990000</NAT>
    <CNOR>44,900000</CNOR>
    <CSUD>44,900000</CSUD>
    <NORD>44,900000</NORD>
    <SARD>44,900000</SARD>
    <SICI>135,010000</SICI>
    <SUD>44,900000</SUD>
    <AUST>44,900000</AUST>
    <BRNN>44,900000</BRNN>
    <COAC>44,900000</COAC>
    <CORS>44,900000</CORS>
    <FOGN>44,900000</FOGN>
    <FRAN>44,900000</FRAN>
    <GREC>44,900000</GREC>
    <MFTV>44,900000</MFTV>
    <PRGP>135,010000</PRGP>
    <ROSN>44,900000</ROSN>
    <SLOV>44,900000</SLOV>
    <SVIZ>44,900000</SVIZ>
    <BSP>44,900000</BSP>
  </Prezzi>
  <Prezzi>
    <Data>20140727</Data>
    <Mercato>MGP</Mercato>
    <Ora>22</Ora>
    <PUN>53,809054</PUN>
    <NAT>49,990000</NAT>
    <CNOR>45,020000</CNOR>
    <CSUD>45,020000</CSUD>
    <NORD>45,020000</NORD>
    <SARD>72,270000</SARD>
    <SICI>143,670000</SICI>
    <SUD>45,020000</SUD>
    <AUST>45,020000</AUST>
    <BRNN>45,020000</BRNN>
    <COAC>72,270000</COAC>
    <CORS>72,270000</CORS>
    <FOGN>45,020000</FOGN>
    <FRAN>45,020000</FRAN>
    <GREC>45,020000</GREC>
    <MFTV>45,020000</MFTV>
    <PRGP>143,670000</PRGP>
    <ROSN>45,020000</ROSN>
    <SLOV>45,020000</SLOV>
    <SVIZ>45,020000</SVIZ>
    <BSP>45,020000</BSP>
  </Prezzi>
  <Prezzi>
    <Data>20140727</Data>
    <Mercato>MGP</Mercato>
    <Ora>23</Ora>
    <PUN>50,426187</PUN>
    <NAT>45,010000</NAT>
    <CNOR>42,310000</CNOR>
    <CSUD>42,310000</CSUD>
    <NORD>42,310000</NORD>
    <SARD>43,530000</SARD>
    <SICI>143,670000</SICI>
    <SUD>42,310000</SUD>
    <AUST>42,310000</AUST>
    <BRNN>42,310000</BRNN>
    <COAC>43,530000</COAC>
    <CORS>43,530000</CORS>
    <FOGN>42,310000</FOGN>
    <FRAN>42,310000</FRAN>
    <GREC>42,310000</GREC>
    <MFTV>42,310000</MFTV>
    <PRGP>143,670000</PRGP>
    <ROSN>42,310000</ROSN>
    <SLOV>42,310000</SLOV>
    <SVIZ>42,310000</SVIZ>
    <BSP>42,310000</BSP>
  </Prezzi>
  <Prezzi>
    <Data>20140727</Data>
    <Mercato>MGP</Mercato>
    <Ora>24</Ora>
    <PUN>48,570232</PUN>
    <NAT>44,300000</NAT>
    <CNOR>42,100000</CNOR>
    <CSUD>42,100000</CSUD>
    <NORD>42,100000</NORD>
    <SARD>43,530000</SARD>
    <SICI>119,660000</SICI>
    <SUD>42,100000</SUD>
    <AUST>42,100000</AUST>
    <BRNN>42,100000</BRNN>
    <COAC>43,530000</COAC>
    <CORS>43,530000</CORS>
    <FOGN>42,100000</FOGN>
    <FRAN>42,100000</FRAN>
    <GREC>42,100000</GREC>
    <MFTV>42,100000</MFTV>
    <PRGP>119,660000</PRGP>
    <ROSN>42,100000</ROSN>
    <SLOV>42,100000</SLOV>
    <SVIZ>42,100000</SVIZ>
    <BSP>42,100000</BSP>
  </Prezzi>
</NewDataSet>