<?xml version="1.0" standalone="yes"?>
<NewDataSet>
  <xs:schema id="NewDataSet" xmlns="" xmlns:xs="http://www.w3.org/2001/XMLSchema" xmlns:msdata="urn:schemas-microsoft-com:xml-msdata">
    <xs:element name="NewDataSet" msdata:IsDataSet="true" msdata:UseCurrentLocale="true">
      <xs:complexType>
        <xs:choice minOccurs="0" maxOccurs="unbounded">
          <xs:element name="Prezzi">
            <xs:complexType>
              <xs:sequence>
                <xs:element name="Data" type="xs:string" minOccurs="0" />
                <xs:element name="Mercato" type="xs:string" minOccurs="0" />
                <xs:element name="Ora" type="xs:string" minOccurs="0" />
                <xs:element name="PUN" type="xs:string" minOccurs="0" />
                <xs:element name="NAT" type="xs:string" minOccurs="0" />
                <xs:element name="CNOR" type="xs:string" minOccurs="0" />
                <xs:element name="CSUD" type="xs:string" minOccurs="0" />
                <xs:element name="NORD" type="xs:string" minOccurs="0" />
                <xs:element name="SARD" type="xs:string" minOccurs="0" />
                <xs:element name="SICI" type="xs:string" minOccurs="0" />
                <xs:element name="SUD" type="xs:string" minOccurs="0" />
                <xs:element name="AUST" type="xs:string" minOccurs="0" />
                <xs:element name="BRNN" type="xs:string" minOccurs="0" />
                <xs:element name="COAC" type="xs:string" minOccurs="0" />
                <xs:element name="CORS" type="xs:string" minOccurs="0" />
                <xs:element name="FOGN" type="xs:string" minOccurs="0" />
                <xs:element name="FRAN" type="xs:string" minOccurs="0" />
                <xs:element name="GREC" type="xs:string" minOccurs="0" />
                <xs:element name="MFTV" type="xs:string" minOccurs="0" />
                <xs:element name="PRGP" type="xs:string" minOccurs="0" />
                <xs:element name="ROSN" type="xs:string" minOccurs="0" />
                <xs:element name="SLOV" type="xs:string" minOccurs="0" />
                <xs:element name="SVIZ" type="xs:string" minOccurs="0" />
                <xs:element name="BSP" type="xs:string" minOccurs="0" />
              </xs:sequence>
            </xs:complexType>
          </xs:element>
        </xs:choice>
      </xs:complexType>
    </xs:element>
  </xs:schema>
  <Prezzi>
    <Data>20140715</Data>
    <Mercato>MGP</Mercato>
    <Ora>1</Ora>
    <PUN>49,789755</PUN>
    <NAT>42,010000</NAT>
    <CNOR>39,670000</CNOR>
    <CSUD>39,670000</CSUD>
    <NORD>39,670000</NORD>
    <SARD>169,500000</SARD>
    <SICI>90,040000</SICI>
    <SUD>39,670000</SUD>
    <AUST>39,670000</AUST>
    <BRNN>39,670000</BRNN>
    <COAC>169,500000</COAC>
    <CORS>169,500000</CORS>
    <FOGN>39,670000</FOGN>
    <FRAN>39,670000</FRAN>
    <GREC>39,670000</GREC>
    <MFTV>39,670000</MFTV>
    <PRGP>90,040000</PRGP>
    <ROSN>39,670000</ROSN>
    <SLOV>39,670000</SLOV>
    <SVIZ>39,670000</SVIZ>
    <BSP>35,000000</BSP>
  </Prezzi>
  <Prezzi>
    <Data>20140715</Data>
    <Mercato>MGP</Mercato>
    <Ora>2</Ora>
    <PUN>45,166317</PUN>
    <NAT>39,680000</NAT>
    <CNOR>38,540000</CNOR>
    <CSUD>38,540000</CSUD>
    <NORD>38,540000</NORD>
    <SARD>113,030000</SARD>
    <SICI>80,040000</SICI>
    <SUD>38,540000</SUD>
    <AUST>38,540000</AUST>
    <BRNN>38,540000</BRNN>
    <COAC>113,030000</COAC>
    <CORS>113,030000</CORS>
    <FOGN>38,540000</FOGN>
    <FRAN>38,540000</FRAN>
    <GREC>38,540000</GREC>
    <MFTV>38,540000</MFTV>
    <PRGP>80,040000</PRGP>
    <ROSN>38,540000</ROSN>
    <SLOV>38,540000</SLOV>
    <SVIZ>38,540000</SVIZ>
    <BSP>31,000000</BSP>
  </Prezzi>
  <Prezzi>
    <Data>20140715</Data>
    <Mercato>MGP</Mercato>
    <Ora>3</Ora>
    <PUN>40,979436</PUN>
    <NAT>38,690000</NAT>
    <CNOR>36,900000</CNOR>
    <CSUD>36,900000</CSUD>
    <NORD>36,900000</NORD>
    <SARD>73,760000</SARD>
    <SICI>70,040000</SICI>
    <SUD>36,900000</SUD>
    <AUST>36,900000</AUST>
    <BRNN>36,900000</BRNN>
    <COAC>73,760000</COAC>
    <CORS>73,760000</CORS>
    <FOGN>36,900000</FOGN>
    <FRAN>36,900000</FRAN>
    <GREC>36,900000</GREC>
    <MFTV>36,900000</MFTV>
    <PRGP>70,040000</PRGP>
    <ROSN>36,900000</ROSN>
    <SLOV>36,900000</SLOV>
    <SVIZ>36,900000</SVIZ>
    <BSP>26,180000</BSP>
  </Prezzi>
  <Prezzi>
    <Data>20140715</Data>
    <Mercato>MGP</Mercato>
    <Ora>4</Ora>
    <PUN>40,108196</PUN>
    <NAT>37,280000</NAT>
    <CNOR>35,990000</CNOR>
    <CSUD>35,990000</CSUD>
    <NORD>35,990000</NORD>
    <SARD>73,760000</SARD>
    <SICI>70,020000</SICI>
    <SUD>35,990000</SUD>
    <AUST>35,990000</AUST>
    <BRNN>35,990000</BRNN>
    <COAC>73,760000</COAC>
    <CORS>73,760000</CORS>
    <FOGN>35,990000</FOGN>
    <FRAN>35,990000</FRAN>
    <GREC>35,990000</GREC>
    <MFTV>35,990000</MFTV>
    <PRGP>70,020000</PRGP>
    <ROSN>35,990000</ROSN>
    <SLOV>35,990000</SLOV>
    <SVIZ>35,990000</SVIZ>
    <BSP>25,820000</BSP>
  </Prezzi>
  <Prezzi>
    <Data>20140715</Data>
    <Mercato>MGP</Mercato>
    <Ora>5</Ora>
    <PUN>39,704441</PUN>
    <NAT>36,900000</NAT>
    <CNOR>35,600000</CNOR>
    <CSUD>35,600000</CSUD>
    <NORD>35,600000</NORD>
    <SARD>73,760000</SARD>
    <SICI>70,010000</SICI>
    <SUD>35,600000</SUD>
    <AUST>35,600000</AUST>
    <BRNN>35,600000</BRNN>
    <COAC>73,760000</COAC>
    <CORS>73,760000</CORS>
    <FOGN>35,600000</FOGN>
    <FRAN>35,600000</FRAN>
    <GREC>35,600000</GREC>
    <MFTV>35,600000</MFTV>
    <PRGP>70,010000</PRGP>
    <ROSN>35,600000</ROSN>
    <SLOV>35,600000</SLOV>
    <SVIZ>35,600000</SVIZ>
    <BSP>25,800000</BSP>
  </Prezzi>
  <Prezzi>
    <Data>20140715</Data>
    <Mercato>MGP</Mercato>
    <Ora>6</Ora>
    <PUN>39,871238</PUN>
    <NAT>37,660000</NAT>
    <CNOR>35,990000</CNOR>
    <CSUD>35,990000</CSUD>
    <NORD>35,990000</NORD>
    <SARD>72,440000</SARD>
    <SICI>70,010000</SICI>
    <SUD>35,990000</SUD>
    <AUST>35,990000</AUST>
    <BRNN>35,990000</BRNN>
    <COAC>72,440000</COAC>
    <CORS>72,440000</CORS>
    <FOGN>35,990000</FOGN>
    <FRAN>35,990000</FRAN>
    <GREC>35,990000</GREC>
    <MFTV>35,990000</MFTV>
    <PRGP>70,010000</PRGP>
    <ROSN>35,990000</ROSN>
    <SLOV>35,990000</SLOV>
    <SVIZ>35,990000</SVIZ>
    <BSP>29,230000</BSP>
  </Prezzi>
  <Prezzi>
    <Data>20140715</Data>
    <Mercato>MGP</Mercato>
    <Ora>7</Ora>
    <PUN>40,071659</PUN>
    <NAT>39,000000</NAT>
    <CNOR>38,000000</CNOR>
    <CSUD>38,000000</CSUD>
    <NORD>38,000000</NORD>
    <SARD>38,000000</SARD>
    <SICI>70,020000</SICI>
    <SUD>38,000000</SUD>
    <AUST>38,000000</AUST>
    <BRNN>38,000000</BRNN>
    <COAC>38,000000</COAC>
    <CORS>38,000000</CORS>
    <FOGN>38,000000</FOGN>
    <FRAN>38,000000</FRAN>
    <GREC>38,000000</GREC>
    <MFTV>38,000000</MFTV>
    <PRGP>70,020000</PRGP>
    <ROSN>38,000000</ROSN>
    <SLOV>38,000000</SLOV>
    <SVIZ>38,000000</SVIZ>
    <BSP>38,000000</BSP>
  </Prezzi>
  <Prezzi>
    <Data>20140715</Data>
    <Mercato>MGP</Mercato>
    <Ora>8</Ora>
    <PUN>48,310000</PUN>
    <NAT>44,600000</NAT>
    <CNOR>44,105759</CNOR>
    <CSUD>44,105759</CSUD>
    <NORD>44,105759</NORD>
    <SARD>72,440000</SARD>
    <SICI>95,040000</SICI>
    <SUD>44,105759</SUD>
    <AUST>44,105759</AUST>
    <BRNN>44,105759</BRNN>
    <COAC>72,440000</COAC>
    <CORS>72,440000</CORS>
    <FOGN>44,105759</FOGN>
    <FRAN>44,105759</FRAN>
    <GREC>44,105759</GREC>
    <MFTV>44,105759</MFTV>
    <PRGP>95,040000</PRGP>
    <ROSN>44,105759</ROSN>
    <SLOV>44,105759</SLOV>
    <SVIZ>44,105759</SVIZ>
    <BSP>44,050000</BSP>
  </Prezzi>
  <Prezzi>
    <Data>20140715</Data>
    <Mercato>MGP</Mercato>
    <Ora>9</Ora>
    <PUN>52,551309</PUN>
    <NAT>47,300000</NAT>
    <CNOR>46,670000</CNOR>
    <CSUD>46,670000</CSUD>
    <NORD>46,670000</NORD>
    <SARD>72,440000</SARD>
    <SICI>130,010000</SICI>
    <SUD>46,670000</SUD>
    <AUST>46,670000</AUST>
    <BRNN>46,670000</BRNN>
    <COAC>72,440000</COAC>
    <CORS>72,440000</CORS>
    <FOGN>46,670000</FOGN>
    <FRAN>46,670000</FRAN>
    <GREC>46,670000</GREC>
    <MFTV>46,670000</MFTV>
    <PRGP>130,010000</PRGP>
    <ROSN>46,670000</ROSN>
    <SLOV>46,670000</SLOV>
    <SVIZ>46,670000</SVIZ>
    <BSP>45,980000</BSP>
  </Prezzi>
  <Prezzi>
    <Data>20140715</Data>
    <Mercato>MGP</Mercato>
    <Ora>10</Ora>
    <PUN>53,255632</PUN>
    <NAT>48,240000</NAT>
    <CNOR>47,000000</CNOR>
    <CSUD>47,000000</CSUD>
    <NORD>47,000000</NORD>
    <SARD>72,440000</SARD>
    <SICI>135,010000</SICI>
    <SUD>47,000000</SUD>
    <AUST>47,000000</AUST>
    <BRNN>47,000000</BRNN>
    <COAC>72,440000</COAC>
    <CORS>72,440000</CORS>
    <FOGN>47,000000</FOGN>
    <FRAN>47,000000</FRAN>
    <GREC>47,000000</GREC>
    <MFTV>47,000000</MFTV>
    <PRGP>135,010000</PRGP>
    <ROSN>47,000000</ROSN>
    <SLOV>47,000000</SLOV>
    <SVIZ>47,000000</SVIZ>
    <BSP>44,670000</BSP>
  </Prezzi>
  <Prezzi>
    <Data>20140715</Data>
    <Mercato>MGP</Mercato>
    <Ora>11</Ora>
    <PUN>48,439227</PUN>
    <NAT>43,800000</NAT>
    <CNOR>42,680000</CNOR>
    <CSUD>42,680000</CSUD>
    <NORD>42,680000</NORD>
    <SARD>42,680000</SARD>
    <SICI>135,000000</SICI>
    <SUD>42,680000</SUD>
    <AUST>42,680000</AUST>
    <BRNN>42,680000</BRNN>
    <COAC>42,680000</COAC>
    <CORS>42,680000</CORS>
    <FOGN>42,680000</FOGN>
    <FRAN>42,680000</FRAN>
    <GREC>42,680000</GREC>
    <MFTV>42,680000</MFTV>
    <PRGP>135,000000</PRGP>
    <ROSN>42,680000</ROSN>
    <SLOV>42,680000</SLOV>
    <SVIZ>42,680000</SVIZ>
    <BSP>41,700000</BSP>
  </Prezzi>
  <Prezzi>
    <Data>20140715</Data>
    <Mercato>MGP</Mercato>
    <Ora>12</Ora>
    <PUN>46,826152</PUN>
    <NAT>42,540000</NAT>
    <CNOR>41,920000</CNOR>
    <CSUD>41,920000</CSUD>
    <NORD>41,920000</NORD>
    <SARD>41,920000</SARD>
    <SICI>121,150000</SICI>
    <SUD>41,920000</SUD>
    <AUST>41,920000</AUST>
    <BRNN>41,920000</BRNN>
    <COAC>41,920000</COAC>
    <CORS>41,920000</CORS>
    <FOGN>41,920000</FOGN>
    <FRAN>41,920000</FRAN>
    <GREC>41,920000</GREC>
    <MFTV>41,920000</MFTV>
    <PRGP>121,150000</PRGP>
    <ROSN>41,920000</ROSN>
    <SLOV>41,920000</SLOV>
    <SVIZ>41,920000</SVIZ>
    <BSP>41,920000</BSP>
  </Prezzi>
  <Prezzi>
    <Data>20140715</Data>
    <Mercato>MGP</Mercato>
    <Ora>13</Ora>
    <PUN>42,167102</PUN>
    <NAT>39,680000</NAT>
    <CNOR>39,400000</CNOR>
    <CSUD>39,400000</CSUD>
    <NORD>39,400000</NORD>
    <SARD>39,400000</SARD>
    <SICI>81,020000</SICI>
    <SUD>39,400000</SUD>
    <AUST>39,400000</AUST>
    <BRNN>39,400000</BRNN>
    <COAC>39,400000</COAC>
    <CORS>39,400000</CORS>
    <FOGN>39,400000</FOGN>
    <FRAN>39,400000</FRAN>
    <GREC>39,400000</GREC>
    <MFTV>39,400000</MFTV>
    <PRGP>81,020000</PRGP>
    <ROSN>39,400000</ROSN>
    <SLOV>39,400000</SLOV>
    <SVIZ>39,400000</SVIZ>
    <BSP>39,400000</BSP>
  </Prezzi>
  <Prezzi>
    <Data>20140715</Data>
    <Mercato>MGP</Mercato>
    <Ora>14</Ora>
    <PUN>40,770027</PUN>
    <NAT>39,260000</NAT>
    <CNOR>37,990000</CNOR>
    <CSUD>37,990000</CSUD>
    <NORD>37,990000</NORD>
    <SARD>37,990000</SARD>
    <SICI>81,010000</SICI>
    <SUD>37,990000</SUD>
    <AUST>37,990000</AUST>
    <BRNN>37,990000</BRNN>
    <COAC>37,990000</COAC>
    <CORS>37,990000</CORS>
    <FOGN>37,990000</FOGN>
    <FRAN>37,990000</FRAN>
    <GREC>37,990000</GREC>
    <MFTV>37,990000</MFTV>
    <PRGP>81,010000</PRGP>
    <ROSN>37,990000</ROSN>
    <SLOV>37,990000</SLOV>
    <SVIZ>37,990000</SVIZ>
    <BSP>37,990000</BSP>
  </Prezzi>
  <Prezzi>
    <Data>20140715</Data>
    <Mercato>MGP</Mercato>
    <Ora>15</Ora>
    <PUN>42,091332</PUN>
    <NAT>40,100000</NAT>
    <CNOR>39,670000</CNOR>
    <CSUD>39,670000</CSUD>
    <NORD>39,730000</NORD>
    <SARD>39,670000</SARD>
    <SICI>78,900000</SICI>
    <SUD>39,670000</SUD>
    <AUST>39,730000</AUST>
    <BRNN>39,670000</BRNN>
    <COAC>39,670000</COAC>
    <CORS>39,670000</CORS>
    <FOGN>39,670000</FOGN>
    <FRAN>39,730000</FRAN>
    <GREC>39,670000</GREC>
    <MFTV>39,730000</MFTV>
    <PRGP>78,900000</PRGP>
    <ROSN>39,670000</ROSN>
    <SLOV>39,730000</SLOV>
    <SVIZ>39,730000</SVIZ>
    <BSP>39,730000</BSP>
  </Prezzi>
  <Prezzi>
    <Data>20140715</Data>
    <Mercato>MGP</Mercato>
    <Ora>16</Ora>
    <PUN>42,790787</PUN>
    <NAT>40,990000</NAT>
    <CNOR>39,680000</CNOR>
    <CSUD>39,680000</CSUD>
    <NORD>40,990000</NORD>
    <SARD>39,680000</SARD>
    <SICI>78,900000</SICI>
    <SUD>39,680000</SUD>
    <AUST>40,990000</AUST>
    <BRNN>39,680000</BRNN>
    <COAC>39,680000</COAC>
    <CORS>39,680000</CORS>
    <FOGN>39,680000</FOGN>
    <FRAN>40,990000</FRAN>
    <GREC>39,680000</GREC>
    <MFTV>40,990000</MFTV>
    <PRGP>78,900000</PRGP>
    <ROSN>39,680000</ROSN>
    <SLOV>40,990000</SLOV>
    <SVIZ>40,990000</SVIZ>
    <BSP>40,990000</BSP>
  </Prezzi>
  <Prezzi>
    <Data>20140715</Data>
    <Mercato>MGP</Mercato>
    <Ora>17</Ora>
    <PUN>44,917677</PUN>
    <NAT>43,270000</NAT>
    <CNOR>40,680000</CNOR>
    <CSUD>40,680000</CSUD>
    <NORD>42,350000</NORD>
    <SARD>40,680000</SARD>
    <SICI>95,010000</SICI>
    <SUD>40,680000</SUD>
    <AUST>42,350000</AUST>
    <BRNN>40,680000</BRNN>
    <COAC>40,680000</COAC>
    <CORS>40,680000</CORS>
    <FOGN>40,680000</FOGN>
    <FRAN>42,350000</FRAN>
    <GREC>40,680000</GREC>
    <MFTV>42,350000</MFTV>
    <PRGP>95,010000</PRGP>
    <ROSN>40,680000</ROSN>
    <SLOV>42,350000</SLOV>
    <SVIZ>42,350000</SVIZ>
    <BSP>41,700000</BSP>
  </Prezzi>
  <Prezzi>
    <Data>20140715</Data>
    <Mercato>MGP</Mercato>
    <Ora>18</Ora>
    <PUN>45,979568</PUN>
    <NAT>42,680000</NAT>
    <CNOR>42,670000</CNOR>
    <CSUD>42,670000</CSUD>
    <NORD>42,670000</NORD>
    <SARD>42,670000</SARD>
    <SICI>95,020000</SICI>
    <SUD>42,670000</SUD>
    <AUST>42,670000</AUST>
    <BRNN>42,670000</BRNN>
    <COAC>42,670000</COAC>
    <CORS>42,670000</CORS>
    <FOGN>42,670000</FOGN>
    <FRAN>42,670000</FRAN>
    <GREC>42,670000</GREC>
    <MFTV>42,670000</MFTV>
    <PRGP>95,020000</PRGP>
    <ROSN>42,670000</ROSN>
    <SLOV>42,670000</SLOV>
    <SVIZ>42,670000</SVIZ>
    <BSP>41,300000</BSP>
  </Prezzi>
  <Prezzi>
    <Data>20140715</Data>
    <Mercato>MGP</Mercato>
    <Ora>19</Ora>
    <PUN>49,906057</PUN>
    <NAT>45,560000</NAT>
    <CNOR>45,210000</CNOR>
    <CSUD>45,210000</CSUD>
    <NORD>45,210000</NORD>
    <SARD>72,440000</SARD>
    <SICI>100,040000</SICI>
    <SUD>45,210000</SUD>
    <AUST>45,210000</AUST>
    <BRNN>45,210000</BRNN>
    <COAC>72,440000</COAC>
    <CORS>72,440000</CORS>
    <FOGN>45,210000</FOGN>
    <FRAN>45,210000</FRAN>
    <GREC>45,210000</GREC>
    <MFTV>45,210000</MFTV>
    <PRGP>100,040000</PRGP>
    <ROSN>45,210000</ROSN>
    <SLOV>45,210000</SLOV>
    <SVIZ>45,210000</SVIZ>
    <BSP>41,900000</BSP>
  </Prezzi>
  <Prezzi>
    <Data>20140715</Data>
    <Mercato>MGP</Mercato>
    <Ora>20</Ora>
    <PUN>53,353715</PUN>
    <NAT>45,560000</NAT>
    <CNOR>44,740000</CNOR>
    <CSUD>44,740000</CSUD>
    <NORD>44,740000</NORD>
    <SARD>120,000000</SARD>
    <SICI>125,020000</SICI>
    <SUD>44,740000</SUD>
    <AUST>44,740000</AUST>
    <BRNN>44,740000</BRNN>
    <COAC>120,000000</COAC>
    <CORS>120,000000</CORS>
    <FOGN>44,740000</FOGN>
    <FRAN>44,740000</FRAN>
    <GREC>44,740000</GREC>
    <MFTV>44,740000</MFTV>
    <PRGP>125,020000</PRGP>
    <ROSN>44,740000</ROSN>
    <SLOV>44,740000</SLOV>
    <SVIZ>44,740000</SVIZ>
    <BSP>42,440000</BSP>
  </Prezzi>
  <Prezzi>
    <Data>20140715</Data>
    <Mercato>MGP</Mercato>
    <Ora>21</Ora>
    <PUN>55,010000</PUN>
    <NAT>45,910000</NAT>
    <CNOR>45,260000</CNOR>
    <CSUD>45,260000</CSUD>
    <NORD>45,260000</NORD>
    <SARD>123,922147</SARD>
    <SICI>135,040000</SICI>
    <SUD>45,260000</SUD>
    <AUST>45,260000</AUST>
    <BRNN>45,260000</BRNN>
    <COAC>123,922147</COAC>
    <CORS>123,922147</CORS>
    <FOGN>45,260000</FOGN>
    <FRAN>45,260000</FRAN>
    <GREC>45,260000</GREC>
    <MFTV>45,260000</MFTV>
    <PRGP>135,040000</PRGP>
    <ROSN>45,260000</ROSN>
    <SLOV>45,260000</SLOV>
    <SVIZ>45,260000</SVIZ>
    <BSP>43,000000</BSP>
  </Prezzi>
  <Prezzi>
    <Data>20140715</Data>
    <Mercato>MGP</Mercato>
    <Ora>22</Ora>
    <PUN>56,949196</PUN>
    <NAT>47,000000</NAT>
    <CNOR>45,160000</CNOR>
    <CSUD>45,160000</CSUD>
    <NORD>45,160000</NORD>
    <SARD>169,500000</SARD>
    <SICI>135,040000</SICI>
    <SUD>45,160000</SUD>
    <AUST>45,160000</AUST>
    <BRNN>45,160000</BRNN>
    <COAC>169,500000</COAC>
    <CORS>169,500000</CORS>
    <FOGN>45,160000</FOGN>
    <FRAN>45,160000</FRAN>
    <GREC>45,160000</GREC>
    <MFTV>45,160000</MFTV>
    <PRGP>135,040000</PRGP>
    <ROSN>45,160000</ROSN>
    <SLOV>45,160000</SLOV>
    <SVIZ>45,160000</SVIZ>
    <BSP>43,710000</BSP>
  </Prezzi>
  <Prezzi>
    <Data>20140715</Data>
    <Mercato>MGP</Mercato>
    <Ora>23</Ora>
    <PUN>57,099787</PUN>
    <NAT>45,000000</NAT>
    <CNOR>42,060000</CNOR>
    <CSUD>42,060000</CSUD>
    <NORD>42,060000</NORD>
    <SARD>274,130000</SARD>
    <SICI>105,040000</SICI>
    <SUD>42,060000</SUD>
    <AUST>42,060000</AUST>
    <BRNN>42,060000</BRNN>
    <COAC>274,130000</COAC>
    <CORS>274,130000</CORS>
    <FOGN>42,060000</FOGN>
    <FRAN>42,060000</FRAN>
    <GREC>42,060000</GREC>
    <MFTV>42,060000</MFTV>
    <PRGP>105,040000</PRGP>
    <ROSN>42,060000</ROSN>
    <SLOV>42,060000</SLOV>
    <SVIZ>42,060000</SVIZ>
    <BSP>42,060000</BSP>
  </Prezzi>
  <Prezzi>
    <Data>20140715</Data>
    <Mercato>MGP</Mercato>
    <Ora>24</Ora>
    <PUN>49,909356</PUN>
    <NAT>41,720000</NAT>
    <CNOR>39,990000</CNOR>
    <CSUD>39,990000</CSUD>
    <NORD>39,990000</NORD>
    <SARD>169,500000</SARD>
    <SICI>95,040000</SICI>
    <SUD>39,990000</SUD>
    <AUST>39,990000</AUST>
    <BRNN>39,990000</BRNN>
    <COAC>169,500000</COAC>
    <CORS>169,500000</CORS>
    <FOGN>39,990000</FOGN>
    <FRAN>39,990000</FRAN>
    <GREC>39,990000</GREC>
    <MFTV>39,990000</MFTV>
    <PRGP>95,040000</PRGP>
    <ROSN>39,990000</ROSN>
    <SLOV>39,990000</SLOV>
    <SVIZ>39,990000</SVIZ>
    <BSP>38,460000</BSP>
  </Prezzi>
</NewDataSet>