<?xml version="1.0" standalone="yes"?>
<NewDataSet>
  <xs:schema id="NewDataSet" xmlns="" xmlns:xs="http://www.w3.org/2001/XMLSchema" xmlns:msdata="urn:schemas-microsoft-com:xml-msdata">
    <xs:element name="NewDataSet" msdata:IsDataSet="true" msdata:UseCurrentLocale="true">
      <xs:complexType>
        <xs:choice minOccurs="0" maxOccurs="unbounded">
          <xs:element name="Prezzi">
            <xs:complexType>
              <xs:sequence>
                <xs:element name="Data" type="xs:string" minOccurs="0" />
                <xs:element name="Mercato" type="xs:string" minOccurs="0" />
                <xs:element name="Ora" type="xs:string" minOccurs="0" />
                <xs:element name="PUN" type="xs:string" minOccurs="0" />
                <xs:element name="NAT" type="xs:string" minOccurs="0" />
                <xs:element name="CNOR" type="xs:string" minOccurs="0" />
                <xs:element name="CSUD" type="xs:string" minOccurs="0" />
                <xs:element name="NORD" type="xs:string" minOccurs="0" />
                <xs:element name="SARD" type="xs:string" minOccurs="0" />
                <xs:element name="SICI" type="xs:string" minOccurs="0" />
                <xs:element name="SUD" type="xs:string" minOccurs="0" />
                <xs:element name="AUST" type="xs:string" minOccurs="0" />
                <xs:element name="BRNN" type="xs:string" minOccurs="0" />
                <xs:element name="COAC" type="xs:string" minOccurs="0" />
                <xs:element name="CORS" type="xs:string" minOccurs="0" />
                <xs:element name="FOGN" type="xs:string" minOccurs="0" />
                <xs:element name="FRAN" type="xs:string" minOccurs="0" />
                <xs:element name="GREC" type="xs:string" minOccurs="0" />
                <xs:element name="MFTV" type="xs:string" minOccurs="0" />
                <xs:element name="PRGP" type="xs:string" minOccurs="0" />
                <xs:element name="ROSN" type="xs:string" minOccurs="0" />
                <xs:element name="SLOV" type="xs:string" minOccurs="0" />
                <xs:element name="SVIZ" type="xs:string" minOccurs="0" />
                <xs:element name="BSP" type="xs:string" minOccurs="0" />
              </xs:sequence>
            </xs:complexType>
          </xs:element>
        </xs:choice>
      </xs:complexType>
    </xs:element>
  </xs:schema>
  <Prezzi>
    <Data>20140723</Data>
    <Mercato>MGP</Mercato>
    <Ora>1</Ora>
    <PUN>48,818624</PUN>
    <NAT>45,990000</NAT>
    <CNOR>45,590000</CNOR>
    <CSUD>45,590000</CSUD>
    <NORD>45,590000</NORD>
    <SARD>45,590000</SARD>
    <SICI>90,020000</SICI>
    <SUD>45,590000</SUD>
    <AUST>45,590000</AUST>
    <BRNN>45,590000</BRNN>
    <COAC>45,590000</COAC>
    <CORS>45,590000</CORS>
    <FOGN>45,590000</FOGN>
    <FRAN>45,590000</FRAN>
    <GREC>45,590000</GREC>
    <MFTV>45,590000</MFTV>
    <PRGP>90,020000</PRGP>
    <ROSN>45,590000</ROSN>
    <SLOV>45,590000</SLOV>
    <SVIZ>45,590000</SVIZ>
    <BSP>36,690000</BSP>
  </Prezzi>
  <Prezzi>
    <Data>20140723</Data>
    <Mercato>MGP</Mercato>
    <Ora>2</Ora>
    <PUN>44,200000</PUN>
    <NAT>43,000000</NAT>
    <CNOR>41,404619</CNOR>
    <CSUD>41,404619</CSUD>
    <NORD>41,404619</NORD>
    <SARD>41,404619</SARD>
    <SICI>80,010000</SICI>
    <SUD>41,404619</SUD>
    <AUST>41,404619</AUST>
    <BRNN>41,404619</BRNN>
    <COAC>41,404619</COAC>
    <CORS>41,404619</CORS>
    <FOGN>41,404619</FOGN>
    <FRAN>41,404619</FRAN>
    <GREC>41,404619</GREC>
    <MFTV>41,404619</MFTV>
    <PRGP>80,010000</PRGP>
    <ROSN>41,404619</ROSN>
    <SLOV>41,404619</SLOV>
    <SVIZ>41,404619</SVIZ>
    <BSP>33,630000</BSP>
  </Prezzi>
  <Prezzi>
    <Data>20140723</Data>
    <Mercato>MGP</Mercato>
    <Ora>3</Ora>
    <PUN>42,591442</PUN>
    <NAT>41,000000</NAT>
    <CNOR>40,550000</CNOR>
    <CSUD>40,550000</CSUD>
    <NORD>40,550000</NORD>
    <SARD>40,550000</SARD>
    <SICI>70,010000</SICI>
    <SUD>40,550000</SUD>
    <AUST>40,550000</AUST>
    <BRNN>40,550000</BRNN>
    <COAC>40,550000</COAC>
    <CORS>40,550000</CORS>
    <FOGN>40,550000</FOGN>
    <FRAN>40,550000</FRAN>
    <GREC>40,550000</GREC>
    <MFTV>40,550000</MFTV>
    <PRGP>70,010000</PRGP>
    <ROSN>40,550000</ROSN>
    <SLOV>40,550000</SLOV>
    <SVIZ>40,550000</SVIZ>
    <BSP>31,350000</BSP>
  </Prezzi>
  <Prezzi>
    <Data>20140723</Data>
    <Mercato>MGP</Mercato>
    <Ora>4</Ora>
    <PUN>41,964022</PUN>
    <NAT>40,010000</NAT>
    <CNOR>39,950000</CNOR>
    <CSUD>39,950000</CSUD>
    <NORD>39,950000</NORD>
    <SARD>39,950000</SARD>
    <SICI>70,000000</SICI>
    <SUD>39,950000</SUD>
    <AUST>39,950000</AUST>
    <BRNN>39,950000</BRNN>
    <COAC>39,950000</COAC>
    <CORS>39,950000</CORS>
    <FOGN>39,950000</FOGN>
    <FRAN>39,950000</FRAN>
    <GREC>39,950000</GREC>
    <MFTV>39,950000</MFTV>
    <PRGP>70,000000</PRGP>
    <ROSN>39,950000</ROSN>
    <SLOV>39,950000</SLOV>
    <SVIZ>39,950000</SVIZ>
    <BSP>30,950000</BSP>
  </Prezzi>
  <Prezzi>
    <Data>20140723</Data>
    <Mercato>MGP</Mercato>
    <Ora>5</Ora>
    <PUN>41,539611</PUN>
    <NAT>39,940000</NAT>
    <CNOR>39,580000</CNOR>
    <CSUD>39,580000</CSUD>
    <NORD>39,580000</NORD>
    <SARD>39,580000</SARD>
    <SICI>70,000000</SICI>
    <SUD>39,580000</SUD>
    <AUST>39,580000</AUST>
    <BRNN>39,580000</BRNN>
    <COAC>39,580000</COAC>
    <CORS>39,580000</CORS>
    <FOGN>39,580000</FOGN>
    <FRAN>39,580000</FRAN>
    <GREC>39,580000</GREC>
    <MFTV>39,580000</MFTV>
    <PRGP>70,000000</PRGP>
    <ROSN>39,580000</ROSN>
    <SLOV>39,580000</SLOV>
    <SVIZ>39,580000</SVIZ>
    <BSP>31,790000</BSP>
  </Prezzi>
  <Prezzi>
    <Data>20140723</Data>
    <Mercato>MGP</Mercato>
    <Ora>6</Ora>
    <PUN>42,360948</PUN>
    <NAT>40,550000</NAT>
    <CNOR>40,470000</CNOR>
    <CSUD>40,470000</CSUD>
    <NORD>40,470000</NORD>
    <SARD>40,470000</SARD>
    <SICI>70,000000</SICI>
    <SUD>40,470000</SUD>
    <AUST>40,470000</AUST>
    <BRNN>40,470000</BRNN>
    <COAC>40,470000</COAC>
    <CORS>40,470000</CORS>
    <FOGN>40,470000</FOGN>
    <FRAN>40,470000</FRAN>
    <GREC>40,470000</GREC>
    <MFTV>40,470000</MFTV>
    <PRGP>70,000000</PRGP>
    <ROSN>40,470000</ROSN>
    <SLOV>40,470000</SLOV>
    <SVIZ>40,470000</SVIZ>
    <BSP>34,490000</BSP>
  </Prezzi>
  <Prezzi>
    <Data>20140723</Data>
    <Mercato>MGP</Mercato>
    <Ora>7</Ora>
    <PUN>44,694877</PUN>
    <NAT>44,300000</NAT>
    <CNOR>43,000000</CNOR>
    <CSUD>43,000000</CSUD>
    <NORD>43,000000</NORD>
    <SARD>43,000000</SARD>
    <SICI>70,000000</SICI>
    <SUD>43,000000</SUD>
    <AUST>43,000000</AUST>
    <BRNN>43,000000</BRNN>
    <COAC>43,000000</COAC>
    <CORS>43,000000</CORS>
    <FOGN>43,000000</FOGN>
    <FRAN>43,000000</FRAN>
    <GREC>43,000000</GREC>
    <MFTV>43,000000</MFTV>
    <PRGP>70,000000</PRGP>
    <ROSN>43,000000</ROSN>
    <SLOV>43,000000</SLOV>
    <SVIZ>43,000000</SVIZ>
    <BSP>39,900000</BSP>
  </Prezzi>
  <Prezzi>
    <Data>20140723</Data>
    <Mercato>MGP</Mercato>
    <Ora>8</Ora>
    <PUN>48,398361</PUN>
    <NAT>46,810000</NAT>
    <CNOR>45,560000</CNOR>
    <CSUD>45,560000</CSUD>
    <NORD>45,560000</NORD>
    <SARD>45,560000</SARD>
    <SICI>95,020000</SICI>
    <SUD>45,560000</SUD>
    <AUST>45,560000</AUST>
    <BRNN>45,560000</BRNN>
    <COAC>45,560000</COAC>
    <CORS>45,560000</CORS>
    <FOGN>45,560000</FOGN>
    <FRAN>45,560000</FRAN>
    <GREC>45,560000</GREC>
    <MFTV>45,560000</MFTV>
    <PRGP>95,020000</PRGP>
    <ROSN>45,560000</ROSN>
    <SLOV>45,560000</SLOV>
    <SVIZ>45,560000</SVIZ>
    <BSP>43,460000</BSP>
  </Prezzi>
  <Prezzi>
    <Data>20140723</Data>
    <Mercato>MGP</Mercato>
    <Ora>9</Ora>
    <PUN>53,594658</PUN>
    <NAT>49,640000</NAT>
    <CNOR>49,150000</CNOR>
    <CSUD>49,150000</CSUD>
    <NORD>49,150000</NORD>
    <SARD>49,150000</SARD>
    <SICI>130,000000</SICI>
    <SUD>49,150000</SUD>
    <AUST>49,150000</AUST>
    <BRNN>49,150000</BRNN>
    <COAC>49,150000</COAC>
    <CORS>49,150000</CORS>
    <FOGN>49,150000</FOGN>
    <FRAN>49,150000</FRAN>
    <GREC>49,150000</GREC>
    <MFTV>49,150000</MFTV>
    <PRGP>130,000000</PRGP>
    <ROSN>49,150000</ROSN>
    <SLOV>49,150000</SLOV>
    <SVIZ>49,150000</SVIZ>
    <BSP>46,810000</BSP>
  </Prezzi>
  <Prezzi>
    <Data>20140723</Data>
    <Mercato>MGP</Mercato>
    <Ora>10</Ora>
    <PUN>53,937117</PUN>
    <NAT>50,510000</NAT>
    <CNOR>49,150000</CNOR>
    <CSUD>49,150000</CSUD>
    <NORD>49,150000</NORD>
    <SARD>49,150000</SARD>
    <SICI>135,010000</SICI>
    <SUD>49,150000</SUD>
    <AUST>49,150000</AUST>
    <BRNN>49,150000</BRNN>
    <COAC>49,150000</COAC>
    <CORS>49,150000</CORS>
    <FOGN>49,150000</FOGN>
    <FRAN>49,150000</FRAN>
    <GREC>49,150000</GREC>
    <MFTV>49,150000</MFTV>
    <PRGP>135,010000</PRGP>
    <ROSN>49,150000</ROSN>
    <SLOV>49,150000</SLOV>
    <SVIZ>49,150000</SVIZ>
    <BSP>46,260000</BSP>
  </Prezzi>
  <Prezzi>
    <Data>20140723</Data>
    <Mercato>MGP</Mercato>
    <Ora>11</Ora>
    <PUN>51,996404</PUN>
    <NAT>49,970000</NAT>
    <CNOR>47,010000</CNOR>
    <CSUD>47,010000</CSUD>
    <NORD>47,010000</NORD>
    <SARD>47,010000</SARD>
    <SICI>135,000000</SICI>
    <SUD>47,010000</SUD>
    <AUST>47,010000</AUST>
    <BRNN>47,010000</BRNN>
    <COAC>47,010000</COAC>
    <CORS>47,010000</CORS>
    <FOGN>47,010000</FOGN>
    <FRAN>47,010000</FRAN>
    <GREC>47,010000</GREC>
    <MFTV>47,010000</MFTV>
    <PRGP>135,000000</PRGP>
    <ROSN>47,010000</ROSN>
    <SLOV>47,010000</SLOV>
    <SVIZ>47,010000</SVIZ>
    <BSP>45,950000</BSP>
  </Prezzi>
  <Prezzi>
    <Data>20140723</Data>
    <Mercato>MGP</Mercato>
    <Ora>12</Ora>
    <PUN>51,891647</PUN>
    <NAT>49,590000</NAT>
    <CNOR>47,840000</CNOR>
    <CSUD>47,840000</CSUD>
    <NORD>47,840000</NORD>
    <SARD>47,840000</SARD>
    <SICI>119,660000</SICI>
    <SUD>47,840000</SUD>
    <AUST>47,840000</AUST>
    <BRNN>47,840000</BRNN>
    <COAC>47,840000</COAC>
    <CORS>47,840000</CORS>
    <FOGN>47,840000</FOGN>
    <FRAN>47,840000</FRAN>
    <GREC>47,840000</GREC>
    <MFTV>47,840000</MFTV>
    <PRGP>119,660000</PRGP>
    <ROSN>47,840000</ROSN>
    <SLOV>47,840000</SLOV>
    <SVIZ>47,840000</SVIZ>
    <BSP>47,610000</BSP>
  </Prezzi>
  <Prezzi>
    <Data>20140723</Data>
    <Mercato>MGP</Mercato>
    <Ora>13</Ora>
    <PUN>46,802139</PUN>
    <NAT>45,510000</NAT>
    <CNOR>44,570000</CNOR>
    <CSUD>44,570000</CSUD>
    <NORD>44,570000</NORD>
    <SARD>44,570000</SARD>
    <SICI>81,010000</SICI>
    <SUD>44,570000</SUD>
    <AUST>44,570000</AUST>
    <BRNN>44,570000</BRNN>
    <COAC>44,570000</COAC>
    <CORS>44,570000</CORS>
    <FOGN>44,570000</FOGN>
    <FRAN>44,570000</FRAN>
    <GREC>44,570000</GREC>
    <MFTV>44,570000</MFTV>
    <PRGP>81,010000</PRGP>
    <ROSN>44,570000</ROSN>
    <SLOV>44,570000</SLOV>
    <SVIZ>44,570000</SVIZ>
    <BSP>44,570000</BSP>
  </Prezzi>
  <Prezzi>
    <Data>20140723</Data>
    <Mercato>MGP</Mercato>
    <Ora>14</Ora>
    <PUN>46,700330</PUN>
    <NAT>45,010000</NAT>
    <CNOR>44,570000</CNOR>
    <CSUD>44,570000</CSUD>
    <NORD>44,570000</NORD>
    <SARD>44,570000</SARD>
    <SICI>81,000000</SICI>
    <SUD>44,570000</SUD>
    <AUST>44,570000</AUST>
    <BRNN>44,570000</BRNN>
    <COAC>44,570000</COAC>
    <CORS>44,570000</CORS>
    <FOGN>44,570000</FOGN>
    <FRAN>44,570000</FRAN>
    <GREC>44,570000</GREC>
    <MFTV>44,570000</MFTV>
    <PRGP>81,000000</PRGP>
    <ROSN>44,570000</ROSN>
    <SLOV>44,570000</SLOV>
    <SVIZ>44,570000</SVIZ>
    <BSP>42,700000</BSP>
  </Prezzi>
  <Prezzi>
    <Data>20140723</Data>
    <Mercato>MGP</Mercato>
    <Ora>15</Ora>
    <PUN>50,220000</PUN>
    <NAT>49,000000</NAT>
    <CNOR>48,545534</CNOR>
    <CSUD>48,545534</CSUD>
    <NORD>48,545534</NORD>
    <SARD>48,545534</SARD>
    <SICI>78,900000</SICI>
    <SUD>48,545534</SUD>
    <AUST>48,545534</AUST>
    <BRNN>48,545534</BRNN>
    <COAC>48,545534</COAC>
    <CORS>48,545534</CORS>
    <FOGN>48,545534</FOGN>
    <FRAN>48,545534</FRAN>
    <GREC>48,545534</GREC>
    <MFTV>48,545534</MFTV>
    <PRGP>78,900000</PRGP>
    <ROSN>48,545534</ROSN>
    <SLOV>48,545534</SLOV>
    <SVIZ>48,545534</SVIZ>
    <BSP>44,240000</BSP>
  </Prezzi>
  <Prezzi>
    <Data>20140723</Data>
    <Mercato>MGP</Mercato>
    <Ora>16</Ora>
    <PUN>53,275762</PUN>
    <NAT>51,000000</NAT>
    <CNOR>51,750000</CNOR>
    <CSUD>51,750000</CSUD>
    <NORD>51,750000</NORD>
    <SARD>51,750000</SARD>
    <SICI>80,000000</SICI>
    <SUD>51,750000</SUD>
    <AUST>51,750000</AUST>
    <BRNN>51,750000</BRNN>
    <COAC>51,750000</COAC>
    <CORS>51,750000</CORS>
    <FOGN>51,750000</FOGN>
    <FRAN>51,750000</FRAN>
    <GREC>51,750000</GREC>
    <MFTV>51,750000</MFTV>
    <PRGP>80,000000</PRGP>
    <ROSN>51,750000</ROSN>
    <SLOV>51,750000</SLOV>
    <SVIZ>51,750000</SVIZ>
    <BSP>45,670000</BSP>
  </Prezzi>
  <Prezzi>
    <Data>20140723</Data>
    <Mercato>MGP</Mercato>
    <Ora>17</Ora>
    <PUN>55,318737</PUN>
    <NAT>52,990000</NAT>
    <CNOR>52,990000</CNOR>
    <CSUD>52,990000</CSUD>
    <NORD>52,990000</NORD>
    <SARD>52,990000</SARD>
    <SICI>95,010000</SICI>
    <SUD>52,990000</SUD>
    <AUST>52,990000</AUST>
    <BRNN>52,990000</BRNN>
    <COAC>52,990000</COAC>
    <CORS>52,990000</CORS>
    <FOGN>52,990000</FOGN>
    <FRAN>52,990000</FRAN>
    <GREC>52,990000</GREC>
    <MFTV>52,990000</MFTV>
    <PRGP>95,010000</PRGP>
    <ROSN>52,990000</ROSN>
    <SLOV>52,990000</SLOV>
    <SVIZ>52,990000</SVIZ>
    <BSP>44,970000</BSP>
  </Prezzi>
  <Prezzi>
    <Data>20140723</Data>
    <Mercato>MGP</Mercato>
    <Ora>18</Ora>
    <PUN>52,589747</PUN>
    <NAT>49,990000</NAT>
    <CNOR>49,990000</CNOR>
    <CSUD>49,990000</CSUD>
    <NORD>49,990000</NORD>
    <SARD>49,990000</SARD>
    <SICI>95,020000</SICI>
    <SUD>49,990000</SUD>
    <AUST>49,990000</AUST>
    <BRNN>49,990000</BRNN>
    <COAC>49,990000</COAC>
    <CORS>49,990000</CORS>
    <FOGN>49,990000</FOGN>
    <FRAN>49,990000</FRAN>
    <GREC>49,990000</GREC>
    <MFTV>49,990000</MFTV>
    <PRGP>95,020000</PRGP>
    <ROSN>49,990000</ROSN>
    <SLOV>49,990000</SLOV>
    <SVIZ>49,990000</SVIZ>
    <BSP>44,140000</BSP>
  </Prezzi>
  <Prezzi>
    <Data>20140723</Data>
    <Mercato>MGP</Mercato>
    <Ora>19</Ora>
    <PUN>53,036522</PUN>
    <NAT>50,000000</NAT>
    <CNOR>49,990000</CNOR>
    <CSUD>49,990000</CSUD>
    <NORD>49,990000</NORD>
    <SARD>49,990000</SARD>
    <SICI>100,020000</SICI>
    <SUD>49,990000</SUD>
    <AUST>49,990000</AUST>
    <BRNN>49,990000</BRNN>
    <COAC>49,990000</COAC>
    <CORS>49,990000</CORS>
    <FOGN>49,990000</FOGN>
    <FRAN>49,990000</FRAN>
    <GREC>49,990000</GREC>
    <MFTV>49,990000</MFTV>
    <PRGP>100,020000</PRGP>
    <ROSN>49,990000</ROSN>
    <SLOV>49,990000</SLOV>
    <SVIZ>49,990000</SVIZ>
    <BSP>44,000000</BSP>
  </Prezzi>
  <Prezzi>
    <Data>20140723</Data>
    <Mercato>MGP</Mercato>
    <Ora>20</Ora>
    <PUN>55,425819</PUN>
    <NAT>53,140000</NAT>
    <CNOR>51,000000</CNOR>
    <CSUD>51,000000</CSUD>
    <NORD>51,000000</NORD>
    <SARD>51,000000</SARD>
    <SICI>125,020000</SICI>
    <SUD>51,000000</SUD>
    <AUST>51,000000</AUST>
    <BRNN>51,000000</BRNN>
    <COAC>51,000000</COAC>
    <CORS>51,000000</CORS>
    <FOGN>51,000000</FOGN>
    <FRAN>51,000000</FRAN>
    <GREC>51,000000</GREC>
    <MFTV>51,000000</MFTV>
    <PRGP>125,020000</PRGP>
    <ROSN>51,000000</ROSN>
    <SLOV>51,000000</SLOV>
    <SVIZ>51,000000</SVIZ>
    <BSP>45,130000</BSP>
  </Prezzi>
  <Prezzi>
    <Data>20140723</Data>
    <Mercato>MGP</Mercato>
    <Ora>21</Ora>
    <PUN>57,840000</PUN>
    <NAT>55,710000</NAT>
    <CNOR>52,517030</CNOR>
    <CSUD>52,517030</CSUD>
    <NORD>52,517030</NORD>
    <SARD>52,517030</SARD>
    <SICI>135,020000</SICI>
    <SUD>52,517030</SUD>
    <AUST>52,517030</AUST>
    <BRNN>52,517030</BRNN>
    <COAC>52,517030</COAC>
    <CORS>52,517030</CORS>
    <FOGN>52,517030</FOGN>
    <FRAN>52,517030</FRAN>
    <GREC>52,517030</GREC>
    <MFTV>52,517030</MFTV>
    <PRGP>135,020000</PRGP>
    <ROSN>52,517030</ROSN>
    <SLOV>52,517030</SLOV>
    <SVIZ>52,517030</SVIZ>
    <BSP>49,700000</BSP>
  </Prezzi>
  <Prezzi>
    <Data>20140723</Data>
    <Mercato>MGP</Mercato>
    <Ora>22</Ora>
    <PUN>62,393128</PUN>
    <NAT>60,290000</NAT>
    <CNOR>57,490000</CNOR>
    <CSUD>57,490000</CSUD>
    <NORD>57,490000</NORD>
    <SARD>57,490000</SARD>
    <SICI>135,020000</SICI>
    <SUD>57,490000</SUD>
    <AUST>57,490000</AUST>
    <BRNN>57,490000</BRNN>
    <COAC>57,490000</COAC>
    <CORS>57,490000</CORS>
    <FOGN>57,490000</FOGN>
    <FRAN>57,490000</FRAN>
    <GREC>57,490000</GREC>
    <MFTV>57,490000</MFTV>
    <PRGP>135,020000</PRGP>
    <ROSN>57,490000</ROSN>
    <SLOV>57,490000</SLOV>
    <SVIZ>57,490000</SVIZ>
    <BSP>51,090000</BSP>
  </Prezzi>
  <Prezzi>
    <Data>20140723</Data>
    <Mercato>MGP</Mercato>
    <Ora>23</Ora>
    <PUN>53,813717</PUN>
    <NAT>50,210000</NAT>
    <CNOR>48,550000</CNOR>
    <CSUD>48,550000</CSUD>
    <NORD>48,550000</NORD>
    <SARD>48,550000</SARD>
    <SICI>125,000000</SICI>
    <SUD>48,550000</SUD>
    <AUST>48,550000</AUST>
    <BRNN>48,550000</BRNN>
    <COAC>48,550000</COAC>
    <CORS>48,550000</CORS>
    <FOGN>48,550000</FOGN>
    <FRAN>48,550000</FRAN>
    <GREC>48,550000</GREC>
    <MFTV>48,550000</MFTV>
    <PRGP>125,000000</PRGP>
    <ROSN>48,550000</ROSN>
    <SLOV>48,550000</SLOV>
    <SVIZ>48,550000</SVIZ>
    <BSP>46,290000</BSP>
  </Prezzi>
  <Prezzi>
    <Data>20140723</Data>
    <Mercato>MGP</Mercato>
    <Ora>24</Ora>
    <PUN>52,391352</PUN>
    <NAT>50,000000</NAT>
    <CNOR>49,150000</CNOR>
    <CSUD>49,150000</CSUD>
    <NORD>49,150000</NORD>
    <SARD>49,150000</SARD>
    <SICI>95,020000</SICI>
    <SUD>49,150000</SUD>
    <AUST>49,150000</AUST>
    <BRNN>49,150000</BRNN>
    <COAC>49,150000</COAC>
    <CORS>49,150000</CORS>
    <FOGN>49,150000</FOGN>
    <FRAN>49,150000</FRAN>
    <GREC>49,150000</GREC>
    <MFTV>49,150000</MFTV>
    <PRGP>95,020000</PRGP>
    <ROSN>49,150000</ROSN>
    <SLOV>49,150000</SLOV>
    <SVIZ>49,150000</SVIZ>
    <BSP>39,900000</BSP>
  </Prezzi>
</NewDataSet>