<?xml version="1.0" standalone="yes"?>
<NewDataSet>
  <xs:schema id="NewDataSet" xmlns="" xmlns:xs="http://www.w3.org/2001/XMLSchema" xmlns:msdata="urn:schemas-microsoft-com:xml-msdata">
    <xs:element name="NewDataSet" msdata:IsDataSet="true" msdata:UseCurrentLocale="true">
      <xs:complexType>
        <xs:choice minOccurs="0" maxOccurs="unbounded">
          <xs:element name="Prezzi">
            <xs:complexType>
              <xs:sequence>
                <xs:element name="Data" type="xs:string" minOccurs="0" />
                <xs:element name="Mercato" type="xs:string" minOccurs="0" />
                <xs:element name="Ora" type="xs:string" minOccurs="0" />
                <xs:element name="PUN" type="xs:string" minOccurs="0" />
                <xs:element name="NAT" type="xs:string" minOccurs="0" />
                <xs:element name="CNOR" type="xs:string" minOccurs="0" />
                <xs:element name="CSUD" type="xs:string" minOccurs="0" />
                <xs:element name="NORD" type="xs:string" minOccurs="0" />
                <xs:element name="SARD" type="xs:string" minOccurs="0" />
                <xs:element name="SICI" type="xs:string" minOccurs="0" />
                <xs:element name="SUD" type="xs:string" minOccurs="0" />
                <xs:element name="AUST" type="xs:string" minOccurs="0" />
                <xs:element name="BRNN" type="xs:string" minOccurs="0" />
                <xs:element name="COAC" type="xs:string" minOccurs="0" />
                <xs:element name="CORS" type="xs:string" minOccurs="0" />
                <xs:element name="FOGN" type="xs:string" minOccurs="0" />
                <xs:element name="FRAN" type="xs:string" minOccurs="0" />
                <xs:element name="GREC" type="xs:string" minOccurs="0" />
                <xs:element name="MFTV" type="xs:string" minOccurs="0" />
                <xs:element name="PRGP" type="xs:string" minOccurs="0" />
                <xs:element name="ROSN" type="xs:string" minOccurs="0" />
                <xs:element name="SLOV" type="xs:string" minOccurs="0" />
                <xs:element name="SVIZ" type="xs:string" minOccurs="0" />
                <xs:element name="BSP" type="xs:string" minOccurs="0" />
              </xs:sequence>
            </xs:complexType>
          </xs:element>
        </xs:choice>
      </xs:complexType>
    </xs:element>
  </xs:schema>
  <Prezzi>
    <Data>20140720</Data>
    <Mercato>MGP</Mercato>
    <Ora>1</Ora>
    <PUN>49,816444</PUN>
    <NAT>50,000000</NAT>
    <CNOR>46,400000</CNOR>
    <CSUD>46,400000</CSUD>
    <NORD>46,400000</NORD>
    <SARD>46,400000</SARD>
    <SICI>90,010000</SICI>
    <SUD>46,400000</SUD>
    <AUST>46,400000</AUST>
    <BRNN>46,400000</BRNN>
    <COAC>46,400000</COAC>
    <CORS>46,400000</CORS>
    <FOGN>46,400000</FOGN>
    <FRAN>46,400000</FRAN>
    <GREC>46,400000</GREC>
    <MFTV>46,400000</MFTV>
    <PRGP>90,010000</PRGP>
    <ROSN>46,400000</ROSN>
    <SLOV>46,400000</SLOV>
    <SVIZ>46,400000</SVIZ>
    <BSP>46,400000</BSP>
  </Prezzi>
  <Prezzi>
    <Data>20140720</Data>
    <Mercato>MGP</Mercato>
    <Ora>2</Ora>
    <PUN>44,227091</PUN>
    <NAT>43,500000</NAT>
    <CNOR>41,300000</CNOR>
    <CSUD>41,300000</CSUD>
    <NORD>41,300000</NORD>
    <SARD>41,300000</SARD>
    <SICI>80,000000</SICI>
    <SUD>41,300000</SUD>
    <AUST>41,300000</AUST>
    <BRNN>41,300000</BRNN>
    <COAC>41,300000</COAC>
    <CORS>41,300000</CORS>
    <FOGN>41,300000</FOGN>
    <FRAN>41,300000</FRAN>
    <GREC>41,300000</GREC>
    <MFTV>41,300000</MFTV>
    <PRGP>80,000000</PRGP>
    <ROSN>41,300000</ROSN>
    <SLOV>41,300000</SLOV>
    <SVIZ>41,300000</SVIZ>
    <BSP>41,300000</BSP>
  </Prezzi>
  <Prezzi>
    <Data>20140720</Data>
    <Mercato>MGP</Mercato>
    <Ora>3</Ora>
    <PUN>41,530536</PUN>
    <NAT>41,500000</NAT>
    <CNOR>39,200000</CNOR>
    <CSUD>39,200000</CSUD>
    <NORD>39,200000</NORD>
    <SARD>39,200000</SARD>
    <SICI>70,000000</SICI>
    <SUD>39,200000</SUD>
    <AUST>39,200000</AUST>
    <BRNN>39,200000</BRNN>
    <COAC>39,200000</COAC>
    <CORS>39,200000</CORS>
    <FOGN>39,200000</FOGN>
    <FRAN>39,200000</FRAN>
    <GREC>39,200000</GREC>
    <MFTV>39,200000</MFTV>
    <PRGP>70,000000</PRGP>
    <ROSN>39,200000</ROSN>
    <SLOV>39,200000</SLOV>
    <SVIZ>39,200000</SVIZ>
    <BSP>39,200000</BSP>
  </Prezzi>
  <Prezzi>
    <Data>20140720</Data>
    <Mercato>MGP</Mercato>
    <Ora>4</Ora>
    <PUN>41,133681</PUN>
    <NAT>41,100000</NAT>
    <CNOR>38,860000</CNOR>
    <CSUD>38,860000</CSUD>
    <NORD>38,860000</NORD>
    <SARD>38,860000</SARD>
    <SICI>70,000000</SICI>
    <SUD>38,860000</SUD>
    <AUST>38,860000</AUST>
    <BRNN>38,860000</BRNN>
    <COAC>38,860000</COAC>
    <CORS>38,860000</CORS>
    <FOGN>38,860000</FOGN>
    <FRAN>38,860000</FRAN>
    <GREC>38,860000</GREC>
    <MFTV>38,860000</MFTV>
    <PRGP>70,000000</PRGP>
    <ROSN>38,860000</ROSN>
    <SLOV>38,860000</SLOV>
    <SVIZ>38,860000</SVIZ>
    <BSP>38,860000</BSP>
  </Prezzi>
  <Prezzi>
    <Data>20140720</Data>
    <Mercato>MGP</Mercato>
    <Ora>5</Ora>
    <PUN>41,748884</PUN>
    <NAT>40,990000</NAT>
    <CNOR>39,500000</CNOR>
    <CSUD>39,500000</CSUD>
    <NORD>39,500000</NORD>
    <SARD>39,500000</SARD>
    <SICI>70,000000</SICI>
    <SUD>39,500000</SUD>
    <AUST>39,500000</AUST>
    <BRNN>39,500000</BRNN>
    <COAC>39,500000</COAC>
    <CORS>39,500000</CORS>
    <FOGN>39,500000</FOGN>
    <FRAN>39,500000</FRAN>
    <GREC>39,500000</GREC>
    <MFTV>39,500000</MFTV>
    <PRGP>70,000000</PRGP>
    <ROSN>39,500000</ROSN>
    <SLOV>39,500000</SLOV>
    <SVIZ>39,500000</SVIZ>
    <BSP>39,500000</BSP>
  </Prezzi>
  <Prezzi>
    <Data>20140720</Data>
    <Mercato>MGP</Mercato>
    <Ora>6</Ora>
    <PUN>40,906270</PUN>
    <NAT>40,390000</NAT>
    <CNOR>38,640000</CNOR>
    <CSUD>38,640000</CSUD>
    <NORD>38,640000</NORD>
    <SARD>38,640000</SARD>
    <SICI>70,000000</SICI>
    <SUD>38,640000</SUD>
    <AUST>38,640000</AUST>
    <BRNN>38,640000</BRNN>
    <COAC>38,640000</COAC>
    <CORS>38,640000</CORS>
    <FOGN>38,640000</FOGN>
    <FRAN>38,640000</FRAN>
    <GREC>38,640000</GREC>
    <MFTV>38,640000</MFTV>
    <PRGP>70,000000</PRGP>
    <ROSN>38,640000</ROSN>
    <SLOV>38,640000</SLOV>
    <SVIZ>38,640000</SVIZ>
    <BSP>38,640000</BSP>
  </Prezzi>
  <Prezzi>
    <Data>20140720</Data>
    <Mercato>MGP</Mercato>
    <Ora>7</Ora>
    <PUN>40,425920</PUN>
    <NAT>38,810000</NAT>
    <CNOR>37,990000</CNOR>
    <CSUD>37,990000</CSUD>
    <NORD>37,990000</NORD>
    <SARD>37,990000</SARD>
    <SICI>70,000000</SICI>
    <SUD>37,990000</SUD>
    <AUST>37,990000</AUST>
    <BRNN>37,990000</BRNN>
    <COAC>37,990000</COAC>
    <CORS>37,990000</CORS>
    <FOGN>37,990000</FOGN>
    <FRAN>37,990000</FRAN>
    <GREC>37,990000</GREC>
    <MFTV>37,990000</MFTV>
    <PRGP>70,000000</PRGP>
    <ROSN>37,990000</ROSN>
    <SLOV>37,990000</SLOV>
    <SVIZ>37,990000</SVIZ>
    <BSP>37,990000</BSP>
  </Prezzi>
  <Prezzi>
    <Data>20140720</Data>
    <Mercato>MGP</Mercato>
    <Ora>8</Ora>
    <PUN>42,856643</PUN>
    <NAT>41,010000</NAT>
    <CNOR>38,870000</CNOR>
    <CSUD>38,870000</CSUD>
    <NORD>38,870000</NORD>
    <SARD>38,870000</SARD>
    <SICI>95,000000</SICI>
    <SUD>38,870000</SUD>
    <AUST>38,870000</AUST>
    <BRNN>38,870000</BRNN>
    <COAC>38,870000</COAC>
    <CORS>38,870000</CORS>
    <FOGN>38,870000</FOGN>
    <FRAN>38,870000</FRAN>
    <GREC>38,870000</GREC>
    <MFTV>38,870000</MFTV>
    <PRGP>95,000000</PRGP>
    <ROSN>38,870000</ROSN>
    <SLOV>38,870000</SLOV>
    <SVIZ>38,870000</SVIZ>
    <BSP>38,870000</BSP>
  </Prezzi>
  <Prezzi>
    <Data>20140720</Data>
    <Mercato>MGP</Mercato>
    <Ora>9</Ora>
    <PUN>45,000000</PUN>
    <NAT>41,240000</NAT>
    <CNOR>39,000000</CNOR>
    <CSUD>39,000000</CSUD>
    <NORD>39,000000</NORD>
    <SARD>39,000000</SARD>
    <SICI>122,972035</SICI>
    <SUD>39,000000</SUD>
    <AUST>39,000000</AUST>
    <BRNN>39,000000</BRNN>
    <COAC>39,000000</COAC>
    <CORS>39,000000</CORS>
    <FOGN>39,000000</FOGN>
    <FRAN>39,000000</FRAN>
    <GREC>39,000000</GREC>
    <MFTV>39,000000</MFTV>
    <PRGP>122,972035</PRGP>
    <ROSN>39,000000</ROSN>
    <SLOV>39,000000</SLOV>
    <SVIZ>39,000000</SVIZ>
    <BSP>39,000000</BSP>
  </Prezzi>
  <Prezzi>
    <Data>20140720</Data>
    <Mercato>MGP</Mercato>
    <Ora>10</Ora>
    <PUN>45,000000</PUN>
    <NAT>41,160000</NAT>
    <CNOR>39,180000</CNOR>
    <CSUD>39,180000</CSUD>
    <NORD>39,180000</NORD>
    <SARD>39,180000</SARD>
    <SICI>121,150000</SICI>
    <SUD>39,180000</SUD>
    <AUST>39,180000</AUST>
    <BRNN>39,180000</BRNN>
    <COAC>39,180000</COAC>
    <CORS>39,180000</CORS>
    <FOGN>39,180000</FOGN>
    <FRAN>39,180000</FRAN>
    <GREC>39,180000</GREC>
    <MFTV>39,180000</MFTV>
    <PRGP>121,150000</PRGP>
    <ROSN>39,180000</ROSN>
    <SLOV>39,180000</SLOV>
    <SVIZ>39,180000</SVIZ>
    <BSP>39,180000</BSP>
  </Prezzi>
  <Prezzi>
    <Data>20140720</Data>
    <Mercato>MGP</Mercato>
    <Ora>11</Ora>
    <PUN>42,969370</PUN>
    <NAT>39,250000</NAT>
    <CNOR>36,990000</CNOR>
    <CSUD>36,990000</CSUD>
    <NORD>36,990000</NORD>
    <SARD>36,990000</SARD>
    <SICI>119,660000</SICI>
    <SUD>36,990000</SUD>
    <AUST>36,990000</AUST>
    <BRNN>36,990000</BRNN>
    <COAC>36,990000</COAC>
    <CORS>36,990000</CORS>
    <FOGN>36,990000</FOGN>
    <FRAN>36,990000</FRAN>
    <GREC>36,990000</GREC>
    <MFTV>36,990000</MFTV>
    <PRGP>119,660000</PRGP>
    <ROSN>36,990000</ROSN>
    <SLOV>36,990000</SLOV>
    <SVIZ>36,990000</SVIZ>
    <BSP>37,420000</BSP>
  </Prezzi>
  <Prezzi>
    <Data>20140720</Data>
    <Mercato>MGP</Mercato>
    <Ora>12</Ora>
    <PUN>40,409353</PUN>
    <NAT>38,640000</NAT>
    <CNOR>35,000000</CNOR>
    <CSUD>35,000000</CSUD>
    <NORD>35,000000</NORD>
    <SARD>35,000000</SARD>
    <SICI>110,000000</SICI>
    <SUD>35,000000</SUD>
    <AUST>35,000000</AUST>
    <BRNN>35,000000</BRNN>
    <COAC>35,000000</COAC>
    <CORS>35,000000</CORS>
    <FOGN>35,000000</FOGN>
    <FRAN>35,000000</FRAN>
    <GREC>35,000000</GREC>
    <MFTV>35,000000</MFTV>
    <PRGP>110,000000</PRGP>
    <ROSN>35,000000</ROSN>
    <SLOV>35,000000</SLOV>
    <SVIZ>35,000000</SVIZ>
    <BSP>39,100000</BSP>
  </Prezzi>
  <Prezzi>
    <Data>20140720</Data>
    <Mercato>MGP</Mercato>
    <Ora>13</Ora>
    <PUN>34,571780</PUN>
    <NAT>35,000000</NAT>
    <CNOR>30,690000</CNOR>
    <CSUD>30,690000</CSUD>
    <NORD>30,690000</NORD>
    <SARD>30,690000</SARD>
    <SICI>81,000000</SICI>
    <SUD>30,690000</SUD>
    <AUST>30,690000</AUST>
    <BRNN>30,690000</BRNN>
    <COAC>30,690000</COAC>
    <CORS>30,690000</CORS>
    <FOGN>30,690000</FOGN>
    <FRAN>30,690000</FRAN>
    <GREC>30,690000</GREC>
    <MFTV>30,690000</MFTV>
    <PRGP>81,000000</PRGP>
    <ROSN>30,690000</ROSN>
    <SLOV>30,690000</SLOV>
    <SVIZ>30,690000</SVIZ>
    <BSP>37,920000</BSP>
  </Prezzi>
  <Prezzi>
    <Data>20140720</Data>
    <Mercato>MGP</Mercato>
    <Ora>14</Ora>
    <PUN>32,773551</PUN>
    <NAT>32,810000</NAT>
    <CNOR>28,880000</CNOR>
    <CSUD>28,880000</CSUD>
    <NORD>28,880000</NORD>
    <SARD>28,880000</SARD>
    <SICI>79,990000</SICI>
    <SUD>28,880000</SUD>
    <AUST>28,880000</AUST>
    <BRNN>28,880000</BRNN>
    <COAC>28,880000</COAC>
    <CORS>28,880000</CORS>
    <FOGN>28,880000</FOGN>
    <FRAN>28,880000</FRAN>
    <GREC>28,880000</GREC>
    <MFTV>28,880000</MFTV>
    <PRGP>79,990000</PRGP>
    <ROSN>28,880000</ROSN>
    <SLOV>28,880000</SLOV>
    <SVIZ>28,880000</SVIZ>
    <BSP>33,220000</BSP>
  </Prezzi>
  <Prezzi>
    <Data>20140720</Data>
    <Mercato>MGP</Mercato>
    <Ora>15</Ora>
    <PUN>33,631211</PUN>
    <NAT>33,210000</NAT>
    <CNOR>30,000000</CNOR>
    <CSUD>30,000000</CSUD>
    <NORD>30,000000</NORD>
    <SARD>30,000000</SARD>
    <SICI>78,900000</SICI>
    <SUD>30,000000</SUD>
    <AUST>30,000000</AUST>
    <BRNN>30,000000</BRNN>
    <COAC>30,000000</COAC>
    <CORS>30,000000</CORS>
    <FOGN>30,000000</FOGN>
    <FRAN>30,000000</FRAN>
    <GREC>30,000000</GREC>
    <MFTV>30,000000</MFTV>
    <PRGP>78,900000</PRGP>
    <ROSN>30,000000</ROSN>
    <SLOV>30,000000</SLOV>
    <SVIZ>30,000000</SVIZ>
    <BSP>32,600000</BSP>
  </Prezzi>
  <Prezzi>
    <Data>20140720</Data>
    <Mercato>MGP</Mercato>
    <Ora>16</Ora>
    <PUN>35,492442</PUN>
    <NAT>35,090000</NAT>
    <CNOR>34,010000</CNOR>
    <CSUD>34,010000</CSUD>
    <NORD>34,010000</NORD>
    <SARD>34,010000</SARD>
    <SICI>54,990000</SICI>
    <SUD>34,010000</SUD>
    <AUST>34,010000</AUST>
    <BRNN>34,010000</BRNN>
    <COAC>34,010000</COAC>
    <CORS>34,010000</CORS>
    <FOGN>34,010000</FOGN>
    <FRAN>34,010000</FRAN>
    <GREC>34,010000</GREC>
    <MFTV>34,010000</MFTV>
    <PRGP>54,990000</PRGP>
    <ROSN>34,010000</ROSN>
    <SLOV>34,010000</SLOV>
    <SVIZ>34,010000</SVIZ>
    <BSP>34,010000</BSP>
  </Prezzi>
  <Prezzi>
    <Data>20140720</Data>
    <Mercato>MGP</Mercato>
    <Ora>17</Ora>
    <PUN>41,891612</PUN>
    <NAT>38,350000</NAT>
    <CNOR>37,990000</CNOR>
    <CSUD>37,990000</CSUD>
    <NORD>37,990000</NORD>
    <SARD>37,990000</SARD>
    <SICI>92,900000</SICI>
    <SUD>37,990000</SUD>
    <AUST>37,990000</AUST>
    <BRNN>37,990000</BRNN>
    <COAC>37,990000</COAC>
    <CORS>37,990000</CORS>
    <FOGN>37,990000</FOGN>
    <FRAN>37,990000</FRAN>
    <GREC>37,990000</GREC>
    <MFTV>37,990000</MFTV>
    <PRGP>92,900000</PRGP>
    <ROSN>37,990000</ROSN>
    <SLOV>37,990000</SLOV>
    <SVIZ>37,990000</SVIZ>
    <BSP>37,990000</BSP>
  </Prezzi>
  <Prezzi>
    <Data>20140720</Data>
    <Mercato>MGP</Mercato>
    <Ora>18</Ora>
    <PUN>44,166089</PUN>
    <NAT>41,380000</NAT>
    <CNOR>40,260000</CNOR>
    <CSUD>40,260000</CSUD>
    <NORD>40,260000</NORD>
    <SARD>40,260000</SARD>
    <SICI>95,000000</SICI>
    <SUD>40,260000</SUD>
    <AUST>40,260000</AUST>
    <BRNN>40,260000</BRNN>
    <COAC>40,260000</COAC>
    <CORS>40,260000</CORS>
    <FOGN>40,260000</FOGN>
    <FRAN>40,260000</FRAN>
    <GREC>40,260000</GREC>
    <MFTV>40,260000</MFTV>
    <PRGP>95,000000</PRGP>
    <ROSN>40,260000</ROSN>
    <SLOV>40,260000</SLOV>
    <SVIZ>40,260000</SVIZ>
    <BSP>40,260000</BSP>
  </Prezzi>
  <Prezzi>
    <Data>20140720</Data>
    <Mercato>MGP</Mercato>
    <Ora>19</Ora>
    <PUN>46,626325</PUN>
    <NAT>43,990000</NAT>
    <CNOR>42,420000</CNOR>
    <CSUD>42,420000</CSUD>
    <NORD>42,420000</NORD>
    <SARD>43,500000</SARD>
    <SICI>100,000000</SICI>
    <SUD>42,420000</SUD>
    <AUST>42,420000</AUST>
    <BRNN>42,420000</BRNN>
    <COAC>43,500000</COAC>
    <CORS>43,500000</CORS>
    <FOGN>42,420000</FOGN>
    <FRAN>42,420000</FRAN>
    <GREC>42,420000</GREC>
    <MFTV>42,420000</MFTV>
    <PRGP>100,000000</PRGP>
    <ROSN>42,420000</ROSN>
    <SLOV>42,420000</SLOV>
    <SVIZ>42,420000</SVIZ>
    <BSP>42,420000</BSP>
  </Prezzi>
  <Prezzi>
    <Data>20140720</Data>
    <Mercato>MGP</Mercato>
    <Ora>20</Ora>
    <PUN>52,096271</PUN>
    <NAT>49,000000</NAT>
    <CNOR>46,630000</CNOR>
    <CSUD>46,630000</CSUD>
    <NORD>46,630000</NORD>
    <SARD>46,630000</SARD>
    <SICI>125,000000</SICI>
    <SUD>46,630000</SUD>
    <AUST>46,630000</AUST>
    <BRNN>46,630000</BRNN>
    <COAC>46,630000</COAC>
    <CORS>46,630000</CORS>
    <FOGN>46,630000</FOGN>
    <FRAN>46,630000</FRAN>
    <GREC>46,630000</GREC>
    <MFTV>46,630000</MFTV>
    <PRGP>125,000000</PRGP>
    <ROSN>46,630000</ROSN>
    <SLOV>46,630000</SLOV>
    <SVIZ>46,630000</SVIZ>
    <BSP>46,630000</BSP>
  </Prezzi>
  <Prezzi>
    <Data>20140720</Data>
    <Mercato>MGP</Mercato>
    <Ora>21</Ora>
    <PUN>55,059364</PUN>
    <NAT>51,510000</NAT>
    <CNOR>47,890000</CNOR>
    <CSUD>47,890000</CSUD>
    <NORD>47,890000</NORD>
    <SARD>47,890000</SARD>
    <SICI>143,790000</SICI>
    <SUD>47,890000</SUD>
    <AUST>47,890000</AUST>
    <BRNN>47,890000</BRNN>
    <COAC>47,890000</COAC>
    <CORS>47,890000</CORS>
    <FOGN>47,890000</FOGN>
    <FRAN>47,890000</FRAN>
    <GREC>47,890000</GREC>
    <MFTV>47,890000</MFTV>
    <PRGP>143,790000</PRGP>
    <ROSN>47,890000</ROSN>
    <SLOV>47,890000</SLOV>
    <SVIZ>47,890000</SVIZ>
    <BSP>47,890000</BSP>
  </Prezzi>
  <Prezzi>
    <Data>20140720</Data>
    <Mercato>MGP</Mercato>
    <Ora>22</Ora>
    <PUN>58,726268</PUN>
    <NAT>53,770000</NAT>
    <CNOR>51,990000</CNOR>
    <CSUD>51,990000</CSUD>
    <NORD>51,990000</NORD>
    <SARD>51,990000</SARD>
    <SICI>143,790000</SICI>
    <SUD>51,990000</SUD>
    <AUST>51,990000</AUST>
    <BRNN>51,990000</BRNN>
    <COAC>51,990000</COAC>
    <CORS>51,990000</CORS>
    <FOGN>51,990000</FOGN>
    <FRAN>51,990000</FRAN>
    <GREC>51,990000</GREC>
    <MFTV>51,990000</MFTV>
    <PRGP>143,790000</PRGP>
    <ROSN>51,990000</ROSN>
    <SLOV>51,990000</SLOV>
    <SVIZ>51,990000</SVIZ>
    <BSP>51,990000</BSP>
  </Prezzi>
  <Prezzi>
    <Data>20140720</Data>
    <Mercato>MGP</Mercato>
    <Ora>23</Ora>
    <PUN>55,248236</PUN>
    <NAT>49,990000</NAT>
    <CNOR>48,000000</CNOR>
    <CSUD>48,000000</CSUD>
    <NORD>48,000000</NORD>
    <SARD>48,000000</SARD>
    <SICI>143,790000</SICI>
    <SUD>48,000000</SUD>
    <AUST>48,000000</AUST>
    <BRNN>48,000000</BRNN>
    <COAC>48,000000</COAC>
    <CORS>48,000000</CORS>
    <FOGN>48,000000</FOGN>
    <FRAN>48,000000</FRAN>
    <GREC>48,000000</GREC>
    <MFTV>48,000000</MFTV>
    <PRGP>143,790000</PRGP>
    <ROSN>48,000000</ROSN>
    <SLOV>48,000000</SLOV>
    <SVIZ>48,000000</SVIZ>
    <BSP>48,000000</BSP>
  </Prezzi>
  <Prezzi>
    <Data>20140720</Data>
    <Mercato>MGP</Mercato>
    <Ora>24</Ora>
    <PUN>50,254286</PUN>
    <NAT>46,000000</NAT>
    <CNOR>44,310000</CNOR>
    <CSUD>44,310000</CSUD>
    <NORD>44,310000</NORD>
    <SARD>44,310000</SARD>
    <SICI>121,150000</SICI>
    <SUD>44,310000</SUD>
    <AUST>44,310000</AUST>
    <BRNN>44,310000</BRNN>
    <COAC>44,310000</COAC>
    <CORS>44,310000</CORS>
    <FOGN>44,310000</FOGN>
    <FRAN>44,310000</FRAN>
    <GREC>44,310000</GREC>
    <MFTV>44,310000</MFTV>
    <PRGP>121,150000</PRGP>
    <ROSN>44,310000</ROSN>
    <SLOV>44,310000</SLOV>
    <SVIZ>44,310000</SVIZ>
    <BSP>44,310000</BSP>
  </Prezzi>
</NewDataSet>