<?xml version="1.0" standalone="yes"?>
<NewDataSet>
  <xs:schema id="NewDataSet" xmlns="" xmlns:xs="http://www.w3.org/2001/XMLSchema" xmlns:msdata="urn:schemas-microsoft-com:xml-msdata">
    <xs:element name="NewDataSet" msdata:IsDataSet="true" msdata:UseCurrentLocale="true">
      <xs:complexType>
        <xs:choice minOccurs="0" maxOccurs="unbounded">
          <xs:element name="Prezzi">
            <xs:complexType>
              <xs:sequence>
                <xs:element name="Data" type="xs:string" minOccurs="0" />
                <xs:element name="Mercato" type="xs:string" minOccurs="0" />
                <xs:element name="Ora" type="xs:string" minOccurs="0" />
                <xs:element name="PUN" type="xs:string" minOccurs="0" />
                <xs:element name="NAT" type="xs:string" minOccurs="0" />
                <xs:element name="CNOR" type="xs:string" minOccurs="0" />
                <xs:element name="CSUD" type="xs:string" minOccurs="0" />
                <xs:element name="NORD" type="xs:string" minOccurs="0" />
                <xs:element name="SARD" type="xs:string" minOccurs="0" />
                <xs:element name="SICI" type="xs:string" minOccurs="0" />
                <xs:element name="SUD" type="xs:string" minOccurs="0" />
                <xs:element name="AUST" type="xs:string" minOccurs="0" />
                <xs:element name="BRNN" type="xs:string" minOccurs="0" />
                <xs:element name="COAC" type="xs:string" minOccurs="0" />
                <xs:element name="CORS" type="xs:string" minOccurs="0" />
                <xs:element name="FOGN" type="xs:string" minOccurs="0" />
                <xs:element name="FRAN" type="xs:string" minOccurs="0" />
                <xs:element name="GREC" type="xs:string" minOccurs="0" />
                <xs:element name="MFTV" type="xs:string" minOccurs="0" />
                <xs:element name="PRGP" type="xs:string" minOccurs="0" />
                <xs:element name="ROSN" type="xs:string" minOccurs="0" />
                <xs:element name="SLOV" type="xs:string" minOccurs="0" />
                <xs:element name="SVIZ" type="xs:string" minOccurs="0" />
                <xs:element name="BSP" type="xs:string" minOccurs="0" />
              </xs:sequence>
            </xs:complexType>
          </xs:element>
        </xs:choice>
      </xs:complexType>
    </xs:element>
  </xs:schema>
  <Prezzi>
    <Data>20140704</Data>
    <Mercato>MGP</Mercato>
    <Ora>1</Ora>
    <PUN>46,784085</PUN>
    <NAT>44,510000</NAT>
    <CNOR>43,540000</CNOR>
    <CSUD>43,540000</CSUD>
    <NORD>43,540000</NORD>
    <SARD>43,540000</SARD>
    <SICI>90,000000</SICI>
    <SUD>43,540000</SUD>
    <AUST>43,540000</AUST>
    <BRNN>43,540000</BRNN>
    <COAC>43,540000</COAC>
    <CORS>43,540000</CORS>
    <FOGN>43,540000</FOGN>
    <FRAN>43,540000</FRAN>
    <GREC>43,540000</GREC>
    <MFTV>43,540000</MFTV>
    <PRGP>90,000000</PRGP>
    <ROSN>43,540000</ROSN>
    <SLOV>43,540000</SLOV>
    <SVIZ>43,540000</SVIZ>
    <BSP>35,020000</BSP>
  </Prezzi>
  <Prezzi>
    <Data>20140704</Data>
    <Mercato>MGP</Mercato>
    <Ora>2</Ora>
    <PUN>41,963063</PUN>
    <NAT>40,000000</NAT>
    <CNOR>39,380000</CNOR>
    <CSUD>39,380000</CSUD>
    <NORD>39,380000</NORD>
    <SARD>39,380000</SARD>
    <SICI>77,900000</SICI>
    <SUD>39,380000</SUD>
    <AUST>39,380000</AUST>
    <BRNN>39,380000</BRNN>
    <COAC>39,380000</COAC>
    <CORS>39,380000</CORS>
    <FOGN>39,380000</FOGN>
    <FRAN>39,380000</FRAN>
    <GREC>39,380000</GREC>
    <MFTV>39,380000</MFTV>
    <PRGP>77,900000</PRGP>
    <ROSN>39,380000</ROSN>
    <SLOV>39,380000</SLOV>
    <SVIZ>39,380000</SVIZ>
    <BSP>31,130000</BSP>
  </Prezzi>
  <Prezzi>
    <Data>20140704</Data>
    <Mercato>MGP</Mercato>
    <Ora>3</Ora>
    <PUN>39,160000</PUN>
    <NAT>39,020000</NAT>
    <CNOR>37,051753</CNOR>
    <CSUD>37,051753</CSUD>
    <NORD>37,051753</NORD>
    <SARD>37,051753</SARD>
    <SICI>67,900000</SICI>
    <SUD>37,051753</SUD>
    <AUST>37,051753</AUST>
    <BRNN>37,051753</BRNN>
    <COAC>37,051753</COAC>
    <CORS>37,051753</CORS>
    <FOGN>37,051753</FOGN>
    <FRAN>37,051753</FRAN>
    <GREC>37,051753</GREC>
    <MFTV>37,051753</MFTV>
    <PRGP>67,900000</PRGP>
    <ROSN>37,051753</ROSN>
    <SLOV>37,051753</SLOV>
    <SVIZ>37,051753</SVIZ>
    <BSP>29,050000</BSP>
  </Prezzi>
  <Prezzi>
    <Data>20140704</Data>
    <Mercato>MGP</Mercato>
    <Ora>4</Ora>
    <PUN>38,285920</PUN>
    <NAT>37,550000</NAT>
    <CNOR>36,100000</CNOR>
    <CSUD>36,100000</CSUD>
    <NORD>36,100000</NORD>
    <SARD>36,100000</SARD>
    <SICI>67,900000</SICI>
    <SUD>36,100000</SUD>
    <AUST>36,100000</AUST>
    <BRNN>36,100000</BRNN>
    <COAC>36,100000</COAC>
    <CORS>36,100000</CORS>
    <FOGN>36,100000</FOGN>
    <FRAN>36,100000</FRAN>
    <GREC>36,100000</GREC>
    <MFTV>36,100000</MFTV>
    <PRGP>67,900000</PRGP>
    <ROSN>36,100000</ROSN>
    <SLOV>36,100000</SLOV>
    <SVIZ>36,100000</SVIZ>
    <BSP>27,770000</BSP>
  </Prezzi>
  <Prezzi>
    <Data>20140704</Data>
    <Mercato>MGP</Mercato>
    <Ora>5</Ora>
    <PUN>36,835992</PUN>
    <NAT>37,500000</NAT>
    <CNOR>36,100000</CNOR>
    <CSUD>36,100000</CSUD>
    <NORD>36,100000</NORD>
    <SARD>36,100000</SARD>
    <SICI>47,280000</SICI>
    <SUD>36,100000</SUD>
    <AUST>36,100000</AUST>
    <BRNN>36,100000</BRNN>
    <COAC>36,100000</COAC>
    <CORS>36,100000</CORS>
    <FOGN>36,100000</FOGN>
    <FRAN>36,100000</FRAN>
    <GREC>36,100000</GREC>
    <MFTV>36,100000</MFTV>
    <PRGP>47,280000</PRGP>
    <ROSN>36,100000</ROSN>
    <SLOV>36,100000</SLOV>
    <SVIZ>36,100000</SVIZ>
    <BSP>27,730000</BSP>
  </Prezzi>
  <Prezzi>
    <Data>20140704</Data>
    <Mercato>MGP</Mercato>
    <Ora>6</Ora>
    <PUN>38,508621</PUN>
    <NAT>38,440000</NAT>
    <CNOR>37,910000</CNOR>
    <CSUD>37,910000</CSUD>
    <NORD>37,910000</NORD>
    <SARD>37,910000</SARD>
    <SICI>47,200000</SICI>
    <SUD>37,910000</SUD>
    <AUST>37,910000</AUST>
    <BRNN>37,910000</BRNN>
    <COAC>37,910000</COAC>
    <CORS>37,910000</CORS>
    <FOGN>37,910000</FOGN>
    <FRAN>37,910000</FRAN>
    <GREC>37,910000</GREC>
    <MFTV>37,910000</MFTV>
    <PRGP>47,200000</PRGP>
    <ROSN>37,910000</ROSN>
    <SLOV>37,910000</SLOV>
    <SVIZ>37,910000</SVIZ>
    <BSP>30,050000</BSP>
  </Prezzi>
  <Prezzi>
    <Data>20140704</Data>
    <Mercato>MGP</Mercato>
    <Ora>7</Ora>
    <PUN>40,302758</PUN>
    <NAT>40,000000</NAT>
    <CNOR>40,000000</CNOR>
    <CSUD>40,000000</CSUD>
    <NORD>40,000000</NORD>
    <SARD>40,000000</SARD>
    <SICI>45,010000</SICI>
    <SUD>40,000000</SUD>
    <AUST>40,000000</AUST>
    <BRNN>40,000000</BRNN>
    <COAC>40,000000</COAC>
    <CORS>40,000000</CORS>
    <FOGN>40,000000</FOGN>
    <FRAN>40,000000</FRAN>
    <GREC>40,000000</GREC>
    <MFTV>40,000000</MFTV>
    <PRGP>45,010000</PRGP>
    <ROSN>40,000000</ROSN>
    <SLOV>40,000000</SLOV>
    <SVIZ>40,000000</SVIZ>
    <BSP>34,900000</BSP>
  </Prezzi>
  <Prezzi>
    <Data>20140704</Data>
    <Mercato>MGP</Mercato>
    <Ora>8</Ora>
    <PUN>49,570000</PUN>
    <NAT>47,000000</NAT>
    <CNOR>46,834464</CNOR>
    <CSUD>46,834464</CSUD>
    <NORD>46,834464</NORD>
    <SARD>46,834464</SARD>
    <SICI>95,000000</SICI>
    <SUD>46,834464</SUD>
    <AUST>46,834464</AUST>
    <BRNN>46,834464</BRNN>
    <COAC>46,834464</COAC>
    <CORS>46,834464</CORS>
    <FOGN>46,834464</FOGN>
    <FRAN>46,834464</FRAN>
    <GREC>46,834464</GREC>
    <MFTV>46,834464</MFTV>
    <PRGP>95,000000</PRGP>
    <ROSN>46,834464</ROSN>
    <SLOV>46,834464</SLOV>
    <SVIZ>46,834464</SVIZ>
    <BSP>41,670000</BSP>
  </Prezzi>
  <Prezzi>
    <Data>20140704</Data>
    <Mercato>MGP</Mercato>
    <Ora>9</Ora>
    <PUN>51,949132</PUN>
    <NAT>48,180000</NAT>
    <CNOR>48,330000</CNOR>
    <CSUD>48,330000</CSUD>
    <NORD>48,330000</NORD>
    <SARD>48,330000</SARD>
    <SICI>114,900000</SICI>
    <SUD>48,330000</SUD>
    <AUST>48,330000</AUST>
    <BRNN>48,330000</BRNN>
    <COAC>48,330000</COAC>
    <CORS>48,330000</CORS>
    <FOGN>48,330000</FOGN>
    <FRAN>48,330000</FRAN>
    <GREC>48,330000</GREC>
    <MFTV>48,330000</MFTV>
    <PRGP>114,900000</PRGP>
    <ROSN>48,330000</ROSN>
    <SLOV>48,330000</SLOV>
    <SVIZ>48,330000</SVIZ>
    <BSP>43,430000</BSP>
  </Prezzi>
  <Prezzi>
    <Data>20140704</Data>
    <Mercato>MGP</Mercato>
    <Ora>10</Ora>
    <PUN>54,654783</PUN>
    <NAT>49,990000</NAT>
    <CNOR>48,060000</CNOR>
    <CSUD>48,060000</CSUD>
    <NORD>52,300000</NORD>
    <SARD>48,060000</SARD>
    <SICI>119,660000</SICI>
    <SUD>48,060000</SUD>
    <AUST>52,300000</AUST>
    <BRNN>48,060000</BRNN>
    <COAC>48,060000</COAC>
    <CORS>48,060000</CORS>
    <FOGN>48,060000</FOGN>
    <FRAN>52,300000</FRAN>
    <GREC>48,060000</GREC>
    <MFTV>52,300000</MFTV>
    <PRGP>119,660000</PRGP>
    <ROSN>48,060000</ROSN>
    <SLOV>52,300000</SLOV>
    <SVIZ>52,300000</SVIZ>
    <BSP>42,800000</BSP>
  </Prezzi>
  <Prezzi>
    <Data>20140704</Data>
    <Mercato>MGP</Mercato>
    <Ora>11</Ora>
    <PUN>52,061462</PUN>
    <NAT>48,010000</NAT>
    <CNOR>47,000000</CNOR>
    <CSUD>47,000000</CSUD>
    <NORD>49,010000</NORD>
    <SARD>47,000000</SARD>
    <SICI>114,900000</SICI>
    <SUD>47,000000</SUD>
    <AUST>49,010000</AUST>
    <BRNN>47,000000</BRNN>
    <COAC>47,000000</COAC>
    <CORS>47,000000</CORS>
    <FOGN>47,000000</FOGN>
    <FRAN>49,010000</FRAN>
    <GREC>47,000000</GREC>
    <MFTV>49,010000</MFTV>
    <PRGP>114,900000</PRGP>
    <ROSN>47,000000</ROSN>
    <SLOV>49,010000</SLOV>
    <SVIZ>49,010000</SVIZ>
    <BSP>42,200000</BSP>
  </Prezzi>
  <Prezzi>
    <Data>20140704</Data>
    <Mercato>MGP</Mercato>
    <Ora>12</Ora>
    <PUN>47,983208</PUN>
    <NAT>47,000000</NAT>
    <CNOR>46,450000</CNOR>
    <CSUD>46,450000</CSUD>
    <NORD>49,010000</NORD>
    <SARD>46,450000</SARD>
    <SICI>46,450000</SICI>
    <SUD>46,450000</SUD>
    <AUST>49,010000</AUST>
    <BRNN>46,450000</BRNN>
    <COAC>46,450000</COAC>
    <CORS>46,450000</CORS>
    <FOGN>46,450000</FOGN>
    <FRAN>49,010000</FRAN>
    <GREC>46,450000</GREC>
    <MFTV>49,010000</MFTV>
    <PRGP>46,450000</PRGP>
    <ROSN>46,450000</ROSN>
    <SLOV>49,010000</SLOV>
    <SVIZ>49,010000</SVIZ>
    <BSP>43,940000</BSP>
  </Prezzi>
  <Prezzi>
    <Data>20140704</Data>
    <Mercato>MGP</Mercato>
    <Ora>13</Ora>
    <PUN>43,389626</PUN>
    <NAT>43,760000</NAT>
    <CNOR>40,450000</CNOR>
    <CSUD>40,450000</CSUD>
    <NORD>45,000000</NORD>
    <SARD>40,450000</SARD>
    <SICI>45,020000</SICI>
    <SUD>40,450000</SUD>
    <AUST>45,000000</AUST>
    <BRNN>40,450000</BRNN>
    <COAC>40,450000</COAC>
    <CORS>40,450000</CORS>
    <FOGN>40,450000</FOGN>
    <FRAN>45,000000</FRAN>
    <GREC>40,450000</GREC>
    <MFTV>45,000000</MFTV>
    <PRGP>45,020000</PRGP>
    <ROSN>40,450000</ROSN>
    <SLOV>45,000000</SLOV>
    <SVIZ>45,000000</SVIZ>
    <BSP>45,000000</BSP>
  </Prezzi>
  <Prezzi>
    <Data>20140704</Data>
    <Mercato>MGP</Mercato>
    <Ora>14</Ora>
    <PUN>42,773588</PUN>
    <NAT>42,770000</NAT>
    <CNOR>40,040000</CNOR>
    <CSUD>40,040000</CSUD>
    <NORD>44,160000</NORD>
    <SARD>40,040000</SARD>
    <SICI>45,000000</SICI>
    <SUD>40,040000</SUD>
    <AUST>44,160000</AUST>
    <BRNN>40,040000</BRNN>
    <COAC>40,040000</COAC>
    <CORS>40,040000</CORS>
    <FOGN>40,040000</FOGN>
    <FRAN>44,160000</FRAN>
    <GREC>40,040000</GREC>
    <MFTV>44,160000</MFTV>
    <PRGP>45,000000</PRGP>
    <ROSN>40,040000</ROSN>
    <SLOV>44,160000</SLOV>
    <SVIZ>44,160000</SVIZ>
    <BSP>44,160000</BSP>
  </Prezzi>
  <Prezzi>
    <Data>20140704</Data>
    <Mercato>MGP</Mercato>
    <Ora>15</Ora>
    <PUN>43,499414</PUN>
    <NAT>44,180000</NAT>
    <CNOR>40,450000</CNOR>
    <CSUD>40,450000</CSUD>
    <NORD>45,120000</NORD>
    <SARD>40,450000</SARD>
    <SICI>45,000000</SICI>
    <SUD>40,450000</SUD>
    <AUST>45,120000</AUST>
    <BRNN>40,450000</BRNN>
    <COAC>40,450000</COAC>
    <CORS>40,450000</CORS>
    <FOGN>40,450000</FOGN>
    <FRAN>45,120000</FRAN>
    <GREC>40,450000</GREC>
    <MFTV>45,120000</MFTV>
    <PRGP>45,000000</PRGP>
    <ROSN>40,450000</ROSN>
    <SLOV>45,120000</SLOV>
    <SVIZ>45,120000</SVIZ>
    <BSP>44,500000</BSP>
  </Prezzi>
  <Prezzi>
    <Data>20140704</Data>
    <Mercato>MGP</Mercato>
    <Ora>16</Ora>
    <PUN>45,015875</PUN>
    <NAT>45,020000</NAT>
    <CNOR>40,460000</CNOR>
    <CSUD>40,460000</CSUD>
    <NORD>47,620000</NORD>
    <SARD>40,460000</SARD>
    <SICI>45,000000</SICI>
    <SUD>40,460000</SUD>
    <AUST>47,620000</AUST>
    <BRNN>40,460000</BRNN>
    <COAC>40,460000</COAC>
    <CORS>40,460000</CORS>
    <FOGN>40,460000</FOGN>
    <FRAN>47,620000</FRAN>
    <GREC>40,460000</GREC>
    <MFTV>47,620000</MFTV>
    <PRGP>45,000000</PRGP>
    <ROSN>40,460000</ROSN>
    <SLOV>47,620000</SLOV>
    <SVIZ>47,620000</SVIZ>
    <BSP>45,050000</BSP>
  </Prezzi>
  <Prezzi>
    <Data>20140704</Data>
    <Mercato>MGP</Mercato>
    <Ora>17</Ora>
    <PUN>48,513735</PUN>
    <NAT>47,610000</NAT>
    <CNOR>49,900000</CNOR>
    <CSUD>45,450000</CSUD>
    <NORD>49,900000</NORD>
    <SARD>45,450000</SARD>
    <SICI>45,450000</SICI>
    <SUD>45,450000</SUD>
    <AUST>49,900000</AUST>
    <BRNN>45,450000</BRNN>
    <COAC>45,450000</COAC>
    <CORS>45,450000</CORS>
    <FOGN>45,450000</FOGN>
    <FRAN>49,900000</FRAN>
    <GREC>45,450000</GREC>
    <MFTV>49,900000</MFTV>
    <PRGP>45,450000</PRGP>
    <ROSN>45,450000</ROSN>
    <SLOV>49,900000</SLOV>
    <SVIZ>49,900000</SVIZ>
    <BSP>43,500000</BSP>
  </Prezzi>
  <Prezzi>
    <Data>20140704</Data>
    <Mercato>MGP</Mercato>
    <Ora>18</Ora>
    <PUN>50,518085</PUN>
    <NAT>48,060000</NAT>
    <CNOR>47,840000</CNOR>
    <CSUD>47,460000</CSUD>
    <NORD>47,840000</NORD>
    <SARD>47,460000</SARD>
    <SICI>95,000000</SICI>
    <SUD>47,460000</SUD>
    <AUST>47,840000</AUST>
    <BRNN>47,460000</BRNN>
    <COAC>47,460000</COAC>
    <CORS>47,460000</CORS>
    <FOGN>47,460000</FOGN>
    <FRAN>47,840000</FRAN>
    <GREC>47,460000</GREC>
    <MFTV>47,840000</MFTV>
    <PRGP>95,000000</PRGP>
    <ROSN>47,460000</ROSN>
    <SLOV>47,840000</SLOV>
    <SVIZ>47,840000</SVIZ>
    <BSP>41,520000</BSP>
  </Prezzi>
  <Prezzi>
    <Data>20140704</Data>
    <Mercato>MGP</Mercato>
    <Ora>19</Ora>
    <PUN>53,079520</PUN>
    <NAT>49,990000</NAT>
    <CNOR>49,990000</CNOR>
    <CSUD>49,990000</CSUD>
    <NORD>49,990000</NORD>
    <SARD>49,990000</SARD>
    <SICI>100,020000</SICI>
    <SUD>49,990000</SUD>
    <AUST>49,990000</AUST>
    <BRNN>49,990000</BRNN>
    <COAC>49,990000</COAC>
    <CORS>49,990000</CORS>
    <FOGN>49,990000</FOGN>
    <FRAN>49,990000</FRAN>
    <GREC>49,990000</GREC>
    <MFTV>49,990000</MFTV>
    <PRGP>100,020000</PRGP>
    <ROSN>49,990000</ROSN>
    <SLOV>49,990000</SLOV>
    <SVIZ>49,990000</SVIZ>
    <BSP>41,740000</BSP>
  </Prezzi>
  <Prezzi>
    <Data>20140704</Data>
    <Mercato>MGP</Mercato>
    <Ora>20</Ora>
    <PUN>55,589301</PUN>
    <NAT>51,760000</NAT>
    <CNOR>49,990000</CNOR>
    <CSUD>49,990000</CSUD>
    <NORD>49,990000</NORD>
    <SARD>73,090000</SARD>
    <SICI>125,020000</SICI>
    <SUD>49,990000</SUD>
    <AUST>49,990000</AUST>
    <BRNN>49,990000</BRNN>
    <COAC>73,090000</COAC>
    <CORS>73,090000</CORS>
    <FOGN>49,990000</FOGN>
    <FRAN>49,990000</FRAN>
    <GREC>49,990000</GREC>
    <MFTV>49,990000</MFTV>
    <PRGP>125,020000</PRGP>
    <ROSN>49,990000</ROSN>
    <SLOV>49,990000</SLOV>
    <SVIZ>49,990000</SVIZ>
    <BSP>42,250000</BSP>
  </Prezzi>
  <Prezzi>
    <Data>20140704</Data>
    <Mercato>MGP</Mercato>
    <Ora>21</Ora>
    <PUN>56,437907</PUN>
    <NAT>51,160000</NAT>
    <CNOR>49,900000</CNOR>
    <CSUD>49,900000</CSUD>
    <NORD>49,900000</NORD>
    <SARD>73,090000</SARD>
    <SICI>135,020000</SICI>
    <SUD>49,900000</SUD>
    <AUST>49,900000</AUST>
    <BRNN>49,900000</BRNN>
    <COAC>73,090000</COAC>
    <CORS>73,090000</CORS>
    <FOGN>49,900000</FOGN>
    <FRAN>49,900000</FRAN>
    <GREC>49,900000</GREC>
    <MFTV>49,900000</MFTV>
    <PRGP>135,020000</PRGP>
    <ROSN>49,900000</ROSN>
    <SLOV>49,900000</SLOV>
    <SVIZ>49,900000</SVIZ>
    <BSP>44,700000</BSP>
  </Prezzi>
  <Prezzi>
    <Data>20140704</Data>
    <Mercato>MGP</Mercato>
    <Ora>22</Ora>
    <PUN>56,400000</PUN>
    <NAT>52,990000</NAT>
    <CNOR>49,924080</CNOR>
    <CSUD>49,924080</CSUD>
    <NORD>49,924080</NORD>
    <SARD>73,090000</SARD>
    <SICI>135,020000</SICI>
    <SUD>49,924080</SUD>
    <AUST>49,924080</AUST>
    <BRNN>49,924080</BRNN>
    <COAC>73,090000</COAC>
    <CORS>73,090000</CORS>
    <FOGN>49,924080</FOGN>
    <FRAN>49,924080</FRAN>
    <GREC>49,924080</GREC>
    <MFTV>49,924080</MFTV>
    <PRGP>135,020000</PRGP>
    <ROSN>49,924080</ROSN>
    <SLOV>49,924080</SLOV>
    <SVIZ>49,924080</SVIZ>
    <BSP>48,000000</BSP>
  </Prezzi>
  <Prezzi>
    <Data>20140704</Data>
    <Mercato>MGP</Mercato>
    <Ora>23</Ora>
    <PUN>55,010000</PUN>
    <NAT>48,330000</NAT>
    <CNOR>47,000000</CNOR>
    <CSUD>47,000000</CSUD>
    <NORD>47,000000</NORD>
    <SARD>116,380000</SARD>
    <SICI>121,150000</SICI>
    <SUD>47,000000</SUD>
    <AUST>47,000000</AUST>
    <BRNN>47,000000</BRNN>
    <COAC>116,380000</COAC>
    <CORS>116,380000</CORS>
    <FOGN>47,000000</FOGN>
    <FRAN>47,000000</FRAN>
    <GREC>47,000000</GREC>
    <MFTV>47,000000</MFTV>
    <PRGP>121,150000</PRGP>
    <ROSN>47,000000</ROSN>
    <SLOV>47,000000</SLOV>
    <SVIZ>47,000000</SVIZ>
    <BSP>47,000000</BSP>
  </Prezzi>
  <Prezzi>
    <Data>20140704</Data>
    <Mercato>MGP</Mercato>
    <Ora>24</Ora>
    <PUN>49,659595</PUN>
    <NAT>45,980000</NAT>
    <CNOR>44,990000</CNOR>
    <CSUD>44,990000</CSUD>
    <NORD>44,990000</NORD>
    <SARD>73,090000</SARD>
    <SICI>95,020000</SICI>
    <SUD>44,990000</SUD>
    <AUST>44,990000</AUST>
    <BRNN>44,990000</BRNN>
    <COAC>73,090000</COAC>
    <CORS>73,090000</CORS>
    <FOGN>44,990000</FOGN>
    <FRAN>44,990000</FRAN>
    <GREC>44,990000</GREC>
    <MFTV>44,990000</MFTV>
    <PRGP>95,020000</PRGP>
    <ROSN>44,990000</ROSN>
    <SLOV>44,990000</SLOV>
    <SVIZ>44,990000</SVIZ>
    <BSP>37,570000</BSP>
  </Prezzi>
</NewDataSet>