<?xml version="1.0" standalone="yes"?>
<NewDataSet>
  <xs:schema id="NewDataSet" xmlns="" xmlns:xs="http://www.w3.org/2001/XMLSchema" xmlns:msdata="urn:schemas-microsoft-com:xml-msdata">
    <xs:element name="NewDataSet" msdata:IsDataSet="true" msdata:UseCurrentLocale="true">
      <xs:complexType>
        <xs:choice minOccurs="0" maxOccurs="unbounded">
          <xs:element name="Prezzi">
            <xs:complexType>
              <xs:sequence>
                <xs:element name="Data" type="xs:string" minOccurs="0" />
                <xs:element name="Mercato" type="xs:string" minOccurs="0" />
                <xs:element name="Ora" type="xs:string" minOccurs="0" />
                <xs:element name="PUN" type="xs:string" minOccurs="0" />
                <xs:element name="NAT" type="xs:string" minOccurs="0" />
                <xs:element name="CNOR" type="xs:string" minOccurs="0" />
                <xs:element name="CSUD" type="xs:string" minOccurs="0" />
                <xs:element name="NORD" type="xs:string" minOccurs="0" />
                <xs:element name="SARD" type="xs:string" minOccurs="0" />
                <xs:element name="SICI" type="xs:string" minOccurs="0" />
                <xs:element name="SUD" type="xs:string" minOccurs="0" />
                <xs:element name="AUST" type="xs:string" minOccurs="0" />
                <xs:element name="BRNN" type="xs:string" minOccurs="0" />
                <xs:element name="COAC" type="xs:string" minOccurs="0" />
                <xs:element name="CORS" type="xs:string" minOccurs="0" />
                <xs:element name="FOGN" type="xs:string" minOccurs="0" />
                <xs:element name="FRAN" type="xs:string" minOccurs="0" />
                <xs:element name="GREC" type="xs:string" minOccurs="0" />
                <xs:element name="MFTV" type="xs:string" minOccurs="0" />
                <xs:element name="PRGP" type="xs:string" minOccurs="0" />
                <xs:element name="ROSN" type="xs:string" minOccurs="0" />
                <xs:element name="SLOV" type="xs:string" minOccurs="0" />
                <xs:element name="SVIZ" type="xs:string" minOccurs="0" />
                <xs:element name="BSP" type="xs:string" minOccurs="0" />
              </xs:sequence>
            </xs:complexType>
          </xs:element>
        </xs:choice>
      </xs:complexType>
    </xs:element>
  </xs:schema>
  <Prezzi>
    <Data>20140731</Data>
    <Mercato>MGP</Mercato>
    <Ora>1</Ora>
    <PUN>41,930664</PUN>
    <NAT>40,740000</NAT>
    <CNOR>37,990000</CNOR>
    <CSUD>37,990000</CSUD>
    <NORD>37,990000</NORD>
    <SARD>37,990000</SARD>
    <SICI>90,020000</SICI>
    <SUD>37,990000</SUD>
    <AUST>37,990000</AUST>
    <BRNN>37,990000</BRNN>
    <COAC>37,990000</COAC>
    <CORS>37,990000</CORS>
    <FOGN>37,990000</FOGN>
    <FRAN>37,990000</FRAN>
    <GREC>37,990000</GREC>
    <MFTV>37,990000</MFTV>
    <PRGP>90,020000</PRGP>
    <ROSN>37,990000</ROSN>
    <SLOV>37,990000</SLOV>
    <SVIZ>37,990000</SVIZ>
    <BSP>32,010000</BSP>
  </Prezzi>
  <Prezzi>
    <Data>20140731</Data>
    <Mercato>MGP</Mercato>
    <Ora>2</Ora>
    <PUN>40,552661</PUN>
    <NAT>39,560000</NAT>
    <CNOR>37,270000</CNOR>
    <CSUD>37,270000</CSUD>
    <NORD>37,270000</NORD>
    <SARD>37,270000</SARD>
    <SICI>80,010000</SICI>
    <SUD>37,270000</SUD>
    <AUST>37,270000</AUST>
    <BRNN>37,270000</BRNN>
    <COAC>37,270000</COAC>
    <CORS>37,270000</CORS>
    <FOGN>37,270000</FOGN>
    <FRAN>37,270000</FRAN>
    <GREC>37,270000</GREC>
    <MFTV>37,270000</MFTV>
    <PRGP>80,010000</PRGP>
    <ROSN>37,270000</ROSN>
    <SLOV>37,270000</SLOV>
    <SVIZ>37,270000</SVIZ>
    <BSP>28,460000</BSP>
  </Prezzi>
  <Prezzi>
    <Data>20140731</Data>
    <Mercato>MGP</Mercato>
    <Ora>3</Ora>
    <PUN>38,232471</PUN>
    <NAT>36,330000</NAT>
    <CNOR>35,750000</CNOR>
    <CSUD>35,750000</CSUD>
    <NORD>35,750000</NORD>
    <SARD>35,750000</SARD>
    <SICI>70,000000</SICI>
    <SUD>35,750000</SUD>
    <AUST>35,750000</AUST>
    <BRNN>35,750000</BRNN>
    <COAC>35,750000</COAC>
    <CORS>35,750000</CORS>
    <FOGN>35,750000</FOGN>
    <FRAN>35,750000</FRAN>
    <GREC>35,750000</GREC>
    <MFTV>35,750000</MFTV>
    <PRGP>70,000000</PRGP>
    <ROSN>35,750000</ROSN>
    <SLOV>35,750000</SLOV>
    <SVIZ>35,750000</SVIZ>
    <BSP>26,750000</BSP>
  </Prezzi>
  <Prezzi>
    <Data>20140731</Data>
    <Mercato>MGP</Mercato>
    <Ora>4</Ora>
    <PUN>41,017976</PUN>
    <NAT>38,950000</NAT>
    <CNOR>38,990000</CNOR>
    <CSUD>38,990000</CSUD>
    <NORD>38,990000</NORD>
    <SARD>38,990000</SARD>
    <SICI>68,000000</SICI>
    <SUD>38,990000</SUD>
    <AUST>38,990000</AUST>
    <BRNN>38,990000</BRNN>
    <COAC>38,990000</COAC>
    <CORS>38,990000</CORS>
    <FOGN>38,990000</FOGN>
    <FRAN>38,990000</FRAN>
    <GREC>38,990000</GREC>
    <MFTV>38,990000</MFTV>
    <PRGP>68,000000</PRGP>
    <ROSN>38,990000</ROSN>
    <SLOV>38,990000</SLOV>
    <SVIZ>38,990000</SVIZ>
    <BSP>25,370000</BSP>
  </Prezzi>
  <Prezzi>
    <Data>20140731</Data>
    <Mercato>MGP</Mercato>
    <Ora>5</Ora>
    <PUN>41,020563</PUN>
    <NAT>38,990000</NAT>
    <CNOR>38,990000</CNOR>
    <CSUD>38,990000</CSUD>
    <NORD>38,990000</NORD>
    <SARD>38,990000</SARD>
    <SICI>68,000000</SICI>
    <SUD>38,990000</SUD>
    <AUST>38,990000</AUST>
    <BRNN>38,990000</BRNN>
    <COAC>38,990000</COAC>
    <CORS>38,990000</CORS>
    <FOGN>38,990000</FOGN>
    <FRAN>38,990000</FRAN>
    <GREC>38,990000</GREC>
    <MFTV>38,990000</MFTV>
    <PRGP>68,000000</PRGP>
    <ROSN>38,990000</ROSN>
    <SLOV>38,990000</SLOV>
    <SVIZ>38,990000</SVIZ>
    <BSP>26,890000</BSP>
  </Prezzi>
  <Prezzi>
    <Data>20140731</Data>
    <Mercato>MGP</Mercato>
    <Ora>6</Ora>
    <PUN>42,619868</PUN>
    <NAT>40,550000</NAT>
    <CNOR>40,550000</CNOR>
    <CSUD>40,550000</CSUD>
    <NORD>40,550000</NORD>
    <SARD>40,550000</SARD>
    <SICI>70,000000</SICI>
    <SUD>40,550000</SUD>
    <AUST>40,550000</AUST>
    <BRNN>40,550000</BRNN>
    <COAC>40,550000</COAC>
    <CORS>40,550000</CORS>
    <FOGN>40,550000</FOGN>
    <FRAN>40,550000</FRAN>
    <GREC>40,550000</GREC>
    <MFTV>40,550000</MFTV>
    <PRGP>70,000000</PRGP>
    <ROSN>40,550000</ROSN>
    <SLOV>40,550000</SLOV>
    <SVIZ>40,550000</SVIZ>
    <BSP>28,600000</BSP>
  </Prezzi>
  <Prezzi>
    <Data>20140731</Data>
    <Mercato>MGP</Mercato>
    <Ora>7</Ora>
    <PUN>45,212196</PUN>
    <NAT>44,000000</NAT>
    <CNOR>43,490000</CNOR>
    <CSUD>43,490000</CSUD>
    <NORD>43,490000</NORD>
    <SARD>43,490000</SARD>
    <SICI>70,000000</SICI>
    <SUD>43,490000</SUD>
    <AUST>43,490000</AUST>
    <BRNN>43,490000</BRNN>
    <COAC>43,490000</COAC>
    <CORS>43,490000</CORS>
    <FOGN>43,490000</FOGN>
    <FRAN>43,490000</FRAN>
    <GREC>43,490000</GREC>
    <MFTV>43,490000</MFTV>
    <PRGP>70,000000</PRGP>
    <ROSN>43,490000</ROSN>
    <SLOV>43,490000</SLOV>
    <SVIZ>43,490000</SVIZ>
    <BSP>35,990000</BSP>
  </Prezzi>
  <Prezzi>
    <Data>20140731</Data>
    <Mercato>MGP</Mercato>
    <Ora>8</Ora>
    <PUN>48,615663</PUN>
    <NAT>45,980000</NAT>
    <CNOR>45,560000</CNOR>
    <CSUD>45,560000</CSUD>
    <NORD>45,560000</NORD>
    <SARD>45,560000</SARD>
    <SICI>95,020000</SICI>
    <SUD>45,560000</SUD>
    <AUST>45,560000</AUST>
    <BRNN>45,560000</BRNN>
    <COAC>45,560000</COAC>
    <CORS>45,560000</CORS>
    <FOGN>45,560000</FOGN>
    <FRAN>45,560000</FRAN>
    <GREC>45,560000</GREC>
    <MFTV>45,560000</MFTV>
    <PRGP>95,020000</PRGP>
    <ROSN>45,560000</ROSN>
    <SLOV>45,560000</SLOV>
    <SVIZ>45,560000</SVIZ>
    <BSP>41,010000</BSP>
  </Prezzi>
  <Prezzi>
    <Data>20140731</Data>
    <Mercato>MGP</Mercato>
    <Ora>9</Ora>
    <PUN>53,765823</PUN>
    <NAT>49,990000</NAT>
    <CNOR>48,890000</CNOR>
    <CSUD>48,890000</CSUD>
    <NORD>48,890000</NORD>
    <SARD>48,890000</SARD>
    <SICI>130,010000</SICI>
    <SUD>48,890000</SUD>
    <AUST>48,890000</AUST>
    <BRNN>48,890000</BRNN>
    <COAC>48,890000</COAC>
    <CORS>48,890000</CORS>
    <FOGN>48,890000</FOGN>
    <FRAN>48,890000</FRAN>
    <GREC>48,890000</GREC>
    <MFTV>48,890000</MFTV>
    <PRGP>130,010000</PRGP>
    <ROSN>48,890000</ROSN>
    <SLOV>48,890000</SLOV>
    <SVIZ>48,890000</SVIZ>
    <BSP>45,090000</BSP>
  </Prezzi>
  <Prezzi>
    <Data>20140731</Data>
    <Mercato>MGP</Mercato>
    <Ora>10</Ora>
    <PUN>54,418539</PUN>
    <NAT>50,470000</NAT>
    <CNOR>49,250000</CNOR>
    <CSUD>49,250000</CSUD>
    <NORD>49,250000</NORD>
    <SARD>49,250000</SARD>
    <SICI>135,010000</SICI>
    <SUD>49,250000</SUD>
    <AUST>49,250000</AUST>
    <BRNN>49,250000</BRNN>
    <COAC>49,250000</COAC>
    <CORS>49,250000</CORS>
    <FOGN>49,250000</FOGN>
    <FRAN>49,250000</FRAN>
    <GREC>49,250000</GREC>
    <MFTV>49,250000</MFTV>
    <PRGP>135,010000</PRGP>
    <ROSN>49,250000</ROSN>
    <SLOV>49,250000</SLOV>
    <SVIZ>49,250000</SVIZ>
    <BSP>46,690000</BSP>
  </Prezzi>
  <Prezzi>
    <Data>20140731</Data>
    <Mercato>MGP</Mercato>
    <Ora>11</Ora>
    <PUN>51,430010</PUN>
    <NAT>47,320000</NAT>
    <CNOR>45,980000</CNOR>
    <CSUD>45,980000</CSUD>
    <NORD>45,980000</NORD>
    <SARD>45,980000</SARD>
    <SICI>135,010000</SICI>
    <SUD>45,980000</SUD>
    <AUST>45,980000</AUST>
    <BRNN>45,980000</BRNN>
    <COAC>45,980000</COAC>
    <CORS>45,980000</CORS>
    <FOGN>45,980000</FOGN>
    <FRAN>45,980000</FRAN>
    <GREC>45,980000</GREC>
    <MFTV>45,980000</MFTV>
    <PRGP>135,010000</PRGP>
    <ROSN>45,980000</ROSN>
    <SLOV>45,980000</SLOV>
    <SVIZ>45,980000</SVIZ>
    <BSP>45,670000</BSP>
  </Prezzi>
  <Prezzi>
    <Data>20140731</Data>
    <Mercato>MGP</Mercato>
    <Ora>12</Ora>
    <PUN>50,303577</PUN>
    <NAT>45,700000</NAT>
    <CNOR>45,120000</CNOR>
    <CSUD>45,120000</CSUD>
    <NORD>45,120000</NORD>
    <SARD>45,120000</SARD>
    <SICI>130,000000</SICI>
    <SUD>45,120000</SUD>
    <AUST>45,120000</AUST>
    <BRNN>45,120000</BRNN>
    <COAC>45,120000</COAC>
    <CORS>45,120000</CORS>
    <FOGN>45,120000</FOGN>
    <FRAN>45,120000</FRAN>
    <GREC>45,120000</GREC>
    <MFTV>45,120000</MFTV>
    <PRGP>130,000000</PRGP>
    <ROSN>45,120000</ROSN>
    <SLOV>45,120000</SLOV>
    <SVIZ>45,120000</SVIZ>
    <BSP>44,910000</BSP>
  </Prezzi>
  <Prezzi>
    <Data>20140731</Data>
    <Mercato>MGP</Mercato>
    <Ora>13</Ora>
    <PUN>43,294662</PUN>
    <NAT>42,440000</NAT>
    <CNOR>40,550000</CNOR>
    <CSUD>40,550000</CSUD>
    <NORD>40,550000</NORD>
    <SARD>40,550000</SARD>
    <SICI>81,020000</SICI>
    <SUD>40,550000</SUD>
    <AUST>40,550000</AUST>
    <BRNN>40,550000</BRNN>
    <COAC>40,550000</COAC>
    <CORS>40,550000</CORS>
    <FOGN>40,550000</FOGN>
    <FRAN>40,550000</FRAN>
    <GREC>40,550000</GREC>
    <MFTV>40,550000</MFTV>
    <PRGP>81,020000</PRGP>
    <ROSN>40,550000</ROSN>
    <SLOV>40,550000</SLOV>
    <SVIZ>40,550000</SVIZ>
    <BSP>40,550000</BSP>
  </Prezzi>
  <Prezzi>
    <Data>20140731</Data>
    <Mercato>MGP</Mercato>
    <Ora>14</Ora>
    <PUN>44,378991</PUN>
    <NAT>42,990000</NAT>
    <CNOR>41,780000</CNOR>
    <CSUD>41,780000</CSUD>
    <NORD>41,780000</NORD>
    <SARD>41,780000</SARD>
    <SICI>81,010000</SICI>
    <SUD>41,780000</SUD>
    <AUST>41,780000</AUST>
    <BRNN>41,780000</BRNN>
    <COAC>41,780000</COAC>
    <CORS>41,780000</CORS>
    <FOGN>41,780000</FOGN>
    <FRAN>41,780000</FRAN>
    <GREC>41,780000</GREC>
    <MFTV>41,780000</MFTV>
    <PRGP>81,010000</PRGP>
    <ROSN>41,780000</ROSN>
    <SLOV>41,780000</SLOV>
    <SVIZ>41,780000</SVIZ>
    <BSP>41,780000</BSP>
  </Prezzi>
  <Prezzi>
    <Data>20140731</Data>
    <Mercato>MGP</Mercato>
    <Ora>15</Ora>
    <PUN>46,359330</PUN>
    <NAT>44,420000</NAT>
    <CNOR>44,000000</CNOR>
    <CSUD>44,000000</CSUD>
    <NORD>44,000000</NORD>
    <SARD>44,000000</SARD>
    <SICI>81,000000</SICI>
    <SUD>44,000000</SUD>
    <AUST>44,000000</AUST>
    <BRNN>44,000000</BRNN>
    <COAC>44,000000</COAC>
    <CORS>44,000000</CORS>
    <FOGN>44,000000</FOGN>
    <FRAN>44,000000</FRAN>
    <GREC>44,000000</GREC>
    <MFTV>44,000000</MFTV>
    <PRGP>81,000000</PRGP>
    <ROSN>44,000000</ROSN>
    <SLOV>44,000000</SLOV>
    <SVIZ>44,000000</SVIZ>
    <BSP>40,910000</BSP>
  </Prezzi>
  <Prezzi>
    <Data>20140731</Data>
    <Mercato>MGP</Mercato>
    <Ora>16</Ora>
    <PUN>48,343385</PUN>
    <NAT>46,000000</NAT>
    <CNOR>44,500000</CNOR>
    <CSUD>44,500000</CSUD>
    <NORD>47,110000</NORD>
    <SARD>44,500000</SARD>
    <SICI>81,000000</SICI>
    <SUD>44,500000</SUD>
    <AUST>47,110000</AUST>
    <BRNN>44,500000</BRNN>
    <COAC>44,500000</COAC>
    <CORS>44,500000</CORS>
    <FOGN>44,500000</FOGN>
    <FRAN>47,110000</FRAN>
    <GREC>44,500000</GREC>
    <MFTV>47,110000</MFTV>
    <PRGP>81,000000</PRGP>
    <ROSN>44,500000</ROSN>
    <SLOV>47,110000</SLOV>
    <SVIZ>47,110000</SVIZ>
    <BSP>42,230000</BSP>
  </Prezzi>
  <Prezzi>
    <Data>20140731</Data>
    <Mercato>MGP</Mercato>
    <Ora>17</Ora>
    <PUN>49,018079</PUN>
    <NAT>46,000000</NAT>
    <CNOR>45,900000</CNOR>
    <CSUD>45,900000</CSUD>
    <NORD>45,900000</NORD>
    <SARD>45,900000</SARD>
    <SICI>95,010000</SICI>
    <SUD>45,900000</SUD>
    <AUST>45,900000</AUST>
    <BRNN>45,900000</BRNN>
    <COAC>45,900000</COAC>
    <CORS>45,900000</CORS>
    <FOGN>45,900000</FOGN>
    <FRAN>45,900000</FRAN>
    <GREC>45,900000</GREC>
    <MFTV>45,900000</MFTV>
    <PRGP>95,010000</PRGP>
    <ROSN>45,900000</ROSN>
    <SLOV>45,900000</SLOV>
    <SVIZ>45,900000</SVIZ>
    <BSP>42,000000</BSP>
  </Prezzi>
  <Prezzi>
    <Data>20140731</Data>
    <Mercato>MGP</Mercato>
    <Ora>18</Ora>
    <PUN>49,367758</PUN>
    <NAT>46,680000</NAT>
    <CNOR>46,110000</CNOR>
    <CSUD>46,110000</CSUD>
    <NORD>46,110000</NORD>
    <SARD>46,110000</SARD>
    <SICI>95,020000</SICI>
    <SUD>46,110000</SUD>
    <AUST>46,110000</AUST>
    <BRNN>46,110000</BRNN>
    <COAC>46,110000</COAC>
    <CORS>46,110000</CORS>
    <FOGN>46,110000</FOGN>
    <FRAN>46,110000</FRAN>
    <GREC>46,110000</GREC>
    <MFTV>46,110000</MFTV>
    <PRGP>95,020000</PRGP>
    <ROSN>46,110000</ROSN>
    <SLOV>46,110000</SLOV>
    <SVIZ>46,110000</SVIZ>
    <BSP>41,770000</BSP>
  </Prezzi>
  <Prezzi>
    <Data>20140731</Data>
    <Mercato>MGP</Mercato>
    <Ora>19</Ora>
    <PUN>50,151048</PUN>
    <NAT>47,510000</NAT>
    <CNOR>46,510000</CNOR>
    <CSUD>46,510000</CSUD>
    <NORD>46,510000</NORD>
    <SARD>46,510000</SARD>
    <SICI>100,020000</SICI>
    <SUD>46,510000</SUD>
    <AUST>46,510000</AUST>
    <BRNN>46,510000</BRNN>
    <COAC>46,510000</COAC>
    <CORS>46,510000</CORS>
    <FOGN>46,510000</FOGN>
    <FRAN>46,510000</FRAN>
    <GREC>46,510000</GREC>
    <MFTV>46,510000</MFTV>
    <PRGP>100,020000</PRGP>
    <ROSN>46,510000</ROSN>
    <SLOV>46,510000</SLOV>
    <SVIZ>46,510000</SVIZ>
    <BSP>41,490000</BSP>
  </Prezzi>
  <Prezzi>
    <Data>20140731</Data>
    <Mercato>MGP</Mercato>
    <Ora>20</Ora>
    <PUN>53,249239</PUN>
    <NAT>48,950000</NAT>
    <CNOR>48,050000</CNOR>
    <CSUD>48,050000</CSUD>
    <NORD>48,050000</NORD>
    <SARD>48,050000</SARD>
    <SICI>125,020000</SICI>
    <SUD>48,050000</SUD>
    <AUST>48,050000</AUST>
    <BRNN>48,050000</BRNN>
    <COAC>48,050000</COAC>
    <CORS>48,050000</CORS>
    <FOGN>48,050000</FOGN>
    <FRAN>48,050000</FRAN>
    <GREC>48,050000</GREC>
    <MFTV>48,050000</MFTV>
    <PRGP>125,020000</PRGP>
    <ROSN>48,050000</ROSN>
    <SLOV>48,050000</SLOV>
    <SVIZ>48,050000</SVIZ>
    <BSP>43,090000</BSP>
  </Prezzi>
  <Prezzi>
    <Data>20140731</Data>
    <Mercato>MGP</Mercato>
    <Ora>21</Ora>
    <PUN>55,501497</PUN>
    <NAT>49,990000</NAT>
    <CNOR>49,440000</CNOR>
    <CSUD>49,440000</CSUD>
    <NORD>49,440000</NORD>
    <SARD>49,440000</SARD>
    <SICI>135,020000</SICI>
    <SUD>49,440000</SUD>
    <AUST>49,440000</AUST>
    <BRNN>49,440000</BRNN>
    <COAC>49,440000</COAC>
    <CORS>49,440000</CORS>
    <FOGN>49,440000</FOGN>
    <FRAN>49,440000</FRAN>
    <GREC>49,440000</GREC>
    <MFTV>49,440000</MFTV>
    <PRGP>135,020000</PRGP>
    <ROSN>49,440000</ROSN>
    <SLOV>49,440000</SLOV>
    <SVIZ>49,440000</SVIZ>
    <BSP>45,550000</BSP>
  </Prezzi>
  <Prezzi>
    <Data>20140731</Data>
    <Mercato>MGP</Mercato>
    <Ora>22</Ora>
    <PUN>53,665246</PUN>
    <NAT>49,010000</NAT>
    <CNOR>47,610000</CNOR>
    <CSUD>47,610000</CSUD>
    <NORD>47,610000</NORD>
    <SARD>47,610000</SARD>
    <SICI>135,020000</SICI>
    <SUD>47,610000</SUD>
    <AUST>47,610000</AUST>
    <BRNN>47,610000</BRNN>
    <COAC>47,610000</COAC>
    <CORS>47,610000</CORS>
    <FOGN>47,610000</FOGN>
    <FRAN>47,610000</FRAN>
    <GREC>47,610000</GREC>
    <MFTV>47,610000</MFTV>
    <PRGP>135,020000</PRGP>
    <ROSN>47,610000</ROSN>
    <SLOV>47,610000</SLOV>
    <SVIZ>47,610000</SVIZ>
    <BSP>45,270000</BSP>
  </Prezzi>
  <Prezzi>
    <Data>20140731</Data>
    <Mercato>MGP</Mercato>
    <Ora>23</Ora>
    <PUN>52,000000</PUN>
    <NAT>46,200000</NAT>
    <CNOR>45,460000</CNOR>
    <CSUD>45,460000</CSUD>
    <NORD>45,460000</NORD>
    <SARD>62,743119</SARD>
    <SICI>119,660000</SICI>
    <SUD>45,460000</SUD>
    <AUST>45,460000</AUST>
    <BRNN>45,460000</BRNN>
    <COAC>62,743119</COAC>
    <CORS>62,743119</CORS>
    <FOGN>45,460000</FOGN>
    <FRAN>45,460000</FRAN>
    <GREC>45,460000</GREC>
    <MFTV>45,460000</MFTV>
    <PRGP>119,660000</PRGP>
    <ROSN>45,460000</ROSN>
    <SLOV>45,460000</SLOV>
    <SVIZ>45,460000</SVIZ>
    <BSP>43,680000</BSP>
  </Prezzi>
  <Prezzi>
    <Data>20140731</Data>
    <Mercato>MGP</Mercato>
    <Ora>24</Ora>
    <PUN>48,001942</PUN>
    <NAT>45,000000</NAT>
    <CNOR>44,000000</CNOR>
    <CSUD>44,000000</CSUD>
    <NORD>44,000000</NORD>
    <SARD>44,000000</SARD>
    <SICI>95,020000</SICI>
    <SUD>44,000000</SUD>
    <AUST>44,000000</AUST>
    <BRNN>44,000000</BRNN>
    <COAC>44,000000</COAC>
    <CORS>44,000000</CORS>
    <FOGN>44,000000</FOGN>
    <FRAN>44,000000</FRAN>
    <GREC>44,000000</GREC>
    <MFTV>44,000000</MFTV>
    <PRGP>95,020000</PRGP>
    <ROSN>44,000000</ROSN>
    <SLOV>44,000000</SLOV>
    <SVIZ>44,000000</SVIZ>
    <BSP>39,920000</BSP>
  </Prezzi>
</NewDataSet>