<?xml version="1.0" standalone="yes"?>
<NewDataSet>
  <xs:schema id="NewDataSet" xmlns="" xmlns:xs="http://www.w3.org/2001/XMLSchema" xmlns:msdata="urn:schemas-microsoft-com:xml-msdata">
    <xs:element name="NewDataSet" msdata:IsDataSet="true" msdata:UseCurrentLocale="true">
      <xs:complexType>
        <xs:choice minOccurs="0" maxOccurs="unbounded">
          <xs:element name="Prezzi">
            <xs:complexType>
              <xs:sequence>
                <xs:element name="Data" type="xs:string" minOccurs="0" />
                <xs:element name="Mercato" type="xs:string" minOccurs="0" />
                <xs:element name="Ora" type="xs:string" minOccurs="0" />
                <xs:element name="PUN" type="xs:string" minOccurs="0" />
                <xs:element name="NAT" type="xs:string" minOccurs="0" />
                <xs:element name="CNOR" type="xs:string" minOccurs="0" />
                <xs:element name="CSUD" type="xs:string" minOccurs="0" />
                <xs:element name="NORD" type="xs:string" minOccurs="0" />
                <xs:element name="SARD" type="xs:string" minOccurs="0" />
                <xs:element name="SICI" type="xs:string" minOccurs="0" />
                <xs:element name="SUD" type="xs:string" minOccurs="0" />
                <xs:element name="AUST" type="xs:string" minOccurs="0" />
                <xs:element name="BRNN" type="xs:string" minOccurs="0" />
                <xs:element name="COAC" type="xs:string" minOccurs="0" />
                <xs:element name="CORS" type="xs:string" minOccurs="0" />
                <xs:element name="FOGN" type="xs:string" minOccurs="0" />
                <xs:element name="FRAN" type="xs:string" minOccurs="0" />
                <xs:element name="GREC" type="xs:string" minOccurs="0" />
                <xs:element name="MFTV" type="xs:string" minOccurs="0" />
                <xs:element name="PRGP" type="xs:string" minOccurs="0" />
                <xs:element name="ROSN" type="xs:string" minOccurs="0" />
                <xs:element name="SLOV" type="xs:string" minOccurs="0" />
                <xs:element name="SVIZ" type="xs:string" minOccurs="0" />
                <xs:element name="BSP" type="xs:string" minOccurs="0" />
              </xs:sequence>
            </xs:complexType>
          </xs:element>
        </xs:choice>
      </xs:complexType>
    </xs:element>
  </xs:schema>
  <Prezzi>
    <Data>20140702</Data>
    <Mercato>MGP</Mercato>
    <Ora>1</Ora>
    <PUN>51,035194</PUN>
    <NAT>46,970000</NAT>
    <CNOR>45,520000</CNOR>
    <CSUD>45,520000</CSUD>
    <NORD>45,520000</NORD>
    <SARD>99,000000</SARD>
    <SICI>90,020000</SICI>
    <SUD>45,520000</SUD>
    <AUST>45,520000</AUST>
    <BRNN>45,520000</BRNN>
    <COAC>99,000000</COAC>
    <CORS>99,000000</CORS>
    <FOGN>45,520000</FOGN>
    <FRAN>45,520000</FRAN>
    <GREC>45,520000</GREC>
    <MFTV>45,520000</MFTV>
    <PRGP>90,020000</PRGP>
    <ROSN>45,520000</ROSN>
    <SLOV>45,520000</SLOV>
    <SVIZ>45,520000</SVIZ>
    <BSP>32,000000</BSP>
  </Prezzi>
  <Prezzi>
    <Data>20140702</Data>
    <Mercato>MGP</Mercato>
    <Ora>2</Ora>
    <PUN>46,015622</PUN>
    <NAT>44,480000</NAT>
    <CNOR>43,800000</CNOR>
    <CSUD>43,800000</CSUD>
    <NORD>43,800000</NORD>
    <SARD>43,800000</SARD>
    <SICI>78,000000</SICI>
    <SUD>43,800000</SUD>
    <AUST>43,800000</AUST>
    <BRNN>43,800000</BRNN>
    <COAC>43,800000</COAC>
    <CORS>43,800000</CORS>
    <FOGN>43,800000</FOGN>
    <FRAN>43,800000</FRAN>
    <GREC>43,800000</GREC>
    <MFTV>43,800000</MFTV>
    <PRGP>78,000000</PRGP>
    <ROSN>43,800000</ROSN>
    <SLOV>43,800000</SLOV>
    <SVIZ>43,800000</SVIZ>
    <BSP>27,730000</BSP>
  </Prezzi>
  <Prezzi>
    <Data>20140702</Data>
    <Mercato>MGP</Mercato>
    <Ora>3</Ora>
    <PUN>44,156830</PUN>
    <NAT>42,450000</NAT>
    <CNOR>42,460000</CNOR>
    <CSUD>42,460000</CSUD>
    <NORD>42,460000</NORD>
    <SARD>43,530000</SARD>
    <SICI>67,900000</SICI>
    <SUD>42,460000</SUD>
    <AUST>42,460000</AUST>
    <BRNN>42,460000</BRNN>
    <COAC>43,530000</COAC>
    <CORS>43,530000</CORS>
    <FOGN>42,460000</FOGN>
    <FRAN>42,460000</FRAN>
    <GREC>42,460000</GREC>
    <MFTV>42,460000</MFTV>
    <PRGP>67,900000</PRGP>
    <ROSN>42,460000</ROSN>
    <SLOV>42,460000</SLOV>
    <SVIZ>42,460000</SVIZ>
    <BSP>25,800000</BSP>
  </Prezzi>
  <Prezzi>
    <Data>20140702</Data>
    <Mercato>MGP</Mercato>
    <Ora>4</Ora>
    <PUN>43,736867</PUN>
    <NAT>42,020000</NAT>
    <CNOR>42,040000</CNOR>
    <CSUD>42,040000</CSUD>
    <NORD>42,040000</NORD>
    <SARD>43,530000</SARD>
    <SICI>67,900000</SICI>
    <SUD>42,040000</SUD>
    <AUST>42,040000</AUST>
    <BRNN>42,040000</BRNN>
    <COAC>43,530000</COAC>
    <CORS>43,530000</CORS>
    <FOGN>42,040000</FOGN>
    <FRAN>42,040000</FRAN>
    <GREC>42,040000</GREC>
    <MFTV>42,040000</MFTV>
    <PRGP>67,900000</PRGP>
    <ROSN>42,040000</ROSN>
    <SLOV>42,040000</SLOV>
    <SVIZ>42,040000</SVIZ>
    <BSP>25,800000</BSP>
  </Prezzi>
  <Prezzi>
    <Data>20140702</Data>
    <Mercato>MGP</Mercato>
    <Ora>5</Ora>
    <PUN>44,038779</PUN>
    <NAT>42,250000</NAT>
    <CNOR>42,380000</CNOR>
    <CSUD>42,380000</CSUD>
    <NORD>42,380000</NORD>
    <SARD>43,530000</SARD>
    <SICI>67,900000</SICI>
    <SUD>42,380000</SUD>
    <AUST>42,380000</AUST>
    <BRNN>42,380000</BRNN>
    <COAC>43,530000</COAC>
    <CORS>43,530000</CORS>
    <FOGN>42,380000</FOGN>
    <FRAN>42,380000</FRAN>
    <GREC>42,380000</GREC>
    <MFTV>42,380000</MFTV>
    <PRGP>67,900000</PRGP>
    <ROSN>42,380000</ROSN>
    <SLOV>42,380000</SLOV>
    <SVIZ>42,380000</SVIZ>
    <BSP>26,030000</BSP>
  </Prezzi>
  <Prezzi>
    <Data>20140702</Data>
    <Mercato>MGP</Mercato>
    <Ora>6</Ora>
    <PUN>44,081097</PUN>
    <NAT>42,450000</NAT>
    <CNOR>42,450000</CNOR>
    <CSUD>42,450000</CSUD>
    <NORD>42,450000</NORD>
    <SARD>43,530000</SARD>
    <SICI>67,900000</SICI>
    <SUD>42,450000</SUD>
    <AUST>42,450000</AUST>
    <BRNN>42,450000</BRNN>
    <COAC>43,530000</COAC>
    <CORS>43,530000</CORS>
    <FOGN>42,450000</FOGN>
    <FRAN>42,450000</FRAN>
    <GREC>42,450000</GREC>
    <MFTV>42,450000</MFTV>
    <PRGP>67,900000</PRGP>
    <ROSN>42,450000</ROSN>
    <SLOV>42,450000</SLOV>
    <SVIZ>42,450000</SVIZ>
    <BSP>28,000000</BSP>
  </Prezzi>
  <Prezzi>
    <Data>20140702</Data>
    <Mercato>MGP</Mercato>
    <Ora>7</Ora>
    <PUN>47,281761</PUN>
    <NAT>45,010000</NAT>
    <CNOR>46,000000</CNOR>
    <CSUD>46,000000</CSUD>
    <NORD>46,000000</NORD>
    <SARD>46,000000</SARD>
    <SICI>67,900000</SICI>
    <SUD>46,000000</SUD>
    <AUST>46,000000</AUST>
    <BRNN>46,000000</BRNN>
    <COAC>46,000000</COAC>
    <CORS>46,000000</CORS>
    <FOGN>46,000000</FOGN>
    <FRAN>46,000000</FRAN>
    <GREC>46,000000</GREC>
    <MFTV>46,000000</MFTV>
    <PRGP>67,900000</PRGP>
    <ROSN>46,000000</ROSN>
    <SLOV>46,000000</SLOV>
    <SVIZ>46,000000</SVIZ>
    <BSP>37,730000</BSP>
  </Prezzi>
  <Prezzi>
    <Data>20140702</Data>
    <Mercato>MGP</Mercato>
    <Ora>8</Ora>
    <PUN>51,387744</PUN>
    <NAT>47,180000</NAT>
    <CNOR>47,680000</CNOR>
    <CSUD>47,680000</CSUD>
    <NORD>47,680000</NORD>
    <SARD>73,090000</SARD>
    <SICI>95,000000</SICI>
    <SUD>47,680000</SUD>
    <AUST>47,680000</AUST>
    <BRNN>47,680000</BRNN>
    <COAC>73,090000</COAC>
    <CORS>73,090000</CORS>
    <FOGN>47,680000</FOGN>
    <FRAN>47,680000</FRAN>
    <GREC>47,680000</GREC>
    <MFTV>47,680000</MFTV>
    <PRGP>95,000000</PRGP>
    <ROSN>47,680000</ROSN>
    <SLOV>47,680000</SLOV>
    <SVIZ>47,680000</SVIZ>
    <BSP>43,090000</BSP>
  </Prezzi>
  <Prezzi>
    <Data>20140702</Data>
    <Mercato>MGP</Mercato>
    <Ora>9</Ora>
    <PUN>57,613390</PUN>
    <NAT>53,000000</NAT>
    <CNOR>53,160000</CNOR>
    <CSUD>53,160000</CSUD>
    <NORD>53,160000</NORD>
    <SARD>73,090000</SARD>
    <SICI>120,000000</SICI>
    <SUD>53,160000</SUD>
    <AUST>53,160000</AUST>
    <BRNN>53,160000</BRNN>
    <COAC>73,090000</COAC>
    <CORS>73,090000</CORS>
    <FOGN>53,160000</FOGN>
    <FRAN>53,160000</FRAN>
    <GREC>53,160000</GREC>
    <MFTV>53,160000</MFTV>
    <PRGP>120,000000</PRGP>
    <ROSN>53,160000</ROSN>
    <SLOV>53,160000</SLOV>
    <SVIZ>53,160000</SVIZ>
    <BSP>44,000000</BSP>
  </Prezzi>
  <Prezzi>
    <Data>20140702</Data>
    <Mercato>MGP</Mercato>
    <Ora>10</Ora>
    <PUN>55,745007</PUN>
    <NAT>51,790000</NAT>
    <CNOR>52,040000</CNOR>
    <CSUD>52,040000</CSUD>
    <NORD>52,040000</NORD>
    <SARD>52,040000</SARD>
    <SICI>119,660000</SICI>
    <SUD>52,040000</SUD>
    <AUST>52,040000</AUST>
    <BRNN>52,040000</BRNN>
    <COAC>52,040000</COAC>
    <CORS>52,040000</CORS>
    <FOGN>52,040000</FOGN>
    <FRAN>52,040000</FRAN>
    <GREC>52,040000</GREC>
    <MFTV>52,040000</MFTV>
    <PRGP>119,660000</PRGP>
    <ROSN>52,040000</ROSN>
    <SLOV>52,040000</SLOV>
    <SVIZ>52,040000</SVIZ>
    <BSP>43,150000</BSP>
  </Prezzi>
  <Prezzi>
    <Data>20140702</Data>
    <Mercato>MGP</Mercato>
    <Ora>11</Ora>
    <PUN>52,012231</PUN>
    <NAT>47,280000</NAT>
    <CNOR>48,000000</CNOR>
    <CSUD>48,000000</CSUD>
    <NORD>48,000000</NORD>
    <SARD>48,000000</SARD>
    <SICI>119,660000</SICI>
    <SUD>48,000000</SUD>
    <AUST>48,000000</AUST>
    <BRNN>48,000000</BRNN>
    <COAC>48,000000</COAC>
    <CORS>48,000000</CORS>
    <FOGN>48,000000</FOGN>
    <FRAN>48,000000</FRAN>
    <GREC>48,000000</GREC>
    <MFTV>48,000000</MFTV>
    <PRGP>119,660000</PRGP>
    <ROSN>48,000000</ROSN>
    <SLOV>48,000000</SLOV>
    <SVIZ>48,000000</SVIZ>
    <BSP>43,840000</BSP>
  </Prezzi>
  <Prezzi>
    <Data>20140702</Data>
    <Mercato>MGP</Mercato>
    <Ora>12</Ora>
    <PUN>47,604595</PUN>
    <NAT>45,510000</NAT>
    <CNOR>45,430000</CNOR>
    <CSUD>45,430000</CSUD>
    <NORD>45,430000</NORD>
    <SARD>45,430000</SARD>
    <SICI>84,000000</SICI>
    <SUD>45,430000</SUD>
    <AUST>45,430000</AUST>
    <BRNN>45,430000</BRNN>
    <COAC>45,430000</COAC>
    <CORS>45,430000</CORS>
    <FOGN>45,430000</FOGN>
    <FRAN>45,430000</FRAN>
    <GREC>45,430000</GREC>
    <MFTV>45,430000</MFTV>
    <PRGP>84,000000</PRGP>
    <ROSN>45,430000</ROSN>
    <SLOV>45,430000</SLOV>
    <SVIZ>45,430000</SVIZ>
    <BSP>44,230000</BSP>
  </Prezzi>
  <Prezzi>
    <Data>20140702</Data>
    <Mercato>MGP</Mercato>
    <Ora>13</Ora>
    <PUN>44,572371</PUN>
    <NAT>43,000000</NAT>
    <CNOR>42,180000</CNOR>
    <CSUD>42,180000</CSUD>
    <NORD>42,180000</NORD>
    <SARD>42,180000</SARD>
    <SICI>81,000000</SICI>
    <SUD>42,180000</SUD>
    <AUST>42,180000</AUST>
    <BRNN>42,180000</BRNN>
    <COAC>42,180000</COAC>
    <CORS>42,180000</CORS>
    <FOGN>42,180000</FOGN>
    <FRAN>42,180000</FRAN>
    <GREC>42,180000</GREC>
    <MFTV>42,180000</MFTV>
    <PRGP>81,000000</PRGP>
    <ROSN>42,180000</ROSN>
    <SLOV>42,180000</SLOV>
    <SVIZ>42,180000</SVIZ>
    <BSP>42,180000</BSP>
  </Prezzi>
  <Prezzi>
    <Data>20140702</Data>
    <Mercato>MGP</Mercato>
    <Ora>14</Ora>
    <PUN>43,606196</PUN>
    <NAT>42,020000</NAT>
    <CNOR>41,260000</CNOR>
    <CSUD>41,260000</CSUD>
    <NORD>41,260000</NORD>
    <SARD>41,260000</SARD>
    <SICI>81,000000</SICI>
    <SUD>41,260000</SUD>
    <AUST>41,260000</AUST>
    <BRNN>41,260000</BRNN>
    <COAC>41,260000</COAC>
    <CORS>41,260000</CORS>
    <FOGN>41,260000</FOGN>
    <FRAN>41,260000</FRAN>
    <GREC>41,260000</GREC>
    <MFTV>41,260000</MFTV>
    <PRGP>81,000000</PRGP>
    <ROSN>41,260000</ROSN>
    <SLOV>41,260000</SLOV>
    <SVIZ>41,260000</SVIZ>
    <BSP>41,260000</BSP>
  </Prezzi>
  <Prezzi>
    <Data>20140702</Data>
    <Mercato>MGP</Mercato>
    <Ora>15</Ora>
    <PUN>45,287475</PUN>
    <NAT>42,450000</NAT>
    <CNOR>42,020000</CNOR>
    <CSUD>42,020000</CSUD>
    <NORD>43,990000</NORD>
    <SARD>42,020000</SARD>
    <SICI>78,900000</SICI>
    <SUD>42,020000</SUD>
    <AUST>43,990000</AUST>
    <BRNN>42,020000</BRNN>
    <COAC>42,020000</COAC>
    <CORS>42,020000</CORS>
    <FOGN>42,020000</FOGN>
    <FRAN>43,990000</FRAN>
    <GREC>42,020000</GREC>
    <MFTV>43,990000</MFTV>
    <PRGP>78,900000</PRGP>
    <ROSN>42,020000</ROSN>
    <SLOV>43,990000</SLOV>
    <SVIZ>43,990000</SVIZ>
    <BSP>40,510000</BSP>
  </Prezzi>
  <Prezzi>
    <Data>20140702</Data>
    <Mercato>MGP</Mercato>
    <Ora>16</Ora>
    <PUN>46,090010</PUN>
    <NAT>44,640000</NAT>
    <CNOR>42,040000</CNOR>
    <CSUD>42,040000</CSUD>
    <NORD>45,150000</NORD>
    <SARD>42,040000</SARD>
    <SICI>81,000000</SICI>
    <SUD>42,040000</SUD>
    <AUST>45,150000</AUST>
    <BRNN>42,040000</BRNN>
    <COAC>42,040000</COAC>
    <CORS>42,040000</CORS>
    <FOGN>42,040000</FOGN>
    <FRAN>45,150000</FRAN>
    <GREC>42,040000</GREC>
    <MFTV>45,150000</MFTV>
    <PRGP>81,000000</PRGP>
    <ROSN>42,040000</ROSN>
    <SLOV>45,150000</SLOV>
    <SVIZ>45,150000</SVIZ>
    <BSP>41,620000</BSP>
  </Prezzi>
  <Prezzi>
    <Data>20140702</Data>
    <Mercato>MGP</Mercato>
    <Ora>17</Ora>
    <PUN>49,267376</PUN>
    <NAT>47,000000</NAT>
    <CNOR>47,260000</CNOR>
    <CSUD>44,650000</CSUD>
    <NORD>47,260000</NORD>
    <SARD>44,650000</SARD>
    <SICI>95,000000</SICI>
    <SUD>44,650000</SUD>
    <AUST>47,260000</AUST>
    <BRNN>44,650000</BRNN>
    <COAC>44,650000</COAC>
    <CORS>44,650000</CORS>
    <FOGN>44,650000</FOGN>
    <FRAN>47,260000</FRAN>
    <GREC>44,650000</GREC>
    <MFTV>47,260000</MFTV>
    <PRGP>95,000000</PRGP>
    <ROSN>44,650000</ROSN>
    <SLOV>47,260000</SLOV>
    <SVIZ>47,260000</SVIZ>
    <BSP>40,260000</BSP>
  </Prezzi>
  <Prezzi>
    <Data>20140702</Data>
    <Mercato>MGP</Mercato>
    <Ora>18</Ora>
    <PUN>50,358146</PUN>
    <NAT>47,600000</NAT>
    <CNOR>47,600000</CNOR>
    <CSUD>47,600000</CSUD>
    <NORD>47,600000</NORD>
    <SARD>47,600000</SARD>
    <SICI>95,020000</SICI>
    <SUD>47,600000</SUD>
    <AUST>47,600000</AUST>
    <BRNN>47,600000</BRNN>
    <COAC>47,600000</COAC>
    <CORS>47,600000</CORS>
    <FOGN>47,600000</FOGN>
    <FRAN>47,600000</FRAN>
    <GREC>47,600000</GREC>
    <MFTV>47,600000</MFTV>
    <PRGP>95,020000</PRGP>
    <ROSN>47,600000</ROSN>
    <SLOV>47,600000</SLOV>
    <SVIZ>47,600000</SVIZ>
    <BSP>40,340000</BSP>
  </Prezzi>
  <Prezzi>
    <Data>20140702</Data>
    <Mercato>MGP</Mercato>
    <Ora>19</Ora>
    <PUN>55,870727</PUN>
    <NAT>50,550000</NAT>
    <CNOR>50,000000</CNOR>
    <CSUD>50,000000</CSUD>
    <NORD>50,000000</NORD>
    <SARD>50,000000</SARD>
    <SICI>147,190000</SICI>
    <SUD>50,000000</SUD>
    <AUST>50,000000</AUST>
    <BRNN>50,000000</BRNN>
    <COAC>50,000000</COAC>
    <CORS>50,000000</CORS>
    <FOGN>50,000000</FOGN>
    <FRAN>50,000000</FRAN>
    <GREC>50,000000</GREC>
    <MFTV>50,000000</MFTV>
    <PRGP>147,190000</PRGP>
    <ROSN>50,000000</ROSN>
    <SLOV>50,000000</SLOV>
    <SVIZ>50,000000</SVIZ>
    <BSP>42,540000</BSP>
  </Prezzi>
  <Prezzi>
    <Data>20140702</Data>
    <Mercato>MGP</Mercato>
    <Ora>20</Ora>
    <PUN>58,248422</PUN>
    <NAT>52,680000</NAT>
    <CNOR>51,500000</CNOR>
    <CSUD>51,500000</CSUD>
    <NORD>51,500000</NORD>
    <SARD>73,090000</SARD>
    <SICI>147,190000</SICI>
    <SUD>51,500000</SUD>
    <AUST>51,500000</AUST>
    <BRNN>51,500000</BRNN>
    <COAC>73,090000</COAC>
    <CORS>73,090000</CORS>
    <FOGN>51,500000</FOGN>
    <FRAN>51,500000</FRAN>
    <GREC>51,500000</GREC>
    <MFTV>51,500000</MFTV>
    <PRGP>147,190000</PRGP>
    <ROSN>51,500000</ROSN>
    <SLOV>51,500000</SLOV>
    <SVIZ>51,500000</SVIZ>
    <BSP>44,100000</BSP>
  </Prezzi>
  <Prezzi>
    <Data>20140702</Data>
    <Mercato>MGP</Mercato>
    <Ora>21</Ora>
    <PUN>60,787605</PUN>
    <NAT>53,210000</NAT>
    <CNOR>51,500000</CNOR>
    <CSUD>51,500000</CSUD>
    <NORD>51,500000</NORD>
    <SARD>73,090000</SARD>
    <SICI>180,000000</SICI>
    <SUD>51,500000</SUD>
    <AUST>51,500000</AUST>
    <BRNN>51,500000</BRNN>
    <COAC>73,090000</COAC>
    <CORS>73,090000</CORS>
    <FOGN>51,500000</FOGN>
    <FRAN>51,500000</FRAN>
    <GREC>51,500000</GREC>
    <MFTV>51,500000</MFTV>
    <PRGP>180,000000</PRGP>
    <ROSN>51,500000</ROSN>
    <SLOV>51,500000</SLOV>
    <SVIZ>51,500000</SVIZ>
    <BSP>42,600000</BSP>
  </Prezzi>
  <Prezzi>
    <Data>20140702</Data>
    <Mercato>MGP</Mercato>
    <Ora>22</Ora>
    <PUN>60,399388</PUN>
    <NAT>55,450000</NAT>
    <CNOR>53,500000</CNOR>
    <CSUD>53,500000</CSUD>
    <NORD>53,500000</NORD>
    <SARD>73,090000</SARD>
    <SICI>147,190000</SICI>
    <SUD>53,500000</SUD>
    <AUST>53,500000</AUST>
    <BRNN>53,500000</BRNN>
    <COAC>73,090000</COAC>
    <CORS>73,090000</CORS>
    <FOGN>53,500000</FOGN>
    <FRAN>53,500000</FRAN>
    <GREC>53,500000</GREC>
    <MFTV>53,500000</MFTV>
    <PRGP>147,190000</PRGP>
    <ROSN>53,500000</ROSN>
    <SLOV>53,500000</SLOV>
    <SVIZ>53,500000</SVIZ>
    <BSP>43,660000</BSP>
  </Prezzi>
  <Prezzi>
    <Data>20140702</Data>
    <Mercato>MGP</Mercato>
    <Ora>23</Ora>
    <PUN>54,882993</PUN>
    <NAT>48,080000</NAT>
    <CNOR>47,000000</CNOR>
    <CSUD>47,000000</CSUD>
    <NORD>47,000000</NORD>
    <SARD>73,090000</SARD>
    <SICI>147,190000</SICI>
    <SUD>47,000000</SUD>
    <AUST>47,000000</AUST>
    <BRNN>47,000000</BRNN>
    <COAC>73,090000</COAC>
    <CORS>73,090000</CORS>
    <FOGN>47,000000</FOGN>
    <FRAN>47,000000</FRAN>
    <GREC>47,000000</GREC>
    <MFTV>47,000000</MFTV>
    <PRGP>147,190000</PRGP>
    <ROSN>47,000000</ROSN>
    <SLOV>47,000000</SLOV>
    <SVIZ>47,000000</SVIZ>
    <BSP>42,100000</BSP>
  </Prezzi>
  <Prezzi>
    <Data>20140702</Data>
    <Mercato>MGP</Mercato>
    <Ora>24</Ora>
    <PUN>53,342767</PUN>
    <NAT>46,000000</NAT>
    <CNOR>45,040000</CNOR>
    <CSUD>45,040000</CSUD>
    <NORD>45,040000</NORD>
    <SARD>73,090000</SARD>
    <SICI>147,190000</SICI>
    <SUD>45,040000</SUD>
    <AUST>45,040000</AUST>
    <BRNN>45,040000</BRNN>
    <COAC>73,090000</COAC>
    <CORS>73,090000</CORS>
    <FOGN>45,040000</FOGN>
    <FRAN>45,040000</FRAN>
    <GREC>45,040000</GREC>
    <MFTV>45,040000</MFTV>
    <PRGP>147,190000</PRGP>
    <ROSN>45,040000</ROSN>
    <SLOV>45,040000</SLOV>
    <SVIZ>45,040000</SVIZ>
    <BSP>35,760000</BSP>
  </Prezzi>
</NewDataSet>