<?xml version="1.0" standalone="yes"?>
<NewDataSet>
  <xs:schema id="NewDataSet" xmlns="" xmlns:xs="http://www.w3.org/2001/XMLSchema" xmlns:msdata="urn:schemas-microsoft-com:xml-msdata">
    <xs:element name="NewDataSet" msdata:IsDataSet="true" msdata:UseCurrentLocale="true">
      <xs:complexType>
        <xs:choice minOccurs="0" maxOccurs="unbounded">
          <xs:element name="Prezzi">
            <xs:complexType>
              <xs:sequence>
                <xs:element name="Data" type="xs:string" minOccurs="0" />
                <xs:element name="Mercato" type="xs:string" minOccurs="0" />
                <xs:element name="Ora" type="xs:string" minOccurs="0" />
                <xs:element name="PUN" type="xs:string" minOccurs="0" />
                <xs:element name="NAT" type="xs:string" minOccurs="0" />
                <xs:element name="CNOR" type="xs:string" minOccurs="0" />
                <xs:element name="CSUD" type="xs:string" minOccurs="0" />
                <xs:element name="NORD" type="xs:string" minOccurs="0" />
                <xs:element name="SARD" type="xs:string" minOccurs="0" />
                <xs:element name="SICI" type="xs:string" minOccurs="0" />
                <xs:element name="SUD" type="xs:string" minOccurs="0" />
                <xs:element name="AUST" type="xs:string" minOccurs="0" />
                <xs:element name="BRNN" type="xs:string" minOccurs="0" />
                <xs:element name="COAC" type="xs:string" minOccurs="0" />
                <xs:element name="CORS" type="xs:string" minOccurs="0" />
                <xs:element name="FOGN" type="xs:string" minOccurs="0" />
                <xs:element name="FRAN" type="xs:string" minOccurs="0" />
                <xs:element name="GREC" type="xs:string" minOccurs="0" />
                <xs:element name="MFTV" type="xs:string" minOccurs="0" />
                <xs:element name="PRGP" type="xs:string" minOccurs="0" />
                <xs:element name="ROSN" type="xs:string" minOccurs="0" />
                <xs:element name="SLOV" type="xs:string" minOccurs="0" />
                <xs:element name="SVIZ" type="xs:string" minOccurs="0" />
                <xs:element name="BSP" type="xs:string" minOccurs="0" />
              </xs:sequence>
            </xs:complexType>
          </xs:element>
        </xs:choice>
      </xs:complexType>
    </xs:element>
  </xs:schema>
  <Prezzi>
    <Data>20140709</Data>
    <Mercato>MGP</Mercato>
    <Ora>1</Ora>
    <PUN>41,367573</PUN>
    <NAT>39,150000</NAT>
    <CNOR>35,210000</CNOR>
    <CSUD>35,210000</CSUD>
    <NORD>39,150000</NORD>
    <SARD>35,210000</SARD>
    <SICI>90,010000</SICI>
    <SUD>35,210000</SUD>
    <AUST>39,150000</AUST>
    <BRNN>35,210000</BRNN>
    <COAC>35,210000</COAC>
    <CORS>35,210000</CORS>
    <FOGN>35,210000</FOGN>
    <FRAN>39,150000</FRAN>
    <GREC>35,210000</GREC>
    <MFTV>39,150000</MFTV>
    <PRGP>90,010000</PRGP>
    <ROSN>35,210000</ROSN>
    <SLOV>39,150000</SLOV>
    <SVIZ>39,150000</SVIZ>
    <BSP>39,150000</BSP>
  </Prezzi>
  <Prezzi>
    <Data>20140709</Data>
    <Mercato>MGP</Mercato>
    <Ora>2</Ora>
    <PUN>38,711867</PUN>
    <NAT>36,130000</NAT>
    <CNOR>33,630000</CNOR>
    <CSUD>33,630000</CSUD>
    <NORD>36,990000</NORD>
    <SARD>33,630000</SARD>
    <SICI>77,900000</SICI>
    <SUD>33,630000</SUD>
    <AUST>36,990000</AUST>
    <BRNN>33,630000</BRNN>
    <COAC>33,630000</COAC>
    <CORS>33,630000</CORS>
    <FOGN>33,630000</FOGN>
    <FRAN>36,990000</FRAN>
    <GREC>33,630000</GREC>
    <MFTV>36,990000</MFTV>
    <PRGP>77,900000</PRGP>
    <ROSN>33,630000</ROSN>
    <SLOV>36,990000</SLOV>
    <SVIZ>36,990000</SVIZ>
    <BSP>36,990000</BSP>
  </Prezzi>
  <Prezzi>
    <Data>20140709</Data>
    <Mercato>MGP</Mercato>
    <Ora>3</Ora>
    <PUN>36,117544</PUN>
    <NAT>34,360000</NAT>
    <CNOR>32,500000</CNOR>
    <CSUD>32,500000</CSUD>
    <NORD>34,360000</NORD>
    <SARD>32,500000</SARD>
    <SICI>68,000000</SICI>
    <SUD>32,500000</SUD>
    <AUST>34,360000</AUST>
    <BRNN>32,500000</BRNN>
    <COAC>32,500000</COAC>
    <CORS>32,500000</CORS>
    <FOGN>32,500000</FOGN>
    <FRAN>34,360000</FRAN>
    <GREC>32,500000</GREC>
    <MFTV>34,360000</MFTV>
    <PRGP>68,000000</PRGP>
    <ROSN>32,500000</ROSN>
    <SLOV>34,360000</SLOV>
    <SVIZ>34,360000</SVIZ>
    <BSP>34,360000</BSP>
  </Prezzi>
  <Prezzi>
    <Data>20140709</Data>
    <Mercato>MGP</Mercato>
    <Ora>4</Ora>
    <PUN>35,390753</PUN>
    <NAT>34,150000</NAT>
    <CNOR>32,500000</CNOR>
    <CSUD>32,500000</CSUD>
    <NORD>33,230000</NORD>
    <SARD>32,500000</SARD>
    <SICI>67,900000</SICI>
    <SUD>32,500000</SUD>
    <AUST>33,230000</AUST>
    <BRNN>32,500000</BRNN>
    <COAC>32,500000</COAC>
    <CORS>32,500000</CORS>
    <FOGN>32,500000</FOGN>
    <FRAN>33,230000</FRAN>
    <GREC>32,500000</GREC>
    <MFTV>33,230000</MFTV>
    <PRGP>67,900000</PRGP>
    <ROSN>32,500000</ROSN>
    <SLOV>33,230000</SLOV>
    <SVIZ>33,230000</SVIZ>
    <BSP>33,230000</BSP>
  </Prezzi>
  <Prezzi>
    <Data>20140709</Data>
    <Mercato>MGP</Mercato>
    <Ora>5</Ora>
    <PUN>36,666781</PUN>
    <NAT>35,210000</NAT>
    <CNOR>33,630000</CNOR>
    <CSUD>33,630000</CSUD>
    <NORD>34,850000</NORD>
    <SARD>33,630000</SARD>
    <SICI>67,900000</SICI>
    <SUD>33,630000</SUD>
    <AUST>34,850000</AUST>
    <BRNN>33,630000</BRNN>
    <COAC>33,630000</COAC>
    <CORS>33,630000</CORS>
    <FOGN>33,630000</FOGN>
    <FRAN>34,850000</FRAN>
    <GREC>33,630000</GREC>
    <MFTV>34,850000</MFTV>
    <PRGP>67,900000</PRGP>
    <ROSN>33,630000</ROSN>
    <SLOV>34,850000</SLOV>
    <SVIZ>34,850000</SVIZ>
    <BSP>34,850000</BSP>
  </Prezzi>
  <Prezzi>
    <Data>20140709</Data>
    <Mercato>MGP</Mercato>
    <Ora>6</Ora>
    <PUN>37,500000</PUN>
    <NAT>35,990000</NAT>
    <CNOR>32,567212</CNOR>
    <CSUD>32,567212</CSUD>
    <NORD>36,990000</NORD>
    <SARD>32,567212</SARD>
    <SICI>68,000000</SICI>
    <SUD>32,567212</SUD>
    <AUST>36,990000</AUST>
    <BRNN>32,567212</BRNN>
    <COAC>32,567212</COAC>
    <CORS>32,567212</CORS>
    <FOGN>32,567212</FOGN>
    <FRAN>36,990000</FRAN>
    <GREC>32,567212</GREC>
    <MFTV>36,990000</MFTV>
    <PRGP>68,000000</PRGP>
    <ROSN>32,567212</ROSN>
    <SLOV>36,990000</SLOV>
    <SVIZ>36,990000</SVIZ>
    <BSP>36,990000</BSP>
  </Prezzi>
  <Prezzi>
    <Data>20140709</Data>
    <Mercato>MGP</Mercato>
    <Ora>7</Ora>
    <PUN>39,605782</PUN>
    <NAT>39,010000</NAT>
    <CNOR>34,150000</CNOR>
    <CSUD>34,150000</CSUD>
    <NORD>39,590000</NORD>
    <SARD>34,150000</SARD>
    <SICI>70,010000</SICI>
    <SUD>34,150000</SUD>
    <AUST>39,590000</AUST>
    <BRNN>34,150000</BRNN>
    <COAC>34,150000</COAC>
    <CORS>34,150000</CORS>
    <FOGN>34,150000</FOGN>
    <FRAN>39,590000</FRAN>
    <GREC>34,150000</GREC>
    <MFTV>39,590000</MFTV>
    <PRGP>70,010000</PRGP>
    <ROSN>34,150000</ROSN>
    <SLOV>39,590000</SLOV>
    <SVIZ>39,590000</SVIZ>
    <BSP>39,590000</BSP>
  </Prezzi>
  <Prezzi>
    <Data>20140709</Data>
    <Mercato>MGP</Mercato>
    <Ora>8</Ora>
    <PUN>46,541499</PUN>
    <NAT>44,210000</NAT>
    <CNOR>42,630000</CNOR>
    <CSUD>42,630000</CSUD>
    <NORD>44,040000</NORD>
    <SARD>42,630000</SARD>
    <SICI>95,020000</SICI>
    <SUD>42,630000</SUD>
    <AUST>44,040000</AUST>
    <BRNN>42,630000</BRNN>
    <COAC>42,630000</COAC>
    <CORS>42,630000</CORS>
    <FOGN>42,630000</FOGN>
    <FRAN>44,040000</FRAN>
    <GREC>42,630000</GREC>
    <MFTV>44,040000</MFTV>
    <PRGP>95,020000</PRGP>
    <ROSN>42,630000</ROSN>
    <SLOV>44,040000</SLOV>
    <SVIZ>44,040000</SVIZ>
    <BSP>44,040000</BSP>
  </Prezzi>
  <Prezzi>
    <Data>20140709</Data>
    <Mercato>MGP</Mercato>
    <Ora>9</Ora>
    <PUN>51,341985</PUN>
    <NAT>47,000000</NAT>
    <CNOR>43,510000</CNOR>
    <CSUD>43,510000</CSUD>
    <NORD>49,290000</NORD>
    <SARD>43,510000</SARD>
    <SICI>121,150000</SICI>
    <SUD>43,510000</SUD>
    <AUST>49,290000</AUST>
    <BRNN>43,510000</BRNN>
    <COAC>43,510000</COAC>
    <CORS>43,510000</CORS>
    <FOGN>43,510000</FOGN>
    <FRAN>49,290000</FRAN>
    <GREC>43,510000</GREC>
    <MFTV>49,290000</MFTV>
    <PRGP>121,150000</PRGP>
    <ROSN>43,510000</ROSN>
    <SLOV>49,290000</SLOV>
    <SVIZ>49,290000</SVIZ>
    <BSP>49,290000</BSP>
  </Prezzi>
  <Prezzi>
    <Data>20140709</Data>
    <Mercato>MGP</Mercato>
    <Ora>10</Ora>
    <PUN>51,864669</PUN>
    <NAT>47,000000</NAT>
    <CNOR>41,150000</CNOR>
    <CSUD>41,150000</CSUD>
    <NORD>51,390000</NORD>
    <SARD>41,150000</SARD>
    <SICI>121,150000</SICI>
    <SUD>41,150000</SUD>
    <AUST>51,390000</AUST>
    <BRNN>41,150000</BRNN>
    <COAC>41,150000</COAC>
    <CORS>41,150000</CORS>
    <FOGN>41,150000</FOGN>
    <FRAN>51,390000</FRAN>
    <GREC>41,150000</GREC>
    <MFTV>51,390000</MFTV>
    <PRGP>121,150000</PRGP>
    <ROSN>41,150000</ROSN>
    <SLOV>51,390000</SLOV>
    <SVIZ>51,390000</SVIZ>
    <BSP>51,390000</BSP>
  </Prezzi>
  <Prezzi>
    <Data>20140709</Data>
    <Mercato>MGP</Mercato>
    <Ora>11</Ora>
    <PUN>47,962161</PUN>
    <NAT>45,020000</NAT>
    <CNOR>35,000000</CNOR>
    <CSUD>35,000000</CSUD>
    <NORD>48,240000</NORD>
    <SARD>35,000000</SARD>
    <SICI>121,150000</SICI>
    <SUD>35,000000</SUD>
    <AUST>48,240000</AUST>
    <BRNN>35,000000</BRNN>
    <COAC>35,000000</COAC>
    <CORS>35,000000</CORS>
    <FOGN>35,000000</FOGN>
    <FRAN>48,240000</FRAN>
    <GREC>35,000000</GREC>
    <MFTV>48,240000</MFTV>
    <PRGP>121,150000</PRGP>
    <ROSN>35,000000</ROSN>
    <SLOV>48,240000</SLOV>
    <SVIZ>48,240000</SVIZ>
    <BSP>48,240000</BSP>
  </Prezzi>
  <Prezzi>
    <Data>20140709</Data>
    <Mercato>MGP</Mercato>
    <Ora>12</Ora>
    <PUN>46,423391</PUN>
    <NAT>43,640000</NAT>
    <CNOR>30,500000</CNOR>
    <CSUD>30,500000</CSUD>
    <NORD>48,170000</NORD>
    <SARD>30,500000</SARD>
    <SICI>121,150000</SICI>
    <SUD>30,500000</SUD>
    <AUST>48,170000</AUST>
    <BRNN>30,500000</BRNN>
    <COAC>30,500000</COAC>
    <CORS>30,500000</CORS>
    <FOGN>30,500000</FOGN>
    <FRAN>48,170000</FRAN>
    <GREC>30,500000</GREC>
    <MFTV>48,170000</MFTV>
    <PRGP>121,150000</PRGP>
    <ROSN>30,500000</ROSN>
    <SLOV>48,170000</SLOV>
    <SVIZ>48,170000</SVIZ>
    <BSP>48,170000</BSP>
  </Prezzi>
  <Prezzi>
    <Data>20140709</Data>
    <Mercato>MGP</Mercato>
    <Ora>13</Ora>
    <PUN>35,850448</PUN>
    <NAT>39,990000</NAT>
    <CNOR>15,000000</CNOR>
    <CSUD>15,000000</CSUD>
    <NORD>43,560000</NORD>
    <SARD>15,000000</SARD>
    <SICI>81,020000</SICI>
    <SUD>15,000000</SUD>
    <AUST>43,560000</AUST>
    <BRNN>15,000000</BRNN>
    <COAC>15,000000</COAC>
    <CORS>15,000000</CORS>
    <FOGN>15,000000</FOGN>
    <FRAN>43,560000</FRAN>
    <GREC>15,000000</GREC>
    <MFTV>43,560000</MFTV>
    <PRGP>81,020000</PRGP>
    <ROSN>15,000000</ROSN>
    <SLOV>43,560000</SLOV>
    <SVIZ>43,560000</SVIZ>
    <BSP>43,560000</BSP>
  </Prezzi>
  <Prezzi>
    <Data>20140709</Data>
    <Mercato>MGP</Mercato>
    <Ora>14</Ora>
    <PUN>31,290451</PUN>
    <NAT>39,430000</NAT>
    <CNOR>1,710000</CNOR>
    <CSUD>1,710000</CSUD>
    <NORD>43,610000</NORD>
    <SARD>1,710000</SARD>
    <SICI>81,020000</SICI>
    <SUD>1,710000</SUD>
    <AUST>43,610000</AUST>
    <BRNN>1,710000</BRNN>
    <COAC>1,710000</COAC>
    <CORS>1,710000</CORS>
    <FOGN>1,710000</FOGN>
    <FRAN>43,610000</FRAN>
    <GREC>1,710000</GREC>
    <MFTV>43,610000</MFTV>
    <PRGP>81,020000</PRGP>
    <ROSN>1,710000</ROSN>
    <SLOV>43,610000</SLOV>
    <SVIZ>43,610000</SVIZ>
    <BSP>43,610000</BSP>
  </Prezzi>
  <Prezzi>
    <Data>20140709</Data>
    <Mercato>MGP</Mercato>
    <Ora>15</Ora>
    <PUN>40,567591</PUN>
    <NAT>42,000000</NAT>
    <CNOR>30,000000</CNOR>
    <CSUD>16,150000</CSUD>
    <NORD>48,600000</NORD>
    <SARD>16,150000</SARD>
    <SICI>81,010000</SICI>
    <SUD>16,150000</SUD>
    <AUST>48,600000</AUST>
    <BRNN>16,150000</BRNN>
    <COAC>16,150000</COAC>
    <CORS>16,150000</CORS>
    <FOGN>16,150000</FOGN>
    <FRAN>48,600000</FRAN>
    <GREC>16,150000</GREC>
    <MFTV>48,600000</MFTV>
    <PRGP>81,010000</PRGP>
    <ROSN>16,150000</ROSN>
    <SLOV>48,600000</SLOV>
    <SVIZ>48,600000</SVIZ>
    <BSP>48,600000</BSP>
  </Prezzi>
  <Prezzi>
    <Data>20140709</Data>
    <Mercato>MGP</Mercato>
    <Ora>16</Ora>
    <PUN>46,301101</PUN>
    <NAT>43,590000</NAT>
    <CNOR>31,000000</CNOR>
    <CSUD>30,200000</CSUD>
    <NORD>52,000000</NORD>
    <SARD>30,200000</SARD>
    <SICI>81,010000</SICI>
    <SUD>30,200000</SUD>
    <AUST>52,000000</AUST>
    <BRNN>30,200000</BRNN>
    <COAC>30,200000</COAC>
    <CORS>30,200000</CORS>
    <FOGN>30,200000</FOGN>
    <FRAN>52,000000</FRAN>
    <GREC>30,200000</GREC>
    <MFTV>52,000000</MFTV>
    <PRGP>81,010000</PRGP>
    <ROSN>30,200000</ROSN>
    <SLOV>52,000000</SLOV>
    <SVIZ>52,000000</SVIZ>
    <BSP>52,000000</BSP>
  </Prezzi>
  <Prezzi>
    <Data>20140709</Data>
    <Mercato>MGP</Mercato>
    <Ora>17</Ora>
    <PUN>48,609451</PUN>
    <NAT>47,260000</NAT>
    <CNOR>35,000000</CNOR>
    <CSUD>32,150000</CSUD>
    <NORD>53,010000</NORD>
    <SARD>32,150000</SARD>
    <SICI>95,020000</SICI>
    <SUD>32,150000</SUD>
    <AUST>53,010000</AUST>
    <BRNN>32,150000</BRNN>
    <COAC>32,150000</COAC>
    <CORS>32,150000</CORS>
    <FOGN>32,150000</FOGN>
    <FRAN>53,010000</FRAN>
    <GREC>32,150000</GREC>
    <MFTV>53,010000</MFTV>
    <PRGP>95,020000</PRGP>
    <ROSN>32,150000</ROSN>
    <SLOV>53,010000</SLOV>
    <SVIZ>53,010000</SVIZ>
    <BSP>53,010000</BSP>
  </Prezzi>
  <Prezzi>
    <Data>20140709</Data>
    <Mercato>MGP</Mercato>
    <Ora>18</Ora>
    <PUN>49,309356</PUN>
    <NAT>47,000000</NAT>
    <CNOR>40,150000</CNOR>
    <CSUD>40,150000</CSUD>
    <NORD>49,990000</NORD>
    <SARD>40,150000</SARD>
    <SICI>95,020000</SICI>
    <SUD>40,150000</SUD>
    <AUST>49,990000</AUST>
    <BRNN>40,150000</BRNN>
    <COAC>40,150000</COAC>
    <CORS>40,150000</CORS>
    <FOGN>40,150000</FOGN>
    <FRAN>49,990000</FRAN>
    <GREC>40,150000</GREC>
    <MFTV>49,990000</MFTV>
    <PRGP>95,020000</PRGP>
    <ROSN>40,150000</ROSN>
    <SLOV>49,990000</SLOV>
    <SVIZ>49,990000</SVIZ>
    <BSP>49,990000</BSP>
  </Prezzi>
  <Prezzi>
    <Data>20140709</Data>
    <Mercato>MGP</Mercato>
    <Ora>19</Ora>
    <PUN>51,742868</PUN>
    <NAT>48,400000</NAT>
    <CNOR>49,960000</CNOR>
    <CSUD>44,990000</CSUD>
    <NORD>49,960000</NORD>
    <SARD>44,990000</SARD>
    <SICI>100,020000</SICI>
    <SUD>44,990000</SUD>
    <AUST>49,960000</AUST>
    <BRNN>44,990000</BRNN>
    <COAC>44,990000</COAC>
    <CORS>44,990000</CORS>
    <FOGN>44,990000</FOGN>
    <FRAN>49,960000</FRAN>
    <GREC>44,990000</GREC>
    <MFTV>49,960000</MFTV>
    <PRGP>100,020000</PRGP>
    <ROSN>44,990000</ROSN>
    <SLOV>49,960000</SLOV>
    <SVIZ>49,960000</SVIZ>
    <BSP>49,960000</BSP>
  </Prezzi>
  <Prezzi>
    <Data>20140709</Data>
    <Mercato>MGP</Mercato>
    <Ora>20</Ora>
    <PUN>52,577830</PUN>
    <NAT>48,180000</NAT>
    <CNOR>47,970000</CNOR>
    <CSUD>46,940000</CSUD>
    <NORD>47,970000</NORD>
    <SARD>46,940000</SARD>
    <SICI>125,020000</SICI>
    <SUD>46,940000</SUD>
    <AUST>47,970000</AUST>
    <BRNN>46,940000</BRNN>
    <COAC>46,940000</COAC>
    <CORS>46,940000</CORS>
    <FOGN>46,940000</FOGN>
    <FRAN>47,970000</FRAN>
    <GREC>46,940000</GREC>
    <MFTV>47,970000</MFTV>
    <PRGP>125,020000</PRGP>
    <ROSN>46,940000</ROSN>
    <SLOV>47,970000</SLOV>
    <SVIZ>47,970000</SVIZ>
    <BSP>47,970000</BSP>
  </Prezzi>
  <Prezzi>
    <Data>20140709</Data>
    <Mercato>MGP</Mercato>
    <Ora>21</Ora>
    <PUN>52,923897</PUN>
    <NAT>48,500000</NAT>
    <CNOR>47,100000</CNOR>
    <CSUD>47,000000</CSUD>
    <NORD>47,100000</NORD>
    <SARD>47,000000</SARD>
    <SICI>135,020000</SICI>
    <SUD>47,000000</SUD>
    <AUST>47,100000</AUST>
    <BRNN>47,000000</BRNN>
    <COAC>47,000000</COAC>
    <CORS>47,000000</CORS>
    <FOGN>47,000000</FOGN>
    <FRAN>47,100000</FRAN>
    <GREC>47,000000</GREC>
    <MFTV>47,100000</MFTV>
    <PRGP>135,020000</PRGP>
    <ROSN>47,000000</ROSN>
    <SLOV>47,100000</SLOV>
    <SVIZ>47,100000</SVIZ>
    <BSP>47,100000</BSP>
  </Prezzi>
  <Prezzi>
    <Data>20140709</Data>
    <Mercato>MGP</Mercato>
    <Ora>22</Ora>
    <PUN>53,172455</PUN>
    <NAT>49,990000</NAT>
    <CNOR>47,530000</CNOR>
    <CSUD>47,000000</CSUD>
    <NORD>47,530000</NORD>
    <SARD>47,000000</SARD>
    <SICI>135,020000</SICI>
    <SUD>47,000000</SUD>
    <AUST>47,530000</AUST>
    <BRNN>47,000000</BRNN>
    <COAC>47,000000</COAC>
    <CORS>47,000000</CORS>
    <FOGN>47,000000</FOGN>
    <FRAN>47,530000</FRAN>
    <GREC>47,000000</GREC>
    <MFTV>47,530000</MFTV>
    <PRGP>135,020000</PRGP>
    <ROSN>47,000000</ROSN>
    <SLOV>47,530000</SLOV>
    <SVIZ>47,530000</SVIZ>
    <BSP>47,530000</BSP>
  </Prezzi>
  <Prezzi>
    <Data>20140709</Data>
    <Mercato>MGP</Mercato>
    <Ora>23</Ora>
    <PUN>50,151437</PUN>
    <NAT>46,940000</NAT>
    <CNOR>45,010000</CNOR>
    <CSUD>45,010000</CSUD>
    <NORD>45,010000</NORD>
    <SARD>45,010000</SARD>
    <SICI>121,150000</SICI>
    <SUD>45,010000</SUD>
    <AUST>45,010000</AUST>
    <BRNN>45,010000</BRNN>
    <COAC>45,010000</COAC>
    <CORS>45,010000</CORS>
    <FOGN>45,010000</FOGN>
    <FRAN>45,010000</FRAN>
    <GREC>45,010000</GREC>
    <MFTV>45,010000</MFTV>
    <PRGP>121,150000</PRGP>
    <ROSN>45,010000</ROSN>
    <SLOV>45,010000</SLOV>
    <SVIZ>45,010000</SVIZ>
    <BSP>45,010000</BSP>
  </Prezzi>
  <Prezzi>
    <Data>20140709</Data>
    <Mercato>MGP</Mercato>
    <Ora>24</Ora>
    <PUN>46,037562</PUN>
    <NAT>43,700000</NAT>
    <CNOR>42,350000</CNOR>
    <CSUD>42,350000</CSUD>
    <NORD>42,350000</NORD>
    <SARD>42,350000</SARD>
    <SICI>95,020000</SICI>
    <SUD>42,350000</SUD>
    <AUST>42,350000</AUST>
    <BRNN>42,350000</BRNN>
    <COAC>42,350000</COAC>
    <CORS>42,350000</CORS>
    <FOGN>42,350000</FOGN>
    <FRAN>42,350000</FRAN>
    <GREC>42,350000</GREC>
    <MFTV>42,350000</MFTV>
    <PRGP>95,020000</PRGP>
    <ROSN>42,350000</ROSN>
    <SLOV>42,350000</SLOV>
    <SVIZ>42,350000</SVIZ>
    <BSP>42,350000</BSP>
  </Prezzi>
</NewDataSet>