<?xml version="1.0" standalone="yes"?>
<NewDataSet>
  <xs:schema id="NewDataSet" xmlns="" xmlns:xs="http://www.w3.org/2001/XMLSchema" xmlns:msdata="urn:schemas-microsoft-com:xml-msdata">
    <xs:element name="NewDataSet" msdata:IsDataSet="true" msdata:UseCurrentLocale="true">
      <xs:complexType>
        <xs:choice minOccurs="0" maxOccurs="unbounded">
          <xs:element name="Prezzi">
            <xs:complexType>
              <xs:sequence>
                <xs:element name="Data" type="xs:string" minOccurs="0" />
                <xs:element name="Mercato" type="xs:string" minOccurs="0" />
                <xs:element name="Ora" type="xs:string" minOccurs="0" />
                <xs:element name="PUN" type="xs:string" minOccurs="0" />
                <xs:element name="NAT" type="xs:string" minOccurs="0" />
                <xs:element name="CNOR" type="xs:string" minOccurs="0" />
                <xs:element name="CSUD" type="xs:string" minOccurs="0" />
                <xs:element name="NORD" type="xs:string" minOccurs="0" />
                <xs:element name="SARD" type="xs:string" minOccurs="0" />
                <xs:element name="SICI" type="xs:string" minOccurs="0" />
                <xs:element name="SUD" type="xs:string" minOccurs="0" />
                <xs:element name="AUST" type="xs:string" minOccurs="0" />
                <xs:element name="BRNN" type="xs:string" minOccurs="0" />
                <xs:element name="COAC" type="xs:string" minOccurs="0" />
                <xs:element name="CORS" type="xs:string" minOccurs="0" />
                <xs:element name="FOGN" type="xs:string" minOccurs="0" />
                <xs:element name="FRAN" type="xs:string" minOccurs="0" />
                <xs:element name="GREC" type="xs:string" minOccurs="0" />
                <xs:element name="MFTV" type="xs:string" minOccurs="0" />
                <xs:element name="PRGP" type="xs:string" minOccurs="0" />
                <xs:element name="ROSN" type="xs:string" minOccurs="0" />
                <xs:element name="SLOV" type="xs:string" minOccurs="0" />
                <xs:element name="SVIZ" type="xs:string" minOccurs="0" />
                <xs:element name="BSP" type="xs:string" minOccurs="0" />
                <xs:element name="MALT" type="xs:string" minOccurs="0" />
                <xs:element name="XAUS" type="xs:string" minOccurs="0" />
                <xs:element name="XFRA" type="xs:string" minOccurs="0" />
              </xs:sequence>
            </xs:complexType>
          </xs:element>
        </xs:choice>
      </xs:complexType>
    </xs:element>
  </xs:schema>
  <Prezzi>
    <Data>20160524</Data>
    <Mercato>MGP</Mercato>
    <Ora>1</Ora>
    <PUN>26,482470</PUN>
    <NAT>26,250000</NAT>
    <CNOR>25,510000</CNOR>
    <CSUD>25,510000</CSUD>
    <NORD>25,510000</NORD>
    <SARD>25,510000</SARD>
    <SICI>41,890000</SICI>
    <SUD>25,510000</SUD>
    <AUST>25,510000</AUST>
    <BRNN>25,510000</BRNN>
    <COAC>25,510000</COAC>
    <CORS>3000,000000</CORS>
    <FOGN>25,510000</FOGN>
    <FRAN>25,510000</FRAN>
    <GREC>25,510000</GREC>
    <MFTV>25,510000</MFTV>
    <PRGP>41,890000</PRGP>
    <ROSN>25,510000</ROSN>
    <SLOV>25,510000</SLOV>
    <SVIZ>25,510000</SVIZ>
    <BSP>25,510000</BSP>
    <MALT>41,890000</MALT>
    <XAUS>25,510000</XAUS>
    <XFRA>25,510000</XFRA>
  </Prezzi>
  <Prezzi>
    <Data>20160524</Data>
    <Mercato>MGP</Mercato>
    <Ora>2</Ora>
    <PUN>24,512240</PUN>
    <NAT>25,000000</NAT>
    <CNOR>25,520000</CNOR>
    <CSUD>25,520000</CSUD>
    <NORD>21,753000</NORD>
    <SARD>25,520000</SARD>
    <SICI>40,000000</SICI>
    <SUD>25,520000</SUD>
    <AUST>21,753000</AUST>
    <BRNN>25,520000</BRNN>
    <COAC>25,520000</COAC>
    <CORS>3000,000000</CORS>
    <FOGN>25,520000</FOGN>
    <FRAN>21,753000</FRAN>
    <GREC>25,520000</GREC>
    <MFTV>21,753000</MFTV>
    <PRGP>40,000000</PRGP>
    <ROSN>25,520000</ROSN>
    <SLOV>21,753000</SLOV>
    <SVIZ>21,753000</SVIZ>
    <BSP>21,753000</BSP>
    <MALT>40,000000</MALT>
    <XAUS>21,753000</XAUS>
    <XFRA>21,753000</XFRA>
  </Prezzi>
  <Prezzi>
    <Data>20160524</Data>
    <Mercato>MGP</Mercato>
    <Ora>3</Ora>
    <PUN>23,029970</PUN>
    <NAT>22,770000</NAT>
    <CNOR>23,700000</CNOR>
    <CSUD>23,700000</CSUD>
    <NORD>20,480000</NORD>
    <SARD>23,700000</SARD>
    <SICI>40,000000</SICI>
    <SUD>23,700000</SUD>
    <AUST>20,480000</AUST>
    <BRNN>23,700000</BRNN>
    <COAC>23,700000</COAC>
    <CORS>3000,000000</CORS>
    <FOGN>23,700000</FOGN>
    <FRAN>20,480000</FRAN>
    <GREC>23,700000</GREC>
    <MFTV>20,480000</MFTV>
    <PRGP>40,000000</PRGP>
    <ROSN>23,700000</ROSN>
    <SLOV>20,480000</SLOV>
    <SVIZ>20,480000</SVIZ>
    <BSP>20,480000</BSP>
    <MALT>40,000000</MALT>
    <XAUS>20,480000</XAUS>
    <XFRA>20,480000</XFRA>
  </Prezzi>
  <Prezzi>
    <Data>20160524</Data>
    <Mercato>MGP</Mercato>
    <Ora>4</Ora>
    <PUN>21,101700</PUN>
    <NAT>21,600000</NAT>
    <CNOR>20,000000</CNOR>
    <CSUD>20,000000</CSUD>
    <NORD>20,000000</NORD>
    <SARD>20,000000</SARD>
    <SICI>40,000000</SICI>
    <SUD>20,000000</SUD>
    <AUST>20,000000</AUST>
    <BRNN>20,000000</BRNN>
    <COAC>20,000000</COAC>
    <CORS>3000,000000</CORS>
    <FOGN>20,000000</FOGN>
    <FRAN>20,000000</FRAN>
    <GREC>20,000000</GREC>
    <MFTV>20,000000</MFTV>
    <PRGP>40,000000</PRGP>
    <ROSN>20,000000</ROSN>
    <SLOV>20,000000</SLOV>
    <SVIZ>20,000000</SVIZ>
    <BSP>20,000000</BSP>
    <MALT>40,000000</MALT>
    <XAUS>20,000000</XAUS>
    <XFRA>20,000000</XFRA>
  </Prezzi>
  <Prezzi>
    <Data>20160524</Data>
    <Mercato>MGP</Mercato>
    <Ora>5</Ora>
    <PUN>22,347140</PUN>
    <NAT>22,000000</NAT>
    <CNOR>21,990000</CNOR>
    <CSUD>21,990000</CSUD>
    <NORD>20,722950</NORD>
    <SARD>21,990000</SARD>
    <SICI>40,000000</SICI>
    <SUD>21,990000</SUD>
    <AUST>20,722950</AUST>
    <BRNN>21,990000</BRNN>
    <COAC>21,990000</COAC>
    <CORS>3000,000000</CORS>
    <FOGN>21,990000</FOGN>
    <FRAN>20,722950</FRAN>
    <GREC>21,990000</GREC>
    <MFTV>20,722950</MFTV>
    <PRGP>40,000000</PRGP>
    <ROSN>21,990000</ROSN>
    <SLOV>20,722950</SLOV>
    <SVIZ>20,722950</SVIZ>
    <BSP>20,722950</BSP>
    <MALT>40,000000</MALT>
    <XAUS>20,722950</XAUS>
    <XFRA>20,722950</XFRA>
  </Prezzi>
  <Prezzi>
    <Data>20160524</Data>
    <Mercato>MGP</Mercato>
    <Ora>6</Ora>
    <PUN>24,887210</PUN>
    <NAT>23,340000</NAT>
    <CNOR>25,500000</CNOR>
    <CSUD>25,500000</CSUD>
    <NORD>22,610000</NORD>
    <SARD>25,500000</SARD>
    <SICI>40,000000</SICI>
    <SUD>25,500000</SUD>
    <AUST>22,610000</AUST>
    <BRNN>25,500000</BRNN>
    <COAC>25,500000</COAC>
    <CORS>3000,000000</CORS>
    <FOGN>25,500000</FOGN>
    <FRAN>22,610000</FRAN>
    <GREC>25,500000</GREC>
    <MFTV>22,610000</MFTV>
    <PRGP>40,000000</PRGP>
    <ROSN>25,500000</ROSN>
    <SLOV>22,610000</SLOV>
    <SVIZ>22,610000</SVIZ>
    <BSP>22,610000</BSP>
    <MALT>40,000000</MALT>
    <XAUS>22,610000</XAUS>
    <XFRA>22,610000</XFRA>
  </Prezzi>
  <Prezzi>
    <Data>20160524</Data>
    <Mercato>MGP</Mercato>
    <Ora>7</Ora>
    <PUN>27,661150</PUN>
    <NAT>28,070000</NAT>
    <CNOR>27,000000</CNOR>
    <CSUD>27,000000</CSUD>
    <NORD>27,000000</NORD>
    <SARD>27,000000</SARD>
    <SICI>40,000000</SICI>
    <SUD>27,000000</SUD>
    <AUST>27,000000</AUST>
    <BRNN>27,000000</BRNN>
    <COAC>27,000000</COAC>
    <CORS>3000,000000</CORS>
    <FOGN>27,000000</FOGN>
    <FRAN>27,000000</FRAN>
    <GREC>27,000000</GREC>
    <MFTV>27,000000</MFTV>
    <PRGP>40,000000</PRGP>
    <ROSN>27,000000</ROSN>
    <SLOV>27,000000</SLOV>
    <SVIZ>27,000000</SVIZ>
    <BSP>27,000000</BSP>
    <MALT>40,000000</MALT>
    <XAUS>27,000000</XAUS>
    <XFRA>27,000000</XFRA>
  </Prezzi>
  <Prezzi>
    <Data>20160524</Data>
    <Mercato>MGP</Mercato>
    <Ora>8</Ora>
    <PUN>34,776360</PUN>
    <NAT>36,150000</NAT>
    <CNOR>34,375140</CNOR>
    <CSUD>34,375140</CSUD>
    <NORD>34,375140</NORD>
    <SARD>34,375140</SARD>
    <SICI>41,990000</SICI>
    <SUD>34,375140</SUD>
    <AUST>34,375140</AUST>
    <BRNN>34,375140</BRNN>
    <COAC>34,375140</COAC>
    <CORS>3000,000000</CORS>
    <FOGN>34,375140</FOGN>
    <FRAN>34,375140</FRAN>
    <GREC>34,375140</GREC>
    <MFTV>34,375140</MFTV>
    <PRGP>41,990000</PRGP>
    <ROSN>34,375140</ROSN>
    <SLOV>34,375140</SLOV>
    <SVIZ>34,375140</SVIZ>
    <BSP>34,375140</BSP>
    <MALT>41,990000</MALT>
    <XAUS>34,375140</XAUS>
    <XFRA>34,375140</XFRA>
  </Prezzi>
  <Prezzi>
    <Data>20160524</Data>
    <Mercato>MGP</Mercato>
    <Ora>9</Ora>
    <PUN>37,341340</PUN>
    <NAT>38,420000</NAT>
    <CNOR>37,090000</CNOR>
    <CSUD>37,090000</CSUD>
    <NORD>37,090000</NORD>
    <SARD>37,090000</SARD>
    <SICI>41,990000</SICI>
    <SUD>37,090000</SUD>
    <AUST>37,090000</AUST>
    <BRNN>37,090000</BRNN>
    <COAC>37,090000</COAC>
    <CORS>3000,000000</CORS>
    <FOGN>37,090000</FOGN>
    <FRAN>37,090000</FRAN>
    <GREC>37,090000</GREC>
    <MFTV>37,090000</MFTV>
    <PRGP>41,990000</PRGP>
    <ROSN>37,090000</ROSN>
    <SLOV>37,090000</SLOV>
    <SVIZ>37,090000</SVIZ>
    <BSP>37,090000</BSP>
    <MALT>41,990000</MALT>
    <XAUS>37,090000</XAUS>
    <XFRA>37,090000</XFRA>
  </Prezzi>
  <Prezzi>
    <Data>20160524</Data>
    <Mercato>MGP</Mercato>
    <Ora>10</Ora>
    <PUN>35,650180</PUN>
    <NAT>37,000000</NAT>
    <CNOR>34,000000</CNOR>
    <CSUD>34,000000</CSUD>
    <NORD>36,190000</NORD>
    <SARD>34,000000</SARD>
    <SICI>41,890000</SICI>
    <SUD>34,000000</SUD>
    <AUST>36,190000</AUST>
    <BRNN>34,000000</BRNN>
    <COAC>34,000000</COAC>
    <CORS>3000,000000</CORS>
    <FOGN>34,000000</FOGN>
    <FRAN>36,190000</FRAN>
    <GREC>34,000000</GREC>
    <MFTV>36,190000</MFTV>
    <PRGP>41,890000</PRGP>
    <ROSN>34,000000</ROSN>
    <SLOV>36,190000</SLOV>
    <SVIZ>36,190000</SVIZ>
    <BSP>36,190000</BSP>
    <MALT>41,890000</MALT>
    <XAUS>36,190000</XAUS>
    <XFRA>36,190000</XFRA>
  </Prezzi>
  <Prezzi>
    <Data>20160524</Data>
    <Mercato>MGP</Mercato>
    <Ora>11</Ora>
    <PUN>33,144850</PUN>
    <NAT>32,610000</NAT>
    <CNOR>25,990000</CNOR>
    <CSUD>25,990000</CSUD>
    <NORD>36,938050</NORD>
    <SARD>25,990000</SARD>
    <SICI>40,000000</SICI>
    <SUD>25,990000</SUD>
    <AUST>36,938050</AUST>
    <BRNN>25,990000</BRNN>
    <COAC>25,990000</COAC>
    <CORS>3000,000000</CORS>
    <FOGN>25,990000</FOGN>
    <FRAN>36,938050</FRAN>
    <GREC>25,990000</GREC>
    <MFTV>36,938050</MFTV>
    <PRGP>40,000000</PRGP>
    <ROSN>25,990000</ROSN>
    <SLOV>36,938050</SLOV>
    <SVIZ>36,938050</SVIZ>
    <BSP>36,938050</BSP>
    <MALT>40,000000</MALT>
    <XAUS>36,938050</XAUS>
    <XFRA>36,938050</XFRA>
  </Prezzi>
  <Prezzi>
    <Data>20160524</Data>
    <Mercato>MGP</Mercato>
    <Ora>12</Ora>
    <PUN>31,001990</PUN>
    <NAT>29,600000</NAT>
    <CNOR>22,990000</CNOR>
    <CSUD>22,990000</CSUD>
    <NORD>36,060000</NORD>
    <SARD>22,990000</SARD>
    <SICI>28,990000</SICI>
    <SUD>22,990000</SUD>
    <AUST>36,060000</AUST>
    <BRNN>22,990000</BRNN>
    <COAC>22,990000</COAC>
    <CORS>3000,000000</CORS>
    <FOGN>22,990000</FOGN>
    <FRAN>36,060000</FRAN>
    <GREC>22,990000</GREC>
    <MFTV>36,060000</MFTV>
    <PRGP>28,990000</PRGP>
    <ROSN>22,990000</ROSN>
    <SLOV>36,060000</SLOV>
    <SVIZ>36,060000</SVIZ>
    <BSP>36,060000</BSP>
    <MALT>28,990000</MALT>
    <XAUS>36,060000</XAUS>
    <XFRA>36,060000</XFRA>
  </Prezzi>
  <Prezzi>
    <Data>20160524</Data>
    <Mercato>MGP</Mercato>
    <Ora>13</Ora>
    <PUN>28,518290</PUN>
    <NAT>27,000000</NAT>
    <CNOR>22,150000</CNOR>
    <CSUD>22,150000</CSUD>
    <NORD>33,094060</NORD>
    <SARD>22,150000</SARD>
    <SICI>24,000000</SICI>
    <SUD>22,150000</SUD>
    <AUST>33,094060</AUST>
    <BRNN>22,150000</BRNN>
    <COAC>22,150000</COAC>
    <CORS>3000,000000</CORS>
    <FOGN>22,150000</FOGN>
    <FRAN>33,094060</FRAN>
    <GREC>22,150000</GREC>
    <MFTV>33,094060</MFTV>
    <PRGP>24,000000</PRGP>
    <ROSN>22,150000</ROSN>
    <SLOV>33,094060</SLOV>
    <SVIZ>33,094060</SVIZ>
    <BSP>33,094060</BSP>
    <MALT>24,000000</MALT>
    <XAUS>33,094060</XAUS>
    <XFRA>33,094060</XFRA>
  </Prezzi>
  <Prezzi>
    <Data>20160524</Data>
    <Mercato>MGP</Mercato>
    <Ora>14</Ora>
    <PUN>27,842750</PUN>
    <NAT>26,500000</NAT>
    <CNOR>20,000000</CNOR>
    <CSUD>20,000000</CSUD>
    <NORD>33,000000</NORD>
    <SARD>20,000000</SARD>
    <SICI>23,340000</SICI>
    <SUD>20,000000</SUD>
    <AUST>33,000000</AUST>
    <BRNN>20,000000</BRNN>
    <COAC>20,000000</COAC>
    <CORS>3000,000000</CORS>
    <FOGN>20,000000</FOGN>
    <FRAN>33,000000</FRAN>
    <GREC>20,000000</GREC>
    <MFTV>33,000000</MFTV>
    <PRGP>23,340000</PRGP>
    <ROSN>20,000000</ROSN>
    <SLOV>33,000000</SLOV>
    <SVIZ>33,000000</SVIZ>
    <BSP>33,000000</BSP>
    <MALT>23,340000</MALT>
    <XAUS>33,000000</XAUS>
    <XFRA>33,000000</XFRA>
  </Prezzi>
  <Prezzi>
    <Data>20160524</Data>
    <Mercato>MGP</Mercato>
    <Ora>15</Ora>
    <PUN>28,554850</PUN>
    <NAT>26,520000</NAT>
    <CNOR>22,150000</CNOR>
    <CSUD>22,150000</CSUD>
    <NORD>32,690000</NORD>
    <SARD>22,150000</SARD>
    <SICI>23,340000</SICI>
    <SUD>22,150000</SUD>
    <AUST>32,690000</AUST>
    <BRNN>22,150000</BRNN>
    <COAC>22,150000</COAC>
    <CORS>3000,000000</CORS>
    <FOGN>22,150000</FOGN>
    <FRAN>32,690000</FRAN>
    <GREC>22,150000</GREC>
    <MFTV>32,690000</MFTV>
    <PRGP>23,340000</PRGP>
    <ROSN>22,150000</ROSN>
    <SLOV>32,690000</SLOV>
    <SVIZ>32,690000</SVIZ>
    <BSP>32,690000</BSP>
    <MALT>23,340000</MALT>
    <XAUS>32,690000</XAUS>
    <XFRA>32,690000</XFRA>
  </Prezzi>
  <Prezzi>
    <Data>20160524</Data>
    <Mercato>MGP</Mercato>
    <Ora>16</Ora>
    <PUN>28,119950</PUN>
    <NAT>27,000000</NAT>
    <CNOR>24,000000</CNOR>
    <CSUD>24,000000</CSUD>
    <NORD>30,918760</NORD>
    <SARD>24,000000</SARD>
    <SICI>24,000000</SICI>
    <SUD>24,000000</SUD>
    <AUST>30,918760</AUST>
    <BRNN>24,000000</BRNN>
    <COAC>24,000000</COAC>
    <CORS>3000,000000</CORS>
    <FOGN>24,000000</FOGN>
    <FRAN>30,918760</FRAN>
    <GREC>24,000000</GREC>
    <MFTV>30,918760</MFTV>
    <PRGP>24,000000</PRGP>
    <ROSN>24,000000</ROSN>
    <SLOV>30,918760</SLOV>
    <SVIZ>30,918760</SVIZ>
    <BSP>30,918760</BSP>
    <MALT>24,000000</MALT>
    <XAUS>30,918760</XAUS>
    <XFRA>30,918760</XFRA>
  </Prezzi>
  <Prezzi>
    <Data>20160524</Data>
    <Mercato>MGP</Mercato>
    <Ora>17</Ora>
    <PUN>29,640150</PUN>
    <NAT>29,400000</NAT>
    <CNOR>29,121850</CNOR>
    <CSUD>29,121850</CSUD>
    <NORD>29,121850</NORD>
    <SARD>29,121850</SARD>
    <SICI>39,800000</SICI>
    <SUD>29,121850</SUD>
    <AUST>29,121850</AUST>
    <BRNN>29,121850</BRNN>
    <COAC>29,121850</COAC>
    <CORS>3000,000000</CORS>
    <FOGN>29,121850</FOGN>
    <FRAN>29,121850</FRAN>
    <GREC>29,121850</GREC>
    <MFTV>29,121850</MFTV>
    <PRGP>39,800000</PRGP>
    <ROSN>29,121850</ROSN>
    <SLOV>29,121850</SLOV>
    <SVIZ>29,121850</SVIZ>
    <BSP>29,121850</BSP>
    <MALT>39,800000</MALT>
    <XAUS>29,121850</XAUS>
    <XFRA>29,121850</XFRA>
  </Prezzi>
  <Prezzi>
    <Data>20160524</Data>
    <Mercato>MGP</Mercato>
    <Ora>18</Ora>
    <PUN>30,409000</PUN>
    <NAT>29,990000</NAT>
    <CNOR>29,797090</CNOR>
    <CSUD>29,797090</CSUD>
    <NORD>29,797090</NORD>
    <SARD>29,797090</SARD>
    <SICI>41,890000</SICI>
    <SUD>29,797090</SUD>
    <AUST>29,797090</AUST>
    <BRNN>29,797090</BRNN>
    <COAC>29,797090</COAC>
    <CORS>3000,000000</CORS>
    <FOGN>29,797090</FOGN>
    <FRAN>29,797090</FRAN>
    <GREC>29,797090</GREC>
    <MFTV>29,797090</MFTV>
    <PRGP>41,890000</PRGP>
    <ROSN>29,797090</ROSN>
    <SLOV>29,797090</SLOV>
    <SVIZ>29,797090</SVIZ>
    <BSP>29,797090</BSP>
    <MALT>41,890000</MALT>
    <XAUS>29,797090</XAUS>
    <XFRA>29,797090</XFRA>
  </Prezzi>
  <Prezzi>
    <Data>20160524</Data>
    <Mercato>MGP</Mercato>
    <Ora>19</Ora>
    <PUN>32,536430</PUN>
    <NAT>32,610000</NAT>
    <CNOR>32,000000</CNOR>
    <CSUD>32,000000</CSUD>
    <NORD>32,000000</NORD>
    <SARD>32,000000</SARD>
    <SICI>41,990000</SICI>
    <SUD>32,000000</SUD>
    <AUST>32,000000</AUST>
    <BRNN>32,000000</BRNN>
    <COAC>32,000000</COAC>
    <CORS>3000,000000</CORS>
    <FOGN>32,000000</FOGN>
    <FRAN>32,000000</FRAN>
    <GREC>32,000000</GREC>
    <MFTV>32,000000</MFTV>
    <PRGP>41,990000</PRGP>
    <ROSN>32,000000</ROSN>
    <SLOV>32,000000</SLOV>
    <SVIZ>32,000000</SVIZ>
    <BSP>32,000000</BSP>
    <MALT>41,990000</MALT>
    <XAUS>32,000000</XAUS>
    <XFRA>32,000000</XFRA>
  </Prezzi>
  <Prezzi>
    <Data>20160524</Data>
    <Mercato>MGP</Mercato>
    <Ora>20</Ora>
    <PUN>35,001580</PUN>
    <NAT>37,220000</NAT>
    <CNOR>35,690000</CNOR>
    <CSUD>35,690000</CSUD>
    <NORD>33,570000</NORD>
    <SARD>35,690000</SARD>
    <SICI>42,490000</SICI>
    <SUD>35,690000</SUD>
    <AUST>33,570000</AUST>
    <BRNN>35,690000</BRNN>
    <COAC>35,690000</COAC>
    <CORS>3000,000000</CORS>
    <FOGN>35,690000</FOGN>
    <FRAN>33,570000</FRAN>
    <GREC>35,690000</GREC>
    <MFTV>33,570000</MFTV>
    <PRGP>42,490000</PRGP>
    <ROSN>35,690000</ROSN>
    <SLOV>33,570000</SLOV>
    <SVIZ>33,570000</SVIZ>
    <BSP>33,570000</BSP>
    <MALT>42,490000</MALT>
    <XAUS>33,570000</XAUS>
    <XFRA>33,570000</XFRA>
  </Prezzi>
  <Prezzi>
    <Data>20160524</Data>
    <Mercato>MGP</Mercato>
    <Ora>21</Ora>
    <PUN>37,632910</PUN>
    <NAT>39,420000</NAT>
    <CNOR>40,300000</CNOR>
    <CSUD>40,300000</CSUD>
    <NORD>32,610000</NORD>
    <SARD>40,300000</SARD>
    <SICI>59,000000</SICI>
    <SUD>40,300000</SUD>
    <AUST>32,610000</AUST>
    <BRNN>40,300000</BRNN>
    <COAC>40,300000</COAC>
    <CORS>3000,000000</CORS>
    <FOGN>40,300000</FOGN>
    <FRAN>32,610000</FRAN>
    <GREC>40,300000</GREC>
    <MFTV>32,610000</MFTV>
    <PRGP>59,000000</PRGP>
    <ROSN>40,300000</ROSN>
    <SLOV>32,610000</SLOV>
    <SVIZ>32,610000</SVIZ>
    <BSP>32,610000</BSP>
    <MALT>59,000000</MALT>
    <XAUS>32,610000</XAUS>
    <XFRA>32,610000</XFRA>
  </Prezzi>
  <Prezzi>
    <Data>20160524</Data>
    <Mercato>MGP</Mercato>
    <Ora>22</Ora>
    <PUN>35,494900</PUN>
    <NAT>37,420000</NAT>
    <CNOR>37,420000</CNOR>
    <CSUD>37,420000</CSUD>
    <NORD>33,010000</NORD>
    <SARD>37,420000</SARD>
    <SICI>42,490000</SICI>
    <SUD>37,420000</SUD>
    <AUST>33,010000</AUST>
    <BRNN>37,420000</BRNN>
    <COAC>37,420000</COAC>
    <CORS>3000,000000</CORS>
    <FOGN>37,420000</FOGN>
    <FRAN>33,010000</FRAN>
    <GREC>37,420000</GREC>
    <MFTV>33,010000</MFTV>
    <PRGP>42,490000</PRGP>
    <ROSN>37,420000</ROSN>
    <SLOV>33,010000</SLOV>
    <SVIZ>33,010000</SVIZ>
    <BSP>33,010000</BSP>
    <MALT>42,490000</MALT>
    <XAUS>33,010000</XAUS>
    <XFRA>33,010000</XFRA>
  </Prezzi>
  <Prezzi>
    <Data>20160524</Data>
    <Mercato>MGP</Mercato>
    <Ora>23</Ora>
    <PUN>33,251040</PUN>
    <NAT>33,750000</NAT>
    <CNOR>33,420000</CNOR>
    <CSUD>33,420000</CSUD>
    <NORD>32,000000</NORD>
    <SARD>33,420000</SARD>
    <SICI>42,490000</SICI>
    <SUD>33,420000</SUD>
    <AUST>32,000000</AUST>
    <BRNN>33,420000</BRNN>
    <COAC>33,420000</COAC>
    <CORS>3000,000000</CORS>
    <FOGN>33,420000</FOGN>
    <FRAN>32,000000</FRAN>
    <GREC>33,420000</GREC>
    <MFTV>32,000000</MFTV>
    <PRGP>42,490000</PRGP>
    <ROSN>33,420000</ROSN>
    <SLOV>32,000000</SLOV>
    <SVIZ>32,000000</SVIZ>
    <BSP>32,000000</BSP>
    <MALT>42,490000</MALT>
    <XAUS>32,000000</XAUS>
    <XFRA>32,000000</XFRA>
  </Prezzi>
  <Prezzi>
    <Data>20160524</Data>
    <Mercato>MGP</Mercato>
    <Ora>24</Ora>
    <PUN>30,606160</PUN>
    <NAT>31,150000</NAT>
    <CNOR>29,850050</CNOR>
    <CSUD>29,850050</CSUD>
    <NORD>29,850050</NORD>
    <SARD>29,850050</SARD>
    <SICI>41,990000</SICI>
    <SUD>29,850050</SUD>
    <AUST>29,850050</AUST>
    <BRNN>29,850050</BRNN>
    <COAC>29,850050</COAC>
    <CORS>3000,000000</CORS>
    <FOGN>29,850050</FOGN>
    <FRAN>29,850050</FRAN>
    <GREC>29,850050</GREC>
    <MFTV>29,850050</MFTV>
    <PRGP>41,990000</PRGP>
    <ROSN>29,850050</ROSN>
    <SLOV>29,850050</SLOV>
    <SVIZ>29,850050</SVIZ>
    <BSP>29,850050</BSP>
    <MALT>41,990000</MALT>
    <XAUS>29,850050</XAUS>
    <XFRA>29,850050</XFRA>
  </Prezzi>
</NewDataSet>