<?xml version="1.0" standalone="yes"?>
<NewDataSet>
  <xs:schema id="NewDataSet" xmlns="" xmlns:xs="http://www.w3.org/2001/XMLSchema" xmlns:msdata="urn:schemas-microsoft-com:xml-msdata">
    <xs:element name="NewDataSet" msdata:IsDataSet="true" msdata:UseCurrentLocale="true">
      <xs:complexType>
        <xs:choice minOccurs="0" maxOccurs="unbounded">
          <xs:element name="Prezzi">
            <xs:complexType>
              <xs:sequence>
                <xs:element name="Data" type="xs:string" minOccurs="0" />
                <xs:element name="Mercato" type="xs:string" minOccurs="0" />
                <xs:element name="Ora" type="xs:string" minOccurs="0" />
                <xs:element name="PUN" type="xs:string" minOccurs="0" />
                <xs:element name="NAT" type="xs:string" minOccurs="0" />
                <xs:element name="CNOR" type="xs:string" minOccurs="0" />
                <xs:element name="CSUD" type="xs:string" minOccurs="0" />
                <xs:element name="NORD" type="xs:string" minOccurs="0" />
                <xs:element name="SARD" type="xs:string" minOccurs="0" />
                <xs:element name="SICI" type="xs:string" minOccurs="0" />
                <xs:element name="SUD" type="xs:string" minOccurs="0" />
                <xs:element name="AUST" type="xs:string" minOccurs="0" />
                <xs:element name="BRNN" type="xs:string" minOccurs="0" />
                <xs:element name="COAC" type="xs:string" minOccurs="0" />
                <xs:element name="CORS" type="xs:string" minOccurs="0" />
                <xs:element name="FOGN" type="xs:string" minOccurs="0" />
                <xs:element name="FRAN" type="xs:string" minOccurs="0" />
                <xs:element name="GREC" type="xs:string" minOccurs="0" />
                <xs:element name="MFTV" type="xs:string" minOccurs="0" />
                <xs:element name="PRGP" type="xs:string" minOccurs="0" />
                <xs:element name="ROSN" type="xs:string" minOccurs="0" />
                <xs:element name="SLOV" type="xs:string" minOccurs="0" />
                <xs:element name="SVIZ" type="xs:string" minOccurs="0" />
                <xs:element name="BSP" type="xs:string" minOccurs="0" />
                <xs:element name="MALT" type="xs:string" minOccurs="0" />
                <xs:element name="XAUS" type="xs:string" minOccurs="0" />
                <xs:element name="XFRA" type="xs:string" minOccurs="0" />
              </xs:sequence>
            </xs:complexType>
          </xs:element>
        </xs:choice>
      </xs:complexType>
    </xs:element>
  </xs:schema>
  <Prezzi>
    <Data>20160515</Data>
    <Mercato>MGP</Mercato>
    <Ora>1</Ora>
    <PUN>33,238100</PUN>
    <NAT>33,280000</NAT>
    <CNOR>38,380000</CNOR>
    <CSUD>38,380000</CSUD>
    <NORD>25,800000</NORD>
    <SARD>38,380000</SARD>
    <SICI>41,890000</SICI>
    <SUD>38,380000</SUD>
    <AUST>25,800000</AUST>
    <BRNN>38,380000</BRNN>
    <COAC>38,380000</COAC>
    <CORS>38,380000</CORS>
    <FOGN>38,380000</FOGN>
    <FRAN>25,800000</FRAN>
    <GREC>38,380000</GREC>
    <MFTV>25,800000</MFTV>
    <PRGP>41,890000</PRGP>
    <ROSN>38,380000</ROSN>
    <SLOV>25,800000</SLOV>
    <SVIZ>25,800000</SVIZ>
    <BSP>25,800000</BSP>
    <MALT>41,890000</MALT>
    <XAUS>25,800000</XAUS>
    <XFRA>25,800000</XFRA>
  </Prezzi>
  <Prezzi>
    <Data>20160515</Data>
    <Mercato>MGP</Mercato>
    <Ora>2</Ora>
    <PUN>27,976550</PUN>
    <NAT>26,940000</NAT>
    <CNOR>33,380000</CNOR>
    <CSUD>33,380000</CSUD>
    <NORD>20,200000</NORD>
    <SARD>33,380000</SARD>
    <SICI>36,000000</SICI>
    <SUD>33,380000</SUD>
    <AUST>20,200000</AUST>
    <BRNN>33,380000</BRNN>
    <COAC>33,380000</COAC>
    <CORS>33,380000</CORS>
    <FOGN>33,380000</FOGN>
    <FRAN>20,200000</FRAN>
    <GREC>33,380000</GREC>
    <MFTV>20,200000</MFTV>
    <PRGP>36,000000</PRGP>
    <ROSN>33,380000</ROSN>
    <SLOV>20,200000</SLOV>
    <SVIZ>20,200000</SVIZ>
    <BSP>20,200000</BSP>
    <MALT>36,000000</MALT>
    <XAUS>20,200000</XAUS>
    <XFRA>20,200000</XFRA>
  </Prezzi>
  <Prezzi>
    <Data>20160515</Data>
    <Mercato>MGP</Mercato>
    <Ora>3</Ora>
    <PUN>23,518740</PUN>
    <NAT>26,170000</NAT>
    <CNOR>30,760000</CNOR>
    <CSUD>30,760000</CSUD>
    <NORD>13,130000</NORD>
    <SARD>30,760000</SARD>
    <SICI>36,000000</SICI>
    <SUD>30,760000</SUD>
    <AUST>13,130000</AUST>
    <BRNN>30,760000</BRNN>
    <COAC>30,760000</COAC>
    <CORS>30,760000</CORS>
    <FOGN>30,760000</FOGN>
    <FRAN>13,130000</FRAN>
    <GREC>30,760000</GREC>
    <MFTV>13,130000</MFTV>
    <PRGP>36,000000</PRGP>
    <ROSN>30,760000</ROSN>
    <SLOV>13,130000</SLOV>
    <SVIZ>13,130000</SVIZ>
    <BSP>13,130000</BSP>
    <MALT>36,000000</MALT>
    <XAUS>13,130000</XAUS>
    <XFRA>13,130000</XFRA>
  </Prezzi>
  <Prezzi>
    <Data>20160515</Data>
    <Mercato>MGP</Mercato>
    <Ora>4</Ora>
    <PUN>24,559140</PUN>
    <NAT>26,180000</NAT>
    <CNOR>27,400000</CNOR>
    <CSUD>27,400000</CSUD>
    <NORD>20,200000</NORD>
    <SARD>27,400000</SARD>
    <SICI>31,560000</SICI>
    <SUD>27,400000</SUD>
    <AUST>20,200000</AUST>
    <BRNN>27,400000</BRNN>
    <COAC>27,400000</COAC>
    <CORS>27,400000</CORS>
    <FOGN>27,400000</FOGN>
    <FRAN>20,200000</FRAN>
    <GREC>27,400000</GREC>
    <MFTV>20,200000</MFTV>
    <PRGP>31,560000</PRGP>
    <ROSN>27,400000</ROSN>
    <SLOV>20,200000</SLOV>
    <SVIZ>20,200000</SVIZ>
    <BSP>20,200000</BSP>
    <MALT>31,560000</MALT>
    <XAUS>20,200000</XAUS>
    <XFRA>20,200000</XFRA>
  </Prezzi>
  <Prezzi>
    <Data>20160515</Data>
    <Mercato>MGP</Mercato>
    <Ora>5</Ora>
    <PUN>28,227990</PUN>
    <NAT>28,020000</NAT>
    <CNOR>28,020000</CNOR>
    <CSUD>28,020000</CSUD>
    <NORD>28,020000</NORD>
    <SARD>28,020000</SARD>
    <SICI>31,560000</SICI>
    <SUD>28,020000</SUD>
    <AUST>28,020000</AUST>
    <BRNN>28,020000</BRNN>
    <COAC>28,020000</COAC>
    <CORS>28,020000</CORS>
    <FOGN>28,020000</FOGN>
    <FRAN>28,020000</FRAN>
    <GREC>28,020000</GREC>
    <MFTV>28,020000</MFTV>
    <PRGP>31,560000</PRGP>
    <ROSN>28,020000</ROSN>
    <SLOV>28,020000</SLOV>
    <SVIZ>28,020000</SVIZ>
    <BSP>28,020000</BSP>
    <MALT>31,560000</MALT>
    <XAUS>28,020000</XAUS>
    <XFRA>28,020000</XFRA>
  </Prezzi>
  <Prezzi>
    <Data>20160515</Data>
    <Mercato>MGP</Mercato>
    <Ora>6</Ora>
    <PUN>30,376010</PUN>
    <NAT>30,300000</NAT>
    <CNOR>30,300000</CNOR>
    <CSUD>30,300000</CSUD>
    <NORD>30,300000</NORD>
    <SARD>30,300000</SARD>
    <SICI>31,560000</SICI>
    <SUD>30,300000</SUD>
    <AUST>30,300000</AUST>
    <BRNN>30,300000</BRNN>
    <COAC>30,300000</COAC>
    <CORS>30,300000</CORS>
    <FOGN>30,300000</FOGN>
    <FRAN>30,300000</FRAN>
    <GREC>30,300000</GREC>
    <MFTV>30,300000</MFTV>
    <PRGP>31,560000</PRGP>
    <ROSN>30,300000</ROSN>
    <SLOV>30,300000</SLOV>
    <SVIZ>30,300000</SVIZ>
    <BSP>30,300000</BSP>
    <MALT>31,560000</MALT>
    <XAUS>30,300000</XAUS>
    <XFRA>30,300000</XFRA>
  </Prezzi>
  <Prezzi>
    <Data>20160515</Data>
    <Mercato>MGP</Mercato>
    <Ora>7</Ora>
    <PUN>27,760000</PUN>
    <NAT>27,760000</NAT>
    <CNOR>27,760000</CNOR>
    <CSUD>27,760000</CSUD>
    <NORD>27,760000</NORD>
    <SARD>27,760000</SARD>
    <SICI>27,760000</SICI>
    <SUD>27,760000</SUD>
    <AUST>27,760000</AUST>
    <BRNN>27,760000</BRNN>
    <COAC>27,760000</COAC>
    <CORS>27,760000</CORS>
    <FOGN>27,760000</FOGN>
    <FRAN>27,760000</FRAN>
    <GREC>27,760000</GREC>
    <MFTV>27,760000</MFTV>
    <PRGP>27,760000</PRGP>
    <ROSN>27,760000</ROSN>
    <SLOV>27,760000</SLOV>
    <SVIZ>27,760000</SVIZ>
    <BSP>27,760000</BSP>
    <MALT>27,760000</MALT>
    <XAUS>27,760000</XAUS>
    <XFRA>27,760000</XFRA>
  </Prezzi>
  <Prezzi>
    <Data>20160515</Data>
    <Mercato>MGP</Mercato>
    <Ora>8</Ora>
    <PUN>29,120000</PUN>
    <NAT>29,900000</NAT>
    <CNOR>28,662450</CNOR>
    <CSUD>28,662450</CSUD>
    <NORD>28,662450</NORD>
    <SARD>28,662450</SARD>
    <SICI>36,000000</SICI>
    <SUD>28,662450</SUD>
    <AUST>28,662450</AUST>
    <BRNN>28,662450</BRNN>
    <COAC>28,662450</COAC>
    <CORS>28,662450</CORS>
    <FOGN>28,662450</FOGN>
    <FRAN>28,662450</FRAN>
    <GREC>28,662450</GREC>
    <MFTV>28,662450</MFTV>
    <PRGP>36,000000</PRGP>
    <ROSN>28,662450</ROSN>
    <SLOV>28,662450</SLOV>
    <SVIZ>28,662450</SVIZ>
    <BSP>28,662450</BSP>
    <MALT>36,000000</MALT>
    <XAUS>28,662450</XAUS>
    <XFRA>28,662450</XFRA>
  </Prezzi>
  <Prezzi>
    <Data>20160515</Data>
    <Mercato>MGP</Mercato>
    <Ora>9</Ora>
    <PUN>31,094830</PUN>
    <NAT>31,800000</NAT>
    <CNOR>30,760000</CNOR>
    <CSUD>30,760000</CSUD>
    <NORD>30,760000</NORD>
    <SARD>30,760000</SARD>
    <SICI>36,000000</SICI>
    <SUD>30,760000</SUD>
    <AUST>30,760000</AUST>
    <BRNN>30,760000</BRNN>
    <COAC>30,760000</COAC>
    <CORS>30,760000</CORS>
    <FOGN>30,760000</FOGN>
    <FRAN>30,760000</FRAN>
    <GREC>30,760000</GREC>
    <MFTV>30,760000</MFTV>
    <PRGP>36,000000</PRGP>
    <ROSN>30,760000</ROSN>
    <SLOV>30,760000</SLOV>
    <SVIZ>30,760000</SVIZ>
    <BSP>30,760000</BSP>
    <MALT>36,000000</MALT>
    <XAUS>30,760000</XAUS>
    <XFRA>30,760000</XFRA>
  </Prezzi>
  <Prezzi>
    <Data>20160515</Data>
    <Mercato>MGP</Mercato>
    <Ora>10</Ora>
    <PUN>32,259540</PUN>
    <NAT>32,310000</NAT>
    <CNOR>32,000000</CNOR>
    <CSUD>32,000000</CSUD>
    <NORD>32,000000</NORD>
    <SARD>32,000000</SARD>
    <SICI>36,000000</SICI>
    <SUD>32,000000</SUD>
    <AUST>32,000000</AUST>
    <BRNN>32,000000</BRNN>
    <COAC>32,000000</COAC>
    <CORS>32,000000</CORS>
    <FOGN>32,000000</FOGN>
    <FRAN>32,000000</FRAN>
    <GREC>32,000000</GREC>
    <MFTV>32,000000</MFTV>
    <PRGP>36,000000</PRGP>
    <ROSN>32,000000</ROSN>
    <SLOV>32,000000</SLOV>
    <SVIZ>32,000000</SVIZ>
    <BSP>32,000000</BSP>
    <MALT>36,000000</MALT>
    <XAUS>32,000000</XAUS>
    <XFRA>32,000000</XFRA>
  </Prezzi>
  <Prezzi>
    <Data>20160515</Data>
    <Mercato>MGP</Mercato>
    <Ora>11</Ora>
    <PUN>28,569450</PUN>
    <NAT>28,560000</NAT>
    <CNOR>28,760000</CNOR>
    <CSUD>28,760000</CSUD>
    <NORD>28,760000</NORD>
    <SARD>28,760000</SARD>
    <SICI>25,850000</SICI>
    <SUD>28,760000</SUD>
    <AUST>28,760000</AUST>
    <BRNN>28,760000</BRNN>
    <COAC>28,760000</COAC>
    <CORS>28,760000</CORS>
    <FOGN>28,760000</FOGN>
    <FRAN>28,760000</FRAN>
    <GREC>28,760000</GREC>
    <MFTV>28,760000</MFTV>
    <PRGP>25,850000</PRGP>
    <ROSN>25,850000</ROSN>
    <SLOV>28,760000</SLOV>
    <SVIZ>28,760000</SVIZ>
    <BSP>28,760000</BSP>
    <MALT>25,850000</MALT>
    <XAUS>28,760000</XAUS>
    <XFRA>28,760000</XFRA>
  </Prezzi>
  <Prezzi>
    <Data>20160515</Data>
    <Mercato>MGP</Mercato>
    <Ora>12</Ora>
    <PUN>27,117680</PUN>
    <NAT>26,940000</NAT>
    <CNOR>27,400000</CNOR>
    <CSUD>27,400000</CSUD>
    <NORD>27,400000</NORD>
    <SARD>27,400000</SARD>
    <SICI>22,960000</SICI>
    <SUD>27,400000</SUD>
    <AUST>27,400000</AUST>
    <BRNN>27,400000</BRNN>
    <COAC>27,400000</COAC>
    <CORS>27,400000</CORS>
    <FOGN>27,400000</FOGN>
    <FRAN>27,400000</FRAN>
    <GREC>27,400000</GREC>
    <MFTV>27,400000</MFTV>
    <PRGP>22,960000</PRGP>
    <ROSN>22,960000</ROSN>
    <SLOV>27,400000</SLOV>
    <SVIZ>27,400000</SVIZ>
    <BSP>27,400000</BSP>
    <MALT>22,960000</MALT>
    <XAUS>27,400000</XAUS>
    <XFRA>27,400000</XFRA>
  </Prezzi>
  <Prezzi>
    <Data>20160515</Data>
    <Mercato>MGP</Mercato>
    <Ora>13</Ora>
    <PUN>27,122900</PUN>
    <NAT>26,780000</NAT>
    <CNOR>27,400000</CNOR>
    <CSUD>27,400000</CSUD>
    <NORD>27,400000</NORD>
    <SARD>27,400000</SARD>
    <SICI>22,960000</SICI>
    <SUD>27,400000</SUD>
    <AUST>27,400000</AUST>
    <BRNN>27,400000</BRNN>
    <COAC>27,400000</COAC>
    <CORS>27,400000</CORS>
    <FOGN>27,400000</FOGN>
    <FRAN>27,400000</FRAN>
    <GREC>27,400000</GREC>
    <MFTV>27,400000</MFTV>
    <PRGP>22,960000</PRGP>
    <ROSN>22,960000</ROSN>
    <SLOV>27,400000</SLOV>
    <SVIZ>27,400000</SVIZ>
    <BSP>27,400000</BSP>
    <MALT>22,960000</MALT>
    <XAUS>27,400000</XAUS>
    <XFRA>27,400000</XFRA>
  </Prezzi>
  <Prezzi>
    <Data>20160515</Data>
    <Mercato>MGP</Mercato>
    <Ora>14</Ora>
    <PUN>25,508150</PUN>
    <NAT>24,380000</NAT>
    <CNOR>25,770000</CNOR>
    <CSUD>25,770000</CSUD>
    <NORD>25,770000</NORD>
    <SARD>25,770000</SARD>
    <SICI>21,430000</SICI>
    <SUD>25,770000</SUD>
    <AUST>25,770000</AUST>
    <BRNN>25,770000</BRNN>
    <COAC>25,770000</COAC>
    <CORS>25,770000</CORS>
    <FOGN>25,770000</FOGN>
    <FRAN>25,770000</FRAN>
    <GREC>25,770000</GREC>
    <MFTV>25,770000</MFTV>
    <PRGP>21,430000</PRGP>
    <ROSN>21,430000</ROSN>
    <SLOV>25,770000</SLOV>
    <SVIZ>25,770000</SVIZ>
    <BSP>25,770000</BSP>
    <MALT>21,430000</MALT>
    <XAUS>25,770000</XAUS>
    <XFRA>25,770000</XFRA>
  </Prezzi>
  <Prezzi>
    <Data>20160515</Data>
    <Mercato>MGP</Mercato>
    <Ora>15</Ora>
    <PUN>23,535660</PUN>
    <NAT>22,960000</NAT>
    <CNOR>24,330000</CNOR>
    <CSUD>24,330000</CSUD>
    <NORD>24,330000</NORD>
    <SARD>24,330000</SARD>
    <SICI>10,680000</SICI>
    <SUD>24,330000</SUD>
    <AUST>24,330000</AUST>
    <BRNN>24,330000</BRNN>
    <COAC>24,330000</COAC>
    <CORS>24,330000</CORS>
    <FOGN>24,330000</FOGN>
    <FRAN>24,330000</FRAN>
    <GREC>24,330000</GREC>
    <MFTV>24,330000</MFTV>
    <PRGP>10,680000</PRGP>
    <ROSN>10,680000</ROSN>
    <SLOV>24,330000</SLOV>
    <SVIZ>24,330000</SVIZ>
    <BSP>24,330000</BSP>
    <MALT>10,680000</MALT>
    <XAUS>24,330000</XAUS>
    <XFRA>24,330000</XFRA>
  </Prezzi>
  <Prezzi>
    <Data>20160515</Data>
    <Mercato>MGP</Mercato>
    <Ora>16</Ora>
    <PUN>25,343340</PUN>
    <NAT>24,220000</NAT>
    <CNOR>26,170000</CNOR>
    <CSUD>26,170000</CSUD>
    <NORD>26,170000</NORD>
    <SARD>26,170000</SARD>
    <SICI>12,010000</SICI>
    <SUD>26,170000</SUD>
    <AUST>26,170000</AUST>
    <BRNN>26,170000</BRNN>
    <COAC>26,170000</COAC>
    <CORS>26,170000</CORS>
    <FOGN>26,170000</FOGN>
    <FRAN>26,170000</FRAN>
    <GREC>26,170000</GREC>
    <MFTV>26,170000</MFTV>
    <PRGP>12,010000</PRGP>
    <ROSN>12,010000</ROSN>
    <SLOV>26,170000</SLOV>
    <SVIZ>26,170000</SVIZ>
    <BSP>26,170000</BSP>
    <MALT>12,010000</MALT>
    <XAUS>26,170000</XAUS>
    <XFRA>26,170000</XFRA>
  </Prezzi>
  <Prezzi>
    <Data>20160515</Data>
    <Mercato>MGP</Mercato>
    <Ora>17</Ora>
    <PUN>25,987240</PUN>
    <NAT>26,170000</NAT>
    <CNOR>26,180000</CNOR>
    <CSUD>26,180000</CSUD>
    <NORD>26,180000</NORD>
    <SARD>26,180000</SARD>
    <SICI>22,960000</SICI>
    <SUD>26,180000</SUD>
    <AUST>26,180000</AUST>
    <BRNN>26,180000</BRNN>
    <COAC>26,180000</COAC>
    <CORS>26,180000</CORS>
    <FOGN>26,180000</FOGN>
    <FRAN>26,180000</FRAN>
    <GREC>26,180000</GREC>
    <MFTV>26,180000</MFTV>
    <PRGP>22,960000</PRGP>
    <ROSN>22,960000</ROSN>
    <SLOV>26,180000</SLOV>
    <SVIZ>26,180000</SVIZ>
    <BSP>26,180000</BSP>
    <MALT>22,960000</MALT>
    <XAUS>26,180000</XAUS>
    <XFRA>26,180000</XFRA>
  </Prezzi>
  <Prezzi>
    <Data>20160515</Data>
    <Mercato>MGP</Mercato>
    <Ora>18</Ora>
    <PUN>26,069120</PUN>
    <NAT>26,190000</NAT>
    <CNOR>26,190000</CNOR>
    <CSUD>26,190000</CSUD>
    <NORD>26,190000</NORD>
    <SARD>26,190000</SARD>
    <SICI>24,150000</SICI>
    <SUD>26,190000</SUD>
    <AUST>26,190000</AUST>
    <BRNN>26,190000</BRNN>
    <COAC>26,190000</COAC>
    <CORS>26,190000</CORS>
    <FOGN>26,190000</FOGN>
    <FRAN>26,190000</FRAN>
    <GREC>26,190000</GREC>
    <MFTV>26,190000</MFTV>
    <PRGP>24,150000</PRGP>
    <ROSN>24,150000</ROSN>
    <SLOV>26,190000</SLOV>
    <SVIZ>26,190000</SVIZ>
    <BSP>26,190000</BSP>
    <MALT>24,150000</MALT>
    <XAUS>26,190000</XAUS>
    <XFRA>26,190000</XFRA>
  </Prezzi>
  <Prezzi>
    <Data>20160515</Data>
    <Mercato>MGP</Mercato>
    <Ora>19</Ora>
    <PUN>26,763750</PUN>
    <NAT>26,190000</NAT>
    <CNOR>26,180000</CNOR>
    <CSUD>26,180000</CSUD>
    <NORD>26,180000</NORD>
    <SARD>26,180000</SARD>
    <SICI>36,000000</SICI>
    <SUD>26,180000</SUD>
    <AUST>26,180000</AUST>
    <BRNN>26,180000</BRNN>
    <COAC>26,180000</COAC>
    <CORS>26,180000</CORS>
    <FOGN>26,180000</FOGN>
    <FRAN>26,180000</FRAN>
    <GREC>26,180000</GREC>
    <MFTV>26,180000</MFTV>
    <PRGP>36,000000</PRGP>
    <ROSN>26,180000</ROSN>
    <SLOV>26,180000</SLOV>
    <SVIZ>26,180000</SVIZ>
    <BSP>26,180000</BSP>
    <MALT>36,000000</MALT>
    <XAUS>26,180000</XAUS>
    <XFRA>26,180000</XFRA>
  </Prezzi>
  <Prezzi>
    <Data>20160515</Data>
    <Mercato>MGP</Mercato>
    <Ora>20</Ora>
    <PUN>31,451110</PUN>
    <NAT>32,170000</NAT>
    <CNOR>33,380000</CNOR>
    <CSUD>33,380000</CSUD>
    <NORD>28,000000</NORD>
    <SARD>33,380000</SARD>
    <SICI>41,890000</SICI>
    <SUD>33,380000</SUD>
    <AUST>28,000000</AUST>
    <BRNN>33,380000</BRNN>
    <COAC>33,380000</COAC>
    <CORS>33,380000</CORS>
    <FOGN>33,380000</FOGN>
    <FRAN>28,000000</FRAN>
    <GREC>33,380000</GREC>
    <MFTV>28,000000</MFTV>
    <PRGP>41,890000</PRGP>
    <ROSN>33,380000</ROSN>
    <SLOV>28,000000</SLOV>
    <SVIZ>28,000000</SVIZ>
    <BSP>28,000000</BSP>
    <MALT>41,890000</MALT>
    <XAUS>28,000000</XAUS>
    <XFRA>28,000000</XFRA>
  </Prezzi>
  <Prezzi>
    <Data>20160515</Data>
    <Mercato>MGP</Mercato>
    <Ora>21</Ora>
    <PUN>33,214980</PUN>
    <NAT>33,380000</NAT>
    <CNOR>37,460000</CNOR>
    <CSUD>37,460000</CSUD>
    <NORD>26,940000</NORD>
    <SARD>37,460000</SARD>
    <SICI>42,490000</SICI>
    <SUD>37,460000</SUD>
    <AUST>26,940000</AUST>
    <BRNN>37,460000</BRNN>
    <COAC>37,460000</COAC>
    <CORS>37,460000</CORS>
    <FOGN>37,460000</FOGN>
    <FRAN>26,940000</FRAN>
    <GREC>37,460000</GREC>
    <MFTV>26,940000</MFTV>
    <PRGP>42,490000</PRGP>
    <ROSN>37,460000</ROSN>
    <SLOV>26,940000</SLOV>
    <SVIZ>26,940000</SVIZ>
    <BSP>26,940000</BSP>
    <MALT>42,490000</MALT>
    <XAUS>26,940000</XAUS>
    <XFRA>26,940000</XFRA>
  </Prezzi>
  <Prezzi>
    <Data>20160515</Data>
    <Mercato>MGP</Mercato>
    <Ora>22</Ora>
    <PUN>34,620000</PUN>
    <NAT>37,080000</NAT>
    <CNOR>37,542110</CNOR>
    <CSUD>37,542110</CSUD>
    <NORD>30,200000</NORD>
    <SARD>37,542110</SARD>
    <SICI>41,990000</SICI>
    <SUD>37,542110</SUD>
    <AUST>30,200000</AUST>
    <BRNN>37,542110</BRNN>
    <COAC>37,542110</COAC>
    <CORS>37,542110</CORS>
    <FOGN>37,542110</FOGN>
    <FRAN>30,200000</FRAN>
    <GREC>37,542110</GREC>
    <MFTV>30,200000</MFTV>
    <PRGP>41,990000</PRGP>
    <ROSN>37,542110</ROSN>
    <SLOV>30,200000</SLOV>
    <SVIZ>30,200000</SVIZ>
    <BSP>30,200000</BSP>
    <MALT>41,990000</MALT>
    <XAUS>30,200000</XAUS>
    <XFRA>30,200000</XFRA>
  </Prezzi>
  <Prezzi>
    <Data>20160515</Data>
    <Mercato>MGP</Mercato>
    <Ora>23</Ora>
    <PUN>34,826230</PUN>
    <NAT>34,600000</NAT>
    <CNOR>36,400000</CNOR>
    <CSUD>36,400000</CSUD>
    <NORD>32,000000</NORD>
    <SARD>36,400000</SARD>
    <SICI>41,990000</SICI>
    <SUD>36,400000</SUD>
    <AUST>32,000000</AUST>
    <BRNN>36,400000</BRNN>
    <COAC>36,400000</COAC>
    <CORS>36,400000</CORS>
    <FOGN>36,400000</FOGN>
    <FRAN>32,000000</FRAN>
    <GREC>36,400000</GREC>
    <MFTV>32,000000</MFTV>
    <PRGP>41,990000</PRGP>
    <ROSN>36,400000</ROSN>
    <SLOV>32,000000</SLOV>
    <SVIZ>32,000000</SVIZ>
    <BSP>32,000000</BSP>
    <MALT>41,990000</MALT>
    <XAUS>32,000000</XAUS>
    <XFRA>32,000000</XFRA>
  </Prezzi>
  <Prezzi>
    <Data>20160515</Data>
    <Mercato>MGP</Mercato>
    <Ora>24</Ora>
    <PUN>31,929030</PUN>
    <NAT>32,220000</NAT>
    <CNOR>32,030000</CNOR>
    <CSUD>32,030000</CSUD>
    <NORD>30,300000</NORD>
    <SARD>32,030000</SARD>
    <SICI>41,890000</SICI>
    <SUD>32,030000</SUD>
    <AUST>30,300000</AUST>
    <BRNN>32,030000</BRNN>
    <COAC>32,030000</COAC>
    <CORS>32,030000</CORS>
    <FOGN>32,030000</FOGN>
    <FRAN>30,300000</FRAN>
    <GREC>32,030000</GREC>
    <MFTV>30,300000</MFTV>
    <PRGP>41,890000</PRGP>
    <ROSN>32,030000</ROSN>
    <SLOV>30,300000</SLOV>
    <SVIZ>30,300000</SVIZ>
    <BSP>30,300000</BSP>
    <MALT>41,890000</MALT>
    <XAUS>30,300000</XAUS>
    <XFRA>30,300000</XFRA>
  </Prezzi>
</NewDataSet>