<?xml version="1.0" standalone="yes"?>
<NewDataSet>
  <xs:schema id="NewDataSet" xmlns="" xmlns:xs="http://www.w3.org/2001/XMLSchema" xmlns:msdata="urn:schemas-microsoft-com:xml-msdata">
    <xs:element name="NewDataSet" msdata:IsDataSet="true" msdata:UseCurrentLocale="true">
      <xs:complexType>
        <xs:choice minOccurs="0" maxOccurs="unbounded">
          <xs:element name="Prezzi">
            <xs:complexType>
              <xs:sequence>
                <xs:element name="Data" type="xs:string" minOccurs="0" />
                <xs:element name="Mercato" type="xs:string" minOccurs="0" />
                <xs:element name="Ora" type="xs:string" minOccurs="0" />
                <xs:element name="PUN" type="xs:string" minOccurs="0" />
                <xs:element name="NAT" type="xs:string" minOccurs="0" />
                <xs:element name="CNOR" type="xs:string" minOccurs="0" />
                <xs:element name="CSUD" type="xs:string" minOccurs="0" />
                <xs:element name="NORD" type="xs:string" minOccurs="0" />
                <xs:element name="SARD" type="xs:string" minOccurs="0" />
                <xs:element name="SICI" type="xs:string" minOccurs="0" />
                <xs:element name="SUD" type="xs:string" minOccurs="0" />
                <xs:element name="AUST" type="xs:string" minOccurs="0" />
                <xs:element name="BRNN" type="xs:string" minOccurs="0" />
                <xs:element name="COAC" type="xs:string" minOccurs="0" />
                <xs:element name="CORS" type="xs:string" minOccurs="0" />
                <xs:element name="FOGN" type="xs:string" minOccurs="0" />
                <xs:element name="FRAN" type="xs:string" minOccurs="0" />
                <xs:element name="GREC" type="xs:string" minOccurs="0" />
                <xs:element name="MFTV" type="xs:string" minOccurs="0" />
                <xs:element name="PRGP" type="xs:string" minOccurs="0" />
                <xs:element name="ROSN" type="xs:string" minOccurs="0" />
                <xs:element name="SLOV" type="xs:string" minOccurs="0" />
                <xs:element name="SVIZ" type="xs:string" minOccurs="0" />
                <xs:element name="BSP" type="xs:string" minOccurs="0" />
                <xs:element name="MALT" type="xs:string" minOccurs="0" />
                <xs:element name="XAUS" type="xs:string" minOccurs="0" />
                <xs:element name="XFRA" type="xs:string" minOccurs="0" />
              </xs:sequence>
            </xs:complexType>
          </xs:element>
        </xs:choice>
      </xs:complexType>
    </xs:element>
  </xs:schema>
  <Prezzi>
    <Data>20160521</Data>
    <Mercato>MGP</Mercato>
    <Ora>1</Ora>
    <PUN>30,028150</PUN>
    <NAT>27,740000</NAT>
    <CNOR>33,420000</CNOR>
    <CSUD>33,420000</CSUD>
    <NORD>25,450000</NORD>
    <SARD>33,420000</SARD>
    <SICI>40,000000</SICI>
    <SUD>33,420000</SUD>
    <AUST>25,450000</AUST>
    <BRNN>33,420000</BRNN>
    <COAC>33,420000</COAC>
    <CORS>3000,000000</CORS>
    <FOGN>33,420000</FOGN>
    <FRAN>25,450000</FRAN>
    <GREC>33,420000</GREC>
    <MFTV>25,450000</MFTV>
    <PRGP>40,000000</PRGP>
    <ROSN>33,420000</ROSN>
    <SLOV>25,450000</SLOV>
    <SVIZ>25,450000</SVIZ>
    <BSP>25,450000</BSP>
    <MALT>40,000000</MALT>
    <XAUS>25,450000</XAUS>
    <XFRA>25,450000</XFRA>
  </Prezzi>
  <Prezzi>
    <Data>20160521</Data>
    <Mercato>MGP</Mercato>
    <Ora>2</Ora>
    <PUN>26,340000</PUN>
    <NAT>26,270000</NAT>
    <CNOR>27,537390</CNOR>
    <CSUD>27,537390</CSUD>
    <NORD>23,490710</NORD>
    <SARD>27,537390</SARD>
    <SICI>39,990000</SICI>
    <SUD>27,537390</SUD>
    <AUST>23,490710</AUST>
    <BRNN>27,537390</BRNN>
    <COAC>27,537390</COAC>
    <CORS>3000,000000</CORS>
    <FOGN>27,537390</FOGN>
    <FRAN>23,490710</FRAN>
    <GREC>27,537390</GREC>
    <MFTV>23,490710</MFTV>
    <PRGP>39,990000</PRGP>
    <ROSN>27,537390</ROSN>
    <SLOV>23,490710</SLOV>
    <SVIZ>23,490710</SVIZ>
    <BSP>23,490710</BSP>
    <MALT>39,990000</MALT>
    <XAUS>23,490710</XAUS>
    <XFRA>23,490710</XFRA>
  </Prezzi>
  <Prezzi>
    <Data>20160521</Data>
    <Mercato>MGP</Mercato>
    <Ora>3</Ora>
    <PUN>24,484650</PUN>
    <NAT>26,250000</NAT>
    <CNOR>26,260000</CNOR>
    <CSUD>26,260000</CSUD>
    <NORD>22,600000</NORD>
    <SARD>26,260000</SARD>
    <SICI>26,260000</SICI>
    <SUD>26,260000</SUD>
    <AUST>22,600000</AUST>
    <BRNN>26,260000</BRNN>
    <COAC>26,260000</COAC>
    <CORS>3000,000000</CORS>
    <FOGN>26,260000</FOGN>
    <FRAN>22,600000</FRAN>
    <GREC>26,260000</GREC>
    <MFTV>22,600000</MFTV>
    <PRGP>26,260000</PRGP>
    <ROSN>26,260000</ROSN>
    <SLOV>22,600000</SLOV>
    <SVIZ>22,600000</SVIZ>
    <BSP>22,600000</BSP>
    <MALT>26,260000</MALT>
    <XAUS>22,600000</XAUS>
    <XFRA>22,600000</XFRA>
  </Prezzi>
  <Prezzi>
    <Data>20160521</Data>
    <Mercato>MGP</Mercato>
    <Ora>4</Ora>
    <PUN>23,846640</PUN>
    <NAT>25,300000</NAT>
    <CNOR>26,260000</CNOR>
    <CSUD>26,260000</CSUD>
    <NORD>21,260000</NORD>
    <SARD>26,260000</SARD>
    <SICI>26,260000</SICI>
    <SUD>26,260000</SUD>
    <AUST>21,260000</AUST>
    <BRNN>26,260000</BRNN>
    <COAC>26,260000</COAC>
    <CORS>3000,000000</CORS>
    <FOGN>26,260000</FOGN>
    <FRAN>21,260000</FRAN>
    <GREC>26,260000</GREC>
    <MFTV>21,260000</MFTV>
    <PRGP>26,260000</PRGP>
    <ROSN>26,260000</ROSN>
    <SLOV>21,260000</SLOV>
    <SVIZ>21,260000</SVIZ>
    <BSP>21,260000</BSP>
    <MALT>26,260000</MALT>
    <XAUS>21,260000</XAUS>
    <XFRA>21,260000</XFRA>
  </Prezzi>
  <Prezzi>
    <Data>20160521</Data>
    <Mercato>MGP</Mercato>
    <Ora>5</Ora>
    <PUN>23,268940</PUN>
    <NAT>25,000000</NAT>
    <CNOR>26,260000</CNOR>
    <CSUD>26,260000</CSUD>
    <NORD>20,000000</NORD>
    <SARD>26,260000</SARD>
    <SICI>26,260000</SICI>
    <SUD>26,260000</SUD>
    <AUST>20,000000</AUST>
    <BRNN>26,260000</BRNN>
    <COAC>26,260000</COAC>
    <CORS>3000,000000</CORS>
    <FOGN>26,260000</FOGN>
    <FRAN>20,000000</FRAN>
    <GREC>26,260000</GREC>
    <MFTV>20,000000</MFTV>
    <PRGP>26,260000</PRGP>
    <ROSN>26,260000</ROSN>
    <SLOV>20,000000</SLOV>
    <SVIZ>20,000000</SVIZ>
    <BSP>20,000000</BSP>
    <MALT>26,260000</MALT>
    <XAUS>20,000000</XAUS>
    <XFRA>20,000000</XFRA>
  </Prezzi>
  <Prezzi>
    <Data>20160521</Data>
    <Mercato>MGP</Mercato>
    <Ora>6</Ora>
    <PUN>22,300510</PUN>
    <NAT>22,920000</NAT>
    <CNOR>25,000000</CNOR>
    <CSUD>25,000000</CSUD>
    <NORD>19,384340</NORD>
    <SARD>25,000000</SARD>
    <SICI>25,000000</SICI>
    <SUD>25,000000</SUD>
    <AUST>19,384340</AUST>
    <BRNN>25,000000</BRNN>
    <COAC>25,000000</COAC>
    <CORS>3000,000000</CORS>
    <FOGN>25,000000</FOGN>
    <FRAN>19,384340</FRAN>
    <GREC>25,000000</GREC>
    <MFTV>19,384340</MFTV>
    <PRGP>25,000000</PRGP>
    <ROSN>25,000000</ROSN>
    <SLOV>19,384340</SLOV>
    <SVIZ>19,384340</SVIZ>
    <BSP>19,384340</BSP>
    <MALT>25,000000</MALT>
    <XAUS>19,384340</XAUS>
    <XFRA>19,384340</XFRA>
  </Prezzi>
  <Prezzi>
    <Data>20160521</Data>
    <Mercato>MGP</Mercato>
    <Ora>7</Ora>
    <PUN>21,630750</PUN>
    <NAT>21,420000</NAT>
    <CNOR>23,150000</CNOR>
    <CSUD>23,150000</CSUD>
    <NORD>20,031570</NORD>
    <SARD>23,150000</SARD>
    <SICI>24,140000</SICI>
    <SUD>23,150000</SUD>
    <AUST>20,031570</AUST>
    <BRNN>23,150000</BRNN>
    <COAC>23,150000</COAC>
    <CORS>3000,000000</CORS>
    <FOGN>23,150000</FOGN>
    <FRAN>20,031570</FRAN>
    <GREC>23,150000</GREC>
    <MFTV>20,031570</MFTV>
    <PRGP>24,140000</PRGP>
    <ROSN>23,150000</ROSN>
    <SLOV>20,031570</SLOV>
    <SVIZ>20,031570</SVIZ>
    <BSP>20,031570</BSP>
    <MALT>24,140000</MALT>
    <XAUS>20,031570</XAUS>
    <XFRA>20,031570</XFRA>
  </Prezzi>
  <Prezzi>
    <Data>20160521</Data>
    <Mercato>MGP</Mercato>
    <Ora>8</Ora>
    <PUN>25,210080</PUN>
    <NAT>25,000000</NAT>
    <CNOR>26,250000</CNOR>
    <CSUD>26,250000</CSUD>
    <NORD>22,570000</NORD>
    <SARD>26,250000</SARD>
    <SICI>40,000000</SICI>
    <SUD>26,250000</SUD>
    <AUST>22,570000</AUST>
    <BRNN>26,250000</BRNN>
    <COAC>26,250000</COAC>
    <CORS>3000,000000</CORS>
    <FOGN>26,250000</FOGN>
    <FRAN>22,570000</FRAN>
    <GREC>26,250000</GREC>
    <MFTV>22,570000</MFTV>
    <PRGP>40,000000</PRGP>
    <ROSN>26,250000</ROSN>
    <SLOV>22,570000</SLOV>
    <SVIZ>22,570000</SVIZ>
    <BSP>22,570000</BSP>
    <MALT>40,000000</MALT>
    <XAUS>22,570000</XAUS>
    <XFRA>22,570000</XFRA>
  </Prezzi>
  <Prezzi>
    <Data>20160521</Data>
    <Mercato>MGP</Mercato>
    <Ora>9</Ora>
    <PUN>27,106000</PUN>
    <NAT>26,250000</NAT>
    <CNOR>26,250000</CNOR>
    <CSUD>26,250000</CSUD>
    <NORD>26,250000</NORD>
    <SARD>26,250000</SARD>
    <SICI>40,000000</SICI>
    <SUD>26,250000</SUD>
    <AUST>26,250000</AUST>
    <BRNN>26,250000</BRNN>
    <COAC>26,250000</COAC>
    <CORS>3000,000000</CORS>
    <FOGN>26,250000</FOGN>
    <FRAN>26,250000</FRAN>
    <GREC>26,250000</GREC>
    <MFTV>26,250000</MFTV>
    <PRGP>40,000000</PRGP>
    <ROSN>26,250000</ROSN>
    <SLOV>26,250000</SLOV>
    <SVIZ>26,250000</SVIZ>
    <BSP>26,250000</BSP>
    <MALT>40,000000</MALT>
    <XAUS>26,250000</XAUS>
    <XFRA>26,250000</XFRA>
  </Prezzi>
  <Prezzi>
    <Data>20160521</Data>
    <Mercato>MGP</Mercato>
    <Ora>10</Ora>
    <PUN>27,132240</PUN>
    <NAT>26,260000</NAT>
    <CNOR>26,260000</CNOR>
    <CSUD>26,260000</CSUD>
    <NORD>26,260000</NORD>
    <SARD>26,260000</SARD>
    <SICI>39,800000</SICI>
    <SUD>26,260000</SUD>
    <AUST>26,260000</AUST>
    <BRNN>26,260000</BRNN>
    <COAC>26,260000</COAC>
    <CORS>3000,000000</CORS>
    <FOGN>26,260000</FOGN>
    <FRAN>26,260000</FRAN>
    <GREC>26,260000</GREC>
    <MFTV>26,260000</MFTV>
    <PRGP>39,800000</PRGP>
    <ROSN>26,260000</ROSN>
    <SLOV>26,260000</SLOV>
    <SVIZ>26,260000</SVIZ>
    <BSP>26,260000</BSP>
    <MALT>39,800000</MALT>
    <XAUS>26,260000</XAUS>
    <XFRA>26,260000</XFRA>
  </Prezzi>
  <Prezzi>
    <Data>20160521</Data>
    <Mercato>MGP</Mercato>
    <Ora>11</Ora>
    <PUN>26,129150</PUN>
    <NAT>26,250000</NAT>
    <CNOR>26,260000</CNOR>
    <CSUD>26,260000</CSUD>
    <NORD>26,260000</NORD>
    <SARD>26,260000</SARD>
    <SICI>24,140000</SICI>
    <SUD>26,260000</SUD>
    <AUST>26,260000</AUST>
    <BRNN>26,260000</BRNN>
    <COAC>26,260000</COAC>
    <CORS>3000,000000</CORS>
    <FOGN>26,260000</FOGN>
    <FRAN>26,260000</FRAN>
    <GREC>26,260000</GREC>
    <MFTV>26,260000</MFTV>
    <PRGP>24,140000</PRGP>
    <ROSN>24,140000</ROSN>
    <SLOV>26,260000</SLOV>
    <SVIZ>26,260000</SVIZ>
    <BSP>26,260000</BSP>
    <MALT>24,140000</MALT>
    <XAUS>26,260000</XAUS>
    <XFRA>26,260000</XFRA>
  </Prezzi>
  <Prezzi>
    <Data>20160521</Data>
    <Mercato>MGP</Mercato>
    <Ora>12</Ora>
    <PUN>20,009380</PUN>
    <NAT>20,000000</NAT>
    <CNOR>20,010000</CNOR>
    <CSUD>20,010000</CSUD>
    <NORD>20,010000</NORD>
    <SARD>20,010000</SARD>
    <SICI>20,000000</SICI>
    <SUD>20,010000</SUD>
    <AUST>20,010000</AUST>
    <BRNN>20,010000</BRNN>
    <COAC>20,010000</COAC>
    <CORS>3000,000000</CORS>
    <FOGN>20,010000</FOGN>
    <FRAN>20,010000</FRAN>
    <GREC>20,010000</GREC>
    <MFTV>20,010000</MFTV>
    <PRGP>20,000000</PRGP>
    <ROSN>20,000000</ROSN>
    <SLOV>20,010000</SLOV>
    <SVIZ>20,010000</SVIZ>
    <BSP>20,010000</BSP>
    <MALT>20,000000</MALT>
    <XAUS>20,010000</XAUS>
    <XFRA>20,010000</XFRA>
  </Prezzi>
  <Prezzi>
    <Data>20160521</Data>
    <Mercato>MGP</Mercato>
    <Ora>13</Ora>
    <PUN>19,958500</PUN>
    <NAT>20,000000</NAT>
    <CNOR>20,000000</CNOR>
    <CSUD>20,000000</CSUD>
    <NORD>20,000000</NORD>
    <SARD>20,000000</SARD>
    <SICI>19,330000</SICI>
    <SUD>20,000000</SUD>
    <AUST>20,000000</AUST>
    <BRNN>20,000000</BRNN>
    <COAC>20,000000</COAC>
    <CORS>3000,000000</CORS>
    <FOGN>20,000000</FOGN>
    <FRAN>20,000000</FRAN>
    <GREC>20,000000</GREC>
    <MFTV>20,000000</MFTV>
    <PRGP>19,330000</PRGP>
    <ROSN>19,330000</ROSN>
    <SLOV>20,000000</SLOV>
    <SVIZ>20,000000</SVIZ>
    <BSP>20,000000</BSP>
    <MALT>19,330000</MALT>
    <XAUS>20,000000</XAUS>
    <XFRA>20,000000</XFRA>
  </Prezzi>
  <Prezzi>
    <Data>20160521</Data>
    <Mercato>MGP</Mercato>
    <Ora>14</Ora>
    <PUN>16,697690</PUN>
    <NAT>16,500000</NAT>
    <CNOR>16,810000</CNOR>
    <CSUD>16,810000</CSUD>
    <NORD>16,810000</NORD>
    <SARD>16,810000</SARD>
    <SICI>15,000000</SICI>
    <SUD>16,810000</SUD>
    <AUST>16,810000</AUST>
    <BRNN>16,810000</BRNN>
    <COAC>16,810000</COAC>
    <CORS>3000,000000</CORS>
    <FOGN>16,810000</FOGN>
    <FRAN>16,810000</FRAN>
    <GREC>16,810000</GREC>
    <MFTV>16,810000</MFTV>
    <PRGP>15,000000</PRGP>
    <ROSN>15,000000</ROSN>
    <SLOV>16,810000</SLOV>
    <SVIZ>16,810000</SVIZ>
    <BSP>16,810000</BSP>
    <MALT>15,000000</MALT>
    <XAUS>16,810000</XAUS>
    <XFRA>16,810000</XFRA>
  </Prezzi>
  <Prezzi>
    <Data>20160521</Data>
    <Mercato>MGP</Mercato>
    <Ora>15</Ora>
    <PUN>14,977640</PUN>
    <NAT>15,000000</NAT>
    <CNOR>15,300000</CNOR>
    <CSUD>15,300000</CSUD>
    <NORD>15,300000</NORD>
    <SARD>15,300000</SARD>
    <SICI>10,000000</SICI>
    <SUD>15,300000</SUD>
    <AUST>15,300000</AUST>
    <BRNN>15,300000</BRNN>
    <COAC>15,300000</COAC>
    <CORS>3000,000000</CORS>
    <FOGN>15,300000</FOGN>
    <FRAN>15,300000</FRAN>
    <GREC>15,300000</GREC>
    <MFTV>15,300000</MFTV>
    <PRGP>10,000000</PRGP>
    <ROSN>10,000000</ROSN>
    <SLOV>15,300000</SLOV>
    <SVIZ>15,300000</SVIZ>
    <BSP>15,300000</BSP>
    <MALT>10,000000</MALT>
    <XAUS>15,300000</XAUS>
    <XFRA>15,300000</XFRA>
  </Prezzi>
  <Prezzi>
    <Data>20160521</Data>
    <Mercato>MGP</Mercato>
    <Ora>16</Ora>
    <PUN>19,880000</PUN>
    <NAT>19,880000</NAT>
    <CNOR>19,880000</CNOR>
    <CSUD>19,880000</CSUD>
    <NORD>19,880000</NORD>
    <SARD>19,880000</SARD>
    <SICI>19,880000</SICI>
    <SUD>19,880000</SUD>
    <AUST>19,880000</AUST>
    <BRNN>19,880000</BRNN>
    <COAC>19,880000</COAC>
    <CORS>3000,000000</CORS>
    <FOGN>19,880000</FOGN>
    <FRAN>19,880000</FRAN>
    <GREC>19,880000</GREC>
    <MFTV>19,880000</MFTV>
    <PRGP>19,880000</PRGP>
    <ROSN>19,880000</ROSN>
    <SLOV>19,880000</SLOV>
    <SVIZ>19,880000</SVIZ>
    <BSP>19,880000</BSP>
    <MALT>19,880000</MALT>
    <XAUS>19,880000</XAUS>
    <XFRA>19,880000</XFRA>
  </Prezzi>
  <Prezzi>
    <Data>20160521</Data>
    <Mercato>MGP</Mercato>
    <Ora>17</Ora>
    <PUN>22,289340</PUN>
    <NAT>22,520000</NAT>
    <CNOR>22,170000</CNOR>
    <CSUD>22,170000</CSUD>
    <NORD>22,170000</NORD>
    <SARD>22,170000</SARD>
    <SICI>24,140000</SICI>
    <SUD>22,170000</SUD>
    <AUST>22,170000</AUST>
    <BRNN>22,170000</BRNN>
    <COAC>22,170000</COAC>
    <CORS>3000,000000</CORS>
    <FOGN>22,170000</FOGN>
    <FRAN>22,170000</FRAN>
    <GREC>22,170000</GREC>
    <MFTV>22,170000</MFTV>
    <PRGP>24,140000</PRGP>
    <ROSN>22,170000</ROSN>
    <SLOV>22,170000</SLOV>
    <SVIZ>22,170000</SVIZ>
    <BSP>22,170000</BSP>
    <MALT>24,140000</MALT>
    <XAUS>22,170000</XAUS>
    <XFRA>22,170000</XFRA>
  </Prezzi>
  <Prezzi>
    <Data>20160521</Data>
    <Mercato>MGP</Mercato>
    <Ora>18</Ora>
    <PUN>24,070460</PUN>
    <NAT>23,160000</NAT>
    <CNOR>22,990000</CNOR>
    <CSUD>22,990000</CSUD>
    <NORD>22,990000</NORD>
    <SARD>22,990000</SARD>
    <SICI>40,000000</SICI>
    <SUD>22,990000</SUD>
    <AUST>22,990000</AUST>
    <BRNN>22,990000</BRNN>
    <COAC>22,990000</COAC>
    <CORS>3000,000000</CORS>
    <FOGN>22,990000</FOGN>
    <FRAN>22,990000</FRAN>
    <GREC>22,990000</GREC>
    <MFTV>22,990000</MFTV>
    <PRGP>40,000000</PRGP>
    <ROSN>22,990000</ROSN>
    <SLOV>22,990000</SLOV>
    <SVIZ>22,990000</SVIZ>
    <BSP>22,990000</BSP>
    <MALT>40,000000</MALT>
    <XAUS>22,990000</XAUS>
    <XFRA>22,990000</XFRA>
  </Prezzi>
  <Prezzi>
    <Data>20160521</Data>
    <Mercato>MGP</Mercato>
    <Ora>19</Ora>
    <PUN>28,747690</PUN>
    <NAT>30,000000</NAT>
    <CNOR>27,890000</CNOR>
    <CSUD>27,890000</CSUD>
    <NORD>27,890000</NORD>
    <SARD>27,890000</SARD>
    <SICI>41,890000</SICI>
    <SUD>27,890000</SUD>
    <AUST>27,890000</AUST>
    <BRNN>27,890000</BRNN>
    <COAC>27,890000</COAC>
    <CORS>3000,000000</CORS>
    <FOGN>27,890000</FOGN>
    <FRAN>27,890000</FRAN>
    <GREC>27,890000</GREC>
    <MFTV>27,890000</MFTV>
    <PRGP>41,890000</PRGP>
    <ROSN>27,890000</ROSN>
    <SLOV>27,890000</SLOV>
    <SVIZ>27,890000</SVIZ>
    <BSP>27,890000</BSP>
    <MALT>41,890000</MALT>
    <XAUS>27,890000</XAUS>
    <XFRA>27,890000</XFRA>
  </Prezzi>
  <Prezzi>
    <Data>20160521</Data>
    <Mercato>MGP</Mercato>
    <Ora>20</Ora>
    <PUN>34,847820</PUN>
    <NAT>35,150000</NAT>
    <CNOR>41,990000</CNOR>
    <CSUD>41,990000</CSUD>
    <NORD>26,276610</NORD>
    <SARD>41,990000</SARD>
    <SICI>41,990000</SICI>
    <SUD>41,990000</SUD>
    <AUST>26,276610</AUST>
    <BRNN>41,990000</BRNN>
    <COAC>41,990000</COAC>
    <CORS>3000,000000</CORS>
    <FOGN>41,990000</FOGN>
    <FRAN>26,276610</FRAN>
    <GREC>41,990000</GREC>
    <MFTV>26,276610</MFTV>
    <PRGP>41,990000</PRGP>
    <ROSN>41,990000</ROSN>
    <SLOV>26,276610</SLOV>
    <SVIZ>26,276610</SVIZ>
    <BSP>26,276610</BSP>
    <MALT>41,990000</MALT>
    <XAUS>26,276610</XAUS>
    <XFRA>26,276610</XFRA>
  </Prezzi>
  <Prezzi>
    <Data>20160521</Data>
    <Mercato>MGP</Mercato>
    <Ora>21</Ora>
    <PUN>35,680840</PUN>
    <NAT>37,900000</NAT>
    <CNOR>44,010000</CNOR>
    <CSUD>44,010000</CSUD>
    <NORD>25,660000</NORD>
    <SARD>44,010000</SARD>
    <SICI>42,490000</SICI>
    <SUD>44,010000</SUD>
    <AUST>25,660000</AUST>
    <BRNN>44,010000</BRNN>
    <COAC>44,010000</COAC>
    <CORS>3000,000000</CORS>
    <FOGN>44,010000</FOGN>
    <FRAN>25,660000</FRAN>
    <GREC>44,010000</GREC>
    <MFTV>25,660000</MFTV>
    <PRGP>42,490000</PRGP>
    <ROSN>44,010000</ROSN>
    <SLOV>25,660000</SLOV>
    <SVIZ>25,660000</SVIZ>
    <BSP>25,660000</BSP>
    <MALT>42,490000</MALT>
    <XAUS>25,660000</XAUS>
    <XFRA>25,660000</XFRA>
  </Prezzi>
  <Prezzi>
    <Data>20160521</Data>
    <Mercato>MGP</Mercato>
    <Ora>22</Ora>
    <PUN>35,444650</PUN>
    <NAT>36,220000</NAT>
    <CNOR>42,490000</CNOR>
    <CSUD>42,490000</CSUD>
    <NORD>27,000000</NORD>
    <SARD>42,490000</SARD>
    <SICI>42,490000</SICI>
    <SUD>42,490000</SUD>
    <AUST>27,000000</AUST>
    <BRNN>42,490000</BRNN>
    <COAC>42,490000</COAC>
    <CORS>3000,000000</CORS>
    <FOGN>42,490000</FOGN>
    <FRAN>27,000000</FRAN>
    <GREC>42,490000</GREC>
    <MFTV>27,000000</MFTV>
    <PRGP>42,490000</PRGP>
    <ROSN>42,490000</ROSN>
    <SLOV>27,000000</SLOV>
    <SVIZ>27,000000</SVIZ>
    <BSP>27,000000</BSP>
    <MALT>42,490000</MALT>
    <XAUS>27,000000</XAUS>
    <XFRA>27,000000</XFRA>
  </Prezzi>
  <Prezzi>
    <Data>20160521</Data>
    <Mercato>MGP</Mercato>
    <Ora>23</Ora>
    <PUN>33,133370</PUN>
    <NAT>34,150000</NAT>
    <CNOR>37,620000</CNOR>
    <CSUD>37,620000</CSUD>
    <NORD>27,000000</NORD>
    <SARD>37,620000</SARD>
    <SICI>42,490000</SICI>
    <SUD>37,620000</SUD>
    <AUST>27,000000</AUST>
    <BRNN>37,620000</BRNN>
    <COAC>37,620000</COAC>
    <CORS>3000,000000</CORS>
    <FOGN>37,620000</FOGN>
    <FRAN>27,000000</FRAN>
    <GREC>37,620000</GREC>
    <MFTV>27,000000</MFTV>
    <PRGP>42,490000</PRGP>
    <ROSN>37,620000</ROSN>
    <SLOV>27,000000</SLOV>
    <SVIZ>27,000000</SVIZ>
    <BSP>27,000000</BSP>
    <MALT>42,490000</MALT>
    <XAUS>27,000000</XAUS>
    <XFRA>27,000000</XFRA>
  </Prezzi>
  <Prezzi>
    <Data>20160521</Data>
    <Mercato>MGP</Mercato>
    <Ora>24</Ora>
    <PUN>31,000430</PUN>
    <NAT>31,130000</NAT>
    <CNOR>36,310000</CNOR>
    <CSUD>36,310000</CSUD>
    <NORD>23,422620</NORD>
    <SARD>36,310000</SARD>
    <SICI>41,890000</SICI>
    <SUD>36,310000</SUD>
    <AUST>23,422620</AUST>
    <BRNN>36,310000</BRNN>
    <COAC>36,310000</COAC>
    <CORS>3000,000000</CORS>
    <FOGN>36,310000</FOGN>
    <FRAN>23,422620</FRAN>
    <GREC>36,310000</GREC>
    <MFTV>23,422620</MFTV>
    <PRGP>41,890000</PRGP>
    <ROSN>36,310000</ROSN>
    <SLOV>23,422620</SLOV>
    <SVIZ>23,422620</SVIZ>
    <BSP>23,422620</BSP>
    <MALT>41,890000</MALT>
    <XAUS>23,422620</XAUS>
    <XFRA>23,422620</XFRA>
  </Prezzi>
</NewDataSet>