<?xml version="1.0" standalone="yes"?>
<NewDataSet>
  <xs:schema id="NewDataSet" xmlns="" xmlns:xs="http://www.w3.org/2001/XMLSchema" xmlns:msdata="urn:schemas-microsoft-com:xml-msdata">
    <xs:element name="NewDataSet" msdata:IsDataSet="true" msdata:UseCurrentLocale="true">
      <xs:complexType>
        <xs:choice minOccurs="0" maxOccurs="unbounded">
          <xs:element name="Prezzi">
            <xs:complexType>
              <xs:sequence>
                <xs:element name="Data" type="xs:string" minOccurs="0" />
                <xs:element name="Mercato" type="xs:string" minOccurs="0" />
                <xs:element name="Ora" type="xs:string" minOccurs="0" />
                <xs:element name="PUN" type="xs:string" minOccurs="0" />
                <xs:element name="NAT" type="xs:string" minOccurs="0" />
                <xs:element name="CNOR" type="xs:string" minOccurs="0" />
                <xs:element name="CSUD" type="xs:string" minOccurs="0" />
                <xs:element name="NORD" type="xs:string" minOccurs="0" />
                <xs:element name="SARD" type="xs:string" minOccurs="0" />
                <xs:element name="SICI" type="xs:string" minOccurs="0" />
                <xs:element name="SUD" type="xs:string" minOccurs="0" />
                <xs:element name="AUST" type="xs:string" minOccurs="0" />
                <xs:element name="BRNN" type="xs:string" minOccurs="0" />
                <xs:element name="COAC" type="xs:string" minOccurs="0" />
                <xs:element name="CORS" type="xs:string" minOccurs="0" />
                <xs:element name="FOGN" type="xs:string" minOccurs="0" />
                <xs:element name="FRAN" type="xs:string" minOccurs="0" />
                <xs:element name="GREC" type="xs:string" minOccurs="0" />
                <xs:element name="MFTV" type="xs:string" minOccurs="0" />
                <xs:element name="PRGP" type="xs:string" minOccurs="0" />
                <xs:element name="ROSN" type="xs:string" minOccurs="0" />
                <xs:element name="SLOV" type="xs:string" minOccurs="0" />
                <xs:element name="SVIZ" type="xs:string" minOccurs="0" />
                <xs:element name="BSP" type="xs:string" minOccurs="0" />
                <xs:element name="MALT" type="xs:string" minOccurs="0" />
                <xs:element name="XAUS" type="xs:string" minOccurs="0" />
                <xs:element name="XFRA" type="xs:string" minOccurs="0" />
              </xs:sequence>
            </xs:complexType>
          </xs:element>
        </xs:choice>
      </xs:complexType>
    </xs:element>
  </xs:schema>
  <Prezzi>
    <Data>20160520</Data>
    <Mercato>MGP</Mercato>
    <Ora>1</Ora>
    <PUN>34,772920</PUN>
    <NAT>36,500000</NAT>
    <CNOR>34,340000</CNOR>
    <CSUD>34,340000</CSUD>
    <NORD>34,340000</NORD>
    <SARD>34,340000</SARD>
    <SICI>41,890000</SICI>
    <SUD>34,340000</SUD>
    <AUST>34,340000</AUST>
    <BRNN>34,340000</BRNN>
    <COAC>34,340000</COAC>
    <CORS>3000,000000</CORS>
    <FOGN>34,340000</FOGN>
    <FRAN>34,340000</FRAN>
    <GREC>34,340000</GREC>
    <MFTV>34,340000</MFTV>
    <PRGP>41,890000</PRGP>
    <ROSN>34,340000</ROSN>
    <SLOV>34,340000</SLOV>
    <SVIZ>34,340000</SVIZ>
    <BSP>34,340000</BSP>
    <MALT>41,890000</MALT>
    <XAUS>34,340000</XAUS>
    <XFRA>34,340000</XFRA>
  </Prezzi>
  <Prezzi>
    <Data>20160520</Data>
    <Mercato>MGP</Mercato>
    <Ora>2</Ora>
    <PUN>33,755430</PUN>
    <NAT>33,600000</NAT>
    <CNOR>33,380000</CNOR>
    <CSUD>33,380000</CSUD>
    <NORD>33,200000</NORD>
    <SARD>33,380000</SARD>
    <SICI>41,890000</SICI>
    <SUD>33,380000</SUD>
    <AUST>33,200000</AUST>
    <BRNN>33,380000</BRNN>
    <COAC>33,380000</COAC>
    <CORS>3000,000000</CORS>
    <FOGN>33,380000</FOGN>
    <FRAN>33,200000</FRAN>
    <GREC>33,380000</GREC>
    <MFTV>33,200000</MFTV>
    <PRGP>41,890000</PRGP>
    <ROSN>33,380000</ROSN>
    <SLOV>33,200000</SLOV>
    <SVIZ>33,200000</SVIZ>
    <BSP>33,200000</BSP>
    <MALT>41,890000</MALT>
    <XAUS>33,200000</XAUS>
    <XFRA>33,200000</XFRA>
  </Prezzi>
  <Prezzi>
    <Data>20160520</Data>
    <Mercato>MGP</Mercato>
    <Ora>3</Ora>
    <PUN>32,386840</PUN>
    <NAT>32,590000</NAT>
    <CNOR>31,860000</CNOR>
    <CSUD>31,860000</CSUD>
    <NORD>31,860000</NORD>
    <SARD>31,860000</SARD>
    <SICI>41,890000</SICI>
    <SUD>31,860000</SUD>
    <AUST>31,860000</AUST>
    <BRNN>31,860000</BRNN>
    <COAC>31,860000</COAC>
    <CORS>3000,000000</CORS>
    <FOGN>31,860000</FOGN>
    <FRAN>31,860000</FRAN>
    <GREC>31,860000</GREC>
    <MFTV>31,860000</MFTV>
    <PRGP>41,890000</PRGP>
    <ROSN>31,860000</ROSN>
    <SLOV>31,860000</SLOV>
    <SVIZ>31,860000</SVIZ>
    <BSP>31,860000</BSP>
    <MALT>41,890000</MALT>
    <XAUS>31,860000</XAUS>
    <XFRA>31,860000</XFRA>
  </Prezzi>
  <Prezzi>
    <Data>20160520</Data>
    <Mercato>MGP</Mercato>
    <Ora>4</Ora>
    <PUN>32,221880</PUN>
    <NAT>31,860000</NAT>
    <CNOR>31,790000</CNOR>
    <CSUD>31,790000</CSUD>
    <NORD>31,790000</NORD>
    <SARD>31,790000</SARD>
    <SICI>40,000000</SICI>
    <SUD>31,790000</SUD>
    <AUST>31,790000</AUST>
    <BRNN>31,790000</BRNN>
    <COAC>31,790000</COAC>
    <CORS>3000,000000</CORS>
    <FOGN>31,790000</FOGN>
    <FRAN>31,790000</FRAN>
    <GREC>31,790000</GREC>
    <MFTV>31,790000</MFTV>
    <PRGP>40,000000</PRGP>
    <ROSN>31,790000</ROSN>
    <SLOV>31,790000</SLOV>
    <SVIZ>31,790000</SVIZ>
    <BSP>31,790000</BSP>
    <MALT>40,000000</MALT>
    <XAUS>31,790000</XAUS>
    <XFRA>31,790000</XFRA>
  </Prezzi>
  <Prezzi>
    <Data>20160520</Data>
    <Mercato>MGP</Mercato>
    <Ora>5</Ora>
    <PUN>32,388690</PUN>
    <NAT>32,590000</NAT>
    <CNOR>31,970000</CNOR>
    <CSUD>31,970000</CSUD>
    <NORD>31,970000</NORD>
    <SARD>31,970000</SARD>
    <SICI>40,000000</SICI>
    <SUD>31,970000</SUD>
    <AUST>31,970000</AUST>
    <BRNN>31,970000</BRNN>
    <COAC>31,970000</COAC>
    <CORS>3000,000000</CORS>
    <FOGN>31,970000</FOGN>
    <FRAN>31,970000</FRAN>
    <GREC>31,970000</GREC>
    <MFTV>31,970000</MFTV>
    <PRGP>40,000000</PRGP>
    <ROSN>31,970000</ROSN>
    <SLOV>31,970000</SLOV>
    <SVIZ>31,970000</SVIZ>
    <BSP>31,970000</BSP>
    <MALT>40,000000</MALT>
    <XAUS>31,970000</XAUS>
    <XFRA>31,970000</XFRA>
  </Prezzi>
  <Prezzi>
    <Data>20160520</Data>
    <Mercato>MGP</Mercato>
    <Ora>6</Ora>
    <PUN>32,989310</PUN>
    <NAT>33,080000</NAT>
    <CNOR>32,590000</CNOR>
    <CSUD>32,590000</CSUD>
    <NORD>32,590000</NORD>
    <SARD>32,590000</SARD>
    <SICI>40,000000</SICI>
    <SUD>32,590000</SUD>
    <AUST>32,590000</AUST>
    <BRNN>32,590000</BRNN>
    <COAC>32,590000</COAC>
    <CORS>3000,000000</CORS>
    <FOGN>32,590000</FOGN>
    <FRAN>32,590000</FRAN>
    <GREC>32,590000</GREC>
    <MFTV>32,590000</MFTV>
    <PRGP>40,000000</PRGP>
    <ROSN>32,590000</ROSN>
    <SLOV>32,590000</SLOV>
    <SVIZ>32,590000</SVIZ>
    <BSP>32,590000</BSP>
    <MALT>40,000000</MALT>
    <XAUS>32,590000</XAUS>
    <XFRA>32,590000</XFRA>
  </Prezzi>
  <Prezzi>
    <Data>20160520</Data>
    <Mercato>MGP</Mercato>
    <Ora>7</Ora>
    <PUN>33,733970</PUN>
    <NAT>33,650000</NAT>
    <CNOR>33,390000</CNOR>
    <CSUD>33,390000</CSUD>
    <NORD>33,390000</NORD>
    <SARD>33,390000</SARD>
    <SICI>40,000000</SICI>
    <SUD>33,390000</SUD>
    <AUST>33,390000</AUST>
    <BRNN>33,390000</BRNN>
    <COAC>33,390000</COAC>
    <CORS>3000,000000</CORS>
    <FOGN>33,390000</FOGN>
    <FRAN>33,390000</FRAN>
    <GREC>33,390000</GREC>
    <MFTV>33,390000</MFTV>
    <PRGP>40,000000</PRGP>
    <ROSN>33,390000</ROSN>
    <SLOV>33,390000</SLOV>
    <SVIZ>33,390000</SVIZ>
    <BSP>33,390000</BSP>
    <MALT>40,000000</MALT>
    <XAUS>33,390000</XAUS>
    <XFRA>33,390000</XFRA>
  </Prezzi>
  <Prezzi>
    <Data>20160520</Data>
    <Mercato>MGP</Mercato>
    <Ora>8</Ora>
    <PUN>40,106020</PUN>
    <NAT>40,940000</NAT>
    <CNOR>40,010000</CNOR>
    <CSUD>40,010000</CSUD>
    <NORD>40,010000</NORD>
    <SARD>40,010000</SARD>
    <SICI>41,890000</SICI>
    <SUD>40,010000</SUD>
    <AUST>40,010000</AUST>
    <BRNN>40,010000</BRNN>
    <COAC>40,010000</COAC>
    <CORS>3000,000000</CORS>
    <FOGN>40,010000</FOGN>
    <FRAN>40,010000</FRAN>
    <GREC>40,010000</GREC>
    <MFTV>40,010000</MFTV>
    <PRGP>41,890000</PRGP>
    <ROSN>40,010000</ROSN>
    <SLOV>40,010000</SLOV>
    <SVIZ>40,010000</SVIZ>
    <BSP>40,010000</BSP>
    <MALT>41,890000</MALT>
    <XAUS>40,010000</XAUS>
    <XFRA>40,010000</XFRA>
  </Prezzi>
  <Prezzi>
    <Data>20160520</Data>
    <Mercato>MGP</Mercato>
    <Ora>9</Ora>
    <PUN>42,212700</PUN>
    <NAT>41,890000</NAT>
    <CNOR>42,230000</CNOR>
    <CSUD>42,230000</CSUD>
    <NORD>42,230000</NORD>
    <SARD>42,230000</SARD>
    <SICI>41,890000</SICI>
    <SUD>42,230000</SUD>
    <AUST>42,230000</AUST>
    <BRNN>42,230000</BRNN>
    <COAC>42,230000</COAC>
    <CORS>3000,000000</CORS>
    <FOGN>42,230000</FOGN>
    <FRAN>42,230000</FRAN>
    <GREC>42,230000</GREC>
    <MFTV>42,230000</MFTV>
    <PRGP>41,890000</PRGP>
    <ROSN>41,890000</ROSN>
    <SLOV>42,230000</SLOV>
    <SVIZ>42,230000</SVIZ>
    <BSP>42,230000</BSP>
    <MALT>41,890000</MALT>
    <XAUS>42,230000</XAUS>
    <XFRA>42,230000</XFRA>
  </Prezzi>
  <Prezzi>
    <Data>20160520</Data>
    <Mercato>MGP</Mercato>
    <Ora>10</Ora>
    <PUN>40,000000</PUN>
    <NAT>40,000000</NAT>
    <CNOR>40,000000</CNOR>
    <CSUD>40,000000</CSUD>
    <NORD>40,000000</NORD>
    <SARD>40,000000</SARD>
    <SICI>40,000000</SICI>
    <SUD>40,000000</SUD>
    <AUST>40,000000</AUST>
    <BRNN>40,000000</BRNN>
    <COAC>40,000000</COAC>
    <CORS>3000,000000</CORS>
    <FOGN>40,000000</FOGN>
    <FRAN>40,000000</FRAN>
    <GREC>40,000000</GREC>
    <MFTV>40,000000</MFTV>
    <PRGP>40,000000</PRGP>
    <ROSN>40,000000</ROSN>
    <SLOV>40,000000</SLOV>
    <SVIZ>40,000000</SVIZ>
    <BSP>40,000000</BSP>
    <MALT>40,000000</MALT>
    <XAUS>40,000000</XAUS>
    <XFRA>40,000000</XFRA>
  </Prezzi>
  <Prezzi>
    <Data>20160520</Data>
    <Mercato>MGP</Mercato>
    <Ora>11</Ora>
    <PUN>37,670000</PUN>
    <NAT>37,670000</NAT>
    <CNOR>37,670000</CNOR>
    <CSUD>37,670000</CSUD>
    <NORD>37,670000</NORD>
    <SARD>37,670000</SARD>
    <SICI>37,670000</SICI>
    <SUD>37,670000</SUD>
    <AUST>37,670000</AUST>
    <BRNN>37,670000</BRNN>
    <COAC>37,670000</COAC>
    <CORS>3000,000000</CORS>
    <FOGN>37,670000</FOGN>
    <FRAN>37,670000</FRAN>
    <GREC>37,670000</GREC>
    <MFTV>37,670000</MFTV>
    <PRGP>37,670000</PRGP>
    <ROSN>37,670000</ROSN>
    <SLOV>37,670000</SLOV>
    <SVIZ>37,670000</SVIZ>
    <BSP>37,670000</BSP>
    <MALT>37,670000</MALT>
    <XAUS>37,670000</XAUS>
    <XFRA>37,670000</XFRA>
  </Prezzi>
  <Prezzi>
    <Data>20160520</Data>
    <Mercato>MGP</Mercato>
    <Ora>12</Ora>
    <PUN>33,650000</PUN>
    <NAT>33,650000</NAT>
    <CNOR>33,650000</CNOR>
    <CSUD>33,650000</CSUD>
    <NORD>33,650000</NORD>
    <SARD>33,650000</SARD>
    <SICI>33,650000</SICI>
    <SUD>33,650000</SUD>
    <AUST>33,650000</AUST>
    <BRNN>33,650000</BRNN>
    <COAC>33,650000</COAC>
    <CORS>3000,000000</CORS>
    <FOGN>33,650000</FOGN>
    <FRAN>33,650000</FRAN>
    <GREC>33,650000</GREC>
    <MFTV>33,650000</MFTV>
    <PRGP>33,650000</PRGP>
    <ROSN>33,650000</ROSN>
    <SLOV>33,650000</SLOV>
    <SVIZ>33,650000</SVIZ>
    <BSP>33,650000</BSP>
    <MALT>33,650000</MALT>
    <XAUS>33,650000</XAUS>
    <XFRA>33,650000</XFRA>
  </Prezzi>
  <Prezzi>
    <Data>20160520</Data>
    <Mercato>MGP</Mercato>
    <Ora>13</Ora>
    <PUN>31,200450</PUN>
    <NAT>31,580000</NAT>
    <CNOR>31,580000</CNOR>
    <CSUD>31,580000</CSUD>
    <NORD>31,580000</NORD>
    <SARD>31,580000</SARD>
    <SICI>23,760000</SICI>
    <SUD>31,580000</SUD>
    <AUST>31,580000</AUST>
    <BRNN>31,580000</BRNN>
    <COAC>31,580000</COAC>
    <CORS>3000,000000</CORS>
    <FOGN>31,580000</FOGN>
    <FRAN>31,580000</FRAN>
    <GREC>31,580000</GREC>
    <MFTV>31,580000</MFTV>
    <PRGP>23,760000</PRGP>
    <ROSN>23,760000</ROSN>
    <SLOV>31,580000</SLOV>
    <SVIZ>31,580000</SVIZ>
    <BSP>31,580000</BSP>
    <MALT>23,760000</MALT>
    <XAUS>31,580000</XAUS>
    <XFRA>31,580000</XFRA>
  </Prezzi>
  <Prezzi>
    <Data>20160520</Data>
    <Mercato>MGP</Mercato>
    <Ora>14</Ora>
    <PUN>29,701740</PUN>
    <NAT>29,990000</NAT>
    <CNOR>30,000000</CNOR>
    <CSUD>30,000000</CSUD>
    <NORD>30,000000</NORD>
    <SARD>30,000000</SARD>
    <SICI>23,760000</SICI>
    <SUD>30,000000</SUD>
    <AUST>30,000000</AUST>
    <BRNN>30,000000</BRNN>
    <COAC>30,000000</COAC>
    <CORS>3000,000000</CORS>
    <FOGN>30,000000</FOGN>
    <FRAN>30,000000</FRAN>
    <GREC>30,000000</GREC>
    <MFTV>30,000000</MFTV>
    <PRGP>23,760000</PRGP>
    <ROSN>23,760000</ROSN>
    <SLOV>30,000000</SLOV>
    <SVIZ>30,000000</SVIZ>
    <BSP>30,000000</BSP>
    <MALT>23,760000</MALT>
    <XAUS>30,000000</XAUS>
    <XFRA>30,000000</XFRA>
  </Prezzi>
  <Prezzi>
    <Data>20160520</Data>
    <Mercato>MGP</Mercato>
    <Ora>15</Ora>
    <PUN>32,010000</PUN>
    <NAT>32,000000</NAT>
    <CNOR>32,771300</CNOR>
    <CSUD>32,771300</CSUD>
    <NORD>32,771300</NORD>
    <SARD>32,771300</SARD>
    <SICI>16,000000</SICI>
    <SUD>32,771300</SUD>
    <AUST>32,771300</AUST>
    <BRNN>32,771300</BRNN>
    <COAC>32,771300</COAC>
    <CORS>3000,000000</CORS>
    <FOGN>32,771300</FOGN>
    <FRAN>32,771300</FRAN>
    <GREC>32,771300</GREC>
    <MFTV>32,771300</MFTV>
    <PRGP>16,000000</PRGP>
    <ROSN>16,000000</ROSN>
    <SLOV>32,771300</SLOV>
    <SVIZ>32,771300</SVIZ>
    <BSP>32,771300</BSP>
    <MALT>16,000000</MALT>
    <XAUS>32,771300</XAUS>
    <XFRA>32,771300</XFRA>
  </Prezzi>
  <Prezzi>
    <Data>20160520</Data>
    <Mercato>MGP</Mercato>
    <Ora>16</Ora>
    <PUN>32,542060</PUN>
    <NAT>32,330000</NAT>
    <CNOR>33,330000</CNOR>
    <CSUD>33,330000</CSUD>
    <NORD>33,330000</NORD>
    <SARD>33,330000</SARD>
    <SICI>16,000000</SICI>
    <SUD>33,330000</SUD>
    <AUST>33,330000</AUST>
    <BRNN>33,330000</BRNN>
    <COAC>33,330000</COAC>
    <CORS>3000,000000</CORS>
    <FOGN>33,330000</FOGN>
    <FRAN>33,330000</FRAN>
    <GREC>33,330000</GREC>
    <MFTV>33,330000</MFTV>
    <PRGP>16,000000</PRGP>
    <ROSN>16,000000</ROSN>
    <SLOV>33,330000</SLOV>
    <SVIZ>33,330000</SVIZ>
    <BSP>33,330000</BSP>
    <MALT>16,000000</MALT>
    <XAUS>33,330000</XAUS>
    <XFRA>33,330000</XFRA>
  </Prezzi>
  <Prezzi>
    <Data>20160520</Data>
    <Mercato>MGP</Mercato>
    <Ora>17</Ora>
    <PUN>33,412570</PUN>
    <NAT>33,660000</NAT>
    <CNOR>33,930000</CNOR>
    <CSUD>33,930000</CSUD>
    <NORD>33,930000</NORD>
    <SARD>33,930000</SARD>
    <SICI>23,160000</SICI>
    <SUD>33,930000</SUD>
    <AUST>33,930000</AUST>
    <BRNN>33,930000</BRNN>
    <COAC>33,930000</COAC>
    <CORS>3000,000000</CORS>
    <FOGN>33,930000</FOGN>
    <FRAN>33,930000</FRAN>
    <GREC>33,930000</GREC>
    <MFTV>33,930000</MFTV>
    <PRGP>23,160000</PRGP>
    <ROSN>23,160000</ROSN>
    <SLOV>33,930000</SLOV>
    <SVIZ>33,930000</SVIZ>
    <BSP>33,930000</BSP>
    <MALT>23,160000</MALT>
    <XAUS>33,930000</XAUS>
    <XFRA>33,930000</XFRA>
  </Prezzi>
  <Prezzi>
    <Data>20160520</Data>
    <Mercato>MGP</Mercato>
    <Ora>18</Ora>
    <PUN>33,465630</PUN>
    <NAT>33,540000</NAT>
    <CNOR>33,380000</CNOR>
    <CSUD>33,380000</CSUD>
    <NORD>33,380000</NORD>
    <SARD>33,380000</SARD>
    <SICI>35,000000</SICI>
    <SUD>33,380000</SUD>
    <AUST>33,380000</AUST>
    <BRNN>33,380000</BRNN>
    <COAC>33,380000</COAC>
    <CORS>3000,000000</CORS>
    <FOGN>33,380000</FOGN>
    <FRAN>33,380000</FRAN>
    <GREC>33,380000</GREC>
    <MFTV>33,380000</MFTV>
    <PRGP>35,000000</PRGP>
    <ROSN>33,380000</ROSN>
    <SLOV>33,380000</SLOV>
    <SVIZ>33,380000</SVIZ>
    <BSP>33,380000</BSP>
    <MALT>35,000000</MALT>
    <XAUS>33,380000</XAUS>
    <XFRA>33,380000</XFRA>
  </Prezzi>
  <Prezzi>
    <Data>20160520</Data>
    <Mercato>MGP</Mercato>
    <Ora>19</Ora>
    <PUN>36,238860</PUN>
    <NAT>36,860000</NAT>
    <CNOR>38,380000</CNOR>
    <CSUD>38,380000</CSUD>
    <NORD>33,780000</NORD>
    <SARD>38,380000</SARD>
    <SICI>41,890000</SICI>
    <SUD>38,380000</SUD>
    <AUST>33,780000</AUST>
    <BRNN>38,380000</BRNN>
    <COAC>38,380000</COAC>
    <CORS>3000,000000</CORS>
    <FOGN>38,380000</FOGN>
    <FRAN>33,780000</FRAN>
    <GREC>38,380000</GREC>
    <MFTV>33,780000</MFTV>
    <PRGP>41,890000</PRGP>
    <ROSN>38,380000</ROSN>
    <SLOV>33,780000</SLOV>
    <SVIZ>33,780000</SVIZ>
    <BSP>33,780000</BSP>
    <MALT>41,890000</MALT>
    <XAUS>33,780000</XAUS>
    <XFRA>33,780000</XFRA>
  </Prezzi>
  <Prezzi>
    <Data>20160520</Data>
    <Mercato>MGP</Mercato>
    <Ora>20</Ora>
    <PUN>37,546540</PUN>
    <NAT>38,000000</NAT>
    <CNOR>41,000000</CNOR>
    <CSUD>41,000000</CSUD>
    <NORD>33,940000</NORD>
    <SARD>41,000000</SARD>
    <SICI>41,890000</SICI>
    <SUD>41,000000</SUD>
    <AUST>33,940000</AUST>
    <BRNN>41,000000</BRNN>
    <COAC>41,000000</COAC>
    <CORS>3000,000000</CORS>
    <FOGN>41,000000</FOGN>
    <FRAN>33,940000</FRAN>
    <GREC>41,000000</GREC>
    <MFTV>33,940000</MFTV>
    <PRGP>41,890000</PRGP>
    <ROSN>41,000000</ROSN>
    <SLOV>33,940000</SLOV>
    <SVIZ>33,940000</SVIZ>
    <BSP>33,940000</BSP>
    <MALT>41,890000</MALT>
    <XAUS>33,940000</XAUS>
    <XFRA>33,940000</XFRA>
  </Prezzi>
  <Prezzi>
    <Data>20160520</Data>
    <Mercato>MGP</Mercato>
    <Ora>21</Ora>
    <PUN>40,518570</PUN>
    <NAT>40,010000</NAT>
    <CNOR>46,600000</CNOR>
    <CSUD>46,600000</CSUD>
    <NORD>34,400000</NORD>
    <SARD>46,600000</SARD>
    <SICI>42,490000</SICI>
    <SUD>46,600000</SUD>
    <AUST>34,400000</AUST>
    <BRNN>46,600000</BRNN>
    <COAC>46,600000</COAC>
    <CORS>3000,000000</CORS>
    <FOGN>46,600000</FOGN>
    <FRAN>34,400000</FRAN>
    <GREC>46,600000</GREC>
    <MFTV>34,400000</MFTV>
    <PRGP>42,490000</PRGP>
    <ROSN>46,600000</ROSN>
    <SLOV>34,400000</SLOV>
    <SVIZ>34,400000</SVIZ>
    <BSP>34,400000</BSP>
    <MALT>42,490000</MALT>
    <XAUS>34,400000</XAUS>
    <XFRA>34,400000</XFRA>
  </Prezzi>
  <Prezzi>
    <Data>20160520</Data>
    <Mercato>MGP</Mercato>
    <Ora>22</Ora>
    <PUN>40,367270</PUN>
    <NAT>40,000000</NAT>
    <CNOR>46,600000</CNOR>
    <CSUD>46,600000</CSUD>
    <NORD>34,180000</NORD>
    <SARD>46,600000</SARD>
    <SICI>42,490000</SICI>
    <SUD>46,600000</SUD>
    <AUST>34,180000</AUST>
    <BRNN>46,600000</BRNN>
    <COAC>46,600000</COAC>
    <CORS>3000,000000</CORS>
    <FOGN>46,600000</FOGN>
    <FRAN>34,180000</FRAN>
    <GREC>46,600000</GREC>
    <MFTV>34,180000</MFTV>
    <PRGP>42,490000</PRGP>
    <ROSN>46,600000</ROSN>
    <SLOV>34,180000</SLOV>
    <SVIZ>34,180000</SVIZ>
    <BSP>34,180000</BSP>
    <MALT>42,490000</MALT>
    <XAUS>34,180000</XAUS>
    <XFRA>34,180000</XFRA>
  </Prezzi>
  <Prezzi>
    <Data>20160520</Data>
    <Mercato>MGP</Mercato>
    <Ora>23</Ora>
    <PUN>36,086450</PUN>
    <NAT>36,380000</NAT>
    <CNOR>37,780000</CNOR>
    <CSUD>37,780000</CSUD>
    <NORD>33,660000</NORD>
    <SARD>37,780000</SARD>
    <SICI>41,890000</SICI>
    <SUD>37,780000</SUD>
    <AUST>33,660000</AUST>
    <BRNN>37,780000</BRNN>
    <COAC>37,780000</COAC>
    <CORS>3000,000000</CORS>
    <FOGN>37,780000</FOGN>
    <FRAN>33,660000</FRAN>
    <GREC>37,780000</GREC>
    <MFTV>33,660000</MFTV>
    <PRGP>41,890000</PRGP>
    <ROSN>37,780000</ROSN>
    <SLOV>33,660000</SLOV>
    <SVIZ>33,660000</SVIZ>
    <BSP>33,660000</BSP>
    <MALT>41,890000</MALT>
    <XAUS>33,660000</XAUS>
    <XFRA>33,660000</XFRA>
  </Prezzi>
  <Prezzi>
    <Data>20160520</Data>
    <Mercato>MGP</Mercato>
    <Ora>24</Ora>
    <PUN>33,766420</PUN>
    <NAT>33,650000</NAT>
    <CNOR>33,860000</CNOR>
    <CSUD>33,860000</CSUD>
    <NORD>32,590000</NORD>
    <SARD>33,860000</SARD>
    <SICI>41,890000</SICI>
    <SUD>33,860000</SUD>
    <AUST>32,590000</AUST>
    <BRNN>33,860000</BRNN>
    <COAC>33,860000</COAC>
    <CORS>3000,000000</CORS>
    <FOGN>33,860000</FOGN>
    <FRAN>32,590000</FRAN>
    <GREC>33,860000</GREC>
    <MFTV>32,590000</MFTV>
    <PRGP>41,890000</PRGP>
    <ROSN>33,860000</ROSN>
    <SLOV>32,590000</SLOV>
    <SVIZ>32,590000</SVIZ>
    <BSP>32,590000</BSP>
    <MALT>41,890000</MALT>
    <XAUS>32,590000</XAUS>
    <XFRA>32,590000</XFRA>
  </Prezzi>
</NewDataSet>