<?xml version="1.0" standalone="yes"?>
<NewDataSet>
  <xs:schema id="NewDataSet" xmlns="" xmlns:xs="http://www.w3.org/2001/XMLSchema" xmlns:msdata="urn:schemas-microsoft-com:xml-msdata">
    <xs:element name="NewDataSet" msdata:IsDataSet="true" msdata:MainDataTable="marketintervaldetail" msdata:UseCurrentLocale="true">
      <xs:complexType>
        <xs:choice minOccurs="0" maxOccurs="unbounded">
          <xs:element name="marketintervaldetail">
            <xs:complexType>
              <xs:sequence>
                <xs:element name="Data" type="xs:string" minOccurs="0" />
                <xs:element name="Mercato" type="xs:string" minOccurs="0" />
                <xs:element name="Ora" type="xs:string" minOccurs="0" />
                <xs:element name="Totale" type="xs:string" minOccurs="0" />
                <xs:element name="CNOR" type="xs:string" minOccurs="0" />
                <xs:element name="CSUD" type="xs:string" minOccurs="0" />
                <xs:element name="NORD" type="xs:string" minOccurs="0" />
                <xs:element name="SARD" type="xs:string" minOccurs="0" />
                <xs:element name="SICI" type="xs:string" minOccurs="0" />
                <xs:element name="SUD" type="xs:string" minOccurs="0" />
              </xs:sequence>
            </xs:complexType>
          </xs:element>
        </xs:choice>
      </xs:complexType>
    </xs:element>
  </xs:schema>
  <marketintervaldetail>
    <Data>20141130</Data>
    <Mercato>MGP</Mercato>
    <Ora>01</Ora>
    <Totale>23633</Totale>
    <CNOR>2435</CNOR>
    <CSUD>4063</CSUD>
    <NORD>12575</NORD>
    <SARD>808</SARD>
    <SICI>1623</SICI>
    <SUD>2129</SUD>
  </marketintervaldetail>
  <marketintervaldetail>
    <Data>20141130</Data>
    <Mercato>MGP</Mercato>
    <Ora>02</Ora>
    <Totale>21826</Totale>
    <CNOR>2260</CNOR>
    <CSUD>3699</CSUD>
    <NORD>11707</NORD>
    <SARD>770</SARD>
    <SICI>1479</SICI>
    <SUD>1911</SUD>
  </marketintervaldetail>
  <marketintervaldetail>
    <Data>20141130</Data>
    <Mercato>MGP</Mercato>
    <Ora>03</Ora>
    <Totale>20729</Totale>
    <CNOR>2116</CNOR>
    <CSUD>3474</CSUD>
    <NORD>11184</NORD>
    <SARD>742</SARD>
    <SICI>1404</SICI>
    <SUD>1809</SUD>
  </marketintervaldetail>
  <marketintervaldetail>
    <Data>20141130</Data>
    <Mercato>MGP</Mercato>
    <Ora>04</Ora>
    <Totale>20114</Totale>
    <CNOR>2082</CNOR>
    <CSUD>3327</CSUD>
    <NORD>10857</NORD>
    <SARD>725</SARD>
    <SICI>1379</SICI>
    <SUD>1744</SUD>
  </marketintervaldetail>
  <marketintervaldetail>
    <Data>20141130</Data>
    <Mercato>MGP</Mercato>
    <Ora>05</Ora>
    <Totale>19966</Totale>
    <CNOR>2015</CNOR>
    <CSUD>3240</CSUD>
    <NORD>10795</NORD>
    <SARD>739</SARD>
    <SICI>1435</SICI>
    <SUD>1742</SUD>
  </marketintervaldetail>
  <marketintervaldetail>
    <Data>20141130</Data>
    <Mercato>MGP</Mercato>
    <Ora>06</Ora>
    <Totale>20241</Totale>
    <CNOR>2050</CNOR>
    <CSUD>3347</CSUD>
    <NORD>10944</NORD>
    <SARD>750</SARD>
    <SICI>1376</SICI>
    <SUD>1774</SUD>
  </marketintervaldetail>
  <marketintervaldetail>
    <Data>20141130</Data>
    <Mercato>MGP</Mercato>
    <Ora>07</Ora>
    <Totale>21425</Totale>
    <CNOR>2152</CNOR>
    <CSUD>3612</CSUD>
    <NORD>11612</NORD>
    <SARD>794</SARD>
    <SICI>1374</SICI>
    <SUD>1881</SUD>
  </marketintervaldetail>
  <marketintervaldetail>
    <Data>20141130</Data>
    <Mercato>MGP</Mercato>
    <Ora>08</Ora>
    <Totale>22262</Totale>
    <CNOR>2214</CNOR>
    <CSUD>3692</CSUD>
    <NORD>12188</NORD>
    <SARD>802</SARD>
    <SICI>1437</SICI>
    <SUD>1929</SUD>
  </marketintervaldetail>
  <marketintervaldetail>
    <Data>20141130</Data>
    <Mercato>MGP</Mercato>
    <Ora>09</Ora>
    <Totale>24061</Totale>
    <CNOR>2371</CNOR>
    <CSUD>4040</CSUD>
    <NORD>12941</NORD>
    <SARD>855</SARD>
    <SICI>1675</SICI>
    <SUD>2179</SUD>
  </marketintervaldetail>
  <marketintervaldetail>
    <Data>20141130</Data>
    <Mercato>MGP</Mercato>
    <Ora>10</Ora>
    <Totale>25950</Totale>
    <CNOR>2571</CNOR>
    <CSUD>4422</CSUD>
    <NORD>13900</NORD>
    <SARD>918</SARD>
    <SICI>1885</SICI>
    <SUD>2254</SUD>
  </marketintervaldetail>
  <marketintervaldetail>
    <Data>20141130</Data>
    <Mercato>MGP</Mercato>
    <Ora>11</Ora>
    <Totale>26802</Totale>
    <CNOR>2729</CNOR>
    <CSUD>4607</CSUD>
    <NORD>14289</NORD>
    <SARD>955</SARD>
    <SICI>1974</SICI>
    <SUD>2248</SUD>
  </marketintervaldetail>
  <marketintervaldetail>
    <Data>20141130</Data>
    <Mercato>MGP</Mercato>
    <Ora>12</Ora>
    <Totale>27078</Totale>
    <CNOR>2749</CNOR>
    <CSUD>4624</CSUD>
    <NORD>14414</NORD>
    <SARD>936</SARD>
    <SICI>1952</SICI>
    <SUD>2403</SUD>
  </marketintervaldetail>
  <marketintervaldetail>
    <Data>20141130</Data>
    <Mercato>MGP</Mercato>
    <Ora>13</Ora>
    <Totale>27210</Totale>
    <CNOR>2786</CNOR>
    <CSUD>4531</CSUD>
    <NORD>14394</NORD>
    <SARD>968</SARD>
    <SICI>2014</SICI>
    <SUD>2517</SUD>
  </marketintervaldetail>
  <marketintervaldetail>
    <Data>20141130</Data>
    <Mercato>MGP</Mercato>
    <Ora>14</Ora>
    <Totale>25459</Totale>
    <CNOR>2615</CNOR>
    <CSUD>4384</CSUD>
    <NORD>13449</NORD>
    <SARD>913</SARD>
    <SICI>1870</SICI>
    <SUD>2228</SUD>
  </marketintervaldetail>
  <marketintervaldetail>
    <Data>20141130</Data>
    <Mercato>MGP</Mercato>
    <Ora>15</Ora>
    <Totale>25177</Totale>
    <CNOR>2642</CNOR>
    <CSUD>4367</CSUD>
    <NORD>13344</NORD>
    <SARD>850</SARD>
    <SICI>1847</SICI>
    <SUD>2127</SUD>
  </marketintervaldetail>
  <marketintervaldetail>
    <Data>20141130</Data>
    <Mercato>MGP</Mercato>
    <Ora>16</Ora>
    <Totale>25742</Totale>
    <CNOR>2670</CNOR>
    <CSUD>4318</CSUD>
    <NORD>13892</NORD>
    <SARD>838</SARD>
    <SICI>1835</SICI>
    <SUD>2189</SUD>
  </marketintervaldetail>
  <marketintervaldetail>
    <Data>20141130</Data>
    <Mercato>MGP</Mercato>
    <Ora>17</Ora>
    <Totale>27672</Totale>
    <CNOR>2835</CNOR>
    <CSUD>4508</CSUD>
    <NORD>15009</NORD>
    <SARD>865</SARD>
    <SICI>1901</SICI>
    <SUD>2554</SUD>
  </marketintervaldetail>
  <marketintervaldetail>
    <Data>20141130</Data>
    <Mercato>MGP</Mercato>
    <Ora>18</Ora>
    <Totale>31231</Totale>
    <CNOR>3058</CNOR>
    <CSUD>5399</CSUD>
    <NORD>16683</NORD>
    <SARD>987</SARD>
    <SICI>2162</SICI>
    <SUD>2942</SUD>
  </marketintervaldetail>
  <marketintervaldetail>
    <Data>20141130</Data>
    <Mercato>MGP</Mercato>
    <Ora>19</Ora>
    <Totale>32056</Totale>
    <CNOR>3181</CNOR>
    <CSUD>5561</CSUD>
    <NORD>17129</NORD>
    <SARD>1037</SARD>
    <SICI>2209</SICI>
    <SUD>2939</SUD>
  </marketintervaldetail>
  <marketintervaldetail>
    <Data>20141130</Data>
    <Mercato>MGP</Mercato>
    <Ora>20</Ora>
    <Totale>32570</Totale>
    <CNOR>3306</CNOR>
    <CSUD>5724</CSUD>
    <NORD>17280</NORD>
    <SARD>1060</SARD>
    <SICI>2247</SICI>
    <SUD>2953</SUD>
  </marketintervaldetail>
  <marketintervaldetail>
    <Data>20141130</Data>
    <Mercato>MGP</Mercato>
    <Ora>21</Ora>
    <Totale>31548</Totale>
    <CNOR>3094</CNOR>
    <CSUD>5641</CSUD>
    <NORD>16524</NORD>
    <SARD>1060</SARD>
    <SICI>2207</SICI>
    <SUD>3022</SUD>
  </marketintervaldetail>
  <marketintervaldetail>
    <Data>20141130</Data>
    <Mercato>MGP</Mercato>
    <Ora>22</Ora>
    <Totale>29768</Totale>
    <CNOR>2925</CNOR>
    <CSUD>5268</CSUD>
    <NORD>15615</NORD>
    <SARD>991</SARD>
    <SICI>2101</SICI>
    <SUD>2868</SUD>
  </marketintervaldetail>
  <marketintervaldetail>
    <Data>20141130</Data>
    <Mercato>MGP</Mercato>
    <Ora>23</Ora>
    <Totale>27295</Totale>
    <CNOR>2692</CNOR>
    <CSUD>4827</CSUD>
    <NORD>14274</NORD>
    <SARD>929</SARD>
    <SICI>1934</SICI>
    <SUD>2639</SUD>
  </marketintervaldetail>
  <marketintervaldetail>
    <Data>20141130</Data>
    <Mercato>MGP</Mercato>
    <Ora>24</Ora>
    <Totale>24742</Totale>
    <CNOR>2534</CNOR>
    <CSUD>4295</CSUD>
    <NORD>13009</NORD>
    <SARD>867</SARD>
    <SICI>1762</SICI>
    <SUD>2275</SUD>
  </marketintervaldetail>
</NewDataSet>