<?xml version="1.0" standalone="yes"?>
<NewDataSet>
  <xs:schema id="NewDataSet" xmlns="" xmlns:xs="http://www.w3.org/2001/XMLSchema" xmlns:msdata="urn:schemas-microsoft-com:xml-msdata">
    <xs:element name="NewDataSet" msdata:IsDataSet="true" msdata:MainDataTable="marketintervaldetail" msdata:UseCurrentLocale="true">
      <xs:complexType>
        <xs:choice minOccurs="0" maxOccurs="unbounded">
          <xs:element name="marketintervaldetail">
            <xs:complexType>
              <xs:sequence>
                <xs:element name="Data" type="xs:string" minOccurs="0" />
                <xs:element name="Mercato" type="xs:string" minOccurs="0" />
                <xs:element name="Ora" type="xs:string" minOccurs="0" />
                <xs:element name="Totale" type="xs:string" minOccurs="0" />
                <xs:element name="CNOR" type="xs:string" minOccurs="0" />
                <xs:element name="CSUD" type="xs:string" minOccurs="0" />
                <xs:element name="NORD" type="xs:string" minOccurs="0" />
                <xs:element name="SARD" type="xs:string" minOccurs="0" />
                <xs:element name="SICI" type="xs:string" minOccurs="0" />
                <xs:element name="SUD" type="xs:string" minOccurs="0" />
              </xs:sequence>
            </xs:complexType>
          </xs:element>
        </xs:choice>
      </xs:complexType>
    </xs:element>
  </xs:schema>
  <marketintervaldetail>
    <Data>20141120</Data>
    <Mercato>MGP</Mercato>
    <Ora>01</Ora>
    <Totale>26081</Totale>
    <CNOR>2595</CNOR>
    <CSUD>4213</CSUD>
    <NORD>14614</NORD>
    <SARD>809</SARD>
    <SICI>1670</SICI>
    <SUD>2180</SUD>
  </marketintervaldetail>
  <marketintervaldetail>
    <Data>20141120</Data>
    <Mercato>MGP</Mercato>
    <Ora>02</Ora>
    <Totale>24465</Totale>
    <CNOR>2408</CNOR>
    <CSUD>3927</CSUD>
    <NORD>13800</NORD>
    <SARD>764</SARD>
    <SICI>1571</SICI>
    <SUD>1995</SUD>
  </marketintervaldetail>
  <marketintervaldetail>
    <Data>20141120</Data>
    <Mercato>MGP</Mercato>
    <Ora>03</Ora>
    <Totale>23790</Totale>
    <CNOR>2326</CNOR>
    <CSUD>3760</CSUD>
    <NORD>13513</NORD>
    <SARD>752</SARD>
    <SICI>1471</SICI>
    <SUD>1968</SUD>
  </marketintervaldetail>
  <marketintervaldetail>
    <Data>20141120</Data>
    <Mercato>MGP</Mercato>
    <Ora>04</Ora>
    <Totale>23656</Totale>
    <CNOR>2304</CNOR>
    <CSUD>3697</CSUD>
    <NORD>13476</NORD>
    <SARD>750</SARD>
    <SICI>1416</SICI>
    <SUD>2013</SUD>
  </marketintervaldetail>
  <marketintervaldetail>
    <Data>20141120</Data>
    <Mercato>MGP</Mercato>
    <Ora>05</Ora>
    <Totale>23931</Totale>
    <CNOR>2415</CNOR>
    <CSUD>3678</CSUD>
    <NORD>13707</NORD>
    <SARD>748</SARD>
    <SICI>1437</SICI>
    <SUD>1946</SUD>
  </marketintervaldetail>
  <marketintervaldetail>
    <Data>20141120</Data>
    <Mercato>MGP</Mercato>
    <Ora>06</Ora>
    <Totale>25544</Totale>
    <CNOR>2577</CNOR>
    <CSUD>3911</CSUD>
    <NORD>14749</NORD>
    <SARD>779</SARD>
    <SICI>1525</SICI>
    <SUD>2003</SUD>
  </marketintervaldetail>
  <marketintervaldetail>
    <Data>20141120</Data>
    <Mercato>MGP</Mercato>
    <Ora>07</Ora>
    <Totale>30399</Totale>
    <CNOR>3033</CNOR>
    <CSUD>4633</CSUD>
    <NORD>17878</NORD>
    <SARD>861</SARD>
    <SICI>1727</SICI>
    <SUD>2267</SUD>
  </marketintervaldetail>
  <marketintervaldetail>
    <Data>20141120</Data>
    <Mercato>MGP</Mercato>
    <Ora>08</Ora>
    <Totale>35750</Totale>
    <CNOR>3647</CNOR>
    <CSUD>5223</CSUD>
    <NORD>21378</NORD>
    <SARD>984</SARD>
    <SICI>2060</SICI>
    <SUD>2458</SUD>
  </marketintervaldetail>
  <marketintervaldetail>
    <Data>20141120</Data>
    <Mercato>MGP</Mercato>
    <Ora>09</Ora>
    <Totale>39473</Totale>
    <CNOR>4170</CNOR>
    <CSUD>5743</CSUD>
    <NORD>23607</NORD>
    <SARD>1032</SARD>
    <SICI>2219</SICI>
    <SUD>2702</SUD>
  </marketintervaldetail>
  <marketintervaldetail>
    <Data>20141120</Data>
    <Mercato>MGP</Mercato>
    <Ora>10</Ora>
    <Totale>41420</Totale>
    <CNOR>4435</CNOR>
    <CSUD>6242</CSUD>
    <NORD>24670</NORD>
    <SARD>1011</SARD>
    <SICI>2206</SICI>
    <SUD>2856</SUD>
  </marketintervaldetail>
  <marketintervaldetail>
    <Data>20141120</Data>
    <Mercato>MGP</Mercato>
    <Ora>11</Ora>
    <Totale>41779</Totale>
    <CNOR>4519</CNOR>
    <CSUD>6133</CSUD>
    <NORD>24990</NORD>
    <SARD>992</SARD>
    <SICI>2158</SICI>
    <SUD>2987</SUD>
  </marketintervaldetail>
  <marketintervaldetail>
    <Data>20141120</Data>
    <Mercato>MGP</Mercato>
    <Ora>12</Ora>
    <Totale>42389</Totale>
    <CNOR>4654</CNOR>
    <CSUD>6147</CSUD>
    <NORD>25351</NORD>
    <SARD>1000</SARD>
    <SICI>2325</SICI>
    <SUD>2912</SUD>
  </marketintervaldetail>
  <marketintervaldetail>
    <Data>20141120</Data>
    <Mercato>MGP</Mercato>
    <Ora>13</Ora>
    <Totale>39887</Totale>
    <CNOR>4187</CNOR>
    <CSUD>6079</CSUD>
    <NORD>23372</NORD>
    <SARD>959</SARD>
    <SICI>2300</SICI>
    <SUD>2990</SUD>
  </marketintervaldetail>
  <marketintervaldetail>
    <Data>20141120</Data>
    <Mercato>MGP</Mercato>
    <Ora>14</Ora>
    <Totale>38864</Totale>
    <CNOR>3888</CNOR>
    <CSUD>6022</CSUD>
    <NORD>23311</NORD>
    <SARD>957</SARD>
    <SICI>2262</SICI>
    <SUD>2424</SUD>
  </marketintervaldetail>
  <marketintervaldetail>
    <Data>20141120</Data>
    <Mercato>MGP</Mercato>
    <Ora>15</Ora>
    <Totale>40074</Totale>
    <CNOR>4220</CNOR>
    <CSUD>6208</CSUD>
    <NORD>24104</NORD>
    <SARD>957</SARD>
    <SICI>2310</SICI>
    <SUD>2275</SUD>
  </marketintervaldetail>
  <marketintervaldetail>
    <Data>20141120</Data>
    <Mercato>MGP</Mercato>
    <Ora>16</Ora>
    <Totale>40988</Totale>
    <CNOR>4448</CNOR>
    <CSUD>6319</CSUD>
    <NORD>24544</NORD>
    <SARD>958</SARD>
    <SICI>2294</SICI>
    <SUD>2425</SUD>
  </marketintervaldetail>
  <marketintervaldetail>
    <Data>20141120</Data>
    <Mercato>MGP</Mercato>
    <Ora>17</Ora>
    <Totale>42675</Totale>
    <CNOR>4774</CNOR>
    <CSUD>6615</CSUD>
    <NORD>25023</NORD>
    <SARD>954</SARD>
    <SICI>2285</SICI>
    <SUD>3024</SUD>
  </marketintervaldetail>
  <marketintervaldetail>
    <Data>20141120</Data>
    <Mercato>MGP</Mercato>
    <Ora>18</Ora>
    <Totale>44385</Totale>
    <CNOR>4805</CNOR>
    <CSUD>7248</CSUD>
    <NORD>25464</NORD>
    <SARD>1067</SARD>
    <SICI>2510</SICI>
    <SUD>3291</SUD>
  </marketintervaldetail>
  <marketintervaldetail>
    <Data>20141120</Data>
    <Mercato>MGP</Mercato>
    <Ora>19</Ora>
    <Totale>43091</Totale>
    <CNOR>4627</CNOR>
    <CSUD>7193</CSUD>
    <NORD>24534</NORD>
    <SARD>1098</SARD>
    <SICI>2568</SICI>
    <SUD>3071</SUD>
  </marketintervaldetail>
  <marketintervaldetail>
    <Data>20141120</Data>
    <Mercato>MGP</Mercato>
    <Ora>20</Ora>
    <Totale>41973</Totale>
    <CNOR>4423</CNOR>
    <CSUD>7199</CSUD>
    <NORD>23358</NORD>
    <SARD>1150</SARD>
    <SICI>2602</SICI>
    <SUD>3241</SUD>
  </marketintervaldetail>
  <marketintervaldetail>
    <Data>20141120</Data>
    <Mercato>MGP</Mercato>
    <Ora>21</Ora>
    <Totale>39006</Totale>
    <CNOR>4039</CNOR>
    <CSUD>6576</CSUD>
    <NORD>21533</NORD>
    <SARD>1150</SARD>
    <SICI>2537</SICI>
    <SUD>3171</SUD>
  </marketintervaldetail>
  <marketintervaldetail>
    <Data>20141120</Data>
    <Mercato>MGP</Mercato>
    <Ora>22</Ora>
    <Totale>35811</Totale>
    <CNOR>3684</CNOR>
    <CSUD>6119</CSUD>
    <NORD>19842</NORD>
    <SARD>1066</SARD>
    <SICI>2359</SICI>
    <SUD>2741</SUD>
  </marketintervaldetail>
  <marketintervaldetail>
    <Data>20141120</Data>
    <Mercato>MGP</Mercato>
    <Ora>23</Ora>
    <Totale>32366</Totale>
    <CNOR>3369</CNOR>
    <CSUD>5594</CSUD>
    <NORD>17964</NORD>
    <SARD>986</SARD>
    <SICI>2191</SICI>
    <SUD>2262</SUD>
  </marketintervaldetail>
  <marketintervaldetail>
    <Data>20141120</Data>
    <Mercato>MGP</Mercato>
    <Ora>24</Ora>
    <Totale>29508</Totale>
    <CNOR>3036</CNOR>
    <CSUD>4901</CSUD>
    <NORD>16380</NORD>
    <SARD>918</SARD>
    <SICI>1839</SICI>
    <SUD>2434</SUD>
  </marketintervaldetail>
</NewDataSet>