<?xml version="1.0" standalone="yes"?>
<NewDataSet>
  <xs:schema id="NewDataSet" xmlns="" xmlns:xs="http://www.w3.org/2001/XMLSchema" xmlns:msdata="urn:schemas-microsoft-com:xml-msdata">
    <xs:element name="NewDataSet" msdata:IsDataSet="true" msdata:MainDataTable="Fabbisogno" msdata:UseCurrentLocale="true">
      <xs:complexType>
        <xs:choice minOccurs="0" maxOccurs="unbounded">
          <xs:element name="Fabbisogno">
            <xs:complexType>
              <xs:sequence>
                <xs:element name="Data" type="xs:string" minOccurs="0" />
                <xs:element name="Mercato" type="xs:string" minOccurs="0" />
                <xs:element name="Ora" type="xs:string" minOccurs="0" />
                <xs:element name="Totale" type="xs:string" minOccurs="0" />
                <xs:element name="CNOR" type="xs:string" minOccurs="0" />
                <xs:element name="CSUD" type="xs:string" minOccurs="0" />
                <xs:element name="NORD" type="xs:string" minOccurs="0" />
                <xs:element name="SARD" type="xs:string" minOccurs="0" />
                <xs:element name="SICI" type="xs:string" minOccurs="0" />
                <xs:element name="SUD" type="xs:string" minOccurs="0" />
              </xs:sequence>
            </xs:complexType>
          </xs:element>
        </xs:choice>
      </xs:complexType>
    </xs:element>
  </xs:schema>
  <Fabbisogno>
    <Data>20141122</Data>
    <Mercato>MGP</Mercato>
    <Ora>01</Ora>
    <Totale>24760</Totale>
    <CNOR>2508</CNOR>
    <CSUD>4053</CSUD>
    <NORD>13589</NORD>
    <SARD>823</SARD>
    <SICI>1605</SICI>
    <SUD>2182</SUD>
  </Fabbisogno>
  <Fabbisogno>
    <Data>20141122</Data>
    <Mercato>MGP</Mercato>
    <Ora>02</Ora>
    <Totale>22841</Totale>
    <CNOR>2331</CNOR>
    <CSUD>3658</CSUD>
    <NORD>12555</NORD>
    <SARD>779</SARD>
    <SICI>1483</SICI>
    <SUD>2035</SUD>
  </Fabbisogno>
  <Fabbisogno>
    <Data>20141122</Data>
    <Mercato>MGP</Mercato>
    <Ora>03</Ora>
    <Totale>21935</Totale>
    <CNOR>2235</CNOR>
    <CSUD>3477</CSUD>
    <NORD>12123</NORD>
    <SARD>747</SARD>
    <SICI>1402</SICI>
    <SUD>1951</SUD>
  </Fabbisogno>
  <Fabbisogno>
    <Data>20141122</Data>
    <Mercato>MGP</Mercato>
    <Ora>04</Ora>
    <Totale>21454</Totale>
    <CNOR>2172</CNOR>
    <CSUD>3355</CSUD>
    <NORD>11830</NORD>
    <SARD>731</SARD>
    <SICI>1356</SICI>
    <SUD>2010</SUD>
  </Fabbisogno>
  <Fabbisogno>
    <Data>20141122</Data>
    <Mercato>MGP</Mercato>
    <Ora>05</Ora>
    <Totale>21459</Totale>
    <CNOR>2138</CNOR>
    <CSUD>3357</CSUD>
    <NORD>11890</NORD>
    <SARD>729</SARD>
    <SICI>1278</SICI>
    <SUD>2067</SUD>
  </Fabbisogno>
  <Fabbisogno>
    <Data>20141122</Data>
    <Mercato>MGP</Mercato>
    <Ora>06</Ora>
    <Totale>22551</Totale>
    <CNOR>2237</CNOR>
    <CSUD>3469</CSUD>
    <NORD>12561</NORD>
    <SARD>755</SARD>
    <SICI>1326</SICI>
    <SUD>2203</SUD>
  </Fabbisogno>
  <Fabbisogno>
    <Data>20141122</Data>
    <Mercato>MGP</Mercato>
    <Ora>07</Ora>
    <Totale>25071</Totale>
    <CNOR>2524</CNOR>
    <CSUD>3868</CSUD>
    <NORD>14050</NORD>
    <SARD>820</SARD>
    <SICI>1516</SICI>
    <SUD>2293</SUD>
  </Fabbisogno>
  <Fabbisogno>
    <Data>20141122</Data>
    <Mercato>MGP</Mercato>
    <Ora>08</Ora>
    <Totale>27939</Totale>
    <CNOR>2776</CNOR>
    <CSUD>4250</CSUD>
    <NORD>15751</NORD>
    <SARD>914</SARD>
    <SICI>1738</SICI>
    <SUD>2510</SUD>
  </Fabbisogno>
  <Fabbisogno>
    <Data>20141122</Data>
    <Mercato>MGP</Mercato>
    <Ora>09</Ora>
    <Totale>31093</Totale>
    <CNOR>3256</CNOR>
    <CSUD>4840</CSUD>
    <NORD>17216</NORD>
    <SARD>990</SARD>
    <SICI>2049</SICI>
    <SUD>2742</SUD>
  </Fabbisogno>
  <Fabbisogno>
    <Data>20141122</Data>
    <Mercato>MGP</Mercato>
    <Ora>10</Ora>
    <Totale>32919</Totale>
    <CNOR>3545</CNOR>
    <CSUD>5413</CSUD>
    <NORD>17959</NORD>
    <SARD>1040</SARD>
    <SICI>2153</SICI>
    <SUD>2809</SUD>
  </Fabbisogno>
  <Fabbisogno>
    <Data>20141122</Data>
    <Mercato>MGP</Mercato>
    <Ora>11</Ora>
    <Totale>32912</Totale>
    <CNOR>3644</CNOR>
    <CSUD>5195</CSUD>
    <NORD>18174</NORD>
    <SARD>1037</SARD>
    <SICI>2203</SICI>
    <SUD>2659</SUD>
  </Fabbisogno>
  <Fabbisogno>
    <Data>20141122</Data>
    <Mercato>MGP</Mercato>
    <Ora>12</Ora>
    <Totale>32755</Totale>
    <CNOR>3837</CNOR>
    <CSUD>4968</CSUD>
    <NORD>18233</NORD>
    <SARD>997</SARD>
    <SICI>2132</SICI>
    <SUD>2588</SUD>
  </Fabbisogno>
  <Fabbisogno>
    <Data>20141122</Data>
    <Mercato>MGP</Mercato>
    <Ora>13</Ora>
    <Totale>31879</Totale>
    <CNOR>3635</CNOR>
    <CSUD>5330</CSUD>
    <NORD>17276</NORD>
    <SARD>994</SARD>
    <SICI>2038</SICI>
    <SUD>2606</SUD>
  </Fabbisogno>
  <Fabbisogno>
    <Data>20141122</Data>
    <Mercato>MGP</Mercato>
    <Ora>14</Ora>
    <Totale>30312</Totale>
    <CNOR>3323</CNOR>
    <CSUD>5001</CSUD>
    <NORD>16484</NORD>
    <SARD>970</SARD>
    <SICI>2033</SICI>
    <SUD>2501</SUD>
  </Fabbisogno>
  <Fabbisogno>
    <Data>20141122</Data>
    <Mercato>MGP</Mercato>
    <Ora>15</Ora>
    <Totale>30093</Totale>
    <CNOR>3089</CNOR>
    <CSUD>5257</CSUD>
    <NORD>16305</NORD>
    <SARD>991</SARD>
    <SICI>2081</SICI>
    <SUD>2370</SUD>
  </Fabbisogno>
  <Fabbisogno>
    <Data>20141122</Data>
    <Mercato>MGP</Mercato>
    <Ora>16</Ora>
    <Totale>30236</Totale>
    <CNOR>3053</CNOR>
    <CSUD>5374</CSUD>
    <NORD>16299</NORD>
    <SARD>963</SARD>
    <SICI>2049</SICI>
    <SUD>2498</SUD>
  </Fabbisogno>
  <Fabbisogno>
    <Data>20141122</Data>
    <Mercato>MGP</Mercato>
    <Ora>17</Ora>
    <Totale>32267</Totale>
    <CNOR>3371</CNOR>
    <CSUD>5736</CSUD>
    <NORD>17272</NORD>
    <SARD>949</SARD>
    <SICI>2210</SICI>
    <SUD>2729</SUD>
  </Fabbisogno>
  <Fabbisogno>
    <Data>20141122</Data>
    <Mercato>MGP</Mercato>
    <Ora>18</Ora>
    <Totale>35518</Totale>
    <CNOR>3735</CNOR>
    <CSUD>6267</CSUD>
    <NORD>18702</NORD>
    <SARD>1095</SARD>
    <SICI>2437</SICI>
    <SUD>3282</SUD>
  </Fabbisogno>
  <Fabbisogno>
    <Data>20141122</Data>
    <Mercato>MGP</Mercato>
    <Ora>19</Ora>
    <Totale>35958</Totale>
    <CNOR>3812</CNOR>
    <CSUD>6344</CSUD>
    <NORD>18958</NORD>
    <SARD>1139</SARD>
    <SICI>2484</SICI>
    <SUD>3221</SUD>
  </Fabbisogno>
  <Fabbisogno>
    <Data>20141122</Data>
    <Mercato>MGP</Mercato>
    <Ora>20</Ora>
    <Totale>35543</Totale>
    <CNOR>3808</CNOR>
    <CSUD>6457</CSUD>
    <NORD>18428</NORD>
    <SARD>1155</SARD>
    <SICI>2482</SICI>
    <SUD>3213</SUD>
  </Fabbisogno>
  <Fabbisogno>
    <Data>20141122</Data>
    <Mercato>MGP</Mercato>
    <Ora>21</Ora>
    <Totale>33042</Totale>
    <CNOR>3491</CNOR>
    <CSUD>6147</CSUD>
    <NORD>16891</NORD>
    <SARD>1120</SARD>
    <SICI>2380</SICI>
    <SUD>3013</SUD>
  </Fabbisogno>
  <Fabbisogno>
    <Data>20141122</Data>
    <Mercato>MGP</Mercato>
    <Ora>22</Ora>
    <Totale>30235</Totale>
    <CNOR>3175</CNOR>
    <CSUD>5520</CSUD>
    <NORD>15607</NORD>
    <SARD>1007</SARD>
    <SICI>2149</SICI>
    <SUD>2777</SUD>
  </Fabbisogno>
  <Fabbisogno>
    <Data>20141122</Data>
    <Mercato>MGP</Mercato>
    <Ora>23</Ora>
    <Totale>27880</Totale>
    <CNOR>2917</CNOR>
    <CSUD>5077</CSUD>
    <NORD>14417</NORD>
    <SARD>942</SARD>
    <SICI>1925</SICI>
    <SUD>2602</SUD>
  </Fabbisogno>
  <Fabbisogno>
    <Data>20141122</Data>
    <Mercato>MGP</Mercato>
    <Ora>24</Ora>
    <Totale>25623</Totale>
    <CNOR>2636</CNOR>
    <CSUD>4674</CSUD>
    <NORD>13338</NORD>
    <SARD>880</SARD>
    <SICI>1772</SICI>
    <SUD>2323</SUD>
  </Fabbisogno>
</NewDataSet>