<?xml version="1.0" standalone="yes"?>
<NewDataSet>
  <xs:schema id="NewDataSet" xmlns="" xmlns:xs="http://www.w3.org/2001/XMLSchema" xmlns:msdata="urn:schemas-microsoft-com:xml-msdata">
    <xs:element name="NewDataSet" msdata:IsDataSet="true" msdata:MainDataTable="marketintervaldetail" msdata:UseCurrentLocale="true">
      <xs:complexType>
        <xs:choice minOccurs="0" maxOccurs="unbounded">
          <xs:element name="marketintervaldetail">
            <xs:complexType>
              <xs:sequence>
                <xs:element name="Data" type="xs:string" minOccurs="0" />
                <xs:element name="Mercato" type="xs:string" minOccurs="0" />
                <xs:element name="Ora" type="xs:string" minOccurs="0" />
                <xs:element name="Totale" type="xs:string" minOccurs="0" />
                <xs:element name="CNOR" type="xs:string" minOccurs="0" />
                <xs:element name="CSUD" type="xs:string" minOccurs="0" />
                <xs:element name="NORD" type="xs:string" minOccurs="0" />
                <xs:element name="SARD" type="xs:string" minOccurs="0" />
                <xs:element name="SICI" type="xs:string" minOccurs="0" />
                <xs:element name="SUD" type="xs:string" minOccurs="0" />
              </xs:sequence>
            </xs:complexType>
          </xs:element>
        </xs:choice>
      </xs:complexType>
    </xs:element>
  </xs:schema>
  <marketintervaldetail>
    <Data>20141111</Data>
    <Mercato>MGP</Mercato>
    <Ora>01</Ora>
    <Totale>26714</Totale>
    <CNOR>2825</CNOR>
    <CSUD>4161</CSUD>
    <NORD>14921</NORD>
    <SARD>812</SARD>
    <SICI>1695</SICI>
    <SUD>2300</SUD>
  </marketintervaldetail>
  <marketintervaldetail>
    <Data>20141111</Data>
    <Mercato>MGP</Mercato>
    <Ora>02</Ora>
    <Totale>25053</Totale>
    <CNOR>2645</CNOR>
    <CSUD>3851</CSUD>
    <NORD>14101</NORD>
    <SARD>770</SARD>
    <SICI>1505</SICI>
    <SUD>2181</SUD>
  </marketintervaldetail>
  <marketintervaldetail>
    <Data>20141111</Data>
    <Mercato>MGP</Mercato>
    <Ora>03</Ora>
    <Totale>24075</Totale>
    <CNOR>2503</CNOR>
    <CSUD>3688</CSUD>
    <NORD>13597</NORD>
    <SARD>746</SARD>
    <SICI>1448</SICI>
    <SUD>2093</SUD>
  </marketintervaldetail>
  <marketintervaldetail>
    <Data>20141111</Data>
    <Mercato>MGP</Mercato>
    <Ora>04</Ora>
    <Totale>23819</Totale>
    <CNOR>2473</CNOR>
    <CSUD>3662</CSUD>
    <NORD>13518</NORD>
    <SARD>744</SARD>
    <SICI>1362</SICI>
    <SUD>2060</SUD>
  </marketintervaldetail>
  <marketintervaldetail>
    <Data>20141111</Data>
    <Mercato>MGP</Mercato>
    <Ora>05</Ora>
    <Totale>23990</Totale>
    <CNOR>2488</CNOR>
    <CSUD>3672</CSUD>
    <NORD>13591</NORD>
    <SARD>758</SARD>
    <SICI>1398</SICI>
    <SUD>2083</SUD>
  </marketintervaldetail>
  <marketintervaldetail>
    <Data>20141111</Data>
    <Mercato>MGP</Mercato>
    <Ora>06</Ora>
    <Totale>25562</Totale>
    <CNOR>2595</CNOR>
    <CSUD>3885</CSUD>
    <NORD>14602</NORD>
    <SARD>793</SARD>
    <SICI>1494</SICI>
    <SUD>2193</SUD>
  </marketintervaldetail>
  <marketintervaldetail>
    <Data>20141111</Data>
    <Mercato>MGP</Mercato>
    <Ora>07</Ora>
    <Totale>30180</Totale>
    <CNOR>3083</CNOR>
    <CSUD>4371</CSUD>
    <NORD>17766</NORD>
    <SARD>890</SARD>
    <SICI>1750</SICI>
    <SUD>2320</SUD>
  </marketintervaldetail>
  <marketintervaldetail>
    <Data>20141111</Data>
    <Mercato>MGP</Mercato>
    <Ora>08</Ora>
    <Totale>35452</Totale>
    <CNOR>3665</CNOR>
    <CSUD>5072</CSUD>
    <NORD>21095</NORD>
    <SARD>978</SARD>
    <SICI>2027</SICI>
    <SUD>2615</SUD>
  </marketintervaldetail>
  <marketintervaldetail>
    <Data>20141111</Data>
    <Mercato>MGP</Mercato>
    <Ora>09</Ora>
    <Totale>40065</Totale>
    <CNOR>4369</CNOR>
    <CSUD>5744</CSUD>
    <NORD>23877</NORD>
    <SARD>1065</SARD>
    <SICI>2232</SICI>
    <SUD>2778</SUD>
  </marketintervaldetail>
  <marketintervaldetail>
    <Data>20141111</Data>
    <Mercato>MGP</Mercato>
    <Ora>10</Ora>
    <Totale>41659</Totale>
    <CNOR>4686</CNOR>
    <CSUD>6035</CSUD>
    <NORD>24591</NORD>
    <SARD>1113</SARD>
    <SICI>2300</SICI>
    <SUD>2934</SUD>
  </marketintervaldetail>
  <marketintervaldetail>
    <Data>20141111</Data>
    <Mercato>MGP</Mercato>
    <Ora>11</Ora>
    <Totale>41745</Totale>
    <CNOR>4719</CNOR>
    <CSUD>6037</CSUD>
    <NORD>24637</NORD>
    <SARD>1126</SARD>
    <SICI>2381</SICI>
    <SUD>2845</SUD>
  </marketintervaldetail>
  <marketintervaldetail>
    <Data>20141111</Data>
    <Mercato>MGP</Mercato>
    <Ora>12</Ora>
    <Totale>42005</Totale>
    <CNOR>4750</CNOR>
    <CSUD>6172</CSUD>
    <NORD>24480</NORD>
    <SARD>1125</SARD>
    <SICI>2447</SICI>
    <SUD>3031</SUD>
  </marketintervaldetail>
  <marketintervaldetail>
    <Data>20141111</Data>
    <Mercato>MGP</Mercato>
    <Ora>13</Ora>
    <Totale>39516</Totale>
    <CNOR>4477</CNOR>
    <CSUD>5970</CSUD>
    <NORD>22641</NORD>
    <SARD>1138</SARD>
    <SICI>2354</SICI>
    <SUD>2936</SUD>
  </marketintervaldetail>
  <marketintervaldetail>
    <Data>20141111</Data>
    <Mercato>MGP</Mercato>
    <Ora>14</Ora>
    <Totale>39297</Totale>
    <CNOR>4211</CNOR>
    <CSUD>5862</CSUD>
    <NORD>22824</NORD>
    <SARD>1136</SARD>
    <SICI>2304</SICI>
    <SUD>2960</SUD>
  </marketintervaldetail>
  <marketintervaldetail>
    <Data>20141111</Data>
    <Mercato>MGP</Mercato>
    <Ora>15</Ora>
    <Totale>40451</Totale>
    <CNOR>4358</CNOR>
    <CSUD>5891</CSUD>
    <NORD>24001</NORD>
    <SARD>1098</SARD>
    <SICI>2361</SICI>
    <SUD>2742</SUD>
  </marketintervaldetail>
  <marketintervaldetail>
    <Data>20141111</Data>
    <Mercato>MGP</Mercato>
    <Ora>16</Ora>
    <Totale>41252</Totale>
    <CNOR>4483</CNOR>
    <CSUD>6072</CSUD>
    <NORD>24445</NORD>
    <SARD>1105</SARD>
    <SICI>2435</SICI>
    <SUD>2712</SUD>
  </marketintervaldetail>
  <marketintervaldetail>
    <Data>20141111</Data>
    <Mercato>MGP</Mercato>
    <Ora>17</Ora>
    <Totale>43295</Totale>
    <CNOR>4832</CNOR>
    <CSUD>6701</CSUD>
    <NORD>25090</NORD>
    <SARD>1072</SARD>
    <SICI>2467</SICI>
    <SUD>3133</SUD>
  </marketintervaldetail>
  <marketintervaldetail>
    <Data>20141111</Data>
    <Mercato>MGP</Mercato>
    <Ora>18</Ora>
    <Totale>45276</Totale>
    <CNOR>4966</CNOR>
    <CSUD>7120</CSUD>
    <NORD>25936</NORD>
    <SARD>1167</SARD>
    <SICI>2645</SICI>
    <SUD>3442</SUD>
  </marketintervaldetail>
  <marketintervaldetail>
    <Data>20141111</Data>
    <Mercato>MGP</Mercato>
    <Ora>19</Ora>
    <Totale>44083</Totale>
    <CNOR>4757</CNOR>
    <CSUD>7089</CSUD>
    <NORD>24965</NORD>
    <SARD>1207</SARD>
    <SICI>2686</SICI>
    <SUD>3379</SUD>
  </marketintervaldetail>
  <marketintervaldetail>
    <Data>20141111</Data>
    <Mercato>MGP</Mercato>
    <Ora>20</Ora>
    <Totale>42364</Totale>
    <CNOR>4566</CNOR>
    <CSUD>7023</CSUD>
    <NORD>23565</NORD>
    <SARD>1225</SARD>
    <SICI>2685</SICI>
    <SUD>3300</SUD>
  </marketintervaldetail>
  <marketintervaldetail>
    <Data>20141111</Data>
    <Mercato>MGP</Mercato>
    <Ora>21</Ora>
    <Totale>39482</Totale>
    <CNOR>4212</CNOR>
    <CSUD>6468</CSUD>
    <NORD>21981</NORD>
    <SARD>1185</SARD>
    <SICI>2590</SICI>
    <SUD>3046</SUD>
  </marketintervaldetail>
  <marketintervaldetail>
    <Data>20141111</Data>
    <Mercato>MGP</Mercato>
    <Ora>22</Ora>
    <Totale>36231</Totale>
    <CNOR>3891</CNOR>
    <CSUD>5910</CSUD>
    <NORD>20255</NORD>
    <SARD>1095</SARD>
    <SICI>2225</SICI>
    <SUD>2855</SUD>
  </marketintervaldetail>
  <marketintervaldetail>
    <Data>20141111</Data>
    <Mercato>MGP</Mercato>
    <Ora>23</Ora>
    <Totale>32521</Totale>
    <CNOR>3519</CNOR>
    <CSUD>5309</CSUD>
    <NORD>18037</NORD>
    <SARD>1002</SARD>
    <SICI>2073</SICI>
    <SUD>2581</SUD>
  </marketintervaldetail>
  <marketintervaldetail>
    <Data>20141111</Data>
    <Mercato>MGP</Mercato>
    <Ora>24</Ora>
    <Totale>29427</Totale>
    <CNOR>3146</CNOR>
    <CSUD>4737</CSUD>
    <NORD>16423</NORD>
    <SARD>930</SARD>
    <SICI>1903</SICI>
    <SUD>2288</SUD>
  </marketintervaldetail>
</NewDataSet>