<?xml version="1.0" standalone="yes"?>
<NewDataSet>
  <xs:schema id="NewDataSet" xmlns="" xmlns:xs="http://www.w3.org/2001/XMLSchema" xmlns:msdata="urn:schemas-microsoft-com:xml-msdata">
    <xs:element name="NewDataSet" msdata:IsDataSet="true" msdata:MainDataTable="marketintervaldetail" msdata:UseCurrentLocale="true">
      <xs:complexType>
        <xs:choice minOccurs="0" maxOccurs="unbounded">
          <xs:element name="marketintervaldetail">
            <xs:complexType>
              <xs:sequence>
                <xs:element name="Data" type="xs:string" minOccurs="0" />
                <xs:element name="Mercato" type="xs:string" minOccurs="0" />
                <xs:element name="Ora" type="xs:string" minOccurs="0" />
                <xs:element name="Totale" type="xs:string" minOccurs="0" />
                <xs:element name="CNOR" type="xs:string" minOccurs="0" />
                <xs:element name="CSUD" type="xs:string" minOccurs="0" />
                <xs:element name="NORD" type="xs:string" minOccurs="0" />
                <xs:element name="SARD" type="xs:string" minOccurs="0" />
                <xs:element name="SICI" type="xs:string" minOccurs="0" />
                <xs:element name="SUD" type="xs:string" minOccurs="0" />
              </xs:sequence>
            </xs:complexType>
          </xs:element>
        </xs:choice>
      </xs:complexType>
    </xs:element>
  </xs:schema>
  <marketintervaldetail>
    <Data>20141108</Data>
    <Mercato>MGP</Mercato>
    <Ora>01</Ora>
    <Totale>25756</Totale>
    <CNOR>2838</CNOR>
    <CSUD>4182</CSUD>
    <NORD>14187</NORD>
    <SARD>729</SARD>
    <SICI>1671</SICI>
    <SUD>2149</SUD>
  </marketintervaldetail>
  <marketintervaldetail>
    <Data>20141108</Data>
    <Mercato>MGP</Mercato>
    <Ora>02</Ora>
    <Totale>24048</Totale>
    <CNOR>2678</CNOR>
    <CSUD>3899</CSUD>
    <NORD>13268</NORD>
    <SARD>693</SARD>
    <SICI>1546</SICI>
    <SUD>1964</SUD>
  </marketintervaldetail>
  <marketintervaldetail>
    <Data>20141108</Data>
    <Mercato>MGP</Mercato>
    <Ora>03</Ora>
    <Totale>22809</Totale>
    <CNOR>2529</CNOR>
    <CSUD>3678</CSUD>
    <NORD>12543</NORD>
    <SARD>668</SARD>
    <SICI>1506</SICI>
    <SUD>1885</SUD>
  </marketintervaldetail>
  <marketintervaldetail>
    <Data>20141108</Data>
    <Mercato>MGP</Mercato>
    <Ora>04</Ora>
    <Totale>22420</Totale>
    <CNOR>2527</CNOR>
    <CSUD>3608</CSUD>
    <NORD>12257</NORD>
    <SARD>670</SARD>
    <SICI>1489</SICI>
    <SUD>1869</SUD>
  </marketintervaldetail>
  <marketintervaldetail>
    <Data>20141108</Data>
    <Mercato>MGP</Mercato>
    <Ora>05</Ora>
    <Totale>22307</Totale>
    <CNOR>2520</CNOR>
    <CSUD>3583</CSUD>
    <NORD>12151</NORD>
    <SARD>679</SARD>
    <SICI>1499</SICI>
    <SUD>1875</SUD>
  </marketintervaldetail>
  <marketintervaldetail>
    <Data>20141108</Data>
    <Mercato>MGP</Mercato>
    <Ora>06</Ora>
    <Totale>22708</Totale>
    <CNOR>2522</CNOR>
    <CSUD>3673</CSUD>
    <NORD>12310</NORD>
    <SARD>690</SARD>
    <SICI>1567</SICI>
    <SUD>1946</SUD>
  </marketintervaldetail>
  <marketintervaldetail>
    <Data>20141108</Data>
    <Mercato>MGP</Mercato>
    <Ora>07</Ora>
    <Totale>24385</Totale>
    <CNOR>2706</CNOR>
    <CSUD>3895</CSUD>
    <NORD>13369</NORD>
    <SARD>735</SARD>
    <SICI>1638</SICI>
    <SUD>2042</SUD>
  </marketintervaldetail>
  <marketintervaldetail>
    <Data>20141108</Data>
    <Mercato>MGP</Mercato>
    <Ora>08</Ora>
    <Totale>26799</Totale>
    <CNOR>2870</CNOR>
    <CSUD>4198</CSUD>
    <NORD>14878</NORD>
    <SARD>788</SARD>
    <SICI>1802</SICI>
    <SUD>2263</SUD>
  </marketintervaldetail>
  <marketintervaldetail>
    <Data>20141108</Data>
    <Mercato>MGP</Mercato>
    <Ora>09</Ora>
    <Totale>29289</Totale>
    <CNOR>3053</CNOR>
    <CSUD>4658</CSUD>
    <NORD>16413</NORD>
    <SARD>826</SARD>
    <SICI>1975</SICI>
    <SUD>2364</SUD>
  </marketintervaldetail>
  <marketintervaldetail>
    <Data>20141108</Data>
    <Mercato>MGP</Mercato>
    <Ora>10</Ora>
    <Totale>30819</Totale>
    <CNOR>3214</CNOR>
    <CSUD>5102</CSUD>
    <NORD>17259</NORD>
    <SARD>804</SARD>
    <SICI>2036</SICI>
    <SUD>2404</SUD>
  </marketintervaldetail>
  <marketintervaldetail>
    <Data>20141108</Data>
    <Mercato>MGP</Mercato>
    <Ora>11</Ora>
    <Totale>30886</Totale>
    <CNOR>3255</CNOR>
    <CSUD>5151</CSUD>
    <NORD>17254</NORD>
    <SARD>796</SARD>
    <SICI>1976</SICI>
    <SUD>2454</SUD>
  </marketintervaldetail>
  <marketintervaldetail>
    <Data>20141108</Data>
    <Mercato>MGP</Mercato>
    <Ora>12</Ora>
    <Totale>30572</Totale>
    <CNOR>3200</CNOR>
    <CSUD>5159</CSUD>
    <NORD>16970</NORD>
    <SARD>762</SARD>
    <SICI>1927</SICI>
    <SUD>2554</SUD>
  </marketintervaldetail>
  <marketintervaldetail>
    <Data>20141108</Data>
    <Mercato>MGP</Mercato>
    <Ora>13</Ora>
    <Totale>28292</Totale>
    <CNOR>3013</CNOR>
    <CSUD>4835</CSUD>
    <NORD>15556</NORD>
    <SARD>756</SARD>
    <SICI>1831</SICI>
    <SUD>2301</SUD>
  </marketintervaldetail>
  <marketintervaldetail>
    <Data>20141108</Data>
    <Mercato>MGP</Mercato>
    <Ora>14</Ora>
    <Totale>26704</Totale>
    <CNOR>2845</CNOR>
    <CSUD>4683</CSUD>
    <NORD>14513</NORD>
    <SARD>741</SARD>
    <SICI>1796</SICI>
    <SUD>2126</SUD>
  </marketintervaldetail>
  <marketintervaldetail>
    <Data>20141108</Data>
    <Mercato>MGP</Mercato>
    <Ora>15</Ora>
    <Totale>25922</Totale>
    <CNOR>2848</CNOR>
    <CSUD>4490</CSUD>
    <NORD>14038</NORD>
    <SARD>723</SARD>
    <SICI>1778</SICI>
    <SUD>2045</SUD>
  </marketintervaldetail>
  <marketintervaldetail>
    <Data>20141108</Data>
    <Mercato>MGP</Mercato>
    <Ora>16</Ora>
    <Totale>26396</Totale>
    <CNOR>2970</CNOR>
    <CSUD>4483</CSUD>
    <NORD>14298</NORD>
    <SARD>742</SARD>
    <SICI>1800</SICI>
    <SUD>2103</SUD>
  </marketintervaldetail>
  <marketintervaldetail>
    <Data>20141108</Data>
    <Mercato>MGP</Mercato>
    <Ora>17</Ora>
    <Totale>27894</Totale>
    <CNOR>3121</CNOR>
    <CSUD>4777</CSUD>
    <NORD>15045</NORD>
    <SARD>769</SARD>
    <SICI>1895</SICI>
    <SUD>2287</SUD>
  </marketintervaldetail>
  <marketintervaldetail>
    <Data>20141108</Data>
    <Mercato>MGP</Mercato>
    <Ora>18</Ora>
    <Totale>32537</Totale>
    <CNOR>3508</CNOR>
    <CSUD>5503</CSUD>
    <NORD>17576</NORD>
    <SARD>895</SARD>
    <SICI>2210</SICI>
    <SUD>2845</SUD>
  </marketintervaldetail>
  <marketintervaldetail>
    <Data>20141108</Data>
    <Mercato>MGP</Mercato>
    <Ora>19</Ora>
    <Totale>33749</Totale>
    <CNOR>3637</CNOR>
    <CSUD>5701</CSUD>
    <NORD>18319</NORD>
    <SARD>957</SARD>
    <SICI>2281</SICI>
    <SUD>2854</SUD>
  </marketintervaldetail>
  <marketintervaldetail>
    <Data>20141108</Data>
    <Mercato>MGP</Mercato>
    <Ora>20</Ora>
    <Totale>33500</Totale>
    <CNOR>3671</CNOR>
    <CSUD>5712</CSUD>
    <NORD>18075</NORD>
    <SARD>962</SARD>
    <SICI>2277</SICI>
    <SUD>2803</SUD>
  </marketintervaldetail>
  <marketintervaldetail>
    <Data>20141108</Data>
    <Mercato>MGP</Mercato>
    <Ora>21</Ora>
    <Totale>31099</Totale>
    <CNOR>3408</CNOR>
    <CSUD>5309</CSUD>
    <NORD>16629</NORD>
    <SARD>927</SARD>
    <SICI>2167</SICI>
    <SUD>2659</SUD>
  </marketintervaldetail>
  <marketintervaldetail>
    <Data>20141108</Data>
    <Mercato>MGP</Mercato>
    <Ora>22</Ora>
    <Totale>28041</Totale>
    <CNOR>3123</CNOR>
    <CSUD>4820</CSUD>
    <NORD>14844</NORD>
    <SARD>849</SARD>
    <SICI>1970</SICI>
    <SUD>2435</SUD>
  </marketintervaldetail>
  <marketintervaldetail>
    <Data>20141108</Data>
    <Mercato>MGP</Mercato>
    <Ora>23</Ora>
    <Totale>25634</Totale>
    <CNOR>2818</CNOR>
    <CSUD>4449</CSUD>
    <NORD>13504</NORD>
    <SARD>797</SARD>
    <SICI>1838</SICI>
    <SUD>2228</SUD>
  </marketintervaldetail>
  <marketintervaldetail>
    <Data>20141108</Data>
    <Mercato>MGP</Mercato>
    <Ora>24</Ora>
    <Totale>23684</Totale>
    <CNOR>2599</CNOR>
    <CSUD>4103</CSUD>
    <NORD>12468</NORD>
    <SARD>771</SARD>
    <SICI>1677</SICI>
    <SUD>2066</SUD>
  </marketintervaldetail>
</NewDataSet>