<?xml version="1.0" standalone="yes"?>
<NewDataSet>
  <xs:schema id="NewDataSet" xmlns="" xmlns:xs="http://www.w3.org/2001/XMLSchema" xmlns:msdata="urn:schemas-microsoft-com:xml-msdata">
    <xs:element name="NewDataSet" msdata:IsDataSet="true" msdata:MainDataTable="marketintervaldetail" msdata:UseCurrentLocale="true">
      <xs:complexType>
        <xs:choice minOccurs="0" maxOccurs="unbounded">
          <xs:element name="marketintervaldetail">
            <xs:complexType>
              <xs:sequence>
                <xs:element name="Data" type="xs:string" minOccurs="0" />
                <xs:element name="Mercato" type="xs:string" minOccurs="0" />
                <xs:element name="Ora" type="xs:string" minOccurs="0" />
                <xs:element name="Totale" type="xs:string" minOccurs="0" />
                <xs:element name="CNOR" type="xs:string" minOccurs="0" />
                <xs:element name="CSUD" type="xs:string" minOccurs="0" />
                <xs:element name="NORD" type="xs:string" minOccurs="0" />
                <xs:element name="SARD" type="xs:string" minOccurs="0" />
                <xs:element name="SICI" type="xs:string" minOccurs="0" />
                <xs:element name="SUD" type="xs:string" minOccurs="0" />
              </xs:sequence>
            </xs:complexType>
          </xs:element>
        </xs:choice>
      </xs:complexType>
    </xs:element>
  </xs:schema>
  <marketintervaldetail>
    <Data>20141106</Data>
    <Mercato>MGP</Mercato>
    <Ora>01</Ora>
    <Totale>25808</Totale>
    <CNOR>2682</CNOR>
    <CSUD>4268</CSUD>
    <NORD>14430</NORD>
    <SARD>852</SARD>
    <SICI>1560</SICI>
    <SUD>2016</SUD>
  </marketintervaldetail>
  <marketintervaldetail>
    <Data>20141106</Data>
    <Mercato>MGP</Mercato>
    <Ora>02</Ora>
    <Totale>24196</Totale>
    <CNOR>2469</CNOR>
    <CSUD>3950</CSUD>
    <NORD>13657</NORD>
    <SARD>814</SARD>
    <SICI>1511</SICI>
    <SUD>1795</SUD>
  </marketintervaldetail>
  <marketintervaldetail>
    <Data>20141106</Data>
    <Mercato>MGP</Mercato>
    <Ora>03</Ora>
    <Totale>23260</Totale>
    <CNOR>2411</CNOR>
    <CSUD>3786</CSUD>
    <NORD>13127</NORD>
    <SARD>800</SARD>
    <SICI>1500</SICI>
    <SUD>1636</SUD>
  </marketintervaldetail>
  <marketintervaldetail>
    <Data>20141106</Data>
    <Mercato>MGP</Mercato>
    <Ora>04</Ora>
    <Totale>22960</Totale>
    <CNOR>2335</CNOR>
    <CSUD>3692</CSUD>
    <NORD>13015</NORD>
    <SARD>802</SARD>
    <SICI>1450</SICI>
    <SUD>1666</SUD>
  </marketintervaldetail>
  <marketintervaldetail>
    <Data>20141106</Data>
    <Mercato>MGP</Mercato>
    <Ora>05</Ora>
    <Totale>23337</Totale>
    <CNOR>2356</CNOR>
    <CSUD>3726</CSUD>
    <NORD>13282</NORD>
    <SARD>803</SARD>
    <SICI>1496</SICI>
    <SUD>1674</SUD>
  </marketintervaldetail>
  <marketintervaldetail>
    <Data>20141106</Data>
    <Mercato>MGP</Mercato>
    <Ora>06</Ora>
    <Totale>25006</Totale>
    <CNOR>2611</CNOR>
    <CSUD>3937</CSUD>
    <NORD>14256</NORD>
    <SARD>834</SARD>
    <SICI>1536</SICI>
    <SUD>1832</SUD>
  </marketintervaldetail>
  <marketintervaldetail>
    <Data>20141106</Data>
    <Mercato>MGP</Mercato>
    <Ora>07</Ora>
    <Totale>30134</Totale>
    <CNOR>3205</CNOR>
    <CSUD>4621</CSUD>
    <NORD>17646</NORD>
    <SARD>937</SARD>
    <SICI>1645</SICI>
    <SUD>2080</SUD>
  </marketintervaldetail>
  <marketintervaldetail>
    <Data>20141106</Data>
    <Mercato>MGP</Mercato>
    <Ora>08</Ora>
    <Totale>35393</Totale>
    <CNOR>3658</CNOR>
    <CSUD>5339</CSUD>
    <NORD>20921</NORD>
    <SARD>1043</SARD>
    <SICI>2088</SICI>
    <SUD>2344</SUD>
  </marketintervaldetail>
  <marketintervaldetail>
    <Data>20141106</Data>
    <Mercato>MGP</Mercato>
    <Ora>09</Ora>
    <Totale>40085</Totale>
    <CNOR>4035</CNOR>
    <CSUD>5984</CSUD>
    <NORD>24046</NORD>
    <SARD>1095</SARD>
    <SICI>2342</SICI>
    <SUD>2583</SUD>
  </marketintervaldetail>
  <marketintervaldetail>
    <Data>20141106</Data>
    <Mercato>MGP</Mercato>
    <Ora>10</Ora>
    <Totale>42046</Totale>
    <CNOR>4332</CNOR>
    <CSUD>6295</CSUD>
    <NORD>25349</NORD>
    <SARD>1130</SARD>
    <SICI>2460</SICI>
    <SUD>2480</SUD>
  </marketintervaldetail>
  <marketintervaldetail>
    <Data>20141106</Data>
    <Mercato>MGP</Mercato>
    <Ora>11</Ora>
    <Totale>42024</Totale>
    <CNOR>4439</CNOR>
    <CSUD>6293</CSUD>
    <NORD>25540</NORD>
    <SARD>1103</SARD>
    <SICI>2317</SICI>
    <SUD>2332</SUD>
  </marketintervaldetail>
  <marketintervaldetail>
    <Data>20141106</Data>
    <Mercato>MGP</Mercato>
    <Ora>12</Ora>
    <Totale>41329</Totale>
    <CNOR>4334</CNOR>
    <CSUD>6113</CSUD>
    <NORD>25283</NORD>
    <SARD>1100</SARD>
    <SICI>2177</SICI>
    <SUD>2322</SUD>
  </marketintervaldetail>
  <marketintervaldetail>
    <Data>20141106</Data>
    <Mercato>MGP</Mercato>
    <Ora>13</Ora>
    <Totale>39085</Totale>
    <CNOR>4186</CNOR>
    <CSUD>6104</CSUD>
    <NORD>22757</NORD>
    <SARD>1043</SARD>
    <SICI>2375</SICI>
    <SUD>2620</SUD>
  </marketintervaldetail>
  <marketintervaldetail>
    <Data>20141106</Data>
    <Mercato>MGP</Mercato>
    <Ora>14</Ora>
    <Totale>38555</Totale>
    <CNOR>4032</CNOR>
    <CSUD>6038</CSUD>
    <NORD>22676</NORD>
    <SARD>1034</SARD>
    <SICI>2358</SICI>
    <SUD>2417</SUD>
  </marketintervaldetail>
  <marketintervaldetail>
    <Data>20141106</Data>
    <Mercato>MGP</Mercato>
    <Ora>15</Ora>
    <Totale>39582</Totale>
    <CNOR>4238</CNOR>
    <CSUD>6131</CSUD>
    <NORD>23477</NORD>
    <SARD>969</SARD>
    <SICI>2361</SICI>
    <SUD>2406</SUD>
  </marketintervaldetail>
  <marketintervaldetail>
    <Data>20141106</Data>
    <Mercato>MGP</Mercato>
    <Ora>16</Ora>
    <Totale>40234</Totale>
    <CNOR>4270</CNOR>
    <CSUD>6156</CSUD>
    <NORD>23999</NORD>
    <SARD>967</SARD>
    <SICI>2381</SICI>
    <SUD>2461</SUD>
  </marketintervaldetail>
  <marketintervaldetail>
    <Data>20141106</Data>
    <Mercato>MGP</Mercato>
    <Ora>17</Ora>
    <Totale>40791</Totale>
    <CNOR>4280</CNOR>
    <CSUD>6093</CSUD>
    <NORD>24442</NORD>
    <SARD>960</SARD>
    <SICI>2398</SICI>
    <SUD>2618</SUD>
  </marketintervaldetail>
  <marketintervaldetail>
    <Data>20141106</Data>
    <Mercato>MGP</Mercato>
    <Ora>18</Ora>
    <Totale>43111</Totale>
    <CNOR>4550</CNOR>
    <CSUD>6641</CSUD>
    <NORD>24886</NORD>
    <SARD>1023</SARD>
    <SICI>2700</SICI>
    <SUD>3311</SUD>
  </marketintervaldetail>
  <marketintervaldetail>
    <Data>20141106</Data>
    <Mercato>MGP</Mercato>
    <Ora>19</Ora>
    <Totale>43464</Totale>
    <CNOR>4565</CNOR>
    <CSUD>6811</CSUD>
    <NORD>24817</NORD>
    <SARD>1096</SARD>
    <SICI>2715</SICI>
    <SUD>3460</SUD>
  </marketintervaldetail>
  <marketintervaldetail>
    <Data>20141106</Data>
    <Mercato>MGP</Mercato>
    <Ora>20</Ora>
    <Totale>42271</Totale>
    <CNOR>4459</CNOR>
    <CSUD>6860</CSUD>
    <NORD>23716</NORD>
    <SARD>1125</SARD>
    <SICI>2710</SICI>
    <SUD>3401</SUD>
  </marketintervaldetail>
  <marketintervaldetail>
    <Data>20141106</Data>
    <Mercato>MGP</Mercato>
    <Ora>21</Ora>
    <Totale>39816</Totale>
    <CNOR>4173</CNOR>
    <CSUD>6497</CSUD>
    <NORD>22136</NORD>
    <SARD>1077</SARD>
    <SICI>2635</SICI>
    <SUD>3298</SUD>
  </marketintervaldetail>
  <marketintervaldetail>
    <Data>20141106</Data>
    <Mercato>MGP</Mercato>
    <Ora>22</Ora>
    <Totale>36461</Totale>
    <CNOR>3788</CNOR>
    <CSUD>5996</CSUD>
    <NORD>20204</NORD>
    <SARD>989</SARD>
    <SICI>2457</SICI>
    <SUD>3027</SUD>
  </marketintervaldetail>
  <marketintervaldetail>
    <Data>20141106</Data>
    <Mercato>MGP</Mercato>
    <Ora>23</Ora>
    <Totale>32744</Totale>
    <CNOR>3396</CNOR>
    <CSUD>5462</CSUD>
    <NORD>18062</NORD>
    <SARD>923</SARD>
    <SICI>2235</SICI>
    <SUD>2666</SUD>
  </marketintervaldetail>
  <marketintervaldetail>
    <Data>20141106</Data>
    <Mercato>MGP</Mercato>
    <Ora>24</Ora>
    <Totale>29520</Totale>
    <CNOR>2987</CNOR>
    <CSUD>4813</CSUD>
    <NORD>16474</NORD>
    <SARD>859</SARD>
    <SICI>2049</SICI>
    <SUD>2338</SUD>
  </marketintervaldetail>
</NewDataSet>