<?xml version="1.0" standalone="yes"?>
<NewDataSet>
  <xs:schema id="NewDataSet" xmlns="" xmlns:xs="http://www.w3.org/2001/XMLSchema" xmlns:msdata="urn:schemas-microsoft-com:xml-msdata">
    <xs:element name="NewDataSet" msdata:IsDataSet="true" msdata:UseCurrentLocale="true">
      <xs:complexType>
        <xs:choice minOccurs="0" maxOccurs="unbounded">
          <xs:element name="Prezzi">
            <xs:complexType>
              <xs:sequence>
                <xs:element name="Data" type="xs:string" minOccurs="0" />
                <xs:element name="Mercato" type="xs:string" minOccurs="0" />
                <xs:element name="Ora" type="xs:string" minOccurs="0" />
                <xs:element name="PUN" type="xs:string" minOccurs="0" />
                <xs:element name="NAT" type="xs:string" minOccurs="0" />
                <xs:element name="CNOR" type="xs:string" minOccurs="0" />
                <xs:element name="CSUD" type="xs:string" minOccurs="0" />
                <xs:element name="NORD" type="xs:string" minOccurs="0" />
                <xs:element name="SARD" type="xs:string" minOccurs="0" />
                <xs:element name="SICI" type="xs:string" minOccurs="0" />
                <xs:element name="SUD" type="xs:string" minOccurs="0" />
                <xs:element name="AUST" type="xs:string" minOccurs="0" />
                <xs:element name="BRNN" type="xs:string" minOccurs="0" />
                <xs:element name="COAC" type="xs:string" minOccurs="0" />
                <xs:element name="CORS" type="xs:string" minOccurs="0" />
                <xs:element name="FOGN" type="xs:string" minOccurs="0" />
                <xs:element name="FRAN" type="xs:string" minOccurs="0" />
                <xs:element name="GREC" type="xs:string" minOccurs="0" />
                <xs:element name="MFTV" type="xs:string" minOccurs="0" />
                <xs:element name="PRGP" type="xs:string" minOccurs="0" />
                <xs:element name="ROSN" type="xs:string" minOccurs="0" />
                <xs:element name="SLOV" type="xs:string" minOccurs="0" />
                <xs:element name="SVIZ" type="xs:string" minOccurs="0" />
                <xs:element name="BSP" type="xs:string" minOccurs="0" />
                <xs:element name="MALT" type="xs:string" minOccurs="0" />
                <xs:element name="XAUS" type="xs:string" minOccurs="0" />
                <xs:element name="XFRA" type="xs:string" minOccurs="0" />
              </xs:sequence>
            </xs:complexType>
          </xs:element>
        </xs:choice>
      </xs:complexType>
    </xs:element>
  </xs:schema>
  <Prezzi>
    <Data>20161118</Data>
    <Mercato>MGP</Mercato>
    <Ora>1</Ora>
    <PUN>50,000000</PUN>
    <NAT>50,000000</NAT>
    <CNOR>50,000000</CNOR>
    <CSUD>50,000000</CSUD>
    <NORD>50,000000</NORD>
    <SARD>50,000000</SARD>
    <SICI>50,000000</SICI>
    <SUD>50,000000</SUD>
    <AUST>50,000000</AUST>
    <BRNN>50,000000</BRNN>
    <COAC>50,000000</COAC>
    <CORS>50,000000</CORS>
    <FOGN>50,000000</FOGN>
    <FRAN>50,000000</FRAN>
    <GREC>50,000000</GREC>
    <MFTV>50,000000</MFTV>
    <PRGP>50,000000</PRGP>
    <ROSN>50,000000</ROSN>
    <SLOV>50,000000</SLOV>
    <SVIZ>50,000000</SVIZ>
    <BSP>50,000000</BSP>
    <MALT>50,000000</MALT>
    <XAUS>50,000000</XAUS>
    <XFRA>50,000000</XFRA>
  </Prezzi>
  <Prezzi>
    <Data>20161118</Data>
    <Mercato>MGP</Mercato>
    <Ora>2</Ora>
    <PUN>45,540000</PUN>
    <NAT>45,540000</NAT>
    <CNOR>45,540000</CNOR>
    <CSUD>45,540000</CSUD>
    <NORD>45,540000</NORD>
    <SARD>45,540000</SARD>
    <SICI>45,540000</SICI>
    <SUD>45,540000</SUD>
    <AUST>45,540000</AUST>
    <BRNN>45,540000</BRNN>
    <COAC>45,540000</COAC>
    <CORS>45,540000</CORS>
    <FOGN>45,540000</FOGN>
    <FRAN>45,540000</FRAN>
    <GREC>45,540000</GREC>
    <MFTV>45,540000</MFTV>
    <PRGP>45,540000</PRGP>
    <ROSN>45,540000</ROSN>
    <SLOV>45,540000</SLOV>
    <SVIZ>45,540000</SVIZ>
    <BSP>45,540000</BSP>
    <MALT>45,540000</MALT>
    <XAUS>45,540000</XAUS>
    <XFRA>45,540000</XFRA>
  </Prezzi>
  <Prezzi>
    <Data>20161118</Data>
    <Mercato>MGP</Mercato>
    <Ora>3</Ora>
    <PUN>45,000000</PUN>
    <NAT>45,000000</NAT>
    <CNOR>45,000000</CNOR>
    <CSUD>45,000000</CSUD>
    <NORD>45,000000</NORD>
    <SARD>45,000000</SARD>
    <SICI>45,000000</SICI>
    <SUD>45,000000</SUD>
    <AUST>45,000000</AUST>
    <BRNN>45,000000</BRNN>
    <COAC>45,000000</COAC>
    <CORS>45,000000</CORS>
    <FOGN>45,000000</FOGN>
    <FRAN>45,000000</FRAN>
    <GREC>45,000000</GREC>
    <MFTV>45,000000</MFTV>
    <PRGP>45,000000</PRGP>
    <ROSN>45,000000</ROSN>
    <SLOV>45,000000</SLOV>
    <SVIZ>45,000000</SVIZ>
    <BSP>45,000000</BSP>
    <MALT>45,000000</MALT>
    <XAUS>45,000000</XAUS>
    <XFRA>45,000000</XFRA>
  </Prezzi>
  <Prezzi>
    <Data>20161118</Data>
    <Mercato>MGP</Mercato>
    <Ora>4</Ora>
    <PUN>43,990000</PUN>
    <NAT>43,990000</NAT>
    <CNOR>43,990000</CNOR>
    <CSUD>43,990000</CSUD>
    <NORD>43,990000</NORD>
    <SARD>43,990000</SARD>
    <SICI>43,990000</SICI>
    <SUD>43,990000</SUD>
    <AUST>43,990000</AUST>
    <BRNN>43,990000</BRNN>
    <COAC>43,990000</COAC>
    <CORS>43,990000</CORS>
    <FOGN>43,990000</FOGN>
    <FRAN>43,990000</FRAN>
    <GREC>43,990000</GREC>
    <MFTV>43,990000</MFTV>
    <PRGP>43,990000</PRGP>
    <ROSN>43,990000</ROSN>
    <SLOV>43,990000</SLOV>
    <SVIZ>43,990000</SVIZ>
    <BSP>43,990000</BSP>
    <MALT>43,990000</MALT>
    <XAUS>43,990000</XAUS>
    <XFRA>43,990000</XFRA>
  </Prezzi>
  <Prezzi>
    <Data>20161118</Data>
    <Mercato>MGP</Mercato>
    <Ora>5</Ora>
    <PUN>41,960000</PUN>
    <NAT>41,960000</NAT>
    <CNOR>41,960000</CNOR>
    <CSUD>41,960000</CSUD>
    <NORD>41,960000</NORD>
    <SARD>41,960000</SARD>
    <SICI>41,960000</SICI>
    <SUD>41,960000</SUD>
    <AUST>41,960000</AUST>
    <BRNN>41,960000</BRNN>
    <COAC>41,960000</COAC>
    <CORS>41,960000</CORS>
    <FOGN>41,960000</FOGN>
    <FRAN>41,960000</FRAN>
    <GREC>41,960000</GREC>
    <MFTV>41,960000</MFTV>
    <PRGP>41,960000</PRGP>
    <ROSN>41,960000</ROSN>
    <SLOV>41,960000</SLOV>
    <SVIZ>41,960000</SVIZ>
    <BSP>41,960000</BSP>
    <MALT>41,960000</MALT>
    <XAUS>41,960000</XAUS>
    <XFRA>41,960000</XFRA>
  </Prezzi>
  <Prezzi>
    <Data>20161118</Data>
    <Mercato>MGP</Mercato>
    <Ora>6</Ora>
    <PUN>48,000000</PUN>
    <NAT>48,000000</NAT>
    <CNOR>48,000000</CNOR>
    <CSUD>48,000000</CSUD>
    <NORD>48,000000</NORD>
    <SARD>48,000000</SARD>
    <SICI>48,000000</SICI>
    <SUD>48,000000</SUD>
    <AUST>48,000000</AUST>
    <BRNN>48,000000</BRNN>
    <COAC>48,000000</COAC>
    <CORS>48,000000</CORS>
    <FOGN>48,000000</FOGN>
    <FRAN>48,000000</FRAN>
    <GREC>48,000000</GREC>
    <MFTV>48,000000</MFTV>
    <PRGP>48,000000</PRGP>
    <ROSN>48,000000</ROSN>
    <SLOV>48,000000</SLOV>
    <SVIZ>48,000000</SVIZ>
    <BSP>48,000000</BSP>
    <MALT>48,000000</MALT>
    <XAUS>48,000000</XAUS>
    <XFRA>48,000000</XFRA>
  </Prezzi>
  <Prezzi>
    <Data>20161118</Data>
    <Mercato>MGP</Mercato>
    <Ora>7</Ora>
    <PUN>54,570000</PUN>
    <NAT>54,570000</NAT>
    <CNOR>54,570000</CNOR>
    <CSUD>54,570000</CSUD>
    <NORD>54,570000</NORD>
    <SARD>54,570000</SARD>
    <SICI>54,570000</SICI>
    <SUD>54,570000</SUD>
    <AUST>54,570000</AUST>
    <BRNN>54,570000</BRNN>
    <COAC>54,570000</COAC>
    <CORS>54,570000</CORS>
    <FOGN>54,570000</FOGN>
    <FRAN>54,570000</FRAN>
    <GREC>54,570000</GREC>
    <MFTV>54,570000</MFTV>
    <PRGP>54,570000</PRGP>
    <ROSN>54,570000</ROSN>
    <SLOV>54,570000</SLOV>
    <SVIZ>54,570000</SVIZ>
    <BSP>54,570000</BSP>
    <MALT>54,570000</MALT>
    <XAUS>54,570000</XAUS>
    <XFRA>54,570000</XFRA>
  </Prezzi>
  <Prezzi>
    <Data>20161118</Data>
    <Mercato>MGP</Mercato>
    <Ora>8</Ora>
    <PUN>61,446830</PUN>
    <NAT>60,600000</NAT>
    <CNOR>58,000000</CNOR>
    <CSUD>58,000000</CSUD>
    <NORD>63,650000</NORD>
    <SARD>58,000000</SARD>
    <SICI>58,000000</SICI>
    <SUD>58,000000</SUD>
    <AUST>63,650000</AUST>
    <BRNN>58,000000</BRNN>
    <COAC>58,000000</COAC>
    <CORS>58,000000</CORS>
    <FOGN>58,000000</FOGN>
    <FRAN>63,650000</FRAN>
    <GREC>58,000000</GREC>
    <MFTV>63,650000</MFTV>
    <PRGP>58,000000</PRGP>
    <ROSN>58,000000</ROSN>
    <SLOV>63,650000</SLOV>
    <SVIZ>63,650000</SVIZ>
    <BSP>63,650000</BSP>
    <MALT>58,000000</MALT>
    <XAUS>63,650000</XAUS>
    <XFRA>63,650000</XFRA>
  </Prezzi>
  <Prezzi>
    <Data>20161118</Data>
    <Mercato>MGP</Mercato>
    <Ora>9</Ora>
    <PUN>67,820000</PUN>
    <NAT>67,000000</NAT>
    <CNOR>67,820000</CNOR>
    <CSUD>67,820000</CSUD>
    <NORD>67,820000</NORD>
    <SARD>67,820000</SARD>
    <SICI>67,820000</SICI>
    <SUD>67,820000</SUD>
    <AUST>67,820000</AUST>
    <BRNN>67,820000</BRNN>
    <COAC>67,820000</COAC>
    <CORS>67,820000</CORS>
    <FOGN>67,820000</FOGN>
    <FRAN>67,820000</FRAN>
    <GREC>67,820000</GREC>
    <MFTV>67,820000</MFTV>
    <PRGP>67,820000</PRGP>
    <ROSN>67,820000</ROSN>
    <SLOV>67,820000</SLOV>
    <SVIZ>67,820000</SVIZ>
    <BSP>67,820000</BSP>
    <MALT>67,820000</MALT>
    <XAUS>67,820000</XAUS>
    <XFRA>67,820000</XFRA>
  </Prezzi>
  <Prezzi>
    <Data>20161118</Data>
    <Mercato>MGP</Mercato>
    <Ora>10</Ora>
    <PUN>64,907380</PUN>
    <NAT>65,000000</NAT>
    <CNOR>67,300000</CNOR>
    <CSUD>59,000000</CSUD>
    <NORD>67,300000</NORD>
    <SARD>59,000000</SARD>
    <SICI>59,000000</SICI>
    <SUD>59,000000</SUD>
    <AUST>67,300000</AUST>
    <BRNN>59,000000</BRNN>
    <COAC>59,000000</COAC>
    <CORS>67,300000</CORS>
    <FOGN>59,000000</FOGN>
    <FRAN>67,300000</FRAN>
    <GREC>59,000000</GREC>
    <MFTV>67,300000</MFTV>
    <PRGP>59,000000</PRGP>
    <ROSN>59,000000</ROSN>
    <SLOV>67,300000</SLOV>
    <SVIZ>67,300000</SVIZ>
    <BSP>67,300000</BSP>
    <MALT>59,000000</MALT>
    <XAUS>67,300000</XAUS>
    <XFRA>67,300000</XFRA>
  </Prezzi>
  <Prezzi>
    <Data>20161118</Data>
    <Mercato>MGP</Mercato>
    <Ora>11</Ora>
    <PUN>64,130020</PUN>
    <NAT>61,500000</NAT>
    <CNOR>67,000000</CNOR>
    <CSUD>57,000000</CSUD>
    <NORD>67,000000</NORD>
    <SARD>57,000000</SARD>
    <SICI>57,000000</SICI>
    <SUD>57,000000</SUD>
    <AUST>67,000000</AUST>
    <BRNN>57,000000</BRNN>
    <COAC>57,000000</COAC>
    <CORS>67,000000</CORS>
    <FOGN>57,000000</FOGN>
    <FRAN>67,000000</FRAN>
    <GREC>57,000000</GREC>
    <MFTV>67,000000</MFTV>
    <PRGP>57,000000</PRGP>
    <ROSN>57,000000</ROSN>
    <SLOV>67,000000</SLOV>
    <SVIZ>67,000000</SVIZ>
    <BSP>67,000000</BSP>
    <MALT>57,000000</MALT>
    <XAUS>67,000000</XAUS>
    <XFRA>67,000000</XFRA>
  </Prezzi>
  <Prezzi>
    <Data>20161118</Data>
    <Mercato>MGP</Mercato>
    <Ora>12</Ora>
    <PUN>62,440550</PUN>
    <NAT>59,000000</NAT>
    <CNOR>56,000000</CNOR>
    <CSUD>56,000000</CSUD>
    <NORD>66,570000</NORD>
    <SARD>56,000000</SARD>
    <SICI>56,000000</SICI>
    <SUD>56,000000</SUD>
    <AUST>66,570000</AUST>
    <BRNN>56,000000</BRNN>
    <COAC>56,000000</COAC>
    <CORS>56,000000</CORS>
    <FOGN>56,000000</FOGN>
    <FRAN>66,570000</FRAN>
    <GREC>56,000000</GREC>
    <MFTV>66,570000</MFTV>
    <PRGP>56,000000</PRGP>
    <ROSN>56,000000</ROSN>
    <SLOV>66,570000</SLOV>
    <SVIZ>66,570000</SVIZ>
    <BSP>66,570000</BSP>
    <MALT>56,000000</MALT>
    <XAUS>66,570000</XAUS>
    <XFRA>66,570000</XFRA>
  </Prezzi>
  <Prezzi>
    <Data>20161118</Data>
    <Mercato>MGP</Mercato>
    <Ora>13</Ora>
    <PUN>59,948740</PUN>
    <NAT>58,000000</NAT>
    <CNOR>55,000000</CNOR>
    <CSUD>55,000000</CSUD>
    <NORD>63,320000</NORD>
    <SARD>55,000000</SARD>
    <SICI>55,000000</SICI>
    <SUD>55,000000</SUD>
    <AUST>63,320000</AUST>
    <BRNN>55,000000</BRNN>
    <COAC>55,000000</COAC>
    <CORS>55,000000</CORS>
    <FOGN>55,000000</FOGN>
    <FRAN>63,320000</FRAN>
    <GREC>55,000000</GREC>
    <MFTV>63,320000</MFTV>
    <PRGP>55,000000</PRGP>
    <ROSN>55,000000</ROSN>
    <SLOV>63,320000</SLOV>
    <SVIZ>63,320000</SVIZ>
    <BSP>63,320000</BSP>
    <MALT>55,000000</MALT>
    <XAUS>63,320000</XAUS>
    <XFRA>63,320000</XFRA>
  </Prezzi>
  <Prezzi>
    <Data>20161118</Data>
    <Mercato>MGP</Mercato>
    <Ora>14</Ora>
    <PUN>59,813220</PUN>
    <NAT>58,000000</NAT>
    <CNOR>54,890000</CNOR>
    <CSUD>54,890000</CSUD>
    <NORD>63,050000</NORD>
    <SARD>54,890000</SARD>
    <SICI>54,890000</SICI>
    <SUD>54,890000</SUD>
    <AUST>63,050000</AUST>
    <BRNN>54,890000</BRNN>
    <COAC>54,890000</COAC>
    <CORS>54,890000</CORS>
    <FOGN>54,890000</FOGN>
    <FRAN>63,050000</FRAN>
    <GREC>54,890000</GREC>
    <MFTV>63,050000</MFTV>
    <PRGP>54,890000</PRGP>
    <ROSN>54,890000</ROSN>
    <SLOV>63,050000</SLOV>
    <SVIZ>63,050000</SVIZ>
    <BSP>63,050000</BSP>
    <MALT>54,890000</MALT>
    <XAUS>63,050000</XAUS>
    <XFRA>63,050000</XFRA>
  </Prezzi>
  <Prezzi>
    <Data>20161118</Data>
    <Mercato>MGP</Mercato>
    <Ora>15</Ora>
    <PUN>60,916420</PUN>
    <NAT>58,530000</NAT>
    <CNOR>62,500000</CNOR>
    <CSUD>57,000000</CSUD>
    <NORD>62,500000</NORD>
    <SARD>57,000000</SARD>
    <SICI>57,000000</SICI>
    <SUD>57,000000</SUD>
    <AUST>62,500000</AUST>
    <BRNN>57,000000</BRNN>
    <COAC>57,000000</COAC>
    <CORS>62,500000</CORS>
    <FOGN>57,000000</FOGN>
    <FRAN>62,500000</FRAN>
    <GREC>57,000000</GREC>
    <MFTV>62,500000</MFTV>
    <PRGP>57,000000</PRGP>
    <ROSN>57,000000</ROSN>
    <SLOV>62,500000</SLOV>
    <SVIZ>62,500000</SVIZ>
    <BSP>62,500000</BSP>
    <MALT>57,000000</MALT>
    <XAUS>62,500000</XAUS>
    <XFRA>62,500000</XFRA>
  </Prezzi>
  <Prezzi>
    <Data>20161118</Data>
    <Mercato>MGP</Mercato>
    <Ora>16</Ora>
    <PUN>62,583320</PUN>
    <NAT>59,000000</NAT>
    <CNOR>64,900000</CNOR>
    <CSUD>57,000000</CSUD>
    <NORD>64,900000</NORD>
    <SARD>57,000000</SARD>
    <SICI>57,000000</SICI>
    <SUD>57,000000</SUD>
    <AUST>64,900000</AUST>
    <BRNN>57,000000</BRNN>
    <COAC>57,000000</COAC>
    <CORS>64,900000</CORS>
    <FOGN>57,000000</FOGN>
    <FRAN>64,900000</FRAN>
    <GREC>57,000000</GREC>
    <MFTV>64,900000</MFTV>
    <PRGP>57,000000</PRGP>
    <ROSN>57,000000</ROSN>
    <SLOV>64,900000</SLOV>
    <SVIZ>64,900000</SVIZ>
    <BSP>64,900000</BSP>
    <MALT>57,000000</MALT>
    <XAUS>64,900000</XAUS>
    <XFRA>64,900000</XFRA>
  </Prezzi>
  <Prezzi>
    <Data>20161118</Data>
    <Mercato>MGP</Mercato>
    <Ora>17</Ora>
    <PUN>64,304520</PUN>
    <NAT>59,000000</NAT>
    <CNOR>67,000000</CNOR>
    <CSUD>58,000000</CSUD>
    <NORD>67,000000</NORD>
    <SARD>58,000000</SARD>
    <SICI>58,000000</SICI>
    <SUD>58,000000</SUD>
    <AUST>67,000000</AUST>
    <BRNN>58,000000</BRNN>
    <COAC>58,000000</COAC>
    <CORS>67,000000</CORS>
    <FOGN>58,000000</FOGN>
    <FRAN>67,000000</FRAN>
    <GREC>58,000000</GREC>
    <MFTV>67,000000</MFTV>
    <PRGP>58,000000</PRGP>
    <ROSN>58,000000</ROSN>
    <SLOV>67,000000</SLOV>
    <SVIZ>67,000000</SVIZ>
    <BSP>67,000000</BSP>
    <MALT>58,000000</MALT>
    <XAUS>67,000000</XAUS>
    <XFRA>67,000000</XFRA>
  </Prezzi>
  <Prezzi>
    <Data>20161118</Data>
    <Mercato>MGP</Mercato>
    <Ora>18</Ora>
    <PUN>68,226770</PUN>
    <NAT>65,080000</NAT>
    <CNOR>70,008060</CNOR>
    <CSUD>64,500000</CSUD>
    <NORD>70,008060</NORD>
    <SARD>64,500000</SARD>
    <SICI>64,500000</SICI>
    <SUD>64,500000</SUD>
    <AUST>70,008060</AUST>
    <BRNN>64,500000</BRNN>
    <COAC>64,500000</COAC>
    <CORS>70,008060</CORS>
    <FOGN>64,500000</FOGN>
    <FRAN>70,008060</FRAN>
    <GREC>64,500000</GREC>
    <MFTV>70,008060</MFTV>
    <PRGP>64,500000</PRGP>
    <ROSN>64,500000</ROSN>
    <SLOV>70,008060</SLOV>
    <SVIZ>70,008060</SVIZ>
    <BSP>70,008060</BSP>
    <MALT>64,500000</MALT>
    <XAUS>70,008060</XAUS>
    <XFRA>70,008060</XFRA>
  </Prezzi>
  <Prezzi>
    <Data>20161118</Data>
    <Mercato>MGP</Mercato>
    <Ora>19</Ora>
    <PUN>73,310000</PUN>
    <NAT>73,310000</NAT>
    <CNOR>73,310000</CNOR>
    <CSUD>73,310000</CSUD>
    <NORD>73,310000</NORD>
    <SARD>73,310000</SARD>
    <SICI>73,310000</SICI>
    <SUD>73,310000</SUD>
    <AUST>73,310000</AUST>
    <BRNN>73,310000</BRNN>
    <COAC>73,310000</COAC>
    <CORS>73,310000</CORS>
    <FOGN>73,310000</FOGN>
    <FRAN>73,310000</FRAN>
    <GREC>73,310000</GREC>
    <MFTV>73,310000</MFTV>
    <PRGP>73,310000</PRGP>
    <ROSN>73,310000</ROSN>
    <SLOV>73,310000</SLOV>
    <SVIZ>73,310000</SVIZ>
    <BSP>73,310000</BSP>
    <MALT>73,310000</MALT>
    <XAUS>73,310000</XAUS>
    <XFRA>73,310000</XFRA>
  </Prezzi>
  <Prezzi>
    <Data>20161118</Data>
    <Mercato>MGP</Mercato>
    <Ora>20</Ora>
    <PUN>67,890000</PUN>
    <NAT>68,000000</NAT>
    <CNOR>67,890000</CNOR>
    <CSUD>67,890000</CSUD>
    <NORD>67,890000</NORD>
    <SARD>67,890000</SARD>
    <SICI>67,890000</SICI>
    <SUD>67,890000</SUD>
    <AUST>67,890000</AUST>
    <BRNN>67,890000</BRNN>
    <COAC>67,890000</COAC>
    <CORS>67,890000</CORS>
    <FOGN>67,890000</FOGN>
    <FRAN>67,890000</FRAN>
    <GREC>67,890000</GREC>
    <MFTV>67,890000</MFTV>
    <PRGP>67,890000</PRGP>
    <ROSN>67,890000</ROSN>
    <SLOV>67,890000</SLOV>
    <SVIZ>67,890000</SVIZ>
    <BSP>67,890000</BSP>
    <MALT>67,890000</MALT>
    <XAUS>67,890000</XAUS>
    <XFRA>67,890000</XFRA>
  </Prezzi>
  <Prezzi>
    <Data>20161118</Data>
    <Mercato>MGP</Mercato>
    <Ora>21</Ora>
    <PUN>64,330000</PUN>
    <NAT>63,900000</NAT>
    <CNOR>64,330000</CNOR>
    <CSUD>64,330000</CSUD>
    <NORD>64,330000</NORD>
    <SARD>64,330000</SARD>
    <SICI>64,330000</SICI>
    <SUD>64,330000</SUD>
    <AUST>64,330000</AUST>
    <BRNN>64,330000</BRNN>
    <COAC>64,330000</COAC>
    <CORS>64,330000</CORS>
    <FOGN>64,330000</FOGN>
    <FRAN>64,330000</FRAN>
    <GREC>64,330000</GREC>
    <MFTV>64,330000</MFTV>
    <PRGP>64,330000</PRGP>
    <ROSN>64,330000</ROSN>
    <SLOV>64,330000</SLOV>
    <SVIZ>64,330000</SVIZ>
    <BSP>64,330000</BSP>
    <MALT>64,330000</MALT>
    <XAUS>64,330000</XAUS>
    <XFRA>64,330000</XFRA>
  </Prezzi>
  <Prezzi>
    <Data>20161118</Data>
    <Mercato>MGP</Mercato>
    <Ora>22</Ora>
    <PUN>59,000000</PUN>
    <NAT>59,000000</NAT>
    <CNOR>59,000000</CNOR>
    <CSUD>59,000000</CSUD>
    <NORD>59,000000</NORD>
    <SARD>59,000000</SARD>
    <SICI>59,000000</SICI>
    <SUD>59,000000</SUD>
    <AUST>59,000000</AUST>
    <BRNN>59,000000</BRNN>
    <COAC>59,000000</COAC>
    <CORS>59,000000</CORS>
    <FOGN>59,000000</FOGN>
    <FRAN>59,000000</FRAN>
    <GREC>59,000000</GREC>
    <MFTV>59,000000</MFTV>
    <PRGP>59,000000</PRGP>
    <ROSN>59,000000</ROSN>
    <SLOV>59,000000</SLOV>
    <SVIZ>59,000000</SVIZ>
    <BSP>59,000000</BSP>
    <MALT>59,000000</MALT>
    <XAUS>59,000000</XAUS>
    <XFRA>59,000000</XFRA>
  </Prezzi>
  <Prezzi>
    <Data>20161118</Data>
    <Mercato>MGP</Mercato>
    <Ora>23</Ora>
    <PUN>56,873870</PUN>
    <NAT>56,600000</NAT>
    <CNOR>56,000000</CNOR>
    <CSUD>56,000000</CSUD>
    <NORD>57,570000</NORD>
    <SARD>56,000000</SARD>
    <SICI>56,000000</SICI>
    <SUD>56,000000</SUD>
    <AUST>57,570000</AUST>
    <BRNN>56,000000</BRNN>
    <COAC>56,000000</COAC>
    <CORS>56,000000</CORS>
    <FOGN>56,000000</FOGN>
    <FRAN>57,570000</FRAN>
    <GREC>56,000000</GREC>
    <MFTV>57,570000</MFTV>
    <PRGP>56,000000</PRGP>
    <ROSN>56,000000</ROSN>
    <SLOV>57,570000</SLOV>
    <SVIZ>57,570000</SVIZ>
    <BSP>57,570000</BSP>
    <MALT>56,000000</MALT>
    <XAUS>57,570000</XAUS>
    <XFRA>57,570000</XFRA>
  </Prezzi>
  <Prezzi>
    <Data>20161118</Data>
    <Mercato>MGP</Mercato>
    <Ora>24</Ora>
    <PUN>50,621450</PUN>
    <NAT>50,770000</NAT>
    <CNOR>50,430000</CNOR>
    <CSUD>50,430000</CSUD>
    <NORD>50,770000</NORD>
    <SARD>50,430000</SARD>
    <SICI>50,430000</SICI>
    <SUD>50,430000</SUD>
    <AUST>50,770000</AUST>
    <BRNN>50,430000</BRNN>
    <COAC>50,430000</COAC>
    <CORS>50,430000</CORS>
    <FOGN>50,430000</FOGN>
    <FRAN>50,770000</FRAN>
    <GREC>50,430000</GREC>
    <MFTV>50,770000</MFTV>
    <PRGP>50,430000</PRGP>
    <ROSN>50,430000</ROSN>
    <SLOV>50,770000</SLOV>
    <SVIZ>50,770000</SVIZ>
    <BSP>50,770000</BSP>
    <MALT>50,430000</MALT>
    <XAUS>50,770000</XAUS>
    <XFRA>50,770000</XFRA>
  </Prezzi>
</NewDataSet>