<?xml version="1.0" standalone="yes"?>
<NewDataSet>
  <xs:schema id="NewDataSet" xmlns="" xmlns:xs="http://www.w3.org/2001/XMLSchema" xmlns:msdata="urn:schemas-microsoft-com:xml-msdata">
    <xs:element name="NewDataSet" msdata:IsDataSet="true" msdata:UseCurrentLocale="true">
      <xs:complexType>
        <xs:choice minOccurs="0" maxOccurs="unbounded">
          <xs:element name="Prezzi">
            <xs:complexType>
              <xs:sequence>
                <xs:element name="Data" type="xs:string" minOccurs="0" />
                <xs:element name="Mercato" type="xs:string" minOccurs="0" />
                <xs:element name="Ora" type="xs:string" minOccurs="0" />
                <xs:element name="PUN" type="xs:string" minOccurs="0" />
                <xs:element name="NAT" type="xs:string" minOccurs="0" />
                <xs:element name="CNOR" type="xs:string" minOccurs="0" />
                <xs:element name="CSUD" type="xs:string" minOccurs="0" />
                <xs:element name="NORD" type="xs:string" minOccurs="0" />
                <xs:element name="SARD" type="xs:string" minOccurs="0" />
                <xs:element name="SICI" type="xs:string" minOccurs="0" />
                <xs:element name="SUD" type="xs:string" minOccurs="0" />
                <xs:element name="AUST" type="xs:string" minOccurs="0" />
                <xs:element name="BRNN" type="xs:string" minOccurs="0" />
                <xs:element name="COAC" type="xs:string" minOccurs="0" />
                <xs:element name="CORS" type="xs:string" minOccurs="0" />
                <xs:element name="FOGN" type="xs:string" minOccurs="0" />
                <xs:element name="FRAN" type="xs:string" minOccurs="0" />
                <xs:element name="GREC" type="xs:string" minOccurs="0" />
                <xs:element name="MFTV" type="xs:string" minOccurs="0" />
                <xs:element name="PRGP" type="xs:string" minOccurs="0" />
                <xs:element name="ROSN" type="xs:string" minOccurs="0" />
                <xs:element name="SLOV" type="xs:string" minOccurs="0" />
                <xs:element name="SVIZ" type="xs:string" minOccurs="0" />
                <xs:element name="BSP" type="xs:string" minOccurs="0" />
                <xs:element name="MALT" type="xs:string" minOccurs="0" />
                <xs:element name="XAUS" type="xs:string" minOccurs="0" />
                <xs:element name="XFRA" type="xs:string" minOccurs="0" />
              </xs:sequence>
            </xs:complexType>
          </xs:element>
        </xs:choice>
      </xs:complexType>
    </xs:element>
  </xs:schema>
  <Prezzi>
    <Data>20161106</Data>
    <Mercato>MGP</Mercato>
    <Ora>1</Ora>
    <PUN>44,800000</PUN>
    <NAT>44,460000</NAT>
    <CNOR>44,800000</CNOR>
    <CSUD>44,800000</CSUD>
    <NORD>44,800000</NORD>
    <SARD>44,800000</SARD>
    <SICI>44,800000</SICI>
    <SUD>44,800000</SUD>
    <AUST>44,800000</AUST>
    <BRNN>44,800000</BRNN>
    <COAC>44,800000</COAC>
    <CORS>44,800000</CORS>
    <FOGN>44,800000</FOGN>
    <FRAN>44,800000</FRAN>
    <GREC>44,800000</GREC>
    <MFTV>44,800000</MFTV>
    <PRGP>44,800000</PRGP>
    <ROSN>44,800000</ROSN>
    <SLOV>44,800000</SLOV>
    <SVIZ>44,800000</SVIZ>
    <BSP>44,800000</BSP>
    <MALT>44,800000</MALT>
    <XAUS>44,800000</XAUS>
    <XFRA>44,800000</XFRA>
  </Prezzi>
  <Prezzi>
    <Data>20161106</Data>
    <Mercato>MGP</Mercato>
    <Ora>2</Ora>
    <PUN>42,240000</PUN>
    <NAT>42,120000</NAT>
    <CNOR>42,240000</CNOR>
    <CSUD>42,240000</CSUD>
    <NORD>42,240000</NORD>
    <SARD>42,240000</SARD>
    <SICI>42,240000</SICI>
    <SUD>42,240000</SUD>
    <AUST>42,240000</AUST>
    <BRNN>42,240000</BRNN>
    <COAC>42,240000</COAC>
    <CORS>42,240000</CORS>
    <FOGN>42,240000</FOGN>
    <FRAN>42,240000</FRAN>
    <GREC>42,240000</GREC>
    <MFTV>42,240000</MFTV>
    <PRGP>42,240000</PRGP>
    <ROSN>42,240000</ROSN>
    <SLOV>42,240000</SLOV>
    <SVIZ>42,240000</SVIZ>
    <BSP>42,240000</BSP>
    <MALT>42,240000</MALT>
    <XAUS>42,240000</XAUS>
    <XFRA>42,240000</XFRA>
  </Prezzi>
  <Prezzi>
    <Data>20161106</Data>
    <Mercato>MGP</Mercato>
    <Ora>3</Ora>
    <PUN>38,428000</PUN>
    <NAT>37,310000</NAT>
    <CNOR>38,428000</CNOR>
    <CSUD>38,428000</CSUD>
    <NORD>38,428000</NORD>
    <SARD>38,428000</SARD>
    <SICI>38,428000</SICI>
    <SUD>38,428000</SUD>
    <AUST>38,428000</AUST>
    <BRNN>38,428000</BRNN>
    <COAC>38,428000</COAC>
    <CORS>38,428000</CORS>
    <FOGN>38,428000</FOGN>
    <FRAN>38,428000</FRAN>
    <GREC>38,428000</GREC>
    <MFTV>38,428000</MFTV>
    <PRGP>38,428000</PRGP>
    <ROSN>38,428000</ROSN>
    <SLOV>38,428000</SLOV>
    <SVIZ>38,428000</SVIZ>
    <BSP>38,428000</BSP>
    <MALT>38,428000</MALT>
    <XAUS>38,428000</XAUS>
    <XFRA>38,428000</XFRA>
  </Prezzi>
  <Prezzi>
    <Data>20161106</Data>
    <Mercato>MGP</Mercato>
    <Ora>4</Ora>
    <PUN>35,990000</PUN>
    <NAT>35,840000</NAT>
    <CNOR>35,990000</CNOR>
    <CSUD>35,990000</CSUD>
    <NORD>35,990000</NORD>
    <SARD>35,990000</SARD>
    <SICI>35,990000</SICI>
    <SUD>35,990000</SUD>
    <AUST>35,990000</AUST>
    <BRNN>35,990000</BRNN>
    <COAC>35,990000</COAC>
    <CORS>35,990000</CORS>
    <FOGN>35,990000</FOGN>
    <FRAN>35,990000</FRAN>
    <GREC>35,990000</GREC>
    <MFTV>35,990000</MFTV>
    <PRGP>35,990000</PRGP>
    <ROSN>35,990000</ROSN>
    <SLOV>35,990000</SLOV>
    <SVIZ>35,990000</SVIZ>
    <BSP>35,990000</BSP>
    <MALT>35,990000</MALT>
    <XAUS>35,990000</XAUS>
    <XFRA>35,990000</XFRA>
  </Prezzi>
  <Prezzi>
    <Data>20161106</Data>
    <Mercato>MGP</Mercato>
    <Ora>5</Ora>
    <PUN>33,160000</PUN>
    <NAT>33,160000</NAT>
    <CNOR>33,160000</CNOR>
    <CSUD>33,160000</CSUD>
    <NORD>33,160000</NORD>
    <SARD>33,160000</SARD>
    <SICI>33,160000</SICI>
    <SUD>33,160000</SUD>
    <AUST>33,160000</AUST>
    <BRNN>33,160000</BRNN>
    <COAC>33,160000</COAC>
    <CORS>33,160000</CORS>
    <FOGN>33,160000</FOGN>
    <FRAN>33,160000</FRAN>
    <GREC>33,160000</GREC>
    <MFTV>33,160000</MFTV>
    <PRGP>33,160000</PRGP>
    <ROSN>33,160000</ROSN>
    <SLOV>33,160000</SLOV>
    <SVIZ>33,160000</SVIZ>
    <BSP>33,160000</BSP>
    <MALT>33,160000</MALT>
    <XAUS>33,160000</XAUS>
    <XFRA>33,160000</XFRA>
  </Prezzi>
  <Prezzi>
    <Data>20161106</Data>
    <Mercato>MGP</Mercato>
    <Ora>6</Ora>
    <PUN>35,500000</PUN>
    <NAT>35,500000</NAT>
    <CNOR>35,500000</CNOR>
    <CSUD>35,500000</CSUD>
    <NORD>35,500000</NORD>
    <SARD>35,500000</SARD>
    <SICI>35,500000</SICI>
    <SUD>35,500000</SUD>
    <AUST>35,500000</AUST>
    <BRNN>35,500000</BRNN>
    <COAC>35,500000</COAC>
    <CORS>35,500000</CORS>
    <FOGN>35,500000</FOGN>
    <FRAN>35,500000</FRAN>
    <GREC>35,500000</GREC>
    <MFTV>35,500000</MFTV>
    <PRGP>35,500000</PRGP>
    <ROSN>35,500000</ROSN>
    <SLOV>35,500000</SLOV>
    <SVIZ>35,500000</SVIZ>
    <BSP>35,500000</BSP>
    <MALT>35,500000</MALT>
    <XAUS>35,500000</XAUS>
    <XFRA>35,500000</XFRA>
  </Prezzi>
  <Prezzi>
    <Data>20161106</Data>
    <Mercato>MGP</Mercato>
    <Ora>7</Ora>
    <PUN>39,360000</PUN>
    <NAT>39,360000</NAT>
    <CNOR>39,360000</CNOR>
    <CSUD>39,360000</CSUD>
    <NORD>39,360000</NORD>
    <SARD>39,360000</SARD>
    <SICI>39,360000</SICI>
    <SUD>39,360000</SUD>
    <AUST>39,360000</AUST>
    <BRNN>39,360000</BRNN>
    <COAC>39,360000</COAC>
    <CORS>39,360000</CORS>
    <FOGN>39,360000</FOGN>
    <FRAN>39,360000</FRAN>
    <GREC>39,360000</GREC>
    <MFTV>39,360000</MFTV>
    <PRGP>39,360000</PRGP>
    <ROSN>39,360000</ROSN>
    <SLOV>39,360000</SLOV>
    <SVIZ>39,360000</SVIZ>
    <BSP>39,360000</BSP>
    <MALT>39,360000</MALT>
    <XAUS>39,360000</XAUS>
    <XFRA>39,360000</XFRA>
  </Prezzi>
  <Prezzi>
    <Data>20161106</Data>
    <Mercato>MGP</Mercato>
    <Ora>8</Ora>
    <PUN>39,370000</PUN>
    <NAT>39,370000</NAT>
    <CNOR>39,370000</CNOR>
    <CSUD>39,370000</CSUD>
    <NORD>39,370000</NORD>
    <SARD>39,370000</SARD>
    <SICI>39,370000</SICI>
    <SUD>39,370000</SUD>
    <AUST>39,370000</AUST>
    <BRNN>39,370000</BRNN>
    <COAC>39,370000</COAC>
    <CORS>39,370000</CORS>
    <FOGN>39,370000</FOGN>
    <FRAN>39,370000</FRAN>
    <GREC>39,370000</GREC>
    <MFTV>39,370000</MFTV>
    <PRGP>39,370000</PRGP>
    <ROSN>39,370000</ROSN>
    <SLOV>39,370000</SLOV>
    <SVIZ>39,370000</SVIZ>
    <BSP>39,370000</BSP>
    <MALT>39,370000</MALT>
    <XAUS>39,370000</XAUS>
    <XFRA>39,370000</XFRA>
  </Prezzi>
  <Prezzi>
    <Data>20161106</Data>
    <Mercato>MGP</Mercato>
    <Ora>9</Ora>
    <PUN>39,700000</PUN>
    <NAT>39,700000</NAT>
    <CNOR>39,700000</CNOR>
    <CSUD>39,700000</CSUD>
    <NORD>39,700000</NORD>
    <SARD>39,700000</SARD>
    <SICI>39,700000</SICI>
    <SUD>39,700000</SUD>
    <AUST>39,700000</AUST>
    <BRNN>39,700000</BRNN>
    <COAC>39,700000</COAC>
    <CORS>39,700000</CORS>
    <FOGN>39,700000</FOGN>
    <FRAN>39,700000</FRAN>
    <GREC>39,700000</GREC>
    <MFTV>39,700000</MFTV>
    <PRGP>39,700000</PRGP>
    <ROSN>39,700000</ROSN>
    <SLOV>39,700000</SLOV>
    <SVIZ>39,700000</SVIZ>
    <BSP>39,700000</BSP>
    <MALT>39,700000</MALT>
    <XAUS>39,700000</XAUS>
    <XFRA>39,700000</XFRA>
  </Prezzi>
  <Prezzi>
    <Data>20161106</Data>
    <Mercato>MGP</Mercato>
    <Ora>10</Ora>
    <PUN>40,151820</PUN>
    <NAT>40,150000</NAT>
    <CNOR>39,700000</CNOR>
    <CSUD>39,700000</CSUD>
    <NORD>40,530000</NORD>
    <SARD>39,700000</SARD>
    <SICI>39,700000</SICI>
    <SUD>39,700000</SUD>
    <AUST>40,530000</AUST>
    <BRNN>39,700000</BRNN>
    <COAC>39,700000</COAC>
    <CORS>39,700000</CORS>
    <FOGN>39,700000</FOGN>
    <FRAN>40,530000</FRAN>
    <GREC>39,700000</GREC>
    <MFTV>40,530000</MFTV>
    <PRGP>39,700000</PRGP>
    <ROSN>39,700000</ROSN>
    <SLOV>40,530000</SLOV>
    <SVIZ>40,530000</SVIZ>
    <BSP>40,530000</BSP>
    <MALT>39,700000</MALT>
    <XAUS>40,530000</XAUS>
    <XFRA>40,530000</XFRA>
  </Prezzi>
  <Prezzi>
    <Data>20161106</Data>
    <Mercato>MGP</Mercato>
    <Ora>11</Ora>
    <PUN>45,022040</PUN>
    <NAT>41,680000</NAT>
    <CNOR>39,360000</CNOR>
    <CSUD>39,360000</CSUD>
    <NORD>49,700000</NORD>
    <SARD>39,360000</SARD>
    <SICI>39,360000</SICI>
    <SUD>39,360000</SUD>
    <AUST>49,700000</AUST>
    <BRNN>39,360000</BRNN>
    <COAC>39,360000</COAC>
    <CORS>39,360000</CORS>
    <FOGN>39,360000</FOGN>
    <FRAN>49,700000</FRAN>
    <GREC>39,360000</GREC>
    <MFTV>49,700000</MFTV>
    <PRGP>39,360000</PRGP>
    <ROSN>39,360000</ROSN>
    <SLOV>49,700000</SLOV>
    <SVIZ>49,700000</SVIZ>
    <BSP>49,700000</BSP>
    <MALT>39,360000</MALT>
    <XAUS>49,700000</XAUS>
    <XFRA>49,700000</XFRA>
  </Prezzi>
  <Prezzi>
    <Data>20161106</Data>
    <Mercato>MGP</Mercato>
    <Ora>12</Ora>
    <PUN>43,968660</PUN>
    <NAT>41,220000</NAT>
    <CNOR>36,940000</CNOR>
    <CSUD>36,940000</CSUD>
    <NORD>49,700000</NORD>
    <SARD>36,940000</SARD>
    <SICI>36,940000</SICI>
    <SUD>36,940000</SUD>
    <AUST>49,700000</AUST>
    <BRNN>36,940000</BRNN>
    <COAC>36,940000</COAC>
    <CORS>36,940000</CORS>
    <FOGN>36,940000</FOGN>
    <FRAN>49,700000</FRAN>
    <GREC>36,940000</GREC>
    <MFTV>49,700000</MFTV>
    <PRGP>36,940000</PRGP>
    <ROSN>36,940000</ROSN>
    <SLOV>49,700000</SLOV>
    <SVIZ>49,700000</SVIZ>
    <BSP>49,700000</BSP>
    <MALT>36,940000</MALT>
    <XAUS>49,700000</XAUS>
    <XFRA>49,700000</XFRA>
  </Prezzi>
  <Prezzi>
    <Data>20161106</Data>
    <Mercato>MGP</Mercato>
    <Ora>13</Ora>
    <PUN>44,361020</PUN>
    <NAT>41,260000</NAT>
    <CNOR>48,010000</CNOR>
    <CSUD>37,750000</CSUD>
    <NORD>48,010000</NORD>
    <SARD>37,750000</SARD>
    <SICI>37,750000</SICI>
    <SUD>37,750000</SUD>
    <AUST>48,010000</AUST>
    <BRNN>37,750000</BRNN>
    <COAC>37,750000</COAC>
    <CORS>48,010000</CORS>
    <FOGN>37,750000</FOGN>
    <FRAN>48,010000</FRAN>
    <GREC>37,750000</GREC>
    <MFTV>48,010000</MFTV>
    <PRGP>37,750000</PRGP>
    <ROSN>37,750000</ROSN>
    <SLOV>48,010000</SLOV>
    <SVIZ>48,010000</SVIZ>
    <BSP>48,010000</BSP>
    <MALT>37,750000</MALT>
    <XAUS>48,010000</XAUS>
    <XFRA>48,010000</XFRA>
  </Prezzi>
  <Prezzi>
    <Data>20161106</Data>
    <Mercato>MGP</Mercato>
    <Ora>14</Ora>
    <PUN>39,120280</PUN>
    <NAT>39,370000</NAT>
    <CNOR>41,870000</CNOR>
    <CSUD>34,010000</CSUD>
    <NORD>41,870000</NORD>
    <SARD>34,010000</SARD>
    <SICI>34,010000</SICI>
    <SUD>34,010000</SUD>
    <AUST>41,870000</AUST>
    <BRNN>34,010000</BRNN>
    <COAC>34,010000</COAC>
    <CORS>41,870000</CORS>
    <FOGN>34,010000</FOGN>
    <FRAN>41,870000</FRAN>
    <GREC>34,010000</GREC>
    <MFTV>41,870000</MFTV>
    <PRGP>34,010000</PRGP>
    <ROSN>34,010000</ROSN>
    <SLOV>41,870000</SLOV>
    <SVIZ>41,870000</SVIZ>
    <BSP>41,870000</BSP>
    <MALT>34,010000</MALT>
    <XAUS>41,870000</XAUS>
    <XFRA>41,870000</XFRA>
  </Prezzi>
  <Prezzi>
    <Data>20161106</Data>
    <Mercato>MGP</Mercato>
    <Ora>15</Ora>
    <PUN>40,205410</PUN>
    <NAT>39,700000</NAT>
    <CNOR>41,870000</CNOR>
    <CSUD>37,000000</CSUD>
    <NORD>41,870000</NORD>
    <SARD>37,000000</SARD>
    <SICI>37,000000</SICI>
    <SUD>37,000000</SUD>
    <AUST>41,870000</AUST>
    <BRNN>37,000000</BRNN>
    <COAC>37,000000</COAC>
    <CORS>41,870000</CORS>
    <FOGN>37,000000</FOGN>
    <FRAN>41,870000</FRAN>
    <GREC>37,000000</GREC>
    <MFTV>41,870000</MFTV>
    <PRGP>37,000000</PRGP>
    <ROSN>37,000000</ROSN>
    <SLOV>41,870000</SLOV>
    <SVIZ>41,870000</SVIZ>
    <BSP>41,870000</BSP>
    <MALT>37,000000</MALT>
    <XAUS>41,870000</XAUS>
    <XFRA>41,870000</XFRA>
  </Prezzi>
  <Prezzi>
    <Data>20161106</Data>
    <Mercato>MGP</Mercato>
    <Ora>16</Ora>
    <PUN>44,106530</PUN>
    <NAT>41,300000</NAT>
    <CNOR>46,590000</CNOR>
    <CSUD>39,370000</CSUD>
    <NORD>46,590000</NORD>
    <SARD>39,370000</SARD>
    <SICI>39,370000</SICI>
    <SUD>39,370000</SUD>
    <AUST>46,590000</AUST>
    <BRNN>39,370000</BRNN>
    <COAC>39,370000</COAC>
    <CORS>46,590000</CORS>
    <FOGN>39,370000</FOGN>
    <FRAN>46,590000</FRAN>
    <GREC>39,370000</GREC>
    <MFTV>46,590000</MFTV>
    <PRGP>39,370000</PRGP>
    <ROSN>39,370000</ROSN>
    <SLOV>46,590000</SLOV>
    <SVIZ>46,590000</SVIZ>
    <BSP>46,590000</BSP>
    <MALT>39,370000</MALT>
    <XAUS>46,590000</XAUS>
    <XFRA>46,590000</XFRA>
  </Prezzi>
  <Prezzi>
    <Data>20161106</Data>
    <Mercato>MGP</Mercato>
    <Ora>17</Ora>
    <PUN>45,898730</PUN>
    <NAT>46,480000</NAT>
    <CNOR>48,060000</CNOR>
    <CSUD>41,880000</CSUD>
    <NORD>48,060000</NORD>
    <SARD>41,880000</SARD>
    <SICI>41,880000</SICI>
    <SUD>41,880000</SUD>
    <AUST>48,060000</AUST>
    <BRNN>41,880000</BRNN>
    <COAC>41,880000</COAC>
    <CORS>48,060000</CORS>
    <FOGN>41,880000</FOGN>
    <FRAN>48,060000</FRAN>
    <GREC>41,880000</GREC>
    <MFTV>48,060000</MFTV>
    <PRGP>41,880000</PRGP>
    <ROSN>41,880000</ROSN>
    <SLOV>48,060000</SLOV>
    <SVIZ>48,060000</SVIZ>
    <BSP>48,060000</BSP>
    <MALT>41,880000</MALT>
    <XAUS>48,060000</XAUS>
    <XFRA>48,060000</XFRA>
  </Prezzi>
  <Prezzi>
    <Data>20161106</Data>
    <Mercato>MGP</Mercato>
    <Ora>18</Ora>
    <PUN>54,000000</PUN>
    <NAT>54,000000</NAT>
    <CNOR>54,000000</CNOR>
    <CSUD>54,000000</CSUD>
    <NORD>54,000000</NORD>
    <SARD>54,000000</SARD>
    <SICI>54,000000</SICI>
    <SUD>54,000000</SUD>
    <AUST>54,000000</AUST>
    <BRNN>54,000000</BRNN>
    <COAC>54,000000</COAC>
    <CORS>54,000000</CORS>
    <FOGN>54,000000</FOGN>
    <FRAN>54,000000</FRAN>
    <GREC>54,000000</GREC>
    <MFTV>54,000000</MFTV>
    <PRGP>54,000000</PRGP>
    <ROSN>54,000000</ROSN>
    <SLOV>54,000000</SLOV>
    <SVIZ>54,000000</SVIZ>
    <BSP>54,000000</BSP>
    <MALT>54,000000</MALT>
    <XAUS>54,000000</XAUS>
    <XFRA>54,000000</XFRA>
  </Prezzi>
  <Prezzi>
    <Data>20161106</Data>
    <Mercato>MGP</Mercato>
    <Ora>19</Ora>
    <PUN>60,939720</PUN>
    <NAT>59,220000</NAT>
    <CNOR>64,300000</CNOR>
    <CSUD>55,000000</CSUD>
    <NORD>64,300000</NORD>
    <SARD>55,000000</SARD>
    <SICI>55,000000</SICI>
    <SUD>55,000000</SUD>
    <AUST>64,300000</AUST>
    <BRNN>55,000000</BRNN>
    <COAC>55,000000</COAC>
    <CORS>64,300000</CORS>
    <FOGN>55,000000</FOGN>
    <FRAN>64,300000</FRAN>
    <GREC>55,000000</GREC>
    <MFTV>64,300000</MFTV>
    <PRGP>55,000000</PRGP>
    <ROSN>55,000000</ROSN>
    <SLOV>64,300000</SLOV>
    <SVIZ>64,300000</SVIZ>
    <BSP>64,300000</BSP>
    <MALT>55,000000</MALT>
    <XAUS>64,300000</XAUS>
    <XFRA>64,300000</XFRA>
  </Prezzi>
  <Prezzi>
    <Data>20161106</Data>
    <Mercato>MGP</Mercato>
    <Ora>20</Ora>
    <PUN>63,404660</PUN>
    <NAT>58,050000</NAT>
    <CNOR>68,180000</CNOR>
    <CSUD>55,000000</CSUD>
    <NORD>68,180000</NORD>
    <SARD>55,000000</SARD>
    <SICI>55,000000</SICI>
    <SUD>55,000000</SUD>
    <AUST>68,180000</AUST>
    <BRNN>55,000000</BRNN>
    <COAC>55,000000</COAC>
    <CORS>68,180000</CORS>
    <FOGN>55,000000</FOGN>
    <FRAN>68,180000</FRAN>
    <GREC>55,000000</GREC>
    <MFTV>68,180000</MFTV>
    <PRGP>55,000000</PRGP>
    <ROSN>55,000000</ROSN>
    <SLOV>68,180000</SLOV>
    <SVIZ>68,180000</SVIZ>
    <BSP>68,180000</BSP>
    <MALT>55,000000</MALT>
    <XAUS>68,180000</XAUS>
    <XFRA>68,180000</XFRA>
  </Prezzi>
  <Prezzi>
    <Data>20161106</Data>
    <Mercato>MGP</Mercato>
    <Ora>21</Ora>
    <PUN>61,732690</PUN>
    <NAT>56,000000</NAT>
    <CNOR>65,693550</CNOR>
    <CSUD>55,000000</CSUD>
    <NORD>65,693550</NORD>
    <SARD>55,000000</SARD>
    <SICI>55,000000</SICI>
    <SUD>55,000000</SUD>
    <AUST>65,693550</AUST>
    <BRNN>55,000000</BRNN>
    <COAC>55,000000</COAC>
    <CORS>65,693550</CORS>
    <FOGN>55,000000</FOGN>
    <FRAN>65,693550</FRAN>
    <GREC>55,000000</GREC>
    <MFTV>65,693550</MFTV>
    <PRGP>55,000000</PRGP>
    <ROSN>55,000000</ROSN>
    <SLOV>65,693550</SLOV>
    <SVIZ>65,693550</SVIZ>
    <BSP>65,693550</BSP>
    <MALT>55,000000</MALT>
    <XAUS>65,693550</XAUS>
    <XFRA>65,693550</XFRA>
  </Prezzi>
  <Prezzi>
    <Data>20161106</Data>
    <Mercato>MGP</Mercato>
    <Ora>22</Ora>
    <PUN>54,044180</PUN>
    <NAT>54,000000</NAT>
    <CNOR>54,069990</CNOR>
    <CSUD>54,000000</CSUD>
    <NORD>54,069990</NORD>
    <SARD>54,000000</SARD>
    <SICI>54,000000</SICI>
    <SUD>54,000000</SUD>
    <AUST>54,069990</AUST>
    <BRNN>54,000000</BRNN>
    <COAC>54,000000</COAC>
    <CORS>54,069990</CORS>
    <FOGN>54,000000</FOGN>
    <FRAN>54,069990</FRAN>
    <GREC>54,000000</GREC>
    <MFTV>54,069990</MFTV>
    <PRGP>54,000000</PRGP>
    <ROSN>54,000000</ROSN>
    <SLOV>54,069990</SLOV>
    <SVIZ>54,069990</SVIZ>
    <BSP>54,069990</BSP>
    <MALT>54,000000</MALT>
    <XAUS>54,069990</XAUS>
    <XFRA>54,069990</XFRA>
  </Prezzi>
  <Prezzi>
    <Data>20161106</Data>
    <Mercato>MGP</Mercato>
    <Ora>23</Ora>
    <PUN>54,772380</PUN>
    <NAT>53,000000</NAT>
    <CNOR>55,807380</CNOR>
    <CSUD>53,000000</CSUD>
    <NORD>55,807380</NORD>
    <SARD>53,000000</SARD>
    <SICI>53,000000</SICI>
    <SUD>53,000000</SUD>
    <AUST>55,807380</AUST>
    <BRNN>53,000000</BRNN>
    <COAC>53,000000</COAC>
    <CORS>55,807380</CORS>
    <FOGN>53,000000</FOGN>
    <FRAN>55,807380</FRAN>
    <GREC>53,000000</GREC>
    <MFTV>55,807380</MFTV>
    <PRGP>53,000000</PRGP>
    <ROSN>53,000000</ROSN>
    <SLOV>55,807380</SLOV>
    <SVIZ>55,807380</SVIZ>
    <BSP>55,807380</BSP>
    <MALT>53,000000</MALT>
    <XAUS>55,807380</XAUS>
    <XFRA>55,807380</XFRA>
  </Prezzi>
  <Prezzi>
    <Data>20161106</Data>
    <Mercato>MGP</Mercato>
    <Ora>24</Ora>
    <PUN>46,398690</PUN>
    <NAT>46,240000</NAT>
    <CNOR>48,514480</CNOR>
    <CSUD>42,690000</CSUD>
    <NORD>48,514480</NORD>
    <SARD>42,690000</SARD>
    <SICI>42,690000</SICI>
    <SUD>42,690000</SUD>
    <AUST>48,514480</AUST>
    <BRNN>42,690000</BRNN>
    <COAC>42,690000</COAC>
    <CORS>48,514480</CORS>
    <FOGN>42,690000</FOGN>
    <FRAN>48,514480</FRAN>
    <GREC>42,690000</GREC>
    <MFTV>48,514480</MFTV>
    <PRGP>42,690000</PRGP>
    <ROSN>42,690000</ROSN>
    <SLOV>48,514480</SLOV>
    <SVIZ>48,514480</SVIZ>
    <BSP>48,514480</BSP>
    <MALT>42,690000</MALT>
    <XAUS>48,514480</XAUS>
    <XFRA>48,514480</XFRA>
  </Prezzi>
</NewDataSet>