<?xml version="1.0" standalone="yes"?>
<NewDataSet>
  <xs:schema id="NewDataSet" xmlns="" xmlns:xs="http://www.w3.org/2001/XMLSchema" xmlns:msdata="urn:schemas-microsoft-com:xml-msdata">
    <xs:element name="NewDataSet" msdata:IsDataSet="true" msdata:UseCurrentLocale="true">
      <xs:complexType>
        <xs:choice minOccurs="0" maxOccurs="unbounded">
          <xs:element name="Prezzi">
            <xs:complexType>
              <xs:sequence>
                <xs:element name="Data" type="xs:string" minOccurs="0" />
                <xs:element name="Mercato" type="xs:string" minOccurs="0" />
                <xs:element name="Ora" type="xs:string" minOccurs="0" />
                <xs:element name="PUN" type="xs:string" minOccurs="0" />
                <xs:element name="NAT" type="xs:string" minOccurs="0" />
                <xs:element name="CNOR" type="xs:string" minOccurs="0" />
                <xs:element name="CSUD" type="xs:string" minOccurs="0" />
                <xs:element name="NORD" type="xs:string" minOccurs="0" />
                <xs:element name="SARD" type="xs:string" minOccurs="0" />
                <xs:element name="SICI" type="xs:string" minOccurs="0" />
                <xs:element name="SUD" type="xs:string" minOccurs="0" />
                <xs:element name="AUST" type="xs:string" minOccurs="0" />
                <xs:element name="BRNN" type="xs:string" minOccurs="0" />
                <xs:element name="COAC" type="xs:string" minOccurs="0" />
                <xs:element name="CORS" type="xs:string" minOccurs="0" />
                <xs:element name="FOGN" type="xs:string" minOccurs="0" />
                <xs:element name="FRAN" type="xs:string" minOccurs="0" />
                <xs:element name="GREC" type="xs:string" minOccurs="0" />
                <xs:element name="MFTV" type="xs:string" minOccurs="0" />
                <xs:element name="PRGP" type="xs:string" minOccurs="0" />
                <xs:element name="ROSN" type="xs:string" minOccurs="0" />
                <xs:element name="SLOV" type="xs:string" minOccurs="0" />
                <xs:element name="SVIZ" type="xs:string" minOccurs="0" />
                <xs:element name="BSP" type="xs:string" minOccurs="0" />
                <xs:element name="MALT" type="xs:string" minOccurs="0" />
                <xs:element name="XAUS" type="xs:string" minOccurs="0" />
                <xs:element name="XFRA" type="xs:string" minOccurs="0" />
              </xs:sequence>
            </xs:complexType>
          </xs:element>
        </xs:choice>
      </xs:complexType>
    </xs:element>
  </xs:schema>
  <Prezzi>
    <Data>20161123</Data>
    <Mercato>MGP</Mercato>
    <Ora>1</Ora>
    <PUN>42,960000</PUN>
    <NAT>42,960000</NAT>
    <CNOR>42,960000</CNOR>
    <CSUD>42,960000</CSUD>
    <NORD>42,960000</NORD>
    <SARD>42,960000</SARD>
    <SICI>42,960000</SICI>
    <SUD>42,960000</SUD>
    <AUST>42,960000</AUST>
    <BRNN>42,960000</BRNN>
    <COAC>42,960000</COAC>
    <CORS>42,960000</CORS>
    <FOGN>42,960000</FOGN>
    <FRAN>42,960000</FRAN>
    <GREC>42,960000</GREC>
    <MFTV>42,960000</MFTV>
    <PRGP>42,960000</PRGP>
    <ROSN>42,960000</ROSN>
    <SLOV>42,960000</SLOV>
    <SVIZ>42,960000</SVIZ>
    <BSP>42,960000</BSP>
    <MALT>42,960000</MALT>
    <XAUS>42,960000</XAUS>
    <XFRA>42,960000</XFRA>
  </Prezzi>
  <Prezzi>
    <Data>20161123</Data>
    <Mercato>MGP</Mercato>
    <Ora>2</Ora>
    <PUN>39,990000</PUN>
    <NAT>39,990000</NAT>
    <CNOR>39,990000</CNOR>
    <CSUD>39,990000</CSUD>
    <NORD>39,990000</NORD>
    <SARD>39,990000</SARD>
    <SICI>39,990000</SICI>
    <SUD>39,990000</SUD>
    <AUST>39,990000</AUST>
    <BRNN>39,990000</BRNN>
    <COAC>39,990000</COAC>
    <CORS>39,990000</CORS>
    <FOGN>39,990000</FOGN>
    <FRAN>39,990000</FRAN>
    <GREC>39,990000</GREC>
    <MFTV>39,990000</MFTV>
    <PRGP>39,990000</PRGP>
    <ROSN>39,990000</ROSN>
    <SLOV>39,990000</SLOV>
    <SVIZ>39,990000</SVIZ>
    <BSP>39,990000</BSP>
    <MALT>39,990000</MALT>
    <XAUS>39,990000</XAUS>
    <XFRA>39,990000</XFRA>
  </Prezzi>
  <Prezzi>
    <Data>20161123</Data>
    <Mercato>MGP</Mercato>
    <Ora>3</Ora>
    <PUN>39,000000</PUN>
    <NAT>39,000000</NAT>
    <CNOR>39,000000</CNOR>
    <CSUD>39,000000</CSUD>
    <NORD>39,000000</NORD>
    <SARD>39,000000</SARD>
    <SICI>39,000000</SICI>
    <SUD>39,000000</SUD>
    <AUST>39,000000</AUST>
    <BRNN>39,000000</BRNN>
    <COAC>39,000000</COAC>
    <CORS>39,000000</CORS>
    <FOGN>39,000000</FOGN>
    <FRAN>39,000000</FRAN>
    <GREC>39,000000</GREC>
    <MFTV>39,000000</MFTV>
    <PRGP>39,000000</PRGP>
    <ROSN>39,000000</ROSN>
    <SLOV>39,000000</SLOV>
    <SVIZ>39,000000</SVIZ>
    <BSP>39,000000</BSP>
    <MALT>39,000000</MALT>
    <XAUS>39,000000</XAUS>
    <XFRA>39,000000</XFRA>
  </Prezzi>
  <Prezzi>
    <Data>20161123</Data>
    <Mercato>MGP</Mercato>
    <Ora>4</Ora>
    <PUN>38,000000</PUN>
    <NAT>38,000000</NAT>
    <CNOR>38,000000</CNOR>
    <CSUD>38,000000</CSUD>
    <NORD>38,000000</NORD>
    <SARD>38,000000</SARD>
    <SICI>38,000000</SICI>
    <SUD>38,000000</SUD>
    <AUST>38,000000</AUST>
    <BRNN>38,000000</BRNN>
    <COAC>38,000000</COAC>
    <CORS>38,000000</CORS>
    <FOGN>38,000000</FOGN>
    <FRAN>38,000000</FRAN>
    <GREC>38,000000</GREC>
    <MFTV>38,000000</MFTV>
    <PRGP>38,000000</PRGP>
    <ROSN>38,000000</ROSN>
    <SLOV>38,000000</SLOV>
    <SVIZ>38,000000</SVIZ>
    <BSP>38,000000</BSP>
    <MALT>38,000000</MALT>
    <XAUS>38,000000</XAUS>
    <XFRA>38,000000</XFRA>
  </Prezzi>
  <Prezzi>
    <Data>20161123</Data>
    <Mercato>MGP</Mercato>
    <Ora>5</Ora>
    <PUN>37,700000</PUN>
    <NAT>37,700000</NAT>
    <CNOR>37,700000</CNOR>
    <CSUD>37,700000</CSUD>
    <NORD>37,700000</NORD>
    <SARD>37,700000</SARD>
    <SICI>37,700000</SICI>
    <SUD>37,700000</SUD>
    <AUST>37,700000</AUST>
    <BRNN>37,700000</BRNN>
    <COAC>37,700000</COAC>
    <CORS>37,700000</CORS>
    <FOGN>37,700000</FOGN>
    <FRAN>37,700000</FRAN>
    <GREC>37,700000</GREC>
    <MFTV>37,700000</MFTV>
    <PRGP>37,700000</PRGP>
    <ROSN>37,700000</ROSN>
    <SLOV>37,700000</SLOV>
    <SVIZ>37,700000</SVIZ>
    <BSP>37,700000</BSP>
    <MALT>37,700000</MALT>
    <XAUS>37,700000</XAUS>
    <XFRA>37,700000</XFRA>
  </Prezzi>
  <Prezzi>
    <Data>20161123</Data>
    <Mercato>MGP</Mercato>
    <Ora>6</Ora>
    <PUN>39,990000</PUN>
    <NAT>39,990000</NAT>
    <CNOR>39,990000</CNOR>
    <CSUD>39,990000</CSUD>
    <NORD>39,990000</NORD>
    <SARD>39,990000</SARD>
    <SICI>39,990000</SICI>
    <SUD>39,990000</SUD>
    <AUST>39,990000</AUST>
    <BRNN>39,990000</BRNN>
    <COAC>39,990000</COAC>
    <CORS>39,990000</CORS>
    <FOGN>39,990000</FOGN>
    <FRAN>39,990000</FRAN>
    <GREC>39,990000</GREC>
    <MFTV>39,990000</MFTV>
    <PRGP>39,990000</PRGP>
    <ROSN>39,990000</ROSN>
    <SLOV>39,990000</SLOV>
    <SVIZ>39,990000</SVIZ>
    <BSP>39,990000</BSP>
    <MALT>39,990000</MALT>
    <XAUS>39,990000</XAUS>
    <XFRA>39,990000</XFRA>
  </Prezzi>
  <Prezzi>
    <Data>20161123</Data>
    <Mercato>MGP</Mercato>
    <Ora>7</Ora>
    <PUN>47,400000</PUN>
    <NAT>47,400000</NAT>
    <CNOR>47,400000</CNOR>
    <CSUD>47,400000</CSUD>
    <NORD>47,400000</NORD>
    <SARD>47,400000</SARD>
    <SICI>47,400000</SICI>
    <SUD>47,400000</SUD>
    <AUST>47,400000</AUST>
    <BRNN>47,400000</BRNN>
    <COAC>47,400000</COAC>
    <CORS>47,400000</CORS>
    <FOGN>47,400000</FOGN>
    <FRAN>47,400000</FRAN>
    <GREC>47,400000</GREC>
    <MFTV>47,400000</MFTV>
    <PRGP>47,400000</PRGP>
    <ROSN>47,400000</ROSN>
    <SLOV>47,400000</SLOV>
    <SVIZ>47,400000</SVIZ>
    <BSP>47,400000</BSP>
    <MALT>47,400000</MALT>
    <XAUS>47,400000</XAUS>
    <XFRA>47,400000</XFRA>
  </Prezzi>
  <Prezzi>
    <Data>20161123</Data>
    <Mercato>MGP</Mercato>
    <Ora>8</Ora>
    <PUN>60,830970</PUN>
    <NAT>59,000000</NAT>
    <CNOR>59,000000</CNOR>
    <CSUD>59,000000</CSUD>
    <NORD>62,053280</NORD>
    <SARD>59,000000</SARD>
    <SICI>59,000000</SICI>
    <SUD>59,000000</SUD>
    <AUST>62,053280</AUST>
    <BRNN>59,000000</BRNN>
    <COAC>59,000000</COAC>
    <CORS>59,000000</CORS>
    <FOGN>59,000000</FOGN>
    <FRAN>62,053280</FRAN>
    <GREC>59,000000</GREC>
    <MFTV>62,053280</MFTV>
    <PRGP>59,000000</PRGP>
    <ROSN>59,000000</ROSN>
    <SLOV>62,053280</SLOV>
    <SVIZ>62,053280</SVIZ>
    <BSP>62,053280</BSP>
    <MALT>59,000000</MALT>
    <XAUS>62,053280</XAUS>
    <XFRA>62,053280</XFRA>
  </Prezzi>
  <Prezzi>
    <Data>20161123</Data>
    <Mercato>MGP</Mercato>
    <Ora>9</Ora>
    <PUN>61,870440</PUN>
    <NAT>60,980000</NAT>
    <CNOR>59,000000</CNOR>
    <CSUD>59,000000</CSUD>
    <NORD>63,763780</NORD>
    <SARD>59,000000</SARD>
    <SICI>59,000000</SICI>
    <SUD>59,000000</SUD>
    <AUST>63,763780</AUST>
    <BRNN>59,000000</BRNN>
    <COAC>59,000000</COAC>
    <CORS>59,000000</CORS>
    <FOGN>59,000000</FOGN>
    <FRAN>63,763780</FRAN>
    <GREC>59,000000</GREC>
    <MFTV>63,763780</MFTV>
    <PRGP>59,000000</PRGP>
    <ROSN>59,000000</ROSN>
    <SLOV>63,763780</SLOV>
    <SVIZ>63,763780</SVIZ>
    <BSP>63,763780</BSP>
    <MALT>59,000000</MALT>
    <XAUS>63,763780</XAUS>
    <XFRA>63,763780</XFRA>
  </Prezzi>
  <Prezzi>
    <Data>20161123</Data>
    <Mercato>MGP</Mercato>
    <Ora>10</Ora>
    <PUN>62,058840</PUN>
    <NAT>59,000000</NAT>
    <CNOR>59,000000</CNOR>
    <CSUD>59,000000</CSUD>
    <NORD>64,104760</NORD>
    <SARD>59,000000</SARD>
    <SICI>59,000000</SICI>
    <SUD>59,000000</SUD>
    <AUST>64,104760</AUST>
    <BRNN>59,000000</BRNN>
    <COAC>59,000000</COAC>
    <CORS>59,000000</CORS>
    <FOGN>59,000000</FOGN>
    <FRAN>64,104760</FRAN>
    <GREC>59,000000</GREC>
    <MFTV>64,104760</MFTV>
    <PRGP>59,000000</PRGP>
    <ROSN>59,000000</ROSN>
    <SLOV>64,104760</SLOV>
    <SVIZ>64,104760</SVIZ>
    <BSP>64,104760</BSP>
    <MALT>59,000000</MALT>
    <XAUS>64,104760</XAUS>
    <XFRA>64,104760</XFRA>
  </Prezzi>
  <Prezzi>
    <Data>20161123</Data>
    <Mercato>MGP</Mercato>
    <Ora>11</Ora>
    <PUN>60,957890</PUN>
    <NAT>58,000000</NAT>
    <CNOR>57,000000</CNOR>
    <CSUD>57,000000</CSUD>
    <NORD>63,526700</NORD>
    <SARD>57,000000</SARD>
    <SICI>57,000000</SICI>
    <SUD>57,000000</SUD>
    <AUST>63,526700</AUST>
    <BRNN>57,000000</BRNN>
    <COAC>57,000000</COAC>
    <CORS>57,000000</CORS>
    <FOGN>57,000000</FOGN>
    <FRAN>63,526700</FRAN>
    <GREC>57,000000</GREC>
    <MFTV>63,526700</MFTV>
    <PRGP>57,000000</PRGP>
    <ROSN>57,000000</ROSN>
    <SLOV>63,526700</SLOV>
    <SVIZ>63,526700</SVIZ>
    <BSP>63,526700</BSP>
    <MALT>57,000000</MALT>
    <XAUS>63,526700</XAUS>
    <XFRA>63,526700</XFRA>
  </Prezzi>
  <Prezzi>
    <Data>20161123</Data>
    <Mercato>MGP</Mercato>
    <Ora>12</Ora>
    <PUN>60,235600</PUN>
    <NAT>57,000000</NAT>
    <CNOR>56,000000</CNOR>
    <CSUD>56,000000</CSUD>
    <NORD>62,985810</NORD>
    <SARD>56,000000</SARD>
    <SICI>56,000000</SICI>
    <SUD>56,000000</SUD>
    <AUST>62,985810</AUST>
    <BRNN>56,000000</BRNN>
    <COAC>56,000000</COAC>
    <CORS>56,000000</CORS>
    <FOGN>56,000000</FOGN>
    <FRAN>62,985810</FRAN>
    <GREC>56,000000</GREC>
    <MFTV>62,985810</MFTV>
    <PRGP>56,000000</PRGP>
    <ROSN>56,000000</ROSN>
    <SLOV>62,985810</SLOV>
    <SVIZ>62,985810</SVIZ>
    <BSP>62,985810</BSP>
    <MALT>56,000000</MALT>
    <XAUS>62,985810</XAUS>
    <XFRA>62,985810</XFRA>
  </Prezzi>
  <Prezzi>
    <Data>20161123</Data>
    <Mercato>MGP</Mercato>
    <Ora>13</Ora>
    <PUN>55,389050</PUN>
    <NAT>56,000000</NAT>
    <CNOR>50,000000</CNOR>
    <CSUD>50,000000</CSUD>
    <NORD>59,074810</NORD>
    <SARD>50,000000</SARD>
    <SICI>50,000000</SICI>
    <SUD>50,000000</SUD>
    <AUST>59,074810</AUST>
    <BRNN>50,000000</BRNN>
    <COAC>50,000000</COAC>
    <CORS>50,000000</CORS>
    <FOGN>50,000000</FOGN>
    <FRAN>59,074810</FRAN>
    <GREC>50,000000</GREC>
    <MFTV>59,074810</MFTV>
    <PRGP>50,000000</PRGP>
    <ROSN>50,000000</ROSN>
    <SLOV>59,074810</SLOV>
    <SVIZ>59,074810</SVIZ>
    <BSP>59,074810</BSP>
    <MALT>50,000000</MALT>
    <XAUS>59,074810</XAUS>
    <XFRA>59,074810</XFRA>
  </Prezzi>
  <Prezzi>
    <Data>20161123</Data>
    <Mercato>MGP</Mercato>
    <Ora>14</Ora>
    <PUN>57,793950</PUN>
    <NAT>56,000000</NAT>
    <CNOR>56,000000</CNOR>
    <CSUD>56,000000</CSUD>
    <NORD>58,980000</NORD>
    <SARD>56,000000</SARD>
    <SICI>56,000000</SICI>
    <SUD>56,000000</SUD>
    <AUST>58,980000</AUST>
    <BRNN>56,000000</BRNN>
    <COAC>56,000000</COAC>
    <CORS>56,000000</CORS>
    <FOGN>56,000000</FOGN>
    <FRAN>58,980000</FRAN>
    <GREC>56,000000</GREC>
    <MFTV>58,980000</MFTV>
    <PRGP>56,000000</PRGP>
    <ROSN>56,000000</ROSN>
    <SLOV>58,980000</SLOV>
    <SVIZ>58,980000</SVIZ>
    <BSP>58,980000</BSP>
    <MALT>56,000000</MALT>
    <XAUS>58,980000</XAUS>
    <XFRA>58,980000</XFRA>
  </Prezzi>
  <Prezzi>
    <Data>20161123</Data>
    <Mercato>MGP</Mercato>
    <Ora>15</Ora>
    <PUN>57,516570</PUN>
    <NAT>56,000000</NAT>
    <CNOR>56,000000</CNOR>
    <CSUD>56,000000</CSUD>
    <NORD>58,500000</NORD>
    <SARD>56,000000</SARD>
    <SICI>56,000000</SICI>
    <SUD>56,000000</SUD>
    <AUST>58,500000</AUST>
    <BRNN>56,000000</BRNN>
    <COAC>56,000000</COAC>
    <CORS>56,000000</CORS>
    <FOGN>56,000000</FOGN>
    <FRAN>58,500000</FRAN>
    <GREC>56,000000</GREC>
    <MFTV>58,500000</MFTV>
    <PRGP>56,000000</PRGP>
    <ROSN>56,000000</ROSN>
    <SLOV>58,500000</SLOV>
    <SVIZ>58,500000</SVIZ>
    <BSP>58,500000</BSP>
    <MALT>56,000000</MALT>
    <XAUS>58,500000</XAUS>
    <XFRA>58,500000</XFRA>
  </Prezzi>
  <Prezzi>
    <Data>20161123</Data>
    <Mercato>MGP</Mercato>
    <Ora>16</Ora>
    <PUN>58,659740</PUN>
    <NAT>58,000000</NAT>
    <CNOR>58,930000</CNOR>
    <CSUD>58,000000</CSUD>
    <NORD>58,930000</NORD>
    <SARD>58,000000</SARD>
    <SICI>58,000000</SICI>
    <SUD>58,000000</SUD>
    <AUST>58,930000</AUST>
    <BRNN>58,000000</BRNN>
    <COAC>58,000000</COAC>
    <CORS>58,930000</CORS>
    <FOGN>58,000000</FOGN>
    <FRAN>58,930000</FRAN>
    <GREC>58,000000</GREC>
    <MFTV>58,930000</MFTV>
    <PRGP>58,000000</PRGP>
    <ROSN>58,000000</ROSN>
    <SLOV>58,930000</SLOV>
    <SVIZ>58,930000</SVIZ>
    <BSP>58,930000</BSP>
    <MALT>58,000000</MALT>
    <XAUS>58,930000</XAUS>
    <XFRA>58,930000</XFRA>
  </Prezzi>
  <Prezzi>
    <Data>20161123</Data>
    <Mercato>MGP</Mercato>
    <Ora>17</Ora>
    <PUN>59,000000</PUN>
    <NAT>59,000000</NAT>
    <CNOR>59,000000</CNOR>
    <CSUD>59,000000</CSUD>
    <NORD>59,000000</NORD>
    <SARD>59,000000</SARD>
    <SICI>59,000000</SICI>
    <SUD>59,000000</SUD>
    <AUST>59,000000</AUST>
    <BRNN>59,000000</BRNN>
    <COAC>59,000000</COAC>
    <CORS>59,000000</CORS>
    <FOGN>59,000000</FOGN>
    <FRAN>59,000000</FRAN>
    <GREC>59,000000</GREC>
    <MFTV>59,000000</MFTV>
    <PRGP>59,000000</PRGP>
    <ROSN>59,000000</ROSN>
    <SLOV>59,000000</SLOV>
    <SVIZ>59,000000</SVIZ>
    <BSP>59,000000</BSP>
    <MALT>59,000000</MALT>
    <XAUS>59,000000</XAUS>
    <XFRA>59,000000</XFRA>
  </Prezzi>
  <Prezzi>
    <Data>20161123</Data>
    <Mercato>MGP</Mercato>
    <Ora>18</Ora>
    <PUN>64,380000</PUN>
    <NAT>64,380000</NAT>
    <CNOR>64,380000</CNOR>
    <CSUD>64,380000</CSUD>
    <NORD>64,380000</NORD>
    <SARD>64,380000</SARD>
    <SICI>64,380000</SICI>
    <SUD>64,380000</SUD>
    <AUST>64,380000</AUST>
    <BRNN>64,380000</BRNN>
    <COAC>64,380000</COAC>
    <CORS>64,380000</CORS>
    <FOGN>64,380000</FOGN>
    <FRAN>64,380000</FRAN>
    <GREC>64,380000</GREC>
    <MFTV>64,380000</MFTV>
    <PRGP>64,380000</PRGP>
    <ROSN>64,380000</ROSN>
    <SLOV>64,380000</SLOV>
    <SVIZ>64,380000</SVIZ>
    <BSP>64,380000</BSP>
    <MALT>64,380000</MALT>
    <XAUS>64,380000</XAUS>
    <XFRA>64,380000</XFRA>
  </Prezzi>
  <Prezzi>
    <Data>20161123</Data>
    <Mercato>MGP</Mercato>
    <Ora>19</Ora>
    <PUN>66,900000</PUN>
    <NAT>66,900000</NAT>
    <CNOR>66,900000</CNOR>
    <CSUD>66,900000</CSUD>
    <NORD>66,900000</NORD>
    <SARD>66,900000</SARD>
    <SICI>66,900000</SICI>
    <SUD>66,900000</SUD>
    <AUST>66,900000</AUST>
    <BRNN>66,900000</BRNN>
    <COAC>66,900000</COAC>
    <CORS>66,900000</CORS>
    <FOGN>66,900000</FOGN>
    <FRAN>66,900000</FRAN>
    <GREC>66,900000</GREC>
    <MFTV>66,900000</MFTV>
    <PRGP>66,900000</PRGP>
    <ROSN>66,900000</ROSN>
    <SLOV>66,900000</SLOV>
    <SVIZ>66,900000</SVIZ>
    <BSP>66,900000</BSP>
    <MALT>66,900000</MALT>
    <XAUS>66,900000</XAUS>
    <XFRA>66,900000</XFRA>
  </Prezzi>
  <Prezzi>
    <Data>20161123</Data>
    <Mercato>MGP</Mercato>
    <Ora>20</Ora>
    <PUN>65,650000</PUN>
    <NAT>65,000000</NAT>
    <CNOR>65,650000</CNOR>
    <CSUD>65,650000</CSUD>
    <NORD>65,650000</NORD>
    <SARD>65,650000</SARD>
    <SICI>65,650000</SICI>
    <SUD>65,650000</SUD>
    <AUST>65,650000</AUST>
    <BRNN>65,650000</BRNN>
    <COAC>65,650000</COAC>
    <CORS>65,650000</CORS>
    <FOGN>65,650000</FOGN>
    <FRAN>65,650000</FRAN>
    <GREC>65,650000</GREC>
    <MFTV>65,650000</MFTV>
    <PRGP>65,650000</PRGP>
    <ROSN>65,650000</ROSN>
    <SLOV>65,650000</SLOV>
    <SVIZ>65,650000</SVIZ>
    <BSP>65,650000</BSP>
    <MALT>65,650000</MALT>
    <XAUS>65,650000</XAUS>
    <XFRA>65,650000</XFRA>
  </Prezzi>
  <Prezzi>
    <Data>20161123</Data>
    <Mercato>MGP</Mercato>
    <Ora>21</Ora>
    <PUN>59,000000</PUN>
    <NAT>59,000000</NAT>
    <CNOR>59,000000</CNOR>
    <CSUD>59,000000</CSUD>
    <NORD>59,000000</NORD>
    <SARD>59,000000</SARD>
    <SICI>59,000000</SICI>
    <SUD>59,000000</SUD>
    <AUST>59,000000</AUST>
    <BRNN>59,000000</BRNN>
    <COAC>59,000000</COAC>
    <CORS>59,000000</CORS>
    <FOGN>59,000000</FOGN>
    <FRAN>59,000000</FRAN>
    <GREC>59,000000</GREC>
    <MFTV>59,000000</MFTV>
    <PRGP>59,000000</PRGP>
    <ROSN>59,000000</ROSN>
    <SLOV>59,000000</SLOV>
    <SVIZ>59,000000</SVIZ>
    <BSP>59,000000</BSP>
    <MALT>59,000000</MALT>
    <XAUS>59,000000</XAUS>
    <XFRA>59,000000</XFRA>
  </Prezzi>
  <Prezzi>
    <Data>20161123</Data>
    <Mercato>MGP</Mercato>
    <Ora>22</Ora>
    <PUN>51,700000</PUN>
    <NAT>51,700000</NAT>
    <CNOR>51,700000</CNOR>
    <CSUD>51,700000</CSUD>
    <NORD>51,700000</NORD>
    <SARD>51,700000</SARD>
    <SICI>51,700000</SICI>
    <SUD>51,700000</SUD>
    <AUST>51,700000</AUST>
    <BRNN>51,700000</BRNN>
    <COAC>51,700000</COAC>
    <CORS>51,700000</CORS>
    <FOGN>51,700000</FOGN>
    <FRAN>51,700000</FRAN>
    <GREC>51,700000</GREC>
    <MFTV>51,700000</MFTV>
    <PRGP>51,700000</PRGP>
    <ROSN>51,700000</ROSN>
    <SLOV>51,700000</SLOV>
    <SVIZ>51,700000</SVIZ>
    <BSP>51,700000</BSP>
    <MALT>51,700000</MALT>
    <XAUS>51,700000</XAUS>
    <XFRA>51,700000</XFRA>
  </Prezzi>
  <Prezzi>
    <Data>20161123</Data>
    <Mercato>MGP</Mercato>
    <Ora>23</Ora>
    <PUN>49,690000</PUN>
    <NAT>49,690000</NAT>
    <CNOR>49,690000</CNOR>
    <CSUD>49,690000</CSUD>
    <NORD>49,690000</NORD>
    <SARD>49,690000</SARD>
    <SICI>49,690000</SICI>
    <SUD>49,690000</SUD>
    <AUST>49,690000</AUST>
    <BRNN>49,690000</BRNN>
    <COAC>49,690000</COAC>
    <CORS>49,690000</CORS>
    <FOGN>49,690000</FOGN>
    <FRAN>49,690000</FRAN>
    <GREC>49,690000</GREC>
    <MFTV>49,690000</MFTV>
    <PRGP>49,690000</PRGP>
    <ROSN>49,690000</ROSN>
    <SLOV>49,690000</SLOV>
    <SVIZ>49,690000</SVIZ>
    <BSP>49,690000</BSP>
    <MALT>49,690000</MALT>
    <XAUS>49,690000</XAUS>
    <XFRA>49,690000</XFRA>
  </Prezzi>
  <Prezzi>
    <Data>20161123</Data>
    <Mercato>MGP</Mercato>
    <Ora>24</Ora>
    <PUN>45,000000</PUN>
    <NAT>45,000000</NAT>
    <CNOR>45,000000</CNOR>
    <CSUD>45,000000</CSUD>
    <NORD>45,000000</NORD>
    <SARD>45,000000</SARD>
    <SICI>45,000000</SICI>
    <SUD>45,000000</SUD>
    <AUST>45,000000</AUST>
    <BRNN>45,000000</BRNN>
    <COAC>45,000000</COAC>
    <CORS>45,000000</CORS>
    <FOGN>45,000000</FOGN>
    <FRAN>45,000000</FRAN>
    <GREC>45,000000</GREC>
    <MFTV>45,000000</MFTV>
    <PRGP>45,000000</PRGP>
    <ROSN>45,000000</ROSN>
    <SLOV>45,000000</SLOV>
    <SVIZ>45,000000</SVIZ>
    <BSP>45,000000</BSP>
    <MALT>45,000000</MALT>
    <XAUS>45,000000</XAUS>
    <XFRA>45,000000</XFRA>
  </Prezzi>
</NewDataSet>