<?xml version="1.0" standalone="yes"?>
<NewDataSet>
  <xs:schema id="NewDataSet" xmlns="" xmlns:xs="http://www.w3.org/2001/XMLSchema" xmlns:msdata="urn:schemas-microsoft-com:xml-msdata">
    <xs:element name="NewDataSet" msdata:IsDataSet="true" msdata:UseCurrentLocale="true">
      <xs:complexType>
        <xs:choice minOccurs="0" maxOccurs="unbounded">
          <xs:element name="Prezzi">
            <xs:complexType>
              <xs:sequence>
                <xs:element name="Data" type="xs:string" minOccurs="0" />
                <xs:element name="Mercato" type="xs:string" minOccurs="0" />
                <xs:element name="Ora" type="xs:string" minOccurs="0" />
                <xs:element name="PUN" type="xs:string" minOccurs="0" />
                <xs:element name="NAT" type="xs:string" minOccurs="0" />
                <xs:element name="CNOR" type="xs:string" minOccurs="0" />
                <xs:element name="CSUD" type="xs:string" minOccurs="0" />
                <xs:element name="NORD" type="xs:string" minOccurs="0" />
                <xs:element name="SARD" type="xs:string" minOccurs="0" />
                <xs:element name="SICI" type="xs:string" minOccurs="0" />
                <xs:element name="SUD" type="xs:string" minOccurs="0" />
                <xs:element name="AUST" type="xs:string" minOccurs="0" />
                <xs:element name="BRNN" type="xs:string" minOccurs="0" />
                <xs:element name="COAC" type="xs:string" minOccurs="0" />
                <xs:element name="CORS" type="xs:string" minOccurs="0" />
                <xs:element name="FOGN" type="xs:string" minOccurs="0" />
                <xs:element name="FRAN" type="xs:string" minOccurs="0" />
                <xs:element name="GREC" type="xs:string" minOccurs="0" />
                <xs:element name="MFTV" type="xs:string" minOccurs="0" />
                <xs:element name="PRGP" type="xs:string" minOccurs="0" />
                <xs:element name="ROSN" type="xs:string" minOccurs="0" />
                <xs:element name="SLOV" type="xs:string" minOccurs="0" />
                <xs:element name="SVIZ" type="xs:string" minOccurs="0" />
                <xs:element name="BSP" type="xs:string" minOccurs="0" />
                <xs:element name="MALT" type="xs:string" minOccurs="0" />
                <xs:element name="XAUS" type="xs:string" minOccurs="0" />
                <xs:element name="XFRA" type="xs:string" minOccurs="0" />
              </xs:sequence>
            </xs:complexType>
          </xs:element>
        </xs:choice>
      </xs:complexType>
    </xs:element>
  </xs:schema>
  <Prezzi>
    <Data>20161115</Data>
    <Mercato>MGP</Mercato>
    <Ora>1</Ora>
    <PUN>64,380000</PUN>
    <NAT>64,380000</NAT>
    <CNOR>64,380000</CNOR>
    <CSUD>64,380000</CSUD>
    <NORD>64,380000</NORD>
    <SARD>64,380000</SARD>
    <SICI>64,380000</SICI>
    <SUD>64,380000</SUD>
    <AUST>64,380000</AUST>
    <BRNN>64,380000</BRNN>
    <COAC>64,380000</COAC>
    <CORS>64,380000</CORS>
    <FOGN>64,380000</FOGN>
    <FRAN>64,380000</FRAN>
    <GREC>64,380000</GREC>
    <MFTV>64,380000</MFTV>
    <PRGP>64,380000</PRGP>
    <ROSN>64,380000</ROSN>
    <SLOV>64,380000</SLOV>
    <SVIZ>64,380000</SVIZ>
    <BSP>64,380000</BSP>
    <MALT>64,380000</MALT>
    <XAUS>64,380000</XAUS>
    <XFRA>64,380000</XFRA>
  </Prezzi>
  <Prezzi>
    <Data>20161115</Data>
    <Mercato>MGP</Mercato>
    <Ora>2</Ora>
    <PUN>56,402970</PUN>
    <NAT>57,000000</NAT>
    <CNOR>56,402970</CNOR>
    <CSUD>56,402970</CSUD>
    <NORD>56,402970</NORD>
    <SARD>56,402970</SARD>
    <SICI>56,402970</SICI>
    <SUD>56,402970</SUD>
    <AUST>56,402970</AUST>
    <BRNN>56,402970</BRNN>
    <COAC>56,402970</COAC>
    <CORS>56,402970</CORS>
    <FOGN>56,402970</FOGN>
    <FRAN>56,402970</FRAN>
    <GREC>56,402970</GREC>
    <MFTV>56,402970</MFTV>
    <PRGP>56,402970</PRGP>
    <ROSN>56,402970</ROSN>
    <SLOV>56,402970</SLOV>
    <SVIZ>56,402970</SVIZ>
    <BSP>56,402970</BSP>
    <MALT>56,402970</MALT>
    <XAUS>56,402970</XAUS>
    <XFRA>56,402970</XFRA>
  </Prezzi>
  <Prezzi>
    <Data>20161115</Data>
    <Mercato>MGP</Mercato>
    <Ora>3</Ora>
    <PUN>51,000000</PUN>
    <NAT>51,000000</NAT>
    <CNOR>51,000000</CNOR>
    <CSUD>51,000000</CSUD>
    <NORD>51,000000</NORD>
    <SARD>51,000000</SARD>
    <SICI>51,000000</SICI>
    <SUD>51,000000</SUD>
    <AUST>51,000000</AUST>
    <BRNN>51,000000</BRNN>
    <COAC>51,000000</COAC>
    <CORS>51,000000</CORS>
    <FOGN>51,000000</FOGN>
    <FRAN>51,000000</FRAN>
    <GREC>51,000000</GREC>
    <MFTV>51,000000</MFTV>
    <PRGP>51,000000</PRGP>
    <ROSN>51,000000</ROSN>
    <SLOV>51,000000</SLOV>
    <SVIZ>51,000000</SVIZ>
    <BSP>51,000000</BSP>
    <MALT>51,000000</MALT>
    <XAUS>51,000000</XAUS>
    <XFRA>51,000000</XFRA>
  </Prezzi>
  <Prezzi>
    <Data>20161115</Data>
    <Mercato>MGP</Mercato>
    <Ora>4</Ora>
    <PUN>51,270000</PUN>
    <NAT>51,270000</NAT>
    <CNOR>51,270000</CNOR>
    <CSUD>51,270000</CSUD>
    <NORD>51,270000</NORD>
    <SARD>51,270000</SARD>
    <SICI>51,270000</SICI>
    <SUD>51,270000</SUD>
    <AUST>51,270000</AUST>
    <BRNN>51,270000</BRNN>
    <COAC>51,270000</COAC>
    <CORS>51,270000</CORS>
    <FOGN>51,270000</FOGN>
    <FRAN>51,270000</FRAN>
    <GREC>51,270000</GREC>
    <MFTV>51,270000</MFTV>
    <PRGP>51,270000</PRGP>
    <ROSN>51,270000</ROSN>
    <SLOV>51,270000</SLOV>
    <SVIZ>51,270000</SVIZ>
    <BSP>51,270000</BSP>
    <MALT>51,270000</MALT>
    <XAUS>51,270000</XAUS>
    <XFRA>51,270000</XFRA>
  </Prezzi>
  <Prezzi>
    <Data>20161115</Data>
    <Mercato>MGP</Mercato>
    <Ora>5</Ora>
    <PUN>51,000000</PUN>
    <NAT>51,000000</NAT>
    <CNOR>51,000000</CNOR>
    <CSUD>51,000000</CSUD>
    <NORD>51,000000</NORD>
    <SARD>51,000000</SARD>
    <SICI>51,000000</SICI>
    <SUD>51,000000</SUD>
    <AUST>51,000000</AUST>
    <BRNN>51,000000</BRNN>
    <COAC>51,000000</COAC>
    <CORS>51,000000</CORS>
    <FOGN>51,000000</FOGN>
    <FRAN>51,000000</FRAN>
    <GREC>51,000000</GREC>
    <MFTV>51,000000</MFTV>
    <PRGP>51,000000</PRGP>
    <ROSN>51,000000</ROSN>
    <SLOV>51,000000</SLOV>
    <SVIZ>51,000000</SVIZ>
    <BSP>51,000000</BSP>
    <MALT>51,000000</MALT>
    <XAUS>51,000000</XAUS>
    <XFRA>51,000000</XFRA>
  </Prezzi>
  <Prezzi>
    <Data>20161115</Data>
    <Mercato>MGP</Mercato>
    <Ora>6</Ora>
    <PUN>53,330000</PUN>
    <NAT>53,330000</NAT>
    <CNOR>53,330000</CNOR>
    <CSUD>53,330000</CSUD>
    <NORD>53,330000</NORD>
    <SARD>53,330000</SARD>
    <SICI>53,330000</SICI>
    <SUD>53,330000</SUD>
    <AUST>53,330000</AUST>
    <BRNN>53,330000</BRNN>
    <COAC>53,330000</COAC>
    <CORS>53,330000</CORS>
    <FOGN>53,330000</FOGN>
    <FRAN>53,330000</FRAN>
    <GREC>53,330000</GREC>
    <MFTV>53,330000</MFTV>
    <PRGP>53,330000</PRGP>
    <ROSN>53,330000</ROSN>
    <SLOV>53,330000</SLOV>
    <SVIZ>53,330000</SVIZ>
    <BSP>53,330000</BSP>
    <MALT>53,330000</MALT>
    <XAUS>53,330000</XAUS>
    <XFRA>53,330000</XFRA>
  </Prezzi>
  <Prezzi>
    <Data>20161115</Data>
    <Mercato>MGP</Mercato>
    <Ora>7</Ora>
    <PUN>71,079450</PUN>
    <NAT>64,500000</NAT>
    <CNOR>64,380000</CNOR>
    <CSUD>64,380000</CSUD>
    <NORD>75,500000</NORD>
    <SARD>64,380000</SARD>
    <SICI>64,380000</SICI>
    <SUD>64,380000</SUD>
    <AUST>75,500000</AUST>
    <BRNN>64,380000</BRNN>
    <COAC>64,380000</COAC>
    <CORS>64,380000</CORS>
    <FOGN>64,380000</FOGN>
    <FRAN>75,500000</FRAN>
    <GREC>64,380000</GREC>
    <MFTV>75,500000</MFTV>
    <PRGP>64,380000</PRGP>
    <ROSN>64,380000</ROSN>
    <SLOV>75,500000</SLOV>
    <SVIZ>75,500000</SVIZ>
    <BSP>75,500000</BSP>
    <MALT>64,380000</MALT>
    <XAUS>75,500000</XAUS>
    <XFRA>75,500000</XFRA>
  </Prezzi>
  <Prezzi>
    <Data>20161115</Data>
    <Mercato>MGP</Mercato>
    <Ora>8</Ora>
    <PUN>91,161180</PUN>
    <NAT>86,300000</NAT>
    <CNOR>79,080000</CNOR>
    <CSUD>79,080000</CSUD>
    <NORD>99,000000</NORD>
    <SARD>79,080000</SARD>
    <SICI>79,080000</SICI>
    <SUD>79,080000</SUD>
    <AUST>99,000000</AUST>
    <BRNN>79,080000</BRNN>
    <COAC>79,080000</COAC>
    <CORS>79,080000</CORS>
    <FOGN>79,080000</FOGN>
    <FRAN>99,000000</FRAN>
    <GREC>79,080000</GREC>
    <MFTV>99,000000</MFTV>
    <PRGP>79,080000</PRGP>
    <ROSN>79,080000</ROSN>
    <SLOV>99,000000</SLOV>
    <SVIZ>99,000000</SVIZ>
    <BSP>99,000000</BSP>
    <MALT>79,080000</MALT>
    <XAUS>99,000000</XAUS>
    <XFRA>99,000000</XFRA>
  </Prezzi>
  <Prezzi>
    <Data>20161115</Data>
    <Mercato>MGP</Mercato>
    <Ora>9</Ora>
    <PUN>100,914510</PUN>
    <NAT>100,990000</NAT>
    <CNOR>100,914510</CNOR>
    <CSUD>100,914510</CSUD>
    <NORD>100,914510</NORD>
    <SARD>100,914510</SARD>
    <SICI>100,914510</SICI>
    <SUD>100,914510</SUD>
    <AUST>100,914510</AUST>
    <BRNN>100,914510</BRNN>
    <COAC>100,914510</COAC>
    <CORS>100,914510</CORS>
    <FOGN>100,914510</FOGN>
    <FRAN>100,914510</FRAN>
    <GREC>100,914510</GREC>
    <MFTV>100,914510</MFTV>
    <PRGP>100,914510</PRGP>
    <ROSN>100,914510</ROSN>
    <SLOV>100,914510</SLOV>
    <SVIZ>100,914510</SVIZ>
    <BSP>100,914510</BSP>
    <MALT>100,914510</MALT>
    <XAUS>100,914510</XAUS>
    <XFRA>100,914510</XFRA>
  </Prezzi>
  <Prezzi>
    <Data>20161115</Data>
    <Mercato>MGP</Mercato>
    <Ora>10</Ora>
    <PUN>100,080490</PUN>
    <NAT>99,090000</NAT>
    <CNOR>93,000000</CNOR>
    <CSUD>93,000000</CSUD>
    <NORD>104,700000</NORD>
    <SARD>93,000000</SARD>
    <SICI>93,000000</SICI>
    <SUD>93,000000</SUD>
    <AUST>104,700000</AUST>
    <BRNN>93,000000</BRNN>
    <COAC>93,000000</COAC>
    <CORS>93,000000</CORS>
    <FOGN>93,000000</FOGN>
    <FRAN>104,700000</FRAN>
    <GREC>93,000000</GREC>
    <MFTV>104,700000</MFTV>
    <PRGP>93,000000</PRGP>
    <ROSN>93,000000</ROSN>
    <SLOV>104,700000</SLOV>
    <SVIZ>104,700000</SVIZ>
    <BSP>104,700000</BSP>
    <MALT>93,000000</MALT>
    <XAUS>104,700000</XAUS>
    <XFRA>104,700000</XFRA>
  </Prezzi>
  <Prezzi>
    <Data>20161115</Data>
    <Mercato>MGP</Mercato>
    <Ora>11</Ora>
    <PUN>85,418120</PUN>
    <NAT>86,470000</NAT>
    <CNOR>64,500000</CNOR>
    <CSUD>64,500000</CSUD>
    <NORD>99,000000</NORD>
    <SARD>64,500000</SARD>
    <SICI>64,500000</SICI>
    <SUD>64,500000</SUD>
    <AUST>99,000000</AUST>
    <BRNN>64,500000</BRNN>
    <COAC>64,500000</COAC>
    <CORS>64,500000</CORS>
    <FOGN>64,500000</FOGN>
    <FRAN>99,000000</FRAN>
    <GREC>64,500000</GREC>
    <MFTV>99,000000</MFTV>
    <PRGP>64,500000</PRGP>
    <ROSN>64,500000</ROSN>
    <SLOV>99,000000</SLOV>
    <SVIZ>99,000000</SVIZ>
    <BSP>99,000000</BSP>
    <MALT>64,500000</MALT>
    <XAUS>99,000000</XAUS>
    <XFRA>99,000000</XFRA>
  </Prezzi>
  <Prezzi>
    <Data>20161115</Data>
    <Mercato>MGP</Mercato>
    <Ora>12</Ora>
    <PUN>84,331760</PUN>
    <NAT>76,620000</NAT>
    <CNOR>61,290000</CNOR>
    <CSUD>61,290000</CSUD>
    <NORD>99,000000</NORD>
    <SARD>61,290000</SARD>
    <SICI>61,290000</SICI>
    <SUD>61,290000</SUD>
    <AUST>99,000000</AUST>
    <BRNN>61,290000</BRNN>
    <COAC>61,290000</COAC>
    <CORS>61,290000</CORS>
    <FOGN>61,290000</FOGN>
    <FRAN>99,000000</FRAN>
    <GREC>61,290000</GREC>
    <MFTV>99,000000</MFTV>
    <PRGP>61,290000</PRGP>
    <ROSN>61,290000</ROSN>
    <SLOV>99,000000</SLOV>
    <SVIZ>99,000000</SVIZ>
    <BSP>99,000000</BSP>
    <MALT>61,290000</MALT>
    <XAUS>99,000000</XAUS>
    <XFRA>99,000000</XFRA>
  </Prezzi>
  <Prezzi>
    <Data>20161115</Data>
    <Mercato>MGP</Mercato>
    <Ora>13</Ora>
    <PUN>76,615730</PUN>
    <NAT>65,080000</NAT>
    <CNOR>59,000000</CNOR>
    <CSUD>59,000000</CSUD>
    <NORD>88,620000</NORD>
    <SARD>59,000000</SARD>
    <SICI>59,000000</SICI>
    <SUD>59,000000</SUD>
    <AUST>88,620000</AUST>
    <BRNN>59,000000</BRNN>
    <COAC>59,000000</COAC>
    <CORS>59,000000</CORS>
    <FOGN>59,000000</FOGN>
    <FRAN>88,620000</FRAN>
    <GREC>59,000000</GREC>
    <MFTV>88,620000</MFTV>
    <PRGP>59,000000</PRGP>
    <ROSN>59,000000</ROSN>
    <SLOV>88,620000</SLOV>
    <SVIZ>88,620000</SVIZ>
    <BSP>88,620000</BSP>
    <MALT>59,000000</MALT>
    <XAUS>88,620000</XAUS>
    <XFRA>88,620000</XFRA>
  </Prezzi>
  <Prezzi>
    <Data>20161115</Data>
    <Mercato>MGP</Mercato>
    <Ora>14</Ora>
    <PUN>78,889520</PUN>
    <NAT>73,350000</NAT>
    <CNOR>63,460000</CNOR>
    <CSUD>63,460000</CSUD>
    <NORD>88,911810</NORD>
    <SARD>63,460000</SARD>
    <SICI>63,460000</SICI>
    <SUD>63,460000</SUD>
    <AUST>88,911810</AUST>
    <BRNN>63,460000</BRNN>
    <COAC>63,460000</COAC>
    <CORS>63,460000</CORS>
    <FOGN>63,460000</FOGN>
    <FRAN>88,911810</FRAN>
    <GREC>63,460000</GREC>
    <MFTV>88,911810</MFTV>
    <PRGP>63,460000</PRGP>
    <ROSN>63,460000</ROSN>
    <SLOV>88,911810</SLOV>
    <SVIZ>88,911810</SVIZ>
    <BSP>88,911810</BSP>
    <MALT>63,460000</MALT>
    <XAUS>88,911810</XAUS>
    <XFRA>88,911810</XFRA>
  </Prezzi>
  <Prezzi>
    <Data>20161115</Data>
    <Mercato>MGP</Mercato>
    <Ora>15</Ora>
    <PUN>78,267190</PUN>
    <NAT>75,500000</NAT>
    <CNOR>64,500000</CNOR>
    <CSUD>64,500000</CSUD>
    <NORD>87,058120</NORD>
    <SARD>64,500000</SARD>
    <SICI>64,500000</SICI>
    <SUD>64,500000</SUD>
    <AUST>87,058120</AUST>
    <BRNN>64,500000</BRNN>
    <COAC>64,500000</COAC>
    <CORS>64,500000</CORS>
    <FOGN>64,500000</FOGN>
    <FRAN>87,058120</FRAN>
    <GREC>64,500000</GREC>
    <MFTV>87,058120</MFTV>
    <PRGP>64,500000</PRGP>
    <ROSN>64,500000</ROSN>
    <SLOV>87,058120</SLOV>
    <SVIZ>87,058120</SVIZ>
    <BSP>87,058120</BSP>
    <MALT>64,500000</MALT>
    <XAUS>87,058120</XAUS>
    <XFRA>87,058120</XFRA>
  </Prezzi>
  <Prezzi>
    <Data>20161115</Data>
    <Mercato>MGP</Mercato>
    <Ora>16</Ora>
    <PUN>81,282150</PUN>
    <NAT>75,500000</NAT>
    <CNOR>87,961760</CNOR>
    <CSUD>64,500000</CSUD>
    <NORD>87,961760</NORD>
    <SARD>64,500000</SARD>
    <SICI>64,500000</SICI>
    <SUD>64,500000</SUD>
    <AUST>87,961760</AUST>
    <BRNN>64,500000</BRNN>
    <COAC>64,500000</COAC>
    <CORS>87,961760</CORS>
    <FOGN>64,500000</FOGN>
    <FRAN>87,961760</FRAN>
    <GREC>64,500000</GREC>
    <MFTV>87,961760</MFTV>
    <PRGP>64,500000</PRGP>
    <ROSN>64,500000</ROSN>
    <SLOV>87,961760</SLOV>
    <SVIZ>87,961760</SVIZ>
    <BSP>87,961760</BSP>
    <MALT>64,500000</MALT>
    <XAUS>87,961760</XAUS>
    <XFRA>87,961760</XFRA>
  </Prezzi>
  <Prezzi>
    <Data>20161115</Data>
    <Mercato>MGP</Mercato>
    <Ora>17</Ora>
    <PUN>82,820680</PUN>
    <NAT>85,000000</NAT>
    <CNOR>90,217150</CNOR>
    <CSUD>65,080000</CSUD>
    <NORD>90,217150</NORD>
    <SARD>65,080000</SARD>
    <SICI>65,080000</SICI>
    <SUD>65,080000</SUD>
    <AUST>90,217150</AUST>
    <BRNN>65,080000</BRNN>
    <COAC>65,080000</COAC>
    <CORS>90,217150</CORS>
    <FOGN>65,080000</FOGN>
    <FRAN>90,217150</FRAN>
    <GREC>65,080000</GREC>
    <MFTV>90,217150</MFTV>
    <PRGP>65,080000</PRGP>
    <ROSN>65,080000</ROSN>
    <SLOV>90,217150</SLOV>
    <SVIZ>90,217150</SVIZ>
    <BSP>90,217150</BSP>
    <MALT>65,080000</MALT>
    <XAUS>90,217150</XAUS>
    <XFRA>90,217150</XFRA>
  </Prezzi>
  <Prezzi>
    <Data>20161115</Data>
    <Mercato>MGP</Mercato>
    <Ora>18</Ora>
    <PUN>120,000000</PUN>
    <NAT>120,000000</NAT>
    <CNOR>120,000000</CNOR>
    <CSUD>120,000000</CSUD>
    <NORD>120,000000</NORD>
    <SARD>120,000000</SARD>
    <SICI>120,000000</SICI>
    <SUD>120,000000</SUD>
    <AUST>120,000000</AUST>
    <BRNN>120,000000</BRNN>
    <COAC>120,000000</COAC>
    <CORS>120,000000</CORS>
    <FOGN>120,000000</FOGN>
    <FRAN>120,000000</FRAN>
    <GREC>120,000000</GREC>
    <MFTV>120,000000</MFTV>
    <PRGP>120,000000</PRGP>
    <ROSN>120,000000</ROSN>
    <SLOV>120,000000</SLOV>
    <SVIZ>120,000000</SVIZ>
    <BSP>120,000000</BSP>
    <MALT>120,000000</MALT>
    <XAUS>120,000000</XAUS>
    <XFRA>120,000000</XFRA>
  </Prezzi>
  <Prezzi>
    <Data>20161115</Data>
    <Mercato>MGP</Mercato>
    <Ora>19</Ora>
    <PUN>150,000000</PUN>
    <NAT>150,000000</NAT>
    <CNOR>150,000000</CNOR>
    <CSUD>150,000000</CSUD>
    <NORD>150,000000</NORD>
    <SARD>150,000000</SARD>
    <SICI>150,000000</SICI>
    <SUD>150,000000</SUD>
    <AUST>150,000000</AUST>
    <BRNN>150,000000</BRNN>
    <COAC>150,000000</COAC>
    <CORS>150,000000</CORS>
    <FOGN>150,000000</FOGN>
    <FRAN>150,000000</FRAN>
    <GREC>150,000000</GREC>
    <MFTV>150,000000</MFTV>
    <PRGP>150,000000</PRGP>
    <ROSN>150,000000</ROSN>
    <SLOV>150,000000</SLOV>
    <SVIZ>150,000000</SVIZ>
    <BSP>150,000000</BSP>
    <MALT>150,000000</MALT>
    <XAUS>150,000000</XAUS>
    <XFRA>150,000000</XFRA>
  </Prezzi>
  <Prezzi>
    <Data>20161115</Data>
    <Mercato>MGP</Mercato>
    <Ora>20</Ora>
    <PUN>114,188020</PUN>
    <NAT>111,990000</NAT>
    <CNOR>114,188020</CNOR>
    <CSUD>114,188020</CSUD>
    <NORD>114,188020</NORD>
    <SARD>114,188020</SARD>
    <SICI>114,188020</SICI>
    <SUD>114,188020</SUD>
    <AUST>114,188020</AUST>
    <BRNN>114,188020</BRNN>
    <COAC>114,188020</COAC>
    <CORS>114,188020</CORS>
    <FOGN>114,188020</FOGN>
    <FRAN>114,188020</FRAN>
    <GREC>114,188020</GREC>
    <MFTV>114,188020</MFTV>
    <PRGP>114,188020</PRGP>
    <ROSN>114,188020</ROSN>
    <SLOV>114,188020</SLOV>
    <SVIZ>114,188020</SVIZ>
    <BSP>114,188020</BSP>
    <MALT>114,188020</MALT>
    <XAUS>114,188020</XAUS>
    <XFRA>114,188020</XFRA>
  </Prezzi>
  <Prezzi>
    <Data>20161115</Data>
    <Mercato>MGP</Mercato>
    <Ora>21</Ora>
    <PUN>85,010000</PUN>
    <NAT>85,010000</NAT>
    <CNOR>85,010000</CNOR>
    <CSUD>85,010000</CSUD>
    <NORD>85,010000</NORD>
    <SARD>85,010000</SARD>
    <SICI>85,010000</SICI>
    <SUD>85,010000</SUD>
    <AUST>85,010000</AUST>
    <BRNN>85,010000</BRNN>
    <COAC>85,010000</COAC>
    <CORS>85,010000</CORS>
    <FOGN>85,010000</FOGN>
    <FRAN>85,010000</FRAN>
    <GREC>85,010000</GREC>
    <MFTV>85,010000</MFTV>
    <PRGP>85,010000</PRGP>
    <ROSN>85,010000</ROSN>
    <SLOV>85,010000</SLOV>
    <SVIZ>85,010000</SVIZ>
    <BSP>85,010000</BSP>
    <MALT>85,010000</MALT>
    <XAUS>85,010000</XAUS>
    <XFRA>85,010000</XFRA>
  </Prezzi>
  <Prezzi>
    <Data>20161115</Data>
    <Mercato>MGP</Mercato>
    <Ora>22</Ora>
    <PUN>72,640220</PUN>
    <NAT>75,500000</NAT>
    <CNOR>71,927910</CNOR>
    <CSUD>71,927910</CSUD>
    <NORD>71,927910</NORD>
    <SARD>71,927910</SARD>
    <SICI>83,950000</SICI>
    <SUD>71,927910</SUD>
    <AUST>71,927910</AUST>
    <BRNN>71,927910</BRNN>
    <COAC>71,927910</COAC>
    <CORS>71,927910</CORS>
    <FOGN>71,927910</FOGN>
    <FRAN>71,927910</FRAN>
    <GREC>71,927910</GREC>
    <MFTV>71,927910</MFTV>
    <PRGP>83,950000</PRGP>
    <ROSN>71,927910</ROSN>
    <SLOV>71,927910</SLOV>
    <SVIZ>71,927910</SVIZ>
    <BSP>71,927910</BSP>
    <MALT>83,950000</MALT>
    <XAUS>71,927910</XAUS>
    <XFRA>71,927910</XFRA>
  </Prezzi>
  <Prezzi>
    <Data>20161115</Data>
    <Mercato>MGP</Mercato>
    <Ora>23</Ora>
    <PUN>62,660620</PUN>
    <NAT>60,000000</NAT>
    <CNOR>58,220000</CNOR>
    <CSUD>58,220000</CSUD>
    <NORD>66,067820</NORD>
    <SARD>58,220000</SARD>
    <SICI>58,220000</SICI>
    <SUD>58,220000</SUD>
    <AUST>66,067820</AUST>
    <BRNN>58,220000</BRNN>
    <COAC>58,220000</COAC>
    <CORS>58,220000</CORS>
    <FOGN>58,220000</FOGN>
    <FRAN>66,067820</FRAN>
    <GREC>58,220000</GREC>
    <MFTV>66,067820</MFTV>
    <PRGP>58,220000</PRGP>
    <ROSN>58,220000</ROSN>
    <SLOV>66,067820</SLOV>
    <SVIZ>66,067820</SVIZ>
    <BSP>66,067820</BSP>
    <MALT>58,220000</MALT>
    <XAUS>66,067820</XAUS>
    <XFRA>66,067820</XFRA>
  </Prezzi>
  <Prezzi>
    <Data>20161115</Data>
    <Mercato>MGP</Mercato>
    <Ora>24</Ora>
    <PUN>58,398480</PUN>
    <NAT>57,000000</NAT>
    <CNOR>57,000000</CNOR>
    <CSUD>57,000000</CSUD>
    <NORD>59,430000</NORD>
    <SARD>57,000000</SARD>
    <SICI>57,000000</SICI>
    <SUD>57,000000</SUD>
    <AUST>59,430000</AUST>
    <BRNN>57,000000</BRNN>
    <COAC>57,000000</COAC>
    <CORS>57,000000</CORS>
    <FOGN>57,000000</FOGN>
    <FRAN>59,430000</FRAN>
    <GREC>57,000000</GREC>
    <MFTV>59,430000</MFTV>
    <PRGP>57,000000</PRGP>
    <ROSN>57,000000</ROSN>
    <SLOV>59,430000</SLOV>
    <SVIZ>59,430000</SVIZ>
    <BSP>59,430000</BSP>
    <MALT>57,000000</MALT>
    <XAUS>59,430000</XAUS>
    <XFRA>59,430000</XFRA>
  </Prezzi>
</NewDataSet>