<?xml version="1.0" standalone="yes"?>
<NewDataSet>
  <xs:schema id="NewDataSet" xmlns="" xmlns:xs="http://www.w3.org/2001/XMLSchema" xmlns:msdata="urn:schemas-microsoft-com:xml-msdata">
    <xs:element name="NewDataSet" msdata:IsDataSet="true" msdata:UseCurrentLocale="true">
      <xs:complexType>
        <xs:choice minOccurs="0" maxOccurs="unbounded">
          <xs:element name="Prezzi">
            <xs:complexType>
              <xs:sequence>
                <xs:element name="Data" type="xs:string" minOccurs="0" />
                <xs:element name="Mercato" type="xs:string" minOccurs="0" />
                <xs:element name="Ora" type="xs:string" minOccurs="0" />
                <xs:element name="PUN" type="xs:string" minOccurs="0" />
                <xs:element name="NAT" type="xs:string" minOccurs="0" />
                <xs:element name="CNOR" type="xs:string" minOccurs="0" />
                <xs:element name="CSUD" type="xs:string" minOccurs="0" />
                <xs:element name="NORD" type="xs:string" minOccurs="0" />
                <xs:element name="SARD" type="xs:string" minOccurs="0" />
                <xs:element name="SICI" type="xs:string" minOccurs="0" />
                <xs:element name="SUD" type="xs:string" minOccurs="0" />
                <xs:element name="AUST" type="xs:string" minOccurs="0" />
                <xs:element name="BRNN" type="xs:string" minOccurs="0" />
                <xs:element name="COAC" type="xs:string" minOccurs="0" />
                <xs:element name="CORS" type="xs:string" minOccurs="0" />
                <xs:element name="FOGN" type="xs:string" minOccurs="0" />
                <xs:element name="FRAN" type="xs:string" minOccurs="0" />
                <xs:element name="GREC" type="xs:string" minOccurs="0" />
                <xs:element name="MFTV" type="xs:string" minOccurs="0" />
                <xs:element name="PRGP" type="xs:string" minOccurs="0" />
                <xs:element name="ROSN" type="xs:string" minOccurs="0" />
                <xs:element name="SLOV" type="xs:string" minOccurs="0" />
                <xs:element name="SVIZ" type="xs:string" minOccurs="0" />
                <xs:element name="BSP" type="xs:string" minOccurs="0" />
                <xs:element name="MALT" type="xs:string" minOccurs="0" />
                <xs:element name="XAUS" type="xs:string" minOccurs="0" />
                <xs:element name="XFRA" type="xs:string" minOccurs="0" />
              </xs:sequence>
            </xs:complexType>
          </xs:element>
        </xs:choice>
      </xs:complexType>
    </xs:element>
  </xs:schema>
  <Prezzi>
    <Data>20161119</Data>
    <Mercato>MGP</Mercato>
    <Ora>1</Ora>
    <PUN>56,355830</PUN>
    <NAT>55,000000</NAT>
    <CNOR>56,355830</CNOR>
    <CSUD>56,355830</CSUD>
    <NORD>56,355830</NORD>
    <SARD>56,355830</SARD>
    <SICI>56,355830</SICI>
    <SUD>56,355830</SUD>
    <AUST>56,355830</AUST>
    <BRNN>56,355830</BRNN>
    <COAC>56,355830</COAC>
    <CORS>56,355830</CORS>
    <FOGN>56,355830</FOGN>
    <FRAN>56,355830</FRAN>
    <GREC>56,355830</GREC>
    <MFTV>56,355830</MFTV>
    <PRGP>56,355830</PRGP>
    <ROSN>56,355830</ROSN>
    <SLOV>56,355830</SLOV>
    <SVIZ>56,355830</SVIZ>
    <BSP>56,355830</BSP>
    <MALT>56,355830</MALT>
    <XAUS>56,355830</XAUS>
    <XFRA>56,355830</XFRA>
  </Prezzi>
  <Prezzi>
    <Data>20161119</Data>
    <Mercato>MGP</Mercato>
    <Ora>2</Ora>
    <PUN>52,204810</PUN>
    <NAT>52,920000</NAT>
    <CNOR>52,204810</CNOR>
    <CSUD>52,204810</CSUD>
    <NORD>52,204810</NORD>
    <SARD>52,204810</SARD>
    <SICI>52,204810</SICI>
    <SUD>52,204810</SUD>
    <AUST>52,204810</AUST>
    <BRNN>52,204810</BRNN>
    <COAC>52,204810</COAC>
    <CORS>52,204810</CORS>
    <FOGN>52,204810</FOGN>
    <FRAN>52,204810</FRAN>
    <GREC>52,204810</GREC>
    <MFTV>52,204810</MFTV>
    <PRGP>52,204810</PRGP>
    <ROSN>52,204810</ROSN>
    <SLOV>52,204810</SLOV>
    <SVIZ>52,204810</SVIZ>
    <BSP>52,204810</BSP>
    <MALT>52,204810</MALT>
    <XAUS>52,204810</XAUS>
    <XFRA>52,204810</XFRA>
  </Prezzi>
  <Prezzi>
    <Data>20161119</Data>
    <Mercato>MGP</Mercato>
    <Ora>3</Ora>
    <PUN>49,250000</PUN>
    <NAT>49,250000</NAT>
    <CNOR>49,250000</CNOR>
    <CSUD>49,250000</CSUD>
    <NORD>49,250000</NORD>
    <SARD>49,250000</SARD>
    <SICI>49,250000</SICI>
    <SUD>49,250000</SUD>
    <AUST>49,250000</AUST>
    <BRNN>49,250000</BRNN>
    <COAC>49,250000</COAC>
    <CORS>49,250000</CORS>
    <FOGN>49,250000</FOGN>
    <FRAN>49,250000</FRAN>
    <GREC>49,250000</GREC>
    <MFTV>49,250000</MFTV>
    <PRGP>49,250000</PRGP>
    <ROSN>49,250000</ROSN>
    <SLOV>49,250000</SLOV>
    <SVIZ>49,250000</SVIZ>
    <BSP>49,250000</BSP>
    <MALT>49,250000</MALT>
    <XAUS>49,250000</XAUS>
    <XFRA>49,250000</XFRA>
  </Prezzi>
  <Prezzi>
    <Data>20161119</Data>
    <Mercato>MGP</Mercato>
    <Ora>4</Ora>
    <PUN>46,730000</PUN>
    <NAT>46,730000</NAT>
    <CNOR>46,730000</CNOR>
    <CSUD>46,730000</CSUD>
    <NORD>46,730000</NORD>
    <SARD>46,730000</SARD>
    <SICI>46,730000</SICI>
    <SUD>46,730000</SUD>
    <AUST>46,730000</AUST>
    <BRNN>46,730000</BRNN>
    <COAC>46,730000</COAC>
    <CORS>46,730000</CORS>
    <FOGN>46,730000</FOGN>
    <FRAN>46,730000</FRAN>
    <GREC>46,730000</GREC>
    <MFTV>46,730000</MFTV>
    <PRGP>46,730000</PRGP>
    <ROSN>46,730000</ROSN>
    <SLOV>46,730000</SLOV>
    <SVIZ>46,730000</SVIZ>
    <BSP>46,730000</BSP>
    <MALT>46,730000</MALT>
    <XAUS>46,730000</XAUS>
    <XFRA>46,730000</XFRA>
  </Prezzi>
  <Prezzi>
    <Data>20161119</Data>
    <Mercato>MGP</Mercato>
    <Ora>5</Ora>
    <PUN>47,320000</PUN>
    <NAT>47,320000</NAT>
    <CNOR>47,320000</CNOR>
    <CSUD>47,320000</CSUD>
    <NORD>47,320000</NORD>
    <SARD>47,320000</SARD>
    <SICI>47,320000</SICI>
    <SUD>47,320000</SUD>
    <AUST>47,320000</AUST>
    <BRNN>47,320000</BRNN>
    <COAC>47,320000</COAC>
    <CORS>47,320000</CORS>
    <FOGN>47,320000</FOGN>
    <FRAN>47,320000</FRAN>
    <GREC>47,320000</GREC>
    <MFTV>47,320000</MFTV>
    <PRGP>47,320000</PRGP>
    <ROSN>47,320000</ROSN>
    <SLOV>47,320000</SLOV>
    <SVIZ>47,320000</SVIZ>
    <BSP>47,320000</BSP>
    <MALT>47,320000</MALT>
    <XAUS>47,320000</XAUS>
    <XFRA>47,320000</XFRA>
  </Prezzi>
  <Prezzi>
    <Data>20161119</Data>
    <Mercato>MGP</Mercato>
    <Ora>6</Ora>
    <PUN>47,380000</PUN>
    <NAT>47,380000</NAT>
    <CNOR>47,380000</CNOR>
    <CSUD>47,380000</CSUD>
    <NORD>47,380000</NORD>
    <SARD>47,380000</SARD>
    <SICI>47,380000</SICI>
    <SUD>47,380000</SUD>
    <AUST>47,380000</AUST>
    <BRNN>47,380000</BRNN>
    <COAC>47,380000</COAC>
    <CORS>47,380000</CORS>
    <FOGN>47,380000</FOGN>
    <FRAN>47,380000</FRAN>
    <GREC>47,380000</GREC>
    <MFTV>47,380000</MFTV>
    <PRGP>47,380000</PRGP>
    <ROSN>47,380000</ROSN>
    <SLOV>47,380000</SLOV>
    <SVIZ>47,380000</SVIZ>
    <BSP>47,380000</BSP>
    <MALT>47,380000</MALT>
    <XAUS>47,380000</XAUS>
    <XFRA>47,380000</XFRA>
  </Prezzi>
  <Prezzi>
    <Data>20161119</Data>
    <Mercato>MGP</Mercato>
    <Ora>7</Ora>
    <PUN>46,590000</PUN>
    <NAT>46,590000</NAT>
    <CNOR>46,590000</CNOR>
    <CSUD>46,590000</CSUD>
    <NORD>46,590000</NORD>
    <SARD>46,590000</SARD>
    <SICI>46,590000</SICI>
    <SUD>46,590000</SUD>
    <AUST>46,590000</AUST>
    <BRNN>46,590000</BRNN>
    <COAC>46,590000</COAC>
    <CORS>46,590000</CORS>
    <FOGN>46,590000</FOGN>
    <FRAN>46,590000</FRAN>
    <GREC>46,590000</GREC>
    <MFTV>46,590000</MFTV>
    <PRGP>46,590000</PRGP>
    <ROSN>46,590000</ROSN>
    <SLOV>46,590000</SLOV>
    <SVIZ>46,590000</SVIZ>
    <BSP>46,590000</BSP>
    <MALT>46,590000</MALT>
    <XAUS>46,590000</XAUS>
    <XFRA>46,590000</XFRA>
  </Prezzi>
  <Prezzi>
    <Data>20161119</Data>
    <Mercato>MGP</Mercato>
    <Ora>8</Ora>
    <PUN>49,250000</PUN>
    <NAT>49,250000</NAT>
    <CNOR>49,250000</CNOR>
    <CSUD>49,250000</CSUD>
    <NORD>49,250000</NORD>
    <SARD>49,250000</SARD>
    <SICI>49,250000</SICI>
    <SUD>49,250000</SUD>
    <AUST>49,250000</AUST>
    <BRNN>49,250000</BRNN>
    <COAC>49,250000</COAC>
    <CORS>49,250000</CORS>
    <FOGN>49,250000</FOGN>
    <FRAN>49,250000</FRAN>
    <GREC>49,250000</GREC>
    <MFTV>49,250000</MFTV>
    <PRGP>49,250000</PRGP>
    <ROSN>49,250000</ROSN>
    <SLOV>49,250000</SLOV>
    <SVIZ>49,250000</SVIZ>
    <BSP>49,250000</BSP>
    <MALT>49,250000</MALT>
    <XAUS>49,250000</XAUS>
    <XFRA>49,250000</XFRA>
  </Prezzi>
  <Prezzi>
    <Data>20161119</Data>
    <Mercato>MGP</Mercato>
    <Ora>9</Ora>
    <PUN>53,250000</PUN>
    <NAT>53,250000</NAT>
    <CNOR>53,250000</CNOR>
    <CSUD>53,250000</CSUD>
    <NORD>53,250000</NORD>
    <SARD>53,250000</SARD>
    <SICI>53,250000</SICI>
    <SUD>53,250000</SUD>
    <AUST>53,250000</AUST>
    <BRNN>53,250000</BRNN>
    <COAC>53,250000</COAC>
    <CORS>53,250000</CORS>
    <FOGN>53,250000</FOGN>
    <FRAN>53,250000</FRAN>
    <GREC>53,250000</GREC>
    <MFTV>53,250000</MFTV>
    <PRGP>53,250000</PRGP>
    <ROSN>53,250000</ROSN>
    <SLOV>53,250000</SLOV>
    <SVIZ>53,250000</SVIZ>
    <BSP>53,250000</BSP>
    <MALT>53,250000</MALT>
    <XAUS>53,250000</XAUS>
    <XFRA>53,250000</XFRA>
  </Prezzi>
  <Prezzi>
    <Data>20161119</Data>
    <Mercato>MGP</Mercato>
    <Ora>10</Ora>
    <PUN>58,000000</PUN>
    <NAT>58,000000</NAT>
    <CNOR>58,000000</CNOR>
    <CSUD>58,000000</CSUD>
    <NORD>58,000000</NORD>
    <SARD>58,000000</SARD>
    <SICI>58,000000</SICI>
    <SUD>58,000000</SUD>
    <AUST>58,000000</AUST>
    <BRNN>58,000000</BRNN>
    <COAC>58,000000</COAC>
    <CORS>58,000000</CORS>
    <FOGN>58,000000</FOGN>
    <FRAN>58,000000</FRAN>
    <GREC>58,000000</GREC>
    <MFTV>58,000000</MFTV>
    <PRGP>58,000000</PRGP>
    <ROSN>58,000000</ROSN>
    <SLOV>58,000000</SLOV>
    <SVIZ>58,000000</SVIZ>
    <BSP>58,000000</BSP>
    <MALT>58,000000</MALT>
    <XAUS>58,000000</XAUS>
    <XFRA>58,000000</XFRA>
  </Prezzi>
  <Prezzi>
    <Data>20161119</Data>
    <Mercato>MGP</Mercato>
    <Ora>11</Ora>
    <PUN>59,939880</PUN>
    <NAT>58,310000</NAT>
    <CNOR>58,000000</CNOR>
    <CSUD>58,000000</CSUD>
    <NORD>61,360000</NORD>
    <SARD>58,000000</SARD>
    <SICI>58,000000</SICI>
    <SUD>58,000000</SUD>
    <AUST>61,360000</AUST>
    <BRNN>58,000000</BRNN>
    <COAC>58,000000</COAC>
    <CORS>58,000000</CORS>
    <FOGN>58,000000</FOGN>
    <FRAN>61,360000</FRAN>
    <GREC>58,000000</GREC>
    <MFTV>61,360000</MFTV>
    <PRGP>58,000000</PRGP>
    <ROSN>58,000000</ROSN>
    <SLOV>61,360000</SLOV>
    <SVIZ>61,360000</SVIZ>
    <BSP>61,360000</BSP>
    <MALT>58,000000</MALT>
    <XAUS>61,360000</XAUS>
    <XFRA>61,360000</XFRA>
  </Prezzi>
  <Prezzi>
    <Data>20161119</Data>
    <Mercato>MGP</Mercato>
    <Ora>12</Ora>
    <PUN>58,738070</PUN>
    <NAT>58,000000</NAT>
    <CNOR>58,000000</CNOR>
    <CSUD>58,000000</CSUD>
    <NORD>59,288420</NORD>
    <SARD>58,000000</SARD>
    <SICI>58,000000</SICI>
    <SUD>58,000000</SUD>
    <AUST>59,288420</AUST>
    <BRNN>58,000000</BRNN>
    <COAC>58,000000</COAC>
    <CORS>58,000000</CORS>
    <FOGN>58,000000</FOGN>
    <FRAN>59,288420</FRAN>
    <GREC>58,000000</GREC>
    <MFTV>59,288420</MFTV>
    <PRGP>58,000000</PRGP>
    <ROSN>58,000000</ROSN>
    <SLOV>59,288420</SLOV>
    <SVIZ>59,288420</SVIZ>
    <BSP>59,288420</BSP>
    <MALT>58,000000</MALT>
    <XAUS>59,288420</XAUS>
    <XFRA>59,288420</XFRA>
  </Prezzi>
  <Prezzi>
    <Data>20161119</Data>
    <Mercato>MGP</Mercato>
    <Ora>13</Ora>
    <PUN>57,000000</PUN>
    <NAT>57,000000</NAT>
    <CNOR>57,000000</CNOR>
    <CSUD>57,000000</CSUD>
    <NORD>57,000000</NORD>
    <SARD>57,000000</SARD>
    <SICI>57,000000</SICI>
    <SUD>57,000000</SUD>
    <AUST>57,000000</AUST>
    <BRNN>57,000000</BRNN>
    <COAC>57,000000</COAC>
    <CORS>57,000000</CORS>
    <FOGN>57,000000</FOGN>
    <FRAN>57,000000</FRAN>
    <GREC>57,000000</GREC>
    <MFTV>57,000000</MFTV>
    <PRGP>57,000000</PRGP>
    <ROSN>57,000000</ROSN>
    <SLOV>57,000000</SLOV>
    <SVIZ>57,000000</SVIZ>
    <BSP>57,000000</BSP>
    <MALT>57,000000</MALT>
    <XAUS>57,000000</XAUS>
    <XFRA>57,000000</XFRA>
  </Prezzi>
  <Prezzi>
    <Data>20161119</Data>
    <Mercato>MGP</Mercato>
    <Ora>14</Ora>
    <PUN>54,280000</PUN>
    <NAT>54,280000</NAT>
    <CNOR>54,280000</CNOR>
    <CSUD>54,280000</CSUD>
    <NORD>54,280000</NORD>
    <SARD>54,280000</SARD>
    <SICI>54,280000</SICI>
    <SUD>54,280000</SUD>
    <AUST>54,280000</AUST>
    <BRNN>54,280000</BRNN>
    <COAC>54,280000</COAC>
    <CORS>54,280000</CORS>
    <FOGN>54,280000</FOGN>
    <FRAN>54,280000</FRAN>
    <GREC>54,280000</GREC>
    <MFTV>54,280000</MFTV>
    <PRGP>54,280000</PRGP>
    <ROSN>54,280000</ROSN>
    <SLOV>54,280000</SLOV>
    <SVIZ>54,280000</SVIZ>
    <BSP>54,280000</BSP>
    <MALT>54,280000</MALT>
    <XAUS>54,280000</XAUS>
    <XFRA>54,280000</XFRA>
  </Prezzi>
  <Prezzi>
    <Data>20161119</Data>
    <Mercato>MGP</Mercato>
    <Ora>15</Ora>
    <PUN>50,000000</PUN>
    <NAT>50,000000</NAT>
    <CNOR>50,000000</CNOR>
    <CSUD>50,000000</CSUD>
    <NORD>50,000000</NORD>
    <SARD>50,000000</SARD>
    <SICI>50,000000</SICI>
    <SUD>50,000000</SUD>
    <AUST>50,000000</AUST>
    <BRNN>50,000000</BRNN>
    <COAC>50,000000</COAC>
    <CORS>50,000000</CORS>
    <FOGN>50,000000</FOGN>
    <FRAN>50,000000</FRAN>
    <GREC>50,000000</GREC>
    <MFTV>50,000000</MFTV>
    <PRGP>50,000000</PRGP>
    <ROSN>50,000000</ROSN>
    <SLOV>50,000000</SLOV>
    <SVIZ>50,000000</SVIZ>
    <BSP>50,000000</BSP>
    <MALT>50,000000</MALT>
    <XAUS>50,000000</XAUS>
    <XFRA>50,000000</XFRA>
  </Prezzi>
  <Prezzi>
    <Data>20161119</Data>
    <Mercato>MGP</Mercato>
    <Ora>16</Ora>
    <PUN>49,250000</PUN>
    <NAT>49,250000</NAT>
    <CNOR>49,250000</CNOR>
    <CSUD>49,250000</CSUD>
    <NORD>49,250000</NORD>
    <SARD>49,250000</SARD>
    <SICI>49,250000</SICI>
    <SUD>49,250000</SUD>
    <AUST>49,250000</AUST>
    <BRNN>49,250000</BRNN>
    <COAC>49,250000</COAC>
    <CORS>49,250000</CORS>
    <FOGN>49,250000</FOGN>
    <FRAN>49,250000</FRAN>
    <GREC>49,250000</GREC>
    <MFTV>49,250000</MFTV>
    <PRGP>49,250000</PRGP>
    <ROSN>49,250000</ROSN>
    <SLOV>49,250000</SLOV>
    <SVIZ>49,250000</SVIZ>
    <BSP>49,250000</BSP>
    <MALT>49,250000</MALT>
    <XAUS>49,250000</XAUS>
    <XFRA>49,250000</XFRA>
  </Prezzi>
  <Prezzi>
    <Data>20161119</Data>
    <Mercato>MGP</Mercato>
    <Ora>17</Ora>
    <PUN>50,289600</PUN>
    <NAT>50,000000</NAT>
    <CNOR>50,000000</CNOR>
    <CSUD>50,000000</CSUD>
    <NORD>50,000000</NORD>
    <SARD>50,000000</SARD>
    <SICI>54,380000</SICI>
    <SUD>50,000000</SUD>
    <AUST>50,000000</AUST>
    <BRNN>50,000000</BRNN>
    <COAC>50,000000</COAC>
    <CORS>50,000000</CORS>
    <FOGN>50,000000</FOGN>
    <FRAN>50,000000</FRAN>
    <GREC>50,000000</GREC>
    <MFTV>50,000000</MFTV>
    <PRGP>54,380000</PRGP>
    <ROSN>50,000000</ROSN>
    <SLOV>50,000000</SLOV>
    <SVIZ>50,000000</SVIZ>
    <BSP>50,000000</BSP>
    <MALT>54,380000</MALT>
    <XAUS>50,000000</XAUS>
    <XFRA>50,000000</XFRA>
  </Prezzi>
  <Prezzi>
    <Data>20161119</Data>
    <Mercato>MGP</Mercato>
    <Ora>18</Ora>
    <PUN>56,644960</PUN>
    <NAT>57,000000</NAT>
    <CNOR>56,080000</CNOR>
    <CSUD>56,080000</CSUD>
    <NORD>56,080000</NORD>
    <SARD>56,080000</SARD>
    <SICI>64,380000</SICI>
    <SUD>56,080000</SUD>
    <AUST>56,080000</AUST>
    <BRNN>56,080000</BRNN>
    <COAC>56,080000</COAC>
    <CORS>56,080000</CORS>
    <FOGN>56,080000</FOGN>
    <FRAN>56,080000</FRAN>
    <GREC>56,080000</GREC>
    <MFTV>56,080000</MFTV>
    <PRGP>64,380000</PRGP>
    <ROSN>56,080000</ROSN>
    <SLOV>56,080000</SLOV>
    <SVIZ>56,080000</SVIZ>
    <BSP>56,080000</BSP>
    <MALT>64,380000</MALT>
    <XAUS>56,080000</XAUS>
    <XFRA>56,080000</XFRA>
  </Prezzi>
  <Prezzi>
    <Data>20161119</Data>
    <Mercato>MGP</Mercato>
    <Ora>19</Ora>
    <PUN>60,714010</PUN>
    <NAT>59,000000</NAT>
    <CNOR>59,000000</CNOR>
    <CSUD>59,000000</CSUD>
    <NORD>59,000000</NORD>
    <SARD>59,000000</SARD>
    <SICI>84,380000</SICI>
    <SUD>59,000000</SUD>
    <AUST>59,000000</AUST>
    <BRNN>59,000000</BRNN>
    <COAC>59,000000</COAC>
    <CORS>59,000000</CORS>
    <FOGN>59,000000</FOGN>
    <FRAN>59,000000</FRAN>
    <GREC>59,000000</GREC>
    <MFTV>59,000000</MFTV>
    <PRGP>84,380000</PRGP>
    <ROSN>59,000000</ROSN>
    <SLOV>59,000000</SLOV>
    <SVIZ>59,000000</SVIZ>
    <BSP>59,000000</BSP>
    <MALT>84,380000</MALT>
    <XAUS>59,000000</XAUS>
    <XFRA>59,000000</XFRA>
  </Prezzi>
  <Prezzi>
    <Data>20161119</Data>
    <Mercato>MGP</Mercato>
    <Ora>20</Ora>
    <PUN>60,531920</PUN>
    <NAT>59,000000</NAT>
    <CNOR>58,780000</CNOR>
    <CSUD>58,780000</CSUD>
    <NORD>58,780000</NORD>
    <SARD>58,780000</SARD>
    <SICI>84,380000</SICI>
    <SUD>58,780000</SUD>
    <AUST>58,780000</AUST>
    <BRNN>58,780000</BRNN>
    <COAC>58,780000</COAC>
    <CORS>58,780000</CORS>
    <FOGN>58,780000</FOGN>
    <FRAN>58,780000</FRAN>
    <GREC>58,780000</GREC>
    <MFTV>58,780000</MFTV>
    <PRGP>84,380000</PRGP>
    <ROSN>58,780000</ROSN>
    <SLOV>58,780000</SLOV>
    <SVIZ>58,780000</SVIZ>
    <BSP>58,780000</BSP>
    <MALT>84,380000</MALT>
    <XAUS>58,780000</XAUS>
    <XFRA>58,780000</XFRA>
  </Prezzi>
  <Prezzi>
    <Data>20161119</Data>
    <Mercato>MGP</Mercato>
    <Ora>21</Ora>
    <PUN>57,924360</PUN>
    <NAT>56,000000</NAT>
    <CNOR>56,000000</CNOR>
    <CSUD>56,000000</CSUD>
    <NORD>56,000000</NORD>
    <SARD>56,000000</SARD>
    <SICI>83,950000</SICI>
    <SUD>56,000000</SUD>
    <AUST>56,000000</AUST>
    <BRNN>56,000000</BRNN>
    <COAC>56,000000</COAC>
    <CORS>56,000000</CORS>
    <FOGN>56,000000</FOGN>
    <FRAN>56,000000</FRAN>
    <GREC>56,000000</GREC>
    <MFTV>56,000000</MFTV>
    <PRGP>83,950000</PRGP>
    <ROSN>56,000000</ROSN>
    <SLOV>56,000000</SLOV>
    <SVIZ>56,000000</SVIZ>
    <BSP>56,000000</BSP>
    <MALT>83,950000</MALT>
    <XAUS>56,000000</XAUS>
    <XFRA>56,000000</XFRA>
  </Prezzi>
  <Prezzi>
    <Data>20161119</Data>
    <Mercato>MGP</Mercato>
    <Ora>22</Ora>
    <PUN>50,726450</PUN>
    <NAT>51,130000</NAT>
    <CNOR>50,460000</CNOR>
    <CSUD>50,460000</CSUD>
    <NORD>50,460000</NORD>
    <SARD>50,460000</SARD>
    <SICI>54,380000</SICI>
    <SUD>50,460000</SUD>
    <AUST>50,460000</AUST>
    <BRNN>50,460000</BRNN>
    <COAC>50,460000</COAC>
    <CORS>50,460000</CORS>
    <FOGN>50,460000</FOGN>
    <FRAN>50,460000</FRAN>
    <GREC>50,460000</GREC>
    <MFTV>50,460000</MFTV>
    <PRGP>54,380000</PRGP>
    <ROSN>50,460000</ROSN>
    <SLOV>50,460000</SLOV>
    <SVIZ>50,460000</SVIZ>
    <BSP>50,460000</BSP>
    <MALT>54,380000</MALT>
    <XAUS>50,460000</XAUS>
    <XFRA>50,460000</XFRA>
  </Prezzi>
  <Prezzi>
    <Data>20161119</Data>
    <Mercato>MGP</Mercato>
    <Ora>23</Ora>
    <PUN>48,400000</PUN>
    <NAT>48,440000</NAT>
    <CNOR>48,400000</CNOR>
    <CSUD>48,400000</CSUD>
    <NORD>48,400000</NORD>
    <SARD>48,400000</SARD>
    <SICI>48,400000</SICI>
    <SUD>48,400000</SUD>
    <AUST>48,400000</AUST>
    <BRNN>48,400000</BRNN>
    <COAC>48,400000</COAC>
    <CORS>48,400000</CORS>
    <FOGN>48,400000</FOGN>
    <FRAN>48,400000</FRAN>
    <GREC>48,400000</GREC>
    <MFTV>48,400000</MFTV>
    <PRGP>48,400000</PRGP>
    <ROSN>48,400000</ROSN>
    <SLOV>48,400000</SLOV>
    <SVIZ>48,400000</SVIZ>
    <BSP>48,400000</BSP>
    <MALT>48,400000</MALT>
    <XAUS>48,400000</XAUS>
    <XFRA>48,400000</XFRA>
  </Prezzi>
  <Prezzi>
    <Data>20161119</Data>
    <Mercato>MGP</Mercato>
    <Ora>24</Ora>
    <PUN>45,337750</PUN>
    <NAT>45,000000</NAT>
    <CNOR>45,337750</CNOR>
    <CSUD>45,337750</CSUD>
    <NORD>45,337750</NORD>
    <SARD>45,337750</SARD>
    <SICI>45,337750</SICI>
    <SUD>45,337750</SUD>
    <AUST>45,337750</AUST>
    <BRNN>45,337750</BRNN>
    <COAC>45,337750</COAC>
    <CORS>45,337750</CORS>
    <FOGN>45,337750</FOGN>
    <FRAN>45,337750</FRAN>
    <GREC>45,337750</GREC>
    <MFTV>45,337750</MFTV>
    <PRGP>45,337750</PRGP>
    <ROSN>45,337750</ROSN>
    <SLOV>45,337750</SLOV>
    <SVIZ>45,337750</SVIZ>
    <BSP>45,337750</BSP>
    <MALT>45,337750</MALT>
    <XAUS>45,337750</XAUS>
    <XFRA>45,337750</XFRA>
  </Prezzi>
</NewDataSet>