<?xml version="1.0" standalone="yes"?>
<NewDataSet>
  <xs:schema id="NewDataSet" xmlns="" xmlns:xs="http://www.w3.org/2001/XMLSchema" xmlns:msdata="urn:schemas-microsoft-com:xml-msdata">
    <xs:element name="NewDataSet" msdata:IsDataSet="true" msdata:UseCurrentLocale="true">
      <xs:complexType>
        <xs:choice minOccurs="0" maxOccurs="unbounded">
          <xs:element name="Prezzi">
            <xs:complexType>
              <xs:sequence>
                <xs:element name="Data" type="xs:string" minOccurs="0" />
                <xs:element name="Mercato" type="xs:string" minOccurs="0" />
                <xs:element name="Ora" type="xs:string" minOccurs="0" />
                <xs:element name="PUN" type="xs:string" minOccurs="0" />
                <xs:element name="NAT" type="xs:string" minOccurs="0" />
                <xs:element name="CNOR" type="xs:string" minOccurs="0" />
                <xs:element name="CSUD" type="xs:string" minOccurs="0" />
                <xs:element name="NORD" type="xs:string" minOccurs="0" />
                <xs:element name="SARD" type="xs:string" minOccurs="0" />
                <xs:element name="SICI" type="xs:string" minOccurs="0" />
                <xs:element name="SUD" type="xs:string" minOccurs="0" />
                <xs:element name="AUST" type="xs:string" minOccurs="0" />
                <xs:element name="BRNN" type="xs:string" minOccurs="0" />
                <xs:element name="COAC" type="xs:string" minOccurs="0" />
                <xs:element name="CORS" type="xs:string" minOccurs="0" />
                <xs:element name="FOGN" type="xs:string" minOccurs="0" />
                <xs:element name="FRAN" type="xs:string" minOccurs="0" />
                <xs:element name="GREC" type="xs:string" minOccurs="0" />
                <xs:element name="MFTV" type="xs:string" minOccurs="0" />
                <xs:element name="PRGP" type="xs:string" minOccurs="0" />
                <xs:element name="ROSN" type="xs:string" minOccurs="0" />
                <xs:element name="SLOV" type="xs:string" minOccurs="0" />
                <xs:element name="SVIZ" type="xs:string" minOccurs="0" />
                <xs:element name="BSP" type="xs:string" minOccurs="0" />
                <xs:element name="MALT" type="xs:string" minOccurs="0" />
                <xs:element name="XAUS" type="xs:string" minOccurs="0" />
                <xs:element name="XFRA" type="xs:string" minOccurs="0" />
              </xs:sequence>
            </xs:complexType>
          </xs:element>
        </xs:choice>
      </xs:complexType>
    </xs:element>
  </xs:schema>
  <Prezzi>
    <Data>20161124</Data>
    <Mercato>MGP</Mercato>
    <Ora>1</Ora>
    <PUN>42,960000</PUN>
    <NAT>42,960000</NAT>
    <CNOR>42,960000</CNOR>
    <CSUD>42,960000</CSUD>
    <NORD>42,960000</NORD>
    <SARD>42,960000</SARD>
    <SICI>42,960000</SICI>
    <SUD>42,960000</SUD>
    <AUST>42,960000</AUST>
    <BRNN>42,960000</BRNN>
    <COAC>42,960000</COAC>
    <CORS>42,960000</CORS>
    <FOGN>42,960000</FOGN>
    <FRAN>42,960000</FRAN>
    <GREC>42,960000</GREC>
    <MFTV>42,960000</MFTV>
    <PRGP>42,960000</PRGP>
    <ROSN>42,960000</ROSN>
    <SLOV>42,960000</SLOV>
    <SVIZ>42,960000</SVIZ>
    <BSP>42,960000</BSP>
    <MALT>42,960000</MALT>
    <XAUS>42,960000</XAUS>
    <XFRA>42,960000</XFRA>
  </Prezzi>
  <Prezzi>
    <Data>20161124</Data>
    <Mercato>MGP</Mercato>
    <Ora>2</Ora>
    <PUN>42,940000</PUN>
    <NAT>42,940000</NAT>
    <CNOR>42,940000</CNOR>
    <CSUD>42,940000</CSUD>
    <NORD>42,940000</NORD>
    <SARD>42,940000</SARD>
    <SICI>42,940000</SICI>
    <SUD>42,940000</SUD>
    <AUST>42,940000</AUST>
    <BRNN>42,940000</BRNN>
    <COAC>42,940000</COAC>
    <CORS>42,940000</CORS>
    <FOGN>42,940000</FOGN>
    <FRAN>42,940000</FRAN>
    <GREC>42,940000</GREC>
    <MFTV>42,940000</MFTV>
    <PRGP>42,940000</PRGP>
    <ROSN>42,940000</ROSN>
    <SLOV>42,940000</SLOV>
    <SVIZ>42,940000</SVIZ>
    <BSP>42,940000</BSP>
    <MALT>42,940000</MALT>
    <XAUS>42,940000</XAUS>
    <XFRA>42,940000</XFRA>
  </Prezzi>
  <Prezzi>
    <Data>20161124</Data>
    <Mercato>MGP</Mercato>
    <Ora>3</Ora>
    <PUN>41,010000</PUN>
    <NAT>41,010000</NAT>
    <CNOR>41,010000</CNOR>
    <CSUD>41,010000</CSUD>
    <NORD>41,010000</NORD>
    <SARD>41,010000</SARD>
    <SICI>41,010000</SICI>
    <SUD>41,010000</SUD>
    <AUST>41,010000</AUST>
    <BRNN>41,010000</BRNN>
    <COAC>41,010000</COAC>
    <CORS>41,010000</CORS>
    <FOGN>41,010000</FOGN>
    <FRAN>41,010000</FRAN>
    <GREC>41,010000</GREC>
    <MFTV>41,010000</MFTV>
    <PRGP>41,010000</PRGP>
    <ROSN>41,010000</ROSN>
    <SLOV>41,010000</SLOV>
    <SVIZ>41,010000</SVIZ>
    <BSP>41,010000</BSP>
    <MALT>41,010000</MALT>
    <XAUS>41,010000</XAUS>
    <XFRA>41,010000</XFRA>
  </Prezzi>
  <Prezzi>
    <Data>20161124</Data>
    <Mercato>MGP</Mercato>
    <Ora>4</Ora>
    <PUN>40,450000</PUN>
    <NAT>40,450000</NAT>
    <CNOR>40,450000</CNOR>
    <CSUD>40,450000</CSUD>
    <NORD>40,450000</NORD>
    <SARD>40,450000</SARD>
    <SICI>40,450000</SICI>
    <SUD>40,450000</SUD>
    <AUST>40,450000</AUST>
    <BRNN>40,450000</BRNN>
    <COAC>40,450000</COAC>
    <CORS>40,450000</CORS>
    <FOGN>40,450000</FOGN>
    <FRAN>40,450000</FRAN>
    <GREC>40,450000</GREC>
    <MFTV>40,450000</MFTV>
    <PRGP>40,450000</PRGP>
    <ROSN>40,450000</ROSN>
    <SLOV>40,450000</SLOV>
    <SVIZ>40,450000</SVIZ>
    <BSP>40,450000</BSP>
    <MALT>40,450000</MALT>
    <XAUS>40,450000</XAUS>
    <XFRA>40,450000</XFRA>
  </Prezzi>
  <Prezzi>
    <Data>20161124</Data>
    <Mercato>MGP</Mercato>
    <Ora>5</Ora>
    <PUN>40,980000</PUN>
    <NAT>40,980000</NAT>
    <CNOR>40,980000</CNOR>
    <CSUD>40,980000</CSUD>
    <NORD>40,980000</NORD>
    <SARD>40,980000</SARD>
    <SICI>40,980000</SICI>
    <SUD>40,980000</SUD>
    <AUST>40,980000</AUST>
    <BRNN>40,980000</BRNN>
    <COAC>40,980000</COAC>
    <CORS>40,980000</CORS>
    <FOGN>40,980000</FOGN>
    <FRAN>40,980000</FRAN>
    <GREC>40,980000</GREC>
    <MFTV>40,980000</MFTV>
    <PRGP>40,980000</PRGP>
    <ROSN>40,980000</ROSN>
    <SLOV>40,980000</SLOV>
    <SVIZ>40,980000</SVIZ>
    <BSP>40,980000</BSP>
    <MALT>40,980000</MALT>
    <XAUS>40,980000</XAUS>
    <XFRA>40,980000</XFRA>
  </Prezzi>
  <Prezzi>
    <Data>20161124</Data>
    <Mercato>MGP</Mercato>
    <Ora>6</Ora>
    <PUN>41,900000</PUN>
    <NAT>41,900000</NAT>
    <CNOR>41,900000</CNOR>
    <CSUD>41,900000</CSUD>
    <NORD>41,900000</NORD>
    <SARD>41,900000</SARD>
    <SICI>41,900000</SICI>
    <SUD>41,900000</SUD>
    <AUST>41,900000</AUST>
    <BRNN>41,900000</BRNN>
    <COAC>41,900000</COAC>
    <CORS>41,900000</CORS>
    <FOGN>41,900000</FOGN>
    <FRAN>41,900000</FRAN>
    <GREC>41,900000</GREC>
    <MFTV>41,900000</MFTV>
    <PRGP>41,900000</PRGP>
    <ROSN>41,900000</ROSN>
    <SLOV>41,900000</SLOV>
    <SVIZ>41,900000</SVIZ>
    <BSP>41,900000</BSP>
    <MALT>41,900000</MALT>
    <XAUS>41,900000</XAUS>
    <XFRA>41,900000</XFRA>
  </Prezzi>
  <Prezzi>
    <Data>20161124</Data>
    <Mercato>MGP</Mercato>
    <Ora>7</Ora>
    <PUN>49,690000</PUN>
    <NAT>49,690000</NAT>
    <CNOR>49,690000</CNOR>
    <CSUD>49,690000</CSUD>
    <NORD>49,690000</NORD>
    <SARD>49,690000</SARD>
    <SICI>49,690000</SICI>
    <SUD>49,690000</SUD>
    <AUST>49,690000</AUST>
    <BRNN>49,690000</BRNN>
    <COAC>49,690000</COAC>
    <CORS>49,690000</CORS>
    <FOGN>49,690000</FOGN>
    <FRAN>49,690000</FRAN>
    <GREC>49,690000</GREC>
    <MFTV>49,690000</MFTV>
    <PRGP>49,690000</PRGP>
    <ROSN>49,690000</ROSN>
    <SLOV>49,690000</SLOV>
    <SVIZ>49,690000</SVIZ>
    <BSP>49,690000</BSP>
    <MALT>49,690000</MALT>
    <XAUS>49,690000</XAUS>
    <XFRA>49,690000</XFRA>
  </Prezzi>
  <Prezzi>
    <Data>20161124</Data>
    <Mercato>MGP</Mercato>
    <Ora>8</Ora>
    <PUN>56,790000</PUN>
    <NAT>56,790000</NAT>
    <CNOR>56,790000</CNOR>
    <CSUD>56,790000</CSUD>
    <NORD>56,790000</NORD>
    <SARD>56,790000</SARD>
    <SICI>56,790000</SICI>
    <SUD>56,790000</SUD>
    <AUST>56,790000</AUST>
    <BRNN>56,790000</BRNN>
    <COAC>56,790000</COAC>
    <CORS>56,790000</CORS>
    <FOGN>56,790000</FOGN>
    <FRAN>56,790000</FRAN>
    <GREC>56,790000</GREC>
    <MFTV>56,790000</MFTV>
    <PRGP>56,790000</PRGP>
    <ROSN>56,790000</ROSN>
    <SLOV>56,790000</SLOV>
    <SVIZ>56,790000</SVIZ>
    <BSP>56,790000</BSP>
    <MALT>56,790000</MALT>
    <XAUS>56,790000</XAUS>
    <XFRA>56,790000</XFRA>
  </Prezzi>
  <Prezzi>
    <Data>20161124</Data>
    <Mercato>MGP</Mercato>
    <Ora>9</Ora>
    <PUN>58,490000</PUN>
    <NAT>58,490000</NAT>
    <CNOR>58,490000</CNOR>
    <CSUD>58,490000</CSUD>
    <NORD>58,490000</NORD>
    <SARD>58,490000</SARD>
    <SICI>58,490000</SICI>
    <SUD>58,490000</SUD>
    <AUST>58,490000</AUST>
    <BRNN>58,490000</BRNN>
    <COAC>58,490000</COAC>
    <CORS>58,490000</CORS>
    <FOGN>58,490000</FOGN>
    <FRAN>58,490000</FRAN>
    <GREC>58,490000</GREC>
    <MFTV>58,490000</MFTV>
    <PRGP>58,490000</PRGP>
    <ROSN>58,490000</ROSN>
    <SLOV>58,490000</SLOV>
    <SVIZ>58,490000</SVIZ>
    <BSP>58,490000</BSP>
    <MALT>58,490000</MALT>
    <XAUS>58,490000</XAUS>
    <XFRA>58,490000</XFRA>
  </Prezzi>
  <Prezzi>
    <Data>20161124</Data>
    <Mercato>MGP</Mercato>
    <Ora>10</Ora>
    <PUN>58,273520</PUN>
    <NAT>58,290000</NAT>
    <CNOR>58,310000</CNOR>
    <CSUD>58,310000</CSUD>
    <NORD>58,310000</NORD>
    <SARD>58,310000</SARD>
    <SICI>58,000000</SICI>
    <SUD>58,000000</SUD>
    <AUST>58,310000</AUST>
    <BRNN>58,000000</BRNN>
    <COAC>58,310000</COAC>
    <CORS>58,310000</CORS>
    <FOGN>58,000000</FOGN>
    <FRAN>58,310000</FRAN>
    <GREC>58,000000</GREC>
    <MFTV>58,310000</MFTV>
    <PRGP>58,000000</PRGP>
    <ROSN>58,000000</ROSN>
    <SLOV>58,310000</SLOV>
    <SVIZ>58,310000</SVIZ>
    <BSP>58,310000</BSP>
    <MALT>58,000000</MALT>
    <XAUS>58,310000</XAUS>
    <XFRA>58,310000</XFRA>
  </Prezzi>
  <Prezzi>
    <Data>20161124</Data>
    <Mercato>MGP</Mercato>
    <Ora>11</Ora>
    <PUN>57,396340</PUN>
    <NAT>57,000000</NAT>
    <CNOR>57,447860</CNOR>
    <CSUD>57,447860</CSUD>
    <NORD>57,447860</NORD>
    <SARD>57,447860</SARD>
    <SICI>57,000000</SICI>
    <SUD>57,000000</SUD>
    <AUST>57,447860</AUST>
    <BRNN>57,000000</BRNN>
    <COAC>57,447860</COAC>
    <CORS>57,447860</CORS>
    <FOGN>57,000000</FOGN>
    <FRAN>57,447860</FRAN>
    <GREC>57,000000</GREC>
    <MFTV>57,447860</MFTV>
    <PRGP>57,000000</PRGP>
    <ROSN>57,000000</ROSN>
    <SLOV>57,447860</SLOV>
    <SVIZ>57,447860</SVIZ>
    <BSP>57,447860</BSP>
    <MALT>57,000000</MALT>
    <XAUS>57,447860</XAUS>
    <XFRA>57,447860</XFRA>
  </Prezzi>
  <Prezzi>
    <Data>20161124</Data>
    <Mercato>MGP</Mercato>
    <Ora>12</Ora>
    <PUN>58,029020</PUN>
    <NAT>57,090000</NAT>
    <CNOR>58,290000</CNOR>
    <CSUD>58,290000</CSUD>
    <NORD>58,290000</NORD>
    <SARD>58,290000</SARD>
    <SICI>56,000000</SICI>
    <SUD>56,000000</SUD>
    <AUST>58,290000</AUST>
    <BRNN>56,000000</BRNN>
    <COAC>58,290000</COAC>
    <CORS>58,290000</CORS>
    <FOGN>56,000000</FOGN>
    <FRAN>58,290000</FRAN>
    <GREC>56,000000</GREC>
    <MFTV>58,290000</MFTV>
    <PRGP>56,000000</PRGP>
    <ROSN>56,000000</ROSN>
    <SLOV>58,290000</SLOV>
    <SVIZ>58,290000</SVIZ>
    <BSP>58,290000</BSP>
    <MALT>56,000000</MALT>
    <XAUS>58,290000</XAUS>
    <XFRA>58,290000</XFRA>
  </Prezzi>
  <Prezzi>
    <Data>20161124</Data>
    <Mercato>MGP</Mercato>
    <Ora>13</Ora>
    <PUN>54,490000</PUN>
    <NAT>54,490000</NAT>
    <CNOR>54,490000</CNOR>
    <CSUD>54,490000</CSUD>
    <NORD>54,490000</NORD>
    <SARD>54,490000</SARD>
    <SICI>54,490000</SICI>
    <SUD>54,490000</SUD>
    <AUST>54,490000</AUST>
    <BRNN>54,490000</BRNN>
    <COAC>54,490000</COAC>
    <CORS>54,490000</CORS>
    <FOGN>54,490000</FOGN>
    <FRAN>54,490000</FRAN>
    <GREC>54,490000</GREC>
    <MFTV>54,490000</MFTV>
    <PRGP>54,490000</PRGP>
    <ROSN>54,490000</ROSN>
    <SLOV>54,490000</SLOV>
    <SVIZ>54,490000</SVIZ>
    <BSP>54,490000</BSP>
    <MALT>54,490000</MALT>
    <XAUS>54,490000</XAUS>
    <XFRA>54,490000</XFRA>
  </Prezzi>
  <Prezzi>
    <Data>20161124</Data>
    <Mercato>MGP</Mercato>
    <Ora>14</Ora>
    <PUN>54,970220</PUN>
    <NAT>55,180000</NAT>
    <CNOR>54,490000</CNOR>
    <CSUD>54,490000</CSUD>
    <NORD>55,290000</NORD>
    <SARD>54,490000</SARD>
    <SICI>54,490000</SICI>
    <SUD>54,490000</SUD>
    <AUST>55,290000</AUST>
    <BRNN>54,490000</BRNN>
    <COAC>54,490000</COAC>
    <CORS>54,490000</CORS>
    <FOGN>54,490000</FOGN>
    <FRAN>55,290000</FRAN>
    <GREC>54,490000</GREC>
    <MFTV>55,290000</MFTV>
    <PRGP>54,490000</PRGP>
    <ROSN>54,490000</ROSN>
    <SLOV>55,290000</SLOV>
    <SVIZ>55,290000</SVIZ>
    <BSP>55,290000</BSP>
    <MALT>54,490000</MALT>
    <XAUS>55,290000</XAUS>
    <XFRA>55,290000</XFRA>
  </Prezzi>
  <Prezzi>
    <Data>20161124</Data>
    <Mercato>MGP</Mercato>
    <Ora>15</Ora>
    <PUN>56,000000</PUN>
    <NAT>56,000000</NAT>
    <CNOR>56,000000</CNOR>
    <CSUD>56,000000</CSUD>
    <NORD>56,000000</NORD>
    <SARD>56,000000</SARD>
    <SICI>56,000000</SICI>
    <SUD>56,000000</SUD>
    <AUST>56,000000</AUST>
    <BRNN>56,000000</BRNN>
    <COAC>56,000000</COAC>
    <CORS>56,000000</CORS>
    <FOGN>56,000000</FOGN>
    <FRAN>56,000000</FRAN>
    <GREC>56,000000</GREC>
    <MFTV>56,000000</MFTV>
    <PRGP>56,000000</PRGP>
    <ROSN>56,000000</ROSN>
    <SLOV>56,000000</SLOV>
    <SVIZ>56,000000</SVIZ>
    <BSP>56,000000</BSP>
    <MALT>56,000000</MALT>
    <XAUS>56,000000</XAUS>
    <XFRA>56,000000</XFRA>
  </Prezzi>
  <Prezzi>
    <Data>20161124</Data>
    <Mercato>MGP</Mercato>
    <Ora>16</Ora>
    <PUN>56,890000</PUN>
    <NAT>56,500000</NAT>
    <CNOR>56,890000</CNOR>
    <CSUD>56,890000</CSUD>
    <NORD>56,890000</NORD>
    <SARD>56,890000</SARD>
    <SICI>56,890000</SICI>
    <SUD>56,890000</SUD>
    <AUST>56,890000</AUST>
    <BRNN>56,890000</BRNN>
    <COAC>56,890000</COAC>
    <CORS>56,890000</CORS>
    <FOGN>56,890000</FOGN>
    <FRAN>56,890000</FRAN>
    <GREC>56,890000</GREC>
    <MFTV>56,890000</MFTV>
    <PRGP>56,890000</PRGP>
    <ROSN>56,890000</ROSN>
    <SLOV>56,890000</SLOV>
    <SVIZ>56,890000</SVIZ>
    <BSP>56,890000</BSP>
    <MALT>56,890000</MALT>
    <XAUS>56,890000</XAUS>
    <XFRA>56,890000</XFRA>
  </Prezzi>
  <Prezzi>
    <Data>20161124</Data>
    <Mercato>MGP</Mercato>
    <Ora>17</Ora>
    <PUN>58,490000</PUN>
    <NAT>58,490000</NAT>
    <CNOR>58,490000</CNOR>
    <CSUD>58,490000</CSUD>
    <NORD>58,490000</NORD>
    <SARD>58,490000</SARD>
    <SICI>58,490000</SICI>
    <SUD>58,490000</SUD>
    <AUST>58,490000</AUST>
    <BRNN>58,490000</BRNN>
    <COAC>58,490000</COAC>
    <CORS>58,490000</CORS>
    <FOGN>58,490000</FOGN>
    <FRAN>58,490000</FRAN>
    <GREC>58,490000</GREC>
    <MFTV>58,490000</MFTV>
    <PRGP>58,490000</PRGP>
    <ROSN>58,490000</ROSN>
    <SLOV>58,490000</SLOV>
    <SVIZ>58,490000</SVIZ>
    <BSP>58,490000</BSP>
    <MALT>58,490000</MALT>
    <XAUS>58,490000</XAUS>
    <XFRA>58,490000</XFRA>
  </Prezzi>
  <Prezzi>
    <Data>20161124</Data>
    <Mercato>MGP</Mercato>
    <Ora>18</Ora>
    <PUN>62,130000</PUN>
    <NAT>62,200000</NAT>
    <CNOR>62,130000</CNOR>
    <CSUD>62,130000</CSUD>
    <NORD>62,130000</NORD>
    <SARD>62,130000</SARD>
    <SICI>62,130000</SICI>
    <SUD>62,130000</SUD>
    <AUST>62,130000</AUST>
    <BRNN>62,130000</BRNN>
    <COAC>62,130000</COAC>
    <CORS>62,130000</CORS>
    <FOGN>62,130000</FOGN>
    <FRAN>62,130000</FRAN>
    <GREC>62,130000</GREC>
    <MFTV>62,130000</MFTV>
    <PRGP>62,130000</PRGP>
    <ROSN>62,130000</ROSN>
    <SLOV>62,130000</SLOV>
    <SVIZ>62,130000</SVIZ>
    <BSP>62,130000</BSP>
    <MALT>62,130000</MALT>
    <XAUS>62,130000</XAUS>
    <XFRA>62,130000</XFRA>
  </Prezzi>
  <Prezzi>
    <Data>20161124</Data>
    <Mercato>MGP</Mercato>
    <Ora>19</Ora>
    <PUN>67,500000</PUN>
    <NAT>67,800000</NAT>
    <CNOR>67,500000</CNOR>
    <CSUD>67,500000</CSUD>
    <NORD>67,500000</NORD>
    <SARD>67,500000</SARD>
    <SICI>67,500000</SICI>
    <SUD>67,500000</SUD>
    <AUST>67,500000</AUST>
    <BRNN>67,500000</BRNN>
    <COAC>67,500000</COAC>
    <CORS>67,500000</CORS>
    <FOGN>67,500000</FOGN>
    <FRAN>67,500000</FRAN>
    <GREC>67,500000</GREC>
    <MFTV>67,500000</MFTV>
    <PRGP>67,500000</PRGP>
    <ROSN>67,500000</ROSN>
    <SLOV>67,500000</SLOV>
    <SVIZ>67,500000</SVIZ>
    <BSP>67,500000</BSP>
    <MALT>67,500000</MALT>
    <XAUS>67,500000</XAUS>
    <XFRA>67,500000</XFRA>
  </Prezzi>
  <Prezzi>
    <Data>20161124</Data>
    <Mercato>MGP</Mercato>
    <Ora>20</Ora>
    <PUN>65,560000</PUN>
    <NAT>65,650000</NAT>
    <CNOR>65,560000</CNOR>
    <CSUD>65,560000</CSUD>
    <NORD>65,560000</NORD>
    <SARD>65,560000</SARD>
    <SICI>65,560000</SICI>
    <SUD>65,560000</SUD>
    <AUST>65,560000</AUST>
    <BRNN>65,560000</BRNN>
    <COAC>65,560000</COAC>
    <CORS>65,560000</CORS>
    <FOGN>65,560000</FOGN>
    <FRAN>65,560000</FRAN>
    <GREC>65,560000</GREC>
    <MFTV>65,560000</MFTV>
    <PRGP>65,560000</PRGP>
    <ROSN>65,560000</ROSN>
    <SLOV>65,560000</SLOV>
    <SVIZ>65,560000</SVIZ>
    <BSP>65,560000</BSP>
    <MALT>65,560000</MALT>
    <XAUS>65,560000</XAUS>
    <XFRA>65,560000</XFRA>
  </Prezzi>
  <Prezzi>
    <Data>20161124</Data>
    <Mercato>MGP</Mercato>
    <Ora>21</Ora>
    <PUN>60,000000</PUN>
    <NAT>60,000000</NAT>
    <CNOR>60,000000</CNOR>
    <CSUD>60,000000</CSUD>
    <NORD>60,000000</NORD>
    <SARD>60,000000</SARD>
    <SICI>60,000000</SICI>
    <SUD>60,000000</SUD>
    <AUST>60,000000</AUST>
    <BRNN>60,000000</BRNN>
    <COAC>60,000000</COAC>
    <CORS>60,000000</CORS>
    <FOGN>60,000000</FOGN>
    <FRAN>60,000000</FRAN>
    <GREC>60,000000</GREC>
    <MFTV>60,000000</MFTV>
    <PRGP>60,000000</PRGP>
    <ROSN>60,000000</ROSN>
    <SLOV>60,000000</SLOV>
    <SVIZ>60,000000</SVIZ>
    <BSP>60,000000</BSP>
    <MALT>60,000000</MALT>
    <XAUS>60,000000</XAUS>
    <XFRA>60,000000</XFRA>
  </Prezzi>
  <Prezzi>
    <Data>20161124</Data>
    <Mercato>MGP</Mercato>
    <Ora>22</Ora>
    <PUN>55,000000</PUN>
    <NAT>55,000000</NAT>
    <CNOR>55,000000</CNOR>
    <CSUD>55,000000</CSUD>
    <NORD>55,000000</NORD>
    <SARD>55,000000</SARD>
    <SICI>55,000000</SICI>
    <SUD>55,000000</SUD>
    <AUST>55,000000</AUST>
    <BRNN>55,000000</BRNN>
    <COAC>55,000000</COAC>
    <CORS>55,000000</CORS>
    <FOGN>55,000000</FOGN>
    <FRAN>55,000000</FRAN>
    <GREC>55,000000</GREC>
    <MFTV>55,000000</MFTV>
    <PRGP>55,000000</PRGP>
    <ROSN>55,000000</ROSN>
    <SLOV>55,000000</SLOV>
    <SVIZ>55,000000</SVIZ>
    <BSP>55,000000</BSP>
    <MALT>55,000000</MALT>
    <XAUS>55,000000</XAUS>
    <XFRA>55,000000</XFRA>
  </Prezzi>
  <Prezzi>
    <Data>20161124</Data>
    <Mercato>MGP</Mercato>
    <Ora>23</Ora>
    <PUN>51,900000</PUN>
    <NAT>51,900000</NAT>
    <CNOR>51,900000</CNOR>
    <CSUD>51,900000</CSUD>
    <NORD>51,900000</NORD>
    <SARD>51,900000</SARD>
    <SICI>51,900000</SICI>
    <SUD>51,900000</SUD>
    <AUST>51,900000</AUST>
    <BRNN>51,900000</BRNN>
    <COAC>51,900000</COAC>
    <CORS>51,900000</CORS>
    <FOGN>51,900000</FOGN>
    <FRAN>51,900000</FRAN>
    <GREC>51,900000</GREC>
    <MFTV>51,900000</MFTV>
    <PRGP>51,900000</PRGP>
    <ROSN>51,900000</ROSN>
    <SLOV>51,900000</SLOV>
    <SVIZ>51,900000</SVIZ>
    <BSP>51,900000</BSP>
    <MALT>51,900000</MALT>
    <XAUS>51,900000</XAUS>
    <XFRA>51,900000</XFRA>
  </Prezzi>
  <Prezzi>
    <Data>20161124</Data>
    <Mercato>MGP</Mercato>
    <Ora>24</Ora>
    <PUN>47,320000</PUN>
    <NAT>47,320000</NAT>
    <CNOR>47,320000</CNOR>
    <CSUD>47,320000</CSUD>
    <NORD>47,320000</NORD>
    <SARD>47,320000</SARD>
    <SICI>47,320000</SICI>
    <SUD>47,320000</SUD>
    <AUST>47,320000</AUST>
    <BRNN>47,320000</BRNN>
    <COAC>47,320000</COAC>
    <CORS>47,320000</CORS>
    <FOGN>47,320000</FOGN>
    <FRAN>47,320000</FRAN>
    <GREC>47,320000</GREC>
    <MFTV>47,320000</MFTV>
    <PRGP>47,320000</PRGP>
    <ROSN>47,320000</ROSN>
    <SLOV>47,320000</SLOV>
    <SVIZ>47,320000</SVIZ>
    <BSP>47,320000</BSP>
    <MALT>47,320000</MALT>
    <XAUS>47,320000</XAUS>
    <XFRA>47,320000</XFRA>
  </Prezzi>
</NewDataSet>