<?xml version="1.0" standalone="yes"?>
<NewDataSet>
  <xs:schema id="NewDataSet" xmlns="" xmlns:xs="http://www.w3.org/2001/XMLSchema" xmlns:msdata="urn:schemas-microsoft-com:xml-msdata">
    <xs:element name="NewDataSet" msdata:IsDataSet="true" msdata:UseCurrentLocale="true">
      <xs:complexType>
        <xs:choice minOccurs="0" maxOccurs="unbounded">
          <xs:element name="Prezzi">
            <xs:complexType>
              <xs:sequence>
                <xs:element name="Data" type="xs:string" minOccurs="0" />
                <xs:element name="Mercato" type="xs:string" minOccurs="0" />
                <xs:element name="Ora" type="xs:string" minOccurs="0" />
                <xs:element name="PUN" type="xs:string" minOccurs="0" />
                <xs:element name="NAT" type="xs:string" minOccurs="0" />
                <xs:element name="CNOR" type="xs:string" minOccurs="0" />
                <xs:element name="CSUD" type="xs:string" minOccurs="0" />
                <xs:element name="NORD" type="xs:string" minOccurs="0" />
                <xs:element name="SARD" type="xs:string" minOccurs="0" />
                <xs:element name="SICI" type="xs:string" minOccurs="0" />
                <xs:element name="SUD" type="xs:string" minOccurs="0" />
                <xs:element name="AUST" type="xs:string" minOccurs="0" />
                <xs:element name="BRNN" type="xs:string" minOccurs="0" />
                <xs:element name="COAC" type="xs:string" minOccurs="0" />
                <xs:element name="CORS" type="xs:string" minOccurs="0" />
                <xs:element name="FOGN" type="xs:string" minOccurs="0" />
                <xs:element name="FRAN" type="xs:string" minOccurs="0" />
                <xs:element name="GREC" type="xs:string" minOccurs="0" />
                <xs:element name="MFTV" type="xs:string" minOccurs="0" />
                <xs:element name="PRGP" type="xs:string" minOccurs="0" />
                <xs:element name="ROSN" type="xs:string" minOccurs="0" />
                <xs:element name="SLOV" type="xs:string" minOccurs="0" />
                <xs:element name="SVIZ" type="xs:string" minOccurs="0" />
                <xs:element name="BSP" type="xs:string" minOccurs="0" />
                <xs:element name="MALT" type="xs:string" minOccurs="0" />
                <xs:element name="XAUS" type="xs:string" minOccurs="0" />
                <xs:element name="XFRA" type="xs:string" minOccurs="0" />
              </xs:sequence>
            </xs:complexType>
          </xs:element>
        </xs:choice>
      </xs:complexType>
    </xs:element>
  </xs:schema>
  <Prezzi>
    <Data>20161105</Data>
    <Mercato>MGP</Mercato>
    <Ora>1</Ora>
    <PUN>55,036870</PUN>
    <NAT>55,000000</NAT>
    <CNOR>55,054650</CNOR>
    <CSUD>55,000000</CSUD>
    <NORD>55,054650</NORD>
    <SARD>55,000000</SARD>
    <SICI>55,000000</SICI>
    <SUD>55,000000</SUD>
    <AUST>55,054650</AUST>
    <BRNN>55,000000</BRNN>
    <COAC>55,000000</COAC>
    <CORS>55,054650</CORS>
    <FOGN>55,000000</FOGN>
    <FRAN>55,054650</FRAN>
    <GREC>55,000000</GREC>
    <MFTV>55,054650</MFTV>
    <PRGP>55,000000</PRGP>
    <ROSN>55,000000</ROSN>
    <SLOV>55,054650</SLOV>
    <SVIZ>55,054650</SVIZ>
    <BSP>55,054650</BSP>
    <MALT>55,000000</MALT>
    <XAUS>55,054650</XAUS>
    <XFRA>55,054650</XFRA>
  </Prezzi>
  <Prezzi>
    <Data>20161105</Data>
    <Mercato>MGP</Mercato>
    <Ora>2</Ora>
    <PUN>50,890000</PUN>
    <NAT>50,890000</NAT>
    <CNOR>50,890000</CNOR>
    <CSUD>50,890000</CSUD>
    <NORD>50,890000</NORD>
    <SARD>50,890000</SARD>
    <SICI>50,890000</SICI>
    <SUD>50,890000</SUD>
    <AUST>50,890000</AUST>
    <BRNN>50,890000</BRNN>
    <COAC>50,890000</COAC>
    <CORS>50,890000</CORS>
    <FOGN>50,890000</FOGN>
    <FRAN>50,890000</FRAN>
    <GREC>50,890000</GREC>
    <MFTV>50,890000</MFTV>
    <PRGP>50,890000</PRGP>
    <ROSN>50,890000</ROSN>
    <SLOV>50,890000</SLOV>
    <SVIZ>50,890000</SVIZ>
    <BSP>50,890000</BSP>
    <MALT>50,890000</MALT>
    <XAUS>50,890000</XAUS>
    <XFRA>50,890000</XFRA>
  </Prezzi>
  <Prezzi>
    <Data>20161105</Data>
    <Mercato>MGP</Mercato>
    <Ora>3</Ora>
    <PUN>46,500000</PUN>
    <NAT>45,000000</NAT>
    <CNOR>46,500000</CNOR>
    <CSUD>46,500000</CSUD>
    <NORD>46,500000</NORD>
    <SARD>46,500000</SARD>
    <SICI>46,500000</SICI>
    <SUD>46,500000</SUD>
    <AUST>46,500000</AUST>
    <BRNN>46,500000</BRNN>
    <COAC>46,500000</COAC>
    <CORS>46,500000</CORS>
    <FOGN>46,500000</FOGN>
    <FRAN>46,500000</FRAN>
    <GREC>46,500000</GREC>
    <MFTV>46,500000</MFTV>
    <PRGP>46,500000</PRGP>
    <ROSN>46,500000</ROSN>
    <SLOV>46,500000</SLOV>
    <SVIZ>46,500000</SVIZ>
    <BSP>46,500000</BSP>
    <MALT>46,500000</MALT>
    <XAUS>46,500000</XAUS>
    <XFRA>46,500000</XFRA>
  </Prezzi>
  <Prezzi>
    <Data>20161105</Data>
    <Mercato>MGP</Mercato>
    <Ora>4</Ora>
    <PUN>44,410000</PUN>
    <NAT>44,410000</NAT>
    <CNOR>44,410000</CNOR>
    <CSUD>44,410000</CSUD>
    <NORD>44,410000</NORD>
    <SARD>44,410000</SARD>
    <SICI>44,410000</SICI>
    <SUD>44,410000</SUD>
    <AUST>44,410000</AUST>
    <BRNN>44,410000</BRNN>
    <COAC>44,410000</COAC>
    <CORS>44,410000</CORS>
    <FOGN>44,410000</FOGN>
    <FRAN>44,410000</FRAN>
    <GREC>44,410000</GREC>
    <MFTV>44,410000</MFTV>
    <PRGP>44,410000</PRGP>
    <ROSN>44,410000</ROSN>
    <SLOV>44,410000</SLOV>
    <SVIZ>44,410000</SVIZ>
    <BSP>44,410000</BSP>
    <MALT>44,410000</MALT>
    <XAUS>44,410000</XAUS>
    <XFRA>44,410000</XFRA>
  </Prezzi>
  <Prezzi>
    <Data>20161105</Data>
    <Mercato>MGP</Mercato>
    <Ora>5</Ora>
    <PUN>44,350000</PUN>
    <NAT>44,350000</NAT>
    <CNOR>44,350000</CNOR>
    <CSUD>44,350000</CSUD>
    <NORD>44,350000</NORD>
    <SARD>44,350000</SARD>
    <SICI>44,350000</SICI>
    <SUD>44,350000</SUD>
    <AUST>44,350000</AUST>
    <BRNN>44,350000</BRNN>
    <COAC>44,350000</COAC>
    <CORS>44,350000</CORS>
    <FOGN>44,350000</FOGN>
    <FRAN>44,350000</FRAN>
    <GREC>44,350000</GREC>
    <MFTV>44,350000</MFTV>
    <PRGP>44,350000</PRGP>
    <ROSN>44,350000</ROSN>
    <SLOV>44,350000</SLOV>
    <SVIZ>44,350000</SVIZ>
    <BSP>44,350000</BSP>
    <MALT>44,350000</MALT>
    <XAUS>44,350000</XAUS>
    <XFRA>44,350000</XFRA>
  </Prezzi>
  <Prezzi>
    <Data>20161105</Data>
    <Mercato>MGP</Mercato>
    <Ora>6</Ora>
    <PUN>39,700000</PUN>
    <NAT>39,700000</NAT>
    <CNOR>39,700000</CNOR>
    <CSUD>39,700000</CSUD>
    <NORD>39,700000</NORD>
    <SARD>39,700000</SARD>
    <SICI>39,700000</SICI>
    <SUD>39,700000</SUD>
    <AUST>39,700000</AUST>
    <BRNN>39,700000</BRNN>
    <COAC>39,700000</COAC>
    <CORS>39,700000</CORS>
    <FOGN>39,700000</FOGN>
    <FRAN>39,700000</FRAN>
    <GREC>39,700000</GREC>
    <MFTV>39,700000</MFTV>
    <PRGP>39,700000</PRGP>
    <ROSN>39,700000</ROSN>
    <SLOV>39,700000</SLOV>
    <SVIZ>39,700000</SVIZ>
    <BSP>39,700000</BSP>
    <MALT>39,700000</MALT>
    <XAUS>39,700000</XAUS>
    <XFRA>39,700000</XFRA>
  </Prezzi>
  <Prezzi>
    <Data>20161105</Data>
    <Mercato>MGP</Mercato>
    <Ora>7</Ora>
    <PUN>43,730000</PUN>
    <NAT>42,950000</NAT>
    <CNOR>43,730000</CNOR>
    <CSUD>43,730000</CSUD>
    <NORD>43,730000</NORD>
    <SARD>43,730000</SARD>
    <SICI>43,730000</SICI>
    <SUD>43,730000</SUD>
    <AUST>43,730000</AUST>
    <BRNN>43,730000</BRNN>
    <COAC>43,730000</COAC>
    <CORS>43,730000</CORS>
    <FOGN>43,730000</FOGN>
    <FRAN>43,730000</FRAN>
    <GREC>43,730000</GREC>
    <MFTV>43,730000</MFTV>
    <PRGP>43,730000</PRGP>
    <ROSN>43,730000</ROSN>
    <SLOV>43,730000</SLOV>
    <SVIZ>43,730000</SVIZ>
    <BSP>43,730000</BSP>
    <MALT>43,730000</MALT>
    <XAUS>43,730000</XAUS>
    <XFRA>43,730000</XFRA>
  </Prezzi>
  <Prezzi>
    <Data>20161105</Data>
    <Mercato>MGP</Mercato>
    <Ora>8</Ora>
    <PUN>46,530000</PUN>
    <NAT>46,530000</NAT>
    <CNOR>46,530000</CNOR>
    <CSUD>46,530000</CSUD>
    <NORD>46,530000</NORD>
    <SARD>46,530000</SARD>
    <SICI>46,530000</SICI>
    <SUD>46,530000</SUD>
    <AUST>46,530000</AUST>
    <BRNN>46,530000</BRNN>
    <COAC>46,530000</COAC>
    <CORS>46,530000</CORS>
    <FOGN>46,530000</FOGN>
    <FRAN>46,530000</FRAN>
    <GREC>46,530000</GREC>
    <MFTV>46,530000</MFTV>
    <PRGP>46,530000</PRGP>
    <ROSN>46,530000</ROSN>
    <SLOV>46,530000</SLOV>
    <SVIZ>46,530000</SVIZ>
    <BSP>46,530000</BSP>
    <MALT>46,530000</MALT>
    <XAUS>46,530000</XAUS>
    <XFRA>46,530000</XFRA>
  </Prezzi>
  <Prezzi>
    <Data>20161105</Data>
    <Mercato>MGP</Mercato>
    <Ora>9</Ora>
    <PUN>50,830000</PUN>
    <NAT>50,830000</NAT>
    <CNOR>50,830000</CNOR>
    <CSUD>50,830000</CSUD>
    <NORD>50,830000</NORD>
    <SARD>50,830000</SARD>
    <SICI>50,830000</SICI>
    <SUD>50,830000</SUD>
    <AUST>50,830000</AUST>
    <BRNN>50,830000</BRNN>
    <COAC>50,830000</COAC>
    <CORS>50,830000</CORS>
    <FOGN>50,830000</FOGN>
    <FRAN>50,830000</FRAN>
    <GREC>50,830000</GREC>
    <MFTV>50,830000</MFTV>
    <PRGP>50,830000</PRGP>
    <ROSN>50,830000</ROSN>
    <SLOV>50,830000</SLOV>
    <SVIZ>50,830000</SVIZ>
    <BSP>50,830000</BSP>
    <MALT>50,830000</MALT>
    <XAUS>50,830000</XAUS>
    <XFRA>50,830000</XFRA>
  </Prezzi>
  <Prezzi>
    <Data>20161105</Data>
    <Mercato>MGP</Mercato>
    <Ora>10</Ora>
    <PUN>52,537870</PUN>
    <NAT>53,000000</NAT>
    <CNOR>46,530000</CNOR>
    <CSUD>46,530000</CSUD>
    <NORD>57,000000</NORD>
    <SARD>46,530000</SARD>
    <SICI>46,530000</SICI>
    <SUD>46,530000</SUD>
    <AUST>57,000000</AUST>
    <BRNN>46,530000</BRNN>
    <COAC>46,530000</COAC>
    <CORS>46,530000</CORS>
    <FOGN>46,530000</FOGN>
    <FRAN>57,000000</FRAN>
    <GREC>46,530000</GREC>
    <MFTV>57,000000</MFTV>
    <PRGP>46,530000</PRGP>
    <ROSN>46,530000</ROSN>
    <SLOV>57,000000</SLOV>
    <SVIZ>57,000000</SVIZ>
    <BSP>57,000000</BSP>
    <MALT>46,530000</MALT>
    <XAUS>57,000000</XAUS>
    <XFRA>57,000000</XFRA>
  </Prezzi>
  <Prezzi>
    <Data>20161105</Data>
    <Mercato>MGP</Mercato>
    <Ora>11</Ora>
    <PUN>52,156220</PUN>
    <NAT>52,550000</NAT>
    <CNOR>42,000000</CNOR>
    <CSUD>42,000000</CSUD>
    <NORD>59,598430</NORD>
    <SARD>42,000000</SARD>
    <SICI>42,000000</SICI>
    <SUD>42,000000</SUD>
    <AUST>59,598430</AUST>
    <BRNN>42,000000</BRNN>
    <COAC>42,000000</COAC>
    <CORS>42,000000</CORS>
    <FOGN>42,000000</FOGN>
    <FRAN>59,598430</FRAN>
    <GREC>42,000000</GREC>
    <MFTV>59,598430</MFTV>
    <PRGP>42,000000</PRGP>
    <ROSN>42,000000</ROSN>
    <SLOV>59,598430</SLOV>
    <SVIZ>59,598430</SVIZ>
    <BSP>59,598430</BSP>
    <MALT>42,000000</MALT>
    <XAUS>59,598430</XAUS>
    <XFRA>59,598430</XFRA>
  </Prezzi>
  <Prezzi>
    <Data>20161105</Data>
    <Mercato>MGP</Mercato>
    <Ora>12</Ora>
    <PUN>49,591810</PUN>
    <NAT>49,500000</NAT>
    <CNOR>37,990000</CNOR>
    <CSUD>37,990000</CSUD>
    <NORD>58,000000</NORD>
    <SARD>37,990000</SARD>
    <SICI>37,990000</SICI>
    <SUD>37,990000</SUD>
    <AUST>58,000000</AUST>
    <BRNN>37,990000</BRNN>
    <COAC>37,990000</COAC>
    <CORS>37,990000</CORS>
    <FOGN>37,990000</FOGN>
    <FRAN>58,000000</FRAN>
    <GREC>37,990000</GREC>
    <MFTV>58,000000</MFTV>
    <PRGP>37,990000</PRGP>
    <ROSN>37,990000</ROSN>
    <SLOV>58,000000</SLOV>
    <SVIZ>58,000000</SVIZ>
    <BSP>58,000000</BSP>
    <MALT>37,990000</MALT>
    <XAUS>58,000000</XAUS>
    <XFRA>58,000000</XFRA>
  </Prezzi>
  <Prezzi>
    <Data>20161105</Data>
    <Mercato>MGP</Mercato>
    <Ora>13</Ora>
    <PUN>46,543080</PUN>
    <NAT>48,720000</NAT>
    <CNOR>35,160000</CNOR>
    <CSUD>35,160000</CSUD>
    <NORD>55,214910</NORD>
    <SARD>35,160000</SARD>
    <SICI>35,160000</SICI>
    <SUD>35,160000</SUD>
    <AUST>55,214910</AUST>
    <BRNN>35,160000</BRNN>
    <COAC>35,160000</COAC>
    <CORS>35,160000</CORS>
    <FOGN>35,160000</FOGN>
    <FRAN>55,214910</FRAN>
    <GREC>35,160000</GREC>
    <MFTV>55,214910</MFTV>
    <PRGP>35,160000</PRGP>
    <ROSN>35,160000</ROSN>
    <SLOV>55,214910</SLOV>
    <SVIZ>55,214910</SVIZ>
    <BSP>55,214910</BSP>
    <MALT>35,160000</MALT>
    <XAUS>55,214910</XAUS>
    <XFRA>55,214910</XFRA>
  </Prezzi>
  <Prezzi>
    <Data>20161105</Data>
    <Mercato>MGP</Mercato>
    <Ora>14</Ora>
    <PUN>43,988150</PUN>
    <NAT>46,590000</NAT>
    <CNOR>35,000000</CNOR>
    <CSUD>35,000000</CSUD>
    <NORD>50,830000</NORD>
    <SARD>35,000000</SARD>
    <SICI>35,000000</SICI>
    <SUD>35,000000</SUD>
    <AUST>50,830000</AUST>
    <BRNN>35,000000</BRNN>
    <COAC>35,000000</COAC>
    <CORS>35,000000</CORS>
    <FOGN>35,000000</FOGN>
    <FRAN>50,830000</FRAN>
    <GREC>35,000000</GREC>
    <MFTV>50,830000</MFTV>
    <PRGP>35,000000</PRGP>
    <ROSN>35,000000</ROSN>
    <SLOV>50,830000</SLOV>
    <SVIZ>50,830000</SVIZ>
    <BSP>50,830000</BSP>
    <MALT>35,000000</MALT>
    <XAUS>50,830000</XAUS>
    <XFRA>50,830000</XFRA>
  </Prezzi>
  <Prezzi>
    <Data>20161105</Data>
    <Mercato>MGP</Mercato>
    <Ora>15</Ora>
    <PUN>43,244170</PUN>
    <NAT>41,870000</NAT>
    <CNOR>35,990000</CNOR>
    <CSUD>35,990000</CSUD>
    <NORD>48,720000</NORD>
    <SARD>35,990000</SARD>
    <SICI>35,990000</SICI>
    <SUD>35,990000</SUD>
    <AUST>48,720000</AUST>
    <BRNN>35,990000</BRNN>
    <COAC>35,990000</COAC>
    <CORS>35,990000</CORS>
    <FOGN>35,990000</FOGN>
    <FRAN>48,720000</FRAN>
    <GREC>35,990000</GREC>
    <MFTV>48,720000</MFTV>
    <PRGP>35,990000</PRGP>
    <ROSN>35,990000</ROSN>
    <SLOV>48,720000</SLOV>
    <SVIZ>48,720000</SVIZ>
    <BSP>48,720000</BSP>
    <MALT>35,990000</MALT>
    <XAUS>48,720000</XAUS>
    <XFRA>48,720000</XFRA>
  </Prezzi>
  <Prezzi>
    <Data>20161105</Data>
    <Mercato>MGP</Mercato>
    <Ora>16</Ora>
    <PUN>44,650980</PUN>
    <NAT>45,950000</NAT>
    <CNOR>39,370000</CNOR>
    <CSUD>39,370000</CSUD>
    <NORD>48,720000</NORD>
    <SARD>39,370000</SARD>
    <SICI>39,370000</SICI>
    <SUD>39,370000</SUD>
    <AUST>48,720000</AUST>
    <BRNN>39,370000</BRNN>
    <COAC>39,370000</COAC>
    <CORS>39,370000</CORS>
    <FOGN>39,370000</FOGN>
    <FRAN>48,720000</FRAN>
    <GREC>39,370000</GREC>
    <MFTV>48,720000</MFTV>
    <PRGP>39,370000</PRGP>
    <ROSN>39,370000</ROSN>
    <SLOV>48,720000</SLOV>
    <SVIZ>48,720000</SVIZ>
    <BSP>48,720000</BSP>
    <MALT>39,370000</MALT>
    <XAUS>48,720000</XAUS>
    <XFRA>48,720000</XFRA>
  </Prezzi>
  <Prezzi>
    <Data>20161105</Data>
    <Mercato>MGP</Mercato>
    <Ora>17</Ora>
    <PUN>50,040000</PUN>
    <NAT>50,040000</NAT>
    <CNOR>50,040000</CNOR>
    <CSUD>50,040000</CSUD>
    <NORD>50,040000</NORD>
    <SARD>50,040000</SARD>
    <SICI>50,040000</SICI>
    <SUD>50,040000</SUD>
    <AUST>50,040000</AUST>
    <BRNN>50,040000</BRNN>
    <COAC>50,040000</COAC>
    <CORS>50,040000</CORS>
    <FOGN>50,040000</FOGN>
    <FRAN>50,040000</FRAN>
    <GREC>50,040000</GREC>
    <MFTV>50,040000</MFTV>
    <PRGP>50,040000</PRGP>
    <ROSN>50,040000</ROSN>
    <SLOV>50,040000</SLOV>
    <SVIZ>50,040000</SVIZ>
    <BSP>50,040000</BSP>
    <MALT>50,040000</MALT>
    <XAUS>50,040000</XAUS>
    <XFRA>50,040000</XFRA>
  </Prezzi>
  <Prezzi>
    <Data>20161105</Data>
    <Mercato>MGP</Mercato>
    <Ora>18</Ora>
    <PUN>54,692080</PUN>
    <NAT>54,300000</NAT>
    <CNOR>54,692080</CNOR>
    <CSUD>54,692080</CSUD>
    <NORD>54,692080</NORD>
    <SARD>54,692080</SARD>
    <SICI>54,692080</SICI>
    <SUD>54,692080</SUD>
    <AUST>54,692080</AUST>
    <BRNN>54,692080</BRNN>
    <COAC>54,692080</COAC>
    <CORS>54,692080</CORS>
    <FOGN>54,692080</FOGN>
    <FRAN>54,692080</FRAN>
    <GREC>54,692080</GREC>
    <MFTV>54,692080</MFTV>
    <PRGP>54,692080</PRGP>
    <ROSN>54,692080</ROSN>
    <SLOV>54,692080</SLOV>
    <SVIZ>54,692080</SVIZ>
    <BSP>54,692080</BSP>
    <MALT>54,692080</MALT>
    <XAUS>54,692080</XAUS>
    <XFRA>54,692080</XFRA>
  </Prezzi>
  <Prezzi>
    <Data>20161105</Data>
    <Mercato>MGP</Mercato>
    <Ora>19</Ora>
    <PUN>65,487250</PUN>
    <NAT>61,900000</NAT>
    <CNOR>71,235780</CNOR>
    <CSUD>55,000000</CSUD>
    <NORD>71,235780</NORD>
    <SARD>55,000000</SARD>
    <SICI>55,000000</SICI>
    <SUD>55,000000</SUD>
    <AUST>71,235780</AUST>
    <BRNN>55,000000</BRNN>
    <COAC>55,000000</COAC>
    <CORS>71,235780</CORS>
    <FOGN>55,000000</FOGN>
    <FRAN>71,235780</FRAN>
    <GREC>55,000000</GREC>
    <MFTV>71,235780</MFTV>
    <PRGP>55,000000</PRGP>
    <ROSN>55,000000</ROSN>
    <SLOV>71,235780</SLOV>
    <SVIZ>71,235780</SVIZ>
    <BSP>71,235780</BSP>
    <MALT>55,000000</MALT>
    <XAUS>71,235780</XAUS>
    <XFRA>71,235780</XFRA>
  </Prezzi>
  <Prezzi>
    <Data>20161105</Data>
    <Mercato>MGP</Mercato>
    <Ora>20</Ora>
    <PUN>59,804990</PUN>
    <NAT>57,000000</NAT>
    <CNOR>62,000000</CNOR>
    <CSUD>56,000000</CSUD>
    <NORD>62,000000</NORD>
    <SARD>56,000000</SARD>
    <SICI>56,000000</SICI>
    <SUD>56,000000</SUD>
    <AUST>62,000000</AUST>
    <BRNN>56,000000</BRNN>
    <COAC>56,000000</COAC>
    <CORS>62,000000</CORS>
    <FOGN>56,000000</FOGN>
    <FRAN>62,000000</FRAN>
    <GREC>56,000000</GREC>
    <MFTV>62,000000</MFTV>
    <PRGP>56,000000</PRGP>
    <ROSN>56,000000</ROSN>
    <SLOV>62,000000</SLOV>
    <SVIZ>62,000000</SVIZ>
    <BSP>62,000000</BSP>
    <MALT>56,000000</MALT>
    <XAUS>62,000000</XAUS>
    <XFRA>62,000000</XFRA>
  </Prezzi>
  <Prezzi>
    <Data>20161105</Data>
    <Mercato>MGP</Mercato>
    <Ora>21</Ora>
    <PUN>56,952150</PUN>
    <NAT>55,000000</NAT>
    <CNOR>58,110000</CNOR>
    <CSUD>55,000000</CSUD>
    <NORD>58,110000</NORD>
    <SARD>55,000000</SARD>
    <SICI>55,000000</SICI>
    <SUD>55,000000</SUD>
    <AUST>58,110000</AUST>
    <BRNN>55,000000</BRNN>
    <COAC>55,000000</COAC>
    <CORS>58,110000</CORS>
    <FOGN>55,000000</FOGN>
    <FRAN>58,110000</FRAN>
    <GREC>55,000000</GREC>
    <MFTV>58,110000</MFTV>
    <PRGP>55,000000</PRGP>
    <ROSN>55,000000</ROSN>
    <SLOV>58,110000</SLOV>
    <SVIZ>58,110000</SVIZ>
    <BSP>58,110000</BSP>
    <MALT>55,000000</MALT>
    <XAUS>58,110000</XAUS>
    <XFRA>58,110000</XFRA>
  </Prezzi>
  <Prezzi>
    <Data>20161105</Data>
    <Mercato>MGP</Mercato>
    <Ora>22</Ora>
    <PUN>52,560000</PUN>
    <NAT>52,560000</NAT>
    <CNOR>52,560000</CNOR>
    <CSUD>52,560000</CSUD>
    <NORD>52,560000</NORD>
    <SARD>52,560000</SARD>
    <SICI>52,560000</SICI>
    <SUD>52,560000</SUD>
    <AUST>52,560000</AUST>
    <BRNN>52,560000</BRNN>
    <COAC>52,560000</COAC>
    <CORS>52,560000</CORS>
    <FOGN>52,560000</FOGN>
    <FRAN>52,560000</FRAN>
    <GREC>52,560000</GREC>
    <MFTV>52,560000</MFTV>
    <PRGP>52,560000</PRGP>
    <ROSN>52,560000</ROSN>
    <SLOV>52,560000</SLOV>
    <SVIZ>52,560000</SVIZ>
    <BSP>52,560000</BSP>
    <MALT>52,560000</MALT>
    <XAUS>52,560000</XAUS>
    <XFRA>52,560000</XFRA>
  </Prezzi>
  <Prezzi>
    <Data>20161105</Data>
    <Mercato>MGP</Mercato>
    <Ora>23</Ora>
    <PUN>48,241920</PUN>
    <NAT>47,550000</NAT>
    <CNOR>49,458440</CNOR>
    <CSUD>46,080000</CSUD>
    <NORD>49,458440</NORD>
    <SARD>46,080000</SARD>
    <SICI>46,080000</SICI>
    <SUD>46,080000</SUD>
    <AUST>49,458440</AUST>
    <BRNN>46,080000</BRNN>
    <COAC>46,080000</COAC>
    <CORS>49,458440</CORS>
    <FOGN>46,080000</FOGN>
    <FRAN>49,458440</FRAN>
    <GREC>46,080000</GREC>
    <MFTV>49,458440</MFTV>
    <PRGP>46,080000</PRGP>
    <ROSN>46,080000</ROSN>
    <SLOV>49,458440</SLOV>
    <SVIZ>49,458440</SVIZ>
    <BSP>49,458440</BSP>
    <MALT>46,080000</MALT>
    <XAUS>49,458440</XAUS>
    <XFRA>49,458440</XFRA>
  </Prezzi>
  <Prezzi>
    <Data>20161105</Data>
    <Mercato>MGP</Mercato>
    <Ora>24</Ora>
    <PUN>45,792260</PUN>
    <NAT>45,000000</NAT>
    <CNOR>47,900000</CNOR>
    <CSUD>42,000000</CSUD>
    <NORD>47,900000</NORD>
    <SARD>42,000000</SARD>
    <SICI>42,000000</SICI>
    <SUD>42,000000</SUD>
    <AUST>47,900000</AUST>
    <BRNN>42,000000</BRNN>
    <COAC>42,000000</COAC>
    <CORS>47,900000</CORS>
    <FOGN>42,000000</FOGN>
    <FRAN>47,900000</FRAN>
    <GREC>42,000000</GREC>
    <MFTV>47,900000</MFTV>
    <PRGP>42,000000</PRGP>
    <ROSN>42,000000</ROSN>
    <SLOV>47,900000</SLOV>
    <SVIZ>47,900000</SVIZ>
    <BSP>47,900000</BSP>
    <MALT>42,000000</MALT>
    <XAUS>47,900000</XAUS>
    <XFRA>47,900000</XFRA>
  </Prezzi>
</NewDataSet>