<?xml version="1.0" standalone="yes"?>
<NewDataSet>
  <xs:schema id="NewDataSet" xmlns="" xmlns:xs="http://www.w3.org/2001/XMLSchema" xmlns:msdata="urn:schemas-microsoft-com:xml-msdata">
    <xs:element name="NewDataSet" msdata:IsDataSet="true" msdata:UseCurrentLocale="true">
      <xs:complexType>
        <xs:choice minOccurs="0" maxOccurs="unbounded">
          <xs:element name="negoziazione_continua">
            <xs:complexType>
              <xs:sequence>
                <xs:element name="DataSessione" type="xs:string" minOccurs="0" />
                <xs:element name="NomeProdotto" type="xs:string" minOccurs="0" />
                <xs:element name="PrimoPrezzo" type="xs:decimal" minOccurs="0" />
                <xs:element name="UltimoPrezzo" type="xs:decimal" minOccurs="0" />
                <xs:element name="PrezzoMassimo" type="xs:decimal" minOccurs="0" />
                <xs:element name="PrezzoMinimo" type="xs:decimal" minOccurs="0" />
                <xs:element name="PrezzoMedio" type="xs:decimal" minOccurs="0" />
                <xs:element name="PrezzoControllo" type="xs:decimal" minOccurs="0" />
                <xs:element name="Volumi" type="xs:decimal" minOccurs="0" />
                <xs:element name="PosizioniAperte" type="xs:decimal" minOccurs="0" />
                <xs:element name="Abbinamenti" type="xs:int" minOccurs="0" />
              </xs:sequence>
            </xs:complexType>
          </xs:element>
        </xs:choice>
      </xs:complexType>
    </xs:element>
  </xs:schema>
  <negoziazione_continua>
    <DataSessione>20170107</DataSessione>
    <NomeProdotto>MGP-2017-01-08</NomeProdotto>
    <PrimoPrezzo>20.6000</PrimoPrezzo>
    <UltimoPrezzo>21.0000</UltimoPrezzo>
    <PrezzoMassimo>21.2000</PrezzoMassimo>
    <PrezzoMinimo>20.6000</PrezzoMinimo>
    <PrezzoMedio>20.792677</PrezzoMedio>
    <PrezzoControllo>21.4480</PrezzoControllo>
    <Volumi>4370.00000</Volumi>
    <PosizioniAperte>4370.000000</PosizioniAperte>
    <Abbinamenti>4</Abbinamenti>
  </negoziazione_continua>
  <negoziazione_continua>
    <DataSessione>20170107</DataSessione>
    <NomeProdotto>MGP-2017-01-09</NomeProdotto>
    <PrezzoControllo>21.4480</PrezzoControllo>
    <PosizioniAperte>0.000000</PosizioniAperte>
    <Abbinamenti>0</Abbinamenti>
  </negoziazione_continua>
  <negoziazione_continua>
    <DataSessione>20170107</DataSessione>
    <NomeProdotto>MGP-2017-01-10</NomeProdotto>
    <PrezzoControllo>21.4480</PrezzoControllo>
    <PosizioniAperte>0.000000</PosizioniAperte>
    <Abbinamenti>0</Abbinamenti>
  </negoziazione_continua>
</NewDataSet>