<?xml version="1.0" standalone="yes"?>
<NewDataSet>
  <xs:schema id="NewDataSet" xmlns="" xmlns:xs="http://www.w3.org/2001/XMLSchema" xmlns:msdata="urn:schemas-microsoft-com:xml-msdata">
    <xs:element name="NewDataSet" msdata:IsDataSet="true" msdata:UseCurrentLocale="true">
      <xs:complexType>
        <xs:choice minOccurs="0" maxOccurs="unbounded">
          <xs:element name="negoziazione_continua">
            <xs:complexType>
              <xs:sequence>
                <xs:element name="DataSessione" type="xs:string" minOccurs="0" />
                <xs:element name="NomeProdotto" type="xs:string" minOccurs="0" />
                <xs:element name="PrimoPrezzo" type="xs:decimal" minOccurs="0" />
                <xs:element name="UltimoPrezzo" type="xs:decimal" minOccurs="0" />
                <xs:element name="PrezzoMassimo" type="xs:decimal" minOccurs="0" />
                <xs:element name="PrezzoMinimo" type="xs:decimal" minOccurs="0" />
                <xs:element name="PrezzoMedio" type="xs:decimal" minOccurs="0" />
                <xs:element name="PrezzoControllo" type="xs:decimal" minOccurs="0" />
                <xs:element name="Volumi" type="xs:decimal" minOccurs="0" />
                <xs:element name="PosizioniAperte" type="xs:decimal" minOccurs="0" />
                <xs:element name="Abbinamenti" type="xs:int" minOccurs="0" />
              </xs:sequence>
            </xs:complexType>
          </xs:element>
        </xs:choice>
      </xs:complexType>
    </xs:element>
  </xs:schema>
  <negoziazione_continua>
    <DataSessione>20170119</DataSessione>
    <NomeProdotto>MGP-2017-01-20</NomeProdotto>
    <PrimoPrezzo>22.8000</PrimoPrezzo>
    <UltimoPrezzo>22.0000</UltimoPrezzo>
    <PrezzoMassimo>22.8000</PrezzoMassimo>
    <PrezzoMinimo>22.0000</PrezzoMinimo>
    <PrezzoMedio>22.311111</PrezzoMedio>
    <PrezzoControllo>22.5050</PrezzoControllo>
    <Volumi>2160.00000</Volumi>
    <PosizioniAperte>7800.000000</PosizioniAperte>
    <Abbinamenti>3</Abbinamenti>
  </negoziazione_continua>
  <negoziazione_continua>
    <DataSessione>20170119</DataSessione>
    <NomeProdotto>MGP-2017-01-21</NomeProdotto>
    <PrimoPrezzo>21.4000</PrimoPrezzo>
    <UltimoPrezzo>21.4500</UltimoPrezzo>
    <PrezzoMassimo>21.5000</PrezzoMassimo>
    <PrezzoMinimo>21.4000</PrezzoMinimo>
    <PrezzoMedio>21.430000</PrezzoMedio>
    <PrezzoControllo>22.0550</PrezzoControllo>
    <Volumi>6000.00000</Volumi>
    <PosizioniAperte>8400.000000</PosizioniAperte>
    <Abbinamenti>7</Abbinamenti>
  </negoziazione_continua>
  <negoziazione_continua>
    <DataSessione>20170119</DataSessione>
    <NomeProdotto>MGP-2017-01-22</NomeProdotto>
    <PrimoPrezzo>21.2000</PrimoPrezzo>
    <UltimoPrezzo>21.2000</UltimoPrezzo>
    <PrezzoMassimo>21.2000</PrezzoMassimo>
    <PrezzoMinimo>21.2000</PrezzoMinimo>
    <PrezzoMedio>21.200000</PrezzoMedio>
    <PrezzoControllo>21.8990</PrezzoControllo>
    <Volumi>4320.00000</Volumi>
    <PosizioniAperte>4320.000000</PosizioniAperte>
    <Abbinamenti>2</Abbinamenti>
  </negoziazione_continua>
</NewDataSet>