<?xml version="1.0" standalone="yes"?>
<NewDataSet>
  <xs:schema id="NewDataSet" xmlns="" xmlns:xs="http://www.w3.org/2001/XMLSchema" xmlns:msdata="urn:schemas-microsoft-com:xml-msdata">
    <xs:element name="NewDataSet" msdata:IsDataSet="true" msdata:UseCurrentLocale="true">
      <xs:complexType>
        <xs:choice minOccurs="0" maxOccurs="unbounded">
          <xs:element name="negoziazione_continua">
            <xs:complexType>
              <xs:sequence>
                <xs:element name="DataSessione" type="xs:string" minOccurs="0" />
                <xs:element name="NomeProdotto" type="xs:string" minOccurs="0" />
                <xs:element name="PrimoPrezzo" type="xs:decimal" minOccurs="0" />
                <xs:element name="UltimoPrezzo" type="xs:decimal" minOccurs="0" />
                <xs:element name="PrezzoMassimo" type="xs:decimal" minOccurs="0" />
                <xs:element name="PrezzoMinimo" type="xs:decimal" minOccurs="0" />
                <xs:element name="PrezzoMedio" type="xs:decimal" minOccurs="0" />
                <xs:element name="PrezzoControllo" type="xs:decimal" minOccurs="0" />
                <xs:element name="Volumi" type="xs:decimal" minOccurs="0" />
                <xs:element name="PosizioniAperte" type="xs:decimal" minOccurs="0" />
                <xs:element name="Abbinamenti" type="xs:int" minOccurs="0" />
              </xs:sequence>
            </xs:complexType>
          </xs:element>
        </xs:choice>
      </xs:complexType>
    </xs:element>
  </xs:schema>
  <negoziazione_continua>
    <DataSessione>20170126</DataSessione>
    <NomeProdotto>MGP-2017-01-27</NomeProdotto>
    <PrimoPrezzo>22.5000</PrimoPrezzo>
    <UltimoPrezzo>21.9000</UltimoPrezzo>
    <PrezzoMassimo>22.5000</PrezzoMassimo>
    <PrezzoMinimo>21.9000</PrezzoMinimo>
    <PrezzoMedio>22.135304</PrezzoMedio>
    <PrezzoControllo>22.4160</PrezzoControllo>
    <Volumi>5750.00000</Volumi>
    <PosizioniAperte>5750.000000</PosizioniAperte>
    <Abbinamenti>13</Abbinamenti>
  </negoziazione_continua>
  <negoziazione_continua>
    <DataSessione>20170126</DataSessione>
    <NomeProdotto>MGP-2017-01-28</NomeProdotto>
    <PrezzoControllo>22.1400</PrezzoControllo>
    <PosizioniAperte>240.000000</PosizioniAperte>
    <Abbinamenti>0</Abbinamenti>
  </negoziazione_continua>
  <negoziazione_continua>
    <DataSessione>20170126</DataSessione>
    <NomeProdotto>MGP-2017-01-29</NomeProdotto>
    <PrezzoControllo>23.1670</PrezzoControllo>
    <PosizioniAperte>0.000000</PosizioniAperte>
    <Abbinamenti>0</Abbinamenti>
  </negoziazione_continua>
</NewDataSet>