<?xml version="1.0" standalone="yes"?>
<NewDataSet>
  <xs:schema id="NewDataSet" xmlns="" xmlns:xs="http://www.w3.org/2001/XMLSchema" xmlns:msdata="urn:schemas-microsoft-com:xml-msdata">
    <xs:element name="NewDataSet" msdata:IsDataSet="true" msdata:UseCurrentLocale="true">
      <xs:complexType>
        <xs:choice minOccurs="0" maxOccurs="unbounded">
          <xs:element name="Prezzi">
            <xs:complexType>
              <xs:sequence>
                <xs:element name="Data" type="xs:string" minOccurs="0" />
                <xs:element name="Mercato" type="xs:string" minOccurs="0" />
                <xs:element name="Ora" type="xs:string" minOccurs="0" />
                <xs:element name="PUN" type="xs:string" minOccurs="0" />
                <xs:element name="NAT" type="xs:string" minOccurs="0" />
                <xs:element name="CNOR" type="xs:string" minOccurs="0" />
                <xs:element name="CSUD" type="xs:string" minOccurs="0" />
                <xs:element name="NORD" type="xs:string" minOccurs="0" />
                <xs:element name="SARD" type="xs:string" minOccurs="0" />
                <xs:element name="SICI" type="xs:string" minOccurs="0" />
                <xs:element name="SUD" type="xs:string" minOccurs="0" />
                <xs:element name="AUST" type="xs:string" minOccurs="0" />
                <xs:element name="BRNN" type="xs:string" minOccurs="0" />
                <xs:element name="COAC" type="xs:string" minOccurs="0" />
                <xs:element name="CORS" type="xs:string" minOccurs="0" />
                <xs:element name="FOGN" type="xs:string" minOccurs="0" />
                <xs:element name="FRAN" type="xs:string" minOccurs="0" />
                <xs:element name="GREC" type="xs:string" minOccurs="0" />
                <xs:element name="MFTV" type="xs:string" minOccurs="0" />
                <xs:element name="PRGP" type="xs:string" minOccurs="0" />
                <xs:element name="ROSN" type="xs:string" minOccurs="0" />
                <xs:element name="SLOV" type="xs:string" minOccurs="0" />
                <xs:element name="SVIZ" type="xs:string" minOccurs="0" />
                <xs:element name="BSP" type="xs:string" minOccurs="0" />
                <xs:element name="MALT" type="xs:string" minOccurs="0" />
                <xs:element name="XAUS" type="xs:string" minOccurs="0" />
                <xs:element name="XFRA" type="xs:string" minOccurs="0" />
              </xs:sequence>
            </xs:complexType>
          </xs:element>
        </xs:choice>
      </xs:complexType>
    </xs:element>
  </xs:schema>
  <Prezzi>
    <Data>20150421</Data>
    <Mercato>MGP</Mercato>
    <Ora>1</Ora>
    <PUN>43,931340</PUN>
    <NAT>43,180000</NAT>
    <CNOR>42,900000</CNOR>
    <CSUD>42,900000</CSUD>
    <NORD>42,900000</NORD>
    <SARD>42,900000</SARD>
    <SICI>60,910000</SICI>
    <SUD>42,900000</SUD>
    <AUST>42,900000</AUST>
    <BRNN>42,900000</BRNN>
    <COAC>42,900000</COAC>
    <CORS>42,900000</CORS>
    <FOGN>42,900000</FOGN>
    <FRAN>42,900000</FRAN>
    <GREC>42,900000</GREC>
    <MFTV>42,900000</MFTV>
    <PRGP>60,910000</PRGP>
    <ROSN>42,900000</ROSN>
    <SLOV>42,900000</SLOV>
    <SVIZ>42,900000</SVIZ>
    <BSP>42,900000</BSP>
    <MALT>60,910000</MALT>
    <XAUS>42,900000</XAUS>
    <XFRA>42,900000</XFRA>
  </Prezzi>
  <Prezzi>
    <Data>20150421</Data>
    <Mercato>MGP</Mercato>
    <Ora>2</Ora>
    <PUN>41,000000</PUN>
    <NAT>41,000000</NAT>
    <CNOR>41,000000</CNOR>
    <CSUD>41,000000</CSUD>
    <NORD>41,000000</NORD>
    <SARD>41,000000</SARD>
    <SICI>41,000000</SICI>
    <SUD>41,000000</SUD>
    <AUST>41,000000</AUST>
    <BRNN>41,000000</BRNN>
    <COAC>41,000000</COAC>
    <CORS>41,000000</CORS>
    <FOGN>41,000000</FOGN>
    <FRAN>41,000000</FRAN>
    <GREC>41,000000</GREC>
    <MFTV>41,000000</MFTV>
    <PRGP>41,000000</PRGP>
    <ROSN>41,000000</ROSN>
    <SLOV>41,000000</SLOV>
    <SVIZ>41,000000</SVIZ>
    <BSP>41,000000</BSP>
    <MALT>41,000000</MALT>
    <XAUS>41,000000</XAUS>
    <XFRA>41,000000</XFRA>
  </Prezzi>
  <Prezzi>
    <Data>20150421</Data>
    <Mercato>MGP</Mercato>
    <Ora>3</Ora>
    <PUN>38,500000</PUN>
    <NAT>38,500000</NAT>
    <CNOR>38,500000</CNOR>
    <CSUD>38,500000</CSUD>
    <NORD>38,500000</NORD>
    <SARD>38,500000</SARD>
    <SICI>38,500000</SICI>
    <SUD>38,500000</SUD>
    <AUST>38,500000</AUST>
    <BRNN>38,500000</BRNN>
    <COAC>38,500000</COAC>
    <CORS>38,500000</CORS>
    <FOGN>38,500000</FOGN>
    <FRAN>38,500000</FRAN>
    <GREC>38,500000</GREC>
    <MFTV>38,500000</MFTV>
    <PRGP>38,500000</PRGP>
    <ROSN>38,500000</ROSN>
    <SLOV>38,500000</SLOV>
    <SVIZ>38,500000</SVIZ>
    <BSP>38,500000</BSP>
    <MALT>38,500000</MALT>
    <XAUS>38,500000</XAUS>
    <XFRA>38,500000</XFRA>
  </Prezzi>
  <Prezzi>
    <Data>20150421</Data>
    <Mercato>MGP</Mercato>
    <Ora>4</Ora>
    <PUN>27,954120</PUN>
    <NAT>28,170000</NAT>
    <CNOR>27,954120</CNOR>
    <CSUD>27,954120</CSUD>
    <NORD>27,954120</NORD>
    <SARD>27,954120</SARD>
    <SICI>27,954120</SICI>
    <SUD>27,954120</SUD>
    <AUST>27,954120</AUST>
    <BRNN>27,954120</BRNN>
    <COAC>27,954120</COAC>
    <CORS>27,954120</CORS>
    <FOGN>27,954120</FOGN>
    <FRAN>27,954120</FRAN>
    <GREC>27,954120</GREC>
    <MFTV>27,954120</MFTV>
    <PRGP>27,954120</PRGP>
    <ROSN>27,954120</ROSN>
    <SLOV>27,954120</SLOV>
    <SVIZ>27,954120</SVIZ>
    <BSP>27,954120</BSP>
    <MALT>27,954120</MALT>
    <XAUS>27,954120</XAUS>
    <XFRA>27,954120</XFRA>
  </Prezzi>
  <Prezzi>
    <Data>20150421</Data>
    <Mercato>MGP</Mercato>
    <Ora>5</Ora>
    <PUN>28,170000</PUN>
    <NAT>28,170000</NAT>
    <CNOR>28,170000</CNOR>
    <CSUD>28,170000</CSUD>
    <NORD>28,170000</NORD>
    <SARD>28,170000</SARD>
    <SICI>28,170000</SICI>
    <SUD>28,170000</SUD>
    <AUST>28,170000</AUST>
    <BRNN>28,170000</BRNN>
    <COAC>28,170000</COAC>
    <CORS>28,170000</CORS>
    <FOGN>28,170000</FOGN>
    <FRAN>28,170000</FRAN>
    <GREC>28,170000</GREC>
    <MFTV>28,170000</MFTV>
    <PRGP>28,170000</PRGP>
    <ROSN>28,170000</ROSN>
    <SLOV>28,170000</SLOV>
    <SVIZ>28,170000</SVIZ>
    <BSP>28,170000</BSP>
    <MALT>28,170000</MALT>
    <XAUS>28,170000</XAUS>
    <XFRA>28,170000</XFRA>
  </Prezzi>
  <Prezzi>
    <Data>20150421</Data>
    <Mercato>MGP</Mercato>
    <Ora>6</Ora>
    <PUN>35,302460</PUN>
    <NAT>35,302460</NAT>
    <CNOR>35,302460</CNOR>
    <CSUD>35,302460</CSUD>
    <NORD>35,302460</NORD>
    <SARD>35,302460</SARD>
    <SICI>35,302460</SICI>
    <SUD>35,302460</SUD>
    <AUST>35,302460</AUST>
    <BRNN>35,302460</BRNN>
    <COAC>35,302460</COAC>
    <CORS>35,302460</CORS>
    <FOGN>35,302460</FOGN>
    <FRAN>35,302460</FRAN>
    <GREC>35,302460</GREC>
    <MFTV>35,302460</MFTV>
    <PRGP>35,302460</PRGP>
    <ROSN>35,302460</ROSN>
    <SLOV>35,302460</SLOV>
    <SVIZ>35,302460</SVIZ>
    <BSP>35,302460</BSP>
    <MALT>35,302460</MALT>
    <XAUS>35,302460</XAUS>
    <XFRA>35,302460</XFRA>
  </Prezzi>
  <Prezzi>
    <Data>20150421</Data>
    <Mercato>MGP</Mercato>
    <Ora>7</Ora>
    <PUN>42,700000</PUN>
    <NAT>42,700000</NAT>
    <CNOR>42,700000</CNOR>
    <CSUD>42,700000</CSUD>
    <NORD>42,700000</NORD>
    <SARD>42,700000</SARD>
    <SICI>42,700000</SICI>
    <SUD>42,700000</SUD>
    <AUST>42,700000</AUST>
    <BRNN>42,700000</BRNN>
    <COAC>42,700000</COAC>
    <CORS>42,700000</CORS>
    <FOGN>42,700000</FOGN>
    <FRAN>42,700000</FRAN>
    <GREC>42,700000</GREC>
    <MFTV>42,700000</MFTV>
    <PRGP>42,700000</PRGP>
    <ROSN>42,700000</ROSN>
    <SLOV>42,700000</SLOV>
    <SVIZ>42,700000</SVIZ>
    <BSP>42,700000</BSP>
    <MALT>42,700000</MALT>
    <XAUS>42,700000</XAUS>
    <XFRA>42,700000</XFRA>
  </Prezzi>
  <Prezzi>
    <Data>20150421</Data>
    <Mercato>MGP</Mercato>
    <Ora>8</Ora>
    <PUN>48,210000</PUN>
    <NAT>48,210000</NAT>
    <CNOR>48,210000</CNOR>
    <CSUD>48,210000</CSUD>
    <NORD>48,210000</NORD>
    <SARD>48,210000</SARD>
    <SICI>48,210000</SICI>
    <SUD>48,210000</SUD>
    <AUST>48,210000</AUST>
    <BRNN>48,210000</BRNN>
    <COAC>48,210000</COAC>
    <CORS>48,210000</CORS>
    <FOGN>48,210000</FOGN>
    <FRAN>48,210000</FRAN>
    <GREC>48,210000</GREC>
    <MFTV>48,210000</MFTV>
    <PRGP>48,210000</PRGP>
    <ROSN>48,210000</ROSN>
    <SLOV>48,210000</SLOV>
    <SVIZ>48,210000</SVIZ>
    <BSP>48,210000</BSP>
    <MALT>48,210000</MALT>
    <XAUS>48,210000</XAUS>
    <XFRA>48,210000</XFRA>
  </Prezzi>
  <Prezzi>
    <Data>20150421</Data>
    <Mercato>MGP</Mercato>
    <Ora>9</Ora>
    <PUN>52,339790</PUN>
    <NAT>52,010000</NAT>
    <CNOR>49,800000</CNOR>
    <CSUD>49,800000</CSUD>
    <NORD>53,980000</NORD>
    <SARD>49,800000</SARD>
    <SICI>49,800000</SICI>
    <SUD>49,800000</SUD>
    <AUST>53,980000</AUST>
    <BRNN>49,800000</BRNN>
    <COAC>49,800000</COAC>
    <CORS>49,800000</CORS>
    <FOGN>49,800000</FOGN>
    <FRAN>53,980000</FRAN>
    <GREC>49,800000</GREC>
    <MFTV>53,980000</MFTV>
    <PRGP>49,800000</PRGP>
    <ROSN>49,800000</ROSN>
    <SLOV>53,980000</SLOV>
    <SVIZ>53,980000</SVIZ>
    <BSP>53,980000</BSP>
    <MALT>49,800000</MALT>
    <XAUS>53,980000</XAUS>
    <XFRA>53,980000</XFRA>
  </Prezzi>
  <Prezzi>
    <Data>20150421</Data>
    <Mercato>MGP</Mercato>
    <Ora>10</Ora>
    <PUN>50,272990</PUN>
    <NAT>50,080000</NAT>
    <CNOR>46,400000</CNOR>
    <CSUD>46,400000</CSUD>
    <NORD>52,810000</NORD>
    <SARD>46,400000</SARD>
    <SICI>46,400000</SICI>
    <SUD>46,400000</SUD>
    <AUST>52,810000</AUST>
    <BRNN>46,400000</BRNN>
    <COAC>46,400000</COAC>
    <CORS>46,400000</CORS>
    <FOGN>46,400000</FOGN>
    <FRAN>52,810000</FRAN>
    <GREC>46,400000</GREC>
    <MFTV>52,810000</MFTV>
    <PRGP>46,400000</PRGP>
    <ROSN>46,400000</ROSN>
    <SLOV>52,810000</SLOV>
    <SVIZ>52,810000</SVIZ>
    <BSP>52,810000</BSP>
    <MALT>46,400000</MALT>
    <XAUS>52,810000</XAUS>
    <XFRA>52,810000</XFRA>
  </Prezzi>
  <Prezzi>
    <Data>20150421</Data>
    <Mercato>MGP</Mercato>
    <Ora>11</Ora>
    <PUN>45,364170</PUN>
    <NAT>45,400000</NAT>
    <CNOR>39,550000</CNOR>
    <CSUD>39,550000</CSUD>
    <NORD>50,130000</NORD>
    <SARD>39,550000</SARD>
    <SICI>26,600000</SICI>
    <SUD>39,550000</SUD>
    <AUST>50,130000</AUST>
    <BRNN>39,550000</BRNN>
    <COAC>39,550000</COAC>
    <CORS>39,550000</CORS>
    <FOGN>39,550000</FOGN>
    <FRAN>50,130000</FRAN>
    <GREC>39,550000</GREC>
    <MFTV>50,130000</MFTV>
    <PRGP>26,600000</PRGP>
    <ROSN>39,550000</ROSN>
    <SLOV>50,130000</SLOV>
    <SVIZ>50,130000</SVIZ>
    <BSP>50,130000</BSP>
    <MALT>26,600000</MALT>
    <XAUS>50,130000</XAUS>
    <XFRA>50,130000</XFRA>
  </Prezzi>
  <Prezzi>
    <Data>20150421</Data>
    <Mercato>MGP</Mercato>
    <Ora>12</Ora>
    <PUN>40,390650</PUN>
    <NAT>43,670000</NAT>
    <CNOR>28,170000</CNOR>
    <CSUD>28,170000</CSUD>
    <NORD>50,250000</NORD>
    <SARD>28,170000</SARD>
    <SICI>2,000000</SICI>
    <SUD>28,170000</SUD>
    <AUST>50,250000</AUST>
    <BRNN>28,170000</BRNN>
    <COAC>28,170000</COAC>
    <CORS>28,170000</CORS>
    <FOGN>28,170000</FOGN>
    <FRAN>50,250000</FRAN>
    <GREC>28,170000</GREC>
    <MFTV>50,250000</MFTV>
    <PRGP>2,000000</PRGP>
    <ROSN>28,170000</ROSN>
    <SLOV>50,250000</SLOV>
    <SVIZ>50,250000</SVIZ>
    <BSP>50,250000</BSP>
    <MALT>2,000000</MALT>
    <XAUS>50,250000</XAUS>
    <XFRA>50,250000</XFRA>
  </Prezzi>
  <Prezzi>
    <Data>20150421</Data>
    <Mercato>MGP</Mercato>
    <Ora>13</Ora>
    <PUN>36,641570</PUN>
    <NAT>37,610000</NAT>
    <CNOR>28,970000</CNOR>
    <CSUD>27,460000</CSUD>
    <NORD>44,940000</NORD>
    <SARD>27,460000</SARD>
    <SICI>0,200000</SICI>
    <SUD>27,460000</SUD>
    <AUST>44,940000</AUST>
    <BRNN>27,460000</BRNN>
    <COAC>27,460000</COAC>
    <CORS>28,970000</CORS>
    <FOGN>27,460000</FOGN>
    <FRAN>44,940000</FRAN>
    <GREC>27,460000</GREC>
    <MFTV>44,940000</MFTV>
    <PRGP>0,200000</PRGP>
    <ROSN>27,460000</ROSN>
    <SLOV>44,940000</SLOV>
    <SVIZ>44,940000</SVIZ>
    <BSP>44,940000</BSP>
    <MALT>0,200000</MALT>
    <XAUS>44,940000</XAUS>
    <XFRA>44,940000</XFRA>
  </Prezzi>
  <Prezzi>
    <Data>20150421</Data>
    <Mercato>MGP</Mercato>
    <Ora>14</Ora>
    <PUN>34,760000</PUN>
    <NAT>35,000000</NAT>
    <CNOR>24,634070</CNOR>
    <CSUD>24,634070</CSUD>
    <NORD>43,368050</NORD>
    <SARD>24,634070</SARD>
    <SICI>0,000000</SICI>
    <SUD>24,634070</SUD>
    <AUST>43,368050</AUST>
    <BRNN>24,634070</BRNN>
    <COAC>24,634070</COAC>
    <CORS>24,634070</CORS>
    <FOGN>24,634070</FOGN>
    <FRAN>43,368050</FRAN>
    <GREC>24,634070</GREC>
    <MFTV>43,368050</MFTV>
    <PRGP>0,000000</PRGP>
    <ROSN>24,634070</ROSN>
    <SLOV>43,368050</SLOV>
    <SVIZ>43,368050</SVIZ>
    <BSP>43,368050</BSP>
    <MALT>0,000000</MALT>
    <XAUS>43,368050</XAUS>
    <XFRA>43,368050</XFRA>
  </Prezzi>
  <Prezzi>
    <Data>20150421</Data>
    <Mercato>MGP</Mercato>
    <Ora>15</Ora>
    <PUN>37,760000</PUN>
    <NAT>38,610000</NAT>
    <CNOR>43,733440</CNOR>
    <CSUD>27,460000</CSUD>
    <NORD>43,733440</NORD>
    <SARD>27,460000</SARD>
    <SICI>0,000000</SICI>
    <SUD>27,460000</SUD>
    <AUST>43,733440</AUST>
    <BRNN>27,460000</BRNN>
    <COAC>27,460000</COAC>
    <CORS>43,733440</CORS>
    <FOGN>27,460000</FOGN>
    <FRAN>43,733440</FRAN>
    <GREC>27,460000</GREC>
    <MFTV>43,733440</MFTV>
    <PRGP>0,000000</PRGP>
    <ROSN>27,460000</ROSN>
    <SLOV>43,733440</SLOV>
    <SVIZ>43,733440</SVIZ>
    <BSP>43,733440</BSP>
    <MALT>0,000000</MALT>
    <XAUS>43,733440</XAUS>
    <XFRA>43,733440</XFRA>
  </Prezzi>
  <Prezzi>
    <Data>20150421</Data>
    <Mercato>MGP</Mercato>
    <Ora>16</Ora>
    <PUN>36,558530</PUN>
    <NAT>38,610000</NAT>
    <CNOR>41,800000</CNOR>
    <CSUD>28,170000</CSUD>
    <NORD>41,800000</NORD>
    <SARD>28,170000</SARD>
    <SICI>0,000000</SICI>
    <SUD>28,170000</SUD>
    <AUST>41,800000</AUST>
    <BRNN>28,170000</BRNN>
    <COAC>28,170000</COAC>
    <CORS>41,800000</CORS>
    <FOGN>28,170000</FOGN>
    <FRAN>41,800000</FRAN>
    <GREC>28,170000</GREC>
    <MFTV>41,800000</MFTV>
    <PRGP>0,000000</PRGP>
    <ROSN>28,170000</ROSN>
    <SLOV>41,800000</SLOV>
    <SVIZ>41,800000</SVIZ>
    <BSP>41,800000</BSP>
    <MALT>0,000000</MALT>
    <XAUS>41,800000</XAUS>
    <XFRA>41,800000</XFRA>
  </Prezzi>
  <Prezzi>
    <Data>20150421</Data>
    <Mercato>MGP</Mercato>
    <Ora>17</Ora>
    <PUN>38,679890</PUN>
    <NAT>40,000000</NAT>
    <CNOR>32,910000</CNOR>
    <CSUD>32,910000</CSUD>
    <NORD>45,020000</NORD>
    <SARD>32,910000</SARD>
    <SICI>0,000000</SICI>
    <SUD>32,910000</SUD>
    <AUST>45,020000</AUST>
    <BRNN>32,910000</BRNN>
    <COAC>32,910000</COAC>
    <CORS>32,910000</CORS>
    <FOGN>32,910000</FOGN>
    <FRAN>45,020000</FRAN>
    <GREC>32,910000</GREC>
    <MFTV>45,020000</MFTV>
    <PRGP>0,000000</PRGP>
    <ROSN>32,910000</ROSN>
    <SLOV>45,020000</SLOV>
    <SVIZ>45,020000</SVIZ>
    <BSP>45,020000</BSP>
    <MALT>0,000000</MALT>
    <XAUS>45,020000</XAUS>
    <XFRA>45,020000</XFRA>
  </Prezzi>
  <Prezzi>
    <Data>20150421</Data>
    <Mercato>MGP</Mercato>
    <Ora>18</Ora>
    <PUN>42,560000</PUN>
    <NAT>43,690000</NAT>
    <CNOR>44,638440</CNOR>
    <CSUD>44,638440</CSUD>
    <NORD>44,638440</NORD>
    <SARD>44,638440</SARD>
    <SICI>2,000000</SICI>
    <SUD>44,638440</SUD>
    <AUST>44,638440</AUST>
    <BRNN>44,638440</BRNN>
    <COAC>44,638440</COAC>
    <CORS>44,638440</CORS>
    <FOGN>44,638440</FOGN>
    <FRAN>44,638440</FRAN>
    <GREC>44,638440</GREC>
    <MFTV>44,638440</MFTV>
    <PRGP>2,000000</PRGP>
    <ROSN>44,638440</ROSN>
    <SLOV>44,638440</SLOV>
    <SVIZ>44,638440</SVIZ>
    <BSP>44,638440</BSP>
    <MALT>2,000000</MALT>
    <XAUS>44,638440</XAUS>
    <XFRA>44,638440</XFRA>
  </Prezzi>
  <Prezzi>
    <Data>20150421</Data>
    <Mercato>MGP</Mercato>
    <Ora>19</Ora>
    <PUN>49,520000</PUN>
    <NAT>49,520000</NAT>
    <CNOR>49,520000</CNOR>
    <CSUD>49,520000</CSUD>
    <NORD>49,520000</NORD>
    <SARD>49,520000</SARD>
    <SICI>49,520000</SICI>
    <SUD>49,520000</SUD>
    <AUST>49,520000</AUST>
    <BRNN>49,520000</BRNN>
    <COAC>49,520000</COAC>
    <CORS>49,520000</CORS>
    <FOGN>49,520000</FOGN>
    <FRAN>49,520000</FRAN>
    <GREC>49,520000</GREC>
    <MFTV>49,520000</MFTV>
    <PRGP>49,520000</PRGP>
    <ROSN>49,520000</ROSN>
    <SLOV>49,520000</SLOV>
    <SVIZ>49,520000</SVIZ>
    <BSP>49,520000</BSP>
    <MALT>49,520000</MALT>
    <XAUS>49,520000</XAUS>
    <XFRA>49,520000</XFRA>
  </Prezzi>
  <Prezzi>
    <Data>20150421</Data>
    <Mercato>MGP</Mercato>
    <Ora>20</Ora>
    <PUN>50,300470</PUN>
    <NAT>50,450000</NAT>
    <CNOR>49,680000</CNOR>
    <CSUD>49,680000</CSUD>
    <NORD>49,680000</NORD>
    <SARD>49,680000</SARD>
    <SICI>60,910000</SICI>
    <SUD>49,680000</SUD>
    <AUST>49,680000</AUST>
    <BRNN>49,680000</BRNN>
    <COAC>49,680000</COAC>
    <CORS>49,680000</CORS>
    <FOGN>49,680000</FOGN>
    <FRAN>49,680000</FRAN>
    <GREC>49,680000</GREC>
    <MFTV>49,680000</MFTV>
    <PRGP>60,910000</PRGP>
    <ROSN>49,680000</ROSN>
    <SLOV>49,680000</SLOV>
    <SVIZ>49,680000</SVIZ>
    <BSP>49,680000</BSP>
    <MALT>60,910000</MALT>
    <XAUS>49,680000</XAUS>
    <XFRA>49,680000</XFRA>
  </Prezzi>
  <Prezzi>
    <Data>20150421</Data>
    <Mercato>MGP</Mercato>
    <Ora>21</Ora>
    <PUN>65,046050</PUN>
    <NAT>65,010000</NAT>
    <CNOR>75,330000</CNOR>
    <CSUD>75,330000</CSUD>
    <NORD>55,420000</NORD>
    <SARD>75,330000</SARD>
    <SICI>75,330000</SICI>
    <SUD>75,330000</SUD>
    <AUST>55,420000</AUST>
    <BRNN>75,330000</BRNN>
    <COAC>75,330000</COAC>
    <CORS>75,330000</CORS>
    <FOGN>75,330000</FOGN>
    <FRAN>55,420000</FRAN>
    <GREC>75,330000</GREC>
    <MFTV>55,420000</MFTV>
    <PRGP>75,330000</PRGP>
    <ROSN>75,330000</ROSN>
    <SLOV>55,420000</SLOV>
    <SVIZ>55,420000</SVIZ>
    <BSP>55,420000</BSP>
    <MALT>75,330000</MALT>
    <XAUS>55,420000</XAUS>
    <XFRA>55,420000</XFRA>
  </Prezzi>
  <Prezzi>
    <Data>20150421</Data>
    <Mercato>MGP</Mercato>
    <Ora>22</Ora>
    <PUN>54,576050</PUN>
    <NAT>56,050000</NAT>
    <CNOR>58,990000</CNOR>
    <CSUD>58,990000</CSUD>
    <NORD>50,060000</NORD>
    <SARD>58,990000</SARD>
    <SICI>62,660000</SICI>
    <SUD>58,990000</SUD>
    <AUST>50,060000</AUST>
    <BRNN>58,990000</BRNN>
    <COAC>58,990000</COAC>
    <CORS>58,990000</CORS>
    <FOGN>58,990000</FOGN>
    <FRAN>50,060000</FRAN>
    <GREC>58,990000</GREC>
    <MFTV>50,060000</MFTV>
    <PRGP>62,660000</PRGP>
    <ROSN>58,990000</ROSN>
    <SLOV>50,060000</SLOV>
    <SVIZ>50,060000</SVIZ>
    <BSP>50,060000</BSP>
    <MALT>62,660000</MALT>
    <XAUS>50,060000</XAUS>
    <XFRA>50,060000</XFRA>
  </Prezzi>
  <Prezzi>
    <Data>20150421</Data>
    <Mercato>MGP</Mercato>
    <Ora>23</Ora>
    <PUN>50,698400</PUN>
    <NAT>51,000000</NAT>
    <CNOR>49,940000</CNOR>
    <CSUD>49,940000</CSUD>
    <NORD>49,940000</NORD>
    <SARD>49,940000</SARD>
    <SICI>62,660000</SICI>
    <SUD>49,940000</SUD>
    <AUST>49,940000</AUST>
    <BRNN>49,940000</BRNN>
    <COAC>49,940000</COAC>
    <CORS>49,940000</CORS>
    <FOGN>49,940000</FOGN>
    <FRAN>49,940000</FRAN>
    <GREC>49,940000</GREC>
    <MFTV>49,940000</MFTV>
    <PRGP>62,660000</PRGP>
    <ROSN>49,940000</ROSN>
    <SLOV>49,940000</SLOV>
    <SVIZ>49,940000</SVIZ>
    <BSP>49,940000</BSP>
    <MALT>62,660000</MALT>
    <XAUS>49,940000</XAUS>
    <XFRA>49,940000</XFRA>
  </Prezzi>
  <Prezzi>
    <Data>20150421</Data>
    <Mercato>MGP</Mercato>
    <Ora>24</Ora>
    <PUN>50,358280</PUN>
    <NAT>49,810000</NAT>
    <CNOR>49,790000</CNOR>
    <CSUD>49,790000</CSUD>
    <NORD>49,790000</NORD>
    <SARD>49,790000</SARD>
    <SICI>60,400000</SICI>
    <SUD>49,790000</SUD>
    <AUST>49,790000</AUST>
    <BRNN>49,790000</BRNN>
    <COAC>49,790000</COAC>
    <CORS>49,790000</CORS>
    <FOGN>49,790000</FOGN>
    <FRAN>49,790000</FRAN>
    <GREC>49,790000</GREC>
    <MFTV>49,790000</MFTV>
    <PRGP>60,400000</PRGP>
    <ROSN>49,790000</ROSN>
    <SLOV>49,790000</SLOV>
    <SVIZ>49,790000</SVIZ>
    <BSP>49,790000</BSP>
    <MALT>60,400000</MALT>
    <XAUS>49,790000</XAUS>
    <XFRA>49,790000</XFRA>
  </Prezzi>
</NewDataSet>