<?xml version="1.0" standalone="yes"?>
<NewDataSet>
  <xs:schema id="NewDataSet" xmlns="" xmlns:xs="http://www.w3.org/2001/XMLSchema" xmlns:msdata="urn:schemas-microsoft-com:xml-msdata">
    <xs:element name="NewDataSet" msdata:IsDataSet="true" msdata:UseCurrentLocale="true">
      <xs:complexType>
        <xs:choice minOccurs="0" maxOccurs="unbounded">
          <xs:element name="Prezzi">
            <xs:complexType>
              <xs:sequence>
                <xs:element name="Data" type="xs:string" minOccurs="0" />
                <xs:element name="Mercato" type="xs:string" minOccurs="0" />
                <xs:element name="Ora" type="xs:string" minOccurs="0" />
                <xs:element name="PUN" type="xs:string" minOccurs="0" />
                <xs:element name="NAT" type="xs:string" minOccurs="0" />
                <xs:element name="CNOR" type="xs:string" minOccurs="0" />
                <xs:element name="CSUD" type="xs:string" minOccurs="0" />
                <xs:element name="NORD" type="xs:string" minOccurs="0" />
                <xs:element name="SARD" type="xs:string" minOccurs="0" />
                <xs:element name="SICI" type="xs:string" minOccurs="0" />
                <xs:element name="SUD" type="xs:string" minOccurs="0" />
                <xs:element name="AUST" type="xs:string" minOccurs="0" />
                <xs:element name="BRNN" type="xs:string" minOccurs="0" />
                <xs:element name="COAC" type="xs:string" minOccurs="0" />
                <xs:element name="CORS" type="xs:string" minOccurs="0" />
                <xs:element name="FOGN" type="xs:string" minOccurs="0" />
                <xs:element name="FRAN" type="xs:string" minOccurs="0" />
                <xs:element name="GREC" type="xs:string" minOccurs="0" />
                <xs:element name="MFTV" type="xs:string" minOccurs="0" />
                <xs:element name="PRGP" type="xs:string" minOccurs="0" />
                <xs:element name="ROSN" type="xs:string" minOccurs="0" />
                <xs:element name="SLOV" type="xs:string" minOccurs="0" />
                <xs:element name="SVIZ" type="xs:string" minOccurs="0" />
                <xs:element name="BSP" type="xs:string" minOccurs="0" />
                <xs:element name="MALT" type="xs:string" minOccurs="0" />
                <xs:element name="XAUS" type="xs:string" minOccurs="0" />
                <xs:element name="XFRA" type="xs:string" minOccurs="0" />
              </xs:sequence>
            </xs:complexType>
          </xs:element>
        </xs:choice>
      </xs:complexType>
    </xs:element>
  </xs:schema>
  <Prezzi>
    <Data>20150430</Data>
    <Mercato>MGP</Mercato>
    <Ora>1</Ora>
    <PUN>43,007790</PUN>
    <NAT>42,660000</NAT>
    <CNOR>43,680000</CNOR>
    <CSUD>43,680000</CSUD>
    <NORD>40,460000</NORD>
    <SARD>43,680000</SARD>
    <SICI>60,910000</SICI>
    <SUD>43,680000</SUD>
    <AUST>40,460000</AUST>
    <BRNN>43,680000</BRNN>
    <COAC>43,680000</COAC>
    <CORS>43,680000</CORS>
    <FOGN>43,680000</FOGN>
    <FRAN>40,460000</FRAN>
    <GREC>43,680000</GREC>
    <MFTV>40,460000</MFTV>
    <PRGP>60,910000</PRGP>
    <ROSN>43,680000</ROSN>
    <SLOV>40,460000</SLOV>
    <SVIZ>40,460000</SVIZ>
    <BSP>40,460000</BSP>
    <MALT>60,910000</MALT>
    <XAUS>40,460000</XAUS>
    <XFRA>40,460000</XFRA>
  </Prezzi>
  <Prezzi>
    <Data>20150430</Data>
    <Mercato>MGP</Mercato>
    <Ora>2</Ora>
    <PUN>40,638300</PUN>
    <NAT>40,330000</NAT>
    <CNOR>40,010000</CNOR>
    <CSUD>40,010000</CSUD>
    <NORD>39,000000</NORD>
    <SARD>40,010000</SARD>
    <SICI>60,910000</SICI>
    <SUD>40,010000</SUD>
    <AUST>39,000000</AUST>
    <BRNN>40,010000</BRNN>
    <COAC>40,010000</COAC>
    <CORS>40,010000</CORS>
    <FOGN>40,010000</FOGN>
    <FRAN>39,000000</FRAN>
    <GREC>40,010000</GREC>
    <MFTV>39,000000</MFTV>
    <PRGP>60,910000</PRGP>
    <ROSN>40,010000</ROSN>
    <SLOV>39,000000</SLOV>
    <SVIZ>39,000000</SVIZ>
    <BSP>39,000000</BSP>
    <MALT>60,910000</MALT>
    <XAUS>39,000000</XAUS>
    <XFRA>39,000000</XFRA>
  </Prezzi>
  <Prezzi>
    <Data>20150430</Data>
    <Mercato>MGP</Mercato>
    <Ora>3</Ora>
    <PUN>35,843840</PUN>
    <NAT>35,030000</NAT>
    <CNOR>35,030000</CNOR>
    <CSUD>35,030000</CSUD>
    <NORD>35,030000</NORD>
    <SARD>35,030000</SARD>
    <SICI>49,990000</SICI>
    <SUD>35,030000</SUD>
    <AUST>35,030000</AUST>
    <BRNN>35,030000</BRNN>
    <COAC>35,030000</COAC>
    <CORS>35,030000</CORS>
    <FOGN>35,030000</FOGN>
    <FRAN>35,030000</FRAN>
    <GREC>35,030000</GREC>
    <MFTV>35,030000</MFTV>
    <PRGP>49,990000</PRGP>
    <ROSN>35,030000</ROSN>
    <SLOV>35,030000</SLOV>
    <SVIZ>35,030000</SVIZ>
    <BSP>35,030000</BSP>
    <MALT>49,990000</MALT>
    <XAUS>35,030000</XAUS>
    <XFRA>35,030000</XFRA>
  </Prezzi>
  <Prezzi>
    <Data>20150430</Data>
    <Mercato>MGP</Mercato>
    <Ora>4</Ora>
    <PUN>30,000000</PUN>
    <NAT>30,000000</NAT>
    <CNOR>30,000000</CNOR>
    <CSUD>30,000000</CSUD>
    <NORD>30,000000</NORD>
    <SARD>30,000000</SARD>
    <SICI>30,000000</SICI>
    <SUD>30,000000</SUD>
    <AUST>30,000000</AUST>
    <BRNN>30,000000</BRNN>
    <COAC>30,000000</COAC>
    <CORS>30,000000</CORS>
    <FOGN>30,000000</FOGN>
    <FRAN>30,000000</FRAN>
    <GREC>30,000000</GREC>
    <MFTV>30,000000</MFTV>
    <PRGP>30,000000</PRGP>
    <ROSN>30,000000</ROSN>
    <SLOV>30,000000</SLOV>
    <SVIZ>30,000000</SVIZ>
    <BSP>30,000000</BSP>
    <MALT>30,000000</MALT>
    <XAUS>30,000000</XAUS>
    <XFRA>30,000000</XFRA>
  </Prezzi>
  <Prezzi>
    <Data>20150430</Data>
    <Mercato>MGP</Mercato>
    <Ora>5</Ora>
    <PUN>30,000000</PUN>
    <NAT>30,000000</NAT>
    <CNOR>30,000000</CNOR>
    <CSUD>30,000000</CSUD>
    <NORD>30,000000</NORD>
    <SARD>30,000000</SARD>
    <SICI>30,000000</SICI>
    <SUD>30,000000</SUD>
    <AUST>30,000000</AUST>
    <BRNN>30,000000</BRNN>
    <COAC>30,000000</COAC>
    <CORS>30,000000</CORS>
    <FOGN>30,000000</FOGN>
    <FRAN>30,000000</FRAN>
    <GREC>30,000000</GREC>
    <MFTV>30,000000</MFTV>
    <PRGP>30,000000</PRGP>
    <ROSN>30,000000</ROSN>
    <SLOV>30,000000</SLOV>
    <SVIZ>30,000000</SVIZ>
    <BSP>30,000000</BSP>
    <MALT>30,000000</MALT>
    <XAUS>30,000000</XAUS>
    <XFRA>30,000000</XFRA>
  </Prezzi>
  <Prezzi>
    <Data>20150430</Data>
    <Mercato>MGP</Mercato>
    <Ora>6</Ora>
    <PUN>38,630000</PUN>
    <NAT>38,630000</NAT>
    <CNOR>38,630000</CNOR>
    <CSUD>38,630000</CSUD>
    <NORD>38,630000</NORD>
    <SARD>38,630000</SARD>
    <SICI>38,630000</SICI>
    <SUD>38,630000</SUD>
    <AUST>38,630000</AUST>
    <BRNN>38,630000</BRNN>
    <COAC>38,630000</COAC>
    <CORS>38,630000</CORS>
    <FOGN>38,630000</FOGN>
    <FRAN>38,630000</FRAN>
    <GREC>38,630000</GREC>
    <MFTV>38,630000</MFTV>
    <PRGP>38,630000</PRGP>
    <ROSN>38,630000</ROSN>
    <SLOV>38,630000</SLOV>
    <SVIZ>38,630000</SVIZ>
    <BSP>38,630000</BSP>
    <MALT>38,630000</MALT>
    <XAUS>38,630000</XAUS>
    <XFRA>38,630000</XFRA>
  </Prezzi>
  <Prezzi>
    <Data>20150430</Data>
    <Mercato>MGP</Mercato>
    <Ora>7</Ora>
    <PUN>43,460000</PUN>
    <NAT>43,460000</NAT>
    <CNOR>43,460000</CNOR>
    <CSUD>43,460000</CSUD>
    <NORD>43,460000</NORD>
    <SARD>43,460000</SARD>
    <SICI>43,460000</SICI>
    <SUD>43,460000</SUD>
    <AUST>43,460000</AUST>
    <BRNN>43,460000</BRNN>
    <COAC>43,460000</COAC>
    <CORS>43,460000</CORS>
    <FOGN>43,460000</FOGN>
    <FRAN>43,460000</FRAN>
    <GREC>43,460000</GREC>
    <MFTV>43,460000</MFTV>
    <PRGP>43,460000</PRGP>
    <ROSN>43,460000</ROSN>
    <SLOV>43,460000</SLOV>
    <SVIZ>43,460000</SVIZ>
    <BSP>43,460000</BSP>
    <MALT>43,460000</MALT>
    <XAUS>43,460000</XAUS>
    <XFRA>43,460000</XFRA>
  </Prezzi>
  <Prezzi>
    <Data>20150430</Data>
    <Mercato>MGP</Mercato>
    <Ora>8</Ora>
    <PUN>48,004150</PUN>
    <NAT>48,450000</NAT>
    <CNOR>47,350000</CNOR>
    <CSUD>47,350000</CSUD>
    <NORD>47,350000</NORD>
    <SARD>47,350000</SARD>
    <SICI>60,400000</SICI>
    <SUD>47,350000</SUD>
    <AUST>47,350000</AUST>
    <BRNN>47,350000</BRNN>
    <COAC>47,350000</COAC>
    <CORS>47,350000</CORS>
    <FOGN>47,350000</FOGN>
    <FRAN>47,350000</FRAN>
    <GREC>47,350000</GREC>
    <MFTV>47,350000</MFTV>
    <PRGP>60,400000</PRGP>
    <ROSN>47,350000</ROSN>
    <SLOV>47,350000</SLOV>
    <SVIZ>47,350000</SVIZ>
    <BSP>47,350000</BSP>
    <MALT>60,400000</MALT>
    <XAUS>47,350000</XAUS>
    <XFRA>47,350000</XFRA>
  </Prezzi>
  <Prezzi>
    <Data>20150430</Data>
    <Mercato>MGP</Mercato>
    <Ora>9</Ora>
    <PUN>55,319080</PUN>
    <NAT>55,290000</NAT>
    <CNOR>55,077220</CNOR>
    <CSUD>55,077220</CSUD>
    <NORD>55,077220</NORD>
    <SARD>55,077220</SARD>
    <SICI>59,990000</SICI>
    <SUD>55,077220</SUD>
    <AUST>55,077220</AUST>
    <BRNN>55,077220</BRNN>
    <COAC>55,077220</COAC>
    <CORS>55,077220</CORS>
    <FOGN>55,077220</FOGN>
    <FRAN>55,077220</FRAN>
    <GREC>55,077220</GREC>
    <MFTV>55,077220</MFTV>
    <PRGP>59,990000</PRGP>
    <ROSN>55,077220</ROSN>
    <SLOV>55,077220</SLOV>
    <SVIZ>55,077220</SVIZ>
    <BSP>55,077220</BSP>
    <MALT>59,990000</MALT>
    <XAUS>55,077220</XAUS>
    <XFRA>55,077220</XFRA>
  </Prezzi>
  <Prezzi>
    <Data>20150430</Data>
    <Mercato>MGP</Mercato>
    <Ora>10</Ora>
    <PUN>52,825240</PUN>
    <NAT>53,500000</NAT>
    <CNOR>48,850000</CNOR>
    <CSUD>48,850000</CSUD>
    <NORD>55,520000</NORD>
    <SARD>48,850000</SARD>
    <SICI>48,850000</SICI>
    <SUD>48,850000</SUD>
    <AUST>55,520000</AUST>
    <BRNN>48,850000</BRNN>
    <COAC>48,850000</COAC>
    <CORS>48,850000</CORS>
    <FOGN>48,850000</FOGN>
    <FRAN>55,520000</FRAN>
    <GREC>48,850000</GREC>
    <MFTV>55,520000</MFTV>
    <PRGP>48,850000</PRGP>
    <ROSN>48,850000</ROSN>
    <SLOV>55,520000</SLOV>
    <SVIZ>55,520000</SVIZ>
    <BSP>55,520000</BSP>
    <MALT>48,850000</MALT>
    <XAUS>55,520000</XAUS>
    <XFRA>55,520000</XFRA>
  </Prezzi>
  <Prezzi>
    <Data>20150430</Data>
    <Mercato>MGP</Mercato>
    <Ora>11</Ora>
    <PUN>49,538200</PUN>
    <NAT>49,960000</NAT>
    <CNOR>47,340000</CNOR>
    <CSUD>47,340000</CSUD>
    <NORD>51,020000</NORD>
    <SARD>47,340000</SARD>
    <SICI>47,340000</SICI>
    <SUD>47,340000</SUD>
    <AUST>51,020000</AUST>
    <BRNN>47,340000</BRNN>
    <COAC>47,340000</COAC>
    <CORS>47,340000</CORS>
    <FOGN>47,340000</FOGN>
    <FRAN>51,020000</FRAN>
    <GREC>47,340000</GREC>
    <MFTV>51,020000</MFTV>
    <PRGP>47,340000</PRGP>
    <ROSN>47,340000</ROSN>
    <SLOV>51,020000</SLOV>
    <SVIZ>51,020000</SVIZ>
    <BSP>51,020000</BSP>
    <MALT>47,340000</MALT>
    <XAUS>51,020000</XAUS>
    <XFRA>51,020000</XFRA>
  </Prezzi>
  <Prezzi>
    <Data>20150430</Data>
    <Mercato>MGP</Mercato>
    <Ora>12</Ora>
    <PUN>47,678450</PUN>
    <NAT>47,350000</NAT>
    <CNOR>45,290000</CNOR>
    <CSUD>45,290000</CSUD>
    <NORD>49,580000</NORD>
    <SARD>45,290000</SARD>
    <SICI>41,990000</SICI>
    <SUD>45,290000</SUD>
    <AUST>49,580000</AUST>
    <BRNN>45,290000</BRNN>
    <COAC>45,290000</COAC>
    <CORS>45,290000</CORS>
    <FOGN>45,290000</FOGN>
    <FRAN>49,580000</FRAN>
    <GREC>45,290000</GREC>
    <MFTV>49,580000</MFTV>
    <PRGP>41,990000</PRGP>
    <ROSN>45,290000</ROSN>
    <SLOV>49,580000</SLOV>
    <SVIZ>49,580000</SVIZ>
    <BSP>49,580000</BSP>
    <MALT>41,990000</MALT>
    <XAUS>49,580000</XAUS>
    <XFRA>49,580000</XFRA>
  </Prezzi>
  <Prezzi>
    <Data>20150430</Data>
    <Mercato>MGP</Mercato>
    <Ora>13</Ora>
    <PUN>41,791070</PUN>
    <NAT>41,440000</NAT>
    <CNOR>43,320240</CNOR>
    <CSUD>40,330000</CSUD>
    <NORD>43,320240</NORD>
    <SARD>40,330000</SARD>
    <SICI>30,000000</SICI>
    <SUD>40,330000</SUD>
    <AUST>43,320240</AUST>
    <BRNN>40,330000</BRNN>
    <COAC>40,330000</COAC>
    <CORS>43,320240</CORS>
    <FOGN>40,330000</FOGN>
    <FRAN>43,320240</FRAN>
    <GREC>40,330000</GREC>
    <MFTV>43,320240</MFTV>
    <PRGP>30,000000</PRGP>
    <ROSN>40,330000</ROSN>
    <SLOV>43,320240</SLOV>
    <SVIZ>43,320240</SVIZ>
    <BSP>43,320240</BSP>
    <MALT>30,000000</MALT>
    <XAUS>43,320240</XAUS>
    <XFRA>43,320240</XFRA>
  </Prezzi>
  <Prezzi>
    <Data>20150430</Data>
    <Mercato>MGP</Mercato>
    <Ora>14</Ora>
    <PUN>42,836060</PUN>
    <NAT>43,460000</NAT>
    <CNOR>44,028130</CNOR>
    <CSUD>40,330000</CSUD>
    <NORD>44,028130</NORD>
    <SARD>40,330000</SARD>
    <SICI>40,330000</SICI>
    <SUD>40,330000</SUD>
    <AUST>44,028130</AUST>
    <BRNN>40,330000</BRNN>
    <COAC>40,330000</COAC>
    <CORS>44,028130</CORS>
    <FOGN>40,330000</FOGN>
    <FRAN>44,028130</FRAN>
    <GREC>40,330000</GREC>
    <MFTV>44,028130</MFTV>
    <PRGP>40,330000</PRGP>
    <ROSN>40,330000</ROSN>
    <SLOV>44,028130</SLOV>
    <SVIZ>44,028130</SVIZ>
    <BSP>44,028130</BSP>
    <MALT>40,330000</MALT>
    <XAUS>44,028130</XAUS>
    <XFRA>44,028130</XFRA>
  </Prezzi>
  <Prezzi>
    <Data>20150430</Data>
    <Mercato>MGP</Mercato>
    <Ora>15</Ora>
    <PUN>42,637100</PUN>
    <NAT>41,560000</NAT>
    <CNOR>45,879680</CNOR>
    <CSUD>35,030000</CSUD>
    <NORD>45,879680</NORD>
    <SARD>35,030000</SARD>
    <SICI>35,030000</SICI>
    <SUD>35,030000</SUD>
    <AUST>45,879680</AUST>
    <BRNN>35,030000</BRNN>
    <COAC>35,030000</COAC>
    <CORS>45,879680</CORS>
    <FOGN>35,030000</FOGN>
    <FRAN>45,879680</FRAN>
    <GREC>35,030000</GREC>
    <MFTV>45,879680</MFTV>
    <PRGP>35,030000</PRGP>
    <ROSN>35,030000</ROSN>
    <SLOV>45,879680</SLOV>
    <SVIZ>45,879680</SVIZ>
    <BSP>45,879680</BSP>
    <MALT>35,030000</MALT>
    <XAUS>45,879680</XAUS>
    <XFRA>45,879680</XFRA>
  </Prezzi>
  <Prezzi>
    <Data>20150430</Data>
    <Mercato>MGP</Mercato>
    <Ora>16</Ora>
    <PUN>43,703020</PUN>
    <NAT>44,160000</NAT>
    <CNOR>45,140000</CNOR>
    <CSUD>40,330000</CSUD>
    <NORD>45,140000</NORD>
    <SARD>40,330000</SARD>
    <SICI>40,330000</SICI>
    <SUD>40,330000</SUD>
    <AUST>45,140000</AUST>
    <BRNN>40,330000</BRNN>
    <COAC>40,330000</COAC>
    <CORS>45,140000</CORS>
    <FOGN>40,330000</FOGN>
    <FRAN>45,140000</FRAN>
    <GREC>40,330000</GREC>
    <MFTV>45,140000</MFTV>
    <PRGP>40,330000</PRGP>
    <ROSN>40,330000</ROSN>
    <SLOV>45,140000</SLOV>
    <SVIZ>45,140000</SVIZ>
    <BSP>45,140000</BSP>
    <MALT>40,330000</MALT>
    <XAUS>45,140000</XAUS>
    <XFRA>45,140000</XFRA>
  </Prezzi>
  <Prezzi>
    <Data>20150430</Data>
    <Mercato>MGP</Mercato>
    <Ora>17</Ora>
    <PUN>48,103530</PUN>
    <NAT>48,450000</NAT>
    <CNOR>47,440000</CNOR>
    <CSUD>47,440000</CSUD>
    <NORD>47,440000</NORD>
    <SARD>47,440000</SARD>
    <SICI>60,910000</SICI>
    <SUD>47,440000</SUD>
    <AUST>47,440000</AUST>
    <BRNN>47,440000</BRNN>
    <COAC>47,440000</COAC>
    <CORS>47,440000</CORS>
    <FOGN>47,440000</FOGN>
    <FRAN>47,440000</FRAN>
    <GREC>47,440000</GREC>
    <MFTV>47,440000</MFTV>
    <PRGP>60,910000</PRGP>
    <ROSN>47,440000</ROSN>
    <SLOV>47,440000</SLOV>
    <SVIZ>47,440000</SVIZ>
    <BSP>47,440000</BSP>
    <MALT>60,910000</MALT>
    <XAUS>47,440000</XAUS>
    <XFRA>47,440000</XFRA>
  </Prezzi>
  <Prezzi>
    <Data>20150430</Data>
    <Mercato>MGP</Mercato>
    <Ora>18</Ora>
    <PUN>48,608780</PUN>
    <NAT>49,380000</NAT>
    <CNOR>47,940000</CNOR>
    <CSUD>47,940000</CSUD>
    <NORD>47,940000</NORD>
    <SARD>47,940000</SARD>
    <SICI>60,910000</SICI>
    <SUD>47,940000</SUD>
    <AUST>47,940000</AUST>
    <BRNN>47,940000</BRNN>
    <COAC>47,940000</COAC>
    <CORS>47,940000</CORS>
    <FOGN>47,940000</FOGN>
    <FRAN>47,940000</FRAN>
    <GREC>47,940000</GREC>
    <MFTV>47,940000</MFTV>
    <PRGP>60,910000</PRGP>
    <ROSN>47,940000</ROSN>
    <SLOV>47,940000</SLOV>
    <SVIZ>47,940000</SVIZ>
    <BSP>47,940000</BSP>
    <MALT>60,910000</MALT>
    <XAUS>47,940000</XAUS>
    <XFRA>47,940000</XFRA>
  </Prezzi>
  <Prezzi>
    <Data>20150430</Data>
    <Mercato>MGP</Mercato>
    <Ora>19</Ora>
    <PUN>49,340080</PUN>
    <NAT>51,290000</NAT>
    <CNOR>48,550000</CNOR>
    <CSUD>48,550000</CSUD>
    <NORD>48,550000</NORD>
    <SARD>48,550000</SARD>
    <SICI>62,660000</SICI>
    <SUD>48,550000</SUD>
    <AUST>48,550000</AUST>
    <BRNN>48,550000</BRNN>
    <COAC>48,550000</COAC>
    <CORS>48,550000</CORS>
    <FOGN>48,550000</FOGN>
    <FRAN>48,550000</FRAN>
    <GREC>48,550000</GREC>
    <MFTV>48,550000</MFTV>
    <PRGP>62,660000</PRGP>
    <ROSN>48,550000</ROSN>
    <SLOV>48,550000</SLOV>
    <SVIZ>48,550000</SVIZ>
    <BSP>48,550000</BSP>
    <MALT>62,660000</MALT>
    <XAUS>48,550000</XAUS>
    <XFRA>48,550000</XFRA>
  </Prezzi>
  <Prezzi>
    <Data>20150430</Data>
    <Mercato>MGP</Mercato>
    <Ora>20</Ora>
    <PUN>51,700650</PUN>
    <NAT>53,140000</NAT>
    <CNOR>51,020000</CNOR>
    <CSUD>51,020000</CSUD>
    <NORD>51,020000</NORD>
    <SARD>51,020000</SARD>
    <SICI>62,660000</SICI>
    <SUD>51,020000</SUD>
    <AUST>51,020000</AUST>
    <BRNN>51,020000</BRNN>
    <COAC>51,020000</COAC>
    <CORS>51,020000</CORS>
    <FOGN>51,020000</FOGN>
    <FRAN>51,020000</FRAN>
    <GREC>51,020000</GREC>
    <MFTV>51,020000</MFTV>
    <PRGP>62,660000</PRGP>
    <ROSN>51,020000</ROSN>
    <SLOV>51,020000</SLOV>
    <SVIZ>51,020000</SVIZ>
    <BSP>51,020000</BSP>
    <MALT>62,660000</MALT>
    <XAUS>51,020000</XAUS>
    <XFRA>51,020000</XFRA>
  </Prezzi>
  <Prezzi>
    <Data>20150430</Data>
    <Mercato>MGP</Mercato>
    <Ora>21</Ora>
    <PUN>58,549600</PUN>
    <NAT>61,260000</NAT>
    <CNOR>55,570000</CNOR>
    <CSUD>55,570000</CSUD>
    <NORD>55,570000</NORD>
    <SARD>55,570000</SARD>
    <SICI>102,460000</SICI>
    <SUD>55,570000</SUD>
    <AUST>55,570000</AUST>
    <BRNN>55,570000</BRNN>
    <COAC>55,570000</COAC>
    <CORS>55,570000</CORS>
    <FOGN>55,570000</FOGN>
    <FRAN>55,570000</FRAN>
    <GREC>55,570000</GREC>
    <MFTV>55,570000</MFTV>
    <PRGP>102,460000</PRGP>
    <ROSN>55,570000</ROSN>
    <SLOV>55,570000</SLOV>
    <SVIZ>55,570000</SVIZ>
    <BSP>55,570000</BSP>
    <MALT>102,460000</MALT>
    <XAUS>55,570000</XAUS>
    <XFRA>55,570000</XFRA>
  </Prezzi>
  <Prezzi>
    <Data>20150430</Data>
    <Mercato>MGP</Mercato>
    <Ora>22</Ora>
    <PUN>58,194560</PUN>
    <NAT>60,910000</NAT>
    <CNOR>55,290000</CNOR>
    <CSUD>55,290000</CSUD>
    <NORD>55,290000</NORD>
    <SARD>55,290000</SARD>
    <SICI>102,460000</SICI>
    <SUD>55,290000</SUD>
    <AUST>55,290000</AUST>
    <BRNN>55,290000</BRNN>
    <COAC>55,290000</COAC>
    <CORS>55,290000</CORS>
    <FOGN>55,290000</FOGN>
    <FRAN>55,290000</FRAN>
    <GREC>55,290000</GREC>
    <MFTV>55,290000</MFTV>
    <PRGP>102,460000</PRGP>
    <ROSN>55,290000</ROSN>
    <SLOV>55,290000</SLOV>
    <SVIZ>55,290000</SVIZ>
    <BSP>55,290000</BSP>
    <MALT>102,460000</MALT>
    <XAUS>55,290000</XAUS>
    <XFRA>55,290000</XFRA>
  </Prezzi>
  <Prezzi>
    <Data>20150430</Data>
    <Mercato>MGP</Mercato>
    <Ora>23</Ora>
    <PUN>52,644340</PUN>
    <NAT>55,290000</NAT>
    <CNOR>51,990000</CNOR>
    <CSUD>51,990000</CSUD>
    <NORD>51,990000</NORD>
    <SARD>51,990000</SARD>
    <SICI>62,660000</SICI>
    <SUD>51,990000</SUD>
    <AUST>51,990000</AUST>
    <BRNN>51,990000</BRNN>
    <COAC>51,990000</COAC>
    <CORS>51,990000</CORS>
    <FOGN>51,990000</FOGN>
    <FRAN>51,990000</FRAN>
    <GREC>51,990000</GREC>
    <MFTV>51,990000</MFTV>
    <PRGP>62,660000</PRGP>
    <ROSN>51,990000</ROSN>
    <SLOV>51,990000</SLOV>
    <SVIZ>51,990000</SVIZ>
    <BSP>51,990000</BSP>
    <MALT>62,660000</MALT>
    <XAUS>51,990000</XAUS>
    <XFRA>51,990000</XFRA>
  </Prezzi>
  <Prezzi>
    <Data>20150430</Data>
    <Mercato>MGP</Mercato>
    <Ora>24</Ora>
    <PUN>51,597910</PUN>
    <NAT>52,080000</NAT>
    <CNOR>51,000000</CNOR>
    <CSUD>51,000000</CSUD>
    <NORD>51,000000</NORD>
    <SARD>51,000000</SARD>
    <SICI>60,910000</SICI>
    <SUD>51,000000</SUD>
    <AUST>51,000000</AUST>
    <BRNN>51,000000</BRNN>
    <COAC>51,000000</COAC>
    <CORS>51,000000</CORS>
    <FOGN>51,000000</FOGN>
    <FRAN>51,000000</FRAN>
    <GREC>51,000000</GREC>
    <MFTV>51,000000</MFTV>
    <PRGP>60,910000</PRGP>
    <ROSN>51,000000</ROSN>
    <SLOV>51,000000</SLOV>
    <SVIZ>51,000000</SVIZ>
    <BSP>51,000000</BSP>
    <MALT>60,910000</MALT>
    <XAUS>51,000000</XAUS>
    <XFRA>51,000000</XFRA>
  </Prezzi>
</NewDataSet>