<?xml version="1.0" standalone="yes"?>
<NewDataSet>
  <xs:schema id="NewDataSet" xmlns="" xmlns:xs="http://www.w3.org/2001/XMLSchema" xmlns:msdata="urn:schemas-microsoft-com:xml-msdata">
    <xs:element name="NewDataSet" msdata:IsDataSet="true" msdata:UseCurrentLocale="true">
      <xs:complexType>
        <xs:choice minOccurs="0" maxOccurs="unbounded">
          <xs:element name="Prezzi">
            <xs:complexType>
              <xs:sequence>
                <xs:element name="Data" type="xs:string" minOccurs="0" />
                <xs:element name="Mercato" type="xs:string" minOccurs="0" />
                <xs:element name="Ora" type="xs:string" minOccurs="0" />
                <xs:element name="PUN" type="xs:string" minOccurs="0" />
                <xs:element name="NAT" type="xs:string" minOccurs="0" />
                <xs:element name="CNOR" type="xs:string" minOccurs="0" />
                <xs:element name="CSUD" type="xs:string" minOccurs="0" />
                <xs:element name="NORD" type="xs:string" minOccurs="0" />
                <xs:element name="SARD" type="xs:string" minOccurs="0" />
                <xs:element name="SICI" type="xs:string" minOccurs="0" />
                <xs:element name="SUD" type="xs:string" minOccurs="0" />
                <xs:element name="AUST" type="xs:string" minOccurs="0" />
                <xs:element name="BRNN" type="xs:string" minOccurs="0" />
                <xs:element name="COAC" type="xs:string" minOccurs="0" />
                <xs:element name="CORS" type="xs:string" minOccurs="0" />
                <xs:element name="FOGN" type="xs:string" minOccurs="0" />
                <xs:element name="FRAN" type="xs:string" minOccurs="0" />
                <xs:element name="GREC" type="xs:string" minOccurs="0" />
                <xs:element name="MFTV" type="xs:string" minOccurs="0" />
                <xs:element name="PRGP" type="xs:string" minOccurs="0" />
                <xs:element name="ROSN" type="xs:string" minOccurs="0" />
                <xs:element name="SLOV" type="xs:string" minOccurs="0" />
                <xs:element name="SVIZ" type="xs:string" minOccurs="0" />
                <xs:element name="BSP" type="xs:string" minOccurs="0" />
                <xs:element name="MALT" type="xs:string" minOccurs="0" />
                <xs:element name="XAUS" type="xs:string" minOccurs="0" />
                <xs:element name="XFRA" type="xs:string" minOccurs="0" />
              </xs:sequence>
            </xs:complexType>
          </xs:element>
        </xs:choice>
      </xs:complexType>
    </xs:element>
  </xs:schema>
  <Prezzi>
    <Data>20150402</Data>
    <Mercato>MGP</Mercato>
    <Ora>1</Ora>
    <PUN>49,241400</PUN>
    <NAT>48,690000</NAT>
    <CNOR>48,380000</CNOR>
    <CSUD>48,380000</CSUD>
    <NORD>48,380000</NORD>
    <SARD>48,380000</SARD>
    <SICI>65,680000</SICI>
    <SUD>48,380000</SUD>
    <AUST>48,380000</AUST>
    <BRNN>48,380000</BRNN>
    <COAC>48,380000</COAC>
    <CORS>48,380000</CORS>
    <FOGN>48,380000</FOGN>
    <FRAN>48,380000</FRAN>
    <GREC>48,380000</GREC>
    <MFTV>48,380000</MFTV>
    <PRGP>65,680000</PRGP>
    <ROSN>48,380000</ROSN>
    <SLOV>48,380000</SLOV>
    <SVIZ>48,380000</SVIZ>
    <BSP>48,380000</BSP>
    <MALT>65,680000</MALT>
    <XAUS>48,380000</XAUS>
    <XFRA>48,380000</XFRA>
  </Prezzi>
  <Prezzi>
    <Data>20150402</Data>
    <Mercato>MGP</Mercato>
    <Ora>2</Ora>
    <PUN>42,993320</PUN>
    <NAT>41,870000</NAT>
    <CNOR>41,870000</CNOR>
    <CSUD>41,870000</CSUD>
    <NORD>41,870000</NORD>
    <SARD>41,870000</SARD>
    <SICI>64,400000</SICI>
    <SUD>41,870000</SUD>
    <AUST>41,870000</AUST>
    <BRNN>41,870000</BRNN>
    <COAC>41,870000</COAC>
    <CORS>41,870000</CORS>
    <FOGN>41,870000</FOGN>
    <FRAN>41,870000</FRAN>
    <GREC>41,870000</GREC>
    <MFTV>41,870000</MFTV>
    <PRGP>64,400000</PRGP>
    <ROSN>41,870000</ROSN>
    <SLOV>41,870000</SLOV>
    <SVIZ>41,870000</SVIZ>
    <BSP>41,870000</BSP>
    <MALT>64,400000</MALT>
    <XAUS>41,870000</XAUS>
    <XFRA>41,870000</XFRA>
  </Prezzi>
  <Prezzi>
    <Data>20150402</Data>
    <Mercato>MGP</Mercato>
    <Ora>3</Ora>
    <PUN>38,985760</PUN>
    <NAT>37,640000</NAT>
    <CNOR>37,640000</CNOR>
    <CSUD>37,640000</CSUD>
    <NORD>37,640000</NORD>
    <SARD>37,640000</SARD>
    <SICI>64,400000</SICI>
    <SUD>37,640000</SUD>
    <AUST>37,640000</AUST>
    <BRNN>37,640000</BRNN>
    <COAC>37,640000</COAC>
    <CORS>37,640000</CORS>
    <FOGN>37,640000</FOGN>
    <FRAN>37,640000</FRAN>
    <GREC>37,640000</GREC>
    <MFTV>37,640000</MFTV>
    <PRGP>64,400000</PRGP>
    <ROSN>37,640000</ROSN>
    <SLOV>37,640000</SLOV>
    <SVIZ>37,640000</SVIZ>
    <BSP>37,640000</BSP>
    <MALT>64,400000</MALT>
    <XAUS>37,640000</XAUS>
    <XFRA>37,640000</XFRA>
  </Prezzi>
  <Prezzi>
    <Data>20150402</Data>
    <Mercato>MGP</Mercato>
    <Ora>4</Ora>
    <PUN>34,536790</PUN>
    <NAT>35,330000</NAT>
    <CNOR>33,020000</CNOR>
    <CSUD>33,020000</CSUD>
    <NORD>33,020000</NORD>
    <SARD>33,020000</SARD>
    <SICI>64,400000</SICI>
    <SUD>33,020000</SUD>
    <AUST>33,020000</AUST>
    <BRNN>33,020000</BRNN>
    <COAC>33,020000</COAC>
    <CORS>33,020000</CORS>
    <FOGN>33,020000</FOGN>
    <FRAN>33,020000</FRAN>
    <GREC>33,020000</GREC>
    <MFTV>33,020000</MFTV>
    <PRGP>64,400000</PRGP>
    <ROSN>33,020000</ROSN>
    <SLOV>33,020000</SLOV>
    <SVIZ>33,020000</SVIZ>
    <BSP>33,020000</BSP>
    <MALT>64,400000</MALT>
    <XAUS>33,020000</XAUS>
    <XFRA>33,020000</XFRA>
  </Prezzi>
  <Prezzi>
    <Data>20150402</Data>
    <Mercato>MGP</Mercato>
    <Ora>5</Ora>
    <PUN>38,728310</PUN>
    <NAT>37,640000</NAT>
    <CNOR>37,340000</CNOR>
    <CSUD>37,340000</CSUD>
    <NORD>37,340000</NORD>
    <SARD>37,340000</SARD>
    <SICI>65,680000</SICI>
    <SUD>37,340000</SUD>
    <AUST>37,340000</AUST>
    <BRNN>37,340000</BRNN>
    <COAC>37,340000</COAC>
    <CORS>37,340000</CORS>
    <FOGN>37,340000</FOGN>
    <FRAN>37,340000</FRAN>
    <GREC>37,340000</GREC>
    <MFTV>37,340000</MFTV>
    <PRGP>65,680000</PRGP>
    <ROSN>37,340000</ROSN>
    <SLOV>37,340000</SLOV>
    <SVIZ>37,340000</SVIZ>
    <BSP>37,340000</BSP>
    <MALT>65,680000</MALT>
    <XAUS>37,340000</XAUS>
    <XFRA>37,340000</XFRA>
  </Prezzi>
  <Prezzi>
    <Data>20150402</Data>
    <Mercato>MGP</Mercato>
    <Ora>6</Ora>
    <PUN>42,901330</PUN>
    <NAT>41,870000</NAT>
    <CNOR>41,730000</CNOR>
    <CSUD>41,730000</CSUD>
    <NORD>41,730000</NORD>
    <SARD>41,730000</SARD>
    <SICI>65,680000</SICI>
    <SUD>41,730000</SUD>
    <AUST>41,730000</AUST>
    <BRNN>41,730000</BRNN>
    <COAC>41,730000</COAC>
    <CORS>41,730000</CORS>
    <FOGN>41,730000</FOGN>
    <FRAN>41,730000</FRAN>
    <GREC>41,730000</GREC>
    <MFTV>41,730000</MFTV>
    <PRGP>65,680000</PRGP>
    <ROSN>41,730000</ROSN>
    <SLOV>41,730000</SLOV>
    <SVIZ>41,730000</SVIZ>
    <BSP>41,730000</BSP>
    <MALT>65,680000</MALT>
    <XAUS>41,730000</XAUS>
    <XFRA>41,730000</XFRA>
  </Prezzi>
  <Prezzi>
    <Data>20150402</Data>
    <Mercato>MGP</Mercato>
    <Ora>7</Ora>
    <PUN>52,666620</PUN>
    <NAT>53,980000</NAT>
    <CNOR>52,000000</CNOR>
    <CSUD>52,000000</CSUD>
    <NORD>52,000000</NORD>
    <SARD>52,000000</SARD>
    <SICI>65,680000</SICI>
    <SUD>52,000000</SUD>
    <AUST>52,000000</AUST>
    <BRNN>52,000000</BRNN>
    <COAC>52,000000</COAC>
    <CORS>52,000000</CORS>
    <FOGN>52,000000</FOGN>
    <FRAN>52,000000</FRAN>
    <GREC>52,000000</GREC>
    <MFTV>52,000000</MFTV>
    <PRGP>65,680000</PRGP>
    <ROSN>52,000000</ROSN>
    <SLOV>52,000000</SLOV>
    <SVIZ>52,000000</SVIZ>
    <BSP>52,000000</BSP>
    <MALT>65,680000</MALT>
    <XAUS>52,000000</XAUS>
    <XFRA>52,000000</XFRA>
  </Prezzi>
  <Prezzi>
    <Data>20150402</Data>
    <Mercato>MGP</Mercato>
    <Ora>8</Ora>
    <PUN>58,635380</PUN>
    <NAT>59,990000</NAT>
    <CNOR>58,200000</CNOR>
    <CSUD>58,200000</CSUD>
    <NORD>58,200000</NORD>
    <SARD>58,200000</SARD>
    <SICI>67,560000</SICI>
    <SUD>58,200000</SUD>
    <AUST>58,200000</AUST>
    <BRNN>58,200000</BRNN>
    <COAC>58,200000</COAC>
    <CORS>58,200000</CORS>
    <FOGN>58,200000</FOGN>
    <FRAN>58,200000</FRAN>
    <GREC>58,200000</GREC>
    <MFTV>58,200000</MFTV>
    <PRGP>67,560000</PRGP>
    <ROSN>58,200000</ROSN>
    <SLOV>58,200000</SLOV>
    <SVIZ>58,200000</SVIZ>
    <BSP>58,200000</BSP>
    <MALT>67,560000</MALT>
    <XAUS>58,200000</XAUS>
    <XFRA>58,200000</XFRA>
  </Prezzi>
  <Prezzi>
    <Data>20150402</Data>
    <Mercato>MGP</Mercato>
    <Ora>9</Ora>
    <PUN>64,157560</PUN>
    <NAT>66,700000</NAT>
    <CNOR>63,990000</CNOR>
    <CSUD>63,990000</CSUD>
    <NORD>63,990000</NORD>
    <SARD>63,990000</SARD>
    <SICI>67,560000</SICI>
    <SUD>63,990000</SUD>
    <AUST>63,990000</AUST>
    <BRNN>63,990000</BRNN>
    <COAC>63,990000</COAC>
    <CORS>63,990000</CORS>
    <FOGN>63,990000</FOGN>
    <FRAN>63,990000</FRAN>
    <GREC>63,990000</GREC>
    <MFTV>63,990000</MFTV>
    <PRGP>67,560000</PRGP>
    <ROSN>63,990000</ROSN>
    <SLOV>63,990000</SLOV>
    <SVIZ>63,990000</SVIZ>
    <BSP>63,990000</BSP>
    <MALT>67,560000</MALT>
    <XAUS>63,990000</XAUS>
    <XFRA>63,990000</XFRA>
  </Prezzi>
  <Prezzi>
    <Data>20150402</Data>
    <Mercato>MGP</Mercato>
    <Ora>10</Ora>
    <PUN>60,733800</PUN>
    <NAT>60,990000</NAT>
    <CNOR>60,990000</CNOR>
    <CSUD>60,990000</CSUD>
    <NORD>60,990000</NORD>
    <SARD>60,990000</SARD>
    <SICI>67,560000</SICI>
    <SUD>54,860000</SUD>
    <AUST>60,990000</AUST>
    <BRNN>54,860000</BRNN>
    <COAC>60,990000</COAC>
    <CORS>60,990000</CORS>
    <FOGN>54,860000</FOGN>
    <FRAN>60,990000</FRAN>
    <GREC>54,860000</GREC>
    <MFTV>60,990000</MFTV>
    <PRGP>67,560000</PRGP>
    <ROSN>54,860000</ROSN>
    <SLOV>60,990000</SLOV>
    <SVIZ>60,990000</SVIZ>
    <BSP>60,990000</BSP>
    <MALT>67,560000</MALT>
    <XAUS>60,990000</XAUS>
    <XFRA>60,990000</XFRA>
  </Prezzi>
  <Prezzi>
    <Data>20150402</Data>
    <Mercato>MGP</Mercato>
    <Ora>11</Ora>
    <PUN>57,553440</PUN>
    <NAT>57,350000</NAT>
    <CNOR>57,350000</CNOR>
    <CSUD>57,350000</CSUD>
    <NORD>57,350000</NORD>
    <SARD>57,350000</SARD>
    <SICI>67,560000</SICI>
    <SUD>54,520000</SUD>
    <AUST>57,350000</AUST>
    <BRNN>54,520000</BRNN>
    <COAC>57,350000</COAC>
    <CORS>57,350000</CORS>
    <FOGN>54,520000</FOGN>
    <FRAN>57,350000</FRAN>
    <GREC>54,520000</GREC>
    <MFTV>57,350000</MFTV>
    <PRGP>67,560000</PRGP>
    <ROSN>54,520000</ROSN>
    <SLOV>57,350000</SLOV>
    <SVIZ>57,350000</SVIZ>
    <BSP>57,350000</BSP>
    <MALT>67,560000</MALT>
    <XAUS>57,350000</XAUS>
    <XFRA>57,350000</XFRA>
  </Prezzi>
  <Prezzi>
    <Data>20150402</Data>
    <Mercato>MGP</Mercato>
    <Ora>12</Ora>
    <PUN>53,904860</PUN>
    <NAT>53,570000</NAT>
    <CNOR>53,550000</CNOR>
    <CSUD>53,550000</CSUD>
    <NORD>53,550000</NORD>
    <SARD>53,550000</SARD>
    <SICI>65,680000</SICI>
    <SUD>51,570000</SUD>
    <AUST>53,550000</AUST>
    <BRNN>51,570000</BRNN>
    <COAC>53,550000</COAC>
    <CORS>53,550000</CORS>
    <FOGN>51,570000</FOGN>
    <FRAN>53,550000</FRAN>
    <GREC>51,570000</GREC>
    <MFTV>53,550000</MFTV>
    <PRGP>65,680000</PRGP>
    <ROSN>51,570000</ROSN>
    <SLOV>53,550000</SLOV>
    <SVIZ>53,550000</SVIZ>
    <BSP>53,550000</BSP>
    <MALT>65,680000</MALT>
    <XAUS>53,550000</XAUS>
    <XFRA>53,550000</XFRA>
  </Prezzi>
  <Prezzi>
    <Data>20150402</Data>
    <Mercato>MGP</Mercato>
    <Ora>13</Ora>
    <PUN>49,772420</PUN>
    <NAT>49,150000</NAT>
    <CNOR>49,010000</CNOR>
    <CSUD>49,010000</CSUD>
    <NORD>49,010000</NORD>
    <SARD>49,010000</SARD>
    <SICI>65,680000</SICI>
    <SUD>49,010000</SUD>
    <AUST>49,010000</AUST>
    <BRNN>49,010000</BRNN>
    <COAC>49,010000</COAC>
    <CORS>49,010000</CORS>
    <FOGN>49,010000</FOGN>
    <FRAN>49,010000</FRAN>
    <GREC>49,010000</GREC>
    <MFTV>49,010000</MFTV>
    <PRGP>65,680000</PRGP>
    <ROSN>49,010000</ROSN>
    <SLOV>49,010000</SLOV>
    <SVIZ>49,010000</SVIZ>
    <BSP>49,010000</BSP>
    <MALT>65,680000</MALT>
    <XAUS>49,010000</XAUS>
    <XFRA>49,010000</XFRA>
  </Prezzi>
  <Prezzi>
    <Data>20150402</Data>
    <Mercato>MGP</Mercato>
    <Ora>14</Ora>
    <PUN>46,992750</PUN>
    <NAT>45,640000</NAT>
    <CNOR>42,330000</CNOR>
    <CSUD>42,330000</CSUD>
    <NORD>48,498830</NORD>
    <SARD>42,330000</SARD>
    <SICI>65,680000</SICI>
    <SUD>42,330000</SUD>
    <AUST>48,498830</AUST>
    <BRNN>42,330000</BRNN>
    <COAC>42,330000</COAC>
    <CORS>42,330000</CORS>
    <FOGN>42,330000</FOGN>
    <FRAN>48,498830</FRAN>
    <GREC>42,330000</GREC>
    <MFTV>48,498830</MFTV>
    <PRGP>65,680000</PRGP>
    <ROSN>42,330000</ROSN>
    <SLOV>48,498830</SLOV>
    <SVIZ>48,498830</SVIZ>
    <BSP>48,498830</BSP>
    <MALT>65,680000</MALT>
    <XAUS>48,498830</XAUS>
    <XFRA>48,498830</XFRA>
  </Prezzi>
  <Prezzi>
    <Data>20150402</Data>
    <Mercato>MGP</Mercato>
    <Ora>15</Ora>
    <PUN>48,933040</PUN>
    <NAT>48,460000</NAT>
    <CNOR>46,640000</CNOR>
    <CSUD>46,640000</CSUD>
    <NORD>49,644020</NORD>
    <SARD>46,640000</SARD>
    <SICI>65,680000</SICI>
    <SUD>43,250000</SUD>
    <AUST>49,644020</AUST>
    <BRNN>43,250000</BRNN>
    <COAC>46,640000</COAC>
    <CORS>46,640000</CORS>
    <FOGN>43,250000</FOGN>
    <FRAN>49,644020</FRAN>
    <GREC>43,250000</GREC>
    <MFTV>49,644020</MFTV>
    <PRGP>65,680000</PRGP>
    <ROSN>43,250000</ROSN>
    <SLOV>49,644020</SLOV>
    <SVIZ>49,644020</SVIZ>
    <BSP>49,644020</BSP>
    <MALT>65,680000</MALT>
    <XAUS>49,644020</XAUS>
    <XFRA>49,644020</XFRA>
  </Prezzi>
  <Prezzi>
    <Data>20150402</Data>
    <Mercato>MGP</Mercato>
    <Ora>16</Ora>
    <PUN>48,294460</PUN>
    <NAT>48,640000</NAT>
    <CNOR>43,250000</CNOR>
    <CSUD>43,250000</CSUD>
    <NORD>50,000000</NORD>
    <SARD>43,250000</SARD>
    <SICI>65,680000</SICI>
    <SUD>43,250000</SUD>
    <AUST>50,000000</AUST>
    <BRNN>43,250000</BRNN>
    <COAC>43,250000</COAC>
    <CORS>43,250000</CORS>
    <FOGN>43,250000</FOGN>
    <FRAN>50,000000</FRAN>
    <GREC>43,250000</GREC>
    <MFTV>50,000000</MFTV>
    <PRGP>65,680000</PRGP>
    <ROSN>43,250000</ROSN>
    <SLOV>50,000000</SLOV>
    <SVIZ>50,000000</SVIZ>
    <BSP>50,000000</BSP>
    <MALT>65,680000</MALT>
    <XAUS>50,000000</XAUS>
    <XFRA>50,000000</XFRA>
  </Prezzi>
  <Prezzi>
    <Data>20150402</Data>
    <Mercato>MGP</Mercato>
    <Ora>17</Ora>
    <PUN>49,559790</PUN>
    <NAT>50,040000</NAT>
    <CNOR>50,040000</CNOR>
    <CSUD>45,460000</CSUD>
    <NORD>50,040000</NORD>
    <SARD>45,460000</SARD>
    <SICI>65,680000</SICI>
    <SUD>45,460000</SUD>
    <AUST>50,040000</AUST>
    <BRNN>45,460000</BRNN>
    <COAC>45,460000</COAC>
    <CORS>50,040000</CORS>
    <FOGN>45,460000</FOGN>
    <FRAN>50,040000</FRAN>
    <GREC>45,460000</GREC>
    <MFTV>50,040000</MFTV>
    <PRGP>65,680000</PRGP>
    <ROSN>45,460000</ROSN>
    <SLOV>50,040000</SLOV>
    <SVIZ>50,040000</SVIZ>
    <BSP>50,040000</BSP>
    <MALT>65,680000</MALT>
    <XAUS>50,040000</XAUS>
    <XFRA>50,040000</XFRA>
  </Prezzi>
  <Prezzi>
    <Data>20150402</Data>
    <Mercato>MGP</Mercato>
    <Ora>18</Ora>
    <PUN>51,242560</PUN>
    <NAT>51,020000</NAT>
    <CNOR>50,000000</CNOR>
    <CSUD>50,000000</CSUD>
    <NORD>50,680000</NORD>
    <SARD>50,000000</SARD>
    <SICI>67,560000</SICI>
    <SUD>50,000000</SUD>
    <AUST>50,680000</AUST>
    <BRNN>50,000000</BRNN>
    <COAC>50,000000</COAC>
    <CORS>50,000000</CORS>
    <FOGN>50,000000</FOGN>
    <FRAN>50,680000</FRAN>
    <GREC>50,000000</GREC>
    <MFTV>50,680000</MFTV>
    <PRGP>67,560000</PRGP>
    <ROSN>50,000000</ROSN>
    <SLOV>50,680000</SLOV>
    <SVIZ>50,680000</SVIZ>
    <BSP>50,680000</BSP>
    <MALT>67,560000</MALT>
    <XAUS>50,680000</XAUS>
    <XFRA>50,680000</XFRA>
  </Prezzi>
  <Prezzi>
    <Data>20150402</Data>
    <Mercato>MGP</Mercato>
    <Ora>19</Ora>
    <PUN>53,029130</PUN>
    <NAT>53,460000</NAT>
    <CNOR>52,250000</CNOR>
    <CSUD>52,250000</CSUD>
    <NORD>52,250000</NORD>
    <SARD>52,250000</SARD>
    <SICI>67,560000</SICI>
    <SUD>52,250000</SUD>
    <AUST>52,250000</AUST>
    <BRNN>52,250000</BRNN>
    <COAC>52,250000</COAC>
    <CORS>52,250000</CORS>
    <FOGN>52,250000</FOGN>
    <FRAN>52,250000</FRAN>
    <GREC>52,250000</GREC>
    <MFTV>52,250000</MFTV>
    <PRGP>67,560000</PRGP>
    <ROSN>52,250000</ROSN>
    <SLOV>52,250000</SLOV>
    <SVIZ>52,250000</SVIZ>
    <BSP>52,250000</BSP>
    <MALT>67,560000</MALT>
    <XAUS>52,250000</XAUS>
    <XFRA>52,250000</XFRA>
  </Prezzi>
  <Prezzi>
    <Data>20150402</Data>
    <Mercato>MGP</Mercato>
    <Ora>20</Ora>
    <PUN>61,337510</PUN>
    <NAT>65,140000</NAT>
    <CNOR>60,990000</CNOR>
    <CSUD>60,990000</CSUD>
    <NORD>60,990000</NORD>
    <SARD>60,990000</SARD>
    <SICI>67,560000</SICI>
    <SUD>60,990000</SUD>
    <AUST>60,990000</AUST>
    <BRNN>60,990000</BRNN>
    <COAC>60,990000</COAC>
    <CORS>60,990000</CORS>
    <FOGN>60,990000</FOGN>
    <FRAN>60,990000</FRAN>
    <GREC>60,990000</GREC>
    <MFTV>60,990000</MFTV>
    <PRGP>67,560000</PRGP>
    <ROSN>60,990000</ROSN>
    <SLOV>60,990000</SLOV>
    <SVIZ>60,990000</SVIZ>
    <BSP>60,990000</BSP>
    <MALT>67,560000</MALT>
    <XAUS>60,990000</XAUS>
    <XFRA>60,990000</XFRA>
  </Prezzi>
  <Prezzi>
    <Data>20150402</Data>
    <Mercato>MGP</Mercato>
    <Ora>21</Ora>
    <PUN>65,428290</PUN>
    <NAT>65,680000</NAT>
    <CNOR>63,919590</CNOR>
    <CSUD>63,919590</CSUD>
    <NORD>63,919590</NORD>
    <SARD>63,919590</SARD>
    <SICI>91,010000</SICI>
    <SUD>63,919590</SUD>
    <AUST>63,919590</AUST>
    <BRNN>63,919590</BRNN>
    <COAC>63,919590</COAC>
    <CORS>63,919590</CORS>
    <FOGN>63,919590</FOGN>
    <FRAN>63,919590</FRAN>
    <GREC>63,919590</GREC>
    <MFTV>63,919590</MFTV>
    <PRGP>91,010000</PRGP>
    <ROSN>63,919590</ROSN>
    <SLOV>63,919590</SLOV>
    <SVIZ>63,919590</SVIZ>
    <BSP>63,919590</BSP>
    <MALT>91,010000</MALT>
    <XAUS>63,919590</XAUS>
    <XFRA>63,919590</XFRA>
  </Prezzi>
  <Prezzi>
    <Data>20150402</Data>
    <Mercato>MGP</Mercato>
    <Ora>22</Ora>
    <PUN>57,583810</PUN>
    <NAT>60,000000</NAT>
    <CNOR>55,690000</CNOR>
    <CSUD>55,690000</CSUD>
    <NORD>55,690000</NORD>
    <SARD>55,690000</SARD>
    <SICI>91,010000</SICI>
    <SUD>54,540000</SUD>
    <AUST>55,690000</AUST>
    <BRNN>54,540000</BRNN>
    <COAC>55,690000</COAC>
    <CORS>55,690000</CORS>
    <FOGN>54,540000</FOGN>
    <FRAN>55,690000</FRAN>
    <GREC>54,540000</GREC>
    <MFTV>55,690000</MFTV>
    <PRGP>91,010000</PRGP>
    <ROSN>54,540000</ROSN>
    <SLOV>55,690000</SLOV>
    <SVIZ>55,690000</SVIZ>
    <BSP>55,690000</BSP>
    <MALT>91,010000</MALT>
    <XAUS>55,690000</XAUS>
    <XFRA>55,690000</XFRA>
  </Prezzi>
  <Prezzi>
    <Data>20150402</Data>
    <Mercato>MGP</Mercato>
    <Ora>23</Ora>
    <PUN>54,968480</PUN>
    <NAT>56,050000</NAT>
    <CNOR>54,220000</CNOR>
    <CSUD>54,220000</CSUD>
    <NORD>54,220000</NORD>
    <SARD>54,220000</SARD>
    <SICI>67,560000</SICI>
    <SUD>54,220000</SUD>
    <AUST>54,220000</AUST>
    <BRNN>54,220000</BRNN>
    <COAC>54,220000</COAC>
    <CORS>54,220000</CORS>
    <FOGN>54,220000</FOGN>
    <FRAN>54,220000</FRAN>
    <GREC>54,220000</GREC>
    <MFTV>54,220000</MFTV>
    <PRGP>67,560000</PRGP>
    <ROSN>54,220000</ROSN>
    <SLOV>54,220000</SLOV>
    <SVIZ>54,220000</SVIZ>
    <BSP>54,220000</BSP>
    <MALT>67,560000</MALT>
    <XAUS>54,220000</XAUS>
    <XFRA>54,220000</XFRA>
  </Prezzi>
  <Prezzi>
    <Data>20150402</Data>
    <Mercato>MGP</Mercato>
    <Ora>24</Ora>
    <PUN>51,914320</PUN>
    <NAT>52,500000</NAT>
    <CNOR>51,020000</CNOR>
    <CSUD>51,020000</CSUD>
    <NORD>51,020000</NORD>
    <SARD>51,020000</SARD>
    <SICI>67,560000</SICI>
    <SUD>51,020000</SUD>
    <AUST>51,020000</AUST>
    <BRNN>51,020000</BRNN>
    <COAC>51,020000</COAC>
    <CORS>51,020000</CORS>
    <FOGN>51,020000</FOGN>
    <FRAN>51,020000</FRAN>
    <GREC>51,020000</GREC>
    <MFTV>51,020000</MFTV>
    <PRGP>67,560000</PRGP>
    <ROSN>51,020000</ROSN>
    <SLOV>51,020000</SLOV>
    <SVIZ>51,020000</SVIZ>
    <BSP>51,020000</BSP>
    <MALT>67,560000</MALT>
    <XAUS>51,020000</XAUS>
    <XFRA>51,020000</XFRA>
  </Prezzi>
</NewDataSet>