<?xml version="1.0" standalone="yes"?>
<NewDataSet>
  <xs:schema id="NewDataSet" xmlns="" xmlns:xs="http://www.w3.org/2001/XMLSchema" xmlns:msdata="urn:schemas-microsoft-com:xml-msdata">
    <xs:element name="NewDataSet" msdata:IsDataSet="true" msdata:UseCurrentLocale="true">
      <xs:complexType>
        <xs:choice minOccurs="0" maxOccurs="unbounded">
          <xs:element name="Prezzi">
            <xs:complexType>
              <xs:sequence>
                <xs:element name="Data" type="xs:string" minOccurs="0" />
                <xs:element name="Mercato" type="xs:string" minOccurs="0" />
                <xs:element name="Ora" type="xs:string" minOccurs="0" />
                <xs:element name="PUN" type="xs:string" minOccurs="0" />
                <xs:element name="NAT" type="xs:string" minOccurs="0" />
                <xs:element name="CNOR" type="xs:string" minOccurs="0" />
                <xs:element name="CSUD" type="xs:string" minOccurs="0" />
                <xs:element name="NORD" type="xs:string" minOccurs="0" />
                <xs:element name="SARD" type="xs:string" minOccurs="0" />
                <xs:element name="SICI" type="xs:string" minOccurs="0" />
                <xs:element name="SUD" type="xs:string" minOccurs="0" />
                <xs:element name="AUST" type="xs:string" minOccurs="0" />
                <xs:element name="BRNN" type="xs:string" minOccurs="0" />
                <xs:element name="COAC" type="xs:string" minOccurs="0" />
                <xs:element name="CORS" type="xs:string" minOccurs="0" />
                <xs:element name="FOGN" type="xs:string" minOccurs="0" />
                <xs:element name="FRAN" type="xs:string" minOccurs="0" />
                <xs:element name="GREC" type="xs:string" minOccurs="0" />
                <xs:element name="MFTV" type="xs:string" minOccurs="0" />
                <xs:element name="PRGP" type="xs:string" minOccurs="0" />
                <xs:element name="ROSN" type="xs:string" minOccurs="0" />
                <xs:element name="SLOV" type="xs:string" minOccurs="0" />
                <xs:element name="SVIZ" type="xs:string" minOccurs="0" />
                <xs:element name="BSP" type="xs:string" minOccurs="0" />
                <xs:element name="MALT" type="xs:string" minOccurs="0" />
                <xs:element name="XAUS" type="xs:string" minOccurs="0" />
                <xs:element name="XFRA" type="xs:string" minOccurs="0" />
              </xs:sequence>
            </xs:complexType>
          </xs:element>
        </xs:choice>
      </xs:complexType>
    </xs:element>
  </xs:schema>
  <Prezzi>
    <Data>20150419</Data>
    <Mercato>MGP</Mercato>
    <Ora>1</Ora>
    <PUN>58,405650</PUN>
    <NAT>60,910000</NAT>
    <CNOR>58,250000</CNOR>
    <CSUD>58,250000</CSUD>
    <NORD>58,250000</NORD>
    <SARD>58,250000</SARD>
    <SICI>60,910000</SICI>
    <SUD>58,250000</SUD>
    <AUST>58,250000</AUST>
    <BRNN>58,250000</BRNN>
    <COAC>58,250000</COAC>
    <CORS>58,250000</CORS>
    <FOGN>58,250000</FOGN>
    <FRAN>58,250000</FRAN>
    <GREC>58,250000</GREC>
    <MFTV>58,250000</MFTV>
    <PRGP>60,910000</PRGP>
    <ROSN>58,250000</ROSN>
    <SLOV>58,250000</SLOV>
    <SVIZ>58,250000</SVIZ>
    <BSP>58,250000</BSP>
    <MALT>60,910000</MALT>
    <XAUS>58,250000</XAUS>
    <XFRA>58,250000</XFRA>
  </Prezzi>
  <Prezzi>
    <Data>20150419</Data>
    <Mercato>MGP</Mercato>
    <Ora>2</Ora>
    <PUN>49,399250</PUN>
    <NAT>49,470000</NAT>
    <CNOR>48,700000</CNOR>
    <CSUD>48,700000</CSUD>
    <NORD>48,700000</NORD>
    <SARD>48,700000</SARD>
    <SICI>60,910000</SICI>
    <SUD>48,700000</SUD>
    <AUST>48,700000</AUST>
    <BRNN>48,700000</BRNN>
    <COAC>48,700000</COAC>
    <CORS>48,700000</CORS>
    <FOGN>48,700000</FOGN>
    <FRAN>48,700000</FRAN>
    <GREC>48,700000</GREC>
    <MFTV>48,700000</MFTV>
    <PRGP>60,910000</PRGP>
    <ROSN>48,700000</ROSN>
    <SLOV>48,700000</SLOV>
    <SVIZ>48,700000</SVIZ>
    <BSP>48,700000</BSP>
    <MALT>60,910000</MALT>
    <XAUS>48,700000</XAUS>
    <XFRA>48,700000</XFRA>
  </Prezzi>
  <Prezzi>
    <Data>20150419</Data>
    <Mercato>MGP</Mercato>
    <Ora>3</Ora>
    <PUN>46,090980</PUN>
    <NAT>46,490000</NAT>
    <CNOR>45,210000</CNOR>
    <CSUD>45,210000</CSUD>
    <NORD>45,210000</NORD>
    <SARD>45,210000</SARD>
    <SICI>60,910000</SICI>
    <SUD>45,210000</SUD>
    <AUST>45,210000</AUST>
    <BRNN>45,210000</BRNN>
    <COAC>45,210000</COAC>
    <CORS>45,210000</CORS>
    <FOGN>45,210000</FOGN>
    <FRAN>45,210000</FRAN>
    <GREC>45,210000</GREC>
    <MFTV>45,210000</MFTV>
    <PRGP>60,910000</PRGP>
    <ROSN>45,210000</ROSN>
    <SLOV>45,210000</SLOV>
    <SVIZ>45,210000</SVIZ>
    <BSP>45,210000</BSP>
    <MALT>60,910000</MALT>
    <XAUS>45,210000</XAUS>
    <XFRA>45,210000</XFRA>
  </Prezzi>
  <Prezzi>
    <Data>20150419</Data>
    <Mercato>MGP</Mercato>
    <Ora>4</Ora>
    <PUN>40,409810</PUN>
    <NAT>39,550000</NAT>
    <CNOR>39,200000</CNOR>
    <CSUD>39,200000</CSUD>
    <NORD>39,200000</NORD>
    <SARD>39,200000</SARD>
    <SICI>60,910000</SICI>
    <SUD>39,200000</SUD>
    <AUST>39,200000</AUST>
    <BRNN>39,200000</BRNN>
    <COAC>39,200000</COAC>
    <CORS>39,200000</CORS>
    <FOGN>39,200000</FOGN>
    <FRAN>39,200000</FRAN>
    <GREC>39,200000</GREC>
    <MFTV>39,200000</MFTV>
    <PRGP>60,910000</PRGP>
    <ROSN>39,200000</ROSN>
    <SLOV>39,200000</SLOV>
    <SVIZ>39,200000</SVIZ>
    <BSP>39,200000</BSP>
    <MALT>60,910000</MALT>
    <XAUS>39,200000</XAUS>
    <XFRA>39,200000</XFRA>
  </Prezzi>
  <Prezzi>
    <Data>20150419</Data>
    <Mercato>MGP</Mercato>
    <Ora>5</Ora>
    <PUN>39,860000</PUN>
    <NAT>39,550000</NAT>
    <CNOR>39,111410</CNOR>
    <CSUD>39,111410</CSUD>
    <NORD>39,111410</NORD>
    <SARD>39,111410</SARD>
    <SICI>52,990000</SICI>
    <SUD>39,111410</SUD>
    <AUST>39,111410</AUST>
    <BRNN>39,111410</BRNN>
    <COAC>39,111410</COAC>
    <CORS>39,111410</CORS>
    <FOGN>39,111410</FOGN>
    <FRAN>39,111410</FRAN>
    <GREC>39,111410</GREC>
    <MFTV>39,111410</MFTV>
    <PRGP>52,990000</PRGP>
    <ROSN>39,111410</ROSN>
    <SLOV>39,111410</SLOV>
    <SVIZ>39,111410</SVIZ>
    <BSP>39,111410</BSP>
    <MALT>52,990000</MALT>
    <XAUS>39,111410</XAUS>
    <XFRA>39,111410</XFRA>
  </Prezzi>
  <Prezzi>
    <Data>20150419</Data>
    <Mercato>MGP</Mercato>
    <Ora>6</Ora>
    <PUN>42,936960</PUN>
    <NAT>41,900000</NAT>
    <CNOR>41,900000</CNOR>
    <CSUD>41,900000</CSUD>
    <NORD>41,900000</NORD>
    <SARD>41,900000</SARD>
    <SICI>60,910000</SICI>
    <SUD>41,900000</SUD>
    <AUST>41,900000</AUST>
    <BRNN>41,900000</BRNN>
    <COAC>41,900000</COAC>
    <CORS>41,900000</CORS>
    <FOGN>41,900000</FOGN>
    <FRAN>41,900000</FRAN>
    <GREC>41,900000</GREC>
    <MFTV>41,900000</MFTV>
    <PRGP>60,910000</PRGP>
    <ROSN>41,900000</ROSN>
    <SLOV>41,900000</SLOV>
    <SVIZ>41,900000</SVIZ>
    <BSP>41,900000</BSP>
    <MALT>60,910000</MALT>
    <XAUS>41,900000</XAUS>
    <XFRA>41,900000</XFRA>
  </Prezzi>
  <Prezzi>
    <Data>20150419</Data>
    <Mercato>MGP</Mercato>
    <Ora>7</Ora>
    <PUN>42,950390</PUN>
    <NAT>41,990000</NAT>
    <CNOR>41,900000</CNOR>
    <CSUD>41,900000</CSUD>
    <NORD>41,900000</NORD>
    <SARD>41,900000</SARD>
    <SICI>60,910000</SICI>
    <SUD>41,900000</SUD>
    <AUST>41,900000</AUST>
    <BRNN>41,900000</BRNN>
    <COAC>41,900000</COAC>
    <CORS>41,900000</CORS>
    <FOGN>41,900000</FOGN>
    <FRAN>41,900000</FRAN>
    <GREC>41,900000</GREC>
    <MFTV>41,900000</MFTV>
    <PRGP>60,910000</PRGP>
    <ROSN>41,900000</ROSN>
    <SLOV>41,900000</SLOV>
    <SVIZ>41,900000</SVIZ>
    <BSP>41,900000</BSP>
    <MALT>60,910000</MALT>
    <XAUS>41,900000</XAUS>
    <XFRA>41,900000</XFRA>
  </Prezzi>
  <Prezzi>
    <Data>20150419</Data>
    <Mercato>MGP</Mercato>
    <Ora>8</Ora>
    <PUN>40,771350</PUN>
    <NAT>41,900000</NAT>
    <CNOR>39,550000</CNOR>
    <CSUD>39,550000</CSUD>
    <NORD>39,550000</NORD>
    <SARD>39,550000</SARD>
    <SICI>60,910000</SICI>
    <SUD>39,550000</SUD>
    <AUST>39,550000</AUST>
    <BRNN>39,550000</BRNN>
    <COAC>39,550000</COAC>
    <CORS>39,550000</CORS>
    <FOGN>39,550000</FOGN>
    <FRAN>39,550000</FRAN>
    <GREC>39,550000</GREC>
    <MFTV>39,550000</MFTV>
    <PRGP>60,910000</PRGP>
    <ROSN>39,550000</ROSN>
    <SLOV>39,550000</SLOV>
    <SVIZ>39,550000</SVIZ>
    <BSP>39,550000</BSP>
    <MALT>60,910000</MALT>
    <XAUS>39,550000</XAUS>
    <XFRA>39,550000</XFRA>
  </Prezzi>
  <Prezzi>
    <Data>20150419</Data>
    <Mercato>MGP</Mercato>
    <Ora>9</Ora>
    <PUN>41,288340</PUN>
    <NAT>41,900000</NAT>
    <CNOR>40,050000</CNOR>
    <CSUD>40,050000</CSUD>
    <NORD>40,050000</NORD>
    <SARD>40,050000</SARD>
    <SICI>60,910000</SICI>
    <SUD>40,050000</SUD>
    <AUST>40,050000</AUST>
    <BRNN>40,050000</BRNN>
    <COAC>40,050000</COAC>
    <CORS>40,050000</CORS>
    <FOGN>40,050000</FOGN>
    <FRAN>40,050000</FRAN>
    <GREC>40,050000</GREC>
    <MFTV>40,050000</MFTV>
    <PRGP>60,910000</PRGP>
    <ROSN>40,050000</ROSN>
    <SLOV>40,050000</SLOV>
    <SVIZ>40,050000</SVIZ>
    <BSP>40,050000</BSP>
    <MALT>60,910000</MALT>
    <XAUS>40,050000</XAUS>
    <XFRA>40,050000</XFRA>
  </Prezzi>
  <Prezzi>
    <Data>20150419</Data>
    <Mercato>MGP</Mercato>
    <Ora>10</Ora>
    <PUN>45,560000</PUN>
    <NAT>47,700000</NAT>
    <CNOR>44,577730</CNOR>
    <CSUD>44,577730</CSUD>
    <NORD>44,577730</NORD>
    <SARD>44,577730</SARD>
    <SICI>60,910000</SICI>
    <SUD>44,577730</SUD>
    <AUST>44,577730</AUST>
    <BRNN>44,577730</BRNN>
    <COAC>44,577730</COAC>
    <CORS>44,577730</CORS>
    <FOGN>44,577730</FOGN>
    <FRAN>44,577730</FRAN>
    <GREC>44,577730</GREC>
    <MFTV>44,577730</MFTV>
    <PRGP>60,910000</PRGP>
    <ROSN>44,577730</ROSN>
    <SLOV>44,577730</SLOV>
    <SVIZ>44,577730</SVIZ>
    <BSP>44,577730</BSP>
    <MALT>60,910000</MALT>
    <XAUS>44,577730</XAUS>
    <XFRA>44,577730</XFRA>
  </Prezzi>
  <Prezzi>
    <Data>20150419</Data>
    <Mercato>MGP</Mercato>
    <Ora>11</Ora>
    <PUN>50,475810</PUN>
    <NAT>50,650000</NAT>
    <CNOR>49,800000</CNOR>
    <CSUD>49,800000</CSUD>
    <NORD>49,800000</NORD>
    <SARD>49,800000</SARD>
    <SICI>60,910000</SICI>
    <SUD>49,800000</SUD>
    <AUST>49,800000</AUST>
    <BRNN>49,800000</BRNN>
    <COAC>49,800000</COAC>
    <CORS>49,800000</CORS>
    <FOGN>49,800000</FOGN>
    <FRAN>49,800000</FRAN>
    <GREC>49,800000</GREC>
    <MFTV>49,800000</MFTV>
    <PRGP>60,910000</PRGP>
    <ROSN>49,800000</ROSN>
    <SLOV>49,800000</SLOV>
    <SVIZ>49,800000</SVIZ>
    <BSP>49,800000</BSP>
    <MALT>60,910000</MALT>
    <XAUS>49,800000</XAUS>
    <XFRA>49,800000</XFRA>
  </Prezzi>
  <Prezzi>
    <Data>20150419</Data>
    <Mercato>MGP</Mercato>
    <Ora>12</Ora>
    <PUN>46,701890</PUN>
    <NAT>48,000000</NAT>
    <CNOR>42,180000</CNOR>
    <CSUD>42,180000</CSUD>
    <NORD>48,460000</NORD>
    <SARD>42,180000</SARD>
    <SICI>60,910000</SICI>
    <SUD>42,180000</SUD>
    <AUST>48,460000</AUST>
    <BRNN>42,180000</BRNN>
    <COAC>42,180000</COAC>
    <CORS>42,180000</CORS>
    <FOGN>42,180000</FOGN>
    <FRAN>48,460000</FRAN>
    <GREC>42,180000</GREC>
    <MFTV>48,460000</MFTV>
    <PRGP>60,910000</PRGP>
    <ROSN>42,180000</ROSN>
    <SLOV>48,460000</SLOV>
    <SVIZ>48,460000</SVIZ>
    <BSP>48,460000</BSP>
    <MALT>60,910000</MALT>
    <XAUS>48,460000</XAUS>
    <XFRA>48,460000</XFRA>
  </Prezzi>
  <Prezzi>
    <Data>20150419</Data>
    <Mercato>MGP</Mercato>
    <Ora>13</Ora>
    <PUN>44,348440</PUN>
    <NAT>42,050000</NAT>
    <CNOR>41,900000</CNOR>
    <CSUD>41,900000</CSUD>
    <NORD>45,010000</NORD>
    <SARD>41,900000</SARD>
    <SICI>54,990000</SICI>
    <SUD>41,900000</SUD>
    <AUST>45,010000</AUST>
    <BRNN>41,900000</BRNN>
    <COAC>41,900000</COAC>
    <CORS>41,900000</CORS>
    <FOGN>41,900000</FOGN>
    <FRAN>45,010000</FRAN>
    <GREC>41,900000</GREC>
    <MFTV>45,010000</MFTV>
    <PRGP>54,990000</PRGP>
    <ROSN>41,900000</ROSN>
    <SLOV>45,010000</SLOV>
    <SVIZ>45,010000</SVIZ>
    <BSP>45,010000</BSP>
    <MALT>54,990000</MALT>
    <XAUS>45,010000</XAUS>
    <XFRA>45,010000</XFRA>
  </Prezzi>
  <Prezzi>
    <Data>20150419</Data>
    <Mercato>MGP</Mercato>
    <Ora>14</Ora>
    <PUN>33,330000</PUN>
    <NAT>31,120000</NAT>
    <CNOR>28,170000</CNOR>
    <CSUD>28,170000</CSUD>
    <NORD>37,918760</NORD>
    <SARD>28,170000</SARD>
    <SICI>28,170000</SICI>
    <SUD>28,170000</SUD>
    <AUST>37,918760</AUST>
    <BRNN>28,170000</BRNN>
    <COAC>28,170000</COAC>
    <CORS>28,170000</CORS>
    <FOGN>28,170000</FOGN>
    <FRAN>37,918760</FRAN>
    <GREC>28,170000</GREC>
    <MFTV>37,918760</MFTV>
    <PRGP>28,170000</PRGP>
    <ROSN>28,170000</ROSN>
    <SLOV>37,918760</SLOV>
    <SVIZ>37,918760</SVIZ>
    <BSP>37,918760</BSP>
    <MALT>28,170000</MALT>
    <XAUS>37,918760</XAUS>
    <XFRA>37,918760</XFRA>
  </Prezzi>
  <Prezzi>
    <Data>20150419</Data>
    <Mercato>MGP</Mercato>
    <Ora>15</Ora>
    <PUN>29,900000</PUN>
    <NAT>27,460000</NAT>
    <CNOR>22,480000</CNOR>
    <CSUD>22,480000</CSUD>
    <NORD>36,121080</NORD>
    <SARD>22,480000</SARD>
    <SICI>22,480000</SICI>
    <SUD>22,480000</SUD>
    <AUST>36,121080</AUST>
    <BRNN>22,480000</BRNN>
    <COAC>22,480000</COAC>
    <CORS>22,480000</CORS>
    <FOGN>22,480000</FOGN>
    <FRAN>36,121080</FRAN>
    <GREC>22,480000</GREC>
    <MFTV>36,121080</MFTV>
    <PRGP>22,480000</PRGP>
    <ROSN>22,480000</ROSN>
    <SLOV>36,121080</SLOV>
    <SVIZ>36,121080</SVIZ>
    <BSP>36,121080</BSP>
    <MALT>22,480000</MALT>
    <XAUS>36,121080</XAUS>
    <XFRA>36,121080</XFRA>
  </Prezzi>
  <Prezzi>
    <Data>20150419</Data>
    <Mercato>MGP</Mercato>
    <Ora>16</Ora>
    <PUN>34,060000</PUN>
    <NAT>35,170000</NAT>
    <CNOR>28,170000</CNOR>
    <CSUD>28,170000</CSUD>
    <NORD>39,025640</NORD>
    <SARD>28,170000</SARD>
    <SICI>28,170000</SICI>
    <SUD>28,170000</SUD>
    <AUST>39,025640</AUST>
    <BRNN>28,170000</BRNN>
    <COAC>28,170000</COAC>
    <CORS>28,170000</CORS>
    <FOGN>28,170000</FOGN>
    <FRAN>39,025640</FRAN>
    <GREC>28,170000</GREC>
    <MFTV>39,025640</MFTV>
    <PRGP>28,170000</PRGP>
    <ROSN>28,170000</ROSN>
    <SLOV>39,025640</SLOV>
    <SVIZ>39,025640</SVIZ>
    <BSP>39,025640</BSP>
    <MALT>28,170000</MALT>
    <XAUS>39,025640</XAUS>
    <XFRA>39,025640</XFRA>
  </Prezzi>
  <Prezzi>
    <Data>20150419</Data>
    <Mercato>MGP</Mercato>
    <Ora>17</Ora>
    <PUN>44,250490</PUN>
    <NAT>43,900000</NAT>
    <CNOR>43,900000</CNOR>
    <CSUD>43,900000</CSUD>
    <NORD>43,900000</NORD>
    <SARD>43,900000</SARD>
    <SICI>49,990000</SICI>
    <SUD>43,900000</SUD>
    <AUST>43,900000</AUST>
    <BRNN>43,900000</BRNN>
    <COAC>43,900000</COAC>
    <CORS>43,900000</CORS>
    <FOGN>43,900000</FOGN>
    <FRAN>43,900000</FRAN>
    <GREC>43,900000</GREC>
    <MFTV>43,900000</MFTV>
    <PRGP>49,990000</PRGP>
    <ROSN>43,900000</ROSN>
    <SLOV>43,900000</SLOV>
    <SVIZ>43,900000</SVIZ>
    <BSP>43,900000</BSP>
    <MALT>49,990000</MALT>
    <XAUS>43,900000</XAUS>
    <XFRA>43,900000</XFRA>
  </Prezzi>
  <Prezzi>
    <Data>20150419</Data>
    <Mercato>MGP</Mercato>
    <Ora>18</Ora>
    <PUN>45,287630</PUN>
    <NAT>44,680000</NAT>
    <CNOR>44,400000</CNOR>
    <CSUD>44,400000</CSUD>
    <NORD>44,400000</NORD>
    <SARD>44,400000</SARD>
    <SICI>59,990000</SICI>
    <SUD>44,400000</SUD>
    <AUST>44,400000</AUST>
    <BRNN>44,400000</BRNN>
    <COAC>44,400000</COAC>
    <CORS>44,400000</CORS>
    <FOGN>44,400000</FOGN>
    <FRAN>44,400000</FRAN>
    <GREC>44,400000</GREC>
    <MFTV>44,400000</MFTV>
    <PRGP>59,990000</PRGP>
    <ROSN>44,400000</ROSN>
    <SLOV>44,400000</SLOV>
    <SVIZ>44,400000</SVIZ>
    <BSP>44,400000</BSP>
    <MALT>59,990000</MALT>
    <XAUS>44,400000</XAUS>
    <XFRA>44,400000</XFRA>
  </Prezzi>
  <Prezzi>
    <Data>20150419</Data>
    <Mercato>MGP</Mercato>
    <Ora>19</Ora>
    <PUN>53,608040</PUN>
    <NAT>53,250000</NAT>
    <CNOR>53,170000</CNOR>
    <CSUD>53,170000</CSUD>
    <NORD>53,170000</NORD>
    <SARD>53,170000</SARD>
    <SICI>60,910000</SICI>
    <SUD>53,170000</SUD>
    <AUST>53,170000</AUST>
    <BRNN>53,170000</BRNN>
    <COAC>53,170000</COAC>
    <CORS>53,170000</CORS>
    <FOGN>53,170000</FOGN>
    <FRAN>53,170000</FRAN>
    <GREC>53,170000</GREC>
    <MFTV>53,170000</MFTV>
    <PRGP>60,910000</PRGP>
    <ROSN>53,170000</ROSN>
    <SLOV>53,170000</SLOV>
    <SVIZ>53,170000</SVIZ>
    <BSP>53,170000</BSP>
    <MALT>60,910000</MALT>
    <XAUS>53,170000</XAUS>
    <XFRA>53,170000</XFRA>
  </Prezzi>
  <Prezzi>
    <Data>20150419</Data>
    <Mercato>MGP</Mercato>
    <Ora>20</Ora>
    <PUN>61,088410</PUN>
    <NAT>60,990000</NAT>
    <CNOR>60,990000</CNOR>
    <CSUD>60,990000</CSUD>
    <NORD>60,990000</NORD>
    <SARD>60,990000</SARD>
    <SICI>62,660000</SICI>
    <SUD>60,990000</SUD>
    <AUST>60,990000</AUST>
    <BRNN>60,990000</BRNN>
    <COAC>60,990000</COAC>
    <CORS>60,990000</CORS>
    <FOGN>60,990000</FOGN>
    <FRAN>60,990000</FRAN>
    <GREC>60,990000</GREC>
    <MFTV>60,990000</MFTV>
    <PRGP>62,660000</PRGP>
    <ROSN>60,990000</ROSN>
    <SLOV>60,990000</SLOV>
    <SVIZ>60,990000</SVIZ>
    <BSP>60,990000</BSP>
    <MALT>62,660000</MALT>
    <XAUS>60,990000</XAUS>
    <XFRA>60,990000</XFRA>
  </Prezzi>
  <Prezzi>
    <Data>20150419</Data>
    <Mercato>MGP</Mercato>
    <Ora>21</Ora>
    <PUN>94,505330</PUN>
    <NAT>93,840000</NAT>
    <CNOR>96,560000</CNOR>
    <CSUD>96,560000</CSUD>
    <NORD>96,560000</NORD>
    <SARD>96,560000</SARD>
    <SICI>62,660000</SICI>
    <SUD>96,560000</SUD>
    <AUST>96,560000</AUST>
    <BRNN>96,560000</BRNN>
    <COAC>96,560000</COAC>
    <CORS>96,560000</CORS>
    <FOGN>96,560000</FOGN>
    <FRAN>96,560000</FRAN>
    <GREC>96,560000</GREC>
    <MFTV>96,560000</MFTV>
    <PRGP>62,660000</PRGP>
    <ROSN>96,560000</ROSN>
    <SLOV>96,560000</SLOV>
    <SVIZ>96,560000</SVIZ>
    <BSP>96,560000</BSP>
    <MALT>62,660000</MALT>
    <XAUS>96,560000</XAUS>
    <XFRA>96,560000</XFRA>
  </Prezzi>
  <Prezzi>
    <Data>20150419</Data>
    <Mercato>MGP</Mercato>
    <Ora>22</Ora>
    <PUN>75,417090</PUN>
    <NAT>74,990000</NAT>
    <CNOR>76,230000</CNOR>
    <CSUD>76,230000</CSUD>
    <NORD>76,230000</NORD>
    <SARD>76,230000</SARD>
    <SICI>62,660000</SICI>
    <SUD>76,230000</SUD>
    <AUST>76,230000</AUST>
    <BRNN>76,230000</BRNN>
    <COAC>76,230000</COAC>
    <CORS>76,230000</CORS>
    <FOGN>76,230000</FOGN>
    <FRAN>76,230000</FRAN>
    <GREC>76,230000</GREC>
    <MFTV>76,230000</MFTV>
    <PRGP>62,660000</PRGP>
    <ROSN>76,230000</ROSN>
    <SLOV>76,230000</SLOV>
    <SVIZ>76,230000</SVIZ>
    <BSP>76,230000</BSP>
    <MALT>62,660000</MALT>
    <XAUS>76,230000</XAUS>
    <XFRA>76,230000</XFRA>
  </Prezzi>
  <Prezzi>
    <Data>20150419</Data>
    <Mercato>MGP</Mercato>
    <Ora>23</Ora>
    <PUN>65,787900</PUN>
    <NAT>63,250000</NAT>
    <CNOR>65,990000</CNOR>
    <CSUD>65,990000</CSUD>
    <NORD>65,990000</NORD>
    <SARD>65,990000</SARD>
    <SICI>62,660000</SICI>
    <SUD>65,990000</SUD>
    <AUST>65,990000</AUST>
    <BRNN>65,990000</BRNN>
    <COAC>65,990000</COAC>
    <CORS>65,990000</CORS>
    <FOGN>65,990000</FOGN>
    <FRAN>65,990000</FRAN>
    <GREC>65,990000</GREC>
    <MFTV>65,990000</MFTV>
    <PRGP>62,660000</PRGP>
    <ROSN>65,990000</ROSN>
    <SLOV>65,990000</SLOV>
    <SVIZ>65,990000</SVIZ>
    <BSP>65,990000</BSP>
    <MALT>62,660000</MALT>
    <XAUS>65,990000</XAUS>
    <XFRA>65,990000</XFRA>
  </Prezzi>
  <Prezzi>
    <Data>20150419</Data>
    <Mercato>MGP</Mercato>
    <Ora>24</Ora>
    <PUN>57,174700</PUN>
    <NAT>57,850000</NAT>
    <CNOR>56,940000</CNOR>
    <CSUD>56,940000</CSUD>
    <NORD>56,940000</NORD>
    <SARD>56,940000</SARD>
    <SICI>60,910000</SICI>
    <SUD>56,940000</SUD>
    <AUST>56,940000</AUST>
    <BRNN>56,940000</BRNN>
    <COAC>56,940000</COAC>
    <CORS>56,940000</CORS>
    <FOGN>56,940000</FOGN>
    <FRAN>56,940000</FRAN>
    <GREC>56,940000</GREC>
    <MFTV>56,940000</MFTV>
    <PRGP>60,910000</PRGP>
    <ROSN>56,940000</ROSN>
    <SLOV>56,940000</SLOV>
    <SVIZ>56,940000</SVIZ>
    <BSP>56,940000</BSP>
    <MALT>60,910000</MALT>
    <XAUS>56,940000</XAUS>
    <XFRA>56,940000</XFRA>
  </Prezzi>
</NewDataSet>