<?xml version="1.0" standalone="yes"?>
<NewDataSet>
  <xs:schema id="NewDataSet" xmlns="" xmlns:xs="http://www.w3.org/2001/XMLSchema" xmlns:msdata="urn:schemas-microsoft-com:xml-msdata">
    <xs:element name="NewDataSet" msdata:IsDataSet="true" msdata:UseCurrentLocale="true">
      <xs:complexType>
        <xs:choice minOccurs="0" maxOccurs="unbounded">
          <xs:element name="Prezzi">
            <xs:complexType>
              <xs:sequence>
                <xs:element name="Data" type="xs:string" minOccurs="0" />
                <xs:element name="Mercato" type="xs:string" minOccurs="0" />
                <xs:element name="Ora" type="xs:string" minOccurs="0" />
                <xs:element name="PUN" type="xs:string" minOccurs="0" />
                <xs:element name="NAT" type="xs:string" minOccurs="0" />
                <xs:element name="CNOR" type="xs:string" minOccurs="0" />
                <xs:element name="CSUD" type="xs:string" minOccurs="0" />
                <xs:element name="NORD" type="xs:string" minOccurs="0" />
                <xs:element name="SARD" type="xs:string" minOccurs="0" />
                <xs:element name="SICI" type="xs:string" minOccurs="0" />
                <xs:element name="SUD" type="xs:string" minOccurs="0" />
                <xs:element name="AUST" type="xs:string" minOccurs="0" />
                <xs:element name="BRNN" type="xs:string" minOccurs="0" />
                <xs:element name="COAC" type="xs:string" minOccurs="0" />
                <xs:element name="CORS" type="xs:string" minOccurs="0" />
                <xs:element name="FOGN" type="xs:string" minOccurs="0" />
                <xs:element name="FRAN" type="xs:string" minOccurs="0" />
                <xs:element name="GREC" type="xs:string" minOccurs="0" />
                <xs:element name="MFTV" type="xs:string" minOccurs="0" />
                <xs:element name="PRGP" type="xs:string" minOccurs="0" />
                <xs:element name="ROSN" type="xs:string" minOccurs="0" />
                <xs:element name="SLOV" type="xs:string" minOccurs="0" />
                <xs:element name="SVIZ" type="xs:string" minOccurs="0" />
                <xs:element name="BSP" type="xs:string" minOccurs="0" />
                <xs:element name="MALT" type="xs:string" minOccurs="0" />
                <xs:element name="XAUS" type="xs:string" minOccurs="0" />
                <xs:element name="XFRA" type="xs:string" minOccurs="0" />
              </xs:sequence>
            </xs:complexType>
          </xs:element>
        </xs:choice>
      </xs:complexType>
    </xs:element>
  </xs:schema>
  <Prezzi>
    <Data>20150416</Data>
    <Mercato>MGP</Mercato>
    <Ora>1</Ora>
    <PUN>44,602880</PUN>
    <NAT>44,490000</NAT>
    <CNOR>43,697880</CNOR>
    <CSUD>43,697880</CSUD>
    <NORD>43,697880</NORD>
    <SARD>43,697880</SARD>
    <SICI>60,910000</SICI>
    <SUD>43,697880</SUD>
    <AUST>43,697880</AUST>
    <BRNN>43,697880</BRNN>
    <COAC>43,697880</COAC>
    <CORS>43,697880</CORS>
    <FOGN>43,697880</FOGN>
    <FRAN>43,697880</FRAN>
    <GREC>43,697880</GREC>
    <MFTV>43,697880</MFTV>
    <PRGP>60,910000</PRGP>
    <ROSN>43,697880</ROSN>
    <SLOV>43,697880</SLOV>
    <SVIZ>43,697880</SVIZ>
    <BSP>43,697880</BSP>
    <MALT>60,910000</MALT>
    <XAUS>43,697880</XAUS>
    <XFRA>43,697880</XFRA>
  </Prezzi>
  <Prezzi>
    <Data>20150416</Data>
    <Mercato>MGP</Mercato>
    <Ora>2</Ora>
    <PUN>43,880000</PUN>
    <NAT>43,880000</NAT>
    <CNOR>43,880000</CNOR>
    <CSUD>43,880000</CSUD>
    <NORD>43,880000</NORD>
    <SARD>43,880000</SARD>
    <SICI>43,880000</SICI>
    <SUD>43,880000</SUD>
    <AUST>43,880000</AUST>
    <BRNN>43,880000</BRNN>
    <COAC>43,880000</COAC>
    <CORS>43,880000</CORS>
    <FOGN>43,880000</FOGN>
    <FRAN>43,880000</FRAN>
    <GREC>43,880000</GREC>
    <MFTV>43,880000</MFTV>
    <PRGP>43,880000</PRGP>
    <ROSN>43,880000</ROSN>
    <SLOV>43,880000</SLOV>
    <SVIZ>43,880000</SVIZ>
    <BSP>43,880000</BSP>
    <MALT>43,880000</MALT>
    <XAUS>43,880000</XAUS>
    <XFRA>43,880000</XFRA>
  </Prezzi>
  <Prezzi>
    <Data>20150416</Data>
    <Mercato>MGP</Mercato>
    <Ora>3</Ora>
    <PUN>42,160000</PUN>
    <NAT>42,160000</NAT>
    <CNOR>42,160000</CNOR>
    <CSUD>42,160000</CSUD>
    <NORD>42,160000</NORD>
    <SARD>42,160000</SARD>
    <SICI>42,160000</SICI>
    <SUD>42,160000</SUD>
    <AUST>42,160000</AUST>
    <BRNN>42,160000</BRNN>
    <COAC>42,160000</COAC>
    <CORS>42,160000</CORS>
    <FOGN>42,160000</FOGN>
    <FRAN>42,160000</FRAN>
    <GREC>42,160000</GREC>
    <MFTV>42,160000</MFTV>
    <PRGP>42,160000</PRGP>
    <ROSN>42,160000</ROSN>
    <SLOV>42,160000</SLOV>
    <SVIZ>42,160000</SVIZ>
    <BSP>42,160000</BSP>
    <MALT>42,160000</MALT>
    <XAUS>42,160000</XAUS>
    <XFRA>42,160000</XFRA>
  </Prezzi>
  <Prezzi>
    <Data>20150416</Data>
    <Mercato>MGP</Mercato>
    <Ora>4</Ora>
    <PUN>39,800000</PUN>
    <NAT>39,800000</NAT>
    <CNOR>39,800000</CNOR>
    <CSUD>39,800000</CSUD>
    <NORD>39,800000</NORD>
    <SARD>39,800000</SARD>
    <SICI>39,800000</SICI>
    <SUD>39,800000</SUD>
    <AUST>39,800000</AUST>
    <BRNN>39,800000</BRNN>
    <COAC>39,800000</COAC>
    <CORS>39,800000</CORS>
    <FOGN>39,800000</FOGN>
    <FRAN>39,800000</FRAN>
    <GREC>39,800000</GREC>
    <MFTV>39,800000</MFTV>
    <PRGP>39,800000</PRGP>
    <ROSN>39,800000</ROSN>
    <SLOV>39,800000</SLOV>
    <SVIZ>39,800000</SVIZ>
    <BSP>39,800000</BSP>
    <MALT>39,800000</MALT>
    <XAUS>39,800000</XAUS>
    <XFRA>39,800000</XFRA>
  </Prezzi>
  <Prezzi>
    <Data>20150416</Data>
    <Mercato>MGP</Mercato>
    <Ora>5</Ora>
    <PUN>40,870000</PUN>
    <NAT>40,870000</NAT>
    <CNOR>40,870000</CNOR>
    <CSUD>40,870000</CSUD>
    <NORD>40,870000</NORD>
    <SARD>40,870000</SARD>
    <SICI>40,870000</SICI>
    <SUD>40,870000</SUD>
    <AUST>40,870000</AUST>
    <BRNN>40,870000</BRNN>
    <COAC>40,870000</COAC>
    <CORS>40,870000</CORS>
    <FOGN>40,870000</FOGN>
    <FRAN>40,870000</FRAN>
    <GREC>40,870000</GREC>
    <MFTV>40,870000</MFTV>
    <PRGP>40,870000</PRGP>
    <ROSN>40,870000</ROSN>
    <SLOV>40,870000</SLOV>
    <SVIZ>40,870000</SVIZ>
    <BSP>40,870000</BSP>
    <MALT>40,870000</MALT>
    <XAUS>40,870000</XAUS>
    <XFRA>40,870000</XFRA>
  </Prezzi>
  <Prezzi>
    <Data>20150416</Data>
    <Mercato>MGP</Mercato>
    <Ora>6</Ora>
    <PUN>42,160000</PUN>
    <NAT>42,160000</NAT>
    <CNOR>42,160000</CNOR>
    <CSUD>42,160000</CSUD>
    <NORD>42,160000</NORD>
    <SARD>42,160000</SARD>
    <SICI>42,160000</SICI>
    <SUD>42,160000</SUD>
    <AUST>42,160000</AUST>
    <BRNN>42,160000</BRNN>
    <COAC>42,160000</COAC>
    <CORS>42,160000</CORS>
    <FOGN>42,160000</FOGN>
    <FRAN>42,160000</FRAN>
    <GREC>42,160000</GREC>
    <MFTV>42,160000</MFTV>
    <PRGP>42,160000</PRGP>
    <ROSN>42,160000</ROSN>
    <SLOV>42,160000</SLOV>
    <SVIZ>42,160000</SVIZ>
    <BSP>42,160000</BSP>
    <MALT>42,160000</MALT>
    <XAUS>42,160000</XAUS>
    <XFRA>42,160000</XFRA>
  </Prezzi>
  <Prezzi>
    <Data>20150416</Data>
    <Mercato>MGP</Mercato>
    <Ora>7</Ora>
    <PUN>49,990000</PUN>
    <NAT>50,000000</NAT>
    <CNOR>49,940190</CNOR>
    <CSUD>49,940190</CSUD>
    <NORD>49,940190</NORD>
    <SARD>49,940190</SARD>
    <SICI>50,990000</SICI>
    <SUD>49,940190</SUD>
    <AUST>49,940190</AUST>
    <BRNN>49,940190</BRNN>
    <COAC>49,940190</COAC>
    <CORS>49,940190</CORS>
    <FOGN>49,940190</FOGN>
    <FRAN>49,940190</FRAN>
    <GREC>49,940190</GREC>
    <MFTV>49,940190</MFTV>
    <PRGP>50,990000</PRGP>
    <ROSN>49,940190</ROSN>
    <SLOV>49,940190</SLOV>
    <SVIZ>49,940190</SVIZ>
    <BSP>49,940190</BSP>
    <MALT>50,990000</MALT>
    <XAUS>49,940190</XAUS>
    <XFRA>49,940190</XFRA>
  </Prezzi>
  <Prezzi>
    <Data>20150416</Data>
    <Mercato>MGP</Mercato>
    <Ora>8</Ora>
    <PUN>54,317030</PUN>
    <NAT>54,710000</NAT>
    <CNOR>53,980000</CNOR>
    <CSUD>53,980000</CSUD>
    <NORD>53,980000</NORD>
    <SARD>53,980000</SARD>
    <SICI>60,910000</SICI>
    <SUD>53,980000</SUD>
    <AUST>53,980000</AUST>
    <BRNN>53,980000</BRNN>
    <COAC>53,980000</COAC>
    <CORS>53,980000</CORS>
    <FOGN>53,980000</FOGN>
    <FRAN>53,980000</FRAN>
    <GREC>53,980000</GREC>
    <MFTV>53,980000</MFTV>
    <PRGP>60,910000</PRGP>
    <ROSN>53,980000</ROSN>
    <SLOV>53,980000</SLOV>
    <SVIZ>53,980000</SVIZ>
    <BSP>53,980000</BSP>
    <MALT>60,910000</MALT>
    <XAUS>53,980000</XAUS>
    <XFRA>53,980000</XFRA>
  </Prezzi>
  <Prezzi>
    <Data>20150416</Data>
    <Mercato>MGP</Mercato>
    <Ora>9</Ora>
    <PUN>54,981170</PUN>
    <NAT>55,670000</NAT>
    <CNOR>55,670000</CNOR>
    <CSUD>51,790000</CSUD>
    <NORD>55,670000</NORD>
    <SARD>51,790000</SARD>
    <SICI>60,990000</SICI>
    <SUD>51,790000</SUD>
    <AUST>55,670000</AUST>
    <BRNN>51,790000</BRNN>
    <COAC>51,790000</COAC>
    <CORS>55,670000</CORS>
    <FOGN>51,790000</FOGN>
    <FRAN>55,670000</FRAN>
    <GREC>51,790000</GREC>
    <MFTV>55,670000</MFTV>
    <PRGP>60,990000</PRGP>
    <ROSN>51,790000</ROSN>
    <SLOV>55,670000</SLOV>
    <SVIZ>55,670000</SVIZ>
    <BSP>55,670000</BSP>
    <MALT>60,990000</MALT>
    <XAUS>55,670000</XAUS>
    <XFRA>55,670000</XFRA>
  </Prezzi>
  <Prezzi>
    <Data>20150416</Data>
    <Mercato>MGP</Mercato>
    <Ora>10</Ora>
    <PUN>54,892150</PUN>
    <NAT>54,990000</NAT>
    <CNOR>55,370000</CNOR>
    <CSUD>52,440000</CSUD>
    <NORD>55,370000</NORD>
    <SARD>52,440000</SARD>
    <SICI>60,910000</SICI>
    <SUD>52,440000</SUD>
    <AUST>55,370000</AUST>
    <BRNN>52,440000</BRNN>
    <COAC>52,440000</COAC>
    <CORS>55,370000</CORS>
    <FOGN>52,440000</FOGN>
    <FRAN>55,370000</FRAN>
    <GREC>52,440000</GREC>
    <MFTV>55,370000</MFTV>
    <PRGP>60,910000</PRGP>
    <ROSN>52,440000</ROSN>
    <SLOV>55,370000</SLOV>
    <SVIZ>55,370000</SVIZ>
    <BSP>55,370000</BSP>
    <MALT>60,910000</MALT>
    <XAUS>55,370000</XAUS>
    <XFRA>55,370000</XFRA>
  </Prezzi>
  <Prezzi>
    <Data>20150416</Data>
    <Mercato>MGP</Mercato>
    <Ora>11</Ora>
    <PUN>49,629460</PUN>
    <NAT>47,200000</NAT>
    <CNOR>51,050000</CNOR>
    <CSUD>43,430000</CSUD>
    <NORD>51,050000</NORD>
    <SARD>43,430000</SARD>
    <SICI>60,400000</SICI>
    <SUD>43,430000</SUD>
    <AUST>51,050000</AUST>
    <BRNN>43,430000</BRNN>
    <COAC>43,430000</COAC>
    <CORS>51,050000</CORS>
    <FOGN>43,430000</FOGN>
    <FRAN>51,050000</FRAN>
    <GREC>43,430000</GREC>
    <MFTV>51,050000</MFTV>
    <PRGP>60,400000</PRGP>
    <ROSN>43,430000</ROSN>
    <SLOV>51,050000</SLOV>
    <SVIZ>51,050000</SVIZ>
    <BSP>51,050000</BSP>
    <MALT>60,400000</MALT>
    <XAUS>51,050000</XAUS>
    <XFRA>51,050000</XFRA>
  </Prezzi>
  <Prezzi>
    <Data>20150416</Data>
    <Mercato>MGP</Mercato>
    <Ora>12</Ora>
    <PUN>49,380470</PUN>
    <NAT>47,550000</NAT>
    <CNOR>52,750000</CNOR>
    <CSUD>41,000000</CSUD>
    <NORD>52,750000</NORD>
    <SARD>41,000000</SARD>
    <SICI>41,000000</SICI>
    <SUD>41,000000</SUD>
    <AUST>52,750000</AUST>
    <BRNN>41,000000</BRNN>
    <COAC>41,000000</COAC>
    <CORS>52,750000</CORS>
    <FOGN>41,000000</FOGN>
    <FRAN>52,750000</FRAN>
    <GREC>41,000000</GREC>
    <MFTV>52,750000</MFTV>
    <PRGP>41,000000</PRGP>
    <ROSN>41,000000</ROSN>
    <SLOV>52,750000</SLOV>
    <SVIZ>52,750000</SVIZ>
    <BSP>52,750000</BSP>
    <MALT>41,000000</MALT>
    <XAUS>52,750000</XAUS>
    <XFRA>52,750000</XFRA>
  </Prezzi>
  <Prezzi>
    <Data>20150416</Data>
    <Mercato>MGP</Mercato>
    <Ora>13</Ora>
    <PUN>43,593950</PUN>
    <NAT>42,990000</NAT>
    <CNOR>35,000000</CNOR>
    <CSUD>33,850000</CSUD>
    <NORD>50,000000</NORD>
    <SARD>33,850000</SARD>
    <SICI>33,850000</SICI>
    <SUD>33,850000</SUD>
    <AUST>50,000000</AUST>
    <BRNN>33,850000</BRNN>
    <COAC>33,850000</COAC>
    <CORS>35,000000</CORS>
    <FOGN>33,850000</FOGN>
    <FRAN>50,000000</FRAN>
    <GREC>33,850000</GREC>
    <MFTV>50,000000</MFTV>
    <PRGP>33,850000</PRGP>
    <ROSN>33,850000</ROSN>
    <SLOV>50,000000</SLOV>
    <SVIZ>50,000000</SVIZ>
    <BSP>50,000000</BSP>
    <MALT>33,850000</MALT>
    <XAUS>50,000000</XAUS>
    <XFRA>50,000000</XFRA>
  </Prezzi>
  <Prezzi>
    <Data>20150416</Data>
    <Mercato>MGP</Mercato>
    <Ora>14</Ora>
    <PUN>45,152930</PUN>
    <NAT>43,000000</NAT>
    <CNOR>50,000000</CNOR>
    <CSUD>33,850000</CSUD>
    <NORD>50,000000</NORD>
    <SARD>33,850000</SARD>
    <SICI>33,850000</SICI>
    <SUD>33,850000</SUD>
    <AUST>50,000000</AUST>
    <BRNN>33,850000</BRNN>
    <COAC>33,850000</COAC>
    <CORS>50,000000</CORS>
    <FOGN>33,850000</FOGN>
    <FRAN>50,000000</FRAN>
    <GREC>33,850000</GREC>
    <MFTV>50,000000</MFTV>
    <PRGP>33,850000</PRGP>
    <ROSN>33,850000</ROSN>
    <SLOV>50,000000</SLOV>
    <SVIZ>50,000000</SVIZ>
    <BSP>50,000000</BSP>
    <MALT>33,850000</MALT>
    <XAUS>50,000000</XAUS>
    <XFRA>50,000000</XFRA>
  </Prezzi>
  <Prezzi>
    <Data>20150416</Data>
    <Mercato>MGP</Mercato>
    <Ora>15</Ora>
    <PUN>46,159250</PUN>
    <NAT>43,310000</NAT>
    <CNOR>50,064410</CNOR>
    <CSUD>36,670000</CSUD>
    <NORD>50,064410</NORD>
    <SARD>36,670000</SARD>
    <SICI>36,670000</SICI>
    <SUD>36,670000</SUD>
    <AUST>50,064410</AUST>
    <BRNN>36,670000</BRNN>
    <COAC>36,670000</COAC>
    <CORS>50,064410</CORS>
    <FOGN>36,670000</FOGN>
    <FRAN>50,064410</FRAN>
    <GREC>36,670000</GREC>
    <MFTV>50,064410</MFTV>
    <PRGP>36,670000</PRGP>
    <ROSN>36,670000</ROSN>
    <SLOV>50,064410</SLOV>
    <SVIZ>50,064410</SVIZ>
    <BSP>50,064410</BSP>
    <MALT>36,670000</MALT>
    <XAUS>50,064410</XAUS>
    <XFRA>50,064410</XFRA>
  </Prezzi>
  <Prezzi>
    <Data>20150416</Data>
    <Mercato>MGP</Mercato>
    <Ora>16</Ora>
    <PUN>45,439440</PUN>
    <NAT>44,030000</NAT>
    <CNOR>47,190000</CNOR>
    <CSUD>41,000000</CSUD>
    <NORD>47,190000</NORD>
    <SARD>41,000000</SARD>
    <SICI>41,000000</SICI>
    <SUD>41,000000</SUD>
    <AUST>47,190000</AUST>
    <BRNN>41,000000</BRNN>
    <COAC>41,000000</COAC>
    <CORS>47,190000</CORS>
    <FOGN>41,000000</FOGN>
    <FRAN>47,190000</FRAN>
    <GREC>41,000000</GREC>
    <MFTV>47,190000</MFTV>
    <PRGP>41,000000</PRGP>
    <ROSN>41,000000</ROSN>
    <SLOV>47,190000</SLOV>
    <SVIZ>47,190000</SVIZ>
    <BSP>47,190000</BSP>
    <MALT>41,000000</MALT>
    <XAUS>47,190000</XAUS>
    <XFRA>47,190000</XFRA>
  </Prezzi>
  <Prezzi>
    <Data>20150416</Data>
    <Mercato>MGP</Mercato>
    <Ora>17</Ora>
    <PUN>51,010000</PUN>
    <NAT>51,010000</NAT>
    <CNOR>51,010000</CNOR>
    <CSUD>51,010000</CSUD>
    <NORD>51,010000</NORD>
    <SARD>51,010000</SARD>
    <SICI>51,010000</SICI>
    <SUD>51,010000</SUD>
    <AUST>51,010000</AUST>
    <BRNN>51,010000</BRNN>
    <COAC>51,010000</COAC>
    <CORS>51,010000</CORS>
    <FOGN>51,010000</FOGN>
    <FRAN>51,010000</FRAN>
    <GREC>51,010000</GREC>
    <MFTV>51,010000</MFTV>
    <PRGP>51,010000</PRGP>
    <ROSN>51,010000</ROSN>
    <SLOV>51,010000</SLOV>
    <SVIZ>51,010000</SVIZ>
    <BSP>51,010000</BSP>
    <MALT>51,010000</MALT>
    <XAUS>51,010000</XAUS>
    <XFRA>51,010000</XFRA>
  </Prezzi>
  <Prezzi>
    <Data>20150416</Data>
    <Mercato>MGP</Mercato>
    <Ora>18</Ora>
    <PUN>52,442020</PUN>
    <NAT>52,010000</NAT>
    <CNOR>52,010000</CNOR>
    <CSUD>52,010000</CSUD>
    <NORD>52,010000</NORD>
    <SARD>52,010000</SARD>
    <SICI>60,910000</SICI>
    <SUD>52,010000</SUD>
    <AUST>52,010000</AUST>
    <BRNN>52,010000</BRNN>
    <COAC>52,010000</COAC>
    <CORS>52,010000</CORS>
    <FOGN>52,010000</FOGN>
    <FRAN>52,010000</FRAN>
    <GREC>52,010000</GREC>
    <MFTV>52,010000</MFTV>
    <PRGP>60,910000</PRGP>
    <ROSN>52,010000</ROSN>
    <SLOV>52,010000</SLOV>
    <SVIZ>52,010000</SVIZ>
    <BSP>52,010000</BSP>
    <MALT>60,910000</MALT>
    <XAUS>52,010000</XAUS>
    <XFRA>52,010000</XFRA>
  </Prezzi>
  <Prezzi>
    <Data>20150416</Data>
    <Mercato>MGP</Mercato>
    <Ora>19</Ora>
    <PUN>53,418100</PUN>
    <NAT>53,460000</NAT>
    <CNOR>53,010000</CNOR>
    <CSUD>53,010000</CSUD>
    <NORD>53,010000</NORD>
    <SARD>53,010000</SARD>
    <SICI>60,910000</SICI>
    <SUD>53,010000</SUD>
    <AUST>53,010000</AUST>
    <BRNN>53,010000</BRNN>
    <COAC>53,010000</COAC>
    <CORS>53,010000</CORS>
    <FOGN>53,010000</FOGN>
    <FRAN>53,010000</FRAN>
    <GREC>53,010000</GREC>
    <MFTV>53,010000</MFTV>
    <PRGP>60,910000</PRGP>
    <ROSN>53,010000</ROSN>
    <SLOV>53,010000</SLOV>
    <SVIZ>53,010000</SVIZ>
    <BSP>53,010000</BSP>
    <MALT>60,910000</MALT>
    <XAUS>53,010000</XAUS>
    <XFRA>53,010000</XFRA>
  </Prezzi>
  <Prezzi>
    <Data>20150416</Data>
    <Mercato>MGP</Mercato>
    <Ora>20</Ora>
    <PUN>55,349030</PUN>
    <NAT>55,900000</NAT>
    <CNOR>54,920000</CNOR>
    <CSUD>54,920000</CSUD>
    <NORD>54,920000</NORD>
    <SARD>54,920000</SARD>
    <SICI>62,660000</SICI>
    <SUD>54,920000</SUD>
    <AUST>54,920000</AUST>
    <BRNN>54,920000</BRNN>
    <COAC>54,920000</COAC>
    <CORS>54,920000</CORS>
    <FOGN>54,920000</FOGN>
    <FRAN>54,920000</FRAN>
    <GREC>54,920000</GREC>
    <MFTV>54,920000</MFTV>
    <PRGP>62,660000</PRGP>
    <ROSN>54,920000</ROSN>
    <SLOV>54,920000</SLOV>
    <SVIZ>54,920000</SVIZ>
    <BSP>54,920000</BSP>
    <MALT>62,660000</MALT>
    <XAUS>54,920000</XAUS>
    <XFRA>54,920000</XFRA>
  </Prezzi>
  <Prezzi>
    <Data>20150416</Data>
    <Mercato>MGP</Mercato>
    <Ora>21</Ora>
    <PUN>72,434490</PUN>
    <NAT>71,260000</NAT>
    <CNOR>76,230000</CNOR>
    <CSUD>76,230000</CSUD>
    <NORD>69,020000</NORD>
    <SARD>76,230000</SARD>
    <SICI>76,230000</SICI>
    <SUD>76,230000</SUD>
    <AUST>69,020000</AUST>
    <BRNN>76,230000</BRNN>
    <COAC>76,230000</COAC>
    <CORS>76,230000</CORS>
    <FOGN>76,230000</FOGN>
    <FRAN>69,020000</FRAN>
    <GREC>76,230000</GREC>
    <MFTV>69,020000</MFTV>
    <PRGP>76,230000</PRGP>
    <ROSN>76,230000</ROSN>
    <SLOV>69,020000</SLOV>
    <SVIZ>69,020000</SVIZ>
    <BSP>69,020000</BSP>
    <MALT>76,230000</MALT>
    <XAUS>69,020000</XAUS>
    <XFRA>69,020000</XFRA>
  </Prezzi>
  <Prezzi>
    <Data>20150416</Data>
    <Mercato>MGP</Mercato>
    <Ora>22</Ora>
    <PUN>58,304960</PUN>
    <NAT>59,520000</NAT>
    <CNOR>58,050000</CNOR>
    <CSUD>58,050000</CSUD>
    <NORD>58,050000</NORD>
    <SARD>58,050000</SARD>
    <SICI>62,660000</SICI>
    <SUD>58,050000</SUD>
    <AUST>58,050000</AUST>
    <BRNN>58,050000</BRNN>
    <COAC>58,050000</COAC>
    <CORS>58,050000</CORS>
    <FOGN>58,050000</FOGN>
    <FRAN>58,050000</FRAN>
    <GREC>58,050000</GREC>
    <MFTV>58,050000</MFTV>
    <PRGP>62,660000</PRGP>
    <ROSN>58,050000</ROSN>
    <SLOV>58,050000</SLOV>
    <SVIZ>58,050000</SVIZ>
    <BSP>58,050000</BSP>
    <MALT>62,660000</MALT>
    <XAUS>58,050000</XAUS>
    <XFRA>58,050000</XFRA>
  </Prezzi>
  <Prezzi>
    <Data>20150416</Data>
    <Mercato>MGP</Mercato>
    <Ora>23</Ora>
    <PUN>51,931270</PUN>
    <NAT>52,600000</NAT>
    <CNOR>51,300000</CNOR>
    <CSUD>51,300000</CSUD>
    <NORD>51,300000</NORD>
    <SARD>51,300000</SARD>
    <SICI>62,660000</SICI>
    <SUD>51,300000</SUD>
    <AUST>51,300000</AUST>
    <BRNN>51,300000</BRNN>
    <COAC>51,300000</COAC>
    <CORS>51,300000</CORS>
    <FOGN>51,300000</FOGN>
    <FRAN>51,300000</FRAN>
    <GREC>51,300000</GREC>
    <MFTV>51,300000</MFTV>
    <PRGP>62,660000</PRGP>
    <ROSN>51,300000</ROSN>
    <SLOV>51,300000</SLOV>
    <SVIZ>51,300000</SVIZ>
    <BSP>51,300000</BSP>
    <MALT>62,660000</MALT>
    <XAUS>51,300000</XAUS>
    <XFRA>51,300000</XFRA>
  </Prezzi>
  <Prezzi>
    <Data>20150416</Data>
    <Mercato>MGP</Mercato>
    <Ora>24</Ora>
    <PUN>46,103980</PUN>
    <NAT>45,360000</NAT>
    <CNOR>45,300000</CNOR>
    <CSUD>45,300000</CSUD>
    <NORD>45,300000</NORD>
    <SARD>45,300000</SARD>
    <SICI>60,400000</SICI>
    <SUD>45,300000</SUD>
    <AUST>45,300000</AUST>
    <BRNN>45,300000</BRNN>
    <COAC>45,300000</COAC>
    <CORS>45,300000</CORS>
    <FOGN>45,300000</FOGN>
    <FRAN>45,300000</FRAN>
    <GREC>45,300000</GREC>
    <MFTV>45,300000</MFTV>
    <PRGP>60,400000</PRGP>
    <ROSN>45,300000</ROSN>
    <SLOV>45,300000</SLOV>
    <SVIZ>45,300000</SVIZ>
    <BSP>45,300000</BSP>
    <MALT>60,400000</MALT>
    <XAUS>45,300000</XAUS>
    <XFRA>45,300000</XFRA>
  </Prezzi>
</NewDataSet>