<?xml version="1.0" standalone="yes"?>
<NewDataSet>
  <xs:schema id="NewDataSet" xmlns="" xmlns:xs="http://www.w3.org/2001/XMLSchema" xmlns:msdata="urn:schemas-microsoft-com:xml-msdata">
    <xs:element name="NewDataSet" msdata:IsDataSet="true" msdata:MainDataTable="marketintervaldetail" msdata:UseCurrentLocale="true">
      <xs:complexType>
        <xs:choice minOccurs="0" maxOccurs="unbounded">
          <xs:element name="marketintervaldetail">
            <xs:complexType>
              <xs:sequence>
                <xs:element name="Data" type="xs:string" minOccurs="0" />
                <xs:element name="Mercato" type="xs:string" minOccurs="0" />
                <xs:element name="Ora" type="xs:string" minOccurs="0" />
                <xs:element name="Totale" type="xs:string" minOccurs="0" />
                <xs:element name="CNOR" type="xs:string" minOccurs="0" />
                <xs:element name="CSUD" type="xs:string" minOccurs="0" />
                <xs:element name="NORD" type="xs:string" minOccurs="0" />
                <xs:element name="SARD" type="xs:string" minOccurs="0" />
                <xs:element name="SICI" type="xs:string" minOccurs="0" />
                <xs:element name="SUD" type="xs:string" minOccurs="0" />
              </xs:sequence>
            </xs:complexType>
          </xs:element>
        </xs:choice>
      </xs:complexType>
    </xs:element>
  </xs:schema>
  <marketintervaldetail>
    <Data>20160901</Data>
    <Mercato>MGP</Mercato>
    <Ora>01</Ora>
    <Totale>31545</Totale>
    <CNOR>3356</CNOR>
    <CSUD>4735</CSUD>
    <NORD>17707</NORD>
    <SARD>987</SARD>
    <SICI>1959</SICI>
    <SUD>2801</SUD>
  </marketintervaldetail>
  <marketintervaldetail>
    <Data>20160901</Data>
    <Mercato>MGP</Mercato>
    <Ora>02</Ora>
    <Totale>29601</Totale>
    <CNOR>3107</CNOR>
    <CSUD>4362</CSUD>
    <NORD>16751</NORD>
    <SARD>936</SARD>
    <SICI>1818</SICI>
    <SUD>2627</SUD>
  </marketintervaldetail>
  <marketintervaldetail>
    <Data>20160901</Data>
    <Mercato>MGP</Mercato>
    <Ora>03</Ora>
    <Totale>28205</Totale>
    <CNOR>2877</CNOR>
    <CSUD>4133</CSUD>
    <NORD>16110</NORD>
    <SARD>903</SARD>
    <SICI>1730</SICI>
    <SUD>2452</SUD>
  </marketintervaldetail>
  <marketintervaldetail>
    <Data>20160901</Data>
    <Mercato>MGP</Mercato>
    <Ora>04</Ora>
    <Totale>27773</Totale>
    <CNOR>2811</CNOR>
    <CSUD>4052</CSUD>
    <NORD>15947</NORD>
    <SARD>883</SARD>
    <SICI>1669</SICI>
    <SUD>2411</SUD>
  </marketintervaldetail>
  <marketintervaldetail>
    <Data>20160901</Data>
    <Mercato>MGP</Mercato>
    <Ora>05</Ora>
    <Totale>27714</Totale>
    <CNOR>2846</CNOR>
    <CSUD>4035</CSUD>
    <NORD>15897</NORD>
    <SARD>880</SARD>
    <SICI>1644</SICI>
    <SUD>2412</SUD>
  </marketintervaldetail>
  <marketintervaldetail>
    <Data>20160901</Data>
    <Mercato>MGP</Mercato>
    <Ora>06</Ora>
    <Totale>28791</Totale>
    <CNOR>2983</CNOR>
    <CSUD>4184</CSUD>
    <NORD>16622</NORD>
    <SARD>893</SARD>
    <SICI>1667</SICI>
    <SUD>2442</SUD>
  </marketintervaldetail>
  <marketintervaldetail>
    <Data>20160901</Data>
    <Mercato>MGP</Mercato>
    <Ora>07</Ora>
    <Totale>31777</Totale>
    <CNOR>3314</CNOR>
    <CSUD>4497</CSUD>
    <NORD>18752</NORD>
    <SARD>950</SARD>
    <SICI>1715</SICI>
    <SUD>2549</SUD>
  </marketintervaldetail>
  <marketintervaldetail>
    <Data>20160901</Data>
    <Mercato>MGP</Mercato>
    <Ora>08</Ora>
    <Totale>35342</Totale>
    <CNOR>3776</CNOR>
    <CSUD>4962</CSUD>
    <NORD>20902</NORD>
    <SARD>1005</SARD>
    <SICI>1893</SICI>
    <SUD>2804</SUD>
  </marketintervaldetail>
  <marketintervaldetail>
    <Data>20160901</Data>
    <Mercato>MGP</Mercato>
    <Ora>09</Ora>
    <Totale>40464</Totale>
    <CNOR>4258</CNOR>
    <CSUD>5659</CSUD>
    <NORD>24034</NORD>
    <SARD>1113</SARD>
    <SICI>2210</SICI>
    <SUD>3190</SUD>
  </marketintervaldetail>
  <marketintervaldetail>
    <Data>20160901</Data>
    <Mercato>MGP</Mercato>
    <Ora>10</Ora>
    <Totale>42916</Totale>
    <CNOR>4508</CNOR>
    <CSUD>6163</CSUD>
    <NORD>25276</NORD>
    <SARD>1172</SARD>
    <SICI>2371</SICI>
    <SUD>3426</SUD>
  </marketintervaldetail>
  <marketintervaldetail>
    <Data>20160901</Data>
    <Mercato>MGP</Mercato>
    <Ora>11</Ora>
    <Totale>43640</Totale>
    <CNOR>4557</CNOR>
    <CSUD>6384</CSUD>
    <NORD>25620</NORD>
    <SARD>1184</SARD>
    <SICI>2399</SICI>
    <SUD>3496</SUD>
  </marketintervaldetail>
  <marketintervaldetail>
    <Data>20160901</Data>
    <Mercato>MGP</Mercato>
    <Ora>12</Ora>
    <Totale>43994</Totale>
    <CNOR>4586</CNOR>
    <CSUD>6609</CSUD>
    <NORD>25729</NORD>
    <SARD>1153</SARD>
    <SICI>2426</SICI>
    <SUD>3491</SUD>
  </marketintervaldetail>
  <marketintervaldetail>
    <Data>20160901</Data>
    <Mercato>MGP</Mercato>
    <Ora>13</Ora>
    <Totale>42404</Totale>
    <CNOR>4462</CNOR>
    <CSUD>6577</CSUD>
    <NORD>24408</NORD>
    <SARD>1108</SARD>
    <SICI>2402</SICI>
    <SUD>3447</SUD>
  </marketintervaldetail>
  <marketintervaldetail>
    <Data>20160901</Data>
    <Mercato>MGP</Mercato>
    <Ora>14</Ora>
    <Totale>41855</Totale>
    <CNOR>4387</CNOR>
    <CSUD>6549</CSUD>
    <NORD>24195</NORD>
    <SARD>1034</SARD>
    <SICI>2342</SICI>
    <SUD>3348</SUD>
  </marketintervaldetail>
  <marketintervaldetail>
    <Data>20160901</Data>
    <Mercato>MGP</Mercato>
    <Ora>15</Ora>
    <Totale>42725</Totale>
    <CNOR>4437</CNOR>
    <CSUD>6638</CSUD>
    <NORD>25182</NORD>
    <SARD>1019</SARD>
    <SICI>2258</SICI>
    <SUD>3191</SUD>
  </marketintervaldetail>
  <marketintervaldetail>
    <Data>20160901</Data>
    <Mercato>MGP</Mercato>
    <Ora>16</Ora>
    <Totale>43144</Totale>
    <CNOR>4482</CNOR>
    <CSUD>6806</CSUD>
    <NORD>25374</NORD>
    <SARD>1034</SARD>
    <SICI>2317</SICI>
    <SUD>3131</SUD>
  </marketintervaldetail>
  <marketintervaldetail>
    <Data>20160901</Data>
    <Mercato>MGP</Mercato>
    <Ora>17</Ora>
    <Totale>43434</Totale>
    <CNOR>4568</CNOR>
    <CSUD>6855</CSUD>
    <NORD>25399</NORD>
    <SARD>1054</SARD>
    <SICI>2397</SICI>
    <SUD>3161</SUD>
  </marketintervaldetail>
  <marketintervaldetail>
    <Data>20160901</Data>
    <Mercato>MGP</Mercato>
    <Ora>18</Ora>
    <Totale>43254</Totale>
    <CNOR>4568</CNOR>
    <CSUD>6893</CSUD>
    <NORD>24953</NORD>
    <SARD>1070</SARD>
    <SICI>2498</SICI>
    <SUD>3272</SUD>
  </marketintervaldetail>
  <marketintervaldetail>
    <Data>20160901</Data>
    <Mercato>MGP</Mercato>
    <Ora>19</Ora>
    <Totale>42151</Totale>
    <CNOR>4392</CNOR>
    <CSUD>6713</CSUD>
    <NORD>24135</NORD>
    <SARD>1086</SARD>
    <SICI>2494</SICI>
    <SUD>3331</SUD>
  </marketintervaldetail>
  <marketintervaldetail>
    <Data>20160901</Data>
    <Mercato>MGP</Mercato>
    <Ora>20</Ora>
    <Totale>43063</Totale>
    <CNOR>4409</CNOR>
    <CSUD>6726</CSUD>
    <NORD>24689</NORD>
    <SARD>1182</SARD>
    <SICI>2508</SICI>
    <SUD>3549</SUD>
  </marketintervaldetail>
  <marketintervaldetail>
    <Data>20160901</Data>
    <Mercato>MGP</Mercato>
    <Ora>21</Ora>
    <Totale>44002</Totale>
    <CNOR>4364</CNOR>
    <CSUD>6823</CSUD>
    <NORD>24982</NORD>
    <SARD>1282</SARD>
    <SICI>2703</SICI>
    <SUD>3848</SUD>
  </marketintervaldetail>
  <marketintervaldetail>
    <Data>20160901</Data>
    <Mercato>MGP</Mercato>
    <Ora>22</Ora>
    <Totale>41587</Totale>
    <CNOR>4154</CNOR>
    <CSUD>6431</CSUD>
    <NORD>23635</NORD>
    <SARD>1240</SARD>
    <SICI>2498</SICI>
    <SUD>3629</SUD>
  </marketintervaldetail>
  <marketintervaldetail>
    <Data>20160901</Data>
    <Mercato>MGP</Mercato>
    <Ora>23</Ora>
    <Totale>37588</Totale>
    <CNOR>3835</CNOR>
    <CSUD>5821</CSUD>
    <NORD>21088</NORD>
    <SARD>1142</SARD>
    <SICI>2329</SICI>
    <SUD>3373</SUD>
  </marketintervaldetail>
  <marketintervaldetail>
    <Data>20160901</Data>
    <Mercato>MGP</Mercato>
    <Ora>24</Ora>
    <Totale>34447</Totale>
    <CNOR>3536</CNOR>
    <CSUD>5424</CSUD>
    <NORD>19258</NORD>
    <SARD>1060</SARD>
    <SICI>2149</SICI>
    <SUD>3020</SUD>
  </marketintervaldetail>
</NewDataSet>