<?xml version="1.0" standalone="yes"?>
<NewDataSet>
  <xs:schema id="NewDataSet" xmlns="" xmlns:xs="http://www.w3.org/2001/XMLSchema" xmlns:msdata="urn:schemas-microsoft-com:xml-msdata">
    <xs:element name="NewDataSet" msdata:IsDataSet="true" msdata:MainDataTable="marketintervaldetail" msdata:UseCurrentLocale="true">
      <xs:complexType>
        <xs:choice minOccurs="0" maxOccurs="unbounded">
          <xs:element name="marketintervaldetail">
            <xs:complexType>
              <xs:sequence>
                <xs:element name="Data" type="xs:string" minOccurs="0" />
                <xs:element name="Mercato" type="xs:string" minOccurs="0" />
                <xs:element name="Ora" type="xs:string" minOccurs="0" />
                <xs:element name="Totale" type="xs:string" minOccurs="0" />
                <xs:element name="CNOR" type="xs:string" minOccurs="0" />
                <xs:element name="CSUD" type="xs:string" minOccurs="0" />
                <xs:element name="NORD" type="xs:string" minOccurs="0" />
                <xs:element name="SARD" type="xs:string" minOccurs="0" />
                <xs:element name="SICI" type="xs:string" minOccurs="0" />
                <xs:element name="SUD" type="xs:string" minOccurs="0" />
              </xs:sequence>
            </xs:complexType>
          </xs:element>
        </xs:choice>
      </xs:complexType>
    </xs:element>
  </xs:schema>
  <marketintervaldetail>
    <Data>20160913</Data>
    <Mercato>MGP</Mercato>
    <Ora>01</Ora>
    <Totale>28598</Totale>
    <CNOR>3133</CNOR>
    <CSUD>4420</CSUD>
    <NORD>15966</NORD>
    <SARD>925</SARD>
    <SICI>1774</SICI>
    <SUD>2380</SUD>
  </marketintervaldetail>
  <marketintervaldetail>
    <Data>20160913</Data>
    <Mercato>MGP</Mercato>
    <Ora>02</Ora>
    <Totale>26849</Totale>
    <CNOR>2923</CNOR>
    <CSUD>4094</CSUD>
    <NORD>15094</NORD>
    <SARD>881</SARD>
    <SICI>1640</SICI>
    <SUD>2217</SUD>
  </marketintervaldetail>
  <marketintervaldetail>
    <Data>20160913</Data>
    <Mercato>MGP</Mercato>
    <Ora>03</Ora>
    <Totale>25887</Totale>
    <CNOR>2873</CNOR>
    <CSUD>3966</CSUD>
    <NORD>14590</NORD>
    <SARD>845</SARD>
    <SICI>1563</SICI>
    <SUD>2050</SUD>
  </marketintervaldetail>
  <marketintervaldetail>
    <Data>20160913</Data>
    <Mercato>MGP</Mercato>
    <Ora>04</Ora>
    <Totale>25645</Totale>
    <CNOR>2806</CNOR>
    <CSUD>3894</CSUD>
    <NORD>14500</NORD>
    <SARD>832</SARD>
    <SICI>1527</SICI>
    <SUD>2086</SUD>
  </marketintervaldetail>
  <marketintervaldetail>
    <Data>20160913</Data>
    <Mercato>MGP</Mercato>
    <Ora>05</Ora>
    <Totale>25638</Totale>
    <CNOR>2833</CNOR>
    <CSUD>3871</CSUD>
    <NORD>14525</NORD>
    <SARD>830</SARD>
    <SICI>1503</SICI>
    <SUD>2076</SUD>
  </marketintervaldetail>
  <marketintervaldetail>
    <Data>20160913</Data>
    <Mercato>MGP</Mercato>
    <Ora>06</Ora>
    <Totale>26679</Totale>
    <CNOR>2948</CNOR>
    <CSUD>4012</CSUD>
    <NORD>15223</NORD>
    <SARD>841</SARD>
    <SICI>1553</SICI>
    <SUD>2102</SUD>
  </marketintervaldetail>
  <marketintervaldetail>
    <Data>20160913</Data>
    <Mercato>MGP</Mercato>
    <Ora>07</Ora>
    <Totale>30303</Totale>
    <CNOR>3308</CNOR>
    <CSUD>4460</CSUD>
    <NORD>17627</NORD>
    <SARD>901</SARD>
    <SICI>1685</SICI>
    <SUD>2322</SUD>
  </marketintervaldetail>
  <marketintervaldetail>
    <Data>20160913</Data>
    <Mercato>MGP</Mercato>
    <Ora>08</Ora>
    <Totale>34343</Totale>
    <CNOR>3739</CNOR>
    <CSUD>5034</CSUD>
    <NORD>20195</NORD>
    <SARD>984</SARD>
    <SICI>1844</SICI>
    <SUD>2547</SUD>
  </marketintervaldetail>
  <marketintervaldetail>
    <Data>20160913</Data>
    <Mercato>MGP</Mercato>
    <Ora>09</Ora>
    <Totale>39154</Totale>
    <CNOR>4460</CNOR>
    <CSUD>5736</CSUD>
    <NORD>22873</NORD>
    <SARD>1064</SARD>
    <SICI>2105</SICI>
    <SUD>2916</SUD>
  </marketintervaldetail>
  <marketintervaldetail>
    <Data>20160913</Data>
    <Mercato>MGP</Mercato>
    <Ora>10</Ora>
    <Totale>41251</Totale>
    <CNOR>4767</CNOR>
    <CSUD>6240</CSUD>
    <NORD>23715</NORD>
    <SARD>1096</SARD>
    <SICI>2263</SICI>
    <SUD>3170</SUD>
  </marketintervaldetail>
  <marketintervaldetail>
    <Data>20160913</Data>
    <Mercato>MGP</Mercato>
    <Ora>11</Ora>
    <Totale>41361</Totale>
    <CNOR>4634</CNOR>
    <CSUD>6392</CSUD>
    <NORD>23973</NORD>
    <SARD>1091</SARD>
    <SICI>2307</SICI>
    <SUD>2964</SUD>
  </marketintervaldetail>
  <marketintervaldetail>
    <Data>20160913</Data>
    <Mercato>MGP</Mercato>
    <Ora>12</Ora>
    <Totale>42027</Totale>
    <CNOR>4569</CNOR>
    <CSUD>6639</CSUD>
    <NORD>24295</NORD>
    <SARD>1115</SARD>
    <SICI>2352</SICI>
    <SUD>3057</SUD>
  </marketintervaldetail>
  <marketintervaldetail>
    <Data>20160913</Data>
    <Mercato>MGP</Mercato>
    <Ora>13</Ora>
    <Totale>39922</Totale>
    <CNOR>4457</CNOR>
    <CSUD>6611</CSUD>
    <NORD>22628</NORD>
    <SARD>1075</SARD>
    <SICI>2248</SICI>
    <SUD>2903</SUD>
  </marketintervaldetail>
  <marketintervaldetail>
    <Data>20160913</Data>
    <Mercato>MGP</Mercato>
    <Ora>14</Ora>
    <Totale>38535</Totale>
    <CNOR>4281</CNOR>
    <CSUD>6090</CSUD>
    <NORD>22492</NORD>
    <SARD>1056</SARD>
    <SICI>2094</SICI>
    <SUD>2522</SUD>
  </marketintervaldetail>
  <marketintervaldetail>
    <Data>20160913</Data>
    <Mercato>MGP</Mercato>
    <Ora>15</Ora>
    <Totale>39590</Totale>
    <CNOR>4320</CNOR>
    <CSUD>5985</CSUD>
    <NORD>23455</NORD>
    <SARD>1033</SARD>
    <SICI>2076</SICI>
    <SUD>2721</SUD>
  </marketintervaldetail>
  <marketintervaldetail>
    <Data>20160913</Data>
    <Mercato>MGP</Mercato>
    <Ora>16</Ora>
    <Totale>40306</Totale>
    <CNOR>4276</CNOR>
    <CSUD>5994</CSUD>
    <NORD>23939</NORD>
    <SARD>1024</SARD>
    <SICI>2099</SICI>
    <SUD>2974</SUD>
  </marketintervaldetail>
  <marketintervaldetail>
    <Data>20160913</Data>
    <Mercato>MGP</Mercato>
    <Ora>17</Ora>
    <Totale>40660</Totale>
    <CNOR>4441</CNOR>
    <CSUD>6128</CSUD>
    <NORD>23889</NORD>
    <SARD>1097</SARD>
    <SICI>2218</SICI>
    <SUD>2887</SUD>
  </marketintervaldetail>
  <marketintervaldetail>
    <Data>20160913</Data>
    <Mercato>MGP</Mercato>
    <Ora>18</Ora>
    <Totale>39755</Totale>
    <CNOR>4283</CNOR>
    <CSUD>5903</CSUD>
    <NORD>23177</NORD>
    <SARD>1126</SARD>
    <SICI>2275</SICI>
    <SUD>2991</SUD>
  </marketintervaldetail>
  <marketintervaldetail>
    <Data>20160913</Data>
    <Mercato>MGP</Mercato>
    <Ora>19</Ora>
    <Totale>38626</Totale>
    <CNOR>4127</CNOR>
    <CSUD>5872</CSUD>
    <NORD>22341</NORD>
    <SARD>1135</SARD>
    <SICI>2233</SICI>
    <SUD>2918</SUD>
  </marketintervaldetail>
  <marketintervaldetail>
    <Data>20160913</Data>
    <Mercato>MGP</Mercato>
    <Ora>20</Ora>
    <Totale>40234</Totale>
    <CNOR>4267</CNOR>
    <CSUD>6453</CSUD>
    <NORD>22790</NORD>
    <SARD>1176</SARD>
    <SICI>2381</SICI>
    <SUD>3167</SUD>
  </marketintervaldetail>
  <marketintervaldetail>
    <Data>20160913</Data>
    <Mercato>MGP</Mercato>
    <Ora>21</Ora>
    <Totale>41109</Totale>
    <CNOR>4225</CNOR>
    <CSUD>6568</CSUD>
    <NORD>23210</NORD>
    <SARD>1226</SARD>
    <SICI>2533</SICI>
    <SUD>3347</SUD>
  </marketintervaldetail>
  <marketintervaldetail>
    <Data>20160913</Data>
    <Mercato>MGP</Mercato>
    <Ora>22</Ora>
    <Totale>38573</Totale>
    <CNOR>3919</CNOR>
    <CSUD>6087</CSUD>
    <NORD>21931</NORD>
    <SARD>1163</SARD>
    <SICI>2335</SICI>
    <SUD>3138</SUD>
  </marketintervaldetail>
  <marketintervaldetail>
    <Data>20160913</Data>
    <Mercato>MGP</Mercato>
    <Ora>23</Ora>
    <Totale>34905</Totale>
    <CNOR>3528</CNOR>
    <CSUD>5575</CSUD>
    <NORD>19693</NORD>
    <SARD>1081</SARD>
    <SICI>2179</SICI>
    <SUD>2849</SUD>
  </marketintervaldetail>
  <marketintervaldetail>
    <Data>20160913</Data>
    <Mercato>MGP</Mercato>
    <Ora>24</Ora>
    <Totale>31822</Totale>
    <CNOR>3234</CNOR>
    <CSUD>5018</CSUD>
    <NORD>17965</NORD>
    <SARD>1005</SARD>
    <SICI>2001</SICI>
    <SUD>2599</SUD>
  </marketintervaldetail>
</NewDataSet>