<?xml version="1.0" standalone="yes"?>
<NewDataSet>
  <xs:schema id="NewDataSet" xmlns="" xmlns:xs="http://www.w3.org/2001/XMLSchema" xmlns:msdata="urn:schemas-microsoft-com:xml-msdata">
    <xs:element name="NewDataSet" msdata:IsDataSet="true" msdata:MainDataTable="marketintervaldetail" msdata:UseCurrentLocale="true">
      <xs:complexType>
        <xs:choice minOccurs="0" maxOccurs="unbounded">
          <xs:element name="marketintervaldetail">
            <xs:complexType>
              <xs:sequence>
                <xs:element name="Data" type="xs:string" minOccurs="0" />
                <xs:element name="Mercato" type="xs:string" minOccurs="0" />
                <xs:element name="Ora" type="xs:string" minOccurs="0" />
                <xs:element name="Totale" type="xs:string" minOccurs="0" />
                <xs:element name="CNOR" type="xs:string" minOccurs="0" />
                <xs:element name="CSUD" type="xs:string" minOccurs="0" />
                <xs:element name="NORD" type="xs:string" minOccurs="0" />
                <xs:element name="SARD" type="xs:string" minOccurs="0" />
                <xs:element name="SICI" type="xs:string" minOccurs="0" />
                <xs:element name="SUD" type="xs:string" minOccurs="0" />
              </xs:sequence>
            </xs:complexType>
          </xs:element>
        </xs:choice>
      </xs:complexType>
    </xs:element>
  </xs:schema>
  <marketintervaldetail>
    <Data>20160918</Data>
    <Mercato>MGP</Mercato>
    <Ora>01</Ora>
    <Totale>25127</Totale>
    <CNOR>2661</CNOR>
    <CSUD>4170</CSUD>
    <NORD>13288</NORD>
    <SARD>915</SARD>
    <SICI>1843</SICI>
    <SUD>2250</SUD>
  </marketintervaldetail>
  <marketintervaldetail>
    <Data>20160918</Data>
    <Mercato>MGP</Mercato>
    <Ora>02</Ora>
    <Totale>23462</Totale>
    <CNOR>2460</CNOR>
    <CSUD>3833</CSUD>
    <NORD>12486</NORD>
    <SARD>869</SARD>
    <SICI>1716</SICI>
    <SUD>2098</SUD>
  </marketintervaldetail>
  <marketintervaldetail>
    <Data>20160918</Data>
    <Mercato>MGP</Mercato>
    <Ora>03</Ora>
    <Totale>22392</Totale>
    <CNOR>2337</CNOR>
    <CSUD>3619</CSUD>
    <NORD>11991</NORD>
    <SARD>833</SARD>
    <SICI>1624</SICI>
    <SUD>1988</SUD>
  </marketintervaldetail>
  <marketintervaldetail>
    <Data>20160918</Data>
    <Mercato>MGP</Mercato>
    <Ora>04</Ora>
    <Totale>21738</Totale>
    <CNOR>2266</CNOR>
    <CSUD>3495</CSUD>
    <NORD>11637</NORD>
    <SARD>812</SARD>
    <SICI>1558</SICI>
    <SUD>1970</SUD>
  </marketintervaldetail>
  <marketintervaldetail>
    <Data>20160918</Data>
    <Mercato>MGP</Mercato>
    <Ora>05</Ora>
    <Totale>21467</Totale>
    <CNOR>2289</CNOR>
    <CSUD>3436</CSUD>
    <NORD>11467</NORD>
    <SARD>800</SARD>
    <SICI>1525</SICI>
    <SUD>1950</SUD>
  </marketintervaldetail>
  <marketintervaldetail>
    <Data>20160918</Data>
    <Mercato>MGP</Mercato>
    <Ora>06</Ora>
    <Totale>21697</Totale>
    <CNOR>2296</CNOR>
    <CSUD>3473</CSUD>
    <NORD>11658</NORD>
    <SARD>801</SARD>
    <SICI>1536</SICI>
    <SUD>1933</SUD>
  </marketintervaldetail>
  <marketintervaldetail>
    <Data>20160918</Data>
    <Mercato>MGP</Mercato>
    <Ora>07</Ora>
    <Totale>22458</Totale>
    <CNOR>2388</CNOR>
    <CSUD>3595</CSUD>
    <NORD>12093</NORD>
    <SARD>826</SARD>
    <SICI>1568</SICI>
    <SUD>1988</SUD>
  </marketintervaldetail>
  <marketintervaldetail>
    <Data>20160918</Data>
    <Mercato>MGP</Mercato>
    <Ora>08</Ora>
    <Totale>22405</Totale>
    <CNOR>2382</CNOR>
    <CSUD>3621</CSUD>
    <NORD>11988</NORD>
    <SARD>850</SARD>
    <SICI>1570</SICI>
    <SUD>1994</SUD>
  </marketintervaldetail>
  <marketintervaldetail>
    <Data>20160918</Data>
    <Mercato>MGP</Mercato>
    <Ora>09</Ora>
    <Totale>23936</Totale>
    <CNOR>2657</CNOR>
    <CSUD>3959</CSUD>
    <NORD>12405</NORD>
    <SARD>882</SARD>
    <SICI>1774</SICI>
    <SUD>2259</SUD>
  </marketintervaldetail>
  <marketintervaldetail>
    <Data>20160918</Data>
    <Mercato>MGP</Mercato>
    <Ora>10</Ora>
    <Totale>25898</Totale>
    <CNOR>2943</CNOR>
    <CSUD>4472</CSUD>
    <NORD>13193</NORD>
    <SARD>907</SARD>
    <SICI>1916</SICI>
    <SUD>2467</SUD>
  </marketintervaldetail>
  <marketintervaldetail>
    <Data>20160918</Data>
    <Mercato>MGP</Mercato>
    <Ora>11</Ora>
    <Totale>26792</Totale>
    <CNOR>3013</CNOR>
    <CSUD>4673</CSUD>
    <NORD>13676</NORD>
    <SARD>911</SARD>
    <SICI>1959</SICI>
    <SUD>2560</SUD>
  </marketintervaldetail>
  <marketintervaldetail>
    <Data>20160918</Data>
    <Mercato>MGP</Mercato>
    <Ora>12</Ora>
    <Totale>27737</Totale>
    <CNOR>3092</CNOR>
    <CSUD>4912</CSUD>
    <NORD>14079</NORD>
    <SARD>909</SARD>
    <SICI>1985</SICI>
    <SUD>2760</SUD>
  </marketintervaldetail>
  <marketintervaldetail>
    <Data>20160918</Data>
    <Mercato>MGP</Mercato>
    <Ora>13</Ora>
    <Totale>27080</Totale>
    <CNOR>3064</CNOR>
    <CSUD>4920</CSUD>
    <NORD>13701</NORD>
    <SARD>901</SARD>
    <SICI>1997</SICI>
    <SUD>2497</SUD>
  </marketintervaldetail>
  <marketintervaldetail>
    <Data>20160918</Data>
    <Mercato>MGP</Mercato>
    <Ora>14</Ora>
    <Totale>25364</Totale>
    <CNOR>2848</CNOR>
    <CSUD>4517</CSUD>
    <NORD>13199</NORD>
    <SARD>879</SARD>
    <SICI>1868</SICI>
    <SUD>2053</SUD>
  </marketintervaldetail>
  <marketintervaldetail>
    <Data>20160918</Data>
    <Mercato>MGP</Mercato>
    <Ora>15</Ora>
    <Totale>24421</Totale>
    <CNOR>2715</CNOR>
    <CSUD>4045</CSUD>
    <NORD>12984</NORD>
    <SARD>866</SARD>
    <SICI>1897</SICI>
    <SUD>1914</SUD>
  </marketintervaldetail>
  <marketintervaldetail>
    <Data>20160918</Data>
    <Mercato>MGP</Mercato>
    <Ora>16</Ora>
    <Totale>24861</Totale>
    <CNOR>2782</CNOR>
    <CSUD>4106</CSUD>
    <NORD>13101</NORD>
    <SARD>834</SARD>
    <SICI>1923</SICI>
    <SUD>2115</SUD>
  </marketintervaldetail>
  <marketintervaldetail>
    <Data>20160918</Data>
    <Mercato>MGP</Mercato>
    <Ora>17</Ora>
    <Totale>25459</Totale>
    <CNOR>2748</CNOR>
    <CSUD>4242</CSUD>
    <NORD>13206</NORD>
    <SARD>829</SARD>
    <SICI>1974</SICI>
    <SUD>2460</SUD>
  </marketintervaldetail>
  <marketintervaldetail>
    <Data>20160918</Data>
    <Mercato>MGP</Mercato>
    <Ora>18</Ora>
    <Totale>26087</Totale>
    <CNOR>2785</CNOR>
    <CSUD>4300</CSUD>
    <NORD>13595</NORD>
    <SARD>927</SARD>
    <SICI>1921</SICI>
    <SUD>2559</SUD>
  </marketintervaldetail>
  <marketintervaldetail>
    <Data>20160918</Data>
    <Mercato>MGP</Mercato>
    <Ora>19</Ora>
    <Totale>27016</Totale>
    <CNOR>2872</CNOR>
    <CSUD>4451</CSUD>
    <NORD>14331</NORD>
    <SARD>939</SARD>
    <SICI>1913</SICI>
    <SUD>2510</SUD>
  </marketintervaldetail>
  <marketintervaldetail>
    <Data>20160918</Data>
    <Mercato>MGP</Mercato>
    <Ora>20</Ora>
    <Totale>30103</Totale>
    <CNOR>3259</CNOR>
    <CSUD>5118</CSUD>
    <NORD>15760</NORD>
    <SARD>1015</SARD>
    <SICI>2112</SICI>
    <SUD>2839</SUD>
  </marketintervaldetail>
  <marketintervaldetail>
    <Data>20160918</Data>
    <Mercato>MGP</Mercato>
    <Ora>21</Ora>
    <Totale>31375</Totale>
    <CNOR>3378</CNOR>
    <CSUD>5331</CSUD>
    <NORD>16426</NORD>
    <SARD>1094</SARD>
    <SICI>2238</SICI>
    <SUD>2908</SUD>
  </marketintervaldetail>
  <marketintervaldetail>
    <Data>20160918</Data>
    <Mercato>MGP</Mercato>
    <Ora>22</Ora>
    <Totale>29927</Totale>
    <CNOR>3203</CNOR>
    <CSUD>5055</CSUD>
    <NORD>15723</NORD>
    <SARD>1044</SARD>
    <SICI>2140</SICI>
    <SUD>2762</SUD>
  </marketintervaldetail>
  <marketintervaldetail>
    <Data>20160918</Data>
    <Mercato>MGP</Mercato>
    <Ora>23</Ora>
    <Totale>28063</Totale>
    <CNOR>3003</CNOR>
    <CSUD>4715</CSUD>
    <NORD>14751</NORD>
    <SARD>986</SARD>
    <SICI>1988</SICI>
    <SUD>2620</SUD>
  </marketintervaldetail>
  <marketintervaldetail>
    <Data>20160918</Data>
    <Mercato>MGP</Mercato>
    <Ora>24</Ora>
    <Totale>25601</Totale>
    <CNOR>2776</CNOR>
    <CSUD>4278</CSUD>
    <NORD>13417</NORD>
    <SARD>918</SARD>
    <SICI>1827</SICI>
    <SUD>2385</SUD>
  </marketintervaldetail>
</NewDataSet>