<?xml version="1.0" standalone="yes"?>
<NewDataSet>
  <xs:schema id="NewDataSet" xmlns="" xmlns:xs="http://www.w3.org/2001/XMLSchema" xmlns:msdata="urn:schemas-microsoft-com:xml-msdata">
    <xs:element name="NewDataSet" msdata:IsDataSet="true" msdata:MainDataTable="marketintervaldetail" msdata:UseCurrentLocale="true">
      <xs:complexType>
        <xs:choice minOccurs="0" maxOccurs="unbounded">
          <xs:element name="marketintervaldetail">
            <xs:complexType>
              <xs:sequence>
                <xs:element name="Data" type="xs:string" minOccurs="0" />
                <xs:element name="Mercato" type="xs:string" minOccurs="0" />
                <xs:element name="Ora" type="xs:string" minOccurs="0" />
                <xs:element name="Totale" type="xs:string" minOccurs="0" />
                <xs:element name="CNOR" type="xs:string" minOccurs="0" />
                <xs:element name="CSUD" type="xs:string" minOccurs="0" />
                <xs:element name="NORD" type="xs:string" minOccurs="0" />
                <xs:element name="SARD" type="xs:string" minOccurs="0" />
                <xs:element name="SICI" type="xs:string" minOccurs="0" />
                <xs:element name="SUD" type="xs:string" minOccurs="0" />
              </xs:sequence>
            </xs:complexType>
          </xs:element>
        </xs:choice>
      </xs:complexType>
    </xs:element>
  </xs:schema>
  <marketintervaldetail>
    <Data>20160922</Data>
    <Mercato>MGP</Mercato>
    <Ora>01</Ora>
    <Totale>28002</Totale>
    <CNOR>3054</CNOR>
    <CSUD>4134</CSUD>
    <NORD>15813</NORD>
    <SARD>838</SARD>
    <SICI>1734</SICI>
    <SUD>2429</SUD>
  </marketintervaldetail>
  <marketintervaldetail>
    <Data>20160922</Data>
    <Mercato>MGP</Mercato>
    <Ora>02</Ora>
    <Totale>26275</Totale>
    <CNOR>2890</CNOR>
    <CSUD>3785</CSUD>
    <NORD>14864</NORD>
    <SARD>803</SARD>
    <SICI>1640</SICI>
    <SUD>2293</SUD>
  </marketintervaldetail>
  <marketintervaldetail>
    <Data>20160922</Data>
    <Mercato>MGP</Mercato>
    <Ora>03</Ora>
    <Totale>25345</Totale>
    <CNOR>2756</CNOR>
    <CSUD>3573</CSUD>
    <NORD>14400</NORD>
    <SARD>783</SARD>
    <SICI>1564</SICI>
    <SUD>2269</SUD>
  </marketintervaldetail>
  <marketintervaldetail>
    <Data>20160922</Data>
    <Mercato>MGP</Mercato>
    <Ora>04</Ora>
    <Totale>25146</Totale>
    <CNOR>2741</CNOR>
    <CSUD>3473</CSUD>
    <NORD>14352</NORD>
    <SARD>771</SARD>
    <SICI>1539</SICI>
    <SUD>2270</SUD>
  </marketintervaldetail>
  <marketintervaldetail>
    <Data>20160922</Data>
    <Mercato>MGP</Mercato>
    <Ora>05</Ora>
    <Totale>25359</Totale>
    <CNOR>2717</CNOR>
    <CSUD>3475</CSUD>
    <NORD>14546</NORD>
    <SARD>771</SARD>
    <SICI>1546</SICI>
    <SUD>2304</SUD>
  </marketintervaldetail>
  <marketintervaldetail>
    <Data>20160922</Data>
    <Mercato>MGP</Mercato>
    <Ora>06</Ora>
    <Totale>26573</Totale>
    <CNOR>2818</CNOR>
    <CSUD>3662</CSUD>
    <NORD>15316</NORD>
    <SARD>794</SARD>
    <SICI>1616</SICI>
    <SUD>2367</SUD>
  </marketintervaldetail>
  <marketintervaldetail>
    <Data>20160922</Data>
    <Mercato>MGP</Mercato>
    <Ora>07</Ora>
    <Totale>30657</Totale>
    <CNOR>3283</CNOR>
    <CSUD>4247</CSUD>
    <NORD>17975</NORD>
    <SARD>866</SARD>
    <SICI>1742</SICI>
    <SUD>2544</SUD>
  </marketintervaldetail>
  <marketintervaldetail>
    <Data>20160922</Data>
    <Mercato>MGP</Mercato>
    <Ora>08</Ora>
    <Totale>35016</Totale>
    <CNOR>3711</CNOR>
    <CSUD>4804</CSUD>
    <NORD>20875</NORD>
    <SARD>953</SARD>
    <SICI>1947</SICI>
    <SUD>2726</SUD>
  </marketintervaldetail>
  <marketintervaldetail>
    <Data>20160922</Data>
    <Mercato>MGP</Mercato>
    <Ora>09</Ora>
    <Totale>39012</Totale>
    <CNOR>4179</CNOR>
    <CSUD>5393</CSUD>
    <NORD>23370</NORD>
    <SARD>1022</SARD>
    <SICI>2110</SICI>
    <SUD>2938</SUD>
  </marketintervaldetail>
  <marketintervaldetail>
    <Data>20160922</Data>
    <Mercato>MGP</Mercato>
    <Ora>10</Ora>
    <Totale>40944</Totale>
    <CNOR>4336</CNOR>
    <CSUD>5762</CSUD>
    <NORD>24596</NORD>
    <SARD>1037</SARD>
    <SICI>2201</SICI>
    <SUD>3012</SUD>
  </marketintervaldetail>
  <marketintervaldetail>
    <Data>20160922</Data>
    <Mercato>MGP</Mercato>
    <Ora>11</Ora>
    <Totale>40896</Totale>
    <CNOR>4368</CNOR>
    <CSUD>5818</CSUD>
    <NORD>24393</NORD>
    <SARD>993</SARD>
    <SICI>2260</SICI>
    <SUD>3064</SUD>
  </marketintervaldetail>
  <marketintervaldetail>
    <Data>20160922</Data>
    <Mercato>MGP</Mercato>
    <Ora>12</Ora>
    <Totale>40811</Totale>
    <CNOR>4363</CNOR>
    <CSUD>5845</CSUD>
    <NORD>24508</NORD>
    <SARD>950</SARD>
    <SICI>2159</SICI>
    <SUD>2986</SUD>
  </marketintervaldetail>
  <marketintervaldetail>
    <Data>20160922</Data>
    <Mercato>MGP</Mercato>
    <Ora>13</Ora>
    <Totale>38149</Totale>
    <CNOR>4031</CNOR>
    <CSUD>5728</CSUD>
    <NORD>22461</NORD>
    <SARD>946</SARD>
    <SICI>2116</SICI>
    <SUD>2867</SUD>
  </marketintervaldetail>
  <marketintervaldetail>
    <Data>20160922</Data>
    <Mercato>MGP</Mercato>
    <Ora>14</Ora>
    <Totale>37558</Totale>
    <CNOR>3862</CNOR>
    <CSUD>5546</CSUD>
    <NORD>22204</NORD>
    <SARD>929</SARD>
    <SICI>2047</SICI>
    <SUD>2970</SUD>
  </marketintervaldetail>
  <marketintervaldetail>
    <Data>20160922</Data>
    <Mercato>MGP</Mercato>
    <Ora>15</Ora>
    <Totale>38453</Totale>
    <CNOR>3988</CNOR>
    <CSUD>5747</CSUD>
    <NORD>22825</NORD>
    <SARD>894</SARD>
    <SICI>2050</SICI>
    <SUD>2949</SUD>
  </marketintervaldetail>
  <marketintervaldetail>
    <Data>20160922</Data>
    <Mercato>MGP</Mercato>
    <Ora>16</Ora>
    <Totale>38872</Totale>
    <CNOR>4127</CNOR>
    <CSUD>5867</CSUD>
    <NORD>23162</NORD>
    <SARD>898</SARD>
    <SICI>2083</SICI>
    <SUD>2735</SUD>
  </marketintervaldetail>
  <marketintervaldetail>
    <Data>20160922</Data>
    <Mercato>MGP</Mercato>
    <Ora>17</Ora>
    <Totale>39050</Totale>
    <CNOR>4180</CNOR>
    <CSUD>5667</CSUD>
    <NORD>23425</NORD>
    <SARD>915</SARD>
    <SICI>2132</SICI>
    <SUD>2731</SUD>
  </marketintervaldetail>
  <marketintervaldetail>
    <Data>20160922</Data>
    <Mercato>MGP</Mercato>
    <Ora>18</Ora>
    <Totale>38704</Totale>
    <CNOR>4150</CNOR>
    <CSUD>5825</CSUD>
    <NORD>22730</NORD>
    <SARD>945</SARD>
    <SICI>2156</SICI>
    <SUD>2898</SUD>
  </marketintervaldetail>
  <marketintervaldetail>
    <Data>20160922</Data>
    <Mercato>MGP</Mercato>
    <Ora>19</Ora>
    <Totale>38057</Totale>
    <CNOR>3876</CNOR>
    <CSUD>5848</CSUD>
    <NORD>22122</NORD>
    <SARD>986</SARD>
    <SICI>2202</SICI>
    <SUD>3023</SUD>
  </marketintervaldetail>
  <marketintervaldetail>
    <Data>20160922</Data>
    <Mercato>MGP</Mercato>
    <Ora>20</Ora>
    <Totale>40415</Totale>
    <CNOR>4317</CNOR>
    <CSUD>6224</CSUD>
    <NORD>23008</NORD>
    <SARD>1080</SARD>
    <SICI>2465</SICI>
    <SUD>3321</SUD>
  </marketintervaldetail>
  <marketintervaldetail>
    <Data>20160922</Data>
    <Mercato>MGP</Mercato>
    <Ora>21</Ora>
    <Totale>40960</Totale>
    <CNOR>4393</CNOR>
    <CSUD>6335</CSUD>
    <NORD>23164</NORD>
    <SARD>1162</SARD>
    <SICI>2513</SICI>
    <SUD>3393</SUD>
  </marketintervaldetail>
  <marketintervaldetail>
    <Data>20160922</Data>
    <Mercato>MGP</Mercato>
    <Ora>22</Ora>
    <Totale>37880</Totale>
    <CNOR>4157</CNOR>
    <CSUD>5846</CSUD>
    <NORD>21254</NORD>
    <SARD>1092</SARD>
    <SICI>2329</SICI>
    <SUD>3202</SUD>
  </marketintervaldetail>
  <marketintervaldetail>
    <Data>20160922</Data>
    <Mercato>MGP</Mercato>
    <Ora>23</Ora>
    <Totale>34381</Totale>
    <CNOR>3879</CNOR>
    <CSUD>5312</CSUD>
    <NORD>19093</NORD>
    <SARD>1007</SARD>
    <SICI>2165</SICI>
    <SUD>2925</SUD>
  </marketintervaldetail>
  <marketintervaldetail>
    <Data>20160922</Data>
    <Mercato>MGP</Mercato>
    <Ora>24</Ora>
    <Totale>31187</Totale>
    <CNOR>3490</CNOR>
    <CSUD>4754</CSUD>
    <NORD>17393</NORD>
    <SARD>933</SARD>
    <SICI>1938</SICI>
    <SUD>2679</SUD>
  </marketintervaldetail>
</NewDataSet>