<?xml version="1.0" standalone="yes"?>
<NewDataSet>
  <xs:schema id="NewDataSet" xmlns="" xmlns:xs="http://www.w3.org/2001/XMLSchema" xmlns:msdata="urn:schemas-microsoft-com:xml-msdata">
    <xs:element name="NewDataSet" msdata:IsDataSet="true" msdata:MainDataTable="marketintervaldetail" msdata:UseCurrentLocale="true">
      <xs:complexType>
        <xs:choice minOccurs="0" maxOccurs="unbounded">
          <xs:element name="marketintervaldetail">
            <xs:complexType>
              <xs:sequence>
                <xs:element name="Data" type="xs:string" minOccurs="0" />
                <xs:element name="Mercato" type="xs:string" minOccurs="0" />
                <xs:element name="Ora" type="xs:string" minOccurs="0" />
                <xs:element name="Totale" type="xs:string" minOccurs="0" />
                <xs:element name="CNOR" type="xs:string" minOccurs="0" />
                <xs:element name="CSUD" type="xs:string" minOccurs="0" />
                <xs:element name="NORD" type="xs:string" minOccurs="0" />
                <xs:element name="SARD" type="xs:string" minOccurs="0" />
                <xs:element name="SICI" type="xs:string" minOccurs="0" />
                <xs:element name="SUD" type="xs:string" minOccurs="0" />
              </xs:sequence>
            </xs:complexType>
          </xs:element>
        </xs:choice>
      </xs:complexType>
    </xs:element>
  </xs:schema>
  <marketintervaldetail>
    <Data>20160919</Data>
    <Mercato>MGP</Mercato>
    <Ora>01</Ora>
    <Totale>22924</Totale>
    <CNOR>2584</CNOR>
    <CSUD>3761</CSUD>
    <NORD>11898</NORD>
    <SARD>831</SARD>
    <SICI>1697</SICI>
    <SUD>2153</SUD>
  </marketintervaldetail>
  <marketintervaldetail>
    <Data>20160919</Data>
    <Mercato>MGP</Mercato>
    <Ora>02</Ora>
    <Totale>21725</Totale>
    <CNOR>2391</CNOR>
    <CSUD>3555</CSUD>
    <NORD>11389</NORD>
    <SARD>785</SARD>
    <SICI>1563</SICI>
    <SUD>2042</SUD>
  </marketintervaldetail>
  <marketintervaldetail>
    <Data>20160919</Data>
    <Mercato>MGP</Mercato>
    <Ora>03</Ora>
    <Totale>21275</Totale>
    <CNOR>2326</CNOR>
    <CSUD>3433</CSUD>
    <NORD>11299</NORD>
    <SARD>770</SARD>
    <SICI>1494</SICI>
    <SUD>1953</SUD>
  </marketintervaldetail>
  <marketintervaldetail>
    <Data>20160919</Data>
    <Mercato>MGP</Mercato>
    <Ora>04</Ora>
    <Totale>21048</Totale>
    <CNOR>2271</CNOR>
    <CSUD>3361</CSUD>
    <NORD>11213</NORD>
    <SARD>762</SARD>
    <SICI>1466</SICI>
    <SUD>1975</SUD>
  </marketintervaldetail>
  <marketintervaldetail>
    <Data>20160919</Data>
    <Mercato>MGP</Mercato>
    <Ora>05</Ora>
    <Totale>21419</Totale>
    <CNOR>2335</CNOR>
    <CSUD>3406</CSUD>
    <NORD>11446</NORD>
    <SARD>773</SARD>
    <SICI>1464</SICI>
    <SUD>1995</SUD>
  </marketintervaldetail>
  <marketintervaldetail>
    <Data>20160919</Data>
    <Mercato>MGP</Mercato>
    <Ora>06</Ora>
    <Totale>23101</Totale>
    <CNOR>2553</CNOR>
    <CSUD>3637</CSUD>
    <NORD>12546</NORD>
    <SARD>769</SARD>
    <SICI>1509</SICI>
    <SUD>2087</SUD>
  </marketintervaldetail>
  <marketintervaldetail>
    <Data>20160919</Data>
    <Mercato>MGP</Mercato>
    <Ora>07</Ora>
    <Totale>28077</Totale>
    <CNOR>3015</CNOR>
    <CSUD>4248</CSUD>
    <NORD>15917</NORD>
    <SARD>830</SARD>
    <SICI>1695</SICI>
    <SUD>2372</SUD>
  </marketintervaldetail>
  <marketintervaldetail>
    <Data>20160919</Data>
    <Mercato>MGP</Mercato>
    <Ora>08</Ora>
    <Totale>33041</Totale>
    <CNOR>3560</CNOR>
    <CSUD>4976</CSUD>
    <NORD>19177</NORD>
    <SARD>933</SARD>
    <SICI>1895</SICI>
    <SUD>2500</SUD>
  </marketintervaldetail>
  <marketintervaldetail>
    <Data>20160919</Data>
    <Mercato>MGP</Mercato>
    <Ora>09</Ora>
    <Totale>37316</Totale>
    <CNOR>4049</CNOR>
    <CSUD>5603</CSUD>
    <NORD>22016</NORD>
    <SARD>1009</SARD>
    <SICI>2020</SICI>
    <SUD>2619</SUD>
  </marketintervaldetail>
  <marketintervaldetail>
    <Data>20160919</Data>
    <Mercato>MGP</Mercato>
    <Ora>10</Ora>
    <Totale>39469</Totale>
    <CNOR>4363</CNOR>
    <CSUD>6099</CSUD>
    <NORD>23107</NORD>
    <SARD>1040</SARD>
    <SICI>2141</SICI>
    <SUD>2719</SUD>
  </marketintervaldetail>
  <marketintervaldetail>
    <Data>20160919</Data>
    <Mercato>MGP</Mercato>
    <Ora>11</Ora>
    <Totale>40155</Totale>
    <CNOR>4480</CNOR>
    <CSUD>6237</CSUD>
    <NORD>23205</NORD>
    <SARD>1094</SARD>
    <SICI>2206</SICI>
    <SUD>2933</SUD>
  </marketintervaldetail>
  <marketintervaldetail>
    <Data>20160919</Data>
    <Mercato>MGP</Mercato>
    <Ora>12</Ora>
    <Totale>40368</Totale>
    <CNOR>4570</CNOR>
    <CSUD>6272</CSUD>
    <NORD>23163</NORD>
    <SARD>1088</SARD>
    <SICI>2228</SICI>
    <SUD>3047</SUD>
  </marketintervaldetail>
  <marketintervaldetail>
    <Data>20160919</Data>
    <Mercato>MGP</Mercato>
    <Ora>13</Ora>
    <Totale>36952</Totale>
    <CNOR>3995</CNOR>
    <CSUD>5721</CSUD>
    <NORD>21143</NORD>
    <SARD>945</SARD>
    <SICI>2159</SICI>
    <SUD>2989</SUD>
  </marketintervaldetail>
  <marketintervaldetail>
    <Data>20160919</Data>
    <Mercato>MGP</Mercato>
    <Ora>14</Ora>
    <Totale>36445</Totale>
    <CNOR>3511</CNOR>
    <CSUD>5524</CSUD>
    <NORD>21417</NORD>
    <SARD>861</SARD>
    <SICI>2129</SICI>
    <SUD>3003</SUD>
  </marketintervaldetail>
  <marketintervaldetail>
    <Data>20160919</Data>
    <Mercato>MGP</Mercato>
    <Ora>15</Ora>
    <Totale>37903</Totale>
    <CNOR>3944</CNOR>
    <CSUD>5634</CSUD>
    <NORD>22530</NORD>
    <SARD>843</SARD>
    <SICI>2146</SICI>
    <SUD>2806</SUD>
  </marketintervaldetail>
  <marketintervaldetail>
    <Data>20160919</Data>
    <Mercato>MGP</Mercato>
    <Ora>16</Ora>
    <Totale>39134</Totale>
    <CNOR>4261</CNOR>
    <CSUD>5889</CSUD>
    <NORD>22953</NORD>
    <SARD>853</SARD>
    <SICI>2202</SICI>
    <SUD>2976</SUD>
  </marketintervaldetail>
  <marketintervaldetail>
    <Data>20160919</Data>
    <Mercato>MGP</Mercato>
    <Ora>17</Ora>
    <Totale>39960</Totale>
    <CNOR>4503</CNOR>
    <CSUD>6265</CSUD>
    <NORD>23142</NORD>
    <SARD>883</SARD>
    <SICI>2260</SICI>
    <SUD>2907</SUD>
  </marketintervaldetail>
  <marketintervaldetail>
    <Data>20160919</Data>
    <Mercato>MGP</Mercato>
    <Ora>18</Ora>
    <Totale>38590</Totale>
    <CNOR>4415</CNOR>
    <CSUD>6141</CSUD>
    <NORD>21830</NORD>
    <SARD>938</SARD>
    <SICI>2368</SICI>
    <SUD>2898</SUD>
  </marketintervaldetail>
  <marketintervaldetail>
    <Data>20160919</Data>
    <Mercato>MGP</Mercato>
    <Ora>19</Ora>
    <Totale>37273</Totale>
    <CNOR>4213</CNOR>
    <CSUD>6030</CSUD>
    <NORD>20669</NORD>
    <SARD>947</SARD>
    <SICI>2354</SICI>
    <SUD>3060</SUD>
  </marketintervaldetail>
  <marketintervaldetail>
    <Data>20160919</Data>
    <Mercato>MGP</Mercato>
    <Ora>20</Ora>
    <Totale>39350</Totale>
    <CNOR>4389</CNOR>
    <CSUD>6386</CSUD>
    <NORD>21520</NORD>
    <SARD>1030</SARD>
    <SICI>2582</SICI>
    <SUD>3443</SUD>
  </marketintervaldetail>
  <marketintervaldetail>
    <Data>20160919</Data>
    <Mercato>MGP</Mercato>
    <Ora>21</Ora>
    <Totale>39090</Totale>
    <CNOR>4300</CNOR>
    <CSUD>6200</CSUD>
    <NORD>21366</NORD>
    <SARD>1111</SARD>
    <SICI>2606</SICI>
    <SUD>3507</SUD>
  </marketintervaldetail>
  <marketintervaldetail>
    <Data>20160919</Data>
    <Mercato>MGP</Mercato>
    <Ora>22</Ora>
    <Totale>36044</Totale>
    <CNOR>3998</CNOR>
    <CSUD>5706</CSUD>
    <NORD>19655</NORD>
    <SARD>1036</SARD>
    <SICI>2402</SICI>
    <SUD>3247</SUD>
  </marketintervaldetail>
  <marketintervaldetail>
    <Data>20160919</Data>
    <Mercato>MGP</Mercato>
    <Ora>23</Ora>
    <Totale>32486</Totale>
    <CNOR>3612</CNOR>
    <CSUD>5176</CSUD>
    <NORD>17580</NORD>
    <SARD>949</SARD>
    <SICI>2236</SICI>
    <SUD>2933</SUD>
  </marketintervaldetail>
  <marketintervaldetail>
    <Data>20160919</Data>
    <Mercato>MGP</Mercato>
    <Ora>24</Ora>
    <Totale>29436</Totale>
    <CNOR>3382</CNOR>
    <CSUD>4545</CSUD>
    <NORD>15924</NORD>
    <SARD>879</SARD>
    <SICI>2035</SICI>
    <SUD>2671</SUD>
  </marketintervaldetail>
</NewDataSet>