<?xml version="1.0" standalone="yes"?>
<NewDataSet>
  <xs:schema id="NewDataSet" xmlns="" xmlns:xs="http://www.w3.org/2001/XMLSchema" xmlns:msdata="urn:schemas-microsoft-com:xml-msdata">
    <xs:element name="NewDataSet" msdata:IsDataSet="true" msdata:UseCurrentLocale="true">
      <xs:complexType>
        <xs:choice minOccurs="0" maxOccurs="unbounded">
          <xs:element name="Fabbisogno">
            <xs:complexType>
              <xs:sequence>
                <xs:element name="Data" type="xs:string" minOccurs="0" />
                <xs:element name="Mercato" type="xs:string" minOccurs="0" />
                <xs:element name="Ora" type="xs:string" minOccurs="0" />
                <xs:element name="Italia" type="xs:string" minOccurs="0" />
                <xs:element name="CNOR" type="xs:string" minOccurs="0" />
                <xs:element name="CSUD" type="xs:string" minOccurs="0" />
                <xs:element name="NORD" type="xs:string" minOccurs="0" />
                <xs:element name="SARD" type="xs:string" minOccurs="0" />
                <xs:element name="SICI" type="xs:string" minOccurs="0" />
                <xs:element name="SUD" type="xs:string" minOccurs="0" />
              </xs:sequence>
            </xs:complexType>
          </xs:element>
        </xs:choice>
      </xs:complexType>
    </xs:element>
  </xs:schema>
  <Fabbisogno>
    <Data>20161024</Data>
    <Mercato>MGP</Mercato>
    <Ora>1</Ora>
    <Italia>22854,432</Italia>
    <CNOR>2365,316</CNOR>
    <CSUD>3854,093</CSUD>
    <NORD>12349,424</NORD>
    <SARD>799,349</SARD>
    <SICI>1520,544</SICI>
    <SUD>1965,706</SUD>
  </Fabbisogno>
  <Fabbisogno>
    <Data>20161024</Data>
    <Mercato>MGP</Mercato>
    <Ora>2</Ora>
    <Italia>21615,931</Italia>
    <CNOR>2233,365</CNOR>
    <CSUD>3580,009</CSUD>
    <NORD>11759,027</NORD>
    <SARD>750,361</SARD>
    <SICI>1422,469</SICI>
    <SUD>1870,7</SUD>
  </Fabbisogno>
  <Fabbisogno>
    <Data>20161024</Data>
    <Mercato>MGP</Mercato>
    <Ora>3</Ora>
    <Italia>21040,765</Italia>
    <CNOR>2177,526</CNOR>
    <CSUD>3454,52</CSUD>
    <NORD>11470,968</NORD>
    <SARD>733,693</SARD>
    <SICI>1367,491</SICI>
    <SUD>1836,567</SUD>
  </Fabbisogno>
  <Fabbisogno>
    <Data>20161024</Data>
    <Mercato>MGP</Mercato>
    <Ora>4</Ora>
    <Italia>20860,852</Italia>
    <CNOR>2153,796</CNOR>
    <CSUD>3400,034</CSUD>
    <NORD>11413,944</NORD>
    <SARD>728,743</SARD>
    <SICI>1348,582</SICI>
    <SUD>1815,753</SUD>
  </Fabbisogno>
  <Fabbisogno>
    <Data>20161024</Data>
    <Mercato>MGP</Mercato>
    <Ora>5</Ora>
    <Italia>21280,248</Italia>
    <CNOR>2202,923</CNOR>
    <CSUD>3434,154</CSUD>
    <NORD>11706,01</NORD>
    <SARD>734,413</SARD>
    <SICI>1363,52</SICI>
    <SUD>1839,228</SUD>
  </Fabbisogno>
  <Fabbisogno>
    <Data>20161024</Data>
    <Mercato>MGP</Mercato>
    <Ora>6</Ora>
    <Italia>23218,213</Italia>
    <CNOR>2397,814</CNOR>
    <CSUD>3686,108</CSUD>
    <NORD>13015,593</NORD>
    <SARD>761,63</SARD>
    <SICI>1435,562</SICI>
    <SUD>1921,506</SUD>
  </Fabbisogno>
  <Fabbisogno>
    <Data>20161024</Data>
    <Mercato>MGP</Mercato>
    <Ora>7</Ora>
    <Italia>28425,109</Italia>
    <CNOR>2929,65</CNOR>
    <CSUD>4303,272</CSUD>
    <NORD>16591,199</NORD>
    <SARD>849,695</SARD>
    <SICI>1597,767</SICI>
    <SUD>2153,526</SUD>
  </Fabbisogno>
  <Fabbisogno>
    <Data>20161024</Data>
    <Mercato>MGP</Mercato>
    <Ora>8</Ora>
    <Italia>34284,362</Italia>
    <CNOR>3506,944</CNOR>
    <CSUD>5022,592</CSUD>
    <NORD>20487,187</NORD>
    <SARD>973,881</SARD>
    <SICI>1855,48</SICI>
    <SUD>2438,278</SUD>
  </Fabbisogno>
  <Fabbisogno>
    <Data>20161024</Data>
    <Mercato>MGP</Mercato>
    <Ora>9</Ora>
    <Italia>38088,768</Italia>
    <CNOR>3986,405</CNOR>
    <CSUD>5538,208</CSUD>
    <NORD>22943,003</NORD>
    <SARD>1030,313</SARD>
    <SICI>1994,35</SICI>
    <SUD>2596,489</SUD>
  </Fabbisogno>
  <Fabbisogno>
    <Data>20161024</Data>
    <Mercato>MGP</Mercato>
    <Ora>10</Ora>
    <Italia>38999,795</Italia>
    <CNOR>4113,002</CNOR>
    <CSUD>5737,314</CSUD>
    <NORD>23525,855</NORD>
    <SARD>1022,275</SARD>
    <SICI>2023,808</SICI>
    <SUD>2577,541</SUD>
  </Fabbisogno>
  <Fabbisogno>
    <Data>20161024</Data>
    <Mercato>MGP</Mercato>
    <Ora>11</Ora>
    <Italia>38353,85</Italia>
    <CNOR>4090,555</CNOR>
    <CSUD>5747,156</CSUD>
    <NORD>23050,912</NORD>
    <SARD>993,043999999999</SARD>
    <SICI>1963,476</SICI>
    <SUD>2508,707</SUD>
  </Fabbisogno>
  <Fabbisogno>
    <Data>20161024</Data>
    <Mercato>MGP</Mercato>
    <Ora>12</Ora>
    <Italia>37872,32</Italia>
    <CNOR>4005,748</CNOR>
    <CSUD>5592,856</CSUD>
    <NORD>22957,839</NORD>
    <SARD>957,767</SARD>
    <SICI>1906,979</SICI>
    <SUD>2451,131</SUD>
  </Fabbisogno>
  <Fabbisogno>
    <Data>20161024</Data>
    <Mercato>MGP</Mercato>
    <Ora>13</Ora>
    <Italia>35833,402</Italia>
    <CNOR>3698,908</CNOR>
    <CSUD>5621,28</CSUD>
    <NORD>21206,07</NORD>
    <SARD>945,244</SARD>
    <SICI>1898,837</SICI>
    <SUD>2463,063</SUD>
  </Fabbisogno>
  <Fabbisogno>
    <Data>20161024</Data>
    <Mercato>MGP</Mercato>
    <Ora>14</Ora>
    <Italia>35457,342</Italia>
    <CNOR>3597,109</CNOR>
    <CSUD>5394,579</CSUD>
    <NORD>21360,671</NORD>
    <SARD>899,54</SARD>
    <SICI>1831,846</SICI>
    <SUD>2373,597</SUD>
  </Fabbisogno>
  <Fabbisogno>
    <Data>20161024</Data>
    <Mercato>MGP</Mercato>
    <Ora>15</Ora>
    <Italia>36812,186</Italia>
    <CNOR>3840,766</CNOR>
    <CSUD>5476,722</CSUD>
    <NORD>22412,614</NORD>
    <SARD>890,654</SARD>
    <SICI>1841,736</SICI>
    <SUD>2349,694</SUD>
  </Fabbisogno>
  <Fabbisogno>
    <Data>20161024</Data>
    <Mercato>MGP</Mercato>
    <Ora>16</Ora>
    <Italia>37618,407</Italia>
    <CNOR>3967,662</CNOR>
    <CSUD>5576,715</CSUD>
    <NORD>22844,161</NORD>
    <SARD>902,365</SARD>
    <SICI>1880,76</SICI>
    <SUD>2446,744</SUD>
  </Fabbisogno>
  <Fabbisogno>
    <Data>20161024</Data>
    <Mercato>MGP</Mercato>
    <Ora>17</Ora>
    <Italia>38424,148</Italia>
    <CNOR>4031,798</CNOR>
    <CSUD>5676,343</CSUD>
    <NORD>23201,039</NORD>
    <SARD>936,529</SARD>
    <SICI>1997,341</SICI>
    <SUD>2581,098</SUD>
  </Fabbisogno>
  <Fabbisogno>
    <Data>20161024</Data>
    <Mercato>MGP</Mercato>
    <Ora>18</Ora>
    <Italia>38764,03</Italia>
    <CNOR>4084,103</CNOR>
    <CSUD>5846,268</CSUD>
    <NORD>22875,038</NORD>
    <SARD>986,117</SARD>
    <SICI>2137,184</SICI>
    <SUD>2835,32</SUD>
  </Fabbisogno>
  <Fabbisogno>
    <Data>20161024</Data>
    <Mercato>MGP</Mercato>
    <Ora>19</Ora>
    <Italia>39778,698</Italia>
    <CNOR>4172,959</CNOR>
    <CSUD>6206,773</CSUD>
    <NORD>22925,745</NORD>
    <SARD>1042,186</SARD>
    <SICI>2293,268</SICI>
    <SUD>3137,767</SUD>
  </Fabbisogno>
  <Fabbisogno>
    <Data>20161024</Data>
    <Mercato>MGP</Mercato>
    <Ora>20</Ora>
    <Italia>40422,481</Italia>
    <CNOR>4307,658</CNOR>
    <CSUD>6601,461</CSUD>
    <NORD>22692,341</NORD>
    <SARD>1125,424</SARD>
    <SICI>2429,584</SICI>
    <SUD>3266,013</SUD>
  </Fabbisogno>
  <Fabbisogno>
    <Data>20161024</Data>
    <Mercato>MGP</Mercato>
    <Ora>21</Ora>
    <Italia>38262,157</Italia>
    <CNOR>3970,216</CNOR>
    <CSUD>6218,312</CSUD>
    <NORD>21535,05</NORD>
    <SARD>1083,503</SARD>
    <SICI>2328,024</SICI>
    <SUD>3127,052</SUD>
  </Fabbisogno>
  <Fabbisogno>
    <Data>20161024</Data>
    <Mercato>MGP</Mercato>
    <Ora>22</Ora>
    <Italia>35565,073</Italia>
    <CNOR>3737,806</CNOR>
    <CSUD>5792,019</CSUD>
    <NORD>20012,64</NORD>
    <SARD>1009,529</SARD>
    <SICI>2134,828</SICI>
    <SUD>2878,251</SUD>
  </Fabbisogno>
  <Fabbisogno>
    <Data>20161024</Data>
    <Mercato>MGP</Mercato>
    <Ora>23</Ora>
    <Italia>32157,42</Italia>
    <CNOR>3377,715</CNOR>
    <CSUD>5242,934</CSUD>
    <NORD>18024,014</NORD>
    <SARD>950,508</SARD>
    <SICI>1950,514</SICI>
    <SUD>2611,735</SUD>
  </Fabbisogno>
  <Fabbisogno>
    <Data>20161024</Data>
    <Mercato>MGP</Mercato>
    <Ora>24</Ora>
    <Italia>28696,487</Italia>
    <CNOR>2931,303</CNOR>
    <CSUD>4564,549</CSUD>
    <NORD>16295,11</NORD>
    <SARD>853,16</SARD>
    <SICI>1739,289</SICI>
    <SUD>2313,076</SUD>
  </Fabbisogno>
</NewDataSet>