<?xml version="1.0" standalone="yes"?>
<NewDataSet>
  <xs:schema id="NewDataSet" xmlns="" xmlns:xs="http://www.w3.org/2001/XMLSchema" xmlns:msdata="urn:schemas-microsoft-com:xml-msdata">
    <xs:element name="NewDataSet" msdata:IsDataSet="true" msdata:UseCurrentLocale="true">
      <xs:complexType>
        <xs:choice minOccurs="0" maxOccurs="unbounded">
          <xs:element name="Fabbisogno">
            <xs:complexType>
              <xs:sequence>
                <xs:element name="Data" type="xs:string" minOccurs="0" />
                <xs:element name="Mercato" type="xs:string" minOccurs="0" />
                <xs:element name="Ora" type="xs:string" minOccurs="0" />
                <xs:element name="Italia" type="xs:string" minOccurs="0" />
                <xs:element name="CNOR" type="xs:string" minOccurs="0" />
                <xs:element name="CSUD" type="xs:string" minOccurs="0" />
                <xs:element name="NORD" type="xs:string" minOccurs="0" />
                <xs:element name="SARD" type="xs:string" minOccurs="0" />
                <xs:element name="SICI" type="xs:string" minOccurs="0" />
                <xs:element name="SUD" type="xs:string" minOccurs="0" />
              </xs:sequence>
            </xs:complexType>
          </xs:element>
        </xs:choice>
      </xs:complexType>
    </xs:element>
  </xs:schema>
  <Fabbisogno>
    <Data>20161006</Data>
    <Mercato>MGP</Mercato>
    <Ora>1</Ora>
    <Italia>27158,26</Italia>
    <CNOR>2926,049</CNOR>
    <CSUD>4442,16</CSUD>
    <NORD>15046,586</NORD>
    <SARD>878,661</SARD>
    <SICI>1646,654</SICI>
    <SUD>2218,15</SUD>
  </Fabbisogno>
  <Fabbisogno>
    <Data>20161006</Data>
    <Mercato>MGP</Mercato>
    <Ora>2</Ora>
    <Italia>25734,322</Italia>
    <CNOR>2774,822</CNOR>
    <CSUD>4169,501</CSUD>
    <NORD>14305,036</NORD>
    <SARD>845,891</SARD>
    <SICI>1532,473</SICI>
    <SUD>2106,599</SUD>
  </Fabbisogno>
  <Fabbisogno>
    <Data>20161006</Data>
    <Mercato>MGP</Mercato>
    <Ora>3</Ora>
    <Italia>25112,647</Italia>
    <CNOR>2709,931</CNOR>
    <CSUD>4041,4</CSUD>
    <NORD>14019,632</NORD>
    <SARD>826,951</SARD>
    <SICI>1448,933</SICI>
    <SUD>2065,8</SUD>
  </Fabbisogno>
  <Fabbisogno>
    <Data>20161006</Data>
    <Mercato>MGP</Mercato>
    <Ora>4</Ora>
    <Italia>24793,065</Italia>
    <CNOR>2653,743</CNOR>
    <CSUD>3948,064</CSUD>
    <NORD>13985,126</NORD>
    <SARD>813,163</SARD>
    <SICI>1390,45</SICI>
    <SUD>2002,519</SUD>
  </Fabbisogno>
  <Fabbisogno>
    <Data>20161006</Data>
    <Mercato>MGP</Mercato>
    <Ora>5</Ora>
    <Italia>24850,922</Italia>
    <CNOR>2652,955</CNOR>
    <CSUD>3954,729</CSUD>
    <NORD>14059,129</NORD>
    <SARD>807,858</SARD>
    <SICI>1388,807</SICI>
    <SUD>1987,444</SUD>
  </Fabbisogno>
  <Fabbisogno>
    <Data>20161006</Data>
    <Mercato>MGP</Mercato>
    <Ora>6</Ora>
    <Italia>26070,92</Italia>
    <CNOR>2791,845</CNOR>
    <CSUD>4165,196</CSUD>
    <NORD>14721,303</NORD>
    <SARD>837,689</SARD>
    <SICI>1476,605</SICI>
    <SUD>2078,282</SUD>
  </Fabbisogno>
  <Fabbisogno>
    <Data>20161006</Data>
    <Mercato>MGP</Mercato>
    <Ora>7</Ora>
    <Italia>30616,791</Italia>
    <CNOR>3243,08</CNOR>
    <CSUD>4796,037</CSUD>
    <NORD>17691,477</NORD>
    <SARD>949,333</SARD>
    <SICI>1649,296</SICI>
    <SUD>2287,568</SUD>
  </Fabbisogno>
  <Fabbisogno>
    <Data>20161006</Data>
    <Mercato>MGP</Mercato>
    <Ora>8</Ora>
    <Italia>35325,346</Italia>
    <CNOR>3723,615</CNOR>
    <CSUD>5272,734</CSUD>
    <NORD>20981,062</NORD>
    <SARD>999,832</SARD>
    <SICI>1841,312</SICI>
    <SUD>2506,791</SUD>
  </Fabbisogno>
  <Fabbisogno>
    <Data>20161006</Data>
    <Mercato>MGP</Mercato>
    <Ora>9</Ora>
    <Italia>39110,213</Italia>
    <CNOR>4255,698</CNOR>
    <CSUD>5844,197</CSUD>
    <NORD>23149,309</NORD>
    <SARD>1101,791</SARD>
    <SICI>2032,336</SICI>
    <SUD>2726,882</SUD>
  </Fabbisogno>
  <Fabbisogno>
    <Data>20161006</Data>
    <Mercato>MGP</Mercato>
    <Ora>10</Ora>
    <Italia>40041,841</Italia>
    <CNOR>4412,571</CNOR>
    <CSUD>6143,116</CSUD>
    <NORD>23538,617</NORD>
    <SARD>1106,033</SARD>
    <SICI>2087,998</SICI>
    <SUD>2753,506</SUD>
  </Fabbisogno>
  <Fabbisogno>
    <Data>20161006</Data>
    <Mercato>MGP</Mercato>
    <Ora>11</Ora>
    <Italia>39280,149</Italia>
    <CNOR>4298,835</CNOR>
    <CSUD>6080,285</CSUD>
    <NORD>23162,51</NORD>
    <SARD>1038,669</SARD>
    <SICI>2049,424</SICI>
    <SUD>2650,426</SUD>
  </Fabbisogno>
  <Fabbisogno>
    <Data>20161006</Data>
    <Mercato>MGP</Mercato>
    <Ora>12</Ora>
    <Italia>38366,361</Italia>
    <CNOR>4171,554</CNOR>
    <CSUD>5856,948</CSUD>
    <NORD>22794,904</NORD>
    <SARD>999,145000000001</SARD>
    <SICI>1998,831</SICI>
    <SUD>2544,979</SUD>
  </Fabbisogno>
  <Fabbisogno>
    <Data>20161006</Data>
    <Mercato>MGP</Mercato>
    <Ora>13</Ora>
    <Italia>36475,27</Italia>
    <CNOR>3931,6</CNOR>
    <CSUD>5899,499</CSUD>
    <NORD>21094,366</NORD>
    <SARD>1000,766</SARD>
    <SICI>1977,416</SICI>
    <SUD>2571,623</SUD>
  </Fabbisogno>
  <Fabbisogno>
    <Data>20161006</Data>
    <Mercato>MGP</Mercato>
    <Ora>14</Ora>
    <Italia>35891,251</Italia>
    <CNOR>3809,129</CNOR>
    <CSUD>5710,301</CSUD>
    <NORD>21078,407</NORD>
    <SARD>955,829</SARD>
    <SICI>1886,969</SICI>
    <SUD>2450,616</SUD>
  </Fabbisogno>
  <Fabbisogno>
    <Data>20161006</Data>
    <Mercato>MGP</Mercato>
    <Ora>15</Ora>
    <Italia>37013,849</Italia>
    <CNOR>4010,035</CNOR>
    <CSUD>5759,263</CSUD>
    <NORD>21958,867</NORD>
    <SARD>941,998999999999</SARD>
    <SICI>1921,592</SICI>
    <SUD>2422,093</SUD>
  </Fabbisogno>
  <Fabbisogno>
    <Data>20161006</Data>
    <Mercato>MGP</Mercato>
    <Ora>16</Ora>
    <Italia>37596,873</Italia>
    <CNOR>4106,951</CNOR>
    <CSUD>5810,533</CSUD>
    <NORD>22279,758</NORD>
    <SARD>943,259</SARD>
    <SICI>1974,127</SICI>
    <SUD>2482,245</SUD>
  </Fabbisogno>
  <Fabbisogno>
    <Data>20161006</Data>
    <Mercato>MGP</Mercato>
    <Ora>17</Ora>
    <Italia>38234,788</Italia>
    <CNOR>4150,775</CNOR>
    <CSUD>5829,534</CSUD>
    <NORD>22658,969</NORD>
    <SARD>969,218</SARD>
    <SICI>2044,382</SICI>
    <SUD>2581,91</SUD>
  </Fabbisogno>
  <Fabbisogno>
    <Data>20161006</Data>
    <Mercato>MGP</Mercato>
    <Ora>18</Ora>
    <Italia>38900,612</Italia>
    <CNOR>4228,579</CNOR>
    <CSUD>6051,438</CSUD>
    <NORD>22460,45</NORD>
    <SARD>1076,323</SARD>
    <SICI>2180,347</SICI>
    <SUD>2903,475</SUD>
  </Fabbisogno>
  <Fabbisogno>
    <Data>20161006</Data>
    <Mercato>MGP</Mercato>
    <Ora>19</Ora>
    <Italia>39541,793</Italia>
    <CNOR>4334,746</CNOR>
    <CSUD>6359,704</CSUD>
    <NORD>22325,716</NORD>
    <SARD>1124,854</SARD>
    <SICI>2264,82</SICI>
    <SUD>3131,953</SUD>
  </Fabbisogno>
  <Fabbisogno>
    <Data>20161006</Data>
    <Mercato>MGP</Mercato>
    <Ora>20</Ora>
    <Italia>41526,255</Italia>
    <CNOR>4651,978</CNOR>
    <CSUD>7040,708</CSUD>
    <NORD>22695,782</NORD>
    <SARD>1236,62</SARD>
    <SICI>2475,182</SICI>
    <SUD>3425,985</SUD>
  </Fabbisogno>
  <Fabbisogno>
    <Data>20161006</Data>
    <Mercato>MGP</Mercato>
    <Ora>21</Ora>
    <Italia>39262,591</Italia>
    <CNOR>4311,637</CNOR>
    <CSUD>6689,64</CSUD>
    <NORD>21364,886</NORD>
    <SARD>1224,033</SARD>
    <SICI>2358,375</SICI>
    <SUD>3314,02</SUD>
  </Fabbisogno>
  <Fabbisogno>
    <Data>20161006</Data>
    <Mercato>MGP</Mercato>
    <Ora>22</Ora>
    <Italia>36074,834</Italia>
    <CNOR>4002,47</CNOR>
    <CSUD>6119,532</CSUD>
    <NORD>19604,366</NORD>
    <SARD>1145,644</SARD>
    <SICI>2167,611</SICI>
    <SUD>3035,211</SUD>
  </Fabbisogno>
  <Fabbisogno>
    <Data>20161006</Data>
    <Mercato>MGP</Mercato>
    <Ora>23</Ora>
    <Italia>32638,792</Italia>
    <CNOR>3613,289</CNOR>
    <CSUD>5538,133</CSUD>
    <NORD>17697,444</NORD>
    <SARD>1015,995</SARD>
    <SICI>2011,586</SICI>
    <SUD>2762,345</SUD>
  </Fabbisogno>
  <Fabbisogno>
    <Data>20161006</Data>
    <Mercato>MGP</Mercato>
    <Ora>24</Ora>
    <Italia>29358,903</Italia>
    <CNOR>3235,436</CNOR>
    <CSUD>4966,263</CSUD>
    <NORD>15958,438</NORD>
    <SARD>937,902</SARD>
    <SICI>1784,062</SICI>
    <SUD>2476,802</SUD>
  </Fabbisogno>
</NewDataSet>