<?xml version="1.0" standalone="yes"?>
<NewDataSet>
  <xs:schema id="NewDataSet" xmlns="" xmlns:xs="http://www.w3.org/2001/XMLSchema" xmlns:msdata="urn:schemas-microsoft-com:xml-msdata">
    <xs:element name="NewDataSet" msdata:IsDataSet="true" msdata:UseCurrentLocale="true">
      <xs:complexType>
        <xs:choice minOccurs="0" maxOccurs="unbounded">
          <xs:element name="Fabbisogno">
            <xs:complexType>
              <xs:sequence>
                <xs:element name="Data" type="xs:string" minOccurs="0" />
                <xs:element name="Mercato" type="xs:string" minOccurs="0" />
                <xs:element name="Ora" type="xs:string" minOccurs="0" />
                <xs:element name="Italia" type="xs:string" minOccurs="0" />
                <xs:element name="CNOR" type="xs:string" minOccurs="0" />
                <xs:element name="CSUD" type="xs:string" minOccurs="0" />
                <xs:element name="NORD" type="xs:string" minOccurs="0" />
                <xs:element name="SARD" type="xs:string" minOccurs="0" />
                <xs:element name="SICI" type="xs:string" minOccurs="0" />
                <xs:element name="SUD" type="xs:string" minOccurs="0" />
              </xs:sequence>
            </xs:complexType>
          </xs:element>
        </xs:choice>
      </xs:complexType>
    </xs:element>
  </xs:schema>
  <Fabbisogno>
    <Data>20161019</Data>
    <Mercato>MGP</Mercato>
    <Ora>1</Ora>
    <Italia>26674,561</Italia>
    <CNOR>2754,664</CNOR>
    <CSUD>4154,69</CSUD>
    <NORD>15198,963</NORD>
    <SARD>846,816</SARD>
    <SICI>1611,907</SICI>
    <SUD>2107,521</SUD>
  </Fabbisogno>
  <Fabbisogno>
    <Data>20161019</Data>
    <Mercato>MGP</Mercato>
    <Ora>2</Ora>
    <Italia>25241,707</Italia>
    <CNOR>2605,924</CNOR>
    <CSUD>3891,508</CSUD>
    <NORD>14420,491</NORD>
    <SARD>820,369</SARD>
    <SICI>1493,91</SICI>
    <SUD>2009,505</SUD>
  </Fabbisogno>
  <Fabbisogno>
    <Data>20161019</Data>
    <Mercato>MGP</Mercato>
    <Ora>3</Ora>
    <Italia>24512,979</Italia>
    <CNOR>2517,988</CNOR>
    <CSUD>3756,446</CSUD>
    <NORD>14038,188</NORD>
    <SARD>799,926</SARD>
    <SICI>1436,073</SICI>
    <SUD>1964,358</SUD>
  </Fabbisogno>
  <Fabbisogno>
    <Data>20161019</Data>
    <Mercato>MGP</Mercato>
    <Ora>4</Ora>
    <Italia>24181,228</Italia>
    <CNOR>2464,376</CNOR>
    <CSUD>3683,056</CSUD>
    <NORD>13899,707</NORD>
    <SARD>788,707</SARD>
    <SICI>1407,769</SICI>
    <SUD>1937,613</SUD>
  </Fabbisogno>
  <Fabbisogno>
    <Data>20161019</Data>
    <Mercato>MGP</Mercato>
    <Ora>5</Ora>
    <Italia>24326,109</Italia>
    <CNOR>2450,123</CNOR>
    <CSUD>3684,687</CSUD>
    <NORD>14043,602</NORD>
    <SARD>787,566</SARD>
    <SICI>1412,849</SICI>
    <SUD>1947,282</SUD>
  </Fabbisogno>
  <Fabbisogno>
    <Data>20161019</Data>
    <Mercato>MGP</Mercato>
    <Ora>6</Ora>
    <Italia>25770,645</Italia>
    <CNOR>2565,699</CNOR>
    <CSUD>3870,394</CSUD>
    <NORD>15014,526</NORD>
    <SARD>812,734</SARD>
    <SICI>1484,165</SICI>
    <SUD>2023,127</SUD>
  </Fabbisogno>
  <Fabbisogno>
    <Data>20161019</Data>
    <Mercato>MGP</Mercato>
    <Ora>7</Ora>
    <Italia>30269,667</Italia>
    <CNOR>3033,741</CNOR>
    <CSUD>4470,838</CSUD>
    <NORD>17960,133</NORD>
    <SARD>899,244</SARD>
    <SICI>1659,551</SICI>
    <SUD>2246,16</SUD>
  </Fabbisogno>
  <Fabbisogno>
    <Data>20161019</Data>
    <Mercato>MGP</Mercato>
    <Ora>8</Ora>
    <Italia>35610,282</Italia>
    <CNOR>3695,607</CNOR>
    <CSUD>5052,576</CSUD>
    <NORD>21455,492</NORD>
    <SARD>1002,479</SARD>
    <SICI>1894,732</SICI>
    <SUD>2509,396</SUD>
  </Fabbisogno>
  <Fabbisogno>
    <Data>20161019</Data>
    <Mercato>MGP</Mercato>
    <Ora>9</Ora>
    <Italia>39509,289</Italia>
    <CNOR>4246,818</CNOR>
    <CSUD>5568,097</CSUD>
    <NORD>23845,314</NORD>
    <SARD>1063,819</SARD>
    <SICI>2061,769</SICI>
    <SUD>2723,472</SUD>
  </Fabbisogno>
  <Fabbisogno>
    <Data>20161019</Data>
    <Mercato>MGP</Mercato>
    <Ora>10</Ora>
    <Italia>40255,408</Italia>
    <CNOR>4397,122</CNOR>
    <CSUD>5793,79</CSUD>
    <NORD>24173,138</NORD>
    <SARD>1051,368</SARD>
    <SICI>2105,692</SICI>
    <SUD>2734,298</SUD>
  </Fabbisogno>
  <Fabbisogno>
    <Data>20161019</Data>
    <Mercato>MGP</Mercato>
    <Ora>11</Ora>
    <Italia>39947,347</Italia>
    <CNOR>4383,631</CNOR>
    <CSUD>6024,591</CSUD>
    <NORD>23795,874</NORD>
    <SARD>1030,52</SARD>
    <SICI>2059,043</SICI>
    <SUD>2653,688</SUD>
  </Fabbisogno>
  <Fabbisogno>
    <Data>20161019</Data>
    <Mercato>MGP</Mercato>
    <Ora>12</Ora>
    <Italia>39377,343</Italia>
    <CNOR>4296,795</CNOR>
    <CSUD>5816,567</CSUD>
    <NORD>23663,45</NORD>
    <SARD>989,609</SARD>
    <SICI>1997,628</SICI>
    <SUD>2613,294</SUD>
  </Fabbisogno>
  <Fabbisogno>
    <Data>20161019</Data>
    <Mercato>MGP</Mercato>
    <Ora>13</Ora>
    <Italia>37211,133</Italia>
    <CNOR>4033,944</CNOR>
    <CSUD>5758,161</CSUD>
    <NORD>21811,836</NORD>
    <SARD>979,873</SARD>
    <SICI>1995,93</SICI>
    <SUD>2631,389</SUD>
  </Fabbisogno>
  <Fabbisogno>
    <Data>20161019</Data>
    <Mercato>MGP</Mercato>
    <Ora>14</Ora>
    <Italia>36516,262</Italia>
    <CNOR>3846,821</CNOR>
    <CSUD>5552,451</CSUD>
    <NORD>21732,189</NORD>
    <SARD>938,864</SARD>
    <SICI>1925,904</SICI>
    <SUD>2520,033</SUD>
  </Fabbisogno>
  <Fabbisogno>
    <Data>20161019</Data>
    <Mercato>MGP</Mercato>
    <Ora>15</Ora>
    <Italia>37900,018</Italia>
    <CNOR>4079,884</CNOR>
    <CSUD>5604,921</CSUD>
    <NORD>22925,164</NORD>
    <SARD>931,825</SARD>
    <SICI>1908,402</SICI>
    <SUD>2449,822</SUD>
  </Fabbisogno>
  <Fabbisogno>
    <Data>20161019</Data>
    <Mercato>MGP</Mercato>
    <Ora>16</Ora>
    <Italia>38475,98</Italia>
    <CNOR>4177,648</CNOR>
    <CSUD>5656,957</CSUD>
    <NORD>23242,428</NORD>
    <SARD>935,354</SARD>
    <SICI>1949,135</SICI>
    <SUD>2514,458</SUD>
  </Fabbisogno>
  <Fabbisogno>
    <Data>20161019</Data>
    <Mercato>MGP</Mercato>
    <Ora>17</Ora>
    <Italia>39140,443</Italia>
    <CNOR>4314,035</CNOR>
    <CSUD>5796,887</CSUD>
    <NORD>23337,835</NORD>
    <SARD>967,98</SARD>
    <SICI>2037,465</SICI>
    <SUD>2686,241</SUD>
  </Fabbisogno>
  <Fabbisogno>
    <Data>20161019</Data>
    <Mercato>MGP</Mercato>
    <Ora>18</Ora>
    <Italia>39122,223</Italia>
    <CNOR>4275,264</CNOR>
    <CSUD>5978,354</CSUD>
    <NORD>22734,605</NORD>
    <SARD>1027,64</SARD>
    <SICI>2160,903</SICI>
    <SUD>2945,457</SUD>
  </Fabbisogno>
  <Fabbisogno>
    <Data>20161019</Data>
    <Mercato>MGP</Mercato>
    <Ora>19</Ora>
    <Italia>39785,114</Italia>
    <CNOR>4360,638</CNOR>
    <CSUD>6149,044</CSUD>
    <NORD>22781,257</NORD>
    <SARD>1056,761</SARD>
    <SICI>2299,815</SICI>
    <SUD>3137,599</SUD>
  </Fabbisogno>
  <Fabbisogno>
    <Data>20161019</Data>
    <Mercato>MGP</Mercato>
    <Ora>20</Ora>
    <Italia>41295,826</Italia>
    <CNOR>4592,643</CNOR>
    <CSUD>6708,376</CSUD>
    <NORD>23039,773</NORD>
    <SARD>1160,011</SARD>
    <SICI>2456,69</SICI>
    <SUD>3338,333</SUD>
  </Fabbisogno>
  <Fabbisogno>
    <Data>20161019</Data>
    <Mercato>MGP</Mercato>
    <Ora>21</Ora>
    <Italia>39048,361</Italia>
    <CNOR>4245,5</CNOR>
    <CSUD>6303,987</CSUD>
    <NORD>21793,824</NORD>
    <SARD>1137,382</SARD>
    <SICI>2341,145</SICI>
    <SUD>3226,523</SUD>
  </Fabbisogno>
  <Fabbisogno>
    <Data>20161019</Data>
    <Mercato>MGP</Mercato>
    <Ora>22</Ora>
    <Italia>35855,872</Italia>
    <CNOR>3911,586</CNOR>
    <CSUD>5742,052</CSUD>
    <NORD>20133,172</NORD>
    <SARD>1049,362</SARD>
    <SICI>2139,354</SICI>
    <SUD>2880,346</SUD>
  </Fabbisogno>
  <Fabbisogno>
    <Data>20161019</Data>
    <Mercato>MGP</Mercato>
    <Ora>23</Ora>
    <Italia>32221,709</Italia>
    <CNOR>3340,241</CNOR>
    <CSUD>5190,565</CSUD>
    <NORD>18148,143</NORD>
    <SARD>962,497</SARD>
    <SICI>1963,044</SICI>
    <SUD>2617,219</SUD>
  </Fabbisogno>
  <Fabbisogno>
    <Data>20161019</Data>
    <Mercato>MGP</Mercato>
    <Ora>24</Ora>
    <Italia>28953,729</Italia>
    <CNOR>2960,128</CNOR>
    <CSUD>4547,958</CSUD>
    <NORD>16496,206</NORD>
    <SARD>888,577</SARD>
    <SICI>1749,014</SICI>
    <SUD>2311,846</SUD>
  </Fabbisogno>
</NewDataSet>