<?xml version="1.0" standalone="yes"?>
<NewDataSet>
  <xs:schema id="NewDataSet" xmlns="" xmlns:xs="http://www.w3.org/2001/XMLSchema" xmlns:msdata="urn:schemas-microsoft-com:xml-msdata">
    <xs:element name="NewDataSet" msdata:IsDataSet="true" msdata:UseCurrentLocale="true">
      <xs:complexType>
        <xs:choice minOccurs="0" maxOccurs="unbounded">
          <xs:element name="Fabbisogno">
            <xs:complexType>
              <xs:sequence>
                <xs:element name="Data" type="xs:string" minOccurs="0" />
                <xs:element name="Mercato" type="xs:string" minOccurs="0" />
                <xs:element name="Ora" type="xs:string" minOccurs="0" />
                <xs:element name="Italia" type="xs:string" minOccurs="0" />
                <xs:element name="CNOR" type="xs:string" minOccurs="0" />
                <xs:element name="CSUD" type="xs:string" minOccurs="0" />
                <xs:element name="NORD" type="xs:string" minOccurs="0" />
                <xs:element name="SARD" type="xs:string" minOccurs="0" />
                <xs:element name="SICI" type="xs:string" minOccurs="0" />
                <xs:element name="SUD" type="xs:string" minOccurs="0" />
              </xs:sequence>
            </xs:complexType>
          </xs:element>
        </xs:choice>
      </xs:complexType>
    </xs:element>
  </xs:schema>
  <Fabbisogno>
    <Data>20161005</Data>
    <Mercato>MGP</Mercato>
    <Ora>1</Ora>
    <Italia>27047,185</Italia>
    <CNOR>2898,594</CNOR>
    <CSUD>4451,914</CSUD>
    <NORD>14968,828</NORD>
    <SARD>868,334</SARD>
    <SICI>1641,141</SICI>
    <SUD>2218,374</SUD>
  </Fabbisogno>
  <Fabbisogno>
    <Data>20161005</Data>
    <Mercato>MGP</Mercato>
    <Ora>2</Ora>
    <Italia>25738,049</Italia>
    <CNOR>2734,58</CNOR>
    <CSUD>4183,311</CSUD>
    <NORD>14347,033</NORD>
    <SARD>842,821</SARD>
    <SICI>1519,678</SICI>
    <SUD>2110,626</SUD>
  </Fabbisogno>
  <Fabbisogno>
    <Data>20161005</Data>
    <Mercato>MGP</Mercato>
    <Ora>3</Ora>
    <Italia>24997,586</Italia>
    <CNOR>2652,671</CNOR>
    <CSUD>4030,534</CSUD>
    <NORD>13960,974</NORD>
    <SARD>846,668</SARD>
    <SICI>1432,998</SICI>
    <SUD>2073,741</SUD>
  </Fabbisogno>
  <Fabbisogno>
    <Data>20161005</Data>
    <Mercato>MGP</Mercato>
    <Ora>4</Ora>
    <Italia>24695,56</Italia>
    <CNOR>2614,044</CNOR>
    <CSUD>3916,235</CSUD>
    <NORD>13924,882</NORD>
    <SARD>832,714</SARD>
    <SICI>1385,87</SICI>
    <SUD>2021,815</SUD>
  </Fabbisogno>
  <Fabbisogno>
    <Data>20161005</Data>
    <Mercato>MGP</Mercato>
    <Ora>5</Ora>
    <Italia>24983,611</Italia>
    <CNOR>2612,855</CNOR>
    <CSUD>3950,539</CSUD>
    <NORD>14160,619</NORD>
    <SARD>834,756</SARD>
    <SICI>1388,672</SICI>
    <SUD>2036,17</SUD>
  </Fabbisogno>
  <Fabbisogno>
    <Data>20161005</Data>
    <Mercato>MGP</Mercato>
    <Ora>6</Ora>
    <Italia>26243,376</Italia>
    <CNOR>2777,329</CNOR>
    <CSUD>4167,495</CSUD>
    <NORD>14867,145</NORD>
    <SARD>836,821</SARD>
    <SICI>1469,743</SICI>
    <SUD>2124,843</SUD>
  </Fabbisogno>
  <Fabbisogno>
    <Data>20161005</Data>
    <Mercato>MGP</Mercato>
    <Ora>7</Ora>
    <Italia>31101,097</Italia>
    <CNOR>3227,956</CNOR>
    <CSUD>4797,455</CSUD>
    <NORD>18042,346</NORD>
    <SARD>979,167</SARD>
    <SICI>1693,59</SICI>
    <SUD>2360,583</SUD>
  </Fabbisogno>
  <Fabbisogno>
    <Data>20161005</Data>
    <Mercato>MGP</Mercato>
    <Ora>8</Ora>
    <Italia>35754,822</Italia>
    <CNOR>3721,044</CNOR>
    <CSUD>5279,489</CSUD>
    <NORD>21232,563</NORD>
    <SARD>1078,986</SARD>
    <SICI>1880,704</SICI>
    <SUD>2562,036</SUD>
  </Fabbisogno>
  <Fabbisogno>
    <Data>20161005</Data>
    <Mercato>MGP</Mercato>
    <Ora>9</Ora>
    <Italia>39580,16</Italia>
    <CNOR>4228,238</CNOR>
    <CSUD>5844,02</CSUD>
    <NORD>23498,066</NORD>
    <SARD>1138,113</SARD>
    <SICI>2049,539</SICI>
    <SUD>2822,184</SUD>
  </Fabbisogno>
  <Fabbisogno>
    <Data>20161005</Data>
    <Mercato>MGP</Mercato>
    <Ora>10</Ora>
    <Italia>40407,273</Italia>
    <CNOR>4377,943</CNOR>
    <CSUD>6047,17</CSUD>
    <NORD>23895,191</NORD>
    <SARD>1129,561</SARD>
    <SICI>2139,899</SICI>
    <SUD>2817,509</SUD>
  </Fabbisogno>
  <Fabbisogno>
    <Data>20161005</Data>
    <Mercato>MGP</Mercato>
    <Ora>11</Ora>
    <Italia>39675,111</Italia>
    <CNOR>4187,436</CNOR>
    <CSUD>5910,47</CSUD>
    <NORD>23717,706</NORD>
    <SARD>1082,254</SARD>
    <SICI>2066,356</SICI>
    <SUD>2710,889</SUD>
  </Fabbisogno>
  <Fabbisogno>
    <Data>20161005</Data>
    <Mercato>MGP</Mercato>
    <Ora>12</Ora>
    <Italia>38829,83</Italia>
    <CNOR>4149,63</CNOR>
    <CSUD>5790,051</CSUD>
    <NORD>23302,959</NORD>
    <SARD>1011,282</SARD>
    <SICI>1999,918</SICI>
    <SUD>2575,99</SUD>
  </Fabbisogno>
  <Fabbisogno>
    <Data>20161005</Data>
    <Mercato>MGP</Mercato>
    <Ora>13</Ora>
    <Italia>36835,858</Italia>
    <CNOR>3912,74</CNOR>
    <CSUD>5855,363</CSUD>
    <NORD>21454,7</NORD>
    <SARD>1004,585</SARD>
    <SICI>1986,481</SICI>
    <SUD>2621,989</SUD>
  </Fabbisogno>
  <Fabbisogno>
    <Data>20161005</Data>
    <Mercato>MGP</Mercato>
    <Ora>14</Ora>
    <Italia>36246,694</Italia>
    <CNOR>3750,595</CNOR>
    <CSUD>5648,83</CSUD>
    <NORD>21491,216</NORD>
    <SARD>963,352</SARD>
    <SICI>1881,36</SICI>
    <SUD>2511,341</SUD>
  </Fabbisogno>
  <Fabbisogno>
    <Data>20161005</Data>
    <Mercato>MGP</Mercato>
    <Ora>15</Ora>
    <Italia>37372,986</Italia>
    <CNOR>3944,779</CNOR>
    <CSUD>5672,052</CSUD>
    <NORD>22433,428</NORD>
    <SARD>949,546</SARD>
    <SICI>1912,301</SICI>
    <SUD>2460,88</SUD>
  </Fabbisogno>
  <Fabbisogno>
    <Data>20161005</Data>
    <Mercato>MGP</Mercato>
    <Ora>16</Ora>
    <Italia>37940,334</Italia>
    <CNOR>4044,992</CNOR>
    <CSUD>5704,238</CSUD>
    <NORD>22732,746</NORD>
    <SARD>949,731</SARD>
    <SICI>1969</SICI>
    <SUD>2539,627</SUD>
  </Fabbisogno>
  <Fabbisogno>
    <Data>20161005</Data>
    <Mercato>MGP</Mercato>
    <Ora>17</Ora>
    <Italia>38666,862</Italia>
    <CNOR>4146,928</CNOR>
    <CSUD>5787,004</CSUD>
    <NORD>23089,444</NORD>
    <SARD>982,729</SARD>
    <SICI>2035,579</SICI>
    <SUD>2625,178</SUD>
  </Fabbisogno>
  <Fabbisogno>
    <Data>20161005</Data>
    <Mercato>MGP</Mercato>
    <Ora>18</Ora>
    <Italia>39203,333</Italia>
    <CNOR>4227,431</CNOR>
    <CSUD>6017,992</CSUD>
    <NORD>22761,997</NORD>
    <SARD>1109,454</SARD>
    <SICI>2179,704</SICI>
    <SUD>2906,755</SUD>
  </Fabbisogno>
  <Fabbisogno>
    <Data>20161005</Data>
    <Mercato>MGP</Mercato>
    <Ora>19</Ora>
    <Italia>39666,398</Italia>
    <CNOR>4384,637</CNOR>
    <CSUD>6322,748</CSUD>
    <NORD>22366,355</NORD>
    <SARD>1145,67</SARD>
    <SICI>2275,852</SICI>
    <SUD>3171,136</SUD>
  </Fabbisogno>
  <Fabbisogno>
    <Data>20161005</Data>
    <Mercato>MGP</Mercato>
    <Ora>20</Ora>
    <Italia>41117,535</Italia>
    <CNOR>4598,413</CNOR>
    <CSUD>6936,51</CSUD>
    <NORD>22538,092</NORD>
    <SARD>1169,01</SARD>
    <SICI>2421,039</SICI>
    <SUD>3454,471</SUD>
  </Fabbisogno>
  <Fabbisogno>
    <Data>20161005</Data>
    <Mercato>MGP</Mercato>
    <Ora>21</Ora>
    <Italia>38892,352</Italia>
    <CNOR>4275,671</CNOR>
    <CSUD>6567,881</CSUD>
    <NORD>21160,236</NORD>
    <SARD>1239,437</SARD>
    <SICI>2323,239</SICI>
    <SUD>3325,888</SUD>
  </Fabbisogno>
  <Fabbisogno>
    <Data>20161005</Data>
    <Mercato>MGP</Mercato>
    <Ora>22</Ora>
    <Italia>36088,9</Italia>
    <CNOR>3979,741</CNOR>
    <CSUD>6074,651</CSUD>
    <NORD>19693,946</NORD>
    <SARD>1168,317</SARD>
    <SICI>2145,885</SICI>
    <SUD>3026,36</SUD>
  </Fabbisogno>
  <Fabbisogno>
    <Data>20161005</Data>
    <Mercato>MGP</Mercato>
    <Ora>23</Ora>
    <Italia>32680,175</Italia>
    <CNOR>3576,912</CNOR>
    <CSUD>5487,07</CSUD>
    <NORD>17856,548</NORD>
    <SARD>1006,311</SARD>
    <SICI>2010,605</SICI>
    <SUD>2742,729</SUD>
  </Fabbisogno>
  <Fabbisogno>
    <Data>20161005</Data>
    <Mercato>MGP</Mercato>
    <Ora>24</Ora>
    <Italia>29343,474</Italia>
    <CNOR>3172,854</CNOR>
    <CSUD>4901,717</CSUD>
    <NORD>16100,161</NORD>
    <SARD>932,023</SARD>
    <SICI>1792,127</SICI>
    <SUD>2444,592</SUD>
  </Fabbisogno>
</NewDataSet>