<?xml version="1.0" standalone="yes"?>
<NewDataSet>
  <xs:schema id="NewDataSet" xmlns="" xmlns:xs="http://www.w3.org/2001/XMLSchema" xmlns:msdata="urn:schemas-microsoft-com:xml-msdata">
    <xs:element name="NewDataSet" msdata:IsDataSet="true" msdata:UseCurrentLocale="true">
      <xs:complexType>
        <xs:choice minOccurs="0" maxOccurs="unbounded">
          <xs:element name="Fabbisogno">
            <xs:complexType>
              <xs:sequence>
                <xs:element name="Data" type="xs:string" minOccurs="0" />
                <xs:element name="Mercato" type="xs:string" minOccurs="0" />
                <xs:element name="Ora" type="xs:string" minOccurs="0" />
                <xs:element name="Italia" type="xs:string" minOccurs="0" />
                <xs:element name="CNOR" type="xs:string" minOccurs="0" />
                <xs:element name="CSUD" type="xs:string" minOccurs="0" />
                <xs:element name="NORD" type="xs:string" minOccurs="0" />
                <xs:element name="SARD" type="xs:string" minOccurs="0" />
                <xs:element name="SICI" type="xs:string" minOccurs="0" />
                <xs:element name="SUD" type="xs:string" minOccurs="0" />
              </xs:sequence>
            </xs:complexType>
          </xs:element>
        </xs:choice>
      </xs:complexType>
    </xs:element>
  </xs:schema>
  <Fabbisogno>
    <Data>20161011</Data>
    <Mercato>MGP</Mercato>
    <Ora>1</Ora>
    <Italia>26464,896</Italia>
    <CNOR>2929,026</CNOR>
    <CSUD>4341,518</CSUD>
    <NORD>14637,959</NORD>
    <SARD>848,037</SARD>
    <SICI>1556,411</SICI>
    <SUD>2151,945</SUD>
  </Fabbisogno>
  <Fabbisogno>
    <Data>20161011</Data>
    <Mercato>MGP</Mercato>
    <Ora>2</Ora>
    <Italia>25143,964</Italia>
    <CNOR>2777,566</CNOR>
    <CSUD>4059,781</CSUD>
    <NORD>13992,693</NORD>
    <SARD>817,772</SARD>
    <SICI>1455,79</SICI>
    <SUD>2040,362</SUD>
  </Fabbisogno>
  <Fabbisogno>
    <Data>20161011</Data>
    <Mercato>MGP</Mercato>
    <Ora>3</Ora>
    <Italia>24371,686</Italia>
    <CNOR>2678,043</CNOR>
    <CSUD>3890,902</CSUD>
    <NORD>13630,932</NORD>
    <SARD>797,275</SARD>
    <SICI>1391,781</SICI>
    <SUD>1982,753</SUD>
  </Fabbisogno>
  <Fabbisogno>
    <Data>20161011</Data>
    <Mercato>MGP</Mercato>
    <Ora>4</Ora>
    <Italia>24093,412</Italia>
    <CNOR>2613,506</CNOR>
    <CSUD>3811,885</CSUD>
    <NORD>13628,295</NORD>
    <SARD>778,83</SARD>
    <SICI>1352,49</SICI>
    <SUD>1908,406</SUD>
  </Fabbisogno>
  <Fabbisogno>
    <Data>20161011</Data>
    <Mercato>MGP</Mercato>
    <Ora>5</Ora>
    <Italia>24015,582</Italia>
    <CNOR>2599,749</CNOR>
    <CSUD>3767,912</CSUD>
    <NORD>13663,647</NORD>
    <SARD>761,223</SARD>
    <SICI>1330,242</SICI>
    <SUD>1892,809</SUD>
  </Fabbisogno>
  <Fabbisogno>
    <Data>20161011</Data>
    <Mercato>MGP</Mercato>
    <Ora>6</Ora>
    <Italia>25538,568</Italia>
    <CNOR>2792,383</CNOR>
    <CSUD>4047,026</CSUD>
    <NORD>14461,469</NORD>
    <SARD>809,493</SARD>
    <SICI>1435,485</SICI>
    <SUD>1992,712</SUD>
  </Fabbisogno>
  <Fabbisogno>
    <Data>20161011</Data>
    <Mercato>MGP</Mercato>
    <Ora>7</Ora>
    <Italia>30521,818</Italia>
    <CNOR>3263,56</CNOR>
    <CSUD>4691,96</CSUD>
    <NORD>17756,389</NORD>
    <SARD>897,975</SARD>
    <SICI>1660,265</SICI>
    <SUD>2251,669</SUD>
  </Fabbisogno>
  <Fabbisogno>
    <Data>20161011</Data>
    <Mercato>MGP</Mercato>
    <Ora>8</Ora>
    <Italia>35570,1</Italia>
    <CNOR>3699,027</CNOR>
    <CSUD>5296,77</CSUD>
    <NORD>21170,346</NORD>
    <SARD>1004,545</SARD>
    <SICI>1881,28</SICI>
    <SUD>2518,132</SUD>
  </Fabbisogno>
  <Fabbisogno>
    <Data>20161011</Data>
    <Mercato>MGP</Mercato>
    <Ora>9</Ora>
    <Italia>38908,049</Italia>
    <CNOR>4175,876</CNOR>
    <CSUD>5799,146</CSUD>
    <NORD>23165,5</NORD>
    <SARD>1060,039</SARD>
    <SICI>2016,184</SICI>
    <SUD>2691,304</SUD>
  </Fabbisogno>
  <Fabbisogno>
    <Data>20161011</Data>
    <Mercato>MGP</Mercato>
    <Ora>10</Ora>
    <Italia>40239,024</Italia>
    <CNOR>4287,482</CNOR>
    <CSUD>6030,794</CSUD>
    <NORD>24120,742</NORD>
    <SARD>1049,104</SARD>
    <SICI>2060,844</SICI>
    <SUD>2690,058</SUD>
  </Fabbisogno>
  <Fabbisogno>
    <Data>20161011</Data>
    <Mercato>MGP</Mercato>
    <Ora>11</Ora>
    <Italia>39268,563</Italia>
    <CNOR>4198,506</CNOR>
    <CSUD>5890,983</CSUD>
    <NORD>23592,149</NORD>
    <SARD>999,736</SARD>
    <SICI>2005,424</SICI>
    <SUD>2581,765</SUD>
  </Fabbisogno>
  <Fabbisogno>
    <Data>20161011</Data>
    <Mercato>MGP</Mercato>
    <Ora>12</Ora>
    <Italia>38864,725</Italia>
    <CNOR>4164,244</CNOR>
    <CSUD>5806,466</CSUD>
    <NORD>23503,951</NORD>
    <SARD>971,444</SARD>
    <SICI>1945,725</SICI>
    <SUD>2472,895</SUD>
  </Fabbisogno>
  <Fabbisogno>
    <Data>20161011</Data>
    <Mercato>MGP</Mercato>
    <Ora>13</Ora>
    <Italia>36544,667</Italia>
    <CNOR>3874,903</CNOR>
    <CSUD>5744,074</CSUD>
    <NORD>21507,23</NORD>
    <SARD>957,987999999999</SARD>
    <SICI>1930,053</SICI>
    <SUD>2530,419</SUD>
  </Fabbisogno>
  <Fabbisogno>
    <Data>20161011</Data>
    <Mercato>MGP</Mercato>
    <Ora>14</Ora>
    <Italia>36450,686</Italia>
    <CNOR>3765,843</CNOR>
    <CSUD>5645,98</CSUD>
    <NORD>21797,063</NORD>
    <SARD>942,395</SARD>
    <SICI>1874,801</SICI>
    <SUD>2424,604</SUD>
  </Fabbisogno>
  <Fabbisogno>
    <Data>20161011</Data>
    <Mercato>MGP</Mercato>
    <Ora>15</Ora>
    <Italia>37619,92</Italia>
    <CNOR>3963,215</CNOR>
    <CSUD>5629,019</CSUD>
    <NORD>22865,681</NORD>
    <SARD>925,037</SARD>
    <SICI>1846,48</SICI>
    <SUD>2390,488</SUD>
  </Fabbisogno>
  <Fabbisogno>
    <Data>20161011</Data>
    <Mercato>MGP</Mercato>
    <Ora>16</Ora>
    <Italia>38286,587</Italia>
    <CNOR>4036,323</CNOR>
    <CSUD>5709,717</CSUD>
    <NORD>23247,281</NORD>
    <SARD>933,638</SARD>
    <SICI>1897,594</SICI>
    <SUD>2462,034</SUD>
  </Fabbisogno>
  <Fabbisogno>
    <Data>20161011</Data>
    <Mercato>MGP</Mercato>
    <Ora>17</Ora>
    <Italia>38424,667</Italia>
    <CNOR>4120,745</CNOR>
    <CSUD>5798,227</CSUD>
    <NORD>22962,381</NORD>
    <SARD>967,644</SARD>
    <SICI>1992,598</SICI>
    <SUD>2583,072</SUD>
  </Fabbisogno>
  <Fabbisogno>
    <Data>20161011</Data>
    <Mercato>MGP</Mercato>
    <Ora>18</Ora>
    <Italia>38666,148</Italia>
    <CNOR>4194,501</CNOR>
    <CSUD>5957,355</CSUD>
    <NORD>22549,024</NORD>
    <SARD>1014,546</SARD>
    <SICI>2099,567</SICI>
    <SUD>2851,155</SUD>
  </Fabbisogno>
  <Fabbisogno>
    <Data>20161011</Data>
    <Mercato>MGP</Mercato>
    <Ora>19</Ora>
    <Italia>39896,116</Italia>
    <CNOR>4466,407</CNOR>
    <CSUD>6558,844</CSUD>
    <NORD>22311,741</NORD>
    <SARD>1093,983</SARD>
    <SICI>2271,049</SICI>
    <SUD>3194,092</SUD>
  </Fabbisogno>
  <Fabbisogno>
    <Data>20161011</Data>
    <Mercato>MGP</Mercato>
    <Ora>20</Ora>
    <Italia>41055,865</Italia>
    <CNOR>4645,219</CNOR>
    <CSUD>7005,843</CSUD>
    <NORD>22397,86</NORD>
    <SARD>1202,996</SARD>
    <SICI>2436,921</SICI>
    <SUD>3367,026</SUD>
  </Fabbisogno>
  <Fabbisogno>
    <Data>20161011</Data>
    <Mercato>MGP</Mercato>
    <Ora>21</Ora>
    <Italia>38826,816</Italia>
    <CNOR>4295,935</CNOR>
    <CSUD>6599,595</CSUD>
    <NORD>21166,129</NORD>
    <SARD>1167,035</SARD>
    <SICI>2356,049</SICI>
    <SUD>3242,073</SUD>
  </Fabbisogno>
  <Fabbisogno>
    <Data>20161011</Data>
    <Mercato>MGP</Mercato>
    <Ora>22</Ora>
    <Italia>36014,297</Italia>
    <CNOR>4021,707</CNOR>
    <CSUD>6085,9</CSUD>
    <NORD>19709,956</NORD>
    <SARD>1089,472</SARD>
    <SICI>2158,657</SICI>
    <SUD>2948,605</SUD>
  </Fabbisogno>
  <Fabbisogno>
    <Data>20161011</Data>
    <Mercato>MGP</Mercato>
    <Ora>23</Ora>
    <Italia>32411,125</Italia>
    <CNOR>3610,584</CNOR>
    <CSUD>5487,753</CSUD>
    <NORD>17670,712</NORD>
    <SARD>998,619</SARD>
    <SICI>1975,327</SICI>
    <SUD>2668,13</SUD>
  </Fabbisogno>
  <Fabbisogno>
    <Data>20161011</Data>
    <Mercato>MGP</Mercato>
    <Ora>24</Ora>
    <Italia>29164,857</Italia>
    <CNOR>3210,599</CNOR>
    <CSUD>4857,933</CSUD>
    <NORD>16042,402</NORD>
    <SARD>919,499</SARD>
    <SICI>1780,587</SICI>
    <SUD>2353,837</SUD>
  </Fabbisogno>
</NewDataSet>