<?xml version="1.0" standalone="yes"?>
<NewDataSet>
  <xs:schema id="NewDataSet" xmlns="" xmlns:xs="http://www.w3.org/2001/XMLSchema" xmlns:msdata="urn:schemas-microsoft-com:xml-msdata">
    <xs:element name="NewDataSet" msdata:IsDataSet="true" msdata:UseCurrentLocale="true">
      <xs:complexType>
        <xs:choice minOccurs="0" maxOccurs="unbounded">
          <xs:element name="Fabbisogno">
            <xs:complexType>
              <xs:sequence>
                <xs:element name="Data" type="xs:string" minOccurs="0" />
                <xs:element name="Mercato" type="xs:string" minOccurs="0" />
                <xs:element name="Ora" type="xs:string" minOccurs="0" />
                <xs:element name="Italia" type="xs:string" minOccurs="0" />
                <xs:element name="CNOR" type="xs:string" minOccurs="0" />
                <xs:element name="CSUD" type="xs:string" minOccurs="0" />
                <xs:element name="NORD" type="xs:string" minOccurs="0" />
                <xs:element name="SARD" type="xs:string" minOccurs="0" />
                <xs:element name="SICI" type="xs:string" minOccurs="0" />
                <xs:element name="SUD" type="xs:string" minOccurs="0" />
              </xs:sequence>
            </xs:complexType>
          </xs:element>
        </xs:choice>
      </xs:complexType>
    </xs:element>
  </xs:schema>
  <Fabbisogno>
    <Data>20161004</Data>
    <Mercato>MGP</Mercato>
    <Ora>1</Ora>
    <Italia>26534,12</Italia>
    <CNOR>2882,178</CNOR>
    <CSUD>4379,064</CSUD>
    <NORD>14572,846</NORD>
    <SARD>872,603</SARD>
    <SICI>1611,481</SICI>
    <SUD>2215,948</SUD>
  </Fabbisogno>
  <Fabbisogno>
    <Data>20161004</Data>
    <Mercato>MGP</Mercato>
    <Ora>2</Ora>
    <Italia>25324,581</Italia>
    <CNOR>2736,273</CNOR>
    <CSUD>4121,025</CSUD>
    <NORD>14021,026</NORD>
    <SARD>840,145</SARD>
    <SICI>1504,104</SICI>
    <SUD>2102,008</SUD>
  </Fabbisogno>
  <Fabbisogno>
    <Data>20161004</Data>
    <Mercato>MGP</Mercato>
    <Ora>3</Ora>
    <Italia>24635,008</Italia>
    <CNOR>2644,151</CNOR>
    <CSUD>3972,293</CSUD>
    <NORD>13694,218</NORD>
    <SARD>824,562</SARD>
    <SICI>1446,1</SICI>
    <SUD>2053,684</SUD>
  </Fabbisogno>
  <Fabbisogno>
    <Data>20161004</Data>
    <Mercato>MGP</Mercato>
    <Ora>4</Ora>
    <Italia>24288,031</Italia>
    <CNOR>2609,01</CNOR>
    <CSUD>3905,802</CSUD>
    <NORD>13550,494</NORD>
    <SARD>814,206</SARD>
    <SICI>1410,191</SICI>
    <SUD>1998,328</SUD>
  </Fabbisogno>
  <Fabbisogno>
    <Data>20161004</Data>
    <Mercato>MGP</Mercato>
    <Ora>5</Ora>
    <Italia>24431,268</Italia>
    <CNOR>2616,691</CNOR>
    <CSUD>3925,03</CSUD>
    <NORD>13670,112</NORD>
    <SARD>818,361</SARD>
    <SICI>1412,437</SICI>
    <SUD>1988,637</SUD>
  </Fabbisogno>
  <Fabbisogno>
    <Data>20161004</Data>
    <Mercato>MGP</Mercato>
    <Ora>6</Ora>
    <Italia>25805</Italia>
    <CNOR>2752,423</CNOR>
    <CSUD>4114,828</CSUD>
    <NORD>14546,502</NORD>
    <SARD>843,211</SARD>
    <SICI>1482,89</SICI>
    <SUD>2065,146</SUD>
  </Fabbisogno>
  <Fabbisogno>
    <Data>20161004</Data>
    <Mercato>MGP</Mercato>
    <Ora>7</Ora>
    <Italia>30388,164</Italia>
    <CNOR>3178,12</CNOR>
    <CSUD>4713,427</CSUD>
    <NORD>17579,447</NORD>
    <SARD>963,667</SARD>
    <SICI>1687,507</SICI>
    <SUD>2265,996</SUD>
  </Fabbisogno>
  <Fabbisogno>
    <Data>20161004</Data>
    <Mercato>MGP</Mercato>
    <Ora>8</Ora>
    <Italia>35044,601</Italia>
    <CNOR>3652,05</CNOR>
    <CSUD>5251,781</CSUD>
    <NORD>20759,512</NORD>
    <SARD>1009,232</SARD>
    <SICI>1872,256</SICI>
    <SUD>2499,77</SUD>
  </Fabbisogno>
  <Fabbisogno>
    <Data>20161004</Data>
    <Mercato>MGP</Mercato>
    <Ora>9</Ora>
    <Italia>38778,728</Italia>
    <CNOR>4160,241</CNOR>
    <CSUD>5793,89</CSUD>
    <NORD>22943,759</NORD>
    <SARD>1118,873</SARD>
    <SICI>2041,178</SICI>
    <SUD>2720,787</SUD>
  </Fabbisogno>
  <Fabbisogno>
    <Data>20161004</Data>
    <Mercato>MGP</Mercato>
    <Ora>10</Ora>
    <Italia>39760,37</Italia>
    <CNOR>4282,395</CNOR>
    <CSUD>6019,458</CSUD>
    <NORD>23511,972</NORD>
    <SARD>1102,883</SARD>
    <SICI>2092,54</SICI>
    <SUD>2751,122</SUD>
  </Fabbisogno>
  <Fabbisogno>
    <Data>20161004</Data>
    <Mercato>MGP</Mercato>
    <Ora>11</Ora>
    <Italia>39030,051</Italia>
    <CNOR>4149,505</CNOR>
    <CSUD>5875,12</CSUD>
    <NORD>23244,562</NORD>
    <SARD>1055,735</SARD>
    <SICI>2052,408</SICI>
    <SUD>2652,721</SUD>
  </Fabbisogno>
  <Fabbisogno>
    <Data>20161004</Data>
    <Mercato>MGP</Mercato>
    <Ora>12</Ora>
    <Italia>38538,233</Italia>
    <CNOR>4117,596</CNOR>
    <CSUD>5821,062</CSUD>
    <NORD>23053,406</NORD>
    <SARD>981,667</SARD>
    <SICI>1985,661</SICI>
    <SUD>2578,841</SUD>
  </Fabbisogno>
  <Fabbisogno>
    <Data>20161004</Data>
    <Mercato>MGP</Mercato>
    <Ora>13</Ora>
    <Italia>36556,857</Italia>
    <CNOR>3857,485</CNOR>
    <CSUD>5872,847</CSUD>
    <NORD>21288,308</NORD>
    <SARD>984,344</SARD>
    <SICI>1966,906</SICI>
    <SUD>2586,967</SUD>
  </Fabbisogno>
  <Fabbisogno>
    <Data>20161004</Data>
    <Mercato>MGP</Mercato>
    <Ora>14</Ora>
    <Italia>36129,03</Italia>
    <CNOR>3725,259</CNOR>
    <CSUD>5658,918</CSUD>
    <NORD>21442,213</NORD>
    <SARD>947,418</SARD>
    <SICI>1886,847</SICI>
    <SUD>2468,375</SUD>
  </Fabbisogno>
  <Fabbisogno>
    <Data>20161004</Data>
    <Mercato>MGP</Mercato>
    <Ora>15</Ora>
    <Italia>37315,537</Italia>
    <CNOR>3943,996</CNOR>
    <CSUD>5731,148</CSUD>
    <NORD>22358,78</NORD>
    <SARD>927,66</SARD>
    <SICI>1922,219</SICI>
    <SUD>2431,734</SUD>
  </Fabbisogno>
  <Fabbisogno>
    <Data>20161004</Data>
    <Mercato>MGP</Mercato>
    <Ora>16</Ora>
    <Italia>37914,646</Italia>
    <CNOR>4014,48</CNOR>
    <CSUD>5812,603</CSUD>
    <NORD>22669,831</NORD>
    <SARD>939,964</SARD>
    <SICI>1980,442</SICI>
    <SUD>2497,326</SUD>
  </Fabbisogno>
  <Fabbisogno>
    <Data>20161004</Data>
    <Mercato>MGP</Mercato>
    <Ora>17</Ora>
    <Italia>38698,138</Italia>
    <CNOR>4138,452</CNOR>
    <CSUD>5899,425</CSUD>
    <NORD>22895,445</NORD>
    <SARD>1014,229</SARD>
    <SICI>2083,172</SICI>
    <SUD>2667,415</SUD>
  </Fabbisogno>
  <Fabbisogno>
    <Data>20161004</Data>
    <Mercato>MGP</Mercato>
    <Ora>18</Ora>
    <Italia>39065,675</Italia>
    <CNOR>4201,384</CNOR>
    <CSUD>6104,561</CSUD>
    <NORD>22548,987</NORD>
    <SARD>1100,071</SARD>
    <SICI>2202,611</SICI>
    <SUD>2908,061</SUD>
  </Fabbisogno>
  <Fabbisogno>
    <Data>20161004</Data>
    <Mercato>MGP</Mercato>
    <Ora>19</Ora>
    <Italia>39749,904</Italia>
    <CNOR>4360,82</CNOR>
    <CSUD>6480,436</CSUD>
    <NORD>22329,108</NORD>
    <SARD>1163,929</SARD>
    <SICI>2297,987</SICI>
    <SUD>3117,624</SUD>
  </Fabbisogno>
  <Fabbisogno>
    <Data>20161004</Data>
    <Mercato>MGP</Mercato>
    <Ora>20</Ora>
    <Italia>41302,738</Italia>
    <CNOR>4545,509</CNOR>
    <CSUD>7034,895</CSUD>
    <NORD>22646,425</NORD>
    <SARD>1262,971</SARD>
    <SICI>2466,429</SICI>
    <SUD>3346,509</SUD>
  </Fabbisogno>
  <Fabbisogno>
    <Data>20161004</Data>
    <Mercato>MGP</Mercato>
    <Ora>21</Ora>
    <Italia>38845,156</Italia>
    <CNOR>4250,252</CNOR>
    <CSUD>6640,014</CSUD>
    <NORD>21102,209</NORD>
    <SARD>1267,323</SARD>
    <SICI>2342,35</SICI>
    <SUD>3243,008</SUD>
  </Fabbisogno>
  <Fabbisogno>
    <Data>20161004</Data>
    <Mercato>MGP</Mercato>
    <Ora>22</Ora>
    <Italia>36055,713</Italia>
    <CNOR>3985,154</CNOR>
    <CSUD>6172,823</CSUD>
    <NORD>19573,387</NORD>
    <SARD>1184,216</SARD>
    <SICI>2168,29</SICI>
    <SUD>2971,843</SUD>
  </Fabbisogno>
  <Fabbisogno>
    <Data>20161004</Data>
    <Mercato>MGP</Mercato>
    <Ora>23</Ora>
    <Italia>32802,641</Italia>
    <CNOR>3715,237</CNOR>
    <CSUD>5569,436</CSUD>
    <NORD>17695,545</NORD>
    <SARD>1088,081</SARD>
    <SICI>2039,581</SICI>
    <SUD>2694,761</SUD>
  </Fabbisogno>
  <Fabbisogno>
    <Data>20161004</Data>
    <Mercato>MGP</Mercato>
    <Ora>24</Ora>
    <Italia>29246,208</Italia>
    <CNOR>3160,636</CNOR>
    <CSUD>4913,851</CSUD>
    <NORD>16022,172</NORD>
    <SARD>934,685</SARD>
    <SICI>1822,739</SICI>
    <SUD>2392,125</SUD>
  </Fabbisogno>
</NewDataSet>