<?xml version="1.0" standalone="yes"?>
<NewDataSet>
  <xs:schema id="NewDataSet" xmlns="" xmlns:xs="http://www.w3.org/2001/XMLSchema" xmlns:msdata="urn:schemas-microsoft-com:xml-msdata">
    <xs:element name="NewDataSet" msdata:IsDataSet="true" msdata:UseCurrentLocale="true">
      <xs:complexType>
        <xs:choice minOccurs="0" maxOccurs="unbounded">
          <xs:element name="Fabbisogno">
            <xs:complexType>
              <xs:sequence>
                <xs:element name="Data" type="xs:string" minOccurs="0" />
                <xs:element name="Mercato" type="xs:string" minOccurs="0" />
                <xs:element name="Ora" type="xs:string" minOccurs="0" />
                <xs:element name="Italia" type="xs:string" minOccurs="0" />
                <xs:element name="CNOR" type="xs:string" minOccurs="0" />
                <xs:element name="CSUD" type="xs:string" minOccurs="0" />
                <xs:element name="NORD" type="xs:string" minOccurs="0" />
                <xs:element name="SARD" type="xs:string" minOccurs="0" />
                <xs:element name="SICI" type="xs:string" minOccurs="0" />
                <xs:element name="SUD" type="xs:string" minOccurs="0" />
              </xs:sequence>
            </xs:complexType>
          </xs:element>
        </xs:choice>
      </xs:complexType>
    </xs:element>
  </xs:schema>
  <Fabbisogno>
    <Data>20161031</Data>
    <Mercato>MGP</Mercato>
    <Ora>1</Ora>
    <Italia>22718,604</Italia>
    <CNOR>2439,092</CNOR>
    <CSUD>3960,56</CSUD>
    <NORD>11992,785</NORD>
    <SARD>815,921</SARD>
    <SICI>1498,609</SICI>
    <SUD>2011,637</SUD>
  </Fabbisogno>
  <Fabbisogno>
    <Data>20161031</Data>
    <Mercato>MGP</Mercato>
    <Ora>2</Ora>
    <Italia>21483,861</Italia>
    <CNOR>2291,449</CNOR>
    <CSUD>3667,673</CSUD>
    <NORD>11477,769</NORD>
    <SARD>774,39</SARD>
    <SICI>1394,787</SICI>
    <SUD>1877,793</SUD>
  </Fabbisogno>
  <Fabbisogno>
    <Data>20161031</Data>
    <Mercato>MGP</Mercato>
    <Ora>3</Ora>
    <Italia>20921,224</Italia>
    <CNOR>2318,456</CNOR>
    <CSUD>3507,684</CSUD>
    <NORD>11185,721</NORD>
    <SARD>755,847</SARD>
    <SICI>1333,218</SICI>
    <SUD>1820,298</SUD>
  </Fabbisogno>
  <Fabbisogno>
    <Data>20161031</Data>
    <Mercato>MGP</Mercato>
    <Ora>4</Ora>
    <Italia>20631,459</Italia>
    <CNOR>2252,318</CNOR>
    <CSUD>3475,656</CSUD>
    <NORD>11034,937</NORD>
    <SARD>760,947</SARD>
    <SICI>1314,23</SICI>
    <SUD>1793,371</SUD>
  </Fabbisogno>
  <Fabbisogno>
    <Data>20161031</Data>
    <Mercato>MGP</Mercato>
    <Ora>5</Ora>
    <Italia>20775,107</Italia>
    <CNOR>2217,805</CNOR>
    <CSUD>3489,284</CSUD>
    <NORD>11193,413</NORD>
    <SARD>767,254</SARD>
    <SICI>1324,789</SICI>
    <SUD>1782,562</SUD>
  </Fabbisogno>
  <Fabbisogno>
    <Data>20161031</Data>
    <Mercato>MGP</Mercato>
    <Ora>6</Ora>
    <Italia>21956,121</Italia>
    <CNOR>2344,687</CNOR>
    <CSUD>3673,779</CSUD>
    <NORD>11954,028</NORD>
    <SARD>775,825</SARD>
    <SICI>1368,337</SICI>
    <SUD>1839,465</SUD>
  </Fabbisogno>
  <Fabbisogno>
    <Data>20161031</Data>
    <Mercato>MGP</Mercato>
    <Ora>7</Ora>
    <Italia>25185,976</Italia>
    <CNOR>2694,165</CNOR>
    <CSUD>4049,581</CSUD>
    <NORD>14146,596</NORD>
    <SARD>838,641</SARD>
    <SICI>1460,938</SICI>
    <SUD>1996,055</SUD>
  </Fabbisogno>
  <Fabbisogno>
    <Data>20161031</Data>
    <Mercato>MGP</Mercato>
    <Ora>8</Ora>
    <Italia>28644,568</Italia>
    <CNOR>3022,004</CNOR>
    <CSUD>4536,825</CSUD>
    <NORD>16177,392</NORD>
    <SARD>916,394</SARD>
    <SICI>1713,139</SICI>
    <SUD>2278,814</SUD>
  </Fabbisogno>
  <Fabbisogno>
    <Data>20161031</Data>
    <Mercato>MGP</Mercato>
    <Ora>9</Ora>
    <Italia>30533,726</Italia>
    <CNOR>3326,887</CNOR>
    <CSUD>4972,653</CSUD>
    <NORD>17075,008</NORD>
    <SARD>966,393</SARD>
    <SICI>1819,901</SICI>
    <SUD>2372,884</SUD>
  </Fabbisogno>
  <Fabbisogno>
    <Data>20161031</Data>
    <Mercato>MGP</Mercato>
    <Ora>10</Ora>
    <Italia>31620,8</Italia>
    <CNOR>3443,563</CNOR>
    <CSUD>5245,214</CSUD>
    <NORD>17664,179</NORD>
    <SARD>982,722</SARD>
    <SICI>1879,934</SICI>
    <SUD>2405,188</SUD>
  </Fabbisogno>
  <Fabbisogno>
    <Data>20161031</Data>
    <Mercato>MGP</Mercato>
    <Ora>11</Ora>
    <Italia>30804,645</Italia>
    <CNOR>3435,449</CNOR>
    <CSUD>5264,365</CSUD>
    <NORD>16970,517</NORD>
    <SARD>951,213</SARD>
    <SICI>1845,142</SICI>
    <SUD>2337,959</SUD>
  </Fabbisogno>
  <Fabbisogno>
    <Data>20161031</Data>
    <Mercato>MGP</Mercato>
    <Ora>12</Ora>
    <Italia>30370,088</Italia>
    <CNOR>3330,866</CNOR>
    <CSUD>5207,108</CSUD>
    <NORD>16794,051</NORD>
    <SARD>915,672</SARD>
    <SICI>1818,356</SICI>
    <SUD>2304,035</SUD>
  </Fabbisogno>
  <Fabbisogno>
    <Data>20161031</Data>
    <Mercato>MGP</Mercato>
    <Ora>13</Ora>
    <Italia>29434,112</Italia>
    <CNOR>3203,819</CNOR>
    <CSUD>5177,115</CSUD>
    <NORD>15997,054</NORD>
    <SARD>899,989</SARD>
    <SICI>1819,601</SICI>
    <SUD>2336,534</SUD>
  </Fabbisogno>
  <Fabbisogno>
    <Data>20161031</Data>
    <Mercato>MGP</Mercato>
    <Ora>14</Ora>
    <Italia>28938,855</Italia>
    <CNOR>3098,755</CNOR>
    <CSUD>5052,641</CSUD>
    <NORD>15849,164</NORD>
    <SARD>872,875</SARD>
    <SICI>1785,474</SICI>
    <SUD>2279,946</SUD>
  </Fabbisogno>
  <Fabbisogno>
    <Data>20161031</Data>
    <Mercato>MGP</Mercato>
    <Ora>15</Ora>
    <Italia>29741,015</Italia>
    <CNOR>3217,757</CNOR>
    <CSUD>5089,459</CSUD>
    <NORD>16513,456</NORD>
    <SARD>866,814</SARD>
    <SICI>1777,789</SICI>
    <SUD>2275,74</SUD>
  </Fabbisogno>
  <Fabbisogno>
    <Data>20161031</Data>
    <Mercato>MGP</Mercato>
    <Ora>16</Ora>
    <Italia>30585,053</Italia>
    <CNOR>3332,519</CNOR>
    <CSUD>5114,137</CSUD>
    <NORD>17082,175</NORD>
    <SARD>872,504</SARD>
    <SICI>1829,069</SICI>
    <SUD>2354,649</SUD>
  </Fabbisogno>
  <Fabbisogno>
    <Data>20161031</Data>
    <Mercato>MGP</Mercato>
    <Ora>17</Ora>
    <Italia>32107,491</Italia>
    <CNOR>3505,398</CNOR>
    <CSUD>5397,293</CSUD>
    <NORD>17650,852</NORD>
    <SARD>941,089</SARD>
    <SICI>1966,456</SICI>
    <SUD>2646,403</SUD>
  </Fabbisogno>
  <Fabbisogno>
    <Data>20161031</Data>
    <Mercato>MGP</Mercato>
    <Ora>18</Ora>
    <Italia>33549,581</Italia>
    <CNOR>3660,185</CNOR>
    <CSUD>5728,27</CSUD>
    <NORD>18141,648</NORD>
    <SARD>989,226</SARD>
    <SICI>2105,889</SICI>
    <SUD>2924,363</SUD>
  </Fabbisogno>
  <Fabbisogno>
    <Data>20161031</Data>
    <Mercato>MGP</Mercato>
    <Ora>19</Ora>
    <Italia>35093,394</Italia>
    <CNOR>3856,247</CNOR>
    <CSUD>6033,737</CSUD>
    <NORD>18776,723</NORD>
    <SARD>1063,2</SARD>
    <SICI>2214,137</SICI>
    <SUD>3149,35</SUD>
  </Fabbisogno>
  <Fabbisogno>
    <Data>20161031</Data>
    <Mercato>MGP</Mercato>
    <Ora>20</Ora>
    <Italia>35675,056</Italia>
    <CNOR>4036,492</CNOR>
    <CSUD>6300,341</CSUD>
    <NORD>18738,489</NORD>
    <SARD>1123,546</SARD>
    <SICI>2290,243</SICI>
    <SUD>3185,945</SUD>
  </Fabbisogno>
  <Fabbisogno>
    <Data>20161031</Data>
    <Mercato>MGP</Mercato>
    <Ora>21</Ora>
    <Italia>33468,551</Italia>
    <CNOR>3702,096</CNOR>
    <CSUD>5947,225</CSUD>
    <NORD>17526,297</NORD>
    <SARD>1063,398</SARD>
    <SICI>2204,054</SICI>
    <SUD>3025,481</SUD>
  </Fabbisogno>
  <Fabbisogno>
    <Data>20161031</Data>
    <Mercato>MGP</Mercato>
    <Ora>22</Ora>
    <Italia>30815,999</Italia>
    <CNOR>3409,089</CNOR>
    <CSUD>5472,783</CSUD>
    <NORD>16195,001</NORD>
    <SARD>995,818</SARD>
    <SICI>1990,064</SICI>
    <SUD>2753,244</SUD>
  </Fabbisogno>
  <Fabbisogno>
    <Data>20161031</Data>
    <Mercato>MGP</Mercato>
    <Ora>23</Ora>
    <Italia>28113,278</Italia>
    <CNOR>3115,717</CNOR>
    <CSUD>4985,932</CSUD>
    <NORD>14756,034</NORD>
    <SARD>938,186</SARD>
    <SICI>1822,487</SICI>
    <SUD>2494,922</SUD>
  </Fabbisogno>
  <Fabbisogno>
    <Data>20161031</Data>
    <Mercato>MGP</Mercato>
    <Ora>24</Ora>
    <Italia>25245,226</Italia>
    <CNOR>2819,177</CNOR>
    <CSUD>4355,146</CSUD>
    <NORD>13377,588</NORD>
    <SARD>866,704</SARD>
    <SICI>1652,72</SICI>
    <SUD>2173,891</SUD>
  </Fabbisogno>
</NewDataSet>