<?xml version="1.0" standalone="yes"?>
<NewDataSet>
  <xs:schema id="NewDataSet" xmlns="" xmlns:xs="http://www.w3.org/2001/XMLSchema" xmlns:msdata="urn:schemas-microsoft-com:xml-msdata">
    <xs:element name="NewDataSet" msdata:IsDataSet="true" msdata:UseCurrentLocale="true">
      <xs:complexType>
        <xs:choice minOccurs="0" maxOccurs="unbounded">
          <xs:element name="Fabbisogno">
            <xs:complexType>
              <xs:sequence>
                <xs:element name="Data" type="xs:string" minOccurs="0" />
                <xs:element name="Mercato" type="xs:string" minOccurs="0" />
                <xs:element name="Ora" type="xs:string" minOccurs="0" />
                <xs:element name="Italia" type="xs:string" minOccurs="0" />
                <xs:element name="CNOR" type="xs:string" minOccurs="0" />
                <xs:element name="CSUD" type="xs:string" minOccurs="0" />
                <xs:element name="NORD" type="xs:string" minOccurs="0" />
                <xs:element name="SARD" type="xs:string" minOccurs="0" />
                <xs:element name="SICI" type="xs:string" minOccurs="0" />
                <xs:element name="SUD" type="xs:string" minOccurs="0" />
              </xs:sequence>
            </xs:complexType>
          </xs:element>
        </xs:choice>
      </xs:complexType>
    </xs:element>
  </xs:schema>
  <Fabbisogno>
    <Data>20161028</Data>
    <Mercato>MGP</Mercato>
    <Ora>1</Ora>
    <Italia>26969,624</Italia>
    <CNOR>2728,486</CNOR>
    <CSUD>4212,505</CSUD>
    <NORD>15586,91</NORD>
    <SARD>812,151</SARD>
    <SICI>1588,142</SICI>
    <SUD>2041,43</SUD>
  </Fabbisogno>
  <Fabbisogno>
    <Data>20161028</Data>
    <Mercato>MGP</Mercato>
    <Ora>2</Ora>
    <Italia>25699,908</Italia>
    <CNOR>2697,119</CNOR>
    <CSUD>3925,64</CSUD>
    <NORD>14877,744</NORD>
    <SARD>781,011</SARD>
    <SICI>1486,571</SICI>
    <SUD>1931,823</SUD>
  </Fabbisogno>
  <Fabbisogno>
    <Data>20161028</Data>
    <Mercato>MGP</Mercato>
    <Ora>3</Ora>
    <Italia>25077,664</Italia>
    <CNOR>2623,786</CNOR>
    <CSUD>3793,939</CSUD>
    <NORD>14520,999</NORD>
    <SARD>818,001</SARD>
    <SICI>1433,058</SICI>
    <SUD>1887,881</SUD>
  </Fabbisogno>
  <Fabbisogno>
    <Data>20161028</Data>
    <Mercato>MGP</Mercato>
    <Ora>4</Ora>
    <Italia>24821,472</Italia>
    <CNOR>2575,684</CNOR>
    <CSUD>3853,231</CSUD>
    <NORD>14247,177</NORD>
    <SARD>827,028</SARD>
    <SICI>1411,22</SICI>
    <SUD>1907,132</SUD>
  </Fabbisogno>
  <Fabbisogno>
    <Data>20161028</Data>
    <Mercato>MGP</Mercato>
    <Ora>5</Ora>
    <Italia>25091,336</Italia>
    <CNOR>2615,481</CNOR>
    <CSUD>3879,176</CSUD>
    <NORD>14416,697</NORD>
    <SARD>832,822</SARD>
    <SICI>1428,698</SICI>
    <SUD>1918,462</SUD>
  </Fabbisogno>
  <Fabbisogno>
    <Data>20161028</Data>
    <Mercato>MGP</Mercato>
    <Ora>6</Ora>
    <Italia>26019,853</Italia>
    <CNOR>2488,179</CNOR>
    <CSUD>4034,667</CSUD>
    <NORD>15264,081</NORD>
    <SARD>784,017</SARD>
    <SICI>1480,04</SICI>
    <SUD>1968,869</SUD>
  </Fabbisogno>
  <Fabbisogno>
    <Data>20161028</Data>
    <Mercato>MGP</Mercato>
    <Ora>7</Ora>
    <Italia>30377,717</Italia>
    <CNOR>2883,491</CNOR>
    <CSUD>4637,12</CSUD>
    <NORD>18047,28</NORD>
    <SARD>923,652</SARD>
    <SICI>1656,796</SICI>
    <SUD>2229,378</SUD>
  </Fabbisogno>
  <Fabbisogno>
    <Data>20161028</Data>
    <Mercato>MGP</Mercato>
    <Ora>8</Ora>
    <Italia>35736,42</Italia>
    <CNOR>3390,701</CNOR>
    <CSUD>5291,91</CSUD>
    <NORD>21536,832</NORD>
    <SARD>1044,822</SARD>
    <SICI>1907,54</SICI>
    <SUD>2564,615</SUD>
  </Fabbisogno>
  <Fabbisogno>
    <Data>20161028</Data>
    <Mercato>MGP</Mercato>
    <Ora>9</Ora>
    <Italia>39418,098</Italia>
    <CNOR>3906,258</CNOR>
    <CSUD>5969,594</CSUD>
    <NORD>23462,863</NORD>
    <SARD>1122,596</SARD>
    <SICI>2108,272</SICI>
    <SUD>2848,515</SUD>
  </Fabbisogno>
  <Fabbisogno>
    <Data>20161028</Data>
    <Mercato>MGP</Mercato>
    <Ora>10</Ora>
    <Italia>40220,502</Italia>
    <CNOR>3955,741</CNOR>
    <CSUD>6195,102</CSUD>
    <NORD>23918,9</NORD>
    <SARD>1110,966</SARD>
    <SICI>2172,839</SICI>
    <SUD>2866,954</SUD>
  </Fabbisogno>
  <Fabbisogno>
    <Data>20161028</Data>
    <Mercato>MGP</Mercato>
    <Ora>11</Ora>
    <Italia>39679,538</Italia>
    <CNOR>4074,047</CNOR>
    <CSUD>6116,486</CSUD>
    <NORD>23517,241</NORD>
    <SARD>1066,646</SARD>
    <SICI>2110,123</SICI>
    <SUD>2794,995</SUD>
  </Fabbisogno>
  <Fabbisogno>
    <Data>20161028</Data>
    <Mercato>MGP</Mercato>
    <Ora>12</Ora>
    <Italia>38760,983</Italia>
    <CNOR>4033,94</CNOR>
    <CSUD>5914,048</CSUD>
    <NORD>23082,76</NORD>
    <SARD>976,569</SARD>
    <SICI>2054,52</SICI>
    <SUD>2699,146</SUD>
  </Fabbisogno>
  <Fabbisogno>
    <Data>20161028</Data>
    <Mercato>MGP</Mercato>
    <Ora>13</Ora>
    <Italia>36573,406</Italia>
    <CNOR>3728,308</CNOR>
    <CSUD>5848,692</CSUD>
    <NORD>21303,702</NORD>
    <SARD>976,23</SARD>
    <SICI>2014,079</SICI>
    <SUD>2702,395</SUD>
  </Fabbisogno>
  <Fabbisogno>
    <Data>20161028</Data>
    <Mercato>MGP</Mercato>
    <Ora>14</Ora>
    <Italia>36062,999</Italia>
    <CNOR>3575,031</CNOR>
    <CSUD>5651,911</CSUD>
    <NORD>21403,021</NORD>
    <SARD>937,437</SARD>
    <SICI>1927,038</SICI>
    <SUD>2568,561</SUD>
  </Fabbisogno>
  <Fabbisogno>
    <Data>20161028</Data>
    <Mercato>MGP</Mercato>
    <Ora>15</Ora>
    <Italia>36869,505</Italia>
    <CNOR>3725,599</CNOR>
    <CSUD>5602,028</CSUD>
    <NORD>22250,927</NORD>
    <SARD>900,192</SARD>
    <SICI>1889,634</SICI>
    <SUD>2501,125</SUD>
  </Fabbisogno>
  <Fabbisogno>
    <Data>20161028</Data>
    <Mercato>MGP</Mercato>
    <Ora>16</Ora>
    <Italia>37813,909</Italia>
    <CNOR>3834,795</CNOR>
    <CSUD>5731,247</CSUD>
    <NORD>22730,773</NORD>
    <SARD>935,623</SARD>
    <SICI>1984,212</SICI>
    <SUD>2597,259</SUD>
  </Fabbisogno>
  <Fabbisogno>
    <Data>20161028</Data>
    <Mercato>MGP</Mercato>
    <Ora>17</Ora>
    <Italia>38163,946</Italia>
    <CNOR>3925,113</CNOR>
    <CSUD>5831,044</CSUD>
    <NORD>22569,756</NORD>
    <SARD>1028,701</SARD>
    <SICI>2093,521</SICI>
    <SUD>2715,811</SUD>
  </Fabbisogno>
  <Fabbisogno>
    <Data>20161028</Data>
    <Mercato>MGP</Mercato>
    <Ora>18</Ora>
    <Italia>39031,7</Italia>
    <CNOR>3993,041</CNOR>
    <CSUD>6111,538</CSUD>
    <NORD>22609,167</NORD>
    <SARD>1101,266</SARD>
    <SICI>2211,488</SICI>
    <SUD>3005,2</SUD>
  </Fabbisogno>
  <Fabbisogno>
    <Data>20161028</Data>
    <Mercato>MGP</Mercato>
    <Ora>19</Ora>
    <Italia>40520,851</Italia>
    <CNOR>4129,303</CNOR>
    <CSUD>6639,354</CSUD>
    <NORD>22916,347</NORD>
    <SARD>1164,979</SARD>
    <SICI>2355,733</SICI>
    <SUD>3315,135</SUD>
  </Fabbisogno>
  <Fabbisogno>
    <Data>20161028</Data>
    <Mercato>MGP</Mercato>
    <Ora>20</Ora>
    <Italia>40982,247</Italia>
    <CNOR>4298,171</CNOR>
    <CSUD>6994,454</CSUD>
    <NORD>22638,48</NORD>
    <SARD>1227,26</SARD>
    <SICI>2442,942</SICI>
    <SUD>3380,94</SUD>
  </Fabbisogno>
  <Fabbisogno>
    <Data>20161028</Data>
    <Mercato>MGP</Mercato>
    <Ora>21</Ora>
    <Italia>38583,995</Italia>
    <CNOR>3981,689</CNOR>
    <CSUD>6469,764</CSUD>
    <NORD>21337,582</NORD>
    <SARD>1195,524</SARD>
    <SICI>2366,959</SICI>
    <SUD>3232,477</SUD>
  </Fabbisogno>
  <Fabbisogno>
    <Data>20161028</Data>
    <Mercato>MGP</Mercato>
    <Ora>22</Ora>
    <Italia>35222,423</Italia>
    <CNOR>3690,728</CNOR>
    <CSUD>5866,549</CSUD>
    <NORD>19606,203</NORD>
    <SARD>1035,147</SARD>
    <SICI>2118,002</SICI>
    <SUD>2905,794</SUD>
  </Fabbisogno>
  <Fabbisogno>
    <Data>20161028</Data>
    <Mercato>MGP</Mercato>
    <Ora>23</Ora>
    <Italia>32053,029</Italia>
    <CNOR>3388,209</CNOR>
    <CSUD>5292,018</CSUD>
    <NORD>17814,336</NORD>
    <SARD>963,739</SARD>
    <SICI>1960,538</SICI>
    <SUD>2634,189</SUD>
  </Fabbisogno>
  <Fabbisogno>
    <Data>20161028</Data>
    <Mercato>MGP</Mercato>
    <Ora>24</Ora>
    <Italia>28870,083</Italia>
    <CNOR>3009,602</CNOR>
    <CSUD>4662,062</CSUD>
    <NORD>16214,63</NORD>
    <SARD>890,74</SARD>
    <SICI>1767,925</SICI>
    <SUD>2325,124</SUD>
  </Fabbisogno>
</NewDataSet>