<?xml version="1.0" standalone="yes"?>
<NewDataSet>
  <xs:schema id="NewDataSet" xmlns="" xmlns:xs="http://www.w3.org/2001/XMLSchema" xmlns:msdata="urn:schemas-microsoft-com:xml-msdata">
    <xs:element name="NewDataSet" msdata:IsDataSet="true" msdata:UseCurrentLocale="true">
      <xs:complexType>
        <xs:choice minOccurs="0" maxOccurs="unbounded">
          <xs:element name="Fabbisogno">
            <xs:complexType>
              <xs:sequence>
                <xs:element name="Data" type="xs:string" minOccurs="0" />
                <xs:element name="Mercato" type="xs:string" minOccurs="0" />
                <xs:element name="Ora" type="xs:string" minOccurs="0" />
                <xs:element name="Italia" type="xs:string" minOccurs="0" />
                <xs:element name="CNOR" type="xs:string" minOccurs="0" />
                <xs:element name="CSUD" type="xs:string" minOccurs="0" />
                <xs:element name="NORD" type="xs:string" minOccurs="0" />
                <xs:element name="SARD" type="xs:string" minOccurs="0" />
                <xs:element name="SICI" type="xs:string" minOccurs="0" />
                <xs:element name="SUD" type="xs:string" minOccurs="0" />
              </xs:sequence>
            </xs:complexType>
          </xs:element>
        </xs:choice>
      </xs:complexType>
    </xs:element>
  </xs:schema>
  <Fabbisogno>
    <Data>20161007</Data>
    <Mercato>MGP</Mercato>
    <Ora>1</Ora>
    <Italia>26990,009</Italia>
    <CNOR>2965,738</CNOR>
    <CSUD>4426,357</CSUD>
    <NORD>14925,087</NORD>
    <SARD>877,17</SARD>
    <SICI>1594,45</SICI>
    <SUD>2201,207</SUD>
  </Fabbisogno>
  <Fabbisogno>
    <Data>20161007</Data>
    <Mercato>MGP</Mercato>
    <Ora>2</Ora>
    <Italia>25623,089</Italia>
    <CNOR>2810,795</CNOR>
    <CSUD>4145,713</CSUD>
    <NORD>14256,877</NORD>
    <SARD>846,425</SARD>
    <SICI>1478,739</SICI>
    <SUD>2084,54</SUD>
  </Fabbisogno>
  <Fabbisogno>
    <Data>20161007</Data>
    <Mercato>MGP</Mercato>
    <Ora>3</Ora>
    <Italia>24976,126</Italia>
    <CNOR>2736,683</CNOR>
    <CSUD>3978,564</CSUD>
    <NORD>13989,553</NORD>
    <SARD>827,653</SARD>
    <SICI>1413,496</SICI>
    <SUD>2030,177</SUD>
  </Fabbisogno>
  <Fabbisogno>
    <Data>20161007</Data>
    <Mercato>MGP</Mercato>
    <Ora>4</Ora>
    <Italia>24658,603</Italia>
    <CNOR>2684,206</CNOR>
    <CSUD>3893,817</CSUD>
    <NORD>13894,022</NORD>
    <SARD>818,595</SARD>
    <SICI>1373,528</SICI>
    <SUD>1994,435</SUD>
  </Fabbisogno>
  <Fabbisogno>
    <Data>20161007</Data>
    <Mercato>MGP</Mercato>
    <Ora>5</Ora>
    <Italia>24932,39</Italia>
    <CNOR>2678,458</CNOR>
    <CSUD>3898,778</CSUD>
    <NORD>14148,185</NORD>
    <SARD>820,629</SARD>
    <SICI>1382,541</SICI>
    <SUD>2003,799</SUD>
  </Fabbisogno>
  <Fabbisogno>
    <Data>20161007</Data>
    <Mercato>MGP</Mercato>
    <Ora>6</Ora>
    <Italia>26094,551</Italia>
    <CNOR>2829,028</CNOR>
    <CSUD>4119,563</CSUD>
    <NORD>14749,397</NORD>
    <SARD>838,721</SARD>
    <SICI>1464,439</SICI>
    <SUD>2093,403</SUD>
  </Fabbisogno>
  <Fabbisogno>
    <Data>20161007</Data>
    <Mercato>MGP</Mercato>
    <Ora>7</Ora>
    <Italia>30598,134</Italia>
    <CNOR>3287,091</CNOR>
    <CSUD>4782,377</CSUD>
    <NORD>17634,025</NORD>
    <SARD>920,359</SARD>
    <SICI>1641,331</SICI>
    <SUD>2332,951</SUD>
  </Fabbisogno>
  <Fabbisogno>
    <Data>20161007</Data>
    <Mercato>MGP</Mercato>
    <Ora>8</Ora>
    <Italia>35250,269</Italia>
    <CNOR>3775,027</CNOR>
    <CSUD>5302,274</CSUD>
    <NORD>20812,367</NORD>
    <SARD>1005,109</SARD>
    <SICI>1825,955</SICI>
    <SUD>2529,537</SUD>
  </Fabbisogno>
  <Fabbisogno>
    <Data>20161007</Data>
    <Mercato>MGP</Mercato>
    <Ora>9</Ora>
    <Italia>38991,61</Italia>
    <CNOR>4300,153</CNOR>
    <CSUD>5867,579</CSUD>
    <NORD>22914,178</NORD>
    <SARD>1073,025</SARD>
    <SICI>2038,68</SICI>
    <SUD>2797,995</SUD>
  </Fabbisogno>
  <Fabbisogno>
    <Data>20161007</Data>
    <Mercato>MGP</Mercato>
    <Ora>10</Ora>
    <Italia>40094,715</Italia>
    <CNOR>4476,479</CNOR>
    <CSUD>6181,742</CSUD>
    <NORD>23412,951</NORD>
    <SARD>1078,655</SARD>
    <SICI>2093,141</SICI>
    <SUD>2851,747</SUD>
  </Fabbisogno>
  <Fabbisogno>
    <Data>20161007</Data>
    <Mercato>MGP</Mercato>
    <Ora>11</Ora>
    <Italia>39706,373</Italia>
    <CNOR>4388,764</CNOR>
    <CSUD>6164,71</CSUD>
    <NORD>23291,576</NORD>
    <SARD>1046,122</SARD>
    <SICI>2042,158</SICI>
    <SUD>2773,043</SUD>
  </Fabbisogno>
  <Fabbisogno>
    <Data>20161007</Data>
    <Mercato>MGP</Mercato>
    <Ora>12</Ora>
    <Italia>38587,525</Italia>
    <CNOR>4205,177</CNOR>
    <CSUD>5874,765</CSUD>
    <NORD>22880,615</NORD>
    <SARD>1003,169</SARD>
    <SICI>1985,284</SICI>
    <SUD>2638,515</SUD>
  </Fabbisogno>
  <Fabbisogno>
    <Data>20161007</Data>
    <Mercato>MGP</Mercato>
    <Ora>13</Ora>
    <Italia>36824,667</Italia>
    <CNOR>3965,15</CNOR>
    <CSUD>5966,741</CSUD>
    <NORD>21204,751</NORD>
    <SARD>1003,493</SARD>
    <SICI>1979,233</SICI>
    <SUD>2705,299</SUD>
  </Fabbisogno>
  <Fabbisogno>
    <Data>20161007</Data>
    <Mercato>MGP</Mercato>
    <Ora>14</Ora>
    <Italia>36071,959</Italia>
    <CNOR>3825,297</CNOR>
    <CSUD>5711,464</CSUD>
    <NORD>21081,43</NORD>
    <SARD>955,398</SARD>
    <SICI>1906,931</SICI>
    <SUD>2591,439</SUD>
  </Fabbisogno>
  <Fabbisogno>
    <Data>20161007</Data>
    <Mercato>MGP</Mercato>
    <Ora>15</Ora>
    <Italia>37019,643</Italia>
    <CNOR>4014,071</CNOR>
    <CSUD>5709,734</CSUD>
    <NORD>21903,575</NORD>
    <SARD>944,829</SARD>
    <SICI>1919,797</SICI>
    <SUD>2527,637</SUD>
  </Fabbisogno>
  <Fabbisogno>
    <Data>20161007</Data>
    <Mercato>MGP</Mercato>
    <Ora>16</Ora>
    <Italia>37347,322</Italia>
    <CNOR>4077,636</CNOR>
    <CSUD>5748,844</CSUD>
    <NORD>22053,71</NORD>
    <SARD>953,068</SARD>
    <SICI>1962,859</SICI>
    <SUD>2551,205</SUD>
  </Fabbisogno>
  <Fabbisogno>
    <Data>20161007</Data>
    <Mercato>MGP</Mercato>
    <Ora>17</Ora>
    <Italia>37686,549</Italia>
    <CNOR>4121,079</CNOR>
    <CSUD>5742,923</CSUD>
    <NORD>22162,998</NORD>
    <SARD>976,647999999999</SARD>
    <SICI>2052,314</SICI>
    <SUD>2630,587</SUD>
  </Fabbisogno>
  <Fabbisogno>
    <Data>20161007</Data>
    <Mercato>MGP</Mercato>
    <Ora>18</Ora>
    <Italia>37866,963</Italia>
    <CNOR>4175,059</CNOR>
    <CSUD>5864,809</CSUD>
    <NORD>21729,664</NORD>
    <SARD>1071,288</SARD>
    <SICI>2177,621</SICI>
    <SUD>2848,522</SUD>
  </Fabbisogno>
  <Fabbisogno>
    <Data>20161007</Data>
    <Mercato>MGP</Mercato>
    <Ora>19</Ora>
    <Italia>39023,961</Italia>
    <CNOR>4387,789</CNOR>
    <CSUD>6422,647</CSUD>
    <NORD>21646,534</NORD>
    <SARD>1087,832</SARD>
    <SICI>2304,33</SICI>
    <SUD>3174,829</SUD>
  </Fabbisogno>
  <Fabbisogno>
    <Data>20161007</Data>
    <Mercato>MGP</Mercato>
    <Ora>20</Ora>
    <Italia>40575,576</Italia>
    <CNOR>4567,959</CNOR>
    <CSUD>6974,143</CSUD>
    <NORD>21907,146</NORD>
    <SARD>1221,207</SARD>
    <SICI>2525,607</SICI>
    <SUD>3379,514</SUD>
  </Fabbisogno>
  <Fabbisogno>
    <Data>20161007</Data>
    <Mercato>MGP</Mercato>
    <Ora>21</Ora>
    <Italia>38393,365</Italia>
    <CNOR>4255,822</CNOR>
    <CSUD>6628,456</CSUD>
    <NORD>20606,008</NORD>
    <SARD>1220,956</SARD>
    <SICI>2404,747</SICI>
    <SUD>3277,376</SUD>
  </Fabbisogno>
  <Fabbisogno>
    <Data>20161007</Data>
    <Mercato>MGP</Mercato>
    <Ora>22</Ora>
    <Italia>35130,186</Italia>
    <CNOR>3939,896</CNOR>
    <CSUD>6043,574</CSUD>
    <NORD>18877,733</NORD>
    <SARD>1088,204</SARD>
    <SICI>2209,037</SICI>
    <SUD>2971,742</SUD>
  </Fabbisogno>
  <Fabbisogno>
    <Data>20161007</Data>
    <Mercato>MGP</Mercato>
    <Ora>23</Ora>
    <Italia>31922,814</Italia>
    <CNOR>3582,977</CNOR>
    <CSUD>5503,379</CSUD>
    <NORD>17064,111</NORD>
    <SARD>1021,443</SARD>
    <SICI>2034,773</SICI>
    <SUD>2716,131</SUD>
  </Fabbisogno>
  <Fabbisogno>
    <Data>20161007</Data>
    <Mercato>MGP</Mercato>
    <Ora>24</Ora>
    <Italia>28801,593</Italia>
    <CNOR>3182,384</CNOR>
    <CSUD>4908,372</CSUD>
    <NORD>15514,054</NORD>
    <SARD>942,731</SARD>
    <SICI>1827,3</SICI>
    <SUD>2426,752</SUD>
  </Fabbisogno>
</NewDataSet>