<?xml version="1.0" standalone="yes"?>
<NewDataSet>
  <xs:schema id="NewDataSet" xmlns="" xmlns:xs="http://www.w3.org/2001/XMLSchema" xmlns:msdata="urn:schemas-microsoft-com:xml-msdata">
    <xs:element name="NewDataSet" msdata:IsDataSet="true" msdata:UseCurrentLocale="true">
      <xs:complexType>
        <xs:choice minOccurs="0" maxOccurs="unbounded">
          <xs:element name="Prezzi">
            <xs:complexType>
              <xs:sequence>
                <xs:element name="Data" type="xs:string" minOccurs="0" />
                <xs:element name="Mercato" type="xs:string" minOccurs="0" />
                <xs:element name="Ora" type="xs:string" minOccurs="0" />
                <xs:element name="PUN" type="xs:string" minOccurs="0" />
                <xs:element name="NAT" type="xs:string" minOccurs="0" />
                <xs:element name="CNOR" type="xs:string" minOccurs="0" />
                <xs:element name="CSUD" type="xs:string" minOccurs="0" />
                <xs:element name="NORD" type="xs:string" minOccurs="0" />
                <xs:element name="SARD" type="xs:string" minOccurs="0" />
                <xs:element name="SICI" type="xs:string" minOccurs="0" />
                <xs:element name="SUD" type="xs:string" minOccurs="0" />
                <xs:element name="AUST" type="xs:string" minOccurs="0" />
                <xs:element name="BRNN" type="xs:string" minOccurs="0" />
                <xs:element name="COAC" type="xs:string" minOccurs="0" />
                <xs:element name="CORS" type="xs:string" minOccurs="0" />
                <xs:element name="FOGN" type="xs:string" minOccurs="0" />
                <xs:element name="FRAN" type="xs:string" minOccurs="0" />
                <xs:element name="GREC" type="xs:string" minOccurs="0" />
                <xs:element name="MFTV" type="xs:string" minOccurs="0" />
                <xs:element name="PRGP" type="xs:string" minOccurs="0" />
                <xs:element name="ROSN" type="xs:string" minOccurs="0" />
                <xs:element name="SLOV" type="xs:string" minOccurs="0" />
                <xs:element name="SVIZ" type="xs:string" minOccurs="0" />
                <xs:element name="BSP" type="xs:string" minOccurs="0" />
                <xs:element name="MALT" type="xs:string" minOccurs="0" />
                <xs:element name="XAUS" type="xs:string" minOccurs="0" />
                <xs:element name="XFRA" type="xs:string" minOccurs="0" />
              </xs:sequence>
            </xs:complexType>
          </xs:element>
        </xs:choice>
      </xs:complexType>
    </xs:element>
  </xs:schema>
  <Prezzi>
    <Data>20170831</Data>
    <Mercato>MGP</Mercato>
    <Ora>1</Ora>
    <PUN>52,225920</PUN>
    <NAT>51,350000</NAT>
    <CNOR>51,350000</CNOR>
    <CSUD>51,350000</CSUD>
    <NORD>51,350000</NORD>
    <SARD>51,350000</SARD>
    <SICI>65,130000</SICI>
    <SUD>51,350000</SUD>
    <AUST>51,350000</AUST>
    <BRNN>51,350000</BRNN>
    <COAC>51,350000</COAC>
    <CORS>51,350000</CORS>
    <FOGN>51,350000</FOGN>
    <FRAN>51,350000</FRAN>
    <GREC>51,350000</GREC>
    <MFTV>51,350000</MFTV>
    <PRGP>65,130000</PRGP>
    <ROSN>51,350000</ROSN>
    <SLOV>51,350000</SLOV>
    <SVIZ>51,350000</SVIZ>
    <BSP>51,350000</BSP>
    <MALT>65,130000</MALT>
    <XAUS>51,350000</XAUS>
    <XFRA>51,350000</XFRA>
  </Prezzi>
  <Prezzi>
    <Data>20170831</Data>
    <Mercato>MGP</Mercato>
    <Ora>2</Ora>
    <PUN>49,932450</PUN>
    <NAT>49,860000</NAT>
    <CNOR>49,860000</CNOR>
    <CSUD>49,860000</CSUD>
    <NORD>49,860000</NORD>
    <SARD>49,860000</SARD>
    <SICI>51,010000</SICI>
    <SUD>49,860000</SUD>
    <AUST>49,860000</AUST>
    <BRNN>49,860000</BRNN>
    <COAC>49,860000</COAC>
    <CORS>49,860000</CORS>
    <FOGN>49,860000</FOGN>
    <FRAN>49,860000</FRAN>
    <GREC>49,860000</GREC>
    <MFTV>49,860000</MFTV>
    <PRGP>51,010000</PRGP>
    <ROSN>49,860000</ROSN>
    <SLOV>49,860000</SLOV>
    <SVIZ>49,860000</SVIZ>
    <BSP>49,860000</BSP>
    <MALT>51,010000</MALT>
    <XAUS>49,860000</XAUS>
    <XFRA>49,860000</XFRA>
  </Prezzi>
  <Prezzi>
    <Data>20170831</Data>
    <Mercato>MGP</Mercato>
    <Ora>3</Ora>
    <PUN>46,770000</PUN>
    <NAT>46,770000</NAT>
    <CNOR>46,770000</CNOR>
    <CSUD>46,770000</CSUD>
    <NORD>46,770000</NORD>
    <SARD>46,770000</SARD>
    <SICI>46,770000</SICI>
    <SUD>46,770000</SUD>
    <AUST>46,770000</AUST>
    <BRNN>46,770000</BRNN>
    <COAC>46,770000</COAC>
    <CORS>46,770000</CORS>
    <FOGN>46,770000</FOGN>
    <FRAN>46,770000</FRAN>
    <GREC>46,770000</GREC>
    <MFTV>46,770000</MFTV>
    <PRGP>46,770000</PRGP>
    <ROSN>46,770000</ROSN>
    <SLOV>46,770000</SLOV>
    <SVIZ>46,770000</SVIZ>
    <BSP>46,770000</BSP>
    <MALT>46,770000</MALT>
    <XAUS>46,770000</XAUS>
    <XFRA>46,770000</XFRA>
  </Prezzi>
  <Prezzi>
    <Data>20170831</Data>
    <Mercato>MGP</Mercato>
    <Ora>4</Ora>
    <PUN>45,910000</PUN>
    <NAT>45,910000</NAT>
    <CNOR>45,910000</CNOR>
    <CSUD>45,910000</CSUD>
    <NORD>45,910000</NORD>
    <SARD>45,910000</SARD>
    <SICI>45,910000</SICI>
    <SUD>45,910000</SUD>
    <AUST>45,910000</AUST>
    <BRNN>45,910000</BRNN>
    <COAC>45,910000</COAC>
    <CORS>45,910000</CORS>
    <FOGN>45,910000</FOGN>
    <FRAN>45,910000</FRAN>
    <GREC>45,910000</GREC>
    <MFTV>45,910000</MFTV>
    <PRGP>45,910000</PRGP>
    <ROSN>45,910000</ROSN>
    <SLOV>45,910000</SLOV>
    <SVIZ>45,910000</SVIZ>
    <BSP>45,910000</BSP>
    <MALT>45,910000</MALT>
    <XAUS>45,910000</XAUS>
    <XFRA>45,910000</XFRA>
  </Prezzi>
  <Prezzi>
    <Data>20170831</Data>
    <Mercato>MGP</Mercato>
    <Ora>5</Ora>
    <PUN>45,910000</PUN>
    <NAT>45,910000</NAT>
    <CNOR>45,910000</CNOR>
    <CSUD>45,910000</CSUD>
    <NORD>45,910000</NORD>
    <SARD>45,910000</SARD>
    <SICI>45,910000</SICI>
    <SUD>45,910000</SUD>
    <AUST>45,910000</AUST>
    <BRNN>45,910000</BRNN>
    <COAC>45,910000</COAC>
    <CORS>45,910000</CORS>
    <FOGN>45,910000</FOGN>
    <FRAN>45,910000</FRAN>
    <GREC>45,910000</GREC>
    <MFTV>45,910000</MFTV>
    <PRGP>45,910000</PRGP>
    <ROSN>45,910000</ROSN>
    <SLOV>45,910000</SLOV>
    <SVIZ>45,910000</SVIZ>
    <BSP>45,910000</BSP>
    <MALT>45,910000</MALT>
    <XAUS>45,910000</XAUS>
    <XFRA>45,910000</XFRA>
  </Prezzi>
  <Prezzi>
    <Data>20170831</Data>
    <Mercato>MGP</Mercato>
    <Ora>6</Ora>
    <PUN>48,000000</PUN>
    <NAT>48,000000</NAT>
    <CNOR>48,000000</CNOR>
    <CSUD>48,000000</CSUD>
    <NORD>48,000000</NORD>
    <SARD>48,000000</SARD>
    <SICI>48,000000</SICI>
    <SUD>48,000000</SUD>
    <AUST>48,000000</AUST>
    <BRNN>48,000000</BRNN>
    <COAC>48,000000</COAC>
    <CORS>48,000000</CORS>
    <FOGN>48,000000</FOGN>
    <FRAN>48,000000</FRAN>
    <GREC>48,000000</GREC>
    <MFTV>48,000000</MFTV>
    <PRGP>48,000000</PRGP>
    <ROSN>48,000000</ROSN>
    <SLOV>48,000000</SLOV>
    <SVIZ>48,000000</SVIZ>
    <BSP>48,000000</BSP>
    <MALT>48,000000</MALT>
    <XAUS>48,000000</XAUS>
    <XFRA>48,000000</XFRA>
  </Prezzi>
  <Prezzi>
    <Data>20170831</Data>
    <Mercato>MGP</Mercato>
    <Ora>7</Ora>
    <PUN>51,350000</PUN>
    <NAT>51,350000</NAT>
    <CNOR>51,350000</CNOR>
    <CSUD>51,350000</CSUD>
    <NORD>51,350000</NORD>
    <SARD>51,350000</SARD>
    <SICI>51,350000</SICI>
    <SUD>51,350000</SUD>
    <AUST>51,350000</AUST>
    <BRNN>51,350000</BRNN>
    <COAC>51,350000</COAC>
    <CORS>51,350000</CORS>
    <FOGN>51,350000</FOGN>
    <FRAN>51,350000</FRAN>
    <GREC>51,350000</GREC>
    <MFTV>51,350000</MFTV>
    <PRGP>51,350000</PRGP>
    <ROSN>51,350000</ROSN>
    <SLOV>51,350000</SLOV>
    <SVIZ>51,350000</SVIZ>
    <BSP>51,350000</BSP>
    <MALT>51,350000</MALT>
    <XAUS>51,350000</XAUS>
    <XFRA>51,350000</XFRA>
  </Prezzi>
  <Prezzi>
    <Data>20170831</Data>
    <Mercato>MGP</Mercato>
    <Ora>8</Ora>
    <PUN>56,957960</PUN>
    <NAT>55,000000</NAT>
    <CNOR>58,150000</CNOR>
    <CSUD>51,350000</CSUD>
    <NORD>58,150000</NORD>
    <SARD>51,350000</SARD>
    <SICI>69,130000</SICI>
    <SUD>51,350000</SUD>
    <AUST>58,150000</AUST>
    <BRNN>51,350000</BRNN>
    <COAC>51,350000</COAC>
    <CORS>58,150000</CORS>
    <FOGN>51,350000</FOGN>
    <FRAN>58,150000</FRAN>
    <GREC>51,350000</GREC>
    <MFTV>58,150000</MFTV>
    <PRGP>69,130000</PRGP>
    <ROSN>51,350000</ROSN>
    <SLOV>58,150000</SLOV>
    <SVIZ>58,150000</SVIZ>
    <BSP>58,150000</BSP>
    <MALT>69,130000</MALT>
    <XAUS>58,150000</XAUS>
    <XFRA>58,150000</XFRA>
  </Prezzi>
  <Prezzi>
    <Data>20170831</Data>
    <Mercato>MGP</Mercato>
    <Ora>9</Ora>
    <PUN>62,188570</PUN>
    <NAT>60,950000</NAT>
    <CNOR>65,000000</CNOR>
    <CSUD>51,350000</CSUD>
    <NORD>65,000000</NORD>
    <SARD>51,350000</SARD>
    <SICI>79,130000</SICI>
    <SUD>51,350000</SUD>
    <AUST>65,000000</AUST>
    <BRNN>51,350000</BRNN>
    <COAC>51,350000</COAC>
    <CORS>65,000000</CORS>
    <FOGN>51,350000</FOGN>
    <FRAN>65,000000</FRAN>
    <GREC>51,350000</GREC>
    <MFTV>65,000000</MFTV>
    <PRGP>79,130000</PRGP>
    <ROSN>51,350000</ROSN>
    <SLOV>65,000000</SLOV>
    <SVIZ>65,000000</SVIZ>
    <BSP>65,000000</BSP>
    <MALT>79,130000</MALT>
    <XAUS>65,000000</XAUS>
    <XFRA>65,000000</XFRA>
  </Prezzi>
  <Prezzi>
    <Data>20170831</Data>
    <Mercato>MGP</Mercato>
    <Ora>10</Ora>
    <PUN>63,372050</PUN>
    <NAT>58,000000</NAT>
    <CNOR>68,000000</CNOR>
    <CSUD>51,350000</CSUD>
    <NORD>68,000000</NORD>
    <SARD>51,350000</SARD>
    <SICI>64,130000</SICI>
    <SUD>51,350000</SUD>
    <AUST>68,000000</AUST>
    <BRNN>51,350000</BRNN>
    <COAC>51,350000</COAC>
    <CORS>68,000000</CORS>
    <FOGN>51,350000</FOGN>
    <FRAN>68,000000</FRAN>
    <GREC>51,350000</GREC>
    <MFTV>68,000000</MFTV>
    <PRGP>64,130000</PRGP>
    <ROSN>51,350000</ROSN>
    <SLOV>68,000000</SLOV>
    <SVIZ>68,000000</SVIZ>
    <BSP>68,000000</BSP>
    <MALT>64,130000</MALT>
    <XAUS>68,000000</XAUS>
    <XFRA>68,000000</XFRA>
  </Prezzi>
  <Prezzi>
    <Data>20170831</Data>
    <Mercato>MGP</Mercato>
    <Ora>11</Ora>
    <PUN>58,290000</PUN>
    <NAT>54,490000</NAT>
    <CNOR>61,759240</CNOR>
    <CSUD>51,000000</CSUD>
    <NORD>61,759240</NORD>
    <SARD>51,000000</SARD>
    <SICI>51,000000</SICI>
    <SUD>51,000000</SUD>
    <AUST>61,759240</AUST>
    <BRNN>51,000000</BRNN>
    <COAC>51,000000</COAC>
    <CORS>61,759240</CORS>
    <FOGN>51,000000</FOGN>
    <FRAN>61,759240</FRAN>
    <GREC>51,000000</GREC>
    <MFTV>61,759240</MFTV>
    <PRGP>51,000000</PRGP>
    <ROSN>51,000000</ROSN>
    <SLOV>61,759240</SLOV>
    <SVIZ>61,759240</SVIZ>
    <BSP>61,759240</BSP>
    <MALT>51,000000</MALT>
    <XAUS>61,759240</XAUS>
    <XFRA>61,759240</XFRA>
  </Prezzi>
  <Prezzi>
    <Data>20170831</Data>
    <Mercato>MGP</Mercato>
    <Ora>12</Ora>
    <PUN>60,348820</PUN>
    <NAT>53,510000</NAT>
    <CNOR>65,000000</CNOR>
    <CSUD>50,500000</CSUD>
    <NORD>65,000000</NORD>
    <SARD>50,500000</SARD>
    <SICI>50,500000</SICI>
    <SUD>50,500000</SUD>
    <AUST>65,000000</AUST>
    <BRNN>50,500000</BRNN>
    <COAC>50,500000</COAC>
    <CORS>65,000000</CORS>
    <FOGN>50,500000</FOGN>
    <FRAN>65,000000</FRAN>
    <GREC>50,500000</GREC>
    <MFTV>65,000000</MFTV>
    <PRGP>50,500000</PRGP>
    <ROSN>50,500000</ROSN>
    <SLOV>65,000000</SLOV>
    <SVIZ>65,000000</SVIZ>
    <BSP>65,000000</BSP>
    <MALT>50,500000</MALT>
    <XAUS>65,000000</XAUS>
    <XFRA>65,000000</XFRA>
  </Prezzi>
  <Prezzi>
    <Data>20170831</Data>
    <Mercato>MGP</Mercato>
    <Ora>13</Ora>
    <PUN>53,310000</PUN>
    <NAT>51,140000</NAT>
    <CNOR>55,000000</CNOR>
    <CSUD>49,920000</CSUD>
    <NORD>55,000000</NORD>
    <SARD>49,920000</SARD>
    <SICI>49,920000</SICI>
    <SUD>49,920000</SUD>
    <AUST>55,000000</AUST>
    <BRNN>49,920000</BRNN>
    <COAC>49,920000</COAC>
    <CORS>55,000000</CORS>
    <FOGN>49,920000</FOGN>
    <FRAN>55,000000</FRAN>
    <GREC>49,920000</GREC>
    <MFTV>55,000000</MFTV>
    <PRGP>49,920000</PRGP>
    <ROSN>49,920000</ROSN>
    <SLOV>55,000000</SLOV>
    <SVIZ>55,000000</SVIZ>
    <BSP>55,000000</BSP>
    <MALT>49,920000</MALT>
    <XAUS>55,000000</XAUS>
    <XFRA>55,000000</XFRA>
  </Prezzi>
  <Prezzi>
    <Data>20170831</Data>
    <Mercato>MGP</Mercato>
    <Ora>14</Ora>
    <PUN>52,672830</PUN>
    <NAT>51,000000</NAT>
    <CNOR>54,010000</CNOR>
    <CSUD>49,920000</CSUD>
    <NORD>54,010000</NORD>
    <SARD>49,920000</SARD>
    <SICI>49,920000</SICI>
    <SUD>49,920000</SUD>
    <AUST>54,010000</AUST>
    <BRNN>49,920000</BRNN>
    <COAC>49,920000</COAC>
    <CORS>54,010000</CORS>
    <FOGN>49,920000</FOGN>
    <FRAN>54,010000</FRAN>
    <GREC>49,920000</GREC>
    <MFTV>54,010000</MFTV>
    <PRGP>49,920000</PRGP>
    <ROSN>49,920000</ROSN>
    <SLOV>54,010000</SLOV>
    <SVIZ>54,010000</SVIZ>
    <BSP>54,010000</BSP>
    <MALT>49,920000</MALT>
    <XAUS>54,010000</XAUS>
    <XFRA>54,010000</XFRA>
  </Prezzi>
  <Prezzi>
    <Data>20170831</Data>
    <Mercato>MGP</Mercato>
    <Ora>15</Ora>
    <PUN>58,093840</PUN>
    <NAT>51,140000</NAT>
    <CNOR>62,000000</CNOR>
    <CSUD>49,720000</CSUD>
    <NORD>62,000000</NORD>
    <SARD>49,720000</SARD>
    <SICI>49,720000</SICI>
    <SUD>49,720000</SUD>
    <AUST>62,000000</AUST>
    <BRNN>49,720000</BRNN>
    <COAC>49,720000</COAC>
    <CORS>62,000000</CORS>
    <FOGN>49,720000</FOGN>
    <FRAN>62,000000</FRAN>
    <GREC>49,720000</GREC>
    <MFTV>62,000000</MFTV>
    <PRGP>49,720000</PRGP>
    <ROSN>49,720000</ROSN>
    <SLOV>62,000000</SLOV>
    <SVIZ>62,000000</SVIZ>
    <BSP>62,000000</BSP>
    <MALT>49,720000</MALT>
    <XAUS>62,000000</XAUS>
    <XFRA>62,000000</XFRA>
  </Prezzi>
  <Prezzi>
    <Data>20170831</Data>
    <Mercato>MGP</Mercato>
    <Ora>16</Ora>
    <PUN>64,840000</PUN>
    <NAT>51,350000</NAT>
    <CNOR>71,701350</CNOR>
    <CSUD>49,920000</CSUD>
    <NORD>71,701350</NORD>
    <SARD>49,920000</SARD>
    <SICI>49,920000</SICI>
    <SUD>49,920000</SUD>
    <AUST>71,701350</AUST>
    <BRNN>49,920000</BRNN>
    <COAC>49,920000</COAC>
    <CORS>71,701350</CORS>
    <FOGN>49,920000</FOGN>
    <FRAN>71,701350</FRAN>
    <GREC>49,920000</GREC>
    <MFTV>71,701350</MFTV>
    <PRGP>49,920000</PRGP>
    <ROSN>49,920000</ROSN>
    <SLOV>71,701350</SLOV>
    <SVIZ>71,701350</SVIZ>
    <BSP>71,701350</BSP>
    <MALT>49,920000</MALT>
    <XAUS>71,701350</XAUS>
    <XFRA>71,701350</XFRA>
  </Prezzi>
  <Prezzi>
    <Data>20170831</Data>
    <Mercato>MGP</Mercato>
    <Ora>17</Ora>
    <PUN>65,560000</PUN>
    <NAT>51,540000</NAT>
    <CNOR>72,660000</CNOR>
    <CSUD>50,235270</CSUD>
    <NORD>72,660000</NORD>
    <SARD>50,235270</SARD>
    <SICI>50,235270</SICI>
    <SUD>50,235270</SUD>
    <AUST>72,660000</AUST>
    <BRNN>50,235270</BRNN>
    <COAC>50,235270</COAC>
    <CORS>72,660000</CORS>
    <FOGN>50,235270</FOGN>
    <FRAN>72,660000</FRAN>
    <GREC>50,235270</GREC>
    <MFTV>72,660000</MFTV>
    <PRGP>50,235270</PRGP>
    <ROSN>50,235270</ROSN>
    <SLOV>72,660000</SLOV>
    <SVIZ>72,660000</SVIZ>
    <BSP>72,660000</BSP>
    <MALT>50,235270</MALT>
    <XAUS>72,660000</XAUS>
    <XFRA>72,660000</XFRA>
  </Prezzi>
  <Prezzi>
    <Data>20170831</Data>
    <Mercato>MGP</Mercato>
    <Ora>18</Ora>
    <PUN>59,022300</PUN>
    <NAT>54,490000</NAT>
    <CNOR>59,900000</CNOR>
    <CSUD>51,000000</CSUD>
    <NORD>59,900000</NORD>
    <SARD>51,000000</SARD>
    <SICI>85,130000</SICI>
    <SUD>51,000000</SUD>
    <AUST>59,900000</AUST>
    <BRNN>51,000000</BRNN>
    <COAC>51,000000</COAC>
    <CORS>59,900000</CORS>
    <FOGN>51,000000</FOGN>
    <FRAN>59,900000</FRAN>
    <GREC>51,000000</GREC>
    <MFTV>59,900000</MFTV>
    <PRGP>85,130000</PRGP>
    <ROSN>51,000000</ROSN>
    <SLOV>59,900000</SLOV>
    <SVIZ>59,900000</SVIZ>
    <BSP>59,900000</BSP>
    <MALT>85,130000</MALT>
    <XAUS>59,900000</XAUS>
    <XFRA>59,900000</XFRA>
  </Prezzi>
  <Prezzi>
    <Data>20170831</Data>
    <Mercato>MGP</Mercato>
    <Ora>19</Ora>
    <PUN>60,011390</PUN>
    <NAT>61,080000</NAT>
    <CNOR>58,150000</CNOR>
    <CSUD>58,150000</CSUD>
    <NORD>58,150000</NORD>
    <SARD>58,150000</SARD>
    <SICI>89,270000</SICI>
    <SUD>58,150000</SUD>
    <AUST>58,150000</AUST>
    <BRNN>58,150000</BRNN>
    <COAC>58,150000</COAC>
    <CORS>58,150000</CORS>
    <FOGN>58,150000</FOGN>
    <FRAN>58,150000</FRAN>
    <GREC>58,150000</GREC>
    <MFTV>58,150000</MFTV>
    <PRGP>89,270000</PRGP>
    <ROSN>58,150000</ROSN>
    <SLOV>58,150000</SLOV>
    <SVIZ>58,150000</SVIZ>
    <BSP>58,150000</BSP>
    <MALT>89,270000</MALT>
    <XAUS>58,150000</XAUS>
    <XFRA>58,150000</XFRA>
  </Prezzi>
  <Prezzi>
    <Data>20170831</Data>
    <Mercato>MGP</Mercato>
    <Ora>20</Ora>
    <PUN>66,889070</PUN>
    <NAT>70,000000</NAT>
    <CNOR>65,000000</CNOR>
    <CSUD>65,000000</CSUD>
    <NORD>65,000000</NORD>
    <SARD>65,000000</SARD>
    <SICI>96,270000</SICI>
    <SUD>65,000000</SUD>
    <AUST>65,000000</AUST>
    <BRNN>65,000000</BRNN>
    <COAC>65,000000</COAC>
    <CORS>65,000000</CORS>
    <FOGN>65,000000</FOGN>
    <FRAN>65,000000</FRAN>
    <GREC>65,000000</GREC>
    <MFTV>65,000000</MFTV>
    <PRGP>96,270000</PRGP>
    <ROSN>65,000000</ROSN>
    <SLOV>65,000000</SLOV>
    <SVIZ>65,000000</SVIZ>
    <BSP>65,000000</BSP>
    <MALT>96,270000</MALT>
    <XAUS>65,000000</XAUS>
    <XFRA>65,000000</XFRA>
  </Prezzi>
  <Prezzi>
    <Data>20170831</Data>
    <Mercato>MGP</Mercato>
    <Ora>21</Ora>
    <PUN>75,703830</PUN>
    <NAT>83,080000</NAT>
    <CNOR>74,300000</CNOR>
    <CSUD>74,300000</CSUD>
    <NORD>74,300000</NORD>
    <SARD>74,300000</SARD>
    <SICI>96,270000</SICI>
    <SUD>74,300000</SUD>
    <AUST>74,300000</AUST>
    <BRNN>74,300000</BRNN>
    <COAC>74,300000</COAC>
    <CORS>74,300000</CORS>
    <FOGN>74,300000</FOGN>
    <FRAN>74,300000</FRAN>
    <GREC>74,300000</GREC>
    <MFTV>74,300000</MFTV>
    <PRGP>96,270000</PRGP>
    <ROSN>74,300000</ROSN>
    <SLOV>74,300000</SLOV>
    <SVIZ>74,300000</SVIZ>
    <BSP>74,300000</BSP>
    <MALT>96,270000</MALT>
    <XAUS>74,300000</XAUS>
    <XFRA>74,300000</XFRA>
  </Prezzi>
  <Prezzi>
    <Data>20170831</Data>
    <Mercato>MGP</Mercato>
    <Ora>22</Ora>
    <PUN>57,578430</PUN>
    <NAT>60,770000</NAT>
    <CNOR>55,000000</CNOR>
    <CSUD>55,000000</CSUD>
    <NORD>55,000000</NORD>
    <SARD>55,000000</SARD>
    <SICI>96,270000</SICI>
    <SUD>55,000000</SUD>
    <AUST>55,000000</AUST>
    <BRNN>55,000000</BRNN>
    <COAC>55,000000</COAC>
    <CORS>55,000000</CORS>
    <FOGN>55,000000</FOGN>
    <FRAN>55,000000</FRAN>
    <GREC>55,000000</GREC>
    <MFTV>55,000000</MFTV>
    <PRGP>96,270000</PRGP>
    <ROSN>55,000000</ROSN>
    <SLOV>55,000000</SLOV>
    <SVIZ>55,000000</SVIZ>
    <BSP>55,000000</BSP>
    <MALT>96,270000</MALT>
    <XAUS>55,000000</XAUS>
    <XFRA>55,000000</XFRA>
  </Prezzi>
  <Prezzi>
    <Data>20170831</Data>
    <Mercato>MGP</Mercato>
    <Ora>23</Ora>
    <PUN>55,000000</PUN>
    <NAT>52,370000</NAT>
    <CNOR>52,336190</CNOR>
    <CSUD>52,336190</CSUD>
    <NORD>52,336190</NORD>
    <SARD>52,336190</SARD>
    <SICI>96,270000</SICI>
    <SUD>51,350000</SUD>
    <AUST>52,336190</AUST>
    <BRNN>51,350000</BRNN>
    <COAC>52,336190</COAC>
    <CORS>52,336190</CORS>
    <FOGN>51,350000</FOGN>
    <FRAN>52,336190</FRAN>
    <GREC>51,350000</GREC>
    <MFTV>52,336190</MFTV>
    <PRGP>96,270000</PRGP>
    <ROSN>51,350000</ROSN>
    <SLOV>52,336190</SLOV>
    <SVIZ>52,336190</SVIZ>
    <BSP>52,336190</BSP>
    <MALT>96,270000</MALT>
    <XAUS>52,336190</XAUS>
    <XFRA>52,336190</XFRA>
  </Prezzi>
  <Prezzi>
    <Data>20170831</Data>
    <Mercato>MGP</Mercato>
    <Ora>24</Ora>
    <PUN>52,891600</PUN>
    <NAT>50,560000</NAT>
    <CNOR>50,560000</CNOR>
    <CSUD>50,560000</CSUD>
    <NORD>50,560000</NORD>
    <SARD>50,560000</SARD>
    <SICI>87,010000</SICI>
    <SUD>50,560000</SUD>
    <AUST>50,560000</AUST>
    <BRNN>50,560000</BRNN>
    <COAC>50,560000</COAC>
    <CORS>50,560000</CORS>
    <FOGN>50,560000</FOGN>
    <FRAN>50,560000</FRAN>
    <GREC>50,560000</GREC>
    <MFTV>50,560000</MFTV>
    <PRGP>87,010000</PRGP>
    <ROSN>50,560000</ROSN>
    <SLOV>50,560000</SLOV>
    <SVIZ>50,560000</SVIZ>
    <BSP>50,560000</BSP>
    <MALT>87,010000</MALT>
    <XAUS>50,560000</XAUS>
    <XFRA>50,560000</XFRA>
  </Prezzi>
</NewDataSet>