<?xml version="1.0" standalone="yes"?>
<NewDataSet>
  <xs:schema id="NewDataSet" xmlns="" xmlns:xs="http://www.w3.org/2001/XMLSchema" xmlns:msdata="urn:schemas-microsoft-com:xml-msdata">
    <xs:element name="NewDataSet" msdata:IsDataSet="true" msdata:UseCurrentLocale="true">
      <xs:complexType>
        <xs:choice minOccurs="0" maxOccurs="unbounded">
          <xs:element name="Prezzi">
            <xs:complexType>
              <xs:sequence>
                <xs:element name="Data" type="xs:string" minOccurs="0" />
                <xs:element name="Mercato" type="xs:string" minOccurs="0" />
                <xs:element name="Ora" type="xs:string" minOccurs="0" />
                <xs:element name="PUN" type="xs:string" minOccurs="0" />
                <xs:element name="NAT" type="xs:string" minOccurs="0" />
                <xs:element name="CNOR" type="xs:string" minOccurs="0" />
                <xs:element name="CSUD" type="xs:string" minOccurs="0" />
                <xs:element name="NORD" type="xs:string" minOccurs="0" />
                <xs:element name="SARD" type="xs:string" minOccurs="0" />
                <xs:element name="SICI" type="xs:string" minOccurs="0" />
                <xs:element name="SUD" type="xs:string" minOccurs="0" />
                <xs:element name="AUST" type="xs:string" minOccurs="0" />
                <xs:element name="BRNN" type="xs:string" minOccurs="0" />
                <xs:element name="COAC" type="xs:string" minOccurs="0" />
                <xs:element name="CORS" type="xs:string" minOccurs="0" />
                <xs:element name="FOGN" type="xs:string" minOccurs="0" />
                <xs:element name="FRAN" type="xs:string" minOccurs="0" />
                <xs:element name="GREC" type="xs:string" minOccurs="0" />
                <xs:element name="MFTV" type="xs:string" minOccurs="0" />
                <xs:element name="PRGP" type="xs:string" minOccurs="0" />
                <xs:element name="ROSN" type="xs:string" minOccurs="0" />
                <xs:element name="SLOV" type="xs:string" minOccurs="0" />
                <xs:element name="SVIZ" type="xs:string" minOccurs="0" />
                <xs:element name="BSP" type="xs:string" minOccurs="0" />
                <xs:element name="MALT" type="xs:string" minOccurs="0" />
                <xs:element name="XAUS" type="xs:string" minOccurs="0" />
                <xs:element name="XFRA" type="xs:string" minOccurs="0" />
              </xs:sequence>
            </xs:complexType>
          </xs:element>
        </xs:choice>
      </xs:complexType>
    </xs:element>
  </xs:schema>
  <Prezzi>
    <Data>20170805</Data>
    <Mercato>MGP</Mercato>
    <Ora>1</Ora>
    <PUN>62,423810</PUN>
    <NAT>61,590000</NAT>
    <CNOR>60,000000</CNOR>
    <CSUD>60,000000</CSUD>
    <NORD>60,000000</NORD>
    <SARD>60,000000</SARD>
    <SICI>96,280000</SICI>
    <SUD>60,000000</SUD>
    <AUST>60,000000</AUST>
    <BRNN>60,000000</BRNN>
    <COAC>60,000000</COAC>
    <CORS>60,000000</CORS>
    <FOGN>60,000000</FOGN>
    <FRAN>60,000000</FRAN>
    <GREC>60,000000</GREC>
    <MFTV>60,000000</MFTV>
    <PRGP>96,280000</PRGP>
    <ROSN>60,000000</ROSN>
    <SLOV>60,000000</SLOV>
    <SVIZ>60,000000</SVIZ>
    <BSP>60,000000</BSP>
    <MALT>96,280000</MALT>
    <XAUS>60,000000</XAUS>
    <XFRA>60,000000</XFRA>
  </Prezzi>
  <Prezzi>
    <Data>20170805</Data>
    <Mercato>MGP</Mercato>
    <Ora>2</Ora>
    <PUN>53,657450</PUN>
    <NAT>54,150000</NAT>
    <CNOR>52,720000</CNOR>
    <CSUD>52,720000</CSUD>
    <NORD>52,720000</NORD>
    <SARD>52,720000</SARD>
    <SICI>66,280000</SICI>
    <SUD>52,720000</SUD>
    <AUST>52,720000</AUST>
    <BRNN>52,720000</BRNN>
    <COAC>52,720000</COAC>
    <CORS>52,720000</CORS>
    <FOGN>52,720000</FOGN>
    <FRAN>52,720000</FRAN>
    <GREC>52,720000</GREC>
    <MFTV>52,720000</MFTV>
    <PRGP>66,280000</PRGP>
    <ROSN>52,720000</ROSN>
    <SLOV>52,720000</SLOV>
    <SVIZ>52,720000</SVIZ>
    <BSP>52,720000</BSP>
    <MALT>66,280000</MALT>
    <XAUS>52,720000</XAUS>
    <XFRA>52,720000</XFRA>
  </Prezzi>
  <Prezzi>
    <Data>20170805</Data>
    <Mercato>MGP</Mercato>
    <Ora>3</Ora>
    <PUN>51,117540</PUN>
    <NAT>50,190000</NAT>
    <CNOR>50,000000</CNOR>
    <CSUD>50,000000</CSUD>
    <NORD>50,000000</NORD>
    <SARD>50,000000</SARD>
    <SICI>66,280000</SICI>
    <SUD>50,000000</SUD>
    <AUST>50,000000</AUST>
    <BRNN>50,000000</BRNN>
    <COAC>50,000000</COAC>
    <CORS>50,000000</CORS>
    <FOGN>50,000000</FOGN>
    <FRAN>50,000000</FRAN>
    <GREC>50,000000</GREC>
    <MFTV>50,000000</MFTV>
    <PRGP>66,280000</PRGP>
    <ROSN>50,000000</ROSN>
    <SLOV>50,000000</SLOV>
    <SVIZ>50,000000</SVIZ>
    <BSP>50,000000</BSP>
    <MALT>66,280000</MALT>
    <XAUS>50,000000</XAUS>
    <XFRA>50,000000</XFRA>
  </Prezzi>
  <Prezzi>
    <Data>20170805</Data>
    <Mercato>MGP</Mercato>
    <Ora>4</Ora>
    <PUN>50,563350</PUN>
    <NAT>49,900000</NAT>
    <CNOR>49,410000</CNOR>
    <CSUD>49,410000</CSUD>
    <NORD>49,410000</NORD>
    <SARD>49,410000</SARD>
    <SICI>66,280000</SICI>
    <SUD>49,410000</SUD>
    <AUST>49,410000</AUST>
    <BRNN>49,410000</BRNN>
    <COAC>49,410000</COAC>
    <CORS>49,410000</CORS>
    <FOGN>49,410000</FOGN>
    <FRAN>49,410000</FRAN>
    <GREC>49,410000</GREC>
    <MFTV>49,410000</MFTV>
    <PRGP>66,280000</PRGP>
    <ROSN>49,410000</ROSN>
    <SLOV>49,410000</SLOV>
    <SVIZ>49,410000</SVIZ>
    <BSP>49,410000</BSP>
    <MALT>66,280000</MALT>
    <XAUS>49,410000</XAUS>
    <XFRA>49,410000</XFRA>
  </Prezzi>
  <Prezzi>
    <Data>20170805</Data>
    <Mercato>MGP</Mercato>
    <Ora>5</Ora>
    <PUN>50,554560</PUN>
    <NAT>49,410000</NAT>
    <CNOR>49,410000</CNOR>
    <CSUD>49,410000</CSUD>
    <NORD>49,410000</NORD>
    <SARD>49,410000</SARD>
    <SICI>66,280000</SICI>
    <SUD>49,410000</SUD>
    <AUST>49,410000</AUST>
    <BRNN>49,410000</BRNN>
    <COAC>49,410000</COAC>
    <CORS>49,410000</CORS>
    <FOGN>49,410000</FOGN>
    <FRAN>49,410000</FRAN>
    <GREC>49,410000</GREC>
    <MFTV>49,410000</MFTV>
    <PRGP>66,280000</PRGP>
    <ROSN>49,410000</ROSN>
    <SLOV>49,410000</SLOV>
    <SVIZ>49,410000</SVIZ>
    <BSP>49,410000</BSP>
    <MALT>66,280000</MALT>
    <XAUS>49,410000</XAUS>
    <XFRA>49,410000</XFRA>
  </Prezzi>
  <Prezzi>
    <Data>20170805</Data>
    <Mercato>MGP</Mercato>
    <Ora>6</Ora>
    <PUN>49,970100</PUN>
    <NAT>49,410000</NAT>
    <CNOR>48,780000</CNOR>
    <CSUD>48,780000</CSUD>
    <NORD>48,780000</NORD>
    <SARD>48,780000</SARD>
    <SICI>66,280000</SICI>
    <SUD>48,780000</SUD>
    <AUST>48,780000</AUST>
    <BRNN>48,780000</BRNN>
    <COAC>48,780000</COAC>
    <CORS>48,780000</CORS>
    <FOGN>48,780000</FOGN>
    <FRAN>48,780000</FRAN>
    <GREC>48,780000</GREC>
    <MFTV>48,780000</MFTV>
    <PRGP>66,280000</PRGP>
    <ROSN>48,780000</ROSN>
    <SLOV>48,780000</SLOV>
    <SVIZ>48,780000</SVIZ>
    <BSP>48,780000</BSP>
    <MALT>66,280000</MALT>
    <XAUS>48,780000</XAUS>
    <XFRA>48,780000</XFRA>
  </Prezzi>
  <Prezzi>
    <Data>20170805</Data>
    <Mercato>MGP</Mercato>
    <Ora>7</Ora>
    <PUN>48,141130</PUN>
    <NAT>48,000000</NAT>
    <CNOR>47,250000</CNOR>
    <CSUD>47,250000</CSUD>
    <NORD>47,250000</NORD>
    <SARD>47,250000</SARD>
    <SICI>61,010000</SICI>
    <SUD>47,250000</SUD>
    <AUST>47,250000</AUST>
    <BRNN>47,250000</BRNN>
    <COAC>47,250000</COAC>
    <CORS>47,250000</CORS>
    <FOGN>47,250000</FOGN>
    <FRAN>47,250000</FRAN>
    <GREC>47,250000</GREC>
    <MFTV>47,250000</MFTV>
    <PRGP>61,010000</PRGP>
    <ROSN>47,250000</ROSN>
    <SLOV>47,250000</SLOV>
    <SVIZ>47,250000</SVIZ>
    <BSP>47,250000</BSP>
    <MALT>61,010000</MALT>
    <XAUS>47,250000</XAUS>
    <XFRA>47,250000</XFRA>
  </Prezzi>
  <Prezzi>
    <Data>20170805</Data>
    <Mercato>MGP</Mercato>
    <Ora>8</Ora>
    <PUN>49,357130</PUN>
    <NAT>47,250000</NAT>
    <CNOR>47,250000</CNOR>
    <CSUD>47,250000</CSUD>
    <NORD>47,250000</NORD>
    <SARD>47,250000</SARD>
    <SICI>79,980000</SICI>
    <SUD>47,250000</SUD>
    <AUST>47,250000</AUST>
    <BRNN>47,250000</BRNN>
    <COAC>47,250000</COAC>
    <CORS>47,250000</CORS>
    <FOGN>47,250000</FOGN>
    <FRAN>47,250000</FRAN>
    <GREC>47,250000</GREC>
    <MFTV>47,250000</MFTV>
    <PRGP>79,980000</PRGP>
    <ROSN>47,250000</ROSN>
    <SLOV>47,250000</SLOV>
    <SVIZ>47,250000</SVIZ>
    <BSP>47,250000</BSP>
    <MALT>79,980000</MALT>
    <XAUS>47,250000</XAUS>
    <XFRA>47,250000</XFRA>
  </Prezzi>
  <Prezzi>
    <Data>20170805</Data>
    <Mercato>MGP</Mercato>
    <Ora>9</Ora>
    <PUN>51,340890</PUN>
    <NAT>48,780000</NAT>
    <CNOR>48,780000</CNOR>
    <CSUD>48,780000</CSUD>
    <NORD>48,780000</NORD>
    <SARD>48,780000</SARD>
    <SICI>87,880000</SICI>
    <SUD>48,780000</SUD>
    <AUST>48,780000</AUST>
    <BRNN>48,780000</BRNN>
    <COAC>48,780000</COAC>
    <CORS>48,780000</CORS>
    <FOGN>48,780000</FOGN>
    <FRAN>48,780000</FRAN>
    <GREC>48,780000</GREC>
    <MFTV>48,780000</MFTV>
    <PRGP>87,880000</PRGP>
    <ROSN>48,780000</ROSN>
    <SLOV>48,780000</SLOV>
    <SVIZ>48,780000</SVIZ>
    <BSP>48,780000</BSP>
    <MALT>87,880000</MALT>
    <XAUS>48,780000</XAUS>
    <XFRA>48,780000</XFRA>
  </Prezzi>
  <Prezzi>
    <Data>20170805</Data>
    <Mercato>MGP</Mercato>
    <Ora>10</Ora>
    <PUN>51,615540</PUN>
    <NAT>49,410000</NAT>
    <CNOR>49,000000</CNOR>
    <CSUD>49,000000</CSUD>
    <NORD>49,000000</NORD>
    <SARD>49,000000</SARD>
    <SICI>87,880000</SICI>
    <SUD>49,000000</SUD>
    <AUST>49,000000</AUST>
    <BRNN>49,000000</BRNN>
    <COAC>49,000000</COAC>
    <CORS>49,000000</CORS>
    <FOGN>49,000000</FOGN>
    <FRAN>49,000000</FRAN>
    <GREC>49,000000</GREC>
    <MFTV>49,000000</MFTV>
    <PRGP>87,880000</PRGP>
    <ROSN>49,000000</ROSN>
    <SLOV>49,000000</SLOV>
    <SVIZ>49,000000</SVIZ>
    <BSP>49,000000</BSP>
    <MALT>87,880000</MALT>
    <XAUS>49,000000</XAUS>
    <XFRA>49,000000</XFRA>
  </Prezzi>
  <Prezzi>
    <Data>20170805</Data>
    <Mercato>MGP</Mercato>
    <Ora>11</Ora>
    <PUN>50,728960</PUN>
    <NAT>48,780000</NAT>
    <CNOR>48,780000</CNOR>
    <CSUD>48,780000</CSUD>
    <NORD>48,780000</NORD>
    <SARD>48,780000</SARD>
    <SICI>77,330000</SICI>
    <SUD>48,780000</SUD>
    <AUST>48,780000</AUST>
    <BRNN>48,780000</BRNN>
    <COAC>48,780000</COAC>
    <CORS>48,780000</CORS>
    <FOGN>48,780000</FOGN>
    <FRAN>48,780000</FRAN>
    <GREC>48,780000</GREC>
    <MFTV>48,780000</MFTV>
    <PRGP>77,330000</PRGP>
    <ROSN>48,780000</ROSN>
    <SLOV>48,780000</SLOV>
    <SVIZ>48,780000</SVIZ>
    <BSP>48,780000</BSP>
    <MALT>77,330000</MALT>
    <XAUS>48,780000</XAUS>
    <XFRA>48,780000</XFRA>
  </Prezzi>
  <Prezzi>
    <Data>20170805</Data>
    <Mercato>MGP</Mercato>
    <Ora>12</Ora>
    <PUN>49,617120</PUN>
    <NAT>48,780000</NAT>
    <CNOR>48,780000</CNOR>
    <CSUD>48,780000</CSUD>
    <NORD>48,780000</NORD>
    <SARD>48,780000</SARD>
    <SICI>61,010000</SICI>
    <SUD>48,780000</SUD>
    <AUST>48,780000</AUST>
    <BRNN>48,780000</BRNN>
    <COAC>48,780000</COAC>
    <CORS>48,780000</CORS>
    <FOGN>48,780000</FOGN>
    <FRAN>48,780000</FRAN>
    <GREC>48,780000</GREC>
    <MFTV>48,780000</MFTV>
    <PRGP>61,010000</PRGP>
    <ROSN>48,780000</ROSN>
    <SLOV>48,780000</SLOV>
    <SVIZ>48,780000</SVIZ>
    <BSP>48,780000</BSP>
    <MALT>61,010000</MALT>
    <XAUS>48,780000</XAUS>
    <XFRA>48,780000</XFRA>
  </Prezzi>
  <Prezzi>
    <Data>20170805</Data>
    <Mercato>MGP</Mercato>
    <Ora>13</Ora>
    <PUN>49,648860</PUN>
    <NAT>48,780000</NAT>
    <CNOR>48,780000</CNOR>
    <CSUD>48,780000</CSUD>
    <NORD>48,780000</NORD>
    <SARD>48,780000</SARD>
    <SICI>61,010000</SICI>
    <SUD>48,780000</SUD>
    <AUST>48,780000</AUST>
    <BRNN>48,780000</BRNN>
    <COAC>48,780000</COAC>
    <CORS>48,780000</CORS>
    <FOGN>48,780000</FOGN>
    <FRAN>48,780000</FRAN>
    <GREC>48,780000</GREC>
    <MFTV>48,780000</MFTV>
    <PRGP>61,010000</PRGP>
    <ROSN>48,780000</ROSN>
    <SLOV>48,780000</SLOV>
    <SVIZ>48,780000</SVIZ>
    <BSP>48,780000</BSP>
    <MALT>61,010000</MALT>
    <XAUS>48,780000</XAUS>
    <XFRA>48,780000</XFRA>
  </Prezzi>
  <Prezzi>
    <Data>20170805</Data>
    <Mercato>MGP</Mercato>
    <Ora>14</Ora>
    <PUN>47,403150</PUN>
    <NAT>46,990000</NAT>
    <CNOR>46,990000</CNOR>
    <CSUD>46,990000</CSUD>
    <NORD>46,990000</NORD>
    <SARD>46,990000</SARD>
    <SICI>52,740000</SICI>
    <SUD>46,990000</SUD>
    <AUST>46,990000</AUST>
    <BRNN>46,990000</BRNN>
    <COAC>46,990000</COAC>
    <CORS>46,990000</CORS>
    <FOGN>46,990000</FOGN>
    <FRAN>46,990000</FRAN>
    <GREC>46,990000</GREC>
    <MFTV>46,990000</MFTV>
    <PRGP>52,740000</PRGP>
    <ROSN>46,990000</ROSN>
    <SLOV>46,990000</SLOV>
    <SVIZ>46,990000</SVIZ>
    <BSP>46,990000</BSP>
    <MALT>52,740000</MALT>
    <XAUS>46,990000</XAUS>
    <XFRA>46,990000</XFRA>
  </Prezzi>
  <Prezzi>
    <Data>20170805</Data>
    <Mercato>MGP</Mercato>
    <Ora>15</Ora>
    <PUN>47,207790</PUN>
    <NAT>46,990000</NAT>
    <CNOR>46,780000</CNOR>
    <CSUD>46,780000</CSUD>
    <NORD>46,780000</NORD>
    <SARD>46,780000</SARD>
    <SICI>52,740000</SICI>
    <SUD>46,780000</SUD>
    <AUST>46,780000</AUST>
    <BRNN>46,780000</BRNN>
    <COAC>46,780000</COAC>
    <CORS>46,780000</CORS>
    <FOGN>46,780000</FOGN>
    <FRAN>46,780000</FRAN>
    <GREC>46,780000</GREC>
    <MFTV>46,780000</MFTV>
    <PRGP>52,740000</PRGP>
    <ROSN>46,780000</ROSN>
    <SLOV>46,780000</SLOV>
    <SVIZ>46,780000</SVIZ>
    <BSP>46,780000</BSP>
    <MALT>52,740000</MALT>
    <XAUS>46,780000</XAUS>
    <XFRA>46,780000</XFRA>
  </Prezzi>
  <Prezzi>
    <Data>20170805</Data>
    <Mercato>MGP</Mercato>
    <Ora>16</Ora>
    <PUN>47,981280</PUN>
    <NAT>46,990000</NAT>
    <CNOR>46,990000</CNOR>
    <CSUD>46,990000</CSUD>
    <NORD>46,990000</NORD>
    <SARD>46,990000</SARD>
    <SICI>61,010000</SICI>
    <SUD>46,990000</SUD>
    <AUST>46,990000</AUST>
    <BRNN>46,990000</BRNN>
    <COAC>46,990000</COAC>
    <CORS>46,990000</CORS>
    <FOGN>46,990000</FOGN>
    <FRAN>46,990000</FRAN>
    <GREC>46,990000</GREC>
    <MFTV>46,990000</MFTV>
    <PRGP>61,010000</PRGP>
    <ROSN>46,990000</ROSN>
    <SLOV>46,990000</SLOV>
    <SVIZ>46,990000</SVIZ>
    <BSP>46,990000</BSP>
    <MALT>61,010000</MALT>
    <XAUS>46,990000</XAUS>
    <XFRA>46,990000</XFRA>
  </Prezzi>
  <Prezzi>
    <Data>20170805</Data>
    <Mercato>MGP</Mercato>
    <Ora>17</Ora>
    <PUN>50,416470</PUN>
    <NAT>48,780000</NAT>
    <CNOR>48,780000</CNOR>
    <CSUD>48,780000</CSUD>
    <NORD>48,780000</NORD>
    <SARD>48,780000</SARD>
    <SICI>72,130000</SICI>
    <SUD>48,780000</SUD>
    <AUST>48,780000</AUST>
    <BRNN>48,780000</BRNN>
    <COAC>48,780000</COAC>
    <CORS>48,780000</CORS>
    <FOGN>48,780000</FOGN>
    <FRAN>48,780000</FRAN>
    <GREC>48,780000</GREC>
    <MFTV>48,780000</MFTV>
    <PRGP>72,130000</PRGP>
    <ROSN>48,780000</ROSN>
    <SLOV>48,780000</SLOV>
    <SVIZ>48,780000</SVIZ>
    <BSP>48,780000</BSP>
    <MALT>72,130000</MALT>
    <XAUS>48,780000</XAUS>
    <XFRA>48,780000</XFRA>
  </Prezzi>
  <Prezzi>
    <Data>20170805</Data>
    <Mercato>MGP</Mercato>
    <Ora>18</Ora>
    <PUN>52,644120</PUN>
    <NAT>49,410000</NAT>
    <CNOR>49,410000</CNOR>
    <CSUD>49,410000</CSUD>
    <NORD>49,410000</NORD>
    <SARD>49,410000</SARD>
    <SICI>96,280000</SICI>
    <SUD>49,410000</SUD>
    <AUST>49,410000</AUST>
    <BRNN>49,410000</BRNN>
    <COAC>49,410000</COAC>
    <CORS>49,410000</CORS>
    <FOGN>49,410000</FOGN>
    <FRAN>49,410000</FRAN>
    <GREC>49,410000</GREC>
    <MFTV>49,410000</MFTV>
    <PRGP>96,280000</PRGP>
    <ROSN>49,410000</ROSN>
    <SLOV>49,410000</SLOV>
    <SVIZ>49,410000</SVIZ>
    <BSP>49,410000</BSP>
    <MALT>96,280000</MALT>
    <XAUS>49,410000</XAUS>
    <XFRA>49,410000</XFRA>
  </Prezzi>
  <Prezzi>
    <Data>20170805</Data>
    <Mercato>MGP</Mercato>
    <Ora>19</Ora>
    <PUN>61,117590</PUN>
    <NAT>70,000000</NAT>
    <CNOR>58,560000</CNOR>
    <CSUD>58,560000</CSUD>
    <NORD>58,560000</NORD>
    <SARD>58,560000</SARD>
    <SICI>96,280000</SICI>
    <SUD>58,560000</SUD>
    <AUST>58,560000</AUST>
    <BRNN>58,560000</BRNN>
    <COAC>58,560000</COAC>
    <CORS>58,560000</CORS>
    <FOGN>58,560000</FOGN>
    <FRAN>58,560000</FRAN>
    <GREC>58,560000</GREC>
    <MFTV>58,560000</MFTV>
    <PRGP>96,280000</PRGP>
    <ROSN>58,560000</ROSN>
    <SLOV>58,560000</SLOV>
    <SVIZ>58,560000</SVIZ>
    <BSP>58,560000</BSP>
    <MALT>96,280000</MALT>
    <XAUS>58,560000</XAUS>
    <XFRA>58,560000</XFRA>
  </Prezzi>
  <Prezzi>
    <Data>20170805</Data>
    <Mercato>MGP</Mercato>
    <Ora>20</Ora>
    <PUN>78,163520</PUN>
    <NAT>85,000000</NAT>
    <CNOR>76,830000</CNOR>
    <CSUD>76,830000</CSUD>
    <NORD>76,830000</NORD>
    <SARD>76,830000</SARD>
    <SICI>96,280000</SICI>
    <SUD>76,830000</SUD>
    <AUST>76,830000</AUST>
    <BRNN>76,830000</BRNN>
    <COAC>76,830000</COAC>
    <CORS>76,830000</CORS>
    <FOGN>76,830000</FOGN>
    <FRAN>76,830000</FRAN>
    <GREC>76,830000</GREC>
    <MFTV>76,830000</MFTV>
    <PRGP>96,280000</PRGP>
    <ROSN>76,830000</ROSN>
    <SLOV>76,830000</SLOV>
    <SVIZ>76,830000</SVIZ>
    <BSP>76,830000</BSP>
    <MALT>96,280000</MALT>
    <XAUS>76,830000</XAUS>
    <XFRA>76,830000</XFRA>
  </Prezzi>
  <Prezzi>
    <Data>20170805</Data>
    <Mercato>MGP</Mercato>
    <Ora>21</Ora>
    <PUN>85,828840</PUN>
    <NAT>90,000000</NAT>
    <CNOR>85,000000</CNOR>
    <CSUD>85,000000</CSUD>
    <NORD>85,000000</NORD>
    <SARD>85,000000</SARD>
    <SICI>96,580000</SICI>
    <SUD>85,000000</SUD>
    <AUST>85,000000</AUST>
    <BRNN>85,000000</BRNN>
    <COAC>85,000000</COAC>
    <CORS>85,000000</CORS>
    <FOGN>85,000000</FOGN>
    <FRAN>85,000000</FRAN>
    <GREC>85,000000</GREC>
    <MFTV>85,000000</MFTV>
    <PRGP>96,580000</PRGP>
    <ROSN>85,000000</ROSN>
    <SLOV>85,000000</SLOV>
    <SVIZ>85,000000</SVIZ>
    <BSP>85,000000</BSP>
    <MALT>96,580000</MALT>
    <XAUS>85,000000</XAUS>
    <XFRA>85,000000</XFRA>
  </Prezzi>
  <Prezzi>
    <Data>20170805</Data>
    <Mercato>MGP</Mercato>
    <Ora>22</Ora>
    <PUN>73,689850</PUN>
    <NAT>85,000000</NAT>
    <CNOR>72,000000</CNOR>
    <CSUD>72,000000</CSUD>
    <NORD>72,000000</NORD>
    <SARD>72,000000</SARD>
    <SICI>96,280000</SICI>
    <SUD>72,000000</SUD>
    <AUST>72,000000</AUST>
    <BRNN>72,000000</BRNN>
    <COAC>72,000000</COAC>
    <CORS>72,000000</CORS>
    <FOGN>72,000000</FOGN>
    <FRAN>72,000000</FRAN>
    <GREC>72,000000</GREC>
    <MFTV>72,000000</MFTV>
    <PRGP>96,280000</PRGP>
    <ROSN>72,000000</ROSN>
    <SLOV>72,000000</SLOV>
    <SVIZ>72,000000</SVIZ>
    <BSP>72,000000</BSP>
    <MALT>96,280000</MALT>
    <XAUS>72,000000</XAUS>
    <XFRA>72,000000</XFRA>
  </Prezzi>
  <Prezzi>
    <Data>20170805</Data>
    <Mercato>MGP</Mercato>
    <Ora>23</Ora>
    <PUN>55,971530</PUN>
    <NAT>57,000000</NAT>
    <CNOR>53,000000</CNOR>
    <CSUD>53,000000</CSUD>
    <NORD>53,000000</NORD>
    <SARD>53,000000</SARD>
    <SICI>96,280000</SICI>
    <SUD>53,000000</SUD>
    <AUST>53,000000</AUST>
    <BRNN>53,000000</BRNN>
    <COAC>53,000000</COAC>
    <CORS>53,000000</CORS>
    <FOGN>53,000000</FOGN>
    <FRAN>53,000000</FRAN>
    <GREC>53,000000</GREC>
    <MFTV>53,000000</MFTV>
    <PRGP>96,280000</PRGP>
    <ROSN>53,000000</ROSN>
    <SLOV>53,000000</SLOV>
    <SVIZ>53,000000</SVIZ>
    <BSP>53,000000</BSP>
    <MALT>96,280000</MALT>
    <XAUS>53,000000</XAUS>
    <XFRA>53,000000</XFRA>
  </Prezzi>
  <Prezzi>
    <Data>20170805</Data>
    <Mercato>MGP</Mercato>
    <Ora>24</Ora>
    <PUN>52,733790</PUN>
    <NAT>50,000000</NAT>
    <CNOR>49,470000</CNOR>
    <CSUD>49,470000</CSUD>
    <NORD>49,470000</NORD>
    <SARD>49,470000</SARD>
    <SICI>96,280000</SICI>
    <SUD>49,470000</SUD>
    <AUST>49,470000</AUST>
    <BRNN>49,470000</BRNN>
    <COAC>49,470000</COAC>
    <CORS>49,470000</CORS>
    <FOGN>49,470000</FOGN>
    <FRAN>49,470000</FRAN>
    <GREC>49,470000</GREC>
    <MFTV>49,470000</MFTV>
    <PRGP>96,280000</PRGP>
    <ROSN>49,470000</ROSN>
    <SLOV>49,470000</SLOV>
    <SVIZ>49,470000</SVIZ>
    <BSP>49,470000</BSP>
    <MALT>96,280000</MALT>
    <XAUS>49,470000</XAUS>
    <XFRA>49,470000</XFRA>
  </Prezzi>
</NewDataSet>