<?xml version="1.0" standalone="yes"?>
<NewDataSet>
  <xs:schema id="NewDataSet" xmlns="" xmlns:xs="http://www.w3.org/2001/XMLSchema" xmlns:msdata="urn:schemas-microsoft-com:xml-msdata">
    <xs:element name="NewDataSet" msdata:IsDataSet="true" msdata:UseCurrentLocale="true">
      <xs:complexType>
        <xs:choice minOccurs="0" maxOccurs="unbounded">
          <xs:element name="Prezzi">
            <xs:complexType>
              <xs:sequence>
                <xs:element name="Data" type="xs:string" minOccurs="0" />
                <xs:element name="Mercato" type="xs:string" minOccurs="0" />
                <xs:element name="Ora" type="xs:string" minOccurs="0" />
                <xs:element name="PUN" type="xs:string" minOccurs="0" />
                <xs:element name="NAT" type="xs:string" minOccurs="0" />
                <xs:element name="CNOR" type="xs:string" minOccurs="0" />
                <xs:element name="CSUD" type="xs:string" minOccurs="0" />
                <xs:element name="NORD" type="xs:string" minOccurs="0" />
                <xs:element name="SARD" type="xs:string" minOccurs="0" />
                <xs:element name="SICI" type="xs:string" minOccurs="0" />
                <xs:element name="SUD" type="xs:string" minOccurs="0" />
                <xs:element name="AUST" type="xs:string" minOccurs="0" />
                <xs:element name="BRNN" type="xs:string" minOccurs="0" />
                <xs:element name="COAC" type="xs:string" minOccurs="0" />
                <xs:element name="CORS" type="xs:string" minOccurs="0" />
                <xs:element name="FOGN" type="xs:string" minOccurs="0" />
                <xs:element name="FRAN" type="xs:string" minOccurs="0" />
                <xs:element name="GREC" type="xs:string" minOccurs="0" />
                <xs:element name="MFTV" type="xs:string" minOccurs="0" />
                <xs:element name="PRGP" type="xs:string" minOccurs="0" />
                <xs:element name="ROSN" type="xs:string" minOccurs="0" />
                <xs:element name="SLOV" type="xs:string" minOccurs="0" />
                <xs:element name="SVIZ" type="xs:string" minOccurs="0" />
                <xs:element name="BSP" type="xs:string" minOccurs="0" />
                <xs:element name="MALT" type="xs:string" minOccurs="0" />
                <xs:element name="XAUS" type="xs:string" minOccurs="0" />
                <xs:element name="XFRA" type="xs:string" minOccurs="0" />
              </xs:sequence>
            </xs:complexType>
          </xs:element>
        </xs:choice>
      </xs:complexType>
    </xs:element>
  </xs:schema>
  <Prezzi>
    <Data>20170822</Data>
    <Mercato>MGP</Mercato>
    <Ora>1</Ora>
    <PUN>50,755860</PUN>
    <NAT>48,650000</NAT>
    <CNOR>47,000000</CNOR>
    <CSUD>47,000000</CSUD>
    <NORD>47,000000</NORD>
    <SARD>47,000000</SARD>
    <SICI>96,270000</SICI>
    <SUD>47,000000</SUD>
    <AUST>47,000000</AUST>
    <BRNN>47,000000</BRNN>
    <COAC>47,000000</COAC>
    <CORS>47,000000</CORS>
    <FOGN>47,000000</FOGN>
    <FRAN>47,000000</FRAN>
    <GREC>47,000000</GREC>
    <MFTV>47,000000</MFTV>
    <PRGP>96,270000</PRGP>
    <ROSN>47,000000</ROSN>
    <SLOV>47,000000</SLOV>
    <SVIZ>47,000000</SVIZ>
    <BSP>47,000000</BSP>
    <MALT>96,270000</MALT>
    <XAUS>47,000000</XAUS>
    <XFRA>47,000000</XFRA>
  </Prezzi>
  <Prezzi>
    <Data>20170822</Data>
    <Mercato>MGP</Mercato>
    <Ora>2</Ora>
    <PUN>46,845870</PUN>
    <NAT>44,000000</NAT>
    <CNOR>43,500000</CNOR>
    <CSUD>43,500000</CSUD>
    <NORD>43,500000</NORD>
    <SARD>43,500000</SARD>
    <SICI>87,880000</SICI>
    <SUD>43,500000</SUD>
    <AUST>43,500000</AUST>
    <BRNN>43,500000</BRNN>
    <COAC>43,500000</COAC>
    <CORS>43,500000</CORS>
    <FOGN>43,500000</FOGN>
    <FRAN>43,500000</FRAN>
    <GREC>43,500000</GREC>
    <MFTV>43,500000</MFTV>
    <PRGP>87,880000</PRGP>
    <ROSN>43,500000</ROSN>
    <SLOV>43,500000</SLOV>
    <SVIZ>43,500000</SVIZ>
    <BSP>43,500000</BSP>
    <MALT>87,880000</MALT>
    <XAUS>43,500000</XAUS>
    <XFRA>43,500000</XFRA>
  </Prezzi>
  <Prezzi>
    <Data>20170822</Data>
    <Mercato>MGP</Mercato>
    <Ora>3</Ora>
    <PUN>43,004420</PUN>
    <NAT>41,140000</NAT>
    <CNOR>41,140000</CNOR>
    <CSUD>41,140000</CSUD>
    <NORD>41,140000</NORD>
    <SARD>41,140000</SARD>
    <SICI>66,010000</SICI>
    <SUD>41,140000</SUD>
    <AUST>41,140000</AUST>
    <BRNN>41,140000</BRNN>
    <COAC>41,140000</COAC>
    <CORS>41,140000</CORS>
    <FOGN>41,140000</FOGN>
    <FRAN>41,140000</FRAN>
    <GREC>41,140000</GREC>
    <MFTV>41,140000</MFTV>
    <PRGP>66,010000</PRGP>
    <ROSN>41,140000</ROSN>
    <SLOV>41,140000</SLOV>
    <SVIZ>41,140000</SVIZ>
    <BSP>41,140000</BSP>
    <MALT>66,010000</MALT>
    <XAUS>41,140000</XAUS>
    <XFRA>41,140000</XFRA>
  </Prezzi>
  <Prezzi>
    <Data>20170822</Data>
    <Mercato>MGP</Mercato>
    <Ora>4</Ora>
    <PUN>42,755900</PUN>
    <NAT>41,140000</NAT>
    <CNOR>40,920000</CNOR>
    <CSUD>40,920000</CSUD>
    <NORD>40,920000</NORD>
    <SARD>40,920000</SARD>
    <SICI>65,990000</SICI>
    <SUD>40,920000</SUD>
    <AUST>40,920000</AUST>
    <BRNN>40,920000</BRNN>
    <COAC>40,920000</COAC>
    <CORS>40,920000</CORS>
    <FOGN>40,920000</FOGN>
    <FRAN>40,920000</FRAN>
    <GREC>40,920000</GREC>
    <MFTV>40,920000</MFTV>
    <PRGP>65,990000</PRGP>
    <ROSN>40,920000</ROSN>
    <SLOV>40,920000</SLOV>
    <SVIZ>40,920000</SVIZ>
    <BSP>40,920000</BSP>
    <MALT>65,990000</MALT>
    <XAUS>40,920000</XAUS>
    <XFRA>40,920000</XFRA>
  </Prezzi>
  <Prezzi>
    <Data>20170822</Data>
    <Mercato>MGP</Mercato>
    <Ora>5</Ora>
    <PUN>42,939210</PUN>
    <NAT>41,140000</NAT>
    <CNOR>41,140000</CNOR>
    <CSUD>41,140000</CSUD>
    <NORD>41,140000</NORD>
    <SARD>41,140000</SARD>
    <SICI>65,990000</SICI>
    <SUD>41,140000</SUD>
    <AUST>41,140000</AUST>
    <BRNN>41,140000</BRNN>
    <COAC>41,140000</COAC>
    <CORS>41,140000</CORS>
    <FOGN>41,140000</FOGN>
    <FRAN>41,140000</FRAN>
    <GREC>41,140000</GREC>
    <MFTV>41,140000</MFTV>
    <PRGP>65,990000</PRGP>
    <ROSN>41,140000</ROSN>
    <SLOV>41,140000</SLOV>
    <SVIZ>41,140000</SVIZ>
    <BSP>41,140000</BSP>
    <MALT>65,990000</MALT>
    <XAUS>41,140000</XAUS>
    <XFRA>41,140000</XFRA>
  </Prezzi>
  <Prezzi>
    <Data>20170822</Data>
    <Mercato>MGP</Mercato>
    <Ora>6</Ora>
    <PUN>44,886350</PUN>
    <NAT>43,650000</NAT>
    <CNOR>43,280000</CNOR>
    <CSUD>43,280000</CSUD>
    <NORD>43,280000</NORD>
    <SARD>43,280000</SARD>
    <SICI>65,990000</SICI>
    <SUD>43,280000</SUD>
    <AUST>43,280000</AUST>
    <BRNN>43,280000</BRNN>
    <COAC>43,280000</COAC>
    <CORS>43,280000</CORS>
    <FOGN>43,280000</FOGN>
    <FRAN>43,280000</FRAN>
    <GREC>43,280000</GREC>
    <MFTV>43,280000</MFTV>
    <PRGP>65,990000</PRGP>
    <ROSN>43,280000</ROSN>
    <SLOV>43,280000</SLOV>
    <SVIZ>43,280000</SVIZ>
    <BSP>43,280000</BSP>
    <MALT>65,990000</MALT>
    <XAUS>43,280000</XAUS>
    <XFRA>43,280000</XFRA>
  </Prezzi>
  <Prezzi>
    <Data>20170822</Data>
    <Mercato>MGP</Mercato>
    <Ora>7</Ora>
    <PUN>49,810250</PUN>
    <NAT>49,000000</NAT>
    <CNOR>48,650000</CNOR>
    <CSUD>48,650000</CSUD>
    <NORD>48,650000</NORD>
    <SARD>48,650000</SARD>
    <SICI>65,990000</SICI>
    <SUD>48,650000</SUD>
    <AUST>48,650000</AUST>
    <BRNN>48,650000</BRNN>
    <COAC>48,650000</COAC>
    <CORS>48,650000</CORS>
    <FOGN>48,650000</FOGN>
    <FRAN>48,650000</FRAN>
    <GREC>48,650000</GREC>
    <MFTV>48,650000</MFTV>
    <PRGP>65,990000</PRGP>
    <ROSN>48,650000</ROSN>
    <SLOV>48,650000</SLOV>
    <SVIZ>48,650000</SVIZ>
    <BSP>48,650000</BSP>
    <MALT>65,990000</MALT>
    <XAUS>48,650000</XAUS>
    <XFRA>48,650000</XFRA>
  </Prezzi>
  <Prezzi>
    <Data>20170822</Data>
    <Mercato>MGP</Mercato>
    <Ora>8</Ora>
    <PUN>52,884350</PUN>
    <NAT>50,680000</NAT>
    <CNOR>50,680000</CNOR>
    <CSUD>50,680000</CSUD>
    <NORD>50,680000</NORD>
    <SARD>50,680000</SARD>
    <SICI>83,990000</SICI>
    <SUD>50,680000</SUD>
    <AUST>50,680000</AUST>
    <BRNN>50,680000</BRNN>
    <COAC>50,680000</COAC>
    <CORS>50,680000</CORS>
    <FOGN>50,680000</FOGN>
    <FRAN>50,680000</FRAN>
    <GREC>50,680000</GREC>
    <MFTV>50,680000</MFTV>
    <PRGP>83,990000</PRGP>
    <ROSN>50,680000</ROSN>
    <SLOV>50,680000</SLOV>
    <SVIZ>50,680000</SVIZ>
    <BSP>50,680000</BSP>
    <MALT>83,990000</MALT>
    <XAUS>50,680000</XAUS>
    <XFRA>50,680000</XFRA>
  </Prezzi>
  <Prezzi>
    <Data>20170822</Data>
    <Mercato>MGP</Mercato>
    <Ora>9</Ora>
    <PUN>54,252950</PUN>
    <NAT>51,480000</NAT>
    <CNOR>52,280000</CNOR>
    <CSUD>52,280000</CSUD>
    <NORD>52,280000</NORD>
    <SARD>52,280000</SARD>
    <SICI>83,990000</SICI>
    <SUD>50,680000</SUD>
    <AUST>52,280000</AUST>
    <BRNN>50,680000</BRNN>
    <COAC>52,280000</COAC>
    <CORS>52,280000</CORS>
    <FOGN>50,680000</FOGN>
    <FRAN>52,280000</FRAN>
    <GREC>50,680000</GREC>
    <MFTV>52,280000</MFTV>
    <PRGP>83,990000</PRGP>
    <ROSN>50,680000</ROSN>
    <SLOV>52,280000</SLOV>
    <SVIZ>52,280000</SVIZ>
    <BSP>52,280000</BSP>
    <MALT>83,990000</MALT>
    <XAUS>52,280000</XAUS>
    <XFRA>52,280000</XFRA>
  </Prezzi>
  <Prezzi>
    <Data>20170822</Data>
    <Mercato>MGP</Mercato>
    <Ora>10</Ora>
    <PUN>54,309910</PUN>
    <NAT>50,680000</NAT>
    <CNOR>54,900000</CNOR>
    <CSUD>48,000000</CSUD>
    <NORD>54,900000</NORD>
    <SARD>48,000000</SARD>
    <SICI>75,990000</SICI>
    <SUD>48,000000</SUD>
    <AUST>54,900000</AUST>
    <BRNN>48,000000</BRNN>
    <COAC>48,000000</COAC>
    <CORS>54,900000</CORS>
    <FOGN>48,000000</FOGN>
    <FRAN>54,900000</FRAN>
    <GREC>48,000000</GREC>
    <MFTV>54,900000</MFTV>
    <PRGP>75,990000</PRGP>
    <ROSN>48,000000</ROSN>
    <SLOV>54,900000</SLOV>
    <SVIZ>54,900000</SVIZ>
    <BSP>54,900000</BSP>
    <MALT>75,990000</MALT>
    <XAUS>54,900000</XAUS>
    <XFRA>54,900000</XFRA>
  </Prezzi>
  <Prezzi>
    <Data>20170822</Data>
    <Mercato>MGP</Mercato>
    <Ora>11</Ora>
    <PUN>51,035520</PUN>
    <NAT>48,000000</NAT>
    <CNOR>52,010000</CNOR>
    <CSUD>44,640000</CSUD>
    <NORD>52,010000</NORD>
    <SARD>44,640000</SARD>
    <SICI>72,930000</SICI>
    <SUD>42,000000</SUD>
    <AUST>52,010000</AUST>
    <BRNN>42,000000</BRNN>
    <COAC>44,640000</COAC>
    <CORS>52,010000</CORS>
    <FOGN>42,000000</FOGN>
    <FRAN>52,010000</FRAN>
    <GREC>42,000000</GREC>
    <MFTV>52,010000</MFTV>
    <PRGP>72,930000</PRGP>
    <ROSN>42,000000</ROSN>
    <SLOV>52,010000</SLOV>
    <SVIZ>52,010000</SVIZ>
    <BSP>52,010000</BSP>
    <MALT>72,930000</MALT>
    <XAUS>52,010000</XAUS>
    <XFRA>52,010000</XFRA>
  </Prezzi>
  <Prezzi>
    <Data>20170822</Data>
    <Mercato>MGP</Mercato>
    <Ora>12</Ora>
    <PUN>47,909680</PUN>
    <NAT>44,140000</NAT>
    <CNOR>51,060000</CNOR>
    <CSUD>44,140000</CSUD>
    <NORD>51,060000</NORD>
    <SARD>44,140000</SARD>
    <SICI>39,610000</SICI>
    <SUD>39,610000</SUD>
    <AUST>51,060000</AUST>
    <BRNN>39,610000</BRNN>
    <COAC>44,140000</COAC>
    <CORS>51,060000</CORS>
    <FOGN>39,610000</FOGN>
    <FRAN>51,060000</FRAN>
    <GREC>39,610000</GREC>
    <MFTV>51,060000</MFTV>
    <PRGP>39,610000</PRGP>
    <ROSN>39,610000</ROSN>
    <SLOV>51,060000</SLOV>
    <SVIZ>51,060000</SVIZ>
    <BSP>51,060000</BSP>
    <MALT>39,610000</MALT>
    <XAUS>51,060000</XAUS>
    <XFRA>51,060000</XFRA>
  </Prezzi>
  <Prezzi>
    <Data>20170822</Data>
    <Mercato>MGP</Mercato>
    <Ora>13</Ora>
    <PUN>46,042700</PUN>
    <NAT>43,920000</NAT>
    <CNOR>48,650000</CNOR>
    <CSUD>43,920000</CSUD>
    <NORD>48,650000</NORD>
    <SARD>43,920000</SARD>
    <SICI>38,330000</SICI>
    <SUD>38,330000</SUD>
    <AUST>48,650000</AUST>
    <BRNN>38,330000</BRNN>
    <COAC>43,920000</COAC>
    <CORS>48,650000</CORS>
    <FOGN>38,330000</FOGN>
    <FRAN>48,650000</FRAN>
    <GREC>38,330000</GREC>
    <MFTV>48,650000</MFTV>
    <PRGP>38,330000</PRGP>
    <ROSN>38,330000</ROSN>
    <SLOV>48,650000</SLOV>
    <SVIZ>48,650000</SVIZ>
    <BSP>48,650000</BSP>
    <MALT>38,330000</MALT>
    <XAUS>48,650000</XAUS>
    <XFRA>48,650000</XFRA>
  </Prezzi>
  <Prezzi>
    <Data>20170822</Data>
    <Mercato>MGP</Mercato>
    <Ora>14</Ora>
    <PUN>44,297110</PUN>
    <NAT>43,040000</NAT>
    <CNOR>45,990000</CNOR>
    <CSUD>43,920000</CSUD>
    <NORD>45,990000</NORD>
    <SARD>43,920000</SARD>
    <SICI>37,790000</SICI>
    <SUD>37,790000</SUD>
    <AUST>45,990000</AUST>
    <BRNN>37,790000</BRNN>
    <COAC>43,920000</COAC>
    <CORS>45,990000</CORS>
    <FOGN>37,790000</FOGN>
    <FRAN>45,990000</FRAN>
    <GREC>37,790000</GREC>
    <MFTV>45,990000</MFTV>
    <PRGP>37,790000</PRGP>
    <ROSN>37,790000</ROSN>
    <SLOV>45,990000</SLOV>
    <SVIZ>45,990000</SVIZ>
    <BSP>45,990000</BSP>
    <MALT>37,790000</MALT>
    <XAUS>45,990000</XAUS>
    <XFRA>45,990000</XFRA>
  </Prezzi>
  <Prezzi>
    <Data>20170822</Data>
    <Mercato>MGP</Mercato>
    <Ora>15</Ora>
    <PUN>46,027830</PUN>
    <NAT>43,920000</NAT>
    <CNOR>48,650000</CNOR>
    <CSUD>43,920000</CSUD>
    <NORD>48,650000</NORD>
    <SARD>43,920000</SARD>
    <SICI>37,590000</SICI>
    <SUD>37,590000</SUD>
    <AUST>48,650000</AUST>
    <BRNN>37,590000</BRNN>
    <COAC>43,920000</COAC>
    <CORS>48,650000</CORS>
    <FOGN>37,590000</FOGN>
    <FRAN>48,650000</FRAN>
    <GREC>37,590000</GREC>
    <MFTV>48,650000</MFTV>
    <PRGP>37,590000</PRGP>
    <ROSN>37,590000</ROSN>
    <SLOV>48,650000</SLOV>
    <SVIZ>48,650000</SVIZ>
    <BSP>48,650000</BSP>
    <MALT>37,590000</MALT>
    <XAUS>48,650000</XAUS>
    <XFRA>48,650000</XFRA>
  </Prezzi>
  <Prezzi>
    <Data>20170822</Data>
    <Mercato>MGP</Mercato>
    <Ora>16</Ora>
    <PUN>47,684060</PUN>
    <NAT>44,140000</NAT>
    <CNOR>51,060000</CNOR>
    <CSUD>44,140000</CSUD>
    <NORD>51,060000</NORD>
    <SARD>44,140000</SARD>
    <SICI>37,800000</SICI>
    <SUD>37,800000</SUD>
    <AUST>51,060000</AUST>
    <BRNN>37,800000</BRNN>
    <COAC>44,140000</COAC>
    <CORS>51,060000</CORS>
    <FOGN>37,800000</FOGN>
    <FRAN>51,060000</FRAN>
    <GREC>37,800000</GREC>
    <MFTV>51,060000</MFTV>
    <PRGP>37,800000</PRGP>
    <ROSN>37,800000</ROSN>
    <SLOV>51,060000</SLOV>
    <SVIZ>51,060000</SVIZ>
    <BSP>51,060000</BSP>
    <MALT>37,800000</MALT>
    <XAUS>51,060000</XAUS>
    <XFRA>51,060000</XFRA>
  </Prezzi>
  <Prezzi>
    <Data>20170822</Data>
    <Mercato>MGP</Mercato>
    <Ora>17</Ora>
    <PUN>49,568560</PUN>
    <NAT>46,250000</NAT>
    <CNOR>52,900000</CNOR>
    <CSUD>43,500000</CSUD>
    <NORD>52,900000</NORD>
    <SARD>43,500000</SARD>
    <SICI>43,500000</SICI>
    <SUD>43,500000</SUD>
    <AUST>52,900000</AUST>
    <BRNN>43,500000</BRNN>
    <COAC>43,500000</COAC>
    <CORS>52,900000</CORS>
    <FOGN>43,500000</FOGN>
    <FRAN>52,900000</FRAN>
    <GREC>43,500000</GREC>
    <MFTV>52,900000</MFTV>
    <PRGP>43,500000</PRGP>
    <ROSN>43,500000</ROSN>
    <SLOV>52,900000</SLOV>
    <SVIZ>52,900000</SVIZ>
    <BSP>52,900000</BSP>
    <MALT>43,500000</MALT>
    <XAUS>52,900000</XAUS>
    <XFRA>52,900000</XFRA>
  </Prezzi>
  <Prezzi>
    <Data>20170822</Data>
    <Mercato>MGP</Mercato>
    <Ora>18</Ora>
    <PUN>51,187000</PUN>
    <NAT>50,040000</NAT>
    <CNOR>54,000000</CNOR>
    <CSUD>46,240000</CSUD>
    <NORD>54,000000</NORD>
    <SARD>46,240000</SARD>
    <SICI>46,240000</SICI>
    <SUD>46,240000</SUD>
    <AUST>54,000000</AUST>
    <BRNN>46,240000</BRNN>
    <COAC>46,240000</COAC>
    <CORS>54,000000</CORS>
    <FOGN>46,240000</FOGN>
    <FRAN>54,000000</FRAN>
    <GREC>46,240000</GREC>
    <MFTV>54,000000</MFTV>
    <PRGP>46,240000</PRGP>
    <ROSN>46,240000</ROSN>
    <SLOV>54,000000</SLOV>
    <SVIZ>54,000000</SVIZ>
    <BSP>54,000000</BSP>
    <MALT>46,240000</MALT>
    <XAUS>54,000000</XAUS>
    <XFRA>54,000000</XFRA>
  </Prezzi>
  <Prezzi>
    <Data>20170822</Data>
    <Mercato>MGP</Mercato>
    <Ora>19</Ora>
    <PUN>55,835110</PUN>
    <NAT>54,900000</NAT>
    <CNOR>54,900000</CNOR>
    <CSUD>51,480000</CSUD>
    <NORD>54,900000</NORD>
    <SARD>51,480000</SARD>
    <SICI>84,010000</SICI>
    <SUD>51,480000</SUD>
    <AUST>54,900000</AUST>
    <BRNN>51,480000</BRNN>
    <COAC>51,480000</COAC>
    <CORS>54,900000</CORS>
    <FOGN>51,480000</FOGN>
    <FRAN>54,900000</FRAN>
    <GREC>51,480000</GREC>
    <MFTV>54,900000</MFTV>
    <PRGP>84,010000</PRGP>
    <ROSN>51,480000</ROSN>
    <SLOV>54,900000</SLOV>
    <SVIZ>54,900000</SVIZ>
    <BSP>54,900000</BSP>
    <MALT>84,010000</MALT>
    <XAUS>54,900000</XAUS>
    <XFRA>54,900000</XFRA>
  </Prezzi>
  <Prezzi>
    <Data>20170822</Data>
    <Mercato>MGP</Mercato>
    <Ora>20</Ora>
    <PUN>60,250830</PUN>
    <NAT>61,000000</NAT>
    <CNOR>57,610000</CNOR>
    <CSUD>57,610000</CSUD>
    <NORD>57,610000</NORD>
    <SARD>57,610000</SARD>
    <SICI>96,270000</SICI>
    <SUD>57,610000</SUD>
    <AUST>57,610000</AUST>
    <BRNN>57,610000</BRNN>
    <COAC>57,610000</COAC>
    <CORS>57,610000</CORS>
    <FOGN>57,610000</FOGN>
    <FRAN>57,610000</FRAN>
    <GREC>57,610000</GREC>
    <MFTV>57,610000</MFTV>
    <PRGP>96,270000</PRGP>
    <ROSN>57,610000</ROSN>
    <SLOV>57,610000</SLOV>
    <SVIZ>57,610000</SVIZ>
    <BSP>57,610000</BSP>
    <MALT>96,270000</MALT>
    <XAUS>57,610000</XAUS>
    <XFRA>57,610000</XFRA>
  </Prezzi>
  <Prezzi>
    <Data>20170822</Data>
    <Mercato>MGP</Mercato>
    <Ora>21</Ora>
    <PUN>77,394620</PUN>
    <NAT>85,760000</NAT>
    <CNOR>75,920000</CNOR>
    <CSUD>75,920000</CSUD>
    <NORD>75,920000</NORD>
    <SARD>75,920000</SARD>
    <SICI>96,270000</SICI>
    <SUD>75,920000</SUD>
    <AUST>75,920000</AUST>
    <BRNN>75,920000</BRNN>
    <COAC>75,920000</COAC>
    <CORS>75,920000</CORS>
    <FOGN>75,920000</FOGN>
    <FRAN>75,920000</FRAN>
    <GREC>75,920000</GREC>
    <MFTV>75,920000</MFTV>
    <PRGP>96,270000</PRGP>
    <ROSN>75,920000</ROSN>
    <SLOV>75,920000</SLOV>
    <SVIZ>75,920000</SVIZ>
    <BSP>75,920000</BSP>
    <MALT>96,270000</MALT>
    <XAUS>75,920000</XAUS>
    <XFRA>75,920000</XFRA>
  </Prezzi>
  <Prezzi>
    <Data>20170822</Data>
    <Mercato>MGP</Mercato>
    <Ora>22</Ora>
    <PUN>62,567300</PUN>
    <NAT>68,140000</NAT>
    <CNOR>60,010000</CNOR>
    <CSUD>60,010000</CSUD>
    <NORD>60,010000</NORD>
    <SARD>60,010000</SARD>
    <SICI>96,270000</SICI>
    <SUD>60,010000</SUD>
    <AUST>60,010000</AUST>
    <BRNN>60,010000</BRNN>
    <COAC>60,010000</COAC>
    <CORS>60,010000</CORS>
    <FOGN>60,010000</FOGN>
    <FRAN>60,010000</FRAN>
    <GREC>60,010000</GREC>
    <MFTV>60,010000</MFTV>
    <PRGP>96,270000</PRGP>
    <ROSN>60,010000</ROSN>
    <SLOV>60,010000</SLOV>
    <SVIZ>60,010000</SVIZ>
    <BSP>60,010000</BSP>
    <MALT>96,270000</MALT>
    <XAUS>60,010000</XAUS>
    <XFRA>60,010000</XFRA>
  </Prezzi>
  <Prezzi>
    <Data>20170822</Data>
    <Mercato>MGP</Mercato>
    <Ora>23</Ora>
    <PUN>57,007250</PUN>
    <NAT>57,610000</NAT>
    <CNOR>54,000000</CNOR>
    <CSUD>54,000000</CSUD>
    <NORD>54,000000</NORD>
    <SARD>54,000000</SARD>
    <SICI>96,270000</SICI>
    <SUD>54,000000</SUD>
    <AUST>54,000000</AUST>
    <BRNN>54,000000</BRNN>
    <COAC>54,000000</COAC>
    <CORS>54,000000</CORS>
    <FOGN>54,000000</FOGN>
    <FRAN>54,000000</FRAN>
    <GREC>54,000000</GREC>
    <MFTV>54,000000</MFTV>
    <PRGP>96,270000</PRGP>
    <ROSN>54,000000</ROSN>
    <SLOV>54,000000</SLOV>
    <SVIZ>54,000000</SVIZ>
    <BSP>54,000000</BSP>
    <MALT>96,270000</MALT>
    <XAUS>54,000000</XAUS>
    <XFRA>54,000000</XFRA>
  </Prezzi>
  <Prezzi>
    <Data>20170822</Data>
    <Mercato>MGP</Mercato>
    <Ora>24</Ora>
    <PUN>54,004650</PUN>
    <NAT>51,480000</NAT>
    <CNOR>50,680000</CNOR>
    <CSUD>50,680000</CSUD>
    <NORD>50,680000</NORD>
    <SARD>50,680000</SARD>
    <SICI>96,270000</SICI>
    <SUD>50,680000</SUD>
    <AUST>50,680000</AUST>
    <BRNN>50,680000</BRNN>
    <COAC>50,680000</COAC>
    <CORS>50,680000</CORS>
    <FOGN>50,680000</FOGN>
    <FRAN>50,680000</FRAN>
    <GREC>50,680000</GREC>
    <MFTV>50,680000</MFTV>
    <PRGP>96,270000</PRGP>
    <ROSN>50,680000</ROSN>
    <SLOV>50,680000</SLOV>
    <SVIZ>50,680000</SVIZ>
    <BSP>50,680000</BSP>
    <MALT>96,270000</MALT>
    <XAUS>50,680000</XAUS>
    <XFRA>50,680000</XFRA>
  </Prezzi>
</NewDataSet>