<?xml version="1.0" standalone="yes"?>
<NewDataSet>
  <xs:schema id="NewDataSet" xmlns="" xmlns:xs="http://www.w3.org/2001/XMLSchema" xmlns:msdata="urn:schemas-microsoft-com:xml-msdata">
    <xs:element name="NewDataSet" msdata:IsDataSet="true" msdata:UseCurrentLocale="true">
      <xs:complexType>
        <xs:choice minOccurs="0" maxOccurs="unbounded">
          <xs:element name="Prezzi">
            <xs:complexType>
              <xs:sequence>
                <xs:element name="Data" type="xs:string" minOccurs="0" />
                <xs:element name="Mercato" type="xs:string" minOccurs="0" />
                <xs:element name="Ora" type="xs:string" minOccurs="0" />
                <xs:element name="PUN" type="xs:string" minOccurs="0" />
                <xs:element name="NAT" type="xs:string" minOccurs="0" />
                <xs:element name="CNOR" type="xs:string" minOccurs="0" />
                <xs:element name="CSUD" type="xs:string" minOccurs="0" />
                <xs:element name="NORD" type="xs:string" minOccurs="0" />
                <xs:element name="SARD" type="xs:string" minOccurs="0" />
                <xs:element name="SICI" type="xs:string" minOccurs="0" />
                <xs:element name="SUD" type="xs:string" minOccurs="0" />
                <xs:element name="AUST" type="xs:string" minOccurs="0" />
                <xs:element name="BRNN" type="xs:string" minOccurs="0" />
                <xs:element name="COAC" type="xs:string" minOccurs="0" />
                <xs:element name="CORS" type="xs:string" minOccurs="0" />
                <xs:element name="FOGN" type="xs:string" minOccurs="0" />
                <xs:element name="FRAN" type="xs:string" minOccurs="0" />
                <xs:element name="GREC" type="xs:string" minOccurs="0" />
                <xs:element name="MFTV" type="xs:string" minOccurs="0" />
                <xs:element name="PRGP" type="xs:string" minOccurs="0" />
                <xs:element name="ROSN" type="xs:string" minOccurs="0" />
                <xs:element name="SLOV" type="xs:string" minOccurs="0" />
                <xs:element name="SVIZ" type="xs:string" minOccurs="0" />
                <xs:element name="BSP" type="xs:string" minOccurs="0" />
                <xs:element name="MALT" type="xs:string" minOccurs="0" />
                <xs:element name="XAUS" type="xs:string" minOccurs="0" />
                <xs:element name="XFRA" type="xs:string" minOccurs="0" />
              </xs:sequence>
            </xs:complexType>
          </xs:element>
        </xs:choice>
      </xs:complexType>
    </xs:element>
  </xs:schema>
  <Prezzi>
    <Data>20170808</Data>
    <Mercato>MGP</Mercato>
    <Ora>1</Ora>
    <PUN>54,442560</PUN>
    <NAT>52,000000</NAT>
    <CNOR>51,000000</CNOR>
    <CSUD>51,000000</CSUD>
    <NORD>51,000000</NORD>
    <SARD>51,000000</SARD>
    <SICI>96,270000</SICI>
    <SUD>51,000000</SUD>
    <AUST>51,000000</AUST>
    <BRNN>51,000000</BRNN>
    <COAC>51,000000</COAC>
    <CORS>51,000000</CORS>
    <FOGN>51,000000</FOGN>
    <FRAN>51,000000</FRAN>
    <GREC>51,000000</GREC>
    <MFTV>51,000000</MFTV>
    <PRGP>96,270000</PRGP>
    <ROSN>51,000000</ROSN>
    <SLOV>51,000000</SLOV>
    <SVIZ>51,000000</SVIZ>
    <BSP>51,000000</BSP>
    <MALT>96,270000</MALT>
    <XAUS>51,000000</XAUS>
    <XFRA>51,000000</XFRA>
  </Prezzi>
  <Prezzi>
    <Data>20170808</Data>
    <Mercato>MGP</Mercato>
    <Ora>2</Ora>
    <PUN>50,323650</PUN>
    <NAT>49,900000</NAT>
    <CNOR>49,000000</CNOR>
    <CSUD>49,000000</CSUD>
    <NORD>49,000000</NORD>
    <SARD>49,000000</SARD>
    <SICI>66,270000</SICI>
    <SUD>49,000000</SUD>
    <AUST>49,000000</AUST>
    <BRNN>49,000000</BRNN>
    <COAC>49,000000</COAC>
    <CORS>49,000000</CORS>
    <FOGN>49,000000</FOGN>
    <FRAN>49,000000</FRAN>
    <GREC>49,000000</GREC>
    <MFTV>49,000000</MFTV>
    <PRGP>66,270000</PRGP>
    <ROSN>49,000000</ROSN>
    <SLOV>49,000000</SLOV>
    <SVIZ>49,000000</SVIZ>
    <BSP>49,000000</BSP>
    <MALT>66,270000</MALT>
    <XAUS>49,000000</XAUS>
    <XFRA>49,000000</XFRA>
  </Prezzi>
  <Prezzi>
    <Data>20170808</Data>
    <Mercato>MGP</Mercato>
    <Ora>3</Ora>
    <PUN>45,656060</PUN>
    <NAT>44,900000</NAT>
    <CNOR>43,960000</CNOR>
    <CSUD>43,960000</CSUD>
    <NORD>43,960000</NORD>
    <SARD>43,960000</SARD>
    <SICI>66,270000</SICI>
    <SUD>43,960000</SUD>
    <AUST>43,960000</AUST>
    <BRNN>43,960000</BRNN>
    <COAC>43,960000</COAC>
    <CORS>43,960000</CORS>
    <FOGN>43,960000</FOGN>
    <FRAN>43,960000</FRAN>
    <GREC>43,960000</GREC>
    <MFTV>43,960000</MFTV>
    <PRGP>66,270000</PRGP>
    <ROSN>43,960000</ROSN>
    <SLOV>43,960000</SLOV>
    <SVIZ>43,960000</SVIZ>
    <BSP>43,960000</BSP>
    <MALT>66,270000</MALT>
    <XAUS>43,960000</XAUS>
    <XFRA>43,960000</XFRA>
  </Prezzi>
  <Prezzi>
    <Data>20170808</Data>
    <Mercato>MGP</Mercato>
    <Ora>4</Ora>
    <PUN>45,580620</PUN>
    <NAT>43,920000</NAT>
    <CNOR>43,900000</CNOR>
    <CSUD>43,900000</CSUD>
    <NORD>43,900000</NORD>
    <SARD>43,900000</SARD>
    <SICI>66,270000</SICI>
    <SUD>43,900000</SUD>
    <AUST>43,900000</AUST>
    <BRNN>43,900000</BRNN>
    <COAC>43,900000</COAC>
    <CORS>43,900000</CORS>
    <FOGN>43,900000</FOGN>
    <FRAN>43,900000</FRAN>
    <GREC>43,900000</GREC>
    <MFTV>43,900000</MFTV>
    <PRGP>66,270000</PRGP>
    <ROSN>43,900000</ROSN>
    <SLOV>43,900000</SLOV>
    <SVIZ>43,900000</SVIZ>
    <BSP>43,900000</BSP>
    <MALT>66,270000</MALT>
    <XAUS>43,900000</XAUS>
    <XFRA>43,900000</XFRA>
  </Prezzi>
  <Prezzi>
    <Data>20170808</Data>
    <Mercato>MGP</Mercato>
    <Ora>5</Ora>
    <PUN>45,552870</PUN>
    <NAT>43,950000</NAT>
    <CNOR>43,920000</CNOR>
    <CSUD>43,920000</CSUD>
    <NORD>43,920000</NORD>
    <SARD>43,920000</SARD>
    <SICI>65,990000</SICI>
    <SUD>43,920000</SUD>
    <AUST>43,920000</AUST>
    <BRNN>43,920000</BRNN>
    <COAC>43,920000</COAC>
    <CORS>43,920000</CORS>
    <FOGN>43,920000</FOGN>
    <FRAN>43,920000</FRAN>
    <GREC>43,920000</GREC>
    <MFTV>43,920000</MFTV>
    <PRGP>65,990000</PRGP>
    <ROSN>43,920000</ROSN>
    <SLOV>43,920000</SLOV>
    <SVIZ>43,920000</SVIZ>
    <BSP>43,920000</BSP>
    <MALT>65,990000</MALT>
    <XAUS>43,920000</XAUS>
    <XFRA>43,920000</XFRA>
  </Prezzi>
  <Prezzi>
    <Data>20170808</Data>
    <Mercato>MGP</Mercato>
    <Ora>6</Ora>
    <PUN>45,625940</PUN>
    <NAT>45,000000</NAT>
    <CNOR>44,000000</CNOR>
    <CSUD>44,000000</CSUD>
    <NORD>44,000000</NORD>
    <SARD>44,000000</SARD>
    <SICI>66,270000</SICI>
    <SUD>44,000000</SUD>
    <AUST>44,000000</AUST>
    <BRNN>44,000000</BRNN>
    <COAC>44,000000</COAC>
    <CORS>44,000000</CORS>
    <FOGN>44,000000</FOGN>
    <FRAN>44,000000</FRAN>
    <GREC>44,000000</GREC>
    <MFTV>44,000000</MFTV>
    <PRGP>66,270000</PRGP>
    <ROSN>44,000000</ROSN>
    <SLOV>44,000000</SLOV>
    <SVIZ>44,000000</SVIZ>
    <BSP>44,000000</BSP>
    <MALT>66,270000</MALT>
    <XAUS>44,000000</XAUS>
    <XFRA>44,000000</XFRA>
  </Prezzi>
  <Prezzi>
    <Data>20170808</Data>
    <Mercato>MGP</Mercato>
    <Ora>7</Ora>
    <PUN>47,742710</PUN>
    <NAT>46,390000</NAT>
    <CNOR>46,390000</CNOR>
    <CSUD>46,390000</CSUD>
    <NORD>46,390000</NORD>
    <SARD>46,390000</SARD>
    <SICI>65,990000</SICI>
    <SUD>46,390000</SUD>
    <AUST>46,390000</AUST>
    <BRNN>46,390000</BRNN>
    <COAC>46,390000</COAC>
    <CORS>46,390000</CORS>
    <FOGN>46,390000</FOGN>
    <FRAN>46,390000</FRAN>
    <GREC>46,390000</GREC>
    <MFTV>46,390000</MFTV>
    <PRGP>65,990000</PRGP>
    <ROSN>46,390000</ROSN>
    <SLOV>46,390000</SLOV>
    <SVIZ>46,390000</SVIZ>
    <BSP>46,390000</BSP>
    <MALT>65,990000</MALT>
    <XAUS>46,390000</XAUS>
    <XFRA>46,390000</XFRA>
  </Prezzi>
  <Prezzi>
    <Data>20170808</Data>
    <Mercato>MGP</Mercato>
    <Ora>8</Ora>
    <PUN>49,949630</PUN>
    <NAT>47,250000</NAT>
    <CNOR>46,600000</CNOR>
    <CSUD>46,600000</CSUD>
    <NORD>46,600000</NORD>
    <SARD>46,600000</SARD>
    <SICI>96,270000</SICI>
    <SUD>46,600000</SUD>
    <AUST>46,600000</AUST>
    <BRNN>46,600000</BRNN>
    <COAC>46,600000</COAC>
    <CORS>46,600000</CORS>
    <FOGN>46,600000</FOGN>
    <FRAN>46,600000</FRAN>
    <GREC>46,600000</GREC>
    <MFTV>46,600000</MFTV>
    <PRGP>96,270000</PRGP>
    <ROSN>46,600000</ROSN>
    <SLOV>46,600000</SLOV>
    <SVIZ>46,600000</SVIZ>
    <BSP>46,600000</BSP>
    <MALT>96,270000</MALT>
    <XAUS>46,600000</XAUS>
    <XFRA>46,600000</XFRA>
  </Prezzi>
  <Prezzi>
    <Data>20170808</Data>
    <Mercato>MGP</Mercato>
    <Ora>9</Ora>
    <PUN>52,233510</PUN>
    <NAT>49,900000</NAT>
    <CNOR>49,000000</CNOR>
    <CSUD>49,000000</CSUD>
    <NORD>49,000000</NORD>
    <SARD>49,000000</SARD>
    <SICI>96,270000</SICI>
    <SUD>49,000000</SUD>
    <AUST>49,000000</AUST>
    <BRNN>49,000000</BRNN>
    <COAC>49,000000</COAC>
    <CORS>49,000000</CORS>
    <FOGN>49,000000</FOGN>
    <FRAN>49,000000</FRAN>
    <GREC>49,000000</GREC>
    <MFTV>49,000000</MFTV>
    <PRGP>96,270000</PRGP>
    <ROSN>49,000000</ROSN>
    <SLOV>49,000000</SLOV>
    <SVIZ>49,000000</SVIZ>
    <BSP>49,000000</BSP>
    <MALT>96,270000</MALT>
    <XAUS>49,000000</XAUS>
    <XFRA>49,000000</XFRA>
  </Prezzi>
  <Prezzi>
    <Data>20170808</Data>
    <Mercato>MGP</Mercato>
    <Ora>10</Ora>
    <PUN>53,111490</PUN>
    <NAT>49,990000</NAT>
    <CNOR>49,900000</CNOR>
    <CSUD>49,900000</CSUD>
    <NORD>49,900000</NORD>
    <SARD>49,900000</SARD>
    <SICI>96,270000</SICI>
    <SUD>49,900000</SUD>
    <AUST>49,900000</AUST>
    <BRNN>49,900000</BRNN>
    <COAC>49,900000</COAC>
    <CORS>49,900000</CORS>
    <FOGN>49,900000</FOGN>
    <FRAN>49,900000</FRAN>
    <GREC>49,900000</GREC>
    <MFTV>49,900000</MFTV>
    <PRGP>96,270000</PRGP>
    <ROSN>49,900000</ROSN>
    <SLOV>49,900000</SLOV>
    <SVIZ>49,900000</SVIZ>
    <BSP>49,900000</BSP>
    <MALT>96,270000</MALT>
    <XAUS>49,900000</XAUS>
    <XFRA>49,900000</XFRA>
  </Prezzi>
  <Prezzi>
    <Data>20170808</Data>
    <Mercato>MGP</Mercato>
    <Ora>11</Ora>
    <PUN>53,128030</PUN>
    <NAT>50,540000</NAT>
    <CNOR>49,900000</CNOR>
    <CSUD>49,900000</CSUD>
    <NORD>49,900000</NORD>
    <SARD>49,900000</SARD>
    <SICI>96,270000</SICI>
    <SUD>49,900000</SUD>
    <AUST>49,900000</AUST>
    <BRNN>49,900000</BRNN>
    <COAC>49,900000</COAC>
    <CORS>49,900000</CORS>
    <FOGN>49,900000</FOGN>
    <FRAN>49,900000</FRAN>
    <GREC>49,900000</GREC>
    <MFTV>49,900000</MFTV>
    <PRGP>96,270000</PRGP>
    <ROSN>49,900000</ROSN>
    <SLOV>49,900000</SLOV>
    <SVIZ>49,900000</SVIZ>
    <BSP>49,900000</BSP>
    <MALT>96,270000</MALT>
    <XAUS>49,900000</XAUS>
    <XFRA>49,900000</XFRA>
  </Prezzi>
  <Prezzi>
    <Data>20170808</Data>
    <Mercato>MGP</Mercato>
    <Ora>12</Ora>
    <PUN>53,098260</PUN>
    <NAT>49,990000</NAT>
    <CNOR>49,900000</CNOR>
    <CSUD>49,900000</CSUD>
    <NORD>49,900000</NORD>
    <SARD>49,900000</SARD>
    <SICI>96,270000</SICI>
    <SUD>49,900000</SUD>
    <AUST>49,900000</AUST>
    <BRNN>49,900000</BRNN>
    <COAC>49,900000</COAC>
    <CORS>49,900000</CORS>
    <FOGN>49,900000</FOGN>
    <FRAN>49,900000</FRAN>
    <GREC>49,900000</GREC>
    <MFTV>49,900000</MFTV>
    <PRGP>96,270000</PRGP>
    <ROSN>49,900000</ROSN>
    <SLOV>49,900000</SLOV>
    <SVIZ>49,900000</SVIZ>
    <BSP>49,900000</BSP>
    <MALT>96,270000</MALT>
    <XAUS>49,900000</XAUS>
    <XFRA>49,900000</XFRA>
  </Prezzi>
  <Prezzi>
    <Data>20170808</Data>
    <Mercato>MGP</Mercato>
    <Ora>13</Ora>
    <PUN>51,269430</PUN>
    <NAT>49,900000</NAT>
    <CNOR>47,840000</CNOR>
    <CSUD>47,840000</CSUD>
    <NORD>47,840000</NORD>
    <SARD>47,840000</SARD>
    <SICI>96,270000</SICI>
    <SUD>47,840000</SUD>
    <AUST>47,840000</AUST>
    <BRNN>47,840000</BRNN>
    <COAC>47,840000</COAC>
    <CORS>47,840000</CORS>
    <FOGN>47,840000</FOGN>
    <FRAN>47,840000</FRAN>
    <GREC>47,840000</GREC>
    <MFTV>47,840000</MFTV>
    <PRGP>96,270000</PRGP>
    <ROSN>47,840000</ROSN>
    <SLOV>47,840000</SLOV>
    <SVIZ>47,840000</SVIZ>
    <BSP>47,840000</BSP>
    <MALT>96,270000</MALT>
    <XAUS>47,840000</XAUS>
    <XFRA>47,840000</XFRA>
  </Prezzi>
  <Prezzi>
    <Data>20170808</Data>
    <Mercato>MGP</Mercato>
    <Ora>14</Ora>
    <PUN>50,732250</PUN>
    <NAT>47,250000</NAT>
    <CNOR>47,250000</CNOR>
    <CSUD>47,250000</CSUD>
    <NORD>47,250000</NORD>
    <SARD>47,250000</SARD>
    <SICI>96,270000</SICI>
    <SUD>47,250000</SUD>
    <AUST>47,250000</AUST>
    <BRNN>47,250000</BRNN>
    <COAC>47,250000</COAC>
    <CORS>47,250000</CORS>
    <FOGN>47,250000</FOGN>
    <FRAN>47,250000</FRAN>
    <GREC>47,250000</GREC>
    <MFTV>47,250000</MFTV>
    <PRGP>96,270000</PRGP>
    <ROSN>47,250000</ROSN>
    <SLOV>47,250000</SLOV>
    <SVIZ>47,250000</SVIZ>
    <BSP>47,250000</BSP>
    <MALT>96,270000</MALT>
    <XAUS>47,250000</XAUS>
    <XFRA>47,250000</XFRA>
  </Prezzi>
  <Prezzi>
    <Data>20170808</Data>
    <Mercato>MGP</Mercato>
    <Ora>15</Ora>
    <PUN>50,680290</PUN>
    <NAT>47,250000</NAT>
    <CNOR>47,250000</CNOR>
    <CSUD>47,250000</CSUD>
    <NORD>47,250000</NORD>
    <SARD>47,250000</SARD>
    <SICI>96,270000</SICI>
    <SUD>47,250000</SUD>
    <AUST>47,250000</AUST>
    <BRNN>47,250000</BRNN>
    <COAC>47,250000</COAC>
    <CORS>47,250000</CORS>
    <FOGN>47,250000</FOGN>
    <FRAN>47,250000</FRAN>
    <GREC>47,250000</GREC>
    <MFTV>47,250000</MFTV>
    <PRGP>96,270000</PRGP>
    <ROSN>47,250000</ROSN>
    <SLOV>47,250000</SLOV>
    <SVIZ>47,250000</SVIZ>
    <BSP>47,250000</BSP>
    <MALT>96,270000</MALT>
    <XAUS>47,250000</XAUS>
    <XFRA>47,250000</XFRA>
  </Prezzi>
  <Prezzi>
    <Data>20170808</Data>
    <Mercato>MGP</Mercato>
    <Ora>16</Ora>
    <PUN>50,900000</PUN>
    <NAT>49,900000</NAT>
    <CNOR>47,567080</CNOR>
    <CSUD>47,567080</CSUD>
    <NORD>47,567080</NORD>
    <SARD>47,567080</SARD>
    <SICI>96,270000</SICI>
    <SUD>47,567080</SUD>
    <AUST>47,567080</AUST>
    <BRNN>47,567080</BRNN>
    <COAC>47,567080</COAC>
    <CORS>47,567080</CORS>
    <FOGN>47,567080</FOGN>
    <FRAN>47,567080</FRAN>
    <GREC>47,567080</GREC>
    <MFTV>47,567080</MFTV>
    <PRGP>96,270000</PRGP>
    <ROSN>47,567080</ROSN>
    <SLOV>47,567080</SLOV>
    <SVIZ>47,567080</SVIZ>
    <BSP>47,567080</BSP>
    <MALT>96,270000</MALT>
    <XAUS>47,567080</XAUS>
    <XFRA>47,567080</XFRA>
  </Prezzi>
  <Prezzi>
    <Data>20170808</Data>
    <Mercato>MGP</Mercato>
    <Ora>17</Ora>
    <PUN>53,117500</PUN>
    <NAT>50,000000</NAT>
    <CNOR>49,900000</CNOR>
    <CSUD>49,900000</CSUD>
    <NORD>49,900000</NORD>
    <SARD>49,900000</SARD>
    <SICI>96,270000</SICI>
    <SUD>49,900000</SUD>
    <AUST>49,900000</AUST>
    <BRNN>49,900000</BRNN>
    <COAC>49,900000</COAC>
    <CORS>49,900000</CORS>
    <FOGN>49,900000</FOGN>
    <FRAN>49,900000</FRAN>
    <GREC>49,900000</GREC>
    <MFTV>49,900000</MFTV>
    <PRGP>96,270000</PRGP>
    <ROSN>49,900000</ROSN>
    <SLOV>49,900000</SLOV>
    <SVIZ>49,900000</SVIZ>
    <BSP>49,900000</BSP>
    <MALT>96,270000</MALT>
    <XAUS>49,900000</XAUS>
    <XFRA>49,900000</XFRA>
  </Prezzi>
  <Prezzi>
    <Data>20170808</Data>
    <Mercato>MGP</Mercato>
    <Ora>18</Ora>
    <PUN>54,493270</PUN>
    <NAT>53,410000</NAT>
    <CNOR>51,330000</CNOR>
    <CSUD>51,330000</CSUD>
    <NORD>51,330000</NORD>
    <SARD>51,330000</SARD>
    <SICI>96,270000</SICI>
    <SUD>51,330000</SUD>
    <AUST>51,330000</AUST>
    <BRNN>51,330000</BRNN>
    <COAC>51,330000</COAC>
    <CORS>51,330000</CORS>
    <FOGN>51,330000</FOGN>
    <FRAN>51,330000</FRAN>
    <GREC>51,330000</GREC>
    <MFTV>51,330000</MFTV>
    <PRGP>96,270000</PRGP>
    <ROSN>51,330000</ROSN>
    <SLOV>51,330000</SLOV>
    <SVIZ>51,330000</SVIZ>
    <BSP>51,330000</BSP>
    <MALT>96,270000</MALT>
    <XAUS>51,330000</XAUS>
    <XFRA>51,330000</XFRA>
  </Prezzi>
  <Prezzi>
    <Data>20170808</Data>
    <Mercato>MGP</Mercato>
    <Ora>19</Ora>
    <PUN>54,945910</PUN>
    <NAT>55,000000</NAT>
    <CNOR>51,800000</CNOR>
    <CSUD>51,800000</CSUD>
    <NORD>51,800000</NORD>
    <SARD>51,800000</SARD>
    <SICI>96,580000</SICI>
    <SUD>51,800000</SUD>
    <AUST>51,800000</AUST>
    <BRNN>51,800000</BRNN>
    <COAC>51,800000</COAC>
    <CORS>51,800000</CORS>
    <FOGN>51,800000</FOGN>
    <FRAN>51,800000</FRAN>
    <GREC>51,800000</GREC>
    <MFTV>51,800000</MFTV>
    <PRGP>96,580000</PRGP>
    <ROSN>51,800000</ROSN>
    <SLOV>51,800000</SLOV>
    <SVIZ>51,800000</SVIZ>
    <BSP>51,800000</BSP>
    <MALT>96,580000</MALT>
    <XAUS>51,800000</XAUS>
    <XFRA>51,800000</XFRA>
  </Prezzi>
  <Prezzi>
    <Data>20170808</Data>
    <Mercato>MGP</Mercato>
    <Ora>20</Ora>
    <PUN>57,974470</PUN>
    <NAT>62,170000</NAT>
    <CNOR>55,000000</CNOR>
    <CSUD>55,000000</CSUD>
    <NORD>55,000000</NORD>
    <SARD>55,000000</SARD>
    <SICI>96,580000</SICI>
    <SUD>55,000000</SUD>
    <AUST>55,000000</AUST>
    <BRNN>55,000000</BRNN>
    <COAC>55,000000</COAC>
    <CORS>55,000000</CORS>
    <FOGN>55,000000</FOGN>
    <FRAN>55,000000</FRAN>
    <GREC>55,000000</GREC>
    <MFTV>55,000000</MFTV>
    <PRGP>96,580000</PRGP>
    <ROSN>55,000000</ROSN>
    <SLOV>55,000000</SLOV>
    <SVIZ>55,000000</SVIZ>
    <BSP>55,000000</BSP>
    <MALT>96,580000</MALT>
    <XAUS>55,000000</XAUS>
    <XFRA>55,000000</XFRA>
  </Prezzi>
  <Prezzi>
    <Data>20170808</Data>
    <Mercato>MGP</Mercato>
    <Ora>21</Ora>
    <PUN>58,121350</PUN>
    <NAT>70,770000</NAT>
    <CNOR>55,000000</CNOR>
    <CSUD>55,000000</CSUD>
    <NORD>55,000000</NORD>
    <SARD>55,000000</SARD>
    <SICI>96,580000</SICI>
    <SUD>55,000000</SUD>
    <AUST>55,000000</AUST>
    <BRNN>55,000000</BRNN>
    <COAC>55,000000</COAC>
    <CORS>55,000000</CORS>
    <FOGN>55,000000</FOGN>
    <FRAN>55,000000</FRAN>
    <GREC>55,000000</GREC>
    <MFTV>55,000000</MFTV>
    <PRGP>96,580000</PRGP>
    <ROSN>55,000000</ROSN>
    <SLOV>55,000000</SLOV>
    <SVIZ>55,000000</SVIZ>
    <BSP>55,000000</BSP>
    <MALT>96,580000</MALT>
    <XAUS>55,000000</XAUS>
    <XFRA>55,000000</XFRA>
  </Prezzi>
  <Prezzi>
    <Data>20170808</Data>
    <Mercato>MGP</Mercato>
    <Ora>22</Ora>
    <PUN>58,056910</PUN>
    <NAT>65,000000</NAT>
    <CNOR>55,000000</CNOR>
    <CSUD>55,000000</CSUD>
    <NORD>55,000000</NORD>
    <SARD>55,000000</SARD>
    <SICI>96,580000</SICI>
    <SUD>55,000000</SUD>
    <AUST>55,000000</AUST>
    <BRNN>55,000000</BRNN>
    <COAC>55,000000</COAC>
    <CORS>55,000000</CORS>
    <FOGN>55,000000</FOGN>
    <FRAN>55,000000</FRAN>
    <GREC>55,000000</GREC>
    <MFTV>55,000000</MFTV>
    <PRGP>96,580000</PRGP>
    <ROSN>55,000000</ROSN>
    <SLOV>55,000000</SLOV>
    <SVIZ>55,000000</SVIZ>
    <BSP>55,000000</BSP>
    <MALT>96,580000</MALT>
    <XAUS>55,000000</XAUS>
    <XFRA>55,000000</XFRA>
  </Prezzi>
  <Prezzi>
    <Data>20170808</Data>
    <Mercato>MGP</Mercato>
    <Ora>23</Ora>
    <PUN>54,669400</PUN>
    <NAT>53,130000</NAT>
    <CNOR>51,330000</CNOR>
    <CSUD>51,330000</CSUD>
    <NORD>51,330000</NORD>
    <SARD>51,330000</SARD>
    <SICI>96,270000</SICI>
    <SUD>51,330000</SUD>
    <AUST>51,330000</AUST>
    <BRNN>51,330000</BRNN>
    <COAC>51,330000</COAC>
    <CORS>51,330000</CORS>
    <FOGN>51,330000</FOGN>
    <FRAN>51,330000</FRAN>
    <GREC>51,330000</GREC>
    <MFTV>51,330000</MFTV>
    <PRGP>96,270000</PRGP>
    <ROSN>51,330000</ROSN>
    <SLOV>51,330000</SLOV>
    <SVIZ>51,330000</SVIZ>
    <BSP>51,330000</BSP>
    <MALT>96,270000</MALT>
    <XAUS>51,330000</XAUS>
    <XFRA>51,330000</XFRA>
  </Prezzi>
  <Prezzi>
    <Data>20170808</Data>
    <Mercato>MGP</Mercato>
    <Ora>24</Ora>
    <PUN>51,380000</PUN>
    <NAT>49,900000</NAT>
    <CNOR>47,750520</CNOR>
    <CSUD>47,750520</CSUD>
    <NORD>47,750520</NORD>
    <SARD>47,750520</SARD>
    <SICI>96,270000</SICI>
    <SUD>47,750520</SUD>
    <AUST>47,750520</AUST>
    <BRNN>47,750520</BRNN>
    <COAC>47,750520</COAC>
    <CORS>47,750520</CORS>
    <FOGN>47,750520</FOGN>
    <FRAN>47,750520</FRAN>
    <GREC>47,750520</GREC>
    <MFTV>47,750520</MFTV>
    <PRGP>96,270000</PRGP>
    <ROSN>47,750520</ROSN>
    <SLOV>47,750520</SLOV>
    <SVIZ>47,750520</SVIZ>
    <BSP>47,750520</BSP>
    <MALT>96,270000</MALT>
    <XAUS>47,750520</XAUS>
    <XFRA>47,750520</XFRA>
  </Prezzi>
</NewDataSet>