<?xml version="1.0" standalone="yes"?>
<NewDataSet>
  <xs:schema id="NewDataSet" xmlns="" xmlns:xs="http://www.w3.org/2001/XMLSchema" xmlns:msdata="urn:schemas-microsoft-com:xml-msdata">
    <xs:element name="NewDataSet" msdata:IsDataSet="true" msdata:UseCurrentLocale="true">
      <xs:complexType>
        <xs:choice minOccurs="0" maxOccurs="unbounded">
          <xs:element name="Prezzi">
            <xs:complexType>
              <xs:sequence>
                <xs:element name="Data" type="xs:string" minOccurs="0" />
                <xs:element name="Mercato" type="xs:string" minOccurs="0" />
                <xs:element name="Ora" type="xs:string" minOccurs="0" />
                <xs:element name="PUN" type="xs:string" minOccurs="0" />
                <xs:element name="NAT" type="xs:string" minOccurs="0" />
                <xs:element name="CNOR" type="xs:string" minOccurs="0" />
                <xs:element name="CSUD" type="xs:string" minOccurs="0" />
                <xs:element name="NORD" type="xs:string" minOccurs="0" />
                <xs:element name="SARD" type="xs:string" minOccurs="0" />
                <xs:element name="SICI" type="xs:string" minOccurs="0" />
                <xs:element name="SUD" type="xs:string" minOccurs="0" />
                <xs:element name="AUST" type="xs:string" minOccurs="0" />
                <xs:element name="BRNN" type="xs:string" minOccurs="0" />
                <xs:element name="COAC" type="xs:string" minOccurs="0" />
                <xs:element name="CORS" type="xs:string" minOccurs="0" />
                <xs:element name="FOGN" type="xs:string" minOccurs="0" />
                <xs:element name="FRAN" type="xs:string" minOccurs="0" />
                <xs:element name="GREC" type="xs:string" minOccurs="0" />
                <xs:element name="MFTV" type="xs:string" minOccurs="0" />
                <xs:element name="PRGP" type="xs:string" minOccurs="0" />
                <xs:element name="ROSN" type="xs:string" minOccurs="0" />
                <xs:element name="SLOV" type="xs:string" minOccurs="0" />
                <xs:element name="SVIZ" type="xs:string" minOccurs="0" />
                <xs:element name="BSP" type="xs:string" minOccurs="0" />
                <xs:element name="MALT" type="xs:string" minOccurs="0" />
                <xs:element name="XAUS" type="xs:string" minOccurs="0" />
                <xs:element name="XFRA" type="xs:string" minOccurs="0" />
              </xs:sequence>
            </xs:complexType>
          </xs:element>
        </xs:choice>
      </xs:complexType>
    </xs:element>
  </xs:schema>
  <Prezzi>
    <Data>20170827</Data>
    <Mercato>MGP</Mercato>
    <Ora>1</Ora>
    <PUN>53,336880</PUN>
    <NAT>49,990000</NAT>
    <CNOR>50,040000</CNOR>
    <CSUD>50,040000</CSUD>
    <NORD>50,040000</NORD>
    <SARD>50,040000</SARD>
    <SICI>96,270000</SICI>
    <SUD>50,040000</SUD>
    <AUST>50,040000</AUST>
    <BRNN>50,040000</BRNN>
    <COAC>50,040000</COAC>
    <CORS>50,040000</CORS>
    <FOGN>50,040000</FOGN>
    <FRAN>50,040000</FRAN>
    <GREC>50,040000</GREC>
    <MFTV>50,040000</MFTV>
    <PRGP>96,270000</PRGP>
    <ROSN>33,950000</ROSN>
    <SLOV>50,040000</SLOV>
    <SVIZ>50,040000</SVIZ>
    <BSP>50,040000</BSP>
    <MALT>96,270000</MALT>
    <XAUS>50,040000</XAUS>
    <XFRA>50,040000</XFRA>
  </Prezzi>
  <Prezzi>
    <Data>20170827</Data>
    <Mercato>MGP</Mercato>
    <Ora>2</Ora>
    <PUN>50,838140</PUN>
    <NAT>45,720000</NAT>
    <CNOR>47,960000</CNOR>
    <CSUD>47,960000</CSUD>
    <NORD>47,960000</NORD>
    <SARD>47,960000</SARD>
    <SICI>87,880000</SICI>
    <SUD>47,960000</SUD>
    <AUST>47,960000</AUST>
    <BRNN>47,960000</BRNN>
    <COAC>47,960000</COAC>
    <CORS>47,960000</CORS>
    <FOGN>47,960000</FOGN>
    <FRAN>47,960000</FRAN>
    <GREC>47,960000</GREC>
    <MFTV>47,960000</MFTV>
    <PRGP>87,880000</PRGP>
    <ROSN>33,950000</ROSN>
    <SLOV>47,960000</SLOV>
    <SVIZ>47,960000</SVIZ>
    <BSP>47,960000</BSP>
    <MALT>87,880000</MALT>
    <XAUS>47,960000</XAUS>
    <XFRA>47,960000</XFRA>
  </Prezzi>
  <Prezzi>
    <Data>20170827</Data>
    <Mercato>MGP</Mercato>
    <Ora>3</Ora>
    <PUN>45,113840</PUN>
    <NAT>42,220000</NAT>
    <CNOR>43,500000</CNOR>
    <CSUD>43,500000</CSUD>
    <NORD>43,500000</NORD>
    <SARD>43,500000</SARD>
    <SICI>66,010000</SICI>
    <SUD>43,500000</SUD>
    <AUST>43,500000</AUST>
    <BRNN>43,500000</BRNN>
    <COAC>43,500000</COAC>
    <CORS>43,500000</CORS>
    <FOGN>43,500000</FOGN>
    <FRAN>43,500000</FRAN>
    <GREC>43,500000</GREC>
    <MFTV>43,500000</MFTV>
    <PRGP>66,010000</PRGP>
    <ROSN>33,950000</ROSN>
    <SLOV>43,500000</SLOV>
    <SVIZ>43,500000</SVIZ>
    <BSP>43,500000</BSP>
    <MALT>66,010000</MALT>
    <XAUS>43,500000</XAUS>
    <XFRA>43,500000</XFRA>
  </Prezzi>
  <Prezzi>
    <Data>20170827</Data>
    <Mercato>MGP</Mercato>
    <Ora>4</Ora>
    <PUN>43,553540</PUN>
    <NAT>42,220000</NAT>
    <CNOR>42,220000</CNOR>
    <CSUD>42,220000</CSUD>
    <NORD>42,220000</NORD>
    <SARD>42,220000</SARD>
    <SICI>61,010000</SICI>
    <SUD>42,220000</SUD>
    <AUST>42,220000</AUST>
    <BRNN>42,220000</BRNN>
    <COAC>42,220000</COAC>
    <CORS>42,220000</CORS>
    <FOGN>42,220000</FOGN>
    <FRAN>42,220000</FRAN>
    <GREC>42,220000</GREC>
    <MFTV>42,220000</MFTV>
    <PRGP>61,010000</PRGP>
    <ROSN>33,950000</ROSN>
    <SLOV>42,220000</SLOV>
    <SVIZ>42,220000</SVIZ>
    <BSP>42,220000</BSP>
    <MALT>61,010000</MALT>
    <XAUS>42,220000</XAUS>
    <XFRA>42,220000</XFRA>
  </Prezzi>
  <Prezzi>
    <Data>20170827</Data>
    <Mercato>MGP</Mercato>
    <Ora>5</Ora>
    <PUN>43,551680</PUN>
    <NAT>41,980000</NAT>
    <CNOR>42,220000</CNOR>
    <CSUD>42,220000</CSUD>
    <NORD>42,220000</NORD>
    <SARD>42,220000</SARD>
    <SICI>61,010000</SICI>
    <SUD>42,220000</SUD>
    <AUST>42,220000</AUST>
    <BRNN>42,220000</BRNN>
    <COAC>42,220000</COAC>
    <CORS>42,220000</CORS>
    <FOGN>42,220000</FOGN>
    <FRAN>42,220000</FRAN>
    <GREC>42,220000</GREC>
    <MFTV>42,220000</MFTV>
    <PRGP>61,010000</PRGP>
    <ROSN>33,950000</ROSN>
    <SLOV>42,220000</SLOV>
    <SVIZ>42,220000</SVIZ>
    <BSP>42,220000</BSP>
    <MALT>61,010000</MALT>
    <XAUS>42,220000</XAUS>
    <XFRA>42,220000</XFRA>
  </Prezzi>
  <Prezzi>
    <Data>20170827</Data>
    <Mercato>MGP</Mercato>
    <Ora>6</Ora>
    <PUN>44,492240</PUN>
    <NAT>42,220000</NAT>
    <CNOR>43,240000</CNOR>
    <CSUD>43,240000</CSUD>
    <NORD>43,240000</NORD>
    <SARD>43,240000</SARD>
    <SICI>61,010000</SICI>
    <SUD>43,240000</SUD>
    <AUST>43,240000</AUST>
    <BRNN>43,240000</BRNN>
    <COAC>43,240000</COAC>
    <CORS>43,240000</CORS>
    <FOGN>43,240000</FOGN>
    <FRAN>43,240000</FRAN>
    <GREC>43,240000</GREC>
    <MFTV>43,240000</MFTV>
    <PRGP>61,010000</PRGP>
    <ROSN>33,950000</ROSN>
    <SLOV>43,240000</SLOV>
    <SVIZ>43,240000</SVIZ>
    <BSP>43,240000</BSP>
    <MALT>61,010000</MALT>
    <XAUS>43,240000</XAUS>
    <XFRA>43,240000</XFRA>
  </Prezzi>
  <Prezzi>
    <Data>20170827</Data>
    <Mercato>MGP</Mercato>
    <Ora>7</Ora>
    <PUN>42,762640</PUN>
    <NAT>41,980000</NAT>
    <CNOR>42,220000</CNOR>
    <CSUD>42,220000</CSUD>
    <NORD>42,220000</NORD>
    <SARD>42,220000</SARD>
    <SICI>50,000000</SICI>
    <SUD>42,220000</SUD>
    <AUST>42,220000</AUST>
    <BRNN>42,220000</BRNN>
    <COAC>42,220000</COAC>
    <CORS>42,220000</CORS>
    <FOGN>42,220000</FOGN>
    <FRAN>42,220000</FRAN>
    <GREC>42,220000</GREC>
    <MFTV>42,220000</MFTV>
    <PRGP>50,000000</PRGP>
    <ROSN>33,950000</ROSN>
    <SLOV>42,220000</SLOV>
    <SVIZ>42,220000</SVIZ>
    <BSP>42,220000</BSP>
    <MALT>50,000000</MALT>
    <XAUS>42,220000</XAUS>
    <XFRA>42,220000</XFRA>
  </Prezzi>
  <Prezzi>
    <Data>20170827</Data>
    <Mercato>MGP</Mercato>
    <Ora>8</Ora>
    <PUN>41,788590</PUN>
    <NAT>41,980000</NAT>
    <CNOR>42,220000</CNOR>
    <CSUD>42,220000</CSUD>
    <NORD>42,220000</NORD>
    <SARD>42,220000</SARD>
    <SICI>36,010000</SICI>
    <SUD>42,220000</SUD>
    <AUST>42,220000</AUST>
    <BRNN>42,220000</BRNN>
    <COAC>42,220000</COAC>
    <CORS>42,220000</CORS>
    <FOGN>42,220000</FOGN>
    <FRAN>42,220000</FRAN>
    <GREC>42,220000</GREC>
    <MFTV>42,220000</MFTV>
    <PRGP>36,010000</PRGP>
    <ROSN>33,950000</ROSN>
    <SLOV>42,220000</SLOV>
    <SVIZ>42,220000</SVIZ>
    <BSP>42,220000</BSP>
    <MALT>36,010000</MALT>
    <XAUS>42,220000</XAUS>
    <XFRA>42,220000</XFRA>
  </Prezzi>
  <Prezzi>
    <Data>20170827</Data>
    <Mercato>MGP</Mercato>
    <Ora>9</Ora>
    <PUN>41,415580</PUN>
    <NAT>41,250000</NAT>
    <CNOR>41,980000</CNOR>
    <CSUD>41,980000</CSUD>
    <NORD>41,980000</NORD>
    <SARD>41,980000</SARD>
    <SICI>33,950000</SICI>
    <SUD>41,980000</SUD>
    <AUST>41,980000</AUST>
    <BRNN>41,980000</BRNN>
    <COAC>41,980000</COAC>
    <CORS>41,980000</CORS>
    <FOGN>41,980000</FOGN>
    <FRAN>41,980000</FRAN>
    <GREC>41,980000</GREC>
    <MFTV>41,980000</MFTV>
    <PRGP>33,950000</PRGP>
    <ROSN>33,950000</ROSN>
    <SLOV>41,980000</SLOV>
    <SVIZ>41,980000</SVIZ>
    <BSP>41,980000</BSP>
    <MALT>33,950000</MALT>
    <XAUS>41,980000</XAUS>
    <XFRA>41,980000</XFRA>
  </Prezzi>
  <Prezzi>
    <Data>20170827</Data>
    <Mercato>MGP</Mercato>
    <Ora>10</Ora>
    <PUN>41,411300</PUN>
    <NAT>41,070000</NAT>
    <CNOR>41,980000</CNOR>
    <CSUD>41,980000</CSUD>
    <NORD>41,980000</NORD>
    <SARD>41,980000</SARD>
    <SICI>33,940000</SICI>
    <SUD>41,980000</SUD>
    <AUST>41,980000</AUST>
    <BRNN>41,980000</BRNN>
    <COAC>41,980000</COAC>
    <CORS>41,980000</CORS>
    <FOGN>41,980000</FOGN>
    <FRAN>41,980000</FRAN>
    <GREC>41,980000</GREC>
    <MFTV>41,980000</MFTV>
    <PRGP>33,940000</PRGP>
    <ROSN>33,940000</ROSN>
    <SLOV>41,980000</SLOV>
    <SVIZ>41,980000</SVIZ>
    <BSP>41,980000</BSP>
    <MALT>33,940000</MALT>
    <XAUS>41,980000</XAUS>
    <XFRA>41,980000</XFRA>
  </Prezzi>
  <Prezzi>
    <Data>20170827</Data>
    <Mercato>MGP</Mercato>
    <Ora>11</Ora>
    <PUN>44,883510</PUN>
    <NAT>41,980000</NAT>
    <CNOR>45,720000</CNOR>
    <CSUD>45,720000</CSUD>
    <NORD>45,720000</NORD>
    <SARD>45,720000</SARD>
    <SICI>33,940000</SICI>
    <SUD>45,720000</SUD>
    <AUST>45,720000</AUST>
    <BRNN>45,720000</BRNN>
    <COAC>45,720000</COAC>
    <CORS>45,720000</CORS>
    <FOGN>45,720000</FOGN>
    <FRAN>45,720000</FRAN>
    <GREC>45,720000</GREC>
    <MFTV>45,720000</MFTV>
    <PRGP>33,940000</PRGP>
    <ROSN>33,940000</ROSN>
    <SLOV>45,720000</SLOV>
    <SVIZ>45,720000</SVIZ>
    <BSP>45,720000</BSP>
    <MALT>33,940000</MALT>
    <XAUS>45,720000</XAUS>
    <XFRA>45,720000</XFRA>
  </Prezzi>
  <Prezzi>
    <Data>20170827</Data>
    <Mercato>MGP</Mercato>
    <Ora>12</Ora>
    <PUN>39,382310</PUN>
    <NAT>41,070000</NAT>
    <CNOR>41,980000</CNOR>
    <CSUD>41,980000</CSUD>
    <NORD>41,980000</NORD>
    <SARD>41,980000</SARD>
    <SICI>5,000000</SICI>
    <SUD>41,980000</SUD>
    <AUST>41,980000</AUST>
    <BRNN>41,980000</BRNN>
    <COAC>41,980000</COAC>
    <CORS>41,980000</CORS>
    <FOGN>41,980000</FOGN>
    <FRAN>41,980000</FRAN>
    <GREC>41,980000</GREC>
    <MFTV>41,980000</MFTV>
    <PRGP>5,000000</PRGP>
    <ROSN>5,000000</ROSN>
    <SLOV>41,980000</SLOV>
    <SVIZ>41,980000</SVIZ>
    <BSP>41,980000</BSP>
    <MALT>5,000000</MALT>
    <XAUS>41,980000</XAUS>
    <XFRA>41,980000</XFRA>
  </Prezzi>
  <Prezzi>
    <Data>20170827</Data>
    <Mercato>MGP</Mercato>
    <Ora>13</Ora>
    <PUN>39,361140</PUN>
    <NAT>41,070000</NAT>
    <CNOR>41,980000</CNOR>
    <CSUD>41,980000</CSUD>
    <NORD>41,980000</NORD>
    <SARD>41,980000</SARD>
    <SICI>5,000000</SICI>
    <SUD>41,980000</SUD>
    <AUST>41,980000</AUST>
    <BRNN>41,980000</BRNN>
    <COAC>41,980000</COAC>
    <CORS>41,980000</CORS>
    <FOGN>41,980000</FOGN>
    <FRAN>41,980000</FRAN>
    <GREC>41,980000</GREC>
    <MFTV>41,980000</MFTV>
    <PRGP>5,000000</PRGP>
    <ROSN>5,000000</ROSN>
    <SLOV>41,980000</SLOV>
    <SVIZ>41,980000</SVIZ>
    <BSP>41,980000</BSP>
    <MALT>5,000000</MALT>
    <XAUS>41,980000</XAUS>
    <XFRA>41,980000</XFRA>
  </Prezzi>
  <Prezzi>
    <Data>20170827</Data>
    <Mercato>MGP</Mercato>
    <Ora>14</Ora>
    <PUN>38,181750</PUN>
    <NAT>39,360000</NAT>
    <CNOR>41,070000</CNOR>
    <CSUD>41,070000</CSUD>
    <NORD>41,070000</NORD>
    <SARD>41,070000</SARD>
    <SICI>0,000000</SICI>
    <SUD>41,070000</SUD>
    <AUST>41,070000</AUST>
    <BRNN>41,070000</BRNN>
    <COAC>41,070000</COAC>
    <CORS>41,070000</CORS>
    <FOGN>41,070000</FOGN>
    <FRAN>41,070000</FRAN>
    <GREC>41,070000</GREC>
    <MFTV>41,070000</MFTV>
    <PRGP>0,000000</PRGP>
    <ROSN>0,000000</ROSN>
    <SLOV>41,070000</SLOV>
    <SVIZ>41,070000</SVIZ>
    <BSP>41,070000</BSP>
    <MALT>0,000000</MALT>
    <XAUS>41,070000</XAUS>
    <XFRA>41,070000</XFRA>
  </Prezzi>
  <Prezzi>
    <Data>20170827</Data>
    <Mercato>MGP</Mercato>
    <Ora>15</Ora>
    <PUN>38,265740</PUN>
    <NAT>40,380000</NAT>
    <CNOR>41,100000</CNOR>
    <CSUD>41,100000</CSUD>
    <NORD>41,100000</NORD>
    <SARD>41,100000</SARD>
    <SICI>0,000000</SICI>
    <SUD>41,100000</SUD>
    <AUST>41,100000</AUST>
    <BRNN>41,100000</BRNN>
    <COAC>41,100000</COAC>
    <CORS>41,100000</CORS>
    <FOGN>41,100000</FOGN>
    <FRAN>41,100000</FRAN>
    <GREC>41,100000</GREC>
    <MFTV>41,100000</MFTV>
    <PRGP>0,000000</PRGP>
    <ROSN>0,000000</ROSN>
    <SLOV>41,100000</SLOV>
    <SVIZ>41,100000</SVIZ>
    <BSP>41,100000</BSP>
    <MALT>0,000000</MALT>
    <XAUS>41,100000</XAUS>
    <XFRA>41,100000</XFRA>
  </Prezzi>
  <Prezzi>
    <Data>20170827</Data>
    <Mercato>MGP</Mercato>
    <Ora>16</Ora>
    <PUN>39,094910</PUN>
    <NAT>41,070000</NAT>
    <CNOR>41,980000</CNOR>
    <CSUD>41,980000</CSUD>
    <NORD>41,980000</NORD>
    <SARD>41,980000</SARD>
    <SICI>0,000000</SICI>
    <SUD>41,980000</SUD>
    <AUST>41,980000</AUST>
    <BRNN>41,980000</BRNN>
    <COAC>41,980000</COAC>
    <CORS>41,980000</CORS>
    <FOGN>41,980000</FOGN>
    <FRAN>41,980000</FRAN>
    <GREC>41,980000</GREC>
    <MFTV>41,980000</MFTV>
    <PRGP>0,000000</PRGP>
    <ROSN>0,000000</ROSN>
    <SLOV>41,980000</SLOV>
    <SVIZ>41,980000</SVIZ>
    <BSP>41,980000</BSP>
    <MALT>0,000000</MALT>
    <XAUS>41,980000</XAUS>
    <XFRA>41,980000</XFRA>
  </Prezzi>
  <Prezzi>
    <Data>20170827</Data>
    <Mercato>MGP</Mercato>
    <Ora>17</Ora>
    <PUN>42,112850</PUN>
    <NAT>41,980000</NAT>
    <CNOR>45,220000</CNOR>
    <CSUD>45,220000</CSUD>
    <NORD>45,220000</NORD>
    <SARD>45,220000</SARD>
    <SICI>0,000000</SICI>
    <SUD>45,220000</SUD>
    <AUST>45,220000</AUST>
    <BRNN>45,220000</BRNN>
    <COAC>45,220000</COAC>
    <CORS>45,220000</CORS>
    <FOGN>45,220000</FOGN>
    <FRAN>45,220000</FRAN>
    <GREC>45,220000</GREC>
    <MFTV>45,220000</MFTV>
    <PRGP>0,000000</PRGP>
    <ROSN>0,000000</ROSN>
    <SLOV>45,220000</SLOV>
    <SVIZ>45,220000</SVIZ>
    <BSP>45,220000</BSP>
    <MALT>0,000000</MALT>
    <XAUS>45,220000</XAUS>
    <XFRA>45,220000</XFRA>
  </Prezzi>
  <Prezzi>
    <Data>20170827</Data>
    <Mercato>MGP</Mercato>
    <Ora>18</Ora>
    <PUN>47,991390</PUN>
    <NAT>46,760000</NAT>
    <CNOR>49,020000</CNOR>
    <CSUD>49,020000</CSUD>
    <NORD>49,020000</NORD>
    <SARD>49,020000</SARD>
    <SICI>33,940000</SICI>
    <SUD>49,020000</SUD>
    <AUST>49,020000</AUST>
    <BRNN>49,020000</BRNN>
    <COAC>49,020000</COAC>
    <CORS>49,020000</CORS>
    <FOGN>49,020000</FOGN>
    <FRAN>49,020000</FRAN>
    <GREC>49,020000</GREC>
    <MFTV>49,020000</MFTV>
    <PRGP>33,940000</PRGP>
    <ROSN>33,940000</ROSN>
    <SLOV>49,020000</SLOV>
    <SVIZ>49,020000</SVIZ>
    <BSP>49,020000</BSP>
    <MALT>33,940000</MALT>
    <XAUS>49,020000</XAUS>
    <XFRA>49,020000</XFRA>
  </Prezzi>
  <Prezzi>
    <Data>20170827</Data>
    <Mercato>MGP</Mercato>
    <Ora>19</Ora>
    <PUN>52,070390</PUN>
    <NAT>49,990000</NAT>
    <CNOR>50,040000</CNOR>
    <CSUD>50,040000</CSUD>
    <NORD>50,040000</NORD>
    <SARD>50,040000</SARD>
    <SICI>79,990000</SICI>
    <SUD>50,040000</SUD>
    <AUST>50,040000</AUST>
    <BRNN>50,040000</BRNN>
    <COAC>50,040000</COAC>
    <CORS>50,040000</CORS>
    <FOGN>50,040000</FOGN>
    <FRAN>50,040000</FRAN>
    <GREC>50,040000</GREC>
    <MFTV>50,040000</MFTV>
    <PRGP>79,990000</PRGP>
    <ROSN>33,950000</ROSN>
    <SLOV>50,040000</SLOV>
    <SVIZ>50,040000</SVIZ>
    <BSP>50,040000</BSP>
    <MALT>79,990000</MALT>
    <XAUS>50,040000</XAUS>
    <XFRA>50,040000</XFRA>
  </Prezzi>
  <Prezzi>
    <Data>20170827</Data>
    <Mercato>MGP</Mercato>
    <Ora>20</Ora>
    <PUN>55,309940</PUN>
    <NAT>51,480000</NAT>
    <CNOR>52,270000</CNOR>
    <CSUD>52,270000</CSUD>
    <NORD>52,270000</NORD>
    <SARD>52,270000</SARD>
    <SICI>96,270000</SICI>
    <SUD>52,270000</SUD>
    <AUST>52,270000</AUST>
    <BRNN>52,270000</BRNN>
    <COAC>52,270000</COAC>
    <CORS>52,270000</CORS>
    <FOGN>52,270000</FOGN>
    <FRAN>52,270000</FRAN>
    <GREC>52,270000</GREC>
    <MFTV>52,270000</MFTV>
    <PRGP>96,270000</PRGP>
    <ROSN>33,950000</ROSN>
    <SLOV>52,270000</SLOV>
    <SVIZ>52,270000</SVIZ>
    <BSP>52,270000</BSP>
    <MALT>96,270000</MALT>
    <XAUS>52,270000</XAUS>
    <XFRA>52,270000</XFRA>
  </Prezzi>
  <Prezzi>
    <Data>20170827</Data>
    <Mercato>MGP</Mercato>
    <Ora>21</Ora>
    <PUN>64,482640</PUN>
    <NAT>62,000000</NAT>
    <CNOR>62,000000</CNOR>
    <CSUD>62,000000</CSUD>
    <NORD>62,000000</NORD>
    <SARD>62,000000</SARD>
    <SICI>96,270000</SICI>
    <SUD>62,000000</SUD>
    <AUST>62,000000</AUST>
    <BRNN>62,000000</BRNN>
    <COAC>62,000000</COAC>
    <CORS>62,000000</CORS>
    <FOGN>62,000000</FOGN>
    <FRAN>62,000000</FRAN>
    <GREC>62,000000</GREC>
    <MFTV>62,000000</MFTV>
    <PRGP>96,270000</PRGP>
    <ROSN>33,950000</ROSN>
    <SLOV>62,000000</SLOV>
    <SVIZ>62,000000</SVIZ>
    <BSP>62,000000</BSP>
    <MALT>96,270000</MALT>
    <XAUS>62,000000</XAUS>
    <XFRA>62,000000</XFRA>
  </Prezzi>
  <Prezzi>
    <Data>20170827</Data>
    <Mercato>MGP</Mercato>
    <Ora>22</Ora>
    <PUN>61,653090</PUN>
    <NAT>58,000000</NAT>
    <CNOR>59,000000</CNOR>
    <CSUD>59,000000</CSUD>
    <NORD>59,000000</NORD>
    <SARD>59,000000</SARD>
    <SICI>96,270000</SICI>
    <SUD>59,000000</SUD>
    <AUST>59,000000</AUST>
    <BRNN>59,000000</BRNN>
    <COAC>59,000000</COAC>
    <CORS>59,000000</CORS>
    <FOGN>59,000000</FOGN>
    <FRAN>59,000000</FRAN>
    <GREC>59,000000</GREC>
    <MFTV>59,000000</MFTV>
    <PRGP>96,270000</PRGP>
    <ROSN>33,950000</ROSN>
    <SLOV>59,000000</SLOV>
    <SVIZ>59,000000</SVIZ>
    <BSP>59,000000</BSP>
    <MALT>96,270000</MALT>
    <XAUS>59,000000</XAUS>
    <XFRA>59,000000</XFRA>
  </Prezzi>
  <Prezzi>
    <Data>20170827</Data>
    <Mercato>MGP</Mercato>
    <Ora>23</Ora>
    <PUN>55,372920</PUN>
    <NAT>52,270000</NAT>
    <CNOR>52,270000</CNOR>
    <CSUD>52,270000</CSUD>
    <NORD>52,270000</NORD>
    <SARD>52,270000</SARD>
    <SICI>96,270000</SICI>
    <SUD>52,270000</SUD>
    <AUST>52,270000</AUST>
    <BRNN>52,270000</BRNN>
    <COAC>52,270000</COAC>
    <CORS>52,270000</CORS>
    <FOGN>52,270000</FOGN>
    <FRAN>52,270000</FRAN>
    <GREC>52,270000</GREC>
    <MFTV>52,270000</MFTV>
    <PRGP>96,270000</PRGP>
    <ROSN>33,950000</ROSN>
    <SLOV>52,270000</SLOV>
    <SVIZ>52,270000</SVIZ>
    <BSP>52,270000</BSP>
    <MALT>96,270000</MALT>
    <XAUS>52,270000</XAUS>
    <XFRA>52,270000</XFRA>
  </Prezzi>
  <Prezzi>
    <Data>20170827</Data>
    <Mercato>MGP</Mercato>
    <Ora>24</Ora>
    <PUN>53,353270</PUN>
    <NAT>50,040000</NAT>
    <CNOR>50,040000</CNOR>
    <CSUD>50,040000</CSUD>
    <NORD>50,040000</NORD>
    <SARD>50,040000</SARD>
    <SICI>96,270000</SICI>
    <SUD>50,040000</SUD>
    <AUST>50,040000</AUST>
    <BRNN>50,040000</BRNN>
    <COAC>50,040000</COAC>
    <CORS>50,040000</CORS>
    <FOGN>50,040000</FOGN>
    <FRAN>50,040000</FRAN>
    <GREC>50,040000</GREC>
    <MFTV>50,040000</MFTV>
    <PRGP>96,270000</PRGP>
    <ROSN>33,950000</ROSN>
    <SLOV>50,040000</SLOV>
    <SVIZ>50,040000</SVIZ>
    <BSP>50,040000</BSP>
    <MALT>96,270000</MALT>
    <XAUS>50,040000</XAUS>
    <XFRA>50,040000</XFRA>
  </Prezzi>
</NewDataSet>