<?xml version="1.0" standalone="yes"?>
<NewDataSet>
  <xs:schema id="NewDataSet" xmlns="" xmlns:xs="http://www.w3.org/2001/XMLSchema" xmlns:msdata="urn:schemas-microsoft-com:xml-msdata">
    <xs:element name="NewDataSet" msdata:IsDataSet="true" msdata:UseCurrentLocale="true">
      <xs:complexType>
        <xs:choice minOccurs="0" maxOccurs="unbounded">
          <xs:element name="Prezzi">
            <xs:complexType>
              <xs:sequence>
                <xs:element name="Data" type="xs:string" minOccurs="0" />
                <xs:element name="Mercato" type="xs:string" minOccurs="0" />
                <xs:element name="Ora" type="xs:string" minOccurs="0" />
                <xs:element name="PUN" type="xs:string" minOccurs="0" />
                <xs:element name="NAT" type="xs:string" minOccurs="0" />
                <xs:element name="CNOR" type="xs:string" minOccurs="0" />
                <xs:element name="CSUD" type="xs:string" minOccurs="0" />
                <xs:element name="NORD" type="xs:string" minOccurs="0" />
                <xs:element name="SARD" type="xs:string" minOccurs="0" />
                <xs:element name="SICI" type="xs:string" minOccurs="0" />
                <xs:element name="SUD" type="xs:string" minOccurs="0" />
                <xs:element name="AUST" type="xs:string" minOccurs="0" />
                <xs:element name="BRNN" type="xs:string" minOccurs="0" />
                <xs:element name="COAC" type="xs:string" minOccurs="0" />
                <xs:element name="CORS" type="xs:string" minOccurs="0" />
                <xs:element name="FOGN" type="xs:string" minOccurs="0" />
                <xs:element name="FRAN" type="xs:string" minOccurs="0" />
                <xs:element name="GREC" type="xs:string" minOccurs="0" />
                <xs:element name="MFTV" type="xs:string" minOccurs="0" />
                <xs:element name="PRGP" type="xs:string" minOccurs="0" />
                <xs:element name="ROSN" type="xs:string" minOccurs="0" />
                <xs:element name="SLOV" type="xs:string" minOccurs="0" />
                <xs:element name="SVIZ" type="xs:string" minOccurs="0" />
                <xs:element name="BSP" type="xs:string" minOccurs="0" />
                <xs:element name="MALT" type="xs:string" minOccurs="0" />
                <xs:element name="XAUS" type="xs:string" minOccurs="0" />
                <xs:element name="XFRA" type="xs:string" minOccurs="0" />
              </xs:sequence>
            </xs:complexType>
          </xs:element>
        </xs:choice>
      </xs:complexType>
    </xs:element>
  </xs:schema>
  <Prezzi>
    <Data>20170810</Data>
    <Mercato>MGP</Mercato>
    <Ora>1</Ora>
    <PUN>54,418170</PUN>
    <NAT>51,330000</NAT>
    <CNOR>50,850000</CNOR>
    <CSUD>50,850000</CSUD>
    <NORD>50,850000</NORD>
    <SARD>50,850000</SARD>
    <SICI>96,270000</SICI>
    <SUD>50,850000</SUD>
    <AUST>50,850000</AUST>
    <BRNN>50,850000</BRNN>
    <COAC>50,850000</COAC>
    <CORS>50,850000</CORS>
    <FOGN>50,850000</FOGN>
    <FRAN>50,850000</FRAN>
    <GREC>50,850000</GREC>
    <MFTV>50,850000</MFTV>
    <PRGP>96,270000</PRGP>
    <ROSN>50,850000</ROSN>
    <SLOV>50,850000</SLOV>
    <SVIZ>50,850000</SVIZ>
    <BSP>50,850000</BSP>
    <MALT>96,270000</MALT>
    <XAUS>50,850000</XAUS>
    <XFRA>50,850000</XFRA>
  </Prezzi>
  <Prezzi>
    <Data>20170810</Data>
    <Mercato>MGP</Mercato>
    <Ora>2</Ora>
    <PUN>52,270730</PUN>
    <NAT>49,900000</NAT>
    <CNOR>48,500000</CNOR>
    <CSUD>48,500000</CSUD>
    <NORD>48,500000</NORD>
    <SARD>48,500000</SARD>
    <SICI>96,270000</SICI>
    <SUD>48,500000</SUD>
    <AUST>48,500000</AUST>
    <BRNN>48,500000</BRNN>
    <COAC>48,500000</COAC>
    <CORS>48,500000</CORS>
    <FOGN>48,500000</FOGN>
    <FRAN>48,500000</FRAN>
    <GREC>48,500000</GREC>
    <MFTV>48,500000</MFTV>
    <PRGP>96,270000</PRGP>
    <ROSN>48,500000</ROSN>
    <SLOV>48,500000</SLOV>
    <SVIZ>48,500000</SVIZ>
    <BSP>48,500000</BSP>
    <MALT>96,270000</MALT>
    <XAUS>48,500000</XAUS>
    <XFRA>48,500000</XFRA>
  </Prezzi>
  <Prezzi>
    <Data>20170810</Data>
    <Mercato>MGP</Mercato>
    <Ora>3</Ora>
    <PUN>47,710820</PUN>
    <NAT>46,810000</NAT>
    <CNOR>46,130000</CNOR>
    <CSUD>46,130000</CSUD>
    <NORD>46,130000</NORD>
    <SARD>46,130000</SARD>
    <SICI>66,270000</SICI>
    <SUD>46,130000</SUD>
    <AUST>46,130000</AUST>
    <BRNN>46,130000</BRNN>
    <COAC>46,130000</COAC>
    <CORS>46,130000</CORS>
    <FOGN>46,130000</FOGN>
    <FRAN>46,130000</FRAN>
    <GREC>46,130000</GREC>
    <MFTV>46,130000</MFTV>
    <PRGP>66,270000</PRGP>
    <ROSN>46,130000</ROSN>
    <SLOV>46,130000</SLOV>
    <SVIZ>46,130000</SVIZ>
    <BSP>46,130000</BSP>
    <MALT>66,270000</MALT>
    <XAUS>46,130000</XAUS>
    <XFRA>46,130000</XFRA>
  </Prezzi>
  <Prezzi>
    <Data>20170810</Data>
    <Mercato>MGP</Mercato>
    <Ora>4</Ora>
    <PUN>45,323580</PUN>
    <NAT>43,840000</NAT>
    <CNOR>43,600000</CNOR>
    <CSUD>43,600000</CSUD>
    <NORD>43,600000</NORD>
    <SARD>43,600000</SARD>
    <SICI>66,010000</SICI>
    <SUD>43,600000</SUD>
    <AUST>43,600000</AUST>
    <BRNN>43,600000</BRNN>
    <COAC>43,600000</COAC>
    <CORS>43,600000</CORS>
    <FOGN>43,600000</FOGN>
    <FRAN>43,600000</FRAN>
    <GREC>43,600000</GREC>
    <MFTV>43,600000</MFTV>
    <PRGP>66,010000</PRGP>
    <ROSN>43,600000</ROSN>
    <SLOV>43,600000</SLOV>
    <SVIZ>43,600000</SVIZ>
    <BSP>43,600000</BSP>
    <MALT>66,010000</MALT>
    <XAUS>43,600000</XAUS>
    <XFRA>43,600000</XFRA>
  </Prezzi>
  <Prezzi>
    <Data>20170810</Data>
    <Mercato>MGP</Mercato>
    <Ora>5</Ora>
    <PUN>44,979800</PUN>
    <NAT>43,580000</NAT>
    <CNOR>43,250000</CNOR>
    <CSUD>43,250000</CSUD>
    <NORD>43,250000</NORD>
    <SARD>43,250000</SARD>
    <SICI>65,990000</SICI>
    <SUD>43,250000</SUD>
    <AUST>43,250000</AUST>
    <BRNN>43,250000</BRNN>
    <COAC>43,250000</COAC>
    <CORS>43,250000</CORS>
    <FOGN>43,250000</FOGN>
    <FRAN>43,250000</FRAN>
    <GREC>43,250000</GREC>
    <MFTV>43,250000</MFTV>
    <PRGP>65,990000</PRGP>
    <ROSN>43,250000</ROSN>
    <SLOV>43,250000</SLOV>
    <SVIZ>43,250000</SVIZ>
    <BSP>43,250000</BSP>
    <MALT>65,990000</MALT>
    <XAUS>43,250000</XAUS>
    <XFRA>43,250000</XFRA>
  </Prezzi>
  <Prezzi>
    <Data>20170810</Data>
    <Mercato>MGP</Mercato>
    <Ora>6</Ora>
    <PUN>44,955000</PUN>
    <NAT>43,580000</NAT>
    <CNOR>43,250000</CNOR>
    <CSUD>43,250000</CSUD>
    <NORD>43,250000</NORD>
    <SARD>43,250000</SARD>
    <SICI>65,990000</SICI>
    <SUD>43,250000</SUD>
    <AUST>43,250000</AUST>
    <BRNN>43,250000</BRNN>
    <COAC>43,250000</COAC>
    <CORS>43,250000</CORS>
    <FOGN>43,250000</FOGN>
    <FRAN>43,250000</FRAN>
    <GREC>43,250000</GREC>
    <MFTV>43,250000</MFTV>
    <PRGP>65,990000</PRGP>
    <ROSN>43,250000</ROSN>
    <SLOV>43,250000</SLOV>
    <SVIZ>43,250000</SVIZ>
    <BSP>43,250000</BSP>
    <MALT>65,990000</MALT>
    <XAUS>43,250000</XAUS>
    <XFRA>43,250000</XFRA>
  </Prezzi>
  <Prezzi>
    <Data>20170810</Data>
    <Mercato>MGP</Mercato>
    <Ora>7</Ora>
    <PUN>45,233550</PUN>
    <NAT>43,650000</NAT>
    <CNOR>43,650000</CNOR>
    <CSUD>43,650000</CSUD>
    <NORD>43,650000</NORD>
    <SARD>43,650000</SARD>
    <SICI>65,990000</SICI>
    <SUD>43,650000</SUD>
    <AUST>43,650000</AUST>
    <BRNN>43,650000</BRNN>
    <COAC>43,650000</COAC>
    <CORS>43,650000</CORS>
    <FOGN>43,650000</FOGN>
    <FRAN>43,650000</FRAN>
    <GREC>43,650000</GREC>
    <MFTV>43,650000</MFTV>
    <PRGP>65,990000</PRGP>
    <ROSN>43,650000</ROSN>
    <SLOV>43,650000</SLOV>
    <SVIZ>43,650000</SVIZ>
    <BSP>43,650000</BSP>
    <MALT>65,990000</MALT>
    <XAUS>43,650000</XAUS>
    <XFRA>43,650000</XFRA>
  </Prezzi>
  <Prezzi>
    <Data>20170810</Data>
    <Mercato>MGP</Mercato>
    <Ora>8</Ora>
    <PUN>49,043070</PUN>
    <NAT>46,810000</NAT>
    <CNOR>46,130000</CNOR>
    <CSUD>46,130000</CSUD>
    <NORD>46,130000</NORD>
    <SARD>46,130000</SARD>
    <SICI>87,880000</SICI>
    <SUD>46,130000</SUD>
    <AUST>46,130000</AUST>
    <BRNN>46,130000</BRNN>
    <COAC>46,130000</COAC>
    <CORS>46,130000</CORS>
    <FOGN>46,130000</FOGN>
    <FRAN>46,130000</FRAN>
    <GREC>46,130000</GREC>
    <MFTV>46,130000</MFTV>
    <PRGP>87,880000</PRGP>
    <ROSN>46,130000</ROSN>
    <SLOV>46,130000</SLOV>
    <SVIZ>46,130000</SVIZ>
    <BSP>46,130000</BSP>
    <MALT>87,880000</MALT>
    <XAUS>46,130000</XAUS>
    <XFRA>46,130000</XFRA>
  </Prezzi>
  <Prezzi>
    <Data>20170810</Data>
    <Mercato>MGP</Mercato>
    <Ora>9</Ora>
    <PUN>51,446790</PUN>
    <NAT>49,900000</NAT>
    <CNOR>48,010000</CNOR>
    <CSUD>48,010000</CSUD>
    <NORD>48,010000</NORD>
    <SARD>48,010000</SARD>
    <SICI>96,270000</SICI>
    <SUD>48,010000</SUD>
    <AUST>48,010000</AUST>
    <BRNN>48,010000</BRNN>
    <COAC>48,010000</COAC>
    <CORS>48,010000</CORS>
    <FOGN>48,010000</FOGN>
    <FRAN>48,010000</FRAN>
    <GREC>48,010000</GREC>
    <MFTV>48,010000</MFTV>
    <PRGP>96,270000</PRGP>
    <ROSN>48,010000</ROSN>
    <SLOV>48,010000</SLOV>
    <SVIZ>48,010000</SVIZ>
    <BSP>48,010000</BSP>
    <MALT>96,270000</MALT>
    <XAUS>48,010000</XAUS>
    <XFRA>48,010000</XFRA>
  </Prezzi>
  <Prezzi>
    <Data>20170810</Data>
    <Mercato>MGP</Mercato>
    <Ora>10</Ora>
    <PUN>53,275560</PUN>
    <NAT>50,000000</NAT>
    <CNOR>49,900000</CNOR>
    <CSUD>49,900000</CSUD>
    <NORD>49,900000</NORD>
    <SARD>49,900000</SARD>
    <SICI>96,270000</SICI>
    <SUD>49,900000</SUD>
    <AUST>49,900000</AUST>
    <BRNN>49,900000</BRNN>
    <COAC>49,900000</COAC>
    <CORS>49,900000</CORS>
    <FOGN>49,900000</FOGN>
    <FRAN>49,900000</FRAN>
    <GREC>49,900000</GREC>
    <MFTV>49,900000</MFTV>
    <PRGP>96,270000</PRGP>
    <ROSN>49,900000</ROSN>
    <SLOV>49,900000</SLOV>
    <SVIZ>49,900000</SVIZ>
    <BSP>49,900000</BSP>
    <MALT>96,270000</MALT>
    <XAUS>49,900000</XAUS>
    <XFRA>49,900000</XFRA>
  </Prezzi>
  <Prezzi>
    <Data>20170810</Data>
    <Mercato>MGP</Mercato>
    <Ora>11</Ora>
    <PUN>51,353790</PUN>
    <NAT>48,500000</NAT>
    <CNOR>47,830000</CNOR>
    <CSUD>47,830000</CSUD>
    <NORD>47,830000</NORD>
    <SARD>47,830000</SARD>
    <SICI>96,270000</SICI>
    <SUD>47,830000</SUD>
    <AUST>47,830000</AUST>
    <BRNN>47,830000</BRNN>
    <COAC>47,830000</COAC>
    <CORS>47,830000</CORS>
    <FOGN>47,830000</FOGN>
    <FRAN>47,830000</FRAN>
    <GREC>47,830000</GREC>
    <MFTV>47,830000</MFTV>
    <PRGP>96,270000</PRGP>
    <ROSN>47,830000</ROSN>
    <SLOV>47,830000</SLOV>
    <SVIZ>47,830000</SVIZ>
    <BSP>47,830000</BSP>
    <MALT>96,270000</MALT>
    <XAUS>47,830000</XAUS>
    <XFRA>47,830000</XFRA>
  </Prezzi>
  <Prezzi>
    <Data>20170810</Data>
    <Mercato>MGP</Mercato>
    <Ora>12</Ora>
    <PUN>50,200180</PUN>
    <NAT>47,860000</NAT>
    <CNOR>47,250000</CNOR>
    <CSUD>47,250000</CSUD>
    <NORD>47,250000</NORD>
    <SARD>47,250000</SARD>
    <SICI>87,880000</SICI>
    <SUD>47,250000</SUD>
    <AUST>47,250000</AUST>
    <BRNN>47,250000</BRNN>
    <COAC>47,250000</COAC>
    <CORS>47,250000</CORS>
    <FOGN>47,250000</FOGN>
    <FRAN>47,250000</FRAN>
    <GREC>47,250000</GREC>
    <MFTV>47,250000</MFTV>
    <PRGP>87,880000</PRGP>
    <ROSN>47,250000</ROSN>
    <SLOV>47,250000</SLOV>
    <SVIZ>47,250000</SVIZ>
    <BSP>47,250000</BSP>
    <MALT>87,880000</MALT>
    <XAUS>47,250000</XAUS>
    <XFRA>47,250000</XFRA>
  </Prezzi>
  <Prezzi>
    <Data>20170810</Data>
    <Mercato>MGP</Mercato>
    <Ora>13</Ora>
    <PUN>50,037750</PUN>
    <NAT>47,250000</NAT>
    <CNOR>46,990000</CNOR>
    <CSUD>46,990000</CSUD>
    <NORD>46,990000</NORD>
    <SARD>46,990000</SARD>
    <SICI>87,880000</SICI>
    <SUD>46,990000</SUD>
    <AUST>46,990000</AUST>
    <BRNN>46,990000</BRNN>
    <COAC>46,990000</COAC>
    <CORS>46,990000</CORS>
    <FOGN>46,990000</FOGN>
    <FRAN>46,990000</FRAN>
    <GREC>46,990000</GREC>
    <MFTV>46,990000</MFTV>
    <PRGP>87,880000</PRGP>
    <ROSN>46,990000</ROSN>
    <SLOV>46,990000</SLOV>
    <SVIZ>46,990000</SVIZ>
    <BSP>46,990000</BSP>
    <MALT>87,880000</MALT>
    <XAUS>46,990000</XAUS>
    <XFRA>46,990000</XFRA>
  </Prezzi>
  <Prezzi>
    <Data>20170810</Data>
    <Mercato>MGP</Mercato>
    <Ora>14</Ora>
    <PUN>49,132920</PUN>
    <NAT>46,810000</NAT>
    <CNOR>46,130000</CNOR>
    <CSUD>46,130000</CSUD>
    <NORD>46,130000</NORD>
    <SARD>46,130000</SARD>
    <SICI>86,010000</SICI>
    <SUD>46,130000</SUD>
    <AUST>46,130000</AUST>
    <BRNN>46,130000</BRNN>
    <COAC>46,130000</COAC>
    <CORS>46,130000</CORS>
    <FOGN>46,130000</FOGN>
    <FRAN>46,130000</FRAN>
    <GREC>46,130000</GREC>
    <MFTV>46,130000</MFTV>
    <PRGP>86,010000</PRGP>
    <ROSN>46,130000</ROSN>
    <SLOV>46,130000</SLOV>
    <SVIZ>46,130000</SVIZ>
    <BSP>46,130000</BSP>
    <MALT>86,010000</MALT>
    <XAUS>46,130000</XAUS>
    <XFRA>46,130000</XFRA>
  </Prezzi>
  <Prezzi>
    <Data>20170810</Data>
    <Mercato>MGP</Mercato>
    <Ora>15</Ora>
    <PUN>49,896410</PUN>
    <NAT>47,250000</NAT>
    <CNOR>46,990000</CNOR>
    <CSUD>46,990000</CSUD>
    <NORD>46,990000</NORD>
    <SARD>46,990000</SARD>
    <SICI>86,010000</SICI>
    <SUD>46,990000</SUD>
    <AUST>46,990000</AUST>
    <BRNN>46,990000</BRNN>
    <COAC>46,990000</COAC>
    <CORS>46,990000</CORS>
    <FOGN>46,990000</FOGN>
    <FRAN>46,990000</FRAN>
    <GREC>46,990000</GREC>
    <MFTV>46,990000</MFTV>
    <PRGP>86,010000</PRGP>
    <ROSN>46,990000</ROSN>
    <SLOV>46,990000</SLOV>
    <SVIZ>46,990000</SVIZ>
    <BSP>46,990000</BSP>
    <MALT>86,010000</MALT>
    <XAUS>46,990000</XAUS>
    <XFRA>46,990000</XFRA>
  </Prezzi>
  <Prezzi>
    <Data>20170810</Data>
    <Mercato>MGP</Mercato>
    <Ora>16</Ora>
    <PUN>49,204890</PUN>
    <NAT>46,740000</NAT>
    <CNOR>46,130000</CNOR>
    <CSUD>46,130000</CSUD>
    <NORD>46,130000</NORD>
    <SARD>46,130000</SARD>
    <SICI>87,880000</SICI>
    <SUD>46,130000</SUD>
    <AUST>46,130000</AUST>
    <BRNN>46,130000</BRNN>
    <COAC>46,130000</COAC>
    <CORS>46,130000</CORS>
    <FOGN>46,130000</FOGN>
    <FRAN>46,130000</FRAN>
    <GREC>46,130000</GREC>
    <MFTV>46,130000</MFTV>
    <PRGP>87,880000</PRGP>
    <ROSN>46,130000</ROSN>
    <SLOV>46,130000</SLOV>
    <SVIZ>46,130000</SVIZ>
    <BSP>46,130000</BSP>
    <MALT>87,880000</MALT>
    <XAUS>46,130000</XAUS>
    <XFRA>46,130000</XFRA>
  </Prezzi>
  <Prezzi>
    <Data>20170810</Data>
    <Mercato>MGP</Mercato>
    <Ora>17</Ora>
    <PUN>50,167110</PUN>
    <NAT>47,860000</NAT>
    <CNOR>47,250000</CNOR>
    <CSUD>47,250000</CSUD>
    <NORD>47,250000</NORD>
    <SARD>47,250000</SARD>
    <SICI>86,530000</SICI>
    <SUD>47,250000</SUD>
    <AUST>47,250000</AUST>
    <BRNN>47,250000</BRNN>
    <COAC>47,250000</COAC>
    <CORS>47,250000</CORS>
    <FOGN>47,250000</FOGN>
    <FRAN>47,250000</FRAN>
    <GREC>47,250000</GREC>
    <MFTV>47,250000</MFTV>
    <PRGP>86,530000</PRGP>
    <ROSN>47,250000</ROSN>
    <SLOV>47,250000</SLOV>
    <SVIZ>47,250000</SVIZ>
    <BSP>47,250000</BSP>
    <MALT>86,530000</MALT>
    <XAUS>47,250000</XAUS>
    <XFRA>47,250000</XFRA>
  </Prezzi>
  <Prezzi>
    <Data>20170810</Data>
    <Mercato>MGP</Mercato>
    <Ora>18</Ora>
    <PUN>52,802620</PUN>
    <NAT>50,540000</NAT>
    <CNOR>49,900000</CNOR>
    <CSUD>49,900000</CSUD>
    <NORD>49,900000</NORD>
    <SARD>49,900000</SARD>
    <SICI>88,400000</SICI>
    <SUD>49,900000</SUD>
    <AUST>49,900000</AUST>
    <BRNN>49,900000</BRNN>
    <COAC>49,900000</COAC>
    <CORS>49,900000</CORS>
    <FOGN>49,900000</FOGN>
    <FRAN>49,900000</FRAN>
    <GREC>49,900000</GREC>
    <MFTV>49,900000</MFTV>
    <PRGP>88,400000</PRGP>
    <ROSN>49,900000</ROSN>
    <SLOV>49,900000</SLOV>
    <SVIZ>49,900000</SVIZ>
    <BSP>49,900000</BSP>
    <MALT>88,400000</MALT>
    <XAUS>49,900000</XAUS>
    <XFRA>49,900000</XFRA>
  </Prezzi>
  <Prezzi>
    <Data>20170810</Data>
    <Mercato>MGP</Mercato>
    <Ora>19</Ora>
    <PUN>53,936210</PUN>
    <NAT>51,330000</NAT>
    <CNOR>50,540000</CNOR>
    <CSUD>50,540000</CSUD>
    <NORD>50,540000</NORD>
    <SARD>50,540000</SARD>
    <SICI>96,270000</SICI>
    <SUD>50,540000</SUD>
    <AUST>50,540000</AUST>
    <BRNN>50,540000</BRNN>
    <COAC>50,540000</COAC>
    <CORS>50,540000</CORS>
    <FOGN>50,540000</FOGN>
    <FRAN>50,540000</FRAN>
    <GREC>50,540000</GREC>
    <MFTV>50,540000</MFTV>
    <PRGP>96,270000</PRGP>
    <ROSN>50,540000</ROSN>
    <SLOV>50,540000</SLOV>
    <SVIZ>50,540000</SVIZ>
    <BSP>50,540000</BSP>
    <MALT>96,270000</MALT>
    <XAUS>50,540000</XAUS>
    <XFRA>50,540000</XFRA>
  </Prezzi>
  <Prezzi>
    <Data>20170810</Data>
    <Mercato>MGP</Mercato>
    <Ora>20</Ora>
    <PUN>54,703980</PUN>
    <NAT>59,750000</NAT>
    <CNOR>51,330000</CNOR>
    <CSUD>51,330000</CSUD>
    <NORD>51,330000</NORD>
    <SARD>51,330000</SARD>
    <SICI>96,270000</SICI>
    <SUD>51,330000</SUD>
    <AUST>51,330000</AUST>
    <BRNN>51,330000</BRNN>
    <COAC>51,330000</COAC>
    <CORS>51,330000</CORS>
    <FOGN>51,330000</FOGN>
    <FRAN>51,330000</FRAN>
    <GREC>51,330000</GREC>
    <MFTV>51,330000</MFTV>
    <PRGP>96,270000</PRGP>
    <ROSN>51,330000</ROSN>
    <SLOV>51,330000</SLOV>
    <SVIZ>51,330000</SVIZ>
    <BSP>51,330000</BSP>
    <MALT>96,270000</MALT>
    <XAUS>51,330000</XAUS>
    <XFRA>51,330000</XFRA>
  </Prezzi>
  <Prezzi>
    <Data>20170810</Data>
    <Mercato>MGP</Mercato>
    <Ora>21</Ora>
    <PUN>54,876370</PUN>
    <NAT>66,700000</NAT>
    <CNOR>51,330000</CNOR>
    <CSUD>51,330000</CSUD>
    <NORD>51,330000</NORD>
    <SARD>51,330000</SARD>
    <SICI>96,270000</SICI>
    <SUD>51,330000</SUD>
    <AUST>51,330000</AUST>
    <BRNN>51,330000</BRNN>
    <COAC>51,330000</COAC>
    <CORS>51,330000</CORS>
    <FOGN>51,330000</FOGN>
    <FRAN>51,330000</FRAN>
    <GREC>51,330000</GREC>
    <MFTV>51,330000</MFTV>
    <PRGP>96,270000</PRGP>
    <ROSN>51,330000</ROSN>
    <SLOV>51,330000</SLOV>
    <SVIZ>51,330000</SVIZ>
    <BSP>51,330000</BSP>
    <MALT>96,270000</MALT>
    <XAUS>51,330000</XAUS>
    <XFRA>51,330000</XFRA>
  </Prezzi>
  <Prezzi>
    <Data>20170810</Data>
    <Mercato>MGP</Mercato>
    <Ora>22</Ora>
    <PUN>55,079640</PUN>
    <NAT>63,900000</NAT>
    <CNOR>51,650000</CNOR>
    <CSUD>51,650000</CSUD>
    <NORD>51,650000</NORD>
    <SARD>51,650000</SARD>
    <SICI>96,270000</SICI>
    <SUD>51,650000</SUD>
    <AUST>51,650000</AUST>
    <BRNN>51,650000</BRNN>
    <COAC>51,650000</COAC>
    <CORS>51,650000</CORS>
    <FOGN>51,650000</FOGN>
    <FRAN>51,650000</FRAN>
    <GREC>51,650000</GREC>
    <MFTV>51,650000</MFTV>
    <PRGP>96,270000</PRGP>
    <ROSN>51,650000</ROSN>
    <SLOV>51,650000</SLOV>
    <SVIZ>51,650000</SVIZ>
    <BSP>51,650000</BSP>
    <MALT>96,270000</MALT>
    <XAUS>51,650000</XAUS>
    <XFRA>51,650000</XFRA>
  </Prezzi>
  <Prezzi>
    <Data>20170810</Data>
    <Mercato>MGP</Mercato>
    <Ora>23</Ora>
    <PUN>53,586500</PUN>
    <NAT>51,330000</NAT>
    <CNOR>50,000000</CNOR>
    <CSUD>50,000000</CSUD>
    <NORD>50,000000</NORD>
    <SARD>50,000000</SARD>
    <SICI>96,270000</SICI>
    <SUD>50,000000</SUD>
    <AUST>50,000000</AUST>
    <BRNN>50,000000</BRNN>
    <COAC>50,000000</COAC>
    <CORS>50,000000</CORS>
    <FOGN>50,000000</FOGN>
    <FRAN>50,000000</FRAN>
    <GREC>50,000000</GREC>
    <MFTV>50,000000</MFTV>
    <PRGP>96,270000</PRGP>
    <ROSN>50,000000</ROSN>
    <SLOV>50,000000</SLOV>
    <SVIZ>50,000000</SVIZ>
    <BSP>50,000000</BSP>
    <MALT>96,270000</MALT>
    <XAUS>50,000000</XAUS>
    <XFRA>50,000000</XFRA>
  </Prezzi>
  <Prezzi>
    <Data>20170810</Data>
    <Mercato>MGP</Mercato>
    <Ora>24</Ora>
    <PUN>50,137020</PUN>
    <NAT>47,860000</NAT>
    <CNOR>46,810000</CNOR>
    <CSUD>46,810000</CSUD>
    <NORD>46,810000</NORD>
    <SARD>46,810000</SARD>
    <SICI>88,480000</SICI>
    <SUD>46,810000</SUD>
    <AUST>46,810000</AUST>
    <BRNN>46,810000</BRNN>
    <COAC>46,810000</COAC>
    <CORS>46,810000</CORS>
    <FOGN>46,810000</FOGN>
    <FRAN>46,810000</FRAN>
    <GREC>46,810000</GREC>
    <MFTV>46,810000</MFTV>
    <PRGP>88,480000</PRGP>
    <ROSN>46,810000</ROSN>
    <SLOV>46,810000</SLOV>
    <SVIZ>46,810000</SVIZ>
    <BSP>46,810000</BSP>
    <MALT>88,480000</MALT>
    <XAUS>46,810000</XAUS>
    <XFRA>46,810000</XFRA>
  </Prezzi>
</NewDataSet>