<?xml version="1.0" standalone="yes"?>
<NewDataSet>
  <xs:schema id="NewDataSet" xmlns="" xmlns:xs="http://www.w3.org/2001/XMLSchema" xmlns:msdata="urn:schemas-microsoft-com:xml-msdata">
    <xs:element name="NewDataSet" msdata:IsDataSet="true" msdata:UseCurrentLocale="true">
      <xs:complexType>
        <xs:choice minOccurs="0" maxOccurs="unbounded">
          <xs:element name="Prezzi">
            <xs:complexType>
              <xs:sequence>
                <xs:element name="Data" type="xs:string" minOccurs="0" />
                <xs:element name="Mercato" type="xs:string" minOccurs="0" />
                <xs:element name="Ora" type="xs:string" minOccurs="0" />
                <xs:element name="PUN" type="xs:string" minOccurs="0" />
                <xs:element name="NAT" type="xs:string" minOccurs="0" />
                <xs:element name="CNOR" type="xs:string" minOccurs="0" />
                <xs:element name="CSUD" type="xs:string" minOccurs="0" />
                <xs:element name="NORD" type="xs:string" minOccurs="0" />
                <xs:element name="SARD" type="xs:string" minOccurs="0" />
                <xs:element name="SICI" type="xs:string" minOccurs="0" />
                <xs:element name="SUD" type="xs:string" minOccurs="0" />
                <xs:element name="AUST" type="xs:string" minOccurs="0" />
                <xs:element name="BRNN" type="xs:string" minOccurs="0" />
                <xs:element name="COAC" type="xs:string" minOccurs="0" />
                <xs:element name="CORS" type="xs:string" minOccurs="0" />
                <xs:element name="FOGN" type="xs:string" minOccurs="0" />
                <xs:element name="FRAN" type="xs:string" minOccurs="0" />
                <xs:element name="GREC" type="xs:string" minOccurs="0" />
                <xs:element name="MFTV" type="xs:string" minOccurs="0" />
                <xs:element name="PRGP" type="xs:string" minOccurs="0" />
                <xs:element name="ROSN" type="xs:string" minOccurs="0" />
                <xs:element name="SLOV" type="xs:string" minOccurs="0" />
                <xs:element name="SVIZ" type="xs:string" minOccurs="0" />
                <xs:element name="BSP" type="xs:string" minOccurs="0" />
                <xs:element name="MALT" type="xs:string" minOccurs="0" />
                <xs:element name="XAUS" type="xs:string" minOccurs="0" />
                <xs:element name="XFRA" type="xs:string" minOccurs="0" />
              </xs:sequence>
            </xs:complexType>
          </xs:element>
        </xs:choice>
      </xs:complexType>
    </xs:element>
  </xs:schema>
  <Prezzi>
    <Data>20170813</Data>
    <Mercato>MGP</Mercato>
    <Ora>1</Ora>
    <PUN>44,393150</PUN>
    <NAT>43,000000</NAT>
    <CNOR>43,000000</CNOR>
    <CSUD>43,000000</CSUD>
    <NORD>43,000000</NORD>
    <SARD>43,000000</SARD>
    <SICI>60,680000</SICI>
    <SUD>43,000000</SUD>
    <AUST>43,000000</AUST>
    <BRNN>43,000000</BRNN>
    <COAC>43,000000</COAC>
    <CORS>43,000000</CORS>
    <FOGN>43,000000</FOGN>
    <FRAN>43,000000</FRAN>
    <GREC>43,000000</GREC>
    <MFTV>43,000000</MFTV>
    <PRGP>60,680000</PRGP>
    <ROSN>43,000000</ROSN>
    <SLOV>43,000000</SLOV>
    <SVIZ>43,000000</SVIZ>
    <BSP>43,000000</BSP>
    <MALT>60,680000</MALT>
    <XAUS>43,000000</XAUS>
    <XFRA>43,000000</XFRA>
  </Prezzi>
  <Prezzi>
    <Data>20170813</Data>
    <Mercato>MGP</Mercato>
    <Ora>2</Ora>
    <PUN>40,040000</PUN>
    <NAT>40,040000</NAT>
    <CNOR>40,040000</CNOR>
    <CSUD>40,040000</CSUD>
    <NORD>40,040000</NORD>
    <SARD>40,040000</SARD>
    <SICI>40,040000</SICI>
    <SUD>40,040000</SUD>
    <AUST>40,040000</AUST>
    <BRNN>40,040000</BRNN>
    <COAC>40,040000</COAC>
    <CORS>40,040000</CORS>
    <FOGN>40,040000</FOGN>
    <FRAN>40,040000</FRAN>
    <GREC>40,040000</GREC>
    <MFTV>40,040000</MFTV>
    <PRGP>40,040000</PRGP>
    <ROSN>40,040000</ROSN>
    <SLOV>40,040000</SLOV>
    <SVIZ>40,040000</SVIZ>
    <BSP>40,040000</BSP>
    <MALT>40,040000</MALT>
    <XAUS>40,040000</XAUS>
    <XFRA>40,040000</XFRA>
  </Prezzi>
  <Prezzi>
    <Data>20170813</Data>
    <Mercato>MGP</Mercato>
    <Ora>3</Ora>
    <PUN>39,060000</PUN>
    <NAT>39,060000</NAT>
    <CNOR>39,060000</CNOR>
    <CSUD>39,060000</CSUD>
    <NORD>39,060000</NORD>
    <SARD>39,060000</SARD>
    <SICI>39,060000</SICI>
    <SUD>39,060000</SUD>
    <AUST>39,060000</AUST>
    <BRNN>39,060000</BRNN>
    <COAC>39,060000</COAC>
    <CORS>39,060000</CORS>
    <FOGN>39,060000</FOGN>
    <FRAN>39,060000</FRAN>
    <GREC>39,060000</GREC>
    <MFTV>39,060000</MFTV>
    <PRGP>39,060000</PRGP>
    <ROSN>39,060000</ROSN>
    <SLOV>39,060000</SLOV>
    <SVIZ>39,060000</SVIZ>
    <BSP>39,060000</BSP>
    <MALT>39,060000</MALT>
    <XAUS>39,060000</XAUS>
    <XFRA>39,060000</XFRA>
  </Prezzi>
  <Prezzi>
    <Data>20170813</Data>
    <Mercato>MGP</Mercato>
    <Ora>4</Ora>
    <PUN>38,000000</PUN>
    <NAT>38,000000</NAT>
    <CNOR>38,000000</CNOR>
    <CSUD>38,000000</CSUD>
    <NORD>38,000000</NORD>
    <SARD>38,000000</SARD>
    <SICI>38,000000</SICI>
    <SUD>38,000000</SUD>
    <AUST>38,000000</AUST>
    <BRNN>38,000000</BRNN>
    <COAC>38,000000</COAC>
    <CORS>38,000000</CORS>
    <FOGN>38,000000</FOGN>
    <FRAN>38,000000</FRAN>
    <GREC>38,000000</GREC>
    <MFTV>38,000000</MFTV>
    <PRGP>38,000000</PRGP>
    <ROSN>38,000000</ROSN>
    <SLOV>38,000000</SLOV>
    <SVIZ>38,000000</SVIZ>
    <BSP>38,000000</BSP>
    <MALT>38,000000</MALT>
    <XAUS>38,000000</XAUS>
    <XFRA>38,000000</XFRA>
  </Prezzi>
  <Prezzi>
    <Data>20170813</Data>
    <Mercato>MGP</Mercato>
    <Ora>5</Ora>
    <PUN>37,010000</PUN>
    <NAT>37,010000</NAT>
    <CNOR>37,010000</CNOR>
    <CSUD>37,010000</CSUD>
    <NORD>37,010000</NORD>
    <SARD>37,010000</SARD>
    <SICI>37,010000</SICI>
    <SUD>37,010000</SUD>
    <AUST>37,010000</AUST>
    <BRNN>37,010000</BRNN>
    <COAC>37,010000</COAC>
    <CORS>37,010000</CORS>
    <FOGN>37,010000</FOGN>
    <FRAN>37,010000</FRAN>
    <GREC>37,010000</GREC>
    <MFTV>37,010000</MFTV>
    <PRGP>37,010000</PRGP>
    <ROSN>37,010000</ROSN>
    <SLOV>37,010000</SLOV>
    <SVIZ>37,010000</SVIZ>
    <BSP>37,010000</BSP>
    <MALT>37,010000</MALT>
    <XAUS>37,010000</XAUS>
    <XFRA>37,010000</XFRA>
  </Prezzi>
  <Prezzi>
    <Data>20170813</Data>
    <Mercato>MGP</Mercato>
    <Ora>6</Ora>
    <PUN>40,040000</PUN>
    <NAT>40,040000</NAT>
    <CNOR>40,040000</CNOR>
    <CSUD>40,040000</CSUD>
    <NORD>40,040000</NORD>
    <SARD>40,040000</SARD>
    <SICI>40,040000</SICI>
    <SUD>40,040000</SUD>
    <AUST>40,040000</AUST>
    <BRNN>40,040000</BRNN>
    <COAC>40,040000</COAC>
    <CORS>40,040000</CORS>
    <FOGN>40,040000</FOGN>
    <FRAN>40,040000</FRAN>
    <GREC>40,040000</GREC>
    <MFTV>40,040000</MFTV>
    <PRGP>40,040000</PRGP>
    <ROSN>40,040000</ROSN>
    <SLOV>40,040000</SLOV>
    <SVIZ>40,040000</SVIZ>
    <BSP>40,040000</BSP>
    <MALT>40,040000</MALT>
    <XAUS>40,040000</XAUS>
    <XFRA>40,040000</XFRA>
  </Prezzi>
  <Prezzi>
    <Data>20170813</Data>
    <Mercato>MGP</Mercato>
    <Ora>7</Ora>
    <PUN>38,080000</PUN>
    <NAT>38,080000</NAT>
    <CNOR>38,080000</CNOR>
    <CSUD>38,080000</CSUD>
    <NORD>38,080000</NORD>
    <SARD>38,080000</SARD>
    <SICI>38,080000</SICI>
    <SUD>38,080000</SUD>
    <AUST>38,080000</AUST>
    <BRNN>38,080000</BRNN>
    <COAC>38,080000</COAC>
    <CORS>38,080000</CORS>
    <FOGN>38,080000</FOGN>
    <FRAN>38,080000</FRAN>
    <GREC>38,080000</GREC>
    <MFTV>38,080000</MFTV>
    <PRGP>38,080000</PRGP>
    <ROSN>38,080000</ROSN>
    <SLOV>38,080000</SLOV>
    <SVIZ>38,080000</SVIZ>
    <BSP>38,080000</BSP>
    <MALT>38,080000</MALT>
    <XAUS>38,080000</XAUS>
    <XFRA>38,080000</XFRA>
  </Prezzi>
  <Prezzi>
    <Data>20170813</Data>
    <Mercato>MGP</Mercato>
    <Ora>8</Ora>
    <PUN>37,620000</PUN>
    <NAT>37,620000</NAT>
    <CNOR>37,620000</CNOR>
    <CSUD>37,620000</CSUD>
    <NORD>37,620000</NORD>
    <SARD>37,620000</SARD>
    <SICI>37,620000</SICI>
    <SUD>37,620000</SUD>
    <AUST>37,620000</AUST>
    <BRNN>37,620000</BRNN>
    <COAC>37,620000</COAC>
    <CORS>37,620000</CORS>
    <FOGN>37,620000</FOGN>
    <FRAN>37,620000</FRAN>
    <GREC>37,620000</GREC>
    <MFTV>37,620000</MFTV>
    <PRGP>37,620000</PRGP>
    <ROSN>37,620000</ROSN>
    <SLOV>37,620000</SLOV>
    <SVIZ>37,620000</SVIZ>
    <BSP>37,620000</BSP>
    <MALT>37,620000</MALT>
    <XAUS>37,620000</XAUS>
    <XFRA>37,620000</XFRA>
  </Prezzi>
  <Prezzi>
    <Data>20170813</Data>
    <Mercato>MGP</Mercato>
    <Ora>9</Ora>
    <PUN>36,610000</PUN>
    <NAT>36,610000</NAT>
    <CNOR>36,610000</CNOR>
    <CSUD>36,610000</CSUD>
    <NORD>36,610000</NORD>
    <SARD>36,610000</SARD>
    <SICI>36,610000</SICI>
    <SUD>36,610000</SUD>
    <AUST>36,610000</AUST>
    <BRNN>36,610000</BRNN>
    <COAC>36,610000</COAC>
    <CORS>36,610000</CORS>
    <FOGN>36,610000</FOGN>
    <FRAN>36,610000</FRAN>
    <GREC>36,610000</GREC>
    <MFTV>36,610000</MFTV>
    <PRGP>36,610000</PRGP>
    <ROSN>36,610000</ROSN>
    <SLOV>36,610000</SLOV>
    <SVIZ>36,610000</SVIZ>
    <BSP>36,610000</BSP>
    <MALT>36,610000</MALT>
    <XAUS>36,610000</XAUS>
    <XFRA>36,610000</XFRA>
  </Prezzi>
  <Prezzi>
    <Data>20170813</Data>
    <Mercato>MGP</Mercato>
    <Ora>10</Ora>
    <PUN>35,100000</PUN>
    <NAT>35,100000</NAT>
    <CNOR>35,100000</CNOR>
    <CSUD>35,100000</CSUD>
    <NORD>35,100000</NORD>
    <SARD>35,100000</SARD>
    <SICI>35,100000</SICI>
    <SUD>35,100000</SUD>
    <AUST>35,100000</AUST>
    <BRNN>35,100000</BRNN>
    <COAC>35,100000</COAC>
    <CORS>35,100000</CORS>
    <FOGN>35,100000</FOGN>
    <FRAN>35,100000</FRAN>
    <GREC>35,100000</GREC>
    <MFTV>35,100000</MFTV>
    <PRGP>35,100000</PRGP>
    <ROSN>35,100000</ROSN>
    <SLOV>35,100000</SLOV>
    <SVIZ>35,100000</SVIZ>
    <BSP>35,100000</BSP>
    <MALT>35,100000</MALT>
    <XAUS>35,100000</XAUS>
    <XFRA>35,100000</XFRA>
  </Prezzi>
  <Prezzi>
    <Data>20170813</Data>
    <Mercato>MGP</Mercato>
    <Ora>11</Ora>
    <PUN>36,640000</PUN>
    <NAT>36,640000</NAT>
    <CNOR>36,640000</CNOR>
    <CSUD>36,640000</CSUD>
    <NORD>36,640000</NORD>
    <SARD>36,640000</SARD>
    <SICI>36,640000</SICI>
    <SUD>36,640000</SUD>
    <AUST>36,640000</AUST>
    <BRNN>36,640000</BRNN>
    <COAC>36,640000</COAC>
    <CORS>36,640000</CORS>
    <FOGN>36,640000</FOGN>
    <FRAN>36,640000</FRAN>
    <GREC>36,640000</GREC>
    <MFTV>36,640000</MFTV>
    <PRGP>36,640000</PRGP>
    <ROSN>36,640000</ROSN>
    <SLOV>36,640000</SLOV>
    <SVIZ>36,640000</SVIZ>
    <BSP>36,640000</BSP>
    <MALT>36,640000</MALT>
    <XAUS>36,640000</XAUS>
    <XFRA>36,640000</XFRA>
  </Prezzi>
  <Prezzi>
    <Data>20170813</Data>
    <Mercato>MGP</Mercato>
    <Ora>12</Ora>
    <PUN>35,010000</PUN>
    <NAT>35,100000</NAT>
    <CNOR>35,010000</CNOR>
    <CSUD>35,010000</CSUD>
    <NORD>35,010000</NORD>
    <SARD>35,010000</SARD>
    <SICI>35,010000</SICI>
    <SUD>35,010000</SUD>
    <AUST>35,010000</AUST>
    <BRNN>35,010000</BRNN>
    <COAC>35,010000</COAC>
    <CORS>35,010000</CORS>
    <FOGN>35,010000</FOGN>
    <FRAN>35,010000</FRAN>
    <GREC>35,010000</GREC>
    <MFTV>35,010000</MFTV>
    <PRGP>35,010000</PRGP>
    <ROSN>35,010000</ROSN>
    <SLOV>35,010000</SLOV>
    <SVIZ>35,010000</SVIZ>
    <BSP>35,010000</BSP>
    <MALT>35,010000</MALT>
    <XAUS>35,010000</XAUS>
    <XFRA>35,010000</XFRA>
  </Prezzi>
  <Prezzi>
    <Data>20170813</Data>
    <Mercato>MGP</Mercato>
    <Ora>13</Ora>
    <PUN>32,630000</PUN>
    <NAT>32,630000</NAT>
    <CNOR>32,630000</CNOR>
    <CSUD>32,630000</CSUD>
    <NORD>32,630000</NORD>
    <SARD>32,630000</SARD>
    <SICI>32,630000</SICI>
    <SUD>32,630000</SUD>
    <AUST>32,630000</AUST>
    <BRNN>32,630000</BRNN>
    <COAC>32,630000</COAC>
    <CORS>32,630000</CORS>
    <FOGN>32,630000</FOGN>
    <FRAN>32,630000</FRAN>
    <GREC>32,630000</GREC>
    <MFTV>32,630000</MFTV>
    <PRGP>32,630000</PRGP>
    <ROSN>32,630000</ROSN>
    <SLOV>32,630000</SLOV>
    <SVIZ>32,630000</SVIZ>
    <BSP>32,630000</BSP>
    <MALT>32,630000</MALT>
    <XAUS>32,630000</XAUS>
    <XFRA>32,630000</XFRA>
  </Prezzi>
  <Prezzi>
    <Data>20170813</Data>
    <Mercato>MGP</Mercato>
    <Ora>14</Ora>
    <PUN>32,400000</PUN>
    <NAT>32,400000</NAT>
    <CNOR>32,400000</CNOR>
    <CSUD>32,400000</CSUD>
    <NORD>32,400000</NORD>
    <SARD>32,400000</SARD>
    <SICI>32,400000</SICI>
    <SUD>32,400000</SUD>
    <AUST>32,400000</AUST>
    <BRNN>32,400000</BRNN>
    <COAC>32,400000</COAC>
    <CORS>32,400000</CORS>
    <FOGN>32,400000</FOGN>
    <FRAN>32,400000</FRAN>
    <GREC>32,400000</GREC>
    <MFTV>32,400000</MFTV>
    <PRGP>32,400000</PRGP>
    <ROSN>32,400000</ROSN>
    <SLOV>32,400000</SLOV>
    <SVIZ>32,400000</SVIZ>
    <BSP>32,400000</BSP>
    <MALT>32,400000</MALT>
    <XAUS>32,400000</XAUS>
    <XFRA>32,400000</XFRA>
  </Prezzi>
  <Prezzi>
    <Data>20170813</Data>
    <Mercato>MGP</Mercato>
    <Ora>15</Ora>
    <PUN>32,400000</PUN>
    <NAT>32,400000</NAT>
    <CNOR>32,400000</CNOR>
    <CSUD>32,400000</CSUD>
    <NORD>32,400000</NORD>
    <SARD>32,400000</SARD>
    <SICI>32,400000</SICI>
    <SUD>32,400000</SUD>
    <AUST>32,400000</AUST>
    <BRNN>32,400000</BRNN>
    <COAC>32,400000</COAC>
    <CORS>32,400000</CORS>
    <FOGN>32,400000</FOGN>
    <FRAN>32,400000</FRAN>
    <GREC>32,400000</GREC>
    <MFTV>32,400000</MFTV>
    <PRGP>32,400000</PRGP>
    <ROSN>32,400000</ROSN>
    <SLOV>32,400000</SLOV>
    <SVIZ>32,400000</SVIZ>
    <BSP>32,400000</BSP>
    <MALT>32,400000</MALT>
    <XAUS>32,400000</XAUS>
    <XFRA>32,400000</XFRA>
  </Prezzi>
  <Prezzi>
    <Data>20170813</Data>
    <Mercato>MGP</Mercato>
    <Ora>16</Ora>
    <PUN>32,610000</PUN>
    <NAT>32,610000</NAT>
    <CNOR>32,610000</CNOR>
    <CSUD>32,610000</CSUD>
    <NORD>32,610000</NORD>
    <SARD>32,610000</SARD>
    <SICI>32,610000</SICI>
    <SUD>32,610000</SUD>
    <AUST>32,610000</AUST>
    <BRNN>32,610000</BRNN>
    <COAC>32,610000</COAC>
    <CORS>32,610000</CORS>
    <FOGN>32,610000</FOGN>
    <FRAN>32,610000</FRAN>
    <GREC>32,610000</GREC>
    <MFTV>32,610000</MFTV>
    <PRGP>32,610000</PRGP>
    <ROSN>32,610000</ROSN>
    <SLOV>32,610000</SLOV>
    <SVIZ>32,610000</SVIZ>
    <BSP>32,610000</BSP>
    <MALT>32,610000</MALT>
    <XAUS>32,610000</XAUS>
    <XFRA>32,610000</XFRA>
  </Prezzi>
  <Prezzi>
    <Data>20170813</Data>
    <Mercato>MGP</Mercato>
    <Ora>17</Ora>
    <PUN>36,930000</PUN>
    <NAT>36,930000</NAT>
    <CNOR>36,930000</CNOR>
    <CSUD>36,930000</CSUD>
    <NORD>36,930000</NORD>
    <SARD>36,930000</SARD>
    <SICI>36,930000</SICI>
    <SUD>36,930000</SUD>
    <AUST>36,930000</AUST>
    <BRNN>36,930000</BRNN>
    <COAC>36,930000</COAC>
    <CORS>36,930000</CORS>
    <FOGN>36,930000</FOGN>
    <FRAN>36,930000</FRAN>
    <GREC>36,930000</GREC>
    <MFTV>36,930000</MFTV>
    <PRGP>36,930000</PRGP>
    <ROSN>36,930000</ROSN>
    <SLOV>36,930000</SLOV>
    <SVIZ>36,930000</SVIZ>
    <BSP>36,930000</BSP>
    <MALT>36,930000</MALT>
    <XAUS>36,930000</XAUS>
    <XFRA>36,930000</XFRA>
  </Prezzi>
  <Prezzi>
    <Data>20170813</Data>
    <Mercato>MGP</Mercato>
    <Ora>18</Ora>
    <PUN>40,040000</PUN>
    <NAT>40,040000</NAT>
    <CNOR>40,040000</CNOR>
    <CSUD>40,040000</CSUD>
    <NORD>40,040000</NORD>
    <SARD>40,040000</SARD>
    <SICI>40,040000</SICI>
    <SUD>40,040000</SUD>
    <AUST>40,040000</AUST>
    <BRNN>40,040000</BRNN>
    <COAC>40,040000</COAC>
    <CORS>40,040000</CORS>
    <FOGN>40,040000</FOGN>
    <FRAN>40,040000</FRAN>
    <GREC>40,040000</GREC>
    <MFTV>40,040000</MFTV>
    <PRGP>40,040000</PRGP>
    <ROSN>40,040000</ROSN>
    <SLOV>40,040000</SLOV>
    <SVIZ>40,040000</SVIZ>
    <BSP>40,040000</BSP>
    <MALT>40,040000</MALT>
    <XAUS>40,040000</XAUS>
    <XFRA>40,040000</XFRA>
  </Prezzi>
  <Prezzi>
    <Data>20170813</Data>
    <Mercato>MGP</Mercato>
    <Ora>19</Ora>
    <PUN>43,280000</PUN>
    <NAT>43,280000</NAT>
    <CNOR>43,280000</CNOR>
    <CSUD>43,280000</CSUD>
    <NORD>43,280000</NORD>
    <SARD>43,280000</SARD>
    <SICI>43,280000</SICI>
    <SUD>43,280000</SUD>
    <AUST>43,280000</AUST>
    <BRNN>43,280000</BRNN>
    <COAC>43,280000</COAC>
    <CORS>43,280000</CORS>
    <FOGN>43,280000</FOGN>
    <FRAN>43,280000</FRAN>
    <GREC>43,280000</GREC>
    <MFTV>43,280000</MFTV>
    <PRGP>43,280000</PRGP>
    <ROSN>43,280000</ROSN>
    <SLOV>43,280000</SLOV>
    <SVIZ>43,280000</SVIZ>
    <BSP>43,280000</BSP>
    <MALT>43,280000</MALT>
    <XAUS>43,280000</XAUS>
    <XFRA>43,280000</XFRA>
  </Prezzi>
  <Prezzi>
    <Data>20170813</Data>
    <Mercato>MGP</Mercato>
    <Ora>20</Ora>
    <PUN>49,309090</PUN>
    <NAT>46,800000</NAT>
    <CNOR>46,800000</CNOR>
    <CSUD>46,800000</CSUD>
    <NORD>46,800000</NORD>
    <SARD>46,800000</SARD>
    <SICI>79,980000</SICI>
    <SUD>46,800000</SUD>
    <AUST>46,800000</AUST>
    <BRNN>46,800000</BRNN>
    <COAC>46,800000</COAC>
    <CORS>46,800000</CORS>
    <FOGN>46,800000</FOGN>
    <FRAN>46,800000</FRAN>
    <GREC>46,800000</GREC>
    <MFTV>46,800000</MFTV>
    <PRGP>79,980000</PRGP>
    <ROSN>46,800000</ROSN>
    <SLOV>46,800000</SLOV>
    <SVIZ>46,800000</SVIZ>
    <BSP>46,800000</BSP>
    <MALT>79,980000</MALT>
    <XAUS>46,800000</XAUS>
    <XFRA>46,800000</XFRA>
  </Prezzi>
  <Prezzi>
    <Data>20170813</Data>
    <Mercato>MGP</Mercato>
    <Ora>21</Ora>
    <PUN>53,234230</PUN>
    <NAT>51,330000</NAT>
    <CNOR>50,540000</CNOR>
    <CSUD>50,540000</CSUD>
    <NORD>50,540000</NORD>
    <SARD>50,540000</SARD>
    <SICI>84,400000</SICI>
    <SUD>50,540000</SUD>
    <AUST>50,540000</AUST>
    <BRNN>50,540000</BRNN>
    <COAC>50,540000</COAC>
    <CORS>50,540000</CORS>
    <FOGN>50,540000</FOGN>
    <FRAN>50,540000</FRAN>
    <GREC>50,540000</GREC>
    <MFTV>50,540000</MFTV>
    <PRGP>84,400000</PRGP>
    <ROSN>50,540000</ROSN>
    <SLOV>50,540000</SLOV>
    <SVIZ>50,540000</SVIZ>
    <BSP>50,540000</BSP>
    <MALT>84,400000</MALT>
    <XAUS>50,540000</XAUS>
    <XFRA>50,540000</XFRA>
  </Prezzi>
  <Prezzi>
    <Data>20170813</Data>
    <Mercato>MGP</Mercato>
    <Ora>22</Ora>
    <PUN>53,863820</PUN>
    <NAT>52,740000</NAT>
    <CNOR>51,330000</CNOR>
    <CSUD>51,330000</CSUD>
    <NORD>51,330000</NORD>
    <SARD>51,330000</SARD>
    <SICI>84,400000</SICI>
    <SUD>51,330000</SUD>
    <AUST>51,330000</AUST>
    <BRNN>51,330000</BRNN>
    <COAC>51,330000</COAC>
    <CORS>51,330000</CORS>
    <FOGN>51,330000</FOGN>
    <FRAN>51,330000</FRAN>
    <GREC>51,330000</GREC>
    <MFTV>51,330000</MFTV>
    <PRGP>84,400000</PRGP>
    <ROSN>51,330000</ROSN>
    <SLOV>51,330000</SLOV>
    <SVIZ>51,330000</SVIZ>
    <BSP>51,330000</BSP>
    <MALT>84,400000</MALT>
    <XAUS>51,330000</XAUS>
    <XFRA>51,330000</XFRA>
  </Prezzi>
  <Prezzi>
    <Data>20170813</Data>
    <Mercato>MGP</Mercato>
    <Ora>23</Ora>
    <PUN>49,831170</PUN>
    <NAT>49,000000</NAT>
    <CNOR>47,000000</CNOR>
    <CSUD>47,000000</CSUD>
    <NORD>47,000000</NORD>
    <SARD>47,000000</SARD>
    <SICI>84,280000</SICI>
    <SUD>47,000000</SUD>
    <AUST>47,000000</AUST>
    <BRNN>47,000000</BRNN>
    <COAC>47,000000</COAC>
    <CORS>47,000000</CORS>
    <FOGN>47,000000</FOGN>
    <FRAN>47,000000</FRAN>
    <GREC>47,000000</GREC>
    <MFTV>47,000000</MFTV>
    <PRGP>84,280000</PRGP>
    <ROSN>47,000000</ROSN>
    <SLOV>47,000000</SLOV>
    <SVIZ>47,000000</SVIZ>
    <BSP>47,000000</BSP>
    <MALT>84,280000</MALT>
    <XAUS>47,000000</XAUS>
    <XFRA>47,000000</XFRA>
  </Prezzi>
  <Prezzi>
    <Data>20170813</Data>
    <Mercato>MGP</Mercato>
    <Ora>24</Ora>
    <PUN>45,156830</PUN>
    <NAT>44,000000</NAT>
    <CNOR>42,220000</CNOR>
    <CSUD>42,220000</CSUD>
    <NORD>42,220000</NORD>
    <SARD>42,220000</SARD>
    <SICI>79,990000</SICI>
    <SUD>42,220000</SUD>
    <AUST>42,220000</AUST>
    <BRNN>42,220000</BRNN>
    <COAC>42,220000</COAC>
    <CORS>42,220000</CORS>
    <FOGN>42,220000</FOGN>
    <FRAN>42,220000</FRAN>
    <GREC>42,220000</GREC>
    <MFTV>42,220000</MFTV>
    <PRGP>79,990000</PRGP>
    <ROSN>42,220000</ROSN>
    <SLOV>42,220000</SLOV>
    <SVIZ>42,220000</SVIZ>
    <BSP>42,220000</BSP>
    <MALT>79,990000</MALT>
    <XAUS>42,220000</XAUS>
    <XFRA>42,220000</XFRA>
  </Prezzi>
</NewDataSet>