<?xml version="1.0" standalone="yes"?>
<NewDataSet>
  <xs:schema id="NewDataSet" xmlns="" xmlns:xs="http://www.w3.org/2001/XMLSchema" xmlns:msdata="urn:schemas-microsoft-com:xml-msdata">
    <xs:element name="NewDataSet" msdata:IsDataSet="true" msdata:UseCurrentLocale="true">
      <xs:complexType>
        <xs:choice minOccurs="0" maxOccurs="unbounded">
          <xs:element name="Prezzi">
            <xs:complexType>
              <xs:sequence>
                <xs:element name="Data" type="xs:string" minOccurs="0" />
                <xs:element name="Mercato" type="xs:string" minOccurs="0" />
                <xs:element name="Ora" type="xs:string" minOccurs="0" />
                <xs:element name="PUN" type="xs:string" minOccurs="0" />
                <xs:element name="NAT" type="xs:string" minOccurs="0" />
                <xs:element name="CNOR" type="xs:string" minOccurs="0" />
                <xs:element name="CSUD" type="xs:string" minOccurs="0" />
                <xs:element name="NORD" type="xs:string" minOccurs="0" />
                <xs:element name="SARD" type="xs:string" minOccurs="0" />
                <xs:element name="SICI" type="xs:string" minOccurs="0" />
                <xs:element name="SUD" type="xs:string" minOccurs="0" />
                <xs:element name="AUST" type="xs:string" minOccurs="0" />
                <xs:element name="BRNN" type="xs:string" minOccurs="0" />
                <xs:element name="COAC" type="xs:string" minOccurs="0" />
                <xs:element name="CORS" type="xs:string" minOccurs="0" />
                <xs:element name="FOGN" type="xs:string" minOccurs="0" />
                <xs:element name="FRAN" type="xs:string" minOccurs="0" />
                <xs:element name="GREC" type="xs:string" minOccurs="0" />
                <xs:element name="MFTV" type="xs:string" minOccurs="0" />
                <xs:element name="PRGP" type="xs:string" minOccurs="0" />
                <xs:element name="ROSN" type="xs:string" minOccurs="0" />
                <xs:element name="SLOV" type="xs:string" minOccurs="0" />
                <xs:element name="SVIZ" type="xs:string" minOccurs="0" />
                <xs:element name="BSP" type="xs:string" minOccurs="0" />
                <xs:element name="MALT" type="xs:string" minOccurs="0" />
                <xs:element name="XAUS" type="xs:string" minOccurs="0" />
                <xs:element name="XFRA" type="xs:string" minOccurs="0" />
              </xs:sequence>
            </xs:complexType>
          </xs:element>
        </xs:choice>
      </xs:complexType>
    </xs:element>
  </xs:schema>
  <Prezzi>
    <Data>20170807</Data>
    <Mercato>MGP</Mercato>
    <Ora>1</Ora>
    <PUN>50,643340</PUN>
    <NAT>47,250000</NAT>
    <CNOR>46,780000</CNOR>
    <CSUD>46,780000</CSUD>
    <NORD>46,780000</NORD>
    <SARD>46,780000</SARD>
    <SICI>96,270000</SICI>
    <SUD>46,780000</SUD>
    <AUST>46,780000</AUST>
    <BRNN>46,780000</BRNN>
    <COAC>46,780000</COAC>
    <CORS>46,780000</CORS>
    <FOGN>46,780000</FOGN>
    <FRAN>46,780000</FRAN>
    <GREC>46,780000</GREC>
    <MFTV>46,780000</MFTV>
    <PRGP>96,270000</PRGP>
    <ROSN>46,780000</ROSN>
    <SLOV>46,780000</SLOV>
    <SVIZ>46,780000</SVIZ>
    <BSP>46,780000</BSP>
    <MALT>96,270000</MALT>
    <XAUS>46,780000</XAUS>
    <XFRA>46,780000</XFRA>
  </Prezzi>
  <Prezzi>
    <Data>20170807</Data>
    <Mercato>MGP</Mercato>
    <Ora>2</Ora>
    <PUN>45,433580</PUN>
    <NAT>43,650000</NAT>
    <CNOR>43,650000</CNOR>
    <CSUD>43,650000</CSUD>
    <NORD>43,650000</NORD>
    <SARD>43,650000</SARD>
    <SICI>66,270000</SICI>
    <SUD>43,650000</SUD>
    <AUST>43,650000</AUST>
    <BRNN>43,650000</BRNN>
    <COAC>43,650000</COAC>
    <CORS>43,650000</CORS>
    <FOGN>43,650000</FOGN>
    <FRAN>43,650000</FRAN>
    <GREC>43,650000</GREC>
    <MFTV>43,650000</MFTV>
    <PRGP>66,270000</PRGP>
    <ROSN>43,650000</ROSN>
    <SLOV>43,650000</SLOV>
    <SVIZ>43,650000</SVIZ>
    <BSP>43,650000</BSP>
    <MALT>66,270000</MALT>
    <XAUS>43,650000</XAUS>
    <XFRA>43,650000</XFRA>
  </Prezzi>
  <Prezzi>
    <Data>20170807</Data>
    <Mercato>MGP</Mercato>
    <Ora>3</Ora>
    <PUN>42,968410</PUN>
    <NAT>42,000000</NAT>
    <CNOR>41,020000</CNOR>
    <CSUD>41,020000</CSUD>
    <NORD>41,020000</NORD>
    <SARD>41,020000</SARD>
    <SICI>65,990000</SICI>
    <SUD>41,020000</SUD>
    <AUST>41,020000</AUST>
    <BRNN>41,020000</BRNN>
    <COAC>41,020000</COAC>
    <CORS>41,020000</CORS>
    <FOGN>41,020000</FOGN>
    <FRAN>41,020000</FRAN>
    <GREC>41,020000</GREC>
    <MFTV>41,020000</MFTV>
    <PRGP>65,990000</PRGP>
    <ROSN>41,020000</ROSN>
    <SLOV>41,020000</SLOV>
    <SVIZ>41,020000</SVIZ>
    <BSP>41,020000</BSP>
    <MALT>65,990000</MALT>
    <XAUS>41,020000</XAUS>
    <XFRA>41,020000</XFRA>
  </Prezzi>
  <Prezzi>
    <Data>20170807</Data>
    <Mercato>MGP</Mercato>
    <Ora>4</Ora>
    <PUN>40,979740</PUN>
    <NAT>40,000000</NAT>
    <CNOR>40,000000</CNOR>
    <CSUD>40,000000</CSUD>
    <NORD>40,000000</NORD>
    <SARD>40,000000</SARD>
    <SICI>52,740000</SICI>
    <SUD>40,000000</SUD>
    <AUST>40,000000</AUST>
    <BRNN>40,000000</BRNN>
    <COAC>40,000000</COAC>
    <CORS>40,000000</CORS>
    <FOGN>40,000000</FOGN>
    <FRAN>40,000000</FRAN>
    <GREC>40,000000</GREC>
    <MFTV>40,000000</MFTV>
    <PRGP>52,740000</PRGP>
    <ROSN>40,000000</ROSN>
    <SLOV>40,000000</SLOV>
    <SVIZ>40,000000</SVIZ>
    <BSP>40,000000</BSP>
    <MALT>52,740000</MALT>
    <XAUS>40,000000</XAUS>
    <XFRA>40,000000</XFRA>
  </Prezzi>
  <Prezzi>
    <Data>20170807</Data>
    <Mercato>MGP</Mercato>
    <Ora>5</Ora>
    <PUN>40,453960</PUN>
    <NAT>40,410000</NAT>
    <CNOR>40,410000</CNOR>
    <CSUD>40,410000</CSUD>
    <NORD>40,410000</NORD>
    <SARD>40,410000</SARD>
    <SICI>40,990000</SICI>
    <SUD>40,410000</SUD>
    <AUST>40,410000</AUST>
    <BRNN>40,410000</BRNN>
    <COAC>40,410000</COAC>
    <CORS>40,410000</CORS>
    <FOGN>40,410000</FOGN>
    <FRAN>40,410000</FRAN>
    <GREC>40,410000</GREC>
    <MFTV>40,410000</MFTV>
    <PRGP>40,990000</PRGP>
    <ROSN>40,410000</ROSN>
    <SLOV>40,410000</SLOV>
    <SVIZ>40,410000</SVIZ>
    <BSP>40,410000</BSP>
    <MALT>40,990000</MALT>
    <XAUS>40,410000</XAUS>
    <XFRA>40,410000</XFRA>
  </Prezzi>
  <Prezzi>
    <Data>20170807</Data>
    <Mercato>MGP</Mercato>
    <Ora>6</Ora>
    <PUN>40,947610</PUN>
    <NAT>40,000000</NAT>
    <CNOR>40,000000</CNOR>
    <CSUD>40,000000</CSUD>
    <NORD>40,000000</NORD>
    <SARD>40,000000</SARD>
    <SICI>52,740000</SICI>
    <SUD>40,000000</SUD>
    <AUST>40,000000</AUST>
    <BRNN>40,000000</BRNN>
    <COAC>40,000000</COAC>
    <CORS>40,000000</CORS>
    <FOGN>40,000000</FOGN>
    <FRAN>40,000000</FRAN>
    <GREC>40,000000</GREC>
    <MFTV>40,000000</MFTV>
    <PRGP>52,740000</PRGP>
    <ROSN>40,000000</ROSN>
    <SLOV>40,000000</SLOV>
    <SVIZ>40,000000</SVIZ>
    <BSP>40,000000</BSP>
    <MALT>52,740000</MALT>
    <XAUS>40,000000</XAUS>
    <XFRA>40,000000</XFRA>
  </Prezzi>
  <Prezzi>
    <Data>20170807</Data>
    <Mercato>MGP</Mercato>
    <Ora>7</Ora>
    <PUN>43,070000</PUN>
    <NAT>43,070000</NAT>
    <CNOR>43,070000</CNOR>
    <CSUD>43,070000</CSUD>
    <NORD>43,070000</NORD>
    <SARD>43,070000</SARD>
    <SICI>43,070000</SICI>
    <SUD>43,070000</SUD>
    <AUST>43,070000</AUST>
    <BRNN>43,070000</BRNN>
    <COAC>43,070000</COAC>
    <CORS>43,070000</CORS>
    <FOGN>43,070000</FOGN>
    <FRAN>43,070000</FRAN>
    <GREC>43,070000</GREC>
    <MFTV>43,070000</MFTV>
    <PRGP>43,070000</PRGP>
    <ROSN>43,070000</ROSN>
    <SLOV>43,070000</SLOV>
    <SVIZ>43,070000</SVIZ>
    <BSP>43,070000</BSP>
    <MALT>43,070000</MALT>
    <XAUS>43,070000</XAUS>
    <XFRA>43,070000</XFRA>
  </Prezzi>
  <Prezzi>
    <Data>20170807</Data>
    <Mercato>MGP</Mercato>
    <Ora>8</Ora>
    <PUN>46,449630</PUN>
    <NAT>46,780000</NAT>
    <CNOR>46,000000</CNOR>
    <CSUD>46,000000</CSUD>
    <NORD>46,000000</NORD>
    <SARD>46,000000</SARD>
    <SICI>52,740000</SICI>
    <SUD>46,000000</SUD>
    <AUST>46,000000</AUST>
    <BRNN>46,000000</BRNN>
    <COAC>46,000000</COAC>
    <CORS>46,000000</CORS>
    <FOGN>46,000000</FOGN>
    <FRAN>46,000000</FRAN>
    <GREC>46,000000</GREC>
    <MFTV>46,000000</MFTV>
    <PRGP>52,740000</PRGP>
    <ROSN>46,000000</ROSN>
    <SLOV>46,000000</SLOV>
    <SVIZ>46,000000</SVIZ>
    <BSP>46,000000</BSP>
    <MALT>52,740000</MALT>
    <XAUS>46,000000</XAUS>
    <XFRA>46,000000</XFRA>
  </Prezzi>
  <Prezzi>
    <Data>20170807</Data>
    <Mercato>MGP</Mercato>
    <Ora>9</Ora>
    <PUN>53,262830</PUN>
    <NAT>50,540000</NAT>
    <CNOR>51,330000</CNOR>
    <CSUD>51,330000</CSUD>
    <NORD>51,330000</NORD>
    <SARD>51,330000</SARD>
    <SICI>79,980000</SICI>
    <SUD>51,330000</SUD>
    <AUST>51,330000</AUST>
    <BRNN>51,330000</BRNN>
    <COAC>51,330000</COAC>
    <CORS>51,330000</CORS>
    <FOGN>51,330000</FOGN>
    <FRAN>51,330000</FRAN>
    <GREC>51,330000</GREC>
    <MFTV>51,330000</MFTV>
    <PRGP>79,980000</PRGP>
    <ROSN>39,870000</ROSN>
    <SLOV>51,330000</SLOV>
    <SVIZ>51,330000</SVIZ>
    <BSP>51,330000</BSP>
    <MALT>79,980000</MALT>
    <XAUS>51,330000</XAUS>
    <XFRA>51,330000</XFRA>
  </Prezzi>
  <Prezzi>
    <Data>20170807</Data>
    <Mercato>MGP</Mercato>
    <Ora>10</Ora>
    <PUN>52,757500</PUN>
    <NAT>50,540000</NAT>
    <CNOR>51,330000</CNOR>
    <CSUD>51,330000</CSUD>
    <NORD>51,330000</NORD>
    <SARD>51,330000</SARD>
    <SICI>72,130000</SICI>
    <SUD>51,330000</SUD>
    <AUST>51,330000</AUST>
    <BRNN>51,330000</BRNN>
    <COAC>51,330000</COAC>
    <CORS>51,330000</CORS>
    <FOGN>51,330000</FOGN>
    <FRAN>51,330000</FRAN>
    <GREC>51,330000</GREC>
    <MFTV>51,330000</MFTV>
    <PRGP>72,130000</PRGP>
    <ROSN>39,870000</ROSN>
    <SLOV>51,330000</SLOV>
    <SVIZ>51,330000</SVIZ>
    <BSP>51,330000</BSP>
    <MALT>72,130000</MALT>
    <XAUS>51,330000</XAUS>
    <XFRA>51,330000</XFRA>
  </Prezzi>
  <Prezzi>
    <Data>20170807</Data>
    <Mercato>MGP</Mercato>
    <Ora>11</Ora>
    <PUN>51,595460</PUN>
    <NAT>50,540000</NAT>
    <CNOR>50,540000</CNOR>
    <CSUD>50,540000</CSUD>
    <NORD>50,540000</NORD>
    <SARD>50,540000</SARD>
    <SICI>65,990000</SICI>
    <SUD>50,540000</SUD>
    <AUST>50,540000</AUST>
    <BRNN>50,540000</BRNN>
    <COAC>50,540000</COAC>
    <CORS>50,540000</CORS>
    <FOGN>50,540000</FOGN>
    <FRAN>50,540000</FRAN>
    <GREC>50,540000</GREC>
    <MFTV>50,540000</MFTV>
    <PRGP>65,990000</PRGP>
    <ROSN>39,880000</ROSN>
    <SLOV>50,540000</SLOV>
    <SVIZ>50,540000</SVIZ>
    <BSP>50,540000</BSP>
    <MALT>65,990000</MALT>
    <XAUS>50,540000</XAUS>
    <XFRA>50,540000</XFRA>
  </Prezzi>
  <Prezzi>
    <Data>20170807</Data>
    <Mercato>MGP</Mercato>
    <Ora>12</Ora>
    <PUN>50,178400</PUN>
    <NAT>49,900000</NAT>
    <CNOR>49,990000</CNOR>
    <CSUD>49,990000</CSUD>
    <NORD>49,990000</NORD>
    <SARD>49,990000</SARD>
    <SICI>52,740000</SICI>
    <SUD>49,990000</SUD>
    <AUST>49,990000</AUST>
    <BRNN>49,990000</BRNN>
    <COAC>49,990000</COAC>
    <CORS>49,990000</CORS>
    <FOGN>49,990000</FOGN>
    <FRAN>49,990000</FRAN>
    <GREC>49,990000</GREC>
    <MFTV>49,990000</MFTV>
    <PRGP>52,740000</PRGP>
    <ROSN>39,880000</ROSN>
    <SLOV>49,990000</SLOV>
    <SVIZ>49,990000</SVIZ>
    <BSP>49,990000</BSP>
    <MALT>52,740000</MALT>
    <XAUS>49,990000</XAUS>
    <XFRA>49,990000</XFRA>
  </Prezzi>
  <Prezzi>
    <Data>20170807</Data>
    <Mercato>MGP</Mercato>
    <Ora>13</Ora>
    <PUN>48,856730</PUN>
    <NAT>47,500000</NAT>
    <CNOR>48,220000</CNOR>
    <CSUD>48,220000</CSUD>
    <NORD>48,220000</NORD>
    <SARD>48,220000</SARD>
    <SICI>57,150000</SICI>
    <SUD>48,220000</SUD>
    <AUST>48,220000</AUST>
    <BRNN>48,220000</BRNN>
    <COAC>48,220000</COAC>
    <CORS>48,220000</CORS>
    <FOGN>48,220000</FOGN>
    <FRAN>48,220000</FRAN>
    <GREC>48,220000</GREC>
    <MFTV>48,220000</MFTV>
    <PRGP>57,150000</PRGP>
    <ROSN>39,890000</ROSN>
    <SLOV>48,220000</SLOV>
    <SVIZ>48,220000</SVIZ>
    <BSP>48,220000</BSP>
    <MALT>57,150000</MALT>
    <XAUS>48,220000</XAUS>
    <XFRA>48,220000</XFRA>
  </Prezzi>
  <Prezzi>
    <Data>20170807</Data>
    <Mercato>MGP</Mercato>
    <Ora>14</Ora>
    <PUN>47,640370</PUN>
    <NAT>47,250000</NAT>
    <CNOR>47,250000</CNOR>
    <CSUD>47,250000</CSUD>
    <NORD>47,250000</NORD>
    <SARD>47,250000</SARD>
    <SICI>52,740000</SICI>
    <SUD>47,250000</SUD>
    <AUST>47,250000</AUST>
    <BRNN>47,250000</BRNN>
    <COAC>47,250000</COAC>
    <CORS>47,250000</CORS>
    <FOGN>47,250000</FOGN>
    <FRAN>47,250000</FRAN>
    <GREC>47,250000</GREC>
    <MFTV>47,250000</MFTV>
    <PRGP>52,740000</PRGP>
    <ROSN>39,890000</ROSN>
    <SLOV>47,250000</SLOV>
    <SVIZ>47,250000</SVIZ>
    <BSP>47,250000</BSP>
    <MALT>52,740000</MALT>
    <XAUS>47,250000</XAUS>
    <XFRA>47,250000</XFRA>
  </Prezzi>
  <Prezzi>
    <Data>20170807</Data>
    <Mercato>MGP</Mercato>
    <Ora>15</Ora>
    <PUN>49,201120</PUN>
    <NAT>48,240000</NAT>
    <CNOR>49,900000</CNOR>
    <CSUD>49,900000</CSUD>
    <NORD>49,900000</NORD>
    <SARD>49,900000</SARD>
    <SICI>39,880000</SICI>
    <SUD>49,900000</SUD>
    <AUST>49,900000</AUST>
    <BRNN>49,900000</BRNN>
    <COAC>49,900000</COAC>
    <CORS>49,900000</CORS>
    <FOGN>49,900000</FOGN>
    <FRAN>49,900000</FRAN>
    <GREC>49,900000</GREC>
    <MFTV>49,900000</MFTV>
    <PRGP>39,880000</PRGP>
    <ROSN>39,880000</ROSN>
    <SLOV>49,900000</SLOV>
    <SVIZ>49,900000</SVIZ>
    <BSP>49,900000</BSP>
    <MALT>39,880000</MALT>
    <XAUS>49,900000</XAUS>
    <XFRA>49,900000</XFRA>
  </Prezzi>
  <Prezzi>
    <Data>20170807</Data>
    <Mercato>MGP</Mercato>
    <Ora>16</Ora>
    <PUN>49,900000</PUN>
    <NAT>49,900000</NAT>
    <CNOR>49,900000</CNOR>
    <CSUD>49,900000</CSUD>
    <NORD>49,900000</NORD>
    <SARD>49,900000</SARD>
    <SICI>49,900000</SICI>
    <SUD>49,900000</SUD>
    <AUST>49,900000</AUST>
    <BRNN>49,900000</BRNN>
    <COAC>49,900000</COAC>
    <CORS>49,900000</CORS>
    <FOGN>49,900000</FOGN>
    <FRAN>49,900000</FRAN>
    <GREC>49,900000</GREC>
    <MFTV>49,900000</MFTV>
    <PRGP>49,900000</PRGP>
    <ROSN>49,900000</ROSN>
    <SLOV>49,900000</SLOV>
    <SVIZ>49,900000</SVIZ>
    <BSP>49,900000</BSP>
    <MALT>49,900000</MALT>
    <XAUS>49,900000</XAUS>
    <XFRA>49,900000</XFRA>
  </Prezzi>
  <Prezzi>
    <Data>20170807</Data>
    <Mercato>MGP</Mercato>
    <Ora>17</Ora>
    <PUN>51,613520</PUN>
    <NAT>50,540000</NAT>
    <CNOR>50,540000</CNOR>
    <CSUD>50,540000</CSUD>
    <NORD>50,540000</NORD>
    <SARD>50,540000</SARD>
    <SICI>65,990000</SICI>
    <SUD>50,540000</SUD>
    <AUST>50,540000</AUST>
    <BRNN>50,540000</BRNN>
    <COAC>50,540000</COAC>
    <CORS>50,540000</CORS>
    <FOGN>50,540000</FOGN>
    <FRAN>50,540000</FRAN>
    <GREC>50,540000</GREC>
    <MFTV>50,540000</MFTV>
    <PRGP>65,990000</PRGP>
    <ROSN>50,540000</ROSN>
    <SLOV>50,540000</SLOV>
    <SVIZ>50,540000</SVIZ>
    <BSP>50,540000</BSP>
    <MALT>65,990000</MALT>
    <XAUS>50,540000</XAUS>
    <XFRA>50,540000</XFRA>
  </Prezzi>
  <Prezzi>
    <Data>20170807</Data>
    <Mercato>MGP</Mercato>
    <Ora>18</Ora>
    <PUN>55,587770</PUN>
    <NAT>53,500000</NAT>
    <CNOR>52,500000</CNOR>
    <CSUD>52,500000</CSUD>
    <NORD>52,500000</NORD>
    <SARD>52,500000</SARD>
    <SICI>96,270000</SICI>
    <SUD>52,500000</SUD>
    <AUST>52,500000</AUST>
    <BRNN>52,500000</BRNN>
    <COAC>52,500000</COAC>
    <CORS>52,500000</CORS>
    <FOGN>52,500000</FOGN>
    <FRAN>52,500000</FRAN>
    <GREC>52,500000</GREC>
    <MFTV>52,500000</MFTV>
    <PRGP>96,270000</PRGP>
    <ROSN>52,500000</ROSN>
    <SLOV>52,500000</SLOV>
    <SVIZ>52,500000</SVIZ>
    <BSP>52,500000</BSP>
    <MALT>96,270000</MALT>
    <XAUS>52,500000</XAUS>
    <XFRA>52,500000</XFRA>
  </Prezzi>
  <Prezzi>
    <Data>20170807</Data>
    <Mercato>MGP</Mercato>
    <Ora>19</Ora>
    <PUN>58,924570</PUN>
    <NAT>65,000000</NAT>
    <CNOR>56,100000</CNOR>
    <CSUD>56,100000</CSUD>
    <NORD>56,100000</NORD>
    <SARD>56,100000</SARD>
    <SICI>96,270000</SICI>
    <SUD>56,100000</SUD>
    <AUST>56,100000</AUST>
    <BRNN>56,100000</BRNN>
    <COAC>56,100000</COAC>
    <CORS>56,100000</CORS>
    <FOGN>56,100000</FOGN>
    <FRAN>56,100000</FRAN>
    <GREC>56,100000</GREC>
    <MFTV>56,100000</MFTV>
    <PRGP>96,270000</PRGP>
    <ROSN>56,100000</ROSN>
    <SLOV>56,100000</SLOV>
    <SVIZ>56,100000</SVIZ>
    <BSP>56,100000</BSP>
    <MALT>96,270000</MALT>
    <XAUS>56,100000</XAUS>
    <XFRA>56,100000</XFRA>
  </Prezzi>
  <Prezzi>
    <Data>20170807</Data>
    <Mercato>MGP</Mercato>
    <Ora>20</Ora>
    <PUN>70,021210</PUN>
    <NAT>77,000000</NAT>
    <CNOR>68,000000</CNOR>
    <CSUD>68,000000</CSUD>
    <NORD>68,000000</NORD>
    <SARD>68,000000</SARD>
    <SICI>96,270000</SICI>
    <SUD>68,000000</SUD>
    <AUST>68,000000</AUST>
    <BRNN>68,000000</BRNN>
    <COAC>68,000000</COAC>
    <CORS>68,000000</CORS>
    <FOGN>68,000000</FOGN>
    <FRAN>68,000000</FRAN>
    <GREC>68,000000</GREC>
    <MFTV>68,000000</MFTV>
    <PRGP>96,270000</PRGP>
    <ROSN>68,000000</ROSN>
    <SLOV>68,000000</SLOV>
    <SVIZ>68,000000</SVIZ>
    <BSP>68,000000</BSP>
    <MALT>96,270000</MALT>
    <XAUS>68,000000</XAUS>
    <XFRA>68,000000</XFRA>
  </Prezzi>
  <Prezzi>
    <Data>20170807</Data>
    <Mercato>MGP</Mercato>
    <Ora>21</Ora>
    <PUN>74,082600</PUN>
    <NAT>94,980000</NAT>
    <CNOR>72,270000</CNOR>
    <CSUD>72,270000</CSUD>
    <NORD>72,270000</NORD>
    <SARD>72,270000</SARD>
    <SICI>96,580000</SICI>
    <SUD>72,270000</SUD>
    <AUST>72,270000</AUST>
    <BRNN>72,270000</BRNN>
    <COAC>72,270000</COAC>
    <CORS>72,270000</CORS>
    <FOGN>72,270000</FOGN>
    <FRAN>72,270000</FRAN>
    <GREC>72,270000</GREC>
    <MFTV>72,270000</MFTV>
    <PRGP>96,580000</PRGP>
    <ROSN>72,270000</ROSN>
    <SLOV>72,270000</SLOV>
    <SVIZ>72,270000</SVIZ>
    <BSP>72,270000</BSP>
    <MALT>96,580000</MALT>
    <XAUS>72,270000</XAUS>
    <XFRA>72,270000</XFRA>
  </Prezzi>
  <Prezzi>
    <Data>20170807</Data>
    <Mercato>MGP</Mercato>
    <Ora>22</Ora>
    <PUN>71,956700</PUN>
    <NAT>85,990000</NAT>
    <CNOR>70,000000</CNOR>
    <CSUD>70,000000</CSUD>
    <NORD>70,000000</NORD>
    <SARD>70,000000</SARD>
    <SICI>96,580000</SICI>
    <SUD>70,000000</SUD>
    <AUST>70,000000</AUST>
    <BRNN>70,000000</BRNN>
    <COAC>70,000000</COAC>
    <CORS>70,000000</CORS>
    <FOGN>70,000000</FOGN>
    <FRAN>70,000000</FRAN>
    <GREC>70,000000</GREC>
    <MFTV>70,000000</MFTV>
    <PRGP>96,580000</PRGP>
    <ROSN>70,000000</ROSN>
    <SLOV>70,000000</SLOV>
    <SVIZ>70,000000</SVIZ>
    <BSP>70,000000</BSP>
    <MALT>96,580000</MALT>
    <XAUS>70,000000</XAUS>
    <XFRA>70,000000</XFRA>
  </Prezzi>
  <Prezzi>
    <Data>20170807</Data>
    <Mercato>MGP</Mercato>
    <Ora>23</Ora>
    <PUN>55,094860</PUN>
    <NAT>53,320000</NAT>
    <CNOR>51,810000</CNOR>
    <CSUD>51,810000</CSUD>
    <NORD>51,810000</NORD>
    <SARD>51,810000</SARD>
    <SICI>96,270000</SICI>
    <SUD>51,810000</SUD>
    <AUST>51,810000</AUST>
    <BRNN>51,810000</BRNN>
    <COAC>51,810000</COAC>
    <CORS>51,810000</CORS>
    <FOGN>51,810000</FOGN>
    <FRAN>51,810000</FRAN>
    <GREC>51,810000</GREC>
    <MFTV>51,810000</MFTV>
    <PRGP>96,270000</PRGP>
    <ROSN>51,810000</ROSN>
    <SLOV>51,810000</SLOV>
    <SVIZ>51,810000</SVIZ>
    <BSP>51,810000</BSP>
    <MALT>96,270000</MALT>
    <XAUS>51,810000</XAUS>
    <XFRA>51,810000</XFRA>
  </Prezzi>
  <Prezzi>
    <Data>20170807</Data>
    <Mercato>MGP</Mercato>
    <Ora>24</Ora>
    <PUN>53,382160</PUN>
    <NAT>50,540000</NAT>
    <CNOR>49,900000</CNOR>
    <CSUD>49,900000</CSUD>
    <NORD>49,900000</NORD>
    <SARD>49,900000</SARD>
    <SICI>96,270000</SICI>
    <SUD>49,900000</SUD>
    <AUST>49,900000</AUST>
    <BRNN>49,900000</BRNN>
    <COAC>49,900000</COAC>
    <CORS>49,900000</CORS>
    <FOGN>49,900000</FOGN>
    <FRAN>49,900000</FRAN>
    <GREC>49,900000</GREC>
    <MFTV>49,900000</MFTV>
    <PRGP>96,270000</PRGP>
    <ROSN>49,900000</ROSN>
    <SLOV>49,900000</SLOV>
    <SVIZ>49,900000</SVIZ>
    <BSP>49,900000</BSP>
    <MALT>96,270000</MALT>
    <XAUS>49,900000</XAUS>
    <XFRA>49,900000</XFRA>
  </Prezzi>
</NewDataSet>