<?xml version="1.0" standalone="yes"?>
<NewDataSet>
  <xs:schema id="NewDataSet" xmlns="" xmlns:xs="http://www.w3.org/2001/XMLSchema" xmlns:msdata="urn:schemas-microsoft-com:xml-msdata">
    <xs:element name="NewDataSet" msdata:IsDataSet="true" msdata:UseCurrentLocale="true">
      <xs:complexType>
        <xs:choice minOccurs="0" maxOccurs="unbounded">
          <xs:element name="Prezzi">
            <xs:complexType>
              <xs:sequence>
                <xs:element name="Data" type="xs:string" minOccurs="0" />
                <xs:element name="Mercato" type="xs:string" minOccurs="0" />
                <xs:element name="Ora" type="xs:string" minOccurs="0" />
                <xs:element name="PUN" type="xs:string" minOccurs="0" />
                <xs:element name="NAT" type="xs:string" minOccurs="0" />
                <xs:element name="CNOR" type="xs:string" minOccurs="0" />
                <xs:element name="CSUD" type="xs:string" minOccurs="0" />
                <xs:element name="NORD" type="xs:string" minOccurs="0" />
                <xs:element name="SARD" type="xs:string" minOccurs="0" />
                <xs:element name="SICI" type="xs:string" minOccurs="0" />
                <xs:element name="SUD" type="xs:string" minOccurs="0" />
                <xs:element name="AUST" type="xs:string" minOccurs="0" />
                <xs:element name="BRNN" type="xs:string" minOccurs="0" />
                <xs:element name="COAC" type="xs:string" minOccurs="0" />
                <xs:element name="CORS" type="xs:string" minOccurs="0" />
                <xs:element name="FOGN" type="xs:string" minOccurs="0" />
                <xs:element name="FRAN" type="xs:string" minOccurs="0" />
                <xs:element name="GREC" type="xs:string" minOccurs="0" />
                <xs:element name="MFTV" type="xs:string" minOccurs="0" />
                <xs:element name="PRGP" type="xs:string" minOccurs="0" />
                <xs:element name="ROSN" type="xs:string" minOccurs="0" />
                <xs:element name="SLOV" type="xs:string" minOccurs="0" />
                <xs:element name="SVIZ" type="xs:string" minOccurs="0" />
                <xs:element name="BSP" type="xs:string" minOccurs="0" />
                <xs:element name="MALT" type="xs:string" minOccurs="0" />
                <xs:element name="XAUS" type="xs:string" minOccurs="0" />
                <xs:element name="XFRA" type="xs:string" minOccurs="0" />
              </xs:sequence>
            </xs:complexType>
          </xs:element>
        </xs:choice>
      </xs:complexType>
    </xs:element>
  </xs:schema>
  <Prezzi>
    <Data>20170809</Data>
    <Mercato>MGP</Mercato>
    <Ora>1</Ora>
    <PUN>54,675930</PUN>
    <NAT>54,900000</NAT>
    <CNOR>51,330000</CNOR>
    <CSUD>51,330000</CSUD>
    <NORD>51,330000</NORD>
    <SARD>51,330000</SARD>
    <SICI>96,270000</SICI>
    <SUD>51,330000</SUD>
    <AUST>51,330000</AUST>
    <BRNN>51,330000</BRNN>
    <COAC>51,330000</COAC>
    <CORS>51,330000</CORS>
    <FOGN>51,330000</FOGN>
    <FRAN>51,330000</FRAN>
    <GREC>51,330000</GREC>
    <MFTV>51,330000</MFTV>
    <PRGP>96,270000</PRGP>
    <ROSN>51,330000</ROSN>
    <SLOV>51,330000</SLOV>
    <SVIZ>51,330000</SVIZ>
    <BSP>51,330000</BSP>
    <MALT>96,270000</MALT>
    <XAUS>51,330000</XAUS>
    <XFRA>51,330000</XFRA>
  </Prezzi>
  <Prezzi>
    <Data>20170809</Data>
    <Mercato>MGP</Mercato>
    <Ora>2</Ora>
    <PUN>53,419630</PUN>
    <NAT>50,540000</NAT>
    <CNOR>49,900000</CNOR>
    <CSUD>49,900000</CSUD>
    <NORD>49,900000</NORD>
    <SARD>49,900000</SARD>
    <SICI>96,270000</SICI>
    <SUD>49,900000</SUD>
    <AUST>49,900000</AUST>
    <BRNN>49,900000</BRNN>
    <COAC>49,900000</COAC>
    <CORS>49,900000</CORS>
    <FOGN>49,900000</FOGN>
    <FRAN>49,900000</FRAN>
    <GREC>49,900000</GREC>
    <MFTV>49,900000</MFTV>
    <PRGP>96,270000</PRGP>
    <ROSN>49,900000</ROSN>
    <SLOV>49,900000</SLOV>
    <SVIZ>49,900000</SVIZ>
    <BSP>49,900000</BSP>
    <MALT>96,270000</MALT>
    <XAUS>49,900000</XAUS>
    <XFRA>49,900000</XFRA>
  </Prezzi>
  <Prezzi>
    <Data>20170809</Data>
    <Mercato>MGP</Mercato>
    <Ora>3</Ora>
    <PUN>49,345060</PUN>
    <NAT>48,290000</NAT>
    <CNOR>47,990000</CNOR>
    <CSUD>47,990000</CSUD>
    <NORD>47,990000</NORD>
    <SARD>47,990000</SARD>
    <SICI>66,010000</SICI>
    <SUD>47,990000</SUD>
    <AUST>47,990000</AUST>
    <BRNN>47,990000</BRNN>
    <COAC>47,990000</COAC>
    <CORS>47,990000</CORS>
    <FOGN>47,990000</FOGN>
    <FRAN>47,990000</FRAN>
    <GREC>47,990000</GREC>
    <MFTV>47,990000</MFTV>
    <PRGP>66,010000</PRGP>
    <ROSN>47,990000</ROSN>
    <SLOV>47,990000</SLOV>
    <SVIZ>47,990000</SVIZ>
    <BSP>47,990000</BSP>
    <MALT>66,010000</MALT>
    <XAUS>47,990000</XAUS>
    <XFRA>47,990000</XFRA>
  </Prezzi>
  <Prezzi>
    <Data>20170809</Data>
    <Mercato>MGP</Mercato>
    <Ora>4</Ora>
    <PUN>48,628680</PUN>
    <NAT>47,250000</NAT>
    <CNOR>47,250000</CNOR>
    <CSUD>47,250000</CSUD>
    <NORD>47,250000</NORD>
    <SARD>47,250000</SARD>
    <SICI>65,990000</SICI>
    <SUD>47,250000</SUD>
    <AUST>47,250000</AUST>
    <BRNN>47,250000</BRNN>
    <COAC>47,250000</COAC>
    <CORS>47,250000</CORS>
    <FOGN>47,250000</FOGN>
    <FRAN>47,250000</FRAN>
    <GREC>47,250000</GREC>
    <MFTV>47,250000</MFTV>
    <PRGP>65,990000</PRGP>
    <ROSN>47,250000</ROSN>
    <SLOV>47,250000</SLOV>
    <SVIZ>47,250000</SVIZ>
    <BSP>47,250000</BSP>
    <MALT>65,990000</MALT>
    <XAUS>47,250000</XAUS>
    <XFRA>47,250000</XFRA>
  </Prezzi>
  <Prezzi>
    <Data>20170809</Data>
    <Mercato>MGP</Mercato>
    <Ora>5</Ora>
    <PUN>47,929710</PUN>
    <NAT>47,250000</NAT>
    <CNOR>47,250000</CNOR>
    <CSUD>47,250000</CSUD>
    <NORD>47,250000</NORD>
    <SARD>47,250000</SARD>
    <SICI>56,580000</SICI>
    <SUD>47,250000</SUD>
    <AUST>47,250000</AUST>
    <BRNN>47,250000</BRNN>
    <COAC>47,250000</COAC>
    <CORS>47,250000</CORS>
    <FOGN>47,250000</FOGN>
    <FRAN>47,250000</FRAN>
    <GREC>47,250000</GREC>
    <MFTV>47,250000</MFTV>
    <PRGP>56,580000</PRGP>
    <ROSN>47,250000</ROSN>
    <SLOV>47,250000</SLOV>
    <SVIZ>47,250000</SVIZ>
    <BSP>47,250000</BSP>
    <MALT>56,580000</MALT>
    <XAUS>47,250000</XAUS>
    <XFRA>47,250000</XFRA>
  </Prezzi>
  <Prezzi>
    <Data>20170809</Data>
    <Mercato>MGP</Mercato>
    <Ora>6</Ora>
    <PUN>49,287680</PUN>
    <NAT>48,130000</NAT>
    <CNOR>47,990000</CNOR>
    <CSUD>47,990000</CSUD>
    <NORD>47,990000</NORD>
    <SARD>47,990000</SARD>
    <SICI>65,990000</SICI>
    <SUD>47,990000</SUD>
    <AUST>47,990000</AUST>
    <BRNN>47,990000</BRNN>
    <COAC>47,990000</COAC>
    <CORS>47,990000</CORS>
    <FOGN>47,990000</FOGN>
    <FRAN>47,990000</FRAN>
    <GREC>47,990000</GREC>
    <MFTV>47,990000</MFTV>
    <PRGP>65,990000</PRGP>
    <ROSN>47,990000</ROSN>
    <SLOV>47,990000</SLOV>
    <SVIZ>47,990000</SVIZ>
    <BSP>47,990000</BSP>
    <MALT>65,990000</MALT>
    <XAUS>47,990000</XAUS>
    <XFRA>47,990000</XFRA>
  </Prezzi>
  <Prezzi>
    <Data>20170809</Data>
    <Mercato>MGP</Mercato>
    <Ora>7</Ora>
    <PUN>50,091450</PUN>
    <NAT>49,900000</NAT>
    <CNOR>49,900000</CNOR>
    <CSUD>49,900000</CSUD>
    <NORD>49,900000</NORD>
    <SARD>49,900000</SARD>
    <SICI>52,740000</SICI>
    <SUD>49,900000</SUD>
    <AUST>49,900000</AUST>
    <BRNN>49,900000</BRNN>
    <COAC>49,900000</COAC>
    <CORS>49,900000</CORS>
    <FOGN>49,900000</FOGN>
    <FRAN>49,900000</FRAN>
    <GREC>49,900000</GREC>
    <MFTV>49,900000</MFTV>
    <PRGP>52,740000</PRGP>
    <ROSN>49,900000</ROSN>
    <SLOV>49,900000</SLOV>
    <SVIZ>49,900000</SVIZ>
    <BSP>49,900000</BSP>
    <MALT>52,740000</MALT>
    <XAUS>49,900000</XAUS>
    <XFRA>49,900000</XFRA>
  </Prezzi>
  <Prezzi>
    <Data>20170809</Data>
    <Mercato>MGP</Mercato>
    <Ora>8</Ora>
    <PUN>56,933780</PUN>
    <NAT>56,000000</NAT>
    <CNOR>55,000000</CNOR>
    <CSUD>55,000000</CSUD>
    <NORD>55,000000</NORD>
    <SARD>55,000000</SARD>
    <SICI>84,400000</SICI>
    <SUD>55,000000</SUD>
    <AUST>55,000000</AUST>
    <BRNN>55,000000</BRNN>
    <COAC>55,000000</COAC>
    <CORS>55,000000</CORS>
    <FOGN>55,000000</FOGN>
    <FRAN>55,000000</FRAN>
    <GREC>55,000000</GREC>
    <MFTV>55,000000</MFTV>
    <PRGP>84,400000</PRGP>
    <ROSN>55,000000</ROSN>
    <SLOV>55,000000</SLOV>
    <SVIZ>55,000000</SVIZ>
    <BSP>55,000000</BSP>
    <MALT>84,400000</MALT>
    <XAUS>55,000000</XAUS>
    <XFRA>55,000000</XFRA>
  </Prezzi>
  <Prezzi>
    <Data>20170809</Data>
    <Mercato>MGP</Mercato>
    <Ora>9</Ora>
    <PUN>54,591420</PUN>
    <NAT>55,000000</NAT>
    <CNOR>52,320000</CNOR>
    <CSUD>52,320000</CSUD>
    <NORD>52,320000</NORD>
    <SARD>52,320000</SARD>
    <SICI>86,010000</SICI>
    <SUD>52,320000</SUD>
    <AUST>52,320000</AUST>
    <BRNN>52,320000</BRNN>
    <COAC>52,320000</COAC>
    <CORS>52,320000</CORS>
    <FOGN>52,320000</FOGN>
    <FRAN>52,320000</FRAN>
    <GREC>52,320000</GREC>
    <MFTV>52,320000</MFTV>
    <PRGP>86,010000</PRGP>
    <ROSN>52,320000</ROSN>
    <SLOV>52,320000</SLOV>
    <SVIZ>52,320000</SVIZ>
    <BSP>52,320000</BSP>
    <MALT>86,010000</MALT>
    <XAUS>52,320000</XAUS>
    <XFRA>52,320000</XFRA>
  </Prezzi>
  <Prezzi>
    <Data>20170809</Data>
    <Mercato>MGP</Mercato>
    <Ora>10</Ora>
    <PUN>60,836520</PUN>
    <NAT>61,990000</NAT>
    <CNOR>58,990000</CNOR>
    <CSUD>58,990000</CSUD>
    <NORD>58,990000</NORD>
    <SARD>58,990000</SARD>
    <SICI>86,010000</SICI>
    <SUD>58,990000</SUD>
    <AUST>58,990000</AUST>
    <BRNN>58,990000</BRNN>
    <COAC>58,990000</COAC>
    <CORS>58,990000</CORS>
    <FOGN>58,990000</FOGN>
    <FRAN>58,990000</FRAN>
    <GREC>58,990000</GREC>
    <MFTV>58,990000</MFTV>
    <PRGP>86,010000</PRGP>
    <ROSN>58,990000</ROSN>
    <SLOV>58,990000</SLOV>
    <SVIZ>58,990000</SVIZ>
    <BSP>58,990000</BSP>
    <MALT>86,010000</MALT>
    <XAUS>58,990000</XAUS>
    <XFRA>58,990000</XFRA>
  </Prezzi>
  <Prezzi>
    <Data>20170809</Data>
    <Mercato>MGP</Mercato>
    <Ora>11</Ora>
    <PUN>57,380060</PUN>
    <NAT>56,580000</NAT>
    <CNOR>55,440000</CNOR>
    <CSUD>55,440000</CSUD>
    <NORD>55,440000</NORD>
    <SARD>55,440000</SARD>
    <SICI>84,400000</SICI>
    <SUD>55,440000</SUD>
    <AUST>55,440000</AUST>
    <BRNN>55,440000</BRNN>
    <COAC>55,440000</COAC>
    <CORS>55,440000</CORS>
    <FOGN>55,440000</FOGN>
    <FRAN>55,440000</FRAN>
    <GREC>55,440000</GREC>
    <MFTV>55,440000</MFTV>
    <PRGP>84,400000</PRGP>
    <ROSN>55,440000</ROSN>
    <SLOV>55,440000</SLOV>
    <SVIZ>55,440000</SVIZ>
    <BSP>55,440000</BSP>
    <MALT>84,400000</MALT>
    <XAUS>55,440000</XAUS>
    <XFRA>55,440000</XFRA>
  </Prezzi>
  <Prezzi>
    <Data>20170809</Data>
    <Mercato>MGP</Mercato>
    <Ora>12</Ora>
    <PUN>52,320860</PUN>
    <NAT>51,900000</NAT>
    <CNOR>51,330000</CNOR>
    <CSUD>51,330000</CSUD>
    <NORD>51,330000</NORD>
    <SARD>51,330000</SARD>
    <SICI>65,990000</SICI>
    <SUD>51,330000</SUD>
    <AUST>51,330000</AUST>
    <BRNN>51,330000</BRNN>
    <COAC>51,330000</COAC>
    <CORS>51,330000</CORS>
    <FOGN>51,330000</FOGN>
    <FRAN>51,330000</FRAN>
    <GREC>51,330000</GREC>
    <MFTV>51,330000</MFTV>
    <PRGP>65,990000</PRGP>
    <ROSN>51,330000</ROSN>
    <SLOV>51,330000</SLOV>
    <SVIZ>51,330000</SVIZ>
    <BSP>51,330000</BSP>
    <MALT>65,990000</MALT>
    <XAUS>51,330000</XAUS>
    <XFRA>51,330000</XFRA>
  </Prezzi>
  <Prezzi>
    <Data>20170809</Data>
    <Mercato>MGP</Mercato>
    <Ora>13</Ora>
    <PUN>53,336380</PUN>
    <NAT>51,330000</NAT>
    <CNOR>51,000000</CNOR>
    <CSUD>51,000000</CSUD>
    <NORD>51,000000</NORD>
    <SARD>51,000000</SARD>
    <SICI>84,400000</SICI>
    <SUD>51,000000</SUD>
    <AUST>51,000000</AUST>
    <BRNN>51,000000</BRNN>
    <COAC>51,000000</COAC>
    <CORS>51,000000</CORS>
    <FOGN>51,000000</FOGN>
    <FRAN>51,000000</FRAN>
    <GREC>51,000000</GREC>
    <MFTV>51,000000</MFTV>
    <PRGP>84,400000</PRGP>
    <ROSN>51,000000</ROSN>
    <SLOV>51,000000</SLOV>
    <SVIZ>51,000000</SVIZ>
    <BSP>51,000000</BSP>
    <MALT>84,400000</MALT>
    <XAUS>51,000000</XAUS>
    <XFRA>51,000000</XFRA>
  </Prezzi>
  <Prezzi>
    <Data>20170809</Data>
    <Mercato>MGP</Mercato>
    <Ora>14</Ora>
    <PUN>52,353070</PUN>
    <NAT>49,900000</NAT>
    <CNOR>49,900000</CNOR>
    <CSUD>49,900000</CSUD>
    <NORD>49,900000</NORD>
    <SARD>49,900000</SARD>
    <SICI>84,400000</SICI>
    <SUD>49,900000</SUD>
    <AUST>49,900000</AUST>
    <BRNN>49,900000</BRNN>
    <COAC>49,900000</COAC>
    <CORS>49,900000</CORS>
    <FOGN>49,900000</FOGN>
    <FRAN>49,900000</FRAN>
    <GREC>49,900000</GREC>
    <MFTV>49,900000</MFTV>
    <PRGP>84,400000</PRGP>
    <ROSN>49,900000</ROSN>
    <SLOV>49,900000</SLOV>
    <SVIZ>49,900000</SVIZ>
    <BSP>49,900000</BSP>
    <MALT>84,400000</MALT>
    <XAUS>49,900000</XAUS>
    <XFRA>49,900000</XFRA>
  </Prezzi>
  <Prezzi>
    <Data>20170809</Data>
    <Mercato>MGP</Mercato>
    <Ora>15</Ora>
    <PUN>52,413510</PUN>
    <NAT>51,290000</NAT>
    <CNOR>49,990000</CNOR>
    <CSUD>49,990000</CSUD>
    <NORD>49,990000</NORD>
    <SARD>49,990000</SARD>
    <SICI>84,400000</SICI>
    <SUD>49,990000</SUD>
    <AUST>49,990000</AUST>
    <BRNN>49,990000</BRNN>
    <COAC>49,990000</COAC>
    <CORS>49,990000</CORS>
    <FOGN>49,990000</FOGN>
    <FRAN>49,990000</FRAN>
    <GREC>49,990000</GREC>
    <MFTV>49,990000</MFTV>
    <PRGP>84,400000</PRGP>
    <ROSN>49,990000</ROSN>
    <SLOV>49,990000</SLOV>
    <SVIZ>49,990000</SVIZ>
    <BSP>49,990000</BSP>
    <MALT>84,400000</MALT>
    <XAUS>49,990000</XAUS>
    <XFRA>49,990000</XFRA>
  </Prezzi>
  <Prezzi>
    <Data>20170809</Data>
    <Mercato>MGP</Mercato>
    <Ora>16</Ora>
    <PUN>51,418110</PUN>
    <NAT>49,900000</NAT>
    <CNOR>49,900000</CNOR>
    <CSUD>49,900000</CSUD>
    <NORD>49,900000</NORD>
    <SARD>49,900000</SARD>
    <SICI>72,130000</SICI>
    <SUD>49,900000</SUD>
    <AUST>49,900000</AUST>
    <BRNN>49,900000</BRNN>
    <COAC>49,900000</COAC>
    <CORS>49,900000</CORS>
    <FOGN>49,900000</FOGN>
    <FRAN>49,900000</FRAN>
    <GREC>49,900000</GREC>
    <MFTV>49,900000</MFTV>
    <PRGP>72,130000</PRGP>
    <ROSN>49,900000</ROSN>
    <SLOV>49,900000</SLOV>
    <SVIZ>49,900000</SVIZ>
    <BSP>49,900000</BSP>
    <MALT>72,130000</MALT>
    <XAUS>49,900000</XAUS>
    <XFRA>49,900000</XFRA>
  </Prezzi>
  <Prezzi>
    <Data>20170809</Data>
    <Mercato>MGP</Mercato>
    <Ora>17</Ora>
    <PUN>57,129350</PUN>
    <NAT>58,000000</NAT>
    <CNOR>54,980000</CNOR>
    <CSUD>54,980000</CSUD>
    <NORD>54,980000</NORD>
    <SARD>54,980000</SARD>
    <SICI>86,010000</SICI>
    <SUD>54,980000</SUD>
    <AUST>54,980000</AUST>
    <BRNN>54,980000</BRNN>
    <COAC>54,980000</COAC>
    <CORS>54,980000</CORS>
    <FOGN>54,980000</FOGN>
    <FRAN>54,980000</FRAN>
    <GREC>54,980000</GREC>
    <MFTV>54,980000</MFTV>
    <PRGP>86,010000</PRGP>
    <ROSN>54,980000</ROSN>
    <SLOV>54,980000</SLOV>
    <SVIZ>54,980000</SVIZ>
    <BSP>54,980000</BSP>
    <MALT>86,010000</MALT>
    <XAUS>54,980000</XAUS>
    <XFRA>54,980000</XFRA>
  </Prezzi>
  <Prezzi>
    <Data>20170809</Data>
    <Mercato>MGP</Mercato>
    <Ora>18</Ora>
    <PUN>75,843060</PUN>
    <NAT>84,400000</NAT>
    <CNOR>75,000000</CNOR>
    <CSUD>75,000000</CSUD>
    <NORD>75,000000</NORD>
    <SARD>75,000000</SARD>
    <SICI>87,130000</SICI>
    <SUD>75,000000</SUD>
    <AUST>75,000000</AUST>
    <BRNN>75,000000</BRNN>
    <COAC>75,000000</COAC>
    <CORS>75,000000</CORS>
    <FOGN>75,000000</FOGN>
    <FRAN>75,000000</FRAN>
    <GREC>75,000000</GREC>
    <MFTV>75,000000</MFTV>
    <PRGP>87,130000</PRGP>
    <ROSN>75,000000</ROSN>
    <SLOV>75,000000</SLOV>
    <SVIZ>75,000000</SVIZ>
    <BSP>75,000000</BSP>
    <MALT>87,130000</MALT>
    <XAUS>75,000000</XAUS>
    <XFRA>75,000000</XFRA>
  </Prezzi>
  <Prezzi>
    <Data>20170809</Data>
    <Mercato>MGP</Mercato>
    <Ora>19</Ora>
    <PUN>90,000000</PUN>
    <NAT>90,000000</NAT>
    <CNOR>90,000000</CNOR>
    <CSUD>90,000000</CSUD>
    <NORD>90,000000</NORD>
    <SARD>90,000000</SARD>
    <SICI>90,000000</SICI>
    <SUD>90,000000</SUD>
    <AUST>90,000000</AUST>
    <BRNN>90,000000</BRNN>
    <COAC>90,000000</COAC>
    <CORS>90,000000</CORS>
    <FOGN>90,000000</FOGN>
    <FRAN>90,000000</FRAN>
    <GREC>90,000000</GREC>
    <MFTV>90,000000</MFTV>
    <PRGP>90,000000</PRGP>
    <ROSN>90,000000</ROSN>
    <SLOV>90,000000</SLOV>
    <SVIZ>90,000000</SVIZ>
    <BSP>90,000000</BSP>
    <MALT>90,000000</MALT>
    <XAUS>90,000000</XAUS>
    <XFRA>90,000000</XFRA>
  </Prezzi>
  <Prezzi>
    <Data>20170809</Data>
    <Mercato>MGP</Mercato>
    <Ora>20</Ora>
    <PUN>90,542330</PUN>
    <NAT>96,270000</NAT>
    <CNOR>90,100000</CNOR>
    <CSUD>90,100000</CSUD>
    <NORD>90,100000</NORD>
    <SARD>90,100000</SARD>
    <SICI>96,270000</SICI>
    <SUD>90,100000</SUD>
    <AUST>90,100000</AUST>
    <BRNN>90,100000</BRNN>
    <COAC>90,100000</COAC>
    <CORS>90,100000</CORS>
    <FOGN>90,100000</FOGN>
    <FRAN>90,100000</FRAN>
    <GREC>90,100000</GREC>
    <MFTV>90,100000</MFTV>
    <PRGP>96,270000</PRGP>
    <ROSN>90,100000</ROSN>
    <SLOV>90,100000</SLOV>
    <SVIZ>90,100000</SVIZ>
    <BSP>90,100000</BSP>
    <MALT>96,270000</MALT>
    <XAUS>90,100000</XAUS>
    <XFRA>90,100000</XFRA>
  </Prezzi>
  <Prezzi>
    <Data>20170809</Data>
    <Mercato>MGP</Mercato>
    <Ora>21</Ora>
    <PUN>96,270000</PUN>
    <NAT>96,270000</NAT>
    <CNOR>96,270000</CNOR>
    <CSUD>96,270000</CSUD>
    <NORD>96,270000</NORD>
    <SARD>96,270000</SARD>
    <SICI>96,270000</SICI>
    <SUD>96,270000</SUD>
    <AUST>96,270000</AUST>
    <BRNN>96,270000</BRNN>
    <COAC>96,270000</COAC>
    <CORS>96,270000</CORS>
    <FOGN>96,270000</FOGN>
    <FRAN>96,270000</FRAN>
    <GREC>96,270000</GREC>
    <MFTV>96,270000</MFTV>
    <PRGP>96,270000</PRGP>
    <ROSN>96,270000</ROSN>
    <SLOV>96,270000</SLOV>
    <SVIZ>96,270000</SVIZ>
    <BSP>96,270000</BSP>
    <MALT>96,270000</MALT>
    <XAUS>96,270000</XAUS>
    <XFRA>96,270000</XFRA>
  </Prezzi>
  <Prezzi>
    <Data>20170809</Data>
    <Mercato>MGP</Mercato>
    <Ora>22</Ora>
    <PUN>90,551820</PUN>
    <NAT>96,270000</NAT>
    <CNOR>90,100000</CNOR>
    <CSUD>90,100000</CSUD>
    <NORD>90,100000</NORD>
    <SARD>90,100000</SARD>
    <SICI>96,270000</SICI>
    <SUD>90,100000</SUD>
    <AUST>90,100000</AUST>
    <BRNN>90,100000</BRNN>
    <COAC>90,100000</COAC>
    <CORS>90,100000</CORS>
    <FOGN>90,100000</FOGN>
    <FRAN>90,100000</FRAN>
    <GREC>90,100000</GREC>
    <MFTV>90,100000</MFTV>
    <PRGP>96,270000</PRGP>
    <ROSN>90,100000</ROSN>
    <SLOV>90,100000</SLOV>
    <SVIZ>90,100000</SVIZ>
    <BSP>90,100000</BSP>
    <MALT>96,270000</MALT>
    <XAUS>90,100000</XAUS>
    <XFRA>90,100000</XFRA>
  </Prezzi>
  <Prezzi>
    <Data>20170809</Data>
    <Mercato>MGP</Mercato>
    <Ora>23</Ora>
    <PUN>74,361450</PUN>
    <NAT>84,400000</NAT>
    <CNOR>72,600000</CNOR>
    <CSUD>72,600000</CSUD>
    <NORD>72,600000</NORD>
    <SARD>72,600000</SARD>
    <SICI>96,270000</SICI>
    <SUD>72,600000</SUD>
    <AUST>72,600000</AUST>
    <BRNN>72,600000</BRNN>
    <COAC>72,600000</COAC>
    <CORS>72,600000</CORS>
    <FOGN>72,600000</FOGN>
    <FRAN>72,600000</FRAN>
    <GREC>72,600000</GREC>
    <MFTV>72,600000</MFTV>
    <PRGP>96,270000</PRGP>
    <ROSN>72,600000</ROSN>
    <SLOV>72,600000</SLOV>
    <SVIZ>72,600000</SVIZ>
    <BSP>72,600000</BSP>
    <MALT>96,270000</MALT>
    <XAUS>72,600000</XAUS>
    <XFRA>72,600000</XFRA>
  </Prezzi>
  <Prezzi>
    <Data>20170809</Data>
    <Mercato>MGP</Mercato>
    <Ora>24</Ora>
    <PUN>54,735750</PUN>
    <NAT>58,000000</NAT>
    <CNOR>52,010000</CNOR>
    <CSUD>52,010000</CSUD>
    <NORD>52,010000</NORD>
    <SARD>52,010000</SARD>
    <SICI>88,400000</SICI>
    <SUD>52,010000</SUD>
    <AUST>52,010000</AUST>
    <BRNN>52,010000</BRNN>
    <COAC>52,010000</COAC>
    <CORS>52,010000</CORS>
    <FOGN>52,010000</FOGN>
    <FRAN>52,010000</FRAN>
    <GREC>52,010000</GREC>
    <MFTV>52,010000</MFTV>
    <PRGP>88,400000</PRGP>
    <ROSN>52,010000</ROSN>
    <SLOV>52,010000</SLOV>
    <SVIZ>52,010000</SVIZ>
    <BSP>52,010000</BSP>
    <MALT>88,400000</MALT>
    <XAUS>52,010000</XAUS>
    <XFRA>52,010000</XFRA>
  </Prezzi>
</NewDataSet>