<?xml version="1.0" standalone="yes"?>
<NewDataSet>
  <xs:schema id="NewDataSet" xmlns="" xmlns:xs="http://www.w3.org/2001/XMLSchema" xmlns:msdata="urn:schemas-microsoft-com:xml-msdata">
    <xs:element name="NewDataSet" msdata:IsDataSet="true" msdata:UseCurrentLocale="true">
      <xs:complexType>
        <xs:choice minOccurs="0" maxOccurs="unbounded">
          <xs:element name="Prezzi">
            <xs:complexType>
              <xs:sequence>
                <xs:element name="Data" type="xs:string" minOccurs="0" />
                <xs:element name="Mercato" type="xs:string" minOccurs="0" />
                <xs:element name="Ora" type="xs:string" minOccurs="0" />
                <xs:element name="PUN" type="xs:string" minOccurs="0" />
                <xs:element name="NAT" type="xs:string" minOccurs="0" />
                <xs:element name="CNOR" type="xs:string" minOccurs="0" />
                <xs:element name="CSUD" type="xs:string" minOccurs="0" />
                <xs:element name="NORD" type="xs:string" minOccurs="0" />
                <xs:element name="SARD" type="xs:string" minOccurs="0" />
                <xs:element name="SICI" type="xs:string" minOccurs="0" />
                <xs:element name="SUD" type="xs:string" minOccurs="0" />
                <xs:element name="AUST" type="xs:string" minOccurs="0" />
                <xs:element name="BRNN" type="xs:string" minOccurs="0" />
                <xs:element name="COAC" type="xs:string" minOccurs="0" />
                <xs:element name="CORS" type="xs:string" minOccurs="0" />
                <xs:element name="FOGN" type="xs:string" minOccurs="0" />
                <xs:element name="FRAN" type="xs:string" minOccurs="0" />
                <xs:element name="GREC" type="xs:string" minOccurs="0" />
                <xs:element name="MFTV" type="xs:string" minOccurs="0" />
                <xs:element name="PRGP" type="xs:string" minOccurs="0" />
                <xs:element name="ROSN" type="xs:string" minOccurs="0" />
                <xs:element name="SLOV" type="xs:string" minOccurs="0" />
                <xs:element name="SVIZ" type="xs:string" minOccurs="0" />
                <xs:element name="BSP" type="xs:string" minOccurs="0" />
                <xs:element name="MALT" type="xs:string" minOccurs="0" />
                <xs:element name="XAUS" type="xs:string" minOccurs="0" />
                <xs:element name="XFRA" type="xs:string" minOccurs="0" />
              </xs:sequence>
            </xs:complexType>
          </xs:element>
        </xs:choice>
      </xs:complexType>
    </xs:element>
  </xs:schema>
  <Prezzi>
    <Data>20170815</Data>
    <Mercato>MGP</Mercato>
    <Ora>1</Ora>
    <PUN>46,988170</PUN>
    <NAT>46,760000</NAT>
    <CNOR>45,800000</CNOR>
    <CSUD>45,800000</CSUD>
    <NORD>45,800000</NORD>
    <SARD>45,800000</SARD>
    <SICI>61,010000</SICI>
    <SUD>45,800000</SUD>
    <AUST>45,800000</AUST>
    <BRNN>45,800000</BRNN>
    <COAC>45,800000</COAC>
    <CORS>45,800000</CORS>
    <FOGN>45,800000</FOGN>
    <FRAN>45,800000</FRAN>
    <GREC>45,800000</GREC>
    <MFTV>45,800000</MFTV>
    <PRGP>61,010000</PRGP>
    <ROSN>45,800000</ROSN>
    <SLOV>45,800000</SLOV>
    <SVIZ>45,800000</SVIZ>
    <BSP>45,800000</BSP>
    <MALT>61,010000</MALT>
    <XAUS>45,800000</XAUS>
    <XFRA>45,800000</XFRA>
  </Prezzi>
  <Prezzi>
    <Data>20170815</Data>
    <Mercato>MGP</Mercato>
    <Ora>2</Ora>
    <PUN>45,772550</PUN>
    <NAT>44,770000</NAT>
    <CNOR>44,020000</CNOR>
    <CSUD>44,020000</CSUD>
    <NORD>44,020000</NORD>
    <SARD>44,020000</SARD>
    <SICI>66,010000</SICI>
    <SUD>44,020000</SUD>
    <AUST>44,020000</AUST>
    <BRNN>44,020000</BRNN>
    <COAC>44,020000</COAC>
    <CORS>44,020000</CORS>
    <FOGN>44,020000</FOGN>
    <FRAN>44,020000</FRAN>
    <GREC>44,020000</GREC>
    <MFTV>44,020000</MFTV>
    <PRGP>66,010000</PRGP>
    <ROSN>44,020000</ROSN>
    <SLOV>44,020000</SLOV>
    <SVIZ>44,020000</SVIZ>
    <BSP>44,020000</BSP>
    <MALT>66,010000</MALT>
    <XAUS>44,020000</XAUS>
    <XFRA>44,020000</XFRA>
  </Prezzi>
  <Prezzi>
    <Data>20170815</Data>
    <Mercato>MGP</Mercato>
    <Ora>3</Ora>
    <PUN>42,725980</PUN>
    <NAT>41,140000</NAT>
    <CNOR>41,140000</CNOR>
    <CSUD>41,140000</CSUD>
    <NORD>41,140000</NORD>
    <SARD>41,140000</SARD>
    <SICI>61,010000</SICI>
    <SUD>41,140000</SUD>
    <AUST>41,140000</AUST>
    <BRNN>41,140000</BRNN>
    <COAC>41,140000</COAC>
    <CORS>41,140000</CORS>
    <FOGN>41,140000</FOGN>
    <FRAN>41,140000</FRAN>
    <GREC>41,140000</GREC>
    <MFTV>41,140000</MFTV>
    <PRGP>61,010000</PRGP>
    <ROSN>41,140000</ROSN>
    <SLOV>41,140000</SLOV>
    <SVIZ>41,140000</SVIZ>
    <BSP>41,140000</BSP>
    <MALT>61,010000</MALT>
    <XAUS>41,140000</XAUS>
    <XFRA>41,140000</XFRA>
  </Prezzi>
  <Prezzi>
    <Data>20170815</Data>
    <Mercato>MGP</Mercato>
    <Ora>4</Ora>
    <PUN>40,000000</PUN>
    <NAT>40,000000</NAT>
    <CNOR>40,000000</CNOR>
    <CSUD>40,000000</CSUD>
    <NORD>40,000000</NORD>
    <SARD>40,000000</SARD>
    <SICI>40,000000</SICI>
    <SUD>40,000000</SUD>
    <AUST>40,000000</AUST>
    <BRNN>40,000000</BRNN>
    <COAC>40,000000</COAC>
    <CORS>40,000000</CORS>
    <FOGN>40,000000</FOGN>
    <FRAN>40,000000</FRAN>
    <GREC>40,000000</GREC>
    <MFTV>40,000000</MFTV>
    <PRGP>40,000000</PRGP>
    <ROSN>40,000000</ROSN>
    <SLOV>40,000000</SLOV>
    <SVIZ>40,000000</SVIZ>
    <BSP>40,000000</BSP>
    <MALT>40,000000</MALT>
    <XAUS>40,000000</XAUS>
    <XFRA>40,000000</XFRA>
  </Prezzi>
  <Prezzi>
    <Data>20170815</Data>
    <Mercato>MGP</Mercato>
    <Ora>5</Ora>
    <PUN>38,930000</PUN>
    <NAT>38,930000</NAT>
    <CNOR>38,930000</CNOR>
    <CSUD>38,930000</CSUD>
    <NORD>38,930000</NORD>
    <SARD>38,930000</SARD>
    <SICI>38,930000</SICI>
    <SUD>38,930000</SUD>
    <AUST>38,930000</AUST>
    <BRNN>38,930000</BRNN>
    <COAC>38,930000</COAC>
    <CORS>38,930000</CORS>
    <FOGN>38,930000</FOGN>
    <FRAN>38,930000</FRAN>
    <GREC>38,930000</GREC>
    <MFTV>38,930000</MFTV>
    <PRGP>38,930000</PRGP>
    <ROSN>38,930000</ROSN>
    <SLOV>38,930000</SLOV>
    <SVIZ>38,930000</SVIZ>
    <BSP>38,930000</BSP>
    <MALT>38,930000</MALT>
    <XAUS>38,930000</XAUS>
    <XFRA>38,930000</XFRA>
  </Prezzi>
  <Prezzi>
    <Data>20170815</Data>
    <Mercato>MGP</Mercato>
    <Ora>6</Ora>
    <PUN>40,040000</PUN>
    <NAT>40,040000</NAT>
    <CNOR>40,040000</CNOR>
    <CSUD>40,040000</CSUD>
    <NORD>40,040000</NORD>
    <SARD>40,040000</SARD>
    <SICI>40,040000</SICI>
    <SUD>40,040000</SUD>
    <AUST>40,040000</AUST>
    <BRNN>40,040000</BRNN>
    <COAC>40,040000</COAC>
    <CORS>40,040000</CORS>
    <FOGN>40,040000</FOGN>
    <FRAN>40,040000</FRAN>
    <GREC>40,040000</GREC>
    <MFTV>40,040000</MFTV>
    <PRGP>40,040000</PRGP>
    <ROSN>40,040000</ROSN>
    <SLOV>40,040000</SLOV>
    <SVIZ>40,040000</SVIZ>
    <BSP>40,040000</BSP>
    <MALT>40,040000</MALT>
    <XAUS>40,040000</XAUS>
    <XFRA>40,040000</XFRA>
  </Prezzi>
  <Prezzi>
    <Data>20170815</Data>
    <Mercato>MGP</Mercato>
    <Ora>7</Ora>
    <PUN>40,000000</PUN>
    <NAT>40,000000</NAT>
    <CNOR>40,000000</CNOR>
    <CSUD>40,000000</CSUD>
    <NORD>40,000000</NORD>
    <SARD>40,000000</SARD>
    <SICI>40,000000</SICI>
    <SUD>40,000000</SUD>
    <AUST>40,000000</AUST>
    <BRNN>40,000000</BRNN>
    <COAC>40,000000</COAC>
    <CORS>40,000000</CORS>
    <FOGN>40,000000</FOGN>
    <FRAN>40,000000</FRAN>
    <GREC>40,000000</GREC>
    <MFTV>40,000000</MFTV>
    <PRGP>40,000000</PRGP>
    <ROSN>40,000000</ROSN>
    <SLOV>40,000000</SLOV>
    <SVIZ>40,000000</SVIZ>
    <BSP>40,000000</BSP>
    <MALT>40,000000</MALT>
    <XAUS>40,000000</XAUS>
    <XFRA>40,000000</XFRA>
  </Prezzi>
  <Prezzi>
    <Data>20170815</Data>
    <Mercato>MGP</Mercato>
    <Ora>8</Ora>
    <PUN>40,040000</PUN>
    <NAT>40,040000</NAT>
    <CNOR>40,040000</CNOR>
    <CSUD>40,040000</CSUD>
    <NORD>40,040000</NORD>
    <SARD>40,040000</SARD>
    <SICI>40,040000</SICI>
    <SUD>40,040000</SUD>
    <AUST>40,040000</AUST>
    <BRNN>40,040000</BRNN>
    <COAC>40,040000</COAC>
    <CORS>40,040000</CORS>
    <FOGN>40,040000</FOGN>
    <FRAN>40,040000</FRAN>
    <GREC>40,040000</GREC>
    <MFTV>40,040000</MFTV>
    <PRGP>40,040000</PRGP>
    <ROSN>40,040000</ROSN>
    <SLOV>40,040000</SLOV>
    <SVIZ>40,040000</SVIZ>
    <BSP>40,040000</BSP>
    <MALT>40,040000</MALT>
    <XAUS>40,040000</XAUS>
    <XFRA>40,040000</XFRA>
  </Prezzi>
  <Prezzi>
    <Data>20170815</Data>
    <Mercato>MGP</Mercato>
    <Ora>9</Ora>
    <PUN>40,040000</PUN>
    <NAT>40,040000</NAT>
    <CNOR>40,040000</CNOR>
    <CSUD>40,040000</CSUD>
    <NORD>40,040000</NORD>
    <SARD>40,040000</SARD>
    <SICI>40,040000</SICI>
    <SUD>40,040000</SUD>
    <AUST>40,040000</AUST>
    <BRNN>40,040000</BRNN>
    <COAC>40,040000</COAC>
    <CORS>40,040000</CORS>
    <FOGN>40,040000</FOGN>
    <FRAN>40,040000</FRAN>
    <GREC>40,040000</GREC>
    <MFTV>40,040000</MFTV>
    <PRGP>40,040000</PRGP>
    <ROSN>40,040000</ROSN>
    <SLOV>40,040000</SLOV>
    <SVIZ>40,040000</SVIZ>
    <BSP>40,040000</BSP>
    <MALT>40,040000</MALT>
    <XAUS>40,040000</XAUS>
    <XFRA>40,040000</XFRA>
  </Prezzi>
  <Prezzi>
    <Data>20170815</Data>
    <Mercato>MGP</Mercato>
    <Ora>10</Ora>
    <PUN>40,000000</PUN>
    <NAT>40,000000</NAT>
    <CNOR>40,000000</CNOR>
    <CSUD>40,000000</CSUD>
    <NORD>40,000000</NORD>
    <SARD>40,000000</SARD>
    <SICI>40,000000</SICI>
    <SUD>40,000000</SUD>
    <AUST>40,000000</AUST>
    <BRNN>40,000000</BRNN>
    <COAC>40,000000</COAC>
    <CORS>40,000000</CORS>
    <FOGN>40,000000</FOGN>
    <FRAN>40,000000</FRAN>
    <GREC>40,000000</GREC>
    <MFTV>40,000000</MFTV>
    <PRGP>40,000000</PRGP>
    <ROSN>40,000000</ROSN>
    <SLOV>40,000000</SLOV>
    <SVIZ>40,000000</SVIZ>
    <BSP>40,000000</BSP>
    <MALT>40,000000</MALT>
    <XAUS>40,000000</XAUS>
    <XFRA>40,000000</XFRA>
  </Prezzi>
  <Prezzi>
    <Data>20170815</Data>
    <Mercato>MGP</Mercato>
    <Ora>11</Ora>
    <PUN>40,040000</PUN>
    <NAT>40,040000</NAT>
    <CNOR>40,040000</CNOR>
    <CSUD>40,040000</CSUD>
    <NORD>40,040000</NORD>
    <SARD>40,040000</SARD>
    <SICI>40,040000</SICI>
    <SUD>40,040000</SUD>
    <AUST>40,040000</AUST>
    <BRNN>40,040000</BRNN>
    <COAC>40,040000</COAC>
    <CORS>40,040000</CORS>
    <FOGN>40,040000</FOGN>
    <FRAN>40,040000</FRAN>
    <GREC>40,040000</GREC>
    <MFTV>40,040000</MFTV>
    <PRGP>40,040000</PRGP>
    <ROSN>40,040000</ROSN>
    <SLOV>40,040000</SLOV>
    <SVIZ>40,040000</SVIZ>
    <BSP>40,040000</BSP>
    <MALT>40,040000</MALT>
    <XAUS>40,040000</XAUS>
    <XFRA>40,040000</XFRA>
  </Prezzi>
  <Prezzi>
    <Data>20170815</Data>
    <Mercato>MGP</Mercato>
    <Ora>12</Ora>
    <PUN>38,620000</PUN>
    <NAT>38,620000</NAT>
    <CNOR>38,620000</CNOR>
    <CSUD>38,620000</CSUD>
    <NORD>38,620000</NORD>
    <SARD>38,620000</SARD>
    <SICI>38,620000</SICI>
    <SUD>38,620000</SUD>
    <AUST>38,620000</AUST>
    <BRNN>38,620000</BRNN>
    <COAC>38,620000</COAC>
    <CORS>38,620000</CORS>
    <FOGN>38,620000</FOGN>
    <FRAN>38,620000</FRAN>
    <GREC>38,620000</GREC>
    <MFTV>38,620000</MFTV>
    <PRGP>38,620000</PRGP>
    <ROSN>38,620000</ROSN>
    <SLOV>38,620000</SLOV>
    <SVIZ>38,620000</SVIZ>
    <BSP>38,620000</BSP>
    <MALT>38,620000</MALT>
    <XAUS>38,620000</XAUS>
    <XFRA>38,620000</XFRA>
  </Prezzi>
  <Prezzi>
    <Data>20170815</Data>
    <Mercato>MGP</Mercato>
    <Ora>13</Ora>
    <PUN>36,610000</PUN>
    <NAT>36,610000</NAT>
    <CNOR>36,610000</CNOR>
    <CSUD>36,610000</CSUD>
    <NORD>36,610000</NORD>
    <SARD>36,610000</SARD>
    <SICI>36,610000</SICI>
    <SUD>36,610000</SUD>
    <AUST>36,610000</AUST>
    <BRNN>36,610000</BRNN>
    <COAC>36,610000</COAC>
    <CORS>36,610000</CORS>
    <FOGN>36,610000</FOGN>
    <FRAN>36,610000</FRAN>
    <GREC>36,610000</GREC>
    <MFTV>36,610000</MFTV>
    <PRGP>36,610000</PRGP>
    <ROSN>36,610000</ROSN>
    <SLOV>36,610000</SLOV>
    <SVIZ>36,610000</SVIZ>
    <BSP>36,610000</BSP>
    <MALT>36,610000</MALT>
    <XAUS>36,610000</XAUS>
    <XFRA>36,610000</XFRA>
  </Prezzi>
  <Prezzi>
    <Data>20170815</Data>
    <Mercato>MGP</Mercato>
    <Ora>14</Ora>
    <PUN>32,400000</PUN>
    <NAT>32,400000</NAT>
    <CNOR>32,400000</CNOR>
    <CSUD>32,400000</CSUD>
    <NORD>32,400000</NORD>
    <SARD>32,400000</SARD>
    <SICI>32,400000</SICI>
    <SUD>32,400000</SUD>
    <AUST>32,400000</AUST>
    <BRNN>32,400000</BRNN>
    <COAC>32,400000</COAC>
    <CORS>32,400000</CORS>
    <FOGN>32,400000</FOGN>
    <FRAN>32,400000</FRAN>
    <GREC>32,400000</GREC>
    <MFTV>32,400000</MFTV>
    <PRGP>32,400000</PRGP>
    <ROSN>32,400000</ROSN>
    <SLOV>32,400000</SLOV>
    <SVIZ>32,400000</SVIZ>
    <BSP>32,400000</BSP>
    <MALT>32,400000</MALT>
    <XAUS>32,400000</XAUS>
    <XFRA>32,400000</XFRA>
  </Prezzi>
  <Prezzi>
    <Data>20170815</Data>
    <Mercato>MGP</Mercato>
    <Ora>15</Ora>
    <PUN>29,700000</PUN>
    <NAT>29,700000</NAT>
    <CNOR>29,700000</CNOR>
    <CSUD>29,700000</CSUD>
    <NORD>29,700000</NORD>
    <SARD>29,700000</SARD>
    <SICI>29,700000</SICI>
    <SUD>29,700000</SUD>
    <AUST>29,700000</AUST>
    <BRNN>29,700000</BRNN>
    <COAC>29,700000</COAC>
    <CORS>29,700000</CORS>
    <FOGN>29,700000</FOGN>
    <FRAN>29,700000</FRAN>
    <GREC>29,700000</GREC>
    <MFTV>29,700000</MFTV>
    <PRGP>29,700000</PRGP>
    <ROSN>29,700000</ROSN>
    <SLOV>29,700000</SLOV>
    <SVIZ>29,700000</SVIZ>
    <BSP>29,700000</BSP>
    <MALT>29,700000</MALT>
    <XAUS>29,700000</XAUS>
    <XFRA>29,700000</XFRA>
  </Prezzi>
  <Prezzi>
    <Data>20170815</Data>
    <Mercato>MGP</Mercato>
    <Ora>16</Ora>
    <PUN>34,200000</PUN>
    <NAT>34,200000</NAT>
    <CNOR>34,200000</CNOR>
    <CSUD>34,200000</CSUD>
    <NORD>34,200000</NORD>
    <SARD>34,200000</SARD>
    <SICI>34,200000</SICI>
    <SUD>34,200000</SUD>
    <AUST>34,200000</AUST>
    <BRNN>34,200000</BRNN>
    <COAC>34,200000</COAC>
    <CORS>34,200000</CORS>
    <FOGN>34,200000</FOGN>
    <FRAN>34,200000</FRAN>
    <GREC>34,200000</GREC>
    <MFTV>34,200000</MFTV>
    <PRGP>34,200000</PRGP>
    <ROSN>34,200000</ROSN>
    <SLOV>34,200000</SLOV>
    <SVIZ>34,200000</SVIZ>
    <BSP>34,200000</BSP>
    <MALT>34,200000</MALT>
    <XAUS>34,200000</XAUS>
    <XFRA>34,200000</XFRA>
  </Prezzi>
  <Prezzi>
    <Data>20170815</Data>
    <Mercato>MGP</Mercato>
    <Ora>17</Ora>
    <PUN>38,000000</PUN>
    <NAT>38,000000</NAT>
    <CNOR>38,000000</CNOR>
    <CSUD>38,000000</CSUD>
    <NORD>38,000000</NORD>
    <SARD>38,000000</SARD>
    <SICI>38,000000</SICI>
    <SUD>38,000000</SUD>
    <AUST>38,000000</AUST>
    <BRNN>38,000000</BRNN>
    <COAC>38,000000</COAC>
    <CORS>38,000000</CORS>
    <FOGN>38,000000</FOGN>
    <FRAN>38,000000</FRAN>
    <GREC>38,000000</GREC>
    <MFTV>38,000000</MFTV>
    <PRGP>38,000000</PRGP>
    <ROSN>38,000000</ROSN>
    <SLOV>38,000000</SLOV>
    <SVIZ>38,000000</SVIZ>
    <BSP>38,000000</BSP>
    <MALT>38,000000</MALT>
    <XAUS>38,000000</XAUS>
    <XFRA>38,000000</XFRA>
  </Prezzi>
  <Prezzi>
    <Data>20170815</Data>
    <Mercato>MGP</Mercato>
    <Ora>18</Ora>
    <PUN>40,500000</PUN>
    <NAT>40,500000</NAT>
    <CNOR>40,500000</CNOR>
    <CSUD>40,500000</CSUD>
    <NORD>40,500000</NORD>
    <SARD>40,500000</SARD>
    <SICI>40,500000</SICI>
    <SUD>40,500000</SUD>
    <AUST>40,500000</AUST>
    <BRNN>40,500000</BRNN>
    <COAC>40,500000</COAC>
    <CORS>40,500000</CORS>
    <FOGN>40,500000</FOGN>
    <FRAN>40,500000</FRAN>
    <GREC>40,500000</GREC>
    <MFTV>40,500000</MFTV>
    <PRGP>40,500000</PRGP>
    <ROSN>40,500000</ROSN>
    <SLOV>40,500000</SLOV>
    <SVIZ>40,500000</SVIZ>
    <BSP>40,500000</BSP>
    <MALT>40,500000</MALT>
    <XAUS>40,500000</XAUS>
    <XFRA>40,500000</XFRA>
  </Prezzi>
  <Prezzi>
    <Data>20170815</Data>
    <Mercato>MGP</Mercato>
    <Ora>19</Ora>
    <PUN>43,130000</PUN>
    <NAT>43,130000</NAT>
    <CNOR>43,130000</CNOR>
    <CSUD>43,130000</CSUD>
    <NORD>43,130000</NORD>
    <SARD>43,130000</SARD>
    <SICI>43,130000</SICI>
    <SUD>43,130000</SUD>
    <AUST>43,130000</AUST>
    <BRNN>43,130000</BRNN>
    <COAC>43,130000</COAC>
    <CORS>43,130000</CORS>
    <FOGN>43,130000</FOGN>
    <FRAN>43,130000</FRAN>
    <GREC>43,130000</GREC>
    <MFTV>43,130000</MFTV>
    <PRGP>43,130000</PRGP>
    <ROSN>43,130000</ROSN>
    <SLOV>43,130000</SLOV>
    <SVIZ>43,130000</SVIZ>
    <BSP>43,130000</BSP>
    <MALT>43,130000</MALT>
    <XAUS>43,130000</XAUS>
    <XFRA>43,130000</XFRA>
  </Prezzi>
  <Prezzi>
    <Data>20170815</Data>
    <Mercato>MGP</Mercato>
    <Ora>20</Ora>
    <PUN>48,662800</PUN>
    <NAT>46,460000</NAT>
    <CNOR>46,140000</CNOR>
    <CSUD>46,140000</CSUD>
    <NORD>46,140000</NORD>
    <SARD>46,140000</SARD>
    <SICI>79,990000</SICI>
    <SUD>46,140000</SUD>
    <AUST>46,140000</AUST>
    <BRNN>46,140000</BRNN>
    <COAC>46,140000</COAC>
    <CORS>46,140000</CORS>
    <FOGN>46,140000</FOGN>
    <FRAN>46,140000</FRAN>
    <GREC>46,140000</GREC>
    <MFTV>46,140000</MFTV>
    <PRGP>79,990000</PRGP>
    <ROSN>46,140000</ROSN>
    <SLOV>46,140000</SLOV>
    <SVIZ>46,140000</SVIZ>
    <BSP>46,140000</BSP>
    <MALT>79,990000</MALT>
    <XAUS>46,140000</XAUS>
    <XFRA>46,140000</XFRA>
  </Prezzi>
  <Prezzi>
    <Data>20170815</Data>
    <Mercato>MGP</Mercato>
    <Ora>21</Ora>
    <PUN>53,646060</PUN>
    <NAT>50,620000</NAT>
    <CNOR>49,980000</CNOR>
    <CSUD>49,980000</CSUD>
    <NORD>49,980000</NORD>
    <SARD>49,980000</SARD>
    <SICI>96,270000</SICI>
    <SUD>49,980000</SUD>
    <AUST>49,980000</AUST>
    <BRNN>49,980000</BRNN>
    <COAC>49,980000</COAC>
    <CORS>49,980000</CORS>
    <FOGN>49,980000</FOGN>
    <FRAN>49,980000</FRAN>
    <GREC>49,980000</GREC>
    <MFTV>49,980000</MFTV>
    <PRGP>96,270000</PRGP>
    <ROSN>49,980000</ROSN>
    <SLOV>49,980000</SLOV>
    <SVIZ>49,980000</SVIZ>
    <BSP>49,980000</BSP>
    <MALT>96,270000</MALT>
    <XAUS>49,980000</XAUS>
    <XFRA>49,980000</XFRA>
  </Prezzi>
  <Prezzi>
    <Data>20170815</Data>
    <Mercato>MGP</Mercato>
    <Ora>22</Ora>
    <PUN>53,494000</PUN>
    <NAT>51,420000</NAT>
    <CNOR>50,620000</CNOR>
    <CSUD>50,620000</CSUD>
    <NORD>50,620000</NORD>
    <SARD>50,620000</SARD>
    <SICI>87,880000</SICI>
    <SUD>50,620000</SUD>
    <AUST>50,620000</AUST>
    <BRNN>50,620000</BRNN>
    <COAC>50,620000</COAC>
    <CORS>50,620000</CORS>
    <FOGN>50,620000</FOGN>
    <FRAN>50,620000</FRAN>
    <GREC>50,620000</GREC>
    <MFTV>50,620000</MFTV>
    <PRGP>87,880000</PRGP>
    <ROSN>50,620000</ROSN>
    <SLOV>50,620000</SLOV>
    <SVIZ>50,620000</SVIZ>
    <BSP>50,620000</BSP>
    <MALT>87,880000</MALT>
    <XAUS>50,620000</XAUS>
    <XFRA>50,620000</XFRA>
  </Prezzi>
  <Prezzi>
    <Data>20170815</Data>
    <Mercato>MGP</Mercato>
    <Ora>23</Ora>
    <PUN>52,663540</PUN>
    <NAT>49,980000</NAT>
    <CNOR>49,980000</CNOR>
    <CSUD>49,980000</CSUD>
    <NORD>49,980000</NORD>
    <SARD>49,980000</SARD>
    <SICI>84,640000</SICI>
    <SUD>49,980000</SUD>
    <AUST>49,980000</AUST>
    <BRNN>49,980000</BRNN>
    <COAC>49,980000</COAC>
    <CORS>49,980000</CORS>
    <FOGN>49,980000</FOGN>
    <FRAN>49,980000</FRAN>
    <GREC>49,980000</GREC>
    <MFTV>49,980000</MFTV>
    <PRGP>84,640000</PRGP>
    <ROSN>49,980000</ROSN>
    <SLOV>49,980000</SLOV>
    <SVIZ>49,980000</SVIZ>
    <BSP>49,980000</BSP>
    <MALT>84,640000</MALT>
    <XAUS>49,980000</XAUS>
    <XFRA>49,980000</XFRA>
  </Prezzi>
  <Prezzi>
    <Data>20170815</Data>
    <Mercato>MGP</Mercato>
    <Ora>24</Ora>
    <PUN>49,439210</PUN>
    <NAT>47,000000</NAT>
    <CNOR>46,800000</CNOR>
    <CSUD>46,800000</CSUD>
    <NORD>46,800000</NORD>
    <SARD>46,800000</SARD>
    <SICI>79,990000</SICI>
    <SUD>46,800000</SUD>
    <AUST>46,800000</AUST>
    <BRNN>46,800000</BRNN>
    <COAC>46,800000</COAC>
    <CORS>46,800000</CORS>
    <FOGN>46,800000</FOGN>
    <FRAN>46,800000</FRAN>
    <GREC>46,800000</GREC>
    <MFTV>46,800000</MFTV>
    <PRGP>79,990000</PRGP>
    <ROSN>46,800000</ROSN>
    <SLOV>46,800000</SLOV>
    <SVIZ>46,800000</SVIZ>
    <BSP>46,800000</BSP>
    <MALT>79,990000</MALT>
    <XAUS>46,800000</XAUS>
    <XFRA>46,800000</XFRA>
  </Prezzi>
</NewDataSet>