<?xml version="1.0" standalone="yes"?>
<NewDataSet>
  <xs:schema id="NewDataSet" xmlns="" xmlns:xs="http://www.w3.org/2001/XMLSchema" xmlns:msdata="urn:schemas-microsoft-com:xml-msdata">
    <xs:element name="NewDataSet" msdata:IsDataSet="true" msdata:UseCurrentLocale="true">
      <xs:complexType>
        <xs:choice minOccurs="0" maxOccurs="unbounded">
          <xs:element name="Prezzi">
            <xs:complexType>
              <xs:sequence>
                <xs:element name="Data" type="xs:string" minOccurs="0" />
                <xs:element name="Mercato" type="xs:string" minOccurs="0" />
                <xs:element name="Ora" type="xs:string" minOccurs="0" />
                <xs:element name="PUN" type="xs:string" minOccurs="0" />
                <xs:element name="NAT" type="xs:string" minOccurs="0" />
                <xs:element name="CNOR" type="xs:string" minOccurs="0" />
                <xs:element name="CSUD" type="xs:string" minOccurs="0" />
                <xs:element name="NORD" type="xs:string" minOccurs="0" />
                <xs:element name="SARD" type="xs:string" minOccurs="0" />
                <xs:element name="SICI" type="xs:string" minOccurs="0" />
                <xs:element name="SUD" type="xs:string" minOccurs="0" />
                <xs:element name="AUST" type="xs:string" minOccurs="0" />
                <xs:element name="BRNN" type="xs:string" minOccurs="0" />
                <xs:element name="COAC" type="xs:string" minOccurs="0" />
                <xs:element name="CORS" type="xs:string" minOccurs="0" />
                <xs:element name="FOGN" type="xs:string" minOccurs="0" />
                <xs:element name="FRAN" type="xs:string" minOccurs="0" />
                <xs:element name="GREC" type="xs:string" minOccurs="0" />
                <xs:element name="MFTV" type="xs:string" minOccurs="0" />
                <xs:element name="PRGP" type="xs:string" minOccurs="0" />
                <xs:element name="ROSN" type="xs:string" minOccurs="0" />
                <xs:element name="SLOV" type="xs:string" minOccurs="0" />
                <xs:element name="SVIZ" type="xs:string" minOccurs="0" />
                <xs:element name="BSP" type="xs:string" minOccurs="0" />
                <xs:element name="MALT" type="xs:string" minOccurs="0" />
                <xs:element name="XAUS" type="xs:string" minOccurs="0" />
                <xs:element name="XFRA" type="xs:string" minOccurs="0" />
              </xs:sequence>
            </xs:complexType>
          </xs:element>
        </xs:choice>
      </xs:complexType>
    </xs:element>
  </xs:schema>
  <Prezzi>
    <Data>20160705</Data>
    <Mercato>MGP</Mercato>
    <Ora>1</Ora>
    <PUN>40,235320</PUN>
    <NAT>40,590000</NAT>
    <CNOR>40,000000</CNOR>
    <CSUD>40,000000</CSUD>
    <NORD>40,000000</NORD>
    <SARD>40,000000</SARD>
    <SICI>43,830000</SICI>
    <SUD>40,000000</SUD>
    <AUST>40,000000</AUST>
    <BRNN>40,000000</BRNN>
    <COAC>40,000000</COAC>
    <CORS>40,000000</CORS>
    <FOGN>40,000000</FOGN>
    <FRAN>40,000000</FRAN>
    <GREC>40,000000</GREC>
    <MFTV>40,000000</MFTV>
    <PRGP>43,830000</PRGP>
    <ROSN>40,000000</ROSN>
    <SLOV>40,000000</SLOV>
    <SVIZ>40,000000</SVIZ>
    <BSP>40,000000</BSP>
    <MALT>43,830000</MALT>
    <XAUS>40,000000</XAUS>
    <XFRA>40,000000</XFRA>
  </Prezzi>
  <Prezzi>
    <Data>20160705</Data>
    <Mercato>MGP</Mercato>
    <Ora>2</Ora>
    <PUN>38,257060</PUN>
    <NAT>38,050000</NAT>
    <CNOR>38,000000</CNOR>
    <CSUD>38,000000</CSUD>
    <NORD>38,000000</NORD>
    <SARD>38,000000</SARD>
    <SICI>42,240000</SICI>
    <SUD>38,000000</SUD>
    <AUST>38,000000</AUST>
    <BRNN>38,000000</BRNN>
    <COAC>38,000000</COAC>
    <CORS>38,000000</CORS>
    <FOGN>38,000000</FOGN>
    <FRAN>38,000000</FRAN>
    <GREC>38,000000</GREC>
    <MFTV>38,000000</MFTV>
    <PRGP>42,240000</PRGP>
    <ROSN>38,000000</ROSN>
    <SLOV>38,000000</SLOV>
    <SVIZ>38,000000</SVIZ>
    <BSP>38,000000</BSP>
    <MALT>42,240000</MALT>
    <XAUS>38,000000</XAUS>
    <XFRA>38,000000</XFRA>
  </Prezzi>
  <Prezzi>
    <Data>20160705</Data>
    <Mercato>MGP</Mercato>
    <Ora>3</Ora>
    <PUN>36,333620</PUN>
    <NAT>36,000000</NAT>
    <CNOR>36,000000</CNOR>
    <CSUD>36,000000</CSUD>
    <NORD>36,000000</NORD>
    <SARD>36,000000</SARD>
    <SICI>41,630000</SICI>
    <SUD>36,000000</SUD>
    <AUST>36,000000</AUST>
    <BRNN>36,000000</BRNN>
    <COAC>36,000000</COAC>
    <CORS>36,000000</CORS>
    <FOGN>36,000000</FOGN>
    <FRAN>36,000000</FRAN>
    <GREC>36,000000</GREC>
    <MFTV>36,000000</MFTV>
    <PRGP>41,630000</PRGP>
    <ROSN>36,000000</ROSN>
    <SLOV>36,000000</SLOV>
    <SVIZ>36,000000</SVIZ>
    <BSP>36,000000</BSP>
    <MALT>41,630000</MALT>
    <XAUS>36,000000</XAUS>
    <XFRA>36,000000</XFRA>
  </Prezzi>
  <Prezzi>
    <Data>20160705</Data>
    <Mercato>MGP</Mercato>
    <Ora>4</Ora>
    <PUN>35,409090</PUN>
    <NAT>35,150000</NAT>
    <CNOR>35,150000</CNOR>
    <CSUD>35,150000</CSUD>
    <NORD>35,150000</NORD>
    <SARD>35,150000</SARD>
    <SICI>39,630000</SICI>
    <SUD>35,150000</SUD>
    <AUST>35,150000</AUST>
    <BRNN>35,150000</BRNN>
    <COAC>35,150000</COAC>
    <CORS>35,150000</CORS>
    <FOGN>35,150000</FOGN>
    <FRAN>35,150000</FRAN>
    <GREC>35,150000</GREC>
    <MFTV>35,150000</MFTV>
    <PRGP>39,630000</PRGP>
    <ROSN>35,150000</ROSN>
    <SLOV>35,150000</SLOV>
    <SVIZ>35,150000</SVIZ>
    <BSP>35,150000</BSP>
    <MALT>39,630000</MALT>
    <XAUS>35,150000</XAUS>
    <XFRA>35,150000</XFRA>
  </Prezzi>
  <Prezzi>
    <Data>20160705</Data>
    <Mercato>MGP</Mercato>
    <Ora>5</Ora>
    <PUN>35,201660</PUN>
    <NAT>35,150000</NAT>
    <CNOR>35,150000</CNOR>
    <CSUD>35,150000</CSUD>
    <NORD>35,150000</NORD>
    <SARD>35,150000</SARD>
    <SICI>36,060000</SICI>
    <SUD>35,150000</SUD>
    <AUST>35,150000</AUST>
    <BRNN>35,150000</BRNN>
    <COAC>35,150000</COAC>
    <CORS>35,150000</CORS>
    <FOGN>35,150000</FOGN>
    <FRAN>35,150000</FRAN>
    <GREC>35,150000</GREC>
    <MFTV>35,150000</MFTV>
    <PRGP>36,060000</PRGP>
    <ROSN>35,150000</ROSN>
    <SLOV>35,150000</SLOV>
    <SVIZ>35,150000</SVIZ>
    <BSP>35,150000</BSP>
    <MALT>36,060000</MALT>
    <XAUS>35,150000</XAUS>
    <XFRA>35,150000</XFRA>
  </Prezzi>
  <Prezzi>
    <Data>20160705</Data>
    <Mercato>MGP</Mercato>
    <Ora>6</Ora>
    <PUN>35,403850</PUN>
    <NAT>35,150000</NAT>
    <CNOR>35,150000</CNOR>
    <CSUD>35,150000</CSUD>
    <NORD>35,150000</NORD>
    <SARD>35,150000</SARD>
    <SICI>39,630000</SICI>
    <SUD>35,150000</SUD>
    <AUST>35,150000</AUST>
    <BRNN>35,150000</BRNN>
    <COAC>35,150000</COAC>
    <CORS>35,150000</CORS>
    <FOGN>35,150000</FOGN>
    <FRAN>35,150000</FRAN>
    <GREC>35,150000</GREC>
    <MFTV>35,150000</MFTV>
    <PRGP>39,630000</PRGP>
    <ROSN>35,150000</ROSN>
    <SLOV>35,150000</SLOV>
    <SVIZ>35,150000</SVIZ>
    <BSP>35,150000</BSP>
    <MALT>39,630000</MALT>
    <XAUS>35,150000</XAUS>
    <XFRA>35,150000</XFRA>
  </Prezzi>
  <Prezzi>
    <Data>20160705</Data>
    <Mercato>MGP</Mercato>
    <Ora>7</Ora>
    <PUN>37,578570</PUN>
    <NAT>37,440000</NAT>
    <CNOR>37,440000</CNOR>
    <CSUD>37,440000</CSUD>
    <NORD>37,440000</NORD>
    <SARD>37,440000</SARD>
    <SICI>40,010000</SICI>
    <SUD>37,440000</SUD>
    <AUST>37,440000</AUST>
    <BRNN>37,440000</BRNN>
    <COAC>37,440000</COAC>
    <CORS>37,440000</CORS>
    <FOGN>37,440000</FOGN>
    <FRAN>37,440000</FRAN>
    <GREC>37,440000</GREC>
    <MFTV>37,440000</MFTV>
    <PRGP>40,010000</PRGP>
    <ROSN>37,440000</ROSN>
    <SLOV>37,440000</SLOV>
    <SVIZ>37,440000</SVIZ>
    <BSP>37,440000</BSP>
    <MALT>40,010000</MALT>
    <XAUS>37,440000</XAUS>
    <XFRA>37,440000</XFRA>
  </Prezzi>
  <Prezzi>
    <Data>20160705</Data>
    <Mercato>MGP</Mercato>
    <Ora>8</Ora>
    <PUN>41,006800</PUN>
    <NAT>41,510000</NAT>
    <CNOR>40,730000</CNOR>
    <CSUD>40,730000</CSUD>
    <NORD>40,730000</NORD>
    <SARD>40,730000</SARD>
    <SICI>46,000000</SICI>
    <SUD>40,730000</SUD>
    <AUST>40,730000</AUST>
    <BRNN>40,730000</BRNN>
    <COAC>40,730000</COAC>
    <CORS>40,730000</CORS>
    <FOGN>40,730000</FOGN>
    <FRAN>40,730000</FRAN>
    <GREC>40,730000</GREC>
    <MFTV>40,730000</MFTV>
    <PRGP>46,000000</PRGP>
    <ROSN>40,730000</ROSN>
    <SLOV>40,730000</SLOV>
    <SVIZ>40,730000</SVIZ>
    <BSP>40,730000</BSP>
    <MALT>46,000000</MALT>
    <XAUS>40,730000</XAUS>
    <XFRA>40,730000</XFRA>
  </Prezzi>
  <Prezzi>
    <Data>20160705</Data>
    <Mercato>MGP</Mercato>
    <Ora>9</Ora>
    <PUN>46,125230</PUN>
    <NAT>45,570000</NAT>
    <CNOR>45,570000</CNOR>
    <CSUD>45,570000</CSUD>
    <NORD>45,570000</NORD>
    <SARD>45,570000</SARD>
    <SICI>55,990000</SICI>
    <SUD>45,570000</SUD>
    <AUST>45,570000</AUST>
    <BRNN>45,570000</BRNN>
    <COAC>45,570000</COAC>
    <CORS>45,570000</CORS>
    <FOGN>45,570000</FOGN>
    <FRAN>45,570000</FRAN>
    <GREC>45,570000</GREC>
    <MFTV>45,570000</MFTV>
    <PRGP>55,990000</PRGP>
    <ROSN>45,570000</ROSN>
    <SLOV>45,570000</SLOV>
    <SVIZ>45,570000</SVIZ>
    <BSP>45,570000</BSP>
    <MALT>55,990000</MALT>
    <XAUS>45,570000</XAUS>
    <XFRA>45,570000</XFRA>
  </Prezzi>
  <Prezzi>
    <Data>20160705</Data>
    <Mercato>MGP</Mercato>
    <Ora>10</Ora>
    <PUN>49,760000</PUN>
    <NAT>49,760000</NAT>
    <CNOR>49,642690</CNOR>
    <CSUD>49,642690</CSUD>
    <NORD>49,642690</NORD>
    <SARD>49,642690</SARD>
    <SICI>51,830000</SICI>
    <SUD>49,642690</SUD>
    <AUST>49,642690</AUST>
    <BRNN>49,642690</BRNN>
    <COAC>49,642690</COAC>
    <CORS>49,642690</CORS>
    <FOGN>49,642690</FOGN>
    <FRAN>49,642690</FRAN>
    <GREC>49,642690</GREC>
    <MFTV>49,642690</MFTV>
    <PRGP>51,830000</PRGP>
    <ROSN>49,642690</ROSN>
    <SLOV>49,642690</SLOV>
    <SVIZ>49,642690</SVIZ>
    <BSP>49,642690</BSP>
    <MALT>51,830000</MALT>
    <XAUS>49,642690</XAUS>
    <XFRA>49,642690</XFRA>
  </Prezzi>
  <Prezzi>
    <Data>20160705</Data>
    <Mercato>MGP</Mercato>
    <Ora>11</Ora>
    <PUN>45,570000</PUN>
    <NAT>45,570000</NAT>
    <CNOR>45,570000</CNOR>
    <CSUD>45,570000</CSUD>
    <NORD>45,570000</NORD>
    <SARD>45,570000</SARD>
    <SICI>45,570000</SICI>
    <SUD>45,570000</SUD>
    <AUST>45,570000</AUST>
    <BRNN>45,570000</BRNN>
    <COAC>45,570000</COAC>
    <CORS>45,570000</CORS>
    <FOGN>45,570000</FOGN>
    <FRAN>45,570000</FRAN>
    <GREC>45,570000</GREC>
    <MFTV>45,570000</MFTV>
    <PRGP>45,570000</PRGP>
    <ROSN>45,570000</ROSN>
    <SLOV>45,570000</SLOV>
    <SVIZ>45,570000</SVIZ>
    <BSP>45,570000</BSP>
    <MALT>45,570000</MALT>
    <XAUS>45,570000</XAUS>
    <XFRA>45,570000</XFRA>
  </Prezzi>
  <Prezzi>
    <Data>20160705</Data>
    <Mercato>MGP</Mercato>
    <Ora>12</Ora>
    <PUN>46,990000</PUN>
    <NAT>46,990000</NAT>
    <CNOR>46,990000</CNOR>
    <CSUD>46,990000</CSUD>
    <NORD>46,990000</NORD>
    <SARD>46,990000</SARD>
    <SICI>46,990000</SICI>
    <SUD>46,990000</SUD>
    <AUST>46,990000</AUST>
    <BRNN>46,990000</BRNN>
    <COAC>46,990000</COAC>
    <CORS>46,990000</CORS>
    <FOGN>46,990000</FOGN>
    <FRAN>46,990000</FRAN>
    <GREC>46,990000</GREC>
    <MFTV>46,990000</MFTV>
    <PRGP>46,990000</PRGP>
    <ROSN>46,990000</ROSN>
    <SLOV>46,990000</SLOV>
    <SVIZ>46,990000</SVIZ>
    <BSP>46,990000</BSP>
    <MALT>46,990000</MALT>
    <XAUS>46,990000</XAUS>
    <XFRA>46,990000</XFRA>
  </Prezzi>
  <Prezzi>
    <Data>20160705</Data>
    <Mercato>MGP</Mercato>
    <Ora>13</Ora>
    <PUN>45,000000</PUN>
    <NAT>45,000000</NAT>
    <CNOR>45,000000</CNOR>
    <CSUD>45,000000</CSUD>
    <NORD>45,000000</NORD>
    <SARD>45,000000</SARD>
    <SICI>45,000000</SICI>
    <SUD>45,000000</SUD>
    <AUST>45,000000</AUST>
    <BRNN>45,000000</BRNN>
    <COAC>45,000000</COAC>
    <CORS>45,000000</CORS>
    <FOGN>45,000000</FOGN>
    <FRAN>45,000000</FRAN>
    <GREC>45,000000</GREC>
    <MFTV>45,000000</MFTV>
    <PRGP>45,000000</PRGP>
    <ROSN>45,000000</ROSN>
    <SLOV>45,000000</SLOV>
    <SVIZ>45,000000</SVIZ>
    <BSP>45,000000</BSP>
    <MALT>45,000000</MALT>
    <XAUS>45,000000</XAUS>
    <XFRA>45,000000</XFRA>
  </Prezzi>
  <Prezzi>
    <Data>20160705</Data>
    <Mercato>MGP</Mercato>
    <Ora>14</Ora>
    <PUN>44,000000</PUN>
    <NAT>44,000000</NAT>
    <CNOR>44,000000</CNOR>
    <CSUD>44,000000</CSUD>
    <NORD>44,000000</NORD>
    <SARD>44,000000</SARD>
    <SICI>44,000000</SICI>
    <SUD>44,000000</SUD>
    <AUST>44,000000</AUST>
    <BRNN>44,000000</BRNN>
    <COAC>44,000000</COAC>
    <CORS>44,000000</CORS>
    <FOGN>44,000000</FOGN>
    <FRAN>44,000000</FRAN>
    <GREC>44,000000</GREC>
    <MFTV>44,000000</MFTV>
    <PRGP>44,000000</PRGP>
    <ROSN>44,000000</ROSN>
    <SLOV>44,000000</SLOV>
    <SVIZ>44,000000</SVIZ>
    <BSP>44,000000</BSP>
    <MALT>44,000000</MALT>
    <XAUS>44,000000</XAUS>
    <XFRA>44,000000</XFRA>
  </Prezzi>
  <Prezzi>
    <Data>20160705</Data>
    <Mercato>MGP</Mercato>
    <Ora>15</Ora>
    <PUN>47,070000</PUN>
    <NAT>47,070000</NAT>
    <CNOR>47,070000</CNOR>
    <CSUD>47,070000</CSUD>
    <NORD>47,070000</NORD>
    <SARD>47,070000</SARD>
    <SICI>47,070000</SICI>
    <SUD>47,070000</SUD>
    <AUST>47,070000</AUST>
    <BRNN>47,070000</BRNN>
    <COAC>47,070000</COAC>
    <CORS>47,070000</CORS>
    <FOGN>47,070000</FOGN>
    <FRAN>47,070000</FRAN>
    <GREC>47,070000</GREC>
    <MFTV>47,070000</MFTV>
    <PRGP>47,070000</PRGP>
    <ROSN>47,070000</ROSN>
    <SLOV>47,070000</SLOV>
    <SVIZ>47,070000</SVIZ>
    <BSP>47,070000</BSP>
    <MALT>47,070000</MALT>
    <XAUS>47,070000</XAUS>
    <XFRA>47,070000</XFRA>
  </Prezzi>
  <Prezzi>
    <Data>20160705</Data>
    <Mercato>MGP</Mercato>
    <Ora>16</Ora>
    <PUN>48,720000</PUN>
    <NAT>48,720000</NAT>
    <CNOR>48,720000</CNOR>
    <CSUD>48,720000</CSUD>
    <NORD>48,720000</NORD>
    <SARD>48,720000</SARD>
    <SICI>48,720000</SICI>
    <SUD>48,720000</SUD>
    <AUST>48,720000</AUST>
    <BRNN>48,720000</BRNN>
    <COAC>48,720000</COAC>
    <CORS>48,720000</CORS>
    <FOGN>48,720000</FOGN>
    <FRAN>48,720000</FRAN>
    <GREC>48,720000</GREC>
    <MFTV>48,720000</MFTV>
    <PRGP>48,720000</PRGP>
    <ROSN>48,720000</ROSN>
    <SLOV>48,720000</SLOV>
    <SVIZ>48,720000</SVIZ>
    <BSP>48,720000</BSP>
    <MALT>48,720000</MALT>
    <XAUS>48,720000</XAUS>
    <XFRA>48,720000</XFRA>
  </Prezzi>
  <Prezzi>
    <Data>20160705</Data>
    <Mercato>MGP</Mercato>
    <Ora>17</Ora>
    <PUN>51,978270</PUN>
    <NAT>51,840000</NAT>
    <CNOR>52,000000</CNOR>
    <CSUD>52,000000</CSUD>
    <NORD>52,000000</NORD>
    <SARD>52,000000</SARD>
    <SICI>51,830000</SICI>
    <SUD>51,830000</SUD>
    <AUST>52,000000</AUST>
    <BRNN>51,830000</BRNN>
    <COAC>52,000000</COAC>
    <CORS>52,000000</CORS>
    <FOGN>51,830000</FOGN>
    <FRAN>52,000000</FRAN>
    <GREC>51,830000</GREC>
    <MFTV>52,000000</MFTV>
    <PRGP>51,830000</PRGP>
    <ROSN>51,830000</ROSN>
    <SLOV>52,000000</SLOV>
    <SVIZ>52,000000</SVIZ>
    <BSP>52,000000</BSP>
    <MALT>51,830000</MALT>
    <XAUS>52,000000</XAUS>
    <XFRA>52,000000</XFRA>
  </Prezzi>
  <Prezzi>
    <Data>20160705</Data>
    <Mercato>MGP</Mercato>
    <Ora>18</Ora>
    <PUN>52,170000</PUN>
    <NAT>52,170000</NAT>
    <CNOR>52,170000</CNOR>
    <CSUD>52,170000</CSUD>
    <NORD>52,170000</NORD>
    <SARD>52,170000</SARD>
    <SICI>52,170000</SICI>
    <SUD>52,170000</SUD>
    <AUST>52,170000</AUST>
    <BRNN>52,170000</BRNN>
    <COAC>52,170000</COAC>
    <CORS>52,170000</CORS>
    <FOGN>52,170000</FOGN>
    <FRAN>52,170000</FRAN>
    <GREC>52,170000</GREC>
    <MFTV>52,170000</MFTV>
    <PRGP>52,170000</PRGP>
    <ROSN>52,170000</ROSN>
    <SLOV>52,170000</SLOV>
    <SVIZ>52,170000</SVIZ>
    <BSP>52,170000</BSP>
    <MALT>52,170000</MALT>
    <XAUS>52,170000</XAUS>
    <XFRA>52,170000</XFRA>
  </Prezzi>
  <Prezzi>
    <Data>20160705</Data>
    <Mercato>MGP</Mercato>
    <Ora>19</Ora>
    <PUN>49,070000</PUN>
    <NAT>50,000000</NAT>
    <CNOR>47,729290</CNOR>
    <CSUD>47,729290</CSUD>
    <NORD>47,729290</NORD>
    <SARD>47,729290</SARD>
    <SICI>71,830000</SICI>
    <SUD>47,729290</SUD>
    <AUST>47,729290</AUST>
    <BRNN>47,729290</BRNN>
    <COAC>47,729290</COAC>
    <CORS>47,729290</CORS>
    <FOGN>47,729290</FOGN>
    <FRAN>47,729290</FRAN>
    <GREC>47,729290</GREC>
    <MFTV>47,729290</MFTV>
    <PRGP>71,830000</PRGP>
    <ROSN>47,729290</ROSN>
    <SLOV>47,729290</SLOV>
    <SVIZ>47,729290</SVIZ>
    <BSP>47,729290</BSP>
    <MALT>71,830000</MALT>
    <XAUS>47,729290</XAUS>
    <XFRA>47,729290</XFRA>
  </Prezzi>
  <Prezzi>
    <Data>20160705</Data>
    <Mercato>MGP</Mercato>
    <Ora>20</Ora>
    <PUN>46,508850</PUN>
    <NAT>47,820000</NAT>
    <CNOR>45,000000</CNOR>
    <CSUD>45,000000</CSUD>
    <NORD>45,000000</NORD>
    <SARD>45,000000</SARD>
    <SICI>71,830000</SICI>
    <SUD>45,000000</SUD>
    <AUST>45,000000</AUST>
    <BRNN>45,000000</BRNN>
    <COAC>45,000000</COAC>
    <CORS>45,000000</CORS>
    <FOGN>45,000000</FOGN>
    <FRAN>45,000000</FRAN>
    <GREC>45,000000</GREC>
    <MFTV>45,000000</MFTV>
    <PRGP>71,830000</PRGP>
    <ROSN>45,000000</ROSN>
    <SLOV>45,000000</SLOV>
    <SVIZ>45,000000</SVIZ>
    <BSP>45,000000</BSP>
    <MALT>71,830000</MALT>
    <XAUS>45,000000</XAUS>
    <XFRA>45,000000</XFRA>
  </Prezzi>
  <Prezzi>
    <Data>20160705</Data>
    <Mercato>MGP</Mercato>
    <Ora>21</Ora>
    <PUN>55,973200</PUN>
    <NAT>55,400000</NAT>
    <CNOR>54,950000</CNOR>
    <CSUD>54,950000</CSUD>
    <NORD>54,950000</NORD>
    <SARD>54,950000</SARD>
    <SICI>71,940000</SICI>
    <SUD>54,950000</SUD>
    <AUST>54,950000</AUST>
    <BRNN>54,950000</BRNN>
    <COAC>54,950000</COAC>
    <CORS>54,950000</CORS>
    <FOGN>54,950000</FOGN>
    <FRAN>54,950000</FRAN>
    <GREC>54,950000</GREC>
    <MFTV>54,950000</MFTV>
    <PRGP>71,940000</PRGP>
    <ROSN>54,950000</ROSN>
    <SLOV>54,950000</SLOV>
    <SVIZ>54,950000</SVIZ>
    <BSP>54,950000</BSP>
    <MALT>71,940000</MALT>
    <XAUS>54,950000</XAUS>
    <XFRA>54,950000</XFRA>
  </Prezzi>
  <Prezzi>
    <Data>20160705</Data>
    <Mercato>MGP</Mercato>
    <Ora>22</Ora>
    <PUN>58,833650</PUN>
    <NAT>59,260000</NAT>
    <CNOR>58,000000</CNOR>
    <CSUD>58,000000</CSUD>
    <NORD>58,000000</NORD>
    <SARD>58,000000</SARD>
    <SICI>71,940000</SICI>
    <SUD>58,000000</SUD>
    <AUST>58,000000</AUST>
    <BRNN>58,000000</BRNN>
    <COAC>58,000000</COAC>
    <CORS>58,000000</CORS>
    <FOGN>58,000000</FOGN>
    <FRAN>58,000000</FRAN>
    <GREC>58,000000</GREC>
    <MFTV>58,000000</MFTV>
    <PRGP>71,940000</PRGP>
    <ROSN>58,000000</ROSN>
    <SLOV>58,000000</SLOV>
    <SVIZ>58,000000</SVIZ>
    <BSP>58,000000</BSP>
    <MALT>71,940000</MALT>
    <XAUS>58,000000</XAUS>
    <XFRA>58,000000</XFRA>
  </Prezzi>
  <Prezzi>
    <Data>20160705</Data>
    <Mercato>MGP</Mercato>
    <Ora>23</Ora>
    <PUN>48,497210</PUN>
    <NAT>48,000000</NAT>
    <CNOR>47,000000</CNOR>
    <CSUD>47,000000</CSUD>
    <NORD>47,000000</NORD>
    <SARD>47,000000</SARD>
    <SICI>71,830000</SICI>
    <SUD>47,000000</SUD>
    <AUST>47,000000</AUST>
    <BRNN>47,000000</BRNN>
    <COAC>47,000000</COAC>
    <CORS>47,000000</CORS>
    <FOGN>47,000000</FOGN>
    <FRAN>47,000000</FRAN>
    <GREC>47,000000</GREC>
    <MFTV>47,000000</MFTV>
    <PRGP>71,830000</PRGP>
    <ROSN>47,000000</ROSN>
    <SLOV>47,000000</SLOV>
    <SVIZ>47,000000</SVIZ>
    <BSP>47,000000</BSP>
    <MALT>71,830000</MALT>
    <XAUS>47,000000</XAUS>
    <XFRA>47,000000</XFRA>
  </Prezzi>
  <Prezzi>
    <Data>20160705</Data>
    <Mercato>MGP</Mercato>
    <Ora>24</Ora>
    <PUN>45,183950</PUN>
    <NAT>45,000000</NAT>
    <CNOR>45,000000</CNOR>
    <CSUD>45,000000</CSUD>
    <NORD>45,000000</NORD>
    <SARD>45,000000</SARD>
    <SICI>48,010000</SICI>
    <SUD>45,000000</SUD>
    <AUST>45,000000</AUST>
    <BRNN>45,000000</BRNN>
    <COAC>45,000000</COAC>
    <CORS>45,000000</CORS>
    <FOGN>45,000000</FOGN>
    <FRAN>45,000000</FRAN>
    <GREC>45,000000</GREC>
    <MFTV>45,000000</MFTV>
    <PRGP>48,010000</PRGP>
    <ROSN>45,000000</ROSN>
    <SLOV>45,000000</SLOV>
    <SVIZ>45,000000</SVIZ>
    <BSP>45,000000</BSP>
    <MALT>48,010000</MALT>
    <XAUS>45,000000</XAUS>
    <XFRA>45,000000</XFRA>
  </Prezzi>
</NewDataSet>