<?xml version="1.0" standalone="yes"?>
<NewDataSet>
  <xs:schema id="NewDataSet" xmlns="" xmlns:xs="http://www.w3.org/2001/XMLSchema" xmlns:msdata="urn:schemas-microsoft-com:xml-msdata">
    <xs:element name="NewDataSet" msdata:IsDataSet="true" msdata:UseCurrentLocale="true">
      <xs:complexType>
        <xs:choice minOccurs="0" maxOccurs="unbounded">
          <xs:element name="Prezzi">
            <xs:complexType>
              <xs:sequence>
                <xs:element name="Data" type="xs:string" minOccurs="0" />
                <xs:element name="Mercato" type="xs:string" minOccurs="0" />
                <xs:element name="Ora" type="xs:string" minOccurs="0" />
                <xs:element name="PUN" type="xs:string" minOccurs="0" />
                <xs:element name="NAT" type="xs:string" minOccurs="0" />
                <xs:element name="CNOR" type="xs:string" minOccurs="0" />
                <xs:element name="CSUD" type="xs:string" minOccurs="0" />
                <xs:element name="NORD" type="xs:string" minOccurs="0" />
                <xs:element name="SARD" type="xs:string" minOccurs="0" />
                <xs:element name="SICI" type="xs:string" minOccurs="0" />
                <xs:element name="SUD" type="xs:string" minOccurs="0" />
                <xs:element name="AUST" type="xs:string" minOccurs="0" />
                <xs:element name="BRNN" type="xs:string" minOccurs="0" />
                <xs:element name="COAC" type="xs:string" minOccurs="0" />
                <xs:element name="CORS" type="xs:string" minOccurs="0" />
                <xs:element name="FOGN" type="xs:string" minOccurs="0" />
                <xs:element name="FRAN" type="xs:string" minOccurs="0" />
                <xs:element name="GREC" type="xs:string" minOccurs="0" />
                <xs:element name="MFTV" type="xs:string" minOccurs="0" />
                <xs:element name="PRGP" type="xs:string" minOccurs="0" />
                <xs:element name="ROSN" type="xs:string" minOccurs="0" />
                <xs:element name="SLOV" type="xs:string" minOccurs="0" />
                <xs:element name="SVIZ" type="xs:string" minOccurs="0" />
                <xs:element name="BSP" type="xs:string" minOccurs="0" />
                <xs:element name="MALT" type="xs:string" minOccurs="0" />
                <xs:element name="XAUS" type="xs:string" minOccurs="0" />
                <xs:element name="XFRA" type="xs:string" minOccurs="0" />
              </xs:sequence>
            </xs:complexType>
          </xs:element>
        </xs:choice>
      </xs:complexType>
    </xs:element>
  </xs:schema>
  <Prezzi>
    <Data>20160718</Data>
    <Mercato>MGP</Mercato>
    <Ora>1</Ora>
    <PUN>38,655170</PUN>
    <NAT>41,260000</NAT>
    <CNOR>40,160000</CNOR>
    <CSUD>40,160000</CSUD>
    <NORD>35,590000</NORD>
    <SARD>40,160000</SARD>
    <SICI>51,940000</SICI>
    <SUD>40,160000</SUD>
    <AUST>35,590000</AUST>
    <BRNN>40,160000</BRNN>
    <COAC>40,160000</COAC>
    <CORS>40,160000</CORS>
    <FOGN>40,160000</FOGN>
    <FRAN>35,590000</FRAN>
    <GREC>40,160000</GREC>
    <MFTV>35,590000</MFTV>
    <PRGP>51,940000</PRGP>
    <ROSN>40,160000</ROSN>
    <SLOV>35,590000</SLOV>
    <SVIZ>35,590000</SVIZ>
    <BSP>35,590000</BSP>
    <MALT>51,940000</MALT>
    <XAUS>35,590000</XAUS>
    <XFRA>35,590000</XFRA>
  </Prezzi>
  <Prezzi>
    <Data>20160718</Data>
    <Mercato>MGP</Mercato>
    <Ora>2</Ora>
    <PUN>35,979180</PUN>
    <NAT>35,220000</NAT>
    <CNOR>34,850000</CNOR>
    <CSUD>34,850000</CSUD>
    <NORD>34,850000</NORD>
    <SARD>34,850000</SARD>
    <SICI>51,940000</SICI>
    <SUD>34,850000</SUD>
    <AUST>34,850000</AUST>
    <BRNN>34,850000</BRNN>
    <COAC>34,850000</COAC>
    <CORS>34,850000</CORS>
    <FOGN>34,850000</FOGN>
    <FRAN>34,850000</FRAN>
    <GREC>34,850000</GREC>
    <MFTV>34,850000</MFTV>
    <PRGP>51,940000</PRGP>
    <ROSN>34,850000</ROSN>
    <SLOV>34,850000</SLOV>
    <SVIZ>34,850000</SVIZ>
    <BSP>34,850000</BSP>
    <MALT>51,940000</MALT>
    <XAUS>34,850000</XAUS>
    <XFRA>34,850000</XFRA>
  </Prezzi>
  <Prezzi>
    <Data>20160718</Data>
    <Mercato>MGP</Mercato>
    <Ora>3</Ora>
    <PUN>31,415650</PUN>
    <NAT>33,110000</NAT>
    <CNOR>30,000000</CNOR>
    <CSUD>30,000000</CSUD>
    <NORD>30,000000</NORD>
    <SARD>30,000000</SARD>
    <SICI>51,830000</SICI>
    <SUD>30,000000</SUD>
    <AUST>30,000000</AUST>
    <BRNN>30,000000</BRNN>
    <COAC>30,000000</COAC>
    <CORS>30,000000</CORS>
    <FOGN>30,000000</FOGN>
    <FRAN>30,000000</FRAN>
    <GREC>30,000000</GREC>
    <MFTV>30,000000</MFTV>
    <PRGP>51,830000</PRGP>
    <ROSN>30,000000</ROSN>
    <SLOV>30,000000</SLOV>
    <SVIZ>30,000000</SVIZ>
    <BSP>30,000000</BSP>
    <MALT>51,830000</MALT>
    <XAUS>30,000000</XAUS>
    <XFRA>30,000000</XFRA>
  </Prezzi>
  <Prezzi>
    <Data>20160718</Data>
    <Mercato>MGP</Mercato>
    <Ora>4</Ora>
    <PUN>31,398720</PUN>
    <NAT>32,570000</NAT>
    <CNOR>30,000000</CNOR>
    <CSUD>30,000000</CSUD>
    <NORD>30,000000</NORD>
    <SARD>30,000000</SARD>
    <SICI>51,830000</SICI>
    <SUD>30,000000</SUD>
    <AUST>30,000000</AUST>
    <BRNN>30,000000</BRNN>
    <COAC>30,000000</COAC>
    <CORS>30,000000</CORS>
    <FOGN>30,000000</FOGN>
    <FRAN>30,000000</FRAN>
    <GREC>30,000000</GREC>
    <MFTV>30,000000</MFTV>
    <PRGP>51,830000</PRGP>
    <ROSN>30,000000</ROSN>
    <SLOV>30,000000</SLOV>
    <SVIZ>30,000000</SVIZ>
    <BSP>30,000000</BSP>
    <MALT>51,830000</MALT>
    <XAUS>30,000000</XAUS>
    <XFRA>30,000000</XFRA>
  </Prezzi>
  <Prezzi>
    <Data>20160718</Data>
    <Mercato>MGP</Mercato>
    <Ora>5</Ora>
    <PUN>31,362160</PUN>
    <NAT>32,220000</NAT>
    <CNOR>30,000000</CNOR>
    <CSUD>30,000000</CSUD>
    <NORD>30,000000</NORD>
    <SARD>30,000000</SARD>
    <SICI>51,830000</SICI>
    <SUD>30,000000</SUD>
    <AUST>30,000000</AUST>
    <BRNN>30,000000</BRNN>
    <COAC>30,000000</COAC>
    <CORS>30,000000</CORS>
    <FOGN>30,000000</FOGN>
    <FRAN>30,000000</FRAN>
    <GREC>30,000000</GREC>
    <MFTV>30,000000</MFTV>
    <PRGP>51,830000</PRGP>
    <ROSN>30,000000</ROSN>
    <SLOV>30,000000</SLOV>
    <SVIZ>30,000000</SVIZ>
    <BSP>30,000000</BSP>
    <MALT>51,830000</MALT>
    <XAUS>30,000000</XAUS>
    <XFRA>30,000000</XFRA>
  </Prezzi>
  <Prezzi>
    <Data>20160718</Data>
    <Mercato>MGP</Mercato>
    <Ora>6</Ora>
    <PUN>33,447590</PUN>
    <NAT>34,690000</NAT>
    <CNOR>32,260000</CNOR>
    <CSUD>32,260000</CSUD>
    <NORD>32,260000</NORD>
    <SARD>32,260000</SARD>
    <SICI>51,830000</SICI>
    <SUD>32,260000</SUD>
    <AUST>32,260000</AUST>
    <BRNN>32,260000</BRNN>
    <COAC>32,260000</COAC>
    <CORS>32,260000</CORS>
    <FOGN>32,260000</FOGN>
    <FRAN>32,260000</FRAN>
    <GREC>32,260000</GREC>
    <MFTV>32,260000</MFTV>
    <PRGP>51,830000</PRGP>
    <ROSN>32,260000</ROSN>
    <SLOV>32,260000</SLOV>
    <SVIZ>32,260000</SVIZ>
    <BSP>32,260000</BSP>
    <MALT>51,830000</MALT>
    <XAUS>32,260000</XAUS>
    <XFRA>32,260000</XFRA>
  </Prezzi>
  <Prezzi>
    <Data>20160718</Data>
    <Mercato>MGP</Mercato>
    <Ora>7</Ora>
    <PUN>36,586500</PUN>
    <NAT>38,000000</NAT>
    <CNOR>35,680000</CNOR>
    <CSUD>35,680000</CSUD>
    <NORD>35,680000</NORD>
    <SARD>35,680000</SARD>
    <SICI>51,830000</SICI>
    <SUD>35,680000</SUD>
    <AUST>35,680000</AUST>
    <BRNN>35,680000</BRNN>
    <COAC>35,680000</COAC>
    <CORS>35,680000</CORS>
    <FOGN>35,680000</FOGN>
    <FRAN>35,680000</FRAN>
    <GREC>35,680000</GREC>
    <MFTV>35,680000</MFTV>
    <PRGP>51,830000</PRGP>
    <ROSN>35,680000</ROSN>
    <SLOV>35,680000</SLOV>
    <SVIZ>35,680000</SVIZ>
    <BSP>35,680000</BSP>
    <MALT>51,830000</MALT>
    <XAUS>35,680000</XAUS>
    <XFRA>35,680000</XFRA>
  </Prezzi>
  <Prezzi>
    <Data>20160718</Data>
    <Mercato>MGP</Mercato>
    <Ora>8</Ora>
    <PUN>41,237620</PUN>
    <NAT>40,300000</NAT>
    <CNOR>39,850000</CNOR>
    <CSUD>39,850000</CSUD>
    <NORD>39,850000</NORD>
    <SARD>39,850000</SARD>
    <SICI>65,940000</SICI>
    <SUD>39,850000</SUD>
    <AUST>39,850000</AUST>
    <BRNN>39,850000</BRNN>
    <COAC>39,850000</COAC>
    <CORS>39,850000</CORS>
    <FOGN>39,850000</FOGN>
    <FRAN>39,850000</FRAN>
    <GREC>39,850000</GREC>
    <MFTV>39,850000</MFTV>
    <PRGP>65,940000</PRGP>
    <ROSN>39,850000</ROSN>
    <SLOV>39,850000</SLOV>
    <SVIZ>39,850000</SVIZ>
    <BSP>39,850000</BSP>
    <MALT>65,940000</MALT>
    <XAUS>39,850000</XAUS>
    <XFRA>39,850000</XFRA>
  </Prezzi>
  <Prezzi>
    <Data>20160718</Data>
    <Mercato>MGP</Mercato>
    <Ora>9</Ora>
    <PUN>42,365230</PUN>
    <NAT>42,310000</NAT>
    <CNOR>41,020000</CNOR>
    <CSUD>41,020000</CSUD>
    <NORD>41,020000</NORD>
    <SARD>41,020000</SARD>
    <SICI>65,940000</SICI>
    <SUD>41,020000</SUD>
    <AUST>41,020000</AUST>
    <BRNN>41,020000</BRNN>
    <COAC>41,020000</COAC>
    <CORS>41,020000</CORS>
    <FOGN>41,020000</FOGN>
    <FRAN>41,020000</FRAN>
    <GREC>41,020000</GREC>
    <MFTV>41,020000</MFTV>
    <PRGP>65,940000</PRGP>
    <ROSN>41,020000</ROSN>
    <SLOV>41,020000</SLOV>
    <SVIZ>41,020000</SVIZ>
    <BSP>41,020000</BSP>
    <MALT>65,940000</MALT>
    <XAUS>41,020000</XAUS>
    <XFRA>41,020000</XFRA>
  </Prezzi>
  <Prezzi>
    <Data>20160718</Data>
    <Mercato>MGP</Mercato>
    <Ora>10</Ora>
    <PUN>41,799950</PUN>
    <NAT>42,510000</NAT>
    <CNOR>41,220000</CNOR>
    <CSUD>41,220000</CSUD>
    <NORD>41,220000</NORD>
    <SARD>41,220000</SARD>
    <SICI>51,940000</SICI>
    <SUD>41,220000</SUD>
    <AUST>41,220000</AUST>
    <BRNN>41,220000</BRNN>
    <COAC>41,220000</COAC>
    <CORS>41,220000</CORS>
    <FOGN>41,220000</FOGN>
    <FRAN>41,220000</FRAN>
    <GREC>41,220000</GREC>
    <MFTV>41,220000</MFTV>
    <PRGP>51,940000</PRGP>
    <ROSN>41,220000</ROSN>
    <SLOV>41,220000</SLOV>
    <SVIZ>41,220000</SVIZ>
    <BSP>41,220000</BSP>
    <MALT>51,940000</MALT>
    <XAUS>41,220000</XAUS>
    <XFRA>41,220000</XFRA>
  </Prezzi>
  <Prezzi>
    <Data>20160718</Data>
    <Mercato>MGP</Mercato>
    <Ora>11</Ora>
    <PUN>40,133780</PUN>
    <NAT>40,380000</NAT>
    <CNOR>40,212740</CNOR>
    <CSUD>37,470000</CSUD>
    <NORD>40,212740</NORD>
    <SARD>37,470000</SARD>
    <SICI>51,940000</SICI>
    <SUD>37,470000</SUD>
    <AUST>40,212740</AUST>
    <BRNN>37,470000</BRNN>
    <COAC>37,470000</COAC>
    <CORS>40,212740</CORS>
    <FOGN>37,470000</FOGN>
    <FRAN>40,212740</FRAN>
    <GREC>37,470000</GREC>
    <MFTV>40,212740</MFTV>
    <PRGP>51,940000</PRGP>
    <ROSN>37,470000</ROSN>
    <SLOV>40,212740</SLOV>
    <SVIZ>40,212740</SVIZ>
    <BSP>40,212740</BSP>
    <MALT>51,940000</MALT>
    <XAUS>40,212740</XAUS>
    <XFRA>40,212740</XFRA>
  </Prezzi>
  <Prezzi>
    <Data>20160718</Data>
    <Mercato>MGP</Mercato>
    <Ora>12</Ora>
    <PUN>41,902710</PUN>
    <NAT>41,020000</NAT>
    <CNOR>43,000000</CNOR>
    <CSUD>37,000000</CSUD>
    <NORD>43,000000</NORD>
    <SARD>37,000000</SARD>
    <SICI>51,940000</SICI>
    <SUD>37,000000</SUD>
    <AUST>43,000000</AUST>
    <BRNN>37,000000</BRNN>
    <COAC>37,000000</COAC>
    <CORS>43,000000</CORS>
    <FOGN>37,000000</FOGN>
    <FRAN>43,000000</FRAN>
    <GREC>37,000000</GREC>
    <MFTV>43,000000</MFTV>
    <PRGP>51,940000</PRGP>
    <ROSN>37,000000</ROSN>
    <SLOV>43,000000</SLOV>
    <SVIZ>43,000000</SVIZ>
    <BSP>43,000000</BSP>
    <MALT>51,940000</MALT>
    <XAUS>43,000000</XAUS>
    <XFRA>43,000000</XFRA>
  </Prezzi>
  <Prezzi>
    <Data>20160718</Data>
    <Mercato>MGP</Mercato>
    <Ora>13</Ora>
    <PUN>38,479330</PUN>
    <NAT>37,990000</NAT>
    <CNOR>38,176530</CNOR>
    <CSUD>36,600000</CSUD>
    <NORD>38,176530</NORD>
    <SARD>36,600000</SARD>
    <SICI>51,830000</SICI>
    <SUD>36,300000</SUD>
    <AUST>38,176530</AUST>
    <BRNN>36,300000</BRNN>
    <COAC>36,600000</COAC>
    <CORS>38,176530</CORS>
    <FOGN>36,300000</FOGN>
    <FRAN>38,176530</FRAN>
    <GREC>36,300000</GREC>
    <MFTV>38,176530</MFTV>
    <PRGP>51,830000</PRGP>
    <ROSN>36,300000</ROSN>
    <SLOV>38,176530</SLOV>
    <SVIZ>38,176530</SVIZ>
    <BSP>38,176530</BSP>
    <MALT>51,830000</MALT>
    <XAUS>38,176530</XAUS>
    <XFRA>38,176530</XFRA>
  </Prezzi>
  <Prezzi>
    <Data>20160718</Data>
    <Mercato>MGP</Mercato>
    <Ora>14</Ora>
    <PUN>37,912000</PUN>
    <NAT>37,000000</NAT>
    <CNOR>38,550000</CNOR>
    <CSUD>34,500000</CSUD>
    <NORD>38,550000</NORD>
    <SARD>34,500000</SARD>
    <SICI>46,640000</SICI>
    <SUD>34,500000</SUD>
    <AUST>38,550000</AUST>
    <BRNN>34,500000</BRNN>
    <COAC>34,500000</COAC>
    <CORS>38,550000</CORS>
    <FOGN>34,500000</FOGN>
    <FRAN>38,550000</FRAN>
    <GREC>34,500000</GREC>
    <MFTV>38,550000</MFTV>
    <PRGP>46,640000</PRGP>
    <ROSN>34,500000</ROSN>
    <SLOV>38,550000</SLOV>
    <SVIZ>38,550000</SVIZ>
    <BSP>38,550000</BSP>
    <MALT>46,640000</MALT>
    <XAUS>38,550000</XAUS>
    <XFRA>38,550000</XFRA>
  </Prezzi>
  <Prezzi>
    <Data>20160718</Data>
    <Mercato>MGP</Mercato>
    <Ora>15</Ora>
    <PUN>41,571050</PUN>
    <NAT>38,850000</NAT>
    <CNOR>43,300000</CNOR>
    <CSUD>36,600000</CSUD>
    <NORD>43,300000</NORD>
    <SARD>36,600000</SARD>
    <SICI>43,830000</SICI>
    <SUD>36,300000</SUD>
    <AUST>43,300000</AUST>
    <BRNN>36,300000</BRNN>
    <COAC>36,600000</COAC>
    <CORS>43,300000</CORS>
    <FOGN>36,300000</FOGN>
    <FRAN>43,300000</FRAN>
    <GREC>36,300000</GREC>
    <MFTV>43,300000</MFTV>
    <PRGP>43,830000</PRGP>
    <ROSN>36,300000</ROSN>
    <SLOV>43,300000</SLOV>
    <SVIZ>43,300000</SVIZ>
    <BSP>43,300000</BSP>
    <MALT>43,830000</MALT>
    <XAUS>43,300000</XAUS>
    <XFRA>43,300000</XFRA>
  </Prezzi>
  <Prezzi>
    <Data>20160718</Data>
    <Mercato>MGP</Mercato>
    <Ora>16</Ora>
    <PUN>40,685800</PUN>
    <NAT>40,000000</NAT>
    <CNOR>42,010000</CNOR>
    <CSUD>36,600000</CSUD>
    <NORD>42,010000</NORD>
    <SARD>36,600000</SARD>
    <SICI>43,830000</SICI>
    <SUD>36,300000</SUD>
    <AUST>42,010000</AUST>
    <BRNN>36,300000</BRNN>
    <COAC>36,600000</COAC>
    <CORS>42,010000</CORS>
    <FOGN>36,300000</FOGN>
    <FRAN>42,010000</FRAN>
    <GREC>36,300000</GREC>
    <MFTV>42,010000</MFTV>
    <PRGP>43,830000</PRGP>
    <ROSN>36,300000</ROSN>
    <SLOV>42,010000</SLOV>
    <SVIZ>42,010000</SVIZ>
    <BSP>42,010000</BSP>
    <MALT>43,830000</MALT>
    <XAUS>42,010000</XAUS>
    <XFRA>42,010000</XFRA>
  </Prezzi>
  <Prezzi>
    <Data>20160718</Data>
    <Mercato>MGP</Mercato>
    <Ora>17</Ora>
    <PUN>41,503870</PUN>
    <NAT>41,700000</NAT>
    <CNOR>42,010000</CNOR>
    <CSUD>38,000000</CSUD>
    <NORD>42,010000</NORD>
    <SARD>38,000000</SARD>
    <SICI>51,940000</SICI>
    <SUD>38,000000</SUD>
    <AUST>42,010000</AUST>
    <BRNN>38,000000</BRNN>
    <COAC>38,000000</COAC>
    <CORS>42,010000</CORS>
    <FOGN>38,000000</FOGN>
    <FRAN>42,010000</FRAN>
    <GREC>38,000000</GREC>
    <MFTV>42,010000</MFTV>
    <PRGP>51,940000</PRGP>
    <ROSN>38,000000</ROSN>
    <SLOV>42,010000</SLOV>
    <SVIZ>42,010000</SVIZ>
    <BSP>42,010000</BSP>
    <MALT>51,940000</MALT>
    <XAUS>42,010000</XAUS>
    <XFRA>42,010000</XFRA>
  </Prezzi>
  <Prezzi>
    <Data>20160718</Data>
    <Mercato>MGP</Mercato>
    <Ora>18</Ora>
    <PUN>41,001990</PUN>
    <NAT>41,310000</NAT>
    <CNOR>40,370000</CNOR>
    <CSUD>40,370000</CSUD>
    <NORD>40,370000</NORD>
    <SARD>40,370000</SARD>
    <SICI>51,940000</SICI>
    <SUD>40,260000</SUD>
    <AUST>40,370000</AUST>
    <BRNN>40,260000</BRNN>
    <COAC>40,370000</COAC>
    <CORS>40,370000</CORS>
    <FOGN>40,260000</FOGN>
    <FRAN>40,370000</FRAN>
    <GREC>40,260000</GREC>
    <MFTV>40,370000</MFTV>
    <PRGP>51,940000</PRGP>
    <ROSN>40,260000</ROSN>
    <SLOV>40,370000</SLOV>
    <SVIZ>40,370000</SVIZ>
    <BSP>40,370000</BSP>
    <MALT>51,940000</MALT>
    <XAUS>40,370000</XAUS>
    <XFRA>40,370000</XFRA>
  </Prezzi>
  <Prezzi>
    <Data>20160718</Data>
    <Mercato>MGP</Mercato>
    <Ora>19</Ora>
    <PUN>42,933740</PUN>
    <NAT>42,000000</NAT>
    <CNOR>41,160000</CNOR>
    <CSUD>41,160000</CSUD>
    <NORD>41,160000</NORD>
    <SARD>41,160000</SARD>
    <SICI>72,460000</SICI>
    <SUD>40,850000</SUD>
    <AUST>41,160000</AUST>
    <BRNN>40,850000</BRNN>
    <COAC>41,160000</COAC>
    <CORS>41,160000</CORS>
    <FOGN>40,850000</FOGN>
    <FRAN>41,160000</FRAN>
    <GREC>40,850000</GREC>
    <MFTV>41,160000</MFTV>
    <PRGP>72,460000</PRGP>
    <ROSN>40,850000</ROSN>
    <SLOV>41,160000</SLOV>
    <SVIZ>41,160000</SVIZ>
    <BSP>41,160000</BSP>
    <MALT>72,460000</MALT>
    <XAUS>41,160000</XAUS>
    <XFRA>41,160000</XFRA>
  </Prezzi>
  <Prezzi>
    <Data>20160718</Data>
    <Mercato>MGP</Mercato>
    <Ora>20</Ora>
    <PUN>44,538640</PUN>
    <NAT>44,000000</NAT>
    <CNOR>42,870000</CNOR>
    <CSUD>42,870000</CSUD>
    <NORD>42,870000</NORD>
    <SARD>42,870000</SARD>
    <SICI>72,460000</SICI>
    <SUD>42,510000</SUD>
    <AUST>42,870000</AUST>
    <BRNN>42,510000</BRNN>
    <COAC>42,870000</COAC>
    <CORS>42,870000</CORS>
    <FOGN>42,510000</FOGN>
    <FRAN>42,870000</FRAN>
    <GREC>42,510000</GREC>
    <MFTV>42,870000</MFTV>
    <PRGP>72,460000</PRGP>
    <ROSN>42,510000</ROSN>
    <SLOV>42,870000</SLOV>
    <SVIZ>42,870000</SVIZ>
    <BSP>42,870000</BSP>
    <MALT>72,460000</MALT>
    <XAUS>42,870000</XAUS>
    <XFRA>42,870000</XFRA>
  </Prezzi>
  <Prezzi>
    <Data>20160718</Data>
    <Mercato>MGP</Mercato>
    <Ora>21</Ora>
    <PUN>44,136180</PUN>
    <NAT>45,000000</NAT>
    <CNOR>42,260000</CNOR>
    <CSUD>42,260000</CSUD>
    <NORD>42,260000</NORD>
    <SARD>42,260000</SARD>
    <SICI>72,460000</SICI>
    <SUD>42,260000</SUD>
    <AUST>42,260000</AUST>
    <BRNN>42,260000</BRNN>
    <COAC>42,260000</COAC>
    <CORS>42,260000</CORS>
    <FOGN>42,260000</FOGN>
    <FRAN>42,260000</FRAN>
    <GREC>42,260000</GREC>
    <MFTV>42,260000</MFTV>
    <PRGP>72,460000</PRGP>
    <ROSN>42,260000</ROSN>
    <SLOV>42,260000</SLOV>
    <SVIZ>42,260000</SVIZ>
    <BSP>42,260000</BSP>
    <MALT>72,460000</MALT>
    <XAUS>42,260000</XAUS>
    <XFRA>42,260000</XFRA>
  </Prezzi>
  <Prezzi>
    <Data>20160718</Data>
    <Mercato>MGP</Mercato>
    <Ora>22</Ora>
    <PUN>43,990370</PUN>
    <NAT>48,900000</NAT>
    <CNOR>42,100000</CNOR>
    <CSUD>42,100000</CSUD>
    <NORD>42,100000</NORD>
    <SARD>42,100000</SARD>
    <SICI>72,460000</SICI>
    <SUD>42,100000</SUD>
    <AUST>42,100000</AUST>
    <BRNN>42,100000</BRNN>
    <COAC>42,100000</COAC>
    <CORS>42,100000</CORS>
    <FOGN>42,100000</FOGN>
    <FRAN>42,100000</FRAN>
    <GREC>42,100000</GREC>
    <MFTV>42,100000</MFTV>
    <PRGP>72,460000</PRGP>
    <ROSN>42,100000</ROSN>
    <SLOV>42,100000</SLOV>
    <SVIZ>42,100000</SVIZ>
    <BSP>42,100000</BSP>
    <MALT>72,460000</MALT>
    <XAUS>42,100000</XAUS>
    <XFRA>42,100000</XFRA>
  </Prezzi>
  <Prezzi>
    <Data>20160718</Data>
    <Mercato>MGP</Mercato>
    <Ora>23</Ora>
    <PUN>44,784830</PUN>
    <NAT>46,200000</NAT>
    <CNOR>42,950610</CNOR>
    <CSUD>42,950610</CSUD>
    <NORD>42,950610</NORD>
    <SARD>42,950610</SARD>
    <SICI>72,460000</SICI>
    <SUD>42,950610</SUD>
    <AUST>42,950610</AUST>
    <BRNN>42,950610</BRNN>
    <COAC>42,950610</COAC>
    <CORS>42,950610</CORS>
    <FOGN>42,950610</FOGN>
    <FRAN>42,950610</FRAN>
    <GREC>42,950610</GREC>
    <MFTV>42,950610</MFTV>
    <PRGP>72,460000</PRGP>
    <ROSN>39,000000</ROSN>
    <SLOV>42,950610</SLOV>
    <SVIZ>42,950610</SVIZ>
    <BSP>42,950610</BSP>
    <MALT>72,460000</MALT>
    <XAUS>42,950610</XAUS>
    <XFRA>42,950610</XFRA>
  </Prezzi>
  <Prezzi>
    <Data>20160718</Data>
    <Mercato>MGP</Mercato>
    <Ora>24</Ora>
    <PUN>42,231420</PUN>
    <NAT>41,200000</NAT>
    <CNOR>40,210000</CNOR>
    <CSUD>40,210000</CSUD>
    <NORD>40,210000</NORD>
    <SARD>40,210000</SARD>
    <SICI>72,460000</SICI>
    <SUD>40,210000</SUD>
    <AUST>40,210000</AUST>
    <BRNN>40,210000</BRNN>
    <COAC>40,210000</COAC>
    <CORS>40,210000</CORS>
    <FOGN>40,210000</FOGN>
    <FRAN>40,210000</FRAN>
    <GREC>40,210000</GREC>
    <MFTV>40,210000</MFTV>
    <PRGP>72,460000</PRGP>
    <ROSN>39,000000</ROSN>
    <SLOV>40,210000</SLOV>
    <SVIZ>40,210000</SVIZ>
    <BSP>40,210000</BSP>
    <MALT>72,460000</MALT>
    <XAUS>40,210000</XAUS>
    <XFRA>40,210000</XFRA>
  </Prezzi>
</NewDataSet>