<?xml version="1.0" standalone="yes"?>
<NewDataSet>
  <xs:schema id="NewDataSet" xmlns="" xmlns:xs="http://www.w3.org/2001/XMLSchema" xmlns:msdata="urn:schemas-microsoft-com:xml-msdata">
    <xs:element name="NewDataSet" msdata:IsDataSet="true" msdata:UseCurrentLocale="true">
      <xs:complexType>
        <xs:choice minOccurs="0" maxOccurs="unbounded">
          <xs:element name="Prezzi">
            <xs:complexType>
              <xs:sequence>
                <xs:element name="Data" type="xs:string" minOccurs="0" />
                <xs:element name="Mercato" type="xs:string" minOccurs="0" />
                <xs:element name="Ora" type="xs:string" minOccurs="0" />
                <xs:element name="PUN" type="xs:string" minOccurs="0" />
                <xs:element name="NAT" type="xs:string" minOccurs="0" />
                <xs:element name="CNOR" type="xs:string" minOccurs="0" />
                <xs:element name="CSUD" type="xs:string" minOccurs="0" />
                <xs:element name="NORD" type="xs:string" minOccurs="0" />
                <xs:element name="SARD" type="xs:string" minOccurs="0" />
                <xs:element name="SICI" type="xs:string" minOccurs="0" />
                <xs:element name="SUD" type="xs:string" minOccurs="0" />
                <xs:element name="AUST" type="xs:string" minOccurs="0" />
                <xs:element name="BRNN" type="xs:string" minOccurs="0" />
                <xs:element name="COAC" type="xs:string" minOccurs="0" />
                <xs:element name="CORS" type="xs:string" minOccurs="0" />
                <xs:element name="FOGN" type="xs:string" minOccurs="0" />
                <xs:element name="FRAN" type="xs:string" minOccurs="0" />
                <xs:element name="GREC" type="xs:string" minOccurs="0" />
                <xs:element name="MFTV" type="xs:string" minOccurs="0" />
                <xs:element name="PRGP" type="xs:string" minOccurs="0" />
                <xs:element name="ROSN" type="xs:string" minOccurs="0" />
                <xs:element name="SLOV" type="xs:string" minOccurs="0" />
                <xs:element name="SVIZ" type="xs:string" minOccurs="0" />
                <xs:element name="BSP" type="xs:string" minOccurs="0" />
                <xs:element name="MALT" type="xs:string" minOccurs="0" />
                <xs:element name="XAUS" type="xs:string" minOccurs="0" />
                <xs:element name="XFRA" type="xs:string" minOccurs="0" />
              </xs:sequence>
            </xs:complexType>
          </xs:element>
        </xs:choice>
      </xs:complexType>
    </xs:element>
  </xs:schema>
  <Prezzi>
    <Data>20160714</Data>
    <Mercato>MGP</Mercato>
    <Ora>1</Ora>
    <PUN>39,935910</PUN>
    <NAT>40,240000</NAT>
    <CNOR>39,100000</CNOR>
    <CSUD>39,100000</CSUD>
    <NORD>39,100000</NORD>
    <SARD>39,100000</SARD>
    <SICI>51,830000</SICI>
    <SUD>39,100000</SUD>
    <AUST>39,100000</AUST>
    <BRNN>39,100000</BRNN>
    <COAC>39,100000</COAC>
    <CORS>39,100000</CORS>
    <FOGN>39,100000</FOGN>
    <FRAN>39,100000</FRAN>
    <GREC>39,100000</GREC>
    <MFTV>39,100000</MFTV>
    <PRGP>51,830000</PRGP>
    <ROSN>39,100000</ROSN>
    <SLOV>39,100000</SLOV>
    <SVIZ>39,100000</SVIZ>
    <BSP>39,100000</BSP>
    <MALT>51,830000</MALT>
    <XAUS>39,100000</XAUS>
    <XFRA>39,100000</XFRA>
  </Prezzi>
  <Prezzi>
    <Data>20160714</Data>
    <Mercato>MGP</Mercato>
    <Ora>2</Ora>
    <PUN>35,957470</PUN>
    <NAT>36,230000</NAT>
    <CNOR>35,420000</CNOR>
    <CSUD>35,420000</CSUD>
    <NORD>35,420000</NORD>
    <SARD>35,420000</SARD>
    <SICI>43,830000</SICI>
    <SUD>35,420000</SUD>
    <AUST>35,420000</AUST>
    <BRNN>35,420000</BRNN>
    <COAC>35,420000</COAC>
    <CORS>35,420000</CORS>
    <FOGN>35,420000</FOGN>
    <FRAN>35,420000</FRAN>
    <GREC>35,420000</GREC>
    <MFTV>35,420000</MFTV>
    <PRGP>43,830000</PRGP>
    <ROSN>35,420000</ROSN>
    <SLOV>35,420000</SLOV>
    <SVIZ>35,420000</SVIZ>
    <BSP>35,420000</BSP>
    <MALT>43,830000</MALT>
    <XAUS>35,420000</XAUS>
    <XFRA>35,420000</XFRA>
  </Prezzi>
  <Prezzi>
    <Data>20160714</Data>
    <Mercato>MGP</Mercato>
    <Ora>3</Ora>
    <PUN>34,962790</PUN>
    <NAT>34,710000</NAT>
    <CNOR>34,360000</CNOR>
    <CSUD>34,360000</CSUD>
    <NORD>34,360000</NORD>
    <SARD>34,360000</SARD>
    <SICI>43,830000</SICI>
    <SUD>34,360000</SUD>
    <AUST>34,360000</AUST>
    <BRNN>34,360000</BRNN>
    <COAC>34,360000</COAC>
    <CORS>34,360000</CORS>
    <FOGN>34,360000</FOGN>
    <FRAN>34,360000</FRAN>
    <GREC>34,360000</GREC>
    <MFTV>34,360000</MFTV>
    <PRGP>43,830000</PRGP>
    <ROSN>34,360000</ROSN>
    <SLOV>34,360000</SLOV>
    <SVIZ>34,360000</SVIZ>
    <BSP>34,360000</BSP>
    <MALT>43,830000</MALT>
    <XAUS>34,360000</XAUS>
    <XFRA>34,360000</XFRA>
  </Prezzi>
  <Prezzi>
    <Data>20160714</Data>
    <Mercato>MGP</Mercato>
    <Ora>4</Ora>
    <PUN>34,739220</PUN>
    <NAT>34,360000</NAT>
    <CNOR>34,250000</CNOR>
    <CSUD>34,250000</CSUD>
    <NORD>34,250000</NORD>
    <SARD>34,250000</SARD>
    <SICI>42,000000</SICI>
    <SUD>34,250000</SUD>
    <AUST>34,250000</AUST>
    <BRNN>34,250000</BRNN>
    <COAC>34,250000</COAC>
    <CORS>34,250000</CORS>
    <FOGN>34,250000</FOGN>
    <FRAN>34,250000</FRAN>
    <GREC>34,250000</GREC>
    <MFTV>34,250000</MFTV>
    <PRGP>42,000000</PRGP>
    <ROSN>34,250000</ROSN>
    <SLOV>34,250000</SLOV>
    <SVIZ>34,250000</SVIZ>
    <BSP>34,250000</BSP>
    <MALT>42,000000</MALT>
    <XAUS>34,250000</XAUS>
    <XFRA>34,250000</XFRA>
  </Prezzi>
  <Prezzi>
    <Data>20160714</Data>
    <Mercato>MGP</Mercato>
    <Ora>5</Ora>
    <PUN>34,636940</PUN>
    <NAT>34,150000</NAT>
    <CNOR>34,150000</CNOR>
    <CSUD>34,150000</CSUD>
    <NORD>34,150000</NORD>
    <SARD>34,150000</SARD>
    <SICI>42,000000</SICI>
    <SUD>34,150000</SUD>
    <AUST>34,150000</AUST>
    <BRNN>34,150000</BRNN>
    <COAC>34,150000</COAC>
    <CORS>34,150000</CORS>
    <FOGN>34,150000</FOGN>
    <FRAN>34,150000</FRAN>
    <GREC>34,150000</GREC>
    <MFTV>34,150000</MFTV>
    <PRGP>42,000000</PRGP>
    <ROSN>34,150000</ROSN>
    <SLOV>34,150000</SLOV>
    <SVIZ>34,150000</SVIZ>
    <BSP>34,150000</BSP>
    <MALT>42,000000</MALT>
    <XAUS>34,150000</XAUS>
    <XFRA>34,150000</XFRA>
  </Prezzi>
  <Prezzi>
    <Data>20160714</Data>
    <Mercato>MGP</Mercato>
    <Ora>6</Ora>
    <PUN>34,569590</PUN>
    <NAT>34,230000</NAT>
    <CNOR>34,170000</CNOR>
    <CSUD>34,170000</CSUD>
    <NORD>34,170000</NORD>
    <SARD>34,170000</SARD>
    <SICI>40,690000</SICI>
    <SUD>34,170000</SUD>
    <AUST>34,170000</AUST>
    <BRNN>34,170000</BRNN>
    <COAC>34,170000</COAC>
    <CORS>34,170000</CORS>
    <FOGN>34,170000</FOGN>
    <FRAN>34,170000</FRAN>
    <GREC>34,170000</GREC>
    <MFTV>34,170000</MFTV>
    <PRGP>40,690000</PRGP>
    <ROSN>34,170000</ROSN>
    <SLOV>34,170000</SLOV>
    <SVIZ>34,170000</SVIZ>
    <BSP>34,170000</BSP>
    <MALT>40,690000</MALT>
    <XAUS>34,170000</XAUS>
    <XFRA>34,170000</XFRA>
  </Prezzi>
  <Prezzi>
    <Data>20160714</Data>
    <Mercato>MGP</Mercato>
    <Ora>7</Ora>
    <PUN>36,990000</PUN>
    <NAT>36,990000</NAT>
    <CNOR>36,990000</CNOR>
    <CSUD>36,990000</CSUD>
    <NORD>36,990000</NORD>
    <SARD>36,990000</SARD>
    <SICI>36,990000</SICI>
    <SUD>36,990000</SUD>
    <AUST>36,990000</AUST>
    <BRNN>36,990000</BRNN>
    <COAC>36,990000</COAC>
    <CORS>36,990000</CORS>
    <FOGN>36,990000</FOGN>
    <FRAN>36,990000</FRAN>
    <GREC>36,990000</GREC>
    <MFTV>36,990000</MFTV>
    <PRGP>36,990000</PRGP>
    <ROSN>36,990000</ROSN>
    <SLOV>36,990000</SLOV>
    <SVIZ>36,990000</SVIZ>
    <BSP>36,990000</BSP>
    <MALT>36,990000</MALT>
    <XAUS>36,990000</XAUS>
    <XFRA>36,990000</XFRA>
  </Prezzi>
  <Prezzi>
    <Data>20160714</Data>
    <Mercato>MGP</Mercato>
    <Ora>8</Ora>
    <PUN>42,874090</PUN>
    <NAT>40,530000</NAT>
    <CNOR>45,000000</CNOR>
    <CSUD>38,300000</CSUD>
    <NORD>45,000000</NORD>
    <SARD>38,300000</SARD>
    <SICI>38,300000</SICI>
    <SUD>38,300000</SUD>
    <AUST>45,000000</AUST>
    <BRNN>38,300000</BRNN>
    <COAC>38,300000</COAC>
    <CORS>45,000000</CORS>
    <FOGN>38,300000</FOGN>
    <FRAN>45,000000</FRAN>
    <GREC>38,300000</GREC>
    <MFTV>45,000000</MFTV>
    <PRGP>38,300000</PRGP>
    <ROSN>38,300000</ROSN>
    <SLOV>45,000000</SLOV>
    <SVIZ>45,000000</SVIZ>
    <BSP>45,000000</BSP>
    <MALT>38,300000</MALT>
    <XAUS>45,000000</XAUS>
    <XFRA>45,000000</XFRA>
  </Prezzi>
  <Prezzi>
    <Data>20160714</Data>
    <Mercato>MGP</Mercato>
    <Ora>9</Ora>
    <PUN>45,571810</PUN>
    <NAT>45,000000</NAT>
    <CNOR>48,600000</CNOR>
    <CSUD>38,340000</CSUD>
    <NORD>48,600000</NORD>
    <SARD>38,340000</SARD>
    <SICI>42,000000</SICI>
    <SUD>38,340000</SUD>
    <AUST>48,600000</AUST>
    <BRNN>38,340000</BRNN>
    <COAC>38,340000</COAC>
    <CORS>48,600000</CORS>
    <FOGN>38,340000</FOGN>
    <FRAN>48,600000</FRAN>
    <GREC>38,340000</GREC>
    <MFTV>48,600000</MFTV>
    <PRGP>42,000000</PRGP>
    <ROSN>38,340000</ROSN>
    <SLOV>48,600000</SLOV>
    <SVIZ>48,600000</SVIZ>
    <BSP>48,600000</BSP>
    <MALT>42,000000</MALT>
    <XAUS>48,600000</XAUS>
    <XFRA>48,600000</XFRA>
  </Prezzi>
  <Prezzi>
    <Data>20160714</Data>
    <Mercato>MGP</Mercato>
    <Ora>10</Ora>
    <PUN>47,549840</PUN>
    <NAT>45,000000</NAT>
    <CNOR>51,700000</CNOR>
    <CSUD>38,040000</CSUD>
    <NORD>51,700000</NORD>
    <SARD>38,040000</SARD>
    <SICI>42,000000</SICI>
    <SUD>38,040000</SUD>
    <AUST>51,700000</AUST>
    <BRNN>38,040000</BRNN>
    <COAC>38,040000</COAC>
    <CORS>51,700000</CORS>
    <FOGN>38,040000</FOGN>
    <FRAN>51,700000</FRAN>
    <GREC>38,040000</GREC>
    <MFTV>51,700000</MFTV>
    <PRGP>42,000000</PRGP>
    <ROSN>38,040000</ROSN>
    <SLOV>51,700000</SLOV>
    <SVIZ>51,700000</SVIZ>
    <BSP>51,700000</BSP>
    <MALT>42,000000</MALT>
    <XAUS>51,700000</XAUS>
    <XFRA>51,700000</XFRA>
  </Prezzi>
  <Prezzi>
    <Data>20160714</Data>
    <Mercato>MGP</Mercato>
    <Ora>11</Ora>
    <PUN>43,016380</PUN>
    <NAT>41,350000</NAT>
    <CNOR>45,900000</CNOR>
    <CSUD>37,100000</CSUD>
    <NORD>45,900000</NORD>
    <SARD>35,030000</SARD>
    <SICI>37,100000</SICI>
    <SUD>37,100000</SUD>
    <AUST>45,900000</AUST>
    <BRNN>37,100000</BRNN>
    <COAC>35,030000</COAC>
    <CORS>45,900000</CORS>
    <FOGN>37,100000</FOGN>
    <FRAN>45,900000</FRAN>
    <GREC>37,100000</GREC>
    <MFTV>45,900000</MFTV>
    <PRGP>37,100000</PRGP>
    <ROSN>37,100000</ROSN>
    <SLOV>45,900000</SLOV>
    <SVIZ>45,900000</SVIZ>
    <BSP>45,900000</BSP>
    <MALT>37,100000</MALT>
    <XAUS>45,900000</XAUS>
    <XFRA>45,900000</XFRA>
  </Prezzi>
  <Prezzi>
    <Data>20160714</Data>
    <Mercato>MGP</Mercato>
    <Ora>12</Ora>
    <PUN>42,263760</PUN>
    <NAT>40,960000</NAT>
    <CNOR>45,000000</CNOR>
    <CSUD>36,690000</CSUD>
    <NORD>45,000000</NORD>
    <SARD>35,030000</SARD>
    <SICI>36,690000</SICI>
    <SUD>36,690000</SUD>
    <AUST>45,000000</AUST>
    <BRNN>36,690000</BRNN>
    <COAC>35,030000</COAC>
    <CORS>45,000000</CORS>
    <FOGN>36,690000</FOGN>
    <FRAN>45,000000</FRAN>
    <GREC>36,690000</GREC>
    <MFTV>45,000000</MFTV>
    <PRGP>36,690000</PRGP>
    <ROSN>36,690000</ROSN>
    <SLOV>45,000000</SLOV>
    <SVIZ>45,000000</SVIZ>
    <BSP>45,000000</BSP>
    <MALT>36,690000</MALT>
    <XAUS>45,000000</XAUS>
    <XFRA>45,000000</XFRA>
  </Prezzi>
  <Prezzi>
    <Data>20160714</Data>
    <Mercato>MGP</Mercato>
    <Ora>13</Ora>
    <PUN>40,253370</PUN>
    <NAT>38,290000</NAT>
    <CNOR>43,000000</CNOR>
    <CSUD>35,690000</CSUD>
    <NORD>43,000000</NORD>
    <SARD>25,000000</SARD>
    <SICI>35,690000</SICI>
    <SUD>35,690000</SUD>
    <AUST>43,000000</AUST>
    <BRNN>35,690000</BRNN>
    <COAC>25,000000</COAC>
    <CORS>43,000000</CORS>
    <FOGN>35,690000</FOGN>
    <FRAN>43,000000</FRAN>
    <GREC>35,690000</GREC>
    <MFTV>43,000000</MFTV>
    <PRGP>35,690000</PRGP>
    <ROSN>35,690000</ROSN>
    <SLOV>43,000000</SLOV>
    <SVIZ>43,000000</SVIZ>
    <BSP>43,000000</BSP>
    <MALT>35,690000</MALT>
    <XAUS>43,000000</XAUS>
    <XFRA>43,000000</XFRA>
  </Prezzi>
  <Prezzi>
    <Data>20160714</Data>
    <Mercato>MGP</Mercato>
    <Ora>14</Ora>
    <PUN>40,532170</PUN>
    <NAT>38,500000</NAT>
    <CNOR>42,990000</CNOR>
    <CSUD>35,690000</CSUD>
    <NORD>42,990000</NORD>
    <SARD>34,530000</SARD>
    <SICI>35,690000</SICI>
    <SUD>35,690000</SUD>
    <AUST>42,990000</AUST>
    <BRNN>35,690000</BRNN>
    <COAC>34,530000</COAC>
    <CORS>42,990000</CORS>
    <FOGN>35,690000</FOGN>
    <FRAN>42,990000</FRAN>
    <GREC>35,690000</GREC>
    <MFTV>42,990000</MFTV>
    <PRGP>35,690000</PRGP>
    <ROSN>35,690000</ROSN>
    <SLOV>42,990000</SLOV>
    <SVIZ>42,990000</SVIZ>
    <BSP>42,990000</BSP>
    <MALT>35,690000</MALT>
    <XAUS>42,990000</XAUS>
    <XFRA>42,990000</XFRA>
  </Prezzi>
  <Prezzi>
    <Data>20160714</Data>
    <Mercato>MGP</Mercato>
    <Ora>15</Ora>
    <PUN>41,841660</PUN>
    <NAT>39,760000</NAT>
    <CNOR>42,990000</CNOR>
    <CSUD>35,690000</CSUD>
    <NORD>45,800000</NORD>
    <SARD>18,000000</SARD>
    <SICI>35,690000</SICI>
    <SUD>35,690000</SUD>
    <AUST>45,800000</AUST>
    <BRNN>35,690000</BRNN>
    <COAC>18,000000</COAC>
    <CORS>42,990000</CORS>
    <FOGN>35,690000</FOGN>
    <FRAN>45,800000</FRAN>
    <GREC>35,690000</GREC>
    <MFTV>45,800000</MFTV>
    <PRGP>35,690000</PRGP>
    <ROSN>35,690000</ROSN>
    <SLOV>45,800000</SLOV>
    <SVIZ>45,800000</SVIZ>
    <BSP>45,800000</BSP>
    <MALT>35,690000</MALT>
    <XAUS>45,800000</XAUS>
    <XFRA>45,800000</XFRA>
  </Prezzi>
  <Prezzi>
    <Data>20160714</Data>
    <Mercato>MGP</Mercato>
    <Ora>16</Ora>
    <PUN>43,130620</PUN>
    <NAT>41,110000</NAT>
    <CNOR>46,800000</CNOR>
    <CSUD>36,690000</CSUD>
    <NORD>46,800000</NORD>
    <SARD>18,000000</SARD>
    <SICI>36,690000</SICI>
    <SUD>36,690000</SUD>
    <AUST>46,800000</AUST>
    <BRNN>36,690000</BRNN>
    <COAC>18,000000</COAC>
    <CORS>46,800000</CORS>
    <FOGN>36,690000</FOGN>
    <FRAN>46,800000</FRAN>
    <GREC>36,690000</GREC>
    <MFTV>46,800000</MFTV>
    <PRGP>36,690000</PRGP>
    <ROSN>36,690000</ROSN>
    <SLOV>46,800000</SLOV>
    <SVIZ>46,800000</SVIZ>
    <BSP>46,800000</BSP>
    <MALT>36,690000</MALT>
    <XAUS>46,800000</XAUS>
    <XFRA>46,800000</XFRA>
  </Prezzi>
  <Prezzi>
    <Data>20160714</Data>
    <Mercato>MGP</Mercato>
    <Ora>17</Ora>
    <PUN>46,439660</PUN>
    <NAT>43,990000</NAT>
    <CNOR>50,300000</CNOR>
    <CSUD>38,480000</CSUD>
    <NORD>50,300000</NORD>
    <SARD>35,030000</SARD>
    <SICI>38,480000</SICI>
    <SUD>38,480000</SUD>
    <AUST>50,300000</AUST>
    <BRNN>38,480000</BRNN>
    <COAC>35,030000</COAC>
    <CORS>50,300000</CORS>
    <FOGN>38,480000</FOGN>
    <FRAN>50,300000</FRAN>
    <GREC>38,480000</GREC>
    <MFTV>50,300000</MFTV>
    <PRGP>38,480000</PRGP>
    <ROSN>38,480000</ROSN>
    <SLOV>50,300000</SLOV>
    <SVIZ>50,300000</SVIZ>
    <BSP>50,300000</BSP>
    <MALT>38,480000</MALT>
    <XAUS>50,300000</XAUS>
    <XFRA>50,300000</XFRA>
  </Prezzi>
  <Prezzi>
    <Data>20160714</Data>
    <Mercato>MGP</Mercato>
    <Ora>18</Ora>
    <PUN>45,018180</PUN>
    <NAT>45,000000</NAT>
    <CNOR>46,600000</CNOR>
    <CSUD>42,010000</CSUD>
    <NORD>46,600000</NORD>
    <SARD>39,130000</SARD>
    <SICI>42,010000</SICI>
    <SUD>42,010000</SUD>
    <AUST>46,600000</AUST>
    <BRNN>42,010000</BRNN>
    <COAC>39,130000</COAC>
    <CORS>46,600000</CORS>
    <FOGN>42,010000</FOGN>
    <FRAN>46,600000</FRAN>
    <GREC>42,010000</GREC>
    <MFTV>46,600000</MFTV>
    <PRGP>42,010000</PRGP>
    <ROSN>42,010000</ROSN>
    <SLOV>46,600000</SLOV>
    <SVIZ>46,600000</SVIZ>
    <BSP>46,600000</BSP>
    <MALT>42,010000</MALT>
    <XAUS>46,600000</XAUS>
    <XFRA>46,600000</XFRA>
  </Prezzi>
  <Prezzi>
    <Data>20160714</Data>
    <Mercato>MGP</Mercato>
    <Ora>19</Ora>
    <PUN>49,300000</PUN>
    <NAT>49,300000</NAT>
    <CNOR>49,300000</CNOR>
    <CSUD>49,300000</CSUD>
    <NORD>49,300000</NORD>
    <SARD>49,300000</SARD>
    <SICI>49,300000</SICI>
    <SUD>49,300000</SUD>
    <AUST>49,300000</AUST>
    <BRNN>49,300000</BRNN>
    <COAC>49,300000</COAC>
    <CORS>49,300000</CORS>
    <FOGN>49,300000</FOGN>
    <FRAN>49,300000</FRAN>
    <GREC>49,300000</GREC>
    <MFTV>49,300000</MFTV>
    <PRGP>49,300000</PRGP>
    <ROSN>49,300000</ROSN>
    <SLOV>49,300000</SLOV>
    <SVIZ>49,300000</SVIZ>
    <BSP>49,300000</BSP>
    <MALT>49,300000</MALT>
    <XAUS>49,300000</XAUS>
    <XFRA>49,300000</XFRA>
  </Prezzi>
  <Prezzi>
    <Data>20160714</Data>
    <Mercato>MGP</Mercato>
    <Ora>20</Ora>
    <PUN>52,796630</PUN>
    <NAT>52,000000</NAT>
    <CNOR>51,950000</CNOR>
    <CSUD>51,950000</CSUD>
    <NORD>51,950000</NORD>
    <SARD>51,950000</SARD>
    <SICI>65,990000</SICI>
    <SUD>51,950000</SUD>
    <AUST>51,950000</AUST>
    <BRNN>51,950000</BRNN>
    <COAC>51,950000</COAC>
    <CORS>51,950000</CORS>
    <FOGN>51,950000</FOGN>
    <FRAN>51,950000</FRAN>
    <GREC>51,950000</GREC>
    <MFTV>51,950000</MFTV>
    <PRGP>65,990000</PRGP>
    <ROSN>51,950000</ROSN>
    <SLOV>51,950000</SLOV>
    <SVIZ>51,950000</SVIZ>
    <BSP>51,950000</BSP>
    <MALT>65,990000</MALT>
    <XAUS>51,950000</XAUS>
    <XFRA>51,950000</XFRA>
  </Prezzi>
  <Prezzi>
    <Data>20160714</Data>
    <Mercato>MGP</Mercato>
    <Ora>21</Ora>
    <PUN>52,480000</PUN>
    <NAT>52,990000</NAT>
    <CNOR>51,147600</CNOR>
    <CSUD>51,147600</CSUD>
    <NORD>51,147600</NORD>
    <SARD>51,147600</SARD>
    <SICI>71,940000</SICI>
    <SUD>51,147600</SUD>
    <AUST>51,147600</AUST>
    <BRNN>51,147600</BRNN>
    <COAC>51,147600</COAC>
    <CORS>51,147600</CORS>
    <FOGN>51,147600</FOGN>
    <FRAN>51,147600</FRAN>
    <GREC>51,147600</GREC>
    <MFTV>51,147600</MFTV>
    <PRGP>71,940000</PRGP>
    <ROSN>51,147600</ROSN>
    <SLOV>51,147600</SLOV>
    <SVIZ>51,147600</SVIZ>
    <BSP>51,147600</BSP>
    <MALT>71,940000</MALT>
    <XAUS>51,147600</XAUS>
    <XFRA>51,147600</XFRA>
  </Prezzi>
  <Prezzi>
    <Data>20160714</Data>
    <Mercato>MGP</Mercato>
    <Ora>22</Ora>
    <PUN>55,729900</PUN>
    <NAT>54,880000</NAT>
    <CNOR>54,610000</CNOR>
    <CSUD>54,610000</CSUD>
    <NORD>54,610000</NORD>
    <SARD>54,610000</SARD>
    <SICI>71,940000</SICI>
    <SUD>54,610000</SUD>
    <AUST>54,610000</AUST>
    <BRNN>54,610000</BRNN>
    <COAC>54,610000</COAC>
    <CORS>54,610000</CORS>
    <FOGN>54,610000</FOGN>
    <FRAN>54,610000</FRAN>
    <GREC>54,610000</GREC>
    <MFTV>54,610000</MFTV>
    <PRGP>71,940000</PRGP>
    <ROSN>54,610000</ROSN>
    <SLOV>54,610000</SLOV>
    <SVIZ>54,610000</SVIZ>
    <BSP>54,610000</BSP>
    <MALT>71,940000</MALT>
    <XAUS>54,610000</XAUS>
    <XFRA>54,610000</XFRA>
  </Prezzi>
  <Prezzi>
    <Data>20160714</Data>
    <Mercato>MGP</Mercato>
    <Ora>23</Ora>
    <PUN>46,763070</PUN>
    <NAT>45,350000</NAT>
    <CNOR>45,000000</CNOR>
    <CSUD>45,000000</CSUD>
    <NORD>45,000000</NORD>
    <SARD>45,000000</SARD>
    <SICI>71,830000</SICI>
    <SUD>45,000000</SUD>
    <AUST>45,000000</AUST>
    <BRNN>45,000000</BRNN>
    <COAC>45,000000</COAC>
    <CORS>45,000000</CORS>
    <FOGN>45,000000</FOGN>
    <FRAN>45,000000</FRAN>
    <GREC>45,000000</GREC>
    <MFTV>45,000000</MFTV>
    <PRGP>71,830000</PRGP>
    <ROSN>45,000000</ROSN>
    <SLOV>45,000000</SLOV>
    <SVIZ>45,000000</SVIZ>
    <BSP>45,000000</BSP>
    <MALT>71,830000</MALT>
    <XAUS>45,000000</XAUS>
    <XFRA>45,000000</XFRA>
  </Prezzi>
  <Prezzi>
    <Data>20160714</Data>
    <Mercato>MGP</Mercato>
    <Ora>24</Ora>
    <PUN>41,844830</PUN>
    <NAT>42,130000</NAT>
    <CNOR>41,270000</CNOR>
    <CSUD>41,270000</CSUD>
    <NORD>41,270000</NORD>
    <SARD>41,270000</SARD>
    <SICI>49,990000</SICI>
    <SUD>41,270000</SUD>
    <AUST>41,270000</AUST>
    <BRNN>41,270000</BRNN>
    <COAC>41,270000</COAC>
    <CORS>41,270000</CORS>
    <FOGN>41,270000</FOGN>
    <FRAN>41,270000</FRAN>
    <GREC>41,270000</GREC>
    <MFTV>41,270000</MFTV>
    <PRGP>49,990000</PRGP>
    <ROSN>41,270000</ROSN>
    <SLOV>41,270000</SLOV>
    <SVIZ>41,270000</SVIZ>
    <BSP>41,270000</BSP>
    <MALT>49,990000</MALT>
    <XAUS>41,270000</XAUS>
    <XFRA>41,270000</XFRA>
  </Prezzi>
</NewDataSet>