<?xml version="1.0" standalone="yes"?>
<NewDataSet>
  <xs:schema id="NewDataSet" xmlns="" xmlns:xs="http://www.w3.org/2001/XMLSchema" xmlns:msdata="urn:schemas-microsoft-com:xml-msdata">
    <xs:element name="NewDataSet" msdata:IsDataSet="true" msdata:UseCurrentLocale="true">
      <xs:complexType>
        <xs:choice minOccurs="0" maxOccurs="unbounded">
          <xs:element name="Prezzi">
            <xs:complexType>
              <xs:sequence>
                <xs:element name="Data" type="xs:string" minOccurs="0" />
                <xs:element name="Mercato" type="xs:string" minOccurs="0" />
                <xs:element name="Ora" type="xs:string" minOccurs="0" />
                <xs:element name="PUN" type="xs:string" minOccurs="0" />
                <xs:element name="NAT" type="xs:string" minOccurs="0" />
                <xs:element name="CNOR" type="xs:string" minOccurs="0" />
                <xs:element name="CSUD" type="xs:string" minOccurs="0" />
                <xs:element name="NORD" type="xs:string" minOccurs="0" />
                <xs:element name="SARD" type="xs:string" minOccurs="0" />
                <xs:element name="SICI" type="xs:string" minOccurs="0" />
                <xs:element name="SUD" type="xs:string" minOccurs="0" />
                <xs:element name="AUST" type="xs:string" minOccurs="0" />
                <xs:element name="BRNN" type="xs:string" minOccurs="0" />
                <xs:element name="COAC" type="xs:string" minOccurs="0" />
                <xs:element name="CORS" type="xs:string" minOccurs="0" />
                <xs:element name="FOGN" type="xs:string" minOccurs="0" />
                <xs:element name="FRAN" type="xs:string" minOccurs="0" />
                <xs:element name="GREC" type="xs:string" minOccurs="0" />
                <xs:element name="MFTV" type="xs:string" minOccurs="0" />
                <xs:element name="PRGP" type="xs:string" minOccurs="0" />
                <xs:element name="ROSN" type="xs:string" minOccurs="0" />
                <xs:element name="SLOV" type="xs:string" minOccurs="0" />
                <xs:element name="SVIZ" type="xs:string" minOccurs="0" />
                <xs:element name="BSP" type="xs:string" minOccurs="0" />
                <xs:element name="MALT" type="xs:string" minOccurs="0" />
                <xs:element name="XAUS" type="xs:string" minOccurs="0" />
                <xs:element name="XFRA" type="xs:string" minOccurs="0" />
              </xs:sequence>
            </xs:complexType>
          </xs:element>
        </xs:choice>
      </xs:complexType>
    </xs:element>
  </xs:schema>
  <Prezzi>
    <Data>20160711</Data>
    <Mercato>MGP</Mercato>
    <Ora>1</Ora>
    <PUN>45,215530</PUN>
    <NAT>44,300000</NAT>
    <CNOR>50,000000</CNOR>
    <CSUD>50,000000</CSUD>
    <NORD>40,650000</NORD>
    <SARD>50,000000</SARD>
    <SICI>50,000000</SICI>
    <SUD>50,000000</SUD>
    <AUST>40,650000</AUST>
    <BRNN>50,000000</BRNN>
    <COAC>50,000000</COAC>
    <CORS>50,000000</CORS>
    <FOGN>50,000000</FOGN>
    <FRAN>40,650000</FRAN>
    <GREC>50,000000</GREC>
    <MFTV>40,650000</MFTV>
    <PRGP>50,000000</PRGP>
    <ROSN>50,000000</ROSN>
    <SLOV>40,650000</SLOV>
    <SVIZ>40,650000</SVIZ>
    <BSP>40,650000</BSP>
    <MALT>50,000000</MALT>
    <XAUS>40,650000</XAUS>
    <XFRA>40,650000</XFRA>
  </Prezzi>
  <Prezzi>
    <Data>20160711</Data>
    <Mercato>MGP</Mercato>
    <Ora>2</Ora>
    <PUN>39,470000</PUN>
    <NAT>39,470000</NAT>
    <CNOR>43,751960</CNOR>
    <CSUD>43,751960</CSUD>
    <NORD>35,420000</NORD>
    <SARD>43,751960</SARD>
    <SICI>43,751960</SICI>
    <SUD>43,751960</SUD>
    <AUST>35,420000</AUST>
    <BRNN>43,751960</BRNN>
    <COAC>43,751960</COAC>
    <CORS>43,751960</CORS>
    <FOGN>43,751960</FOGN>
    <FRAN>35,420000</FRAN>
    <GREC>43,751960</GREC>
    <MFTV>35,420000</MFTV>
    <PRGP>43,751960</PRGP>
    <ROSN>43,751960</ROSN>
    <SLOV>35,420000</SLOV>
    <SVIZ>35,420000</SVIZ>
    <BSP>35,420000</BSP>
    <MALT>43,751960</MALT>
    <XAUS>35,420000</XAUS>
    <XFRA>35,420000</XFRA>
  </Prezzi>
  <Prezzi>
    <Data>20160711</Data>
    <Mercato>MGP</Mercato>
    <Ora>3</Ora>
    <PUN>36,867250</PUN>
    <NAT>36,050000</NAT>
    <CNOR>38,620000</CNOR>
    <CSUD>38,620000</CSUD>
    <NORD>34,790000</NORD>
    <SARD>38,620000</SARD>
    <SICI>42,310000</SICI>
    <SUD>38,620000</SUD>
    <AUST>34,790000</AUST>
    <BRNN>38,620000</BRNN>
    <COAC>38,620000</COAC>
    <CORS>38,620000</CORS>
    <FOGN>38,620000</FOGN>
    <FRAN>34,790000</FRAN>
    <GREC>38,620000</GREC>
    <MFTV>34,790000</MFTV>
    <PRGP>42,310000</PRGP>
    <ROSN>38,620000</ROSN>
    <SLOV>34,790000</SLOV>
    <SVIZ>34,790000</SVIZ>
    <BSP>34,790000</BSP>
    <MALT>42,310000</MALT>
    <XAUS>34,790000</XAUS>
    <XFRA>34,790000</XFRA>
  </Prezzi>
  <Prezzi>
    <Data>20160711</Data>
    <Mercato>MGP</Mercato>
    <Ora>4</Ora>
    <PUN>36,100340</PUN>
    <NAT>36,000000</NAT>
    <CNOR>37,200000</CNOR>
    <CSUD>37,200000</CSUD>
    <NORD>34,520000</NORD>
    <SARD>37,200000</SARD>
    <SICI>41,940000</SICI>
    <SUD>37,200000</SUD>
    <AUST>34,520000</AUST>
    <BRNN>37,200000</BRNN>
    <COAC>37,200000</COAC>
    <CORS>37,200000</CORS>
    <FOGN>37,200000</FOGN>
    <FRAN>34,520000</FRAN>
    <GREC>37,200000</GREC>
    <MFTV>34,520000</MFTV>
    <PRGP>41,940000</PRGP>
    <ROSN>37,200000</ROSN>
    <SLOV>34,520000</SLOV>
    <SVIZ>34,520000</SVIZ>
    <BSP>34,520000</BSP>
    <MALT>41,940000</MALT>
    <XAUS>34,520000</XAUS>
    <XFRA>34,520000</XFRA>
  </Prezzi>
  <Prezzi>
    <Data>20160711</Data>
    <Mercato>MGP</Mercato>
    <Ora>5</Ora>
    <PUN>36,267060</PUN>
    <NAT>35,960000</NAT>
    <CNOR>37,200000</CNOR>
    <CSUD>37,200000</CSUD>
    <NORD>34,910000</NORD>
    <SARD>37,200000</SARD>
    <SICI>41,690000</SICI>
    <SUD>37,200000</SUD>
    <AUST>34,910000</AUST>
    <BRNN>37,200000</BRNN>
    <COAC>37,200000</COAC>
    <CORS>37,200000</CORS>
    <FOGN>37,200000</FOGN>
    <FRAN>34,910000</FRAN>
    <GREC>37,200000</GREC>
    <MFTV>34,910000</MFTV>
    <PRGP>41,690000</PRGP>
    <ROSN>37,200000</ROSN>
    <SLOV>34,910000</SLOV>
    <SVIZ>34,910000</SVIZ>
    <BSP>34,910000</BSP>
    <MALT>41,690000</MALT>
    <XAUS>34,910000</XAUS>
    <XFRA>34,910000</XFRA>
  </Prezzi>
  <Prezzi>
    <Data>20160711</Data>
    <Mercato>MGP</Mercato>
    <Ora>6</Ora>
    <PUN>36,523690</PUN>
    <NAT>36,040000</NAT>
    <CNOR>37,200000</CNOR>
    <CSUD>37,200000</CSUD>
    <NORD>35,420000</NORD>
    <SARD>37,200000</SARD>
    <SICI>41,690000</SICI>
    <SUD>37,200000</SUD>
    <AUST>35,420000</AUST>
    <BRNN>37,200000</BRNN>
    <COAC>37,200000</COAC>
    <CORS>37,200000</CORS>
    <FOGN>37,200000</FOGN>
    <FRAN>35,420000</FRAN>
    <GREC>37,200000</GREC>
    <MFTV>35,420000</MFTV>
    <PRGP>41,690000</PRGP>
    <ROSN>37,200000</ROSN>
    <SLOV>35,420000</SLOV>
    <SVIZ>35,420000</SVIZ>
    <BSP>35,420000</BSP>
    <MALT>41,690000</MALT>
    <XAUS>35,420000</XAUS>
    <XFRA>35,420000</XFRA>
  </Prezzi>
  <Prezzi>
    <Data>20160711</Data>
    <Mercato>MGP</Mercato>
    <Ora>7</Ora>
    <PUN>39,546250</PUN>
    <NAT>39,620000</NAT>
    <CNOR>39,420000</CNOR>
    <CSUD>39,420000</CSUD>
    <NORD>39,420000</NORD>
    <SARD>39,420000</SARD>
    <SICI>41,690000</SICI>
    <SUD>39,420000</SUD>
    <AUST>39,420000</AUST>
    <BRNN>39,420000</BRNN>
    <COAC>39,420000</COAC>
    <CORS>39,420000</CORS>
    <FOGN>39,420000</FOGN>
    <FRAN>39,420000</FRAN>
    <GREC>39,420000</GREC>
    <MFTV>39,420000</MFTV>
    <PRGP>41,690000</PRGP>
    <ROSN>39,420000</ROSN>
    <SLOV>39,420000</SLOV>
    <SVIZ>39,420000</SVIZ>
    <BSP>39,420000</BSP>
    <MALT>41,690000</MALT>
    <XAUS>39,420000</XAUS>
    <XFRA>39,420000</XFRA>
  </Prezzi>
  <Prezzi>
    <Data>20160711</Data>
    <Mercato>MGP</Mercato>
    <Ora>8</Ora>
    <PUN>45,900000</PUN>
    <NAT>45,900000</NAT>
    <CNOR>45,900000</CNOR>
    <CSUD>45,900000</CSUD>
    <NORD>45,900000</NORD>
    <SARD>45,900000</SARD>
    <SICI>45,900000</SICI>
    <SUD>45,900000</SUD>
    <AUST>45,900000</AUST>
    <BRNN>45,900000</BRNN>
    <COAC>45,900000</COAC>
    <CORS>45,900000</CORS>
    <FOGN>45,900000</FOGN>
    <FRAN>45,900000</FRAN>
    <GREC>45,900000</GREC>
    <MFTV>45,900000</MFTV>
    <PRGP>45,900000</PRGP>
    <ROSN>45,900000</ROSN>
    <SLOV>45,900000</SLOV>
    <SVIZ>45,900000</SVIZ>
    <BSP>45,900000</BSP>
    <MALT>45,900000</MALT>
    <XAUS>45,900000</XAUS>
    <XFRA>45,900000</XFRA>
  </Prezzi>
  <Prezzi>
    <Data>20160711</Data>
    <Mercato>MGP</Mercato>
    <Ora>9</Ora>
    <PUN>59,461830</PUN>
    <NAT>59,800000</NAT>
    <CNOR>59,100000</CNOR>
    <CSUD>59,100000</CSUD>
    <NORD>59,100000</NORD>
    <SARD>59,100000</SARD>
    <SICI>65,940000</SICI>
    <SUD>59,100000</SUD>
    <AUST>59,100000</AUST>
    <BRNN>59,100000</BRNN>
    <COAC>59,100000</COAC>
    <CORS>59,100000</CORS>
    <FOGN>59,100000</FOGN>
    <FRAN>59,100000</FRAN>
    <GREC>59,100000</GREC>
    <MFTV>59,100000</MFTV>
    <PRGP>65,940000</PRGP>
    <ROSN>59,100000</ROSN>
    <SLOV>59,100000</SLOV>
    <SVIZ>59,100000</SVIZ>
    <BSP>59,100000</BSP>
    <MALT>65,940000</MALT>
    <XAUS>59,100000</XAUS>
    <XFRA>59,100000</XFRA>
  </Prezzi>
  <Prezzi>
    <Data>20160711</Data>
    <Mercato>MGP</Mercato>
    <Ora>10</Ora>
    <PUN>56,756100</PUN>
    <NAT>57,000000</NAT>
    <CNOR>57,000000</CNOR>
    <CSUD>57,000000</CSUD>
    <NORD>57,000000</NORD>
    <SARD>57,000000</SARD>
    <SICI>52,460000</SICI>
    <SUD>57,000000</SUD>
    <AUST>57,000000</AUST>
    <BRNN>57,000000</BRNN>
    <COAC>57,000000</COAC>
    <CORS>57,000000</CORS>
    <FOGN>57,000000</FOGN>
    <FRAN>57,000000</FRAN>
    <GREC>57,000000</GREC>
    <MFTV>57,000000</MFTV>
    <PRGP>52,460000</PRGP>
    <ROSN>52,460000</ROSN>
    <SLOV>57,000000</SLOV>
    <SVIZ>57,000000</SVIZ>
    <BSP>57,000000</BSP>
    <MALT>52,460000</MALT>
    <XAUS>57,000000</XAUS>
    <XFRA>57,000000</XFRA>
  </Prezzi>
  <Prezzi>
    <Data>20160711</Data>
    <Mercato>MGP</Mercato>
    <Ora>11</Ora>
    <PUN>53,279830</PUN>
    <NAT>52,460000</NAT>
    <CNOR>53,400000</CNOR>
    <CSUD>53,400000</CSUD>
    <NORD>53,400000</NORD>
    <SARD>53,400000</SARD>
    <SICI>52,460000</SICI>
    <SUD>52,460000</SUD>
    <AUST>53,400000</AUST>
    <BRNN>52,460000</BRNN>
    <COAC>53,400000</COAC>
    <CORS>53,400000</CORS>
    <FOGN>52,460000</FOGN>
    <FRAN>53,400000</FRAN>
    <GREC>52,460000</GREC>
    <MFTV>53,400000</MFTV>
    <PRGP>52,460000</PRGP>
    <ROSN>52,460000</ROSN>
    <SLOV>53,400000</SLOV>
    <SVIZ>53,400000</SVIZ>
    <BSP>53,400000</BSP>
    <MALT>52,460000</MALT>
    <XAUS>53,400000</XAUS>
    <XFRA>53,400000</XFRA>
  </Prezzi>
  <Prezzi>
    <Data>20160711</Data>
    <Mercato>MGP</Mercato>
    <Ora>12</Ora>
    <PUN>54,503590</PUN>
    <NAT>53,390000</NAT>
    <CNOR>54,800000</CNOR>
    <CSUD>54,800000</CSUD>
    <NORD>54,800000</NORD>
    <SARD>54,800000</SARD>
    <SICI>52,460000</SICI>
    <SUD>52,460000</SUD>
    <AUST>54,800000</AUST>
    <BRNN>52,460000</BRNN>
    <COAC>54,800000</COAC>
    <CORS>54,800000</CORS>
    <FOGN>52,460000</FOGN>
    <FRAN>54,800000</FRAN>
    <GREC>52,460000</GREC>
    <MFTV>54,800000</MFTV>
    <PRGP>52,460000</PRGP>
    <ROSN>52,460000</ROSN>
    <SLOV>54,800000</SLOV>
    <SVIZ>54,800000</SVIZ>
    <BSP>54,800000</BSP>
    <MALT>52,460000</MALT>
    <XAUS>54,800000</XAUS>
    <XFRA>54,800000</XFRA>
  </Prezzi>
  <Prezzi>
    <Data>20160711</Data>
    <Mercato>MGP</Mercato>
    <Ora>13</Ora>
    <PUN>52,300000</PUN>
    <NAT>52,300000</NAT>
    <CNOR>52,300000</CNOR>
    <CSUD>52,300000</CSUD>
    <NORD>52,300000</NORD>
    <SARD>52,300000</SARD>
    <SICI>52,300000</SICI>
    <SUD>52,300000</SUD>
    <AUST>52,300000</AUST>
    <BRNN>52,300000</BRNN>
    <COAC>52,300000</COAC>
    <CORS>52,300000</CORS>
    <FOGN>52,300000</FOGN>
    <FRAN>52,300000</FRAN>
    <GREC>52,300000</GREC>
    <MFTV>52,300000</MFTV>
    <PRGP>52,300000</PRGP>
    <ROSN>52,300000</ROSN>
    <SLOV>52,300000</SLOV>
    <SVIZ>52,300000</SVIZ>
    <BSP>52,300000</BSP>
    <MALT>52,300000</MALT>
    <XAUS>52,300000</XAUS>
    <XFRA>52,300000</XFRA>
  </Prezzi>
  <Prezzi>
    <Data>20160711</Data>
    <Mercato>MGP</Mercato>
    <Ora>14</Ora>
    <PUN>51,940000</PUN>
    <NAT>51,940000</NAT>
    <CNOR>51,940000</CNOR>
    <CSUD>51,940000</CSUD>
    <NORD>51,940000</NORD>
    <SARD>51,940000</SARD>
    <SICI>51,940000</SICI>
    <SUD>51,940000</SUD>
    <AUST>51,940000</AUST>
    <BRNN>51,940000</BRNN>
    <COAC>51,940000</COAC>
    <CORS>51,940000</CORS>
    <FOGN>51,940000</FOGN>
    <FRAN>51,940000</FRAN>
    <GREC>51,940000</GREC>
    <MFTV>51,940000</MFTV>
    <PRGP>51,940000</PRGP>
    <ROSN>51,940000</ROSN>
    <SLOV>51,940000</SLOV>
    <SVIZ>51,940000</SVIZ>
    <BSP>51,940000</BSP>
    <MALT>51,940000</MALT>
    <XAUS>51,940000</XAUS>
    <XFRA>51,940000</XFRA>
  </Prezzi>
  <Prezzi>
    <Data>20160711</Data>
    <Mercato>MGP</Mercato>
    <Ora>15</Ora>
    <PUN>58,560540</PUN>
    <NAT>56,010000</NAT>
    <CNOR>59,500000</CNOR>
    <CSUD>59,500000</CSUD>
    <NORD>59,500000</NORD>
    <SARD>59,500000</SARD>
    <SICI>51,940000</SICI>
    <SUD>51,940000</SUD>
    <AUST>59,500000</AUST>
    <BRNN>51,940000</BRNN>
    <COAC>59,500000</COAC>
    <CORS>59,500000</CORS>
    <FOGN>51,940000</FOGN>
    <FRAN>59,500000</FRAN>
    <GREC>51,940000</GREC>
    <MFTV>59,500000</MFTV>
    <PRGP>51,940000</PRGP>
    <ROSN>51,940000</ROSN>
    <SLOV>59,500000</SLOV>
    <SVIZ>59,500000</SVIZ>
    <BSP>59,500000</BSP>
    <MALT>51,940000</MALT>
    <XAUS>59,500000</XAUS>
    <XFRA>59,500000</XFRA>
  </Prezzi>
  <Prezzi>
    <Data>20160711</Data>
    <Mercato>MGP</Mercato>
    <Ora>16</Ora>
    <PUN>55,027790</PUN>
    <NAT>52,460000</NAT>
    <CNOR>55,460000</CNOR>
    <CSUD>55,460000</CSUD>
    <NORD>55,460000</NORD>
    <SARD>55,460000</SARD>
    <SICI>51,940000</SICI>
    <SUD>51,940000</SUD>
    <AUST>55,460000</AUST>
    <BRNN>51,940000</BRNN>
    <COAC>55,460000</COAC>
    <CORS>55,460000</CORS>
    <FOGN>51,940000</FOGN>
    <FRAN>55,460000</FRAN>
    <GREC>51,940000</GREC>
    <MFTV>55,460000</MFTV>
    <PRGP>51,940000</PRGP>
    <ROSN>51,940000</ROSN>
    <SLOV>55,460000</SLOV>
    <SVIZ>55,460000</SVIZ>
    <BSP>55,460000</BSP>
    <MALT>51,940000</MALT>
    <XAUS>55,460000</XAUS>
    <XFRA>55,460000</XFRA>
  </Prezzi>
  <Prezzi>
    <Data>20160711</Data>
    <Mercato>MGP</Mercato>
    <Ora>17</Ora>
    <PUN>65,000000</PUN>
    <NAT>60,000000</NAT>
    <CNOR>66,835070</CNOR>
    <CSUD>66,835070</CSUD>
    <NORD>66,835070</NORD>
    <SARD>66,835070</SARD>
    <SICI>52,460000</SICI>
    <SUD>52,460000</SUD>
    <AUST>66,835070</AUST>
    <BRNN>52,460000</BRNN>
    <COAC>66,835070</COAC>
    <CORS>66,835070</CORS>
    <FOGN>52,460000</FOGN>
    <FRAN>66,835070</FRAN>
    <GREC>52,460000</GREC>
    <MFTV>66,835070</MFTV>
    <PRGP>52,460000</PRGP>
    <ROSN>52,460000</ROSN>
    <SLOV>66,835070</SLOV>
    <SVIZ>66,835070</SVIZ>
    <BSP>66,835070</BSP>
    <MALT>52,460000</MALT>
    <XAUS>66,835070</XAUS>
    <XFRA>66,835070</XFRA>
  </Prezzi>
  <Prezzi>
    <Data>20160711</Data>
    <Mercato>MGP</Mercato>
    <Ora>18</Ora>
    <PUN>59,457380</PUN>
    <NAT>60,000000</NAT>
    <CNOR>60,530000</CNOR>
    <CSUD>60,530000</CSUD>
    <NORD>60,530000</NORD>
    <SARD>60,530000</SARD>
    <SICI>52,460000</SICI>
    <SUD>52,460000</SUD>
    <AUST>60,530000</AUST>
    <BRNN>52,460000</BRNN>
    <COAC>60,530000</COAC>
    <CORS>60,530000</CORS>
    <FOGN>52,460000</FOGN>
    <FRAN>60,530000</FRAN>
    <GREC>52,460000</GREC>
    <MFTV>60,530000</MFTV>
    <PRGP>52,460000</PRGP>
    <ROSN>52,460000</ROSN>
    <SLOV>60,530000</SLOV>
    <SVIZ>60,530000</SVIZ>
    <BSP>60,530000</BSP>
    <MALT>52,460000</MALT>
    <XAUS>60,530000</XAUS>
    <XFRA>60,530000</XFRA>
  </Prezzi>
  <Prezzi>
    <Data>20160711</Data>
    <Mercato>MGP</Mercato>
    <Ora>19</Ora>
    <PUN>67,940060</PUN>
    <NAT>67,700000</NAT>
    <CNOR>67,700000</CNOR>
    <CSUD>67,700000</CSUD>
    <NORD>67,700000</NORD>
    <SARD>67,700000</SARD>
    <SICI>71,940000</SICI>
    <SUD>67,700000</SUD>
    <AUST>67,700000</AUST>
    <BRNN>67,700000</BRNN>
    <COAC>67,700000</COAC>
    <CORS>67,700000</CORS>
    <FOGN>67,700000</FOGN>
    <FRAN>67,700000</FRAN>
    <GREC>67,700000</GREC>
    <MFTV>67,700000</MFTV>
    <PRGP>71,940000</PRGP>
    <ROSN>67,700000</ROSN>
    <SLOV>67,700000</SLOV>
    <SVIZ>67,700000</SVIZ>
    <BSP>67,700000</BSP>
    <MALT>71,940000</MALT>
    <XAUS>67,700000</XAUS>
    <XFRA>67,700000</XFRA>
  </Prezzi>
  <Prezzi>
    <Data>20160711</Data>
    <Mercato>MGP</Mercato>
    <Ora>20</Ora>
    <PUN>71,940000</PUN>
    <NAT>71,940000</NAT>
    <CNOR>71,940000</CNOR>
    <CSUD>71,940000</CSUD>
    <NORD>71,940000</NORD>
    <SARD>71,940000</SARD>
    <SICI>71,940000</SICI>
    <SUD>71,940000</SUD>
    <AUST>71,940000</AUST>
    <BRNN>71,940000</BRNN>
    <COAC>71,940000</COAC>
    <CORS>71,940000</CORS>
    <FOGN>71,940000</FOGN>
    <FRAN>71,940000</FRAN>
    <GREC>71,940000</GREC>
    <MFTV>71,940000</MFTV>
    <PRGP>71,940000</PRGP>
    <ROSN>71,940000</ROSN>
    <SLOV>71,940000</SLOV>
    <SVIZ>71,940000</SVIZ>
    <BSP>71,940000</BSP>
    <MALT>71,940000</MALT>
    <XAUS>71,940000</XAUS>
    <XFRA>71,940000</XFRA>
  </Prezzi>
  <Prezzi>
    <Data>20160711</Data>
    <Mercato>MGP</Mercato>
    <Ora>21</Ora>
    <PUN>72,460000</PUN>
    <NAT>72,460000</NAT>
    <CNOR>72,460000</CNOR>
    <CSUD>72,460000</CSUD>
    <NORD>72,460000</NORD>
    <SARD>72,460000</SARD>
    <SICI>72,460000</SICI>
    <SUD>72,460000</SUD>
    <AUST>72,460000</AUST>
    <BRNN>72,460000</BRNN>
    <COAC>72,460000</COAC>
    <CORS>72,460000</CORS>
    <FOGN>72,460000</FOGN>
    <FRAN>72,460000</FRAN>
    <GREC>72,460000</GREC>
    <MFTV>72,460000</MFTV>
    <PRGP>72,460000</PRGP>
    <ROSN>72,460000</ROSN>
    <SLOV>72,460000</SLOV>
    <SVIZ>72,460000</SVIZ>
    <BSP>72,460000</BSP>
    <MALT>72,460000</MALT>
    <XAUS>72,460000</XAUS>
    <XFRA>72,460000</XFRA>
  </Prezzi>
  <Prezzi>
    <Data>20160711</Data>
    <Mercato>MGP</Mercato>
    <Ora>22</Ora>
    <PUN>73,500000</PUN>
    <NAT>73,500000</NAT>
    <CNOR>73,500000</CNOR>
    <CSUD>73,500000</CSUD>
    <NORD>73,500000</NORD>
    <SARD>73,500000</SARD>
    <SICI>73,500000</SICI>
    <SUD>73,500000</SUD>
    <AUST>73,500000</AUST>
    <BRNN>73,500000</BRNN>
    <COAC>73,500000</COAC>
    <CORS>73,500000</CORS>
    <FOGN>73,500000</FOGN>
    <FRAN>73,500000</FRAN>
    <GREC>73,500000</GREC>
    <MFTV>73,500000</MFTV>
    <PRGP>73,500000</PRGP>
    <ROSN>73,500000</ROSN>
    <SLOV>73,500000</SLOV>
    <SVIZ>73,500000</SVIZ>
    <BSP>73,500000</BSP>
    <MALT>73,500000</MALT>
    <XAUS>73,500000</XAUS>
    <XFRA>73,500000</XFRA>
  </Prezzi>
  <Prezzi>
    <Data>20160711</Data>
    <Mercato>MGP</Mercato>
    <Ora>23</Ora>
    <PUN>72,460000</PUN>
    <NAT>72,460000</NAT>
    <CNOR>72,460000</CNOR>
    <CSUD>72,460000</CSUD>
    <NORD>72,460000</NORD>
    <SARD>72,460000</SARD>
    <SICI>72,460000</SICI>
    <SUD>72,460000</SUD>
    <AUST>72,460000</AUST>
    <BRNN>72,460000</BRNN>
    <COAC>72,460000</COAC>
    <CORS>72,460000</CORS>
    <FOGN>72,460000</FOGN>
    <FRAN>72,460000</FRAN>
    <GREC>72,460000</GREC>
    <MFTV>72,460000</MFTV>
    <PRGP>72,460000</PRGP>
    <ROSN>72,460000</ROSN>
    <SLOV>72,460000</SLOV>
    <SVIZ>72,460000</SVIZ>
    <BSP>72,460000</BSP>
    <MALT>72,460000</MALT>
    <XAUS>72,460000</XAUS>
    <XFRA>72,460000</XFRA>
  </Prezzi>
  <Prezzi>
    <Data>20160711</Data>
    <Mercato>MGP</Mercato>
    <Ora>24</Ora>
    <PUN>61,217110</PUN>
    <NAT>60,510000</NAT>
    <CNOR>60,500000</CNOR>
    <CSUD>60,500000</CSUD>
    <NORD>60,500000</NORD>
    <SARD>60,500000</SARD>
    <SICI>71,940000</SICI>
    <SUD>60,500000</SUD>
    <AUST>60,500000</AUST>
    <BRNN>60,500000</BRNN>
    <COAC>60,500000</COAC>
    <CORS>60,500000</CORS>
    <FOGN>60,500000</FOGN>
    <FRAN>60,500000</FRAN>
    <GREC>60,500000</GREC>
    <MFTV>60,500000</MFTV>
    <PRGP>71,940000</PRGP>
    <ROSN>60,500000</ROSN>
    <SLOV>60,500000</SLOV>
    <SVIZ>60,500000</SVIZ>
    <BSP>60,500000</BSP>
    <MALT>71,940000</MALT>
    <XAUS>60,500000</XAUS>
    <XFRA>60,500000</XFRA>
  </Prezzi>
</NewDataSet>