<?xml version="1.0" standalone="yes"?>
<NewDataSet>
  <xs:schema id="NewDataSet" xmlns="" xmlns:xs="http://www.w3.org/2001/XMLSchema" xmlns:msdata="urn:schemas-microsoft-com:xml-msdata">
    <xs:element name="NewDataSet" msdata:IsDataSet="true" msdata:UseCurrentLocale="true">
      <xs:complexType>
        <xs:choice minOccurs="0" maxOccurs="unbounded">
          <xs:element name="Prezzi">
            <xs:complexType>
              <xs:sequence>
                <xs:element name="Data" type="xs:string" minOccurs="0" />
                <xs:element name="Mercato" type="xs:string" minOccurs="0" />
                <xs:element name="Ora" type="xs:string" minOccurs="0" />
                <xs:element name="PUN" type="xs:string" minOccurs="0" />
                <xs:element name="NAT" type="xs:string" minOccurs="0" />
                <xs:element name="CNOR" type="xs:string" minOccurs="0" />
                <xs:element name="CSUD" type="xs:string" minOccurs="0" />
                <xs:element name="NORD" type="xs:string" minOccurs="0" />
                <xs:element name="SARD" type="xs:string" minOccurs="0" />
                <xs:element name="SICI" type="xs:string" minOccurs="0" />
                <xs:element name="SUD" type="xs:string" minOccurs="0" />
                <xs:element name="AUST" type="xs:string" minOccurs="0" />
                <xs:element name="BRNN" type="xs:string" minOccurs="0" />
                <xs:element name="COAC" type="xs:string" minOccurs="0" />
                <xs:element name="CORS" type="xs:string" minOccurs="0" />
                <xs:element name="FOGN" type="xs:string" minOccurs="0" />
                <xs:element name="FRAN" type="xs:string" minOccurs="0" />
                <xs:element name="GREC" type="xs:string" minOccurs="0" />
                <xs:element name="MFTV" type="xs:string" minOccurs="0" />
                <xs:element name="PRGP" type="xs:string" minOccurs="0" />
                <xs:element name="ROSN" type="xs:string" minOccurs="0" />
                <xs:element name="SLOV" type="xs:string" minOccurs="0" />
                <xs:element name="SVIZ" type="xs:string" minOccurs="0" />
                <xs:element name="BSP" type="xs:string" minOccurs="0" />
                <xs:element name="MALT" type="xs:string" minOccurs="0" />
                <xs:element name="XAUS" type="xs:string" minOccurs="0" />
                <xs:element name="XFRA" type="xs:string" minOccurs="0" />
              </xs:sequence>
            </xs:complexType>
          </xs:element>
        </xs:choice>
      </xs:complexType>
    </xs:element>
  </xs:schema>
  <Prezzi>
    <Data>20160707</Data>
    <Mercato>MGP</Mercato>
    <Ora>1</Ora>
    <PUN>47,159600</PUN>
    <NAT>45,000000</NAT>
    <CNOR>51,940000</CNOR>
    <CSUD>51,940000</CSUD>
    <NORD>42,870000</NORD>
    <SARD>51,940000</SARD>
    <SICI>51,940000</SICI>
    <SUD>51,940000</SUD>
    <AUST>42,870000</AUST>
    <BRNN>51,940000</BRNN>
    <COAC>51,940000</COAC>
    <CORS>51,940000</CORS>
    <FOGN>51,940000</FOGN>
    <FRAN>42,870000</FRAN>
    <GREC>51,940000</GREC>
    <MFTV>42,870000</MFTV>
    <PRGP>51,940000</PRGP>
    <ROSN>51,940000</ROSN>
    <SLOV>42,870000</SLOV>
    <SVIZ>42,870000</SVIZ>
    <BSP>42,870000</BSP>
    <MALT>51,940000</MALT>
    <XAUS>42,870000</XAUS>
    <XFRA>42,870000</XFRA>
  </Prezzi>
  <Prezzi>
    <Data>20160707</Data>
    <Mercato>MGP</Mercato>
    <Ora>2</Ora>
    <PUN>45,089740</PUN>
    <NAT>44,610000</NAT>
    <CNOR>52,460000</CNOR>
    <CSUD>52,460000</CSUD>
    <NORD>38,590000</NORD>
    <SARD>52,460000</SARD>
    <SICI>52,460000</SICI>
    <SUD>52,460000</SUD>
    <AUST>38,590000</AUST>
    <BRNN>52,460000</BRNN>
    <COAC>52,460000</COAC>
    <CORS>52,460000</CORS>
    <FOGN>52,460000</FOGN>
    <FRAN>38,590000</FRAN>
    <GREC>52,460000</GREC>
    <MFTV>38,590000</MFTV>
    <PRGP>52,460000</PRGP>
    <ROSN>52,460000</ROSN>
    <SLOV>38,590000</SLOV>
    <SVIZ>38,590000</SVIZ>
    <BSP>38,590000</BSP>
    <MALT>52,460000</MALT>
    <XAUS>38,590000</XAUS>
    <XFRA>38,590000</XFRA>
  </Prezzi>
  <Prezzi>
    <Data>20160707</Data>
    <Mercato>MGP</Mercato>
    <Ora>3</Ora>
    <PUN>39,953970</PUN>
    <NAT>41,300000</NAT>
    <CNOR>45,660000</CNOR>
    <CSUD>45,660000</CSUD>
    <NORD>35,020000</NORD>
    <SARD>45,660000</SARD>
    <SICI>45,660000</SICI>
    <SUD>45,660000</SUD>
    <AUST>35,020000</AUST>
    <BRNN>45,660000</BRNN>
    <COAC>45,660000</COAC>
    <CORS>45,660000</CORS>
    <FOGN>45,660000</FOGN>
    <FRAN>35,020000</FRAN>
    <GREC>45,660000</GREC>
    <MFTV>35,020000</MFTV>
    <PRGP>45,660000</PRGP>
    <ROSN>45,660000</ROSN>
    <SLOV>35,020000</SLOV>
    <SVIZ>35,020000</SVIZ>
    <BSP>35,020000</BSP>
    <MALT>45,660000</MALT>
    <XAUS>35,020000</XAUS>
    <XFRA>35,020000</XFRA>
  </Prezzi>
  <Prezzi>
    <Data>20160707</Data>
    <Mercato>MGP</Mercato>
    <Ora>4</Ora>
    <PUN>39,439880</PUN>
    <NAT>41,300000</NAT>
    <CNOR>44,590000</CNOR>
    <CSUD>44,590000</CSUD>
    <NORD>35,020000</NORD>
    <SARD>44,590000</SARD>
    <SICI>44,590000</SICI>
    <SUD>44,590000</SUD>
    <AUST>35,020000</AUST>
    <BRNN>44,590000</BRNN>
    <COAC>44,590000</COAC>
    <CORS>44,590000</CORS>
    <FOGN>44,590000</FOGN>
    <FRAN>35,020000</FRAN>
    <GREC>44,590000</GREC>
    <MFTV>35,020000</MFTV>
    <PRGP>44,590000</PRGP>
    <ROSN>44,590000</ROSN>
    <SLOV>35,020000</SLOV>
    <SVIZ>35,020000</SVIZ>
    <BSP>35,020000</BSP>
    <MALT>44,590000</MALT>
    <XAUS>35,020000</XAUS>
    <XFRA>35,020000</XFRA>
  </Prezzi>
  <Prezzi>
    <Data>20160707</Data>
    <Mercato>MGP</Mercato>
    <Ora>5</Ora>
    <PUN>39,400050</PUN>
    <NAT>41,170000</NAT>
    <CNOR>44,530000</CNOR>
    <CSUD>44,530000</CSUD>
    <NORD>35,020000</NORD>
    <SARD>44,530000</SARD>
    <SICI>44,530000</SICI>
    <SUD>44,530000</SUD>
    <AUST>35,020000</AUST>
    <BRNN>44,530000</BRNN>
    <COAC>44,530000</COAC>
    <CORS>44,530000</CORS>
    <FOGN>44,530000</FOGN>
    <FRAN>35,020000</FRAN>
    <GREC>44,530000</GREC>
    <MFTV>35,020000</MFTV>
    <PRGP>44,530000</PRGP>
    <ROSN>44,530000</ROSN>
    <SLOV>35,020000</SLOV>
    <SVIZ>35,020000</SVIZ>
    <BSP>35,020000</BSP>
    <MALT>44,530000</MALT>
    <XAUS>35,020000</XAUS>
    <XFRA>35,020000</XFRA>
  </Prezzi>
  <Prezzi>
    <Data>20160707</Data>
    <Mercato>MGP</Mercato>
    <Ora>6</Ora>
    <PUN>40,487720</PUN>
    <NAT>41,300000</NAT>
    <CNOR>44,000000</CNOR>
    <CSUD>44,000000</CSUD>
    <NORD>37,590000</NORD>
    <SARD>44,000000</SARD>
    <SICI>44,000000</SICI>
    <SUD>44,000000</SUD>
    <AUST>37,590000</AUST>
    <BRNN>44,000000</BRNN>
    <COAC>44,000000</COAC>
    <CORS>44,000000</CORS>
    <FOGN>44,000000</FOGN>
    <FRAN>37,590000</FRAN>
    <GREC>44,000000</GREC>
    <MFTV>37,590000</MFTV>
    <PRGP>44,000000</PRGP>
    <ROSN>44,000000</ROSN>
    <SLOV>37,590000</SLOV>
    <SVIZ>37,590000</SVIZ>
    <BSP>37,590000</BSP>
    <MALT>44,000000</MALT>
    <XAUS>37,590000</XAUS>
    <XFRA>37,590000</XFRA>
  </Prezzi>
  <Prezzi>
    <Data>20160707</Data>
    <Mercato>MGP</Mercato>
    <Ora>7</Ora>
    <PUN>40,880000</PUN>
    <NAT>40,880000</NAT>
    <CNOR>40,880000</CNOR>
    <CSUD>40,880000</CSUD>
    <NORD>40,880000</NORD>
    <SARD>40,880000</SARD>
    <SICI>40,880000</SICI>
    <SUD>40,880000</SUD>
    <AUST>40,880000</AUST>
    <BRNN>40,880000</BRNN>
    <COAC>40,880000</COAC>
    <CORS>40,880000</CORS>
    <FOGN>40,880000</FOGN>
    <FRAN>40,880000</FRAN>
    <GREC>40,880000</GREC>
    <MFTV>40,880000</MFTV>
    <PRGP>40,880000</PRGP>
    <ROSN>40,880000</ROSN>
    <SLOV>40,880000</SLOV>
    <SVIZ>40,880000</SVIZ>
    <BSP>40,880000</BSP>
    <MALT>40,880000</MALT>
    <XAUS>40,880000</XAUS>
    <XFRA>40,880000</XFRA>
  </Prezzi>
  <Prezzi>
    <Data>20160707</Data>
    <Mercato>MGP</Mercato>
    <Ora>8</Ora>
    <PUN>46,000000</PUN>
    <NAT>46,000000</NAT>
    <CNOR>46,000000</CNOR>
    <CSUD>46,000000</CSUD>
    <NORD>46,000000</NORD>
    <SARD>46,000000</SARD>
    <SICI>46,000000</SICI>
    <SUD>46,000000</SUD>
    <AUST>46,000000</AUST>
    <BRNN>46,000000</BRNN>
    <COAC>46,000000</COAC>
    <CORS>46,000000</CORS>
    <FOGN>46,000000</FOGN>
    <FRAN>46,000000</FRAN>
    <GREC>46,000000</GREC>
    <MFTV>46,000000</MFTV>
    <PRGP>46,000000</PRGP>
    <ROSN>46,000000</ROSN>
    <SLOV>46,000000</SLOV>
    <SVIZ>46,000000</SVIZ>
    <BSP>46,000000</BSP>
    <MALT>46,000000</MALT>
    <XAUS>46,000000</XAUS>
    <XFRA>46,000000</XFRA>
  </Prezzi>
  <Prezzi>
    <Data>20160707</Data>
    <Mercato>MGP</Mercato>
    <Ora>9</Ora>
    <PUN>53,000000</PUN>
    <NAT>53,000000</NAT>
    <CNOR>53,000000</CNOR>
    <CSUD>53,000000</CSUD>
    <NORD>53,000000</NORD>
    <SARD>53,000000</SARD>
    <SICI>53,000000</SICI>
    <SUD>53,000000</SUD>
    <AUST>53,000000</AUST>
    <BRNN>53,000000</BRNN>
    <COAC>53,000000</COAC>
    <CORS>53,000000</CORS>
    <FOGN>53,000000</FOGN>
    <FRAN>53,000000</FRAN>
    <GREC>53,000000</GREC>
    <MFTV>53,000000</MFTV>
    <PRGP>53,000000</PRGP>
    <ROSN>53,000000</ROSN>
    <SLOV>53,000000</SLOV>
    <SVIZ>53,000000</SVIZ>
    <BSP>53,000000</BSP>
    <MALT>53,000000</MALT>
    <XAUS>53,000000</XAUS>
    <XFRA>53,000000</XFRA>
  </Prezzi>
  <Prezzi>
    <Data>20160707</Data>
    <Mercato>MGP</Mercato>
    <Ora>10</Ora>
    <PUN>52,875870</PUN>
    <NAT>52,460000</NAT>
    <CNOR>52,900000</CNOR>
    <CSUD>52,900000</CSUD>
    <NORD>52,900000</NORD>
    <SARD>52,900000</SARD>
    <SICI>52,460000</SICI>
    <SUD>52,900000</SUD>
    <AUST>52,900000</AUST>
    <BRNN>52,900000</BRNN>
    <COAC>52,900000</COAC>
    <CORS>52,900000</CORS>
    <FOGN>52,900000</FOGN>
    <FRAN>52,900000</FRAN>
    <GREC>52,900000</GREC>
    <MFTV>52,900000</MFTV>
    <PRGP>52,460000</PRGP>
    <ROSN>52,460000</ROSN>
    <SLOV>52,900000</SLOV>
    <SVIZ>52,900000</SVIZ>
    <BSP>52,900000</BSP>
    <MALT>52,460000</MALT>
    <XAUS>52,900000</XAUS>
    <XFRA>52,900000</XFRA>
  </Prezzi>
  <Prezzi>
    <Data>20160707</Data>
    <Mercato>MGP</Mercato>
    <Ora>11</Ora>
    <PUN>48,300000</PUN>
    <NAT>48,300000</NAT>
    <CNOR>48,300000</CNOR>
    <CSUD>48,300000</CSUD>
    <NORD>48,300000</NORD>
    <SARD>48,300000</SARD>
    <SICI>48,300000</SICI>
    <SUD>48,300000</SUD>
    <AUST>48,300000</AUST>
    <BRNN>48,300000</BRNN>
    <COAC>48,300000</COAC>
    <CORS>48,300000</CORS>
    <FOGN>48,300000</FOGN>
    <FRAN>48,300000</FRAN>
    <GREC>48,300000</GREC>
    <MFTV>48,300000</MFTV>
    <PRGP>48,300000</PRGP>
    <ROSN>48,300000</ROSN>
    <SLOV>48,300000</SLOV>
    <SVIZ>48,300000</SVIZ>
    <BSP>48,300000</BSP>
    <MALT>48,300000</MALT>
    <XAUS>48,300000</XAUS>
    <XFRA>48,300000</XFRA>
  </Prezzi>
  <Prezzi>
    <Data>20160707</Data>
    <Mercato>MGP</Mercato>
    <Ora>12</Ora>
    <PUN>47,690000</PUN>
    <NAT>47,690000</NAT>
    <CNOR>47,690000</CNOR>
    <CSUD>47,690000</CSUD>
    <NORD>47,690000</NORD>
    <SARD>47,690000</SARD>
    <SICI>47,690000</SICI>
    <SUD>47,690000</SUD>
    <AUST>47,690000</AUST>
    <BRNN>47,690000</BRNN>
    <COAC>47,690000</COAC>
    <CORS>47,690000</CORS>
    <FOGN>47,690000</FOGN>
    <FRAN>47,690000</FRAN>
    <GREC>47,690000</GREC>
    <MFTV>47,690000</MFTV>
    <PRGP>47,690000</PRGP>
    <ROSN>47,690000</ROSN>
    <SLOV>47,690000</SLOV>
    <SVIZ>47,690000</SVIZ>
    <BSP>47,690000</BSP>
    <MALT>47,690000</MALT>
    <XAUS>47,690000</XAUS>
    <XFRA>47,690000</XFRA>
  </Prezzi>
  <Prezzi>
    <Data>20160707</Data>
    <Mercato>MGP</Mercato>
    <Ora>13</Ora>
    <PUN>42,150000</PUN>
    <NAT>42,150000</NAT>
    <CNOR>42,150000</CNOR>
    <CSUD>42,150000</CSUD>
    <NORD>42,150000</NORD>
    <SARD>42,150000</SARD>
    <SICI>42,150000</SICI>
    <SUD>42,150000</SUD>
    <AUST>42,150000</AUST>
    <BRNN>42,150000</BRNN>
    <COAC>42,150000</COAC>
    <CORS>42,150000</CORS>
    <FOGN>42,150000</FOGN>
    <FRAN>42,150000</FRAN>
    <GREC>42,150000</GREC>
    <MFTV>42,150000</MFTV>
    <PRGP>42,150000</PRGP>
    <ROSN>42,150000</ROSN>
    <SLOV>42,150000</SLOV>
    <SVIZ>42,150000</SVIZ>
    <BSP>42,150000</BSP>
    <MALT>42,150000</MALT>
    <XAUS>42,150000</XAUS>
    <XFRA>42,150000</XFRA>
  </Prezzi>
  <Prezzi>
    <Data>20160707</Data>
    <Mercato>MGP</Mercato>
    <Ora>14</Ora>
    <PUN>41,300000</PUN>
    <NAT>41,300000</NAT>
    <CNOR>41,300000</CNOR>
    <CSUD>41,300000</CSUD>
    <NORD>41,300000</NORD>
    <SARD>41,300000</SARD>
    <SICI>41,300000</SICI>
    <SUD>41,300000</SUD>
    <AUST>41,300000</AUST>
    <BRNN>41,300000</BRNN>
    <COAC>41,300000</COAC>
    <CORS>41,300000</CORS>
    <FOGN>41,300000</FOGN>
    <FRAN>41,300000</FRAN>
    <GREC>41,300000</GREC>
    <MFTV>41,300000</MFTV>
    <PRGP>41,300000</PRGP>
    <ROSN>41,300000</ROSN>
    <SLOV>41,300000</SLOV>
    <SVIZ>41,300000</SVIZ>
    <BSP>41,300000</BSP>
    <MALT>41,300000</MALT>
    <XAUS>41,300000</XAUS>
    <XFRA>41,300000</XFRA>
  </Prezzi>
  <Prezzi>
    <Data>20160707</Data>
    <Mercato>MGP</Mercato>
    <Ora>15</Ora>
    <PUN>45,494020</PUN>
    <NAT>44,550000</NAT>
    <CNOR>46,200000</CNOR>
    <CSUD>46,200000</CSUD>
    <NORD>46,200000</NORD>
    <SARD>46,200000</SARD>
    <SICI>40,660000</SICI>
    <SUD>40,660000</SUD>
    <AUST>46,200000</AUST>
    <BRNN>40,660000</BRNN>
    <COAC>46,200000</COAC>
    <CORS>46,200000</CORS>
    <FOGN>40,660000</FOGN>
    <FRAN>46,200000</FRAN>
    <GREC>40,660000</GREC>
    <MFTV>46,200000</MFTV>
    <PRGP>40,660000</PRGP>
    <ROSN>40,660000</ROSN>
    <SLOV>46,200000</SLOV>
    <SVIZ>46,200000</SVIZ>
    <BSP>46,200000</BSP>
    <MALT>40,660000</MALT>
    <XAUS>46,200000</XAUS>
    <XFRA>46,200000</XFRA>
  </Prezzi>
  <Prezzi>
    <Data>20160707</Data>
    <Mercato>MGP</Mercato>
    <Ora>16</Ora>
    <PUN>45,596560</PUN>
    <NAT>43,700000</NAT>
    <CNOR>46,320000</CNOR>
    <CSUD>46,320000</CSUD>
    <NORD>46,320000</NORD>
    <SARD>46,320000</SARD>
    <SICI>40,640000</SICI>
    <SUD>40,640000</SUD>
    <AUST>46,320000</AUST>
    <BRNN>40,640000</BRNN>
    <COAC>46,320000</COAC>
    <CORS>46,320000</CORS>
    <FOGN>40,640000</FOGN>
    <FRAN>46,320000</FRAN>
    <GREC>40,640000</GREC>
    <MFTV>46,320000</MFTV>
    <PRGP>40,640000</PRGP>
    <ROSN>40,640000</ROSN>
    <SLOV>46,320000</SLOV>
    <SVIZ>46,320000</SVIZ>
    <BSP>46,320000</BSP>
    <MALT>40,640000</MALT>
    <XAUS>46,320000</XAUS>
    <XFRA>46,320000</XFRA>
  </Prezzi>
  <Prezzi>
    <Data>20160707</Data>
    <Mercato>MGP</Mercato>
    <Ora>17</Ora>
    <PUN>48,803230</PUN>
    <NAT>46,000000</NAT>
    <CNOR>50,000000</CNOR>
    <CSUD>50,000000</CSUD>
    <NORD>50,000000</NORD>
    <SARD>50,000000</SARD>
    <SICI>40,720000</SICI>
    <SUD>40,720000</SUD>
    <AUST>50,000000</AUST>
    <BRNN>40,720000</BRNN>
    <COAC>50,000000</COAC>
    <CORS>50,000000</CORS>
    <FOGN>40,720000</FOGN>
    <FRAN>50,000000</FRAN>
    <GREC>40,720000</GREC>
    <MFTV>50,000000</MFTV>
    <PRGP>40,720000</PRGP>
    <ROSN>40,720000</ROSN>
    <SLOV>50,000000</SLOV>
    <SVIZ>50,000000</SVIZ>
    <BSP>50,000000</BSP>
    <MALT>40,720000</MALT>
    <XAUS>50,000000</XAUS>
    <XFRA>50,000000</XFRA>
  </Prezzi>
  <Prezzi>
    <Data>20160707</Data>
    <Mercato>MGP</Mercato>
    <Ora>18</Ora>
    <PUN>46,000000</PUN>
    <NAT>45,000000</NAT>
    <CNOR>46,193310</CNOR>
    <CSUD>46,193310</CSUD>
    <NORD>46,193310</NORD>
    <SARD>46,193310</SARD>
    <SICI>44,780000</SICI>
    <SUD>44,780000</SUD>
    <AUST>46,193310</AUST>
    <BRNN>44,780000</BRNN>
    <COAC>46,193310</COAC>
    <CORS>46,193310</CORS>
    <FOGN>44,780000</FOGN>
    <FRAN>46,193310</FRAN>
    <GREC>44,780000</GREC>
    <MFTV>46,193310</MFTV>
    <PRGP>44,780000</PRGP>
    <ROSN>44,780000</ROSN>
    <SLOV>46,193310</SLOV>
    <SVIZ>46,193310</SVIZ>
    <BSP>46,193310</BSP>
    <MALT>44,780000</MALT>
    <XAUS>46,193310</XAUS>
    <XFRA>46,193310</XFRA>
  </Prezzi>
  <Prezzi>
    <Data>20160707</Data>
    <Mercato>MGP</Mercato>
    <Ora>19</Ora>
    <PUN>45,190000</PUN>
    <NAT>45,190000</NAT>
    <CNOR>45,190000</CNOR>
    <CSUD>45,190000</CSUD>
    <NORD>45,190000</NORD>
    <SARD>45,190000</SARD>
    <SICI>45,190000</SICI>
    <SUD>45,190000</SUD>
    <AUST>45,190000</AUST>
    <BRNN>45,190000</BRNN>
    <COAC>45,190000</COAC>
    <CORS>45,190000</CORS>
    <FOGN>45,190000</FOGN>
    <FRAN>45,190000</FRAN>
    <GREC>45,190000</GREC>
    <MFTV>45,190000</MFTV>
    <PRGP>45,190000</PRGP>
    <ROSN>45,190000</ROSN>
    <SLOV>45,190000</SLOV>
    <SVIZ>45,190000</SVIZ>
    <BSP>45,190000</BSP>
    <MALT>45,190000</MALT>
    <XAUS>45,190000</XAUS>
    <XFRA>45,190000</XFRA>
  </Prezzi>
  <Prezzi>
    <Data>20160707</Data>
    <Mercato>MGP</Mercato>
    <Ora>20</Ora>
    <PUN>50,676530</PUN>
    <NAT>51,390000</NAT>
    <CNOR>50,000000</CNOR>
    <CSUD>50,000000</CSUD>
    <NORD>50,000000</NORD>
    <SARD>50,000000</SARD>
    <SICI>62,040000</SICI>
    <SUD>50,000000</SUD>
    <AUST>50,000000</AUST>
    <BRNN>50,000000</BRNN>
    <COAC>50,000000</COAC>
    <CORS>50,000000</CORS>
    <FOGN>50,000000</FOGN>
    <FRAN>50,000000</FRAN>
    <GREC>50,000000</GREC>
    <MFTV>50,000000</MFTV>
    <PRGP>62,040000</PRGP>
    <ROSN>50,000000</ROSN>
    <SLOV>50,000000</SLOV>
    <SVIZ>50,000000</SVIZ>
    <BSP>50,000000</BSP>
    <MALT>62,040000</MALT>
    <XAUS>50,000000</XAUS>
    <XFRA>50,000000</XFRA>
  </Prezzi>
  <Prezzi>
    <Data>20160707</Data>
    <Mercato>MGP</Mercato>
    <Ora>21</Ora>
    <PUN>51,280000</PUN>
    <NAT>50,950000</NAT>
    <CNOR>49,718260</CNOR>
    <CSUD>49,718260</CSUD>
    <NORD>49,718260</NORD>
    <SARD>54,780000</SARD>
    <SICI>71,940000</SICI>
    <SUD>49,718260</SUD>
    <AUST>49,718260</AUST>
    <BRNN>49,718260</BRNN>
    <COAC>54,780000</COAC>
    <CORS>54,780000</CORS>
    <FOGN>49,718260</FOGN>
    <FRAN>49,718260</FRAN>
    <GREC>49,718260</GREC>
    <MFTV>49,718260</MFTV>
    <PRGP>71,940000</PRGP>
    <ROSN>49,718260</ROSN>
    <SLOV>49,718260</SLOV>
    <SVIZ>49,718260</SVIZ>
    <BSP>49,718260</BSP>
    <MALT>71,940000</MALT>
    <XAUS>49,718260</XAUS>
    <XFRA>49,718260</XFRA>
  </Prezzi>
  <Prezzi>
    <Data>20160707</Data>
    <Mercato>MGP</Mercato>
    <Ora>22</Ora>
    <PUN>55,154090</PUN>
    <NAT>54,090000</NAT>
    <CNOR>52,830000</CNOR>
    <CSUD>52,830000</CSUD>
    <NORD>52,830000</NORD>
    <SARD>87,330000</SARD>
    <SICI>71,940000</SICI>
    <SUD>52,830000</SUD>
    <AUST>52,830000</AUST>
    <BRNN>52,830000</BRNN>
    <COAC>87,330000</COAC>
    <CORS>87,330000</CORS>
    <FOGN>52,830000</FOGN>
    <FRAN>52,830000</FRAN>
    <GREC>52,830000</GREC>
    <MFTV>52,830000</MFTV>
    <PRGP>71,940000</PRGP>
    <ROSN>52,830000</ROSN>
    <SLOV>52,830000</SLOV>
    <SVIZ>52,830000</SVIZ>
    <BSP>52,830000</BSP>
    <MALT>71,940000</MALT>
    <XAUS>52,830000</XAUS>
    <XFRA>52,830000</XFRA>
  </Prezzi>
  <Prezzi>
    <Data>20160707</Data>
    <Mercato>MGP</Mercato>
    <Ora>23</Ora>
    <PUN>48,874780</PUN>
    <NAT>48,480000</NAT>
    <CNOR>47,100000</CNOR>
    <CSUD>47,100000</CSUD>
    <NORD>47,100000</NORD>
    <SARD>54,960000</SARD>
    <SICI>71,830000</SICI>
    <SUD>47,100000</SUD>
    <AUST>47,100000</AUST>
    <BRNN>47,100000</BRNN>
    <COAC>54,960000</COAC>
    <CORS>54,960000</CORS>
    <FOGN>47,100000</FOGN>
    <FRAN>47,100000</FRAN>
    <GREC>47,100000</GREC>
    <MFTV>47,100000</MFTV>
    <PRGP>71,830000</PRGP>
    <ROSN>47,100000</ROSN>
    <SLOV>47,100000</SLOV>
    <SVIZ>47,100000</SVIZ>
    <BSP>47,100000</BSP>
    <MALT>71,830000</MALT>
    <XAUS>47,100000</XAUS>
    <XFRA>47,100000</XFRA>
  </Prezzi>
  <Prezzi>
    <Data>20160707</Data>
    <Mercato>MGP</Mercato>
    <Ora>24</Ora>
    <PUN>42,385400</PUN>
    <NAT>41,870000</NAT>
    <CNOR>41,310000</CNOR>
    <CSUD>41,310000</CSUD>
    <NORD>41,310000</NORD>
    <SARD>41,310000</SARD>
    <SICI>58,690000</SICI>
    <SUD>41,310000</SUD>
    <AUST>41,310000</AUST>
    <BRNN>41,310000</BRNN>
    <COAC>41,310000</COAC>
    <CORS>41,310000</CORS>
    <FOGN>41,310000</FOGN>
    <FRAN>41,310000</FRAN>
    <GREC>41,310000</GREC>
    <MFTV>41,310000</MFTV>
    <PRGP>58,690000</PRGP>
    <ROSN>41,310000</ROSN>
    <SLOV>41,310000</SLOV>
    <SVIZ>41,310000</SVIZ>
    <BSP>41,310000</BSP>
    <MALT>58,690000</MALT>
    <XAUS>41,310000</XAUS>
    <XFRA>41,310000</XFRA>
  </Prezzi>
</NewDataSet>