<?xml version="1.0" standalone="yes"?>
<NewDataSet>
  <xs:schema id="NewDataSet" xmlns="" xmlns:xs="http://www.w3.org/2001/XMLSchema" xmlns:msdata="urn:schemas-microsoft-com:xml-msdata">
    <xs:element name="NewDataSet" msdata:IsDataSet="true" msdata:UseCurrentLocale="true">
      <xs:complexType>
        <xs:choice minOccurs="0" maxOccurs="unbounded">
          <xs:element name="Prezzi">
            <xs:complexType>
              <xs:sequence>
                <xs:element name="Data" type="xs:string" minOccurs="0" />
                <xs:element name="Mercato" type="xs:string" minOccurs="0" />
                <xs:element name="Ora" type="xs:string" minOccurs="0" />
                <xs:element name="PUN" type="xs:string" minOccurs="0" />
                <xs:element name="NAT" type="xs:string" minOccurs="0" />
                <xs:element name="CNOR" type="xs:string" minOccurs="0" />
                <xs:element name="CSUD" type="xs:string" minOccurs="0" />
                <xs:element name="NORD" type="xs:string" minOccurs="0" />
                <xs:element name="SARD" type="xs:string" minOccurs="0" />
                <xs:element name="SICI" type="xs:string" minOccurs="0" />
                <xs:element name="SUD" type="xs:string" minOccurs="0" />
                <xs:element name="AUST" type="xs:string" minOccurs="0" />
                <xs:element name="BRNN" type="xs:string" minOccurs="0" />
                <xs:element name="COAC" type="xs:string" minOccurs="0" />
                <xs:element name="CORS" type="xs:string" minOccurs="0" />
                <xs:element name="FOGN" type="xs:string" minOccurs="0" />
                <xs:element name="FRAN" type="xs:string" minOccurs="0" />
                <xs:element name="GREC" type="xs:string" minOccurs="0" />
                <xs:element name="MFTV" type="xs:string" minOccurs="0" />
                <xs:element name="PRGP" type="xs:string" minOccurs="0" />
                <xs:element name="ROSN" type="xs:string" minOccurs="0" />
                <xs:element name="SLOV" type="xs:string" minOccurs="0" />
                <xs:element name="SVIZ" type="xs:string" minOccurs="0" />
                <xs:element name="BSP" type="xs:string" minOccurs="0" />
                <xs:element name="MALT" type="xs:string" minOccurs="0" />
                <xs:element name="XAUS" type="xs:string" minOccurs="0" />
                <xs:element name="XFRA" type="xs:string" minOccurs="0" />
              </xs:sequence>
            </xs:complexType>
          </xs:element>
        </xs:choice>
      </xs:complexType>
    </xs:element>
  </xs:schema>
  <Prezzi>
    <Data>20160729</Data>
    <Mercato>MGP</Mercato>
    <Ora>1</Ora>
    <PUN>39,578840</PUN>
    <NAT>41,010000</NAT>
    <CNOR>40,830000</CNOR>
    <CSUD>40,830000</CSUD>
    <NORD>36,990000</NORD>
    <SARD>40,830000</SARD>
    <SICI>52,460000</SICI>
    <SUD>40,830000</SUD>
    <AUST>36,990000</AUST>
    <BRNN>40,830000</BRNN>
    <COAC>40,830000</COAC>
    <CORS>40,830000</CORS>
    <FOGN>40,830000</FOGN>
    <FRAN>36,990000</FRAN>
    <GREC>40,830000</GREC>
    <MFTV>36,990000</MFTV>
    <PRGP>52,460000</PRGP>
    <ROSN>40,830000</ROSN>
    <SLOV>36,990000</SLOV>
    <SVIZ>36,990000</SVIZ>
    <BSP>36,990000</BSP>
    <MALT>52,460000</MALT>
    <XAUS>36,990000</XAUS>
    <XFRA>36,990000</XFRA>
  </Prezzi>
  <Prezzi>
    <Data>20160729</Data>
    <Mercato>MGP</Mercato>
    <Ora>2</Ora>
    <PUN>37,602540</PUN>
    <NAT>38,830000</NAT>
    <CNOR>39,230000</CNOR>
    <CSUD>39,230000</CSUD>
    <NORD>34,530000</NORD>
    <SARD>39,230000</SARD>
    <SICI>52,460000</SICI>
    <SUD>39,230000</SUD>
    <AUST>34,530000</AUST>
    <BRNN>39,230000</BRNN>
    <COAC>39,230000</COAC>
    <CORS>39,230000</CORS>
    <FOGN>39,230000</FOGN>
    <FRAN>34,530000</FRAN>
    <GREC>39,230000</GREC>
    <MFTV>34,530000</MFTV>
    <PRGP>52,460000</PRGP>
    <ROSN>39,230000</ROSN>
    <SLOV>34,530000</SLOV>
    <SVIZ>34,530000</SVIZ>
    <BSP>34,530000</BSP>
    <MALT>52,460000</MALT>
    <XAUS>34,530000</XAUS>
    <XFRA>34,530000</XFRA>
  </Prezzi>
  <Prezzi>
    <Data>20160729</Data>
    <Mercato>MGP</Mercato>
    <Ora>3</Ora>
    <PUN>36,698550</PUN>
    <NAT>36,640000</NAT>
    <CNOR>38,000000</CNOR>
    <CSUD>38,000000</CSUD>
    <NORD>33,820000</NORD>
    <SARD>38,000000</SARD>
    <SICI>52,460000</SICI>
    <SUD>38,000000</SUD>
    <AUST>33,820000</AUST>
    <BRNN>38,000000</BRNN>
    <COAC>38,000000</COAC>
    <CORS>38,000000</CORS>
    <FOGN>38,000000</FOGN>
    <FRAN>33,820000</FRAN>
    <GREC>38,000000</GREC>
    <MFTV>33,820000</MFTV>
    <PRGP>52,460000</PRGP>
    <ROSN>38,000000</ROSN>
    <SLOV>33,820000</SLOV>
    <SVIZ>33,820000</SVIZ>
    <BSP>33,820000</BSP>
    <MALT>52,460000</MALT>
    <XAUS>33,820000</XAUS>
    <XFRA>33,820000</XFRA>
  </Prezzi>
  <Prezzi>
    <Data>20160729</Data>
    <Mercato>MGP</Mercato>
    <Ora>4</Ora>
    <PUN>35,921080</PUN>
    <NAT>36,080000</NAT>
    <CNOR>37,830000</CNOR>
    <CSUD>37,830000</CSUD>
    <NORD>32,510000</NORD>
    <SARD>37,830000</SARD>
    <SICI>52,460000</SICI>
    <SUD>37,830000</SUD>
    <AUST>32,510000</AUST>
    <BRNN>37,830000</BRNN>
    <COAC>37,830000</COAC>
    <CORS>37,830000</CORS>
    <FOGN>37,830000</FOGN>
    <FRAN>32,510000</FRAN>
    <GREC>37,830000</GREC>
    <MFTV>32,510000</MFTV>
    <PRGP>52,460000</PRGP>
    <ROSN>37,830000</ROSN>
    <SLOV>32,510000</SLOV>
    <SVIZ>32,510000</SVIZ>
    <BSP>32,510000</BSP>
    <MALT>52,460000</MALT>
    <XAUS>32,510000</XAUS>
    <XFRA>32,510000</XFRA>
  </Prezzi>
  <Prezzi>
    <Data>20160729</Data>
    <Mercato>MGP</Mercato>
    <Ora>5</Ora>
    <PUN>35,903030</PUN>
    <NAT>36,000000</NAT>
    <CNOR>37,830000</CNOR>
    <CSUD>37,830000</CSUD>
    <NORD>32,510000</NORD>
    <SARD>37,830000</SARD>
    <SICI>52,460000</SICI>
    <SUD>37,830000</SUD>
    <AUST>32,510000</AUST>
    <BRNN>37,830000</BRNN>
    <COAC>37,830000</COAC>
    <CORS>37,830000</CORS>
    <FOGN>37,830000</FOGN>
    <FRAN>32,510000</FRAN>
    <GREC>37,830000</GREC>
    <MFTV>32,510000</MFTV>
    <PRGP>52,460000</PRGP>
    <ROSN>37,830000</ROSN>
    <SLOV>32,510000</SLOV>
    <SVIZ>32,510000</SVIZ>
    <BSP>32,510000</BSP>
    <MALT>52,460000</MALT>
    <XAUS>32,510000</XAUS>
    <XFRA>32,510000</XFRA>
  </Prezzi>
  <Prezzi>
    <Data>20160729</Data>
    <Mercato>MGP</Mercato>
    <Ora>6</Ora>
    <PUN>37,075580</PUN>
    <NAT>37,830000</NAT>
    <CNOR>38,000000</CNOR>
    <CSUD>38,000000</CSUD>
    <NORD>34,660000</NORD>
    <SARD>38,000000</SARD>
    <SICI>52,460000</SICI>
    <SUD>38,000000</SUD>
    <AUST>34,660000</AUST>
    <BRNN>38,000000</BRNN>
    <COAC>38,000000</COAC>
    <CORS>38,000000</CORS>
    <FOGN>38,000000</FOGN>
    <FRAN>34,660000</FRAN>
    <GREC>38,000000</GREC>
    <MFTV>34,660000</MFTV>
    <PRGP>52,460000</PRGP>
    <ROSN>38,000000</ROSN>
    <SLOV>34,660000</SLOV>
    <SVIZ>34,660000</SVIZ>
    <BSP>34,660000</BSP>
    <MALT>52,460000</MALT>
    <XAUS>34,660000</XAUS>
    <XFRA>34,660000</XFRA>
  </Prezzi>
  <Prezzi>
    <Data>20160729</Data>
    <Mercato>MGP</Mercato>
    <Ora>7</Ora>
    <PUN>37,888270</PUN>
    <NAT>37,970000</NAT>
    <CNOR>37,000000</CNOR>
    <CSUD>37,000000</CSUD>
    <NORD>37,000000</NORD>
    <SARD>37,000000</SARD>
    <SICI>52,460000</SICI>
    <SUD>37,000000</SUD>
    <AUST>37,000000</AUST>
    <BRNN>37,000000</BRNN>
    <COAC>37,000000</COAC>
    <CORS>37,000000</CORS>
    <FOGN>37,000000</FOGN>
    <FRAN>37,000000</FRAN>
    <GREC>37,000000</GREC>
    <MFTV>37,000000</MFTV>
    <PRGP>52,460000</PRGP>
    <ROSN>37,000000</ROSN>
    <SLOV>37,000000</SLOV>
    <SVIZ>37,000000</SVIZ>
    <BSP>37,000000</BSP>
    <MALT>52,460000</MALT>
    <XAUS>37,000000</XAUS>
    <XFRA>37,000000</XFRA>
  </Prezzi>
  <Prezzi>
    <Data>20160729</Data>
    <Mercato>MGP</Mercato>
    <Ora>8</Ora>
    <PUN>42,634030</PUN>
    <NAT>42,400000</NAT>
    <CNOR>41,240000</CNOR>
    <CSUD>41,240000</CSUD>
    <NORD>41,240000</NORD>
    <SARD>41,240000</SARD>
    <SICI>66,460000</SICI>
    <SUD>41,240000</SUD>
    <AUST>41,240000</AUST>
    <BRNN>41,240000</BRNN>
    <COAC>41,240000</COAC>
    <CORS>41,240000</CORS>
    <FOGN>41,240000</FOGN>
    <FRAN>41,240000</FRAN>
    <GREC>41,240000</GREC>
    <MFTV>41,240000</MFTV>
    <PRGP>66,460000</PRGP>
    <ROSN>41,240000</ROSN>
    <SLOV>41,240000</SLOV>
    <SVIZ>41,240000</SVIZ>
    <BSP>41,240000</BSP>
    <MALT>66,460000</MALT>
    <XAUS>41,240000</XAUS>
    <XFRA>41,240000</XFRA>
  </Prezzi>
  <Prezzi>
    <Data>20160729</Data>
    <Mercato>MGP</Mercato>
    <Ora>9</Ora>
    <PUN>46,077440</PUN>
    <NAT>49,000000</NAT>
    <CNOR>44,910000</CNOR>
    <CSUD>44,910000</CSUD>
    <NORD>44,910000</NORD>
    <SARD>44,910000</SARD>
    <SICI>66,460000</SICI>
    <SUD>44,910000</SUD>
    <AUST>44,910000</AUST>
    <BRNN>44,910000</BRNN>
    <COAC>44,910000</COAC>
    <CORS>44,910000</CORS>
    <FOGN>44,910000</FOGN>
    <FRAN>44,910000</FRAN>
    <GREC>44,910000</GREC>
    <MFTV>44,910000</MFTV>
    <PRGP>66,460000</PRGP>
    <ROSN>44,910000</ROSN>
    <SLOV>44,910000</SLOV>
    <SVIZ>44,910000</SVIZ>
    <BSP>44,910000</BSP>
    <MALT>66,460000</MALT>
    <XAUS>44,910000</XAUS>
    <XFRA>44,910000</XFRA>
  </Prezzi>
  <Prezzi>
    <Data>20160729</Data>
    <Mercato>MGP</Mercato>
    <Ora>10</Ora>
    <PUN>44,491540</PUN>
    <NAT>46,860000</NAT>
    <CNOR>44,020000</CNOR>
    <CSUD>44,020000</CSUD>
    <NORD>44,020000</NORD>
    <SARD>44,020000</SARD>
    <SICI>52,460000</SICI>
    <SUD>44,020000</SUD>
    <AUST>44,020000</AUST>
    <BRNN>44,020000</BRNN>
    <COAC>44,020000</COAC>
    <CORS>44,020000</CORS>
    <FOGN>44,020000</FOGN>
    <FRAN>44,020000</FRAN>
    <GREC>44,020000</GREC>
    <MFTV>44,020000</MFTV>
    <PRGP>52,460000</PRGP>
    <ROSN>44,020000</ROSN>
    <SLOV>44,020000</SLOV>
    <SVIZ>44,020000</SVIZ>
    <BSP>44,020000</BSP>
    <MALT>52,460000</MALT>
    <XAUS>44,020000</XAUS>
    <XFRA>44,020000</XFRA>
  </Prezzi>
  <Prezzi>
    <Data>20160729</Data>
    <Mercato>MGP</Mercato>
    <Ora>11</Ora>
    <PUN>42,724620</PUN>
    <NAT>43,010000</NAT>
    <CNOR>42,150000</CNOR>
    <CSUD>42,150000</CSUD>
    <NORD>42,150000</NORD>
    <SARD>42,150000</SARD>
    <SICI>52,460000</SICI>
    <SUD>42,150000</SUD>
    <AUST>42,150000</AUST>
    <BRNN>42,150000</BRNN>
    <COAC>42,150000</COAC>
    <CORS>42,150000</CORS>
    <FOGN>42,150000</FOGN>
    <FRAN>42,150000</FRAN>
    <GREC>42,150000</GREC>
    <MFTV>42,150000</MFTV>
    <PRGP>52,460000</PRGP>
    <ROSN>42,150000</ROSN>
    <SLOV>42,150000</SLOV>
    <SVIZ>42,150000</SVIZ>
    <BSP>42,150000</BSP>
    <MALT>52,460000</MALT>
    <XAUS>42,150000</XAUS>
    <XFRA>42,150000</XFRA>
  </Prezzi>
  <Prezzi>
    <Data>20160729</Data>
    <Mercato>MGP</Mercato>
    <Ora>12</Ora>
    <PUN>42,093450</PUN>
    <NAT>42,360000</NAT>
    <CNOR>41,480000</CNOR>
    <CSUD>41,480000</CSUD>
    <NORD>41,480000</NORD>
    <SARD>41,480000</SARD>
    <SICI>52,460000</SICI>
    <SUD>41,480000</SUD>
    <AUST>41,480000</AUST>
    <BRNN>41,480000</BRNN>
    <COAC>41,480000</COAC>
    <CORS>41,480000</CORS>
    <FOGN>41,480000</FOGN>
    <FRAN>41,480000</FRAN>
    <GREC>41,480000</GREC>
    <MFTV>41,480000</MFTV>
    <PRGP>52,460000</PRGP>
    <ROSN>41,480000</ROSN>
    <SLOV>41,480000</SLOV>
    <SVIZ>41,480000</SVIZ>
    <BSP>41,480000</BSP>
    <MALT>52,460000</MALT>
    <XAUS>41,480000</XAUS>
    <XFRA>41,480000</XFRA>
  </Prezzi>
  <Prezzi>
    <Data>20160729</Data>
    <Mercato>MGP</Mercato>
    <Ora>13</Ora>
    <PUN>40,245820</PUN>
    <NAT>41,000000</NAT>
    <CNOR>39,480000</CNOR>
    <CSUD>39,480000</CSUD>
    <NORD>39,480000</NORD>
    <SARD>39,480000</SARD>
    <SICI>52,460000</SICI>
    <SUD>39,480000</SUD>
    <AUST>39,480000</AUST>
    <BRNN>39,480000</BRNN>
    <COAC>39,480000</COAC>
    <CORS>39,480000</CORS>
    <FOGN>39,480000</FOGN>
    <FRAN>39,480000</FRAN>
    <GREC>39,480000</GREC>
    <MFTV>39,480000</MFTV>
    <PRGP>52,460000</PRGP>
    <ROSN>39,480000</ROSN>
    <SLOV>39,480000</SLOV>
    <SVIZ>39,480000</SVIZ>
    <BSP>39,480000</BSP>
    <MALT>52,460000</MALT>
    <XAUS>39,480000</XAUS>
    <XFRA>39,480000</XFRA>
  </Prezzi>
  <Prezzi>
    <Data>20160729</Data>
    <Mercato>MGP</Mercato>
    <Ora>14</Ora>
    <PUN>40,182870</PUN>
    <NAT>40,000000</NAT>
    <CNOR>39,480000</CNOR>
    <CSUD>39,480000</CSUD>
    <NORD>39,480000</NORD>
    <SARD>39,480000</SARD>
    <SICI>51,940000</SICI>
    <SUD>39,480000</SUD>
    <AUST>39,480000</AUST>
    <BRNN>39,480000</BRNN>
    <COAC>39,480000</COAC>
    <CORS>39,480000</CORS>
    <FOGN>39,480000</FOGN>
    <FRAN>39,480000</FRAN>
    <GREC>39,480000</GREC>
    <MFTV>39,480000</MFTV>
    <PRGP>51,940000</PRGP>
    <ROSN>39,480000</ROSN>
    <SLOV>39,480000</SLOV>
    <SVIZ>39,480000</SVIZ>
    <BSP>39,480000</BSP>
    <MALT>51,940000</MALT>
    <XAUS>39,480000</XAUS>
    <XFRA>39,480000</XFRA>
  </Prezzi>
  <Prezzi>
    <Data>20160729</Data>
    <Mercato>MGP</Mercato>
    <Ora>15</Ora>
    <PUN>41,000000</PUN>
    <NAT>41,000000</NAT>
    <CNOR>40,466070</CNOR>
    <CSUD>40,466070</CSUD>
    <NORD>40,466070</NORD>
    <SARD>40,466070</SARD>
    <SICI>51,830000</SICI>
    <SUD>39,480000</SUD>
    <AUST>40,466070</AUST>
    <BRNN>39,480000</BRNN>
    <COAC>40,466070</COAC>
    <CORS>40,466070</CORS>
    <FOGN>39,480000</FOGN>
    <FRAN>40,466070</FRAN>
    <GREC>39,480000</GREC>
    <MFTV>40,466070</MFTV>
    <PRGP>51,830000</PRGP>
    <ROSN>39,480000</ROSN>
    <SLOV>40,466070</SLOV>
    <SVIZ>40,466070</SVIZ>
    <BSP>40,466070</BSP>
    <MALT>51,830000</MALT>
    <XAUS>40,466070</XAUS>
    <XFRA>40,466070</XFRA>
  </Prezzi>
  <Prezzi>
    <Data>20160729</Data>
    <Mercato>MGP</Mercato>
    <Ora>16</Ora>
    <PUN>41,550610</PUN>
    <NAT>41,990000</NAT>
    <CNOR>41,010000</CNOR>
    <CSUD>41,010000</CSUD>
    <NORD>41,010000</NORD>
    <SARD>41,010000</SARD>
    <SICI>51,830000</SICI>
    <SUD>40,480000</SUD>
    <AUST>41,010000</AUST>
    <BRNN>40,480000</BRNN>
    <COAC>41,010000</COAC>
    <CORS>41,010000</CORS>
    <FOGN>40,480000</FOGN>
    <FRAN>41,010000</FRAN>
    <GREC>40,480000</GREC>
    <MFTV>41,010000</MFTV>
    <PRGP>51,830000</PRGP>
    <ROSN>40,480000</ROSN>
    <SLOV>41,010000</SLOV>
    <SVIZ>41,010000</SVIZ>
    <BSP>41,010000</BSP>
    <MALT>51,830000</MALT>
    <XAUS>41,010000</XAUS>
    <XFRA>41,010000</XFRA>
  </Prezzi>
  <Prezzi>
    <Data>20160729</Data>
    <Mercato>MGP</Mercato>
    <Ora>17</Ora>
    <PUN>41,124850</PUN>
    <NAT>42,010000</NAT>
    <CNOR>40,490000</CNOR>
    <CSUD>40,490000</CSUD>
    <NORD>40,490000</NORD>
    <SARD>40,490000</SARD>
    <SICI>51,940000</SICI>
    <SUD>40,480000</SUD>
    <AUST>40,490000</AUST>
    <BRNN>40,480000</BRNN>
    <COAC>40,490000</COAC>
    <CORS>40,490000</CORS>
    <FOGN>40,480000</FOGN>
    <FRAN>40,490000</FRAN>
    <GREC>40,480000</GREC>
    <MFTV>40,490000</MFTV>
    <PRGP>51,940000</PRGP>
    <ROSN>40,480000</ROSN>
    <SLOV>40,490000</SLOV>
    <SVIZ>40,490000</SVIZ>
    <BSP>40,490000</BSP>
    <MALT>51,940000</MALT>
    <XAUS>40,490000</XAUS>
    <XFRA>40,490000</XFRA>
  </Prezzi>
  <Prezzi>
    <Data>20160729</Data>
    <Mercato>MGP</Mercato>
    <Ora>18</Ora>
    <PUN>42,595790</PUN>
    <NAT>43,000000</NAT>
    <CNOR>42,000000</CNOR>
    <CSUD>42,000000</CSUD>
    <NORD>42,000000</NORD>
    <SARD>42,000000</SARD>
    <SICI>52,460000</SICI>
    <SUD>42,000000</SUD>
    <AUST>42,000000</AUST>
    <BRNN>42,000000</BRNN>
    <COAC>42,000000</COAC>
    <CORS>42,000000</CORS>
    <FOGN>42,000000</FOGN>
    <FRAN>42,000000</FRAN>
    <GREC>42,000000</GREC>
    <MFTV>42,000000</MFTV>
    <PRGP>52,460000</PRGP>
    <ROSN>42,000000</ROSN>
    <SLOV>42,000000</SLOV>
    <SVIZ>42,000000</SVIZ>
    <BSP>42,000000</BSP>
    <MALT>52,460000</MALT>
    <XAUS>42,000000</XAUS>
    <XFRA>42,000000</XFRA>
  </Prezzi>
  <Prezzi>
    <Data>20160729</Data>
    <Mercato>MGP</Mercato>
    <Ora>19</Ora>
    <PUN>43,916030</PUN>
    <NAT>44,000000</NAT>
    <CNOR>42,150000</CNOR>
    <CSUD>42,150000</CSUD>
    <NORD>42,150000</NORD>
    <SARD>42,150000</SARD>
    <SICI>72,460000</SICI>
    <SUD>42,150000</SUD>
    <AUST>42,150000</AUST>
    <BRNN>42,150000</BRNN>
    <COAC>42,150000</COAC>
    <CORS>42,150000</CORS>
    <FOGN>42,150000</FOGN>
    <FRAN>42,150000</FRAN>
    <GREC>42,150000</GREC>
    <MFTV>42,150000</MFTV>
    <PRGP>72,460000</PRGP>
    <ROSN>42,150000</ROSN>
    <SLOV>42,150000</SLOV>
    <SVIZ>42,150000</SVIZ>
    <BSP>42,150000</BSP>
    <MALT>72,460000</MALT>
    <XAUS>42,150000</XAUS>
    <XFRA>42,150000</XFRA>
  </Prezzi>
  <Prezzi>
    <Data>20160729</Data>
    <Mercato>MGP</Mercato>
    <Ora>20</Ora>
    <PUN>46,614420</PUN>
    <NAT>46,320000</NAT>
    <CNOR>45,000000</CNOR>
    <CSUD>45,000000</CSUD>
    <NORD>45,000000</NORD>
    <SARD>45,000000</SARD>
    <SICI>72,460000</SICI>
    <SUD>45,000000</SUD>
    <AUST>45,000000</AUST>
    <BRNN>45,000000</BRNN>
    <COAC>45,000000</COAC>
    <CORS>45,000000</CORS>
    <FOGN>45,000000</FOGN>
    <FRAN>45,000000</FRAN>
    <GREC>45,000000</GREC>
    <MFTV>45,000000</MFTV>
    <PRGP>72,460000</PRGP>
    <ROSN>45,000000</ROSN>
    <SLOV>45,000000</SLOV>
    <SVIZ>45,000000</SVIZ>
    <BSP>45,000000</BSP>
    <MALT>72,460000</MALT>
    <XAUS>45,000000</XAUS>
    <XFRA>45,000000</XFRA>
  </Prezzi>
  <Prezzi>
    <Data>20160729</Data>
    <Mercato>MGP</Mercato>
    <Ora>21</Ora>
    <PUN>45,076180</PUN>
    <NAT>46,960000</NAT>
    <CNOR>43,000000</CNOR>
    <CSUD>43,000000</CSUD>
    <NORD>43,000000</NORD>
    <SARD>43,000000</SARD>
    <SICI>75,960000</SICI>
    <SUD>43,000000</SUD>
    <AUST>43,000000</AUST>
    <BRNN>43,000000</BRNN>
    <COAC>43,000000</COAC>
    <CORS>43,000000</CORS>
    <FOGN>43,000000</FOGN>
    <FRAN>43,000000</FRAN>
    <GREC>43,000000</GREC>
    <MFTV>43,000000</MFTV>
    <PRGP>75,960000</PRGP>
    <ROSN>43,000000</ROSN>
    <SLOV>43,000000</SLOV>
    <SVIZ>43,000000</SVIZ>
    <BSP>43,000000</BSP>
    <MALT>75,960000</MALT>
    <XAUS>43,000000</XAUS>
    <XFRA>43,000000</XFRA>
  </Prezzi>
  <Prezzi>
    <Data>20160729</Data>
    <Mercato>MGP</Mercato>
    <Ora>22</Ora>
    <PUN>45,076960</PUN>
    <NAT>48,180000</NAT>
    <CNOR>43,000000</CNOR>
    <CSUD>43,000000</CSUD>
    <NORD>43,000000</NORD>
    <SARD>43,000000</SARD>
    <SICI>75,960000</SICI>
    <SUD>43,000000</SUD>
    <AUST>43,000000</AUST>
    <BRNN>43,000000</BRNN>
    <COAC>43,000000</COAC>
    <CORS>43,000000</CORS>
    <FOGN>43,000000</FOGN>
    <FRAN>43,000000</FRAN>
    <GREC>43,000000</GREC>
    <MFTV>43,000000</MFTV>
    <PRGP>75,960000</PRGP>
    <ROSN>43,000000</ROSN>
    <SLOV>43,000000</SLOV>
    <SVIZ>43,000000</SVIZ>
    <BSP>43,000000</BSP>
    <MALT>75,960000</MALT>
    <XAUS>43,000000</XAUS>
    <XFRA>43,000000</XFRA>
  </Prezzi>
  <Prezzi>
    <Data>20160729</Data>
    <Mercato>MGP</Mercato>
    <Ora>23</Ora>
    <PUN>43,033240</PUN>
    <NAT>44,090000</NAT>
    <CNOR>41,010000</CNOR>
    <CSUD>41,010000</CSUD>
    <NORD>41,010000</NORD>
    <SARD>41,010000</SARD>
    <SICI>72,460000</SICI>
    <SUD>41,010000</SUD>
    <AUST>41,010000</AUST>
    <BRNN>41,010000</BRNN>
    <COAC>41,010000</COAC>
    <CORS>41,010000</CORS>
    <FOGN>41,010000</FOGN>
    <FRAN>41,010000</FRAN>
    <GREC>41,010000</GREC>
    <MFTV>41,010000</MFTV>
    <PRGP>72,460000</PRGP>
    <ROSN>38,000000</ROSN>
    <SLOV>41,010000</SLOV>
    <SVIZ>41,010000</SVIZ>
    <BSP>41,010000</BSP>
    <MALT>72,460000</MALT>
    <XAUS>41,010000</XAUS>
    <XFRA>41,010000</XFRA>
  </Prezzi>
  <Prezzi>
    <Data>20160729</Data>
    <Mercato>MGP</Mercato>
    <Ora>24</Ora>
    <PUN>41,403580</PUN>
    <NAT>40,380000</NAT>
    <CNOR>39,230000</CNOR>
    <CSUD>39,230000</CSUD>
    <NORD>39,230000</NORD>
    <SARD>39,230000</SARD>
    <SICI>72,460000</SICI>
    <SUD>39,230000</SUD>
    <AUST>39,230000</AUST>
    <BRNN>39,230000</BRNN>
    <COAC>39,230000</COAC>
    <CORS>39,230000</CORS>
    <FOGN>39,230000</FOGN>
    <FRAN>39,230000</FRAN>
    <GREC>39,230000</GREC>
    <MFTV>39,230000</MFTV>
    <PRGP>72,460000</PRGP>
    <ROSN>38,000000</ROSN>
    <SLOV>39,230000</SLOV>
    <SVIZ>39,230000</SVIZ>
    <BSP>39,230000</BSP>
    <MALT>72,460000</MALT>
    <XAUS>39,230000</XAUS>
    <XFRA>39,230000</XFRA>
  </Prezzi>
</NewDataSet>