<?xml version="1.0" standalone="yes"?>
<NewDataSet>
  <xs:schema id="NewDataSet" xmlns="" xmlns:xs="http://www.w3.org/2001/XMLSchema" xmlns:msdata="urn:schemas-microsoft-com:xml-msdata">
    <xs:element name="NewDataSet" msdata:IsDataSet="true" msdata:UseCurrentLocale="true">
      <xs:complexType>
        <xs:choice minOccurs="0" maxOccurs="unbounded">
          <xs:element name="Prezzi">
            <xs:complexType>
              <xs:sequence>
                <xs:element name="Data" type="xs:string" minOccurs="0" />
                <xs:element name="Mercato" type="xs:string" minOccurs="0" />
                <xs:element name="Ora" type="xs:string" minOccurs="0" />
                <xs:element name="PUN" type="xs:string" minOccurs="0" />
                <xs:element name="NAT" type="xs:string" minOccurs="0" />
                <xs:element name="CNOR" type="xs:string" minOccurs="0" />
                <xs:element name="CSUD" type="xs:string" minOccurs="0" />
                <xs:element name="NORD" type="xs:string" minOccurs="0" />
                <xs:element name="SARD" type="xs:string" minOccurs="0" />
                <xs:element name="SICI" type="xs:string" minOccurs="0" />
                <xs:element name="SUD" type="xs:string" minOccurs="0" />
                <xs:element name="AUST" type="xs:string" minOccurs="0" />
                <xs:element name="BRNN" type="xs:string" minOccurs="0" />
                <xs:element name="COAC" type="xs:string" minOccurs="0" />
                <xs:element name="CORS" type="xs:string" minOccurs="0" />
                <xs:element name="FOGN" type="xs:string" minOccurs="0" />
                <xs:element name="FRAN" type="xs:string" minOccurs="0" />
                <xs:element name="GREC" type="xs:string" minOccurs="0" />
                <xs:element name="MFTV" type="xs:string" minOccurs="0" />
                <xs:element name="PRGP" type="xs:string" minOccurs="0" />
                <xs:element name="ROSN" type="xs:string" minOccurs="0" />
                <xs:element name="SLOV" type="xs:string" minOccurs="0" />
                <xs:element name="SVIZ" type="xs:string" minOccurs="0" />
                <xs:element name="BSP" type="xs:string" minOccurs="0" />
                <xs:element name="MALT" type="xs:string" minOccurs="0" />
                <xs:element name="XAUS" type="xs:string" minOccurs="0" />
                <xs:element name="XFRA" type="xs:string" minOccurs="0" />
              </xs:sequence>
            </xs:complexType>
          </xs:element>
        </xs:choice>
      </xs:complexType>
    </xs:element>
  </xs:schema>
  <Prezzi>
    <Data>20160702</Data>
    <Mercato>MGP</Mercato>
    <Ora>1</Ora>
    <PUN>50,720000</PUN>
    <NAT>50,720000</NAT>
    <CNOR>50,720000</CNOR>
    <CSUD>50,720000</CSUD>
    <NORD>50,720000</NORD>
    <SARD>50,720000</SARD>
    <SICI>50,720000</SICI>
    <SUD>50,720000</SUD>
    <AUST>50,720000</AUST>
    <BRNN>50,720000</BRNN>
    <COAC>50,720000</COAC>
    <CORS>50,720000</CORS>
    <FOGN>50,720000</FOGN>
    <FRAN>50,720000</FRAN>
    <GREC>50,720000</GREC>
    <MFTV>50,720000</MFTV>
    <PRGP>50,720000</PRGP>
    <ROSN>50,720000</ROSN>
    <SLOV>50,720000</SLOV>
    <SVIZ>50,720000</SVIZ>
    <BSP>50,720000</BSP>
    <MALT>50,720000</MALT>
    <XAUS>50,720000</XAUS>
    <XFRA>50,720000</XFRA>
  </Prezzi>
  <Prezzi>
    <Data>20160702</Data>
    <Mercato>MGP</Mercato>
    <Ora>2</Ora>
    <PUN>50,000000</PUN>
    <NAT>50,000000</NAT>
    <CNOR>50,000000</CNOR>
    <CSUD>50,000000</CSUD>
    <NORD>50,000000</NORD>
    <SARD>50,000000</SARD>
    <SICI>50,000000</SICI>
    <SUD>50,000000</SUD>
    <AUST>50,000000</AUST>
    <BRNN>50,000000</BRNN>
    <COAC>50,000000</COAC>
    <CORS>50,000000</CORS>
    <FOGN>50,000000</FOGN>
    <FRAN>50,000000</FRAN>
    <GREC>50,000000</GREC>
    <MFTV>50,000000</MFTV>
    <PRGP>50,000000</PRGP>
    <ROSN>50,000000</ROSN>
    <SLOV>50,000000</SLOV>
    <SVIZ>50,000000</SVIZ>
    <BSP>50,000000</BSP>
    <MALT>50,000000</MALT>
    <XAUS>50,000000</XAUS>
    <XFRA>50,000000</XFRA>
  </Prezzi>
  <Prezzi>
    <Data>20160702</Data>
    <Mercato>MGP</Mercato>
    <Ora>3</Ora>
    <PUN>42,110000</PUN>
    <NAT>42,110000</NAT>
    <CNOR>42,110000</CNOR>
    <CSUD>42,110000</CSUD>
    <NORD>42,110000</NORD>
    <SARD>42,110000</SARD>
    <SICI>42,110000</SICI>
    <SUD>42,110000</SUD>
    <AUST>42,110000</AUST>
    <BRNN>42,110000</BRNN>
    <COAC>42,110000</COAC>
    <CORS>42,110000</CORS>
    <FOGN>42,110000</FOGN>
    <FRAN>42,110000</FRAN>
    <GREC>42,110000</GREC>
    <MFTV>42,110000</MFTV>
    <PRGP>42,110000</PRGP>
    <ROSN>42,110000</ROSN>
    <SLOV>42,110000</SLOV>
    <SVIZ>42,110000</SVIZ>
    <BSP>42,110000</BSP>
    <MALT>42,110000</MALT>
    <XAUS>42,110000</XAUS>
    <XFRA>42,110000</XFRA>
  </Prezzi>
  <Prezzi>
    <Data>20160702</Data>
    <Mercato>MGP</Mercato>
    <Ora>4</Ora>
    <PUN>42,020000</PUN>
    <NAT>42,020000</NAT>
    <CNOR>42,020000</CNOR>
    <CSUD>42,020000</CSUD>
    <NORD>42,020000</NORD>
    <SARD>42,020000</SARD>
    <SICI>42,020000</SICI>
    <SUD>42,020000</SUD>
    <AUST>42,020000</AUST>
    <BRNN>42,020000</BRNN>
    <COAC>42,020000</COAC>
    <CORS>42,020000</CORS>
    <FOGN>42,020000</FOGN>
    <FRAN>42,020000</FRAN>
    <GREC>42,020000</GREC>
    <MFTV>42,020000</MFTV>
    <PRGP>42,020000</PRGP>
    <ROSN>42,020000</ROSN>
    <SLOV>42,020000</SLOV>
    <SVIZ>42,020000</SVIZ>
    <BSP>42,020000</BSP>
    <MALT>42,020000</MALT>
    <XAUS>42,020000</XAUS>
    <XFRA>42,020000</XFRA>
  </Prezzi>
  <Prezzi>
    <Data>20160702</Data>
    <Mercato>MGP</Mercato>
    <Ora>5</Ora>
    <PUN>39,459290</PUN>
    <NAT>40,000000</NAT>
    <CNOR>39,360000</CNOR>
    <CSUD>39,360000</CSUD>
    <NORD>39,360000</NORD>
    <SARD>39,360000</SARD>
    <SICI>41,000000</SICI>
    <SUD>39,360000</SUD>
    <AUST>39,360000</AUST>
    <BRNN>39,360000</BRNN>
    <COAC>39,360000</COAC>
    <CORS>39,360000</CORS>
    <FOGN>39,360000</FOGN>
    <FRAN>39,360000</FRAN>
    <GREC>39,360000</GREC>
    <MFTV>39,360000</MFTV>
    <PRGP>41,000000</PRGP>
    <ROSN>39,360000</ROSN>
    <SLOV>39,360000</SLOV>
    <SVIZ>39,360000</SVIZ>
    <BSP>39,360000</BSP>
    <MALT>41,000000</MALT>
    <XAUS>39,360000</XAUS>
    <XFRA>39,360000</XFRA>
  </Prezzi>
  <Prezzi>
    <Data>20160702</Data>
    <Mercato>MGP</Mercato>
    <Ora>6</Ora>
    <PUN>38,209440</PUN>
    <NAT>38,720000</NAT>
    <CNOR>38,060000</CNOR>
    <CSUD>38,060000</CSUD>
    <NORD>38,060000</NORD>
    <SARD>38,060000</SARD>
    <SICI>40,500000</SICI>
    <SUD>38,060000</SUD>
    <AUST>38,060000</AUST>
    <BRNN>38,060000</BRNN>
    <COAC>38,060000</COAC>
    <CORS>38,060000</CORS>
    <FOGN>38,060000</FOGN>
    <FRAN>38,060000</FRAN>
    <GREC>38,060000</GREC>
    <MFTV>38,060000</MFTV>
    <PRGP>40,500000</PRGP>
    <ROSN>38,060000</ROSN>
    <SLOV>38,060000</SLOV>
    <SVIZ>38,060000</SVIZ>
    <BSP>38,060000</BSP>
    <MALT>40,500000</MALT>
    <XAUS>38,060000</XAUS>
    <XFRA>38,060000</XFRA>
  </Prezzi>
  <Prezzi>
    <Data>20160702</Data>
    <Mercato>MGP</Mercato>
    <Ora>7</Ora>
    <PUN>38,151880</PUN>
    <NAT>38,590000</NAT>
    <CNOR>38,000000</CNOR>
    <CSUD>38,000000</CSUD>
    <NORD>38,000000</NORD>
    <SARD>38,000000</SARD>
    <SICI>40,500000</SICI>
    <SUD>38,000000</SUD>
    <AUST>38,000000</AUST>
    <BRNN>38,000000</BRNN>
    <COAC>38,000000</COAC>
    <CORS>38,000000</CORS>
    <FOGN>38,000000</FOGN>
    <FRAN>38,000000</FRAN>
    <GREC>38,000000</GREC>
    <MFTV>38,000000</MFTV>
    <PRGP>40,500000</PRGP>
    <ROSN>38,000000</ROSN>
    <SLOV>38,000000</SLOV>
    <SVIZ>38,000000</SVIZ>
    <BSP>38,000000</BSP>
    <MALT>40,500000</MALT>
    <XAUS>38,000000</XAUS>
    <XFRA>38,000000</XFRA>
  </Prezzi>
  <Prezzi>
    <Data>20160702</Data>
    <Mercato>MGP</Mercato>
    <Ora>8</Ora>
    <PUN>41,039990</PUN>
    <NAT>41,720000</NAT>
    <CNOR>40,720000</CNOR>
    <CSUD>40,720000</CSUD>
    <NORD>40,720000</NORD>
    <SARD>40,720000</SARD>
    <SICI>46,000000</SICI>
    <SUD>40,720000</SUD>
    <AUST>40,720000</AUST>
    <BRNN>40,720000</BRNN>
    <COAC>40,720000</COAC>
    <CORS>40,720000</CORS>
    <FOGN>40,720000</FOGN>
    <FRAN>40,720000</FRAN>
    <GREC>40,720000</GREC>
    <MFTV>40,720000</MFTV>
    <PRGP>46,000000</PRGP>
    <ROSN>40,720000</ROSN>
    <SLOV>40,720000</SLOV>
    <SVIZ>40,720000</SVIZ>
    <BSP>40,720000</BSP>
    <MALT>46,000000</MALT>
    <XAUS>40,720000</XAUS>
    <XFRA>40,720000</XFRA>
  </Prezzi>
  <Prezzi>
    <Data>20160702</Data>
    <Mercato>MGP</Mercato>
    <Ora>9</Ora>
    <PUN>44,050000</PUN>
    <NAT>44,050000</NAT>
    <CNOR>43,986980</CNOR>
    <CSUD>43,986980</CSUD>
    <NORD>43,986980</NORD>
    <SARD>43,986980</SARD>
    <SICI>45,000000</SICI>
    <SUD>43,986980</SUD>
    <AUST>43,986980</AUST>
    <BRNN>43,986980</BRNN>
    <COAC>43,986980</COAC>
    <CORS>43,986980</CORS>
    <FOGN>43,986980</FOGN>
    <FRAN>43,986980</FRAN>
    <GREC>43,986980</GREC>
    <MFTV>43,986980</MFTV>
    <PRGP>45,000000</PRGP>
    <ROSN>43,986980</ROSN>
    <SLOV>43,986980</SLOV>
    <SVIZ>43,986980</SVIZ>
    <BSP>43,986980</BSP>
    <MALT>45,000000</MALT>
    <XAUS>43,986980</XAUS>
    <XFRA>43,986980</XFRA>
  </Prezzi>
  <Prezzi>
    <Data>20160702</Data>
    <Mercato>MGP</Mercato>
    <Ora>10</Ora>
    <PUN>42,246110</PUN>
    <NAT>42,060000</NAT>
    <CNOR>42,060000</CNOR>
    <CSUD>42,060000</CSUD>
    <NORD>42,060000</NORD>
    <SARD>42,060000</SARD>
    <SICI>45,000000</SICI>
    <SUD>42,060000</SUD>
    <AUST>42,060000</AUST>
    <BRNN>42,060000</BRNN>
    <COAC>42,060000</COAC>
    <CORS>42,060000</CORS>
    <FOGN>42,060000</FOGN>
    <FRAN>42,060000</FRAN>
    <GREC>42,060000</GREC>
    <MFTV>42,060000</MFTV>
    <PRGP>45,000000</PRGP>
    <ROSN>42,060000</ROSN>
    <SLOV>42,060000</SLOV>
    <SVIZ>42,060000</SVIZ>
    <BSP>42,060000</BSP>
    <MALT>45,000000</MALT>
    <XAUS>42,060000</XAUS>
    <XFRA>42,060000</XFRA>
  </Prezzi>
  <Prezzi>
    <Data>20160702</Data>
    <Mercato>MGP</Mercato>
    <Ora>11</Ora>
    <PUN>42,020000</PUN>
    <NAT>42,020000</NAT>
    <CNOR>42,020000</CNOR>
    <CSUD>42,020000</CSUD>
    <NORD>42,020000</NORD>
    <SARD>42,020000</SARD>
    <SICI>42,020000</SICI>
    <SUD>42,020000</SUD>
    <AUST>42,020000</AUST>
    <BRNN>42,020000</BRNN>
    <COAC>42,020000</COAC>
    <CORS>42,020000</CORS>
    <FOGN>42,020000</FOGN>
    <FRAN>42,020000</FRAN>
    <GREC>42,020000</GREC>
    <MFTV>42,020000</MFTV>
    <PRGP>42,020000</PRGP>
    <ROSN>42,020000</ROSN>
    <SLOV>42,020000</SLOV>
    <SVIZ>42,020000</SVIZ>
    <BSP>42,020000</BSP>
    <MALT>42,020000</MALT>
    <XAUS>42,020000</XAUS>
    <XFRA>42,020000</XFRA>
  </Prezzi>
  <Prezzi>
    <Data>20160702</Data>
    <Mercato>MGP</Mercato>
    <Ora>12</Ora>
    <PUN>40,606420</PUN>
    <NAT>40,580000</NAT>
    <CNOR>40,580000</CNOR>
    <CSUD>40,580000</CSUD>
    <NORD>40,580000</NORD>
    <SARD>40,580000</SARD>
    <SICI>41,000000</SICI>
    <SUD>40,580000</SUD>
    <AUST>40,580000</AUST>
    <BRNN>40,580000</BRNN>
    <COAC>40,580000</COAC>
    <CORS>40,580000</CORS>
    <FOGN>40,580000</FOGN>
    <FRAN>40,580000</FRAN>
    <GREC>40,580000</GREC>
    <MFTV>40,580000</MFTV>
    <PRGP>41,000000</PRGP>
    <ROSN>40,580000</ROSN>
    <SLOV>40,580000</SLOV>
    <SVIZ>40,580000</SVIZ>
    <BSP>40,580000</BSP>
    <MALT>41,000000</MALT>
    <XAUS>40,580000</XAUS>
    <XFRA>40,580000</XFRA>
  </Prezzi>
  <Prezzi>
    <Data>20160702</Data>
    <Mercato>MGP</Mercato>
    <Ora>13</Ora>
    <PUN>38,284350</PUN>
    <NAT>38,200000</NAT>
    <CNOR>38,200000</CNOR>
    <CSUD>38,200000</CSUD>
    <NORD>38,200000</NORD>
    <SARD>38,200000</SARD>
    <SICI>39,500000</SICI>
    <SUD>38,200000</SUD>
    <AUST>38,200000</AUST>
    <BRNN>38,200000</BRNN>
    <COAC>38,200000</COAC>
    <CORS>38,200000</CORS>
    <FOGN>38,200000</FOGN>
    <FRAN>38,200000</FRAN>
    <GREC>38,200000</GREC>
    <MFTV>38,200000</MFTV>
    <PRGP>39,500000</PRGP>
    <ROSN>38,200000</ROSN>
    <SLOV>38,200000</SLOV>
    <SVIZ>38,200000</SVIZ>
    <BSP>38,200000</BSP>
    <MALT>39,500000</MALT>
    <XAUS>38,200000</XAUS>
    <XFRA>38,200000</XFRA>
  </Prezzi>
  <Prezzi>
    <Data>20160702</Data>
    <Mercato>MGP</Mercato>
    <Ora>14</Ora>
    <PUN>34,500000</PUN>
    <NAT>34,500000</NAT>
    <CNOR>34,500000</CNOR>
    <CSUD>34,500000</CSUD>
    <NORD>34,500000</NORD>
    <SARD>34,500000</SARD>
    <SICI>34,500000</SICI>
    <SUD>34,500000</SUD>
    <AUST>34,500000</AUST>
    <BRNN>34,500000</BRNN>
    <COAC>34,500000</COAC>
    <CORS>34,500000</CORS>
    <FOGN>34,500000</FOGN>
    <FRAN>34,500000</FRAN>
    <GREC>34,500000</GREC>
    <MFTV>34,500000</MFTV>
    <PRGP>34,500000</PRGP>
    <ROSN>34,500000</ROSN>
    <SLOV>34,500000</SLOV>
    <SVIZ>34,500000</SVIZ>
    <BSP>34,500000</BSP>
    <MALT>34,500000</MALT>
    <XAUS>34,500000</XAUS>
    <XFRA>34,500000</XFRA>
  </Prezzi>
  <Prezzi>
    <Data>20160702</Data>
    <Mercato>MGP</Mercato>
    <Ora>15</Ora>
    <PUN>34,500000</PUN>
    <NAT>34,500000</NAT>
    <CNOR>34,500000</CNOR>
    <CSUD>34,500000</CSUD>
    <NORD>34,500000</NORD>
    <SARD>34,500000</SARD>
    <SICI>34,500000</SICI>
    <SUD>34,500000</SUD>
    <AUST>34,500000</AUST>
    <BRNN>34,500000</BRNN>
    <COAC>34,500000</COAC>
    <CORS>34,500000</CORS>
    <FOGN>34,500000</FOGN>
    <FRAN>34,500000</FRAN>
    <GREC>34,500000</GREC>
    <MFTV>34,500000</MFTV>
    <PRGP>34,500000</PRGP>
    <ROSN>34,500000</ROSN>
    <SLOV>34,500000</SLOV>
    <SVIZ>34,500000</SVIZ>
    <BSP>34,500000</BSP>
    <MALT>34,500000</MALT>
    <XAUS>34,500000</XAUS>
    <XFRA>34,500000</XFRA>
  </Prezzi>
  <Prezzi>
    <Data>20160702</Data>
    <Mercato>MGP</Mercato>
    <Ora>16</Ora>
    <PUN>37,040000</PUN>
    <NAT>37,040000</NAT>
    <CNOR>37,040000</CNOR>
    <CSUD>37,040000</CSUD>
    <NORD>37,040000</NORD>
    <SARD>37,040000</SARD>
    <SICI>37,040000</SICI>
    <SUD>37,040000</SUD>
    <AUST>37,040000</AUST>
    <BRNN>37,040000</BRNN>
    <COAC>37,040000</COAC>
    <CORS>37,040000</CORS>
    <FOGN>37,040000</FOGN>
    <FRAN>37,040000</FRAN>
    <GREC>37,040000</GREC>
    <MFTV>37,040000</MFTV>
    <PRGP>37,040000</PRGP>
    <ROSN>37,040000</ROSN>
    <SLOV>37,040000</SLOV>
    <SVIZ>37,040000</SVIZ>
    <BSP>37,040000</BSP>
    <MALT>37,040000</MALT>
    <XAUS>37,040000</XAUS>
    <XFRA>37,040000</XFRA>
  </Prezzi>
  <Prezzi>
    <Data>20160702</Data>
    <Mercato>MGP</Mercato>
    <Ora>17</Ora>
    <PUN>40,720000</PUN>
    <NAT>40,720000</NAT>
    <CNOR>40,720000</CNOR>
    <CSUD>40,720000</CSUD>
    <NORD>40,720000</NORD>
    <SARD>40,720000</SARD>
    <SICI>40,720000</SICI>
    <SUD>40,720000</SUD>
    <AUST>40,720000</AUST>
    <BRNN>40,720000</BRNN>
    <COAC>40,720000</COAC>
    <CORS>40,720000</CORS>
    <FOGN>40,720000</FOGN>
    <FRAN>40,720000</FRAN>
    <GREC>40,720000</GREC>
    <MFTV>40,720000</MFTV>
    <PRGP>40,720000</PRGP>
    <ROSN>40,720000</ROSN>
    <SLOV>40,720000</SLOV>
    <SVIZ>40,720000</SVIZ>
    <BSP>40,720000</BSP>
    <MALT>40,720000</MALT>
    <XAUS>40,720000</XAUS>
    <XFRA>40,720000</XFRA>
  </Prezzi>
  <Prezzi>
    <Data>20160702</Data>
    <Mercato>MGP</Mercato>
    <Ora>18</Ora>
    <PUN>42,016460</PUN>
    <NAT>42,110000</NAT>
    <CNOR>42,010000</CNOR>
    <CSUD>42,010000</CSUD>
    <NORD>42,010000</NORD>
    <SARD>42,010000</SARD>
    <SICI>42,110000</SICI>
    <SUD>42,010000</SUD>
    <AUST>42,010000</AUST>
    <BRNN>42,010000</BRNN>
    <COAC>42,010000</COAC>
    <CORS>42,010000</CORS>
    <FOGN>42,010000</FOGN>
    <FRAN>42,010000</FRAN>
    <GREC>42,010000</GREC>
    <MFTV>42,010000</MFTV>
    <PRGP>42,110000</PRGP>
    <ROSN>42,010000</ROSN>
    <SLOV>42,010000</SLOV>
    <SVIZ>42,010000</SVIZ>
    <BSP>42,010000</BSP>
    <MALT>42,110000</MALT>
    <XAUS>42,010000</XAUS>
    <XFRA>42,010000</XFRA>
  </Prezzi>
  <Prezzi>
    <Data>20160702</Data>
    <Mercato>MGP</Mercato>
    <Ora>19</Ora>
    <PUN>50,000000</PUN>
    <NAT>50,000000</NAT>
    <CNOR>50,000000</CNOR>
    <CSUD>50,000000</CSUD>
    <NORD>50,000000</NORD>
    <SARD>50,000000</SARD>
    <SICI>50,000000</SICI>
    <SUD>50,000000</SUD>
    <AUST>50,000000</AUST>
    <BRNN>50,000000</BRNN>
    <COAC>50,000000</COAC>
    <CORS>50,000000</CORS>
    <FOGN>50,000000</FOGN>
    <FRAN>50,000000</FRAN>
    <GREC>50,000000</GREC>
    <MFTV>50,000000</MFTV>
    <PRGP>50,000000</PRGP>
    <ROSN>50,000000</ROSN>
    <SLOV>50,000000</SLOV>
    <SVIZ>50,000000</SVIZ>
    <BSP>50,000000</BSP>
    <MALT>50,000000</MALT>
    <XAUS>50,000000</XAUS>
    <XFRA>50,000000</XFRA>
  </Prezzi>
  <Prezzi>
    <Data>20160702</Data>
    <Mercato>MGP</Mercato>
    <Ora>20</Ora>
    <PUN>59,719640</PUN>
    <NAT>59,000000</NAT>
    <CNOR>59,000000</CNOR>
    <CSUD>59,000000</CSUD>
    <NORD>59,000000</NORD>
    <SARD>59,000000</SARD>
    <SICI>70,110000</SICI>
    <SUD>59,000000</SUD>
    <AUST>59,000000</AUST>
    <BRNN>59,000000</BRNN>
    <COAC>59,000000</COAC>
    <CORS>59,000000</CORS>
    <FOGN>59,000000</FOGN>
    <FRAN>59,000000</FRAN>
    <GREC>59,000000</GREC>
    <MFTV>59,000000</MFTV>
    <PRGP>70,110000</PRGP>
    <ROSN>59,000000</ROSN>
    <SLOV>59,000000</SLOV>
    <SVIZ>59,000000</SVIZ>
    <BSP>59,000000</BSP>
    <MALT>70,110000</MALT>
    <XAUS>59,000000</XAUS>
    <XFRA>59,000000</XFRA>
  </Prezzi>
  <Prezzi>
    <Data>20160702</Data>
    <Mercato>MGP</Mercato>
    <Ora>21</Ora>
    <PUN>57,911140</PUN>
    <NAT>57,000000</NAT>
    <CNOR>57,000000</CNOR>
    <CSUD>57,000000</CSUD>
    <NORD>57,000000</NORD>
    <SARD>57,000000</SARD>
    <SICI>70,210000</SICI>
    <SUD>57,000000</SUD>
    <AUST>57,000000</AUST>
    <BRNN>57,000000</BRNN>
    <COAC>57,000000</COAC>
    <CORS>57,000000</CORS>
    <FOGN>57,000000</FOGN>
    <FRAN>57,000000</FRAN>
    <GREC>57,000000</GREC>
    <MFTV>57,000000</MFTV>
    <PRGP>70,210000</PRGP>
    <ROSN>57,000000</ROSN>
    <SLOV>57,000000</SLOV>
    <SVIZ>57,000000</SVIZ>
    <BSP>57,000000</BSP>
    <MALT>70,210000</MALT>
    <XAUS>57,000000</XAUS>
    <XFRA>57,000000</XFRA>
  </Prezzi>
  <Prezzi>
    <Data>20160702</Data>
    <Mercato>MGP</Mercato>
    <Ora>22</Ora>
    <PUN>59,040000</PUN>
    <NAT>60,000000</NAT>
    <CNOR>58,234650</CNOR>
    <CSUD>58,234650</CSUD>
    <NORD>58,234650</NORD>
    <SARD>58,234650</SARD>
    <SICI>70,110000</SICI>
    <SUD>58,234650</SUD>
    <AUST>58,234650</AUST>
    <BRNN>58,234650</BRNN>
    <COAC>58,234650</COAC>
    <CORS>58,234650</CORS>
    <FOGN>58,234650</FOGN>
    <FRAN>58,234650</FRAN>
    <GREC>58,234650</GREC>
    <MFTV>58,234650</MFTV>
    <PRGP>70,110000</PRGP>
    <ROSN>58,234650</ROSN>
    <SLOV>58,234650</SLOV>
    <SVIZ>58,234650</SVIZ>
    <BSP>58,234650</BSP>
    <MALT>70,110000</MALT>
    <XAUS>58,234650</XAUS>
    <XFRA>58,234650</XFRA>
  </Prezzi>
  <Prezzi>
    <Data>20160702</Data>
    <Mercato>MGP</Mercato>
    <Ora>23</Ora>
    <PUN>55,659210</PUN>
    <NAT>55,500000</NAT>
    <CNOR>55,000000</CNOR>
    <CSUD>55,000000</CSUD>
    <NORD>55,000000</NORD>
    <SARD>55,000000</SARD>
    <SICI>64,990000</SICI>
    <SUD>55,000000</SUD>
    <AUST>55,000000</AUST>
    <BRNN>55,000000</BRNN>
    <COAC>55,000000</COAC>
    <CORS>55,000000</CORS>
    <FOGN>55,000000</FOGN>
    <FRAN>55,000000</FRAN>
    <GREC>55,000000</GREC>
    <MFTV>55,000000</MFTV>
    <PRGP>64,990000</PRGP>
    <ROSN>55,000000</ROSN>
    <SLOV>55,000000</SLOV>
    <SVIZ>55,000000</SVIZ>
    <BSP>55,000000</BSP>
    <MALT>64,990000</MALT>
    <XAUS>55,000000</XAUS>
    <XFRA>55,000000</XFRA>
  </Prezzi>
  <Prezzi>
    <Data>20160702</Data>
    <Mercato>MGP</Mercato>
    <Ora>24</Ora>
    <PUN>47,430000</PUN>
    <NAT>47,430000</NAT>
    <CNOR>47,430000</CNOR>
    <CSUD>47,430000</CSUD>
    <NORD>47,430000</NORD>
    <SARD>47,430000</SARD>
    <SICI>47,430000</SICI>
    <SUD>47,430000</SUD>
    <AUST>47,430000</AUST>
    <BRNN>47,430000</BRNN>
    <COAC>47,430000</COAC>
    <CORS>47,430000</CORS>
    <FOGN>47,430000</FOGN>
    <FRAN>47,430000</FRAN>
    <GREC>47,430000</GREC>
    <MFTV>47,430000</MFTV>
    <PRGP>47,430000</PRGP>
    <ROSN>47,430000</ROSN>
    <SLOV>47,430000</SLOV>
    <SVIZ>47,430000</SVIZ>
    <BSP>47,430000</BSP>
    <MALT>47,430000</MALT>
    <XAUS>47,430000</XAUS>
    <XFRA>47,430000</XFRA>
  </Prezzi>
</NewDataSet>