<?xml version="1.0" standalone="yes"?>
<NewDataSet>
  <xs:schema id="NewDataSet" xmlns="" xmlns:xs="http://www.w3.org/2001/XMLSchema" xmlns:msdata="urn:schemas-microsoft-com:xml-msdata">
    <xs:element name="NewDataSet" msdata:IsDataSet="true" msdata:UseCurrentLocale="true">
      <xs:complexType>
        <xs:choice minOccurs="0" maxOccurs="unbounded">
          <xs:element name="Fabbisogno">
            <xs:complexType>
              <xs:sequence>
                <xs:element name="Data" type="xs:string" minOccurs="0" />
                <xs:element name="Mercato" type="xs:string" minOccurs="0" />
                <xs:element name="Ora" type="xs:string" minOccurs="0" />
                <xs:element name="Italia" type="xs:string" minOccurs="0" />
                <xs:element name="CNOR" type="xs:string" minOccurs="0" />
                <xs:element name="CSUD" type="xs:string" minOccurs="0" />
                <xs:element name="NORD" type="xs:string" minOccurs="0" />
                <xs:element name="SARD" type="xs:string" minOccurs="0" />
                <xs:element name="SICI" type="xs:string" minOccurs="0" />
                <xs:element name="SUD" type="xs:string" minOccurs="0" />
              </xs:sequence>
            </xs:complexType>
          </xs:element>
        </xs:choice>
      </xs:complexType>
    </xs:element>
  </xs:schema>
  <Fabbisogno>
    <Data>20150319</Data>
    <Mercato>MGP</Mercato>
    <Ora>1</Ora>
    <Italia>27547,611</Italia>
    <CNOR>2935,541</CNOR>
    <CSUD>4566,711</CSUD>
    <NORD>14991,222</NORD>
    <SARD>975,268</SARD>
    <SICI>1473,807</SICI>
    <SUD>2605,062</SUD>
  </Fabbisogno>
  <Fabbisogno>
    <Data>20150319</Data>
    <Mercato>MGP</Mercato>
    <Ora>2</Ora>
    <Italia>25633,95</Italia>
    <CNOR>2580,357</CNOR>
    <CSUD>3948,037</CSUD>
    <NORD>14499,129</NORD>
    <SARD>883,185</SARD>
    <SICI>1263,161</SICI>
    <SUD>2460,081</SUD>
  </Fabbisogno>
  <Fabbisogno>
    <Data>20150319</Data>
    <Mercato>MGP</Mercato>
    <Ora>3</Ora>
    <Italia>24641,377</Italia>
    <CNOR>2362,748</CNOR>
    <CSUD>3466,669</CSUD>
    <NORD>14565,577</NORD>
    <SARD>847,272</SARD>
    <SICI>1216,445</SICI>
    <SUD>2182,666</SUD>
  </Fabbisogno>
  <Fabbisogno>
    <Data>20150319</Data>
    <Mercato>MGP</Mercato>
    <Ora>4</Ora>
    <Italia>24431,257</Italia>
    <CNOR>2331,375</CNOR>
    <CSUD>3352,468</CSUD>
    <NORD>14538,812</NORD>
    <SARD>848,187</SARD>
    <SICI>1194,004</SICI>
    <SUD>2166,411</SUD>
  </Fabbisogno>
  <Fabbisogno>
    <Data>20150319</Data>
    <Mercato>MGP</Mercato>
    <Ora>5</Ora>
    <Italia>24488,516</Italia>
    <CNOR>2251,19</CNOR>
    <CSUD>3309,977</CSUD>
    <NORD>14830,027</NORD>
    <SARD>801,606</SARD>
    <SICI>1169,736</SICI>
    <SUD>2125,98</SUD>
  </Fabbisogno>
  <Fabbisogno>
    <Data>20150319</Data>
    <Mercato>MGP</Mercato>
    <Ora>6</Ora>
    <Italia>25968,946</Italia>
    <CNOR>2391,712</CNOR>
    <CSUD>3489,54</CSUD>
    <NORD>15836,865</NORD>
    <SARD>834,902</SARD>
    <SICI>1235,015</SICI>
    <SUD>2180,912</SUD>
  </Fabbisogno>
  <Fabbisogno>
    <Data>20150319</Data>
    <Mercato>MGP</Mercato>
    <Ora>7</Ora>
    <Italia>29334,416</Italia>
    <CNOR>2794,551</CNOR>
    <CSUD>4009,938</CSUD>
    <NORD>17867,794</NORD>
    <SARD>947,16</SARD>
    <SICI>1362,681</SICI>
    <SUD>2352,292</SUD>
  </Fabbisogno>
  <Fabbisogno>
    <Data>20150319</Data>
    <Mercato>MGP</Mercato>
    <Ora>8</Ora>
    <Italia>35053,318</Italia>
    <CNOR>3356,702</CNOR>
    <CSUD>4850,933</CSUD>
    <NORD>21176,393</NORD>
    <SARD>1079,626</SARD>
    <SICI>1688,956</SICI>
    <SUD>2900,708</SUD>
  </Fabbisogno>
  <Fabbisogno>
    <Data>20150319</Data>
    <Mercato>MGP</Mercato>
    <Ora>9</Ora>
    <Italia>39747,829</Italia>
    <CNOR>3919,553</CNOR>
    <CSUD>5344,804</CSUD>
    <NORD>24320,387</NORD>
    <SARD>1162,643</SARD>
    <SICI>1826,89</SICI>
    <SUD>3173,552</SUD>
  </Fabbisogno>
  <Fabbisogno>
    <Data>20150319</Data>
    <Mercato>MGP</Mercato>
    <Ora>10</Ora>
    <Italia>40750,38</Italia>
    <CNOR>4041,501</CNOR>
    <CSUD>5668,129</CSUD>
    <NORD>24730,657</NORD>
    <SARD>1178,555</SARD>
    <SICI>1879,451</SICI>
    <SUD>3252,087</SUD>
  </Fabbisogno>
  <Fabbisogno>
    <Data>20150319</Data>
    <Mercato>MGP</Mercato>
    <Ora>11</Ora>
    <Italia>41187,586</Italia>
    <CNOR>4130,39</CNOR>
    <CSUD>6125,001</CSUD>
    <NORD>24619,552</NORD>
    <SARD>1147,093</SARD>
    <SICI>1820,149</SICI>
    <SUD>3345,401</SUD>
  </Fabbisogno>
  <Fabbisogno>
    <Data>20150319</Data>
    <Mercato>MGP</Mercato>
    <Ora>12</Ora>
    <Italia>40364,578</Italia>
    <CNOR>4118,483</CNOR>
    <CSUD>6113,105</CSUD>
    <NORD>23862,609</NORD>
    <SARD>1136,031</SARD>
    <SICI>1869,41</SICI>
    <SUD>3264,94</SUD>
  </Fabbisogno>
  <Fabbisogno>
    <Data>20150319</Data>
    <Mercato>MGP</Mercato>
    <Ora>13</Ora>
    <Italia>37231,785</Italia>
    <CNOR>3698,001</CNOR>
    <CSUD>5663,881</CSUD>
    <NORD>21522,994</NORD>
    <SARD>1082,619</SARD>
    <SICI>1884,131</SICI>
    <SUD>3380,159</SUD>
  </Fabbisogno>
  <Fabbisogno>
    <Data>20150319</Data>
    <Mercato>MGP</Mercato>
    <Ora>14</Ora>
    <Italia>36387,639</Italia>
    <CNOR>3515,586</CNOR>
    <CSUD>5462,957</CSUD>
    <NORD>21254,436</NORD>
    <SARD>1050,415</SARD>
    <SICI>1827,073</SICI>
    <SUD>3277,172</SUD>
  </Fabbisogno>
  <Fabbisogno>
    <Data>20150319</Data>
    <Mercato>MGP</Mercato>
    <Ora>15</Ora>
    <Italia>38190,917</Italia>
    <CNOR>3777,82</CNOR>
    <CSUD>5515,692</CSUD>
    <NORD>22806,171</NORD>
    <SARD>1045,561</SARD>
    <SICI>1793,139</SICI>
    <SUD>3252,534</SUD>
  </Fabbisogno>
  <Fabbisogno>
    <Data>20150319</Data>
    <Mercato>MGP</Mercato>
    <Ora>16</Ora>
    <Italia>38703,728</Italia>
    <CNOR>3861,799</CNOR>
    <CSUD>5516,959</CSUD>
    <NORD>23282,395</NORD>
    <SARD>1045,194</SARD>
    <SICI>1820,171</SICI>
    <SUD>3177,21</SUD>
  </Fabbisogno>
  <Fabbisogno>
    <Data>20150319</Data>
    <Mercato>MGP</Mercato>
    <Ora>17</Ora>
    <Italia>39057,827</Italia>
    <CNOR>4056,419</CNOR>
    <CSUD>5683,058</CSUD>
    <NORD>22994,901</NORD>
    <SARD>1073,031</SARD>
    <SICI>1920,15</SICI>
    <SUD>3330,268</SUD>
  </Fabbisogno>
  <Fabbisogno>
    <Data>20150319</Data>
    <Mercato>MGP</Mercato>
    <Ora>18</Ora>
    <Italia>38978,102</Italia>
    <CNOR>4175,296</CNOR>
    <CSUD>6018,566</CSUD>
    <NORD>21985,873</NORD>
    <SARD>1139,361</SARD>
    <SICI>1994,463</SICI>
    <SUD>3664,543</SUD>
  </Fabbisogno>
  <Fabbisogno>
    <Data>20150319</Data>
    <Mercato>MGP</Mercato>
    <Ora>19</Ora>
    <Italia>41578,633</Italia>
    <CNOR>4370,852</CNOR>
    <CSUD>6658,923</CSUD>
    <NORD>23065,222</NORD>
    <SARD>1226,274</SARD>
    <SICI>2229,423</SICI>
    <SUD>4027,939</SUD>
  </Fabbisogno>
  <Fabbisogno>
    <Data>20150319</Data>
    <Mercato>MGP</Mercato>
    <Ora>20</Ora>
    <Italia>42966,668</Italia>
    <CNOR>4530,593</CNOR>
    <CSUD>7143,386</CSUD>
    <NORD>23395,188</NORD>
    <SARD>1398,744</SARD>
    <SICI>2367,765</SICI>
    <SUD>4130,992</SUD>
  </Fabbisogno>
  <Fabbisogno>
    <Data>20150319</Data>
    <Mercato>MGP</Mercato>
    <Ora>21</Ora>
    <Italia>39229,144</Italia>
    <CNOR>4155,346</CNOR>
    <CSUD>6657,321</CSUD>
    <NORD>20830,83</NORD>
    <SARD>1334,143</SARD>
    <SICI>2358,033</SICI>
    <SUD>3893,471</SUD>
  </Fabbisogno>
  <Fabbisogno>
    <Data>20150319</Data>
    <Mercato>MGP</Mercato>
    <Ora>22</Ora>
    <Italia>36595,926</Italia>
    <CNOR>4031,351</CNOR>
    <CSUD>6527,523</CSUD>
    <NORD>18876,682</NORD>
    <SARD>1263,392</SARD>
    <SICI>2157,203</SICI>
    <SUD>3739,775</SUD>
  </Fabbisogno>
  <Fabbisogno>
    <Data>20150319</Data>
    <Mercato>MGP</Mercato>
    <Ora>23</Ora>
    <Italia>32450,611</Italia>
    <CNOR>3445,117</CNOR>
    <CSUD>5459,223</CSUD>
    <NORD>17076,74</NORD>
    <SARD>1147,093</SARD>
    <SICI>1926,21</SICI>
    <SUD>3396,228</SUD>
  </Fabbisogno>
  <Fabbisogno>
    <Data>20150319</Data>
    <Mercato>MGP</Mercato>
    <Ora>24</Ora>
    <Italia>28930,411</Italia>
    <CNOR>3011,209</CNOR>
    <CSUD>4718,03</CSUD>
    <NORD>15598,178</NORD>
    <SARD>1035,789</SARD>
    <SICI>1634,159</SICI>
    <SUD>2933,046</SUD>
  </Fabbisogno>
</NewDataSet>