<?xml version="1.0" standalone="yes"?>
<NewDataSet>
  <xs:schema id="NewDataSet" xmlns="" xmlns:xs="http://www.w3.org/2001/XMLSchema" xmlns:msdata="urn:schemas-microsoft-com:xml-msdata">
    <xs:element name="NewDataSet" msdata:IsDataSet="true" msdata:UseCurrentLocale="true">
      <xs:complexType>
        <xs:choice minOccurs="0" maxOccurs="unbounded">
          <xs:element name="Fabbisogno">
            <xs:complexType>
              <xs:sequence>
                <xs:element name="Data" type="xs:string" minOccurs="0" />
                <xs:element name="Mercato" type="xs:string" minOccurs="0" />
                <xs:element name="Ora" type="xs:string" minOccurs="0" />
                <xs:element name="Italia" type="xs:string" minOccurs="0" />
                <xs:element name="CNOR" type="xs:string" minOccurs="0" />
                <xs:element name="CSUD" type="xs:string" minOccurs="0" />
                <xs:element name="NORD" type="xs:string" minOccurs="0" />
                <xs:element name="SARD" type="xs:string" minOccurs="0" />
                <xs:element name="SICI" type="xs:string" minOccurs="0" />
                <xs:element name="SUD" type="xs:string" minOccurs="0" />
              </xs:sequence>
            </xs:complexType>
          </xs:element>
        </xs:choice>
      </xs:complexType>
    </xs:element>
  </xs:schema>
  <Fabbisogno>
    <Data>20150310</Data>
    <Mercato>MGP</Mercato>
    <Ora>1</Ora>
    <Italia>26649,302</Italia>
    <CNOR>2870,716</CNOR>
    <CSUD>4115,222</CSUD>
    <NORD>14754,407</NORD>
    <SARD>958,916</SARD>
    <SICI>1563,776</SICI>
    <SUD>2386,265</SUD>
  </Fabbisogno>
  <Fabbisogno>
    <Data>20150310</Data>
    <Mercato>MGP</Mercato>
    <Ora>2</Ora>
    <Italia>26064,204</Italia>
    <CNOR>2911,661</CNOR>
    <CSUD>4234,771</CSUD>
    <NORD>14246,445</NORD>
    <SARD>952,24</SARD>
    <SICI>1362,949</SICI>
    <SUD>2356,138</SUD>
  </Fabbisogno>
  <Fabbisogno>
    <Data>20150310</Data>
    <Mercato>MGP</Mercato>
    <Ora>3</Ora>
    <Italia>25514,794</Italia>
    <CNOR>2875,011</CNOR>
    <CSUD>4076,521</CSUD>
    <NORD>13993,178</NORD>
    <SARD>916,764</SARD>
    <SICI>1349,834</SICI>
    <SUD>2303,486</SUD>
  </Fabbisogno>
  <Fabbisogno>
    <Data>20150310</Data>
    <Mercato>MGP</Mercato>
    <Ora>4</Ora>
    <Italia>25568,724</Italia>
    <CNOR>2822,21</CNOR>
    <CSUD>3975,451</CSUD>
    <NORD>14289,997</NORD>
    <SARD>910,53</SARD>
    <SICI>1294,395</SICI>
    <SUD>2276,141</SUD>
  </Fabbisogno>
  <Fabbisogno>
    <Data>20150310</Data>
    <Mercato>MGP</Mercato>
    <Ora>5</Ora>
    <Italia>25586,731</Italia>
    <CNOR>2675,803</CNOR>
    <CSUD>3954,191</CSUD>
    <NORD>14576,081</NORD>
    <SARD>847,953</SARD>
    <SICI>1305,299</SICI>
    <SUD>2227,404</SUD>
  </Fabbisogno>
  <Fabbisogno>
    <Data>20150310</Data>
    <Mercato>MGP</Mercato>
    <Ora>6</Ora>
    <Italia>27055,883</Italia>
    <CNOR>2675,616</CNOR>
    <CSUD>4174,778</CSUD>
    <NORD>15621,784</NORD>
    <SARD>914,015</SARD>
    <SICI>1328,798</SICI>
    <SUD>2340,892</SUD>
  </Fabbisogno>
  <Fabbisogno>
    <Data>20150310</Data>
    <Mercato>MGP</Mercato>
    <Ora>7</Ora>
    <Italia>30229,256</Italia>
    <CNOR>3264,306</CNOR>
    <CSUD>4221,474</CSUD>
    <NORD>17860,555</NORD>
    <SARD>971,186</SARD>
    <SICI>1475,831</SICI>
    <SUD>2435,904</SUD>
  </Fabbisogno>
  <Fabbisogno>
    <Data>20150310</Data>
    <Mercato>MGP</Mercato>
    <Ora>8</Ora>
    <Italia>35005,042</Italia>
    <CNOR>3579,08</CNOR>
    <CSUD>4914,533</CSUD>
    <NORD>20725,374</NORD>
    <SARD>1112,499</SARD>
    <SICI>1767,773</SICI>
    <SUD>2905,783</SUD>
  </Fabbisogno>
  <Fabbisogno>
    <Data>20150310</Data>
    <Mercato>MGP</Mercato>
    <Ora>9</Ora>
    <Italia>40104,594</Italia>
    <CNOR>4206,41</CNOR>
    <CSUD>5956,82</CSUD>
    <NORD>23472,514</NORD>
    <SARD>1217,28</SARD>
    <SICI>1972,07</SICI>
    <SUD>3279,5</SUD>
  </Fabbisogno>
  <Fabbisogno>
    <Data>20150310</Data>
    <Mercato>MGP</Mercato>
    <Ora>10</Ora>
    <Italia>40550,161</Italia>
    <CNOR>4321,818</CNOR>
    <CSUD>5782,036</CSUD>
    <NORD>23886,244</NORD>
    <SARD>1231,265</SARD>
    <SICI>1999,236</SICI>
    <SUD>3329,562</SUD>
  </Fabbisogno>
  <Fabbisogno>
    <Data>20150310</Data>
    <Mercato>MGP</Mercato>
    <Ora>11</Ora>
    <Italia>40194,299</Italia>
    <CNOR>4217,828</CNOR>
    <CSUD>6243,952</CSUD>
    <NORD>23345,278</NORD>
    <SARD>1203,758</SARD>
    <SICI>1946,012</SICI>
    <SUD>3237,471</SUD>
  </Fabbisogno>
  <Fabbisogno>
    <Data>20150310</Data>
    <Mercato>MGP</Mercato>
    <Ora>12</Ora>
    <Italia>39336,062</Italia>
    <CNOR>4209,611</CNOR>
    <CSUD>5801,118</CSUD>
    <NORD>22955,189</NORD>
    <SARD>1202,043</SARD>
    <SICI>1899,144</SICI>
    <SUD>3268,957</SUD>
  </Fabbisogno>
  <Fabbisogno>
    <Data>20150310</Data>
    <Mercato>MGP</Mercato>
    <Ora>13</Ora>
    <Italia>36627,559</Italia>
    <CNOR>3862,733</CNOR>
    <CSUD>5761,717</CSUD>
    <NORD>20611,065</NORD>
    <SARD>1159,177</SARD>
    <SICI>1924,874</SICI>
    <SUD>3307,993</SUD>
  </Fabbisogno>
  <Fabbisogno>
    <Data>20150310</Data>
    <Mercato>MGP</Mercato>
    <Ora>14</Ora>
    <Italia>36489,112</Italia>
    <CNOR>3682,554</CNOR>
    <CSUD>5565,218</CSUD>
    <NORD>21113,467</NORD>
    <SARD>1126,226</SARD>
    <SICI>1896,13</SICI>
    <SUD>3105,517</SUD>
  </Fabbisogno>
  <Fabbisogno>
    <Data>20150310</Data>
    <Mercato>MGP</Mercato>
    <Ora>15</Ora>
    <Italia>37569,578</Italia>
    <CNOR>3964,141</CNOR>
    <CSUD>5617,874</CSUD>
    <NORD>21885,668</NORD>
    <SARD>1119,328</SARD>
    <SICI>1911,919</SICI>
    <SUD>3070,648</SUD>
  </Fabbisogno>
  <Fabbisogno>
    <Data>20150310</Data>
    <Mercato>MGP</Mercato>
    <Ora>16</Ora>
    <Italia>38135,03</Italia>
    <CNOR>3995,333</CNOR>
    <CSUD>5695,098</CSUD>
    <NORD>22281,128</NORD>
    <SARD>1117,873</SARD>
    <SICI>1903,377</SICI>
    <SUD>3142,221</SUD>
  </Fabbisogno>
  <Fabbisogno>
    <Data>20150310</Data>
    <Mercato>MGP</Mercato>
    <Ora>17</Ora>
    <Italia>39610,679</Italia>
    <CNOR>4268,243</CNOR>
    <CSUD>6271,208</CSUD>
    <NORD>22644,032</NORD>
    <SARD>1147,697</SARD>
    <SICI>1995,652</SICI>
    <SUD>3283,847</SUD>
  </Fabbisogno>
  <Fabbisogno>
    <Data>20150310</Data>
    <Mercato>MGP</Mercato>
    <Ora>18</Ora>
    <Italia>39822,407</Italia>
    <CNOR>4421,333</CNOR>
    <CSUD>6278,055</CSUD>
    <NORD>22206,898</NORD>
    <SARD>1199,589</SARD>
    <SICI>2131,946</SICI>
    <SUD>3584,586</SUD>
  </Fabbisogno>
  <Fabbisogno>
    <Data>20150310</Data>
    <Mercato>MGP</Mercato>
    <Ora>19</Ora>
    <Italia>42868,827</Italia>
    <CNOR>4761,613</CNOR>
    <CSUD>7103,892</CSUD>
    <NORD>23096,985</NORD>
    <SARD>1353,196</SARD>
    <SICI>2467,543</SICI>
    <SUD>4085,598</SUD>
  </Fabbisogno>
  <Fabbisogno>
    <Data>20150310</Data>
    <Mercato>MGP</Mercato>
    <Ora>20</Ora>
    <Italia>43457,336</Italia>
    <CNOR>4839,529</CNOR>
    <CSUD>7447,636</CSUD>
    <NORD>22967,403</NORD>
    <SARD>1476,355</SARD>
    <SICI>2604,725</SICI>
    <SUD>4121,688</SUD>
  </Fabbisogno>
  <Fabbisogno>
    <Data>20150310</Data>
    <Mercato>MGP</Mercato>
    <Ora>21</Ora>
    <Italia>40797,597</Italia>
    <CNOR>4606,51</CNOR>
    <CSUD>7515,001</CSUD>
    <NORD>20944,571</NORD>
    <SARD>1423,756</SARD>
    <SICI>2545,243</SICI>
    <SUD>3762,516</SUD>
  </Fabbisogno>
  <Fabbisogno>
    <Data>20150310</Data>
    <Mercato>MGP</Mercato>
    <Ora>22</Ora>
    <Italia>37042,906</Italia>
    <CNOR>4236,306</CNOR>
    <CSUD>6538,372</CSUD>
    <NORD>19191,393</NORD>
    <SARD>1316,953</SARD>
    <SICI>2331,272</SICI>
    <SUD>3428,61</SUD>
  </Fabbisogno>
  <Fabbisogno>
    <Data>20150310</Data>
    <Mercato>MGP</Mercato>
    <Ora>23</Ora>
    <Italia>33172,212</Italia>
    <CNOR>3806,353</CNOR>
    <CSUD>5807,774</CSUD>
    <NORD>17119,005</NORD>
    <SARD>1203,174</SARD>
    <SICI>2117,409</SICI>
    <SUD>3118,497</SUD>
  </Fabbisogno>
  <Fabbisogno>
    <Data>20150310</Data>
    <Mercato>MGP</Mercato>
    <Ora>24</Ora>
    <Italia>30156,651</Italia>
    <CNOR>3484,583</CNOR>
    <CSUD>5430,002</CSUD>
    <NORD>15610,384</NORD>
    <SARD>1099,933</SARD>
    <SICI>1769,338</SICI>
    <SUD>2762,411</SUD>
  </Fabbisogno>
</NewDataSet>