<?xml version="1.0" standalone="yes"?>
<NewDataSet>
  <xs:schema id="NewDataSet" xmlns="" xmlns:xs="http://www.w3.org/2001/XMLSchema" xmlns:msdata="urn:schemas-microsoft-com:xml-msdata">
    <xs:element name="NewDataSet" msdata:IsDataSet="true" msdata:UseCurrentLocale="true">
      <xs:complexType>
        <xs:choice minOccurs="0" maxOccurs="unbounded">
          <xs:element name="Fabbisogno">
            <xs:complexType>
              <xs:sequence>
                <xs:element name="Data" type="xs:string" minOccurs="0" />
                <xs:element name="Mercato" type="xs:string" minOccurs="0" />
                <xs:element name="Ora" type="xs:string" minOccurs="0" />
                <xs:element name="Italia" type="xs:string" minOccurs="0" />
                <xs:element name="CNOR" type="xs:string" minOccurs="0" />
                <xs:element name="CSUD" type="xs:string" minOccurs="0" />
                <xs:element name="NORD" type="xs:string" minOccurs="0" />
                <xs:element name="SARD" type="xs:string" minOccurs="0" />
                <xs:element name="SICI" type="xs:string" minOccurs="0" />
                <xs:element name="SUD" type="xs:string" minOccurs="0" />
              </xs:sequence>
            </xs:complexType>
          </xs:element>
        </xs:choice>
      </xs:complexType>
    </xs:element>
  </xs:schema>
  <Fabbisogno>
    <Data>20150320</Data>
    <Mercato>MGP</Mercato>
    <Ora>1</Ora>
    <Italia>28380,264</Italia>
    <CNOR>2993,894</CNOR>
    <CSUD>4729,463</CSUD>
    <NORD>15353,707</NORD>
    <SARD>975,765</SARD>
    <SICI>1541,713</SICI>
    <SUD>2785,722</SUD>
  </Fabbisogno>
  <Fabbisogno>
    <Data>20150320</Data>
    <Mercato>MGP</Mercato>
    <Ora>2</Ora>
    <Italia>26615,607</Italia>
    <CNOR>2752,799</CNOR>
    <CSUD>4239,339</CSUD>
    <NORD>14800,495</NORD>
    <SARD>900,35</SARD>
    <SICI>1328,741</SICI>
    <SUD>2593,883</SUD>
  </Fabbisogno>
  <Fabbisogno>
    <Data>20150320</Data>
    <Mercato>MGP</Mercato>
    <Ora>3</Ora>
    <Italia>26120,734</Italia>
    <CNOR>2665,379</CNOR>
    <CSUD>4053,197</CSUD>
    <NORD>14749,198</NORD>
    <SARD>874,409</SARD>
    <SICI>1262,456</SICI>
    <SUD>2516,095</SUD>
  </Fabbisogno>
  <Fabbisogno>
    <Data>20150320</Data>
    <Mercato>MGP</Mercato>
    <Ora>4</Ora>
    <Italia>24820,58</Italia>
    <CNOR>2492,381</CNOR>
    <CSUD>3640,725</CSUD>
    <NORD>14323,025</NORD>
    <SARD>852,441</SARD>
    <SICI>1214,406</SICI>
    <SUD>2297,602</SUD>
  </Fabbisogno>
  <Fabbisogno>
    <Data>20150320</Data>
    <Mercato>MGP</Mercato>
    <Ora>5</Ora>
    <Italia>24635,837</Italia>
    <CNOR>2358,977</CNOR>
    <CSUD>3451,646</CSUD>
    <NORD>14596,147</NORD>
    <SARD>813,196</SARD>
    <SICI>1212,427</SICI>
    <SUD>2203,444</SUD>
  </Fabbisogno>
  <Fabbisogno>
    <Data>20150320</Data>
    <Mercato>MGP</Mercato>
    <Ora>6</Ora>
    <Italia>25864,051</Italia>
    <CNOR>2464,749</CNOR>
    <CSUD>3636,814</CSUD>
    <NORD>15405,356</NORD>
    <SARD>846,866</SARD>
    <SICI>1245,486</SICI>
    <SUD>2264,78</SUD>
  </Fabbisogno>
  <Fabbisogno>
    <Data>20150320</Data>
    <Mercato>MGP</Mercato>
    <Ora>7</Ora>
    <Italia>29584,01</Italia>
    <CNOR>2847,295</CNOR>
    <CSUD>4278,065</CSUD>
    <NORD>17524,302</NORD>
    <SARD>951,288</SARD>
    <SICI>1399,961</SICI>
    <SUD>2583,099</SUD>
  </Fabbisogno>
  <Fabbisogno>
    <Data>20150320</Data>
    <Mercato>MGP</Mercato>
    <Ora>8</Ora>
    <Italia>34705,129</Italia>
    <CNOR>3344,549</CNOR>
    <CSUD>4953,075</CSUD>
    <NORD>20647,276</NORD>
    <SARD>1071,012</SARD>
    <SICI>1723,412</SICI>
    <SUD>2965,805</SUD>
  </Fabbisogno>
  <Fabbisogno>
    <Data>20150320</Data>
    <Mercato>MGP</Mercato>
    <Ora>9</Ora>
    <Italia>38927,334</Italia>
    <CNOR>3888,992</CNOR>
    <CSUD>5450,141</CSUD>
    <NORD>23236,507</NORD>
    <SARD>1187,611</SARD>
    <SICI>1891,868</SICI>
    <SUD>3272,215</SUD>
  </Fabbisogno>
  <Fabbisogno>
    <Data>20150320</Data>
    <Mercato>MGP</Mercato>
    <Ora>10</Ora>
    <Italia>39709,204</Italia>
    <CNOR>3961,675</CNOR>
    <CSUD>5738,309</CSUD>
    <NORD>23564,337</NORD>
    <SARD>1161,834</SARD>
    <SICI>1931,512</SICI>
    <SUD>3351,537</SUD>
  </Fabbisogno>
  <Fabbisogno>
    <Data>20150320</Data>
    <Mercato>MGP</Mercato>
    <Ora>11</Ora>
    <Italia>39240,05</Italia>
    <CNOR>3918,756</CNOR>
    <CSUD>5879,99</CSUD>
    <NORD>23130,216</NORD>
    <SARD>1121,662</SARD>
    <SICI>1899,007</SICI>
    <SUD>3290,419</SUD>
  </Fabbisogno>
  <Fabbisogno>
    <Data>20150320</Data>
    <Mercato>MGP</Mercato>
    <Ora>12</Ora>
    <Italia>39112,721</Italia>
    <CNOR>3918,271</CNOR>
    <CSUD>5870,056</CSUD>
    <NORD>22966,202</NORD>
    <SARD>1132,443</SARD>
    <SICI>1924,153</SICI>
    <SUD>3301,596</SUD>
  </Fabbisogno>
  <Fabbisogno>
    <Data>20150320</Data>
    <Mercato>MGP</Mercato>
    <Ora>13</Ora>
    <Italia>37681,43</Italia>
    <CNOR>3768,095</CNOR>
    <CSUD>5973,632</CSUD>
    <NORD>21491,565</NORD>
    <SARD>1076,269</SARD>
    <SICI>1960,045</SICI>
    <SUD>3411,824</SUD>
  </Fabbisogno>
  <Fabbisogno>
    <Data>20150320</Data>
    <Mercato>MGP</Mercato>
    <Ora>14</Ora>
    <Italia>36990,4</Italia>
    <CNOR>3574,457</CNOR>
    <CSUD>5770,177</CSUD>
    <NORD>21479,353</NORD>
    <SARD>1035,613</SARD>
    <SICI>1898,465</SICI>
    <SUD>3232,335</SUD>
  </Fabbisogno>
  <Fabbisogno>
    <Data>20150320</Data>
    <Mercato>MGP</Mercato>
    <Ora>15</Ora>
    <Italia>37994,175</Italia>
    <CNOR>3765,215</CNOR>
    <CSUD>5827,005</CSUD>
    <NORD>22265,556</NORD>
    <SARD>1029,966</SARD>
    <SICI>1854,817</SICI>
    <SUD>3251,616</SUD>
  </Fabbisogno>
  <Fabbisogno>
    <Data>20150320</Data>
    <Mercato>MGP</Mercato>
    <Ora>16</Ora>
    <Italia>37622,264</Italia>
    <CNOR>3746,376</CNOR>
    <CSUD>5490,06</CSUD>
    <NORD>22289,206</NORD>
    <SARD>1032,444</SARD>
    <SICI>1880,77</SICI>
    <SUD>3183,408</SUD>
  </Fabbisogno>
  <Fabbisogno>
    <Data>20150320</Data>
    <Mercato>MGP</Mercato>
    <Ora>17</Ora>
    <Italia>38105,465</Italia>
    <CNOR>3885,985</CNOR>
    <CSUD>5695,041</CSUD>
    <NORD>22207,075</NORD>
    <SARD>1058,589</SARD>
    <SICI>1953,018</SICI>
    <SUD>3305,757</SUD>
  </Fabbisogno>
  <Fabbisogno>
    <Data>20150320</Data>
    <Mercato>MGP</Mercato>
    <Ora>18</Ora>
    <Italia>38732,852</Italia>
    <CNOR>4123,324</CNOR>
    <CSUD>6044,67</CSUD>
    <NORD>21848,274</NORD>
    <SARD>1128,154</SARD>
    <SICI>2022,579</SICI>
    <SUD>3565,851</SUD>
  </Fabbisogno>
  <Fabbisogno>
    <Data>20150320</Data>
    <Mercato>MGP</Mercato>
    <Ora>19</Ora>
    <Italia>42397,442</Italia>
    <CNOR>4629,953</CNOR>
    <CSUD>7366,754</CSUD>
    <NORD>22700,49</NORD>
    <SARD>1216,674</SARD>
    <SICI>2270,122</SICI>
    <SUD>4213,449</SUD>
  </Fabbisogno>
  <Fabbisogno>
    <Data>20150320</Data>
    <Mercato>MGP</Mercato>
    <Ora>20</Ora>
    <Italia>44007,538</Italia>
    <CNOR>4785,005</CNOR>
    <CSUD>7878,763</CSUD>
    <NORD>23183,548</NORD>
    <SARD>1385,456</SARD>
    <SICI>2394,095</SICI>
    <SUD>4380,671</SUD>
  </Fabbisogno>
  <Fabbisogno>
    <Data>20150320</Data>
    <Mercato>MGP</Mercato>
    <Ora>21</Ora>
    <Italia>40677,551</Italia>
    <CNOR>4417,204</CNOR>
    <CSUD>7366,511</CSUD>
    <NORD>21023,834</NORD>
    <SARD>1345,905</SARD>
    <SICI>2372,055</SICI>
    <SUD>4152,042</SUD>
  </Fabbisogno>
  <Fabbisogno>
    <Data>20150320</Data>
    <Mercato>MGP</Mercato>
    <Ora>22</Ora>
    <Italia>36769,672</Italia>
    <CNOR>3987,787</CNOR>
    <CSUD>6773,671</CSUD>
    <NORD>18692,414</NORD>
    <SARD>1228,671</SARD>
    <SICI>2198,577</SICI>
    <SUD>3888,552</SUD>
  </Fabbisogno>
  <Fabbisogno>
    <Data>20150320</Data>
    <Mercato>MGP</Mercato>
    <Ora>23</Ora>
    <Italia>33379,456</Italia>
    <CNOR>3592,977</CNOR>
    <CSUD>6088,875</CSUD>
    <NORD>17033,056</NORD>
    <SARD>1133,736</SARD>
    <SICI>1978,153</SICI>
    <SUD>3552,659</SUD>
  </Fabbisogno>
  <Fabbisogno>
    <Data>20150320</Data>
    <Mercato>MGP</Mercato>
    <Ora>24</Ora>
    <Italia>29990,622</Italia>
    <CNOR>3309,458</CNOR>
    <CSUD>5345,578</CSUD>
    <NORD>15411,96</NORD>
    <SARD>1025,039</SARD>
    <SICI>1702,951</SICI>
    <SUD>3195,636</SUD>
  </Fabbisogno>
</NewDataSet>