<?xml version="1.0" standalone="yes"?>
<NewDataSet>
  <xs:schema id="NewDataSet" xmlns="" xmlns:xs="http://www.w3.org/2001/XMLSchema" xmlns:msdata="urn:schemas-microsoft-com:xml-msdata">
    <xs:element name="NewDataSet" msdata:IsDataSet="true" msdata:UseCurrentLocale="true">
      <xs:complexType>
        <xs:choice minOccurs="0" maxOccurs="unbounded">
          <xs:element name="Fabbisogno">
            <xs:complexType>
              <xs:sequence>
                <xs:element name="Data" type="xs:string" minOccurs="0" />
                <xs:element name="Mercato" type="xs:string" minOccurs="0" />
                <xs:element name="Ora" type="xs:string" minOccurs="0" />
                <xs:element name="Italia" type="xs:string" minOccurs="0" />
                <xs:element name="CNOR" type="xs:string" minOccurs="0" />
                <xs:element name="CSUD" type="xs:string" minOccurs="0" />
                <xs:element name="NORD" type="xs:string" minOccurs="0" />
                <xs:element name="SARD" type="xs:string" minOccurs="0" />
                <xs:element name="SICI" type="xs:string" minOccurs="0" />
                <xs:element name="SUD" type="xs:string" minOccurs="0" />
              </xs:sequence>
            </xs:complexType>
          </xs:element>
        </xs:choice>
      </xs:complexType>
    </xs:element>
  </xs:schema>
  <Fabbisogno>
    <Data>20150326</Data>
    <Mercato>MGP</Mercato>
    <Ora>1</Ora>
    <Italia>27530,648</Italia>
    <CNOR>2791,556</CNOR>
    <CSUD>4364,048</CSUD>
    <NORD>15141,92</NORD>
    <SARD>955,374</SARD>
    <SICI>1475,269</SICI>
    <SUD>2802,481</SUD>
  </Fabbisogno>
  <Fabbisogno>
    <Data>20150326</Data>
    <Mercato>MGP</Mercato>
    <Ora>2</Ora>
    <Italia>25752,516</Italia>
    <CNOR>2591,516</CNOR>
    <CSUD>3902,213</CSUD>
    <NORD>14459,894</NORD>
    <SARD>909,444</SARD>
    <SICI>1322,992</SICI>
    <SUD>2566,457</SUD>
  </Fabbisogno>
  <Fabbisogno>
    <Data>20150326</Data>
    <Mercato>MGP</Mercato>
    <Ora>3</Ora>
    <Italia>25452,968</Italia>
    <CNOR>2514,301</CNOR>
    <CSUD>3712,119</CSUD>
    <NORD>14674,654</NORD>
    <SARD>858,552</SARD>
    <SICI>1242,878</SICI>
    <SUD>2450,464</SUD>
  </Fabbisogno>
  <Fabbisogno>
    <Data>20150326</Data>
    <Mercato>MGP</Mercato>
    <Ora>4</Ora>
    <Italia>25042,112</Italia>
    <CNOR>2439,079</CNOR>
    <CSUD>3613,94</CSUD>
    <NORD>14576,08</NORD>
    <SARD>847,953</SARD>
    <SICI>1152,858</SICI>
    <SUD>2412,202</SUD>
  </Fabbisogno>
  <Fabbisogno>
    <Data>20150326</Data>
    <Mercato>MGP</Mercato>
    <Ora>5</Ora>
    <Italia>24561,651</Italia>
    <CNOR>2198,314</CNOR>
    <CSUD>3248,358</CSUD>
    <NORD>15007,719</NORD>
    <SARD>767,005</SARD>
    <SICI>1152,696</SICI>
    <SUD>2187,559</SUD>
  </Fabbisogno>
  <Fabbisogno>
    <Data>20150326</Data>
    <Mercato>MGP</Mercato>
    <Ora>6</Ora>
    <Italia>26521,378</Italia>
    <CNOR>2473,011</CNOR>
    <CSUD>3786,261</CSUD>
    <NORD>15894,701</NORD>
    <SARD>814,915</SARD>
    <SICI>1218,126</SICI>
    <SUD>2334,364</SUD>
  </Fabbisogno>
  <Fabbisogno>
    <Data>20150326</Data>
    <Mercato>MGP</Mercato>
    <Ora>7</Ora>
    <Italia>28593,463</Italia>
    <CNOR>2478,589</CNOR>
    <CSUD>3686,832</CSUD>
    <NORD>17359,557</NORD>
    <SARD>892,533</SARD>
    <SICI>1336,725</SICI>
    <SUD>2839,227</SUD>
  </Fabbisogno>
  <Fabbisogno>
    <Data>20150326</Data>
    <Mercato>MGP</Mercato>
    <Ora>8</Ora>
    <Italia>35620,707</Italia>
    <CNOR>2995,439</CNOR>
    <CSUD>4924,857</CSUD>
    <NORD>21545,687</NORD>
    <SARD>1060,309</SARD>
    <SICI>1703,704</SICI>
    <SUD>3390,711</SUD>
  </Fabbisogno>
  <Fabbisogno>
    <Data>20150326</Data>
    <Mercato>MGP</Mercato>
    <Ora>9</Ora>
    <Italia>39425,621</Italia>
    <CNOR>3586,729</CNOR>
    <CSUD>5010,498</CSUD>
    <NORD>24129,489</NORD>
    <SARD>1156,856</SARD>
    <SICI>1892,785</SICI>
    <SUD>3649,264</SUD>
  </Fabbisogno>
  <Fabbisogno>
    <Data>20150326</Data>
    <Mercato>MGP</Mercato>
    <Ora>10</Ora>
    <Italia>41379,257</Italia>
    <CNOR>3837,72</CNOR>
    <CSUD>5720,313</CSUD>
    <NORD>24966,256</NORD>
    <SARD>1167,301</SARD>
    <SICI>1929,91</SICI>
    <SUD>3757,757</SUD>
  </Fabbisogno>
  <Fabbisogno>
    <Data>20150326</Data>
    <Mercato>MGP</Mercato>
    <Ora>11</Ora>
    <Italia>41351,784</Italia>
    <CNOR>3882,031</CNOR>
    <CSUD>5941,37</CSUD>
    <NORD>24641,824</NORD>
    <SARD>1115,395</SARD>
    <SICI>1905,12</SICI>
    <SUD>3866,044</SUD>
  </Fabbisogno>
  <Fabbisogno>
    <Data>20150326</Data>
    <Mercato>MGP</Mercato>
    <Ora>12</Ora>
    <Italia>40260,881</Italia>
    <CNOR>3799,438</CNOR>
    <CSUD>5654,719</CSUD>
    <NORD>24133,62</NORD>
    <SARD>1090,802</SARD>
    <SICI>1877,767</SICI>
    <SUD>3704,535</SUD>
  </Fabbisogno>
  <Fabbisogno>
    <Data>20150326</Data>
    <Mercato>MGP</Mercato>
    <Ora>13</Ora>
    <Italia>38403,068</Italia>
    <CNOR>3683,296</CNOR>
    <CSUD>5933,635</CSUD>
    <NORD>21945,763</NORD>
    <SARD>1084,202</SARD>
    <SICI>1898,107</SICI>
    <SUD>3858,065</SUD>
  </Fabbisogno>
  <Fabbisogno>
    <Data>20150326</Data>
    <Mercato>MGP</Mercato>
    <Ora>14</Ora>
    <Italia>37582,167</Italia>
    <CNOR>3402,914</CNOR>
    <CSUD>5481,93</CSUD>
    <NORD>22115,41</NORD>
    <SARD>1036,743</SARD>
    <SICI>1857,406</SICI>
    <SUD>3687,764</SUD>
  </Fabbisogno>
  <Fabbisogno>
    <Data>20150326</Data>
    <Mercato>MGP</Mercato>
    <Ora>15</Ora>
    <Italia>38962,874</Italia>
    <CNOR>3756,229</CNOR>
    <CSUD>5743,042</CSUD>
    <NORD>22902,771</NORD>
    <SARD>1036,768</SARD>
    <SICI>1876,582</SICI>
    <SUD>3647,482</SUD>
  </Fabbisogno>
  <Fabbisogno>
    <Data>20150326</Data>
    <Mercato>MGP</Mercato>
    <Ora>16</Ora>
    <Italia>38540,21</Italia>
    <CNOR>3648,893</CNOR>
    <CSUD>5155,057</CSUD>
    <NORD>23227,735</NORD>
    <SARD>1038,072</SARD>
    <SICI>1915,773</SICI>
    <SUD>3554,68</SUD>
  </Fabbisogno>
  <Fabbisogno>
    <Data>20150326</Data>
    <Mercato>MGP</Mercato>
    <Ora>17</Ora>
    <Italia>39171,621</Italia>
    <CNOR>3736,119</CNOR>
    <CSUD>5718,975</CSUD>
    <NORD>22890,439</NORD>
    <SARD>1083,203</SARD>
    <SICI>1998,923</SICI>
    <SUD>3743,962</SUD>
  </Fabbisogno>
  <Fabbisogno>
    <Data>20150326</Data>
    <Mercato>MGP</Mercato>
    <Ora>18</Ora>
    <Italia>38708,414</Italia>
    <CNOR>3908,877</CNOR>
    <CSUD>5853,12</CSUD>
    <NORD>21772,067</NORD>
    <SARD>1125,428</SARD>
    <SICI>2089,592</SICI>
    <SUD>3959,33</SUD>
  </Fabbisogno>
  <Fabbisogno>
    <Data>20150326</Data>
    <Mercato>MGP</Mercato>
    <Ora>19</Ora>
    <Italia>41097,271</Italia>
    <CNOR>4586,354</CNOR>
    <CSUD>7120,745</CSUD>
    <NORD>21576,345</NORD>
    <SARD>1315,572</SARD>
    <SICI>2335,109</SICI>
    <SUD>4163,146</SUD>
  </Fabbisogno>
  <Fabbisogno>
    <Data>20150326</Data>
    <Mercato>MGP</Mercato>
    <Ora>20</Ora>
    <Italia>43172,993</Italia>
    <CNOR>4725,8</CNOR>
    <CSUD>7597,634</CSUD>
    <NORD>22599,377</NORD>
    <SARD>1444,06</SARD>
    <SICI>2451,607</SICI>
    <SUD>4354,515</SUD>
  </Fabbisogno>
  <Fabbisogno>
    <Data>20150326</Data>
    <Mercato>MGP</Mercato>
    <Ora>21</Ora>
    <Italia>39708,542</Italia>
    <CNOR>4381,601</CNOR>
    <CSUD>7174,612</CSUD>
    <NORD>20215,724</NORD>
    <SARD>1385,613</SARD>
    <SICI>2405,886</SICI>
    <SUD>4145,106</SUD>
  </Fabbisogno>
  <Fabbisogno>
    <Data>20150326</Data>
    <Mercato>MGP</Mercato>
    <Ora>22</Ora>
    <Italia>37104,477</Italia>
    <CNOR>4031,468</CNOR>
    <CSUD>6624,006</CSUD>
    <NORD>19038,216</NORD>
    <SARD>1312,491</SARD>
    <SICI>2229,412</SICI>
    <SUD>3868,884</SUD>
  </Fabbisogno>
  <Fabbisogno>
    <Data>20150326</Data>
    <Mercato>MGP</Mercato>
    <Ora>23</Ora>
    <Italia>33207,441</Italia>
    <CNOR>3617,627</CNOR>
    <CSUD>5918,546</CSUD>
    <NORD>17030,375</NORD>
    <SARD>1195,945</SARD>
    <SICI>1978,997</SICI>
    <SUD>3465,951</SUD>
  </Fabbisogno>
  <Fabbisogno>
    <Data>20150326</Data>
    <Mercato>MGP</Mercato>
    <Ora>24</Ora>
    <Italia>29438,965</Italia>
    <CNOR>3224,518</CNOR>
    <CSUD>5126,467</CSUD>
    <NORD>15231,239</NORD>
    <SARD>1070,865</SARD>
    <SICI>1667,724</SICI>
    <SUD>3118,152</SUD>
  </Fabbisogno>
</NewDataSet>