<?xml version="1.0" standalone="yes"?>
<NewDataSet>
  <xs:schema id="NewDataSet" xmlns="" xmlns:xs="http://www.w3.org/2001/XMLSchema" xmlns:msdata="urn:schemas-microsoft-com:xml-msdata">
    <xs:element name="NewDataSet" msdata:IsDataSet="true" msdata:UseCurrentLocale="true">
      <xs:complexType>
        <xs:choice minOccurs="0" maxOccurs="unbounded">
          <xs:element name="Fabbisogno">
            <xs:complexType>
              <xs:sequence>
                <xs:element name="Data" type="xs:string" minOccurs="0" />
                <xs:element name="Mercato" type="xs:string" minOccurs="0" />
                <xs:element name="Ora" type="xs:string" minOccurs="0" />
                <xs:element name="Italia" type="xs:string" minOccurs="0" />
                <xs:element name="CNOR" type="xs:string" minOccurs="0" />
                <xs:element name="CSUD" type="xs:string" minOccurs="0" />
                <xs:element name="NORD" type="xs:string" minOccurs="0" />
                <xs:element name="SARD" type="xs:string" minOccurs="0" />
                <xs:element name="SICI" type="xs:string" minOccurs="0" />
                <xs:element name="SUD" type="xs:string" minOccurs="0" />
              </xs:sequence>
            </xs:complexType>
          </xs:element>
        </xs:choice>
      </xs:complexType>
    </xs:element>
  </xs:schema>
  <Fabbisogno>
    <Data>20150307</Data>
    <Mercato>MGP</Mercato>
    <Ora>1</Ora>
    <Italia>27536,6</Italia>
    <CNOR>2878,625</CNOR>
    <CSUD>4436,855</CSUD>
    <NORD>15185,832</NORD>
    <SARD>921,672</SARD>
    <SICI>1544,812</SICI>
    <SUD>2568,804</SUD>
  </Fabbisogno>
  <Fabbisogno>
    <Data>20150307</Data>
    <Mercato>MGP</Mercato>
    <Ora>2</Ora>
    <Italia>25631,468</Italia>
    <CNOR>2619,106</CNOR>
    <CSUD>4065,6</CSUD>
    <NORD>14233,572</NORD>
    <SARD>893,178</SARD>
    <SICI>1431,616</SICI>
    <SUD>2388,396</SUD>
  </Fabbisogno>
  <Fabbisogno>
    <Data>20150307</Data>
    <Mercato>MGP</Mercato>
    <Ora>3</Ora>
    <Italia>24895,296</Italia>
    <CNOR>2500,513</CNOR>
    <CSUD>3828,942</CSUD>
    <NORD>13951,784</NORD>
    <SARD>854,447</SARD>
    <SICI>1474,043</SICI>
    <SUD>2285,567</SUD>
  </Fabbisogno>
  <Fabbisogno>
    <Data>20150307</Data>
    <Mercato>MGP</Mercato>
    <Ora>4</Ora>
    <Italia>23953,806</Italia>
    <CNOR>2407,539</CNOR>
    <CSUD>3396,827</CSUD>
    <NORD>13722,883</NORD>
    <SARD>800,856</SARD>
    <SICI>1485,342</SICI>
    <SUD>2140,359</SUD>
  </Fabbisogno>
  <Fabbisogno>
    <Data>20150307</Data>
    <Mercato>MGP</Mercato>
    <Ora>5</Ora>
    <Italia>24415,464</Italia>
    <CNOR>2344,503</CNOR>
    <CSUD>3714,055</CSUD>
    <NORD>13766,214</NORD>
    <SARD>841,078</SARD>
    <SICI>1491,238</SICI>
    <SUD>2258,376</SUD>
  </Fabbisogno>
  <Fabbisogno>
    <Data>20150307</Data>
    <Mercato>MGP</Mercato>
    <Ora>6</Ora>
    <Italia>24818,482</Italia>
    <CNOR>2315,889</CNOR>
    <CSUD>3559,689</CSUD>
    <NORD>14311,225</NORD>
    <SARD>867,17</SARD>
    <SICI>1522,44</SICI>
    <SUD>2242,069</SUD>
  </Fabbisogno>
  <Fabbisogno>
    <Data>20150307</Data>
    <Mercato>MGP</Mercato>
    <Ora>7</Ora>
    <Italia>26460,412</Italia>
    <CNOR>2504,905</CNOR>
    <CSUD>3844,511</CSUD>
    <NORD>15195,706</NORD>
    <SARD>932,17</SARD>
    <SICI>1611,641</SICI>
    <SUD>2371,479</SUD>
  </Fabbisogno>
  <Fabbisogno>
    <Data>20150307</Data>
    <Mercato>MGP</Mercato>
    <Ora>8</Ora>
    <Italia>29580,422</Italia>
    <CNOR>2790,033</CNOR>
    <CSUD>4400,435</CSUD>
    <NORD>16770,961</NORD>
    <SARD>1064,357</SARD>
    <SICI>1784,341</SICI>
    <SUD>2770,295</SUD>
  </Fabbisogno>
  <Fabbisogno>
    <Data>20150307</Data>
    <Mercato>MGP</Mercato>
    <Ora>9</Ora>
    <Italia>32358,667</Italia>
    <CNOR>3042,269</CNOR>
    <CSUD>4909,9</CSUD>
    <NORD>18309,17</NORD>
    <SARD>1133,941</SARD>
    <SICI>1869,848</SICI>
    <SUD>3093,539</SUD>
  </Fabbisogno>
  <Fabbisogno>
    <Data>20150307</Data>
    <Mercato>MGP</Mercato>
    <Ora>10</Ora>
    <Italia>33410,763</Italia>
    <CNOR>3175,621</CNOR>
    <CSUD>5277,999</CSUD>
    <NORD>18754,279</NORD>
    <SARD>1122,642</SARD>
    <SICI>1935,049</SICI>
    <SUD>3145,173</SUD>
  </Fabbisogno>
  <Fabbisogno>
    <Data>20150307</Data>
    <Mercato>MGP</Mercato>
    <Ora>11</Ora>
    <Italia>33249,741</Italia>
    <CNOR>3164,823</CNOR>
    <CSUD>5384,519</CSUD>
    <NORD>18504,282</NORD>
    <SARD>1120,58</SARD>
    <SICI>1879,809</SICI>
    <SUD>3195,728</SUD>
  </Fabbisogno>
  <Fabbisogno>
    <Data>20150307</Data>
    <Mercato>MGP</Mercato>
    <Ora>12</Ora>
    <Italia>33042,456</Italia>
    <CNOR>3386,437</CNOR>
    <CSUD>5603,288</CSUD>
    <NORD>17902,601</NORD>
    <SARD>1079,838</SARD>
    <SICI>1945,857</SICI>
    <SUD>3124,435</SUD>
  </Fabbisogno>
  <Fabbisogno>
    <Data>20150307</Data>
    <Mercato>MGP</Mercato>
    <Ora>13</Ora>
    <Italia>30827,786</Italia>
    <CNOR>2942,76</CNOR>
    <CSUD>5230,92800000001</CSUD>
    <NORD>16582,251</NORD>
    <SARD>1051,123</SARD>
    <SICI>1875,347</SICI>
    <SUD>3145,377</SUD>
  </Fabbisogno>
  <Fabbisogno>
    <Data>20150307</Data>
    <Mercato>MGP</Mercato>
    <Ora>14</Ora>
    <Italia>29456,065</Italia>
    <CNOR>2760,367</CNOR>
    <CSUD>5048,69</CSUD>
    <NORD>15693,398</NORD>
    <SARD>1035,869</SARD>
    <SICI>1822,385</SICI>
    <SUD>3095,356</SUD>
  </Fabbisogno>
  <Fabbisogno>
    <Data>20150307</Data>
    <Mercato>MGP</Mercato>
    <Ora>15</Ora>
    <Italia>29196,588</Italia>
    <CNOR>2823,445</CNOR>
    <CSUD>4997,735</CSUD>
    <NORD>15613,426</NORD>
    <SARD>1010,95</SARD>
    <SICI>1826,085</SICI>
    <SUD>2924,947</SUD>
  </Fabbisogno>
  <Fabbisogno>
    <Data>20150307</Data>
    <Mercato>MGP</Mercato>
    <Ora>16</Ora>
    <Italia>29289,193</Italia>
    <CNOR>2862,464</CNOR>
    <CSUD>5028,81</CSUD>
    <NORD>15652,282</NORD>
    <SARD>1023,553</SARD>
    <SICI>1831,914</SICI>
    <SUD>2890,17</SUD>
  </Fabbisogno>
  <Fabbisogno>
    <Data>20150307</Data>
    <Mercato>MGP</Mercato>
    <Ora>17</Ora>
    <Italia>30012,059</Italia>
    <CNOR>3004,326</CNOR>
    <CSUD>5078,91</CSUD>
    <NORD>16014,819</NORD>
    <SARD>1052,306</SARD>
    <SICI>1855,954</SICI>
    <SUD>3005,744</SUD>
  </Fabbisogno>
  <Fabbisogno>
    <Data>20150307</Data>
    <Mercato>MGP</Mercato>
    <Ora>18</Ora>
    <Italia>31387,735</Italia>
    <CNOR>3158,971</CNOR>
    <CSUD>5362,22</CSUD>
    <NORD>16429,976</NORD>
    <SARD>1095,49</SARD>
    <SICI>2072,299</SICI>
    <SUD>3268,779</SUD>
  </Fabbisogno>
  <Fabbisogno>
    <Data>20150307</Data>
    <Mercato>MGP</Mercato>
    <Ora>19</Ora>
    <Italia>36781,246</Italia>
    <CNOR>3856,549</CNOR>
    <CSUD>6774,362</CSUD>
    <NORD>18485,216</NORD>
    <SARD>1253,216</SARD>
    <SICI>2530,396</SICI>
    <SUD>3881,507</SUD>
  </Fabbisogno>
  <Fabbisogno>
    <Data>20150307</Data>
    <Mercato>MGP</Mercato>
    <Ora>20</Ora>
    <Italia>37845,329</Italia>
    <CNOR>4072,122</CNOR>
    <CSUD>7158,156</CSUD>
    <NORD>18765,531</NORD>
    <SARD>1360,006</SARD>
    <SICI>2505,832</SICI>
    <SUD>3983,682</SUD>
  </Fabbisogno>
  <Fabbisogno>
    <Data>20150307</Data>
    <Mercato>MGP</Mercato>
    <Ora>21</Ora>
    <Italia>35603,474</Italia>
    <CNOR>3894,38</CNOR>
    <CSUD>6823,961</CSUD>
    <NORD>17332,091</NORD>
    <SARD>1308,863</SARD>
    <SICI>2558,613</SICI>
    <SUD>3685,566</SUD>
  </Fabbisogno>
  <Fabbisogno>
    <Data>20150307</Data>
    <Mercato>MGP</Mercato>
    <Ora>22</Ora>
    <Italia>32870,999</Italia>
    <CNOR>3610,2</CNOR>
    <CSUD>6280,462</CSUD>
    <NORD>16202,563</NORD>
    <SARD>1227,26</SARD>
    <SICI>2244,49</SICI>
    <SUD>3306,024</SUD>
  </Fabbisogno>
  <Fabbisogno>
    <Data>20150307</Data>
    <Mercato>MGP</Mercato>
    <Ora>23</Ora>
    <Italia>30193,202</Italia>
    <CNOR>3375,878</CNOR>
    <CSUD>5763,827</CSUD>
    <NORD>15009,037</NORD>
    <SARD>1139,492</SARD>
    <SICI>2001,519</SICI>
    <SUD>2903,449</SUD>
  </Fabbisogno>
  <Fabbisogno>
    <Data>20150307</Data>
    <Mercato>MGP</Mercato>
    <Ora>24</Ora>
    <Italia>27616,219</Italia>
    <CNOR>3073,273</CNOR>
    <CSUD>5197,729</CSUD>
    <NORD>13841,965</NORD>
    <SARD>1036,534</SARD>
    <SICI>1763,025</SICI>
    <SUD>2703,693</SUD>
  </Fabbisogno>
</NewDataSet>