<?xml version="1.0" standalone="yes"?>
<NewDataSet>
  <xs:schema id="NewDataSet" xmlns="" xmlns:xs="http://www.w3.org/2001/XMLSchema" xmlns:msdata="urn:schemas-microsoft-com:xml-msdata">
    <xs:element name="NewDataSet" msdata:IsDataSet="true" msdata:UseCurrentLocale="true">
      <xs:complexType>
        <xs:choice minOccurs="0" maxOccurs="unbounded">
          <xs:element name="Fabbisogno">
            <xs:complexType>
              <xs:sequence>
                <xs:element name="Data" type="xs:string" minOccurs="0" />
                <xs:element name="Mercato" type="xs:string" minOccurs="0" />
                <xs:element name="Ora" type="xs:string" minOccurs="0" />
                <xs:element name="Italia" type="xs:string" minOccurs="0" />
                <xs:element name="CNOR" type="xs:string" minOccurs="0" />
                <xs:element name="CSUD" type="xs:string" minOccurs="0" />
                <xs:element name="NORD" type="xs:string" minOccurs="0" />
                <xs:element name="SARD" type="xs:string" minOccurs="0" />
                <xs:element name="SICI" type="xs:string" minOccurs="0" />
                <xs:element name="SUD" type="xs:string" minOccurs="0" />
              </xs:sequence>
            </xs:complexType>
          </xs:element>
        </xs:choice>
      </xs:complexType>
    </xs:element>
  </xs:schema>
  <Fabbisogno>
    <Data>20150321</Data>
    <Mercato>MGP</Mercato>
    <Ora>1</Ora>
    <Italia>27423,787</Italia>
    <CNOR>2895,576</CNOR>
    <CSUD>4684,057</CSUD>
    <NORD>14424,504</NORD>
    <SARD>941,539</SARD>
    <SICI>1834,385</SICI>
    <SUD>2643,726</SUD>
  </Fabbisogno>
  <Fabbisogno>
    <Data>20150321</Data>
    <Mercato>MGP</Mercato>
    <Ora>2</Ora>
    <Italia>25231,942</Italia>
    <CNOR>2609,666</CNOR>
    <CSUD>4033,31</CSUD>
    <NORD>13702,604</NORD>
    <SARD>866,138</SARD>
    <SICI>1589,028</SICI>
    <SUD>2431,196</SUD>
  </Fabbisogno>
  <Fabbisogno>
    <Data>20150321</Data>
    <Mercato>MGP</Mercato>
    <Ora>3</Ora>
    <Italia>24656,864</Italia>
    <CNOR>2525,619</CNOR>
    <CSUD>3861,169</CSUD>
    <NORD>13578,303</NORD>
    <SARD>837,607</SARD>
    <SICI>1515,291</SICI>
    <SUD>2338,875</SUD>
  </Fabbisogno>
  <Fabbisogno>
    <Data>20150321</Data>
    <Mercato>MGP</Mercato>
    <Ora>4</Ora>
    <Italia>23771,397</Italia>
    <CNOR>2318,278</CNOR>
    <CSUD>3442,389</CSUD>
    <NORD>13471,3</NORD>
    <SARD>834,389</SARD>
    <SICI>1478,798</SICI>
    <SUD>2226,243</SUD>
  </Fabbisogno>
  <Fabbisogno>
    <Data>20150321</Data>
    <Mercato>MGP</Mercato>
    <Ora>5</Ora>
    <Italia>23669,348</Italia>
    <CNOR>2230,134</CNOR>
    <CSUD>3378,916</CSUD>
    <NORD>13660,7</NORD>
    <SARD>799,631</SARD>
    <SICI>1391,04</SICI>
    <SUD>2208,927</SUD>
  </Fabbisogno>
  <Fabbisogno>
    <Data>20150321</Data>
    <Mercato>MGP</Mercato>
    <Ora>6</Ora>
    <Italia>24320,728</Italia>
    <CNOR>2259,787</CNOR>
    <CSUD>3451,425</CSUD>
    <NORD>14164,197</NORD>
    <SARD>818,012</SARD>
    <SICI>1412,063</SICI>
    <SUD>2215,244</SUD>
  </Fabbisogno>
  <Fabbisogno>
    <Data>20150321</Data>
    <Mercato>MGP</Mercato>
    <Ora>7</Ora>
    <Italia>25675,321</Italia>
    <CNOR>2410,351</CNOR>
    <CSUD>3995,482</CSUD>
    <NORD>14589,506</NORD>
    <SARD>891,629</SARD>
    <SICI>1551,278</SICI>
    <SUD>2237,075</SUD>
  </Fabbisogno>
  <Fabbisogno>
    <Data>20150321</Data>
    <Mercato>MGP</Mercato>
    <Ora>8</Ora>
    <Italia>29153,724</Italia>
    <CNOR>2731,941</CNOR>
    <CSUD>4425,246</CSUD>
    <NORD>16622,554</NORD>
    <SARD>984,01</SARD>
    <SICI>1728,059</SICI>
    <SUD>2661,914</SUD>
  </Fabbisogno>
  <Fabbisogno>
    <Data>20150321</Data>
    <Mercato>MGP</Mercato>
    <Ora>9</Ora>
    <Italia>31666,946</Italia>
    <CNOR>2973,042</CNOR>
    <CSUD>4876,998</CSUD>
    <NORD>17994,536</NORD>
    <SARD>1053,622</SARD>
    <SICI>1896,348</SICI>
    <SUD>2872,4</SUD>
  </Fabbisogno>
  <Fabbisogno>
    <Data>20150321</Data>
    <Mercato>MGP</Mercato>
    <Ora>10</Ora>
    <Italia>33001,155</Italia>
    <CNOR>3109,701</CNOR>
    <CSUD>5179,689</CSUD>
    <NORD>18632,137</NORD>
    <SARD>1059,19</SARD>
    <SICI>2061,666</SICI>
    <SUD>2958,772</SUD>
  </Fabbisogno>
  <Fabbisogno>
    <Data>20150321</Data>
    <Mercato>MGP</Mercato>
    <Ora>11</Ora>
    <Italia>32828,353</Italia>
    <CNOR>2969,398</CNOR>
    <CSUD>5275,958</CSUD>
    <NORD>18484,095</NORD>
    <SARD>1054,121</SARD>
    <SICI>2049,339</SICI>
    <SUD>2995,442</SUD>
  </Fabbisogno>
  <Fabbisogno>
    <Data>20150321</Data>
    <Mercato>MGP</Mercato>
    <Ora>12</Ora>
    <Italia>32273,782</Italia>
    <CNOR>2987,939</CNOR>
    <CSUD>5200,135</CSUD>
    <NORD>18093,304</NORD>
    <SARD>1024,392</SARD>
    <SICI>2021,981</SICI>
    <SUD>2946,031</SUD>
  </Fabbisogno>
  <Fabbisogno>
    <Data>20150321</Data>
    <Mercato>MGP</Mercato>
    <Ora>13</Ora>
    <Italia>30999,875</Italia>
    <CNOR>2837,571</CNOR>
    <CSUD>5223,652</CSUD>
    <NORD>16801,291</NORD>
    <SARD>1021,469</SARD>
    <SICI>2130,056</SICI>
    <SUD>2985,836</SUD>
  </Fabbisogno>
  <Fabbisogno>
    <Data>20150321</Data>
    <Mercato>MGP</Mercato>
    <Ora>14</Ora>
    <Italia>29640,277</Italia>
    <CNOR>2617,448</CNOR>
    <CSUD>5007,708</CSUD>
    <NORD>16098,538</NORD>
    <SARD>981,856</SARD>
    <SICI>2077,817</SICI>
    <SUD>2856,91</SUD>
  </Fabbisogno>
  <Fabbisogno>
    <Data>20150321</Data>
    <Mercato>MGP</Mercato>
    <Ora>15</Ora>
    <Italia>29124,383</Italia>
    <CNOR>2593,069</CNOR>
    <CSUD>4871,995</CSUD>
    <NORD>15947,445</NORD>
    <SARD>947,809</SARD>
    <SICI>1998,783</SICI>
    <SUD>2765,282</SUD>
  </Fabbisogno>
  <Fabbisogno>
    <Data>20150321</Data>
    <Mercato>MGP</Mercato>
    <Ora>16</Ora>
    <Italia>29304,531</Italia>
    <CNOR>2640,791</CNOR>
    <CSUD>4923,594</CSUD>
    <NORD>16074,08</NORD>
    <SARD>948,849</SARD>
    <SICI>1932,678</SICI>
    <SUD>2784,539</SUD>
  </Fabbisogno>
  <Fabbisogno>
    <Data>20150321</Data>
    <Mercato>MGP</Mercato>
    <Ora>17</Ora>
    <Italia>29211,986</Italia>
    <CNOR>2716,449</CNOR>
    <CSUD>4684,527</CSUD>
    <NORD>16148,308</NORD>
    <SARD>971,963</SARD>
    <SICI>1891,536</SICI>
    <SUD>2799,203</SUD>
  </Fabbisogno>
  <Fabbisogno>
    <Data>20150321</Data>
    <Mercato>MGP</Mercato>
    <Ora>18</Ora>
    <Italia>30157,055</Italia>
    <CNOR>2879,055</CNOR>
    <CSUD>4952,278</CSUD>
    <NORD>16224,664</NORD>
    <SARD>1035,22</SARD>
    <SICI>1951,454</SICI>
    <SUD>3114,384</SUD>
  </Fabbisogno>
  <Fabbisogno>
    <Data>20150321</Data>
    <Mercato>MGP</Mercato>
    <Ora>19</Ora>
    <Italia>34439,072</Italia>
    <CNOR>3514,8</CNOR>
    <CSUD>6183,517</CSUD>
    <NORD>17651,882</NORD>
    <SARD>1154,455</SARD>
    <SICI>2279,972</SICI>
    <SUD>3654,446</SUD>
  </Fabbisogno>
  <Fabbisogno>
    <Data>20150321</Data>
    <Mercato>MGP</Mercato>
    <Ora>20</Ora>
    <Italia>37693,038</Italia>
    <CNOR>3929,727</CNOR>
    <CSUD>6821,025</CSUD>
    <NORD>19233,165</NORD>
    <SARD>1310,301</SARD>
    <SICI>2463,315</SICI>
    <SUD>3935,505</SUD>
  </Fabbisogno>
  <Fabbisogno>
    <Data>20150321</Data>
    <Mercato>MGP</Mercato>
    <Ora>21</Ora>
    <Italia>34925,699</Italia>
    <CNOR>3625,9</CNOR>
    <CSUD>6504,15</CSUD>
    <NORD>17371,706</NORD>
    <SARD>1272,536</SARD>
    <SICI>2413,735</SICI>
    <SUD>3737,672</SUD>
  </Fabbisogno>
  <Fabbisogno>
    <Data>20150321</Data>
    <Mercato>MGP</Mercato>
    <Ora>22</Ora>
    <Italia>31576,236</Italia>
    <CNOR>3360,09</CNOR>
    <CSUD>6007,506</CSUD>
    <NORD>15286,119</NORD>
    <SARD>1193,4</SARD>
    <SICI>2244,85</SICI>
    <SUD>3484,271</SUD>
  </Fabbisogno>
  <Fabbisogno>
    <Data>20150321</Data>
    <Mercato>MGP</Mercato>
    <Ora>23</Ora>
    <Italia>28969,341</Italia>
    <CNOR>3095,661</CNOR>
    <CSUD>5470,862</CSUD>
    <NORD>14044,739</NORD>
    <SARD>1110,922</SARD>
    <SICI>2058,514</SICI>
    <SUD>3188,643</SUD>
  </Fabbisogno>
  <Fabbisogno>
    <Data>20150321</Data>
    <Mercato>MGP</Mercato>
    <Ora>24</Ora>
    <Italia>26473,273</Italia>
    <CNOR>2826,326</CNOR>
    <CSUD>4917,805</CSUD>
    <NORD>12920,198</NORD>
    <SARD>1037,862</SARD>
    <SICI>1867,003</SICI>
    <SUD>2904,079</SUD>
  </Fabbisogno>
</NewDataSet>