<?xml version="1.0" standalone="yes"?>
<NewDataSet>
  <xs:schema id="NewDataSet" xmlns="" xmlns:xs="http://www.w3.org/2001/XMLSchema" xmlns:msdata="urn:schemas-microsoft-com:xml-msdata">
    <xs:element name="NewDataSet" msdata:IsDataSet="true" msdata:UseCurrentLocale="true">
      <xs:complexType>
        <xs:choice minOccurs="0" maxOccurs="unbounded">
          <xs:element name="Fabbisogno">
            <xs:complexType>
              <xs:sequence>
                <xs:element name="Data" type="xs:string" minOccurs="0" />
                <xs:element name="Mercato" type="xs:string" minOccurs="0" />
                <xs:element name="Ora" type="xs:string" minOccurs="0" />
                <xs:element name="Italia" type="xs:string" minOccurs="0" />
                <xs:element name="CNOR" type="xs:string" minOccurs="0" />
                <xs:element name="CSUD" type="xs:string" minOccurs="0" />
                <xs:element name="NORD" type="xs:string" minOccurs="0" />
                <xs:element name="SARD" type="xs:string" minOccurs="0" />
                <xs:element name="SICI" type="xs:string" minOccurs="0" />
                <xs:element name="SUD" type="xs:string" minOccurs="0" />
              </xs:sequence>
            </xs:complexType>
          </xs:element>
        </xs:choice>
      </xs:complexType>
    </xs:element>
  </xs:schema>
  <Fabbisogno>
    <Data>20150103</Data>
    <Mercato>MGP</Mercato>
    <Ora>1</Ora>
    <Italia>22994,754</Italia>
    <CNOR>2778,962</CNOR>
    <CSUD>4486,216</CSUD>
    <NORD>10806,907</NORD>
    <SARD>978,321</SARD>
    <SICI>1685,36</SICI>
    <SUD>2258,988</SUD>
  </Fabbisogno>
  <Fabbisogno>
    <Data>20150103</Data>
    <Mercato>MGP</Mercato>
    <Ora>2</Ora>
    <Italia>21239,726</Italia>
    <CNOR>2522,356</CNOR>
    <CSUD>3928,102</CSUD>
    <NORD>10316,821</NORD>
    <SARD>932,767</SARD>
    <SICI>1496,786</SICI>
    <SUD>2042,894</SUD>
  </Fabbisogno>
  <Fabbisogno>
    <Data>20150103</Data>
    <Mercato>MGP</Mercato>
    <Ora>3</Ora>
    <Italia>20147,783</Italia>
    <CNOR>2395,181</CNOR>
    <CSUD>3653,033</CSUD>
    <NORD>9948,022</NORD>
    <SARD>871,08</SARD>
    <SICI>1388,106</SICI>
    <SUD>1892,361</SUD>
  </Fabbisogno>
  <Fabbisogno>
    <Data>20150103</Data>
    <Mercato>MGP</Mercato>
    <Ora>4</Ora>
    <Italia>19604,512</Italia>
    <CNOR>2313,615</CNOR>
    <CSUD>3513,828</CSUD>
    <NORD>9798,567</NORD>
    <SARD>832,377</SARD>
    <SICI>1334,081</SICI>
    <SUD>1812,044</SUD>
  </Fabbisogno>
  <Fabbisogno>
    <Data>20150103</Data>
    <Mercato>MGP</Mercato>
    <Ora>5</Ora>
    <Italia>19955,433</Italia>
    <CNOR>2293,065</CNOR>
    <CSUD>3513,603</CSUD>
    <NORD>10123,536</NORD>
    <SARD>862,531</SARD>
    <SICI>1316,732</SICI>
    <SUD>1845,966</SUD>
  </Fabbisogno>
  <Fabbisogno>
    <Data>20150103</Data>
    <Mercato>MGP</Mercato>
    <Ora>6</Ora>
    <Italia>20472,693</Italia>
    <CNOR>2326,645</CNOR>
    <CSUD>3621,115</CSUD>
    <NORD>10405,458</NORD>
    <SARD>856,988</SARD>
    <SICI>1357,434</SICI>
    <SUD>1905,053</SUD>
  </Fabbisogno>
  <Fabbisogno>
    <Data>20150103</Data>
    <Mercato>MGP</Mercato>
    <Ora>7</Ora>
    <Italia>22605,097</Italia>
    <CNOR>2543,153</CNOR>
    <CSUD>3980,946</CSUD>
    <NORD>11604,535</NORD>
    <SARD>921,724</SARD>
    <SICI>1492,404</SICI>
    <SUD>2062,335</SUD>
  </Fabbisogno>
  <Fabbisogno>
    <Data>20150103</Data>
    <Mercato>MGP</Mercato>
    <Ora>8</Ora>
    <Italia>25206,345</Italia>
    <CNOR>2922,339</CNOR>
    <CSUD>4632,742</CSUD>
    <NORD>12730,111</NORD>
    <SARD>1041,139</SARD>
    <SICI>1599,227</SICI>
    <SUD>2280,787</SUD>
  </Fabbisogno>
  <Fabbisogno>
    <Data>20150103</Data>
    <Mercato>MGP</Mercato>
    <Ora>9</Ora>
    <Italia>27355,98</Italia>
    <CNOR>3083,847</CNOR>
    <CSUD>4921,644</CSUD>
    <NORD>13864,58</NORD>
    <SARD>1099,387</SARD>
    <SICI>1850,062</SICI>
    <SUD>2536,46</SUD>
  </Fabbisogno>
  <Fabbisogno>
    <Data>20150103</Data>
    <Mercato>MGP</Mercato>
    <Ora>10</Ora>
    <Italia>29464,02</Italia>
    <CNOR>3337,786</CNOR>
    <CSUD>5394,365</CSUD>
    <NORD>14898,575</NORD>
    <SARD>1144,432</SARD>
    <SICI>2009,525</SICI>
    <SUD>2679,337</SUD>
  </Fabbisogno>
  <Fabbisogno>
    <Data>20150103</Data>
    <Mercato>MGP</Mercato>
    <Ora>11</Ora>
    <Italia>29766,627</Italia>
    <CNOR>3363,69</CNOR>
    <CSUD>5532,769</CSUD>
    <NORD>15112,961</NORD>
    <SARD>1125,173</SARD>
    <SICI>2010,195</SICI>
    <SUD>2621,839</SUD>
  </Fabbisogno>
  <Fabbisogno>
    <Data>20150103</Data>
    <Mercato>MGP</Mercato>
    <Ora>12</Ora>
    <Italia>29949,112</Italia>
    <CNOR>3344,089</CNOR>
    <CSUD>5510,898</CSUD>
    <NORD>15430,34</NORD>
    <SARD>1118,798</SARD>
    <SICI>1976,44</SICI>
    <SUD>2568,547</SUD>
  </Fabbisogno>
  <Fabbisogno>
    <Data>20150103</Data>
    <Mercato>MGP</Mercato>
    <Ora>13</Ora>
    <Italia>29286,442</Italia>
    <CNOR>3242,852</CNOR>
    <CSUD>5491,804</CSUD>
    <NORD>14919,542</NORD>
    <SARD>1101,777</SARD>
    <SICI>1978,953</SICI>
    <SUD>2551,514</SUD>
  </Fabbisogno>
  <Fabbisogno>
    <Data>20150103</Data>
    <Mercato>MGP</Mercato>
    <Ora>14</Ora>
    <Italia>28222,688</Italia>
    <CNOR>3113,62</CNOR>
    <CSUD>5355,881</CSUD>
    <NORD>14266,812</NORD>
    <SARD>1075,804</SARD>
    <SICI>1949,098</SICI>
    <SUD>2461,473</SUD>
  </Fabbisogno>
  <Fabbisogno>
    <Data>20150103</Data>
    <Mercato>MGP</Mercato>
    <Ora>15</Ora>
    <Italia>28342,752</Italia>
    <CNOR>3177,58</CNOR>
    <CSUD>5429,182</CSUD>
    <NORD>14255,596</NORD>
    <SARD>1059,042</SARD>
    <SICI>1967,443</SICI>
    <SUD>2453,909</SUD>
  </Fabbisogno>
  <Fabbisogno>
    <Data>20150103</Data>
    <Mercato>MGP</Mercato>
    <Ora>16</Ora>
    <Italia>28619,668</Italia>
    <CNOR>3266,045</CNOR>
    <CSUD>5497,356</CSUD>
    <NORD>14184,339</NORD>
    <SARD>1083,802</SARD>
    <SICI>1957,976</SICI>
    <SUD>2630,15</SUD>
  </Fabbisogno>
  <Fabbisogno>
    <Data>20150103</Data>
    <Mercato>MGP</Mercato>
    <Ora>17</Ora>
    <Italia>30363,417</Italia>
    <CNOR>3517,234</CNOR>
    <CSUD>5891,307</CSUD>
    <NORD>14786,362</NORD>
    <SARD>1122,009</SARD>
    <SICI>2085,953</SICI>
    <SUD>2960,552</SUD>
  </Fabbisogno>
  <Fabbisogno>
    <Data>20150103</Data>
    <Mercato>MGP</Mercato>
    <Ora>18</Ora>
    <Italia>33729,775</Italia>
    <CNOR>3980,52</CNOR>
    <CSUD>6605,358</CSUD>
    <NORD>15992,795</NORD>
    <SARD>1264,53</SARD>
    <SICI>2374,55</SICI>
    <SUD>3512,022</SUD>
  </Fabbisogno>
  <Fabbisogno>
    <Data>20150103</Data>
    <Mercato>MGP</Mercato>
    <Ora>19</Ora>
    <Italia>34412,458</Italia>
    <CNOR>4078,715</CNOR>
    <CSUD>6759,762</CSUD>
    <NORD>16234,877</NORD>
    <SARD>1323,254</SARD>
    <SICI>2456,429</SICI>
    <SUD>3559,421</SUD>
  </Fabbisogno>
  <Fabbisogno>
    <Data>20150103</Data>
    <Mercato>MGP</Mercato>
    <Ora>20</Ora>
    <Italia>34198,246</Italia>
    <CNOR>4106,465</CNOR>
    <CSUD>6801,218</CSUD>
    <NORD>15920,96</NORD>
    <SARD>1331,618</SARD>
    <SICI>2486,729</SICI>
    <SUD>3551,256</SUD>
  </Fabbisogno>
  <Fabbisogno>
    <Data>20150103</Data>
    <Mercato>MGP</Mercato>
    <Ora>21</Ora>
    <Italia>32452,607</Italia>
    <CNOR>3844,781</CNOR>
    <CSUD>6562,838</CSUD>
    <NORD>14825,57</NORD>
    <SARD>1313,425</SARD>
    <SICI>2470,645</SICI>
    <SUD>3435,348</SUD>
  </Fabbisogno>
  <Fabbisogno>
    <Data>20150103</Data>
    <Mercato>MGP</Mercato>
    <Ora>22</Ora>
    <Italia>30046,2</Italia>
    <CNOR>3620,74</CNOR>
    <CSUD>6023,059</CSUD>
    <NORD>13690,081</NORD>
    <SARD>1226,828</SARD>
    <SICI>2330,313</SICI>
    <SUD>3155,179</SUD>
  </Fabbisogno>
  <Fabbisogno>
    <Data>20150103</Data>
    <Mercato>MGP</Mercato>
    <Ora>23</Ora>
    <Italia>27577,292</Italia>
    <CNOR>3350,711</CNOR>
    <CSUD>5558,257</CSUD>
    <NORD>12517,066</NORD>
    <SARD>1149,353</SARD>
    <SICI>2116,859</SICI>
    <SUD>2885,046</SUD>
  </Fabbisogno>
  <Fabbisogno>
    <Data>20150103</Data>
    <Mercato>MGP</Mercato>
    <Ora>24</Ora>
    <Italia>25050,352</Italia>
    <CNOR>3106,679</CNOR>
    <CSUD>5017,386</CSUD>
    <NORD>11397,314</NORD>
    <SARD>1060,16</SARD>
    <SICI>1904,172</SICI>
    <SUD>2564,641</SUD>
  </Fabbisogno>
</NewDataSet>