<?xml version="1.0" standalone="yes"?>
<NewDataSet>
  <xs:schema id="NewDataSet" xmlns="" xmlns:xs="http://www.w3.org/2001/XMLSchema" xmlns:msdata="urn:schemas-microsoft-com:xml-msdata">
    <xs:element name="NewDataSet" msdata:IsDataSet="true" msdata:UseCurrentLocale="true">
      <xs:complexType>
        <xs:choice minOccurs="0" maxOccurs="unbounded">
          <xs:element name="Fabbisogno">
            <xs:complexType>
              <xs:sequence>
                <xs:element name="Data" type="xs:string" minOccurs="0" />
                <xs:element name="Mercato" type="xs:string" minOccurs="0" />
                <xs:element name="Ora" type="xs:string" minOccurs="0" />
                <xs:element name="Italia" type="xs:string" minOccurs="0" />
                <xs:element name="CNOR" type="xs:string" minOccurs="0" />
                <xs:element name="CSUD" type="xs:string" minOccurs="0" />
                <xs:element name="NORD" type="xs:string" minOccurs="0" />
                <xs:element name="SARD" type="xs:string" minOccurs="0" />
                <xs:element name="SICI" type="xs:string" minOccurs="0" />
                <xs:element name="SUD" type="xs:string" minOccurs="0" />
              </xs:sequence>
            </xs:complexType>
          </xs:element>
        </xs:choice>
      </xs:complexType>
    </xs:element>
  </xs:schema>
  <Fabbisogno>
    <Data>20150129</Data>
    <Mercato>MGP</Mercato>
    <Ora>1</Ora>
    <Italia>27907,618</Italia>
    <CNOR>3383,21</CNOR>
    <CSUD>4949,569</CSUD>
    <NORD>14058,99</NORD>
    <SARD>1035,927</SARD>
    <SICI>1740,363</SICI>
    <SUD>2739,559</SUD>
  </Fabbisogno>
  <Fabbisogno>
    <Data>20150129</Data>
    <Mercato>MGP</Mercato>
    <Ora>2</Ora>
    <Italia>26069,331</Italia>
    <CNOR>3110,557</CNOR>
    <CSUD>4447,29</CSUD>
    <NORD>13591,086</NORD>
    <SARD>933,732</SARD>
    <SICI>1484,498</SICI>
    <SUD>2502,168</SUD>
  </Fabbisogno>
  <Fabbisogno>
    <Data>20150129</Data>
    <Mercato>MGP</Mercato>
    <Ora>3</Ora>
    <Italia>25592,7</Italia>
    <CNOR>3028,243</CNOR>
    <CSUD>4225,334</CSUD>
    <NORD>13617,477</NORD>
    <SARD>858,728</SARD>
    <SICI>1471,55</SICI>
    <SUD>2391,368</SUD>
  </Fabbisogno>
  <Fabbisogno>
    <Data>20150129</Data>
    <Mercato>MGP</Mercato>
    <Ora>4</Ora>
    <Italia>25413,541</Italia>
    <CNOR>3009,502</CNOR>
    <CSUD>4142,171</CSUD>
    <NORD>13605,837</NORD>
    <SARD>856,648</SARD>
    <SICI>1443,15</SICI>
    <SUD>2356,233</SUD>
  </Fabbisogno>
  <Fabbisogno>
    <Data>20150129</Data>
    <Mercato>MGP</Mercato>
    <Ora>5</Ora>
    <Italia>25844,741</Italia>
    <CNOR>3017,709</CNOR>
    <CSUD>4198,89</CSUD>
    <NORD>13905,85</NORD>
    <SARD>884,061</SARD>
    <SICI>1447,706</SICI>
    <SUD>2390,525</SUD>
  </Fabbisogno>
  <Fabbisogno>
    <Data>20150129</Data>
    <Mercato>MGP</Mercato>
    <Ora>6</Ora>
    <Italia>27380,939</Italia>
    <CNOR>3161,302</CNOR>
    <CSUD>4392,606</CSUD>
    <NORD>14936,039</NORD>
    <SARD>935,037</SARD>
    <SICI>1412,387</SICI>
    <SUD>2543,568</SUD>
  </Fabbisogno>
  <Fabbisogno>
    <Data>20150129</Data>
    <Mercato>MGP</Mercato>
    <Ora>7</Ora>
    <Italia>31523,098</Italia>
    <CNOR>3600,523</CNOR>
    <CSUD>5147,577</CSUD>
    <NORD>17116,714</NORD>
    <SARD>1070,72</SARD>
    <SICI>1664,19</SICI>
    <SUD>2923,374</SUD>
  </Fabbisogno>
  <Fabbisogno>
    <Data>20150129</Data>
    <Mercato>MGP</Mercato>
    <Ora>8</Ora>
    <Italia>38425,084</Italia>
    <CNOR>3993,838</CNOR>
    <CSUD>5890,994</CSUD>
    <NORD>21774,907</NORD>
    <SARD>1233,266</SARD>
    <SICI>1923,106</SICI>
    <SUD>3608,973</SUD>
  </Fabbisogno>
  <Fabbisogno>
    <Data>20150129</Data>
    <Mercato>MGP</Mercato>
    <Ora>9</Ora>
    <Italia>42749,755</Italia>
    <CNOR>4497,7</CNOR>
    <CSUD>6284,417</CSUD>
    <NORD>24634,554</NORD>
    <SARD>1291,655</SARD>
    <SICI>2147,074</SICI>
    <SUD>3894,355</SUD>
  </Fabbisogno>
  <Fabbisogno>
    <Data>20150129</Data>
    <Mercato>MGP</Mercato>
    <Ora>10</Ora>
    <Italia>44300,614</Italia>
    <CNOR>4589,052</CNOR>
    <CSUD>6451,635</CSUD>
    <NORD>25798,368</NORD>
    <SARD>1304,921</SARD>
    <SICI>2220,808</SICI>
    <SUD>3935,83</SUD>
  </Fabbisogno>
  <Fabbisogno>
    <Data>20150129</Data>
    <Mercato>MGP</Mercato>
    <Ora>11</Ora>
    <Italia>44472,704</Italia>
    <CNOR>4681,495</CNOR>
    <CSUD>6810,237</CSUD>
    <NORD>25701,212</NORD>
    <SARD>1267,914</SARD>
    <SICI>2115,087</SICI>
    <SUD>3896,759</SUD>
  </Fabbisogno>
  <Fabbisogno>
    <Data>20150129</Data>
    <Mercato>MGP</Mercato>
    <Ora>12</Ora>
    <Italia>43670,025</Italia>
    <CNOR>4668,393</CNOR>
    <CSUD>6761,913</CSUD>
    <NORD>25103,036</NORD>
    <SARD>1209,042</SARD>
    <SICI>2066,525</SICI>
    <SUD>3861,116</SUD>
  </Fabbisogno>
  <Fabbisogno>
    <Data>20150129</Data>
    <Mercato>MGP</Mercato>
    <Ora>13</Ora>
    <Italia>41397,431</Italia>
    <CNOR>4317,078</CNOR>
    <CSUD>6651,57</CSUD>
    <NORD>23400,147</NORD>
    <SARD>1203,035</SARD>
    <SICI>2058,901</SICI>
    <SUD>3766,7</SUD>
  </Fabbisogno>
  <Fabbisogno>
    <Data>20150129</Data>
    <Mercato>MGP</Mercato>
    <Ora>14</Ora>
    <Italia>40876,706</Italia>
    <CNOR>4121,88</CNOR>
    <CSUD>6471,042</CSUD>
    <NORD>23406,219</NORD>
    <SARD>1179,638</SARD>
    <SICI>2010,586</SICI>
    <SUD>3687,341</SUD>
  </Fabbisogno>
  <Fabbisogno>
    <Data>20150129</Data>
    <Mercato>MGP</Mercato>
    <Ora>15</Ora>
    <Italia>41745,228</Italia>
    <CNOR>4305,64</CNOR>
    <CSUD>6447,951</CSUD>
    <NORD>24133,124</NORD>
    <SARD>1173,68</SARD>
    <SICI>2033,592</SICI>
    <SUD>3651,241</SUD>
  </Fabbisogno>
  <Fabbisogno>
    <Data>20150129</Data>
    <Mercato>MGP</Mercato>
    <Ora>16</Ora>
    <Italia>42451,953</Italia>
    <CNOR>4372,674</CNOR>
    <CSUD>6408,73</CSUD>
    <NORD>24683,688</NORD>
    <SARD>1208,24</SARD>
    <SICI>2061,976</SICI>
    <SUD>3716,645</SUD>
  </Fabbisogno>
  <Fabbisogno>
    <Data>20150129</Data>
    <Mercato>MGP</Mercato>
    <Ora>17</Ora>
    <Italia>42672,806</Italia>
    <CNOR>4452,959</CNOR>
    <CSUD>6411,869</CSUD>
    <NORD>24457,486</NORD>
    <SARD>1236,833</SARD>
    <SICI>2190,814</SICI>
    <SUD>3922,845</SUD>
  </Fabbisogno>
  <Fabbisogno>
    <Data>20150129</Data>
    <Mercato>MGP</Mercato>
    <Ora>18</Ora>
    <Italia>45510,14</Italia>
    <CNOR>4936,759</CNOR>
    <CSUD>7602,92299999999</CSUD>
    <NORD>24491,544</NORD>
    <SARD>1363,126</SARD>
    <SICI>2530,505</SICI>
    <SUD>4585,283</SUD>
  </Fabbisogno>
  <Fabbisogno>
    <Data>20150129</Data>
    <Mercato>MGP</Mercato>
    <Ora>19</Ora>
    <Italia>45915,205</Italia>
    <CNOR>5279,978</CNOR>
    <CSUD>8191,785</CSUD>
    <NORD>23731,142</NORD>
    <SARD>1497,662</SARD>
    <SICI>2695,304</SICI>
    <SUD>4519,334</SUD>
  </Fabbisogno>
  <Fabbisogno>
    <Data>20150129</Data>
    <Mercato>MGP</Mercato>
    <Ora>20</Ora>
    <Italia>43868,169</Italia>
    <CNOR>5055,309</CNOR>
    <CSUD>8115,697</CSUD>
    <NORD>22059,425</NORD>
    <SARD>1494,784</SARD>
    <SICI>2742,282</SICI>
    <SUD>4400,672</SUD>
  </Fabbisogno>
  <Fabbisogno>
    <Data>20150129</Data>
    <Mercato>MGP</Mercato>
    <Ora>21</Ora>
    <Italia>40937,57</Italia>
    <CNOR>4706,972</CNOR>
    <CSUD>7725,315</CSUD>
    <NORD>20221,585</NORD>
    <SARD>1460,727</SARD>
    <SICI>2703,035</SICI>
    <SUD>4119,936</SUD>
  </Fabbisogno>
  <Fabbisogno>
    <Data>20150129</Data>
    <Mercato>MGP</Mercato>
    <Ora>22</Ora>
    <Italia>38144,18</Italia>
    <CNOR>4458,922</CNOR>
    <CSUD>7203,043</CSUD>
    <NORD>18749,386</NORD>
    <SARD>1371,096</SARD>
    <SICI>2500,755</SICI>
    <SUD>3860,978</SUD>
  </Fabbisogno>
  <Fabbisogno>
    <Data>20150129</Data>
    <Mercato>MGP</Mercato>
    <Ora>23</Ora>
    <Italia>33905,395</Italia>
    <CNOR>3961,607</CNOR>
    <CSUD>6353,456</CSUD>
    <NORD>16682,488</NORD>
    <SARD>1237,23</SARD>
    <SICI>2192,197</SICI>
    <SUD>3478,417</SUD>
  </Fabbisogno>
  <Fabbisogno>
    <Data>20150129</Data>
    <Mercato>MGP</Mercato>
    <Ora>24</Ora>
    <Italia>30361,592</Italia>
    <CNOR>3613,753</CNOR>
    <CSUD>5532,162</CSUD>
    <NORD>15172,619</NORD>
    <SARD>1106,895</SARD>
    <SICI>1857,819</SICI>
    <SUD>3078,344</SUD>
  </Fabbisogno>
</NewDataSet>