<?xml version="1.0" standalone="yes"?>
<NewDataSet>
  <xs:schema id="NewDataSet" xmlns="" xmlns:xs="http://www.w3.org/2001/XMLSchema" xmlns:msdata="urn:schemas-microsoft-com:xml-msdata">
    <xs:element name="NewDataSet" msdata:IsDataSet="true" msdata:UseCurrentLocale="true">
      <xs:complexType>
        <xs:choice minOccurs="0" maxOccurs="unbounded">
          <xs:element name="Fabbisogno">
            <xs:complexType>
              <xs:sequence>
                <xs:element name="Data" type="xs:string" minOccurs="0" />
                <xs:element name="Mercato" type="xs:string" minOccurs="0" />
                <xs:element name="Ora" type="xs:string" minOccurs="0" />
                <xs:element name="Italia" type="xs:string" minOccurs="0" />
                <xs:element name="CNOR" type="xs:string" minOccurs="0" />
                <xs:element name="CSUD" type="xs:string" minOccurs="0" />
                <xs:element name="NORD" type="xs:string" minOccurs="0" />
                <xs:element name="SARD" type="xs:string" minOccurs="0" />
                <xs:element name="SICI" type="xs:string" minOccurs="0" />
                <xs:element name="SUD" type="xs:string" minOccurs="0" />
              </xs:sequence>
            </xs:complexType>
          </xs:element>
        </xs:choice>
      </xs:complexType>
    </xs:element>
  </xs:schema>
  <Fabbisogno>
    <Data>20160226</Data>
    <Mercato>MGP</Mercato>
    <Ora>1</Ora>
    <Italia>27719,575</Italia>
    <CNOR>2720,241</CNOR>
    <CSUD>4496,539</CSUD>
    <NORD>15375,859</NORD>
    <SARD>843,821</SARD>
    <SICI>1570,129</SICI>
    <SUD>2712,986</SUD>
  </Fabbisogno>
  <Fabbisogno>
    <Data>20160226</Data>
    <Mercato>MGP</Mercato>
    <Ora>2</Ora>
    <Italia>25935,567</Italia>
    <CNOR>2565,484</CNOR>
    <CSUD>4148,7</CSUD>
    <NORD>14363,695</NORD>
    <SARD>782,637</SARD>
    <SICI>1507,374</SICI>
    <SUD>2567,677</SUD>
  </Fabbisogno>
  <Fabbisogno>
    <Data>20160226</Data>
    <Mercato>MGP</Mercato>
    <Ora>3</Ora>
    <Italia>24959,699</Italia>
    <CNOR>2425,177</CNOR>
    <CSUD>3904,47</CSUD>
    <NORD>14126,217</NORD>
    <SARD>744,933</SARD>
    <SICI>1305,084</SICI>
    <SUD>2453,818</SUD>
  </Fabbisogno>
  <Fabbisogno>
    <Data>20160226</Data>
    <Mercato>MGP</Mercato>
    <Ora>4</Ora>
    <Italia>24817,069</Italia>
    <CNOR>2266,562</CNOR>
    <CSUD>3710,882</CSUD>
    <NORD>14619,908</NORD>
    <SARD>693,29</SARD>
    <SICI>1240,665</SICI>
    <SUD>2285,762</SUD>
  </Fabbisogno>
  <Fabbisogno>
    <Data>20160226</Data>
    <Mercato>MGP</Mercato>
    <Ora>5</Ora>
    <Italia>25120,501</Italia>
    <CNOR>2278,944</CNOR>
    <CSUD>3600,304</CSUD>
    <NORD>15117,439</NORD>
    <SARD>658,276</SARD>
    <SICI>1220,538</SICI>
    <SUD>2245</SUD>
  </Fabbisogno>
  <Fabbisogno>
    <Data>20160226</Data>
    <Mercato>MGP</Mercato>
    <Ora>6</Ora>
    <Italia>26981,679</Italia>
    <CNOR>2555,173</CNOR>
    <CSUD>4035,791</CSUD>
    <NORD>15737,552</NORD>
    <SARD>781,598</SARD>
    <SICI>1400,068</SICI>
    <SUD>2471,497</SUD>
  </Fabbisogno>
  <Fabbisogno>
    <Data>20160226</Data>
    <Mercato>MGP</Mercato>
    <Ora>7</Ora>
    <Italia>31605,28</Italia>
    <CNOR>2885,204</CNOR>
    <CSUD>4645,715</CSUD>
    <NORD>19047,727</NORD>
    <SARD>882,141</SARD>
    <SICI>1480,187</SICI>
    <SUD>2664,306</SUD>
  </Fabbisogno>
  <Fabbisogno>
    <Data>20160226</Data>
    <Mercato>MGP</Mercato>
    <Ora>8</Ora>
    <Italia>36080,626</Italia>
    <CNOR>3217,955</CNOR>
    <CSUD>4910,672</CSUD>
    <NORD>22382,049</NORD>
    <SARD>916,034</SARD>
    <SICI>1782,116</SICI>
    <SUD>2871,8</SUD>
  </Fabbisogno>
  <Fabbisogno>
    <Data>20160226</Data>
    <Mercato>MGP</Mercato>
    <Ora>9</Ora>
    <Italia>41365,474</Italia>
    <CNOR>3768,795</CNOR>
    <CSUD>5962,528</CSUD>
    <NORD>25278,822</NORD>
    <SARD>999,308</SARD>
    <SICI>1998,569</SICI>
    <SUD>3357,452</SUD>
  </Fabbisogno>
  <Fabbisogno>
    <Data>20160226</Data>
    <Mercato>MGP</Mercato>
    <Ora>10</Ora>
    <Italia>41793,147</Italia>
    <CNOR>3891,134</CNOR>
    <CSUD>5954,289</CSUD>
    <NORD>25504,904</NORD>
    <SARD>977,778</SARD>
    <SICI>2041,066</SICI>
    <SUD>3423,976</SUD>
  </Fabbisogno>
  <Fabbisogno>
    <Data>20160226</Data>
    <Mercato>MGP</Mercato>
    <Ora>11</Ora>
    <Italia>41651,899</Italia>
    <CNOR>3925,763</CNOR>
    <CSUD>6156,817</CSUD>
    <NORD>25025,862</NORD>
    <SARD>1054,903</SARD>
    <SICI>2014,635</SICI>
    <SUD>3473,919</SUD>
  </Fabbisogno>
  <Fabbisogno>
    <Data>20160226</Data>
    <Mercato>MGP</Mercato>
    <Ora>12</Ora>
    <Italia>41155,761</Italia>
    <CNOR>4090,245</CNOR>
    <CSUD>6258,851</CSUD>
    <NORD>24380,522</NORD>
    <SARD>1043,858</SARD>
    <SICI>1975,613</SICI>
    <SUD>3406,672</SUD>
  </Fabbisogno>
  <Fabbisogno>
    <Data>20160226</Data>
    <Mercato>MGP</Mercato>
    <Ora>13</Ora>
    <Italia>38552,832</Italia>
    <CNOR>3626,544</CNOR>
    <CSUD>6123,487</CSUD>
    <NORD>22450,82</NORD>
    <SARD>1012,268</SARD>
    <SICI>1935,279</SICI>
    <SUD>3404,434</SUD>
  </Fabbisogno>
  <Fabbisogno>
    <Data>20160226</Data>
    <Mercato>MGP</Mercato>
    <Ora>14</Ora>
    <Italia>38280,928</Italia>
    <CNOR>3633,572</CNOR>
    <CSUD>5989,702</CSUD>
    <NORD>22488,12</NORD>
    <SARD>978,175</SARD>
    <SICI>1881,693</SICI>
    <SUD>3309,666</SUD>
  </Fabbisogno>
  <Fabbisogno>
    <Data>20160226</Data>
    <Mercato>MGP</Mercato>
    <Ora>15</Ora>
    <Italia>38468,448</Italia>
    <CNOR>3669,181</CNOR>
    <CSUD>5572,158</CSUD>
    <NORD>23282,149</NORD>
    <SARD>854,313</SARD>
    <SICI>1860,206</SICI>
    <SUD>3230,441</SUD>
  </Fabbisogno>
  <Fabbisogno>
    <Data>20160226</Data>
    <Mercato>MGP</Mercato>
    <Ora>16</Ora>
    <Italia>39471,95</Italia>
    <CNOR>3757,531</CNOR>
    <CSUD>5898,594</CSUD>
    <NORD>23648,856</NORD>
    <SARD>974,543</SARD>
    <SICI>1902,549</SICI>
    <SUD>3289,877</SUD>
  </Fabbisogno>
  <Fabbisogno>
    <Data>20160226</Data>
    <Mercato>MGP</Mercato>
    <Ora>17</Ora>
    <Italia>39359,35</Italia>
    <CNOR>3856,793</CNOR>
    <CSUD>5687,74</CSUD>
    <NORD>23563,624</NORD>
    <SARD>895,699</SARD>
    <SICI>1971,049</SICI>
    <SUD>3384,445</SUD>
  </Fabbisogno>
  <Fabbisogno>
    <Data>20160226</Data>
    <Mercato>MGP</Mercato>
    <Ora>18</Ora>
    <Italia>40743,661</Italia>
    <CNOR>4125,465</CNOR>
    <CSUD>6574,34</CSUD>
    <NORD>22960,107</NORD>
    <SARD>1079,148</SARD>
    <SICI>2160,895</SICI>
    <SUD>3843,706</SUD>
  </Fabbisogno>
  <Fabbisogno>
    <Data>20160226</Data>
    <Mercato>MGP</Mercato>
    <Ora>19</Ora>
    <Italia>43290,444</Italia>
    <CNOR>4366,235</CNOR>
    <CSUD>7419,816</CSUD>
    <NORD>23348,295</NORD>
    <SARD>1206,603</SARD>
    <SICI>2426,89</SICI>
    <SUD>4522,605</SUD>
  </Fabbisogno>
  <Fabbisogno>
    <Data>20160226</Data>
    <Mercato>MGP</Mercato>
    <Ora>20</Ora>
    <Italia>42434,486</Italia>
    <CNOR>4424,101</CNOR>
    <CSUD>7397,381</CSUD>
    <NORD>22312,679</NORD>
    <SARD>1243,972</SARD>
    <SICI>2507,885</SICI>
    <SUD>4548,468</SUD>
  </Fabbisogno>
  <Fabbisogno>
    <Data>20160226</Data>
    <Mercato>MGP</Mercato>
    <Ora>21</Ora>
    <Italia>39865,257</Italia>
    <CNOR>4086,265</CNOR>
    <CSUD>7132,581</CSUD>
    <NORD>20374,781</NORD>
    <SARD>1243,085</SARD>
    <SICI>2607,485</SICI>
    <SUD>4421,06</SUD>
  </Fabbisogno>
  <Fabbisogno>
    <Data>20160226</Data>
    <Mercato>MGP</Mercato>
    <Ora>22</Ora>
    <Italia>36937,221</Italia>
    <CNOR>3814,604</CNOR>
    <CSUD>6426,48</CSUD>
    <NORD>19297,436</NORD>
    <SARD>1130,15</SARD>
    <SICI>2310,348</SICI>
    <SUD>3958,203</SUD>
  </Fabbisogno>
  <Fabbisogno>
    <Data>20160226</Data>
    <Mercato>MGP</Mercato>
    <Ora>23</Ora>
    <Italia>33072,894</Italia>
    <CNOR>3382,453</CNOR>
    <CSUD>5844,618</CSUD>
    <NORD>17191,668</NORD>
    <SARD>1046,561</SARD>
    <SICI>2092,453</SICI>
    <SUD>3515,141</SUD>
  </Fabbisogno>
  <Fabbisogno>
    <Data>20160226</Data>
    <Mercato>MGP</Mercato>
    <Ora>24</Ora>
    <Italia>29773,654</Italia>
    <CNOR>3054,956</CNOR>
    <CSUD>5130,93800000001</CSUD>
    <NORD>15696,244</NORD>
    <SARD>945,528</SARD>
    <SICI>1797,128</SICI>
    <SUD>3148,86</SUD>
  </Fabbisogno>
</NewDataSet>