<?xml version="1.0" standalone="yes"?>
<NewDataSet>
  <xs:schema id="NewDataSet" xmlns="" xmlns:xs="http://www.w3.org/2001/XMLSchema" xmlns:msdata="urn:schemas-microsoft-com:xml-msdata">
    <xs:element name="NewDataSet" msdata:IsDataSet="true" msdata:UseCurrentLocale="true">
      <xs:complexType>
        <xs:choice minOccurs="0" maxOccurs="unbounded">
          <xs:element name="Fabbisogno">
            <xs:complexType>
              <xs:sequence>
                <xs:element name="Data" type="xs:string" minOccurs="0" />
                <xs:element name="Mercato" type="xs:string" minOccurs="0" />
                <xs:element name="Ora" type="xs:string" minOccurs="0" />
                <xs:element name="Italia" type="xs:string" minOccurs="0" />
                <xs:element name="CNOR" type="xs:string" minOccurs="0" />
                <xs:element name="CSUD" type="xs:string" minOccurs="0" />
                <xs:element name="NORD" type="xs:string" minOccurs="0" />
                <xs:element name="SARD" type="xs:string" minOccurs="0" />
                <xs:element name="SICI" type="xs:string" minOccurs="0" />
                <xs:element name="SUD" type="xs:string" minOccurs="0" />
              </xs:sequence>
            </xs:complexType>
          </xs:element>
        </xs:choice>
      </xs:complexType>
    </xs:element>
  </xs:schema>
  <Fabbisogno>
    <Data>20160205</Data>
    <Mercato>MGP</Mercato>
    <Ora>1</Ora>
    <Italia>28066,653</Italia>
    <CNOR>2675,402</CNOR>
    <CSUD>4141,445</CSUD>
    <NORD>16429,695</NORD>
    <SARD>716,933</SARD>
    <SICI>1593,619</SICI>
    <SUD>2509,559</SUD>
  </Fabbisogno>
  <Fabbisogno>
    <Data>20160205</Data>
    <Mercato>MGP</Mercato>
    <Ora>2</Ora>
    <Italia>27048,252</Italia>
    <CNOR>2620,87</CNOR>
    <CSUD>4160,149</CSUD>
    <NORD>15653,931</NORD>
    <SARD>759,601</SARD>
    <SICI>1422,782</SICI>
    <SUD>2430,919</SUD>
  </Fabbisogno>
  <Fabbisogno>
    <Data>20160205</Data>
    <Mercato>MGP</Mercato>
    <Ora>3</Ora>
    <Italia>26002,181</Italia>
    <CNOR>2501,927</CNOR>
    <CSUD>3892,685</CSUD>
    <NORD>15190,914</NORD>
    <SARD>692,898</SARD>
    <SICI>1418,481</SICI>
    <SUD>2305,276</SUD>
  </Fabbisogno>
  <Fabbisogno>
    <Data>20160205</Data>
    <Mercato>MGP</Mercato>
    <Ora>4</Ora>
    <Italia>25779,068</Italia>
    <CNOR>2478,171</CNOR>
    <CSUD>3838,586</CSUD>
    <NORD>15190,622</NORD>
    <SARD>695,589</SARD>
    <SICI>1276,377</SICI>
    <SUD>2299,723</SUD>
  </Fabbisogno>
  <Fabbisogno>
    <Data>20160205</Data>
    <Mercato>MGP</Mercato>
    <Ora>5</Ora>
    <Italia>25758,672</Italia>
    <CNOR>2499,861</CNOR>
    <CSUD>3795,684</CSUD>
    <NORD>15150,164</NORD>
    <SARD>686,936</SARD>
    <SICI>1315,484</SICI>
    <SUD>2310,543</SUD>
  </Fabbisogno>
  <Fabbisogno>
    <Data>20160205</Data>
    <Mercato>MGP</Mercato>
    <Ora>6</Ora>
    <Italia>27750,122</Italia>
    <CNOR>2663,662</CNOR>
    <CSUD>4138,856</CSUD>
    <NORD>16337,546</NORD>
    <SARD>753,077</SARD>
    <SICI>1411,407</SICI>
    <SUD>2445,574</SUD>
  </Fabbisogno>
  <Fabbisogno>
    <Data>20160205</Data>
    <Mercato>MGP</Mercato>
    <Ora>7</Ora>
    <Italia>31465,733</Italia>
    <CNOR>2971,15</CNOR>
    <CSUD>4416,393</CSUD>
    <NORD>19128,068</NORD>
    <SARD>768,507</SARD>
    <SICI>1507,746</SICI>
    <SUD>2673,869</SUD>
  </Fabbisogno>
  <Fabbisogno>
    <Data>20160205</Data>
    <Mercato>MGP</Mercato>
    <Ora>8</Ora>
    <Italia>37288,001</Italia>
    <CNOR>3457,134</CNOR>
    <CSUD>5215,059</CSUD>
    <NORD>22620,919</NORD>
    <SARD>958,883</SARD>
    <SICI>1835,915</SICI>
    <SUD>3200,091</SUD>
  </Fabbisogno>
  <Fabbisogno>
    <Data>20160205</Data>
    <Mercato>MGP</Mercato>
    <Ora>9</Ora>
    <Italia>41249,563</Italia>
    <CNOR>3939,13</CNOR>
    <CSUD>5659,344</CSUD>
    <NORD>25128,984</NORD>
    <SARD>1025,66</SARD>
    <SICI>2004,498</SICI>
    <SUD>3491,947</SUD>
  </Fabbisogno>
  <Fabbisogno>
    <Data>20160205</Data>
    <Mercato>MGP</Mercato>
    <Ora>10</Ora>
    <Italia>42172,874</Italia>
    <CNOR>4006,181</CNOR>
    <CSUD>5851,187</CSUD>
    <NORD>25787,008</NORD>
    <SARD>989,801</SARD>
    <SICI>2061,662</SICI>
    <SUD>3477,035</SUD>
  </Fabbisogno>
  <Fabbisogno>
    <Data>20160205</Data>
    <Mercato>MGP</Mercato>
    <Ora>11</Ora>
    <Italia>41565,945</Italia>
    <CNOR>3934,483</CNOR>
    <CSUD>5824,5</CSUD>
    <NORD>25514,458</NORD>
    <SARD>949,989</SARD>
    <SICI>1994,627</SICI>
    <SUD>3347,888</SUD>
  </Fabbisogno>
  <Fabbisogno>
    <Data>20160205</Data>
    <Mercato>MGP</Mercato>
    <Ora>12</Ora>
    <Italia>41260,898</Italia>
    <CNOR>3900,416</CNOR>
    <CSUD>5802,099</CSUD>
    <NORD>25345,408</NORD>
    <SARD>918,764</SARD>
    <SICI>1970,718</SICI>
    <SUD>3323,493</SUD>
  </Fabbisogno>
  <Fabbisogno>
    <Data>20160205</Data>
    <Mercato>MGP</Mercato>
    <Ora>13</Ora>
    <Italia>39016,782</Italia>
    <CNOR>3590,297</CNOR>
    <CSUD>5714,297</CSUD>
    <NORD>23560,712</NORD>
    <SARD>889,509</SARD>
    <SICI>1949,064</SICI>
    <SUD>3312,903</SUD>
  </Fabbisogno>
  <Fabbisogno>
    <Data>20160205</Data>
    <Mercato>MGP</Mercato>
    <Ora>14</Ora>
    <Italia>38084,635</Italia>
    <CNOR>3438,198</CNOR>
    <CSUD>5470,873</CSUD>
    <NORD>23230,678</NORD>
    <SARD>862,142</SARD>
    <SICI>1890,64</SICI>
    <SUD>3192,104</SUD>
  </Fabbisogno>
  <Fabbisogno>
    <Data>20160205</Data>
    <Mercato>MGP</Mercato>
    <Ora>15</Ora>
    <Italia>38938,52</Italia>
    <CNOR>3597,871</CNOR>
    <CSUD>5544,643</CSUD>
    <NORD>23848,021</NORD>
    <SARD>855,48</SARD>
    <SICI>1936,746</SICI>
    <SUD>3155,759</SUD>
  </Fabbisogno>
  <Fabbisogno>
    <Data>20160205</Data>
    <Mercato>MGP</Mercato>
    <Ora>16</Ora>
    <Italia>39514,001</Italia>
    <CNOR>3733,452</CNOR>
    <CSUD>5621,083</CSUD>
    <NORD>24059,265</NORD>
    <SARD>870,332</SARD>
    <SICI>1969,799</SICI>
    <SUD>3260,07</SUD>
  </Fabbisogno>
  <Fabbisogno>
    <Data>20160205</Data>
    <Mercato>MGP</Mercato>
    <Ora>17</Ora>
    <Italia>40434,256</Italia>
    <CNOR>3920,412</CNOR>
    <CSUD>5869,237</CSUD>
    <NORD>24088,509</NORD>
    <SARD>908,877</SARD>
    <SICI>2087,85</SICI>
    <SUD>3559,371</SUD>
  </Fabbisogno>
  <Fabbisogno>
    <Data>20160205</Data>
    <Mercato>MGP</Mercato>
    <Ora>18</Ora>
    <Italia>42187,991</Italia>
    <CNOR>4208,252</CNOR>
    <CSUD>6430,714</CSUD>
    <NORD>24272,926</NORD>
    <SARD>997,366</SARD>
    <SICI>2252,925</SICI>
    <SUD>4025,808</SUD>
  </Fabbisogno>
  <Fabbisogno>
    <Data>20160205</Data>
    <Mercato>MGP</Mercato>
    <Ora>19</Ora>
    <Italia>44002,014</Italia>
    <CNOR>4297,609</CNOR>
    <CSUD>6926,031</CSUD>
    <NORD>24682,145</NORD>
    <SARD>1107,485</SARD>
    <SICI>2620,989</SICI>
    <SUD>4367,755</SUD>
  </Fabbisogno>
  <Fabbisogno>
    <Data>20160205</Data>
    <Mercato>MGP</Mercato>
    <Ora>20</Ora>
    <Italia>43322,984</Italia>
    <CNOR>4381,513</CNOR>
    <CSUD>7462,644</CSUD>
    <NORD>23011,337</NORD>
    <SARD>1247,221</SARD>
    <SICI>2740,636</SICI>
    <SUD>4479,633</SUD>
  </Fabbisogno>
  <Fabbisogno>
    <Data>20160205</Data>
    <Mercato>MGP</Mercato>
    <Ora>21</Ora>
    <Italia>40140,264</Italia>
    <CNOR>3953,199</CNOR>
    <CSUD>6989,773</CSUD>
    <NORD>21097,118</NORD>
    <SARD>1192,003</SARD>
    <SICI>2638,999</SICI>
    <SUD>4269,172</SUD>
  </Fabbisogno>
  <Fabbisogno>
    <Data>20160205</Data>
    <Mercato>MGP</Mercato>
    <Ora>22</Ora>
    <Italia>37596,972</Italia>
    <CNOR>3734,457</CNOR>
    <CSUD>6392,315</CSUD>
    <NORD>20103,425</NORD>
    <SARD>1101,685</SARD>
    <SICI>2336,717</SICI>
    <SUD>3928,373</SUD>
  </Fabbisogno>
  <Fabbisogno>
    <Data>20160205</Data>
    <Mercato>MGP</Mercato>
    <Ora>23</Ora>
    <Italia>33725,89</Italia>
    <CNOR>3343,235</CNOR>
    <CSUD>5751,426</CSUD>
    <NORD>18002,728</NORD>
    <SARD>1012,075</SARD>
    <SICI>2142,403</SICI>
    <SUD>3474,023</SUD>
  </Fabbisogno>
  <Fabbisogno>
    <Data>20160205</Data>
    <Mercato>MGP</Mercato>
    <Ora>24</Ora>
    <Italia>29653,777</Italia>
    <CNOR>2878,746</CNOR>
    <CSUD>4745,806</CSUD>
    <NORD>16463,879</NORD>
    <SARD>824,315</SARD>
    <SICI>1790,098</SICI>
    <SUD>2950,933</SUD>
  </Fabbisogno>
</NewDataSet>