<?xml version="1.0" standalone="yes"?>
<NewDataSet>
  <xs:schema id="NewDataSet" xmlns="" xmlns:xs="http://www.w3.org/2001/XMLSchema" xmlns:msdata="urn:schemas-microsoft-com:xml-msdata">
    <xs:element name="NewDataSet" msdata:IsDataSet="true" msdata:MainDataTable="marketintervaldetail" msdata:UseCurrentLocale="true">
      <xs:complexType>
        <xs:choice minOccurs="0" maxOccurs="unbounded">
          <xs:element name="marketintervaldetail">
            <xs:complexType>
              <xs:sequence>
                <xs:element name="Data" type="xs:string" minOccurs="0" />
                <xs:element name="Mercato" type="xs:string" minOccurs="0" />
                <xs:element name="Ora" type="xs:string" minOccurs="0" />
                <xs:element name="Totale" type="xs:string" minOccurs="0" />
                <xs:element name="CNOR" type="xs:string" minOccurs="0" />
                <xs:element name="CSUD" type="xs:string" minOccurs="0" />
                <xs:element name="NORD" type="xs:string" minOccurs="0" />
                <xs:element name="SARD" type="xs:string" minOccurs="0" />
                <xs:element name="SICI" type="xs:string" minOccurs="0" />
                <xs:element name="SUD" type="xs:string" minOccurs="0" />
              </xs:sequence>
            </xs:complexType>
          </xs:element>
        </xs:choice>
      </xs:complexType>
    </xs:element>
  </xs:schema>
  <marketintervaldetail>
    <Data>20160203</Data>
    <Mercato>MGP</Mercato>
    <Ora>01</Ora>
    <Totale>27065</Totale>
    <CNOR>2607</CNOR>
    <CSUD>4705</CSUD>
    <NORD>15172</NORD>
    <SARD>740</SARD>
    <SICI>1782</SICI>
    <SUD>2059</SUD>
  </marketintervaldetail>
  <marketintervaldetail>
    <Data>20160203</Data>
    <Mercato>MGP</Mercato>
    <Ora>02</Ora>
    <Totale>25301</Totale>
    <CNOR>2571</CNOR>
    <CSUD>4192</CSUD>
    <NORD>14287</NORD>
    <SARD>661</SARD>
    <SICI>1715</SICI>
    <SUD>1875</SUD>
  </marketintervaldetail>
  <marketintervaldetail>
    <Data>20160203</Data>
    <Mercato>MGP</Mercato>
    <Ora>03</Ora>
    <Totale>24278</Totale>
    <CNOR>2486</CNOR>
    <CSUD>3943</CSUD>
    <NORD>13926</NORD>
    <SARD>623</SARD>
    <SICI>1645</SICI>
    <SUD>1655</SUD>
  </marketintervaldetail>
  <marketintervaldetail>
    <Data>20160203</Data>
    <Mercato>MGP</Mercato>
    <Ora>04</Ora>
    <Totale>23820</Totale>
    <CNOR>2448</CNOR>
    <CSUD>3815</CSUD>
    <NORD>13746</NORD>
    <SARD>622</SARD>
    <SICI>1583</SICI>
    <SUD>1606</SUD>
  </marketintervaldetail>
  <marketintervaldetail>
    <Data>20160203</Data>
    <Mercato>MGP</Mercato>
    <Ora>05</Ora>
    <Totale>23937</Totale>
    <CNOR>2422</CNOR>
    <CSUD>3807</CSUD>
    <NORD>13934</NORD>
    <SARD>618</SARD>
    <SICI>1524</SICI>
    <SUD>1632</SUD>
  </marketintervaldetail>
  <marketintervaldetail>
    <Data>20160203</Data>
    <Mercato>MGP</Mercato>
    <Ora>06</Ora>
    <Totale>25508</Totale>
    <CNOR>2629</CNOR>
    <CSUD>3969</CSUD>
    <NORD>14985</NORD>
    <SARD>686</SARD>
    <SICI>1386</SICI>
    <SUD>1853</SUD>
  </marketintervaldetail>
  <marketintervaldetail>
    <Data>20160203</Data>
    <Mercato>MGP</Mercato>
    <Ora>07</Ora>
    <Totale>30744</Totale>
    <CNOR>3067</CNOR>
    <CSUD>4795</CSUD>
    <NORD>18214</NORD>
    <SARD>838</SARD>
    <SICI>1523</SICI>
    <SUD>2307</SUD>
  </marketintervaldetail>
  <marketintervaldetail>
    <Data>20160203</Data>
    <Mercato>MGP</Mercato>
    <Ora>08</Ora>
    <Totale>37487</Totale>
    <CNOR>3708</CNOR>
    <CSUD>5724</CSUD>
    <NORD>22191</NORD>
    <SARD>1001</SARD>
    <SICI>1971</SICI>
    <SUD>2892</SUD>
  </marketintervaldetail>
  <marketintervaldetail>
    <Data>20160203</Data>
    <Mercato>MGP</Mercato>
    <Ora>09</Ora>
    <Totale>41891</Totale>
    <CNOR>4062</CNOR>
    <CSUD>6347</CSUD>
    <NORD>25001</NORD>
    <SARD>1105</SARD>
    <SICI>2181</SICI>
    <SUD>3195</SUD>
  </marketintervaldetail>
  <marketintervaldetail>
    <Data>20160203</Data>
    <Mercato>MGP</Mercato>
    <Ora>10</Ora>
    <Totale>42966</Totale>
    <CNOR>4232</CNOR>
    <CSUD>6622</CSUD>
    <NORD>25818</NORD>
    <SARD>1073</SARD>
    <SICI>2316</SICI>
    <SUD>2905</SUD>
  </marketintervaldetail>
  <marketintervaldetail>
    <Data>20160203</Data>
    <Mercato>MGP</Mercato>
    <Ora>11</Ora>
    <Totale>42534</Totale>
    <CNOR>4113</CNOR>
    <CSUD>6618</CSUD>
    <NORD>25831</NORD>
    <SARD>1007</SARD>
    <SICI>2207</SICI>
    <SUD>2758</SUD>
  </marketintervaldetail>
  <marketintervaldetail>
    <Data>20160203</Data>
    <Mercato>MGP</Mercato>
    <Ora>12</Ora>
    <Totale>42261</Totale>
    <CNOR>4030</CNOR>
    <CSUD>6517</CSUD>
    <NORD>26029</NORD>
    <SARD>944</SARD>
    <SICI>2053</SICI>
    <SUD>2688</SUD>
  </marketintervaldetail>
  <marketintervaldetail>
    <Data>20160203</Data>
    <Mercato>MGP</Mercato>
    <Ora>13</Ora>
    <Totale>40439</Totale>
    <CNOR>4031</CNOR>
    <CSUD>6710</CSUD>
    <NORD>24226</NORD>
    <SARD>884</SARD>
    <SICI>1916</SICI>
    <SUD>2672</SUD>
  </marketintervaldetail>
  <marketintervaldetail>
    <Data>20160203</Data>
    <Mercato>MGP</Mercato>
    <Ora>14</Ora>
    <Totale>39766</Totale>
    <CNOR>3926</CNOR>
    <CSUD>6665</CSUD>
    <NORD>23840</NORD>
    <SARD>858</SARD>
    <SICI>1897</SICI>
    <SUD>2580</SUD>
  </marketintervaldetail>
  <marketintervaldetail>
    <Data>20160203</Data>
    <Mercato>MGP</Mercato>
    <Ora>15</Ora>
    <Totale>40352</Totale>
    <CNOR>3913</CNOR>
    <CSUD>6479</CSUD>
    <NORD>24328</NORD>
    <SARD>944</SARD>
    <SICI>2024</SICI>
    <SUD>2664</SUD>
  </marketintervaldetail>
  <marketintervaldetail>
    <Data>20160203</Data>
    <Mercato>MGP</Mercato>
    <Ora>16</Ora>
    <Totale>41247</Totale>
    <CNOR>4199</CNOR>
    <CSUD>6521</CSUD>
    <NORD>24773</NORD>
    <SARD>953</SARD>
    <SICI>2026</SICI>
    <SUD>2775</SUD>
  </marketintervaldetail>
  <marketintervaldetail>
    <Data>20160203</Data>
    <Mercato>MGP</Mercato>
    <Ora>17</Ora>
    <Totale>41710</Totale>
    <CNOR>4220</CNOR>
    <CSUD>6703</CSUD>
    <NORD>24858</NORD>
    <SARD>948</SARD>
    <SICI>2112</SICI>
    <SUD>2869</SUD>
  </marketintervaldetail>
  <marketintervaldetail>
    <Data>20160203</Data>
    <Mercato>MGP</Mercato>
    <Ora>18</Ora>
    <Totale>43500</Totale>
    <CNOR>4421</CNOR>
    <CSUD>7164</CSUD>
    <NORD>25537</NORD>
    <SARD>960</SARD>
    <SICI>2272</SICI>
    <SUD>3146</SUD>
  </marketintervaldetail>
  <marketintervaldetail>
    <Data>20160203</Data>
    <Mercato>MGP</Mercato>
    <Ora>19</Ora>
    <Totale>44980</Totale>
    <CNOR>4582</CNOR>
    <CSUD>7635</CSUD>
    <NORD>25552</NORD>
    <SARD>1075</SARD>
    <SICI>2624</SICI>
    <SUD>3512</SUD>
  </marketintervaldetail>
  <marketintervaldetail>
    <Data>20160203</Data>
    <Mercato>MGP</Mercato>
    <Ora>20</Ora>
    <Totale>43645</Totale>
    <CNOR>4405</CNOR>
    <CSUD>7554</CSUD>
    <NORD>24393</NORD>
    <SARD>1125</SARD>
    <SICI>2693</SICI>
    <SUD>3475</SUD>
  </marketintervaldetail>
  <marketintervaldetail>
    <Data>20160203</Data>
    <Mercato>MGP</Mercato>
    <Ora>21</Ora>
    <Totale>41246</Totale>
    <CNOR>4154</CNOR>
    <CSUD>7036</CSUD>
    <NORD>22738</NORD>
    <SARD>1117</SARD>
    <SICI>2684</SICI>
    <SUD>3517</SUD>
  </marketintervaldetail>
  <marketintervaldetail>
    <Data>20160203</Data>
    <Mercato>MGP</Mercato>
    <Ora>22</Ora>
    <Totale>38246</Totale>
    <CNOR>3858</CNOR>
    <CSUD>6580</CSUD>
    <NORD>21060</NORD>
    <SARD>1048</SARD>
    <SICI>2516</SICI>
    <SUD>3184</SUD>
  </marketintervaldetail>
  <marketintervaldetail>
    <Data>20160203</Data>
    <Mercato>MGP</Mercato>
    <Ora>23</Ora>
    <Totale>34329</Totale>
    <CNOR>3457</CNOR>
    <CSUD>6022</CSUD>
    <NORD>18841</NORD>
    <SARD>950</SARD>
    <SICI>2305</SICI>
    <SUD>2754</SUD>
  </marketintervaldetail>
  <marketintervaldetail>
    <Data>20160203</Data>
    <Mercato>MGP</Mercato>
    <Ora>24</Ora>
    <Totale>30364</Totale>
    <CNOR>3056</CNOR>
    <CSUD>5272</CSUD>
    <NORD>16855</NORD>
    <SARD>833</SARD>
    <SICI>1995</SICI>
    <SUD>2353</SUD>
  </marketintervaldetail>
</NewDataSet>