<?xml version="1.0" standalone="yes"?>
<NewDataSet>
  <xs:schema id="NewDataSet" xmlns="" xmlns:xs="http://www.w3.org/2001/XMLSchema" xmlns:msdata="urn:schemas-microsoft-com:xml-msdata">
    <xs:element name="NewDataSet" msdata:IsDataSet="true" msdata:MainDataTable="marketintervaldetail" msdata:UseCurrentLocale="true">
      <xs:complexType>
        <xs:choice minOccurs="0" maxOccurs="unbounded">
          <xs:element name="marketintervaldetail">
            <xs:complexType>
              <xs:sequence>
                <xs:element name="Data" type="xs:string" minOccurs="0" />
                <xs:element name="Mercato" type="xs:string" minOccurs="0" />
                <xs:element name="Ora" type="xs:string" minOccurs="0" />
                <xs:element name="Totale" type="xs:string" minOccurs="0" />
                <xs:element name="CNOR" type="xs:string" minOccurs="0" />
                <xs:element name="CSUD" type="xs:string" minOccurs="0" />
                <xs:element name="NORD" type="xs:string" minOccurs="0" />
                <xs:element name="SARD" type="xs:string" minOccurs="0" />
                <xs:element name="SICI" type="xs:string" minOccurs="0" />
                <xs:element name="SUD" type="xs:string" minOccurs="0" />
              </xs:sequence>
            </xs:complexType>
          </xs:element>
        </xs:choice>
      </xs:complexType>
    </xs:element>
  </xs:schema>
  <marketintervaldetail>
    <Data>20160213</Data>
    <Mercato>MGP</Mercato>
    <Ora>01</Ora>
    <Totale>28384</Totale>
    <CNOR>3208</CNOR>
    <CSUD>4380</CSUD>
    <NORD>15854</NORD>
    <SARD>791</SARD>
    <SICI>1681</SICI>
    <SUD>2470</SUD>
  </marketintervaldetail>
  <marketintervaldetail>
    <Data>20160213</Data>
    <Mercato>MGP</Mercato>
    <Ora>02</Ora>
    <Totale>26459</Totale>
    <CNOR>3072</CNOR>
    <CSUD>3987</CSUD>
    <NORD>14892</NORD>
    <SARD>740</SARD>
    <SICI>1508</SICI>
    <SUD>2260</SUD>
  </marketintervaldetail>
  <marketintervaldetail>
    <Data>20160213</Data>
    <Mercato>MGP</Mercato>
    <Ora>03</Ora>
    <Totale>25167</Totale>
    <CNOR>2989</CNOR>
    <CSUD>3760</CSUD>
    <NORD>14189</NORD>
    <SARD>707</SARD>
    <SICI>1412</SICI>
    <SUD>2110</SUD>
  </marketintervaldetail>
  <marketintervaldetail>
    <Data>20160213</Data>
    <Mercato>MGP</Mercato>
    <Ora>04</Ora>
    <Totale>24509</Totale>
    <CNOR>2913</CNOR>
    <CSUD>3650</CSUD>
    <NORD>13873</NORD>
    <SARD>691</SARD>
    <SICI>1376</SICI>
    <SUD>2006</SUD>
  </marketintervaldetail>
  <marketintervaldetail>
    <Data>20160213</Data>
    <Mercato>MGP</Mercato>
    <Ora>05</Ora>
    <Totale>24487</Totale>
    <CNOR>2779</CNOR>
    <CSUD>3601</CSUD>
    <NORD>14007</NORD>
    <SARD>688</SARD>
    <SICI>1371</SICI>
    <SUD>2041</SUD>
  </marketintervaldetail>
  <marketintervaldetail>
    <Data>20160213</Data>
    <Mercato>MGP</Mercato>
    <Ora>06</Ora>
    <Totale>24972</Totale>
    <CNOR>2756</CNOR>
    <CSUD>3712</CSUD>
    <NORD>14248</NORD>
    <SARD>711</SARD>
    <SICI>1433</SICI>
    <SUD>2112</SUD>
  </marketintervaldetail>
  <marketintervaldetail>
    <Data>20160213</Data>
    <Mercato>MGP</Mercato>
    <Ora>07</Ora>
    <Totale>27037</Totale>
    <CNOR>2983</CNOR>
    <CSUD>4063</CSUD>
    <NORD>15284</NORD>
    <SARD>788</SARD>
    <SICI>1580</SICI>
    <SUD>2339</SUD>
  </marketintervaldetail>
  <marketintervaldetail>
    <Data>20160213</Data>
    <Mercato>MGP</Mercato>
    <Ora>08</Ora>
    <Totale>30579</Totale>
    <CNOR>3269</CNOR>
    <CSUD>4539</CSUD>
    <NORD>17442</NORD>
    <SARD>893</SARD>
    <SICI>1762</SICI>
    <SUD>2674</SUD>
  </marketintervaldetail>
  <marketintervaldetail>
    <Data>20160213</Data>
    <Mercato>MGP</Mercato>
    <Ora>09</Ora>
    <Totale>33558</Totale>
    <CNOR>3596</CNOR>
    <CSUD>5197</CSUD>
    <NORD>18970</NORD>
    <SARD>963</SARD>
    <SICI>2020</SICI>
    <SUD>2812</SUD>
  </marketintervaldetail>
  <marketintervaldetail>
    <Data>20160213</Data>
    <Mercato>MGP</Mercato>
    <Ora>10</Ora>
    <Totale>35956</Totale>
    <CNOR>3854</CNOR>
    <CSUD>5758</CSUD>
    <NORD>20392</NORD>
    <SARD>1003</SARD>
    <SICI>2181</SICI>
    <SUD>2768</SUD>
  </marketintervaldetail>
  <marketintervaldetail>
    <Data>20160213</Data>
    <Mercato>MGP</Mercato>
    <Ora>11</Ora>
    <Totale>35310</Totale>
    <CNOR>3773</CNOR>
    <CSUD>5662</CSUD>
    <NORD>20135</NORD>
    <SARD>1011</SARD>
    <SICI>2113</SICI>
    <SUD>2616</SUD>
  </marketintervaldetail>
  <marketintervaldetail>
    <Data>20160213</Data>
    <Mercato>MGP</Mercato>
    <Ora>12</Ora>
    <Totale>33971</Totale>
    <CNOR>3676</CNOR>
    <CSUD>5402</CSUD>
    <NORD>19416</NORD>
    <SARD>951</SARD>
    <SICI>2000</SICI>
    <SUD>2526</SUD>
  </marketintervaldetail>
  <marketintervaldetail>
    <Data>20160213</Data>
    <Mercato>MGP</Mercato>
    <Ora>13</Ora>
    <Totale>31627</Totale>
    <CNOR>3423</CNOR>
    <CSUD>5223</CSUD>
    <NORD>17567</NORD>
    <SARD>949</SARD>
    <SICI>1957</SICI>
    <SUD>2508</SUD>
  </marketintervaldetail>
  <marketintervaldetail>
    <Data>20160213</Data>
    <Mercato>MGP</Mercato>
    <Ora>14</Ora>
    <Totale>29964</Totale>
    <CNOR>3036</CNOR>
    <CSUD>5028</CSUD>
    <NORD>16628</NORD>
    <SARD>952</SARD>
    <SICI>1921</SICI>
    <SUD>2399</SUD>
  </marketintervaldetail>
  <marketintervaldetail>
    <Data>20160213</Data>
    <Mercato>MGP</Mercato>
    <Ora>15</Ora>
    <Totale>29712</Totale>
    <CNOR>3114</CNOR>
    <CSUD>4980</CSUD>
    <NORD>16324</NORD>
    <SARD>907</SARD>
    <SICI>1957</SICI>
    <SUD>2430</SUD>
  </marketintervaldetail>
  <marketintervaldetail>
    <Data>20160213</Data>
    <Mercato>MGP</Mercato>
    <Ora>16</Ora>
    <Totale>29888</Totale>
    <CNOR>3238</CNOR>
    <CSUD>5068</CSUD>
    <NORD>16257</NORD>
    <SARD>900</SARD>
    <SICI>2028</SICI>
    <SUD>2397</SUD>
  </marketintervaldetail>
  <marketintervaldetail>
    <Data>20160213</Data>
    <Mercato>MGP</Mercato>
    <Ora>17</Ora>
    <Totale>30451</Totale>
    <CNOR>3477</CNOR>
    <CSUD>5086</CSUD>
    <NORD>16528</NORD>
    <SARD>923</SARD>
    <SICI>2104</SICI>
    <SUD>2333</SUD>
  </marketintervaldetail>
  <marketintervaldetail>
    <Data>20160213</Data>
    <Mercato>MGP</Mercato>
    <Ora>18</Ora>
    <Totale>32707</Totale>
    <CNOR>3684</CNOR>
    <CSUD>5303</CSUD>
    <NORD>17544</NORD>
    <SARD>964</SARD>
    <SICI>2172</SICI>
    <SUD>3040</SUD>
  </marketintervaldetail>
  <marketintervaldetail>
    <Data>20160213</Data>
    <Mercato>MGP</Mercato>
    <Ora>19</Ora>
    <Totale>36681</Totale>
    <CNOR>4069</CNOR>
    <CSUD>6107</CSUD>
    <NORD>19543</NORD>
    <SARD>1061</SARD>
    <SICI>2463</SICI>
    <SUD>3438</SUD>
  </marketintervaldetail>
  <marketintervaldetail>
    <Data>20160213</Data>
    <Mercato>MGP</Mercato>
    <Ora>20</Ora>
    <Totale>37393</Totale>
    <CNOR>4141</CNOR>
    <CSUD>6334</CSUD>
    <NORD>19753</NORD>
    <SARD>1113</SARD>
    <SICI>2548</SICI>
    <SUD>3504</SUD>
  </marketintervaldetail>
  <marketintervaldetail>
    <Data>20160213</Data>
    <Mercato>MGP</Mercato>
    <Ora>21</Ora>
    <Totale>35263</Totale>
    <CNOR>3905</CNOR>
    <CSUD>6061</CSUD>
    <NORD>18216</NORD>
    <SARD>1091</SARD>
    <SICI>2523</SICI>
    <SUD>3467</SUD>
  </marketintervaldetail>
  <marketintervaldetail>
    <Data>20160213</Data>
    <Mercato>MGP</Mercato>
    <Ora>22</Ora>
    <Totale>32551</Totale>
    <CNOR>3604</CNOR>
    <CSUD>5542</CSUD>
    <NORD>16856</NORD>
    <SARD>1011</SARD>
    <SICI>2333</SICI>
    <SUD>3205</SUD>
  </marketintervaldetail>
  <marketintervaldetail>
    <Data>20160213</Data>
    <Mercato>MGP</Mercato>
    <Ora>23</Ora>
    <Totale>29828</Totale>
    <CNOR>3345</CNOR>
    <CSUD>5042</CSUD>
    <NORD>15532</NORD>
    <SARD>934</SARD>
    <SICI>2101</SICI>
    <SUD>2874</SUD>
  </marketintervaldetail>
  <marketintervaldetail>
    <Data>20160213</Data>
    <Mercato>MGP</Mercato>
    <Ora>24</Ora>
    <Totale>27152</Totale>
    <CNOR>3079</CNOR>
    <CSUD>4510</CSUD>
    <NORD>14248</NORD>
    <SARD>865</SARD>
    <SICI>1894</SICI>
    <SUD>2556</SUD>
  </marketintervaldetail>
</NewDataSet>