<?xml version="1.0" standalone="yes"?>
<NewDataSet>
  <xs:schema id="NewDataSet" xmlns="" xmlns:xs="http://www.w3.org/2001/XMLSchema" xmlns:msdata="urn:schemas-microsoft-com:xml-msdata">
    <xs:element name="NewDataSet" msdata:IsDataSet="true" msdata:MainDataTable="marketintervaldetail" msdata:UseCurrentLocale="true">
      <xs:complexType>
        <xs:choice minOccurs="0" maxOccurs="unbounded">
          <xs:element name="marketintervaldetail">
            <xs:complexType>
              <xs:sequence>
                <xs:element name="Data" type="xs:string" minOccurs="0" />
                <xs:element name="Mercato" type="xs:string" minOccurs="0" />
                <xs:element name="Ora" type="xs:string" minOccurs="0" />
                <xs:element name="Totale" type="xs:string" minOccurs="0" />
                <xs:element name="CNOR" type="xs:string" minOccurs="0" />
                <xs:element name="CSUD" type="xs:string" minOccurs="0" />
                <xs:element name="NORD" type="xs:string" minOccurs="0" />
                <xs:element name="SARD" type="xs:string" minOccurs="0" />
                <xs:element name="SICI" type="xs:string" minOccurs="0" />
                <xs:element name="SUD" type="xs:string" minOccurs="0" />
              </xs:sequence>
            </xs:complexType>
          </xs:element>
        </xs:choice>
      </xs:complexType>
    </xs:element>
  </xs:schema>
  <marketintervaldetail>
    <Data>20160208</Data>
    <Mercato>MGP</Mercato>
    <Ora>01</Ora>
    <Totale>22984</Totale>
    <CNOR>2705</CNOR>
    <CSUD>3655</CSUD>
    <NORD>11878</NORD>
    <SARD>758</SARD>
    <SICI>1596</SICI>
    <SUD>2392</SUD>
  </marketintervaldetail>
  <marketintervaldetail>
    <Data>20160208</Data>
    <Mercato>MGP</Mercato>
    <Ora>02</Ora>
    <Totale>21465</Totale>
    <CNOR>2418</CNOR>
    <CSUD>3353</CSUD>
    <NORD>11349</NORD>
    <SARD>712</SARD>
    <SICI>1427</SICI>
    <SUD>2206</SUD>
  </marketintervaldetail>
  <marketintervaldetail>
    <Data>20160208</Data>
    <Mercato>MGP</Mercato>
    <Ora>03</Ora>
    <Totale>20867</Totale>
    <CNOR>2320</CNOR>
    <CSUD>3176</CSUD>
    <NORD>11150</NORD>
    <SARD>683</SARD>
    <SICI>1420</SICI>
    <SUD>2118</SUD>
  </marketintervaldetail>
  <marketintervaldetail>
    <Data>20160208</Data>
    <Mercato>MGP</Mercato>
    <Ora>04</Ora>
    <Totale>20685</Totale>
    <CNOR>2265</CNOR>
    <CSUD>3139</CSUD>
    <NORD>11119</NORD>
    <SARD>677</SARD>
    <SICI>1402</SICI>
    <SUD>2083</SUD>
  </marketintervaldetail>
  <marketintervaldetail>
    <Data>20160208</Data>
    <Mercato>MGP</Mercato>
    <Ora>05</Ora>
    <Totale>21152</Totale>
    <CNOR>2333</CNOR>
    <CSUD>3159</CSUD>
    <NORD>11476</NORD>
    <SARD>672</SARD>
    <SICI>1411</SICI>
    <SUD>2101</SUD>
  </marketintervaldetail>
  <marketintervaldetail>
    <Data>20160208</Data>
    <Mercato>MGP</Mercato>
    <Ora>06</Ora>
    <Totale>23332</Totale>
    <CNOR>2578</CNOR>
    <CSUD>3468</CSUD>
    <NORD>12964</NORD>
    <SARD>701</SARD>
    <SICI>1440</SICI>
    <SUD>2181</SUD>
  </marketintervaldetail>
  <marketintervaldetail>
    <Data>20160208</Data>
    <Mercato>MGP</Mercato>
    <Ora>07</Ora>
    <Totale>29183</Totale>
    <CNOR>3168</CNOR>
    <CSUD>4254</CSUD>
    <NORD>16810</NORD>
    <SARD>803</SARD>
    <SICI>1622</SICI>
    <SUD>2526</SUD>
  </marketintervaldetail>
  <marketintervaldetail>
    <Data>20160208</Data>
    <Mercato>MGP</Mercato>
    <Ora>08</Ora>
    <Totale>36283</Totale>
    <CNOR>3860</CNOR>
    <CSUD>5211</CSUD>
    <NORD>21474</NORD>
    <SARD>977</SARD>
    <SICI>1859</SICI>
    <SUD>2902</SUD>
  </marketintervaldetail>
  <marketintervaldetail>
    <Data>20160208</Data>
    <Mercato>MGP</Mercato>
    <Ora>09</Ora>
    <Totale>41123</Totale>
    <CNOR>4486</CNOR>
    <CSUD>5869</CSUD>
    <NORD>24424</NORD>
    <SARD>1038</SARD>
    <SICI>2172</SICI>
    <SUD>3134</SUD>
  </marketintervaldetail>
  <marketintervaldetail>
    <Data>20160208</Data>
    <Mercato>MGP</Mercato>
    <Ora>10</Ora>
    <Totale>43314</Totale>
    <CNOR>4760</CNOR>
    <CSUD>6371</CSUD>
    <NORD>25716</NORD>
    <SARD>1041</SARD>
    <SICI>2290</SICI>
    <SUD>3136</SUD>
  </marketintervaldetail>
  <marketintervaldetail>
    <Data>20160208</Data>
    <Mercato>MGP</Mercato>
    <Ora>11</Ora>
    <Totale>43073</Totale>
    <CNOR>4712</CNOR>
    <CSUD>6453</CSUD>
    <NORD>25642</NORD>
    <SARD>1044</SARD>
    <SICI>2249</SICI>
    <SUD>2973</SUD>
  </marketintervaldetail>
  <marketintervaldetail>
    <Data>20160208</Data>
    <Mercato>MGP</Mercato>
    <Ora>12</Ora>
    <Totale>42120</Totale>
    <CNOR>4594</CNOR>
    <CSUD>6333</CSUD>
    <NORD>25129</NORD>
    <SARD>1015</SARD>
    <SICI>2168</SICI>
    <SUD>2881</SUD>
  </marketintervaldetail>
  <marketintervaldetail>
    <Data>20160208</Data>
    <Mercato>MGP</Mercato>
    <Ora>13</Ora>
    <Totale>39319</Totale>
    <CNOR>4208</CNOR>
    <CSUD>6095</CSUD>
    <NORD>22916</NORD>
    <SARD>1017</SARD>
    <SICI>2104</SICI>
    <SUD>2979</SUD>
  </marketintervaldetail>
  <marketintervaldetail>
    <Data>20160208</Data>
    <Mercato>MGP</Mercato>
    <Ora>14</Ora>
    <Totale>38255</Totale>
    <CNOR>4002</CNOR>
    <CSUD>5898</CSUD>
    <NORD>22464</NORD>
    <SARD>966</SARD>
    <SICI>2041</SICI>
    <SUD>2884</SUD>
  </marketintervaldetail>
  <marketintervaldetail>
    <Data>20160208</Data>
    <Mercato>MGP</Mercato>
    <Ora>15</Ora>
    <Totale>40067</Totale>
    <CNOR>4305</CNOR>
    <CSUD>5969</CSUD>
    <NORD>23818</NORD>
    <SARD>954</SARD>
    <SICI>2076</SICI>
    <SUD>2945</SUD>
  </marketintervaldetail>
  <marketintervaldetail>
    <Data>20160208</Data>
    <Mercato>MGP</Mercato>
    <Ora>16</Ora>
    <Totale>41181</Totale>
    <CNOR>4443</CNOR>
    <CSUD>6059</CSUD>
    <NORD>24422</NORD>
    <SARD>958</SARD>
    <SICI>2197</SICI>
    <SUD>3102</SUD>
  </marketintervaldetail>
  <marketintervaldetail>
    <Data>20160208</Data>
    <Mercato>MGP</Mercato>
    <Ora>17</Ora>
    <Totale>41823</Totale>
    <CNOR>4651</CNOR>
    <CSUD>6082</CSUD>
    <NORD>24609</NORD>
    <SARD>957</SARD>
    <SICI>2275</SICI>
    <SUD>3249</SUD>
  </marketintervaldetail>
  <marketintervaldetail>
    <Data>20160208</Data>
    <Mercato>MGP</Mercato>
    <Ora>18</Ora>
    <Totale>42069</Totale>
    <CNOR>4648</CNOR>
    <CSUD>6287</CSUD>
    <NORD>24317</NORD>
    <SARD>1013</SARD>
    <SICI>2345</SICI>
    <SUD>3459</SUD>
  </marketintervaldetail>
  <marketintervaldetail>
    <Data>20160208</Data>
    <Mercato>MGP</Mercato>
    <Ora>19</Ora>
    <Totale>44793</Totale>
    <CNOR>4882</CNOR>
    <CSUD>6928</CSUD>
    <NORD>25366</NORD>
    <SARD>1128</SARD>
    <SICI>2646</SICI>
    <SUD>3843</SUD>
  </marketintervaldetail>
  <marketintervaldetail>
    <Data>20160208</Data>
    <Mercato>MGP</Mercato>
    <Ora>20</Ora>
    <Totale>44114</Totale>
    <CNOR>4816</CNOR>
    <CSUD>7033</CSUD>
    <NORD>24546</NORD>
    <SARD>1167</SARD>
    <SICI>2748</SICI>
    <SUD>3804</SUD>
  </marketintervaldetail>
  <marketintervaldetail>
    <Data>20160208</Data>
    <Mercato>MGP</Mercato>
    <Ora>21</Ora>
    <Totale>41550</Totale>
    <CNOR>4464</CNOR>
    <CSUD>6752</CSUD>
    <NORD>22862</NORD>
    <SARD>1153</SARD>
    <SICI>2727</SICI>
    <SUD>3592</SUD>
  </marketintervaldetail>
  <marketintervaldetail>
    <Data>20160208</Data>
    <Mercato>MGP</Mercato>
    <Ora>22</Ora>
    <Totale>38374</Totale>
    <CNOR>4126</CNOR>
    <CSUD>6234</CSUD>
    <NORD>21040</NORD>
    <SARD>1071</SARD>
    <SICI>2522</SICI>
    <SUD>3381</SUD>
  </marketintervaldetail>
  <marketintervaldetail>
    <Data>20160208</Data>
    <Mercato>MGP</Mercato>
    <Ora>23</Ora>
    <Totale>34295</Totale>
    <CNOR>3755</CNOR>
    <CSUD>5544</CSUD>
    <NORD>18724</NORD>
    <SARD>981</SARD>
    <SICI>2311</SICI>
    <SUD>2980</SUD>
  </marketintervaldetail>
  <marketintervaldetail>
    <Data>20160208</Data>
    <Mercato>MGP</Mercato>
    <Ora>24</Ora>
    <Totale>30465</Totale>
    <CNOR>3408</CNOR>
    <CSUD>4797</CSUD>
    <NORD>16745</NORD>
    <SARD>881</SARD>
    <SICI>2014</SICI>
    <SUD>2620</SUD>
  </marketintervaldetail>
</NewDataSet>