<?xml version="1.0" standalone="yes"?>
<NewDataSet>
  <xs:schema id="NewDataSet" xmlns="" xmlns:xs="http://www.w3.org/2001/XMLSchema" xmlns:msdata="urn:schemas-microsoft-com:xml-msdata">
    <xs:element name="NewDataSet" msdata:IsDataSet="true" msdata:MainDataTable="marketintervaldetail" msdata:UseCurrentLocale="true">
      <xs:complexType>
        <xs:choice minOccurs="0" maxOccurs="unbounded">
          <xs:element name="marketintervaldetail">
            <xs:complexType>
              <xs:sequence>
                <xs:element name="Data" type="xs:string" minOccurs="0" />
                <xs:element name="Mercato" type="xs:string" minOccurs="0" />
                <xs:element name="Ora" type="xs:string" minOccurs="0" />
                <xs:element name="Totale" type="xs:string" minOccurs="0" />
                <xs:element name="CNOR" type="xs:string" minOccurs="0" />
                <xs:element name="CSUD" type="xs:string" minOccurs="0" />
                <xs:element name="NORD" type="xs:string" minOccurs="0" />
                <xs:element name="SARD" type="xs:string" minOccurs="0" />
                <xs:element name="SICI" type="xs:string" minOccurs="0" />
                <xs:element name="SUD" type="xs:string" minOccurs="0" />
              </xs:sequence>
            </xs:complexType>
          </xs:element>
        </xs:choice>
      </xs:complexType>
    </xs:element>
  </xs:schema>
  <marketintervaldetail>
    <Data>20160215</Data>
    <Mercato>MGP</Mercato>
    <Ora>01</Ora>
    <Totale>23421</Totale>
    <CNOR>2623</CNOR>
    <CSUD>3889</CSUD>
    <NORD>12539</NORD>
    <SARD>739</SARD>
    <SICI>1672</SICI>
    <SUD>1959</SUD>
  </marketintervaldetail>
  <marketintervaldetail>
    <Data>20160215</Data>
    <Mercato>MGP</Mercato>
    <Ora>02</Ora>
    <Totale>21725</Totale>
    <CNOR>2496</CNOR>
    <CSUD>3519</CSUD>
    <NORD>11793</NORD>
    <SARD>698</SARD>
    <SICI>1483</SICI>
    <SUD>1736</SUD>
  </marketintervaldetail>
  <marketintervaldetail>
    <Data>20160215</Data>
    <Mercato>MGP</Mercato>
    <Ora>03</Ora>
    <Totale>20891</Totale>
    <CNOR>2409</CNOR>
    <CSUD>3319</CSUD>
    <NORD>11525</NORD>
    <SARD>666</SARD>
    <SICI>1385</SICI>
    <SUD>1587</SUD>
  </marketintervaldetail>
  <marketintervaldetail>
    <Data>20160215</Data>
    <Mercato>MGP</Mercato>
    <Ora>04</Ora>
    <Totale>20768</Totale>
    <CNOR>2447</CNOR>
    <CSUD>3221</CSUD>
    <NORD>11499</NORD>
    <SARD>650</SARD>
    <SICI>1344</SICI>
    <SUD>1607</SUD>
  </marketintervaldetail>
  <marketintervaldetail>
    <Data>20160215</Data>
    <Mercato>MGP</Mercato>
    <Ora>05</Ora>
    <Totale>21297</Totale>
    <CNOR>2495</CNOR>
    <CSUD>3280</CSUD>
    <NORD>11896</NORD>
    <SARD>648</SARD>
    <SICI>1339</SICI>
    <SUD>1639</SUD>
  </marketintervaldetail>
  <marketintervaldetail>
    <Data>20160215</Data>
    <Mercato>MGP</Mercato>
    <Ora>06</Ora>
    <Totale>23073</Totale>
    <CNOR>2680</CNOR>
    <CSUD>3547</CSUD>
    <NORD>13068</NORD>
    <SARD>673</SARD>
    <SICI>1398</SICI>
    <SUD>1707</SUD>
  </marketintervaldetail>
  <marketintervaldetail>
    <Data>20160215</Data>
    <Mercato>MGP</Mercato>
    <Ora>07</Ora>
    <Totale>28390</Totale>
    <CNOR>3274</CNOR>
    <CSUD>4255</CSUD>
    <NORD>16466</NORD>
    <SARD>793</SARD>
    <SICI>1582</SICI>
    <SUD>2020</SUD>
  </marketintervaldetail>
  <marketintervaldetail>
    <Data>20160215</Data>
    <Mercato>MGP</Mercato>
    <Ora>08</Ora>
    <Totale>34529</Totale>
    <CNOR>3826</CNOR>
    <CSUD>5139</CSUD>
    <NORD>20472</NORD>
    <SARD>921</SARD>
    <SICI>1836</SICI>
    <SUD>2335</SUD>
  </marketintervaldetail>
  <marketintervaldetail>
    <Data>20160215</Data>
    <Mercato>MGP</Mercato>
    <Ora>09</Ora>
    <Totale>40246</Totale>
    <CNOR>4584</CNOR>
    <CSUD>5954</CSUD>
    <NORD>23798</NORD>
    <SARD>1026</SARD>
    <SICI>2096</SICI>
    <SUD>2788</SUD>
  </marketintervaldetail>
  <marketintervaldetail>
    <Data>20160215</Data>
    <Mercato>MGP</Mercato>
    <Ora>10</Ora>
    <Totale>42342</Totale>
    <CNOR>4796</CNOR>
    <CSUD>6337</CSUD>
    <NORD>25147</NORD>
    <SARD>1027</SARD>
    <SICI>2191</SICI>
    <SUD>2844</SUD>
  </marketintervaldetail>
  <marketintervaldetail>
    <Data>20160215</Data>
    <Mercato>MGP</Mercato>
    <Ora>11</Ora>
    <Totale>42399</Totale>
    <CNOR>4721</CNOR>
    <CSUD>6279</CSUD>
    <NORD>25466</NORD>
    <SARD>969</SARD>
    <SICI>2209</SICI>
    <SUD>2755</SUD>
  </marketintervaldetail>
  <marketintervaldetail>
    <Data>20160215</Data>
    <Mercato>MGP</Mercato>
    <Ora>12</Ora>
    <Totale>42026</Totale>
    <CNOR>4751</CNOR>
    <CSUD>6361</CSUD>
    <NORD>25135</NORD>
    <SARD>914</SARD>
    <SICI>2233</SICI>
    <SUD>2632</SUD>
  </marketintervaldetail>
  <marketintervaldetail>
    <Data>20160215</Data>
    <Mercato>MGP</Mercato>
    <Ora>13</Ora>
    <Totale>39340</Totale>
    <CNOR>4484</CNOR>
    <CSUD>6296</CSUD>
    <NORD>22947</NORD>
    <SARD>923</SARD>
    <SICI>2200</SICI>
    <SUD>2490</SUD>
  </marketintervaldetail>
  <marketintervaldetail>
    <Data>20160215</Data>
    <Mercato>MGP</Mercato>
    <Ora>14</Ora>
    <Totale>38969</Totale>
    <CNOR>4313</CNOR>
    <CSUD>6088</CSUD>
    <NORD>23231</NORD>
    <SARD>904</SARD>
    <SICI>2076</SICI>
    <SUD>2357</SUD>
  </marketintervaldetail>
  <marketintervaldetail>
    <Data>20160215</Data>
    <Mercato>MGP</Mercato>
    <Ora>15</Ora>
    <Totale>40571</Totale>
    <CNOR>4500</CNOR>
    <CSUD>6209</CSUD>
    <NORD>24594</NORD>
    <SARD>903</SARD>
    <SICI>1995</SICI>
    <SUD>2370</SUD>
  </marketintervaldetail>
  <marketintervaldetail>
    <Data>20160215</Data>
    <Mercato>MGP</Mercato>
    <Ora>16</Ora>
    <Totale>41257</Totale>
    <CNOR>4683</CNOR>
    <CSUD>6267</CSUD>
    <NORD>24950</NORD>
    <SARD>940</SARD>
    <SICI>1928</SICI>
    <SUD>2489</SUD>
  </marketintervaldetail>
  <marketintervaldetail>
    <Data>20160215</Data>
    <Mercato>MGP</Mercato>
    <Ora>17</Ora>
    <Totale>42130</Totale>
    <CNOR>4819</CNOR>
    <CSUD>6373</CSUD>
    <NORD>25171</NORD>
    <SARD>980</SARD>
    <SICI>2026</SICI>
    <SUD>2761</SUD>
  </marketintervaldetail>
  <marketintervaldetail>
    <Data>20160215</Data>
    <Mercato>MGP</Mercato>
    <Ora>18</Ora>
    <Totale>43285</Totale>
    <CNOR>4933</CNOR>
    <CSUD>6736</CSUD>
    <NORD>25199</NORD>
    <SARD>1039</SARD>
    <SICI>2211</SICI>
    <SUD>3167</SUD>
  </marketintervaldetail>
  <marketintervaldetail>
    <Data>20160215</Data>
    <Mercato>MGP</Mercato>
    <Ora>19</Ora>
    <Totale>44111</Totale>
    <CNOR>4987</CNOR>
    <CSUD>7160</CSUD>
    <NORD>24962</NORD>
    <SARD>1103</SARD>
    <SICI>2436</SICI>
    <SUD>3463</SUD>
  </marketintervaldetail>
  <marketintervaldetail>
    <Data>20160215</Data>
    <Mercato>MGP</Mercato>
    <Ora>20</Ora>
    <Totale>43145</Totale>
    <CNOR>4825</CNOR>
    <CSUD>7210</CSUD>
    <NORD>23983</NORD>
    <SARD>1144</SARD>
    <SICI>2512</SICI>
    <SUD>3471</SUD>
  </marketintervaldetail>
  <marketintervaldetail>
    <Data>20160215</Data>
    <Mercato>MGP</Mercato>
    <Ora>21</Ora>
    <Totale>40875</Totale>
    <CNOR>4558</CNOR>
    <CSUD>6940</CSUD>
    <NORD>22299</NORD>
    <SARD>1124</SARD>
    <SICI>2477</SICI>
    <SUD>3477</SUD>
  </marketintervaldetail>
  <marketintervaldetail>
    <Data>20160215</Data>
    <Mercato>MGP</Mercato>
    <Ora>22</Ora>
    <Totale>37440</Totale>
    <CNOR>4249</CNOR>
    <CSUD>6423</CSUD>
    <NORD>20267</NORD>
    <SARD>1044</SARD>
    <SICI>2339</SICI>
    <SUD>3118</SUD>
  </marketintervaldetail>
  <marketintervaldetail>
    <Data>20160215</Data>
    <Mercato>MGP</Mercato>
    <Ora>23</Ora>
    <Totale>33610</Totale>
    <CNOR>3843</CNOR>
    <CSUD>5715</CSUD>
    <NORD>18065</NORD>
    <SARD>953</SARD>
    <SICI>2174</SICI>
    <SUD>2860</SUD>
  </marketintervaldetail>
  <marketintervaldetail>
    <Data>20160215</Data>
    <Mercato>MGP</Mercato>
    <Ora>24</Ora>
    <Totale>30367</Totale>
    <CNOR>3516</CNOR>
    <CSUD>4996</CSUD>
    <NORD>16440</NORD>
    <SARD>866</SARD>
    <SICI>1937</SICI>
    <SUD>2612</SUD>
  </marketintervaldetail>
</NewDataSet>