<?xml version="1.0" standalone="yes"?>
<NewDataSet>
  <xs:schema id="NewDataSet" xmlns="" xmlns:xs="http://www.w3.org/2001/XMLSchema" xmlns:msdata="urn:schemas-microsoft-com:xml-msdata">
    <xs:element name="NewDataSet" msdata:IsDataSet="true" msdata:UseCurrentLocale="true">
      <xs:complexType>
        <xs:choice minOccurs="0" maxOccurs="unbounded">
          <xs:element name="Fabbisogno">
            <xs:complexType>
              <xs:sequence>
                <xs:element name="Data" type="xs:string" minOccurs="0" />
                <xs:element name="Mercato" type="xs:string" minOccurs="0" />
                <xs:element name="Ora" type="xs:string" minOccurs="0" />
                <xs:element name="Italia" type="xs:string" minOccurs="0" />
                <xs:element name="CNOR" type="xs:string" minOccurs="0" />
                <xs:element name="CSUD" type="xs:string" minOccurs="0" />
                <xs:element name="NORD" type="xs:string" minOccurs="0" />
                <xs:element name="SARD" type="xs:string" minOccurs="0" />
                <xs:element name="SICI" type="xs:string" minOccurs="0" />
                <xs:element name="SUD" type="xs:string" minOccurs="0" />
              </xs:sequence>
            </xs:complexType>
          </xs:element>
        </xs:choice>
      </xs:complexType>
    </xs:element>
  </xs:schema>
  <Fabbisogno>
    <Data>20160611</Data>
    <Mercato>MGP</Mercato>
    <Ora>1</Ora>
    <Italia>27967,523</Italia>
    <CNOR>4228,987</CNOR>
    <CSUD>5356,313</CSUD>
    <NORD>12660,377</NORD>
    <SARD>1160,051</SARD>
    <SICI>1797,781</SICI>
    <SUD>2764,014</SUD>
  </Fabbisogno>
  <Fabbisogno>
    <Data>20160611</Data>
    <Mercato>MGP</Mercato>
    <Ora>2</Ora>
    <Italia>26387,735</Italia>
    <CNOR>4063,375</CNOR>
    <CSUD>5039,214</CSUD>
    <NORD>11917,728</NORD>
    <SARD>1109,832</SARD>
    <SICI>1657,359</SICI>
    <SUD>2600,227</SUD>
  </Fabbisogno>
  <Fabbisogno>
    <Data>20160611</Data>
    <Mercato>MGP</Mercato>
    <Ora>3</Ora>
    <Italia>25295,97</Italia>
    <CNOR>3898,274</CNOR>
    <CSUD>4806,595</CSUD>
    <NORD>11484,713</NORD>
    <SARD>1069,591</SARD>
    <SICI>1545,571</SICI>
    <SUD>2491,226</SUD>
  </Fabbisogno>
  <Fabbisogno>
    <Data>20160611</Data>
    <Mercato>MGP</Mercato>
    <Ora>4</Ora>
    <Italia>24717,036</Italia>
    <CNOR>3810,004</CNOR>
    <CSUD>4635,191</CSUD>
    <NORD>11308,58</NORD>
    <SARD>1059,235</SARD>
    <SICI>1488,448</SICI>
    <SUD>2415,578</SUD>
  </Fabbisogno>
  <Fabbisogno>
    <Data>20160611</Data>
    <Mercato>MGP</Mercato>
    <Ora>5</Ora>
    <Italia>24647,988</Italia>
    <CNOR>3719,298</CNOR>
    <CSUD>4619,112</CSUD>
    <NORD>11351,37</NORD>
    <SARD>1063,064</SARD>
    <SICI>1488,679</SICI>
    <SUD>2406,465</SUD>
  </Fabbisogno>
  <Fabbisogno>
    <Data>20160611</Data>
    <Mercato>MGP</Mercato>
    <Ora>6</Ora>
    <Italia>24180,124</Italia>
    <CNOR>3687,631</CNOR>
    <CSUD>4558,669</CSUD>
    <NORD>11009,298</NORD>
    <SARD>1072,355</SARD>
    <SICI>1499</SICI>
    <SUD>2353,171</SUD>
  </Fabbisogno>
  <Fabbisogno>
    <Data>20160611</Data>
    <Mercato>MGP</Mercato>
    <Ora>7</Ora>
    <Italia>25223,955</Italia>
    <CNOR>3805,562</CNOR>
    <CSUD>4683,307</CSUD>
    <NORD>11637,782</NORD>
    <SARD>1065,339</SARD>
    <SICI>1560,008</SICI>
    <SUD>2471,957</SUD>
  </Fabbisogno>
  <Fabbisogno>
    <Data>20160611</Data>
    <Mercato>MGP</Mercato>
    <Ora>8</Ora>
    <Italia>27932,079</Italia>
    <CNOR>4137,228</CNOR>
    <CSUD>5091,302</CSUD>
    <NORD>13145,751</NORD>
    <SARD>1129,224</SARD>
    <SICI>1733,519</SICI>
    <SUD>2695,055</SUD>
  </Fabbisogno>
  <Fabbisogno>
    <Data>20160611</Data>
    <Mercato>MGP</Mercato>
    <Ora>9</Ora>
    <Italia>30187,877</Italia>
    <CNOR>4166,758</CNOR>
    <CSUD>5548,519</CSUD>
    <NORD>14507,402</NORD>
    <SARD>1185,188</SARD>
    <SICI>1930,611</SICI>
    <SUD>2849,399</SUD>
  </Fabbisogno>
  <Fabbisogno>
    <Data>20160611</Data>
    <Mercato>MGP</Mercato>
    <Ora>10</Ora>
    <Italia>31226,309</Italia>
    <CNOR>4255,025</CNOR>
    <CSUD>5755,897</CSUD>
    <NORD>15176,88</NORD>
    <SARD>1185,858</SARD>
    <SICI>1967,946</SICI>
    <SUD>2884,703</SUD>
  </Fabbisogno>
  <Fabbisogno>
    <Data>20160611</Data>
    <Mercato>MGP</Mercato>
    <Ora>11</Ora>
    <Italia>31856,852</Italia>
    <CNOR>4121,341</CNOR>
    <CSUD>6171,983</CSUD>
    <NORD>15298,741</NORD>
    <SARD>1260,156</SARD>
    <SICI>2050,476</SICI>
    <SUD>2954,155</SUD>
  </Fabbisogno>
  <Fabbisogno>
    <Data>20160611</Data>
    <Mercato>MGP</Mercato>
    <Ora>12</Ora>
    <Italia>30904,382</Italia>
    <CNOR>3982,293</CNOR>
    <CSUD>5858,343</CSUD>
    <NORD>15195,932</NORD>
    <SARD>1104,564</SARD>
    <SICI>1929,831</SICI>
    <SUD>2833,419</SUD>
  </Fabbisogno>
  <Fabbisogno>
    <Data>20160611</Data>
    <Mercato>MGP</Mercato>
    <Ora>13</Ora>
    <Italia>29490,964</Italia>
    <CNOR>3728,921</CNOR>
    <CSUD>5704,518</CSUD>
    <NORD>14380,745</NORD>
    <SARD>1049,561</SARD>
    <SICI>1880,255</SICI>
    <SUD>2746,964</SUD>
  </Fabbisogno>
  <Fabbisogno>
    <Data>20160611</Data>
    <Mercato>MGP</Mercato>
    <Ora>14</Ora>
    <Italia>28451,57</Italia>
    <CNOR>3566,66</CNOR>
    <CSUD>5513,435</CSUD>
    <NORD>13942,107</NORD>
    <SARD>1023,287</SARD>
    <SICI>1780,165</SICI>
    <SUD>2625,916</SUD>
  </Fabbisogno>
  <Fabbisogno>
    <Data>20160611</Data>
    <Mercato>MGP</Mercato>
    <Ora>15</Ora>
    <Italia>27973,796</Italia>
    <CNOR>3565,288</CNOR>
    <CSUD>5262,843</CSUD>
    <NORD>13991,047</NORD>
    <SARD>983,081</SARD>
    <SICI>1663,559</SICI>
    <SUD>2507,978</SUD>
  </Fabbisogno>
  <Fabbisogno>
    <Data>20160611</Data>
    <Mercato>MGP</Mercato>
    <Ora>16</Ora>
    <Italia>27596,989</Italia>
    <CNOR>3582,609</CNOR>
    <CSUD>5257,964</CSUD>
    <NORD>13613,941</NORD>
    <SARD>962,15</SARD>
    <SICI>1670,978</SICI>
    <SUD>2509,347</SUD>
  </Fabbisogno>
  <Fabbisogno>
    <Data>20160611</Data>
    <Mercato>MGP</Mercato>
    <Ora>17</Ora>
    <Italia>28404,649</Italia>
    <CNOR>3789,839</CNOR>
    <CSUD>5544,879</CSUD>
    <NORD>13517,813</NORD>
    <SARD>1031,327</SARD>
    <SICI>1787,008</SICI>
    <SUD>2733,783</SUD>
  </Fabbisogno>
  <Fabbisogno>
    <Data>20160611</Data>
    <Mercato>MGP</Mercato>
    <Ora>18</Ora>
    <Italia>28887,667</Italia>
    <CNOR>3943,429</CNOR>
    <CSUD>5522,315</CSUD>
    <NORD>13710,726</NORD>
    <SARD>1064,941</SARD>
    <SICI>1832,168</SICI>
    <SUD>2814,088</SUD>
  </Fabbisogno>
  <Fabbisogno>
    <Data>20160611</Data>
    <Mercato>MGP</Mercato>
    <Ora>19</Ora>
    <Italia>30424,749</Italia>
    <CNOR>4195,062</CNOR>
    <CSUD>5705,105</CSUD>
    <NORD>14361,005</NORD>
    <SARD>1143,864</SARD>
    <SICI>1956,471</SICI>
    <SUD>3063,242</SUD>
  </Fabbisogno>
  <Fabbisogno>
    <Data>20160611</Data>
    <Mercato>MGP</Mercato>
    <Ora>20</Ora>
    <Italia>30576,315</Italia>
    <CNOR>4172,738</CNOR>
    <CSUD>5784,257</CSUD>
    <NORD>14232,519</NORD>
    <SARD>1236,521</SARD>
    <SICI>2007,687</SICI>
    <SUD>3142,593</SUD>
  </Fabbisogno>
  <Fabbisogno>
    <Data>20160611</Data>
    <Mercato>MGP</Mercato>
    <Ora>21</Ora>
    <Italia>30977,7</Italia>
    <CNOR>4060,67</CNOR>
    <CSUD>5804,714</CSUD>
    <NORD>14528,164</NORD>
    <SARD>1139,529</SARD>
    <SICI>2133,141</SICI>
    <SUD>3311,482</SUD>
  </Fabbisogno>
  <Fabbisogno>
    <Data>20160611</Data>
    <Mercato>MGP</Mercato>
    <Ora>22</Ora>
    <Italia>30476,915</Italia>
    <CNOR>3891,119</CNOR>
    <CSUD>5616,833</CSUD>
    <NORD>14632,15</NORD>
    <SARD>1142,858</SARD>
    <SICI>2019,037</SICI>
    <SUD>3174,918</SUD>
  </Fabbisogno>
  <Fabbisogno>
    <Data>20160611</Data>
    <Mercato>MGP</Mercato>
    <Ora>23</Ora>
    <Italia>29212,82</Italia>
    <CNOR>3845,838</CNOR>
    <CSUD>5406,276</CSUD>
    <NORD>13932,489</NORD>
    <SARD>1069,291</SARD>
    <SICI>1944,803</SICI>
    <SUD>3014,123</SUD>
  </Fabbisogno>
  <Fabbisogno>
    <Data>20160611</Data>
    <Mercato>MGP</Mercato>
    <Ora>24</Ora>
    <Italia>27301,648</Italia>
    <CNOR>3713,601</CNOR>
    <CSUD>5271,701</CSUD>
    <NORD>12597,95</NORD>
    <SARD>1099,704</SARD>
    <SICI>1798,538</SICI>
    <SUD>2820,154</SUD>
  </Fabbisogno>
</NewDataSet>