<?xml version="1.0" standalone="yes"?>
<NewDataSet>
  <xs:schema id="NewDataSet" xmlns="" xmlns:xs="http://www.w3.org/2001/XMLSchema" xmlns:msdata="urn:schemas-microsoft-com:xml-msdata">
    <xs:element name="NewDataSet" msdata:IsDataSet="true" msdata:UseCurrentLocale="true">
      <xs:complexType>
        <xs:choice minOccurs="0" maxOccurs="unbounded">
          <xs:element name="Fabbisogno">
            <xs:complexType>
              <xs:sequence>
                <xs:element name="Data" type="xs:string" minOccurs="0" />
                <xs:element name="Mercato" type="xs:string" minOccurs="0" />
                <xs:element name="Ora" type="xs:string" minOccurs="0" />
                <xs:element name="Italia" type="xs:string" minOccurs="0" />
                <xs:element name="CNOR" type="xs:string" minOccurs="0" />
                <xs:element name="CSUD" type="xs:string" minOccurs="0" />
                <xs:element name="NORD" type="xs:string" minOccurs="0" />
                <xs:element name="SARD" type="xs:string" minOccurs="0" />
                <xs:element name="SICI" type="xs:string" minOccurs="0" />
                <xs:element name="SUD" type="xs:string" minOccurs="0" />
              </xs:sequence>
            </xs:complexType>
          </xs:element>
        </xs:choice>
      </xs:complexType>
    </xs:element>
  </xs:schema>
  <Fabbisogno>
    <Data>20160612</Data>
    <Mercato>MGP</Mercato>
    <Ora>1</Ora>
    <Italia>26218,945</Italia>
    <CNOR>3927,932</CNOR>
    <CSUD>5162,158</CSUD>
    <NORD>11290,428</NORD>
    <SARD>1150,693</SARD>
    <SICI>1794,478</SICI>
    <SUD>2893,256</SUD>
  </Fabbisogno>
  <Fabbisogno>
    <Data>20160612</Data>
    <Mercato>MGP</Mercato>
    <Ora>2</Ora>
    <Italia>24619,303</Italia>
    <CNOR>3752,142</CNOR>
    <CSUD>4789,693</CSUD>
    <NORD>10552,666</NORD>
    <SARD>1110,834</SARD>
    <SICI>1680,65</SICI>
    <SUD>2733,318</SUD>
  </Fabbisogno>
  <Fabbisogno>
    <Data>20160612</Data>
    <Mercato>MGP</Mercato>
    <Ora>3</Ora>
    <Italia>23625,747</Italia>
    <CNOR>3648,867</CNOR>
    <CSUD>4524,162</CSUD>
    <NORD>10233,027</NORD>
    <SARD>1059,106</SARD>
    <SICI>1561,966</SICI>
    <SUD>2598,619</SUD>
  </Fabbisogno>
  <Fabbisogno>
    <Data>20160612</Data>
    <Mercato>MGP</Mercato>
    <Ora>4</Ora>
    <Italia>22938,835</Italia>
    <CNOR>3505,306</CNOR>
    <CSUD>4407,445</CSUD>
    <NORD>9917,539</NORD>
    <SARD>1034,782</SARD>
    <SICI>1508,81</SICI>
    <SUD>2564,953</SUD>
  </Fabbisogno>
  <Fabbisogno>
    <Data>20160612</Data>
    <Mercato>MGP</Mercato>
    <Ora>5</Ora>
    <Italia>22841,437</Italia>
    <CNOR>3481,354</CNOR>
    <CSUD>4306,036</CSUD>
    <NORD>10100,488</NORD>
    <SARD>1006,442</SARD>
    <SICI>1478,459</SICI>
    <SUD>2468,658</SUD>
  </Fabbisogno>
  <Fabbisogno>
    <Data>20160612</Data>
    <Mercato>MGP</Mercato>
    <Ora>6</Ora>
    <Italia>22208,434</Italia>
    <CNOR>3420,063</CNOR>
    <CSUD>4228,695</CSUD>
    <NORD>9683,684</NORD>
    <SARD>1035,738</SARD>
    <SICI>1475,245</SICI>
    <SUD>2365,009</SUD>
  </Fabbisogno>
  <Fabbisogno>
    <Data>20160612</Data>
    <Mercato>MGP</Mercato>
    <Ora>7</Ora>
    <Italia>22237,439</Italia>
    <CNOR>3379,74</CNOR>
    <CSUD>4223,378</CSUD>
    <NORD>9788,437</NORD>
    <SARD>1001,665</SARD>
    <SICI>1453,799</SICI>
    <SUD>2390,42</SUD>
  </Fabbisogno>
  <Fabbisogno>
    <Data>20160612</Data>
    <Mercato>MGP</Mercato>
    <Ora>8</Ora>
    <Italia>23109,734</Italia>
    <CNOR>3501,89</CNOR>
    <CSUD>4319,405</CSUD>
    <NORD>10318,412</NORD>
    <SARD>993,865</SARD>
    <SICI>1525,06</SICI>
    <SUD>2451,102</SUD>
  </Fabbisogno>
  <Fabbisogno>
    <Data>20160612</Data>
    <Mercato>MGP</Mercato>
    <Ora>9</Ora>
    <Italia>24877,248</Italia>
    <CNOR>3585,34</CNOR>
    <CSUD>4794,387</CSUD>
    <NORD>11139,458</NORD>
    <SARD>1047,36</SARD>
    <SICI>1680,12</SICI>
    <SUD>2630,583</SUD>
  </Fabbisogno>
  <Fabbisogno>
    <Data>20160612</Data>
    <Mercato>MGP</Mercato>
    <Ora>10</Ora>
    <Italia>26569,805</Italia>
    <CNOR>3728,913</CNOR>
    <CSUD>5347,637</CSUD>
    <NORD>11653,302</NORD>
    <SARD>1161,851</SARD>
    <SICI>1829,38</SICI>
    <SUD>2848,722</SUD>
  </Fabbisogno>
  <Fabbisogno>
    <Data>20160612</Data>
    <Mercato>MGP</Mercato>
    <Ora>11</Ora>
    <Italia>26995,923</Italia>
    <CNOR>3645,532</CNOR>
    <CSUD>5270,904</CSUD>
    <NORD>12311,996</NORD>
    <SARD>1099,664</SARD>
    <SICI>1815,799</SICI>
    <SUD>2852,028</SUD>
  </Fabbisogno>
  <Fabbisogno>
    <Data>20160612</Data>
    <Mercato>MGP</Mercato>
    <Ora>12</Ora>
    <Italia>26976,56</Italia>
    <CNOR>3592,513</CNOR>
    <CSUD>5277,341</CSUD>
    <NORD>12474,289</NORD>
    <SARD>1026,645</SARD>
    <SICI>1788,466</SICI>
    <SUD>2817,306</SUD>
  </Fabbisogno>
  <Fabbisogno>
    <Data>20160612</Data>
    <Mercato>MGP</Mercato>
    <Ora>13</Ora>
    <Italia>26621,644</Italia>
    <CNOR>3436,944</CNOR>
    <CSUD>5254,198</CSUD>
    <NORD>12404,686</NORD>
    <SARD>1018,864</SARD>
    <SICI>1730,622</SICI>
    <SUD>2776,33</SUD>
  </Fabbisogno>
  <Fabbisogno>
    <Data>20160612</Data>
    <Mercato>MGP</Mercato>
    <Ora>14</Ora>
    <Italia>25520,91</Italia>
    <CNOR>3338,12</CNOR>
    <CSUD>5101,184</CSUD>
    <NORD>11864,78</NORD>
    <SARD>985,601</SARD>
    <SICI>1608,253</SICI>
    <SUD>2622,972</SUD>
  </Fabbisogno>
  <Fabbisogno>
    <Data>20160612</Data>
    <Mercato>MGP</Mercato>
    <Ora>15</Ora>
    <Italia>25209,128</Italia>
    <CNOR>3388,967</CNOR>
    <CSUD>4908,705</CSUD>
    <NORD>11978,836</NORD>
    <SARD>952,102</SARD>
    <SICI>1503,892</SICI>
    <SUD>2476,626</SUD>
  </Fabbisogno>
  <Fabbisogno>
    <Data>20160612</Data>
    <Mercato>MGP</Mercato>
    <Ora>16</Ora>
    <Italia>25017,181</Italia>
    <CNOR>3413,503</CNOR>
    <CSUD>4877,003</CSUD>
    <NORD>11735,938</NORD>
    <SARD>939,188</SARD>
    <SICI>1511,949</SICI>
    <SUD>2539,6</SUD>
  </Fabbisogno>
  <Fabbisogno>
    <Data>20160612</Data>
    <Mercato>MGP</Mercato>
    <Ora>17</Ora>
    <Italia>25168,561</Italia>
    <CNOR>3483,661</CNOR>
    <CSUD>4930,37</CSUD>
    <NORD>11573,831</NORD>
    <SARD>980,212</SARD>
    <SICI>1570,737</SICI>
    <SUD>2629,75</SUD>
  </Fabbisogno>
  <Fabbisogno>
    <Data>20160612</Data>
    <Mercato>MGP</Mercato>
    <Ora>18</Ora>
    <Italia>26826,957</Italia>
    <CNOR>3773,03</CNOR>
    <CSUD>5291,749</CSUD>
    <NORD>12171,006</NORD>
    <SARD>1090,32</SARD>
    <SICI>1730,572</SICI>
    <SUD>2770,28</SUD>
  </Fabbisogno>
  <Fabbisogno>
    <Data>20160612</Data>
    <Mercato>MGP</Mercato>
    <Ora>19</Ora>
    <Italia>27610,437</Italia>
    <CNOR>3946,009</CNOR>
    <CSUD>5300,442</CSUD>
    <NORD>12523,97</NORD>
    <SARD>1143,407</SARD>
    <SICI>1797,786</SICI>
    <SUD>2898,823</SUD>
  </Fabbisogno>
  <Fabbisogno>
    <Data>20160612</Data>
    <Mercato>MGP</Mercato>
    <Ora>20</Ora>
    <Italia>28321,222</Italia>
    <CNOR>4145,35</CNOR>
    <CSUD>5479,3</CSUD>
    <NORD>12582,138</NORD>
    <SARD>1214,46</SARD>
    <SICI>1876,584</SICI>
    <SUD>3023,39</SUD>
  </Fabbisogno>
  <Fabbisogno>
    <Data>20160612</Data>
    <Mercato>MGP</Mercato>
    <Ora>21</Ora>
    <Italia>28622,522</Italia>
    <CNOR>4024,202</CNOR>
    <CSUD>5582,63</CSUD>
    <NORD>12829,147</NORD>
    <SARD>1101,648</SARD>
    <SICI>1946,577</SICI>
    <SUD>3138,318</SUD>
  </Fabbisogno>
  <Fabbisogno>
    <Data>20160612</Data>
    <Mercato>MGP</Mercato>
    <Ora>22</Ora>
    <Italia>29557,679</Italia>
    <CNOR>4120,413</CNOR>
    <CSUD>5758,976</CSUD>
    <NORD>13355,946</NORD>
    <SARD>1145,835</SARD>
    <SICI>2008,663</SICI>
    <SUD>3167,846</SUD>
  </Fabbisogno>
  <Fabbisogno>
    <Data>20160612</Data>
    <Mercato>MGP</Mercato>
    <Ora>23</Ora>
    <Italia>28392,742</Italia>
    <CNOR>4039,337</CNOR>
    <CSUD>5527,045</CSUD>
    <NORD>12814,995</NORD>
    <SARD>1094,332</SARD>
    <SICI>1881,733</SICI>
    <SUD>3035,3</SUD>
  </Fabbisogno>
  <Fabbisogno>
    <Data>20160612</Data>
    <Mercato>MGP</Mercato>
    <Ora>24</Ora>
    <Italia>26736,826</Italia>
    <CNOR>3744,203</CNOR>
    <CSUD>5380,627</CSUD>
    <NORD>11768,638</NORD>
    <SARD>1135,886</SARD>
    <SICI>1770,008</SICI>
    <SUD>2937,464</SUD>
  </Fabbisogno>
</NewDataSet>