<?xml version="1.0" standalone="yes"?>
<NewDataSet>
  <xs:schema id="NewDataSet" xmlns="" xmlns:xs="http://www.w3.org/2001/XMLSchema" xmlns:msdata="urn:schemas-microsoft-com:xml-msdata">
    <xs:element name="NewDataSet" msdata:IsDataSet="true" msdata:UseCurrentLocale="true">
      <xs:complexType>
        <xs:choice minOccurs="0" maxOccurs="unbounded">
          <xs:element name="Fabbisogno">
            <xs:complexType>
              <xs:sequence>
                <xs:element name="Data" type="xs:string" minOccurs="0" />
                <xs:element name="Mercato" type="xs:string" minOccurs="0" />
                <xs:element name="Ora" type="xs:string" minOccurs="0" />
                <xs:element name="Italia" type="xs:string" minOccurs="0" />
                <xs:element name="CNOR" type="xs:string" minOccurs="0" />
                <xs:element name="CSUD" type="xs:string" minOccurs="0" />
                <xs:element name="NORD" type="xs:string" minOccurs="0" />
                <xs:element name="SARD" type="xs:string" minOccurs="0" />
                <xs:element name="SICI" type="xs:string" minOccurs="0" />
                <xs:element name="SUD" type="xs:string" minOccurs="0" />
              </xs:sequence>
            </xs:complexType>
          </xs:element>
        </xs:choice>
      </xs:complexType>
    </xs:element>
  </xs:schema>
  <Fabbisogno>
    <Data>20160623</Data>
    <Mercato>MGP</Mercato>
    <Ora>1</Ora>
    <Italia>29796,739</Italia>
    <CNOR>3504,936</CNOR>
    <CSUD>5067,411</CSUD>
    <NORD>15341,64</NORD>
    <SARD>1048,451</SARD>
    <SICI>1734,047</SICI>
    <SUD>3100,254</SUD>
  </Fabbisogno>
  <Fabbisogno>
    <Data>20160623</Data>
    <Mercato>MGP</Mercato>
    <Ora>2</Ora>
    <Italia>28321,41</Italia>
    <CNOR>3373,947</CNOR>
    <CSUD>4848,027</CSUD>
    <NORD>14517,731</NORD>
    <SARD>1018,903</SARD>
    <SICI>1634,801</SICI>
    <SUD>2928,001</SUD>
  </Fabbisogno>
  <Fabbisogno>
    <Data>20160623</Data>
    <Mercato>MGP</Mercato>
    <Ora>3</Ora>
    <Italia>27228,996</Italia>
    <CNOR>3255,149</CNOR>
    <CSUD>4526,141</CSUD>
    <NORD>14167,433</NORD>
    <SARD>955,913</SARD>
    <SICI>1519,072</SICI>
    <SUD>2805,288</SUD>
  </Fabbisogno>
  <Fabbisogno>
    <Data>20160623</Data>
    <Mercato>MGP</Mercato>
    <Ora>4</Ora>
    <Italia>26755,055</Italia>
    <CNOR>3188,093</CNOR>
    <CSUD>4453,084</CSUD>
    <NORD>13895,251</NORD>
    <SARD>954,943</SARD>
    <SICI>1499,475</SICI>
    <SUD>2764,209</SUD>
  </Fabbisogno>
  <Fabbisogno>
    <Data>20160623</Data>
    <Mercato>MGP</Mercato>
    <Ora>5</Ora>
    <Italia>27173,77</Italia>
    <CNOR>3206,201</CNOR>
    <CSUD>4463,255</CSUD>
    <NORD>14316,109</NORD>
    <SARD>937,479</SARD>
    <SICI>1475,496</SICI>
    <SUD>2775,23</SUD>
  </Fabbisogno>
  <Fabbisogno>
    <Data>20160623</Data>
    <Mercato>MGP</Mercato>
    <Ora>6</Ora>
    <Italia>27557,869</Italia>
    <CNOR>3212,545</CNOR>
    <CSUD>4448,073</CSUD>
    <NORD>14703,156</NORD>
    <SARD>968,416</SARD>
    <SICI>1510,829</SICI>
    <SUD>2714,85</SUD>
  </Fabbisogno>
  <Fabbisogno>
    <Data>20160623</Data>
    <Mercato>MGP</Mercato>
    <Ora>7</Ora>
    <Italia>29502,899</Italia>
    <CNOR>3072,555</CNOR>
    <CSUD>4383,653</CSUD>
    <NORD>16890,479</NORD>
    <SARD>917,093</SARD>
    <SICI>1528,587</SICI>
    <SUD>2710,532</SUD>
  </Fabbisogno>
  <Fabbisogno>
    <Data>20160623</Data>
    <Mercato>MGP</Mercato>
    <Ora>8</Ora>
    <Italia>34368,045</Italia>
    <CNOR>3643,73</CNOR>
    <CSUD>5078,458</CSUD>
    <NORD>19778,678</NORD>
    <SARD>1003,142</SARD>
    <SICI>1797,864</SICI>
    <SUD>3066,173</SUD>
  </Fabbisogno>
  <Fabbisogno>
    <Data>20160623</Data>
    <Mercato>MGP</Mercato>
    <Ora>9</Ora>
    <Italia>39179,11</Italia>
    <CNOR>4002,968</CNOR>
    <CSUD>5675,484</CSUD>
    <NORD>22618,017</NORD>
    <SARD>1066,206</SARD>
    <SICI>2100,044</SICI>
    <SUD>3716,391</SUD>
  </Fabbisogno>
  <Fabbisogno>
    <Data>20160623</Data>
    <Mercato>MGP</Mercato>
    <Ora>10</Ora>
    <Italia>41187,888</Italia>
    <CNOR>4200,863</CNOR>
    <CSUD>5991,858</CSUD>
    <NORD>23928,073</NORD>
    <SARD>1093,945</SARD>
    <SICI>2177,643</SICI>
    <SUD>3795,506</SUD>
  </Fabbisogno>
  <Fabbisogno>
    <Data>20160623</Data>
    <Mercato>MGP</Mercato>
    <Ora>11</Ora>
    <Italia>40993,806</Italia>
    <CNOR>4261,803</CNOR>
    <CSUD>6147,495</CSUD>
    <NORD>23458,974</NORD>
    <SARD>1114,991</SARD>
    <SICI>2175,674</SICI>
    <SUD>3834,869</SUD>
  </Fabbisogno>
  <Fabbisogno>
    <Data>20160623</Data>
    <Mercato>MGP</Mercato>
    <Ora>12</Ora>
    <Italia>41393,674</Italia>
    <CNOR>4198,901</CNOR>
    <CSUD>6373,446</CSUD>
    <NORD>23714,249</NORD>
    <SARD>1142,294</SARD>
    <SICI>2159,175</SICI>
    <SUD>3805,609</SUD>
  </Fabbisogno>
  <Fabbisogno>
    <Data>20160623</Data>
    <Mercato>MGP</Mercato>
    <Ora>13</Ora>
    <Italia>39909,653</Italia>
    <CNOR>3796,233</CNOR>
    <CSUD>6121,386</CSUD>
    <NORD>23089,094</NORD>
    <SARD>1010,635</SARD>
    <SICI>2125,421</SICI>
    <SUD>3766,884</SUD>
  </Fabbisogno>
  <Fabbisogno>
    <Data>20160623</Data>
    <Mercato>MGP</Mercato>
    <Ora>14</Ora>
    <Italia>39805,952</Italia>
    <CNOR>3706,665</CNOR>
    <CSUD>6085,771</CSUD>
    <NORD>23313,345</NORD>
    <SARD>1027,788</SARD>
    <SICI>2036,561</SICI>
    <SUD>3635,822</SUD>
  </Fabbisogno>
  <Fabbisogno>
    <Data>20160623</Data>
    <Mercato>MGP</Mercato>
    <Ora>15</Ora>
    <Italia>40428,12</Italia>
    <CNOR>3838,169</CNOR>
    <CSUD>5905,71</CSUD>
    <NORD>24299,742</NORD>
    <SARD>981,319</SARD>
    <SICI>1918,36</SICI>
    <SUD>3484,82</SUD>
  </Fabbisogno>
  <Fabbisogno>
    <Data>20160623</Data>
    <Mercato>MGP</Mercato>
    <Ora>16</Ora>
    <Italia>40712,673</Italia>
    <CNOR>3939,402</CNOR>
    <CSUD>6026,46</CSUD>
    <NORD>24312,001</NORD>
    <SARD>987,658</SARD>
    <SICI>1903,788</SICI>
    <SUD>3543,364</SUD>
  </Fabbisogno>
  <Fabbisogno>
    <Data>20160623</Data>
    <Mercato>MGP</Mercato>
    <Ora>17</Ora>
    <Italia>41394,688</Italia>
    <CNOR>4094,713</CNOR>
    <CSUD>6280,806</CSUD>
    <NORD>24270,132</NORD>
    <SARD>1072,267</SARD>
    <SICI>1997,113</SICI>
    <SUD>3679,657</SUD>
  </Fabbisogno>
  <Fabbisogno>
    <Data>20160623</Data>
    <Mercato>MGP</Mercato>
    <Ora>18</Ora>
    <Italia>40585,853</Italia>
    <CNOR>4312,063</CNOR>
    <CSUD>6402,026</CSUD>
    <NORD>23018,802</NORD>
    <SARD>1142,531</SARD>
    <SICI>2060,009</SICI>
    <SUD>3650,422</SUD>
  </Fabbisogno>
  <Fabbisogno>
    <Data>20160623</Data>
    <Mercato>MGP</Mercato>
    <Ora>19</Ora>
    <Italia>40059,874</Italia>
    <CNOR>4326,367</CNOR>
    <CSUD>6371,713</CSUD>
    <NORD>22523,069</NORD>
    <SARD>1134,677</SARD>
    <SICI>2071,405</SICI>
    <SUD>3632,643</SUD>
  </Fabbisogno>
  <Fabbisogno>
    <Data>20160623</Data>
    <Mercato>MGP</Mercato>
    <Ora>20</Ora>
    <Italia>38835,584</Italia>
    <CNOR>4346,349</CNOR>
    <CSUD>6476,176</CSUD>
    <NORD>21078,123</NORD>
    <SARD>1163,448</SARD>
    <SICI>2027,661</SICI>
    <SUD>3743,827</SUD>
  </Fabbisogno>
  <Fabbisogno>
    <Data>20160623</Data>
    <Mercato>MGP</Mercato>
    <Ora>21</Ora>
    <Italia>37990,735</Italia>
    <CNOR>4253,491</CNOR>
    <CSUD>6508,795</CSUD>
    <NORD>19943,916</NORD>
    <SARD>1239,905</SARD>
    <SICI>2153,862</SICI>
    <SUD>3890,766</SUD>
  </Fabbisogno>
  <Fabbisogno>
    <Data>20160623</Data>
    <Mercato>MGP</Mercato>
    <Ora>22</Ora>
    <Italia>38295,664</Italia>
    <CNOR>4308,639</CNOR>
    <CSUD>6615,932</CSUD>
    <NORD>20109,908</NORD>
    <SARD>1265,38</SARD>
    <SICI>2128,3</SICI>
    <SUD>3867,505</SUD>
  </Fabbisogno>
  <Fabbisogno>
    <Data>20160623</Data>
    <Mercato>MGP</Mercato>
    <Ora>23</Ora>
    <Italia>36019,539</Italia>
    <CNOR>4087,789</CNOR>
    <CSUD>6185,148</CSUD>
    <NORD>18852,859</NORD>
    <SARD>1218,528</SARD>
    <SICI>2040,702</SICI>
    <SUD>3634,513</SUD>
  </Fabbisogno>
  <Fabbisogno>
    <Data>20160623</Data>
    <Mercato>MGP</Mercato>
    <Ora>24</Ora>
    <Italia>32839,632</Italia>
    <CNOR>3694,433</CNOR>
    <CSUD>5808,814</CSUD>
    <NORD>16929,586</NORD>
    <SARD>1149,71</SARD>
    <SICI>1876,109</SICI>
    <SUD>3380,98</SUD>
  </Fabbisogno>
</NewDataSet>