<?xml version="1.0" standalone="yes"?>
<NewDataSet>
  <xs:schema id="NewDataSet" xmlns="" xmlns:xs="http://www.w3.org/2001/XMLSchema" xmlns:msdata="urn:schemas-microsoft-com:xml-msdata">
    <xs:element name="NewDataSet" msdata:IsDataSet="true" msdata:UseCurrentLocale="true">
      <xs:complexType>
        <xs:choice minOccurs="0" maxOccurs="unbounded">
          <xs:element name="Fabbisogno">
            <xs:complexType>
              <xs:sequence>
                <xs:element name="Data" type="xs:string" minOccurs="0" />
                <xs:element name="Mercato" type="xs:string" minOccurs="0" />
                <xs:element name="Ora" type="xs:string" minOccurs="0" />
                <xs:element name="Italia" type="xs:string" minOccurs="0" />
                <xs:element name="CNOR" type="xs:string" minOccurs="0" />
                <xs:element name="CSUD" type="xs:string" minOccurs="0" />
                <xs:element name="NORD" type="xs:string" minOccurs="0" />
                <xs:element name="SARD" type="xs:string" minOccurs="0" />
                <xs:element name="SICI" type="xs:string" minOccurs="0" />
                <xs:element name="SUD" type="xs:string" minOccurs="0" />
              </xs:sequence>
            </xs:complexType>
          </xs:element>
        </xs:choice>
      </xs:complexType>
    </xs:element>
  </xs:schema>
  <Fabbisogno>
    <Data>20160617</Data>
    <Mercato>MGP</Mercato>
    <Ora>1</Ora>
    <Italia>28813,158</Italia>
    <CNOR>3628,221</CNOR>
    <CSUD>4988,62</CSUD>
    <NORD>14563,836</NORD>
    <SARD>1044,385</SARD>
    <SICI>1822,44</SICI>
    <SUD>2765,656</SUD>
  </Fabbisogno>
  <Fabbisogno>
    <Data>20160617</Data>
    <Mercato>MGP</Mercato>
    <Ora>2</Ora>
    <Italia>27613,94</Italia>
    <CNOR>3550,952</CNOR>
    <CSUD>4658,387</CSUD>
    <NORD>14029,545</NORD>
    <SARD>1036,143</SARD>
    <SICI>1695,063</SICI>
    <SUD>2643,85</SUD>
  </Fabbisogno>
  <Fabbisogno>
    <Data>20160617</Data>
    <Mercato>MGP</Mercato>
    <Ora>3</Ora>
    <Italia>26533,675</Italia>
    <CNOR>3377,492</CNOR>
    <CSUD>4385,079</CSUD>
    <NORD>13743,192</NORD>
    <SARD>963,832</SARD>
    <SICI>1572,086</SICI>
    <SUD>2491,994</SUD>
  </Fabbisogno>
  <Fabbisogno>
    <Data>20160617</Data>
    <Mercato>MGP</Mercato>
    <Ora>4</Ora>
    <Italia>25901,877</Italia>
    <CNOR>3286,834</CNOR>
    <CSUD>4302,251</CSUD>
    <NORD>13426,462</NORD>
    <SARD>916,966</SARD>
    <SICI>1532,462</SICI>
    <SUD>2436,902</SUD>
  </Fabbisogno>
  <Fabbisogno>
    <Data>20160617</Data>
    <Mercato>MGP</Mercato>
    <Ora>5</Ora>
    <Italia>26315,246</Italia>
    <CNOR>3366,815</CNOR>
    <CSUD>4323,334</CSUD>
    <NORD>13753,989</NORD>
    <SARD>929,486</SARD>
    <SICI>1503,358</SICI>
    <SUD>2438,264</SUD>
  </Fabbisogno>
  <Fabbisogno>
    <Data>20160617</Data>
    <Mercato>MGP</Mercato>
    <Ora>6</Ora>
    <Italia>26532,541</Italia>
    <CNOR>3352,811</CNOR>
    <CSUD>4346,023</CSUD>
    <NORD>13916,566</NORD>
    <SARD>979,904</SARD>
    <SICI>1530,694</SICI>
    <SUD>2406,543</SUD>
  </Fabbisogno>
  <Fabbisogno>
    <Data>20160617</Data>
    <Mercato>MGP</Mercato>
    <Ora>7</Ora>
    <Italia>28997,768</Italia>
    <CNOR>3465,965</CNOR>
    <CSUD>4646,182</CSUD>
    <NORD>15739,37</NORD>
    <SARD>1015,381</SARD>
    <SICI>1616,435</SICI>
    <SUD>2514,435</SUD>
  </Fabbisogno>
  <Fabbisogno>
    <Data>20160617</Data>
    <Mercato>MGP</Mercato>
    <Ora>8</Ora>
    <Italia>33874,738</Italia>
    <CNOR>3989,457</CNOR>
    <CSUD>5338,711</CSUD>
    <NORD>18682,256</NORD>
    <SARD>1110,73</SARD>
    <SICI>1916,661</SICI>
    <SUD>2836,923</SUD>
  </Fabbisogno>
  <Fabbisogno>
    <Data>20160617</Data>
    <Mercato>MGP</Mercato>
    <Ora>9</Ora>
    <Italia>38454,2</Italia>
    <CNOR>4555,212</CNOR>
    <CSUD>6027,148</CSUD>
    <NORD>21499,926</NORD>
    <SARD>1133,505</SARD>
    <SICI>2086,389</SICI>
    <SUD>3152,02</SUD>
  </Fabbisogno>
  <Fabbisogno>
    <Data>20160617</Data>
    <Mercato>MGP</Mercato>
    <Ora>10</Ora>
    <Italia>39962,669</Italia>
    <CNOR>4793,605</CNOR>
    <CSUD>6455,453</CSUD>
    <NORD>22080,812</NORD>
    <SARD>1194,661</SARD>
    <SICI>2189,85</SICI>
    <SUD>3248,288</SUD>
  </Fabbisogno>
  <Fabbisogno>
    <Data>20160617</Data>
    <Mercato>MGP</Mercato>
    <Ora>11</Ora>
    <Italia>39730,503</Italia>
    <CNOR>4489,023</CNOR>
    <CSUD>6336,69</CSUD>
    <NORD>22011,531</NORD>
    <SARD>1194,242</SARD>
    <SICI>2217,009</SICI>
    <SUD>3482,008</SUD>
  </Fabbisogno>
  <Fabbisogno>
    <Data>20160617</Data>
    <Mercato>MGP</Mercato>
    <Ora>12</Ora>
    <Italia>39831,277</Italia>
    <CNOR>4465,717</CNOR>
    <CSUD>6397,513</CSUD>
    <NORD>22055,479</NORD>
    <SARD>1202,271</SARD>
    <SICI>2190,228</SICI>
    <SUD>3520,069</SUD>
  </Fabbisogno>
  <Fabbisogno>
    <Data>20160617</Data>
    <Mercato>MGP</Mercato>
    <Ora>13</Ora>
    <Italia>37771,31</Italia>
    <CNOR>4085,795</CNOR>
    <CSUD>6264,128</CSUD>
    <NORD>20736,522</NORD>
    <SARD>1087,273</SARD>
    <SICI>2147,863</SICI>
    <SUD>3449,729</SUD>
  </Fabbisogno>
  <Fabbisogno>
    <Data>20160617</Data>
    <Mercato>MGP</Mercato>
    <Ora>14</Ora>
    <Italia>37612,777</Italia>
    <CNOR>3893,015</CNOR>
    <CSUD>6042,857</CSUD>
    <NORD>21087</NORD>
    <SARD>1105,778</SARD>
    <SICI>2086,587</SICI>
    <SUD>3397,54</SUD>
  </Fabbisogno>
  <Fabbisogno>
    <Data>20160617</Data>
    <Mercato>MGP</Mercato>
    <Ora>15</Ora>
    <Italia>38728,583</Italia>
    <CNOR>4134,817</CNOR>
    <CSUD>6037,695</CSUD>
    <NORD>22138,698</NORD>
    <SARD>1100,18</SARD>
    <SICI>2003,413</SICI>
    <SUD>3313,78</SUD>
  </Fabbisogno>
  <Fabbisogno>
    <Data>20160617</Data>
    <Mercato>MGP</Mercato>
    <Ora>16</Ora>
    <Italia>38922,098</Italia>
    <CNOR>4198,582</CNOR>
    <CSUD>6058,782</CSUD>
    <NORD>22279,448</NORD>
    <SARD>1034,309</SARD>
    <SICI>2033,644</SICI>
    <SUD>3317,333</SUD>
  </Fabbisogno>
  <Fabbisogno>
    <Data>20160617</Data>
    <Mercato>MGP</Mercato>
    <Ora>17</Ora>
    <Italia>38942,41</Italia>
    <CNOR>4279,662</CNOR>
    <CSUD>6093,048</CSUD>
    <NORD>22050,096</NORD>
    <SARD>1068,449</SARD>
    <SICI>2093,218</SICI>
    <SUD>3357,937</SUD>
  </Fabbisogno>
  <Fabbisogno>
    <Data>20160617</Data>
    <Mercato>MGP</Mercato>
    <Ora>18</Ora>
    <Italia>38009,302</Italia>
    <CNOR>4497,955</CNOR>
    <CSUD>6262,811</CSUD>
    <NORD>20582,024</NORD>
    <SARD>1148,298</SARD>
    <SICI>2179,727</SICI>
    <SUD>3338,487</SUD>
  </Fabbisogno>
  <Fabbisogno>
    <Data>20160617</Data>
    <Mercato>MGP</Mercato>
    <Ora>19</Ora>
    <Italia>36912,579</Italia>
    <CNOR>4539,427</CNOR>
    <CSUD>6213,755</CSUD>
    <NORD>19500,22</NORD>
    <SARD>1127,03</SARD>
    <SICI>2181,414</SICI>
    <SUD>3350,733</SUD>
  </Fabbisogno>
  <Fabbisogno>
    <Data>20160617</Data>
    <Mercato>MGP</Mercato>
    <Ora>20</Ora>
    <Italia>36124,754</Italia>
    <CNOR>4465,732</CNOR>
    <CSUD>6188,012</CSUD>
    <NORD>18791,097</NORD>
    <SARD>1165,781</SARD>
    <SICI>2196,329</SICI>
    <SUD>3317,803</SUD>
  </Fabbisogno>
  <Fabbisogno>
    <Data>20160617</Data>
    <Mercato>MGP</Mercato>
    <Ora>21</Ora>
    <Italia>35899,472</Italia>
    <CNOR>4257,956</CNOR>
    <CSUD>6178,375</CSUD>
    <NORD>18390,622</NORD>
    <SARD>1227,044</SARD>
    <SICI>2318,271</SICI>
    <SUD>3527,204</SUD>
  </Fabbisogno>
  <Fabbisogno>
    <Data>20160617</Data>
    <Mercato>MGP</Mercato>
    <Ora>22</Ora>
    <Italia>36293,364</Italia>
    <CNOR>4337,777</CNOR>
    <CSUD>6288,109</CSUD>
    <NORD>18574,125</NORD>
    <SARD>1256,636</SARD>
    <SICI>2276,154</SICI>
    <SUD>3560,563</SUD>
  </Fabbisogno>
  <Fabbisogno>
    <Data>20160617</Data>
    <Mercato>MGP</Mercato>
    <Ora>23</Ora>
    <Italia>33735,69</Italia>
    <CNOR>4175,365</CNOR>
    <CSUD>5876,728</CSUD>
    <NORD>16956,165</NORD>
    <SARD>1211,766</SARD>
    <SICI>2187,432</SICI>
    <SUD>3328,234</SUD>
  </Fabbisogno>
  <Fabbisogno>
    <Data>20160617</Data>
    <Mercato>MGP</Mercato>
    <Ora>24</Ora>
    <Italia>30828,354</Italia>
    <CNOR>3902,738</CNOR>
    <CSUD>5546,362</CSUD>
    <NORD>15176,331</NORD>
    <SARD>1185,113</SARD>
    <SICI>1976,858</SICI>
    <SUD>3040,952</SUD>
  </Fabbisogno>
</NewDataSet>