<?xml version="1.0" standalone="yes"?>
<NewDataSet>
  <xs:schema id="NewDataSet" xmlns="" xmlns:xs="http://www.w3.org/2001/XMLSchema" xmlns:msdata="urn:schemas-microsoft-com:xml-msdata">
    <xs:element name="NewDataSet" msdata:IsDataSet="true" msdata:UseCurrentLocale="true">
      <xs:complexType>
        <xs:choice minOccurs="0" maxOccurs="unbounded">
          <xs:element name="Fabbisogno">
            <xs:complexType>
              <xs:sequence>
                <xs:element name="Data" type="xs:string" minOccurs="0" />
                <xs:element name="Mercato" type="xs:string" minOccurs="0" />
                <xs:element name="Ora" type="xs:string" minOccurs="0" />
                <xs:element name="Italia" type="xs:string" minOccurs="0" />
                <xs:element name="CNOR" type="xs:string" minOccurs="0" />
                <xs:element name="CSUD" type="xs:string" minOccurs="0" />
                <xs:element name="NORD" type="xs:string" minOccurs="0" />
                <xs:element name="SARD" type="xs:string" minOccurs="0" />
                <xs:element name="SICI" type="xs:string" minOccurs="0" />
                <xs:element name="SUD" type="xs:string" minOccurs="0" />
              </xs:sequence>
            </xs:complexType>
          </xs:element>
        </xs:choice>
      </xs:complexType>
    </xs:element>
  </xs:schema>
  <Fabbisogno>
    <Data>20160602</Data>
    <Mercato>MGP</Mercato>
    <Ora>1</Ora>
    <Italia>25094,549</Italia>
    <CNOR>3562,898</CNOR>
    <CSUD>4653,919</CSUD>
    <NORD>11550,735</NORD>
    <SARD>1042,423</SARD>
    <SICI>1675,776</SICI>
    <SUD>2608,798</SUD>
  </Fabbisogno>
  <Fabbisogno>
    <Data>20160602</Data>
    <Mercato>MGP</Mercato>
    <Ora>2</Ora>
    <Italia>23399,698</Italia>
    <CNOR>3355,453</CNOR>
    <CSUD>4301,943</CSUD>
    <NORD>10775,356</NORD>
    <SARD>1027,889</SARD>
    <SICI>1538,525</SICI>
    <SUD>2400,532</SUD>
  </Fabbisogno>
  <Fabbisogno>
    <Data>20160602</Data>
    <Mercato>MGP</Mercato>
    <Ora>3</Ora>
    <Italia>22408,027</Italia>
    <CNOR>3249,143</CNOR>
    <CSUD>4097,525</CSUD>
    <NORD>10338,448</NORD>
    <SARD>980,516</SARD>
    <SICI>1421,928</SICI>
    <SUD>2320,467</SUD>
  </Fabbisogno>
  <Fabbisogno>
    <Data>20160602</Data>
    <Mercato>MGP</Mercato>
    <Ora>4</Ora>
    <Italia>22087,4</Italia>
    <CNOR>3185,064</CNOR>
    <CSUD>4041,495</CSUD>
    <NORD>10135,944</NORD>
    <SARD>1001,82</SARD>
    <SICI>1396,302</SICI>
    <SUD>2326,775</SUD>
  </Fabbisogno>
  <Fabbisogno>
    <Data>20160602</Data>
    <Mercato>MGP</Mercato>
    <Ora>5</Ora>
    <Italia>21915,467</Italia>
    <CNOR>3109,739</CNOR>
    <CSUD>3994,375</CSUD>
    <NORD>10123,543</NORD>
    <SARD>994,233</SARD>
    <SICI>1369,957</SICI>
    <SUD>2323,62</SUD>
  </Fabbisogno>
  <Fabbisogno>
    <Data>20160602</Data>
    <Mercato>MGP</Mercato>
    <Ora>6</Ora>
    <Italia>21042,78</Italia>
    <CNOR>2980,807</CNOR>
    <CSUD>3839,765</CSUD>
    <NORD>9718,238</NORD>
    <SARD>961,513</SARD>
    <SICI>1355,808</SICI>
    <SUD>2186,649</SUD>
  </Fabbisogno>
  <Fabbisogno>
    <Data>20160602</Data>
    <Mercato>MGP</Mercato>
    <Ora>7</Ora>
    <Italia>20662,435</Italia>
    <CNOR>2867,878</CNOR>
    <CSUD>3826,515</CSUD>
    <NORD>9500,301</NORD>
    <SARD>979,116</SARD>
    <SICI>1330,552</SICI>
    <SUD>2158,073</SUD>
  </Fabbisogno>
  <Fabbisogno>
    <Data>20160602</Data>
    <Mercato>MGP</Mercato>
    <Ora>8</Ora>
    <Italia>22036,173</Italia>
    <CNOR>2989,005</CNOR>
    <CSUD>4000,741</CSUD>
    <NORD>10397,829</NORD>
    <SARD>963,478</SARD>
    <SICI>1426,359</SICI>
    <SUD>2258,761</SUD>
  </Fabbisogno>
  <Fabbisogno>
    <Data>20160602</Data>
    <Mercato>MGP</Mercato>
    <Ora>9</Ora>
    <Italia>23776,376</Italia>
    <CNOR>3061,359</CNOR>
    <CSUD>4304,035</CSUD>
    <NORD>11600,3</NORD>
    <SARD>965,924</SARD>
    <SICI>1589,197</SICI>
    <SUD>2255,561</SUD>
  </Fabbisogno>
  <Fabbisogno>
    <Data>20160602</Data>
    <Mercato>MGP</Mercato>
    <Ora>10</Ora>
    <Italia>25108,882</Italia>
    <CNOR>3164,999</CNOR>
    <CSUD>4509,687</CSUD>
    <NORD>12392,214</NORD>
    <SARD>986,301</SARD>
    <SICI>1690,977</SICI>
    <SUD>2364,704</SUD>
  </Fabbisogno>
  <Fabbisogno>
    <Data>20160602</Data>
    <Mercato>MGP</Mercato>
    <Ora>11</Ora>
    <Italia>25455,673</Italia>
    <CNOR>3075,31</CNOR>
    <CSUD>4538,569</CSUD>
    <NORD>12824,672</NORD>
    <SARD>974,11</SARD>
    <SICI>1691,426</SICI>
    <SUD>2351,586</SUD>
  </Fabbisogno>
  <Fabbisogno>
    <Data>20160602</Data>
    <Mercato>MGP</Mercato>
    <Ora>12</Ora>
    <Italia>25482,653</Italia>
    <CNOR>3127,012</CNOR>
    <CSUD>4518,505</CSUD>
    <NORD>12958,755</NORD>
    <SARD>903,695</SARD>
    <SICI>1631,64</SICI>
    <SUD>2343,046</SUD>
  </Fabbisogno>
  <Fabbisogno>
    <Data>20160602</Data>
    <Mercato>MGP</Mercato>
    <Ora>13</Ora>
    <Italia>25091,25</Italia>
    <CNOR>2925,001</CNOR>
    <CSUD>4635,946</CSUD>
    <NORD>12604,048</NORD>
    <SARD>953,076</SARD>
    <SICI>1645,836</SICI>
    <SUD>2327,343</SUD>
  </Fabbisogno>
  <Fabbisogno>
    <Data>20160602</Data>
    <Mercato>MGP</Mercato>
    <Ora>14</Ora>
    <Italia>24026,348</Italia>
    <CNOR>2778,884</CNOR>
    <CSUD>4331,429</CSUD>
    <NORD>12464,371</NORD>
    <SARD>836,419</SARD>
    <SICI>1476,754</SICI>
    <SUD>2138,491</SUD>
  </Fabbisogno>
  <Fabbisogno>
    <Data>20160602</Data>
    <Mercato>MGP</Mercato>
    <Ora>15</Ora>
    <Italia>23612,568</Italia>
    <CNOR>2746,2</CNOR>
    <CSUD>4193,209</CSUD>
    <NORD>12526,202</NORD>
    <SARD>782,318</SARD>
    <SICI>1388,523</SICI>
    <SUD>1976,116</SUD>
  </Fabbisogno>
  <Fabbisogno>
    <Data>20160602</Data>
    <Mercato>MGP</Mercato>
    <Ora>16</Ora>
    <Italia>23258,704</Italia>
    <CNOR>2780,548</CNOR>
    <CSUD>4181,325</CSUD>
    <NORD>12129,173</NORD>
    <SARD>782,055</SARD>
    <SICI>1392,156</SICI>
    <SUD>1993,447</SUD>
  </Fabbisogno>
  <Fabbisogno>
    <Data>20160602</Data>
    <Mercato>MGP</Mercato>
    <Ora>17</Ora>
    <Italia>23769,583</Italia>
    <CNOR>2979,96</CNOR>
    <CSUD>4381,564</CSUD>
    <NORD>11874,052</NORD>
    <SARD>866,782</SARD>
    <SICI>1470,909</SICI>
    <SUD>2196,316</SUD>
  </Fabbisogno>
  <Fabbisogno>
    <Data>20160602</Data>
    <Mercato>MGP</Mercato>
    <Ora>18</Ora>
    <Italia>24295,676</Italia>
    <CNOR>3189,578</CNOR>
    <CSUD>4487,772</CSUD>
    <NORD>11848,801</NORD>
    <SARD>928,521</SARD>
    <SICI>1518,509</SICI>
    <SUD>2322,495</SUD>
  </Fabbisogno>
  <Fabbisogno>
    <Data>20160602</Data>
    <Mercato>MGP</Mercato>
    <Ora>19</Ora>
    <Italia>25367,618</Italia>
    <CNOR>3501,481</CNOR>
    <CSUD>4731,416</CSUD>
    <NORD>12079,882</NORD>
    <SARD>969,308</SARD>
    <SICI>1600,272</SICI>
    <SUD>2485,259</SUD>
  </Fabbisogno>
  <Fabbisogno>
    <Data>20160602</Data>
    <Mercato>MGP</Mercato>
    <Ora>20</Ora>
    <Italia>26881,326</Italia>
    <CNOR>3653,251</CNOR>
    <CSUD>5128,893</CSUD>
    <NORD>12631,756</NORD>
    <SARD>1050,55</SARD>
    <SICI>1748,571</SICI>
    <SUD>2668,305</SUD>
  </Fabbisogno>
  <Fabbisogno>
    <Data>20160602</Data>
    <Mercato>MGP</Mercato>
    <Ora>21</Ora>
    <Italia>27480,467</Italia>
    <CNOR>3673,335</CNOR>
    <CSUD>5270,062</CSUD>
    <NORD>12663,728</NORD>
    <SARD>1030,217</SARD>
    <SICI>1919,889</SICI>
    <SUD>2923,236</SUD>
  </Fabbisogno>
  <Fabbisogno>
    <Data>20160602</Data>
    <Mercato>MGP</Mercato>
    <Ora>22</Ora>
    <Italia>28322,489</Italia>
    <CNOR>3723,807</CNOR>
    <CSUD>5365,229</CSUD>
    <NORD>13211,683</NORD>
    <SARD>1100,289</SARD>
    <SICI>1928,034</SICI>
    <SUD>2993,447</SUD>
  </Fabbisogno>
  <Fabbisogno>
    <Data>20160602</Data>
    <Mercato>MGP</Mercato>
    <Ora>23</Ora>
    <Italia>27474,296</Italia>
    <CNOR>3775,036</CNOR>
    <CSUD>5271,305</CSUD>
    <NORD>12561,408</NORD>
    <SARD>1019,486</SARD>
    <SICI>1885,052</SICI>
    <SUD>2962,009</SUD>
  </Fabbisogno>
  <Fabbisogno>
    <Data>20160602</Data>
    <Mercato>MGP</Mercato>
    <Ora>24</Ora>
    <Italia>25574,191</Italia>
    <CNOR>3518,689</CNOR>
    <CSUD>5032,407</CSUD>
    <NORD>11447,762</NORD>
    <SARD>1114,801</SARD>
    <SICI>1716,974</SICI>
    <SUD>2743,558</SUD>
  </Fabbisogno>
</NewDataSet>