<?xml version="1.0" standalone="yes"?>
<NewDataSet>
  <xs:schema id="NewDataSet" xmlns="" xmlns:xs="http://www.w3.org/2001/XMLSchema" xmlns:msdata="urn:schemas-microsoft-com:xml-msdata">
    <xs:element name="NewDataSet" msdata:IsDataSet="true" msdata:UseCurrentLocale="true">
      <xs:complexType>
        <xs:choice minOccurs="0" maxOccurs="unbounded">
          <xs:element name="Fabbisogno">
            <xs:complexType>
              <xs:sequence>
                <xs:element name="Data" type="xs:string" minOccurs="0" />
                <xs:element name="Mercato" type="xs:string" minOccurs="0" />
                <xs:element name="Ora" type="xs:string" minOccurs="0" />
                <xs:element name="Italia" type="xs:string" minOccurs="0" />
                <xs:element name="CNOR" type="xs:string" minOccurs="0" />
                <xs:element name="CSUD" type="xs:string" minOccurs="0" />
                <xs:element name="NORD" type="xs:string" minOccurs="0" />
                <xs:element name="SARD" type="xs:string" minOccurs="0" />
                <xs:element name="SICI" type="xs:string" minOccurs="0" />
                <xs:element name="SUD" type="xs:string" minOccurs="0" />
              </xs:sequence>
            </xs:complexType>
          </xs:element>
        </xs:choice>
      </xs:complexType>
    </xs:element>
  </xs:schema>
  <Fabbisogno>
    <Data>20160616</Data>
    <Mercato>MGP</Mercato>
    <Ora>1</Ora>
    <Italia>29070,13</Italia>
    <CNOR>3987,763</CNOR>
    <CSUD>5229,781</CSUD>
    <NORD>14006,189</NORD>
    <SARD>1137,763</SARD>
    <SICI>1854,036</SICI>
    <SUD>2854,598</SUD>
  </Fabbisogno>
  <Fabbisogno>
    <Data>20160616</Data>
    <Mercato>MGP</Mercato>
    <Ora>2</Ora>
    <Italia>27406,363</Italia>
    <CNOR>3793,117</CNOR>
    <CSUD>4816,945</CSUD>
    <NORD>13351,409</NORD>
    <SARD>1035,508</SARD>
    <SICI>1723,072</SICI>
    <SUD>2686,312</SUD>
  </Fabbisogno>
  <Fabbisogno>
    <Data>20160616</Data>
    <Mercato>MGP</Mercato>
    <Ora>3</Ora>
    <Italia>26525,024</Italia>
    <CNOR>3674,106</CNOR>
    <CSUD>4597,752</CSUD>
    <NORD>13002,505</NORD>
    <SARD>1053,529</SARD>
    <SICI>1606,713</SICI>
    <SUD>2590,419</SUD>
  </Fabbisogno>
  <Fabbisogno>
    <Data>20160616</Data>
    <Mercato>MGP</Mercato>
    <Ora>4</Ora>
    <Italia>25787,687</Italia>
    <CNOR>3524,088</CNOR>
    <CSUD>4480,77</CSUD>
    <NORD>12705,055</NORD>
    <SARD>993,643</SARD>
    <SICI>1556,933</SICI>
    <SUD>2527,198</SUD>
  </Fabbisogno>
  <Fabbisogno>
    <Data>20160616</Data>
    <Mercato>MGP</Mercato>
    <Ora>5</Ora>
    <Italia>25949,799</Italia>
    <CNOR>3582,641</CNOR>
    <CSUD>4491,211</CSUD>
    <NORD>12826,599</NORD>
    <SARD>990,585</SARD>
    <SICI>1535,086</SICI>
    <SUD>2523,677</SUD>
  </Fabbisogno>
  <Fabbisogno>
    <Data>20160616</Data>
    <Mercato>MGP</Mercato>
    <Ora>6</Ora>
    <Italia>26178,058</Italia>
    <CNOR>3583,55</CNOR>
    <CSUD>4530,865</CSUD>
    <NORD>13027,482</NORD>
    <SARD>1032,089</SARD>
    <SICI>1561,545</SICI>
    <SUD>2442,527</SUD>
  </Fabbisogno>
  <Fabbisogno>
    <Data>20160616</Data>
    <Mercato>MGP</Mercato>
    <Ora>7</Ora>
    <Italia>29329,154</Italia>
    <CNOR>3893,195</CNOR>
    <CSUD>4874,518</CSUD>
    <NORD>15215,051</NORD>
    <SARD>1073,751</SARD>
    <SICI>1688,584</SICI>
    <SUD>2584,055</SUD>
  </Fabbisogno>
  <Fabbisogno>
    <Data>20160616</Data>
    <Mercato>MGP</Mercato>
    <Ora>8</Ora>
    <Italia>34708,526</Italia>
    <CNOR>4485,758</CNOR>
    <CSUD>5664,729</CSUD>
    <NORD>18500,786</NORD>
    <SARD>1189,151</SARD>
    <SICI>1956,046</SICI>
    <SUD>2912,056</SUD>
  </Fabbisogno>
  <Fabbisogno>
    <Data>20160616</Data>
    <Mercato>MGP</Mercato>
    <Ora>9</Ora>
    <Italia>39376,476</Italia>
    <CNOR>5032,89</CNOR>
    <CSUD>6325,585</CSUD>
    <NORD>21393,65</NORD>
    <SARD>1213,133</SARD>
    <SICI>2175,987</SICI>
    <SUD>3235,231</SUD>
  </Fabbisogno>
  <Fabbisogno>
    <Data>20160616</Data>
    <Mercato>MGP</Mercato>
    <Ora>10</Ora>
    <Italia>40748,883</Italia>
    <CNOR>5192,264</CNOR>
    <CSUD>6611,981</CSUD>
    <NORD>22183,865</NORD>
    <SARD>1262,528</SARD>
    <SICI>2258,962</SICI>
    <SUD>3239,283</SUD>
  </Fabbisogno>
  <Fabbisogno>
    <Data>20160616</Data>
    <Mercato>MGP</Mercato>
    <Ora>11</Ora>
    <Italia>41219,97</Italia>
    <CNOR>5023,13</CNOR>
    <CSUD>6752,667</CSUD>
    <NORD>22585,468</NORD>
    <SARD>1249,949</SARD>
    <SICI>2271,945</SICI>
    <SUD>3336,811</SUD>
  </Fabbisogno>
  <Fabbisogno>
    <Data>20160616</Data>
    <Mercato>MGP</Mercato>
    <Ora>12</Ora>
    <Italia>40349,684</Italia>
    <CNOR>4933,735</CNOR>
    <CSUD>6755,083</CSUD>
    <NORD>21897,193</NORD>
    <SARD>1205,478</SARD>
    <SICI>2259,366</SICI>
    <SUD>3298,829</SUD>
  </Fabbisogno>
  <Fabbisogno>
    <Data>20160616</Data>
    <Mercato>MGP</Mercato>
    <Ora>13</Ora>
    <Italia>37927,525</Italia>
    <CNOR>4398,156</CNOR>
    <CSUD>6401,172</CSUD>
    <NORD>20719,342</NORD>
    <SARD>1083,077</SARD>
    <SICI>2176,335</SICI>
    <SUD>3149,443</SUD>
  </Fabbisogno>
  <Fabbisogno>
    <Data>20160616</Data>
    <Mercato>MGP</Mercato>
    <Ora>14</Ora>
    <Italia>37498,835</Italia>
    <CNOR>4168,627</CNOR>
    <CSUD>6204,791</CSUD>
    <NORD>20794,973</NORD>
    <SARD>1130,421</SARD>
    <SICI>2126,949</SICI>
    <SUD>3073,074</SUD>
  </Fabbisogno>
  <Fabbisogno>
    <Data>20160616</Data>
    <Mercato>MGP</Mercato>
    <Ora>15</Ora>
    <Italia>38271,29</Italia>
    <CNOR>4406,47</CNOR>
    <CSUD>6093,933</CSUD>
    <NORD>21711,864</NORD>
    <SARD>1074,15</SARD>
    <SICI>2021,825</SICI>
    <SUD>2963,048</SUD>
  </Fabbisogno>
  <Fabbisogno>
    <Data>20160616</Data>
    <Mercato>MGP</Mercato>
    <Ora>16</Ora>
    <Italia>38724,793</Italia>
    <CNOR>4511,761</CNOR>
    <CSUD>6180,014</CSUD>
    <NORD>21907,026</NORD>
    <SARD>1058,867</SARD>
    <SICI>2048,911</SICI>
    <SUD>3018,214</SUD>
  </Fabbisogno>
  <Fabbisogno>
    <Data>20160616</Data>
    <Mercato>MGP</Mercato>
    <Ora>17</Ora>
    <Italia>39039,372</Italia>
    <CNOR>4544,613</CNOR>
    <CSUD>6434,263</CSUD>
    <NORD>21720,043</NORD>
    <SARD>1110,363</SARD>
    <SICI>2141,24</SICI>
    <SUD>3088,85</SUD>
  </Fabbisogno>
  <Fabbisogno>
    <Data>20160616</Data>
    <Mercato>MGP</Mercato>
    <Ora>18</Ora>
    <Italia>38453,42</Italia>
    <CNOR>4720,861</CNOR>
    <CSUD>6478,659</CSUD>
    <NORD>20633,488</NORD>
    <SARD>1184,452</SARD>
    <SICI>2224,977</SICI>
    <SUD>3210,983</SUD>
  </Fabbisogno>
  <Fabbisogno>
    <Data>20160616</Data>
    <Mercato>MGP</Mercato>
    <Ora>19</Ora>
    <Italia>37381,362</Italia>
    <CNOR>4720,31</CNOR>
    <CSUD>6407,026</CSUD>
    <NORD>19644,619</NORD>
    <SARD>1164,146</SARD>
    <SICI>2123,934</SICI>
    <SUD>3321,327</SUD>
  </Fabbisogno>
  <Fabbisogno>
    <Data>20160616</Data>
    <Mercato>MGP</Mercato>
    <Ora>20</Ora>
    <Italia>36315,868</Italia>
    <CNOR>4594,887</CNOR>
    <CSUD>6343,565</CSUD>
    <NORD>18813,362</NORD>
    <SARD>1195,509</SARD>
    <SICI>2086,351</SICI>
    <SUD>3282,194</SUD>
  </Fabbisogno>
  <Fabbisogno>
    <Data>20160616</Data>
    <Mercato>MGP</Mercato>
    <Ora>21</Ora>
    <Italia>36363,326</Italia>
    <CNOR>4489,618</CNOR>
    <CSUD>6407,25</CSUD>
    <NORD>18551,713</NORD>
    <SARD>1190,116</SARD>
    <SICI>2220,554</SICI>
    <SUD>3504,075</SUD>
  </Fabbisogno>
  <Fabbisogno>
    <Data>20160616</Data>
    <Mercato>MGP</Mercato>
    <Ora>22</Ora>
    <Italia>36875,921</Italia>
    <CNOR>4433,598</CNOR>
    <CSUD>6470,038</CSUD>
    <NORD>18963</NORD>
    <SARD>1267,645</SARD>
    <SICI>2210,332</SICI>
    <SUD>3531,308</SUD>
  </Fabbisogno>
  <Fabbisogno>
    <Data>20160616</Data>
    <Mercato>MGP</Mercato>
    <Ora>23</Ora>
    <Italia>34394,721</Italia>
    <CNOR>4337,174</CNOR>
    <CSUD>6006,986</CSUD>
    <NORD>17430,177</NORD>
    <SARD>1227,76</SARD>
    <SICI>2142,718</SICI>
    <SUD>3249,906</SUD>
  </Fabbisogno>
  <Fabbisogno>
    <Data>20160616</Data>
    <Mercato>MGP</Mercato>
    <Ora>24</Ora>
    <Italia>31092,998</Italia>
    <CNOR>3982,053</CNOR>
    <CSUD>5617,026</CSUD>
    <NORD>15450,033</NORD>
    <SARD>1111,182</SARD>
    <SICI>1952,073</SICI>
    <SUD>2980,631</SUD>
  </Fabbisogno>
</NewDataSet>