<?xml version="1.0" standalone="yes"?>
<NewDataSet>
  <xs:schema id="NewDataSet" xmlns="" xmlns:xs="http://www.w3.org/2001/XMLSchema" xmlns:msdata="urn:schemas-microsoft-com:xml-msdata">
    <xs:element name="NewDataSet" msdata:IsDataSet="true" msdata:UseCurrentLocale="true">
      <xs:complexType>
        <xs:choice minOccurs="0" maxOccurs="unbounded">
          <xs:element name="Fabbisogno">
            <xs:complexType>
              <xs:sequence>
                <xs:element name="Data" type="xs:string" minOccurs="0" />
                <xs:element name="Mercato" type="xs:string" minOccurs="0" />
                <xs:element name="Ora" type="xs:string" minOccurs="0" />
                <xs:element name="Italia" type="xs:string" minOccurs="0" />
                <xs:element name="CNOR" type="xs:string" minOccurs="0" />
                <xs:element name="CSUD" type="xs:string" minOccurs="0" />
                <xs:element name="NORD" type="xs:string" minOccurs="0" />
                <xs:element name="SARD" type="xs:string" minOccurs="0" />
                <xs:element name="SICI" type="xs:string" minOccurs="0" />
                <xs:element name="SUD" type="xs:string" minOccurs="0" />
              </xs:sequence>
            </xs:complexType>
          </xs:element>
        </xs:choice>
      </xs:complexType>
    </xs:element>
  </xs:schema>
  <Fabbisogno>
    <Data>20160608</Data>
    <Mercato>MGP</Mercato>
    <Ora>1</Ora>
    <Italia>27761,255</Italia>
    <CNOR>4126,677</CNOR>
    <CSUD>5160,106</CSUD>
    <NORD>12847,014</NORD>
    <SARD>1126,213</SARD>
    <SICI>1766,975</SICI>
    <SUD>2734,27</SUD>
  </Fabbisogno>
  <Fabbisogno>
    <Data>20160608</Data>
    <Mercato>MGP</Mercato>
    <Ora>2</Ora>
    <Italia>26532,816</Italia>
    <CNOR>3995,435</CNOR>
    <CSUD>4878,284</CSUD>
    <NORD>12207,572</NORD>
    <SARD>1141,606</SARD>
    <SICI>1658,032</SICI>
    <SUD>2651,887</SUD>
  </Fabbisogno>
  <Fabbisogno>
    <Data>20160608</Data>
    <Mercato>MGP</Mercato>
    <Ora>3</Ora>
    <Italia>25331,161</Italia>
    <CNOR>3808,041</CNOR>
    <CSUD>4619,276</CSUD>
    <NORD>11798,704</NORD>
    <SARD>1080,163</SARD>
    <SICI>1516,787</SICI>
    <SUD>2508,19</SUD>
  </Fabbisogno>
  <Fabbisogno>
    <Data>20160608</Data>
    <Mercato>MGP</Mercato>
    <Ora>4</Ora>
    <Italia>25011,835</Italia>
    <CNOR>3729,393</CNOR>
    <CSUD>4563,908</CSUD>
    <NORD>11675,796</NORD>
    <SARD>1041,065</SARD>
    <SICI>1509,038</SICI>
    <SUD>2492,635</SUD>
  </Fabbisogno>
  <Fabbisogno>
    <Data>20160608</Data>
    <Mercato>MGP</Mercato>
    <Ora>5</Ora>
    <Italia>25260,78</Italia>
    <CNOR>3820,839</CNOR>
    <CSUD>4585,126</CSUD>
    <NORD>11792,036</NORD>
    <SARD>1046,011</SARD>
    <SICI>1496,251</SICI>
    <SUD>2520,517</SUD>
  </Fabbisogno>
  <Fabbisogno>
    <Data>20160608</Data>
    <Mercato>MGP</Mercato>
    <Ora>6</Ora>
    <Italia>25314,625</Italia>
    <CNOR>3740,253</CNOR>
    <CSUD>4587,511</CSUD>
    <NORD>12057,963</NORD>
    <SARD>1041,061</SARD>
    <SICI>1500,264</SICI>
    <SUD>2387,573</SUD>
  </Fabbisogno>
  <Fabbisogno>
    <Data>20160608</Data>
    <Mercato>MGP</Mercato>
    <Ora>7</Ora>
    <Italia>28009,999</Italia>
    <CNOR>4015,267</CNOR>
    <CSUD>4987,33</CSUD>
    <NORD>13782,045</NORD>
    <SARD>1071,504</SARD>
    <SICI>1597,897</SICI>
    <SUD>2555,956</SUD>
  </Fabbisogno>
  <Fabbisogno>
    <Data>20160608</Data>
    <Mercato>MGP</Mercato>
    <Ora>8</Ora>
    <Italia>33255,271</Italia>
    <CNOR>4670,219</CNOR>
    <CSUD>5614,904</CSUD>
    <NORD>17089,068</NORD>
    <SARD>1163,844</SARD>
    <SICI>1830,731</SICI>
    <SUD>2886,505</SUD>
  </Fabbisogno>
  <Fabbisogno>
    <Data>20160608</Data>
    <Mercato>MGP</Mercato>
    <Ora>9</Ora>
    <Italia>38244,153</Italia>
    <CNOR>5076,393</CNOR>
    <CSUD>6268,762</CSUD>
    <NORD>20543,324</NORD>
    <SARD>1229,411</SARD>
    <SICI>2017,989</SICI>
    <SUD>3108,274</SUD>
  </Fabbisogno>
  <Fabbisogno>
    <Data>20160608</Data>
    <Mercato>MGP</Mercato>
    <Ora>10</Ora>
    <Italia>38850,487</Italia>
    <CNOR>4900,795</CNOR>
    <CSUD>6132,762</CSUD>
    <NORD>21518,204</NORD>
    <SARD>1216,337</SARD>
    <SICI>2034,526</SICI>
    <SUD>3047,863</SUD>
  </Fabbisogno>
  <Fabbisogno>
    <Data>20160608</Data>
    <Mercato>MGP</Mercato>
    <Ora>11</Ora>
    <Italia>38631,717</Italia>
    <CNOR>4722,147</CNOR>
    <CSUD>6178,297</CSUD>
    <NORD>21518,535</NORD>
    <SARD>1193,267</SARD>
    <SICI>1991,64</SICI>
    <SUD>3027,831</SUD>
  </Fabbisogno>
  <Fabbisogno>
    <Data>20160608</Data>
    <Mercato>MGP</Mercato>
    <Ora>12</Ora>
    <Italia>38541,183</Italia>
    <CNOR>4674,058</CNOR>
    <CSUD>6157,854</CSUD>
    <NORD>21624,07</NORD>
    <SARD>1161,843</SARD>
    <SICI>1941,618</SICI>
    <SUD>2981,74</SUD>
  </Fabbisogno>
  <Fabbisogno>
    <Data>20160608</Data>
    <Mercato>MGP</Mercato>
    <Ora>13</Ora>
    <Italia>37048,63</Italia>
    <CNOR>4356,719</CNOR>
    <CSUD>6325,31</CSUD>
    <NORD>20165,897</NORD>
    <SARD>1189,395</SARD>
    <SICI>1964,557</SICI>
    <SUD>3046,752</SUD>
  </Fabbisogno>
  <Fabbisogno>
    <Data>20160608</Data>
    <Mercato>MGP</Mercato>
    <Ora>14</Ora>
    <Italia>36565,322</Italia>
    <CNOR>4275,572</CNOR>
    <CSUD>6108,304</CSUD>
    <NORD>20404,766</NORD>
    <SARD>1094,094</SARD>
    <SICI>1818,856</SICI>
    <SUD>2863,73</SUD>
  </Fabbisogno>
  <Fabbisogno>
    <Data>20160608</Data>
    <Mercato>MGP</Mercato>
    <Ora>15</Ora>
    <Italia>37783,86</Italia>
    <CNOR>4486,586</CNOR>
    <CSUD>5954,99</CSUD>
    <NORD>21801,378</NORD>
    <SARD>1032,16</SARD>
    <SICI>1761,277</SICI>
    <SUD>2747,469</SUD>
  </Fabbisogno>
  <Fabbisogno>
    <Data>20160608</Data>
    <Mercato>MGP</Mercato>
    <Ora>16</Ora>
    <Italia>37814,395</Italia>
    <CNOR>4597,845</CNOR>
    <CSUD>6053,621</CSUD>
    <NORD>21542,917</NORD>
    <SARD>1036,274</SARD>
    <SICI>1788,356</SICI>
    <SUD>2795,382</SUD>
  </Fabbisogno>
  <Fabbisogno>
    <Data>20160608</Data>
    <Mercato>MGP</Mercato>
    <Ora>17</Ora>
    <Italia>38414,006</Italia>
    <CNOR>5026,242</CNOR>
    <CSUD>6607,111</CSUD>
    <NORD>20665,451</NORD>
    <SARD>1150,853</SARD>
    <SICI>1873,244</SICI>
    <SUD>3091,105</SUD>
  </Fabbisogno>
  <Fabbisogno>
    <Data>20160608</Data>
    <Mercato>MGP</Mercato>
    <Ora>18</Ora>
    <Italia>37339,174</Italia>
    <CNOR>4997,93</CNOR>
    <CSUD>6439,911</CSUD>
    <NORD>19620,569</NORD>
    <SARD>1145,974</SARD>
    <SICI>1950,775</SICI>
    <SUD>3184,015</SUD>
  </Fabbisogno>
  <Fabbisogno>
    <Data>20160608</Data>
    <Mercato>MGP</Mercato>
    <Ora>19</Ora>
    <Italia>37362,549</Italia>
    <CNOR>5180,997</CNOR>
    <CSUD>6680,058</CSUD>
    <NORD>18723,559</NORD>
    <SARD>1271,685</SARD>
    <SICI>2094,462</SICI>
    <SUD>3411,788</SUD>
  </Fabbisogno>
  <Fabbisogno>
    <Data>20160608</Data>
    <Mercato>MGP</Mercato>
    <Ora>20</Ora>
    <Italia>36289,117</Italia>
    <CNOR>5036,224</CNOR>
    <CSUD>6627,047</CSUD>
    <NORD>17875,344</NORD>
    <SARD>1284,703</SARD>
    <SICI>2102,761</SICI>
    <SUD>3363,038</SUD>
  </Fabbisogno>
  <Fabbisogno>
    <Data>20160608</Data>
    <Mercato>MGP</Mercato>
    <Ora>21</Ora>
    <Italia>36306,701</Italia>
    <CNOR>4867,132</CNOR>
    <CSUD>6664,401</CSUD>
    <NORD>17696,131</NORD>
    <SARD>1269,995</SARD>
    <SICI>2266,165</SICI>
    <SUD>3542,877</SUD>
  </Fabbisogno>
  <Fabbisogno>
    <Data>20160608</Data>
    <Mercato>MGP</Mercato>
    <Ora>22</Ora>
    <Italia>35829,557</Italia>
    <CNOR>4741,52</CNOR>
    <CSUD>6590,639</CSUD>
    <NORD>17475,664</NORD>
    <SARD>1298,847</SARD>
    <SICI>2174,504</SICI>
    <SUD>3548,383</SUD>
  </Fabbisogno>
  <Fabbisogno>
    <Data>20160608</Data>
    <Mercato>MGP</Mercato>
    <Ora>23</Ora>
    <Italia>33124,009</Italia>
    <CNOR>4617,252</CNOR>
    <CSUD>6189,433</CSUD>
    <NORD>15678,387</NORD>
    <SARD>1241,128</SARD>
    <SICI>2084,264</SICI>
    <SUD>3313,545</SUD>
  </Fabbisogno>
  <Fabbisogno>
    <Data>20160608</Data>
    <Mercato>MGP</Mercato>
    <Ora>24</Ora>
    <Italia>30539,583</Italia>
    <CNOR>4270,735</CNOR>
    <CSUD>5793,999</CSUD>
    <NORD>14313,75</NORD>
    <SARD>1231,598</SARD>
    <SICI>1901,861</SICI>
    <SUD>3027,64</SUD>
  </Fabbisogno>
</NewDataSet>