<?xml version="1.0" standalone="yes"?>
<NewDataSet>
  <xs:schema id="NewDataSet" xmlns="" xmlns:xs="http://www.w3.org/2001/XMLSchema" xmlns:msdata="urn:schemas-microsoft-com:xml-msdata">
    <xs:element name="NewDataSet" msdata:IsDataSet="true" msdata:UseCurrentLocale="true">
      <xs:complexType>
        <xs:choice minOccurs="0" maxOccurs="unbounded">
          <xs:element name="Fabbisogno">
            <xs:complexType>
              <xs:sequence>
                <xs:element name="Data" type="xs:string" minOccurs="0" />
                <xs:element name="Mercato" type="xs:string" minOccurs="0" />
                <xs:element name="Ora" type="xs:string" minOccurs="0" />
                <xs:element name="Italia" type="xs:string" minOccurs="0" />
                <xs:element name="CNOR" type="xs:string" minOccurs="0" />
                <xs:element name="CSUD" type="xs:string" minOccurs="0" />
                <xs:element name="NORD" type="xs:string" minOccurs="0" />
                <xs:element name="SARD" type="xs:string" minOccurs="0" />
                <xs:element name="SICI" type="xs:string" minOccurs="0" />
                <xs:element name="SUD" type="xs:string" minOccurs="0" />
              </xs:sequence>
            </xs:complexType>
          </xs:element>
        </xs:choice>
      </xs:complexType>
    </xs:element>
  </xs:schema>
  <Fabbisogno>
    <Data>20160622</Data>
    <Mercato>MGP</Mercato>
    <Ora>1</Ora>
    <Italia>28878,963</Italia>
    <CNOR>3462,212</CNOR>
    <CSUD>4895,398</CSUD>
    <NORD>14801,905</NORD>
    <SARD>1012,744</SARD>
    <SICI>1720,913</SICI>
    <SUD>2985,791</SUD>
  </Fabbisogno>
  <Fabbisogno>
    <Data>20160622</Data>
    <Mercato>MGP</Mercato>
    <Ora>2</Ora>
    <Italia>27502,174</Italia>
    <CNOR>3334,977</CNOR>
    <CSUD>4659,681</CSUD>
    <NORD>14094,732</NORD>
    <SARD>965,331</SARD>
    <SICI>1601,097</SICI>
    <SUD>2846,356</SUD>
  </Fabbisogno>
  <Fabbisogno>
    <Data>20160622</Data>
    <Mercato>MGP</Mercato>
    <Ora>3</Ora>
    <Italia>26382,165</Italia>
    <CNOR>3148,508</CNOR>
    <CSUD>4369,329</CSUD>
    <NORD>13709,539</NORD>
    <SARD>912,547</SARD>
    <SICI>1502,344</SICI>
    <SUD>2739,898</SUD>
  </Fabbisogno>
  <Fabbisogno>
    <Data>20160622</Data>
    <Mercato>MGP</Mercato>
    <Ora>4</Ora>
    <Italia>26041,145</Italia>
    <CNOR>3108,433</CNOR>
    <CSUD>4288,542</CSUD>
    <NORD>13555,151</NORD>
    <SARD>916,16</SARD>
    <SICI>1487,309</SICI>
    <SUD>2685,55</SUD>
  </Fabbisogno>
  <Fabbisogno>
    <Data>20160622</Data>
    <Mercato>MGP</Mercato>
    <Ora>5</Ora>
    <Italia>26294,366</Italia>
    <CNOR>3161,006</CNOR>
    <CSUD>4300,186</CSUD>
    <NORD>13791,189</NORD>
    <SARD>893,06</SARD>
    <SICI>1453,795</SICI>
    <SUD>2695,13</SUD>
  </Fabbisogno>
  <Fabbisogno>
    <Data>20160622</Data>
    <Mercato>MGP</Mercato>
    <Ora>6</Ora>
    <Italia>26367,272</Italia>
    <CNOR>3083,354</CNOR>
    <CSUD>4296,759</CSUD>
    <NORD>13994,252</NORD>
    <SARD>901,711</SARD>
    <SICI>1479,95</SICI>
    <SUD>2611,246</SUD>
  </Fabbisogno>
  <Fabbisogno>
    <Data>20160622</Data>
    <Mercato>MGP</Mercato>
    <Ora>7</Ora>
    <Italia>29875,778</Italia>
    <CNOR>3206,196</CNOR>
    <CSUD>4478,448</CSUD>
    <NORD>17112,148</NORD>
    <SARD>914,485</SARD>
    <SICI>1531,525</SICI>
    <SUD>2632,976</SUD>
  </Fabbisogno>
  <Fabbisogno>
    <Data>20160622</Data>
    <Mercato>MGP</Mercato>
    <Ora>8</Ora>
    <Italia>34774,749</Italia>
    <CNOR>3505,127</CNOR>
    <CSUD>5069,204</CSUD>
    <NORD>20353,011</NORD>
    <SARD>1095,603</SARD>
    <SICI>1796,64</SICI>
    <SUD>2955,164</SUD>
  </Fabbisogno>
  <Fabbisogno>
    <Data>20160622</Data>
    <Mercato>MGP</Mercato>
    <Ora>9</Ora>
    <Italia>39370,975</Italia>
    <CNOR>3993,991</CNOR>
    <CSUD>5731,458</CSUD>
    <NORD>23064,665</NORD>
    <SARD>1152,241</SARD>
    <SICI>1993,945</SICI>
    <SUD>3434,675</SUD>
  </Fabbisogno>
  <Fabbisogno>
    <Data>20160622</Data>
    <Mercato>MGP</Mercato>
    <Ora>10</Ora>
    <Italia>40932,793</Italia>
    <CNOR>4094,431</CNOR>
    <CSUD>6074,884</CSUD>
    <NORD>24010,907</NORD>
    <SARD>1179,336</SARD>
    <SICI>2064,832</SICI>
    <SUD>3508,403</SUD>
  </Fabbisogno>
  <Fabbisogno>
    <Data>20160622</Data>
    <Mercato>MGP</Mercato>
    <Ora>11</Ora>
    <Italia>40745,276</Italia>
    <CNOR>4055,606</CNOR>
    <CSUD>6137,777</CSUD>
    <NORD>23876,39</NORD>
    <SARD>1132,106</SARD>
    <SICI>2039,975</SICI>
    <SUD>3503,422</SUD>
  </Fabbisogno>
  <Fabbisogno>
    <Data>20160622</Data>
    <Mercato>MGP</Mercato>
    <Ora>12</Ora>
    <Italia>41407,86</Italia>
    <CNOR>3986,413</CNOR>
    <CSUD>6247,102</CSUD>
    <NORD>24401,337</NORD>
    <SARD>1156,133</SARD>
    <SICI>2080,43</SICI>
    <SUD>3536,445</SUD>
  </Fabbisogno>
  <Fabbisogno>
    <Data>20160622</Data>
    <Mercato>MGP</Mercato>
    <Ora>13</Ora>
    <Italia>39374,312</Italia>
    <CNOR>3654,822</CNOR>
    <CSUD>6132,151</CSUD>
    <NORD>22916,775</NORD>
    <SARD>1060,565</SARD>
    <SICI>2063,55</SICI>
    <SUD>3546,449</SUD>
  </Fabbisogno>
  <Fabbisogno>
    <Data>20160622</Data>
    <Mercato>MGP</Mercato>
    <Ora>14</Ora>
    <Italia>38892,127</Italia>
    <CNOR>3530,266</CNOR>
    <CSUD>5991,577</CSUD>
    <NORD>22977,086</NORD>
    <SARD>1044,68</SARD>
    <SICI>1965,331</SICI>
    <SUD>3383,187</SUD>
  </Fabbisogno>
  <Fabbisogno>
    <Data>20160622</Data>
    <Mercato>MGP</Mercato>
    <Ora>15</Ora>
    <Italia>39884,856</Italia>
    <CNOR>3721,446</CNOR>
    <CSUD>6028,87</CSUD>
    <NORD>24065,259</NORD>
    <SARD>1018,242</SARD>
    <SICI>1823,343</SICI>
    <SUD>3227,696</SUD>
  </Fabbisogno>
  <Fabbisogno>
    <Data>20160622</Data>
    <Mercato>MGP</Mercato>
    <Ora>16</Ora>
    <Italia>40268,029</Italia>
    <CNOR>3754,86</CNOR>
    <CSUD>6086,324</CSUD>
    <NORD>24311,337</NORD>
    <SARD>1014,18</SARD>
    <SICI>1828,733</SICI>
    <SUD>3272,595</SUD>
  </Fabbisogno>
  <Fabbisogno>
    <Data>20160622</Data>
    <Mercato>MGP</Mercato>
    <Ora>17</Ora>
    <Italia>40259,543</Italia>
    <CNOR>3933,084</CNOR>
    <CSUD>6125,655</CSUD>
    <NORD>24003,416</NORD>
    <SARD>1008,695</SARD>
    <SICI>1907,656</SICI>
    <SUD>3281,037</SUD>
  </Fabbisogno>
  <Fabbisogno>
    <Data>20160622</Data>
    <Mercato>MGP</Mercato>
    <Ora>18</Ora>
    <Italia>39653,983</Italia>
    <CNOR>4141,571</CNOR>
    <CSUD>6237,29</CSUD>
    <NORD>22825,08</NORD>
    <SARD>1076,006</SARD>
    <SICI>2005,152</SICI>
    <SUD>3368,884</SUD>
  </Fabbisogno>
  <Fabbisogno>
    <Data>20160622</Data>
    <Mercato>MGP</Mercato>
    <Ora>19</Ora>
    <Italia>39659,061</Italia>
    <CNOR>4346,88</CNOR>
    <CSUD>6479,397</CSUD>
    <NORD>22123,054</NORD>
    <SARD>1119,156</SARD>
    <SICI>2018,232</SICI>
    <SUD>3572,342</SUD>
  </Fabbisogno>
  <Fabbisogno>
    <Data>20160622</Data>
    <Mercato>MGP</Mercato>
    <Ora>20</Ora>
    <Italia>37981,589</Italia>
    <CNOR>4252,017</CNOR>
    <CSUD>6408,033</CSUD>
    <NORD>20548,856</NORD>
    <SARD>1160,855</SARD>
    <SICI>2022,578</SICI>
    <SUD>3589,25</SUD>
  </Fabbisogno>
  <Fabbisogno>
    <Data>20160622</Data>
    <Mercato>MGP</Mercato>
    <Ora>21</Ora>
    <Italia>37258,78</Italia>
    <CNOR>4204,967</CNOR>
    <CSUD>6436,007</CSUD>
    <NORD>19487,839</NORD>
    <SARD>1237</SARD>
    <SICI>2150,069</SICI>
    <SUD>3742,898</SUD>
  </Fabbisogno>
  <Fabbisogno>
    <Data>20160622</Data>
    <Mercato>MGP</Mercato>
    <Ora>22</Ora>
    <Italia>37025,266</Italia>
    <CNOR>4194,046</CNOR>
    <CSUD>6482,448</CSUD>
    <NORD>19279,643</NORD>
    <SARD>1257,05</SARD>
    <SICI>2127,422</SICI>
    <SUD>3684,657</SUD>
  </Fabbisogno>
  <Fabbisogno>
    <Data>20160622</Data>
    <Mercato>MGP</Mercato>
    <Ora>23</Ora>
    <Italia>34673,448</Italia>
    <CNOR>4013,568</CNOR>
    <CSUD>6002,518</CSUD>
    <NORD>17953,155</NORD>
    <SARD>1214,045</SARD>
    <SICI>2033,464</SICI>
    <SUD>3456,698</SUD>
  </Fabbisogno>
  <Fabbisogno>
    <Data>20160622</Data>
    <Mercato>MGP</Mercato>
    <Ora>24</Ora>
    <Italia>31619,793</Italia>
    <CNOR>3659,96</CNOR>
    <CSUD>5595,599</CSUD>
    <NORD>16201,405</NORD>
    <SARD>1110,69</SARD>
    <SICI>1859,513</SICI>
    <SUD>3192,626</SUD>
  </Fabbisogno>
</NewDataSet>