<?xml version="1.0" standalone="yes"?>
<NewDataSet>
  <xs:schema id="NewDataSet" xmlns="" xmlns:xs="http://www.w3.org/2001/XMLSchema" xmlns:msdata="urn:schemas-microsoft-com:xml-msdata">
    <xs:element name="NewDataSet" msdata:IsDataSet="true" msdata:MainDataTable="marketintervaldetail" msdata:UseCurrentLocale="true">
      <xs:complexType>
        <xs:choice minOccurs="0" maxOccurs="unbounded">
          <xs:element name="marketintervaldetail">
            <xs:complexType>
              <xs:sequence>
                <xs:element name="Data" type="xs:string" minOccurs="0" />
                <xs:element name="Mercato" type="xs:string" minOccurs="0" />
                <xs:element name="Ora" type="xs:string" minOccurs="0" />
                <xs:element name="Totale" type="xs:string" minOccurs="0" />
                <xs:element name="CNOR" type="xs:string" minOccurs="0" />
                <xs:element name="CSUD" type="xs:string" minOccurs="0" />
                <xs:element name="NORD" type="xs:string" minOccurs="0" />
                <xs:element name="SARD" type="xs:string" minOccurs="0" />
                <xs:element name="SICI" type="xs:string" minOccurs="0" />
                <xs:element name="SUD" type="xs:string" minOccurs="0" />
              </xs:sequence>
            </xs:complexType>
          </xs:element>
        </xs:choice>
      </xs:complexType>
    </xs:element>
  </xs:schema>
  <marketintervaldetail>
    <Data>20160428</Data>
    <Mercato>MGP</Mercato>
    <Ora>01</Ora>
    <Totale>27717</Totale>
    <CNOR>3159</CNOR>
    <CSUD>4250</CSUD>
    <NORD>15672</NORD>
    <SARD>848</SARD>
    <SICI>1595</SICI>
    <SUD>2193</SUD>
  </marketintervaldetail>
  <marketintervaldetail>
    <Data>20160428</Data>
    <Mercato>MGP</Mercato>
    <Ora>02</Ora>
    <Totale>25422</Totale>
    <CNOR>3004</CNOR>
    <CSUD>3904</CSUD>
    <NORD>14246</NORD>
    <SARD>794</SARD>
    <SICI>1470</SICI>
    <SUD>2004</SUD>
  </marketintervaldetail>
  <marketintervaldetail>
    <Data>20160428</Data>
    <Mercato>MGP</Mercato>
    <Ora>03</Ora>
    <Totale>24148</Totale>
    <CNOR>2847</CNOR>
    <CSUD>3679</CSUD>
    <NORD>13614</NORD>
    <SARD>770</SARD>
    <SICI>1350</SICI>
    <SUD>1888</SUD>
  </marketintervaldetail>
  <marketintervaldetail>
    <Data>20160428</Data>
    <Mercato>MGP</Mercato>
    <Ora>04</Ora>
    <Totale>23610</Totale>
    <CNOR>2869</CNOR>
    <CSUD>3571</CSUD>
    <NORD>13198</NORD>
    <SARD>764</SARD>
    <SICI>1340</SICI>
    <SUD>1868</SUD>
  </marketintervaldetail>
  <marketintervaldetail>
    <Data>20160428</Data>
    <Mercato>MGP</Mercato>
    <Ora>05</Ora>
    <Totale>23898</Totale>
    <CNOR>2839</CNOR>
    <CSUD>3610</CSUD>
    <NORD>13468</NORD>
    <SARD>761</SARD>
    <SICI>1349</SICI>
    <SUD>1871</SUD>
  </marketintervaldetail>
  <marketintervaldetail>
    <Data>20160428</Data>
    <Mercato>MGP</Mercato>
    <Ora>06</Ora>
    <Totale>25126</Totale>
    <CNOR>2833</CNOR>
    <CSUD>3844</CSUD>
    <NORD>14311</NORD>
    <SARD>789</SARD>
    <SICI>1431</SICI>
    <SUD>1918</SUD>
  </marketintervaldetail>
  <marketintervaldetail>
    <Data>20160428</Data>
    <Mercato>MGP</Mercato>
    <Ora>07</Ora>
    <Totale>27959</Totale>
    <CNOR>3112</CNOR>
    <CSUD>4203</CSUD>
    <NORD>16153</NORD>
    <SARD>844</SARD>
    <SICI>1615</SICI>
    <SUD>2032</SUD>
  </marketintervaldetail>
  <marketintervaldetail>
    <Data>20160428</Data>
    <Mercato>MGP</Mercato>
    <Ora>08</Ora>
    <Totale>33809</Totale>
    <CNOR>3678</CNOR>
    <CSUD>4970</CSUD>
    <NORD>19824</NORD>
    <SARD>951</SARD>
    <SICI>1925</SICI>
    <SUD>2461</SUD>
  </marketintervaldetail>
  <marketintervaldetail>
    <Data>20160428</Data>
    <Mercato>MGP</Mercato>
    <Ora>09</Ora>
    <Totale>37574</Totale>
    <CNOR>4119</CNOR>
    <CSUD>5419</CSUD>
    <NORD>22444</NORD>
    <SARD>1028</SARD>
    <SICI>1980</SICI>
    <SUD>2584</SUD>
  </marketintervaldetail>
  <marketintervaldetail>
    <Data>20160428</Data>
    <Mercato>MGP</Mercato>
    <Ora>10</Ora>
    <Totale>38790</Totale>
    <CNOR>4389</CNOR>
    <CSUD>5743</CSUD>
    <NORD>23165</NORD>
    <SARD>1023</SARD>
    <SICI>1983</SICI>
    <SUD>2487</SUD>
  </marketintervaldetail>
  <marketintervaldetail>
    <Data>20160428</Data>
    <Mercato>MGP</Mercato>
    <Ora>11</Ora>
    <Totale>38486</Totale>
    <CNOR>4383</CNOR>
    <CSUD>5679</CSUD>
    <NORD>23074</NORD>
    <SARD>990</SARD>
    <SICI>1908</SICI>
    <SUD>2452</SUD>
  </marketintervaldetail>
  <marketintervaldetail>
    <Data>20160428</Data>
    <Mercato>MGP</Mercato>
    <Ora>12</Ora>
    <Totale>37688</Totale>
    <CNOR>4069</CNOR>
    <CSUD>5577</CSUD>
    <NORD>22863</NORD>
    <SARD>973</SARD>
    <SICI>1829</SICI>
    <SUD>2377</SUD>
  </marketintervaldetail>
  <marketintervaldetail>
    <Data>20160428</Data>
    <Mercato>MGP</Mercato>
    <Ora>13</Ora>
    <Totale>34960</Totale>
    <CNOR>3724</CNOR>
    <CSUD>5513</CSUD>
    <NORD>20608</NORD>
    <SARD>936</SARD>
    <SICI>1740</SICI>
    <SUD>2439</SUD>
  </marketintervaldetail>
  <marketintervaldetail>
    <Data>20160428</Data>
    <Mercato>MGP</Mercato>
    <Ora>14</Ora>
    <Totale>34261</Totale>
    <CNOR>3507</CNOR>
    <CSUD>5467</CSUD>
    <NORD>20277</NORD>
    <SARD>913</SARD>
    <SICI>1681</SICI>
    <SUD>2416</SUD>
  </marketintervaldetail>
  <marketintervaldetail>
    <Data>20160428</Data>
    <Mercato>MGP</Mercato>
    <Ora>15</Ora>
    <Totale>35932</Totale>
    <CNOR>3654</CNOR>
    <CSUD>5692</CSUD>
    <NORD>21513</NORD>
    <SARD>911</SARD>
    <SICI>1704</SICI>
    <SUD>2458</SUD>
  </marketintervaldetail>
  <marketintervaldetail>
    <Data>20160428</Data>
    <Mercato>MGP</Mercato>
    <Ora>16</Ora>
    <Totale>36928</Totale>
    <CNOR>3863</CNOR>
    <CSUD>5753</CSUD>
    <NORD>22378</NORD>
    <SARD>901</SARD>
    <SICI>1748</SICI>
    <SUD>2285</SUD>
  </marketintervaldetail>
  <marketintervaldetail>
    <Data>20160428</Data>
    <Mercato>MGP</Mercato>
    <Ora>17</Ora>
    <Totale>37504</Totale>
    <CNOR>4201</CNOR>
    <CSUD>5949</CSUD>
    <NORD>22336</NORD>
    <SARD>891</SARD>
    <SICI>1769</SICI>
    <SUD>2358</SUD>
  </marketintervaldetail>
  <marketintervaldetail>
    <Data>20160428</Data>
    <Mercato>MGP</Mercato>
    <Ora>18</Ora>
    <Totale>36883</Totale>
    <CNOR>4235</CNOR>
    <CSUD>5919</CSUD>
    <NORD>21512</NORD>
    <SARD>886</SARD>
    <SICI>1824</SICI>
    <SUD>2507</SUD>
  </marketintervaldetail>
  <marketintervaldetail>
    <Data>20160428</Data>
    <Mercato>MGP</Mercato>
    <Ora>19</Ora>
    <Totale>36080</Totale>
    <CNOR>4210</CNOR>
    <CSUD>5778</CSUD>
    <NORD>20744</NORD>
    <SARD>895</SARD>
    <SICI>1886</SICI>
    <SUD>2567</SUD>
  </marketintervaldetail>
  <marketintervaldetail>
    <Data>20160428</Data>
    <Mercato>MGP</Mercato>
    <Ora>20</Ora>
    <Totale>36410</Totale>
    <CNOR>4252</CNOR>
    <CSUD>6017</CSUD>
    <NORD>20638</NORD>
    <SARD>924</SARD>
    <SICI>1989</SICI>
    <SUD>2590</SUD>
  </marketintervaldetail>
  <marketintervaldetail>
    <Data>20160428</Data>
    <Mercato>MGP</Mercato>
    <Ora>21</Ora>
    <Totale>37852</Totale>
    <CNOR>4332</CNOR>
    <CSUD>6457</CSUD>
    <NORD>20849</NORD>
    <SARD>996</SARD>
    <SICI>2221</SICI>
    <SUD>2997</SUD>
  </marketintervaldetail>
  <marketintervaldetail>
    <Data>20160428</Data>
    <Mercato>MGP</Mercato>
    <Ora>22</Ora>
    <Totale>37311</Totale>
    <CNOR>4257</CNOR>
    <CSUD>6255</CSUD>
    <NORD>20741</NORD>
    <SARD>1033</SARD>
    <SICI>2174</SICI>
    <SUD>2851</SUD>
  </marketintervaldetail>
  <marketintervaldetail>
    <Data>20160428</Data>
    <Mercato>MGP</Mercato>
    <Ora>23</Ora>
    <Totale>33787</Totale>
    <CNOR>3903</CNOR>
    <CSUD>5648</CSUD>
    <NORD>18749</NORD>
    <SARD>954</SARD>
    <SICI>2004</SICI>
    <SUD>2529</SUD>
  </marketintervaldetail>
  <marketintervaldetail>
    <Data>20160428</Data>
    <Mercato>MGP</Mercato>
    <Ora>24</Ora>
    <Totale>30355</Totale>
    <CNOR>3466</CNOR>
    <CSUD>5001</CSUD>
    <NORD>16908</NORD>
    <SARD>886</SARD>
    <SICI>1833</SICI>
    <SUD>2261</SUD>
  </marketintervaldetail>
</NewDataSet>