<?xml version="1.0" standalone="yes"?>
<NewDataSet>
  <xs:schema id="NewDataSet" xmlns="" xmlns:xs="http://www.w3.org/2001/XMLSchema" xmlns:msdata="urn:schemas-microsoft-com:xml-msdata">
    <xs:element name="NewDataSet" msdata:IsDataSet="true" msdata:MainDataTable="marketintervaldetail" msdata:UseCurrentLocale="true">
      <xs:complexType>
        <xs:choice minOccurs="0" maxOccurs="unbounded">
          <xs:element name="marketintervaldetail">
            <xs:complexType>
              <xs:sequence>
                <xs:element name="Data" type="xs:string" minOccurs="0" />
                <xs:element name="Mercato" type="xs:string" minOccurs="0" />
                <xs:element name="Ora" type="xs:string" minOccurs="0" />
                <xs:element name="Totale" type="xs:string" minOccurs="0" />
                <xs:element name="CNOR" type="xs:string" minOccurs="0" />
                <xs:element name="CSUD" type="xs:string" minOccurs="0" />
                <xs:element name="NORD" type="xs:string" minOccurs="0" />
                <xs:element name="SARD" type="xs:string" minOccurs="0" />
                <xs:element name="SICI" type="xs:string" minOccurs="0" />
                <xs:element name="SUD" type="xs:string" minOccurs="0" />
              </xs:sequence>
            </xs:complexType>
          </xs:element>
        </xs:choice>
      </xs:complexType>
    </xs:element>
  </xs:schema>
  <marketintervaldetail>
    <Data>20160423</Data>
    <Mercato>MGP</Mercato>
    <Ora>01</Ora>
    <Totale>25898</Totale>
    <CNOR>2935</CNOR>
    <CSUD>3994</CSUD>
    <NORD>14314</NORD>
    <SARD>815</SARD>
    <SICI>1521</SICI>
    <SUD>2319</SUD>
  </marketintervaldetail>
  <marketintervaldetail>
    <Data>20160423</Data>
    <Mercato>MGP</Mercato>
    <Ora>02</Ora>
    <Totale>23823</Totale>
    <CNOR>2703</CNOR>
    <CSUD>3617</CSUD>
    <NORD>13108</NORD>
    <SARD>770</SARD>
    <SICI>1549</SICI>
    <SUD>2076</SUD>
  </marketintervaldetail>
  <marketintervaldetail>
    <Data>20160423</Data>
    <Mercato>MGP</Mercato>
    <Ora>03</Ora>
    <Totale>22856</Totale>
    <CNOR>2554</CNOR>
    <CSUD>3222</CSUD>
    <NORD>12892</NORD>
    <SARD>756</SARD>
    <SICI>1357</SICI>
    <SUD>2075</SUD>
  </marketintervaldetail>
  <marketintervaldetail>
    <Data>20160423</Data>
    <Mercato>MGP</Mercato>
    <Ora>04</Ora>
    <Totale>22322</Totale>
    <CNOR>2541</CNOR>
    <CSUD>3158</CSUD>
    <NORD>12489</NORD>
    <SARD>748</SARD>
    <SICI>1303</SICI>
    <SUD>2083</SUD>
  </marketintervaldetail>
  <marketintervaldetail>
    <Data>20160423</Data>
    <Mercato>MGP</Mercato>
    <Ora>05</Ora>
    <Totale>22165</Totale>
    <CNOR>2496</CNOR>
    <CSUD>3125</CSUD>
    <NORD>12455</NORD>
    <SARD>744</SARD>
    <SICI>1341</SICI>
    <SUD>2004</SUD>
  </marketintervaldetail>
  <marketintervaldetail>
    <Data>20160423</Data>
    <Mercato>MGP</Mercato>
    <Ora>06</Ora>
    <Totale>22309</Totale>
    <CNOR>2481</CNOR>
    <CSUD>3302</CSUD>
    <NORD>12306</NORD>
    <SARD>755</SARD>
    <SICI>1417</SICI>
    <SUD>2048</SUD>
  </marketintervaldetail>
  <marketintervaldetail>
    <Data>20160423</Data>
    <Mercato>MGP</Mercato>
    <Ora>07</Ora>
    <Totale>23040</Totale>
    <CNOR>2548</CNOR>
    <CSUD>3438</CSUD>
    <NORD>12768</NORD>
    <SARD>805</SARD>
    <SICI>1483</SICI>
    <SUD>1998</SUD>
  </marketintervaldetail>
  <marketintervaldetail>
    <Data>20160423</Data>
    <Mercato>MGP</Mercato>
    <Ora>08</Ora>
    <Totale>24974</Totale>
    <CNOR>2767</CNOR>
    <CSUD>3843</CSUD>
    <NORD>13742</NORD>
    <SARD>859</SARD>
    <SICI>1559</SICI>
    <SUD>2204</SUD>
  </marketintervaldetail>
  <marketintervaldetail>
    <Data>20160423</Data>
    <Mercato>MGP</Mercato>
    <Ora>09</Ora>
    <Totale>28008</Totale>
    <CNOR>3116</CNOR>
    <CSUD>4454</CSUD>
    <NORD>15323</NORD>
    <SARD>916</SARD>
    <SICI>1828</SICI>
    <SUD>2371</SUD>
  </marketintervaldetail>
  <marketintervaldetail>
    <Data>20160423</Data>
    <Mercato>MGP</Mercato>
    <Ora>10</Ora>
    <Totale>30191</Totale>
    <CNOR>3256</CNOR>
    <CSUD>4866</CSUD>
    <NORD>16609</NORD>
    <SARD>936</SARD>
    <SICI>2025</SICI>
    <SUD>2499</SUD>
  </marketintervaldetail>
  <marketintervaldetail>
    <Data>20160423</Data>
    <Mercato>MGP</Mercato>
    <Ora>11</Ora>
    <Totale>30109</Totale>
    <CNOR>3334</CNOR>
    <CSUD>4931</CSUD>
    <NORD>16430</NORD>
    <SARD>954</SARD>
    <SICI>1954</SICI>
    <SUD>2506</SUD>
  </marketintervaldetail>
  <marketintervaldetail>
    <Data>20160423</Data>
    <Mercato>MGP</Mercato>
    <Ora>12</Ora>
    <Totale>29040</Totale>
    <CNOR>2922</CNOR>
    <CSUD>4873</CSUD>
    <NORD>15999</NORD>
    <SARD>914</SARD>
    <SICI>1862</SICI>
    <SUD>2470</SUD>
  </marketintervaldetail>
  <marketintervaldetail>
    <Data>20160423</Data>
    <Mercato>MGP</Mercato>
    <Ora>13</Ora>
    <Totale>27329</Totale>
    <CNOR>2615</CNOR>
    <CSUD>4857</CSUD>
    <NORD>14821</NORD>
    <SARD>859</SARD>
    <SICI>1813</SICI>
    <SUD>2364</SUD>
  </marketintervaldetail>
  <marketintervaldetail>
    <Data>20160423</Data>
    <Mercato>MGP</Mercato>
    <Ora>14</Ora>
    <Totale>25601</Totale>
    <CNOR>2329</CNOR>
    <CSUD>4610</CSUD>
    <NORD>13914</NORD>
    <SARD>829</SARD>
    <SICI>1715</SICI>
    <SUD>2204</SUD>
  </marketintervaldetail>
  <marketintervaldetail>
    <Data>20160423</Data>
    <Mercato>MGP</Mercato>
    <Ora>15</Ora>
    <Totale>24983</Totale>
    <CNOR>2427</CNOR>
    <CSUD>4547</CSUD>
    <NORD>13411</NORD>
    <SARD>793</SARD>
    <SICI>1687</SICI>
    <SUD>2118</SUD>
  </marketintervaldetail>
  <marketintervaldetail>
    <Data>20160423</Data>
    <Mercato>MGP</Mercato>
    <Ora>16</Ora>
    <Totale>25552</Totale>
    <CNOR>2720</CNOR>
    <CSUD>4480</CSUD>
    <NORD>13738</NORD>
    <SARD>794</SARD>
    <SICI>1718</SICI>
    <SUD>2102</SUD>
  </marketintervaldetail>
  <marketintervaldetail>
    <Data>20160423</Data>
    <Mercato>MGP</Mercato>
    <Ora>17</Ora>
    <Totale>26199</Totale>
    <CNOR>2911</CNOR>
    <CSUD>4594</CSUD>
    <NORD>13770</NORD>
    <SARD>814</SARD>
    <SICI>1781</SICI>
    <SUD>2329</SUD>
  </marketintervaldetail>
  <marketintervaldetail>
    <Data>20160423</Data>
    <Mercato>MGP</Mercato>
    <Ora>18</Ora>
    <Totale>26974</Totale>
    <CNOR>2961</CNOR>
    <CSUD>4724</CSUD>
    <NORD>14075</NORD>
    <SARD>846</SARD>
    <SICI>1862</SICI>
    <SUD>2506</SUD>
  </marketintervaldetail>
  <marketintervaldetail>
    <Data>20160423</Data>
    <Mercato>MGP</Mercato>
    <Ora>19</Ora>
    <Totale>27740</Totale>
    <CNOR>3010</CNOR>
    <CSUD>4716</CSUD>
    <NORD>14703</NORD>
    <SARD>883</SARD>
    <SICI>1871</SICI>
    <SUD>2557</SUD>
  </marketintervaldetail>
  <marketintervaldetail>
    <Data>20160423</Data>
    <Mercato>MGP</Mercato>
    <Ora>20</Ora>
    <Totale>29183</Totale>
    <CNOR>3296</CNOR>
    <CSUD>4974</CSUD>
    <NORD>15310</NORD>
    <SARD>921</SARD>
    <SICI>1984</SICI>
    <SUD>2698</SUD>
  </marketintervaldetail>
  <marketintervaldetail>
    <Data>20160423</Data>
    <Mercato>MGP</Mercato>
    <Ora>21</Ora>
    <Totale>30510</Totale>
    <CNOR>3411</CNOR>
    <CSUD>5321</CSUD>
    <NORD>15670</NORD>
    <SARD>992</SARD>
    <SICI>2164</SICI>
    <SUD>2952</SUD>
  </marketintervaldetail>
  <marketintervaldetail>
    <Data>20160423</Data>
    <Mercato>MGP</Mercato>
    <Ora>22</Ora>
    <Totale>29213</Totale>
    <CNOR>3140</CNOR>
    <CSUD>5061</CSUD>
    <NORD>15275</NORD>
    <SARD>990</SARD>
    <SICI>2019</SICI>
    <SUD>2728</SUD>
  </marketintervaldetail>
  <marketintervaldetail>
    <Data>20160423</Data>
    <Mercato>MGP</Mercato>
    <Ora>23</Ora>
    <Totale>26765</Totale>
    <CNOR>2911</CNOR>
    <CSUD>4566</CSUD>
    <NORD>13933</NORD>
    <SARD>927</SARD>
    <SICI>1891</SICI>
    <SUD>2537</SUD>
  </marketintervaldetail>
  <marketintervaldetail>
    <Data>20160423</Data>
    <Mercato>MGP</Mercato>
    <Ora>24</Ora>
    <Totale>24713</Totale>
    <CNOR>2754</CNOR>
    <CSUD>4266</CSUD>
    <NORD>12715</NORD>
    <SARD>880</SARD>
    <SICI>1727</SICI>
    <SUD>2371</SUD>
  </marketintervaldetail>
</NewDataSet>