<?xml version="1.0" standalone="yes"?>
<NewDataSet>
  <xs:schema id="NewDataSet" xmlns="" xmlns:xs="http://www.w3.org/2001/XMLSchema" xmlns:msdata="urn:schemas-microsoft-com:xml-msdata">
    <xs:element name="NewDataSet" msdata:IsDataSet="true" msdata:MainDataTable="marketintervaldetail" msdata:UseCurrentLocale="true">
      <xs:complexType>
        <xs:choice minOccurs="0" maxOccurs="unbounded">
          <xs:element name="marketintervaldetail">
            <xs:complexType>
              <xs:sequence>
                <xs:element name="Data" type="xs:string" minOccurs="0" />
                <xs:element name="Mercato" type="xs:string" minOccurs="0" />
                <xs:element name="Ora" type="xs:string" minOccurs="0" />
                <xs:element name="Totale" type="xs:string" minOccurs="0" />
                <xs:element name="CNOR" type="xs:string" minOccurs="0" />
                <xs:element name="CSUD" type="xs:string" minOccurs="0" />
                <xs:element name="NORD" type="xs:string" minOccurs="0" />
                <xs:element name="SARD" type="xs:string" minOccurs="0" />
                <xs:element name="SICI" type="xs:string" minOccurs="0" />
                <xs:element name="SUD" type="xs:string" minOccurs="0" />
              </xs:sequence>
            </xs:complexType>
          </xs:element>
        </xs:choice>
      </xs:complexType>
    </xs:element>
  </xs:schema>
  <marketintervaldetail>
    <Data>20160422</Data>
    <Mercato>MGP</Mercato>
    <Ora>01</Ora>
    <Totale>25879</Totale>
    <CNOR>2876</CNOR>
    <CSUD>4013</CSUD>
    <NORD>14428</NORD>
    <SARD>825</SARD>
    <SICI>1564</SICI>
    <SUD>2173</SUD>
  </marketintervaldetail>
  <marketintervaldetail>
    <Data>20160422</Data>
    <Mercato>MGP</Mercato>
    <Ora>02</Ora>
    <Totale>24103</Totale>
    <CNOR>2651</CNOR>
    <CSUD>3655</CSUD>
    <NORD>13538</NORD>
    <SARD>780</SARD>
    <SICI>1423</SICI>
    <SUD>2056</SUD>
  </marketintervaldetail>
  <marketintervaldetail>
    <Data>20160422</Data>
    <Mercato>MGP</Mercato>
    <Ora>03</Ora>
    <Totale>23531</Totale>
    <CNOR>2590</CNOR>
    <CSUD>3547</CSUD>
    <NORD>13274</NORD>
    <SARD>741</SARD>
    <SICI>1364</SICI>
    <SUD>2015</SUD>
  </marketintervaldetail>
  <marketintervaldetail>
    <Data>20160422</Data>
    <Mercato>MGP</Mercato>
    <Ora>04</Ora>
    <Totale>23063</Totale>
    <CNOR>2484</CNOR>
    <CSUD>3466</CSUD>
    <NORD>13022</NORD>
    <SARD>747</SARD>
    <SICI>1348</SICI>
    <SUD>1996</SUD>
  </marketintervaldetail>
  <marketintervaldetail>
    <Data>20160422</Data>
    <Mercato>MGP</Mercato>
    <Ora>05</Ora>
    <Totale>23331</Totale>
    <CNOR>2585</CNOR>
    <CSUD>3455</CSUD>
    <NORD>13166</NORD>
    <SARD>757</SARD>
    <SICI>1340</SICI>
    <SUD>2028</SUD>
  </marketintervaldetail>
  <marketintervaldetail>
    <Data>20160422</Data>
    <Mercato>MGP</Mercato>
    <Ora>06</Ora>
    <Totale>24387</Totale>
    <CNOR>2593</CNOR>
    <CSUD>3633</CSUD>
    <NORD>13932</NORD>
    <SARD>773</SARD>
    <SICI>1389</SICI>
    <SUD>2067</SUD>
  </marketintervaldetail>
  <marketintervaldetail>
    <Data>20160422</Data>
    <Mercato>MGP</Mercato>
    <Ora>07</Ora>
    <Totale>27087</Totale>
    <CNOR>2931</CNOR>
    <CSUD>3927</CSUD>
    <NORD>15876</NORD>
    <SARD>821</SARD>
    <SICI>1445</SICI>
    <SUD>2087</SUD>
  </marketintervaldetail>
  <marketintervaldetail>
    <Data>20160422</Data>
    <Mercato>MGP</Mercato>
    <Ora>08</Ora>
    <Totale>31102</Totale>
    <CNOR>3375</CNOR>
    <CSUD>4423</CSUD>
    <NORD>18517</NORD>
    <SARD>898</SARD>
    <SICI>1578</SICI>
    <SUD>2311</SUD>
  </marketintervaldetail>
  <marketintervaldetail>
    <Data>20160422</Data>
    <Mercato>MGP</Mercato>
    <Ora>09</Ora>
    <Totale>35926</Totale>
    <CNOR>4145</CNOR>
    <CSUD>5155</CSUD>
    <NORD>21120</NORD>
    <SARD>971</SARD>
    <SICI>1853</SICI>
    <SUD>2682</SUD>
  </marketintervaldetail>
  <marketintervaldetail>
    <Data>20160422</Data>
    <Mercato>MGP</Mercato>
    <Ora>10</Ora>
    <Totale>37788</Totale>
    <CNOR>4433</CNOR>
    <CSUD>5722</CSUD>
    <NORD>21894</NORD>
    <SARD>1035</SARD>
    <SICI>2016</SICI>
    <SUD>2688</SUD>
  </marketintervaldetail>
  <marketintervaldetail>
    <Data>20160422</Data>
    <Mercato>MGP</Mercato>
    <Ora>11</Ora>
    <Totale>37236</Totale>
    <CNOR>4337</CNOR>
    <CSUD>5714</CSUD>
    <NORD>21488</NORD>
    <SARD>1023</SARD>
    <SICI>2011</SICI>
    <SUD>2663</SUD>
  </marketintervaldetail>
  <marketintervaldetail>
    <Data>20160422</Data>
    <Mercato>MGP</Mercato>
    <Ora>12</Ora>
    <Totale>36653</Totale>
    <CNOR>4115</CNOR>
    <CSUD>5554</CSUD>
    <NORD>21385</NORD>
    <SARD>1021</SARD>
    <SICI>1950</SICI>
    <SUD>2628</SUD>
  </marketintervaldetail>
  <marketintervaldetail>
    <Data>20160422</Data>
    <Mercato>MGP</Mercato>
    <Ora>13</Ora>
    <Totale>35182</Totale>
    <CNOR>3910</CNOR>
    <CSUD>5521</CSUD>
    <NORD>20326</NORD>
    <SARD>981</SARD>
    <SICI>1922</SICI>
    <SUD>2522</SUD>
  </marketintervaldetail>
  <marketintervaldetail>
    <Data>20160422</Data>
    <Mercato>MGP</Mercato>
    <Ora>14</Ora>
    <Totale>33674</Totale>
    <CNOR>3840</CNOR>
    <CSUD>5357</CSUD>
    <NORD>19397</NORD>
    <SARD>928</SARD>
    <SICI>1801</SICI>
    <SUD>2351</SUD>
  </marketintervaldetail>
  <marketintervaldetail>
    <Data>20160422</Data>
    <Mercato>MGP</Mercato>
    <Ora>15</Ora>
    <Totale>34345</Totale>
    <CNOR>3930</CNOR>
    <CSUD>5295</CSUD>
    <NORD>20385</NORD>
    <SARD>901</SARD>
    <SICI>1760</SICI>
    <SUD>2074</SUD>
  </marketintervaldetail>
  <marketintervaldetail>
    <Data>20160422</Data>
    <Mercato>MGP</Mercato>
    <Ora>16</Ora>
    <Totale>34421</Totale>
    <CNOR>3875</CNOR>
    <CSUD>5478</CSUD>
    <NORD>20235</NORD>
    <SARD>897</SARD>
    <SICI>1800</SICI>
    <SUD>2136</SUD>
  </marketintervaldetail>
  <marketintervaldetail>
    <Data>20160422</Data>
    <Mercato>MGP</Mercato>
    <Ora>17</Ora>
    <Totale>34200</Totale>
    <CNOR>3987</CNOR>
    <CSUD>5355</CSUD>
    <NORD>19789</NORD>
    <SARD>922</SARD>
    <SICI>1839</SICI>
    <SUD>2308</SUD>
  </marketintervaldetail>
  <marketintervaldetail>
    <Data>20160422</Data>
    <Mercato>MGP</Mercato>
    <Ora>18</Ora>
    <Totale>33249</Totale>
    <CNOR>3835</CNOR>
    <CSUD>5188</CSUD>
    <NORD>18940</NORD>
    <SARD>960</SARD>
    <SICI>1884</SICI>
    <SUD>2442</SUD>
  </marketintervaldetail>
  <marketintervaldetail>
    <Data>20160422</Data>
    <Mercato>MGP</Mercato>
    <Ora>19</Ora>
    <Totale>33004</Totale>
    <CNOR>3785</CNOR>
    <CSUD>5165</CSUD>
    <NORD>18661</NORD>
    <SARD>965</SARD>
    <SICI>1879</SICI>
    <SUD>2549</SUD>
  </marketintervaldetail>
  <marketintervaldetail>
    <Data>20160422</Data>
    <Mercato>MGP</Mercato>
    <Ora>20</Ora>
    <Totale>33727</Totale>
    <CNOR>3845</CNOR>
    <CSUD>5410</CSUD>
    <NORD>18795</NORD>
    <SARD>1034</SARD>
    <SICI>2026</SICI>
    <SUD>2617</SUD>
  </marketintervaldetail>
  <marketintervaldetail>
    <Data>20160422</Data>
    <Mercato>MGP</Mercato>
    <Ora>21</Ora>
    <Totale>34698</Totale>
    <CNOR>3874</CNOR>
    <CSUD>5771</CSUD>
    <NORD>18776</NORD>
    <SARD>1089</SARD>
    <SICI>2159</SICI>
    <SUD>3029</SUD>
  </marketintervaldetail>
  <marketintervaldetail>
    <Data>20160422</Data>
    <Mercato>MGP</Mercato>
    <Ora>22</Ora>
    <Totale>33195</Totale>
    <CNOR>3775</CNOR>
    <CSUD>5431</CSUD>
    <NORD>18079</NORD>
    <SARD>1052</SARD>
    <SICI>2036</SICI>
    <SUD>2822</SUD>
  </marketintervaldetail>
  <marketintervaldetail>
    <Data>20160422</Data>
    <Mercato>MGP</Mercato>
    <Ora>23</Ora>
    <Totale>30219</Totale>
    <CNOR>3403</CNOR>
    <CSUD>4959</CSUD>
    <NORD>16243</NORD>
    <SARD>995</SARD>
    <SICI>1925</SICI>
    <SUD>2694</SUD>
  </marketintervaldetail>
  <marketintervaldetail>
    <Data>20160422</Data>
    <Mercato>MGP</Mercato>
    <Ora>24</Ora>
    <Totale>27451</Totale>
    <CNOR>3123</CNOR>
    <CSUD>4477</CSUD>
    <NORD>14687</NORD>
    <SARD>941</SARD>
    <SICI>1724</SICI>
    <SUD>2499</SUD>
  </marketintervaldetail>
</NewDataSet>