<?xml version="1.0" standalone="yes"?>
<NewDataSet>
  <xs:schema id="NewDataSet" xmlns="" xmlns:xs="http://www.w3.org/2001/XMLSchema" xmlns:msdata="urn:schemas-microsoft-com:xml-msdata">
    <xs:element name="NewDataSet" msdata:IsDataSet="true" msdata:MainDataTable="marketintervaldetail" msdata:UseCurrentLocale="true">
      <xs:complexType>
        <xs:choice minOccurs="0" maxOccurs="unbounded">
          <xs:element name="marketintervaldetail">
            <xs:complexType>
              <xs:sequence>
                <xs:element name="Data" type="xs:string" minOccurs="0" />
                <xs:element name="Mercato" type="xs:string" minOccurs="0" />
                <xs:element name="Ora" type="xs:string" minOccurs="0" />
                <xs:element name="Totale" type="xs:string" minOccurs="0" />
                <xs:element name="CNOR" type="xs:string" minOccurs="0" />
                <xs:element name="CSUD" type="xs:string" minOccurs="0" />
                <xs:element name="NORD" type="xs:string" minOccurs="0" />
                <xs:element name="SARD" type="xs:string" minOccurs="0" />
                <xs:element name="SICI" type="xs:string" minOccurs="0" />
                <xs:element name="SUD" type="xs:string" minOccurs="0" />
              </xs:sequence>
            </xs:complexType>
          </xs:element>
        </xs:choice>
      </xs:complexType>
    </xs:element>
  </xs:schema>
  <marketintervaldetail>
    <Data>20160410</Data>
    <Mercato>MGP</Mercato>
    <Ora>01</Ora>
    <Totale>23504</Totale>
    <CNOR>2582</CNOR>
    <CSUD>3990</CSUD>
    <NORD>12449</NORD>
    <SARD>808</SARD>
    <SICI>1694</SICI>
    <SUD>1981</SUD>
  </marketintervaldetail>
  <marketintervaldetail>
    <Data>20160410</Data>
    <Mercato>MGP</Mercato>
    <Ora>02</Ora>
    <Totale>21657</Totale>
    <CNOR>2363</CNOR>
    <CSUD>3608</CSUD>
    <NORD>11503</NORD>
    <SARD>755</SARD>
    <SICI>1554</SICI>
    <SUD>1874</SUD>
  </marketintervaldetail>
  <marketintervaldetail>
    <Data>20160410</Data>
    <Mercato>MGP</Mercato>
    <Ora>03</Ora>
    <Totale>20523</Totale>
    <CNOR>2250</CNOR>
    <CSUD>3390</CSUD>
    <NORD>10922</NORD>
    <SARD>726</SARD>
    <SICI>1462</SICI>
    <SUD>1773</SUD>
  </marketintervaldetail>
  <marketintervaldetail>
    <Data>20160410</Data>
    <Mercato>MGP</Mercato>
    <Ora>04</Ora>
    <Totale>20121</Totale>
    <CNOR>2187</CNOR>
    <CSUD>3282</CSUD>
    <NORD>10830</NORD>
    <SARD>719</SARD>
    <SICI>1393</SICI>
    <SUD>1710</SUD>
  </marketintervaldetail>
  <marketintervaldetail>
    <Data>20160410</Data>
    <Mercato>MGP</Mercato>
    <Ora>05</Ora>
    <Totale>19905</Totale>
    <CNOR>2213</CNOR>
    <CSUD>3231</CSUD>
    <NORD>10716</NORD>
    <SARD>711</SARD>
    <SICI>1338</SICI>
    <SUD>1696</SUD>
  </marketintervaldetail>
  <marketintervaldetail>
    <Data>20160410</Data>
    <Mercato>MGP</Mercato>
    <Ora>06</Ora>
    <Totale>20050</Totale>
    <CNOR>2235</CNOR>
    <CSUD>3196</CSUD>
    <NORD>10783</NORD>
    <SARD>699</SARD>
    <SICI>1363</SICI>
    <SUD>1774</SUD>
  </marketintervaldetail>
  <marketintervaldetail>
    <Data>20160410</Data>
    <Mercato>MGP</Mercato>
    <Ora>07</Ora>
    <Totale>20572</Totale>
    <CNOR>2328</CNOR>
    <CSUD>3220</CSUD>
    <NORD>11150</NORD>
    <SARD>741</SARD>
    <SICI>1375</SICI>
    <SUD>1758</SUD>
  </marketintervaldetail>
  <marketintervaldetail>
    <Data>20160410</Data>
    <Mercato>MGP</Mercato>
    <Ora>08</Ora>
    <Totale>20819</Totale>
    <CNOR>2340</CNOR>
    <CSUD>3292</CSUD>
    <NORD>11133</NORD>
    <SARD>763</SARD>
    <SICI>1420</SICI>
    <SUD>1871</SUD>
  </marketintervaldetail>
  <marketintervaldetail>
    <Data>20160410</Data>
    <Mercato>MGP</Mercato>
    <Ora>09</Ora>
    <Totale>23180</Totale>
    <CNOR>2549</CNOR>
    <CSUD>3923</CSUD>
    <NORD>12147</NORD>
    <SARD>846</SARD>
    <SICI>1627</SICI>
    <SUD>2088</SUD>
  </marketintervaldetail>
  <marketintervaldetail>
    <Data>20160410</Data>
    <Mercato>MGP</Mercato>
    <Ora>10</Ora>
    <Totale>25061</Totale>
    <CNOR>2768</CNOR>
    <CSUD>4418</CSUD>
    <NORD>13035</NORD>
    <SARD>889</SARD>
    <SICI>1736</SICI>
    <SUD>2215</SUD>
  </marketintervaldetail>
  <marketintervaldetail>
    <Data>20160410</Data>
    <Mercato>MGP</Mercato>
    <Ora>11</Ora>
    <Totale>26077</Totale>
    <CNOR>2932</CNOR>
    <CSUD>4574</CSUD>
    <NORD>13493</NORD>
    <SARD>899</SARD>
    <SICI>1836</SICI>
    <SUD>2343</SUD>
  </marketintervaldetail>
  <marketintervaldetail>
    <Data>20160410</Data>
    <Mercato>MGP</Mercato>
    <Ora>12</Ora>
    <Totale>26024</Totale>
    <CNOR>2882</CNOR>
    <CSUD>4651</CSUD>
    <NORD>13530</NORD>
    <SARD>897</SARD>
    <SICI>1753</SICI>
    <SUD>2311</SUD>
  </marketintervaldetail>
  <marketintervaldetail>
    <Data>20160410</Data>
    <Mercato>MGP</Mercato>
    <Ora>13</Ora>
    <Totale>25770</Totale>
    <CNOR>2839</CNOR>
    <CSUD>4828</CSUD>
    <NORD>13167</NORD>
    <SARD>853</SARD>
    <SICI>1735</SICI>
    <SUD>2348</SUD>
  </marketintervaldetail>
  <marketintervaldetail>
    <Data>20160410</Data>
    <Mercato>MGP</Mercato>
    <Ora>14</Ora>
    <Totale>23918</Totale>
    <CNOR>2650</CNOR>
    <CSUD>4567</CSUD>
    <NORD>12283</NORD>
    <SARD>788</SARD>
    <SICI>1620</SICI>
    <SUD>2010</SUD>
  </marketintervaldetail>
  <marketintervaldetail>
    <Data>20160410</Data>
    <Mercato>MGP</Mercato>
    <Ora>15</Ora>
    <Totale>22729</Totale>
    <CNOR>2360</CNOR>
    <CSUD>4363</CSUD>
    <NORD>11784</NORD>
    <SARD>757</SARD>
    <SICI>1514</SICI>
    <SUD>1951</SUD>
  </marketintervaldetail>
  <marketintervaldetail>
    <Data>20160410</Data>
    <Mercato>MGP</Mercato>
    <Ora>16</Ora>
    <Totale>22863</Totale>
    <CNOR>2546</CNOR>
    <CSUD>4356</CSUD>
    <NORD>11778</NORD>
    <SARD>767</SARD>
    <SICI>1550</SICI>
    <SUD>1866</SUD>
  </marketintervaldetail>
  <marketintervaldetail>
    <Data>20160410</Data>
    <Mercato>MGP</Mercato>
    <Ora>17</Ora>
    <Totale>23112</Totale>
    <CNOR>2684</CNOR>
    <CSUD>4359</CSUD>
    <NORD>11755</NORD>
    <SARD>789</SARD>
    <SICI>1586</SICI>
    <SUD>1939</SUD>
  </marketintervaldetail>
  <marketintervaldetail>
    <Data>20160410</Data>
    <Mercato>MGP</Mercato>
    <Ora>18</Ora>
    <Totale>23727</Totale>
    <CNOR>2734</CNOR>
    <CSUD>4308</CSUD>
    <NORD>12166</NORD>
    <SARD>797</SARD>
    <SICI>1649</SICI>
    <SUD>2073</SUD>
  </marketintervaldetail>
  <marketintervaldetail>
    <Data>20160410</Data>
    <Mercato>MGP</Mercato>
    <Ora>19</Ora>
    <Totale>24863</Totale>
    <CNOR>2783</CNOR>
    <CSUD>4447</CSUD>
    <NORD>13055</NORD>
    <SARD>790</SARD>
    <SICI>1676</SICI>
    <SUD>2112</SUD>
  </marketintervaldetail>
  <marketintervaldetail>
    <Data>20160410</Data>
    <Mercato>MGP</Mercato>
    <Ora>20</Ora>
    <Totale>27199</Totale>
    <CNOR>3067</CNOR>
    <CSUD>4792</CSUD>
    <NORD>14351</NORD>
    <SARD>841</SARD>
    <SICI>1846</SICI>
    <SUD>2302</SUD>
  </marketintervaldetail>
  <marketintervaldetail>
    <Data>20160410</Data>
    <Mercato>MGP</Mercato>
    <Ora>21</Ora>
    <Totale>30044</Totale>
    <CNOR>3410</CNOR>
    <CSUD>5359</CSUD>
    <NORD>15508</NORD>
    <SARD>991</SARD>
    <SICI>2179</SICI>
    <SUD>2597</SUD>
  </marketintervaldetail>
  <marketintervaldetail>
    <Data>20160410</Data>
    <Mercato>MGP</Mercato>
    <Ora>22</Ora>
    <Totale>29514</Totale>
    <CNOR>3315</CNOR>
    <CSUD>5232</CSUD>
    <NORD>15343</NORD>
    <SARD>1004</SARD>
    <SICI>2146</SICI>
    <SUD>2474</SUD>
  </marketintervaldetail>
  <marketintervaldetail>
    <Data>20160410</Data>
    <Mercato>MGP</Mercato>
    <Ora>23</Ora>
    <Totale>27457</Totale>
    <CNOR>3099</CNOR>
    <CSUD>4908</CSUD>
    <NORD>14219</NORD>
    <SARD>941</SARD>
    <SICI>2008</SICI>
    <SUD>2282</SUD>
  </marketintervaldetail>
  <marketintervaldetail>
    <Data>20160410</Data>
    <Mercato>MGP</Mercato>
    <Ora>24</Ora>
    <Totale>24696</Totale>
    <CNOR>2772</CNOR>
    <CSUD>4408</CSUD>
    <NORD>12836</NORD>
    <SARD>868</SARD>
    <SICI>1824</SICI>
    <SUD>1988</SUD>
  </marketintervaldetail>
</NewDataSet>