<?xml version="1.0" standalone="yes"?>
<NewDataSet>
  <xs:schema id="NewDataSet" xmlns="" xmlns:xs="http://www.w3.org/2001/XMLSchema" xmlns:msdata="urn:schemas-microsoft-com:xml-msdata">
    <xs:element name="NewDataSet" msdata:IsDataSet="true" msdata:MainDataTable="marketintervaldetail" msdata:UseCurrentLocale="true">
      <xs:complexType>
        <xs:choice minOccurs="0" maxOccurs="unbounded">
          <xs:element name="marketintervaldetail">
            <xs:complexType>
              <xs:sequence>
                <xs:element name="Data" type="xs:string" minOccurs="0" />
                <xs:element name="Mercato" type="xs:string" minOccurs="0" />
                <xs:element name="Ora" type="xs:string" minOccurs="0" />
                <xs:element name="Totale" type="xs:string" minOccurs="0" />
                <xs:element name="CNOR" type="xs:string" minOccurs="0" />
                <xs:element name="CSUD" type="xs:string" minOccurs="0" />
                <xs:element name="NORD" type="xs:string" minOccurs="0" />
                <xs:element name="SARD" type="xs:string" minOccurs="0" />
                <xs:element name="SICI" type="xs:string" minOccurs="0" />
                <xs:element name="SUD" type="xs:string" minOccurs="0" />
              </xs:sequence>
            </xs:complexType>
          </xs:element>
        </xs:choice>
      </xs:complexType>
    </xs:element>
  </xs:schema>
  <marketintervaldetail>
    <Data>20160416</Data>
    <Mercato>MGP</Mercato>
    <Ora>01</Ora>
    <Totale>26328</Totale>
    <CNOR>2947</CNOR>
    <CSUD>3998</CSUD>
    <NORD>14624</NORD>
    <SARD>812</SARD>
    <SICI>1681</SICI>
    <SUD>2266</SUD>
  </marketintervaldetail>
  <marketintervaldetail>
    <Data>20160416</Data>
    <Mercato>MGP</Mercato>
    <Ora>02</Ora>
    <Totale>24421</Totale>
    <CNOR>2737</CNOR>
    <CSUD>3637</CSUD>
    <NORD>13611</NORD>
    <SARD>768</SARD>
    <SICI>1527</SICI>
    <SUD>2141</SUD>
  </marketintervaldetail>
  <marketintervaldetail>
    <Data>20160416</Data>
    <Mercato>MGP</Mercato>
    <Ora>03</Ora>
    <Totale>23210</Totale>
    <CNOR>2531</CNOR>
    <CSUD>3425</CSUD>
    <NORD>12993</NORD>
    <SARD>745</SARD>
    <SICI>1451</SICI>
    <SUD>2065</SUD>
  </marketintervaldetail>
  <marketintervaldetail>
    <Data>20160416</Data>
    <Mercato>MGP</Mercato>
    <Ora>04</Ora>
    <Totale>22558</Totale>
    <CNOR>2425</CNOR>
    <CSUD>3297</CSUD>
    <NORD>12664</NORD>
    <SARD>736</SARD>
    <SICI>1405</SICI>
    <SUD>2031</SUD>
  </marketintervaldetail>
  <marketintervaldetail>
    <Data>20160416</Data>
    <Mercato>MGP</Mercato>
    <Ora>05</Ora>
    <Totale>22351</Totale>
    <CNOR>2422</CNOR>
    <CSUD>3256</CSUD>
    <NORD>12550</NORD>
    <SARD>738</SARD>
    <SICI>1396</SICI>
    <SUD>1989</SUD>
  </marketintervaldetail>
  <marketintervaldetail>
    <Data>20160416</Data>
    <Mercato>MGP</Mercato>
    <Ora>06</Ora>
    <Totale>22622</Totale>
    <CNOR>2428</CNOR>
    <CSUD>3360</CSUD>
    <NORD>12637</NORD>
    <SARD>749</SARD>
    <SICI>1420</SICI>
    <SUD>2028</SUD>
  </marketintervaldetail>
  <marketintervaldetail>
    <Data>20160416</Data>
    <Mercato>MGP</Mercato>
    <Ora>07</Ora>
    <Totale>23413</Totale>
    <CNOR>2546</CNOR>
    <CSUD>3532</CSUD>
    <NORD>13084</NORD>
    <SARD>781</SARD>
    <SICI>1468</SICI>
    <SUD>2002</SUD>
  </marketintervaldetail>
  <marketintervaldetail>
    <Data>20160416</Data>
    <Mercato>MGP</Mercato>
    <Ora>08</Ora>
    <Totale>25598</Totale>
    <CNOR>2840</CNOR>
    <CSUD>3882</CSUD>
    <NORD>14225</NORD>
    <SARD>845</SARD>
    <SICI>1631</SICI>
    <SUD>2175</SUD>
  </marketintervaldetail>
  <marketintervaldetail>
    <Data>20160416</Data>
    <Mercato>MGP</Mercato>
    <Ora>09</Ora>
    <Totale>28705</Totale>
    <CNOR>3264</CNOR>
    <CSUD>4426</CSUD>
    <NORD>15791</NORD>
    <SARD>929</SARD>
    <SICI>1870</SICI>
    <SUD>2425</SUD>
  </marketintervaldetail>
  <marketintervaldetail>
    <Data>20160416</Data>
    <Mercato>MGP</Mercato>
    <Ora>10</Ora>
    <Totale>30072</Totale>
    <CNOR>3448</CNOR>
    <CSUD>4811</CSUD>
    <NORD>16420</NORD>
    <SARD>946</SARD>
    <SICI>2007</SICI>
    <SUD>2440</SUD>
  </marketintervaldetail>
  <marketintervaldetail>
    <Data>20160416</Data>
    <Mercato>MGP</Mercato>
    <Ora>11</Ora>
    <Totale>29906</Totale>
    <CNOR>3414</CNOR>
    <CSUD>4907</CSUD>
    <NORD>16392</NORD>
    <SARD>951</SARD>
    <SICI>1986</SICI>
    <SUD>2256</SUD>
  </marketintervaldetail>
  <marketintervaldetail>
    <Data>20160416</Data>
    <Mercato>MGP</Mercato>
    <Ora>12</Ora>
    <Totale>29135</Totale>
    <CNOR>3022</CNOR>
    <CSUD>4746</CSUD>
    <NORD>16265</NORD>
    <SARD>919</SARD>
    <SICI>1935</SICI>
    <SUD>2248</SUD>
  </marketintervaldetail>
  <marketintervaldetail>
    <Data>20160416</Data>
    <Mercato>MGP</Mercato>
    <Ora>13</Ora>
    <Totale>27371</Totale>
    <CNOR>2680</CNOR>
    <CSUD>4740</CSUD>
    <NORD>15007</NORD>
    <SARD>891</SARD>
    <SICI>1954</SICI>
    <SUD>2099</SUD>
  </marketintervaldetail>
  <marketintervaldetail>
    <Data>20160416</Data>
    <Mercato>MGP</Mercato>
    <Ora>14</Ora>
    <Totale>26150</Totale>
    <CNOR>2654</CNOR>
    <CSUD>4773</CSUD>
    <NORD>14016</NORD>
    <SARD>876</SARD>
    <SICI>1891</SICI>
    <SUD>1940</SUD>
  </marketintervaldetail>
  <marketintervaldetail>
    <Data>20160416</Data>
    <Mercato>MGP</Mercato>
    <Ora>15</Ora>
    <Totale>25956</Totale>
    <CNOR>2883</CNOR>
    <CSUD>4583</CSUD>
    <NORD>13813</NORD>
    <SARD>816</SARD>
    <SICI>1816</SICI>
    <SUD>2045</SUD>
  </marketintervaldetail>
  <marketintervaldetail>
    <Data>20160416</Data>
    <Mercato>MGP</Mercato>
    <Ora>16</Ora>
    <Totale>26046</Totale>
    <CNOR>3153</CNOR>
    <CSUD>4670</CSUD>
    <NORD>13487</NORD>
    <SARD>832</SARD>
    <SICI>1794</SICI>
    <SUD>2110</SUD>
  </marketintervaldetail>
  <marketintervaldetail>
    <Data>20160416</Data>
    <Mercato>MGP</Mercato>
    <Ora>17</Ora>
    <Totale>26070</Totale>
    <CNOR>3203</CNOR>
    <CSUD>4514</CSUD>
    <NORD>13362</NORD>
    <SARD>852</SARD>
    <SICI>1825</SICI>
    <SUD>2314</SUD>
  </marketintervaldetail>
  <marketintervaldetail>
    <Data>20160416</Data>
    <Mercato>MGP</Mercato>
    <Ora>18</Ora>
    <Totale>26919</Totale>
    <CNOR>3173</CNOR>
    <CSUD>4748</CSUD>
    <NORD>13670</NORD>
    <SARD>937</SARD>
    <SICI>1873</SICI>
    <SUD>2518</SUD>
  </marketintervaldetail>
  <marketintervaldetail>
    <Data>20160416</Data>
    <Mercato>MGP</Mercato>
    <Ora>19</Ora>
    <Totale>27899</Totale>
    <CNOR>3165</CNOR>
    <CSUD>4774</CSUD>
    <NORD>14433</NORD>
    <SARD>1000</SARD>
    <SICI>1946</SICI>
    <SUD>2581</SUD>
  </marketintervaldetail>
  <marketintervaldetail>
    <Data>20160416</Data>
    <Mercato>MGP</Mercato>
    <Ora>20</Ora>
    <Totale>29758</Totale>
    <CNOR>3323</CNOR>
    <CSUD>5185</CSUD>
    <NORD>15340</NORD>
    <SARD>1032</SARD>
    <SICI>2147</SICI>
    <SUD>2731</SUD>
  </marketintervaldetail>
  <marketintervaldetail>
    <Data>20160416</Data>
    <Mercato>MGP</Mercato>
    <Ora>21</Ora>
    <Totale>31628</Totale>
    <CNOR>3484</CNOR>
    <CSUD>5517</CSUD>
    <NORD>16205</NORD>
    <SARD>1106</SARD>
    <SICI>2284</SICI>
    <SUD>3032</SUD>
  </marketintervaldetail>
  <marketintervaldetail>
    <Data>20160416</Data>
    <Mercato>MGP</Mercato>
    <Ora>22</Ora>
    <Totale>29862</Totale>
    <CNOR>3256</CNOR>
    <CSUD>5154</CSUD>
    <NORD>15480</NORD>
    <SARD>1064</SARD>
    <SICI>2142</SICI>
    <SUD>2766</SUD>
  </marketintervaldetail>
  <marketintervaldetail>
    <Data>20160416</Data>
    <Mercato>MGP</Mercato>
    <Ora>23</Ora>
    <Totale>27506</Totale>
    <CNOR>3010</CNOR>
    <CSUD>4729</CSUD>
    <NORD>14269</NORD>
    <SARD>987</SARD>
    <SICI>1978</SICI>
    <SUD>2533</SUD>
  </marketintervaldetail>
  <marketintervaldetail>
    <Data>20160416</Data>
    <Mercato>MGP</Mercato>
    <Ora>24</Ora>
    <Totale>25138</Totale>
    <CNOR>2771</CNOR>
    <CSUD>4265</CSUD>
    <NORD>13070</NORD>
    <SARD>922</SARD>
    <SICI>1776</SICI>
    <SUD>2334</SUD>
  </marketintervaldetail>
</NewDataSet>