<?xml version="1.0" standalone="yes"?>
<NewDataSet>
  <xs:schema id="NewDataSet" xmlns="" xmlns:xs="http://www.w3.org/2001/XMLSchema" xmlns:msdata="urn:schemas-microsoft-com:xml-msdata">
    <xs:element name="NewDataSet" msdata:IsDataSet="true" msdata:MainDataTable="marketintervaldetail" msdata:UseCurrentLocale="true">
      <xs:complexType>
        <xs:choice minOccurs="0" maxOccurs="unbounded">
          <xs:element name="marketintervaldetail">
            <xs:complexType>
              <xs:sequence>
                <xs:element name="Data" type="xs:string" minOccurs="0" />
                <xs:element name="Mercato" type="xs:string" minOccurs="0" />
                <xs:element name="Ora" type="xs:string" minOccurs="0" />
                <xs:element name="Totale" type="xs:string" minOccurs="0" />
                <xs:element name="CNOR" type="xs:string" minOccurs="0" />
                <xs:element name="CSUD" type="xs:string" minOccurs="0" />
                <xs:element name="NORD" type="xs:string" minOccurs="0" />
                <xs:element name="SARD" type="xs:string" minOccurs="0" />
                <xs:element name="SICI" type="xs:string" minOccurs="0" />
                <xs:element name="SUD" type="xs:string" minOccurs="0" />
              </xs:sequence>
            </xs:complexType>
          </xs:element>
        </xs:choice>
      </xs:complexType>
    </xs:element>
  </xs:schema>
  <marketintervaldetail>
    <Data>20160412</Data>
    <Mercato>MGP</Mercato>
    <Ora>01</Ora>
    <Totale>25620</Totale>
    <CNOR>2822</CNOR>
    <CSUD>3969</CSUD>
    <NORD>14416</NORD>
    <SARD>785</SARD>
    <SICI>1653</SICI>
    <SUD>1975</SUD>
  </marketintervaldetail>
  <marketintervaldetail>
    <Data>20160412</Data>
    <Mercato>MGP</Mercato>
    <Ora>02</Ora>
    <Totale>23917</Totale>
    <CNOR>2617</CNOR>
    <CSUD>3632</CSUD>
    <NORD>13564</NORD>
    <SARD>742</SARD>
    <SICI>1513</SICI>
    <SUD>1849</SUD>
  </marketintervaldetail>
  <marketintervaldetail>
    <Data>20160412</Data>
    <Mercato>MGP</Mercato>
    <Ora>03</Ora>
    <Totale>23066</Totale>
    <CNOR>2503</CNOR>
    <CSUD>3498</CSUD>
    <NORD>13165</NORD>
    <SARD>714</SARD>
    <SICI>1441</SICI>
    <SUD>1745</SUD>
  </marketintervaldetail>
  <marketintervaldetail>
    <Data>20160412</Data>
    <Mercato>MGP</Mercato>
    <Ora>04</Ora>
    <Totale>22871</Totale>
    <CNOR>2480</CNOR>
    <CSUD>3452</CSUD>
    <NORD>13120</NORD>
    <SARD>710</SARD>
    <SICI>1382</SICI>
    <SUD>1727</SUD>
  </marketintervaldetail>
  <marketintervaldetail>
    <Data>20160412</Data>
    <Mercato>MGP</Mercato>
    <Ora>05</Ora>
    <Totale>23087</Totale>
    <CNOR>2554</CNOR>
    <CSUD>3475</CSUD>
    <NORD>13253</NORD>
    <SARD>706</SARD>
    <SICI>1350</SICI>
    <SUD>1749</SUD>
  </marketintervaldetail>
  <marketintervaldetail>
    <Data>20160412</Data>
    <Mercato>MGP</Mercato>
    <Ora>06</Ora>
    <Totale>24272</Totale>
    <CNOR>2700</CNOR>
    <CSUD>3574</CSUD>
    <NORD>13962</NORD>
    <SARD>709</SARD>
    <SICI>1429</SICI>
    <SUD>1898</SUD>
  </marketintervaldetail>
  <marketintervaldetail>
    <Data>20160412</Data>
    <Mercato>MGP</Mercato>
    <Ora>07</Ora>
    <Totale>28086</Totale>
    <CNOR>3090</CNOR>
    <CSUD>3937</CSUD>
    <NORD>16590</NORD>
    <SARD>802</SARD>
    <SICI>1599</SICI>
    <SUD>2068</SUD>
  </marketintervaldetail>
  <marketintervaldetail>
    <Data>20160412</Data>
    <Mercato>MGP</Mercato>
    <Ora>08</Ora>
    <Totale>32613</Totale>
    <CNOR>3538</CNOR>
    <CSUD>4557</CSUD>
    <NORD>19368</NORD>
    <SARD>908</SARD>
    <SICI>1816</SICI>
    <SUD>2426</SUD>
  </marketintervaldetail>
  <marketintervaldetail>
    <Data>20160412</Data>
    <Mercato>MGP</Mercato>
    <Ora>09</Ora>
    <Totale>37623</Totale>
    <CNOR>4185</CNOR>
    <CSUD>5337</CSUD>
    <NORD>22468</NORD>
    <SARD>979</SARD>
    <SICI>1985</SICI>
    <SUD>2669</SUD>
  </marketintervaldetail>
  <marketintervaldetail>
    <Data>20160412</Data>
    <Mercato>MGP</Mercato>
    <Ora>10</Ora>
    <Totale>39081</Totale>
    <CNOR>4419</CNOR>
    <CSUD>5678</CSUD>
    <NORD>23423</NORD>
    <SARD>986</SARD>
    <SICI>1951</SICI>
    <SUD>2624</SUD>
  </marketintervaldetail>
  <marketintervaldetail>
    <Data>20160412</Data>
    <Mercato>MGP</Mercato>
    <Ora>11</Ora>
    <Totale>39063</Totale>
    <CNOR>4558</CNOR>
    <CSUD>5696</CSUD>
    <NORD>23359</NORD>
    <SARD>961</SARD>
    <SICI>1934</SICI>
    <SUD>2555</SUD>
  </marketintervaldetail>
  <marketintervaldetail>
    <Data>20160412</Data>
    <Mercato>MGP</Mercato>
    <Ora>12</Ora>
    <Totale>38581</Totale>
    <CNOR>4423</CNOR>
    <CSUD>5740</CSUD>
    <NORD>23026</NORD>
    <SARD>941</SARD>
    <SICI>1871</SICI>
    <SUD>2580</SUD>
  </marketintervaldetail>
  <marketintervaldetail>
    <Data>20160412</Data>
    <Mercato>MGP</Mercato>
    <Ora>13</Ora>
    <Totale>36351</Totale>
    <CNOR>4146</CNOR>
    <CSUD>5866</CSUD>
    <NORD>21146</NORD>
    <SARD>898</SARD>
    <SICI>1831</SICI>
    <SUD>2464</SUD>
  </marketintervaldetail>
  <marketintervaldetail>
    <Data>20160412</Data>
    <Mercato>MGP</Mercato>
    <Ora>14</Ora>
    <Totale>35004</Totale>
    <CNOR>3889</CNOR>
    <CSUD>5591</CSUD>
    <NORD>20869</NORD>
    <SARD>837</SARD>
    <SICI>1777</SICI>
    <SUD>2041</SUD>
  </marketintervaldetail>
  <marketintervaldetail>
    <Data>20160412</Data>
    <Mercato>MGP</Mercato>
    <Ora>15</Ora>
    <Totale>36231</Totale>
    <CNOR>4056</CNOR>
    <CSUD>5507</CSUD>
    <NORD>21903</NORD>
    <SARD>858</SARD>
    <SICI>1783</SICI>
    <SUD>2124</SUD>
  </marketintervaldetail>
  <marketintervaldetail>
    <Data>20160412</Data>
    <Mercato>MGP</Mercato>
    <Ora>16</Ora>
    <Totale>37059</Totale>
    <CNOR>4311</CNOR>
    <CSUD>5513</CSUD>
    <NORD>22357</NORD>
    <SARD>857</SARD>
    <SICI>1726</SICI>
    <SUD>2295</SUD>
  </marketintervaldetail>
  <marketintervaldetail>
    <Data>20160412</Data>
    <Mercato>MGP</Mercato>
    <Ora>17</Ora>
    <Totale>37348</Totale>
    <CNOR>4446</CNOR>
    <CSUD>5521</CSUD>
    <NORD>22171</NORD>
    <SARD>853</SARD>
    <SICI>1772</SICI>
    <SUD>2585</SUD>
  </marketintervaldetail>
  <marketintervaldetail>
    <Data>20160412</Data>
    <Mercato>MGP</Mercato>
    <Ora>18</Ora>
    <Totale>37075</Totale>
    <CNOR>4332</CNOR>
    <CSUD>5619</CSUD>
    <NORD>21580</NORD>
    <SARD>893</SARD>
    <SICI>1791</SICI>
    <SUD>2860</SUD>
  </marketintervaldetail>
  <marketintervaldetail>
    <Data>20160412</Data>
    <Mercato>MGP</Mercato>
    <Ora>19</Ora>
    <Totale>36229</Totale>
    <CNOR>4251</CNOR>
    <CSUD>5690</CSUD>
    <NORD>20756</NORD>
    <SARD>929</SARD>
    <SICI>1846</SICI>
    <SUD>2757</SUD>
  </marketintervaldetail>
  <marketintervaldetail>
    <Data>20160412</Data>
    <Mercato>MGP</Mercato>
    <Ora>20</Ora>
    <Totale>37355</Totale>
    <CNOR>4261</CNOR>
    <CSUD>6012</CSUD>
    <NORD>21017</NORD>
    <SARD>972</SARD>
    <SICI>2070</SICI>
    <SUD>3023</SUD>
  </marketintervaldetail>
  <marketintervaldetail>
    <Data>20160412</Data>
    <Mercato>MGP</Mercato>
    <Ora>21</Ora>
    <Totale>38712</Totale>
    <CNOR>4328</CNOR>
    <CSUD>6235</CSUD>
    <NORD>21485</NORD>
    <SARD>1060</SARD>
    <SICI>2327</SICI>
    <SUD>3277</SUD>
  </marketintervaldetail>
  <marketintervaldetail>
    <Data>20160412</Data>
    <Mercato>MGP</Mercato>
    <Ora>22</Ora>
    <Totale>36707</Totale>
    <CNOR>4111</CNOR>
    <CSUD>5784</CSUD>
    <NORD>20545</NORD>
    <SARD>1027</SARD>
    <SICI>2226</SICI>
    <SUD>3014</SUD>
  </marketintervaldetail>
  <marketintervaldetail>
    <Data>20160412</Data>
    <Mercato>MGP</Mercato>
    <Ora>23</Ora>
    <Totale>33179</Totale>
    <CNOR>3734</CNOR>
    <CSUD>5178</CSUD>
    <NORD>18472</NORD>
    <SARD>948</SARD>
    <SICI>2060</SICI>
    <SUD>2787</SUD>
  </marketintervaldetail>
  <marketintervaldetail>
    <Data>20160412</Data>
    <Mercato>MGP</Mercato>
    <Ora>24</Ora>
    <Totale>29678</Totale>
    <CNOR>3366</CNOR>
    <CSUD>4607</CSUD>
    <NORD>16590</NORD>
    <SARD>864</SARD>
    <SICI>1821</SICI>
    <SUD>2430</SUD>
  </marketintervaldetail>
</NewDataSet>