<?xml version="1.0" standalone="yes"?>
<NewDataSet>
  <xs:schema id="NewDataSet" xmlns="" xmlns:xs="http://www.w3.org/2001/XMLSchema" xmlns:msdata="urn:schemas-microsoft-com:xml-msdata">
    <xs:element name="NewDataSet" msdata:IsDataSet="true" msdata:MainDataTable="marketintervaldetail" msdata:UseCurrentLocale="true">
      <xs:complexType>
        <xs:choice minOccurs="0" maxOccurs="unbounded">
          <xs:element name="marketintervaldetail">
            <xs:complexType>
              <xs:sequence>
                <xs:element name="Data" type="xs:string" minOccurs="0" />
                <xs:element name="Mercato" type="xs:string" minOccurs="0" />
                <xs:element name="Ora" type="xs:string" minOccurs="0" />
                <xs:element name="Totale" type="xs:string" minOccurs="0" />
                <xs:element name="CNOR" type="xs:string" minOccurs="0" />
                <xs:element name="CSUD" type="xs:string" minOccurs="0" />
                <xs:element name="NORD" type="xs:string" minOccurs="0" />
                <xs:element name="SARD" type="xs:string" minOccurs="0" />
                <xs:element name="SICI" type="xs:string" minOccurs="0" />
                <xs:element name="SUD" type="xs:string" minOccurs="0" />
              </xs:sequence>
            </xs:complexType>
          </xs:element>
        </xs:choice>
      </xs:complexType>
    </xs:element>
  </xs:schema>
  <marketintervaldetail>
    <Data>20160405</Data>
    <Mercato>MGP</Mercato>
    <Ora>01</Ora>
    <Totale>27228</Totale>
    <CNOR>3145</CNOR>
    <CSUD>4269</CSUD>
    <NORD>15253</NORD>
    <SARD>801</SARD>
    <SICI>1584</SICI>
    <SUD>2176</SUD>
  </marketintervaldetail>
  <marketintervaldetail>
    <Data>20160405</Data>
    <Mercato>MGP</Mercato>
    <Ora>02</Ora>
    <Totale>25343</Totale>
    <CNOR>2942</CNOR>
    <CSUD>3924</CSUD>
    <NORD>14297</NORD>
    <SARD>749</SARD>
    <SICI>1439</SICI>
    <SUD>1992</SUD>
  </marketintervaldetail>
  <marketintervaldetail>
    <Data>20160405</Data>
    <Mercato>MGP</Mercato>
    <Ora>03</Ora>
    <Totale>24203</Totale>
    <CNOR>2772</CNOR>
    <CSUD>3693</CSUD>
    <NORD>13745</NORD>
    <SARD>728</SARD>
    <SICI>1353</SICI>
    <SUD>1912</SUD>
  </marketintervaldetail>
  <marketintervaldetail>
    <Data>20160405</Data>
    <Mercato>MGP</Mercato>
    <Ora>04</Ora>
    <Totale>23588</Totale>
    <CNOR>2655</CNOR>
    <CSUD>3593</CSUD>
    <NORD>13409</NORD>
    <SARD>723</SARD>
    <SICI>1317</SICI>
    <SUD>1891</SUD>
  </marketintervaldetail>
  <marketintervaldetail>
    <Data>20160405</Data>
    <Mercato>MGP</Mercato>
    <Ora>05</Ora>
    <Totale>23620</Totale>
    <CNOR>2675</CNOR>
    <CSUD>3602</CSUD>
    <NORD>13431</NORD>
    <SARD>718</SARD>
    <SICI>1321</SICI>
    <SUD>1873</SUD>
  </marketintervaldetail>
  <marketintervaldetail>
    <Data>20160405</Data>
    <Mercato>MGP</Mercato>
    <Ora>06</Ora>
    <Totale>24949</Totale>
    <CNOR>2798</CNOR>
    <CSUD>3841</CSUD>
    <NORD>14262</NORD>
    <SARD>742</SARD>
    <SICI>1370</SICI>
    <SUD>1936</SUD>
  </marketintervaldetail>
  <marketintervaldetail>
    <Data>20160405</Data>
    <Mercato>MGP</Mercato>
    <Ora>07</Ora>
    <Totale>28955</Totale>
    <CNOR>3254</CNOR>
    <CSUD>4377</CSUD>
    <NORD>16818</NORD>
    <SARD>826</SARD>
    <SICI>1543</SICI>
    <SUD>2137</SUD>
  </marketintervaldetail>
  <marketintervaldetail>
    <Data>20160405</Data>
    <Mercato>MGP</Mercato>
    <Ora>08</Ora>
    <Totale>33685</Totale>
    <CNOR>3740</CNOR>
    <CSUD>4973</CSUD>
    <NORD>19875</NORD>
    <SARD>925</SARD>
    <SICI>1778</SICI>
    <SUD>2394</SUD>
  </marketintervaldetail>
  <marketintervaldetail>
    <Data>20160405</Data>
    <Mercato>MGP</Mercato>
    <Ora>09</Ora>
    <Totale>38722</Totale>
    <CNOR>4495</CNOR>
    <CSUD>5501</CSUD>
    <NORD>23070</NORD>
    <SARD>997</SARD>
    <SICI>1963</SICI>
    <SUD>2696</SUD>
  </marketintervaldetail>
  <marketintervaldetail>
    <Data>20160405</Data>
    <Mercato>MGP</Mercato>
    <Ora>10</Ora>
    <Totale>40822</Totale>
    <CNOR>4950</CNOR>
    <CSUD>5787</CSUD>
    <NORD>24231</NORD>
    <SARD>1003</SARD>
    <SICI>2045</SICI>
    <SUD>2806</SUD>
  </marketintervaldetail>
  <marketintervaldetail>
    <Data>20160405</Data>
    <Mercato>MGP</Mercato>
    <Ora>11</Ora>
    <Totale>41275</Totale>
    <CNOR>5293</CNOR>
    <CSUD>5889</CSUD>
    <NORD>24444</NORD>
    <SARD>973</SARD>
    <SICI>1928</SICI>
    <SUD>2748</SUD>
  </marketintervaldetail>
  <marketintervaldetail>
    <Data>20160405</Data>
    <Mercato>MGP</Mercato>
    <Ora>12</Ora>
    <Totale>40705</Totale>
    <CNOR>5000</CNOR>
    <CSUD>5877</CSUD>
    <NORD>24203</NORD>
    <SARD>967</SARD>
    <SICI>1886</SICI>
    <SUD>2772</SUD>
  </marketintervaldetail>
  <marketintervaldetail>
    <Data>20160405</Data>
    <Mercato>MGP</Mercato>
    <Ora>13</Ora>
    <Totale>37555</Totale>
    <CNOR>4510</CNOR>
    <CSUD>5770</CSUD>
    <NORD>21838</NORD>
    <SARD>979</SARD>
    <SICI>1815</SICI>
    <SUD>2643</SUD>
  </marketintervaldetail>
  <marketintervaldetail>
    <Data>20160405</Data>
    <Mercato>MGP</Mercato>
    <Ora>14</Ora>
    <Totale>36302</Totale>
    <CNOR>4202</CNOR>
    <CSUD>5558</CSUD>
    <NORD>21312</NORD>
    <SARD>933</SARD>
    <SICI>1768</SICI>
    <SUD>2529</SUD>
  </marketintervaldetail>
  <marketintervaldetail>
    <Data>20160405</Data>
    <Mercato>MGP</Mercato>
    <Ora>15</Ora>
    <Totale>37217</Totale>
    <CNOR>4427</CNOR>
    <CSUD>5598</CSUD>
    <NORD>22303</NORD>
    <SARD>938</SARD>
    <SICI>1674</SICI>
    <SUD>2277</SUD>
  </marketintervaldetail>
  <marketintervaldetail>
    <Data>20160405</Data>
    <Mercato>MGP</Mercato>
    <Ora>16</Ora>
    <Totale>38115</Totale>
    <CNOR>4683</CNOR>
    <CSUD>5802</CSUD>
    <NORD>22518</NORD>
    <SARD>940</SARD>
    <SICI>1743</SICI>
    <SUD>2429</SUD>
  </marketintervaldetail>
  <marketintervaldetail>
    <Data>20160405</Data>
    <Mercato>MGP</Mercato>
    <Ora>17</Ora>
    <Totale>38003</Totale>
    <CNOR>4687</CNOR>
    <CSUD>5642</CSUD>
    <NORD>22281</NORD>
    <SARD>932</SARD>
    <SICI>1884</SICI>
    <SUD>2577</SUD>
  </marketintervaldetail>
  <marketintervaldetail>
    <Data>20160405</Data>
    <Mercato>MGP</Mercato>
    <Ora>18</Ora>
    <Totale>37107</Totale>
    <CNOR>4426</CNOR>
    <CSUD>5618</CSUD>
    <NORD>21574</NORD>
    <SARD>955</SARD>
    <SICI>1898</SICI>
    <SUD>2636</SUD>
  </marketintervaldetail>
  <marketintervaldetail>
    <Data>20160405</Data>
    <Mercato>MGP</Mercato>
    <Ora>19</Ora>
    <Totale>36374</Totale>
    <CNOR>4145</CNOR>
    <CSUD>5618</CSUD>
    <NORD>21045</NORD>
    <SARD>998</SARD>
    <SICI>1911</SICI>
    <SUD>2657</SUD>
  </marketintervaldetail>
  <marketintervaldetail>
    <Data>20160405</Data>
    <Mercato>MGP</Mercato>
    <Ora>20</Ora>
    <Totale>38064</Totale>
    <CNOR>4164</CNOR>
    <CSUD>6083</CSUD>
    <NORD>21692</NORD>
    <SARD>1054</SARD>
    <SICI>2082</SICI>
    <SUD>2989</SUD>
  </marketintervaldetail>
  <marketintervaldetail>
    <Data>20160405</Data>
    <Mercato>MGP</Mercato>
    <Ora>21</Ora>
    <Totale>39424</Totale>
    <CNOR>4266</CNOR>
    <CSUD>6267</CSUD>
    <NORD>22298</NORD>
    <SARD>1097</SARD>
    <SICI>2279</SICI>
    <SUD>3217</SUD>
  </marketintervaldetail>
  <marketintervaldetail>
    <Data>20160405</Data>
    <Mercato>MGP</Mercato>
    <Ora>22</Ora>
    <Totale>36768</Totale>
    <CNOR>4054</CNOR>
    <CSUD>5802</CSUD>
    <NORD>20768</NORD>
    <SARD>1038</SARD>
    <SICI>2137</SICI>
    <SUD>2969</SUD>
  </marketintervaldetail>
  <marketintervaldetail>
    <Data>20160405</Data>
    <Mercato>MGP</Mercato>
    <Ora>23</Ora>
    <Totale>33005</Totale>
    <CNOR>3727</CNOR>
    <CSUD>5238</CSUD>
    <NORD>18404</NORD>
    <SARD>949</SARD>
    <SICI>1989</SICI>
    <SUD>2698</SUD>
  </marketintervaldetail>
  <marketintervaldetail>
    <Data>20160405</Data>
    <Mercato>MGP</Mercato>
    <Ora>24</Ora>
    <Totale>29482</Totale>
    <CNOR>3329</CNOR>
    <CSUD>4677</CSUD>
    <NORD>16407</NORD>
    <SARD>910</SARD>
    <SICI>1777</SICI>
    <SUD>2382</SUD>
  </marketintervaldetail>
</NewDataSet>