<?xml version="1.0" standalone="yes"?>
<NewDataSet>
  <xs:schema id="NewDataSet" xmlns="" xmlns:xs="http://www.w3.org/2001/XMLSchema" xmlns:msdata="urn:schemas-microsoft-com:xml-msdata">
    <xs:element name="NewDataSet" msdata:IsDataSet="true" msdata:UseCurrentLocale="true">
      <xs:complexType>
        <xs:choice minOccurs="0" maxOccurs="unbounded">
          <xs:element name="Fabbisogno">
            <xs:complexType>
              <xs:sequence>
                <xs:element name="Data" type="xs:string" minOccurs="0" />
                <xs:element name="Mercato" type="xs:string" minOccurs="0" />
                <xs:element name="Ora" type="xs:string" minOccurs="0" />
                <xs:element name="Italia" type="xs:string" minOccurs="0" />
                <xs:element name="CNOR" type="xs:string" minOccurs="0" />
                <xs:element name="CSUD" type="xs:string" minOccurs="0" />
                <xs:element name="NORD" type="xs:string" minOccurs="0" />
                <xs:element name="SARD" type="xs:string" minOccurs="0" />
                <xs:element name="SICI" type="xs:string" minOccurs="0" />
                <xs:element name="SUD" type="xs:string" minOccurs="0" />
              </xs:sequence>
            </xs:complexType>
          </xs:element>
        </xs:choice>
      </xs:complexType>
    </xs:element>
  </xs:schema>
  <Fabbisogno>
    <Data>20150926</Data>
    <Mercato>MGP</Mercato>
    <Ora>1</Ora>
    <Italia>27145,549</Italia>
    <CNOR>3192,596</CNOR>
    <CSUD>5079,992</CSUD>
    <NORD>13104,257</NORD>
    <SARD>978,44</SARD>
    <SICI>1408,544</SICI>
    <SUD>3381,72</SUD>
  </Fabbisogno>
  <Fabbisogno>
    <Data>20150926</Data>
    <Mercato>MGP</Mercato>
    <Ora>2</Ora>
    <Italia>25475,023</Italia>
    <CNOR>3028,769</CNOR>
    <CSUD>4765,456</CSUD>
    <NORD>12219,541</NORD>
    <SARD>940,604</SARD>
    <SICI>1286,248</SICI>
    <SUD>3234,405</SUD>
  </Fabbisogno>
  <Fabbisogno>
    <Data>20150926</Data>
    <Mercato>MGP</Mercato>
    <Ora>3</Ora>
    <Italia>24671,101</Italia>
    <CNOR>2945,589</CNOR>
    <CSUD>4605,545</CSUD>
    <NORD>11776,716</NORD>
    <SARD>914,589</SARD>
    <SICI>1235,159</SICI>
    <SUD>3193,503</SUD>
  </Fabbisogno>
  <Fabbisogno>
    <Data>20150926</Data>
    <Mercato>MGP</Mercato>
    <Ora>4</Ora>
    <Italia>24251,968</Italia>
    <CNOR>2891,36</CNOR>
    <CSUD>4516,822</CSUD>
    <NORD>11578,871</NORD>
    <SARD>897,049</SARD>
    <SICI>1197,021</SICI>
    <SUD>3170,845</SUD>
  </Fabbisogno>
  <Fabbisogno>
    <Data>20150926</Data>
    <Mercato>MGP</Mercato>
    <Ora>5</Ora>
    <Italia>24023,679</Italia>
    <CNOR>2861,134</CNOR>
    <CSUD>4491,615</CSUD>
    <NORD>11419,881</NORD>
    <SARD>884,84</SARD>
    <SICI>1186,251</SICI>
    <SUD>3179,958</SUD>
  </Fabbisogno>
  <Fabbisogno>
    <Data>20150926</Data>
    <Mercato>MGP</Mercato>
    <Ora>6</Ora>
    <Italia>24352,049</Italia>
    <CNOR>2872,034</CNOR>
    <CSUD>4535,149</CSUD>
    <NORD>11625,631</NORD>
    <SARD>898,033</SARD>
    <SICI>1211,5</SICI>
    <SUD>3209,702</SUD>
  </Fabbisogno>
  <Fabbisogno>
    <Data>20150926</Data>
    <Mercato>MGP</Mercato>
    <Ora>7</Ora>
    <Italia>26866,458</Italia>
    <CNOR>2656,38</CNOR>
    <CSUD>4287,587</CSUD>
    <NORD>14651,697</NORD>
    <SARD>875,377</SARD>
    <SICI>1249,382</SICI>
    <SUD>3146,035</SUD>
  </Fabbisogno>
  <Fabbisogno>
    <Data>20150926</Data>
    <Mercato>MGP</Mercato>
    <Ora>8</Ora>
    <Italia>28824,609</Italia>
    <CNOR>2454,333</CNOR>
    <CSUD>4028,728</CSUD>
    <NORD>16679,356</NORD>
    <SARD>871,016</SARD>
    <SICI>1355,828</SICI>
    <SUD>3435,348</SUD>
  </Fabbisogno>
  <Fabbisogno>
    <Data>20150926</Data>
    <Mercato>MGP</Mercato>
    <Ora>9</Ora>
    <Italia>30724,993</Italia>
    <CNOR>2646,373</CNOR>
    <CSUD>4414,325</CSUD>
    <NORD>17591,987</NORD>
    <SARD>914,19</SARD>
    <SICI>1527,317</SICI>
    <SUD>3630,801</SUD>
  </Fabbisogno>
  <Fabbisogno>
    <Data>20150926</Data>
    <Mercato>MGP</Mercato>
    <Ora>10</Ora>
    <Italia>31694,478</Italia>
    <CNOR>2713,289</CNOR>
    <CSUD>4706,35</CSUD>
    <NORD>17989,585</NORD>
    <SARD>941,143</SARD>
    <SICI>1638,469</SICI>
    <SUD>3705,642</SUD>
  </Fabbisogno>
  <Fabbisogno>
    <Data>20150926</Data>
    <Mercato>MGP</Mercato>
    <Ora>11</Ora>
    <Italia>31372,791</Italia>
    <CNOR>2690,724</CNOR>
    <CSUD>4753,924</CSUD>
    <NORD>17664,111</NORD>
    <SARD>922,259</SARD>
    <SICI>1646,869</SICI>
    <SUD>3694,904</SUD>
  </Fabbisogno>
  <Fabbisogno>
    <Data>20150926</Data>
    <Mercato>MGP</Mercato>
    <Ora>12</Ora>
    <Italia>30504,185</Italia>
    <CNOR>2618,555</CNOR>
    <CSUD>4732,507</CSUD>
    <NORD>16953,648</NORD>
    <SARD>906,403</SARD>
    <SICI>1624,36</SICI>
    <SUD>3668,712</SUD>
  </Fabbisogno>
  <Fabbisogno>
    <Data>20150926</Data>
    <Mercato>MGP</Mercato>
    <Ora>13</Ora>
    <Italia>29083,517</Italia>
    <CNOR>2477,598</CNOR>
    <CSUD>4703,882</CSUD>
    <NORD>15678,773</NORD>
    <SARD>895,859999999999</SARD>
    <SICI>1620,101</SICI>
    <SUD>3707,303</SUD>
  </Fabbisogno>
  <Fabbisogno>
    <Data>20150926</Data>
    <Mercato>MGP</Mercato>
    <Ora>14</Ora>
    <Italia>27590,553</Italia>
    <CNOR>2313,799</CNOR>
    <CSUD>4496,177</CSUD>
    <NORD>14893,647</NORD>
    <SARD>848,423</SARD>
    <SICI>1509,69</SICI>
    <SUD>3528,817</SUD>
  </Fabbisogno>
  <Fabbisogno>
    <Data>20150926</Data>
    <Mercato>MGP</Mercato>
    <Ora>15</Ora>
    <Italia>27888,53</Italia>
    <CNOR>2449,206</CNOR>
    <CSUD>4753,513</CSUD>
    <NORD>14923,597</NORD>
    <SARD>859,021</SARD>
    <SICI>1455,711</SICI>
    <SUD>3447,482</SUD>
  </Fabbisogno>
  <Fabbisogno>
    <Data>20150926</Data>
    <Mercato>MGP</Mercato>
    <Ora>16</Ora>
    <Italia>27727,02</Italia>
    <CNOR>2343,685</CNOR>
    <CSUD>4485,635</CSUD>
    <NORD>15250,749</NORD>
    <SARD>832,545</SARD>
    <SICI>1461,859</SICI>
    <SUD>3352,547</SUD>
  </Fabbisogno>
  <Fabbisogno>
    <Data>20150926</Data>
    <Mercato>MGP</Mercato>
    <Ora>17</Ora>
    <Italia>28468,745</Italia>
    <CNOR>2463,797</CNOR>
    <CSUD>4603,114</CSUD>
    <NORD>15432,931</NORD>
    <SARD>876,398</SARD>
    <SICI>1569,241</SICI>
    <SUD>3523,264</SUD>
  </Fabbisogno>
  <Fabbisogno>
    <Data>20150926</Data>
    <Mercato>MGP</Mercato>
    <Ora>18</Ora>
    <Italia>29467,713</Italia>
    <CNOR>2656,252</CNOR>
    <CSUD>4796,092</CSUD>
    <NORD>15662,955</NORD>
    <SARD>919,401</SARD>
    <SICI>1694,092</SICI>
    <SUD>3738,921</SUD>
  </Fabbisogno>
  <Fabbisogno>
    <Data>20150926</Data>
    <Mercato>MGP</Mercato>
    <Ora>19</Ora>
    <Italia>30670,533</Italia>
    <CNOR>2948,559</CNOR>
    <CSUD>5289,82</CSUD>
    <NORD>15588,234</NORD>
    <SARD>1011,89</SARD>
    <SICI>1756,71</SICI>
    <SUD>4075,32</SUD>
  </Fabbisogno>
  <Fabbisogno>
    <Data>20150926</Data>
    <Mercato>MGP</Mercato>
    <Ora>20</Ora>
    <Italia>34776,341</Italia>
    <CNOR>3344,661</CNOR>
    <CSUD>5986,37</CSUD>
    <NORD>17777,562</NORD>
    <SARD>1091,884</SARD>
    <SICI>2006,972</SICI>
    <SUD>4568,892</SUD>
  </Fabbisogno>
  <Fabbisogno>
    <Data>20150926</Data>
    <Mercato>MGP</Mercato>
    <Ora>21</Ora>
    <Italia>33809,828</Italia>
    <CNOR>3222,934</CNOR>
    <CSUD>5726,314</CSUD>
    <NORD>17323,183</NORD>
    <SARD>1120,898</SARD>
    <SICI>1982,66</SICI>
    <SUD>4433,839</SUD>
  </Fabbisogno>
  <Fabbisogno>
    <Data>20150926</Data>
    <Mercato>MGP</Mercato>
    <Ora>22</Ora>
    <Italia>30736,763</Italia>
    <CNOR>2977,537</CNOR>
    <CSUD>5187,144</CSUD>
    <NORD>15732,929</NORD>
    <SARD>1018,241</SARD>
    <SICI>1773,131</SICI>
    <SUD>4047,781</SUD>
  </Fabbisogno>
  <Fabbisogno>
    <Data>20150926</Data>
    <Mercato>MGP</Mercato>
    <Ora>23</Ora>
    <Italia>29113,027</Italia>
    <CNOR>2989,285</CNOR>
    <CSUD>5156,192</CSUD>
    <NORD>14346,454</NORD>
    <SARD>1024,299</SARD>
    <SICI>1649,664</SICI>
    <SUD>3947,133</SUD>
  </Fabbisogno>
  <Fabbisogno>
    <Data>20150926</Data>
    <Mercato>MGP</Mercato>
    <Ora>24</Ora>
    <Italia>25782,671</Italia>
    <CNOR>2713,422</CNOR>
    <CSUD>4722,333</CSUD>
    <NORD>12148,842</NORD>
    <SARD>940,523</SARD>
    <SICI>1479,744</SICI>
    <SUD>3777,807</SUD>
  </Fabbisogno>
</NewDataSet>