<?xml version="1.0" standalone="yes"?>
<NewDataSet>
  <xs:schema id="NewDataSet" xmlns="" xmlns:xs="http://www.w3.org/2001/XMLSchema" xmlns:msdata="urn:schemas-microsoft-com:xml-msdata">
    <xs:element name="NewDataSet" msdata:IsDataSet="true" msdata:UseCurrentLocale="true">
      <xs:complexType>
        <xs:choice minOccurs="0" maxOccurs="unbounded">
          <xs:element name="Fabbisogno">
            <xs:complexType>
              <xs:sequence>
                <xs:element name="Data" type="xs:string" minOccurs="0" />
                <xs:element name="Mercato" type="xs:string" minOccurs="0" />
                <xs:element name="Ora" type="xs:string" minOccurs="0" />
                <xs:element name="Italia" type="xs:string" minOccurs="0" />
                <xs:element name="CNOR" type="xs:string" minOccurs="0" />
                <xs:element name="CSUD" type="xs:string" minOccurs="0" />
                <xs:element name="NORD" type="xs:string" minOccurs="0" />
                <xs:element name="SARD" type="xs:string" minOccurs="0" />
                <xs:element name="SICI" type="xs:string" minOccurs="0" />
                <xs:element name="SUD" type="xs:string" minOccurs="0" />
              </xs:sequence>
            </xs:complexType>
          </xs:element>
        </xs:choice>
      </xs:complexType>
    </xs:element>
  </xs:schema>
  <Fabbisogno>
    <Data>20150901</Data>
    <Mercato>MGP</Mercato>
    <Ora>1</Ora>
    <Italia>29750,708</Italia>
    <CNOR>3211,585</CNOR>
    <CSUD>4403,53</CSUD>
    <NORD>15847,201</NORD>
    <SARD>1059,132</SARD>
    <SICI>1598,688</SICI>
    <SUD>3630,572</SUD>
  </Fabbisogno>
  <Fabbisogno>
    <Data>20150901</Data>
    <Mercato>MGP</Mercato>
    <Ora>2</Ora>
    <Italia>28563,851</Italia>
    <CNOR>3124,412</CNOR>
    <CSUD>4303,468</CSUD>
    <NORD>15006,18</NORD>
    <SARD>1041,13</SARD>
    <SICI>1596,416</SICI>
    <SUD>3492,245</SUD>
  </Fabbisogno>
  <Fabbisogno>
    <Data>20150901</Data>
    <Mercato>MGP</Mercato>
    <Ora>3</Ora>
    <Italia>27068,86</Italia>
    <CNOR>2987,393</CNOR>
    <CSUD>3945,108</CSUD>
    <NORD>14406,063</NORD>
    <SARD>967,212</SARD>
    <SICI>1483,694</SICI>
    <SUD>3279,39</SUD>
  </Fabbisogno>
  <Fabbisogno>
    <Data>20150901</Data>
    <Mercato>MGP</Mercato>
    <Ora>4</Ora>
    <Italia>26913,199</Italia>
    <CNOR>2856,51</CNOR>
    <CSUD>3854,63</CSUD>
    <NORD>14681,326</NORD>
    <SARD>957,748</SARD>
    <SICI>1323,117</SICI>
    <SUD>3239,868</SUD>
  </Fabbisogno>
  <Fabbisogno>
    <Data>20150901</Data>
    <Mercato>MGP</Mercato>
    <Ora>5</Ora>
    <Italia>26817,404</Italia>
    <CNOR>2933</CNOR>
    <CSUD>3982,461</CSUD>
    <NORD>14321,804</NORD>
    <SARD>973,303</SARD>
    <SICI>1315,332</SICI>
    <SUD>3291,504</SUD>
  </Fabbisogno>
  <Fabbisogno>
    <Data>20150901</Data>
    <Mercato>MGP</Mercato>
    <Ora>6</Ora>
    <Italia>28191,394</Italia>
    <CNOR>3001,594</CNOR>
    <CSUD>4100,219</CSUD>
    <NORD>15319,826</NORD>
    <SARD>987,6</SARD>
    <SICI>1453,857</SICI>
    <SUD>3328,298</SUD>
  </Fabbisogno>
  <Fabbisogno>
    <Data>20150901</Data>
    <Mercato>MGP</Mercato>
    <Ora>7</Ora>
    <Italia>30845,51</Italia>
    <CNOR>3252,585</CNOR>
    <CSUD>4486,628</CSUD>
    <NORD>17059,261</NORD>
    <SARD>1053,968</SARD>
    <SICI>1528,867</SICI>
    <SUD>3464,201</SUD>
  </Fabbisogno>
  <Fabbisogno>
    <Data>20150901</Data>
    <Mercato>MGP</Mercato>
    <Ora>8</Ora>
    <Italia>34600,821</Italia>
    <CNOR>3399,872</CNOR>
    <CSUD>4806,862</CSUD>
    <NORD>19998,877</NORD>
    <SARD>1061,09</SARD>
    <SICI>1701,57</SICI>
    <SUD>3632,55</SUD>
  </Fabbisogno>
  <Fabbisogno>
    <Data>20150901</Data>
    <Mercato>MGP</Mercato>
    <Ora>9</Ora>
    <Italia>39538,399</Italia>
    <CNOR>3917,318</CNOR>
    <CSUD>5322,005</CSUD>
    <NORD>23116,59</NORD>
    <SARD>1167,997</SARD>
    <SICI>1986,773</SICI>
    <SUD>4027,716</SUD>
  </Fabbisogno>
  <Fabbisogno>
    <Data>20150901</Data>
    <Mercato>MGP</Mercato>
    <Ora>10</Ora>
    <Italia>40918,004</Italia>
    <CNOR>4176,006</CNOR>
    <CSUD>5719,928</CSUD>
    <NORD>23486,308</NORD>
    <SARD>1204,055</SARD>
    <SICI>2119,281</SICI>
    <SUD>4212,426</SUD>
  </Fabbisogno>
  <Fabbisogno>
    <Data>20150901</Data>
    <Mercato>MGP</Mercato>
    <Ora>11</Ora>
    <Italia>41859,58</Italia>
    <CNOR>4248,301</CNOR>
    <CSUD>5886,363</CSUD>
    <NORD>24212,355</NORD>
    <SARD>1173,341</SARD>
    <SICI>2081,364</SICI>
    <SUD>4257,856</SUD>
  </Fabbisogno>
  <Fabbisogno>
    <Data>20150901</Data>
    <Mercato>MGP</Mercato>
    <Ora>12</Ora>
    <Italia>41696,625</Italia>
    <CNOR>4226,515</CNOR>
    <CSUD>5800,359</CSUD>
    <NORD>24453,94</NORD>
    <SARD>1160,899</SARD>
    <SICI>1897,651</SICI>
    <SUD>4157,261</SUD>
  </Fabbisogno>
  <Fabbisogno>
    <Data>20150901</Data>
    <Mercato>MGP</Mercato>
    <Ora>13</Ora>
    <Italia>41033,917</Italia>
    <CNOR>4129,611</CNOR>
    <CSUD>6054,203</CSUD>
    <NORD>23522,499</NORD>
    <SARD>1183,391</SARD>
    <SICI>1892,541</SICI>
    <SUD>4251,672</SUD>
  </Fabbisogno>
  <Fabbisogno>
    <Data>20150901</Data>
    <Mercato>MGP</Mercato>
    <Ora>14</Ora>
    <Italia>40728,727</Italia>
    <CNOR>3975,807</CNOR>
    <CSUD>5919,987</CSUD>
    <NORD>23757,214</NORD>
    <SARD>1152,394</SARD>
    <SICI>1831,695</SICI>
    <SUD>4091,63</SUD>
  </Fabbisogno>
  <Fabbisogno>
    <Data>20150901</Data>
    <Mercato>MGP</Mercato>
    <Ora>15</Ora>
    <Italia>40751,959</Italia>
    <CNOR>4011,691</CNOR>
    <CSUD>5652,059</CSUD>
    <NORD>24289,114</NORD>
    <SARD>1095,074</SARD>
    <SICI>1804,455</SICI>
    <SUD>3899,566</SUD>
  </Fabbisogno>
  <Fabbisogno>
    <Data>20150901</Data>
    <Mercato>MGP</Mercato>
    <Ora>16</Ora>
    <Italia>40926,028</Italia>
    <CNOR>3926,438</CNOR>
    <CSUD>5688,226</CSUD>
    <NORD>24454,645</NORD>
    <SARD>1090,658</SARD>
    <SICI>1833,743</SICI>
    <SUD>3932,318</SUD>
  </Fabbisogno>
  <Fabbisogno>
    <Data>20150901</Data>
    <Mercato>MGP</Mercato>
    <Ora>17</Ora>
    <Italia>41111,029</Italia>
    <CNOR>3975,043</CNOR>
    <CSUD>5432,092</CSUD>
    <NORD>24699,531</NORD>
    <SARD>1080,362</SARD>
    <SICI>2015,086</SICI>
    <SUD>3908,915</SUD>
  </Fabbisogno>
  <Fabbisogno>
    <Data>20150901</Data>
    <Mercato>MGP</Mercato>
    <Ora>18</Ora>
    <Italia>41107,999</Italia>
    <CNOR>4100,126</CNOR>
    <CSUD>5838,455</CSUD>
    <NORD>23621,977</NORD>
    <SARD>1176,39</SARD>
    <SICI>2234,559</SICI>
    <SUD>4136,492</SUD>
  </Fabbisogno>
  <Fabbisogno>
    <Data>20150901</Data>
    <Mercato>MGP</Mercato>
    <Ora>19</Ora>
    <Italia>40831,222</Italia>
    <CNOR>4105,663</CNOR>
    <CSUD>5889,671</CSUD>
    <NORD>23114,053</NORD>
    <SARD>1240,377</SARD>
    <SICI>2214,783</SICI>
    <SUD>4266,675</SUD>
  </Fabbisogno>
  <Fabbisogno>
    <Data>20150901</Data>
    <Mercato>MGP</Mercato>
    <Ora>20</Ora>
    <Italia>40954,163</Italia>
    <CNOR>4076,674</CNOR>
    <CSUD>6094,371</CSUD>
    <NORD>22695,367</NORD>
    <SARD>1277,324</SARD>
    <SICI>2309,57</SICI>
    <SUD>4500,857</SUD>
  </Fabbisogno>
  <Fabbisogno>
    <Data>20150901</Data>
    <Mercato>MGP</Mercato>
    <Ora>21</Ora>
    <Italia>41150,016</Italia>
    <CNOR>4268,288</CNOR>
    <CSUD>6232,598</CSUD>
    <NORD>22197,384</NORD>
    <SARD>1383,84</SARD>
    <SICI>2464,494</SICI>
    <SUD>4603,412</SUD>
  </Fabbisogno>
  <Fabbisogno>
    <Data>20150901</Data>
    <Mercato>MGP</Mercato>
    <Ora>22</Ora>
    <Italia>38367,69</Italia>
    <CNOR>3994,854</CNOR>
    <CSUD>5691,891</CSUD>
    <NORD>20918,517</NORD>
    <SARD>1297,501</SARD>
    <SICI>2251,846</SICI>
    <SUD>4213,081</SUD>
  </Fabbisogno>
  <Fabbisogno>
    <Data>20150901</Data>
    <Mercato>MGP</Mercato>
    <Ora>23</Ora>
    <Italia>35227,927</Italia>
    <CNOR>3722,855</CNOR>
    <CSUD>5292,753</CSUD>
    <NORD>18921,96</NORD>
    <SARD>1206,35</SARD>
    <SICI>2124,921</SICI>
    <SUD>3959,088</SUD>
  </Fabbisogno>
  <Fabbisogno>
    <Data>20150901</Data>
    <Mercato>MGP</Mercato>
    <Ora>24</Ora>
    <Italia>32824,143</Italia>
    <CNOR>3516,645</CNOR>
    <CSUD>4990,036</CSUD>
    <NORD>17469,185</NORD>
    <SARD>1146,15</SARD>
    <SICI>1946,179</SICI>
    <SUD>3755,948</SUD>
  </Fabbisogno>
</NewDataSet>