<?xml version="1.0" standalone="yes"?>
<NewDataSet>
  <xs:schema id="NewDataSet" xmlns="" xmlns:xs="http://www.w3.org/2001/XMLSchema" xmlns:msdata="urn:schemas-microsoft-com:xml-msdata">
    <xs:element name="NewDataSet" msdata:IsDataSet="true" msdata:UseCurrentLocale="true">
      <xs:complexType>
        <xs:choice minOccurs="0" maxOccurs="unbounded">
          <xs:element name="Fabbisogno">
            <xs:complexType>
              <xs:sequence>
                <xs:element name="Data" type="xs:string" minOccurs="0" />
                <xs:element name="Mercato" type="xs:string" minOccurs="0" />
                <xs:element name="Ora" type="xs:string" minOccurs="0" />
                <xs:element name="Italia" type="xs:string" minOccurs="0" />
                <xs:element name="CNOR" type="xs:string" minOccurs="0" />
                <xs:element name="CSUD" type="xs:string" minOccurs="0" />
                <xs:element name="NORD" type="xs:string" minOccurs="0" />
                <xs:element name="SARD" type="xs:string" minOccurs="0" />
                <xs:element name="SICI" type="xs:string" minOccurs="0" />
                <xs:element name="SUD" type="xs:string" minOccurs="0" />
              </xs:sequence>
            </xs:complexType>
          </xs:element>
        </xs:choice>
      </xs:complexType>
    </xs:element>
  </xs:schema>
  <Fabbisogno>
    <Data>20150907</Data>
    <Mercato>MGP</Mercato>
    <Ora>1</Ora>
    <Italia>25367,299</Italia>
    <CNOR>2428,376</CNOR>
    <CSUD>4197,746</CSUD>
    <NORD>12834,751</NORD>
    <SARD>957,822</SARD>
    <SICI>1455,63</SICI>
    <SUD>3492,974</SUD>
  </Fabbisogno>
  <Fabbisogno>
    <Data>20150907</Data>
    <Mercato>MGP</Mercato>
    <Ora>2</Ora>
    <Italia>23505,666</Italia>
    <CNOR>2360,837</CNOR>
    <CSUD>3951,064</CSUD>
    <NORD>11494,876</NORD>
    <SARD>954,464</SARD>
    <SICI>1345,442</SICI>
    <SUD>3398,983</SUD>
  </Fabbisogno>
  <Fabbisogno>
    <Data>20150907</Data>
    <Mercato>MGP</Mercato>
    <Ora>3</Ora>
    <Italia>22932,221</Italia>
    <CNOR>2297,529</CNOR>
    <CSUD>3832,873</CSUD>
    <NORD>11322,412</NORD>
    <SARD>909,742</SARD>
    <SICI>1279,056</SICI>
    <SUD>3290,609</SUD>
  </Fabbisogno>
  <Fabbisogno>
    <Data>20150907</Data>
    <Mercato>MGP</Mercato>
    <Ora>4</Ora>
    <Italia>22792,455</Italia>
    <CNOR>2307,498</CNOR>
    <CSUD>3799,676</CSUD>
    <NORD>11225,916</NORD>
    <SARD>924,779</SARD>
    <SICI>1251,199</SICI>
    <SUD>3283,387</SUD>
  </Fabbisogno>
  <Fabbisogno>
    <Data>20150907</Data>
    <Mercato>MGP</Mercato>
    <Ora>5</Ora>
    <Italia>23299,361</Italia>
    <CNOR>2344,304</CNOR>
    <CSUD>3799,435</CSUD>
    <NORD>11660,295</NORD>
    <SARD>924,552</SARD>
    <SICI>1253,749</SICI>
    <SUD>3317,026</SUD>
  </Fabbisogno>
  <Fabbisogno>
    <Data>20150907</Data>
    <Mercato>MGP</Mercato>
    <Ora>6</Ora>
    <Italia>24662,952</Italia>
    <CNOR>2454,966</CNOR>
    <CSUD>3986,865</CSUD>
    <NORD>12676,235</NORD>
    <SARD>920,357</SARD>
    <SICI>1303,791</SICI>
    <SUD>3320,738</SUD>
  </Fabbisogno>
  <Fabbisogno>
    <Data>20150907</Data>
    <Mercato>MGP</Mercato>
    <Ora>7</Ora>
    <Italia>28866,702</Italia>
    <CNOR>2701,515</CNOR>
    <CSUD>4397,899</CSUD>
    <NORD>15954,419</NORD>
    <SARD>983,521</SARD>
    <SICI>1377,541</SICI>
    <SUD>3451,807</SUD>
  </Fabbisogno>
  <Fabbisogno>
    <Data>20150907</Data>
    <Mercato>MGP</Mercato>
    <Ora>8</Ora>
    <Italia>32464,93</Italia>
    <CNOR>2937,38</CNOR>
    <CSUD>4711,77</CSUD>
    <NORD>18738,257</NORD>
    <SARD>989,909</SARD>
    <SICI>1636,068</SICI>
    <SUD>3451,546</SUD>
  </Fabbisogno>
  <Fabbisogno>
    <Data>20150907</Data>
    <Mercato>MGP</Mercato>
    <Ora>9</Ora>
    <Italia>37146,498</Italia>
    <CNOR>3499,408</CNOR>
    <CSUD>5362,595</CSUD>
    <NORD>21516,902</NORD>
    <SARD>1120,395</SARD>
    <SICI>1794,481</SICI>
    <SUD>3852,717</SUD>
  </Fabbisogno>
  <Fabbisogno>
    <Data>20150907</Data>
    <Mercato>MGP</Mercato>
    <Ora>10</Ora>
    <Italia>39167,627</Italia>
    <CNOR>3625,005</CNOR>
    <CSUD>5945,246</CSUD>
    <NORD>22447,472</NORD>
    <SARD>1138,303</SARD>
    <SICI>2002,274</SICI>
    <SUD>4009,327</SUD>
  </Fabbisogno>
  <Fabbisogno>
    <Data>20150907</Data>
    <Mercato>MGP</Mercato>
    <Ora>11</Ora>
    <Italia>38597,247</Italia>
    <CNOR>3613,95</CNOR>
    <CSUD>5814,951</CSUD>
    <NORD>22174,403</NORD>
    <SARD>1098,777</SARD>
    <SICI>1854,592</SICI>
    <SUD>4040,574</SUD>
  </Fabbisogno>
  <Fabbisogno>
    <Data>20150907</Data>
    <Mercato>MGP</Mercato>
    <Ora>12</Ora>
    <Italia>39525,596</Italia>
    <CNOR>3566,738</CNOR>
    <CSUD>5833,086</CSUD>
    <NORD>23217,779</NORD>
    <SARD>1080,131</SARD>
    <SICI>1820,377</SICI>
    <SUD>4007,485</SUD>
  </Fabbisogno>
  <Fabbisogno>
    <Data>20150907</Data>
    <Mercato>MGP</Mercato>
    <Ora>13</Ora>
    <Italia>37798,46</Italia>
    <CNOR>3392,324</CNOR>
    <CSUD>5871,545</CSUD>
    <NORD>21636,518</NORD>
    <SARD>1065,95</SARD>
    <SICI>1817,126</SICI>
    <SUD>4014,997</SUD>
  </Fabbisogno>
  <Fabbisogno>
    <Data>20150907</Data>
    <Mercato>MGP</Mercato>
    <Ora>14</Ora>
    <Italia>37922,352</Italia>
    <CNOR>3342,526</CNOR>
    <CSUD>5958,07</CSUD>
    <NORD>21852,76</NORD>
    <SARD>1057,459</SARD>
    <SICI>1765,756</SICI>
    <SUD>3945,781</SUD>
  </Fabbisogno>
  <Fabbisogno>
    <Data>20150907</Data>
    <Mercato>MGP</Mercato>
    <Ora>15</Ora>
    <Italia>38026,251</Italia>
    <CNOR>3293,245</CNOR>
    <CSUD>5329,824</CSUD>
    <NORD>22948,96</NORD>
    <SARD>972</SARD>
    <SICI>1754,992</SICI>
    <SUD>3727,23</SUD>
  </Fabbisogno>
  <Fabbisogno>
    <Data>20150907</Data>
    <Mercato>MGP</Mercato>
    <Ora>16</Ora>
    <Italia>38508,364</Italia>
    <CNOR>3416,016</CNOR>
    <CSUD>5380,423</CSUD>
    <NORD>23264,383</NORD>
    <SARD>980,227</SARD>
    <SICI>1774,11</SICI>
    <SUD>3693,205</SUD>
  </Fabbisogno>
  <Fabbisogno>
    <Data>20150907</Data>
    <Mercato>MGP</Mercato>
    <Ora>17</Ora>
    <Italia>39161,074</Italia>
    <CNOR>3483,063</CNOR>
    <CSUD>5505,041</CSUD>
    <NORD>23385,442</NORD>
    <SARD>1010,7</SARD>
    <SICI>1903,736</SICI>
    <SUD>3873,092</SUD>
  </Fabbisogno>
  <Fabbisogno>
    <Data>20150907</Data>
    <Mercato>MGP</Mercato>
    <Ora>18</Ora>
    <Italia>39300,774</Italia>
    <CNOR>3645,91</CNOR>
    <CSUD>5906,803</CSUD>
    <NORD>22488,045</NORD>
    <SARD>1079,287</SARD>
    <SICI>2013,8</SICI>
    <SUD>4166,929</SUD>
  </Fabbisogno>
  <Fabbisogno>
    <Data>20150907</Data>
    <Mercato>MGP</Mercato>
    <Ora>19</Ora>
    <Italia>38885,169</Italia>
    <CNOR>3666,756</CNOR>
    <CSUD>5952,899</CSUD>
    <NORD>21764,658</NORD>
    <SARD>1128,148</SARD>
    <SICI>2093,593</SICI>
    <SUD>4279,115</SUD>
  </Fabbisogno>
  <Fabbisogno>
    <Data>20150907</Data>
    <Mercato>MGP</Mercato>
    <Ora>20</Ora>
    <Italia>39835,544</Italia>
    <CNOR>3803,042</CNOR>
    <CSUD>6327,229</CSUD>
    <NORD>21788,477</NORD>
    <SARD>1197,895</SARD>
    <SICI>2247,424</SICI>
    <SUD>4471,477</SUD>
  </Fabbisogno>
  <Fabbisogno>
    <Data>20150907</Data>
    <Mercato>MGP</Mercato>
    <Ora>21</Ora>
    <Italia>40026,32</Italia>
    <CNOR>3889,656</CNOR>
    <CSUD>6441,062</CSUD>
    <NORD>21575,322</NORD>
    <SARD>1281,583</SARD>
    <SICI>2319,707</SICI>
    <SUD>4518,99</SUD>
  </Fabbisogno>
  <Fabbisogno>
    <Data>20150907</Data>
    <Mercato>MGP</Mercato>
    <Ora>22</Ora>
    <Italia>37180,811</Italia>
    <CNOR>3606,283</CNOR>
    <CSUD>5909,842</CSUD>
    <NORD>20287,456</NORD>
    <SARD>1195,482</SARD>
    <SICI>2103,822</SICI>
    <SUD>4077,926</SUD>
  </Fabbisogno>
  <Fabbisogno>
    <Data>20150907</Data>
    <Mercato>MGP</Mercato>
    <Ora>23</Ora>
    <Italia>33487,71</Italia>
    <CNOR>3363,865</CNOR>
    <CSUD>5435,342</CSUD>
    <NORD>17695,956</NORD>
    <SARD>1121,364</SARD>
    <SICI>1981,861</SICI>
    <SUD>3889,322</SUD>
  </Fabbisogno>
  <Fabbisogno>
    <Data>20150907</Data>
    <Mercato>MGP</Mercato>
    <Ora>24</Ora>
    <Italia>30400,95</Italia>
    <CNOR>3010,07</CNOR>
    <CSUD>4877,433</CSUD>
    <NORD>16233,615</NORD>
    <SARD>1030,34</SARD>
    <SICI>1671,838</SICI>
    <SUD>3577,654</SUD>
  </Fabbisogno>
</NewDataSet>