<?xml version="1.0" standalone="yes"?>
<NewDataSet>
  <xs:schema id="NewDataSet" xmlns="" xmlns:xs="http://www.w3.org/2001/XMLSchema" xmlns:msdata="urn:schemas-microsoft-com:xml-msdata">
    <xs:element name="NewDataSet" msdata:IsDataSet="true" msdata:UseCurrentLocale="true">
      <xs:complexType>
        <xs:choice minOccurs="0" maxOccurs="unbounded">
          <xs:element name="Fabbisogno">
            <xs:complexType>
              <xs:sequence>
                <xs:element name="Data" type="xs:string" minOccurs="0" />
                <xs:element name="Mercato" type="xs:string" minOccurs="0" />
                <xs:element name="Ora" type="xs:string" minOccurs="0" />
                <xs:element name="Italia" type="xs:string" minOccurs="0" />
                <xs:element name="CNOR" type="xs:string" minOccurs="0" />
                <xs:element name="CSUD" type="xs:string" minOccurs="0" />
                <xs:element name="NORD" type="xs:string" minOccurs="0" />
                <xs:element name="SARD" type="xs:string" minOccurs="0" />
                <xs:element name="SICI" type="xs:string" minOccurs="0" />
                <xs:element name="SUD" type="xs:string" minOccurs="0" />
              </xs:sequence>
            </xs:complexType>
          </xs:element>
        </xs:choice>
      </xs:complexType>
    </xs:element>
  </xs:schema>
  <Fabbisogno>
    <Data>20150920</Data>
    <Mercato>MGP</Mercato>
    <Ora>1</Ora>
    <Italia>25271,183</Italia>
    <CNOR>3012,168</CNOR>
    <CSUD>4838,321</CSUD>
    <NORD>11492,211</NORD>
    <SARD>1008,552</SARD>
    <SICI>1603,29</SICI>
    <SUD>3316,641</SUD>
  </Fabbisogno>
  <Fabbisogno>
    <Data>20150920</Data>
    <Mercato>MGP</Mercato>
    <Ora>2</Ora>
    <Italia>23843,827</Italia>
    <CNOR>2888,928</CNOR>
    <CSUD>4574,668</CSUD>
    <NORD>10697,958</NORD>
    <SARD>971,223</SARD>
    <SICI>1541,327</SICI>
    <SUD>3169,723</SUD>
  </Fabbisogno>
  <Fabbisogno>
    <Data>20150920</Data>
    <Mercato>MGP</Mercato>
    <Ora>3</Ora>
    <Italia>22947,749</Italia>
    <CNOR>2773,701</CNOR>
    <CSUD>4330,998</CSUD>
    <NORD>10301,896</NORD>
    <SARD>939,118</SARD>
    <SICI>1483,858</SICI>
    <SUD>3118,178</SUD>
  </Fabbisogno>
  <Fabbisogno>
    <Data>20150920</Data>
    <Mercato>MGP</Mercato>
    <Ora>4</Ora>
    <Italia>22565,995</Italia>
    <CNOR>2719,022</CNOR>
    <CSUD>4259,536</CSUD>
    <NORD>10207,393</NORD>
    <SARD>947,875</SARD>
    <SICI>1358,305</SICI>
    <SUD>3073,864</SUD>
  </Fabbisogno>
  <Fabbisogno>
    <Data>20150920</Data>
    <Mercato>MGP</Mercato>
    <Ora>5</Ora>
    <Italia>22412,908</Italia>
    <CNOR>2726,717</CNOR>
    <CSUD>4210,42</CSUD>
    <NORD>10120,596</NORD>
    <SARD>922,675</SARD>
    <SICI>1400,851</SICI>
    <SUD>3031,649</SUD>
  </Fabbisogno>
  <Fabbisogno>
    <Data>20150920</Data>
    <Mercato>MGP</Mercato>
    <Ora>6</Ora>
    <Italia>22476,65</Italia>
    <CNOR>2688,693</CNOR>
    <CSUD>4214,523</CSUD>
    <NORD>10291,457</NORD>
    <SARD>934,314</SARD>
    <SICI>1359,519</SICI>
    <SUD>2988,144</SUD>
  </Fabbisogno>
  <Fabbisogno>
    <Data>20150920</Data>
    <Mercato>MGP</Mercato>
    <Ora>7</Ora>
    <Italia>23219,135</Italia>
    <CNOR>2335,997</CNOR>
    <CSUD>3842,704</CSUD>
    <NORD>12362,072</NORD>
    <SARD>907,587</SARD>
    <SICI>1256,297</SICI>
    <SUD>2514,478</SUD>
  </Fabbisogno>
  <Fabbisogno>
    <Data>20150920</Data>
    <Mercato>MGP</Mercato>
    <Ora>8</Ora>
    <Italia>23116,731</Italia>
    <CNOR>2149,588</CNOR>
    <CSUD>3523,819</CSUD>
    <NORD>12620,886</NORD>
    <SARD>856,357</SARD>
    <SICI>1324,887</SICI>
    <SUD>2641,194</SUD>
  </Fabbisogno>
  <Fabbisogno>
    <Data>20150920</Data>
    <Mercato>MGP</Mercato>
    <Ora>9</Ora>
    <Italia>24445,177</Italia>
    <CNOR>2313,99</CNOR>
    <CSUD>3755,554</CSUD>
    <NORD>13187,171</NORD>
    <SARD>886,346</SARD>
    <SICI>1508,574</SICI>
    <SUD>2793,542</SUD>
  </Fabbisogno>
  <Fabbisogno>
    <Data>20150920</Data>
    <Mercato>MGP</Mercato>
    <Ora>10</Ora>
    <Italia>25674,226</Italia>
    <CNOR>2426,057</CNOR>
    <CSUD>4037,403</CSUD>
    <NORD>13812,583</NORD>
    <SARD>909,636</SARD>
    <SICI>1599,617</SICI>
    <SUD>2888,93</SUD>
  </Fabbisogno>
  <Fabbisogno>
    <Data>20150920</Data>
    <Mercato>MGP</Mercato>
    <Ora>11</Ora>
    <Italia>26813,444</Italia>
    <CNOR>2379,465</CNOR>
    <CSUD>4162,441</CSUD>
    <NORD>14834,576</NORD>
    <SARD>921,536</SARD>
    <SICI>1589,036</SICI>
    <SUD>2926,39</SUD>
  </Fabbisogno>
  <Fabbisogno>
    <Data>20150920</Data>
    <Mercato>MGP</Mercato>
    <Ora>12</Ora>
    <Italia>27007,953</Italia>
    <CNOR>2353,652</CNOR>
    <CSUD>4214,497</CSUD>
    <NORD>14963,894</NORD>
    <SARD>901,24</SARD>
    <SICI>1589,737</SICI>
    <SUD>2984,933</SUD>
  </Fabbisogno>
  <Fabbisogno>
    <Data>20150920</Data>
    <Mercato>MGP</Mercato>
    <Ora>13</Ora>
    <Italia>26703,838</Italia>
    <CNOR>2320,425</CNOR>
    <CSUD>4309,991</CSUD>
    <NORD>14547,328</NORD>
    <SARD>896,575</SARD>
    <SICI>1605,365</SICI>
    <SUD>3024,154</SUD>
  </Fabbisogno>
  <Fabbisogno>
    <Data>20150920</Data>
    <Mercato>MGP</Mercato>
    <Ora>14</Ora>
    <Italia>25533,803</Italia>
    <CNOR>2199,477</CNOR>
    <CSUD>4156,526</CSUD>
    <NORD>13818,486</NORD>
    <SARD>856,549</SARD>
    <SICI>1524,648</SICI>
    <SUD>2978,117</SUD>
  </Fabbisogno>
  <Fabbisogno>
    <Data>20150920</Data>
    <Mercato>MGP</Mercato>
    <Ora>15</Ora>
    <Italia>25132,087</Italia>
    <CNOR>2203,936</CNOR>
    <CSUD>4007,749</CSUD>
    <NORD>13856,273</NORD>
    <SARD>826,425</SARD>
    <SICI>1471,696</SICI>
    <SUD>2766,008</SUD>
  </Fabbisogno>
  <Fabbisogno>
    <Data>20150920</Data>
    <Mercato>MGP</Mercato>
    <Ora>16</Ora>
    <Italia>25017,804</Italia>
    <CNOR>2233,309</CNOR>
    <CSUD>3966,185</CSUD>
    <NORD>13794,76</NORD>
    <SARD>803,125</SARD>
    <SICI>1485,702</SICI>
    <SUD>2734,723</SUD>
  </Fabbisogno>
  <Fabbisogno>
    <Data>20150920</Data>
    <Mercato>MGP</Mercato>
    <Ora>17</Ora>
    <Italia>25446,257</Italia>
    <CNOR>2296,572</CNOR>
    <CSUD>4050,417</CSUD>
    <NORD>13793,893</NORD>
    <SARD>852,96</SARD>
    <SICI>1614,48</SICI>
    <SUD>2837,935</SUD>
  </Fabbisogno>
  <Fabbisogno>
    <Data>20150920</Data>
    <Mercato>MGP</Mercato>
    <Ora>18</Ora>
    <Italia>26099,073</Italia>
    <CNOR>2505,089</CNOR>
    <CSUD>4252,761</CSUD>
    <NORD>13700,586</NORD>
    <SARD>897,534</SARD>
    <SICI>1726,717</SICI>
    <SUD>3016,386</SUD>
  </Fabbisogno>
  <Fabbisogno>
    <Data>20150920</Data>
    <Mercato>MGP</Mercato>
    <Ora>19</Ora>
    <Italia>28954,704</Italia>
    <CNOR>3058,978</CNOR>
    <CSUD>4994,408</CSUD>
    <NORD>14536,72</NORD>
    <SARD>1017,636</SARD>
    <SICI>1859,413</SICI>
    <SUD>3487,549</SUD>
  </Fabbisogno>
  <Fabbisogno>
    <Data>20150920</Data>
    <Mercato>MGP</Mercato>
    <Ora>20</Ora>
    <Italia>31820,431</Italia>
    <CNOR>3392,171</CNOR>
    <CSUD>5528,457</CSUD>
    <NORD>15879,73</NORD>
    <SARD>1079,501</SARD>
    <SICI>2095,871</SICI>
    <SUD>3844,701</SUD>
  </Fabbisogno>
  <Fabbisogno>
    <Data>20150920</Data>
    <Mercato>MGP</Mercato>
    <Ora>21</Ora>
    <Italia>33714,412</Italia>
    <CNOR>3639,86</CNOR>
    <CSUD>5990,485</CSUD>
    <NORD>16668,352</NORD>
    <SARD>1212,167</SARD>
    <SICI>2217,013</SICI>
    <SUD>3986,535</SUD>
  </Fabbisogno>
  <Fabbisogno>
    <Data>20150920</Data>
    <Mercato>MGP</Mercato>
    <Ora>22</Ora>
    <Italia>30284,669</Italia>
    <CNOR>3153,37</CNOR>
    <CSUD>5152,717</CSUD>
    <NORD>15396,998</NORD>
    <SARD>1088,555</SARD>
    <SICI>1899,844</SICI>
    <SUD>3593,185</SUD>
  </Fabbisogno>
  <Fabbisogno>
    <Data>20150920</Data>
    <Mercato>MGP</Mercato>
    <Ora>23</Ora>
    <Italia>29267,085</Italia>
    <CNOR>3268,442</CNOR>
    <CSUD>5370,708</CSUD>
    <NORD>14137,494</NORD>
    <SARD>1084,634</SARD>
    <SICI>1762,175</SICI>
    <SUD>3643,632</SUD>
  </Fabbisogno>
  <Fabbisogno>
    <Data>20150920</Data>
    <Mercato>MGP</Mercato>
    <Ora>24</Ora>
    <Italia>25821,184</Italia>
    <CNOR>2976,633</CNOR>
    <CSUD>4892,739</CSUD>
    <NORD>11850,976</NORD>
    <SARD>1012,272</SARD>
    <SICI>1575,038</SICI>
    <SUD>3513,526</SUD>
  </Fabbisogno>
</NewDataSet>