<?xml version="1.0" standalone="yes"?>
<NewDataSet>
  <xs:schema id="NewDataSet" xmlns="" xmlns:xs="http://www.w3.org/2001/XMLSchema" xmlns:msdata="urn:schemas-microsoft-com:xml-msdata">
    <xs:element name="NewDataSet" msdata:IsDataSet="true" msdata:UseCurrentLocale="true">
      <xs:complexType>
        <xs:choice minOccurs="0" maxOccurs="unbounded">
          <xs:element name="Fabbisogno">
            <xs:complexType>
              <xs:sequence>
                <xs:element name="Data" type="xs:string" minOccurs="0" />
                <xs:element name="Mercato" type="xs:string" minOccurs="0" />
                <xs:element name="Ora" type="xs:string" minOccurs="0" />
                <xs:element name="Italia" type="xs:string" minOccurs="0" />
                <xs:element name="CNOR" type="xs:string" minOccurs="0" />
                <xs:element name="CSUD" type="xs:string" minOccurs="0" />
                <xs:element name="NORD" type="xs:string" minOccurs="0" />
                <xs:element name="SARD" type="xs:string" minOccurs="0" />
                <xs:element name="SICI" type="xs:string" minOccurs="0" />
                <xs:element name="SUD" type="xs:string" minOccurs="0" />
              </xs:sequence>
            </xs:complexType>
          </xs:element>
        </xs:choice>
      </xs:complexType>
    </xs:element>
  </xs:schema>
  <Fabbisogno>
    <Data>20150922</Data>
    <Mercato>MGP</Mercato>
    <Ora>1</Ora>
    <Italia>27752,295</Italia>
    <CNOR>3190,016</CNOR>
    <CSUD>4943,94</CSUD>
    <NORD>13546,975</NORD>
    <SARD>973,554</SARD>
    <SICI>1426,26</SICI>
    <SUD>3671,55</SUD>
  </Fabbisogno>
  <Fabbisogno>
    <Data>20150922</Data>
    <Mercato>MGP</Mercato>
    <Ora>2</Ora>
    <Italia>26511,17</Italia>
    <CNOR>3063,62</CNOR>
    <CSUD>4731,761</CSUD>
    <NORD>12917,883</NORD>
    <SARD>938,844</SARD>
    <SICI>1308,764</SICI>
    <SUD>3550,298</SUD>
  </Fabbisogno>
  <Fabbisogno>
    <Data>20150922</Data>
    <Mercato>MGP</Mercato>
    <Ora>3</Ora>
    <Italia>25772,261</Italia>
    <CNOR>2997,376</CNOR>
    <CSUD>4565,814</CSUD>
    <NORD>12558,04</NORD>
    <SARD>919,424</SARD>
    <SICI>1248,603</SICI>
    <SUD>3483,004</SUD>
  </Fabbisogno>
  <Fabbisogno>
    <Data>20150922</Data>
    <Mercato>MGP</Mercato>
    <Ora>4</Ora>
    <Italia>25398,227</Italia>
    <CNOR>2948,497</CNOR>
    <CSUD>4454,098</CSUD>
    <NORD>12432,084</NORD>
    <SARD>907,858</SARD>
    <SICI>1220,279</SICI>
    <SUD>3435,411</SUD>
  </Fabbisogno>
  <Fabbisogno>
    <Data>20150922</Data>
    <Mercato>MGP</Mercato>
    <Ora>5</Ora>
    <Italia>25548,434</Italia>
    <CNOR>2958,284</CNOR>
    <CSUD>4469,048</CSUD>
    <NORD>12542,361</NORD>
    <SARD>908,66</SARD>
    <SICI>1224,364</SICI>
    <SUD>3445,717</SUD>
  </Fabbisogno>
  <Fabbisogno>
    <Data>20150922</Data>
    <Mercato>MGP</Mercato>
    <Ora>6</Ora>
    <Italia>26646,452</Italia>
    <CNOR>3061,575</CNOR>
    <CSUD>4665,88</CSUD>
    <NORD>13310,978</NORD>
    <SARD>922,097</SARD>
    <SICI>1269,906</SICI>
    <SUD>3416,016</SUD>
  </Fabbisogno>
  <Fabbisogno>
    <Data>20150922</Data>
    <Mercato>MGP</Mercato>
    <Ora>7</Ora>
    <Italia>31196,543</Italia>
    <CNOR>2889,839</CNOR>
    <CSUD>4629,981</CSUD>
    <NORD>18222,304</NORD>
    <SARD>928,488999999999</SARD>
    <SICI>1402,315</SICI>
    <SUD>3123,615</SUD>
  </Fabbisogno>
  <Fabbisogno>
    <Data>20150922</Data>
    <Mercato>MGP</Mercato>
    <Ora>8</Ora>
    <Italia>34547,602</Italia>
    <CNOR>2933,187</CNOR>
    <CSUD>4562,601</CSUD>
    <NORD>20877,084</NORD>
    <SARD>954,989</SARD>
    <SICI>1578,314</SICI>
    <SUD>3641,427</SUD>
  </Fabbisogno>
  <Fabbisogno>
    <Data>20150922</Data>
    <Mercato>MGP</Mercato>
    <Ora>9</Ora>
    <Italia>38805,763</Italia>
    <CNOR>3283,101</CNOR>
    <CSUD>5012,9</CSUD>
    <NORD>23748,519</NORD>
    <SARD>1028,486</SARD>
    <SICI>1729,278</SICI>
    <SUD>4003,479</SUD>
  </Fabbisogno>
  <Fabbisogno>
    <Data>20150922</Data>
    <Mercato>MGP</Mercato>
    <Ora>10</Ora>
    <Italia>39747,733</Italia>
    <CNOR>3368,599</CNOR>
    <CSUD>5241,218</CSUD>
    <NORD>24226,948</NORD>
    <SARD>1034,435</SARD>
    <SICI>1805,627</SICI>
    <SUD>4070,906</SUD>
  </Fabbisogno>
  <Fabbisogno>
    <Data>20150922</Data>
    <Mercato>MGP</Mercato>
    <Ora>11</Ora>
    <Italia>39444,079</Italia>
    <CNOR>3357,338</CNOR>
    <CSUD>5307,282</CSUD>
    <NORD>23911,684</NORD>
    <SARD>1013,15</SARD>
    <SICI>1797,029</SICI>
    <SUD>4057,596</SUD>
  </Fabbisogno>
  <Fabbisogno>
    <Data>20150922</Data>
    <Mercato>MGP</Mercato>
    <Ora>12</Ora>
    <Italia>39134,659</Italia>
    <CNOR>3326,468</CNOR>
    <CSUD>5317,023</CSUD>
    <NORD>23674,604</NORD>
    <SARD>995,245</SARD>
    <SICI>1784,369</SICI>
    <SUD>4036,95</SUD>
  </Fabbisogno>
  <Fabbisogno>
    <Data>20150922</Data>
    <Mercato>MGP</Mercato>
    <Ora>13</Ora>
    <Italia>36882,874</Italia>
    <CNOR>3099,015</CNOR>
    <CSUD>5357,262</CSUD>
    <NORD>21614,068</NORD>
    <SARD>1003,783</SARD>
    <SICI>1779,372</SICI>
    <SUD>4029,374</SUD>
  </Fabbisogno>
  <Fabbisogno>
    <Data>20150922</Data>
    <Mercato>MGP</Mercato>
    <Ora>14</Ora>
    <Italia>37200,459</Italia>
    <CNOR>3117,309</CNOR>
    <CSUD>5629,499</CSUD>
    <NORD>21765,262</NORD>
    <SARD>1011,78</SARD>
    <SICI>1698,351</SICI>
    <SUD>3978,258</SUD>
  </Fabbisogno>
  <Fabbisogno>
    <Data>20150922</Data>
    <Mercato>MGP</Mercato>
    <Ora>15</Ora>
    <Italia>38725,176</Italia>
    <CNOR>3361,199</CNOR>
    <CSUD>5717,634</CSUD>
    <NORD>23031,86</NORD>
    <SARD>997,48</SARD>
    <SICI>1643,371</SICI>
    <SUD>3973,632</SUD>
  </Fabbisogno>
  <Fabbisogno>
    <Data>20150922</Data>
    <Mercato>MGP</Mercato>
    <Ora>16</Ora>
    <Italia>38518,939</Italia>
    <CNOR>3302,709</CNOR>
    <CSUD>5369,861</CSUD>
    <NORD>23277,534</NORD>
    <SARD>964,552</SARD>
    <SICI>1704,175</SICI>
    <SUD>3900,108</SUD>
  </Fabbisogno>
  <Fabbisogno>
    <Data>20150922</Data>
    <Mercato>MGP</Mercato>
    <Ora>17</Ora>
    <Italia>39275,39</Italia>
    <CNOR>3415,196</CNOR>
    <CSUD>5498,769</CSUD>
    <NORD>23542,521</NORD>
    <SARD>992,71</SARD>
    <SICI>1807,278</SICI>
    <SUD>4018,916</SUD>
  </Fabbisogno>
  <Fabbisogno>
    <Data>20150922</Data>
    <Mercato>MGP</Mercato>
    <Ora>18</Ora>
    <Italia>38743,29</Italia>
    <CNOR>3468,659</CNOR>
    <CSUD>5550,642</CSUD>
    <NORD>22525,671</NORD>
    <SARD>1039,056</SARD>
    <SICI>1849,678</SICI>
    <SUD>4309,584</SUD>
  </Fabbisogno>
  <Fabbisogno>
    <Data>20150922</Data>
    <Mercato>MGP</Mercato>
    <Ora>19</Ora>
    <Italia>40082,997</Italia>
    <CNOR>3707,184</CNOR>
    <CSUD>6191,738</CSUD>
    <NORD>22629,399</NORD>
    <SARD>1129,034</SARD>
    <SICI>1912,328</SICI>
    <SUD>4513,314</SUD>
  </Fabbisogno>
  <Fabbisogno>
    <Data>20150922</Data>
    <Mercato>MGP</Mercato>
    <Ora>20</Ora>
    <Italia>42829,781</Italia>
    <CNOR>3991,675</CNOR>
    <CSUD>6787,012</CSUD>
    <NORD>23735,369</NORD>
    <SARD>1206,532</SARD>
    <SICI>2201,14</SICI>
    <SUD>4908,053</SUD>
  </Fabbisogno>
  <Fabbisogno>
    <Data>20150922</Data>
    <Mercato>MGP</Mercato>
    <Ora>21</Ora>
    <Italia>42023,112</Italia>
    <CNOR>3956,742</CNOR>
    <CSUD>6606,875</CSUD>
    <NORD>23298,471</NORD>
    <SARD>1266,9</SARD>
    <SICI>2115,175</SICI>
    <SUD>4778,949</SUD>
  </Fabbisogno>
  <Fabbisogno>
    <Data>20150922</Data>
    <Mercato>MGP</Mercato>
    <Ora>22</Ora>
    <Italia>36625,875</Italia>
    <CNOR>3329,768</CNOR>
    <CSUD>5428,857</CSUD>
    <NORD>20809,479</NORD>
    <SARD>1086,433</SARD>
    <SICI>1931,755</SICI>
    <SUD>4039,583</SUD>
  </Fabbisogno>
  <Fabbisogno>
    <Data>20150922</Data>
    <Mercato>MGP</Mercato>
    <Ora>23</Ora>
    <Italia>33657,049</Italia>
    <CNOR>3481,526</CNOR>
    <CSUD>5617,854</CSUD>
    <NORD>17480,341</NORD>
    <SARD>1096,442</SARD>
    <SICI>1748,454</SICI>
    <SUD>4232,432</SUD>
  </Fabbisogno>
  <Fabbisogno>
    <Data>20150922</Data>
    <Mercato>MGP</Mercato>
    <Ora>24</Ora>
    <Italia>30057,572</Italia>
    <CNOR>3137,933</CNOR>
    <CSUD>5105,438</CSUD>
    <NORD>15229,264</NORD>
    <SARD>1013,179</SARD>
    <SICI>1566,901</SICI>
    <SUD>4004,857</SUD>
  </Fabbisogno>
</NewDataSet>