<?xml version="1.0" standalone="yes"?>
<NewDataSet>
  <xs:schema id="NewDataSet" xmlns="" xmlns:xs="http://www.w3.org/2001/XMLSchema" xmlns:msdata="urn:schemas-microsoft-com:xml-msdata">
    <xs:element name="NewDataSet" msdata:IsDataSet="true" msdata:UseCurrentLocale="true">
      <xs:complexType>
        <xs:choice minOccurs="0" maxOccurs="unbounded">
          <xs:element name="Fabbisogno">
            <xs:complexType>
              <xs:sequence>
                <xs:element name="Data" type="xs:string" minOccurs="0" />
                <xs:element name="Mercato" type="xs:string" minOccurs="0" />
                <xs:element name="Ora" type="xs:string" minOccurs="0" />
                <xs:element name="Italia" type="xs:string" minOccurs="0" />
                <xs:element name="CNOR" type="xs:string" minOccurs="0" />
                <xs:element name="CSUD" type="xs:string" minOccurs="0" />
                <xs:element name="NORD" type="xs:string" minOccurs="0" />
                <xs:element name="SARD" type="xs:string" minOccurs="0" />
                <xs:element name="SICI" type="xs:string" minOccurs="0" />
                <xs:element name="SUD" type="xs:string" minOccurs="0" />
              </xs:sequence>
            </xs:complexType>
          </xs:element>
        </xs:choice>
      </xs:complexType>
    </xs:element>
  </xs:schema>
  <Fabbisogno>
    <Data>20150904</Data>
    <Mercato>MGP</Mercato>
    <Ora>1</Ora>
    <Italia>30531,073</Italia>
    <CNOR>2924,736</CNOR>
    <CSUD>4650,698</CSUD>
    <NORD>16648,878</NORD>
    <SARD>1030,92</SARD>
    <SICI>1563,91</SICI>
    <SUD>3711,931</SUD>
  </Fabbisogno>
  <Fabbisogno>
    <Data>20150904</Data>
    <Mercato>MGP</Mercato>
    <Ora>2</Ora>
    <Italia>27860,858</Italia>
    <CNOR>2728,452</CNOR>
    <CSUD>4333,61</CSUD>
    <NORD>15003,267</NORD>
    <SARD>964,779</SARD>
    <SICI>1396,948</SICI>
    <SUD>3433,802</SUD>
  </Fabbisogno>
  <Fabbisogno>
    <Data>20150904</Data>
    <Mercato>MGP</Mercato>
    <Ora>3</Ora>
    <Italia>27478,722</Italia>
    <CNOR>2742,939</CNOR>
    <CSUD>4232,121</CSUD>
    <NORD>14594,123</NORD>
    <SARD>950,859</SARD>
    <SICI>1312,318</SICI>
    <SUD>3646,362</SUD>
  </Fabbisogno>
  <Fabbisogno>
    <Data>20150904</Data>
    <Mercato>MGP</Mercato>
    <Ora>4</Ora>
    <Italia>27562,461</Italia>
    <CNOR>2727,594</CNOR>
    <CSUD>4183,328</CSUD>
    <NORD>14901,08</NORD>
    <SARD>951,902</SARD>
    <SICI>1281,817</SICI>
    <SUD>3516,74</SUD>
  </Fabbisogno>
  <Fabbisogno>
    <Data>20150904</Data>
    <Mercato>MGP</Mercato>
    <Ora>5</Ora>
    <Italia>27245,087</Italia>
    <CNOR>2727,196</CNOR>
    <CSUD>4190,077</CSUD>
    <NORD>14573,867</NORD>
    <SARD>940,36</SARD>
    <SICI>1276,89</SICI>
    <SUD>3536,697</SUD>
  </Fabbisogno>
  <Fabbisogno>
    <Data>20150904</Data>
    <Mercato>MGP</Mercato>
    <Ora>6</Ora>
    <Italia>28421,788</Italia>
    <CNOR>2744,608</CNOR>
    <CSUD>4167,396</CSUD>
    <NORD>15803,715</NORD>
    <SARD>935,625</SARD>
    <SICI>1326,516</SICI>
    <SUD>3443,928</SUD>
  </Fabbisogno>
  <Fabbisogno>
    <Data>20150904</Data>
    <Mercato>MGP</Mercato>
    <Ora>7</Ora>
    <Italia>30442,83</Italia>
    <CNOR>2791,398</CNOR>
    <CSUD>4375,051</CSUD>
    <NORD>17483,304</NORD>
    <SARD>964,281</SARD>
    <SICI>1470,203</SICI>
    <SUD>3358,593</SUD>
  </Fabbisogno>
  <Fabbisogno>
    <Data>20150904</Data>
    <Mercato>MGP</Mercato>
    <Ora>8</Ora>
    <Italia>34272,925</Italia>
    <CNOR>3145,037</CNOR>
    <CSUD>4878,309</CSUD>
    <NORD>19866,927</NORD>
    <SARD>1003,072</SARD>
    <SICI>1676,26</SICI>
    <SUD>3703,32</SUD>
  </Fabbisogno>
  <Fabbisogno>
    <Data>20150904</Data>
    <Mercato>MGP</Mercato>
    <Ora>9</Ora>
    <Italia>39700,975</Italia>
    <CNOR>3626,853</CNOR>
    <CSUD>5456,372</CSUD>
    <NORD>23384,989</NORD>
    <SARD>1115,429</SARD>
    <SICI>1938,646</SICI>
    <SUD>4178,686</SUD>
  </Fabbisogno>
  <Fabbisogno>
    <Data>20150904</Data>
    <Mercato>MGP</Mercato>
    <Ora>10</Ora>
    <Italia>41095,516</Italia>
    <CNOR>3815,858</CNOR>
    <CSUD>5878,647</CSUD>
    <NORD>23933,976</NORD>
    <SARD>1127,21</SARD>
    <SICI>2032,224</SICI>
    <SUD>4307,601</SUD>
  </Fabbisogno>
  <Fabbisogno>
    <Data>20150904</Data>
    <Mercato>MGP</Mercato>
    <Ora>11</Ora>
    <Italia>41190,877</Italia>
    <CNOR>3859,533</CNOR>
    <CSUD>6005,728</CSUD>
    <NORD>23947,672</NORD>
    <SARD>1113,304</SARD>
    <SICI>2009,89</SICI>
    <SUD>4254,75</SUD>
  </Fabbisogno>
  <Fabbisogno>
    <Data>20150904</Data>
    <Mercato>MGP</Mercato>
    <Ora>12</Ora>
    <Italia>41255,899</Italia>
    <CNOR>3727,936</CNOR>
    <CSUD>5601,198</CSUD>
    <NORD>24632,484</NORD>
    <SARD>1069,649</SARD>
    <SICI>2012,981</SICI>
    <SUD>4211,651</SUD>
  </Fabbisogno>
  <Fabbisogno>
    <Data>20150904</Data>
    <Mercato>MGP</Mercato>
    <Ora>13</Ora>
    <Italia>40416,988</Italia>
    <CNOR>3680</CNOR>
    <CSUD>6074,554</CSUD>
    <NORD>23169,321</NORD>
    <SARD>1119,663</SARD>
    <SICI>2013,449</SICI>
    <SUD>4360,001</SUD>
  </Fabbisogno>
  <Fabbisogno>
    <Data>20150904</Data>
    <Mercato>MGP</Mercato>
    <Ora>14</Ora>
    <Italia>40119,179</Italia>
    <CNOR>3543,004</CNOR>
    <CSUD>5924,705</CSUD>
    <NORD>23402,747</NORD>
    <SARD>1080,981</SARD>
    <SICI>1948,038</SICI>
    <SUD>4219,704</SUD>
  </Fabbisogno>
  <Fabbisogno>
    <Data>20150904</Data>
    <Mercato>MGP</Mercato>
    <Ora>15</Ora>
    <Italia>39998,221</Italia>
    <CNOR>3512,3</CNOR>
    <CSUD>5524,148</CSUD>
    <NORD>24032,017</NORD>
    <SARD>1021,066</SARD>
    <SICI>1904,762</SICI>
    <SUD>4003,928</SUD>
  </Fabbisogno>
  <Fabbisogno>
    <Data>20150904</Data>
    <Mercato>MGP</Mercato>
    <Ora>16</Ora>
    <Italia>40029,932</Italia>
    <CNOR>3568,14</CNOR>
    <CSUD>5545,107</CSUD>
    <NORD>24053,959</NORD>
    <SARD>1005,318</SARD>
    <SICI>1904,256</SICI>
    <SUD>3953,152</SUD>
  </Fabbisogno>
  <Fabbisogno>
    <Data>20150904</Data>
    <Mercato>MGP</Mercato>
    <Ora>17</Ora>
    <Italia>40470,041</Italia>
    <CNOR>3635,361</CNOR>
    <CSUD>5659,524</CSUD>
    <NORD>23977,092</NORD>
    <SARD>1034,368</SARD>
    <SICI>2049,762</SICI>
    <SUD>4113,934</SUD>
  </Fabbisogno>
  <Fabbisogno>
    <Data>20150904</Data>
    <Mercato>MGP</Mercato>
    <Ora>18</Ora>
    <Italia>40290,398</Italia>
    <CNOR>3790,246</CNOR>
    <CSUD>6029,391</CSUD>
    <NORD>22809,107</NORD>
    <SARD>1117,063</SARD>
    <SICI>2130,46</SICI>
    <SUD>4414,131</SUD>
  </Fabbisogno>
  <Fabbisogno>
    <Data>20150904</Data>
    <Mercato>MGP</Mercato>
    <Ora>19</Ora>
    <Italia>39783,15</Italia>
    <CNOR>3763,302</CNOR>
    <CSUD>6075,135</CSUD>
    <NORD>22122,367</NORD>
    <SARD>1147,354</SARD>
    <SICI>2136,315</SICI>
    <SUD>4538,677</SUD>
  </Fabbisogno>
  <Fabbisogno>
    <Data>20150904</Data>
    <Mercato>MGP</Mercato>
    <Ora>20</Ora>
    <Italia>40612,568</Italia>
    <CNOR>3913,081</CNOR>
    <CSUD>6425,65</CSUD>
    <NORD>22107,97</NORD>
    <SARD>1202,16</SARD>
    <SICI>2278,02</SICI>
    <SUD>4685,687</SUD>
  </Fabbisogno>
  <Fabbisogno>
    <Data>20150904</Data>
    <Mercato>MGP</Mercato>
    <Ora>21</Ora>
    <Italia>40544,746</Italia>
    <CNOR>3886,126</CNOR>
    <CSUD>6426,674</CSUD>
    <NORD>21962,567</NORD>
    <SARD>1257,95</SARD>
    <SICI>2310,641</SICI>
    <SUD>4700,788</SUD>
  </Fabbisogno>
  <Fabbisogno>
    <Data>20150904</Data>
    <Mercato>MGP</Mercato>
    <Ora>22</Ora>
    <Italia>37472,206</Italia>
    <CNOR>3619,18</CNOR>
    <CSUD>5927,779</CSUD>
    <NORD>20298,991</NORD>
    <SARD>1195,802</SARD>
    <SICI>2090,064</SICI>
    <SUD>4340,39</SUD>
  </Fabbisogno>
  <Fabbisogno>
    <Data>20150904</Data>
    <Mercato>MGP</Mercato>
    <Ora>23</Ora>
    <Italia>34055,864</Italia>
    <CNOR>3356,05</CNOR>
    <CSUD>5490,528</CSUD>
    <NORD>17958,964</NORD>
    <SARD>1127,609</SARD>
    <SICI>1939,603</SICI>
    <SUD>4183,11</SUD>
  </Fabbisogno>
  <Fabbisogno>
    <Data>20150904</Data>
    <Mercato>MGP</Mercato>
    <Ora>24</Ora>
    <Italia>31087,408</Italia>
    <CNOR>3021,398</CNOR>
    <CSUD>4961,825</CSUD>
    <NORD>16426,86</NORD>
    <SARD>1050,876</SARD>
    <SICI>1733,319</SICI>
    <SUD>3893,13</SUD>
  </Fabbisogno>
</NewDataSet>