<?xml version="1.0" standalone="yes"?>
<NewDataSet>
  <xs:schema id="NewDataSet" xmlns="" xmlns:xs="http://www.w3.org/2001/XMLSchema" xmlns:msdata="urn:schemas-microsoft-com:xml-msdata">
    <xs:element name="NewDataSet" msdata:IsDataSet="true" msdata:UseCurrentLocale="true">
      <xs:complexType>
        <xs:choice minOccurs="0" maxOccurs="unbounded">
          <xs:element name="Fabbisogno">
            <xs:complexType>
              <xs:sequence>
                <xs:element name="Data" type="xs:string" minOccurs="0" />
                <xs:element name="Mercato" type="xs:string" minOccurs="0" />
                <xs:element name="Ora" type="xs:string" minOccurs="0" />
                <xs:element name="Italia" type="xs:string" minOccurs="0" />
                <xs:element name="CNOR" type="xs:string" minOccurs="0" />
                <xs:element name="CSUD" type="xs:string" minOccurs="0" />
                <xs:element name="NORD" type="xs:string" minOccurs="0" />
                <xs:element name="SARD" type="xs:string" minOccurs="0" />
                <xs:element name="SICI" type="xs:string" minOccurs="0" />
                <xs:element name="SUD" type="xs:string" minOccurs="0" />
              </xs:sequence>
            </xs:complexType>
          </xs:element>
        </xs:choice>
      </xs:complexType>
    </xs:element>
  </xs:schema>
  <Fabbisogno>
    <Data>20170518</Data>
    <Mercato>MGP</Mercato>
    <Ora>1</Ora>
    <Italia>27313,724</Italia>
    <CNOR>3270,269</CNOR>
    <CSUD>4617,629</CSUD>
    <NORD>14543,408</NORD>
    <SARD>936,384</SARD>
    <SICI>1663,454</SICI>
    <SUD>2282,58</SUD>
  </Fabbisogno>
  <Fabbisogno>
    <Data>20170518</Data>
    <Mercato>MGP</Mercato>
    <Ora>2</Ora>
    <Italia>25731,132</Italia>
    <CNOR>3082,929</CNOR>
    <CSUD>4258,489</CSUD>
    <NORD>13871,546</NORD>
    <SARD>838,853</SARD>
    <SICI>1538,675</SICI>
    <SUD>2140,64</SUD>
  </Fabbisogno>
  <Fabbisogno>
    <Data>20170518</Data>
    <Mercato>MGP</Mercato>
    <Ora>3</Ora>
    <Italia>24849,582</Italia>
    <CNOR>2972,139</CNOR>
    <CSUD>4047,245</CSUD>
    <NORD>13489,356</NORD>
    <SARD>812,724</SARD>
    <SICI>1464,171</SICI>
    <SUD>2063,947</SUD>
  </Fabbisogno>
  <Fabbisogno>
    <Data>20170518</Data>
    <Mercato>MGP</Mercato>
    <Ora>4</Ora>
    <Italia>24620,316</Italia>
    <CNOR>2946,673</CNOR>
    <CSUD>4012,302</CSUD>
    <NORD>13365,379</NORD>
    <SARD>807,57</SARD>
    <SICI>1441,509</SICI>
    <SUD>2046,883</SUD>
  </Fabbisogno>
  <Fabbisogno>
    <Data>20170518</Data>
    <Mercato>MGP</Mercato>
    <Ora>5</Ora>
    <Italia>24766,428</Italia>
    <CNOR>2956,902</CNOR>
    <CSUD>4031,565</CSUD>
    <NORD>13466,19</NORD>
    <SARD>810,082</SARD>
    <SICI>1444,452</SICI>
    <SUD>2057,237</SUD>
  </Fabbisogno>
  <Fabbisogno>
    <Data>20170518</Data>
    <Mercato>MGP</Mercato>
    <Ora>6</Ora>
    <Italia>25396,576</Italia>
    <CNOR>3034,307</CNOR>
    <CSUD>4120,749</CSUD>
    <NORD>13898,647</NORD>
    <SARD>840,921</SARD>
    <SICI>1471,915</SICI>
    <SUD>2030,037</SUD>
  </Fabbisogno>
  <Fabbisogno>
    <Data>20170518</Data>
    <Mercato>MGP</Mercato>
    <Ora>7</Ora>
    <Italia>28121,356</Italia>
    <CNOR>3337,674</CNOR>
    <CSUD>4470,398</CSUD>
    <NORD>15795,792</NORD>
    <SARD>889,369</SARD>
    <SICI>1513,784</SICI>
    <SUD>2114,339</SUD>
  </Fabbisogno>
  <Fabbisogno>
    <Data>20170518</Data>
    <Mercato>MGP</Mercato>
    <Ora>8</Ora>
    <Italia>33189,072</Italia>
    <CNOR>3973,03</CNOR>
    <CSUD>5239,908</CSUD>
    <NORD>18620,956</NORD>
    <SARD>1008,111</SARD>
    <SICI>1786,032</SICI>
    <SUD>2561,035</SUD>
  </Fabbisogno>
  <Fabbisogno>
    <Data>20170518</Data>
    <Mercato>MGP</Mercato>
    <Ora>9</Ora>
    <Italia>37731,422</Italia>
    <CNOR>4593,617</CNOR>
    <CSUD>5902,795</CSUD>
    <NORD>21186,429</NORD>
    <SARD>1121,109</SARD>
    <SICI>2017,658</SICI>
    <SUD>2909,814</SUD>
  </Fabbisogno>
  <Fabbisogno>
    <Data>20170518</Data>
    <Mercato>MGP</Mercato>
    <Ora>10</Ora>
    <Italia>38470,497</Italia>
    <CNOR>4689,894</CNOR>
    <CSUD>6085,13</CSUD>
    <NORD>21674,749</NORD>
    <SARD>1083,069</SARD>
    <SICI>2057,758</SICI>
    <SUD>2879,897</SUD>
  </Fabbisogno>
  <Fabbisogno>
    <Data>20170518</Data>
    <Mercato>MGP</Mercato>
    <Ora>11</Ora>
    <Italia>37971,823</Italia>
    <CNOR>4662,601</CNOR>
    <CSUD>6071,601</CSUD>
    <NORD>21481,314</NORD>
    <SARD>1049,7</SARD>
    <SICI>1999,584</SICI>
    <SUD>2707,023</SUD>
  </Fabbisogno>
  <Fabbisogno>
    <Data>20170518</Data>
    <Mercato>MGP</Mercato>
    <Ora>12</Ora>
    <Italia>37968,25</Italia>
    <CNOR>4620,934</CNOR>
    <CSUD>6062,623</CSUD>
    <NORD>21622,557</NORD>
    <SARD>1034,144</SARD>
    <SICI>1951,661</SICI>
    <SUD>2676,331</SUD>
  </Fabbisogno>
  <Fabbisogno>
    <Data>20170518</Data>
    <Mercato>MGP</Mercato>
    <Ora>13</Ora>
    <Italia>35910,214</Italia>
    <CNOR>4207,675</CNOR>
    <CSUD>5975,42</CSUD>
    <NORD>20111,995</NORD>
    <SARD>1018,261</SARD>
    <SICI>1922,069</SICI>
    <SUD>2674,794</SUD>
  </Fabbisogno>
  <Fabbisogno>
    <Data>20170518</Data>
    <Mercato>MGP</Mercato>
    <Ora>14</Ora>
    <Italia>35708,461</Italia>
    <CNOR>4061,894</CNOR>
    <CSUD>5808,852</CSUD>
    <NORD>20446,486</NORD>
    <SARD>985,096</SARD>
    <SICI>1847,01</SICI>
    <SUD>2559,123</SUD>
  </Fabbisogno>
  <Fabbisogno>
    <Data>20170518</Data>
    <Mercato>MGP</Mercato>
    <Ora>15</Ora>
    <Italia>36839,718</Italia>
    <CNOR>4435,293</CNOR>
    <CSUD>5855,692</CSUD>
    <NORD>21207,107</NORD>
    <SARD>966,76</SARD>
    <SICI>1854,345</SICI>
    <SUD>2520,521</SUD>
  </Fabbisogno>
  <Fabbisogno>
    <Data>20170518</Data>
    <Mercato>MGP</Mercato>
    <Ora>16</Ora>
    <Italia>37199,943</Italia>
    <CNOR>4538,06</CNOR>
    <CSUD>5918,986</CSUD>
    <NORD>21331,204</NORD>
    <SARD>972,457</SARD>
    <SICI>1876,948</SICI>
    <SUD>2562,288</SUD>
  </Fabbisogno>
  <Fabbisogno>
    <Data>20170518</Data>
    <Mercato>MGP</Mercato>
    <Ora>17</Ora>
    <Italia>37420,909</Italia>
    <CNOR>4600,33</CNOR>
    <CSUD>5970,815</CSUD>
    <NORD>21255,926</NORD>
    <SARD>988,464</SARD>
    <SICI>1934,089</SICI>
    <SUD>2671,285</SUD>
  </Fabbisogno>
  <Fabbisogno>
    <Data>20170518</Data>
    <Mercato>MGP</Mercato>
    <Ora>18</Ora>
    <Italia>36588,557</Italia>
    <CNOR>4546,768</CNOR>
    <CSUD>5931,759</CSUD>
    <NORD>20320,608</NORD>
    <SARD>1013,989</SARD>
    <SICI>1965,219</SICI>
    <SUD>2810,214</SUD>
  </Fabbisogno>
  <Fabbisogno>
    <Data>20170518</Data>
    <Mercato>MGP</Mercato>
    <Ora>19</Ora>
    <Italia>36130,312</Italia>
    <CNOR>4480,231</CNOR>
    <CSUD>5954,687</CSUD>
    <NORD>19633,165</NORD>
    <SARD>1056,093</SARD>
    <SICI>2035,377</SICI>
    <SUD>2970,759</SUD>
  </Fabbisogno>
  <Fabbisogno>
    <Data>20170518</Data>
    <Mercato>MGP</Mercato>
    <Ora>20</Ora>
    <Italia>35922,955</Italia>
    <CNOR>4396,007</CNOR>
    <CSUD>6108,029</CSUD>
    <NORD>19197,199</NORD>
    <SARD>1164,977</SARD>
    <SICI>2044,182</SICI>
    <SUD>3012,561</SUD>
  </Fabbisogno>
  <Fabbisogno>
    <Data>20170518</Data>
    <Mercato>MGP</Mercato>
    <Ora>21</Ora>
    <Italia>36650,176</Italia>
    <CNOR>4313,117</CNOR>
    <CSUD>6445,013</CSUD>
    <NORD>18956,659</NORD>
    <SARD>1239,641</SARD>
    <SICI>2260,691</SICI>
    <SUD>3435,055</SUD>
  </Fabbisogno>
  <Fabbisogno>
    <Data>20170518</Data>
    <Mercato>MGP</Mercato>
    <Ora>22</Ora>
    <Italia>36445,413</Italia>
    <CNOR>4260,551</CNOR>
    <CSUD>6375,703</CSUD>
    <NORD>19119,034</NORD>
    <SARD>1232,566</SARD>
    <SICI>2184,201</SICI>
    <SUD>3273,358</SUD>
  </Fabbisogno>
  <Fabbisogno>
    <Data>20170518</Data>
    <Mercato>MGP</Mercato>
    <Ora>23</Ora>
    <Italia>32833,306</Italia>
    <CNOR>3855,527</CNOR>
    <CSUD>5742,885</CSUD>
    <NORD>17271,656</NORD>
    <SARD>1127,959</SARD>
    <SICI>1972,484</SICI>
    <SUD>2862,795</SUD>
  </Fabbisogno>
  <Fabbisogno>
    <Data>20170518</Data>
    <Mercato>MGP</Mercato>
    <Ora>24</Ora>
    <Italia>29526,854</Italia>
    <CNOR>3446,203</CNOR>
    <CSUD>5058,965</CSUD>
    <NORD>15785,313</NORD>
    <SARD>958,266</SARD>
    <SICI>1745,458</SICI>
    <SUD>2532,649</SUD>
  </Fabbisogno>
</NewDataSet>