<?xml version="1.0" standalone="yes"?>
<NewDataSet>
  <xs:schema id="NewDataSet" xmlns="" xmlns:xs="http://www.w3.org/2001/XMLSchema" xmlns:msdata="urn:schemas-microsoft-com:xml-msdata">
    <xs:element name="NewDataSet" msdata:IsDataSet="true" msdata:UseCurrentLocale="true">
      <xs:complexType>
        <xs:choice minOccurs="0" maxOccurs="unbounded">
          <xs:element name="Fabbisogno">
            <xs:complexType>
              <xs:sequence>
                <xs:element name="Data" type="xs:string" minOccurs="0" />
                <xs:element name="Mercato" type="xs:string" minOccurs="0" />
                <xs:element name="Ora" type="xs:string" minOccurs="0" />
                <xs:element name="Italia" type="xs:string" minOccurs="0" />
                <xs:element name="CNOR" type="xs:string" minOccurs="0" />
                <xs:element name="CSUD" type="xs:string" minOccurs="0" />
                <xs:element name="NORD" type="xs:string" minOccurs="0" />
                <xs:element name="SARD" type="xs:string" minOccurs="0" />
                <xs:element name="SICI" type="xs:string" minOccurs="0" />
                <xs:element name="SUD" type="xs:string" minOccurs="0" />
              </xs:sequence>
            </xs:complexType>
          </xs:element>
        </xs:choice>
      </xs:complexType>
    </xs:element>
  </xs:schema>
  <Fabbisogno>
    <Data>20170512</Data>
    <Mercato>MGP</Mercato>
    <Ora>1</Ora>
    <Italia>26705,197</Italia>
    <CNOR>3180,461</CNOR>
    <CSUD>4446,145</CSUD>
    <NORD>14418,068</NORD>
    <SARD>880,568</SARD>
    <SICI>1617,014</SICI>
    <SUD>2162,941</SUD>
  </Fabbisogno>
  <Fabbisogno>
    <Data>20170512</Data>
    <Mercato>MGP</Mercato>
    <Ora>2</Ora>
    <Italia>25237,648</Italia>
    <CNOR>2995,09</CNOR>
    <CSUD>4079,36</CSUD>
    <NORD>13844,797</NORD>
    <SARD>831,612999999999</SARD>
    <SICI>1477,929</SICI>
    <SUD>2008,859</SUD>
  </Fabbisogno>
  <Fabbisogno>
    <Data>20170512</Data>
    <Mercato>MGP</Mercato>
    <Ora>3</Ora>
    <Italia>24408,758</Italia>
    <CNOR>2887,716</CNOR>
    <CSUD>3933,402</CSUD>
    <NORD>13413,876</NORD>
    <SARD>807,328</SARD>
    <SICI>1414,616</SICI>
    <SUD>1951,82</SUD>
  </Fabbisogno>
  <Fabbisogno>
    <Data>20170512</Data>
    <Mercato>MGP</Mercato>
    <Ora>4</Ora>
    <Italia>24205,524</Italia>
    <CNOR>2868,591</CNOR>
    <CSUD>3889,943</CSUD>
    <NORD>13309,876</NORD>
    <SARD>815,593</SARD>
    <SICI>1391,666</SICI>
    <SUD>1929,855</SUD>
  </Fabbisogno>
  <Fabbisogno>
    <Data>20170512</Data>
    <Mercato>MGP</Mercato>
    <Ora>5</Ora>
    <Italia>24287,462</Italia>
    <CNOR>2878,922</CNOR>
    <CSUD>3903,397</CSUD>
    <NORD>13346,393</NORD>
    <SARD>819,281</SARD>
    <SICI>1393,78</SICI>
    <SUD>1945,689</SUD>
  </Fabbisogno>
  <Fabbisogno>
    <Data>20170512</Data>
    <Mercato>MGP</Mercato>
    <Ora>6</Ora>
    <Italia>25059,577</Italia>
    <CNOR>2936,596</CNOR>
    <CSUD>3965,37</CSUD>
    <NORD>13973,822</NORD>
    <SARD>837,547</SARD>
    <SICI>1429,161</SICI>
    <SUD>1917,081</SUD>
  </Fabbisogno>
  <Fabbisogno>
    <Data>20170512</Data>
    <Mercato>MGP</Mercato>
    <Ora>7</Ora>
    <Italia>27874,621</Italia>
    <CNOR>3277,333</CNOR>
    <CSUD>4325,866</CSUD>
    <NORD>15841,513</NORD>
    <SARD>896,61</SARD>
    <SICI>1495,253</SICI>
    <SUD>2038,046</SUD>
  </Fabbisogno>
  <Fabbisogno>
    <Data>20170512</Data>
    <Mercato>MGP</Mercato>
    <Ora>8</Ora>
    <Italia>32891,853</Italia>
    <CNOR>3914,316</CNOR>
    <CSUD>5079,98</CSUD>
    <NORD>18691,807</NORD>
    <SARD>1013,148</SARD>
    <SICI>1776,878</SICI>
    <SUD>2415,724</SUD>
  </Fabbisogno>
  <Fabbisogno>
    <Data>20170512</Data>
    <Mercato>MGP</Mercato>
    <Ora>9</Ora>
    <Italia>37829,989</Italia>
    <CNOR>4574,219</CNOR>
    <CSUD>5837,151</CSUD>
    <NORD>21558,911</NORD>
    <SARD>1131,533</SARD>
    <SICI>1998,474</SICI>
    <SUD>2729,701</SUD>
  </Fabbisogno>
  <Fabbisogno>
    <Data>20170512</Data>
    <Mercato>MGP</Mercato>
    <Ora>10</Ora>
    <Italia>38276,247</Italia>
    <CNOR>4647,891</CNOR>
    <CSUD>5964,012</CSUD>
    <NORD>21893,254</NORD>
    <SARD>1090,755</SARD>
    <SICI>2010,313</SICI>
    <SUD>2670,022</SUD>
  </Fabbisogno>
  <Fabbisogno>
    <Data>20170512</Data>
    <Mercato>MGP</Mercato>
    <Ora>11</Ora>
    <Italia>38268,216</Italia>
    <CNOR>4595,286</CNOR>
    <CSUD>5950,485</CSUD>
    <NORD>22140,324</NORD>
    <SARD>1045,914</SARD>
    <SICI>1943,145</SICI>
    <SUD>2593,062</SUD>
  </Fabbisogno>
  <Fabbisogno>
    <Data>20170512</Data>
    <Mercato>MGP</Mercato>
    <Ora>12</Ora>
    <Italia>37840,112</Italia>
    <CNOR>4475,548</CNOR>
    <CSUD>5774,439</CSUD>
    <NORD>22138,355</NORD>
    <SARD>1013,297</SARD>
    <SICI>1886,449</SICI>
    <SUD>2552,024</SUD>
  </Fabbisogno>
  <Fabbisogno>
    <Data>20170512</Data>
    <Mercato>MGP</Mercato>
    <Ora>13</Ora>
    <Italia>35989,766</Italia>
    <CNOR>4233,757</CNOR>
    <CSUD>5807,959</CSUD>
    <NORD>20492,846</NORD>
    <SARD>1002,103</SARD>
    <SICI>1866,632</SICI>
    <SUD>2586,469</SUD>
  </Fabbisogno>
  <Fabbisogno>
    <Data>20170512</Data>
    <Mercato>MGP</Mercato>
    <Ora>14</Ora>
    <Italia>35449,81</Italia>
    <CNOR>4045,601</CNOR>
    <CSUD>5568,26</CSUD>
    <NORD>20558,863</NORD>
    <SARD>969,508</SARD>
    <SICI>1824,213</SICI>
    <SUD>2483,365</SUD>
  </Fabbisogno>
  <Fabbisogno>
    <Data>20170512</Data>
    <Mercato>MGP</Mercato>
    <Ora>15</Ora>
    <Italia>36111,907</Italia>
    <CNOR>4224,555</CNOR>
    <CSUD>5572,508</CSUD>
    <NORD>21123,667</NORD>
    <SARD>941,897</SARD>
    <SICI>1827,126</SICI>
    <SUD>2422,154</SUD>
  </Fabbisogno>
  <Fabbisogno>
    <Data>20170512</Data>
    <Mercato>MGP</Mercato>
    <Ora>16</Ora>
    <Italia>36228,872</Italia>
    <CNOR>4299,114</CNOR>
    <CSUD>5616,495</CSUD>
    <NORD>21068,942</NORD>
    <SARD>948,552</SARD>
    <SICI>1839,058</SICI>
    <SUD>2456,711</SUD>
  </Fabbisogno>
  <Fabbisogno>
    <Data>20170512</Data>
    <Mercato>MGP</Mercato>
    <Ora>17</Ora>
    <Italia>36294,769</Italia>
    <CNOR>4395,486</CNOR>
    <CSUD>5738,636</CSUD>
    <NORD>20740,149</NORD>
    <SARD>969,33</SARD>
    <SICI>1893,42</SICI>
    <SUD>2557,748</SUD>
  </Fabbisogno>
  <Fabbisogno>
    <Data>20170512</Data>
    <Mercato>MGP</Mercato>
    <Ora>18</Ora>
    <Italia>35531,822</Italia>
    <CNOR>4344,726</CNOR>
    <CSUD>5745,291</CSUD>
    <NORD>19806,562</NORD>
    <SARD>1002,276</SARD>
    <SICI>1949,918</SICI>
    <SUD>2683,049</SUD>
  </Fabbisogno>
  <Fabbisogno>
    <Data>20170512</Data>
    <Mercato>MGP</Mercato>
    <Ora>19</Ora>
    <Italia>35382,623</Italia>
    <CNOR>4364,6</CNOR>
    <CSUD>5864,458</CSUD>
    <NORD>19236,251</NORD>
    <SARD>1062,719</SARD>
    <SICI>2044,853</SICI>
    <SUD>2809,742</SUD>
  </Fabbisogno>
  <Fabbisogno>
    <Data>20170512</Data>
    <Mercato>MGP</Mercato>
    <Ora>20</Ora>
    <Italia>34678,141</Italia>
    <CNOR>4313,589</CNOR>
    <CSUD>5961,492</CSUD>
    <NORD>18387,801</NORD>
    <SARD>1073,774</SARD>
    <SICI>2087,552</SICI>
    <SUD>2853,933</SUD>
  </Fabbisogno>
  <Fabbisogno>
    <Data>20170512</Data>
    <Mercato>MGP</Mercato>
    <Ora>21</Ora>
    <Italia>35669,811</Italia>
    <CNOR>4310,224</CNOR>
    <CSUD>6338,958</CSUD>
    <NORD>18332,276</NORD>
    <SARD>1150,361</SARD>
    <SICI>2312,637</SICI>
    <SUD>3225,355</SUD>
  </Fabbisogno>
  <Fabbisogno>
    <Data>20170512</Data>
    <Mercato>MGP</Mercato>
    <Ora>22</Ora>
    <Italia>34671,535</Italia>
    <CNOR>4187,31</CNOR>
    <CSUD>6111,041</CSUD>
    <NORD>17976,642</NORD>
    <SARD>1133,306</SARD>
    <SICI>2219,173</SICI>
    <SUD>3044,063</SUD>
  </Fabbisogno>
  <Fabbisogno>
    <Data>20170512</Data>
    <Mercato>MGP</Mercato>
    <Ora>23</Ora>
    <Italia>31900,715</Italia>
    <CNOR>3834,107</CNOR>
    <CSUD>5555,795</CSUD>
    <NORD>16714,375</NORD>
    <SARD>1049,615</SARD>
    <SICI>2001,565</SICI>
    <SUD>2745,258</SUD>
  </Fabbisogno>
  <Fabbisogno>
    <Data>20170512</Data>
    <Mercato>MGP</Mercato>
    <Ora>24</Ora>
    <Italia>28770,507</Italia>
    <CNOR>3467,752</CNOR>
    <CSUD>4978,413</CSUD>
    <NORD>15143,589</NORD>
    <SARD>959,926</SARD>
    <SICI>1812,23</SICI>
    <SUD>2408,597</SUD>
  </Fabbisogno>
</NewDataSet>