<?xml version="1.0" standalone="yes"?>
<NewDataSet>
  <xs:schema id="NewDataSet" xmlns="" xmlns:xs="http://www.w3.org/2001/XMLSchema" xmlns:msdata="urn:schemas-microsoft-com:xml-msdata">
    <xs:element name="NewDataSet" msdata:IsDataSet="true" msdata:UseCurrentLocale="true">
      <xs:complexType>
        <xs:choice minOccurs="0" maxOccurs="unbounded">
          <xs:element name="Fabbisogno">
            <xs:complexType>
              <xs:sequence>
                <xs:element name="Data" type="xs:string" minOccurs="0" />
                <xs:element name="Mercato" type="xs:string" minOccurs="0" />
                <xs:element name="Ora" type="xs:string" minOccurs="0" />
                <xs:element name="Italia" type="xs:string" minOccurs="0" />
                <xs:element name="CNOR" type="xs:string" minOccurs="0" />
                <xs:element name="CSUD" type="xs:string" minOccurs="0" />
                <xs:element name="NORD" type="xs:string" minOccurs="0" />
                <xs:element name="SARD" type="xs:string" minOccurs="0" />
                <xs:element name="SICI" type="xs:string" minOccurs="0" />
                <xs:element name="SUD" type="xs:string" minOccurs="0" />
              </xs:sequence>
            </xs:complexType>
          </xs:element>
        </xs:choice>
      </xs:complexType>
    </xs:element>
  </xs:schema>
  <Fabbisogno>
    <Data>20170526</Data>
    <Mercato>MGP</Mercato>
    <Ora>1</Ora>
    <Italia>27658,07</Italia>
    <CNOR>3211,311</CNOR>
    <CSUD>4608,32</CSUD>
    <NORD>15008,646</NORD>
    <SARD>922,828</SARD>
    <SICI>1639,984</SICI>
    <SUD>2266,981</SUD>
  </Fabbisogno>
  <Fabbisogno>
    <Data>20170526</Data>
    <Mercato>MGP</Mercato>
    <Ora>2</Ora>
    <Italia>26153,809</Italia>
    <CNOR>3031,148</CNOR>
    <CSUD>4261,331</CSUD>
    <NORD>14386,224</NORD>
    <SARD>861,374</SARD>
    <SICI>1497,427</SICI>
    <SUD>2116,305</SUD>
  </Fabbisogno>
  <Fabbisogno>
    <Data>20170526</Data>
    <Mercato>MGP</Mercato>
    <Ora>3</Ora>
    <Italia>25286,555</Italia>
    <CNOR>2919,147</CNOR>
    <CSUD>4057,216</CSUD>
    <NORD>13989,585</NORD>
    <SARD>831,424</SARD>
    <SICI>1448,426</SICI>
    <SUD>2040,757</SUD>
  </Fabbisogno>
  <Fabbisogno>
    <Data>20170526</Data>
    <Mercato>MGP</Mercato>
    <Ora>4</Ora>
    <Italia>24975,641</Italia>
    <CNOR>2890,257</CNOR>
    <CSUD>4019,728</CSUD>
    <NORD>13770,387</NORD>
    <SARD>841,04</SARD>
    <SICI>1420,287</SICI>
    <SUD>2033,942</SUD>
  </Fabbisogno>
  <Fabbisogno>
    <Data>20170526</Data>
    <Mercato>MGP</Mercato>
    <Ora>5</Ora>
    <Italia>25089,49</Italia>
    <CNOR>2880,205</CNOR>
    <CSUD>4029,438</CSUD>
    <NORD>13888,556</NORD>
    <SARD>827,767</SARD>
    <SICI>1430,883</SICI>
    <SUD>2032,641</SUD>
  </Fabbisogno>
  <Fabbisogno>
    <Data>20170526</Data>
    <Mercato>MGP</Mercato>
    <Ora>6</Ora>
    <Italia>25557,864</Italia>
    <CNOR>2932,583</CNOR>
    <CSUD>4053,439</CSUD>
    <NORD>14300,336</NORD>
    <SARD>850,529</SARD>
    <SICI>1451,558</SICI>
    <SUD>1969,419</SUD>
  </Fabbisogno>
  <Fabbisogno>
    <Data>20170526</Data>
    <Mercato>MGP</Mercato>
    <Ora>7</Ora>
    <Italia>28382,445</Italia>
    <CNOR>3232,463</CNOR>
    <CSUD>4482,978</CSUD>
    <NORD>16132,551</NORD>
    <SARD>881,577</SARD>
    <SICI>1546,508</SICI>
    <SUD>2106,368</SUD>
  </Fabbisogno>
  <Fabbisogno>
    <Data>20170526</Data>
    <Mercato>MGP</Mercato>
    <Ora>8</Ora>
    <Italia>33436,922</Italia>
    <CNOR>3890,209</CNOR>
    <CSUD>5281,598</CSUD>
    <NORD>18943,661</NORD>
    <SARD>994,808</SARD>
    <SICI>1811,967</SICI>
    <SUD>2514,679</SUD>
  </Fabbisogno>
  <Fabbisogno>
    <Data>20170526</Data>
    <Mercato>MGP</Mercato>
    <Ora>9</Ora>
    <Italia>38156,25</Italia>
    <CNOR>4493,892</CNOR>
    <CSUD>5915,625</CSUD>
    <NORD>21829,512</NORD>
    <SARD>1085,123</SARD>
    <SICI>2037,077</SICI>
    <SUD>2795,021</SUD>
  </Fabbisogno>
  <Fabbisogno>
    <Data>20170526</Data>
    <Mercato>MGP</Mercato>
    <Ora>10</Ora>
    <Italia>38831,256</Italia>
    <CNOR>4597,506</CNOR>
    <CSUD>6109,887</CSUD>
    <NORD>22235,156</NORD>
    <SARD>1069,475</SARD>
    <SICI>2053,689</SICI>
    <SUD>2765,543</SUD>
  </Fabbisogno>
  <Fabbisogno>
    <Data>20170526</Data>
    <Mercato>MGP</Mercato>
    <Ora>11</Ora>
    <Italia>38576,16</Italia>
    <CNOR>4570,636</CNOR>
    <CSUD>6054,893</CSUD>
    <NORD>22219,976</NORD>
    <SARD>1018,747</SARD>
    <SICI>2025,988</SICI>
    <SUD>2685,92</SUD>
  </Fabbisogno>
  <Fabbisogno>
    <Data>20170526</Data>
    <Mercato>MGP</Mercato>
    <Ora>12</Ora>
    <Italia>38719,783</Italia>
    <CNOR>4557,126</CNOR>
    <CSUD>6015,014</CSUD>
    <NORD>22512,084</NORD>
    <SARD>999,628</SARD>
    <SICI>1976,623</SICI>
    <SUD>2659,308</SUD>
  </Fabbisogno>
  <Fabbisogno>
    <Data>20170526</Data>
    <Mercato>MGP</Mercato>
    <Ora>13</Ora>
    <Italia>36626,674</Italia>
    <CNOR>4251,534</CNOR>
    <CSUD>5960,456</CSUD>
    <NORD>20837,02</NORD>
    <SARD>975,048</SARD>
    <SICI>1947,147</SICI>
    <SUD>2655,469</SUD>
  </Fabbisogno>
  <Fabbisogno>
    <Data>20170526</Data>
    <Mercato>MGP</Mercato>
    <Ora>14</Ora>
    <Italia>36009,334</Italia>
    <CNOR>4071,844</CNOR>
    <CSUD>5759,834</CSUD>
    <NORD>20819,816</NORD>
    <SARD>934,654</SARD>
    <SICI>1876,717</SICI>
    <SUD>2546,469</SUD>
  </Fabbisogno>
  <Fabbisogno>
    <Data>20170526</Data>
    <Mercato>MGP</Mercato>
    <Ora>15</Ora>
    <Italia>37006,828</Italia>
    <CNOR>4284,152</CNOR>
    <CSUD>5803,021</CSUD>
    <NORD>21638,055</NORD>
    <SARD>910,502</SARD>
    <SICI>1850,586</SICI>
    <SUD>2520,512</SUD>
  </Fabbisogno>
  <Fabbisogno>
    <Data>20170526</Data>
    <Mercato>MGP</Mercato>
    <Ora>16</Ora>
    <Italia>37357,949</Italia>
    <CNOR>4326,194</CNOR>
    <CSUD>5853,982</CSUD>
    <NORD>21817,642</NORD>
    <SARD>919,156</SARD>
    <SICI>1885,143</SICI>
    <SUD>2555,832</SUD>
  </Fabbisogno>
  <Fabbisogno>
    <Data>20170526</Data>
    <Mercato>MGP</Mercato>
    <Ora>17</Ora>
    <Italia>37576,641</Italia>
    <CNOR>4364,556</CNOR>
    <CSUD>5905,977</CSUD>
    <NORD>21739,161</NORD>
    <SARD>951,543</SARD>
    <SICI>1958,097</SICI>
    <SUD>2657,307</SUD>
  </Fabbisogno>
  <Fabbisogno>
    <Data>20170526</Data>
    <Mercato>MGP</Mercato>
    <Ora>18</Ora>
    <Italia>36689,308</Italia>
    <CNOR>4313,689</CNOR>
    <CSUD>5894,673</CSUD>
    <NORD>20709,988</NORD>
    <SARD>1022,706</SARD>
    <SICI>1991,208</SICI>
    <SUD>2757,044</SUD>
  </Fabbisogno>
  <Fabbisogno>
    <Data>20170526</Data>
    <Mercato>MGP</Mercato>
    <Ora>19</Ora>
    <Italia>36561,629</Italia>
    <CNOR>4305,019</CNOR>
    <CSUD>5960,848</CSUD>
    <NORD>20275,142</NORD>
    <SARD>1071,336</SARD>
    <SICI>2068,962</SICI>
    <SUD>2880,322</SUD>
  </Fabbisogno>
  <Fabbisogno>
    <Data>20170526</Data>
    <Mercato>MGP</Mercato>
    <Ora>20</Ora>
    <Italia>36498,384</Italia>
    <CNOR>4282,356</CNOR>
    <CSUD>6157,112</CSUD>
    <NORD>19881,385</NORD>
    <SARD>1104,634</SARD>
    <SICI>2093,447</SICI>
    <SUD>2979,45</SUD>
  </Fabbisogno>
  <Fabbisogno>
    <Data>20170526</Data>
    <Mercato>MGP</Mercato>
    <Ora>21</Ora>
    <Italia>36803,584</Italia>
    <CNOR>4282,378</CNOR>
    <CSUD>6469,605</CSUD>
    <NORD>19226,396</NORD>
    <SARD>1194,525</SARD>
    <SICI>2310,166</SICI>
    <SUD>3320,514</SUD>
  </Fabbisogno>
  <Fabbisogno>
    <Data>20170526</Data>
    <Mercato>MGP</Mercato>
    <Ora>22</Ora>
    <Italia>36154,464</Italia>
    <CNOR>4191,476</CNOR>
    <CSUD>6291,178</CSUD>
    <NORD>19102,013</NORD>
    <SARD>1168,919</SARD>
    <SICI>2216,194</SICI>
    <SUD>3184,684</SUD>
  </Fabbisogno>
  <Fabbisogno>
    <Data>20170526</Data>
    <Mercato>MGP</Mercato>
    <Ora>23</Ora>
    <Italia>33133,353</Italia>
    <CNOR>3844,728</CNOR>
    <CSUD>5739,684</CSUD>
    <NORD>17540,235</NORD>
    <SARD>1077,98</SARD>
    <SICI>2025,407</SICI>
    <SUD>2905,319</SUD>
  </Fabbisogno>
  <Fabbisogno>
    <Data>20170526</Data>
    <Mercato>MGP</Mercato>
    <Ora>24</Ora>
    <Italia>29954,345</Italia>
    <CNOR>3447,471</CNOR>
    <CSUD>5127,78</CSUD>
    <NORD>15998,663</NORD>
    <SARD>993,929</SARD>
    <SICI>1813,28</SICI>
    <SUD>2573,222</SUD>
  </Fabbisogno>
</NewDataSet>