<?xml version="1.0" standalone="yes"?>
<NewDataSet>
  <xs:schema id="NewDataSet" xmlns="" xmlns:xs="http://www.w3.org/2001/XMLSchema" xmlns:msdata="urn:schemas-microsoft-com:xml-msdata">
    <xs:element name="NewDataSet" msdata:IsDataSet="true" msdata:UseCurrentLocale="true">
      <xs:complexType>
        <xs:choice minOccurs="0" maxOccurs="unbounded">
          <xs:element name="Fabbisogno">
            <xs:complexType>
              <xs:sequence>
                <xs:element name="Data" type="xs:string" minOccurs="0" />
                <xs:element name="Mercato" type="xs:string" minOccurs="0" />
                <xs:element name="Ora" type="xs:string" minOccurs="0" />
                <xs:element name="Italia" type="xs:string" minOccurs="0" />
                <xs:element name="CNOR" type="xs:string" minOccurs="0" />
                <xs:element name="CSUD" type="xs:string" minOccurs="0" />
                <xs:element name="NORD" type="xs:string" minOccurs="0" />
                <xs:element name="SARD" type="xs:string" minOccurs="0" />
                <xs:element name="SICI" type="xs:string" minOccurs="0" />
                <xs:element name="SUD" type="xs:string" minOccurs="0" />
              </xs:sequence>
            </xs:complexType>
          </xs:element>
        </xs:choice>
      </xs:complexType>
    </xs:element>
  </xs:schema>
  <Fabbisogno>
    <Data>20170528</Data>
    <Mercato>MGP</Mercato>
    <Ora>1</Ora>
    <Italia>24677,534</Italia>
    <CNOR>2905,643</CNOR>
    <CSUD>4410,443</CSUD>
    <NORD>12593,685</NORD>
    <SARD>909,017</SARD>
    <SICI>1642,19</SICI>
    <SUD>2216,556</SUD>
  </Fabbisogno>
  <Fabbisogno>
    <Data>20170528</Data>
    <Mercato>MGP</Mercato>
    <Ora>2</Ora>
    <Italia>23169,303</Italia>
    <CNOR>2724,538</CNOR>
    <CSUD>4074,299</CSUD>
    <NORD>11931,19</NORD>
    <SARD>862,327</SARD>
    <SICI>1522,328</SICI>
    <SUD>2054,621</SUD>
  </Fabbisogno>
  <Fabbisogno>
    <Data>20170528</Data>
    <Mercato>MGP</Mercato>
    <Ora>3</Ora>
    <Italia>22204,206</Italia>
    <CNOR>2600,386</CNOR>
    <CSUD>3832,941</CSUD>
    <NORD>11539,533</NORD>
    <SARD>831,394</SARD>
    <SICI>1452,161</SICI>
    <SUD>1947,791</SUD>
  </Fabbisogno>
  <Fabbisogno>
    <Data>20170528</Data>
    <Mercato>MGP</Mercato>
    <Ora>4</Ora>
    <Italia>21698,619</Italia>
    <CNOR>2543,399</CNOR>
    <CSUD>3734,314</CSUD>
    <NORD>11285,095</NORD>
    <SARD>822,399</SARD>
    <SICI>1406,174</SICI>
    <SUD>1907,238</SUD>
  </Fabbisogno>
  <Fabbisogno>
    <Data>20170528</Data>
    <Mercato>MGP</Mercato>
    <Ora>5</Ora>
    <Italia>21366,46</Italia>
    <CNOR>2510,848</CNOR>
    <CSUD>3686,068</CSUD>
    <NORD>11062,149</NORD>
    <SARD>817,746</SARD>
    <SICI>1395,897</SICI>
    <SUD>1893,752</SUD>
  </Fabbisogno>
  <Fabbisogno>
    <Data>20170528</Data>
    <Mercato>MGP</Mercato>
    <Ora>6</Ora>
    <Italia>20924,213</Italia>
    <CNOR>2436,722</CNOR>
    <CSUD>3588,227</CSUD>
    <NORD>10901,822</NORD>
    <SARD>824,988</SARD>
    <SICI>1383,436</SICI>
    <SUD>1789,018</SUD>
  </Fabbisogno>
  <Fabbisogno>
    <Data>20170528</Data>
    <Mercato>MGP</Mercato>
    <Ora>7</Ora>
    <Italia>20747,332</Italia>
    <CNOR>2365,859</CNOR>
    <CSUD>3564,136</CSUD>
    <NORD>10868,49</NORD>
    <SARD>820,663</SARD>
    <SICI>1355,845</SICI>
    <SUD>1772,339</SUD>
  </Fabbisogno>
  <Fabbisogno>
    <Data>20170528</Data>
    <Mercato>MGP</Mercato>
    <Ora>8</Ora>
    <Italia>21974,158</Italia>
    <CNOR>2510,432</CNOR>
    <CSUD>3849,57</CSUD>
    <NORD>11366,681</NORD>
    <SARD>864,176</SARD>
    <SICI>1476,194</SICI>
    <SUD>1907,105</SUD>
  </Fabbisogno>
  <Fabbisogno>
    <Data>20170528</Data>
    <Mercato>MGP</Mercato>
    <Ora>9</Ora>
    <Italia>23604,33</Italia>
    <CNOR>2662,651</CNOR>
    <CSUD>4200,257</CSUD>
    <NORD>12185,26</NORD>
    <SARD>909,584</SARD>
    <SICI>1628,426</SICI>
    <SUD>2018,152</SUD>
  </Fabbisogno>
  <Fabbisogno>
    <Data>20170528</Data>
    <Mercato>MGP</Mercato>
    <Ora>10</Ora>
    <Italia>24802,863</Italia>
    <CNOR>2806,852</CNOR>
    <CSUD>4504,973</CSUD>
    <NORD>12738,211</NORD>
    <SARD>929,683</SARD>
    <SICI>1719,175</SICI>
    <SUD>2103,969</SUD>
  </Fabbisogno>
  <Fabbisogno>
    <Data>20170528</Data>
    <Mercato>MGP</Mercato>
    <Ora>11</Ora>
    <Italia>25052,63</Italia>
    <CNOR>2745,83</CNOR>
    <CSUD>4572,373</CSUD>
    <NORD>13013,545</NORD>
    <SARD>901,795</SARD>
    <SICI>1749,727</SICI>
    <SUD>2069,36</SUD>
  </Fabbisogno>
  <Fabbisogno>
    <Data>20170528</Data>
    <Mercato>MGP</Mercato>
    <Ora>12</Ora>
    <Italia>25482,288</Italia>
    <CNOR>2782,692</CNOR>
    <CSUD>4600,928</CSUD>
    <NORD>13412,566</NORD>
    <SARD>901,991</SARD>
    <SICI>1732,935</SICI>
    <SUD>2051,176</SUD>
  </Fabbisogno>
  <Fabbisogno>
    <Data>20170528</Data>
    <Mercato>MGP</Mercato>
    <Ora>13</Ora>
    <Italia>25376,9</Italia>
    <CNOR>2731,392</CNOR>
    <CSUD>4634,435</CSUD>
    <NORD>13334,048</NORD>
    <SARD>877,364</SARD>
    <SICI>1715,832</SICI>
    <SUD>2083,829</SUD>
  </Fabbisogno>
  <Fabbisogno>
    <Data>20170528</Data>
    <Mercato>MGP</Mercato>
    <Ora>14</Ora>
    <Italia>24272,137</Italia>
    <CNOR>2617,035</CNOR>
    <CSUD>4478,413</CSUD>
    <NORD>12834,703</NORD>
    <SARD>829,971</SARD>
    <SICI>1576,502</SICI>
    <SUD>1935,513</SUD>
  </Fabbisogno>
  <Fabbisogno>
    <Data>20170528</Data>
    <Mercato>MGP</Mercato>
    <Ora>15</Ora>
    <Italia>23527,827</Italia>
    <CNOR>2544,045</CNOR>
    <CSUD>4206,492</CSUD>
    <NORD>12725,359</NORD>
    <SARD>783,342</SARD>
    <SICI>1469,846</SICI>
    <SUD>1798,743</SUD>
  </Fabbisogno>
  <Fabbisogno>
    <Data>20170528</Data>
    <Mercato>MGP</Mercato>
    <Ora>16</Ora>
    <Italia>23630,703</Italia>
    <CNOR>2571,989</CNOR>
    <CSUD>4207,819</CSUD>
    <NORD>12765,175</NORD>
    <SARD>779,343</SARD>
    <SICI>1475,2</SICI>
    <SUD>1831,177</SUD>
  </Fabbisogno>
  <Fabbisogno>
    <Data>20170528</Data>
    <Mercato>MGP</Mercato>
    <Ora>17</Ora>
    <Italia>23776,61</Italia>
    <CNOR>2603,811</CNOR>
    <CSUD>4235,336</CSUD>
    <NORD>12697,443</NORD>
    <SARD>800,563</SARD>
    <SICI>1509,635</SICI>
    <SUD>1929,822</SUD>
  </Fabbisogno>
  <Fabbisogno>
    <Data>20170528</Data>
    <Mercato>MGP</Mercato>
    <Ora>18</Ora>
    <Italia>24444,441</Italia>
    <CNOR>2783,463</CNOR>
    <CSUD>4382,296</CSUD>
    <NORD>12801,05</NORD>
    <SARD>854,57</SARD>
    <SICI>1576,988</SICI>
    <SUD>2046,074</SUD>
  </Fabbisogno>
  <Fabbisogno>
    <Data>20170528</Data>
    <Mercato>MGP</Mercato>
    <Ora>19</Ora>
    <Italia>25710,084</Italia>
    <CNOR>2964,979</CNOR>
    <CSUD>4552,092</CSUD>
    <NORD>13489,744</NORD>
    <SARD>898,155</SARD>
    <SICI>1641,538</SICI>
    <SUD>2163,576</SUD>
  </Fabbisogno>
  <Fabbisogno>
    <Data>20170528</Data>
    <Mercato>MGP</Mercato>
    <Ora>20</Ora>
    <Italia>27295,293</Italia>
    <CNOR>3196,53</CNOR>
    <CSUD>4816,812</CSUD>
    <NORD>14263,338</NORD>
    <SARD>960,496</SARD>
    <SICI>1736,829</SICI>
    <SUD>2321,288</SUD>
  </Fabbisogno>
  <Fabbisogno>
    <Data>20170528</Data>
    <Mercato>MGP</Mercato>
    <Ora>21</Ora>
    <Italia>28752,612</Italia>
    <CNOR>3372,583</CNOR>
    <CSUD>5242,998</CSUD>
    <NORD>14429,811</NORD>
    <SARD>1031,54</SARD>
    <SICI>1974,445</SICI>
    <SUD>2701,235</SUD>
  </Fabbisogno>
  <Fabbisogno>
    <Data>20170528</Data>
    <Mercato>MGP</Mercato>
    <Ora>22</Ora>
    <Italia>29495,55</Italia>
    <CNOR>3492,003</CNOR>
    <CSUD>5407,155</CSUD>
    <NORD>14791,983</NORD>
    <SARD>1073,049</SARD>
    <SICI>1986,294</SICI>
    <SUD>2745,066</SUD>
  </Fabbisogno>
  <Fabbisogno>
    <Data>20170528</Data>
    <Mercato>MGP</Mercato>
    <Ora>23</Ora>
    <Italia>27845,829</Italia>
    <CNOR>3316,627</CNOR>
    <CSUD>5088,116</CSUD>
    <NORD>14002,749</NORD>
    <SARD>1012,781</SARD>
    <SICI>1859,134</SICI>
    <SUD>2566,422</SUD>
  </Fabbisogno>
  <Fabbisogno>
    <Data>20170528</Data>
    <Mercato>MGP</Mercato>
    <Ora>24</Ora>
    <Italia>25481,416</Italia>
    <CNOR>3003,339</CNOR>
    <CSUD>4615,317</CSUD>
    <NORD>12903,375</NORD>
    <SARD>937,955</SARD>
    <SICI>1695,323</SICI>
    <SUD>2326,107</SUD>
  </Fabbisogno>
</NewDataSet>