<?xml version="1.0" standalone="yes"?>
<NewDataSet>
  <xs:schema id="NewDataSet" xmlns="" xmlns:xs="http://www.w3.org/2001/XMLSchema" xmlns:msdata="urn:schemas-microsoft-com:xml-msdata">
    <xs:element name="NewDataSet" msdata:IsDataSet="true" msdata:UseCurrentLocale="true">
      <xs:complexType>
        <xs:choice minOccurs="0" maxOccurs="unbounded">
          <xs:element name="Fabbisogno">
            <xs:complexType>
              <xs:sequence>
                <xs:element name="Data" type="xs:string" minOccurs="0" />
                <xs:element name="Mercato" type="xs:string" minOccurs="0" />
                <xs:element name="Ora" type="xs:string" minOccurs="0" />
                <xs:element name="Italia" type="xs:string" minOccurs="0" />
                <xs:element name="CNOR" type="xs:string" minOccurs="0" />
                <xs:element name="CSUD" type="xs:string" minOccurs="0" />
                <xs:element name="NORD" type="xs:string" minOccurs="0" />
                <xs:element name="SARD" type="xs:string" minOccurs="0" />
                <xs:element name="SICI" type="xs:string" minOccurs="0" />
                <xs:element name="SUD" type="xs:string" minOccurs="0" />
              </xs:sequence>
            </xs:complexType>
          </xs:element>
        </xs:choice>
      </xs:complexType>
    </xs:element>
  </xs:schema>
  <Fabbisogno>
    <Data>20170514</Data>
    <Mercato>MGP</Mercato>
    <Ora>1</Ora>
    <Italia>23803,128</Italia>
    <CNOR>2795,131</CNOR>
    <CSUD>4250,626</CSUD>
    <NORD>12123,577</NORD>
    <SARD>883,729</SARD>
    <SICI>1649,588</SICI>
    <SUD>2100,477</SUD>
  </Fabbisogno>
  <Fabbisogno>
    <Data>20170514</Data>
    <Mercato>MGP</Mercato>
    <Ora>2</Ora>
    <Italia>22322,905</Italia>
    <CNOR>2606,49</CNOR>
    <CSUD>3906,072</CSUD>
    <NORD>11513,865</NORD>
    <SARD>835,143</SARD>
    <SICI>1518,043</SICI>
    <SUD>1943,292</SUD>
  </Fabbisogno>
  <Fabbisogno>
    <Data>20170514</Data>
    <Mercato>MGP</Mercato>
    <Ora>3</Ora>
    <Italia>21359,261</Italia>
    <CNOR>2489,899</CNOR>
    <CSUD>3673,256</CSUD>
    <NORD>11133,659</NORD>
    <SARD>804,887</SARD>
    <SICI>1438,351</SICI>
    <SUD>1819,209</SUD>
  </Fabbisogno>
  <Fabbisogno>
    <Data>20170514</Data>
    <Mercato>MGP</Mercato>
    <Ora>4</Ora>
    <Italia>20926,154</Italia>
    <CNOR>2432,323</CNOR>
    <CSUD>3597,14</CSUD>
    <NORD>10918,921</NORD>
    <SARD>794,591</SARD>
    <SICI>1396,951</SICI>
    <SUD>1786,228</SUD>
  </Fabbisogno>
  <Fabbisogno>
    <Data>20170514</Data>
    <Mercato>MGP</Mercato>
    <Ora>5</Ora>
    <Italia>20660,645</Italia>
    <CNOR>2400,525</CNOR>
    <CSUD>3538,13</CSUD>
    <NORD>10772,7</NORD>
    <SARD>790,581</SARD>
    <SICI>1386,798</SICI>
    <SUD>1771,911</SUD>
  </Fabbisogno>
  <Fabbisogno>
    <Data>20170514</Data>
    <Mercato>MGP</Mercato>
    <Ora>6</Ora>
    <Italia>20405,11</Italia>
    <CNOR>2354,622</CNOR>
    <CSUD>3495,529</CSUD>
    <NORD>10666,358</NORD>
    <SARD>804,583</SARD>
    <SICI>1370,588</SICI>
    <SUD>1713,43</SUD>
  </Fabbisogno>
  <Fabbisogno>
    <Data>20170514</Data>
    <Mercato>MGP</Mercato>
    <Ora>7</Ora>
    <Italia>20112,289</Italia>
    <CNOR>2282,978</CNOR>
    <CSUD>3447,632</CSUD>
    <NORD>10559,68</NORD>
    <SARD>801,318</SARD>
    <SICI>1334,218</SICI>
    <SUD>1686,463</SUD>
  </Fabbisogno>
  <Fabbisogno>
    <Data>20170514</Data>
    <Mercato>MGP</Mercato>
    <Ora>8</Ora>
    <Italia>21234,876</Italia>
    <CNOR>2410,523</CNOR>
    <CSUD>3703,53</CSUD>
    <NORD>11040,737</NORD>
    <SARD>843,125</SARD>
    <SICI>1429,397</SICI>
    <SUD>1807,564</SUD>
  </Fabbisogno>
  <Fabbisogno>
    <Data>20170514</Data>
    <Mercato>MGP</Mercato>
    <Ora>9</Ora>
    <Italia>22719,127</Italia>
    <CNOR>2574,016</CNOR>
    <CSUD>4041,088</CSUD>
    <NORD>11697,435</NORD>
    <SARD>897,765</SARD>
    <SICI>1560,696</SICI>
    <SUD>1948,127</SUD>
  </Fabbisogno>
  <Fabbisogno>
    <Data>20170514</Data>
    <Mercato>MGP</Mercato>
    <Ora>10</Ora>
    <Italia>24020,582</Italia>
    <CNOR>2721,949</CNOR>
    <CSUD>4346,344</CSUD>
    <NORD>12341,046</NORD>
    <SARD>912,663</SARD>
    <SICI>1665,082</SICI>
    <SUD>2033,498</SUD>
  </Fabbisogno>
  <Fabbisogno>
    <Data>20170514</Data>
    <Mercato>MGP</Mercato>
    <Ora>11</Ora>
    <Italia>24504,91</Italia>
    <CNOR>2748,519</CNOR>
    <CSUD>4506,43</CSUD>
    <NORD>12601,374</NORD>
    <SARD>902,386</SARD>
    <SICI>1691,328</SICI>
    <SUD>2054,873</SUD>
  </Fabbisogno>
  <Fabbisogno>
    <Data>20170514</Data>
    <Mercato>MGP</Mercato>
    <Ora>12</Ora>
    <Italia>24648,771</Italia>
    <CNOR>2736,557</CNOR>
    <CSUD>4455,043</CSUD>
    <NORD>12867,815</NORD>
    <SARD>892,564</SARD>
    <SICI>1646,815</SICI>
    <SUD>2049,977</SUD>
  </Fabbisogno>
  <Fabbisogno>
    <Data>20170514</Data>
    <Mercato>MGP</Mercato>
    <Ora>13</Ora>
    <Italia>24452,171</Italia>
    <CNOR>2671,249</CNOR>
    <CSUD>4436,582</CSUD>
    <NORD>12789,281</NORD>
    <SARD>870,675</SARD>
    <SICI>1629,745</SICI>
    <SUD>2054,639</SUD>
  </Fabbisogno>
  <Fabbisogno>
    <Data>20170514</Data>
    <Mercato>MGP</Mercato>
    <Ora>14</Ora>
    <Italia>23416,608</Italia>
    <CNOR>2587,637</CNOR>
    <CSUD>4353,906</CSUD>
    <NORD>12199,79</NORD>
    <SARD>819,62</SARD>
    <SICI>1532,854</SICI>
    <SUD>1922,801</SUD>
  </Fabbisogno>
  <Fabbisogno>
    <Data>20170514</Data>
    <Mercato>MGP</Mercato>
    <Ora>15</Ora>
    <Italia>22755,056</Italia>
    <CNOR>2525,098</CNOR>
    <CSUD>4095,367</CSUD>
    <NORD>12122,885</NORD>
    <SARD>781,644</SARD>
    <SICI>1457,633</SICI>
    <SUD>1772,429</SUD>
  </Fabbisogno>
  <Fabbisogno>
    <Data>20170514</Data>
    <Mercato>MGP</Mercato>
    <Ora>16</Ora>
    <Italia>22712,669</Italia>
    <CNOR>2549,031</CNOR>
    <CSUD>4096,475</CSUD>
    <NORD>12056,443</NORD>
    <SARD>783,283</SARD>
    <SICI>1445,986</SICI>
    <SUD>1781,451</SUD>
  </Fabbisogno>
  <Fabbisogno>
    <Data>20170514</Data>
    <Mercato>MGP</Mercato>
    <Ora>17</Ora>
    <Italia>22822,228</Italia>
    <CNOR>2565,902</CNOR>
    <CSUD>4130,62</CSUD>
    <NORD>11973,428</NORD>
    <SARD>800,096</SARD>
    <SICI>1495,85</SICI>
    <SUD>1856,332</SUD>
  </Fabbisogno>
  <Fabbisogno>
    <Data>20170514</Data>
    <Mercato>MGP</Mercato>
    <Ora>18</Ora>
    <Italia>23486,747</Italia>
    <CNOR>2753,779</CNOR>
    <CSUD>4280,757</CSUD>
    <NORD>12113,732</NORD>
    <SARD>848,057</SARD>
    <SICI>1536,292</SICI>
    <SUD>1954,13</SUD>
  </Fabbisogno>
  <Fabbisogno>
    <Data>20170514</Data>
    <Mercato>MGP</Mercato>
    <Ora>19</Ora>
    <Italia>24725,083</Italia>
    <CNOR>2940,281</CNOR>
    <CSUD>4454,723</CSUD>
    <NORD>12711,133</NORD>
    <SARD>904,249</SARD>
    <SICI>1607,518</SICI>
    <SUD>2107,179</SUD>
  </Fabbisogno>
  <Fabbisogno>
    <Data>20170514</Data>
    <Mercato>MGP</Mercato>
    <Ora>20</Ora>
    <Italia>26489,561</Italia>
    <CNOR>3183,576</CNOR>
    <CSUD>4766,928</CSUD>
    <NORD>13598,36</NORD>
    <SARD>954,198</SARD>
    <SICI>1722,766</SICI>
    <SUD>2263,733</SUD>
  </Fabbisogno>
  <Fabbisogno>
    <Data>20170514</Data>
    <Mercato>MGP</Mercato>
    <Ora>21</Ora>
    <Italia>28198,42</Italia>
    <CNOR>3381,342</CNOR>
    <CSUD>5260,73</CSUD>
    <NORD>13870,788</NORD>
    <SARD>1041,415</SARD>
    <SICI>1981,077</SICI>
    <SUD>2663,068</SUD>
  </Fabbisogno>
  <Fabbisogno>
    <Data>20170514</Data>
    <Mercato>MGP</Mercato>
    <Ora>22</Ora>
    <Italia>28578,039</Italia>
    <CNOR>3422,304</CNOR>
    <CSUD>5299,581</CSUD>
    <NORD>14192,455</NORD>
    <SARD>1055,565</SARD>
    <SICI>1986,153</SICI>
    <SUD>2621,981</SUD>
  </Fabbisogno>
  <Fabbisogno>
    <Data>20170514</Data>
    <Mercato>MGP</Mercato>
    <Ora>23</Ora>
    <Italia>26758,892</Italia>
    <CNOR>3230,523</CNOR>
    <CSUD>4967,707</CSUD>
    <NORD>13272,959</NORD>
    <SARD>990,254</SARD>
    <SICI>1839,83</SICI>
    <SUD>2457,619</SUD>
  </Fabbisogno>
  <Fabbisogno>
    <Data>20170514</Data>
    <Mercato>MGP</Mercato>
    <Ora>24</Ora>
    <Italia>24571,53</Italia>
    <CNOR>2916,624</CNOR>
    <CSUD>4506,988</CSUD>
    <NORD>12318,048</NORD>
    <SARD>919,357</SARD>
    <SICI>1682,501</SICI>
    <SUD>2228,012</SUD>
  </Fabbisogno>
</NewDataSet>