<?xml version="1.0" standalone="yes"?>
<NewDataSet>
  <xs:schema id="NewDataSet" xmlns="" xmlns:xs="http://www.w3.org/2001/XMLSchema" xmlns:msdata="urn:schemas-microsoft-com:xml-msdata">
    <xs:element name="NewDataSet" msdata:IsDataSet="true" msdata:UseCurrentLocale="true">
      <xs:complexType>
        <xs:choice minOccurs="0" maxOccurs="unbounded">
          <xs:element name="Fabbisogno">
            <xs:complexType>
              <xs:sequence>
                <xs:element name="Data" type="xs:string" minOccurs="0" />
                <xs:element name="Mercato" type="xs:string" minOccurs="0" />
                <xs:element name="Ora" type="xs:string" minOccurs="0" />
                <xs:element name="Italia" type="xs:string" minOccurs="0" />
                <xs:element name="CNOR" type="xs:string" minOccurs="0" />
                <xs:element name="CSUD" type="xs:string" minOccurs="0" />
                <xs:element name="NORD" type="xs:string" minOccurs="0" />
                <xs:element name="SARD" type="xs:string" minOccurs="0" />
                <xs:element name="SICI" type="xs:string" minOccurs="0" />
                <xs:element name="SUD" type="xs:string" minOccurs="0" />
              </xs:sequence>
            </xs:complexType>
          </xs:element>
        </xs:choice>
      </xs:complexType>
    </xs:element>
  </xs:schema>
  <Fabbisogno>
    <Data>20170525</Data>
    <Mercato>MGP</Mercato>
    <Ora>1</Ora>
    <Italia>27708,889</Italia>
    <CNOR>3202,872</CNOR>
    <CSUD>4639,941</CSUD>
    <NORD>15003,338</NORD>
    <SARD>911,96</SARD>
    <SICI>1631,349</SICI>
    <SUD>2319,429</SUD>
  </Fabbisogno>
  <Fabbisogno>
    <Data>20170525</Data>
    <Mercato>MGP</Mercato>
    <Ora>2</Ora>
    <Italia>26208,071</Italia>
    <CNOR>3029,307</CNOR>
    <CSUD>4311,189</CSUD>
    <NORD>14330,763</NORD>
    <SARD>863,673</SARD>
    <SICI>1503,147</SICI>
    <SUD>2169,992</SUD>
  </Fabbisogno>
  <Fabbisogno>
    <Data>20170525</Data>
    <Mercato>MGP</Mercato>
    <Ora>3</Ora>
    <Italia>25325,238</Italia>
    <CNOR>2917,805</CNOR>
    <CSUD>4089,498</CSUD>
    <NORD>13944,2</NORD>
    <SARD>828,423</SARD>
    <SICI>1456,311</SICI>
    <SUD>2089,001</SUD>
  </Fabbisogno>
  <Fabbisogno>
    <Data>20170525</Data>
    <Mercato>MGP</Mercato>
    <Ora>4</Ora>
    <Italia>25036,949</Italia>
    <CNOR>2869,762</CNOR>
    <CSUD>4044,11</CSUD>
    <NORD>13803,891</NORD>
    <SARD>824,078</SARD>
    <SICI>1428,399</SICI>
    <SUD>2066,709</SUD>
  </Fabbisogno>
  <Fabbisogno>
    <Data>20170525</Data>
    <Mercato>MGP</Mercato>
    <Ora>5</Ora>
    <Italia>25075,415</Italia>
    <CNOR>2886,738</CNOR>
    <CSUD>4053,778</CSUD>
    <NORD>13786,791</NORD>
    <SARD>823,787</SARD>
    <SICI>1439,559</SICI>
    <SUD>2084,762</SUD>
  </Fabbisogno>
  <Fabbisogno>
    <Data>20170525</Data>
    <Mercato>MGP</Mercato>
    <Ora>6</Ora>
    <Italia>25396,545</Italia>
    <CNOR>2941,696</CNOR>
    <CSUD>4109,36</CSUD>
    <NORD>14021,456</NORD>
    <SARD>847,682</SARD>
    <SICI>1444,577</SICI>
    <SUD>2031,774</SUD>
  </Fabbisogno>
  <Fabbisogno>
    <Data>20170525</Data>
    <Mercato>MGP</Mercato>
    <Ora>7</Ora>
    <Italia>28304,162</Italia>
    <CNOR>3246,584</CNOR>
    <CSUD>4498,205</CSUD>
    <NORD>15987,436</NORD>
    <SARD>899,011</SARD>
    <SICI>1504,506</SICI>
    <SUD>2168,42</SUD>
  </Fabbisogno>
  <Fabbisogno>
    <Data>20170525</Data>
    <Mercato>MGP</Mercato>
    <Ora>8</Ora>
    <Italia>33297,698</Italia>
    <CNOR>3880,144</CNOR>
    <CSUD>5271,033</CSUD>
    <NORD>18747,696</NORD>
    <SARD>1046,276</SARD>
    <SICI>1787,999</SICI>
    <SUD>2564,55</SUD>
  </Fabbisogno>
  <Fabbisogno>
    <Data>20170525</Data>
    <Mercato>MGP</Mercato>
    <Ora>9</Ora>
    <Italia>38037,721</Italia>
    <CNOR>4537,382</CNOR>
    <CSUD>6007,672</CSUD>
    <NORD>21396,367</NORD>
    <SARD>1182,753</SARD>
    <SICI>2012,431</SICI>
    <SUD>2901,116</SUD>
  </Fabbisogno>
  <Fabbisogno>
    <Data>20170525</Data>
    <Mercato>MGP</Mercato>
    <Ora>10</Ora>
    <Italia>38576,231</Italia>
    <CNOR>4631,921</CNOR>
    <CSUD>6188,325</CSUD>
    <NORD>21756,58</NORD>
    <SARD>1094,667</SARD>
    <SICI>2033,356</SICI>
    <SUD>2871,382</SUD>
  </Fabbisogno>
  <Fabbisogno>
    <Data>20170525</Data>
    <Mercato>MGP</Mercato>
    <Ora>11</Ora>
    <Italia>38444,681</Italia>
    <CNOR>4584,065</CNOR>
    <CSUD>6170,745</CSUD>
    <NORD>21850,302</NORD>
    <SARD>1051,295</SARD>
    <SICI>1996,031</SICI>
    <SUD>2792,243</SUD>
  </Fabbisogno>
  <Fabbisogno>
    <Data>20170525</Data>
    <Mercato>MGP</Mercato>
    <Ora>12</Ora>
    <Italia>38539,45</Italia>
    <CNOR>4560,917</CNOR>
    <CSUD>6125,374</CSUD>
    <NORD>22115,96</NORD>
    <SARD>1022,663</SARD>
    <SICI>1962,468</SICI>
    <SUD>2752,068</SUD>
  </Fabbisogno>
  <Fabbisogno>
    <Data>20170525</Data>
    <Mercato>MGP</Mercato>
    <Ora>13</Ora>
    <Italia>36506,501</Italia>
    <CNOR>4261,432</CNOR>
    <CSUD>6091,436</CSUD>
    <NORD>20452,502</NORD>
    <SARD>1005,872</SARD>
    <SICI>1931,141</SICI>
    <SUD>2764,118</SUD>
  </Fabbisogno>
  <Fabbisogno>
    <Data>20170525</Data>
    <Mercato>MGP</Mercato>
    <Ora>14</Ora>
    <Italia>36123,741</Italia>
    <CNOR>4109,358</CNOR>
    <CSUD>5878,619</CSUD>
    <NORD>20666,633</NORD>
    <SARD>968,26</SARD>
    <SICI>1869,629</SICI>
    <SUD>2631,242</SUD>
  </Fabbisogno>
  <Fabbisogno>
    <Data>20170525</Data>
    <Mercato>MGP</Mercato>
    <Ora>15</Ora>
    <Italia>37171,782</Italia>
    <CNOR>4316,907</CNOR>
    <CSUD>5919,606</CSUD>
    <NORD>21609,304</NORD>
    <SARD>948,463</SARD>
    <SICI>1848,717</SICI>
    <SUD>2528,785</SUD>
  </Fabbisogno>
  <Fabbisogno>
    <Data>20170525</Data>
    <Mercato>MGP</Mercato>
    <Ora>16</Ora>
    <Italia>37627,148</Italia>
    <CNOR>4405,494</CNOR>
    <CSUD>5962,789</CSUD>
    <NORD>21877,607</NORD>
    <SARD>953,393</SARD>
    <SICI>1870,975</SICI>
    <SUD>2556,89</SUD>
  </Fabbisogno>
  <Fabbisogno>
    <Data>20170525</Data>
    <Mercato>MGP</Mercato>
    <Ora>17</Ora>
    <Italia>37881,967</Italia>
    <CNOR>4457,944</CNOR>
    <CSUD>6015,31</CSUD>
    <NORD>21854,011</NORD>
    <SARD>975,114</SARD>
    <SICI>1940,001</SICI>
    <SUD>2639,587</SUD>
  </Fabbisogno>
  <Fabbisogno>
    <Data>20170525</Data>
    <Mercato>MGP</Mercato>
    <Ora>18</Ora>
    <Italia>37039,249</Italia>
    <CNOR>4414,169</CNOR>
    <CSUD>5998,768</CSUD>
    <NORD>20898,166</NORD>
    <SARD>1024,661</SARD>
    <SICI>1964,371</SICI>
    <SUD>2739,114</SUD>
  </Fabbisogno>
  <Fabbisogno>
    <Data>20170525</Data>
    <Mercato>MGP</Mercato>
    <Ora>19</Ora>
    <Italia>36819,721</Italia>
    <CNOR>4368,406</CNOR>
    <CSUD>6027,053</CSUD>
    <NORD>20468,78</NORD>
    <SARD>1068,067</SARD>
    <SICI>2043,728</SICI>
    <SUD>2843,687</SUD>
  </Fabbisogno>
  <Fabbisogno>
    <Data>20170525</Data>
    <Mercato>MGP</Mercato>
    <Ora>20</Ora>
    <Italia>36512,394</Italia>
    <CNOR>4324,811</CNOR>
    <CSUD>6154,259</CSUD>
    <NORD>20005,508</NORD>
    <SARD>1086,468</SARD>
    <SICI>2067,17</SICI>
    <SUD>2874,178</SUD>
  </Fabbisogno>
  <Fabbisogno>
    <Data>20170525</Data>
    <Mercato>MGP</Mercato>
    <Ora>21</Ora>
    <Italia>37152,701</Italia>
    <CNOR>4320,433</CNOR>
    <CSUD>6440,085</CSUD>
    <NORD>19537,925</NORD>
    <SARD>1225</SARD>
    <SICI>2301,718</SICI>
    <SUD>3327,54</SUD>
  </Fabbisogno>
  <Fabbisogno>
    <Data>20170525</Data>
    <Mercato>MGP</Mercato>
    <Ora>22</Ora>
    <Italia>36809,352</Italia>
    <CNOR>4241,639</CNOR>
    <CSUD>6305,206</CSUD>
    <NORD>19646,844</NORD>
    <SARD>1205,85</SARD>
    <SICI>2201,275</SICI>
    <SUD>3208,538</SUD>
  </Fabbisogno>
  <Fabbisogno>
    <Data>20170525</Data>
    <Mercato>MGP</Mercato>
    <Ora>23</Ora>
    <Italia>33551,618</Italia>
    <CNOR>3898,925</CNOR>
    <CSUD>5741,383</CSUD>
    <NORD>17938,568</NORD>
    <SARD>1112,51</SARD>
    <SICI>2031,17</SICI>
    <SUD>2829,062</SUD>
  </Fabbisogno>
  <Fabbisogno>
    <Data>20170525</Data>
    <Mercato>MGP</Mercato>
    <Ora>24</Ora>
    <Italia>30135,084</Italia>
    <CNOR>3475,053</CNOR>
    <CSUD>5120,531</CSUD>
    <NORD>16248,133</NORD>
    <SARD>976,811</SARD>
    <SICI>1817,248</SICI>
    <SUD>2497,308</SUD>
  </Fabbisogno>
</NewDataSet>