<?xml version="1.0" standalone="yes"?>
<NewDataSet>
  <xs:schema id="NewDataSet" xmlns="" xmlns:xs="http://www.w3.org/2001/XMLSchema" xmlns:msdata="urn:schemas-microsoft-com:xml-msdata">
    <xs:element name="NewDataSet" msdata:IsDataSet="true" msdata:UseCurrentLocale="true">
      <xs:complexType>
        <xs:choice minOccurs="0" maxOccurs="unbounded">
          <xs:element name="Fabbisogno">
            <xs:complexType>
              <xs:sequence>
                <xs:element name="Data" type="xs:string" minOccurs="0" />
                <xs:element name="Mercato" type="xs:string" minOccurs="0" />
                <xs:element name="Ora" type="xs:string" minOccurs="0" />
                <xs:element name="Italia" type="xs:string" minOccurs="0" />
                <xs:element name="CNOR" type="xs:string" minOccurs="0" />
                <xs:element name="CSUD" type="xs:string" minOccurs="0" />
                <xs:element name="NORD" type="xs:string" minOccurs="0" />
                <xs:element name="SARD" type="xs:string" minOccurs="0" />
                <xs:element name="SICI" type="xs:string" minOccurs="0" />
                <xs:element name="SUD" type="xs:string" minOccurs="0" />
              </xs:sequence>
            </xs:complexType>
          </xs:element>
        </xs:choice>
      </xs:complexType>
    </xs:element>
  </xs:schema>
  <Fabbisogno>
    <Data>20170522</Data>
    <Mercato>MGP</Mercato>
    <Ora>1</Ora>
    <Italia>23406,578</Italia>
    <CNOR>2861,014</CNOR>
    <CSUD>4170,135</CSUD>
    <NORD>11877,375</NORD>
    <SARD>868,901</SARD>
    <SICI>1543,973</SICI>
    <SUD>2085,18</SUD>
  </Fabbisogno>
  <Fabbisogno>
    <Data>20170522</Data>
    <Mercato>MGP</Mercato>
    <Ora>2</Ora>
    <Italia>21973,368</Italia>
    <CNOR>2623,898</CNOR>
    <CSUD>3864,818</CSUD>
    <NORD>11278,6</NORD>
    <SARD>826,614</SARD>
    <SICI>1425,676</SICI>
    <SUD>1953,762</SUD>
  </Fabbisogno>
  <Fabbisogno>
    <Data>20170522</Data>
    <Mercato>MGP</Mercato>
    <Ora>3</Ora>
    <Italia>21304,618</Italia>
    <CNOR>2549,548</CNOR>
    <CSUD>3676,89</CSUD>
    <NORD>11027,312</NORD>
    <SARD>804,303</SARD>
    <SICI>1363,739</SICI>
    <SUD>1882,826</SUD>
  </Fabbisogno>
  <Fabbisogno>
    <Data>20170522</Data>
    <Mercato>MGP</Mercato>
    <Ora>4</Ora>
    <Italia>21190,297</Italia>
    <CNOR>2524,007</CNOR>
    <CSUD>3650,346</CSUD>
    <NORD>11005,037</NORD>
    <SARD>800,289</SARD>
    <SICI>1341,264</SICI>
    <SUD>1869,354</SUD>
  </Fabbisogno>
  <Fabbisogno>
    <Data>20170522</Data>
    <Mercato>MGP</Mercato>
    <Ora>5</Ora>
    <Italia>21468,76</Italia>
    <CNOR>2548,293</CNOR>
    <CSUD>3682,305</CSUD>
    <NORD>11201,43</NORD>
    <SARD>801,625</SARD>
    <SICI>1351,449</SICI>
    <SUD>1883,658</SUD>
  </Fabbisogno>
  <Fabbisogno>
    <Data>20170522</Data>
    <Mercato>MGP</Mercato>
    <Ora>6</Ora>
    <Italia>22360,912</Italia>
    <CNOR>2668,579</CNOR>
    <CSUD>3774,554</CSUD>
    <NORD>11902,116</NORD>
    <SARD>825,982</SARD>
    <SICI>1374,13</SICI>
    <SUD>1815,551</SUD>
  </Fabbisogno>
  <Fabbisogno>
    <Data>20170522</Data>
    <Mercato>MGP</Mercato>
    <Ora>7</Ora>
    <Italia>26317,402</Italia>
    <CNOR>3112,164</CNOR>
    <CSUD>4278,019</CSUD>
    <NORD>14557,993</NORD>
    <SARD>886,366</SARD>
    <SICI>1450,846</SICI>
    <SUD>2032,014</SUD>
  </Fabbisogno>
  <Fabbisogno>
    <Data>20170522</Data>
    <Mercato>MGP</Mercato>
    <Ora>8</Ora>
    <Italia>31488,103</Italia>
    <CNOR>3775,42</CNOR>
    <CSUD>5055,992</CSUD>
    <NORD>17569,44</NORD>
    <SARD>987,208</SARD>
    <SICI>1694,106</SICI>
    <SUD>2405,937</SUD>
  </Fabbisogno>
  <Fabbisogno>
    <Data>20170522</Data>
    <Mercato>MGP</Mercato>
    <Ora>9</Ora>
    <Italia>36723,861</Italia>
    <CNOR>4469,774</CNOR>
    <CSUD>5748,392</CSUD>
    <NORD>20741,091</NORD>
    <SARD>1100,517</SARD>
    <SICI>1941,617</SICI>
    <SUD>2722,47</SUD>
  </Fabbisogno>
  <Fabbisogno>
    <Data>20170522</Data>
    <Mercato>MGP</Mercato>
    <Ora>10</Ora>
    <Italia>37557,909</Italia>
    <CNOR>4581,92</CNOR>
    <CSUD>5961,549</CSUD>
    <NORD>21308,034</NORD>
    <SARD>1067,588</SARD>
    <SICI>1954,506</SICI>
    <SUD>2684,312</SUD>
  </Fabbisogno>
  <Fabbisogno>
    <Data>20170522</Data>
    <Mercato>MGP</Mercato>
    <Ora>11</Ora>
    <Italia>37516,61</Italia>
    <CNOR>4551,923</CNOR>
    <CSUD>5954,501</CSUD>
    <NORD>21428,547</NORD>
    <SARD>1027,144</SARD>
    <SICI>1930,581</SICI>
    <SUD>2623,914</SUD>
  </Fabbisogno>
  <Fabbisogno>
    <Data>20170522</Data>
    <Mercato>MGP</Mercato>
    <Ora>12</Ora>
    <Italia>38007,801</Italia>
    <CNOR>4503,79</CNOR>
    <CSUD>5943,096</CSUD>
    <NORD>22069,125</NORD>
    <SARD>1006,722</SARD>
    <SICI>1874,714</SICI>
    <SUD>2610,354</SUD>
  </Fabbisogno>
  <Fabbisogno>
    <Data>20170522</Data>
    <Mercato>MGP</Mercato>
    <Ora>13</Ora>
    <Italia>35803,871</Italia>
    <CNOR>4151,468</CNOR>
    <CSUD>5800,964</CSUD>
    <NORD>20375,592</NORD>
    <SARD>987,427</SARD>
    <SICI>1859,445</SICI>
    <SUD>2628,975</SUD>
  </Fabbisogno>
  <Fabbisogno>
    <Data>20170522</Data>
    <Mercato>MGP</Mercato>
    <Ora>14</Ora>
    <Italia>35952,288</Italia>
    <CNOR>4083,65</CNOR>
    <CSUD>5726,183</CSUD>
    <NORD>20819,027</NORD>
    <SARD>956,626</SARD>
    <SICI>1812,798</SICI>
    <SUD>2554,004</SUD>
  </Fabbisogno>
  <Fabbisogno>
    <Data>20170522</Data>
    <Mercato>MGP</Mercato>
    <Ora>15</Ora>
    <Italia>36707,463</Italia>
    <CNOR>4320,781</CNOR>
    <CSUD>5794,648</CSUD>
    <NORD>21351,973</NORD>
    <SARD>938,946</SARD>
    <SICI>1806,051</SICI>
    <SUD>2495,064</SUD>
  </Fabbisogno>
  <Fabbisogno>
    <Data>20170522</Data>
    <Mercato>MGP</Mercato>
    <Ora>16</Ora>
    <Italia>37216,816</Italia>
    <CNOR>4403,873</CNOR>
    <CSUD>5865,143</CSUD>
    <NORD>21640,908</NORD>
    <SARD>945,504</SARD>
    <SICI>1816,508</SICI>
    <SUD>2544,88</SUD>
  </Fabbisogno>
  <Fabbisogno>
    <Data>20170522</Data>
    <Mercato>MGP</Mercato>
    <Ora>17</Ora>
    <Italia>37489,278</Italia>
    <CNOR>4455,946</CNOR>
    <CSUD>5893,427</CSUD>
    <NORD>21607,7</NORD>
    <SARD>969,347</SARD>
    <SICI>1901,986</SICI>
    <SUD>2660,872</SUD>
  </Fabbisogno>
  <Fabbisogno>
    <Data>20170522</Data>
    <Mercato>MGP</Mercato>
    <Ora>18</Ora>
    <Italia>36457,524</Italia>
    <CNOR>4410,916</CNOR>
    <CSUD>5855,705</CSUD>
    <NORD>20509,728</NORD>
    <SARD>1006,004</SARD>
    <SICI>1920,679</SICI>
    <SUD>2754,492</SUD>
  </Fabbisogno>
  <Fabbisogno>
    <Data>20170522</Data>
    <Mercato>MGP</Mercato>
    <Ora>19</Ora>
    <Italia>36128,242</Italia>
    <CNOR>4367,055</CNOR>
    <CSUD>5917,052</CSUD>
    <NORD>19905,34</NORD>
    <SARD>1057,765</SARD>
    <SICI>1999,384</SICI>
    <SUD>2881,646</SUD>
  </Fabbisogno>
  <Fabbisogno>
    <Data>20170522</Data>
    <Mercato>MGP</Mercato>
    <Ora>20</Ora>
    <Italia>36022,89</Italia>
    <CNOR>4321,82</CNOR>
    <CSUD>6051,904</CSUD>
    <NORD>19657,443</NORD>
    <SARD>1071,629</SARD>
    <SICI>1997,252</SICI>
    <SUD>2922,842</SUD>
  </Fabbisogno>
  <Fabbisogno>
    <Data>20170522</Data>
    <Mercato>MGP</Mercato>
    <Ora>21</Ora>
    <Italia>36768,326</Italia>
    <CNOR>4299,784</CNOR>
    <CSUD>6331,169</CSUD>
    <NORD>19560,643</NORD>
    <SARD>1130,326</SARD>
    <SICI>2221,997</SICI>
    <SUD>3224,407</SUD>
  </Fabbisogno>
  <Fabbisogno>
    <Data>20170522</Data>
    <Mercato>MGP</Mercato>
    <Ora>22</Ora>
    <Italia>36343,972</Italia>
    <CNOR>4251,557</CNOR>
    <CSUD>6220,308</CSUD>
    <NORD>19440,376</NORD>
    <SARD>1136,109</SARD>
    <SICI>2163,088</SICI>
    <SUD>3132,534</SUD>
  </Fabbisogno>
  <Fabbisogno>
    <Data>20170522</Data>
    <Mercato>MGP</Mercato>
    <Ora>23</Ora>
    <Italia>32590,258</Italia>
    <CNOR>3885,872</CNOR>
    <CSUD>5675,63</CSUD>
    <NORD>17171,87</NORD>
    <SARD>1061,307</SARD>
    <SICI>1955,519</SICI>
    <SUD>2840,06</SUD>
  </Fabbisogno>
  <Fabbisogno>
    <Data>20170522</Data>
    <Mercato>MGP</Mercato>
    <Ora>24</Ora>
    <Italia>29427,276</Italia>
    <CNOR>3501,831</CNOR>
    <CSUD>5058,234</CSUD>
    <NORD>15615,912</NORD>
    <SARD>974,673</SARD>
    <SICI>1749,031</SICI>
    <SUD>2527,595</SUD>
  </Fabbisogno>
</NewDataSet>