<?xml version="1.0" standalone="yes"?>
<NewDataSet>
  <xs:schema id="NewDataSet" xmlns="" xmlns:xs="http://www.w3.org/2001/XMLSchema" xmlns:msdata="urn:schemas-microsoft-com:xml-msdata">
    <xs:element name="NewDataSet" msdata:IsDataSet="true" msdata:UseCurrentLocale="true">
      <xs:complexType>
        <xs:choice minOccurs="0" maxOccurs="unbounded">
          <xs:element name="Fabbisogno">
            <xs:complexType>
              <xs:sequence>
                <xs:element name="Data" type="xs:string" minOccurs="0" />
                <xs:element name="Mercato" type="xs:string" minOccurs="0" />
                <xs:element name="Ora" type="xs:string" minOccurs="0" />
                <xs:element name="Italia" type="xs:string" minOccurs="0" />
                <xs:element name="CNOR" type="xs:string" minOccurs="0" />
                <xs:element name="CSUD" type="xs:string" minOccurs="0" />
                <xs:element name="NORD" type="xs:string" minOccurs="0" />
                <xs:element name="SARD" type="xs:string" minOccurs="0" />
                <xs:element name="SICI" type="xs:string" minOccurs="0" />
                <xs:element name="SUD" type="xs:string" minOccurs="0" />
              </xs:sequence>
            </xs:complexType>
          </xs:element>
        </xs:choice>
      </xs:complexType>
    </xs:element>
  </xs:schema>
  <Fabbisogno>
    <Data>20170507</Data>
    <Mercato>MGP</Mercato>
    <Ora>1</Ora>
    <Italia>23910,526</Italia>
    <CNOR>2821,302</CNOR>
    <CSUD>4236,947</CSUD>
    <NORD>12116,002</NORD>
    <SARD>928,528</SARD>
    <SICI>1629,801</SICI>
    <SUD>2177,946</SUD>
  </Fabbisogno>
  <Fabbisogno>
    <Data>20170507</Data>
    <Mercato>MGP</Mercato>
    <Ora>2</Ora>
    <Italia>22550,847</Italia>
    <CNOR>2724,326</CNOR>
    <CSUD>3899,785</CSUD>
    <NORD>11511,899</NORD>
    <SARD>883,686</SARD>
    <SICI>1513,683</SICI>
    <SUD>2017,468</SUD>
  </Fabbisogno>
  <Fabbisogno>
    <Data>20170507</Data>
    <Mercato>MGP</Mercato>
    <Ora>3</Ora>
    <Italia>21600,863</Italia>
    <CNOR>2611,851</CNOR>
    <CSUD>3670,916</CSUD>
    <NORD>11115,725</NORD>
    <SARD>855,933</SARD>
    <SICI>1432,762</SICI>
    <SUD>1913,676</SUD>
  </Fabbisogno>
  <Fabbisogno>
    <Data>20170507</Data>
    <Mercato>MGP</Mercato>
    <Ora>4</Ora>
    <Italia>21065,753</Italia>
    <CNOR>2555,788</CNOR>
    <CSUD>3567,977</CSUD>
    <NORD>10831,768</NORD>
    <SARD>843,115</SARD>
    <SICI>1395,123</SICI>
    <SUD>1871,982</SUD>
  </Fabbisogno>
  <Fabbisogno>
    <Data>20170507</Data>
    <Mercato>MGP</Mercato>
    <Ora>5</Ora>
    <Italia>20905,227</Italia>
    <CNOR>2528,794</CNOR>
    <CSUD>3506,92</CSUD>
    <NORD>10796,958</NORD>
    <SARD>840,806</SARD>
    <SICI>1376,925</SICI>
    <SUD>1854,824</SUD>
  </Fabbisogno>
  <Fabbisogno>
    <Data>20170507</Data>
    <Mercato>MGP</Mercato>
    <Ora>6</Ora>
    <Italia>20861,492</Italia>
    <CNOR>2482,987</CNOR>
    <CSUD>3534,404</CSUD>
    <NORD>10798,227</NORD>
    <SARD>824,668</SARD>
    <SICI>1393,164</SICI>
    <SUD>1828,042</SUD>
  </Fabbisogno>
  <Fabbisogno>
    <Data>20170507</Data>
    <Mercato>MGP</Mercato>
    <Ora>7</Ora>
    <Italia>20273,666</Italia>
    <CNOR>2367,102</CNOR>
    <CSUD>3433,364</CSUD>
    <NORD>10634,485</NORD>
    <SARD>814,83</SARD>
    <SICI>1322,574</SICI>
    <SUD>1701,311</SUD>
  </Fabbisogno>
  <Fabbisogno>
    <Data>20170507</Data>
    <Mercato>MGP</Mercato>
    <Ora>8</Ora>
    <Italia>21272,777</Italia>
    <CNOR>2496,658</CNOR>
    <CSUD>3694,271</CSUD>
    <NORD>11006,343</NORD>
    <SARD>846,23</SARD>
    <SICI>1410,361</SICI>
    <SUD>1818,914</SUD>
  </Fabbisogno>
  <Fabbisogno>
    <Data>20170507</Data>
    <Mercato>MGP</Mercato>
    <Ora>9</Ora>
    <Italia>22757,856</Italia>
    <CNOR>2680,334</CNOR>
    <CSUD>4057,018</CSUD>
    <NORD>11644,501</NORD>
    <SARD>900,846</SARD>
    <SICI>1542,141</SICI>
    <SUD>1933,016</SUD>
  </Fabbisogno>
  <Fabbisogno>
    <Data>20170507</Data>
    <Mercato>MGP</Mercato>
    <Ora>10</Ora>
    <Italia>23942,247</Italia>
    <CNOR>2831,013</CNOR>
    <CSUD>4373,186</CSUD>
    <NORD>12147,908</NORD>
    <SARD>916,468</SARD>
    <SICI>1639,507</SICI>
    <SUD>2034,165</SUD>
  </Fabbisogno>
  <Fabbisogno>
    <Data>20170507</Data>
    <Mercato>MGP</Mercato>
    <Ora>11</Ora>
    <Italia>24370,125</Italia>
    <CNOR>2893,783</CNOR>
    <CSUD>4557,381</CSUD>
    <NORD>12286,72</NORD>
    <SARD>915,928</SARD>
    <SICI>1672,521</SICI>
    <SUD>2043,792</SUD>
  </Fabbisogno>
  <Fabbisogno>
    <Data>20170507</Data>
    <Mercato>MGP</Mercato>
    <Ora>12</Ora>
    <Italia>24486,398</Italia>
    <CNOR>2927,064</CNOR>
    <CSUD>4560,988</CSUD>
    <NORD>12451,096</NORD>
    <SARD>885,497</SARD>
    <SICI>1646</SICI>
    <SUD>2015,753</SUD>
  </Fabbisogno>
  <Fabbisogno>
    <Data>20170507</Data>
    <Mercato>MGP</Mercato>
    <Ora>13</Ora>
    <Italia>24407,144</Italia>
    <CNOR>2874,585</CNOR>
    <CSUD>4608,68</CSUD>
    <NORD>12361,75</NORD>
    <SARD>872,952</SARD>
    <SICI>1633,498</SICI>
    <SUD>2055,679</SUD>
  </Fabbisogno>
  <Fabbisogno>
    <Data>20170507</Data>
    <Mercato>MGP</Mercato>
    <Ora>14</Ora>
    <Italia>23225,349</Italia>
    <CNOR>2698,537</CNOR>
    <CSUD>4385,288</CSUD>
    <NORD>11938,248</NORD>
    <SARD>820,822</SARD>
    <SICI>1512,602</SICI>
    <SUD>1869,852</SUD>
  </Fabbisogno>
  <Fabbisogno>
    <Data>20170507</Data>
    <Mercato>MGP</Mercato>
    <Ora>15</Ora>
    <Italia>22755,023</Italia>
    <CNOR>2683,366</CNOR>
    <CSUD>4200,407</CSUD>
    <NORD>11922,571</NORD>
    <SARD>782,075</SARD>
    <SICI>1427,177</SICI>
    <SUD>1739,427</SUD>
  </Fabbisogno>
  <Fabbisogno>
    <Data>20170507</Data>
    <Mercato>MGP</Mercato>
    <Ora>16</Ora>
    <Italia>22853,433</Italia>
    <CNOR>2706,047</CNOR>
    <CSUD>4228,735</CSUD>
    <NORD>11938,95</NORD>
    <SARD>784,051</SARD>
    <SICI>1423,069</SICI>
    <SUD>1772,581</SUD>
  </Fabbisogno>
  <Fabbisogno>
    <Data>20170507</Data>
    <Mercato>MGP</Mercato>
    <Ora>17</Ora>
    <Italia>22972,656</Italia>
    <CNOR>2711,967</CNOR>
    <CSUD>4200,213</CSUD>
    <NORD>11969,934</NORD>
    <SARD>813,487</SARD>
    <SICI>1432,119</SICI>
    <SUD>1844,936</SUD>
  </Fabbisogno>
  <Fabbisogno>
    <Data>20170507</Data>
    <Mercato>MGP</Mercato>
    <Ora>18</Ora>
    <Italia>23555,662</Italia>
    <CNOR>2823,085</CNOR>
    <CSUD>4281,296</CSUD>
    <NORD>12178,976</NORD>
    <SARD>847,75</SARD>
    <SICI>1483,464</SICI>
    <SUD>1941,091</SUD>
  </Fabbisogno>
  <Fabbisogno>
    <Data>20170507</Data>
    <Mercato>MGP</Mercato>
    <Ora>19</Ora>
    <Italia>24998,633</Italia>
    <CNOR>3035,789</CNOR>
    <CSUD>4472,804</CSUD>
    <NORD>12845,543</NORD>
    <SARD>923,648</SARD>
    <SICI>1579,996</SICI>
    <SUD>2140,853</SUD>
  </Fabbisogno>
  <Fabbisogno>
    <Data>20170507</Data>
    <Mercato>MGP</Mercato>
    <Ora>20</Ora>
    <Italia>26690,423</Italia>
    <CNOR>3292,861</CNOR>
    <CSUD>4791,386</CSUD>
    <NORD>13632,189</NORD>
    <SARD>982,101</SARD>
    <SICI>1688,393</SICI>
    <SUD>2303,493</SUD>
  </Fabbisogno>
  <Fabbisogno>
    <Data>20170507</Data>
    <Mercato>MGP</Mercato>
    <Ora>21</Ora>
    <Italia>28890,297</Italia>
    <CNOR>3519,133</CNOR>
    <CSUD>5364,16</CSUD>
    <NORD>14206,845</NORD>
    <SARD>1060,146</SARD>
    <SICI>1972,279</SICI>
    <SUD>2767,734</SUD>
  </Fabbisogno>
  <Fabbisogno>
    <Data>20170507</Data>
    <Mercato>MGP</Mercato>
    <Ora>22</Ora>
    <Italia>29005,584</Italia>
    <CNOR>3505,842</CNOR>
    <CSUD>5301,989</CSUD>
    <NORD>14441,66</NORD>
    <SARD>1090,981</SARD>
    <SICI>1963,869</SICI>
    <SUD>2701,243</SUD>
  </Fabbisogno>
  <Fabbisogno>
    <Data>20170507</Data>
    <Mercato>MGP</Mercato>
    <Ora>23</Ora>
    <Italia>27074,284</Italia>
    <CNOR>3292,608</CNOR>
    <CSUD>4949,791</CSUD>
    <NORD>13474,656</NORD>
    <SARD>1017,717</SARD>
    <SICI>1826,7</SICI>
    <SUD>2512,812</SUD>
  </Fabbisogno>
  <Fabbisogno>
    <Data>20170507</Data>
    <Mercato>MGP</Mercato>
    <Ora>24</Ora>
    <Italia>24777,591</Italia>
    <CNOR>3002,534</CNOR>
    <CSUD>4492,23</CSUD>
    <NORD>12387,941</NORD>
    <SARD>944,774</SARD>
    <SICI>1665,53</SICI>
    <SUD>2284,582</SUD>
  </Fabbisogno>
</NewDataSet>