<?xml version="1.0" standalone="yes"?>
<NewDataSet>
  <xs:schema id="NewDataSet" xmlns="" xmlns:xs="http://www.w3.org/2001/XMLSchema" xmlns:msdata="urn:schemas-microsoft-com:xml-msdata">
    <xs:element name="NewDataSet" msdata:IsDataSet="true" msdata:UseCurrentLocale="true">
      <xs:complexType>
        <xs:choice minOccurs="0" maxOccurs="unbounded">
          <xs:element name="Fabbisogno">
            <xs:complexType>
              <xs:sequence>
                <xs:element name="Data" type="xs:string" minOccurs="0" />
                <xs:element name="Mercato" type="xs:string" minOccurs="0" />
                <xs:element name="Ora" type="xs:string" minOccurs="0" />
                <xs:element name="Italia" type="xs:string" minOccurs="0" />
                <xs:element name="CNOR" type="xs:string" minOccurs="0" />
                <xs:element name="CSUD" type="xs:string" minOccurs="0" />
                <xs:element name="NORD" type="xs:string" minOccurs="0" />
                <xs:element name="SARD" type="xs:string" minOccurs="0" />
                <xs:element name="SICI" type="xs:string" minOccurs="0" />
                <xs:element name="SUD" type="xs:string" minOccurs="0" />
              </xs:sequence>
            </xs:complexType>
          </xs:element>
        </xs:choice>
      </xs:complexType>
    </xs:element>
  </xs:schema>
  <Fabbisogno>
    <Data>20170510</Data>
    <Mercato>MGP</Mercato>
    <Ora>1</Ora>
    <Italia>26575,313</Italia>
    <CNOR>3131,399</CNOR>
    <CSUD>4371,782</CSUD>
    <NORD>14372,765</NORD>
    <SARD>884,644</SARD>
    <SICI>1612,37</SICI>
    <SUD>2202,353</SUD>
  </Fabbisogno>
  <Fabbisogno>
    <Data>20170510</Data>
    <Mercato>MGP</Mercato>
    <Ora>2</Ora>
    <Italia>25124,177</Italia>
    <CNOR>2960,553</CNOR>
    <CSUD>4055,435</CSUD>
    <NORD>13713,999</NORD>
    <SARD>839,011</SARD>
    <SICI>1479,75</SICI>
    <SUD>2075,429</SUD>
  </Fabbisogno>
  <Fabbisogno>
    <Data>20170510</Data>
    <Mercato>MGP</Mercato>
    <Ora>3</Ora>
    <Italia>24359,491</Italia>
    <CNOR>2863,867</CNOR>
    <CSUD>3909,127</CSUD>
    <NORD>13341,366</NORD>
    <SARD>805,391</SARD>
    <SICI>1413,424</SICI>
    <SUD>2026,316</SUD>
  </Fabbisogno>
  <Fabbisogno>
    <Data>20170510</Data>
    <Mercato>MGP</Mercato>
    <Ora>4</Ora>
    <Italia>24153,978</Italia>
    <CNOR>2833,735</CNOR>
    <CSUD>3897,134</CSUD>
    <NORD>13207,531</NORD>
    <SARD>811,297</SARD>
    <SICI>1392,304</SICI>
    <SUD>2011,977</SUD>
  </Fabbisogno>
  <Fabbisogno>
    <Data>20170510</Data>
    <Mercato>MGP</Mercato>
    <Ora>5</Ora>
    <Italia>24285,7</Italia>
    <CNOR>2839,2</CNOR>
    <CSUD>3918,383</CSUD>
    <NORD>13289,999</NORD>
    <SARD>815,447</SARD>
    <SICI>1403,709</SICI>
    <SUD>2018,962</SUD>
  </Fabbisogno>
  <Fabbisogno>
    <Data>20170510</Data>
    <Mercato>MGP</Mercato>
    <Ora>6</Ora>
    <Italia>25304,289</Italia>
    <CNOR>2969,699</CNOR>
    <CSUD>4065,16</CSUD>
    <NORD>13942,403</NORD>
    <SARD>852,426</SARD>
    <SICI>1466,978</SICI>
    <SUD>2007,623</SUD>
  </Fabbisogno>
  <Fabbisogno>
    <Data>20170510</Data>
    <Mercato>MGP</Mercato>
    <Ora>7</Ora>
    <Italia>28409,321</Italia>
    <CNOR>3311,369</CNOR>
    <CSUD>4455,907</CSUD>
    <NORD>16087,319</NORD>
    <SARD>913,848</SARD>
    <SICI>1535,714</SICI>
    <SUD>2105,164</SUD>
  </Fabbisogno>
  <Fabbisogno>
    <Data>20170510</Data>
    <Mercato>MGP</Mercato>
    <Ora>8</Ora>
    <Italia>33876,757</Italia>
    <CNOR>3969,837</CNOR>
    <CSUD>5273,421</CSUD>
    <NORD>19169,426</NORD>
    <SARD>1109,582</SARD>
    <SICI>1832,924</SICI>
    <SUD>2521,567</SUD>
  </Fabbisogno>
  <Fabbisogno>
    <Data>20170510</Data>
    <Mercato>MGP</Mercato>
    <Ora>9</Ora>
    <Italia>38751,587</Italia>
    <CNOR>4635,865</CNOR>
    <CSUD>6028,277</CSUD>
    <NORD>22015,984</NORD>
    <SARD>1236,666</SARD>
    <SICI>2012,545</SICI>
    <SUD>2822,25</SUD>
  </Fabbisogno>
  <Fabbisogno>
    <Data>20170510</Data>
    <Mercato>MGP</Mercato>
    <Ora>10</Ora>
    <Italia>39365,885</Italia>
    <CNOR>4671,308</CNOR>
    <CSUD>6088,694</CSUD>
    <NORD>22618,104</NORD>
    <SARD>1178,358</SARD>
    <SICI>2028,772</SICI>
    <SUD>2780,649</SUD>
  </Fabbisogno>
  <Fabbisogno>
    <Data>20170510</Data>
    <Mercato>MGP</Mercato>
    <Ora>11</Ora>
    <Italia>39469,025</Italia>
    <CNOR>4628,596</CNOR>
    <CSUD>6037,485</CSUD>
    <NORD>23097,462</NORD>
    <SARD>1048,188</SARD>
    <SICI>1964,482</SICI>
    <SUD>2692,812</SUD>
  </Fabbisogno>
  <Fabbisogno>
    <Data>20170510</Data>
    <Mercato>MGP</Mercato>
    <Ora>12</Ora>
    <Italia>38985,428</Italia>
    <CNOR>4416,351</CNOR>
    <CSUD>5815,404</CSUD>
    <NORD>23236,791</NORD>
    <SARD>1007,251</SARD>
    <SICI>1897,396</SICI>
    <SUD>2612,235</SUD>
  </Fabbisogno>
  <Fabbisogno>
    <Data>20170510</Data>
    <Mercato>MGP</Mercato>
    <Ora>13</Ora>
    <Italia>37011,01</Italia>
    <CNOR>4129,012</CNOR>
    <CSUD>5791,681</CSUD>
    <NORD>21598,955</NORD>
    <SARD>999,273</SARD>
    <SICI>1878,488</SICI>
    <SUD>2613,601</SUD>
  </Fabbisogno>
  <Fabbisogno>
    <Data>20170510</Data>
    <Mercato>MGP</Mercato>
    <Ora>14</Ora>
    <Italia>36595,707</Italia>
    <CNOR>3973,205</CNOR>
    <CSUD>5582,447</CSUD>
    <NORD>21758,049</NORD>
    <SARD>964,277</SARD>
    <SICI>1821,387</SICI>
    <SUD>2496,342</SUD>
  </Fabbisogno>
  <Fabbisogno>
    <Data>20170510</Data>
    <Mercato>MGP</Mercato>
    <Ora>15</Ora>
    <Italia>37415,055</Italia>
    <CNOR>4189,161</CNOR>
    <CSUD>5599,712</CSUD>
    <NORD>22412,757</NORD>
    <SARD>948,035</SARD>
    <SICI>1818,728</SICI>
    <SUD>2446,662</SUD>
  </Fabbisogno>
  <Fabbisogno>
    <Data>20170510</Data>
    <Mercato>MGP</Mercato>
    <Ora>16</Ora>
    <Italia>37539,188</Italia>
    <CNOR>4271,943</CNOR>
    <CSUD>5644,383</CSUD>
    <NORD>22371,648</NORD>
    <SARD>948,963</SARD>
    <SICI>1838,069</SICI>
    <SUD>2464,182</SUD>
  </Fabbisogno>
  <Fabbisogno>
    <Data>20170510</Data>
    <Mercato>MGP</Mercato>
    <Ora>17</Ora>
    <Italia>37694,9</Italia>
    <CNOR>4318,557</CNOR>
    <CSUD>5684,444</CSUD>
    <NORD>22244,998</NORD>
    <SARD>975,154</SARD>
    <SICI>1925,383</SICI>
    <SUD>2546,364</SUD>
  </Fabbisogno>
  <Fabbisogno>
    <Data>20170510</Data>
    <Mercato>MGP</Mercato>
    <Ora>18</Ora>
    <Italia>36712,009</Italia>
    <CNOR>4349,179</CNOR>
    <CSUD>5730,626</CSUD>
    <NORD>20951,794</NORD>
    <SARD>1018,902</SARD>
    <SICI>1953,954</SICI>
    <SUD>2707,554</SUD>
  </Fabbisogno>
  <Fabbisogno>
    <Data>20170510</Data>
    <Mercato>MGP</Mercato>
    <Ora>19</Ora>
    <Italia>36479,998</Italia>
    <CNOR>4428,343</CNOR>
    <CSUD>5902,08</CSUD>
    <NORD>20185,833</NORD>
    <SARD>1071,162</SARD>
    <SICI>2045,803</SICI>
    <SUD>2846,777</SUD>
  </Fabbisogno>
  <Fabbisogno>
    <Data>20170510</Data>
    <Mercato>MGP</Mercato>
    <Ora>20</Ora>
    <Italia>36104,095</Italia>
    <CNOR>4364,045</CNOR>
    <CSUD>6090,245</CSUD>
    <NORD>19508,324</NORD>
    <SARD>1093,331</SARD>
    <SICI>2097,727</SICI>
    <SUD>2950,423</SUD>
  </Fabbisogno>
  <Fabbisogno>
    <Data>20170510</Data>
    <Mercato>MGP</Mercato>
    <Ora>21</Ora>
    <Italia>37147,937</Italia>
    <CNOR>4421,969</CNOR>
    <CSUD>6530,439</CSUD>
    <NORD>19370,013</NORD>
    <SARD>1167,652</SARD>
    <SICI>2362,659</SICI>
    <SUD>3295,205</SUD>
  </Fabbisogno>
  <Fabbisogno>
    <Data>20170510</Data>
    <Mercato>MGP</Mercato>
    <Ora>22</Ora>
    <Italia>35908,112</Italia>
    <CNOR>4275,95</CNOR>
    <CSUD>6198,996</CSUD>
    <NORD>18931,175</NORD>
    <SARD>1150,66</SARD>
    <SICI>2253,705</SICI>
    <SUD>3097,626</SUD>
  </Fabbisogno>
  <Fabbisogno>
    <Data>20170510</Data>
    <Mercato>MGP</Mercato>
    <Ora>23</Ora>
    <Italia>32456,904</Italia>
    <CNOR>3863,239</CNOR>
    <CSUD>5562,985</CSUD>
    <NORD>17137,12</NORD>
    <SARD>1057,117</SARD>
    <SICI>2031,331</SICI>
    <SUD>2805,112</SUD>
  </Fabbisogno>
  <Fabbisogno>
    <Data>20170510</Data>
    <Mercato>MGP</Mercato>
    <Ora>24</Ora>
    <Italia>29187,229</Italia>
    <CNOR>3453,825</CNOR>
    <CSUD>4912,019</CSUD>
    <NORD>15577,436</NORD>
    <SARD>964,219999999999</SARD>
    <SICI>1796,296</SICI>
    <SUD>2483,433</SUD>
  </Fabbisogno>
</NewDataSet>