<?xml version="1.0" standalone="yes"?>
<NewDataSet>
  <xs:schema id="NewDataSet" xmlns="" xmlns:xs="http://www.w3.org/2001/XMLSchema" xmlns:msdata="urn:schemas-microsoft-com:xml-msdata">
    <xs:element name="NewDataSet" msdata:IsDataSet="true" msdata:UseCurrentLocale="true">
      <xs:complexType>
        <xs:choice minOccurs="0" maxOccurs="unbounded">
          <xs:element name="Fabbisogno">
            <xs:complexType>
              <xs:sequence>
                <xs:element name="Data" type="xs:string" minOccurs="0" />
                <xs:element name="Mercato" type="xs:string" minOccurs="0" />
                <xs:element name="Ora" type="xs:string" minOccurs="0" />
                <xs:element name="Italia" type="xs:string" minOccurs="0" />
                <xs:element name="CNOR" type="xs:string" minOccurs="0" />
                <xs:element name="CSUD" type="xs:string" minOccurs="0" />
                <xs:element name="NORD" type="xs:string" minOccurs="0" />
                <xs:element name="SARD" type="xs:string" minOccurs="0" />
                <xs:element name="SICI" type="xs:string" minOccurs="0" />
                <xs:element name="SUD" type="xs:string" minOccurs="0" />
              </xs:sequence>
            </xs:complexType>
          </xs:element>
        </xs:choice>
      </xs:complexType>
    </xs:element>
  </xs:schema>
  <Fabbisogno>
    <Data>20170506</Data>
    <Mercato>MGP</Mercato>
    <Ora>1</Ora>
    <Italia>26885,778</Italia>
    <CNOR>3218,149</CNOR>
    <CSUD>4508,659</CSUD>
    <NORD>14267,168</NORD>
    <SARD>957,956</SARD>
    <SICI>1645,53</SICI>
    <SUD>2288,316</SUD>
  </Fabbisogno>
  <Fabbisogno>
    <Data>20170506</Data>
    <Mercato>MGP</Mercato>
    <Ora>2</Ora>
    <Italia>25382,161</Italia>
    <CNOR>3019,821</CNOR>
    <CSUD>4171,68</CSUD>
    <NORD>13587,625</NORD>
    <SARD>942,435999999999</SARD>
    <SICI>1524,622</SICI>
    <SUD>2135,977</SUD>
  </Fabbisogno>
  <Fabbisogno>
    <Data>20170506</Data>
    <Mercato>MGP</Mercato>
    <Ora>3</Ora>
    <Italia>24371,347</Italia>
    <CNOR>2906,975</CNOR>
    <CSUD>3953,02</CSUD>
    <NORD>13073,466</NORD>
    <SARD>912,605</SARD>
    <SICI>1455,484</SICI>
    <SUD>2069,797</SUD>
  </Fabbisogno>
  <Fabbisogno>
    <Data>20170506</Data>
    <Mercato>MGP</Mercato>
    <Ora>4</Ora>
    <Italia>23896,121</Italia>
    <CNOR>2827,941</CNOR>
    <CSUD>3888,22</CSUD>
    <NORD>12812,74</NORD>
    <SARD>902,551</SARD>
    <SICI>1427,409</SICI>
    <SUD>2037,26</SUD>
  </Fabbisogno>
  <Fabbisogno>
    <Data>20170506</Data>
    <Mercato>MGP</Mercato>
    <Ora>5</Ora>
    <Italia>23794,507</Italia>
    <CNOR>2795,837</CNOR>
    <CSUD>3873,967</CSUD>
    <NORD>12750,796</NORD>
    <SARD>903,146</SARD>
    <SICI>1426,852</SICI>
    <SUD>2043,909</SUD>
  </Fabbisogno>
  <Fabbisogno>
    <Data>20170506</Data>
    <Mercato>MGP</Mercato>
    <Ora>6</Ora>
    <Italia>23790,204</Italia>
    <CNOR>2731,977</CNOR>
    <CSUD>3873,613</CSUD>
    <NORD>12796,829</NORD>
    <SARD>882,23</SARD>
    <SICI>1482,543</SICI>
    <SUD>2023,012</SUD>
  </Fabbisogno>
  <Fabbisogno>
    <Data>20170506</Data>
    <Mercato>MGP</Mercato>
    <Ora>7</Ora>
    <Italia>24209,603</Italia>
    <CNOR>2779,24</CNOR>
    <CSUD>3920,728</CSUD>
    <NORD>13112,575</NORD>
    <SARD>902,016</SARD>
    <SICI>1475,021</SICI>
    <SUD>2020,023</SUD>
  </Fabbisogno>
  <Fabbisogno>
    <Data>20170506</Data>
    <Mercato>MGP</Mercato>
    <Ora>8</Ora>
    <Italia>27352,028</Italia>
    <CNOR>3133,352</CNOR>
    <CSUD>4488,032</CSUD>
    <NORD>14569,104</NORD>
    <SARD>1061,267</SARD>
    <SICI>1689,015</SICI>
    <SUD>2411,258</SUD>
  </Fabbisogno>
  <Fabbisogno>
    <Data>20170506</Data>
    <Mercato>MGP</Mercato>
    <Ora>9</Ora>
    <Italia>29394,494</Italia>
    <CNOR>3320,345</CNOR>
    <CSUD>4896,279</CSUD>
    <NORD>15701,417</NORD>
    <SARD>1103,209</SARD>
    <SICI>1814,584</SICI>
    <SUD>2558,66</SUD>
  </Fabbisogno>
  <Fabbisogno>
    <Data>20170506</Data>
    <Mercato>MGP</Mercato>
    <Ora>10</Ora>
    <Italia>30211,556</Italia>
    <CNOR>3423,382</CNOR>
    <CSUD>5120,427</CSUD>
    <NORD>16182,152</NORD>
    <SARD>1026,657</SARD>
    <SICI>1887,093</SICI>
    <SUD>2571,845</SUD>
  </Fabbisogno>
  <Fabbisogno>
    <Data>20170506</Data>
    <Mercato>MGP</Mercato>
    <Ora>11</Ora>
    <Italia>29882,649</Italia>
    <CNOR>3383,759</CNOR>
    <CSUD>5121,035</CSUD>
    <NORD>16066,61</NORD>
    <SARD>998,202</SARD>
    <SICI>1861,541</SICI>
    <SUD>2451,502</SUD>
  </Fabbisogno>
  <Fabbisogno>
    <Data>20170506</Data>
    <Mercato>MGP</Mercato>
    <Ora>12</Ora>
    <Italia>29095,439</Italia>
    <CNOR>3300,973</CNOR>
    <CSUD>5033,265</CSUD>
    <NORD>15664,282</NORD>
    <SARD>969,107</SARD>
    <SICI>1810,766</SICI>
    <SUD>2317,046</SUD>
  </Fabbisogno>
  <Fabbisogno>
    <Data>20170506</Data>
    <Mercato>MGP</Mercato>
    <Ora>13</Ora>
    <Italia>27872,268</Italia>
    <CNOR>3138,452</CNOR>
    <CSUD>4991,552</CSUD>
    <NORD>14734,931</NORD>
    <SARD>941,623</SARD>
    <SICI>1777,902</SICI>
    <SUD>2287,808</SUD>
  </Fabbisogno>
  <Fabbisogno>
    <Data>20170506</Data>
    <Mercato>MGP</Mercato>
    <Ora>14</Ora>
    <Italia>26773,356</Italia>
    <CNOR>2965,571</CNOR>
    <CSUD>4802,434</CSUD>
    <NORD>14236,544</NORD>
    <SARD>898,528</SARD>
    <SICI>1708,664</SICI>
    <SUD>2161,615</SUD>
  </Fabbisogno>
  <Fabbisogno>
    <Data>20170506</Data>
    <Mercato>MGP</Mercato>
    <Ora>15</Ora>
    <Italia>26224,048</Italia>
    <CNOR>2849,485</CNOR>
    <CSUD>4630,288</CSUD>
    <NORD>14144,256</NORD>
    <SARD>880,778</SARD>
    <SICI>1658,646</SICI>
    <SUD>2060,595</SUD>
  </Fabbisogno>
  <Fabbisogno>
    <Data>20170506</Data>
    <Mercato>MGP</Mercato>
    <Ora>16</Ora>
    <Italia>26278,876</Italia>
    <CNOR>2886,722</CNOR>
    <CSUD>4676,289</CSUD>
    <NORD>14071,066</NORD>
    <SARD>893,184</SARD>
    <SICI>1662,097</SICI>
    <SUD>2089,518</SUD>
  </Fabbisogno>
  <Fabbisogno>
    <Data>20170506</Data>
    <Mercato>MGP</Mercato>
    <Ora>17</Ora>
    <Italia>26622,117</Italia>
    <CNOR>2927,6</CNOR>
    <CSUD>4673,595</CSUD>
    <NORD>14164,803</NORD>
    <SARD>929,081</SARD>
    <SICI>1740,883</SICI>
    <SUD>2186,155</SUD>
  </Fabbisogno>
  <Fabbisogno>
    <Data>20170506</Data>
    <Mercato>MGP</Mercato>
    <Ora>18</Ora>
    <Italia>27365,843</Italia>
    <CNOR>3072,663</CNOR>
    <CSUD>4789,589</CSUD>
    <NORD>14387,586</NORD>
    <SARD>977,024</SARD>
    <SICI>1799,31</SICI>
    <SUD>2339,671</SUD>
  </Fabbisogno>
  <Fabbisogno>
    <Data>20170506</Data>
    <Mercato>MGP</Mercato>
    <Ora>19</Ora>
    <Italia>28651,878</Italia>
    <CNOR>3331,659</CNOR>
    <CSUD>5013,465</CSUD>
    <NORD>14796,64</NORD>
    <SARD>1038,05</SARD>
    <SICI>1891,148</SICI>
    <SUD>2580,916</SUD>
  </Fabbisogno>
  <Fabbisogno>
    <Data>20170506</Data>
    <Mercato>MGP</Mercato>
    <Ora>20</Ora>
    <Italia>30076,19</Italia>
    <CNOR>3578,523</CNOR>
    <CSUD>5366,636</CSUD>
    <NORD>15185,279</NORD>
    <SARD>1103,22</SARD>
    <SICI>2013,337</SICI>
    <SUD>2829,195</SUD>
  </Fabbisogno>
  <Fabbisogno>
    <Data>20170506</Data>
    <Mercato>MGP</Mercato>
    <Ora>21</Ora>
    <Italia>31494,019</Italia>
    <CNOR>3649,133</CNOR>
    <CSUD>5816,903</CSUD>
    <NORD>15327,588</NORD>
    <SARD>1207,95</SARD>
    <SICI>2248,606</SICI>
    <SUD>3243,839</SUD>
  </Fabbisogno>
  <Fabbisogno>
    <Data>20170506</Data>
    <Mercato>MGP</Mercato>
    <Ora>22</Ora>
    <Italia>30724,799</Italia>
    <CNOR>3565,521</CNOR>
    <CSUD>5541,572</CSUD>
    <NORD>15315,008</NORD>
    <SARD>1191,842</SARD>
    <SICI>2126,256</SICI>
    <SUD>2984,6</SUD>
  </Fabbisogno>
  <Fabbisogno>
    <Data>20170506</Data>
    <Mercato>MGP</Mercato>
    <Ora>23</Ora>
    <Italia>28393,915</Italia>
    <CNOR>3296,512</CNOR>
    <CSUD>5095,206</CSUD>
    <NORD>14352,279</NORD>
    <SARD>1029,859</SARD>
    <SICI>1943,065</SICI>
    <SUD>2676,994</SUD>
  </Fabbisogno>
  <Fabbisogno>
    <Data>20170506</Data>
    <Mercato>MGP</Mercato>
    <Ora>24</Ora>
    <Italia>25974,939</Italia>
    <CNOR>3001,032</CNOR>
    <CSUD>4624,685</CSUD>
    <NORD>13189,48</NORD>
    <SARD>969,489</SARD>
    <SICI>1764,347</SICI>
    <SUD>2425,906</SUD>
  </Fabbisogno>
</NewDataSet>