<?xml version="1.0" standalone="yes"?>
<NewDataSet>
  <xs:schema id="NewDataSet" xmlns="" xmlns:xs="http://www.w3.org/2001/XMLSchema" xmlns:msdata="urn:schemas-microsoft-com:xml-msdata">
    <xs:element name="NewDataSet" msdata:IsDataSet="true" msdata:MainDataTable="marketintervaldetail" msdata:UseCurrentLocale="true">
      <xs:complexType>
        <xs:choice minOccurs="0" maxOccurs="unbounded">
          <xs:element name="marketintervaldetail">
            <xs:complexType>
              <xs:sequence>
                <xs:element name="Data" type="xs:string" minOccurs="0" />
                <xs:element name="Mercato" type="xs:string" minOccurs="0" />
                <xs:element name="Ora" type="xs:string" minOccurs="0" />
                <xs:element name="Totale" type="xs:string" minOccurs="0" />
                <xs:element name="CNOR" type="xs:string" minOccurs="0" />
                <xs:element name="CSUD" type="xs:string" minOccurs="0" />
                <xs:element name="NORD" type="xs:string" minOccurs="0" />
                <xs:element name="SARD" type="xs:string" minOccurs="0" />
                <xs:element name="SICI" type="xs:string" minOccurs="0" />
                <xs:element name="SUD" type="xs:string" minOccurs="0" />
              </xs:sequence>
            </xs:complexType>
          </xs:element>
        </xs:choice>
      </xs:complexType>
    </xs:element>
  </xs:schema>
  <marketintervaldetail>
    <Data>20141224</Data>
    <Mercato>MGP</Mercato>
    <Ora>01</Ora>
    <Totale>23252</Totale>
    <CNOR>2381</CNOR>
    <CSUD>4162</CSUD>
    <NORD>12020</NORD>
    <SARD>875</SARD>
    <SICI>1658</SICI>
    <SUD>2156</SUD>
  </marketintervaldetail>
  <marketintervaldetail>
    <Data>20141224</Data>
    <Mercato>MGP</Mercato>
    <Ora>02</Ora>
    <Totale>21179</Totale>
    <CNOR>2156</CNOR>
    <CSUD>3800</CSUD>
    <NORD>11034</NORD>
    <SARD>809</SARD>
    <SICI>1497</SICI>
    <SUD>1883</SUD>
  </marketintervaldetail>
  <marketintervaldetail>
    <Data>20141224</Data>
    <Mercato>MGP</Mercato>
    <Ora>03</Ora>
    <Totale>20171</Totale>
    <CNOR>2063</CNOR>
    <CSUD>3506</CSUD>
    <NORD>10632</NORD>
    <SARD>783</SARD>
    <SICI>1415</SICI>
    <SUD>1772</SUD>
  </marketintervaldetail>
  <marketintervaldetail>
    <Data>20141224</Data>
    <Mercato>MGP</Mercato>
    <Ora>04</Ora>
    <Totale>19643</Totale>
    <CNOR>1967</CNOR>
    <CSUD>3350</CSUD>
    <NORD>10420</NORD>
    <SARD>777</SARD>
    <SICI>1362</SICI>
    <SUD>1767</SUD>
  </marketintervaldetail>
  <marketintervaldetail>
    <Data>20141224</Data>
    <Mercato>MGP</Mercato>
    <Ora>05</Ora>
    <Totale>19631</Totale>
    <CNOR>1965</CNOR>
    <CSUD>3348</CSUD>
    <NORD>10394</NORD>
    <SARD>774</SARD>
    <SICI>1373</SICI>
    <SUD>1777</SUD>
  </marketintervaldetail>
  <marketintervaldetail>
    <Data>20141224</Data>
    <Mercato>MGP</Mercato>
    <Ora>06</Ora>
    <Totale>21088</Totale>
    <CNOR>2083</CNOR>
    <CSUD>3536</CSUD>
    <NORD>11344</NORD>
    <SARD>795</SARD>
    <SICI>1445</SICI>
    <SUD>1885</SUD>
  </marketintervaldetail>
  <marketintervaldetail>
    <Data>20141224</Data>
    <Mercato>MGP</Mercato>
    <Ora>07</Ora>
    <Totale>24668</Totale>
    <CNOR>2486</CNOR>
    <CSUD>4067</CSUD>
    <NORD>13407</NORD>
    <SARD>877</SARD>
    <SICI>1615</SICI>
    <SUD>2216</SUD>
  </marketintervaldetail>
  <marketintervaldetail>
    <Data>20141224</Data>
    <Mercato>MGP</Mercato>
    <Ora>08</Ora>
    <Totale>28200</Totale>
    <CNOR>2898</CNOR>
    <CSUD>4625</CSUD>
    <NORD>15514</NORD>
    <SARD>981</SARD>
    <SICI>1799</SICI>
    <SUD>2383</SUD>
  </marketintervaldetail>
  <marketintervaldetail>
    <Data>20141224</Data>
    <Mercato>MGP</Mercato>
    <Ora>09</Ora>
    <Totale>31119</Totale>
    <CNOR>3162</CNOR>
    <CSUD>5227</CSUD>
    <NORD>16966</NORD>
    <SARD>1047</SARD>
    <SICI>1997</SICI>
    <SUD>2720</SUD>
  </marketintervaldetail>
  <marketintervaldetail>
    <Data>20141224</Data>
    <Mercato>MGP</Mercato>
    <Ora>10</Ora>
    <Totale>32567</Totale>
    <CNOR>3385</CNOR>
    <CSUD>5794</CSUD>
    <NORD>17469</NORD>
    <SARD>1059</SARD>
    <SICI>2068</SICI>
    <SUD>2792</SUD>
  </marketintervaldetail>
  <marketintervaldetail>
    <Data>20141224</Data>
    <Mercato>MGP</Mercato>
    <Ora>11</Ora>
    <Totale>32218</Totale>
    <CNOR>3383</CNOR>
    <CSUD>6014</CSUD>
    <NORD>17143</NORD>
    <SARD>1044</SARD>
    <SICI>1973</SICI>
    <SUD>2661</SUD>
  </marketintervaldetail>
  <marketintervaldetail>
    <Data>20141224</Data>
    <Mercato>MGP</Mercato>
    <Ora>12</Ora>
    <Totale>31557</Totale>
    <CNOR>3419</CNOR>
    <CSUD>5826</CSUD>
    <NORD>16738</NORD>
    <SARD>1037</SARD>
    <SICI>1957</SICI>
    <SUD>2580</SUD>
  </marketintervaldetail>
  <marketintervaldetail>
    <Data>20141224</Data>
    <Mercato>MGP</Mercato>
    <Ora>13</Ora>
    <Totale>30434</Totale>
    <CNOR>3220</CNOR>
    <CSUD>5531</CSUD>
    <NORD>16326</NORD>
    <SARD>1018</SARD>
    <SICI>1929</SICI>
    <SUD>2410</SUD>
  </marketintervaldetail>
  <marketintervaldetail>
    <Data>20141224</Data>
    <Mercato>MGP</Mercato>
    <Ora>14</Ora>
    <Totale>29306</Totale>
    <CNOR>2978</CNOR>
    <CSUD>5278</CSUD>
    <NORD>15531</NORD>
    <SARD>991</SARD>
    <SICI>1903</SICI>
    <SUD>2625</SUD>
  </marketintervaldetail>
  <marketintervaldetail>
    <Data>20141224</Data>
    <Mercato>MGP</Mercato>
    <Ora>15</Ora>
    <Totale>29128</Totale>
    <CNOR>3069</CNOR>
    <CSUD>5064</CSUD>
    <NORD>15462</NORD>
    <SARD>938</SARD>
    <SICI>1990</SICI>
    <SUD>2605</SUD>
  </marketintervaldetail>
  <marketintervaldetail>
    <Data>20141224</Data>
    <Mercato>MGP</Mercato>
    <Ora>16</Ora>
    <Totale>29413</Totale>
    <CNOR>3235</CNOR>
    <CSUD>4978</CSUD>
    <NORD>15683</NORD>
    <SARD>957</SARD>
    <SICI>2024</SICI>
    <SUD>2536</SUD>
  </marketintervaldetail>
  <marketintervaldetail>
    <Data>20141224</Data>
    <Mercato>MGP</Mercato>
    <Ora>17</Ora>
    <Totale>30990</Totale>
    <CNOR>3292</CNOR>
    <CSUD>4941</CSUD>
    <NORD>16885</NORD>
    <SARD>1013</SARD>
    <SICI>2130</SICI>
    <SUD>2729</SUD>
  </marketintervaldetail>
  <marketintervaldetail>
    <Data>20141224</Data>
    <Mercato>MGP</Mercato>
    <Ora>18</Ora>
    <Totale>34236</Totale>
    <CNOR>3677</CNOR>
    <CSUD>5777</CSUD>
    <NORD>18073</NORD>
    <SARD>1130</SARD>
    <SICI>2419</SICI>
    <SUD>3160</SUD>
  </marketintervaldetail>
  <marketintervaldetail>
    <Data>20141224</Data>
    <Mercato>MGP</Mercato>
    <Ora>19</Ora>
    <Totale>34648</Totale>
    <CNOR>3722</CNOR>
    <CSUD>5835</CSUD>
    <NORD>18198</NORD>
    <SARD>1155</SARD>
    <SICI>2460</SICI>
    <SUD>3278</SUD>
  </marketintervaldetail>
  <marketintervaldetail>
    <Data>20141224</Data>
    <Mercato>MGP</Mercato>
    <Ora>20</Ora>
    <Totale>33700</Totale>
    <CNOR>3706</CNOR>
    <CSUD>5604</CSUD>
    <NORD>17528</NORD>
    <SARD>1152</SARD>
    <SICI>2437</SICI>
    <SUD>3273</SUD>
  </marketintervaldetail>
  <marketintervaldetail>
    <Data>20141224</Data>
    <Mercato>MGP</Mercato>
    <Ora>21</Ora>
    <Totale>30729</Totale>
    <CNOR>3333</CNOR>
    <CSUD>5166</CSUD>
    <NORD>15881</NORD>
    <SARD>1065</SARD>
    <SICI>2260</SICI>
    <SUD>3024</SUD>
  </marketintervaldetail>
  <marketintervaldetail>
    <Data>20141224</Data>
    <Mercato>MGP</Mercato>
    <Ora>22</Ora>
    <Totale>28197</Totale>
    <CNOR>3064</CNOR>
    <CSUD>4769</CSUD>
    <NORD>14661</NORD>
    <SARD>968</SARD>
    <SICI>1982</SICI>
    <SUD>2753</SUD>
  </marketintervaldetail>
  <marketintervaldetail>
    <Data>20141224</Data>
    <Mercato>MGP</Mercato>
    <Ora>23</Ora>
    <Totale>26272</Totale>
    <CNOR>2836</CNOR>
    <CSUD>4565</CSUD>
    <NORD>13408</NORD>
    <SARD>921</SARD>
    <SICI>1872</SICI>
    <SUD>2670</SUD>
  </marketintervaldetail>
  <marketintervaldetail>
    <Data>20141224</Data>
    <Mercato>MGP</Mercato>
    <Ora>24</Ora>
    <Totale>24547</Totale>
    <CNOR>2578</CNOR>
    <CSUD>4374</CSUD>
    <NORD>12276</NORD>
    <SARD>896</SARD>
    <SICI>1810</SICI>
    <SUD>2613</SUD>
  </marketintervaldetail>
</NewDataSet>