<?xml version="1.0" standalone="yes"?>
<NewDataSet>
  <xs:schema id="NewDataSet" xmlns="" xmlns:xs="http://www.w3.org/2001/XMLSchema" xmlns:msdata="urn:schemas-microsoft-com:xml-msdata">
    <xs:element name="NewDataSet" msdata:IsDataSet="true" msdata:MainDataTable="marketintervaldetail" msdata:UseCurrentLocale="true">
      <xs:complexType>
        <xs:choice minOccurs="0" maxOccurs="unbounded">
          <xs:element name="marketintervaldetail">
            <xs:complexType>
              <xs:sequence>
                <xs:element name="Data" type="xs:string" minOccurs="0" />
                <xs:element name="Mercato" type="xs:string" minOccurs="0" />
                <xs:element name="Ora" type="xs:string" minOccurs="0" />
                <xs:element name="Totale" type="xs:string" minOccurs="0" />
                <xs:element name="CNOR" type="xs:string" minOccurs="0" />
                <xs:element name="CSUD" type="xs:string" minOccurs="0" />
                <xs:element name="NORD" type="xs:string" minOccurs="0" />
                <xs:element name="SARD" type="xs:string" minOccurs="0" />
                <xs:element name="SICI" type="xs:string" minOccurs="0" />
                <xs:element name="SUD" type="xs:string" minOccurs="0" />
              </xs:sequence>
            </xs:complexType>
          </xs:element>
        </xs:choice>
      </xs:complexType>
    </xs:element>
  </xs:schema>
  <marketintervaldetail>
    <Data>20141206</Data>
    <Mercato>MGP</Mercato>
    <Ora>01</Ora>
    <Totale>27543</Totale>
    <CNOR>2859</CNOR>
    <CSUD>4267</CSUD>
    <NORD>15612</NORD>
    <SARD>836</SARD>
    <SICI>1677</SICI>
    <SUD>2292</SUD>
  </marketintervaldetail>
  <marketintervaldetail>
    <Data>20141206</Data>
    <Mercato>MGP</Mercato>
    <Ora>02</Ora>
    <Totale>25531</Totale>
    <CNOR>2666</CNOR>
    <CSUD>3932</CSUD>
    <NORD>14463</NORD>
    <SARD>797</SARD>
    <SICI>1577</SICI>
    <SUD>2096</SUD>
  </marketintervaldetail>
  <marketintervaldetail>
    <Data>20141206</Data>
    <Mercato>MGP</Mercato>
    <Ora>03</Ora>
    <Totale>24638</Totale>
    <CNOR>2564</CNOR>
    <CSUD>3756</CSUD>
    <NORD>13961</NORD>
    <SARD>767</SARD>
    <SICI>1550</SICI>
    <SUD>2040</SUD>
  </marketintervaldetail>
  <marketintervaldetail>
    <Data>20141206</Data>
    <Mercato>MGP</Mercato>
    <Ora>04</Ora>
    <Totale>24205</Totale>
    <CNOR>2484</CNOR>
    <CSUD>3721</CSUD>
    <NORD>13780</NORD>
    <SARD>758</SARD>
    <SICI>1487</SICI>
    <SUD>1975</SUD>
  </marketintervaldetail>
  <marketintervaldetail>
    <Data>20141206</Data>
    <Mercato>MGP</Mercato>
    <Ora>05</Ora>
    <Totale>24100</Totale>
    <CNOR>2459</CNOR>
    <CSUD>3665</CSUD>
    <NORD>13720</NORD>
    <SARD>765</SARD>
    <SICI>1523</SICI>
    <SUD>1968</SUD>
  </marketintervaldetail>
  <marketintervaldetail>
    <Data>20141206</Data>
    <Mercato>MGP</Mercato>
    <Ora>06</Ora>
    <Totale>24815</Totale>
    <CNOR>2553</CNOR>
    <CSUD>3790</CSUD>
    <NORD>14077</NORD>
    <SARD>776</SARD>
    <SICI>1561</SICI>
    <SUD>2058</SUD>
  </marketintervaldetail>
  <marketintervaldetail>
    <Data>20141206</Data>
    <Mercato>MGP</Mercato>
    <Ora>07</Ora>
    <Totale>27523</Totale>
    <CNOR>2830</CNOR>
    <CSUD>4187</CSUD>
    <NORD>15674</NORD>
    <SARD>865</SARD>
    <SICI>1649</SICI>
    <SUD>2318</SUD>
  </marketintervaldetail>
  <marketintervaldetail>
    <Data>20141206</Data>
    <Mercato>MGP</Mercato>
    <Ora>08</Ora>
    <Totale>31332</Totale>
    <CNOR>3270</CNOR>
    <CSUD>4699</CSUD>
    <NORD>17896</NORD>
    <SARD>975</SARD>
    <SICI>1852</SICI>
    <SUD>2640</SUD>
  </marketintervaldetail>
  <marketintervaldetail>
    <Data>20141206</Data>
    <Mercato>MGP</Mercato>
    <Ora>09</Ora>
    <Totale>34284</Totale>
    <CNOR>3582</CNOR>
    <CSUD>5113</CSUD>
    <NORD>19660</NORD>
    <SARD>1008</SARD>
    <SICI>2088</SICI>
    <SUD>2833</SUD>
  </marketintervaldetail>
  <marketintervaldetail>
    <Data>20141206</Data>
    <Mercato>MGP</Mercato>
    <Ora>10</Ora>
    <Totale>36140</Totale>
    <CNOR>3899</CNOR>
    <CSUD>5524</CSUD>
    <NORD>20494</NORD>
    <SARD>1023</SARD>
    <SICI>2207</SICI>
    <SUD>2993</SUD>
  </marketintervaldetail>
  <marketintervaldetail>
    <Data>20141206</Data>
    <Mercato>MGP</Mercato>
    <Ora>11</Ora>
    <Totale>35808</Totale>
    <CNOR>3814</CNOR>
    <CSUD>5570</CSUD>
    <NORD>20257</NORD>
    <SARD>1017</SARD>
    <SICI>2187</SICI>
    <SUD>2963</SUD>
  </marketintervaldetail>
  <marketintervaldetail>
    <Data>20141206</Data>
    <Mercato>MGP</Mercato>
    <Ora>12</Ora>
    <Totale>35074</Totale>
    <CNOR>3781</CNOR>
    <CSUD>5468</CSUD>
    <NORD>19674</NORD>
    <SARD>1040</SARD>
    <SICI>2175</SICI>
    <SUD>2936</SUD>
  </marketintervaldetail>
  <marketintervaldetail>
    <Data>20141206</Data>
    <Mercato>MGP</Mercato>
    <Ora>13</Ora>
    <Totale>32430</Totale>
    <CNOR>3540</CNOR>
    <CSUD>5219</CSUD>
    <NORD>17937</NORD>
    <SARD>943</SARD>
    <SICI>2137</SICI>
    <SUD>2654</SUD>
  </marketintervaldetail>
  <marketintervaldetail>
    <Data>20141206</Data>
    <Mercato>MGP</Mercato>
    <Ora>14</Ora>
    <Totale>30883</Totale>
    <CNOR>3206</CNOR>
    <CSUD>5209</CSUD>
    <NORD>16977</NORD>
    <SARD>865</SARD>
    <SICI>2058</SICI>
    <SUD>2568</SUD>
  </marketintervaldetail>
  <marketintervaldetail>
    <Data>20141206</Data>
    <Mercato>MGP</Mercato>
    <Ora>15</Ora>
    <Totale>31080</Totale>
    <CNOR>3327</CNOR>
    <CSUD>5287</CSUD>
    <NORD>16979</NORD>
    <SARD>869</SARD>
    <SICI>2055</SICI>
    <SUD>2563</SUD>
  </marketintervaldetail>
  <marketintervaldetail>
    <Data>20141206</Data>
    <Mercato>MGP</Mercato>
    <Ora>16</Ora>
    <Totale>31494</Totale>
    <CNOR>3383</CNOR>
    <CSUD>5389</CSUD>
    <NORD>17175</NORD>
    <SARD>880</SARD>
    <SICI>2091</SICI>
    <SUD>2576</SUD>
  </marketintervaldetail>
  <marketintervaldetail>
    <Data>20141206</Data>
    <Mercato>MGP</Mercato>
    <Ora>17</Ora>
    <Totale>33517</Totale>
    <CNOR>3452</CNOR>
    <CSUD>5720</CSUD>
    <NORD>18157</NORD>
    <SARD>918</SARD>
    <SICI>2246</SICI>
    <SUD>3024</SUD>
  </marketintervaldetail>
  <marketintervaldetail>
    <Data>20141206</Data>
    <Mercato>MGP</Mercato>
    <Ora>18</Ora>
    <Totale>36533</Totale>
    <CNOR>3699</CNOR>
    <CSUD>6149</CSUD>
    <NORD>19957</NORD>
    <SARD>1023</SARD>
    <SICI>2437</SICI>
    <SUD>3268</SUD>
  </marketintervaldetail>
  <marketintervaldetail>
    <Data>20141206</Data>
    <Mercato>MGP</Mercato>
    <Ora>19</Ora>
    <Totale>36603</Totale>
    <CNOR>3783</CNOR>
    <CSUD>6137</CSUD>
    <NORD>19953</NORD>
    <SARD>1045</SARD>
    <SICI>2421</SICI>
    <SUD>3264</SUD>
  </marketintervaldetail>
  <marketintervaldetail>
    <Data>20141206</Data>
    <Mercato>MGP</Mercato>
    <Ora>20</Ora>
    <Totale>36341</Totale>
    <CNOR>3861</CNOR>
    <CSUD>6134</CSUD>
    <NORD>19529</NORD>
    <SARD>1050</SARD>
    <SICI>2457</SICI>
    <SUD>3310</SUD>
  </marketintervaldetail>
  <marketintervaldetail>
    <Data>20141206</Data>
    <Mercato>MGP</Mercato>
    <Ora>21</Ora>
    <Totale>33781</Totale>
    <CNOR>3482</CNOR>
    <CSUD>5907</CSUD>
    <NORD>17883</NORD>
    <SARD>1025</SARD>
    <SICI>2370</SICI>
    <SUD>3114</SUD>
  </marketintervaldetail>
  <marketintervaldetail>
    <Data>20141206</Data>
    <Mercato>MGP</Mercato>
    <Ora>22</Ora>
    <Totale>30837</Totale>
    <CNOR>3186</CNOR>
    <CSUD>5380</CSUD>
    <NORD>16395</NORD>
    <SARD>940</SARD>
    <SICI>2118</SICI>
    <SUD>2818</SUD>
  </marketintervaldetail>
  <marketintervaldetail>
    <Data>20141206</Data>
    <Mercato>MGP</Mercato>
    <Ora>23</Ora>
    <Totale>28312</Totale>
    <CNOR>2927</CNOR>
    <CSUD>4902</CSUD>
    <NORD>15089</NORD>
    <SARD>888</SARD>
    <SICI>1996</SICI>
    <SUD>2510</SUD>
  </marketintervaldetail>
  <marketintervaldetail>
    <Data>20141206</Data>
    <Mercato>MGP</Mercato>
    <Ora>24</Ora>
    <Totale>26315</Totale>
    <CNOR>2819</CNOR>
    <CSUD>4346</CSUD>
    <NORD>14124</NORD>
    <SARD>820</SARD>
    <SICI>1854</SICI>
    <SUD>2352</SUD>
  </marketintervaldetail>
</NewDataSet>