<?xml version="1.0" standalone="yes"?>
<NewDataSet>
  <xs:schema id="NewDataSet" xmlns="" xmlns:xs="http://www.w3.org/2001/XMLSchema" xmlns:msdata="urn:schemas-microsoft-com:xml-msdata">
    <xs:element name="NewDataSet" msdata:IsDataSet="true" msdata:MainDataTable="marketintervaldetail" msdata:UseCurrentLocale="true">
      <xs:complexType>
        <xs:choice minOccurs="0" maxOccurs="unbounded">
          <xs:element name="marketintervaldetail">
            <xs:complexType>
              <xs:sequence>
                <xs:element name="Data" type="xs:string" minOccurs="0" />
                <xs:element name="Mercato" type="xs:string" minOccurs="0" />
                <xs:element name="Ora" type="xs:string" minOccurs="0" />
                <xs:element name="Totale" type="xs:string" minOccurs="0" />
                <xs:element name="CNOR" type="xs:string" minOccurs="0" />
                <xs:element name="CSUD" type="xs:string" minOccurs="0" />
                <xs:element name="NORD" type="xs:string" minOccurs="0" />
                <xs:element name="SARD" type="xs:string" minOccurs="0" />
                <xs:element name="SICI" type="xs:string" minOccurs="0" />
                <xs:element name="SUD" type="xs:string" minOccurs="0" />
              </xs:sequence>
            </xs:complexType>
          </xs:element>
        </xs:choice>
      </xs:complexType>
    </xs:element>
  </xs:schema>
  <marketintervaldetail>
    <Data>20141229</Data>
    <Mercato>MGP</Mercato>
    <Ora>01</Ora>
    <Totale>21156</Totale>
    <CNOR>2247</CNOR>
    <CSUD>3881</CSUD>
    <NORD>10368</NORD>
    <SARD>857</SARD>
    <SICI>1628</SICI>
    <SUD>2175</SUD>
  </marketintervaldetail>
  <marketintervaldetail>
    <Data>20141229</Data>
    <Mercato>MGP</Mercato>
    <Ora>02</Ora>
    <Totale>19247</Totale>
    <CNOR>2044</CNOR>
    <CSUD>3501</CSUD>
    <NORD>9512</NORD>
    <SARD>795</SARD>
    <SICI>1458</SICI>
    <SUD>1937</SUD>
  </marketintervaldetail>
  <marketintervaldetail>
    <Data>20141229</Data>
    <Mercato>MGP</Mercato>
    <Ora>03</Ora>
    <Totale>18456</Totale>
    <CNOR>1970</CNOR>
    <CSUD>3319</CSUD>
    <NORD>9200</NORD>
    <SARD>773</SARD>
    <SICI>1380</SICI>
    <SUD>1814</SUD>
  </marketintervaldetail>
  <marketintervaldetail>
    <Data>20141229</Data>
    <Mercato>MGP</Mercato>
    <Ora>04</Ora>
    <Totale>18104</Totale>
    <CNOR>1916</CNOR>
    <CSUD>3218</CSUD>
    <NORD>9101</NORD>
    <SARD>772</SARD>
    <SICI>1335</SICI>
    <SUD>1762</SUD>
  </marketintervaldetail>
  <marketintervaldetail>
    <Data>20141229</Data>
    <Mercato>MGP</Mercato>
    <Ora>05</Ora>
    <Totale>18110</Totale>
    <CNOR>1948</CNOR>
    <CSUD>3191</CSUD>
    <NORD>9134</NORD>
    <SARD>772</SARD>
    <SICI>1340</SICI>
    <SUD>1725</SUD>
  </marketintervaldetail>
  <marketintervaldetail>
    <Data>20141229</Data>
    <Mercato>MGP</Mercato>
    <Ora>06</Ora>
    <Totale>19548</Totale>
    <CNOR>2067</CNOR>
    <CSUD>3376</CSUD>
    <NORD>10051</NORD>
    <SARD>793</SARD>
    <SICI>1401</SICI>
    <SUD>1860</SUD>
  </marketintervaldetail>
  <marketintervaldetail>
    <Data>20141229</Data>
    <Mercato>MGP</Mercato>
    <Ora>07</Ora>
    <Totale>23159</Totale>
    <CNOR>2496</CNOR>
    <CSUD>3958</CSUD>
    <NORD>12136</NORD>
    <SARD>877</SARD>
    <SICI>1541</SICI>
    <SUD>2151</SUD>
  </marketintervaldetail>
  <marketintervaldetail>
    <Data>20141229</Data>
    <Mercato>MGP</Mercato>
    <Ora>08</Ora>
    <Totale>26923</Totale>
    <CNOR>2925</CNOR>
    <CSUD>4506</CSUD>
    <NORD>14402</NORD>
    <SARD>982</SARD>
    <SICI>1732</SICI>
    <SUD>2376</SUD>
  </marketintervaldetail>
  <marketintervaldetail>
    <Data>20141229</Data>
    <Mercato>MGP</Mercato>
    <Ora>09</Ora>
    <Totale>30704</Totale>
    <CNOR>3371</CNOR>
    <CSUD>5119</CSUD>
    <NORD>16401</NORD>
    <SARD>1060</SARD>
    <SICI>1970</SICI>
    <SUD>2783</SUD>
  </marketintervaldetail>
  <marketintervaldetail>
    <Data>20141229</Data>
    <Mercato>MGP</Mercato>
    <Ora>10</Ora>
    <Totale>33003</Totale>
    <CNOR>3649</CNOR>
    <CSUD>5771</CSUD>
    <NORD>17288</NORD>
    <SARD>1106</SARD>
    <SICI>2145</SICI>
    <SUD>3044</SUD>
  </marketintervaldetail>
  <marketintervaldetail>
    <Data>20141229</Data>
    <Mercato>MGP</Mercato>
    <Ora>11</Ora>
    <Totale>33373</Totale>
    <CNOR>3752</CNOR>
    <CSUD>6095</CSUD>
    <NORD>17327</NORD>
    <SARD>1118</SARD>
    <SICI>2121</SICI>
    <SUD>2960</SUD>
  </marketintervaldetail>
  <marketintervaldetail>
    <Data>20141229</Data>
    <Mercato>MGP</Mercato>
    <Ora>12</Ora>
    <Totale>33641</Totale>
    <CNOR>3902</CNOR>
    <CSUD>6148</CSUD>
    <NORD>17369</NORD>
    <SARD>1130</SARD>
    <SICI>2162</SICI>
    <SUD>2930</SUD>
  </marketintervaldetail>
  <marketintervaldetail>
    <Data>20141229</Data>
    <Mercato>MGP</Mercato>
    <Ora>13</Ora>
    <Totale>32217</Totale>
    <CNOR>3533</CNOR>
    <CSUD>5896</CSUD>
    <NORD>16938</NORD>
    <SARD>1073</SARD>
    <SICI>2106</SICI>
    <SUD>2671</SUD>
  </marketintervaldetail>
  <marketintervaldetail>
    <Data>20141229</Data>
    <Mercato>MGP</Mercato>
    <Ora>14</Ora>
    <Totale>31289</Totale>
    <CNOR>3259</CNOR>
    <CSUD>5634</CSUD>
    <NORD>16524</NORD>
    <SARD>1026</SARD>
    <SICI>2073</SICI>
    <SUD>2773</SUD>
  </marketintervaldetail>
  <marketintervaldetail>
    <Data>20141229</Data>
    <Mercato>MGP</Mercato>
    <Ora>15</Ora>
    <Totale>31691</Totale>
    <CNOR>3383</CNOR>
    <CSUD>5625</CSUD>
    <NORD>16771</NORD>
    <SARD>977</SARD>
    <SICI>2130</SICI>
    <SUD>2805</SUD>
  </marketintervaldetail>
  <marketintervaldetail>
    <Data>20141229</Data>
    <Mercato>MGP</Mercato>
    <Ora>16</Ora>
    <Totale>32274</Totale>
    <CNOR>3499</CNOR>
    <CSUD>5632</CSUD>
    <NORD>17047</NORD>
    <SARD>962</SARD>
    <SICI>2221</SICI>
    <SUD>2913</SUD>
  </marketintervaldetail>
  <marketintervaldetail>
    <Data>20141229</Data>
    <Mercato>MGP</Mercato>
    <Ora>17</Ora>
    <Totale>34558</Totale>
    <CNOR>3863</CNOR>
    <CSUD>5905</CSUD>
    <NORD>18366</NORD>
    <SARD>987</SARD>
    <SICI>2276</SICI>
    <SUD>3161</SUD>
  </marketintervaldetail>
  <marketintervaldetail>
    <Data>20141229</Data>
    <Mercato>MGP</Mercato>
    <Ora>18</Ora>
    <Totale>37436</Totale>
    <CNOR>4176</CNOR>
    <CSUD>6527</CSUD>
    <NORD>19611</NORD>
    <SARD>1135</SARD>
    <SICI>2529</SICI>
    <SUD>3458</SUD>
  </marketintervaldetail>
  <marketintervaldetail>
    <Data>20141229</Data>
    <Mercato>MGP</Mercato>
    <Ora>19</Ora>
    <Totale>37455</Totale>
    <CNOR>4169</CNOR>
    <CSUD>6548</CSUD>
    <NORD>19379</NORD>
    <SARD>1189</SARD>
    <SICI>2567</SICI>
    <SUD>3603</SUD>
  </marketintervaldetail>
  <marketintervaldetail>
    <Data>20141229</Data>
    <Mercato>MGP</Mercato>
    <Ora>20</Ora>
    <Totale>36443</Totale>
    <CNOR>4060</CNOR>
    <CSUD>6511</CSUD>
    <NORD>18442</NORD>
    <SARD>1200</SARD>
    <SICI>2620</SICI>
    <SUD>3610</SUD>
  </marketintervaldetail>
  <marketintervaldetail>
    <Data>20141229</Data>
    <Mercato>MGP</Mercato>
    <Ora>21</Ora>
    <Totale>34067</Totale>
    <CNOR>3677</CNOR>
    <CSUD>6069</CSUD>
    <NORD>17149</NORD>
    <SARD>1162</SARD>
    <SICI>2542</SICI>
    <SUD>3468</SUD>
  </marketintervaldetail>
  <marketintervaldetail>
    <Data>20141229</Data>
    <Mercato>MGP</Mercato>
    <Ora>22</Ora>
    <Totale>31710</Totale>
    <CNOR>3459</CNOR>
    <CSUD>5587</CSUD>
    <NORD>16009</NORD>
    <SARD>1083</SARD>
    <SICI>2359</SICI>
    <SUD>3213</SUD>
  </marketintervaldetail>
  <marketintervaldetail>
    <Data>20141229</Data>
    <Mercato>MGP</Mercato>
    <Ora>23</Ora>
    <Totale>28534</Totale>
    <CNOR>3104</CNOR>
    <CSUD>5071</CSUD>
    <NORD>14296</NORD>
    <SARD>1011</SARD>
    <SICI>2142</SICI>
    <SUD>2910</SUD>
  </marketintervaldetail>
  <marketintervaldetail>
    <Data>20141229</Data>
    <Mercato>MGP</Mercato>
    <Ora>24</Ora>
    <Totale>25219</Totale>
    <CNOR>2831</CNOR>
    <CSUD>4446</CSUD>
    <NORD>12577</NORD>
    <SARD>929</SARD>
    <SICI>1893</SICI>
    <SUD>2543</SUD>
  </marketintervaldetail>
</NewDataSet>