<?xml version="1.0" standalone="yes"?>
<NewDataSet>
  <xs:schema id="NewDataSet" xmlns="" xmlns:xs="http://www.w3.org/2001/XMLSchema" xmlns:msdata="urn:schemas-microsoft-com:xml-msdata">
    <xs:element name="NewDataSet" msdata:IsDataSet="true" msdata:MainDataTable="marketintervaldetail" msdata:UseCurrentLocale="true">
      <xs:complexType>
        <xs:choice minOccurs="0" maxOccurs="unbounded">
          <xs:element name="marketintervaldetail">
            <xs:complexType>
              <xs:sequence>
                <xs:element name="Data" type="xs:string" minOccurs="0" />
                <xs:element name="Mercato" type="xs:string" minOccurs="0" />
                <xs:element name="Ora" type="xs:string" minOccurs="0" />
                <xs:element name="Totale" type="xs:string" minOccurs="0" />
                <xs:element name="CNOR" type="xs:string" minOccurs="0" />
                <xs:element name="CSUD" type="xs:string" minOccurs="0" />
                <xs:element name="NORD" type="xs:string" minOccurs="0" />
                <xs:element name="SARD" type="xs:string" minOccurs="0" />
                <xs:element name="SICI" type="xs:string" minOccurs="0" />
                <xs:element name="SUD" type="xs:string" minOccurs="0" />
              </xs:sequence>
            </xs:complexType>
          </xs:element>
        </xs:choice>
      </xs:complexType>
    </xs:element>
  </xs:schema>
  <marketintervaldetail>
    <Data>20141222</Data>
    <Mercato>MGP</Mercato>
    <Ora>01</Ora>
    <Totale>23002</Totale>
    <CNOR>2538</CNOR>
    <CSUD>4011</CSUD>
    <NORD>11784</NORD>
    <SARD>823</SARD>
    <SICI>1644</SICI>
    <SUD>2202</SUD>
  </marketintervaldetail>
  <marketintervaldetail>
    <Data>20141222</Data>
    <Mercato>MGP</Mercato>
    <Ora>02</Ora>
    <Totale>21154</Totale>
    <CNOR>2319</CNOR>
    <CSUD>3632</CSUD>
    <NORD>11002</NORD>
    <SARD>758</SARD>
    <SICI>1489</SICI>
    <SUD>1954</SUD>
  </marketintervaldetail>
  <marketintervaldetail>
    <Data>20141222</Data>
    <Mercato>MGP</Mercato>
    <Ora>03</Ora>
    <Totale>20163</Totale>
    <CNOR>2216</CNOR>
    <CSUD>3440</CSUD>
    <NORD>10581</NORD>
    <SARD>735</SARD>
    <SICI>1395</SICI>
    <SUD>1796</SUD>
  </marketintervaldetail>
  <marketintervaldetail>
    <Data>20141222</Data>
    <Mercato>MGP</Mercato>
    <Ora>04</Ora>
    <Totale>19931</Totale>
    <CNOR>2220</CNOR>
    <CSUD>3378</CSUD>
    <NORD>10503</NORD>
    <SARD>728</SARD>
    <SICI>1372</SICI>
    <SUD>1730</SUD>
  </marketintervaldetail>
  <marketintervaldetail>
    <Data>20141222</Data>
    <Mercato>MGP</Mercato>
    <Ora>05</Ora>
    <Totale>20201</Totale>
    <CNOR>2267</CNOR>
    <CSUD>3383</CSUD>
    <NORD>10724</NORD>
    <SARD>737</SARD>
    <SICI>1370</SICI>
    <SUD>1720</SUD>
  </marketintervaldetail>
  <marketintervaldetail>
    <Data>20141222</Data>
    <Mercato>MGP</Mercato>
    <Ora>06</Ora>
    <Totale>21851</Totale>
    <CNOR>2438</CNOR>
    <CSUD>3631</CSUD>
    <NORD>11667</NORD>
    <SARD>771</SARD>
    <SICI>1455</SICI>
    <SUD>1889</SUD>
  </marketintervaldetail>
  <marketintervaldetail>
    <Data>20141222</Data>
    <Mercato>MGP</Mercato>
    <Ora>07</Ora>
    <Totale>26694</Totale>
    <CNOR>2864</CNOR>
    <CSUD>4301</CSUD>
    <NORD>14779</NORD>
    <SARD>875</SARD>
    <SICI>1649</SICI>
    <SUD>2226</SUD>
  </marketintervaldetail>
  <marketintervaldetail>
    <Data>20141222</Data>
    <Mercato>MGP</Mercato>
    <Ora>08</Ora>
    <Totale>31947</Totale>
    <CNOR>3388</CNOR>
    <CSUD>5023</CSUD>
    <NORD>18250</NORD>
    <SARD>1024</SARD>
    <SICI>1829</SICI>
    <SUD>2433</SUD>
  </marketintervaldetail>
  <marketintervaldetail>
    <Data>20141222</Data>
    <Mercato>MGP</Mercato>
    <Ora>09</Ora>
    <Totale>36299</Totale>
    <CNOR>3894</CNOR>
    <CSUD>5681</CSUD>
    <NORD>20620</NORD>
    <SARD>1088</SARD>
    <SICI>2130</SICI>
    <SUD>2886</SUD>
  </marketintervaldetail>
  <marketintervaldetail>
    <Data>20141222</Data>
    <Mercato>MGP</Mercato>
    <Ora>10</Ora>
    <Totale>38272</Totale>
    <CNOR>4133</CNOR>
    <CSUD>6242</CSUD>
    <NORD>21498</NORD>
    <SARD>1128</SARD>
    <SICI>2196</SICI>
    <SUD>3075</SUD>
  </marketintervaldetail>
  <marketintervaldetail>
    <Data>20141222</Data>
    <Mercato>MGP</Mercato>
    <Ora>11</Ora>
    <Totale>37612</Totale>
    <CNOR>4142</CNOR>
    <CSUD>6261</CSUD>
    <NORD>21049</NORD>
    <SARD>1116</SARD>
    <SICI>2108</SICI>
    <SUD>2936</SUD>
  </marketintervaldetail>
  <marketintervaldetail>
    <Data>20141222</Data>
    <Mercato>MGP</Mercato>
    <Ora>12</Ora>
    <Totale>37136</Totale>
    <CNOR>4122</CNOR>
    <CSUD>6194</CSUD>
    <NORD>20809</NORD>
    <SARD>1050</SARD>
    <SICI>2102</SICI>
    <SUD>2859</SUD>
  </marketintervaldetail>
  <marketintervaldetail>
    <Data>20141222</Data>
    <Mercato>MGP</Mercato>
    <Ora>13</Ora>
    <Totale>34342</Totale>
    <CNOR>3893</CNOR>
    <CSUD>5967</CSUD>
    <NORD>18588</NORD>
    <SARD>1013</SARD>
    <SICI>2085</SICI>
    <SUD>2796</SUD>
  </marketintervaldetail>
  <marketintervaldetail>
    <Data>20141222</Data>
    <Mercato>MGP</Mercato>
    <Ora>14</Ora>
    <Totale>34035</Totale>
    <CNOR>3580</CNOR>
    <CSUD>5797</CSUD>
    <NORD>18604</NORD>
    <SARD>973</SARD>
    <SICI>2162</SICI>
    <SUD>2919</SUD>
  </marketintervaldetail>
  <marketintervaldetail>
    <Data>20141222</Data>
    <Mercato>MGP</Mercato>
    <Ora>15</Ora>
    <Totale>35039</Totale>
    <CNOR>3930</CNOR>
    <CSUD>5702</CSUD>
    <NORD>19335</NORD>
    <SARD>952</SARD>
    <SICI>2173</SICI>
    <SUD>2947</SUD>
  </marketintervaldetail>
  <marketintervaldetail>
    <Data>20141222</Data>
    <Mercato>MGP</Mercato>
    <Ora>16</Ora>
    <Totale>35663</Totale>
    <CNOR>4147</CNOR>
    <CSUD>5642</CSUD>
    <NORD>19825</NORD>
    <SARD>989</SARD>
    <SICI>2162</SICI>
    <SUD>2898</SUD>
  </marketintervaldetail>
  <marketintervaldetail>
    <Data>20141222</Data>
    <Mercato>MGP</Mercato>
    <Ora>17</Ora>
    <Totale>37518</Totale>
    <CNOR>4379</CNOR>
    <CSUD>5862</CSUD>
    <NORD>20842</NORD>
    <SARD>1031</SARD>
    <SICI>2256</SICI>
    <SUD>3148</SUD>
  </marketintervaldetail>
  <marketintervaldetail>
    <Data>20141222</Data>
    <Mercato>MGP</Mercato>
    <Ora>18</Ora>
    <Totale>40346</Totale>
    <CNOR>4667</CNOR>
    <CSUD>6623</CSUD>
    <NORD>21997</NORD>
    <SARD>1141</SARD>
    <SICI>2493</SICI>
    <SUD>3425</SUD>
  </marketintervaldetail>
  <marketintervaldetail>
    <Data>20141222</Data>
    <Mercato>MGP</Mercato>
    <Ora>19</Ora>
    <Totale>39673</Totale>
    <CNOR>4486</CNOR>
    <CSUD>6669</CSUD>
    <NORD>21339</NORD>
    <SARD>1170</SARD>
    <SICI>2506</SICI>
    <SUD>3503</SUD>
  </marketintervaldetail>
  <marketintervaldetail>
    <Data>20141222</Data>
    <Mercato>MGP</Mercato>
    <Ora>20</Ora>
    <Totale>38635</Totale>
    <CNOR>4391</CNOR>
    <CSUD>6663</CSUD>
    <NORD>20336</NORD>
    <SARD>1182</SARD>
    <SICI>2552</SICI>
    <SUD>3511</SUD>
  </marketintervaldetail>
  <marketintervaldetail>
    <Data>20141222</Data>
    <Mercato>MGP</Mercato>
    <Ora>21</Ora>
    <Totale>36200</Totale>
    <CNOR>3993</CNOR>
    <CSUD>6366</CSUD>
    <NORD>18777</NORD>
    <SARD>1130</SARD>
    <SICI>2507</SICI>
    <SUD>3427</SUD>
  </marketintervaldetail>
  <marketintervaldetail>
    <Data>20141222</Data>
    <Mercato>MGP</Mercato>
    <Ora>22</Ora>
    <Totale>33584</Totale>
    <CNOR>3710</CNOR>
    <CSUD>5933</CSUD>
    <NORD>17316</NORD>
    <SARD>1068</SARD>
    <SICI>2349</SICI>
    <SUD>3208</SUD>
  </marketintervaldetail>
  <marketintervaldetail>
    <Data>20141222</Data>
    <Mercato>MGP</Mercato>
    <Ora>23</Ora>
    <Totale>29933</Totale>
    <CNOR>3252</CNOR>
    <CSUD>5390</CSUD>
    <NORD>15224</NORD>
    <SARD>988</SARD>
    <SICI>2144</SICI>
    <SUD>2935</SUD>
  </marketintervaldetail>
  <marketintervaldetail>
    <Data>20141222</Data>
    <Mercato>MGP</Mercato>
    <Ora>24</Ora>
    <Totale>26591</Totale>
    <CNOR>2893</CNOR>
    <CSUD>4749</CSUD>
    <NORD>13520</NORD>
    <SARD>901</SARD>
    <SICI>1905</SICI>
    <SUD>2623</SUD>
  </marketintervaldetail>
</NewDataSet>