<?xml version="1.0" standalone="yes"?>
<NewDataSet>
  <xs:schema id="NewDataSet" xmlns="" xmlns:xs="http://www.w3.org/2001/XMLSchema" xmlns:msdata="urn:schemas-microsoft-com:xml-msdata">
    <xs:element name="NewDataSet" msdata:IsDataSet="true" msdata:MainDataTable="marketintervaldetail" msdata:UseCurrentLocale="true">
      <xs:complexType>
        <xs:choice minOccurs="0" maxOccurs="unbounded">
          <xs:element name="marketintervaldetail">
            <xs:complexType>
              <xs:sequence>
                <xs:element name="Data" type="xs:string" minOccurs="0" />
                <xs:element name="Mercato" type="xs:string" minOccurs="0" />
                <xs:element name="Ora" type="xs:string" minOccurs="0" />
                <xs:element name="Totale" type="xs:string" minOccurs="0" />
                <xs:element name="CNOR" type="xs:string" minOccurs="0" />
                <xs:element name="CSUD" type="xs:string" minOccurs="0" />
                <xs:element name="NORD" type="xs:string" minOccurs="0" />
                <xs:element name="SARD" type="xs:string" minOccurs="0" />
                <xs:element name="SICI" type="xs:string" minOccurs="0" />
                <xs:element name="SUD" type="xs:string" minOccurs="0" />
              </xs:sequence>
            </xs:complexType>
          </xs:element>
        </xs:choice>
      </xs:complexType>
    </xs:element>
  </xs:schema>
  <marketintervaldetail>
    <Data>20141225</Data>
    <Mercato>MGP</Mercato>
    <Ora>01</Ora>
    <Totale>21486</Totale>
    <CNOR>2170</CNOR>
    <CSUD>4020</CSUD>
    <NORD>10185</NORD>
    <SARD>884</SARD>
    <SICI>1757</SICI>
    <SUD>2470</SUD>
  </marketintervaldetail>
  <marketintervaldetail>
    <Data>20141225</Data>
    <Mercato>MGP</Mercato>
    <Ora>02</Ora>
    <Totale>19996</Totale>
    <CNOR>1986</CNOR>
    <CSUD>3787</CSUD>
    <NORD>9467</NORD>
    <SARD>842</SARD>
    <SICI>1681</SICI>
    <SUD>2233</SUD>
  </marketintervaldetail>
  <marketintervaldetail>
    <Data>20141225</Data>
    <Mercato>MGP</Mercato>
    <Ora>03</Ora>
    <Totale>18334</Totale>
    <CNOR>1851</CNOR>
    <CSUD>3292</CSUD>
    <NORD>8765</NORD>
    <SARD>795</SARD>
    <SICI>1567</SICI>
    <SUD>2064</SUD>
  </marketintervaldetail>
  <marketintervaldetail>
    <Data>20141225</Data>
    <Mercato>MGP</Mercato>
    <Ora>04</Ora>
    <Totale>17331</Totale>
    <CNOR>1742</CNOR>
    <CSUD>2981</CSUD>
    <NORD>8472</NORD>
    <SARD>759</SARD>
    <SICI>1428</SICI>
    <SUD>1949</SUD>
  </marketintervaldetail>
  <marketintervaldetail>
    <Data>20141225</Data>
    <Mercato>MGP</Mercato>
    <Ora>05</Ora>
    <Totale>17001</Totale>
    <CNOR>1715</CNOR>
    <CSUD>2859</CSUD>
    <NORD>8359</NORD>
    <SARD>746</SARD>
    <SICI>1364</SICI>
    <SUD>1958</SUD>
  </marketintervaldetail>
  <marketintervaldetail>
    <Data>20141225</Data>
    <Mercato>MGP</Mercato>
    <Ora>06</Ora>
    <Totale>17350</Totale>
    <CNOR>1738</CNOR>
    <CSUD>2888</CSUD>
    <NORD>8605</NORD>
    <SARD>743</SARD>
    <SICI>1369</SICI>
    <SUD>2007</SUD>
  </marketintervaldetail>
  <marketintervaldetail>
    <Data>20141225</Data>
    <Mercato>MGP</Mercato>
    <Ora>07</Ora>
    <Totale>18538</Totale>
    <CNOR>1898</CNOR>
    <CSUD>3013</CSUD>
    <NORD>9408</NORD>
    <SARD>778</SARD>
    <SICI>1403</SICI>
    <SUD>2038</SUD>
  </marketintervaldetail>
  <marketintervaldetail>
    <Data>20141225</Data>
    <Mercato>MGP</Mercato>
    <Ora>08</Ora>
    <Totale>19375</Totale>
    <CNOR>1969</CNOR>
    <CSUD>3052</CSUD>
    <NORD>10122</NORD>
    <SARD>820</SARD>
    <SICI>1407</SICI>
    <SUD>2005</SUD>
  </marketintervaldetail>
  <marketintervaldetail>
    <Data>20141225</Data>
    <Mercato>MGP</Mercato>
    <Ora>09</Ora>
    <Totale>20919</Totale>
    <CNOR>2122</CNOR>
    <CSUD>3432</CSUD>
    <NORD>10555</NORD>
    <SARD>863</SARD>
    <SICI>1636</SICI>
    <SUD>2311</SUD>
  </marketintervaldetail>
  <marketintervaldetail>
    <Data>20141225</Data>
    <Mercato>MGP</Mercato>
    <Ora>10</Ora>
    <Totale>23182</Totale>
    <CNOR>2409</CNOR>
    <CSUD>4122</CSUD>
    <NORD>11366</NORD>
    <SARD>942</SARD>
    <SICI>1850</SICI>
    <SUD>2493</SUD>
  </marketintervaldetail>
  <marketintervaldetail>
    <Data>20141225</Data>
    <Mercato>MGP</Mercato>
    <Ora>11</Ora>
    <Totale>24692</Totale>
    <CNOR>2622</CNOR>
    <CSUD>4719</CSUD>
    <NORD>11900</NORD>
    <SARD>997</SARD>
    <SICI>2013</SICI>
    <SUD>2441</SUD>
  </marketintervaldetail>
  <marketintervaldetail>
    <Data>20141225</Data>
    <Mercato>MGP</Mercato>
    <Ora>12</Ora>
    <Totale>25427</Totale>
    <CNOR>2707</CNOR>
    <CSUD>5106</CSUD>
    <NORD>12068</NORD>
    <SARD>988</SARD>
    <SICI>2079</SICI>
    <SUD>2479</SUD>
  </marketintervaldetail>
  <marketintervaldetail>
    <Data>20141225</Data>
    <Mercato>MGP</Mercato>
    <Ora>13</Ora>
    <Totale>24808</Totale>
    <CNOR>2596</CNOR>
    <CSUD>5185</CSUD>
    <NORD>11680</NORD>
    <SARD>1008</SARD>
    <SICI>1988</SICI>
    <SUD>2351</SUD>
  </marketintervaldetail>
  <marketintervaldetail>
    <Data>20141225</Data>
    <Mercato>MGP</Mercato>
    <Ora>14</Ora>
    <Totale>22038</Totale>
    <CNOR>2193</CNOR>
    <CSUD>4629</CSUD>
    <NORD>10416</NORD>
    <SARD>895</SARD>
    <SICI>1767</SICI>
    <SUD>2138</SUD>
  </marketintervaldetail>
  <marketintervaldetail>
    <Data>20141225</Data>
    <Mercato>MGP</Mercato>
    <Ora>15</Ora>
    <Totale>20808</Totale>
    <CNOR>2090</CNOR>
    <CSUD>4036</CSUD>
    <NORD>10213</NORD>
    <SARD>835</SARD>
    <SICI>1592</SICI>
    <SUD>2042</SUD>
  </marketintervaldetail>
  <marketintervaldetail>
    <Data>20141225</Data>
    <Mercato>MGP</Mercato>
    <Ora>16</Ora>
    <Totale>21361</Totale>
    <CNOR>2259</CNOR>
    <CSUD>3851</CSUD>
    <NORD>10741</NORD>
    <SARD>863</SARD>
    <SICI>1624</SICI>
    <SUD>2023</SUD>
  </marketintervaldetail>
  <marketintervaldetail>
    <Data>20141225</Data>
    <Mercato>MGP</Mercato>
    <Ora>17</Ora>
    <Totale>22961</Totale>
    <CNOR>2417</CNOR>
    <CSUD>4071</CSUD>
    <NORD>11590</NORD>
    <SARD>901</SARD>
    <SICI>1666</SICI>
    <SUD>2316</SUD>
  </marketintervaldetail>
  <marketintervaldetail>
    <Data>20141225</Data>
    <Mercato>MGP</Mercato>
    <Ora>18</Ora>
    <Totale>26213</Totale>
    <CNOR>2795</CNOR>
    <CSUD>4608</CSUD>
    <NORD>13386</NORD>
    <SARD>981</SARD>
    <SICI>1896</SICI>
    <SUD>2547</SUD>
  </marketintervaldetail>
  <marketintervaldetail>
    <Data>20141225</Data>
    <Mercato>MGP</Mercato>
    <Ora>19</Ora>
    <Totale>27025</Totale>
    <CNOR>2903</CNOR>
    <CSUD>4768</CSUD>
    <NORD>13886</NORD>
    <SARD>1021</SARD>
    <SICI>1941</SICI>
    <SUD>2506</SUD>
  </marketintervaldetail>
  <marketintervaldetail>
    <Data>20141225</Data>
    <Mercato>MGP</Mercato>
    <Ora>20</Ora>
    <Totale>27648</Totale>
    <CNOR>3031</CNOR>
    <CSUD>4848</CSUD>
    <NORD>14087</NORD>
    <SARD>1040</SARD>
    <SICI>1972</SICI>
    <SUD>2670</SUD>
  </marketintervaldetail>
  <marketintervaldetail>
    <Data>20141225</Data>
    <Mercato>MGP</Mercato>
    <Ora>21</Ora>
    <Totale>27390</Totale>
    <CNOR>2930</CNOR>
    <CSUD>4942</CSUD>
    <NORD>13749</NORD>
    <SARD>1055</SARD>
    <SICI>2027</SICI>
    <SUD>2687</SUD>
  </marketintervaldetail>
  <marketintervaldetail>
    <Data>20141225</Data>
    <Mercato>MGP</Mercato>
    <Ora>22</Ora>
    <Totale>26502</Totale>
    <CNOR>2818</CNOR>
    <CSUD>4829</CSUD>
    <NORD>13122</NORD>
    <SARD>1024</SARD>
    <SICI>1998</SICI>
    <SUD>2711</SUD>
  </marketintervaldetail>
  <marketintervaldetail>
    <Data>20141225</Data>
    <Mercato>MGP</Mercato>
    <Ora>23</Ora>
    <Totale>25032</Totale>
    <CNOR>2673</CNOR>
    <CSUD>4589</CSUD>
    <NORD>12258</NORD>
    <SARD>982</SARD>
    <SICI>1921</SICI>
    <SUD>2609</SUD>
  </marketintervaldetail>
  <marketintervaldetail>
    <Data>20141225</Data>
    <Mercato>MGP</Mercato>
    <Ora>24</Ora>
    <Totale>22873</Totale>
    <CNOR>2435</CNOR>
    <CSUD>4211</CSUD>
    <NORD>11014</NORD>
    <SARD>918</SARD>
    <SICI>1814</SICI>
    <SUD>2481</SUD>
  </marketintervaldetail>
</NewDataSet>