<?xml version="1.0" standalone="yes"?>
<NewDataSet>
  <xs:schema id="NewDataSet" xmlns="" xmlns:xs="http://www.w3.org/2001/XMLSchema" xmlns:msdata="urn:schemas-microsoft-com:xml-msdata">
    <xs:element name="NewDataSet" msdata:IsDataSet="true" msdata:MainDataTable="marketintervaldetail" msdata:UseCurrentLocale="true">
      <xs:complexType>
        <xs:choice minOccurs="0" maxOccurs="unbounded">
          <xs:element name="marketintervaldetail">
            <xs:complexType>
              <xs:sequence>
                <xs:element name="Data" type="xs:string" minOccurs="0" />
                <xs:element name="Mercato" type="xs:string" minOccurs="0" />
                <xs:element name="Ora" type="xs:string" minOccurs="0" />
                <xs:element name="Totale" type="xs:string" minOccurs="0" />
                <xs:element name="CNOR" type="xs:string" minOccurs="0" />
                <xs:element name="CSUD" type="xs:string" minOccurs="0" />
                <xs:element name="NORD" type="xs:string" minOccurs="0" />
                <xs:element name="SARD" type="xs:string" minOccurs="0" />
                <xs:element name="SICI" type="xs:string" minOccurs="0" />
                <xs:element name="SUD" type="xs:string" minOccurs="0" />
              </xs:sequence>
            </xs:complexType>
          </xs:element>
        </xs:choice>
      </xs:complexType>
    </xs:element>
  </xs:schema>
  <marketintervaldetail>
    <Data>20141231</Data>
    <Mercato>MGP</Mercato>
    <Ora>01</Ora>
    <Totale>24382</Totale>
    <CNOR>1436</CNOR>
    <CSUD>2915</CSUD>
    <NORD>10181</NORD>
    <SARD>1170</SARD>
    <SICI>1922</SICI>
    <SUD>6758</SUD>
  </marketintervaldetail>
  <marketintervaldetail>
    <Data>20141231</Data>
    <Mercato>MGP</Mercato>
    <Ora>02</Ora>
    <Totale>22510</Totale>
    <CNOR>1301</CNOR>
    <CSUD>2565</CSUD>
    <NORD>9175</NORD>
    <SARD>1251</SARD>
    <SICI>1671</SICI>
    <SUD>6547</SUD>
  </marketintervaldetail>
  <marketintervaldetail>
    <Data>20141231</Data>
    <Mercato>MGP</Mercato>
    <Ora>03</Ora>
    <Totale>21213</Totale>
    <CNOR>1216</CNOR>
    <CSUD>2404</CSUD>
    <NORD>8812</NORD>
    <SARD>1396</SARD>
    <SICI>1484</SICI>
    <SUD>5901</SUD>
  </marketintervaldetail>
  <marketintervaldetail>
    <Data>20141231</Data>
    <Mercato>MGP</Mercato>
    <Ora>04</Ora>
    <Totale>20468</Totale>
    <CNOR>1189</CNOR>
    <CSUD>2266</CSUD>
    <NORD>8715</NORD>
    <SARD>1430</SARD>
    <SICI>1402</SICI>
    <SUD>5466</SUD>
  </marketintervaldetail>
  <marketintervaldetail>
    <Data>20141231</Data>
    <Mercato>MGP</Mercato>
    <Ora>05</Ora>
    <Totale>20600</Totale>
    <CNOR>1156</CNOR>
    <CSUD>2265</CSUD>
    <NORD>8870</NORD>
    <SARD>1455</SARD>
    <SICI>1374</SICI>
    <SUD>5480</SUD>
  </marketintervaldetail>
  <marketintervaldetail>
    <Data>20141231</Data>
    <Mercato>MGP</Mercato>
    <Ora>06</Ora>
    <Totale>21683</Totale>
    <CNOR>1207</CNOR>
    <CSUD>2254</CSUD>
    <NORD>9755</NORD>
    <SARD>1457</SARD>
    <SICI>1634</SICI>
    <SUD>5376</SUD>
  </marketintervaldetail>
  <marketintervaldetail>
    <Data>20141231</Data>
    <Mercato>MGP</Mercato>
    <Ora>07</Ora>
    <Totale>24680</Totale>
    <CNOR>1372</CNOR>
    <CSUD>2533</CSUD>
    <NORD>12091</NORD>
    <SARD>1426</SARD>
    <SICI>1827</SICI>
    <SUD>5431</SUD>
  </marketintervaldetail>
  <marketintervaldetail>
    <Data>20141231</Data>
    <Mercato>MGP</Mercato>
    <Ora>08</Ora>
    <Totale>27912</Totale>
    <CNOR>1462</CNOR>
    <CSUD>2852</CSUD>
    <NORD>14158</NORD>
    <SARD>1431</SARD>
    <SICI>1973</SICI>
    <SUD>6036</SUD>
  </marketintervaldetail>
  <marketintervaldetail>
    <Data>20141231</Data>
    <Mercato>MGP</Mercato>
    <Ora>09</Ora>
    <Totale>30760</Totale>
    <CNOR>1674</CNOR>
    <CSUD>3255</CSUD>
    <NORD>15371</NORD>
    <SARD>1487</SARD>
    <SICI>2339</SICI>
    <SUD>6634</SUD>
  </marketintervaldetail>
  <marketintervaldetail>
    <Data>20141231</Data>
    <Mercato>MGP</Mercato>
    <Ora>10</Ora>
    <Totale>33730</Totale>
    <CNOR>1999</CNOR>
    <CSUD>3738</CSUD>
    <NORD>16684</NORD>
    <SARD>1596</SARD>
    <SICI>2538</SICI>
    <SUD>7175</SUD>
  </marketintervaldetail>
  <marketintervaldetail>
    <Data>20141231</Data>
    <Mercato>MGP</Mercato>
    <Ora>11</Ora>
    <Totale>34611</Totale>
    <CNOR>2328</CNOR>
    <CSUD>4216</CSUD>
    <NORD>16704</NORD>
    <SARD>1759</SARD>
    <SICI>2490</SICI>
    <SUD>7114</SUD>
  </marketintervaldetail>
  <marketintervaldetail>
    <Data>20141231</Data>
    <Mercato>MGP</Mercato>
    <Ora>12</Ora>
    <Totale>34736</Totale>
    <CNOR>2277</CNOR>
    <CSUD>4373</CSUD>
    <NORD>16744</NORD>
    <SARD>1802</SARD>
    <SICI>2372</SICI>
    <SUD>7168</SUD>
  </marketintervaldetail>
  <marketintervaldetail>
    <Data>20141231</Data>
    <Mercato>MGP</Mercato>
    <Ora>13</Ora>
    <Totale>32727</Totale>
    <CNOR>2184</CNOR>
    <CSUD>4065</CSUD>
    <NORD>15506</NORD>
    <SARD>1790</SARD>
    <SICI>2347</SICI>
    <SUD>6835</SUD>
  </marketintervaldetail>
  <marketintervaldetail>
    <Data>20141231</Data>
    <Mercato>MGP</Mercato>
    <Ora>14</Ora>
    <Totale>31092</Totale>
    <CNOR>1957</CNOR>
    <CSUD>3955</CSUD>
    <NORD>14505</NORD>
    <SARD>1726</SARD>
    <SICI>2314</SICI>
    <SUD>6635</SUD>
  </marketintervaldetail>
  <marketintervaldetail>
    <Data>20141231</Data>
    <Mercato>MGP</Mercato>
    <Ora>15</Ora>
    <Totale>29872</Totale>
    <CNOR>1085</CNOR>
    <CSUD>1925</CSUD>
    <NORD>15595</NORD>
    <SARD>1614</SARD>
    <SICI>2251</SICI>
    <SUD>7402</SUD>
  </marketintervaldetail>
  <marketintervaldetail>
    <Data>20141231</Data>
    <Mercato>MGP</Mercato>
    <Ora>16</Ora>
    <Totale>29511</Totale>
    <CNOR>1003</CNOR>
    <CSUD>1673</CSUD>
    <NORD>15924</NORD>
    <SARD>1500</SARD>
    <SICI>2099</SICI>
    <SUD>7312</SUD>
  </marketintervaldetail>
  <marketintervaldetail>
    <Data>20141231</Data>
    <Mercato>MGP</Mercato>
    <Ora>17</Ora>
    <Totale>30682</Totale>
    <CNOR>1650</CNOR>
    <CSUD>2331</CSUD>
    <NORD>16700</NORD>
    <SARD>1496</SARD>
    <SICI>2042</SICI>
    <SUD>6463</SUD>
  </marketintervaldetail>
  <marketintervaldetail>
    <Data>20141231</Data>
    <Mercato>MGP</Mercato>
    <Ora>18</Ora>
    <Totale>33338</Totale>
    <CNOR>1839</CNOR>
    <CSUD>2143</CSUD>
    <NORD>19193</NORD>
    <SARD>1378</SARD>
    <SICI>2209</SICI>
    <SUD>6576</SUD>
  </marketintervaldetail>
  <marketintervaldetail>
    <Data>20141231</Data>
    <Mercato>MGP</Mercato>
    <Ora>19</Ora>
    <Totale>33607</Totale>
    <CNOR>1763</CNOR>
    <CSUD>2180</CSUD>
    <NORD>18965</NORD>
    <SARD>1295</SARD>
    <SICI>2247</SICI>
    <SUD>7157</SUD>
  </marketintervaldetail>
  <marketintervaldetail>
    <Data>20141231</Data>
    <Mercato>MGP</Mercato>
    <Ora>20</Ora>
    <Totale>32733</Totale>
    <CNOR>1645</CNOR>
    <CSUD>2133</CSUD>
    <NORD>17916</NORD>
    <SARD>1135</SARD>
    <SICI>2315</SICI>
    <SUD>7589</SUD>
  </marketintervaldetail>
  <marketintervaldetail>
    <Data>20141231</Data>
    <Mercato>MGP</Mercato>
    <Ora>21</Ora>
    <Totale>30048</Totale>
    <CNOR>1559</CNOR>
    <CSUD>1947</CSUD>
    <NORD>16184</NORD>
    <SARD>1105</SARD>
    <SICI>2135</SICI>
    <SUD>7118</SUD>
  </marketintervaldetail>
  <marketintervaldetail>
    <Data>20141231</Data>
    <Mercato>MGP</Mercato>
    <Ora>22</Ora>
    <Totale>27491</Totale>
    <CNOR>1429</CNOR>
    <CSUD>1972</CSUD>
    <NORD>14366</NORD>
    <SARD>1048</SARD>
    <SICI>1865</SICI>
    <SUD>6811</SUD>
  </marketintervaldetail>
  <marketintervaldetail>
    <Data>20141231</Data>
    <Mercato>MGP</Mercato>
    <Ora>23</Ora>
    <Totale>25752</Totale>
    <CNOR>1309</CNOR>
    <CSUD>2043</CSUD>
    <NORD>12682</NORD>
    <SARD>1035</SARD>
    <SICI>1809</SICI>
    <SUD>6874</SUD>
  </marketintervaldetail>
  <marketintervaldetail>
    <Data>20141231</Data>
    <Mercato>MGP</Mercato>
    <Ora>24</Ora>
    <Totale>24634</Totale>
    <CNOR>1334</CNOR>
    <CSUD>2257</CSUD>
    <NORD>11368</NORD>
    <SARD>1075</SARD>
    <SICI>1700</SICI>
    <SUD>6900</SUD>
  </marketintervaldetail>
</NewDataSet>