<?xml version="1.0" standalone="yes"?>
<NewDataSet>
  <xs:schema id="NewDataSet" xmlns="" xmlns:xs="http://www.w3.org/2001/XMLSchema" xmlns:msdata="urn:schemas-microsoft-com:xml-msdata">
    <xs:element name="NewDataSet" msdata:IsDataSet="true" msdata:MainDataTable="marketintervaldetail" msdata:UseCurrentLocale="true">
      <xs:complexType>
        <xs:choice minOccurs="0" maxOccurs="unbounded">
          <xs:element name="marketintervaldetail">
            <xs:complexType>
              <xs:sequence>
                <xs:element name="Data" type="xs:string" minOccurs="0" />
                <xs:element name="Mercato" type="xs:string" minOccurs="0" />
                <xs:element name="Ora" type="xs:string" minOccurs="0" />
                <xs:element name="Totale" type="xs:string" minOccurs="0" />
                <xs:element name="CNOR" type="xs:string" minOccurs="0" />
                <xs:element name="CSUD" type="xs:string" minOccurs="0" />
                <xs:element name="NORD" type="xs:string" minOccurs="0" />
                <xs:element name="SARD" type="xs:string" minOccurs="0" />
                <xs:element name="SICI" type="xs:string" minOccurs="0" />
                <xs:element name="SUD" type="xs:string" minOccurs="0" />
              </xs:sequence>
            </xs:complexType>
          </xs:element>
        </xs:choice>
      </xs:complexType>
    </xs:element>
  </xs:schema>
  <marketintervaldetail>
    <Data>20141218</Data>
    <Mercato>MGP</Mercato>
    <Ora>01</Ora>
    <Totale>27821</Totale>
    <CNOR>3092</CNOR>
    <CSUD>4016</CSUD>
    <NORD>15155</NORD>
    <SARD>852</SARD>
    <SICI>1772</SICI>
    <SUD>2934</SUD>
  </marketintervaldetail>
  <marketintervaldetail>
    <Data>20141218</Data>
    <Mercato>MGP</Mercato>
    <Ora>02</Ora>
    <Totale>25920</Totale>
    <CNOR>2913</CNOR>
    <CSUD>3650</CSUD>
    <NORD>14343</NORD>
    <SARD>798</SARD>
    <SICI>1631</SICI>
    <SUD>2585</SUD>
  </marketintervaldetail>
  <marketintervaldetail>
    <Data>20141218</Data>
    <Mercato>MGP</Mercato>
    <Ora>03</Ora>
    <Totale>24894</Totale>
    <CNOR>2786</CNOR>
    <CSUD>3451</CSUD>
    <NORD>13865</NORD>
    <SARD>759</SARD>
    <SICI>1536</SICI>
    <SUD>2497</SUD>
  </marketintervaldetail>
  <marketintervaldetail>
    <Data>20141218</Data>
    <Mercato>MGP</Mercato>
    <Ora>04</Ora>
    <Totale>24627</Totale>
    <CNOR>2708</CNOR>
    <CSUD>3365</CSUD>
    <NORD>13743</NORD>
    <SARD>755</SARD>
    <SICI>1493</SICI>
    <SUD>2563</SUD>
  </marketintervaldetail>
  <marketintervaldetail>
    <Data>20141218</Data>
    <Mercato>MGP</Mercato>
    <Ora>05</Ora>
    <Totale>24916</Totale>
    <CNOR>2723</CNOR>
    <CSUD>3367</CSUD>
    <NORD>13952</NORD>
    <SARD>752</SARD>
    <SICI>1524</SICI>
    <SUD>2598</SUD>
  </marketintervaldetail>
  <marketintervaldetail>
    <Data>20141218</Data>
    <Mercato>MGP</Mercato>
    <Ora>06</Ora>
    <Totale>26551</Totale>
    <CNOR>2894</CNOR>
    <CSUD>3594</CSUD>
    <NORD>15022</NORD>
    <SARD>794</SARD>
    <SICI>1625</SICI>
    <SUD>2622</SUD>
  </marketintervaldetail>
  <marketintervaldetail>
    <Data>20141218</Data>
    <Mercato>MGP</Mercato>
    <Ora>07</Ora>
    <Totale>32014</Totale>
    <CNOR>3487</CNOR>
    <CSUD>4363</CSUD>
    <NORD>18189</NORD>
    <SARD>915</SARD>
    <SICI>1880</SICI>
    <SUD>3180</SUD>
  </marketintervaldetail>
  <marketintervaldetail>
    <Data>20141218</Data>
    <Mercato>MGP</Mercato>
    <Ora>08</Ora>
    <Totale>39144</Totale>
    <CNOR>4227</CNOR>
    <CSUD>5317</CSUD>
    <NORD>22483</NORD>
    <SARD>1116</SARD>
    <SICI>2233</SICI>
    <SUD>3768</SUD>
  </marketintervaldetail>
  <marketintervaldetail>
    <Data>20141218</Data>
    <Mercato>MGP</Mercato>
    <Ora>09</Ora>
    <Totale>43036</Totale>
    <CNOR>4720</CNOR>
    <CSUD>5864</CSUD>
    <NORD>24816</NORD>
    <SARD>1176</SARD>
    <SICI>2417</SICI>
    <SUD>4043</SUD>
  </marketintervaldetail>
  <marketintervaldetail>
    <Data>20141218</Data>
    <Mercato>MGP</Mercato>
    <Ora>10</Ora>
    <Totale>44260</Totale>
    <CNOR>4826</CNOR>
    <CSUD>6295</CSUD>
    <NORD>25337</NORD>
    <SARD>1140</SARD>
    <SICI>2455</SICI>
    <SUD>4207</SUD>
  </marketintervaldetail>
  <marketintervaldetail>
    <Data>20141218</Data>
    <Mercato>MGP</Mercato>
    <Ora>11</Ora>
    <Totale>44423</Totale>
    <CNOR>4922</CNOR>
    <CSUD>6386</CSUD>
    <NORD>25196</NORD>
    <SARD>1137</SARD>
    <SICI>2320</SICI>
    <SUD>4462</SUD>
  </marketintervaldetail>
  <marketintervaldetail>
    <Data>20141218</Data>
    <Mercato>MGP</Mercato>
    <Ora>12</Ora>
    <Totale>44323</Totale>
    <CNOR>4880</CNOR>
    <CSUD>6392</CSUD>
    <NORD>24886</NORD>
    <SARD>1190</SARD>
    <SICI>2330</SICI>
    <SUD>4645</SUD>
  </marketintervaldetail>
  <marketintervaldetail>
    <Data>20141218</Data>
    <Mercato>MGP</Mercato>
    <Ora>13</Ora>
    <Totale>42012</Totale>
    <CNOR>4404</CNOR>
    <CSUD>6602</CSUD>
    <NORD>23256</NORD>
    <SARD>1068</SARD>
    <SICI>2390</SICI>
    <SUD>4292</SUD>
  </marketintervaldetail>
  <marketintervaldetail>
    <Data>20141218</Data>
    <Mercato>MGP</Mercato>
    <Ora>14</Ora>
    <Totale>40645</Totale>
    <CNOR>4335</CNOR>
    <CSUD>6432</CSUD>
    <NORD>22950</NORD>
    <SARD>1112</SARD>
    <SICI>2276</SICI>
    <SUD>3540</SUD>
  </marketintervaldetail>
  <marketintervaldetail>
    <Data>20141218</Data>
    <Mercato>MGP</Mercato>
    <Ora>15</Ora>
    <Totale>40982</Totale>
    <CNOR>4307</CNOR>
    <CSUD>6240</CSUD>
    <NORD>23045</NORD>
    <SARD>1068</SARD>
    <SICI>2411</SICI>
    <SUD>3911</SUD>
  </marketintervaldetail>
  <marketintervaldetail>
    <Data>20141218</Data>
    <Mercato>MGP</Mercato>
    <Ora>16</Ora>
    <Totale>41574</Totale>
    <CNOR>4539</CNOR>
    <CSUD>6627</CSUD>
    <NORD>23315</NORD>
    <SARD>1066</SARD>
    <SICI>2417</SICI>
    <SUD>3610</SUD>
  </marketintervaldetail>
  <marketintervaldetail>
    <Data>20141218</Data>
    <Mercato>MGP</Mercato>
    <Ora>17</Ora>
    <Totale>43641</Totale>
    <CNOR>4919</CNOR>
    <CSUD>6869</CSUD>
    <NORD>24405</NORD>
    <SARD>1116</SARD>
    <SICI>2413</SICI>
    <SUD>3919</SUD>
  </marketintervaldetail>
  <marketintervaldetail>
    <Data>20141218</Data>
    <Mercato>MGP</Mercato>
    <Ora>18</Ora>
    <Totale>46916</Totale>
    <CNOR>5346</CNOR>
    <CSUD>7820</CSUD>
    <NORD>25500</NORD>
    <SARD>1257</SARD>
    <SICI>2851</SICI>
    <SUD>4142</SUD>
  </marketintervaldetail>
  <marketintervaldetail>
    <Data>20141218</Data>
    <Mercato>MGP</Mercato>
    <Ora>19</Ora>
    <Totale>46159</Totale>
    <CNOR>5239</CNOR>
    <CSUD>7962</CSUD>
    <NORD>24628</NORD>
    <SARD>1301</SARD>
    <SICI>2941</SICI>
    <SUD>4088</SUD>
  </marketintervaldetail>
  <marketintervaldetail>
    <Data>20141218</Data>
    <Mercato>MGP</Mercato>
    <Ora>20</Ora>
    <Totale>44711</Totale>
    <CNOR>4988</CNOR>
    <CSUD>7906</CSUD>
    <NORD>23372</NORD>
    <SARD>1325</SARD>
    <SICI>2977</SICI>
    <SUD>4143</SUD>
  </marketintervaldetail>
  <marketintervaldetail>
    <Data>20141218</Data>
    <Mercato>MGP</Mercato>
    <Ora>21</Ora>
    <Totale>42165</Totale>
    <CNOR>4597</CNOR>
    <CSUD>7524</CSUD>
    <NORD>21813</NORD>
    <SARD>1310</SARD>
    <SICI>2922</SICI>
    <SUD>3999</SUD>
  </marketintervaldetail>
  <marketintervaldetail>
    <Data>20141218</Data>
    <Mercato>MGP</Mercato>
    <Ora>22</Ora>
    <Totale>38932</Totale>
    <CNOR>4188</CNOR>
    <CSUD>6933</CSUD>
    <NORD>20190</NORD>
    <SARD>1217</SARD>
    <SICI>2758</SICI>
    <SUD>3646</SUD>
  </marketintervaldetail>
  <marketintervaldetail>
    <Data>20141218</Data>
    <Mercato>MGP</Mercato>
    <Ora>23</Ora>
    <Totale>34859</Totale>
    <CNOR>3759</CNOR>
    <CSUD>6332</CSUD>
    <NORD>17819</NORD>
    <SARD>1111</SARD>
    <SICI>2526</SICI>
    <SUD>3312</SUD>
  </marketintervaldetail>
  <marketintervaldetail>
    <Data>20141218</Data>
    <Mercato>MGP</Mercato>
    <Ora>24</Ora>
    <Totale>31150</Totale>
    <CNOR>3359</CNOR>
    <CSUD>5482</CSUD>
    <NORD>16168</NORD>
    <SARD>983</SARD>
    <SICI>2212</SICI>
    <SUD>2946</SUD>
  </marketintervaldetail>
</NewDataSet>