<?xml version="1.0" standalone="yes"?>
<NewDataSet>
  <xs:schema id="NewDataSet" xmlns="" xmlns:xs="http://www.w3.org/2001/XMLSchema" xmlns:msdata="urn:schemas-microsoft-com:xml-msdata">
    <xs:element name="NewDataSet" msdata:IsDataSet="true" msdata:MainDataTable="marketintervaldetail" msdata:UseCurrentLocale="true">
      <xs:complexType>
        <xs:choice minOccurs="0" maxOccurs="unbounded">
          <xs:element name="marketintervaldetail">
            <xs:complexType>
              <xs:sequence>
                <xs:element name="Data" type="xs:string" minOccurs="0" />
                <xs:element name="Mercato" type="xs:string" minOccurs="0" />
                <xs:element name="Ora" type="xs:string" minOccurs="0" />
                <xs:element name="Totale" type="xs:string" minOccurs="0" />
                <xs:element name="CNOR" type="xs:string" minOccurs="0" />
                <xs:element name="CSUD" type="xs:string" minOccurs="0" />
                <xs:element name="NORD" type="xs:string" minOccurs="0" />
                <xs:element name="SARD" type="xs:string" minOccurs="0" />
                <xs:element name="SICI" type="xs:string" minOccurs="0" />
                <xs:element name="SUD" type="xs:string" minOccurs="0" />
              </xs:sequence>
            </xs:complexType>
          </xs:element>
        </xs:choice>
      </xs:complexType>
    </xs:element>
  </xs:schema>
  <marketintervaldetail>
    <Data>20141221</Data>
    <Mercato>MGP</Mercato>
    <Ora>01</Ora>
    <Totale>23508</Totale>
    <CNOR>2717</CNOR>
    <CSUD>4037</CSUD>
    <NORD>11882</NORD>
    <SARD>839</SARD>
    <SICI>1731</SICI>
    <SUD>2302</SUD>
  </marketintervaldetail>
  <marketintervaldetail>
    <Data>20141221</Data>
    <Mercato>MGP</Mercato>
    <Ora>02</Ora>
    <Totale>21478</Totale>
    <CNOR>2415</CNOR>
    <CSUD>3861</CSUD>
    <NORD>10917</NORD>
    <SARD>782</SARD>
    <SICI>1579</SICI>
    <SUD>1924</SUD>
  </marketintervaldetail>
  <marketintervaldetail>
    <Data>20141221</Data>
    <Mercato>MGP</Mercato>
    <Ora>03</Ora>
    <Totale>20476</Totale>
    <CNOR>2301</CNOR>
    <CSUD>3598</CSUD>
    <NORD>10484</NORD>
    <SARD>759</SARD>
    <SICI>1500</SICI>
    <SUD>1834</SUD>
  </marketintervaldetail>
  <marketintervaldetail>
    <Data>20141221</Data>
    <Mercato>MGP</Mercato>
    <Ora>04</Ora>
    <Totale>19926</Totale>
    <CNOR>2272</CNOR>
    <CSUD>3477</CSUD>
    <NORD>10226</NORD>
    <SARD>746</SARD>
    <SICI>1435</SICI>
    <SUD>1770</SUD>
  </marketintervaldetail>
  <marketintervaldetail>
    <Data>20141221</Data>
    <Mercato>MGP</Mercato>
    <Ora>05</Ora>
    <Totale>19721</Totale>
    <CNOR>2244</CNOR>
    <CSUD>3438</CSUD>
    <NORD>10141</NORD>
    <SARD>739</SARD>
    <SICI>1405</SICI>
    <SUD>1754</SUD>
  </marketintervaldetail>
  <marketintervaldetail>
    <Data>20141221</Data>
    <Mercato>MGP</Mercato>
    <Ora>06</Ora>
    <Totale>20419</Totale>
    <CNOR>2325</CNOR>
    <CSUD>3535</CSUD>
    <NORD>10576</NORD>
    <SARD>752</SARD>
    <SICI>1425</SICI>
    <SUD>1806</SUD>
  </marketintervaldetail>
  <marketintervaldetail>
    <Data>20141221</Data>
    <Mercato>MGP</Mercato>
    <Ora>07</Ora>
    <Totale>21518</Totale>
    <CNOR>2411</CNOR>
    <CSUD>3763</CSUD>
    <NORD>11127</NORD>
    <SARD>787</SARD>
    <SICI>1509</SICI>
    <SUD>1921</SUD>
  </marketintervaldetail>
  <marketintervaldetail>
    <Data>20141221</Data>
    <Mercato>MGP</Mercato>
    <Ora>08</Ora>
    <Totale>22747</Totale>
    <CNOR>2519</CNOR>
    <CSUD>3927</CSUD>
    <NORD>11816</NORD>
    <SARD>860</SARD>
    <SICI>1605</SICI>
    <SUD>2020</SUD>
  </marketintervaldetail>
  <marketintervaldetail>
    <Data>20141221</Data>
    <Mercato>MGP</Mercato>
    <Ora>09</Ora>
    <Totale>24892</Totale>
    <CNOR>2699</CNOR>
    <CSUD>4372</CSUD>
    <NORD>12615</NORD>
    <SARD>930</SARD>
    <SICI>1845</SICI>
    <SUD>2431</SUD>
  </marketintervaldetail>
  <marketintervaldetail>
    <Data>20141221</Data>
    <Mercato>MGP</Mercato>
    <Ora>10</Ora>
    <Totale>27139</Totale>
    <CNOR>2923</CNOR>
    <CSUD>4756</CSUD>
    <NORD>13712</NORD>
    <SARD>1025</SARD>
    <SICI>2004</SICI>
    <SUD>2719</SUD>
  </marketintervaldetail>
  <marketintervaldetail>
    <Data>20141221</Data>
    <Mercato>MGP</Mercato>
    <Ora>11</Ora>
    <Totale>28161</Totale>
    <CNOR>3037</CNOR>
    <CSUD>4804</CSUD>
    <NORD>14517</NORD>
    <SARD>1050</SARD>
    <SICI>2009</SICI>
    <SUD>2744</SUD>
  </marketintervaldetail>
  <marketintervaldetail>
    <Data>20141221</Data>
    <Mercato>MGP</Mercato>
    <Ora>12</Ora>
    <Totale>28320</Totale>
    <CNOR>3114</CNOR>
    <CSUD>4822</CSUD>
    <NORD>14676</NORD>
    <SARD>1044</SARD>
    <SICI>1981</SICI>
    <SUD>2683</SUD>
  </marketintervaldetail>
  <marketintervaldetail>
    <Data>20141221</Data>
    <Mercato>MGP</Mercato>
    <Ora>13</Ora>
    <Totale>27840</Totale>
    <CNOR>3074</CNOR>
    <CSUD>4807</CSUD>
    <NORD>14105</NORD>
    <SARD>1010</SARD>
    <SICI>2148</SICI>
    <SUD>2696</SUD>
  </marketintervaldetail>
  <marketintervaldetail>
    <Data>20141221</Data>
    <Mercato>MGP</Mercato>
    <Ora>14</Ora>
    <Totale>26381</Totale>
    <CNOR>2803</CNOR>
    <CSUD>4752</CSUD>
    <NORD>13145</NORD>
    <SARD>942</SARD>
    <SICI>2085</SICI>
    <SUD>2654</SUD>
  </marketintervaldetail>
  <marketintervaldetail>
    <Data>20141221</Data>
    <Mercato>MGP</Mercato>
    <Ora>15</Ora>
    <Totale>25893</Totale>
    <CNOR>2745</CNOR>
    <CSUD>4651</CSUD>
    <NORD>13069</NORD>
    <SARD>914</SARD>
    <SICI>2017</SICI>
    <SUD>2497</SUD>
  </marketintervaldetail>
  <marketintervaldetail>
    <Data>20141221</Data>
    <Mercato>MGP</Mercato>
    <Ora>16</Ora>
    <Totale>26487</Totale>
    <CNOR>2787</CNOR>
    <CSUD>4814</CSUD>
    <NORD>13408</NORD>
    <SARD>911</SARD>
    <SICI>2052</SICI>
    <SUD>2515</SUD>
  </marketintervaldetail>
  <marketintervaldetail>
    <Data>20141221</Data>
    <Mercato>MGP</Mercato>
    <Ora>17</Ora>
    <Totale>28729</Totale>
    <CNOR>3030</CNOR>
    <CSUD>5225</CSUD>
    <NORD>14834</NORD>
    <SARD>938</SARD>
    <SICI>2023</SICI>
    <SUD>2679</SUD>
  </marketintervaldetail>
  <marketintervaldetail>
    <Data>20141221</Data>
    <Mercato>MGP</Mercato>
    <Ora>18</Ora>
    <Totale>32218</Totale>
    <CNOR>3367</CNOR>
    <CSUD>5899</CSUD>
    <NORD>16421</NORD>
    <SARD>1069</SARD>
    <SICI>2339</SICI>
    <SUD>3123</SUD>
  </marketintervaldetail>
  <marketintervaldetail>
    <Data>20141221</Data>
    <Mercato>MGP</Mercato>
    <Ora>19</Ora>
    <Totale>32831</Totale>
    <CNOR>3484</CNOR>
    <CSUD>6077</CSUD>
    <NORD>16766</NORD>
    <SARD>1095</SARD>
    <SICI>2368</SICI>
    <SUD>3041</SUD>
  </marketintervaldetail>
  <marketintervaldetail>
    <Data>20141221</Data>
    <Mercato>MGP</Mercato>
    <Ora>20</Ora>
    <Totale>32895</Totale>
    <CNOR>3527</CNOR>
    <CSUD>6149</CSUD>
    <NORD>16665</NORD>
    <SARD>1107</SARD>
    <SICI>2410</SICI>
    <SUD>3037</SUD>
  </marketintervaldetail>
  <marketintervaldetail>
    <Data>20141221</Data>
    <Mercato>MGP</Mercato>
    <Ora>21</Ora>
    <Totale>31796</Totale>
    <CNOR>3417</CNOR>
    <CSUD>5984</CSUD>
    <NORD>15745</NORD>
    <SARD>1105</SARD>
    <SICI>2405</SICI>
    <SUD>3140</SUD>
  </marketintervaldetail>
  <marketintervaldetail>
    <Data>20141221</Data>
    <Mercato>MGP</Mercato>
    <Ora>22</Ora>
    <Totale>30001</Totale>
    <CNOR>3239</CNOR>
    <CSUD>5639</CSUD>
    <NORD>14784</NORD>
    <SARD>1040</SARD>
    <SICI>2313</SICI>
    <SUD>2986</SUD>
  </marketintervaldetail>
  <marketintervaldetail>
    <Data>20141221</Data>
    <Mercato>MGP</Mercato>
    <Ora>23</Ora>
    <Totale>27664</Totale>
    <CNOR>3029</CNOR>
    <CSUD>5181</CSUD>
    <NORD>13566</NORD>
    <SARD>975</SARD>
    <SICI>2145</SICI>
    <SUD>2768</SUD>
  </marketintervaldetail>
  <marketintervaldetail>
    <Data>20141221</Data>
    <Mercato>MGP</Mercato>
    <Ora>24</Ora>
    <Totale>24722</Totale>
    <CNOR>2720</CNOR>
    <CSUD>4560</CSUD>
    <NORD>12192</NORD>
    <SARD>889</SARD>
    <SICI>1924</SICI>
    <SUD>2437</SUD>
  </marketintervaldetail>
</NewDataSet>