<?xml version="1.0" standalone="yes"?>
<NewDataSet>
  <xs:schema id="NewDataSet" xmlns="" xmlns:xs="http://www.w3.org/2001/XMLSchema" xmlns:msdata="urn:schemas-microsoft-com:xml-msdata">
    <xs:element name="NewDataSet" msdata:IsDataSet="true" msdata:MainDataTable="marketintervaldetail" msdata:UseCurrentLocale="true">
      <xs:complexType>
        <xs:choice minOccurs="0" maxOccurs="unbounded">
          <xs:element name="marketintervaldetail">
            <xs:complexType>
              <xs:sequence>
                <xs:element name="Data" type="xs:string" minOccurs="0" />
                <xs:element name="Mercato" type="xs:string" minOccurs="0" />
                <xs:element name="Ora" type="xs:string" minOccurs="0" />
                <xs:element name="Totale" type="xs:string" minOccurs="0" />
                <xs:element name="CNOR" type="xs:string" minOccurs="0" />
                <xs:element name="CSUD" type="xs:string" minOccurs="0" />
                <xs:element name="NORD" type="xs:string" minOccurs="0" />
                <xs:element name="SARD" type="xs:string" minOccurs="0" />
                <xs:element name="SICI" type="xs:string" minOccurs="0" />
                <xs:element name="SUD" type="xs:string" minOccurs="0" />
              </xs:sequence>
            </xs:complexType>
          </xs:element>
        </xs:choice>
      </xs:complexType>
    </xs:element>
  </xs:schema>
  <marketintervaldetail>
    <Data>20141228</Data>
    <Mercato>MGP</Mercato>
    <Ora>01</Ora>
    <Totale>21133</Totale>
    <CNOR>2178</CNOR>
    <CSUD>3855</CSUD>
    <NORD>10296</NORD>
    <SARD>842</SARD>
    <SICI>1722</SICI>
    <SUD>2240</SUD>
  </marketintervaldetail>
  <marketintervaldetail>
    <Data>20141228</Data>
    <Mercato>MGP</Mercato>
    <Ora>02</Ora>
    <Totale>19374</Totale>
    <CNOR>1973</CNOR>
    <CSUD>3521</CSUD>
    <NORD>9516</NORD>
    <SARD>786</SARD>
    <SICI>1571</SICI>
    <SUD>2007</SUD>
  </marketintervaldetail>
  <marketintervaldetail>
    <Data>20141228</Data>
    <Mercato>MGP</Mercato>
    <Ora>03</Ora>
    <Totale>18298</Totale>
    <CNOR>1890</CNOR>
    <CSUD>3274</CSUD>
    <NORD>9061</NORD>
    <SARD>756</SARD>
    <SICI>1471</SICI>
    <SUD>1846</SUD>
  </marketintervaldetail>
  <marketintervaldetail>
    <Data>20141228</Data>
    <Mercato>MGP</Mercato>
    <Ora>04</Ora>
    <Totale>17781</Totale>
    <CNOR>1805</CNOR>
    <CSUD>3162</CSUD>
    <NORD>8922</NORD>
    <SARD>736</SARD>
    <SICI>1382</SICI>
    <SUD>1774</SUD>
  </marketintervaldetail>
  <marketintervaldetail>
    <Data>20141228</Data>
    <Mercato>MGP</Mercato>
    <Ora>05</Ora>
    <Totale>17654</Totale>
    <CNOR>1787</CNOR>
    <CSUD>3100</CSUD>
    <NORD>8912</NORD>
    <SARD>726</SARD>
    <SICI>1357</SICI>
    <SUD>1772</SUD>
  </marketintervaldetail>
  <marketintervaldetail>
    <Data>20141228</Data>
    <Mercato>MGP</Mercato>
    <Ora>06</Ora>
    <Totale>18161</Totale>
    <CNOR>1813</CNOR>
    <CSUD>3139</CSUD>
    <NORD>9224</NORD>
    <SARD>735</SARD>
    <SICI>1388</SICI>
    <SUD>1862</SUD>
  </marketintervaldetail>
  <marketintervaldetail>
    <Data>20141228</Data>
    <Mercato>MGP</Mercato>
    <Ora>07</Ora>
    <Totale>19609</Totale>
    <CNOR>1975</CNOR>
    <CSUD>3300</CSUD>
    <NORD>10115</NORD>
    <SARD>781</SARD>
    <SICI>1455</SICI>
    <SUD>1983</SUD>
  </marketintervaldetail>
  <marketintervaldetail>
    <Data>20141228</Data>
    <Mercato>MGP</Mercato>
    <Ora>08</Ora>
    <Totale>20648</Totale>
    <CNOR>2004</CNOR>
    <CSUD>3441</CSUD>
    <NORD>10850</NORD>
    <SARD>822</SARD>
    <SICI>1535</SICI>
    <SUD>1996</SUD>
  </marketintervaldetail>
  <marketintervaldetail>
    <Data>20141228</Data>
    <Mercato>MGP</Mercato>
    <Ora>09</Ora>
    <Totale>22094</Totale>
    <CNOR>2135</CNOR>
    <CSUD>3805</CSUD>
    <NORD>11125</NORD>
    <SARD>870</SARD>
    <SICI>1778</SICI>
    <SUD>2381</SUD>
  </marketintervaldetail>
  <marketintervaldetail>
    <Data>20141228</Data>
    <Mercato>MGP</Mercato>
    <Ora>10</Ora>
    <Totale>24480</Totale>
    <CNOR>2383</CNOR>
    <CSUD>4481</CSUD>
    <NORD>12027</NORD>
    <SARD>954</SARD>
    <SICI>1971</SICI>
    <SUD>2664</SUD>
  </marketintervaldetail>
  <marketintervaldetail>
    <Data>20141228</Data>
    <Mercato>MGP</Mercato>
    <Ora>11</Ora>
    <Totale>25952</Totale>
    <CNOR>2576</CNOR>
    <CSUD>4934</CSUD>
    <NORD>12624</NORD>
    <SARD>992</SARD>
    <SICI>2088</SICI>
    <SUD>2738</SUD>
  </marketintervaldetail>
  <marketintervaldetail>
    <Data>20141228</Data>
    <Mercato>MGP</Mercato>
    <Ora>12</Ora>
    <Totale>26724</Totale>
    <CNOR>2714</CNOR>
    <CSUD>5177</CSUD>
    <NORD>12997</NORD>
    <SARD>982</SARD>
    <SICI>2109</SICI>
    <SUD>2745</SUD>
  </marketintervaldetail>
  <marketintervaldetail>
    <Data>20141228</Data>
    <Mercato>MGP</Mercato>
    <Ora>13</Ora>
    <Totale>26178</Totale>
    <CNOR>2601</CNOR>
    <CSUD>5335</CSUD>
    <NORD>12588</NORD>
    <SARD>1026</SARD>
    <SICI>2065</SICI>
    <SUD>2563</SUD>
  </marketintervaldetail>
  <marketintervaldetail>
    <Data>20141228</Data>
    <Mercato>MGP</Mercato>
    <Ora>14</Ora>
    <Totale>24459</Totale>
    <CNOR>2372</CNOR>
    <CSUD>4984</CSUD>
    <NORD>11821</NORD>
    <SARD>951</SARD>
    <SICI>1960</SICI>
    <SUD>2371</SUD>
  </marketintervaldetail>
  <marketintervaldetail>
    <Data>20141228</Data>
    <Mercato>MGP</Mercato>
    <Ora>15</Ora>
    <Totale>24230</Totale>
    <CNOR>2317</CNOR>
    <CSUD>4768</CSUD>
    <NORD>11915</NORD>
    <SARD>926</SARD>
    <SICI>1918</SICI>
    <SUD>2386</SUD>
  </marketintervaldetail>
  <marketintervaldetail>
    <Data>20141228</Data>
    <Mercato>MGP</Mercato>
    <Ora>16</Ora>
    <Totale>24558</Totale>
    <CNOR>2432</CNOR>
    <CSUD>4596</CSUD>
    <NORD>12229</NORD>
    <SARD>947</SARD>
    <SICI>1972</SICI>
    <SUD>2382</SUD>
  </marketintervaldetail>
  <marketintervaldetail>
    <Data>20141228</Data>
    <Mercato>MGP</Mercato>
    <Ora>17</Ora>
    <Totale>25897</Totale>
    <CNOR>2660</CNOR>
    <CSUD>4701</CSUD>
    <NORD>13018</NORD>
    <SARD>976</SARD>
    <SICI>1955</SICI>
    <SUD>2587</SUD>
  </marketintervaldetail>
  <marketintervaldetail>
    <Data>20141228</Data>
    <Mercato>MGP</Mercato>
    <Ora>18</Ora>
    <Totale>29437</Totale>
    <CNOR>3070</CNOR>
    <CSUD>5351</CSUD>
    <NORD>14908</NORD>
    <SARD>1062</SARD>
    <SICI>2209</SICI>
    <SUD>2837</SUD>
  </marketintervaldetail>
  <marketintervaldetail>
    <Data>20141228</Data>
    <Mercato>MGP</Mercato>
    <Ora>19</Ora>
    <Totale>30480</Totale>
    <CNOR>3214</CNOR>
    <CSUD>5465</CSUD>
    <NORD>15639</NORD>
    <SARD>1100</SARD>
    <SICI>2239</SICI>
    <SUD>2823</SUD>
  </marketintervaldetail>
  <marketintervaldetail>
    <Data>20141228</Data>
    <Mercato>MGP</Mercato>
    <Ora>20</Ora>
    <Totale>30943</Totale>
    <CNOR>3337</CNOR>
    <CSUD>5573</CSUD>
    <NORD>15722</NORD>
    <SARD>1125</SARD>
    <SICI>2257</SICI>
    <SUD>2929</SUD>
  </marketintervaldetail>
  <marketintervaldetail>
    <Data>20141228</Data>
    <Mercato>MGP</Mercato>
    <Ora>21</Ora>
    <Totale>29985</Totale>
    <CNOR>3147</CNOR>
    <CSUD>5488</CSUD>
    <NORD>15059</NORD>
    <SARD>1125</SARD>
    <SICI>2257</SICI>
    <SUD>2909</SUD>
  </marketintervaldetail>
  <marketintervaldetail>
    <Data>20141228</Data>
    <Mercato>MGP</Mercato>
    <Ora>22</Ora>
    <Totale>28263</Totale>
    <CNOR>2973</CNOR>
    <CSUD>5156</CSUD>
    <NORD>14081</NORD>
    <SARD>1074</SARD>
    <SICI>2158</SICI>
    <SUD>2821</SUD>
  </marketintervaldetail>
  <marketintervaldetail>
    <Data>20141228</Data>
    <Mercato>MGP</Mercato>
    <Ora>23</Ora>
    <Totale>26007</Totale>
    <CNOR>2689</CNOR>
    <CSUD>4757</CSUD>
    <NORD>12890</NORD>
    <SARD>1005</SARD>
    <SICI>2014</SICI>
    <SUD>2652</SUD>
  </marketintervaldetail>
  <marketintervaldetail>
    <Data>20141228</Data>
    <Mercato>MGP</Mercato>
    <Ora>24</Ora>
    <Totale>23474</Totale>
    <CNOR>2402</CNOR>
    <CSUD>4305</CSUD>
    <NORD>11601</NORD>
    <SARD>924</SARD>
    <SICI>1827</SICI>
    <SUD>2415</SUD>
  </marketintervaldetail>
</NewDataSet>