<?xml version="1.0" standalone="yes"?>
<NewDataSet>
  <xs:schema id="NewDataSet" xmlns="" xmlns:xs="http://www.w3.org/2001/XMLSchema" xmlns:msdata="urn:schemas-microsoft-com:xml-msdata">
    <xs:element name="NewDataSet" msdata:IsDataSet="true" msdata:MainDataTable="marketintervaldetail" msdata:UseCurrentLocale="true">
      <xs:complexType>
        <xs:choice minOccurs="0" maxOccurs="unbounded">
          <xs:element name="marketintervaldetail">
            <xs:complexType>
              <xs:sequence>
                <xs:element name="Data" type="xs:string" minOccurs="0" />
                <xs:element name="Mercato" type="xs:string" minOccurs="0" />
                <xs:element name="Ora" type="xs:string" minOccurs="0" />
                <xs:element name="Totale" type="xs:string" minOccurs="0" />
                <xs:element name="CNOR" type="xs:string" minOccurs="0" />
                <xs:element name="CSUD" type="xs:string" minOccurs="0" />
                <xs:element name="NORD" type="xs:string" minOccurs="0" />
                <xs:element name="SARD" type="xs:string" minOccurs="0" />
                <xs:element name="SICI" type="xs:string" minOccurs="0" />
                <xs:element name="SUD" type="xs:string" minOccurs="0" />
              </xs:sequence>
            </xs:complexType>
          </xs:element>
        </xs:choice>
      </xs:complexType>
    </xs:element>
  </xs:schema>
  <marketintervaldetail>
    <Data>20141212</Data>
    <Mercato>MGP</Mercato>
    <Ora>01</Ora>
    <Totale>27591</Totale>
    <CNOR>2926</CNOR>
    <CSUD>4107</CSUD>
    <NORD>16025</NORD>
    <SARD>819</SARD>
    <SICI>1604</SICI>
    <SUD>2110</SUD>
  </marketintervaldetail>
  <marketintervaldetail>
    <Data>20141212</Data>
    <Mercato>MGP</Mercato>
    <Ora>02</Ora>
    <Totale>25819</Totale>
    <CNOR>2812</CNOR>
    <CSUD>3731</CSUD>
    <NORD>15088</NORD>
    <SARD>770</SARD>
    <SICI>1471</SICI>
    <SUD>1947</SUD>
  </marketintervaldetail>
  <marketintervaldetail>
    <Data>20141212</Data>
    <Mercato>MGP</Mercato>
    <Ora>03</Ora>
    <Totale>24782</Totale>
    <CNOR>2667</CNOR>
    <CSUD>3561</CSUD>
    <NORD>14527</NORD>
    <SARD>749</SARD>
    <SICI>1397</SICI>
    <SUD>1881</SUD>
  </marketintervaldetail>
  <marketintervaldetail>
    <Data>20141212</Data>
    <Mercato>MGP</Mercato>
    <Ora>04</Ora>
    <Totale>24520</Totale>
    <CNOR>2673</CNOR>
    <CSUD>3513</CSUD>
    <NORD>14419</NORD>
    <SARD>744</SARD>
    <SICI>1330</SICI>
    <SUD>1841</SUD>
  </marketintervaldetail>
  <marketintervaldetail>
    <Data>20141212</Data>
    <Mercato>MGP</Mercato>
    <Ora>05</Ora>
    <Totale>24859</Totale>
    <CNOR>2681</CNOR>
    <CSUD>3584</CSUD>
    <NORD>14635</NORD>
    <SARD>753</SARD>
    <SICI>1371</SICI>
    <SUD>1835</SUD>
  </marketintervaldetail>
  <marketintervaldetail>
    <Data>20141212</Data>
    <Mercato>MGP</Mercato>
    <Ora>06</Ora>
    <Totale>26383</Totale>
    <CNOR>2769</CNOR>
    <CSUD>3768</CSUD>
    <NORD>15612</NORD>
    <SARD>793</SARD>
    <SICI>1449</SICI>
    <SUD>1992</SUD>
  </marketintervaldetail>
  <marketintervaldetail>
    <Data>20141212</Data>
    <Mercato>MGP</Mercato>
    <Ora>07</Ora>
    <Totale>31541</Totale>
    <CNOR>3254</CNOR>
    <CSUD>4427</CSUD>
    <NORD>18984</NORD>
    <SARD>887</SARD>
    <SICI>1651</SICI>
    <SUD>2338</SUD>
  </marketintervaldetail>
  <marketintervaldetail>
    <Data>20141212</Data>
    <Mercato>MGP</Mercato>
    <Ora>08</Ora>
    <Totale>37549</Totale>
    <CNOR>3953</CNOR>
    <CSUD>5206</CSUD>
    <NORD>22745</NORD>
    <SARD>1014</SARD>
    <SICI>1952</SICI>
    <SUD>2679</SUD>
  </marketintervaldetail>
  <marketintervaldetail>
    <Data>20141212</Data>
    <Mercato>MGP</Mercato>
    <Ora>09</Ora>
    <Totale>41162</Totale>
    <CNOR>4418</CNOR>
    <CSUD>5750</CSUD>
    <NORD>24967</NORD>
    <SARD>1063</SARD>
    <SICI>2116</SICI>
    <SUD>2848</SUD>
  </marketintervaldetail>
  <marketintervaldetail>
    <Data>20141212</Data>
    <Mercato>MGP</Mercato>
    <Ora>10</Ora>
    <Totale>42633</Totale>
    <CNOR>4498</CNOR>
    <CSUD>6236</CSUD>
    <NORD>25553</NORD>
    <SARD>1064</SARD>
    <SICI>2295</SICI>
    <SUD>2987</SUD>
  </marketintervaldetail>
  <marketintervaldetail>
    <Data>20141212</Data>
    <Mercato>MGP</Mercato>
    <Ora>11</Ora>
    <Totale>43138</Totale>
    <CNOR>4551</CNOR>
    <CSUD>6693</CSUD>
    <NORD>25712</NORD>
    <SARD>1016</SARD>
    <SICI>2241</SICI>
    <SUD>2925</SUD>
  </marketintervaldetail>
  <marketintervaldetail>
    <Data>20141212</Data>
    <Mercato>MGP</Mercato>
    <Ora>12</Ora>
    <Totale>42645</Totale>
    <CNOR>4633</CNOR>
    <CSUD>6674</CSUD>
    <NORD>25321</NORD>
    <SARD>1010</SARD>
    <SICI>2115</SICI>
    <SUD>2892</SUD>
  </marketintervaldetail>
  <marketintervaldetail>
    <Data>20141212</Data>
    <Mercato>MGP</Mercato>
    <Ora>13</Ora>
    <Totale>40754</Totale>
    <CNOR>4594</CNOR>
    <CSUD>5951</CSUD>
    <NORD>23804</NORD>
    <SARD>1030</SARD>
    <SICI>2119</SICI>
    <SUD>3256</SUD>
  </marketintervaldetail>
  <marketintervaldetail>
    <Data>20141212</Data>
    <Mercato>MGP</Mercato>
    <Ora>14</Ora>
    <Totale>39705</Totale>
    <CNOR>4088</CNOR>
    <CSUD>5832</CSUD>
    <NORD>23640</NORD>
    <SARD>977</SARD>
    <SICI>2205</SICI>
    <SUD>2963</SUD>
  </marketintervaldetail>
  <marketintervaldetail>
    <Data>20141212</Data>
    <Mercato>MGP</Mercato>
    <Ora>15</Ora>
    <Totale>40351</Totale>
    <CNOR>4138</CNOR>
    <CSUD>5902</CSUD>
    <NORD>24389</NORD>
    <SARD>940</SARD>
    <SICI>2055</SICI>
    <SUD>2927</SUD>
  </marketintervaldetail>
  <marketintervaldetail>
    <Data>20141212</Data>
    <Mercato>MGP</Mercato>
    <Ora>16</Ora>
    <Totale>41319</Totale>
    <CNOR>4393</CNOR>
    <CSUD>5730</CSUD>
    <NORD>24746</NORD>
    <SARD>968</SARD>
    <SICI>2113</SICI>
    <SUD>3369</SUD>
  </marketintervaldetail>
  <marketintervaldetail>
    <Data>20141212</Data>
    <Mercato>MGP</Mercato>
    <Ora>17</Ora>
    <Totale>43168</Totale>
    <CNOR>4489</CNOR>
    <CSUD>5970</CSUD>
    <NORD>24974</NORD>
    <SARD>1008</SARD>
    <SICI>2312</SICI>
    <SUD>4415</SUD>
  </marketintervaldetail>
  <marketintervaldetail>
    <Data>20141212</Data>
    <Mercato>MGP</Mercato>
    <Ora>18</Ora>
    <Totale>45483</Totale>
    <CNOR>4505</CNOR>
    <CSUD>7212</CSUD>
    <NORD>25996</NORD>
    <SARD>1128</SARD>
    <SICI>2442</SICI>
    <SUD>4200</SUD>
  </marketintervaldetail>
  <marketintervaldetail>
    <Data>20141212</Data>
    <Mercato>MGP</Mercato>
    <Ora>19</Ora>
    <Totale>44596</Totale>
    <CNOR>4365</CNOR>
    <CSUD>7519</CSUD>
    <NORD>25214</NORD>
    <SARD>1143</SARD>
    <SICI>2472</SICI>
    <SUD>3883</SUD>
  </marketintervaldetail>
  <marketintervaldetail>
    <Data>20141212</Data>
    <Mercato>MGP</Mercato>
    <Ora>20</Ora>
    <Totale>43204</Totale>
    <CNOR>4280</CNOR>
    <CSUD>7355</CSUD>
    <NORD>24012</NORD>
    <SARD>1177</SARD>
    <SICI>2487</SICI>
    <SUD>3893</SUD>
  </marketintervaldetail>
  <marketintervaldetail>
    <Data>20141212</Data>
    <Mercato>MGP</Mercato>
    <Ora>21</Ora>
    <Totale>40358</Totale>
    <CNOR>4031</CNOR>
    <CSUD>6669</CSUD>
    <NORD>22427</NORD>
    <SARD>1135</SARD>
    <SICI>2417</SICI>
    <SUD>3679</SUD>
  </marketintervaldetail>
  <marketintervaldetail>
    <Data>20141212</Data>
    <Mercato>MGP</Mercato>
    <Ora>22</Ora>
    <Totale>36946</Totale>
    <CNOR>3761</CNOR>
    <CSUD>6048</CSUD>
    <NORD>20544</NORD>
    <SARD>1043</SARD>
    <SICI>2255</SICI>
    <SUD>3295</SUD>
  </marketintervaldetail>
  <marketintervaldetail>
    <Data>20141212</Data>
    <Mercato>MGP</Mercato>
    <Ora>23</Ora>
    <Totale>33660</Totale>
    <CNOR>3468</CNOR>
    <CSUD>5402</CSUD>
    <NORD>18709</NORD>
    <SARD>980</SARD>
    <SICI>2047</SICI>
    <SUD>3054</SUD>
  </marketintervaldetail>
  <marketintervaldetail>
    <Data>20141212</Data>
    <Mercato>MGP</Mercato>
    <Ora>24</Ora>
    <Totale>30419</Totale>
    <CNOR>3153</CNOR>
    <CSUD>4722</CSUD>
    <NORD>17308</NORD>
    <SARD>925</SARD>
    <SICI>1795</SICI>
    <SUD>2516</SUD>
  </marketintervaldetail>
</NewDataSet>