<?xml version="1.0" standalone="yes"?>
<NewDataSet>
  <xs:schema id="NewDataSet" xmlns="" xmlns:xs="http://www.w3.org/2001/XMLSchema" xmlns:msdata="urn:schemas-microsoft-com:xml-msdata">
    <xs:element name="NewDataSet" msdata:IsDataSet="true" msdata:UseCurrentLocale="true">
      <xs:complexType>
        <xs:choice minOccurs="0" maxOccurs="unbounded">
          <xs:element name="Prezzi">
            <xs:complexType>
              <xs:sequence>
                <xs:element name="Data" type="xs:string" minOccurs="0" />
                <xs:element name="Mercato" type="xs:string" minOccurs="0" />
                <xs:element name="Ora" type="xs:string" minOccurs="0" />
                <xs:element name="PUN" type="xs:string" minOccurs="0" />
                <xs:element name="NAT" type="xs:string" minOccurs="0" />
                <xs:element name="CNOR" type="xs:string" minOccurs="0" />
                <xs:element name="CSUD" type="xs:string" minOccurs="0" />
                <xs:element name="NORD" type="xs:string" minOccurs="0" />
                <xs:element name="SARD" type="xs:string" minOccurs="0" />
                <xs:element name="SICI" type="xs:string" minOccurs="0" />
                <xs:element name="SUD" type="xs:string" minOccurs="0" />
                <xs:element name="AUST" type="xs:string" minOccurs="0" />
                <xs:element name="BRNN" type="xs:string" minOccurs="0" />
                <xs:element name="COAC" type="xs:string" minOccurs="0" />
                <xs:element name="CORS" type="xs:string" minOccurs="0" />
                <xs:element name="FOGN" type="xs:string" minOccurs="0" />
                <xs:element name="FRAN" type="xs:string" minOccurs="0" />
                <xs:element name="GREC" type="xs:string" minOccurs="0" />
                <xs:element name="MFTV" type="xs:string" minOccurs="0" />
                <xs:element name="PRGP" type="xs:string" minOccurs="0" />
                <xs:element name="ROSN" type="xs:string" minOccurs="0" />
                <xs:element name="SLOV" type="xs:string" minOccurs="0" />
                <xs:element name="SVIZ" type="xs:string" minOccurs="0" />
                <xs:element name="BSP" type="xs:string" minOccurs="0" />
                <xs:element name="MALT" type="xs:string" minOccurs="0" />
                <xs:element name="XAUS" type="xs:string" minOccurs="0" />
                <xs:element name="XFRA" type="xs:string" minOccurs="0" />
              </xs:sequence>
            </xs:complexType>
          </xs:element>
        </xs:choice>
      </xs:complexType>
    </xs:element>
  </xs:schema>
  <Prezzi>
    <Data>20150508</Data>
    <Mercato>MGP</Mercato>
    <Ora>1</Ora>
    <PUN>49,020000</PUN>
    <NAT>49,020000</NAT>
    <CNOR>49,020000</CNOR>
    <CSUD>49,020000</CSUD>
    <NORD>49,020000</NORD>
    <SARD>49,020000</SARD>
    <SICI>49,020000</SICI>
    <SUD>49,020000</SUD>
    <AUST>49,020000</AUST>
    <BRNN>49,020000</BRNN>
    <COAC>49,020000</COAC>
    <CORS>49,020000</CORS>
    <FOGN>49,020000</FOGN>
    <FRAN>49,020000</FRAN>
    <GREC>49,020000</GREC>
    <MFTV>49,020000</MFTV>
    <PRGP>49,020000</PRGP>
    <ROSN>49,020000</ROSN>
    <SLOV>49,020000</SLOV>
    <SVIZ>49,020000</SVIZ>
    <BSP>49,020000</BSP>
    <MALT>49,020000</MALT>
    <XAUS>49,020000</XAUS>
    <XFRA>49,020000</XFRA>
  </Prezzi>
  <Prezzi>
    <Data>20150508</Data>
    <Mercato>MGP</Mercato>
    <Ora>2</Ora>
    <PUN>45,560000</PUN>
    <NAT>45,560000</NAT>
    <CNOR>45,560000</CNOR>
    <CSUD>45,560000</CSUD>
    <NORD>45,560000</NORD>
    <SARD>45,560000</SARD>
    <SICI>45,560000</SICI>
    <SUD>45,560000</SUD>
    <AUST>45,560000</AUST>
    <BRNN>45,560000</BRNN>
    <COAC>45,560000</COAC>
    <CORS>45,560000</CORS>
    <FOGN>45,560000</FOGN>
    <FRAN>45,560000</FRAN>
    <GREC>45,560000</GREC>
    <MFTV>45,560000</MFTV>
    <PRGP>45,560000</PRGP>
    <ROSN>45,560000</ROSN>
    <SLOV>45,560000</SLOV>
    <SVIZ>45,560000</SVIZ>
    <BSP>45,560000</BSP>
    <MALT>45,560000</MALT>
    <XAUS>45,560000</XAUS>
    <XFRA>45,560000</XFRA>
  </Prezzi>
  <Prezzi>
    <Data>20150508</Data>
    <Mercato>MGP</Mercato>
    <Ora>3</Ora>
    <PUN>42,020000</PUN>
    <NAT>42,020000</NAT>
    <CNOR>42,020000</CNOR>
    <CSUD>42,020000</CSUD>
    <NORD>42,020000</NORD>
    <SARD>42,020000</SARD>
    <SICI>42,020000</SICI>
    <SUD>42,020000</SUD>
    <AUST>42,020000</AUST>
    <BRNN>42,020000</BRNN>
    <COAC>42,020000</COAC>
    <CORS>42,020000</CORS>
    <FOGN>42,020000</FOGN>
    <FRAN>42,020000</FRAN>
    <GREC>42,020000</GREC>
    <MFTV>42,020000</MFTV>
    <PRGP>42,020000</PRGP>
    <ROSN>42,020000</ROSN>
    <SLOV>42,020000</SLOV>
    <SVIZ>42,020000</SVIZ>
    <BSP>42,020000</BSP>
    <MALT>42,020000</MALT>
    <XAUS>42,020000</XAUS>
    <XFRA>42,020000</XFRA>
  </Prezzi>
  <Prezzi>
    <Data>20150508</Data>
    <Mercato>MGP</Mercato>
    <Ora>4</Ora>
    <PUN>40,000000</PUN>
    <NAT>40,000000</NAT>
    <CNOR>40,000000</CNOR>
    <CSUD>40,000000</CSUD>
    <NORD>40,000000</NORD>
    <SARD>40,000000</SARD>
    <SICI>40,000000</SICI>
    <SUD>40,000000</SUD>
    <AUST>40,000000</AUST>
    <BRNN>40,000000</BRNN>
    <COAC>40,000000</COAC>
    <CORS>40,000000</CORS>
    <FOGN>40,000000</FOGN>
    <FRAN>40,000000</FRAN>
    <GREC>40,000000</GREC>
    <MFTV>40,000000</MFTV>
    <PRGP>40,000000</PRGP>
    <ROSN>40,000000</ROSN>
    <SLOV>40,000000</SLOV>
    <SVIZ>40,000000</SVIZ>
    <BSP>40,000000</BSP>
    <MALT>40,000000</MALT>
    <XAUS>40,000000</XAUS>
    <XFRA>40,000000</XFRA>
  </Prezzi>
  <Prezzi>
    <Data>20150508</Data>
    <Mercato>MGP</Mercato>
    <Ora>5</Ora>
    <PUN>39,480000</PUN>
    <NAT>39,480000</NAT>
    <CNOR>39,480000</CNOR>
    <CSUD>39,480000</CSUD>
    <NORD>39,480000</NORD>
    <SARD>39,480000</SARD>
    <SICI>39,480000</SICI>
    <SUD>39,480000</SUD>
    <AUST>39,480000</AUST>
    <BRNN>39,480000</BRNN>
    <COAC>39,480000</COAC>
    <CORS>39,480000</CORS>
    <FOGN>39,480000</FOGN>
    <FRAN>39,480000</FRAN>
    <GREC>39,480000</GREC>
    <MFTV>39,480000</MFTV>
    <PRGP>39,480000</PRGP>
    <ROSN>39,480000</ROSN>
    <SLOV>39,480000</SLOV>
    <SVIZ>39,480000</SVIZ>
    <BSP>39,480000</BSP>
    <MALT>39,480000</MALT>
    <XAUS>39,480000</XAUS>
    <XFRA>39,480000</XFRA>
  </Prezzi>
  <Prezzi>
    <Data>20150508</Data>
    <Mercato>MGP</Mercato>
    <Ora>6</Ora>
    <PUN>43,080000</PUN>
    <NAT>43,080000</NAT>
    <CNOR>43,080000</CNOR>
    <CSUD>43,080000</CSUD>
    <NORD>43,080000</NORD>
    <SARD>43,080000</SARD>
    <SICI>43,080000</SICI>
    <SUD>43,080000</SUD>
    <AUST>43,080000</AUST>
    <BRNN>43,080000</BRNN>
    <COAC>43,080000</COAC>
    <CORS>43,080000</CORS>
    <FOGN>43,080000</FOGN>
    <FRAN>43,080000</FRAN>
    <GREC>43,080000</GREC>
    <MFTV>43,080000</MFTV>
    <PRGP>43,080000</PRGP>
    <ROSN>43,080000</ROSN>
    <SLOV>43,080000</SLOV>
    <SVIZ>43,080000</SVIZ>
    <BSP>43,080000</BSP>
    <MALT>43,080000</MALT>
    <XAUS>43,080000</XAUS>
    <XFRA>43,080000</XFRA>
  </Prezzi>
  <Prezzi>
    <Data>20150508</Data>
    <Mercato>MGP</Mercato>
    <Ora>7</Ora>
    <PUN>46,060000</PUN>
    <NAT>46,060000</NAT>
    <CNOR>46,060000</CNOR>
    <CSUD>46,060000</CSUD>
    <NORD>46,060000</NORD>
    <SARD>46,060000</SARD>
    <SICI>46,060000</SICI>
    <SUD>46,060000</SUD>
    <AUST>46,060000</AUST>
    <BRNN>46,060000</BRNN>
    <COAC>46,060000</COAC>
    <CORS>46,060000</CORS>
    <FOGN>46,060000</FOGN>
    <FRAN>46,060000</FRAN>
    <GREC>46,060000</GREC>
    <MFTV>46,060000</MFTV>
    <PRGP>46,060000</PRGP>
    <ROSN>46,060000</ROSN>
    <SLOV>46,060000</SLOV>
    <SVIZ>46,060000</SVIZ>
    <BSP>46,060000</BSP>
    <MALT>46,060000</MALT>
    <XAUS>46,060000</XAUS>
    <XFRA>46,060000</XFRA>
  </Prezzi>
  <Prezzi>
    <Data>20150508</Data>
    <Mercato>MGP</Mercato>
    <Ora>8</Ora>
    <PUN>53,865950</PUN>
    <NAT>54,000000</NAT>
    <CNOR>53,440000</CNOR>
    <CSUD>53,440000</CSUD>
    <NORD>53,440000</NORD>
    <SARD>53,440000</SARD>
    <SICI>61,150000</SICI>
    <SUD>53,440000</SUD>
    <AUST>53,440000</AUST>
    <BRNN>53,440000</BRNN>
    <COAC>53,440000</COAC>
    <CORS>53,440000</CORS>
    <FOGN>53,440000</FOGN>
    <FRAN>53,440000</FRAN>
    <GREC>53,440000</GREC>
    <MFTV>53,440000</MFTV>
    <PRGP>61,150000</PRGP>
    <ROSN>53,440000</ROSN>
    <SLOV>53,440000</SLOV>
    <SVIZ>53,440000</SVIZ>
    <BSP>53,440000</BSP>
    <MALT>61,150000</MALT>
    <XAUS>53,440000</XAUS>
    <XFRA>53,440000</XFRA>
  </Prezzi>
  <Prezzi>
    <Data>20150508</Data>
    <Mercato>MGP</Mercato>
    <Ora>9</Ora>
    <PUN>67,248820</PUN>
    <NAT>66,960000</NAT>
    <CNOR>67,990000</CNOR>
    <CSUD>67,990000</CSUD>
    <NORD>67,990000</NORD>
    <SARD>67,990000</SARD>
    <SICI>62,890000</SICI>
    <SUD>62,890000</SUD>
    <AUST>67,990000</AUST>
    <BRNN>62,890000</BRNN>
    <COAC>67,990000</COAC>
    <CORS>67,990000</CORS>
    <FOGN>62,890000</FOGN>
    <FRAN>67,990000</FRAN>
    <GREC>62,890000</GREC>
    <MFTV>67,990000</MFTV>
    <PRGP>62,890000</PRGP>
    <ROSN>62,890000</ROSN>
    <SLOV>67,990000</SLOV>
    <SVIZ>67,990000</SVIZ>
    <BSP>67,990000</BSP>
    <MALT>62,890000</MALT>
    <XAUS>67,990000</XAUS>
    <XFRA>67,990000</XFRA>
  </Prezzi>
  <Prezzi>
    <Data>20150508</Data>
    <Mercato>MGP</Mercato>
    <Ora>10</Ora>
    <PUN>61,821360</PUN>
    <NAT>61,150000</NAT>
    <CNOR>62,990000</CNOR>
    <CSUD>62,990000</CSUD>
    <NORD>62,990000</NORD>
    <SARD>62,990000</SARD>
    <SICI>62,890000</SICI>
    <SUD>50,310000</SUD>
    <AUST>62,990000</AUST>
    <BRNN>50,310000</BRNN>
    <COAC>62,990000</COAC>
    <CORS>62,990000</CORS>
    <FOGN>50,310000</FOGN>
    <FRAN>62,990000</FRAN>
    <GREC>50,310000</GREC>
    <MFTV>62,990000</MFTV>
    <PRGP>62,890000</PRGP>
    <ROSN>50,310000</ROSN>
    <SLOV>62,990000</SLOV>
    <SVIZ>62,990000</SVIZ>
    <BSP>62,990000</BSP>
    <MALT>62,890000</MALT>
    <XAUS>62,990000</XAUS>
    <XFRA>62,990000</XFRA>
  </Prezzi>
  <Prezzi>
    <Data>20150508</Data>
    <Mercato>MGP</Mercato>
    <Ora>11</Ora>
    <PUN>55,780700</PUN>
    <NAT>56,250000</NAT>
    <CNOR>56,660000</CNOR>
    <CSUD>56,660000</CSUD>
    <NORD>56,660000</NORD>
    <SARD>56,660000</SARD>
    <SICI>61,150000</SICI>
    <SUD>44,230000</SUD>
    <AUST>56,660000</AUST>
    <BRNN>44,230000</BRNN>
    <COAC>56,660000</COAC>
    <CORS>56,660000</CORS>
    <FOGN>44,230000</FOGN>
    <FRAN>56,660000</FRAN>
    <GREC>44,230000</GREC>
    <MFTV>56,660000</MFTV>
    <PRGP>61,150000</PRGP>
    <ROSN>44,230000</ROSN>
    <SLOV>56,660000</SLOV>
    <SVIZ>56,660000</SVIZ>
    <BSP>56,660000</BSP>
    <MALT>61,150000</MALT>
    <XAUS>56,660000</XAUS>
    <XFRA>56,660000</XFRA>
  </Prezzi>
  <Prezzi>
    <Data>20150508</Data>
    <Mercato>MGP</Mercato>
    <Ora>12</Ora>
    <PUN>50,453910</PUN>
    <NAT>50,000000</NAT>
    <CNOR>50,720000</CNOR>
    <CSUD>50,720000</CSUD>
    <NORD>50,720000</NORD>
    <SARD>50,720000</SARD>
    <SICI>61,150000</SICI>
    <SUD>41,920000</SUD>
    <AUST>50,720000</AUST>
    <BRNN>41,920000</BRNN>
    <COAC>50,720000</COAC>
    <CORS>50,720000</CORS>
    <FOGN>41,920000</FOGN>
    <FRAN>50,720000</FRAN>
    <GREC>41,920000</GREC>
    <MFTV>50,720000</MFTV>
    <PRGP>61,150000</PRGP>
    <ROSN>41,920000</ROSN>
    <SLOV>50,720000</SLOV>
    <SVIZ>50,720000</SVIZ>
    <BSP>50,720000</BSP>
    <MALT>61,150000</MALT>
    <XAUS>50,720000</XAUS>
    <XFRA>50,720000</XFRA>
  </Prezzi>
  <Prezzi>
    <Data>20150508</Data>
    <Mercato>MGP</Mercato>
    <Ora>13</Ora>
    <PUN>45,421420</PUN>
    <NAT>44,730000</NAT>
    <CNOR>44,560000</CNOR>
    <CSUD>44,560000</CSUD>
    <NORD>44,560000</NORD>
    <SARD>44,560000</SARD>
    <SICI>61,150000</SICI>
    <SUD>44,560000</SUD>
    <AUST>44,560000</AUST>
    <BRNN>44,560000</BRNN>
    <COAC>44,560000</COAC>
    <CORS>44,560000</CORS>
    <FOGN>44,560000</FOGN>
    <FRAN>44,560000</FRAN>
    <GREC>44,560000</GREC>
    <MFTV>44,560000</MFTV>
    <PRGP>61,150000</PRGP>
    <ROSN>44,560000</ROSN>
    <SLOV>44,560000</SLOV>
    <SVIZ>44,560000</SVIZ>
    <BSP>44,560000</BSP>
    <MALT>61,150000</MALT>
    <XAUS>44,560000</XAUS>
    <XFRA>44,560000</XFRA>
  </Prezzi>
  <Prezzi>
    <Data>20150508</Data>
    <Mercato>MGP</Mercato>
    <Ora>14</Ora>
    <PUN>45,555290</PUN>
    <NAT>44,730000</NAT>
    <CNOR>44,730000</CNOR>
    <CSUD>44,730000</CSUD>
    <NORD>44,730000</NORD>
    <SARD>44,730000</SARD>
    <SICI>61,150000</SICI>
    <SUD>44,730000</SUD>
    <AUST>44,730000</AUST>
    <BRNN>44,730000</BRNN>
    <COAC>44,730000</COAC>
    <CORS>44,730000</CORS>
    <FOGN>44,730000</FOGN>
    <FRAN>44,730000</FRAN>
    <GREC>44,730000</GREC>
    <MFTV>44,730000</MFTV>
    <PRGP>61,150000</PRGP>
    <ROSN>44,730000</ROSN>
    <SLOV>44,730000</SLOV>
    <SVIZ>44,730000</SVIZ>
    <BSP>44,730000</BSP>
    <MALT>61,150000</MALT>
    <XAUS>44,730000</XAUS>
    <XFRA>44,730000</XFRA>
  </Prezzi>
  <Prezzi>
    <Data>20150508</Data>
    <Mercato>MGP</Mercato>
    <Ora>15</Ora>
    <PUN>49,194420</PUN>
    <NAT>50,010000</NAT>
    <CNOR>45,730000</CNOR>
    <CSUD>45,730000</CSUD>
    <NORD>51,190000</NORD>
    <SARD>45,730000</SARD>
    <SICI>49,990000</SICI>
    <SUD>45,630000</SUD>
    <AUST>51,190000</AUST>
    <BRNN>45,630000</BRNN>
    <COAC>45,730000</COAC>
    <CORS>45,730000</CORS>
    <FOGN>45,630000</FOGN>
    <FRAN>51,190000</FRAN>
    <GREC>45,630000</GREC>
    <MFTV>51,190000</MFTV>
    <PRGP>49,990000</PRGP>
    <ROSN>45,630000</ROSN>
    <SLOV>51,190000</SLOV>
    <SVIZ>51,190000</SVIZ>
    <BSP>51,190000</BSP>
    <MALT>49,990000</MALT>
    <XAUS>51,190000</XAUS>
    <XFRA>51,190000</XFRA>
  </Prezzi>
  <Prezzi>
    <Data>20150508</Data>
    <Mercato>MGP</Mercato>
    <Ora>16</Ora>
    <PUN>56,380000</PUN>
    <NAT>55,000000</NAT>
    <CNOR>50,820000</CNOR>
    <CSUD>50,820000</CSUD>
    <NORD>59,509550</NORD>
    <SARD>50,820000</SARD>
    <SICI>61,150000</SICI>
    <SUD>49,560000</SUD>
    <AUST>59,509550</AUST>
    <BRNN>49,560000</BRNN>
    <COAC>50,820000</COAC>
    <CORS>50,820000</CORS>
    <FOGN>49,560000</FOGN>
    <FRAN>59,509550</FRAN>
    <GREC>49,560000</GREC>
    <MFTV>59,509550</MFTV>
    <PRGP>61,150000</PRGP>
    <ROSN>49,560000</ROSN>
    <SLOV>59,509550</SLOV>
    <SVIZ>59,509550</SVIZ>
    <BSP>59,509550</BSP>
    <MALT>61,150000</MALT>
    <XAUS>59,509550</XAUS>
    <XFRA>59,509550</XFRA>
  </Prezzi>
  <Prezzi>
    <Data>20150508</Data>
    <Mercato>MGP</Mercato>
    <Ora>17</Ora>
    <PUN>60,860000</PUN>
    <NAT>60,860000</NAT>
    <CNOR>60,939890</CNOR>
    <CSUD>60,939890</CSUD>
    <NORD>60,939890</NORD>
    <SARD>60,939890</SARD>
    <SICI>61,150000</SICI>
    <SUD>60,000000</SUD>
    <AUST>60,939890</AUST>
    <BRNN>60,000000</BRNN>
    <COAC>60,939890</COAC>
    <CORS>60,939890</CORS>
    <FOGN>60,000000</FOGN>
    <FRAN>60,939890</FRAN>
    <GREC>60,000000</GREC>
    <MFTV>60,939890</MFTV>
    <PRGP>61,150000</PRGP>
    <ROSN>60,000000</ROSN>
    <SLOV>60,939890</SLOV>
    <SVIZ>60,939890</SVIZ>
    <BSP>60,939890</BSP>
    <MALT>61,150000</MALT>
    <XAUS>60,939890</XAUS>
    <XFRA>60,939890</XFRA>
  </Prezzi>
  <Prezzi>
    <Data>20150508</Data>
    <Mercato>MGP</Mercato>
    <Ora>18</Ora>
    <PUN>59,484280</PUN>
    <NAT>59,990000</NAT>
    <CNOR>59,400000</CNOR>
    <CSUD>59,400000</CSUD>
    <NORD>59,400000</NORD>
    <SARD>59,400000</SARD>
    <SICI>61,150000</SICI>
    <SUD>59,400000</SUD>
    <AUST>59,400000</AUST>
    <BRNN>59,400000</BRNN>
    <COAC>59,400000</COAC>
    <CORS>59,400000</CORS>
    <FOGN>59,400000</FOGN>
    <FRAN>59,400000</FRAN>
    <GREC>59,400000</GREC>
    <MFTV>59,400000</MFTV>
    <PRGP>61,150000</PRGP>
    <ROSN>59,400000</ROSN>
    <SLOV>59,400000</SLOV>
    <SVIZ>59,400000</SVIZ>
    <BSP>59,400000</BSP>
    <MALT>61,150000</MALT>
    <XAUS>59,400000</XAUS>
    <XFRA>59,400000</XFRA>
  </Prezzi>
  <Prezzi>
    <Data>20150508</Data>
    <Mercato>MGP</Mercato>
    <Ora>19</Ora>
    <PUN>56,221500</PUN>
    <NAT>57,000000</NAT>
    <CNOR>55,860000</CNOR>
    <CSUD>55,860000</CSUD>
    <NORD>55,860000</NORD>
    <SARD>55,860000</SARD>
    <SICI>62,890000</SICI>
    <SUD>55,860000</SUD>
    <AUST>55,860000</AUST>
    <BRNN>55,860000</BRNN>
    <COAC>55,860000</COAC>
    <CORS>55,860000</CORS>
    <FOGN>55,860000</FOGN>
    <FRAN>55,860000</FRAN>
    <GREC>55,860000</GREC>
    <MFTV>55,860000</MFTV>
    <PRGP>62,890000</PRGP>
    <ROSN>55,860000</ROSN>
    <SLOV>55,860000</SLOV>
    <SVIZ>55,860000</SVIZ>
    <BSP>55,860000</BSP>
    <MALT>62,890000</MALT>
    <XAUS>55,860000</XAUS>
    <XFRA>55,860000</XFRA>
  </Prezzi>
  <Prezzi>
    <Data>20150508</Data>
    <Mercato>MGP</Mercato>
    <Ora>20</Ora>
    <PUN>58,499100</PUN>
    <NAT>60,750000</NAT>
    <CNOR>58,250000</CNOR>
    <CSUD>58,250000</CSUD>
    <NORD>58,250000</NORD>
    <SARD>58,250000</SARD>
    <SICI>62,890000</SICI>
    <SUD>58,250000</SUD>
    <AUST>58,250000</AUST>
    <BRNN>58,250000</BRNN>
    <COAC>58,250000</COAC>
    <CORS>58,250000</CORS>
    <FOGN>58,250000</FOGN>
    <FRAN>58,250000</FRAN>
    <GREC>58,250000</GREC>
    <MFTV>58,250000</MFTV>
    <PRGP>62,890000</PRGP>
    <ROSN>58,250000</ROSN>
    <SLOV>58,250000</SLOV>
    <SVIZ>58,250000</SVIZ>
    <BSP>58,250000</BSP>
    <MALT>62,890000</MALT>
    <XAUS>58,250000</XAUS>
    <XFRA>58,250000</XFRA>
  </Prezzi>
  <Prezzi>
    <Data>20150508</Data>
    <Mercato>MGP</Mercato>
    <Ora>21</Ora>
    <PUN>74,083890</PUN>
    <NAT>72,480000</NAT>
    <CNOR>72,270000</CNOR>
    <CSUD>72,270000</CSUD>
    <NORD>72,270000</NORD>
    <SARD>72,270000</SARD>
    <SICI>102,620000</SICI>
    <SUD>72,270000</SUD>
    <AUST>72,270000</AUST>
    <BRNN>72,270000</BRNN>
    <COAC>72,270000</COAC>
    <CORS>72,270000</CORS>
    <FOGN>72,270000</FOGN>
    <FRAN>72,270000</FRAN>
    <GREC>72,270000</GREC>
    <MFTV>72,270000</MFTV>
    <PRGP>102,620000</PRGP>
    <ROSN>72,270000</ROSN>
    <SLOV>72,270000</SLOV>
    <SVIZ>72,270000</SVIZ>
    <BSP>72,270000</BSP>
    <MALT>102,620000</MALT>
    <XAUS>72,270000</XAUS>
    <XFRA>72,270000</XFRA>
  </Prezzi>
  <Prezzi>
    <Data>20150508</Data>
    <Mercato>MGP</Mercato>
    <Ora>22</Ora>
    <PUN>57,345680</PUN>
    <NAT>61,150000</NAT>
    <CNOR>57,000000</CNOR>
    <CSUD>57,000000</CSUD>
    <NORD>57,000000</NORD>
    <SARD>57,000000</SARD>
    <SICI>62,890000</SICI>
    <SUD>57,000000</SUD>
    <AUST>57,000000</AUST>
    <BRNN>57,000000</BRNN>
    <COAC>57,000000</COAC>
    <CORS>57,000000</CORS>
    <FOGN>57,000000</FOGN>
    <FRAN>57,000000</FRAN>
    <GREC>57,000000</GREC>
    <MFTV>57,000000</MFTV>
    <PRGP>62,890000</PRGP>
    <ROSN>57,000000</ROSN>
    <SLOV>57,000000</SLOV>
    <SVIZ>57,000000</SVIZ>
    <BSP>57,000000</BSP>
    <MALT>62,890000</MALT>
    <XAUS>57,000000</XAUS>
    <XFRA>57,000000</XFRA>
  </Prezzi>
  <Prezzi>
    <Data>20150508</Data>
    <Mercato>MGP</Mercato>
    <Ora>23</Ora>
    <PUN>51,223850</PUN>
    <NAT>53,000000</NAT>
    <CNOR>50,490000</CNOR>
    <CSUD>50,490000</CSUD>
    <NORD>50,490000</NORD>
    <SARD>50,490000</SARD>
    <SICI>62,890000</SICI>
    <SUD>50,490000</SUD>
    <AUST>50,490000</AUST>
    <BRNN>50,490000</BRNN>
    <COAC>50,490000</COAC>
    <CORS>50,490000</CORS>
    <FOGN>50,490000</FOGN>
    <FRAN>50,490000</FRAN>
    <GREC>50,490000</GREC>
    <MFTV>50,490000</MFTV>
    <PRGP>62,890000</PRGP>
    <ROSN>50,490000</ROSN>
    <SLOV>50,490000</SLOV>
    <SVIZ>50,490000</SVIZ>
    <BSP>50,490000</BSP>
    <MALT>62,890000</MALT>
    <XAUS>50,490000</XAUS>
    <XFRA>50,490000</XFRA>
  </Prezzi>
  <Prezzi>
    <Data>20150508</Data>
    <Mercato>MGP</Mercato>
    <Ora>24</Ora>
    <PUN>47,788260</PUN>
    <NAT>48,000000</NAT>
    <CNOR>47,010000</CNOR>
    <CSUD>47,010000</CSUD>
    <NORD>47,010000</NORD>
    <SARD>47,010000</SARD>
    <SICI>60,990000</SICI>
    <SUD>47,010000</SUD>
    <AUST>47,010000</AUST>
    <BRNN>47,010000</BRNN>
    <COAC>47,010000</COAC>
    <CORS>47,010000</CORS>
    <FOGN>47,010000</FOGN>
    <FRAN>47,010000</FRAN>
    <GREC>47,010000</GREC>
    <MFTV>47,010000</MFTV>
    <PRGP>60,990000</PRGP>
    <ROSN>47,010000</ROSN>
    <SLOV>47,010000</SLOV>
    <SVIZ>47,010000</SVIZ>
    <BSP>47,010000</BSP>
    <MALT>60,990000</MALT>
    <XAUS>47,010000</XAUS>
    <XFRA>47,010000</XFRA>
  </Prezzi>
</NewDataSet>