<?xml version="1.0" standalone="yes"?>
<NewDataSet>
  <xs:schema id="NewDataSet" xmlns="" xmlns:xs="http://www.w3.org/2001/XMLSchema" xmlns:msdata="urn:schemas-microsoft-com:xml-msdata">
    <xs:element name="NewDataSet" msdata:IsDataSet="true" msdata:UseCurrentLocale="true">
      <xs:complexType>
        <xs:choice minOccurs="0" maxOccurs="unbounded">
          <xs:element name="Prezzi">
            <xs:complexType>
              <xs:sequence>
                <xs:element name="Data" type="xs:string" minOccurs="0" />
                <xs:element name="Mercato" type="xs:string" minOccurs="0" />
                <xs:element name="Ora" type="xs:string" minOccurs="0" />
                <xs:element name="PUN" type="xs:string" minOccurs="0" />
                <xs:element name="NAT" type="xs:string" minOccurs="0" />
                <xs:element name="CNOR" type="xs:string" minOccurs="0" />
                <xs:element name="CSUD" type="xs:string" minOccurs="0" />
                <xs:element name="NORD" type="xs:string" minOccurs="0" />
                <xs:element name="SARD" type="xs:string" minOccurs="0" />
                <xs:element name="SICI" type="xs:string" minOccurs="0" />
                <xs:element name="SUD" type="xs:string" minOccurs="0" />
                <xs:element name="AUST" type="xs:string" minOccurs="0" />
                <xs:element name="BRNN" type="xs:string" minOccurs="0" />
                <xs:element name="COAC" type="xs:string" minOccurs="0" />
                <xs:element name="CORS" type="xs:string" minOccurs="0" />
                <xs:element name="FOGN" type="xs:string" minOccurs="0" />
                <xs:element name="FRAN" type="xs:string" minOccurs="0" />
                <xs:element name="GREC" type="xs:string" minOccurs="0" />
                <xs:element name="MFTV" type="xs:string" minOccurs="0" />
                <xs:element name="PRGP" type="xs:string" minOccurs="0" />
                <xs:element name="ROSN" type="xs:string" minOccurs="0" />
                <xs:element name="SLOV" type="xs:string" minOccurs="0" />
                <xs:element name="SVIZ" type="xs:string" minOccurs="0" />
                <xs:element name="BSP" type="xs:string" minOccurs="0" />
                <xs:element name="MALT" type="xs:string" minOccurs="0" />
                <xs:element name="XAUS" type="xs:string" minOccurs="0" />
                <xs:element name="XFRA" type="xs:string" minOccurs="0" />
              </xs:sequence>
            </xs:complexType>
          </xs:element>
        </xs:choice>
      </xs:complexType>
    </xs:element>
  </xs:schema>
  <Prezzi>
    <Data>20150527</Data>
    <Mercato>MGP</Mercato>
    <Ora>1</Ora>
    <PUN>47,785430</PUN>
    <NAT>47,100000</NAT>
    <CNOR>47,100000</CNOR>
    <CSUD>47,100000</CSUD>
    <NORD>47,100000</NORD>
    <SARD>47,100000</SARD>
    <SICI>61,150000</SICI>
    <SUD>47,100000</SUD>
    <AUST>47,100000</AUST>
    <BRNN>47,100000</BRNN>
    <COAC>47,100000</COAC>
    <CORS>47,100000</CORS>
    <FOGN>47,100000</FOGN>
    <FRAN>47,100000</FRAN>
    <GREC>47,100000</GREC>
    <MFTV>47,100000</MFTV>
    <PRGP>61,150000</PRGP>
    <ROSN>47,100000</ROSN>
    <SLOV>47,100000</SLOV>
    <SVIZ>47,100000</SVIZ>
    <BSP>47,100000</BSP>
    <MALT>61,150000</MALT>
    <XAUS>47,100000</XAUS>
    <XFRA>47,100000</XFRA>
  </Prezzi>
  <Prezzi>
    <Data>20150527</Data>
    <Mercato>MGP</Mercato>
    <Ora>2</Ora>
    <PUN>42,916650</PUN>
    <NAT>42,190000</NAT>
    <CNOR>41,980000</CNOR>
    <CSUD>41,980000</CSUD>
    <NORD>41,980000</NORD>
    <SARD>41,980000</SARD>
    <SICI>60,960000</SICI>
    <SUD>41,980000</SUD>
    <AUST>41,980000</AUST>
    <BRNN>41,980000</BRNN>
    <COAC>41,980000</COAC>
    <CORS>41,980000</CORS>
    <FOGN>41,980000</FOGN>
    <FRAN>41,980000</FRAN>
    <GREC>41,980000</GREC>
    <MFTV>41,980000</MFTV>
    <PRGP>60,960000</PRGP>
    <ROSN>41,980000</ROSN>
    <SLOV>41,980000</SLOV>
    <SVIZ>41,980000</SVIZ>
    <BSP>41,980000</BSP>
    <MALT>60,960000</MALT>
    <XAUS>41,980000</XAUS>
    <XFRA>41,980000</XFRA>
  </Prezzi>
  <Prezzi>
    <Data>20150527</Data>
    <Mercato>MGP</Mercato>
    <Ora>3</Ora>
    <PUN>39,940000</PUN>
    <NAT>39,380000</NAT>
    <CNOR>38,925350</CNOR>
    <CSUD>38,925350</CSUD>
    <NORD>38,925350</NORD>
    <SARD>38,925350</SARD>
    <SICI>60,000000</SICI>
    <SUD>38,925350</SUD>
    <AUST>38,925350</AUST>
    <BRNN>38,925350</BRNN>
    <COAC>38,925350</COAC>
    <CORS>38,925350</CORS>
    <FOGN>38,925350</FOGN>
    <FRAN>38,925350</FRAN>
    <GREC>38,925350</GREC>
    <MFTV>38,925350</MFTV>
    <PRGP>60,000000</PRGP>
    <ROSN>38,925350</ROSN>
    <SLOV>38,925350</SLOV>
    <SVIZ>38,925350</SVIZ>
    <BSP>38,925350</BSP>
    <MALT>60,000000</MALT>
    <XAUS>38,925350</XAUS>
    <XFRA>38,925350</XFRA>
  </Prezzi>
  <Prezzi>
    <Data>20150527</Data>
    <Mercato>MGP</Mercato>
    <Ora>4</Ora>
    <PUN>38,852880</PUN>
    <NAT>38,910000</NAT>
    <CNOR>38,700000</CNOR>
    <CSUD>38,700000</CSUD>
    <NORD>38,700000</NORD>
    <SARD>38,700000</SARD>
    <SICI>41,990000</SICI>
    <SUD>38,700000</SUD>
    <AUST>38,700000</AUST>
    <BRNN>38,700000</BRNN>
    <COAC>38,700000</COAC>
    <CORS>38,700000</CORS>
    <FOGN>38,700000</FOGN>
    <FRAN>38,700000</FRAN>
    <GREC>38,700000</GREC>
    <MFTV>38,700000</MFTV>
    <PRGP>41,990000</PRGP>
    <ROSN>38,700000</ROSN>
    <SLOV>38,700000</SLOV>
    <SVIZ>38,700000</SVIZ>
    <BSP>38,700000</BSP>
    <MALT>41,990000</MALT>
    <XAUS>38,700000</XAUS>
    <XFRA>38,700000</XFRA>
  </Prezzi>
  <Prezzi>
    <Data>20150527</Data>
    <Mercato>MGP</Mercato>
    <Ora>5</Ora>
    <PUN>38,107240</PUN>
    <NAT>38,350000</NAT>
    <CNOR>37,030000</CNOR>
    <CSUD>37,030000</CSUD>
    <NORD>37,030000</NORD>
    <SARD>37,030000</SARD>
    <SICI>60,000000</SICI>
    <SUD>37,030000</SUD>
    <AUST>37,030000</AUST>
    <BRNN>37,030000</BRNN>
    <COAC>37,030000</COAC>
    <CORS>37,030000</CORS>
    <FOGN>37,030000</FOGN>
    <FRAN>37,030000</FRAN>
    <GREC>37,030000</GREC>
    <MFTV>37,030000</MFTV>
    <PRGP>60,000000</PRGP>
    <ROSN>37,030000</ROSN>
    <SLOV>37,030000</SLOV>
    <SVIZ>37,030000</SVIZ>
    <BSP>37,030000</BSP>
    <MALT>60,000000</MALT>
    <XAUS>37,030000</XAUS>
    <XFRA>37,030000</XFRA>
  </Prezzi>
  <Prezzi>
    <Data>20150527</Data>
    <Mercato>MGP</Mercato>
    <Ora>6</Ora>
    <PUN>39,076270</PUN>
    <NAT>38,990000</NAT>
    <CNOR>38,000000</CNOR>
    <CSUD>38,000000</CSUD>
    <NORD>38,000000</NORD>
    <SARD>38,000000</SARD>
    <SICI>60,960000</SICI>
    <SUD>38,000000</SUD>
    <AUST>38,000000</AUST>
    <BRNN>38,000000</BRNN>
    <COAC>38,000000</COAC>
    <CORS>38,000000</CORS>
    <FOGN>38,000000</FOGN>
    <FRAN>38,000000</FRAN>
    <GREC>38,000000</GREC>
    <MFTV>38,000000</MFTV>
    <PRGP>60,960000</PRGP>
    <ROSN>38,000000</ROSN>
    <SLOV>38,000000</SLOV>
    <SVIZ>38,000000</SVIZ>
    <BSP>38,000000</BSP>
    <MALT>60,960000</MALT>
    <XAUS>38,000000</XAUS>
    <XFRA>38,000000</XFRA>
  </Prezzi>
  <Prezzi>
    <Data>20150527</Data>
    <Mercato>MGP</Mercato>
    <Ora>7</Ora>
    <PUN>44,052450</PUN>
    <NAT>43,480000</NAT>
    <CNOR>43,240000</CNOR>
    <CSUD>43,240000</CSUD>
    <NORD>43,240000</NORD>
    <SARD>43,240000</SARD>
    <SICI>60,960000</SICI>
    <SUD>43,240000</SUD>
    <AUST>43,240000</AUST>
    <BRNN>43,240000</BRNN>
    <COAC>43,240000</COAC>
    <CORS>43,240000</CORS>
    <FOGN>43,240000</FOGN>
    <FRAN>43,240000</FRAN>
    <GREC>43,240000</GREC>
    <MFTV>43,240000</MFTV>
    <PRGP>60,960000</PRGP>
    <ROSN>43,240000</ROSN>
    <SLOV>43,240000</SLOV>
    <SVIZ>43,240000</SVIZ>
    <BSP>43,240000</BSP>
    <MALT>60,960000</MALT>
    <XAUS>43,240000</XAUS>
    <XFRA>43,240000</XFRA>
  </Prezzi>
  <Prezzi>
    <Data>20150527</Data>
    <Mercato>MGP</Mercato>
    <Ora>8</Ora>
    <PUN>49,191480</PUN>
    <NAT>49,930000</NAT>
    <CNOR>48,600000</CNOR>
    <CSUD>48,600000</CSUD>
    <NORD>48,600000</NORD>
    <SARD>48,600000</SARD>
    <SICI>60,960000</SICI>
    <SUD>48,600000</SUD>
    <AUST>48,600000</AUST>
    <BRNN>48,600000</BRNN>
    <COAC>48,600000</COAC>
    <CORS>48,600000</CORS>
    <FOGN>48,600000</FOGN>
    <FRAN>48,600000</FRAN>
    <GREC>48,600000</GREC>
    <MFTV>48,600000</MFTV>
    <PRGP>60,960000</PRGP>
    <ROSN>48,600000</ROSN>
    <SLOV>48,600000</SLOV>
    <SVIZ>48,600000</SVIZ>
    <BSP>48,600000</BSP>
    <MALT>60,960000</MALT>
    <XAUS>48,600000</XAUS>
    <XFRA>48,600000</XFRA>
  </Prezzi>
  <Prezzi>
    <Data>20150527</Data>
    <Mercato>MGP</Mercato>
    <Ora>9</Ora>
    <PUN>53,193560</PUN>
    <NAT>52,000000</NAT>
    <CNOR>51,930000</CNOR>
    <CSUD>51,930000</CSUD>
    <NORD>53,660000</NORD>
    <SARD>51,930000</SARD>
    <SICI>62,890000</SICI>
    <SUD>48,980000</SUD>
    <AUST>53,660000</AUST>
    <BRNN>48,980000</BRNN>
    <COAC>51,930000</COAC>
    <CORS>51,930000</CORS>
    <FOGN>48,980000</FOGN>
    <FRAN>53,660000</FRAN>
    <GREC>48,980000</GREC>
    <MFTV>53,660000</MFTV>
    <PRGP>62,890000</PRGP>
    <ROSN>48,980000</ROSN>
    <SLOV>53,660000</SLOV>
    <SVIZ>53,660000</SVIZ>
    <BSP>53,660000</BSP>
    <MALT>62,890000</MALT>
    <XAUS>53,660000</XAUS>
    <XFRA>53,660000</XFRA>
  </Prezzi>
  <Prezzi>
    <Data>20150527</Data>
    <Mercato>MGP</Mercato>
    <Ora>10</Ora>
    <PUN>51,990000</PUN>
    <NAT>50,100000</NAT>
    <CNOR>50,100000</CNOR>
    <CSUD>50,100000</CSUD>
    <NORD>52,761210</NORD>
    <SARD>50,100000</SARD>
    <SICI>61,150000</SICI>
    <SUD>47,930000</SUD>
    <AUST>52,761210</AUST>
    <BRNN>47,930000</BRNN>
    <COAC>50,100000</COAC>
    <CORS>50,100000</CORS>
    <FOGN>47,930000</FOGN>
    <FRAN>52,761210</FRAN>
    <GREC>47,930000</GREC>
    <MFTV>52,761210</MFTV>
    <PRGP>61,150000</PRGP>
    <ROSN>47,930000</ROSN>
    <SLOV>52,761210</SLOV>
    <SVIZ>52,761210</SVIZ>
    <BSP>52,761210</BSP>
    <MALT>61,150000</MALT>
    <XAUS>52,761210</XAUS>
    <XFRA>52,761210</XFRA>
  </Prezzi>
  <Prezzi>
    <Data>20150527</Data>
    <Mercato>MGP</Mercato>
    <Ora>11</Ora>
    <PUN>45,759170</PUN>
    <NAT>45,980000</NAT>
    <CNOR>41,630000</CNOR>
    <CSUD>41,630000</CSUD>
    <NORD>48,000000</NORD>
    <SARD>41,630000</SARD>
    <SICI>60,960000</SICI>
    <SUD>35,000000</SUD>
    <AUST>48,000000</AUST>
    <BRNN>35,000000</BRNN>
    <COAC>41,630000</COAC>
    <CORS>41,630000</CORS>
    <FOGN>35,000000</FOGN>
    <FRAN>48,000000</FRAN>
    <GREC>35,000000</GREC>
    <MFTV>48,000000</MFTV>
    <PRGP>60,960000</PRGP>
    <ROSN>35,000000</ROSN>
    <SLOV>48,000000</SLOV>
    <SVIZ>48,000000</SVIZ>
    <BSP>48,000000</BSP>
    <MALT>60,960000</MALT>
    <XAUS>48,000000</XAUS>
    <XFRA>48,000000</XFRA>
  </Prezzi>
  <Prezzi>
    <Data>20150527</Data>
    <Mercato>MGP</Mercato>
    <Ora>12</Ora>
    <PUN>43,728810</PUN>
    <NAT>43,200000</NAT>
    <CNOR>31,900000</CNOR>
    <CSUD>31,900000</CSUD>
    <NORD>49,250000</NORD>
    <SARD>31,900000</SARD>
    <SICI>60,960000</SICI>
    <SUD>30,750000</SUD>
    <AUST>49,250000</AUST>
    <BRNN>30,750000</BRNN>
    <COAC>31,900000</COAC>
    <CORS>31,900000</CORS>
    <FOGN>30,750000</FOGN>
    <FRAN>49,250000</FRAN>
    <GREC>30,750000</GREC>
    <MFTV>49,250000</MFTV>
    <PRGP>60,960000</PRGP>
    <ROSN>30,750000</ROSN>
    <SLOV>49,250000</SLOV>
    <SVIZ>49,250000</SVIZ>
    <BSP>49,250000</BSP>
    <MALT>60,960000</MALT>
    <XAUS>49,250000</XAUS>
    <XFRA>49,250000</XFRA>
  </Prezzi>
  <Prezzi>
    <Data>20150527</Data>
    <Mercato>MGP</Mercato>
    <Ora>13</Ora>
    <PUN>41,104260</PUN>
    <NAT>37,830000</NAT>
    <CNOR>41,480000</CNOR>
    <CSUD>41,480000</CSUD>
    <NORD>41,480000</NORD>
    <SARD>41,480000</SARD>
    <SICI>59,000000</SICI>
    <SUD>30,000000</SUD>
    <AUST>41,480000</AUST>
    <BRNN>30,000000</BRNN>
    <COAC>41,480000</COAC>
    <CORS>41,480000</CORS>
    <FOGN>30,000000</FOGN>
    <FRAN>41,480000</FRAN>
    <GREC>30,000000</GREC>
    <MFTV>41,480000</MFTV>
    <PRGP>59,000000</PRGP>
    <ROSN>30,000000</ROSN>
    <SLOV>41,480000</SLOV>
    <SVIZ>41,480000</SVIZ>
    <BSP>41,480000</BSP>
    <MALT>59,000000</MALT>
    <XAUS>41,480000</XAUS>
    <XFRA>41,480000</XFRA>
  </Prezzi>
  <Prezzi>
    <Data>20150527</Data>
    <Mercato>MGP</Mercato>
    <Ora>14</Ora>
    <PUN>31,100000</PUN>
    <NAT>30,560000</NAT>
    <CNOR>10,524500</CNOR>
    <CSUD>10,524500</CSUD>
    <NORD>42,110000</NORD>
    <SARD>10,524500</SARD>
    <SICI>37,990000</SICI>
    <SUD>10,524500</SUD>
    <AUST>42,110000</AUST>
    <BRNN>10,524500</BRNN>
    <COAC>10,524500</COAC>
    <CORS>10,524500</CORS>
    <FOGN>10,524500</FOGN>
    <FRAN>42,110000</FRAN>
    <GREC>10,524500</GREC>
    <MFTV>42,110000</MFTV>
    <PRGP>37,990000</PRGP>
    <ROSN>10,524500</ROSN>
    <SLOV>42,110000</SLOV>
    <SVIZ>42,110000</SVIZ>
    <BSP>42,110000</BSP>
    <MALT>37,990000</MALT>
    <XAUS>42,110000</XAUS>
    <XFRA>42,110000</XFRA>
  </Prezzi>
  <Prezzi>
    <Data>20150527</Data>
    <Mercato>MGP</Mercato>
    <Ora>15</Ora>
    <PUN>38,883830</PUN>
    <NAT>38,670000</NAT>
    <CNOR>20,000000</CNOR>
    <CSUD>20,000000</CSUD>
    <NORD>49,200000</NORD>
    <SARD>20,000000</SARD>
    <SICI>37,990000</SICI>
    <SUD>20,000000</SUD>
    <AUST>49,200000</AUST>
    <BRNN>20,000000</BRNN>
    <COAC>20,000000</COAC>
    <CORS>20,000000</CORS>
    <FOGN>20,000000</FOGN>
    <FRAN>49,200000</FRAN>
    <GREC>20,000000</GREC>
    <MFTV>49,200000</MFTV>
    <PRGP>37,990000</PRGP>
    <ROSN>20,000000</ROSN>
    <SLOV>49,200000</SLOV>
    <SVIZ>49,200000</SVIZ>
    <BSP>49,200000</BSP>
    <MALT>37,990000</MALT>
    <XAUS>49,200000</XAUS>
    <XFRA>49,200000</XFRA>
  </Prezzi>
  <Prezzi>
    <Data>20150527</Data>
    <Mercato>MGP</Mercato>
    <Ora>16</Ora>
    <PUN>43,729830</PUN>
    <NAT>41,980000</NAT>
    <CNOR>34,520000</CNOR>
    <CSUD>34,520000</CSUD>
    <NORD>48,500000</NORD>
    <SARD>34,520000</SARD>
    <SICI>59,000000</SICI>
    <SUD>29,280000</SUD>
    <AUST>48,500000</AUST>
    <BRNN>29,280000</BRNN>
    <COAC>34,520000</COAC>
    <CORS>34,520000</CORS>
    <FOGN>29,280000</FOGN>
    <FRAN>48,500000</FRAN>
    <GREC>29,280000</GREC>
    <MFTV>48,500000</MFTV>
    <PRGP>59,000000</PRGP>
    <ROSN>29,280000</ROSN>
    <SLOV>48,500000</SLOV>
    <SVIZ>48,500000</SVIZ>
    <BSP>48,500000</BSP>
    <MALT>59,000000</MALT>
    <XAUS>48,500000</XAUS>
    <XFRA>48,500000</XFRA>
  </Prezzi>
  <Prezzi>
    <Data>20150527</Data>
    <Mercato>MGP</Mercato>
    <Ora>17</Ora>
    <PUN>45,949100</PUN>
    <NAT>45,990000</NAT>
    <CNOR>35,840000</CNOR>
    <CSUD>35,840000</CSUD>
    <NORD>51,330000</NORD>
    <SARD>35,840000</SARD>
    <SICI>60,960000</SICI>
    <SUD>30,750000</SUD>
    <AUST>51,330000</AUST>
    <BRNN>30,750000</BRNN>
    <COAC>35,840000</COAC>
    <CORS>35,840000</CORS>
    <FOGN>30,750000</FOGN>
    <FRAN>51,330000</FRAN>
    <GREC>30,750000</GREC>
    <MFTV>51,330000</MFTV>
    <PRGP>60,960000</PRGP>
    <ROSN>30,750000</ROSN>
    <SLOV>51,330000</SLOV>
    <SVIZ>51,330000</SVIZ>
    <BSP>51,330000</BSP>
    <MALT>60,960000</MALT>
    <XAUS>51,330000</XAUS>
    <XFRA>51,330000</XFRA>
  </Prezzi>
  <Prezzi>
    <Data>20150527</Data>
    <Mercato>MGP</Mercato>
    <Ora>18</Ora>
    <PUN>46,606260</PUN>
    <NAT>48,210000</NAT>
    <CNOR>46,900000</CNOR>
    <CSUD>46,900000</CSUD>
    <NORD>46,900000</NORD>
    <SARD>46,900000</SARD>
    <SICI>61,150000</SICI>
    <SUD>37,470000</SUD>
    <AUST>46,900000</AUST>
    <BRNN>37,470000</BRNN>
    <COAC>46,900000</COAC>
    <CORS>46,900000</CORS>
    <FOGN>37,470000</FOGN>
    <FRAN>46,900000</FRAN>
    <GREC>37,470000</GREC>
    <MFTV>46,900000</MFTV>
    <PRGP>61,150000</PRGP>
    <ROSN>37,470000</ROSN>
    <SLOV>46,900000</SLOV>
    <SVIZ>46,900000</SVIZ>
    <BSP>46,900000</BSP>
    <MALT>61,150000</MALT>
    <XAUS>46,900000</XAUS>
    <XFRA>46,900000</XFRA>
  </Prezzi>
  <Prezzi>
    <Data>20150527</Data>
    <Mercato>MGP</Mercato>
    <Ora>19</Ora>
    <PUN>50,242040</PUN>
    <NAT>50,480000</NAT>
    <CNOR>52,100000</CNOR>
    <CSUD>52,100000</CSUD>
    <NORD>52,100000</NORD>
    <SARD>52,100000</SARD>
    <SICI>62,890000</SICI>
    <SUD>30,000000</SUD>
    <AUST>52,100000</AUST>
    <BRNN>30,000000</BRNN>
    <COAC>52,100000</COAC>
    <CORS>52,100000</CORS>
    <FOGN>30,000000</FOGN>
    <FRAN>52,100000</FRAN>
    <GREC>30,000000</GREC>
    <MFTV>52,100000</MFTV>
    <PRGP>62,890000</PRGP>
    <ROSN>30,000000</ROSN>
    <SLOV>52,100000</SLOV>
    <SVIZ>52,100000</SVIZ>
    <BSP>52,100000</BSP>
    <MALT>62,890000</MALT>
    <XAUS>52,100000</XAUS>
    <XFRA>52,100000</XFRA>
  </Prezzi>
  <Prezzi>
    <Data>20150527</Data>
    <Mercato>MGP</Mercato>
    <Ora>20</Ora>
    <PUN>54,846360</PUN>
    <NAT>52,690000</NAT>
    <CNOR>52,600000</CNOR>
    <CSUD>52,600000</CSUD>
    <NORD>52,600000</NORD>
    <SARD>52,600000</SARD>
    <SICI>98,900000</SICI>
    <SUD>50,980000</SUD>
    <AUST>52,600000</AUST>
    <BRNN>50,980000</BRNN>
    <COAC>52,600000</COAC>
    <CORS>52,600000</CORS>
    <FOGN>50,980000</FOGN>
    <FRAN>52,600000</FRAN>
    <GREC>50,980000</GREC>
    <MFTV>52,600000</MFTV>
    <PRGP>98,900000</PRGP>
    <ROSN>50,980000</ROSN>
    <SLOV>52,600000</SLOV>
    <SVIZ>52,600000</SVIZ>
    <BSP>52,600000</BSP>
    <MALT>98,900000</MALT>
    <XAUS>52,600000</XAUS>
    <XFRA>52,600000</XFRA>
  </Prezzi>
  <Prezzi>
    <Data>20150527</Data>
    <Mercato>MGP</Mercato>
    <Ora>21</Ora>
    <PUN>56,013620</PUN>
    <NAT>54,160000</NAT>
    <CNOR>53,600000</CNOR>
    <CSUD>53,600000</CSUD>
    <NORD>53,600000</NORD>
    <SARD>53,600000</SARD>
    <SICI>98,900000</SICI>
    <SUD>52,780000</SUD>
    <AUST>53,600000</AUST>
    <BRNN>52,780000</BRNN>
    <COAC>53,600000</COAC>
    <CORS>53,600000</CORS>
    <FOGN>52,780000</FOGN>
    <FRAN>53,600000</FRAN>
    <GREC>52,780000</GREC>
    <MFTV>53,600000</MFTV>
    <PRGP>98,900000</PRGP>
    <ROSN>52,780000</ROSN>
    <SLOV>53,600000</SLOV>
    <SVIZ>53,600000</SVIZ>
    <BSP>53,600000</BSP>
    <MALT>98,900000</MALT>
    <XAUS>53,600000</XAUS>
    <XFRA>53,600000</XFRA>
  </Prezzi>
  <Prezzi>
    <Data>20150527</Data>
    <Mercato>MGP</Mercato>
    <Ora>22</Ora>
    <PUN>55,086240</PUN>
    <NAT>54,160000</NAT>
    <CNOR>52,600000</CNOR>
    <CSUD>52,600000</CSUD>
    <NORD>52,600000</NORD>
    <SARD>52,600000</SARD>
    <SICI>98,900000</SICI>
    <SUD>52,600000</SUD>
    <AUST>52,600000</AUST>
    <BRNN>52,600000</BRNN>
    <COAC>52,600000</COAC>
    <CORS>52,600000</CORS>
    <FOGN>52,600000</FOGN>
    <FRAN>52,600000</FRAN>
    <GREC>52,600000</GREC>
    <MFTV>52,600000</MFTV>
    <PRGP>98,900000</PRGP>
    <ROSN>52,600000</ROSN>
    <SLOV>52,600000</SLOV>
    <SVIZ>52,600000</SVIZ>
    <BSP>52,600000</BSP>
    <MALT>98,900000</MALT>
    <XAUS>52,600000</XAUS>
    <XFRA>52,600000</XFRA>
  </Prezzi>
  <Prezzi>
    <Data>20150527</Data>
    <Mercato>MGP</Mercato>
    <Ora>23</Ora>
    <PUN>49,325340</PUN>
    <NAT>49,320000</NAT>
    <CNOR>48,570000</CNOR>
    <CSUD>48,570000</CSUD>
    <NORD>48,570000</NORD>
    <SARD>48,570000</SARD>
    <SICI>62,890000</SICI>
    <SUD>48,570000</SUD>
    <AUST>48,570000</AUST>
    <BRNN>48,570000</BRNN>
    <COAC>48,570000</COAC>
    <CORS>48,570000</CORS>
    <FOGN>48,570000</FOGN>
    <FRAN>48,570000</FRAN>
    <GREC>48,570000</GREC>
    <MFTV>48,570000</MFTV>
    <PRGP>62,890000</PRGP>
    <ROSN>48,570000</ROSN>
    <SLOV>48,570000</SLOV>
    <SVIZ>48,570000</SVIZ>
    <BSP>48,570000</BSP>
    <MALT>62,890000</MALT>
    <XAUS>48,570000</XAUS>
    <XFRA>48,570000</XFRA>
  </Prezzi>
  <Prezzi>
    <Data>20150527</Data>
    <Mercato>MGP</Mercato>
    <Ora>24</Ora>
    <PUN>44,882090</PUN>
    <NAT>44,480000</NAT>
    <CNOR>43,900000</CNOR>
    <CSUD>43,900000</CSUD>
    <NORD>43,900000</NORD>
    <SARD>43,900000</SARD>
    <SICI>62,890000</SICI>
    <SUD>43,900000</SUD>
    <AUST>43,900000</AUST>
    <BRNN>43,900000</BRNN>
    <COAC>43,900000</COAC>
    <CORS>43,900000</CORS>
    <FOGN>43,900000</FOGN>
    <FRAN>43,900000</FRAN>
    <GREC>43,900000</GREC>
    <MFTV>43,900000</MFTV>
    <PRGP>62,890000</PRGP>
    <ROSN>43,900000</ROSN>
    <SLOV>43,900000</SLOV>
    <SVIZ>43,900000</SVIZ>
    <BSP>43,900000</BSP>
    <MALT>62,890000</MALT>
    <XAUS>43,900000</XAUS>
    <XFRA>43,900000</XFRA>
  </Prezzi>
</NewDataSet>