<?xml version="1.0" standalone="yes"?>
<NewDataSet>
  <xs:schema id="NewDataSet" xmlns="" xmlns:xs="http://www.w3.org/2001/XMLSchema" xmlns:msdata="urn:schemas-microsoft-com:xml-msdata">
    <xs:element name="NewDataSet" msdata:IsDataSet="true" msdata:UseCurrentLocale="true">
      <xs:complexType>
        <xs:choice minOccurs="0" maxOccurs="unbounded">
          <xs:element name="Prezzi">
            <xs:complexType>
              <xs:sequence>
                <xs:element name="Data" type="xs:string" minOccurs="0" />
                <xs:element name="Mercato" type="xs:string" minOccurs="0" />
                <xs:element name="Ora" type="xs:string" minOccurs="0" />
                <xs:element name="PUN" type="xs:string" minOccurs="0" />
                <xs:element name="NAT" type="xs:string" minOccurs="0" />
                <xs:element name="CNOR" type="xs:string" minOccurs="0" />
                <xs:element name="CSUD" type="xs:string" minOccurs="0" />
                <xs:element name="NORD" type="xs:string" minOccurs="0" />
                <xs:element name="SARD" type="xs:string" minOccurs="0" />
                <xs:element name="SICI" type="xs:string" minOccurs="0" />
                <xs:element name="SUD" type="xs:string" minOccurs="0" />
                <xs:element name="AUST" type="xs:string" minOccurs="0" />
                <xs:element name="BRNN" type="xs:string" minOccurs="0" />
                <xs:element name="COAC" type="xs:string" minOccurs="0" />
                <xs:element name="CORS" type="xs:string" minOccurs="0" />
                <xs:element name="FOGN" type="xs:string" minOccurs="0" />
                <xs:element name="FRAN" type="xs:string" minOccurs="0" />
                <xs:element name="GREC" type="xs:string" minOccurs="0" />
                <xs:element name="MFTV" type="xs:string" minOccurs="0" />
                <xs:element name="PRGP" type="xs:string" minOccurs="0" />
                <xs:element name="ROSN" type="xs:string" minOccurs="0" />
                <xs:element name="SLOV" type="xs:string" minOccurs="0" />
                <xs:element name="SVIZ" type="xs:string" minOccurs="0" />
                <xs:element name="BSP" type="xs:string" minOccurs="0" />
                <xs:element name="MALT" type="xs:string" minOccurs="0" />
                <xs:element name="XAUS" type="xs:string" minOccurs="0" />
                <xs:element name="XFRA" type="xs:string" minOccurs="0" />
              </xs:sequence>
            </xs:complexType>
          </xs:element>
        </xs:choice>
      </xs:complexType>
    </xs:element>
  </xs:schema>
  <Prezzi>
    <Data>20150506</Data>
    <Mercato>MGP</Mercato>
    <Ora>1</Ora>
    <PUN>49,040000</PUN>
    <NAT>49,040000</NAT>
    <CNOR>49,040000</CNOR>
    <CSUD>49,040000</CSUD>
    <NORD>49,040000</NORD>
    <SARD>49,040000</SARD>
    <SICI>49,040000</SICI>
    <SUD>49,040000</SUD>
    <AUST>49,040000</AUST>
    <BRNN>49,040000</BRNN>
    <COAC>49,040000</COAC>
    <CORS>49,040000</CORS>
    <FOGN>49,040000</FOGN>
    <FRAN>49,040000</FRAN>
    <GREC>49,040000</GREC>
    <MFTV>49,040000</MFTV>
    <PRGP>49,040000</PRGP>
    <ROSN>49,040000</ROSN>
    <SLOV>49,040000</SLOV>
    <SVIZ>49,040000</SVIZ>
    <BSP>49,040000</BSP>
    <MALT>49,040000</MALT>
    <XAUS>49,040000</XAUS>
    <XFRA>49,040000</XFRA>
  </Prezzi>
  <Prezzi>
    <Data>20150506</Data>
    <Mercato>MGP</Mercato>
    <Ora>2</Ora>
    <PUN>42,510000</PUN>
    <NAT>42,510000</NAT>
    <CNOR>42,510000</CNOR>
    <CSUD>42,510000</CSUD>
    <NORD>42,510000</NORD>
    <SARD>42,510000</SARD>
    <SICI>42,510000</SICI>
    <SUD>42,510000</SUD>
    <AUST>42,510000</AUST>
    <BRNN>42,510000</BRNN>
    <COAC>42,510000</COAC>
    <CORS>42,510000</CORS>
    <FOGN>42,510000</FOGN>
    <FRAN>42,510000</FRAN>
    <GREC>42,510000</GREC>
    <MFTV>42,510000</MFTV>
    <PRGP>42,510000</PRGP>
    <ROSN>42,510000</ROSN>
    <SLOV>42,510000</SLOV>
    <SVIZ>42,510000</SVIZ>
    <BSP>42,510000</BSP>
    <MALT>42,510000</MALT>
    <XAUS>42,510000</XAUS>
    <XFRA>42,510000</XFRA>
  </Prezzi>
  <Prezzi>
    <Data>20150506</Data>
    <Mercato>MGP</Mercato>
    <Ora>3</Ora>
    <PUN>41,000000</PUN>
    <NAT>41,000000</NAT>
    <CNOR>41,000000</CNOR>
    <CSUD>41,000000</CSUD>
    <NORD>41,000000</NORD>
    <SARD>41,000000</SARD>
    <SICI>41,000000</SICI>
    <SUD>41,000000</SUD>
    <AUST>41,000000</AUST>
    <BRNN>41,000000</BRNN>
    <COAC>41,000000</COAC>
    <CORS>41,000000</CORS>
    <FOGN>41,000000</FOGN>
    <FRAN>41,000000</FRAN>
    <GREC>41,000000</GREC>
    <MFTV>41,000000</MFTV>
    <PRGP>41,000000</PRGP>
    <ROSN>41,000000</ROSN>
    <SLOV>41,000000</SLOV>
    <SVIZ>41,000000</SVIZ>
    <BSP>41,000000</BSP>
    <MALT>41,000000</MALT>
    <XAUS>41,000000</XAUS>
    <XFRA>41,000000</XFRA>
  </Prezzi>
  <Prezzi>
    <Data>20150506</Data>
    <Mercato>MGP</Mercato>
    <Ora>4</Ora>
    <PUN>38,500000</PUN>
    <NAT>38,500000</NAT>
    <CNOR>38,500000</CNOR>
    <CSUD>38,500000</CSUD>
    <NORD>38,500000</NORD>
    <SARD>38,500000</SARD>
    <SICI>38,500000</SICI>
    <SUD>38,500000</SUD>
    <AUST>38,500000</AUST>
    <BRNN>38,500000</BRNN>
    <COAC>38,500000</COAC>
    <CORS>38,500000</CORS>
    <FOGN>38,500000</FOGN>
    <FRAN>38,500000</FRAN>
    <GREC>38,500000</GREC>
    <MFTV>38,500000</MFTV>
    <PRGP>38,500000</PRGP>
    <ROSN>38,500000</ROSN>
    <SLOV>38,500000</SLOV>
    <SVIZ>38,500000</SVIZ>
    <BSP>38,500000</BSP>
    <MALT>38,500000</MALT>
    <XAUS>38,500000</XAUS>
    <XFRA>38,500000</XFRA>
  </Prezzi>
  <Prezzi>
    <Data>20150506</Data>
    <Mercato>MGP</Mercato>
    <Ora>5</Ora>
    <PUN>40,010000</PUN>
    <NAT>40,010000</NAT>
    <CNOR>40,010000</CNOR>
    <CSUD>40,010000</CSUD>
    <NORD>40,010000</NORD>
    <SARD>40,010000</SARD>
    <SICI>40,010000</SICI>
    <SUD>40,010000</SUD>
    <AUST>40,010000</AUST>
    <BRNN>40,010000</BRNN>
    <COAC>40,010000</COAC>
    <CORS>40,010000</CORS>
    <FOGN>40,010000</FOGN>
    <FRAN>40,010000</FRAN>
    <GREC>40,010000</GREC>
    <MFTV>40,010000</MFTV>
    <PRGP>40,010000</PRGP>
    <ROSN>40,010000</ROSN>
    <SLOV>40,010000</SLOV>
    <SVIZ>40,010000</SVIZ>
    <BSP>40,010000</BSP>
    <MALT>40,010000</MALT>
    <XAUS>40,010000</XAUS>
    <XFRA>40,010000</XFRA>
  </Prezzi>
  <Prezzi>
    <Data>20150506</Data>
    <Mercato>MGP</Mercato>
    <Ora>6</Ora>
    <PUN>43,380000</PUN>
    <NAT>43,380000</NAT>
    <CNOR>43,380000</CNOR>
    <CSUD>43,380000</CSUD>
    <NORD>43,380000</NORD>
    <SARD>43,380000</SARD>
    <SICI>43,380000</SICI>
    <SUD>43,380000</SUD>
    <AUST>43,380000</AUST>
    <BRNN>43,380000</BRNN>
    <COAC>43,380000</COAC>
    <CORS>43,380000</CORS>
    <FOGN>43,380000</FOGN>
    <FRAN>43,380000</FRAN>
    <GREC>43,380000</GREC>
    <MFTV>43,380000</MFTV>
    <PRGP>43,380000</PRGP>
    <ROSN>43,380000</ROSN>
    <SLOV>43,380000</SLOV>
    <SVIZ>43,380000</SVIZ>
    <BSP>43,380000</BSP>
    <MALT>43,380000</MALT>
    <XAUS>43,380000</XAUS>
    <XFRA>43,380000</XFRA>
  </Prezzi>
  <Prezzi>
    <Data>20150506</Data>
    <Mercato>MGP</Mercato>
    <Ora>7</Ora>
    <PUN>51,000000</PUN>
    <NAT>51,000000</NAT>
    <CNOR>51,000000</CNOR>
    <CSUD>51,000000</CSUD>
    <NORD>51,000000</NORD>
    <SARD>51,000000</SARD>
    <SICI>51,000000</SICI>
    <SUD>51,000000</SUD>
    <AUST>51,000000</AUST>
    <BRNN>51,000000</BRNN>
    <COAC>51,000000</COAC>
    <CORS>51,000000</CORS>
    <FOGN>51,000000</FOGN>
    <FRAN>51,000000</FRAN>
    <GREC>51,000000</GREC>
    <MFTV>51,000000</MFTV>
    <PRGP>51,000000</PRGP>
    <ROSN>51,000000</ROSN>
    <SLOV>51,000000</SLOV>
    <SVIZ>51,000000</SVIZ>
    <BSP>51,000000</BSP>
    <MALT>51,000000</MALT>
    <XAUS>51,000000</XAUS>
    <XFRA>51,000000</XFRA>
  </Prezzi>
  <Prezzi>
    <Data>20150506</Data>
    <Mercato>MGP</Mercato>
    <Ora>8</Ora>
    <PUN>60,998170</PUN>
    <NAT>60,990000</NAT>
    <CNOR>60,990000</CNOR>
    <CSUD>60,990000</CSUD>
    <NORD>60,990000</NORD>
    <SARD>60,990000</SARD>
    <SICI>61,150000</SICI>
    <SUD>60,990000</SUD>
    <AUST>60,990000</AUST>
    <BRNN>60,990000</BRNN>
    <COAC>60,990000</COAC>
    <CORS>60,990000</CORS>
    <FOGN>60,990000</FOGN>
    <FRAN>60,990000</FRAN>
    <GREC>60,990000</GREC>
    <MFTV>60,990000</MFTV>
    <PRGP>61,150000</PRGP>
    <ROSN>60,990000</ROSN>
    <SLOV>60,990000</SLOV>
    <SVIZ>60,990000</SVIZ>
    <BSP>60,990000</BSP>
    <MALT>61,150000</MALT>
    <XAUS>60,990000</XAUS>
    <XFRA>60,990000</XFRA>
  </Prezzi>
  <Prezzi>
    <Data>20150506</Data>
    <Mercato>MGP</Mercato>
    <Ora>9</Ora>
    <PUN>82,000000</PUN>
    <NAT>78,000000</NAT>
    <CNOR>85,150000</CNOR>
    <CSUD>79,990000</CSUD>
    <NORD>85,150000</NORD>
    <SARD>79,990000</SARD>
    <SICI>62,890000</SICI>
    <SUD>72,802260</SUD>
    <AUST>85,150000</AUST>
    <BRNN>72,802260</BRNN>
    <COAC>79,990000</COAC>
    <CORS>85,150000</CORS>
    <FOGN>72,802260</FOGN>
    <FRAN>85,150000</FRAN>
    <GREC>72,802260</GREC>
    <MFTV>85,150000</MFTV>
    <PRGP>62,890000</PRGP>
    <ROSN>72,802260</ROSN>
    <SLOV>85,150000</SLOV>
    <SVIZ>85,150000</SVIZ>
    <BSP>85,150000</BSP>
    <MALT>62,890000</MALT>
    <XAUS>85,150000</XAUS>
    <XFRA>85,150000</XFRA>
  </Prezzi>
  <Prezzi>
    <Data>20150506</Data>
    <Mercato>MGP</Mercato>
    <Ora>10</Ora>
    <PUN>82,000000</PUN>
    <NAT>69,980000</NAT>
    <CNOR>73,490000</CNOR>
    <CSUD>73,490000</CSUD>
    <NORD>92,348930</NORD>
    <SARD>73,490000</SARD>
    <SICI>61,150000</SICI>
    <SUD>49,740000</SUD>
    <AUST>92,348930</AUST>
    <BRNN>49,740000</BRNN>
    <COAC>73,490000</COAC>
    <CORS>73,490000</CORS>
    <FOGN>49,740000</FOGN>
    <FRAN>92,348930</FRAN>
    <GREC>49,740000</GREC>
    <MFTV>92,348930</MFTV>
    <PRGP>61,150000</PRGP>
    <ROSN>49,740000</ROSN>
    <SLOV>92,348930</SLOV>
    <SVIZ>92,348930</SVIZ>
    <BSP>92,348930</BSP>
    <MALT>61,150000</MALT>
    <XAUS>92,348930</XAUS>
    <XFRA>92,348930</XFRA>
  </Prezzi>
  <Prezzi>
    <Data>20150506</Data>
    <Mercato>MGP</Mercato>
    <Ora>11</Ora>
    <PUN>68,772130</PUN>
    <NAT>61,150000</NAT>
    <CNOR>75,000000</CNOR>
    <CSUD>63,990000</CSUD>
    <NORD>75,000000</NORD>
    <SARD>63,990000</SARD>
    <SICI>44,990000</SICI>
    <SUD>43,210000</SUD>
    <AUST>75,000000</AUST>
    <BRNN>43,210000</BRNN>
    <COAC>63,990000</COAC>
    <CORS>75,000000</CORS>
    <FOGN>43,210000</FOGN>
    <FRAN>75,000000</FRAN>
    <GREC>43,210000</GREC>
    <MFTV>75,000000</MFTV>
    <PRGP>44,990000</PRGP>
    <ROSN>43,210000</ROSN>
    <SLOV>75,000000</SLOV>
    <SVIZ>75,000000</SVIZ>
    <BSP>75,000000</BSP>
    <MALT>44,990000</MALT>
    <XAUS>75,000000</XAUS>
    <XFRA>75,000000</XFRA>
  </Prezzi>
  <Prezzi>
    <Data>20150506</Data>
    <Mercato>MGP</Mercato>
    <Ora>12</Ora>
    <PUN>64,896350</PUN>
    <NAT>57,530000</NAT>
    <CNOR>51,030000</CNOR>
    <CSUD>51,030000</CSUD>
    <NORD>76,410000</NORD>
    <SARD>51,030000</SARD>
    <SICI>41,000000</SICI>
    <SUD>41,000000</SUD>
    <AUST>76,410000</AUST>
    <BRNN>41,000000</BRNN>
    <COAC>51,030000</COAC>
    <CORS>51,030000</CORS>
    <FOGN>41,000000</FOGN>
    <FRAN>76,410000</FRAN>
    <GREC>41,000000</GREC>
    <MFTV>76,410000</MFTV>
    <PRGP>41,000000</PRGP>
    <ROSN>41,000000</ROSN>
    <SLOV>76,410000</SLOV>
    <SVIZ>76,410000</SVIZ>
    <BSP>76,410000</BSP>
    <MALT>41,000000</MALT>
    <XAUS>76,410000</XAUS>
    <XFRA>76,410000</XFRA>
  </Prezzi>
  <Prezzi>
    <Data>20150506</Data>
    <Mercato>MGP</Mercato>
    <Ora>13</Ora>
    <PUN>50,605170</PUN>
    <NAT>50,810000</NAT>
    <CNOR>44,730000</CNOR>
    <CSUD>44,730000</CSUD>
    <NORD>55,750000</NORD>
    <SARD>44,730000</SARD>
    <SICI>39,990000</SICI>
    <SUD>39,990000</SUD>
    <AUST>55,750000</AUST>
    <BRNN>39,990000</BRNN>
    <COAC>44,730000</COAC>
    <CORS>44,730000</CORS>
    <FOGN>39,990000</FOGN>
    <FRAN>55,750000</FRAN>
    <GREC>39,990000</GREC>
    <MFTV>55,750000</MFTV>
    <PRGP>39,990000</PRGP>
    <ROSN>39,990000</ROSN>
    <SLOV>55,750000</SLOV>
    <SVIZ>55,750000</SVIZ>
    <BSP>55,750000</BSP>
    <MALT>39,990000</MALT>
    <XAUS>55,750000</XAUS>
    <XFRA>55,750000</XFRA>
  </Prezzi>
  <Prezzi>
    <Data>20150506</Data>
    <Mercato>MGP</Mercato>
    <Ora>14</Ora>
    <PUN>50,952120</PUN>
    <NAT>51,000000</NAT>
    <CNOR>44,730000</CNOR>
    <CSUD>44,730000</CSUD>
    <NORD>56,060000</NORD>
    <SARD>44,730000</SARD>
    <SICI>39,990000</SICI>
    <SUD>39,990000</SUD>
    <AUST>56,060000</AUST>
    <BRNN>39,990000</BRNN>
    <COAC>44,730000</COAC>
    <CORS>44,730000</CORS>
    <FOGN>39,990000</FOGN>
    <FRAN>56,060000</FRAN>
    <GREC>39,990000</GREC>
    <MFTV>56,060000</MFTV>
    <PRGP>39,990000</PRGP>
    <ROSN>39,990000</ROSN>
    <SLOV>56,060000</SLOV>
    <SVIZ>56,060000</SVIZ>
    <BSP>56,060000</BSP>
    <MALT>39,990000</MALT>
    <XAUS>56,060000</XAUS>
    <XFRA>56,060000</XFRA>
  </Prezzi>
  <Prezzi>
    <Data>20150506</Data>
    <Mercato>MGP</Mercato>
    <Ora>15</Ora>
    <PUN>61,658800</PUN>
    <NAT>58,970000</NAT>
    <CNOR>69,030000</CNOR>
    <CSUD>51,120000</CSUD>
    <NORD>69,030000</NORD>
    <SARD>51,120000</SARD>
    <SICI>35,440000</SICI>
    <SUD>35,440000</SUD>
    <AUST>69,030000</AUST>
    <BRNN>35,440000</BRNN>
    <COAC>51,120000</COAC>
    <CORS>69,030000</CORS>
    <FOGN>35,440000</FOGN>
    <FRAN>69,030000</FRAN>
    <GREC>35,440000</GREC>
    <MFTV>69,030000</MFTV>
    <PRGP>35,440000</PRGP>
    <ROSN>35,440000</ROSN>
    <SLOV>69,030000</SLOV>
    <SVIZ>69,030000</SVIZ>
    <BSP>69,030000</BSP>
    <MALT>35,440000</MALT>
    <XAUS>69,030000</XAUS>
    <XFRA>69,030000</XFRA>
  </Prezzi>
  <Prezzi>
    <Data>20150506</Data>
    <Mercato>MGP</Mercato>
    <Ora>16</Ora>
    <PUN>72,110000</PUN>
    <NAT>61,150000</NAT>
    <CNOR>81,506790</CNOR>
    <CSUD>56,390000</CSUD>
    <NORD>81,506790</NORD>
    <SARD>56,390000</SARD>
    <SICI>41,420000</SICI>
    <SUD>41,420000</SUD>
    <AUST>81,506790</AUST>
    <BRNN>41,420000</BRNN>
    <COAC>56,390000</COAC>
    <CORS>81,506790</CORS>
    <FOGN>41,420000</FOGN>
    <FRAN>81,506790</FRAN>
    <GREC>41,420000</GREC>
    <MFTV>81,506790</MFTV>
    <PRGP>41,420000</PRGP>
    <ROSN>41,420000</ROSN>
    <SLOV>81,506790</SLOV>
    <SVIZ>81,506790</SVIZ>
    <BSP>81,506790</BSP>
    <MALT>41,420000</MALT>
    <XAUS>81,506790</XAUS>
    <XFRA>81,506790</XFRA>
  </Prezzi>
  <Prezzi>
    <Data>20150506</Data>
    <Mercato>MGP</Mercato>
    <Ora>17</Ora>
    <PUN>75,640000</PUN>
    <NAT>65,080000</NAT>
    <CNOR>82,277540</CNOR>
    <CSUD>63,990000</CSUD>
    <NORD>82,277540</NORD>
    <SARD>63,990000</SARD>
    <SICI>56,390000</SICI>
    <SUD>56,390000</SUD>
    <AUST>82,277540</AUST>
    <BRNN>56,390000</BRNN>
    <COAC>63,990000</COAC>
    <CORS>82,277540</CORS>
    <FOGN>56,390000</FOGN>
    <FRAN>82,277540</FRAN>
    <GREC>56,390000</GREC>
    <MFTV>82,277540</MFTV>
    <PRGP>56,390000</PRGP>
    <ROSN>56,390000</ROSN>
    <SLOV>82,277540</SLOV>
    <SVIZ>82,277540</SVIZ>
    <BSP>82,277540</BSP>
    <MALT>56,390000</MALT>
    <XAUS>82,277540</XAUS>
    <XFRA>82,277540</XFRA>
  </Prezzi>
  <Prezzi>
    <Data>20150506</Data>
    <Mercato>MGP</Mercato>
    <Ora>18</Ora>
    <PUN>63,548040</PUN>
    <NAT>62,890000</NAT>
    <CNOR>63,960000</CNOR>
    <CSUD>63,960000</CSUD>
    <NORD>63,960000</NORD>
    <SARD>63,960000</SARD>
    <SICI>61,150000</SICI>
    <SUD>61,150000</SUD>
    <AUST>63,960000</AUST>
    <BRNN>61,150000</BRNN>
    <COAC>63,960000</COAC>
    <CORS>63,960000</CORS>
    <FOGN>61,150000</FOGN>
    <FRAN>63,960000</FRAN>
    <GREC>61,150000</GREC>
    <MFTV>63,960000</MFTV>
    <PRGP>61,150000</PRGP>
    <ROSN>61,150000</ROSN>
    <SLOV>63,960000</SLOV>
    <SVIZ>63,960000</SVIZ>
    <BSP>63,960000</BSP>
    <MALT>61,150000</MALT>
    <XAUS>63,960000</XAUS>
    <XFRA>63,960000</XFRA>
  </Prezzi>
  <Prezzi>
    <Data>20150506</Data>
    <Mercato>MGP</Mercato>
    <Ora>19</Ora>
    <PUN>58,158350</PUN>
    <NAT>59,010000</NAT>
    <CNOR>58,000000</CNOR>
    <CSUD>58,000000</CSUD>
    <NORD>58,000000</NORD>
    <SARD>58,000000</SARD>
    <SICI>61,150000</SICI>
    <SUD>58,000000</SUD>
    <AUST>58,000000</AUST>
    <BRNN>58,000000</BRNN>
    <COAC>58,000000</COAC>
    <CORS>58,000000</CORS>
    <FOGN>58,000000</FOGN>
    <FRAN>58,000000</FRAN>
    <GREC>58,000000</GREC>
    <MFTV>58,000000</MFTV>
    <PRGP>61,150000</PRGP>
    <ROSN>58,000000</ROSN>
    <SLOV>58,000000</SLOV>
    <SVIZ>58,000000</SVIZ>
    <BSP>58,000000</BSP>
    <MALT>61,150000</MALT>
    <XAUS>58,000000</XAUS>
    <XFRA>58,000000</XFRA>
  </Prezzi>
  <Prezzi>
    <Data>20150506</Data>
    <Mercato>MGP</Mercato>
    <Ora>20</Ora>
    <PUN>62,890000</PUN>
    <NAT>62,890000</NAT>
    <CNOR>62,890000</CNOR>
    <CSUD>62,890000</CSUD>
    <NORD>62,890000</NORD>
    <SARD>62,890000</SARD>
    <SICI>62,890000</SICI>
    <SUD>62,890000</SUD>
    <AUST>62,890000</AUST>
    <BRNN>62,890000</BRNN>
    <COAC>62,890000</COAC>
    <CORS>62,890000</CORS>
    <FOGN>62,890000</FOGN>
    <FRAN>62,890000</FRAN>
    <GREC>62,890000</GREC>
    <MFTV>62,890000</MFTV>
    <PRGP>62,890000</PRGP>
    <ROSN>62,890000</ROSN>
    <SLOV>62,890000</SLOV>
    <SVIZ>62,890000</SVIZ>
    <BSP>62,890000</BSP>
    <MALT>62,890000</MALT>
    <XAUS>62,890000</XAUS>
    <XFRA>62,890000</XFRA>
  </Prezzi>
  <Prezzi>
    <Data>20150506</Data>
    <Mercato>MGP</Mercato>
    <Ora>21</Ora>
    <PUN>85,390000</PUN>
    <NAT>85,390000</NAT>
    <CNOR>84,759830</CNOR>
    <CSUD>84,759830</CSUD>
    <NORD>84,759830</NORD>
    <SARD>84,759830</SARD>
    <SICI>94,990000</SICI>
    <SUD>84,759830</SUD>
    <AUST>84,759830</AUST>
    <BRNN>84,759830</BRNN>
    <COAC>84,759830</COAC>
    <CORS>84,759830</CORS>
    <FOGN>84,759830</FOGN>
    <FRAN>84,759830</FRAN>
    <GREC>84,759830</GREC>
    <MFTV>84,759830</MFTV>
    <PRGP>94,990000</PRGP>
    <ROSN>84,759830</ROSN>
    <SLOV>84,759830</SLOV>
    <SVIZ>84,759830</SVIZ>
    <BSP>84,759830</BSP>
    <MALT>94,990000</MALT>
    <XAUS>84,759830</XAUS>
    <XFRA>84,759830</XFRA>
  </Prezzi>
  <Prezzi>
    <Data>20150506</Data>
    <Mercato>MGP</Mercato>
    <Ora>22</Ora>
    <PUN>65,990000</PUN>
    <NAT>65,990000</NAT>
    <CNOR>65,990000</CNOR>
    <CSUD>65,990000</CSUD>
    <NORD>65,990000</NORD>
    <SARD>65,990000</SARD>
    <SICI>65,990000</SICI>
    <SUD>65,990000</SUD>
    <AUST>65,990000</AUST>
    <BRNN>65,990000</BRNN>
    <COAC>65,990000</COAC>
    <CORS>65,990000</CORS>
    <FOGN>65,990000</FOGN>
    <FRAN>65,990000</FRAN>
    <GREC>65,990000</GREC>
    <MFTV>65,990000</MFTV>
    <PRGP>65,990000</PRGP>
    <ROSN>65,990000</ROSN>
    <SLOV>65,990000</SLOV>
    <SVIZ>65,990000</SVIZ>
    <BSP>65,990000</BSP>
    <MALT>65,990000</MALT>
    <XAUS>65,990000</XAUS>
    <XFRA>65,990000</XFRA>
  </Prezzi>
  <Prezzi>
    <Data>20150506</Data>
    <Mercato>MGP</Mercato>
    <Ora>23</Ora>
    <PUN>55,366010</PUN>
    <NAT>56,580000</NAT>
    <CNOR>54,890000</CNOR>
    <CSUD>54,890000</CSUD>
    <NORD>54,890000</NORD>
    <SARD>54,890000</SARD>
    <SICI>62,890000</SICI>
    <SUD>54,890000</SUD>
    <AUST>54,890000</AUST>
    <BRNN>54,890000</BRNN>
    <COAC>54,890000</COAC>
    <CORS>54,890000</CORS>
    <FOGN>54,890000</FOGN>
    <FRAN>54,890000</FRAN>
    <GREC>54,890000</GREC>
    <MFTV>54,890000</MFTV>
    <PRGP>62,890000</PRGP>
    <ROSN>54,890000</ROSN>
    <SLOV>54,890000</SLOV>
    <SVIZ>54,890000</SVIZ>
    <BSP>54,890000</BSP>
    <MALT>62,890000</MALT>
    <XAUS>54,890000</XAUS>
    <XFRA>54,890000</XFRA>
  </Prezzi>
  <Prezzi>
    <Data>20150506</Data>
    <Mercato>MGP</Mercato>
    <Ora>24</Ora>
    <PUN>50,579170</PUN>
    <NAT>50,330000</NAT>
    <CNOR>50,000000</CNOR>
    <CSUD>50,000000</CSUD>
    <NORD>50,000000</NORD>
    <SARD>50,000000</SARD>
    <SICI>60,400000</SICI>
    <SUD>50,000000</SUD>
    <AUST>50,000000</AUST>
    <BRNN>50,000000</BRNN>
    <COAC>50,000000</COAC>
    <CORS>50,000000</CORS>
    <FOGN>50,000000</FOGN>
    <FRAN>50,000000</FRAN>
    <GREC>50,000000</GREC>
    <MFTV>50,000000</MFTV>
    <PRGP>60,400000</PRGP>
    <ROSN>50,000000</ROSN>
    <SLOV>50,000000</SLOV>
    <SVIZ>50,000000</SVIZ>
    <BSP>50,000000</BSP>
    <MALT>60,400000</MALT>
    <XAUS>50,000000</XAUS>
    <XFRA>50,000000</XFRA>
  </Prezzi>
</NewDataSet>