<?xml version="1.0" standalone="yes"?>
<NewDataSet>
  <xs:schema id="NewDataSet" xmlns="" xmlns:xs="http://www.w3.org/2001/XMLSchema" xmlns:msdata="urn:schemas-microsoft-com:xml-msdata">
    <xs:element name="NewDataSet" msdata:IsDataSet="true" msdata:UseCurrentLocale="true">
      <xs:complexType>
        <xs:choice minOccurs="0" maxOccurs="unbounded">
          <xs:element name="StimeFabbisogno">
            <xs:complexType>
              <xs:sequence>
                <xs:element name="Data" type="xs:string" minOccurs="0" />
                <xs:element name="Mercato" type="xs:string" minOccurs="0" />
                <xs:element name="Ora" type="xs:string" minOccurs="0" />
                <xs:element name="Totale" type="xs:string" minOccurs="0" />
                <xs:element name="CNOR" type="xs:string" minOccurs="0" />
                <xs:element name="CSUD" type="xs:string" minOccurs="0" />
                <xs:element name="NORD" type="xs:string" minOccurs="0" />
                <xs:element name="SARD" type="xs:string" minOccurs="0" />
                <xs:element name="SICI" type="xs:string" minOccurs="0" />
                <xs:element name="SUD" type="xs:string" minOccurs="0" />
              </xs:sequence>
            </xs:complexType>
          </xs:element>
        </xs:choice>
      </xs:complexType>
    </xs:element>
  </xs:schema>
  <StimeFabbisogno>
    <Data>20140112</Data>
    <Mercato>MGP</Mercato>
    <Ora>1</Ora>
    <Totale>25066</Totale>
    <CNOR>2651</CNOR>
    <CSUD>4285</CSUD>
    <NORD>13150</NORD>
    <SARD>843</SARD>
    <SICI>1838</SICI>
    <SUD>2299</SUD>
  </StimeFabbisogno>
  <StimeFabbisogno>
    <Data>20140112</Data>
    <Mercato>MGP</Mercato>
    <Ora>2</Ora>
    <Totale>23170</Totale>
    <CNOR>2483</CNOR>
    <CSUD>3880</CSUD>
    <NORD>12318</NORD>
    <SARD>779</SARD>
    <SICI>1645</SICI>
    <SUD>2065</SUD>
  </StimeFabbisogno>
  <StimeFabbisogno>
    <Data>20140112</Data>
    <Mercato>MGP</Mercato>
    <Ora>3</Ora>
    <Totale>22221</Totale>
    <CNOR>2381</CNOR>
    <CSUD>3630</CSUD>
    <NORD>12028</NORD>
    <SARD>747</SARD>
    <SICI>1527</SICI>
    <SUD>1908</SUD>
  </StimeFabbisogno>
  <StimeFabbisogno>
    <Data>20140112</Data>
    <Mercato>MGP</Mercato>
    <Ora>4</Ora>
    <Totale>21588</Totale>
    <CNOR>2314</CNOR>
    <CSUD>3487</CSUD>
    <NORD>11759</NORD>
    <SARD>735</SARD>
    <SICI>1457</SICI>
    <SUD>1836</SUD>
  </StimeFabbisogno>
  <StimeFabbisogno>
    <Data>20140112</Data>
    <Mercato>MGP</Mercato>
    <Ora>5</Ora>
    <Totale>21469</Totale>
    <CNOR>2284</CNOR>
    <CSUD>3413</CSUD>
    <NORD>11776</NORD>
    <SARD>732</SARD>
    <SICI>1436</SICI>
    <SUD>1828</SUD>
  </StimeFabbisogno>
  <StimeFabbisogno>
    <Data>20140112</Data>
    <Mercato>MGP</Mercato>
    <Ora>6</Ora>
    <Totale>21779</Totale>
    <CNOR>2314</CNOR>
    <CSUD>3439</CSUD>
    <NORD>11943</NORD>
    <SARD>749</SARD>
    <SICI>1460</SICI>
    <SUD>1874</SUD>
  </StimeFabbisogno>
  <StimeFabbisogno>
    <Data>20140112</Data>
    <Mercato>MGP</Mercato>
    <Ora>7</Ora>
    <Totale>23068</Totale>
    <CNOR>2434</CNOR>
    <CSUD>3642</CSUD>
    <NORD>12683</NORD>
    <SARD>800</SARD>
    <SICI>1528</SICI>
    <SUD>1981</SUD>
  </StimeFabbisogno>
  <StimeFabbisogno>
    <Data>20140112</Data>
    <Mercato>MGP</Mercato>
    <Ora>8</Ora>
    <Totale>24670</Totale>
    <CNOR>2477</CNOR>
    <CSUD>3951</CSUD>
    <NORD>13609</NORD>
    <SARD>880</SARD>
    <SICI>1660</SICI>
    <SUD>2093</SUD>
  </StimeFabbisogno>
  <StimeFabbisogno>
    <Data>20140112</Data>
    <Mercato>MGP</Mercato>
    <Ora>9</Ora>
    <Totale>26200</Totale>
    <CNOR>2598</CNOR>
    <CSUD>4334</CSUD>
    <NORD>14092</NORD>
    <SARD>920</SARD>
    <SICI>1936</SICI>
    <SUD>2320</SUD>
  </StimeFabbisogno>
  <StimeFabbisogno>
    <Data>20140112</Data>
    <Mercato>MGP</Mercato>
    <Ora>10</Ora>
    <Totale>28873</Totale>
    <CNOR>2883</CNOR>
    <CSUD>4953</CSUD>
    <NORD>15158</NORD>
    <SARD>1007</SARD>
    <SICI>2202</SICI>
    <SUD>2670</SUD>
  </StimeFabbisogno>
  <StimeFabbisogno>
    <Data>20140112</Data>
    <Mercato>MGP</Mercato>
    <Ora>11</Ora>
    <Totale>30558</Totale>
    <CNOR>3086</CNOR>
    <CSUD>5340</CSUD>
    <NORD>16131</NORD>
    <SARD>1022</SARD>
    <SICI>2282</SICI>
    <SUD>2697</SUD>
  </StimeFabbisogno>
  <StimeFabbisogno>
    <Data>20140112</Data>
    <Mercato>MGP</Mercato>
    <Ora>12</Ora>
    <Totale>31530</Totale>
    <CNOR>3219</CNOR>
    <CSUD>5522</CSUD>
    <NORD>16792</NORD>
    <SARD>1012</SARD>
    <SICI>2290</SICI>
    <SUD>2695</SUD>
  </StimeFabbisogno>
  <StimeFabbisogno>
    <Data>20140112</Data>
    <Mercato>MGP</Mercato>
    <Ora>13</Ora>
    <Totale>30771</Totale>
    <CNOR>3055</CNOR>
    <CSUD>5567</CSUD>
    <NORD>16138</NORD>
    <SARD>1007</SARD>
    <SICI>2293</SICI>
    <SUD>2711</SUD>
  </StimeFabbisogno>
  <StimeFabbisogno>
    <Data>20140112</Data>
    <Mercato>MGP</Mercato>
    <Ora>14</Ora>
    <Totale>29182</Totale>
    <CNOR>2886</CNOR>
    <CSUD>5370</CSUD>
    <NORD>15299</NORD>
    <SARD>923</SARD>
    <SICI>2198</SICI>
    <SUD>2506</SUD>
  </StimeFabbisogno>
  <StimeFabbisogno>
    <Data>20140112</Data>
    <Mercato>MGP</Mercato>
    <Ora>15</Ora>
    <Totale>28849</Totale>
    <CNOR>2817</CNOR>
    <CSUD>5290</CSUD>
    <NORD>15210</NORD>
    <SARD>917</SARD>
    <SICI>2174</SICI>
    <SUD>2441</SUD>
  </StimeFabbisogno>
  <StimeFabbisogno>
    <Data>20140112</Data>
    <Mercato>MGP</Mercato>
    <Ora>16</Ora>
    <Totale>29052</Totale>
    <CNOR>2911</CNOR>
    <CSUD>5192</CSUD>
    <NORD>15258</NORD>
    <SARD>933</SARD>
    <SICI>2235</SICI>
    <SUD>2523</SUD>
  </StimeFabbisogno>
  <StimeFabbisogno>
    <Data>20140112</Data>
    <Mercato>MGP</Mercato>
    <Ora>17</Ora>
    <Totale>29981</Totale>
    <CNOR>3115</CNOR>
    <CSUD>5110</CSUD>
    <NORD>16014</NORD>
    <SARD>960</SARD>
    <SICI>2185</SICI>
    <SUD>2597</SUD>
  </StimeFabbisogno>
  <StimeFabbisogno>
    <Data>20140112</Data>
    <Mercato>MGP</Mercato>
    <Ora>18</Ora>
    <Totale>33017</Totale>
    <CNOR>3284</CNOR>
    <CSUD>5580</CSUD>
    <NORD>17749</NORD>
    <SARD>1076</SARD>
    <SICI>2323</SICI>
    <SUD>3005</SUD>
  </StimeFabbisogno>
  <StimeFabbisogno>
    <Data>20140112</Data>
    <Mercato>MGP</Mercato>
    <Ora>19</Ora>
    <Totale>34096</Totale>
    <CNOR>3369</CNOR>
    <CSUD>5675</CSUD>
    <NORD>18415</NORD>
    <SARD>1167</SARD>
    <SICI>2423</SICI>
    <SUD>3047</SUD>
  </StimeFabbisogno>
  <StimeFabbisogno>
    <Data>20140112</Data>
    <Mercato>MGP</Mercato>
    <Ora>20</Ora>
    <Totale>34389</Totale>
    <CNOR>3480</CNOR>
    <CSUD>5741</CSUD>
    <NORD>18413</NORD>
    <SARD>1202</SARD>
    <SICI>2475</SICI>
    <SUD>3078</SUD>
  </StimeFabbisogno>
  <StimeFabbisogno>
    <Data>20140112</Data>
    <Mercato>MGP</Mercato>
    <Ora>21</Ora>
    <Totale>33709</Totale>
    <CNOR>3429</CNOR>
    <CSUD>5685</CSUD>
    <NORD>17789</NORD>
    <SARD>1210</SARD>
    <SICI>2532</SICI>
    <SUD>3064</SUD>
  </StimeFabbisogno>
  <StimeFabbisogno>
    <Data>20140112</Data>
    <Mercato>MGP</Mercato>
    <Ora>22</Ora>
    <Totale>31952</Totale>
    <CNOR>3293</CNOR>
    <CSUD>5300</CSUD>
    <NORD>16746</NORD>
    <SARD>1165</SARD>
    <SICI>2453</SICI>
    <SUD>2995</SUD>
  </StimeFabbisogno>
  <StimeFabbisogno>
    <Data>20140112</Data>
    <Mercato>MGP</Mercato>
    <Ora>23</Ora>
    <Totale>29701</Totale>
    <CNOR>3117</CNOR>
    <CSUD>4835</CSUD>
    <NORD>15596</NORD>
    <SARD>1088</SARD>
    <SICI>2257</SICI>
    <SUD>2808</SUD>
  </StimeFabbisogno>
  <StimeFabbisogno>
    <Data>20140112</Data>
    <Mercato>MGP</Mercato>
    <Ora>24</Ora>
    <Totale>26711</Totale>
    <CNOR>2725</CNOR>
    <CSUD>4315</CSUD>
    <NORD>14296</NORD>
    <SARD>981</SARD>
    <SICI>1992</SICI>
    <SUD>2402</SUD>
  </StimeFabbisogno>
</NewDataSet>