<?xml version="1.0" standalone="yes"?>
<NewDataSet>
  <xs:schema id="NewDataSet" xmlns="" xmlns:xs="http://www.w3.org/2001/XMLSchema" xmlns:msdata="urn:schemas-microsoft-com:xml-msdata">
    <xs:element name="NewDataSet" msdata:IsDataSet="true" msdata:UseCurrentLocale="true">
      <xs:complexType>
        <xs:choice minOccurs="0" maxOccurs="unbounded">
          <xs:element name="StimeFabbisogno">
            <xs:complexType>
              <xs:sequence>
                <xs:element name="Data" type="xs:string" minOccurs="0" />
                <xs:element name="Mercato" type="xs:string" minOccurs="0" />
                <xs:element name="Ora" type="xs:string" minOccurs="0" />
                <xs:element name="Totale" type="xs:string" minOccurs="0" />
                <xs:element name="CNOR" type="xs:string" minOccurs="0" />
                <xs:element name="CSUD" type="xs:string" minOccurs="0" />
                <xs:element name="NORD" type="xs:string" minOccurs="0" />
                <xs:element name="SARD" type="xs:string" minOccurs="0" />
                <xs:element name="SICI" type="xs:string" minOccurs="0" />
                <xs:element name="SUD" type="xs:string" minOccurs="0" />
              </xs:sequence>
            </xs:complexType>
          </xs:element>
        </xs:choice>
      </xs:complexType>
    </xs:element>
  </xs:schema>
  <StimeFabbisogno>
    <Data>20140102</Data>
    <Mercato>MGP</Mercato>
    <Ora>1</Ora>
    <Totale>21243</Totale>
    <CNOR>2562</CNOR>
    <CSUD>3603</CSUD>
    <NORD>10258</NORD>
    <SARD>794</SARD>
    <SICI>1789</SICI>
    <SUD>2237</SUD>
  </StimeFabbisogno>
  <StimeFabbisogno>
    <Data>20140102</Data>
    <Mercato>MGP</Mercato>
    <Ora>2</Ora>
    <Totale>19726</Totale>
    <CNOR>2446</CNOR>
    <CSUD>3199</CSUD>
    <NORD>9534</NORD>
    <SARD>736</SARD>
    <SICI>1617</SICI>
    <SUD>2194</SUD>
  </StimeFabbisogno>
  <StimeFabbisogno>
    <Data>20140102</Data>
    <Mercato>MGP</Mercato>
    <Ora>3</Ora>
    <Totale>18856</Totale>
    <CNOR>2336</CNOR>
    <CSUD>3029</CSUD>
    <NORD>9201</NORD>
    <SARD>704</SARD>
    <SICI>1507</SICI>
    <SUD>2079</SUD>
  </StimeFabbisogno>
  <StimeFabbisogno>
    <Data>20140102</Data>
    <Mercato>MGP</Mercato>
    <Ora>4</Ora>
    <Totale>18557</Totale>
    <CNOR>2335</CNOR>
    <CSUD>2873</CSUD>
    <NORD>9170</NORD>
    <SARD>697</SARD>
    <SICI>1454</SICI>
    <SUD>2028</SUD>
  </StimeFabbisogno>
  <StimeFabbisogno>
    <Data>20140102</Data>
    <Mercato>MGP</Mercato>
    <Ora>5</Ora>
    <Totale>18837</Totale>
    <CNOR>2383</CNOR>
    <CSUD>2901</CSUD>
    <NORD>9421</NORD>
    <SARD>699</SARD>
    <SICI>1440</SICI>
    <SUD>1993</SUD>
  </StimeFabbisogno>
  <StimeFabbisogno>
    <Data>20140102</Data>
    <Mercato>MGP</Mercato>
    <Ora>6</Ora>
    <Totale>20365</Totale>
    <CNOR>2535</CNOR>
    <CSUD>3105</CSUD>
    <NORD>10413</NORD>
    <SARD>724</SARD>
    <SICI>1505</SICI>
    <SUD>2083</SUD>
  </StimeFabbisogno>
  <StimeFabbisogno>
    <Data>20140102</Data>
    <Mercato>MGP</Mercato>
    <Ora>7</Ora>
    <Totale>23959</Totale>
    <CNOR>2953</CNOR>
    <CSUD>3737</CSUD>
    <NORD>12571</NORD>
    <SARD>814</SARD>
    <SICI>1642</SICI>
    <SUD>2242</SUD>
  </StimeFabbisogno>
  <StimeFabbisogno>
    <Data>20140102</Data>
    <Mercato>MGP</Mercato>
    <Ora>8</Ora>
    <Totale>28288</Totale>
    <CNOR>3427</CNOR>
    <CSUD>4437</CSUD>
    <NORD>15221</NORD>
    <SARD>928</SARD>
    <SICI>1810</SICI>
    <SUD>2465</SUD>
  </StimeFabbisogno>
  <StimeFabbisogno>
    <Data>20140102</Data>
    <Mercato>MGP</Mercato>
    <Ora>9</Ora>
    <Totale>31999</Totale>
    <CNOR>3791</CNOR>
    <CSUD>5026</CSUD>
    <NORD>17050</NORD>
    <SARD>1038</SARD>
    <SICI>2103</SICI>
    <SUD>2991</SUD>
  </StimeFabbisogno>
  <StimeFabbisogno>
    <Data>20140102</Data>
    <Mercato>MGP</Mercato>
    <Ora>10</Ora>
    <Totale>35068</Totale>
    <CNOR>4170</CNOR>
    <CSUD>5578</CSUD>
    <NORD>18429</NORD>
    <SARD>1106</SARD>
    <SICI>2385</SICI>
    <SUD>3400</SUD>
  </StimeFabbisogno>
  <StimeFabbisogno>
    <Data>20140102</Data>
    <Mercato>MGP</Mercato>
    <Ora>11</Ora>
    <Totale>36322</Totale>
    <CNOR>4219</CNOR>
    <CSUD>5734</CSUD>
    <NORD>19144</NORD>
    <SARD>1099</SARD>
    <SICI>2467</SICI>
    <SUD>3659</SUD>
  </StimeFabbisogno>
  <StimeFabbisogno>
    <Data>20140102</Data>
    <Mercato>MGP</Mercato>
    <Ora>12</Ora>
    <Totale>37078</Totale>
    <CNOR>4216</CNOR>
    <CSUD>5894</CSUD>
    <NORD>19668</NORD>
    <SARD>1107</SARD>
    <SICI>2480</SICI>
    <SUD>3713</SUD>
  </StimeFabbisogno>
  <StimeFabbisogno>
    <Data>20140102</Data>
    <Mercato>MGP</Mercato>
    <Ora>13</Ora>
    <Totale>35986</Totale>
    <CNOR>4082</CNOR>
    <CSUD>6113</CSUD>
    <NORD>18478</NORD>
    <SARD>1092</SARD>
    <SICI>2549</SICI>
    <SUD>3672</SUD>
  </StimeFabbisogno>
  <StimeFabbisogno>
    <Data>20140102</Data>
    <Mercato>MGP</Mercato>
    <Ora>14</Ora>
    <Totale>34548</Totale>
    <CNOR>4108</CNOR>
    <CSUD>5824</CSUD>
    <NORD>18021</NORD>
    <SARD>1020</SARD>
    <SICI>2437</SICI>
    <SUD>3138</SUD>
  </StimeFabbisogno>
  <StimeFabbisogno>
    <Data>20140102</Data>
    <Mercato>MGP</Mercato>
    <Ora>15</Ora>
    <Totale>34785</Totale>
    <CNOR>4426</CNOR>
    <CSUD>6246</CSUD>
    <NORD>18430</NORD>
    <SARD>1010</SARD>
    <SICI>2280</SICI>
    <SUD>2393</SUD>
  </StimeFabbisogno>
  <StimeFabbisogno>
    <Data>20140102</Data>
    <Mercato>MGP</Mercato>
    <Ora>16</Ora>
    <Totale>35102</Totale>
    <CNOR>4428</CNOR>
    <CSUD>6426</CSUD>
    <NORD>18515</NORD>
    <SARD>999</SARD>
    <SICI>2282</SICI>
    <SUD>2452</SUD>
  </StimeFabbisogno>
  <StimeFabbisogno>
    <Data>20140102</Data>
    <Mercato>MGP</Mercato>
    <Ora>17</Ora>
    <Totale>36234</Totale>
    <CNOR>4331</CNOR>
    <CSUD>6414</CSUD>
    <NORD>18891</NORD>
    <SARD>1039</SARD>
    <SICI>2443</SICI>
    <SUD>3116</SUD>
  </StimeFabbisogno>
  <StimeFabbisogno>
    <Data>20140102</Data>
    <Mercato>MGP</Mercato>
    <Ora>18</Ora>
    <Totale>39484</Totale>
    <CNOR>4625</CNOR>
    <CSUD>6906</CSUD>
    <NORD>20493</NORD>
    <SARD>1157</SARD>
    <SICI>2741</SICI>
    <SUD>3562</SUD>
  </StimeFabbisogno>
  <StimeFabbisogno>
    <Data>20140102</Data>
    <Mercato>MGP</Mercato>
    <Ora>19</Ora>
    <Totale>39254</Totale>
    <CNOR>4598</CNOR>
    <CSUD>6827</CSUD>
    <NORD>20312</NORD>
    <SARD>1214</SARD>
    <SICI>2780</SICI>
    <SUD>3523</SUD>
  </StimeFabbisogno>
  <StimeFabbisogno>
    <Data>20140102</Data>
    <Mercato>MGP</Mercato>
    <Ora>20</Ora>
    <Totale>37669</Totale>
    <CNOR>4461</CNOR>
    <CSUD>6743</CSUD>
    <NORD>19140</NORD>
    <SARD>1210</SARD>
    <SICI>2670</SICI>
    <SUD>3445</SUD>
  </StimeFabbisogno>
  <StimeFabbisogno>
    <Data>20140102</Data>
    <Mercato>MGP</Mercato>
    <Ora>21</Ora>
    <Totale>35095</Totale>
    <CNOR>4120</CNOR>
    <CSUD>6352</CSUD>
    <NORD>17717</NORD>
    <SARD>1155</SARD>
    <SICI>2537</SICI>
    <SUD>3214</SUD>
  </StimeFabbisogno>
  <StimeFabbisogno>
    <Data>20140102</Data>
    <Mercato>MGP</Mercato>
    <Ora>22</Ora>
    <Totale>32472</Totale>
    <CNOR>3833</CNOR>
    <CSUD>5935</CSUD>
    <NORD>16258</NORD>
    <SARD>1076</SARD>
    <SICI>2355</SICI>
    <SUD>3015</SUD>
  </StimeFabbisogno>
  <StimeFabbisogno>
    <Data>20140102</Data>
    <Mercato>MGP</Mercato>
    <Ora>23</Ora>
    <Totale>29393</Totale>
    <CNOR>3462</CNOR>
    <CSUD>5341</CSUD>
    <NORD>14649</NORD>
    <SARD>995</SARD>
    <SICI>2126</SICI>
    <SUD>2820</SUD>
  </StimeFabbisogno>
  <StimeFabbisogno>
    <Data>20140102</Data>
    <Mercato>MGP</Mercato>
    <Ora>24</Ora>
    <Totale>26349</Totale>
    <CNOR>3085</CNOR>
    <CSUD>4734</CSUD>
    <NORD>13265</NORD>
    <SARD>921</SARD>
    <SICI>1876</SICI>
    <SUD>2468</SUD>
  </StimeFabbisogno>
</NewDataSet>