<?xml version="1.0" standalone="yes"?>
<NewDataSet>
  <xs:schema id="NewDataSet" xmlns="" xmlns:xs="http://www.w3.org/2001/XMLSchema" xmlns:msdata="urn:schemas-microsoft-com:xml-msdata">
    <xs:element name="NewDataSet" msdata:IsDataSet="true" msdata:UseCurrentLocale="true">
      <xs:complexType>
        <xs:choice minOccurs="0" maxOccurs="unbounded">
          <xs:element name="StimeFabbisogno">
            <xs:complexType>
              <xs:sequence>
                <xs:element name="Data" type="xs:string" minOccurs="0" />
                <xs:element name="Mercato" type="xs:string" minOccurs="0" />
                <xs:element name="Ora" type="xs:string" minOccurs="0" />
                <xs:element name="Totale" type="xs:string" minOccurs="0" />
                <xs:element name="CNOR" type="xs:string" minOccurs="0" />
                <xs:element name="CSUD" type="xs:string" minOccurs="0" />
                <xs:element name="NORD" type="xs:string" minOccurs="0" />
                <xs:element name="SARD" type="xs:string" minOccurs="0" />
                <xs:element name="SICI" type="xs:string" minOccurs="0" />
                <xs:element name="SUD" type="xs:string" minOccurs="0" />
              </xs:sequence>
            </xs:complexType>
          </xs:element>
        </xs:choice>
      </xs:complexType>
    </xs:element>
  </xs:schema>
  <StimeFabbisogno>
    <Data>20140103</Data>
    <Mercato>MGP</Mercato>
    <Ora>1</Ora>
    <Totale>24489</Totale>
    <CNOR>3011</CNOR>
    <CSUD>3953</CSUD>
    <NORD>12291</NORD>
    <SARD>826</SARD>
    <SICI>1805</SICI>
    <SUD>2603</SUD>
  </StimeFabbisogno>
  <StimeFabbisogno>
    <Data>20140103</Data>
    <Mercato>MGP</Mercato>
    <Ora>2</Ora>
    <Totale>22816</Totale>
    <CNOR>2908</CNOR>
    <CSUD>3431</CSUD>
    <NORD>11611</NORD>
    <SARD>764</SARD>
    <SICI>1629</SICI>
    <SUD>2473</SUD>
  </StimeFabbisogno>
  <StimeFabbisogno>
    <Data>20140103</Data>
    <Mercato>MGP</Mercato>
    <Ora>3</Ora>
    <Totale>21776</Totale>
    <CNOR>2777</CNOR>
    <CSUD>3227</CSUD>
    <NORD>11142</NORD>
    <SARD>735</SARD>
    <SICI>1527</SICI>
    <SUD>2368</SUD>
  </StimeFabbisogno>
  <StimeFabbisogno>
    <Data>20140103</Data>
    <Mercato>MGP</Mercato>
    <Ora>4</Ora>
    <Totale>21527</Totale>
    <CNOR>2758</CNOR>
    <CSUD>3065</CSUD>
    <NORD>11187</NORD>
    <SARD>725</SARD>
    <SICI>1473</SICI>
    <SUD>2319</SUD>
  </StimeFabbisogno>
  <StimeFabbisogno>
    <Data>20140103</Data>
    <Mercato>MGP</Mercato>
    <Ora>5</Ora>
    <Totale>21689</Totale>
    <CNOR>2773</CNOR>
    <CSUD>3098</CSUD>
    <NORD>11347</NORD>
    <SARD>722</SARD>
    <SICI>1464</SICI>
    <SUD>2285</SUD>
  </StimeFabbisogno>
  <StimeFabbisogno>
    <Data>20140103</Data>
    <Mercato>MGP</Mercato>
    <Ora>6</Ora>
    <Totale>22909</Totale>
    <CNOR>2903</CNOR>
    <CSUD>3292</CSUD>
    <NORD>12024</NORD>
    <SARD>753</SARD>
    <SICI>1538</SICI>
    <SUD>2399</SUD>
  </StimeFabbisogno>
  <StimeFabbisogno>
    <Data>20140103</Data>
    <Mercato>MGP</Mercato>
    <Ora>7</Ora>
    <Totale>26231</Totale>
    <CNOR>3328</CNOR>
    <CSUD>3889</CSUD>
    <NORD>13919</NORD>
    <SARD>816</SARD>
    <SICI>1698</SICI>
    <SUD>2581</SUD>
  </StimeFabbisogno>
  <StimeFabbisogno>
    <Data>20140103</Data>
    <Mercato>MGP</Mercato>
    <Ora>8</Ora>
    <Totale>30578</Totale>
    <CNOR>3793</CNOR>
    <CSUD>4640</CSUD>
    <NORD>16576</NORD>
    <SARD>930</SARD>
    <SICI>1883</SICI>
    <SUD>2756</SUD>
  </StimeFabbisogno>
  <StimeFabbisogno>
    <Data>20140103</Data>
    <Mercato>MGP</Mercato>
    <Ora>9</Ora>
    <Totale>33538</Totale>
    <CNOR>4032</CNOR>
    <CSUD>5041</CSUD>
    <NORD>18102</NORD>
    <SARD>1033</SARD>
    <SICI>2174</SICI>
    <SUD>3156</SUD>
  </StimeFabbisogno>
  <StimeFabbisogno>
    <Data>20140103</Data>
    <Mercato>MGP</Mercato>
    <Ora>10</Ora>
    <Totale>36083</Totale>
    <CNOR>4239</CNOR>
    <CSUD>5482</CSUD>
    <NORD>19358</NORD>
    <SARD>1068</SARD>
    <SICI>2444</SICI>
    <SUD>3492</SUD>
  </StimeFabbisogno>
  <StimeFabbisogno>
    <Data>20140103</Data>
    <Mercato>MGP</Mercato>
    <Ora>11</Ora>
    <Totale>37009</Totale>
    <CNOR>4217</CNOR>
    <CSUD>5535</CSUD>
    <NORD>20036</NORD>
    <SARD>1077</SARD>
    <SICI>2500</SICI>
    <SUD>3644</SUD>
  </StimeFabbisogno>
  <StimeFabbisogno>
    <Data>20140103</Data>
    <Mercato>MGP</Mercato>
    <Ora>12</Ora>
    <Totale>37438</Totale>
    <CNOR>4210</CNOR>
    <CSUD>5663</CSUD>
    <NORD>20418</NORD>
    <SARD>1057</SARD>
    <SICI>2422</SICI>
    <SUD>3668</SUD>
  </StimeFabbisogno>
  <StimeFabbisogno>
    <Data>20140103</Data>
    <Mercato>MGP</Mercato>
    <Ora>13</Ora>
    <Totale>36480</Totale>
    <CNOR>3974</CNOR>
    <CSUD>5953</CSUD>
    <NORD>19353</NORD>
    <SARD>1061</SARD>
    <SICI>2428</SICI>
    <SUD>3711</SUD>
  </StimeFabbisogno>
  <StimeFabbisogno>
    <Data>20140103</Data>
    <Mercato>MGP</Mercato>
    <Ora>14</Ora>
    <Totale>34746</Totale>
    <CNOR>3889</CNOR>
    <CSUD>5718</CSUD>
    <NORD>18456</NORD>
    <SARD>1012</SARD>
    <SICI>2395</SICI>
    <SUD>3276</SUD>
  </StimeFabbisogno>
  <StimeFabbisogno>
    <Data>20140103</Data>
    <Mercato>MGP</Mercato>
    <Ora>15</Ora>
    <Totale>34810</Totale>
    <CNOR>4116</CNOR>
    <CSUD>6333</CSUD>
    <NORD>18335</NORD>
    <SARD>999</SARD>
    <SICI>2411</SICI>
    <SUD>2616</SUD>
  </StimeFabbisogno>
  <StimeFabbisogno>
    <Data>20140103</Data>
    <Mercato>MGP</Mercato>
    <Ora>16</Ora>
    <Totale>35430</Totale>
    <CNOR>4291</CNOR>
    <CSUD>6385</CSUD>
    <NORD>18639</NORD>
    <SARD>992</SARD>
    <SICI>2368</SICI>
    <SUD>2755</SUD>
  </StimeFabbisogno>
  <StimeFabbisogno>
    <Data>20140103</Data>
    <Mercato>MGP</Mercato>
    <Ora>17</Ora>
    <Totale>35848</Totale>
    <CNOR>4188</CNOR>
    <CSUD>6011</CSUD>
    <NORD>18893</NORD>
    <SARD>1026</SARD>
    <SICI>2467</SICI>
    <SUD>3263</SUD>
  </StimeFabbisogno>
  <StimeFabbisogno>
    <Data>20140103</Data>
    <Mercato>MGP</Mercato>
    <Ora>18</Ora>
    <Totale>39897</Totale>
    <CNOR>4582</CNOR>
    <CSUD>6679</CSUD>
    <NORD>21103</NORD>
    <SARD>1135</SARD>
    <SICI>2758</SICI>
    <SUD>3640</SUD>
  </StimeFabbisogno>
  <StimeFabbisogno>
    <Data>20140103</Data>
    <Mercato>MGP</Mercato>
    <Ora>19</Ora>
    <Totale>40133</Totale>
    <CNOR>4587</CNOR>
    <CSUD>6740</CSUD>
    <NORD>21171</NORD>
    <SARD>1201</SARD>
    <SICI>2814</SICI>
    <SUD>3620</SUD>
  </StimeFabbisogno>
  <StimeFabbisogno>
    <Data>20140103</Data>
    <Mercato>MGP</Mercato>
    <Ora>20</Ora>
    <Totale>38609</Totale>
    <CNOR>4445</CNOR>
    <CSUD>6608</CSUD>
    <NORD>19990</NORD>
    <SARD>1202</SARD>
    <SICI>2755</SICI>
    <SUD>3609</SUD>
  </StimeFabbisogno>
  <StimeFabbisogno>
    <Data>20140103</Data>
    <Mercato>MGP</Mercato>
    <Ora>21</Ora>
    <Totale>36244</Totale>
    <CNOR>4141</CNOR>
    <CSUD>6276</CSUD>
    <NORD>18682</NORD>
    <SARD>1145</SARD>
    <SICI>2625</SICI>
    <SUD>3375</SUD>
  </StimeFabbisogno>
  <StimeFabbisogno>
    <Data>20140103</Data>
    <Mercato>MGP</Mercato>
    <Ora>22</Ora>
    <Totale>33397</Totale>
    <CNOR>3822</CNOR>
    <CSUD>5712</CSUD>
    <NORD>17284</NORD>
    <SARD>1069</SARD>
    <SICI>2409</SICI>
    <SUD>3101</SUD>
  </StimeFabbisogno>
  <StimeFabbisogno>
    <Data>20140103</Data>
    <Mercato>MGP</Mercato>
    <Ora>23</Ora>
    <Totale>30277</Totale>
    <CNOR>3450</CNOR>
    <CSUD>5313</CSUD>
    <NORD>15489</NORD>
    <SARD>1004</SARD>
    <SICI>2214</SICI>
    <SUD>2807</SUD>
  </StimeFabbisogno>
  <StimeFabbisogno>
    <Data>20140103</Data>
    <Mercato>MGP</Mercato>
    <Ora>24</Ora>
    <Totale>27385</Totale>
    <CNOR>3127</CNOR>
    <CSUD>4742</CSUD>
    <NORD>14083</NORD>
    <SARD>924</SARD>
    <SICI>1973</SICI>
    <SUD>2536</SUD>
  </StimeFabbisogno>
</NewDataSet>