<?xml version="1.0" standalone="yes"?>
<NewDataSet>
  <xs:schema id="NewDataSet" xmlns="" xmlns:xs="http://www.w3.org/2001/XMLSchema" xmlns:msdata="urn:schemas-microsoft-com:xml-msdata">
    <xs:element name="NewDataSet" msdata:IsDataSet="true" msdata:UseCurrentLocale="true">
      <xs:complexType>
        <xs:choice minOccurs="0" maxOccurs="unbounded">
          <xs:element name="StimeFabbisogno">
            <xs:complexType>
              <xs:sequence>
                <xs:element name="Data" type="xs:string" minOccurs="0" />
                <xs:element name="Mercato" type="xs:string" minOccurs="0" />
                <xs:element name="Ora" type="xs:string" minOccurs="0" />
                <xs:element name="Totale" type="xs:string" minOccurs="0" />
                <xs:element name="CNOR" type="xs:string" minOccurs="0" />
                <xs:element name="CSUD" type="xs:string" minOccurs="0" />
                <xs:element name="NORD" type="xs:string" minOccurs="0" />
                <xs:element name="SARD" type="xs:string" minOccurs="0" />
                <xs:element name="SICI" type="xs:string" minOccurs="0" />
                <xs:element name="SUD" type="xs:string" minOccurs="0" />
              </xs:sequence>
            </xs:complexType>
          </xs:element>
        </xs:choice>
      </xs:complexType>
    </xs:element>
  </xs:schema>
  <StimeFabbisogno>
    <Data>20140121</Data>
    <Mercato>MGP</Mercato>
    <Ora>1</Ora>
    <Totale>28277</Totale>
    <CNOR>3009</CNOR>
    <CSUD>4473</CSUD>
    <NORD>15851</NORD>
    <SARD>827</SARD>
    <SICI>1824</SICI>
    <SUD>2293</SUD>
  </StimeFabbisogno>
  <StimeFabbisogno>
    <Data>20140121</Data>
    <Mercato>MGP</Mercato>
    <Ora>2</Ora>
    <Totale>26614</Totale>
    <CNOR>2825</CNOR>
    <CSUD>4041</CSUD>
    <NORD>15167</NORD>
    <SARD>757</SARD>
    <SICI>1720</SICI>
    <SUD>2104</SUD>
  </StimeFabbisogno>
  <StimeFabbisogno>
    <Data>20140121</Data>
    <Mercato>MGP</Mercato>
    <Ora>3</Ora>
    <Totale>25808</Totale>
    <CNOR>2710</CNOR>
    <CSUD>3846</CSUD>
    <NORD>14906</NORD>
    <SARD>732</SARD>
    <SICI>1645</SICI>
    <SUD>1969</SUD>
  </StimeFabbisogno>
  <StimeFabbisogno>
    <Data>20140121</Data>
    <Mercato>MGP</Mercato>
    <Ora>4</Ora>
    <Totale>25610</Totale>
    <CNOR>2663</CNOR>
    <CSUD>3784</CSUD>
    <NORD>14870</NORD>
    <SARD>722</SARD>
    <SICI>1627</SICI>
    <SUD>1944</SUD>
  </StimeFabbisogno>
  <StimeFabbisogno>
    <Data>20140121</Data>
    <Mercato>MGP</Mercato>
    <Ora>5</Ora>
    <Totale>25838</Totale>
    <CNOR>2654</CNOR>
    <CSUD>3783</CSUD>
    <NORD>15037</NORD>
    <SARD>725</SARD>
    <SICI>1649</SICI>
    <SUD>1990</SUD>
  </StimeFabbisogno>
  <StimeFabbisogno>
    <Data>20140121</Data>
    <Mercato>MGP</Mercato>
    <Ora>6</Ora>
    <Totale>27592</Totale>
    <CNOR>2850</CNOR>
    <CSUD>4036</CSUD>
    <NORD>16059</NORD>
    <SARD>762</SARD>
    <SICI>1742</SICI>
    <SUD>2143</SUD>
  </StimeFabbisogno>
  <StimeFabbisogno>
    <Data>20140121</Data>
    <Mercato>MGP</Mercato>
    <Ora>7</Ora>
    <Totale>32797</Totale>
    <CNOR>3352</CNOR>
    <CSUD>4820</CSUD>
    <NORD>19213</NORD>
    <SARD>891</SARD>
    <SICI>1988</SICI>
    <SUD>2533</SUD>
  </StimeFabbisogno>
  <StimeFabbisogno>
    <Data>20140121</Data>
    <Mercato>MGP</Mercato>
    <Ora>8</Ora>
    <Totale>39278</Totale>
    <CNOR>4036</CNOR>
    <CSUD>5826</CSUD>
    <NORD>22962</NORD>
    <SARD>1104</SARD>
    <SICI>2391</SICI>
    <SUD>2959</SUD>
  </StimeFabbisogno>
  <StimeFabbisogno>
    <Data>20140121</Data>
    <Mercato>MGP</Mercato>
    <Ora>9</Ora>
    <Totale>43635</Totale>
    <CNOR>4695</CNOR>
    <CSUD>6444</CSUD>
    <NORD>25476</NORD>
    <SARD>1160</SARD>
    <SICI>2633</SICI>
    <SUD>3227</SUD>
  </StimeFabbisogno>
  <StimeFabbisogno>
    <Data>20140121</Data>
    <Mercato>MGP</Mercato>
    <Ora>10</Ora>
    <Totale>45609</Totale>
    <CNOR>5039</CNOR>
    <CSUD>6923</CSUD>
    <NORD>26331</NORD>
    <SARD>1154</SARD>
    <SICI>2752</SICI>
    <SUD>3410</SUD>
  </StimeFabbisogno>
  <StimeFabbisogno>
    <Data>20140121</Data>
    <Mercato>MGP</Mercato>
    <Ora>11</Ora>
    <Totale>45647</Totale>
    <CNOR>5148</CNOR>
    <CSUD>7076</CSUD>
    <NORD>26361</NORD>
    <SARD>1079</SARD>
    <SICI>2635</SICI>
    <SUD>3348</SUD>
  </StimeFabbisogno>
  <StimeFabbisogno>
    <Data>20140121</Data>
    <Mercato>MGP</Mercato>
    <Ora>12</Ora>
    <Totale>45399</Totale>
    <CNOR>5082</CNOR>
    <CSUD>7165</CSUD>
    <NORD>26462</NORD>
    <SARD>1012</SARD>
    <SICI>2540</SICI>
    <SUD>3138</SUD>
  </StimeFabbisogno>
  <StimeFabbisogno>
    <Data>20140121</Data>
    <Mercato>MGP</Mercato>
    <Ora>13</Ora>
    <Totale>42085</Totale>
    <CNOR>4662</CNOR>
    <CSUD>7005</CSUD>
    <NORD>23866</NORD>
    <SARD>941</SARD>
    <SICI>2519</SICI>
    <SUD>3092</SUD>
  </StimeFabbisogno>
  <StimeFabbisogno>
    <Data>20140121</Data>
    <Mercato>MGP</Mercato>
    <Ora>14</Ora>
    <Totale>41770</Totale>
    <CNOR>4440</CNOR>
    <CSUD>6806</CSUD>
    <NORD>24060</NORD>
    <SARD>915</SARD>
    <SICI>2469</SICI>
    <SUD>3080</SUD>
  </StimeFabbisogno>
  <StimeFabbisogno>
    <Data>20140121</Data>
    <Mercato>MGP</Mercato>
    <Ora>15</Ora>
    <Totale>42985</Totale>
    <CNOR>4757</CNOR>
    <CSUD>6721</CSUD>
    <NORD>25087</NORD>
    <SARD>936</SARD>
    <SICI>2457</SICI>
    <SUD>3027</SUD>
  </StimeFabbisogno>
  <StimeFabbisogno>
    <Data>20140121</Data>
    <Mercato>MGP</Mercato>
    <Ora>16</Ora>
    <Totale>43649</Totale>
    <CNOR>4905</CNOR>
    <CSUD>6774</CSUD>
    <NORD>25438</NORD>
    <SARD>976</SARD>
    <SICI>2536</SICI>
    <SUD>3020</SUD>
  </StimeFabbisogno>
  <StimeFabbisogno>
    <Data>20140121</Data>
    <Mercato>MGP</Mercato>
    <Ora>17</Ora>
    <Totale>44274</Totale>
    <CNOR>4942</CNOR>
    <CSUD>6853</CSUD>
    <NORD>25685</NORD>
    <SARD>1044</SARD>
    <SICI>2544</SICI>
    <SUD>3206</SUD>
  </StimeFabbisogno>
  <StimeFabbisogno>
    <Data>20140121</Data>
    <Mercato>MGP</Mercato>
    <Ora>18</Ora>
    <Totale>46002</Totale>
    <CNOR>5014</CNOR>
    <CSUD>7353</CSUD>
    <NORD>26068</NORD>
    <SARD>1170</SARD>
    <SICI>2756</SICI>
    <SUD>3641</SUD>
  </StimeFabbisogno>
  <StimeFabbisogno>
    <Data>20140121</Data>
    <Mercato>MGP</Mercato>
    <Ora>19</Ora>
    <Totale>45444</Totale>
    <CNOR>4911</CNOR>
    <CSUD>7418</CSUD>
    <NORD>25291</NORD>
    <SARD>1240</SARD>
    <SICI>2889</SICI>
    <SUD>3695</SUD>
  </StimeFabbisogno>
  <StimeFabbisogno>
    <Data>20140121</Data>
    <Mercato>MGP</Mercato>
    <Ora>20</Ora>
    <Totale>44133</Totale>
    <CNOR>4695</CNOR>
    <CSUD>7376</CSUD>
    <NORD>24180</NORD>
    <SARD>1270</SARD>
    <SICI>2945</SICI>
    <SUD>3667</SUD>
  </StimeFabbisogno>
  <StimeFabbisogno>
    <Data>20140121</Data>
    <Mercato>MGP</Mercato>
    <Ora>21</Ora>
    <Totale>41618</Totale>
    <CNOR>4382</CNOR>
    <CSUD>6956</CSUD>
    <NORD>22598</NORD>
    <SARD>1235</SARD>
    <SICI>2880</SICI>
    <SUD>3567</SUD>
  </StimeFabbisogno>
  <StimeFabbisogno>
    <Data>20140121</Data>
    <Mercato>MGP</Mercato>
    <Ora>22</Ora>
    <Totale>38632</Totale>
    <CNOR>4102</CNOR>
    <CSUD>6430</CSUD>
    <NORD>20988</NORD>
    <SARD>1138</SARD>
    <SICI>2670</SICI>
    <SUD>3304</SUD>
  </StimeFabbisogno>
  <StimeFabbisogno>
    <Data>20140121</Data>
    <Mercato>MGP</Mercato>
    <Ora>23</Ora>
    <Totale>35049</Totale>
    <CNOR>3722</CNOR>
    <CSUD>5823</CSUD>
    <NORD>19146</NORD>
    <SARD>1039</SARD>
    <SICI>2393</SICI>
    <SUD>2926</SUD>
  </StimeFabbisogno>
  <StimeFabbisogno>
    <Data>20140121</Data>
    <Mercato>MGP</Mercato>
    <Ora>24</Ora>
    <Totale>31600</Totale>
    <CNOR>3437</CNOR>
    <CSUD>5080</CSUD>
    <NORD>17597</NORD>
    <SARD>927</SARD>
    <SICI>2071</SICI>
    <SUD>2488</SUD>
  </StimeFabbisogno>
</NewDataSet>