<?xml version="1.0" standalone="yes"?>
<NewDataSet>
  <xs:schema id="NewDataSet" xmlns="" xmlns:xs="http://www.w3.org/2001/XMLSchema" xmlns:msdata="urn:schemas-microsoft-com:xml-msdata">
    <xs:element name="NewDataSet" msdata:IsDataSet="true" msdata:UseCurrentLocale="true">
      <xs:complexType>
        <xs:choice minOccurs="0" maxOccurs="unbounded">
          <xs:element name="StimeFabbisogno">
            <xs:complexType>
              <xs:sequence>
                <xs:element name="Data" type="xs:string" minOccurs="0" />
                <xs:element name="Mercato" type="xs:string" minOccurs="0" />
                <xs:element name="Ora" type="xs:string" minOccurs="0" />
                <xs:element name="Totale" type="xs:string" minOccurs="0" />
                <xs:element name="CNOR" type="xs:string" minOccurs="0" />
                <xs:element name="CSUD" type="xs:string" minOccurs="0" />
                <xs:element name="NORD" type="xs:string" minOccurs="0" />
                <xs:element name="SARD" type="xs:string" minOccurs="0" />
                <xs:element name="SICI" type="xs:string" minOccurs="0" />
                <xs:element name="SUD" type="xs:string" minOccurs="0" />
              </xs:sequence>
            </xs:complexType>
          </xs:element>
        </xs:choice>
      </xs:complexType>
    </xs:element>
  </xs:schema>
  <StimeFabbisogno>
    <Data>20140101</Data>
    <Mercato>MGP</Mercato>
    <Ora>1</Ora>
    <Totale>24007</Totale>
    <CNOR>2485</CNOR>
    <CSUD>4516</CSUD>
    <NORD>11723</NORD>
    <SARD>828</SARD>
    <SICI>1972</SICI>
    <SUD>2483</SUD>
  </StimeFabbisogno>
  <StimeFabbisogno>
    <Data>20140101</Data>
    <Mercato>MGP</Mercato>
    <Ora>2</Ora>
    <Totale>22677</Totale>
    <CNOR>2401</CNOR>
    <CSUD>4185</CSUD>
    <NORD>11033</NORD>
    <SARD>810</SARD>
    <SICI>1892</SICI>
    <SUD>2356</SUD>
  </StimeFabbisogno>
  <StimeFabbisogno>
    <Data>20140101</Data>
    <Mercato>MGP</Mercato>
    <Ora>3</Ora>
    <Totale>21205</Totale>
    <CNOR>2188</CNOR>
    <CSUD>3883</CSUD>
    <NORD>10538</NORD>
    <SARD>768</SARD>
    <SICI>1752</SICI>
    <SUD>2076</SUD>
  </StimeFabbisogno>
  <StimeFabbisogno>
    <Data>20140101</Data>
    <Mercato>MGP</Mercato>
    <Ora>4</Ora>
    <Totale>19991</Totale>
    <CNOR>2048</CNOR>
    <CSUD>3679</CSUD>
    <NORD>10018</NORD>
    <SARD>735</SARD>
    <SICI>1635</SICI>
    <SUD>1876</SUD>
  </StimeFabbisogno>
  <StimeFabbisogno>
    <Data>20140101</Data>
    <Mercato>MGP</Mercato>
    <Ora>5</Ora>
    <Totale>19189</Totale>
    <CNOR>1953</CNOR>
    <CSUD>3551</CSUD>
    <NORD>9656</NORD>
    <SARD>715</SARD>
    <SICI>1557</SICI>
    <SUD>1757</SUD>
  </StimeFabbisogno>
  <StimeFabbisogno>
    <Data>20140101</Data>
    <Mercato>MGP</Mercato>
    <Ora>6</Ora>
    <Totale>19291</Totale>
    <CNOR>2004</CNOR>
    <CSUD>3454</CSUD>
    <NORD>9801</NORD>
    <SARD>732</SARD>
    <SICI>1518</SICI>
    <SUD>1782</SUD>
  </StimeFabbisogno>
  <StimeFabbisogno>
    <Data>20140101</Data>
    <Mercato>MGP</Mercato>
    <Ora>7</Ora>
    <Totale>19964</Totale>
    <CNOR>2080</CNOR>
    <CSUD>3540</CSUD>
    <NORD>10278</NORD>
    <SARD>758</SARD>
    <SICI>1510</SICI>
    <SUD>1798</SUD>
  </StimeFabbisogno>
  <StimeFabbisogno>
    <Data>20140101</Data>
    <Mercato>MGP</Mercato>
    <Ora>8</Ora>
    <Totale>20167</Totale>
    <CNOR>2008</CNOR>
    <CSUD>4122</CSUD>
    <NORD>10223</NORD>
    <SARD>757</SARD>
    <SICI>1532</SICI>
    <SUD>1525</SUD>
  </StimeFabbisogno>
  <StimeFabbisogno>
    <Data>20140101</Data>
    <Mercato>MGP</Mercato>
    <Ora>9</Ora>
    <Totale>20281</Totale>
    <CNOR>2052</CNOR>
    <CSUD>4325</CSUD>
    <NORD>9887</NORD>
    <SARD>781</SARD>
    <SICI>1679</SICI>
    <SUD>1557</SUD>
  </StimeFabbisogno>
  <StimeFabbisogno>
    <Data>20140101</Data>
    <Mercato>MGP</Mercato>
    <Ora>10</Ora>
    <Totale>21604</Totale>
    <CNOR>2217</CNOR>
    <CSUD>4241</CSUD>
    <NORD>10291</NORD>
    <SARD>882</SARD>
    <SICI>1875</SICI>
    <SUD>2098</SUD>
  </StimeFabbisogno>
  <StimeFabbisogno>
    <Data>20140101</Data>
    <Mercato>MGP</Mercato>
    <Ora>11</Ora>
    <Totale>24123</Totale>
    <CNOR>2465</CNOR>
    <CSUD>5141</CSUD>
    <NORD>11820</NORD>
    <SARD>960</SARD>
    <SICI>2056</SICI>
    <SUD>1681</SUD>
  </StimeFabbisogno>
  <StimeFabbisogno>
    <Data>20140101</Data>
    <Mercato>MGP</Mercato>
    <Ora>12</Ora>
    <Totale>26028</Totale>
    <CNOR>2755</CNOR>
    <CSUD>3940</CSUD>
    <NORD>12799</NORD>
    <SARD>1031</SARD>
    <SICI>2173</SICI>
    <SUD>3330</SUD>
  </StimeFabbisogno>
  <StimeFabbisogno>
    <Data>20140101</Data>
    <Mercato>MGP</Mercato>
    <Ora>13</Ora>
    <Totale>26356</Totale>
    <CNOR>2896</CNOR>
    <CSUD>4683</CSUD>
    <NORD>12735</NORD>
    <SARD>1019</SARD>
    <SICI>2154</SICI>
    <SUD>2869</SUD>
  </StimeFabbisogno>
  <StimeFabbisogno>
    <Data>20140101</Data>
    <Mercato>MGP</Mercato>
    <Ora>14</Ora>
    <Totale>24734</Totale>
    <CNOR>2671</CNOR>
    <CSUD>4490</CSUD>
    <NORD>12240</NORD>
    <SARD>892</SARD>
    <SICI>1989</SICI>
    <SUD>2452</SUD>
  </StimeFabbisogno>
  <StimeFabbisogno>
    <Data>20140101</Data>
    <Mercato>MGP</Mercato>
    <Ora>15</Ora>
    <Totale>23632</Totale>
    <CNOR>2995</CNOR>
    <CSUD>4143</CSUD>
    <NORD>11620</NORD>
    <SARD>824</SARD>
    <SICI>1806</SICI>
    <SUD>2244</SUD>
  </StimeFabbisogno>
  <StimeFabbisogno>
    <Data>20140101</Data>
    <Mercato>MGP</Mercato>
    <Ora>16</Ora>
    <Totale>23642</Totale>
    <CNOR>2892</CNOR>
    <CSUD>4057</CSUD>
    <NORD>11701</NORD>
    <SARD>830</SARD>
    <SICI>1778</SICI>
    <SUD>2384</SUD>
  </StimeFabbisogno>
  <StimeFabbisogno>
    <Data>20140101</Data>
    <Mercato>MGP</Mercato>
    <Ora>17</Ora>
    <Totale>25090</Totale>
    <CNOR>2949</CNOR>
    <CSUD>4300</CSUD>
    <NORD>12502</NORD>
    <SARD>865</SARD>
    <SICI>1831</SICI>
    <SUD>2643</SUD>
  </StimeFabbisogno>
  <StimeFabbisogno>
    <Data>20140101</Data>
    <Mercato>MGP</Mercato>
    <Ora>18</Ora>
    <Totale>28262</Totale>
    <CNOR>3135</CNOR>
    <CSUD>5040</CSUD>
    <NORD>14032</NORD>
    <SARD>963</SARD>
    <SICI>2131</SICI>
    <SUD>2961</SUD>
  </StimeFabbisogno>
  <StimeFabbisogno>
    <Data>20140101</Data>
    <Mercato>MGP</Mercato>
    <Ora>19</Ora>
    <Totale>29072</Totale>
    <CNOR>3258</CNOR>
    <CSUD>5231</CSUD>
    <NORD>14464</NORD>
    <SARD>999</SARD>
    <SICI>2194</SICI>
    <SUD>2926</SUD>
  </StimeFabbisogno>
  <StimeFabbisogno>
    <Data>20140101</Data>
    <Mercato>MGP</Mercato>
    <Ora>20</Ora>
    <Totale>29403</Totale>
    <CNOR>3346</CNOR>
    <CSUD>5428</CSUD>
    <NORD>14473</NORD>
    <SARD>1030</SARD>
    <SICI>2237</SICI>
    <SUD>2889</SUD>
  </StimeFabbisogno>
  <StimeFabbisogno>
    <Data>20140101</Data>
    <Mercato>MGP</Mercato>
    <Ora>21</Ora>
    <Totale>29028</Totale>
    <CNOR>3262</CNOR>
    <CSUD>5523</CSUD>
    <NORD>14045</NORD>
    <SARD>1045</SARD>
    <SICI>2282</SICI>
    <SUD>2871</SUD>
  </StimeFabbisogno>
  <StimeFabbisogno>
    <Data>20140101</Data>
    <Mercato>MGP</Mercato>
    <Ora>22</Ora>
    <Totale>27817</Totale>
    <CNOR>3150</CNOR>
    <CSUD>5274</CSUD>
    <NORD>13290</NORD>
    <SARD>1005</SARD>
    <SICI>2238</SICI>
    <SUD>2860</SUD>
  </StimeFabbisogno>
  <StimeFabbisogno>
    <Data>20140101</Data>
    <Mercato>MGP</Mercato>
    <Ora>23</Ora>
    <Totale>25865</Totale>
    <CNOR>2927</CNOR>
    <CSUD>4932</CSUD>
    <NORD>12224</NORD>
    <SARD>953</SARD>
    <SICI>2132</SICI>
    <SUD>2697</SUD>
  </StimeFabbisogno>
  <StimeFabbisogno>
    <Data>20140101</Data>
    <Mercato>MGP</Mercato>
    <Ora>24</Ora>
    <Totale>23553</Totale>
    <CNOR>2729</CNOR>
    <CSUD>4452</CSUD>
    <NORD>11106</NORD>
    <SARD>907</SARD>
    <SICI>1961</SICI>
    <SUD>2398</SUD>
  </StimeFabbisogno>
</NewDataSet>