<?xml version="1.0" standalone="yes"?>
<NewDataSet>
  <xs:schema id="NewDataSet" xmlns="" xmlns:xs="http://www.w3.org/2001/XMLSchema" xmlns:msdata="urn:schemas-microsoft-com:xml-msdata">
    <xs:element name="NewDataSet" msdata:IsDataSet="true" msdata:UseCurrentLocale="true">
      <xs:complexType>
        <xs:choice minOccurs="0" maxOccurs="unbounded">
          <xs:element name="Prezzi">
            <xs:complexType>
              <xs:sequence>
                <xs:element name="Data" type="xs:string" minOccurs="0" />
                <xs:element name="Mercato" type="xs:string" minOccurs="0" />
                <xs:element name="Ora" type="xs:string" minOccurs="0" />
                <xs:element name="PUN" type="xs:string" minOccurs="0" />
                <xs:element name="NAT" type="xs:string" minOccurs="0" />
                <xs:element name="CNOR" type="xs:string" minOccurs="0" />
                <xs:element name="CSUD" type="xs:string" minOccurs="0" />
                <xs:element name="NORD" type="xs:string" minOccurs="0" />
                <xs:element name="SARD" type="xs:string" minOccurs="0" />
                <xs:element name="SICI" type="xs:string" minOccurs="0" />
                <xs:element name="SUD" type="xs:string" minOccurs="0" />
                <xs:element name="AUST" type="xs:string" minOccurs="0" />
                <xs:element name="BRNN" type="xs:string" minOccurs="0" />
                <xs:element name="COAC" type="xs:string" minOccurs="0" />
                <xs:element name="CORS" type="xs:string" minOccurs="0" />
                <xs:element name="FOGN" type="xs:string" minOccurs="0" />
                <xs:element name="FRAN" type="xs:string" minOccurs="0" />
                <xs:element name="GREC" type="xs:string" minOccurs="0" />
                <xs:element name="MFTV" type="xs:string" minOccurs="0" />
                <xs:element name="PRGP" type="xs:string" minOccurs="0" />
                <xs:element name="ROSN" type="xs:string" minOccurs="0" />
                <xs:element name="SLOV" type="xs:string" minOccurs="0" />
                <xs:element name="SVIZ" type="xs:string" minOccurs="0" />
                <xs:element name="BSP" type="xs:string" minOccurs="0" />
                <xs:element name="MALT" type="xs:string" minOccurs="0" />
                <xs:element name="XAUS" type="xs:string" minOccurs="0" />
                <xs:element name="XFRA" type="xs:string" minOccurs="0" />
              </xs:sequence>
            </xs:complexType>
          </xs:element>
        </xs:choice>
      </xs:complexType>
    </xs:element>
  </xs:schema>
  <Prezzi>
    <Data>20170225</Data>
    <Mercato>MGP</Mercato>
    <Ora>1</Ora>
    <PUN>51,355700</PUN>
    <NAT>50,150000</NAT>
    <CNOR>52,260000</CNOR>
    <CSUD>49,490000</CSUD>
    <NORD>52,260000</NORD>
    <SARD>49,490000</SARD>
    <SICI>49,490000</SICI>
    <SUD>49,490000</SUD>
    <AUST>52,260000</AUST>
    <BRNN>49,490000</BRNN>
    <COAC>49,490000</COAC>
    <CORS>52,260000</CORS>
    <FOGN>49,490000</FOGN>
    <FRAN>52,260000</FRAN>
    <GREC>49,490000</GREC>
    <MFTV>52,260000</MFTV>
    <PRGP>49,490000</PRGP>
    <ROSN>49,490000</ROSN>
    <SLOV>52,260000</SLOV>
    <SVIZ>52,260000</SVIZ>
    <BSP>52,260000</BSP>
    <MALT>49,490000</MALT>
    <XAUS>52,260000</XAUS>
    <XFRA>52,260000</XFRA>
  </Prezzi>
  <Prezzi>
    <Data>20170225</Data>
    <Mercato>MGP</Mercato>
    <Ora>2</Ora>
    <PUN>48,620000</PUN>
    <NAT>48,620000</NAT>
    <CNOR>48,620000</CNOR>
    <CSUD>48,620000</CSUD>
    <NORD>48,620000</NORD>
    <SARD>48,620000</SARD>
    <SICI>48,620000</SICI>
    <SUD>48,620000</SUD>
    <AUST>48,620000</AUST>
    <BRNN>48,620000</BRNN>
    <COAC>48,620000</COAC>
    <CORS>48,620000</CORS>
    <FOGN>48,620000</FOGN>
    <FRAN>48,620000</FRAN>
    <GREC>48,620000</GREC>
    <MFTV>48,620000</MFTV>
    <PRGP>48,620000</PRGP>
    <ROSN>48,620000</ROSN>
    <SLOV>48,620000</SLOV>
    <SVIZ>48,620000</SVIZ>
    <BSP>48,620000</BSP>
    <MALT>48,620000</MALT>
    <XAUS>48,620000</XAUS>
    <XFRA>48,620000</XFRA>
  </Prezzi>
  <Prezzi>
    <Data>20170225</Data>
    <Mercato>MGP</Mercato>
    <Ora>3</Ora>
    <PUN>44,500000</PUN>
    <NAT>44,500000</NAT>
    <CNOR>44,500000</CNOR>
    <CSUD>44,500000</CSUD>
    <NORD>44,500000</NORD>
    <SARD>44,500000</SARD>
    <SICI>44,500000</SICI>
    <SUD>44,500000</SUD>
    <AUST>44,500000</AUST>
    <BRNN>44,500000</BRNN>
    <COAC>44,500000</COAC>
    <CORS>44,500000</CORS>
    <FOGN>44,500000</FOGN>
    <FRAN>44,500000</FRAN>
    <GREC>44,500000</GREC>
    <MFTV>44,500000</MFTV>
    <PRGP>44,500000</PRGP>
    <ROSN>44,500000</ROSN>
    <SLOV>44,500000</SLOV>
    <SVIZ>44,500000</SVIZ>
    <BSP>44,500000</BSP>
    <MALT>44,500000</MALT>
    <XAUS>44,500000</XAUS>
    <XFRA>44,500000</XFRA>
  </Prezzi>
  <Prezzi>
    <Data>20170225</Data>
    <Mercato>MGP</Mercato>
    <Ora>4</Ora>
    <PUN>43,400000</PUN>
    <NAT>43,190000</NAT>
    <CNOR>43,400000</CNOR>
    <CSUD>43,400000</CSUD>
    <NORD>43,400000</NORD>
    <SARD>43,400000</SARD>
    <SICI>43,400000</SICI>
    <SUD>43,400000</SUD>
    <AUST>43,400000</AUST>
    <BRNN>43,400000</BRNN>
    <COAC>43,400000</COAC>
    <CORS>43,400000</CORS>
    <FOGN>43,400000</FOGN>
    <FRAN>43,400000</FRAN>
    <GREC>43,400000</GREC>
    <MFTV>43,400000</MFTV>
    <PRGP>43,400000</PRGP>
    <ROSN>43,400000</ROSN>
    <SLOV>43,400000</SLOV>
    <SVIZ>43,400000</SVIZ>
    <BSP>43,400000</BSP>
    <MALT>43,400000</MALT>
    <XAUS>43,400000</XAUS>
    <XFRA>43,400000</XFRA>
  </Prezzi>
  <Prezzi>
    <Data>20170225</Data>
    <Mercato>MGP</Mercato>
    <Ora>5</Ora>
    <PUN>41,500000</PUN>
    <NAT>40,510000</NAT>
    <CNOR>41,500000</CNOR>
    <CSUD>41,500000</CSUD>
    <NORD>41,500000</NORD>
    <SARD>41,500000</SARD>
    <SICI>41,500000</SICI>
    <SUD>41,500000</SUD>
    <AUST>41,500000</AUST>
    <BRNN>41,500000</BRNN>
    <COAC>41,500000</COAC>
    <CORS>41,500000</CORS>
    <FOGN>41,500000</FOGN>
    <FRAN>41,500000</FRAN>
    <GREC>41,500000</GREC>
    <MFTV>41,500000</MFTV>
    <PRGP>41,500000</PRGP>
    <ROSN>41,500000</ROSN>
    <SLOV>41,500000</SLOV>
    <SVIZ>41,500000</SVIZ>
    <BSP>41,500000</BSP>
    <MALT>41,500000</MALT>
    <XAUS>41,500000</XAUS>
    <XFRA>41,500000</XFRA>
  </Prezzi>
  <Prezzi>
    <Data>20170225</Data>
    <Mercato>MGP</Mercato>
    <Ora>6</Ora>
    <PUN>42,820000</PUN>
    <NAT>42,820000</NAT>
    <CNOR>42,820000</CNOR>
    <CSUD>42,820000</CSUD>
    <NORD>42,820000</NORD>
    <SARD>42,820000</SARD>
    <SICI>42,820000</SICI>
    <SUD>42,820000</SUD>
    <AUST>42,820000</AUST>
    <BRNN>42,820000</BRNN>
    <COAC>42,820000</COAC>
    <CORS>42,820000</CORS>
    <FOGN>42,820000</FOGN>
    <FRAN>42,820000</FRAN>
    <GREC>42,820000</GREC>
    <MFTV>42,820000</MFTV>
    <PRGP>42,820000</PRGP>
    <ROSN>42,820000</ROSN>
    <SLOV>42,820000</SLOV>
    <SVIZ>42,820000</SVIZ>
    <BSP>42,820000</BSP>
    <MALT>42,820000</MALT>
    <XAUS>42,820000</XAUS>
    <XFRA>42,820000</XFRA>
  </Prezzi>
  <Prezzi>
    <Data>20170225</Data>
    <Mercato>MGP</Mercato>
    <Ora>7</Ora>
    <PUN>47,770000</PUN>
    <NAT>47,770000</NAT>
    <CNOR>47,770000</CNOR>
    <CSUD>47,770000</CSUD>
    <NORD>47,770000</NORD>
    <SARD>47,770000</SARD>
    <SICI>47,770000</SICI>
    <SUD>47,770000</SUD>
    <AUST>47,770000</AUST>
    <BRNN>47,770000</BRNN>
    <COAC>47,770000</COAC>
    <CORS>47,770000</CORS>
    <FOGN>47,770000</FOGN>
    <FRAN>47,770000</FRAN>
    <GREC>47,770000</GREC>
    <MFTV>47,770000</MFTV>
    <PRGP>47,770000</PRGP>
    <ROSN>47,770000</ROSN>
    <SLOV>47,770000</SLOV>
    <SVIZ>47,770000</SVIZ>
    <BSP>47,770000</BSP>
    <MALT>47,770000</MALT>
    <XAUS>47,770000</XAUS>
    <XFRA>47,770000</XFRA>
  </Prezzi>
  <Prezzi>
    <Data>20170225</Data>
    <Mercato>MGP</Mercato>
    <Ora>8</Ora>
    <PUN>50,690690</PUN>
    <NAT>50,000000</NAT>
    <CNOR>50,000000</CNOR>
    <CSUD>50,000000</CSUD>
    <NORD>50,000000</NORD>
    <SARD>50,000000</SARD>
    <SICI>62,000000</SICI>
    <SUD>50,000000</SUD>
    <AUST>50,000000</AUST>
    <BRNN>50,000000</BRNN>
    <COAC>50,000000</COAC>
    <CORS>50,000000</CORS>
    <FOGN>50,000000</FOGN>
    <FRAN>50,000000</FRAN>
    <GREC>50,000000</GREC>
    <MFTV>50,000000</MFTV>
    <PRGP>62,000000</PRGP>
    <ROSN>50,000000</ROSN>
    <SLOV>50,000000</SLOV>
    <SVIZ>50,000000</SVIZ>
    <BSP>50,000000</BSP>
    <MALT>62,000000</MALT>
    <XAUS>50,000000</XAUS>
    <XFRA>50,000000</XFRA>
  </Prezzi>
  <Prezzi>
    <Data>20170225</Data>
    <Mercato>MGP</Mercato>
    <Ora>9</Ora>
    <PUN>53,016350</PUN>
    <NAT>52,000000</NAT>
    <CNOR>52,000000</CNOR>
    <CSUD>52,000000</CSUD>
    <NORD>52,000000</NORD>
    <SARD>52,000000</SARD>
    <SICI>68,870000</SICI>
    <SUD>52,000000</SUD>
    <AUST>52,000000</AUST>
    <BRNN>52,000000</BRNN>
    <COAC>52,000000</COAC>
    <CORS>52,000000</CORS>
    <FOGN>52,000000</FOGN>
    <FRAN>52,000000</FRAN>
    <GREC>52,000000</GREC>
    <MFTV>52,000000</MFTV>
    <PRGP>68,870000</PRGP>
    <ROSN>52,000000</ROSN>
    <SLOV>52,000000</SLOV>
    <SVIZ>52,000000</SVIZ>
    <BSP>52,000000</BSP>
    <MALT>68,870000</MALT>
    <XAUS>52,000000</XAUS>
    <XFRA>52,000000</XFRA>
  </Prezzi>
  <Prezzi>
    <Data>20170225</Data>
    <Mercato>MGP</Mercato>
    <Ora>10</Ora>
    <PUN>52,089720</PUN>
    <NAT>51,000000</NAT>
    <CNOR>51,000000</CNOR>
    <CSUD>51,000000</CSUD>
    <NORD>51,000000</NORD>
    <SARD>51,000000</SARD>
    <SICI>68,890000</SICI>
    <SUD>51,000000</SUD>
    <AUST>51,000000</AUST>
    <BRNN>51,000000</BRNN>
    <COAC>51,000000</COAC>
    <CORS>51,000000</CORS>
    <FOGN>51,000000</FOGN>
    <FRAN>51,000000</FRAN>
    <GREC>51,000000</GREC>
    <MFTV>51,000000</MFTV>
    <PRGP>68,890000</PRGP>
    <ROSN>51,000000</ROSN>
    <SLOV>51,000000</SLOV>
    <SVIZ>51,000000</SVIZ>
    <BSP>51,000000</BSP>
    <MALT>68,890000</MALT>
    <XAUS>51,000000</XAUS>
    <XFRA>51,000000</XFRA>
  </Prezzi>
  <Prezzi>
    <Data>20170225</Data>
    <Mercato>MGP</Mercato>
    <Ora>11</Ora>
    <PUN>49,850000</PUN>
    <NAT>49,850000</NAT>
    <CNOR>49,850000</CNOR>
    <CSUD>49,850000</CSUD>
    <NORD>49,850000</NORD>
    <SARD>49,850000</SARD>
    <SICI>49,850000</SICI>
    <SUD>49,850000</SUD>
    <AUST>49,850000</AUST>
    <BRNN>49,850000</BRNN>
    <COAC>49,850000</COAC>
    <CORS>49,850000</CORS>
    <FOGN>49,850000</FOGN>
    <FRAN>49,850000</FRAN>
    <GREC>49,850000</GREC>
    <MFTV>49,850000</MFTV>
    <PRGP>49,850000</PRGP>
    <ROSN>49,850000</ROSN>
    <SLOV>49,850000</SLOV>
    <SVIZ>49,850000</SVIZ>
    <BSP>49,850000</BSP>
    <MALT>49,850000</MALT>
    <XAUS>49,850000</XAUS>
    <XFRA>49,850000</XFRA>
  </Prezzi>
  <Prezzi>
    <Data>20170225</Data>
    <Mercato>MGP</Mercato>
    <Ora>12</Ora>
    <PUN>48,610000</PUN>
    <NAT>48,610000</NAT>
    <CNOR>48,610000</CNOR>
    <CSUD>48,610000</CSUD>
    <NORD>48,610000</NORD>
    <SARD>48,610000</SARD>
    <SICI>48,610000</SICI>
    <SUD>48,610000</SUD>
    <AUST>48,610000</AUST>
    <BRNN>48,610000</BRNN>
    <COAC>48,610000</COAC>
    <CORS>48,610000</CORS>
    <FOGN>48,610000</FOGN>
    <FRAN>48,610000</FRAN>
    <GREC>48,610000</GREC>
    <MFTV>48,610000</MFTV>
    <PRGP>48,610000</PRGP>
    <ROSN>48,610000</ROSN>
    <SLOV>48,610000</SLOV>
    <SVIZ>48,610000</SVIZ>
    <BSP>48,610000</BSP>
    <MALT>48,610000</MALT>
    <XAUS>48,610000</XAUS>
    <XFRA>48,610000</XFRA>
  </Prezzi>
  <Prezzi>
    <Data>20170225</Data>
    <Mercato>MGP</Mercato>
    <Ora>13</Ora>
    <PUN>45,078790</PUN>
    <NAT>45,040000</NAT>
    <CNOR>45,078790</CNOR>
    <CSUD>45,078790</CSUD>
    <NORD>45,078790</NORD>
    <SARD>45,078790</SARD>
    <SICI>45,078790</SICI>
    <SUD>45,078790</SUD>
    <AUST>45,078790</AUST>
    <BRNN>45,078790</BRNN>
    <COAC>45,078790</COAC>
    <CORS>45,078790</CORS>
    <FOGN>45,078790</FOGN>
    <FRAN>45,078790</FRAN>
    <GREC>45,078790</GREC>
    <MFTV>45,078790</MFTV>
    <PRGP>45,078790</PRGP>
    <ROSN>45,078790</ROSN>
    <SLOV>45,078790</SLOV>
    <SVIZ>45,078790</SVIZ>
    <BSP>45,078790</BSP>
    <MALT>45,078790</MALT>
    <XAUS>45,078790</XAUS>
    <XFRA>45,078790</XFRA>
  </Prezzi>
  <Prezzi>
    <Data>20170225</Data>
    <Mercato>MGP</Mercato>
    <Ora>14</Ora>
    <PUN>42,594220</PUN>
    <NAT>42,320000</NAT>
    <CNOR>42,594220</CNOR>
    <CSUD>42,594220</CSUD>
    <NORD>42,594220</NORD>
    <SARD>42,594220</SARD>
    <SICI>42,594220</SICI>
    <SUD>42,594220</SUD>
    <AUST>42,594220</AUST>
    <BRNN>42,594220</BRNN>
    <COAC>42,594220</COAC>
    <CORS>42,594220</CORS>
    <FOGN>42,594220</FOGN>
    <FRAN>42,594220</FRAN>
    <GREC>42,594220</GREC>
    <MFTV>42,594220</MFTV>
    <PRGP>42,594220</PRGP>
    <ROSN>42,594220</ROSN>
    <SLOV>42,594220</SLOV>
    <SVIZ>42,594220</SVIZ>
    <BSP>42,594220</BSP>
    <MALT>42,594220</MALT>
    <XAUS>42,594220</XAUS>
    <XFRA>42,594220</XFRA>
  </Prezzi>
  <Prezzi>
    <Data>20170225</Data>
    <Mercato>MGP</Mercato>
    <Ora>15</Ora>
    <PUN>41,940000</PUN>
    <NAT>41,940000</NAT>
    <CNOR>41,940000</CNOR>
    <CSUD>41,940000</CSUD>
    <NORD>41,940000</NORD>
    <SARD>41,940000</SARD>
    <SICI>41,940000</SICI>
    <SUD>41,940000</SUD>
    <AUST>41,940000</AUST>
    <BRNN>41,940000</BRNN>
    <COAC>41,940000</COAC>
    <CORS>41,940000</CORS>
    <FOGN>41,940000</FOGN>
    <FRAN>41,940000</FRAN>
    <GREC>41,940000</GREC>
    <MFTV>41,940000</MFTV>
    <PRGP>41,940000</PRGP>
    <ROSN>41,940000</ROSN>
    <SLOV>41,940000</SLOV>
    <SVIZ>41,940000</SVIZ>
    <BSP>41,940000</BSP>
    <MALT>41,940000</MALT>
    <XAUS>41,940000</XAUS>
    <XFRA>41,940000</XFRA>
  </Prezzi>
  <Prezzi>
    <Data>20170225</Data>
    <Mercato>MGP</Mercato>
    <Ora>16</Ora>
    <PUN>43,070000</PUN>
    <NAT>43,070000</NAT>
    <CNOR>43,070000</CNOR>
    <CSUD>43,070000</CSUD>
    <NORD>43,070000</NORD>
    <SARD>43,070000</SARD>
    <SICI>43,070000</SICI>
    <SUD>43,070000</SUD>
    <AUST>43,070000</AUST>
    <BRNN>43,070000</BRNN>
    <COAC>43,070000</COAC>
    <CORS>43,070000</CORS>
    <FOGN>43,070000</FOGN>
    <FRAN>43,070000</FRAN>
    <GREC>43,070000</GREC>
    <MFTV>43,070000</MFTV>
    <PRGP>43,070000</PRGP>
    <ROSN>43,070000</ROSN>
    <SLOV>43,070000</SLOV>
    <SVIZ>43,070000</SVIZ>
    <BSP>43,070000</BSP>
    <MALT>43,070000</MALT>
    <XAUS>43,070000</XAUS>
    <XFRA>43,070000</XFRA>
  </Prezzi>
  <Prezzi>
    <Data>20170225</Data>
    <Mercato>MGP</Mercato>
    <Ora>17</Ora>
    <PUN>48,221420</PUN>
    <NAT>47,710000</NAT>
    <CNOR>47,260000</CNOR>
    <CSUD>47,260000</CSUD>
    <NORD>47,260000</NORD>
    <SARD>47,260000</SARD>
    <SICI>61,690000</SICI>
    <SUD>47,260000</SUD>
    <AUST>47,260000</AUST>
    <BRNN>47,260000</BRNN>
    <COAC>47,260000</COAC>
    <CORS>47,260000</CORS>
    <FOGN>47,260000</FOGN>
    <FRAN>47,260000</FRAN>
    <GREC>47,260000</GREC>
    <MFTV>47,260000</MFTV>
    <PRGP>61,690000</PRGP>
    <ROSN>47,260000</ROSN>
    <SLOV>47,260000</SLOV>
    <SVIZ>47,260000</SVIZ>
    <BSP>47,260000</BSP>
    <MALT>61,690000</MALT>
    <XAUS>47,260000</XAUS>
    <XFRA>47,260000</XFRA>
  </Prezzi>
  <Prezzi>
    <Data>20170225</Data>
    <Mercato>MGP</Mercato>
    <Ora>18</Ora>
    <PUN>53,314880</PUN>
    <NAT>52,440000</NAT>
    <CNOR>52,010000</CNOR>
    <CSUD>52,010000</CSUD>
    <NORD>52,010000</NORD>
    <SARD>52,010000</SARD>
    <SICI>71,540000</SICI>
    <SUD>52,010000</SUD>
    <AUST>52,010000</AUST>
    <BRNN>52,010000</BRNN>
    <COAC>52,010000</COAC>
    <CORS>52,010000</CORS>
    <FOGN>52,010000</FOGN>
    <FRAN>52,010000</FRAN>
    <GREC>52,010000</GREC>
    <MFTV>52,010000</MFTV>
    <PRGP>71,540000</PRGP>
    <ROSN>52,010000</ROSN>
    <SLOV>52,010000</SLOV>
    <SVIZ>52,010000</SVIZ>
    <BSP>52,010000</BSP>
    <MALT>71,540000</MALT>
    <XAUS>52,010000</XAUS>
    <XFRA>52,010000</XFRA>
  </Prezzi>
  <Prezzi>
    <Data>20170225</Data>
    <Mercato>MGP</Mercato>
    <Ora>19</Ora>
    <PUN>57,512700</PUN>
    <NAT>56,000000</NAT>
    <CNOR>55,000000</CNOR>
    <CSUD>55,000000</CSUD>
    <NORD>55,000000</NORD>
    <SARD>55,000000</SARD>
    <SICI>91,540000</SICI>
    <SUD>55,000000</SUD>
    <AUST>55,000000</AUST>
    <BRNN>55,000000</BRNN>
    <COAC>55,000000</COAC>
    <CORS>55,000000</CORS>
    <FOGN>55,000000</FOGN>
    <FRAN>55,000000</FRAN>
    <GREC>55,000000</GREC>
    <MFTV>55,000000</MFTV>
    <PRGP>91,540000</PRGP>
    <ROSN>55,000000</ROSN>
    <SLOV>55,000000</SLOV>
    <SVIZ>55,000000</SVIZ>
    <BSP>55,000000</BSP>
    <MALT>91,540000</MALT>
    <XAUS>55,000000</XAUS>
    <XFRA>55,000000</XFRA>
  </Prezzi>
  <Prezzi>
    <Data>20170225</Data>
    <Mercato>MGP</Mercato>
    <Ora>20</Ora>
    <PUN>59,881690</PUN>
    <NAT>60,000000</NAT>
    <CNOR>57,690000</CNOR>
    <CSUD>57,690000</CSUD>
    <NORD>57,690000</NORD>
    <SARD>57,690000</SARD>
    <SICI>91,540000</SICI>
    <SUD>55,820000</SUD>
    <AUST>57,690000</AUST>
    <BRNN>55,820000</BRNN>
    <COAC>57,690000</COAC>
    <CORS>57,690000</CORS>
    <FOGN>55,820000</FOGN>
    <FRAN>57,690000</FRAN>
    <GREC>55,820000</GREC>
    <MFTV>57,690000</MFTV>
    <PRGP>91,540000</PRGP>
    <ROSN>55,820000</ROSN>
    <SLOV>57,690000</SLOV>
    <SVIZ>57,690000</SVIZ>
    <BSP>57,690000</BSP>
    <MALT>91,540000</MALT>
    <XAUS>57,690000</XAUS>
    <XFRA>57,690000</XFRA>
  </Prezzi>
  <Prezzi>
    <Data>20170225</Data>
    <Mercato>MGP</Mercato>
    <Ora>21</Ora>
    <PUN>55,797610</PUN>
    <NAT>54,150000</NAT>
    <CNOR>53,010000</CNOR>
    <CSUD>53,010000</CSUD>
    <NORD>53,010000</NORD>
    <SARD>53,010000</SARD>
    <SICI>91,540000</SICI>
    <SUD>53,010000</SUD>
    <AUST>53,010000</AUST>
    <BRNN>53,010000</BRNN>
    <COAC>53,010000</COAC>
    <CORS>53,010000</CORS>
    <FOGN>53,010000</FOGN>
    <FRAN>53,010000</FRAN>
    <GREC>53,010000</GREC>
    <MFTV>53,010000</MFTV>
    <PRGP>91,540000</PRGP>
    <ROSN>53,010000</ROSN>
    <SLOV>53,010000</SLOV>
    <SVIZ>53,010000</SVIZ>
    <BSP>53,010000</BSP>
    <MALT>91,540000</MALT>
    <XAUS>53,010000</XAUS>
    <XFRA>53,010000</XFRA>
  </Prezzi>
  <Prezzi>
    <Data>20170225</Data>
    <Mercato>MGP</Mercato>
    <Ora>22</Ora>
    <PUN>53,124460</PUN>
    <NAT>51,000000</NAT>
    <CNOR>50,150000</CNOR>
    <CSUD>50,150000</CSUD>
    <NORD>50,150000</NORD>
    <SARD>50,150000</SARD>
    <SICI>91,540000</SICI>
    <SUD>50,150000</SUD>
    <AUST>50,150000</AUST>
    <BRNN>50,150000</BRNN>
    <COAC>50,150000</COAC>
    <CORS>50,150000</CORS>
    <FOGN>50,150000</FOGN>
    <FRAN>50,150000</FRAN>
    <GREC>50,150000</GREC>
    <MFTV>50,150000</MFTV>
    <PRGP>91,540000</PRGP>
    <ROSN>50,150000</ROSN>
    <SLOV>50,150000</SLOV>
    <SVIZ>50,150000</SVIZ>
    <BSP>50,150000</BSP>
    <MALT>91,540000</MALT>
    <XAUS>50,150000</XAUS>
    <XFRA>50,150000</XFRA>
  </Prezzi>
  <Prezzi>
    <Data>20170225</Data>
    <Mercato>MGP</Mercato>
    <Ora>23</Ora>
    <PUN>49,656410</PUN>
    <NAT>49,300000</NAT>
    <CNOR>48,720000</CNOR>
    <CSUD>48,720000</CSUD>
    <NORD>48,720000</NORD>
    <SARD>48,720000</SARD>
    <SICI>61,870000</SICI>
    <SUD>48,720000</SUD>
    <AUST>48,720000</AUST>
    <BRNN>48,720000</BRNN>
    <COAC>48,720000</COAC>
    <CORS>48,720000</CORS>
    <FOGN>48,720000</FOGN>
    <FRAN>48,720000</FRAN>
    <GREC>48,720000</GREC>
    <MFTV>48,720000</MFTV>
    <PRGP>61,870000</PRGP>
    <ROSN>48,720000</ROSN>
    <SLOV>48,720000</SLOV>
    <SVIZ>48,720000</SVIZ>
    <BSP>48,720000</BSP>
    <MALT>61,870000</MALT>
    <XAUS>48,720000</XAUS>
    <XFRA>48,720000</XFRA>
  </Prezzi>
  <Prezzi>
    <Data>20170225</Data>
    <Mercato>MGP</Mercato>
    <Ora>24</Ora>
    <PUN>48,491320</PUN>
    <NAT>47,770000</NAT>
    <CNOR>47,500000</CNOR>
    <CSUD>47,500000</CSUD>
    <NORD>47,500000</NORD>
    <SARD>47,500000</SARD>
    <SICI>61,690000</SICI>
    <SUD>47,500000</SUD>
    <AUST>47,500000</AUST>
    <BRNN>47,500000</BRNN>
    <COAC>47,500000</COAC>
    <CORS>47,500000</CORS>
    <FOGN>47,500000</FOGN>
    <FRAN>47,500000</FRAN>
    <GREC>47,500000</GREC>
    <MFTV>47,500000</MFTV>
    <PRGP>61,690000</PRGP>
    <ROSN>47,500000</ROSN>
    <SLOV>47,500000</SLOV>
    <SVIZ>47,500000</SVIZ>
    <BSP>47,500000</BSP>
    <MALT>61,690000</MALT>
    <XAUS>47,500000</XAUS>
    <XFRA>47,500000</XFRA>
  </Prezzi>
</NewDataSet>