<?xml version="1.0" standalone="yes"?>
<NewDataSet>
  <xs:schema id="NewDataSet" xmlns="" xmlns:xs="http://www.w3.org/2001/XMLSchema" xmlns:msdata="urn:schemas-microsoft-com:xml-msdata">
    <xs:element name="NewDataSet" msdata:IsDataSet="true" msdata:UseCurrentLocale="true">
      <xs:complexType>
        <xs:choice minOccurs="0" maxOccurs="unbounded">
          <xs:element name="Prezzi">
            <xs:complexType>
              <xs:sequence>
                <xs:element name="Data" type="xs:string" minOccurs="0" />
                <xs:element name="Mercato" type="xs:string" minOccurs="0" />
                <xs:element name="Ora" type="xs:string" minOccurs="0" />
                <xs:element name="PUN" type="xs:string" minOccurs="0" />
                <xs:element name="NAT" type="xs:string" minOccurs="0" />
                <xs:element name="CNOR" type="xs:string" minOccurs="0" />
                <xs:element name="CSUD" type="xs:string" minOccurs="0" />
                <xs:element name="NORD" type="xs:string" minOccurs="0" />
                <xs:element name="SARD" type="xs:string" minOccurs="0" />
                <xs:element name="SICI" type="xs:string" minOccurs="0" />
                <xs:element name="SUD" type="xs:string" minOccurs="0" />
                <xs:element name="AUST" type="xs:string" minOccurs="0" />
                <xs:element name="BRNN" type="xs:string" minOccurs="0" />
                <xs:element name="COAC" type="xs:string" minOccurs="0" />
                <xs:element name="CORS" type="xs:string" minOccurs="0" />
                <xs:element name="FOGN" type="xs:string" minOccurs="0" />
                <xs:element name="FRAN" type="xs:string" minOccurs="0" />
                <xs:element name="GREC" type="xs:string" minOccurs="0" />
                <xs:element name="MFTV" type="xs:string" minOccurs="0" />
                <xs:element name="PRGP" type="xs:string" minOccurs="0" />
                <xs:element name="ROSN" type="xs:string" minOccurs="0" />
                <xs:element name="SLOV" type="xs:string" minOccurs="0" />
                <xs:element name="SVIZ" type="xs:string" minOccurs="0" />
                <xs:element name="BSP" type="xs:string" minOccurs="0" />
                <xs:element name="MALT" type="xs:string" minOccurs="0" />
                <xs:element name="XAUS" type="xs:string" minOccurs="0" />
                <xs:element name="XFRA" type="xs:string" minOccurs="0" />
              </xs:sequence>
            </xs:complexType>
          </xs:element>
        </xs:choice>
      </xs:complexType>
    </xs:element>
  </xs:schema>
  <Prezzi>
    <Data>20170213</Data>
    <Mercato>MGP</Mercato>
    <Ora>1</Ora>
    <PUN>45,120000</PUN>
    <NAT>45,120000</NAT>
    <CNOR>45,120000</CNOR>
    <CSUD>45,120000</CSUD>
    <NORD>45,120000</NORD>
    <SARD>45,120000</SARD>
    <SICI>45,120000</SICI>
    <SUD>45,120000</SUD>
    <AUST>45,120000</AUST>
    <BRNN>45,120000</BRNN>
    <COAC>45,120000</COAC>
    <CORS>45,120000</CORS>
    <FOGN>45,120000</FOGN>
    <FRAN>45,120000</FRAN>
    <GREC>45,120000</GREC>
    <MFTV>45,120000</MFTV>
    <PRGP>45,120000</PRGP>
    <ROSN>45,120000</ROSN>
    <SLOV>45,120000</SLOV>
    <SVIZ>45,120000</SVIZ>
    <BSP>45,120000</BSP>
    <MALT>45,120000</MALT>
    <XAUS>45,120000</XAUS>
    <XFRA>45,120000</XFRA>
  </Prezzi>
  <Prezzi>
    <Data>20170213</Data>
    <Mercato>MGP</Mercato>
    <Ora>2</Ora>
    <PUN>39,580000</PUN>
    <NAT>39,580000</NAT>
    <CNOR>39,580000</CNOR>
    <CSUD>39,580000</CSUD>
    <NORD>39,580000</NORD>
    <SARD>39,580000</SARD>
    <SICI>39,580000</SICI>
    <SUD>39,580000</SUD>
    <AUST>39,580000</AUST>
    <BRNN>39,580000</BRNN>
    <COAC>39,580000</COAC>
    <CORS>39,580000</CORS>
    <FOGN>39,580000</FOGN>
    <FRAN>39,580000</FRAN>
    <GREC>39,580000</GREC>
    <MFTV>39,580000</MFTV>
    <PRGP>39,580000</PRGP>
    <ROSN>39,580000</ROSN>
    <SLOV>39,580000</SLOV>
    <SVIZ>39,580000</SVIZ>
    <BSP>39,580000</BSP>
    <MALT>39,580000</MALT>
    <XAUS>39,580000</XAUS>
    <XFRA>39,580000</XFRA>
  </Prezzi>
  <Prezzi>
    <Data>20170213</Data>
    <Mercato>MGP</Mercato>
    <Ora>3</Ora>
    <PUN>39,240000</PUN>
    <NAT>39,240000</NAT>
    <CNOR>39,240000</CNOR>
    <CSUD>39,240000</CSUD>
    <NORD>39,240000</NORD>
    <SARD>39,240000</SARD>
    <SICI>39,240000</SICI>
    <SUD>39,240000</SUD>
    <AUST>39,240000</AUST>
    <BRNN>39,240000</BRNN>
    <COAC>39,240000</COAC>
    <CORS>39,240000</CORS>
    <FOGN>39,240000</FOGN>
    <FRAN>39,240000</FRAN>
    <GREC>39,240000</GREC>
    <MFTV>39,240000</MFTV>
    <PRGP>39,240000</PRGP>
    <ROSN>39,240000</ROSN>
    <SLOV>39,240000</SLOV>
    <SVIZ>39,240000</SVIZ>
    <BSP>39,240000</BSP>
    <MALT>39,240000</MALT>
    <XAUS>39,240000</XAUS>
    <XFRA>39,240000</XFRA>
  </Prezzi>
  <Prezzi>
    <Data>20170213</Data>
    <Mercato>MGP</Mercato>
    <Ora>4</Ora>
    <PUN>38,400000</PUN>
    <NAT>38,400000</NAT>
    <CNOR>38,400000</CNOR>
    <CSUD>38,400000</CSUD>
    <NORD>38,400000</NORD>
    <SARD>38,400000</SARD>
    <SICI>38,400000</SICI>
    <SUD>38,400000</SUD>
    <AUST>38,400000</AUST>
    <BRNN>38,400000</BRNN>
    <COAC>38,400000</COAC>
    <CORS>38,400000</CORS>
    <FOGN>38,400000</FOGN>
    <FRAN>38,400000</FRAN>
    <GREC>38,400000</GREC>
    <MFTV>38,400000</MFTV>
    <PRGP>38,400000</PRGP>
    <ROSN>38,400000</ROSN>
    <SLOV>38,400000</SLOV>
    <SVIZ>38,400000</SVIZ>
    <BSP>38,400000</BSP>
    <MALT>38,400000</MALT>
    <XAUS>38,400000</XAUS>
    <XFRA>38,400000</XFRA>
  </Prezzi>
  <Prezzi>
    <Data>20170213</Data>
    <Mercato>MGP</Mercato>
    <Ora>5</Ora>
    <PUN>37,000000</PUN>
    <NAT>37,000000</NAT>
    <CNOR>37,000000</CNOR>
    <CSUD>37,000000</CSUD>
    <NORD>37,000000</NORD>
    <SARD>37,000000</SARD>
    <SICI>37,000000</SICI>
    <SUD>37,000000</SUD>
    <AUST>37,000000</AUST>
    <BRNN>37,000000</BRNN>
    <COAC>37,000000</COAC>
    <CORS>37,000000</CORS>
    <FOGN>37,000000</FOGN>
    <FRAN>37,000000</FRAN>
    <GREC>37,000000</GREC>
    <MFTV>37,000000</MFTV>
    <PRGP>37,000000</PRGP>
    <ROSN>37,000000</ROSN>
    <SLOV>37,000000</SLOV>
    <SVIZ>37,000000</SVIZ>
    <BSP>37,000000</BSP>
    <MALT>37,000000</MALT>
    <XAUS>37,000000</XAUS>
    <XFRA>37,000000</XFRA>
  </Prezzi>
  <Prezzi>
    <Data>20170213</Data>
    <Mercato>MGP</Mercato>
    <Ora>6</Ora>
    <PUN>39,250000</PUN>
    <NAT>39,250000</NAT>
    <CNOR>39,250000</CNOR>
    <CSUD>39,250000</CSUD>
    <NORD>39,250000</NORD>
    <SARD>39,250000</SARD>
    <SICI>39,250000</SICI>
    <SUD>39,250000</SUD>
    <AUST>39,250000</AUST>
    <BRNN>39,250000</BRNN>
    <COAC>39,250000</COAC>
    <CORS>39,250000</CORS>
    <FOGN>39,250000</FOGN>
    <FRAN>39,250000</FRAN>
    <GREC>39,250000</GREC>
    <MFTV>39,250000</MFTV>
    <PRGP>39,250000</PRGP>
    <ROSN>39,250000</ROSN>
    <SLOV>39,250000</SLOV>
    <SVIZ>39,250000</SVIZ>
    <BSP>39,250000</BSP>
    <MALT>39,250000</MALT>
    <XAUS>39,250000</XAUS>
    <XFRA>39,250000</XFRA>
  </Prezzi>
  <Prezzi>
    <Data>20170213</Data>
    <Mercato>MGP</Mercato>
    <Ora>7</Ora>
    <PUN>49,500000</PUN>
    <NAT>49,500000</NAT>
    <CNOR>49,500000</CNOR>
    <CSUD>49,500000</CSUD>
    <NORD>49,500000</NORD>
    <SARD>49,500000</SARD>
    <SICI>49,500000</SICI>
    <SUD>49,500000</SUD>
    <AUST>49,500000</AUST>
    <BRNN>49,500000</BRNN>
    <COAC>49,500000</COAC>
    <CORS>49,500000</CORS>
    <FOGN>49,500000</FOGN>
    <FRAN>49,500000</FRAN>
    <GREC>49,500000</GREC>
    <MFTV>49,500000</MFTV>
    <PRGP>49,500000</PRGP>
    <ROSN>49,500000</ROSN>
    <SLOV>49,500000</SLOV>
    <SVIZ>49,500000</SVIZ>
    <BSP>49,500000</BSP>
    <MALT>49,500000</MALT>
    <XAUS>49,500000</XAUS>
    <XFRA>49,500000</XFRA>
  </Prezzi>
  <Prezzi>
    <Data>20170213</Data>
    <Mercato>MGP</Mercato>
    <Ora>8</Ora>
    <PUN>56,700700</PUN>
    <NAT>57,770000</NAT>
    <CNOR>55,000000</CNOR>
    <CSUD>55,000000</CSUD>
    <NORD>56,980000</NORD>
    <SARD>55,000000</SARD>
    <SICI>64,500000</SICI>
    <SUD>55,000000</SUD>
    <AUST>56,980000</AUST>
    <BRNN>55,000000</BRNN>
    <COAC>55,000000</COAC>
    <CORS>55,000000</CORS>
    <FOGN>55,000000</FOGN>
    <FRAN>56,980000</FRAN>
    <GREC>55,000000</GREC>
    <MFTV>56,980000</MFTV>
    <PRGP>64,500000</PRGP>
    <ROSN>55,000000</ROSN>
    <SLOV>56,980000</SLOV>
    <SVIZ>56,980000</SVIZ>
    <BSP>56,980000</BSP>
    <MALT>64,500000</MALT>
    <XAUS>56,980000</XAUS>
    <XFRA>56,980000</XFRA>
  </Prezzi>
  <Prezzi>
    <Data>20170213</Data>
    <Mercato>MGP</Mercato>
    <Ora>9</Ora>
    <PUN>65,735980</PUN>
    <NAT>64,680000</NAT>
    <CNOR>64,680000</CNOR>
    <CSUD>64,680000</CSUD>
    <NORD>64,680000</NORD>
    <SARD>64,680000</SARD>
    <SICI>83,690000</SICI>
    <SUD>64,680000</SUD>
    <AUST>64,680000</AUST>
    <BRNN>64,680000</BRNN>
    <COAC>64,680000</COAC>
    <CORS>64,680000</CORS>
    <FOGN>64,680000</FOGN>
    <FRAN>64,680000</FRAN>
    <GREC>64,680000</GREC>
    <MFTV>64,680000</MFTV>
    <PRGP>83,690000</PRGP>
    <ROSN>64,680000</ROSN>
    <SLOV>64,680000</SLOV>
    <SVIZ>64,680000</SVIZ>
    <BSP>64,680000</BSP>
    <MALT>83,690000</MALT>
    <XAUS>64,680000</XAUS>
    <XFRA>64,680000</XFRA>
  </Prezzi>
  <Prezzi>
    <Data>20170213</Data>
    <Mercato>MGP</Mercato>
    <Ora>10</Ora>
    <PUN>61,590430</PUN>
    <NAT>64,000000</NAT>
    <CNOR>55,000000</CNOR>
    <CSUD>55,000000</CSUD>
    <NORD>64,680000</NORD>
    <SARD>55,000000</SARD>
    <SICI>69,880000</SICI>
    <SUD>55,000000</SUD>
    <AUST>64,680000</AUST>
    <BRNN>55,000000</BRNN>
    <COAC>55,000000</COAC>
    <CORS>55,000000</CORS>
    <FOGN>55,000000</FOGN>
    <FRAN>64,680000</FRAN>
    <GREC>55,000000</GREC>
    <MFTV>64,680000</MFTV>
    <PRGP>69,880000</PRGP>
    <ROSN>55,000000</ROSN>
    <SLOV>64,680000</SLOV>
    <SVIZ>64,680000</SVIZ>
    <BSP>64,680000</BSP>
    <MALT>69,880000</MALT>
    <XAUS>64,680000</XAUS>
    <XFRA>64,680000</XFRA>
  </Prezzi>
  <Prezzi>
    <Data>20170213</Data>
    <Mercato>MGP</Mercato>
    <Ora>11</Ora>
    <PUN>59,766730</PUN>
    <NAT>57,780000</NAT>
    <CNOR>52,500000</CNOR>
    <CSUD>52,500000</CSUD>
    <NORD>64,680000</NORD>
    <SARD>52,500000</SARD>
    <SICI>52,500000</SICI>
    <SUD>52,500000</SUD>
    <AUST>64,680000</AUST>
    <BRNN>52,500000</BRNN>
    <COAC>52,500000</COAC>
    <CORS>52,500000</CORS>
    <FOGN>52,500000</FOGN>
    <FRAN>64,680000</FRAN>
    <GREC>52,500000</GREC>
    <MFTV>64,680000</MFTV>
    <PRGP>52,500000</PRGP>
    <ROSN>52,500000</ROSN>
    <SLOV>64,680000</SLOV>
    <SVIZ>64,680000</SVIZ>
    <BSP>64,680000</BSP>
    <MALT>52,500000</MALT>
    <XAUS>64,680000</XAUS>
    <XFRA>64,680000</XFRA>
  </Prezzi>
  <Prezzi>
    <Data>20170213</Data>
    <Mercato>MGP</Mercato>
    <Ora>12</Ora>
    <PUN>59,398980</PUN>
    <NAT>56,440000</NAT>
    <CNOR>51,590000</CNOR>
    <CSUD>51,590000</CSUD>
    <NORD>64,680000</NORD>
    <SARD>51,590000</SARD>
    <SICI>51,590000</SICI>
    <SUD>51,590000</SUD>
    <AUST>64,680000</AUST>
    <BRNN>51,590000</BRNN>
    <COAC>51,590000</COAC>
    <CORS>51,590000</CORS>
    <FOGN>51,590000</FOGN>
    <FRAN>64,680000</FRAN>
    <GREC>51,590000</GREC>
    <MFTV>64,680000</MFTV>
    <PRGP>51,590000</PRGP>
    <ROSN>51,590000</ROSN>
    <SLOV>64,680000</SLOV>
    <SVIZ>64,680000</SVIZ>
    <BSP>64,680000</BSP>
    <MALT>51,590000</MALT>
    <XAUS>64,680000</XAUS>
    <XFRA>64,680000</XFRA>
  </Prezzi>
  <Prezzi>
    <Data>20170213</Data>
    <Mercato>MGP</Mercato>
    <Ora>13</Ora>
    <PUN>56,803660</PUN>
    <NAT>53,150000</NAT>
    <CNOR>51,000000</CNOR>
    <CSUD>51,000000</CSUD>
    <NORD>60,860000</NORD>
    <SARD>51,000000</SARD>
    <SICI>51,000000</SICI>
    <SUD>51,000000</SUD>
    <AUST>60,860000</AUST>
    <BRNN>51,000000</BRNN>
    <COAC>51,000000</COAC>
    <CORS>51,000000</CORS>
    <FOGN>51,000000</FOGN>
    <FRAN>60,860000</FRAN>
    <GREC>51,000000</GREC>
    <MFTV>60,860000</MFTV>
    <PRGP>51,000000</PRGP>
    <ROSN>51,000000</ROSN>
    <SLOV>60,860000</SLOV>
    <SVIZ>60,860000</SVIZ>
    <BSP>60,860000</BSP>
    <MALT>51,000000</MALT>
    <XAUS>60,860000</XAUS>
    <XFRA>60,860000</XFRA>
  </Prezzi>
  <Prezzi>
    <Data>20170213</Data>
    <Mercato>MGP</Mercato>
    <Ora>14</Ora>
    <PUN>57,233470</PUN>
    <NAT>53,240000</NAT>
    <CNOR>51,000000</CNOR>
    <CSUD>51,000000</CSUD>
    <NORD>61,440000</NORD>
    <SARD>51,000000</SARD>
    <SICI>51,000000</SICI>
    <SUD>51,000000</SUD>
    <AUST>61,440000</AUST>
    <BRNN>51,000000</BRNN>
    <COAC>51,000000</COAC>
    <CORS>51,000000</CORS>
    <FOGN>51,000000</FOGN>
    <FRAN>61,440000</FRAN>
    <GREC>51,000000</GREC>
    <MFTV>61,440000</MFTV>
    <PRGP>51,000000</PRGP>
    <ROSN>51,000000</ROSN>
    <SLOV>61,440000</SLOV>
    <SVIZ>61,440000</SVIZ>
    <BSP>61,440000</BSP>
    <MALT>51,000000</MALT>
    <XAUS>61,440000</XAUS>
    <XFRA>61,440000</XFRA>
  </Prezzi>
  <Prezzi>
    <Data>20170213</Data>
    <Mercato>MGP</Mercato>
    <Ora>15</Ora>
    <PUN>57,458540</PUN>
    <NAT>55,000000</NAT>
    <CNOR>52,000000</CNOR>
    <CSUD>52,000000</CSUD>
    <NORD>61,070000</NORD>
    <SARD>52,000000</SARD>
    <SICI>52,000000</SICI>
    <SUD>52,000000</SUD>
    <AUST>61,070000</AUST>
    <BRNN>52,000000</BRNN>
    <COAC>52,000000</COAC>
    <CORS>52,000000</CORS>
    <FOGN>52,000000</FOGN>
    <FRAN>61,070000</FRAN>
    <GREC>52,000000</GREC>
    <MFTV>61,070000</MFTV>
    <PRGP>52,000000</PRGP>
    <ROSN>52,000000</ROSN>
    <SLOV>61,070000</SLOV>
    <SVIZ>61,070000</SVIZ>
    <BSP>61,070000</BSP>
    <MALT>52,000000</MALT>
    <XAUS>61,070000</XAUS>
    <XFRA>61,070000</XFRA>
  </Prezzi>
  <Prezzi>
    <Data>20170213</Data>
    <Mercato>MGP</Mercato>
    <Ora>16</Ora>
    <PUN>58,260780</PUN>
    <NAT>55,640000</NAT>
    <CNOR>56,340000</CNOR>
    <CSUD>52,000000</CSUD>
    <NORD>61,650000</NORD>
    <SARD>52,000000</SARD>
    <SICI>52,000000</SICI>
    <SUD>52,000000</SUD>
    <AUST>61,650000</AUST>
    <BRNN>52,000000</BRNN>
    <COAC>52,000000</COAC>
    <CORS>56,340000</CORS>
    <FOGN>52,000000</FOGN>
    <FRAN>61,650000</FRAN>
    <GREC>52,000000</GREC>
    <MFTV>61,650000</MFTV>
    <PRGP>52,000000</PRGP>
    <ROSN>52,000000</ROSN>
    <SLOV>61,650000</SLOV>
    <SVIZ>61,650000</SVIZ>
    <BSP>61,650000</BSP>
    <MALT>52,000000</MALT>
    <XAUS>61,650000</XAUS>
    <XFRA>61,650000</XFRA>
  </Prezzi>
  <Prezzi>
    <Data>20170213</Data>
    <Mercato>MGP</Mercato>
    <Ora>17</Ora>
    <PUN>61,601490</PUN>
    <NAT>61,550000</NAT>
    <CNOR>64,680000</CNOR>
    <CSUD>53,000000</CSUD>
    <NORD>64,680000</NORD>
    <SARD>53,000000</SARD>
    <SICI>60,400000</SICI>
    <SUD>53,000000</SUD>
    <AUST>64,680000</AUST>
    <BRNN>53,000000</BRNN>
    <COAC>53,000000</COAC>
    <CORS>64,680000</CORS>
    <FOGN>53,000000</FOGN>
    <FRAN>64,680000</FRAN>
    <GREC>53,000000</GREC>
    <MFTV>64,680000</MFTV>
    <PRGP>60,400000</PRGP>
    <ROSN>53,000000</ROSN>
    <SLOV>64,680000</SLOV>
    <SVIZ>64,680000</SVIZ>
    <BSP>64,680000</BSP>
    <MALT>60,400000</MALT>
    <XAUS>64,680000</XAUS>
    <XFRA>64,680000</XFRA>
  </Prezzi>
  <Prezzi>
    <Data>20170213</Data>
    <Mercato>MGP</Mercato>
    <Ora>18</Ora>
    <PUN>65,000000</PUN>
    <NAT>65,000000</NAT>
    <CNOR>65,000000</CNOR>
    <CSUD>65,000000</CSUD>
    <NORD>65,000000</NORD>
    <SARD>65,000000</SARD>
    <SICI>65,000000</SICI>
    <SUD>65,000000</SUD>
    <AUST>65,000000</AUST>
    <BRNN>65,000000</BRNN>
    <COAC>65,000000</COAC>
    <CORS>65,000000</CORS>
    <FOGN>65,000000</FOGN>
    <FRAN>65,000000</FRAN>
    <GREC>65,000000</GREC>
    <MFTV>65,000000</MFTV>
    <PRGP>65,000000</PRGP>
    <ROSN>65,000000</ROSN>
    <SLOV>65,000000</SLOV>
    <SVIZ>65,000000</SVIZ>
    <BSP>65,000000</BSP>
    <MALT>65,000000</MALT>
    <XAUS>65,000000</XAUS>
    <XFRA>65,000000</XFRA>
  </Prezzi>
  <Prezzi>
    <Data>20170213</Data>
    <Mercato>MGP</Mercato>
    <Ora>19</Ora>
    <PUN>69,796110</PUN>
    <NAT>69,320000</NAT>
    <CNOR>68,800000</CNOR>
    <CSUD>68,800000</CSUD>
    <NORD>68,800000</NORD>
    <SARD>68,800000</SARD>
    <SICI>85,000000</SICI>
    <SUD>68,800000</SUD>
    <AUST>68,800000</AUST>
    <BRNN>68,800000</BRNN>
    <COAC>68,800000</COAC>
    <CORS>68,800000</CORS>
    <FOGN>68,800000</FOGN>
    <FRAN>68,800000</FRAN>
    <GREC>68,800000</GREC>
    <MFTV>68,800000</MFTV>
    <PRGP>85,000000</PRGP>
    <ROSN>68,800000</ROSN>
    <SLOV>68,800000</SLOV>
    <SVIZ>68,800000</SVIZ>
    <BSP>68,800000</BSP>
    <MALT>85,000000</MALT>
    <XAUS>68,800000</XAUS>
    <XFRA>68,800000</XFRA>
  </Prezzi>
  <Prezzi>
    <Data>20170213</Data>
    <Mercato>MGP</Mercato>
    <Ora>20</Ora>
    <PUN>69,612900</PUN>
    <NAT>72,270000</NAT>
    <CNOR>68,230000</CNOR>
    <CSUD>68,230000</CSUD>
    <NORD>68,230000</NORD>
    <SARD>68,230000</SARD>
    <SICI>89,690000</SICI>
    <SUD>68,230000</SUD>
    <AUST>68,230000</AUST>
    <BRNN>68,230000</BRNN>
    <COAC>68,230000</COAC>
    <CORS>68,230000</CORS>
    <FOGN>68,230000</FOGN>
    <FRAN>68,230000</FRAN>
    <GREC>68,230000</GREC>
    <MFTV>68,230000</MFTV>
    <PRGP>89,690000</PRGP>
    <ROSN>68,230000</ROSN>
    <SLOV>68,230000</SLOV>
    <SVIZ>68,230000</SVIZ>
    <BSP>68,230000</BSP>
    <MALT>89,690000</MALT>
    <XAUS>68,230000</XAUS>
    <XFRA>68,230000</XFRA>
  </Prezzi>
  <Prezzi>
    <Data>20170213</Data>
    <Mercato>MGP</Mercato>
    <Ora>21</Ora>
    <PUN>62,671110</PUN>
    <NAT>62,360000</NAT>
    <CNOR>60,750000</CNOR>
    <CSUD>60,750000</CSUD>
    <NORD>60,750000</NORD>
    <SARD>60,750000</SARD>
    <SICI>89,690000</SICI>
    <SUD>60,750000</SUD>
    <AUST>60,750000</AUST>
    <BRNN>60,750000</BRNN>
    <COAC>60,750000</COAC>
    <CORS>60,750000</CORS>
    <FOGN>60,750000</FOGN>
    <FRAN>60,750000</FRAN>
    <GREC>60,750000</GREC>
    <MFTV>60,750000</MFTV>
    <PRGP>89,690000</PRGP>
    <ROSN>60,750000</ROSN>
    <SLOV>60,750000</SLOV>
    <SVIZ>60,750000</SVIZ>
    <BSP>60,750000</BSP>
    <MALT>89,690000</MALT>
    <XAUS>60,750000</XAUS>
    <XFRA>60,750000</XFRA>
  </Prezzi>
  <Prezzi>
    <Data>20170213</Data>
    <Mercato>MGP</Mercato>
    <Ora>22</Ora>
    <PUN>54,907250</PUN>
    <NAT>54,000000</NAT>
    <CNOR>53,640000</CNOR>
    <CSUD>53,640000</CSUD>
    <NORD>53,640000</NORD>
    <SARD>53,640000</SARD>
    <SICI>72,690000</SICI>
    <SUD>53,640000</SUD>
    <AUST>53,640000</AUST>
    <BRNN>53,640000</BRNN>
    <COAC>53,640000</COAC>
    <CORS>53,640000</CORS>
    <FOGN>53,640000</FOGN>
    <FRAN>53,640000</FRAN>
    <GREC>53,640000</GREC>
    <MFTV>53,640000</MFTV>
    <PRGP>72,690000</PRGP>
    <ROSN>53,640000</ROSN>
    <SLOV>53,640000</SLOV>
    <SVIZ>53,640000</SVIZ>
    <BSP>53,640000</BSP>
    <MALT>72,690000</MALT>
    <XAUS>53,640000</XAUS>
    <XFRA>53,640000</XFRA>
  </Prezzi>
  <Prezzi>
    <Data>20170213</Data>
    <Mercato>MGP</Mercato>
    <Ora>23</Ora>
    <PUN>52,646870</PUN>
    <NAT>52,000000</NAT>
    <CNOR>52,000000</CNOR>
    <CSUD>52,000000</CSUD>
    <NORD>52,000000</NORD>
    <SARD>52,000000</SARD>
    <SICI>61,690000</SICI>
    <SUD>52,000000</SUD>
    <AUST>52,000000</AUST>
    <BRNN>52,000000</BRNN>
    <COAC>52,000000</COAC>
    <CORS>52,000000</CORS>
    <FOGN>52,000000</FOGN>
    <FRAN>52,000000</FRAN>
    <GREC>52,000000</GREC>
    <MFTV>52,000000</MFTV>
    <PRGP>61,690000</PRGP>
    <ROSN>52,000000</ROSN>
    <SLOV>52,000000</SLOV>
    <SVIZ>52,000000</SVIZ>
    <BSP>52,000000</BSP>
    <MALT>61,690000</MALT>
    <XAUS>52,000000</XAUS>
    <XFRA>52,000000</XFRA>
  </Prezzi>
  <Prezzi>
    <Data>20170213</Data>
    <Mercato>MGP</Mercato>
    <Ora>24</Ora>
    <PUN>50,570000</PUN>
    <NAT>50,570000</NAT>
    <CNOR>50,570000</CNOR>
    <CSUD>50,570000</CSUD>
    <NORD>50,570000</NORD>
    <SARD>50,570000</SARD>
    <SICI>50,570000</SICI>
    <SUD>50,570000</SUD>
    <AUST>50,570000</AUST>
    <BRNN>50,570000</BRNN>
    <COAC>50,570000</COAC>
    <CORS>50,570000</CORS>
    <FOGN>50,570000</FOGN>
    <FRAN>50,570000</FRAN>
    <GREC>50,570000</GREC>
    <MFTV>50,570000</MFTV>
    <PRGP>50,570000</PRGP>
    <ROSN>50,570000</ROSN>
    <SLOV>50,570000</SLOV>
    <SVIZ>50,570000</SVIZ>
    <BSP>50,570000</BSP>
    <MALT>50,570000</MALT>
    <XAUS>50,570000</XAUS>
    <XFRA>50,570000</XFRA>
  </Prezzi>
</NewDataSet>