<?xml version="1.0" standalone="yes"?>
<NewDataSet>
  <xs:schema id="NewDataSet" xmlns="" xmlns:xs="http://www.w3.org/2001/XMLSchema" xmlns:msdata="urn:schemas-microsoft-com:xml-msdata">
    <xs:element name="NewDataSet" msdata:IsDataSet="true" msdata:UseCurrentLocale="true">
      <xs:complexType>
        <xs:choice minOccurs="0" maxOccurs="unbounded">
          <xs:element name="Prezzi">
            <xs:complexType>
              <xs:sequence>
                <xs:element name="Data" type="xs:string" minOccurs="0" />
                <xs:element name="Mercato" type="xs:string" minOccurs="0" />
                <xs:element name="Ora" type="xs:string" minOccurs="0" />
                <xs:element name="PUN" type="xs:string" minOccurs="0" />
                <xs:element name="NAT" type="xs:string" minOccurs="0" />
                <xs:element name="CNOR" type="xs:string" minOccurs="0" />
                <xs:element name="CSUD" type="xs:string" minOccurs="0" />
                <xs:element name="NORD" type="xs:string" minOccurs="0" />
                <xs:element name="SARD" type="xs:string" minOccurs="0" />
                <xs:element name="SICI" type="xs:string" minOccurs="0" />
                <xs:element name="SUD" type="xs:string" minOccurs="0" />
                <xs:element name="AUST" type="xs:string" minOccurs="0" />
                <xs:element name="BRNN" type="xs:string" minOccurs="0" />
                <xs:element name="COAC" type="xs:string" minOccurs="0" />
                <xs:element name="CORS" type="xs:string" minOccurs="0" />
                <xs:element name="FOGN" type="xs:string" minOccurs="0" />
                <xs:element name="FRAN" type="xs:string" minOccurs="0" />
                <xs:element name="GREC" type="xs:string" minOccurs="0" />
                <xs:element name="MFTV" type="xs:string" minOccurs="0" />
                <xs:element name="PRGP" type="xs:string" minOccurs="0" />
                <xs:element name="ROSN" type="xs:string" minOccurs="0" />
                <xs:element name="SLOV" type="xs:string" minOccurs="0" />
                <xs:element name="SVIZ" type="xs:string" minOccurs="0" />
                <xs:element name="BSP" type="xs:string" minOccurs="0" />
                <xs:element name="MALT" type="xs:string" minOccurs="0" />
                <xs:element name="XAUS" type="xs:string" minOccurs="0" />
                <xs:element name="XFRA" type="xs:string" minOccurs="0" />
              </xs:sequence>
            </xs:complexType>
          </xs:element>
        </xs:choice>
      </xs:complexType>
    </xs:element>
  </xs:schema>
  <Prezzi>
    <Data>20170226</Data>
    <Mercato>MGP</Mercato>
    <Ora>1</Ora>
    <PUN>47,455110</PUN>
    <NAT>47,770000</NAT>
    <CNOR>46,655550</CNOR>
    <CSUD>46,655550</CSUD>
    <NORD>46,655550</NORD>
    <SARD>46,655550</SARD>
    <SICI>58,540000</SICI>
    <SUD>46,655550</SUD>
    <AUST>46,655550</AUST>
    <BRNN>46,655550</BRNN>
    <COAC>46,655550</COAC>
    <CORS>46,655550</CORS>
    <FOGN>46,655550</FOGN>
    <FRAN>46,655550</FRAN>
    <GREC>46,655550</GREC>
    <MFTV>46,655550</MFTV>
    <PRGP>58,540000</PRGP>
    <ROSN>46,655550</ROSN>
    <SLOV>46,655550</SLOV>
    <SVIZ>46,655550</SVIZ>
    <BSP>46,655550</BSP>
    <MALT>58,540000</MALT>
    <XAUS>46,655550</XAUS>
    <XFRA>46,655550</XFRA>
  </Prezzi>
  <Prezzi>
    <Data>20170226</Data>
    <Mercato>MGP</Mercato>
    <Ora>2</Ora>
    <PUN>42,528590</PUN>
    <NAT>42,000000</NAT>
    <CNOR>42,528590</CNOR>
    <CSUD>42,528590</CSUD>
    <NORD>42,528590</NORD>
    <SARD>42,528590</SARD>
    <SICI>42,528590</SICI>
    <SUD>42,528590</SUD>
    <AUST>42,528590</AUST>
    <BRNN>42,528590</BRNN>
    <COAC>42,528590</COAC>
    <CORS>42,528590</CORS>
    <FOGN>42,528590</FOGN>
    <FRAN>42,528590</FRAN>
    <GREC>42,528590</GREC>
    <MFTV>42,528590</MFTV>
    <PRGP>42,528590</PRGP>
    <ROSN>42,528590</ROSN>
    <SLOV>42,528590</SLOV>
    <SVIZ>42,528590</SVIZ>
    <BSP>42,528590</BSP>
    <MALT>42,528590</MALT>
    <XAUS>42,528590</XAUS>
    <XFRA>42,528590</XFRA>
  </Prezzi>
  <Prezzi>
    <Data>20170226</Data>
    <Mercato>MGP</Mercato>
    <Ora>3</Ora>
    <PUN>41,850000</PUN>
    <NAT>41,850000</NAT>
    <CNOR>41,850000</CNOR>
    <CSUD>41,850000</CSUD>
    <NORD>41,850000</NORD>
    <SARD>41,850000</SARD>
    <SICI>41,850000</SICI>
    <SUD>41,850000</SUD>
    <AUST>41,850000</AUST>
    <BRNN>41,850000</BRNN>
    <COAC>41,850000</COAC>
    <CORS>41,850000</CORS>
    <FOGN>41,850000</FOGN>
    <FRAN>41,850000</FRAN>
    <GREC>41,850000</GREC>
    <MFTV>41,850000</MFTV>
    <PRGP>41,850000</PRGP>
    <ROSN>41,850000</ROSN>
    <SLOV>41,850000</SLOV>
    <SVIZ>41,850000</SVIZ>
    <BSP>41,850000</BSP>
    <MALT>41,850000</MALT>
    <XAUS>41,850000</XAUS>
    <XFRA>41,850000</XFRA>
  </Prezzi>
  <Prezzi>
    <Data>20170226</Data>
    <Mercato>MGP</Mercato>
    <Ora>4</Ora>
    <PUN>39,372970</PUN>
    <NAT>38,420000</NAT>
    <CNOR>39,372970</CNOR>
    <CSUD>39,372970</CSUD>
    <NORD>39,372970</NORD>
    <SARD>39,372970</SARD>
    <SICI>39,372970</SICI>
    <SUD>39,372970</SUD>
    <AUST>39,372970</AUST>
    <BRNN>39,372970</BRNN>
    <COAC>39,372970</COAC>
    <CORS>39,372970</CORS>
    <FOGN>39,372970</FOGN>
    <FRAN>39,372970</FRAN>
    <GREC>39,372970</GREC>
    <MFTV>39,372970</MFTV>
    <PRGP>39,372970</PRGP>
    <ROSN>39,372970</ROSN>
    <SLOV>39,372970</SLOV>
    <SVIZ>39,372970</SVIZ>
    <BSP>39,372970</BSP>
    <MALT>39,372970</MALT>
    <XAUS>39,372970</XAUS>
    <XFRA>39,372970</XFRA>
  </Prezzi>
  <Prezzi>
    <Data>20170226</Data>
    <Mercato>MGP</Mercato>
    <Ora>5</Ora>
    <PUN>38,718070</PUN>
    <NAT>38,620000</NAT>
    <CNOR>38,718070</CNOR>
    <CSUD>38,718070</CSUD>
    <NORD>38,718070</NORD>
    <SARD>38,718070</SARD>
    <SICI>38,718070</SICI>
    <SUD>38,718070</SUD>
    <AUST>38,718070</AUST>
    <BRNN>38,718070</BRNN>
    <COAC>38,718070</COAC>
    <CORS>38,718070</CORS>
    <FOGN>38,718070</FOGN>
    <FRAN>38,718070</FRAN>
    <GREC>38,718070</GREC>
    <MFTV>38,718070</MFTV>
    <PRGP>38,718070</PRGP>
    <ROSN>38,718070</ROSN>
    <SLOV>38,718070</SLOV>
    <SVIZ>38,718070</SVIZ>
    <BSP>38,718070</BSP>
    <MALT>38,718070</MALT>
    <XAUS>38,718070</XAUS>
    <XFRA>38,718070</XFRA>
  </Prezzi>
  <Prezzi>
    <Data>20170226</Data>
    <Mercato>MGP</Mercato>
    <Ora>6</Ora>
    <PUN>39,990000</PUN>
    <NAT>39,990000</NAT>
    <CNOR>39,990000</CNOR>
    <CSUD>39,990000</CSUD>
    <NORD>39,990000</NORD>
    <SARD>39,990000</SARD>
    <SICI>39,990000</SICI>
    <SUD>39,990000</SUD>
    <AUST>39,990000</AUST>
    <BRNN>39,990000</BRNN>
    <COAC>39,990000</COAC>
    <CORS>39,990000</CORS>
    <FOGN>39,990000</FOGN>
    <FRAN>39,990000</FRAN>
    <GREC>39,990000</GREC>
    <MFTV>39,990000</MFTV>
    <PRGP>39,990000</PRGP>
    <ROSN>39,990000</ROSN>
    <SLOV>39,990000</SLOV>
    <SVIZ>39,990000</SVIZ>
    <BSP>39,990000</BSP>
    <MALT>39,990000</MALT>
    <XAUS>39,990000</XAUS>
    <XFRA>39,990000</XFRA>
  </Prezzi>
  <Prezzi>
    <Data>20170226</Data>
    <Mercato>MGP</Mercato>
    <Ora>7</Ora>
    <PUN>40,754760</PUN>
    <NAT>40,000000</NAT>
    <CNOR>40,754760</CNOR>
    <CSUD>40,754760</CSUD>
    <NORD>40,754760</NORD>
    <SARD>40,754760</SARD>
    <SICI>40,754760</SICI>
    <SUD>40,754760</SUD>
    <AUST>40,754760</AUST>
    <BRNN>40,754760</BRNN>
    <COAC>40,754760</COAC>
    <CORS>40,754760</CORS>
    <FOGN>40,754760</FOGN>
    <FRAN>40,754760</FRAN>
    <GREC>40,754760</GREC>
    <MFTV>40,754760</MFTV>
    <PRGP>40,754760</PRGP>
    <ROSN>40,754760</ROSN>
    <SLOV>40,754760</SLOV>
    <SVIZ>40,754760</SVIZ>
    <BSP>40,754760</BSP>
    <MALT>40,754760</MALT>
    <XAUS>40,754760</XAUS>
    <XFRA>40,754760</XFRA>
  </Prezzi>
  <Prezzi>
    <Data>20170226</Data>
    <Mercato>MGP</Mercato>
    <Ora>8</Ora>
    <PUN>41,511500</PUN>
    <NAT>41,840000</NAT>
    <CNOR>41,511500</CNOR>
    <CSUD>41,511500</CSUD>
    <NORD>41,511500</NORD>
    <SARD>41,511500</SARD>
    <SICI>41,511500</SICI>
    <SUD>41,511500</SUD>
    <AUST>41,511500</AUST>
    <BRNN>41,511500</BRNN>
    <COAC>41,511500</COAC>
    <CORS>41,511500</CORS>
    <FOGN>41,511500</FOGN>
    <FRAN>41,511500</FRAN>
    <GREC>41,511500</GREC>
    <MFTV>41,511500</MFTV>
    <PRGP>41,511500</PRGP>
    <ROSN>41,511500</ROSN>
    <SLOV>41,511500</SLOV>
    <SVIZ>41,511500</SVIZ>
    <BSP>41,511500</BSP>
    <MALT>41,511500</MALT>
    <XAUS>41,511500</XAUS>
    <XFRA>41,511500</XFRA>
  </Prezzi>
  <Prezzi>
    <Data>20170226</Data>
    <Mercato>MGP</Mercato>
    <Ora>9</Ora>
    <PUN>42,962690</PUN>
    <NAT>43,890000</NAT>
    <CNOR>42,188100</CNOR>
    <CSUD>44,370000</CSUD>
    <NORD>42,188100</NORD>
    <SARD>44,370000</SARD>
    <SICI>44,370000</SICI>
    <SUD>44,370000</SUD>
    <AUST>42,188100</AUST>
    <BRNN>44,370000</BRNN>
    <COAC>44,370000</COAC>
    <CORS>44,370000</CORS>
    <FOGN>44,370000</FOGN>
    <FRAN>42,188100</FRAN>
    <GREC>44,370000</GREC>
    <MFTV>42,188100</MFTV>
    <PRGP>44,370000</PRGP>
    <ROSN>44,370000</ROSN>
    <SLOV>42,188100</SLOV>
    <SVIZ>42,188100</SVIZ>
    <BSP>42,188100</BSP>
    <MALT>44,370000</MALT>
    <XAUS>42,188100</XAUS>
    <XFRA>42,188100</XFRA>
  </Prezzi>
  <Prezzi>
    <Data>20170226</Data>
    <Mercato>MGP</Mercato>
    <Ora>10</Ora>
    <PUN>47,521130</PUN>
    <NAT>46,850000</NAT>
    <CNOR>46,580000</CNOR>
    <CSUD>46,580000</CSUD>
    <NORD>46,580000</NORD>
    <SARD>46,580000</SARD>
    <SICI>60,540000</SICI>
    <SUD>46,580000</SUD>
    <AUST>46,580000</AUST>
    <BRNN>46,580000</BRNN>
    <COAC>46,580000</COAC>
    <CORS>46,580000</CORS>
    <FOGN>46,580000</FOGN>
    <FRAN>46,580000</FRAN>
    <GREC>46,580000</GREC>
    <MFTV>46,580000</MFTV>
    <PRGP>60,540000</PRGP>
    <ROSN>46,580000</ROSN>
    <SLOV>46,580000</SLOV>
    <SVIZ>46,580000</SVIZ>
    <BSP>46,580000</BSP>
    <MALT>60,540000</MALT>
    <XAUS>46,580000</XAUS>
    <XFRA>46,580000</XFRA>
  </Prezzi>
  <Prezzi>
    <Data>20170226</Data>
    <Mercato>MGP</Mercato>
    <Ora>11</Ora>
    <PUN>49,640290</PUN>
    <NAT>48,840000</NAT>
    <CNOR>48,840000</CNOR>
    <CSUD>48,840000</CSUD>
    <NORD>48,840000</NORD>
    <SARD>48,840000</SARD>
    <SICI>60,560000</SICI>
    <SUD>48,840000</SUD>
    <AUST>48,840000</AUST>
    <BRNN>48,840000</BRNN>
    <COAC>48,840000</COAC>
    <CORS>48,840000</CORS>
    <FOGN>48,840000</FOGN>
    <FRAN>48,840000</FRAN>
    <GREC>48,840000</GREC>
    <MFTV>48,840000</MFTV>
    <PRGP>60,560000</PRGP>
    <ROSN>48,840000</ROSN>
    <SLOV>48,840000</SLOV>
    <SVIZ>48,840000</SVIZ>
    <BSP>48,840000</BSP>
    <MALT>60,560000</MALT>
    <XAUS>48,840000</XAUS>
    <XFRA>48,840000</XFRA>
  </Prezzi>
  <Prezzi>
    <Data>20170226</Data>
    <Mercato>MGP</Mercato>
    <Ora>12</Ora>
    <PUN>49,622850</PUN>
    <NAT>48,840000</NAT>
    <CNOR>48,830000</CNOR>
    <CSUD>48,830000</CSUD>
    <NORD>48,830000</NORD>
    <SARD>48,830000</SARD>
    <SICI>60,590000</SICI>
    <SUD>48,830000</SUD>
    <AUST>48,830000</AUST>
    <BRNN>48,830000</BRNN>
    <COAC>48,830000</COAC>
    <CORS>48,830000</CORS>
    <FOGN>48,830000</FOGN>
    <FRAN>48,830000</FRAN>
    <GREC>48,830000</GREC>
    <MFTV>48,830000</MFTV>
    <PRGP>60,590000</PRGP>
    <ROSN>48,830000</ROSN>
    <SLOV>48,830000</SLOV>
    <SVIZ>48,830000</SVIZ>
    <BSP>48,830000</BSP>
    <MALT>60,590000</MALT>
    <XAUS>48,830000</XAUS>
    <XFRA>48,830000</XFRA>
  </Prezzi>
  <Prezzi>
    <Data>20170226</Data>
    <Mercato>MGP</Mercato>
    <Ora>13</Ora>
    <PUN>49,194650</PUN>
    <NAT>48,740000</NAT>
    <CNOR>48,500000</CNOR>
    <CSUD>48,500000</CSUD>
    <NORD>48,500000</NORD>
    <SARD>48,500000</SARD>
    <SICI>58,590000</SICI>
    <SUD>48,500000</SUD>
    <AUST>48,500000</AUST>
    <BRNN>48,500000</BRNN>
    <COAC>48,500000</COAC>
    <CORS>48,500000</CORS>
    <FOGN>48,500000</FOGN>
    <FRAN>48,500000</FRAN>
    <GREC>48,500000</GREC>
    <MFTV>48,500000</MFTV>
    <PRGP>58,590000</PRGP>
    <ROSN>48,500000</ROSN>
    <SLOV>48,500000</SLOV>
    <SVIZ>48,500000</SVIZ>
    <BSP>48,500000</BSP>
    <MALT>58,590000</MALT>
    <XAUS>48,500000</XAUS>
    <XFRA>48,500000</XFRA>
  </Prezzi>
  <Prezzi>
    <Data>20170226</Data>
    <Mercato>MGP</Mercato>
    <Ora>14</Ora>
    <PUN>46,400000</PUN>
    <NAT>46,400000</NAT>
    <CNOR>46,400000</CNOR>
    <CSUD>46,400000</CSUD>
    <NORD>46,400000</NORD>
    <SARD>46,400000</SARD>
    <SICI>46,400000</SICI>
    <SUD>46,400000</SUD>
    <AUST>46,400000</AUST>
    <BRNN>46,400000</BRNN>
    <COAC>46,400000</COAC>
    <CORS>46,400000</CORS>
    <FOGN>46,400000</FOGN>
    <FRAN>46,400000</FRAN>
    <GREC>46,400000</GREC>
    <MFTV>46,400000</MFTV>
    <PRGP>46,400000</PRGP>
    <ROSN>46,400000</ROSN>
    <SLOV>46,400000</SLOV>
    <SVIZ>46,400000</SVIZ>
    <BSP>46,400000</BSP>
    <MALT>46,400000</MALT>
    <XAUS>46,400000</XAUS>
    <XFRA>46,400000</XFRA>
  </Prezzi>
  <Prezzi>
    <Data>20170226</Data>
    <Mercato>MGP</Mercato>
    <Ora>15</Ora>
    <PUN>47,440000</PUN>
    <NAT>47,440000</NAT>
    <CNOR>47,440000</CNOR>
    <CSUD>47,440000</CSUD>
    <NORD>47,440000</NORD>
    <SARD>47,440000</SARD>
    <SICI>47,440000</SICI>
    <SUD>47,440000</SUD>
    <AUST>47,440000</AUST>
    <BRNN>47,440000</BRNN>
    <COAC>47,440000</COAC>
    <CORS>47,440000</CORS>
    <FOGN>47,440000</FOGN>
    <FRAN>47,440000</FRAN>
    <GREC>47,440000</GREC>
    <MFTV>47,440000</MFTV>
    <PRGP>47,440000</PRGP>
    <ROSN>47,440000</ROSN>
    <SLOV>47,440000</SLOV>
    <SVIZ>47,440000</SVIZ>
    <BSP>47,440000</BSP>
    <MALT>47,440000</MALT>
    <XAUS>47,440000</XAUS>
    <XFRA>47,440000</XFRA>
  </Prezzi>
  <Prezzi>
    <Data>20170226</Data>
    <Mercato>MGP</Mercato>
    <Ora>16</Ora>
    <PUN>47,930000</PUN>
    <NAT>47,930000</NAT>
    <CNOR>47,930000</CNOR>
    <CSUD>47,930000</CSUD>
    <NORD>47,930000</NORD>
    <SARD>47,930000</SARD>
    <SICI>47,930000</SICI>
    <SUD>47,930000</SUD>
    <AUST>47,930000</AUST>
    <BRNN>47,930000</BRNN>
    <COAC>47,930000</COAC>
    <CORS>47,930000</CORS>
    <FOGN>47,930000</FOGN>
    <FRAN>47,930000</FRAN>
    <GREC>47,930000</GREC>
    <MFTV>47,930000</MFTV>
    <PRGP>47,930000</PRGP>
    <ROSN>47,930000</ROSN>
    <SLOV>47,930000</SLOV>
    <SVIZ>47,930000</SVIZ>
    <BSP>47,930000</BSP>
    <MALT>47,930000</MALT>
    <XAUS>47,930000</XAUS>
    <XFRA>47,930000</XFRA>
  </Prezzi>
  <Prezzi>
    <Data>20170226</Data>
    <Mercato>MGP</Mercato>
    <Ora>17</Ora>
    <PUN>50,413970</PUN>
    <NAT>49,830000</NAT>
    <CNOR>49,830000</CNOR>
    <CSUD>49,830000</CSUD>
    <NORD>49,830000</NORD>
    <SARD>49,830000</SARD>
    <SICI>58,610000</SICI>
    <SUD>49,830000</SUD>
    <AUST>49,830000</AUST>
    <BRNN>49,830000</BRNN>
    <COAC>49,830000</COAC>
    <CORS>49,830000</CORS>
    <FOGN>49,830000</FOGN>
    <FRAN>49,830000</FRAN>
    <GREC>49,830000</GREC>
    <MFTV>49,830000</MFTV>
    <PRGP>58,610000</PRGP>
    <ROSN>49,830000</ROSN>
    <SLOV>49,830000</SLOV>
    <SVIZ>49,830000</SVIZ>
    <BSP>49,830000</BSP>
    <MALT>58,610000</MALT>
    <XAUS>49,830000</XAUS>
    <XFRA>49,830000</XFRA>
  </Prezzi>
  <Prezzi>
    <Data>20170226</Data>
    <Mercato>MGP</Mercato>
    <Ora>18</Ora>
    <PUN>52,643450</PUN>
    <NAT>52,010000</NAT>
    <CNOR>52,000000</CNOR>
    <CSUD>52,000000</CSUD>
    <NORD>52,000000</NORD>
    <SARD>52,000000</SARD>
    <SICI>61,870000</SICI>
    <SUD>52,000000</SUD>
    <AUST>52,000000</AUST>
    <BRNN>52,000000</BRNN>
    <COAC>52,000000</COAC>
    <CORS>52,000000</CORS>
    <FOGN>52,000000</FOGN>
    <FRAN>52,000000</FRAN>
    <GREC>52,000000</GREC>
    <MFTV>52,000000</MFTV>
    <PRGP>61,870000</PRGP>
    <ROSN>52,000000</ROSN>
    <SLOV>52,000000</SLOV>
    <SVIZ>52,000000</SVIZ>
    <BSP>52,000000</BSP>
    <MALT>61,870000</MALT>
    <XAUS>52,000000</XAUS>
    <XFRA>52,000000</XFRA>
  </Prezzi>
  <Prezzi>
    <Data>20170226</Data>
    <Mercato>MGP</Mercato>
    <Ora>19</Ora>
    <PUN>56,097120</PUN>
    <NAT>55,000000</NAT>
    <CNOR>53,700000</CNOR>
    <CSUD>53,700000</CSUD>
    <NORD>53,700000</NORD>
    <SARD>53,700000</SARD>
    <SICI>90,000000</SICI>
    <SUD>53,700000</SUD>
    <AUST>53,700000</AUST>
    <BRNN>53,700000</BRNN>
    <COAC>53,700000</COAC>
    <CORS>53,700000</CORS>
    <FOGN>53,700000</FOGN>
    <FRAN>53,700000</FRAN>
    <GREC>53,700000</GREC>
    <MFTV>53,700000</MFTV>
    <PRGP>90,000000</PRGP>
    <ROSN>53,700000</ROSN>
    <SLOV>53,700000</SLOV>
    <SVIZ>53,700000</SVIZ>
    <BSP>53,700000</BSP>
    <MALT>90,000000</MALT>
    <XAUS>53,700000</XAUS>
    <XFRA>53,700000</XFRA>
  </Prezzi>
  <Prezzi>
    <Data>20170226</Data>
    <Mercato>MGP</Mercato>
    <Ora>20</Ora>
    <PUN>56,856860</PUN>
    <NAT>55,990000</NAT>
    <CNOR>54,530000</CNOR>
    <CSUD>54,530000</CSUD>
    <NORD>54,280000</NORD>
    <SARD>54,530000</SARD>
    <SICI>91,540000</SICI>
    <SUD>54,530000</SUD>
    <AUST>54,280000</AUST>
    <BRNN>54,530000</BRNN>
    <COAC>54,530000</COAC>
    <CORS>54,530000</CORS>
    <FOGN>54,530000</FOGN>
    <FRAN>54,280000</FRAN>
    <GREC>54,530000</GREC>
    <MFTV>54,280000</MFTV>
    <PRGP>91,540000</PRGP>
    <ROSN>54,530000</ROSN>
    <SLOV>54,280000</SLOV>
    <SVIZ>54,280000</SVIZ>
    <BSP>54,280000</BSP>
    <MALT>91,540000</MALT>
    <XAUS>54,280000</XAUS>
    <XFRA>54,280000</XFRA>
  </Prezzi>
  <Prezzi>
    <Data>20170226</Data>
    <Mercato>MGP</Mercato>
    <Ora>21</Ora>
    <PUN>55,895990</PUN>
    <NAT>55,010000</NAT>
    <CNOR>53,530000</CNOR>
    <CSUD>53,530000</CSUD>
    <NORD>53,000000</NORD>
    <SARD>53,530000</SARD>
    <SICI>91,540000</SICI>
    <SUD>53,530000</SUD>
    <AUST>53,000000</AUST>
    <BRNN>53,530000</BRNN>
    <COAC>53,530000</COAC>
    <CORS>53,530000</CORS>
    <FOGN>53,530000</FOGN>
    <FRAN>53,000000</FRAN>
    <GREC>53,530000</GREC>
    <MFTV>53,000000</MFTV>
    <PRGP>91,540000</PRGP>
    <ROSN>53,530000</ROSN>
    <SLOV>53,000000</SLOV>
    <SVIZ>53,000000</SVIZ>
    <BSP>53,000000</BSP>
    <MALT>91,540000</MALT>
    <XAUS>53,000000</XAUS>
    <XFRA>53,000000</XFRA>
  </Prezzi>
  <Prezzi>
    <Data>20170226</Data>
    <Mercato>MGP</Mercato>
    <Ora>22</Ora>
    <PUN>53,482540</PUN>
    <NAT>52,000000</NAT>
    <CNOR>49,990000</CNOR>
    <CSUD>52,000000</CSUD>
    <NORD>49,990000</NORD>
    <SARD>52,000000</SARD>
    <SICI>91,540000</SICI>
    <SUD>52,000000</SUD>
    <AUST>49,990000</AUST>
    <BRNN>52,000000</BRNN>
    <COAC>52,000000</COAC>
    <CORS>52,000000</CORS>
    <FOGN>52,000000</FOGN>
    <FRAN>49,990000</FRAN>
    <GREC>52,000000</GREC>
    <MFTV>49,990000</MFTV>
    <PRGP>91,540000</PRGP>
    <ROSN>52,000000</ROSN>
    <SLOV>49,990000</SLOV>
    <SVIZ>49,990000</SVIZ>
    <BSP>49,990000</BSP>
    <MALT>91,540000</MALT>
    <XAUS>49,990000</XAUS>
    <XFRA>49,990000</XFRA>
  </Prezzi>
  <Prezzi>
    <Data>20170226</Data>
    <Mercato>MGP</Mercato>
    <Ora>23</Ora>
    <PUN>52,276380</PUN>
    <NAT>49,830000</NAT>
    <CNOR>48,820000</CNOR>
    <CSUD>50,720000</CSUD>
    <NORD>48,820000</NORD>
    <SARD>50,720000</SARD>
    <SICI>90,000000</SICI>
    <SUD>50,720000</SUD>
    <AUST>48,820000</AUST>
    <BRNN>50,720000</BRNN>
    <COAC>50,720000</COAC>
    <CORS>50,720000</CORS>
    <FOGN>50,720000</FOGN>
    <FRAN>48,820000</FRAN>
    <GREC>50,720000</GREC>
    <MFTV>48,820000</MFTV>
    <PRGP>90,000000</PRGP>
    <ROSN>50,720000</ROSN>
    <SLOV>48,820000</SLOV>
    <SVIZ>48,820000</SVIZ>
    <BSP>48,820000</BSP>
    <MALT>90,000000</MALT>
    <XAUS>48,820000</XAUS>
    <XFRA>48,820000</XFRA>
  </Prezzi>
  <Prezzi>
    <Data>20170226</Data>
    <Mercato>MGP</Mercato>
    <Ora>24</Ora>
    <PUN>46,975120</PUN>
    <NAT>46,500000</NAT>
    <CNOR>45,000000</CNOR>
    <CSUD>48,480000</CSUD>
    <NORD>45,000000</NORD>
    <SARD>48,480000</SARD>
    <SICI>58,500000</SICI>
    <SUD>48,480000</SUD>
    <AUST>45,000000</AUST>
    <BRNN>48,480000</BRNN>
    <COAC>48,480000</COAC>
    <CORS>48,480000</CORS>
    <FOGN>48,480000</FOGN>
    <FRAN>45,000000</FRAN>
    <GREC>48,480000</GREC>
    <MFTV>45,000000</MFTV>
    <PRGP>58,500000</PRGP>
    <ROSN>48,480000</ROSN>
    <SLOV>45,000000</SLOV>
    <SVIZ>45,000000</SVIZ>
    <BSP>45,000000</BSP>
    <MALT>58,500000</MALT>
    <XAUS>45,000000</XAUS>
    <XFRA>45,000000</XFRA>
  </Prezzi>
</NewDataSet>