<?xml version="1.0" standalone="yes"?>
<NewDataSet>
  <xs:schema id="NewDataSet" xmlns="" xmlns:xs="http://www.w3.org/2001/XMLSchema" xmlns:msdata="urn:schemas-microsoft-com:xml-msdata">
    <xs:element name="NewDataSet" msdata:IsDataSet="true" msdata:UseCurrentLocale="true">
      <xs:complexType>
        <xs:choice minOccurs="0" maxOccurs="unbounded">
          <xs:element name="Prezzi">
            <xs:complexType>
              <xs:sequence>
                <xs:element name="Data" type="xs:string" minOccurs="0" />
                <xs:element name="Mercato" type="xs:string" minOccurs="0" />
                <xs:element name="Ora" type="xs:string" minOccurs="0" />
                <xs:element name="PUN" type="xs:string" minOccurs="0" />
                <xs:element name="NAT" type="xs:string" minOccurs="0" />
                <xs:element name="CNOR" type="xs:string" minOccurs="0" />
                <xs:element name="CSUD" type="xs:string" minOccurs="0" />
                <xs:element name="NORD" type="xs:string" minOccurs="0" />
                <xs:element name="SARD" type="xs:string" minOccurs="0" />
                <xs:element name="SICI" type="xs:string" minOccurs="0" />
                <xs:element name="SUD" type="xs:string" minOccurs="0" />
                <xs:element name="AUST" type="xs:string" minOccurs="0" />
                <xs:element name="BRNN" type="xs:string" minOccurs="0" />
                <xs:element name="COAC" type="xs:string" minOccurs="0" />
                <xs:element name="CORS" type="xs:string" minOccurs="0" />
                <xs:element name="FOGN" type="xs:string" minOccurs="0" />
                <xs:element name="FRAN" type="xs:string" minOccurs="0" />
                <xs:element name="GREC" type="xs:string" minOccurs="0" />
                <xs:element name="MFTV" type="xs:string" minOccurs="0" />
                <xs:element name="PRGP" type="xs:string" minOccurs="0" />
                <xs:element name="ROSN" type="xs:string" minOccurs="0" />
                <xs:element name="SLOV" type="xs:string" minOccurs="0" />
                <xs:element name="SVIZ" type="xs:string" minOccurs="0" />
                <xs:element name="BSP" type="xs:string" minOccurs="0" />
                <xs:element name="MALT" type="xs:string" minOccurs="0" />
                <xs:element name="XAUS" type="xs:string" minOccurs="0" />
                <xs:element name="XFRA" type="xs:string" minOccurs="0" />
              </xs:sequence>
            </xs:complexType>
          </xs:element>
        </xs:choice>
      </xs:complexType>
    </xs:element>
  </xs:schema>
  <Prezzi>
    <Data>20170220</Data>
    <Mercato>MGP</Mercato>
    <Ora>1</Ora>
    <PUN>46,270000</PUN>
    <NAT>46,270000</NAT>
    <CNOR>46,270000</CNOR>
    <CSUD>46,270000</CSUD>
    <NORD>46,270000</NORD>
    <SARD>46,270000</SARD>
    <SICI>46,270000</SICI>
    <SUD>46,270000</SUD>
    <AUST>46,270000</AUST>
    <BRNN>46,270000</BRNN>
    <COAC>46,270000</COAC>
    <CORS>46,270000</CORS>
    <FOGN>46,270000</FOGN>
    <FRAN>46,270000</FRAN>
    <GREC>46,270000</GREC>
    <MFTV>46,270000</MFTV>
    <PRGP>46,270000</PRGP>
    <ROSN>46,270000</ROSN>
    <SLOV>46,270000</SLOV>
    <SVIZ>46,270000</SVIZ>
    <BSP>46,270000</BSP>
    <MALT>46,270000</MALT>
    <XAUS>46,270000</XAUS>
    <XFRA>46,270000</XFRA>
  </Prezzi>
  <Prezzi>
    <Data>20170220</Data>
    <Mercato>MGP</Mercato>
    <Ora>2</Ora>
    <PUN>43,190000</PUN>
    <NAT>43,190000</NAT>
    <CNOR>43,190000</CNOR>
    <CSUD>43,190000</CSUD>
    <NORD>43,190000</NORD>
    <SARD>43,190000</SARD>
    <SICI>43,190000</SICI>
    <SUD>43,190000</SUD>
    <AUST>43,190000</AUST>
    <BRNN>43,190000</BRNN>
    <COAC>43,190000</COAC>
    <CORS>43,190000</CORS>
    <FOGN>43,190000</FOGN>
    <FRAN>43,190000</FRAN>
    <GREC>43,190000</GREC>
    <MFTV>43,190000</MFTV>
    <PRGP>43,190000</PRGP>
    <ROSN>43,190000</ROSN>
    <SLOV>43,190000</SLOV>
    <SVIZ>43,190000</SVIZ>
    <BSP>43,190000</BSP>
    <MALT>43,190000</MALT>
    <XAUS>43,190000</XAUS>
    <XFRA>43,190000</XFRA>
  </Prezzi>
  <Prezzi>
    <Data>20170220</Data>
    <Mercato>MGP</Mercato>
    <Ora>3</Ora>
    <PUN>41,860000</PUN>
    <NAT>41,860000</NAT>
    <CNOR>41,860000</CNOR>
    <CSUD>41,860000</CSUD>
    <NORD>41,860000</NORD>
    <SARD>41,860000</SARD>
    <SICI>41,860000</SICI>
    <SUD>41,860000</SUD>
    <AUST>41,860000</AUST>
    <BRNN>41,860000</BRNN>
    <COAC>41,860000</COAC>
    <CORS>41,860000</CORS>
    <FOGN>41,860000</FOGN>
    <FRAN>41,860000</FRAN>
    <GREC>41,860000</GREC>
    <MFTV>41,860000</MFTV>
    <PRGP>41,860000</PRGP>
    <ROSN>41,860000</ROSN>
    <SLOV>41,860000</SLOV>
    <SVIZ>41,860000</SVIZ>
    <BSP>41,860000</BSP>
    <MALT>41,860000</MALT>
    <XAUS>41,860000</XAUS>
    <XFRA>41,860000</XFRA>
  </Prezzi>
  <Prezzi>
    <Data>20170220</Data>
    <Mercato>MGP</Mercato>
    <Ora>4</Ora>
    <PUN>41,210000</PUN>
    <NAT>41,210000</NAT>
    <CNOR>41,210000</CNOR>
    <CSUD>41,210000</CSUD>
    <NORD>41,210000</NORD>
    <SARD>41,210000</SARD>
    <SICI>41,210000</SICI>
    <SUD>41,210000</SUD>
    <AUST>41,210000</AUST>
    <BRNN>41,210000</BRNN>
    <COAC>41,210000</COAC>
    <CORS>41,210000</CORS>
    <FOGN>41,210000</FOGN>
    <FRAN>41,210000</FRAN>
    <GREC>41,210000</GREC>
    <MFTV>41,210000</MFTV>
    <PRGP>41,210000</PRGP>
    <ROSN>41,210000</ROSN>
    <SLOV>41,210000</SLOV>
    <SVIZ>41,210000</SVIZ>
    <BSP>41,210000</BSP>
    <MALT>41,210000</MALT>
    <XAUS>41,210000</XAUS>
    <XFRA>41,210000</XFRA>
  </Prezzi>
  <Prezzi>
    <Data>20170220</Data>
    <Mercato>MGP</Mercato>
    <Ora>5</Ora>
    <PUN>44,780000</PUN>
    <NAT>44,780000</NAT>
    <CNOR>44,780000</CNOR>
    <CSUD>44,780000</CSUD>
    <NORD>44,780000</NORD>
    <SARD>44,780000</SARD>
    <SICI>44,780000</SICI>
    <SUD>44,780000</SUD>
    <AUST>44,780000</AUST>
    <BRNN>44,780000</BRNN>
    <COAC>44,780000</COAC>
    <CORS>44,780000</CORS>
    <FOGN>44,780000</FOGN>
    <FRAN>44,780000</FRAN>
    <GREC>44,780000</GREC>
    <MFTV>44,780000</MFTV>
    <PRGP>44,780000</PRGP>
    <ROSN>44,780000</ROSN>
    <SLOV>44,780000</SLOV>
    <SVIZ>44,780000</SVIZ>
    <BSP>44,780000</BSP>
    <MALT>44,780000</MALT>
    <XAUS>44,780000</XAUS>
    <XFRA>44,780000</XFRA>
  </Prezzi>
  <Prezzi>
    <Data>20170220</Data>
    <Mercato>MGP</Mercato>
    <Ora>6</Ora>
    <PUN>48,560000</PUN>
    <NAT>48,560000</NAT>
    <CNOR>48,560000</CNOR>
    <CSUD>48,560000</CSUD>
    <NORD>48,560000</NORD>
    <SARD>48,560000</SARD>
    <SICI>48,560000</SICI>
    <SUD>48,560000</SUD>
    <AUST>48,560000</AUST>
    <BRNN>48,560000</BRNN>
    <COAC>48,560000</COAC>
    <CORS>48,560000</CORS>
    <FOGN>48,560000</FOGN>
    <FRAN>48,560000</FRAN>
    <GREC>48,560000</GREC>
    <MFTV>48,560000</MFTV>
    <PRGP>48,560000</PRGP>
    <ROSN>48,560000</ROSN>
    <SLOV>48,560000</SLOV>
    <SVIZ>48,560000</SVIZ>
    <BSP>48,560000</BSP>
    <MALT>48,560000</MALT>
    <XAUS>48,560000</XAUS>
    <XFRA>48,560000</XFRA>
  </Prezzi>
  <Prezzi>
    <Data>20170220</Data>
    <Mercato>MGP</Mercato>
    <Ora>7</Ora>
    <PUN>60,590000</PUN>
    <NAT>60,590000</NAT>
    <CNOR>60,590000</CNOR>
    <CSUD>60,590000</CSUD>
    <NORD>60,590000</NORD>
    <SARD>60,590000</SARD>
    <SICI>60,590000</SICI>
    <SUD>60,590000</SUD>
    <AUST>60,590000</AUST>
    <BRNN>60,590000</BRNN>
    <COAC>60,590000</COAC>
    <CORS>60,590000</CORS>
    <FOGN>60,590000</FOGN>
    <FRAN>60,590000</FRAN>
    <GREC>60,590000</GREC>
    <MFTV>60,590000</MFTV>
    <PRGP>60,590000</PRGP>
    <ROSN>60,590000</ROSN>
    <SLOV>60,590000</SLOV>
    <SVIZ>60,590000</SVIZ>
    <BSP>60,590000</BSP>
    <MALT>60,590000</MALT>
    <XAUS>60,590000</XAUS>
    <XFRA>60,590000</XFRA>
  </Prezzi>
  <Prezzi>
    <Data>20170220</Data>
    <Mercato>MGP</Mercato>
    <Ora>8</Ora>
    <PUN>68,700000</PUN>
    <NAT>68,700000</NAT>
    <CNOR>68,700000</CNOR>
    <CSUD>68,700000</CSUD>
    <NORD>68,700000</NORD>
    <SARD>68,700000</SARD>
    <SICI>68,700000</SICI>
    <SUD>68,700000</SUD>
    <AUST>68,700000</AUST>
    <BRNN>68,700000</BRNN>
    <COAC>68,700000</COAC>
    <CORS>68,700000</CORS>
    <FOGN>68,700000</FOGN>
    <FRAN>68,700000</FRAN>
    <GREC>68,700000</GREC>
    <MFTV>68,700000</MFTV>
    <PRGP>68,700000</PRGP>
    <ROSN>68,700000</ROSN>
    <SLOV>68,700000</SLOV>
    <SVIZ>68,700000</SVIZ>
    <BSP>68,700000</BSP>
    <MALT>68,700000</MALT>
    <XAUS>68,700000</XAUS>
    <XFRA>68,700000</XFRA>
  </Prezzi>
  <Prezzi>
    <Data>20170220</Data>
    <Mercato>MGP</Mercato>
    <Ora>9</Ora>
    <PUN>77,250950</PUN>
    <NAT>77,670000</NAT>
    <CNOR>77,100000</CNOR>
    <CSUD>77,100000</CSUD>
    <NORD>77,100000</NORD>
    <SARD>77,100000</SARD>
    <SICI>79,990000</SICI>
    <SUD>77,100000</SUD>
    <AUST>77,100000</AUST>
    <BRNN>77,100000</BRNN>
    <COAC>77,100000</COAC>
    <CORS>77,100000</CORS>
    <FOGN>77,100000</FOGN>
    <FRAN>77,100000</FRAN>
    <GREC>77,100000</GREC>
    <MFTV>77,100000</MFTV>
    <PRGP>79,990000</PRGP>
    <ROSN>77,100000</ROSN>
    <SLOV>77,100000</SLOV>
    <SVIZ>77,100000</SVIZ>
    <BSP>77,100000</BSP>
    <MALT>79,990000</MALT>
    <XAUS>77,100000</XAUS>
    <XFRA>77,100000</XFRA>
  </Prezzi>
  <Prezzi>
    <Data>20170220</Data>
    <Mercato>MGP</Mercato>
    <Ora>10</Ora>
    <PUN>69,500000</PUN>
    <NAT>69,500000</NAT>
    <CNOR>69,500000</CNOR>
    <CSUD>69,500000</CSUD>
    <NORD>69,500000</NORD>
    <SARD>69,500000</SARD>
    <SICI>69,500000</SICI>
    <SUD>69,500000</SUD>
    <AUST>69,500000</AUST>
    <BRNN>69,500000</BRNN>
    <COAC>69,500000</COAC>
    <CORS>69,500000</CORS>
    <FOGN>69,500000</FOGN>
    <FRAN>69,500000</FRAN>
    <GREC>69,500000</GREC>
    <MFTV>69,500000</MFTV>
    <PRGP>69,500000</PRGP>
    <ROSN>69,500000</ROSN>
    <SLOV>69,500000</SLOV>
    <SVIZ>69,500000</SVIZ>
    <BSP>69,500000</BSP>
    <MALT>69,500000</MALT>
    <XAUS>69,500000</XAUS>
    <XFRA>69,500000</XFRA>
  </Prezzi>
  <Prezzi>
    <Data>20170220</Data>
    <Mercato>MGP</Mercato>
    <Ora>11</Ora>
    <PUN>61,690000</PUN>
    <NAT>61,690000</NAT>
    <CNOR>61,690000</CNOR>
    <CSUD>61,690000</CSUD>
    <NORD>61,690000</NORD>
    <SARD>61,690000</SARD>
    <SICI>61,690000</SICI>
    <SUD>61,690000</SUD>
    <AUST>61,690000</AUST>
    <BRNN>61,690000</BRNN>
    <COAC>61,690000</COAC>
    <CORS>61,690000</CORS>
    <FOGN>61,690000</FOGN>
    <FRAN>61,690000</FRAN>
    <GREC>61,690000</GREC>
    <MFTV>61,690000</MFTV>
    <PRGP>61,690000</PRGP>
    <ROSN>61,690000</ROSN>
    <SLOV>61,690000</SLOV>
    <SVIZ>61,690000</SVIZ>
    <BSP>61,690000</BSP>
    <MALT>61,690000</MALT>
    <XAUS>61,690000</XAUS>
    <XFRA>61,690000</XFRA>
  </Prezzi>
  <Prezzi>
    <Data>20170220</Data>
    <Mercato>MGP</Mercato>
    <Ora>12</Ora>
    <PUN>59,692310</PUN>
    <NAT>59,570000</NAT>
    <CNOR>59,692310</CNOR>
    <CSUD>59,692310</CSUD>
    <NORD>59,692310</NORD>
    <SARD>59,692310</SARD>
    <SICI>59,692310</SICI>
    <SUD>59,692310</SUD>
    <AUST>59,692310</AUST>
    <BRNN>59,692310</BRNN>
    <COAC>59,692310</COAC>
    <CORS>59,692310</CORS>
    <FOGN>59,692310</FOGN>
    <FRAN>59,692310</FRAN>
    <GREC>59,692310</GREC>
    <MFTV>59,692310</MFTV>
    <PRGP>59,692310</PRGP>
    <ROSN>59,692310</ROSN>
    <SLOV>59,692310</SLOV>
    <SVIZ>59,692310</SVIZ>
    <BSP>59,692310</BSP>
    <MALT>59,692310</MALT>
    <XAUS>59,692310</XAUS>
    <XFRA>59,692310</XFRA>
  </Prezzi>
  <Prezzi>
    <Data>20170220</Data>
    <Mercato>MGP</Mercato>
    <Ora>13</Ora>
    <PUN>56,414330</PUN>
    <NAT>56,270000</NAT>
    <CNOR>56,620000</CNOR>
    <CSUD>56,620000</CSUD>
    <NORD>56,620000</NORD>
    <SARD>56,620000</SARD>
    <SICI>55,000000</SICI>
    <SUD>55,000000</SUD>
    <AUST>56,620000</AUST>
    <BRNN>55,000000</BRNN>
    <COAC>56,620000</COAC>
    <CORS>56,620000</CORS>
    <FOGN>55,000000</FOGN>
    <FRAN>56,620000</FRAN>
    <GREC>55,000000</GREC>
    <MFTV>56,620000</MFTV>
    <PRGP>55,000000</PRGP>
    <ROSN>55,000000</ROSN>
    <SLOV>56,620000</SLOV>
    <SVIZ>56,620000</SVIZ>
    <BSP>56,620000</BSP>
    <MALT>55,000000</MALT>
    <XAUS>56,620000</XAUS>
    <XFRA>56,620000</XFRA>
  </Prezzi>
  <Prezzi>
    <Data>20170220</Data>
    <Mercato>MGP</Mercato>
    <Ora>14</Ora>
    <PUN>54,980000</PUN>
    <NAT>54,690000</NAT>
    <CNOR>54,980000</CNOR>
    <CSUD>54,980000</CSUD>
    <NORD>54,980000</NORD>
    <SARD>54,980000</SARD>
    <SICI>54,980000</SICI>
    <SUD>54,980000</SUD>
    <AUST>54,980000</AUST>
    <BRNN>54,980000</BRNN>
    <COAC>54,980000</COAC>
    <CORS>54,980000</CORS>
    <FOGN>54,980000</FOGN>
    <FRAN>54,980000</FRAN>
    <GREC>54,980000</GREC>
    <MFTV>54,980000</MFTV>
    <PRGP>54,980000</PRGP>
    <ROSN>54,980000</ROSN>
    <SLOV>54,980000</SLOV>
    <SVIZ>54,980000</SVIZ>
    <BSP>54,980000</BSP>
    <MALT>54,980000</MALT>
    <XAUS>54,980000</XAUS>
    <XFRA>54,980000</XFRA>
  </Prezzi>
  <Prezzi>
    <Data>20170220</Data>
    <Mercato>MGP</Mercato>
    <Ora>15</Ora>
    <PUN>57,900000</PUN>
    <NAT>57,900000</NAT>
    <CNOR>57,900000</CNOR>
    <CSUD>57,900000</CSUD>
    <NORD>57,900000</NORD>
    <SARD>57,900000</SARD>
    <SICI>57,900000</SICI>
    <SUD>57,900000</SUD>
    <AUST>57,900000</AUST>
    <BRNN>57,900000</BRNN>
    <COAC>57,900000</COAC>
    <CORS>57,900000</CORS>
    <FOGN>57,900000</FOGN>
    <FRAN>57,900000</FRAN>
    <GREC>57,900000</GREC>
    <MFTV>57,900000</MFTV>
    <PRGP>57,900000</PRGP>
    <ROSN>57,900000</ROSN>
    <SLOV>57,900000</SLOV>
    <SVIZ>57,900000</SVIZ>
    <BSP>57,900000</BSP>
    <MALT>57,900000</MALT>
    <XAUS>57,900000</XAUS>
    <XFRA>57,900000</XFRA>
  </Prezzi>
  <Prezzi>
    <Data>20170220</Data>
    <Mercato>MGP</Mercato>
    <Ora>16</Ora>
    <PUN>61,690000</PUN>
    <NAT>61,690000</NAT>
    <CNOR>61,690000</CNOR>
    <CSUD>61,690000</CSUD>
    <NORD>61,690000</NORD>
    <SARD>61,690000</SARD>
    <SICI>61,690000</SICI>
    <SUD>61,690000</SUD>
    <AUST>61,690000</AUST>
    <BRNN>61,690000</BRNN>
    <COAC>61,690000</COAC>
    <CORS>61,690000</CORS>
    <FOGN>61,690000</FOGN>
    <FRAN>61,690000</FRAN>
    <GREC>61,690000</GREC>
    <MFTV>61,690000</MFTV>
    <PRGP>61,690000</PRGP>
    <ROSN>61,690000</ROSN>
    <SLOV>61,690000</SLOV>
    <SVIZ>61,690000</SVIZ>
    <BSP>61,690000</BSP>
    <MALT>61,690000</MALT>
    <XAUS>61,690000</XAUS>
    <XFRA>61,690000</XFRA>
  </Prezzi>
  <Prezzi>
    <Data>20170220</Data>
    <Mercato>MGP</Mercato>
    <Ora>17</Ora>
    <PUN>67,430000</PUN>
    <NAT>67,430000</NAT>
    <CNOR>67,430000</CNOR>
    <CSUD>67,430000</CSUD>
    <NORD>67,430000</NORD>
    <SARD>67,430000</SARD>
    <SICI>67,430000</SICI>
    <SUD>67,430000</SUD>
    <AUST>67,430000</AUST>
    <BRNN>67,430000</BRNN>
    <COAC>67,430000</COAC>
    <CORS>67,430000</CORS>
    <FOGN>67,430000</FOGN>
    <FRAN>67,430000</FRAN>
    <GREC>67,430000</GREC>
    <MFTV>67,430000</MFTV>
    <PRGP>67,430000</PRGP>
    <ROSN>67,430000</ROSN>
    <SLOV>67,430000</SLOV>
    <SVIZ>67,430000</SVIZ>
    <BSP>67,430000</BSP>
    <MALT>67,430000</MALT>
    <XAUS>67,430000</XAUS>
    <XFRA>67,430000</XFRA>
  </Prezzi>
  <Prezzi>
    <Data>20170220</Data>
    <Mercato>MGP</Mercato>
    <Ora>18</Ora>
    <PUN>81,000000</PUN>
    <NAT>81,000000</NAT>
    <CNOR>81,000000</CNOR>
    <CSUD>81,000000</CSUD>
    <NORD>81,000000</NORD>
    <SARD>81,000000</SARD>
    <SICI>81,000000</SICI>
    <SUD>81,000000</SUD>
    <AUST>81,000000</AUST>
    <BRNN>81,000000</BRNN>
    <COAC>81,000000</COAC>
    <CORS>81,000000</CORS>
    <FOGN>81,000000</FOGN>
    <FRAN>81,000000</FRAN>
    <GREC>81,000000</GREC>
    <MFTV>81,000000</MFTV>
    <PRGP>81,000000</PRGP>
    <ROSN>81,000000</ROSN>
    <SLOV>81,000000</SLOV>
    <SVIZ>81,000000</SVIZ>
    <BSP>81,000000</BSP>
    <MALT>81,000000</MALT>
    <XAUS>81,000000</XAUS>
    <XFRA>81,000000</XFRA>
  </Prezzi>
  <Prezzi>
    <Data>20170220</Data>
    <Mercato>MGP</Mercato>
    <Ora>19</Ora>
    <PUN>96,010000</PUN>
    <NAT>96,010000</NAT>
    <CNOR>96,010000</CNOR>
    <CSUD>96,010000</CSUD>
    <NORD>96,010000</NORD>
    <SARD>96,010000</SARD>
    <SICI>96,010000</SICI>
    <SUD>96,010000</SUD>
    <AUST>96,010000</AUST>
    <BRNN>96,010000</BRNN>
    <COAC>96,010000</COAC>
    <CORS>96,010000</CORS>
    <FOGN>96,010000</FOGN>
    <FRAN>96,010000</FRAN>
    <GREC>96,010000</GREC>
    <MFTV>96,010000</MFTV>
    <PRGP>96,010000</PRGP>
    <ROSN>96,010000</ROSN>
    <SLOV>96,010000</SLOV>
    <SVIZ>96,010000</SVIZ>
    <BSP>96,010000</BSP>
    <MALT>96,010000</MALT>
    <XAUS>96,010000</XAUS>
    <XFRA>96,010000</XFRA>
  </Prezzi>
  <Prezzi>
    <Data>20170220</Data>
    <Mercato>MGP</Mercato>
    <Ora>20</Ora>
    <PUN>91,540000</PUN>
    <NAT>91,540000</NAT>
    <CNOR>91,540000</CNOR>
    <CSUD>91,540000</CSUD>
    <NORD>91,540000</NORD>
    <SARD>91,540000</SARD>
    <SICI>91,540000</SICI>
    <SUD>91,540000</SUD>
    <AUST>91,540000</AUST>
    <BRNN>91,540000</BRNN>
    <COAC>91,540000</COAC>
    <CORS>91,540000</CORS>
    <FOGN>91,540000</FOGN>
    <FRAN>91,540000</FRAN>
    <GREC>91,540000</GREC>
    <MFTV>91,540000</MFTV>
    <PRGP>91,540000</PRGP>
    <ROSN>91,540000</ROSN>
    <SLOV>91,540000</SLOV>
    <SVIZ>91,540000</SVIZ>
    <BSP>91,540000</BSP>
    <MALT>91,540000</MALT>
    <XAUS>91,540000</XAUS>
    <XFRA>91,540000</XFRA>
  </Prezzi>
  <Prezzi>
    <Data>20170220</Data>
    <Mercato>MGP</Mercato>
    <Ora>21</Ora>
    <PUN>80,744010</PUN>
    <NAT>91,540000</NAT>
    <CNOR>80,000000</CNOR>
    <CSUD>80,000000</CSUD>
    <NORD>80,000000</NORD>
    <SARD>80,000000</SARD>
    <SICI>91,540000</SICI>
    <SUD>80,000000</SUD>
    <AUST>80,000000</AUST>
    <BRNN>80,000000</BRNN>
    <COAC>80,000000</COAC>
    <CORS>80,000000</CORS>
    <FOGN>80,000000</FOGN>
    <FRAN>80,000000</FRAN>
    <GREC>80,000000</GREC>
    <MFTV>80,000000</MFTV>
    <PRGP>91,540000</PRGP>
    <ROSN>80,000000</ROSN>
    <SLOV>80,000000</SLOV>
    <SVIZ>80,000000</SVIZ>
    <BSP>80,000000</BSP>
    <MALT>91,540000</MALT>
    <XAUS>80,000000</XAUS>
    <XFRA>80,000000</XFRA>
  </Prezzi>
  <Prezzi>
    <Data>20170220</Data>
    <Mercato>MGP</Mercato>
    <Ora>22</Ora>
    <PUN>91,540000</PUN>
    <NAT>91,540000</NAT>
    <CNOR>91,540000</CNOR>
    <CSUD>91,540000</CSUD>
    <NORD>91,540000</NORD>
    <SARD>91,540000</SARD>
    <SICI>91,540000</SICI>
    <SUD>91,540000</SUD>
    <AUST>91,540000</AUST>
    <BRNN>91,540000</BRNN>
    <COAC>91,540000</COAC>
    <CORS>91,540000</CORS>
    <FOGN>91,540000</FOGN>
    <FRAN>91,540000</FRAN>
    <GREC>91,540000</GREC>
    <MFTV>91,540000</MFTV>
    <PRGP>91,540000</PRGP>
    <ROSN>91,540000</ROSN>
    <SLOV>91,540000</SLOV>
    <SVIZ>91,540000</SVIZ>
    <BSP>91,540000</BSP>
    <MALT>91,540000</MALT>
    <XAUS>91,540000</XAUS>
    <XFRA>91,540000</XFRA>
  </Prezzi>
  <Prezzi>
    <Data>20170220</Data>
    <Mercato>MGP</Mercato>
    <Ora>23</Ora>
    <PUN>66,900000</PUN>
    <NAT>66,900000</NAT>
    <CNOR>66,900000</CNOR>
    <CSUD>66,900000</CSUD>
    <NORD>66,900000</NORD>
    <SARD>66,900000</SARD>
    <SICI>66,900000</SICI>
    <SUD>66,900000</SUD>
    <AUST>66,900000</AUST>
    <BRNN>66,900000</BRNN>
    <COAC>66,900000</COAC>
    <CORS>66,900000</CORS>
    <FOGN>66,900000</FOGN>
    <FRAN>66,900000</FRAN>
    <GREC>66,900000</GREC>
    <MFTV>66,900000</MFTV>
    <PRGP>66,900000</PRGP>
    <ROSN>66,900000</ROSN>
    <SLOV>66,900000</SLOV>
    <SVIZ>66,900000</SVIZ>
    <BSP>66,900000</BSP>
    <MALT>66,900000</MALT>
    <XAUS>66,900000</XAUS>
    <XFRA>66,900000</XFRA>
  </Prezzi>
  <Prezzi>
    <Data>20170220</Data>
    <Mercato>MGP</Mercato>
    <Ora>24</Ora>
    <PUN>52,509740</PUN>
    <NAT>52,000000</NAT>
    <CNOR>52,000000</CNOR>
    <CSUD>52,000000</CSUD>
    <NORD>52,000000</NORD>
    <SARD>52,000000</SARD>
    <SICI>60,130000</SICI>
    <SUD>52,000000</SUD>
    <AUST>52,000000</AUST>
    <BRNN>52,000000</BRNN>
    <COAC>52,000000</COAC>
    <CORS>52,000000</CORS>
    <FOGN>52,000000</FOGN>
    <FRAN>52,000000</FRAN>
    <GREC>52,000000</GREC>
    <MFTV>52,000000</MFTV>
    <PRGP>60,130000</PRGP>
    <ROSN>52,000000</ROSN>
    <SLOV>52,000000</SLOV>
    <SVIZ>52,000000</SVIZ>
    <BSP>52,000000</BSP>
    <MALT>60,130000</MALT>
    <XAUS>52,000000</XAUS>
    <XFRA>52,000000</XFRA>
  </Prezzi>
</NewDataSet>