<?xml version="1.0" standalone="yes"?>
<NewDataSet>
  <xs:schema id="NewDataSet" xmlns="" xmlns:xs="http://www.w3.org/2001/XMLSchema" xmlns:msdata="urn:schemas-microsoft-com:xml-msdata">
    <xs:element name="NewDataSet" msdata:IsDataSet="true" msdata:UseCurrentLocale="true">
      <xs:complexType>
        <xs:choice minOccurs="0" maxOccurs="unbounded">
          <xs:element name="Prezzi">
            <xs:complexType>
              <xs:sequence>
                <xs:element name="Data" type="xs:string" minOccurs="0" />
                <xs:element name="Mercato" type="xs:string" minOccurs="0" />
                <xs:element name="Ora" type="xs:string" minOccurs="0" />
                <xs:element name="PUN" type="xs:string" minOccurs="0" />
                <xs:element name="NAT" type="xs:string" minOccurs="0" />
                <xs:element name="CNOR" type="xs:string" minOccurs="0" />
                <xs:element name="CSUD" type="xs:string" minOccurs="0" />
                <xs:element name="NORD" type="xs:string" minOccurs="0" />
                <xs:element name="SARD" type="xs:string" minOccurs="0" />
                <xs:element name="SICI" type="xs:string" minOccurs="0" />
                <xs:element name="SUD" type="xs:string" minOccurs="0" />
                <xs:element name="AUST" type="xs:string" minOccurs="0" />
                <xs:element name="BRNN" type="xs:string" minOccurs="0" />
                <xs:element name="COAC" type="xs:string" minOccurs="0" />
                <xs:element name="CORS" type="xs:string" minOccurs="0" />
                <xs:element name="FOGN" type="xs:string" minOccurs="0" />
                <xs:element name="FRAN" type="xs:string" minOccurs="0" />
                <xs:element name="GREC" type="xs:string" minOccurs="0" />
                <xs:element name="MFTV" type="xs:string" minOccurs="0" />
                <xs:element name="PRGP" type="xs:string" minOccurs="0" />
                <xs:element name="ROSN" type="xs:string" minOccurs="0" />
                <xs:element name="SLOV" type="xs:string" minOccurs="0" />
                <xs:element name="SVIZ" type="xs:string" minOccurs="0" />
                <xs:element name="BSP" type="xs:string" minOccurs="0" />
                <xs:element name="MALT" type="xs:string" minOccurs="0" />
                <xs:element name="XAUS" type="xs:string" minOccurs="0" />
                <xs:element name="XFRA" type="xs:string" minOccurs="0" />
              </xs:sequence>
            </xs:complexType>
          </xs:element>
        </xs:choice>
      </xs:complexType>
    </xs:element>
  </xs:schema>
  <Prezzi>
    <Data>20170224</Data>
    <Mercato>MGP</Mercato>
    <Ora>1</Ora>
    <PUN>41,370000</PUN>
    <NAT>41,370000</NAT>
    <CNOR>41,370000</CNOR>
    <CSUD>41,370000</CSUD>
    <NORD>41,370000</NORD>
    <SARD>41,370000</SARD>
    <SICI>41,370000</SICI>
    <SUD>41,370000</SUD>
    <AUST>41,370000</AUST>
    <BRNN>41,370000</BRNN>
    <COAC>41,370000</COAC>
    <CORS>41,370000</CORS>
    <FOGN>41,370000</FOGN>
    <FRAN>41,370000</FRAN>
    <GREC>41,370000</GREC>
    <MFTV>41,370000</MFTV>
    <PRGP>41,370000</PRGP>
    <ROSN>41,370000</ROSN>
    <SLOV>41,370000</SLOV>
    <SVIZ>41,370000</SVIZ>
    <BSP>41,370000</BSP>
    <MALT>41,370000</MALT>
    <XAUS>41,370000</XAUS>
    <XFRA>41,370000</XFRA>
  </Prezzi>
  <Prezzi>
    <Data>20170224</Data>
    <Mercato>MGP</Mercato>
    <Ora>2</Ora>
    <PUN>38,900000</PUN>
    <NAT>38,900000</NAT>
    <CNOR>38,900000</CNOR>
    <CSUD>38,900000</CSUD>
    <NORD>38,900000</NORD>
    <SARD>38,900000</SARD>
    <SICI>38,900000</SICI>
    <SUD>38,900000</SUD>
    <AUST>38,900000</AUST>
    <BRNN>38,900000</BRNN>
    <COAC>38,900000</COAC>
    <CORS>38,900000</CORS>
    <FOGN>38,900000</FOGN>
    <FRAN>38,900000</FRAN>
    <GREC>38,900000</GREC>
    <MFTV>38,900000</MFTV>
    <PRGP>38,900000</PRGP>
    <ROSN>38,900000</ROSN>
    <SLOV>38,900000</SLOV>
    <SVIZ>38,900000</SVIZ>
    <BSP>38,900000</BSP>
    <MALT>38,900000</MALT>
    <XAUS>38,900000</XAUS>
    <XFRA>38,900000</XFRA>
  </Prezzi>
  <Prezzi>
    <Data>20170224</Data>
    <Mercato>MGP</Mercato>
    <Ora>3</Ora>
    <PUN>38,020000</PUN>
    <NAT>38,020000</NAT>
    <CNOR>38,020000</CNOR>
    <CSUD>38,020000</CSUD>
    <NORD>38,020000</NORD>
    <SARD>38,020000</SARD>
    <SICI>38,020000</SICI>
    <SUD>38,020000</SUD>
    <AUST>38,020000</AUST>
    <BRNN>38,020000</BRNN>
    <COAC>38,020000</COAC>
    <CORS>38,020000</CORS>
    <FOGN>38,020000</FOGN>
    <FRAN>38,020000</FRAN>
    <GREC>38,020000</GREC>
    <MFTV>38,020000</MFTV>
    <PRGP>38,020000</PRGP>
    <ROSN>38,020000</ROSN>
    <SLOV>38,020000</SLOV>
    <SVIZ>38,020000</SVIZ>
    <BSP>38,020000</BSP>
    <MALT>38,020000</MALT>
    <XAUS>38,020000</XAUS>
    <XFRA>38,020000</XFRA>
  </Prezzi>
  <Prezzi>
    <Data>20170224</Data>
    <Mercato>MGP</Mercato>
    <Ora>4</Ora>
    <PUN>37,420000</PUN>
    <NAT>37,420000</NAT>
    <CNOR>37,420000</CNOR>
    <CSUD>37,420000</CSUD>
    <NORD>37,420000</NORD>
    <SARD>37,420000</SARD>
    <SICI>37,420000</SICI>
    <SUD>37,420000</SUD>
    <AUST>37,420000</AUST>
    <BRNN>37,420000</BRNN>
    <COAC>37,420000</COAC>
    <CORS>37,420000</CORS>
    <FOGN>37,420000</FOGN>
    <FRAN>37,420000</FRAN>
    <GREC>37,420000</GREC>
    <MFTV>37,420000</MFTV>
    <PRGP>37,420000</PRGP>
    <ROSN>37,420000</ROSN>
    <SLOV>37,420000</SLOV>
    <SVIZ>37,420000</SVIZ>
    <BSP>37,420000</BSP>
    <MALT>37,420000</MALT>
    <XAUS>37,420000</XAUS>
    <XFRA>37,420000</XFRA>
  </Prezzi>
  <Prezzi>
    <Data>20170224</Data>
    <Mercato>MGP</Mercato>
    <Ora>5</Ora>
    <PUN>37,291180</PUN>
    <NAT>37,400000</NAT>
    <CNOR>37,291180</CNOR>
    <CSUD>37,291180</CSUD>
    <NORD>37,291180</NORD>
    <SARD>37,291180</SARD>
    <SICI>37,291180</SICI>
    <SUD>37,291180</SUD>
    <AUST>37,291180</AUST>
    <BRNN>37,291180</BRNN>
    <COAC>37,291180</COAC>
    <CORS>37,291180</CORS>
    <FOGN>37,291180</FOGN>
    <FRAN>37,291180</FRAN>
    <GREC>37,291180</GREC>
    <MFTV>37,291180</MFTV>
    <PRGP>37,291180</PRGP>
    <ROSN>37,291180</ROSN>
    <SLOV>37,291180</SLOV>
    <SVIZ>37,291180</SVIZ>
    <BSP>37,291180</BSP>
    <MALT>37,291180</MALT>
    <XAUS>37,291180</XAUS>
    <XFRA>37,291180</XFRA>
  </Prezzi>
  <Prezzi>
    <Data>20170224</Data>
    <Mercato>MGP</Mercato>
    <Ora>6</Ora>
    <PUN>39,590000</PUN>
    <NAT>38,400000</NAT>
    <CNOR>39,590000</CNOR>
    <CSUD>39,590000</CSUD>
    <NORD>39,590000</NORD>
    <SARD>39,590000</SARD>
    <SICI>39,590000</SICI>
    <SUD>39,590000</SUD>
    <AUST>39,590000</AUST>
    <BRNN>39,590000</BRNN>
    <COAC>39,590000</COAC>
    <CORS>39,590000</CORS>
    <FOGN>39,590000</FOGN>
    <FRAN>39,590000</FRAN>
    <GREC>39,590000</GREC>
    <MFTV>39,590000</MFTV>
    <PRGP>39,590000</PRGP>
    <ROSN>39,590000</ROSN>
    <SLOV>39,590000</SLOV>
    <SVIZ>39,590000</SVIZ>
    <BSP>39,590000</BSP>
    <MALT>39,590000</MALT>
    <XAUS>39,590000</XAUS>
    <XFRA>39,590000</XFRA>
  </Prezzi>
  <Prezzi>
    <Data>20170224</Data>
    <Mercato>MGP</Mercato>
    <Ora>7</Ora>
    <PUN>48,420000</PUN>
    <NAT>48,420000</NAT>
    <CNOR>48,420000</CNOR>
    <CSUD>48,420000</CSUD>
    <NORD>48,420000</NORD>
    <SARD>48,420000</SARD>
    <SICI>48,420000</SICI>
    <SUD>48,420000</SUD>
    <AUST>48,420000</AUST>
    <BRNN>48,420000</BRNN>
    <COAC>48,420000</COAC>
    <CORS>48,420000</CORS>
    <FOGN>48,420000</FOGN>
    <FRAN>48,420000</FRAN>
    <GREC>48,420000</GREC>
    <MFTV>48,420000</MFTV>
    <PRGP>48,420000</PRGP>
    <ROSN>48,420000</ROSN>
    <SLOV>48,420000</SLOV>
    <SVIZ>48,420000</SVIZ>
    <BSP>48,420000</BSP>
    <MALT>48,420000</MALT>
    <XAUS>48,420000</XAUS>
    <XFRA>48,420000</XFRA>
  </Prezzi>
  <Prezzi>
    <Data>20170224</Data>
    <Mercato>MGP</Mercato>
    <Ora>8</Ora>
    <PUN>54,379140</PUN>
    <NAT>54,250000</NAT>
    <CNOR>54,710000</CNOR>
    <CSUD>54,710000</CSUD>
    <NORD>54,710000</NORD>
    <SARD>54,710000</SARD>
    <SICI>52,000000</SICI>
    <SUD>52,000000</SUD>
    <AUST>54,710000</AUST>
    <BRNN>52,000000</BRNN>
    <COAC>54,710000</COAC>
    <CORS>54,710000</CORS>
    <FOGN>52,000000</FOGN>
    <FRAN>54,710000</FRAN>
    <GREC>52,000000</GREC>
    <MFTV>54,710000</MFTV>
    <PRGP>52,000000</PRGP>
    <ROSN>52,000000</ROSN>
    <SLOV>54,710000</SLOV>
    <SVIZ>54,710000</SVIZ>
    <BSP>54,710000</BSP>
    <MALT>52,000000</MALT>
    <XAUS>54,710000</XAUS>
    <XFRA>54,710000</XFRA>
  </Prezzi>
  <Prezzi>
    <Data>20170224</Data>
    <Mercato>MGP</Mercato>
    <Ora>9</Ora>
    <PUN>57,030850</PUN>
    <NAT>56,590000</NAT>
    <CNOR>57,734230</CNOR>
    <CSUD>57,734230</CSUD>
    <NORD>57,734230</NORD>
    <SARD>57,734230</SARD>
    <SICI>52,000000</SICI>
    <SUD>52,000000</SUD>
    <AUST>57,734230</AUST>
    <BRNN>52,000000</BRNN>
    <COAC>57,734230</COAC>
    <CORS>57,734230</CORS>
    <FOGN>52,000000</FOGN>
    <FRAN>57,734230</FRAN>
    <GREC>52,000000</GREC>
    <MFTV>57,734230</MFTV>
    <PRGP>52,000000</PRGP>
    <ROSN>52,000000</ROSN>
    <SLOV>57,734230</SLOV>
    <SVIZ>57,734230</SVIZ>
    <BSP>57,734230</BSP>
    <MALT>52,000000</MALT>
    <XAUS>57,734230</XAUS>
    <XFRA>57,734230</XFRA>
  </Prezzi>
  <Prezzi>
    <Data>20170224</Data>
    <Mercato>MGP</Mercato>
    <Ora>10</Ora>
    <PUN>57,657140</PUN>
    <NAT>55,990000</NAT>
    <CNOR>58,570000</CNOR>
    <CSUD>58,570000</CSUD>
    <NORD>58,570000</NORD>
    <SARD>58,570000</SARD>
    <SICI>50,850000</SICI>
    <SUD>50,850000</SUD>
    <AUST>58,570000</AUST>
    <BRNN>50,850000</BRNN>
    <COAC>58,570000</COAC>
    <CORS>58,570000</CORS>
    <FOGN>50,850000</FOGN>
    <FRAN>58,570000</FRAN>
    <GREC>50,850000</GREC>
    <MFTV>58,570000</MFTV>
    <PRGP>50,850000</PRGP>
    <ROSN>50,850000</ROSN>
    <SLOV>58,570000</SLOV>
    <SVIZ>58,570000</SVIZ>
    <BSP>58,570000</BSP>
    <MALT>50,850000</MALT>
    <XAUS>58,570000</XAUS>
    <XFRA>58,570000</XFRA>
  </Prezzi>
  <Prezzi>
    <Data>20170224</Data>
    <Mercato>MGP</Mercato>
    <Ora>11</Ora>
    <PUN>57,231310</PUN>
    <NAT>55,010000</NAT>
    <CNOR>58,203950</CNOR>
    <CSUD>58,203950</CSUD>
    <NORD>58,203950</NORD>
    <SARD>58,203950</SARD>
    <SICI>49,760000</SICI>
    <SUD>49,760000</SUD>
    <AUST>58,203950</AUST>
    <BRNN>49,760000</BRNN>
    <COAC>58,203950</COAC>
    <CORS>58,203950</CORS>
    <FOGN>49,760000</FOGN>
    <FRAN>58,203950</FRAN>
    <GREC>49,760000</GREC>
    <MFTV>58,203950</MFTV>
    <PRGP>49,760000</PRGP>
    <ROSN>49,760000</ROSN>
    <SLOV>58,203950</SLOV>
    <SVIZ>58,203950</SVIZ>
    <BSP>58,203950</BSP>
    <MALT>49,760000</MALT>
    <XAUS>58,203950</XAUS>
    <XFRA>58,203950</XFRA>
  </Prezzi>
  <Prezzi>
    <Data>20170224</Data>
    <Mercato>MGP</Mercato>
    <Ora>12</Ora>
    <PUN>55,296550</PUN>
    <NAT>54,000000</NAT>
    <CNOR>57,940000</CNOR>
    <CSUD>48,520000</CSUD>
    <NORD>57,940000</NORD>
    <SARD>48,520000</SARD>
    <SICI>48,520000</SICI>
    <SUD>48,520000</SUD>
    <AUST>57,940000</AUST>
    <BRNN>48,520000</BRNN>
    <COAC>48,520000</COAC>
    <CORS>57,940000</CORS>
    <FOGN>48,520000</FOGN>
    <FRAN>57,940000</FRAN>
    <GREC>48,520000</GREC>
    <MFTV>57,940000</MFTV>
    <PRGP>48,520000</PRGP>
    <ROSN>48,520000</ROSN>
    <SLOV>57,940000</SLOV>
    <SVIZ>57,940000</SVIZ>
    <BSP>57,940000</BSP>
    <MALT>48,520000</MALT>
    <XAUS>57,940000</XAUS>
    <XFRA>57,940000</XFRA>
  </Prezzi>
  <Prezzi>
    <Data>20170224</Data>
    <Mercato>MGP</Mercato>
    <Ora>13</Ora>
    <PUN>54,226660</PUN>
    <NAT>51,970000</NAT>
    <CNOR>55,990000</CNOR>
    <CSUD>48,520000</CSUD>
    <NORD>56,690000</NORD>
    <SARD>48,520000</SARD>
    <SICI>48,520000</SICI>
    <SUD>48,520000</SUD>
    <AUST>56,690000</AUST>
    <BRNN>48,520000</BRNN>
    <COAC>48,520000</COAC>
    <CORS>55,990000</CORS>
    <FOGN>48,520000</FOGN>
    <FRAN>56,690000</FRAN>
    <GREC>48,520000</GREC>
    <MFTV>56,690000</MFTV>
    <PRGP>48,520000</PRGP>
    <ROSN>48,520000</ROSN>
    <SLOV>56,690000</SLOV>
    <SVIZ>56,690000</SVIZ>
    <BSP>56,690000</BSP>
    <MALT>48,520000</MALT>
    <XAUS>56,690000</XAUS>
    <XFRA>56,690000</XFRA>
  </Prezzi>
  <Prezzi>
    <Data>20170224</Data>
    <Mercato>MGP</Mercato>
    <Ora>14</Ora>
    <PUN>52,567970</PUN>
    <NAT>51,000000</NAT>
    <CNOR>54,428280</CNOR>
    <CSUD>48,000000</CSUD>
    <NORD>54,428280</NORD>
    <SARD>48,000000</SARD>
    <SICI>48,000000</SICI>
    <SUD>48,000000</SUD>
    <AUST>54,428280</AUST>
    <BRNN>48,000000</BRNN>
    <COAC>48,000000</COAC>
    <CORS>54,428280</CORS>
    <FOGN>48,000000</FOGN>
    <FRAN>54,428280</FRAN>
    <GREC>48,000000</GREC>
    <MFTV>54,428280</MFTV>
    <PRGP>48,000000</PRGP>
    <ROSN>48,000000</ROSN>
    <SLOV>54,428280</SLOV>
    <SVIZ>54,428280</SVIZ>
    <BSP>54,428280</BSP>
    <MALT>48,000000</MALT>
    <XAUS>54,428280</XAUS>
    <XFRA>54,428280</XFRA>
  </Prezzi>
  <Prezzi>
    <Data>20170224</Data>
    <Mercato>MGP</Mercato>
    <Ora>15</Ora>
    <PUN>51,588840</PUN>
    <NAT>51,000000</NAT>
    <CNOR>52,790000</CNOR>
    <CSUD>48,530000</CSUD>
    <NORD>52,790000</NORD>
    <SARD>48,530000</SARD>
    <SICI>48,530000</SICI>
    <SUD>48,530000</SUD>
    <AUST>52,790000</AUST>
    <BRNN>48,530000</BRNN>
    <COAC>48,530000</COAC>
    <CORS>52,790000</CORS>
    <FOGN>48,530000</FOGN>
    <FRAN>52,790000</FRAN>
    <GREC>48,530000</GREC>
    <MFTV>52,790000</MFTV>
    <PRGP>48,530000</PRGP>
    <ROSN>48,530000</ROSN>
    <SLOV>52,790000</SLOV>
    <SVIZ>52,790000</SVIZ>
    <BSP>52,790000</BSP>
    <MALT>48,530000</MALT>
    <XAUS>52,790000</XAUS>
    <XFRA>52,790000</XFRA>
  </Prezzi>
  <Prezzi>
    <Data>20170224</Data>
    <Mercato>MGP</Mercato>
    <Ora>16</Ora>
    <PUN>51,278560</PUN>
    <NAT>51,000000</NAT>
    <CNOR>49,760000</CNOR>
    <CSUD>49,760000</CSUD>
    <NORD>52,250000</NORD>
    <SARD>49,760000</SARD>
    <SICI>49,760000</SICI>
    <SUD>49,760000</SUD>
    <AUST>52,250000</AUST>
    <BRNN>49,760000</BRNN>
    <COAC>49,760000</COAC>
    <CORS>49,760000</CORS>
    <FOGN>49,760000</FOGN>
    <FRAN>52,250000</FRAN>
    <GREC>49,760000</GREC>
    <MFTV>52,250000</MFTV>
    <PRGP>49,760000</PRGP>
    <ROSN>49,760000</ROSN>
    <SLOV>52,250000</SLOV>
    <SVIZ>52,250000</SVIZ>
    <BSP>52,250000</BSP>
    <MALT>49,760000</MALT>
    <XAUS>52,250000</XAUS>
    <XFRA>52,250000</XFRA>
  </Prezzi>
  <Prezzi>
    <Data>20170224</Data>
    <Mercato>MGP</Mercato>
    <Ora>17</Ora>
    <PUN>53,016940</PUN>
    <NAT>52,000000</NAT>
    <CNOR>53,000000</CNOR>
    <CSUD>53,000000</CSUD>
    <NORD>53,530000</NORD>
    <SARD>53,000000</SARD>
    <SICI>50,500000</SICI>
    <SUD>50,500000</SUD>
    <AUST>53,530000</AUST>
    <BRNN>50,500000</BRNN>
    <COAC>53,000000</COAC>
    <CORS>53,000000</CORS>
    <FOGN>50,500000</FOGN>
    <FRAN>53,530000</FRAN>
    <GREC>50,500000</GREC>
    <MFTV>53,530000</MFTV>
    <PRGP>50,500000</PRGP>
    <ROSN>50,500000</ROSN>
    <SLOV>53,530000</SLOV>
    <SVIZ>53,530000</SVIZ>
    <BSP>53,530000</BSP>
    <MALT>50,500000</MALT>
    <XAUS>53,530000</XAUS>
    <XFRA>53,530000</XFRA>
  </Prezzi>
  <Prezzi>
    <Data>20170224</Data>
    <Mercato>MGP</Mercato>
    <Ora>18</Ora>
    <PUN>53,284080</PUN>
    <NAT>53,170000</NAT>
    <CNOR>53,480000</CNOR>
    <CSUD>53,480000</CSUD>
    <NORD>53,480000</NORD>
    <SARD>53,480000</SARD>
    <SICI>52,000000</SICI>
    <SUD>52,000000</SUD>
    <AUST>53,480000</AUST>
    <BRNN>52,000000</BRNN>
    <COAC>53,480000</COAC>
    <CORS>53,480000</CORS>
    <FOGN>52,000000</FOGN>
    <FRAN>53,480000</FRAN>
    <GREC>52,000000</GREC>
    <MFTV>53,480000</MFTV>
    <PRGP>52,000000</PRGP>
    <ROSN>52,000000</ROSN>
    <SLOV>53,480000</SLOV>
    <SVIZ>53,480000</SVIZ>
    <BSP>53,480000</BSP>
    <MALT>52,000000</MALT>
    <XAUS>53,480000</XAUS>
    <XFRA>53,480000</XFRA>
  </Prezzi>
  <Prezzi>
    <Data>20170224</Data>
    <Mercato>MGP</Mercato>
    <Ora>19</Ora>
    <PUN>57,746110</PUN>
    <NAT>57,790000</NAT>
    <CNOR>57,521520</CNOR>
    <CSUD>57,521520</CSUD>
    <NORD>57,521520</NORD>
    <SARD>57,521520</SARD>
    <SICI>62,800000</SICI>
    <SUD>56,400000</SUD>
    <AUST>57,521520</AUST>
    <BRNN>56,400000</BRNN>
    <COAC>57,521520</COAC>
    <CORS>57,521520</CORS>
    <FOGN>56,400000</FOGN>
    <FRAN>57,521520</FRAN>
    <GREC>56,400000</GREC>
    <MFTV>57,521520</MFTV>
    <PRGP>62,800000</PRGP>
    <ROSN>56,400000</ROSN>
    <SLOV>57,521520</SLOV>
    <SVIZ>57,521520</SVIZ>
    <BSP>57,521520</BSP>
    <MALT>62,800000</MALT>
    <XAUS>57,521520</XAUS>
    <XFRA>57,521520</XFRA>
  </Prezzi>
  <Prezzi>
    <Data>20170224</Data>
    <Mercato>MGP</Mercato>
    <Ora>20</Ora>
    <PUN>58,217430</PUN>
    <NAT>58,850000</NAT>
    <CNOR>58,190000</CNOR>
    <CSUD>58,190000</CSUD>
    <NORD>58,190000</NORD>
    <SARD>58,190000</SARD>
    <SICI>62,740000</SICI>
    <SUD>55,100000</SUD>
    <AUST>58,190000</AUST>
    <BRNN>55,100000</BRNN>
    <COAC>58,190000</COAC>
    <CORS>58,190000</CORS>
    <FOGN>55,100000</FOGN>
    <FRAN>58,190000</FRAN>
    <GREC>55,100000</GREC>
    <MFTV>58,190000</MFTV>
    <PRGP>62,740000</PRGP>
    <ROSN>55,100000</ROSN>
    <SLOV>58,190000</SLOV>
    <SVIZ>58,190000</SVIZ>
    <BSP>58,190000</BSP>
    <MALT>62,740000</MALT>
    <XAUS>58,190000</XAUS>
    <XFRA>58,190000</XFRA>
  </Prezzi>
  <Prezzi>
    <Data>20170224</Data>
    <Mercato>MGP</Mercato>
    <Ora>21</Ora>
    <PUN>53,904250</PUN>
    <NAT>54,010000</NAT>
    <CNOR>53,423130</CNOR>
    <CSUD>53,423130</CSUD>
    <NORD>53,423130</NORD>
    <SARD>53,423130</SARD>
    <SICI>62,710000</SICI>
    <SUD>52,010000</SUD>
    <AUST>53,423130</AUST>
    <BRNN>52,010000</BRNN>
    <COAC>53,423130</COAC>
    <CORS>53,423130</CORS>
    <FOGN>52,010000</FOGN>
    <FRAN>53,423130</FRAN>
    <GREC>52,010000</GREC>
    <MFTV>53,423130</MFTV>
    <PRGP>62,710000</PRGP>
    <ROSN>52,010000</ROSN>
    <SLOV>53,423130</SLOV>
    <SVIZ>53,423130</SVIZ>
    <BSP>53,423130</BSP>
    <MALT>62,710000</MALT>
    <XAUS>53,423130</XAUS>
    <XFRA>53,423130</XFRA>
  </Prezzi>
  <Prezzi>
    <Data>20170224</Data>
    <Mercato>MGP</Mercato>
    <Ora>22</Ora>
    <PUN>49,517070</PUN>
    <NAT>49,470000</NAT>
    <CNOR>49,470000</CNOR>
    <CSUD>49,470000</CSUD>
    <NORD>49,470000</NORD>
    <SARD>49,470000</SARD>
    <SICI>50,190000</SICI>
    <SUD>49,470000</SUD>
    <AUST>49,470000</AUST>
    <BRNN>49,470000</BRNN>
    <COAC>49,470000</COAC>
    <CORS>49,470000</CORS>
    <FOGN>49,470000</FOGN>
    <FRAN>49,470000</FRAN>
    <GREC>49,470000</GREC>
    <MFTV>49,470000</MFTV>
    <PRGP>50,190000</PRGP>
    <ROSN>49,470000</ROSN>
    <SLOV>49,470000</SLOV>
    <SVIZ>49,470000</SVIZ>
    <BSP>49,470000</BSP>
    <MALT>50,190000</MALT>
    <XAUS>49,470000</XAUS>
    <XFRA>49,470000</XFRA>
  </Prezzi>
  <Prezzi>
    <Data>20170224</Data>
    <Mercato>MGP</Mercato>
    <Ora>23</Ora>
    <PUN>48,120660</PUN>
    <NAT>48,460000</NAT>
    <CNOR>47,010000</CNOR>
    <CSUD>47,010000</CSUD>
    <NORD>48,984460</NORD>
    <SARD>47,010000</SARD>
    <SICI>47,010000</SICI>
    <SUD>47,010000</SUD>
    <AUST>48,984460</AUST>
    <BRNN>47,010000</BRNN>
    <COAC>47,010000</COAC>
    <CORS>47,010000</CORS>
    <FOGN>47,010000</FOGN>
    <FRAN>48,984460</FRAN>
    <GREC>47,010000</GREC>
    <MFTV>48,984460</MFTV>
    <PRGP>47,010000</PRGP>
    <ROSN>47,010000</ROSN>
    <SLOV>48,984460</SLOV>
    <SVIZ>48,984460</SVIZ>
    <BSP>48,984460</BSP>
    <MALT>47,010000</MALT>
    <XAUS>48,984460</XAUS>
    <XFRA>48,984460</XFRA>
  </Prezzi>
  <Prezzi>
    <Data>20170224</Data>
    <Mercato>MGP</Mercato>
    <Ora>24</Ora>
    <PUN>46,751250</PUN>
    <NAT>46,370000</NAT>
    <CNOR>46,660000</CNOR>
    <CSUD>43,880000</CSUD>
    <NORD>48,410000</NORD>
    <SARD>43,880000</SARD>
    <SICI>43,880000</SICI>
    <SUD>43,880000</SUD>
    <AUST>48,410000</AUST>
    <BRNN>43,880000</BRNN>
    <COAC>43,880000</COAC>
    <CORS>46,660000</CORS>
    <FOGN>43,880000</FOGN>
    <FRAN>48,410000</FRAN>
    <GREC>43,880000</GREC>
    <MFTV>48,410000</MFTV>
    <PRGP>43,880000</PRGP>
    <ROSN>43,880000</ROSN>
    <SLOV>48,410000</SLOV>
    <SVIZ>48,410000</SVIZ>
    <BSP>48,410000</BSP>
    <MALT>43,880000</MALT>
    <XAUS>48,410000</XAUS>
    <XFRA>48,410000</XFRA>
  </Prezzi>
</NewDataSet>