<?xml version="1.0" standalone="yes"?>
<NewDataSet>
  <xs:schema id="NewDataSet" xmlns="" xmlns:xs="http://www.w3.org/2001/XMLSchema" xmlns:msdata="urn:schemas-microsoft-com:xml-msdata">
    <xs:element name="NewDataSet" msdata:IsDataSet="true" msdata:UseCurrentLocale="true">
      <xs:complexType>
        <xs:choice minOccurs="0" maxOccurs="unbounded">
          <xs:element name="Prezzi">
            <xs:complexType>
              <xs:sequence>
                <xs:element name="Data" type="xs:string" minOccurs="0" />
                <xs:element name="Mercato" type="xs:string" minOccurs="0" />
                <xs:element name="Ora" type="xs:string" minOccurs="0" />
                <xs:element name="PUN" type="xs:string" minOccurs="0" />
                <xs:element name="NAT" type="xs:string" minOccurs="0" />
                <xs:element name="CNOR" type="xs:string" minOccurs="0" />
                <xs:element name="CSUD" type="xs:string" minOccurs="0" />
                <xs:element name="NORD" type="xs:string" minOccurs="0" />
                <xs:element name="SARD" type="xs:string" minOccurs="0" />
                <xs:element name="SICI" type="xs:string" minOccurs="0" />
                <xs:element name="SUD" type="xs:string" minOccurs="0" />
                <xs:element name="AUST" type="xs:string" minOccurs="0" />
                <xs:element name="BRNN" type="xs:string" minOccurs="0" />
                <xs:element name="COAC" type="xs:string" minOccurs="0" />
                <xs:element name="CORS" type="xs:string" minOccurs="0" />
                <xs:element name="FOGN" type="xs:string" minOccurs="0" />
                <xs:element name="FRAN" type="xs:string" minOccurs="0" />
                <xs:element name="GREC" type="xs:string" minOccurs="0" />
                <xs:element name="MFTV" type="xs:string" minOccurs="0" />
                <xs:element name="PRGP" type="xs:string" minOccurs="0" />
                <xs:element name="ROSN" type="xs:string" minOccurs="0" />
                <xs:element name="SLOV" type="xs:string" minOccurs="0" />
                <xs:element name="SVIZ" type="xs:string" minOccurs="0" />
                <xs:element name="BSP" type="xs:string" minOccurs="0" />
                <xs:element name="MALT" type="xs:string" minOccurs="0" />
                <xs:element name="XAUS" type="xs:string" minOccurs="0" />
                <xs:element name="XFRA" type="xs:string" minOccurs="0" />
              </xs:sequence>
            </xs:complexType>
          </xs:element>
        </xs:choice>
      </xs:complexType>
    </xs:element>
  </xs:schema>
  <Prezzi>
    <Data>20170209</Data>
    <Mercato>MGP</Mercato>
    <Ora>1</Ora>
    <PUN>51,830000</PUN>
    <NAT>51,500000</NAT>
    <CNOR>51,830000</CNOR>
    <CSUD>51,830000</CSUD>
    <NORD>51,830000</NORD>
    <SARD>51,830000</SARD>
    <SICI>51,830000</SICI>
    <SUD>51,830000</SUD>
    <AUST>51,830000</AUST>
    <BRNN>51,830000</BRNN>
    <COAC>51,830000</COAC>
    <CORS>51,830000</CORS>
    <FOGN>51,830000</FOGN>
    <FRAN>51,830000</FRAN>
    <GREC>51,830000</GREC>
    <MFTV>51,830000</MFTV>
    <PRGP>51,830000</PRGP>
    <ROSN>51,830000</ROSN>
    <SLOV>51,830000</SLOV>
    <SVIZ>51,830000</SVIZ>
    <BSP>51,830000</BSP>
    <MALT>51,830000</MALT>
    <XAUS>51,830000</XAUS>
    <XFRA>51,830000</XFRA>
  </Prezzi>
  <Prezzi>
    <Data>20170209</Data>
    <Mercato>MGP</Mercato>
    <Ora>2</Ora>
    <PUN>49,044510</PUN>
    <NAT>48,710000</NAT>
    <CNOR>49,044510</CNOR>
    <CSUD>49,044510</CSUD>
    <NORD>49,044510</NORD>
    <SARD>49,044510</SARD>
    <SICI>49,044510</SICI>
    <SUD>49,044510</SUD>
    <AUST>49,044510</AUST>
    <BRNN>49,044510</BRNN>
    <COAC>49,044510</COAC>
    <CORS>49,044510</CORS>
    <FOGN>49,044510</FOGN>
    <FRAN>49,044510</FRAN>
    <GREC>49,044510</GREC>
    <MFTV>49,044510</MFTV>
    <PRGP>49,044510</PRGP>
    <ROSN>49,044510</ROSN>
    <SLOV>49,044510</SLOV>
    <SVIZ>49,044510</SVIZ>
    <BSP>49,044510</BSP>
    <MALT>49,044510</MALT>
    <XAUS>49,044510</XAUS>
    <XFRA>49,044510</XFRA>
  </Prezzi>
  <Prezzi>
    <Data>20170209</Data>
    <Mercato>MGP</Mercato>
    <Ora>3</Ora>
    <PUN>48,080000</PUN>
    <NAT>48,080000</NAT>
    <CNOR>48,080000</CNOR>
    <CSUD>48,080000</CSUD>
    <NORD>48,080000</NORD>
    <SARD>48,080000</SARD>
    <SICI>48,080000</SICI>
    <SUD>48,080000</SUD>
    <AUST>48,080000</AUST>
    <BRNN>48,080000</BRNN>
    <COAC>48,080000</COAC>
    <CORS>48,080000</CORS>
    <FOGN>48,080000</FOGN>
    <FRAN>48,080000</FRAN>
    <GREC>48,080000</GREC>
    <MFTV>48,080000</MFTV>
    <PRGP>48,080000</PRGP>
    <ROSN>48,080000</ROSN>
    <SLOV>48,080000</SLOV>
    <SVIZ>48,080000</SVIZ>
    <BSP>48,080000</BSP>
    <MALT>48,080000</MALT>
    <XAUS>48,080000</XAUS>
    <XFRA>48,080000</XFRA>
  </Prezzi>
  <Prezzi>
    <Data>20170209</Data>
    <Mercato>MGP</Mercato>
    <Ora>4</Ora>
    <PUN>44,920000</PUN>
    <NAT>44,920000</NAT>
    <CNOR>44,920000</CNOR>
    <CSUD>44,920000</CSUD>
    <NORD>44,920000</NORD>
    <SARD>44,920000</SARD>
    <SICI>44,920000</SICI>
    <SUD>44,920000</SUD>
    <AUST>44,920000</AUST>
    <BRNN>44,920000</BRNN>
    <COAC>44,920000</COAC>
    <CORS>44,920000</CORS>
    <FOGN>44,920000</FOGN>
    <FRAN>44,920000</FRAN>
    <GREC>44,920000</GREC>
    <MFTV>44,920000</MFTV>
    <PRGP>44,920000</PRGP>
    <ROSN>44,920000</ROSN>
    <SLOV>44,920000</SLOV>
    <SVIZ>44,920000</SVIZ>
    <BSP>44,920000</BSP>
    <MALT>44,920000</MALT>
    <XAUS>44,920000</XAUS>
    <XFRA>44,920000</XFRA>
  </Prezzi>
  <Prezzi>
    <Data>20170209</Data>
    <Mercato>MGP</Mercato>
    <Ora>5</Ora>
    <PUN>45,770000</PUN>
    <NAT>45,770000</NAT>
    <CNOR>45,770000</CNOR>
    <CSUD>45,770000</CSUD>
    <NORD>45,770000</NORD>
    <SARD>45,770000</SARD>
    <SICI>45,770000</SICI>
    <SUD>45,770000</SUD>
    <AUST>45,770000</AUST>
    <BRNN>45,770000</BRNN>
    <COAC>45,770000</COAC>
    <CORS>45,770000</CORS>
    <FOGN>45,770000</FOGN>
    <FRAN>45,770000</FRAN>
    <GREC>45,770000</GREC>
    <MFTV>45,770000</MFTV>
    <PRGP>45,770000</PRGP>
    <ROSN>45,770000</ROSN>
    <SLOV>45,770000</SLOV>
    <SVIZ>45,770000</SVIZ>
    <BSP>45,770000</BSP>
    <MALT>45,770000</MALT>
    <XAUS>45,770000</XAUS>
    <XFRA>45,770000</XFRA>
  </Prezzi>
  <Prezzi>
    <Data>20170209</Data>
    <Mercato>MGP</Mercato>
    <Ora>6</Ora>
    <PUN>49,730000</PUN>
    <NAT>49,730000</NAT>
    <CNOR>49,730000</CNOR>
    <CSUD>49,730000</CSUD>
    <NORD>49,730000</NORD>
    <SARD>49,730000</SARD>
    <SICI>49,730000</SICI>
    <SUD>49,730000</SUD>
    <AUST>49,730000</AUST>
    <BRNN>49,730000</BRNN>
    <COAC>49,730000</COAC>
    <CORS>49,730000</CORS>
    <FOGN>49,730000</FOGN>
    <FRAN>49,730000</FRAN>
    <GREC>49,730000</GREC>
    <MFTV>49,730000</MFTV>
    <PRGP>49,730000</PRGP>
    <ROSN>49,730000</ROSN>
    <SLOV>49,730000</SLOV>
    <SVIZ>49,730000</SVIZ>
    <BSP>49,730000</BSP>
    <MALT>49,730000</MALT>
    <XAUS>49,730000</XAUS>
    <XFRA>49,730000</XFRA>
  </Prezzi>
  <Prezzi>
    <Data>20170209</Data>
    <Mercato>MGP</Mercato>
    <Ora>7</Ora>
    <PUN>55,020170</PUN>
    <NAT>55,000000</NAT>
    <CNOR>54,900000</CNOR>
    <CSUD>54,900000</CSUD>
    <NORD>55,100000</NORD>
    <SARD>54,900000</SARD>
    <SICI>54,900000</SICI>
    <SUD>54,900000</SUD>
    <AUST>55,100000</AUST>
    <BRNN>54,900000</BRNN>
    <COAC>54,900000</COAC>
    <CORS>54,900000</CORS>
    <FOGN>54,900000</FOGN>
    <FRAN>55,100000</FRAN>
    <GREC>54,900000</GREC>
    <MFTV>55,100000</MFTV>
    <PRGP>54,900000</PRGP>
    <ROSN>54,900000</ROSN>
    <SLOV>55,100000</SLOV>
    <SVIZ>55,100000</SVIZ>
    <BSP>55,100000</BSP>
    <MALT>54,900000</MALT>
    <XAUS>55,100000</XAUS>
    <XFRA>55,100000</XFRA>
  </Prezzi>
  <Prezzi>
    <Data>20170209</Data>
    <Mercato>MGP</Mercato>
    <Ora>8</Ora>
    <PUN>74,140000</PUN>
    <NAT>74,140000</NAT>
    <CNOR>74,140000</CNOR>
    <CSUD>74,140000</CSUD>
    <NORD>74,140000</NORD>
    <SARD>74,140000</SARD>
    <SICI>74,140000</SICI>
    <SUD>74,140000</SUD>
    <AUST>74,140000</AUST>
    <BRNN>74,140000</BRNN>
    <COAC>74,140000</COAC>
    <CORS>74,140000</CORS>
    <FOGN>74,140000</FOGN>
    <FRAN>74,140000</FRAN>
    <GREC>74,140000</GREC>
    <MFTV>74,140000</MFTV>
    <PRGP>74,140000</PRGP>
    <ROSN>74,140000</ROSN>
    <SLOV>74,140000</SLOV>
    <SVIZ>74,140000</SVIZ>
    <BSP>74,140000</BSP>
    <MALT>74,140000</MALT>
    <XAUS>74,140000</XAUS>
    <XFRA>74,140000</XFRA>
  </Prezzi>
  <Prezzi>
    <Data>20170209</Data>
    <Mercato>MGP</Mercato>
    <Ora>9</Ora>
    <PUN>78,870000</PUN>
    <NAT>78,870000</NAT>
    <CNOR>78,870000</CNOR>
    <CSUD>78,870000</CSUD>
    <NORD>78,870000</NORD>
    <SARD>78,870000</SARD>
    <SICI>78,870000</SICI>
    <SUD>78,870000</SUD>
    <AUST>78,870000</AUST>
    <BRNN>78,870000</BRNN>
    <COAC>78,870000</COAC>
    <CORS>78,870000</CORS>
    <FOGN>78,870000</FOGN>
    <FRAN>78,870000</FRAN>
    <GREC>78,870000</GREC>
    <MFTV>78,870000</MFTV>
    <PRGP>78,870000</PRGP>
    <ROSN>78,870000</ROSN>
    <SLOV>78,870000</SLOV>
    <SVIZ>78,870000</SVIZ>
    <BSP>78,870000</BSP>
    <MALT>78,870000</MALT>
    <XAUS>78,870000</XAUS>
    <XFRA>78,870000</XFRA>
  </Prezzi>
  <Prezzi>
    <Data>20170209</Data>
    <Mercato>MGP</Mercato>
    <Ora>10</Ora>
    <PUN>72,791040</PUN>
    <NAT>72,450000</NAT>
    <CNOR>72,791040</CNOR>
    <CSUD>72,791040</CSUD>
    <NORD>72,791040</NORD>
    <SARD>72,791040</SARD>
    <SICI>72,791040</SICI>
    <SUD>72,791040</SUD>
    <AUST>72,791040</AUST>
    <BRNN>72,791040</BRNN>
    <COAC>72,791040</COAC>
    <CORS>72,791040</CORS>
    <FOGN>72,791040</FOGN>
    <FRAN>72,791040</FRAN>
    <GREC>72,791040</GREC>
    <MFTV>72,791040</MFTV>
    <PRGP>72,791040</PRGP>
    <ROSN>72,791040</ROSN>
    <SLOV>72,791040</SLOV>
    <SVIZ>72,791040</SVIZ>
    <BSP>72,791040</BSP>
    <MALT>72,791040</MALT>
    <XAUS>72,791040</XAUS>
    <XFRA>72,791040</XFRA>
  </Prezzi>
  <Prezzi>
    <Data>20170209</Data>
    <Mercato>MGP</Mercato>
    <Ora>11</Ora>
    <PUN>69,771220</PUN>
    <NAT>68,520000</NAT>
    <CNOR>70,971550</CNOR>
    <CSUD>66,860000</CSUD>
    <NORD>70,971550</NORD>
    <SARD>66,860000</SARD>
    <SICI>66,860000</SICI>
    <SUD>66,860000</SUD>
    <AUST>70,971550</AUST>
    <BRNN>66,860000</BRNN>
    <COAC>66,860000</COAC>
    <CORS>70,971550</CORS>
    <FOGN>66,860000</FOGN>
    <FRAN>70,971550</FRAN>
    <GREC>66,860000</GREC>
    <MFTV>70,971550</MFTV>
    <PRGP>66,860000</PRGP>
    <ROSN>66,860000</ROSN>
    <SLOV>70,971550</SLOV>
    <SVIZ>70,971550</SVIZ>
    <BSP>70,971550</BSP>
    <MALT>66,860000</MALT>
    <XAUS>70,971550</XAUS>
    <XFRA>70,971550</XFRA>
  </Prezzi>
  <Prezzi>
    <Data>20170209</Data>
    <Mercato>MGP</Mercato>
    <Ora>12</Ora>
    <PUN>65,434770</PUN>
    <NAT>67,390000</NAT>
    <CNOR>68,968760</CNOR>
    <CSUD>57,000000</CSUD>
    <NORD>68,968760</NORD>
    <SARD>57,000000</SARD>
    <SICI>57,000000</SICI>
    <SUD>57,000000</SUD>
    <AUST>68,968760</AUST>
    <BRNN>57,000000</BRNN>
    <COAC>57,000000</COAC>
    <CORS>68,968760</CORS>
    <FOGN>57,000000</FOGN>
    <FRAN>68,968760</FRAN>
    <GREC>57,000000</GREC>
    <MFTV>68,968760</MFTV>
    <PRGP>57,000000</PRGP>
    <ROSN>57,000000</ROSN>
    <SLOV>68,968760</SLOV>
    <SVIZ>68,968760</SVIZ>
    <BSP>68,968760</BSP>
    <MALT>57,000000</MALT>
    <XAUS>68,968760</XAUS>
    <XFRA>68,968760</XFRA>
  </Prezzi>
  <Prezzi>
    <Data>20170209</Data>
    <Mercato>MGP</Mercato>
    <Ora>13</Ora>
    <PUN>61,311110</PUN>
    <NAT>61,110000</NAT>
    <CNOR>54,230000</CNOR>
    <CSUD>53,200000</CSUD>
    <NORD>66,905970</NORD>
    <SARD>53,200000</SARD>
    <SICI>53,200000</SICI>
    <SUD>53,200000</SUD>
    <AUST>66,905970</AUST>
    <BRNN>53,200000</BRNN>
    <COAC>53,200000</COAC>
    <CORS>54,230000</CORS>
    <FOGN>53,200000</FOGN>
    <FRAN>66,905970</FRAN>
    <GREC>53,200000</GREC>
    <MFTV>66,905970</MFTV>
    <PRGP>53,200000</PRGP>
    <ROSN>53,200000</ROSN>
    <SLOV>66,905970</SLOV>
    <SVIZ>66,905970</SVIZ>
    <BSP>66,905970</BSP>
    <MALT>53,200000</MALT>
    <XAUS>66,905970</XAUS>
    <XFRA>66,905970</XFRA>
  </Prezzi>
  <Prezzi>
    <Data>20170209</Data>
    <Mercato>MGP</Mercato>
    <Ora>14</Ora>
    <PUN>60,308160</PUN>
    <NAT>57,000000</NAT>
    <CNOR>54,230000</CNOR>
    <CSUD>52,000000</CSUD>
    <NORD>65,639910</NORD>
    <SARD>52,000000</SARD>
    <SICI>52,000000</SICI>
    <SUD>52,000000</SUD>
    <AUST>65,639910</AUST>
    <BRNN>52,000000</BRNN>
    <COAC>52,000000</COAC>
    <CORS>54,230000</CORS>
    <FOGN>52,000000</FOGN>
    <FRAN>65,639910</FRAN>
    <GREC>52,000000</GREC>
    <MFTV>65,639910</MFTV>
    <PRGP>52,000000</PRGP>
    <ROSN>52,000000</ROSN>
    <SLOV>65,639910</SLOV>
    <SVIZ>65,639910</SVIZ>
    <BSP>65,639910</BSP>
    <MALT>52,000000</MALT>
    <XAUS>65,639910</XAUS>
    <XFRA>65,639910</XFRA>
  </Prezzi>
  <Prezzi>
    <Data>20170209</Data>
    <Mercato>MGP</Mercato>
    <Ora>15</Ora>
    <PUN>60,035850</PUN>
    <NAT>57,580000</NAT>
    <CNOR>54,230000</CNOR>
    <CSUD>52,000000</CSUD>
    <NORD>65,000000</NORD>
    <SARD>52,000000</SARD>
    <SICI>52,000000</SICI>
    <SUD>52,000000</SUD>
    <AUST>65,000000</AUST>
    <BRNN>52,000000</BRNN>
    <COAC>52,000000</COAC>
    <CORS>54,230000</CORS>
    <FOGN>52,000000</FOGN>
    <FRAN>65,000000</FRAN>
    <GREC>52,000000</GREC>
    <MFTV>65,000000</MFTV>
    <PRGP>52,000000</PRGP>
    <ROSN>52,000000</ROSN>
    <SLOV>65,000000</SLOV>
    <SVIZ>65,000000</SVIZ>
    <BSP>65,000000</BSP>
    <MALT>52,000000</MALT>
    <XAUS>65,000000</XAUS>
    <XFRA>65,000000</XFRA>
  </Prezzi>
  <Prezzi>
    <Data>20170209</Data>
    <Mercato>MGP</Mercato>
    <Ora>16</Ora>
    <PUN>61,666480</PUN>
    <NAT>61,670000</NAT>
    <CNOR>65,490000</CNOR>
    <CSUD>52,500000</CSUD>
    <NORD>65,490000</NORD>
    <SARD>52,500000</SARD>
    <SICI>52,500000</SICI>
    <SUD>52,500000</SUD>
    <AUST>65,490000</AUST>
    <BRNN>52,500000</BRNN>
    <COAC>52,500000</COAC>
    <CORS>65,490000</CORS>
    <FOGN>52,500000</FOGN>
    <FRAN>65,490000</FRAN>
    <GREC>52,500000</GREC>
    <MFTV>65,490000</MFTV>
    <PRGP>52,500000</PRGP>
    <ROSN>52,500000</ROSN>
    <SLOV>65,490000</SLOV>
    <SVIZ>65,490000</SVIZ>
    <BSP>65,490000</BSP>
    <MALT>52,500000</MALT>
    <XAUS>65,490000</XAUS>
    <XFRA>65,490000</XFRA>
  </Prezzi>
  <Prezzi>
    <Data>20170209</Data>
    <Mercato>MGP</Mercato>
    <Ora>17</Ora>
    <PUN>61,973920</PUN>
    <NAT>63,810000</NAT>
    <CNOR>60,450000</CNOR>
    <CSUD>55,000000</CSUD>
    <NORD>65,760090</NORD>
    <SARD>55,000000</SARD>
    <SICI>55,000000</SICI>
    <SUD>55,000000</SUD>
    <AUST>65,760090</AUST>
    <BRNN>55,000000</BRNN>
    <COAC>55,000000</COAC>
    <CORS>60,450000</CORS>
    <FOGN>55,000000</FOGN>
    <FRAN>65,760090</FRAN>
    <GREC>55,000000</GREC>
    <MFTV>65,760090</MFTV>
    <PRGP>55,000000</PRGP>
    <ROSN>55,000000</ROSN>
    <SLOV>65,760090</SLOV>
    <SVIZ>65,760090</SVIZ>
    <BSP>65,760090</BSP>
    <MALT>55,000000</MALT>
    <XAUS>65,760090</XAUS>
    <XFRA>65,760090</XFRA>
  </Prezzi>
  <Prezzi>
    <Data>20170209</Data>
    <Mercato>MGP</Mercato>
    <Ora>18</Ora>
    <PUN>67,456350</PUN>
    <NAT>68,620000</NAT>
    <CNOR>70,428190</CNOR>
    <CSUD>61,000000</CSUD>
    <NORD>70,428190</NORD>
    <SARD>61,000000</SARD>
    <SICI>61,000000</SICI>
    <SUD>61,000000</SUD>
    <AUST>70,428190</AUST>
    <BRNN>61,000000</BRNN>
    <COAC>61,000000</COAC>
    <CORS>70,428190</CORS>
    <FOGN>61,000000</FOGN>
    <FRAN>70,428190</FRAN>
    <GREC>61,000000</GREC>
    <MFTV>70,428190</MFTV>
    <PRGP>61,000000</PRGP>
    <ROSN>61,000000</ROSN>
    <SLOV>70,428190</SLOV>
    <SVIZ>70,428190</SVIZ>
    <BSP>70,428190</BSP>
    <MALT>61,000000</MALT>
    <XAUS>70,428190</XAUS>
    <XFRA>70,428190</XFRA>
  </Prezzi>
  <Prezzi>
    <Data>20170209</Data>
    <Mercato>MGP</Mercato>
    <Ora>19</Ora>
    <PUN>78,760000</PUN>
    <NAT>78,760000</NAT>
    <CNOR>78,760000</CNOR>
    <CSUD>78,760000</CSUD>
    <NORD>78,760000</NORD>
    <SARD>78,760000</SARD>
    <SICI>78,760000</SICI>
    <SUD>78,760000</SUD>
    <AUST>78,760000</AUST>
    <BRNN>78,760000</BRNN>
    <COAC>78,760000</COAC>
    <CORS>78,760000</CORS>
    <FOGN>78,760000</FOGN>
    <FRAN>78,760000</FRAN>
    <GREC>78,760000</GREC>
    <MFTV>78,760000</MFTV>
    <PRGP>78,760000</PRGP>
    <ROSN>78,760000</ROSN>
    <SLOV>78,760000</SLOV>
    <SVIZ>78,760000</SVIZ>
    <BSP>78,760000</BSP>
    <MALT>78,760000</MALT>
    <XAUS>78,760000</XAUS>
    <XFRA>78,760000</XFRA>
  </Prezzi>
  <Prezzi>
    <Data>20170209</Data>
    <Mercato>MGP</Mercato>
    <Ora>20</Ora>
    <PUN>77,740000</PUN>
    <NAT>77,740000</NAT>
    <CNOR>77,740000</CNOR>
    <CSUD>77,740000</CSUD>
    <NORD>77,740000</NORD>
    <SARD>77,740000</SARD>
    <SICI>77,740000</SICI>
    <SUD>77,740000</SUD>
    <AUST>77,740000</AUST>
    <BRNN>77,740000</BRNN>
    <COAC>77,740000</COAC>
    <CORS>77,740000</CORS>
    <FOGN>77,740000</FOGN>
    <FRAN>77,740000</FRAN>
    <GREC>77,740000</GREC>
    <MFTV>77,740000</MFTV>
    <PRGP>77,740000</PRGP>
    <ROSN>77,740000</ROSN>
    <SLOV>77,740000</SLOV>
    <SVIZ>77,740000</SVIZ>
    <BSP>77,740000</BSP>
    <MALT>77,740000</MALT>
    <XAUS>77,740000</XAUS>
    <XFRA>77,740000</XFRA>
  </Prezzi>
  <Prezzi>
    <Data>20170209</Data>
    <Mercato>MGP</Mercato>
    <Ora>21</Ora>
    <PUN>70,690000</PUN>
    <NAT>70,690000</NAT>
    <CNOR>70,690000</CNOR>
    <CSUD>70,690000</CSUD>
    <NORD>70,690000</NORD>
    <SARD>70,690000</SARD>
    <SICI>70,690000</SICI>
    <SUD>70,690000</SUD>
    <AUST>70,690000</AUST>
    <BRNN>70,690000</BRNN>
    <COAC>70,690000</COAC>
    <CORS>70,690000</CORS>
    <FOGN>70,690000</FOGN>
    <FRAN>70,690000</FRAN>
    <GREC>70,690000</GREC>
    <MFTV>70,690000</MFTV>
    <PRGP>70,690000</PRGP>
    <ROSN>70,690000</ROSN>
    <SLOV>70,690000</SLOV>
    <SVIZ>70,690000</SVIZ>
    <BSP>70,690000</BSP>
    <MALT>70,690000</MALT>
    <XAUS>70,690000</XAUS>
    <XFRA>70,690000</XFRA>
  </Prezzi>
  <Prezzi>
    <Data>20170209</Data>
    <Mercato>MGP</Mercato>
    <Ora>22</Ora>
    <PUN>60,645600</PUN>
    <NAT>59,990000</NAT>
    <CNOR>55,510000</CNOR>
    <CSUD>55,510000</CSUD>
    <NORD>64,980000</NORD>
    <SARD>55,510000</SARD>
    <SICI>55,510000</SICI>
    <SUD>55,510000</SUD>
    <AUST>64,980000</AUST>
    <BRNN>55,510000</BRNN>
    <COAC>55,510000</COAC>
    <CORS>55,510000</CORS>
    <FOGN>55,510000</FOGN>
    <FRAN>64,980000</FRAN>
    <GREC>55,510000</GREC>
    <MFTV>64,980000</MFTV>
    <PRGP>55,510000</PRGP>
    <ROSN>55,510000</ROSN>
    <SLOV>64,980000</SLOV>
    <SVIZ>64,980000</SVIZ>
    <BSP>64,980000</BSP>
    <MALT>55,510000</MALT>
    <XAUS>64,980000</XAUS>
    <XFRA>64,980000</XFRA>
  </Prezzi>
  <Prezzi>
    <Data>20170209</Data>
    <Mercato>MGP</Mercato>
    <Ora>23</Ora>
    <PUN>58,316210</PUN>
    <NAT>55,000000</NAT>
    <CNOR>54,230000</CNOR>
    <CSUD>52,000000</CSUD>
    <NORD>61,690000</NORD>
    <SARD>52,000000</SARD>
    <SICI>63,690000</SICI>
    <SUD>52,000000</SUD>
    <AUST>61,690000</AUST>
    <BRNN>52,000000</BRNN>
    <COAC>52,000000</COAC>
    <CORS>54,230000</CORS>
    <FOGN>52,000000</FOGN>
    <FRAN>61,690000</FRAN>
    <GREC>52,000000</GREC>
    <MFTV>61,690000</MFTV>
    <PRGP>63,690000</PRGP>
    <ROSN>52,000000</ROSN>
    <SLOV>61,690000</SLOV>
    <SVIZ>61,690000</SVIZ>
    <BSP>61,690000</BSP>
    <MALT>63,690000</MALT>
    <XAUS>61,690000</XAUS>
    <XFRA>61,690000</XFRA>
  </Prezzi>
  <Prezzi>
    <Data>20170209</Data>
    <Mercato>MGP</Mercato>
    <Ora>24</Ora>
    <PUN>54,223390</PUN>
    <NAT>51,040000</NAT>
    <CNOR>50,560000</CNOR>
    <CSUD>50,560000</CSUD>
    <NORD>57,070000</NORD>
    <SARD>50,560000</SARD>
    <SICI>50,560000</SICI>
    <SUD>50,560000</SUD>
    <AUST>57,070000</AUST>
    <BRNN>50,560000</BRNN>
    <COAC>50,560000</COAC>
    <CORS>50,560000</CORS>
    <FOGN>50,560000</FOGN>
    <FRAN>57,070000</FRAN>
    <GREC>50,560000</GREC>
    <MFTV>57,070000</MFTV>
    <PRGP>50,560000</PRGP>
    <ROSN>50,560000</ROSN>
    <SLOV>57,070000</SLOV>
    <SVIZ>57,070000</SVIZ>
    <BSP>57,070000</BSP>
    <MALT>50,560000</MALT>
    <XAUS>57,070000</XAUS>
    <XFRA>57,070000</XFRA>
  </Prezzi>
</NewDataSet>