<?xml version="1.0" standalone="yes"?>
<NewDataSet>
  <xs:schema id="NewDataSet" xmlns="" xmlns:xs="http://www.w3.org/2001/XMLSchema" xmlns:msdata="urn:schemas-microsoft-com:xml-msdata">
    <xs:element name="NewDataSet" msdata:IsDataSet="true" msdata:UseCurrentLocale="true">
      <xs:complexType>
        <xs:choice minOccurs="0" maxOccurs="unbounded">
          <xs:element name="Prezzi">
            <xs:complexType>
              <xs:sequence>
                <xs:element name="Data" type="xs:string" minOccurs="0" />
                <xs:element name="Mercato" type="xs:string" minOccurs="0" />
                <xs:element name="Ora" type="xs:string" minOccurs="0" />
                <xs:element name="PUN" type="xs:string" minOccurs="0" />
                <xs:element name="NAT" type="xs:string" minOccurs="0" />
                <xs:element name="CNOR" type="xs:string" minOccurs="0" />
                <xs:element name="CSUD" type="xs:string" minOccurs="0" />
                <xs:element name="NORD" type="xs:string" minOccurs="0" />
                <xs:element name="SARD" type="xs:string" minOccurs="0" />
                <xs:element name="SICI" type="xs:string" minOccurs="0" />
                <xs:element name="SUD" type="xs:string" minOccurs="0" />
                <xs:element name="AUST" type="xs:string" minOccurs="0" />
                <xs:element name="BRNN" type="xs:string" minOccurs="0" />
                <xs:element name="COAC" type="xs:string" minOccurs="0" />
                <xs:element name="CORS" type="xs:string" minOccurs="0" />
                <xs:element name="FOGN" type="xs:string" minOccurs="0" />
                <xs:element name="FRAN" type="xs:string" minOccurs="0" />
                <xs:element name="GREC" type="xs:string" minOccurs="0" />
                <xs:element name="MFTV" type="xs:string" minOccurs="0" />
                <xs:element name="PRGP" type="xs:string" minOccurs="0" />
                <xs:element name="ROSN" type="xs:string" minOccurs="0" />
                <xs:element name="SLOV" type="xs:string" minOccurs="0" />
                <xs:element name="SVIZ" type="xs:string" minOccurs="0" />
                <xs:element name="BSP" type="xs:string" minOccurs="0" />
                <xs:element name="MALT" type="xs:string" minOccurs="0" />
                <xs:element name="XAUS" type="xs:string" minOccurs="0" />
                <xs:element name="XFRA" type="xs:string" minOccurs="0" />
              </xs:sequence>
            </xs:complexType>
          </xs:element>
        </xs:choice>
      </xs:complexType>
    </xs:element>
  </xs:schema>
  <Prezzi>
    <Data>20170223</Data>
    <Mercato>MGP</Mercato>
    <Ora>1</Ora>
    <PUN>45,500000</PUN>
    <NAT>45,500000</NAT>
    <CNOR>45,500000</CNOR>
    <CSUD>45,500000</CSUD>
    <NORD>45,500000</NORD>
    <SARD>45,500000</SARD>
    <SICI>45,500000</SICI>
    <SUD>45,500000</SUD>
    <AUST>45,500000</AUST>
    <BRNN>45,500000</BRNN>
    <COAC>45,500000</COAC>
    <CORS>45,500000</CORS>
    <FOGN>45,500000</FOGN>
    <FRAN>45,500000</FRAN>
    <GREC>45,500000</GREC>
    <MFTV>45,500000</MFTV>
    <PRGP>45,500000</PRGP>
    <ROSN>45,500000</ROSN>
    <SLOV>45,500000</SLOV>
    <SVIZ>45,500000</SVIZ>
    <BSP>45,500000</BSP>
    <MALT>45,500000</MALT>
    <XAUS>45,500000</XAUS>
    <XFRA>45,500000</XFRA>
  </Prezzi>
  <Prezzi>
    <Data>20170223</Data>
    <Mercato>MGP</Mercato>
    <Ora>2</Ora>
    <PUN>42,000000</PUN>
    <NAT>42,000000</NAT>
    <CNOR>42,000000</CNOR>
    <CSUD>42,000000</CSUD>
    <NORD>42,000000</NORD>
    <SARD>42,000000</SARD>
    <SICI>42,000000</SICI>
    <SUD>42,000000</SUD>
    <AUST>42,000000</AUST>
    <BRNN>42,000000</BRNN>
    <COAC>42,000000</COAC>
    <CORS>42,000000</CORS>
    <FOGN>42,000000</FOGN>
    <FRAN>42,000000</FRAN>
    <GREC>42,000000</GREC>
    <MFTV>42,000000</MFTV>
    <PRGP>42,000000</PRGP>
    <ROSN>42,000000</ROSN>
    <SLOV>42,000000</SLOV>
    <SVIZ>42,000000</SVIZ>
    <BSP>42,000000</BSP>
    <MALT>42,000000</MALT>
    <XAUS>42,000000</XAUS>
    <XFRA>42,000000</XFRA>
  </Prezzi>
  <Prezzi>
    <Data>20170223</Data>
    <Mercato>MGP</Mercato>
    <Ora>3</Ora>
    <PUN>40,339440</PUN>
    <NAT>39,560000</NAT>
    <CNOR>40,339440</CNOR>
    <CSUD>40,339440</CSUD>
    <NORD>40,339440</NORD>
    <SARD>40,339440</SARD>
    <SICI>40,339440</SICI>
    <SUD>40,339440</SUD>
    <AUST>40,339440</AUST>
    <BRNN>40,339440</BRNN>
    <COAC>40,339440</COAC>
    <CORS>40,339440</CORS>
    <FOGN>40,339440</FOGN>
    <FRAN>40,339440</FRAN>
    <GREC>40,339440</GREC>
    <MFTV>40,339440</MFTV>
    <PRGP>40,339440</PRGP>
    <ROSN>40,339440</ROSN>
    <SLOV>40,339440</SLOV>
    <SVIZ>40,339440</SVIZ>
    <BSP>40,339440</BSP>
    <MALT>40,339440</MALT>
    <XAUS>40,339440</XAUS>
    <XFRA>40,339440</XFRA>
  </Prezzi>
  <Prezzi>
    <Data>20170223</Data>
    <Mercato>MGP</Mercato>
    <Ora>4</Ora>
    <PUN>39,320000</PUN>
    <NAT>39,320000</NAT>
    <CNOR>39,320000</CNOR>
    <CSUD>39,320000</CSUD>
    <NORD>39,320000</NORD>
    <SARD>39,320000</SARD>
    <SICI>39,320000</SICI>
    <SUD>39,320000</SUD>
    <AUST>39,320000</AUST>
    <BRNN>39,320000</BRNN>
    <COAC>39,320000</COAC>
    <CORS>39,320000</CORS>
    <FOGN>39,320000</FOGN>
    <FRAN>39,320000</FRAN>
    <GREC>39,320000</GREC>
    <MFTV>39,320000</MFTV>
    <PRGP>39,320000</PRGP>
    <ROSN>39,320000</ROSN>
    <SLOV>39,320000</SLOV>
    <SVIZ>39,320000</SVIZ>
    <BSP>39,320000</BSP>
    <MALT>39,320000</MALT>
    <XAUS>39,320000</XAUS>
    <XFRA>39,320000</XFRA>
  </Prezzi>
  <Prezzi>
    <Data>20170223</Data>
    <Mercato>MGP</Mercato>
    <Ora>5</Ora>
    <PUN>40,210000</PUN>
    <NAT>40,210000</NAT>
    <CNOR>40,210000</CNOR>
    <CSUD>40,210000</CSUD>
    <NORD>40,210000</NORD>
    <SARD>40,210000</SARD>
    <SICI>40,210000</SICI>
    <SUD>40,210000</SUD>
    <AUST>40,210000</AUST>
    <BRNN>40,210000</BRNN>
    <COAC>40,210000</COAC>
    <CORS>40,210000</CORS>
    <FOGN>40,210000</FOGN>
    <FRAN>40,210000</FRAN>
    <GREC>40,210000</GREC>
    <MFTV>40,210000</MFTV>
    <PRGP>40,210000</PRGP>
    <ROSN>40,210000</ROSN>
    <SLOV>40,210000</SLOV>
    <SVIZ>40,210000</SVIZ>
    <BSP>40,210000</BSP>
    <MALT>40,210000</MALT>
    <XAUS>40,210000</XAUS>
    <XFRA>40,210000</XFRA>
  </Prezzi>
  <Prezzi>
    <Data>20170223</Data>
    <Mercato>MGP</Mercato>
    <Ora>6</Ora>
    <PUN>45,630000</PUN>
    <NAT>45,630000</NAT>
    <CNOR>45,630000</CNOR>
    <CSUD>45,630000</CSUD>
    <NORD>45,630000</NORD>
    <SARD>45,630000</SARD>
    <SICI>45,630000</SICI>
    <SUD>45,630000</SUD>
    <AUST>45,630000</AUST>
    <BRNN>45,630000</BRNN>
    <COAC>45,630000</COAC>
    <CORS>45,630000</CORS>
    <FOGN>45,630000</FOGN>
    <FRAN>45,630000</FRAN>
    <GREC>45,630000</GREC>
    <MFTV>45,630000</MFTV>
    <PRGP>45,630000</PRGP>
    <ROSN>45,630000</ROSN>
    <SLOV>45,630000</SLOV>
    <SVIZ>45,630000</SVIZ>
    <BSP>45,630000</BSP>
    <MALT>45,630000</MALT>
    <XAUS>45,630000</XAUS>
    <XFRA>45,630000</XFRA>
  </Prezzi>
  <Prezzi>
    <Data>20170223</Data>
    <Mercato>MGP</Mercato>
    <Ora>7</Ora>
    <PUN>49,800000</PUN>
    <NAT>49,800000</NAT>
    <CNOR>49,800000</CNOR>
    <CSUD>49,800000</CSUD>
    <NORD>49,800000</NORD>
    <SARD>49,800000</SARD>
    <SICI>49,800000</SICI>
    <SUD>49,800000</SUD>
    <AUST>49,800000</AUST>
    <BRNN>49,800000</BRNN>
    <COAC>49,800000</COAC>
    <CORS>49,800000</CORS>
    <FOGN>49,800000</FOGN>
    <FRAN>49,800000</FRAN>
    <GREC>49,800000</GREC>
    <MFTV>49,800000</MFTV>
    <PRGP>49,800000</PRGP>
    <ROSN>49,800000</ROSN>
    <SLOV>49,800000</SLOV>
    <SVIZ>49,800000</SVIZ>
    <BSP>49,800000</BSP>
    <MALT>49,800000</MALT>
    <XAUS>49,800000</XAUS>
    <XFRA>49,800000</XFRA>
  </Prezzi>
  <Prezzi>
    <Data>20170223</Data>
    <Mercato>MGP</Mercato>
    <Ora>8</Ora>
    <PUN>56,654850</PUN>
    <NAT>57,130000</NAT>
    <CNOR>55,000000</CNOR>
    <CSUD>55,000000</CSUD>
    <NORD>57,130000</NORD>
    <SARD>55,000000</SARD>
    <SICI>61,870000</SICI>
    <SUD>55,000000</SUD>
    <AUST>57,130000</AUST>
    <BRNN>55,000000</BRNN>
    <COAC>55,000000</COAC>
    <CORS>55,000000</CORS>
    <FOGN>55,000000</FOGN>
    <FRAN>57,130000</FRAN>
    <GREC>55,000000</GREC>
    <MFTV>57,130000</MFTV>
    <PRGP>61,870000</PRGP>
    <ROSN>55,000000</ROSN>
    <SLOV>57,130000</SLOV>
    <SVIZ>57,130000</SVIZ>
    <BSP>57,130000</BSP>
    <MALT>61,870000</MALT>
    <XAUS>57,130000</XAUS>
    <XFRA>57,130000</XFRA>
  </Prezzi>
  <Prezzi>
    <Data>20170223</Data>
    <Mercato>MGP</Mercato>
    <Ora>9</Ora>
    <PUN>58,203220</PUN>
    <NAT>58,160000</NAT>
    <CNOR>57,990000</CNOR>
    <CSUD>57,990000</CSUD>
    <NORD>58,690000</NORD>
    <SARD>57,990000</SARD>
    <SICI>61,870000</SICI>
    <SUD>52,000000</SUD>
    <AUST>58,690000</AUST>
    <BRNN>52,000000</BRNN>
    <COAC>57,990000</COAC>
    <CORS>57,990000</CORS>
    <FOGN>52,000000</FOGN>
    <FRAN>58,690000</FRAN>
    <GREC>52,000000</GREC>
    <MFTV>58,690000</MFTV>
    <PRGP>61,870000</PRGP>
    <ROSN>52,000000</ROSN>
    <SLOV>58,690000</SLOV>
    <SVIZ>58,690000</SVIZ>
    <BSP>58,690000</BSP>
    <MALT>61,870000</MALT>
    <XAUS>58,690000</XAUS>
    <XFRA>58,690000</XFRA>
  </Prezzi>
  <Prezzi>
    <Data>20170223</Data>
    <Mercato>MGP</Mercato>
    <Ora>10</Ora>
    <PUN>55,596140</PUN>
    <NAT>55,160000</NAT>
    <CNOR>50,000000</CNOR>
    <CSUD>50,000000</CSUD>
    <NORD>58,300000</NORD>
    <SARD>50,000000</SARD>
    <SICI>60,570000</SICI>
    <SUD>50,000000</SUD>
    <AUST>58,300000</AUST>
    <BRNN>50,000000</BRNN>
    <COAC>50,000000</COAC>
    <CORS>50,000000</CORS>
    <FOGN>50,000000</FOGN>
    <FRAN>58,300000</FRAN>
    <GREC>50,000000</GREC>
    <MFTV>58,300000</MFTV>
    <PRGP>60,570000</PRGP>
    <ROSN>50,000000</ROSN>
    <SLOV>58,300000</SLOV>
    <SVIZ>58,300000</SVIZ>
    <BSP>58,300000</BSP>
    <MALT>60,570000</MALT>
    <XAUS>58,300000</XAUS>
    <XFRA>58,300000</XFRA>
  </Prezzi>
  <Prezzi>
    <Data>20170223</Data>
    <Mercato>MGP</Mercato>
    <Ora>11</Ora>
    <PUN>54,073840</PUN>
    <NAT>52,000000</NAT>
    <CNOR>47,940000</CNOR>
    <CSUD>47,940000</CSUD>
    <NORD>57,990000</NORD>
    <SARD>47,940000</SARD>
    <SICI>47,940000</SICI>
    <SUD>47,940000</SUD>
    <AUST>57,990000</AUST>
    <BRNN>47,940000</BRNN>
    <COAC>47,940000</COAC>
    <CORS>47,940000</CORS>
    <FOGN>47,940000</FOGN>
    <FRAN>57,990000</FRAN>
    <GREC>47,940000</GREC>
    <MFTV>57,990000</MFTV>
    <PRGP>47,940000</PRGP>
    <ROSN>47,940000</ROSN>
    <SLOV>57,990000</SLOV>
    <SVIZ>57,990000</SVIZ>
    <BSP>57,990000</BSP>
    <MALT>47,940000</MALT>
    <XAUS>57,990000</XAUS>
    <XFRA>57,990000</XFRA>
  </Prezzi>
  <Prezzi>
    <Data>20170223</Data>
    <Mercato>MGP</Mercato>
    <Ora>12</Ora>
    <PUN>53,670070</PUN>
    <NAT>51,000000</NAT>
    <CNOR>47,780000</CNOR>
    <CSUD>47,780000</CSUD>
    <NORD>57,400000</NORD>
    <SARD>47,780000</SARD>
    <SICI>47,780000</SICI>
    <SUD>47,780000</SUD>
    <AUST>57,400000</AUST>
    <BRNN>47,780000</BRNN>
    <COAC>47,780000</COAC>
    <CORS>47,780000</CORS>
    <FOGN>47,780000</FOGN>
    <FRAN>57,400000</FRAN>
    <GREC>47,780000</GREC>
    <MFTV>57,400000</MFTV>
    <PRGP>47,780000</PRGP>
    <ROSN>47,780000</ROSN>
    <SLOV>57,400000</SLOV>
    <SVIZ>57,400000</SVIZ>
    <BSP>57,400000</BSP>
    <MALT>47,780000</MALT>
    <XAUS>57,400000</XAUS>
    <XFRA>57,400000</XFRA>
  </Prezzi>
  <Prezzi>
    <Data>20170223</Data>
    <Mercato>MGP</Mercato>
    <Ora>13</Ora>
    <PUN>49,411760</PUN>
    <NAT>48,950000</NAT>
    <CNOR>47,440000</CNOR>
    <CSUD>43,990000</CSUD>
    <NORD>52,410000</NORD>
    <SARD>43,990000</SARD>
    <SICI>43,990000</SICI>
    <SUD>43,990000</SUD>
    <AUST>52,410000</AUST>
    <BRNN>43,990000</BRNN>
    <COAC>43,990000</COAC>
    <CORS>47,440000</CORS>
    <FOGN>43,990000</FOGN>
    <FRAN>52,410000</FRAN>
    <GREC>43,990000</GREC>
    <MFTV>52,410000</MFTV>
    <PRGP>43,990000</PRGP>
    <ROSN>43,990000</ROSN>
    <SLOV>52,410000</SLOV>
    <SVIZ>52,410000</SVIZ>
    <BSP>52,410000</BSP>
    <MALT>43,990000</MALT>
    <XAUS>52,410000</XAUS>
    <XFRA>52,410000</XFRA>
  </Prezzi>
  <Prezzi>
    <Data>20170223</Data>
    <Mercato>MGP</Mercato>
    <Ora>14</Ora>
    <PUN>48,708050</PUN>
    <NAT>48,010000</NAT>
    <CNOR>51,030000</CNOR>
    <CSUD>43,020000</CSUD>
    <NORD>51,030000</NORD>
    <SARD>43,020000</SARD>
    <SICI>43,020000</SICI>
    <SUD>43,020000</SUD>
    <AUST>51,030000</AUST>
    <BRNN>43,020000</BRNN>
    <COAC>43,020000</COAC>
    <CORS>51,030000</CORS>
    <FOGN>43,020000</FOGN>
    <FRAN>51,030000</FRAN>
    <GREC>43,020000</GREC>
    <MFTV>51,030000</MFTV>
    <PRGP>43,020000</PRGP>
    <ROSN>43,020000</ROSN>
    <SLOV>51,030000</SLOV>
    <SVIZ>51,030000</SVIZ>
    <BSP>51,030000</BSP>
    <MALT>43,020000</MALT>
    <XAUS>51,030000</XAUS>
    <XFRA>51,030000</XFRA>
  </Prezzi>
  <Prezzi>
    <Data>20170223</Data>
    <Mercato>MGP</Mercato>
    <Ora>15</Ora>
    <PUN>50,354830</PUN>
    <NAT>49,800000</NAT>
    <CNOR>47,440000</CNOR>
    <CSUD>45,500000</CSUD>
    <NORD>53,080000</NORD>
    <SARD>45,500000</SARD>
    <SICI>45,500000</SICI>
    <SUD>45,500000</SUD>
    <AUST>53,080000</AUST>
    <BRNN>45,500000</BRNN>
    <COAC>45,500000</COAC>
    <CORS>47,440000</CORS>
    <FOGN>45,500000</FOGN>
    <FRAN>53,080000</FRAN>
    <GREC>45,500000</GREC>
    <MFTV>53,080000</MFTV>
    <PRGP>45,500000</PRGP>
    <ROSN>45,500000</ROSN>
    <SLOV>53,080000</SLOV>
    <SVIZ>53,080000</SVIZ>
    <BSP>53,080000</BSP>
    <MALT>45,500000</MALT>
    <XAUS>53,080000</XAUS>
    <XFRA>53,080000</XFRA>
  </Prezzi>
  <Prezzi>
    <Data>20170223</Data>
    <Mercato>MGP</Mercato>
    <Ora>16</Ora>
    <PUN>53,115690</PUN>
    <NAT>51,000000</NAT>
    <CNOR>55,160000</CNOR>
    <CSUD>48,000000</CSUD>
    <NORD>55,160000</NORD>
    <SARD>48,000000</SARD>
    <SICI>48,000000</SICI>
    <SUD>48,000000</SUD>
    <AUST>55,160000</AUST>
    <BRNN>48,000000</BRNN>
    <COAC>48,000000</COAC>
    <CORS>55,160000</CORS>
    <FOGN>48,000000</FOGN>
    <FRAN>55,160000</FRAN>
    <GREC>48,000000</GREC>
    <MFTV>55,160000</MFTV>
    <PRGP>48,000000</PRGP>
    <ROSN>48,000000</ROSN>
    <SLOV>55,160000</SLOV>
    <SVIZ>55,160000</SVIZ>
    <BSP>55,160000</BSP>
    <MALT>48,000000</MALT>
    <XAUS>55,160000</XAUS>
    <XFRA>55,160000</XFRA>
  </Prezzi>
  <Prezzi>
    <Data>20170223</Data>
    <Mercato>MGP</Mercato>
    <Ora>17</Ora>
    <PUN>53,842060</PUN>
    <NAT>54,000000</NAT>
    <CNOR>50,000000</CNOR>
    <CSUD>50,000000</CSUD>
    <NORD>56,120000</NORD>
    <SARD>50,000000</SARD>
    <SICI>52,730000</SICI>
    <SUD>50,000000</SUD>
    <AUST>56,120000</AUST>
    <BRNN>50,000000</BRNN>
    <COAC>50,000000</COAC>
    <CORS>50,000000</CORS>
    <FOGN>50,000000</FOGN>
    <FRAN>56,120000</FRAN>
    <GREC>50,000000</GREC>
    <MFTV>56,120000</MFTV>
    <PRGP>52,730000</PRGP>
    <ROSN>50,000000</ROSN>
    <SLOV>56,120000</SLOV>
    <SVIZ>56,120000</SVIZ>
    <BSP>56,120000</BSP>
    <MALT>52,730000</MALT>
    <XAUS>56,120000</XAUS>
    <XFRA>56,120000</XFRA>
  </Prezzi>
  <Prezzi>
    <Data>20170223</Data>
    <Mercato>MGP</Mercato>
    <Ora>18</Ora>
    <PUN>56,155120</PUN>
    <NAT>57,010000</NAT>
    <CNOR>55,780000</CNOR>
    <CSUD>55,780000</CSUD>
    <NORD>55,780000</NORD>
    <SARD>55,780000</SARD>
    <SICI>62,660000</SICI>
    <SUD>55,780000</SUD>
    <AUST>55,780000</AUST>
    <BRNN>55,780000</BRNN>
    <COAC>55,780000</COAC>
    <CORS>55,780000</CORS>
    <FOGN>55,780000</FOGN>
    <FRAN>55,780000</FRAN>
    <GREC>55,780000</GREC>
    <MFTV>55,780000</MFTV>
    <PRGP>62,660000</PRGP>
    <ROSN>55,780000</ROSN>
    <SLOV>55,780000</SLOV>
    <SVIZ>55,780000</SVIZ>
    <BSP>55,780000</BSP>
    <MALT>62,660000</MALT>
    <XAUS>55,780000</XAUS>
    <XFRA>55,780000</XFRA>
  </Prezzi>
  <Prezzi>
    <Data>20170223</Data>
    <Mercato>MGP</Mercato>
    <Ora>19</Ora>
    <PUN>60,066660</PUN>
    <NAT>59,200000</NAT>
    <CNOR>58,170000</CNOR>
    <CSUD>58,170000</CSUD>
    <NORD>58,170000</NORD>
    <SARD>58,170000</SARD>
    <SICI>90,690000</SICI>
    <SUD>58,170000</SUD>
    <AUST>58,170000</AUST>
    <BRNN>58,170000</BRNN>
    <COAC>58,170000</COAC>
    <CORS>58,170000</CORS>
    <FOGN>58,170000</FOGN>
    <FRAN>58,170000</FRAN>
    <GREC>58,170000</GREC>
    <MFTV>58,170000</MFTV>
    <PRGP>90,690000</PRGP>
    <ROSN>58,170000</ROSN>
    <SLOV>58,170000</SLOV>
    <SVIZ>58,170000</SVIZ>
    <BSP>58,170000</BSP>
    <MALT>90,690000</MALT>
    <XAUS>58,170000</XAUS>
    <XFRA>58,170000</XFRA>
  </Prezzi>
  <Prezzi>
    <Data>20170223</Data>
    <Mercato>MGP</Mercato>
    <Ora>20</Ora>
    <PUN>60,760380</PUN>
    <NAT>60,100000</NAT>
    <CNOR>58,780000</CNOR>
    <CSUD>58,780000</CSUD>
    <NORD>58,780000</NORD>
    <SARD>58,780000</SARD>
    <SICI>91,540000</SICI>
    <SUD>58,780000</SUD>
    <AUST>58,780000</AUST>
    <BRNN>58,780000</BRNN>
    <COAC>58,780000</COAC>
    <CORS>58,780000</CORS>
    <FOGN>58,780000</FOGN>
    <FRAN>58,780000</FRAN>
    <GREC>58,780000</GREC>
    <MFTV>58,780000</MFTV>
    <PRGP>91,540000</PRGP>
    <ROSN>58,780000</ROSN>
    <SLOV>58,780000</SLOV>
    <SVIZ>58,780000</SVIZ>
    <BSP>58,780000</BSP>
    <MALT>91,540000</MALT>
    <XAUS>58,780000</XAUS>
    <XFRA>58,780000</XFRA>
  </Prezzi>
  <Prezzi>
    <Data>20170223</Data>
    <Mercato>MGP</Mercato>
    <Ora>21</Ora>
    <PUN>57,195750</PUN>
    <NAT>55,250000</NAT>
    <CNOR>54,990000</CNOR>
    <CSUD>54,990000</CSUD>
    <NORD>54,990000</NORD>
    <SARD>54,990000</SARD>
    <SICI>90,690000</SICI>
    <SUD>54,990000</SUD>
    <AUST>54,990000</AUST>
    <BRNN>54,990000</BRNN>
    <COAC>54,990000</COAC>
    <CORS>54,990000</CORS>
    <FOGN>54,990000</FOGN>
    <FRAN>54,990000</FRAN>
    <GREC>54,990000</GREC>
    <MFTV>54,990000</MFTV>
    <PRGP>90,690000</PRGP>
    <ROSN>54,990000</ROSN>
    <SLOV>54,990000</SLOV>
    <SVIZ>54,990000</SVIZ>
    <BSP>54,990000</BSP>
    <MALT>90,690000</MALT>
    <XAUS>54,990000</XAUS>
    <XFRA>54,990000</XFRA>
  </Prezzi>
  <Prezzi>
    <Data>20170223</Data>
    <Mercato>MGP</Mercato>
    <Ora>22</Ora>
    <PUN>53,764410</PUN>
    <NAT>52,710000</NAT>
    <CNOR>51,000000</CNOR>
    <CSUD>51,000000</CSUD>
    <NORD>53,000000</NORD>
    <SARD>51,000000</SARD>
    <SICI>77,690000</SICI>
    <SUD>51,000000</SUD>
    <AUST>53,000000</AUST>
    <BRNN>51,000000</BRNN>
    <COAC>51,000000</COAC>
    <CORS>51,000000</CORS>
    <FOGN>51,000000</FOGN>
    <FRAN>53,000000</FRAN>
    <GREC>51,000000</GREC>
    <MFTV>53,000000</MFTV>
    <PRGP>77,690000</PRGP>
    <ROSN>51,000000</ROSN>
    <SLOV>53,000000</SLOV>
    <SVIZ>53,000000</SVIZ>
    <BSP>53,000000</BSP>
    <MALT>77,690000</MALT>
    <XAUS>53,000000</XAUS>
    <XFRA>53,000000</XFRA>
  </Prezzi>
  <Prezzi>
    <Data>20170223</Data>
    <Mercato>MGP</Mercato>
    <Ora>23</Ora>
    <PUN>48,671250</PUN>
    <NAT>48,020000</NAT>
    <CNOR>48,000000</CNOR>
    <CSUD>48,000000</CSUD>
    <NORD>48,000000</NORD>
    <SARD>48,000000</SARD>
    <SICI>58,560000</SICI>
    <SUD>48,000000</SUD>
    <AUST>48,000000</AUST>
    <BRNN>48,000000</BRNN>
    <COAC>48,000000</COAC>
    <CORS>48,000000</CORS>
    <FOGN>48,000000</FOGN>
    <FRAN>48,000000</FRAN>
    <GREC>48,000000</GREC>
    <MFTV>48,000000</MFTV>
    <PRGP>58,560000</PRGP>
    <ROSN>48,000000</ROSN>
    <SLOV>48,000000</SLOV>
    <SVIZ>48,000000</SVIZ>
    <BSP>48,000000</BSP>
    <MALT>58,560000</MALT>
    <XAUS>48,000000</XAUS>
    <XFRA>48,000000</XFRA>
  </Prezzi>
  <Prezzi>
    <Data>20170223</Data>
    <Mercato>MGP</Mercato>
    <Ora>24</Ora>
    <PUN>45,855930</PUN>
    <NAT>45,530000</NAT>
    <CNOR>46,025340</CNOR>
    <CSUD>45,500000</CSUD>
    <NORD>46,025340</NORD>
    <SARD>45,500000</SARD>
    <SICI>45,500000</SICI>
    <SUD>45,500000</SUD>
    <AUST>46,025340</AUST>
    <BRNN>45,500000</BRNN>
    <COAC>45,500000</COAC>
    <CORS>46,025340</CORS>
    <FOGN>45,500000</FOGN>
    <FRAN>46,025340</FRAN>
    <GREC>45,500000</GREC>
    <MFTV>46,025340</MFTV>
    <PRGP>45,500000</PRGP>
    <ROSN>45,500000</ROSN>
    <SLOV>46,025340</SLOV>
    <SVIZ>46,025340</SVIZ>
    <BSP>46,025340</BSP>
    <MALT>45,500000</MALT>
    <XAUS>46,025340</XAUS>
    <XFRA>46,025340</XFRA>
  </Prezzi>
</NewDataSet>