<?xml version="1.0" standalone="yes"?>
<NewDataSet>
  <xs:schema id="NewDataSet" xmlns="" xmlns:xs="http://www.w3.org/2001/XMLSchema" xmlns:msdata="urn:schemas-microsoft-com:xml-msdata">
    <xs:element name="NewDataSet" msdata:IsDataSet="true" msdata:UseCurrentLocale="true">
      <xs:complexType>
        <xs:choice minOccurs="0" maxOccurs="unbounded">
          <xs:element name="Prezzi">
            <xs:complexType>
              <xs:sequence>
                <xs:element name="Data" type="xs:string" minOccurs="0" />
                <xs:element name="Mercato" type="xs:string" minOccurs="0" />
                <xs:element name="Ora" type="xs:string" minOccurs="0" />
                <xs:element name="PUN" type="xs:string" minOccurs="0" />
                <xs:element name="NAT" type="xs:string" minOccurs="0" />
                <xs:element name="CNOR" type="xs:string" minOccurs="0" />
                <xs:element name="CSUD" type="xs:string" minOccurs="0" />
                <xs:element name="NORD" type="xs:string" minOccurs="0" />
                <xs:element name="SARD" type="xs:string" minOccurs="0" />
                <xs:element name="SICI" type="xs:string" minOccurs="0" />
                <xs:element name="SUD" type="xs:string" minOccurs="0" />
                <xs:element name="AUST" type="xs:string" minOccurs="0" />
                <xs:element name="BRNN" type="xs:string" minOccurs="0" />
                <xs:element name="COAC" type="xs:string" minOccurs="0" />
                <xs:element name="CORS" type="xs:string" minOccurs="0" />
                <xs:element name="FOGN" type="xs:string" minOccurs="0" />
                <xs:element name="FRAN" type="xs:string" minOccurs="0" />
                <xs:element name="GREC" type="xs:string" minOccurs="0" />
                <xs:element name="MFTV" type="xs:string" minOccurs="0" />
                <xs:element name="PRGP" type="xs:string" minOccurs="0" />
                <xs:element name="ROSN" type="xs:string" minOccurs="0" />
                <xs:element name="SLOV" type="xs:string" minOccurs="0" />
                <xs:element name="SVIZ" type="xs:string" minOccurs="0" />
                <xs:element name="BSP" type="xs:string" minOccurs="0" />
                <xs:element name="MALT" type="xs:string" minOccurs="0" />
                <xs:element name="XAUS" type="xs:string" minOccurs="0" />
                <xs:element name="XFRA" type="xs:string" minOccurs="0" />
              </xs:sequence>
            </xs:complexType>
          </xs:element>
        </xs:choice>
      </xs:complexType>
    </xs:element>
  </xs:schema>
  <Prezzi>
    <Data>20170215</Data>
    <Mercato>MGP</Mercato>
    <Ora>1</Ora>
    <PUN>44,530000</PUN>
    <NAT>44,530000</NAT>
    <CNOR>44,530000</CNOR>
    <CSUD>44,530000</CSUD>
    <NORD>44,530000</NORD>
    <SARD>44,530000</SARD>
    <SICI>44,530000</SICI>
    <SUD>44,530000</SUD>
    <AUST>44,530000</AUST>
    <BRNN>44,530000</BRNN>
    <COAC>44,530000</COAC>
    <CORS>44,530000</CORS>
    <FOGN>44,530000</FOGN>
    <FRAN>44,530000</FRAN>
    <GREC>44,530000</GREC>
    <MFTV>44,530000</MFTV>
    <PRGP>44,530000</PRGP>
    <ROSN>44,530000</ROSN>
    <SLOV>44,530000</SLOV>
    <SVIZ>44,530000</SVIZ>
    <BSP>44,530000</BSP>
    <MALT>44,530000</MALT>
    <XAUS>44,530000</XAUS>
    <XFRA>44,530000</XFRA>
  </Prezzi>
  <Prezzi>
    <Data>20170215</Data>
    <Mercato>MGP</Mercato>
    <Ora>2</Ora>
    <PUN>40,500000</PUN>
    <NAT>40,500000</NAT>
    <CNOR>40,500000</CNOR>
    <CSUD>40,500000</CSUD>
    <NORD>40,500000</NORD>
    <SARD>40,500000</SARD>
    <SICI>40,500000</SICI>
    <SUD>40,500000</SUD>
    <AUST>40,500000</AUST>
    <BRNN>40,500000</BRNN>
    <COAC>40,500000</COAC>
    <CORS>40,500000</CORS>
    <FOGN>40,500000</FOGN>
    <FRAN>40,500000</FRAN>
    <GREC>40,500000</GREC>
    <MFTV>40,500000</MFTV>
    <PRGP>40,500000</PRGP>
    <ROSN>40,500000</ROSN>
    <SLOV>40,500000</SLOV>
    <SVIZ>40,500000</SVIZ>
    <BSP>40,500000</BSP>
    <MALT>40,500000</MALT>
    <XAUS>40,500000</XAUS>
    <XFRA>40,500000</XFRA>
  </Prezzi>
  <Prezzi>
    <Data>20170215</Data>
    <Mercato>MGP</Mercato>
    <Ora>3</Ora>
    <PUN>39,990000</PUN>
    <NAT>39,990000</NAT>
    <CNOR>39,990000</CNOR>
    <CSUD>39,990000</CSUD>
    <NORD>39,990000</NORD>
    <SARD>39,990000</SARD>
    <SICI>39,990000</SICI>
    <SUD>39,990000</SUD>
    <AUST>39,990000</AUST>
    <BRNN>39,990000</BRNN>
    <COAC>39,990000</COAC>
    <CORS>39,990000</CORS>
    <FOGN>39,990000</FOGN>
    <FRAN>39,990000</FRAN>
    <GREC>39,990000</GREC>
    <MFTV>39,990000</MFTV>
    <PRGP>39,990000</PRGP>
    <ROSN>39,990000</ROSN>
    <SLOV>39,990000</SLOV>
    <SVIZ>39,990000</SVIZ>
    <BSP>39,990000</BSP>
    <MALT>39,990000</MALT>
    <XAUS>39,990000</XAUS>
    <XFRA>39,990000</XFRA>
  </Prezzi>
  <Prezzi>
    <Data>20170215</Data>
    <Mercato>MGP</Mercato>
    <Ora>4</Ora>
    <PUN>39,990000</PUN>
    <NAT>39,990000</NAT>
    <CNOR>39,990000</CNOR>
    <CSUD>39,990000</CSUD>
    <NORD>39,990000</NORD>
    <SARD>39,990000</SARD>
    <SICI>39,990000</SICI>
    <SUD>39,990000</SUD>
    <AUST>39,990000</AUST>
    <BRNN>39,990000</BRNN>
    <COAC>39,990000</COAC>
    <CORS>39,990000</CORS>
    <FOGN>39,990000</FOGN>
    <FRAN>39,990000</FRAN>
    <GREC>39,990000</GREC>
    <MFTV>39,990000</MFTV>
    <PRGP>39,990000</PRGP>
    <ROSN>39,990000</ROSN>
    <SLOV>39,990000</SLOV>
    <SVIZ>39,990000</SVIZ>
    <BSP>39,990000</BSP>
    <MALT>39,990000</MALT>
    <XAUS>39,990000</XAUS>
    <XFRA>39,990000</XFRA>
  </Prezzi>
  <Prezzi>
    <Data>20170215</Data>
    <Mercato>MGP</Mercato>
    <Ora>5</Ora>
    <PUN>39,770000</PUN>
    <NAT>39,770000</NAT>
    <CNOR>39,770000</CNOR>
    <CSUD>39,770000</CSUD>
    <NORD>39,770000</NORD>
    <SARD>39,770000</SARD>
    <SICI>39,770000</SICI>
    <SUD>39,770000</SUD>
    <AUST>39,770000</AUST>
    <BRNN>39,770000</BRNN>
    <COAC>39,770000</COAC>
    <CORS>39,770000</CORS>
    <FOGN>39,770000</FOGN>
    <FRAN>39,770000</FRAN>
    <GREC>39,770000</GREC>
    <MFTV>39,770000</MFTV>
    <PRGP>39,770000</PRGP>
    <ROSN>39,770000</ROSN>
    <SLOV>39,770000</SLOV>
    <SVIZ>39,770000</SVIZ>
    <BSP>39,770000</BSP>
    <MALT>39,770000</MALT>
    <XAUS>39,770000</XAUS>
    <XFRA>39,770000</XFRA>
  </Prezzi>
  <Prezzi>
    <Data>20170215</Data>
    <Mercato>MGP</Mercato>
    <Ora>6</Ora>
    <PUN>40,500000</PUN>
    <NAT>40,500000</NAT>
    <CNOR>40,500000</CNOR>
    <CSUD>40,500000</CSUD>
    <NORD>40,500000</NORD>
    <SARD>40,500000</SARD>
    <SICI>40,500000</SICI>
    <SUD>40,500000</SUD>
    <AUST>40,500000</AUST>
    <BRNN>40,500000</BRNN>
    <COAC>40,500000</COAC>
    <CORS>40,500000</CORS>
    <FOGN>40,500000</FOGN>
    <FRAN>40,500000</FRAN>
    <GREC>40,500000</GREC>
    <MFTV>40,500000</MFTV>
    <PRGP>40,500000</PRGP>
    <ROSN>40,500000</ROSN>
    <SLOV>40,500000</SLOV>
    <SVIZ>40,500000</SVIZ>
    <BSP>40,500000</BSP>
    <MALT>40,500000</MALT>
    <XAUS>40,500000</XAUS>
    <XFRA>40,500000</XFRA>
  </Prezzi>
  <Prezzi>
    <Data>20170215</Data>
    <Mercato>MGP</Mercato>
    <Ora>7</Ora>
    <PUN>50,000000</PUN>
    <NAT>50,000000</NAT>
    <CNOR>50,000000</CNOR>
    <CSUD>50,000000</CSUD>
    <NORD>50,000000</NORD>
    <SARD>50,000000</SARD>
    <SICI>50,000000</SICI>
    <SUD>50,000000</SUD>
    <AUST>50,000000</AUST>
    <BRNN>50,000000</BRNN>
    <COAC>50,000000</COAC>
    <CORS>50,000000</CORS>
    <FOGN>50,000000</FOGN>
    <FRAN>50,000000</FRAN>
    <GREC>50,000000</GREC>
    <MFTV>50,000000</MFTV>
    <PRGP>50,000000</PRGP>
    <ROSN>50,000000</ROSN>
    <SLOV>50,000000</SLOV>
    <SVIZ>50,000000</SVIZ>
    <BSP>50,000000</BSP>
    <MALT>50,000000</MALT>
    <XAUS>50,000000</XAUS>
    <XFRA>50,000000</XFRA>
  </Prezzi>
  <Prezzi>
    <Data>20170215</Data>
    <Mercato>MGP</Mercato>
    <Ora>8</Ora>
    <PUN>58,301510</PUN>
    <NAT>58,900000</NAT>
    <CNOR>52,000000</CNOR>
    <CSUD>52,000000</CSUD>
    <NORD>61,480000</NORD>
    <SARD>52,000000</SARD>
    <SICI>61,870000</SICI>
    <SUD>52,000000</SUD>
    <AUST>61,480000</AUST>
    <BRNN>52,000000</BRNN>
    <COAC>52,000000</COAC>
    <CORS>52,000000</CORS>
    <FOGN>52,000000</FOGN>
    <FRAN>61,480000</FRAN>
    <GREC>52,000000</GREC>
    <MFTV>61,480000</MFTV>
    <PRGP>61,870000</PRGP>
    <ROSN>52,000000</ROSN>
    <SLOV>61,480000</SLOV>
    <SVIZ>61,480000</SVIZ>
    <BSP>61,480000</BSP>
    <MALT>61,870000</MALT>
    <XAUS>61,480000</XAUS>
    <XFRA>61,480000</XFRA>
  </Prezzi>
  <Prezzi>
    <Data>20170215</Data>
    <Mercato>MGP</Mercato>
    <Ora>9</Ora>
    <PUN>59,442160</PUN>
    <NAT>60,520000</NAT>
    <CNOR>52,000000</CNOR>
    <CSUD>52,000000</CSUD>
    <NORD>63,490080</NORD>
    <SARD>52,000000</SARD>
    <SICI>61,870000</SICI>
    <SUD>52,000000</SUD>
    <AUST>63,490080</AUST>
    <BRNN>52,000000</BRNN>
    <COAC>52,000000</COAC>
    <CORS>52,000000</CORS>
    <FOGN>52,000000</FOGN>
    <FRAN>63,490080</FRAN>
    <GREC>52,000000</GREC>
    <MFTV>63,490080</MFTV>
    <PRGP>61,870000</PRGP>
    <ROSN>52,000000</ROSN>
    <SLOV>63,490080</SLOV>
    <SVIZ>63,490080</SVIZ>
    <BSP>63,490080</BSP>
    <MALT>61,870000</MALT>
    <XAUS>63,490080</XAUS>
    <XFRA>63,490080</XFRA>
  </Prezzi>
  <Prezzi>
    <Data>20170215</Data>
    <Mercato>MGP</Mercato>
    <Ora>10</Ora>
    <PUN>57,479560</PUN>
    <NAT>55,520000</NAT>
    <CNOR>50,990000</CNOR>
    <CSUD>50,990000</CSUD>
    <NORD>60,761130</NORD>
    <SARD>50,990000</SARD>
    <SICI>61,440000</SICI>
    <SUD>50,990000</SUD>
    <AUST>60,761130</AUST>
    <BRNN>50,990000</BRNN>
    <COAC>50,990000</COAC>
    <CORS>50,990000</CORS>
    <FOGN>50,990000</FOGN>
    <FRAN>60,761130</FRAN>
    <GREC>50,990000</GREC>
    <MFTV>60,761130</MFTV>
    <PRGP>61,440000</PRGP>
    <ROSN>50,990000</ROSN>
    <SLOV>60,761130</SLOV>
    <SVIZ>60,761130</SVIZ>
    <BSP>60,761130</BSP>
    <MALT>61,440000</MALT>
    <XAUS>60,761130</XAUS>
    <XFRA>60,761130</XFRA>
  </Prezzi>
  <Prezzi>
    <Data>20170215</Data>
    <Mercato>MGP</Mercato>
    <Ora>11</Ora>
    <PUN>55,104070</PUN>
    <NAT>52,790000</NAT>
    <CNOR>49,760000</CNOR>
    <CSUD>48,960000</CSUD>
    <NORD>58,795610</NORD>
    <SARD>48,960000</SARD>
    <SICI>50,490000</SICI>
    <SUD>48,960000</SUD>
    <AUST>58,795610</AUST>
    <BRNN>48,960000</BRNN>
    <COAC>48,960000</COAC>
    <CORS>49,760000</CORS>
    <FOGN>48,960000</FOGN>
    <FRAN>58,795610</FRAN>
    <GREC>48,960000</GREC>
    <MFTV>58,795610</MFTV>
    <PRGP>50,490000</PRGP>
    <ROSN>48,960000</ROSN>
    <SLOV>58,795610</SLOV>
    <SVIZ>58,795610</SVIZ>
    <BSP>58,795610</BSP>
    <MALT>50,490000</MALT>
    <XAUS>58,795610</XAUS>
    <XFRA>58,795610</XFRA>
  </Prezzi>
  <Prezzi>
    <Data>20170215</Data>
    <Mercato>MGP</Mercato>
    <Ora>12</Ora>
    <PUN>53,982370</PUN>
    <NAT>52,000000</NAT>
    <CNOR>49,760000</CNOR>
    <CSUD>43,000000</CSUD>
    <NORD>59,904750</NORD>
    <SARD>43,000000</SARD>
    <SICI>43,000000</SICI>
    <SUD>43,000000</SUD>
    <AUST>59,904750</AUST>
    <BRNN>43,000000</BRNN>
    <COAC>43,000000</COAC>
    <CORS>49,760000</CORS>
    <FOGN>43,000000</FOGN>
    <FRAN>59,904750</FRAN>
    <GREC>43,000000</GREC>
    <MFTV>59,904750</MFTV>
    <PRGP>43,000000</PRGP>
    <ROSN>43,000000</ROSN>
    <SLOV>59,904750</SLOV>
    <SVIZ>59,904750</SVIZ>
    <BSP>59,904750</BSP>
    <MALT>43,000000</MALT>
    <XAUS>59,904750</XAUS>
    <XFRA>59,904750</XFRA>
  </Prezzi>
  <Prezzi>
    <Data>20170215</Data>
    <Mercato>MGP</Mercato>
    <Ora>13</Ora>
    <PUN>50,400370</PUN>
    <NAT>51,000000</NAT>
    <CNOR>53,520000</CNOR>
    <CSUD>43,000000</CSUD>
    <NORD>53,520000</NORD>
    <SARD>43,000000</SARD>
    <SICI>43,000000</SICI>
    <SUD>43,000000</SUD>
    <AUST>53,520000</AUST>
    <BRNN>43,000000</BRNN>
    <COAC>43,000000</COAC>
    <CORS>53,520000</CORS>
    <FOGN>43,000000</FOGN>
    <FRAN>53,520000</FRAN>
    <GREC>43,000000</GREC>
    <MFTV>53,520000</MFTV>
    <PRGP>43,000000</PRGP>
    <ROSN>43,000000</ROSN>
    <SLOV>53,520000</SLOV>
    <SVIZ>53,520000</SVIZ>
    <BSP>53,520000</BSP>
    <MALT>43,000000</MALT>
    <XAUS>53,520000</XAUS>
    <XFRA>53,520000</XFRA>
  </Prezzi>
  <Prezzi>
    <Data>20170215</Data>
    <Mercato>MGP</Mercato>
    <Ora>14</Ora>
    <PUN>48,504990</PUN>
    <NAT>49,760000</NAT>
    <CNOR>51,770000</CNOR>
    <CSUD>40,520000</CSUD>
    <NORD>51,770000</NORD>
    <SARD>40,520000</SARD>
    <SICI>40,520000</SICI>
    <SUD>40,520000</SUD>
    <AUST>51,770000</AUST>
    <BRNN>40,520000</BRNN>
    <COAC>40,520000</COAC>
    <CORS>51,770000</CORS>
    <FOGN>40,520000</FOGN>
    <FRAN>51,770000</FRAN>
    <GREC>40,520000</GREC>
    <MFTV>51,770000</MFTV>
    <PRGP>40,520000</PRGP>
    <ROSN>40,520000</ROSN>
    <SLOV>51,770000</SLOV>
    <SVIZ>51,770000</SVIZ>
    <BSP>51,770000</BSP>
    <MALT>40,520000</MALT>
    <XAUS>51,770000</XAUS>
    <XFRA>51,770000</XFRA>
  </Prezzi>
  <Prezzi>
    <Data>20170215</Data>
    <Mercato>MGP</Mercato>
    <Ora>15</Ora>
    <PUN>50,902060</PUN>
    <NAT>50,990000</NAT>
    <CNOR>49,760000</CNOR>
    <CSUD>45,670000</CSUD>
    <NORD>53,520000</NORD>
    <SARD>45,670000</SARD>
    <SICI>45,670000</SICI>
    <SUD>45,670000</SUD>
    <AUST>53,520000</AUST>
    <BRNN>45,670000</BRNN>
    <COAC>45,670000</COAC>
    <CORS>49,760000</CORS>
    <FOGN>45,670000</FOGN>
    <FRAN>53,520000</FRAN>
    <GREC>45,670000</GREC>
    <MFTV>53,520000</MFTV>
    <PRGP>45,670000</PRGP>
    <ROSN>45,670000</ROSN>
    <SLOV>53,520000</SLOV>
    <SVIZ>53,520000</SVIZ>
    <BSP>53,520000</BSP>
    <MALT>45,670000</MALT>
    <XAUS>53,520000</XAUS>
    <XFRA>53,520000</XFRA>
  </Prezzi>
  <Prezzi>
    <Data>20170215</Data>
    <Mercato>MGP</Mercato>
    <Ora>16</Ora>
    <PUN>54,382190</PUN>
    <NAT>52,000000</NAT>
    <CNOR>56,340000</CNOR>
    <CSUD>49,000000</CSUD>
    <NORD>56,340000</NORD>
    <SARD>49,000000</SARD>
    <SICI>51,340000</SICI>
    <SUD>49,000000</SUD>
    <AUST>56,340000</AUST>
    <BRNN>49,000000</BRNN>
    <COAC>49,000000</COAC>
    <CORS>56,340000</CORS>
    <FOGN>49,000000</FOGN>
    <FRAN>56,340000</FRAN>
    <GREC>49,000000</GREC>
    <MFTV>56,340000</MFTV>
    <PRGP>51,340000</PRGP>
    <ROSN>49,000000</ROSN>
    <SLOV>56,340000</SLOV>
    <SVIZ>56,340000</SVIZ>
    <BSP>56,340000</BSP>
    <MALT>51,340000</MALT>
    <XAUS>56,340000</XAUS>
    <XFRA>56,340000</XFRA>
  </Prezzi>
  <Prezzi>
    <Data>20170215</Data>
    <Mercato>MGP</Mercato>
    <Ora>17</Ora>
    <PUN>57,310250</PUN>
    <NAT>55,000000</NAT>
    <CNOR>59,000000</CNOR>
    <CSUD>51,250000</CSUD>
    <NORD>59,000000</NORD>
    <SARD>51,250000</SARD>
    <SICI>61,870000</SICI>
    <SUD>51,250000</SUD>
    <AUST>59,000000</AUST>
    <BRNN>51,250000</BRNN>
    <COAC>51,250000</COAC>
    <CORS>59,000000</CORS>
    <FOGN>51,250000</FOGN>
    <FRAN>59,000000</FRAN>
    <GREC>51,250000</GREC>
    <MFTV>59,000000</MFTV>
    <PRGP>61,870000</PRGP>
    <ROSN>51,250000</ROSN>
    <SLOV>59,000000</SLOV>
    <SVIZ>59,000000</SVIZ>
    <BSP>59,000000</BSP>
    <MALT>61,870000</MALT>
    <XAUS>59,000000</XAUS>
    <XFRA>59,000000</XFRA>
  </Prezzi>
  <Prezzi>
    <Data>20170215</Data>
    <Mercato>MGP</Mercato>
    <Ora>18</Ora>
    <PUN>59,310190</PUN>
    <NAT>59,540000</NAT>
    <CNOR>59,160000</CNOR>
    <CSUD>57,000000</CSUD>
    <NORD>59,160000</NORD>
    <SARD>57,000000</SARD>
    <SICI>71,540000</SICI>
    <SUD>57,000000</SUD>
    <AUST>59,160000</AUST>
    <BRNN>57,000000</BRNN>
    <COAC>57,000000</COAC>
    <CORS>59,160000</CORS>
    <FOGN>57,000000</FOGN>
    <FRAN>59,160000</FRAN>
    <GREC>57,000000</GREC>
    <MFTV>59,160000</MFTV>
    <PRGP>71,540000</PRGP>
    <ROSN>57,000000</ROSN>
    <SLOV>59,160000</SLOV>
    <SVIZ>59,160000</SVIZ>
    <BSP>59,160000</BSP>
    <MALT>71,540000</MALT>
    <XAUS>59,160000</XAUS>
    <XFRA>59,160000</XFRA>
  </Prezzi>
  <Prezzi>
    <Data>20170215</Data>
    <Mercato>MGP</Mercato>
    <Ora>19</Ora>
    <PUN>66,095440</PUN>
    <NAT>65,140000</NAT>
    <CNOR>64,480000</CNOR>
    <CSUD>64,480000</CSUD>
    <NORD>64,480000</NORD>
    <SARD>64,480000</SARD>
    <SICI>91,540000</SICI>
    <SUD>64,480000</SUD>
    <AUST>64,480000</AUST>
    <BRNN>64,480000</BRNN>
    <COAC>64,480000</COAC>
    <CORS>64,480000</CORS>
    <FOGN>64,480000</FOGN>
    <FRAN>64,480000</FRAN>
    <GREC>64,480000</GREC>
    <MFTV>64,480000</MFTV>
    <PRGP>91,540000</PRGP>
    <ROSN>64,480000</ROSN>
    <SLOV>64,480000</SLOV>
    <SVIZ>64,480000</SVIZ>
    <BSP>64,480000</BSP>
    <MALT>91,540000</MALT>
    <XAUS>64,480000</XAUS>
    <XFRA>64,480000</XFRA>
  </Prezzi>
  <Prezzi>
    <Data>20170215</Data>
    <Mercato>MGP</Mercato>
    <Ora>20</Ora>
    <PUN>67,445290</PUN>
    <NAT>66,530000</NAT>
    <CNOR>65,850000</CNOR>
    <CSUD>65,850000</CSUD>
    <NORD>65,850000</NORD>
    <SARD>65,850000</SARD>
    <SICI>91,540000</SICI>
    <SUD>65,850000</SUD>
    <AUST>65,850000</AUST>
    <BRNN>65,850000</BRNN>
    <COAC>65,850000</COAC>
    <CORS>65,850000</CORS>
    <FOGN>65,850000</FOGN>
    <FRAN>65,850000</FRAN>
    <GREC>65,850000</GREC>
    <MFTV>65,850000</MFTV>
    <PRGP>91,540000</PRGP>
    <ROSN>65,850000</ROSN>
    <SLOV>65,850000</SLOV>
    <SVIZ>65,850000</SVIZ>
    <BSP>65,850000</BSP>
    <MALT>91,540000</MALT>
    <XAUS>65,850000</XAUS>
    <XFRA>65,850000</XFRA>
  </Prezzi>
  <Prezzi>
    <Data>20170215</Data>
    <Mercato>MGP</Mercato>
    <Ora>21</Ora>
    <PUN>61,066240</PUN>
    <NAT>59,780000</NAT>
    <CNOR>59,000000</CNOR>
    <CSUD>59,000000</CSUD>
    <NORD>59,000000</NORD>
    <SARD>59,000000</SARD>
    <SICI>91,540000</SICI>
    <SUD>59,000000</SUD>
    <AUST>59,000000</AUST>
    <BRNN>59,000000</BRNN>
    <COAC>59,000000</COAC>
    <CORS>59,000000</CORS>
    <FOGN>59,000000</FOGN>
    <FRAN>59,000000</FRAN>
    <GREC>59,000000</GREC>
    <MFTV>59,000000</MFTV>
    <PRGP>91,540000</PRGP>
    <ROSN>59,000000</ROSN>
    <SLOV>59,000000</SLOV>
    <SVIZ>59,000000</SVIZ>
    <BSP>59,000000</BSP>
    <MALT>91,540000</MALT>
    <XAUS>59,000000</XAUS>
    <XFRA>59,000000</XFRA>
  </Prezzi>
  <Prezzi>
    <Data>20170215</Data>
    <Mercato>MGP</Mercato>
    <Ora>22</Ora>
    <PUN>54,727280</PUN>
    <NAT>52,890000</NAT>
    <CNOR>52,263240</CNOR>
    <CSUD>52,000000</CSUD>
    <NORD>52,263240</NORD>
    <SARD>52,000000</SARD>
    <SICI>91,540000</SICI>
    <SUD>52,000000</SUD>
    <AUST>52,263240</AUST>
    <BRNN>52,000000</BRNN>
    <COAC>52,000000</COAC>
    <CORS>52,263240</CORS>
    <FOGN>52,000000</FOGN>
    <FRAN>52,263240</FRAN>
    <GREC>52,000000</GREC>
    <MFTV>52,263240</MFTV>
    <PRGP>91,540000</PRGP>
    <ROSN>52,000000</ROSN>
    <SLOV>52,263240</SLOV>
    <SVIZ>52,263240</SVIZ>
    <BSP>52,263240</BSP>
    <MALT>91,540000</MALT>
    <XAUS>52,263240</XAUS>
    <XFRA>52,263240</XFRA>
  </Prezzi>
  <Prezzi>
    <Data>20170215</Data>
    <Mercato>MGP</Mercato>
    <Ora>23</Ora>
    <PUN>51,535800</PUN>
    <NAT>50,990000</NAT>
    <CNOR>50,700000</CNOR>
    <CSUD>50,700000</CSUD>
    <NORD>50,700000</NORD>
    <SARD>50,700000</SARD>
    <SICI>63,690000</SICI>
    <SUD>50,700000</SUD>
    <AUST>50,700000</AUST>
    <BRNN>50,700000</BRNN>
    <COAC>50,700000</COAC>
    <CORS>50,700000</CORS>
    <FOGN>50,700000</FOGN>
    <FRAN>50,700000</FRAN>
    <GREC>50,700000</GREC>
    <MFTV>50,700000</MFTV>
    <PRGP>63,690000</PRGP>
    <ROSN>50,700000</ROSN>
    <SLOV>50,700000</SLOV>
    <SVIZ>50,700000</SVIZ>
    <BSP>50,700000</BSP>
    <MALT>63,690000</MALT>
    <XAUS>50,700000</XAUS>
    <XFRA>50,700000</XFRA>
  </Prezzi>
  <Prezzi>
    <Data>20170215</Data>
    <Mercato>MGP</Mercato>
    <Ora>24</Ora>
    <PUN>51,000700</PUN>
    <NAT>50,650000</NAT>
    <CNOR>50,650000</CNOR>
    <CSUD>49,930000</CSUD>
    <NORD>50,650000</NORD>
    <SARD>49,930000</SARD>
    <SICI>59,360000</SICI>
    <SUD>49,930000</SUD>
    <AUST>50,650000</AUST>
    <BRNN>49,930000</BRNN>
    <COAC>49,930000</COAC>
    <CORS>50,650000</CORS>
    <FOGN>49,930000</FOGN>
    <FRAN>50,650000</FRAN>
    <GREC>49,930000</GREC>
    <MFTV>50,650000</MFTV>
    <PRGP>59,360000</PRGP>
    <ROSN>49,930000</ROSN>
    <SLOV>50,650000</SLOV>
    <SVIZ>50,650000</SVIZ>
    <BSP>50,650000</BSP>
    <MALT>59,360000</MALT>
    <XAUS>50,650000</XAUS>
    <XFRA>50,650000</XFRA>
  </Prezzi>
</NewDataSet>