<?xml version="1.0" standalone="yes"?>
<NewDataSet>
  <xs:schema id="NewDataSet" xmlns="" xmlns:xs="http://www.w3.org/2001/XMLSchema" xmlns:msdata="urn:schemas-microsoft-com:xml-msdata">
    <xs:element name="NewDataSet" msdata:IsDataSet="true" msdata:UseCurrentLocale="true">
      <xs:complexType>
        <xs:choice minOccurs="0" maxOccurs="unbounded">
          <xs:element name="Prezzi">
            <xs:complexType>
              <xs:sequence>
                <xs:element name="Data" type="xs:string" minOccurs="0" />
                <xs:element name="Mercato" type="xs:string" minOccurs="0" />
                <xs:element name="Ora" type="xs:string" minOccurs="0" />
                <xs:element name="PUN" type="xs:string" minOccurs="0" />
                <xs:element name="NAT" type="xs:string" minOccurs="0" />
                <xs:element name="CNOR" type="xs:string" minOccurs="0" />
                <xs:element name="CSUD" type="xs:string" minOccurs="0" />
                <xs:element name="NORD" type="xs:string" minOccurs="0" />
                <xs:element name="SARD" type="xs:string" minOccurs="0" />
                <xs:element name="SICI" type="xs:string" minOccurs="0" />
                <xs:element name="SUD" type="xs:string" minOccurs="0" />
                <xs:element name="AUST" type="xs:string" minOccurs="0" />
                <xs:element name="BRNN" type="xs:string" minOccurs="0" />
                <xs:element name="COAC" type="xs:string" minOccurs="0" />
                <xs:element name="CORS" type="xs:string" minOccurs="0" />
                <xs:element name="FOGN" type="xs:string" minOccurs="0" />
                <xs:element name="FRAN" type="xs:string" minOccurs="0" />
                <xs:element name="GREC" type="xs:string" minOccurs="0" />
                <xs:element name="MFTV" type="xs:string" minOccurs="0" />
                <xs:element name="PRGP" type="xs:string" minOccurs="0" />
                <xs:element name="ROSN" type="xs:string" minOccurs="0" />
                <xs:element name="SLOV" type="xs:string" minOccurs="0" />
                <xs:element name="SVIZ" type="xs:string" minOccurs="0" />
                <xs:element name="BSP" type="xs:string" minOccurs="0" />
                <xs:element name="MALT" type="xs:string" minOccurs="0" />
                <xs:element name="XAUS" type="xs:string" minOccurs="0" />
                <xs:element name="XFRA" type="xs:string" minOccurs="0" />
              </xs:sequence>
            </xs:complexType>
          </xs:element>
        </xs:choice>
      </xs:complexType>
    </xs:element>
  </xs:schema>
  <Prezzi>
    <Data>20170204</Data>
    <Mercato>MGP</Mercato>
    <Ora>1</Ora>
    <PUN>53,417440</PUN>
    <NAT>51,000000</NAT>
    <CNOR>54,980000</CNOR>
    <CSUD>50,000000</CSUD>
    <NORD>54,980000</NORD>
    <SARD>50,000000</SARD>
    <SICI>50,000000</SICI>
    <SUD>50,000000</SUD>
    <AUST>54,980000</AUST>
    <BRNN>50,000000</BRNN>
    <COAC>50,000000</COAC>
    <CORS>54,980000</CORS>
    <FOGN>50,000000</FOGN>
    <FRAN>54,980000</FRAN>
    <GREC>50,000000</GREC>
    <MFTV>54,980000</MFTV>
    <PRGP>50,000000</PRGP>
    <ROSN>50,000000</ROSN>
    <SLOV>54,980000</SLOV>
    <SVIZ>54,980000</SVIZ>
    <BSP>54,980000</BSP>
    <MALT>50,000000</MALT>
    <XAUS>54,980000</XAUS>
    <XFRA>54,980000</XFRA>
  </Prezzi>
  <Prezzi>
    <Data>20170204</Data>
    <Mercato>MGP</Mercato>
    <Ora>2</Ora>
    <PUN>46,780000</PUN>
    <NAT>46,780000</NAT>
    <CNOR>46,780000</CNOR>
    <CSUD>46,780000</CSUD>
    <NORD>46,780000</NORD>
    <SARD>46,780000</SARD>
    <SICI>46,780000</SICI>
    <SUD>46,780000</SUD>
    <AUST>46,780000</AUST>
    <BRNN>46,780000</BRNN>
    <COAC>46,780000</COAC>
    <CORS>46,780000</CORS>
    <FOGN>46,780000</FOGN>
    <FRAN>46,780000</FRAN>
    <GREC>46,780000</GREC>
    <MFTV>46,780000</MFTV>
    <PRGP>46,780000</PRGP>
    <ROSN>46,780000</ROSN>
    <SLOV>46,780000</SLOV>
    <SVIZ>46,780000</SVIZ>
    <BSP>46,780000</BSP>
    <MALT>46,780000</MALT>
    <XAUS>46,780000</XAUS>
    <XFRA>46,780000</XFRA>
  </Prezzi>
  <Prezzi>
    <Data>20170204</Data>
    <Mercato>MGP</Mercato>
    <Ora>3</Ora>
    <PUN>43,890000</PUN>
    <NAT>43,890000</NAT>
    <CNOR>43,890000</CNOR>
    <CSUD>43,890000</CSUD>
    <NORD>43,890000</NORD>
    <SARD>43,890000</SARD>
    <SICI>43,890000</SICI>
    <SUD>43,890000</SUD>
    <AUST>43,890000</AUST>
    <BRNN>43,890000</BRNN>
    <COAC>43,890000</COAC>
    <CORS>43,890000</CORS>
    <FOGN>43,890000</FOGN>
    <FRAN>43,890000</FRAN>
    <GREC>43,890000</GREC>
    <MFTV>43,890000</MFTV>
    <PRGP>43,890000</PRGP>
    <ROSN>43,890000</ROSN>
    <SLOV>43,890000</SLOV>
    <SVIZ>43,890000</SVIZ>
    <BSP>43,890000</BSP>
    <MALT>43,890000</MALT>
    <XAUS>43,890000</XAUS>
    <XFRA>43,890000</XFRA>
  </Prezzi>
  <Prezzi>
    <Data>20170204</Data>
    <Mercato>MGP</Mercato>
    <Ora>4</Ora>
    <PUN>42,490000</PUN>
    <NAT>42,490000</NAT>
    <CNOR>42,490000</CNOR>
    <CSUD>42,490000</CSUD>
    <NORD>42,490000</NORD>
    <SARD>42,490000</SARD>
    <SICI>42,490000</SICI>
    <SUD>42,490000</SUD>
    <AUST>42,490000</AUST>
    <BRNN>42,490000</BRNN>
    <COAC>42,490000</COAC>
    <CORS>42,490000</CORS>
    <FOGN>42,490000</FOGN>
    <FRAN>42,490000</FRAN>
    <GREC>42,490000</GREC>
    <MFTV>42,490000</MFTV>
    <PRGP>42,490000</PRGP>
    <ROSN>42,490000</ROSN>
    <SLOV>42,490000</SLOV>
    <SVIZ>42,490000</SVIZ>
    <BSP>42,490000</BSP>
    <MALT>42,490000</MALT>
    <XAUS>42,490000</XAUS>
    <XFRA>42,490000</XFRA>
  </Prezzi>
  <Prezzi>
    <Data>20170204</Data>
    <Mercato>MGP</Mercato>
    <Ora>5</Ora>
    <PUN>43,500000</PUN>
    <NAT>43,500000</NAT>
    <CNOR>43,500000</CNOR>
    <CSUD>43,500000</CSUD>
    <NORD>43,500000</NORD>
    <SARD>43,500000</SARD>
    <SICI>43,500000</SICI>
    <SUD>43,500000</SUD>
    <AUST>43,500000</AUST>
    <BRNN>43,500000</BRNN>
    <COAC>43,500000</COAC>
    <CORS>43,500000</CORS>
    <FOGN>43,500000</FOGN>
    <FRAN>43,500000</FRAN>
    <GREC>43,500000</GREC>
    <MFTV>43,500000</MFTV>
    <PRGP>43,500000</PRGP>
    <ROSN>43,500000</ROSN>
    <SLOV>43,500000</SLOV>
    <SVIZ>43,500000</SVIZ>
    <BSP>43,500000</BSP>
    <MALT>43,500000</MALT>
    <XAUS>43,500000</XAUS>
    <XFRA>43,500000</XFRA>
  </Prezzi>
  <Prezzi>
    <Data>20170204</Data>
    <Mercato>MGP</Mercato>
    <Ora>6</Ora>
    <PUN>44,920000</PUN>
    <NAT>44,920000</NAT>
    <CNOR>44,920000</CNOR>
    <CSUD>44,920000</CSUD>
    <NORD>44,920000</NORD>
    <SARD>44,920000</SARD>
    <SICI>44,920000</SICI>
    <SUD>44,920000</SUD>
    <AUST>44,920000</AUST>
    <BRNN>44,920000</BRNN>
    <COAC>44,920000</COAC>
    <CORS>44,920000</CORS>
    <FOGN>44,920000</FOGN>
    <FRAN>44,920000</FRAN>
    <GREC>44,920000</GREC>
    <MFTV>44,920000</MFTV>
    <PRGP>44,920000</PRGP>
    <ROSN>44,920000</ROSN>
    <SLOV>44,920000</SLOV>
    <SVIZ>44,920000</SVIZ>
    <BSP>44,920000</BSP>
    <MALT>44,920000</MALT>
    <XAUS>44,920000</XAUS>
    <XFRA>44,920000</XFRA>
  </Prezzi>
  <Prezzi>
    <Data>20170204</Data>
    <Mercato>MGP</Mercato>
    <Ora>7</Ora>
    <PUN>47,770000</PUN>
    <NAT>47,770000</NAT>
    <CNOR>47,770000</CNOR>
    <CSUD>47,770000</CSUD>
    <NORD>47,770000</NORD>
    <SARD>47,770000</SARD>
    <SICI>47,770000</SICI>
    <SUD>47,770000</SUD>
    <AUST>47,770000</AUST>
    <BRNN>47,770000</BRNN>
    <COAC>47,770000</COAC>
    <CORS>47,770000</CORS>
    <FOGN>47,770000</FOGN>
    <FRAN>47,770000</FRAN>
    <GREC>47,770000</GREC>
    <MFTV>47,770000</MFTV>
    <PRGP>47,770000</PRGP>
    <ROSN>47,770000</ROSN>
    <SLOV>47,770000</SLOV>
    <SVIZ>47,770000</SVIZ>
    <BSP>47,770000</BSP>
    <MALT>47,770000</MALT>
    <XAUS>47,770000</XAUS>
    <XFRA>47,770000</XFRA>
  </Prezzi>
  <Prezzi>
    <Data>20170204</Data>
    <Mercato>MGP</Mercato>
    <Ora>8</Ora>
    <PUN>51,000000</PUN>
    <NAT>51,000000</NAT>
    <CNOR>51,000000</CNOR>
    <CSUD>51,000000</CSUD>
    <NORD>51,000000</NORD>
    <SARD>51,000000</SARD>
    <SICI>51,000000</SICI>
    <SUD>51,000000</SUD>
    <AUST>51,000000</AUST>
    <BRNN>51,000000</BRNN>
    <COAC>51,000000</COAC>
    <CORS>51,000000</CORS>
    <FOGN>51,000000</FOGN>
    <FRAN>51,000000</FRAN>
    <GREC>51,000000</GREC>
    <MFTV>51,000000</MFTV>
    <PRGP>51,000000</PRGP>
    <ROSN>51,000000</ROSN>
    <SLOV>51,000000</SLOV>
    <SVIZ>51,000000</SVIZ>
    <BSP>51,000000</BSP>
    <MALT>51,000000</MALT>
    <XAUS>51,000000</XAUS>
    <XFRA>51,000000</XFRA>
  </Prezzi>
  <Prezzi>
    <Data>20170204</Data>
    <Mercato>MGP</Mercato>
    <Ora>9</Ora>
    <PUN>56,905300</PUN>
    <NAT>52,910000</NAT>
    <CNOR>58,000000</CNOR>
    <CSUD>58,000000</CSUD>
    <NORD>58,000000</NORD>
    <SARD>58,000000</SARD>
    <SICI>50,000000</SICI>
    <SUD>50,000000</SUD>
    <AUST>58,000000</AUST>
    <BRNN>50,000000</BRNN>
    <COAC>58,000000</COAC>
    <CORS>58,000000</CORS>
    <FOGN>50,000000</FOGN>
    <FRAN>58,000000</FRAN>
    <GREC>50,000000</GREC>
    <MFTV>58,000000</MFTV>
    <PRGP>50,000000</PRGP>
    <ROSN>50,000000</ROSN>
    <SLOV>58,000000</SLOV>
    <SVIZ>58,000000</SVIZ>
    <BSP>58,000000</BSP>
    <MALT>50,000000</MALT>
    <XAUS>58,000000</XAUS>
    <XFRA>58,000000</XFRA>
  </Prezzi>
  <Prezzi>
    <Data>20170204</Data>
    <Mercato>MGP</Mercato>
    <Ora>10</Ora>
    <PUN>58,693700</PUN>
    <NAT>53,000000</NAT>
    <CNOR>60,730000</CNOR>
    <CSUD>60,730000</CSUD>
    <NORD>60,730000</NORD>
    <SARD>60,730000</SARD>
    <SICI>45,520000</SICI>
    <SUD>45,520000</SUD>
    <AUST>60,730000</AUST>
    <BRNN>45,520000</BRNN>
    <COAC>60,730000</COAC>
    <CORS>60,730000</CORS>
    <FOGN>45,520000</FOGN>
    <FRAN>60,730000</FRAN>
    <GREC>45,520000</GREC>
    <MFTV>60,730000</MFTV>
    <PRGP>45,520000</PRGP>
    <ROSN>45,520000</ROSN>
    <SLOV>60,730000</SLOV>
    <SVIZ>60,730000</SVIZ>
    <BSP>60,730000</BSP>
    <MALT>45,520000</MALT>
    <XAUS>60,730000</XAUS>
    <XFRA>60,730000</XFRA>
  </Prezzi>
  <Prezzi>
    <Data>20170204</Data>
    <Mercato>MGP</Mercato>
    <Ora>11</Ora>
    <PUN>55,593600</PUN>
    <NAT>50,000000</NAT>
    <CNOR>58,000000</CNOR>
    <CSUD>58,000000</CSUD>
    <NORD>58,000000</NORD>
    <SARD>58,000000</SARD>
    <SICI>39,690000</SICI>
    <SUD>39,690000</SUD>
    <AUST>58,000000</AUST>
    <BRNN>39,690000</BRNN>
    <COAC>58,000000</COAC>
    <CORS>58,000000</CORS>
    <FOGN>39,690000</FOGN>
    <FRAN>58,000000</FRAN>
    <GREC>39,690000</GREC>
    <MFTV>58,000000</MFTV>
    <PRGP>39,690000</PRGP>
    <ROSN>39,690000</ROSN>
    <SLOV>58,000000</SLOV>
    <SVIZ>58,000000</SVIZ>
    <BSP>58,000000</BSP>
    <MALT>39,690000</MALT>
    <XAUS>58,000000</XAUS>
    <XFRA>58,000000</XFRA>
  </Prezzi>
  <Prezzi>
    <Data>20170204</Data>
    <Mercato>MGP</Mercato>
    <Ora>12</Ora>
    <PUN>53,577750</PUN>
    <NAT>49,120000</NAT>
    <CNOR>57,230000</CNOR>
    <CSUD>57,230000</CSUD>
    <NORD>57,230000</NORD>
    <SARD>57,230000</SARD>
    <SICI>29,980000</SICI>
    <SUD>29,980000</SUD>
    <AUST>57,230000</AUST>
    <BRNN>29,980000</BRNN>
    <COAC>57,230000</COAC>
    <CORS>57,230000</CORS>
    <FOGN>29,980000</FOGN>
    <FRAN>57,230000</FRAN>
    <GREC>29,980000</GREC>
    <MFTV>57,230000</MFTV>
    <PRGP>29,980000</PRGP>
    <ROSN>29,980000</ROSN>
    <SLOV>57,230000</SLOV>
    <SVIZ>57,230000</SVIZ>
    <BSP>57,230000</BSP>
    <MALT>29,980000</MALT>
    <XAUS>57,230000</XAUS>
    <XFRA>57,230000</XFRA>
  </Prezzi>
  <Prezzi>
    <Data>20170204</Data>
    <Mercato>MGP</Mercato>
    <Ora>13</Ora>
    <PUN>46,278310</PUN>
    <NAT>45,520000</NAT>
    <CNOR>50,000000</CNOR>
    <CSUD>50,000000</CSUD>
    <NORD>50,000000</NORD>
    <SARD>50,000000</SARD>
    <SICI>23,230000</SICI>
    <SUD>23,230000</SUD>
    <AUST>50,000000</AUST>
    <BRNN>23,230000</BRNN>
    <COAC>50,000000</COAC>
    <CORS>50,000000</CORS>
    <FOGN>23,230000</FOGN>
    <FRAN>50,000000</FRAN>
    <GREC>23,230000</GREC>
    <MFTV>50,000000</MFTV>
    <PRGP>23,230000</PRGP>
    <ROSN>23,230000</ROSN>
    <SLOV>50,000000</SLOV>
    <SVIZ>50,000000</SVIZ>
    <BSP>50,000000</BSP>
    <MALT>23,230000</MALT>
    <XAUS>50,000000</XAUS>
    <XFRA>50,000000</XFRA>
  </Prezzi>
  <Prezzi>
    <Data>20170204</Data>
    <Mercato>MGP</Mercato>
    <Ora>14</Ora>
    <PUN>45,487800</PUN>
    <NAT>44,920000</NAT>
    <CNOR>49,120000</CNOR>
    <CSUD>49,120000</CSUD>
    <NORD>49,120000</NORD>
    <SARD>49,120000</SARD>
    <SICI>23,230000</SICI>
    <SUD>23,230000</SUD>
    <AUST>49,120000</AUST>
    <BRNN>23,230000</BRNN>
    <COAC>49,120000</COAC>
    <CORS>49,120000</CORS>
    <FOGN>23,230000</FOGN>
    <FRAN>49,120000</FRAN>
    <GREC>23,230000</GREC>
    <MFTV>49,120000</MFTV>
    <PRGP>23,230000</PRGP>
    <ROSN>23,230000</ROSN>
    <SLOV>49,120000</SLOV>
    <SVIZ>49,120000</SVIZ>
    <BSP>49,120000</BSP>
    <MALT>23,230000</MALT>
    <XAUS>49,120000</XAUS>
    <XFRA>49,120000</XFRA>
  </Prezzi>
  <Prezzi>
    <Data>20170204</Data>
    <Mercato>MGP</Mercato>
    <Ora>15</Ora>
    <PUN>44,812360</PUN>
    <NAT>44,910000</NAT>
    <CNOR>47,219890</CNOR>
    <CSUD>47,219890</CSUD>
    <NORD>47,219890</NORD>
    <SARD>47,219890</SARD>
    <SICI>30,000000</SICI>
    <SUD>30,000000</SUD>
    <AUST>47,219890</AUST>
    <BRNN>30,000000</BRNN>
    <COAC>47,219890</COAC>
    <CORS>47,219890</CORS>
    <FOGN>30,000000</FOGN>
    <FRAN>47,219890</FRAN>
    <GREC>30,000000</GREC>
    <MFTV>47,219890</MFTV>
    <PRGP>30,000000</PRGP>
    <ROSN>30,000000</ROSN>
    <SLOV>47,219890</SLOV>
    <SVIZ>47,219890</SVIZ>
    <BSP>47,219890</BSP>
    <MALT>30,000000</MALT>
    <XAUS>47,219890</XAUS>
    <XFRA>47,219890</XFRA>
  </Prezzi>
  <Prezzi>
    <Data>20170204</Data>
    <Mercato>MGP</Mercato>
    <Ora>16</Ora>
    <PUN>47,375780</PUN>
    <NAT>46,380000</NAT>
    <CNOR>48,540000</CNOR>
    <CSUD>48,540000</CSUD>
    <NORD>48,540000</NORD>
    <SARD>48,540000</SARD>
    <SICI>40,390000</SICI>
    <SUD>40,390000</SUD>
    <AUST>48,540000</AUST>
    <BRNN>40,390000</BRNN>
    <COAC>48,540000</COAC>
    <CORS>48,540000</CORS>
    <FOGN>40,390000</FOGN>
    <FRAN>48,540000</FRAN>
    <GREC>40,390000</GREC>
    <MFTV>48,540000</MFTV>
    <PRGP>40,390000</PRGP>
    <ROSN>40,390000</ROSN>
    <SLOV>48,540000</SLOV>
    <SVIZ>48,540000</SVIZ>
    <BSP>48,540000</BSP>
    <MALT>40,390000</MALT>
    <XAUS>48,540000</XAUS>
    <XFRA>48,540000</XFRA>
  </Prezzi>
  <Prezzi>
    <Data>20170204</Data>
    <Mercato>MGP</Mercato>
    <Ora>17</Ora>
    <PUN>51,000000</PUN>
    <NAT>51,000000</NAT>
    <CNOR>51,000000</CNOR>
    <CSUD>51,000000</CSUD>
    <NORD>51,000000</NORD>
    <SARD>51,000000</SARD>
    <SICI>51,000000</SICI>
    <SUD>51,000000</SUD>
    <AUST>51,000000</AUST>
    <BRNN>51,000000</BRNN>
    <COAC>51,000000</COAC>
    <CORS>51,000000</CORS>
    <FOGN>51,000000</FOGN>
    <FRAN>51,000000</FRAN>
    <GREC>51,000000</GREC>
    <MFTV>51,000000</MFTV>
    <PRGP>51,000000</PRGP>
    <ROSN>51,000000</ROSN>
    <SLOV>51,000000</SLOV>
    <SVIZ>51,000000</SVIZ>
    <BSP>51,000000</BSP>
    <MALT>51,000000</MALT>
    <XAUS>51,000000</XAUS>
    <XFRA>51,000000</XFRA>
  </Prezzi>
  <Prezzi>
    <Data>20170204</Data>
    <Mercato>MGP</Mercato>
    <Ora>18</Ora>
    <PUN>56,746020</PUN>
    <NAT>56,160000</NAT>
    <CNOR>56,368200</CNOR>
    <CSUD>56,368200</CSUD>
    <NORD>56,368200</NORD>
    <SARD>56,368200</SARD>
    <SICI>62,170000</SICI>
    <SUD>56,140000</SUD>
    <AUST>56,368200</AUST>
    <BRNN>56,140000</BRNN>
    <COAC>56,368200</COAC>
    <CORS>56,368200</CORS>
    <FOGN>56,140000</FOGN>
    <FRAN>56,368200</FRAN>
    <GREC>56,140000</GREC>
    <MFTV>56,368200</MFTV>
    <PRGP>62,170000</PRGP>
    <ROSN>56,140000</ROSN>
    <SLOV>56,368200</SLOV>
    <SVIZ>56,368200</SVIZ>
    <BSP>56,368200</BSP>
    <MALT>62,170000</MALT>
    <XAUS>56,368200</XAUS>
    <XFRA>56,368200</XFRA>
  </Prezzi>
  <Prezzi>
    <Data>20170204</Data>
    <Mercato>MGP</Mercato>
    <Ora>19</Ora>
    <PUN>66,891230</PUN>
    <NAT>63,250000</NAT>
    <CNOR>66,177750</CNOR>
    <CSUD>66,177750</CSUD>
    <NORD>66,177750</NORD>
    <SARD>66,177750</SARD>
    <SICI>90,000000</SICI>
    <SUD>56,160000</SUD>
    <AUST>66,177750</AUST>
    <BRNN>56,160000</BRNN>
    <COAC>66,177750</COAC>
    <CORS>66,177750</CORS>
    <FOGN>56,160000</FOGN>
    <FRAN>66,177750</FRAN>
    <GREC>56,160000</GREC>
    <MFTV>66,177750</MFTV>
    <PRGP>90,000000</PRGP>
    <ROSN>56,160000</ROSN>
    <SLOV>66,177750</SLOV>
    <SVIZ>66,177750</SVIZ>
    <BSP>66,177750</BSP>
    <MALT>90,000000</MALT>
    <XAUS>66,177750</XAUS>
    <XFRA>66,177750</XFRA>
  </Prezzi>
  <Prezzi>
    <Data>20170204</Data>
    <Mercato>MGP</Mercato>
    <Ora>20</Ora>
    <PUN>63,649870</PUN>
    <NAT>61,580000</NAT>
    <CNOR>62,190000</CNOR>
    <CSUD>62,190000</CSUD>
    <NORD>62,190000</NORD>
    <SARD>62,190000</SARD>
    <SICI>90,690000</SICI>
    <SUD>56,740000</SUD>
    <AUST>62,190000</AUST>
    <BRNN>56,740000</BRNN>
    <COAC>62,190000</COAC>
    <CORS>62,190000</CORS>
    <FOGN>56,740000</FOGN>
    <FRAN>62,190000</FRAN>
    <GREC>56,740000</GREC>
    <MFTV>62,190000</MFTV>
    <PRGP>90,690000</PRGP>
    <ROSN>56,740000</ROSN>
    <SLOV>62,190000</SLOV>
    <SVIZ>62,190000</SVIZ>
    <BSP>62,190000</BSP>
    <MALT>90,690000</MALT>
    <XAUS>62,190000</XAUS>
    <XFRA>62,190000</XFRA>
  </Prezzi>
  <Prezzi>
    <Data>20170204</Data>
    <Mercato>MGP</Mercato>
    <Ora>21</Ora>
    <PUN>57,883230</PUN>
    <NAT>56,060000</NAT>
    <CNOR>55,790000</CNOR>
    <CSUD>55,790000</CSUD>
    <NORD>55,790000</NORD>
    <SARD>55,790000</SARD>
    <SICI>85,120000</SICI>
    <SUD>55,790000</SUD>
    <AUST>55,790000</AUST>
    <BRNN>55,790000</BRNN>
    <COAC>55,790000</COAC>
    <CORS>55,790000</CORS>
    <FOGN>55,790000</FOGN>
    <FRAN>55,790000</FRAN>
    <GREC>55,790000</GREC>
    <MFTV>55,790000</MFTV>
    <PRGP>85,120000</PRGP>
    <ROSN>55,790000</ROSN>
    <SLOV>55,790000</SLOV>
    <SVIZ>55,790000</SVIZ>
    <BSP>55,790000</BSP>
    <MALT>85,120000</MALT>
    <XAUS>55,790000</XAUS>
    <XFRA>55,790000</XFRA>
  </Prezzi>
  <Prezzi>
    <Data>20170204</Data>
    <Mercato>MGP</Mercato>
    <Ora>22</Ora>
    <PUN>52,814840</PUN>
    <NAT>52,500000</NAT>
    <CNOR>52,150000</CNOR>
    <CSUD>52,150000</CSUD>
    <NORD>52,150000</NORD>
    <SARD>52,150000</SARD>
    <SICI>61,580000</SICI>
    <SUD>52,150000</SUD>
    <AUST>52,150000</AUST>
    <BRNN>52,150000</BRNN>
    <COAC>52,150000</COAC>
    <CORS>52,150000</CORS>
    <FOGN>52,150000</FOGN>
    <FRAN>52,150000</FRAN>
    <GREC>52,150000</GREC>
    <MFTV>52,150000</MFTV>
    <PRGP>61,580000</PRGP>
    <ROSN>52,150000</ROSN>
    <SLOV>52,150000</SLOV>
    <SVIZ>52,150000</SVIZ>
    <BSP>52,150000</BSP>
    <MALT>61,580000</MALT>
    <XAUS>52,150000</XAUS>
    <XFRA>52,150000</XFRA>
  </Prezzi>
  <Prezzi>
    <Data>20170204</Data>
    <Mercato>MGP</Mercato>
    <Ora>23</Ora>
    <PUN>50,000000</PUN>
    <NAT>50,000000</NAT>
    <CNOR>50,000000</CNOR>
    <CSUD>50,000000</CSUD>
    <NORD>50,000000</NORD>
    <SARD>50,000000</SARD>
    <SICI>50,000000</SICI>
    <SUD>50,000000</SUD>
    <AUST>50,000000</AUST>
    <BRNN>50,000000</BRNN>
    <COAC>50,000000</COAC>
    <CORS>50,000000</CORS>
    <FOGN>50,000000</FOGN>
    <FRAN>50,000000</FRAN>
    <GREC>50,000000</GREC>
    <MFTV>50,000000</MFTV>
    <PRGP>50,000000</PRGP>
    <ROSN>50,000000</ROSN>
    <SLOV>50,000000</SLOV>
    <SVIZ>50,000000</SVIZ>
    <BSP>50,000000</BSP>
    <MALT>50,000000</MALT>
    <XAUS>50,000000</XAUS>
    <XFRA>50,000000</XFRA>
  </Prezzi>
  <Prezzi>
    <Data>20170204</Data>
    <Mercato>MGP</Mercato>
    <Ora>24</Ora>
    <PUN>45,700000</PUN>
    <NAT>44,410000</NAT>
    <CNOR>45,700000</CNOR>
    <CSUD>45,700000</CSUD>
    <NORD>45,700000</NORD>
    <SARD>45,700000</SARD>
    <SICI>45,700000</SICI>
    <SUD>45,700000</SUD>
    <AUST>45,700000</AUST>
    <BRNN>45,700000</BRNN>
    <COAC>45,700000</COAC>
    <CORS>45,700000</CORS>
    <FOGN>45,700000</FOGN>
    <FRAN>45,700000</FRAN>
    <GREC>45,700000</GREC>
    <MFTV>45,700000</MFTV>
    <PRGP>45,700000</PRGP>
    <ROSN>45,700000</ROSN>
    <SLOV>45,700000</SLOV>
    <SVIZ>45,700000</SVIZ>
    <BSP>45,700000</BSP>
    <MALT>45,700000</MALT>
    <XAUS>45,700000</XAUS>
    <XFRA>45,700000</XFRA>
  </Prezzi>
</NewDataSet>