<?xml version="1.0" standalone="yes"?>
<NewDataSet>
  <xs:schema id="NewDataSet" xmlns="" xmlns:xs="http://www.w3.org/2001/XMLSchema" xmlns:msdata="urn:schemas-microsoft-com:xml-msdata">
    <xs:element name="NewDataSet" msdata:IsDataSet="true" msdata:UseCurrentLocale="true">
      <xs:complexType>
        <xs:choice minOccurs="0" maxOccurs="unbounded">
          <xs:element name="Prezzi">
            <xs:complexType>
              <xs:sequence>
                <xs:element name="Data" type="xs:string" minOccurs="0" />
                <xs:element name="Mercato" type="xs:string" minOccurs="0" />
                <xs:element name="Ora" type="xs:string" minOccurs="0" />
                <xs:element name="PUN" type="xs:string" minOccurs="0" />
                <xs:element name="NAT" type="xs:string" minOccurs="0" />
                <xs:element name="CNOR" type="xs:string" minOccurs="0" />
                <xs:element name="CSUD" type="xs:string" minOccurs="0" />
                <xs:element name="NORD" type="xs:string" minOccurs="0" />
                <xs:element name="SARD" type="xs:string" minOccurs="0" />
                <xs:element name="SICI" type="xs:string" minOccurs="0" />
                <xs:element name="SUD" type="xs:string" minOccurs="0" />
                <xs:element name="AUST" type="xs:string" minOccurs="0" />
                <xs:element name="BRNN" type="xs:string" minOccurs="0" />
                <xs:element name="COAC" type="xs:string" minOccurs="0" />
                <xs:element name="CORS" type="xs:string" minOccurs="0" />
                <xs:element name="FOGN" type="xs:string" minOccurs="0" />
                <xs:element name="FRAN" type="xs:string" minOccurs="0" />
                <xs:element name="GREC" type="xs:string" minOccurs="0" />
                <xs:element name="MFTV" type="xs:string" minOccurs="0" />
                <xs:element name="PRGP" type="xs:string" minOccurs="0" />
                <xs:element name="ROSN" type="xs:string" minOccurs="0" />
                <xs:element name="SLOV" type="xs:string" minOccurs="0" />
                <xs:element name="SVIZ" type="xs:string" minOccurs="0" />
                <xs:element name="BSP" type="xs:string" minOccurs="0" />
                <xs:element name="MALT" type="xs:string" minOccurs="0" />
                <xs:element name="XAUS" type="xs:string" minOccurs="0" />
                <xs:element name="XFRA" type="xs:string" minOccurs="0" />
              </xs:sequence>
            </xs:complexType>
          </xs:element>
        </xs:choice>
      </xs:complexType>
    </xs:element>
  </xs:schema>
  <Prezzi>
    <Data>20170218</Data>
    <Mercato>MGP</Mercato>
    <Ora>1</Ora>
    <PUN>47,418790</PUN>
    <NAT>47,200000</NAT>
    <CNOR>47,200000</CNOR>
    <CSUD>47,200000</CSUD>
    <NORD>47,200000</NORD>
    <SARD>47,200000</SARD>
    <SICI>50,820000</SICI>
    <SUD>47,200000</SUD>
    <AUST>47,200000</AUST>
    <BRNN>47,200000</BRNN>
    <COAC>47,200000</COAC>
    <CORS>47,200000</CORS>
    <FOGN>47,200000</FOGN>
    <FRAN>47,200000</FRAN>
    <GREC>47,200000</GREC>
    <MFTV>47,200000</MFTV>
    <PRGP>50,820000</PRGP>
    <ROSN>47,200000</ROSN>
    <SLOV>47,200000</SLOV>
    <SVIZ>47,200000</SVIZ>
    <BSP>47,200000</BSP>
    <MALT>50,820000</MALT>
    <XAUS>47,200000</XAUS>
    <XFRA>47,200000</XFRA>
  </Prezzi>
  <Prezzi>
    <Data>20170218</Data>
    <Mercato>MGP</Mercato>
    <Ora>2</Ora>
    <PUN>47,210170</PUN>
    <NAT>47,200000</NAT>
    <CNOR>47,210170</CNOR>
    <CSUD>47,210170</CSUD>
    <NORD>47,210170</NORD>
    <SARD>47,210170</SARD>
    <SICI>47,210170</SICI>
    <SUD>47,210170</SUD>
    <AUST>47,210170</AUST>
    <BRNN>47,210170</BRNN>
    <COAC>47,210170</COAC>
    <CORS>47,210170</CORS>
    <FOGN>47,210170</FOGN>
    <FRAN>47,210170</FRAN>
    <GREC>47,210170</GREC>
    <MFTV>47,210170</MFTV>
    <PRGP>47,210170</PRGP>
    <ROSN>47,210170</ROSN>
    <SLOV>47,210170</SLOV>
    <SVIZ>47,210170</SVIZ>
    <BSP>47,210170</BSP>
    <MALT>47,210170</MALT>
    <XAUS>47,210170</XAUS>
    <XFRA>47,210170</XFRA>
  </Prezzi>
  <Prezzi>
    <Data>20170218</Data>
    <Mercato>MGP</Mercato>
    <Ora>3</Ora>
    <PUN>43,562070</PUN>
    <NAT>43,600000</NAT>
    <CNOR>43,562070</CNOR>
    <CSUD>43,562070</CSUD>
    <NORD>43,562070</NORD>
    <SARD>43,562070</SARD>
    <SICI>43,562070</SICI>
    <SUD>43,562070</SUD>
    <AUST>43,562070</AUST>
    <BRNN>43,562070</BRNN>
    <COAC>43,562070</COAC>
    <CORS>43,562070</CORS>
    <FOGN>43,562070</FOGN>
    <FRAN>43,562070</FRAN>
    <GREC>43,562070</GREC>
    <MFTV>43,562070</MFTV>
    <PRGP>43,562070</PRGP>
    <ROSN>43,562070</ROSN>
    <SLOV>43,562070</SLOV>
    <SVIZ>43,562070</SVIZ>
    <BSP>43,562070</BSP>
    <MALT>43,562070</MALT>
    <XAUS>43,562070</XAUS>
    <XFRA>43,562070</XFRA>
  </Prezzi>
  <Prezzi>
    <Data>20170218</Data>
    <Mercato>MGP</Mercato>
    <Ora>4</Ora>
    <PUN>40,770000</PUN>
    <NAT>40,770000</NAT>
    <CNOR>40,770000</CNOR>
    <CSUD>40,770000</CSUD>
    <NORD>40,770000</NORD>
    <SARD>40,770000</SARD>
    <SICI>40,770000</SICI>
    <SUD>40,770000</SUD>
    <AUST>40,770000</AUST>
    <BRNN>40,770000</BRNN>
    <COAC>40,770000</COAC>
    <CORS>40,770000</CORS>
    <FOGN>40,770000</FOGN>
    <FRAN>40,770000</FRAN>
    <GREC>40,770000</GREC>
    <MFTV>40,770000</MFTV>
    <PRGP>40,770000</PRGP>
    <ROSN>40,770000</ROSN>
    <SLOV>40,770000</SLOV>
    <SVIZ>40,770000</SVIZ>
    <BSP>40,770000</BSP>
    <MALT>40,770000</MALT>
    <XAUS>40,770000</XAUS>
    <XFRA>40,770000</XFRA>
  </Prezzi>
  <Prezzi>
    <Data>20170218</Data>
    <Mercato>MGP</Mercato>
    <Ora>5</Ora>
    <PUN>40,000000</PUN>
    <NAT>40,000000</NAT>
    <CNOR>40,000000</CNOR>
    <CSUD>40,000000</CSUD>
    <NORD>40,000000</NORD>
    <SARD>40,000000</SARD>
    <SICI>40,000000</SICI>
    <SUD>40,000000</SUD>
    <AUST>40,000000</AUST>
    <BRNN>40,000000</BRNN>
    <COAC>40,000000</COAC>
    <CORS>40,000000</CORS>
    <FOGN>40,000000</FOGN>
    <FRAN>40,000000</FRAN>
    <GREC>40,000000</GREC>
    <MFTV>40,000000</MFTV>
    <PRGP>40,000000</PRGP>
    <ROSN>40,000000</ROSN>
    <SLOV>40,000000</SLOV>
    <SVIZ>40,000000</SVIZ>
    <BSP>40,000000</BSP>
    <MALT>40,000000</MALT>
    <XAUS>40,000000</XAUS>
    <XFRA>40,000000</XFRA>
  </Prezzi>
  <Prezzi>
    <Data>20170218</Data>
    <Mercato>MGP</Mercato>
    <Ora>6</Ora>
    <PUN>41,010000</PUN>
    <NAT>41,010000</NAT>
    <CNOR>41,010000</CNOR>
    <CSUD>41,010000</CSUD>
    <NORD>41,010000</NORD>
    <SARD>41,010000</SARD>
    <SICI>41,010000</SICI>
    <SUD>41,010000</SUD>
    <AUST>41,010000</AUST>
    <BRNN>41,010000</BRNN>
    <COAC>41,010000</COAC>
    <CORS>41,010000</CORS>
    <FOGN>41,010000</FOGN>
    <FRAN>41,010000</FRAN>
    <GREC>41,010000</GREC>
    <MFTV>41,010000</MFTV>
    <PRGP>41,010000</PRGP>
    <ROSN>41,010000</ROSN>
    <SLOV>41,010000</SLOV>
    <SVIZ>41,010000</SVIZ>
    <BSP>41,010000</BSP>
    <MALT>41,010000</MALT>
    <XAUS>41,010000</XAUS>
    <XFRA>41,010000</XFRA>
  </Prezzi>
  <Prezzi>
    <Data>20170218</Data>
    <Mercato>MGP</Mercato>
    <Ora>7</Ora>
    <PUN>44,490000</PUN>
    <NAT>44,490000</NAT>
    <CNOR>44,490000</CNOR>
    <CSUD>44,490000</CSUD>
    <NORD>44,490000</NORD>
    <SARD>44,490000</SARD>
    <SICI>44,490000</SICI>
    <SUD>44,490000</SUD>
    <AUST>44,490000</AUST>
    <BRNN>44,490000</BRNN>
    <COAC>44,490000</COAC>
    <CORS>44,490000</CORS>
    <FOGN>44,490000</FOGN>
    <FRAN>44,490000</FRAN>
    <GREC>44,490000</GREC>
    <MFTV>44,490000</MFTV>
    <PRGP>44,490000</PRGP>
    <ROSN>44,490000</ROSN>
    <SLOV>44,490000</SLOV>
    <SVIZ>44,490000</SVIZ>
    <BSP>44,490000</BSP>
    <MALT>44,490000</MALT>
    <XAUS>44,490000</XAUS>
    <XFRA>44,490000</XFRA>
  </Prezzi>
  <Prezzi>
    <Data>20170218</Data>
    <Mercato>MGP</Mercato>
    <Ora>8</Ora>
    <PUN>47,359980</PUN>
    <NAT>47,200000</NAT>
    <CNOR>47,200000</CNOR>
    <CSUD>47,200000</CSUD>
    <NORD>47,200000</NORD>
    <SARD>47,200000</SARD>
    <SICI>50,000000</SICI>
    <SUD>47,200000</SUD>
    <AUST>47,200000</AUST>
    <BRNN>47,200000</BRNN>
    <COAC>47,200000</COAC>
    <CORS>47,200000</CORS>
    <FOGN>47,200000</FOGN>
    <FRAN>47,200000</FRAN>
    <GREC>47,200000</GREC>
    <MFTV>47,200000</MFTV>
    <PRGP>50,000000</PRGP>
    <ROSN>47,200000</ROSN>
    <SLOV>47,200000</SLOV>
    <SVIZ>47,200000</SVIZ>
    <BSP>47,200000</BSP>
    <MALT>50,000000</MALT>
    <XAUS>47,200000</XAUS>
    <XFRA>47,200000</XFRA>
  </Prezzi>
  <Prezzi>
    <Data>20170218</Data>
    <Mercato>MGP</Mercato>
    <Ora>9</Ora>
    <PUN>48,711370</PUN>
    <NAT>47,920000</NAT>
    <CNOR>47,920000</CNOR>
    <CSUD>47,920000</CSUD>
    <NORD>47,920000</NORD>
    <SARD>47,920000</SARD>
    <SICI>61,120000</SICI>
    <SUD>47,920000</SUD>
    <AUST>47,920000</AUST>
    <BRNN>47,920000</BRNN>
    <COAC>47,920000</COAC>
    <CORS>47,920000</CORS>
    <FOGN>47,920000</FOGN>
    <FRAN>47,920000</FRAN>
    <GREC>47,920000</GREC>
    <MFTV>47,920000</MFTV>
    <PRGP>61,120000</PRGP>
    <ROSN>47,920000</ROSN>
    <SLOV>47,920000</SLOV>
    <SVIZ>47,920000</SVIZ>
    <BSP>47,920000</BSP>
    <MALT>61,120000</MALT>
    <XAUS>47,920000</XAUS>
    <XFRA>47,920000</XFRA>
  </Prezzi>
  <Prezzi>
    <Data>20170218</Data>
    <Mercato>MGP</Mercato>
    <Ora>10</Ora>
    <PUN>50,000000</PUN>
    <NAT>50,000000</NAT>
    <CNOR>50,000000</CNOR>
    <CSUD>50,000000</CSUD>
    <NORD>50,000000</NORD>
    <SARD>50,000000</SARD>
    <SICI>50,000000</SICI>
    <SUD>50,000000</SUD>
    <AUST>50,000000</AUST>
    <BRNN>50,000000</BRNN>
    <COAC>50,000000</COAC>
    <CORS>50,000000</CORS>
    <FOGN>50,000000</FOGN>
    <FRAN>50,000000</FRAN>
    <GREC>50,000000</GREC>
    <MFTV>50,000000</MFTV>
    <PRGP>50,000000</PRGP>
    <ROSN>50,000000</ROSN>
    <SLOV>50,000000</SLOV>
    <SVIZ>50,000000</SVIZ>
    <BSP>50,000000</BSP>
    <MALT>50,000000</MALT>
    <XAUS>50,000000</XAUS>
    <XFRA>50,000000</XFRA>
  </Prezzi>
  <Prezzi>
    <Data>20170218</Data>
    <Mercato>MGP</Mercato>
    <Ora>11</Ora>
    <PUN>49,850000</PUN>
    <NAT>49,850000</NAT>
    <CNOR>49,850000</CNOR>
    <CSUD>49,850000</CSUD>
    <NORD>49,850000</NORD>
    <SARD>49,850000</SARD>
    <SICI>49,850000</SICI>
    <SUD>49,850000</SUD>
    <AUST>49,850000</AUST>
    <BRNN>49,850000</BRNN>
    <COAC>49,850000</COAC>
    <CORS>49,850000</CORS>
    <FOGN>49,850000</FOGN>
    <FRAN>49,850000</FRAN>
    <GREC>49,850000</GREC>
    <MFTV>49,850000</MFTV>
    <PRGP>49,850000</PRGP>
    <ROSN>49,850000</ROSN>
    <SLOV>49,850000</SLOV>
    <SVIZ>49,850000</SVIZ>
    <BSP>49,850000</BSP>
    <MALT>49,850000</MALT>
    <XAUS>49,850000</XAUS>
    <XFRA>49,850000</XFRA>
  </Prezzi>
  <Prezzi>
    <Data>20170218</Data>
    <Mercato>MGP</Mercato>
    <Ora>12</Ora>
    <PUN>48,102630</PUN>
    <NAT>48,000000</NAT>
    <CNOR>47,920000</CNOR>
    <CSUD>47,920000</CSUD>
    <NORD>48,240000</NORD>
    <SARD>47,920000</SARD>
    <SICI>47,920000</SICI>
    <SUD>47,920000</SUD>
    <AUST>48,240000</AUST>
    <BRNN>47,920000</BRNN>
    <COAC>47,920000</COAC>
    <CORS>47,920000</CORS>
    <FOGN>47,920000</FOGN>
    <FRAN>48,240000</FRAN>
    <GREC>47,920000</GREC>
    <MFTV>48,240000</MFTV>
    <PRGP>47,920000</PRGP>
    <ROSN>47,920000</ROSN>
    <SLOV>48,240000</SLOV>
    <SVIZ>48,240000</SVIZ>
    <BSP>48,240000</BSP>
    <MALT>47,920000</MALT>
    <XAUS>48,240000</XAUS>
    <XFRA>48,240000</XFRA>
  </Prezzi>
  <Prezzi>
    <Data>20170218</Data>
    <Mercato>MGP</Mercato>
    <Ora>13</Ora>
    <PUN>46,648770</PUN>
    <NAT>46,650000</NAT>
    <CNOR>46,390000</CNOR>
    <CSUD>46,390000</CSUD>
    <NORD>46,857380</NORD>
    <SARD>46,390000</SARD>
    <SICI>46,390000</SICI>
    <SUD>46,390000</SUD>
    <AUST>46,857380</AUST>
    <BRNN>46,390000</BRNN>
    <COAC>46,390000</COAC>
    <CORS>46,390000</CORS>
    <FOGN>46,390000</FOGN>
    <FRAN>46,857380</FRAN>
    <GREC>46,390000</GREC>
    <MFTV>46,857380</MFTV>
    <PRGP>46,390000</PRGP>
    <ROSN>46,390000</ROSN>
    <SLOV>46,857380</SLOV>
    <SVIZ>46,857380</SVIZ>
    <BSP>46,857380</BSP>
    <MALT>46,390000</MALT>
    <XAUS>46,857380</XAUS>
    <XFRA>46,857380</XFRA>
  </Prezzi>
  <Prezzi>
    <Data>20170218</Data>
    <Mercato>MGP</Mercato>
    <Ora>14</Ora>
    <PUN>44,490000</PUN>
    <NAT>44,490000</NAT>
    <CNOR>44,490000</CNOR>
    <CSUD>44,490000</CSUD>
    <NORD>44,490000</NORD>
    <SARD>44,490000</SARD>
    <SICI>44,490000</SICI>
    <SUD>44,490000</SUD>
    <AUST>44,490000</AUST>
    <BRNN>44,490000</BRNN>
    <COAC>44,490000</COAC>
    <CORS>44,490000</CORS>
    <FOGN>44,490000</FOGN>
    <FRAN>44,490000</FRAN>
    <GREC>44,490000</GREC>
    <MFTV>44,490000</MFTV>
    <PRGP>44,490000</PRGP>
    <ROSN>44,490000</ROSN>
    <SLOV>44,490000</SLOV>
    <SVIZ>44,490000</SVIZ>
    <BSP>44,490000</BSP>
    <MALT>44,490000</MALT>
    <XAUS>44,490000</XAUS>
    <XFRA>44,490000</XFRA>
  </Prezzi>
  <Prezzi>
    <Data>20170218</Data>
    <Mercato>MGP</Mercato>
    <Ora>15</Ora>
    <PUN>42,490300</PUN>
    <NAT>42,200000</NAT>
    <CNOR>42,490300</CNOR>
    <CSUD>42,490300</CSUD>
    <NORD>42,490300</NORD>
    <SARD>42,490300</SARD>
    <SICI>42,490300</SICI>
    <SUD>42,490300</SUD>
    <AUST>42,490300</AUST>
    <BRNN>42,490300</BRNN>
    <COAC>42,490300</COAC>
    <CORS>42,490300</CORS>
    <FOGN>42,490300</FOGN>
    <FRAN>42,490300</FRAN>
    <GREC>42,490300</GREC>
    <MFTV>42,490300</MFTV>
    <PRGP>42,490300</PRGP>
    <ROSN>42,490300</ROSN>
    <SLOV>42,490300</SLOV>
    <SVIZ>42,490300</SVIZ>
    <BSP>42,490300</BSP>
    <MALT>42,490300</MALT>
    <XAUS>42,490300</XAUS>
    <XFRA>42,490300</XFRA>
  </Prezzi>
  <Prezzi>
    <Data>20170218</Data>
    <Mercato>MGP</Mercato>
    <Ora>16</Ora>
    <PUN>42,930000</PUN>
    <NAT>42,930000</NAT>
    <CNOR>42,930000</CNOR>
    <CSUD>42,930000</CSUD>
    <NORD>42,930000</NORD>
    <SARD>42,930000</SARD>
    <SICI>42,930000</SICI>
    <SUD>42,930000</SUD>
    <AUST>42,930000</AUST>
    <BRNN>42,930000</BRNN>
    <COAC>42,930000</COAC>
    <CORS>42,930000</CORS>
    <FOGN>42,930000</FOGN>
    <FRAN>42,930000</FRAN>
    <GREC>42,930000</GREC>
    <MFTV>42,930000</MFTV>
    <PRGP>42,930000</PRGP>
    <ROSN>42,930000</ROSN>
    <SLOV>42,930000</SLOV>
    <SVIZ>42,930000</SVIZ>
    <BSP>42,930000</BSP>
    <MALT>42,930000</MALT>
    <XAUS>42,930000</XAUS>
    <XFRA>42,930000</XFRA>
  </Prezzi>
  <Prezzi>
    <Data>20170218</Data>
    <Mercato>MGP</Mercato>
    <Ora>17</Ora>
    <PUN>48,531360</PUN>
    <NAT>47,900000</NAT>
    <CNOR>47,610000</CNOR>
    <CSUD>47,610000</CSUD>
    <NORD>47,610000</NORD>
    <SARD>47,610000</SARD>
    <SICI>61,690000</SICI>
    <SUD>47,610000</SUD>
    <AUST>47,610000</AUST>
    <BRNN>47,610000</BRNN>
    <COAC>47,610000</COAC>
    <CORS>47,610000</CORS>
    <FOGN>47,610000</FOGN>
    <FRAN>47,610000</FRAN>
    <GREC>47,610000</GREC>
    <MFTV>47,610000</MFTV>
    <PRGP>61,690000</PRGP>
    <ROSN>47,610000</ROSN>
    <SLOV>47,610000</SLOV>
    <SVIZ>47,610000</SVIZ>
    <BSP>47,610000</BSP>
    <MALT>61,690000</MALT>
    <XAUS>47,610000</XAUS>
    <XFRA>47,610000</XFRA>
  </Prezzi>
  <Prezzi>
    <Data>20170218</Data>
    <Mercato>MGP</Mercato>
    <Ora>18</Ora>
    <PUN>51,919660</PUN>
    <NAT>51,740000</NAT>
    <CNOR>51,000000</CNOR>
    <CSUD>51,000000</CSUD>
    <NORD>51,000000</NORD>
    <SARD>51,000000</SARD>
    <SICI>65,000000</SICI>
    <SUD>51,000000</SUD>
    <AUST>51,000000</AUST>
    <BRNN>51,000000</BRNN>
    <COAC>51,000000</COAC>
    <CORS>51,000000</CORS>
    <FOGN>51,000000</FOGN>
    <FRAN>51,000000</FRAN>
    <GREC>51,000000</GREC>
    <MFTV>51,000000</MFTV>
    <PRGP>65,000000</PRGP>
    <ROSN>51,000000</ROSN>
    <SLOV>51,000000</SLOV>
    <SVIZ>51,000000</SVIZ>
    <BSP>51,000000</BSP>
    <MALT>65,000000</MALT>
    <XAUS>51,000000</XAUS>
    <XFRA>51,000000</XFRA>
  </Prezzi>
  <Prezzi>
    <Data>20170218</Data>
    <Mercato>MGP</Mercato>
    <Ora>19</Ora>
    <PUN>61,642380</PUN>
    <NAT>61,900000</NAT>
    <CNOR>59,500000</CNOR>
    <CSUD>59,500000</CSUD>
    <NORD>59,500000</NORD>
    <SARD>59,500000</SARD>
    <SICI>91,540000</SICI>
    <SUD>59,500000</SUD>
    <AUST>59,500000</AUST>
    <BRNN>59,500000</BRNN>
    <COAC>59,500000</COAC>
    <CORS>59,500000</CORS>
    <FOGN>59,500000</FOGN>
    <FRAN>59,500000</FRAN>
    <GREC>59,500000</GREC>
    <MFTV>59,500000</MFTV>
    <PRGP>91,540000</PRGP>
    <ROSN>59,500000</ROSN>
    <SLOV>59,500000</SLOV>
    <SVIZ>59,500000</SVIZ>
    <BSP>59,500000</BSP>
    <MALT>91,540000</MALT>
    <XAUS>59,500000</XAUS>
    <XFRA>59,500000</XFRA>
  </Prezzi>
  <Prezzi>
    <Data>20170218</Data>
    <Mercato>MGP</Mercato>
    <Ora>20</Ora>
    <PUN>62,800390</PUN>
    <NAT>63,750000</NAT>
    <CNOR>60,710000</CNOR>
    <CSUD>60,710000</CSUD>
    <NORD>60,710000</NORD>
    <SARD>60,710000</SARD>
    <SICI>91,540000</SICI>
    <SUD>60,710000</SUD>
    <AUST>60,710000</AUST>
    <BRNN>60,710000</BRNN>
    <COAC>60,710000</COAC>
    <CORS>60,710000</CORS>
    <FOGN>60,710000</FOGN>
    <FRAN>60,710000</FRAN>
    <GREC>60,710000</GREC>
    <MFTV>60,710000</MFTV>
    <PRGP>91,540000</PRGP>
    <ROSN>60,710000</ROSN>
    <SLOV>60,710000</SLOV>
    <SVIZ>60,710000</SVIZ>
    <BSP>60,710000</BSP>
    <MALT>91,540000</MALT>
    <XAUS>60,710000</XAUS>
    <XFRA>60,710000</XFRA>
  </Prezzi>
  <Prezzi>
    <Data>20170218</Data>
    <Mercato>MGP</Mercato>
    <Ora>21</Ora>
    <PUN>58,317360</PUN>
    <NAT>58,900000</NAT>
    <CNOR>55,820000</CNOR>
    <CSUD>55,820000</CSUD>
    <NORD>55,820000</NORD>
    <SARD>55,820000</SARD>
    <SICI>91,540000</SICI>
    <SUD>55,820000</SUD>
    <AUST>55,820000</AUST>
    <BRNN>55,820000</BRNN>
    <COAC>55,820000</COAC>
    <CORS>55,820000</CORS>
    <FOGN>55,820000</FOGN>
    <FRAN>55,820000</FRAN>
    <GREC>55,820000</GREC>
    <MFTV>55,820000</MFTV>
    <PRGP>91,540000</PRGP>
    <ROSN>55,820000</ROSN>
    <SLOV>55,820000</SLOV>
    <SVIZ>55,820000</SVIZ>
    <BSP>55,820000</BSP>
    <MALT>91,540000</MALT>
    <XAUS>55,820000</XAUS>
    <XFRA>55,820000</XFRA>
  </Prezzi>
  <Prezzi>
    <Data>20170218</Data>
    <Mercato>MGP</Mercato>
    <Ora>22</Ora>
    <PUN>53,810640</PUN>
    <NAT>52,000000</NAT>
    <CNOR>51,000000</CNOR>
    <CSUD>51,000000</CSUD>
    <NORD>51,000000</NORD>
    <SARD>51,000000</SARD>
    <SICI>91,540000</SICI>
    <SUD>51,000000</SUD>
    <AUST>51,000000</AUST>
    <BRNN>51,000000</BRNN>
    <COAC>51,000000</COAC>
    <CORS>51,000000</CORS>
    <FOGN>51,000000</FOGN>
    <FRAN>51,000000</FRAN>
    <GREC>51,000000</GREC>
    <MFTV>51,000000</MFTV>
    <PRGP>91,540000</PRGP>
    <ROSN>51,000000</ROSN>
    <SLOV>51,000000</SLOV>
    <SVIZ>51,000000</SVIZ>
    <BSP>51,000000</BSP>
    <MALT>91,540000</MALT>
    <XAUS>51,000000</XAUS>
    <XFRA>51,000000</XFRA>
  </Prezzi>
  <Prezzi>
    <Data>20170218</Data>
    <Mercato>MGP</Mercato>
    <Ora>23</Ora>
    <PUN>51,315210</PUN>
    <NAT>51,000000</NAT>
    <CNOR>50,392220</CNOR>
    <CSUD>50,392220</CSUD>
    <NORD>50,392220</NORD>
    <SARD>50,392220</SARD>
    <SICI>63,690000</SICI>
    <SUD>50,392220</SUD>
    <AUST>50,392220</AUST>
    <BRNN>50,392220</BRNN>
    <COAC>50,392220</COAC>
    <CORS>50,392220</CORS>
    <FOGN>50,392220</FOGN>
    <FRAN>50,392220</FRAN>
    <GREC>50,392220</GREC>
    <MFTV>50,392220</MFTV>
    <PRGP>63,690000</PRGP>
    <ROSN>50,392220</ROSN>
    <SLOV>50,392220</SLOV>
    <SVIZ>50,392220</SVIZ>
    <BSP>50,392220</BSP>
    <MALT>63,690000</MALT>
    <XAUS>50,392220</XAUS>
    <XFRA>50,392220</XFRA>
  </Prezzi>
  <Prezzi>
    <Data>20170218</Data>
    <Mercato>MGP</Mercato>
    <Ora>24</Ora>
    <PUN>49,877360</PUN>
    <NAT>50,000000</NAT>
    <CNOR>49,000000</CNOR>
    <CSUD>49,000000</CSUD>
    <NORD>49,000000</NORD>
    <SARD>49,000000</SARD>
    <SICI>61,870000</SICI>
    <SUD>49,000000</SUD>
    <AUST>49,000000</AUST>
    <BRNN>49,000000</BRNN>
    <COAC>49,000000</COAC>
    <CORS>49,000000</CORS>
    <FOGN>49,000000</FOGN>
    <FRAN>49,000000</FRAN>
    <GREC>49,000000</GREC>
    <MFTV>49,000000</MFTV>
    <PRGP>61,870000</PRGP>
    <ROSN>49,000000</ROSN>
    <SLOV>49,000000</SLOV>
    <SVIZ>49,000000</SVIZ>
    <BSP>49,000000</BSP>
    <MALT>61,870000</MALT>
    <XAUS>49,000000</XAUS>
    <XFRA>49,000000</XFRA>
  </Prezzi>
</NewDataSet>