<?xml version="1.0" standalone="yes"?>
<NewDataSet>
  <xs:schema id="NewDataSet" xmlns="" xmlns:xs="http://www.w3.org/2001/XMLSchema" xmlns:msdata="urn:schemas-microsoft-com:xml-msdata">
    <xs:element name="NewDataSet" msdata:IsDataSet="true" msdata:MainDataTable="marketintervaldetail" msdata:UseCurrentLocale="true">
      <xs:complexType>
        <xs:choice minOccurs="0" maxOccurs="unbounded">
          <xs:element name="marketintervaldetail">
            <xs:complexType>
              <xs:sequence>
                <xs:element name="Data" type="xs:string" minOccurs="0" />
                <xs:element name="Mercato" type="xs:string" minOccurs="0" />
                <xs:element name="Ora" type="xs:string" minOccurs="0" />
                <xs:element name="Totale" type="xs:string" minOccurs="0" />
                <xs:element name="CNOR" type="xs:string" minOccurs="0" />
                <xs:element name="CSUD" type="xs:string" minOccurs="0" />
                <xs:element name="NORD" type="xs:string" minOccurs="0" />
                <xs:element name="SARD" type="xs:string" minOccurs="0" />
                <xs:element name="SICI" type="xs:string" minOccurs="0" />
                <xs:element name="SUD" type="xs:string" minOccurs="0" />
              </xs:sequence>
            </xs:complexType>
          </xs:element>
        </xs:choice>
      </xs:complexType>
    </xs:element>
  </xs:schema>
  <marketintervaldetail>
    <Data>20150307</Data>
    <Mercato>MGP</Mercato>
    <Ora>01</Ora>
    <Totale>27313</Totale>
    <CNOR>3085</CNOR>
    <CSUD>4382</CSUD>
    <NORD>15055</NORD>
    <SARD>852</SARD>
    <SICI>1665</SICI>
    <SUD>2274</SUD>
  </marketintervaldetail>
  <marketintervaldetail>
    <Data>20150307</Data>
    <Mercato>MGP</Mercato>
    <Ora>02</Ora>
    <Totale>25459</Totale>
    <CNOR>2886</CNOR>
    <CSUD>4008</CSUD>
    <NORD>14125</NORD>
    <SARD>800</SARD>
    <SICI>1507</SICI>
    <SUD>2133</SUD>
  </marketintervaldetail>
  <marketintervaldetail>
    <Data>20150307</Data>
    <Mercato>MGP</Mercato>
    <Ora>03</Ora>
    <Totale>24440</Totale>
    <CNOR>2813</CNOR>
    <CSUD>3824</CSUD>
    <NORD>13556</NORD>
    <SARD>771</SARD>
    <SICI>1432</SICI>
    <SUD>2044</SUD>
  </marketintervaldetail>
  <marketintervaldetail>
    <Data>20150307</Data>
    <Mercato>MGP</Mercato>
    <Ora>04</Ora>
    <Totale>24170</Totale>
    <CNOR>2744</CNOR>
    <CSUD>3754</CSUD>
    <NORD>13523</NORD>
    <SARD>774</SARD>
    <SICI>1412</SICI>
    <SUD>1963</SUD>
  </marketintervaldetail>
  <marketintervaldetail>
    <Data>20150307</Data>
    <Mercato>MGP</Mercato>
    <Ora>05</Ora>
    <Totale>24144</Totale>
    <CNOR>2643</CNOR>
    <CSUD>3774</CSUD>
    <NORD>13615</NORD>
    <SARD>766</SARD>
    <SICI>1398</SICI>
    <SUD>1948</SUD>
  </marketintervaldetail>
  <marketintervaldetail>
    <Data>20150307</Data>
    <Mercato>MGP</Mercato>
    <Ora>06</Ora>
    <Totale>24628</Totale>
    <CNOR>2658</CNOR>
    <CSUD>3929</CSUD>
    <NORD>13872</NORD>
    <SARD>776</SARD>
    <SICI>1470</SICI>
    <SUD>1923</SUD>
  </marketintervaldetail>
  <marketintervaldetail>
    <Data>20150307</Data>
    <Mercato>MGP</Mercato>
    <Ora>07</Ora>
    <Totale>26205</Totale>
    <CNOR>2806</CNOR>
    <CSUD>4204</CSUD>
    <NORD>14726</NORD>
    <SARD>851</SARD>
    <SICI>1581</SICI>
    <SUD>2037</SUD>
  </marketintervaldetail>
  <marketintervaldetail>
    <Data>20150307</Data>
    <Mercato>MGP</Mercato>
    <Ora>08</Ora>
    <Totale>28672</Totale>
    <CNOR>3007</CNOR>
    <CSUD>4720</CSUD>
    <NORD>15829</NORD>
    <SARD>926</SARD>
    <SICI>1844</SICI>
    <SUD>2346</SUD>
  </marketintervaldetail>
  <marketintervaldetail>
    <Data>20150307</Data>
    <Mercato>MGP</Mercato>
    <Ora>09</Ora>
    <Totale>31848</Totale>
    <CNOR>3335</CNOR>
    <CSUD>5320</CSUD>
    <NORD>17466</NORD>
    <SARD>1038</SARD>
    <SICI>1998</SICI>
    <SUD>2691</SUD>
  </marketintervaldetail>
  <marketintervaldetail>
    <Data>20150307</Data>
    <Mercato>MGP</Mercato>
    <Ora>10</Ora>
    <Totale>34406</Totale>
    <CNOR>3556</CNOR>
    <CSUD>5772</CSUD>
    <NORD>18654</NORD>
    <SARD>1086</SARD>
    <SICI>2274</SICI>
    <SUD>3064</SUD>
  </marketintervaldetail>
  <marketintervaldetail>
    <Data>20150307</Data>
    <Mercato>MGP</Mercato>
    <Ora>11</Ora>
    <Totale>34848</Totale>
    <CNOR>3601</CNOR>
    <CSUD>6041</CSUD>
    <NORD>18765</NORD>
    <SARD>1097</SARD>
    <SICI>2229</SICI>
    <SUD>3115</SUD>
  </marketintervaldetail>
  <marketintervaldetail>
    <Data>20150307</Data>
    <Mercato>MGP</Mercato>
    <Ora>12</Ora>
    <Totale>33816</Totale>
    <CNOR>3445</CNOR>
    <CSUD>6002</CSUD>
    <NORD>18070</NORD>
    <SARD>1110</SARD>
    <SICI>2110</SICI>
    <SUD>3079</SUD>
  </marketintervaldetail>
  <marketintervaldetail>
    <Data>20150307</Data>
    <Mercato>MGP</Mercato>
    <Ora>13</Ora>
    <Totale>32764</Totale>
    <CNOR>3261</CNOR>
    <CSUD>5863</CSUD>
    <NORD>17210</NORD>
    <SARD>1091</SARD>
    <SICI>2154</SICI>
    <SUD>3185</SUD>
  </marketintervaldetail>
  <marketintervaldetail>
    <Data>20150307</Data>
    <Mercato>MGP</Mercato>
    <Ora>14</Ora>
    <Totale>30625</Totale>
    <CNOR>3069</CNOR>
    <CSUD>5545</CSUD>
    <NORD>16144</NORD>
    <SARD>1032</SARD>
    <SICI>1988</SICI>
    <SUD>2847</SUD>
  </marketintervaldetail>
  <marketintervaldetail>
    <Data>20150307</Data>
    <Mercato>MGP</Mercato>
    <Ora>15</Ora>
    <Totale>30299</Totale>
    <CNOR>2964</CNOR>
    <CSUD>5485</CSUD>
    <NORD>15826</NORD>
    <SARD>1019</SARD>
    <SICI>2033</SICI>
    <SUD>2972</SUD>
  </marketintervaldetail>
  <marketintervaldetail>
    <Data>20150307</Data>
    <Mercato>MGP</Mercato>
    <Ora>16</Ora>
    <Totale>30265</Totale>
    <CNOR>2965</CNOR>
    <CSUD>5560</CSUD>
    <NORD>15640</NORD>
    <SARD>1014</SARD>
    <SICI>2125</SICI>
    <SUD>2961</SUD>
  </marketintervaldetail>
  <marketintervaldetail>
    <Data>20150307</Data>
    <Mercato>MGP</Mercato>
    <Ora>17</Ora>
    <Totale>29982</Totale>
    <CNOR>3037</CNOR>
    <CSUD>5525</CSUD>
    <NORD>15158</NORD>
    <SARD>1011</SARD>
    <SICI>2252</SICI>
    <SUD>2999</SUD>
  </marketintervaldetail>
  <marketintervaldetail>
    <Data>20150307</Data>
    <Mercato>MGP</Mercato>
    <Ora>18</Ora>
    <Totale>30534</Totale>
    <CNOR>3147</CNOR>
    <CSUD>5744</CSUD>
    <NORD>15315</NORD>
    <SARD>1039</SARD>
    <SICI>2259</SICI>
    <SUD>3030</SUD>
  </marketintervaldetail>
  <marketintervaldetail>
    <Data>20150307</Data>
    <Mercato>MGP</Mercato>
    <Ora>19</Ora>
    <Totale>34873</Totale>
    <CNOR>3879</CNOR>
    <CSUD>6319</CSUD>
    <NORD>17783</NORD>
    <SARD>1102</SARD>
    <SICI>2540</SICI>
    <SUD>3250</SUD>
  </marketintervaldetail>
  <marketintervaldetail>
    <Data>20150307</Data>
    <Mercato>MGP</Mercato>
    <Ora>20</Ora>
    <Totale>37455</Totale>
    <CNOR>4187</CNOR>
    <CSUD>6720</CSUD>
    <NORD>19245</NORD>
    <SARD>1212</SARD>
    <SICI>2732</SICI>
    <SUD>3359</SUD>
  </marketintervaldetail>
  <marketintervaldetail>
    <Data>20150307</Data>
    <Mercato>MGP</Mercato>
    <Ora>21</Ora>
    <Totale>35147</Totale>
    <CNOR>3996</CNOR>
    <CSUD>6365</CSUD>
    <NORD>17641</NORD>
    <SARD>1217</SARD>
    <SICI>2695</SICI>
    <SUD>3233</SUD>
  </marketintervaldetail>
  <marketintervaldetail>
    <Data>20150307</Data>
    <Mercato>MGP</Mercato>
    <Ora>22</Ora>
    <Totale>32522</Totale>
    <CNOR>3609</CNOR>
    <CSUD>5831</CSUD>
    <NORD>16496</NORD>
    <SARD>1116</SARD>
    <SICI>2502</SICI>
    <SUD>2968</SUD>
  </marketintervaldetail>
  <marketintervaldetail>
    <Data>20150307</Data>
    <Mercato>MGP</Mercato>
    <Ora>23</Ora>
    <Totale>30172</Totale>
    <CNOR>3329</CNOR>
    <CSUD>5478</CSUD>
    <NORD>15279</NORD>
    <SARD>1051</SARD>
    <SICI>2330</SICI>
    <SUD>2705</SUD>
  </marketintervaldetail>
  <marketintervaldetail>
    <Data>20150307</Data>
    <Mercato>MGP</Mercato>
    <Ora>24</Ora>
    <Totale>27661</Totale>
    <CNOR>3163</CNOR>
    <CSUD>4998</CSUD>
    <NORD>13970</NORD>
    <SARD>980</SARD>
    <SICI>2097</SICI>
    <SUD>2453</SUD>
  </marketintervaldetail>
</NewDataSet>