<?xml version="1.0" standalone="yes"?>
<NewDataSet>
  <xs:schema id="NewDataSet" xmlns="" xmlns:xs="http://www.w3.org/2001/XMLSchema" xmlns:msdata="urn:schemas-microsoft-com:xml-msdata">
    <xs:element name="NewDataSet" msdata:IsDataSet="true" msdata:MainDataTable="marketintervaldetail" msdata:UseCurrentLocale="true">
      <xs:complexType>
        <xs:choice minOccurs="0" maxOccurs="unbounded">
          <xs:element name="marketintervaldetail">
            <xs:complexType>
              <xs:sequence>
                <xs:element name="Data" type="xs:string" minOccurs="0" />
                <xs:element name="Mercato" type="xs:string" minOccurs="0" />
                <xs:element name="Ora" type="xs:string" minOccurs="0" />
                <xs:element name="Totale" type="xs:string" minOccurs="0" />
                <xs:element name="CNOR" type="xs:string" minOccurs="0" />
                <xs:element name="CSUD" type="xs:string" minOccurs="0" />
                <xs:element name="NORD" type="xs:string" minOccurs="0" />
                <xs:element name="SARD" type="xs:string" minOccurs="0" />
                <xs:element name="SICI" type="xs:string" minOccurs="0" />
                <xs:element name="SUD" type="xs:string" minOccurs="0" />
              </xs:sequence>
            </xs:complexType>
          </xs:element>
        </xs:choice>
      </xs:complexType>
    </xs:element>
  </xs:schema>
  <marketintervaldetail>
    <Data>20150321</Data>
    <Mercato>MGP</Mercato>
    <Ora>01</Ora>
    <Totale>26749</Totale>
    <CNOR>2984</CNOR>
    <CSUD>4199</CSUD>
    <NORD>14907</NORD>
    <SARD>836</SARD>
    <SICI>1621</SICI>
    <SUD>2202</SUD>
  </marketintervaldetail>
  <marketintervaldetail>
    <Data>20150321</Data>
    <Mercato>MGP</Mercato>
    <Ora>02</Ora>
    <Totale>24804</Totale>
    <CNOR>2675</CNOR>
    <CSUD>3866</CSUD>
    <NORD>14027</NORD>
    <SARD>780</SARD>
    <SICI>1467</SICI>
    <SUD>1989</SUD>
  </marketintervaldetail>
  <marketintervaldetail>
    <Data>20150321</Data>
    <Mercato>MGP</Mercato>
    <Ora>03</Ora>
    <Totale>23788</Totale>
    <CNOR>2587</CNOR>
    <CSUD>3649</CSUD>
    <NORD>13527</NORD>
    <SARD>757</SARD>
    <SICI>1374</SICI>
    <SUD>1894</SUD>
  </marketintervaldetail>
  <marketintervaldetail>
    <Data>20150321</Data>
    <Mercato>MGP</Mercato>
    <Ora>04</Ora>
    <Totale>23373</Totale>
    <CNOR>2509</CNOR>
    <CSUD>3572</CSUD>
    <NORD>13306</NORD>
    <SARD>758</SARD>
    <SICI>1340</SICI>
    <SUD>1888</SUD>
  </marketintervaldetail>
  <marketintervaldetail>
    <Data>20150321</Data>
    <Mercato>MGP</Mercato>
    <Ora>05</Ora>
    <Totale>23324</Totale>
    <CNOR>2478</CNOR>
    <CSUD>3601</CSUD>
    <NORD>13223</NORD>
    <SARD>753</SARD>
    <SICI>1354</SICI>
    <SUD>1915</SUD>
  </marketintervaldetail>
  <marketintervaldetail>
    <Data>20150321</Data>
    <Mercato>MGP</Mercato>
    <Ora>06</Ora>
    <Totale>23713</Totale>
    <CNOR>2521</CNOR>
    <CSUD>3694</CSUD>
    <NORD>13450</NORD>
    <SARD>772</SARD>
    <SICI>1397</SICI>
    <SUD>1879</SUD>
  </marketintervaldetail>
  <marketintervaldetail>
    <Data>20150321</Data>
    <Mercato>MGP</Mercato>
    <Ora>07</Ora>
    <Totale>24911</Totale>
    <CNOR>2690</CNOR>
    <CSUD>3801</CSUD>
    <NORD>14169</NORD>
    <SARD>824</SARD>
    <SICI>1462</SICI>
    <SUD>1965</SUD>
  </marketintervaldetail>
  <marketintervaldetail>
    <Data>20150321</Data>
    <Mercato>MGP</Mercato>
    <Ora>08</Ora>
    <Totale>28260</Totale>
    <CNOR>2934</CNOR>
    <CSUD>4366</CSUD>
    <NORD>15959</NORD>
    <SARD>925</SARD>
    <SICI>1691</SICI>
    <SUD>2385</SUD>
  </marketintervaldetail>
  <marketintervaldetail>
    <Data>20150321</Data>
    <Mercato>MGP</Mercato>
    <Ora>09</Ora>
    <Totale>31927</Totale>
    <CNOR>3276</CNOR>
    <CSUD>4927</CSUD>
    <NORD>18056</NORD>
    <SARD>1039</SARD>
    <SICI>1985</SICI>
    <SUD>2644</SUD>
  </marketintervaldetail>
  <marketintervaldetail>
    <Data>20150321</Data>
    <Mercato>MGP</Mercato>
    <Ora>10</Ora>
    <Totale>34094</Totale>
    <CNOR>3576</CNOR>
    <CSUD>5299</CSUD>
    <NORD>19164</NORD>
    <SARD>1120</SARD>
    <SICI>2123</SICI>
    <SUD>2812</SUD>
  </marketintervaldetail>
  <marketintervaldetail>
    <Data>20150321</Data>
    <Mercato>MGP</Mercato>
    <Ora>11</Ora>
    <Totale>34019</Totale>
    <CNOR>3637</CNOR>
    <CSUD>5422</CSUD>
    <NORD>19075</NORD>
    <SARD>1122</SARD>
    <SICI>2065</SICI>
    <SUD>2698</SUD>
  </marketintervaldetail>
  <marketintervaldetail>
    <Data>20150321</Data>
    <Mercato>MGP</Mercato>
    <Ora>12</Ora>
    <Totale>33492</Totale>
    <CNOR>3617</CNOR>
    <CSUD>5557</CSUD>
    <NORD>18563</NORD>
    <SARD>1112</SARD>
    <SICI>1992</SICI>
    <SUD>2651</SUD>
  </marketintervaldetail>
  <marketintervaldetail>
    <Data>20150321</Data>
    <Mercato>MGP</Mercato>
    <Ora>13</Ora>
    <Totale>31958</Totale>
    <CNOR>3212</CNOR>
    <CSUD>5491</CSUD>
    <NORD>17597</NORD>
    <SARD>1014</SARD>
    <SICI>1942</SICI>
    <SUD>2702</SUD>
  </marketintervaldetail>
  <marketintervaldetail>
    <Data>20150321</Data>
    <Mercato>MGP</Mercato>
    <Ora>14</Ora>
    <Totale>30883</Totale>
    <CNOR>2961</CNOR>
    <CSUD>5400</CSUD>
    <NORD>16955</NORD>
    <SARD>980</SARD>
    <SICI>1931</SICI>
    <SUD>2656</SUD>
  </marketintervaldetail>
  <marketintervaldetail>
    <Data>20150321</Data>
    <Mercato>MGP</Mercato>
    <Ora>15</Ora>
    <Totale>30118</Totale>
    <CNOR>2784</CNOR>
    <CSUD>5582</CSUD>
    <NORD>16263</NORD>
    <SARD>980</SARD>
    <SICI>1935</SICI>
    <SUD>2574</SUD>
  </marketintervaldetail>
  <marketintervaldetail>
    <Data>20150321</Data>
    <Mercato>MGP</Mercato>
    <Ora>16</Ora>
    <Totale>29963</Totale>
    <CNOR>2887</CNOR>
    <CSUD>5575</CSUD>
    <NORD>16070</NORD>
    <SARD>946</SARD>
    <SICI>1951</SICI>
    <SUD>2534</SUD>
  </marketintervaldetail>
  <marketintervaldetail>
    <Data>20150321</Data>
    <Mercato>MGP</Mercato>
    <Ora>17</Ora>
    <Totale>29830</Totale>
    <CNOR>3015</CNOR>
    <CSUD>5397</CSUD>
    <NORD>15744</NORD>
    <SARD>977</SARD>
    <SICI>2037</SICI>
    <SUD>2660</SUD>
  </marketintervaldetail>
  <marketintervaldetail>
    <Data>20150321</Data>
    <Mercato>MGP</Mercato>
    <Ora>18</Ora>
    <Totale>30322</Totale>
    <CNOR>3012</CNOR>
    <CSUD>5312</CSUD>
    <NORD>16064</NORD>
    <SARD>1019</SARD>
    <SICI>2063</SICI>
    <SUD>2852</SUD>
  </marketintervaldetail>
  <marketintervaldetail>
    <Data>20150321</Data>
    <Mercato>MGP</Mercato>
    <Ora>19</Ora>
    <Totale>33804</Totale>
    <CNOR>3431</CNOR>
    <CSUD>5944</CSUD>
    <NORD>17724</NORD>
    <SARD>1085</SARD>
    <SICI>2328</SICI>
    <SUD>3292</SUD>
  </marketintervaldetail>
  <marketintervaldetail>
    <Data>20150321</Data>
    <Mercato>MGP</Mercato>
    <Ora>20</Ora>
    <Totale>36175</Totale>
    <CNOR>3769</CNOR>
    <CSUD>6340</CSUD>
    <NORD>18941</NORD>
    <SARD>1172</SARD>
    <SICI>2487</SICI>
    <SUD>3466</SUD>
  </marketintervaldetail>
  <marketintervaldetail>
    <Data>20150321</Data>
    <Mercato>MGP</Mercato>
    <Ora>21</Ora>
    <Totale>34008</Totale>
    <CNOR>3538</CNOR>
    <CSUD>6060</CSUD>
    <NORD>17470</NORD>
    <SARD>1147</SARD>
    <SICI>2435</SICI>
    <SUD>3358</SUD>
  </marketintervaldetail>
  <marketintervaldetail>
    <Data>20150321</Data>
    <Mercato>MGP</Mercato>
    <Ora>22</Ora>
    <Totale>31050</Totale>
    <CNOR>3208</CNOR>
    <CSUD>5529</CSUD>
    <NORD>16020</NORD>
    <SARD>1057</SARD>
    <SICI>2220</SICI>
    <SUD>3016</SUD>
  </marketintervaldetail>
  <marketintervaldetail>
    <Data>20150321</Data>
    <Mercato>MGP</Mercato>
    <Ora>23</Ora>
    <Totale>28382</Totale>
    <CNOR>2939</CNOR>
    <CSUD>5011</CSUD>
    <NORD>14684</NORD>
    <SARD>987</SARD>
    <SICI>2048</SICI>
    <SUD>2713</SUD>
  </marketintervaldetail>
  <marketintervaldetail>
    <Data>20150321</Data>
    <Mercato>MGP</Mercato>
    <Ora>24</Ora>
    <Totale>26126</Totale>
    <CNOR>2779</CNOR>
    <CSUD>4566</CSUD>
    <NORD>13525</NORD>
    <SARD>918</SARD>
    <SICI>1868</SICI>
    <SUD>2470</SUD>
  </marketintervaldetail>
</NewDataSet>