<?xml version="1.0" standalone="yes"?>
<NewDataSet>
  <xs:schema id="NewDataSet" xmlns="" xmlns:xs="http://www.w3.org/2001/XMLSchema" xmlns:msdata="urn:schemas-microsoft-com:xml-msdata">
    <xs:element name="NewDataSet" msdata:IsDataSet="true" msdata:MainDataTable="marketintervaldetail" msdata:UseCurrentLocale="true">
      <xs:complexType>
        <xs:choice minOccurs="0" maxOccurs="unbounded">
          <xs:element name="marketintervaldetail">
            <xs:complexType>
              <xs:sequence>
                <xs:element name="Data" type="xs:string" minOccurs="0" />
                <xs:element name="Mercato" type="xs:string" minOccurs="0" />
                <xs:element name="Ora" type="xs:string" minOccurs="0" />
                <xs:element name="Totale" type="xs:string" minOccurs="0" />
                <xs:element name="CNOR" type="xs:string" minOccurs="0" />
                <xs:element name="CSUD" type="xs:string" minOccurs="0" />
                <xs:element name="NORD" type="xs:string" minOccurs="0" />
                <xs:element name="SARD" type="xs:string" minOccurs="0" />
                <xs:element name="SICI" type="xs:string" minOccurs="0" />
                <xs:element name="SUD" type="xs:string" minOccurs="0" />
              </xs:sequence>
            </xs:complexType>
          </xs:element>
        </xs:choice>
      </xs:complexType>
    </xs:element>
  </xs:schema>
  <marketintervaldetail>
    <Data>20150314</Data>
    <Mercato>MGP</Mercato>
    <Ora>01</Ora>
    <Totale>27170</Totale>
    <CNOR>3041</CNOR>
    <CSUD>4340</CSUD>
    <NORD>15093</NORD>
    <SARD>848</SARD>
    <SICI>1675</SICI>
    <SUD>2173</SUD>
  </marketintervaldetail>
  <marketintervaldetail>
    <Data>20150314</Data>
    <Mercato>MGP</Mercato>
    <Ora>02</Ora>
    <Totale>25452</Totale>
    <CNOR>2841</CNOR>
    <CSUD>3962</CSUD>
    <NORD>14322</NORD>
    <SARD>793</SARD>
    <SICI>1508</SICI>
    <SUD>2026</SUD>
  </marketintervaldetail>
  <marketintervaldetail>
    <Data>20150314</Data>
    <Mercato>MGP</Mercato>
    <Ora>03</Ora>
    <Totale>24387</Totale>
    <CNOR>2784</CNOR>
    <CSUD>3740</CSUD>
    <NORD>13700</NORD>
    <SARD>767</SARD>
    <SICI>1440</SICI>
    <SUD>1956</SUD>
  </marketintervaldetail>
  <marketintervaldetail>
    <Data>20150314</Data>
    <Mercato>MGP</Mercato>
    <Ora>04</Ora>
    <Totale>23866</Totale>
    <CNOR>2731</CNOR>
    <CSUD>3631</CSUD>
    <NORD>13445</NORD>
    <SARD>759</SARD>
    <SICI>1390</SICI>
    <SUD>1910</SUD>
  </marketintervaldetail>
  <marketintervaldetail>
    <Data>20150314</Data>
    <Mercato>MGP</Mercato>
    <Ora>05</Ora>
    <Totale>23718</Totale>
    <CNOR>2704</CNOR>
    <CSUD>3623</CSUD>
    <NORD>13290</NORD>
    <SARD>759</SARD>
    <SICI>1404</SICI>
    <SUD>1938</SUD>
  </marketintervaldetail>
  <marketintervaldetail>
    <Data>20150314</Data>
    <Mercato>MGP</Mercato>
    <Ora>06</Ora>
    <Totale>24581</Totale>
    <CNOR>2741</CNOR>
    <CSUD>3764</CSUD>
    <NORD>13843</NORD>
    <SARD>784</SARD>
    <SICI>1480</SICI>
    <SUD>1969</SUD>
  </marketintervaldetail>
  <marketintervaldetail>
    <Data>20150314</Data>
    <Mercato>MGP</Mercato>
    <Ora>07</Ora>
    <Totale>26042</Totale>
    <CNOR>2886</CNOR>
    <CSUD>3954</CSUD>
    <NORD>14820</NORD>
    <SARD>847</SARD>
    <SICI>1531</SICI>
    <SUD>2004</SUD>
  </marketintervaldetail>
  <marketintervaldetail>
    <Data>20150314</Data>
    <Mercato>MGP</Mercato>
    <Ora>08</Ora>
    <Totale>29266</Totale>
    <CNOR>3277</CNOR>
    <CSUD>4648</CSUD>
    <NORD>16252</NORD>
    <SARD>965</SARD>
    <SICI>1808</SICI>
    <SUD>2316</SUD>
  </marketintervaldetail>
  <marketintervaldetail>
    <Data>20150314</Data>
    <Mercato>MGP</Mercato>
    <Ora>09</Ora>
    <Totale>33216</Totale>
    <CNOR>3633</CNOR>
    <CSUD>5498</CSUD>
    <NORD>18313</NORD>
    <SARD>1085</SARD>
    <SICI>2142</SICI>
    <SUD>2545</SUD>
  </marketintervaldetail>
  <marketintervaldetail>
    <Data>20150314</Data>
    <Mercato>MGP</Mercato>
    <Ora>10</Ora>
    <Totale>35280</Totale>
    <CNOR>3783</CNOR>
    <CSUD>6067</CSUD>
    <NORD>19333</NORD>
    <SARD>1106</SARD>
    <SICI>2294</SICI>
    <SUD>2697</SUD>
  </marketintervaldetail>
  <marketintervaldetail>
    <Data>20150314</Data>
    <Mercato>MGP</Mercato>
    <Ora>11</Ora>
    <Totale>35352</Totale>
    <CNOR>3875</CNOR>
    <CSUD>6084</CSUD>
    <NORD>19375</NORD>
    <SARD>1078</SARD>
    <SICI>2151</SICI>
    <SUD>2789</SUD>
  </marketintervaldetail>
  <marketintervaldetail>
    <Data>20150314</Data>
    <Mercato>MGP</Mercato>
    <Ora>12</Ora>
    <Totale>34948</Totale>
    <CNOR>3830</CNOR>
    <CSUD>6168</CSUD>
    <NORD>19120</NORD>
    <SARD>1070</SARD>
    <SICI>2005</SICI>
    <SUD>2755</SUD>
  </marketintervaldetail>
  <marketintervaldetail>
    <Data>20150314</Data>
    <Mercato>MGP</Mercato>
    <Ora>13</Ora>
    <Totale>33220</Totale>
    <CNOR>3533</CNOR>
    <CSUD>5900</CSUD>
    <NORD>17872</NORD>
    <SARD>1051</SARD>
    <SICI>1933</SICI>
    <SUD>2931</SUD>
  </marketintervaldetail>
  <marketintervaldetail>
    <Data>20150314</Data>
    <Mercato>MGP</Mercato>
    <Ora>14</Ora>
    <Totale>31579</Totale>
    <CNOR>3310</CNOR>
    <CSUD>5718</CSUD>
    <NORD>17064</NORD>
    <SARD>1024</SARD>
    <SICI>1963</SICI>
    <SUD>2500</SUD>
  </marketintervaldetail>
  <marketintervaldetail>
    <Data>20150314</Data>
    <Mercato>MGP</Mercato>
    <Ora>15</Ora>
    <Totale>30532</Totale>
    <CNOR>3280</CNOR>
    <CSUD>5417</CSUD>
    <NORD>16411</NORD>
    <SARD>991</SARD>
    <SICI>2001</SICI>
    <SUD>2432</SUD>
  </marketintervaldetail>
  <marketintervaldetail>
    <Data>20150314</Data>
    <Mercato>MGP</Mercato>
    <Ora>16</Ora>
    <Totale>30363</Totale>
    <CNOR>3292</CNOR>
    <CSUD>5411</CSUD>
    <NORD>16185</NORD>
    <SARD>978</SARD>
    <SICI>2066</SICI>
    <SUD>2431</SUD>
  </marketintervaldetail>
  <marketintervaldetail>
    <Data>20150314</Data>
    <Mercato>MGP</Mercato>
    <Ora>17</Ora>
    <Totale>30375</Totale>
    <CNOR>3324</CNOR>
    <CSUD>5428</CSUD>
    <NORD>16046</NORD>
    <SARD>981</SARD>
    <SICI>2062</SICI>
    <SUD>2534</SUD>
  </marketintervaldetail>
  <marketintervaldetail>
    <Data>20150314</Data>
    <Mercato>MGP</Mercato>
    <Ora>18</Ora>
    <Totale>31027</Totale>
    <CNOR>3513</CNOR>
    <CSUD>5386</CSUD>
    <NORD>16173</NORD>
    <SARD>972</SARD>
    <SICI>2135</SICI>
    <SUD>2848</SUD>
  </marketintervaldetail>
  <marketintervaldetail>
    <Data>20150314</Data>
    <Mercato>MGP</Mercato>
    <Ora>19</Ora>
    <Totale>34308</Totale>
    <CNOR>3826</CNOR>
    <CSUD>6004</CSUD>
    <NORD>17730</NORD>
    <SARD>1054</SARD>
    <SICI>2419</SICI>
    <SUD>3275</SUD>
  </marketintervaldetail>
  <marketintervaldetail>
    <Data>20150314</Data>
    <Mercato>MGP</Mercato>
    <Ora>20</Ora>
    <Totale>36551</Totale>
    <CNOR>4043</CNOR>
    <CSUD>6426</CSUD>
    <NORD>18860</NORD>
    <SARD>1185</SARD>
    <SICI>2572</SICI>
    <SUD>3465</SUD>
  </marketintervaldetail>
  <marketintervaldetail>
    <Data>20150314</Data>
    <Mercato>MGP</Mercato>
    <Ora>21</Ora>
    <Totale>34008</Totale>
    <CNOR>3761</CNOR>
    <CSUD>6068</CSUD>
    <NORD>17140</NORD>
    <SARD>1162</SARD>
    <SICI>2502</SICI>
    <SUD>3375</SUD>
  </marketintervaldetail>
  <marketintervaldetail>
    <Data>20150314</Data>
    <Mercato>MGP</Mercato>
    <Ora>22</Ora>
    <Totale>31188</Totale>
    <CNOR>3484</CNOR>
    <CSUD>5556</CSUD>
    <NORD>15728</NORD>
    <SARD>1077</SARD>
    <SICI>2286</SICI>
    <SUD>3057</SUD>
  </marketintervaldetail>
  <marketintervaldetail>
    <Data>20150314</Data>
    <Mercato>MGP</Mercato>
    <Ora>23</Ora>
    <Totale>28811</Totale>
    <CNOR>3206</CNOR>
    <CSUD>5060</CSUD>
    <NORD>14757</NORD>
    <SARD>990</SARD>
    <SICI>2083</SICI>
    <SUD>2715</SUD>
  </marketintervaldetail>
  <marketintervaldetail>
    <Data>20150314</Data>
    <Mercato>MGP</Mercato>
    <Ora>24</Ora>
    <Totale>26209</Totale>
    <CNOR>2910</CNOR>
    <CSUD>4591</CSUD>
    <NORD>13443</NORD>
    <SARD>900</SARD>
    <SICI>1874</SICI>
    <SUD>2491</SUD>
  </marketintervaldetail>
</NewDataSet>