<?xml version="1.0" standalone="yes"?>
<NewDataSet>
  <xs:schema id="NewDataSet" xmlns="" xmlns:xs="http://www.w3.org/2001/XMLSchema" xmlns:msdata="urn:schemas-microsoft-com:xml-msdata">
    <xs:element name="NewDataSet" msdata:IsDataSet="true" msdata:MainDataTable="marketintervaldetail" msdata:UseCurrentLocale="true">
      <xs:complexType>
        <xs:choice minOccurs="0" maxOccurs="unbounded">
          <xs:element name="marketintervaldetail">
            <xs:complexType>
              <xs:sequence>
                <xs:element name="Data" type="xs:string" minOccurs="0" />
                <xs:element name="Mercato" type="xs:string" minOccurs="0" />
                <xs:element name="Ora" type="xs:string" minOccurs="0" />
                <xs:element name="Totale" type="xs:string" minOccurs="0" />
                <xs:element name="CNOR" type="xs:string" minOccurs="0" />
                <xs:element name="CSUD" type="xs:string" minOccurs="0" />
                <xs:element name="NORD" type="xs:string" minOccurs="0" />
                <xs:element name="SARD" type="xs:string" minOccurs="0" />
                <xs:element name="SICI" type="xs:string" minOccurs="0" />
                <xs:element name="SUD" type="xs:string" minOccurs="0" />
              </xs:sequence>
            </xs:complexType>
          </xs:element>
        </xs:choice>
      </xs:complexType>
    </xs:element>
  </xs:schema>
  <marketintervaldetail>
    <Data>20150327</Data>
    <Mercato>MGP</Mercato>
    <Ora>01</Ora>
    <Totale>27225</Totale>
    <CNOR>3168</CNOR>
    <CSUD>4170</CSUD>
    <NORD>15113</NORD>
    <SARD>865</SARD>
    <SICI>1616</SICI>
    <SUD>2293</SUD>
  </marketintervaldetail>
  <marketintervaldetail>
    <Data>20150327</Data>
    <Mercato>MGP</Mercato>
    <Ora>02</Ora>
    <Totale>25586</Totale>
    <CNOR>2964</CNOR>
    <CSUD>3832</CSUD>
    <NORD>14307</NORD>
    <SARD>808</SARD>
    <SICI>1564</SICI>
    <SUD>2111</SUD>
  </marketintervaldetail>
  <marketintervaldetail>
    <Data>20150327</Data>
    <Mercato>MGP</Mercato>
    <Ora>03</Ora>
    <Totale>24871</Totale>
    <CNOR>2798</CNOR>
    <CSUD>3722</CSUD>
    <NORD>14038</NORD>
    <SARD>783</SARD>
    <SICI>1528</SICI>
    <SUD>2002</SUD>
  </marketintervaldetail>
  <marketintervaldetail>
    <Data>20150327</Data>
    <Mercato>MGP</Mercato>
    <Ora>04</Ora>
    <Totale>24620</Totale>
    <CNOR>2805</CNOR>
    <CSUD>3698</CSUD>
    <NORD>13804</NORD>
    <SARD>769</SARD>
    <SICI>1514</SICI>
    <SUD>2030</SUD>
  </marketintervaldetail>
  <marketintervaldetail>
    <Data>20150327</Data>
    <Mercato>MGP</Mercato>
    <Ora>05</Ora>
    <Totale>24805</Totale>
    <CNOR>2776</CNOR>
    <CSUD>3805</CSUD>
    <NORD>14018</NORD>
    <SARD>772</SARD>
    <SICI>1514</SICI>
    <SUD>1920</SUD>
  </marketintervaldetail>
  <marketintervaldetail>
    <Data>20150327</Data>
    <Mercato>MGP</Mercato>
    <Ora>06</Ora>
    <Totale>26101</Totale>
    <CNOR>2882</CNOR>
    <CSUD>3924</CSUD>
    <NORD>14900</NORD>
    <SARD>812</SARD>
    <SICI>1553</SICI>
    <SUD>2030</SUD>
  </marketintervaldetail>
  <marketintervaldetail>
    <Data>20150327</Data>
    <Mercato>MGP</Mercato>
    <Ora>07</Ora>
    <Totale>29662</Totale>
    <CNOR>3204</CNOR>
    <CSUD>4378</CSUD>
    <NORD>17194</NORD>
    <SARD>903</SARD>
    <SICI>1664</SICI>
    <SUD>2319</SUD>
  </marketintervaldetail>
  <marketintervaldetail>
    <Data>20150327</Data>
    <Mercato>MGP</Mercato>
    <Ora>08</Ora>
    <Totale>35434</Totale>
    <CNOR>3738</CNOR>
    <CSUD>5270</CSUD>
    <NORD>20554</NORD>
    <SARD>1040</SARD>
    <SICI>1989</SICI>
    <SUD>2843</SUD>
  </marketintervaldetail>
  <marketintervaldetail>
    <Data>20150327</Data>
    <Mercato>MGP</Mercato>
    <Ora>09</Ora>
    <Totale>40195</Totale>
    <CNOR>4397</CNOR>
    <CSUD>5909</CSUD>
    <NORD>23484</NORD>
    <SARD>1107</SARD>
    <SICI>2188</SICI>
    <SUD>3110</SUD>
  </marketintervaldetail>
  <marketintervaldetail>
    <Data>20150327</Data>
    <Mercato>MGP</Mercato>
    <Ora>10</Ora>
    <Totale>41867</Totale>
    <CNOR>4594</CNOR>
    <CSUD>6297</CSUD>
    <NORD>24121</NORD>
    <SARD>1115</SARD>
    <SICI>2341</SICI>
    <SUD>3399</SUD>
  </marketintervaldetail>
  <marketintervaldetail>
    <Data>20150327</Data>
    <Mercato>MGP</Mercato>
    <Ora>11</Ora>
    <Totale>41385</Totale>
    <CNOR>4697</CNOR>
    <CSUD>6390</CSUD>
    <NORD>23970</NORD>
    <SARD>1135</SARD>
    <SICI>2425</SICI>
    <SUD>2768</SUD>
  </marketintervaldetail>
  <marketintervaldetail>
    <Data>20150327</Data>
    <Mercato>MGP</Mercato>
    <Ora>12</Ora>
    <Totale>41341</Totale>
    <CNOR>4816</CNOR>
    <CSUD>6238</CSUD>
    <NORD>24044</NORD>
    <SARD>1085</SARD>
    <SICI>2330</SICI>
    <SUD>2828</SUD>
  </marketintervaldetail>
  <marketintervaldetail>
    <Data>20150327</Data>
    <Mercato>MGP</Mercato>
    <Ora>13</Ora>
    <Totale>39435</Totale>
    <CNOR>4370</CNOR>
    <CSUD>6436</CSUD>
    <NORD>22244</NORD>
    <SARD>1064</SARD>
    <SICI>2258</SICI>
    <SUD>3063</SUD>
  </marketintervaldetail>
  <marketintervaldetail>
    <Data>20150327</Data>
    <Mercato>MGP</Mercato>
    <Ora>14</Ora>
    <Totale>38829</Totale>
    <CNOR>4160</CNOR>
    <CSUD>6252</CSUD>
    <NORD>22188</NORD>
    <SARD>1022</SARD>
    <SICI>2123</SICI>
    <SUD>3084</SUD>
  </marketintervaldetail>
  <marketintervaldetail>
    <Data>20150327</Data>
    <Mercato>MGP</Mercato>
    <Ora>15</Ora>
    <Totale>39283</Totale>
    <CNOR>4413</CNOR>
    <CSUD>5822</CSUD>
    <NORD>22733</NORD>
    <SARD>976</SARD>
    <SICI>2154</SICI>
    <SUD>3185</SUD>
  </marketintervaldetail>
  <marketintervaldetail>
    <Data>20150327</Data>
    <Mercato>MGP</Mercato>
    <Ora>16</Ora>
    <Totale>39604</Totale>
    <CNOR>4510</CNOR>
    <CSUD>5868</CSUD>
    <NORD>22452</NORD>
    <SARD>960</SARD>
    <SICI>2139</SICI>
    <SUD>3675</SUD>
  </marketintervaldetail>
  <marketintervaldetail>
    <Data>20150327</Data>
    <Mercato>MGP</Mercato>
    <Ora>17</Ora>
    <Totale>39017</Totale>
    <CNOR>4436</CNOR>
    <CSUD>5906</CSUD>
    <NORD>21940</NORD>
    <SARD>975</SARD>
    <SICI>2135</SICI>
    <SUD>3625</SUD>
  </marketintervaldetail>
  <marketintervaldetail>
    <Data>20150327</Data>
    <Mercato>MGP</Mercato>
    <Ora>18</Ora>
    <Totale>38162</Totale>
    <CNOR>4372</CNOR>
    <CSUD>6192</CSUD>
    <NORD>21182</NORD>
    <SARD>990</SARD>
    <SICI>2082</SICI>
    <SUD>3344</SUD>
  </marketintervaldetail>
  <marketintervaldetail>
    <Data>20150327</Data>
    <Mercato>MGP</Mercato>
    <Ora>19</Ora>
    <Totale>40713</Totale>
    <CNOR>4585</CNOR>
    <CSUD>6679</CSUD>
    <NORD>22296</NORD>
    <SARD>1121</SARD>
    <SICI>2351</SICI>
    <SUD>3681</SUD>
  </marketintervaldetail>
  <marketintervaldetail>
    <Data>20150327</Data>
    <Mercato>MGP</Mercato>
    <Ora>20</Ora>
    <Totale>42006</Totale>
    <CNOR>4478</CNOR>
    <CSUD>6828</CSUD>
    <NORD>23078</NORD>
    <SARD>1255</SARD>
    <SICI>2645</SICI>
    <SUD>3722</SUD>
  </marketintervaldetail>
  <marketintervaldetail>
    <Data>20150327</Data>
    <Mercato>MGP</Mercato>
    <Ora>21</Ora>
    <Totale>39496</Totale>
    <CNOR>4092</CNOR>
    <CSUD>6464</CSUD>
    <NORD>21539</NORD>
    <SARD>1205</SARD>
    <SICI>2595</SICI>
    <SUD>3601</SUD>
  </marketintervaldetail>
  <marketintervaldetail>
    <Data>20150327</Data>
    <Mercato>MGP</Mercato>
    <Ora>22</Ora>
    <Totale>36472</Totale>
    <CNOR>3721</CNOR>
    <CSUD>5922</CSUD>
    <NORD>20004</NORD>
    <SARD>1128</SARD>
    <SICI>2458</SICI>
    <SUD>3239</SUD>
  </marketintervaldetail>
  <marketintervaldetail>
    <Data>20150327</Data>
    <Mercato>MGP</Mercato>
    <Ora>23</Ora>
    <Totale>33004</Totale>
    <CNOR>3426</CNOR>
    <CSUD>5230</CSUD>
    <NORD>18218</NORD>
    <SARD>1019</SARD>
    <SICI>2268</SICI>
    <SUD>2843</SUD>
  </marketintervaldetail>
  <marketintervaldetail>
    <Data>20150327</Data>
    <Mercato>MGP</Mercato>
    <Ora>24</Ora>
    <Totale>29687</Totale>
    <CNOR>3102</CNOR>
    <CSUD>4625</CSUD>
    <NORD>16483</NORD>
    <SARD>914</SARD>
    <SICI>2062</SICI>
    <SUD>2501</SUD>
  </marketintervaldetail>
</NewDataSet>