<?xml version="1.0" standalone="yes"?>
<NewDataSet>
  <xs:schema id="NewDataSet" xmlns="" xmlns:xs="http://www.w3.org/2001/XMLSchema" xmlns:msdata="urn:schemas-microsoft-com:xml-msdata">
    <xs:element name="NewDataSet" msdata:IsDataSet="true" msdata:MainDataTable="marketintervaldetail" msdata:UseCurrentLocale="true">
      <xs:complexType>
        <xs:choice minOccurs="0" maxOccurs="unbounded">
          <xs:element name="marketintervaldetail">
            <xs:complexType>
              <xs:sequence>
                <xs:element name="Data" type="xs:string" minOccurs="0" />
                <xs:element name="Mercato" type="xs:string" minOccurs="0" />
                <xs:element name="Ora" type="xs:string" minOccurs="0" />
                <xs:element name="Totale" type="xs:string" minOccurs="0" />
                <xs:element name="CNOR" type="xs:string" minOccurs="0" />
                <xs:element name="CSUD" type="xs:string" minOccurs="0" />
                <xs:element name="NORD" type="xs:string" minOccurs="0" />
                <xs:element name="SARD" type="xs:string" minOccurs="0" />
                <xs:element name="SICI" type="xs:string" minOccurs="0" />
                <xs:element name="SUD" type="xs:string" minOccurs="0" />
              </xs:sequence>
            </xs:complexType>
          </xs:element>
        </xs:choice>
      </xs:complexType>
    </xs:element>
  </xs:schema>
  <marketintervaldetail>
    <Data>20150315</Data>
    <Mercato>MGP</Mercato>
    <Ora>01</Ora>
    <Totale>24213</Totale>
    <CNOR>2702</CNOR>
    <CSUD>4212</CSUD>
    <NORD>12548</NORD>
    <SARD>867</SARD>
    <SICI>1681</SICI>
    <SUD>2203</SUD>
  </marketintervaldetail>
  <marketintervaldetail>
    <Data>20150315</Data>
    <Mercato>MGP</Mercato>
    <Ora>02</Ora>
    <Totale>22335</Totale>
    <CNOR>2527</CNOR>
    <CSUD>3805</CSUD>
    <NORD>11769</NORD>
    <SARD>800</SARD>
    <SICI>1494</SICI>
    <SUD>1940</SUD>
  </marketintervaldetail>
  <marketintervaldetail>
    <Data>20150315</Data>
    <Mercato>MGP</Mercato>
    <Ora>03</Ora>
    <Totale>21283</Totale>
    <CNOR>2411</CNOR>
    <CSUD>3570</CSUD>
    <NORD>11366</NORD>
    <SARD>758</SARD>
    <SICI>1384</SICI>
    <SUD>1794</SUD>
  </marketintervaldetail>
  <marketintervaldetail>
    <Data>20150315</Data>
    <Mercato>MGP</Mercato>
    <Ora>04</Ora>
    <Totale>20688</Totale>
    <CNOR>2374</CNOR>
    <CSUD>3436</CSUD>
    <NORD>11127</NORD>
    <SARD>741</SARD>
    <SICI>1325</SICI>
    <SUD>1685</SUD>
  </marketintervaldetail>
  <marketintervaldetail>
    <Data>20150315</Data>
    <Mercato>MGP</Mercato>
    <Ora>05</Ora>
    <Totale>20539</Totale>
    <CNOR>2337</CNOR>
    <CSUD>3379</CSUD>
    <NORD>11067</NORD>
    <SARD>740</SARD>
    <SICI>1312</SICI>
    <SUD>1704</SUD>
  </marketintervaldetail>
  <marketintervaldetail>
    <Data>20150315</Data>
    <Mercato>MGP</Mercato>
    <Ora>06</Ora>
    <Totale>20976</Totale>
    <CNOR>2374</CNOR>
    <CSUD>3424</CSUD>
    <NORD>11371</NORD>
    <SARD>759</SARD>
    <SICI>1328</SICI>
    <SUD>1720</SUD>
  </marketintervaldetail>
  <marketintervaldetail>
    <Data>20150315</Data>
    <Mercato>MGP</Mercato>
    <Ora>07</Ora>
    <Totale>21259</Totale>
    <CNOR>2362</CNOR>
    <CSUD>3422</CSUD>
    <NORD>11678</NORD>
    <SARD>782</SARD>
    <SICI>1345</SICI>
    <SUD>1670</SUD>
  </marketintervaldetail>
  <marketintervaldetail>
    <Data>20150315</Data>
    <Mercato>MGP</Mercato>
    <Ora>08</Ora>
    <Totale>22760</Totale>
    <CNOR>2482</CNOR>
    <CSUD>3791</CSUD>
    <NORD>12042</NORD>
    <SARD>853</SARD>
    <SICI>1487</SICI>
    <SUD>2105</SUD>
  </marketintervaldetail>
  <marketintervaldetail>
    <Data>20150315</Data>
    <Mercato>MGP</Mercato>
    <Ora>09</Ora>
    <Totale>26122</Totale>
    <CNOR>2762</CNOR>
    <CSUD>4593</CSUD>
    <NORD>13649</NORD>
    <SARD>985</SARD>
    <SICI>1776</SICI>
    <SUD>2357</SUD>
  </marketintervaldetail>
  <marketintervaldetail>
    <Data>20150315</Data>
    <Mercato>MGP</Mercato>
    <Ora>10</Ora>
    <Totale>29111</Totale>
    <CNOR>3123</CNOR>
    <CSUD>4967</CSUD>
    <NORD>15116</NORD>
    <SARD>1083</SARD>
    <SICI>2049</SICI>
    <SUD>2773</SUD>
  </marketintervaldetail>
  <marketintervaldetail>
    <Data>20150315</Data>
    <Mercato>MGP</Mercato>
    <Ora>11</Ora>
    <Totale>29982</Totale>
    <CNOR>3204</CNOR>
    <CSUD>4929</CSUD>
    <NORD>15650</NORD>
    <SARD>1018</SARD>
    <SICI>2099</SICI>
    <SUD>3082</SUD>
  </marketintervaldetail>
  <marketintervaldetail>
    <Data>20150315</Data>
    <Mercato>MGP</Mercato>
    <Ora>12</Ora>
    <Totale>30300</Totale>
    <CNOR>3406</CNOR>
    <CSUD>5366</CSUD>
    <NORD>15801</NORD>
    <SARD>994</SARD>
    <SICI>2092</SICI>
    <SUD>2641</SUD>
  </marketintervaldetail>
  <marketintervaldetail>
    <Data>20150315</Data>
    <Mercato>MGP</Mercato>
    <Ora>13</Ora>
    <Totale>29914</Totale>
    <CNOR>3166</CNOR>
    <CSUD>5557</CSUD>
    <NORD>15457</NORD>
    <SARD>1030</SARD>
    <SICI>2038</SICI>
    <SUD>2666</SUD>
  </marketintervaldetail>
  <marketintervaldetail>
    <Data>20150315</Data>
    <Mercato>MGP</Mercato>
    <Ora>14</Ora>
    <Totale>28184</Totale>
    <CNOR>2950</CNOR>
    <CSUD>5196</CSUD>
    <NORD>14651</NORD>
    <SARD>1078</SARD>
    <SICI>1950</SICI>
    <SUD>2359</SUD>
  </marketintervaldetail>
  <marketintervaldetail>
    <Data>20150315</Data>
    <Mercato>MGP</Mercato>
    <Ora>15</Ora>
    <Totale>27196</Totale>
    <CNOR>2843</CNOR>
    <CSUD>4905</CSUD>
    <NORD>14386</NORD>
    <SARD>994</SARD>
    <SICI>1780</SICI>
    <SUD>2288</SUD>
  </marketintervaldetail>
  <marketintervaldetail>
    <Data>20150315</Data>
    <Mercato>MGP</Mercato>
    <Ora>16</Ora>
    <Totale>27043</Totale>
    <CNOR>3019</CNOR>
    <CSUD>4796</CSUD>
    <NORD>14033</NORD>
    <SARD>958</SARD>
    <SICI>1862</SICI>
    <SUD>2375</SUD>
  </marketintervaldetail>
  <marketintervaldetail>
    <Data>20150315</Data>
    <Mercato>MGP</Mercato>
    <Ora>17</Ora>
    <Totale>26098</Totale>
    <CNOR>3023</CNOR>
    <CSUD>4657</CSUD>
    <NORD>13406</NORD>
    <SARD>940</SARD>
    <SICI>1815</SICI>
    <SUD>2257</SUD>
  </marketintervaldetail>
  <marketintervaldetail>
    <Data>20150315</Data>
    <Mercato>MGP</Mercato>
    <Ora>18</Ora>
    <Totale>26819</Totale>
    <CNOR>3128</CNOR>
    <CSUD>4646</CSUD>
    <NORD>13741</NORD>
    <SARD>967</SARD>
    <SICI>1922</SICI>
    <SUD>2415</SUD>
  </marketintervaldetail>
  <marketintervaldetail>
    <Data>20150315</Data>
    <Mercato>MGP</Mercato>
    <Ora>19</Ora>
    <Totale>29937</Totale>
    <CNOR>3419</CNOR>
    <CSUD>5218</CSUD>
    <NORD>15327</NORD>
    <SARD>1028</SARD>
    <SICI>2150</SICI>
    <SUD>2795</SUD>
  </marketintervaldetail>
  <marketintervaldetail>
    <Data>20150315</Data>
    <Mercato>MGP</Mercato>
    <Ora>20</Ora>
    <Totale>32623</Totale>
    <CNOR>3700</CNOR>
    <CSUD>5824</CSUD>
    <NORD>16752</NORD>
    <SARD>1142</SARD>
    <SICI>2297</SICI>
    <SUD>2908</SUD>
  </marketintervaldetail>
  <marketintervaldetail>
    <Data>20150315</Data>
    <Mercato>MGP</Mercato>
    <Ora>21</Ora>
    <Totale>31729</Totale>
    <CNOR>3571</CNOR>
    <CSUD>5750</CSUD>
    <NORD>16054</NORD>
    <SARD>1145</SARD>
    <SICI>2302</SICI>
    <SUD>2907</SUD>
  </marketintervaldetail>
  <marketintervaldetail>
    <Data>20150315</Data>
    <Mercato>MGP</Mercato>
    <Ora>22</Ora>
    <Totale>29902</Totale>
    <CNOR>3398</CNOR>
    <CSUD>5368</CSUD>
    <NORD>15145</NORD>
    <SARD>1068</SARD>
    <SICI>2172</SICI>
    <SUD>2751</SUD>
  </marketintervaldetail>
  <marketintervaldetail>
    <Data>20150315</Data>
    <Mercato>MGP</Mercato>
    <Ora>23</Ora>
    <Totale>27442</Totale>
    <CNOR>3180</CNOR>
    <CSUD>4902</CSUD>
    <NORD>13873</NORD>
    <SARD>987</SARD>
    <SICI>1983</SICI>
    <SUD>2517</SUD>
  </marketintervaldetail>
  <marketintervaldetail>
    <Data>20150315</Data>
    <Mercato>MGP</Mercato>
    <Ora>24</Ora>
    <Totale>24707</Totale>
    <CNOR>2809</CNOR>
    <CSUD>4407</CSUD>
    <NORD>12615</NORD>
    <SARD>903</SARD>
    <SICI>1762</SICI>
    <SUD>2211</SUD>
  </marketintervaldetail>
</NewDataSet>