<?xml version="1.0" standalone="yes"?>
<NewDataSet>
  <xs:schema id="NewDataSet" xmlns="" xmlns:xs="http://www.w3.org/2001/XMLSchema" xmlns:msdata="urn:schemas-microsoft-com:xml-msdata">
    <xs:element name="NewDataSet" msdata:IsDataSet="true" msdata:MainDataTable="marketintervaldetail" msdata:UseCurrentLocale="true">
      <xs:complexType>
        <xs:choice minOccurs="0" maxOccurs="unbounded">
          <xs:element name="marketintervaldetail">
            <xs:complexType>
              <xs:sequence>
                <xs:element name="Data" type="xs:string" minOccurs="0" />
                <xs:element name="Mercato" type="xs:string" minOccurs="0" />
                <xs:element name="Ora" type="xs:string" minOccurs="0" />
                <xs:element name="Totale" type="xs:string" minOccurs="0" />
                <xs:element name="CNOR" type="xs:string" minOccurs="0" />
                <xs:element name="CSUD" type="xs:string" minOccurs="0" />
                <xs:element name="NORD" type="xs:string" minOccurs="0" />
                <xs:element name="SARD" type="xs:string" minOccurs="0" />
                <xs:element name="SICI" type="xs:string" minOccurs="0" />
                <xs:element name="SUD" type="xs:string" minOccurs="0" />
              </xs:sequence>
            </xs:complexType>
          </xs:element>
        </xs:choice>
      </xs:complexType>
    </xs:element>
  </xs:schema>
  <marketintervaldetail>
    <Data>20150308</Data>
    <Mercato>MGP</Mercato>
    <Ora>01</Ora>
    <Totale>24900</Totale>
    <CNOR>2620</CNOR>
    <CSUD>4307</CSUD>
    <NORD>12991</NORD>
    <SARD>922</SARD>
    <SICI>1795</SICI>
    <SUD>2265</SUD>
  </marketintervaldetail>
  <marketintervaldetail>
    <Data>20150308</Data>
    <Mercato>MGP</Mercato>
    <Ora>02</Ora>
    <Totale>22987</Totale>
    <CNOR>2490</CNOR>
    <CSUD>3894</CSUD>
    <NORD>12117</NORD>
    <SARD>852</SARD>
    <SICI>1589</SICI>
    <SUD>2045</SUD>
  </marketintervaldetail>
  <marketintervaldetail>
    <Data>20150308</Data>
    <Mercato>MGP</Mercato>
    <Ora>03</Ora>
    <Totale>21671</Totale>
    <CNOR>2312</CNOR>
    <CSUD>3620</CSUD>
    <NORD>11588</NORD>
    <SARD>805</SARD>
    <SICI>1462</SICI>
    <SUD>1884</SUD>
  </marketintervaldetail>
  <marketintervaldetail>
    <Data>20150308</Data>
    <Mercato>MGP</Mercato>
    <Ora>04</Ora>
    <Totale>21048</Totale>
    <CNOR>2266</CNOR>
    <CSUD>3448</CSUD>
    <NORD>11348</NORD>
    <SARD>788</SARD>
    <SICI>1397</SICI>
    <SUD>1801</SUD>
  </marketintervaldetail>
  <marketintervaldetail>
    <Data>20150308</Data>
    <Mercato>MGP</Mercato>
    <Ora>05</Ora>
    <Totale>20852</Totale>
    <CNOR>2256</CNOR>
    <CSUD>3424</CSUD>
    <NORD>11244</NORD>
    <SARD>789</SARD>
    <SICI>1364</SICI>
    <SUD>1775</SUD>
  </marketintervaldetail>
  <marketintervaldetail>
    <Data>20150308</Data>
    <Mercato>MGP</Mercato>
    <Ora>06</Ora>
    <Totale>21211</Totale>
    <CNOR>2302</CNOR>
    <CSUD>3422</CSUD>
    <NORD>11449</NORD>
    <SARD>800</SARD>
    <SICI>1399</SICI>
    <SUD>1839</SUD>
  </marketintervaldetail>
  <marketintervaldetail>
    <Data>20150308</Data>
    <Mercato>MGP</Mercato>
    <Ora>07</Ora>
    <Totale>21554</Totale>
    <CNOR>2334</CNOR>
    <CSUD>3507</CSUD>
    <NORD>11689</NORD>
    <SARD>817</SARD>
    <SICI>1385</SICI>
    <SUD>1822</SUD>
  </marketintervaldetail>
  <marketintervaldetail>
    <Data>20150308</Data>
    <Mercato>MGP</Mercato>
    <Ora>08</Ora>
    <Totale>22634</Totale>
    <CNOR>2384</CNOR>
    <CSUD>3836</CSUD>
    <NORD>12024</NORD>
    <SARD>885</SARD>
    <SICI>1527</SICI>
    <SUD>1978</SUD>
  </marketintervaldetail>
  <marketintervaldetail>
    <Data>20150308</Data>
    <Mercato>MGP</Mercato>
    <Ora>09</Ora>
    <Totale>25990</Totale>
    <CNOR>2709</CNOR>
    <CSUD>4627</CSUD>
    <NORD>13587</NORD>
    <SARD>1000</SARD>
    <SICI>1810</SICI>
    <SUD>2257</SUD>
  </marketintervaldetail>
  <marketintervaldetail>
    <Data>20150308</Data>
    <Mercato>MGP</Mercato>
    <Ora>10</Ora>
    <Totale>28119</Totale>
    <CNOR>2993</CNOR>
    <CSUD>5218</CSUD>
    <NORD>14497</NORD>
    <SARD>1041</SARD>
    <SICI>1915</SICI>
    <SUD>2455</SUD>
  </marketintervaldetail>
  <marketintervaldetail>
    <Data>20150308</Data>
    <Mercato>MGP</Mercato>
    <Ora>11</Ora>
    <Totale>28778</Totale>
    <CNOR>3111</CNOR>
    <CSUD>5214</CSUD>
    <NORD>14833</NORD>
    <SARD>1016</SARD>
    <SICI>2010</SICI>
    <SUD>2594</SUD>
  </marketintervaldetail>
  <marketintervaldetail>
    <Data>20150308</Data>
    <Mercato>MGP</Mercato>
    <Ora>12</Ora>
    <Totale>28530</Totale>
    <CNOR>2993</CNOR>
    <CSUD>5146</CSUD>
    <NORD>14667</NORD>
    <SARD>1014</SARD>
    <SICI>1926</SICI>
    <SUD>2784</SUD>
  </marketintervaldetail>
  <marketintervaldetail>
    <Data>20150308</Data>
    <Mercato>MGP</Mercato>
    <Ora>13</Ora>
    <Totale>28504</Totale>
    <CNOR>2862</CNOR>
    <CSUD>5052</CSUD>
    <NORD>14491</NORD>
    <SARD>1084</SARD>
    <SICI>2082</SICI>
    <SUD>2933</SUD>
  </marketintervaldetail>
  <marketintervaldetail>
    <Data>20150308</Data>
    <Mercato>MGP</Mercato>
    <Ora>14</Ora>
    <Totale>27069</Totale>
    <CNOR>2796</CNOR>
    <CSUD>4907</CSUD>
    <NORD>13863</NORD>
    <SARD>1022</SARD>
    <SICI>1885</SICI>
    <SUD>2596</SUD>
  </marketintervaldetail>
  <marketintervaldetail>
    <Data>20150308</Data>
    <Mercato>MGP</Mercato>
    <Ora>15</Ora>
    <Totale>27024</Totale>
    <CNOR>2836</CNOR>
    <CSUD>4955</CSUD>
    <NORD>13903</NORD>
    <SARD>997</SARD>
    <SICI>1966</SICI>
    <SUD>2367</SUD>
  </marketintervaldetail>
  <marketintervaldetail>
    <Data>20150308</Data>
    <Mercato>MGP</Mercato>
    <Ora>16</Ora>
    <Totale>26738</Totale>
    <CNOR>2836</CNOR>
    <CSUD>4915</CSUD>
    <NORD>13435</NORD>
    <SARD>1026</SARD>
    <SICI>2025</SICI>
    <SUD>2501</SUD>
  </marketintervaldetail>
  <marketintervaldetail>
    <Data>20150308</Data>
    <Mercato>MGP</Mercato>
    <Ora>17</Ora>
    <Totale>26068</Totale>
    <CNOR>2884</CNOR>
    <CSUD>4760</CSUD>
    <NORD>13075</NORD>
    <SARD>963</SARD>
    <SICI>1965</SICI>
    <SUD>2421</SUD>
  </marketintervaldetail>
  <marketintervaldetail>
    <Data>20150308</Data>
    <Mercato>MGP</Mercato>
    <Ora>18</Ora>
    <Totale>26548</Totale>
    <CNOR>2974</CNOR>
    <CSUD>4740</CSUD>
    <NORD>13360</NORD>
    <SARD>997</SARD>
    <SICI>1994</SICI>
    <SUD>2483</SUD>
  </marketintervaldetail>
  <marketintervaldetail>
    <Data>20150308</Data>
    <Mercato>MGP</Mercato>
    <Ora>19</Ora>
    <Totale>31073</Totale>
    <CNOR>3380</CNOR>
    <CSUD>5529</CSUD>
    <NORD>15925</NORD>
    <SARD>1086</SARD>
    <SICI>2246</SICI>
    <SUD>2907</SUD>
  </marketintervaldetail>
  <marketintervaldetail>
    <Data>20150308</Data>
    <Mercato>MGP</Mercato>
    <Ora>20</Ora>
    <Totale>33653</Totale>
    <CNOR>3658</CNOR>
    <CSUD>5993</CSUD>
    <NORD>17372</NORD>
    <SARD>1175</SARD>
    <SICI>2395</SICI>
    <SUD>3060</SUD>
  </marketintervaldetail>
  <marketintervaldetail>
    <Data>20150308</Data>
    <Mercato>MGP</Mercato>
    <Ora>21</Ora>
    <Totale>32701</Totale>
    <CNOR>3517</CNOR>
    <CSUD>5955</CSUD>
    <NORD>16612</NORD>
    <SARD>1180</SARD>
    <SICI>2425</SICI>
    <SUD>3012</SUD>
  </marketintervaldetail>
  <marketintervaldetail>
    <Data>20150308</Data>
    <Mercato>MGP</Mercato>
    <Ora>22</Ora>
    <Totale>30968</Totale>
    <CNOR>3356</CNOR>
    <CSUD>5650</CSUD>
    <NORD>15628</NORD>
    <SARD>1111</SARD>
    <SICI>2322</SICI>
    <SUD>2901</SUD>
  </marketintervaldetail>
  <marketintervaldetail>
    <Data>20150308</Data>
    <Mercato>MGP</Mercato>
    <Ora>23</Ora>
    <Totale>28486</Totale>
    <CNOR>3133</CNOR>
    <CSUD>5149</CSUD>
    <NORD>14383</NORD>
    <SARD>1016</SARD>
    <SICI>2123</SICI>
    <SUD>2682</SUD>
  </marketintervaldetail>
  <marketintervaldetail>
    <Data>20150308</Data>
    <Mercato>MGP</Mercato>
    <Ora>24</Ora>
    <Totale>25701</Totale>
    <CNOR>2769</CNOR>
    <CSUD>4621</CSUD>
    <NORD>13155</NORD>
    <SARD>922</SARD>
    <SICI>1878</SICI>
    <SUD>2356</SUD>
  </marketintervaldetail>
</NewDataSet>