<?xml version="1.0" standalone="yes"?>
<NewDataSet>
  <xs:schema id="NewDataSet" xmlns="" xmlns:xs="http://www.w3.org/2001/XMLSchema" xmlns:msdata="urn:schemas-microsoft-com:xml-msdata">
    <xs:element name="NewDataSet" msdata:IsDataSet="true" msdata:UseCurrentLocale="true">
      <xs:complexType>
        <xs:choice minOccurs="0" maxOccurs="unbounded">
          <xs:element name="Prezzi">
            <xs:complexType>
              <xs:sequence>
                <xs:element name="Data" type="xs:string" minOccurs="0" />
                <xs:element name="Mercato" type="xs:string" minOccurs="0" />
                <xs:element name="Ora" type="xs:string" minOccurs="0" />
                <xs:element name="PUN" type="xs:string" minOccurs="0" />
                <xs:element name="NAT" type="xs:string" minOccurs="0" />
                <xs:element name="CNOR" type="xs:string" minOccurs="0" />
                <xs:element name="CSUD" type="xs:string" minOccurs="0" />
                <xs:element name="NORD" type="xs:string" minOccurs="0" />
                <xs:element name="SARD" type="xs:string" minOccurs="0" />
                <xs:element name="SICI" type="xs:string" minOccurs="0" />
                <xs:element name="SUD" type="xs:string" minOccurs="0" />
                <xs:element name="AUST" type="xs:string" minOccurs="0" />
                <xs:element name="BRNN" type="xs:string" minOccurs="0" />
                <xs:element name="COAC" type="xs:string" minOccurs="0" />
                <xs:element name="CORS" type="xs:string" minOccurs="0" />
                <xs:element name="FOGN" type="xs:string" minOccurs="0" />
                <xs:element name="FRAN" type="xs:string" minOccurs="0" />
                <xs:element name="GREC" type="xs:string" minOccurs="0" />
                <xs:element name="MFTV" type="xs:string" minOccurs="0" />
                <xs:element name="PRGP" type="xs:string" minOccurs="0" />
                <xs:element name="ROSN" type="xs:string" minOccurs="0" />
                <xs:element name="SLOV" type="xs:string" minOccurs="0" />
                <xs:element name="SVIZ" type="xs:string" minOccurs="0" />
                <xs:element name="BSP" type="xs:string" minOccurs="0" />
              </xs:sequence>
            </xs:complexType>
          </xs:element>
        </xs:choice>
      </xs:complexType>
    </xs:element>
  </xs:schema>
  <Prezzi>
    <Data>20150207</Data>
    <Mercato>MGP</Mercato>
    <Ora>1</Ora>
    <PUN>52,940000</PUN>
    <NAT>52,940000</NAT>
    <CNOR>52,940000</CNOR>
    <CSUD>52,940000</CSUD>
    <NORD>52,940000</NORD>
    <SARD>52,940000</SARD>
    <SICI>52,940000</SICI>
    <SUD>52,940000</SUD>
    <AUST>52,940000</AUST>
    <BRNN>52,940000</BRNN>
    <COAC>52,940000</COAC>
    <CORS>52,940000</CORS>
    <FOGN>52,940000</FOGN>
    <FRAN>52,940000</FRAN>
    <GREC>52,940000</GREC>
    <MFTV>52,940000</MFTV>
    <PRGP>52,940000</PRGP>
    <ROSN>52,940000</ROSN>
    <SLOV>52,940000</SLOV>
    <SVIZ>52,940000</SVIZ>
    <BSP>52,940000</BSP>
  </Prezzi>
  <Prezzi>
    <Data>20150207</Data>
    <Mercato>MGP</Mercato>
    <Ora>2</Ora>
    <PUN>46,620000</PUN>
    <NAT>46,620000</NAT>
    <CNOR>46,620000</CNOR>
    <CSUD>46,620000</CSUD>
    <NORD>46,620000</NORD>
    <SARD>46,620000</SARD>
    <SICI>46,620000</SICI>
    <SUD>46,620000</SUD>
    <AUST>46,620000</AUST>
    <BRNN>46,620000</BRNN>
    <COAC>46,620000</COAC>
    <CORS>46,620000</CORS>
    <FOGN>46,620000</FOGN>
    <FRAN>46,620000</FRAN>
    <GREC>46,620000</GREC>
    <MFTV>46,620000</MFTV>
    <PRGP>46,620000</PRGP>
    <ROSN>46,620000</ROSN>
    <SLOV>46,620000</SLOV>
    <SVIZ>46,620000</SVIZ>
    <BSP>46,620000</BSP>
  </Prezzi>
  <Prezzi>
    <Data>20150207</Data>
    <Mercato>MGP</Mercato>
    <Ora>3</Ora>
    <PUN>45,500000</PUN>
    <NAT>45,500000</NAT>
    <CNOR>45,500000</CNOR>
    <CSUD>45,500000</CSUD>
    <NORD>45,500000</NORD>
    <SARD>45,500000</SARD>
    <SICI>45,500000</SICI>
    <SUD>45,500000</SUD>
    <AUST>45,500000</AUST>
    <BRNN>45,500000</BRNN>
    <COAC>45,500000</COAC>
    <CORS>45,500000</CORS>
    <FOGN>45,500000</FOGN>
    <FRAN>45,500000</FRAN>
    <GREC>45,500000</GREC>
    <MFTV>45,500000</MFTV>
    <PRGP>45,500000</PRGP>
    <ROSN>45,500000</ROSN>
    <SLOV>45,500000</SLOV>
    <SVIZ>45,500000</SVIZ>
    <BSP>45,500000</BSP>
  </Prezzi>
  <Prezzi>
    <Data>20150207</Data>
    <Mercato>MGP</Mercato>
    <Ora>4</Ora>
    <PUN>42,000000</PUN>
    <NAT>42,000000</NAT>
    <CNOR>42,000000</CNOR>
    <CSUD>42,000000</CSUD>
    <NORD>42,000000</NORD>
    <SARD>42,000000</SARD>
    <SICI>42,000000</SICI>
    <SUD>42,000000</SUD>
    <AUST>42,000000</AUST>
    <BRNN>42,000000</BRNN>
    <COAC>42,000000</COAC>
    <CORS>42,000000</CORS>
    <FOGN>42,000000</FOGN>
    <FRAN>42,000000</FRAN>
    <GREC>42,000000</GREC>
    <MFTV>42,000000</MFTV>
    <PRGP>42,000000</PRGP>
    <ROSN>42,000000</ROSN>
    <SLOV>42,000000</SLOV>
    <SVIZ>42,000000</SVIZ>
    <BSP>42,000000</BSP>
  </Prezzi>
  <Prezzi>
    <Data>20150207</Data>
    <Mercato>MGP</Mercato>
    <Ora>5</Ora>
    <PUN>41,360000</PUN>
    <NAT>41,360000</NAT>
    <CNOR>41,360000</CNOR>
    <CSUD>41,360000</CSUD>
    <NORD>41,360000</NORD>
    <SARD>41,360000</SARD>
    <SICI>41,360000</SICI>
    <SUD>41,360000</SUD>
    <AUST>41,360000</AUST>
    <BRNN>41,360000</BRNN>
    <COAC>41,360000</COAC>
    <CORS>41,360000</CORS>
    <FOGN>41,360000</FOGN>
    <FRAN>41,360000</FRAN>
    <GREC>41,360000</GREC>
    <MFTV>41,360000</MFTV>
    <PRGP>41,360000</PRGP>
    <ROSN>41,360000</ROSN>
    <SLOV>41,360000</SLOV>
    <SVIZ>41,360000</SVIZ>
    <BSP>41,360000</BSP>
  </Prezzi>
  <Prezzi>
    <Data>20150207</Data>
    <Mercato>MGP</Mercato>
    <Ora>6</Ora>
    <PUN>45,250000</PUN>
    <NAT>45,250000</NAT>
    <CNOR>45,250000</CNOR>
    <CSUD>45,250000</CSUD>
    <NORD>45,250000</NORD>
    <SARD>45,250000</SARD>
    <SICI>45,250000</SICI>
    <SUD>45,250000</SUD>
    <AUST>45,250000</AUST>
    <BRNN>45,250000</BRNN>
    <COAC>45,250000</COAC>
    <CORS>45,250000</CORS>
    <FOGN>45,250000</FOGN>
    <FRAN>45,250000</FRAN>
    <GREC>45,250000</GREC>
    <MFTV>45,250000</MFTV>
    <PRGP>45,250000</PRGP>
    <ROSN>45,250000</ROSN>
    <SLOV>45,250000</SLOV>
    <SVIZ>45,250000</SVIZ>
    <BSP>45,250000</BSP>
  </Prezzi>
  <Prezzi>
    <Data>20150207</Data>
    <Mercato>MGP</Mercato>
    <Ora>7</Ora>
    <PUN>49,339710</PUN>
    <NAT>49,000000</NAT>
    <CNOR>49,000000</CNOR>
    <CSUD>49,000000</CSUD>
    <NORD>49,000000</NORD>
    <SARD>49,000000</SARD>
    <SICI>54,990000</SICI>
    <SUD>49,000000</SUD>
    <AUST>49,000000</AUST>
    <BRNN>49,000000</BRNN>
    <COAC>49,000000</COAC>
    <CORS>49,000000</CORS>
    <FOGN>49,000000</FOGN>
    <FRAN>49,000000</FRAN>
    <GREC>49,000000</GREC>
    <MFTV>49,000000</MFTV>
    <PRGP>54,990000</PRGP>
    <ROSN>49,000000</ROSN>
    <SLOV>49,000000</SLOV>
    <SVIZ>49,000000</SVIZ>
    <BSP>49,000000</BSP>
  </Prezzi>
  <Prezzi>
    <Data>20150207</Data>
    <Mercato>MGP</Mercato>
    <Ora>8</Ora>
    <PUN>56,553020</PUN>
    <NAT>57,280000</NAT>
    <CNOR>56,010000</CNOR>
    <CSUD>56,010000</CSUD>
    <NORD>56,010000</NORD>
    <SARD>56,010000</SARD>
    <SICI>65,380000</SICI>
    <SUD>56,010000</SUD>
    <AUST>56,010000</AUST>
    <BRNN>56,010000</BRNN>
    <COAC>56,010000</COAC>
    <CORS>56,010000</CORS>
    <FOGN>56,010000</FOGN>
    <FRAN>56,010000</FRAN>
    <GREC>56,010000</GREC>
    <MFTV>56,010000</MFTV>
    <PRGP>65,380000</PRGP>
    <ROSN>56,010000</ROSN>
    <SLOV>56,010000</SLOV>
    <SVIZ>56,010000</SVIZ>
    <BSP>56,010000</BSP>
  </Prezzi>
  <Prezzi>
    <Data>20150207</Data>
    <Mercato>MGP</Mercato>
    <Ora>9</Ora>
    <PUN>59,568390</PUN>
    <NAT>60,590000</NAT>
    <CNOR>59,210000</CNOR>
    <CSUD>59,210000</CSUD>
    <NORD>59,210000</NORD>
    <SARD>59,210000</SARD>
    <SICI>65,380000</SICI>
    <SUD>59,210000</SUD>
    <AUST>59,210000</AUST>
    <BRNN>59,210000</BRNN>
    <COAC>59,210000</COAC>
    <CORS>59,210000</CORS>
    <FOGN>59,210000</FOGN>
    <FRAN>59,210000</FRAN>
    <GREC>59,210000</GREC>
    <MFTV>59,210000</MFTV>
    <PRGP>65,380000</PRGP>
    <ROSN>59,210000</ROSN>
    <SLOV>59,210000</SLOV>
    <SVIZ>59,210000</SVIZ>
    <BSP>59,210000</BSP>
  </Prezzi>
  <Prezzi>
    <Data>20150207</Data>
    <Mercato>MGP</Mercato>
    <Ora>10</Ora>
    <PUN>62,350000</PUN>
    <NAT>63,830000</NAT>
    <CNOR>62,170210</CNOR>
    <CSUD>62,170210</CSUD>
    <NORD>62,170210</NORD>
    <SARD>62,170210</SARD>
    <SICI>65,380000</SICI>
    <SUD>62,170210</SUD>
    <AUST>62,170210</AUST>
    <BRNN>62,170210</BRNN>
    <COAC>62,170210</COAC>
    <CORS>62,170210</CORS>
    <FOGN>62,170210</FOGN>
    <FRAN>62,170210</FRAN>
    <GREC>62,170210</GREC>
    <MFTV>62,170210</MFTV>
    <PRGP>65,380000</PRGP>
    <ROSN>62,170210</ROSN>
    <SLOV>62,170210</SLOV>
    <SVIZ>62,170210</SVIZ>
    <BSP>62,170210</BSP>
  </Prezzi>
  <Prezzi>
    <Data>20150207</Data>
    <Mercato>MGP</Mercato>
    <Ora>11</Ora>
    <PUN>60,250060</PUN>
    <NAT>59,980000</NAT>
    <CNOR>59,980000</CNOR>
    <CSUD>59,980000</CSUD>
    <NORD>59,980000</NORD>
    <SARD>59,980000</SARD>
    <SICI>65,150000</SICI>
    <SUD>59,710000</SUD>
    <AUST>59,980000</AUST>
    <BRNN>59,710000</BRNN>
    <COAC>59,980000</COAC>
    <CORS>59,980000</CORS>
    <FOGN>59,710000</FOGN>
    <FRAN>59,980000</FRAN>
    <GREC>59,710000</GREC>
    <MFTV>59,980000</MFTV>
    <PRGP>65,150000</PRGP>
    <ROSN>59,710000</ROSN>
    <SLOV>59,980000</SLOV>
    <SVIZ>59,980000</SVIZ>
    <BSP>59,980000</BSP>
  </Prezzi>
  <Prezzi>
    <Data>20150207</Data>
    <Mercato>MGP</Mercato>
    <Ora>12</Ora>
    <PUN>56,338520</PUN>
    <NAT>55,790000</NAT>
    <CNOR>55,780000</CNOR>
    <CSUD>55,780000</CSUD>
    <NORD>55,780000</NORD>
    <SARD>55,780000</SARD>
    <SICI>65,380000</SICI>
    <SUD>55,780000</SUD>
    <AUST>55,780000</AUST>
    <BRNN>55,780000</BRNN>
    <COAC>55,780000</COAC>
    <CORS>55,780000</CORS>
    <FOGN>55,780000</FOGN>
    <FRAN>55,780000</FRAN>
    <GREC>55,780000</GREC>
    <MFTV>55,780000</MFTV>
    <PRGP>65,380000</PRGP>
    <ROSN>55,780000</ROSN>
    <SLOV>55,780000</SLOV>
    <SVIZ>55,780000</SVIZ>
    <BSP>55,780000</BSP>
  </Prezzi>
  <Prezzi>
    <Data>20150207</Data>
    <Mercato>MGP</Mercato>
    <Ora>13</Ora>
    <PUN>54,071710</PUN>
    <NAT>53,500000</NAT>
    <CNOR>53,500000</CNOR>
    <CSUD>53,500000</CSUD>
    <NORD>53,500000</NORD>
    <SARD>53,500000</SARD>
    <SICI>65,380000</SICI>
    <SUD>51,800000</SUD>
    <AUST>53,500000</AUST>
    <BRNN>51,800000</BRNN>
    <COAC>53,500000</COAC>
    <CORS>53,500000</CORS>
    <FOGN>51,800000</FOGN>
    <FRAN>53,500000</FRAN>
    <GREC>51,800000</GREC>
    <MFTV>53,500000</MFTV>
    <PRGP>65,380000</PRGP>
    <ROSN>51,800000</ROSN>
    <SLOV>53,500000</SLOV>
    <SVIZ>53,500000</SVIZ>
    <BSP>53,500000</BSP>
  </Prezzi>
  <Prezzi>
    <Data>20150207</Data>
    <Mercato>MGP</Mercato>
    <Ora>14</Ora>
    <PUN>50,960430</PUN>
    <NAT>50,000000</NAT>
    <CNOR>50,000000</CNOR>
    <CSUD>50,000000</CSUD>
    <NORD>50,000000</NORD>
    <SARD>50,000000</SARD>
    <SICI>65,380000</SICI>
    <SUD>50,000000</SUD>
    <AUST>50,000000</AUST>
    <BRNN>50,000000</BRNN>
    <COAC>50,000000</COAC>
    <CORS>50,000000</CORS>
    <FOGN>50,000000</FOGN>
    <FRAN>50,000000</FRAN>
    <GREC>50,000000</GREC>
    <MFTV>50,000000</MFTV>
    <PRGP>65,380000</PRGP>
    <ROSN>50,000000</ROSN>
    <SLOV>50,000000</SLOV>
    <SVIZ>50,000000</SVIZ>
    <BSP>50,000000</BSP>
  </Prezzi>
  <Prezzi>
    <Data>20150207</Data>
    <Mercato>MGP</Mercato>
    <Ora>15</Ora>
    <PUN>49,288210</PUN>
    <NAT>48,610000</NAT>
    <CNOR>48,580000</CNOR>
    <CSUD>48,580000</CSUD>
    <NORD>48,580000</NORD>
    <SARD>48,580000</SARD>
    <SICI>59,990000</SICI>
    <SUD>48,580000</SUD>
    <AUST>48,580000</AUST>
    <BRNN>48,580000</BRNN>
    <COAC>48,580000</COAC>
    <CORS>48,580000</CORS>
    <FOGN>48,580000</FOGN>
    <FRAN>48,580000</FRAN>
    <GREC>48,580000</GREC>
    <MFTV>48,580000</MFTV>
    <PRGP>59,990000</PRGP>
    <ROSN>48,580000</ROSN>
    <SLOV>48,580000</SLOV>
    <SVIZ>48,580000</SVIZ>
    <BSP>48,580000</BSP>
  </Prezzi>
  <Prezzi>
    <Data>20150207</Data>
    <Mercato>MGP</Mercato>
    <Ora>16</Ora>
    <PUN>50,577170</PUN>
    <NAT>50,000000</NAT>
    <CNOR>50,000000</CNOR>
    <CSUD>50,000000</CSUD>
    <NORD>50,000000</NORD>
    <SARD>50,000000</SARD>
    <SICI>59,990000</SICI>
    <SUD>50,000000</SUD>
    <AUST>50,000000</AUST>
    <BRNN>50,000000</BRNN>
    <COAC>50,000000</COAC>
    <CORS>50,000000</CORS>
    <FOGN>50,000000</FOGN>
    <FRAN>50,000000</FRAN>
    <GREC>50,000000</GREC>
    <MFTV>50,000000</MFTV>
    <PRGP>59,990000</PRGP>
    <ROSN>50,000000</ROSN>
    <SLOV>50,000000</SLOV>
    <SVIZ>50,000000</SVIZ>
    <BSP>50,000000</BSP>
  </Prezzi>
  <Prezzi>
    <Data>20150207</Data>
    <Mercato>MGP</Mercato>
    <Ora>17</Ora>
    <PUN>55,619570</PUN>
    <NAT>55,000000</NAT>
    <CNOR>55,000000</CNOR>
    <CSUD>55,000000</CSUD>
    <NORD>55,000000</NORD>
    <SARD>55,000000</SARD>
    <SICI>65,380000</SICI>
    <SUD>55,000000</SUD>
    <AUST>55,000000</AUST>
    <BRNN>55,000000</BRNN>
    <COAC>55,000000</COAC>
    <CORS>55,000000</CORS>
    <FOGN>55,000000</FOGN>
    <FRAN>55,000000</FRAN>
    <GREC>55,000000</GREC>
    <MFTV>55,000000</MFTV>
    <PRGP>65,380000</PRGP>
    <ROSN>55,000000</ROSN>
    <SLOV>55,000000</SLOV>
    <SVIZ>55,000000</SVIZ>
    <BSP>55,000000</BSP>
  </Prezzi>
  <Prezzi>
    <Data>20150207</Data>
    <Mercato>MGP</Mercato>
    <Ora>18</Ora>
    <PUN>60,362290</PUN>
    <NAT>61,000000</NAT>
    <CNOR>60,000000</CNOR>
    <CSUD>60,000000</CSUD>
    <NORD>60,000000</NORD>
    <SARD>60,000000</SARD>
    <SICI>65,570000</SICI>
    <SUD>60,000000</SUD>
    <AUST>60,000000</AUST>
    <BRNN>60,000000</BRNN>
    <COAC>60,000000</COAC>
    <CORS>60,000000</CORS>
    <FOGN>60,000000</FOGN>
    <FRAN>60,000000</FRAN>
    <GREC>60,000000</GREC>
    <MFTV>60,000000</MFTV>
    <PRGP>65,570000</PRGP>
    <ROSN>60,000000</ROSN>
    <SLOV>60,000000</SLOV>
    <SVIZ>60,000000</SVIZ>
    <BSP>60,000000</BSP>
  </Prezzi>
  <Prezzi>
    <Data>20150207</Data>
    <Mercato>MGP</Mercato>
    <Ora>19</Ora>
    <PUN>66,087530</PUN>
    <NAT>67,450000</NAT>
    <CNOR>65,990000</CNOR>
    <CSUD>65,990000</CSUD>
    <NORD>65,990000</NORD>
    <SARD>65,990000</SARD>
    <SICI>67,450000</SICI>
    <SUD>65,990000</SUD>
    <AUST>65,990000</AUST>
    <BRNN>65,990000</BRNN>
    <COAC>65,990000</COAC>
    <CORS>65,990000</CORS>
    <FOGN>65,990000</FOGN>
    <FRAN>65,990000</FRAN>
    <GREC>65,990000</GREC>
    <MFTV>65,990000</MFTV>
    <PRGP>67,450000</PRGP>
    <ROSN>65,990000</ROSN>
    <SLOV>65,990000</SLOV>
    <SVIZ>65,990000</SVIZ>
    <BSP>65,990000</BSP>
  </Prezzi>
  <Prezzi>
    <Data>20150207</Data>
    <Mercato>MGP</Mercato>
    <Ora>20</Ora>
    <PUN>66,089650</PUN>
    <NAT>66,280000</NAT>
    <CNOR>65,990000</CNOR>
    <CSUD>65,990000</CSUD>
    <NORD>65,990000</NORD>
    <SARD>65,990000</SARD>
    <SICI>67,450000</SICI>
    <SUD>65,990000</SUD>
    <AUST>65,990000</AUST>
    <BRNN>65,990000</BRNN>
    <COAC>65,990000</COAC>
    <CORS>65,990000</CORS>
    <FOGN>65,990000</FOGN>
    <FRAN>65,990000</FRAN>
    <GREC>65,990000</GREC>
    <MFTV>65,990000</MFTV>
    <PRGP>67,450000</PRGP>
    <ROSN>65,990000</ROSN>
    <SLOV>65,990000</SLOV>
    <SVIZ>65,990000</SVIZ>
    <BSP>65,990000</BSP>
  </Prezzi>
  <Prezzi>
    <Data>20150207</Data>
    <Mercato>MGP</Mercato>
    <Ora>21</Ora>
    <PUN>60,201320</PUN>
    <NAT>61,000000</NAT>
    <CNOR>59,640000</CNOR>
    <CSUD>59,640000</CSUD>
    <NORD>59,640000</NORD>
    <SARD>59,640000</SARD>
    <SICI>67,450000</SICI>
    <SUD>59,640000</SUD>
    <AUST>59,640000</AUST>
    <BRNN>59,640000</BRNN>
    <COAC>59,640000</COAC>
    <CORS>59,640000</CORS>
    <FOGN>59,640000</FOGN>
    <FRAN>59,640000</FRAN>
    <GREC>59,640000</GREC>
    <MFTV>59,640000</MFTV>
    <PRGP>67,450000</PRGP>
    <ROSN>59,640000</ROSN>
    <SLOV>59,640000</SLOV>
    <SVIZ>59,640000</SVIZ>
    <BSP>59,640000</BSP>
  </Prezzi>
  <Prezzi>
    <Data>20150207</Data>
    <Mercato>MGP</Mercato>
    <Ora>22</Ora>
    <PUN>55,640000</PUN>
    <NAT>55,000000</NAT>
    <CNOR>54,872010</CNOR>
    <CSUD>54,872010</CSUD>
    <NORD>54,872010</NORD>
    <SARD>54,872010</SARD>
    <SICI>65,570000</SICI>
    <SUD>54,872010</SUD>
    <AUST>54,872010</AUST>
    <BRNN>54,872010</BRNN>
    <COAC>54,872010</COAC>
    <CORS>54,872010</CORS>
    <FOGN>54,872010</FOGN>
    <FRAN>54,872010</FRAN>
    <GREC>54,872010</GREC>
    <MFTV>54,872010</MFTV>
    <PRGP>65,570000</PRGP>
    <ROSN>54,872010</ROSN>
    <SLOV>54,872010</SLOV>
    <SVIZ>54,872010</SVIZ>
    <BSP>54,872010</BSP>
  </Prezzi>
  <Prezzi>
    <Data>20150207</Data>
    <Mercato>MGP</Mercato>
    <Ora>23</Ora>
    <PUN>51,663740</PUN>
    <NAT>51,660000</NAT>
    <CNOR>50,620000</CNOR>
    <CSUD>50,620000</CSUD>
    <NORD>50,620000</NORD>
    <SARD>50,620000</SARD>
    <SICI>65,570000</SICI>
    <SUD>50,620000</SUD>
    <AUST>50,620000</AUST>
    <BRNN>50,620000</BRNN>
    <COAC>50,620000</COAC>
    <CORS>50,620000</CORS>
    <FOGN>50,620000</FOGN>
    <FRAN>50,620000</FRAN>
    <GREC>50,620000</GREC>
    <MFTV>50,620000</MFTV>
    <PRGP>65,570000</PRGP>
    <ROSN>50,620000</ROSN>
    <SLOV>50,620000</SLOV>
    <SVIZ>50,620000</SVIZ>
    <BSP>50,620000</BSP>
  </Prezzi>
  <Prezzi>
    <Data>20150207</Data>
    <Mercato>MGP</Mercato>
    <Ora>24</Ora>
    <PUN>49,106740</PUN>
    <NAT>48,000000</NAT>
    <CNOR>47,940000</CNOR>
    <CSUD>47,940000</CSUD>
    <NORD>47,940000</NORD>
    <SARD>47,940000</SARD>
    <SICI>65,150000</SICI>
    <SUD>47,940000</SUD>
    <AUST>47,940000</AUST>
    <BRNN>47,940000</BRNN>
    <COAC>47,940000</COAC>
    <CORS>47,940000</CORS>
    <FOGN>47,940000</FOGN>
    <FRAN>47,940000</FRAN>
    <GREC>47,940000</GREC>
    <MFTV>47,940000</MFTV>
    <PRGP>65,150000</PRGP>
    <ROSN>47,940000</ROSN>
    <SLOV>47,940000</SLOV>
    <SVIZ>47,940000</SVIZ>
    <BSP>47,940000</BSP>
  </Prezzi>
</NewDataSet>