<?xml version="1.0" standalone="yes"?>
<NewDataSet>
  <xs:schema id="NewDataSet" xmlns="" xmlns:xs="http://www.w3.org/2001/XMLSchema" xmlns:msdata="urn:schemas-microsoft-com:xml-msdata">
    <xs:element name="NewDataSet" msdata:IsDataSet="true" msdata:UseCurrentLocale="true">
      <xs:complexType>
        <xs:choice minOccurs="0" maxOccurs="unbounded">
          <xs:element name="Prezzi">
            <xs:complexType>
              <xs:sequence>
                <xs:element name="Data" type="xs:string" minOccurs="0" />
                <xs:element name="Mercato" type="xs:string" minOccurs="0" />
                <xs:element name="Ora" type="xs:string" minOccurs="0" />
                <xs:element name="PUN" type="xs:string" minOccurs="0" />
                <xs:element name="NAT" type="xs:string" minOccurs="0" />
                <xs:element name="CNOR" type="xs:string" minOccurs="0" />
                <xs:element name="CSUD" type="xs:string" minOccurs="0" />
                <xs:element name="NORD" type="xs:string" minOccurs="0" />
                <xs:element name="SARD" type="xs:string" minOccurs="0" />
                <xs:element name="SICI" type="xs:string" minOccurs="0" />
                <xs:element name="SUD" type="xs:string" minOccurs="0" />
                <xs:element name="AUST" type="xs:string" minOccurs="0" />
                <xs:element name="BRNN" type="xs:string" minOccurs="0" />
                <xs:element name="COAC" type="xs:string" minOccurs="0" />
                <xs:element name="CORS" type="xs:string" minOccurs="0" />
                <xs:element name="FOGN" type="xs:string" minOccurs="0" />
                <xs:element name="FRAN" type="xs:string" minOccurs="0" />
                <xs:element name="GREC" type="xs:string" minOccurs="0" />
                <xs:element name="MFTV" type="xs:string" minOccurs="0" />
                <xs:element name="PRGP" type="xs:string" minOccurs="0" />
                <xs:element name="ROSN" type="xs:string" minOccurs="0" />
                <xs:element name="SLOV" type="xs:string" minOccurs="0" />
                <xs:element name="SVIZ" type="xs:string" minOccurs="0" />
                <xs:element name="BSP" type="xs:string" minOccurs="0" />
              </xs:sequence>
            </xs:complexType>
          </xs:element>
        </xs:choice>
      </xs:complexType>
    </xs:element>
  </xs:schema>
  <Prezzi>
    <Data>20150201</Data>
    <Mercato>MGP</Mercato>
    <Ora>1</Ora>
    <PUN>43,500000</PUN>
    <NAT>43,000000</NAT>
    <CNOR>43,500000</CNOR>
    <CSUD>43,500000</CSUD>
    <NORD>43,500000</NORD>
    <SARD>43,500000</SARD>
    <SICI>43,500000</SICI>
    <SUD>43,500000</SUD>
    <AUST>43,500000</AUST>
    <BRNN>43,500000</BRNN>
    <COAC>43,500000</COAC>
    <CORS>43,500000</CORS>
    <FOGN>43,500000</FOGN>
    <FRAN>43,500000</FRAN>
    <GREC>43,500000</GREC>
    <MFTV>43,500000</MFTV>
    <PRGP>43,500000</PRGP>
    <ROSN>43,500000</ROSN>
    <SLOV>43,500000</SLOV>
    <SVIZ>43,500000</SVIZ>
    <BSP>28,850000</BSP>
  </Prezzi>
  <Prezzi>
    <Data>20150201</Data>
    <Mercato>MGP</Mercato>
    <Ora>2</Ora>
    <PUN>38,233104</PUN>
    <NAT>37,460000</NAT>
    <CNOR>38,240000</CNOR>
    <CSUD>38,240000</CSUD>
    <NORD>38,240000</NORD>
    <SARD>38,240000</SARD>
    <SICI>38,140000</SICI>
    <SUD>38,240000</SUD>
    <AUST>38,240000</AUST>
    <BRNN>38,240000</BRNN>
    <COAC>38,240000</COAC>
    <CORS>38,240000</CORS>
    <FOGN>38,240000</FOGN>
    <FRAN>38,240000</FRAN>
    <GREC>38,240000</GREC>
    <MFTV>38,240000</MFTV>
    <PRGP>38,140000</PRGP>
    <ROSN>38,240000</ROSN>
    <SLOV>38,240000</SLOV>
    <SVIZ>38,240000</SVIZ>
    <BSP>26,650000</BSP>
  </Prezzi>
  <Prezzi>
    <Data>20150201</Data>
    <Mercato>MGP</Mercato>
    <Ora>3</Ora>
    <PUN>32,680790</PUN>
    <NAT>33,700000</NAT>
    <CNOR>35,000000</CNOR>
    <CSUD>35,000000</CSUD>
    <NORD>35,000000</NORD>
    <SARD>35,000000</SARD>
    <SICI>0,000000</SICI>
    <SUD>35,000000</SUD>
    <AUST>35,000000</AUST>
    <BRNN>35,000000</BRNN>
    <COAC>35,000000</COAC>
    <CORS>35,000000</CORS>
    <FOGN>35,000000</FOGN>
    <FRAN>35,000000</FRAN>
    <GREC>35,000000</GREC>
    <MFTV>35,000000</MFTV>
    <PRGP>0,000000</PRGP>
    <ROSN>35,000000</ROSN>
    <SLOV>35,000000</SLOV>
    <SVIZ>35,000000</SVIZ>
    <BSP>25,700000</BSP>
  </Prezzi>
  <Prezzi>
    <Data>20150201</Data>
    <Mercato>MGP</Mercato>
    <Ora>4</Ora>
    <PUN>29,209109</PUN>
    <NAT>30,330000</NAT>
    <CNOR>31,340000</CNOR>
    <CSUD>31,340000</CSUD>
    <NORD>31,340000</NORD>
    <SARD>31,340000</SARD>
    <SICI>0,000000</SICI>
    <SUD>31,340000</SUD>
    <AUST>31,340000</AUST>
    <BRNN>31,340000</BRNN>
    <COAC>31,340000</COAC>
    <CORS>31,340000</CORS>
    <FOGN>31,340000</FOGN>
    <FRAN>31,340000</FRAN>
    <GREC>31,340000</GREC>
    <MFTV>31,340000</MFTV>
    <PRGP>0,000000</PRGP>
    <ROSN>31,340000</ROSN>
    <SLOV>31,340000</SLOV>
    <SVIZ>31,340000</SVIZ>
    <BSP>25,500000</BSP>
  </Prezzi>
  <Prezzi>
    <Data>20150201</Data>
    <Mercato>MGP</Mercato>
    <Ora>5</Ora>
    <PUN>28,000496</PUN>
    <NAT>28,730000</NAT>
    <CNOR>30,000000</CNOR>
    <CSUD>30,000000</CSUD>
    <NORD>30,000000</NORD>
    <SARD>30,000000</SARD>
    <SICI>0,000000</SICI>
    <SUD>30,000000</SUD>
    <AUST>30,000000</AUST>
    <BRNN>30,000000</BRNN>
    <COAC>30,000000</COAC>
    <CORS>30,000000</CORS>
    <FOGN>30,000000</FOGN>
    <FRAN>30,000000</FRAN>
    <GREC>30,000000</GREC>
    <MFTV>30,000000</MFTV>
    <PRGP>0,000000</PRGP>
    <ROSN>30,000000</ROSN>
    <SLOV>30,000000</SLOV>
    <SVIZ>30,000000</SVIZ>
    <BSP>25,500000</BSP>
  </Prezzi>
  <Prezzi>
    <Data>20150201</Data>
    <Mercato>MGP</Mercato>
    <Ora>6</Ora>
    <PUN>28,298253</PUN>
    <NAT>29,300000</NAT>
    <CNOR>30,210000</CNOR>
    <CSUD>30,210000</CSUD>
    <NORD>30,210000</NORD>
    <SARD>30,210000</SARD>
    <SICI>0,000000</SICI>
    <SUD>30,210000</SUD>
    <AUST>30,210000</AUST>
    <BRNN>30,210000</BRNN>
    <COAC>30,210000</COAC>
    <CORS>30,210000</CORS>
    <FOGN>30,210000</FOGN>
    <FRAN>30,210000</FRAN>
    <GREC>30,210000</GREC>
    <MFTV>30,210000</MFTV>
    <PRGP>0,000000</PRGP>
    <ROSN>30,210000</ROSN>
    <SLOV>30,210000</SLOV>
    <SVIZ>30,210000</SVIZ>
    <BSP>25,630000</BSP>
  </Prezzi>
  <Prezzi>
    <Data>20150201</Data>
    <Mercato>MGP</Mercato>
    <Ora>7</Ora>
    <PUN>29,945738</PUN>
    <NAT>31,330000</NAT>
    <CNOR>32,040000</CNOR>
    <CSUD>32,040000</CSUD>
    <NORD>32,040000</NORD>
    <SARD>32,040000</SARD>
    <SICI>0,000000</SICI>
    <SUD>32,040000</SUD>
    <AUST>32,040000</AUST>
    <BRNN>32,040000</BRNN>
    <COAC>32,040000</COAC>
    <CORS>32,040000</CORS>
    <FOGN>32,040000</FOGN>
    <FRAN>32,040000</FRAN>
    <GREC>32,040000</GREC>
    <MFTV>32,040000</MFTV>
    <PRGP>0,000000</PRGP>
    <ROSN>32,040000</ROSN>
    <SLOV>32,040000</SLOV>
    <SVIZ>32,040000</SVIZ>
    <BSP>27,350000</BSP>
  </Prezzi>
  <Prezzi>
    <Data>20150201</Data>
    <Mercato>MGP</Mercato>
    <Ora>8</Ora>
    <PUN>33,148194</PUN>
    <NAT>34,920000</NAT>
    <CNOR>35,340000</CNOR>
    <CSUD>35,340000</CSUD>
    <NORD>35,340000</NORD>
    <SARD>35,340000</SARD>
    <SICI>0,000000</SICI>
    <SUD>35,340000</SUD>
    <AUST>35,340000</AUST>
    <BRNN>35,340000</BRNN>
    <COAC>35,340000</COAC>
    <CORS>35,340000</CORS>
    <FOGN>35,340000</FOGN>
    <FRAN>35,340000</FRAN>
    <GREC>35,340000</GREC>
    <MFTV>35,340000</MFTV>
    <PRGP>0,000000</PRGP>
    <ROSN>35,340000</ROSN>
    <SLOV>35,340000</SLOV>
    <SVIZ>35,340000</SVIZ>
    <BSP>30,410000</BSP>
  </Prezzi>
  <Prezzi>
    <Data>20150201</Data>
    <Mercato>MGP</Mercato>
    <Ora>9</Ora>
    <PUN>38,610000</PUN>
    <NAT>38,310000</NAT>
    <CNOR>38,610000</CNOR>
    <CSUD>38,610000</CSUD>
    <NORD>38,610000</NORD>
    <SARD>38,610000</SARD>
    <SICI>38,610000</SICI>
    <SUD>38,610000</SUD>
    <AUST>38,610000</AUST>
    <BRNN>38,610000</BRNN>
    <COAC>38,610000</COAC>
    <CORS>38,610000</CORS>
    <FOGN>38,610000</FOGN>
    <FRAN>38,610000</FRAN>
    <GREC>38,610000</GREC>
    <MFTV>38,610000</MFTV>
    <PRGP>38,610000</PRGP>
    <ROSN>38,610000</ROSN>
    <SLOV>38,610000</SLOV>
    <SVIZ>38,610000</SVIZ>
    <BSP>33,200000</BSP>
  </Prezzi>
  <Prezzi>
    <Data>20150201</Data>
    <Mercato>MGP</Mercato>
    <Ora>10</Ora>
    <PUN>42,193211</PUN>
    <NAT>40,520000</NAT>
    <CNOR>40,500000</CNOR>
    <CSUD>40,500000</CSUD>
    <NORD>40,500000</NORD>
    <SARD>40,500000</SARD>
    <SICI>65,150000</SICI>
    <SUD>40,500000</SUD>
    <AUST>40,500000</AUST>
    <BRNN>40,500000</BRNN>
    <COAC>40,500000</COAC>
    <CORS>40,500000</CORS>
    <FOGN>40,500000</FOGN>
    <FRAN>40,500000</FRAN>
    <GREC>40,500000</GREC>
    <MFTV>40,500000</MFTV>
    <PRGP>65,150000</PRGP>
    <ROSN>40,500000</ROSN>
    <SLOV>40,500000</SLOV>
    <SVIZ>40,500000</SVIZ>
    <BSP>40,500000</BSP>
  </Prezzi>
  <Prezzi>
    <Data>20150201</Data>
    <Mercato>MGP</Mercato>
    <Ora>11</Ora>
    <PUN>40,630000</PUN>
    <NAT>40,630000</NAT>
    <CNOR>40,630000</CNOR>
    <CSUD>40,630000</CSUD>
    <NORD>40,630000</NORD>
    <SARD>40,630000</SARD>
    <SICI>40,630000</SICI>
    <SUD>40,630000</SUD>
    <AUST>40,630000</AUST>
    <BRNN>40,630000</BRNN>
    <COAC>40,630000</COAC>
    <CORS>40,630000</CORS>
    <FOGN>40,630000</FOGN>
    <FRAN>40,630000</FRAN>
    <GREC>40,630000</GREC>
    <MFTV>40,630000</MFTV>
    <PRGP>40,630000</PRGP>
    <ROSN>40,630000</ROSN>
    <SLOV>40,630000</SLOV>
    <SVIZ>40,630000</SVIZ>
    <BSP>40,630000</BSP>
  </Prezzi>
  <Prezzi>
    <Data>20150201</Data>
    <Mercato>MGP</Mercato>
    <Ora>12</Ora>
    <PUN>40,890000</PUN>
    <NAT>40,890000</NAT>
    <CNOR>40,890000</CNOR>
    <CSUD>40,890000</CSUD>
    <NORD>40,890000</NORD>
    <SARD>40,890000</SARD>
    <SICI>40,890000</SICI>
    <SUD>40,890000</SUD>
    <AUST>40,890000</AUST>
    <BRNN>40,890000</BRNN>
    <COAC>40,890000</COAC>
    <CORS>40,890000</CORS>
    <FOGN>40,890000</FOGN>
    <FRAN>40,890000</FRAN>
    <GREC>40,890000</GREC>
    <MFTV>40,890000</MFTV>
    <PRGP>40,890000</PRGP>
    <ROSN>40,890000</ROSN>
    <SLOV>40,890000</SLOV>
    <SVIZ>40,890000</SVIZ>
    <BSP>40,890000</BSP>
  </Prezzi>
  <Prezzi>
    <Data>20150201</Data>
    <Mercato>MGP</Mercato>
    <Ora>13</Ora>
    <PUN>40,143636</PUN>
    <NAT>40,290000</NAT>
    <CNOR>40,290000</CNOR>
    <CSUD>40,290000</CSUD>
    <NORD>40,290000</NORD>
    <SARD>40,290000</SARD>
    <SICI>38,140000</SICI>
    <SUD>40,290000</SUD>
    <AUST>40,290000</AUST>
    <BRNN>40,290000</BRNN>
    <COAC>40,290000</COAC>
    <CORS>40,290000</CORS>
    <FOGN>40,290000</FOGN>
    <FRAN>40,290000</FRAN>
    <GREC>40,290000</GREC>
    <MFTV>40,290000</MFTV>
    <PRGP>38,140000</PRGP>
    <ROSN>40,290000</ROSN>
    <SLOV>40,290000</SLOV>
    <SVIZ>40,290000</SVIZ>
    <BSP>40,290000</BSP>
  </Prezzi>
  <Prezzi>
    <Data>20150201</Data>
    <Mercato>MGP</Mercato>
    <Ora>14</Ora>
    <PUN>36,130000</PUN>
    <NAT>36,130000</NAT>
    <CNOR>36,130000</CNOR>
    <CSUD>36,130000</CSUD>
    <NORD>36,130000</NORD>
    <SARD>36,130000</SARD>
    <SICI>36,130000</SICI>
    <SUD>36,130000</SUD>
    <AUST>36,130000</AUST>
    <BRNN>36,130000</BRNN>
    <COAC>36,130000</COAC>
    <CORS>36,130000</CORS>
    <FOGN>36,130000</FOGN>
    <FRAN>36,130000</FRAN>
    <GREC>36,130000</GREC>
    <MFTV>36,130000</MFTV>
    <PRGP>36,130000</PRGP>
    <ROSN>36,130000</ROSN>
    <SLOV>36,130000</SLOV>
    <SVIZ>36,130000</SVIZ>
    <BSP>36,130000</BSP>
  </Prezzi>
  <Prezzi>
    <Data>20150201</Data>
    <Mercato>MGP</Mercato>
    <Ora>15</Ora>
    <PUN>32,985802</PUN>
    <NAT>32,820000</NAT>
    <CNOR>32,800000</CNOR>
    <CSUD>32,800000</CSUD>
    <NORD>32,800000</NORD>
    <SARD>32,800000</SARD>
    <SICI>35,590000</SICI>
    <SUD>32,800000</SUD>
    <AUST>32,800000</AUST>
    <BRNN>32,800000</BRNN>
    <COAC>32,800000</COAC>
    <CORS>32,800000</CORS>
    <FOGN>32,800000</FOGN>
    <FRAN>32,800000</FRAN>
    <GREC>32,800000</GREC>
    <MFTV>32,800000</MFTV>
    <PRGP>35,590000</PRGP>
    <ROSN>32,800000</ROSN>
    <SLOV>32,800000</SLOV>
    <SVIZ>32,800000</SVIZ>
    <BSP>32,800000</BSP>
  </Prezzi>
  <Prezzi>
    <Data>20150201</Data>
    <Mercato>MGP</Mercato>
    <Ora>16</Ora>
    <PUN>35,508166</PUN>
    <NAT>35,600000</NAT>
    <CNOR>35,000000</CNOR>
    <CSUD>35,000000</CSUD>
    <NORD>35,000000</NORD>
    <SARD>35,000000</SARD>
    <SICI>42,600000</SICI>
    <SUD>35,000000</SUD>
    <AUST>35,000000</AUST>
    <BRNN>35,000000</BRNN>
    <COAC>35,000000</COAC>
    <CORS>35,000000</CORS>
    <FOGN>35,000000</FOGN>
    <FRAN>35,000000</FRAN>
    <GREC>35,000000</GREC>
    <MFTV>35,000000</MFTV>
    <PRGP>42,600000</PRGP>
    <ROSN>35,000000</ROSN>
    <SLOV>35,000000</SLOV>
    <SVIZ>35,000000</SVIZ>
    <BSP>35,000000</BSP>
  </Prezzi>
  <Prezzi>
    <Data>20150201</Data>
    <Mercato>MGP</Mercato>
    <Ora>17</Ora>
    <PUN>40,391615</PUN>
    <NAT>39,060000</NAT>
    <CNOR>38,610000</CNOR>
    <CSUD>38,610000</CSUD>
    <NORD>38,610000</NORD>
    <SARD>38,610000</SARD>
    <SICI>65,300000</SICI>
    <SUD>38,610000</SUD>
    <AUST>38,610000</AUST>
    <BRNN>38,610000</BRNN>
    <COAC>38,610000</COAC>
    <CORS>38,610000</CORS>
    <FOGN>38,610000</FOGN>
    <FRAN>38,610000</FRAN>
    <GREC>38,610000</GREC>
    <MFTV>38,610000</MFTV>
    <PRGP>65,300000</PRGP>
    <ROSN>38,610000</ROSN>
    <SLOV>38,610000</SLOV>
    <SVIZ>38,610000</SVIZ>
    <BSP>38,610000</BSP>
  </Prezzi>
  <Prezzi>
    <Data>20150201</Data>
    <Mercato>MGP</Mercato>
    <Ora>18</Ora>
    <PUN>50,961610</PUN>
    <NAT>51,010000</NAT>
    <CNOR>49,850000</CNOR>
    <CSUD>49,850000</CSUD>
    <NORD>49,850000</NORD>
    <SARD>49,850000</SARD>
    <SICI>65,480000</SICI>
    <SUD>49,850000</SUD>
    <AUST>49,850000</AUST>
    <BRNN>49,850000</BRNN>
    <COAC>49,850000</COAC>
    <CORS>49,850000</CORS>
    <FOGN>49,850000</FOGN>
    <FRAN>49,850000</FRAN>
    <GREC>49,850000</GREC>
    <MFTV>49,850000</MFTV>
    <PRGP>65,480000</PRGP>
    <ROSN>49,850000</ROSN>
    <SLOV>49,850000</SLOV>
    <SVIZ>49,850000</SVIZ>
    <BSP>49,850000</BSP>
  </Prezzi>
  <Prezzi>
    <Data>20150201</Data>
    <Mercato>MGP</Mercato>
    <Ora>19</Ora>
    <PUN>57,844835</PUN>
    <NAT>59,980000</NAT>
    <CNOR>57,280000</CNOR>
    <CSUD>57,280000</CSUD>
    <NORD>57,280000</NORD>
    <SARD>57,280000</SARD>
    <SICI>65,480000</SICI>
    <SUD>57,280000</SUD>
    <AUST>57,280000</AUST>
    <BRNN>57,280000</BRNN>
    <COAC>57,280000</COAC>
    <CORS>57,280000</CORS>
    <FOGN>57,280000</FOGN>
    <FRAN>57,280000</FRAN>
    <GREC>57,280000</GREC>
    <MFTV>57,280000</MFTV>
    <PRGP>65,480000</PRGP>
    <ROSN>57,280000</ROSN>
    <SLOV>57,280000</SLOV>
    <SVIZ>57,280000</SVIZ>
    <BSP>57,280000</BSP>
  </Prezzi>
  <Prezzi>
    <Data>20150201</Data>
    <Mercato>MGP</Mercato>
    <Ora>20</Ora>
    <PUN>59,132142</PUN>
    <NAT>60,010000</NAT>
    <CNOR>58,500000</CNOR>
    <CSUD>58,500000</CSUD>
    <NORD>58,500000</NORD>
    <SARD>58,500000</SARD>
    <SICI>67,360000</SICI>
    <SUD>58,500000</SUD>
    <AUST>58,500000</AUST>
    <BRNN>58,500000</BRNN>
    <COAC>58,500000</COAC>
    <CORS>58,500000</CORS>
    <FOGN>58,500000</FOGN>
    <FRAN>58,500000</FRAN>
    <GREC>58,500000</GREC>
    <MFTV>58,500000</MFTV>
    <PRGP>67,360000</PRGP>
    <ROSN>58,500000</ROSN>
    <SLOV>58,500000</SLOV>
    <SVIZ>58,500000</SVIZ>
    <BSP>58,500000</BSP>
  </Prezzi>
  <Prezzi>
    <Data>20150201</Data>
    <Mercato>MGP</Mercato>
    <Ora>21</Ora>
    <PUN>56,187538</PUN>
    <NAT>56,940000</NAT>
    <CNOR>55,450000</CNOR>
    <CSUD>55,450000</CSUD>
    <NORD>55,450000</NORD>
    <SARD>55,450000</SARD>
    <SICI>65,480000</SICI>
    <SUD>55,450000</SUD>
    <AUST>55,450000</AUST>
    <BRNN>55,450000</BRNN>
    <COAC>55,450000</COAC>
    <CORS>55,450000</CORS>
    <FOGN>55,450000</FOGN>
    <FRAN>55,450000</FRAN>
    <GREC>55,450000</GREC>
    <MFTV>55,450000</MFTV>
    <PRGP>65,480000</PRGP>
    <ROSN>55,450000</ROSN>
    <SLOV>55,450000</SLOV>
    <SVIZ>55,450000</SVIZ>
    <BSP>55,450000</BSP>
  </Prezzi>
  <Prezzi>
    <Data>20150201</Data>
    <Mercato>MGP</Mercato>
    <Ora>22</Ora>
    <PUN>52,365352</PUN>
    <NAT>52,390000</NAT>
    <CNOR>51,320000</CNOR>
    <CSUD>51,320000</CSUD>
    <NORD>51,320000</NORD>
    <SARD>51,320000</SARD>
    <SICI>65,480000</SICI>
    <SUD>51,320000</SUD>
    <AUST>51,320000</AUST>
    <BRNN>51,320000</BRNN>
    <COAC>51,320000</COAC>
    <CORS>51,320000</CORS>
    <FOGN>51,320000</FOGN>
    <FRAN>51,320000</FRAN>
    <GREC>51,320000</GREC>
    <MFTV>51,320000</MFTV>
    <PRGP>65,480000</PRGP>
    <ROSN>51,320000</ROSN>
    <SLOV>51,320000</SLOV>
    <SVIZ>51,320000</SVIZ>
    <BSP>49,930000</BSP>
  </Prezzi>
  <Prezzi>
    <Data>20150201</Data>
    <Mercato>MGP</Mercato>
    <Ora>23</Ora>
    <PUN>47,105044</PUN>
    <NAT>47,600000</NAT>
    <CNOR>45,730000</CNOR>
    <CSUD>45,730000</CSUD>
    <NORD>45,730000</NORD>
    <SARD>45,730000</SARD>
    <SICI>65,300000</SICI>
    <SUD>45,730000</SUD>
    <AUST>45,730000</AUST>
    <BRNN>45,730000</BRNN>
    <COAC>45,730000</COAC>
    <CORS>45,730000</CORS>
    <FOGN>45,730000</FOGN>
    <FRAN>45,730000</FRAN>
    <GREC>45,730000</GREC>
    <MFTV>45,730000</MFTV>
    <PRGP>65,300000</PRGP>
    <ROSN>45,730000</ROSN>
    <SLOV>45,730000</SLOV>
    <SVIZ>45,730000</SVIZ>
    <BSP>39,000000</BSP>
  </Prezzi>
  <Prezzi>
    <Data>20150201</Data>
    <Mercato>MGP</Mercato>
    <Ora>24</Ora>
    <PUN>43,292823</PUN>
    <NAT>41,180000</NAT>
    <CNOR>41,600000</CNOR>
    <CSUD>41,600000</CSUD>
    <NORD>41,600000</NORD>
    <SARD>41,600000</SARD>
    <SICI>65,300000</SICI>
    <SUD>41,600000</SUD>
    <AUST>41,600000</AUST>
    <BRNN>41,600000</BRNN>
    <COAC>41,600000</COAC>
    <CORS>41,600000</CORS>
    <FOGN>41,600000</FOGN>
    <FRAN>41,600000</FRAN>
    <GREC>41,600000</GREC>
    <MFTV>41,600000</MFTV>
    <PRGP>65,300000</PRGP>
    <ROSN>41,600000</ROSN>
    <SLOV>41,600000</SLOV>
    <SVIZ>41,600000</SVIZ>
    <BSP>29,340000</BSP>
  </Prezzi>
</NewDataSet>