<?xml version="1.0" standalone="yes"?>
<NewDataSet>
  <xs:schema id="NewDataSet" xmlns="" xmlns:xs="http://www.w3.org/2001/XMLSchema" xmlns:msdata="urn:schemas-microsoft-com:xml-msdata">
    <xs:element name="NewDataSet" msdata:IsDataSet="true" msdata:UseCurrentLocale="true">
      <xs:complexType>
        <xs:choice minOccurs="0" maxOccurs="unbounded">
          <xs:element name="Prezzi">
            <xs:complexType>
              <xs:sequence>
                <xs:element name="Data" type="xs:string" minOccurs="0" />
                <xs:element name="Mercato" type="xs:string" minOccurs="0" />
                <xs:element name="Ora" type="xs:string" minOccurs="0" />
                <xs:element name="PUN" type="xs:string" minOccurs="0" />
                <xs:element name="NAT" type="xs:string" minOccurs="0" />
                <xs:element name="CNOR" type="xs:string" minOccurs="0" />
                <xs:element name="CSUD" type="xs:string" minOccurs="0" />
                <xs:element name="NORD" type="xs:string" minOccurs="0" />
                <xs:element name="SARD" type="xs:string" minOccurs="0" />
                <xs:element name="SICI" type="xs:string" minOccurs="0" />
                <xs:element name="SUD" type="xs:string" minOccurs="0" />
                <xs:element name="AUST" type="xs:string" minOccurs="0" />
                <xs:element name="BRNN" type="xs:string" minOccurs="0" />
                <xs:element name="COAC" type="xs:string" minOccurs="0" />
                <xs:element name="CORS" type="xs:string" minOccurs="0" />
                <xs:element name="FOGN" type="xs:string" minOccurs="0" />
                <xs:element name="FRAN" type="xs:string" minOccurs="0" />
                <xs:element name="GREC" type="xs:string" minOccurs="0" />
                <xs:element name="MFTV" type="xs:string" minOccurs="0" />
                <xs:element name="PRGP" type="xs:string" minOccurs="0" />
                <xs:element name="ROSN" type="xs:string" minOccurs="0" />
                <xs:element name="SLOV" type="xs:string" minOccurs="0" />
                <xs:element name="SVIZ" type="xs:string" minOccurs="0" />
                <xs:element name="BSP" type="xs:string" minOccurs="0" />
              </xs:sequence>
            </xs:complexType>
          </xs:element>
        </xs:choice>
      </xs:complexType>
    </xs:element>
  </xs:schema>
  <Prezzi>
    <Data>20150205</Data>
    <Mercato>MGP</Mercato>
    <Ora>1</Ora>
    <PUN>45,920000</PUN>
    <NAT>45,920000</NAT>
    <CNOR>45,920000</CNOR>
    <CSUD>45,920000</CSUD>
    <NORD>45,920000</NORD>
    <SARD>45,920000</SARD>
    <SICI>45,920000</SICI>
    <SUD>45,920000</SUD>
    <AUST>45,920000</AUST>
    <BRNN>45,920000</BRNN>
    <COAC>45,920000</COAC>
    <CORS>45,920000</CORS>
    <FOGN>45,920000</FOGN>
    <FRAN>45,920000</FRAN>
    <GREC>45,920000</GREC>
    <MFTV>45,920000</MFTV>
    <PRGP>45,920000</PRGP>
    <ROSN>45,920000</ROSN>
    <SLOV>45,920000</SLOV>
    <SVIZ>45,920000</SVIZ>
    <BSP>45,920000</BSP>
  </Prezzi>
  <Prezzi>
    <Data>20150205</Data>
    <Mercato>MGP</Mercato>
    <Ora>2</Ora>
    <PUN>43,500000</PUN>
    <NAT>43,500000</NAT>
    <CNOR>43,500000</CNOR>
    <CSUD>43,500000</CSUD>
    <NORD>43,500000</NORD>
    <SARD>43,500000</SARD>
    <SICI>43,500000</SICI>
    <SUD>43,500000</SUD>
    <AUST>43,500000</AUST>
    <BRNN>43,500000</BRNN>
    <COAC>43,500000</COAC>
    <CORS>43,500000</CORS>
    <FOGN>43,500000</FOGN>
    <FRAN>43,500000</FRAN>
    <GREC>43,500000</GREC>
    <MFTV>43,500000</MFTV>
    <PRGP>43,500000</PRGP>
    <ROSN>43,500000</ROSN>
    <SLOV>43,500000</SLOV>
    <SVIZ>43,500000</SVIZ>
    <BSP>43,500000</BSP>
  </Prezzi>
  <Prezzi>
    <Data>20150205</Data>
    <Mercato>MGP</Mercato>
    <Ora>3</Ora>
    <PUN>44,940000</PUN>
    <NAT>44,940000</NAT>
    <CNOR>44,940000</CNOR>
    <CSUD>44,940000</CSUD>
    <NORD>44,940000</NORD>
    <SARD>44,940000</SARD>
    <SICI>44,940000</SICI>
    <SUD>44,940000</SUD>
    <AUST>44,940000</AUST>
    <BRNN>44,940000</BRNN>
    <COAC>44,940000</COAC>
    <CORS>44,940000</CORS>
    <FOGN>44,940000</FOGN>
    <FRAN>44,940000</FRAN>
    <GREC>44,940000</GREC>
    <MFTV>44,940000</MFTV>
    <PRGP>44,940000</PRGP>
    <ROSN>44,940000</ROSN>
    <SLOV>44,940000</SLOV>
    <SVIZ>44,940000</SVIZ>
    <BSP>44,940000</BSP>
  </Prezzi>
  <Prezzi>
    <Data>20150205</Data>
    <Mercato>MGP</Mercato>
    <Ora>4</Ora>
    <PUN>41,500000</PUN>
    <NAT>41,500000</NAT>
    <CNOR>41,500000</CNOR>
    <CSUD>41,500000</CSUD>
    <NORD>41,500000</NORD>
    <SARD>41,500000</SARD>
    <SICI>41,500000</SICI>
    <SUD>41,500000</SUD>
    <AUST>41,500000</AUST>
    <BRNN>41,500000</BRNN>
    <COAC>41,500000</COAC>
    <CORS>41,500000</CORS>
    <FOGN>41,500000</FOGN>
    <FRAN>41,500000</FRAN>
    <GREC>41,500000</GREC>
    <MFTV>41,500000</MFTV>
    <PRGP>41,500000</PRGP>
    <ROSN>41,500000</ROSN>
    <SLOV>41,500000</SLOV>
    <SVIZ>41,500000</SVIZ>
    <BSP>41,500000</BSP>
  </Prezzi>
  <Prezzi>
    <Data>20150205</Data>
    <Mercato>MGP</Mercato>
    <Ora>5</Ora>
    <PUN>39,577640</PUN>
    <NAT>40,000000</NAT>
    <CNOR>41,000000</CNOR>
    <CSUD>36,610000</CSUD>
    <NORD>41,000000</NORD>
    <SARD>36,610000</SARD>
    <SICI>36,610000</SICI>
    <SUD>36,610000</SUD>
    <AUST>41,000000</AUST>
    <BRNN>36,610000</BRNN>
    <COAC>36,610000</COAC>
    <CORS>36,610000</CORS>
    <FOGN>36,610000</FOGN>
    <FRAN>41,000000</FRAN>
    <GREC>36,610000</GREC>
    <MFTV>41,000000</MFTV>
    <PRGP>36,610000</PRGP>
    <ROSN>36,610000</ROSN>
    <SLOV>41,000000</SLOV>
    <SVIZ>41,000000</SVIZ>
    <BSP>41,000000</BSP>
  </Prezzi>
  <Prezzi>
    <Data>20150205</Data>
    <Mercato>MGP</Mercato>
    <Ora>6</Ora>
    <PUN>43,500000</PUN>
    <NAT>43,500000</NAT>
    <CNOR>43,500000</CNOR>
    <CSUD>43,500000</CSUD>
    <NORD>43,500000</NORD>
    <SARD>43,500000</SARD>
    <SICI>43,500000</SICI>
    <SUD>43,500000</SUD>
    <AUST>43,500000</AUST>
    <BRNN>43,500000</BRNN>
    <COAC>43,500000</COAC>
    <CORS>43,500000</CORS>
    <FOGN>43,500000</FOGN>
    <FRAN>43,500000</FRAN>
    <GREC>43,500000</GREC>
    <MFTV>43,500000</MFTV>
    <PRGP>43,500000</PRGP>
    <ROSN>43,500000</ROSN>
    <SLOV>43,500000</SLOV>
    <SVIZ>43,500000</SVIZ>
    <BSP>43,500000</BSP>
  </Prezzi>
  <Prezzi>
    <Data>20150205</Data>
    <Mercato>MGP</Mercato>
    <Ora>7</Ora>
    <PUN>53,260450</PUN>
    <NAT>52,750000</NAT>
    <CNOR>52,570000</CNOR>
    <CSUD>52,570000</CSUD>
    <NORD>52,570000</NORD>
    <SARD>52,570000</SARD>
    <SICI>65,380000</SICI>
    <SUD>52,570000</SUD>
    <AUST>52,570000</AUST>
    <BRNN>52,570000</BRNN>
    <COAC>52,570000</COAC>
    <CORS>52,570000</CORS>
    <FOGN>52,570000</FOGN>
    <FRAN>52,570000</FRAN>
    <GREC>52,570000</GREC>
    <MFTV>52,570000</MFTV>
    <PRGP>65,380000</PRGP>
    <ROSN>52,570000</ROSN>
    <SLOV>52,570000</SLOV>
    <SVIZ>52,570000</SVIZ>
    <BSP>52,570000</BSP>
  </Prezzi>
  <Prezzi>
    <Data>20150205</Data>
    <Mercato>MGP</Mercato>
    <Ora>8</Ora>
    <PUN>60,339110</PUN>
    <NAT>60,360000</NAT>
    <CNOR>60,360000</CNOR>
    <CSUD>60,360000</CSUD>
    <NORD>60,360000</NORD>
    <SARD>60,360000</SARD>
    <SICI>65,570000</SICI>
    <SUD>57,110000</SUD>
    <AUST>60,360000</AUST>
    <BRNN>57,110000</BRNN>
    <COAC>60,360000</COAC>
    <CORS>60,360000</CORS>
    <FOGN>57,110000</FOGN>
    <FRAN>60,360000</FRAN>
    <GREC>57,110000</GREC>
    <MFTV>60,360000</MFTV>
    <PRGP>65,570000</PRGP>
    <ROSN>57,110000</ROSN>
    <SLOV>60,360000</SLOV>
    <SVIZ>60,360000</SVIZ>
    <BSP>60,360000</BSP>
  </Prezzi>
  <Prezzi>
    <Data>20150205</Data>
    <Mercato>MGP</Mercato>
    <Ora>9</Ora>
    <PUN>67,623480</PUN>
    <NAT>67,000000</NAT>
    <CNOR>69,210000</CNOR>
    <CSUD>69,210000</CSUD>
    <NORD>69,210000</NORD>
    <SARD>69,210000</SARD>
    <SICI>65,570000</SICI>
    <SUD>53,400000</SUD>
    <AUST>69,210000</AUST>
    <BRNN>53,400000</BRNN>
    <COAC>69,210000</COAC>
    <CORS>69,210000</CORS>
    <FOGN>53,400000</FOGN>
    <FRAN>69,210000</FRAN>
    <GREC>53,400000</GREC>
    <MFTV>69,210000</MFTV>
    <PRGP>65,570000</PRGP>
    <ROSN>53,400000</ROSN>
    <SLOV>69,210000</SLOV>
    <SVIZ>69,210000</SVIZ>
    <BSP>69,210000</BSP>
  </Prezzi>
  <Prezzi>
    <Data>20150205</Data>
    <Mercato>MGP</Mercato>
    <Ora>10</Ora>
    <PUN>67,900000</PUN>
    <NAT>67,000000</NAT>
    <CNOR>69,571720</CNOR>
    <CSUD>69,571720</CSUD>
    <NORD>69,571720</NORD>
    <SARD>69,571720</SARD>
    <SICI>65,380000</SICI>
    <SUD>52,730000</SUD>
    <AUST>69,571720</AUST>
    <BRNN>52,730000</BRNN>
    <COAC>69,571720</COAC>
    <CORS>69,571720</CORS>
    <FOGN>52,730000</FOGN>
    <FRAN>69,571720</FRAN>
    <GREC>52,730000</GREC>
    <MFTV>69,571720</MFTV>
    <PRGP>65,380000</PRGP>
    <ROSN>52,730000</ROSN>
    <SLOV>69,571720</SLOV>
    <SVIZ>69,571720</SVIZ>
    <BSP>69,571720</BSP>
  </Prezzi>
  <Prezzi>
    <Data>20150205</Data>
    <Mercato>MGP</Mercato>
    <Ora>11</Ora>
    <PUN>71,240620</PUN>
    <NAT>65,990000</NAT>
    <CNOR>74,160000</CNOR>
    <CSUD>74,160000</CSUD>
    <NORD>74,160000</NORD>
    <SARD>74,160000</SARD>
    <SICI>59,990000</SICI>
    <SUD>47,650000</SUD>
    <AUST>74,160000</AUST>
    <BRNN>47,650000</BRNN>
    <COAC>74,160000</COAC>
    <CORS>74,160000</CORS>
    <FOGN>47,650000</FOGN>
    <FRAN>74,160000</FRAN>
    <GREC>47,650000</GREC>
    <MFTV>74,160000</MFTV>
    <PRGP>59,990000</PRGP>
    <ROSN>47,650000</ROSN>
    <SLOV>74,160000</SLOV>
    <SVIZ>74,160000</SVIZ>
    <BSP>74,160000</BSP>
  </Prezzi>
  <Prezzi>
    <Data>20150205</Data>
    <Mercato>MGP</Mercato>
    <Ora>12</Ora>
    <PUN>66,647450</PUN>
    <NAT>65,350000</NAT>
    <CNOR>70,000000</CNOR>
    <CSUD>70,000000</CSUD>
    <NORD>70,000000</NORD>
    <SARD>70,000000</SARD>
    <SICI>45,000000</SICI>
    <SUD>45,000000</SUD>
    <AUST>70,000000</AUST>
    <BRNN>45,000000</BRNN>
    <COAC>70,000000</COAC>
    <CORS>70,000000</CORS>
    <FOGN>45,000000</FOGN>
    <FRAN>70,000000</FRAN>
    <GREC>45,000000</GREC>
    <MFTV>70,000000</MFTV>
    <PRGP>45,000000</PRGP>
    <ROSN>45,000000</ROSN>
    <SLOV>70,000000</SLOV>
    <SVIZ>70,000000</SVIZ>
    <BSP>70,000000</BSP>
  </Prezzi>
  <Prezzi>
    <Data>20150205</Data>
    <Mercato>MGP</Mercato>
    <Ora>13</Ora>
    <PUN>60,027910</PUN>
    <NAT>59,980000</NAT>
    <CNOR>62,500000</CNOR>
    <CSUD>62,500000</CSUD>
    <NORD>62,500000</NORD>
    <SARD>62,500000</SARD>
    <SICI>44,950000</SICI>
    <SUD>44,950000</SUD>
    <AUST>62,500000</AUST>
    <BRNN>44,950000</BRNN>
    <COAC>62,500000</COAC>
    <CORS>62,500000</CORS>
    <FOGN>44,950000</FOGN>
    <FRAN>62,500000</FRAN>
    <GREC>44,950000</GREC>
    <MFTV>62,500000</MFTV>
    <PRGP>44,950000</PRGP>
    <ROSN>44,950000</ROSN>
    <SLOV>62,500000</SLOV>
    <SVIZ>62,500000</SVIZ>
    <BSP>62,500000</BSP>
  </Prezzi>
  <Prezzi>
    <Data>20150205</Data>
    <Mercato>MGP</Mercato>
    <Ora>14</Ora>
    <PUN>55,756990</PUN>
    <NAT>55,000000</NAT>
    <CNOR>58,000000</CNOR>
    <CSUD>58,000000</CSUD>
    <NORD>58,000000</NORD>
    <SARD>58,000000</SARD>
    <SICI>42,000000</SICI>
    <SUD>42,000000</SUD>
    <AUST>58,000000</AUST>
    <BRNN>42,000000</BRNN>
    <COAC>58,000000</COAC>
    <CORS>58,000000</CORS>
    <FOGN>42,000000</FOGN>
    <FRAN>58,000000</FRAN>
    <GREC>42,000000</GREC>
    <MFTV>58,000000</MFTV>
    <PRGP>42,000000</PRGP>
    <ROSN>42,000000</ROSN>
    <SLOV>58,000000</SLOV>
    <SVIZ>58,000000</SVIZ>
    <BSP>58,000000</BSP>
  </Prezzi>
  <Prezzi>
    <Data>20150205</Data>
    <Mercato>MGP</Mercato>
    <Ora>15</Ora>
    <PUN>56,877260</PUN>
    <NAT>56,070000</NAT>
    <CNOR>58,500000</CNOR>
    <CSUD>58,500000</CSUD>
    <NORD>58,500000</NORD>
    <SARD>58,500000</SARD>
    <SICI>46,540000</SICI>
    <SUD>46,540000</SUD>
    <AUST>58,500000</AUST>
    <BRNN>46,540000</BRNN>
    <COAC>58,500000</COAC>
    <CORS>58,500000</CORS>
    <FOGN>46,540000</FOGN>
    <FRAN>58,500000</FRAN>
    <GREC>46,540000</GREC>
    <MFTV>58,500000</MFTV>
    <PRGP>46,540000</PRGP>
    <ROSN>46,540000</ROSN>
    <SLOV>58,500000</SLOV>
    <SVIZ>58,500000</SVIZ>
    <BSP>58,500000</BSP>
  </Prezzi>
  <Prezzi>
    <Data>20150205</Data>
    <Mercato>MGP</Mercato>
    <Ora>16</Ora>
    <PUN>56,316890</PUN>
    <NAT>55,960000</NAT>
    <CNOR>57,500000</CNOR>
    <CSUD>57,500000</CSUD>
    <NORD>57,500000</NORD>
    <SARD>57,500000</SARD>
    <SICI>49,990000</SICI>
    <SUD>48,000000</SUD>
    <AUST>57,500000</AUST>
    <BRNN>48,000000</BRNN>
    <COAC>57,500000</COAC>
    <CORS>57,500000</CORS>
    <FOGN>48,000000</FOGN>
    <FRAN>57,500000</FRAN>
    <GREC>48,000000</GREC>
    <MFTV>57,500000</MFTV>
    <PRGP>49,990000</PRGP>
    <ROSN>48,000000</ROSN>
    <SLOV>57,500000</SLOV>
    <SVIZ>57,500000</SVIZ>
    <BSP>57,500000</BSP>
  </Prezzi>
  <Prezzi>
    <Data>20150205</Data>
    <Mercato>MGP</Mercato>
    <Ora>17</Ora>
    <PUN>56,469250</PUN>
    <NAT>56,270000</NAT>
    <CNOR>56,000000</CNOR>
    <CSUD>56,000000</CSUD>
    <NORD>56,000000</NORD>
    <SARD>56,000000</SARD>
    <SICI>65,380000</SICI>
    <SUD>56,000000</SUD>
    <AUST>56,000000</AUST>
    <BRNN>56,000000</BRNN>
    <COAC>56,000000</COAC>
    <CORS>56,000000</CORS>
    <FOGN>56,000000</FOGN>
    <FRAN>56,000000</FRAN>
    <GREC>56,000000</GREC>
    <MFTV>56,000000</MFTV>
    <PRGP>65,380000</PRGP>
    <ROSN>56,000000</ROSN>
    <SLOV>56,000000</SLOV>
    <SVIZ>56,000000</SVIZ>
    <BSP>56,000000</BSP>
  </Prezzi>
  <Prezzi>
    <Data>20150205</Data>
    <Mercato>MGP</Mercato>
    <Ora>18</Ora>
    <PUN>62,926240</PUN>
    <NAT>62,990000</NAT>
    <CNOR>62,650000</CNOR>
    <CSUD>62,650000</CSUD>
    <NORD>62,650000</NORD>
    <SARD>62,650000</SARD>
    <SICI>67,450000</SICI>
    <SUD>62,650000</SUD>
    <AUST>62,650000</AUST>
    <BRNN>62,650000</BRNN>
    <COAC>62,650000</COAC>
    <CORS>62,650000</CORS>
    <FOGN>62,650000</FOGN>
    <FRAN>62,650000</FRAN>
    <GREC>62,650000</GREC>
    <MFTV>62,650000</MFTV>
    <PRGP>67,450000</PRGP>
    <ROSN>59,360000</ROSN>
    <SLOV>62,650000</SLOV>
    <SVIZ>62,650000</SVIZ>
    <BSP>62,650000</BSP>
  </Prezzi>
  <Prezzi>
    <Data>20150205</Data>
    <Mercato>MGP</Mercato>
    <Ora>19</Ora>
    <PUN>74,424150</PUN>
    <NAT>74,660000</NAT>
    <CNOR>75,000000</CNOR>
    <CSUD>75,000000</CSUD>
    <NORD>75,000000</NORD>
    <SARD>75,000000</SARD>
    <SICI>67,450000</SICI>
    <SUD>74,000000</SUD>
    <AUST>75,000000</AUST>
    <BRNN>74,000000</BRNN>
    <COAC>75,000000</COAC>
    <CORS>75,000000</CORS>
    <FOGN>74,000000</FOGN>
    <FRAN>75,000000</FRAN>
    <GREC>74,000000</GREC>
    <MFTV>75,000000</MFTV>
    <PRGP>67,450000</PRGP>
    <ROSN>60,830000</ROSN>
    <SLOV>75,000000</SLOV>
    <SVIZ>75,000000</SVIZ>
    <BSP>75,000000</BSP>
  </Prezzi>
  <Prezzi>
    <Data>20150205</Data>
    <Mercato>MGP</Mercato>
    <Ora>20</Ora>
    <PUN>65,747830</PUN>
    <NAT>65,730000</NAT>
    <CNOR>65,630000</CNOR>
    <CSUD>65,630000</CSUD>
    <NORD>65,630000</NORD>
    <SARD>65,630000</SARD>
    <SICI>67,450000</SICI>
    <SUD>65,630000</SUD>
    <AUST>65,630000</AUST>
    <BRNN>65,630000</BRNN>
    <COAC>65,630000</COAC>
    <CORS>65,630000</CORS>
    <FOGN>65,630000</FOGN>
    <FRAN>65,630000</FRAN>
    <GREC>65,630000</GREC>
    <MFTV>65,630000</MFTV>
    <PRGP>67,450000</PRGP>
    <ROSN>59,120000</ROSN>
    <SLOV>65,630000</SLOV>
    <SVIZ>65,630000</SVIZ>
    <BSP>65,630000</BSP>
  </Prezzi>
  <Prezzi>
    <Data>20150205</Data>
    <Mercato>MGP</Mercato>
    <Ora>21</Ora>
    <PUN>59,614650</PUN>
    <NAT>59,630000</NAT>
    <CNOR>59,050000</CNOR>
    <CSUD>59,050000</CSUD>
    <NORD>59,050000</NORD>
    <SARD>59,050000</SARD>
    <SICI>67,450000</SICI>
    <SUD>59,050000</SUD>
    <AUST>59,050000</AUST>
    <BRNN>59,050000</BRNN>
    <COAC>59,050000</COAC>
    <CORS>59,050000</CORS>
    <FOGN>59,050000</FOGN>
    <FRAN>59,050000</FRAN>
    <GREC>59,050000</GREC>
    <MFTV>59,050000</MFTV>
    <PRGP>67,450000</PRGP>
    <ROSN>57,480000</ROSN>
    <SLOV>59,050000</SLOV>
    <SVIZ>59,050000</SVIZ>
    <BSP>59,050000</BSP>
  </Prezzi>
  <Prezzi>
    <Data>20150205</Data>
    <Mercato>MGP</Mercato>
    <Ora>22</Ora>
    <PUN>56,795720</PUN>
    <NAT>56,850000</NAT>
    <CNOR>56,170000</CNOR>
    <CSUD>56,170000</CSUD>
    <NORD>56,170000</NORD>
    <SARD>56,170000</SARD>
    <SICI>65,570000</SICI>
    <SUD>56,170000</SUD>
    <AUST>56,170000</AUST>
    <BRNN>56,170000</BRNN>
    <COAC>56,170000</COAC>
    <CORS>56,170000</CORS>
    <FOGN>56,170000</FOGN>
    <FRAN>56,170000</FRAN>
    <GREC>56,170000</GREC>
    <MFTV>56,170000</MFTV>
    <PRGP>65,570000</PRGP>
    <ROSN>56,170000</ROSN>
    <SLOV>56,170000</SLOV>
    <SVIZ>56,170000</SVIZ>
    <BSP>56,170000</BSP>
  </Prezzi>
  <Prezzi>
    <Data>20150205</Data>
    <Mercato>MGP</Mercato>
    <Ora>23</Ora>
    <PUN>54,457990</PUN>
    <NAT>54,240000</NAT>
    <CNOR>53,700000</CNOR>
    <CSUD>53,700000</CSUD>
    <NORD>53,700000</NORD>
    <SARD>53,700000</SARD>
    <SICI>65,380000</SICI>
    <SUD>53,700000</SUD>
    <AUST>53,700000</AUST>
    <BRNN>53,700000</BRNN>
    <COAC>53,700000</COAC>
    <CORS>53,700000</CORS>
    <FOGN>53,700000</FOGN>
    <FRAN>53,700000</FRAN>
    <GREC>53,700000</GREC>
    <MFTV>53,700000</MFTV>
    <PRGP>65,380000</PRGP>
    <ROSN>53,700000</ROSN>
    <SLOV>53,700000</SLOV>
    <SVIZ>53,700000</SVIZ>
    <BSP>53,700000</BSP>
  </Prezzi>
  <Prezzi>
    <Data>20150205</Data>
    <Mercato>MGP</Mercato>
    <Ora>24</Ora>
    <PUN>50,100000</PUN>
    <NAT>50,100000</NAT>
    <CNOR>50,100000</CNOR>
    <CSUD>50,100000</CSUD>
    <NORD>50,100000</NORD>
    <SARD>50,100000</SARD>
    <SICI>50,100000</SICI>
    <SUD>50,100000</SUD>
    <AUST>50,100000</AUST>
    <BRNN>50,100000</BRNN>
    <COAC>50,100000</COAC>
    <CORS>50,100000</CORS>
    <FOGN>50,100000</FOGN>
    <FRAN>50,100000</FRAN>
    <GREC>50,100000</GREC>
    <MFTV>50,100000</MFTV>
    <PRGP>50,100000</PRGP>
    <ROSN>50,100000</ROSN>
    <SLOV>50,100000</SLOV>
    <SVIZ>50,100000</SVIZ>
    <BSP>50,100000</BSP>
  </Prezzi>
</NewDataSet>