<?xml version="1.0" standalone="yes"?>
<NewDataSet>
  <xs:schema id="NewDataSet" xmlns="" xmlns:xs="http://www.w3.org/2001/XMLSchema" xmlns:msdata="urn:schemas-microsoft-com:xml-msdata">
    <xs:element name="NewDataSet" msdata:IsDataSet="true" msdata:UseCurrentLocale="true">
      <xs:complexType>
        <xs:choice minOccurs="0" maxOccurs="unbounded">
          <xs:element name="Prezzi">
            <xs:complexType>
              <xs:sequence>
                <xs:element name="Data" type="xs:string" minOccurs="0" />
                <xs:element name="Mercato" type="xs:string" minOccurs="0" />
                <xs:element name="Ora" type="xs:string" minOccurs="0" />
                <xs:element name="PUN" type="xs:string" minOccurs="0" />
                <xs:element name="NAT" type="xs:string" minOccurs="0" />
                <xs:element name="CNOR" type="xs:string" minOccurs="0" />
                <xs:element name="CSUD" type="xs:string" minOccurs="0" />
                <xs:element name="NORD" type="xs:string" minOccurs="0" />
                <xs:element name="SARD" type="xs:string" minOccurs="0" />
                <xs:element name="SICI" type="xs:string" minOccurs="0" />
                <xs:element name="SUD" type="xs:string" minOccurs="0" />
                <xs:element name="AUST" type="xs:string" minOccurs="0" />
                <xs:element name="BRNN" type="xs:string" minOccurs="0" />
                <xs:element name="COAC" type="xs:string" minOccurs="0" />
                <xs:element name="CORS" type="xs:string" minOccurs="0" />
                <xs:element name="FOGN" type="xs:string" minOccurs="0" />
                <xs:element name="FRAN" type="xs:string" minOccurs="0" />
                <xs:element name="GREC" type="xs:string" minOccurs="0" />
                <xs:element name="MFTV" type="xs:string" minOccurs="0" />
                <xs:element name="PRGP" type="xs:string" minOccurs="0" />
                <xs:element name="ROSN" type="xs:string" minOccurs="0" />
                <xs:element name="SLOV" type="xs:string" minOccurs="0" />
                <xs:element name="SVIZ" type="xs:string" minOccurs="0" />
                <xs:element name="BSP" type="xs:string" minOccurs="0" />
                <xs:element name="MALT" type="xs:string" minOccurs="0" />
                <xs:element name="XAUS" type="xs:string" minOccurs="0" />
                <xs:element name="XFRA" type="xs:string" minOccurs="0" />
              </xs:sequence>
            </xs:complexType>
          </xs:element>
        </xs:choice>
      </xs:complexType>
    </xs:element>
  </xs:schema>
  <Prezzi>
    <Data>20150226</Data>
    <Mercato>MGP</Mercato>
    <Ora>1</Ora>
    <PUN>49,900000</PUN>
    <NAT>49,900000</NAT>
    <CNOR>49,900000</CNOR>
    <CSUD>49,900000</CSUD>
    <NORD>49,900000</NORD>
    <SARD>49,900000</SARD>
    <SICI>49,900000</SICI>
    <SUD>49,900000</SUD>
    <AUST>49,900000</AUST>
    <BRNN>49,900000</BRNN>
    <COAC>49,900000</COAC>
    <CORS>49,900000</CORS>
    <FOGN>49,900000</FOGN>
    <FRAN>49,900000</FRAN>
    <GREC>49,900000</GREC>
    <MFTV>49,900000</MFTV>
    <PRGP>49,900000</PRGP>
    <ROSN>49,900000</ROSN>
    <SLOV>49,900000</SLOV>
    <SVIZ>49,900000</SVIZ>
    <BSP>49,900000</BSP>
    <MALT>3000,000000</MALT>
    <XAUS>49,900000</XAUS>
    <XFRA>49,900000</XFRA>
  </Prezzi>
  <Prezzi>
    <Data>20150226</Data>
    <Mercato>MGP</Mercato>
    <Ora>2</Ora>
    <PUN>42,920000</PUN>
    <NAT>42,920000</NAT>
    <CNOR>42,920000</CNOR>
    <CSUD>42,920000</CSUD>
    <NORD>42,920000</NORD>
    <SARD>42,920000</SARD>
    <SICI>42,920000</SICI>
    <SUD>42,920000</SUD>
    <AUST>42,920000</AUST>
    <BRNN>42,920000</BRNN>
    <COAC>42,920000</COAC>
    <CORS>42,920000</CORS>
    <FOGN>42,920000</FOGN>
    <FRAN>42,920000</FRAN>
    <GREC>42,920000</GREC>
    <MFTV>42,920000</MFTV>
    <PRGP>42,920000</PRGP>
    <ROSN>42,920000</ROSN>
    <SLOV>42,920000</SLOV>
    <SVIZ>42,920000</SVIZ>
    <BSP>42,920000</BSP>
    <MALT>3000,000000</MALT>
    <XAUS>42,920000</XAUS>
    <XFRA>42,920000</XFRA>
  </Prezzi>
  <Prezzi>
    <Data>20150226</Data>
    <Mercato>MGP</Mercato>
    <Ora>3</Ora>
    <PUN>41,964490</PUN>
    <NAT>41,964490</NAT>
    <CNOR>41,964490</CNOR>
    <CSUD>41,964490</CSUD>
    <NORD>41,964490</NORD>
    <SARD>41,964490</SARD>
    <SICI>41,964490</SICI>
    <SUD>41,964490</SUD>
    <AUST>41,964490</AUST>
    <BRNN>41,964490</BRNN>
    <COAC>41,964490</COAC>
    <CORS>41,964490</CORS>
    <FOGN>41,964490</FOGN>
    <FRAN>41,964490</FRAN>
    <GREC>41,964490</GREC>
    <MFTV>41,964490</MFTV>
    <PRGP>41,964490</PRGP>
    <ROSN>41,964490</ROSN>
    <SLOV>41,964490</SLOV>
    <SVIZ>41,964490</SVIZ>
    <BSP>41,964490</BSP>
    <MALT>3000,000000</MALT>
    <XAUS>41,964490</XAUS>
    <XFRA>41,964490</XFRA>
  </Prezzi>
  <Prezzi>
    <Data>20150226</Data>
    <Mercato>MGP</Mercato>
    <Ora>4</Ora>
    <PUN>39,935610</PUN>
    <NAT>40,210000</NAT>
    <CNOR>40,210000</CNOR>
    <CSUD>40,210000</CSUD>
    <NORD>40,210000</NORD>
    <SARD>40,210000</SARD>
    <SICI>35,670000</SICI>
    <SUD>40,210000</SUD>
    <AUST>40,210000</AUST>
    <BRNN>40,210000</BRNN>
    <COAC>40,210000</COAC>
    <CORS>40,210000</CORS>
    <FOGN>40,210000</FOGN>
    <FRAN>40,210000</FRAN>
    <GREC>40,210000</GREC>
    <MFTV>40,210000</MFTV>
    <PRGP>35,670000</PRGP>
    <ROSN>40,210000</ROSN>
    <SLOV>40,210000</SLOV>
    <SVIZ>40,210000</SVIZ>
    <BSP>40,210000</BSP>
    <MALT>3000,000000</MALT>
    <XAUS>40,210000</XAUS>
    <XFRA>40,210000</XFRA>
  </Prezzi>
  <Prezzi>
    <Data>20150226</Data>
    <Mercato>MGP</Mercato>
    <Ora>5</Ora>
    <PUN>38,980000</PUN>
    <NAT>38,900000</NAT>
    <CNOR>39,587750</CNOR>
    <CSUD>39,587750</CSUD>
    <NORD>39,587750</NORD>
    <SARD>39,587750</SARD>
    <SICI>29,080000</SICI>
    <SUD>39,587750</SUD>
    <AUST>39,587750</AUST>
    <BRNN>39,587750</BRNN>
    <COAC>39,587750</COAC>
    <CORS>39,587750</CORS>
    <FOGN>39,587750</FOGN>
    <FRAN>39,587750</FRAN>
    <GREC>39,587750</GREC>
    <MFTV>39,587750</MFTV>
    <PRGP>29,080000</PRGP>
    <ROSN>39,587750</ROSN>
    <SLOV>39,587750</SLOV>
    <SVIZ>39,587750</SVIZ>
    <BSP>39,587750</BSP>
    <MALT>3000,000000</MALT>
    <XAUS>39,587750</XAUS>
    <XFRA>39,587750</XFRA>
  </Prezzi>
  <Prezzi>
    <Data>20150226</Data>
    <Mercato>MGP</Mercato>
    <Ora>6</Ora>
    <PUN>40,983420</PUN>
    <NAT>41,180000</NAT>
    <CNOR>41,220000</CNOR>
    <CSUD>41,220000</CSUD>
    <NORD>41,220000</NORD>
    <SARD>41,220000</SARD>
    <SICI>36,990000</SICI>
    <SUD>41,220000</SUD>
    <AUST>41,220000</AUST>
    <BRNN>41,220000</BRNN>
    <COAC>41,220000</COAC>
    <CORS>41,220000</CORS>
    <FOGN>41,220000</FOGN>
    <FRAN>41,220000</FRAN>
    <GREC>41,220000</GREC>
    <MFTV>41,220000</MFTV>
    <PRGP>36,990000</PRGP>
    <ROSN>41,220000</ROSN>
    <SLOV>41,220000</SLOV>
    <SVIZ>41,220000</SVIZ>
    <BSP>41,220000</BSP>
    <MALT>3000,000000</MALT>
    <XAUS>41,220000</XAUS>
    <XFRA>41,220000</XFRA>
  </Prezzi>
  <Prezzi>
    <Data>20150226</Data>
    <Mercato>MGP</Mercato>
    <Ora>7</Ora>
    <PUN>55,930000</PUN>
    <NAT>55,930000</NAT>
    <CNOR>55,930000</CNOR>
    <CSUD>55,930000</CSUD>
    <NORD>55,930000</NORD>
    <SARD>55,930000</SARD>
    <SICI>55,930000</SICI>
    <SUD>55,930000</SUD>
    <AUST>55,930000</AUST>
    <BRNN>55,930000</BRNN>
    <COAC>55,930000</COAC>
    <CORS>55,930000</CORS>
    <FOGN>55,930000</FOGN>
    <FRAN>55,930000</FRAN>
    <GREC>55,930000</GREC>
    <MFTV>55,930000</MFTV>
    <PRGP>55,930000</PRGP>
    <ROSN>55,930000</ROSN>
    <SLOV>55,930000</SLOV>
    <SVIZ>55,930000</SVIZ>
    <BSP>55,930000</BSP>
    <MALT>3000,000000</MALT>
    <XAUS>55,930000</XAUS>
    <XFRA>55,930000</XFRA>
  </Prezzi>
  <Prezzi>
    <Data>20150226</Data>
    <Mercato>MGP</Mercato>
    <Ora>8</Ora>
    <PUN>58,222710</PUN>
    <NAT>58,000000</NAT>
    <CNOR>57,850000</CNOR>
    <CSUD>57,850000</CSUD>
    <NORD>57,850000</NORD>
    <SARD>57,850000</SARD>
    <SICI>65,150000</SICI>
    <SUD>57,850000</SUD>
    <AUST>57,850000</AUST>
    <BRNN>57,850000</BRNN>
    <COAC>57,850000</COAC>
    <CORS>57,850000</CORS>
    <FOGN>57,850000</FOGN>
    <FRAN>57,850000</FRAN>
    <GREC>57,850000</GREC>
    <MFTV>57,850000</MFTV>
    <PRGP>65,150000</PRGP>
    <ROSN>57,850000</ROSN>
    <SLOV>57,850000</SLOV>
    <SVIZ>57,850000</SVIZ>
    <BSP>57,850000</BSP>
    <MALT>3000,000000</MALT>
    <XAUS>57,850000</XAUS>
    <XFRA>57,850000</XFRA>
  </Prezzi>
  <Prezzi>
    <Data>20150226</Data>
    <Mercato>MGP</Mercato>
    <Ora>9</Ora>
    <PUN>65,970000</PUN>
    <NAT>65,970000</NAT>
    <CNOR>65,970000</CNOR>
    <CSUD>65,970000</CSUD>
    <NORD>65,970000</NORD>
    <SARD>65,970000</SARD>
    <SICI>65,970000</SICI>
    <SUD>65,970000</SUD>
    <AUST>65,970000</AUST>
    <BRNN>65,970000</BRNN>
    <COAC>65,970000</COAC>
    <CORS>65,970000</CORS>
    <FOGN>65,970000</FOGN>
    <FRAN>65,970000</FRAN>
    <GREC>65,970000</GREC>
    <MFTV>65,970000</MFTV>
    <PRGP>65,970000</PRGP>
    <ROSN>65,970000</ROSN>
    <SLOV>65,970000</SLOV>
    <SVIZ>65,970000</SVIZ>
    <BSP>65,970000</BSP>
    <MALT>3000,000000</MALT>
    <XAUS>65,970000</XAUS>
    <XFRA>65,970000</XFRA>
  </Prezzi>
  <Prezzi>
    <Data>20150226</Data>
    <Mercato>MGP</Mercato>
    <Ora>10</Ora>
    <PUN>60,355130</PUN>
    <NAT>60,500000</NAT>
    <CNOR>60,080000</CNOR>
    <CSUD>60,080000</CSUD>
    <NORD>60,080000</NORD>
    <SARD>60,080000</SARD>
    <SICI>65,390000</SICI>
    <SUD>60,080000</SUD>
    <AUST>60,080000</AUST>
    <BRNN>60,080000</BRNN>
    <COAC>60,080000</COAC>
    <CORS>60,080000</CORS>
    <FOGN>60,080000</FOGN>
    <FRAN>60,080000</FRAN>
    <GREC>60,080000</GREC>
    <MFTV>60,080000</MFTV>
    <PRGP>65,390000</PRGP>
    <ROSN>60,080000</ROSN>
    <SLOV>60,080000</SLOV>
    <SVIZ>60,080000</SVIZ>
    <BSP>60,080000</BSP>
    <MALT>3000,000000</MALT>
    <XAUS>60,080000</XAUS>
    <XFRA>60,080000</XFRA>
  </Prezzi>
  <Prezzi>
    <Data>20150226</Data>
    <Mercato>MGP</Mercato>
    <Ora>11</Ora>
    <PUN>55,753570</PUN>
    <NAT>56,000000</NAT>
    <CNOR>55,380000</CNOR>
    <CSUD>55,380000</CSUD>
    <NORD>56,000000</NORD>
    <SARD>55,380000</SARD>
    <SICI>55,380000</SICI>
    <SUD>55,380000</SUD>
    <AUST>56,000000</AUST>
    <BRNN>55,380000</BRNN>
    <COAC>55,380000</COAC>
    <CORS>55,380000</CORS>
    <FOGN>55,380000</FOGN>
    <FRAN>56,000000</FRAN>
    <GREC>55,380000</GREC>
    <MFTV>56,000000</MFTV>
    <PRGP>55,380000</PRGP>
    <ROSN>55,380000</ROSN>
    <SLOV>56,000000</SLOV>
    <SVIZ>56,000000</SVIZ>
    <BSP>56,000000</BSP>
    <MALT>3000,000000</MALT>
    <XAUS>56,000000</XAUS>
    <XFRA>56,000000</XFRA>
  </Prezzi>
  <Prezzi>
    <Data>20150226</Data>
    <Mercato>MGP</Mercato>
    <Ora>12</Ora>
    <PUN>55,400000</PUN>
    <NAT>55,400000</NAT>
    <CNOR>55,400000</CNOR>
    <CSUD>55,400000</CSUD>
    <NORD>55,400000</NORD>
    <SARD>55,400000</SARD>
    <SICI>55,400000</SICI>
    <SUD>55,400000</SUD>
    <AUST>55,400000</AUST>
    <BRNN>55,400000</BRNN>
    <COAC>55,400000</COAC>
    <CORS>55,400000</CORS>
    <FOGN>55,400000</FOGN>
    <FRAN>55,400000</FRAN>
    <GREC>55,400000</GREC>
    <MFTV>55,400000</MFTV>
    <PRGP>55,400000</PRGP>
    <ROSN>55,400000</ROSN>
    <SLOV>55,400000</SLOV>
    <SVIZ>55,400000</SVIZ>
    <BSP>55,400000</BSP>
    <MALT>3000,000000</MALT>
    <XAUS>55,400000</XAUS>
    <XFRA>55,400000</XFRA>
  </Prezzi>
  <Prezzi>
    <Data>20150226</Data>
    <Mercato>MGP</Mercato>
    <Ora>13</Ora>
    <PUN>53,000000</PUN>
    <NAT>53,000000</NAT>
    <CNOR>53,000000</CNOR>
    <CSUD>53,000000</CSUD>
    <NORD>53,000000</NORD>
    <SARD>53,000000</SARD>
    <SICI>53,000000</SICI>
    <SUD>53,000000</SUD>
    <AUST>53,000000</AUST>
    <BRNN>53,000000</BRNN>
    <COAC>53,000000</COAC>
    <CORS>53,000000</CORS>
    <FOGN>53,000000</FOGN>
    <FRAN>53,000000</FRAN>
    <GREC>53,000000</GREC>
    <MFTV>53,000000</MFTV>
    <PRGP>53,000000</PRGP>
    <ROSN>53,000000</ROSN>
    <SLOV>53,000000</SLOV>
    <SVIZ>53,000000</SVIZ>
    <BSP>53,000000</BSP>
    <MALT>3000,000000</MALT>
    <XAUS>53,000000</XAUS>
    <XFRA>53,000000</XFRA>
  </Prezzi>
  <Prezzi>
    <Data>20150226</Data>
    <Mercato>MGP</Mercato>
    <Ora>14</Ora>
    <PUN>53,200000</PUN>
    <NAT>53,200000</NAT>
    <CNOR>53,200000</CNOR>
    <CSUD>53,200000</CSUD>
    <NORD>53,200000</NORD>
    <SARD>53,200000</SARD>
    <SICI>53,200000</SICI>
    <SUD>53,200000</SUD>
    <AUST>53,200000</AUST>
    <BRNN>53,200000</BRNN>
    <COAC>53,200000</COAC>
    <CORS>53,200000</CORS>
    <FOGN>53,200000</FOGN>
    <FRAN>53,200000</FRAN>
    <GREC>53,200000</GREC>
    <MFTV>53,200000</MFTV>
    <PRGP>53,200000</PRGP>
    <ROSN>53,200000</ROSN>
    <SLOV>53,200000</SLOV>
    <SVIZ>53,200000</SVIZ>
    <BSP>53,200000</BSP>
    <MALT>3000,000000</MALT>
    <XAUS>53,200000</XAUS>
    <XFRA>53,200000</XFRA>
  </Prezzi>
  <Prezzi>
    <Data>20150226</Data>
    <Mercato>MGP</Mercato>
    <Ora>15</Ora>
    <PUN>54,125260</PUN>
    <NAT>53,500000</NAT>
    <CNOR>53,500000</CNOR>
    <CSUD>53,500000</CSUD>
    <NORD>53,500000</NORD>
    <SARD>53,500000</SARD>
    <SICI>65,390000</SICI>
    <SUD>53,500000</SUD>
    <AUST>53,500000</AUST>
    <BRNN>53,500000</BRNN>
    <COAC>53,500000</COAC>
    <CORS>53,500000</CORS>
    <FOGN>53,500000</FOGN>
    <FRAN>53,500000</FRAN>
    <GREC>53,500000</GREC>
    <MFTV>53,500000</MFTV>
    <PRGP>65,390000</PRGP>
    <ROSN>53,500000</ROSN>
    <SLOV>53,500000</SLOV>
    <SVIZ>53,500000</SVIZ>
    <BSP>53,500000</BSP>
    <MALT>3000,000000</MALT>
    <XAUS>53,500000</XAUS>
    <XFRA>53,500000</XFRA>
  </Prezzi>
  <Prezzi>
    <Data>20150226</Data>
    <Mercato>MGP</Mercato>
    <Ora>16</Ora>
    <PUN>58,248090</PUN>
    <NAT>58,170000</NAT>
    <CNOR>57,850000</CNOR>
    <CSUD>57,850000</CSUD>
    <NORD>57,850000</NORD>
    <SARD>57,850000</SARD>
    <SICI>65,390000</SICI>
    <SUD>57,850000</SUD>
    <AUST>57,850000</AUST>
    <BRNN>57,850000</BRNN>
    <COAC>57,850000</COAC>
    <CORS>57,850000</CORS>
    <FOGN>57,850000</FOGN>
    <FRAN>57,850000</FRAN>
    <GREC>57,850000</GREC>
    <MFTV>57,850000</MFTV>
    <PRGP>65,390000</PRGP>
    <ROSN>57,850000</ROSN>
    <SLOV>57,850000</SLOV>
    <SVIZ>57,850000</SVIZ>
    <BSP>57,850000</BSP>
    <MALT>3000,000000</MALT>
    <XAUS>57,850000</XAUS>
    <XFRA>57,850000</XFRA>
  </Prezzi>
  <Prezzi>
    <Data>20150226</Data>
    <Mercato>MGP</Mercato>
    <Ora>17</Ora>
    <PUN>59,774880</PUN>
    <NAT>60,030000</NAT>
    <CNOR>59,450000</CNOR>
    <CSUD>59,450000</CSUD>
    <NORD>59,450000</NORD>
    <SARD>59,450000</SARD>
    <SICI>65,390000</SICI>
    <SUD>59,450000</SUD>
    <AUST>59,450000</AUST>
    <BRNN>59,450000</BRNN>
    <COAC>59,450000</COAC>
    <CORS>59,450000</CORS>
    <FOGN>59,450000</FOGN>
    <FRAN>59,450000</FRAN>
    <GREC>59,450000</GREC>
    <MFTV>59,450000</MFTV>
    <PRGP>65,390000</PRGP>
    <ROSN>59,450000</ROSN>
    <SLOV>59,450000</SLOV>
    <SVIZ>59,450000</SVIZ>
    <BSP>59,450000</BSP>
    <MALT>3000,000000</MALT>
    <XAUS>59,450000</XAUS>
    <XFRA>59,450000</XFRA>
  </Prezzi>
  <Prezzi>
    <Data>20150226</Data>
    <Mercato>MGP</Mercato>
    <Ora>18</Ora>
    <PUN>64,361700</PUN>
    <NAT>64,990000</NAT>
    <CNOR>64,170000</CNOR>
    <CSUD>64,170000</CSUD>
    <NORD>64,170000</NORD>
    <SARD>64,170000</SARD>
    <SICI>67,460000</SICI>
    <SUD>64,170000</SUD>
    <AUST>64,170000</AUST>
    <BRNN>64,170000</BRNN>
    <COAC>64,170000</COAC>
    <CORS>64,170000</CORS>
    <FOGN>64,170000</FOGN>
    <FRAN>64,170000</FRAN>
    <GREC>64,170000</GREC>
    <MFTV>64,170000</MFTV>
    <PRGP>67,460000</PRGP>
    <ROSN>64,170000</ROSN>
    <SLOV>64,170000</SLOV>
    <SVIZ>64,170000</SVIZ>
    <BSP>64,170000</BSP>
    <MALT>3000,000000</MALT>
    <XAUS>64,170000</XAUS>
    <XFRA>64,170000</XFRA>
  </Prezzi>
  <Prezzi>
    <Data>20150226</Data>
    <Mercato>MGP</Mercato>
    <Ora>19</Ora>
    <PUN>75,931020</PUN>
    <NAT>72,850000</NAT>
    <CNOR>79,950000</CNOR>
    <CSUD>79,950000</CSUD>
    <NORD>70,300000</NORD>
    <SARD>79,950000</SARD>
    <SICI>93,600000</SICI>
    <SUD>79,950000</SUD>
    <AUST>70,300000</AUST>
    <BRNN>79,950000</BRNN>
    <COAC>79,950000</COAC>
    <CORS>79,950000</CORS>
    <FOGN>79,950000</FOGN>
    <FRAN>70,300000</FRAN>
    <GREC>79,950000</GREC>
    <MFTV>70,300000</MFTV>
    <PRGP>93,600000</PRGP>
    <ROSN>79,950000</ROSN>
    <SLOV>70,300000</SLOV>
    <SVIZ>70,300000</SVIZ>
    <BSP>70,300000</BSP>
    <MALT>3000,000000</MALT>
    <XAUS>70,300000</XAUS>
    <XFRA>70,300000</XFRA>
  </Prezzi>
  <Prezzi>
    <Data>20150226</Data>
    <Mercato>MGP</Mercato>
    <Ora>20</Ora>
    <PUN>72,961230</PUN>
    <NAT>68,410000</NAT>
    <CNOR>79,950000</CNOR>
    <CSUD>79,950000</CSUD>
    <NORD>64,110000</NORD>
    <SARD>79,950000</SARD>
    <SICI>93,600000</SICI>
    <SUD>79,950000</SUD>
    <AUST>64,110000</AUST>
    <BRNN>79,950000</BRNN>
    <COAC>79,950000</COAC>
    <CORS>79,950000</CORS>
    <FOGN>79,950000</FOGN>
    <FRAN>64,110000</FRAN>
    <GREC>79,950000</GREC>
    <MFTV>64,110000</MFTV>
    <PRGP>93,600000</PRGP>
    <ROSN>79,950000</ROSN>
    <SLOV>64,110000</SLOV>
    <SVIZ>64,110000</SVIZ>
    <BSP>64,110000</BSP>
    <MALT>3000,000000</MALT>
    <XAUS>64,110000</XAUS>
    <XFRA>64,110000</XFRA>
  </Prezzi>
  <Prezzi>
    <Data>20150226</Data>
    <Mercato>MGP</Mercato>
    <Ora>21</Ora>
    <PUN>61,705330</PUN>
    <NAT>62,930000</NAT>
    <CNOR>63,460000</CNOR>
    <CSUD>63,460000</CSUD>
    <NORD>59,350000</NORD>
    <SARD>63,460000</SARD>
    <SICI>67,460000</SICI>
    <SUD>63,460000</SUD>
    <AUST>59,350000</AUST>
    <BRNN>63,460000</BRNN>
    <COAC>63,460000</COAC>
    <CORS>63,460000</CORS>
    <FOGN>63,460000</FOGN>
    <FRAN>59,350000</FRAN>
    <GREC>63,460000</GREC>
    <MFTV>59,350000</MFTV>
    <PRGP>67,460000</PRGP>
    <ROSN>63,460000</ROSN>
    <SLOV>59,350000</SLOV>
    <SVIZ>59,350000</SVIZ>
    <BSP>59,350000</BSP>
    <MALT>3000,000000</MALT>
    <XAUS>59,350000</XAUS>
    <XFRA>59,350000</XFRA>
  </Prezzi>
  <Prezzi>
    <Data>20150226</Data>
    <Mercato>MGP</Mercato>
    <Ora>22</Ora>
    <PUN>57,668150</PUN>
    <NAT>59,450000</NAT>
    <CNOR>56,990000</CNOR>
    <CSUD>56,990000</CSUD>
    <NORD>56,990000</NORD>
    <SARD>56,990000</SARD>
    <SICI>67,460000</SICI>
    <SUD>56,990000</SUD>
    <AUST>56,990000</AUST>
    <BRNN>56,990000</BRNN>
    <COAC>56,990000</COAC>
    <CORS>56,990000</CORS>
    <FOGN>56,990000</FOGN>
    <FRAN>56,990000</FRAN>
    <GREC>56,990000</GREC>
    <MFTV>56,990000</MFTV>
    <PRGP>67,460000</PRGP>
    <ROSN>56,990000</ROSN>
    <SLOV>56,990000</SLOV>
    <SVIZ>56,990000</SVIZ>
    <BSP>56,990000</BSP>
    <MALT>3000,000000</MALT>
    <XAUS>56,990000</XAUS>
    <XFRA>56,990000</XFRA>
  </Prezzi>
  <Prezzi>
    <Data>20150226</Data>
    <Mercato>MGP</Mercato>
    <Ora>23</Ora>
    <PUN>54,210000</PUN>
    <NAT>55,000000</NAT>
    <CNOR>53,410110</CNOR>
    <CSUD>53,410110</CSUD>
    <NORD>53,410110</NORD>
    <SARD>53,410110</SARD>
    <SICI>65,580000</SICI>
    <SUD>53,410110</SUD>
    <AUST>53,410110</AUST>
    <BRNN>53,410110</BRNN>
    <COAC>53,410110</COAC>
    <CORS>53,410110</CORS>
    <FOGN>53,410110</FOGN>
    <FRAN>53,410110</FRAN>
    <GREC>53,410110</GREC>
    <MFTV>53,410110</MFTV>
    <PRGP>65,580000</PRGP>
    <ROSN>53,410110</ROSN>
    <SLOV>53,410110</SLOV>
    <SVIZ>53,410110</SVIZ>
    <BSP>53,410110</BSP>
    <MALT>3000,000000</MALT>
    <XAUS>53,410110</XAUS>
    <XFRA>53,410110</XFRA>
  </Prezzi>
  <Prezzi>
    <Data>20150226</Data>
    <Mercato>MGP</Mercato>
    <Ora>24</Ora>
    <PUN>53,410000</PUN>
    <NAT>53,170000</NAT>
    <CNOR>52,604810</CNOR>
    <CSUD>52,604810</CSUD>
    <NORD>52,604810</NORD>
    <SARD>52,604810</SARD>
    <SICI>65,390000</SICI>
    <SUD>52,604810</SUD>
    <AUST>52,604810</AUST>
    <BRNN>52,604810</BRNN>
    <COAC>52,604810</COAC>
    <CORS>52,604810</CORS>
    <FOGN>52,604810</FOGN>
    <FRAN>52,604810</FRAN>
    <GREC>52,604810</GREC>
    <MFTV>52,604810</MFTV>
    <PRGP>65,390000</PRGP>
    <ROSN>52,604810</ROSN>
    <SLOV>52,604810</SLOV>
    <SVIZ>52,604810</SVIZ>
    <BSP>52,604810</BSP>
    <MALT>3000,000000</MALT>
    <XAUS>52,604810</XAUS>
    <XFRA>52,604810</XFRA>
  </Prezzi>
</NewDataSet>