<?xml version="1.0" standalone="yes"?>
<NewDataSet>
  <xs:schema id="NewDataSet" xmlns="" xmlns:xs="http://www.w3.org/2001/XMLSchema" xmlns:msdata="urn:schemas-microsoft-com:xml-msdata">
    <xs:element name="NewDataSet" msdata:IsDataSet="true" msdata:UseCurrentLocale="true">
      <xs:complexType>
        <xs:choice minOccurs="0" maxOccurs="unbounded">
          <xs:element name="negoziazione_continua">
            <xs:complexType>
              <xs:sequence>
                <xs:element name="DataSessione" type="xs:string" minOccurs="0" />
                <xs:element name="NomeProdotto" type="xs:string" minOccurs="0" />
                <xs:element name="PrimoPrezzo" type="xs:decimal" minOccurs="0" />
                <xs:element name="UltimoPrezzo" type="xs:decimal" minOccurs="0" />
                <xs:element name="PrezzoMassimo" type="xs:decimal" minOccurs="0" />
                <xs:element name="PrezzoMinimo" type="xs:decimal" minOccurs="0" />
                <xs:element name="PrezzoMedio" type="xs:decimal" minOccurs="0" />
                <xs:element name="PrezzoControllo" type="xs:decimal" minOccurs="0" />
                <xs:element name="Volumi" type="xs:decimal" minOccurs="0" />
                <xs:element name="PosizioniAperte" type="xs:decimal" minOccurs="0" />
                <xs:element name="Abbinamenti" type="xs:int" minOccurs="0" />
              </xs:sequence>
            </xs:complexType>
          </xs:element>
        </xs:choice>
      </xs:complexType>
    </xs:element>
  </xs:schema>
  <negoziazione_continua>
    <DataSessione>20171006</DataSessione>
    <NomeProdotto>MGP-2017-10-07</NomeProdotto>
    <PrimoPrezzo>18.7000</PrimoPrezzo>
    <UltimoPrezzo>18.7000</UltimoPrezzo>
    <PrezzoMassimo>18.7000</PrezzoMassimo>
    <PrezzoMinimo>18.5500</PrezzoMinimo>
    <PrezzoMedio>18.644565</PrezzoMedio>
    <PrezzoControllo>18.9210</PrezzoControllo>
    <Volumi>3680.00000</Volumi>
    <PosizioniAperte>13396.000000</PosizioniAperte>
    <Abbinamenti>7</Abbinamenti>
  </negoziazione_continua>
  <negoziazione_continua>
    <DataSessione>20171006</DataSessione>
    <NomeProdotto>MGP-2017-10-08</NomeProdotto>
    <PrimoPrezzo>18.4000</PrimoPrezzo>
    <UltimoPrezzo>19.6000</UltimoPrezzo>
    <PrezzoMassimo>19.6000</PrezzoMassimo>
    <PrezzoMinimo>18.3000</PrezzoMinimo>
    <PrezzoMedio>18.344912</PrezzoMedio>
    <PrezzoControllo>18.7410</PrezzoControllo>
    <Volumi>5695.00000</Volumi>
    <PosizioniAperte>8095.000000</PosizioniAperte>
    <Abbinamenti>6</Abbinamenti>
  </negoziazione_continua>
  <negoziazione_continua>
    <DataSessione>20171006</DataSessione>
    <NomeProdotto>MGP-2017-10-09</NomeProdotto>
    <PrezzoControllo>19.5850</PrezzoControllo>
    <PosizioniAperte>0.000000</PosizioniAperte>
    <Abbinamenti>0</Abbinamenti>
  </negoziazione_continua>
</NewDataSet>