<?xml version="1.0" standalone="yes"?>
<NewDataSet>
  <xs:schema id="NewDataSet" xmlns="" xmlns:xs="http://www.w3.org/2001/XMLSchema" xmlns:msdata="urn:schemas-microsoft-com:xml-msdata">
    <xs:element name="NewDataSet" msdata:IsDataSet="true" msdata:UseCurrentLocale="true">
      <xs:complexType>
        <xs:choice minOccurs="0" maxOccurs="unbounded">
          <xs:element name="negoziazione_continua">
            <xs:complexType>
              <xs:sequence>
                <xs:element name="DataSessione" type="xs:string" minOccurs="0" />
                <xs:element name="NomeProdotto" type="xs:string" minOccurs="0" />
                <xs:element name="PrimoPrezzo" type="xs:decimal" minOccurs="0" />
                <xs:element name="UltimoPrezzo" type="xs:decimal" minOccurs="0" />
                <xs:element name="PrezzoMassimo" type="xs:decimal" minOccurs="0" />
                <xs:element name="PrezzoMinimo" type="xs:decimal" minOccurs="0" />
                <xs:element name="PrezzoMedio" type="xs:decimal" minOccurs="0" />
                <xs:element name="PrezzoControllo" type="xs:decimal" minOccurs="0" />
                <xs:element name="Volumi" type="xs:decimal" minOccurs="0" />
                <xs:element name="PosizioniAperte" type="xs:decimal" minOccurs="0" />
                <xs:element name="Abbinamenti" type="xs:int" minOccurs="0" />
              </xs:sequence>
            </xs:complexType>
          </xs:element>
        </xs:choice>
      </xs:complexType>
    </xs:element>
  </xs:schema>
  <negoziazione_continua>
    <DataSessione>20171010</DataSessione>
    <NomeProdotto>MGP-2017-10-11</NomeProdotto>
    <PrimoPrezzo>20.1000</PrimoPrezzo>
    <UltimoPrezzo>19.6000</UltimoPrezzo>
    <PrezzoMassimo>20.1000</PrezzoMassimo>
    <PrezzoMinimo>19.6000</PrezzoMinimo>
    <PrezzoMedio>19.870405</PrezzoMedio>
    <PrezzoControllo>19.9530</PrezzoControllo>
    <Volumi>27640.00000</Volumi>
    <PosizioniAperte>26440.000000</PosizioniAperte>
    <Abbinamenti>14</Abbinamenti>
  </negoziazione_continua>
  <negoziazione_continua>
    <DataSessione>20171010</DataSessione>
    <NomeProdotto>MGP-2017-10-12</NomeProdotto>
    <PrezzoControllo>20.2020</PrezzoControllo>
    <PosizioniAperte>0.000000</PosizioniAperte>
    <Abbinamenti>0</Abbinamenti>
  </negoziazione_continua>
  <negoziazione_continua>
    <DataSessione>20171010</DataSessione>
    <NomeProdotto>MGP-2017-10-13</NomeProdotto>
    <PrezzoControllo>20.2020</PrezzoControllo>
    <PosizioniAperte>0.000000</PosizioniAperte>
    <Abbinamenti>0</Abbinamenti>
  </negoziazione_continua>
</NewDataSet>