<?xml version="1.0" standalone="yes"?>
<NewDataSet>
  <xs:schema id="NewDataSet" xmlns="" xmlns:xs="http://www.w3.org/2001/XMLSchema" xmlns:msdata="urn:schemas-microsoft-com:xml-msdata">
    <xs:element name="NewDataSet" msdata:IsDataSet="true" msdata:UseCurrentLocale="true">
      <xs:complexType>
        <xs:choice minOccurs="0" maxOccurs="unbounded">
          <xs:element name="Fabbisogno">
            <xs:complexType>
              <xs:sequence>
                <xs:element name="Data" type="xs:string" minOccurs="0" />
                <xs:element name="Mercato" type="xs:string" minOccurs="0" />
                <xs:element name="Ora" type="xs:string" minOccurs="0" />
                <xs:element name="Italia" type="xs:string" minOccurs="0" />
                <xs:element name="CNOR" type="xs:string" minOccurs="0" />
                <xs:element name="CSUD" type="xs:string" minOccurs="0" />
                <xs:element name="NORD" type="xs:string" minOccurs="0" />
                <xs:element name="SARD" type="xs:string" minOccurs="0" />
                <xs:element name="SICI" type="xs:string" minOccurs="0" />
                <xs:element name="SUD" type="xs:string" minOccurs="0" />
              </xs:sequence>
            </xs:complexType>
          </xs:element>
        </xs:choice>
      </xs:complexType>
    </xs:element>
  </xs:schema>
  <Fabbisogno>
    <Data>20160723</Data>
    <Mercato>MGP</Mercato>
    <Ora>1</Ora>
    <Italia>32333,981</Italia>
    <CNOR>3778,046</CNOR>
    <CSUD>5591,755</CSUD>
    <NORD>16803,738</NORD>
    <SARD>1106,392</SARD>
    <SICI>2031,622</SICI>
    <SUD>3022,428</SUD>
  </Fabbisogno>
  <Fabbisogno>
    <Data>20160723</Data>
    <Mercato>MGP</Mercato>
    <Ora>2</Ora>
    <Italia>30582,887</Italia>
    <CNOR>3579,087</CNOR>
    <CSUD>5208,255</CSUD>
    <NORD>16023,882</NORD>
    <SARD>1036,345</SARD>
    <SICI>1897,698</SICI>
    <SUD>2837,62</SUD>
  </Fabbisogno>
  <Fabbisogno>
    <Data>20160723</Data>
    <Mercato>MGP</Mercato>
    <Ora>3</Ora>
    <Italia>29181,39</Italia>
    <CNOR>3427,41</CNOR>
    <CSUD>4980,652</CSUD>
    <NORD>15242,82</NORD>
    <SARD>998,947</SARD>
    <SICI>1796,087</SICI>
    <SUD>2735,474</SUD>
  </Fabbisogno>
  <Fabbisogno>
    <Data>20160723</Data>
    <Mercato>MGP</Mercato>
    <Ora>4</Ora>
    <Italia>28605,697</Italia>
    <CNOR>3334,142</CNOR>
    <CSUD>4873,215</CSUD>
    <NORD>14981,432</NORD>
    <SARD>993,516</SARD>
    <SICI>1740,201</SICI>
    <SUD>2683,191</SUD>
  </Fabbisogno>
  <Fabbisogno>
    <Data>20160723</Data>
    <Mercato>MGP</Mercato>
    <Ora>5</Ora>
    <Italia>28137,744</Italia>
    <CNOR>3257,851</CNOR>
    <CSUD>4772,869</CSUD>
    <NORD>14768,68</NORD>
    <SARD>973,695</SARD>
    <SICI>1717,703</SICI>
    <SUD>2646,946</SUD>
  </Fabbisogno>
  <Fabbisogno>
    <Data>20160723</Data>
    <Mercato>MGP</Mercato>
    <Ora>6</Ora>
    <Italia>28117,261</Italia>
    <CNOR>3224,923</CNOR>
    <CSUD>4747,121</CSUD>
    <NORD>14813,555</NORD>
    <SARD>992,685</SARD>
    <SICI>1742,607</SICI>
    <SUD>2596,37</SUD>
  </Fabbisogno>
  <Fabbisogno>
    <Data>20160723</Data>
    <Mercato>MGP</Mercato>
    <Ora>7</Ora>
    <Italia>28345,298</Italia>
    <CNOR>3241,72</CNOR>
    <CSUD>4730,148</CSUD>
    <NORD>15019,409</NORD>
    <SARD>1048,334</SARD>
    <SICI>1726,037</SICI>
    <SUD>2579,65</SUD>
  </Fabbisogno>
  <Fabbisogno>
    <Data>20160723</Data>
    <Mercato>MGP</Mercato>
    <Ora>8</Ora>
    <Italia>31110,655</Italia>
    <CNOR>3303,509</CNOR>
    <CSUD>5001,779</CSUD>
    <NORD>17199,888</NORD>
    <SARD>1027,252</SARD>
    <SICI>1840,744</SICI>
    <SUD>2737,483</SUD>
  </Fabbisogno>
  <Fabbisogno>
    <Data>20160723</Data>
    <Mercato>MGP</Mercato>
    <Ora>9</Ora>
    <Italia>33966,351</Italia>
    <CNOR>3472,562</CNOR>
    <CSUD>5512,194</CSUD>
    <NORD>18905,809</NORD>
    <SARD>1079,133</SARD>
    <SICI>2010,478</SICI>
    <SUD>2986,175</SUD>
  </Fabbisogno>
  <Fabbisogno>
    <Data>20160723</Data>
    <Mercato>MGP</Mercato>
    <Ora>10</Ora>
    <Italia>35339,103</Italia>
    <CNOR>3566,765</CNOR>
    <CSUD>5722,093</CSUD>
    <NORD>19742,409</NORD>
    <SARD>1089,17</SARD>
    <SICI>2121,582</SICI>
    <SUD>3097,084</SUD>
  </Fabbisogno>
  <Fabbisogno>
    <Data>20160723</Data>
    <Mercato>MGP</Mercato>
    <Ora>11</Ora>
    <Italia>35739,861</Italia>
    <CNOR>3576,237</CNOR>
    <CSUD>5864,144</CSUD>
    <NORD>20008,277</NORD>
    <SARD>1081,265</SARD>
    <SICI>2139,323</SICI>
    <SUD>3070,615</SUD>
  </Fabbisogno>
  <Fabbisogno>
    <Data>20160723</Data>
    <Mercato>MGP</Mercato>
    <Ora>12</Ora>
    <Italia>35662,535</Italia>
    <CNOR>3600,539</CNOR>
    <CSUD>6053,549</CSUD>
    <NORD>19685,636</NORD>
    <SARD>1081,899</SARD>
    <SICI>2155,875</SICI>
    <SUD>3085,037</SUD>
  </Fabbisogno>
  <Fabbisogno>
    <Data>20160723</Data>
    <Mercato>MGP</Mercato>
    <Ora>13</Ora>
    <Italia>34783,489</Italia>
    <CNOR>3495,31</CNOR>
    <CSUD>6121,683</CSUD>
    <NORD>18759,018</NORD>
    <SARD>1085,15</SARD>
    <SICI>2174,865</SICI>
    <SUD>3147,463</SUD>
  </Fabbisogno>
  <Fabbisogno>
    <Data>20160723</Data>
    <Mercato>MGP</Mercato>
    <Ora>14</Ora>
    <Italia>33639,445</Italia>
    <CNOR>3247,548</CNOR>
    <CSUD>5809,469</CSUD>
    <NORD>18385,189</NORD>
    <SARD>1068,006</SARD>
    <SICI>2091,397</SICI>
    <SUD>3037,836</SUD>
  </Fabbisogno>
  <Fabbisogno>
    <Data>20160723</Data>
    <Mercato>MGP</Mercato>
    <Ora>15</Ora>
    <Italia>33410,03</Italia>
    <CNOR>3234,753</CNOR>
    <CSUD>5696,732</CSUD>
    <NORD>18403,999</NORD>
    <SARD>1027,487</SARD>
    <SICI>2048,446</SICI>
    <SUD>2998,613</SUD>
  </Fabbisogno>
  <Fabbisogno>
    <Data>20160723</Data>
    <Mercato>MGP</Mercato>
    <Ora>16</Ora>
    <Italia>33455,453</Italia>
    <CNOR>3257,584</CNOR>
    <CSUD>5721,995</CSUD>
    <NORD>18472,66</NORD>
    <SARD>1007,989</SARD>
    <SICI>2029,386</SICI>
    <SUD>2965,839</SUD>
  </Fabbisogno>
  <Fabbisogno>
    <Data>20160723</Data>
    <Mercato>MGP</Mercato>
    <Ora>17</Ora>
    <Italia>34085,272</Italia>
    <CNOR>3389,406</CNOR>
    <CSUD>5851,706</CSUD>
    <NORD>18578,416</NORD>
    <SARD>1043,257</SARD>
    <SICI>2133,675</SICI>
    <SUD>3088,812</SUD>
  </Fabbisogno>
  <Fabbisogno>
    <Data>20160723</Data>
    <Mercato>MGP</Mercato>
    <Ora>18</Ora>
    <Italia>35204,182</Italia>
    <CNOR>3641,47</CNOR>
    <CSUD>6113,009</CSUD>
    <NORD>18834,901</NORD>
    <SARD>1105,299</SARD>
    <SICI>2228,636</SICI>
    <SUD>3280,867</SUD>
  </Fabbisogno>
  <Fabbisogno>
    <Data>20160723</Data>
    <Mercato>MGP</Mercato>
    <Ora>19</Ora>
    <Italia>36115,442</Italia>
    <CNOR>3780,784</CNOR>
    <CSUD>6171,329</CSUD>
    <NORD>19334,81</NORD>
    <SARD>1157,638</SARD>
    <SICI>2262,012</SICI>
    <SUD>3408,869</SUD>
  </Fabbisogno>
  <Fabbisogno>
    <Data>20160723</Data>
    <Mercato>MGP</Mercato>
    <Ora>20</Ora>
    <Italia>36614,556</Italia>
    <CNOR>3948,714</CNOR>
    <CSUD>6314,104</CSUD>
    <NORD>19371,241</NORD>
    <SARD>1218,663</SARD>
    <SICI>2303,761</SICI>
    <SUD>3458,073</SUD>
  </Fabbisogno>
  <Fabbisogno>
    <Data>20160723</Data>
    <Mercato>MGP</Mercato>
    <Ora>21</Ora>
    <Italia>35866,408</Italia>
    <CNOR>3831,958</CNOR>
    <CSUD>6333,292</CSUD>
    <NORD>18365,604</NORD>
    <SARD>1250,746</SARD>
    <SICI>2405,33</SICI>
    <SUD>3679,478</SUD>
  </Fabbisogno>
  <Fabbisogno>
    <Data>20160723</Data>
    <Mercato>MGP</Mercato>
    <Ora>22</Ora>
    <Italia>35994,329</Italia>
    <CNOR>3848,899</CNOR>
    <CSUD>6394,664</CSUD>
    <NORD>18475,136</NORD>
    <SARD>1275,097</SARD>
    <SICI>2394,844</SICI>
    <SUD>3605,689</SUD>
  </Fabbisogno>
  <Fabbisogno>
    <Data>20160723</Data>
    <Mercato>MGP</Mercato>
    <Ora>23</Ora>
    <Italia>34363,755</Italia>
    <CNOR>3752,886</CNOR>
    <CSUD>6030,087</CSUD>
    <NORD>17735,386</NORD>
    <SARD>1216,973</SARD>
    <SICI>2244,488</SICI>
    <SUD>3383,935</SUD>
  </Fabbisogno>
  <Fabbisogno>
    <Data>20160723</Data>
    <Mercato>MGP</Mercato>
    <Ora>24</Ora>
    <Italia>31655,544</Italia>
    <CNOR>3490,566</CNOR>
    <CSUD>5628,305</CSUD>
    <NORD>16178,174</NORD>
    <SARD>1130,818</SARD>
    <SICI>2092,417</SICI>
    <SUD>3135,264</SUD>
  </Fabbisogno>
</NewDataSet>