<?xml version="1.0" standalone="yes"?>
<NewDataSet>
  <xs:schema id="NewDataSet" xmlns="" xmlns:xs="http://www.w3.org/2001/XMLSchema" xmlns:msdata="urn:schemas-microsoft-com:xml-msdata">
    <xs:element name="NewDataSet" msdata:IsDataSet="true" msdata:UseCurrentLocale="true">
      <xs:complexType>
        <xs:choice minOccurs="0" maxOccurs="unbounded">
          <xs:element name="Fabbisogno">
            <xs:complexType>
              <xs:sequence>
                <xs:element name="Data" type="xs:string" minOccurs="0" />
                <xs:element name="Mercato" type="xs:string" minOccurs="0" />
                <xs:element name="Ora" type="xs:string" minOccurs="0" />
                <xs:element name="Italia" type="xs:string" minOccurs="0" />
                <xs:element name="CNOR" type="xs:string" minOccurs="0" />
                <xs:element name="CSUD" type="xs:string" minOccurs="0" />
                <xs:element name="NORD" type="xs:string" minOccurs="0" />
                <xs:element name="SARD" type="xs:string" minOccurs="0" />
                <xs:element name="SICI" type="xs:string" minOccurs="0" />
                <xs:element name="SUD" type="xs:string" minOccurs="0" />
              </xs:sequence>
            </xs:complexType>
          </xs:element>
        </xs:choice>
      </xs:complexType>
    </xs:element>
  </xs:schema>
  <Fabbisogno>
    <Data>20160722</Data>
    <Mercato>MGP</Mercato>
    <Ora>1</Ora>
    <Italia>33356,024</Italia>
    <CNOR>3715,441</CNOR>
    <CSUD>5578,329</CSUD>
    <NORD>17981,455</NORD>
    <SARD>1158,575</SARD>
    <SICI>2013,151</SICI>
    <SUD>2909,073</SUD>
  </Fabbisogno>
  <Fabbisogno>
    <Data>20160722</Data>
    <Mercato>MGP</Mercato>
    <Ora>2</Ora>
    <Italia>31447,056</Italia>
    <CNOR>3518,539</CNOR>
    <CSUD>5194,618</CSUD>
    <NORD>17031,816</NORD>
    <SARD>1095,298</SARD>
    <SICI>1869,005</SICI>
    <SUD>2737,78</SUD>
  </Fabbisogno>
  <Fabbisogno>
    <Data>20160722</Data>
    <Mercato>MGP</Mercato>
    <Ora>3</Ora>
    <Italia>30290,581</Italia>
    <CNOR>3375,366</CNOR>
    <CSUD>4987,028</CSUD>
    <NORD>16445,365</NORD>
    <SARD>1065,919</SARD>
    <SICI>1770,946</SICI>
    <SUD>2645,957</SUD>
  </Fabbisogno>
  <Fabbisogno>
    <Data>20160722</Data>
    <Mercato>MGP</Mercato>
    <Ora>4</Ora>
    <Italia>29746,672</Italia>
    <CNOR>3317,526</CNOR>
    <CSUD>4861,36</CSUD>
    <NORD>16191,874</NORD>
    <SARD>1048,008</SARD>
    <SICI>1731,064</SICI>
    <SUD>2596,84</SUD>
  </Fabbisogno>
  <Fabbisogno>
    <Data>20160722</Data>
    <Mercato>MGP</Mercato>
    <Ora>5</Ora>
    <Italia>29688,963</Italia>
    <CNOR>3328,686</CNOR>
    <CSUD>4808,685</CSUD>
    <NORD>16214,73</NORD>
    <SARD>1041,486</SARD>
    <SICI>1707,303</SICI>
    <SUD>2588,073</SUD>
  </Fabbisogno>
  <Fabbisogno>
    <Data>20160722</Data>
    <Mercato>MGP</Mercato>
    <Ora>6</Ora>
    <Italia>30439,353</Italia>
    <CNOR>3362,08</CNOR>
    <CSUD>4899,798</CSUD>
    <NORD>16797,553</NORD>
    <SARD>1066,949</SARD>
    <SICI>1744,075</SICI>
    <SUD>2568,898</SUD>
  </Fabbisogno>
  <Fabbisogno>
    <Data>20160722</Data>
    <Mercato>MGP</Mercato>
    <Ora>7</Ora>
    <Italia>32772,995</Italia>
    <CNOR>3554,897</CNOR>
    <CSUD>5159,179</CSUD>
    <NORD>18581,274</NORD>
    <SARD>1094,209</SARD>
    <SICI>1776,847</SICI>
    <SUD>2606,589</SUD>
  </Fabbisogno>
  <Fabbisogno>
    <Data>20160722</Data>
    <Mercato>MGP</Mercato>
    <Ora>8</Ora>
    <Italia>38107,54</Italia>
    <CNOR>4014,92</CNOR>
    <CSUD>5707,132</CSUD>
    <NORD>22312,145</NORD>
    <SARD>1172,727</SARD>
    <SICI>1976,854</SICI>
    <SUD>2923,762</SUD>
  </Fabbisogno>
  <Fabbisogno>
    <Data>20160722</Data>
    <Mercato>MGP</Mercato>
    <Ora>9</Ora>
    <Italia>43265,199</Italia>
    <CNOR>4416,099</CNOR>
    <CSUD>6419,31100000001</CSUD>
    <NORD>25618,735</NORD>
    <SARD>1272,208</SARD>
    <SICI>2245,069</SICI>
    <SUD>3293,777</SUD>
  </Fabbisogno>
  <Fabbisogno>
    <Data>20160722</Data>
    <Mercato>MGP</Mercato>
    <Ora>10</Ora>
    <Italia>44603,8</Italia>
    <CNOR>4533,456</CNOR>
    <CSUD>6582,675</CSUD>
    <NORD>26578,244</NORD>
    <SARD>1237,057</SARD>
    <SICI>2345,291</SICI>
    <SUD>3327,077</SUD>
  </Fabbisogno>
  <Fabbisogno>
    <Data>20160722</Data>
    <Mercato>MGP</Mercato>
    <Ora>11</Ora>
    <Italia>45181,649</Italia>
    <CNOR>4585,261</CNOR>
    <CSUD>6748,975</CSUD>
    <NORD>26919,771</NORD>
    <SARD>1236,627</SARD>
    <SICI>2354,026</SICI>
    <SUD>3336,989</SUD>
  </Fabbisogno>
  <Fabbisogno>
    <Data>20160722</Data>
    <Mercato>MGP</Mercato>
    <Ora>12</Ora>
    <Italia>45786,646</Italia>
    <CNOR>4721,357</CNOR>
    <CSUD>7027,736</CSUD>
    <NORD>27039,676</NORD>
    <SARD>1230,784</SARD>
    <SICI>2393,292</SICI>
    <SUD>3373,801</SUD>
  </Fabbisogno>
  <Fabbisogno>
    <Data>20160722</Data>
    <Mercato>MGP</Mercato>
    <Ora>13</Ora>
    <Italia>44039,075</Italia>
    <CNOR>4496,057</CNOR>
    <CSUD>7091,301</CSUD>
    <NORD>25410,814</NORD>
    <SARD>1239,916</SARD>
    <SICI>2408,682</SICI>
    <SUD>3392,305</SUD>
  </Fabbisogno>
  <Fabbisogno>
    <Data>20160722</Data>
    <Mercato>MGP</Mercato>
    <Ora>14</Ora>
    <Italia>43365,307</Italia>
    <CNOR>4276,96</CNOR>
    <CSUD>6747,677</CSUD>
    <NORD>25622,141</NORD>
    <SARD>1198,918</SARD>
    <SICI>2282,18</SICI>
    <SUD>3237,431</SUD>
  </Fabbisogno>
  <Fabbisogno>
    <Data>20160722</Data>
    <Mercato>MGP</Mercato>
    <Ora>15</Ora>
    <Italia>44111,846</Italia>
    <CNOR>4465,516</CNOR>
    <CSUD>6817,511</CSUD>
    <NORD>26253,407</NORD>
    <SARD>1174,601</SARD>
    <SICI>2208,947</SICI>
    <SUD>3191,864</SUD>
  </Fabbisogno>
  <Fabbisogno>
    <Data>20160722</Data>
    <Mercato>MGP</Mercato>
    <Ora>16</Ora>
    <Italia>44378,479</Italia>
    <CNOR>4508,255</CNOR>
    <CSUD>6884,983</CSUD>
    <NORD>26412,329</NORD>
    <SARD>1172,913</SARD>
    <SICI>2206,271</SICI>
    <SUD>3193,728</SUD>
  </Fabbisogno>
  <Fabbisogno>
    <Data>20160722</Data>
    <Mercato>MGP</Mercato>
    <Ora>17</Ora>
    <Italia>44722,569</Italia>
    <CNOR>4591,84</CNOR>
    <CSUD>7005,484</CSUD>
    <NORD>26313,824</NORD>
    <SARD>1187,783</SARD>
    <SICI>2306,271</SICI>
    <SUD>3317,367</SUD>
  </Fabbisogno>
  <Fabbisogno>
    <Data>20160722</Data>
    <Mercato>MGP</Mercato>
    <Ora>18</Ora>
    <Italia>44469,089</Italia>
    <CNOR>4605,483</CNOR>
    <CSUD>7175,591</CSUD>
    <NORD>25563,606</NORD>
    <SARD>1232,099</SARD>
    <SICI>2362,848</SICI>
    <SUD>3529,462</SUD>
  </Fabbisogno>
  <Fabbisogno>
    <Data>20160722</Data>
    <Mercato>MGP</Mercato>
    <Ora>19</Ora>
    <Italia>43814,758</Italia>
    <CNOR>4570,873</CNOR>
    <CSUD>7064,827</CSUD>
    <NORD>24875,669</NORD>
    <SARD>1303,763</SARD>
    <SICI>2380,892</SICI>
    <SUD>3618,734</SUD>
  </Fabbisogno>
  <Fabbisogno>
    <Data>20160722</Data>
    <Mercato>MGP</Mercato>
    <Ora>20</Ora>
    <Italia>42513,497</Italia>
    <CNOR>4470,398</CNOR>
    <CSUD>6924,102</CSUD>
    <NORD>23899,85</NORD>
    <SARD>1317,223</SARD>
    <SICI>2367,034</SICI>
    <SUD>3534,89</SUD>
  </Fabbisogno>
  <Fabbisogno>
    <Data>20160722</Data>
    <Mercato>MGP</Mercato>
    <Ora>21</Ora>
    <Italia>41379,108</Italia>
    <CNOR>4302,669</CNOR>
    <CSUD>6852,91</CSUD>
    <NORD>22685,421</NORD>
    <SARD>1337,592</SARD>
    <SICI>2452,575</SICI>
    <SUD>3747,941</SUD>
  </Fabbisogno>
  <Fabbisogno>
    <Data>20160722</Data>
    <Mercato>MGP</Mercato>
    <Ora>22</Ora>
    <Italia>41093,144</Italia>
    <CNOR>4355,127</CNOR>
    <CSUD>6830,435</CSUD>
    <NORD>22390,186</NORD>
    <SARD>1384,556</SARD>
    <SICI>2480,482</SICI>
    <SUD>3652,358</SUD>
  </Fabbisogno>
  <Fabbisogno>
    <Data>20160722</Data>
    <Mercato>MGP</Mercato>
    <Ora>23</Ora>
    <Italia>38444,017</Italia>
    <CNOR>4063,738</CNOR>
    <CSUD>6347,707</CSUD>
    <NORD>20976,707</NORD>
    <SARD>1315,296</SARD>
    <SICI>2338,156</SICI>
    <SUD>3402,413</SUD>
  </Fabbisogno>
  <Fabbisogno>
    <Data>20160722</Data>
    <Mercato>MGP</Mercato>
    <Ora>24</Ora>
    <Italia>35204,051</Italia>
    <CNOR>3731,237</CNOR>
    <CSUD>5841,813</CSUD>
    <NORD>19139,708</NORD>
    <SARD>1225,792</SARD>
    <SICI>2153,598</SICI>
    <SUD>3111,903</SUD>
  </Fabbisogno>
</NewDataSet>