<?xml version="1.0" standalone="yes"?>
<NewDataSet>
  <xs:schema id="NewDataSet" xmlns="" xmlns:xs="http://www.w3.org/2001/XMLSchema" xmlns:msdata="urn:schemas-microsoft-com:xml-msdata">
    <xs:element name="NewDataSet" msdata:IsDataSet="true" msdata:UseCurrentLocale="true">
      <xs:complexType>
        <xs:choice minOccurs="0" maxOccurs="unbounded">
          <xs:element name="Fabbisogno">
            <xs:complexType>
              <xs:sequence>
                <xs:element name="Data" type="xs:string" minOccurs="0" />
                <xs:element name="Mercato" type="xs:string" minOccurs="0" />
                <xs:element name="Ora" type="xs:string" minOccurs="0" />
                <xs:element name="Italia" type="xs:string" minOccurs="0" />
                <xs:element name="CNOR" type="xs:string" minOccurs="0" />
                <xs:element name="CSUD" type="xs:string" minOccurs="0" />
                <xs:element name="NORD" type="xs:string" minOccurs="0" />
                <xs:element name="SARD" type="xs:string" minOccurs="0" />
                <xs:element name="SICI" type="xs:string" minOccurs="0" />
                <xs:element name="SUD" type="xs:string" minOccurs="0" />
              </xs:sequence>
            </xs:complexType>
          </xs:element>
        </xs:choice>
      </xs:complexType>
    </xs:element>
  </xs:schema>
  <Fabbisogno>
    <Data>20160715</Data>
    <Mercato>MGP</Mercato>
    <Ora>1</Ora>
    <Italia>32136,754</Italia>
    <CNOR>3623,971</CNOR>
    <CSUD>5328,532</CSUD>
    <NORD>17092,576</NORD>
    <SARD>1119,973</SARD>
    <SICI>2063,604</SICI>
    <SUD>2908,098</SUD>
  </Fabbisogno>
  <Fabbisogno>
    <Data>20160715</Data>
    <Mercato>MGP</Mercato>
    <Ora>2</Ora>
    <Italia>30538,763</Italia>
    <CNOR>3459,039</CNOR>
    <CSUD>4984,228</CSUD>
    <NORD>16371,765</NORD>
    <SARD>1064,293</SARD>
    <SICI>1921,076</SICI>
    <SUD>2738,362</SUD>
  </Fabbisogno>
  <Fabbisogno>
    <Data>20160715</Data>
    <Mercato>MGP</Mercato>
    <Ora>3</Ora>
    <Italia>29242,841</Italia>
    <CNOR>3298,481</CNOR>
    <CSUD>4756,997</CSUD>
    <NORD>15692,648</NORD>
    <SARD>1031,62</SARD>
    <SICI>1822,665</SICI>
    <SUD>2640,43</SUD>
  </Fabbisogno>
  <Fabbisogno>
    <Data>20160715</Data>
    <Mercato>MGP</Mercato>
    <Ora>4</Ora>
    <Italia>28998,721</Italia>
    <CNOR>3245,444</CNOR>
    <CSUD>4665,541</CSUD>
    <NORD>15715,687</NORD>
    <SARD>1008,807</SARD>
    <SICI>1783,909</SICI>
    <SUD>2579,333</SUD>
  </Fabbisogno>
  <Fabbisogno>
    <Data>20160715</Data>
    <Mercato>MGP</Mercato>
    <Ora>5</Ora>
    <Italia>28840,629</Italia>
    <CNOR>3243,142</CNOR>
    <CSUD>4599,453</CSUD>
    <NORD>15690,724</NORD>
    <SARD>987,395</SARD>
    <SICI>1757,603</SICI>
    <SUD>2562,312</SUD>
  </Fabbisogno>
  <Fabbisogno>
    <Data>20160715</Data>
    <Mercato>MGP</Mercato>
    <Ora>6</Ora>
    <Italia>29443,15</Italia>
    <CNOR>3302,793</CNOR>
    <CSUD>4677,314</CSUD>
    <NORD>16178,601</NORD>
    <SARD>1008,863</SARD>
    <SICI>1761,095</SICI>
    <SUD>2514,484</SUD>
  </Fabbisogno>
  <Fabbisogno>
    <Data>20160715</Data>
    <Mercato>MGP</Mercato>
    <Ora>7</Ora>
    <Italia>31459,128</Italia>
    <CNOR>3407,763</CNOR>
    <CSUD>4938,349</CSUD>
    <NORD>17755,413</NORD>
    <SARD>1015,356</SARD>
    <SICI>1820,639</SICI>
    <SUD>2521,608</SUD>
  </Fabbisogno>
  <Fabbisogno>
    <Data>20160715</Data>
    <Mercato>MGP</Mercato>
    <Ora>8</Ora>
    <Italia>36504,115</Italia>
    <CNOR>3828,142</CNOR>
    <CSUD>5461,482</CSUD>
    <NORD>21249,466</NORD>
    <SARD>1111,93</SARD>
    <SICI>2051,748</SICI>
    <SUD>2801,347</SUD>
  </Fabbisogno>
  <Fabbisogno>
    <Data>20160715</Data>
    <Mercato>MGP</Mercato>
    <Ora>9</Ora>
    <Italia>41719,262</Italia>
    <CNOR>4376,043</CNOR>
    <CSUD>6313,541</CSUD>
    <NORD>24241,93</NORD>
    <SARD>1233,175</SARD>
    <SICI>2342,238</SICI>
    <SUD>3212,335</SUD>
  </Fabbisogno>
  <Fabbisogno>
    <Data>20160715</Data>
    <Mercato>MGP</Mercato>
    <Ora>10</Ora>
    <Italia>43254,566</Italia>
    <CNOR>4568,09</CNOR>
    <CSUD>6773,593</CSUD>
    <NORD>24888,704</NORD>
    <SARD>1227,831</SARD>
    <SICI>2460,408</SICI>
    <SUD>3335,94</SUD>
  </Fabbisogno>
  <Fabbisogno>
    <Data>20160715</Data>
    <Mercato>MGP</Mercato>
    <Ora>11</Ora>
    <Italia>42964,503</Italia>
    <CNOR>4539,588</CNOR>
    <CSUD>6641,642</CSUD>
    <NORD>24851,784</NORD>
    <SARD>1136,807</SARD>
    <SICI>2485,336</SICI>
    <SUD>3309,346</SUD>
  </Fabbisogno>
  <Fabbisogno>
    <Data>20160715</Data>
    <Mercato>MGP</Mercato>
    <Ora>12</Ora>
    <Italia>43339,651</Italia>
    <CNOR>4626,062</CNOR>
    <CSUD>6957,784</CSUD>
    <NORD>24812,963</NORD>
    <SARD>1154,413</SARD>
    <SICI>2496,279</SICI>
    <SUD>3292,15</SUD>
  </Fabbisogno>
  <Fabbisogno>
    <Data>20160715</Data>
    <Mercato>MGP</Mercato>
    <Ora>13</Ora>
    <Italia>41166,814</Italia>
    <CNOR>4352,099</CNOR>
    <CSUD>6721,007</CSUD>
    <NORD>23165,104</NORD>
    <SARD>1104,4</SARD>
    <SICI>2491,349</SICI>
    <SUD>3332,855</SUD>
  </Fabbisogno>
  <Fabbisogno>
    <Data>20160715</Data>
    <Mercato>MGP</Mercato>
    <Ora>14</Ora>
    <Italia>41209,802</Italia>
    <CNOR>4285,392</CNOR>
    <CSUD>6778,795</CSUD>
    <NORD>23407,228</NORD>
    <SARD>1133,994</SARD>
    <SICI>2399,705</SICI>
    <SUD>3204,688</SUD>
  </Fabbisogno>
  <Fabbisogno>
    <Data>20160715</Data>
    <Mercato>MGP</Mercato>
    <Ora>15</Ora>
    <Italia>41828,556</Italia>
    <CNOR>4416,518</CNOR>
    <CSUD>6614,661</CSUD>
    <NORD>24277,502</NORD>
    <SARD>1090,811</SARD>
    <SICI>2295,188</SICI>
    <SUD>3133,876</SUD>
  </Fabbisogno>
  <Fabbisogno>
    <Data>20160715</Data>
    <Mercato>MGP</Mercato>
    <Ora>16</Ora>
    <Italia>42212,284</Italia>
    <CNOR>4486,012</CNOR>
    <CSUD>6751,083</CSUD>
    <NORD>24472,346</NORD>
    <SARD>1064,722</SARD>
    <SICI>2300,378</SICI>
    <SUD>3137,743</SUD>
  </Fabbisogno>
  <Fabbisogno>
    <Data>20160715</Data>
    <Mercato>MGP</Mercato>
    <Ora>17</Ora>
    <Italia>42656,428</Italia>
    <CNOR>4590,075</CNOR>
    <CSUD>6760,276</CSUD>
    <NORD>24546,132</NORD>
    <SARD>1089,945</SARD>
    <SICI>2416,017</SICI>
    <SUD>3253,983</SUD>
  </Fabbisogno>
  <Fabbisogno>
    <Data>20160715</Data>
    <Mercato>MGP</Mercato>
    <Ora>18</Ora>
    <Italia>42044,778</Italia>
    <CNOR>4499,764</CNOR>
    <CSUD>6624,773</CSUD>
    <NORD>23916,34</NORD>
    <SARD>1145,827</SARD>
    <SICI>2451,105</SICI>
    <SUD>3406,969</SUD>
  </Fabbisogno>
  <Fabbisogno>
    <Data>20160715</Data>
    <Mercato>MGP</Mercato>
    <Ora>19</Ora>
    <Italia>41437,996</Italia>
    <CNOR>4596,823</CNOR>
    <CSUD>6794,443</CSUD>
    <NORD>22844,137</NORD>
    <SARD>1280,29</SARD>
    <SICI>2458,758</SICI>
    <SUD>3463,545</SUD>
  </Fabbisogno>
  <Fabbisogno>
    <Data>20160715</Data>
    <Mercato>MGP</Mercato>
    <Ora>20</Ora>
    <Italia>40374,322</Italia>
    <CNOR>4425,704</CNOR>
    <CSUD>6527,907</CSUD>
    <NORD>22297,958</NORD>
    <SARD>1300,73</SARD>
    <SICI>2416,034</SICI>
    <SUD>3405,989</SUD>
  </Fabbisogno>
  <Fabbisogno>
    <Data>20160715</Data>
    <Mercato>MGP</Mercato>
    <Ora>21</Ora>
    <Italia>39599,719</Italia>
    <CNOR>4404,565</CNOR>
    <CSUD>6589,99</CSUD>
    <NORD>21172,73</NORD>
    <SARD>1324,525</SARD>
    <SICI>2507,085</SICI>
    <SUD>3600,824</SUD>
  </Fabbisogno>
  <Fabbisogno>
    <Data>20160715</Data>
    <Mercato>MGP</Mercato>
    <Ora>22</Ora>
    <Italia>39265,679</Italia>
    <CNOR>4364,433</CNOR>
    <CSUD>6498,338</CSUD>
    <NORD>21010,178</NORD>
    <SARD>1332,696</SARD>
    <SICI>2519,758</SICI>
    <SUD>3540,276</SUD>
  </Fabbisogno>
  <Fabbisogno>
    <Data>20160715</Data>
    <Mercato>MGP</Mercato>
    <Ora>23</Ora>
    <Italia>36621,031</Italia>
    <CNOR>4079,447</CNOR>
    <CSUD>6048,299</CSUD>
    <NORD>19563,648</NORD>
    <SARD>1253,38</SARD>
    <SICI>2395,527</SICI>
    <SUD>3280,73</SUD>
  </Fabbisogno>
  <Fabbisogno>
    <Data>20160715</Data>
    <Mercato>MGP</Mercato>
    <Ora>24</Ora>
    <Italia>33597,331</Italia>
    <CNOR>3744,51</CNOR>
    <CSUD>5533,881</CSUD>
    <NORD>17951,578</NORD>
    <SARD>1162,6</SARD>
    <SICI>2213,675</SICI>
    <SUD>2991,087</SUD>
  </Fabbisogno>
</NewDataSet>