<?xml version="1.0" standalone="yes"?>
<NewDataSet>
  <xs:schema id="NewDataSet" xmlns="" xmlns:xs="http://www.w3.org/2001/XMLSchema" xmlns:msdata="urn:schemas-microsoft-com:xml-msdata">
    <xs:element name="NewDataSet" msdata:IsDataSet="true" msdata:UseCurrentLocale="true">
      <xs:complexType>
        <xs:choice minOccurs="0" maxOccurs="unbounded">
          <xs:element name="Fabbisogno">
            <xs:complexType>
              <xs:sequence>
                <xs:element name="Data" type="xs:string" minOccurs="0" />
                <xs:element name="Mercato" type="xs:string" minOccurs="0" />
                <xs:element name="Ora" type="xs:string" minOccurs="0" />
                <xs:element name="Italia" type="xs:string" minOccurs="0" />
                <xs:element name="CNOR" type="xs:string" minOccurs="0" />
                <xs:element name="CSUD" type="xs:string" minOccurs="0" />
                <xs:element name="NORD" type="xs:string" minOccurs="0" />
                <xs:element name="SARD" type="xs:string" minOccurs="0" />
                <xs:element name="SICI" type="xs:string" minOccurs="0" />
                <xs:element name="SUD" type="xs:string" minOccurs="0" />
              </xs:sequence>
            </xs:complexType>
          </xs:element>
        </xs:choice>
      </xs:complexType>
    </xs:element>
  </xs:schema>
  <Fabbisogno>
    <Data>20160729</Data>
    <Mercato>MGP</Mercato>
    <Ora>1</Ora>
    <Italia>31788,368</Italia>
    <CNOR>3583,813</CNOR>
    <CSUD>5416,469</CSUD>
    <NORD>16634,412</NORD>
    <SARD>1149,341</SARD>
    <SICI>2072,564</SICI>
    <SUD>2931,769</SUD>
  </Fabbisogno>
  <Fabbisogno>
    <Data>20160729</Data>
    <Mercato>MGP</Mercato>
    <Ora>2</Ora>
    <Italia>30308,024</Italia>
    <CNOR>3439,964</CNOR>
    <CSUD>5124,151</CSUD>
    <NORD>15939,175</NORD>
    <SARD>1098,713</SARD>
    <SICI>1934,159</SICI>
    <SUD>2771,862</SUD>
  </Fabbisogno>
  <Fabbisogno>
    <Data>20160729</Data>
    <Mercato>MGP</Mercato>
    <Ora>3</Ora>
    <Italia>29164,885</Italia>
    <CNOR>3294,421</CNOR>
    <CSUD>4882,607</CSUD>
    <NORD>15427,335</NORD>
    <SARD>1060,225</SARD>
    <SICI>1834,699</SICI>
    <SUD>2665,598</SUD>
  </Fabbisogno>
  <Fabbisogno>
    <Data>20160729</Data>
    <Mercato>MGP</Mercato>
    <Ora>4</Ora>
    <Italia>28580,565</Italia>
    <CNOR>3238,868</CNOR>
    <CSUD>4770,951</CSUD>
    <NORD>15138,095</NORD>
    <SARD>1042,675</SARD>
    <SICI>1775,579</SICI>
    <SUD>2614,397</SUD>
  </Fabbisogno>
  <Fabbisogno>
    <Data>20160729</Data>
    <Mercato>MGP</Mercato>
    <Ora>5</Ora>
    <Italia>28580,863</Italia>
    <CNOR>3251,17</CNOR>
    <CSUD>4749,13</CSUD>
    <NORD>15180,917</NORD>
    <SARD>1042,598</SARD>
    <SICI>1755,851</SICI>
    <SUD>2601,197</SUD>
  </Fabbisogno>
  <Fabbisogno>
    <Data>20160729</Data>
    <Mercato>MGP</Mercato>
    <Ora>6</Ora>
    <Italia>29462,836</Italia>
    <CNOR>3308,777</CNOR>
    <CSUD>4826,649</CSUD>
    <NORD>15892,651</NORD>
    <SARD>1063,962</SARD>
    <SICI>1787,366</SICI>
    <SUD>2583,431</SUD>
  </Fabbisogno>
  <Fabbisogno>
    <Data>20160729</Data>
    <Mercato>MGP</Mercato>
    <Ora>7</Ora>
    <Italia>31361,457</Italia>
    <CNOR>3405,695</CNOR>
    <CSUD>5023,081</CSUD>
    <NORD>17474,368</NORD>
    <SARD>1073,207</SARD>
    <SICI>1801,896</SICI>
    <SUD>2583,21</SUD>
  </Fabbisogno>
  <Fabbisogno>
    <Data>20160729</Data>
    <Mercato>MGP</Mercato>
    <Ora>8</Ora>
    <Italia>36713,227</Italia>
    <CNOR>3917,463</CNOR>
    <CSUD>5651,096</CSUD>
    <NORD>21002,175</NORD>
    <SARD>1146,035</SARD>
    <SICI>2029,322</SICI>
    <SUD>2967,136</SUD>
  </Fabbisogno>
  <Fabbisogno>
    <Data>20160729</Data>
    <Mercato>MGP</Mercato>
    <Ora>9</Ora>
    <Italia>41438,99</Italia>
    <CNOR>4419,375</CNOR>
    <CSUD>6383,296</CSUD>
    <NORD>23723,181</NORD>
    <SARD>1256,507</SARD>
    <SICI>2244,892</SICI>
    <SUD>3411,739</SUD>
  </Fabbisogno>
  <Fabbisogno>
    <Data>20160729</Data>
    <Mercato>MGP</Mercato>
    <Ora>10</Ora>
    <Italia>42981,627</Italia>
    <CNOR>4573,015</CNOR>
    <CSUD>6751,727</CSUD>
    <NORD>24517,767</NORD>
    <SARD>1273,915</SARD>
    <SICI>2401,365</SICI>
    <SUD>3463,838</SUD>
  </Fabbisogno>
  <Fabbisogno>
    <Data>20160729</Data>
    <Mercato>MGP</Mercato>
    <Ora>11</Ora>
    <Italia>43390,552</Italia>
    <CNOR>4623,646</CNOR>
    <CSUD>6871,782</CSUD>
    <NORD>24772,988</NORD>
    <SARD>1247,056</SARD>
    <SICI>2418,352</SICI>
    <SUD>3456,728</SUD>
  </Fabbisogno>
  <Fabbisogno>
    <Data>20160729</Data>
    <Mercato>MGP</Mercato>
    <Ora>12</Ora>
    <Italia>43475,793</Italia>
    <CNOR>4654,797</CNOR>
    <CSUD>7104,38</CSUD>
    <NORD>24497,604</NORD>
    <SARD>1280,418</SARD>
    <SICI>2428,991</SICI>
    <SUD>3509,603</SUD>
  </Fabbisogno>
  <Fabbisogno>
    <Data>20160729</Data>
    <Mercato>MGP</Mercato>
    <Ora>13</Ora>
    <Italia>41747,474</Italia>
    <CNOR>4441,789</CNOR>
    <CSUD>7111,186</CSUD>
    <NORD>22898,561</NORD>
    <SARD>1268,936</SARD>
    <SICI>2463,113</SICI>
    <SUD>3563,889</SUD>
  </Fabbisogno>
  <Fabbisogno>
    <Data>20160729</Data>
    <Mercato>MGP</Mercato>
    <Ora>14</Ora>
    <Italia>41490,894</Italia>
    <CNOR>4281,695</CNOR>
    <CSUD>6975,975</CSUD>
    <NORD>23202,316</NORD>
    <SARD>1241,596</SARD>
    <SICI>2340,502</SICI>
    <SUD>3448,81</SUD>
  </Fabbisogno>
  <Fabbisogno>
    <Data>20160729</Data>
    <Mercato>MGP</Mercato>
    <Ora>15</Ora>
    <Italia>42225,666</Italia>
    <CNOR>4442,804</CNOR>
    <CSUD>6808,121</CSUD>
    <NORD>24260,99</NORD>
    <SARD>1116,108</SARD>
    <SICI>2272,479</SICI>
    <SUD>3325,164</SUD>
  </Fabbisogno>
  <Fabbisogno>
    <Data>20160729</Data>
    <Mercato>MGP</Mercato>
    <Ora>16</Ora>
    <Italia>42518,298</Italia>
    <CNOR>4485,911</CNOR>
    <CSUD>6930,445</CSUD>
    <NORD>24386,907</NORD>
    <SARD>1126,932</SARD>
    <SICI>2286,112</SICI>
    <SUD>3301,991</SUD>
  </Fabbisogno>
  <Fabbisogno>
    <Data>20160729</Data>
    <Mercato>MGP</Mercato>
    <Ora>17</Ora>
    <Italia>42904,951</Italia>
    <CNOR>4586,286</CNOR>
    <CSUD>6972,04</CSUD>
    <NORD>24413,747</NORD>
    <SARD>1148,667</SARD>
    <SICI>2381,858</SICI>
    <SUD>3402,353</SUD>
  </Fabbisogno>
  <Fabbisogno>
    <Data>20160729</Data>
    <Mercato>MGP</Mercato>
    <Ora>18</Ora>
    <Italia>42659,323</Italia>
    <CNOR>4597,166</CNOR>
    <CSUD>7101,362</CSUD>
    <NORD>23668,551</NORD>
    <SARD>1269,173</SARD>
    <SICI>2429,848</SICI>
    <SUD>3593,223</SUD>
  </Fabbisogno>
  <Fabbisogno>
    <Data>20160729</Data>
    <Mercato>MGP</Mercato>
    <Ora>19</Ora>
    <Italia>41606,985</Italia>
    <CNOR>4488,516</CNOR>
    <CSUD>6933,54</CSUD>
    <NORD>22851,562</NORD>
    <SARD>1245,975</SARD>
    <SICI>2424,253</SICI>
    <SUD>3663,139</SUD>
  </Fabbisogno>
  <Fabbisogno>
    <Data>20160729</Data>
    <Mercato>MGP</Mercato>
    <Ora>20</Ora>
    <Italia>40806,638</Italia>
    <CNOR>4443,277</CNOR>
    <CSUD>6816,428</CSUD>
    <NORD>22248,074</NORD>
    <SARD>1295,232</SARD>
    <SICI>2399,088</SICI>
    <SUD>3604,539</SUD>
  </Fabbisogno>
  <Fabbisogno>
    <Data>20160729</Data>
    <Mercato>MGP</Mercato>
    <Ora>21</Ora>
    <Italia>39846,338</Italia>
    <CNOR>4301,093</CNOR>
    <CSUD>6777,432</CSUD>
    <NORD>21061,493</NORD>
    <SARD>1355,41</SARD>
    <SICI>2509,958</SICI>
    <SUD>3840,952</SUD>
  </Fabbisogno>
  <Fabbisogno>
    <Data>20160729</Data>
    <Mercato>MGP</Mercato>
    <Ora>22</Ora>
    <Italia>39539,277</Italia>
    <CNOR>4343,431</CNOR>
    <CSUD>6763,571</CSUD>
    <NORD>20777,11</NORD>
    <SARD>1378,546</SARD>
    <SICI>2491,547</SICI>
    <SUD>3785,072</SUD>
  </Fabbisogno>
  <Fabbisogno>
    <Data>20160729</Data>
    <Mercato>MGP</Mercato>
    <Ora>23</Ora>
    <Italia>36842,593</Italia>
    <CNOR>4019,887</CNOR>
    <CSUD>6276,1</CSUD>
    <NORD>19384,274</NORD>
    <SARD>1302,553</SARD>
    <SICI>2370,153</SICI>
    <SUD>3489,626</SUD>
  </Fabbisogno>
  <Fabbisogno>
    <Data>20160729</Data>
    <Mercato>MGP</Mercato>
    <Ora>24</Ora>
    <Italia>33497,459</Italia>
    <CNOR>3683,128</CNOR>
    <CSUD>5766,786</CSUD>
    <NORD>17441,861</NORD>
    <SARD>1213,208</SARD>
    <SICI>2191,078</SICI>
    <SUD>3201,398</SUD>
  </Fabbisogno>
</NewDataSet>