<?xml version="1.0" standalone="yes"?>
<NewDataSet>
  <xs:schema id="NewDataSet" xmlns="" xmlns:xs="http://www.w3.org/2001/XMLSchema" xmlns:msdata="urn:schemas-microsoft-com:xml-msdata">
    <xs:element name="NewDataSet" msdata:IsDataSet="true" msdata:UseCurrentLocale="true">
      <xs:complexType>
        <xs:choice minOccurs="0" maxOccurs="unbounded">
          <xs:element name="Fabbisogno">
            <xs:complexType>
              <xs:sequence>
                <xs:element name="Data" type="xs:string" minOccurs="0" />
                <xs:element name="Mercato" type="xs:string" minOccurs="0" />
                <xs:element name="Ora" type="xs:string" minOccurs="0" />
                <xs:element name="Italia" type="xs:string" minOccurs="0" />
                <xs:element name="CNOR" type="xs:string" minOccurs="0" />
                <xs:element name="CSUD" type="xs:string" minOccurs="0" />
                <xs:element name="NORD" type="xs:string" minOccurs="0" />
                <xs:element name="SARD" type="xs:string" minOccurs="0" />
                <xs:element name="SICI" type="xs:string" minOccurs="0" />
                <xs:element name="SUD" type="xs:string" minOccurs="0" />
              </xs:sequence>
            </xs:complexType>
          </xs:element>
        </xs:choice>
      </xs:complexType>
    </xs:element>
  </xs:schema>
  <Fabbisogno>
    <Data>20160710</Data>
    <Mercato>MGP</Mercato>
    <Ora>1</Ora>
    <Italia>30239,265</Italia>
    <CNOR>3266,469</CNOR>
    <CSUD>5395,248</CSUD>
    <NORD>15480,618</NORD>
    <SARD>1086,714</SARD>
    <SICI>2078,033</SICI>
    <SUD>2932,183</SUD>
  </Fabbisogno>
  <Fabbisogno>
    <Data>20160710</Data>
    <Mercato>MGP</Mercato>
    <Ora>2</Ora>
    <Italia>28379,397</Italia>
    <CNOR>3059,496</CNOR>
    <CSUD>5004,305</CSUD>
    <NORD>14587,31</NORD>
    <SARD>1028,021</SARD>
    <SICI>1936,112</SICI>
    <SUD>2764,153</SUD>
  </Fabbisogno>
  <Fabbisogno>
    <Data>20160710</Data>
    <Mercato>MGP</Mercato>
    <Ora>3</Ora>
    <Italia>27229,564</Italia>
    <CNOR>2917,764</CNOR>
    <CSUD>4765,232</CSUD>
    <NORD>14037,847</NORD>
    <SARD>1006,402</SARD>
    <SICI>1845,765</SICI>
    <SUD>2656,554</SUD>
  </Fabbisogno>
  <Fabbisogno>
    <Data>20160710</Data>
    <Mercato>MGP</Mercato>
    <Ora>4</Ora>
    <Italia>26530,395</Italia>
    <CNOR>2864,394</CNOR>
    <CSUD>4585,185</CSUD>
    <NORD>13741,234</NORD>
    <SARD>984,49</SARD>
    <SICI>1777,594</SICI>
    <SUD>2577,498</SUD>
  </Fabbisogno>
  <Fabbisogno>
    <Data>20160710</Data>
    <Mercato>MGP</Mercato>
    <Ora>5</Ora>
    <Italia>26141,367</Italia>
    <CNOR>2796,697</CNOR>
    <CSUD>4467,232</CSUD>
    <NORD>13635,127</NORD>
    <SARD>962,094</SARD>
    <SICI>1747,223</SICI>
    <SUD>2532,994</SUD>
  </Fabbisogno>
  <Fabbisogno>
    <Data>20160710</Data>
    <Mercato>MGP</Mercato>
    <Ora>6</Ora>
    <Italia>25257,902</Italia>
    <CNOR>2652,911</CNOR>
    <CSUD>4287,871</CSUD>
    <NORD>13302,706</NORD>
    <SARD>959,445</SARD>
    <SICI>1702,417</SICI>
    <SUD>2352,552</SUD>
  </Fabbisogno>
  <Fabbisogno>
    <Data>20160710</Data>
    <Mercato>MGP</Mercato>
    <Ora>7</Ora>
    <Italia>24752,624</Italia>
    <CNOR>2608,997</CNOR>
    <CSUD>4210,339</CSUD>
    <NORD>13018,316</NORD>
    <SARD>932,159</SARD>
    <SICI>1654,966</SICI>
    <SUD>2327,847</SUD>
  </Fabbisogno>
  <Fabbisogno>
    <Data>20160710</Data>
    <Mercato>MGP</Mercato>
    <Ora>8</Ora>
    <Italia>26007,981</Italia>
    <CNOR>2728,743</CNOR>
    <CSUD>4427,29</CSUD>
    <NORD>13729,503</NORD>
    <SARD>953,427</SARD>
    <SICI>1726,228</SICI>
    <SUD>2442,79</SUD>
  </Fabbisogno>
  <Fabbisogno>
    <Data>20160710</Data>
    <Mercato>MGP</Mercato>
    <Ora>9</Ora>
    <Italia>27625,07</Italia>
    <CNOR>2912,166</CNOR>
    <CSUD>4828,804</CSUD>
    <NORD>14321,397</NORD>
    <SARD>1005,56</SARD>
    <SICI>1909,646</SICI>
    <SUD>2647,497</SUD>
  </Fabbisogno>
  <Fabbisogno>
    <Data>20160710</Data>
    <Mercato>MGP</Mercato>
    <Ora>10</Ora>
    <Italia>29194,089</Italia>
    <CNOR>2983,105</CNOR>
    <CSUD>5226,141</CSUD>
    <NORD>15205,051</NORD>
    <SARD>1046,541</SARD>
    <SICI>2038,035</SICI>
    <SUD>2695,216</SUD>
  </Fabbisogno>
  <Fabbisogno>
    <Data>20160710</Data>
    <Mercato>MGP</Mercato>
    <Ora>11</Ora>
    <Italia>30054,165</Italia>
    <CNOR>3020,079</CNOR>
    <CSUD>5413,912</CSUD>
    <NORD>15774,146</NORD>
    <SARD>1012,759</SARD>
    <SICI>2079,468</SICI>
    <SUD>2753,801</SUD>
  </Fabbisogno>
  <Fabbisogno>
    <Data>20160710</Data>
    <Mercato>MGP</Mercato>
    <Ora>12</Ora>
    <Italia>30681,251</Italia>
    <CNOR>3074,298</CNOR>
    <CSUD>5571,382</CSUD>
    <NORD>16112,043</NORD>
    <SARD>1033,993</SARD>
    <SICI>2111,692</SICI>
    <SUD>2777,843</SUD>
  </Fabbisogno>
  <Fabbisogno>
    <Data>20160710</Data>
    <Mercato>MGP</Mercato>
    <Ora>13</Ora>
    <Italia>30416,29</Italia>
    <CNOR>3058,57</CNOR>
    <CSUD>5590,143</CSUD>
    <NORD>15877,354</NORD>
    <SARD>1004,348</SARD>
    <SICI>2091,694</SICI>
    <SUD>2794,181</SUD>
  </Fabbisogno>
  <Fabbisogno>
    <Data>20160710</Data>
    <Mercato>MGP</Mercato>
    <Ora>14</Ora>
    <Italia>29367,056</Italia>
    <CNOR>2863,806</CNOR>
    <CSUD>5458,339</CSUD>
    <NORD>15449,875</NORD>
    <SARD>959,329</SARD>
    <SICI>1967,959</SICI>
    <SUD>2667,748</SUD>
  </Fabbisogno>
  <Fabbisogno>
    <Data>20160710</Data>
    <Mercato>MGP</Mercato>
    <Ora>15</Ora>
    <Italia>29010,94</Italia>
    <CNOR>2869,306</CNOR>
    <CSUD>5364,219</CSUD>
    <NORD>15407,914</NORD>
    <SARD>934,281</SARD>
    <SICI>1889,791</SICI>
    <SUD>2545,429</SUD>
  </Fabbisogno>
  <Fabbisogno>
    <Data>20160710</Data>
    <Mercato>MGP</Mercato>
    <Ora>16</Ora>
    <Italia>29039,447</Italia>
    <CNOR>2910,343</CNOR>
    <CSUD>5364,706</CSUD>
    <NORD>15446,227</NORD>
    <SARD>899,517</SARD>
    <SICI>1882,122</SICI>
    <SUD>2536,532</SUD>
  </Fabbisogno>
  <Fabbisogno>
    <Data>20160710</Data>
    <Mercato>MGP</Mercato>
    <Ora>17</Ora>
    <Italia>29691,573</Italia>
    <CNOR>3072,456</CNOR>
    <CSUD>5418,853</CSUD>
    <NORD>15751,311</NORD>
    <SARD>919,774</SARD>
    <SICI>1921,485</SICI>
    <SUD>2607,694</SUD>
  </Fabbisogno>
  <Fabbisogno>
    <Data>20160710</Data>
    <Mercato>MGP</Mercato>
    <Ora>18</Ora>
    <Italia>30815,611</Italia>
    <CNOR>3227,799</CNOR>
    <CSUD>5634,033</CSUD>
    <NORD>16175,11</NORD>
    <SARD>986,632</SARD>
    <SICI>2022,403</SICI>
    <SUD>2769,634</SUD>
  </Fabbisogno>
  <Fabbisogno>
    <Data>20160710</Data>
    <Mercato>MGP</Mercato>
    <Ora>19</Ora>
    <Italia>32043,064</Italia>
    <CNOR>3444,613</CNOR>
    <CSUD>5743,704</CSUD>
    <NORD>16719,548</NORD>
    <SARD>1115,452</SARD>
    <SICI>2090,055</SICI>
    <SUD>2929,692</SUD>
  </Fabbisogno>
  <Fabbisogno>
    <Data>20160710</Data>
    <Mercato>MGP</Mercato>
    <Ora>20</Ora>
    <Italia>33341,081</Italia>
    <CNOR>3661,799</CNOR>
    <CSUD>5919,321</CSUD>
    <NORD>17369,893</NORD>
    <SARD>1183,119</SARD>
    <SICI>2129,61</SICI>
    <SUD>3077,339</SUD>
  </Fabbisogno>
  <Fabbisogno>
    <Data>20160710</Data>
    <Mercato>MGP</Mercato>
    <Ora>21</Ora>
    <Italia>33872,611</Italia>
    <CNOR>3691,274</CNOR>
    <CSUD>6144,088</CSUD>
    <NORD>17130,549</NORD>
    <SARD>1234,621</SARD>
    <SICI>2314,744</SICI>
    <SUD>3357,335</SUD>
  </Fabbisogno>
  <Fabbisogno>
    <Data>20160710</Data>
    <Mercato>MGP</Mercato>
    <Ora>22</Ora>
    <Italia>34857,876</Italia>
    <CNOR>3786,106</CNOR>
    <CSUD>6312,185</CSUD>
    <NORD>17693,666</NORD>
    <SARD>1273,938</SARD>
    <SICI>2367,203</SICI>
    <SUD>3424,778</SUD>
  </Fabbisogno>
  <Fabbisogno>
    <Data>20160710</Data>
    <Mercato>MGP</Mercato>
    <Ora>23</Ora>
    <Italia>34084,545</Italia>
    <CNOR>3657,774</CNOR>
    <CSUD>6087,847</CSUD>
    <NORD>17560,64</NORD>
    <SARD>1230,856</SARD>
    <SICI>2264,375</SICI>
    <SUD>3283,053</SUD>
  </Fabbisogno>
  <Fabbisogno>
    <Data>20160710</Data>
    <Mercato>MGP</Mercato>
    <Ora>24</Ora>
    <Italia>31595,189</Italia>
    <CNOR>3390,949</CNOR>
    <CSUD>5670,181</CSUD>
    <NORD>16212,151</NORD>
    <SARD>1147,787</SARD>
    <SICI>2114,72</SICI>
    <SUD>3059,401</SUD>
  </Fabbisogno>
</NewDataSet>