<?xml version="1.0" standalone="yes"?>
<NewDataSet>
  <xs:schema id="NewDataSet" xmlns="" xmlns:xs="http://www.w3.org/2001/XMLSchema" xmlns:msdata="urn:schemas-microsoft-com:xml-msdata">
    <xs:element name="NewDataSet" msdata:IsDataSet="true" msdata:UseCurrentLocale="true">
      <xs:complexType>
        <xs:choice minOccurs="0" maxOccurs="unbounded">
          <xs:element name="Fabbisogno">
            <xs:complexType>
              <xs:sequence>
                <xs:element name="Data" type="xs:string" minOccurs="0" />
                <xs:element name="Mercato" type="xs:string" minOccurs="0" />
                <xs:element name="Ora" type="xs:string" minOccurs="0" />
                <xs:element name="Italia" type="xs:string" minOccurs="0" />
                <xs:element name="CNOR" type="xs:string" minOccurs="0" />
                <xs:element name="CSUD" type="xs:string" minOccurs="0" />
                <xs:element name="NORD" type="xs:string" minOccurs="0" />
                <xs:element name="SARD" type="xs:string" minOccurs="0" />
                <xs:element name="SICI" type="xs:string" minOccurs="0" />
                <xs:element name="SUD" type="xs:string" minOccurs="0" />
              </xs:sequence>
            </xs:complexType>
          </xs:element>
        </xs:choice>
      </xs:complexType>
    </xs:element>
  </xs:schema>
  <Fabbisogno>
    <Data>20160704</Data>
    <Mercato>MGP</Mercato>
    <Ora>1</Ora>
    <Italia>27914,562</Italia>
    <CNOR>3033,885</CNOR>
    <CSUD>5065,706</CSUD>
    <NORD>14095,197</NORD>
    <SARD>1097,596</SARD>
    <SICI>1885,851</SICI>
    <SUD>2736,327</SUD>
  </Fabbisogno>
  <Fabbisogno>
    <Data>20160704</Data>
    <Mercato>MGP</Mercato>
    <Ora>2</Ora>
    <Italia>26198,254</Italia>
    <CNOR>2834,529</CNOR>
    <CSUD>4693,878</CSUD>
    <NORD>13289,267</NORD>
    <SARD>1039,869</SARD>
    <SICI>1753,314</SICI>
    <SUD>2587,397</SUD>
  </Fabbisogno>
  <Fabbisogno>
    <Data>20160704</Data>
    <Mercato>MGP</Mercato>
    <Ora>3</Ora>
    <Italia>25340,528</Italia>
    <CNOR>2730,969</CNOR>
    <CSUD>4468,17</CSUD>
    <NORD>12990,43</NORD>
    <SARD>1000,638</SARD>
    <SICI>1654,718</SICI>
    <SUD>2495,603</SUD>
  </Fabbisogno>
  <Fabbisogno>
    <Data>20160704</Data>
    <Mercato>MGP</Mercato>
    <Ora>4</Ora>
    <Italia>24920,249</Italia>
    <CNOR>2639,458</CNOR>
    <CSUD>4350,798</CSUD>
    <NORD>12887,223</NORD>
    <SARD>988,154</SARD>
    <SICI>1607,176</SICI>
    <SUD>2447,44</SUD>
  </Fabbisogno>
  <Fabbisogno>
    <Data>20160704</Data>
    <Mercato>MGP</Mercato>
    <Ora>5</Ora>
    <Italia>25161,833</Italia>
    <CNOR>2698,343</CNOR>
    <CSUD>4312,737</CSUD>
    <NORD>13208,238</NORD>
    <SARD>952,813</SARD>
    <SICI>1559,78</SICI>
    <SUD>2429,922</SUD>
  </Fabbisogno>
  <Fabbisogno>
    <Data>20160704</Data>
    <Mercato>MGP</Mercato>
    <Ora>6</Ora>
    <Italia>25923,26</Italia>
    <CNOR>2806,519</CNOR>
    <CSUD>4344,211</CSUD>
    <NORD>13874,532</NORD>
    <SARD>968,288</SARD>
    <SICI>1556,71</SICI>
    <SUD>2373</SUD>
  </Fabbisogno>
  <Fabbisogno>
    <Data>20160704</Data>
    <Mercato>MGP</Mercato>
    <Ora>7</Ora>
    <Italia>29354,622</Italia>
    <CNOR>3118,039</CNOR>
    <CSUD>4832,108</CSUD>
    <NORD>16251,702</NORD>
    <SARD>1025,563</SARD>
    <SICI>1631,257</SICI>
    <SUD>2495,953</SUD>
  </Fabbisogno>
  <Fabbisogno>
    <Data>20160704</Data>
    <Mercato>MGP</Mercato>
    <Ora>8</Ora>
    <Italia>34814,512</Italia>
    <CNOR>3704,338</CNOR>
    <CSUD>5568,009</CSUD>
    <NORD>19775,982</NORD>
    <SARD>1060,852</SARD>
    <SICI>1861,086</SICI>
    <SUD>2844,245</SUD>
  </Fabbisogno>
  <Fabbisogno>
    <Data>20160704</Data>
    <Mercato>MGP</Mercato>
    <Ora>9</Ora>
    <Italia>40353,313</Italia>
    <CNOR>4313,257</CNOR>
    <CSUD>6459,795</CSUD>
    <NORD>22979,693</NORD>
    <SARD>1182,419</SARD>
    <SICI>2173,502</SICI>
    <SUD>3244,647</SUD>
  </Fabbisogno>
  <Fabbisogno>
    <Data>20160704</Data>
    <Mercato>MGP</Mercato>
    <Ora>10</Ora>
    <Italia>42582,928</Italia>
    <CNOR>4530,979</CNOR>
    <CSUD>6946,366</CSUD>
    <NORD>24194,122</NORD>
    <SARD>1214,196</SARD>
    <SICI>2312,325</SICI>
    <SUD>3384,94</SUD>
  </Fabbisogno>
  <Fabbisogno>
    <Data>20160704</Data>
    <Mercato>MGP</Mercato>
    <Ora>11</Ora>
    <Italia>43265,425</Italia>
    <CNOR>4617,949</CNOR>
    <CSUD>7161,507</CSUD>
    <NORD>24544,338</NORD>
    <SARD>1212,244</SARD>
    <SICI>2341,485</SICI>
    <SUD>3387,902</SUD>
  </Fabbisogno>
  <Fabbisogno>
    <Data>20160704</Data>
    <Mercato>MGP</Mercato>
    <Ora>12</Ora>
    <Italia>43585,622</Italia>
    <CNOR>4666,479</CNOR>
    <CSUD>7269,874</CSUD>
    <NORD>24686,964</NORD>
    <SARD>1199,956</SARD>
    <SICI>2351,792</SICI>
    <SUD>3410,557</SUD>
  </Fabbisogno>
  <Fabbisogno>
    <Data>20160704</Data>
    <Mercato>MGP</Mercato>
    <Ora>13</Ora>
    <Italia>41963,019</Italia>
    <CNOR>4437,692</CNOR>
    <CSUD>7309,585</CSUD>
    <NORD>23176,26</NORD>
    <SARD>1214,994</SARD>
    <SICI>2363,988</SICI>
    <SUD>3460,5</SUD>
  </Fabbisogno>
  <Fabbisogno>
    <Data>20160704</Data>
    <Mercato>MGP</Mercato>
    <Ora>14</Ora>
    <Italia>42126,006</Italia>
    <CNOR>4306,321</CNOR>
    <CSUD>7181,711</CSUD>
    <NORD>23782,368</NORD>
    <SARD>1184,234</SARD>
    <SICI>2322,873</SICI>
    <SUD>3348,499</SUD>
  </Fabbisogno>
  <Fabbisogno>
    <Data>20160704</Data>
    <Mercato>MGP</Mercato>
    <Ora>15</Ora>
    <Italia>43233,044</Italia>
    <CNOR>4536,943</CNOR>
    <CSUD>7244,43</CSUD>
    <NORD>24728,524</NORD>
    <SARD>1137,967</SARD>
    <SICI>2295,03</SICI>
    <SUD>3290,15</SUD>
  </Fabbisogno>
  <Fabbisogno>
    <Data>20160704</Data>
    <Mercato>MGP</Mercato>
    <Ora>16</Ora>
    <Italia>43418,108</Italia>
    <CNOR>4531,638</CNOR>
    <CSUD>7233,12</CSUD>
    <NORD>25009,637</NORD>
    <SARD>1131,181</SARD>
    <SICI>2295,216</SICI>
    <SUD>3217,316</SUD>
  </Fabbisogno>
  <Fabbisogno>
    <Data>20160704</Data>
    <Mercato>MGP</Mercato>
    <Ora>17</Ora>
    <Italia>43684,37</Italia>
    <CNOR>4530,5</CNOR>
    <CSUD>7226,643</CSUD>
    <NORD>25076,083</NORD>
    <SARD>1154,516</SARD>
    <SICI>2394,244</SICI>
    <SUD>3302,384</SUD>
  </Fabbisogno>
  <Fabbisogno>
    <Data>20160704</Data>
    <Mercato>MGP</Mercato>
    <Ora>18</Ora>
    <Italia>43336,773</Italia>
    <CNOR>4564,329</CNOR>
    <CSUD>7267,288</CSUD>
    <NORD>24391,72</NORD>
    <SARD>1196,092</SARD>
    <SICI>2417,119</SICI>
    <SUD>3500,225</SUD>
  </Fabbisogno>
  <Fabbisogno>
    <Data>20160704</Data>
    <Mercato>MGP</Mercato>
    <Ora>19</Ora>
    <Italia>42478,562</Italia>
    <CNOR>4473,836</CNOR>
    <CSUD>7114,42</CSUD>
    <NORD>23642,896</NORD>
    <SARD>1235,366</SARD>
    <SICI>2424,028</SICI>
    <SUD>3588,016</SUD>
  </Fabbisogno>
  <Fabbisogno>
    <Data>20160704</Data>
    <Mercato>MGP</Mercato>
    <Ora>20</Ora>
    <Italia>41245,952</Italia>
    <CNOR>4371,683</CNOR>
    <CSUD>6953,417</CSUD>
    <NORD>22752,74</NORD>
    <SARD>1301,019</SARD>
    <SICI>2357,445</SICI>
    <SUD>3509,648</SUD>
  </Fabbisogno>
  <Fabbisogno>
    <Data>20160704</Data>
    <Mercato>MGP</Mercato>
    <Ora>21</Ora>
    <Italia>40531,903</Italia>
    <CNOR>4203,107</CNOR>
    <CSUD>6999,623</CSUD>
    <NORD>21820,594</NORD>
    <SARD>1286,577</SARD>
    <SICI>2496,722</SICI>
    <SUD>3725,28</SUD>
  </Fabbisogno>
  <Fabbisogno>
    <Data>20160704</Data>
    <Mercato>MGP</Mercato>
    <Ora>22</Ora>
    <Italia>40223,413</Italia>
    <CNOR>4216,654</CNOR>
    <CSUD>6899,953</CSUD>
    <NORD>21731,682</NORD>
    <SARD>1288,639</SARD>
    <SICI>2477,966</SICI>
    <SUD>3608,519</SUD>
  </Fabbisogno>
  <Fabbisogno>
    <Data>20160704</Data>
    <Mercato>MGP</Mercato>
    <Ora>23</Ora>
    <Italia>38184,664</Italia>
    <CNOR>3988,325</CNOR>
    <CSUD>6496,535</CSUD>
    <NORD>20623,879</NORD>
    <SARD>1266,54</SARD>
    <SICI>2376,878</SICI>
    <SUD>3432,507</SUD>
  </Fabbisogno>
  <Fabbisogno>
    <Data>20160704</Data>
    <Mercato>MGP</Mercato>
    <Ora>24</Ora>
    <Italia>34776,746</Italia>
    <CNOR>3660,687</CNOR>
    <CSUD>5939,768</CSUD>
    <NORD>18666,757</NORD>
    <SARD>1155,736</SARD>
    <SICI>2194,507</SICI>
    <SUD>3159,291</SUD>
  </Fabbisogno>
</NewDataSet>