<?xml version="1.0" standalone="yes"?>
<NewDataSet>
  <xs:schema id="NewDataSet" xmlns="" xmlns:xs="http://www.w3.org/2001/XMLSchema" xmlns:msdata="urn:schemas-microsoft-com:xml-msdata">
    <xs:element name="NewDataSet" msdata:IsDataSet="true" msdata:MainDataTable="Fabbisogno" msdata:UseCurrentLocale="true">
      <xs:complexType>
        <xs:choice minOccurs="0" maxOccurs="unbounded">
          <xs:element name="Fabbisogno">
            <xs:complexType>
              <xs:sequence>
                <xs:element name="Data" type="xs:string" minOccurs="0" />
                <xs:element name="Mercato" type="xs:string" minOccurs="0" />
                <xs:element name="Ora" type="xs:string" minOccurs="0" />
                <xs:element name="Totale" type="xs:string" minOccurs="0" />
                <xs:element name="CNOR" type="xs:string" minOccurs="0" />
                <xs:element name="CSUD" type="xs:string" minOccurs="0" />
                <xs:element name="NORD" type="xs:string" minOccurs="0" />
                <xs:element name="SARD" type="xs:string" minOccurs="0" />
                <xs:element name="SICI" type="xs:string" minOccurs="0" />
                <xs:element name="SUD" type="xs:string" minOccurs="0" />
              </xs:sequence>
            </xs:complexType>
          </xs:element>
        </xs:choice>
      </xs:complexType>
    </xs:element>
  </xs:schema>
  <Fabbisogno>
    <Data>20170409</Data>
    <Mercato>MGP</Mercato>
    <Ora>01</Ora>
    <Totale>24039</Totale>
    <CNOR>2543</CNOR>
    <CSUD>4034</CSUD>
    <NORD>12835</NORD>
    <SARD>854</SARD>
    <SICI>1641</SICI>
    <SUD>2132</SUD>
  </Fabbisogno>
  <Fabbisogno>
    <Data>20170409</Data>
    <Mercato>MGP</Mercato>
    <Ora>02</Ora>
    <Totale>22202</Totale>
    <CNOR>2452</CNOR>
    <CSUD>3720</CSUD>
    <NORD>11827</NORD>
    <SARD>811</SARD>
    <SICI>1433</SICI>
    <SUD>1959</SUD>
  </Fabbisogno>
  <Fabbisogno>
    <Data>20170409</Data>
    <Mercato>MGP</Mercato>
    <Ora>03</Ora>
    <Totale>20650</Totale>
    <CNOR>2282</CNOR>
    <CSUD>3356</CSUD>
    <NORD>10997</NORD>
    <SARD>785</SARD>
    <SICI>1357</SICI>
    <SUD>1873</SUD>
  </Fabbisogno>
  <Fabbisogno>
    <Data>20170409</Data>
    <Mercato>MGP</Mercato>
    <Ora>04</Ora>
    <Totale>20292</Totale>
    <CNOR>2226</CNOR>
    <CSUD>3235</CSUD>
    <NORD>10865</NORD>
    <SARD>780</SARD>
    <SICI>1342</SICI>
    <SUD>1844</SUD>
  </Fabbisogno>
  <Fabbisogno>
    <Data>20170409</Data>
    <Mercato>MGP</Mercato>
    <Ora>05</Ora>
    <Totale>20164</Totale>
    <CNOR>2234</CNOR>
    <CSUD>3185</CSUD>
    <NORD>10763</NORD>
    <SARD>788</SARD>
    <SICI>1295</SICI>
    <SUD>1899</SUD>
  </Fabbisogno>
  <Fabbisogno>
    <Data>20170409</Data>
    <Mercato>MGP</Mercato>
    <Ora>06</Ora>
    <Totale>20569</Totale>
    <CNOR>2271</CNOR>
    <CSUD>3241</CSUD>
    <NORD>11057</NORD>
    <SARD>797</SARD>
    <SICI>1315</SICI>
    <SUD>1888</SUD>
  </Fabbisogno>
  <Fabbisogno>
    <Data>20170409</Data>
    <Mercato>MGP</Mercato>
    <Ora>07</Ora>
    <Totale>20759</Totale>
    <CNOR>2279</CNOR>
    <CSUD>3333</CSUD>
    <NORD>11143</NORD>
    <SARD>822</SARD>
    <SICI>1352</SICI>
    <SUD>1830</SUD>
  </Fabbisogno>
  <Fabbisogno>
    <Data>20170409</Data>
    <Mercato>MGP</Mercato>
    <Ora>08</Ora>
    <Totale>21282</Totale>
    <CNOR>2289</CNOR>
    <CSUD>3397</CSUD>
    <NORD>11463</NORD>
    <SARD>848</SARD>
    <SICI>1443</SICI>
    <SUD>1842</SUD>
  </Fabbisogno>
  <Fabbisogno>
    <Data>20170409</Data>
    <Mercato>MGP</Mercato>
    <Ora>09</Ora>
    <Totale>23073</Totale>
    <CNOR>2489</CNOR>
    <CSUD>3880</CSUD>
    <NORD>12039</NORD>
    <SARD>896</SARD>
    <SICI>1660</SICI>
    <SUD>2109</SUD>
  </Fabbisogno>
  <Fabbisogno>
    <Data>20170409</Data>
    <Mercato>MGP</Mercato>
    <Ora>10</Ora>
    <Totale>24904</Totale>
    <CNOR>2673</CNOR>
    <CSUD>4293</CSUD>
    <NORD>12966</NORD>
    <SARD>961</SARD>
    <SICI>1837</SICI>
    <SUD>2174</SUD>
  </Fabbisogno>
  <Fabbisogno>
    <Data>20170409</Data>
    <Mercato>MGP</Mercato>
    <Ora>11</Ora>
    <Totale>26082</Totale>
    <CNOR>2852</CNOR>
    <CSUD>4466</CSUD>
    <NORD>13328</NORD>
    <SARD>1003</SARD>
    <SICI>2066</SICI>
    <SUD>2367</SUD>
  </Fabbisogno>
  <Fabbisogno>
    <Data>20170409</Data>
    <Mercato>MGP</Mercato>
    <Ora>12</Ora>
    <Totale>26530</Totale>
    <CNOR>2823</CNOR>
    <CSUD>4532</CSUD>
    <NORD>13585</NORD>
    <SARD>988</SARD>
    <SICI>2067</SICI>
    <SUD>2535</SUD>
  </Fabbisogno>
  <Fabbisogno>
    <Data>20170409</Data>
    <Mercato>MGP</Mercato>
    <Ora>13</Ora>
    <Totale>26380</Totale>
    <CNOR>2878</CNOR>
    <CSUD>4698</CSUD>
    <NORD>13447</NORD>
    <SARD>926</SARD>
    <SICI>2062</SICI>
    <SUD>2369</SUD>
  </Fabbisogno>
  <Fabbisogno>
    <Data>20170409</Data>
    <Mercato>MGP</Mercato>
    <Ora>14</Ora>
    <Totale>25182</Totale>
    <CNOR>2669</CNOR>
    <CSUD>4692</CSUD>
    <NORD>12778</NORD>
    <SARD>788</SARD>
    <SICI>1868</SICI>
    <SUD>2387</SUD>
  </Fabbisogno>
  <Fabbisogno>
    <Data>20170409</Data>
    <Mercato>MGP</Mercato>
    <Ora>15</Ora>
    <Totale>24571</Totale>
    <CNOR>2634</CNOR>
    <CSUD>4339</CSUD>
    <NORD>12669</NORD>
    <SARD>824</SARD>
    <SICI>1811</SICI>
    <SUD>2294</SUD>
  </Fabbisogno>
  <Fabbisogno>
    <Data>20170409</Data>
    <Mercato>MGP</Mercato>
    <Ora>16</Ora>
    <Totale>24746</Totale>
    <CNOR>2573</CNOR>
    <CSUD>4343</CSUD>
    <NORD>12673</NORD>
    <SARD>794</SARD>
    <SICI>1763</SICI>
    <SUD>2600</SUD>
  </Fabbisogno>
  <Fabbisogno>
    <Data>20170409</Data>
    <Mercato>MGP</Mercato>
    <Ora>17</Ora>
    <Totale>24032</Totale>
    <CNOR>2555</CNOR>
    <CSUD>4337</CSUD>
    <NORD>12023</NORD>
    <SARD>784</SARD>
    <SICI>1620</SICI>
    <SUD>2713</SUD>
  </Fabbisogno>
  <Fabbisogno>
    <Data>20170409</Data>
    <Mercato>MGP</Mercato>
    <Ora>18</Ora>
    <Totale>24577</Totale>
    <CNOR>2592</CNOR>
    <CSUD>4356</CSUD>
    <NORD>12496</NORD>
    <SARD>838</SARD>
    <SICI>1712</SICI>
    <SUD>2583</SUD>
  </Fabbisogno>
  <Fabbisogno>
    <Data>20170409</Data>
    <Mercato>MGP</Mercato>
    <Ora>19</Ora>
    <Totale>25716</Totale>
    <CNOR>2766</CNOR>
    <CSUD>4472</CSUD>
    <NORD>13288</NORD>
    <SARD>892</SARD>
    <SICI>1689</SICI>
    <SUD>2609</SUD>
  </Fabbisogno>
  <Fabbisogno>
    <Data>20170409</Data>
    <Mercato>MGP</Mercato>
    <Ora>20</Ora>
    <Totale>28892</Totale>
    <CNOR>3197</CNOR>
    <CSUD>5080</CSUD>
    <NORD>14990</NORD>
    <SARD>993</SARD>
    <SICI>1855</SICI>
    <SUD>2777</SUD>
  </Fabbisogno>
  <Fabbisogno>
    <Data>20170409</Data>
    <Mercato>MGP</Mercato>
    <Ora>21</Ora>
    <Totale>31094</Totale>
    <CNOR>3378</CNOR>
    <CSUD>5375</CSUD>
    <NORD>16100</NORD>
    <SARD>1112</SARD>
    <SICI>2094</SICI>
    <SUD>3035</SUD>
  </Fabbisogno>
  <Fabbisogno>
    <Data>20170409</Data>
    <Mercato>MGP</Mercato>
    <Ora>22</Ora>
    <Totale>29836</Totale>
    <CNOR>3273</CNOR>
    <CSUD>5068</CSUD>
    <NORD>15522</NORD>
    <SARD>1086</SARD>
    <SICI>2008</SICI>
    <SUD>2879</SUD>
  </Fabbisogno>
  <Fabbisogno>
    <Data>20170409</Data>
    <Mercato>MGP</Mercato>
    <Ora>23</Ora>
    <Totale>27438</Totale>
    <CNOR>3036</CNOR>
    <CSUD>4694</CSUD>
    <NORD>14146</NORD>
    <SARD>1009</SARD>
    <SICI>1843</SICI>
    <SUD>2710</SUD>
  </Fabbisogno>
  <Fabbisogno>
    <Data>20170409</Data>
    <Mercato>MGP</Mercato>
    <Ora>24</Ora>
    <Totale>25127</Totale>
    <CNOR>2735</CNOR>
    <CSUD>4298</CSUD>
    <NORD>13076</NORD>
    <SARD>924</SARD>
    <SICI>1648</SICI>
    <SUD>2446</SUD>
  </Fabbisogno>
</NewDataSet>