<?xml version="1.0" standalone="yes"?>
<NewDataSet>
  <xs:schema id="NewDataSet" xmlns="" xmlns:xs="http://www.w3.org/2001/XMLSchema" xmlns:msdata="urn:schemas-microsoft-com:xml-msdata">
    <xs:element name="NewDataSet" msdata:IsDataSet="true" msdata:MainDataTable="marketintervaldetail" msdata:UseCurrentLocale="true">
      <xs:complexType>
        <xs:choice minOccurs="0" maxOccurs="unbounded">
          <xs:element name="marketintervaldetail">
            <xs:complexType>
              <xs:sequence>
                <xs:element name="Data" type="xs:string" minOccurs="0" />
                <xs:element name="Mercato" type="xs:string" minOccurs="0" />
                <xs:element name="Ora" type="xs:string" minOccurs="0" />
                <xs:element name="Totale" type="xs:string" minOccurs="0" />
                <xs:element name="CNOR" type="xs:string" minOccurs="0" />
                <xs:element name="CSUD" type="xs:string" minOccurs="0" />
                <xs:element name="NORD" type="xs:string" minOccurs="0" />
                <xs:element name="SARD" type="xs:string" minOccurs="0" />
                <xs:element name="SICI" type="xs:string" minOccurs="0" />
                <xs:element name="SUD" type="xs:string" minOccurs="0" />
              </xs:sequence>
            </xs:complexType>
          </xs:element>
        </xs:choice>
      </xs:complexType>
    </xs:element>
  </xs:schema>
  <marketintervaldetail>
    <Data>20170429</Data>
    <Mercato>MGP</Mercato>
    <Ora>01</Ora>
    <Totale>26541</Totale>
    <CNOR>2864</CNOR>
    <CSUD>4206</CSUD>
    <NORD>14766</NORD>
    <SARD>848</SARD>
    <SICI>1548</SICI>
    <SUD>2309</SUD>
  </marketintervaldetail>
  <marketintervaldetail>
    <Data>20170429</Data>
    <Mercato>MGP</Mercato>
    <Ora>02</Ora>
    <Totale>24577</Totale>
    <CNOR>2591</CNOR>
    <CSUD>3818</CSUD>
    <NORD>13717</NORD>
    <SARD>793</SARD>
    <SICI>1537</SICI>
    <SUD>2121</SUD>
  </marketintervaldetail>
  <marketintervaldetail>
    <Data>20170429</Data>
    <Mercato>MGP</Mercato>
    <Ora>03</Ora>
    <Totale>23551</Totale>
    <CNOR>2482</CNOR>
    <CSUD>3511</CSUD>
    <NORD>13315</NORD>
    <SARD>778</SARD>
    <SICI>1381</SICI>
    <SUD>2084</SUD>
  </marketintervaldetail>
  <marketintervaldetail>
    <Data>20170429</Data>
    <Mercato>MGP</Mercato>
    <Ora>04</Ora>
    <Totale>23093</Totale>
    <CNOR>2462</CNOR>
    <CSUD>3455</CSUD>
    <NORD>13037</NORD>
    <SARD>771</SARD>
    <SICI>1324</SICI>
    <SUD>2044</SUD>
  </marketintervaldetail>
  <marketintervaldetail>
    <Data>20170429</Data>
    <Mercato>MGP</Mercato>
    <Ora>05</Ora>
    <Totale>23051</Totale>
    <CNOR>2396</CNOR>
    <CSUD>3415</CSUD>
    <NORD>13050</NORD>
    <SARD>769</SARD>
    <SICI>1358</SICI>
    <SUD>2063</SUD>
  </marketintervaldetail>
  <marketintervaldetail>
    <Data>20170429</Data>
    <Mercato>MGP</Mercato>
    <Ora>06</Ora>
    <Totale>23305</Totale>
    <CNOR>2402</CNOR>
    <CSUD>3532</CSUD>
    <NORD>13036</NORD>
    <SARD>785</SARD>
    <SICI>1425</SICI>
    <SUD>2125</SUD>
  </marketintervaldetail>
  <marketintervaldetail>
    <Data>20170429</Data>
    <Mercato>MGP</Mercato>
    <Ora>07</Ora>
    <Totale>23950</Totale>
    <CNOR>2470</CNOR>
    <CSUD>3630</CSUD>
    <NORD>13424</NORD>
    <SARD>833</SARD>
    <SICI>1475</SICI>
    <SUD>2118</SUD>
  </marketintervaldetail>
  <marketintervaldetail>
    <Data>20170429</Data>
    <Mercato>MGP</Mercato>
    <Ora>08</Ora>
    <Totale>26663</Totale>
    <CNOR>2768</CNOR>
    <CSUD>4199</CSUD>
    <NORD>14758</NORD>
    <SARD>908</SARD>
    <SICI>1607</SICI>
    <SUD>2423</SUD>
  </marketintervaldetail>
  <marketintervaldetail>
    <Data>20170429</Data>
    <Mercato>MGP</Mercato>
    <Ora>09</Ora>
    <Totale>29455</Totale>
    <CNOR>3132</CNOR>
    <CSUD>4716</CSUD>
    <NORD>16138</NORD>
    <SARD>971</SARD>
    <SICI>1859</SICI>
    <SUD>2639</SUD>
  </marketintervaldetail>
  <marketintervaldetail>
    <Data>20170429</Data>
    <Mercato>MGP</Mercato>
    <Ora>10</Ora>
    <Totale>30980</Totale>
    <CNOR>3275</CNOR>
    <CSUD>5057</CSUD>
    <NORD>16993</NORD>
    <SARD>981</SARD>
    <SICI>1988</SICI>
    <SUD>2686</SUD>
  </marketintervaldetail>
  <marketintervaldetail>
    <Data>20170429</Data>
    <Mercato>MGP</Mercato>
    <Ora>11</Ora>
    <Totale>30915</Totale>
    <CNOR>3253</CNOR>
    <CSUD>5197</CSUD>
    <NORD>16863</NORD>
    <SARD>955</SARD>
    <SICI>1986</SICI>
    <SUD>2661</SUD>
  </marketintervaldetail>
  <marketintervaldetail>
    <Data>20170429</Data>
    <Mercato>MGP</Mercato>
    <Ora>12</Ora>
    <Totale>29892</Totale>
    <CNOR>3289</CNOR>
    <CSUD>5135</CSUD>
    <NORD>16059</NORD>
    <SARD>914</SARD>
    <SICI>1889</SICI>
    <SUD>2606</SUD>
  </marketintervaldetail>
  <marketintervaldetail>
    <Data>20170429</Data>
    <Mercato>MGP</Mercato>
    <Ora>13</Ora>
    <Totale>27879</Totale>
    <CNOR>3048</CNOR>
    <CSUD>4902</CSUD>
    <NORD>14750</NORD>
    <SARD>909</SARD>
    <SICI>1699</SICI>
    <SUD>2571</SUD>
  </marketintervaldetail>
  <marketintervaldetail>
    <Data>20170429</Data>
    <Mercato>MGP</Mercato>
    <Ora>14</Ora>
    <Totale>26453</Totale>
    <CNOR>2884</CNOR>
    <CSUD>4659</CSUD>
    <NORD>14099</NORD>
    <SARD>894</SARD>
    <SICI>1668</SICI>
    <SUD>2249</SUD>
  </marketintervaldetail>
  <marketintervaldetail>
    <Data>20170429</Data>
    <Mercato>MGP</Mercato>
    <Ora>15</Ora>
    <Totale>26200</Totale>
    <CNOR>2919</CNOR>
    <CSUD>4653</CSUD>
    <NORD>13895</NORD>
    <SARD>882</SARD>
    <SICI>1550</SICI>
    <SUD>2301</SUD>
  </marketintervaldetail>
  <marketintervaldetail>
    <Data>20170429</Data>
    <Mercato>MGP</Mercato>
    <Ora>16</Ora>
    <Totale>26229</Totale>
    <CNOR>3007</CNOR>
    <CSUD>4595</CSUD>
    <NORD>13796</NORD>
    <SARD>856</SARD>
    <SICI>1648</SICI>
    <SUD>2327</SUD>
  </marketintervaldetail>
  <marketintervaldetail>
    <Data>20170429</Data>
    <Mercato>MGP</Mercato>
    <Ora>17</Ora>
    <Totale>26217</Totale>
    <CNOR>3024</CNOR>
    <CSUD>4615</CSUD>
    <NORD>13704</NORD>
    <SARD>864</SARD>
    <SICI>1642</SICI>
    <SUD>2368</SUD>
  </marketintervaldetail>
  <marketintervaldetail>
    <Data>20170429</Data>
    <Mercato>MGP</Mercato>
    <Ora>18</Ora>
    <Totale>27110</Totale>
    <CNOR>3208</CNOR>
    <CSUD>4706</CSUD>
    <NORD>13941</NORD>
    <SARD>894</SARD>
    <SICI>1727</SICI>
    <SUD>2634</SUD>
  </marketintervaldetail>
  <marketintervaldetail>
    <Data>20170429</Data>
    <Mercato>MGP</Mercato>
    <Ora>19</Ora>
    <Totale>28359</Totale>
    <CNOR>3263</CNOR>
    <CSUD>4849</CSUD>
    <NORD>14757</NORD>
    <SARD>954</SARD>
    <SICI>1788</SICI>
    <SUD>2748</SUD>
  </marketintervaldetail>
  <marketintervaldetail>
    <Data>20170429</Data>
    <Mercato>MGP</Mercato>
    <Ora>20</Ora>
    <Totale>29833</Totale>
    <CNOR>3420</CNOR>
    <CSUD>5099</CSUD>
    <NORD>15401</NORD>
    <SARD>1016</SARD>
    <SICI>1982</SICI>
    <SUD>2915</SUD>
  </marketintervaldetail>
  <marketintervaldetail>
    <Data>20170429</Data>
    <Mercato>MGP</Mercato>
    <Ora>21</Ora>
    <Totale>31584</Totale>
    <CNOR>3568</CNOR>
    <CSUD>5569</CSUD>
    <NORD>16007</NORD>
    <SARD>1091</SARD>
    <SICI>2220</SICI>
    <SUD>3129</SUD>
  </marketintervaldetail>
  <marketintervaldetail>
    <Data>20170429</Data>
    <Mercato>MGP</Mercato>
    <Ora>22</Ora>
    <Totale>30435</Totale>
    <CNOR>3406</CNOR>
    <CSUD>5325</CSUD>
    <NORD>15552</NORD>
    <SARD>1088</SARD>
    <SICI>2107</SICI>
    <SUD>2957</SUD>
  </marketintervaldetail>
  <marketintervaldetail>
    <Data>20170429</Data>
    <Mercato>MGP</Mercato>
    <Ora>23</Ora>
    <Totale>27840</Totale>
    <CNOR>3151</CNOR>
    <CSUD>4851</CSUD>
    <NORD>14135</NORD>
    <SARD>1020</SARD>
    <SICI>1935</SICI>
    <SUD>2748</SUD>
  </marketintervaldetail>
  <marketintervaldetail>
    <Data>20170429</Data>
    <Mercato>MGP</Mercato>
    <Ora>24</Ora>
    <Totale>25787</Totale>
    <CNOR>2949</CNOR>
    <CSUD>4444</CSUD>
    <NORD>13086</NORD>
    <SARD>949</SARD>
    <SICI>1770</SICI>
    <SUD>2589</SUD>
  </marketintervaldetail>
</NewDataSet>