<?xml version="1.0" standalone="yes"?>
<NewDataSet>
  <xs:schema id="NewDataSet" xmlns="" xmlns:xs="http://www.w3.org/2001/XMLSchema" xmlns:msdata="urn:schemas-microsoft-com:xml-msdata">
    <xs:element name="NewDataSet" msdata:IsDataSet="true" msdata:MainDataTable="marketintervaldetail" msdata:UseCurrentLocale="true">
      <xs:complexType>
        <xs:choice minOccurs="0" maxOccurs="unbounded">
          <xs:element name="marketintervaldetail">
            <xs:complexType>
              <xs:sequence>
                <xs:element name="Data" type="xs:string" minOccurs="0" />
                <xs:element name="Mercato" type="xs:string" minOccurs="0" />
                <xs:element name="Ora" type="xs:string" minOccurs="0" />
                <xs:element name="Totale" type="xs:string" minOccurs="0" />
                <xs:element name="CNOR" type="xs:string" minOccurs="0" />
                <xs:element name="CSUD" type="xs:string" minOccurs="0" />
                <xs:element name="NORD" type="xs:string" minOccurs="0" />
                <xs:element name="SARD" type="xs:string" minOccurs="0" />
                <xs:element name="SICI" type="xs:string" minOccurs="0" />
                <xs:element name="SUD" type="xs:string" minOccurs="0" />
              </xs:sequence>
            </xs:complexType>
          </xs:element>
        </xs:choice>
      </xs:complexType>
    </xs:element>
  </xs:schema>
  <marketintervaldetail>
    <Data>20170411</Data>
    <Mercato>MGP</Mercato>
    <Ora>01</Ora>
    <Totale>26836</Totale>
    <CNOR>2839</CNOR>
    <CSUD>4286</CSUD>
    <NORD>15013</NORD>
    <SARD>871</SARD>
    <SICI>1577</SICI>
    <SUD>2250</SUD>
  </marketintervaldetail>
  <marketintervaldetail>
    <Data>20170411</Data>
    <Mercato>MGP</Mercato>
    <Ora>02</Ora>
    <Totale>25165</Totale>
    <CNOR>2639</CNOR>
    <CSUD>3934</CSUD>
    <NORD>14246</NORD>
    <SARD>824</SARD>
    <SICI>1463</SICI>
    <SUD>2059</SUD>
  </marketintervaldetail>
  <marketintervaldetail>
    <Data>20170411</Data>
    <Mercato>MGP</Mercato>
    <Ora>03</Ora>
    <Totale>24160</Totale>
    <CNOR>2474</CNOR>
    <CSUD>3663</CSUD>
    <NORD>13865</NORD>
    <SARD>801</SARD>
    <SICI>1393</SICI>
    <SUD>1964</SUD>
  </marketintervaldetail>
  <marketintervaldetail>
    <Data>20170411</Data>
    <Mercato>MGP</Mercato>
    <Ora>04</Ora>
    <Totale>24042</Totale>
    <CNOR>2493</CNOR>
    <CSUD>3571</CSUD>
    <NORD>13825</NORD>
    <SARD>792</SARD>
    <SICI>1373</SICI>
    <SUD>1988</SUD>
  </marketintervaldetail>
  <marketintervaldetail>
    <Data>20170411</Data>
    <Mercato>MGP</Mercato>
    <Ora>05</Ora>
    <Totale>24231</Totale>
    <CNOR>2515</CNOR>
    <CSUD>3671</CSUD>
    <NORD>13893</NORD>
    <SARD>802</SARD>
    <SICI>1358</SICI>
    <SUD>1992</SUD>
  </marketintervaldetail>
  <marketintervaldetail>
    <Data>20170411</Data>
    <Mercato>MGP</Mercato>
    <Ora>06</Ora>
    <Totale>25644</Totale>
    <CNOR>2663</CNOR>
    <CSUD>3930</CSUD>
    <NORD>14710</NORD>
    <SARD>831</SARD>
    <SICI>1435</SICI>
    <SUD>2075</SUD>
  </marketintervaldetail>
  <marketintervaldetail>
    <Data>20170411</Data>
    <Mercato>MGP</Mercato>
    <Ora>07</Ora>
    <Totale>29542</Totale>
    <CNOR>3039</CNOR>
    <CSUD>4408</CSUD>
    <NORD>17361</NORD>
    <SARD>901</SARD>
    <SICI>1604</SICI>
    <SUD>2229</SUD>
  </marketintervaldetail>
  <marketintervaldetail>
    <Data>20170411</Data>
    <Mercato>MGP</Mercato>
    <Ora>08</Ora>
    <Totale>34249</Totale>
    <CNOR>3473</CNOR>
    <CSUD>5105</CSUD>
    <NORD>20284</NORD>
    <SARD>1018</SARD>
    <SICI>1890</SICI>
    <SUD>2479</SUD>
  </marketintervaldetail>
  <marketintervaldetail>
    <Data>20170411</Data>
    <Mercato>MGP</Mercato>
    <Ora>09</Ora>
    <Totale>38713</Totale>
    <CNOR>4059</CNOR>
    <CSUD>5782</CSUD>
    <NORD>23014</NORD>
    <SARD>1073</SARD>
    <SICI>2058</SICI>
    <SUD>2727</SUD>
  </marketintervaldetail>
  <marketintervaldetail>
    <Data>20170411</Data>
    <Mercato>MGP</Mercato>
    <Ora>10</Ora>
    <Totale>39669</Totale>
    <CNOR>4404</CNOR>
    <CSUD>6074</CSUD>
    <NORD>23411</NORD>
    <SARD>1074</SARD>
    <SICI>2077</SICI>
    <SUD>2629</SUD>
  </marketintervaldetail>
  <marketintervaldetail>
    <Data>20170411</Data>
    <Mercato>MGP</Mercato>
    <Ora>11</Ora>
    <Totale>39036</Totale>
    <CNOR>4354</CNOR>
    <CSUD>6043</CSUD>
    <NORD>22843</NORD>
    <SARD>1045</SARD>
    <SICI>2041</SICI>
    <SUD>2710</SUD>
  </marketintervaldetail>
  <marketintervaldetail>
    <Data>20170411</Data>
    <Mercato>MGP</Mercato>
    <Ora>12</Ora>
    <Totale>38177</Totale>
    <CNOR>4150</CNOR>
    <CSUD>5889</CSUD>
    <NORD>22549</NORD>
    <SARD>1040</SARD>
    <SICI>1885</SICI>
    <SUD>2664</SUD>
  </marketintervaldetail>
  <marketintervaldetail>
    <Data>20170411</Data>
    <Mercato>MGP</Mercato>
    <Ora>13</Ora>
    <Totale>36524</Totale>
    <CNOR>3836</CNOR>
    <CSUD>5932</CSUD>
    <NORD>21029</NORD>
    <SARD>1072</SARD>
    <SICI>1892</SICI>
    <SUD>2763</SUD>
  </marketintervaldetail>
  <marketintervaldetail>
    <Data>20170411</Data>
    <Mercato>MGP</Mercato>
    <Ora>14</Ora>
    <Totale>36180</Totale>
    <CNOR>3778</CNOR>
    <CSUD>5887</CSUD>
    <NORD>20906</NORD>
    <SARD>1047</SARD>
    <SICI>1883</SICI>
    <SUD>2679</SUD>
  </marketintervaldetail>
  <marketintervaldetail>
    <Data>20170411</Data>
    <Mercato>MGP</Mercato>
    <Ora>15</Ora>
    <Totale>37319</Totale>
    <CNOR>3929</CNOR>
    <CSUD>5956</CSUD>
    <NORD>21830</NORD>
    <SARD>1021</SARD>
    <SICI>1959</SICI>
    <SUD>2624</SUD>
  </marketintervaldetail>
  <marketintervaldetail>
    <Data>20170411</Data>
    <Mercato>MGP</Mercato>
    <Ora>16</Ora>
    <Totale>37609</Totale>
    <CNOR>4036</CNOR>
    <CSUD>6031</CSUD>
    <NORD>21934</NORD>
    <SARD>996</SARD>
    <SICI>1968</SICI>
    <SUD>2644</SUD>
  </marketintervaldetail>
  <marketintervaldetail>
    <Data>20170411</Data>
    <Mercato>MGP</Mercato>
    <Ora>17</Ora>
    <Totale>37655</Totale>
    <CNOR>4107</CNOR>
    <CSUD>6075</CSUD>
    <NORD>21748</NORD>
    <SARD>1029</SARD>
    <SICI>1964</SICI>
    <SUD>2732</SUD>
  </marketintervaldetail>
  <marketintervaldetail>
    <Data>20170411</Data>
    <Mercato>MGP</Mercato>
    <Ora>18</Ora>
    <Totale>36751</Totale>
    <CNOR>4061</CNOR>
    <CSUD>5806</CSUD>
    <NORD>21240</NORD>
    <SARD>989</SARD>
    <SICI>1920</SICI>
    <SUD>2735</SUD>
  </marketintervaldetail>
  <marketintervaldetail>
    <Data>20170411</Data>
    <Mercato>MGP</Mercato>
    <Ora>19</Ora>
    <Totale>35908</Totale>
    <CNOR>3986</CNOR>
    <CSUD>5398</CSUD>
    <NORD>20737</NORD>
    <SARD>978</SARD>
    <SICI>1993</SICI>
    <SUD>2816</SUD>
  </marketintervaldetail>
  <marketintervaldetail>
    <Data>20170411</Data>
    <Mercato>MGP</Mercato>
    <Ora>20</Ora>
    <Totale>37061</Totale>
    <CNOR>3964</CNOR>
    <CSUD>5759</CSUD>
    <NORD>20936</NORD>
    <SARD>1022</SARD>
    <SICI>2258</SICI>
    <SUD>3122</SUD>
  </marketintervaldetail>
  <marketintervaldetail>
    <Data>20170411</Data>
    <Mercato>MGP</Mercato>
    <Ora>21</Ora>
    <Totale>39389</Totale>
    <CNOR>4161</CNOR>
    <CSUD>6315</CSUD>
    <NORD>21853</NORD>
    <SARD>1133</SARD>
    <SICI>2469</SICI>
    <SUD>3458</SUD>
  </marketintervaldetail>
  <marketintervaldetail>
    <Data>20170411</Data>
    <Mercato>MGP</Mercato>
    <Ora>22</Ora>
    <Totale>37581</Totale>
    <CNOR>3891</CNOR>
    <CSUD>5878</CSUD>
    <NORD>21180</NORD>
    <SARD>1090</SARD>
    <SICI>2366</SICI>
    <SUD>3176</SUD>
  </marketintervaldetail>
  <marketintervaldetail>
    <Data>20170411</Data>
    <Mercato>MGP</Mercato>
    <Ora>23</Ora>
    <Totale>33614</Totale>
    <CNOR>3513</CNOR>
    <CSUD>5301</CSUD>
    <NORD>18732</NORD>
    <SARD>1009</SARD>
    <SICI>2101</SICI>
    <SUD>2958</SUD>
  </marketintervaldetail>
  <marketintervaldetail>
    <Data>20170411</Data>
    <Mercato>MGP</Mercato>
    <Ora>24</Ora>
    <Totale>30220</Totale>
    <CNOR>3142</CNOR>
    <CSUD>4754</CSUD>
    <NORD>17044</NORD>
    <SARD>922</SARD>
    <SICI>1805</SICI>
    <SUD>2553</SUD>
  </marketintervaldetail>
</NewDataSet>