<?xml version="1.0" standalone="yes"?>
<NewDataSet>
  <xs:schema id="NewDataSet" xmlns="" xmlns:xs="http://www.w3.org/2001/XMLSchema" xmlns:msdata="urn:schemas-microsoft-com:xml-msdata">
    <xs:element name="NewDataSet" msdata:IsDataSet="true" msdata:MainDataTable="marketintervaldetail" msdata:UseCurrentLocale="true">
      <xs:complexType>
        <xs:choice minOccurs="0" maxOccurs="unbounded">
          <xs:element name="marketintervaldetail">
            <xs:complexType>
              <xs:sequence>
                <xs:element name="Data" type="xs:string" minOccurs="0" />
                <xs:element name="Mercato" type="xs:string" minOccurs="0" />
                <xs:element name="Ora" type="xs:string" minOccurs="0" />
                <xs:element name="Totale" type="xs:string" minOccurs="0" />
                <xs:element name="CNOR" type="xs:string" minOccurs="0" />
                <xs:element name="CSUD" type="xs:string" minOccurs="0" />
                <xs:element name="NORD" type="xs:string" minOccurs="0" />
                <xs:element name="SARD" type="xs:string" minOccurs="0" />
                <xs:element name="SICI" type="xs:string" minOccurs="0" />
                <xs:element name="SUD" type="xs:string" minOccurs="0" />
              </xs:sequence>
            </xs:complexType>
          </xs:element>
        </xs:choice>
      </xs:complexType>
    </xs:element>
  </xs:schema>
  <marketintervaldetail>
    <Data>20170423</Data>
    <Mercato>MGP</Mercato>
    <Ora>01</Ora>
    <Totale>23909</Totale>
    <CNOR>2677</CNOR>
    <CSUD>3902</CSUD>
    <NORD>12564</NORD>
    <SARD>867</SARD>
    <SICI>1592</SICI>
    <SUD>2307</SUD>
  </marketintervaldetail>
  <marketintervaldetail>
    <Data>20170423</Data>
    <Mercato>MGP</Mercato>
    <Ora>02</Ora>
    <Totale>22342</Totale>
    <CNOR>2372</CNOR>
    <CSUD>3564</CSUD>
    <NORD>11853</NORD>
    <SARD>804</SARD>
    <SICI>1573</SICI>
    <SUD>2176</SUD>
  </marketintervaldetail>
  <marketintervaldetail>
    <Data>20170423</Data>
    <Mercato>MGP</Mercato>
    <Ora>03</Ora>
    <Totale>20990</Totale>
    <CNOR>2216</CNOR>
    <CSUD>3459</CSUD>
    <NORD>11036</NORD>
    <SARD>765</SARD>
    <SICI>1433</SICI>
    <SUD>2081</SUD>
  </marketintervaldetail>
  <marketintervaldetail>
    <Data>20170423</Data>
    <Mercato>MGP</Mercato>
    <Ora>04</Ora>
    <Totale>20347</Totale>
    <CNOR>2174</CNOR>
    <CSUD>3341</CSUD>
    <NORD>10779</NORD>
    <SARD>752</SARD>
    <SICI>1333</SICI>
    <SUD>1968</SUD>
  </marketintervaldetail>
  <marketintervaldetail>
    <Data>20170423</Data>
    <Mercato>MGP</Mercato>
    <Ora>05</Ora>
    <Totale>20282</Totale>
    <CNOR>2218</CNOR>
    <CSUD>3318</CSUD>
    <NORD>10739</NORD>
    <SARD>746</SARD>
    <SICI>1307</SICI>
    <SUD>1954</SUD>
  </marketintervaldetail>
  <marketintervaldetail>
    <Data>20170423</Data>
    <Mercato>MGP</Mercato>
    <Ora>06</Ora>
    <Totale>20670</Totale>
    <CNOR>2301</CNOR>
    <CSUD>3488</CSUD>
    <NORD>10990</NORD>
    <SARD>766</SARD>
    <SICI>1240</SICI>
    <SUD>1885</SUD>
  </marketintervaldetail>
  <marketintervaldetail>
    <Data>20170423</Data>
    <Mercato>MGP</Mercato>
    <Ora>07</Ora>
    <Totale>20485</Totale>
    <CNOR>2283</CNOR>
    <CSUD>3343</CSUD>
    <NORD>10928</NORD>
    <SARD>788</SARD>
    <SICI>1300</SICI>
    <SUD>1843</SUD>
  </marketintervaldetail>
  <marketintervaldetail>
    <Data>20170423</Data>
    <Mercato>MGP</Mercato>
    <Ora>08</Ora>
    <Totale>21133</Totale>
    <CNOR>2374</CNOR>
    <CSUD>3564</CSUD>
    <NORD>11037</NORD>
    <SARD>842</SARD>
    <SICI>1417</SICI>
    <SUD>1899</SUD>
  </marketintervaldetail>
  <marketintervaldetail>
    <Data>20170423</Data>
    <Mercato>MGP</Mercato>
    <Ora>09</Ora>
    <Totale>23148</Totale>
    <CNOR>2582</CNOR>
    <CSUD>3929</CSUD>
    <NORD>12072</NORD>
    <SARD>882</SARD>
    <SICI>1666</SICI>
    <SUD>2017</SUD>
  </marketintervaldetail>
  <marketintervaldetail>
    <Data>20170423</Data>
    <Mercato>MGP</Mercato>
    <Ora>10</Ora>
    <Totale>24535</Totale>
    <CNOR>2774</CNOR>
    <CSUD>4434</CSUD>
    <NORD>12647</NORD>
    <SARD>919</SARD>
    <SICI>1745</SICI>
    <SUD>2016</SUD>
  </marketintervaldetail>
  <marketintervaldetail>
    <Data>20170423</Data>
    <Mercato>MGP</Mercato>
    <Ora>11</Ora>
    <Totale>24876</Totale>
    <CNOR>2777</CNOR>
    <CSUD>4540</CSUD>
    <NORD>12798</NORD>
    <SARD>895</SARD>
    <SICI>1798</SICI>
    <SUD>2068</SUD>
  </marketintervaldetail>
  <marketintervaldetail>
    <Data>20170423</Data>
    <Mercato>MGP</Mercato>
    <Ora>12</Ora>
    <Totale>24715</Totale>
    <CNOR>2833</CNOR>
    <CSUD>4437</CSUD>
    <NORD>12769</NORD>
    <SARD>884</SARD>
    <SICI>1747</SICI>
    <SUD>2045</SUD>
  </marketintervaldetail>
  <marketintervaldetail>
    <Data>20170423</Data>
    <Mercato>MGP</Mercato>
    <Ora>13</Ora>
    <Totale>24593</Totale>
    <CNOR>2823</CNOR>
    <CSUD>4450</CSUD>
    <NORD>12603</NORD>
    <SARD>893</SARD>
    <SICI>1719</SICI>
    <SUD>2105</SUD>
  </marketintervaldetail>
  <marketintervaldetail>
    <Data>20170423</Data>
    <Mercato>MGP</Mercato>
    <Ora>14</Ora>
    <Totale>23637</Totale>
    <CNOR>2738</CNOR>
    <CSUD>4253</CSUD>
    <NORD>12099</NORD>
    <SARD>861</SARD>
    <SICI>1642</SICI>
    <SUD>2044</SUD>
  </marketintervaldetail>
  <marketintervaldetail>
    <Data>20170423</Data>
    <Mercato>MGP</Mercato>
    <Ora>15</Ora>
    <Totale>22761</Totale>
    <CNOR>2786</CNOR>
    <CSUD>4111</CSUD>
    <NORD>11757</NORD>
    <SARD>822</SARD>
    <SICI>1528</SICI>
    <SUD>1757</SUD>
  </marketintervaldetail>
  <marketintervaldetail>
    <Data>20170423</Data>
    <Mercato>MGP</Mercato>
    <Ora>16</Ora>
    <Totale>22589</Totale>
    <CNOR>2780</CNOR>
    <CSUD>4209</CSUD>
    <NORD>11516</NORD>
    <SARD>843</SARD>
    <SICI>1460</SICI>
    <SUD>1781</SUD>
  </marketintervaldetail>
  <marketintervaldetail>
    <Data>20170423</Data>
    <Mercato>MGP</Mercato>
    <Ora>17</Ora>
    <Totale>22581</Totale>
    <CNOR>2761</CNOR>
    <CSUD>4142</CSUD>
    <NORD>11649</NORD>
    <SARD>814</SARD>
    <SICI>1497</SICI>
    <SUD>1718</SUD>
  </marketintervaldetail>
  <marketintervaldetail>
    <Data>20170423</Data>
    <Mercato>MGP</Mercato>
    <Ora>18</Ora>
    <Totale>23288</Totale>
    <CNOR>2866</CNOR>
    <CSUD>4143</CSUD>
    <NORD>12011</NORD>
    <SARD>837</SARD>
    <SICI>1538</SICI>
    <SUD>1893</SUD>
  </marketintervaldetail>
  <marketintervaldetail>
    <Data>20170423</Data>
    <Mercato>MGP</Mercato>
    <Ora>19</Ora>
    <Totale>24657</Totale>
    <CNOR>3004</CNOR>
    <CSUD>4335</CSUD>
    <NORD>12739</NORD>
    <SARD>885</SARD>
    <SICI>1645</SICI>
    <SUD>2049</SUD>
  </marketintervaldetail>
  <marketintervaldetail>
    <Data>20170423</Data>
    <Mercato>MGP</Mercato>
    <Ora>20</Ora>
    <Totale>26733</Totale>
    <CNOR>3141</CNOR>
    <CSUD>4615</CSUD>
    <NORD>13790</NORD>
    <SARD>971</SARD>
    <SICI>1878</SICI>
    <SUD>2338</SUD>
  </marketintervaldetail>
  <marketintervaldetail>
    <Data>20170423</Data>
    <Mercato>MGP</Mercato>
    <Ora>21</Ora>
    <Totale>29247</Totale>
    <CNOR>3282</CNOR>
    <CSUD>5213</CSUD>
    <NORD>14900</NORD>
    <SARD>1032</SARD>
    <SICI>2060</SICI>
    <SUD>2760</SUD>
  </marketintervaldetail>
  <marketintervaldetail>
    <Data>20170423</Data>
    <Mercato>MGP</Mercato>
    <Ora>22</Ora>
    <Totale>29455</Totale>
    <CNOR>3244</CNOR>
    <CSUD>5090</CSUD>
    <NORD>15224</NORD>
    <SARD>1042</SARD>
    <SICI>2067</SICI>
    <SUD>2788</SUD>
  </marketintervaldetail>
  <marketintervaldetail>
    <Data>20170423</Data>
    <Mercato>MGP</Mercato>
    <Ora>23</Ora>
    <Totale>27752</Totale>
    <CNOR>3097</CNOR>
    <CSUD>4723</CSUD>
    <NORD>14491</NORD>
    <SARD>972</SARD>
    <SICI>1877</SICI>
    <SUD>2592</SUD>
  </marketintervaldetail>
  <marketintervaldetail>
    <Data>20170423</Data>
    <Mercato>MGP</Mercato>
    <Ora>24</Ora>
    <Totale>25388</Totale>
    <CNOR>2826</CNOR>
    <CSUD>4363</CSUD>
    <NORD>13196</NORD>
    <SARD>911</SARD>
    <SICI>1707</SICI>
    <SUD>2385</SUD>
  </marketintervaldetail>
</NewDataSet>