<?xml version="1.0" standalone="yes"?>
<NewDataSet>
  <xs:schema id="NewDataSet" xmlns="" xmlns:xs="http://www.w3.org/2001/XMLSchema" xmlns:msdata="urn:schemas-microsoft-com:xml-msdata">
    <xs:element name="NewDataSet" msdata:IsDataSet="true" msdata:UseCurrentLocale="true">
      <xs:complexType>
        <xs:choice minOccurs="0" maxOccurs="unbounded">
          <xs:element name="Prezzi">
            <xs:complexType>
              <xs:sequence>
                <xs:element name="Data" type="xs:string" minOccurs="0" />
                <xs:element name="Mercato" type="xs:string" minOccurs="0" />
                <xs:element name="Ora" type="xs:string" minOccurs="0" />
                <xs:element name="PUN" type="xs:string" minOccurs="0" />
                <xs:element name="NAT" type="xs:string" minOccurs="0" />
                <xs:element name="CNOR" type="xs:string" minOccurs="0" />
                <xs:element name="CSUD" type="xs:string" minOccurs="0" />
                <xs:element name="NORD" type="xs:string" minOccurs="0" />
                <xs:element name="SARD" type="xs:string" minOccurs="0" />
                <xs:element name="SICI" type="xs:string" minOccurs="0" />
                <xs:element name="SUD" type="xs:string" minOccurs="0" />
                <xs:element name="AUST" type="xs:string" minOccurs="0" />
                <xs:element name="BRNN" type="xs:string" minOccurs="0" />
                <xs:element name="COAC" type="xs:string" minOccurs="0" />
                <xs:element name="CORS" type="xs:string" minOccurs="0" />
                <xs:element name="FOGN" type="xs:string" minOccurs="0" />
                <xs:element name="FRAN" type="xs:string" minOccurs="0" />
                <xs:element name="GREC" type="xs:string" minOccurs="0" />
                <xs:element name="MFTV" type="xs:string" minOccurs="0" />
                <xs:element name="PRGP" type="xs:string" minOccurs="0" />
                <xs:element name="ROSN" type="xs:string" minOccurs="0" />
                <xs:element name="SLOV" type="xs:string" minOccurs="0" />
                <xs:element name="SVIZ" type="xs:string" minOccurs="0" />
                <xs:element name="BSP" type="xs:string" minOccurs="0" />
                <xs:element name="MALT" type="xs:string" minOccurs="0" />
                <xs:element name="XAUS" type="xs:string" minOccurs="0" />
                <xs:element name="XFRA" type="xs:string" minOccurs="0" />
              </xs:sequence>
            </xs:complexType>
          </xs:element>
        </xs:choice>
      </xs:complexType>
    </xs:element>
  </xs:schema>
  <Prezzi>
    <Data>20170402</Data>
    <Mercato>MGP</Mercato>
    <Ora>1</Ora>
    <PUN>38,100000</PUN>
    <NAT>38,100000</NAT>
    <CNOR>38,100000</CNOR>
    <CSUD>38,100000</CSUD>
    <NORD>38,100000</NORD>
    <SARD>38,100000</SARD>
    <SICI>38,100000</SICI>
    <SUD>38,100000</SUD>
    <AUST>38,100000</AUST>
    <BRNN>38,100000</BRNN>
    <COAC>38,100000</COAC>
    <CORS>38,100000</CORS>
    <FOGN>38,100000</FOGN>
    <FRAN>38,100000</FRAN>
    <GREC>38,100000</GREC>
    <MFTV>38,100000</MFTV>
    <PRGP>38,100000</PRGP>
    <ROSN>38,100000</ROSN>
    <SLOV>38,100000</SLOV>
    <SVIZ>38,100000</SVIZ>
    <BSP>38,100000</BSP>
    <MALT>38,100000</MALT>
    <XAUS>38,100000</XAUS>
    <XFRA>38,100000</XFRA>
  </Prezzi>
  <Prezzi>
    <Data>20170402</Data>
    <Mercato>MGP</Mercato>
    <Ora>2</Ora>
    <PUN>36,680000</PUN>
    <NAT>36,680000</NAT>
    <CNOR>36,680000</CNOR>
    <CSUD>36,680000</CSUD>
    <NORD>36,680000</NORD>
    <SARD>36,680000</SARD>
    <SICI>36,680000</SICI>
    <SUD>36,680000</SUD>
    <AUST>36,680000</AUST>
    <BRNN>36,680000</BRNN>
    <COAC>36,680000</COAC>
    <CORS>36,680000</CORS>
    <FOGN>36,680000</FOGN>
    <FRAN>36,680000</FRAN>
    <GREC>36,680000</GREC>
    <MFTV>36,680000</MFTV>
    <PRGP>36,680000</PRGP>
    <ROSN>36,680000</ROSN>
    <SLOV>36,680000</SLOV>
    <SVIZ>36,680000</SVIZ>
    <BSP>36,680000</BSP>
    <MALT>36,680000</MALT>
    <XAUS>36,680000</XAUS>
    <XFRA>36,680000</XFRA>
  </Prezzi>
  <Prezzi>
    <Data>20170402</Data>
    <Mercato>MGP</Mercato>
    <Ora>3</Ora>
    <PUN>36,100000</PUN>
    <NAT>36,100000</NAT>
    <CNOR>36,100000</CNOR>
    <CSUD>36,100000</CSUD>
    <NORD>36,100000</NORD>
    <SARD>36,100000</SARD>
    <SICI>36,100000</SICI>
    <SUD>36,100000</SUD>
    <AUST>36,100000</AUST>
    <BRNN>36,100000</BRNN>
    <COAC>36,100000</COAC>
    <CORS>36,100000</CORS>
    <FOGN>36,100000</FOGN>
    <FRAN>36,100000</FRAN>
    <GREC>36,100000</GREC>
    <MFTV>36,100000</MFTV>
    <PRGP>36,100000</PRGP>
    <ROSN>36,100000</ROSN>
    <SLOV>36,100000</SLOV>
    <SVIZ>36,100000</SVIZ>
    <BSP>36,100000</BSP>
    <MALT>36,100000</MALT>
    <XAUS>36,100000</XAUS>
    <XFRA>36,100000</XFRA>
  </Prezzi>
  <Prezzi>
    <Data>20170402</Data>
    <Mercato>MGP</Mercato>
    <Ora>4</Ora>
    <PUN>33,980000</PUN>
    <NAT>33,980000</NAT>
    <CNOR>33,980000</CNOR>
    <CSUD>33,980000</CSUD>
    <NORD>33,980000</NORD>
    <SARD>33,980000</SARD>
    <SICI>33,980000</SICI>
    <SUD>33,980000</SUD>
    <AUST>33,980000</AUST>
    <BRNN>33,980000</BRNN>
    <COAC>33,980000</COAC>
    <CORS>33,980000</CORS>
    <FOGN>33,980000</FOGN>
    <FRAN>33,980000</FRAN>
    <GREC>33,980000</GREC>
    <MFTV>33,980000</MFTV>
    <PRGP>33,980000</PRGP>
    <ROSN>33,980000</ROSN>
    <SLOV>33,980000</SLOV>
    <SVIZ>33,980000</SVIZ>
    <BSP>33,980000</BSP>
    <MALT>33,980000</MALT>
    <XAUS>33,980000</XAUS>
    <XFRA>33,980000</XFRA>
  </Prezzi>
  <Prezzi>
    <Data>20170402</Data>
    <Mercato>MGP</Mercato>
    <Ora>5</Ora>
    <PUN>34,670000</PUN>
    <NAT>34,670000</NAT>
    <CNOR>34,670000</CNOR>
    <CSUD>34,670000</CSUD>
    <NORD>34,670000</NORD>
    <SARD>34,670000</SARD>
    <SICI>34,670000</SICI>
    <SUD>34,670000</SUD>
    <AUST>34,670000</AUST>
    <BRNN>34,670000</BRNN>
    <COAC>34,670000</COAC>
    <CORS>34,670000</CORS>
    <FOGN>34,670000</FOGN>
    <FRAN>34,670000</FRAN>
    <GREC>34,670000</GREC>
    <MFTV>34,670000</MFTV>
    <PRGP>34,670000</PRGP>
    <ROSN>34,670000</ROSN>
    <SLOV>34,670000</SLOV>
    <SVIZ>34,670000</SVIZ>
    <BSP>34,670000</BSP>
    <MALT>34,670000</MALT>
    <XAUS>34,670000</XAUS>
    <XFRA>34,670000</XFRA>
  </Prezzi>
  <Prezzi>
    <Data>20170402</Data>
    <Mercato>MGP</Mercato>
    <Ora>6</Ora>
    <PUN>38,100000</PUN>
    <NAT>38,100000</NAT>
    <CNOR>38,100000</CNOR>
    <CSUD>38,100000</CSUD>
    <NORD>38,100000</NORD>
    <SARD>38,100000</SARD>
    <SICI>38,100000</SICI>
    <SUD>38,100000</SUD>
    <AUST>38,100000</AUST>
    <BRNN>38,100000</BRNN>
    <COAC>38,100000</COAC>
    <CORS>38,100000</CORS>
    <FOGN>38,100000</FOGN>
    <FRAN>38,100000</FRAN>
    <GREC>38,100000</GREC>
    <MFTV>38,100000</MFTV>
    <PRGP>38,100000</PRGP>
    <ROSN>38,100000</ROSN>
    <SLOV>38,100000</SLOV>
    <SVIZ>38,100000</SVIZ>
    <BSP>38,100000</BSP>
    <MALT>38,100000</MALT>
    <XAUS>38,100000</XAUS>
    <XFRA>38,100000</XFRA>
  </Prezzi>
  <Prezzi>
    <Data>20170402</Data>
    <Mercato>MGP</Mercato>
    <Ora>7</Ora>
    <PUN>39,000000</PUN>
    <NAT>39,000000</NAT>
    <CNOR>39,000000</CNOR>
    <CSUD>39,000000</CSUD>
    <NORD>39,000000</NORD>
    <SARD>39,000000</SARD>
    <SICI>39,000000</SICI>
    <SUD>39,000000</SUD>
    <AUST>39,000000</AUST>
    <BRNN>39,000000</BRNN>
    <COAC>39,000000</COAC>
    <CORS>39,000000</CORS>
    <FOGN>39,000000</FOGN>
    <FRAN>39,000000</FRAN>
    <GREC>39,000000</GREC>
    <MFTV>39,000000</MFTV>
    <PRGP>39,000000</PRGP>
    <ROSN>39,000000</ROSN>
    <SLOV>39,000000</SLOV>
    <SVIZ>39,000000</SVIZ>
    <BSP>39,000000</BSP>
    <MALT>39,000000</MALT>
    <XAUS>39,000000</XAUS>
    <XFRA>39,000000</XFRA>
  </Prezzi>
  <Prezzi>
    <Data>20170402</Data>
    <Mercato>MGP</Mercato>
    <Ora>8</Ora>
    <PUN>42,500000</PUN>
    <NAT>42,500000</NAT>
    <CNOR>42,500000</CNOR>
    <CSUD>42,500000</CSUD>
    <NORD>42,500000</NORD>
    <SARD>42,500000</SARD>
    <SICI>42,500000</SICI>
    <SUD>42,500000</SUD>
    <AUST>42,500000</AUST>
    <BRNN>42,500000</BRNN>
    <COAC>42,500000</COAC>
    <CORS>42,500000</CORS>
    <FOGN>42,500000</FOGN>
    <FRAN>42,500000</FRAN>
    <GREC>42,500000</GREC>
    <MFTV>42,500000</MFTV>
    <PRGP>42,500000</PRGP>
    <ROSN>42,500000</ROSN>
    <SLOV>42,500000</SLOV>
    <SVIZ>42,500000</SVIZ>
    <BSP>42,500000</BSP>
    <MALT>42,500000</MALT>
    <XAUS>42,500000</XAUS>
    <XFRA>42,500000</XFRA>
  </Prezzi>
  <Prezzi>
    <Data>20170402</Data>
    <Mercato>MGP</Mercato>
    <Ora>9</Ora>
    <PUN>42,530000</PUN>
    <NAT>42,530000</NAT>
    <CNOR>42,530000</CNOR>
    <CSUD>42,530000</CSUD>
    <NORD>42,530000</NORD>
    <SARD>42,530000</SARD>
    <SICI>42,530000</SICI>
    <SUD>42,530000</SUD>
    <AUST>42,530000</AUST>
    <BRNN>42,530000</BRNN>
    <COAC>42,530000</COAC>
    <CORS>42,530000</CORS>
    <FOGN>42,530000</FOGN>
    <FRAN>42,530000</FRAN>
    <GREC>42,530000</GREC>
    <MFTV>42,530000</MFTV>
    <PRGP>42,530000</PRGP>
    <ROSN>42,530000</ROSN>
    <SLOV>42,530000</SLOV>
    <SVIZ>42,530000</SVIZ>
    <BSP>42,530000</BSP>
    <MALT>42,530000</MALT>
    <XAUS>42,530000</XAUS>
    <XFRA>42,530000</XFRA>
  </Prezzi>
  <Prezzi>
    <Data>20170402</Data>
    <Mercato>MGP</Mercato>
    <Ora>10</Ora>
    <PUN>43,990000</PUN>
    <NAT>43,990000</NAT>
    <CNOR>43,990000</CNOR>
    <CSUD>43,990000</CSUD>
    <NORD>43,990000</NORD>
    <SARD>43,990000</SARD>
    <SICI>43,990000</SICI>
    <SUD>43,990000</SUD>
    <AUST>43,990000</AUST>
    <BRNN>43,990000</BRNN>
    <COAC>43,990000</COAC>
    <CORS>43,990000</CORS>
    <FOGN>43,990000</FOGN>
    <FRAN>43,990000</FRAN>
    <GREC>43,990000</GREC>
    <MFTV>43,990000</MFTV>
    <PRGP>43,990000</PRGP>
    <ROSN>43,990000</ROSN>
    <SLOV>43,990000</SLOV>
    <SVIZ>43,990000</SVIZ>
    <BSP>43,990000</BSP>
    <MALT>43,990000</MALT>
    <XAUS>43,990000</XAUS>
    <XFRA>43,990000</XFRA>
  </Prezzi>
  <Prezzi>
    <Data>20170402</Data>
    <Mercato>MGP</Mercato>
    <Ora>11</Ora>
    <PUN>44,040000</PUN>
    <NAT>44,040000</NAT>
    <CNOR>44,040000</CNOR>
    <CSUD>44,040000</CSUD>
    <NORD>44,040000</NORD>
    <SARD>44,040000</SARD>
    <SICI>44,040000</SICI>
    <SUD>44,040000</SUD>
    <AUST>44,040000</AUST>
    <BRNN>44,040000</BRNN>
    <COAC>44,040000</COAC>
    <CORS>44,040000</CORS>
    <FOGN>44,040000</FOGN>
    <FRAN>44,040000</FRAN>
    <GREC>44,040000</GREC>
    <MFTV>44,040000</MFTV>
    <PRGP>44,040000</PRGP>
    <ROSN>44,040000</ROSN>
    <SLOV>44,040000</SLOV>
    <SVIZ>44,040000</SVIZ>
    <BSP>44,040000</BSP>
    <MALT>44,040000</MALT>
    <XAUS>44,040000</XAUS>
    <XFRA>44,040000</XFRA>
  </Prezzi>
  <Prezzi>
    <Data>20170402</Data>
    <Mercato>MGP</Mercato>
    <Ora>12</Ora>
    <PUN>39,370000</PUN>
    <NAT>39,370000</NAT>
    <CNOR>39,370000</CNOR>
    <CSUD>39,370000</CSUD>
    <NORD>39,370000</NORD>
    <SARD>39,370000</SARD>
    <SICI>39,370000</SICI>
    <SUD>39,370000</SUD>
    <AUST>39,370000</AUST>
    <BRNN>39,370000</BRNN>
    <COAC>39,370000</COAC>
    <CORS>39,370000</CORS>
    <FOGN>39,370000</FOGN>
    <FRAN>39,370000</FRAN>
    <GREC>39,370000</GREC>
    <MFTV>39,370000</MFTV>
    <PRGP>39,370000</PRGP>
    <ROSN>39,370000</ROSN>
    <SLOV>39,370000</SLOV>
    <SVIZ>39,370000</SVIZ>
    <BSP>39,370000</BSP>
    <MALT>39,370000</MALT>
    <XAUS>39,370000</XAUS>
    <XFRA>39,370000</XFRA>
  </Prezzi>
  <Prezzi>
    <Data>20170402</Data>
    <Mercato>MGP</Mercato>
    <Ora>13</Ora>
    <PUN>38,040000</PUN>
    <NAT>38,040000</NAT>
    <CNOR>38,040000</CNOR>
    <CSUD>38,040000</CSUD>
    <NORD>38,040000</NORD>
    <SARD>38,040000</SARD>
    <SICI>38,040000</SICI>
    <SUD>38,040000</SUD>
    <AUST>38,040000</AUST>
    <BRNN>38,040000</BRNN>
    <COAC>38,040000</COAC>
    <CORS>38,040000</CORS>
    <FOGN>38,040000</FOGN>
    <FRAN>38,040000</FRAN>
    <GREC>38,040000</GREC>
    <MFTV>38,040000</MFTV>
    <PRGP>38,040000</PRGP>
    <ROSN>38,040000</ROSN>
    <SLOV>38,040000</SLOV>
    <SVIZ>38,040000</SVIZ>
    <BSP>38,040000</BSP>
    <MALT>38,040000</MALT>
    <XAUS>38,040000</XAUS>
    <XFRA>38,040000</XFRA>
  </Prezzi>
  <Prezzi>
    <Data>20170402</Data>
    <Mercato>MGP</Mercato>
    <Ora>14</Ora>
    <PUN>32,130000</PUN>
    <NAT>32,130000</NAT>
    <CNOR>32,130000</CNOR>
    <CSUD>32,130000</CSUD>
    <NORD>32,130000</NORD>
    <SARD>32,130000</SARD>
    <SICI>32,130000</SICI>
    <SUD>32,130000</SUD>
    <AUST>32,130000</AUST>
    <BRNN>32,130000</BRNN>
    <COAC>32,130000</COAC>
    <CORS>32,130000</CORS>
    <FOGN>32,130000</FOGN>
    <FRAN>32,130000</FRAN>
    <GREC>32,130000</GREC>
    <MFTV>32,130000</MFTV>
    <PRGP>32,130000</PRGP>
    <ROSN>32,130000</ROSN>
    <SLOV>32,130000</SLOV>
    <SVIZ>32,130000</SVIZ>
    <BSP>32,130000</BSP>
    <MALT>32,130000</MALT>
    <XAUS>32,130000</XAUS>
    <XFRA>32,130000</XFRA>
  </Prezzi>
  <Prezzi>
    <Data>20170402</Data>
    <Mercato>MGP</Mercato>
    <Ora>15</Ora>
    <PUN>32,110000</PUN>
    <NAT>32,110000</NAT>
    <CNOR>32,110000</CNOR>
    <CSUD>32,110000</CSUD>
    <NORD>32,110000</NORD>
    <SARD>32,110000</SARD>
    <SICI>32,110000</SICI>
    <SUD>32,110000</SUD>
    <AUST>32,110000</AUST>
    <BRNN>32,110000</BRNN>
    <COAC>32,110000</COAC>
    <CORS>32,110000</CORS>
    <FOGN>32,110000</FOGN>
    <FRAN>32,110000</FRAN>
    <GREC>32,110000</GREC>
    <MFTV>32,110000</MFTV>
    <PRGP>32,110000</PRGP>
    <ROSN>32,110000</ROSN>
    <SLOV>32,110000</SLOV>
    <SVIZ>32,110000</SVIZ>
    <BSP>32,110000</BSP>
    <MALT>32,110000</MALT>
    <XAUS>32,110000</XAUS>
    <XFRA>32,110000</XFRA>
  </Prezzi>
  <Prezzi>
    <Data>20170402</Data>
    <Mercato>MGP</Mercato>
    <Ora>16</Ora>
    <PUN>33,990000</PUN>
    <NAT>33,990000</NAT>
    <CNOR>33,990000</CNOR>
    <CSUD>33,990000</CSUD>
    <NORD>33,990000</NORD>
    <SARD>33,990000</SARD>
    <SICI>33,990000</SICI>
    <SUD>33,990000</SUD>
    <AUST>33,990000</AUST>
    <BRNN>33,990000</BRNN>
    <COAC>33,990000</COAC>
    <CORS>33,990000</CORS>
    <FOGN>33,990000</FOGN>
    <FRAN>33,990000</FRAN>
    <GREC>33,990000</GREC>
    <MFTV>33,990000</MFTV>
    <PRGP>33,990000</PRGP>
    <ROSN>33,990000</ROSN>
    <SLOV>33,990000</SLOV>
    <SVIZ>33,990000</SVIZ>
    <BSP>33,990000</BSP>
    <MALT>33,990000</MALT>
    <XAUS>33,990000</XAUS>
    <XFRA>33,990000</XFRA>
  </Prezzi>
  <Prezzi>
    <Data>20170402</Data>
    <Mercato>MGP</Mercato>
    <Ora>17</Ora>
    <PUN>35,950000</PUN>
    <NAT>35,950000</NAT>
    <CNOR>35,950000</CNOR>
    <CSUD>35,950000</CSUD>
    <NORD>35,950000</NORD>
    <SARD>35,950000</SARD>
    <SICI>35,950000</SICI>
    <SUD>35,950000</SUD>
    <AUST>35,950000</AUST>
    <BRNN>35,950000</BRNN>
    <COAC>35,950000</COAC>
    <CORS>35,950000</CORS>
    <FOGN>35,950000</FOGN>
    <FRAN>35,950000</FRAN>
    <GREC>35,950000</GREC>
    <MFTV>35,950000</MFTV>
    <PRGP>35,950000</PRGP>
    <ROSN>35,950000</ROSN>
    <SLOV>35,950000</SLOV>
    <SVIZ>35,950000</SVIZ>
    <BSP>35,950000</BSP>
    <MALT>35,950000</MALT>
    <XAUS>35,950000</XAUS>
    <XFRA>35,950000</XFRA>
  </Prezzi>
  <Prezzi>
    <Data>20170402</Data>
    <Mercato>MGP</Mercato>
    <Ora>18</Ora>
    <PUN>36,370000</PUN>
    <NAT>36,370000</NAT>
    <CNOR>36,370000</CNOR>
    <CSUD>36,370000</CSUD>
    <NORD>36,370000</NORD>
    <SARD>36,370000</SARD>
    <SICI>36,370000</SICI>
    <SUD>36,370000</SUD>
    <AUST>36,370000</AUST>
    <BRNN>36,370000</BRNN>
    <COAC>36,370000</COAC>
    <CORS>36,370000</CORS>
    <FOGN>36,370000</FOGN>
    <FRAN>36,370000</FRAN>
    <GREC>36,370000</GREC>
    <MFTV>36,370000</MFTV>
    <PRGP>36,370000</PRGP>
    <ROSN>36,370000</ROSN>
    <SLOV>36,370000</SLOV>
    <SVIZ>36,370000</SVIZ>
    <BSP>36,370000</BSP>
    <MALT>36,370000</MALT>
    <XAUS>36,370000</XAUS>
    <XFRA>36,370000</XFRA>
  </Prezzi>
  <Prezzi>
    <Data>20170402</Data>
    <Mercato>MGP</Mercato>
    <Ora>19</Ora>
    <PUN>43,250000</PUN>
    <NAT>43,250000</NAT>
    <CNOR>43,250000</CNOR>
    <CSUD>43,250000</CSUD>
    <NORD>43,250000</NORD>
    <SARD>43,250000</SARD>
    <SICI>43,250000</SICI>
    <SUD>43,250000</SUD>
    <AUST>43,250000</AUST>
    <BRNN>43,250000</BRNN>
    <COAC>43,250000</COAC>
    <CORS>43,250000</CORS>
    <FOGN>43,250000</FOGN>
    <FRAN>43,250000</FRAN>
    <GREC>43,250000</GREC>
    <MFTV>43,250000</MFTV>
    <PRGP>43,250000</PRGP>
    <ROSN>43,250000</ROSN>
    <SLOV>43,250000</SLOV>
    <SVIZ>43,250000</SVIZ>
    <BSP>43,250000</BSP>
    <MALT>43,250000</MALT>
    <XAUS>43,250000</XAUS>
    <XFRA>43,250000</XFRA>
  </Prezzi>
  <Prezzi>
    <Data>20170402</Data>
    <Mercato>MGP</Mercato>
    <Ora>20</Ora>
    <PUN>44,603870</PUN>
    <NAT>44,030000</NAT>
    <CNOR>44,020000</CNOR>
    <CSUD>44,020000</CSUD>
    <NORD>44,020000</NORD>
    <SARD>44,020000</SARD>
    <SICI>52,740000</SICI>
    <SUD>44,020000</SUD>
    <AUST>44,020000</AUST>
    <BRNN>44,020000</BRNN>
    <COAC>44,020000</COAC>
    <CORS>44,020000</CORS>
    <FOGN>44,020000</FOGN>
    <FRAN>44,020000</FRAN>
    <GREC>44,020000</GREC>
    <MFTV>44,020000</MFTV>
    <PRGP>52,740000</PRGP>
    <ROSN>44,020000</ROSN>
    <SLOV>44,020000</SLOV>
    <SVIZ>44,020000</SVIZ>
    <BSP>44,020000</BSP>
    <MALT>52,740000</MALT>
    <XAUS>44,020000</XAUS>
    <XFRA>44,020000</XFRA>
  </Prezzi>
  <Prezzi>
    <Data>20170402</Data>
    <Mercato>MGP</Mercato>
    <Ora>21</Ora>
    <PUN>48,353590</PUN>
    <NAT>46,720000</NAT>
    <CNOR>46,410000</CNOR>
    <CSUD>46,410000</CSUD>
    <NORD>44,950000</NORD>
    <SARD>46,410000</SARD>
    <SICI>84,690000</SICI>
    <SUD>46,410000</SUD>
    <AUST>44,950000</AUST>
    <BRNN>46,410000</BRNN>
    <COAC>46,410000</COAC>
    <CORS>46,410000</CORS>
    <FOGN>46,410000</FOGN>
    <FRAN>44,950000</FRAN>
    <GREC>46,410000</GREC>
    <MFTV>44,950000</MFTV>
    <PRGP>84,690000</PRGP>
    <ROSN>46,410000</ROSN>
    <SLOV>44,950000</SLOV>
    <SVIZ>44,950000</SVIZ>
    <BSP>44,950000</BSP>
    <MALT>84,690000</MALT>
    <XAUS>44,950000</XAUS>
    <XFRA>44,950000</XFRA>
  </Prezzi>
  <Prezzi>
    <Data>20170402</Data>
    <Mercato>MGP</Mercato>
    <Ora>22</Ora>
    <PUN>45,465650</PUN>
    <NAT>44,000000</NAT>
    <CNOR>43,000000</CNOR>
    <CSUD>44,040000</CSUD>
    <NORD>43,000000</NORD>
    <SARD>44,040000</SARD>
    <SICI>73,310000</SICI>
    <SUD>44,040000</SUD>
    <AUST>43,000000</AUST>
    <BRNN>44,040000</BRNN>
    <COAC>44,040000</COAC>
    <CORS>44,040000</CORS>
    <FOGN>44,040000</FOGN>
    <FRAN>43,000000</FRAN>
    <GREC>44,040000</GREC>
    <MFTV>43,000000</MFTV>
    <PRGP>73,310000</PRGP>
    <ROSN>44,040000</ROSN>
    <SLOV>43,000000</SLOV>
    <SVIZ>43,000000</SVIZ>
    <BSP>43,000000</BSP>
    <MALT>73,310000</MALT>
    <XAUS>43,000000</XAUS>
    <XFRA>43,000000</XFRA>
  </Prezzi>
  <Prezzi>
    <Data>20170402</Data>
    <Mercato>MGP</Mercato>
    <Ora>23</Ora>
    <PUN>42,675890</PUN>
    <NAT>43,000000</NAT>
    <CNOR>43,000000</CNOR>
    <CSUD>44,000000</CSUD>
    <NORD>40,671020</NORD>
    <SARD>44,000000</SARD>
    <SICI>50,650000</SICI>
    <SUD>44,000000</SUD>
    <AUST>40,671020</AUST>
    <BRNN>44,000000</BRNN>
    <COAC>44,000000</COAC>
    <CORS>44,000000</CORS>
    <FOGN>44,000000</FOGN>
    <FRAN>40,671020</FRAN>
    <GREC>44,000000</GREC>
    <MFTV>40,671020</MFTV>
    <PRGP>50,650000</PRGP>
    <ROSN>44,000000</ROSN>
    <SLOV>40,671020</SLOV>
    <SVIZ>40,671020</SVIZ>
    <BSP>40,671020</BSP>
    <MALT>50,650000</MALT>
    <XAUS>40,671020</XAUS>
    <XFRA>40,671020</XFRA>
  </Prezzi>
  <Prezzi>
    <Data>20170402</Data>
    <Mercato>MGP</Mercato>
    <Ora>24</Ora>
    <PUN>41,200000</PUN>
    <NAT>40,360000</NAT>
    <CNOR>41,200000</CNOR>
    <CSUD>41,200000</CSUD>
    <NORD>41,200000</NORD>
    <SARD>41,200000</SARD>
    <SICI>41,200000</SICI>
    <SUD>41,200000</SUD>
    <AUST>41,200000</AUST>
    <BRNN>41,200000</BRNN>
    <COAC>41,200000</COAC>
    <CORS>41,200000</CORS>
    <FOGN>41,200000</FOGN>
    <FRAN>41,200000</FRAN>
    <GREC>41,200000</GREC>
    <MFTV>41,200000</MFTV>
    <PRGP>41,200000</PRGP>
    <ROSN>41,200000</ROSN>
    <SLOV>41,200000</SLOV>
    <SVIZ>41,200000</SVIZ>
    <BSP>41,200000</BSP>
    <MALT>41,200000</MALT>
    <XAUS>41,200000</XAUS>
    <XFRA>41,200000</XFRA>
  </Prezzi>
</NewDataSet>