<?xml version="1.0" standalone="yes"?>
<NewDataSet>
  <xs:schema id="NewDataSet" xmlns="" xmlns:xs="http://www.w3.org/2001/XMLSchema" xmlns:msdata="urn:schemas-microsoft-com:xml-msdata">
    <xs:element name="NewDataSet" msdata:IsDataSet="true" msdata:UseCurrentLocale="true">
      <xs:complexType>
        <xs:choice minOccurs="0" maxOccurs="unbounded">
          <xs:element name="Prezzi">
            <xs:complexType>
              <xs:sequence>
                <xs:element name="Data" type="xs:string" minOccurs="0" />
                <xs:element name="Mercato" type="xs:string" minOccurs="0" />
                <xs:element name="Ora" type="xs:string" minOccurs="0" />
                <xs:element name="PUN" type="xs:string" minOccurs="0" />
                <xs:element name="NAT" type="xs:string" minOccurs="0" />
                <xs:element name="CNOR" type="xs:string" minOccurs="0" />
                <xs:element name="CSUD" type="xs:string" minOccurs="0" />
                <xs:element name="NORD" type="xs:string" minOccurs="0" />
                <xs:element name="SARD" type="xs:string" minOccurs="0" />
                <xs:element name="SICI" type="xs:string" minOccurs="0" />
                <xs:element name="SUD" type="xs:string" minOccurs="0" />
                <xs:element name="AUST" type="xs:string" minOccurs="0" />
                <xs:element name="BRNN" type="xs:string" minOccurs="0" />
                <xs:element name="COAC" type="xs:string" minOccurs="0" />
                <xs:element name="CORS" type="xs:string" minOccurs="0" />
                <xs:element name="FOGN" type="xs:string" minOccurs="0" />
                <xs:element name="FRAN" type="xs:string" minOccurs="0" />
                <xs:element name="GREC" type="xs:string" minOccurs="0" />
                <xs:element name="MFTV" type="xs:string" minOccurs="0" />
                <xs:element name="PRGP" type="xs:string" minOccurs="0" />
                <xs:element name="ROSN" type="xs:string" minOccurs="0" />
                <xs:element name="SLOV" type="xs:string" minOccurs="0" />
                <xs:element name="SVIZ" type="xs:string" minOccurs="0" />
                <xs:element name="BSP" type="xs:string" minOccurs="0" />
                <xs:element name="MALT" type="xs:string" minOccurs="0" />
                <xs:element name="XAUS" type="xs:string" minOccurs="0" />
                <xs:element name="XFRA" type="xs:string" minOccurs="0" />
              </xs:sequence>
            </xs:complexType>
          </xs:element>
        </xs:choice>
      </xs:complexType>
    </xs:element>
  </xs:schema>
  <Prezzi>
    <Data>20170412</Data>
    <Mercato>MGP</Mercato>
    <Ora>1</Ora>
    <PUN>40,905710</PUN>
    <NAT>39,550000</NAT>
    <CNOR>44,000000</CNOR>
    <CSUD>44,000000</CSUD>
    <NORD>38,293030</NORD>
    <SARD>44,000000</SARD>
    <SICI>44,000000</SICI>
    <SUD>44,000000</SUD>
    <AUST>38,293030</AUST>
    <BRNN>44,000000</BRNN>
    <COAC>44,000000</COAC>
    <CORS>44,000000</CORS>
    <FOGN>44,000000</FOGN>
    <FRAN>38,293030</FRAN>
    <GREC>44,000000</GREC>
    <MFTV>38,293030</MFTV>
    <PRGP>44,000000</PRGP>
    <ROSN>44,000000</ROSN>
    <SLOV>38,293030</SLOV>
    <SVIZ>38,293030</SVIZ>
    <BSP>38,293030</BSP>
    <MALT>44,000000</MALT>
    <XAUS>38,293030</XAUS>
    <XFRA>38,293030</XFRA>
  </Prezzi>
  <Prezzi>
    <Data>20170412</Data>
    <Mercato>MGP</Mercato>
    <Ora>2</Ora>
    <PUN>35,248740</PUN>
    <NAT>37,050000</NAT>
    <CNOR>34,340000</CNOR>
    <CSUD>37,050000</CSUD>
    <NORD>34,340000</NORD>
    <SARD>37,050000</SARD>
    <SICI>37,050000</SICI>
    <SUD>37,050000</SUD>
    <AUST>34,340000</AUST>
    <BRNN>37,050000</BRNN>
    <COAC>37,050000</COAC>
    <CORS>37,050000</CORS>
    <FOGN>37,050000</FOGN>
    <FRAN>34,340000</FRAN>
    <GREC>37,050000</GREC>
    <MFTV>34,340000</MFTV>
    <PRGP>37,050000</PRGP>
    <ROSN>37,050000</ROSN>
    <SLOV>34,340000</SLOV>
    <SVIZ>34,340000</SVIZ>
    <BSP>34,340000</BSP>
    <MALT>37,050000</MALT>
    <XAUS>34,340000</XAUS>
    <XFRA>34,340000</XFRA>
  </Prezzi>
  <Prezzi>
    <Data>20170412</Data>
    <Mercato>MGP</Mercato>
    <Ora>3</Ora>
    <PUN>34,178740</PUN>
    <NAT>36,730000</NAT>
    <CNOR>32,900000</CNOR>
    <CSUD>36,740000</CSUD>
    <NORD>32,900000</NORD>
    <SARD>36,740000</SARD>
    <SICI>36,740000</SICI>
    <SUD>36,740000</SUD>
    <AUST>32,900000</AUST>
    <BRNN>36,740000</BRNN>
    <COAC>36,740000</COAC>
    <CORS>36,740000</CORS>
    <FOGN>36,740000</FOGN>
    <FRAN>32,900000</FRAN>
    <GREC>36,740000</GREC>
    <MFTV>32,900000</MFTV>
    <PRGP>36,740000</PRGP>
    <ROSN>36,740000</ROSN>
    <SLOV>32,900000</SLOV>
    <SVIZ>32,900000</SVIZ>
    <BSP>32,900000</BSP>
    <MALT>36,740000</MALT>
    <XAUS>32,900000</XAUS>
    <XFRA>32,900000</XFRA>
  </Prezzi>
  <Prezzi>
    <Data>20170412</Data>
    <Mercato>MGP</Mercato>
    <Ora>4</Ora>
    <PUN>34,088750</PUN>
    <NAT>35,830000</NAT>
    <CNOR>32,900000</CNOR>
    <CSUD>36,740000</CSUD>
    <NORD>32,900000</NORD>
    <SARD>34,230000</SARD>
    <SICI>36,740000</SICI>
    <SUD>36,740000</SUD>
    <AUST>32,900000</AUST>
    <BRNN>36,740000</BRNN>
    <COAC>34,230000</COAC>
    <CORS>34,230000</CORS>
    <FOGN>36,740000</FOGN>
    <FRAN>32,900000</FRAN>
    <GREC>36,740000</GREC>
    <MFTV>32,900000</MFTV>
    <PRGP>36,740000</PRGP>
    <ROSN>36,740000</ROSN>
    <SLOV>32,900000</SLOV>
    <SVIZ>32,900000</SVIZ>
    <BSP>32,900000</BSP>
    <MALT>36,740000</MALT>
    <XAUS>32,900000</XAUS>
    <XFRA>32,900000</XFRA>
  </Prezzi>
  <Prezzi>
    <Data>20170412</Data>
    <Mercato>MGP</Mercato>
    <Ora>5</Ora>
    <PUN>34,096740</PUN>
    <NAT>36,730000</NAT>
    <CNOR>32,900000</CNOR>
    <CSUD>36,740000</CSUD>
    <NORD>32,900000</NORD>
    <SARD>34,230000</SARD>
    <SICI>36,740000</SICI>
    <SUD>36,740000</SUD>
    <AUST>32,900000</AUST>
    <BRNN>36,740000</BRNN>
    <COAC>34,230000</COAC>
    <CORS>34,230000</CORS>
    <FOGN>36,740000</FOGN>
    <FRAN>32,900000</FRAN>
    <GREC>36,740000</GREC>
    <MFTV>32,900000</MFTV>
    <PRGP>36,740000</PRGP>
    <ROSN>36,740000</ROSN>
    <SLOV>32,900000</SLOV>
    <SVIZ>32,900000</SVIZ>
    <BSP>32,900000</BSP>
    <MALT>36,740000</MALT>
    <XAUS>32,900000</XAUS>
    <XFRA>32,900000</XFRA>
  </Prezzi>
  <Prezzi>
    <Data>20170412</Data>
    <Mercato>MGP</Mercato>
    <Ora>6</Ora>
    <PUN>35,237200</PUN>
    <NAT>37,050000</NAT>
    <CNOR>34,340000</CNOR>
    <CSUD>37,050000</CSUD>
    <NORD>34,340000</NORD>
    <SARD>37,050000</SARD>
    <SICI>37,050000</SICI>
    <SUD>37,050000</SUD>
    <AUST>34,340000</AUST>
    <BRNN>37,050000</BRNN>
    <COAC>37,050000</COAC>
    <CORS>37,050000</CORS>
    <FOGN>37,050000</FOGN>
    <FRAN>34,340000</FRAN>
    <GREC>37,050000</GREC>
    <MFTV>34,340000</MFTV>
    <PRGP>37,050000</PRGP>
    <ROSN>37,050000</ROSN>
    <SLOV>34,340000</SLOV>
    <SVIZ>34,340000</SVIZ>
    <BSP>34,340000</BSP>
    <MALT>37,050000</MALT>
    <XAUS>34,340000</XAUS>
    <XFRA>34,340000</XFRA>
  </Prezzi>
  <Prezzi>
    <Data>20170412</Data>
    <Mercato>MGP</Mercato>
    <Ora>7</Ora>
    <PUN>46,065050</PUN>
    <NAT>45,990000</NAT>
    <CNOR>45,990000</CNOR>
    <CSUD>45,990000</CSUD>
    <NORD>45,990000</NORD>
    <SARD>45,990000</SARD>
    <SICI>47,320000</SICI>
    <SUD>45,990000</SUD>
    <AUST>45,990000</AUST>
    <BRNN>45,990000</BRNN>
    <COAC>45,990000</COAC>
    <CORS>45,990000</CORS>
    <FOGN>45,990000</FOGN>
    <FRAN>45,990000</FRAN>
    <GREC>45,990000</GREC>
    <MFTV>45,990000</MFTV>
    <PRGP>47,320000</PRGP>
    <ROSN>45,990000</ROSN>
    <SLOV>45,990000</SLOV>
    <SVIZ>45,990000</SVIZ>
    <BSP>45,990000</BSP>
    <MALT>47,320000</MALT>
    <XAUS>45,990000</XAUS>
    <XFRA>45,990000</XFRA>
  </Prezzi>
  <Prezzi>
    <Data>20170412</Data>
    <Mercato>MGP</Mercato>
    <Ora>8</Ora>
    <PUN>52,907900</PUN>
    <NAT>51,000000</NAT>
    <CNOR>51,000000</CNOR>
    <CSUD>51,000000</CSUD>
    <NORD>51,000000</NORD>
    <SARD>51,000000</SARD>
    <SICI>84,990000</SICI>
    <SUD>51,000000</SUD>
    <AUST>51,000000</AUST>
    <BRNN>51,000000</BRNN>
    <COAC>51,000000</COAC>
    <CORS>51,000000</CORS>
    <FOGN>51,000000</FOGN>
    <FRAN>51,000000</FRAN>
    <GREC>51,000000</GREC>
    <MFTV>51,000000</MFTV>
    <PRGP>84,990000</PRGP>
    <ROSN>51,000000</ROSN>
    <SLOV>51,000000</SLOV>
    <SVIZ>51,000000</SVIZ>
    <BSP>51,000000</BSP>
    <MALT>84,990000</MALT>
    <XAUS>51,000000</XAUS>
    <XFRA>51,000000</XFRA>
  </Prezzi>
  <Prezzi>
    <Data>20170412</Data>
    <Mercato>MGP</Mercato>
    <Ora>9</Ora>
    <PUN>54,538200</PUN>
    <NAT>54,320000</NAT>
    <CNOR>52,760000</CNOR>
    <CSUD>52,760000</CSUD>
    <NORD>52,760000</NORD>
    <SARD>52,760000</SARD>
    <SICI>85,250000</SICI>
    <SUD>52,760000</SUD>
    <AUST>52,760000</AUST>
    <BRNN>52,760000</BRNN>
    <COAC>52,760000</COAC>
    <CORS>52,760000</CORS>
    <FOGN>52,760000</FOGN>
    <FRAN>52,760000</FRAN>
    <GREC>52,760000</GREC>
    <MFTV>52,760000</MFTV>
    <PRGP>85,250000</PRGP>
    <ROSN>52,760000</ROSN>
    <SLOV>52,760000</SLOV>
    <SVIZ>52,760000</SVIZ>
    <BSP>52,760000</BSP>
    <MALT>85,250000</MALT>
    <XAUS>52,760000</XAUS>
    <XFRA>52,760000</XFRA>
  </Prezzi>
  <Prezzi>
    <Data>20170412</Data>
    <Mercato>MGP</Mercato>
    <Ora>10</Ora>
    <PUN>52,101810</PUN>
    <NAT>51,000000</NAT>
    <CNOR>51,000000</CNOR>
    <CSUD>51,000000</CSUD>
    <NORD>51,000000</NORD>
    <SARD>51,000000</SARD>
    <SICI>71,250000</SICI>
    <SUD>51,000000</SUD>
    <AUST>51,000000</AUST>
    <BRNN>51,000000</BRNN>
    <COAC>51,000000</COAC>
    <CORS>51,000000</CORS>
    <FOGN>51,000000</FOGN>
    <FRAN>51,000000</FRAN>
    <GREC>51,000000</GREC>
    <MFTV>51,000000</MFTV>
    <PRGP>71,250000</PRGP>
    <ROSN>51,000000</ROSN>
    <SLOV>51,000000</SLOV>
    <SVIZ>51,000000</SVIZ>
    <BSP>51,000000</BSP>
    <MALT>71,250000</MALT>
    <XAUS>51,000000</XAUS>
    <XFRA>51,000000</XFRA>
  </Prezzi>
  <Prezzi>
    <Data>20170412</Data>
    <Mercato>MGP</Mercato>
    <Ora>11</Ora>
    <PUN>49,588090</PUN>
    <NAT>50,000000</NAT>
    <CNOR>49,500000</CNOR>
    <CSUD>49,500000</CSUD>
    <NORD>49,500000</NORD>
    <SARD>49,500000</SARD>
    <SICI>51,130000</SICI>
    <SUD>49,500000</SUD>
    <AUST>49,500000</AUST>
    <BRNN>49,500000</BRNN>
    <COAC>49,500000</COAC>
    <CORS>49,500000</CORS>
    <FOGN>49,500000</FOGN>
    <FRAN>49,500000</FRAN>
    <GREC>49,500000</GREC>
    <MFTV>49,500000</MFTV>
    <PRGP>51,130000</PRGP>
    <ROSN>49,500000</ROSN>
    <SLOV>49,500000</SLOV>
    <SVIZ>49,500000</SVIZ>
    <BSP>49,500000</BSP>
    <MALT>51,130000</MALT>
    <XAUS>49,500000</XAUS>
    <XFRA>49,500000</XFRA>
  </Prezzi>
  <Prezzi>
    <Data>20170412</Data>
    <Mercato>MGP</Mercato>
    <Ora>12</Ora>
    <PUN>46,690000</PUN>
    <NAT>46,690000</NAT>
    <CNOR>46,690000</CNOR>
    <CSUD>46,690000</CSUD>
    <NORD>46,690000</NORD>
    <SARD>46,690000</SARD>
    <SICI>46,690000</SICI>
    <SUD>46,690000</SUD>
    <AUST>46,690000</AUST>
    <BRNN>46,690000</BRNN>
    <COAC>46,690000</COAC>
    <CORS>46,690000</CORS>
    <FOGN>46,690000</FOGN>
    <FRAN>46,690000</FRAN>
    <GREC>46,690000</GREC>
    <MFTV>46,690000</MFTV>
    <PRGP>46,690000</PRGP>
    <ROSN>46,690000</ROSN>
    <SLOV>46,690000</SLOV>
    <SVIZ>46,690000</SVIZ>
    <BSP>46,690000</BSP>
    <MALT>46,690000</MALT>
    <XAUS>46,690000</XAUS>
    <XFRA>46,690000</XFRA>
  </Prezzi>
  <Prezzi>
    <Data>20170412</Data>
    <Mercato>MGP</Mercato>
    <Ora>13</Ora>
    <PUN>39,370000</PUN>
    <NAT>39,370000</NAT>
    <CNOR>39,370000</CNOR>
    <CSUD>39,370000</CSUD>
    <NORD>39,370000</NORD>
    <SARD>39,370000</SARD>
    <SICI>39,370000</SICI>
    <SUD>39,370000</SUD>
    <AUST>39,370000</AUST>
    <BRNN>39,370000</BRNN>
    <COAC>39,370000</COAC>
    <CORS>39,370000</CORS>
    <FOGN>39,370000</FOGN>
    <FRAN>39,370000</FRAN>
    <GREC>39,370000</GREC>
    <MFTV>39,370000</MFTV>
    <PRGP>39,370000</PRGP>
    <ROSN>39,370000</ROSN>
    <SLOV>39,370000</SLOV>
    <SVIZ>39,370000</SVIZ>
    <BSP>39,370000</BSP>
    <MALT>39,370000</MALT>
    <XAUS>39,370000</XAUS>
    <XFRA>39,370000</XFRA>
  </Prezzi>
  <Prezzi>
    <Data>20170412</Data>
    <Mercato>MGP</Mercato>
    <Ora>14</Ora>
    <PUN>38,420000</PUN>
    <NAT>38,420000</NAT>
    <CNOR>38,420000</CNOR>
    <CSUD>38,420000</CSUD>
    <NORD>38,420000</NORD>
    <SARD>38,420000</SARD>
    <SICI>38,420000</SICI>
    <SUD>38,420000</SUD>
    <AUST>38,420000</AUST>
    <BRNN>38,420000</BRNN>
    <COAC>38,420000</COAC>
    <CORS>38,420000</CORS>
    <FOGN>38,420000</FOGN>
    <FRAN>38,420000</FRAN>
    <GREC>38,420000</GREC>
    <MFTV>38,420000</MFTV>
    <PRGP>38,420000</PRGP>
    <ROSN>38,420000</ROSN>
    <SLOV>38,420000</SLOV>
    <SVIZ>38,420000</SVIZ>
    <BSP>38,420000</BSP>
    <MALT>38,420000</MALT>
    <XAUS>38,420000</XAUS>
    <XFRA>38,420000</XFRA>
  </Prezzi>
  <Prezzi>
    <Data>20170412</Data>
    <Mercato>MGP</Mercato>
    <Ora>15</Ora>
    <PUN>39,170000</PUN>
    <NAT>39,170000</NAT>
    <CNOR>39,170000</CNOR>
    <CSUD>39,170000</CSUD>
    <NORD>39,170000</NORD>
    <SARD>39,170000</SARD>
    <SICI>39,170000</SICI>
    <SUD>39,170000</SUD>
    <AUST>39,170000</AUST>
    <BRNN>39,170000</BRNN>
    <COAC>39,170000</COAC>
    <CORS>39,170000</CORS>
    <FOGN>39,170000</FOGN>
    <FRAN>39,170000</FRAN>
    <GREC>39,170000</GREC>
    <MFTV>39,170000</MFTV>
    <PRGP>39,170000</PRGP>
    <ROSN>39,170000</ROSN>
    <SLOV>39,170000</SLOV>
    <SVIZ>39,170000</SVIZ>
    <BSP>39,170000</BSP>
    <MALT>39,170000</MALT>
    <XAUS>39,170000</XAUS>
    <XFRA>39,170000</XFRA>
  </Prezzi>
  <Prezzi>
    <Data>20170412</Data>
    <Mercato>MGP</Mercato>
    <Ora>16</Ora>
    <PUN>43,000000</PUN>
    <NAT>43,000000</NAT>
    <CNOR>43,000000</CNOR>
    <CSUD>43,000000</CSUD>
    <NORD>43,000000</NORD>
    <SARD>43,000000</SARD>
    <SICI>43,000000</SICI>
    <SUD>43,000000</SUD>
    <AUST>43,000000</AUST>
    <BRNN>43,000000</BRNN>
    <COAC>43,000000</COAC>
    <CORS>43,000000</CORS>
    <FOGN>43,000000</FOGN>
    <FRAN>43,000000</FRAN>
    <GREC>43,000000</GREC>
    <MFTV>43,000000</MFTV>
    <PRGP>43,000000</PRGP>
    <ROSN>43,000000</ROSN>
    <SLOV>43,000000</SLOV>
    <SVIZ>43,000000</SVIZ>
    <BSP>43,000000</BSP>
    <MALT>43,000000</MALT>
    <XAUS>43,000000</XAUS>
    <XFRA>43,000000</XFRA>
  </Prezzi>
  <Prezzi>
    <Data>20170412</Data>
    <Mercato>MGP</Mercato>
    <Ora>17</Ora>
    <PUN>43,000000</PUN>
    <NAT>43,000000</NAT>
    <CNOR>43,000000</CNOR>
    <CSUD>43,000000</CSUD>
    <NORD>43,000000</NORD>
    <SARD>43,000000</SARD>
    <SICI>43,000000</SICI>
    <SUD>43,000000</SUD>
    <AUST>43,000000</AUST>
    <BRNN>43,000000</BRNN>
    <COAC>43,000000</COAC>
    <CORS>43,000000</CORS>
    <FOGN>43,000000</FOGN>
    <FRAN>43,000000</FRAN>
    <GREC>43,000000</GREC>
    <MFTV>43,000000</MFTV>
    <PRGP>43,000000</PRGP>
    <ROSN>43,000000</ROSN>
    <SLOV>43,000000</SLOV>
    <SVIZ>43,000000</SVIZ>
    <BSP>43,000000</BSP>
    <MALT>43,000000</MALT>
    <XAUS>43,000000</XAUS>
    <XFRA>43,000000</XFRA>
  </Prezzi>
  <Prezzi>
    <Data>20170412</Data>
    <Mercato>MGP</Mercato>
    <Ora>18</Ora>
    <PUN>46,412430</PUN>
    <NAT>46,490000</NAT>
    <CNOR>46,280000</CNOR>
    <CSUD>46,280000</CSUD>
    <NORD>46,280000</NORD>
    <SARD>46,280000</SARD>
    <SICI>48,640000</SICI>
    <SUD>46,280000</SUD>
    <AUST>46,280000</AUST>
    <BRNN>46,280000</BRNN>
    <COAC>46,280000</COAC>
    <CORS>46,280000</CORS>
    <FOGN>46,280000</FOGN>
    <FRAN>46,280000</FRAN>
    <GREC>46,280000</GREC>
    <MFTV>46,280000</MFTV>
    <PRGP>48,640000</PRGP>
    <ROSN>46,280000</ROSN>
    <SLOV>46,280000</SLOV>
    <SVIZ>46,280000</SVIZ>
    <BSP>46,280000</BSP>
    <MALT>48,640000</MALT>
    <XAUS>46,280000</XAUS>
    <XFRA>46,280000</XFRA>
  </Prezzi>
  <Prezzi>
    <Data>20170412</Data>
    <Mercato>MGP</Mercato>
    <Ora>19</Ora>
    <PUN>49,331880</PUN>
    <NAT>47,640000</NAT>
    <CNOR>46,780000</CNOR>
    <CSUD>46,780000</CSUD>
    <NORD>46,780000</NORD>
    <SARD>46,780000</SARD>
    <SICI>90,680000</SICI>
    <SUD>46,780000</SUD>
    <AUST>46,780000</AUST>
    <BRNN>46,780000</BRNN>
    <COAC>46,780000</COAC>
    <CORS>46,780000</CORS>
    <FOGN>46,780000</FOGN>
    <FRAN>46,780000</FRAN>
    <GREC>46,780000</GREC>
    <MFTV>46,780000</MFTV>
    <PRGP>90,680000</PRGP>
    <ROSN>46,780000</ROSN>
    <SLOV>46,780000</SLOV>
    <SVIZ>46,780000</SVIZ>
    <BSP>46,780000</BSP>
    <MALT>90,680000</MALT>
    <XAUS>46,780000</XAUS>
    <XFRA>46,780000</XFRA>
  </Prezzi>
  <Prezzi>
    <Data>20170412</Data>
    <Mercato>MGP</Mercato>
    <Ora>20</Ora>
    <PUN>54,199360</PUN>
    <NAT>52,000000</NAT>
    <CNOR>52,000000</CNOR>
    <CSUD>52,000000</CSUD>
    <NORD>51,690000</NORD>
    <SARD>52,000000</SARD>
    <SICI>91,250000</SICI>
    <SUD>52,000000</SUD>
    <AUST>51,690000</AUST>
    <BRNN>52,000000</BRNN>
    <COAC>52,000000</COAC>
    <CORS>52,000000</CORS>
    <FOGN>52,000000</FOGN>
    <FRAN>51,690000</FRAN>
    <GREC>52,000000</GREC>
    <MFTV>51,690000</MFTV>
    <PRGP>91,250000</PRGP>
    <ROSN>52,000000</ROSN>
    <SLOV>51,690000</SLOV>
    <SVIZ>51,690000</SVIZ>
    <BSP>51,690000</BSP>
    <MALT>91,250000</MALT>
    <XAUS>51,690000</XAUS>
    <XFRA>51,690000</XFRA>
  </Prezzi>
  <Prezzi>
    <Data>20170412</Data>
    <Mercato>MGP</Mercato>
    <Ora>21</Ora>
    <PUN>59,177810</PUN>
    <NAT>59,840000</NAT>
    <CNOR>57,020000</CNOR>
    <CSUD>57,020000</CSUD>
    <NORD>57,000000</NORD>
    <SARD>57,020000</SARD>
    <SICI>91,250000</SICI>
    <SUD>57,020000</SUD>
    <AUST>57,000000</AUST>
    <BRNN>57,020000</BRNN>
    <COAC>57,020000</COAC>
    <CORS>57,020000</CORS>
    <FOGN>57,020000</FOGN>
    <FRAN>57,000000</FRAN>
    <GREC>57,020000</GREC>
    <MFTV>57,000000</MFTV>
    <PRGP>91,250000</PRGP>
    <ROSN>57,020000</ROSN>
    <SLOV>57,000000</SLOV>
    <SVIZ>57,000000</SVIZ>
    <BSP>57,000000</BSP>
    <MALT>91,250000</MALT>
    <XAUS>57,000000</XAUS>
    <XFRA>57,000000</XFRA>
  </Prezzi>
  <Prezzi>
    <Data>20170412</Data>
    <Mercato>MGP</Mercato>
    <Ora>22</Ora>
    <PUN>53,018430</PUN>
    <NAT>51,690000</NAT>
    <CNOR>51,000000</CNOR>
    <CSUD>51,000000</CSUD>
    <NORD>50,000000</NORD>
    <SARD>51,000000</SARD>
    <SICI>91,250000</SICI>
    <SUD>51,000000</SUD>
    <AUST>50,000000</AUST>
    <BRNN>51,000000</BRNN>
    <COAC>51,000000</COAC>
    <CORS>51,000000</CORS>
    <FOGN>51,000000</FOGN>
    <FRAN>50,000000</FRAN>
    <GREC>51,000000</GREC>
    <MFTV>50,000000</MFTV>
    <PRGP>91,250000</PRGP>
    <ROSN>51,000000</ROSN>
    <SLOV>50,000000</SLOV>
    <SVIZ>50,000000</SVIZ>
    <BSP>50,000000</BSP>
    <MALT>91,250000</MALT>
    <XAUS>50,000000</XAUS>
    <XFRA>50,000000</XFRA>
  </Prezzi>
  <Prezzi>
    <Data>20170412</Data>
    <Mercato>MGP</Mercato>
    <Ora>23</Ora>
    <PUN>45,859900</PUN>
    <NAT>44,900000</NAT>
    <CNOR>44,650000</CNOR>
    <CSUD>44,650000</CSUD>
    <NORD>41,290000</NORD>
    <SARD>44,650000</SARD>
    <SICI>90,680000</SICI>
    <SUD>44,650000</SUD>
    <AUST>41,290000</AUST>
    <BRNN>44,650000</BRNN>
    <COAC>44,650000</COAC>
    <CORS>44,650000</CORS>
    <FOGN>44,650000</FOGN>
    <FRAN>41,290000</FRAN>
    <GREC>44,650000</GREC>
    <MFTV>41,290000</MFTV>
    <PRGP>90,680000</PRGP>
    <ROSN>44,650000</ROSN>
    <SLOV>41,290000</SLOV>
    <SVIZ>41,290000</SVIZ>
    <BSP>41,290000</BSP>
    <MALT>90,680000</MALT>
    <XAUS>41,290000</XAUS>
    <XFRA>41,290000</XFRA>
  </Prezzi>
  <Prezzi>
    <Data>20170412</Data>
    <Mercato>MGP</Mercato>
    <Ora>24</Ora>
    <PUN>43,873340</PUN>
    <NAT>43,000000</NAT>
    <CNOR>43,000000</CNOR>
    <CSUD>43,000000</CSUD>
    <NORD>43,000000</NORD>
    <SARD>43,000000</SARD>
    <SICI>56,760000</SICI>
    <SUD>43,000000</SUD>
    <AUST>43,000000</AUST>
    <BRNN>43,000000</BRNN>
    <COAC>43,000000</COAC>
    <CORS>43,000000</CORS>
    <FOGN>43,000000</FOGN>
    <FRAN>43,000000</FRAN>
    <GREC>43,000000</GREC>
    <MFTV>43,000000</MFTV>
    <PRGP>56,760000</PRGP>
    <ROSN>43,000000</ROSN>
    <SLOV>43,000000</SLOV>
    <SVIZ>43,000000</SVIZ>
    <BSP>43,000000</BSP>
    <MALT>56,760000</MALT>
    <XAUS>43,000000</XAUS>
    <XFRA>43,000000</XFRA>
  </Prezzi>
</NewDataSet>