<?xml version="1.0" standalone="yes"?>
<NewDataSet>
  <xs:schema id="NewDataSet" xmlns="" xmlns:xs="http://www.w3.org/2001/XMLSchema" xmlns:msdata="urn:schemas-microsoft-com:xml-msdata">
    <xs:element name="NewDataSet" msdata:IsDataSet="true" msdata:UseCurrentLocale="true">
      <xs:complexType>
        <xs:choice minOccurs="0" maxOccurs="unbounded">
          <xs:element name="Prezzi">
            <xs:complexType>
              <xs:sequence>
                <xs:element name="Data" type="xs:string" minOccurs="0" />
                <xs:element name="Mercato" type="xs:string" minOccurs="0" />
                <xs:element name="Ora" type="xs:string" minOccurs="0" />
                <xs:element name="PUN" type="xs:string" minOccurs="0" />
                <xs:element name="NAT" type="xs:string" minOccurs="0" />
                <xs:element name="CNOR" type="xs:string" minOccurs="0" />
                <xs:element name="CSUD" type="xs:string" minOccurs="0" />
                <xs:element name="NORD" type="xs:string" minOccurs="0" />
                <xs:element name="SARD" type="xs:string" minOccurs="0" />
                <xs:element name="SICI" type="xs:string" minOccurs="0" />
                <xs:element name="SUD" type="xs:string" minOccurs="0" />
                <xs:element name="AUST" type="xs:string" minOccurs="0" />
                <xs:element name="BRNN" type="xs:string" minOccurs="0" />
                <xs:element name="COAC" type="xs:string" minOccurs="0" />
                <xs:element name="CORS" type="xs:string" minOccurs="0" />
                <xs:element name="FOGN" type="xs:string" minOccurs="0" />
                <xs:element name="FRAN" type="xs:string" minOccurs="0" />
                <xs:element name="GREC" type="xs:string" minOccurs="0" />
                <xs:element name="MFTV" type="xs:string" minOccurs="0" />
                <xs:element name="PRGP" type="xs:string" minOccurs="0" />
                <xs:element name="ROSN" type="xs:string" minOccurs="0" />
                <xs:element name="SLOV" type="xs:string" minOccurs="0" />
                <xs:element name="SVIZ" type="xs:string" minOccurs="0" />
                <xs:element name="BSP" type="xs:string" minOccurs="0" />
                <xs:element name="MALT" type="xs:string" minOccurs="0" />
                <xs:element name="XAUS" type="xs:string" minOccurs="0" />
                <xs:element name="XFRA" type="xs:string" minOccurs="0" />
              </xs:sequence>
            </xs:complexType>
          </xs:element>
        </xs:choice>
      </xs:complexType>
    </xs:element>
  </xs:schema>
  <Prezzi>
    <Data>20170430</Data>
    <Mercato>MGP</Mercato>
    <Ora>1</Ora>
    <PUN>50,000000</PUN>
    <NAT>50,000000</NAT>
    <CNOR>50,000000</CNOR>
    <CSUD>50,000000</CSUD>
    <NORD>50,000000</NORD>
    <SARD>50,000000</SARD>
    <SICI>50,000000</SICI>
    <SUD>50,000000</SUD>
    <AUST>50,000000</AUST>
    <BRNN>50,000000</BRNN>
    <COAC>50,000000</COAC>
    <CORS>50,000000</CORS>
    <FOGN>50,000000</FOGN>
    <FRAN>50,000000</FRAN>
    <GREC>50,000000</GREC>
    <MFTV>50,000000</MFTV>
    <PRGP>50,000000</PRGP>
    <ROSN>50,000000</ROSN>
    <SLOV>50,000000</SLOV>
    <SVIZ>50,000000</SVIZ>
    <BSP>50,000000</BSP>
    <MALT>50,000000</MALT>
    <XAUS>50,000000</XAUS>
    <XFRA>50,000000</XFRA>
  </Prezzi>
  <Prezzi>
    <Data>20170430</Data>
    <Mercato>MGP</Mercato>
    <Ora>2</Ora>
    <PUN>44,690000</PUN>
    <NAT>44,690000</NAT>
    <CNOR>44,690000</CNOR>
    <CSUD>44,690000</CSUD>
    <NORD>44,690000</NORD>
    <SARD>44,690000</SARD>
    <SICI>44,690000</SICI>
    <SUD>44,690000</SUD>
    <AUST>44,690000</AUST>
    <BRNN>44,690000</BRNN>
    <COAC>44,690000</COAC>
    <CORS>44,690000</CORS>
    <FOGN>44,690000</FOGN>
    <FRAN>44,690000</FRAN>
    <GREC>44,690000</GREC>
    <MFTV>44,690000</MFTV>
    <PRGP>44,690000</PRGP>
    <ROSN>44,690000</ROSN>
    <SLOV>44,690000</SLOV>
    <SVIZ>44,690000</SVIZ>
    <BSP>44,690000</BSP>
    <MALT>44,690000</MALT>
    <XAUS>44,690000</XAUS>
    <XFRA>44,690000</XFRA>
  </Prezzi>
  <Prezzi>
    <Data>20170430</Data>
    <Mercato>MGP</Mercato>
    <Ora>3</Ora>
    <PUN>43,790000</PUN>
    <NAT>43,790000</NAT>
    <CNOR>43,790000</CNOR>
    <CSUD>43,790000</CSUD>
    <NORD>43,790000</NORD>
    <SARD>43,790000</SARD>
    <SICI>43,790000</SICI>
    <SUD>43,790000</SUD>
    <AUST>43,790000</AUST>
    <BRNN>43,790000</BRNN>
    <COAC>43,790000</COAC>
    <CORS>43,790000</CORS>
    <FOGN>43,790000</FOGN>
    <FRAN>43,790000</FRAN>
    <GREC>43,790000</GREC>
    <MFTV>43,790000</MFTV>
    <PRGP>43,790000</PRGP>
    <ROSN>43,790000</ROSN>
    <SLOV>43,790000</SLOV>
    <SVIZ>43,790000</SVIZ>
    <BSP>43,790000</BSP>
    <MALT>43,790000</MALT>
    <XAUS>43,790000</XAUS>
    <XFRA>43,790000</XFRA>
  </Prezzi>
  <Prezzi>
    <Data>20170430</Data>
    <Mercato>MGP</Mercato>
    <Ora>4</Ora>
    <PUN>40,190000</PUN>
    <NAT>40,190000</NAT>
    <CNOR>40,190000</CNOR>
    <CSUD>40,190000</CSUD>
    <NORD>40,190000</NORD>
    <SARD>40,190000</SARD>
    <SICI>40,190000</SICI>
    <SUD>40,190000</SUD>
    <AUST>40,190000</AUST>
    <BRNN>40,190000</BRNN>
    <COAC>40,190000</COAC>
    <CORS>40,190000</CORS>
    <FOGN>40,190000</FOGN>
    <FRAN>40,190000</FRAN>
    <GREC>40,190000</GREC>
    <MFTV>40,190000</MFTV>
    <PRGP>40,190000</PRGP>
    <ROSN>40,190000</ROSN>
    <SLOV>40,190000</SLOV>
    <SVIZ>40,190000</SVIZ>
    <BSP>40,190000</BSP>
    <MALT>40,190000</MALT>
    <XAUS>40,190000</XAUS>
    <XFRA>40,190000</XFRA>
  </Prezzi>
  <Prezzi>
    <Data>20170430</Data>
    <Mercato>MGP</Mercato>
    <Ora>5</Ora>
    <PUN>40,220000</PUN>
    <NAT>40,220000</NAT>
    <CNOR>40,220000</CNOR>
    <CSUD>40,220000</CSUD>
    <NORD>40,220000</NORD>
    <SARD>40,220000</SARD>
    <SICI>40,220000</SICI>
    <SUD>40,220000</SUD>
    <AUST>40,220000</AUST>
    <BRNN>40,220000</BRNN>
    <COAC>40,220000</COAC>
    <CORS>40,220000</CORS>
    <FOGN>40,220000</FOGN>
    <FRAN>40,220000</FRAN>
    <GREC>40,220000</GREC>
    <MFTV>40,220000</MFTV>
    <PRGP>40,220000</PRGP>
    <ROSN>40,220000</ROSN>
    <SLOV>40,220000</SLOV>
    <SVIZ>40,220000</SVIZ>
    <BSP>40,220000</BSP>
    <MALT>40,220000</MALT>
    <XAUS>40,220000</XAUS>
    <XFRA>40,220000</XFRA>
  </Prezzi>
  <Prezzi>
    <Data>20170430</Data>
    <Mercato>MGP</Mercato>
    <Ora>6</Ora>
    <PUN>39,890000</PUN>
    <NAT>39,890000</NAT>
    <CNOR>39,890000</CNOR>
    <CSUD>39,890000</CSUD>
    <NORD>39,890000</NORD>
    <SARD>39,890000</SARD>
    <SICI>39,890000</SICI>
    <SUD>39,890000</SUD>
    <AUST>39,890000</AUST>
    <BRNN>39,890000</BRNN>
    <COAC>39,890000</COAC>
    <CORS>39,890000</CORS>
    <FOGN>39,890000</FOGN>
    <FRAN>39,890000</FRAN>
    <GREC>39,890000</GREC>
    <MFTV>39,890000</MFTV>
    <PRGP>39,890000</PRGP>
    <ROSN>39,890000</ROSN>
    <SLOV>39,890000</SLOV>
    <SVIZ>39,890000</SVIZ>
    <BSP>39,890000</BSP>
    <MALT>39,890000</MALT>
    <XAUS>39,890000</XAUS>
    <XFRA>39,890000</XFRA>
  </Prezzi>
  <Prezzi>
    <Data>20170430</Data>
    <Mercato>MGP</Mercato>
    <Ora>7</Ora>
    <PUN>38,690000</PUN>
    <NAT>38,690000</NAT>
    <CNOR>38,690000</CNOR>
    <CSUD>38,690000</CSUD>
    <NORD>38,690000</NORD>
    <SARD>38,690000</SARD>
    <SICI>38,690000</SICI>
    <SUD>38,690000</SUD>
    <AUST>38,690000</AUST>
    <BRNN>38,690000</BRNN>
    <COAC>38,690000</COAC>
    <CORS>38,690000</CORS>
    <FOGN>38,690000</FOGN>
    <FRAN>38,690000</FRAN>
    <GREC>38,690000</GREC>
    <MFTV>38,690000</MFTV>
    <PRGP>38,690000</PRGP>
    <ROSN>38,690000</ROSN>
    <SLOV>38,690000</SLOV>
    <SVIZ>38,690000</SVIZ>
    <BSP>38,690000</BSP>
    <MALT>38,690000</MALT>
    <XAUS>38,690000</XAUS>
    <XFRA>38,690000</XFRA>
  </Prezzi>
  <Prezzi>
    <Data>20170430</Data>
    <Mercato>MGP</Mercato>
    <Ora>8</Ora>
    <PUN>37,920000</PUN>
    <NAT>37,920000</NAT>
    <CNOR>37,920000</CNOR>
    <CSUD>37,920000</CSUD>
    <NORD>37,920000</NORD>
    <SARD>37,920000</SARD>
    <SICI>37,920000</SICI>
    <SUD>37,920000</SUD>
    <AUST>37,920000</AUST>
    <BRNN>37,920000</BRNN>
    <COAC>37,920000</COAC>
    <CORS>37,920000</CORS>
    <FOGN>37,920000</FOGN>
    <FRAN>37,920000</FRAN>
    <GREC>37,920000</GREC>
    <MFTV>37,920000</MFTV>
    <PRGP>37,920000</PRGP>
    <ROSN>37,920000</ROSN>
    <SLOV>37,920000</SLOV>
    <SVIZ>37,920000</SVIZ>
    <BSP>37,920000</BSP>
    <MALT>37,920000</MALT>
    <XAUS>37,920000</XAUS>
    <XFRA>37,920000</XFRA>
  </Prezzi>
  <Prezzi>
    <Data>20170430</Data>
    <Mercato>MGP</Mercato>
    <Ora>9</Ora>
    <PUN>37,350000</PUN>
    <NAT>37,350000</NAT>
    <CNOR>37,350000</CNOR>
    <CSUD>37,350000</CSUD>
    <NORD>37,350000</NORD>
    <SARD>37,350000</SARD>
    <SICI>37,350000</SICI>
    <SUD>37,350000</SUD>
    <AUST>37,350000</AUST>
    <BRNN>37,350000</BRNN>
    <COAC>37,350000</COAC>
    <CORS>37,350000</CORS>
    <FOGN>37,350000</FOGN>
    <FRAN>37,350000</FRAN>
    <GREC>37,350000</GREC>
    <MFTV>37,350000</MFTV>
    <PRGP>37,350000</PRGP>
    <ROSN>37,350000</ROSN>
    <SLOV>37,350000</SLOV>
    <SVIZ>37,350000</SVIZ>
    <BSP>37,350000</BSP>
    <MALT>37,350000</MALT>
    <XAUS>37,350000</XAUS>
    <XFRA>37,350000</XFRA>
  </Prezzi>
  <Prezzi>
    <Data>20170430</Data>
    <Mercato>MGP</Mercato>
    <Ora>10</Ora>
    <PUN>37,340000</PUN>
    <NAT>37,340000</NAT>
    <CNOR>37,340000</CNOR>
    <CSUD>37,340000</CSUD>
    <NORD>37,340000</NORD>
    <SARD>37,340000</SARD>
    <SICI>37,340000</SICI>
    <SUD>37,340000</SUD>
    <AUST>37,340000</AUST>
    <BRNN>37,340000</BRNN>
    <COAC>37,340000</COAC>
    <CORS>37,340000</CORS>
    <FOGN>37,340000</FOGN>
    <FRAN>37,340000</FRAN>
    <GREC>37,340000</GREC>
    <MFTV>37,340000</MFTV>
    <PRGP>37,340000</PRGP>
    <ROSN>37,340000</ROSN>
    <SLOV>37,340000</SLOV>
    <SVIZ>37,340000</SVIZ>
    <BSP>37,340000</BSP>
    <MALT>37,340000</MALT>
    <XAUS>37,340000</XAUS>
    <XFRA>37,340000</XFRA>
  </Prezzi>
  <Prezzi>
    <Data>20170430</Data>
    <Mercato>MGP</Mercato>
    <Ora>11</Ora>
    <PUN>32,710000</PUN>
    <NAT>32,710000</NAT>
    <CNOR>32,710000</CNOR>
    <CSUD>32,710000</CSUD>
    <NORD>32,710000</NORD>
    <SARD>32,710000</SARD>
    <SICI>32,710000</SICI>
    <SUD>32,710000</SUD>
    <AUST>32,710000</AUST>
    <BRNN>32,710000</BRNN>
    <COAC>32,710000</COAC>
    <CORS>32,710000</CORS>
    <FOGN>32,710000</FOGN>
    <FRAN>32,710000</FRAN>
    <GREC>32,710000</GREC>
    <MFTV>32,710000</MFTV>
    <PRGP>32,710000</PRGP>
    <ROSN>32,710000</ROSN>
    <SLOV>32,710000</SLOV>
    <SVIZ>32,710000</SVIZ>
    <BSP>32,710000</BSP>
    <MALT>32,710000</MALT>
    <XAUS>32,710000</XAUS>
    <XFRA>32,710000</XFRA>
  </Prezzi>
  <Prezzi>
    <Data>20170430</Data>
    <Mercato>MGP</Mercato>
    <Ora>12</Ora>
    <PUN>28,380000</PUN>
    <NAT>28,380000</NAT>
    <CNOR>28,380000</CNOR>
    <CSUD>28,380000</CSUD>
    <NORD>28,380000</NORD>
    <SARD>28,380000</SARD>
    <SICI>28,380000</SICI>
    <SUD>28,380000</SUD>
    <AUST>28,380000</AUST>
    <BRNN>28,380000</BRNN>
    <COAC>28,380000</COAC>
    <CORS>28,380000</CORS>
    <FOGN>28,380000</FOGN>
    <FRAN>28,380000</FRAN>
    <GREC>28,380000</GREC>
    <MFTV>28,380000</MFTV>
    <PRGP>28,380000</PRGP>
    <ROSN>28,380000</ROSN>
    <SLOV>28,380000</SLOV>
    <SVIZ>28,380000</SVIZ>
    <BSP>28,380000</BSP>
    <MALT>28,380000</MALT>
    <XAUS>28,380000</XAUS>
    <XFRA>28,380000</XFRA>
  </Prezzi>
  <Prezzi>
    <Data>20170430</Data>
    <Mercato>MGP</Mercato>
    <Ora>13</Ora>
    <PUN>25,270000</PUN>
    <NAT>25,270000</NAT>
    <CNOR>25,270000</CNOR>
    <CSUD>25,270000</CSUD>
    <NORD>25,270000</NORD>
    <SARD>25,270000</SARD>
    <SICI>25,270000</SICI>
    <SUD>25,270000</SUD>
    <AUST>25,270000</AUST>
    <BRNN>25,270000</BRNN>
    <COAC>25,270000</COAC>
    <CORS>25,270000</CORS>
    <FOGN>25,270000</FOGN>
    <FRAN>25,270000</FRAN>
    <GREC>25,270000</GREC>
    <MFTV>25,270000</MFTV>
    <PRGP>25,270000</PRGP>
    <ROSN>25,270000</ROSN>
    <SLOV>25,270000</SLOV>
    <SVIZ>25,270000</SVIZ>
    <BSP>25,270000</BSP>
    <MALT>25,270000</MALT>
    <XAUS>25,270000</XAUS>
    <XFRA>25,270000</XFRA>
  </Prezzi>
  <Prezzi>
    <Data>20170430</Data>
    <Mercato>MGP</Mercato>
    <Ora>14</Ora>
    <PUN>15,000000</PUN>
    <NAT>15,000000</NAT>
    <CNOR>15,000000</CNOR>
    <CSUD>15,000000</CSUD>
    <NORD>15,000000</NORD>
    <SARD>15,000000</SARD>
    <SICI>15,000000</SICI>
    <SUD>15,000000</SUD>
    <AUST>15,000000</AUST>
    <BRNN>15,000000</BRNN>
    <COAC>15,000000</COAC>
    <CORS>15,000000</CORS>
    <FOGN>15,000000</FOGN>
    <FRAN>15,000000</FRAN>
    <GREC>15,000000</GREC>
    <MFTV>15,000000</MFTV>
    <PRGP>15,000000</PRGP>
    <ROSN>15,000000</ROSN>
    <SLOV>15,000000</SLOV>
    <SVIZ>15,000000</SVIZ>
    <BSP>15,000000</BSP>
    <MALT>15,000000</MALT>
    <XAUS>15,000000</XAUS>
    <XFRA>15,000000</XFRA>
  </Prezzi>
  <Prezzi>
    <Data>20170430</Data>
    <Mercato>MGP</Mercato>
    <Ora>15</Ora>
    <PUN>15,000000</PUN>
    <NAT>15,000000</NAT>
    <CNOR>15,000000</CNOR>
    <CSUD>15,000000</CSUD>
    <NORD>15,000000</NORD>
    <SARD>15,000000</SARD>
    <SICI>15,000000</SICI>
    <SUD>15,000000</SUD>
    <AUST>15,000000</AUST>
    <BRNN>15,000000</BRNN>
    <COAC>15,000000</COAC>
    <CORS>15,000000</CORS>
    <FOGN>15,000000</FOGN>
    <FRAN>15,000000</FRAN>
    <GREC>15,000000</GREC>
    <MFTV>15,000000</MFTV>
    <PRGP>15,000000</PRGP>
    <ROSN>15,000000</ROSN>
    <SLOV>15,000000</SLOV>
    <SVIZ>15,000000</SVIZ>
    <BSP>15,000000</BSP>
    <MALT>15,000000</MALT>
    <XAUS>15,000000</XAUS>
    <XFRA>15,000000</XFRA>
  </Prezzi>
  <Prezzi>
    <Data>20170430</Data>
    <Mercato>MGP</Mercato>
    <Ora>16</Ora>
    <PUN>19,910000</PUN>
    <NAT>19,910000</NAT>
    <CNOR>19,910000</CNOR>
    <CSUD>19,910000</CSUD>
    <NORD>19,910000</NORD>
    <SARD>19,910000</SARD>
    <SICI>19,910000</SICI>
    <SUD>19,910000</SUD>
    <AUST>19,910000</AUST>
    <BRNN>19,910000</BRNN>
    <COAC>19,910000</COAC>
    <CORS>19,910000</CORS>
    <FOGN>19,910000</FOGN>
    <FRAN>19,910000</FRAN>
    <GREC>19,910000</GREC>
    <MFTV>19,910000</MFTV>
    <PRGP>19,910000</PRGP>
    <ROSN>19,910000</ROSN>
    <SLOV>19,910000</SLOV>
    <SVIZ>19,910000</SVIZ>
    <BSP>19,910000</BSP>
    <MALT>19,910000</MALT>
    <XAUS>19,910000</XAUS>
    <XFRA>19,910000</XFRA>
  </Prezzi>
  <Prezzi>
    <Data>20170430</Data>
    <Mercato>MGP</Mercato>
    <Ora>17</Ora>
    <PUN>26,330000</PUN>
    <NAT>26,330000</NAT>
    <CNOR>26,330000</CNOR>
    <CSUD>26,330000</CSUD>
    <NORD>26,330000</NORD>
    <SARD>26,330000</SARD>
    <SICI>26,330000</SICI>
    <SUD>26,330000</SUD>
    <AUST>26,330000</AUST>
    <BRNN>26,330000</BRNN>
    <COAC>26,330000</COAC>
    <CORS>26,330000</CORS>
    <FOGN>26,330000</FOGN>
    <FRAN>26,330000</FRAN>
    <GREC>26,330000</GREC>
    <MFTV>26,330000</MFTV>
    <PRGP>26,330000</PRGP>
    <ROSN>26,330000</ROSN>
    <SLOV>26,330000</SLOV>
    <SVIZ>26,330000</SVIZ>
    <BSP>26,330000</BSP>
    <MALT>26,330000</MALT>
    <XAUS>26,330000</XAUS>
    <XFRA>26,330000</XFRA>
  </Prezzi>
  <Prezzi>
    <Data>20170430</Data>
    <Mercato>MGP</Mercato>
    <Ora>18</Ora>
    <PUN>38,690000</PUN>
    <NAT>38,690000</NAT>
    <CNOR>38,690000</CNOR>
    <CSUD>38,690000</CSUD>
    <NORD>38,690000</NORD>
    <SARD>38,690000</SARD>
    <SICI>38,690000</SICI>
    <SUD>38,690000</SUD>
    <AUST>38,690000</AUST>
    <BRNN>38,690000</BRNN>
    <COAC>38,690000</COAC>
    <CORS>38,690000</CORS>
    <FOGN>38,690000</FOGN>
    <FRAN>38,690000</FRAN>
    <GREC>38,690000</GREC>
    <MFTV>38,690000</MFTV>
    <PRGP>38,690000</PRGP>
    <ROSN>38,690000</ROSN>
    <SLOV>38,690000</SLOV>
    <SVIZ>38,690000</SVIZ>
    <BSP>38,690000</BSP>
    <MALT>38,690000</MALT>
    <XAUS>38,690000</XAUS>
    <XFRA>38,690000</XFRA>
  </Prezzi>
  <Prezzi>
    <Data>20170430</Data>
    <Mercato>MGP</Mercato>
    <Ora>19</Ora>
    <PUN>48,000000</PUN>
    <NAT>48,000000</NAT>
    <CNOR>48,000000</CNOR>
    <CSUD>48,000000</CSUD>
    <NORD>48,000000</NORD>
    <SARD>48,000000</SARD>
    <SICI>48,000000</SICI>
    <SUD>48,000000</SUD>
    <AUST>48,000000</AUST>
    <BRNN>48,000000</BRNN>
    <COAC>48,000000</COAC>
    <CORS>48,000000</CORS>
    <FOGN>48,000000</FOGN>
    <FRAN>48,000000</FRAN>
    <GREC>48,000000</GREC>
    <MFTV>48,000000</MFTV>
    <PRGP>48,000000</PRGP>
    <ROSN>48,000000</ROSN>
    <SLOV>48,000000</SLOV>
    <SVIZ>48,000000</SVIZ>
    <BSP>48,000000</BSP>
    <MALT>48,000000</MALT>
    <XAUS>48,000000</XAUS>
    <XFRA>48,000000</XFRA>
  </Prezzi>
  <Prezzi>
    <Data>20170430</Data>
    <Mercato>MGP</Mercato>
    <Ora>20</Ora>
    <PUN>54,542780</PUN>
    <NAT>52,610000</NAT>
    <CNOR>52,480000</CNOR>
    <CSUD>52,480000</CSUD>
    <NORD>52,480000</NORD>
    <SARD>52,480000</SARD>
    <SICI>84,010000</SICI>
    <SUD>52,480000</SUD>
    <AUST>52,480000</AUST>
    <BRNN>52,480000</BRNN>
    <COAC>52,480000</COAC>
    <CORS>52,480000</CORS>
    <FOGN>52,480000</FOGN>
    <FRAN>52,480000</FRAN>
    <GREC>52,480000</GREC>
    <MFTV>52,480000</MFTV>
    <PRGP>84,010000</PRGP>
    <ROSN>52,480000</ROSN>
    <SLOV>52,480000</SLOV>
    <SVIZ>52,480000</SVIZ>
    <BSP>52,480000</BSP>
    <MALT>84,010000</MALT>
    <XAUS>52,480000</XAUS>
    <XFRA>52,480000</XFRA>
  </Prezzi>
  <Prezzi>
    <Data>20170430</Data>
    <Mercato>MGP</Mercato>
    <Ora>21</Ora>
    <PUN>59,374400</PUN>
    <NAT>58,580000</NAT>
    <CNOR>57,000000</CNOR>
    <CSUD>57,000000</CSUD>
    <NORD>57,000000</NORD>
    <SARD>57,000000</SARD>
    <SICI>91,250000</SICI>
    <SUD>57,000000</SUD>
    <AUST>57,000000</AUST>
    <BRNN>57,000000</BRNN>
    <COAC>57,000000</COAC>
    <CORS>57,000000</CORS>
    <FOGN>57,000000</FOGN>
    <FRAN>57,000000</FRAN>
    <GREC>57,000000</GREC>
    <MFTV>57,000000</MFTV>
    <PRGP>91,250000</PRGP>
    <ROSN>57,000000</ROSN>
    <SLOV>57,000000</SLOV>
    <SVIZ>57,000000</SVIZ>
    <BSP>57,000000</BSP>
    <MALT>91,250000</MALT>
    <XAUS>57,000000</XAUS>
    <XFRA>57,000000</XFRA>
  </Prezzi>
  <Prezzi>
    <Data>20170430</Data>
    <Mercato>MGP</Mercato>
    <Ora>22</Ora>
    <PUN>58,457600</PUN>
    <NAT>57,000000</NAT>
    <CNOR>56,000000</CNOR>
    <CSUD>56,000000</CSUD>
    <NORD>56,000000</NORD>
    <SARD>56,000000</SARD>
    <SICI>91,250000</SICI>
    <SUD>56,000000</SUD>
    <AUST>56,000000</AUST>
    <BRNN>56,000000</BRNN>
    <COAC>56,000000</COAC>
    <CORS>56,000000</CORS>
    <FOGN>56,000000</FOGN>
    <FRAN>56,000000</FRAN>
    <GREC>56,000000</GREC>
    <MFTV>56,000000</MFTV>
    <PRGP>91,250000</PRGP>
    <ROSN>56,000000</ROSN>
    <SLOV>56,000000</SLOV>
    <SVIZ>56,000000</SVIZ>
    <BSP>56,000000</BSP>
    <MALT>91,250000</MALT>
    <XAUS>56,000000</XAUS>
    <XFRA>56,000000</XFRA>
  </Prezzi>
  <Prezzi>
    <Data>20170430</Data>
    <Mercato>MGP</Mercato>
    <Ora>23</Ora>
    <PUN>55,593390</PUN>
    <NAT>53,450000</NAT>
    <CNOR>52,930000</CNOR>
    <CSUD>52,930000</CSUD>
    <NORD>52,930000</NORD>
    <SARD>52,930000</SARD>
    <SICI>91,250000</SICI>
    <SUD>52,930000</SUD>
    <AUST>52,930000</AUST>
    <BRNN>52,930000</BRNN>
    <COAC>52,930000</COAC>
    <CORS>52,930000</CORS>
    <FOGN>52,930000</FOGN>
    <FRAN>52,930000</FRAN>
    <GREC>52,930000</GREC>
    <MFTV>52,930000</MFTV>
    <PRGP>91,250000</PRGP>
    <ROSN>52,930000</ROSN>
    <SLOV>52,930000</SLOV>
    <SVIZ>52,930000</SVIZ>
    <BSP>52,930000</BSP>
    <MALT>91,250000</MALT>
    <XAUS>52,930000</XAUS>
    <XFRA>52,930000</XFRA>
  </Prezzi>
  <Prezzi>
    <Data>20170430</Data>
    <Mercato>MGP</Mercato>
    <Ora>24</Ora>
    <PUN>50,696790</PUN>
    <NAT>50,000000</NAT>
    <CNOR>50,000000</CNOR>
    <CSUD>50,000000</CSUD>
    <NORD>50,000000</NORD>
    <SARD>50,000000</SARD>
    <SICI>60,010000</SICI>
    <SUD>50,000000</SUD>
    <AUST>50,000000</AUST>
    <BRNN>50,000000</BRNN>
    <COAC>50,000000</COAC>
    <CORS>50,000000</CORS>
    <FOGN>50,000000</FOGN>
    <FRAN>50,000000</FRAN>
    <GREC>50,000000</GREC>
    <MFTV>50,000000</MFTV>
    <PRGP>60,010000</PRGP>
    <ROSN>50,000000</ROSN>
    <SLOV>50,000000</SLOV>
    <SVIZ>50,000000</SVIZ>
    <BSP>50,000000</BSP>
    <MALT>60,010000</MALT>
    <XAUS>50,000000</XAUS>
    <XFRA>50,000000</XFRA>
  </Prezzi>
</NewDataSet>