<?xml version="1.0" standalone="yes"?>
<NewDataSet>
  <xs:schema id="NewDataSet" xmlns="" xmlns:xs="http://www.w3.org/2001/XMLSchema" xmlns:msdata="urn:schemas-microsoft-com:xml-msdata">
    <xs:element name="NewDataSet" msdata:IsDataSet="true" msdata:UseCurrentLocale="true">
      <xs:complexType>
        <xs:choice minOccurs="0" maxOccurs="unbounded">
          <xs:element name="Prezzi">
            <xs:complexType>
              <xs:sequence>
                <xs:element name="Data" type="xs:string" minOccurs="0" />
                <xs:element name="Mercato" type="xs:string" minOccurs="0" />
                <xs:element name="Ora" type="xs:string" minOccurs="0" />
                <xs:element name="PUN" type="xs:string" minOccurs="0" />
                <xs:element name="NAT" type="xs:string" minOccurs="0" />
                <xs:element name="CNOR" type="xs:string" minOccurs="0" />
                <xs:element name="CSUD" type="xs:string" minOccurs="0" />
                <xs:element name="NORD" type="xs:string" minOccurs="0" />
                <xs:element name="SARD" type="xs:string" minOccurs="0" />
                <xs:element name="SICI" type="xs:string" minOccurs="0" />
                <xs:element name="SUD" type="xs:string" minOccurs="0" />
                <xs:element name="AUST" type="xs:string" minOccurs="0" />
                <xs:element name="BRNN" type="xs:string" minOccurs="0" />
                <xs:element name="COAC" type="xs:string" minOccurs="0" />
                <xs:element name="CORS" type="xs:string" minOccurs="0" />
                <xs:element name="FOGN" type="xs:string" minOccurs="0" />
                <xs:element name="FRAN" type="xs:string" minOccurs="0" />
                <xs:element name="GREC" type="xs:string" minOccurs="0" />
                <xs:element name="MFTV" type="xs:string" minOccurs="0" />
                <xs:element name="PRGP" type="xs:string" minOccurs="0" />
                <xs:element name="ROSN" type="xs:string" minOccurs="0" />
                <xs:element name="SLOV" type="xs:string" minOccurs="0" />
                <xs:element name="SVIZ" type="xs:string" minOccurs="0" />
                <xs:element name="BSP" type="xs:string" minOccurs="0" />
                <xs:element name="MALT" type="xs:string" minOccurs="0" />
                <xs:element name="XAUS" type="xs:string" minOccurs="0" />
                <xs:element name="XFRA" type="xs:string" minOccurs="0" />
              </xs:sequence>
            </xs:complexType>
          </xs:element>
        </xs:choice>
      </xs:complexType>
    </xs:element>
  </xs:schema>
  <Prezzi>
    <Data>20170417</Data>
    <Mercato>MGP</Mercato>
    <Ora>1</Ora>
    <PUN>40,150000</PUN>
    <NAT>40,150000</NAT>
    <CNOR>40,150000</CNOR>
    <CSUD>40,150000</CSUD>
    <NORD>40,150000</NORD>
    <SARD>40,150000</SARD>
    <SICI>40,150000</SICI>
    <SUD>40,150000</SUD>
    <AUST>40,150000</AUST>
    <BRNN>40,150000</BRNN>
    <COAC>40,150000</COAC>
    <CORS>40,150000</CORS>
    <FOGN>40,150000</FOGN>
    <FRAN>40,150000</FRAN>
    <GREC>40,150000</GREC>
    <MFTV>40,150000</MFTV>
    <PRGP>40,150000</PRGP>
    <ROSN>40,150000</ROSN>
    <SLOV>40,150000</SLOV>
    <SVIZ>40,150000</SVIZ>
    <BSP>40,150000</BSP>
    <MALT>40,150000</MALT>
    <XAUS>40,150000</XAUS>
    <XFRA>40,150000</XFRA>
  </Prezzi>
  <Prezzi>
    <Data>20170417</Data>
    <Mercato>MGP</Mercato>
    <Ora>2</Ora>
    <PUN>39,810000</PUN>
    <NAT>39,810000</NAT>
    <CNOR>39,810000</CNOR>
    <CSUD>39,810000</CSUD>
    <NORD>39,810000</NORD>
    <SARD>39,810000</SARD>
    <SICI>39,810000</SICI>
    <SUD>39,810000</SUD>
    <AUST>39,810000</AUST>
    <BRNN>39,810000</BRNN>
    <COAC>39,810000</COAC>
    <CORS>39,810000</CORS>
    <FOGN>39,810000</FOGN>
    <FRAN>39,810000</FRAN>
    <GREC>39,810000</GREC>
    <MFTV>39,810000</MFTV>
    <PRGP>39,810000</PRGP>
    <ROSN>39,810000</ROSN>
    <SLOV>39,810000</SLOV>
    <SVIZ>39,810000</SVIZ>
    <BSP>39,810000</BSP>
    <MALT>39,810000</MALT>
    <XAUS>39,810000</XAUS>
    <XFRA>39,810000</XFRA>
  </Prezzi>
  <Prezzi>
    <Data>20170417</Data>
    <Mercato>MGP</Mercato>
    <Ora>3</Ora>
    <PUN>37,760000</PUN>
    <NAT>37,760000</NAT>
    <CNOR>37,760000</CNOR>
    <CSUD>37,760000</CSUD>
    <NORD>37,760000</NORD>
    <SARD>37,760000</SARD>
    <SICI>37,760000</SICI>
    <SUD>37,760000</SUD>
    <AUST>37,760000</AUST>
    <BRNN>37,760000</BRNN>
    <COAC>37,760000</COAC>
    <CORS>37,760000</CORS>
    <FOGN>37,760000</FOGN>
    <FRAN>37,760000</FRAN>
    <GREC>37,760000</GREC>
    <MFTV>37,760000</MFTV>
    <PRGP>37,760000</PRGP>
    <ROSN>37,760000</ROSN>
    <SLOV>37,760000</SLOV>
    <SVIZ>37,760000</SVIZ>
    <BSP>37,760000</BSP>
    <MALT>37,760000</MALT>
    <XAUS>37,760000</XAUS>
    <XFRA>37,760000</XFRA>
  </Prezzi>
  <Prezzi>
    <Data>20170417</Data>
    <Mercato>MGP</Mercato>
    <Ora>4</Ora>
    <PUN>37,370000</PUN>
    <NAT>37,370000</NAT>
    <CNOR>37,370000</CNOR>
    <CSUD>37,370000</CSUD>
    <NORD>37,370000</NORD>
    <SARD>37,370000</SARD>
    <SICI>37,370000</SICI>
    <SUD>37,370000</SUD>
    <AUST>37,370000</AUST>
    <BRNN>37,370000</BRNN>
    <COAC>37,370000</COAC>
    <CORS>37,370000</CORS>
    <FOGN>37,370000</FOGN>
    <FRAN>37,370000</FRAN>
    <GREC>37,370000</GREC>
    <MFTV>37,370000</MFTV>
    <PRGP>37,370000</PRGP>
    <ROSN>37,370000</ROSN>
    <SLOV>37,370000</SLOV>
    <SVIZ>37,370000</SVIZ>
    <BSP>37,370000</BSP>
    <MALT>37,370000</MALT>
    <XAUS>37,370000</XAUS>
    <XFRA>37,370000</XFRA>
  </Prezzi>
  <Prezzi>
    <Data>20170417</Data>
    <Mercato>MGP</Mercato>
    <Ora>5</Ora>
    <PUN>36,990000</PUN>
    <NAT>36,990000</NAT>
    <CNOR>36,990000</CNOR>
    <CSUD>36,990000</CSUD>
    <NORD>36,990000</NORD>
    <SARD>36,990000</SARD>
    <SICI>36,990000</SICI>
    <SUD>36,990000</SUD>
    <AUST>36,990000</AUST>
    <BRNN>36,990000</BRNN>
    <COAC>36,990000</COAC>
    <CORS>36,990000</CORS>
    <FOGN>36,990000</FOGN>
    <FRAN>36,990000</FRAN>
    <GREC>36,990000</GREC>
    <MFTV>36,990000</MFTV>
    <PRGP>36,990000</PRGP>
    <ROSN>36,990000</ROSN>
    <SLOV>36,990000</SLOV>
    <SVIZ>36,990000</SVIZ>
    <BSP>36,990000</BSP>
    <MALT>36,990000</MALT>
    <XAUS>36,990000</XAUS>
    <XFRA>36,990000</XFRA>
  </Prezzi>
  <Prezzi>
    <Data>20170417</Data>
    <Mercato>MGP</Mercato>
    <Ora>6</Ora>
    <PUN>37,740000</PUN>
    <NAT>37,740000</NAT>
    <CNOR>37,740000</CNOR>
    <CSUD>37,740000</CSUD>
    <NORD>37,740000</NORD>
    <SARD>37,740000</SARD>
    <SICI>37,740000</SICI>
    <SUD>37,740000</SUD>
    <AUST>37,740000</AUST>
    <BRNN>37,740000</BRNN>
    <COAC>37,740000</COAC>
    <CORS>37,740000</CORS>
    <FOGN>37,740000</FOGN>
    <FRAN>37,740000</FRAN>
    <GREC>37,740000</GREC>
    <MFTV>37,740000</MFTV>
    <PRGP>37,740000</PRGP>
    <ROSN>37,740000</ROSN>
    <SLOV>37,740000</SLOV>
    <SVIZ>37,740000</SVIZ>
    <BSP>37,740000</BSP>
    <MALT>37,740000</MALT>
    <XAUS>37,740000</XAUS>
    <XFRA>37,740000</XFRA>
  </Prezzi>
  <Prezzi>
    <Data>20170417</Data>
    <Mercato>MGP</Mercato>
    <Ora>7</Ora>
    <PUN>38,490000</PUN>
    <NAT>38,490000</NAT>
    <CNOR>38,490000</CNOR>
    <CSUD>38,490000</CSUD>
    <NORD>38,490000</NORD>
    <SARD>38,490000</SARD>
    <SICI>38,490000</SICI>
    <SUD>38,490000</SUD>
    <AUST>38,490000</AUST>
    <BRNN>38,490000</BRNN>
    <COAC>38,490000</COAC>
    <CORS>38,490000</CORS>
    <FOGN>38,490000</FOGN>
    <FRAN>38,490000</FRAN>
    <GREC>38,490000</GREC>
    <MFTV>38,490000</MFTV>
    <PRGP>38,490000</PRGP>
    <ROSN>38,490000</ROSN>
    <SLOV>38,490000</SLOV>
    <SVIZ>38,490000</SVIZ>
    <BSP>38,490000</BSP>
    <MALT>38,490000</MALT>
    <XAUS>38,490000</XAUS>
    <XFRA>38,490000</XFRA>
  </Prezzi>
  <Prezzi>
    <Data>20170417</Data>
    <Mercato>MGP</Mercato>
    <Ora>8</Ora>
    <PUN>38,120000</PUN>
    <NAT>38,120000</NAT>
    <CNOR>38,120000</CNOR>
    <CSUD>38,120000</CSUD>
    <NORD>38,120000</NORD>
    <SARD>38,120000</SARD>
    <SICI>38,120000</SICI>
    <SUD>38,120000</SUD>
    <AUST>38,120000</AUST>
    <BRNN>38,120000</BRNN>
    <COAC>38,120000</COAC>
    <CORS>38,120000</CORS>
    <FOGN>38,120000</FOGN>
    <FRAN>38,120000</FRAN>
    <GREC>38,120000</GREC>
    <MFTV>38,120000</MFTV>
    <PRGP>38,120000</PRGP>
    <ROSN>38,120000</ROSN>
    <SLOV>38,120000</SLOV>
    <SVIZ>38,120000</SVIZ>
    <BSP>38,120000</BSP>
    <MALT>38,120000</MALT>
    <XAUS>38,120000</XAUS>
    <XFRA>38,120000</XFRA>
  </Prezzi>
  <Prezzi>
    <Data>20170417</Data>
    <Mercato>MGP</Mercato>
    <Ora>9</Ora>
    <PUN>38,000000</PUN>
    <NAT>38,000000</NAT>
    <CNOR>38,000000</CNOR>
    <CSUD>38,000000</CSUD>
    <NORD>38,000000</NORD>
    <SARD>38,000000</SARD>
    <SICI>38,000000</SICI>
    <SUD>38,000000</SUD>
    <AUST>38,000000</AUST>
    <BRNN>38,000000</BRNN>
    <COAC>38,000000</COAC>
    <CORS>38,000000</CORS>
    <FOGN>38,000000</FOGN>
    <FRAN>38,000000</FRAN>
    <GREC>38,000000</GREC>
    <MFTV>38,000000</MFTV>
    <PRGP>38,000000</PRGP>
    <ROSN>38,000000</ROSN>
    <SLOV>38,000000</SLOV>
    <SVIZ>38,000000</SVIZ>
    <BSP>38,000000</BSP>
    <MALT>38,000000</MALT>
    <XAUS>38,000000</XAUS>
    <XFRA>38,000000</XFRA>
  </Prezzi>
  <Prezzi>
    <Data>20170417</Data>
    <Mercato>MGP</Mercato>
    <Ora>10</Ora>
    <PUN>32,510000</PUN>
    <NAT>32,510000</NAT>
    <CNOR>32,510000</CNOR>
    <CSUD>32,510000</CSUD>
    <NORD>32,510000</NORD>
    <SARD>32,510000</SARD>
    <SICI>32,510000</SICI>
    <SUD>32,510000</SUD>
    <AUST>32,510000</AUST>
    <BRNN>32,510000</BRNN>
    <COAC>32,510000</COAC>
    <CORS>32,510000</CORS>
    <FOGN>32,510000</FOGN>
    <FRAN>32,510000</FRAN>
    <GREC>32,510000</GREC>
    <MFTV>32,510000</MFTV>
    <PRGP>32,510000</PRGP>
    <ROSN>32,510000</ROSN>
    <SLOV>32,510000</SLOV>
    <SVIZ>32,510000</SVIZ>
    <BSP>32,510000</BSP>
    <MALT>32,510000</MALT>
    <XAUS>32,510000</XAUS>
    <XFRA>32,510000</XFRA>
  </Prezzi>
  <Prezzi>
    <Data>20170417</Data>
    <Mercato>MGP</Mercato>
    <Ora>11</Ora>
    <PUN>29,601730</PUN>
    <NAT>30,000000</NAT>
    <CNOR>29,601730</CNOR>
    <CSUD>29,601730</CSUD>
    <NORD>29,601730</NORD>
    <SARD>29,601730</SARD>
    <SICI>29,601730</SICI>
    <SUD>29,601730</SUD>
    <AUST>29,601730</AUST>
    <BRNN>29,601730</BRNN>
    <COAC>29,601730</COAC>
    <CORS>29,601730</CORS>
    <FOGN>29,601730</FOGN>
    <FRAN>29,601730</FRAN>
    <GREC>29,601730</GREC>
    <MFTV>29,601730</MFTV>
    <PRGP>29,601730</PRGP>
    <ROSN>29,601730</ROSN>
    <SLOV>29,601730</SLOV>
    <SVIZ>29,601730</SVIZ>
    <BSP>29,601730</BSP>
    <MALT>29,601730</MALT>
    <XAUS>29,601730</XAUS>
    <XFRA>29,601730</XFRA>
  </Prezzi>
  <Prezzi>
    <Data>20170417</Data>
    <Mercato>MGP</Mercato>
    <Ora>12</Ora>
    <PUN>25,000000</PUN>
    <NAT>25,000000</NAT>
    <CNOR>25,000000</CNOR>
    <CSUD>25,000000</CSUD>
    <NORD>25,000000</NORD>
    <SARD>25,000000</SARD>
    <SICI>25,000000</SICI>
    <SUD>25,000000</SUD>
    <AUST>25,000000</AUST>
    <BRNN>25,000000</BRNN>
    <COAC>25,000000</COAC>
    <CORS>25,000000</CORS>
    <FOGN>25,000000</FOGN>
    <FRAN>25,000000</FRAN>
    <GREC>25,000000</GREC>
    <MFTV>25,000000</MFTV>
    <PRGP>25,000000</PRGP>
    <ROSN>25,000000</ROSN>
    <SLOV>25,000000</SLOV>
    <SVIZ>25,000000</SVIZ>
    <BSP>25,000000</BSP>
    <MALT>25,000000</MALT>
    <XAUS>25,000000</XAUS>
    <XFRA>25,000000</XFRA>
  </Prezzi>
  <Prezzi>
    <Data>20170417</Data>
    <Mercato>MGP</Mercato>
    <Ora>13</Ora>
    <PUN>21,780000</PUN>
    <NAT>21,780000</NAT>
    <CNOR>21,780000</CNOR>
    <CSUD>21,780000</CSUD>
    <NORD>21,780000</NORD>
    <SARD>21,780000</SARD>
    <SICI>21,780000</SICI>
    <SUD>21,780000</SUD>
    <AUST>21,780000</AUST>
    <BRNN>21,780000</BRNN>
    <COAC>21,780000</COAC>
    <CORS>21,780000</CORS>
    <FOGN>21,780000</FOGN>
    <FRAN>21,780000</FRAN>
    <GREC>21,780000</GREC>
    <MFTV>21,780000</MFTV>
    <PRGP>21,780000</PRGP>
    <ROSN>21,780000</ROSN>
    <SLOV>21,780000</SLOV>
    <SVIZ>21,780000</SVIZ>
    <BSP>21,780000</BSP>
    <MALT>21,780000</MALT>
    <XAUS>21,780000</XAUS>
    <XFRA>21,780000</XFRA>
  </Prezzi>
  <Prezzi>
    <Data>20170417</Data>
    <Mercato>MGP</Mercato>
    <Ora>14</Ora>
    <PUN>19,572510</PUN>
    <NAT>19,530000</NAT>
    <CNOR>19,572510</CNOR>
    <CSUD>19,572510</CSUD>
    <NORD>19,572510</NORD>
    <SARD>19,572510</SARD>
    <SICI>19,572510</SICI>
    <SUD>19,572510</SUD>
    <AUST>19,572510</AUST>
    <BRNN>19,572510</BRNN>
    <COAC>19,572510</COAC>
    <CORS>19,572510</CORS>
    <FOGN>19,572510</FOGN>
    <FRAN>19,572510</FRAN>
    <GREC>19,572510</GREC>
    <MFTV>19,572510</MFTV>
    <PRGP>19,572510</PRGP>
    <ROSN>19,572510</ROSN>
    <SLOV>19,572510</SLOV>
    <SVIZ>19,572510</SVIZ>
    <BSP>19,572510</BSP>
    <MALT>19,572510</MALT>
    <XAUS>19,572510</XAUS>
    <XFRA>19,572510</XFRA>
  </Prezzi>
  <Prezzi>
    <Data>20170417</Data>
    <Mercato>MGP</Mercato>
    <Ora>15</Ora>
    <PUN>15,932090</PUN>
    <NAT>15,000000</NAT>
    <CNOR>15,932090</CNOR>
    <CSUD>15,932090</CSUD>
    <NORD>15,932090</NORD>
    <SARD>15,932090</SARD>
    <SICI>15,932090</SICI>
    <SUD>15,932090</SUD>
    <AUST>15,932090</AUST>
    <BRNN>15,932090</BRNN>
    <COAC>15,932090</COAC>
    <CORS>15,932090</CORS>
    <FOGN>15,932090</FOGN>
    <FRAN>15,932090</FRAN>
    <GREC>15,932090</GREC>
    <MFTV>15,932090</MFTV>
    <PRGP>15,932090</PRGP>
    <ROSN>15,932090</ROSN>
    <SLOV>15,932090</SLOV>
    <SVIZ>15,932090</SVIZ>
    <BSP>15,932090</BSP>
    <MALT>15,932090</MALT>
    <XAUS>15,932090</XAUS>
    <XFRA>15,932090</XFRA>
  </Prezzi>
  <Prezzi>
    <Data>20170417</Data>
    <Mercato>MGP</Mercato>
    <Ora>16</Ora>
    <PUN>10,000000</PUN>
    <NAT>10,000000</NAT>
    <CNOR>10,000000</CNOR>
    <CSUD>10,000000</CSUD>
    <NORD>10,000000</NORD>
    <SARD>10,000000</SARD>
    <SICI>10,000000</SICI>
    <SUD>10,000000</SUD>
    <AUST>10,000000</AUST>
    <BRNN>10,000000</BRNN>
    <COAC>10,000000</COAC>
    <CORS>10,000000</CORS>
    <FOGN>10,000000</FOGN>
    <FRAN>10,000000</FRAN>
    <GREC>10,000000</GREC>
    <MFTV>10,000000</MFTV>
    <PRGP>10,000000</PRGP>
    <ROSN>10,000000</ROSN>
    <SLOV>10,000000</SLOV>
    <SVIZ>10,000000</SVIZ>
    <BSP>10,000000</BSP>
    <MALT>10,000000</MALT>
    <XAUS>10,000000</XAUS>
    <XFRA>10,000000</XFRA>
  </Prezzi>
  <Prezzi>
    <Data>20170417</Data>
    <Mercato>MGP</Mercato>
    <Ora>17</Ora>
    <PUN>19,870000</PUN>
    <NAT>19,870000</NAT>
    <CNOR>19,870000</CNOR>
    <CSUD>19,870000</CSUD>
    <NORD>19,870000</NORD>
    <SARD>19,870000</SARD>
    <SICI>19,870000</SICI>
    <SUD>19,870000</SUD>
    <AUST>19,870000</AUST>
    <BRNN>19,870000</BRNN>
    <COAC>19,870000</COAC>
    <CORS>19,870000</CORS>
    <FOGN>19,870000</FOGN>
    <FRAN>19,870000</FRAN>
    <GREC>19,870000</GREC>
    <MFTV>19,870000</MFTV>
    <PRGP>19,870000</PRGP>
    <ROSN>19,870000</ROSN>
    <SLOV>19,870000</SLOV>
    <SVIZ>19,870000</SVIZ>
    <BSP>19,870000</BSP>
    <MALT>19,870000</MALT>
    <XAUS>19,870000</XAUS>
    <XFRA>19,870000</XFRA>
  </Prezzi>
  <Prezzi>
    <Data>20170417</Data>
    <Mercato>MGP</Mercato>
    <Ora>18</Ora>
    <PUN>32,360000</PUN>
    <NAT>32,360000</NAT>
    <CNOR>32,360000</CNOR>
    <CSUD>32,360000</CSUD>
    <NORD>32,360000</NORD>
    <SARD>32,360000</SARD>
    <SICI>32,360000</SICI>
    <SUD>32,360000</SUD>
    <AUST>32,360000</AUST>
    <BRNN>32,360000</BRNN>
    <COAC>32,360000</COAC>
    <CORS>32,360000</CORS>
    <FOGN>32,360000</FOGN>
    <FRAN>32,360000</FRAN>
    <GREC>32,360000</GREC>
    <MFTV>32,360000</MFTV>
    <PRGP>32,360000</PRGP>
    <ROSN>32,360000</ROSN>
    <SLOV>32,360000</SLOV>
    <SVIZ>32,360000</SVIZ>
    <BSP>32,360000</BSP>
    <MALT>32,360000</MALT>
    <XAUS>32,360000</XAUS>
    <XFRA>32,360000</XFRA>
  </Prezzi>
  <Prezzi>
    <Data>20170417</Data>
    <Mercato>MGP</Mercato>
    <Ora>19</Ora>
    <PUN>41,000000</PUN>
    <NAT>41,000000</NAT>
    <CNOR>41,000000</CNOR>
    <CSUD>41,000000</CSUD>
    <NORD>41,000000</NORD>
    <SARD>41,000000</SARD>
    <SICI>41,000000</SICI>
    <SUD>41,000000</SUD>
    <AUST>41,000000</AUST>
    <BRNN>41,000000</BRNN>
    <COAC>41,000000</COAC>
    <CORS>41,000000</CORS>
    <FOGN>41,000000</FOGN>
    <FRAN>41,000000</FRAN>
    <GREC>41,000000</GREC>
    <MFTV>41,000000</MFTV>
    <PRGP>41,000000</PRGP>
    <ROSN>41,000000</ROSN>
    <SLOV>41,000000</SLOV>
    <SVIZ>41,000000</SVIZ>
    <BSP>41,000000</BSP>
    <MALT>41,000000</MALT>
    <XAUS>41,000000</XAUS>
    <XFRA>41,000000</XFRA>
  </Prezzi>
  <Prezzi>
    <Data>20170417</Data>
    <Mercato>MGP</Mercato>
    <Ora>20</Ora>
    <PUN>52,290000</PUN>
    <NAT>52,290000</NAT>
    <CNOR>52,290000</CNOR>
    <CSUD>52,290000</CSUD>
    <NORD>52,290000</NORD>
    <SARD>52,290000</SARD>
    <SICI>52,290000</SICI>
    <SUD>52,290000</SUD>
    <AUST>52,290000</AUST>
    <BRNN>52,290000</BRNN>
    <COAC>52,290000</COAC>
    <CORS>52,290000</CORS>
    <FOGN>52,290000</FOGN>
    <FRAN>52,290000</FRAN>
    <GREC>52,290000</GREC>
    <MFTV>52,290000</MFTV>
    <PRGP>52,290000</PRGP>
    <ROSN>52,290000</ROSN>
    <SLOV>52,290000</SLOV>
    <SVIZ>52,290000</SVIZ>
    <BSP>52,290000</BSP>
    <MALT>52,290000</MALT>
    <XAUS>52,290000</XAUS>
    <XFRA>52,290000</XFRA>
  </Prezzi>
  <Prezzi>
    <Data>20170417</Data>
    <Mercato>MGP</Mercato>
    <Ora>21</Ora>
    <PUN>59,350360</PUN>
    <NAT>57,420000</NAT>
    <CNOR>56,900000</CNOR>
    <CSUD>56,900000</CSUD>
    <NORD>56,900000</NORD>
    <SARD>56,900000</SARD>
    <SICI>90,690000</SICI>
    <SUD>56,900000</SUD>
    <AUST>56,900000</AUST>
    <BRNN>56,900000</BRNN>
    <COAC>56,900000</COAC>
    <CORS>56,900000</CORS>
    <FOGN>56,900000</FOGN>
    <FRAN>56,900000</FRAN>
    <GREC>56,900000</GREC>
    <MFTV>56,900000</MFTV>
    <PRGP>90,690000</PRGP>
    <ROSN>56,900000</ROSN>
    <SLOV>56,900000</SLOV>
    <SVIZ>56,900000</SVIZ>
    <BSP>56,900000</BSP>
    <MALT>90,690000</MALT>
    <XAUS>56,900000</XAUS>
    <XFRA>56,900000</XFRA>
  </Prezzi>
  <Prezzi>
    <Data>20170417</Data>
    <Mercato>MGP</Mercato>
    <Ora>22</Ora>
    <PUN>57,895650</PUN>
    <NAT>56,160000</NAT>
    <CNOR>56,160000</CNOR>
    <CSUD>56,160000</CSUD>
    <NORD>56,160000</NORD>
    <SARD>56,160000</SARD>
    <SICI>80,000000</SICI>
    <SUD>56,160000</SUD>
    <AUST>56,160000</AUST>
    <BRNN>56,160000</BRNN>
    <COAC>56,160000</COAC>
    <CORS>56,160000</CORS>
    <FOGN>56,160000</FOGN>
    <FRAN>56,160000</FRAN>
    <GREC>56,160000</GREC>
    <MFTV>56,160000</MFTV>
    <PRGP>80,000000</PRGP>
    <ROSN>56,160000</ROSN>
    <SLOV>56,160000</SLOV>
    <SVIZ>56,160000</SVIZ>
    <BSP>56,160000</BSP>
    <MALT>80,000000</MALT>
    <XAUS>56,160000</XAUS>
    <XFRA>56,160000</XFRA>
  </Prezzi>
  <Prezzi>
    <Data>20170417</Data>
    <Mercato>MGP</Mercato>
    <Ora>23</Ora>
    <PUN>54,520000</PUN>
    <NAT>54,520000</NAT>
    <CNOR>54,520000</CNOR>
    <CSUD>54,520000</CSUD>
    <NORD>54,520000</NORD>
    <SARD>54,520000</SARD>
    <SICI>54,520000</SICI>
    <SUD>54,520000</SUD>
    <AUST>54,520000</AUST>
    <BRNN>54,520000</BRNN>
    <COAC>54,520000</COAC>
    <CORS>54,520000</CORS>
    <FOGN>54,520000</FOGN>
    <FRAN>54,520000</FRAN>
    <GREC>54,520000</GREC>
    <MFTV>54,520000</MFTV>
    <PRGP>54,520000</PRGP>
    <ROSN>54,520000</ROSN>
    <SLOV>54,520000</SLOV>
    <SVIZ>54,520000</SVIZ>
    <BSP>54,520000</BSP>
    <MALT>54,520000</MALT>
    <XAUS>54,520000</XAUS>
    <XFRA>54,520000</XFRA>
  </Prezzi>
  <Prezzi>
    <Data>20170417</Data>
    <Mercato>MGP</Mercato>
    <Ora>24</Ora>
    <PUN>50,730000</PUN>
    <NAT>50,730000</NAT>
    <CNOR>50,730000</CNOR>
    <CSUD>50,730000</CSUD>
    <NORD>50,730000</NORD>
    <SARD>50,730000</SARD>
    <SICI>50,730000</SICI>
    <SUD>50,730000</SUD>
    <AUST>50,730000</AUST>
    <BRNN>50,730000</BRNN>
    <COAC>50,730000</COAC>
    <CORS>50,730000</CORS>
    <FOGN>50,730000</FOGN>
    <FRAN>50,730000</FRAN>
    <GREC>50,730000</GREC>
    <MFTV>50,730000</MFTV>
    <PRGP>50,730000</PRGP>
    <ROSN>50,730000</ROSN>
    <SLOV>50,730000</SLOV>
    <SVIZ>50,730000</SVIZ>
    <BSP>50,730000</BSP>
    <MALT>50,730000</MALT>
    <XAUS>50,730000</XAUS>
    <XFRA>50,730000</XFRA>
  </Prezzi>
</NewDataSet>