<?xml version="1.0" standalone="yes"?>
<NewDataSet>
  <xs:schema id="NewDataSet" xmlns="" xmlns:xs="http://www.w3.org/2001/XMLSchema" xmlns:msdata="urn:schemas-microsoft-com:xml-msdata">
    <xs:element name="NewDataSet" msdata:IsDataSet="true" msdata:UseCurrentLocale="true">
      <xs:complexType>
        <xs:choice minOccurs="0" maxOccurs="unbounded">
          <xs:element name="Prezzi">
            <xs:complexType>
              <xs:sequence>
                <xs:element name="Data" type="xs:string" minOccurs="0" />
                <xs:element name="Mercato" type="xs:string" minOccurs="0" />
                <xs:element name="Ora" type="xs:string" minOccurs="0" />
                <xs:element name="PUN" type="xs:string" minOccurs="0" />
                <xs:element name="NAT" type="xs:string" minOccurs="0" />
                <xs:element name="CNOR" type="xs:string" minOccurs="0" />
                <xs:element name="CSUD" type="xs:string" minOccurs="0" />
                <xs:element name="NORD" type="xs:string" minOccurs="0" />
                <xs:element name="SARD" type="xs:string" minOccurs="0" />
                <xs:element name="SICI" type="xs:string" minOccurs="0" />
                <xs:element name="SUD" type="xs:string" minOccurs="0" />
                <xs:element name="AUST" type="xs:string" minOccurs="0" />
                <xs:element name="BRNN" type="xs:string" minOccurs="0" />
                <xs:element name="COAC" type="xs:string" minOccurs="0" />
                <xs:element name="CORS" type="xs:string" minOccurs="0" />
                <xs:element name="FOGN" type="xs:string" minOccurs="0" />
                <xs:element name="FRAN" type="xs:string" minOccurs="0" />
                <xs:element name="GREC" type="xs:string" minOccurs="0" />
                <xs:element name="MFTV" type="xs:string" minOccurs="0" />
                <xs:element name="PRGP" type="xs:string" minOccurs="0" />
                <xs:element name="ROSN" type="xs:string" minOccurs="0" />
                <xs:element name="SLOV" type="xs:string" minOccurs="0" />
                <xs:element name="SVIZ" type="xs:string" minOccurs="0" />
                <xs:element name="BSP" type="xs:string" minOccurs="0" />
                <xs:element name="MALT" type="xs:string" minOccurs="0" />
                <xs:element name="XAUS" type="xs:string" minOccurs="0" />
                <xs:element name="XFRA" type="xs:string" minOccurs="0" />
              </xs:sequence>
            </xs:complexType>
          </xs:element>
        </xs:choice>
      </xs:complexType>
    </xs:element>
  </xs:schema>
  <Prezzi>
    <Data>20170415</Data>
    <Mercato>MGP</Mercato>
    <Ora>1</Ora>
    <PUN>38,417630</PUN>
    <NAT>38,670000</NAT>
    <CNOR>39,820000</CNOR>
    <CSUD>39,820000</CSUD>
    <NORD>37,180000</NORD>
    <SARD>39,820000</SARD>
    <SICI>39,820000</SICI>
    <SUD>39,820000</SUD>
    <AUST>37,180000</AUST>
    <BRNN>39,820000</BRNN>
    <COAC>39,820000</COAC>
    <CORS>39,820000</CORS>
    <FOGN>39,820000</FOGN>
    <FRAN>37,180000</FRAN>
    <GREC>39,820000</GREC>
    <MFTV>37,180000</MFTV>
    <PRGP>39,820000</PRGP>
    <ROSN>39,820000</ROSN>
    <SLOV>37,180000</SLOV>
    <SVIZ>37,180000</SVIZ>
    <BSP>37,180000</BSP>
    <MALT>39,820000</MALT>
    <XAUS>37,180000</XAUS>
    <XFRA>37,180000</XFRA>
  </Prezzi>
  <Prezzi>
    <Data>20170415</Data>
    <Mercato>MGP</Mercato>
    <Ora>2</Ora>
    <PUN>33,236590</PUN>
    <NAT>31,990000</NAT>
    <CNOR>31,840000</CNOR>
    <CSUD>35,870000</CSUD>
    <NORD>31,840000</NORD>
    <SARD>35,870000</SARD>
    <SICI>35,870000</SICI>
    <SUD>35,870000</SUD>
    <AUST>31,840000</AUST>
    <BRNN>35,870000</BRNN>
    <COAC>35,870000</COAC>
    <CORS>35,870000</CORS>
    <FOGN>35,870000</FOGN>
    <FRAN>31,840000</FRAN>
    <GREC>35,870000</GREC>
    <MFTV>31,840000</MFTV>
    <PRGP>35,870000</PRGP>
    <ROSN>35,870000</ROSN>
    <SLOV>31,840000</SLOV>
    <SVIZ>31,840000</SVIZ>
    <BSP>31,840000</BSP>
    <MALT>35,870000</MALT>
    <XAUS>31,840000</XAUS>
    <XFRA>31,840000</XFRA>
  </Prezzi>
  <Prezzi>
    <Data>20170415</Data>
    <Mercato>MGP</Mercato>
    <Ora>3</Ora>
    <PUN>29,619430</PUN>
    <NAT>29,570000</NAT>
    <CNOR>29,619430</CNOR>
    <CSUD>29,619430</CSUD>
    <NORD>29,619430</NORD>
    <SARD>29,619430</SARD>
    <SICI>29,619430</SICI>
    <SUD>29,619430</SUD>
    <AUST>29,619430</AUST>
    <BRNN>29,619430</BRNN>
    <COAC>29,619430</COAC>
    <CORS>29,619430</CORS>
    <FOGN>29,619430</FOGN>
    <FRAN>29,619430</FRAN>
    <GREC>29,619430</GREC>
    <MFTV>29,619430</MFTV>
    <PRGP>29,619430</PRGP>
    <ROSN>29,619430</ROSN>
    <SLOV>29,619430</SLOV>
    <SVIZ>29,619430</SVIZ>
    <BSP>29,619430</BSP>
    <MALT>29,619430</MALT>
    <XAUS>29,619430</XAUS>
    <XFRA>29,619430</XFRA>
  </Prezzi>
  <Prezzi>
    <Data>20170415</Data>
    <Mercato>MGP</Mercato>
    <Ora>4</Ora>
    <PUN>29,693370</PUN>
    <NAT>29,270000</NAT>
    <CNOR>29,693370</CNOR>
    <CSUD>29,693370</CSUD>
    <NORD>29,693370</NORD>
    <SARD>29,693370</SARD>
    <SICI>29,693370</SICI>
    <SUD>29,693370</SUD>
    <AUST>29,693370</AUST>
    <BRNN>29,693370</BRNN>
    <COAC>29,693370</COAC>
    <CORS>29,693370</CORS>
    <FOGN>29,693370</FOGN>
    <FRAN>29,693370</FRAN>
    <GREC>29,693370</GREC>
    <MFTV>29,693370</MFTV>
    <PRGP>29,693370</PRGP>
    <ROSN>29,693370</ROSN>
    <SLOV>29,693370</SLOV>
    <SVIZ>29,693370</SVIZ>
    <BSP>29,693370</BSP>
    <MALT>29,693370</MALT>
    <XAUS>29,693370</XAUS>
    <XFRA>29,693370</XFRA>
  </Prezzi>
  <Prezzi>
    <Data>20170415</Data>
    <Mercato>MGP</Mercato>
    <Ora>5</Ora>
    <PUN>28,481940</PUN>
    <NAT>28,470000</NAT>
    <CNOR>28,339740</CNOR>
    <CSUD>28,750000</CSUD>
    <NORD>28,339740</NORD>
    <SARD>28,750000</SARD>
    <SICI>28,750000</SICI>
    <SUD>28,750000</SUD>
    <AUST>28,339740</AUST>
    <BRNN>28,750000</BRNN>
    <COAC>28,750000</COAC>
    <CORS>28,750000</CORS>
    <FOGN>28,750000</FOGN>
    <FRAN>28,339740</FRAN>
    <GREC>28,750000</GREC>
    <MFTV>28,339740</MFTV>
    <PRGP>28,750000</PRGP>
    <ROSN>28,750000</ROSN>
    <SLOV>28,339740</SLOV>
    <SVIZ>28,339740</SVIZ>
    <BSP>28,339740</BSP>
    <MALT>28,750000</MALT>
    <XAUS>28,339740</XAUS>
    <XFRA>28,339740</XFRA>
  </Prezzi>
  <Prezzi>
    <Data>20170415</Data>
    <Mercato>MGP</Mercato>
    <Ora>6</Ora>
    <PUN>29,654710</PUN>
    <NAT>28,390000</NAT>
    <CNOR>29,654710</CNOR>
    <CSUD>29,654710</CSUD>
    <NORD>29,654710</NORD>
    <SARD>29,654710</SARD>
    <SICI>29,654710</SICI>
    <SUD>29,654710</SUD>
    <AUST>29,654710</AUST>
    <BRNN>29,654710</BRNN>
    <COAC>29,654710</COAC>
    <CORS>29,654710</CORS>
    <FOGN>29,654710</FOGN>
    <FRAN>29,654710</FRAN>
    <GREC>29,654710</GREC>
    <MFTV>29,654710</MFTV>
    <PRGP>29,654710</PRGP>
    <ROSN>29,654710</ROSN>
    <SLOV>29,654710</SLOV>
    <SVIZ>29,654710</SVIZ>
    <BSP>29,654710</BSP>
    <MALT>29,654710</MALT>
    <XAUS>29,654710</XAUS>
    <XFRA>29,654710</XFRA>
  </Prezzi>
  <Prezzi>
    <Data>20170415</Data>
    <Mercato>MGP</Mercato>
    <Ora>7</Ora>
    <PUN>33,790000</PUN>
    <NAT>33,790000</NAT>
    <CNOR>33,790000</CNOR>
    <CSUD>33,790000</CSUD>
    <NORD>33,790000</NORD>
    <SARD>33,790000</SARD>
    <SICI>33,790000</SICI>
    <SUD>33,790000</SUD>
    <AUST>33,790000</AUST>
    <BRNN>33,790000</BRNN>
    <COAC>33,790000</COAC>
    <CORS>33,790000</CORS>
    <FOGN>33,790000</FOGN>
    <FRAN>33,790000</FRAN>
    <GREC>33,790000</GREC>
    <MFTV>33,790000</MFTV>
    <PRGP>33,790000</PRGP>
    <ROSN>33,790000</ROSN>
    <SLOV>33,790000</SLOV>
    <SVIZ>33,790000</SVIZ>
    <BSP>33,790000</BSP>
    <MALT>33,790000</MALT>
    <XAUS>33,790000</XAUS>
    <XFRA>33,790000</XFRA>
  </Prezzi>
  <Prezzi>
    <Data>20170415</Data>
    <Mercato>MGP</Mercato>
    <Ora>8</Ora>
    <PUN>39,810000</PUN>
    <NAT>39,810000</NAT>
    <CNOR>39,810000</CNOR>
    <CSUD>39,810000</CSUD>
    <NORD>39,810000</NORD>
    <SARD>39,810000</SARD>
    <SICI>39,810000</SICI>
    <SUD>39,810000</SUD>
    <AUST>39,810000</AUST>
    <BRNN>39,810000</BRNN>
    <COAC>39,810000</COAC>
    <CORS>39,810000</CORS>
    <FOGN>39,810000</FOGN>
    <FRAN>39,810000</FRAN>
    <GREC>39,810000</GREC>
    <MFTV>39,810000</MFTV>
    <PRGP>39,810000</PRGP>
    <ROSN>39,810000</ROSN>
    <SLOV>39,810000</SLOV>
    <SVIZ>39,810000</SVIZ>
    <BSP>39,810000</BSP>
    <MALT>39,810000</MALT>
    <XAUS>39,810000</XAUS>
    <XFRA>39,810000</XFRA>
  </Prezzi>
  <Prezzi>
    <Data>20170415</Data>
    <Mercato>MGP</Mercato>
    <Ora>9</Ora>
    <PUN>45,660000</PUN>
    <NAT>45,660000</NAT>
    <CNOR>45,660000</CNOR>
    <CSUD>45,660000</CSUD>
    <NORD>45,660000</NORD>
    <SARD>45,660000</SARD>
    <SICI>45,660000</SICI>
    <SUD>45,660000</SUD>
    <AUST>45,660000</AUST>
    <BRNN>45,660000</BRNN>
    <COAC>45,660000</COAC>
    <CORS>45,660000</CORS>
    <FOGN>45,660000</FOGN>
    <FRAN>45,660000</FRAN>
    <GREC>45,660000</GREC>
    <MFTV>45,660000</MFTV>
    <PRGP>45,660000</PRGP>
    <ROSN>45,660000</ROSN>
    <SLOV>45,660000</SLOV>
    <SVIZ>45,660000</SVIZ>
    <BSP>45,660000</BSP>
    <MALT>45,660000</MALT>
    <XAUS>45,660000</XAUS>
    <XFRA>45,660000</XFRA>
  </Prezzi>
  <Prezzi>
    <Data>20170415</Data>
    <Mercato>MGP</Mercato>
    <Ora>10</Ora>
    <PUN>45,660000</PUN>
    <NAT>45,660000</NAT>
    <CNOR>45,660000</CNOR>
    <CSUD>45,660000</CSUD>
    <NORD>45,660000</NORD>
    <SARD>45,660000</SARD>
    <SICI>45,660000</SICI>
    <SUD>45,660000</SUD>
    <AUST>45,660000</AUST>
    <BRNN>45,660000</BRNN>
    <COAC>45,660000</COAC>
    <CORS>45,660000</CORS>
    <FOGN>45,660000</FOGN>
    <FRAN>45,660000</FRAN>
    <GREC>45,660000</GREC>
    <MFTV>45,660000</MFTV>
    <PRGP>45,660000</PRGP>
    <ROSN>45,660000</ROSN>
    <SLOV>45,660000</SLOV>
    <SVIZ>45,660000</SVIZ>
    <BSP>45,660000</BSP>
    <MALT>45,660000</MALT>
    <XAUS>45,660000</XAUS>
    <XFRA>45,660000</XFRA>
  </Prezzi>
  <Prezzi>
    <Data>20170415</Data>
    <Mercato>MGP</Mercato>
    <Ora>11</Ora>
    <PUN>43,810000</PUN>
    <NAT>43,810000</NAT>
    <CNOR>43,810000</CNOR>
    <CSUD>43,810000</CSUD>
    <NORD>43,810000</NORD>
    <SARD>43,810000</SARD>
    <SICI>43,810000</SICI>
    <SUD>43,810000</SUD>
    <AUST>43,810000</AUST>
    <BRNN>43,810000</BRNN>
    <COAC>43,810000</COAC>
    <CORS>43,810000</CORS>
    <FOGN>43,810000</FOGN>
    <FRAN>43,810000</FRAN>
    <GREC>43,810000</GREC>
    <MFTV>43,810000</MFTV>
    <PRGP>43,810000</PRGP>
    <ROSN>43,810000</ROSN>
    <SLOV>43,810000</SLOV>
    <SVIZ>43,810000</SVIZ>
    <BSP>43,810000</BSP>
    <MALT>43,810000</MALT>
    <XAUS>43,810000</XAUS>
    <XFRA>43,810000</XFRA>
  </Prezzi>
  <Prezzi>
    <Data>20170415</Data>
    <Mercato>MGP</Mercato>
    <Ora>12</Ora>
    <PUN>38,000000</PUN>
    <NAT>38,000000</NAT>
    <CNOR>38,000000</CNOR>
    <CSUD>38,000000</CSUD>
    <NORD>38,000000</NORD>
    <SARD>38,000000</SARD>
    <SICI>38,000000</SICI>
    <SUD>38,000000</SUD>
    <AUST>38,000000</AUST>
    <BRNN>38,000000</BRNN>
    <COAC>38,000000</COAC>
    <CORS>38,000000</CORS>
    <FOGN>38,000000</FOGN>
    <FRAN>38,000000</FRAN>
    <GREC>38,000000</GREC>
    <MFTV>38,000000</MFTV>
    <PRGP>38,000000</PRGP>
    <ROSN>38,000000</ROSN>
    <SLOV>38,000000</SLOV>
    <SVIZ>38,000000</SVIZ>
    <BSP>38,000000</BSP>
    <MALT>38,000000</MALT>
    <XAUS>38,000000</XAUS>
    <XFRA>38,000000</XFRA>
  </Prezzi>
  <Prezzi>
    <Data>20170415</Data>
    <Mercato>MGP</Mercato>
    <Ora>13</Ora>
    <PUN>35,960000</PUN>
    <NAT>36,000000</NAT>
    <CNOR>35,960000</CNOR>
    <CSUD>35,960000</CSUD>
    <NORD>35,960000</NORD>
    <SARD>35,960000</SARD>
    <SICI>35,960000</SICI>
    <SUD>35,960000</SUD>
    <AUST>35,960000</AUST>
    <BRNN>35,960000</BRNN>
    <COAC>35,960000</COAC>
    <CORS>35,960000</CORS>
    <FOGN>35,960000</FOGN>
    <FRAN>35,960000</FRAN>
    <GREC>35,960000</GREC>
    <MFTV>35,960000</MFTV>
    <PRGP>35,960000</PRGP>
    <ROSN>35,960000</ROSN>
    <SLOV>35,960000</SLOV>
    <SVIZ>35,960000</SVIZ>
    <BSP>35,960000</BSP>
    <MALT>35,960000</MALT>
    <XAUS>35,960000</XAUS>
    <XFRA>35,960000</XFRA>
  </Prezzi>
  <Prezzi>
    <Data>20170415</Data>
    <Mercato>MGP</Mercato>
    <Ora>14</Ora>
    <PUN>29,980000</PUN>
    <NAT>29,980000</NAT>
    <CNOR>29,980000</CNOR>
    <CSUD>29,980000</CSUD>
    <NORD>29,980000</NORD>
    <SARD>29,980000</SARD>
    <SICI>29,980000</SICI>
    <SUD>29,980000</SUD>
    <AUST>29,980000</AUST>
    <BRNN>29,980000</BRNN>
    <COAC>29,980000</COAC>
    <CORS>29,980000</CORS>
    <FOGN>29,980000</FOGN>
    <FRAN>29,980000</FRAN>
    <GREC>29,980000</GREC>
    <MFTV>29,980000</MFTV>
    <PRGP>29,980000</PRGP>
    <ROSN>29,980000</ROSN>
    <SLOV>29,980000</SLOV>
    <SVIZ>29,980000</SVIZ>
    <BSP>29,980000</BSP>
    <MALT>29,980000</MALT>
    <XAUS>29,980000</XAUS>
    <XFRA>29,980000</XFRA>
  </Prezzi>
  <Prezzi>
    <Data>20170415</Data>
    <Mercato>MGP</Mercato>
    <Ora>15</Ora>
    <PUN>29,560000</PUN>
    <NAT>29,560000</NAT>
    <CNOR>29,560000</CNOR>
    <CSUD>29,560000</CSUD>
    <NORD>29,560000</NORD>
    <SARD>29,560000</SARD>
    <SICI>29,560000</SICI>
    <SUD>29,560000</SUD>
    <AUST>29,560000</AUST>
    <BRNN>29,560000</BRNN>
    <COAC>29,560000</COAC>
    <CORS>29,560000</CORS>
    <FOGN>29,560000</FOGN>
    <FRAN>29,560000</FRAN>
    <GREC>29,560000</GREC>
    <MFTV>29,560000</MFTV>
    <PRGP>29,560000</PRGP>
    <ROSN>29,560000</ROSN>
    <SLOV>29,560000</SLOV>
    <SVIZ>29,560000</SVIZ>
    <BSP>29,560000</BSP>
    <MALT>29,560000</MALT>
    <XAUS>29,560000</XAUS>
    <XFRA>29,560000</XFRA>
  </Prezzi>
  <Prezzi>
    <Data>20170415</Data>
    <Mercato>MGP</Mercato>
    <Ora>16</Ora>
    <PUN>32,010000</PUN>
    <NAT>32,010000</NAT>
    <CNOR>32,010000</CNOR>
    <CSUD>32,010000</CSUD>
    <NORD>32,010000</NORD>
    <SARD>32,010000</SARD>
    <SICI>32,010000</SICI>
    <SUD>32,010000</SUD>
    <AUST>32,010000</AUST>
    <BRNN>32,010000</BRNN>
    <COAC>32,010000</COAC>
    <CORS>32,010000</CORS>
    <FOGN>32,010000</FOGN>
    <FRAN>32,010000</FRAN>
    <GREC>32,010000</GREC>
    <MFTV>32,010000</MFTV>
    <PRGP>32,010000</PRGP>
    <ROSN>32,010000</ROSN>
    <SLOV>32,010000</SLOV>
    <SVIZ>32,010000</SVIZ>
    <BSP>32,010000</BSP>
    <MALT>32,010000</MALT>
    <XAUS>32,010000</XAUS>
    <XFRA>32,010000</XFRA>
  </Prezzi>
  <Prezzi>
    <Data>20170415</Data>
    <Mercato>MGP</Mercato>
    <Ora>17</Ora>
    <PUN>37,500000</PUN>
    <NAT>37,500000</NAT>
    <CNOR>37,500000</CNOR>
    <CSUD>37,500000</CSUD>
    <NORD>37,500000</NORD>
    <SARD>37,500000</SARD>
    <SICI>37,500000</SICI>
    <SUD>37,500000</SUD>
    <AUST>37,500000</AUST>
    <BRNN>37,500000</BRNN>
    <COAC>37,500000</COAC>
    <CORS>37,500000</CORS>
    <FOGN>37,500000</FOGN>
    <FRAN>37,500000</FRAN>
    <GREC>37,500000</GREC>
    <MFTV>37,500000</MFTV>
    <PRGP>37,500000</PRGP>
    <ROSN>37,500000</ROSN>
    <SLOV>37,500000</SLOV>
    <SVIZ>37,500000</SVIZ>
    <BSP>37,500000</BSP>
    <MALT>37,500000</MALT>
    <XAUS>37,500000</XAUS>
    <XFRA>37,500000</XFRA>
  </Prezzi>
  <Prezzi>
    <Data>20170415</Data>
    <Mercato>MGP</Mercato>
    <Ora>18</Ora>
    <PUN>41,000000</PUN>
    <NAT>41,000000</NAT>
    <CNOR>41,000000</CNOR>
    <CSUD>41,000000</CSUD>
    <NORD>41,000000</NORD>
    <SARD>41,000000</SARD>
    <SICI>41,000000</SICI>
    <SUD>41,000000</SUD>
    <AUST>41,000000</AUST>
    <BRNN>41,000000</BRNN>
    <COAC>41,000000</COAC>
    <CORS>41,000000</CORS>
    <FOGN>41,000000</FOGN>
    <FRAN>41,000000</FRAN>
    <GREC>41,000000</GREC>
    <MFTV>41,000000</MFTV>
    <PRGP>41,000000</PRGP>
    <ROSN>41,000000</ROSN>
    <SLOV>41,000000</SLOV>
    <SVIZ>41,000000</SVIZ>
    <BSP>41,000000</BSP>
    <MALT>41,000000</MALT>
    <XAUS>41,000000</XAUS>
    <XFRA>41,000000</XFRA>
  </Prezzi>
  <Prezzi>
    <Data>20170415</Data>
    <Mercato>MGP</Mercato>
    <Ora>19</Ora>
    <PUN>50,240000</PUN>
    <NAT>50,240000</NAT>
    <CNOR>50,240000</CNOR>
    <CSUD>50,240000</CSUD>
    <NORD>50,240000</NORD>
    <SARD>50,240000</SARD>
    <SICI>50,240000</SICI>
    <SUD>50,240000</SUD>
    <AUST>50,240000</AUST>
    <BRNN>50,240000</BRNN>
    <COAC>50,240000</COAC>
    <CORS>50,240000</CORS>
    <FOGN>50,240000</FOGN>
    <FRAN>50,240000</FRAN>
    <GREC>50,240000</GREC>
    <MFTV>50,240000</MFTV>
    <PRGP>50,240000</PRGP>
    <ROSN>50,240000</ROSN>
    <SLOV>50,240000</SLOV>
    <SVIZ>50,240000</SVIZ>
    <BSP>50,240000</BSP>
    <MALT>50,240000</MALT>
    <XAUS>50,240000</XAUS>
    <XFRA>50,240000</XFRA>
  </Prezzi>
  <Prezzi>
    <Data>20170415</Data>
    <Mercato>MGP</Mercato>
    <Ora>20</Ora>
    <PUN>54,516950</PUN>
    <NAT>54,210000</NAT>
    <CNOR>54,000000</CNOR>
    <CSUD>54,000000</CSUD>
    <NORD>54,000000</NORD>
    <SARD>54,000000</SARD>
    <SICI>61,570000</SICI>
    <SUD>54,000000</SUD>
    <AUST>54,000000</AUST>
    <BRNN>54,000000</BRNN>
    <COAC>54,000000</COAC>
    <CORS>54,000000</CORS>
    <FOGN>54,000000</FOGN>
    <FRAN>54,000000</FRAN>
    <GREC>54,000000</GREC>
    <MFTV>54,000000</MFTV>
    <PRGP>61,570000</PRGP>
    <ROSN>54,000000</ROSN>
    <SLOV>54,000000</SLOV>
    <SVIZ>54,000000</SVIZ>
    <BSP>54,000000</BSP>
    <MALT>61,570000</MALT>
    <XAUS>54,000000</XAUS>
    <XFRA>54,000000</XFRA>
  </Prezzi>
  <Prezzi>
    <Data>20170415</Data>
    <Mercato>MGP</Mercato>
    <Ora>21</Ora>
    <PUN>61,010000</PUN>
    <NAT>60,000000</NAT>
    <CNOR>58,661740</CNOR>
    <CSUD>58,661740</CSUD>
    <NORD>58,661740</NORD>
    <SARD>58,661740</SARD>
    <SICI>91,250000</SICI>
    <SUD>58,661740</SUD>
    <AUST>58,661740</AUST>
    <BRNN>58,661740</BRNN>
    <COAC>58,661740</COAC>
    <CORS>58,661740</CORS>
    <FOGN>58,661740</FOGN>
    <FRAN>58,661740</FRAN>
    <GREC>58,661740</GREC>
    <MFTV>58,661740</MFTV>
    <PRGP>91,250000</PRGP>
    <ROSN>58,661740</ROSN>
    <SLOV>58,661740</SLOV>
    <SVIZ>58,661740</SVIZ>
    <BSP>58,661740</BSP>
    <MALT>91,250000</MALT>
    <XAUS>58,661740</XAUS>
    <XFRA>58,661740</XFRA>
  </Prezzi>
  <Prezzi>
    <Data>20170415</Data>
    <Mercato>MGP</Mercato>
    <Ora>22</Ora>
    <PUN>57,155060</PUN>
    <NAT>55,450000</NAT>
    <CNOR>55,000000</CNOR>
    <CSUD>55,000000</CSUD>
    <NORD>55,000000</NORD>
    <SARD>55,000000</SARD>
    <SICI>85,000000</SICI>
    <SUD>55,000000</SUD>
    <AUST>55,000000</AUST>
    <BRNN>55,000000</BRNN>
    <COAC>55,000000</COAC>
    <CORS>55,000000</CORS>
    <FOGN>55,000000</FOGN>
    <FRAN>55,000000</FRAN>
    <GREC>55,000000</GREC>
    <MFTV>55,000000</MFTV>
    <PRGP>85,000000</PRGP>
    <ROSN>55,000000</ROSN>
    <SLOV>55,000000</SLOV>
    <SVIZ>55,000000</SVIZ>
    <BSP>55,000000</BSP>
    <MALT>85,000000</MALT>
    <XAUS>55,000000</XAUS>
    <XFRA>55,000000</XFRA>
  </Prezzi>
  <Prezzi>
    <Data>20170415</Data>
    <Mercato>MGP</Mercato>
    <Ora>23</Ora>
    <PUN>50,507850</PUN>
    <NAT>50,450000</NAT>
    <CNOR>50,250000</CNOR>
    <CSUD>50,250000</CSUD>
    <NORD>50,250000</NORD>
    <SARD>50,250000</SARD>
    <SICI>53,810000</SICI>
    <SUD>50,250000</SUD>
    <AUST>50,250000</AUST>
    <BRNN>50,250000</BRNN>
    <COAC>50,250000</COAC>
    <CORS>50,250000</CORS>
    <FOGN>50,250000</FOGN>
    <FRAN>50,250000</FRAN>
    <GREC>50,250000</GREC>
    <MFTV>50,250000</MFTV>
    <PRGP>53,810000</PRGP>
    <ROSN>50,250000</ROSN>
    <SLOV>50,250000</SLOV>
    <SVIZ>50,250000</SVIZ>
    <BSP>50,250000</BSP>
    <MALT>53,810000</MALT>
    <XAUS>50,250000</XAUS>
    <XFRA>50,250000</XFRA>
  </Prezzi>
  <Prezzi>
    <Data>20170415</Data>
    <Mercato>MGP</Mercato>
    <Ora>24</Ora>
    <PUN>46,070000</PUN>
    <NAT>45,990000</NAT>
    <CNOR>46,070000</CNOR>
    <CSUD>46,070000</CSUD>
    <NORD>46,070000</NORD>
    <SARD>46,070000</SARD>
    <SICI>46,070000</SICI>
    <SUD>46,070000</SUD>
    <AUST>46,070000</AUST>
    <BRNN>46,070000</BRNN>
    <COAC>46,070000</COAC>
    <CORS>46,070000</CORS>
    <FOGN>46,070000</FOGN>
    <FRAN>46,070000</FRAN>
    <GREC>46,070000</GREC>
    <MFTV>46,070000</MFTV>
    <PRGP>46,070000</PRGP>
    <ROSN>46,070000</ROSN>
    <SLOV>46,070000</SLOV>
    <SVIZ>46,070000</SVIZ>
    <BSP>46,070000</BSP>
    <MALT>46,070000</MALT>
    <XAUS>46,070000</XAUS>
    <XFRA>46,070000</XFRA>
  </Prezzi>
</NewDataSet>