<?xml version="1.0" standalone="yes"?>
<NewDataSet>
  <xs:schema id="NewDataSet" xmlns="" xmlns:xs="http://www.w3.org/2001/XMLSchema" xmlns:msdata="urn:schemas-microsoft-com:xml-msdata">
    <xs:element name="NewDataSet" msdata:IsDataSet="true" msdata:MainDataTable="marketintervaldetail" msdata:UseCurrentLocale="true">
      <xs:complexType>
        <xs:choice minOccurs="0" maxOccurs="unbounded">
          <xs:element name="marketintervaldetail">
            <xs:complexType>
              <xs:sequence>
                <xs:element name="Data" type="xs:string" minOccurs="0" />
                <xs:element name="Mercato" type="xs:string" minOccurs="0" />
                <xs:element name="Ora" type="xs:string" minOccurs="0" />
                <xs:element name="Totale" type="xs:string" minOccurs="0" />
                <xs:element name="CNOR" type="xs:string" minOccurs="0" />
                <xs:element name="CSUD" type="xs:string" minOccurs="0" />
                <xs:element name="NORD" type="xs:string" minOccurs="0" />
                <xs:element name="SARD" type="xs:string" minOccurs="0" />
                <xs:element name="SICI" type="xs:string" minOccurs="0" />
                <xs:element name="SUD" type="xs:string" minOccurs="0" />
              </xs:sequence>
            </xs:complexType>
          </xs:element>
        </xs:choice>
      </xs:complexType>
    </xs:element>
  </xs:schema>
  <marketintervaldetail>
    <Data>20140827</Data>
    <Mercato>MGP</Mercato>
    <Ora>01</Ora>
    <Totale>27247</Totale>
    <CNOR>2909</CNOR>
    <CSUD>4149</CSUD>
    <NORD>14549</NORD>
    <SARD>939</SARD>
    <SICI>2026</SICI>
    <SUD>2675</SUD>
  </marketintervaldetail>
  <marketintervaldetail>
    <Data>20140827</Data>
    <Mercato>MGP</Mercato>
    <Ora>02</Ora>
    <Totale>25736</Totale>
    <CNOR>2752</CNOR>
    <CSUD>3886</CSUD>
    <NORD>13869</NORD>
    <SARD>875</SARD>
    <SICI>1898</SICI>
    <SUD>2456</SUD>
  </marketintervaldetail>
  <marketintervaldetail>
    <Data>20140827</Data>
    <Mercato>MGP</Mercato>
    <Ora>03</Ora>
    <Totale>24825</Totale>
    <CNOR>2686</CNOR>
    <CSUD>3676</CSUD>
    <NORD>13525</NORD>
    <SARD>847</SARD>
    <SICI>1811</SICI>
    <SUD>2280</SUD>
  </marketintervaldetail>
  <marketintervaldetail>
    <Data>20140827</Data>
    <Mercato>MGP</Mercato>
    <Ora>04</Ora>
    <Totale>24497</Totale>
    <CNOR>2662</CNOR>
    <CSUD>3614</CSUD>
    <NORD>13401</NORD>
    <SARD>838</SARD>
    <SICI>1764</SICI>
    <SUD>2218</SUD>
  </marketintervaldetail>
  <marketintervaldetail>
    <Data>20140827</Data>
    <Mercato>MGP</Mercato>
    <Ora>05</Ora>
    <Totale>24632</Totale>
    <CNOR>2658</CNOR>
    <CSUD>3656</CSUD>
    <NORD>13529</NORD>
    <SARD>837</SARD>
    <SICI>1744</SICI>
    <SUD>2208</SUD>
  </marketintervaldetail>
  <marketintervaldetail>
    <Data>20140827</Data>
    <Mercato>MGP</Mercato>
    <Ora>06</Ora>
    <Totale>25721</Totale>
    <CNOR>2765</CNOR>
    <CSUD>3763</CSUD>
    <NORD>14260</NORD>
    <SARD>853</SARD>
    <SICI>1769</SICI>
    <SUD>2311</SUD>
  </marketintervaldetail>
  <marketintervaldetail>
    <Data>20140827</Data>
    <Mercato>MGP</Mercato>
    <Ora>07</Ora>
    <Totale>27758</Totale>
    <CNOR>2965</CNOR>
    <CSUD>4091</CSUD>
    <NORD>15783</NORD>
    <SARD>890</SARD>
    <SICI>1747</SICI>
    <SUD>2282</SUD>
  </marketintervaldetail>
  <marketintervaldetail>
    <Data>20140827</Data>
    <Mercato>MGP</Mercato>
    <Ora>08</Ora>
    <Totale>31000</Totale>
    <CNOR>3337</CNOR>
    <CSUD>4581</CSUD>
    <NORD>17611</NORD>
    <SARD>948</SARD>
    <SICI>1955</SICI>
    <SUD>2568</SUD>
  </marketintervaldetail>
  <marketintervaldetail>
    <Data>20140827</Data>
    <Mercato>MGP</Mercato>
    <Ora>09</Ora>
    <Totale>35756</Totale>
    <CNOR>3817</CNOR>
    <CSUD>5443</CSUD>
    <NORD>20200</NORD>
    <SARD>1069</SARD>
    <SICI>2318</SICI>
    <SUD>2909</SUD>
  </marketintervaldetail>
  <marketintervaldetail>
    <Data>20140827</Data>
    <Mercato>MGP</Mercato>
    <Ora>10</Ora>
    <Totale>38226</Totale>
    <CNOR>4118</CNOR>
    <CSUD>6118</CSUD>
    <NORD>21151</NORD>
    <SARD>1124</SARD>
    <SICI>2553</SICI>
    <SUD>3162</SUD>
  </marketintervaldetail>
  <marketintervaldetail>
    <Data>20140827</Data>
    <Mercato>MGP</Mercato>
    <Ora>11</Ora>
    <Totale>38966</Totale>
    <CNOR>4257</CNOR>
    <CSUD>6276</CSUD>
    <NORD>21371</NORD>
    <SARD>1140</SARD>
    <SICI>2661</SICI>
    <SUD>3261</SUD>
  </marketintervaldetail>
  <marketintervaldetail>
    <Data>20140827</Data>
    <Mercato>MGP</Mercato>
    <Ora>12</Ora>
    <Totale>39484</Totale>
    <CNOR>4311</CNOR>
    <CSUD>6458</CSUD>
    <NORD>21695</NORD>
    <SARD>1165</SARD>
    <SICI>2635</SICI>
    <SUD>3220</SUD>
  </marketintervaldetail>
  <marketintervaldetail>
    <Data>20140827</Data>
    <Mercato>MGP</Mercato>
    <Ora>13</Ora>
    <Totale>38871</Totale>
    <CNOR>4209</CNOR>
    <CSUD>6630</CSUD>
    <NORD>20680</NORD>
    <SARD>1173</SARD>
    <SICI>2757</SICI>
    <SUD>3422</SUD>
  </marketintervaldetail>
  <marketintervaldetail>
    <Data>20140827</Data>
    <Mercato>MGP</Mercato>
    <Ora>14</Ora>
    <Totale>38906</Totale>
    <CNOR>4033</CNOR>
    <CSUD>6617</CSUD>
    <NORD>21113</NORD>
    <SARD>1143</SARD>
    <SICI>2619</SICI>
    <SUD>3381</SUD>
  </marketintervaldetail>
  <marketintervaldetail>
    <Data>20140827</Data>
    <Mercato>MGP</Mercato>
    <Ora>15</Ora>
    <Totale>39232</Totale>
    <CNOR>4067</CNOR>
    <CSUD>6245</CSUD>
    <NORD>21970</NORD>
    <SARD>1149</SARD>
    <SICI>2669</SICI>
    <SUD>3132</SUD>
  </marketintervaldetail>
  <marketintervaldetail>
    <Data>20140827</Data>
    <Mercato>MGP</Mercato>
    <Ora>16</Ora>
    <Totale>39680</Totale>
    <CNOR>4160</CNOR>
    <CSUD>6264</CSUD>
    <NORD>22218</NORD>
    <SARD>1127</SARD>
    <SICI>2685</SICI>
    <SUD>3226</SUD>
  </marketintervaldetail>
  <marketintervaldetail>
    <Data>20140827</Data>
    <Mercato>MGP</Mercato>
    <Ora>17</Ora>
    <Totale>39966</Totale>
    <CNOR>4426</CNOR>
    <CSUD>6417</CSUD>
    <NORD>21846</NORD>
    <SARD>1135</SARD>
    <SICI>2748</SICI>
    <SUD>3394</SUD>
  </marketintervaldetail>
  <marketintervaldetail>
    <Data>20140827</Data>
    <Mercato>MGP</Mercato>
    <Ora>18</Ora>
    <Totale>39293</Totale>
    <CNOR>4298</CNOR>
    <CSUD>6310</CSUD>
    <NORD>21235</NORD>
    <SARD>1156</SARD>
    <SICI>2790</SICI>
    <SUD>3504</SUD>
  </marketintervaldetail>
  <marketintervaldetail>
    <Data>20140827</Data>
    <Mercato>MGP</Mercato>
    <Ora>19</Ora>
    <Totale>38051</Totale>
    <CNOR>4281</CNOR>
    <CSUD>6142</CSUD>
    <NORD>20413</NORD>
    <SARD>1132</SARD>
    <SICI>2624</SICI>
    <SUD>3459</SUD>
  </marketintervaldetail>
  <marketintervaldetail>
    <Data>20140827</Data>
    <Mercato>MGP</Mercato>
    <Ora>20</Ora>
    <Totale>37893</Totale>
    <CNOR>4281</CNOR>
    <CSUD>6118</CSUD>
    <NORD>20018</NORD>
    <SARD>1140</SARD>
    <SICI>2612</SICI>
    <SUD>3724</SUD>
  </marketintervaldetail>
  <marketintervaldetail>
    <Data>20140827</Data>
    <Mercato>MGP</Mercato>
    <Ora>21</Ora>
    <Totale>40019</Totale>
    <CNOR>4412</CNOR>
    <CSUD>6527</CSUD>
    <NORD>20948</NORD>
    <SARD>1295</SARD>
    <SICI>2805</SICI>
    <SUD>4032</SUD>
  </marketintervaldetail>
  <marketintervaldetail>
    <Data>20140827</Data>
    <Mercato>MGP</Mercato>
    <Ora>22</Ora>
    <Totale>37419</Totale>
    <CNOR>4104</CNOR>
    <CSUD>6089</CSUD>
    <NORD>19732</NORD>
    <SARD>1232</SARD>
    <SICI>2570</SICI>
    <SUD>3692</SUD>
  </marketintervaldetail>
  <marketintervaldetail>
    <Data>20140827</Data>
    <Mercato>MGP</Mercato>
    <Ora>23</Ora>
    <Totale>33953</Totale>
    <CNOR>3723</CNOR>
    <CSUD>5648</CSUD>
    <NORD>17843</NORD>
    <SARD>1147</SARD>
    <SICI>2354</SICI>
    <SUD>3238</SUD>
  </marketintervaldetail>
  <marketintervaldetail>
    <Data>20140827</Data>
    <Mercato>MGP</Mercato>
    <Ora>24</Ora>
    <Totale>31199</Totale>
    <CNOR>3420</CNOR>
    <CSUD>5071</CSUD>
    <NORD>16411</NORD>
    <SARD>1059</SARD>
    <SICI>2199</SICI>
    <SUD>3039</SUD>
  </marketintervaldetail>
</NewDataSet>