<?xml version="1.0" standalone="yes"?>
<NewDataSet>
  <xs:schema id="NewDataSet" xmlns="" xmlns:xs="http://www.w3.org/2001/XMLSchema" xmlns:msdata="urn:schemas-microsoft-com:xml-msdata">
    <xs:element name="NewDataSet" msdata:IsDataSet="true" msdata:MainDataTable="marketintervaldetail" msdata:UseCurrentLocale="true">
      <xs:complexType>
        <xs:choice minOccurs="0" maxOccurs="unbounded">
          <xs:element name="marketintervaldetail">
            <xs:complexType>
              <xs:sequence>
                <xs:element name="Data" type="xs:string" minOccurs="0" />
                <xs:element name="Mercato" type="xs:string" minOccurs="0" />
                <xs:element name="Ora" type="xs:string" minOccurs="0" />
                <xs:element name="Totale" type="xs:string" minOccurs="0" />
                <xs:element name="CNOR" type="xs:string" minOccurs="0" />
                <xs:element name="CSUD" type="xs:string" minOccurs="0" />
                <xs:element name="NORD" type="xs:string" minOccurs="0" />
                <xs:element name="SARD" type="xs:string" minOccurs="0" />
                <xs:element name="SICI" type="xs:string" minOccurs="0" />
                <xs:element name="SUD" type="xs:string" minOccurs="0" />
              </xs:sequence>
            </xs:complexType>
          </xs:element>
        </xs:choice>
      </xs:complexType>
    </xs:element>
  </xs:schema>
  <marketintervaldetail>
    <Data>20140814</Data>
    <Mercato>MGP</Mercato>
    <Ora>01</Ora>
    <Totale>26188</Totale>
    <CNOR>2857</CNOR>
    <CSUD>4648</CSUD>
    <NORD>12490</NORD>
    <SARD>1072</SARD>
    <SICI>2167</SICI>
    <SUD>2954</SUD>
  </marketintervaldetail>
  <marketintervaldetail>
    <Data>20140814</Data>
    <Mercato>MGP</Mercato>
    <Ora>02</Ora>
    <Totale>24501</Totale>
    <CNOR>2655</CNOR>
    <CSUD>4272</CSUD>
    <NORD>11757</NORD>
    <SARD>1007</SARD>
    <SICI>2003</SICI>
    <SUD>2807</SUD>
  </marketintervaldetail>
  <marketintervaldetail>
    <Data>20140814</Data>
    <Mercato>MGP</Mercato>
    <Ora>03</Ora>
    <Totale>23396</Totale>
    <CNOR>2575</CNOR>
    <CSUD>4023</CSUD>
    <NORD>11328</NORD>
    <SARD>955</SARD>
    <SICI>1887</SICI>
    <SUD>2628</SUD>
  </marketintervaldetail>
  <marketintervaldetail>
    <Data>20140814</Data>
    <Mercato>MGP</Mercato>
    <Ora>04</Ora>
    <Totale>22796</Totale>
    <CNOR>2548</CNOR>
    <CSUD>3837</CSUD>
    <NORD>11089</NORD>
    <SARD>941</SARD>
    <SICI>1813</SICI>
    <SUD>2568</SUD>
  </marketintervaldetail>
  <marketintervaldetail>
    <Data>20140814</Data>
    <Mercato>MGP</Mercato>
    <Ora>05</Ora>
    <Totale>22655</Totale>
    <CNOR>2546</CNOR>
    <CSUD>3795</CSUD>
    <NORD>11083</NORD>
    <SARD>920</SARD>
    <SICI>1776</SICI>
    <SUD>2535</SUD>
  </marketintervaldetail>
  <marketintervaldetail>
    <Data>20140814</Data>
    <Mercato>MGP</Mercato>
    <Ora>06</Ora>
    <Totale>23204</Totale>
    <CNOR>2602</CNOR>
    <CSUD>3888</CSUD>
    <NORD>11443</NORD>
    <SARD>933</SARD>
    <SICI>1792</SICI>
    <SUD>2546</SUD>
  </marketintervaldetail>
  <marketintervaldetail>
    <Data>20140814</Data>
    <Mercato>MGP</Mercato>
    <Ora>07</Ora>
    <Totale>23889</Totale>
    <CNOR>2638</CNOR>
    <CSUD>4041</CSUD>
    <NORD>11935</NORD>
    <SARD>963</SARD>
    <SICI>1796</SICI>
    <SUD>2516</SUD>
  </marketintervaldetail>
  <marketintervaldetail>
    <Data>20140814</Data>
    <Mercato>MGP</Mercato>
    <Ora>08</Ora>
    <Totale>26046</Totale>
    <CNOR>2816</CNOR>
    <CSUD>4521</CSUD>
    <NORD>12937</NORD>
    <SARD>1027</SARD>
    <SICI>2002</SICI>
    <SUD>2743</SUD>
  </marketintervaldetail>
  <marketintervaldetail>
    <Data>20140814</Data>
    <Mercato>MGP</Mercato>
    <Ora>09</Ora>
    <Totale>28940</Totale>
    <CNOR>3101</CNOR>
    <CSUD>5066</CSUD>
    <NORD>14291</NORD>
    <SARD>1105</SARD>
    <SICI>2270</SICI>
    <SUD>3107</SUD>
  </marketintervaldetail>
  <marketintervaldetail>
    <Data>20140814</Data>
    <Mercato>MGP</Mercato>
    <Ora>10</Ora>
    <Totale>31406</Totale>
    <CNOR>3389</CNOR>
    <CSUD>5650</CSUD>
    <NORD>15329</NORD>
    <SARD>1216</SARD>
    <SICI>2466</SICI>
    <SUD>3356</SUD>
  </marketintervaldetail>
  <marketintervaldetail>
    <Data>20140814</Data>
    <Mercato>MGP</Mercato>
    <Ora>11</Ora>
    <Totale>32340</Totale>
    <CNOR>3478</CNOR>
    <CSUD>5925</CSUD>
    <NORD>15764</NORD>
    <SARD>1260</SARD>
    <SICI>2498</SICI>
    <SUD>3415</SUD>
  </marketintervaldetail>
  <marketintervaldetail>
    <Data>20140814</Data>
    <Mercato>MGP</Mercato>
    <Ora>12</Ora>
    <Totale>32741</Totale>
    <CNOR>3488</CNOR>
    <CSUD>6096</CSUD>
    <NORD>15842</NORD>
    <SARD>1260</SARD>
    <SICI>2522</SICI>
    <SUD>3533</SUD>
  </marketintervaldetail>
  <marketintervaldetail>
    <Data>20140814</Data>
    <Mercato>MGP</Mercato>
    <Ora>13</Ora>
    <Totale>32447</Totale>
    <CNOR>3374</CNOR>
    <CSUD>6238</CSUD>
    <NORD>15349</NORD>
    <SARD>1229</SARD>
    <SICI>2583</SICI>
    <SUD>3674</SUD>
  </marketintervaldetail>
  <marketintervaldetail>
    <Data>20140814</Data>
    <Mercato>MGP</Mercato>
    <Ora>14</Ora>
    <Totale>31646</Totale>
    <CNOR>3401</CNOR>
    <CSUD>6165</CSUD>
    <NORD>14607</NORD>
    <SARD>1213</SARD>
    <SICI>2614</SICI>
    <SUD>3646</SUD>
  </marketintervaldetail>
  <marketintervaldetail>
    <Data>20140814</Data>
    <Mercato>MGP</Mercato>
    <Ora>15</Ora>
    <Totale>31790</Totale>
    <CNOR>3276</CNOR>
    <CSUD>6126</CSUD>
    <NORD>14890</NORD>
    <SARD>1193</SARD>
    <SICI>2642</SICI>
    <SUD>3663</SUD>
  </marketintervaldetail>
  <marketintervaldetail>
    <Data>20140814</Data>
    <Mercato>MGP</Mercato>
    <Ora>16</Ora>
    <Totale>31817</Totale>
    <CNOR>3265</CNOR>
    <CSUD>6059</CSUD>
    <NORD>15006</NORD>
    <SARD>1179</SARD>
    <SICI>2719</SICI>
    <SUD>3589</SUD>
  </marketintervaldetail>
  <marketintervaldetail>
    <Data>20140814</Data>
    <Mercato>MGP</Mercato>
    <Ora>17</Ora>
    <Totale>31588</Totale>
    <CNOR>3253</CNOR>
    <CSUD>6008</CSUD>
    <NORD>14805</NORD>
    <SARD>1186</SARD>
    <SICI>2716</SICI>
    <SUD>3620</SUD>
  </marketintervaldetail>
  <marketintervaldetail>
    <Data>20140814</Data>
    <Mercato>MGP</Mercato>
    <Ora>18</Ora>
    <Totale>30957</Totale>
    <CNOR>3168</CNOR>
    <CSUD>5912</CSUD>
    <NORD>14420</NORD>
    <SARD>1203</SARD>
    <SICI>2639</SICI>
    <SUD>3615</SUD>
  </marketintervaldetail>
  <marketintervaldetail>
    <Data>20140814</Data>
    <Mercato>MGP</Mercato>
    <Ora>19</Ora>
    <Totale>30626</Totale>
    <CNOR>3169</CNOR>
    <CSUD>5653</CSUD>
    <NORD>14340</NORD>
    <SARD>1197</SARD>
    <SICI>2607</SICI>
    <SUD>3660</SUD>
  </marketintervaldetail>
  <marketintervaldetail>
    <Data>20140814</Data>
    <Mercato>MGP</Mercato>
    <Ora>20</Ora>
    <Totale>30764</Totale>
    <CNOR>3233</CNOR>
    <CSUD>5605</CSUD>
    <NORD>14472</NORD>
    <SARD>1217</SARD>
    <SICI>2532</SICI>
    <SUD>3705</SUD>
  </marketintervaldetail>
  <marketintervaldetail>
    <Data>20140814</Data>
    <Mercato>MGP</Mercato>
    <Ora>21</Ora>
    <Totale>31696</Totale>
    <CNOR>3300</CNOR>
    <CSUD>5834</CSUD>
    <NORD>14431</NORD>
    <SARD>1292</SARD>
    <SICI>2765</SICI>
    <SUD>4074</SUD>
  </marketintervaldetail>
  <marketintervaldetail>
    <Data>20140814</Data>
    <Mercato>MGP</Mercato>
    <Ora>22</Ora>
    <Totale>30576</Totale>
    <CNOR>3245</CNOR>
    <CSUD>5641</CSUD>
    <NORD>13956</NORD>
    <SARD>1266</SARD>
    <SICI>2589</SICI>
    <SUD>3879</SUD>
  </marketintervaldetail>
  <marketintervaldetail>
    <Data>20140814</Data>
    <Mercato>MGP</Mercato>
    <Ora>23</Ora>
    <Totale>28278</Totale>
    <CNOR>3015</CNOR>
    <CSUD>5274</CSUD>
    <NORD>12892</NORD>
    <SARD>1168</SARD>
    <SICI>2414</SICI>
    <SUD>3515</SUD>
  </marketintervaldetail>
  <marketintervaldetail>
    <Data>20140814</Data>
    <Mercato>MGP</Mercato>
    <Ora>24</Ora>
    <Totale>26065</Totale>
    <CNOR>2817</CNOR>
    <CSUD>4870</CSUD>
    <NORD>11850</NORD>
    <SARD>1099</SARD>
    <SICI>2249</SICI>
    <SUD>3180</SUD>
  </marketintervaldetail>
</NewDataSet>