<?xml version="1.0" standalone="yes"?>
<NewDataSet>
  <xs:schema id="NewDataSet" xmlns="" xmlns:xs="http://www.w3.org/2001/XMLSchema" xmlns:msdata="urn:schemas-microsoft-com:xml-msdata">
    <xs:element name="NewDataSet" msdata:IsDataSet="true" msdata:MainDataTable="marketintervaldetail" msdata:UseCurrentLocale="true">
      <xs:complexType>
        <xs:choice minOccurs="0" maxOccurs="unbounded">
          <xs:element name="marketintervaldetail">
            <xs:complexType>
              <xs:sequence>
                <xs:element name="Data" type="xs:string" minOccurs="0" />
                <xs:element name="Mercato" type="xs:string" minOccurs="0" />
                <xs:element name="Ora" type="xs:string" minOccurs="0" />
                <xs:element name="Totale" type="xs:string" minOccurs="0" />
                <xs:element name="CNOR" type="xs:string" minOccurs="0" />
                <xs:element name="CSUD" type="xs:string" minOccurs="0" />
                <xs:element name="NORD" type="xs:string" minOccurs="0" />
                <xs:element name="SARD" type="xs:string" minOccurs="0" />
                <xs:element name="SICI" type="xs:string" minOccurs="0" />
                <xs:element name="SUD" type="xs:string" minOccurs="0" />
              </xs:sequence>
            </xs:complexType>
          </xs:element>
        </xs:choice>
      </xs:complexType>
    </xs:element>
  </xs:schema>
  <marketintervaldetail>
    <Data>20140821</Data>
    <Mercato>MGP</Mercato>
    <Ora>01</Ora>
    <Totale>25431</Totale>
    <CNOR>2738</CNOR>
    <CSUD>4280</CSUD>
    <NORD>12839</NORD>
    <SARD>987</SARD>
    <SICI>1924</SICI>
    <SUD>2663</SUD>
  </marketintervaldetail>
  <marketintervaldetail>
    <Data>20140821</Data>
    <Mercato>MGP</Mercato>
    <Ora>02</Ora>
    <Totale>23999</Totale>
    <CNOR>2585</CNOR>
    <CSUD>3976</CSUD>
    <NORD>12245</NORD>
    <SARD>927</SARD>
    <SICI>1776</SICI>
    <SUD>2490</SUD>
  </marketintervaldetail>
  <marketintervaldetail>
    <Data>20140821</Data>
    <Mercato>MGP</Mercato>
    <Ora>03</Ora>
    <Totale>23207</Totale>
    <CNOR>2482</CNOR>
    <CSUD>3804</CSUD>
    <NORD>11946</NORD>
    <SARD>895</SARD>
    <SICI>1689</SICI>
    <SUD>2391</SUD>
  </marketintervaldetail>
  <marketintervaldetail>
    <Data>20140821</Data>
    <Mercato>MGP</Mercato>
    <Ora>04</Ora>
    <Totale>22722</Totale>
    <CNOR>2442</CNOR>
    <CSUD>3733</CSUD>
    <NORD>11706</NORD>
    <SARD>887</SARD>
    <SICI>1644</SICI>
    <SUD>2310</SUD>
  </marketintervaldetail>
  <marketintervaldetail>
    <Data>20140821</Data>
    <Mercato>MGP</Mercato>
    <Ora>05</Ora>
    <Totale>22643</Totale>
    <CNOR>2441</CNOR>
    <CSUD>3703</CSUD>
    <NORD>11706</NORD>
    <SARD>894</SARD>
    <SICI>1618</SICI>
    <SUD>2281</SUD>
  </marketintervaldetail>
  <marketintervaldetail>
    <Data>20140821</Data>
    <Mercato>MGP</Mercato>
    <Ora>06</Ora>
    <Totale>23201</Totale>
    <CNOR>2495</CNOR>
    <CSUD>3803</CSUD>
    <NORD>12052</NORD>
    <SARD>904</SARD>
    <SICI>1654</SICI>
    <SUD>2293</SUD>
  </marketintervaldetail>
  <marketintervaldetail>
    <Data>20140821</Data>
    <Mercato>MGP</Mercato>
    <Ora>07</Ora>
    <Totale>24469</Totale>
    <CNOR>2563</CNOR>
    <CSUD>3931</CSUD>
    <NORD>13002</NORD>
    <SARD>933</SARD>
    <SICI>1715</SICI>
    <SUD>2325</SUD>
  </marketintervaldetail>
  <marketintervaldetail>
    <Data>20140821</Data>
    <Mercato>MGP</Mercato>
    <Ora>08</Ora>
    <Totale>26613</Totale>
    <CNOR>2808</CNOR>
    <CSUD>4294</CSUD>
    <NORD>14060</NORD>
    <SARD>981</SARD>
    <SICI>1908</SICI>
    <SUD>2562</SUD>
  </marketintervaldetail>
  <marketintervaldetail>
    <Data>20140821</Data>
    <Mercato>MGP</Mercato>
    <Ora>09</Ora>
    <Totale>29865</Totale>
    <CNOR>3188</CNOR>
    <CSUD>4890</CSUD>
    <NORD>15526</NORD>
    <SARD>1088</SARD>
    <SICI>2259</SICI>
    <SUD>2914</SUD>
  </marketintervaldetail>
  <marketintervaldetail>
    <Data>20140821</Data>
    <Mercato>MGP</Mercato>
    <Ora>10</Ora>
    <Totale>32058</Totale>
    <CNOR>3407</CNOR>
    <CSUD>5326</CSUD>
    <NORD>16518</NORD>
    <SARD>1169</SARD>
    <SICI>2488</SICI>
    <SUD>3150</SUD>
  </marketintervaldetail>
  <marketintervaldetail>
    <Data>20140821</Data>
    <Mercato>MGP</Mercato>
    <Ora>11</Ora>
    <Totale>32759</Totale>
    <CNOR>3389</CNOR>
    <CSUD>5398</CSUD>
    <NORD>16962</NORD>
    <SARD>1193</SARD>
    <SICI>2582</SICI>
    <SUD>3235</SUD>
  </marketintervaldetail>
  <marketintervaldetail>
    <Data>20140821</Data>
    <Mercato>MGP</Mercato>
    <Ora>12</Ora>
    <Totale>33527</Totale>
    <CNOR>3703</CNOR>
    <CSUD>5749</CSUD>
    <NORD>17013</NORD>
    <SARD>1172</SARD>
    <SICI>2565</SICI>
    <SUD>3325</SUD>
  </marketintervaldetail>
  <marketintervaldetail>
    <Data>20140821</Data>
    <Mercato>MGP</Mercato>
    <Ora>13</Ora>
    <Totale>33366</Totale>
    <CNOR>3789</CNOR>
    <CSUD>5821</CSUD>
    <NORD>16408</NORD>
    <SARD>1158</SARD>
    <SICI>2652</SICI>
    <SUD>3538</SUD>
  </marketintervaldetail>
  <marketintervaldetail>
    <Data>20140821</Data>
    <Mercato>MGP</Mercato>
    <Ora>14</Ora>
    <Totale>31948</Totale>
    <CNOR>3459</CNOR>
    <CSUD>5618</CSUD>
    <NORD>16066</NORD>
    <SARD>1097</SARD>
    <SICI>2417</SICI>
    <SUD>3291</SUD>
  </marketintervaldetail>
  <marketintervaldetail>
    <Data>20140821</Data>
    <Mercato>MGP</Mercato>
    <Ora>15</Ora>
    <Totale>32128</Totale>
    <CNOR>3380</CNOR>
    <CSUD>5700</CSUD>
    <NORD>16583</NORD>
    <SARD>1080</SARD>
    <SICI>2179</SICI>
    <SUD>3206</SUD>
  </marketintervaldetail>
  <marketintervaldetail>
    <Data>20140821</Data>
    <Mercato>MGP</Mercato>
    <Ora>16</Ora>
    <Totale>31771</Totale>
    <CNOR>3398</CNOR>
    <CSUD>5601</CSUD>
    <NORD>16337</NORD>
    <SARD>1075</SARD>
    <SICI>2234</SICI>
    <SUD>3126</SUD>
  </marketintervaldetail>
  <marketintervaldetail>
    <Data>20140821</Data>
    <Mercato>MGP</Mercato>
    <Ora>17</Ora>
    <Totale>31814</Totale>
    <CNOR>3368</CNOR>
    <CSUD>5559</CSUD>
    <NORD>16269</NORD>
    <SARD>1079</SARD>
    <SICI>2422</SICI>
    <SUD>3117</SUD>
  </marketintervaldetail>
  <marketintervaldetail>
    <Data>20140821</Data>
    <Mercato>MGP</Mercato>
    <Ora>18</Ora>
    <Totale>31569</Totale>
    <CNOR>3510</CNOR>
    <CSUD>5446</CSUD>
    <NORD>15710</NORD>
    <SARD>1105</SARD>
    <SICI>2520</SICI>
    <SUD>3278</SUD>
  </marketintervaldetail>
  <marketintervaldetail>
    <Data>20140821</Data>
    <Mercato>MGP</Mercato>
    <Ora>19</Ora>
    <Totale>31456</Totale>
    <CNOR>3672</CNOR>
    <CSUD>5285</CSUD>
    <NORD>15460</NORD>
    <SARD>1124</SARD>
    <SICI>2558</SICI>
    <SUD>3357</SUD>
  </marketintervaldetail>
  <marketintervaldetail>
    <Data>20140821</Data>
    <Mercato>MGP</Mercato>
    <Ora>20</Ora>
    <Totale>31355</Totale>
    <CNOR>3766</CNOR>
    <CSUD>5334</CSUD>
    <NORD>15123</NORD>
    <SARD>1187</SARD>
    <SICI>2532</SICI>
    <SUD>3413</SUD>
  </marketintervaldetail>
  <marketintervaldetail>
    <Data>20140821</Data>
    <Mercato>MGP</Mercato>
    <Ora>21</Ora>
    <Totale>33031</Totale>
    <CNOR>3892</CNOR>
    <CSUD>5775</CSUD>
    <NORD>15185</NORD>
    <SARD>1310</SARD>
    <SICI>2772</SICI>
    <SUD>4097</SUD>
  </marketintervaldetail>
  <marketintervaldetail>
    <Data>20140821</Data>
    <Mercato>MGP</Mercato>
    <Ora>22</Ora>
    <Totale>32011</Totale>
    <CNOR>3710</CNOR>
    <CSUD>5507</CSUD>
    <NORD>15156</NORD>
    <SARD>1259</SARD>
    <SICI>2554</SICI>
    <SUD>3825</SUD>
  </marketintervaldetail>
  <marketintervaldetail>
    <Data>20140821</Data>
    <Mercato>MGP</Mercato>
    <Ora>23</Ora>
    <Totale>29248</Totale>
    <CNOR>3406</CNOR>
    <CSUD>4960</CSUD>
    <NORD>13985</NORD>
    <SARD>1181</SARD>
    <SICI>2345</SICI>
    <SUD>3371</SUD>
  </marketintervaldetail>
  <marketintervaldetail>
    <Data>20140821</Data>
    <Mercato>MGP</Mercato>
    <Ora>24</Ora>
    <Totale>26700</Totale>
    <CNOR>3072</CNOR>
    <CSUD>4607</CSUD>
    <NORD>12799</NORD>
    <SARD>1092</SARD>
    <SICI>2169</SICI>
    <SUD>2961</SUD>
  </marketintervaldetail>
</NewDataSet>