<?xml version="1.0" standalone="yes"?>
<NewDataSet>
  <xs:schema id="NewDataSet" xmlns="" xmlns:xs="http://www.w3.org/2001/XMLSchema" xmlns:msdata="urn:schemas-microsoft-com:xml-msdata">
    <xs:element name="NewDataSet" msdata:IsDataSet="true" msdata:MainDataTable="marketintervaldetail" msdata:UseCurrentLocale="true">
      <xs:complexType>
        <xs:choice minOccurs="0" maxOccurs="unbounded">
          <xs:element name="marketintervaldetail">
            <xs:complexType>
              <xs:sequence>
                <xs:element name="Data" type="xs:string" minOccurs="0" />
                <xs:element name="Mercato" type="xs:string" minOccurs="0" />
                <xs:element name="Ora" type="xs:string" minOccurs="0" />
                <xs:element name="Totale" type="xs:string" minOccurs="0" />
                <xs:element name="CNOR" type="xs:string" minOccurs="0" />
                <xs:element name="CSUD" type="xs:string" minOccurs="0" />
                <xs:element name="NORD" type="xs:string" minOccurs="0" />
                <xs:element name="SARD" type="xs:string" minOccurs="0" />
                <xs:element name="SICI" type="xs:string" minOccurs="0" />
                <xs:element name="SUD" type="xs:string" minOccurs="0" />
              </xs:sequence>
            </xs:complexType>
          </xs:element>
        </xs:choice>
      </xs:complexType>
    </xs:element>
  </xs:schema>
  <marketintervaldetail>
    <Data>20140830</Data>
    <Mercato>MGP</Mercato>
    <Ora>01</Ora>
    <Totale>26868</Totale>
    <CNOR>2894</CNOR>
    <CSUD>4401</CSUD>
    <NORD>13846</NORD>
    <SARD>968</SARD>
    <SICI>2040</SICI>
    <SUD>2719</SUD>
  </marketintervaldetail>
  <marketintervaldetail>
    <Data>20140830</Data>
    <Mercato>MGP</Mercato>
    <Ora>02</Ora>
    <Totale>25248</Totale>
    <CNOR>2791</CNOR>
    <CSUD>4036</CSUD>
    <NORD>13058</NORD>
    <SARD>911</SARD>
    <SICI>1905</SICI>
    <SUD>2547</SUD>
  </marketintervaldetail>
  <marketintervaldetail>
    <Data>20140830</Data>
    <Mercato>MGP</Mercato>
    <Ora>03</Ora>
    <Totale>24185</Totale>
    <CNOR>2707</CNOR>
    <CSUD>3818</CSUD>
    <NORD>12594</NORD>
    <SARD>878</SARD>
    <SICI>1801</SICI>
    <SUD>2387</SUD>
  </marketintervaldetail>
  <marketintervaldetail>
    <Data>20140830</Data>
    <Mercato>MGP</Mercato>
    <Ora>04</Ora>
    <Totale>23683</Totale>
    <CNOR>2657</CNOR>
    <CSUD>3706</CSUD>
    <NORD>12408</NORD>
    <SARD>864</SARD>
    <SICI>1750</SICI>
    <SUD>2298</SUD>
  </marketintervaldetail>
  <marketintervaldetail>
    <Data>20140830</Data>
    <Mercato>MGP</Mercato>
    <Ora>05</Ora>
    <Totale>23576</Totale>
    <CNOR>2615</CNOR>
    <CSUD>3666</CSUD>
    <NORD>12429</NORD>
    <SARD>858</SARD>
    <SICI>1720</SICI>
    <SUD>2288</SUD>
  </marketintervaldetail>
  <marketintervaldetail>
    <Data>20140830</Data>
    <Mercato>MGP</Mercato>
    <Ora>06</Ora>
    <Totale>23860</Totale>
    <CNOR>2665</CNOR>
    <CSUD>3738</CSUD>
    <NORD>12537</NORD>
    <SARD>861</SARD>
    <SICI>1726</SICI>
    <SUD>2333</SUD>
  </marketintervaldetail>
  <marketintervaldetail>
    <Data>20140830</Data>
    <Mercato>MGP</Mercato>
    <Ora>07</Ora>
    <Totale>24500</Totale>
    <CNOR>2646</CNOR>
    <CSUD>3788</CSUD>
    <NORD>13097</NORD>
    <SARD>897</SARD>
    <SICI>1748</SICI>
    <SUD>2324</SUD>
  </marketintervaldetail>
  <marketintervaldetail>
    <Data>20140830</Data>
    <Mercato>MGP</Mercato>
    <Ora>08</Ora>
    <Totale>25956</Totale>
    <CNOR>2712</CNOR>
    <CSUD>4080</CSUD>
    <NORD>13892</NORD>
    <SARD>931</SARD>
    <SICI>1831</SICI>
    <SUD>2510</SUD>
  </marketintervaldetail>
  <marketintervaldetail>
    <Data>20140830</Data>
    <Mercato>MGP</Mercato>
    <Ora>09</Ora>
    <Totale>29240</Totale>
    <CNOR>2967</CNOR>
    <CSUD>4667</CSUD>
    <NORD>15520</NORD>
    <SARD>1026</SARD>
    <SICI>2172</SICI>
    <SUD>2888</SUD>
  </marketintervaldetail>
  <marketintervaldetail>
    <Data>20140830</Data>
    <Mercato>MGP</Mercato>
    <Ora>10</Ora>
    <Totale>31464</Totale>
    <CNOR>3221</CNOR>
    <CSUD>5222</CSUD>
    <NORD>16395</NORD>
    <SARD>1127</SARD>
    <SICI>2413</SICI>
    <SUD>3086</SUD>
  </marketintervaldetail>
  <marketintervaldetail>
    <Data>20140830</Data>
    <Mercato>MGP</Mercato>
    <Ora>11</Ora>
    <Totale>32343</Totale>
    <CNOR>3343</CNOR>
    <CSUD>5518</CSUD>
    <NORD>16480</NORD>
    <SARD>1174</SARD>
    <SICI>2554</SICI>
    <SUD>3274</SUD>
  </marketintervaldetail>
  <marketintervaldetail>
    <Data>20140830</Data>
    <Mercato>MGP</Mercato>
    <Ora>12</Ora>
    <Totale>32329</Totale>
    <CNOR>3374</CNOR>
    <CSUD>5508</CSUD>
    <NORD>16471</NORD>
    <SARD>1165</SARD>
    <SICI>2557</SICI>
    <SUD>3254</SUD>
  </marketintervaldetail>
  <marketintervaldetail>
    <Data>20140830</Data>
    <Mercato>MGP</Mercato>
    <Ora>13</Ora>
    <Totale>32251</Totale>
    <CNOR>3500</CNOR>
    <CSUD>5649</CSUD>
    <NORD>16181</NORD>
    <SARD>1122</SARD>
    <SICI>2573</SICI>
    <SUD>3226</SUD>
  </marketintervaldetail>
  <marketintervaldetail>
    <Data>20140830</Data>
    <Mercato>MGP</Mercato>
    <Ora>14</Ora>
    <Totale>31213</Totale>
    <CNOR>3637</CNOR>
    <CSUD>5556</CSUD>
    <NORD>15127</NORD>
    <SARD>1067</SARD>
    <SICI>2554</SICI>
    <SUD>3272</SUD>
  </marketintervaldetail>
  <marketintervaldetail>
    <Data>20140830</Data>
    <Mercato>MGP</Mercato>
    <Ora>15</Ora>
    <Totale>30144</Totale>
    <CNOR>3457</CNOR>
    <CSUD>5204</CSUD>
    <NORD>14539</NORD>
    <SARD>1113</SARD>
    <SICI>2595</SICI>
    <SUD>3236</SUD>
  </marketintervaldetail>
  <marketintervaldetail>
    <Data>20140830</Data>
    <Mercato>MGP</Mercato>
    <Ora>16</Ora>
    <Totale>29579</Totale>
    <CNOR>3353</CNOR>
    <CSUD>5285</CSUD>
    <NORD>14234</NORD>
    <SARD>1085</SARD>
    <SICI>2524</SICI>
    <SUD>3098</SUD>
  </marketintervaldetail>
  <marketintervaldetail>
    <Data>20140830</Data>
    <Mercato>MGP</Mercato>
    <Ora>17</Ora>
    <Totale>29306</Totale>
    <CNOR>3215</CNOR>
    <CSUD>5137</CSUD>
    <NORD>14272</NORD>
    <SARD>1077</SARD>
    <SICI>2546</SICI>
    <SUD>3059</SUD>
  </marketintervaldetail>
  <marketintervaldetail>
    <Data>20140830</Data>
    <Mercato>MGP</Mercato>
    <Ora>18</Ora>
    <Totale>29874</Totale>
    <CNOR>3113</CNOR>
    <CSUD>5330</CSUD>
    <NORD>14570</NORD>
    <SARD>1067</SARD>
    <SICI>2615</SICI>
    <SUD>3179</SUD>
  </marketintervaldetail>
  <marketintervaldetail>
    <Data>20140830</Data>
    <Mercato>MGP</Mercato>
    <Ora>19</Ora>
    <Totale>30579</Totale>
    <CNOR>3201</CNOR>
    <CSUD>5345</CSUD>
    <NORD>15250</NORD>
    <SARD>1078</SARD>
    <SICI>2518</SICI>
    <SUD>3187</SUD>
  </marketintervaldetail>
  <marketintervaldetail>
    <Data>20140830</Data>
    <Mercato>MGP</Mercato>
    <Ora>20</Ora>
    <Totale>31979</Totale>
    <CNOR>3487</CNOR>
    <CSUD>5529</CSUD>
    <NORD>15774</NORD>
    <SARD>1122</SARD>
    <SICI>2615</SICI>
    <SUD>3452</SUD>
  </marketintervaldetail>
  <marketintervaldetail>
    <Data>20140830</Data>
    <Mercato>MGP</Mercato>
    <Ora>21</Ora>
    <Totale>33683</Totale>
    <CNOR>3649</CNOR>
    <CSUD>5841</CSUD>
    <NORD>16531</NORD>
    <SARD>1227</SARD>
    <SICI>2767</SICI>
    <SUD>3668</SUD>
  </marketintervaldetail>
  <marketintervaldetail>
    <Data>20140830</Data>
    <Mercato>MGP</Mercato>
    <Ora>22</Ora>
    <Totale>31605</Totale>
    <CNOR>3450</CNOR>
    <CSUD>5377</CSUD>
    <NORD>15797</NORD>
    <SARD>1124</SARD>
    <SICI>2537</SICI>
    <SUD>3320</SUD>
  </marketintervaldetail>
  <marketintervaldetail>
    <Data>20140830</Data>
    <Mercato>MGP</Mercato>
    <Ora>23</Ora>
    <Totale>29405</Totale>
    <CNOR>3229</CNOR>
    <CSUD>4975</CSUD>
    <NORD>14743</NORD>
    <SARD>1037</SARD>
    <SICI>2360</SICI>
    <SUD>3061</SUD>
  </marketintervaldetail>
  <marketintervaldetail>
    <Data>20140830</Data>
    <Mercato>MGP</Mercato>
    <Ora>24</Ora>
    <Totale>27489</Totale>
    <CNOR>2989</CNOR>
    <CSUD>4585</CSUD>
    <NORD>13880</NORD>
    <SARD>984</SARD>
    <SICI>2222</SICI>
    <SUD>2829</SUD>
  </marketintervaldetail>
</NewDataSet>