<?xml version="1.0" standalone="yes"?>
<NewDataSet>
  <xs:schema id="NewDataSet" xmlns="" xmlns:xs="http://www.w3.org/2001/XMLSchema" xmlns:msdata="urn:schemas-microsoft-com:xml-msdata">
    <xs:element name="NewDataSet" msdata:IsDataSet="true" msdata:MainDataTable="marketintervaldetail" msdata:UseCurrentLocale="true">
      <xs:complexType>
        <xs:choice minOccurs="0" maxOccurs="unbounded">
          <xs:element name="marketintervaldetail">
            <xs:complexType>
              <xs:sequence>
                <xs:element name="Data" type="xs:string" minOccurs="0" />
                <xs:element name="Mercato" type="xs:string" minOccurs="0" />
                <xs:element name="Ora" type="xs:string" minOccurs="0" />
                <xs:element name="Totale" type="xs:string" minOccurs="0" />
                <xs:element name="CNOR" type="xs:string" minOccurs="0" />
                <xs:element name="CSUD" type="xs:string" minOccurs="0" />
                <xs:element name="NORD" type="xs:string" minOccurs="0" />
                <xs:element name="SARD" type="xs:string" minOccurs="0" />
                <xs:element name="SICI" type="xs:string" minOccurs="0" />
                <xs:element name="SUD" type="xs:string" minOccurs="0" />
              </xs:sequence>
            </xs:complexType>
          </xs:element>
        </xs:choice>
      </xs:complexType>
    </xs:element>
  </xs:schema>
  <marketintervaldetail>
    <Data>20140812</Data>
    <Mercato>MGP</Mercato>
    <Ora>01</Ora>
    <Totale>24503</Totale>
    <CNOR>2718</CNOR>
    <CSUD>4315</CSUD>
    <NORD>11788</NORD>
    <SARD>1022</SARD>
    <SICI>1950</SICI>
    <SUD>2710</SUD>
  </marketintervaldetail>
  <marketintervaldetail>
    <Data>20140812</Data>
    <Mercato>MGP</Mercato>
    <Ora>02</Ora>
    <Totale>22985</Totale>
    <CNOR>2533</CNOR>
    <CSUD>4073</CSUD>
    <NORD>11104</NORD>
    <SARD>963</SARD>
    <SICI>1801</SICI>
    <SUD>2511</SUD>
  </marketintervaldetail>
  <marketintervaldetail>
    <Data>20140812</Data>
    <Mercato>MGP</Mercato>
    <Ora>03</Ora>
    <Totale>21961</Totale>
    <CNOR>2339</CNOR>
    <CSUD>3892</CSUD>
    <NORD>10724</NORD>
    <SARD>917</SARD>
    <SICI>1706</SICI>
    <SUD>2383</SUD>
  </marketintervaldetail>
  <marketintervaldetail>
    <Data>20140812</Data>
    <Mercato>MGP</Mercato>
    <Ora>04</Ora>
    <Totale>21528</Totale>
    <CNOR>2316</CNOR>
    <CSUD>3808</CSUD>
    <NORD>10587</NORD>
    <SARD>891</SARD>
    <SICI>1646</SICI>
    <SUD>2280</SUD>
  </marketintervaldetail>
  <marketintervaldetail>
    <Data>20140812</Data>
    <Mercato>MGP</Mercato>
    <Ora>05</Ora>
    <Totale>21523</Totale>
    <CNOR>2338</CNOR>
    <CSUD>3722</CSUD>
    <NORD>10665</NORD>
    <SARD>881</SARD>
    <SICI>1639</SICI>
    <SUD>2278</SUD>
  </marketintervaldetail>
  <marketintervaldetail>
    <Data>20140812</Data>
    <Mercato>MGP</Mercato>
    <Ora>06</Ora>
    <Totale>21706</Totale>
    <CNOR>2313</CNOR>
    <CSUD>3835</CSUD>
    <NORD>10828</NORD>
    <SARD>895</SARD>
    <SICI>1668</SICI>
    <SUD>2167</SUD>
  </marketintervaldetail>
  <marketintervaldetail>
    <Data>20140812</Data>
    <Mercato>MGP</Mercato>
    <Ora>07</Ora>
    <Totale>21851</Totale>
    <CNOR>2386</CNOR>
    <CSUD>3721</CSUD>
    <NORD>11083</NORD>
    <SARD>912</SARD>
    <SICI>1660</SICI>
    <SUD>2089</SUD>
  </marketintervaldetail>
  <marketintervaldetail>
    <Data>20140812</Data>
    <Mercato>MGP</Mercato>
    <Ora>08</Ora>
    <Totale>24550</Totale>
    <CNOR>2692</CNOR>
    <CSUD>4221</CSUD>
    <NORD>12358</NORD>
    <SARD>975</SARD>
    <SICI>1899</SICI>
    <SUD>2405</SUD>
  </marketintervaldetail>
  <marketintervaldetail>
    <Data>20140812</Data>
    <Mercato>MGP</Mercato>
    <Ora>09</Ora>
    <Totale>28332</Totale>
    <CNOR>3091</CNOR>
    <CSUD>5012</CSUD>
    <NORD>14089</NORD>
    <SARD>1086</SARD>
    <SICI>2308</SICI>
    <SUD>2746</SUD>
  </marketintervaldetail>
  <marketintervaldetail>
    <Data>20140812</Data>
    <Mercato>MGP</Mercato>
    <Ora>10</Ora>
    <Totale>30665</Totale>
    <CNOR>3319</CNOR>
    <CSUD>5669</CSUD>
    <NORD>15180</NORD>
    <SARD>1156</SARD>
    <SICI>2536</SICI>
    <SUD>2805</SUD>
  </marketintervaldetail>
  <marketintervaldetail>
    <Data>20140812</Data>
    <Mercato>MGP</Mercato>
    <Ora>11</Ora>
    <Totale>32121</Totale>
    <CNOR>3483</CNOR>
    <CSUD>6011</CSUD>
    <NORD>15900</NORD>
    <SARD>1205</SARD>
    <SICI>2571</SICI>
    <SUD>2951</SUD>
  </marketintervaldetail>
  <marketintervaldetail>
    <Data>20140812</Data>
    <Mercato>MGP</Mercato>
    <Ora>12</Ora>
    <Totale>33150</Totale>
    <CNOR>3587</CNOR>
    <CSUD>6001</CSUD>
    <NORD>16487</NORD>
    <SARD>1220</SARD>
    <SICI>2582</SICI>
    <SUD>3273</SUD>
  </marketintervaldetail>
  <marketintervaldetail>
    <Data>20140812</Data>
    <Mercato>MGP</Mercato>
    <Ora>13</Ora>
    <Totale>33441</Totale>
    <CNOR>3489</CNOR>
    <CSUD>6430</CSUD>
    <NORD>16232</NORD>
    <SARD>1235</SARD>
    <SICI>2608</SICI>
    <SUD>3447</SUD>
  </marketintervaldetail>
  <marketintervaldetail>
    <Data>20140812</Data>
    <Mercato>MGP</Mercato>
    <Ora>14</Ora>
    <Totale>33400</Totale>
    <CNOR>3350</CNOR>
    <CSUD>6343</CSUD>
    <NORD>16464</NORD>
    <SARD>1220</SARD>
    <SICI>2564</SICI>
    <SUD>3459</SUD>
  </marketintervaldetail>
  <marketintervaldetail>
    <Data>20140812</Data>
    <Mercato>MGP</Mercato>
    <Ora>15</Ora>
    <Totale>32897</Totale>
    <CNOR>3451</CNOR>
    <CSUD>6139</CSUD>
    <NORD>16213</NORD>
    <SARD>1200</SARD>
    <SICI>2565</SICI>
    <SUD>3329</SUD>
  </marketintervaldetail>
  <marketintervaldetail>
    <Data>20140812</Data>
    <Mercato>MGP</Mercato>
    <Ora>16</Ora>
    <Totale>32573</Totale>
    <CNOR>3582</CNOR>
    <CSUD>6032</CSUD>
    <NORD>15883</NORD>
    <SARD>1195</SARD>
    <SICI>2551</SICI>
    <SUD>3330</SUD>
  </marketintervaldetail>
  <marketintervaldetail>
    <Data>20140812</Data>
    <Mercato>MGP</Mercato>
    <Ora>17</Ora>
    <Totale>33162</Totale>
    <CNOR>3664</CNOR>
    <CSUD>6287</CSUD>
    <NORD>15972</NORD>
    <SARD>1206</SARD>
    <SICI>2614</SICI>
    <SUD>3419</SUD>
  </marketintervaldetail>
  <marketintervaldetail>
    <Data>20140812</Data>
    <Mercato>MGP</Mercato>
    <Ora>18</Ora>
    <Totale>33281</Totale>
    <CNOR>3654</CNOR>
    <CSUD>6203</CSUD>
    <NORD>15915</NORD>
    <SARD>1216</SARD>
    <SICI>2669</SICI>
    <SUD>3624</SUD>
  </marketintervaldetail>
  <marketintervaldetail>
    <Data>20140812</Data>
    <Mercato>MGP</Mercato>
    <Ora>19</Ora>
    <Totale>32820</Totale>
    <CNOR>3531</CNOR>
    <CSUD>6108</CSUD>
    <NORD>15555</NORD>
    <SARD>1227</SARD>
    <SICI>2727</SICI>
    <SUD>3672</SUD>
  </marketintervaldetail>
  <marketintervaldetail>
    <Data>20140812</Data>
    <Mercato>MGP</Mercato>
    <Ora>20</Ora>
    <Totale>32745</Totale>
    <CNOR>3560</CNOR>
    <CSUD>5997</CSUD>
    <NORD>15371</NORD>
    <SARD>1272</SARD>
    <SICI>2705</SICI>
    <SUD>3840</SUD>
  </marketintervaldetail>
  <marketintervaldetail>
    <Data>20140812</Data>
    <Mercato>MGP</Mercato>
    <Ora>21</Ora>
    <Totale>33748</Totale>
    <CNOR>3629</CNOR>
    <CSUD>6136</CSUD>
    <NORD>15282</NORD>
    <SARD>1332</SARD>
    <SICI>2982</SICI>
    <SUD>4387</SUD>
  </marketintervaldetail>
  <marketintervaldetail>
    <Data>20140812</Data>
    <Mercato>MGP</Mercato>
    <Ora>22</Ora>
    <Totale>33099</Totale>
    <CNOR>3554</CNOR>
    <CSUD>6028</CSUD>
    <NORD>15257</NORD>
    <SARD>1326</SARD>
    <SICI>2839</SICI>
    <SUD>4095</SUD>
  </marketintervaldetail>
  <marketintervaldetail>
    <Data>20140812</Data>
    <Mercato>MGP</Mercato>
    <Ora>23</Ora>
    <Totale>30318</Totale>
    <CNOR>3301</CNOR>
    <CSUD>5372</CSUD>
    <NORD>14002</NORD>
    <SARD>1227</SARD>
    <SICI>2620</SICI>
    <SUD>3796</SUD>
  </marketintervaldetail>
  <marketintervaldetail>
    <Data>20140812</Data>
    <Mercato>MGP</Mercato>
    <Ora>24</Ora>
    <Totale>27862</Totale>
    <CNOR>2999</CNOR>
    <CSUD>4923</CSUD>
    <NORD>12851</NORD>
    <SARD>1139</SARD>
    <SICI>2409</SICI>
    <SUD>3541</SUD>
  </marketintervaldetail>
</NewDataSet>