<?xml version="1.0" standalone="yes"?>
<NewDataSet>
  <xs:schema id="NewDataSet" xmlns="" xmlns:xs="http://www.w3.org/2001/XMLSchema" xmlns:msdata="urn:schemas-microsoft-com:xml-msdata">
    <xs:element name="NewDataSet" msdata:IsDataSet="true" msdata:MainDataTable="marketintervaldetail" msdata:UseCurrentLocale="true">
      <xs:complexType>
        <xs:choice minOccurs="0" maxOccurs="unbounded">
          <xs:element name="marketintervaldetail">
            <xs:complexType>
              <xs:sequence>
                <xs:element name="Data" type="xs:string" minOccurs="0" />
                <xs:element name="Mercato" type="xs:string" minOccurs="0" />
                <xs:element name="Ora" type="xs:string" minOccurs="0" />
                <xs:element name="Totale" type="xs:string" minOccurs="0" />
                <xs:element name="CNOR" type="xs:string" minOccurs="0" />
                <xs:element name="CSUD" type="xs:string" minOccurs="0" />
                <xs:element name="NORD" type="xs:string" minOccurs="0" />
                <xs:element name="SARD" type="xs:string" minOccurs="0" />
                <xs:element name="SICI" type="xs:string" minOccurs="0" />
                <xs:element name="SUD" type="xs:string" minOccurs="0" />
              </xs:sequence>
            </xs:complexType>
          </xs:element>
        </xs:choice>
      </xs:complexType>
    </xs:element>
  </xs:schema>
  <marketintervaldetail>
    <Data>20140828</Data>
    <Mercato>MGP</Mercato>
    <Ora>01</Ora>
    <Totale>28026</Totale>
    <CNOR>3060</CNOR>
    <CSUD>4511</CSUD>
    <NORD>14911</NORD>
    <SARD>967</SARD>
    <SICI>1962</SICI>
    <SUD>2615</SUD>
  </marketintervaldetail>
  <marketintervaldetail>
    <Data>20140828</Data>
    <Mercato>MGP</Mercato>
    <Ora>02</Ora>
    <Totale>26232</Totale>
    <CNOR>2886</CNOR>
    <CSUD>4143</CSUD>
    <NORD>14100</NORD>
    <SARD>906</SARD>
    <SICI>1819</SICI>
    <SUD>2378</SUD>
  </marketintervaldetail>
  <marketintervaldetail>
    <Data>20140828</Data>
    <Mercato>MGP</Mercato>
    <Ora>03</Ora>
    <Totale>25277</Totale>
    <CNOR>2830</CNOR>
    <CSUD>3858</CSUD>
    <NORD>13737</NORD>
    <SARD>871</SARD>
    <SICI>1721</SICI>
    <SUD>2260</SUD>
  </marketintervaldetail>
  <marketintervaldetail>
    <Data>20140828</Data>
    <Mercato>MGP</Mercato>
    <Ora>04</Ora>
    <Totale>24846</Totale>
    <CNOR>2841</CNOR>
    <CSUD>3747</CSUD>
    <NORD>13519</NORD>
    <SARD>857</SARD>
    <SICI>1686</SICI>
    <SUD>2196</SUD>
  </marketintervaldetail>
  <marketintervaldetail>
    <Data>20140828</Data>
    <Mercato>MGP</Mercato>
    <Ora>05</Ora>
    <Totale>24884</Totale>
    <CNOR>2871</CNOR>
    <CSUD>3779</CSUD>
    <NORD>13469</NORD>
    <SARD>859</SARD>
    <SICI>1697</SICI>
    <SUD>2209</SUD>
  </marketintervaldetail>
  <marketintervaldetail>
    <Data>20140828</Data>
    <Mercato>MGP</Mercato>
    <Ora>06</Ora>
    <Totale>26044</Totale>
    <CNOR>3010</CNOR>
    <CSUD>3947</CSUD>
    <NORD>14212</NORD>
    <SARD>874</SARD>
    <SICI>1727</SICI>
    <SUD>2274</SUD>
  </marketintervaldetail>
  <marketintervaldetail>
    <Data>20140828</Data>
    <Mercato>MGP</Mercato>
    <Ora>07</Ora>
    <Totale>28323</Totale>
    <CNOR>3200</CNOR>
    <CSUD>4202</CSUD>
    <NORD>15941</NORD>
    <SARD>915</SARD>
    <SICI>1751</SICI>
    <SUD>2314</SUD>
  </marketintervaldetail>
  <marketintervaldetail>
    <Data>20140828</Data>
    <Mercato>MGP</Mercato>
    <Ora>08</Ora>
    <Totale>31800</Totale>
    <CNOR>3554</CNOR>
    <CSUD>4771</CSUD>
    <NORD>17849</NORD>
    <SARD>966</SARD>
    <SICI>1962</SICI>
    <SUD>2698</SUD>
  </marketintervaldetail>
  <marketintervaldetail>
    <Data>20140828</Data>
    <Mercato>MGP</Mercato>
    <Ora>09</Ora>
    <Totale>36814</Totale>
    <CNOR>4022</CNOR>
    <CSUD>5625</CSUD>
    <NORD>20737</NORD>
    <SARD>1079</SARD>
    <SICI>2307</SICI>
    <SUD>3044</SUD>
  </marketintervaldetail>
  <marketintervaldetail>
    <Data>20140828</Data>
    <Mercato>MGP</Mercato>
    <Ora>10</Ora>
    <Totale>39776</Totale>
    <CNOR>4345</CNOR>
    <CSUD>6328</CSUD>
    <NORD>22239</NORD>
    <SARD>1162</SARD>
    <SICI>2508</SICI>
    <SUD>3194</SUD>
  </marketintervaldetail>
  <marketintervaldetail>
    <Data>20140828</Data>
    <Mercato>MGP</Mercato>
    <Ora>11</Ora>
    <Totale>39791</Totale>
    <CNOR>4427</CNOR>
    <CSUD>6397</CSUD>
    <NORD>21979</NORD>
    <SARD>1137</SARD>
    <SICI>2598</SICI>
    <SUD>3253</SUD>
  </marketintervaldetail>
  <marketintervaldetail>
    <Data>20140828</Data>
    <Mercato>MGP</Mercato>
    <Ora>12</Ora>
    <Totale>39963</Totale>
    <CNOR>4480</CNOR>
    <CSUD>6550</CSUD>
    <NORD>21999</NORD>
    <SARD>1145</SARD>
    <SICI>2562</SICI>
    <SUD>3227</SUD>
  </marketintervaldetail>
  <marketintervaldetail>
    <Data>20140828</Data>
    <Mercato>MGP</Mercato>
    <Ora>13</Ora>
    <Totale>38880</Totale>
    <CNOR>4329</CNOR>
    <CSUD>6498</CSUD>
    <NORD>20978</NORD>
    <SARD>1167</SARD>
    <SICI>2632</SICI>
    <SUD>3276</SUD>
  </marketintervaldetail>
  <marketintervaldetail>
    <Data>20140828</Data>
    <Mercato>MGP</Mercato>
    <Ora>14</Ora>
    <Totale>39100</Totale>
    <CNOR>4157</CNOR>
    <CSUD>6553</CSUD>
    <NORD>21572</NORD>
    <SARD>1130</SARD>
    <SICI>2497</SICI>
    <SUD>3191</SUD>
  </marketintervaldetail>
  <marketintervaldetail>
    <Data>20140828</Data>
    <Mercato>MGP</Mercato>
    <Ora>15</Ora>
    <Totale>39534</Totale>
    <CNOR>4322</CNOR>
    <CSUD>6501</CSUD>
    <NORD>22067</NORD>
    <SARD>1098</SARD>
    <SICI>2441</SICI>
    <SUD>3105</SUD>
  </marketintervaldetail>
  <marketintervaldetail>
    <Data>20140828</Data>
    <Mercato>MGP</Mercato>
    <Ora>16</Ora>
    <Totale>39532</Totale>
    <CNOR>4313</CNOR>
    <CSUD>6536</CSUD>
    <NORD>22118</NORD>
    <SARD>1086</SARD>
    <SICI>2461</SICI>
    <SUD>3018</SUD>
  </marketintervaldetail>
  <marketintervaldetail>
    <Data>20140828</Data>
    <Mercato>MGP</Mercato>
    <Ora>17</Ora>
    <Totale>39410</Totale>
    <CNOR>4357</CNOR>
    <CSUD>6519</CSUD>
    <NORD>21859</NORD>
    <SARD>1087</SARD>
    <SICI>2504</SICI>
    <SUD>3084</SUD>
  </marketintervaldetail>
  <marketintervaldetail>
    <Data>20140828</Data>
    <Mercato>MGP</Mercato>
    <Ora>18</Ora>
    <Totale>38545</Totale>
    <CNOR>4350</CNOR>
    <CSUD>6410</CSUD>
    <NORD>20960</NORD>
    <SARD>1148</SARD>
    <SICI>2557</SICI>
    <SUD>3120</SUD>
  </marketintervaldetail>
  <marketintervaldetail>
    <Data>20140828</Data>
    <Mercato>MGP</Mercato>
    <Ora>19</Ora>
    <Totale>37813</Totale>
    <CNOR>4319</CNOR>
    <CSUD>6230</CSUD>
    <NORD>20493</NORD>
    <SARD>1165</SARD>
    <SICI>2492</SICI>
    <SUD>3114</SUD>
  </marketintervaldetail>
  <marketintervaldetail>
    <Data>20140828</Data>
    <Mercato>MGP</Mercato>
    <Ora>20</Ora>
    <Totale>38046</Totale>
    <CNOR>4294</CNOR>
    <CSUD>6427</CSUD>
    <NORD>20315</NORD>
    <SARD>1220</SARD>
    <SICI>2497</SICI>
    <SUD>3293</SUD>
  </marketintervaldetail>
  <marketintervaldetail>
    <Data>20140828</Data>
    <Mercato>MGP</Mercato>
    <Ora>21</Ora>
    <Totale>38947</Totale>
    <CNOR>4372</CNOR>
    <CSUD>6653</CSUD>
    <NORD>20394</NORD>
    <SARD>1332</SARD>
    <SICI>2632</SICI>
    <SUD>3564</SUD>
  </marketintervaldetail>
  <marketintervaldetail>
    <Data>20140828</Data>
    <Mercato>MGP</Mercato>
    <Ora>22</Ora>
    <Totale>36303</Totale>
    <CNOR>4069</CNOR>
    <CSUD>6200</CSUD>
    <NORD>19164</NORD>
    <SARD>1257</SARD>
    <SICI>2382</SICI>
    <SUD>3231</SUD>
  </marketintervaldetail>
  <marketintervaldetail>
    <Data>20140828</Data>
    <Mercato>MGP</Mercato>
    <Ora>23</Ora>
    <Totale>33170</Totale>
    <CNOR>3769</CNOR>
    <CSUD>5721</CSUD>
    <NORD>17443</NORD>
    <SARD>1160</SARD>
    <SICI>2198</SICI>
    <SUD>2879</SUD>
  </marketintervaldetail>
  <marketintervaldetail>
    <Data>20140828</Data>
    <Mercato>MGP</Mercato>
    <Ora>24</Ora>
    <Totale>30511</Totale>
    <CNOR>3482</CNOR>
    <CSUD>5191</CSUD>
    <NORD>16022</NORD>
    <SARD>1080</SARD>
    <SICI>2027</SICI>
    <SUD>2709</SUD>
  </marketintervaldetail>
</NewDataSet>