<?xml version="1.0" standalone="yes"?>
<NewDataSet>
  <xs:schema id="NewDataSet" xmlns="" xmlns:xs="http://www.w3.org/2001/XMLSchema" xmlns:msdata="urn:schemas-microsoft-com:xml-msdata">
    <xs:element name="NewDataSet" msdata:IsDataSet="true" msdata:UseCurrentLocale="true">
      <xs:complexType>
        <xs:choice minOccurs="0" maxOccurs="unbounded">
          <xs:element name="Prezzi">
            <xs:complexType>
              <xs:sequence>
                <xs:element name="Data" type="xs:string" minOccurs="0" />
                <xs:element name="Mercato" type="xs:string" minOccurs="0" />
                <xs:element name="Ora" type="xs:string" minOccurs="0" />
                <xs:element name="PUN" type="xs:string" minOccurs="0" />
                <xs:element name="NAT" type="xs:string" minOccurs="0" />
                <xs:element name="CNOR" type="xs:string" minOccurs="0" />
                <xs:element name="CSUD" type="xs:string" minOccurs="0" />
                <xs:element name="NORD" type="xs:string" minOccurs="0" />
                <xs:element name="SARD" type="xs:string" minOccurs="0" />
                <xs:element name="SICI" type="xs:string" minOccurs="0" />
                <xs:element name="SUD" type="xs:string" minOccurs="0" />
                <xs:element name="AUST" type="xs:string" minOccurs="0" />
                <xs:element name="BRNN" type="xs:string" minOccurs="0" />
                <xs:element name="COAC" type="xs:string" minOccurs="0" />
                <xs:element name="CORS" type="xs:string" minOccurs="0" />
                <xs:element name="FOGN" type="xs:string" minOccurs="0" />
                <xs:element name="FRAN" type="xs:string" minOccurs="0" />
                <xs:element name="GREC" type="xs:string" minOccurs="0" />
                <xs:element name="MFTV" type="xs:string" minOccurs="0" />
                <xs:element name="PRGP" type="xs:string" minOccurs="0" />
                <xs:element name="ROSN" type="xs:string" minOccurs="0" />
                <xs:element name="SLOV" type="xs:string" minOccurs="0" />
                <xs:element name="SVIZ" type="xs:string" minOccurs="0" />
                <xs:element name="BSP" type="xs:string" minOccurs="0" />
                <xs:element name="MALT" type="xs:string" minOccurs="0" />
                <xs:element name="XAUS" type="xs:string" minOccurs="0" />
                <xs:element name="XFRA" type="xs:string" minOccurs="0" />
              </xs:sequence>
            </xs:complexType>
          </xs:element>
        </xs:choice>
      </xs:complexType>
    </xs:element>
  </xs:schema>
  <Prezzi>
    <Data>20161003</Data>
    <Mercato>MGP</Mercato>
    <Ora>1</Ora>
    <PUN>35,600000</PUN>
    <NAT>35,600000</NAT>
    <CNOR>35,600000</CNOR>
    <CSUD>35,600000</CSUD>
    <NORD>35,600000</NORD>
    <SARD>35,600000</SARD>
    <SICI>35,600000</SICI>
    <SUD>35,600000</SUD>
    <AUST>35,600000</AUST>
    <BRNN>35,600000</BRNN>
    <COAC>35,600000</COAC>
    <CORS>35,600000</CORS>
    <FOGN>35,600000</FOGN>
    <FRAN>35,600000</FRAN>
    <GREC>35,600000</GREC>
    <MFTV>35,600000</MFTV>
    <PRGP>35,600000</PRGP>
    <ROSN>35,600000</ROSN>
    <SLOV>35,600000</SLOV>
    <SVIZ>35,600000</SVIZ>
    <BSP>35,600000</BSP>
    <MALT>35,600000</MALT>
    <XAUS>35,600000</XAUS>
    <XFRA>35,600000</XFRA>
  </Prezzi>
  <Prezzi>
    <Data>20161003</Data>
    <Mercato>MGP</Mercato>
    <Ora>2</Ora>
    <PUN>34,790000</PUN>
    <NAT>34,790000</NAT>
    <CNOR>34,790000</CNOR>
    <CSUD>34,790000</CSUD>
    <NORD>34,790000</NORD>
    <SARD>34,790000</SARD>
    <SICI>34,790000</SICI>
    <SUD>34,790000</SUD>
    <AUST>34,790000</AUST>
    <BRNN>34,790000</BRNN>
    <COAC>34,790000</COAC>
    <CORS>34,790000</CORS>
    <FOGN>34,790000</FOGN>
    <FRAN>34,790000</FRAN>
    <GREC>34,790000</GREC>
    <MFTV>34,790000</MFTV>
    <PRGP>34,790000</PRGP>
    <ROSN>34,790000</ROSN>
    <SLOV>34,790000</SLOV>
    <SVIZ>34,790000</SVIZ>
    <BSP>34,790000</BSP>
    <MALT>34,790000</MALT>
    <XAUS>34,790000</XAUS>
    <XFRA>34,790000</XFRA>
  </Prezzi>
  <Prezzi>
    <Data>20161003</Data>
    <Mercato>MGP</Mercato>
    <Ora>3</Ora>
    <PUN>31,690000</PUN>
    <NAT>31,690000</NAT>
    <CNOR>31,690000</CNOR>
    <CSUD>31,690000</CSUD>
    <NORD>31,690000</NORD>
    <SARD>31,690000</SARD>
    <SICI>31,690000</SICI>
    <SUD>31,690000</SUD>
    <AUST>31,690000</AUST>
    <BRNN>31,690000</BRNN>
    <COAC>31,690000</COAC>
    <CORS>31,690000</CORS>
    <FOGN>31,690000</FOGN>
    <FRAN>31,690000</FRAN>
    <GREC>31,690000</GREC>
    <MFTV>31,690000</MFTV>
    <PRGP>31,690000</PRGP>
    <ROSN>31,690000</ROSN>
    <SLOV>31,690000</SLOV>
    <SVIZ>31,690000</SVIZ>
    <BSP>31,690000</BSP>
    <MALT>31,690000</MALT>
    <XAUS>31,690000</XAUS>
    <XFRA>31,690000</XFRA>
  </Prezzi>
  <Prezzi>
    <Data>20161003</Data>
    <Mercato>MGP</Mercato>
    <Ora>4</Ora>
    <PUN>31,460000</PUN>
    <NAT>31,460000</NAT>
    <CNOR>31,460000</CNOR>
    <CSUD>31,460000</CSUD>
    <NORD>31,460000</NORD>
    <SARD>31,460000</SARD>
    <SICI>31,460000</SICI>
    <SUD>31,460000</SUD>
    <AUST>31,460000</AUST>
    <BRNN>31,460000</BRNN>
    <COAC>31,460000</COAC>
    <CORS>31,460000</CORS>
    <FOGN>31,460000</FOGN>
    <FRAN>31,460000</FRAN>
    <GREC>31,460000</GREC>
    <MFTV>31,460000</MFTV>
    <PRGP>31,460000</PRGP>
    <ROSN>31,460000</ROSN>
    <SLOV>31,460000</SLOV>
    <SVIZ>31,460000</SVIZ>
    <BSP>31,460000</BSP>
    <MALT>31,460000</MALT>
    <XAUS>31,460000</XAUS>
    <XFRA>31,460000</XFRA>
  </Prezzi>
  <Prezzi>
    <Data>20161003</Data>
    <Mercato>MGP</Mercato>
    <Ora>5</Ora>
    <PUN>31,710000</PUN>
    <NAT>31,710000</NAT>
    <CNOR>31,710000</CNOR>
    <CSUD>31,710000</CSUD>
    <NORD>31,710000</NORD>
    <SARD>31,710000</SARD>
    <SICI>31,710000</SICI>
    <SUD>31,710000</SUD>
    <AUST>31,710000</AUST>
    <BRNN>31,710000</BRNN>
    <COAC>31,710000</COAC>
    <CORS>31,710000</CORS>
    <FOGN>31,710000</FOGN>
    <FRAN>31,710000</FRAN>
    <GREC>31,710000</GREC>
    <MFTV>31,710000</MFTV>
    <PRGP>31,710000</PRGP>
    <ROSN>31,710000</ROSN>
    <SLOV>31,710000</SLOV>
    <SVIZ>31,710000</SVIZ>
    <BSP>31,710000</BSP>
    <MALT>31,710000</MALT>
    <XAUS>31,710000</XAUS>
    <XFRA>31,710000</XFRA>
  </Prezzi>
  <Prezzi>
    <Data>20161003</Data>
    <Mercato>MGP</Mercato>
    <Ora>6</Ora>
    <PUN>35,600000</PUN>
    <NAT>35,600000</NAT>
    <CNOR>35,600000</CNOR>
    <CSUD>35,600000</CSUD>
    <NORD>35,600000</NORD>
    <SARD>35,600000</SARD>
    <SICI>35,600000</SICI>
    <SUD>35,600000</SUD>
    <AUST>35,600000</AUST>
    <BRNN>35,600000</BRNN>
    <COAC>35,600000</COAC>
    <CORS>35,600000</CORS>
    <FOGN>35,600000</FOGN>
    <FRAN>35,600000</FRAN>
    <GREC>35,600000</GREC>
    <MFTV>35,600000</MFTV>
    <PRGP>35,600000</PRGP>
    <ROSN>35,600000</ROSN>
    <SLOV>35,600000</SLOV>
    <SVIZ>35,600000</SVIZ>
    <BSP>35,600000</BSP>
    <MALT>35,600000</MALT>
    <XAUS>35,600000</XAUS>
    <XFRA>35,600000</XFRA>
  </Prezzi>
  <Prezzi>
    <Data>20161003</Data>
    <Mercato>MGP</Mercato>
    <Ora>7</Ora>
    <PUN>44,150000</PUN>
    <NAT>44,150000</NAT>
    <CNOR>44,150000</CNOR>
    <CSUD>44,150000</CSUD>
    <NORD>44,150000</NORD>
    <SARD>44,150000</SARD>
    <SICI>44,150000</SICI>
    <SUD>44,150000</SUD>
    <AUST>44,150000</AUST>
    <BRNN>44,150000</BRNN>
    <COAC>44,150000</COAC>
    <CORS>44,150000</CORS>
    <FOGN>44,150000</FOGN>
    <FRAN>44,150000</FRAN>
    <GREC>44,150000</GREC>
    <MFTV>44,150000</MFTV>
    <PRGP>44,150000</PRGP>
    <ROSN>44,150000</ROSN>
    <SLOV>44,150000</SLOV>
    <SVIZ>44,150000</SVIZ>
    <BSP>44,150000</BSP>
    <MALT>44,150000</MALT>
    <XAUS>44,150000</XAUS>
    <XFRA>44,150000</XFRA>
  </Prezzi>
  <Prezzi>
    <Data>20161003</Data>
    <Mercato>MGP</Mercato>
    <Ora>8</Ora>
    <PUN>52,230000</PUN>
    <NAT>52,000000</NAT>
    <CNOR>52,230000</CNOR>
    <CSUD>52,230000</CSUD>
    <NORD>52,230000</NORD>
    <SARD>52,230000</SARD>
    <SICI>52,230000</SICI>
    <SUD>52,230000</SUD>
    <AUST>52,230000</AUST>
    <BRNN>52,230000</BRNN>
    <COAC>52,230000</COAC>
    <CORS>52,230000</CORS>
    <FOGN>52,230000</FOGN>
    <FRAN>52,230000</FRAN>
    <GREC>52,230000</GREC>
    <MFTV>52,230000</MFTV>
    <PRGP>52,230000</PRGP>
    <ROSN>52,230000</ROSN>
    <SLOV>52,230000</SLOV>
    <SVIZ>52,230000</SVIZ>
    <BSP>52,230000</BSP>
    <MALT>52,230000</MALT>
    <XAUS>52,230000</XAUS>
    <XFRA>52,230000</XFRA>
  </Prezzi>
  <Prezzi>
    <Data>20161003</Data>
    <Mercato>MGP</Mercato>
    <Ora>9</Ora>
    <PUN>53,490000</PUN>
    <NAT>53,690000</NAT>
    <CNOR>53,490000</CNOR>
    <CSUD>53,490000</CSUD>
    <NORD>53,490000</NORD>
    <SARD>53,490000</SARD>
    <SICI>53,490000</SICI>
    <SUD>53,490000</SUD>
    <AUST>53,490000</AUST>
    <BRNN>53,490000</BRNN>
    <COAC>53,490000</COAC>
    <CORS>53,490000</CORS>
    <FOGN>53,490000</FOGN>
    <FRAN>53,490000</FRAN>
    <GREC>53,490000</GREC>
    <MFTV>53,490000</MFTV>
    <PRGP>53,490000</PRGP>
    <ROSN>53,490000</ROSN>
    <SLOV>53,490000</SLOV>
    <SVIZ>53,490000</SVIZ>
    <BSP>53,490000</BSP>
    <MALT>53,490000</MALT>
    <XAUS>53,490000</XAUS>
    <XFRA>53,490000</XFRA>
  </Prezzi>
  <Prezzi>
    <Data>20161003</Data>
    <Mercato>MGP</Mercato>
    <Ora>10</Ora>
    <PUN>49,961410</PUN>
    <NAT>48,340000</NAT>
    <CNOR>45,000000</CNOR>
    <CSUD>45,000000</CSUD>
    <NORD>53,390000</NORD>
    <SARD>45,000000</SARD>
    <SICI>45,000000</SICI>
    <SUD>45,000000</SUD>
    <AUST>53,390000</AUST>
    <BRNN>45,000000</BRNN>
    <COAC>45,000000</COAC>
    <CORS>45,000000</CORS>
    <FOGN>45,000000</FOGN>
    <FRAN>53,390000</FRAN>
    <GREC>45,000000</GREC>
    <MFTV>53,390000</MFTV>
    <PRGP>45,000000</PRGP>
    <ROSN>45,000000</ROSN>
    <SLOV>53,390000</SLOV>
    <SVIZ>53,390000</SVIZ>
    <BSP>53,390000</BSP>
    <MALT>45,000000</MALT>
    <XAUS>53,390000</XAUS>
    <XFRA>53,390000</XFRA>
  </Prezzi>
  <Prezzi>
    <Data>20161003</Data>
    <Mercato>MGP</Mercato>
    <Ora>11</Ora>
    <PUN>48,754640</PUN>
    <NAT>46,000000</NAT>
    <CNOR>43,010000</CNOR>
    <CSUD>43,010000</CSUD>
    <NORD>52,750000</NORD>
    <SARD>43,010000</SARD>
    <SICI>43,010000</SICI>
    <SUD>43,010000</SUD>
    <AUST>52,750000</AUST>
    <BRNN>43,010000</BRNN>
    <COAC>43,010000</COAC>
    <CORS>43,010000</CORS>
    <FOGN>43,010000</FOGN>
    <FRAN>52,750000</FRAN>
    <GREC>43,010000</GREC>
    <MFTV>52,750000</MFTV>
    <PRGP>43,010000</PRGP>
    <ROSN>43,010000</ROSN>
    <SLOV>52,750000</SLOV>
    <SVIZ>52,750000</SVIZ>
    <BSP>52,750000</BSP>
    <MALT>43,010000</MALT>
    <XAUS>52,750000</XAUS>
    <XFRA>52,750000</XFRA>
  </Prezzi>
  <Prezzi>
    <Data>20161003</Data>
    <Mercato>MGP</Mercato>
    <Ora>12</Ora>
    <PUN>46,582250</PUN>
    <NAT>45,000000</NAT>
    <CNOR>40,000000</CNOR>
    <CSUD>40,000000</CSUD>
    <NORD>51,160000</NORD>
    <SARD>40,000000</SARD>
    <SICI>40,000000</SICI>
    <SUD>40,000000</SUD>
    <AUST>51,160000</AUST>
    <BRNN>40,000000</BRNN>
    <COAC>40,000000</COAC>
    <CORS>40,000000</CORS>
    <FOGN>40,000000</FOGN>
    <FRAN>51,160000</FRAN>
    <GREC>40,000000</GREC>
    <MFTV>51,160000</MFTV>
    <PRGP>40,000000</PRGP>
    <ROSN>40,000000</ROSN>
    <SLOV>51,160000</SLOV>
    <SVIZ>51,160000</SVIZ>
    <BSP>51,160000</BSP>
    <MALT>40,000000</MALT>
    <XAUS>51,160000</XAUS>
    <XFRA>51,160000</XFRA>
  </Prezzi>
  <Prezzi>
    <Data>20161003</Data>
    <Mercato>MGP</Mercato>
    <Ora>13</Ora>
    <PUN>44,127450</PUN>
    <NAT>45,000000</NAT>
    <CNOR>34,990000</CNOR>
    <CSUD>34,990000</CSUD>
    <NORD>50,940000</NORD>
    <SARD>34,990000</SARD>
    <SICI>34,990000</SICI>
    <SUD>34,990000</SUD>
    <AUST>50,940000</AUST>
    <BRNN>34,990000</BRNN>
    <COAC>34,990000</COAC>
    <CORS>34,990000</CORS>
    <FOGN>34,990000</FOGN>
    <FRAN>50,940000</FRAN>
    <GREC>34,990000</GREC>
    <MFTV>50,940000</MFTV>
    <PRGP>34,990000</PRGP>
    <ROSN>34,990000</ROSN>
    <SLOV>50,940000</SLOV>
    <SVIZ>50,940000</SVIZ>
    <BSP>50,940000</BSP>
    <MALT>34,990000</MALT>
    <XAUS>50,940000</XAUS>
    <XFRA>50,940000</XFRA>
  </Prezzi>
  <Prezzi>
    <Data>20161003</Data>
    <Mercato>MGP</Mercato>
    <Ora>14</Ora>
    <PUN>42,193610</PUN>
    <NAT>43,000000</NAT>
    <CNOR>31,710000</CNOR>
    <CSUD>31,710000</CSUD>
    <NORD>49,644860</NORD>
    <SARD>31,710000</SARD>
    <SICI>31,710000</SICI>
    <SUD>31,710000</SUD>
    <AUST>49,644860</AUST>
    <BRNN>31,710000</BRNN>
    <COAC>31,710000</COAC>
    <CORS>31,710000</CORS>
    <FOGN>31,710000</FOGN>
    <FRAN>49,644860</FRAN>
    <GREC>31,710000</GREC>
    <MFTV>49,644860</MFTV>
    <PRGP>31,710000</PRGP>
    <ROSN>31,710000</ROSN>
    <SLOV>49,644860</SLOV>
    <SVIZ>49,644860</SVIZ>
    <BSP>49,644860</BSP>
    <MALT>31,710000</MALT>
    <XAUS>49,644860</XAUS>
    <XFRA>49,644860</XFRA>
  </Prezzi>
  <Prezzi>
    <Data>20161003</Data>
    <Mercato>MGP</Mercato>
    <Ora>15</Ora>
    <PUN>42,948480</PUN>
    <NAT>44,000000</NAT>
    <CNOR>32,920000</CNOR>
    <CSUD>32,920000</CSUD>
    <NORD>49,890000</NORD>
    <SARD>32,920000</SARD>
    <SICI>32,920000</SICI>
    <SUD>32,920000</SUD>
    <AUST>49,890000</AUST>
    <BRNN>32,920000</BRNN>
    <COAC>32,920000</COAC>
    <CORS>32,920000</CORS>
    <FOGN>32,920000</FOGN>
    <FRAN>49,890000</FRAN>
    <GREC>32,920000</GREC>
    <MFTV>49,890000</MFTV>
    <PRGP>32,920000</PRGP>
    <ROSN>32,920000</ROSN>
    <SLOV>49,890000</SLOV>
    <SVIZ>49,890000</SVIZ>
    <BSP>49,890000</BSP>
    <MALT>32,920000</MALT>
    <XAUS>49,890000</XAUS>
    <XFRA>49,890000</XFRA>
  </Prezzi>
  <Prezzi>
    <Data>20161003</Data>
    <Mercato>MGP</Mercato>
    <Ora>16</Ora>
    <PUN>42,735820</PUN>
    <NAT>44,000000</NAT>
    <CNOR>38,000000</CNOR>
    <CSUD>38,000000</CSUD>
    <NORD>46,020000</NORD>
    <SARD>38,000000</SARD>
    <SICI>38,000000</SICI>
    <SUD>38,000000</SUD>
    <AUST>46,020000</AUST>
    <BRNN>38,000000</BRNN>
    <COAC>38,000000</COAC>
    <CORS>38,000000</CORS>
    <FOGN>38,000000</FOGN>
    <FRAN>46,020000</FRAN>
    <GREC>38,000000</GREC>
    <MFTV>46,020000</MFTV>
    <PRGP>38,000000</PRGP>
    <ROSN>38,000000</ROSN>
    <SLOV>46,020000</SLOV>
    <SVIZ>46,020000</SVIZ>
    <BSP>46,020000</BSP>
    <MALT>38,000000</MALT>
    <XAUS>46,020000</XAUS>
    <XFRA>46,020000</XFRA>
  </Prezzi>
  <Prezzi>
    <Data>20161003</Data>
    <Mercato>MGP</Mercato>
    <Ora>17</Ora>
    <PUN>45,356940</PUN>
    <NAT>45,000000</NAT>
    <CNOR>43,000000</CNOR>
    <CSUD>43,000000</CSUD>
    <NORD>47,000000</NORD>
    <SARD>43,000000</SARD>
    <SICI>43,000000</SICI>
    <SUD>43,000000</SUD>
    <AUST>47,000000</AUST>
    <BRNN>43,000000</BRNN>
    <COAC>43,000000</COAC>
    <CORS>43,000000</CORS>
    <FOGN>43,000000</FOGN>
    <FRAN>47,000000</FRAN>
    <GREC>43,000000</GREC>
    <MFTV>47,000000</MFTV>
    <PRGP>43,000000</PRGP>
    <ROSN>43,000000</ROSN>
    <SLOV>47,000000</SLOV>
    <SVIZ>47,000000</SVIZ>
    <BSP>47,000000</BSP>
    <MALT>43,000000</MALT>
    <XAUS>47,000000</XAUS>
    <XFRA>47,000000</XFRA>
  </Prezzi>
  <Prezzi>
    <Data>20161003</Data>
    <Mercato>MGP</Mercato>
    <Ora>18</Ora>
    <PUN>48,000000</PUN>
    <NAT>48,000000</NAT>
    <CNOR>48,000000</CNOR>
    <CSUD>48,000000</CSUD>
    <NORD>48,000000</NORD>
    <SARD>48,000000</SARD>
    <SICI>48,000000</SICI>
    <SUD>48,000000</SUD>
    <AUST>48,000000</AUST>
    <BRNN>48,000000</BRNN>
    <COAC>48,000000</COAC>
    <CORS>48,000000</CORS>
    <FOGN>48,000000</FOGN>
    <FRAN>48,000000</FRAN>
    <GREC>48,000000</GREC>
    <MFTV>48,000000</MFTV>
    <PRGP>48,000000</PRGP>
    <ROSN>48,000000</ROSN>
    <SLOV>48,000000</SLOV>
    <SVIZ>48,000000</SVIZ>
    <BSP>48,000000</BSP>
    <MALT>48,000000</MALT>
    <XAUS>48,000000</XAUS>
    <XFRA>48,000000</XFRA>
  </Prezzi>
  <Prezzi>
    <Data>20161003</Data>
    <Mercato>MGP</Mercato>
    <Ora>19</Ora>
    <PUN>53,029360</PUN>
    <NAT>53,400000</NAT>
    <CNOR>51,660000</CNOR>
    <CSUD>51,660000</CSUD>
    <NORD>51,660000</NORD>
    <SARD>51,660000</SARD>
    <SICI>75,690000</SICI>
    <SUD>51,660000</SUD>
    <AUST>51,660000</AUST>
    <BRNN>51,660000</BRNN>
    <COAC>51,660000</COAC>
    <CORS>51,660000</CORS>
    <FOGN>51,660000</FOGN>
    <FRAN>51,660000</FRAN>
    <GREC>51,660000</GREC>
    <MFTV>51,660000</MFTV>
    <PRGP>75,690000</PRGP>
    <ROSN>51,660000</ROSN>
    <SLOV>51,660000</SLOV>
    <SVIZ>51,660000</SVIZ>
    <BSP>51,660000</BSP>
    <MALT>75,690000</MALT>
    <XAUS>51,660000</XAUS>
    <XFRA>51,660000</XFRA>
  </Prezzi>
  <Prezzi>
    <Data>20161003</Data>
    <Mercato>MGP</Mercato>
    <Ora>20</Ora>
    <PUN>73,631500</PUN>
    <NAT>75,000000</NAT>
    <CNOR>73,000000</CNOR>
    <CSUD>73,000000</CSUD>
    <NORD>73,000000</NORD>
    <SARD>73,000000</SARD>
    <SICI>83,460000</SICI>
    <SUD>73,000000</SUD>
    <AUST>73,000000</AUST>
    <BRNN>73,000000</BRNN>
    <COAC>73,000000</COAC>
    <CORS>73,000000</CORS>
    <FOGN>73,000000</FOGN>
    <FRAN>73,000000</FRAN>
    <GREC>73,000000</GREC>
    <MFTV>73,000000</MFTV>
    <PRGP>83,460000</PRGP>
    <ROSN>73,000000</ROSN>
    <SLOV>73,000000</SLOV>
    <SVIZ>73,000000</SVIZ>
    <BSP>73,000000</BSP>
    <MALT>83,460000</MALT>
    <XAUS>73,000000</XAUS>
    <XFRA>73,000000</XFRA>
  </Prezzi>
  <Prezzi>
    <Data>20161003</Data>
    <Mercato>MGP</Mercato>
    <Ora>21</Ora>
    <PUN>58,294040</PUN>
    <NAT>57,200000</NAT>
    <CNOR>56,650000</CNOR>
    <CSUD>56,650000</CSUD>
    <NORD>56,650000</NORD>
    <SARD>56,650000</SARD>
    <SICI>83,460000</SICI>
    <SUD>56,650000</SUD>
    <AUST>56,650000</AUST>
    <BRNN>56,650000</BRNN>
    <COAC>56,650000</COAC>
    <CORS>56,650000</CORS>
    <FOGN>56,650000</FOGN>
    <FRAN>56,650000</FRAN>
    <GREC>56,650000</GREC>
    <MFTV>56,650000</MFTV>
    <PRGP>83,460000</PRGP>
    <ROSN>56,650000</ROSN>
    <SLOV>56,650000</SLOV>
    <SVIZ>56,650000</SVIZ>
    <BSP>56,650000</BSP>
    <MALT>83,460000</MALT>
    <XAUS>56,650000</XAUS>
    <XFRA>56,650000</XFRA>
  </Prezzi>
  <Prezzi>
    <Data>20161003</Data>
    <Mercato>MGP</Mercato>
    <Ora>22</Ora>
    <PUN>50,796100</PUN>
    <NAT>50,000000</NAT>
    <CNOR>49,170710</CNOR>
    <CSUD>49,170710</CSUD>
    <NORD>49,170710</NORD>
    <SARD>49,170710</SARD>
    <SICI>75,630000</SICI>
    <SUD>49,170710</SUD>
    <AUST>49,170710</AUST>
    <BRNN>49,170710</BRNN>
    <COAC>49,170710</COAC>
    <CORS>49,170710</CORS>
    <FOGN>49,170710</FOGN>
    <FRAN>49,170710</FRAN>
    <GREC>49,170710</GREC>
    <MFTV>49,170710</MFTV>
    <PRGP>75,630000</PRGP>
    <ROSN>49,170710</ROSN>
    <SLOV>49,170710</SLOV>
    <SVIZ>49,170710</SVIZ>
    <BSP>49,170710</BSP>
    <MALT>75,630000</MALT>
    <XAUS>49,170710</XAUS>
    <XFRA>49,170710</XFRA>
  </Prezzi>
  <Prezzi>
    <Data>20161003</Data>
    <Mercato>MGP</Mercato>
    <Ora>23</Ora>
    <PUN>47,810000</PUN>
    <NAT>47,500000</NAT>
    <CNOR>47,436450</CNOR>
    <CSUD>47,436450</CSUD>
    <NORD>47,436450</NORD>
    <SARD>47,436450</SARD>
    <SICI>53,460000</SICI>
    <SUD>47,436450</SUD>
    <AUST>47,436450</AUST>
    <BRNN>47,436450</BRNN>
    <COAC>47,436450</COAC>
    <CORS>47,436450</CORS>
    <FOGN>47,436450</FOGN>
    <FRAN>47,436450</FRAN>
    <GREC>47,436450</GREC>
    <MFTV>47,436450</MFTV>
    <PRGP>53,460000</PRGP>
    <ROSN>47,436450</ROSN>
    <SLOV>47,436450</SLOV>
    <SVIZ>47,436450</SVIZ>
    <BSP>47,436450</BSP>
    <MALT>53,460000</MALT>
    <XAUS>47,436450</XAUS>
    <XFRA>47,436450</XFRA>
  </Prezzi>
  <Prezzi>
    <Data>20161003</Data>
    <Mercato>MGP</Mercato>
    <Ora>24</Ora>
    <PUN>45,000000</PUN>
    <NAT>45,000000</NAT>
    <CNOR>45,000000</CNOR>
    <CSUD>45,000000</CSUD>
    <NORD>45,000000</NORD>
    <SARD>45,000000</SARD>
    <SICI>45,000000</SICI>
    <SUD>45,000000</SUD>
    <AUST>45,000000</AUST>
    <BRNN>45,000000</BRNN>
    <COAC>45,000000</COAC>
    <CORS>45,000000</CORS>
    <FOGN>45,000000</FOGN>
    <FRAN>45,000000</FRAN>
    <GREC>45,000000</GREC>
    <MFTV>45,000000</MFTV>
    <PRGP>45,000000</PRGP>
    <ROSN>45,000000</ROSN>
    <SLOV>45,000000</SLOV>
    <SVIZ>45,000000</SVIZ>
    <BSP>45,000000</BSP>
    <MALT>45,000000</MALT>
    <XAUS>45,000000</XAUS>
    <XFRA>45,000000</XFRA>
  </Prezzi>
</NewDataSet>