<?xml version="1.0" standalone="yes"?>
<NewDataSet>
  <xs:schema id="NewDataSet" xmlns="" xmlns:xs="http://www.w3.org/2001/XMLSchema" xmlns:msdata="urn:schemas-microsoft-com:xml-msdata">
    <xs:element name="NewDataSet" msdata:IsDataSet="true" msdata:UseCurrentLocale="true">
      <xs:complexType>
        <xs:choice minOccurs="0" maxOccurs="unbounded">
          <xs:element name="Prezzi">
            <xs:complexType>
              <xs:sequence>
                <xs:element name="Data" type="xs:string" minOccurs="0" />
                <xs:element name="Mercato" type="xs:string" minOccurs="0" />
                <xs:element name="Ora" type="xs:string" minOccurs="0" />
                <xs:element name="PUN" type="xs:string" minOccurs="0" />
                <xs:element name="NAT" type="xs:string" minOccurs="0" />
                <xs:element name="CNOR" type="xs:string" minOccurs="0" />
                <xs:element name="CSUD" type="xs:string" minOccurs="0" />
                <xs:element name="NORD" type="xs:string" minOccurs="0" />
                <xs:element name="SARD" type="xs:string" minOccurs="0" />
                <xs:element name="SICI" type="xs:string" minOccurs="0" />
                <xs:element name="SUD" type="xs:string" minOccurs="0" />
                <xs:element name="AUST" type="xs:string" minOccurs="0" />
                <xs:element name="BRNN" type="xs:string" minOccurs="0" />
                <xs:element name="COAC" type="xs:string" minOccurs="0" />
                <xs:element name="CORS" type="xs:string" minOccurs="0" />
                <xs:element name="FOGN" type="xs:string" minOccurs="0" />
                <xs:element name="FRAN" type="xs:string" minOccurs="0" />
                <xs:element name="GREC" type="xs:string" minOccurs="0" />
                <xs:element name="MFTV" type="xs:string" minOccurs="0" />
                <xs:element name="PRGP" type="xs:string" minOccurs="0" />
                <xs:element name="ROSN" type="xs:string" minOccurs="0" />
                <xs:element name="SLOV" type="xs:string" minOccurs="0" />
                <xs:element name="SVIZ" type="xs:string" minOccurs="0" />
                <xs:element name="BSP" type="xs:string" minOccurs="0" />
                <xs:element name="MALT" type="xs:string" minOccurs="0" />
                <xs:element name="XAUS" type="xs:string" minOccurs="0" />
                <xs:element name="XFRA" type="xs:string" minOccurs="0" />
              </xs:sequence>
            </xs:complexType>
          </xs:element>
        </xs:choice>
      </xs:complexType>
    </xs:element>
  </xs:schema>
  <Prezzi>
    <Data>20161002</Data>
    <Mercato>MGP</Mercato>
    <Ora>1</Ora>
    <PUN>42,000000</PUN>
    <NAT>42,000000</NAT>
    <CNOR>42,000000</CNOR>
    <CSUD>42,000000</CSUD>
    <NORD>42,000000</NORD>
    <SARD>42,000000</SARD>
    <SICI>42,000000</SICI>
    <SUD>42,000000</SUD>
    <AUST>42,000000</AUST>
    <BRNN>42,000000</BRNN>
    <COAC>42,000000</COAC>
    <CORS>42,000000</CORS>
    <FOGN>42,000000</FOGN>
    <FRAN>42,000000</FRAN>
    <GREC>42,000000</GREC>
    <MFTV>42,000000</MFTV>
    <PRGP>42,000000</PRGP>
    <ROSN>42,000000</ROSN>
    <SLOV>42,000000</SLOV>
    <SVIZ>42,000000</SVIZ>
    <BSP>42,000000</BSP>
    <MALT>42,000000</MALT>
    <XAUS>42,000000</XAUS>
    <XFRA>42,000000</XFRA>
  </Prezzi>
  <Prezzi>
    <Data>20161002</Data>
    <Mercato>MGP</Mercato>
    <Ora>2</Ora>
    <PUN>35,340000</PUN>
    <NAT>35,340000</NAT>
    <CNOR>35,340000</CNOR>
    <CSUD>35,340000</CSUD>
    <NORD>35,340000</NORD>
    <SARD>35,340000</SARD>
    <SICI>35,340000</SICI>
    <SUD>35,340000</SUD>
    <AUST>35,340000</AUST>
    <BRNN>35,340000</BRNN>
    <COAC>35,340000</COAC>
    <CORS>35,340000</CORS>
    <FOGN>35,340000</FOGN>
    <FRAN>35,340000</FRAN>
    <GREC>35,340000</GREC>
    <MFTV>35,340000</MFTV>
    <PRGP>35,340000</PRGP>
    <ROSN>35,340000</ROSN>
    <SLOV>35,340000</SLOV>
    <SVIZ>35,340000</SVIZ>
    <BSP>35,340000</BSP>
    <MALT>35,340000</MALT>
    <XAUS>35,340000</XAUS>
    <XFRA>35,340000</XFRA>
  </Prezzi>
  <Prezzi>
    <Data>20161002</Data>
    <Mercato>MGP</Mercato>
    <Ora>3</Ora>
    <PUN>34,150000</PUN>
    <NAT>34,150000</NAT>
    <CNOR>34,150000</CNOR>
    <CSUD>34,150000</CSUD>
    <NORD>34,150000</NORD>
    <SARD>34,150000</SARD>
    <SICI>34,150000</SICI>
    <SUD>34,150000</SUD>
    <AUST>34,150000</AUST>
    <BRNN>34,150000</BRNN>
    <COAC>34,150000</COAC>
    <CORS>34,150000</CORS>
    <FOGN>34,150000</FOGN>
    <FRAN>34,150000</FRAN>
    <GREC>34,150000</GREC>
    <MFTV>34,150000</MFTV>
    <PRGP>34,150000</PRGP>
    <ROSN>34,150000</ROSN>
    <SLOV>34,150000</SLOV>
    <SVIZ>34,150000</SVIZ>
    <BSP>34,150000</BSP>
    <MALT>34,150000</MALT>
    <XAUS>34,150000</XAUS>
    <XFRA>34,150000</XFRA>
  </Prezzi>
  <Prezzi>
    <Data>20161002</Data>
    <Mercato>MGP</Mercato>
    <Ora>4</Ora>
    <PUN>32,980000</PUN>
    <NAT>33,000000</NAT>
    <CNOR>32,980000</CNOR>
    <CSUD>32,980000</CSUD>
    <NORD>32,980000</NORD>
    <SARD>32,980000</SARD>
    <SICI>32,980000</SICI>
    <SUD>32,980000</SUD>
    <AUST>32,980000</AUST>
    <BRNN>32,980000</BRNN>
    <COAC>32,980000</COAC>
    <CORS>32,980000</CORS>
    <FOGN>32,980000</FOGN>
    <FRAN>32,980000</FRAN>
    <GREC>32,980000</GREC>
    <MFTV>32,980000</MFTV>
    <PRGP>32,980000</PRGP>
    <ROSN>32,980000</ROSN>
    <SLOV>32,980000</SLOV>
    <SVIZ>32,980000</SVIZ>
    <BSP>32,980000</BSP>
    <MALT>32,980000</MALT>
    <XAUS>32,980000</XAUS>
    <XFRA>32,980000</XFRA>
  </Prezzi>
  <Prezzi>
    <Data>20161002</Data>
    <Mercato>MGP</Mercato>
    <Ora>5</Ora>
    <PUN>32,200000</PUN>
    <NAT>32,200000</NAT>
    <CNOR>32,200000</CNOR>
    <CSUD>32,200000</CSUD>
    <NORD>32,200000</NORD>
    <SARD>32,200000</SARD>
    <SICI>32,200000</SICI>
    <SUD>32,200000</SUD>
    <AUST>32,200000</AUST>
    <BRNN>32,200000</BRNN>
    <COAC>32,200000</COAC>
    <CORS>32,200000</CORS>
    <FOGN>32,200000</FOGN>
    <FRAN>32,200000</FRAN>
    <GREC>32,200000</GREC>
    <MFTV>32,200000</MFTV>
    <PRGP>32,200000</PRGP>
    <ROSN>32,200000</ROSN>
    <SLOV>32,200000</SLOV>
    <SVIZ>32,200000</SVIZ>
    <BSP>32,200000</BSP>
    <MALT>32,200000</MALT>
    <XAUS>32,200000</XAUS>
    <XFRA>32,200000</XFRA>
  </Prezzi>
  <Prezzi>
    <Data>20161002</Data>
    <Mercato>MGP</Mercato>
    <Ora>6</Ora>
    <PUN>33,200000</PUN>
    <NAT>33,200000</NAT>
    <CNOR>33,200000</CNOR>
    <CSUD>33,200000</CSUD>
    <NORD>33,200000</NORD>
    <SARD>33,200000</SARD>
    <SICI>33,200000</SICI>
    <SUD>33,200000</SUD>
    <AUST>33,200000</AUST>
    <BRNN>33,200000</BRNN>
    <COAC>33,200000</COAC>
    <CORS>33,200000</CORS>
    <FOGN>33,200000</FOGN>
    <FRAN>33,200000</FRAN>
    <GREC>33,200000</GREC>
    <MFTV>33,200000</MFTV>
    <PRGP>33,200000</PRGP>
    <ROSN>33,200000</ROSN>
    <SLOV>33,200000</SLOV>
    <SVIZ>33,200000</SVIZ>
    <BSP>33,200000</BSP>
    <MALT>33,200000</MALT>
    <XAUS>33,200000</XAUS>
    <XFRA>33,200000</XFRA>
  </Prezzi>
  <Prezzi>
    <Data>20161002</Data>
    <Mercato>MGP</Mercato>
    <Ora>7</Ora>
    <PUN>35,180000</PUN>
    <NAT>35,180000</NAT>
    <CNOR>35,180000</CNOR>
    <CSUD>35,180000</CSUD>
    <NORD>35,180000</NORD>
    <SARD>35,180000</SARD>
    <SICI>35,180000</SICI>
    <SUD>35,180000</SUD>
    <AUST>35,180000</AUST>
    <BRNN>35,180000</BRNN>
    <COAC>35,180000</COAC>
    <CORS>35,180000</CORS>
    <FOGN>35,180000</FOGN>
    <FRAN>35,180000</FRAN>
    <GREC>35,180000</GREC>
    <MFTV>35,180000</MFTV>
    <PRGP>35,180000</PRGP>
    <ROSN>35,180000</ROSN>
    <SLOV>35,180000</SLOV>
    <SVIZ>35,180000</SVIZ>
    <BSP>35,180000</BSP>
    <MALT>35,180000</MALT>
    <XAUS>35,180000</XAUS>
    <XFRA>35,180000</XFRA>
  </Prezzi>
  <Prezzi>
    <Data>20161002</Data>
    <Mercato>MGP</Mercato>
    <Ora>8</Ora>
    <PUN>36,300000</PUN>
    <NAT>36,300000</NAT>
    <CNOR>36,300000</CNOR>
    <CSUD>36,300000</CSUD>
    <NORD>36,300000</NORD>
    <SARD>36,300000</SARD>
    <SICI>36,300000</SICI>
    <SUD>36,300000</SUD>
    <AUST>36,300000</AUST>
    <BRNN>36,300000</BRNN>
    <COAC>36,300000</COAC>
    <CORS>36,300000</CORS>
    <FOGN>36,300000</FOGN>
    <FRAN>36,300000</FRAN>
    <GREC>36,300000</GREC>
    <MFTV>36,300000</MFTV>
    <PRGP>36,300000</PRGP>
    <ROSN>36,300000</ROSN>
    <SLOV>36,300000</SLOV>
    <SVIZ>36,300000</SVIZ>
    <BSP>36,300000</BSP>
    <MALT>36,300000</MALT>
    <XAUS>36,300000</XAUS>
    <XFRA>36,300000</XFRA>
  </Prezzi>
  <Prezzi>
    <Data>20161002</Data>
    <Mercato>MGP</Mercato>
    <Ora>9</Ora>
    <PUN>36,300000</PUN>
    <NAT>36,300000</NAT>
    <CNOR>36,300000</CNOR>
    <CSUD>36,300000</CSUD>
    <NORD>36,300000</NORD>
    <SARD>36,300000</SARD>
    <SICI>36,300000</SICI>
    <SUD>36,300000</SUD>
    <AUST>36,300000</AUST>
    <BRNN>36,300000</BRNN>
    <COAC>36,300000</COAC>
    <CORS>36,300000</CORS>
    <FOGN>36,300000</FOGN>
    <FRAN>36,300000</FRAN>
    <GREC>36,300000</GREC>
    <MFTV>36,300000</MFTV>
    <PRGP>36,300000</PRGP>
    <ROSN>36,300000</ROSN>
    <SLOV>36,300000</SLOV>
    <SVIZ>36,300000</SVIZ>
    <BSP>36,300000</BSP>
    <MALT>36,300000</MALT>
    <XAUS>36,300000</XAUS>
    <XFRA>36,300000</XFRA>
  </Prezzi>
  <Prezzi>
    <Data>20161002</Data>
    <Mercato>MGP</Mercato>
    <Ora>10</Ora>
    <PUN>42,000000</PUN>
    <NAT>42,000000</NAT>
    <CNOR>42,000000</CNOR>
    <CSUD>42,000000</CSUD>
    <NORD>42,000000</NORD>
    <SARD>42,000000</SARD>
    <SICI>42,000000</SICI>
    <SUD>42,000000</SUD>
    <AUST>42,000000</AUST>
    <BRNN>42,000000</BRNN>
    <COAC>42,000000</COAC>
    <CORS>42,000000</CORS>
    <FOGN>42,000000</FOGN>
    <FRAN>42,000000</FRAN>
    <GREC>42,000000</GREC>
    <MFTV>42,000000</MFTV>
    <PRGP>42,000000</PRGP>
    <ROSN>42,000000</ROSN>
    <SLOV>42,000000</SLOV>
    <SVIZ>42,000000</SVIZ>
    <BSP>42,000000</BSP>
    <MALT>42,000000</MALT>
    <XAUS>42,000000</XAUS>
    <XFRA>42,000000</XFRA>
  </Prezzi>
  <Prezzi>
    <Data>20161002</Data>
    <Mercato>MGP</Mercato>
    <Ora>11</Ora>
    <PUN>43,000000</PUN>
    <NAT>43,000000</NAT>
    <CNOR>43,000000</CNOR>
    <CSUD>43,000000</CSUD>
    <NORD>43,000000</NORD>
    <SARD>43,000000</SARD>
    <SICI>43,000000</SICI>
    <SUD>43,000000</SUD>
    <AUST>43,000000</AUST>
    <BRNN>43,000000</BRNN>
    <COAC>43,000000</COAC>
    <CORS>43,000000</CORS>
    <FOGN>43,000000</FOGN>
    <FRAN>43,000000</FRAN>
    <GREC>43,000000</GREC>
    <MFTV>43,000000</MFTV>
    <PRGP>43,000000</PRGP>
    <ROSN>43,000000</ROSN>
    <SLOV>43,000000</SLOV>
    <SVIZ>43,000000</SVIZ>
    <BSP>43,000000</BSP>
    <MALT>43,000000</MALT>
    <XAUS>43,000000</XAUS>
    <XFRA>43,000000</XFRA>
  </Prezzi>
  <Prezzi>
    <Data>20161002</Data>
    <Mercato>MGP</Mercato>
    <Ora>12</Ora>
    <PUN>41,670000</PUN>
    <NAT>41,670000</NAT>
    <CNOR>41,670000</CNOR>
    <CSUD>41,670000</CSUD>
    <NORD>41,670000</NORD>
    <SARD>41,670000</SARD>
    <SICI>41,670000</SICI>
    <SUD>41,670000</SUD>
    <AUST>41,670000</AUST>
    <BRNN>41,670000</BRNN>
    <COAC>41,670000</COAC>
    <CORS>41,670000</CORS>
    <FOGN>41,670000</FOGN>
    <FRAN>41,670000</FRAN>
    <GREC>41,670000</GREC>
    <MFTV>41,670000</MFTV>
    <PRGP>41,670000</PRGP>
    <ROSN>41,670000</ROSN>
    <SLOV>41,670000</SLOV>
    <SVIZ>41,670000</SVIZ>
    <BSP>41,670000</BSP>
    <MALT>41,670000</MALT>
    <XAUS>41,670000</XAUS>
    <XFRA>41,670000</XFRA>
  </Prezzi>
  <Prezzi>
    <Data>20161002</Data>
    <Mercato>MGP</Mercato>
    <Ora>13</Ora>
    <PUN>37,630000</PUN>
    <NAT>37,630000</NAT>
    <CNOR>37,630000</CNOR>
    <CSUD>37,630000</CSUD>
    <NORD>37,630000</NORD>
    <SARD>37,630000</SARD>
    <SICI>37,630000</SICI>
    <SUD>37,630000</SUD>
    <AUST>37,630000</AUST>
    <BRNN>37,630000</BRNN>
    <COAC>37,630000</COAC>
    <CORS>37,630000</CORS>
    <FOGN>37,630000</FOGN>
    <FRAN>37,630000</FRAN>
    <GREC>37,630000</GREC>
    <MFTV>37,630000</MFTV>
    <PRGP>37,630000</PRGP>
    <ROSN>37,630000</ROSN>
    <SLOV>37,630000</SLOV>
    <SVIZ>37,630000</SVIZ>
    <BSP>37,630000</BSP>
    <MALT>37,630000</MALT>
    <XAUS>37,630000</XAUS>
    <XFRA>37,630000</XFRA>
  </Prezzi>
  <Prezzi>
    <Data>20161002</Data>
    <Mercato>MGP</Mercato>
    <Ora>14</Ora>
    <PUN>33,410000</PUN>
    <NAT>33,410000</NAT>
    <CNOR>33,410000</CNOR>
    <CSUD>33,410000</CSUD>
    <NORD>33,410000</NORD>
    <SARD>33,410000</SARD>
    <SICI>33,410000</SICI>
    <SUD>33,410000</SUD>
    <AUST>33,410000</AUST>
    <BRNN>33,410000</BRNN>
    <COAC>33,410000</COAC>
    <CORS>33,410000</CORS>
    <FOGN>33,410000</FOGN>
    <FRAN>33,410000</FRAN>
    <GREC>33,410000</GREC>
    <MFTV>33,410000</MFTV>
    <PRGP>33,410000</PRGP>
    <ROSN>33,410000</ROSN>
    <SLOV>33,410000</SLOV>
    <SVIZ>33,410000</SVIZ>
    <BSP>33,410000</BSP>
    <MALT>33,410000</MALT>
    <XAUS>33,410000</XAUS>
    <XFRA>33,410000</XFRA>
  </Prezzi>
  <Prezzi>
    <Data>20161002</Data>
    <Mercato>MGP</Mercato>
    <Ora>15</Ora>
    <PUN>33,200000</PUN>
    <NAT>33,200000</NAT>
    <CNOR>33,200000</CNOR>
    <CSUD>33,200000</CSUD>
    <NORD>33,200000</NORD>
    <SARD>33,200000</SARD>
    <SICI>33,200000</SICI>
    <SUD>33,200000</SUD>
    <AUST>33,200000</AUST>
    <BRNN>33,200000</BRNN>
    <COAC>33,200000</COAC>
    <CORS>33,200000</CORS>
    <FOGN>33,200000</FOGN>
    <FRAN>33,200000</FRAN>
    <GREC>33,200000</GREC>
    <MFTV>33,200000</MFTV>
    <PRGP>33,200000</PRGP>
    <ROSN>33,200000</ROSN>
    <SLOV>33,200000</SLOV>
    <SVIZ>33,200000</SVIZ>
    <BSP>33,200000</BSP>
    <MALT>33,200000</MALT>
    <XAUS>33,200000</XAUS>
    <XFRA>33,200000</XFRA>
  </Prezzi>
  <Prezzi>
    <Data>20161002</Data>
    <Mercato>MGP</Mercato>
    <Ora>16</Ora>
    <PUN>34,930000</PUN>
    <NAT>34,930000</NAT>
    <CNOR>34,930000</CNOR>
    <CSUD>34,930000</CSUD>
    <NORD>34,930000</NORD>
    <SARD>34,930000</SARD>
    <SICI>34,930000</SICI>
    <SUD>34,930000</SUD>
    <AUST>34,930000</AUST>
    <BRNN>34,930000</BRNN>
    <COAC>34,930000</COAC>
    <CORS>34,930000</CORS>
    <FOGN>34,930000</FOGN>
    <FRAN>34,930000</FRAN>
    <GREC>34,930000</GREC>
    <MFTV>34,930000</MFTV>
    <PRGP>34,930000</PRGP>
    <ROSN>34,930000</ROSN>
    <SLOV>34,930000</SLOV>
    <SVIZ>34,930000</SVIZ>
    <BSP>34,930000</BSP>
    <MALT>34,930000</MALT>
    <XAUS>34,930000</XAUS>
    <XFRA>34,930000</XFRA>
  </Prezzi>
  <Prezzi>
    <Data>20161002</Data>
    <Mercato>MGP</Mercato>
    <Ora>17</Ora>
    <PUN>38,950000</PUN>
    <NAT>38,950000</NAT>
    <CNOR>38,950000</CNOR>
    <CSUD>38,950000</CSUD>
    <NORD>38,950000</NORD>
    <SARD>38,950000</SARD>
    <SICI>38,950000</SICI>
    <SUD>38,950000</SUD>
    <AUST>38,950000</AUST>
    <BRNN>38,950000</BRNN>
    <COAC>38,950000</COAC>
    <CORS>38,950000</CORS>
    <FOGN>38,950000</FOGN>
    <FRAN>38,950000</FRAN>
    <GREC>38,950000</GREC>
    <MFTV>38,950000</MFTV>
    <PRGP>38,950000</PRGP>
    <ROSN>38,950000</ROSN>
    <SLOV>38,950000</SLOV>
    <SVIZ>38,950000</SVIZ>
    <BSP>38,950000</BSP>
    <MALT>38,950000</MALT>
    <XAUS>38,950000</XAUS>
    <XFRA>38,950000</XFRA>
  </Prezzi>
  <Prezzi>
    <Data>20161002</Data>
    <Mercato>MGP</Mercato>
    <Ora>18</Ora>
    <PUN>42,000000</PUN>
    <NAT>42,000000</NAT>
    <CNOR>42,000000</CNOR>
    <CSUD>42,000000</CSUD>
    <NORD>42,000000</NORD>
    <SARD>42,000000</SARD>
    <SICI>42,000000</SICI>
    <SUD>42,000000</SUD>
    <AUST>42,000000</AUST>
    <BRNN>42,000000</BRNN>
    <COAC>42,000000</COAC>
    <CORS>42,000000</CORS>
    <FOGN>42,000000</FOGN>
    <FRAN>42,000000</FRAN>
    <GREC>42,000000</GREC>
    <MFTV>42,000000</MFTV>
    <PRGP>42,000000</PRGP>
    <ROSN>42,000000</ROSN>
    <SLOV>42,000000</SLOV>
    <SVIZ>42,000000</SVIZ>
    <BSP>42,000000</BSP>
    <MALT>42,000000</MALT>
    <XAUS>42,000000</XAUS>
    <XFRA>42,000000</XFRA>
  </Prezzi>
  <Prezzi>
    <Data>20161002</Data>
    <Mercato>MGP</Mercato>
    <Ora>19</Ora>
    <PUN>45,000000</PUN>
    <NAT>45,000000</NAT>
    <CNOR>45,000000</CNOR>
    <CSUD>45,000000</CSUD>
    <NORD>45,000000</NORD>
    <SARD>45,000000</SARD>
    <SICI>45,000000</SICI>
    <SUD>45,000000</SUD>
    <AUST>45,000000</AUST>
    <BRNN>45,000000</BRNN>
    <COAC>45,000000</COAC>
    <CORS>45,000000</CORS>
    <FOGN>45,000000</FOGN>
    <FRAN>45,000000</FRAN>
    <GREC>45,000000</GREC>
    <MFTV>45,000000</MFTV>
    <PRGP>45,000000</PRGP>
    <ROSN>45,000000</ROSN>
    <SLOV>45,000000</SLOV>
    <SVIZ>45,000000</SVIZ>
    <BSP>45,000000</BSP>
    <MALT>45,000000</MALT>
    <XAUS>45,000000</XAUS>
    <XFRA>45,000000</XFRA>
  </Prezzi>
  <Prezzi>
    <Data>20161002</Data>
    <Mercato>MGP</Mercato>
    <Ora>20</Ora>
    <PUN>53,091330</PUN>
    <NAT>52,310000</NAT>
    <CNOR>52,090000</CNOR>
    <CSUD>52,090000</CSUD>
    <NORD>52,090000</NORD>
    <SARD>52,090000</SARD>
    <SICI>66,990000</SICI>
    <SUD>52,090000</SUD>
    <AUST>52,090000</AUST>
    <BRNN>52,090000</BRNN>
    <COAC>52,090000</COAC>
    <CORS>52,090000</CORS>
    <FOGN>52,090000</FOGN>
    <FRAN>52,090000</FRAN>
    <GREC>52,090000</GREC>
    <MFTV>52,090000</MFTV>
    <PRGP>66,990000</PRGP>
    <ROSN>52,090000</ROSN>
    <SLOV>52,090000</SLOV>
    <SVIZ>52,090000</SVIZ>
    <BSP>52,090000</BSP>
    <MALT>66,990000</MALT>
    <XAUS>52,090000</XAUS>
    <XFRA>52,090000</XFRA>
  </Prezzi>
  <Prezzi>
    <Data>20161002</Data>
    <Mercato>MGP</Mercato>
    <Ora>21</Ora>
    <PUN>51,338040</PUN>
    <NAT>51,340000</NAT>
    <CNOR>51,176840</CNOR>
    <CSUD>51,176840</CSUD>
    <NORD>51,176840</NORD>
    <SARD>51,176840</SARD>
    <SICI>53,540000</SICI>
    <SUD>51,176840</SUD>
    <AUST>51,176840</AUST>
    <BRNN>51,176840</BRNN>
    <COAC>51,176840</COAC>
    <CORS>51,176840</CORS>
    <FOGN>51,176840</FOGN>
    <FRAN>51,176840</FRAN>
    <GREC>51,176840</GREC>
    <MFTV>51,176840</MFTV>
    <PRGP>53,540000</PRGP>
    <ROSN>51,176840</ROSN>
    <SLOV>51,176840</SLOV>
    <SVIZ>51,176840</SVIZ>
    <BSP>51,176840</BSP>
    <MALT>53,540000</MALT>
    <XAUS>51,176840</XAUS>
    <XFRA>51,176840</XFRA>
  </Prezzi>
  <Prezzi>
    <Data>20161002</Data>
    <Mercato>MGP</Mercato>
    <Ora>22</Ora>
    <PUN>45,890000</PUN>
    <NAT>45,890000</NAT>
    <CNOR>45,890000</CNOR>
    <CSUD>45,890000</CSUD>
    <NORD>45,890000</NORD>
    <SARD>45,890000</SARD>
    <SICI>45,890000</SICI>
    <SUD>45,890000</SUD>
    <AUST>45,890000</AUST>
    <BRNN>45,890000</BRNN>
    <COAC>45,890000</COAC>
    <CORS>45,890000</CORS>
    <FOGN>45,890000</FOGN>
    <FRAN>45,890000</FRAN>
    <GREC>45,890000</GREC>
    <MFTV>45,890000</MFTV>
    <PRGP>45,890000</PRGP>
    <ROSN>45,890000</ROSN>
    <SLOV>45,890000</SLOV>
    <SVIZ>45,890000</SVIZ>
    <BSP>45,890000</BSP>
    <MALT>45,890000</MALT>
    <XAUS>45,890000</XAUS>
    <XFRA>45,890000</XFRA>
  </Prezzi>
  <Prezzi>
    <Data>20161002</Data>
    <Mercato>MGP</Mercato>
    <Ora>23</Ora>
    <PUN>45,000000</PUN>
    <NAT>45,000000</NAT>
    <CNOR>45,000000</CNOR>
    <CSUD>45,000000</CSUD>
    <NORD>45,000000</NORD>
    <SARD>45,000000</SARD>
    <SICI>45,000000</SICI>
    <SUD>45,000000</SUD>
    <AUST>45,000000</AUST>
    <BRNN>45,000000</BRNN>
    <COAC>45,000000</COAC>
    <CORS>45,000000</CORS>
    <FOGN>45,000000</FOGN>
    <FRAN>45,000000</FRAN>
    <GREC>45,000000</GREC>
    <MFTV>45,000000</MFTV>
    <PRGP>45,000000</PRGP>
    <ROSN>45,000000</ROSN>
    <SLOV>45,000000</SLOV>
    <SVIZ>45,000000</SVIZ>
    <BSP>45,000000</BSP>
    <MALT>45,000000</MALT>
    <XAUS>45,000000</XAUS>
    <XFRA>45,000000</XFRA>
  </Prezzi>
  <Prezzi>
    <Data>20161002</Data>
    <Mercato>MGP</Mercato>
    <Ora>24</Ora>
    <PUN>43,312080</PUN>
    <NAT>42,800000</NAT>
    <CNOR>43,312080</CNOR>
    <CSUD>43,312080</CSUD>
    <NORD>43,312080</NORD>
    <SARD>43,312080</SARD>
    <SICI>43,312080</SICI>
    <SUD>43,312080</SUD>
    <AUST>43,312080</AUST>
    <BRNN>43,312080</BRNN>
    <COAC>43,312080</COAC>
    <CORS>43,312080</CORS>
    <FOGN>43,312080</FOGN>
    <FRAN>43,312080</FRAN>
    <GREC>43,312080</GREC>
    <MFTV>43,312080</MFTV>
    <PRGP>43,312080</PRGP>
    <ROSN>43,312080</ROSN>
    <SLOV>43,312080</SLOV>
    <SVIZ>43,312080</SVIZ>
    <BSP>43,312080</BSP>
    <MALT>43,312080</MALT>
    <XAUS>43,312080</XAUS>
    <XFRA>43,312080</XFRA>
  </Prezzi>
</NewDataSet>