<?xml version="1.0" standalone="yes"?>
<NewDataSet>
  <xs:schema id="NewDataSet" xmlns="" xmlns:xs="http://www.w3.org/2001/XMLSchema" xmlns:msdata="urn:schemas-microsoft-com:xml-msdata">
    <xs:element name="NewDataSet" msdata:IsDataSet="true" msdata:UseCurrentLocale="true">
      <xs:complexType>
        <xs:choice minOccurs="0" maxOccurs="unbounded">
          <xs:element name="Prezzi">
            <xs:complexType>
              <xs:sequence>
                <xs:element name="Data" type="xs:string" minOccurs="0" />
                <xs:element name="Mercato" type="xs:string" minOccurs="0" />
                <xs:element name="Ora" type="xs:string" minOccurs="0" />
                <xs:element name="PUN" type="xs:string" minOccurs="0" />
                <xs:element name="NAT" type="xs:string" minOccurs="0" />
                <xs:element name="CNOR" type="xs:string" minOccurs="0" />
                <xs:element name="CSUD" type="xs:string" minOccurs="0" />
                <xs:element name="NORD" type="xs:string" minOccurs="0" />
                <xs:element name="SARD" type="xs:string" minOccurs="0" />
                <xs:element name="SICI" type="xs:string" minOccurs="0" />
                <xs:element name="SUD" type="xs:string" minOccurs="0" />
                <xs:element name="AUST" type="xs:string" minOccurs="0" />
                <xs:element name="BRNN" type="xs:string" minOccurs="0" />
                <xs:element name="COAC" type="xs:string" minOccurs="0" />
                <xs:element name="CORS" type="xs:string" minOccurs="0" />
                <xs:element name="FOGN" type="xs:string" minOccurs="0" />
                <xs:element name="FRAN" type="xs:string" minOccurs="0" />
                <xs:element name="GREC" type="xs:string" minOccurs="0" />
                <xs:element name="MFTV" type="xs:string" minOccurs="0" />
                <xs:element name="PRGP" type="xs:string" minOccurs="0" />
                <xs:element name="ROSN" type="xs:string" minOccurs="0" />
                <xs:element name="SLOV" type="xs:string" minOccurs="0" />
                <xs:element name="SVIZ" type="xs:string" minOccurs="0" />
                <xs:element name="BSP" type="xs:string" minOccurs="0" />
                <xs:element name="MALT" type="xs:string" minOccurs="0" />
                <xs:element name="XAUS" type="xs:string" minOccurs="0" />
                <xs:element name="XFRA" type="xs:string" minOccurs="0" />
              </xs:sequence>
            </xs:complexType>
          </xs:element>
        </xs:choice>
      </xs:complexType>
    </xs:element>
  </xs:schema>
  <Prezzi>
    <Data>20161008</Data>
    <Mercato>MGP</Mercato>
    <Ora>1</Ora>
    <PUN>49,501290</PUN>
    <NAT>46,200000</NAT>
    <CNOR>45,000000</CNOR>
    <CSUD>45,000000</CSUD>
    <NORD>53,241350</NORD>
    <SARD>45,000000</SARD>
    <SICI>45,000000</SICI>
    <SUD>45,000000</SUD>
    <AUST>53,241350</AUST>
    <BRNN>45,000000</BRNN>
    <COAC>45,000000</COAC>
    <CORS>45,000000</CORS>
    <FOGN>45,000000</FOGN>
    <FRAN>53,241350</FRAN>
    <GREC>45,000000</GREC>
    <MFTV>53,241350</MFTV>
    <PRGP>45,000000</PRGP>
    <ROSN>45,000000</ROSN>
    <SLOV>53,241350</SLOV>
    <SVIZ>53,241350</SVIZ>
    <BSP>53,241350</BSP>
    <MALT>45,000000</MALT>
    <XAUS>53,241350</XAUS>
    <XFRA>53,241350</XFRA>
  </Prezzi>
  <Prezzi>
    <Data>20161008</Data>
    <Mercato>MGP</Mercato>
    <Ora>2</Ora>
    <PUN>44,130000</PUN>
    <NAT>44,130000</NAT>
    <CNOR>44,130000</CNOR>
    <CSUD>44,130000</CSUD>
    <NORD>44,130000</NORD>
    <SARD>44,130000</SARD>
    <SICI>44,130000</SICI>
    <SUD>44,130000</SUD>
    <AUST>44,130000</AUST>
    <BRNN>44,130000</BRNN>
    <COAC>44,130000</COAC>
    <CORS>44,130000</CORS>
    <FOGN>44,130000</FOGN>
    <FRAN>44,130000</FRAN>
    <GREC>44,130000</GREC>
    <MFTV>44,130000</MFTV>
    <PRGP>44,130000</PRGP>
    <ROSN>44,130000</ROSN>
    <SLOV>44,130000</SLOV>
    <SVIZ>44,130000</SVIZ>
    <BSP>44,130000</BSP>
    <MALT>44,130000</MALT>
    <XAUS>44,130000</XAUS>
    <XFRA>44,130000</XFRA>
  </Prezzi>
  <Prezzi>
    <Data>20161008</Data>
    <Mercato>MGP</Mercato>
    <Ora>3</Ora>
    <PUN>39,420000</PUN>
    <NAT>39,420000</NAT>
    <CNOR>39,420000</CNOR>
    <CSUD>39,420000</CSUD>
    <NORD>39,420000</NORD>
    <SARD>39,420000</SARD>
    <SICI>39,420000</SICI>
    <SUD>39,420000</SUD>
    <AUST>39,420000</AUST>
    <BRNN>39,420000</BRNN>
    <COAC>39,420000</COAC>
    <CORS>39,420000</CORS>
    <FOGN>39,420000</FOGN>
    <FRAN>39,420000</FRAN>
    <GREC>39,420000</GREC>
    <MFTV>39,420000</MFTV>
    <PRGP>39,420000</PRGP>
    <ROSN>39,420000</ROSN>
    <SLOV>39,420000</SLOV>
    <SVIZ>39,420000</SVIZ>
    <BSP>39,420000</BSP>
    <MALT>39,420000</MALT>
    <XAUS>39,420000</XAUS>
    <XFRA>39,420000</XFRA>
  </Prezzi>
  <Prezzi>
    <Data>20161008</Data>
    <Mercato>MGP</Mercato>
    <Ora>4</Ora>
    <PUN>37,000000</PUN>
    <NAT>37,000000</NAT>
    <CNOR>37,000000</CNOR>
    <CSUD>37,000000</CSUD>
    <NORD>37,000000</NORD>
    <SARD>37,000000</SARD>
    <SICI>37,000000</SICI>
    <SUD>37,000000</SUD>
    <AUST>37,000000</AUST>
    <BRNN>37,000000</BRNN>
    <COAC>37,000000</COAC>
    <CORS>37,000000</CORS>
    <FOGN>37,000000</FOGN>
    <FRAN>37,000000</FRAN>
    <GREC>37,000000</GREC>
    <MFTV>37,000000</MFTV>
    <PRGP>37,000000</PRGP>
    <ROSN>37,000000</ROSN>
    <SLOV>37,000000</SLOV>
    <SVIZ>37,000000</SVIZ>
    <BSP>37,000000</BSP>
    <MALT>37,000000</MALT>
    <XAUS>37,000000</XAUS>
    <XFRA>37,000000</XFRA>
  </Prezzi>
  <Prezzi>
    <Data>20161008</Data>
    <Mercato>MGP</Mercato>
    <Ora>5</Ora>
    <PUN>35,470000</PUN>
    <NAT>35,470000</NAT>
    <CNOR>35,470000</CNOR>
    <CSUD>35,470000</CSUD>
    <NORD>35,470000</NORD>
    <SARD>35,470000</SARD>
    <SICI>35,470000</SICI>
    <SUD>35,470000</SUD>
    <AUST>35,470000</AUST>
    <BRNN>35,470000</BRNN>
    <COAC>35,470000</COAC>
    <CORS>35,470000</CORS>
    <FOGN>35,470000</FOGN>
    <FRAN>35,470000</FRAN>
    <GREC>35,470000</GREC>
    <MFTV>35,470000</MFTV>
    <PRGP>35,470000</PRGP>
    <ROSN>35,470000</ROSN>
    <SLOV>35,470000</SLOV>
    <SVIZ>35,470000</SVIZ>
    <BSP>35,470000</BSP>
    <MALT>35,470000</MALT>
    <XAUS>35,470000</XAUS>
    <XFRA>35,470000</XFRA>
  </Prezzi>
  <Prezzi>
    <Data>20161008</Data>
    <Mercato>MGP</Mercato>
    <Ora>6</Ora>
    <PUN>37,311740</PUN>
    <NAT>37,780000</NAT>
    <CNOR>37,311740</CNOR>
    <CSUD>37,311740</CSUD>
    <NORD>37,311740</NORD>
    <SARD>37,311740</SARD>
    <SICI>37,311740</SICI>
    <SUD>37,311740</SUD>
    <AUST>37,311740</AUST>
    <BRNN>37,311740</BRNN>
    <COAC>37,311740</COAC>
    <CORS>37,311740</CORS>
    <FOGN>37,311740</FOGN>
    <FRAN>37,311740</FRAN>
    <GREC>37,311740</GREC>
    <MFTV>37,311740</MFTV>
    <PRGP>37,311740</PRGP>
    <ROSN>37,311740</ROSN>
    <SLOV>37,311740</SLOV>
    <SVIZ>37,311740</SVIZ>
    <BSP>37,311740</BSP>
    <MALT>37,311740</MALT>
    <XAUS>37,311740</XAUS>
    <XFRA>37,311740</XFRA>
  </Prezzi>
  <Prezzi>
    <Data>20161008</Data>
    <Mercato>MGP</Mercato>
    <Ora>7</Ora>
    <PUN>41,872210</PUN>
    <NAT>41,950000</NAT>
    <CNOR>40,470000</CNOR>
    <CSUD>40,470000</CSUD>
    <NORD>40,470000</NORD>
    <SARD>40,470000</SARD>
    <SICI>63,570000</SICI>
    <SUD>40,470000</SUD>
    <AUST>40,470000</AUST>
    <BRNN>40,470000</BRNN>
    <COAC>40,470000</COAC>
    <CORS>40,470000</CORS>
    <FOGN>40,470000</FOGN>
    <FRAN>40,470000</FRAN>
    <GREC>40,470000</GREC>
    <MFTV>40,470000</MFTV>
    <PRGP>63,570000</PRGP>
    <ROSN>40,470000</ROSN>
    <SLOV>40,470000</SLOV>
    <SVIZ>40,470000</SVIZ>
    <BSP>40,470000</BSP>
    <MALT>63,570000</MALT>
    <XAUS>40,470000</XAUS>
    <XFRA>40,470000</XFRA>
  </Prezzi>
  <Prezzi>
    <Data>20161008</Data>
    <Mercato>MGP</Mercato>
    <Ora>8</Ora>
    <PUN>45,700290</PUN>
    <NAT>44,000000</NAT>
    <CNOR>43,670000</CNOR>
    <CSUD>43,670000</CSUD>
    <NORD>43,670000</NORD>
    <SARD>43,670000</SARD>
    <SICI>77,570000</SICI>
    <SUD>43,670000</SUD>
    <AUST>43,670000</AUST>
    <BRNN>43,670000</BRNN>
    <COAC>43,670000</COAC>
    <CORS>43,670000</CORS>
    <FOGN>43,670000</FOGN>
    <FRAN>43,670000</FRAN>
    <GREC>43,670000</GREC>
    <MFTV>43,670000</MFTV>
    <PRGP>77,570000</PRGP>
    <ROSN>43,670000</ROSN>
    <SLOV>43,670000</SLOV>
    <SVIZ>43,670000</SVIZ>
    <BSP>43,670000</BSP>
    <MALT>77,570000</MALT>
    <XAUS>43,670000</XAUS>
    <XFRA>43,670000</XFRA>
  </Prezzi>
  <Prezzi>
    <Data>20161008</Data>
    <Mercato>MGP</Mercato>
    <Ora>9</Ora>
    <PUN>46,323780</PUN>
    <NAT>45,000000</NAT>
    <CNOR>44,000000</CNOR>
    <CSUD>44,000000</CSUD>
    <NORD>44,499950</NORD>
    <SARD>44,000000</SARD>
    <SICI>77,570000</SICI>
    <SUD>44,000000</SUD>
    <AUST>44,499950</AUST>
    <BRNN>44,000000</BRNN>
    <COAC>44,000000</COAC>
    <CORS>44,000000</CORS>
    <FOGN>44,000000</FOGN>
    <FRAN>44,499950</FRAN>
    <GREC>44,000000</GREC>
    <MFTV>44,499950</MFTV>
    <PRGP>77,570000</PRGP>
    <ROSN>44,000000</ROSN>
    <SLOV>44,499950</SLOV>
    <SVIZ>44,499950</SVIZ>
    <BSP>44,499950</BSP>
    <MALT>77,570000</MALT>
    <XAUS>44,499950</XAUS>
    <XFRA>44,499950</XFRA>
  </Prezzi>
  <Prezzi>
    <Data>20161008</Data>
    <Mercato>MGP</Mercato>
    <Ora>10</Ora>
    <PUN>46,911820</PUN>
    <NAT>46,000000</NAT>
    <CNOR>43,000000</CNOR>
    <CSUD>43,000000</CSUD>
    <NORD>47,700000</NORD>
    <SARD>43,000000</SARD>
    <SICI>64,130000</SICI>
    <SUD>43,000000</SUD>
    <AUST>47,700000</AUST>
    <BRNN>43,000000</BRNN>
    <COAC>43,000000</COAC>
    <CORS>43,000000</CORS>
    <FOGN>43,000000</FOGN>
    <FRAN>47,700000</FRAN>
    <GREC>43,000000</GREC>
    <MFTV>47,700000</MFTV>
    <PRGP>64,130000</PRGP>
    <ROSN>43,000000</ROSN>
    <SLOV>47,700000</SLOV>
    <SVIZ>47,700000</SVIZ>
    <BSP>47,700000</BSP>
    <MALT>64,130000</MALT>
    <XAUS>47,700000</XAUS>
    <XFRA>47,700000</XFRA>
  </Prezzi>
  <Prezzi>
    <Data>20161008</Data>
    <Mercato>MGP</Mercato>
    <Ora>11</Ora>
    <PUN>44,277960</PUN>
    <NAT>43,350000</NAT>
    <CNOR>37,990000</CNOR>
    <CSUD>37,990000</CSUD>
    <NORD>46,460000</NORD>
    <SARD>37,990000</SARD>
    <SICI>63,570000</SICI>
    <SUD>37,990000</SUD>
    <AUST>46,460000</AUST>
    <BRNN>37,990000</BRNN>
    <COAC>37,990000</COAC>
    <CORS>37,990000</CORS>
    <FOGN>37,990000</FOGN>
    <FRAN>46,460000</FRAN>
    <GREC>37,990000</GREC>
    <MFTV>46,460000</MFTV>
    <PRGP>63,570000</PRGP>
    <ROSN>37,990000</ROSN>
    <SLOV>46,460000</SLOV>
    <SVIZ>46,460000</SVIZ>
    <BSP>46,460000</BSP>
    <MALT>63,570000</MALT>
    <XAUS>46,460000</XAUS>
    <XFRA>46,460000</XFRA>
  </Prezzi>
  <Prezzi>
    <Data>20161008</Data>
    <Mercato>MGP</Mercato>
    <Ora>12</Ora>
    <PUN>43,451490</PUN>
    <NAT>43,670000</NAT>
    <CNOR>33,660000</CNOR>
    <CSUD>33,660000</CSUD>
    <NORD>47,910000</NORD>
    <SARD>33,660000</SARD>
    <SICI>63,570000</SICI>
    <SUD>33,660000</SUD>
    <AUST>47,910000</AUST>
    <BRNN>33,660000</BRNN>
    <COAC>33,660000</COAC>
    <CORS>33,660000</CORS>
    <FOGN>33,660000</FOGN>
    <FRAN>47,910000</FRAN>
    <GREC>33,660000</GREC>
    <MFTV>47,910000</MFTV>
    <PRGP>63,570000</PRGP>
    <ROSN>33,660000</ROSN>
    <SLOV>47,910000</SLOV>
    <SVIZ>47,910000</SVIZ>
    <BSP>47,910000</BSP>
    <MALT>63,570000</MALT>
    <XAUS>47,910000</XAUS>
    <XFRA>47,910000</XFRA>
  </Prezzi>
  <Prezzi>
    <Data>20161008</Data>
    <Mercato>MGP</Mercato>
    <Ora>13</Ora>
    <PUN>41,056680</PUN>
    <NAT>42,150000</NAT>
    <CNOR>32,920000</CNOR>
    <CSUD>32,920000</CSUD>
    <NORD>44,360000</NORD>
    <SARD>32,920000</SARD>
    <SICI>63,570000</SICI>
    <SUD>32,920000</SUD>
    <AUST>44,360000</AUST>
    <BRNN>32,920000</BRNN>
    <COAC>32,920000</COAC>
    <CORS>32,920000</CORS>
    <FOGN>32,920000</FOGN>
    <FRAN>44,360000</FRAN>
    <GREC>32,920000</GREC>
    <MFTV>44,360000</MFTV>
    <PRGP>63,570000</PRGP>
    <ROSN>32,920000</ROSN>
    <SLOV>44,360000</SLOV>
    <SVIZ>44,360000</SVIZ>
    <BSP>44,360000</BSP>
    <MALT>63,570000</MALT>
    <XAUS>44,360000</XAUS>
    <XFRA>44,360000</XFRA>
  </Prezzi>
  <Prezzi>
    <Data>20161008</Data>
    <Mercato>MGP</Mercato>
    <Ora>14</Ora>
    <PUN>40,413840</PUN>
    <NAT>38,310000</NAT>
    <CNOR>32,640000</CNOR>
    <CSUD>32,640000</CSUD>
    <NORD>43,350000</NORD>
    <SARD>32,640000</SARD>
    <SICI>63,460000</SICI>
    <SUD>32,640000</SUD>
    <AUST>43,350000</AUST>
    <BRNN>32,640000</BRNN>
    <COAC>32,640000</COAC>
    <CORS>32,640000</CORS>
    <FOGN>32,640000</FOGN>
    <FRAN>43,350000</FRAN>
    <GREC>32,640000</GREC>
    <MFTV>43,350000</MFTV>
    <PRGP>63,460000</PRGP>
    <ROSN>32,640000</ROSN>
    <SLOV>43,350000</SLOV>
    <SVIZ>43,350000</SVIZ>
    <BSP>43,350000</BSP>
    <MALT>63,460000</MALT>
    <XAUS>43,350000</XAUS>
    <XFRA>43,350000</XFRA>
  </Prezzi>
  <Prezzi>
    <Data>20161008</Data>
    <Mercato>MGP</Mercato>
    <Ora>15</Ora>
    <PUN>37,638540</PUN>
    <NAT>36,220000</NAT>
    <CNOR>32,640000</CNOR>
    <CSUD>32,640000</CSUD>
    <NORD>38,239180</NORD>
    <SARD>32,640000</SARD>
    <SICI>63,460000</SICI>
    <SUD>32,640000</SUD>
    <AUST>38,239180</AUST>
    <BRNN>32,640000</BRNN>
    <COAC>32,640000</COAC>
    <CORS>32,640000</CORS>
    <FOGN>32,640000</FOGN>
    <FRAN>38,239180</FRAN>
    <GREC>32,640000</GREC>
    <MFTV>38,239180</MFTV>
    <PRGP>63,460000</PRGP>
    <ROSN>32,640000</ROSN>
    <SLOV>38,239180</SLOV>
    <SVIZ>38,239180</SVIZ>
    <BSP>38,239180</BSP>
    <MALT>63,460000</MALT>
    <XAUS>38,239180</XAUS>
    <XFRA>38,239180</XFRA>
  </Prezzi>
  <Prezzi>
    <Data>20161008</Data>
    <Mercato>MGP</Mercato>
    <Ora>16</Ora>
    <PUN>37,463840</PUN>
    <NAT>36,440000</NAT>
    <CNOR>32,990000</CNOR>
    <CSUD>32,990000</CSUD>
    <NORD>37,654190</NORD>
    <SARD>32,990000</SARD>
    <SICI>63,460000</SICI>
    <SUD>32,990000</SUD>
    <AUST>37,654190</AUST>
    <BRNN>32,990000</BRNN>
    <COAC>32,990000</COAC>
    <CORS>32,990000</CORS>
    <FOGN>32,990000</FOGN>
    <FRAN>37,654190</FRAN>
    <GREC>32,990000</GREC>
    <MFTV>37,654190</MFTV>
    <PRGP>63,460000</PRGP>
    <ROSN>32,990000</ROSN>
    <SLOV>37,654190</SLOV>
    <SVIZ>37,654190</SVIZ>
    <BSP>37,654190</BSP>
    <MALT>63,460000</MALT>
    <XAUS>37,654190</XAUS>
    <XFRA>37,654190</XFRA>
  </Prezzi>
  <Prezzi>
    <Data>20161008</Data>
    <Mercato>MGP</Mercato>
    <Ora>17</Ora>
    <PUN>38,956160</PUN>
    <NAT>38,250000</NAT>
    <CNOR>37,250000</CNOR>
    <CSUD>37,250000</CSUD>
    <NORD>37,250000</NORD>
    <SARD>37,250000</SARD>
    <SICI>63,570000</SICI>
    <SUD>37,250000</SUD>
    <AUST>37,250000</AUST>
    <BRNN>37,250000</BRNN>
    <COAC>37,250000</COAC>
    <CORS>37,250000</CORS>
    <FOGN>37,250000</FOGN>
    <FRAN>37,250000</FRAN>
    <GREC>37,250000</GREC>
    <MFTV>37,250000</MFTV>
    <PRGP>63,570000</PRGP>
    <ROSN>37,250000</ROSN>
    <SLOV>37,250000</SLOV>
    <SVIZ>37,250000</SVIZ>
    <BSP>37,250000</BSP>
    <MALT>63,570000</MALT>
    <XAUS>37,250000</XAUS>
    <XFRA>37,250000</XFRA>
  </Prezzi>
  <Prezzi>
    <Data>20161008</Data>
    <Mercato>MGP</Mercato>
    <Ora>18</Ora>
    <PUN>44,116460</PUN>
    <NAT>43,350000</NAT>
    <CNOR>42,690000</CNOR>
    <CSUD>42,690000</CSUD>
    <NORD>42,690000</NORD>
    <SARD>42,690000</SARD>
    <SICI>64,130000</SICI>
    <SUD>42,690000</SUD>
    <AUST>42,690000</AUST>
    <BRNN>42,690000</BRNN>
    <COAC>42,690000</COAC>
    <CORS>42,690000</CORS>
    <FOGN>42,690000</FOGN>
    <FRAN>42,690000</FRAN>
    <GREC>42,690000</GREC>
    <MFTV>42,690000</MFTV>
    <PRGP>64,130000</PRGP>
    <ROSN>42,690000</ROSN>
    <SLOV>42,690000</SLOV>
    <SVIZ>42,690000</SVIZ>
    <BSP>42,690000</BSP>
    <MALT>64,130000</MALT>
    <XAUS>42,690000</XAUS>
    <XFRA>42,690000</XFRA>
  </Prezzi>
  <Prezzi>
    <Data>20161008</Data>
    <Mercato>MGP</Mercato>
    <Ora>19</Ora>
    <PUN>48,521150</PUN>
    <NAT>46,680000</NAT>
    <CNOR>46,000000</CNOR>
    <CSUD>46,000000</CSUD>
    <NORD>46,000000</NORD>
    <SARD>46,000000</SARD>
    <SICI>83,460000</SICI>
    <SUD>46,000000</SUD>
    <AUST>46,000000</AUST>
    <BRNN>46,000000</BRNN>
    <COAC>46,000000</COAC>
    <CORS>46,000000</CORS>
    <FOGN>46,000000</FOGN>
    <FRAN>46,000000</FRAN>
    <GREC>46,000000</GREC>
    <MFTV>46,000000</MFTV>
    <PRGP>83,460000</PRGP>
    <ROSN>46,000000</ROSN>
    <SLOV>46,000000</SLOV>
    <SVIZ>46,000000</SVIZ>
    <BSP>46,000000</BSP>
    <MALT>83,460000</MALT>
    <XAUS>46,000000</XAUS>
    <XFRA>46,000000</XFRA>
  </Prezzi>
  <Prezzi>
    <Data>20161008</Data>
    <Mercato>MGP</Mercato>
    <Ora>20</Ora>
    <PUN>54,853150</PUN>
    <NAT>58,000000</NAT>
    <CNOR>52,750000</CNOR>
    <CSUD>52,750000</CSUD>
    <NORD>52,750000</NORD>
    <SARD>52,750000</SARD>
    <SICI>83,570000</SICI>
    <SUD>52,750000</SUD>
    <AUST>52,750000</AUST>
    <BRNN>52,750000</BRNN>
    <COAC>52,750000</COAC>
    <CORS>52,750000</CORS>
    <FOGN>52,750000</FOGN>
    <FRAN>52,750000</FRAN>
    <GREC>52,750000</GREC>
    <MFTV>52,750000</MFTV>
    <PRGP>83,570000</PRGP>
    <ROSN>52,750000</ROSN>
    <SLOV>52,750000</SLOV>
    <SVIZ>52,750000</SVIZ>
    <BSP>52,750000</BSP>
    <MALT>83,570000</MALT>
    <XAUS>52,750000</XAUS>
    <XFRA>52,750000</XFRA>
  </Prezzi>
  <Prezzi>
    <Data>20161008</Data>
    <Mercato>MGP</Mercato>
    <Ora>21</Ora>
    <PUN>56,495170</PUN>
    <NAT>56,700000</NAT>
    <CNOR>54,490000</CNOR>
    <CSUD>54,490000</CSUD>
    <NORD>54,490000</NORD>
    <SARD>54,490000</SARD>
    <SICI>83,460000</SICI>
    <SUD>54,490000</SUD>
    <AUST>54,490000</AUST>
    <BRNN>54,490000</BRNN>
    <COAC>54,490000</COAC>
    <CORS>54,490000</CORS>
    <FOGN>54,490000</FOGN>
    <FRAN>54,490000</FRAN>
    <GREC>54,490000</GREC>
    <MFTV>54,490000</MFTV>
    <PRGP>83,460000</PRGP>
    <ROSN>54,490000</ROSN>
    <SLOV>54,490000</SLOV>
    <SVIZ>54,490000</SVIZ>
    <BSP>54,490000</BSP>
    <MALT>83,460000</MALT>
    <XAUS>54,490000</XAUS>
    <XFRA>54,490000</XFRA>
  </Prezzi>
  <Prezzi>
    <Data>20161008</Data>
    <Mercato>MGP</Mercato>
    <Ora>22</Ora>
    <PUN>51,490320</PUN>
    <NAT>50,000000</NAT>
    <CNOR>49,710000</CNOR>
    <CSUD>49,710000</CSUD>
    <NORD>49,710000</NORD>
    <SARD>49,710000</SARD>
    <SICI>75,630000</SICI>
    <SUD>49,710000</SUD>
    <AUST>49,710000</AUST>
    <BRNN>49,710000</BRNN>
    <COAC>49,710000</COAC>
    <CORS>49,710000</CORS>
    <FOGN>49,710000</FOGN>
    <FRAN>49,710000</FRAN>
    <GREC>49,710000</GREC>
    <MFTV>49,710000</MFTV>
    <PRGP>75,630000</PRGP>
    <ROSN>49,710000</ROSN>
    <SLOV>49,710000</SLOV>
    <SVIZ>49,710000</SVIZ>
    <BSP>49,710000</BSP>
    <MALT>75,630000</MALT>
    <XAUS>49,710000</XAUS>
    <XFRA>49,710000</XFRA>
  </Prezzi>
  <Prezzi>
    <Data>20161008</Data>
    <Mercato>MGP</Mercato>
    <Ora>23</Ora>
    <PUN>50,659200</PUN>
    <NAT>49,500000</NAT>
    <CNOR>48,000000</CNOR>
    <CSUD>48,000000</CSUD>
    <NORD>49,500000</NORD>
    <SARD>48,000000</SARD>
    <SICI>75,630000</SICI>
    <SUD>48,000000</SUD>
    <AUST>49,500000</AUST>
    <BRNN>48,000000</BRNN>
    <COAC>48,000000</COAC>
    <CORS>48,000000</CORS>
    <FOGN>48,000000</FOGN>
    <FRAN>49,500000</FRAN>
    <GREC>48,000000</GREC>
    <MFTV>49,500000</MFTV>
    <PRGP>75,630000</PRGP>
    <ROSN>48,000000</ROSN>
    <SLOV>49,500000</SLOV>
    <SVIZ>49,500000</SVIZ>
    <BSP>49,500000</BSP>
    <MALT>75,630000</MALT>
    <XAUS>49,500000</XAUS>
    <XFRA>49,500000</XFRA>
  </Prezzi>
  <Prezzi>
    <Data>20161008</Data>
    <Mercato>MGP</Mercato>
    <Ora>24</Ora>
    <PUN>45,000000</PUN>
    <NAT>45,000000</NAT>
    <CNOR>45,000000</CNOR>
    <CSUD>45,000000</CSUD>
    <NORD>45,000000</NORD>
    <SARD>45,000000</SARD>
    <SICI>45,000000</SICI>
    <SUD>45,000000</SUD>
    <AUST>45,000000</AUST>
    <BRNN>45,000000</BRNN>
    <COAC>45,000000</COAC>
    <CORS>45,000000</CORS>
    <FOGN>45,000000</FOGN>
    <FRAN>45,000000</FRAN>
    <GREC>45,000000</GREC>
    <MFTV>45,000000</MFTV>
    <PRGP>45,000000</PRGP>
    <ROSN>45,000000</ROSN>
    <SLOV>45,000000</SLOV>
    <SVIZ>45,000000</SVIZ>
    <BSP>45,000000</BSP>
    <MALT>45,000000</MALT>
    <XAUS>45,000000</XAUS>
    <XFRA>45,000000</XFRA>
  </Prezzi>
</NewDataSet>