<?xml version="1.0" standalone="yes"?>
<NewDataSet>
  <xs:schema id="NewDataSet" xmlns="" xmlns:xs="http://www.w3.org/2001/XMLSchema" xmlns:msdata="urn:schemas-microsoft-com:xml-msdata">
    <xs:element name="NewDataSet" msdata:IsDataSet="true" msdata:UseCurrentLocale="true">
      <xs:complexType>
        <xs:choice minOccurs="0" maxOccurs="unbounded">
          <xs:element name="Prezzi">
            <xs:complexType>
              <xs:sequence>
                <xs:element name="Data" type="xs:string" minOccurs="0" />
                <xs:element name="Mercato" type="xs:string" minOccurs="0" />
                <xs:element name="Ora" type="xs:string" minOccurs="0" />
                <xs:element name="PUN" type="xs:string" minOccurs="0" />
                <xs:element name="NAT" type="xs:string" minOccurs="0" />
                <xs:element name="CNOR" type="xs:string" minOccurs="0" />
                <xs:element name="CSUD" type="xs:string" minOccurs="0" />
                <xs:element name="NORD" type="xs:string" minOccurs="0" />
                <xs:element name="SARD" type="xs:string" minOccurs="0" />
                <xs:element name="SICI" type="xs:string" minOccurs="0" />
                <xs:element name="SUD" type="xs:string" minOccurs="0" />
                <xs:element name="AUST" type="xs:string" minOccurs="0" />
                <xs:element name="BRNN" type="xs:string" minOccurs="0" />
                <xs:element name="COAC" type="xs:string" minOccurs="0" />
                <xs:element name="CORS" type="xs:string" minOccurs="0" />
                <xs:element name="FOGN" type="xs:string" minOccurs="0" />
                <xs:element name="FRAN" type="xs:string" minOccurs="0" />
                <xs:element name="GREC" type="xs:string" minOccurs="0" />
                <xs:element name="MFTV" type="xs:string" minOccurs="0" />
                <xs:element name="PRGP" type="xs:string" minOccurs="0" />
                <xs:element name="ROSN" type="xs:string" minOccurs="0" />
                <xs:element name="SLOV" type="xs:string" minOccurs="0" />
                <xs:element name="SVIZ" type="xs:string" minOccurs="0" />
                <xs:element name="BSP" type="xs:string" minOccurs="0" />
                <xs:element name="MALT" type="xs:string" minOccurs="0" />
                <xs:element name="XAUS" type="xs:string" minOccurs="0" />
                <xs:element name="XFRA" type="xs:string" minOccurs="0" />
              </xs:sequence>
            </xs:complexType>
          </xs:element>
        </xs:choice>
      </xs:complexType>
    </xs:element>
  </xs:schema>
  <Prezzi>
    <Data>20161028</Data>
    <Mercato>MGP</Mercato>
    <Ora>1</Ora>
    <PUN>44,584300</PUN>
    <NAT>45,220000</NAT>
    <CNOR>38,880000</CNOR>
    <CSUD>38,880000</CSUD>
    <NORD>48,750000</NORD>
    <SARD>38,880000</SARD>
    <SICI>38,880000</SICI>
    <SUD>38,880000</SUD>
    <AUST>48,750000</AUST>
    <BRNN>38,880000</BRNN>
    <COAC>38,880000</COAC>
    <CORS>38,880000</CORS>
    <FOGN>38,880000</FOGN>
    <FRAN>48,750000</FRAN>
    <GREC>38,880000</GREC>
    <MFTV>48,750000</MFTV>
    <PRGP>38,880000</PRGP>
    <ROSN>38,880000</ROSN>
    <SLOV>48,750000</SLOV>
    <SVIZ>48,750000</SVIZ>
    <BSP>48,750000</BSP>
    <MALT>38,880000</MALT>
    <XAUS>48,750000</XAUS>
    <XFRA>48,750000</XFRA>
  </Prezzi>
  <Prezzi>
    <Data>20161028</Data>
    <Mercato>MGP</Mercato>
    <Ora>2</Ora>
    <PUN>41,370620</PUN>
    <NAT>40,500000</NAT>
    <CNOR>42,670000</CNOR>
    <CSUD>38,560000</CSUD>
    <NORD>42,670000</NORD>
    <SARD>38,560000</SARD>
    <SICI>38,560000</SICI>
    <SUD>38,560000</SUD>
    <AUST>42,670000</AUST>
    <BRNN>38,560000</BRNN>
    <COAC>38,560000</COAC>
    <CORS>42,670000</CORS>
    <FOGN>38,560000</FOGN>
    <FRAN>42,670000</FRAN>
    <GREC>38,560000</GREC>
    <MFTV>42,670000</MFTV>
    <PRGP>38,560000</PRGP>
    <ROSN>38,560000</ROSN>
    <SLOV>42,670000</SLOV>
    <SVIZ>42,670000</SVIZ>
    <BSP>42,670000</BSP>
    <MALT>38,560000</MALT>
    <XAUS>42,670000</XAUS>
    <XFRA>42,670000</XFRA>
  </Prezzi>
  <Prezzi>
    <Data>20161028</Data>
    <Mercato>MGP</Mercato>
    <Ora>3</Ora>
    <PUN>38,853980</PUN>
    <NAT>38,560000</NAT>
    <CNOR>38,990000</CNOR>
    <CSUD>38,560000</CSUD>
    <NORD>38,990000</NORD>
    <SARD>38,560000</SARD>
    <SICI>38,560000</SICI>
    <SUD>38,560000</SUD>
    <AUST>38,990000</AUST>
    <BRNN>38,560000</BRNN>
    <COAC>38,560000</COAC>
    <CORS>38,990000</CORS>
    <FOGN>38,560000</FOGN>
    <FRAN>38,990000</FRAN>
    <GREC>38,560000</GREC>
    <MFTV>38,990000</MFTV>
    <PRGP>38,560000</PRGP>
    <ROSN>38,560000</ROSN>
    <SLOV>38,990000</SLOV>
    <SVIZ>38,990000</SVIZ>
    <BSP>38,990000</BSP>
    <MALT>38,560000</MALT>
    <XAUS>38,990000</XAUS>
    <XFRA>38,990000</XFRA>
  </Prezzi>
  <Prezzi>
    <Data>20161028</Data>
    <Mercato>MGP</Mercato>
    <Ora>4</Ora>
    <PUN>36,140000</PUN>
    <NAT>36,140000</NAT>
    <CNOR>36,140000</CNOR>
    <CSUD>36,140000</CSUD>
    <NORD>36,140000</NORD>
    <SARD>36,140000</SARD>
    <SICI>36,140000</SICI>
    <SUD>36,140000</SUD>
    <AUST>36,140000</AUST>
    <BRNN>36,140000</BRNN>
    <COAC>36,140000</COAC>
    <CORS>36,140000</CORS>
    <FOGN>36,140000</FOGN>
    <FRAN>36,140000</FRAN>
    <GREC>36,140000</GREC>
    <MFTV>36,140000</MFTV>
    <PRGP>36,140000</PRGP>
    <ROSN>36,140000</ROSN>
    <SLOV>36,140000</SLOV>
    <SVIZ>36,140000</SVIZ>
    <BSP>36,140000</BSP>
    <MALT>36,140000</MALT>
    <XAUS>36,140000</XAUS>
    <XFRA>36,140000</XFRA>
  </Prezzi>
  <Prezzi>
    <Data>20161028</Data>
    <Mercato>MGP</Mercato>
    <Ora>5</Ora>
    <PUN>36,200000</PUN>
    <NAT>36,200000</NAT>
    <CNOR>36,200000</CNOR>
    <CSUD>36,200000</CSUD>
    <NORD>36,200000</NORD>
    <SARD>36,200000</SARD>
    <SICI>36,200000</SICI>
    <SUD>36,200000</SUD>
    <AUST>36,200000</AUST>
    <BRNN>36,200000</BRNN>
    <COAC>36,200000</COAC>
    <CORS>36,200000</CORS>
    <FOGN>36,200000</FOGN>
    <FRAN>36,200000</FRAN>
    <GREC>36,200000</GREC>
    <MFTV>36,200000</MFTV>
    <PRGP>36,200000</PRGP>
    <ROSN>36,200000</ROSN>
    <SLOV>36,200000</SLOV>
    <SVIZ>36,200000</SVIZ>
    <BSP>36,200000</BSP>
    <MALT>36,200000</MALT>
    <XAUS>36,200000</XAUS>
    <XFRA>36,200000</XFRA>
  </Prezzi>
  <Prezzi>
    <Data>20161028</Data>
    <Mercato>MGP</Mercato>
    <Ora>6</Ora>
    <PUN>38,853370</PUN>
    <NAT>38,880000</NAT>
    <CNOR>38,990000</CNOR>
    <CSUD>38,560000</CSUD>
    <NORD>38,990000</NORD>
    <SARD>38,560000</SARD>
    <SICI>38,560000</SICI>
    <SUD>38,560000</SUD>
    <AUST>38,990000</AUST>
    <BRNN>38,560000</BRNN>
    <COAC>38,560000</COAC>
    <CORS>38,990000</CORS>
    <FOGN>38,560000</FOGN>
    <FRAN>38,990000</FRAN>
    <GREC>38,560000</GREC>
    <MFTV>38,990000</MFTV>
    <PRGP>38,560000</PRGP>
    <ROSN>38,560000</ROSN>
    <SLOV>38,990000</SLOV>
    <SVIZ>38,990000</SVIZ>
    <BSP>38,990000</BSP>
    <MALT>38,560000</MALT>
    <XAUS>38,990000</XAUS>
    <XFRA>38,990000</XFRA>
  </Prezzi>
  <Prezzi>
    <Data>20161028</Data>
    <Mercato>MGP</Mercato>
    <Ora>7</Ora>
    <PUN>53,638370</PUN>
    <NAT>49,600000</NAT>
    <CNOR>58,300000</CNOR>
    <CSUD>43,310000</CSUD>
    <NORD>58,300000</NORD>
    <SARD>43,310000</SARD>
    <SICI>43,310000</SICI>
    <SUD>43,310000</SUD>
    <AUST>58,300000</AUST>
    <BRNN>43,310000</BRNN>
    <COAC>43,310000</COAC>
    <CORS>58,300000</CORS>
    <FOGN>43,310000</FOGN>
    <FRAN>58,300000</FRAN>
    <GREC>43,310000</GREC>
    <MFTV>58,300000</MFTV>
    <PRGP>43,310000</PRGP>
    <ROSN>43,310000</ROSN>
    <SLOV>58,300000</SLOV>
    <SVIZ>58,300000</SVIZ>
    <BSP>58,300000</BSP>
    <MALT>43,310000</MALT>
    <XAUS>58,300000</XAUS>
    <XFRA>58,300000</XFRA>
  </Prezzi>
  <Prezzi>
    <Data>20161028</Data>
    <Mercato>MGP</Mercato>
    <Ora>8</Ora>
    <PUN>65,160620</PUN>
    <NAT>63,730000</NAT>
    <CNOR>70,000000</CNOR>
    <CSUD>54,000000</CSUD>
    <NORD>70,000000</NORD>
    <SARD>54,000000</SARD>
    <SICI>54,000000</SICI>
    <SUD>54,000000</SUD>
    <AUST>70,000000</AUST>
    <BRNN>54,000000</BRNN>
    <COAC>54,000000</COAC>
    <CORS>70,000000</CORS>
    <FOGN>54,000000</FOGN>
    <FRAN>70,000000</FRAN>
    <GREC>54,000000</GREC>
    <MFTV>70,000000</MFTV>
    <PRGP>54,000000</PRGP>
    <ROSN>54,000000</ROSN>
    <SLOV>70,000000</SLOV>
    <SVIZ>70,000000</SVIZ>
    <BSP>70,000000</BSP>
    <MALT>54,000000</MALT>
    <XAUS>70,000000</XAUS>
    <XFRA>70,000000</XFRA>
  </Prezzi>
  <Prezzi>
    <Data>20161028</Data>
    <Mercato>MGP</Mercato>
    <Ora>9</Ora>
    <PUN>72,637620</PUN>
    <NAT>74,990000</NAT>
    <CNOR>76,000000</CNOR>
    <CSUD>65,000000</CSUD>
    <NORD>76,000000</NORD>
    <SARD>65,000000</SARD>
    <SICI>65,000000</SICI>
    <SUD>65,000000</SUD>
    <AUST>76,000000</AUST>
    <BRNN>65,000000</BRNN>
    <COAC>65,000000</COAC>
    <CORS>76,000000</CORS>
    <FOGN>65,000000</FOGN>
    <FRAN>76,000000</FRAN>
    <GREC>65,000000</GREC>
    <MFTV>76,000000</MFTV>
    <PRGP>65,000000</PRGP>
    <ROSN>65,000000</ROSN>
    <SLOV>76,000000</SLOV>
    <SVIZ>76,000000</SVIZ>
    <BSP>76,000000</BSP>
    <MALT>65,000000</MALT>
    <XAUS>76,000000</XAUS>
    <XFRA>76,000000</XFRA>
  </Prezzi>
  <Prezzi>
    <Data>20161028</Data>
    <Mercato>MGP</Mercato>
    <Ora>10</Ora>
    <PUN>68,248590</PUN>
    <NAT>66,220000</NAT>
    <CNOR>74,559390</CNOR>
    <CSUD>54,000000</CSUD>
    <NORD>74,559390</NORD>
    <SARD>54,000000</SARD>
    <SICI>54,000000</SICI>
    <SUD>54,000000</SUD>
    <AUST>74,559390</AUST>
    <BRNN>54,000000</BRNN>
    <COAC>54,000000</COAC>
    <CORS>74,559390</CORS>
    <FOGN>54,000000</FOGN>
    <FRAN>74,559390</FRAN>
    <GREC>54,000000</GREC>
    <MFTV>74,559390</MFTV>
    <PRGP>54,000000</PRGP>
    <ROSN>54,000000</ROSN>
    <SLOV>74,559390</SLOV>
    <SVIZ>74,559390</SVIZ>
    <BSP>74,559390</BSP>
    <MALT>54,000000</MALT>
    <XAUS>74,559390</XAUS>
    <XFRA>74,559390</XFRA>
  </Prezzi>
  <Prezzi>
    <Data>20161028</Data>
    <Mercato>MGP</Mercato>
    <Ora>11</Ora>
    <PUN>64,143160</PUN>
    <NAT>63,810000</NAT>
    <CNOR>72,000000</CNOR>
    <CSUD>46,210000</CSUD>
    <NORD>72,000000</NORD>
    <SARD>46,210000</SARD>
    <SICI>46,210000</SICI>
    <SUD>46,210000</SUD>
    <AUST>72,000000</AUST>
    <BRNN>46,210000</BRNN>
    <COAC>46,210000</COAC>
    <CORS>72,000000</CORS>
    <FOGN>46,210000</FOGN>
    <FRAN>72,000000</FRAN>
    <GREC>46,210000</GREC>
    <MFTV>72,000000</MFTV>
    <PRGP>46,210000</PRGP>
    <ROSN>46,210000</ROSN>
    <SLOV>72,000000</SLOV>
    <SVIZ>72,000000</SVIZ>
    <BSP>72,000000</BSP>
    <MALT>46,210000</MALT>
    <XAUS>72,000000</XAUS>
    <XFRA>72,000000</XFRA>
  </Prezzi>
  <Prezzi>
    <Data>20161028</Data>
    <Mercato>MGP</Mercato>
    <Ora>12</Ora>
    <PUN>59,797670</PUN>
    <NAT>54,000000</NAT>
    <CNOR>68,780000</CNOR>
    <CSUD>38,880000</CSUD>
    <NORD>68,780000</NORD>
    <SARD>38,880000</SARD>
    <SICI>38,880000</SICI>
    <SUD>38,880000</SUD>
    <AUST>68,780000</AUST>
    <BRNN>38,880000</BRNN>
    <COAC>38,880000</COAC>
    <CORS>68,780000</CORS>
    <FOGN>38,880000</FOGN>
    <FRAN>68,780000</FRAN>
    <GREC>38,880000</GREC>
    <MFTV>68,780000</MFTV>
    <PRGP>38,880000</PRGP>
    <ROSN>38,880000</ROSN>
    <SLOV>68,780000</SLOV>
    <SVIZ>68,780000</SVIZ>
    <BSP>68,780000</BSP>
    <MALT>38,880000</MALT>
    <XAUS>68,780000</XAUS>
    <XFRA>68,780000</XFRA>
  </Prezzi>
  <Prezzi>
    <Data>20161028</Data>
    <Mercato>MGP</Mercato>
    <Ora>13</Ora>
    <PUN>52,419750</PUN>
    <NAT>50,570000</NAT>
    <CNOR>58,810000</CNOR>
    <CSUD>38,560000</CSUD>
    <NORD>58,810000</NORD>
    <SARD>38,560000</SARD>
    <SICI>38,560000</SICI>
    <SUD>38,560000</SUD>
    <AUST>58,810000</AUST>
    <BRNN>38,560000</BRNN>
    <COAC>38,560000</COAC>
    <CORS>58,810000</CORS>
    <FOGN>38,560000</FOGN>
    <FRAN>58,810000</FRAN>
    <GREC>38,560000</GREC>
    <MFTV>58,810000</MFTV>
    <PRGP>38,560000</PRGP>
    <ROSN>38,560000</ROSN>
    <SLOV>58,810000</SLOV>
    <SVIZ>58,810000</SVIZ>
    <BSP>58,810000</BSP>
    <MALT>38,560000</MALT>
    <XAUS>58,810000</XAUS>
    <XFRA>58,810000</XFRA>
  </Prezzi>
  <Prezzi>
    <Data>20161028</Data>
    <Mercato>MGP</Mercato>
    <Ora>14</Ora>
    <PUN>51,086470</PUN>
    <NAT>50,000000</NAT>
    <CNOR>56,650000</CNOR>
    <CSUD>38,550000</CSUD>
    <NORD>56,650000</NORD>
    <SARD>38,550000</SARD>
    <SICI>38,550000</SICI>
    <SUD>38,550000</SUD>
    <AUST>56,650000</AUST>
    <BRNN>38,550000</BRNN>
    <COAC>38,550000</COAC>
    <CORS>56,650000</CORS>
    <FOGN>38,550000</FOGN>
    <FRAN>56,650000</FRAN>
    <GREC>38,550000</GREC>
    <MFTV>56,650000</MFTV>
    <PRGP>38,550000</PRGP>
    <ROSN>38,550000</ROSN>
    <SLOV>56,650000</SLOV>
    <SVIZ>56,650000</SVIZ>
    <BSP>56,650000</BSP>
    <MALT>38,550000</MALT>
    <XAUS>56,650000</XAUS>
    <XFRA>56,650000</XFRA>
  </Prezzi>
  <Prezzi>
    <Data>20161028</Data>
    <Mercato>MGP</Mercato>
    <Ora>15</Ora>
    <PUN>52,239470</PUN>
    <NAT>50,000000</NAT>
    <CNOR>57,980000</CNOR>
    <CSUD>38,550000</CSUD>
    <NORD>57,980000</NORD>
    <SARD>38,550000</SARD>
    <SICI>38,550000</SICI>
    <SUD>38,550000</SUD>
    <AUST>57,980000</AUST>
    <BRNN>38,550000</BRNN>
    <COAC>38,550000</COAC>
    <CORS>57,980000</CORS>
    <FOGN>38,550000</FOGN>
    <FRAN>57,980000</FRAN>
    <GREC>38,550000</GREC>
    <MFTV>57,980000</MFTV>
    <PRGP>38,550000</PRGP>
    <ROSN>38,550000</ROSN>
    <SLOV>57,980000</SLOV>
    <SVIZ>57,980000</SVIZ>
    <BSP>57,980000</BSP>
    <MALT>38,550000</MALT>
    <XAUS>57,980000</XAUS>
    <XFRA>57,980000</XFRA>
  </Prezzi>
  <Prezzi>
    <Data>20161028</Data>
    <Mercato>MGP</Mercato>
    <Ora>16</Ora>
    <PUN>51,104100</PUN>
    <NAT>50,570000</NAT>
    <CNOR>56,280000</CNOR>
    <CSUD>38,880000</CSUD>
    <NORD>56,280000</NORD>
    <SARD>38,880000</SARD>
    <SICI>38,880000</SICI>
    <SUD>38,880000</SUD>
    <AUST>56,280000</AUST>
    <BRNN>38,880000</BRNN>
    <COAC>38,880000</COAC>
    <CORS>56,280000</CORS>
    <FOGN>38,880000</FOGN>
    <FRAN>56,280000</FRAN>
    <GREC>38,880000</GREC>
    <MFTV>56,280000</MFTV>
    <PRGP>38,880000</PRGP>
    <ROSN>38,880000</ROSN>
    <SLOV>56,280000</SLOV>
    <SVIZ>56,280000</SVIZ>
    <BSP>56,280000</BSP>
    <MALT>38,880000</MALT>
    <XAUS>56,280000</XAUS>
    <XFRA>56,280000</XFRA>
  </Prezzi>
  <Prezzi>
    <Data>20161028</Data>
    <Mercato>MGP</Mercato>
    <Ora>17</Ora>
    <PUN>55,292680</PUN>
    <NAT>53,470000</NAT>
    <CNOR>56,302440</CNOR>
    <CSUD>53,000000</CSUD>
    <NORD>56,302440</NORD>
    <SARD>53,000000</SARD>
    <SICI>53,000000</SICI>
    <SUD>53,000000</SUD>
    <AUST>56,302440</AUST>
    <BRNN>53,000000</BRNN>
    <COAC>53,000000</COAC>
    <CORS>56,302440</CORS>
    <FOGN>53,000000</FOGN>
    <FRAN>56,302440</FRAN>
    <GREC>53,000000</GREC>
    <MFTV>56,302440</MFTV>
    <PRGP>53,000000</PRGP>
    <ROSN>53,000000</ROSN>
    <SLOV>56,302440</SLOV>
    <SVIZ>56,302440</SVIZ>
    <BSP>56,302440</BSP>
    <MALT>53,000000</MALT>
    <XAUS>56,302440</XAUS>
    <XFRA>56,302440</XFRA>
  </Prezzi>
  <Prezzi>
    <Data>20161028</Data>
    <Mercato>MGP</Mercato>
    <Ora>18</Ora>
    <PUN>60,381670</PUN>
    <NAT>60,000000</NAT>
    <CNOR>60,560000</CNOR>
    <CSUD>60,000000</CSUD>
    <NORD>60,560000</NORD>
    <SARD>60,000000</SARD>
    <SICI>60,000000</SICI>
    <SUD>60,000000</SUD>
    <AUST>60,560000</AUST>
    <BRNN>60,000000</BRNN>
    <COAC>60,000000</COAC>
    <CORS>60,560000</CORS>
    <FOGN>60,000000</FOGN>
    <FRAN>60,560000</FRAN>
    <GREC>60,000000</GREC>
    <MFTV>60,560000</MFTV>
    <PRGP>60,000000</PRGP>
    <ROSN>60,000000</ROSN>
    <SLOV>60,560000</SLOV>
    <SVIZ>60,560000</SVIZ>
    <BSP>60,560000</BSP>
    <MALT>60,000000</MALT>
    <XAUS>60,560000</XAUS>
    <XFRA>60,560000</XFRA>
  </Prezzi>
  <Prezzi>
    <Data>20161028</Data>
    <Mercato>MGP</Mercato>
    <Ora>19</Ora>
    <PUN>71,610000</PUN>
    <NAT>71,610000</NAT>
    <CNOR>71,610000</CNOR>
    <CSUD>71,610000</CSUD>
    <NORD>71,610000</NORD>
    <SARD>71,610000</SARD>
    <SICI>71,610000</SICI>
    <SUD>71,610000</SUD>
    <AUST>71,610000</AUST>
    <BRNN>71,610000</BRNN>
    <COAC>71,610000</COAC>
    <CORS>71,610000</CORS>
    <FOGN>71,610000</FOGN>
    <FRAN>71,610000</FRAN>
    <GREC>71,610000</GREC>
    <MFTV>71,610000</MFTV>
    <PRGP>71,610000</PRGP>
    <ROSN>71,610000</ROSN>
    <SLOV>71,610000</SLOV>
    <SVIZ>71,610000</SVIZ>
    <BSP>71,610000</BSP>
    <MALT>71,610000</MALT>
    <XAUS>71,610000</XAUS>
    <XFRA>71,610000</XFRA>
  </Prezzi>
  <Prezzi>
    <Data>20161028</Data>
    <Mercato>MGP</Mercato>
    <Ora>20</Ora>
    <PUN>81,240000</PUN>
    <NAT>81,240000</NAT>
    <CNOR>81,240000</CNOR>
    <CSUD>81,240000</CSUD>
    <NORD>81,240000</NORD>
    <SARD>81,240000</SARD>
    <SICI>81,240000</SICI>
    <SUD>81,240000</SUD>
    <AUST>81,240000</AUST>
    <BRNN>81,240000</BRNN>
    <COAC>81,240000</COAC>
    <CORS>81,240000</CORS>
    <FOGN>81,240000</FOGN>
    <FRAN>81,240000</FRAN>
    <GREC>81,240000</GREC>
    <MFTV>81,240000</MFTV>
    <PRGP>81,240000</PRGP>
    <ROSN>81,240000</ROSN>
    <SLOV>81,240000</SLOV>
    <SVIZ>81,240000</SVIZ>
    <BSP>81,240000</BSP>
    <MALT>81,240000</MALT>
    <XAUS>81,240000</XAUS>
    <XFRA>81,240000</XFRA>
  </Prezzi>
  <Prezzi>
    <Data>20161028</Data>
    <Mercato>MGP</Mercato>
    <Ora>21</Ora>
    <PUN>69,090000</PUN>
    <NAT>69,090000</NAT>
    <CNOR>69,090000</CNOR>
    <CSUD>69,090000</CSUD>
    <NORD>69,090000</NORD>
    <SARD>69,090000</SARD>
    <SICI>69,090000</SICI>
    <SUD>69,090000</SUD>
    <AUST>69,090000</AUST>
    <BRNN>69,090000</BRNN>
    <COAC>69,090000</COAC>
    <CORS>69,090000</CORS>
    <FOGN>69,090000</FOGN>
    <FRAN>69,090000</FRAN>
    <GREC>69,090000</GREC>
    <MFTV>69,090000</MFTV>
    <PRGP>69,090000</PRGP>
    <ROSN>69,090000</ROSN>
    <SLOV>69,090000</SLOV>
    <SVIZ>69,090000</SVIZ>
    <BSP>69,090000</BSP>
    <MALT>69,090000</MALT>
    <XAUS>69,090000</XAUS>
    <XFRA>69,090000</XFRA>
  </Prezzi>
  <Prezzi>
    <Data>20161028</Data>
    <Mercato>MGP</Mercato>
    <Ora>22</Ora>
    <PUN>57,690000</PUN>
    <NAT>57,690000</NAT>
    <CNOR>57,690000</CNOR>
    <CSUD>57,690000</CSUD>
    <NORD>57,690000</NORD>
    <SARD>57,690000</SARD>
    <SICI>57,690000</SICI>
    <SUD>57,690000</SUD>
    <AUST>57,690000</AUST>
    <BRNN>57,690000</BRNN>
    <COAC>57,690000</COAC>
    <CORS>57,690000</CORS>
    <FOGN>57,690000</FOGN>
    <FRAN>57,690000</FRAN>
    <GREC>57,690000</GREC>
    <MFTV>57,690000</MFTV>
    <PRGP>57,690000</PRGP>
    <ROSN>57,690000</ROSN>
    <SLOV>57,690000</SLOV>
    <SVIZ>57,690000</SVIZ>
    <BSP>57,690000</BSP>
    <MALT>57,690000</MALT>
    <XAUS>57,690000</XAUS>
    <XFRA>57,690000</XFRA>
  </Prezzi>
  <Prezzi>
    <Data>20161028</Data>
    <Mercato>MGP</Mercato>
    <Ora>23</Ora>
    <PUN>54,554490</PUN>
    <NAT>54,000000</NAT>
    <CNOR>55,350000</CNOR>
    <CSUD>53,000000</CSUD>
    <NORD>55,350000</NORD>
    <SARD>53,000000</SARD>
    <SICI>53,000000</SICI>
    <SUD>53,000000</SUD>
    <AUST>55,350000</AUST>
    <BRNN>53,000000</BRNN>
    <COAC>53,000000</COAC>
    <CORS>55,350000</CORS>
    <FOGN>53,000000</FOGN>
    <FRAN>55,350000</FRAN>
    <GREC>53,000000</GREC>
    <MFTV>55,350000</MFTV>
    <PRGP>53,000000</PRGP>
    <ROSN>53,000000</ROSN>
    <SLOV>55,350000</SLOV>
    <SVIZ>55,350000</SVIZ>
    <BSP>55,350000</BSP>
    <MALT>53,000000</MALT>
    <XAUS>55,350000</XAUS>
    <XFRA>55,350000</XFRA>
  </Prezzi>
  <Prezzi>
    <Data>20161028</Data>
    <Mercato>MGP</Mercato>
    <Ora>24</Ora>
    <PUN>49,423250</PUN>
    <NAT>50,000000</NAT>
    <CNOR>49,470000</CNOR>
    <CSUD>45,800000</CSUD>
    <NORD>51,570000</NORD>
    <SARD>45,800000</SARD>
    <SICI>45,800000</SICI>
    <SUD>45,800000</SUD>
    <AUST>51,570000</AUST>
    <BRNN>45,800000</BRNN>
    <COAC>45,800000</COAC>
    <CORS>49,470000</CORS>
    <FOGN>45,800000</FOGN>
    <FRAN>51,570000</FRAN>
    <GREC>45,800000</GREC>
    <MFTV>51,570000</MFTV>
    <PRGP>45,800000</PRGP>
    <ROSN>45,800000</ROSN>
    <SLOV>51,570000</SLOV>
    <SVIZ>51,570000</SVIZ>
    <BSP>51,570000</BSP>
    <MALT>45,800000</MALT>
    <XAUS>51,570000</XAUS>
    <XFRA>51,570000</XFRA>
  </Prezzi>
</NewDataSet>