<?xml version="1.0" standalone="yes"?>
<NewDataSet>
  <xs:schema id="NewDataSet" xmlns="" xmlns:xs="http://www.w3.org/2001/XMLSchema" xmlns:msdata="urn:schemas-microsoft-com:xml-msdata">
    <xs:element name="NewDataSet" msdata:IsDataSet="true" msdata:UseCurrentLocale="true">
      <xs:complexType>
        <xs:choice minOccurs="0" maxOccurs="unbounded">
          <xs:element name="Prezzi">
            <xs:complexType>
              <xs:sequence>
                <xs:element name="Data" type="xs:string" minOccurs="0" />
                <xs:element name="Mercato" type="xs:string" minOccurs="0" />
                <xs:element name="Ora" type="xs:string" minOccurs="0" />
                <xs:element name="PUN" type="xs:string" minOccurs="0" />
                <xs:element name="NAT" type="xs:string" minOccurs="0" />
                <xs:element name="CNOR" type="xs:string" minOccurs="0" />
                <xs:element name="CSUD" type="xs:string" minOccurs="0" />
                <xs:element name="NORD" type="xs:string" minOccurs="0" />
                <xs:element name="SARD" type="xs:string" minOccurs="0" />
                <xs:element name="SICI" type="xs:string" minOccurs="0" />
                <xs:element name="SUD" type="xs:string" minOccurs="0" />
                <xs:element name="AUST" type="xs:string" minOccurs="0" />
                <xs:element name="BRNN" type="xs:string" minOccurs="0" />
                <xs:element name="COAC" type="xs:string" minOccurs="0" />
                <xs:element name="CORS" type="xs:string" minOccurs="0" />
                <xs:element name="FOGN" type="xs:string" minOccurs="0" />
                <xs:element name="FRAN" type="xs:string" minOccurs="0" />
                <xs:element name="GREC" type="xs:string" minOccurs="0" />
                <xs:element name="MFTV" type="xs:string" minOccurs="0" />
                <xs:element name="PRGP" type="xs:string" minOccurs="0" />
                <xs:element name="ROSN" type="xs:string" minOccurs="0" />
                <xs:element name="SLOV" type="xs:string" minOccurs="0" />
                <xs:element name="SVIZ" type="xs:string" minOccurs="0" />
                <xs:element name="BSP" type="xs:string" minOccurs="0" />
                <xs:element name="MALT" type="xs:string" minOccurs="0" />
                <xs:element name="XAUS" type="xs:string" minOccurs="0" />
                <xs:element name="XFRA" type="xs:string" minOccurs="0" />
              </xs:sequence>
            </xs:complexType>
          </xs:element>
        </xs:choice>
      </xs:complexType>
    </xs:element>
  </xs:schema>
  <Prezzi>
    <Data>20161012</Data>
    <Mercato>MGP</Mercato>
    <Ora>1</Ora>
    <PUN>47,212730</PUN>
    <NAT>45,230000</NAT>
    <CNOR>43,000000</CNOR>
    <CSUD>43,000000</CSUD>
    <NORD>50,510000</NORD>
    <SARD>43,000000</SARD>
    <SICI>43,000000</SICI>
    <SUD>43,000000</SUD>
    <AUST>50,510000</AUST>
    <BRNN>43,000000</BRNN>
    <COAC>43,000000</COAC>
    <CORS>3000,000000</CORS>
    <FOGN>43,000000</FOGN>
    <FRAN>50,510000</FRAN>
    <GREC>43,000000</GREC>
    <MFTV>50,510000</MFTV>
    <PRGP>43,000000</PRGP>
    <ROSN>43,000000</ROSN>
    <SLOV>50,510000</SLOV>
    <SVIZ>50,510000</SVIZ>
    <BSP>50,510000</BSP>
    <MALT>43,000000</MALT>
    <XAUS>50,510000</XAUS>
    <XFRA>50,510000</XFRA>
  </Prezzi>
  <Prezzi>
    <Data>20161012</Data>
    <Mercato>MGP</Mercato>
    <Ora>2</Ora>
    <PUN>44,412310</PUN>
    <NAT>44,780000</NAT>
    <CNOR>40,990000</CNOR>
    <CSUD>40,990000</CSUD>
    <NORD>47,058970</NORD>
    <SARD>40,990000</SARD>
    <SICI>40,990000</SICI>
    <SUD>40,990000</SUD>
    <AUST>47,058970</AUST>
    <BRNN>40,990000</BRNN>
    <COAC>40,990000</COAC>
    <CORS>3000,000000</CORS>
    <FOGN>40,990000</FOGN>
    <FRAN>47,058970</FRAN>
    <GREC>40,990000</GREC>
    <MFTV>47,058970</MFTV>
    <PRGP>40,990000</PRGP>
    <ROSN>40,990000</ROSN>
    <SLOV>47,058970</SLOV>
    <SVIZ>47,058970</SVIZ>
    <BSP>47,058970</BSP>
    <MALT>40,990000</MALT>
    <XAUS>47,058970</XAUS>
    <XFRA>47,058970</XFRA>
  </Prezzi>
  <Prezzi>
    <Data>20161012</Data>
    <Mercato>MGP</Mercato>
    <Ora>3</Ora>
    <PUN>42,653360</PUN>
    <NAT>43,000000</NAT>
    <CNOR>39,850000</CNOR>
    <CSUD>39,850000</CSUD>
    <NORD>44,780000</NORD>
    <SARD>39,850000</SARD>
    <SICI>39,850000</SICI>
    <SUD>39,850000</SUD>
    <AUST>44,780000</AUST>
    <BRNN>39,850000</BRNN>
    <COAC>39,850000</COAC>
    <CORS>3000,000000</CORS>
    <FOGN>39,850000</FOGN>
    <FRAN>44,780000</FRAN>
    <GREC>39,850000</GREC>
    <MFTV>44,780000</MFTV>
    <PRGP>39,850000</PRGP>
    <ROSN>39,850000</ROSN>
    <SLOV>44,780000</SLOV>
    <SVIZ>44,780000</SVIZ>
    <BSP>44,780000</BSP>
    <MALT>39,850000</MALT>
    <XAUS>44,780000</XAUS>
    <XFRA>44,780000</XFRA>
  </Prezzi>
  <Prezzi>
    <Data>20161012</Data>
    <Mercato>MGP</Mercato>
    <Ora>4</Ora>
    <PUN>38,744740</PUN>
    <NAT>38,650000</NAT>
    <CNOR>35,210000</CNOR>
    <CSUD>35,210000</CSUD>
    <NORD>41,329710</NORD>
    <SARD>35,210000</SARD>
    <SICI>35,210000</SICI>
    <SUD>35,210000</SUD>
    <AUST>41,329710</AUST>
    <BRNN>35,210000</BRNN>
    <COAC>35,210000</COAC>
    <CORS>3000,000000</CORS>
    <FOGN>35,210000</FOGN>
    <FRAN>41,329710</FRAN>
    <GREC>35,210000</GREC>
    <MFTV>41,329710</MFTV>
    <PRGP>35,210000</PRGP>
    <ROSN>35,210000</ROSN>
    <SLOV>41,329710</SLOV>
    <SVIZ>41,329710</SVIZ>
    <BSP>41,329710</BSP>
    <MALT>35,210000</MALT>
    <XAUS>41,329710</XAUS>
    <XFRA>41,329710</XFRA>
  </Prezzi>
  <Prezzi>
    <Data>20161012</Data>
    <Mercato>MGP</Mercato>
    <Ora>5</Ora>
    <PUN>38,524290</PUN>
    <NAT>38,000000</NAT>
    <CNOR>35,110000</CNOR>
    <CSUD>35,110000</CSUD>
    <NORD>41,040000</NORD>
    <SARD>35,110000</SARD>
    <SICI>35,110000</SICI>
    <SUD>35,110000</SUD>
    <AUST>41,040000</AUST>
    <BRNN>35,110000</BRNN>
    <COAC>35,110000</COAC>
    <CORS>3000,000000</CORS>
    <FOGN>35,110000</FOGN>
    <FRAN>41,040000</FRAN>
    <GREC>35,110000</GREC>
    <MFTV>41,040000</MFTV>
    <PRGP>35,110000</PRGP>
    <ROSN>35,110000</ROSN>
    <SLOV>41,040000</SLOV>
    <SVIZ>41,040000</SVIZ>
    <BSP>41,040000</BSP>
    <MALT>35,110000</MALT>
    <XAUS>41,040000</XAUS>
    <XFRA>41,040000</XFRA>
  </Prezzi>
  <Prezzi>
    <Data>20161012</Data>
    <Mercato>MGP</Mercato>
    <Ora>6</Ora>
    <PUN>41,457260</PUN>
    <NAT>39,990000</NAT>
    <CNOR>39,130000</CNOR>
    <CSUD>39,130000</CSUD>
    <NORD>43,196430</NORD>
    <SARD>39,130000</SARD>
    <SICI>39,130000</SICI>
    <SUD>39,130000</SUD>
    <AUST>43,196430</AUST>
    <BRNN>39,130000</BRNN>
    <COAC>39,130000</COAC>
    <CORS>3000,000000</CORS>
    <FOGN>39,130000</FOGN>
    <FRAN>43,196430</FRAN>
    <GREC>39,130000</GREC>
    <MFTV>43,196430</MFTV>
    <PRGP>39,130000</PRGP>
    <ROSN>39,130000</ROSN>
    <SLOV>43,196430</SLOV>
    <SVIZ>43,196430</SVIZ>
    <BSP>43,196430</BSP>
    <MALT>39,130000</MALT>
    <XAUS>43,196430</XAUS>
    <XFRA>43,196430</XFRA>
  </Prezzi>
  <Prezzi>
    <Data>20161012</Data>
    <Mercato>MGP</Mercato>
    <Ora>7</Ora>
    <PUN>55,211420</PUN>
    <NAT>48,230000</NAT>
    <CNOR>44,000000</CNOR>
    <CSUD>44,000000</CSUD>
    <NORD>63,150000</NORD>
    <SARD>44,000000</SARD>
    <SICI>44,000000</SICI>
    <SUD>44,000000</SUD>
    <AUST>63,150000</AUST>
    <BRNN>44,000000</BRNN>
    <COAC>44,000000</COAC>
    <CORS>3000,000000</CORS>
    <FOGN>44,000000</FOGN>
    <FRAN>63,150000</FRAN>
    <GREC>44,000000</GREC>
    <MFTV>63,150000</MFTV>
    <PRGP>44,000000</PRGP>
    <ROSN>44,000000</ROSN>
    <SLOV>63,150000</SLOV>
    <SVIZ>63,150000</SVIZ>
    <BSP>63,150000</BSP>
    <MALT>44,000000</MALT>
    <XAUS>63,150000</XAUS>
    <XFRA>63,150000</XFRA>
  </Prezzi>
  <Prezzi>
    <Data>20161012</Data>
    <Mercato>MGP</Mercato>
    <Ora>8</Ora>
    <PUN>63,498590</PUN>
    <NAT>62,670000</NAT>
    <CNOR>45,000000</CNOR>
    <CSUD>45,000000</CSUD>
    <NORD>75,983370</NORD>
    <SARD>45,000000</SARD>
    <SICI>45,000000</SICI>
    <SUD>45,000000</SUD>
    <AUST>75,983370</AUST>
    <BRNN>45,000000</BRNN>
    <COAC>45,000000</COAC>
    <CORS>3000,000000</CORS>
    <FOGN>45,000000</FOGN>
    <FRAN>75,983370</FRAN>
    <GREC>45,000000</GREC>
    <MFTV>75,983370</MFTV>
    <PRGP>45,000000</PRGP>
    <ROSN>45,000000</ROSN>
    <SLOV>75,983370</SLOV>
    <SVIZ>75,983370</SVIZ>
    <BSP>75,983370</BSP>
    <MALT>45,000000</MALT>
    <XAUS>75,983370</XAUS>
    <XFRA>75,983370</XFRA>
  </Prezzi>
  <Prezzi>
    <Data>20161012</Data>
    <Mercato>MGP</Mercato>
    <Ora>9</Ora>
    <PUN>65,903310</PUN>
    <NAT>63,000000</NAT>
    <CNOR>59,250000</CNOR>
    <CSUD>44,000000</CSUD>
    <NORD>77,860000</NORD>
    <SARD>44,000000</SARD>
    <SICI>44,000000</SICI>
    <SUD>44,000000</SUD>
    <AUST>77,860000</AUST>
    <BRNN>44,000000</BRNN>
    <COAC>44,000000</COAC>
    <CORS>3000,000000</CORS>
    <FOGN>44,000000</FOGN>
    <FRAN>77,860000</FRAN>
    <GREC>44,000000</GREC>
    <MFTV>77,860000</MFTV>
    <PRGP>44,000000</PRGP>
    <ROSN>44,000000</ROSN>
    <SLOV>77,860000</SLOV>
    <SVIZ>77,860000</SVIZ>
    <BSP>77,860000</BSP>
    <MALT>44,000000</MALT>
    <XAUS>77,860000</XAUS>
    <XFRA>77,860000</XFRA>
  </Prezzi>
  <Prezzi>
    <Data>20161012</Data>
    <Mercato>MGP</Mercato>
    <Ora>10</Ora>
    <PUN>64,760360</PUN>
    <NAT>59,670000</NAT>
    <CNOR>43,000000</CNOR>
    <CSUD>43,000000</CSUD>
    <NORD>79,204010</NORD>
    <SARD>43,000000</SARD>
    <SICI>43,000000</SICI>
    <SUD>43,000000</SUD>
    <AUST>79,204010</AUST>
    <BRNN>43,000000</BRNN>
    <COAC>43,000000</COAC>
    <CORS>3000,000000</CORS>
    <FOGN>43,000000</FOGN>
    <FRAN>79,204010</FRAN>
    <GREC>43,000000</GREC>
    <MFTV>79,204010</MFTV>
    <PRGP>43,000000</PRGP>
    <ROSN>43,000000</ROSN>
    <SLOV>79,204010</SLOV>
    <SVIZ>79,204010</SVIZ>
    <BSP>79,204010</BSP>
    <MALT>43,000000</MALT>
    <XAUS>79,204010</XAUS>
    <XFRA>79,204010</XFRA>
  </Prezzi>
  <Prezzi>
    <Data>20161012</Data>
    <Mercato>MGP</Mercato>
    <Ora>11</Ora>
    <PUN>61,538850</PUN>
    <NAT>51,150000</NAT>
    <CNOR>38,000000</CNOR>
    <CSUD>38,000000</CSUD>
    <NORD>77,300000</NORD>
    <SARD>38,000000</SARD>
    <SICI>38,000000</SICI>
    <SUD>38,000000</SUD>
    <AUST>77,300000</AUST>
    <BRNN>38,000000</BRNN>
    <COAC>38,000000</COAC>
    <CORS>3000,000000</CORS>
    <FOGN>38,000000</FOGN>
    <FRAN>77,300000</FRAN>
    <GREC>38,000000</GREC>
    <MFTV>77,300000</MFTV>
    <PRGP>38,000000</PRGP>
    <ROSN>38,000000</ROSN>
    <SLOV>77,300000</SLOV>
    <SVIZ>77,300000</SVIZ>
    <BSP>77,300000</BSP>
    <MALT>38,000000</MALT>
    <XAUS>77,300000</XAUS>
    <XFRA>77,300000</XFRA>
  </Prezzi>
  <Prezzi>
    <Data>20161012</Data>
    <Mercato>MGP</Mercato>
    <Ora>12</Ora>
    <PUN>59,652150</PUN>
    <NAT>46,980000</NAT>
    <CNOR>32,920000</CNOR>
    <CSUD>32,920000</CSUD>
    <NORD>77,300000</NORD>
    <SARD>32,920000</SARD>
    <SICI>32,920000</SICI>
    <SUD>32,920000</SUD>
    <AUST>77,300000</AUST>
    <BRNN>32,920000</BRNN>
    <COAC>32,920000</COAC>
    <CORS>3000,000000</CORS>
    <FOGN>32,920000</FOGN>
    <FRAN>77,300000</FRAN>
    <GREC>32,920000</GREC>
    <MFTV>77,300000</MFTV>
    <PRGP>32,920000</PRGP>
    <ROSN>32,920000</ROSN>
    <SLOV>77,300000</SLOV>
    <SVIZ>77,300000</SVIZ>
    <BSP>77,300000</BSP>
    <MALT>32,920000</MALT>
    <XAUS>77,300000</XAUS>
    <XFRA>77,300000</XFRA>
  </Prezzi>
  <Prezzi>
    <Data>20161012</Data>
    <Mercato>MGP</Mercato>
    <Ora>13</Ora>
    <PUN>53,189740</PUN>
    <NAT>45,000000</NAT>
    <CNOR>31,150000</CNOR>
    <CSUD>31,150000</CSUD>
    <NORD>68,660000</NORD>
    <SARD>31,150000</SARD>
    <SICI>31,150000</SICI>
    <SUD>31,150000</SUD>
    <AUST>68,660000</AUST>
    <BRNN>31,150000</BRNN>
    <COAC>31,150000</COAC>
    <CORS>3000,000000</CORS>
    <FOGN>31,150000</FOGN>
    <FRAN>68,660000</FRAN>
    <GREC>31,150000</GREC>
    <MFTV>68,660000</MFTV>
    <PRGP>31,150000</PRGP>
    <ROSN>31,150000</ROSN>
    <SLOV>68,660000</SLOV>
    <SVIZ>68,660000</SVIZ>
    <BSP>68,660000</BSP>
    <MALT>31,150000</MALT>
    <XAUS>68,660000</XAUS>
    <XFRA>68,660000</XFRA>
  </Prezzi>
  <Prezzi>
    <Data>20161012</Data>
    <Mercato>MGP</Mercato>
    <Ora>14</Ora>
    <PUN>52,508790</PUN>
    <NAT>44,940000</NAT>
    <CNOR>29,990000</CNOR>
    <CSUD>29,990000</CSUD>
    <NORD>67,620000</NORD>
    <SARD>29,990000</SARD>
    <SICI>29,990000</SICI>
    <SUD>29,990000</SUD>
    <AUST>67,620000</AUST>
    <BRNN>29,990000</BRNN>
    <COAC>29,990000</COAC>
    <CORS>3000,000000</CORS>
    <FOGN>29,990000</FOGN>
    <FRAN>67,620000</FRAN>
    <GREC>29,990000</GREC>
    <MFTV>67,620000</MFTV>
    <PRGP>29,990000</PRGP>
    <ROSN>29,990000</ROSN>
    <SLOV>67,620000</SLOV>
    <SVIZ>67,620000</SVIZ>
    <BSP>67,620000</BSP>
    <MALT>29,990000</MALT>
    <XAUS>67,620000</XAUS>
    <XFRA>67,620000</XFRA>
  </Prezzi>
  <Prezzi>
    <Data>20161012</Data>
    <Mercato>MGP</Mercato>
    <Ora>15</Ora>
    <PUN>53,476550</PUN>
    <NAT>45,740000</NAT>
    <CNOR>32,650000</CNOR>
    <CSUD>32,650000</CSUD>
    <NORD>67,010000</NORD>
    <SARD>32,650000</SARD>
    <SICI>32,650000</SICI>
    <SUD>32,650000</SUD>
    <AUST>67,010000</AUST>
    <BRNN>32,650000</BRNN>
    <COAC>32,650000</COAC>
    <CORS>3000,000000</CORS>
    <FOGN>32,650000</FOGN>
    <FRAN>67,010000</FRAN>
    <GREC>32,650000</GREC>
    <MFTV>67,010000</MFTV>
    <PRGP>32,650000</PRGP>
    <ROSN>32,650000</ROSN>
    <SLOV>67,010000</SLOV>
    <SVIZ>67,010000</SVIZ>
    <BSP>67,010000</BSP>
    <MALT>32,650000</MALT>
    <XAUS>67,010000</XAUS>
    <XFRA>67,010000</XFRA>
  </Prezzi>
  <Prezzi>
    <Data>20161012</Data>
    <Mercato>MGP</Mercato>
    <Ora>16</Ora>
    <PUN>52,600110</PUN>
    <NAT>45,740000</NAT>
    <CNOR>35,500000</CNOR>
    <CSUD>35,500000</CSUD>
    <NORD>63,812060</NORD>
    <SARD>35,500000</SARD>
    <SICI>35,500000</SICI>
    <SUD>35,500000</SUD>
    <AUST>63,812060</AUST>
    <BRNN>35,500000</BRNN>
    <COAC>35,500000</COAC>
    <CORS>3000,000000</CORS>
    <FOGN>35,500000</FOGN>
    <FRAN>63,812060</FRAN>
    <GREC>35,500000</GREC>
    <MFTV>63,812060</MFTV>
    <PRGP>35,500000</PRGP>
    <ROSN>35,500000</ROSN>
    <SLOV>63,812060</SLOV>
    <SVIZ>63,812060</SVIZ>
    <BSP>63,812060</BSP>
    <MALT>35,500000</MALT>
    <XAUS>63,812060</XAUS>
    <XFRA>63,812060</XFRA>
  </Prezzi>
  <Prezzi>
    <Data>20161012</Data>
    <Mercato>MGP</Mercato>
    <Ora>17</Ora>
    <PUN>50,691300</PUN>
    <NAT>47,700000</NAT>
    <CNOR>41,430000</CNOR>
    <CSUD>41,430000</CSUD>
    <NORD>56,907570</NORD>
    <SARD>41,430000</SARD>
    <SICI>41,430000</SICI>
    <SUD>41,430000</SUD>
    <AUST>56,907570</AUST>
    <BRNN>41,430000</BRNN>
    <COAC>41,430000</COAC>
    <CORS>3000,000000</CORS>
    <FOGN>41,430000</FOGN>
    <FRAN>56,907570</FRAN>
    <GREC>41,430000</GREC>
    <MFTV>56,907570</MFTV>
    <PRGP>41,430000</PRGP>
    <ROSN>41,430000</ROSN>
    <SLOV>56,907570</SLOV>
    <SVIZ>56,907570</SVIZ>
    <BSP>56,907570</BSP>
    <MALT>41,430000</MALT>
    <XAUS>56,907570</XAUS>
    <XFRA>56,907570</XFRA>
  </Prezzi>
  <Prezzi>
    <Data>20161012</Data>
    <Mercato>MGP</Mercato>
    <Ora>18</Ora>
    <PUN>56,213250</PUN>
    <NAT>51,350000</NAT>
    <CNOR>61,190000</CNOR>
    <CSUD>45,000000</CSUD>
    <NORD>61,190000</NORD>
    <SARD>45,000000</SARD>
    <SICI>45,000000</SICI>
    <SUD>45,000000</SUD>
    <AUST>61,190000</AUST>
    <BRNN>45,000000</BRNN>
    <COAC>45,000000</COAC>
    <CORS>3000,000000</CORS>
    <FOGN>45,000000</FOGN>
    <FRAN>61,190000</FRAN>
    <GREC>45,000000</GREC>
    <MFTV>61,190000</MFTV>
    <PRGP>45,000000</PRGP>
    <ROSN>45,000000</ROSN>
    <SLOV>61,190000</SLOV>
    <SVIZ>61,190000</SVIZ>
    <BSP>61,190000</BSP>
    <MALT>45,000000</MALT>
    <XAUS>61,190000</XAUS>
    <XFRA>61,190000</XFRA>
  </Prezzi>
  <Prezzi>
    <Data>20161012</Data>
    <Mercato>MGP</Mercato>
    <Ora>19</Ora>
    <PUN>62,343590</PUN>
    <NAT>64,360000</NAT>
    <CNOR>68,296120</CNOR>
    <CSUD>50,000000</CSUD>
    <NORD>68,296120</NORD>
    <SARD>50,000000</SARD>
    <SICI>50,000000</SICI>
    <SUD>50,000000</SUD>
    <AUST>68,296120</AUST>
    <BRNN>50,000000</BRNN>
    <COAC>50,000000</COAC>
    <CORS>3000,000000</CORS>
    <FOGN>50,000000</FOGN>
    <FRAN>68,296120</FRAN>
    <GREC>50,000000</GREC>
    <MFTV>68,296120</MFTV>
    <PRGP>50,000000</PRGP>
    <ROSN>50,000000</ROSN>
    <SLOV>68,296120</SLOV>
    <SVIZ>68,296120</SVIZ>
    <BSP>68,296120</BSP>
    <MALT>50,000000</MALT>
    <XAUS>68,296120</XAUS>
    <XFRA>68,296120</XFRA>
  </Prezzi>
  <Prezzi>
    <Data>20161012</Data>
    <Mercato>MGP</Mercato>
    <Ora>20</Ora>
    <PUN>79,156460</PUN>
    <NAT>79,570000</NAT>
    <CNOR>78,863060</CNOR>
    <CSUD>78,863060</CSUD>
    <NORD>78,863060</NORD>
    <SARD>78,863060</SARD>
    <SICI>83,810000</SICI>
    <SUD>78,863060</SUD>
    <AUST>78,863060</AUST>
    <BRNN>78,863060</BRNN>
    <COAC>78,863060</COAC>
    <CORS>3000,000000</CORS>
    <FOGN>78,863060</FOGN>
    <FRAN>78,863060</FRAN>
    <GREC>78,863060</GREC>
    <MFTV>78,863060</MFTV>
    <PRGP>83,810000</PRGP>
    <ROSN>78,863060</ROSN>
    <SLOV>78,863060</SLOV>
    <SVIZ>78,863060</SVIZ>
    <BSP>78,863060</BSP>
    <MALT>83,810000</MALT>
    <XAUS>78,863060</XAUS>
    <XFRA>78,863060</XFRA>
  </Prezzi>
  <Prezzi>
    <Data>20161012</Data>
    <Mercato>MGP</Mercato>
    <Ora>21</Ora>
    <PUN>70,979880</PUN>
    <NAT>73,670000</NAT>
    <CNOR>69,000000</CNOR>
    <CSUD>61,000000</CSUD>
    <NORD>75,000000</NORD>
    <SARD>61,000000</SARD>
    <SICI>83,810000</SICI>
    <SUD>61,000000</SUD>
    <AUST>75,000000</AUST>
    <BRNN>61,000000</BRNN>
    <COAC>61,000000</COAC>
    <CORS>3000,000000</CORS>
    <FOGN>61,000000</FOGN>
    <FRAN>75,000000</FRAN>
    <GREC>61,000000</GREC>
    <MFTV>75,000000</MFTV>
    <PRGP>83,810000</PRGP>
    <ROSN>61,000000</ROSN>
    <SLOV>75,000000</SLOV>
    <SVIZ>75,000000</SVIZ>
    <BSP>75,000000</BSP>
    <MALT>83,810000</MALT>
    <XAUS>75,000000</XAUS>
    <XFRA>75,000000</XFRA>
  </Prezzi>
  <Prezzi>
    <Data>20161012</Data>
    <Mercato>MGP</Mercato>
    <Ora>22</Ora>
    <PUN>56,984530</PUN>
    <NAT>60,000000</NAT>
    <CNOR>48,000000</CNOR>
    <CSUD>48,000000</CSUD>
    <NORD>62,080000</NORD>
    <SARD>48,000000</SARD>
    <SICI>67,720000</SICI>
    <SUD>48,000000</SUD>
    <AUST>62,080000</AUST>
    <BRNN>48,000000</BRNN>
    <COAC>48,000000</COAC>
    <CORS>3000,000000</CORS>
    <FOGN>48,000000</FOGN>
    <FRAN>62,080000</FRAN>
    <GREC>48,000000</GREC>
    <MFTV>62,080000</MFTV>
    <PRGP>67,720000</PRGP>
    <ROSN>48,000000</ROSN>
    <SLOV>62,080000</SLOV>
    <SVIZ>62,080000</SVIZ>
    <BSP>62,080000</BSP>
    <MALT>67,720000</MALT>
    <XAUS>62,080000</XAUS>
    <XFRA>62,080000</XFRA>
  </Prezzi>
  <Prezzi>
    <Data>20161012</Data>
    <Mercato>MGP</Mercato>
    <Ora>23</Ora>
    <PUN>52,517650</PUN>
    <NAT>49,000000</NAT>
    <CNOR>45,000000</CNOR>
    <CSUD>45,000000</CSUD>
    <NORD>58,600000</NORD>
    <SARD>45,000000</SARD>
    <SICI>45,000000</SICI>
    <SUD>45,000000</SUD>
    <AUST>58,600000</AUST>
    <BRNN>45,000000</BRNN>
    <COAC>45,000000</COAC>
    <CORS>3000,000000</CORS>
    <FOGN>45,000000</FOGN>
    <FRAN>58,600000</FRAN>
    <GREC>45,000000</GREC>
    <MFTV>58,600000</MFTV>
    <PRGP>45,000000</PRGP>
    <ROSN>45,000000</ROSN>
    <SLOV>58,600000</SLOV>
    <SVIZ>58,600000</SVIZ>
    <BSP>58,600000</BSP>
    <MALT>45,000000</MALT>
    <XAUS>58,600000</XAUS>
    <XFRA>58,600000</XFRA>
  </Prezzi>
  <Prezzi>
    <Data>20161012</Data>
    <Mercato>MGP</Mercato>
    <Ora>24</Ora>
    <PUN>49,625370</PUN>
    <NAT>46,000000</NAT>
    <CNOR>44,000000</CNOR>
    <CSUD>44,000000</CSUD>
    <NORD>54,070000</NORD>
    <SARD>44,000000</SARD>
    <SICI>44,000000</SICI>
    <SUD>44,000000</SUD>
    <AUST>54,070000</AUST>
    <BRNN>44,000000</BRNN>
    <COAC>44,000000</COAC>
    <CORS>3000,000000</CORS>
    <FOGN>44,000000</FOGN>
    <FRAN>54,070000</FRAN>
    <GREC>44,000000</GREC>
    <MFTV>54,070000</MFTV>
    <PRGP>44,000000</PRGP>
    <ROSN>44,000000</ROSN>
    <SLOV>54,070000</SLOV>
    <SVIZ>54,070000</SVIZ>
    <BSP>54,070000</BSP>
    <MALT>44,000000</MALT>
    <XAUS>54,070000</XAUS>
    <XFRA>54,070000</XFRA>
  </Prezzi>
</NewDataSet>