<?xml version="1.0" standalone="yes"?>
<NewDataSet>
  <xs:schema id="NewDataSet" xmlns="" xmlns:xs="http://www.w3.org/2001/XMLSchema" xmlns:msdata="urn:schemas-microsoft-com:xml-msdata">
    <xs:element name="NewDataSet" msdata:IsDataSet="true" msdata:UseCurrentLocale="true">
      <xs:complexType>
        <xs:choice minOccurs="0" maxOccurs="unbounded">
          <xs:element name="Prezzi">
            <xs:complexType>
              <xs:sequence>
                <xs:element name="Data" type="xs:string" minOccurs="0" />
                <xs:element name="Mercato" type="xs:string" minOccurs="0" />
                <xs:element name="Ora" type="xs:string" minOccurs="0" />
                <xs:element name="PUN" type="xs:string" minOccurs="0" />
                <xs:element name="NAT" type="xs:string" minOccurs="0" />
                <xs:element name="CNOR" type="xs:string" minOccurs="0" />
                <xs:element name="CSUD" type="xs:string" minOccurs="0" />
                <xs:element name="NORD" type="xs:string" minOccurs="0" />
                <xs:element name="SARD" type="xs:string" minOccurs="0" />
                <xs:element name="SICI" type="xs:string" minOccurs="0" />
                <xs:element name="SUD" type="xs:string" minOccurs="0" />
                <xs:element name="AUST" type="xs:string" minOccurs="0" />
                <xs:element name="BRNN" type="xs:string" minOccurs="0" />
                <xs:element name="COAC" type="xs:string" minOccurs="0" />
                <xs:element name="CORS" type="xs:string" minOccurs="0" />
                <xs:element name="FOGN" type="xs:string" minOccurs="0" />
                <xs:element name="FRAN" type="xs:string" minOccurs="0" />
                <xs:element name="GREC" type="xs:string" minOccurs="0" />
                <xs:element name="MFTV" type="xs:string" minOccurs="0" />
                <xs:element name="PRGP" type="xs:string" minOccurs="0" />
                <xs:element name="ROSN" type="xs:string" minOccurs="0" />
                <xs:element name="SLOV" type="xs:string" minOccurs="0" />
                <xs:element name="SVIZ" type="xs:string" minOccurs="0" />
                <xs:element name="BSP" type="xs:string" minOccurs="0" />
                <xs:element name="MALT" type="xs:string" minOccurs="0" />
                <xs:element name="XAUS" type="xs:string" minOccurs="0" />
                <xs:element name="XFRA" type="xs:string" minOccurs="0" />
              </xs:sequence>
            </xs:complexType>
          </xs:element>
        </xs:choice>
      </xs:complexType>
    </xs:element>
  </xs:schema>
  <Prezzi>
    <Data>20161005</Data>
    <Mercato>MGP</Mercato>
    <Ora>1</Ora>
    <PUN>41,170000</PUN>
    <NAT>41,170000</NAT>
    <CNOR>41,170000</CNOR>
    <CSUD>41,170000</CSUD>
    <NORD>41,170000</NORD>
    <SARD>41,170000</SARD>
    <SICI>41,170000</SICI>
    <SUD>41,170000</SUD>
    <AUST>41,170000</AUST>
    <BRNN>41,170000</BRNN>
    <COAC>41,170000</COAC>
    <CORS>41,170000</CORS>
    <FOGN>41,170000</FOGN>
    <FRAN>41,170000</FRAN>
    <GREC>41,170000</GREC>
    <MFTV>41,170000</MFTV>
    <PRGP>41,170000</PRGP>
    <ROSN>41,170000</ROSN>
    <SLOV>41,170000</SLOV>
    <SVIZ>41,170000</SVIZ>
    <BSP>41,170000</BSP>
    <MALT>41,170000</MALT>
    <XAUS>41,170000</XAUS>
    <XFRA>41,170000</XFRA>
  </Prezzi>
  <Prezzi>
    <Data>20161005</Data>
    <Mercato>MGP</Mercato>
    <Ora>2</Ora>
    <PUN>40,490000</PUN>
    <NAT>40,490000</NAT>
    <CNOR>40,490000</CNOR>
    <CSUD>40,490000</CSUD>
    <NORD>40,490000</NORD>
    <SARD>40,490000</SARD>
    <SICI>40,490000</SICI>
    <SUD>40,490000</SUD>
    <AUST>40,490000</AUST>
    <BRNN>40,490000</BRNN>
    <COAC>40,490000</COAC>
    <CORS>40,490000</CORS>
    <FOGN>40,490000</FOGN>
    <FRAN>40,490000</FRAN>
    <GREC>40,490000</GREC>
    <MFTV>40,490000</MFTV>
    <PRGP>40,490000</PRGP>
    <ROSN>40,490000</ROSN>
    <SLOV>40,490000</SLOV>
    <SVIZ>40,490000</SVIZ>
    <BSP>40,490000</BSP>
    <MALT>40,490000</MALT>
    <XAUS>40,490000</XAUS>
    <XFRA>40,490000</XFRA>
  </Prezzi>
  <Prezzi>
    <Data>20161005</Data>
    <Mercato>MGP</Mercato>
    <Ora>3</Ora>
    <PUN>40,490000</PUN>
    <NAT>40,490000</NAT>
    <CNOR>40,490000</CNOR>
    <CSUD>40,490000</CSUD>
    <NORD>40,490000</NORD>
    <SARD>40,490000</SARD>
    <SICI>40,490000</SICI>
    <SUD>40,490000</SUD>
    <AUST>40,490000</AUST>
    <BRNN>40,490000</BRNN>
    <COAC>40,490000</COAC>
    <CORS>40,490000</CORS>
    <FOGN>40,490000</FOGN>
    <FRAN>40,490000</FRAN>
    <GREC>40,490000</GREC>
    <MFTV>40,490000</MFTV>
    <PRGP>40,490000</PRGP>
    <ROSN>40,490000</ROSN>
    <SLOV>40,490000</SLOV>
    <SVIZ>40,490000</SVIZ>
    <BSP>40,490000</BSP>
    <MALT>40,490000</MALT>
    <XAUS>40,490000</XAUS>
    <XFRA>40,490000</XFRA>
  </Prezzi>
  <Prezzi>
    <Data>20161005</Data>
    <Mercato>MGP</Mercato>
    <Ora>4</Ora>
    <PUN>37,890000</PUN>
    <NAT>37,890000</NAT>
    <CNOR>37,890000</CNOR>
    <CSUD>37,890000</CSUD>
    <NORD>37,890000</NORD>
    <SARD>37,890000</SARD>
    <SICI>37,890000</SICI>
    <SUD>37,890000</SUD>
    <AUST>37,890000</AUST>
    <BRNN>37,890000</BRNN>
    <COAC>37,890000</COAC>
    <CORS>37,890000</CORS>
    <FOGN>37,890000</FOGN>
    <FRAN>37,890000</FRAN>
    <GREC>37,890000</GREC>
    <MFTV>37,890000</MFTV>
    <PRGP>37,890000</PRGP>
    <ROSN>37,890000</ROSN>
    <SLOV>37,890000</SLOV>
    <SVIZ>37,890000</SVIZ>
    <BSP>37,890000</BSP>
    <MALT>37,890000</MALT>
    <XAUS>37,890000</XAUS>
    <XFRA>37,890000</XFRA>
  </Prezzi>
  <Prezzi>
    <Data>20161005</Data>
    <Mercato>MGP</Mercato>
    <Ora>5</Ora>
    <PUN>37,890000</PUN>
    <NAT>37,890000</NAT>
    <CNOR>37,890000</CNOR>
    <CSUD>37,890000</CSUD>
    <NORD>37,890000</NORD>
    <SARD>37,890000</SARD>
    <SICI>37,890000</SICI>
    <SUD>37,890000</SUD>
    <AUST>37,890000</AUST>
    <BRNN>37,890000</BRNN>
    <COAC>37,890000</COAC>
    <CORS>37,890000</CORS>
    <FOGN>37,890000</FOGN>
    <FRAN>37,890000</FRAN>
    <GREC>37,890000</GREC>
    <MFTV>37,890000</MFTV>
    <PRGP>37,890000</PRGP>
    <ROSN>37,890000</ROSN>
    <SLOV>37,890000</SLOV>
    <SVIZ>37,890000</SVIZ>
    <BSP>37,890000</BSP>
    <MALT>37,890000</MALT>
    <XAUS>37,890000</XAUS>
    <XFRA>37,890000</XFRA>
  </Prezzi>
  <Prezzi>
    <Data>20161005</Data>
    <Mercato>MGP</Mercato>
    <Ora>6</Ora>
    <PUN>40,490000</PUN>
    <NAT>40,490000</NAT>
    <CNOR>40,490000</CNOR>
    <CSUD>40,490000</CSUD>
    <NORD>40,490000</NORD>
    <SARD>40,490000</SARD>
    <SICI>40,490000</SICI>
    <SUD>40,490000</SUD>
    <AUST>40,490000</AUST>
    <BRNN>40,490000</BRNN>
    <COAC>40,490000</COAC>
    <CORS>40,490000</CORS>
    <FOGN>40,490000</FOGN>
    <FRAN>40,490000</FRAN>
    <GREC>40,490000</GREC>
    <MFTV>40,490000</MFTV>
    <PRGP>40,490000</PRGP>
    <ROSN>40,490000</ROSN>
    <SLOV>40,490000</SLOV>
    <SVIZ>40,490000</SVIZ>
    <BSP>40,490000</BSP>
    <MALT>40,490000</MALT>
    <XAUS>40,490000</XAUS>
    <XFRA>40,490000</XFRA>
  </Prezzi>
  <Prezzi>
    <Data>20161005</Data>
    <Mercato>MGP</Mercato>
    <Ora>7</Ora>
    <PUN>45,150000</PUN>
    <NAT>45,150000</NAT>
    <CNOR>45,150000</CNOR>
    <CSUD>45,150000</CSUD>
    <NORD>45,150000</NORD>
    <SARD>45,150000</SARD>
    <SICI>45,150000</SICI>
    <SUD>45,150000</SUD>
    <AUST>45,150000</AUST>
    <BRNN>45,150000</BRNN>
    <COAC>45,150000</COAC>
    <CORS>45,150000</CORS>
    <FOGN>45,150000</FOGN>
    <FRAN>45,150000</FRAN>
    <GREC>45,150000</GREC>
    <MFTV>45,150000</MFTV>
    <PRGP>45,150000</PRGP>
    <ROSN>45,150000</ROSN>
    <SLOV>45,150000</SLOV>
    <SVIZ>45,150000</SVIZ>
    <BSP>45,150000</BSP>
    <MALT>45,150000</MALT>
    <XAUS>45,150000</XAUS>
    <XFRA>45,150000</XFRA>
  </Prezzi>
  <Prezzi>
    <Data>20161005</Data>
    <Mercato>MGP</Mercato>
    <Ora>8</Ora>
    <PUN>47,540000</PUN>
    <NAT>47,540000</NAT>
    <CNOR>47,540000</CNOR>
    <CSUD>47,540000</CSUD>
    <NORD>47,540000</NORD>
    <SARD>47,540000</SARD>
    <SICI>47,540000</SICI>
    <SUD>47,540000</SUD>
    <AUST>47,540000</AUST>
    <BRNN>47,540000</BRNN>
    <COAC>47,540000</COAC>
    <CORS>47,540000</CORS>
    <FOGN>47,540000</FOGN>
    <FRAN>47,540000</FRAN>
    <GREC>47,540000</GREC>
    <MFTV>47,540000</MFTV>
    <PRGP>47,540000</PRGP>
    <ROSN>47,540000</ROSN>
    <SLOV>47,540000</SLOV>
    <SVIZ>47,540000</SVIZ>
    <BSP>47,540000</BSP>
    <MALT>47,540000</MALT>
    <XAUS>47,540000</XAUS>
    <XFRA>47,540000</XFRA>
  </Prezzi>
  <Prezzi>
    <Data>20161005</Data>
    <Mercato>MGP</Mercato>
    <Ora>9</Ora>
    <PUN>53,580000</PUN>
    <NAT>53,500000</NAT>
    <CNOR>53,580000</CNOR>
    <CSUD>53,580000</CSUD>
    <NORD>53,580000</NORD>
    <SARD>53,580000</SARD>
    <SICI>53,580000</SICI>
    <SUD>53,580000</SUD>
    <AUST>53,580000</AUST>
    <BRNN>53,580000</BRNN>
    <COAC>53,580000</COAC>
    <CORS>53,580000</CORS>
    <FOGN>53,580000</FOGN>
    <FRAN>53,580000</FRAN>
    <GREC>53,580000</GREC>
    <MFTV>53,580000</MFTV>
    <PRGP>53,580000</PRGP>
    <ROSN>53,580000</ROSN>
    <SLOV>53,580000</SLOV>
    <SVIZ>53,580000</SVIZ>
    <BSP>53,580000</BSP>
    <MALT>53,580000</MALT>
    <XAUS>53,580000</XAUS>
    <XFRA>53,580000</XFRA>
  </Prezzi>
  <Prezzi>
    <Data>20161005</Data>
    <Mercato>MGP</Mercato>
    <Ora>10</Ora>
    <PUN>53,395510</PUN>
    <NAT>53,690000</NAT>
    <CNOR>53,761270</CNOR>
    <CSUD>53,761270</CSUD>
    <NORD>53,761270</NORD>
    <SARD>53,761270</SARD>
    <SICI>50,780000</SICI>
    <SUD>50,780000</SUD>
    <AUST>53,761270</AUST>
    <BRNN>50,780000</BRNN>
    <COAC>53,761270</COAC>
    <CORS>53,761270</CORS>
    <FOGN>50,780000</FOGN>
    <FRAN>53,761270</FRAN>
    <GREC>50,780000</GREC>
    <MFTV>53,761270</MFTV>
    <PRGP>50,780000</PRGP>
    <ROSN>50,780000</ROSN>
    <SLOV>53,761270</SLOV>
    <SVIZ>53,761270</SVIZ>
    <BSP>53,761270</BSP>
    <MALT>50,780000</MALT>
    <XAUS>53,761270</XAUS>
    <XFRA>53,761270</XFRA>
  </Prezzi>
  <Prezzi>
    <Data>20161005</Data>
    <Mercato>MGP</Mercato>
    <Ora>11</Ora>
    <PUN>46,756020</PUN>
    <NAT>46,000000</NAT>
    <CNOR>44,000000</CNOR>
    <CSUD>44,000000</CSUD>
    <NORD>48,610280</NORD>
    <SARD>44,000000</SARD>
    <SICI>44,000000</SICI>
    <SUD>44,000000</SUD>
    <AUST>48,610280</AUST>
    <BRNN>44,000000</BRNN>
    <COAC>44,000000</COAC>
    <CORS>44,000000</CORS>
    <FOGN>44,000000</FOGN>
    <FRAN>48,610280</FRAN>
    <GREC>44,000000</GREC>
    <MFTV>48,610280</MFTV>
    <PRGP>44,000000</PRGP>
    <ROSN>44,000000</ROSN>
    <SLOV>48,610280</SLOV>
    <SVIZ>48,610280</SVIZ>
    <BSP>48,610280</BSP>
    <MALT>44,000000</MALT>
    <XAUS>48,610280</XAUS>
    <XFRA>48,610280</XFRA>
  </Prezzi>
  <Prezzi>
    <Data>20161005</Data>
    <Mercato>MGP</Mercato>
    <Ora>12</Ora>
    <PUN>41,937320</PUN>
    <NAT>42,000000</NAT>
    <CNOR>35,840000</CNOR>
    <CSUD>35,840000</CSUD>
    <NORD>46,000000</NORD>
    <SARD>35,840000</SARD>
    <SICI>35,840000</SICI>
    <SUD>35,840000</SUD>
    <AUST>46,000000</AUST>
    <BRNN>35,840000</BRNN>
    <COAC>35,840000</COAC>
    <CORS>35,840000</CORS>
    <FOGN>35,840000</FOGN>
    <FRAN>46,000000</FRAN>
    <GREC>35,840000</GREC>
    <MFTV>46,000000</MFTV>
    <PRGP>35,840000</PRGP>
    <ROSN>35,840000</ROSN>
    <SLOV>46,000000</SLOV>
    <SVIZ>46,000000</SVIZ>
    <BSP>46,000000</BSP>
    <MALT>35,840000</MALT>
    <XAUS>46,000000</XAUS>
    <XFRA>46,000000</XFRA>
  </Prezzi>
  <Prezzi>
    <Data>20161005</Data>
    <Mercato>MGP</Mercato>
    <Ora>13</Ora>
    <PUN>37,509670</PUN>
    <NAT>40,000000</NAT>
    <CNOR>31,860000</CNOR>
    <CSUD>31,860000</CSUD>
    <NORD>41,560000</NORD>
    <SARD>31,860000</SARD>
    <SICI>31,860000</SICI>
    <SUD>31,860000</SUD>
    <AUST>41,560000</AUST>
    <BRNN>31,860000</BRNN>
    <COAC>31,860000</COAC>
    <CORS>31,860000</CORS>
    <FOGN>31,860000</FOGN>
    <FRAN>41,560000</FRAN>
    <GREC>31,860000</GREC>
    <MFTV>41,560000</MFTV>
    <PRGP>31,860000</PRGP>
    <ROSN>31,860000</ROSN>
    <SLOV>41,560000</SLOV>
    <SVIZ>41,560000</SVIZ>
    <BSP>41,560000</BSP>
    <MALT>31,860000</MALT>
    <XAUS>41,560000</XAUS>
    <XFRA>41,560000</XFRA>
  </Prezzi>
  <Prezzi>
    <Data>20161005</Data>
    <Mercato>MGP</Mercato>
    <Ora>14</Ora>
    <PUN>35,899930</PUN>
    <NAT>37,830000</NAT>
    <CNOR>27,860000</CNOR>
    <CSUD>27,860000</CSUD>
    <NORD>41,420000</NORD>
    <SARD>27,860000</SARD>
    <SICI>27,860000</SICI>
    <SUD>27,860000</SUD>
    <AUST>41,420000</AUST>
    <BRNN>27,860000</BRNN>
    <COAC>27,860000</COAC>
    <CORS>27,860000</CORS>
    <FOGN>27,860000</FOGN>
    <FRAN>41,420000</FRAN>
    <GREC>27,860000</GREC>
    <MFTV>41,420000</MFTV>
    <PRGP>27,860000</PRGP>
    <ROSN>27,860000</ROSN>
    <SLOV>41,420000</SLOV>
    <SVIZ>41,420000</SVIZ>
    <BSP>41,420000</BSP>
    <MALT>27,860000</MALT>
    <XAUS>41,420000</XAUS>
    <XFRA>41,420000</XFRA>
  </Prezzi>
  <Prezzi>
    <Data>20161005</Data>
    <Mercato>MGP</Mercato>
    <Ora>15</Ora>
    <PUN>37,782720</PUN>
    <NAT>39,990000</NAT>
    <CNOR>31,450000</CNOR>
    <CSUD>31,450000</CSUD>
    <NORD>42,000000</NORD>
    <SARD>31,450000</SARD>
    <SICI>31,450000</SICI>
    <SUD>31,450000</SUD>
    <AUST>42,000000</AUST>
    <BRNN>31,450000</BRNN>
    <COAC>31,450000</COAC>
    <CORS>31,450000</CORS>
    <FOGN>31,450000</FOGN>
    <FRAN>42,000000</FRAN>
    <GREC>31,450000</GREC>
    <MFTV>42,000000</MFTV>
    <PRGP>31,450000</PRGP>
    <ROSN>31,450000</ROSN>
    <SLOV>42,000000</SLOV>
    <SVIZ>42,000000</SVIZ>
    <BSP>42,000000</BSP>
    <MALT>31,450000</MALT>
    <XAUS>42,000000</XAUS>
    <XFRA>42,000000</XFRA>
  </Prezzi>
  <Prezzi>
    <Data>20161005</Data>
    <Mercato>MGP</Mercato>
    <Ora>16</Ora>
    <PUN>41,919560</PUN>
    <NAT>42,000000</NAT>
    <CNOR>35,820000</CNOR>
    <CSUD>35,820000</CSUD>
    <NORD>46,000000</NORD>
    <SARD>35,820000</SARD>
    <SICI>35,820000</SICI>
    <SUD>35,820000</SUD>
    <AUST>46,000000</AUST>
    <BRNN>35,820000</BRNN>
    <COAC>35,820000</COAC>
    <CORS>35,820000</CORS>
    <FOGN>35,820000</FOGN>
    <FRAN>46,000000</FRAN>
    <GREC>35,820000</GREC>
    <MFTV>46,000000</MFTV>
    <PRGP>35,820000</PRGP>
    <ROSN>35,820000</ROSN>
    <SLOV>46,000000</SLOV>
    <SVIZ>46,000000</SVIZ>
    <BSP>46,000000</BSP>
    <MALT>35,820000</MALT>
    <XAUS>46,000000</XAUS>
    <XFRA>46,000000</XFRA>
  </Prezzi>
  <Prezzi>
    <Data>20161005</Data>
    <Mercato>MGP</Mercato>
    <Ora>17</Ora>
    <PUN>45,985690</PUN>
    <NAT>44,440000</NAT>
    <CNOR>43,000000</CNOR>
    <CSUD>43,000000</CSUD>
    <NORD>48,000000</NORD>
    <SARD>43,000000</SARD>
    <SICI>43,000000</SICI>
    <SUD>43,000000</SUD>
    <AUST>48,000000</AUST>
    <BRNN>43,000000</BRNN>
    <COAC>43,000000</COAC>
    <CORS>43,000000</CORS>
    <FOGN>43,000000</FOGN>
    <FRAN>48,000000</FRAN>
    <GREC>43,000000</GREC>
    <MFTV>48,000000</MFTV>
    <PRGP>43,000000</PRGP>
    <ROSN>43,000000</ROSN>
    <SLOV>48,000000</SLOV>
    <SVIZ>48,000000</SVIZ>
    <BSP>48,000000</BSP>
    <MALT>43,000000</MALT>
    <XAUS>48,000000</XAUS>
    <XFRA>48,000000</XFRA>
  </Prezzi>
  <Prezzi>
    <Data>20161005</Data>
    <Mercato>MGP</Mercato>
    <Ora>18</Ora>
    <PUN>51,190000</PUN>
    <NAT>51,190000</NAT>
    <CNOR>51,190000</CNOR>
    <CSUD>51,190000</CSUD>
    <NORD>51,190000</NORD>
    <SARD>51,190000</SARD>
    <SICI>51,190000</SICI>
    <SUD>51,190000</SUD>
    <AUST>51,190000</AUST>
    <BRNN>51,190000</BRNN>
    <COAC>51,190000</COAC>
    <CORS>51,190000</CORS>
    <FOGN>51,190000</FOGN>
    <FRAN>51,190000</FRAN>
    <GREC>51,190000</GREC>
    <MFTV>51,190000</MFTV>
    <PRGP>51,190000</PRGP>
    <ROSN>51,190000</ROSN>
    <SLOV>51,190000</SLOV>
    <SVIZ>51,190000</SVIZ>
    <BSP>51,190000</BSP>
    <MALT>51,190000</MALT>
    <XAUS>51,190000</XAUS>
    <XFRA>51,190000</XFRA>
  </Prezzi>
  <Prezzi>
    <Data>20161005</Data>
    <Mercato>MGP</Mercato>
    <Ora>19</Ora>
    <PUN>53,460000</PUN>
    <NAT>53,460000</NAT>
    <CNOR>53,460000</CNOR>
    <CSUD>53,460000</CSUD>
    <NORD>53,460000</NORD>
    <SARD>53,460000</SARD>
    <SICI>53,460000</SICI>
    <SUD>53,460000</SUD>
    <AUST>53,460000</AUST>
    <BRNN>53,460000</BRNN>
    <COAC>53,460000</COAC>
    <CORS>53,460000</CORS>
    <FOGN>53,460000</FOGN>
    <FRAN>53,460000</FRAN>
    <GREC>53,460000</GREC>
    <MFTV>53,460000</MFTV>
    <PRGP>53,460000</PRGP>
    <ROSN>53,460000</ROSN>
    <SLOV>53,460000</SLOV>
    <SVIZ>53,460000</SVIZ>
    <BSP>53,460000</BSP>
    <MALT>53,460000</MALT>
    <XAUS>53,460000</XAUS>
    <XFRA>53,460000</XFRA>
  </Prezzi>
  <Prezzi>
    <Data>20161005</Data>
    <Mercato>MGP</Mercato>
    <Ora>20</Ora>
    <PUN>69,242570</PUN>
    <NAT>75,000000</NAT>
    <CNOR>84,130000</CNOR>
    <CSUD>84,130000</CSUD>
    <NORD>56,970000</NORD>
    <SARD>84,130000</SARD>
    <SICI>84,130000</SICI>
    <SUD>84,130000</SUD>
    <AUST>56,970000</AUST>
    <BRNN>84,130000</BRNN>
    <COAC>84,130000</COAC>
    <CORS>84,130000</CORS>
    <FOGN>84,130000</FOGN>
    <FRAN>56,970000</FRAN>
    <GREC>84,130000</GREC>
    <MFTV>56,970000</MFTV>
    <PRGP>84,130000</PRGP>
    <ROSN>84,130000</ROSN>
    <SLOV>56,970000</SLOV>
    <SVIZ>56,970000</SVIZ>
    <BSP>56,970000</BSP>
    <MALT>84,130000</MALT>
    <XAUS>56,970000</XAUS>
    <XFRA>56,970000</XFRA>
  </Prezzi>
  <Prezzi>
    <Data>20161005</Data>
    <Mercato>MGP</Mercato>
    <Ora>21</Ora>
    <PUN>58,258370</PUN>
    <NAT>59,650000</NAT>
    <CNOR>60,000000</CNOR>
    <CSUD>60,000000</CSUD>
    <NORD>55,082830</NORD>
    <SARD>60,000000</SARD>
    <SICI>75,630000</SICI>
    <SUD>60,000000</SUD>
    <AUST>55,082830</AUST>
    <BRNN>60,000000</BRNN>
    <COAC>60,000000</COAC>
    <CORS>60,000000</CORS>
    <FOGN>60,000000</FOGN>
    <FRAN>55,082830</FRAN>
    <GREC>60,000000</GREC>
    <MFTV>55,082830</MFTV>
    <PRGP>75,630000</PRGP>
    <ROSN>60,000000</ROSN>
    <SLOV>55,082830</SLOV>
    <SVIZ>55,082830</SVIZ>
    <BSP>55,082830</BSP>
    <MALT>75,630000</MALT>
    <XAUS>55,082830</XAUS>
    <XFRA>55,082830</XFRA>
  </Prezzi>
  <Prezzi>
    <Data>20161005</Data>
    <Mercato>MGP</Mercato>
    <Ora>22</Ora>
    <PUN>49,672190</PUN>
    <NAT>50,000000</NAT>
    <CNOR>49,432730</CNOR>
    <CSUD>49,432730</CSUD>
    <NORD>49,432730</NORD>
    <SARD>49,432730</SARD>
    <SICI>53,460000</SICI>
    <SUD>49,432730</SUD>
    <AUST>49,432730</AUST>
    <BRNN>49,432730</BRNN>
    <COAC>49,432730</COAC>
    <CORS>49,432730</CORS>
    <FOGN>49,432730</FOGN>
    <FRAN>49,432730</FRAN>
    <GREC>49,432730</GREC>
    <MFTV>49,432730</MFTV>
    <PRGP>53,460000</PRGP>
    <ROSN>49,432730</ROSN>
    <SLOV>49,432730</SLOV>
    <SVIZ>49,432730</SVIZ>
    <BSP>49,432730</BSP>
    <MALT>53,460000</MALT>
    <XAUS>49,432730</XAUS>
    <XFRA>49,432730</XFRA>
  </Prezzi>
  <Prezzi>
    <Data>20161005</Data>
    <Mercato>MGP</Mercato>
    <Ora>23</Ora>
    <PUN>44,310000</PUN>
    <NAT>44,310000</NAT>
    <CNOR>44,310000</CNOR>
    <CSUD>44,310000</CSUD>
    <NORD>44,310000</NORD>
    <SARD>44,310000</SARD>
    <SICI>44,310000</SICI>
    <SUD>44,310000</SUD>
    <AUST>44,310000</AUST>
    <BRNN>44,310000</BRNN>
    <COAC>44,310000</COAC>
    <CORS>44,310000</CORS>
    <FOGN>44,310000</FOGN>
    <FRAN>44,310000</FRAN>
    <GREC>44,310000</GREC>
    <MFTV>44,310000</MFTV>
    <PRGP>44,310000</PRGP>
    <ROSN>44,310000</ROSN>
    <SLOV>44,310000</SLOV>
    <SVIZ>44,310000</SVIZ>
    <BSP>44,310000</BSP>
    <MALT>44,310000</MALT>
    <XAUS>44,310000</XAUS>
    <XFRA>44,310000</XFRA>
  </Prezzi>
  <Prezzi>
    <Data>20161005</Data>
    <Mercato>MGP</Mercato>
    <Ora>24</Ora>
    <PUN>41,170000</PUN>
    <NAT>41,170000</NAT>
    <CNOR>41,170000</CNOR>
    <CSUD>41,170000</CSUD>
    <NORD>41,170000</NORD>
    <SARD>41,170000</SARD>
    <SICI>41,170000</SICI>
    <SUD>41,170000</SUD>
    <AUST>41,170000</AUST>
    <BRNN>41,170000</BRNN>
    <COAC>41,170000</COAC>
    <CORS>41,170000</CORS>
    <FOGN>41,170000</FOGN>
    <FRAN>41,170000</FRAN>
    <GREC>41,170000</GREC>
    <MFTV>41,170000</MFTV>
    <PRGP>41,170000</PRGP>
    <ROSN>41,170000</ROSN>
    <SLOV>41,170000</SLOV>
    <SVIZ>41,170000</SVIZ>
    <BSP>41,170000</BSP>
    <MALT>41,170000</MALT>
    <XAUS>41,170000</XAUS>
    <XFRA>41,170000</XFRA>
  </Prezzi>
</NewDataSet>