<?xml version="1.0" standalone="yes"?>
<NewDataSet>
  <xs:schema id="NewDataSet" xmlns="" xmlns:xs="http://www.w3.org/2001/XMLSchema" xmlns:msdata="urn:schemas-microsoft-com:xml-msdata">
    <xs:element name="NewDataSet" msdata:IsDataSet="true" msdata:UseCurrentLocale="true">
      <xs:complexType>
        <xs:choice minOccurs="0" maxOccurs="unbounded">
          <xs:element name="negoziazione_continua">
            <xs:complexType>
              <xs:sequence>
                <xs:element name="DataSessione" type="xs:string" minOccurs="0" />
                <xs:element name="NomeProdotto" type="xs:string" minOccurs="0" />
                <xs:element name="PrimoPrezzo" type="xs:decimal" minOccurs="0" />
                <xs:element name="UltimoPrezzo" type="xs:decimal" minOccurs="0" />
                <xs:element name="PrezzoMassimo" type="xs:decimal" minOccurs="0" />
                <xs:element name="PrezzoMinimo" type="xs:decimal" minOccurs="0" />
                <xs:element name="PrezzoMedio" type="xs:decimal" minOccurs="0" />
                <xs:element name="PrezzoControllo" type="xs:decimal" minOccurs="0" />
                <xs:element name="Volumi" type="xs:decimal" minOccurs="0" />
                <xs:element name="PosizioniAperte" type="xs:decimal" minOccurs="0" />
                <xs:element name="Abbinamenti" type="xs:int" minOccurs="0" />
              </xs:sequence>
            </xs:complexType>
          </xs:element>
        </xs:choice>
      </xs:complexType>
    </xs:element>
  </xs:schema>
  <negoziazione_continua>
    <DataSessione>20170620</DataSessione>
    <NomeProdotto>MGP-2017-06-21</NomeProdotto>
    <PrimoPrezzo>18.1250</PrimoPrezzo>
    <UltimoPrezzo>18.2750</UltimoPrezzo>
    <PrezzoMassimo>18.2750</PrezzoMassimo>
    <PrezzoMinimo>18.1250</PrezzoMinimo>
    <PrezzoMedio>18.182500</PrezzoMedio>
    <PrezzoControllo>18.0970</PrezzoControllo>
    <Volumi>17600.00000</Volumi>
    <PosizioniAperte>18080.000000</PosizioniAperte>
    <Abbinamenti>12</Abbinamenti>
  </negoziazione_continua>
  <negoziazione_continua>
    <DataSessione>20170620</DataSessione>
    <NomeProdotto>MGP-2017-06-22</NomeProdotto>
    <PrimoPrezzo>18.1250</PrimoPrezzo>
    <UltimoPrezzo>18.1500</UltimoPrezzo>
    <PrezzoMassimo>18.1500</PrezzoMassimo>
    <PrezzoMinimo>18.1250</PrezzoMinimo>
    <PrezzoMedio>18.144911</PrezzoMedio>
    <PrezzoControllo>18.0320</PrezzoControllo>
    <Volumi>4520.00000</Volumi>
    <PosizioniAperte>5000.000000</PosizioniAperte>
    <Abbinamenti>2</Abbinamenti>
  </negoziazione_continua>
  <negoziazione_continua>
    <DataSessione>20170620</DataSessione>
    <NomeProdotto>MGP-2017-06-23</NomeProdotto>
    <PrezzoControllo>17.9560</PrezzoControllo>
    <PosizioniAperte>0.000000</PosizioniAperte>
    <Abbinamenti>0</Abbinamenti>
  </negoziazione_continua>
</NewDataSet>