<?xml version="1.0" standalone="yes"?>
<NewDataSet>
  <xs:schema id="NewDataSet" xmlns="" xmlns:xs="http://www.w3.org/2001/XMLSchema" xmlns:msdata="urn:schemas-microsoft-com:xml-msdata">
    <xs:element name="NewDataSet" msdata:IsDataSet="true" msdata:UseCurrentLocale="true">
      <xs:complexType>
        <xs:choice minOccurs="0" maxOccurs="unbounded">
          <xs:element name="negoziazione_continua">
            <xs:complexType>
              <xs:sequence>
                <xs:element name="DataSessione" type="xs:string" minOccurs="0" />
                <xs:element name="NomeProdotto" type="xs:string" minOccurs="0" />
                <xs:element name="PrimoPrezzo" type="xs:decimal" minOccurs="0" />
                <xs:element name="UltimoPrezzo" type="xs:decimal" minOccurs="0" />
                <xs:element name="PrezzoMassimo" type="xs:decimal" minOccurs="0" />
                <xs:element name="PrezzoMinimo" type="xs:decimal" minOccurs="0" />
                <xs:element name="PrezzoMedio" type="xs:decimal" minOccurs="0" />
                <xs:element name="PrezzoControllo" type="xs:decimal" minOccurs="0" />
                <xs:element name="Volumi" type="xs:decimal" minOccurs="0" />
                <xs:element name="PosizioniAperte" type="xs:decimal" minOccurs="0" />
                <xs:element name="Abbinamenti" type="xs:int" minOccurs="0" />
              </xs:sequence>
            </xs:complexType>
          </xs:element>
        </xs:choice>
      </xs:complexType>
    </xs:element>
  </xs:schema>
  <negoziazione_continua>
    <DataSessione>20170615</DataSessione>
    <NomeProdotto>MGP-2017-06-16</NomeProdotto>
    <PrimoPrezzo>17.8500</PrimoPrezzo>
    <UltimoPrezzo>17.8000</UltimoPrezzo>
    <PrezzoMassimo>17.8500</PrezzoMassimo>
    <PrezzoMinimo>17.8000</PrezzoMinimo>
    <PrezzoMedio>17.816346</PrezzoMedio>
    <PrezzoControllo>17.8860</PrezzoControllo>
    <Volumi>6240.00000</Volumi>
    <PosizioniAperte>6240.000000</PosizioniAperte>
    <Abbinamenti>5</Abbinamenti>
  </negoziazione_continua>
  <negoziazione_continua>
    <DataSessione>20170615</DataSessione>
    <NomeProdotto>MGP-2017-06-17</NomeProdotto>
    <PrimoPrezzo>17.8000</PrimoPrezzo>
    <UltimoPrezzo>17.8000</UltimoPrezzo>
    <PrezzoMassimo>17.8000</PrezzoMassimo>
    <PrezzoMinimo>17.8000</PrezzoMinimo>
    <PrezzoMedio>17.800000</PrezzoMedio>
    <PrezzoControllo>17.8770</PrezzoControllo>
    <Volumi>1200.00000</Volumi>
    <PosizioniAperte>1200.000000</PosizioniAperte>
    <Abbinamenti>1</Abbinamenti>
  </negoziazione_continua>
  <negoziazione_continua>
    <DataSessione>20170615</DataSessione>
    <NomeProdotto>MGP-2017-06-18</NomeProdotto>
    <PrimoPrezzo>17.6000</PrimoPrezzo>
    <UltimoPrezzo>17.5000</UltimoPrezzo>
    <PrezzoMassimo>17.6000</PrezzoMassimo>
    <PrezzoMinimo>17.5000</PrezzoMinimo>
    <PrezzoMedio>17.550000</PrezzoMedio>
    <PrezzoControllo>17.6980</PrezzoControllo>
    <Volumi>4000.00000</Volumi>
    <PosizioniAperte>4000.000000</PosizioniAperte>
    <Abbinamenti>2</Abbinamenti>
  </negoziazione_continua>
</NewDataSet>