<?xml version="1.0" standalone="yes"?>
<NewDataSet>
  <xs:schema id="NewDataSet" xmlns="" xmlns:xs="http://www.w3.org/2001/XMLSchema" xmlns:msdata="urn:schemas-microsoft-com:xml-msdata">
    <xs:element name="NewDataSet" msdata:IsDataSet="true" msdata:UseCurrentLocale="true">
      <xs:complexType>
        <xs:choice minOccurs="0" maxOccurs="unbounded">
          <xs:element name="Prezzi">
            <xs:complexType>
              <xs:sequence>
                <xs:element name="Data" type="xs:string" minOccurs="0" />
                <xs:element name="Mercato" type="xs:string" minOccurs="0" />
                <xs:element name="Ora" type="xs:string" minOccurs="0" />
                <xs:element name="PUN" type="xs:string" minOccurs="0" />
                <xs:element name="NAT" type="xs:string" minOccurs="0" />
                <xs:element name="CNOR" type="xs:string" minOccurs="0" />
                <xs:element name="CSUD" type="xs:string" minOccurs="0" />
                <xs:element name="NORD" type="xs:string" minOccurs="0" />
                <xs:element name="SARD" type="xs:string" minOccurs="0" />
                <xs:element name="SICI" type="xs:string" minOccurs="0" />
                <xs:element name="SUD" type="xs:string" minOccurs="0" />
                <xs:element name="AUST" type="xs:string" minOccurs="0" />
                <xs:element name="BRNN" type="xs:string" minOccurs="0" />
                <xs:element name="COAC" type="xs:string" minOccurs="0" />
                <xs:element name="CORS" type="xs:string" minOccurs="0" />
                <xs:element name="FOGN" type="xs:string" minOccurs="0" />
                <xs:element name="FRAN" type="xs:string" minOccurs="0" />
                <xs:element name="GREC" type="xs:string" minOccurs="0" />
                <xs:element name="MFTV" type="xs:string" minOccurs="0" />
                <xs:element name="PRGP" type="xs:string" minOccurs="0" />
                <xs:element name="ROSN" type="xs:string" minOccurs="0" />
                <xs:element name="SLOV" type="xs:string" minOccurs="0" />
                <xs:element name="SVIZ" type="xs:string" minOccurs="0" />
                <xs:element name="BSP" type="xs:string" minOccurs="0" />
                <xs:element name="MALT" type="xs:string" minOccurs="0" />
                <xs:element name="XAUS" type="xs:string" minOccurs="0" />
                <xs:element name="XFRA" type="xs:string" minOccurs="0" />
              </xs:sequence>
            </xs:complexType>
          </xs:element>
        </xs:choice>
      </xs:complexType>
    </xs:element>
  </xs:schema>
  <Prezzi>
    <Data>20160826</Data>
    <Mercato>MGP</Mercato>
    <Ora>1</Ora>
    <PUN>37,052670</PUN>
    <NAT>36,270000</NAT>
    <CNOR>35,970000</CNOR>
    <CSUD>35,970000</CSUD>
    <NORD>35,970000</NORD>
    <SARD>35,970000</SARD>
    <SICI>51,560000</SICI>
    <SUD>35,970000</SUD>
    <AUST>35,970000</AUST>
    <BRNN>35,970000</BRNN>
    <COAC>35,970000</COAC>
    <CORS>35,970000</CORS>
    <FOGN>35,970000</FOGN>
    <FRAN>35,970000</FRAN>
    <GREC>35,970000</GREC>
    <MFTV>35,970000</MFTV>
    <PRGP>51,560000</PRGP>
    <ROSN>35,970000</ROSN>
    <SLOV>35,970000</SLOV>
    <SVIZ>35,970000</SVIZ>
    <BSP>35,970000</BSP>
    <MALT>51,560000</MALT>
    <XAUS>35,970000</XAUS>
    <XFRA>35,970000</XFRA>
  </Prezzi>
  <Prezzi>
    <Data>20160826</Data>
    <Mercato>MGP</Mercato>
    <Ora>2</Ora>
    <PUN>31,645300</PUN>
    <NAT>30,620000</NAT>
    <CNOR>30,340000</CNOR>
    <CSUD>30,340000</CSUD>
    <NORD>30,054110</NORD>
    <SARD>30,340000</SARD>
    <SICI>51,560000</SICI>
    <SUD>30,340000</SUD>
    <AUST>30,054110</AUST>
    <BRNN>30,340000</BRNN>
    <COAC>30,340000</COAC>
    <CORS>30,340000</CORS>
    <FOGN>30,340000</FOGN>
    <FRAN>30,054110</FRAN>
    <GREC>30,340000</GREC>
    <MFTV>30,054110</MFTV>
    <PRGP>51,560000</PRGP>
    <ROSN>30,340000</ROSN>
    <SLOV>30,054110</SLOV>
    <SVIZ>30,054110</SVIZ>
    <BSP>30,054110</BSP>
    <MALT>51,560000</MALT>
    <XAUS>30,054110</XAUS>
    <XFRA>30,054110</XFRA>
  </Prezzi>
  <Prezzi>
    <Data>20160826</Data>
    <Mercato>MGP</Mercato>
    <Ora>3</Ora>
    <PUN>29,877310</PUN>
    <NAT>30,290000</NAT>
    <CNOR>28,900000</CNOR>
    <CSUD>28,900000</CSUD>
    <NORD>27,850000</NORD>
    <SARD>28,900000</SARD>
    <SICI>51,560000</SICI>
    <SUD>28,900000</SUD>
    <AUST>27,850000</AUST>
    <BRNN>28,900000</BRNN>
    <COAC>28,900000</COAC>
    <CORS>28,900000</CORS>
    <FOGN>28,900000</FOGN>
    <FRAN>27,850000</FRAN>
    <GREC>28,900000</GREC>
    <MFTV>27,850000</MFTV>
    <PRGP>51,560000</PRGP>
    <ROSN>28,900000</ROSN>
    <SLOV>27,850000</SLOV>
    <SVIZ>27,850000</SVIZ>
    <BSP>27,850000</BSP>
    <MALT>51,560000</MALT>
    <XAUS>27,850000</XAUS>
    <XFRA>27,850000</XFRA>
  </Prezzi>
  <Prezzi>
    <Data>20160826</Data>
    <Mercato>MGP</Mercato>
    <Ora>4</Ora>
    <PUN>29,115240</PUN>
    <NAT>28,900000</NAT>
    <CNOR>27,530000</CNOR>
    <CSUD>27,530000</CSUD>
    <NORD>27,530000</NORD>
    <SARD>27,530000</SARD>
    <SICI>51,460000</SICI>
    <SUD>27,530000</SUD>
    <AUST>27,530000</AUST>
    <BRNN>27,530000</BRNN>
    <COAC>27,530000</COAC>
    <CORS>27,530000</CORS>
    <FOGN>27,530000</FOGN>
    <FRAN>27,530000</FRAN>
    <GREC>27,530000</GREC>
    <MFTV>27,530000</MFTV>
    <PRGP>51,460000</PRGP>
    <ROSN>27,530000</ROSN>
    <SLOV>27,530000</SLOV>
    <SVIZ>27,530000</SVIZ>
    <BSP>27,530000</BSP>
    <MALT>51,460000</MALT>
    <XAUS>27,530000</XAUS>
    <XFRA>27,530000</XFRA>
  </Prezzi>
  <Prezzi>
    <Data>20160826</Data>
    <Mercato>MGP</Mercato>
    <Ora>5</Ora>
    <PUN>29,369120</PUN>
    <NAT>28,900000</NAT>
    <CNOR>27,820000</CNOR>
    <CSUD>27,820000</CSUD>
    <NORD>27,820000</NORD>
    <SARD>27,820000</SARD>
    <SICI>51,460000</SICI>
    <SUD>27,820000</SUD>
    <AUST>27,820000</AUST>
    <BRNN>27,820000</BRNN>
    <COAC>27,820000</COAC>
    <CORS>27,820000</CORS>
    <FOGN>27,820000</FOGN>
    <FRAN>27,820000</FRAN>
    <GREC>27,820000</GREC>
    <MFTV>27,820000</MFTV>
    <PRGP>51,460000</PRGP>
    <ROSN>27,820000</ROSN>
    <SLOV>27,820000</SLOV>
    <SVIZ>27,820000</SVIZ>
    <BSP>27,820000</BSP>
    <MALT>51,460000</MALT>
    <XAUS>27,820000</XAUS>
    <XFRA>27,820000</XFRA>
  </Prezzi>
  <Prezzi>
    <Data>20160826</Data>
    <Mercato>MGP</Mercato>
    <Ora>6</Ora>
    <PUN>30,526550</PUN>
    <NAT>30,330000</NAT>
    <CNOR>29,320000</CNOR>
    <CSUD>29,320000</CSUD>
    <NORD>28,900000</NORD>
    <SARD>29,320000</SARD>
    <SICI>51,460000</SICI>
    <SUD>29,320000</SUD>
    <AUST>28,900000</AUST>
    <BRNN>29,320000</BRNN>
    <COAC>29,320000</COAC>
    <CORS>29,320000</CORS>
    <FOGN>29,320000</FOGN>
    <FRAN>28,900000</FRAN>
    <GREC>29,320000</GREC>
    <MFTV>28,900000</MFTV>
    <PRGP>51,460000</PRGP>
    <ROSN>29,320000</ROSN>
    <SLOV>28,900000</SLOV>
    <SVIZ>28,900000</SVIZ>
    <BSP>28,900000</BSP>
    <MALT>51,460000</MALT>
    <XAUS>28,900000</XAUS>
    <XFRA>28,900000</XFRA>
  </Prezzi>
  <Prezzi>
    <Data>20160826</Data>
    <Mercato>MGP</Mercato>
    <Ora>7</Ora>
    <PUN>33,069320</PUN>
    <NAT>32,000000</NAT>
    <CNOR>31,850000</CNOR>
    <CSUD>31,850000</CSUD>
    <NORD>31,850000</NORD>
    <SARD>31,850000</SARD>
    <SICI>51,560000</SICI>
    <SUD>31,850000</SUD>
    <AUST>31,850000</AUST>
    <BRNN>31,850000</BRNN>
    <COAC>31,850000</COAC>
    <CORS>31,850000</CORS>
    <FOGN>31,850000</FOGN>
    <FRAN>31,850000</FRAN>
    <GREC>31,850000</GREC>
    <MFTV>31,850000</MFTV>
    <PRGP>51,560000</PRGP>
    <ROSN>31,850000</ROSN>
    <SLOV>31,850000</SLOV>
    <SVIZ>31,850000</SVIZ>
    <BSP>31,850000</BSP>
    <MALT>51,560000</MALT>
    <XAUS>31,850000</XAUS>
    <XFRA>31,850000</XFRA>
  </Prezzi>
  <Prezzi>
    <Data>20160826</Data>
    <Mercato>MGP</Mercato>
    <Ora>8</Ora>
    <PUN>37,081170</PUN>
    <NAT>36,270000</NAT>
    <CNOR>35,250000</CNOR>
    <CSUD>35,250000</CSUD>
    <NORD>35,250000</NORD>
    <SARD>35,250000</SARD>
    <SICI>65,560000</SICI>
    <SUD>35,250000</SUD>
    <AUST>35,250000</AUST>
    <BRNN>35,250000</BRNN>
    <COAC>35,250000</COAC>
    <CORS>35,250000</CORS>
    <FOGN>35,250000</FOGN>
    <FRAN>35,250000</FRAN>
    <GREC>35,250000</GREC>
    <MFTV>35,250000</MFTV>
    <PRGP>65,560000</PRGP>
    <ROSN>35,250000</ROSN>
    <SLOV>35,250000</SLOV>
    <SVIZ>35,250000</SVIZ>
    <BSP>35,250000</BSP>
    <MALT>65,560000</MALT>
    <XAUS>35,250000</XAUS>
    <XFRA>35,250000</XFRA>
  </Prezzi>
  <Prezzi>
    <Data>20160826</Data>
    <Mercato>MGP</Mercato>
    <Ora>9</Ora>
    <PUN>40,918290</PUN>
    <NAT>41,230000</NAT>
    <CNOR>39,300000</CNOR>
    <CSUD>39,300000</CSUD>
    <NORD>39,300000</NORD>
    <SARD>39,300000</SARD>
    <SICI>66,080000</SICI>
    <SUD>39,300000</SUD>
    <AUST>39,300000</AUST>
    <BRNN>39,300000</BRNN>
    <COAC>39,300000</COAC>
    <CORS>39,300000</CORS>
    <FOGN>39,300000</FOGN>
    <FRAN>39,300000</FRAN>
    <GREC>39,300000</GREC>
    <MFTV>39,300000</MFTV>
    <PRGP>66,080000</PRGP>
    <ROSN>39,300000</ROSN>
    <SLOV>39,300000</SLOV>
    <SVIZ>39,300000</SVIZ>
    <BSP>39,300000</BSP>
    <MALT>66,080000</MALT>
    <XAUS>39,300000</XAUS>
    <XFRA>39,300000</XFRA>
  </Prezzi>
  <Prezzi>
    <Data>20160826</Data>
    <Mercato>MGP</Mercato>
    <Ora>10</Ora>
    <PUN>43,667790</PUN>
    <NAT>43,000000</NAT>
    <CNOR>44,015620</CNOR>
    <CSUD>41,000000</CSUD>
    <NORD>44,015620</NORD>
    <SARD>41,000000</SARD>
    <SICI>52,080000</SICI>
    <SUD>41,000000</SUD>
    <AUST>44,015620</AUST>
    <BRNN>41,000000</BRNN>
    <COAC>41,000000</COAC>
    <CORS>44,015620</CORS>
    <FOGN>41,000000</FOGN>
    <FRAN>44,015620</FRAN>
    <GREC>41,000000</GREC>
    <MFTV>44,015620</MFTV>
    <PRGP>52,080000</PRGP>
    <ROSN>41,000000</ROSN>
    <SLOV>44,015620</SLOV>
    <SVIZ>44,015620</SVIZ>
    <BSP>44,015620</BSP>
    <MALT>52,080000</MALT>
    <XAUS>44,015620</XAUS>
    <XFRA>44,015620</XFRA>
  </Prezzi>
  <Prezzi>
    <Data>20160826</Data>
    <Mercato>MGP</Mercato>
    <Ora>11</Ora>
    <PUN>42,426910</PUN>
    <NAT>42,000000</NAT>
    <CNOR>44,531980</CNOR>
    <CSUD>35,590000</CSUD>
    <NORD>44,531980</NORD>
    <SARD>35,590000</SARD>
    <SICI>51,560000</SICI>
    <SUD>35,590000</SUD>
    <AUST>44,531980</AUST>
    <BRNN>35,590000</BRNN>
    <COAC>35,590000</COAC>
    <CORS>44,531980</CORS>
    <FOGN>35,590000</FOGN>
    <FRAN>44,531980</FRAN>
    <GREC>35,590000</GREC>
    <MFTV>44,531980</MFTV>
    <PRGP>51,560000</PRGP>
    <ROSN>35,590000</ROSN>
    <SLOV>44,531980</SLOV>
    <SVIZ>44,531980</SVIZ>
    <BSP>44,531980</BSP>
    <MALT>51,560000</MALT>
    <XAUS>44,531980</XAUS>
    <XFRA>44,531980</XFRA>
  </Prezzi>
  <Prezzi>
    <Data>20160826</Data>
    <Mercato>MGP</Mercato>
    <Ora>12</Ora>
    <PUN>40,752190</PUN>
    <NAT>41,230000</NAT>
    <CNOR>43,122020</CNOR>
    <CSUD>33,000000</CSUD>
    <NORD>43,122020</NORD>
    <SARD>33,000000</SARD>
    <SICI>51,560000</SICI>
    <SUD>33,000000</SUD>
    <AUST>43,122020</AUST>
    <BRNN>33,000000</BRNN>
    <COAC>33,000000</COAC>
    <CORS>43,122020</CORS>
    <FOGN>33,000000</FOGN>
    <FRAN>43,122020</FRAN>
    <GREC>33,000000</GREC>
    <MFTV>43,122020</MFTV>
    <PRGP>51,560000</PRGP>
    <ROSN>33,000000</ROSN>
    <SLOV>43,122020</SLOV>
    <SVIZ>43,122020</SVIZ>
    <BSP>43,122020</BSP>
    <MALT>51,560000</MALT>
    <XAUS>43,122020</XAUS>
    <XFRA>43,122020</XFRA>
  </Prezzi>
  <Prezzi>
    <Data>20160826</Data>
    <Mercato>MGP</Mercato>
    <Ora>13</Ora>
    <PUN>39,893200</PUN>
    <NAT>41,000000</NAT>
    <CNOR>42,417370</CNOR>
    <CSUD>32,000000</CSUD>
    <NORD>42,417370</NORD>
    <SARD>32,000000</SARD>
    <SICI>51,460000</SICI>
    <SUD>32,000000</SUD>
    <AUST>42,417370</AUST>
    <BRNN>32,000000</BRNN>
    <COAC>32,000000</COAC>
    <CORS>42,417370</CORS>
    <FOGN>32,000000</FOGN>
    <FRAN>42,417370</FRAN>
    <GREC>32,000000</GREC>
    <MFTV>42,417370</MFTV>
    <PRGP>51,460000</PRGP>
    <ROSN>32,000000</ROSN>
    <SLOV>42,417370</SLOV>
    <SVIZ>42,417370</SVIZ>
    <BSP>42,417370</BSP>
    <MALT>51,460000</MALT>
    <XAUS>42,417370</XAUS>
    <XFRA>42,417370</XFRA>
  </Prezzi>
  <Prezzi>
    <Data>20160826</Data>
    <Mercato>MGP</Mercato>
    <Ora>14</Ora>
    <PUN>37,985430</PUN>
    <NAT>39,000000</NAT>
    <CNOR>40,000000</CNOR>
    <CSUD>30,690000</CSUD>
    <NORD>40,000000</NORD>
    <SARD>30,690000</SARD>
    <SICI>51,460000</SICI>
    <SUD>30,690000</SUD>
    <AUST>40,000000</AUST>
    <BRNN>30,690000</BRNN>
    <COAC>30,690000</COAC>
    <CORS>40,000000</CORS>
    <FOGN>30,690000</FOGN>
    <FRAN>40,000000</FRAN>
    <GREC>30,690000</GREC>
    <MFTV>40,000000</MFTV>
    <PRGP>51,460000</PRGP>
    <ROSN>30,690000</ROSN>
    <SLOV>40,000000</SLOV>
    <SVIZ>40,000000</SVIZ>
    <BSP>40,000000</BSP>
    <MALT>51,460000</MALT>
    <XAUS>40,000000</XAUS>
    <XFRA>40,000000</XFRA>
  </Prezzi>
  <Prezzi>
    <Data>20160826</Data>
    <Mercato>MGP</Mercato>
    <Ora>15</Ora>
    <PUN>37,240750</PUN>
    <NAT>37,480000</NAT>
    <CNOR>38,800000</CNOR>
    <CSUD>30,800000</CSUD>
    <NORD>38,800000</NORD>
    <SARD>30,800000</SARD>
    <SICI>50,690000</SICI>
    <SUD>30,800000</SUD>
    <AUST>38,800000</AUST>
    <BRNN>30,800000</BRNN>
    <COAC>30,800000</COAC>
    <CORS>38,800000</CORS>
    <FOGN>30,800000</FOGN>
    <FRAN>38,800000</FRAN>
    <GREC>30,800000</GREC>
    <MFTV>38,800000</MFTV>
    <PRGP>50,690000</PRGP>
    <ROSN>30,800000</ROSN>
    <SLOV>38,800000</SLOV>
    <SVIZ>38,800000</SVIZ>
    <BSP>38,800000</BSP>
    <MALT>50,690000</MALT>
    <XAUS>38,800000</XAUS>
    <XFRA>38,800000</XFRA>
  </Prezzi>
  <Prezzi>
    <Data>20160826</Data>
    <Mercato>MGP</Mercato>
    <Ora>16</Ora>
    <PUN>36,738190</PUN>
    <NAT>37,600000</NAT>
    <CNOR>37,444660</CNOR>
    <CSUD>32,000000</CSUD>
    <NORD>37,444660</NORD>
    <SARD>32,000000</SARD>
    <SICI>51,460000</SICI>
    <SUD>32,000000</SUD>
    <AUST>37,444660</AUST>
    <BRNN>32,000000</BRNN>
    <COAC>32,000000</COAC>
    <CORS>37,444660</CORS>
    <FOGN>32,000000</FOGN>
    <FRAN>37,444660</FRAN>
    <GREC>32,000000</GREC>
    <MFTV>37,444660</MFTV>
    <PRGP>51,460000</PRGP>
    <ROSN>32,000000</ROSN>
    <SLOV>37,444660</SLOV>
    <SVIZ>37,444660</SVIZ>
    <BSP>37,444660</BSP>
    <MALT>51,460000</MALT>
    <XAUS>37,444660</XAUS>
    <XFRA>37,444660</XFRA>
  </Prezzi>
  <Prezzi>
    <Data>20160826</Data>
    <Mercato>MGP</Mercato>
    <Ora>17</Ora>
    <PUN>37,214220</PUN>
    <NAT>38,800000</NAT>
    <CNOR>36,270000</CNOR>
    <CSUD>36,270000</CSUD>
    <NORD>36,270000</NORD>
    <SARD>36,270000</SARD>
    <SICI>51,560000</SICI>
    <SUD>36,270000</SUD>
    <AUST>36,270000</AUST>
    <BRNN>36,270000</BRNN>
    <COAC>36,270000</COAC>
    <CORS>36,270000</CORS>
    <FOGN>36,270000</FOGN>
    <FRAN>36,270000</FRAN>
    <GREC>36,270000</GREC>
    <MFTV>36,270000</MFTV>
    <PRGP>51,560000</PRGP>
    <ROSN>36,270000</ROSN>
    <SLOV>36,270000</SLOV>
    <SVIZ>36,270000</SVIZ>
    <BSP>36,270000</BSP>
    <MALT>51,560000</MALT>
    <XAUS>36,270000</XAUS>
    <XFRA>36,270000</XFRA>
  </Prezzi>
  <Prezzi>
    <Data>20160826</Data>
    <Mercato>MGP</Mercato>
    <Ora>18</Ora>
    <PUN>39,850200</PUN>
    <NAT>41,000000</NAT>
    <CNOR>39,006310</CNOR>
    <CSUD>39,006310</CSUD>
    <NORD>39,006310</NORD>
    <SARD>39,006310</SARD>
    <SICI>52,080000</SICI>
    <SUD>39,006310</SUD>
    <AUST>39,006310</AUST>
    <BRNN>39,006310</BRNN>
    <COAC>39,006310</COAC>
    <CORS>39,006310</CORS>
    <FOGN>39,006310</FOGN>
    <FRAN>39,006310</FRAN>
    <GREC>39,006310</GREC>
    <MFTV>39,006310</MFTV>
    <PRGP>52,080000</PRGP>
    <ROSN>39,006310</ROSN>
    <SLOV>39,006310</SLOV>
    <SVIZ>39,006310</SVIZ>
    <BSP>39,006310</BSP>
    <MALT>52,080000</MALT>
    <XAUS>39,006310</XAUS>
    <XFRA>39,006310</XFRA>
  </Prezzi>
  <Prezzi>
    <Data>20160826</Data>
    <Mercato>MGP</Mercato>
    <Ora>19</Ora>
    <PUN>43,950520</PUN>
    <NAT>43,460000</NAT>
    <CNOR>42,000000</CNOR>
    <CSUD>42,000000</CSUD>
    <NORD>42,000000</NORD>
    <SARD>42,000000</SARD>
    <SICI>72,080000</SICI>
    <SUD>42,000000</SUD>
    <AUST>42,000000</AUST>
    <BRNN>42,000000</BRNN>
    <COAC>42,000000</COAC>
    <CORS>42,000000</CORS>
    <FOGN>42,000000</FOGN>
    <FRAN>42,000000</FRAN>
    <GREC>42,000000</GREC>
    <MFTV>42,000000</MFTV>
    <PRGP>72,080000</PRGP>
    <ROSN>42,000000</ROSN>
    <SLOV>42,000000</SLOV>
    <SVIZ>42,000000</SVIZ>
    <BSP>42,000000</BSP>
    <MALT>72,080000</MALT>
    <XAUS>42,000000</XAUS>
    <XFRA>42,000000</XFRA>
  </Prezzi>
  <Prezzi>
    <Data>20160826</Data>
    <Mercato>MGP</Mercato>
    <Ora>20</Ora>
    <PUN>45,833250</PUN>
    <NAT>47,010000</NAT>
    <CNOR>44,000000</CNOR>
    <CSUD>44,000000</CSUD>
    <NORD>44,000000</NORD>
    <SARD>44,000000</SARD>
    <SICI>72,080000</SICI>
    <SUD>44,000000</SUD>
    <AUST>44,000000</AUST>
    <BRNN>44,000000</BRNN>
    <COAC>44,000000</COAC>
    <CORS>44,000000</CORS>
    <FOGN>44,000000</FOGN>
    <FRAN>44,000000</FRAN>
    <GREC>44,000000</GREC>
    <MFTV>44,000000</MFTV>
    <PRGP>72,080000</PRGP>
    <ROSN>44,000000</ROSN>
    <SLOV>44,000000</SLOV>
    <SVIZ>44,000000</SVIZ>
    <BSP>44,000000</BSP>
    <MALT>72,080000</MALT>
    <XAUS>44,000000</XAUS>
    <XFRA>44,000000</XFRA>
  </Prezzi>
  <Prezzi>
    <Data>20160826</Data>
    <Mercato>MGP</Mercato>
    <Ora>21</Ora>
    <PUN>56,568560</PUN>
    <NAT>50,990000</NAT>
    <CNOR>65,880000</CNOR>
    <CSUD>65,880000</CSUD>
    <NORD>44,000000</NORD>
    <SARD>65,880000</SARD>
    <SICI>91,870000</SICI>
    <SUD>65,880000</SUD>
    <AUST>44,000000</AUST>
    <BRNN>65,880000</BRNN>
    <COAC>65,880000</COAC>
    <CORS>65,880000</CORS>
    <FOGN>65,880000</FOGN>
    <FRAN>44,000000</FRAN>
    <GREC>65,880000</GREC>
    <MFTV>44,000000</MFTV>
    <PRGP>91,870000</PRGP>
    <ROSN>65,880000</ROSN>
    <SLOV>44,000000</SLOV>
    <SVIZ>44,000000</SVIZ>
    <BSP>44,000000</BSP>
    <MALT>91,870000</MALT>
    <XAUS>44,000000</XAUS>
    <XFRA>44,000000</XFRA>
  </Prezzi>
  <Prezzi>
    <Data>20160826</Data>
    <Mercato>MGP</Mercato>
    <Ora>22</Ora>
    <PUN>44,650880</PUN>
    <NAT>45,000000</NAT>
    <CNOR>43,000000</CNOR>
    <CSUD>43,000000</CSUD>
    <NORD>41,623290</NORD>
    <SARD>43,000000</SARD>
    <SICI>77,540000</SICI>
    <SUD>43,000000</SUD>
    <AUST>41,623290</AUST>
    <BRNN>43,000000</BRNN>
    <COAC>43,000000</COAC>
    <CORS>43,000000</CORS>
    <FOGN>43,000000</FOGN>
    <FRAN>41,623290</FRAN>
    <GREC>43,000000</GREC>
    <MFTV>41,623290</MFTV>
    <PRGP>77,540000</PRGP>
    <ROSN>43,000000</ROSN>
    <SLOV>41,623290</SLOV>
    <SVIZ>41,623290</SVIZ>
    <BSP>41,623290</BSP>
    <MALT>77,540000</MALT>
    <XAUS>41,623290</XAUS>
    <XFRA>41,623290</XFRA>
  </Prezzi>
  <Prezzi>
    <Data>20160826</Data>
    <Mercato>MGP</Mercato>
    <Ora>23</Ora>
    <PUN>44,371690</PUN>
    <NAT>45,000000</NAT>
    <CNOR>42,330000</CNOR>
    <CSUD>42,330000</CSUD>
    <NORD>42,330000</NORD>
    <SARD>42,330000</SARD>
    <SICI>72,080000</SICI>
    <SUD>42,330000</SUD>
    <AUST>42,330000</AUST>
    <BRNN>42,330000</BRNN>
    <COAC>42,330000</COAC>
    <CORS>42,330000</CORS>
    <FOGN>42,330000</FOGN>
    <FRAN>42,330000</FRAN>
    <GREC>42,330000</GREC>
    <MFTV>42,330000</MFTV>
    <PRGP>72,080000</PRGP>
    <ROSN>42,330000</ROSN>
    <SLOV>42,330000</SLOV>
    <SVIZ>42,330000</SVIZ>
    <BSP>42,330000</BSP>
    <MALT>72,080000</MALT>
    <XAUS>42,330000</XAUS>
    <XFRA>42,330000</XFRA>
  </Prezzi>
  <Prezzi>
    <Data>20160826</Data>
    <Mercato>MGP</Mercato>
    <Ora>24</Ora>
    <PUN>42,948110</PUN>
    <NAT>42,000000</NAT>
    <CNOR>40,817390</CNOR>
    <CSUD>40,817390</CSUD>
    <NORD>40,817390</NORD>
    <SARD>40,817390</SARD>
    <SICI>72,080000</SICI>
    <SUD>40,817390</SUD>
    <AUST>40,817390</AUST>
    <BRNN>40,817390</BRNN>
    <COAC>40,817390</COAC>
    <CORS>40,817390</CORS>
    <FOGN>40,817390</FOGN>
    <FRAN>40,817390</FRAN>
    <GREC>40,817390</GREC>
    <MFTV>40,817390</MFTV>
    <PRGP>72,080000</PRGP>
    <ROSN>40,817390</ROSN>
    <SLOV>40,817390</SLOV>
    <SVIZ>40,817390</SVIZ>
    <BSP>40,817390</BSP>
    <MALT>72,080000</MALT>
    <XAUS>40,817390</XAUS>
    <XFRA>40,817390</XFRA>
  </Prezzi>
</NewDataSet>