<?xml version="1.0" standalone="yes"?>
<NewDataSet>
  <xs:schema id="NewDataSet" xmlns="" xmlns:xs="http://www.w3.org/2001/XMLSchema" xmlns:msdata="urn:schemas-microsoft-com:xml-msdata">
    <xs:element name="NewDataSet" msdata:IsDataSet="true" msdata:UseCurrentLocale="true">
      <xs:complexType>
        <xs:choice minOccurs="0" maxOccurs="unbounded">
          <xs:element name="Prezzi">
            <xs:complexType>
              <xs:sequence>
                <xs:element name="Data" type="xs:string" minOccurs="0" />
                <xs:element name="Mercato" type="xs:string" minOccurs="0" />
                <xs:element name="Ora" type="xs:string" minOccurs="0" />
                <xs:element name="PUN" type="xs:string" minOccurs="0" />
                <xs:element name="NAT" type="xs:string" minOccurs="0" />
                <xs:element name="CNOR" type="xs:string" minOccurs="0" />
                <xs:element name="CSUD" type="xs:string" minOccurs="0" />
                <xs:element name="NORD" type="xs:string" minOccurs="0" />
                <xs:element name="SARD" type="xs:string" minOccurs="0" />
                <xs:element name="SICI" type="xs:string" minOccurs="0" />
                <xs:element name="SUD" type="xs:string" minOccurs="0" />
                <xs:element name="AUST" type="xs:string" minOccurs="0" />
                <xs:element name="BRNN" type="xs:string" minOccurs="0" />
                <xs:element name="COAC" type="xs:string" minOccurs="0" />
                <xs:element name="CORS" type="xs:string" minOccurs="0" />
                <xs:element name="FOGN" type="xs:string" minOccurs="0" />
                <xs:element name="FRAN" type="xs:string" minOccurs="0" />
                <xs:element name="GREC" type="xs:string" minOccurs="0" />
                <xs:element name="MFTV" type="xs:string" minOccurs="0" />
                <xs:element name="PRGP" type="xs:string" minOccurs="0" />
                <xs:element name="ROSN" type="xs:string" minOccurs="0" />
                <xs:element name="SLOV" type="xs:string" minOccurs="0" />
                <xs:element name="SVIZ" type="xs:string" minOccurs="0" />
                <xs:element name="BSP" type="xs:string" minOccurs="0" />
                <xs:element name="MALT" type="xs:string" minOccurs="0" />
                <xs:element name="XAUS" type="xs:string" minOccurs="0" />
                <xs:element name="XFRA" type="xs:string" minOccurs="0" />
              </xs:sequence>
            </xs:complexType>
          </xs:element>
        </xs:choice>
      </xs:complexType>
    </xs:element>
  </xs:schema>
  <Prezzi>
    <Data>20160822</Data>
    <Mercato>MGP</Mercato>
    <Ora>1</Ora>
    <PUN>35,916290</PUN>
    <NAT>36,600000</NAT>
    <CNOR>34,500000</CNOR>
    <CSUD>34,500000</CSUD>
    <NORD>34,500000</NORD>
    <SARD>34,500000</SARD>
    <SICI>52,080000</SICI>
    <SUD>34,500000</SUD>
    <AUST>34,500000</AUST>
    <BRNN>34,500000</BRNN>
    <COAC>34,500000</COAC>
    <CORS>34,500000</CORS>
    <FOGN>34,500000</FOGN>
    <FRAN>34,500000</FRAN>
    <GREC>34,500000</GREC>
    <MFTV>34,500000</MFTV>
    <PRGP>52,080000</PRGP>
    <ROSN>34,500000</ROSN>
    <SLOV>34,500000</SLOV>
    <SVIZ>34,500000</SVIZ>
    <BSP>34,500000</BSP>
    <MALT>52,080000</MALT>
    <XAUS>34,500000</XAUS>
    <XFRA>34,500000</XFRA>
  </Prezzi>
  <Prezzi>
    <Data>20160822</Data>
    <Mercato>MGP</Mercato>
    <Ora>2</Ora>
    <PUN>33,564540</PUN>
    <NAT>34,000000</NAT>
    <CNOR>32,000000</CNOR>
    <CSUD>32,000000</CSUD>
    <NORD>32,000000</NORD>
    <SARD>32,000000</SARD>
    <SICI>52,080000</SICI>
    <SUD>32,000000</SUD>
    <AUST>32,000000</AUST>
    <BRNN>32,000000</BRNN>
    <COAC>32,000000</COAC>
    <CORS>32,000000</CORS>
    <FOGN>32,000000</FOGN>
    <FRAN>32,000000</FRAN>
    <GREC>32,000000</GREC>
    <MFTV>32,000000</MFTV>
    <PRGP>52,080000</PRGP>
    <ROSN>32,000000</ROSN>
    <SLOV>32,000000</SLOV>
    <SVIZ>32,000000</SVIZ>
    <BSP>32,000000</BSP>
    <MALT>52,080000</MALT>
    <XAUS>32,000000</XAUS>
    <XFRA>32,000000</XFRA>
  </Prezzi>
  <Prezzi>
    <Data>20160822</Data>
    <Mercato>MGP</Mercato>
    <Ora>3</Ora>
    <PUN>32,190880</PUN>
    <NAT>30,930000</NAT>
    <CNOR>30,590000</CNOR>
    <CSUD>30,590000</CSUD>
    <NORD>30,590000</NORD>
    <SARD>30,590000</SARD>
    <SICI>51,560000</SICI>
    <SUD>30,590000</SUD>
    <AUST>30,590000</AUST>
    <BRNN>30,590000</BRNN>
    <COAC>30,590000</COAC>
    <CORS>30,590000</CORS>
    <FOGN>30,590000</FOGN>
    <FRAN>30,590000</FRAN>
    <GREC>30,590000</GREC>
    <MFTV>30,590000</MFTV>
    <PRGP>51,560000</PRGP>
    <ROSN>30,590000</ROSN>
    <SLOV>30,590000</SLOV>
    <SVIZ>30,590000</SVIZ>
    <BSP>30,590000</BSP>
    <MALT>51,560000</MALT>
    <XAUS>30,590000</XAUS>
    <XFRA>30,590000</XFRA>
  </Prezzi>
  <Prezzi>
    <Data>20160822</Data>
    <Mercato>MGP</Mercato>
    <Ora>4</Ora>
    <PUN>31,923120</PUN>
    <NAT>30,700000</NAT>
    <CNOR>30,340000</CNOR>
    <CSUD>30,340000</CSUD>
    <NORD>30,340000</NORD>
    <SARD>30,340000</SARD>
    <SICI>51,560000</SICI>
    <SUD>30,340000</SUD>
    <AUST>30,340000</AUST>
    <BRNN>30,340000</BRNN>
    <COAC>30,340000</COAC>
    <CORS>30,340000</CORS>
    <FOGN>30,340000</FOGN>
    <FRAN>30,340000</FRAN>
    <GREC>30,340000</GREC>
    <MFTV>30,340000</MFTV>
    <PRGP>51,560000</PRGP>
    <ROSN>30,340000</ROSN>
    <SLOV>30,340000</SLOV>
    <SVIZ>30,340000</SVIZ>
    <BSP>30,340000</BSP>
    <MALT>51,560000</MALT>
    <XAUS>30,340000</XAUS>
    <XFRA>30,340000</XFRA>
  </Prezzi>
  <Prezzi>
    <Data>20160822</Data>
    <Mercato>MGP</Mercato>
    <Ora>5</Ora>
    <PUN>32,122840</PUN>
    <NAT>30,880000</NAT>
    <CNOR>30,590000</CNOR>
    <CSUD>30,590000</CSUD>
    <NORD>30,590000</NORD>
    <SARD>30,590000</SARD>
    <SICI>51,560000</SICI>
    <SUD>30,590000</SUD>
    <AUST>30,590000</AUST>
    <BRNN>30,590000</BRNN>
    <COAC>30,590000</COAC>
    <CORS>30,590000</CORS>
    <FOGN>30,590000</FOGN>
    <FRAN>30,590000</FRAN>
    <GREC>30,590000</GREC>
    <MFTV>30,590000</MFTV>
    <PRGP>51,560000</PRGP>
    <ROSN>30,590000</ROSN>
    <SLOV>30,590000</SLOV>
    <SVIZ>30,590000</SVIZ>
    <BSP>30,590000</BSP>
    <MALT>51,560000</MALT>
    <XAUS>30,590000</XAUS>
    <XFRA>30,590000</XFRA>
  </Prezzi>
  <Prezzi>
    <Data>20160822</Data>
    <Mercato>MGP</Mercato>
    <Ora>6</Ora>
    <PUN>32,075050</PUN>
    <NAT>30,940000</NAT>
    <CNOR>30,590000</CNOR>
    <CSUD>30,590000</CSUD>
    <NORD>30,590000</NORD>
    <SARD>30,590000</SARD>
    <SICI>51,560000</SICI>
    <SUD>30,590000</SUD>
    <AUST>30,590000</AUST>
    <BRNN>30,590000</BRNN>
    <COAC>30,590000</COAC>
    <CORS>30,590000</CORS>
    <FOGN>30,590000</FOGN>
    <FRAN>30,590000</FRAN>
    <GREC>30,590000</GREC>
    <MFTV>30,590000</MFTV>
    <PRGP>51,560000</PRGP>
    <ROSN>30,590000</ROSN>
    <SLOV>30,590000</SLOV>
    <SVIZ>30,590000</SVIZ>
    <BSP>30,590000</BSP>
    <MALT>51,560000</MALT>
    <XAUS>30,590000</XAUS>
    <XFRA>30,590000</XFRA>
  </Prezzi>
  <Prezzi>
    <Data>20160822</Data>
    <Mercato>MGP</Mercato>
    <Ora>7</Ora>
    <PUN>33,432840</PUN>
    <NAT>34,000000</NAT>
    <CNOR>32,150000</CNOR>
    <CSUD>32,150000</CSUD>
    <NORD>32,150000</NORD>
    <SARD>32,150000</SARD>
    <SICI>51,560000</SICI>
    <SUD>32,150000</SUD>
    <AUST>32,150000</AUST>
    <BRNN>32,150000</BRNN>
    <COAC>32,150000</COAC>
    <CORS>32,150000</CORS>
    <FOGN>32,150000</FOGN>
    <FRAN>32,150000</FRAN>
    <GREC>32,150000</GREC>
    <MFTV>32,150000</MFTV>
    <PRGP>51,560000</PRGP>
    <ROSN>32,150000</ROSN>
    <SLOV>32,150000</SLOV>
    <SVIZ>32,150000</SVIZ>
    <BSP>32,150000</BSP>
    <MALT>51,560000</MALT>
    <XAUS>32,150000</XAUS>
    <XFRA>32,150000</XFRA>
  </Prezzi>
  <Prezzi>
    <Data>20160822</Data>
    <Mercato>MGP</Mercato>
    <Ora>8</Ora>
    <PUN>35,104070</PUN>
    <NAT>34,090000</NAT>
    <CNOR>33,000000</CNOR>
    <CSUD>33,000000</CSUD>
    <NORD>33,000000</NORD>
    <SARD>33,000000</SARD>
    <SICI>66,080000</SICI>
    <SUD>33,000000</SUD>
    <AUST>33,000000</AUST>
    <BRNN>33,000000</BRNN>
    <COAC>33,000000</COAC>
    <CORS>33,000000</CORS>
    <FOGN>33,000000</FOGN>
    <FRAN>33,000000</FRAN>
    <GREC>33,000000</GREC>
    <MFTV>33,000000</MFTV>
    <PRGP>66,080000</PRGP>
    <ROSN>33,000000</ROSN>
    <SLOV>33,000000</SLOV>
    <SVIZ>33,000000</SVIZ>
    <BSP>33,000000</BSP>
    <MALT>66,080000</MALT>
    <XAUS>33,000000</XAUS>
    <XFRA>33,000000</XFRA>
  </Prezzi>
  <Prezzi>
    <Data>20160822</Data>
    <Mercato>MGP</Mercato>
    <Ora>9</Ora>
    <PUN>37,929930</PUN>
    <NAT>38,000000</NAT>
    <CNOR>36,000000</CNOR>
    <CSUD>36,000000</CSUD>
    <NORD>36,000000</NORD>
    <SARD>36,000000</SARD>
    <SICI>66,080000</SICI>
    <SUD>36,000000</SUD>
    <AUST>36,000000</AUST>
    <BRNN>36,000000</BRNN>
    <COAC>36,000000</COAC>
    <CORS>36,000000</CORS>
    <FOGN>36,000000</FOGN>
    <FRAN>36,000000</FRAN>
    <GREC>36,000000</GREC>
    <MFTV>36,000000</MFTV>
    <PRGP>66,080000</PRGP>
    <ROSN>36,000000</ROSN>
    <SLOV>36,000000</SLOV>
    <SVIZ>36,000000</SVIZ>
    <BSP>36,000000</BSP>
    <MALT>66,080000</MALT>
    <XAUS>36,000000</XAUS>
    <XFRA>36,000000</XFRA>
  </Prezzi>
  <Prezzi>
    <Data>20160822</Data>
    <Mercato>MGP</Mercato>
    <Ora>10</Ora>
    <PUN>36,222220</PUN>
    <NAT>36,570000</NAT>
    <CNOR>35,097970</CNOR>
    <CSUD>35,097970</CSUD>
    <NORD>35,097970</NORD>
    <SARD>35,097970</SARD>
    <SICI>52,080000</SICI>
    <SUD>35,097970</SUD>
    <AUST>35,097970</AUST>
    <BRNN>35,097970</BRNN>
    <COAC>35,097970</COAC>
    <CORS>35,097970</CORS>
    <FOGN>35,097970</FOGN>
    <FRAN>35,097970</FRAN>
    <GREC>35,097970</GREC>
    <MFTV>35,097970</MFTV>
    <PRGP>52,080000</PRGP>
    <ROSN>35,097970</ROSN>
    <SLOV>35,097970</SLOV>
    <SVIZ>35,097970</SVIZ>
    <BSP>35,097970</BSP>
    <MALT>52,080000</MALT>
    <XAUS>35,097970</XAUS>
    <XFRA>35,097970</XFRA>
  </Prezzi>
  <Prezzi>
    <Data>20160822</Data>
    <Mercato>MGP</Mercato>
    <Ora>11</Ora>
    <PUN>35,061400</PUN>
    <NAT>35,780000</NAT>
    <CNOR>34,000000</CNOR>
    <CSUD>33,600000</CSUD>
    <NORD>34,000000</NORD>
    <SARD>33,600000</SARD>
    <SICI>52,080000</SICI>
    <SUD>33,600000</SUD>
    <AUST>34,000000</AUST>
    <BRNN>33,600000</BRNN>
    <COAC>33,600000</COAC>
    <CORS>33,600000</CORS>
    <FOGN>33,600000</FOGN>
    <FRAN>34,000000</FRAN>
    <GREC>33,600000</GREC>
    <MFTV>34,000000</MFTV>
    <PRGP>52,080000</PRGP>
    <ROSN>33,600000</ROSN>
    <SLOV>34,000000</SLOV>
    <SVIZ>34,000000</SVIZ>
    <BSP>34,000000</BSP>
    <MALT>52,080000</MALT>
    <XAUS>34,000000</XAUS>
    <XFRA>34,000000</XFRA>
  </Prezzi>
  <Prezzi>
    <Data>20160822</Data>
    <Mercato>MGP</Mercato>
    <Ora>12</Ora>
    <PUN>34,124720</PUN>
    <NAT>34,000000</NAT>
    <CNOR>34,008770</CNOR>
    <CSUD>30,590000</CSUD>
    <NORD>34,008770</NORD>
    <SARD>30,590000</SARD>
    <SICI>51,560000</SICI>
    <SUD>30,590000</SUD>
    <AUST>34,008770</AUST>
    <BRNN>30,590000</BRNN>
    <COAC>30,590000</COAC>
    <CORS>30,590000</CORS>
    <FOGN>30,590000</FOGN>
    <FRAN>34,008770</FRAN>
    <GREC>30,590000</GREC>
    <MFTV>34,008770</MFTV>
    <PRGP>51,560000</PRGP>
    <ROSN>30,590000</ROSN>
    <SLOV>34,008770</SLOV>
    <SVIZ>34,008770</SVIZ>
    <BSP>34,008770</BSP>
    <MALT>51,560000</MALT>
    <XAUS>34,008770</XAUS>
    <XFRA>34,008770</XFRA>
  </Prezzi>
  <Prezzi>
    <Data>20160822</Data>
    <Mercato>MGP</Mercato>
    <Ora>13</Ora>
    <PUN>34,434090</PUN>
    <NAT>34,000000</NAT>
    <CNOR>34,500000</CNOR>
    <CSUD>30,590000</CSUD>
    <NORD>34,500000</NORD>
    <SARD>30,590000</SARD>
    <SICI>51,560000</SICI>
    <SUD>30,590000</SUD>
    <AUST>34,500000</AUST>
    <BRNN>30,590000</BRNN>
    <COAC>30,590000</COAC>
    <CORS>30,590000</CORS>
    <FOGN>30,590000</FOGN>
    <FRAN>34,500000</FRAN>
    <GREC>30,590000</GREC>
    <MFTV>34,500000</MFTV>
    <PRGP>51,560000</PRGP>
    <ROSN>30,590000</ROSN>
    <SLOV>34,500000</SLOV>
    <SVIZ>34,500000</SVIZ>
    <BSP>34,500000</BSP>
    <MALT>51,560000</MALT>
    <XAUS>34,500000</XAUS>
    <XFRA>34,500000</XFRA>
  </Prezzi>
  <Prezzi>
    <Data>20160822</Data>
    <Mercato>MGP</Mercato>
    <Ora>14</Ora>
    <PUN>34,079160</PUN>
    <NAT>33,720000</NAT>
    <CNOR>34,040000</CNOR>
    <CSUD>30,340000</CSUD>
    <NORD>34,040000</NORD>
    <SARD>30,340000</SARD>
    <SICI>51,460000</SICI>
    <SUD>30,340000</SUD>
    <AUST>34,040000</AUST>
    <BRNN>30,340000</BRNN>
    <COAC>30,340000</COAC>
    <CORS>30,340000</CORS>
    <FOGN>30,340000</FOGN>
    <FRAN>34,040000</FRAN>
    <GREC>30,340000</GREC>
    <MFTV>34,040000</MFTV>
    <PRGP>51,460000</PRGP>
    <ROSN>30,340000</ROSN>
    <SLOV>34,040000</SLOV>
    <SVIZ>34,040000</SVIZ>
    <BSP>34,040000</BSP>
    <MALT>51,460000</MALT>
    <XAUS>34,040000</XAUS>
    <XFRA>34,040000</XFRA>
  </Prezzi>
  <Prezzi>
    <Data>20160822</Data>
    <Mercato>MGP</Mercato>
    <Ora>15</Ora>
    <PUN>33,888140</PUN>
    <NAT>32,510000</NAT>
    <CNOR>34,000000</CNOR>
    <CSUD>30,330000</CSUD>
    <NORD>34,000000</NORD>
    <SARD>30,330000</SARD>
    <SICI>49,000000</SICI>
    <SUD>30,330000</SUD>
    <AUST>34,000000</AUST>
    <BRNN>30,330000</BRNN>
    <COAC>30,330000</COAC>
    <CORS>30,330000</CORS>
    <FOGN>30,330000</FOGN>
    <FRAN>34,000000</FRAN>
    <GREC>30,330000</GREC>
    <MFTV>34,000000</MFTV>
    <PRGP>49,000000</PRGP>
    <ROSN>30,330000</ROSN>
    <SLOV>34,000000</SLOV>
    <SVIZ>34,000000</SVIZ>
    <BSP>34,000000</BSP>
    <MALT>49,000000</MALT>
    <XAUS>34,000000</XAUS>
    <XFRA>34,000000</XFRA>
  </Prezzi>
  <Prezzi>
    <Data>20160822</Data>
    <Mercato>MGP</Mercato>
    <Ora>16</Ora>
    <PUN>33,795630</PUN>
    <NAT>32,230000</NAT>
    <CNOR>33,870000</CNOR>
    <CSUD>30,330000</CSUD>
    <NORD>33,870000</NORD>
    <SARD>30,330000</SARD>
    <SICI>49,000000</SICI>
    <SUD>30,330000</SUD>
    <AUST>33,870000</AUST>
    <BRNN>30,330000</BRNN>
    <COAC>30,330000</COAC>
    <CORS>30,330000</CORS>
    <FOGN>30,330000</FOGN>
    <FRAN>33,870000</FRAN>
    <GREC>30,330000</GREC>
    <MFTV>33,870000</MFTV>
    <PRGP>49,000000</PRGP>
    <ROSN>30,330000</ROSN>
    <SLOV>33,870000</SLOV>
    <SVIZ>33,870000</SVIZ>
    <BSP>33,870000</BSP>
    <MALT>49,000000</MALT>
    <XAUS>33,870000</XAUS>
    <XFRA>33,870000</XFRA>
  </Prezzi>
  <Prezzi>
    <Data>20160822</Data>
    <Mercato>MGP</Mercato>
    <Ora>17</Ora>
    <PUN>34,194470</PUN>
    <NAT>32,850000</NAT>
    <CNOR>34,060000</CNOR>
    <CSUD>30,590000</CSUD>
    <NORD>34,060000</NORD>
    <SARD>30,590000</SARD>
    <SICI>51,560000</SICI>
    <SUD>30,590000</SUD>
    <AUST>34,060000</AUST>
    <BRNN>30,590000</BRNN>
    <COAC>30,590000</COAC>
    <CORS>30,590000</CORS>
    <FOGN>30,590000</FOGN>
    <FRAN>34,060000</FRAN>
    <GREC>30,590000</GREC>
    <MFTV>34,060000</MFTV>
    <PRGP>51,560000</PRGP>
    <ROSN>30,590000</ROSN>
    <SLOV>34,060000</SLOV>
    <SVIZ>34,060000</SVIZ>
    <BSP>34,060000</BSP>
    <MALT>51,560000</MALT>
    <XAUS>34,060000</XAUS>
    <XFRA>34,060000</XFRA>
  </Prezzi>
  <Prezzi>
    <Data>20160822</Data>
    <Mercato>MGP</Mercato>
    <Ora>18</Ora>
    <PUN>36,152620</PUN>
    <NAT>36,300000</NAT>
    <CNOR>35,320000</CNOR>
    <CSUD>34,400000</CSUD>
    <NORD>35,320000</NORD>
    <SARD>34,400000</SARD>
    <SICI>51,560000</SICI>
    <SUD>34,400000</SUD>
    <AUST>35,320000</AUST>
    <BRNN>34,400000</BRNN>
    <COAC>34,400000</COAC>
    <CORS>35,320000</CORS>
    <FOGN>34,400000</FOGN>
    <FRAN>35,320000</FRAN>
    <GREC>34,400000</GREC>
    <MFTV>35,320000</MFTV>
    <PRGP>51,560000</PRGP>
    <ROSN>34,400000</ROSN>
    <SLOV>35,320000</SLOV>
    <SVIZ>35,320000</SVIZ>
    <BSP>35,320000</BSP>
    <MALT>51,560000</MALT>
    <XAUS>35,320000</XAUS>
    <XFRA>35,320000</XFRA>
  </Prezzi>
  <Prezzi>
    <Data>20160822</Data>
    <Mercato>MGP</Mercato>
    <Ora>19</Ora>
    <PUN>39,027900</PUN>
    <NAT>37,600000</NAT>
    <CNOR>36,593040</CNOR>
    <CSUD>36,593040</CSUD>
    <NORD>36,593040</NORD>
    <SARD>36,593040</SARD>
    <SICI>72,080000</SICI>
    <SUD>36,593040</SUD>
    <AUST>36,593040</AUST>
    <BRNN>36,593040</BRNN>
    <COAC>36,593040</COAC>
    <CORS>36,593040</CORS>
    <FOGN>36,593040</FOGN>
    <FRAN>36,593040</FRAN>
    <GREC>36,593040</GREC>
    <MFTV>36,593040</MFTV>
    <PRGP>72,080000</PRGP>
    <ROSN>36,593040</ROSN>
    <SLOV>36,593040</SLOV>
    <SVIZ>36,593040</SVIZ>
    <BSP>36,593040</BSP>
    <MALT>72,080000</MALT>
    <XAUS>36,593040</XAUS>
    <XFRA>36,593040</XFRA>
  </Prezzi>
  <Prezzi>
    <Data>20160822</Data>
    <Mercato>MGP</Mercato>
    <Ora>20</Ora>
    <PUN>41,461380</PUN>
    <NAT>40,000000</NAT>
    <CNOR>41,000000</CNOR>
    <CSUD>41,000000</CSUD>
    <NORD>37,711870</NORD>
    <SARD>41,000000</SARD>
    <SICI>72,080000</SICI>
    <SUD>41,000000</SUD>
    <AUST>37,711870</AUST>
    <BRNN>41,000000</BRNN>
    <COAC>41,000000</COAC>
    <CORS>41,000000</CORS>
    <FOGN>41,000000</FOGN>
    <FRAN>37,711870</FRAN>
    <GREC>41,000000</GREC>
    <MFTV>37,711870</MFTV>
    <PRGP>72,080000</PRGP>
    <ROSN>41,000000</ROSN>
    <SLOV>37,711870</SLOV>
    <SVIZ>37,711870</SVIZ>
    <BSP>37,711870</BSP>
    <MALT>72,080000</MALT>
    <XAUS>37,711870</XAUS>
    <XFRA>37,711870</XFRA>
  </Prezzi>
  <Prezzi>
    <Data>20160822</Data>
    <Mercato>MGP</Mercato>
    <Ora>21</Ora>
    <PUN>42,649920</PUN>
    <NAT>42,000000</NAT>
    <CNOR>43,000000</CNOR>
    <CSUD>43,000000</CSUD>
    <NORD>38,000000</NORD>
    <SARD>43,000000</SARD>
    <SICI>72,080000</SICI>
    <SUD>43,000000</SUD>
    <AUST>38,000000</AUST>
    <BRNN>43,000000</BRNN>
    <COAC>43,000000</COAC>
    <CORS>43,000000</CORS>
    <FOGN>43,000000</FOGN>
    <FRAN>38,000000</FRAN>
    <GREC>43,000000</GREC>
    <MFTV>38,000000</MFTV>
    <PRGP>72,080000</PRGP>
    <ROSN>43,000000</ROSN>
    <SLOV>38,000000</SLOV>
    <SVIZ>38,000000</SVIZ>
    <BSP>38,000000</BSP>
    <MALT>72,080000</MALT>
    <XAUS>38,000000</XAUS>
    <XFRA>38,000000</XFRA>
  </Prezzi>
  <Prezzi>
    <Data>20160822</Data>
    <Mercato>MGP</Mercato>
    <Ora>22</Ora>
    <PUN>41,156240</PUN>
    <NAT>40,000000</NAT>
    <CNOR>42,000000</CNOR>
    <CSUD>42,000000</CSUD>
    <NORD>36,027280</NORD>
    <SARD>42,000000</SARD>
    <SICI>72,080000</SICI>
    <SUD>42,000000</SUD>
    <AUST>36,027280</AUST>
    <BRNN>42,000000</BRNN>
    <COAC>42,000000</COAC>
    <CORS>42,000000</CORS>
    <FOGN>42,000000</FOGN>
    <FRAN>36,027280</FRAN>
    <GREC>42,000000</GREC>
    <MFTV>36,027280</MFTV>
    <PRGP>72,080000</PRGP>
    <ROSN>42,000000</ROSN>
    <SLOV>36,027280</SLOV>
    <SVIZ>36,027280</SVIZ>
    <BSP>36,027280</BSP>
    <MALT>72,080000</MALT>
    <XAUS>36,027280</XAUS>
    <XFRA>36,027280</XFRA>
  </Prezzi>
  <Prezzi>
    <Data>20160822</Data>
    <Mercato>MGP</Mercato>
    <Ora>23</Ora>
    <PUN>38,392550</PUN>
    <NAT>37,600000</NAT>
    <CNOR>35,780000</CNOR>
    <CSUD>35,780000</CSUD>
    <NORD>35,780000</NORD>
    <SARD>35,780000</SARD>
    <SICI>72,080000</SICI>
    <SUD>35,780000</SUD>
    <AUST>35,780000</AUST>
    <BRNN>35,780000</BRNN>
    <COAC>35,780000</COAC>
    <CORS>35,780000</CORS>
    <FOGN>35,780000</FOGN>
    <FRAN>35,780000</FRAN>
    <GREC>35,780000</GREC>
    <MFTV>35,780000</MFTV>
    <PRGP>72,080000</PRGP>
    <ROSN>35,780000</ROSN>
    <SLOV>35,780000</SLOV>
    <SVIZ>35,780000</SVIZ>
    <BSP>35,780000</BSP>
    <MALT>72,080000</MALT>
    <XAUS>35,780000</XAUS>
    <XFRA>35,780000</XFRA>
  </Prezzi>
  <Prezzi>
    <Data>20160822</Data>
    <Mercato>MGP</Mercato>
    <Ora>24</Ora>
    <PUN>36,366010</PUN>
    <NAT>35,000000</NAT>
    <CNOR>33,590000</CNOR>
    <CSUD>33,590000</CSUD>
    <NORD>33,590000</NORD>
    <SARD>33,590000</SARD>
    <SICI>71,560000</SICI>
    <SUD>33,590000</SUD>
    <AUST>33,590000</AUST>
    <BRNN>33,590000</BRNN>
    <COAC>33,590000</COAC>
    <CORS>33,590000</CORS>
    <FOGN>33,590000</FOGN>
    <FRAN>33,590000</FRAN>
    <GREC>33,590000</GREC>
    <MFTV>33,590000</MFTV>
    <PRGP>71,560000</PRGP>
    <ROSN>33,590000</ROSN>
    <SLOV>33,590000</SLOV>
    <SVIZ>33,590000</SVIZ>
    <BSP>33,590000</BSP>
    <MALT>71,560000</MALT>
    <XAUS>33,590000</XAUS>
    <XFRA>33,590000</XFRA>
  </Prezzi>
</NewDataSet>