<?xml version="1.0" standalone="yes"?>
<NewDataSet>
  <xs:schema id="NewDataSet" xmlns="" xmlns:xs="http://www.w3.org/2001/XMLSchema" xmlns:msdata="urn:schemas-microsoft-com:xml-msdata">
    <xs:element name="NewDataSet" msdata:IsDataSet="true" msdata:UseCurrentLocale="true">
      <xs:complexType>
        <xs:choice minOccurs="0" maxOccurs="unbounded">
          <xs:element name="Prezzi">
            <xs:complexType>
              <xs:sequence>
                <xs:element name="Data" type="xs:string" minOccurs="0" />
                <xs:element name="Mercato" type="xs:string" minOccurs="0" />
                <xs:element name="Ora" type="xs:string" minOccurs="0" />
                <xs:element name="PUN" type="xs:string" minOccurs="0" />
                <xs:element name="NAT" type="xs:string" minOccurs="0" />
                <xs:element name="CNOR" type="xs:string" minOccurs="0" />
                <xs:element name="CSUD" type="xs:string" minOccurs="0" />
                <xs:element name="NORD" type="xs:string" minOccurs="0" />
                <xs:element name="SARD" type="xs:string" minOccurs="0" />
                <xs:element name="SICI" type="xs:string" minOccurs="0" />
                <xs:element name="SUD" type="xs:string" minOccurs="0" />
                <xs:element name="AUST" type="xs:string" minOccurs="0" />
                <xs:element name="BRNN" type="xs:string" minOccurs="0" />
                <xs:element name="COAC" type="xs:string" minOccurs="0" />
                <xs:element name="CORS" type="xs:string" minOccurs="0" />
                <xs:element name="FOGN" type="xs:string" minOccurs="0" />
                <xs:element name="FRAN" type="xs:string" minOccurs="0" />
                <xs:element name="GREC" type="xs:string" minOccurs="0" />
                <xs:element name="MFTV" type="xs:string" minOccurs="0" />
                <xs:element name="PRGP" type="xs:string" minOccurs="0" />
                <xs:element name="ROSN" type="xs:string" minOccurs="0" />
                <xs:element name="SLOV" type="xs:string" minOccurs="0" />
                <xs:element name="SVIZ" type="xs:string" minOccurs="0" />
                <xs:element name="BSP" type="xs:string" minOccurs="0" />
                <xs:element name="MALT" type="xs:string" minOccurs="0" />
                <xs:element name="XAUS" type="xs:string" minOccurs="0" />
                <xs:element name="XFRA" type="xs:string" minOccurs="0" />
              </xs:sequence>
            </xs:complexType>
          </xs:element>
        </xs:choice>
      </xs:complexType>
    </xs:element>
  </xs:schema>
  <Prezzi>
    <Data>20160814</Data>
    <Mercato>MGP</Mercato>
    <Ora>1</Ora>
    <PUN>33,298090</PUN>
    <NAT>37,110000</NAT>
    <CNOR>31,750000</CNOR>
    <CSUD>31,750000</CSUD>
    <NORD>31,750000</NORD>
    <SARD>31,750000</SARD>
    <SICI>51,560000</SICI>
    <SUD>31,750000</SUD>
    <AUST>31,750000</AUST>
    <BRNN>31,750000</BRNN>
    <COAC>31,750000</COAC>
    <CORS>31,750000</CORS>
    <FOGN>31,750000</FOGN>
    <FRAN>31,750000</FRAN>
    <GREC>31,750000</GREC>
    <MFTV>31,750000</MFTV>
    <PRGP>51,560000</PRGP>
    <ROSN>31,750000</ROSN>
    <SLOV>31,750000</SLOV>
    <SVIZ>31,750000</SVIZ>
    <BSP>31,750000</BSP>
    <MALT>51,560000</MALT>
    <XAUS>31,750000</XAUS>
    <XFRA>31,750000</XFRA>
  </Prezzi>
  <Prezzi>
    <Data>20160814</Data>
    <Mercato>MGP</Mercato>
    <Ora>2</Ora>
    <PUN>32,580010</PUN>
    <NAT>32,000000</NAT>
    <CNOR>31,000000</CNOR>
    <CSUD>31,000000</CSUD>
    <NORD>31,000000</NORD>
    <SARD>31,000000</SARD>
    <SICI>51,560000</SICI>
    <SUD>31,000000</SUD>
    <AUST>31,000000</AUST>
    <BRNN>31,000000</BRNN>
    <COAC>31,000000</COAC>
    <CORS>31,000000</CORS>
    <FOGN>31,000000</FOGN>
    <FRAN>31,000000</FRAN>
    <GREC>31,000000</GREC>
    <MFTV>31,000000</MFTV>
    <PRGP>51,560000</PRGP>
    <ROSN>31,000000</ROSN>
    <SLOV>31,000000</SLOV>
    <SVIZ>31,000000</SVIZ>
    <BSP>31,000000</BSP>
    <MALT>51,560000</MALT>
    <XAUS>31,000000</XAUS>
    <XFRA>31,000000</XFRA>
  </Prezzi>
  <Prezzi>
    <Data>20160814</Data>
    <Mercato>MGP</Mercato>
    <Ora>3</Ora>
    <PUN>31,938360</PUN>
    <NAT>30,630000</NAT>
    <CNOR>30,340000</CNOR>
    <CSUD>30,340000</CSUD>
    <NORD>30,340000</NORD>
    <SARD>30,340000</SARD>
    <SICI>51,460000</SICI>
    <SUD>30,340000</SUD>
    <AUST>30,340000</AUST>
    <BRNN>30,340000</BRNN>
    <COAC>30,340000</COAC>
    <CORS>30,340000</CORS>
    <FOGN>30,340000</FOGN>
    <FRAN>30,340000</FRAN>
    <GREC>30,340000</GREC>
    <MFTV>30,340000</MFTV>
    <PRGP>51,460000</PRGP>
    <ROSN>30,340000</ROSN>
    <SLOV>30,340000</SLOV>
    <SVIZ>30,340000</SVIZ>
    <BSP>30,340000</BSP>
    <MALT>51,460000</MALT>
    <XAUS>30,340000</XAUS>
    <XFRA>30,340000</XFRA>
  </Prezzi>
  <Prezzi>
    <Data>20160814</Data>
    <Mercato>MGP</Mercato>
    <Ora>4</Ora>
    <PUN>31,908360</PUN>
    <NAT>30,550000</NAT>
    <CNOR>30,330000</CNOR>
    <CSUD>30,330000</CSUD>
    <NORD>30,330000</NORD>
    <SARD>30,330000</SARD>
    <SICI>51,460000</SICI>
    <SUD>30,330000</SUD>
    <AUST>30,330000</AUST>
    <BRNN>30,330000</BRNN>
    <COAC>30,330000</COAC>
    <CORS>30,330000</CORS>
    <FOGN>30,330000</FOGN>
    <FRAN>30,330000</FRAN>
    <GREC>30,330000</GREC>
    <MFTV>30,330000</MFTV>
    <PRGP>51,460000</PRGP>
    <ROSN>30,330000</ROSN>
    <SLOV>30,330000</SLOV>
    <SVIZ>30,330000</SVIZ>
    <BSP>30,330000</BSP>
    <MALT>51,460000</MALT>
    <XAUS>30,330000</XAUS>
    <XFRA>30,330000</XFRA>
  </Prezzi>
  <Prezzi>
    <Data>20160814</Data>
    <Mercato>MGP</Mercato>
    <Ora>5</Ora>
    <PUN>32,133820</PUN>
    <NAT>31,230000</NAT>
    <CNOR>30,590000</CNOR>
    <CSUD>30,590000</CSUD>
    <NORD>30,590000</NORD>
    <SARD>30,590000</SARD>
    <SICI>51,460000</SICI>
    <SUD>30,590000</SUD>
    <AUST>30,590000</AUST>
    <BRNN>30,590000</BRNN>
    <COAC>30,590000</COAC>
    <CORS>30,590000</CORS>
    <FOGN>30,590000</FOGN>
    <FRAN>30,590000</FRAN>
    <GREC>30,590000</GREC>
    <MFTV>30,590000</MFTV>
    <PRGP>51,460000</PRGP>
    <ROSN>30,590000</ROSN>
    <SLOV>30,590000</SLOV>
    <SVIZ>30,590000</SVIZ>
    <BSP>30,590000</BSP>
    <MALT>51,460000</MALT>
    <XAUS>30,590000</XAUS>
    <XFRA>30,590000</XFRA>
  </Prezzi>
  <Prezzi>
    <Data>20160814</Data>
    <Mercato>MGP</Mercato>
    <Ora>6</Ora>
    <PUN>32,624210</PUN>
    <NAT>32,440000</NAT>
    <CNOR>31,120000</CNOR>
    <CSUD>31,120000</CSUD>
    <NORD>31,120000</NORD>
    <SARD>31,120000</SARD>
    <SICI>51,460000</SICI>
    <SUD>31,120000</SUD>
    <AUST>31,120000</AUST>
    <BRNN>31,120000</BRNN>
    <COAC>31,120000</COAC>
    <CORS>31,120000</CORS>
    <FOGN>31,120000</FOGN>
    <FRAN>31,120000</FRAN>
    <GREC>31,120000</GREC>
    <MFTV>31,120000</MFTV>
    <PRGP>51,460000</PRGP>
    <ROSN>31,120000</ROSN>
    <SLOV>31,120000</SLOV>
    <SVIZ>31,120000</SVIZ>
    <BSP>31,120000</BSP>
    <MALT>51,460000</MALT>
    <XAUS>31,120000</XAUS>
    <XFRA>31,120000</XFRA>
  </Prezzi>
  <Prezzi>
    <Data>20160814</Data>
    <Mercato>MGP</Mercato>
    <Ora>7</Ora>
    <PUN>31,307850</PUN>
    <NAT>30,590000</NAT>
    <CNOR>30,340000</CNOR>
    <CSUD>30,340000</CSUD>
    <NORD>30,340000</NORD>
    <SARD>30,340000</SARD>
    <SICI>43,460000</SICI>
    <SUD>30,340000</SUD>
    <AUST>30,340000</AUST>
    <BRNN>30,340000</BRNN>
    <COAC>30,340000</COAC>
    <CORS>30,340000</CORS>
    <FOGN>30,340000</FOGN>
    <FRAN>30,340000</FRAN>
    <GREC>30,340000</GREC>
    <MFTV>30,340000</MFTV>
    <PRGP>43,460000</PRGP>
    <ROSN>30,000000</ROSN>
    <SLOV>30,340000</SLOV>
    <SVIZ>30,340000</SVIZ>
    <BSP>30,340000</BSP>
    <MALT>43,460000</MALT>
    <XAUS>30,340000</XAUS>
    <XFRA>30,340000</XFRA>
  </Prezzi>
  <Prezzi>
    <Data>20160814</Data>
    <Mercato>MGP</Mercato>
    <Ora>8</Ora>
    <PUN>32,892760</PUN>
    <NAT>30,380000</NAT>
    <CNOR>30,290000</CNOR>
    <CSUD>30,290000</CSUD>
    <NORD>30,290000</NORD>
    <SARD>30,290000</SARD>
    <SICI>65,460000</SICI>
    <SUD>30,290000</SUD>
    <AUST>30,290000</AUST>
    <BRNN>30,290000</BRNN>
    <COAC>30,290000</COAC>
    <CORS>30,290000</CORS>
    <FOGN>30,290000</FOGN>
    <FRAN>30,290000</FRAN>
    <GREC>30,290000</GREC>
    <MFTV>30,290000</MFTV>
    <PRGP>65,460000</PRGP>
    <ROSN>30,000000</ROSN>
    <SLOV>30,290000</SLOV>
    <SVIZ>30,290000</SVIZ>
    <BSP>30,290000</BSP>
    <MALT>65,460000</MALT>
    <XAUS>30,290000</XAUS>
    <XFRA>30,290000</XFRA>
  </Prezzi>
  <Prezzi>
    <Data>20160814</Data>
    <Mercato>MGP</Mercato>
    <Ora>9</Ora>
    <PUN>30,791230</PUN>
    <NAT>30,330000</NAT>
    <CNOR>27,890000</CNOR>
    <CSUD>27,890000</CSUD>
    <NORD>27,890000</NORD>
    <SARD>27,890000</SARD>
    <SICI>65,560000</SICI>
    <SUD>27,890000</SUD>
    <AUST>27,890000</AUST>
    <BRNN>27,890000</BRNN>
    <COAC>27,890000</COAC>
    <CORS>27,890000</CORS>
    <FOGN>27,890000</FOGN>
    <FRAN>27,890000</FRAN>
    <GREC>27,890000</GREC>
    <MFTV>27,890000</MFTV>
    <PRGP>65,560000</PRGP>
    <ROSN>27,890000</ROSN>
    <SLOV>27,890000</SLOV>
    <SVIZ>27,890000</SVIZ>
    <BSP>27,890000</BSP>
    <MALT>65,560000</MALT>
    <XAUS>27,890000</XAUS>
    <XFRA>27,890000</XFRA>
  </Prezzi>
  <Prezzi>
    <Data>20160814</Data>
    <Mercato>MGP</Mercato>
    <Ora>10</Ora>
    <PUN>28,011280</PUN>
    <NAT>30,000000</NAT>
    <CNOR>25,990000</CNOR>
    <CSUD>25,990000</CSUD>
    <NORD>25,990000</NORD>
    <SARD>25,990000</SARD>
    <SICI>51,560000</SICI>
    <SUD>25,990000</SUD>
    <AUST>25,990000</AUST>
    <BRNN>25,990000</BRNN>
    <COAC>25,990000</COAC>
    <CORS>25,990000</CORS>
    <FOGN>25,990000</FOGN>
    <FRAN>25,990000</FRAN>
    <GREC>25,990000</GREC>
    <MFTV>25,990000</MFTV>
    <PRGP>51,560000</PRGP>
    <ROSN>25,990000</ROSN>
    <SLOV>25,990000</SLOV>
    <SVIZ>25,990000</SVIZ>
    <BSP>25,990000</BSP>
    <MALT>51,560000</MALT>
    <XAUS>25,990000</XAUS>
    <XFRA>25,990000</XFRA>
  </Prezzi>
  <Prezzi>
    <Data>20160814</Data>
    <Mercato>MGP</Mercato>
    <Ora>11</Ora>
    <PUN>27,082350</PUN>
    <NAT>25,990000</NAT>
    <CNOR>25,000000</CNOR>
    <CSUD>25,000000</CSUD>
    <NORD>25,000000</NORD>
    <SARD>25,000000</SARD>
    <SICI>51,460000</SICI>
    <SUD>25,000000</SUD>
    <AUST>25,000000</AUST>
    <BRNN>25,000000</BRNN>
    <COAC>25,000000</COAC>
    <CORS>25,000000</CORS>
    <FOGN>25,000000</FOGN>
    <FRAN>25,000000</FRAN>
    <GREC>25,000000</GREC>
    <MFTV>25,000000</MFTV>
    <PRGP>51,460000</PRGP>
    <ROSN>25,000000</ROSN>
    <SLOV>25,000000</SLOV>
    <SVIZ>25,000000</SVIZ>
    <BSP>25,000000</BSP>
    <MALT>51,460000</MALT>
    <XAUS>25,000000</XAUS>
    <XFRA>25,000000</XFRA>
  </Prezzi>
  <Prezzi>
    <Data>20160814</Data>
    <Mercato>MGP</Mercato>
    <Ora>12</Ora>
    <PUN>24,294260</PUN>
    <NAT>25,000000</NAT>
    <CNOR>22,680000</CNOR>
    <CSUD>22,680000</CSUD>
    <NORD>22,680000</NORD>
    <SARD>22,680000</SARD>
    <SICI>43,460000</SICI>
    <SUD>22,680000</SUD>
    <AUST>22,680000</AUST>
    <BRNN>22,680000</BRNN>
    <COAC>22,680000</COAC>
    <CORS>22,680000</CORS>
    <FOGN>22,680000</FOGN>
    <FRAN>22,680000</FRAN>
    <GREC>22,680000</GREC>
    <MFTV>22,680000</MFTV>
    <PRGP>43,460000</PRGP>
    <ROSN>22,680000</ROSN>
    <SLOV>22,680000</SLOV>
    <SVIZ>22,680000</SVIZ>
    <BSP>22,680000</BSP>
    <MALT>43,460000</MALT>
    <XAUS>22,680000</XAUS>
    <XFRA>22,680000</XFRA>
  </Prezzi>
  <Prezzi>
    <Data>20160814</Data>
    <Mercato>MGP</Mercato>
    <Ora>13</Ora>
    <PUN>21,328150</PUN>
    <NAT>23,950000</NAT>
    <CNOR>19,465570</CNOR>
    <CSUD>19,465570</CSUD>
    <NORD>19,465570</NORD>
    <SARD>19,465570</SARD>
    <SICI>43,460000</SICI>
    <SUD>19,465570</SUD>
    <AUST>19,465570</AUST>
    <BRNN>19,465570</BRNN>
    <COAC>19,465570</COAC>
    <CORS>19,465570</CORS>
    <FOGN>19,465570</FOGN>
    <FRAN>19,465570</FRAN>
    <GREC>19,465570</GREC>
    <MFTV>19,465570</MFTV>
    <PRGP>43,460000</PRGP>
    <ROSN>19,465570</ROSN>
    <SLOV>19,465570</SLOV>
    <SVIZ>19,465570</SVIZ>
    <BSP>19,465570</BSP>
    <MALT>43,460000</MALT>
    <XAUS>19,465570</XAUS>
    <XFRA>19,465570</XFRA>
  </Prezzi>
  <Prezzi>
    <Data>20160814</Data>
    <Mercato>MGP</Mercato>
    <Ora>14</Ora>
    <PUN>19,280330</PUN>
    <NAT>18,000000</NAT>
    <CNOR>17,405610</CNOR>
    <CSUD>17,405610</CSUD>
    <NORD>17,405610</NORD>
    <SARD>17,405610</SARD>
    <SICI>42,090000</SICI>
    <SUD>17,405610</SUD>
    <AUST>17,405610</AUST>
    <BRNN>17,405610</BRNN>
    <COAC>17,405610</COAC>
    <CORS>17,405610</CORS>
    <FOGN>17,405610</FOGN>
    <FRAN>17,405610</FRAN>
    <GREC>17,405610</GREC>
    <MFTV>17,405610</MFTV>
    <PRGP>42,090000</PRGP>
    <ROSN>17,405610</ROSN>
    <SLOV>17,405610</SLOV>
    <SVIZ>17,405610</SVIZ>
    <BSP>17,405610</BSP>
    <MALT>42,090000</MALT>
    <XAUS>17,405610</XAUS>
    <XFRA>17,405610</XFRA>
  </Prezzi>
  <Prezzi>
    <Data>20160814</Data>
    <Mercato>MGP</Mercato>
    <Ora>15</Ora>
    <PUN>19,781870</PUN>
    <NAT>19,230000</NAT>
    <CNOR>18,000000</CNOR>
    <CSUD>18,000000</CSUD>
    <NORD>18,000000</NORD>
    <SARD>18,000000</SARD>
    <SICI>42,090000</SICI>
    <SUD>18,000000</SUD>
    <AUST>18,000000</AUST>
    <BRNN>18,000000</BRNN>
    <COAC>18,000000</COAC>
    <CORS>18,000000</CORS>
    <FOGN>18,000000</FOGN>
    <FRAN>18,000000</FRAN>
    <GREC>18,000000</GREC>
    <MFTV>18,000000</MFTV>
    <PRGP>42,090000</PRGP>
    <ROSN>18,000000</ROSN>
    <SLOV>18,000000</SLOV>
    <SVIZ>18,000000</SVIZ>
    <BSP>18,000000</BSP>
    <MALT>42,090000</MALT>
    <XAUS>18,000000</XAUS>
    <XFRA>18,000000</XFRA>
  </Prezzi>
  <Prezzi>
    <Data>20160814</Data>
    <Mercato>MGP</Mercato>
    <Ora>16</Ora>
    <PUN>23,494300</PUN>
    <NAT>22,700000</NAT>
    <CNOR>22,000000</CNOR>
    <CSUD>22,000000</CSUD>
    <NORD>22,000000</NORD>
    <SARD>22,000000</SARD>
    <SICI>42,090000</SICI>
    <SUD>22,000000</SUD>
    <AUST>22,000000</AUST>
    <BRNN>22,000000</BRNN>
    <COAC>22,000000</COAC>
    <CORS>22,000000</CORS>
    <FOGN>22,000000</FOGN>
    <FRAN>22,000000</FRAN>
    <GREC>22,000000</GREC>
    <MFTV>22,000000</MFTV>
    <PRGP>42,090000</PRGP>
    <ROSN>22,000000</ROSN>
    <SLOV>22,000000</SLOV>
    <SVIZ>22,000000</SVIZ>
    <BSP>22,000000</BSP>
    <MALT>42,090000</MALT>
    <XAUS>22,000000</XAUS>
    <XFRA>22,000000</XFRA>
  </Prezzi>
  <Prezzi>
    <Data>20160814</Data>
    <Mercato>MGP</Mercato>
    <Ora>17</Ora>
    <PUN>27,295080</PUN>
    <NAT>27,640000</NAT>
    <CNOR>25,990000</CNOR>
    <CSUD>25,990000</CSUD>
    <NORD>25,990000</NORD>
    <SARD>25,990000</SARD>
    <SICI>43,460000</SICI>
    <SUD>25,990000</SUD>
    <AUST>25,990000</AUST>
    <BRNN>25,990000</BRNN>
    <COAC>25,990000</COAC>
    <CORS>25,990000</CORS>
    <FOGN>25,990000</FOGN>
    <FRAN>25,990000</FRAN>
    <GREC>25,990000</GREC>
    <MFTV>25,990000</MFTV>
    <PRGP>43,460000</PRGP>
    <ROSN>25,990000</ROSN>
    <SLOV>25,990000</SLOV>
    <SVIZ>25,990000</SVIZ>
    <BSP>25,990000</BSP>
    <MALT>43,460000</MALT>
    <XAUS>25,990000</XAUS>
    <XFRA>25,990000</XFRA>
  </Prezzi>
  <Prezzi>
    <Data>20160814</Data>
    <Mercato>MGP</Mercato>
    <Ora>18</Ora>
    <PUN>31,312120</PUN>
    <NAT>30,590000</NAT>
    <CNOR>30,330000</CNOR>
    <CSUD>30,330000</CSUD>
    <NORD>30,330000</NORD>
    <SARD>30,330000</SARD>
    <SICI>43,460000</SICI>
    <SUD>30,330000</SUD>
    <AUST>30,330000</AUST>
    <BRNN>30,330000</BRNN>
    <COAC>30,330000</COAC>
    <CORS>30,330000</CORS>
    <FOGN>30,330000</FOGN>
    <FRAN>30,330000</FRAN>
    <GREC>30,330000</GREC>
    <MFTV>30,330000</MFTV>
    <PRGP>43,460000</PRGP>
    <ROSN>30,000000</ROSN>
    <SLOV>30,330000</SLOV>
    <SVIZ>30,330000</SVIZ>
    <BSP>30,330000</BSP>
    <MALT>43,460000</MALT>
    <XAUS>30,330000</XAUS>
    <XFRA>30,330000</XFRA>
  </Prezzi>
  <Prezzi>
    <Data>20160814</Data>
    <Mercato>MGP</Mercato>
    <Ora>19</Ora>
    <PUN>35,826660</PUN>
    <NAT>34,990000</NAT>
    <CNOR>32,990000</CNOR>
    <CSUD>32,990000</CSUD>
    <NORD>32,990000</NORD>
    <SARD>32,990000</SARD>
    <SICI>71,460000</SICI>
    <SUD>32,990000</SUD>
    <AUST>32,990000</AUST>
    <BRNN>32,990000</BRNN>
    <COAC>32,990000</COAC>
    <CORS>32,990000</CORS>
    <FOGN>32,990000</FOGN>
    <FRAN>32,990000</FRAN>
    <GREC>32,990000</GREC>
    <MFTV>32,990000</MFTV>
    <PRGP>71,460000</PRGP>
    <ROSN>30,000000</ROSN>
    <SLOV>32,990000</SLOV>
    <SVIZ>32,990000</SVIZ>
    <BSP>32,990000</BSP>
    <MALT>71,460000</MALT>
    <XAUS>32,990000</XAUS>
    <XFRA>32,990000</XFRA>
  </Prezzi>
  <Prezzi>
    <Data>20160814</Data>
    <Mercato>MGP</Mercato>
    <Ora>20</Ora>
    <PUN>42,317150</PUN>
    <NAT>42,000000</NAT>
    <CNOR>40,000000</CNOR>
    <CSUD>40,000000</CSUD>
    <NORD>40,000000</NORD>
    <SARD>40,000000</SARD>
    <SICI>71,560000</SICI>
    <SUD>40,000000</SUD>
    <AUST>40,000000</AUST>
    <BRNN>40,000000</BRNN>
    <COAC>40,000000</COAC>
    <CORS>40,000000</CORS>
    <FOGN>40,000000</FOGN>
    <FRAN>40,000000</FRAN>
    <GREC>40,000000</GREC>
    <MFTV>40,000000</MFTV>
    <PRGP>71,560000</PRGP>
    <ROSN>34,600000</ROSN>
    <SLOV>40,000000</SLOV>
    <SVIZ>40,000000</SVIZ>
    <BSP>40,000000</BSP>
    <MALT>71,560000</MALT>
    <XAUS>40,000000</XAUS>
    <XFRA>40,000000</XFRA>
  </Prezzi>
  <Prezzi>
    <Data>20160814</Data>
    <Mercato>MGP</Mercato>
    <Ora>21</Ora>
    <PUN>45,260800</PUN>
    <NAT>45,980000</NAT>
    <CNOR>43,000000</CNOR>
    <CSUD>43,000000</CSUD>
    <NORD>43,000000</NORD>
    <SARD>43,000000</SARD>
    <SICI>72,080000</SICI>
    <SUD>43,000000</SUD>
    <AUST>43,000000</AUST>
    <BRNN>43,000000</BRNN>
    <COAC>43,000000</COAC>
    <CORS>43,000000</CORS>
    <FOGN>43,000000</FOGN>
    <FRAN>43,000000</FRAN>
    <GREC>43,000000</GREC>
    <MFTV>43,000000</MFTV>
    <PRGP>72,080000</PRGP>
    <ROSN>34,600000</ROSN>
    <SLOV>43,000000</SLOV>
    <SVIZ>43,000000</SVIZ>
    <BSP>43,000000</BSP>
    <MALT>72,080000</MALT>
    <XAUS>43,000000</XAUS>
    <XFRA>43,000000</XFRA>
  </Prezzi>
  <Prezzi>
    <Data>20160814</Data>
    <Mercato>MGP</Mercato>
    <Ora>22</Ora>
    <PUN>44,278710</PUN>
    <NAT>43,460000</NAT>
    <CNOR>42,000000</CNOR>
    <CSUD>42,000000</CSUD>
    <NORD>42,000000</NORD>
    <SARD>42,000000</SARD>
    <SICI>72,080000</SICI>
    <SUD>42,000000</SUD>
    <AUST>42,000000</AUST>
    <BRNN>42,000000</BRNN>
    <COAC>42,000000</COAC>
    <CORS>42,000000</CORS>
    <FOGN>42,000000</FOGN>
    <FRAN>42,000000</FRAN>
    <GREC>42,000000</GREC>
    <MFTV>42,000000</MFTV>
    <PRGP>72,080000</PRGP>
    <ROSN>34,600000</ROSN>
    <SLOV>42,000000</SLOV>
    <SVIZ>42,000000</SVIZ>
    <BSP>42,000000</BSP>
    <MALT>72,080000</MALT>
    <XAUS>42,000000</XAUS>
    <XFRA>42,000000</XFRA>
  </Prezzi>
  <Prezzi>
    <Data>20160814</Data>
    <Mercato>MGP</Mercato>
    <Ora>23</Ora>
    <PUN>43,337600</PUN>
    <NAT>42,000000</NAT>
    <CNOR>41,000000</CNOR>
    <CSUD>41,000000</CSUD>
    <NORD>41,000000</NORD>
    <SARD>41,000000</SARD>
    <SICI>72,080000</SICI>
    <SUD>41,000000</SUD>
    <AUST>41,000000</AUST>
    <BRNN>41,000000</BRNN>
    <COAC>41,000000</COAC>
    <CORS>41,000000</CORS>
    <FOGN>41,000000</FOGN>
    <FRAN>41,000000</FRAN>
    <GREC>41,000000</GREC>
    <MFTV>41,000000</MFTV>
    <PRGP>72,080000</PRGP>
    <ROSN>34,600000</ROSN>
    <SLOV>41,000000</SLOV>
    <SVIZ>41,000000</SVIZ>
    <BSP>41,000000</BSP>
    <MALT>72,080000</MALT>
    <XAUS>41,000000</XAUS>
    <XFRA>41,000000</XFRA>
  </Prezzi>
  <Prezzi>
    <Data>20160814</Data>
    <Mercato>MGP</Mercato>
    <Ora>24</Ora>
    <PUN>40,211340</PUN>
    <NAT>41,000000</NAT>
    <CNOR>37,670000</CNOR>
    <CSUD>37,670000</CSUD>
    <NORD>37,670000</NORD>
    <SARD>37,670000</SARD>
    <SICI>71,560000</SICI>
    <SUD>37,670000</SUD>
    <AUST>37,670000</AUST>
    <BRNN>37,670000</BRNN>
    <COAC>37,670000</COAC>
    <CORS>37,670000</CORS>
    <FOGN>37,670000</FOGN>
    <FRAN>37,670000</FRAN>
    <GREC>37,670000</GREC>
    <MFTV>37,670000</MFTV>
    <PRGP>71,560000</PRGP>
    <ROSN>36,960000</ROSN>
    <SLOV>37,670000</SLOV>
    <SVIZ>37,670000</SVIZ>
    <BSP>37,670000</BSP>
    <MALT>71,560000</MALT>
    <XAUS>37,670000</XAUS>
    <XFRA>37,670000</XFRA>
  </Prezzi>
</NewDataSet>