<?xml version="1.0" standalone="yes"?>
<NewDataSet>
  <xs:schema id="NewDataSet" xmlns="" xmlns:xs="http://www.w3.org/2001/XMLSchema" xmlns:msdata="urn:schemas-microsoft-com:xml-msdata">
    <xs:element name="NewDataSet" msdata:IsDataSet="true" msdata:UseCurrentLocale="true">
      <xs:complexType>
        <xs:choice minOccurs="0" maxOccurs="unbounded">
          <xs:element name="Prezzi">
            <xs:complexType>
              <xs:sequence>
                <xs:element name="Data" type="xs:string" minOccurs="0" />
                <xs:element name="Mercato" type="xs:string" minOccurs="0" />
                <xs:element name="Ora" type="xs:string" minOccurs="0" />
                <xs:element name="PUN" type="xs:string" minOccurs="0" />
                <xs:element name="NAT" type="xs:string" minOccurs="0" />
                <xs:element name="CNOR" type="xs:string" minOccurs="0" />
                <xs:element name="CSUD" type="xs:string" minOccurs="0" />
                <xs:element name="NORD" type="xs:string" minOccurs="0" />
                <xs:element name="SARD" type="xs:string" minOccurs="0" />
                <xs:element name="SICI" type="xs:string" minOccurs="0" />
                <xs:element name="SUD" type="xs:string" minOccurs="0" />
                <xs:element name="AUST" type="xs:string" minOccurs="0" />
                <xs:element name="BRNN" type="xs:string" minOccurs="0" />
                <xs:element name="COAC" type="xs:string" minOccurs="0" />
                <xs:element name="CORS" type="xs:string" minOccurs="0" />
                <xs:element name="FOGN" type="xs:string" minOccurs="0" />
                <xs:element name="FRAN" type="xs:string" minOccurs="0" />
                <xs:element name="GREC" type="xs:string" minOccurs="0" />
                <xs:element name="MFTV" type="xs:string" minOccurs="0" />
                <xs:element name="PRGP" type="xs:string" minOccurs="0" />
                <xs:element name="ROSN" type="xs:string" minOccurs="0" />
                <xs:element name="SLOV" type="xs:string" minOccurs="0" />
                <xs:element name="SVIZ" type="xs:string" minOccurs="0" />
                <xs:element name="BSP" type="xs:string" minOccurs="0" />
                <xs:element name="MALT" type="xs:string" minOccurs="0" />
                <xs:element name="XAUS" type="xs:string" minOccurs="0" />
                <xs:element name="XFRA" type="xs:string" minOccurs="0" />
              </xs:sequence>
            </xs:complexType>
          </xs:element>
        </xs:choice>
      </xs:complexType>
    </xs:element>
  </xs:schema>
  <Prezzi>
    <Data>20160816</Data>
    <Mercato>MGP</Mercato>
    <Ora>1</Ora>
    <PUN>41,200700</PUN>
    <NAT>41,170000</NAT>
    <CNOR>41,000000</CNOR>
    <CSUD>41,000000</CSUD>
    <NORD>41,000000</NORD>
    <SARD>41,000000</SARD>
    <SICI>43,560000</SICI>
    <SUD>41,000000</SUD>
    <AUST>41,000000</AUST>
    <BRNN>41,000000</BRNN>
    <COAC>41,000000</COAC>
    <CORS>41,000000</CORS>
    <FOGN>41,000000</FOGN>
    <FRAN>41,000000</FRAN>
    <GREC>41,000000</GREC>
    <MFTV>41,000000</MFTV>
    <PRGP>43,560000</PRGP>
    <ROSN>41,000000</ROSN>
    <SLOV>41,000000</SLOV>
    <SVIZ>41,000000</SVIZ>
    <BSP>41,000000</BSP>
    <MALT>43,560000</MALT>
    <XAUS>41,000000</XAUS>
    <XFRA>41,000000</XFRA>
  </Prezzi>
  <Prezzi>
    <Data>20160816</Data>
    <Mercato>MGP</Mercato>
    <Ora>2</Ora>
    <PUN>39,514430</PUN>
    <NAT>39,300000</NAT>
    <CNOR>39,300000</CNOR>
    <CSUD>39,300000</CSUD>
    <NORD>39,300000</NORD>
    <SARD>39,300000</SARD>
    <SICI>42,090000</SICI>
    <SUD>39,300000</SUD>
    <AUST>39,300000</AUST>
    <BRNN>39,300000</BRNN>
    <COAC>39,300000</COAC>
    <CORS>39,300000</CORS>
    <FOGN>39,300000</FOGN>
    <FRAN>39,300000</FRAN>
    <GREC>39,300000</GREC>
    <MFTV>39,300000</MFTV>
    <PRGP>42,090000</PRGP>
    <ROSN>39,300000</ROSN>
    <SLOV>39,300000</SLOV>
    <SVIZ>39,300000</SVIZ>
    <BSP>39,300000</BSP>
    <MALT>42,090000</MALT>
    <XAUS>39,300000</XAUS>
    <XFRA>39,300000</XFRA>
  </Prezzi>
  <Prezzi>
    <Data>20160816</Data>
    <Mercato>MGP</Mercato>
    <Ora>3</Ora>
    <PUN>36,440000</PUN>
    <NAT>36,440000</NAT>
    <CNOR>36,440000</CNOR>
    <CSUD>36,440000</CSUD>
    <NORD>36,440000</NORD>
    <SARD>36,440000</SARD>
    <SICI>36,440000</SICI>
    <SUD>36,440000</SUD>
    <AUST>36,440000</AUST>
    <BRNN>36,440000</BRNN>
    <COAC>36,440000</COAC>
    <CORS>36,440000</CORS>
    <FOGN>36,440000</FOGN>
    <FRAN>36,440000</FRAN>
    <GREC>36,440000</GREC>
    <MFTV>36,440000</MFTV>
    <PRGP>36,440000</PRGP>
    <ROSN>36,440000</ROSN>
    <SLOV>36,440000</SLOV>
    <SVIZ>36,440000</SVIZ>
    <BSP>36,440000</BSP>
    <MALT>36,440000</MALT>
    <XAUS>36,440000</XAUS>
    <XFRA>36,440000</XFRA>
  </Prezzi>
  <Prezzi>
    <Data>20160816</Data>
    <Mercato>MGP</Mercato>
    <Ora>4</Ora>
    <PUN>34,900000</PUN>
    <NAT>34,900000</NAT>
    <CNOR>34,900000</CNOR>
    <CSUD>34,900000</CSUD>
    <NORD>34,900000</NORD>
    <SARD>34,900000</SARD>
    <SICI>34,900000</SICI>
    <SUD>34,900000</SUD>
    <AUST>34,900000</AUST>
    <BRNN>34,900000</BRNN>
    <COAC>34,900000</COAC>
    <CORS>34,900000</CORS>
    <FOGN>34,900000</FOGN>
    <FRAN>34,900000</FRAN>
    <GREC>34,900000</GREC>
    <MFTV>34,900000</MFTV>
    <PRGP>34,900000</PRGP>
    <ROSN>34,900000</ROSN>
    <SLOV>34,900000</SLOV>
    <SVIZ>34,900000</SVIZ>
    <BSP>34,900000</BSP>
    <MALT>34,900000</MALT>
    <XAUS>34,900000</XAUS>
    <XFRA>34,900000</XFRA>
  </Prezzi>
  <Prezzi>
    <Data>20160816</Data>
    <Mercato>MGP</Mercato>
    <Ora>5</Ora>
    <PUN>35,710000</PUN>
    <NAT>35,710000</NAT>
    <CNOR>35,710000</CNOR>
    <CSUD>35,710000</CSUD>
    <NORD>35,710000</NORD>
    <SARD>35,710000</SARD>
    <SICI>35,710000</SICI>
    <SUD>35,710000</SUD>
    <AUST>35,710000</AUST>
    <BRNN>35,710000</BRNN>
    <COAC>35,710000</COAC>
    <CORS>35,710000</CORS>
    <FOGN>35,710000</FOGN>
    <FRAN>35,710000</FRAN>
    <GREC>35,710000</GREC>
    <MFTV>35,710000</MFTV>
    <PRGP>35,710000</PRGP>
    <ROSN>35,710000</ROSN>
    <SLOV>35,710000</SLOV>
    <SVIZ>35,710000</SVIZ>
    <BSP>35,710000</BSP>
    <MALT>35,710000</MALT>
    <XAUS>35,710000</XAUS>
    <XFRA>35,710000</XFRA>
  </Prezzi>
  <Prezzi>
    <Data>20160816</Data>
    <Mercato>MGP</Mercato>
    <Ora>6</Ora>
    <PUN>37,010000</PUN>
    <NAT>37,010000</NAT>
    <CNOR>37,010000</CNOR>
    <CSUD>37,010000</CSUD>
    <NORD>37,010000</NORD>
    <SARD>37,010000</SARD>
    <SICI>37,010000</SICI>
    <SUD>37,010000</SUD>
    <AUST>37,010000</AUST>
    <BRNN>37,010000</BRNN>
    <COAC>37,010000</COAC>
    <CORS>37,010000</CORS>
    <FOGN>37,010000</FOGN>
    <FRAN>37,010000</FRAN>
    <GREC>37,010000</GREC>
    <MFTV>37,010000</MFTV>
    <PRGP>37,010000</PRGP>
    <ROSN>37,010000</ROSN>
    <SLOV>37,010000</SLOV>
    <SVIZ>37,010000</SVIZ>
    <BSP>37,010000</BSP>
    <MALT>37,010000</MALT>
    <XAUS>37,010000</XAUS>
    <XFRA>37,010000</XFRA>
  </Prezzi>
  <Prezzi>
    <Data>20160816</Data>
    <Mercato>MGP</Mercato>
    <Ora>7</Ora>
    <PUN>37,870000</PUN>
    <NAT>37,840000</NAT>
    <CNOR>37,870000</CNOR>
    <CSUD>37,870000</CSUD>
    <NORD>37,870000</NORD>
    <SARD>37,870000</SARD>
    <SICI>37,870000</SICI>
    <SUD>37,870000</SUD>
    <AUST>37,870000</AUST>
    <BRNN>37,870000</BRNN>
    <COAC>37,870000</COAC>
    <CORS>37,870000</CORS>
    <FOGN>37,870000</FOGN>
    <FRAN>37,870000</FRAN>
    <GREC>37,870000</GREC>
    <MFTV>37,870000</MFTV>
    <PRGP>37,870000</PRGP>
    <ROSN>37,870000</ROSN>
    <SLOV>37,870000</SLOV>
    <SVIZ>37,870000</SVIZ>
    <BSP>37,870000</BSP>
    <MALT>37,870000</MALT>
    <XAUS>37,870000</XAUS>
    <XFRA>37,870000</XFRA>
  </Prezzi>
  <Prezzi>
    <Data>20160816</Data>
    <Mercato>MGP</Mercato>
    <Ora>8</Ora>
    <PUN>38,841640</PUN>
    <NAT>38,600000</NAT>
    <CNOR>38,600000</CNOR>
    <CSUD>38,600000</CSUD>
    <NORD>38,600000</NORD>
    <SARD>38,600000</SARD>
    <SICI>42,090000</SICI>
    <SUD>38,600000</SUD>
    <AUST>38,600000</AUST>
    <BRNN>38,600000</BRNN>
    <COAC>38,600000</COAC>
    <CORS>38,600000</CORS>
    <FOGN>38,600000</FOGN>
    <FRAN>38,600000</FRAN>
    <GREC>38,600000</GREC>
    <MFTV>38,600000</MFTV>
    <PRGP>42,090000</PRGP>
    <ROSN>38,600000</ROSN>
    <SLOV>38,600000</SLOV>
    <SVIZ>38,600000</SVIZ>
    <BSP>38,600000</BSP>
    <MALT>42,090000</MALT>
    <XAUS>38,600000</XAUS>
    <XFRA>38,600000</XFRA>
  </Prezzi>
  <Prezzi>
    <Data>20160816</Data>
    <Mercato>MGP</Mercato>
    <Ora>9</Ora>
    <PUN>39,960130</PUN>
    <NAT>39,800000</NAT>
    <CNOR>39,800000</CNOR>
    <CSUD>39,800000</CSUD>
    <NORD>39,800000</NORD>
    <SARD>39,800000</SARD>
    <SICI>42,090000</SICI>
    <SUD>39,800000</SUD>
    <AUST>39,800000</AUST>
    <BRNN>39,800000</BRNN>
    <COAC>39,800000</COAC>
    <CORS>39,800000</CORS>
    <FOGN>39,800000</FOGN>
    <FRAN>39,800000</FRAN>
    <GREC>39,800000</GREC>
    <MFTV>39,800000</MFTV>
    <PRGP>42,090000</PRGP>
    <ROSN>39,800000</ROSN>
    <SLOV>39,800000</SLOV>
    <SVIZ>39,800000</SVIZ>
    <BSP>39,800000</BSP>
    <MALT>42,090000</MALT>
    <XAUS>39,800000</XAUS>
    <XFRA>39,800000</XFRA>
  </Prezzi>
  <Prezzi>
    <Data>20160816</Data>
    <Mercato>MGP</Mercato>
    <Ora>10</Ora>
    <PUN>39,035080</PUN>
    <NAT>38,800000</NAT>
    <CNOR>38,800000</CNOR>
    <CSUD>38,800000</CSUD>
    <NORD>38,800000</NORD>
    <SARD>38,800000</SARD>
    <SICI>42,090000</SICI>
    <SUD>38,800000</SUD>
    <AUST>38,800000</AUST>
    <BRNN>38,800000</BRNN>
    <COAC>38,800000</COAC>
    <CORS>38,800000</CORS>
    <FOGN>38,800000</FOGN>
    <FRAN>38,800000</FRAN>
    <GREC>38,800000</GREC>
    <MFTV>38,800000</MFTV>
    <PRGP>42,090000</PRGP>
    <ROSN>38,800000</ROSN>
    <SLOV>38,800000</SLOV>
    <SVIZ>38,800000</SVIZ>
    <BSP>38,800000</BSP>
    <MALT>42,090000</MALT>
    <XAUS>38,800000</XAUS>
    <XFRA>38,800000</XFRA>
  </Prezzi>
  <Prezzi>
    <Data>20160816</Data>
    <Mercato>MGP</Mercato>
    <Ora>11</Ora>
    <PUN>37,010000</PUN>
    <NAT>37,010000</NAT>
    <CNOR>37,010000</CNOR>
    <CSUD>37,010000</CSUD>
    <NORD>37,010000</NORD>
    <SARD>37,010000</SARD>
    <SICI>37,010000</SICI>
    <SUD>37,010000</SUD>
    <AUST>37,010000</AUST>
    <BRNN>37,010000</BRNN>
    <COAC>37,010000</COAC>
    <CORS>37,010000</CORS>
    <FOGN>37,010000</FOGN>
    <FRAN>37,010000</FRAN>
    <GREC>37,010000</GREC>
    <MFTV>37,010000</MFTV>
    <PRGP>37,010000</PRGP>
    <ROSN>37,010000</ROSN>
    <SLOV>37,010000</SLOV>
    <SVIZ>37,010000</SVIZ>
    <BSP>37,010000</BSP>
    <MALT>37,010000</MALT>
    <XAUS>37,010000</XAUS>
    <XFRA>37,010000</XFRA>
  </Prezzi>
  <Prezzi>
    <Data>20160816</Data>
    <Mercato>MGP</Mercato>
    <Ora>12</Ora>
    <PUN>34,320000</PUN>
    <NAT>34,320000</NAT>
    <CNOR>34,320000</CNOR>
    <CSUD>34,320000</CSUD>
    <NORD>34,320000</NORD>
    <SARD>34,320000</SARD>
    <SICI>34,320000</SICI>
    <SUD>34,320000</SUD>
    <AUST>34,320000</AUST>
    <BRNN>34,320000</BRNN>
    <COAC>34,320000</COAC>
    <CORS>34,320000</CORS>
    <FOGN>34,320000</FOGN>
    <FRAN>34,320000</FRAN>
    <GREC>34,320000</GREC>
    <MFTV>34,320000</MFTV>
    <PRGP>34,320000</PRGP>
    <ROSN>34,320000</ROSN>
    <SLOV>34,320000</SLOV>
    <SVIZ>34,320000</SVIZ>
    <BSP>34,320000</BSP>
    <MALT>34,320000</MALT>
    <XAUS>34,320000</XAUS>
    <XFRA>34,320000</XFRA>
  </Prezzi>
  <Prezzi>
    <Data>20160816</Data>
    <Mercato>MGP</Mercato>
    <Ora>13</Ora>
    <PUN>32,020000</PUN>
    <NAT>32,020000</NAT>
    <CNOR>32,020000</CNOR>
    <CSUD>32,020000</CSUD>
    <NORD>32,020000</NORD>
    <SARD>32,020000</SARD>
    <SICI>32,020000</SICI>
    <SUD>32,020000</SUD>
    <AUST>32,020000</AUST>
    <BRNN>32,020000</BRNN>
    <COAC>32,020000</COAC>
    <CORS>32,020000</CORS>
    <FOGN>32,020000</FOGN>
    <FRAN>32,020000</FRAN>
    <GREC>32,020000</GREC>
    <MFTV>32,020000</MFTV>
    <PRGP>32,020000</PRGP>
    <ROSN>32,020000</ROSN>
    <SLOV>32,020000</SLOV>
    <SVIZ>32,020000</SVIZ>
    <BSP>32,020000</BSP>
    <MALT>32,020000</MALT>
    <XAUS>32,020000</XAUS>
    <XFRA>32,020000</XFRA>
  </Prezzi>
  <Prezzi>
    <Data>20160816</Data>
    <Mercato>MGP</Mercato>
    <Ora>14</Ora>
    <PUN>31,300000</PUN>
    <NAT>31,300000</NAT>
    <CNOR>31,300000</CNOR>
    <CSUD>31,300000</CSUD>
    <NORD>31,300000</NORD>
    <SARD>31,300000</SARD>
    <SICI>31,300000</SICI>
    <SUD>31,300000</SUD>
    <AUST>31,300000</AUST>
    <BRNN>31,300000</BRNN>
    <COAC>31,300000</COAC>
    <CORS>31,300000</CORS>
    <FOGN>31,300000</FOGN>
    <FRAN>31,300000</FRAN>
    <GREC>31,300000</GREC>
    <MFTV>31,300000</MFTV>
    <PRGP>31,300000</PRGP>
    <ROSN>31,300000</ROSN>
    <SLOV>31,300000</SLOV>
    <SVIZ>31,300000</SVIZ>
    <BSP>31,300000</BSP>
    <MALT>31,300000</MALT>
    <XAUS>31,300000</XAUS>
    <XFRA>31,300000</XFRA>
  </Prezzi>
  <Prezzi>
    <Data>20160816</Data>
    <Mercato>MGP</Mercato>
    <Ora>15</Ora>
    <PUN>34,060000</PUN>
    <NAT>34,060000</NAT>
    <CNOR>34,060000</CNOR>
    <CSUD>34,060000</CSUD>
    <NORD>34,060000</NORD>
    <SARD>34,060000</SARD>
    <SICI>34,060000</SICI>
    <SUD>34,060000</SUD>
    <AUST>34,060000</AUST>
    <BRNN>34,060000</BRNN>
    <COAC>34,060000</COAC>
    <CORS>34,060000</CORS>
    <FOGN>34,060000</FOGN>
    <FRAN>34,060000</FRAN>
    <GREC>34,060000</GREC>
    <MFTV>34,060000</MFTV>
    <PRGP>34,060000</PRGP>
    <ROSN>34,060000</ROSN>
    <SLOV>34,060000</SLOV>
    <SVIZ>34,060000</SVIZ>
    <BSP>34,060000</BSP>
    <MALT>34,060000</MALT>
    <XAUS>34,060000</XAUS>
    <XFRA>34,060000</XFRA>
  </Prezzi>
  <Prezzi>
    <Data>20160816</Data>
    <Mercato>MGP</Mercato>
    <Ora>16</Ora>
    <PUN>38,800000</PUN>
    <NAT>38,800000</NAT>
    <CNOR>38,800000</CNOR>
    <CSUD>38,800000</CSUD>
    <NORD>38,800000</NORD>
    <SARD>38,800000</SARD>
    <SICI>38,800000</SICI>
    <SUD>38,800000</SUD>
    <AUST>38,800000</AUST>
    <BRNN>38,800000</BRNN>
    <COAC>38,800000</COAC>
    <CORS>38,800000</CORS>
    <FOGN>38,800000</FOGN>
    <FRAN>38,800000</FRAN>
    <GREC>38,800000</GREC>
    <MFTV>38,800000</MFTV>
    <PRGP>38,800000</PRGP>
    <ROSN>38,800000</ROSN>
    <SLOV>38,800000</SLOV>
    <SVIZ>38,800000</SVIZ>
    <BSP>38,800000</BSP>
    <MALT>38,800000</MALT>
    <XAUS>38,800000</XAUS>
    <XFRA>38,800000</XFRA>
  </Prezzi>
  <Prezzi>
    <Data>20160816</Data>
    <Mercato>MGP</Mercato>
    <Ora>17</Ora>
    <PUN>40,000000</PUN>
    <NAT>40,000000</NAT>
    <CNOR>40,000000</CNOR>
    <CSUD>40,000000</CSUD>
    <NORD>40,000000</NORD>
    <SARD>40,000000</SARD>
    <SICI>40,000000</SICI>
    <SUD>40,000000</SUD>
    <AUST>40,000000</AUST>
    <BRNN>40,000000</BRNN>
    <COAC>40,000000</COAC>
    <CORS>40,000000</CORS>
    <FOGN>40,000000</FOGN>
    <FRAN>40,000000</FRAN>
    <GREC>40,000000</GREC>
    <MFTV>40,000000</MFTV>
    <PRGP>40,000000</PRGP>
    <ROSN>40,000000</ROSN>
    <SLOV>40,000000</SLOV>
    <SVIZ>40,000000</SVIZ>
    <BSP>40,000000</BSP>
    <MALT>40,000000</MALT>
    <XAUS>40,000000</XAUS>
    <XFRA>40,000000</XFRA>
  </Prezzi>
  <Prezzi>
    <Data>20160816</Data>
    <Mercato>MGP</Mercato>
    <Ora>18</Ora>
    <PUN>40,085600</PUN>
    <NAT>40,000000</NAT>
    <CNOR>39,930000</CNOR>
    <CSUD>39,930000</CSUD>
    <NORD>39,930000</NORD>
    <SARD>39,930000</SARD>
    <SICI>42,090000</SICI>
    <SUD>39,930000</SUD>
    <AUST>39,930000</AUST>
    <BRNN>39,930000</BRNN>
    <COAC>39,930000</COAC>
    <CORS>39,930000</CORS>
    <FOGN>39,930000</FOGN>
    <FRAN>39,930000</FRAN>
    <GREC>39,930000</GREC>
    <MFTV>39,930000</MFTV>
    <PRGP>42,090000</PRGP>
    <ROSN>39,930000</ROSN>
    <SLOV>39,930000</SLOV>
    <SVIZ>39,930000</SVIZ>
    <BSP>39,930000</BSP>
    <MALT>42,090000</MALT>
    <XAUS>39,930000</XAUS>
    <XFRA>39,930000</XFRA>
  </Prezzi>
  <Prezzi>
    <Data>20160816</Data>
    <Mercato>MGP</Mercato>
    <Ora>19</Ora>
    <PUN>39,616570</PUN>
    <NAT>39,600000</NAT>
    <CNOR>39,310000</CNOR>
    <CSUD>39,310000</CSUD>
    <NORD>39,310000</NORD>
    <SARD>39,310000</SARD>
    <SICI>43,560000</SICI>
    <SUD>39,310000</SUD>
    <AUST>39,310000</AUST>
    <BRNN>39,310000</BRNN>
    <COAC>39,310000</COAC>
    <CORS>39,310000</CORS>
    <FOGN>39,310000</FOGN>
    <FRAN>39,310000</FRAN>
    <GREC>39,310000</GREC>
    <MFTV>39,310000</MFTV>
    <PRGP>43,560000</PRGP>
    <ROSN>39,310000</ROSN>
    <SLOV>39,310000</SLOV>
    <SVIZ>39,310000</SVIZ>
    <BSP>39,310000</BSP>
    <MALT>43,560000</MALT>
    <XAUS>39,310000</XAUS>
    <XFRA>39,310000</XFRA>
  </Prezzi>
  <Prezzi>
    <Data>20160816</Data>
    <Mercato>MGP</Mercato>
    <Ora>20</Ora>
    <PUN>42,811180</PUN>
    <NAT>42,000000</NAT>
    <CNOR>41,000000</CNOR>
    <CSUD>41,000000</CSUD>
    <NORD>41,000000</NORD>
    <SARD>41,000000</SARD>
    <SICI>65,750000</SICI>
    <SUD>41,000000</SUD>
    <AUST>41,000000</AUST>
    <BRNN>41,000000</BRNN>
    <COAC>41,000000</COAC>
    <CORS>41,000000</CORS>
    <FOGN>41,000000</FOGN>
    <FRAN>41,000000</FRAN>
    <GREC>41,000000</GREC>
    <MFTV>41,000000</MFTV>
    <PRGP>65,750000</PRGP>
    <ROSN>41,000000</ROSN>
    <SLOV>41,000000</SLOV>
    <SVIZ>41,000000</SVIZ>
    <BSP>41,000000</BSP>
    <MALT>65,750000</MALT>
    <XAUS>41,000000</XAUS>
    <XFRA>41,000000</XFRA>
  </Prezzi>
  <Prezzi>
    <Data>20160816</Data>
    <Mercato>MGP</Mercato>
    <Ora>21</Ora>
    <PUN>45,179510</PUN>
    <NAT>43,560000</NAT>
    <CNOR>43,000000</CNOR>
    <CSUD>43,000000</CSUD>
    <NORD>43,000000</NORD>
    <SARD>43,000000</SARD>
    <SICI>71,560000</SICI>
    <SUD>43,000000</SUD>
    <AUST>43,000000</AUST>
    <BRNN>43,000000</BRNN>
    <COAC>43,000000</COAC>
    <CORS>43,000000</CORS>
    <FOGN>43,000000</FOGN>
    <FRAN>43,000000</FRAN>
    <GREC>43,000000</GREC>
    <MFTV>43,000000</MFTV>
    <PRGP>71,560000</PRGP>
    <ROSN>43,000000</ROSN>
    <SLOV>43,000000</SLOV>
    <SVIZ>43,000000</SVIZ>
    <BSP>43,000000</BSP>
    <MALT>71,560000</MALT>
    <XAUS>43,000000</XAUS>
    <XFRA>43,000000</XFRA>
  </Prezzi>
  <Prezzi>
    <Data>20160816</Data>
    <Mercato>MGP</Mercato>
    <Ora>22</Ora>
    <PUN>44,206210</PUN>
    <NAT>42,610000</NAT>
    <CNOR>42,000000</CNOR>
    <CSUD>42,000000</CSUD>
    <NORD>42,000000</NORD>
    <SARD>42,000000</SARD>
    <SICI>71,560000</SICI>
    <SUD>42,000000</SUD>
    <AUST>42,000000</AUST>
    <BRNN>42,000000</BRNN>
    <COAC>42,000000</COAC>
    <CORS>42,000000</CORS>
    <FOGN>42,000000</FOGN>
    <FRAN>42,000000</FRAN>
    <GREC>42,000000</GREC>
    <MFTV>42,000000</MFTV>
    <PRGP>71,560000</PRGP>
    <ROSN>42,000000</ROSN>
    <SLOV>42,000000</SLOV>
    <SVIZ>42,000000</SVIZ>
    <BSP>42,000000</BSP>
    <MALT>71,560000</MALT>
    <XAUS>42,000000</XAUS>
    <XFRA>42,000000</XFRA>
  </Prezzi>
  <Prezzi>
    <Data>20160816</Data>
    <Mercato>MGP</Mercato>
    <Ora>23</Ora>
    <PUN>40,490950</PUN>
    <NAT>39,930000</NAT>
    <CNOR>39,310000</CNOR>
    <CSUD>39,310000</CSUD>
    <NORD>39,310000</NORD>
    <SARD>39,310000</SARD>
    <SICI>55,000000</SICI>
    <SUD>39,310000</SUD>
    <AUST>39,310000</AUST>
    <BRNN>39,310000</BRNN>
    <COAC>39,310000</COAC>
    <CORS>39,310000</CORS>
    <FOGN>39,310000</FOGN>
    <FRAN>39,310000</FRAN>
    <GREC>39,310000</GREC>
    <MFTV>39,310000</MFTV>
    <PRGP>55,000000</PRGP>
    <ROSN>39,310000</ROSN>
    <SLOV>39,310000</SLOV>
    <SVIZ>39,310000</SVIZ>
    <BSP>39,310000</BSP>
    <MALT>55,000000</MALT>
    <XAUS>39,310000</XAUS>
    <XFRA>39,310000</XFRA>
  </Prezzi>
  <Prezzi>
    <Data>20160816</Data>
    <Mercato>MGP</Mercato>
    <Ora>24</Ora>
    <PUN>37,947710</PUN>
    <NAT>38,000000</NAT>
    <CNOR>37,120000</CNOR>
    <CSUD>37,120000</CSUD>
    <NORD>37,120000</NORD>
    <SARD>37,120000</SARD>
    <SICI>48,000000</SICI>
    <SUD>37,120000</SUD>
    <AUST>37,120000</AUST>
    <BRNN>37,120000</BRNN>
    <COAC>37,120000</COAC>
    <CORS>37,120000</CORS>
    <FOGN>37,120000</FOGN>
    <FRAN>37,120000</FRAN>
    <GREC>37,120000</GREC>
    <MFTV>37,120000</MFTV>
    <PRGP>48,000000</PRGP>
    <ROSN>37,120000</ROSN>
    <SLOV>37,120000</SLOV>
    <SVIZ>37,120000</SVIZ>
    <BSP>37,120000</BSP>
    <MALT>48,000000</MALT>
    <XAUS>37,120000</XAUS>
    <XFRA>37,120000</XFRA>
  </Prezzi>
</NewDataSet>