<?xml version="1.0" standalone="yes"?>
<NewDataSet>
  <xs:schema id="NewDataSet" xmlns="" xmlns:xs="http://www.w3.org/2001/XMLSchema" xmlns:msdata="urn:schemas-microsoft-com:xml-msdata">
    <xs:element name="NewDataSet" msdata:IsDataSet="true" msdata:UseCurrentLocale="true">
      <xs:complexType>
        <xs:choice minOccurs="0" maxOccurs="unbounded">
          <xs:element name="Prezzi">
            <xs:complexType>
              <xs:sequence>
                <xs:element name="Data" type="xs:string" minOccurs="0" />
                <xs:element name="Mercato" type="xs:string" minOccurs="0" />
                <xs:element name="Ora" type="xs:string" minOccurs="0" />
                <xs:element name="PUN" type="xs:string" minOccurs="0" />
                <xs:element name="NAT" type="xs:string" minOccurs="0" />
                <xs:element name="CNOR" type="xs:string" minOccurs="0" />
                <xs:element name="CSUD" type="xs:string" minOccurs="0" />
                <xs:element name="NORD" type="xs:string" minOccurs="0" />
                <xs:element name="SARD" type="xs:string" minOccurs="0" />
                <xs:element name="SICI" type="xs:string" minOccurs="0" />
                <xs:element name="SUD" type="xs:string" minOccurs="0" />
                <xs:element name="AUST" type="xs:string" minOccurs="0" />
                <xs:element name="BRNN" type="xs:string" minOccurs="0" />
                <xs:element name="COAC" type="xs:string" minOccurs="0" />
                <xs:element name="CORS" type="xs:string" minOccurs="0" />
                <xs:element name="FOGN" type="xs:string" minOccurs="0" />
                <xs:element name="FRAN" type="xs:string" minOccurs="0" />
                <xs:element name="GREC" type="xs:string" minOccurs="0" />
                <xs:element name="MFTV" type="xs:string" minOccurs="0" />
                <xs:element name="PRGP" type="xs:string" minOccurs="0" />
                <xs:element name="ROSN" type="xs:string" minOccurs="0" />
                <xs:element name="SLOV" type="xs:string" minOccurs="0" />
                <xs:element name="SVIZ" type="xs:string" minOccurs="0" />
                <xs:element name="BSP" type="xs:string" minOccurs="0" />
                <xs:element name="MALT" type="xs:string" minOccurs="0" />
                <xs:element name="XAUS" type="xs:string" minOccurs="0" />
                <xs:element name="XFRA" type="xs:string" minOccurs="0" />
              </xs:sequence>
            </xs:complexType>
          </xs:element>
        </xs:choice>
      </xs:complexType>
    </xs:element>
  </xs:schema>
  <Prezzi>
    <Data>20160803</Data>
    <Mercato>MGP</Mercato>
    <Ora>1</Ora>
    <PUN>39,869180</PUN>
    <NAT>40,000000</NAT>
    <CNOR>38,960000</CNOR>
    <CSUD>38,960000</CSUD>
    <NORD>38,960000</NORD>
    <SARD>38,960000</SARD>
    <SICI>52,090000</SICI>
    <SUD>38,960000</SUD>
    <AUST>38,960000</AUST>
    <BRNN>38,960000</BRNN>
    <COAC>38,960000</COAC>
    <CORS>38,960000</CORS>
    <FOGN>38,960000</FOGN>
    <FRAN>38,960000</FRAN>
    <GREC>38,960000</GREC>
    <MFTV>38,960000</MFTV>
    <PRGP>52,090000</PRGP>
    <ROSN>38,960000</ROSN>
    <SLOV>38,960000</SLOV>
    <SVIZ>38,960000</SVIZ>
    <BSP>38,960000</BSP>
    <MALT>52,090000</MALT>
    <XAUS>38,960000</XAUS>
    <XFRA>38,960000</XFRA>
  </Prezzi>
  <Prezzi>
    <Data>20160803</Data>
    <Mercato>MGP</Mercato>
    <Ora>2</Ora>
    <PUN>38,825790</PUN>
    <NAT>39,000000</NAT>
    <CNOR>37,900000</CNOR>
    <CSUD>37,900000</CSUD>
    <NORD>37,900000</NORD>
    <SARD>37,900000</SARD>
    <SICI>51,570000</SICI>
    <SUD>37,900000</SUD>
    <AUST>37,900000</AUST>
    <BRNN>37,900000</BRNN>
    <COAC>37,900000</COAC>
    <CORS>37,900000</CORS>
    <FOGN>37,900000</FOGN>
    <FRAN>37,900000</FRAN>
    <GREC>37,900000</GREC>
    <MFTV>37,900000</MFTV>
    <PRGP>51,570000</PRGP>
    <ROSN>37,900000</ROSN>
    <SLOV>37,900000</SLOV>
    <SVIZ>37,900000</SVIZ>
    <BSP>37,900000</BSP>
    <MALT>51,570000</MALT>
    <XAUS>37,900000</XAUS>
    <XFRA>37,900000</XFRA>
  </Prezzi>
  <Prezzi>
    <Data>20160803</Data>
    <Mercato>MGP</Mercato>
    <Ora>3</Ora>
    <PUN>35,958510</PUN>
    <NAT>37,900000</NAT>
    <CNOR>34,850000</CNOR>
    <CSUD>34,850000</CSUD>
    <NORD>34,850000</NORD>
    <SARD>34,850000</SARD>
    <SICI>51,570000</SICI>
    <SUD>34,850000</SUD>
    <AUST>34,850000</AUST>
    <BRNN>34,850000</BRNN>
    <COAC>34,850000</COAC>
    <CORS>34,850000</CORS>
    <FOGN>34,850000</FOGN>
    <FRAN>34,850000</FRAN>
    <GREC>34,850000</GREC>
    <MFTV>34,850000</MFTV>
    <PRGP>51,570000</PRGP>
    <ROSN>34,850000</ROSN>
    <SLOV>34,850000</SLOV>
    <SVIZ>34,850000</SVIZ>
    <BSP>34,850000</BSP>
    <MALT>51,570000</MALT>
    <XAUS>34,850000</XAUS>
    <XFRA>34,850000</XFRA>
  </Prezzi>
  <Prezzi>
    <Data>20160803</Data>
    <Mercato>MGP</Mercato>
    <Ora>4</Ora>
    <PUN>35,574020</PUN>
    <NAT>38,000000</NAT>
    <CNOR>34,460000</CNOR>
    <CSUD>34,460000</CSUD>
    <NORD>34,460000</NORD>
    <SARD>34,460000</SARD>
    <SICI>51,570000</SICI>
    <SUD>34,460000</SUD>
    <AUST>34,460000</AUST>
    <BRNN>34,460000</BRNN>
    <COAC>34,460000</COAC>
    <CORS>34,460000</CORS>
    <FOGN>34,460000</FOGN>
    <FRAN>34,460000</FRAN>
    <GREC>34,460000</GREC>
    <MFTV>34,460000</MFTV>
    <PRGP>51,570000</PRGP>
    <ROSN>34,460000</ROSN>
    <SLOV>34,460000</SLOV>
    <SVIZ>34,460000</SVIZ>
    <BSP>34,460000</BSP>
    <MALT>51,570000</MALT>
    <XAUS>34,460000</XAUS>
    <XFRA>34,460000</XFRA>
  </Prezzi>
  <Prezzi>
    <Data>20160803</Data>
    <Mercato>MGP</Mercato>
    <Ora>5</Ora>
    <PUN>35,257930</PUN>
    <NAT>36,100000</NAT>
    <CNOR>34,140000</CNOR>
    <CSUD>34,140000</CSUD>
    <NORD>34,140000</NORD>
    <SARD>34,140000</SARD>
    <SICI>51,570000</SICI>
    <SUD>34,140000</SUD>
    <AUST>34,140000</AUST>
    <BRNN>34,140000</BRNN>
    <COAC>34,140000</COAC>
    <CORS>34,140000</CORS>
    <FOGN>34,140000</FOGN>
    <FRAN>34,140000</FRAN>
    <GREC>34,140000</GREC>
    <MFTV>34,140000</MFTV>
    <PRGP>51,570000</PRGP>
    <ROSN>34,140000</ROSN>
    <SLOV>34,140000</SLOV>
    <SVIZ>34,140000</SVIZ>
    <BSP>34,140000</BSP>
    <MALT>51,570000</MALT>
    <XAUS>34,140000</XAUS>
    <XFRA>34,140000</XFRA>
  </Prezzi>
  <Prezzi>
    <Data>20160803</Data>
    <Mercato>MGP</Mercato>
    <Ora>6</Ora>
    <PUN>37,088170</PUN>
    <NAT>38,230000</NAT>
    <CNOR>36,100000</CNOR>
    <CSUD>36,100000</CSUD>
    <NORD>36,100000</NORD>
    <SARD>36,100000</SARD>
    <SICI>51,570000</SICI>
    <SUD>36,100000</SUD>
    <AUST>36,100000</AUST>
    <BRNN>36,100000</BRNN>
    <COAC>36,100000</COAC>
    <CORS>36,100000</CORS>
    <FOGN>36,100000</FOGN>
    <FRAN>36,100000</FRAN>
    <GREC>36,100000</GREC>
    <MFTV>36,100000</MFTV>
    <PRGP>51,570000</PRGP>
    <ROSN>36,100000</ROSN>
    <SLOV>36,100000</SLOV>
    <SVIZ>36,100000</SVIZ>
    <BSP>36,100000</BSP>
    <MALT>51,570000</MALT>
    <XAUS>36,100000</XAUS>
    <XFRA>36,100000</XFRA>
  </Prezzi>
  <Prezzi>
    <Data>20160803</Data>
    <Mercato>MGP</Mercato>
    <Ora>7</Ora>
    <PUN>38,812130</PUN>
    <NAT>39,000000</NAT>
    <CNOR>38,000000</CNOR>
    <CSUD>38,000000</CSUD>
    <NORD>38,000000</NORD>
    <SARD>38,000000</SARD>
    <SICI>51,570000</SICI>
    <SUD>38,000000</SUD>
    <AUST>38,000000</AUST>
    <BRNN>38,000000</BRNN>
    <COAC>38,000000</COAC>
    <CORS>38,000000</CORS>
    <FOGN>38,000000</FOGN>
    <FRAN>38,000000</FRAN>
    <GREC>38,000000</GREC>
    <MFTV>38,000000</MFTV>
    <PRGP>51,570000</PRGP>
    <ROSN>38,000000</ROSN>
    <SLOV>38,000000</SLOV>
    <SVIZ>38,000000</SVIZ>
    <BSP>38,000000</BSP>
    <MALT>51,570000</MALT>
    <XAUS>38,000000</XAUS>
    <XFRA>38,000000</XFRA>
  </Prezzi>
  <Prezzi>
    <Data>20160803</Data>
    <Mercato>MGP</Mercato>
    <Ora>8</Ora>
    <PUN>40,524860</PUN>
    <NAT>40,000000</NAT>
    <CNOR>39,000000</CNOR>
    <CSUD>39,000000</CSUD>
    <NORD>39,000000</NORD>
    <SARD>39,000000</SARD>
    <SICI>65,570000</SICI>
    <SUD>39,000000</SUD>
    <AUST>39,000000</AUST>
    <BRNN>39,000000</BRNN>
    <COAC>39,000000</COAC>
    <CORS>39,000000</CORS>
    <FOGN>39,000000</FOGN>
    <FRAN>39,000000</FRAN>
    <GREC>39,000000</GREC>
    <MFTV>39,000000</MFTV>
    <PRGP>65,570000</PRGP>
    <ROSN>39,000000</ROSN>
    <SLOV>39,000000</SLOV>
    <SVIZ>39,000000</SVIZ>
    <BSP>39,000000</BSP>
    <MALT>65,570000</MALT>
    <XAUS>39,000000</XAUS>
    <XFRA>39,000000</XFRA>
  </Prezzi>
  <Prezzi>
    <Data>20160803</Data>
    <Mercato>MGP</Mercato>
    <Ora>9</Ora>
    <PUN>43,840560</PUN>
    <NAT>44,000000</NAT>
    <CNOR>42,500000</CNOR>
    <CSUD>42,500000</CSUD>
    <NORD>42,500000</NORD>
    <SARD>42,500000</SARD>
    <SICI>65,570000</SICI>
    <SUD>42,500000</SUD>
    <AUST>42,500000</AUST>
    <BRNN>42,500000</BRNN>
    <COAC>42,500000</COAC>
    <CORS>42,500000</CORS>
    <FOGN>42,500000</FOGN>
    <FRAN>42,500000</FRAN>
    <GREC>42,500000</GREC>
    <MFTV>42,500000</MFTV>
    <PRGP>65,570000</PRGP>
    <ROSN>42,500000</ROSN>
    <SLOV>42,500000</SLOV>
    <SVIZ>42,500000</SVIZ>
    <BSP>42,500000</BSP>
    <MALT>65,570000</MALT>
    <XAUS>42,500000</XAUS>
    <XFRA>42,500000</XFRA>
  </Prezzi>
  <Prezzi>
    <Data>20160803</Data>
    <Mercato>MGP</Mercato>
    <Ora>10</Ora>
    <PUN>43,558440</PUN>
    <NAT>44,200000</NAT>
    <CNOR>43,020000</CNOR>
    <CSUD>43,020000</CSUD>
    <NORD>43,020000</NORD>
    <SARD>43,020000</SARD>
    <SICI>52,090000</SICI>
    <SUD>43,020000</SUD>
    <AUST>43,020000</AUST>
    <BRNN>43,020000</BRNN>
    <COAC>43,020000</COAC>
    <CORS>43,020000</CORS>
    <FOGN>43,020000</FOGN>
    <FRAN>43,020000</FRAN>
    <GREC>43,020000</GREC>
    <MFTV>43,020000</MFTV>
    <PRGP>52,090000</PRGP>
    <ROSN>43,020000</ROSN>
    <SLOV>43,020000</SLOV>
    <SVIZ>43,020000</SVIZ>
    <BSP>43,020000</BSP>
    <MALT>52,090000</MALT>
    <XAUS>43,020000</XAUS>
    <XFRA>43,020000</XFRA>
  </Prezzi>
  <Prezzi>
    <Data>20160803</Data>
    <Mercato>MGP</Mercato>
    <Ora>11</Ora>
    <PUN>41,526490</PUN>
    <NAT>42,000000</NAT>
    <CNOR>40,900000</CNOR>
    <CSUD>40,900000</CSUD>
    <NORD>40,900000</NORD>
    <SARD>40,900000</SARD>
    <SICI>51,570000</SICI>
    <SUD>40,900000</SUD>
    <AUST>40,900000</AUST>
    <BRNN>40,900000</BRNN>
    <COAC>40,900000</COAC>
    <CORS>40,900000</CORS>
    <FOGN>40,900000</FOGN>
    <FRAN>40,900000</FRAN>
    <GREC>40,900000</GREC>
    <MFTV>40,900000</MFTV>
    <PRGP>51,570000</PRGP>
    <ROSN>40,900000</ROSN>
    <SLOV>40,900000</SLOV>
    <SVIZ>40,900000</SVIZ>
    <BSP>40,900000</BSP>
    <MALT>51,570000</MALT>
    <XAUS>40,900000</XAUS>
    <XFRA>40,900000</XFRA>
  </Prezzi>
  <Prezzi>
    <Data>20160803</Data>
    <Mercato>MGP</Mercato>
    <Ora>12</Ora>
    <PUN>39,742260</PUN>
    <NAT>40,000000</NAT>
    <CNOR>39,000000</CNOR>
    <CSUD>39,000000</CSUD>
    <NORD>39,000000</NORD>
    <SARD>39,000000</SARD>
    <SICI>51,570000</SICI>
    <SUD>39,000000</SUD>
    <AUST>39,000000</AUST>
    <BRNN>39,000000</BRNN>
    <COAC>39,000000</COAC>
    <CORS>39,000000</CORS>
    <FOGN>39,000000</FOGN>
    <FRAN>39,000000</FRAN>
    <GREC>39,000000</GREC>
    <MFTV>39,000000</MFTV>
    <PRGP>51,570000</PRGP>
    <ROSN>39,000000</ROSN>
    <SLOV>39,000000</SLOV>
    <SVIZ>39,000000</SVIZ>
    <BSP>39,000000</BSP>
    <MALT>51,570000</MALT>
    <XAUS>39,000000</XAUS>
    <XFRA>39,000000</XFRA>
  </Prezzi>
  <Prezzi>
    <Data>20160803</Data>
    <Mercato>MGP</Mercato>
    <Ora>13</Ora>
    <PUN>38,362210</PUN>
    <NAT>38,190000</NAT>
    <CNOR>37,490000</CNOR>
    <CSUD>37,490000</CSUD>
    <NORD>37,490000</NORD>
    <SARD>37,490000</SARD>
    <SICI>51,570000</SICI>
    <SUD>37,490000</SUD>
    <AUST>37,490000</AUST>
    <BRNN>37,490000</BRNN>
    <COAC>37,490000</COAC>
    <CORS>37,490000</CORS>
    <FOGN>37,490000</FOGN>
    <FRAN>37,490000</FRAN>
    <GREC>37,490000</GREC>
    <MFTV>37,490000</MFTV>
    <PRGP>51,570000</PRGP>
    <ROSN>37,490000</ROSN>
    <SLOV>37,490000</SLOV>
    <SVIZ>37,490000</SVIZ>
    <BSP>37,490000</BSP>
    <MALT>51,570000</MALT>
    <XAUS>37,490000</XAUS>
    <XFRA>37,490000</XFRA>
  </Prezzi>
  <Prezzi>
    <Data>20160803</Data>
    <Mercato>MGP</Mercato>
    <Ora>14</Ora>
    <PUN>38,771770</PUN>
    <NAT>38,180000</NAT>
    <CNOR>37,960000</CNOR>
    <CSUD>37,960000</CSUD>
    <NORD>37,960000</NORD>
    <SARD>37,960000</SARD>
    <SICI>51,470000</SICI>
    <SUD>37,960000</SUD>
    <AUST>37,960000</AUST>
    <BRNN>37,960000</BRNN>
    <COAC>37,960000</COAC>
    <CORS>37,960000</CORS>
    <FOGN>37,960000</FOGN>
    <FRAN>37,960000</FRAN>
    <GREC>37,960000</GREC>
    <MFTV>37,960000</MFTV>
    <PRGP>51,470000</PRGP>
    <ROSN>37,960000</ROSN>
    <SLOV>37,960000</SLOV>
    <SVIZ>37,960000</SVIZ>
    <BSP>37,960000</BSP>
    <MALT>51,470000</MALT>
    <XAUS>37,960000</XAUS>
    <XFRA>37,960000</XFRA>
  </Prezzi>
  <Prezzi>
    <Data>20160803</Data>
    <Mercato>MGP</Mercato>
    <Ora>15</Ora>
    <PUN>39,445560</PUN>
    <NAT>39,430000</NAT>
    <CNOR>38,700000</CNOR>
    <CSUD>38,700000</CSUD>
    <NORD>38,700000</NORD>
    <SARD>38,700000</SARD>
    <SICI>51,470000</SICI>
    <SUD>38,700000</SUD>
    <AUST>38,700000</AUST>
    <BRNN>38,700000</BRNN>
    <COAC>38,700000</COAC>
    <CORS>38,700000</CORS>
    <FOGN>38,700000</FOGN>
    <FRAN>38,700000</FRAN>
    <GREC>38,700000</GREC>
    <MFTV>38,700000</MFTV>
    <PRGP>51,470000</PRGP>
    <ROSN>38,700000</ROSN>
    <SLOV>38,700000</SLOV>
    <SVIZ>38,700000</SVIZ>
    <BSP>38,700000</BSP>
    <MALT>51,470000</MALT>
    <XAUS>38,700000</XAUS>
    <XFRA>38,700000</XFRA>
  </Prezzi>
  <Prezzi>
    <Data>20160803</Data>
    <Mercato>MGP</Mercato>
    <Ora>16</Ora>
    <PUN>40,111960</PUN>
    <NAT>40,000000</NAT>
    <CNOR>39,410000</CNOR>
    <CSUD>39,410000</CSUD>
    <NORD>39,410000</NORD>
    <SARD>39,410000</SARD>
    <SICI>51,470000</SICI>
    <SUD>39,410000</SUD>
    <AUST>39,410000</AUST>
    <BRNN>39,410000</BRNN>
    <COAC>39,410000</COAC>
    <CORS>39,410000</CORS>
    <FOGN>39,410000</FOGN>
    <FRAN>39,410000</FRAN>
    <GREC>39,410000</GREC>
    <MFTV>39,410000</MFTV>
    <PRGP>51,470000</PRGP>
    <ROSN>39,410000</ROSN>
    <SLOV>39,410000</SLOV>
    <SVIZ>39,410000</SVIZ>
    <BSP>39,410000</BSP>
    <MALT>51,470000</MALT>
    <XAUS>39,410000</XAUS>
    <XFRA>39,410000</XFRA>
  </Prezzi>
  <Prezzi>
    <Data>20160803</Data>
    <Mercato>MGP</Mercato>
    <Ora>17</Ora>
    <PUN>42,432240</PUN>
    <NAT>42,000000</NAT>
    <CNOR>41,860000</CNOR>
    <CSUD>41,860000</CSUD>
    <NORD>41,860000</NORD>
    <SARD>41,860000</SARD>
    <SICI>51,570000</SICI>
    <SUD>41,860000</SUD>
    <AUST>41,860000</AUST>
    <BRNN>41,860000</BRNN>
    <COAC>41,860000</COAC>
    <CORS>41,860000</CORS>
    <FOGN>41,860000</FOGN>
    <FRAN>41,860000</FRAN>
    <GREC>41,860000</GREC>
    <MFTV>41,860000</MFTV>
    <PRGP>51,570000</PRGP>
    <ROSN>41,860000</ROSN>
    <SLOV>41,860000</SLOV>
    <SVIZ>41,860000</SVIZ>
    <BSP>41,860000</BSP>
    <MALT>51,570000</MALT>
    <XAUS>41,860000</XAUS>
    <XFRA>41,860000</XFRA>
  </Prezzi>
  <Prezzi>
    <Data>20160803</Data>
    <Mercato>MGP</Mercato>
    <Ora>18</Ora>
    <PUN>41,354270</PUN>
    <NAT>41,500000</NAT>
    <CNOR>40,700000</CNOR>
    <CSUD>40,700000</CSUD>
    <NORD>40,700000</NORD>
    <SARD>40,700000</SARD>
    <SICI>51,570000</SICI>
    <SUD>40,700000</SUD>
    <AUST>40,700000</AUST>
    <BRNN>40,700000</BRNN>
    <COAC>40,700000</COAC>
    <CORS>40,700000</CORS>
    <FOGN>40,700000</FOGN>
    <FRAN>40,700000</FRAN>
    <GREC>40,700000</GREC>
    <MFTV>40,700000</MFTV>
    <PRGP>51,570000</PRGP>
    <ROSN>40,700000</ROSN>
    <SLOV>40,700000</SLOV>
    <SVIZ>40,700000</SVIZ>
    <BSP>40,700000</BSP>
    <MALT>51,570000</MALT>
    <XAUS>40,700000</XAUS>
    <XFRA>40,700000</XFRA>
  </Prezzi>
  <Prezzi>
    <Data>20160803</Data>
    <Mercato>MGP</Mercato>
    <Ora>19</Ora>
    <PUN>44,388270</PUN>
    <NAT>44,400000</NAT>
    <CNOR>42,600000</CNOR>
    <CSUD>42,600000</CSUD>
    <NORD>42,600000</NORD>
    <SARD>42,600000</SARD>
    <SICI>72,090000</SICI>
    <SUD>42,600000</SUD>
    <AUST>42,600000</AUST>
    <BRNN>42,600000</BRNN>
    <COAC>42,600000</COAC>
    <CORS>42,600000</CORS>
    <FOGN>42,600000</FOGN>
    <FRAN>42,600000</FRAN>
    <GREC>42,600000</GREC>
    <MFTV>42,600000</MFTV>
    <PRGP>72,090000</PRGP>
    <ROSN>42,600000</ROSN>
    <SLOV>42,600000</SLOV>
    <SVIZ>42,600000</SVIZ>
    <BSP>42,600000</BSP>
    <MALT>72,090000</MALT>
    <XAUS>42,600000</XAUS>
    <XFRA>42,600000</XFRA>
  </Prezzi>
  <Prezzi>
    <Data>20160803</Data>
    <Mercato>MGP</Mercato>
    <Ora>20</Ora>
    <PUN>46,311710</PUN>
    <NAT>46,410000</NAT>
    <CNOR>44,620000</CNOR>
    <CSUD>44,620000</CSUD>
    <NORD>44,620000</NORD>
    <SARD>44,620000</SARD>
    <SICI>72,090000</SICI>
    <SUD>44,620000</SUD>
    <AUST>44,620000</AUST>
    <BRNN>44,620000</BRNN>
    <COAC>44,620000</COAC>
    <CORS>44,620000</CORS>
    <FOGN>44,620000</FOGN>
    <FRAN>44,620000</FRAN>
    <GREC>44,620000</GREC>
    <MFTV>44,620000</MFTV>
    <PRGP>72,090000</PRGP>
    <ROSN>44,620000</ROSN>
    <SLOV>44,620000</SLOV>
    <SVIZ>44,620000</SVIZ>
    <BSP>44,620000</BSP>
    <MALT>72,090000</MALT>
    <XAUS>44,620000</XAUS>
    <XFRA>44,620000</XFRA>
  </Prezzi>
  <Prezzi>
    <Data>20160803</Data>
    <Mercato>MGP</Mercato>
    <Ora>21</Ora>
    <PUN>46,349940</PUN>
    <NAT>49,000000</NAT>
    <CNOR>44,300000</CNOR>
    <CSUD>44,300000</CSUD>
    <NORD>44,300000</NORD>
    <SARD>44,300000</SARD>
    <SICI>75,290000</SICI>
    <SUD>44,300000</SUD>
    <AUST>44,300000</AUST>
    <BRNN>44,300000</BRNN>
    <COAC>44,300000</COAC>
    <CORS>44,300000</CORS>
    <FOGN>44,300000</FOGN>
    <FRAN>44,300000</FRAN>
    <GREC>44,300000</GREC>
    <MFTV>44,300000</MFTV>
    <PRGP>75,290000</PRGP>
    <ROSN>44,300000</ROSN>
    <SLOV>44,300000</SLOV>
    <SVIZ>44,300000</SVIZ>
    <BSP>44,300000</BSP>
    <MALT>75,290000</MALT>
    <XAUS>44,300000</XAUS>
    <XFRA>44,300000</XFRA>
  </Prezzi>
  <Prezzi>
    <Data>20160803</Data>
    <Mercato>MGP</Mercato>
    <Ora>22</Ora>
    <PUN>45,934510</PUN>
    <NAT>46,200000</NAT>
    <CNOR>44,120000</CNOR>
    <CSUD>44,120000</CSUD>
    <NORD>44,120000</NORD>
    <SARD>44,120000</SARD>
    <SICI>72,090000</SICI>
    <SUD>44,120000</SUD>
    <AUST>44,120000</AUST>
    <BRNN>44,120000</BRNN>
    <COAC>44,120000</COAC>
    <CORS>44,120000</CORS>
    <FOGN>44,120000</FOGN>
    <FRAN>44,120000</FRAN>
    <GREC>44,120000</GREC>
    <MFTV>44,120000</MFTV>
    <PRGP>72,090000</PRGP>
    <ROSN>44,120000</ROSN>
    <SLOV>44,120000</SLOV>
    <SVIZ>44,120000</SVIZ>
    <BSP>44,120000</BSP>
    <MALT>72,090000</MALT>
    <XAUS>44,120000</XAUS>
    <XFRA>44,120000</XFRA>
  </Prezzi>
  <Prezzi>
    <Data>20160803</Data>
    <Mercato>MGP</Mercato>
    <Ora>23</Ora>
    <PUN>43,883460</PUN>
    <NAT>43,410000</NAT>
    <CNOR>41,880000</CNOR>
    <CSUD>41,880000</CSUD>
    <NORD>41,880000</NORD>
    <SARD>41,880000</SARD>
    <SICI>72,090000</SICI>
    <SUD>41,880000</SUD>
    <AUST>41,880000</AUST>
    <BRNN>41,880000</BRNN>
    <COAC>41,880000</COAC>
    <CORS>41,880000</CORS>
    <FOGN>41,880000</FOGN>
    <FRAN>41,880000</FRAN>
    <GREC>41,880000</GREC>
    <MFTV>41,880000</MFTV>
    <PRGP>72,090000</PRGP>
    <ROSN>41,880000</ROSN>
    <SLOV>41,880000</SLOV>
    <SVIZ>41,880000</SVIZ>
    <BSP>41,880000</BSP>
    <MALT>72,090000</MALT>
    <XAUS>41,880000</XAUS>
    <XFRA>41,880000</XFRA>
  </Prezzi>
  <Prezzi>
    <Data>20160803</Data>
    <Mercato>MGP</Mercato>
    <Ora>24</Ora>
    <PUN>43,065350</PUN>
    <NAT>41,910000</NAT>
    <CNOR>41,000000</CNOR>
    <CSUD>41,000000</CSUD>
    <NORD>41,000000</NORD>
    <SARD>41,000000</SARD>
    <SICI>72,090000</SICI>
    <SUD>41,000000</SUD>
    <AUST>41,000000</AUST>
    <BRNN>41,000000</BRNN>
    <COAC>41,000000</COAC>
    <CORS>41,000000</CORS>
    <FOGN>41,000000</FOGN>
    <FRAN>41,000000</FRAN>
    <GREC>41,000000</GREC>
    <MFTV>41,000000</MFTV>
    <PRGP>72,090000</PRGP>
    <ROSN>41,000000</ROSN>
    <SLOV>41,000000</SLOV>
    <SVIZ>41,000000</SVIZ>
    <BSP>41,000000</BSP>
    <MALT>72,090000</MALT>
    <XAUS>41,000000</XAUS>
    <XFRA>41,000000</XFRA>
  </Prezzi>
</NewDataSet>