<?xml version="1.0" standalone="yes"?>
<NewDataSet>
  <xs:schema id="NewDataSet" xmlns="" xmlns:xs="http://www.w3.org/2001/XMLSchema" xmlns:msdata="urn:schemas-microsoft-com:xml-msdata">
    <xs:element name="NewDataSet" msdata:IsDataSet="true" msdata:UseCurrentLocale="true">
      <xs:complexType>
        <xs:choice minOccurs="0" maxOccurs="unbounded">
          <xs:element name="Prezzi">
            <xs:complexType>
              <xs:sequence>
                <xs:element name="Data" type="xs:string" minOccurs="0" />
                <xs:element name="Mercato" type="xs:string" minOccurs="0" />
                <xs:element name="Ora" type="xs:string" minOccurs="0" />
                <xs:element name="PUN" type="xs:string" minOccurs="0" />
                <xs:element name="NAT" type="xs:string" minOccurs="0" />
                <xs:element name="CNOR" type="xs:string" minOccurs="0" />
                <xs:element name="CSUD" type="xs:string" minOccurs="0" />
                <xs:element name="NORD" type="xs:string" minOccurs="0" />
                <xs:element name="SARD" type="xs:string" minOccurs="0" />
                <xs:element name="SICI" type="xs:string" minOccurs="0" />
                <xs:element name="SUD" type="xs:string" minOccurs="0" />
                <xs:element name="AUST" type="xs:string" minOccurs="0" />
                <xs:element name="BRNN" type="xs:string" minOccurs="0" />
                <xs:element name="COAC" type="xs:string" minOccurs="0" />
                <xs:element name="CORS" type="xs:string" minOccurs="0" />
                <xs:element name="FOGN" type="xs:string" minOccurs="0" />
                <xs:element name="FRAN" type="xs:string" minOccurs="0" />
                <xs:element name="GREC" type="xs:string" minOccurs="0" />
                <xs:element name="MFTV" type="xs:string" minOccurs="0" />
                <xs:element name="PRGP" type="xs:string" minOccurs="0" />
                <xs:element name="ROSN" type="xs:string" minOccurs="0" />
                <xs:element name="SLOV" type="xs:string" minOccurs="0" />
                <xs:element name="SVIZ" type="xs:string" minOccurs="0" />
                <xs:element name="BSP" type="xs:string" minOccurs="0" />
                <xs:element name="MALT" type="xs:string" minOccurs="0" />
                <xs:element name="XAUS" type="xs:string" minOccurs="0" />
                <xs:element name="XFRA" type="xs:string" minOccurs="0" />
              </xs:sequence>
            </xs:complexType>
          </xs:element>
        </xs:choice>
      </xs:complexType>
    </xs:element>
  </xs:schema>
  <Prezzi>
    <Data>20160804</Data>
    <Mercato>MGP</Mercato>
    <Ora>1</Ora>
    <PUN>38,979650</PUN>
    <NAT>40,000000</NAT>
    <CNOR>38,000000</CNOR>
    <CSUD>38,000000</CSUD>
    <NORD>38,000000</NORD>
    <SARD>38,000000</SARD>
    <SICI>52,090000</SICI>
    <SUD>38,000000</SUD>
    <AUST>38,000000</AUST>
    <BRNN>38,000000</BRNN>
    <COAC>38,000000</COAC>
    <CORS>38,000000</CORS>
    <FOGN>38,000000</FOGN>
    <FRAN>38,000000</FRAN>
    <GREC>38,000000</GREC>
    <MFTV>38,000000</MFTV>
    <PRGP>52,090000</PRGP>
    <ROSN>38,000000</ROSN>
    <SLOV>38,000000</SLOV>
    <SVIZ>38,000000</SVIZ>
    <BSP>38,000000</BSP>
    <MALT>52,090000</MALT>
    <XAUS>38,000000</XAUS>
    <XFRA>38,000000</XFRA>
  </Prezzi>
  <Prezzi>
    <Data>20160804</Data>
    <Mercato>MGP</Mercato>
    <Ora>2</Ora>
    <PUN>38,124800</PUN>
    <NAT>38,560000</NAT>
    <CNOR>37,100000</CNOR>
    <CSUD>37,100000</CSUD>
    <NORD>37,100000</NORD>
    <SARD>37,100000</SARD>
    <SICI>52,090000</SICI>
    <SUD>37,100000</SUD>
    <AUST>37,100000</AUST>
    <BRNN>37,100000</BRNN>
    <COAC>37,100000</COAC>
    <CORS>37,100000</CORS>
    <FOGN>37,100000</FOGN>
    <FRAN>37,100000</FRAN>
    <GREC>37,100000</GREC>
    <MFTV>37,100000</MFTV>
    <PRGP>52,090000</PRGP>
    <ROSN>37,100000</ROSN>
    <SLOV>37,100000</SLOV>
    <SVIZ>37,100000</SVIZ>
    <BSP>37,100000</BSP>
    <MALT>52,090000</MALT>
    <XAUS>37,100000</XAUS>
    <XFRA>37,100000</XFRA>
  </Prezzi>
  <Prezzi>
    <Data>20160804</Data>
    <Mercato>MGP</Mercato>
    <Ora>3</Ora>
    <PUN>34,933600</PUN>
    <NAT>37,070000</NAT>
    <CNOR>33,740000</CNOR>
    <CSUD>33,740000</CSUD>
    <NORD>33,740000</NORD>
    <SARD>33,740000</SARD>
    <SICI>51,570000</SICI>
    <SUD>33,740000</SUD>
    <AUST>33,740000</AUST>
    <BRNN>33,740000</BRNN>
    <COAC>33,740000</COAC>
    <CORS>33,740000</CORS>
    <FOGN>33,740000</FOGN>
    <FRAN>33,740000</FRAN>
    <GREC>33,740000</GREC>
    <MFTV>33,740000</MFTV>
    <PRGP>51,570000</PRGP>
    <ROSN>33,740000</ROSN>
    <SLOV>33,740000</SLOV>
    <SVIZ>33,740000</SVIZ>
    <BSP>33,740000</BSP>
    <MALT>51,570000</MALT>
    <XAUS>33,740000</XAUS>
    <XFRA>33,740000</XFRA>
  </Prezzi>
  <Prezzi>
    <Data>20160804</Data>
    <Mercato>MGP</Mercato>
    <Ora>4</Ora>
    <PUN>34,840070</PUN>
    <NAT>35,690000</NAT>
    <CNOR>33,660000</CNOR>
    <CSUD>33,660000</CSUD>
    <NORD>33,660000</NORD>
    <SARD>33,660000</SARD>
    <SICI>51,570000</SICI>
    <SUD>33,660000</SUD>
    <AUST>33,660000</AUST>
    <BRNN>33,660000</BRNN>
    <COAC>33,660000</COAC>
    <CORS>33,660000</CORS>
    <FOGN>33,660000</FOGN>
    <FRAN>33,660000</FRAN>
    <GREC>33,660000</GREC>
    <MFTV>33,660000</MFTV>
    <PRGP>51,570000</PRGP>
    <ROSN>33,660000</ROSN>
    <SLOV>33,660000</SLOV>
    <SVIZ>33,660000</SVIZ>
    <BSP>33,660000</BSP>
    <MALT>51,570000</MALT>
    <XAUS>33,660000</XAUS>
    <XFRA>33,660000</XFRA>
  </Prezzi>
  <Prezzi>
    <Data>20160804</Data>
    <Mercato>MGP</Mercato>
    <Ora>5</Ora>
    <PUN>34,769140</PUN>
    <NAT>35,150000</NAT>
    <CNOR>33,600000</CNOR>
    <CSUD>33,600000</CSUD>
    <NORD>33,600000</NORD>
    <SARD>33,600000</SARD>
    <SICI>51,570000</SICI>
    <SUD>33,600000</SUD>
    <AUST>33,600000</AUST>
    <BRNN>33,600000</BRNN>
    <COAC>33,600000</COAC>
    <CORS>33,600000</CORS>
    <FOGN>33,600000</FOGN>
    <FRAN>33,600000</FRAN>
    <GREC>33,600000</GREC>
    <MFTV>33,600000</MFTV>
    <PRGP>51,570000</PRGP>
    <ROSN>33,600000</ROSN>
    <SLOV>33,600000</SLOV>
    <SVIZ>33,600000</SVIZ>
    <BSP>33,600000</BSP>
    <MALT>51,570000</MALT>
    <XAUS>33,600000</XAUS>
    <XFRA>33,600000</XFRA>
  </Prezzi>
  <Prezzi>
    <Data>20160804</Data>
    <Mercato>MGP</Mercato>
    <Ora>6</Ora>
    <PUN>36,212260</PUN>
    <NAT>38,000000</NAT>
    <CNOR>35,150000</CNOR>
    <CSUD>35,150000</CSUD>
    <NORD>35,150000</NORD>
    <SARD>35,150000</SARD>
    <SICI>51,570000</SICI>
    <SUD>35,150000</SUD>
    <AUST>35,150000</AUST>
    <BRNN>35,150000</BRNN>
    <COAC>35,150000</COAC>
    <CORS>35,150000</CORS>
    <FOGN>35,150000</FOGN>
    <FRAN>35,150000</FRAN>
    <GREC>35,150000</GREC>
    <MFTV>35,150000</MFTV>
    <PRGP>51,570000</PRGP>
    <ROSN>35,150000</ROSN>
    <SLOV>35,150000</SLOV>
    <SVIZ>35,150000</SVIZ>
    <BSP>35,150000</BSP>
    <MALT>51,570000</MALT>
    <XAUS>35,150000</XAUS>
    <XFRA>35,150000</XFRA>
  </Prezzi>
  <Prezzi>
    <Data>20160804</Data>
    <Mercato>MGP</Mercato>
    <Ora>7</Ora>
    <PUN>38,833050</PUN>
    <NAT>38,400000</NAT>
    <CNOR>38,000000</CNOR>
    <CSUD>38,000000</CSUD>
    <NORD>38,000000</NORD>
    <SARD>38,000000</SARD>
    <SICI>51,570000</SICI>
    <SUD>38,000000</SUD>
    <AUST>38,000000</AUST>
    <BRNN>38,000000</BRNN>
    <COAC>38,000000</COAC>
    <CORS>38,000000</CORS>
    <FOGN>38,000000</FOGN>
    <FRAN>38,000000</FRAN>
    <GREC>38,000000</GREC>
    <MFTV>38,000000</MFTV>
    <PRGP>51,570000</PRGP>
    <ROSN>38,000000</ROSN>
    <SLOV>38,000000</SLOV>
    <SVIZ>38,000000</SVIZ>
    <BSP>38,000000</BSP>
    <MALT>51,570000</MALT>
    <XAUS>38,000000</XAUS>
    <XFRA>38,000000</XFRA>
  </Prezzi>
  <Prezzi>
    <Data>20160804</Data>
    <Mercato>MGP</Mercato>
    <Ora>8</Ora>
    <PUN>41,550440</PUN>
    <NAT>42,160000</NAT>
    <CNOR>40,000000</CNOR>
    <CSUD>40,000000</CSUD>
    <NORD>40,000000</NORD>
    <SARD>40,000000</SARD>
    <SICI>66,090000</SICI>
    <SUD>40,000000</SUD>
    <AUST>40,000000</AUST>
    <BRNN>40,000000</BRNN>
    <COAC>40,000000</COAC>
    <CORS>40,000000</CORS>
    <FOGN>40,000000</FOGN>
    <FRAN>40,000000</FRAN>
    <GREC>40,000000</GREC>
    <MFTV>40,000000</MFTV>
    <PRGP>66,090000</PRGP>
    <ROSN>40,000000</ROSN>
    <SLOV>40,000000</SLOV>
    <SVIZ>40,000000</SVIZ>
    <BSP>40,000000</BSP>
    <MALT>66,090000</MALT>
    <XAUS>40,000000</XAUS>
    <XFRA>40,000000</XFRA>
  </Prezzi>
  <Prezzi>
    <Data>20160804</Data>
    <Mercato>MGP</Mercato>
    <Ora>9</Ora>
    <PUN>45,981500</PUN>
    <NAT>45,150000</NAT>
    <CNOR>44,700000</CNOR>
    <CSUD>44,700000</CSUD>
    <NORD>44,700000</NORD>
    <SARD>44,700000</SARD>
    <SICI>66,090000</SICI>
    <SUD>44,700000</SUD>
    <AUST>44,700000</AUST>
    <BRNN>44,700000</BRNN>
    <COAC>44,700000</COAC>
    <CORS>44,700000</CORS>
    <FOGN>44,700000</FOGN>
    <FRAN>44,700000</FRAN>
    <GREC>44,700000</GREC>
    <MFTV>44,700000</MFTV>
    <PRGP>66,090000</PRGP>
    <ROSN>44,700000</ROSN>
    <SLOV>44,700000</SLOV>
    <SVIZ>44,700000</SVIZ>
    <BSP>44,700000</BSP>
    <MALT>66,090000</MALT>
    <XAUS>44,700000</XAUS>
    <XFRA>44,700000</XFRA>
  </Prezzi>
  <Prezzi>
    <Data>20160804</Data>
    <Mercato>MGP</Mercato>
    <Ora>10</Ora>
    <PUN>42,312560</PUN>
    <NAT>44,000000</NAT>
    <CNOR>41,680000</CNOR>
    <CSUD>41,680000</CSUD>
    <NORD>41,680000</NORD>
    <SARD>41,680000</SARD>
    <SICI>52,090000</SICI>
    <SUD>41,680000</SUD>
    <AUST>41,680000</AUST>
    <BRNN>41,680000</BRNN>
    <COAC>41,680000</COAC>
    <CORS>41,680000</CORS>
    <FOGN>41,680000</FOGN>
    <FRAN>41,680000</FRAN>
    <GREC>41,680000</GREC>
    <MFTV>41,680000</MFTV>
    <PRGP>52,090000</PRGP>
    <ROSN>41,680000</ROSN>
    <SLOV>41,680000</SLOV>
    <SVIZ>41,680000</SVIZ>
    <BSP>41,680000</BSP>
    <MALT>52,090000</MALT>
    <XAUS>41,680000</XAUS>
    <XFRA>41,680000</XFRA>
  </Prezzi>
  <Prezzi>
    <Data>20160804</Data>
    <Mercato>MGP</Mercato>
    <Ora>11</Ora>
    <PUN>42,311180</PUN>
    <NAT>43,800000</NAT>
    <CNOR>41,680000</CNOR>
    <CSUD>41,680000</CSUD>
    <NORD>41,680000</NORD>
    <SARD>41,680000</SARD>
    <SICI>52,090000</SICI>
    <SUD>41,680000</SUD>
    <AUST>41,680000</AUST>
    <BRNN>41,680000</BRNN>
    <COAC>41,680000</COAC>
    <CORS>41,680000</CORS>
    <FOGN>41,680000</FOGN>
    <FRAN>41,680000</FRAN>
    <GREC>41,680000</GREC>
    <MFTV>41,680000</MFTV>
    <PRGP>52,090000</PRGP>
    <ROSN>41,680000</ROSN>
    <SLOV>41,680000</SLOV>
    <SVIZ>41,680000</SVIZ>
    <BSP>41,680000</BSP>
    <MALT>52,090000</MALT>
    <XAUS>41,680000</XAUS>
    <XFRA>41,680000</XFRA>
  </Prezzi>
  <Prezzi>
    <Data>20160804</Data>
    <Mercato>MGP</Mercato>
    <Ora>12</Ora>
    <PUN>41,640730</PUN>
    <NAT>43,470000</NAT>
    <CNOR>41,000000</CNOR>
    <CSUD>41,000000</CSUD>
    <NORD>41,000000</NORD>
    <SARD>41,000000</SARD>
    <SICI>51,570000</SICI>
    <SUD>41,000000</SUD>
    <AUST>41,000000</AUST>
    <BRNN>41,000000</BRNN>
    <COAC>41,000000</COAC>
    <CORS>41,000000</CORS>
    <FOGN>41,000000</FOGN>
    <FRAN>41,000000</FRAN>
    <GREC>41,000000</GREC>
    <MFTV>41,000000</MFTV>
    <PRGP>51,570000</PRGP>
    <ROSN>41,000000</ROSN>
    <SLOV>41,000000</SLOV>
    <SVIZ>41,000000</SVIZ>
    <BSP>41,000000</BSP>
    <MALT>51,570000</MALT>
    <XAUS>41,000000</XAUS>
    <XFRA>41,000000</XFRA>
  </Prezzi>
  <Prezzi>
    <Data>20160804</Data>
    <Mercato>MGP</Mercato>
    <Ora>13</Ora>
    <PUN>39,839930</PUN>
    <NAT>40,600000</NAT>
    <CNOR>39,050000</CNOR>
    <CSUD>39,050000</CSUD>
    <NORD>39,050000</NORD>
    <SARD>39,050000</SARD>
    <SICI>51,570000</SICI>
    <SUD>39,050000</SUD>
    <AUST>39,050000</AUST>
    <BRNN>39,050000</BRNN>
    <COAC>39,050000</COAC>
    <CORS>39,050000</CORS>
    <FOGN>39,050000</FOGN>
    <FRAN>39,050000</FRAN>
    <GREC>39,050000</GREC>
    <MFTV>39,050000</MFTV>
    <PRGP>51,570000</PRGP>
    <ROSN>39,050000</ROSN>
    <SLOV>39,050000</SLOV>
    <SVIZ>39,050000</SVIZ>
    <BSP>39,050000</BSP>
    <MALT>51,570000</MALT>
    <XAUS>39,050000</XAUS>
    <XFRA>39,050000</XFRA>
  </Prezzi>
  <Prezzi>
    <Data>20160804</Data>
    <Mercato>MGP</Mercato>
    <Ora>14</Ora>
    <PUN>39,212570</PUN>
    <NAT>40,000000</NAT>
    <CNOR>38,400000</CNOR>
    <CSUD>38,400000</CSUD>
    <NORD>38,400000</NORD>
    <SARD>38,400000</SARD>
    <SICI>51,570000</SICI>
    <SUD>38,400000</SUD>
    <AUST>38,400000</AUST>
    <BRNN>38,400000</BRNN>
    <COAC>38,400000</COAC>
    <CORS>38,400000</CORS>
    <FOGN>38,400000</FOGN>
    <FRAN>38,400000</FRAN>
    <GREC>38,400000</GREC>
    <MFTV>38,400000</MFTV>
    <PRGP>51,570000</PRGP>
    <ROSN>38,400000</ROSN>
    <SLOV>38,400000</SLOV>
    <SVIZ>38,400000</SVIZ>
    <BSP>38,400000</BSP>
    <MALT>51,570000</MALT>
    <XAUS>38,400000</XAUS>
    <XFRA>38,400000</XFRA>
  </Prezzi>
  <Prezzi>
    <Data>20160804</Data>
    <Mercato>MGP</Mercato>
    <Ora>15</Ora>
    <PUN>41,728340</PUN>
    <NAT>43,410000</NAT>
    <CNOR>41,100000</CNOR>
    <CSUD>41,100000</CSUD>
    <NORD>41,100000</NORD>
    <SARD>41,100000</SARD>
    <SICI>51,570000</SICI>
    <SUD>41,100000</SUD>
    <AUST>41,100000</AUST>
    <BRNN>41,100000</BRNN>
    <COAC>41,100000</COAC>
    <CORS>41,100000</CORS>
    <FOGN>41,100000</FOGN>
    <FRAN>41,100000</FRAN>
    <GREC>41,100000</GREC>
    <MFTV>41,100000</MFTV>
    <PRGP>51,570000</PRGP>
    <ROSN>41,100000</ROSN>
    <SLOV>41,100000</SLOV>
    <SVIZ>41,100000</SVIZ>
    <BSP>41,100000</BSP>
    <MALT>51,570000</MALT>
    <XAUS>41,100000</XAUS>
    <XFRA>41,100000</XFRA>
  </Prezzi>
  <Prezzi>
    <Data>20160804</Data>
    <Mercato>MGP</Mercato>
    <Ora>16</Ora>
    <PUN>42,570390</PUN>
    <NAT>43,010000</NAT>
    <CNOR>42,000000</CNOR>
    <CSUD>42,000000</CSUD>
    <NORD>42,000000</NORD>
    <SARD>42,000000</SARD>
    <SICI>51,570000</SICI>
    <SUD>42,000000</SUD>
    <AUST>42,000000</AUST>
    <BRNN>42,000000</BRNN>
    <COAC>42,000000</COAC>
    <CORS>42,000000</CORS>
    <FOGN>42,000000</FOGN>
    <FRAN>42,000000</FRAN>
    <GREC>42,000000</GREC>
    <MFTV>42,000000</MFTV>
    <PRGP>51,570000</PRGP>
    <ROSN>42,000000</ROSN>
    <SLOV>42,000000</SLOV>
    <SVIZ>42,000000</SVIZ>
    <BSP>42,000000</BSP>
    <MALT>51,570000</MALT>
    <XAUS>42,000000</XAUS>
    <XFRA>42,000000</XFRA>
  </Prezzi>
  <Prezzi>
    <Data>20160804</Data>
    <Mercato>MGP</Mercato>
    <Ora>17</Ora>
    <PUN>42,414260</PUN>
    <NAT>43,470000</NAT>
    <CNOR>42,000000</CNOR>
    <CSUD>42,000000</CSUD>
    <NORD>42,000000</NORD>
    <SARD>42,000000</SARD>
    <SICI>51,570000</SICI>
    <SUD>40,000000</SUD>
    <AUST>42,000000</AUST>
    <BRNN>40,000000</BRNN>
    <COAC>42,000000</COAC>
    <CORS>42,000000</CORS>
    <FOGN>40,000000</FOGN>
    <FRAN>42,000000</FRAN>
    <GREC>40,000000</GREC>
    <MFTV>42,000000</MFTV>
    <PRGP>51,570000</PRGP>
    <ROSN>40,000000</ROSN>
    <SLOV>42,000000</SLOV>
    <SVIZ>42,000000</SVIZ>
    <BSP>42,000000</BSP>
    <MALT>51,570000</MALT>
    <XAUS>42,000000</XAUS>
    <XFRA>42,000000</XFRA>
  </Prezzi>
  <Prezzi>
    <Data>20160804</Data>
    <Mercato>MGP</Mercato>
    <Ora>18</Ora>
    <PUN>41,788930</PUN>
    <NAT>42,010000</NAT>
    <CNOR>41,150000</CNOR>
    <CSUD>41,150000</CSUD>
    <NORD>41,150000</NORD>
    <SARD>41,150000</SARD>
    <SICI>51,570000</SICI>
    <SUD>41,150000</SUD>
    <AUST>41,150000</AUST>
    <BRNN>41,150000</BRNN>
    <COAC>41,150000</COAC>
    <CORS>41,150000</CORS>
    <FOGN>41,150000</FOGN>
    <FRAN>41,150000</FRAN>
    <GREC>41,150000</GREC>
    <MFTV>41,150000</MFTV>
    <PRGP>51,570000</PRGP>
    <ROSN>41,150000</ROSN>
    <SLOV>41,150000</SLOV>
    <SVIZ>41,150000</SVIZ>
    <BSP>41,150000</BSP>
    <MALT>51,570000</MALT>
    <XAUS>41,150000</XAUS>
    <XFRA>41,150000</XFRA>
  </Prezzi>
  <Prezzi>
    <Data>20160804</Data>
    <Mercato>MGP</Mercato>
    <Ora>19</Ora>
    <PUN>43,559360</PUN>
    <NAT>44,900000</NAT>
    <CNOR>41,680000</CNOR>
    <CSUD>41,680000</CSUD>
    <NORD>41,680000</NORD>
    <SARD>41,680000</SARD>
    <SICI>72,090000</SICI>
    <SUD>41,680000</SUD>
    <AUST>41,680000</AUST>
    <BRNN>41,680000</BRNN>
    <COAC>41,680000</COAC>
    <CORS>41,680000</CORS>
    <FOGN>41,680000</FOGN>
    <FRAN>41,680000</FRAN>
    <GREC>41,680000</GREC>
    <MFTV>41,680000</MFTV>
    <PRGP>72,090000</PRGP>
    <ROSN>41,680000</ROSN>
    <SLOV>41,680000</SLOV>
    <SVIZ>41,680000</SVIZ>
    <BSP>41,680000</BSP>
    <MALT>72,090000</MALT>
    <XAUS>41,680000</XAUS>
    <XFRA>41,680000</XFRA>
  </Prezzi>
  <Prezzi>
    <Data>20160804</Data>
    <Mercato>MGP</Mercato>
    <Ora>20</Ora>
    <PUN>46,789870</PUN>
    <NAT>49,300000</NAT>
    <CNOR>45,100000</CNOR>
    <CSUD>45,100000</CSUD>
    <NORD>45,100000</NORD>
    <SARD>45,100000</SARD>
    <SICI>72,090000</SICI>
    <SUD>45,100000</SUD>
    <AUST>45,100000</AUST>
    <BRNN>45,100000</BRNN>
    <COAC>45,100000</COAC>
    <CORS>45,100000</CORS>
    <FOGN>45,100000</FOGN>
    <FRAN>45,100000</FRAN>
    <GREC>45,100000</GREC>
    <MFTV>45,100000</MFTV>
    <PRGP>72,090000</PRGP>
    <ROSN>45,100000</ROSN>
    <SLOV>45,100000</SLOV>
    <SVIZ>45,100000</SVIZ>
    <BSP>45,100000</BSP>
    <MALT>72,090000</MALT>
    <XAUS>45,100000</XAUS>
    <XFRA>45,100000</XFRA>
  </Prezzi>
  <Prezzi>
    <Data>20160804</Data>
    <Mercato>MGP</Mercato>
    <Ora>21</Ora>
    <PUN>50,014390</PUN>
    <NAT>50,800000</NAT>
    <CNOR>47,010000</CNOR>
    <CSUD>47,010000</CSUD>
    <NORD>47,010000</NORD>
    <SARD>47,010000</SARD>
    <SICI>91,870000</SICI>
    <SUD>47,010000</SUD>
    <AUST>47,010000</AUST>
    <BRNN>47,010000</BRNN>
    <COAC>47,010000</COAC>
    <CORS>47,010000</CORS>
    <FOGN>47,010000</FOGN>
    <FRAN>47,010000</FRAN>
    <GREC>47,010000</GREC>
    <MFTV>47,010000</MFTV>
    <PRGP>91,870000</PRGP>
    <ROSN>47,010000</ROSN>
    <SLOV>47,010000</SLOV>
    <SVIZ>47,010000</SVIZ>
    <BSP>47,010000</BSP>
    <MALT>91,870000</MALT>
    <XAUS>47,010000</XAUS>
    <XFRA>47,010000</XFRA>
  </Prezzi>
  <Prezzi>
    <Data>20160804</Data>
    <Mercato>MGP</Mercato>
    <Ora>22</Ora>
    <PUN>47,714160</PUN>
    <NAT>47,300000</NAT>
    <CNOR>44,590000</CNOR>
    <CSUD>44,590000</CSUD>
    <NORD>44,590000</NORD>
    <SARD>44,590000</SARD>
    <SICI>91,870000</SICI>
    <SUD>44,590000</SUD>
    <AUST>44,590000</AUST>
    <BRNN>44,590000</BRNN>
    <COAC>44,590000</COAC>
    <CORS>44,590000</CORS>
    <FOGN>44,590000</FOGN>
    <FRAN>44,590000</FRAN>
    <GREC>44,590000</GREC>
    <MFTV>44,590000</MFTV>
    <PRGP>91,870000</PRGP>
    <ROSN>44,590000</ROSN>
    <SLOV>44,590000</SLOV>
    <SVIZ>44,590000</SVIZ>
    <BSP>44,590000</BSP>
    <MALT>91,870000</MALT>
    <XAUS>44,590000</XAUS>
    <XFRA>44,590000</XFRA>
  </Prezzi>
  <Prezzi>
    <Data>20160804</Data>
    <Mercato>MGP</Mercato>
    <Ora>23</Ora>
    <PUN>43,441970</PUN>
    <NAT>44,000000</NAT>
    <CNOR>41,150000</CNOR>
    <CSUD>41,150000</CSUD>
    <NORD>41,150000</NORD>
    <SARD>41,150000</SARD>
    <SICI>75,290000</SICI>
    <SUD>41,150000</SUD>
    <AUST>41,150000</AUST>
    <BRNN>41,150000</BRNN>
    <COAC>41,150000</COAC>
    <CORS>41,150000</CORS>
    <FOGN>41,150000</FOGN>
    <FRAN>41,150000</FRAN>
    <GREC>41,150000</GREC>
    <MFTV>41,150000</MFTV>
    <PRGP>75,290000</PRGP>
    <ROSN>41,150000</ROSN>
    <SLOV>41,150000</SLOV>
    <SVIZ>41,150000</SVIZ>
    <BSP>41,150000</BSP>
    <MALT>75,290000</MALT>
    <XAUS>41,150000</XAUS>
    <XFRA>41,150000</XFRA>
  </Prezzi>
  <Prezzi>
    <Data>20160804</Data>
    <Mercato>MGP</Mercato>
    <Ora>24</Ora>
    <PUN>42,173870</PUN>
    <NAT>41,150000</NAT>
    <CNOR>40,000000</CNOR>
    <CSUD>40,000000</CSUD>
    <NORD>40,000000</NORD>
    <SARD>40,000000</SARD>
    <SICI>72,090000</SICI>
    <SUD>40,000000</SUD>
    <AUST>40,000000</AUST>
    <BRNN>40,000000</BRNN>
    <COAC>40,000000</COAC>
    <CORS>40,000000</CORS>
    <FOGN>40,000000</FOGN>
    <FRAN>40,000000</FRAN>
    <GREC>40,000000</GREC>
    <MFTV>40,000000</MFTV>
    <PRGP>72,090000</PRGP>
    <ROSN>40,000000</ROSN>
    <SLOV>40,000000</SLOV>
    <SVIZ>40,000000</SVIZ>
    <BSP>40,000000</BSP>
    <MALT>72,090000</MALT>
    <XAUS>40,000000</XAUS>
    <XFRA>40,000000</XFRA>
  </Prezzi>
</NewDataSet>