<?xml version="1.0" standalone="yes"?>
<NewDataSet>
  <xs:schema id="NewDataSet" xmlns="" xmlns:xs="http://www.w3.org/2001/XMLSchema" xmlns:msdata="urn:schemas-microsoft-com:xml-msdata">
    <xs:element name="NewDataSet" msdata:IsDataSet="true" msdata:MainDataTable="marketintervaldetail" msdata:UseCurrentLocale="true">
      <xs:complexType>
        <xs:choice minOccurs="0" maxOccurs="unbounded">
          <xs:element name="marketintervaldetail">
            <xs:complexType>
              <xs:sequence>
                <xs:element name="Data" type="xs:string" minOccurs="0" />
                <xs:element name="Mercato" type="xs:string" minOccurs="0" />
                <xs:element name="Ora" type="xs:string" minOccurs="0" />
                <xs:element name="Totale" type="xs:string" minOccurs="0" />
                <xs:element name="CNOR" type="xs:string" minOccurs="0" />
                <xs:element name="CSUD" type="xs:string" minOccurs="0" />
                <xs:element name="NORD" type="xs:string" minOccurs="0" />
                <xs:element name="SARD" type="xs:string" minOccurs="0" />
                <xs:element name="SICI" type="xs:string" minOccurs="0" />
                <xs:element name="SUD" type="xs:string" minOccurs="0" />
              </xs:sequence>
            </xs:complexType>
          </xs:element>
        </xs:choice>
      </xs:complexType>
    </xs:element>
  </xs:schema>
  <marketintervaldetail>
    <Data>20170810</Data>
    <Mercato>MGP</Mercato>
    <Ora>01</Ora>
    <Totale>31001</Totale>
    <CNOR>2929</CNOR>
    <CSUD>5658</CSUD>
    <NORD>14819</NORD>
    <SARD>1171</SARD>
    <SICI>2543</SICI>
    <SUD>3881</SUD>
  </marketintervaldetail>
  <marketintervaldetail>
    <Data>20170810</Data>
    <Mercato>MGP</Mercato>
    <Ora>02</Ora>
    <Totale>28622</Totale>
    <CNOR>2837</CNOR>
    <CSUD>5195</CSUD>
    <NORD>13560</NORD>
    <SARD>1104</SARD>
    <SICI>2399</SICI>
    <SUD>3527</SUD>
  </marketintervaldetail>
  <marketintervaldetail>
    <Data>20170810</Data>
    <Mercato>MGP</Mercato>
    <Ora>03</Ora>
    <Totale>27296</Totale>
    <CNOR>2805</CNOR>
    <CSUD>4921</CSUD>
    <NORD>12913</NORD>
    <SARD>1053</SARD>
    <SICI>2303</SICI>
    <SUD>3301</SUD>
  </marketintervaldetail>
  <marketintervaldetail>
    <Data>20170810</Data>
    <Mercato>MGP</Mercato>
    <Ora>04</Ora>
    <Totale>26598</Totale>
    <CNOR>2762</CNOR>
    <CSUD>4751</CSUD>
    <NORD>12490</NORD>
    <SARD>1013</SARD>
    <SICI>2245</SICI>
    <SUD>3337</SUD>
  </marketintervaldetail>
  <marketintervaldetail>
    <Data>20170810</Data>
    <Mercato>MGP</Mercato>
    <Ora>05</Ora>
    <Totale>26324</Totale>
    <CNOR>2708</CNOR>
    <CSUD>4650</CSUD>
    <NORD>12661</NORD>
    <SARD>996</SARD>
    <SICI>2154</SICI>
    <SUD>3155</SUD>
  </marketintervaldetail>
  <marketintervaldetail>
    <Data>20170810</Data>
    <Mercato>MGP</Mercato>
    <Ora>06</Ora>
    <Totale>26824</Totale>
    <CNOR>2764</CNOR>
    <CSUD>4746</CSUD>
    <NORD>12938</NORD>
    <SARD>999</SARD>
    <SICI>2162</SICI>
    <SUD>3215</SUD>
  </marketintervaldetail>
  <marketintervaldetail>
    <Data>20170810</Data>
    <Mercato>MGP</Mercato>
    <Ora>07</Ora>
    <Totale>27627</Totale>
    <CNOR>2883</CNOR>
    <CSUD>4802</CSUD>
    <NORD>13647</NORD>
    <SARD>1023</SARD>
    <SICI>2017</SICI>
    <SUD>3255</SUD>
  </marketintervaldetail>
  <marketintervaldetail>
    <Data>20170810</Data>
    <Mercato>MGP</Mercato>
    <Ora>08</Ora>
    <Totale>30073</Totale>
    <CNOR>3129</CNOR>
    <CSUD>5222</CSUD>
    <NORD>15087</NORD>
    <SARD>1071</SARD>
    <SICI>2118</SICI>
    <SUD>3446</SUD>
  </marketintervaldetail>
  <marketintervaldetail>
    <Data>20170810</Data>
    <Mercato>MGP</Mercato>
    <Ora>09</Ora>
    <Totale>32979</Totale>
    <CNOR>3518</CNOR>
    <CSUD>5621</CSUD>
    <NORD>16733</NORD>
    <SARD>1151</SARD>
    <SICI>2390</SICI>
    <SUD>3566</SUD>
  </marketintervaldetail>
  <marketintervaldetail>
    <Data>20170810</Data>
    <Mercato>MGP</Mercato>
    <Ora>10</Ora>
    <Totale>35662</Totale>
    <CNOR>3781</CNOR>
    <CSUD>6381</CSUD>
    <NORD>17525</NORD>
    <SARD>1206</SARD>
    <SICI>2683</SICI>
    <SUD>4086</SUD>
  </marketintervaldetail>
  <marketintervaldetail>
    <Data>20170810</Data>
    <Mercato>MGP</Mercato>
    <Ora>11</Ora>
    <Totale>36474</Totale>
    <CNOR>3940</CNOR>
    <CSUD>6817</CSUD>
    <NORD>17665</NORD>
    <SARD>1223</SARD>
    <SICI>2739</SICI>
    <SUD>4090</SUD>
  </marketintervaldetail>
  <marketintervaldetail>
    <Data>20170810</Data>
    <Mercato>MGP</Mercato>
    <Ora>12</Ora>
    <Totale>36602</Totale>
    <CNOR>4050</CNOR>
    <CSUD>6877</CSUD>
    <NORD>17515</NORD>
    <SARD>1261</SARD>
    <SICI>2795</SICI>
    <SUD>4104</SUD>
  </marketintervaldetail>
  <marketintervaldetail>
    <Data>20170810</Data>
    <Mercato>MGP</Mercato>
    <Ora>13</Ora>
    <Totale>37183</Totale>
    <CNOR>4098</CNOR>
    <CSUD>7052</CSUD>
    <NORD>17536</NORD>
    <SARD>1269</SARD>
    <SICI>2887</SICI>
    <SUD>4341</SUD>
  </marketintervaldetail>
  <marketintervaldetail>
    <Data>20170810</Data>
    <Mercato>MGP</Mercato>
    <Ora>14</Ora>
    <Totale>37406</Totale>
    <CNOR>4010</CNOR>
    <CSUD>7114</CSUD>
    <NORD>17650</NORD>
    <SARD>1250</SARD>
    <SICI>2916</SICI>
    <SUD>4466</SUD>
  </marketintervaldetail>
  <marketintervaldetail>
    <Data>20170810</Data>
    <Mercato>MGP</Mercato>
    <Ora>15</Ora>
    <Totale>37877</Totale>
    <CNOR>3931</CNOR>
    <CSUD>7162</CSUD>
    <NORD>17980</NORD>
    <SARD>1231</SARD>
    <SICI>2971</SICI>
    <SUD>4602</SUD>
  </marketintervaldetail>
  <marketintervaldetail>
    <Data>20170810</Data>
    <Mercato>MGP</Mercato>
    <Ora>16</Ora>
    <Totale>38150</Totale>
    <CNOR>3880</CNOR>
    <CSUD>7175</CSUD>
    <NORD>18018</NORD>
    <SARD>1203</SARD>
    <SICI>3026</SICI>
    <SUD>4848</SUD>
  </marketintervaldetail>
  <marketintervaldetail>
    <Data>20170810</Data>
    <Mercato>MGP</Mercato>
    <Ora>17</Ora>
    <Totale>38330</Totale>
    <CNOR>3907</CNOR>
    <CSUD>7223</CSUD>
    <NORD>18225</NORD>
    <SARD>1242</SARD>
    <SICI>2982</SICI>
    <SUD>4751</SUD>
  </marketintervaldetail>
  <marketintervaldetail>
    <Data>20170810</Data>
    <Mercato>MGP</Mercato>
    <Ora>18</Ora>
    <Totale>38185</Totale>
    <CNOR>3861</CNOR>
    <CSUD>7117</CSUD>
    <NORD>18450</NORD>
    <SARD>1236</SARD>
    <SICI>2953</SICI>
    <SUD>4568</SUD>
  </marketintervaldetail>
  <marketintervaldetail>
    <Data>20170810</Data>
    <Mercato>MGP</Mercato>
    <Ora>19</Ora>
    <Totale>37535</Totale>
    <CNOR>3899</CNOR>
    <CSUD>6968</CSUD>
    <NORD>18317</NORD>
    <SARD>1280</SARD>
    <SICI>2869</SICI>
    <SUD>4202</SUD>
  </marketintervaldetail>
  <marketintervaldetail>
    <Data>20170810</Data>
    <Mercato>MGP</Mercato>
    <Ora>20</Ora>
    <Totale>37142</Totale>
    <CNOR>3843</CNOR>
    <CSUD>6794</CSUD>
    <NORD>18053</NORD>
    <SARD>1332</SARD>
    <SICI>2919</SICI>
    <SUD>4201</SUD>
  </marketintervaldetail>
  <marketintervaldetail>
    <Data>20170810</Data>
    <Mercato>MGP</Mercato>
    <Ora>21</Ora>
    <Totale>37058</Totale>
    <CNOR>3692</CNOR>
    <CSUD>6708</CSUD>
    <NORD>17558</NORD>
    <SARD>1389</SARD>
    <SICI>3117</SICI>
    <SUD>4594</SUD>
  </marketintervaldetail>
  <marketintervaldetail>
    <Data>20170810</Data>
    <Mercato>MGP</Mercato>
    <Ora>22</Ora>
    <Totale>36918</Totale>
    <CNOR>3663</CNOR>
    <CSUD>6553</CSUD>
    <NORD>17597</NORD>
    <SARD>1413</SARD>
    <SICI>3183</SICI>
    <SUD>4509</SUD>
  </marketintervaldetail>
  <marketintervaldetail>
    <Data>20170810</Data>
    <Mercato>MGP</Mercato>
    <Ora>23</Ora>
    <Totale>34698</Totale>
    <CNOR>3385</CNOR>
    <CSUD>6267</CSUD>
    <NORD>16625</NORD>
    <SARD>1347</SARD>
    <SICI>2903</SICI>
    <SUD>4171</SUD>
  </marketintervaldetail>
  <marketintervaldetail>
    <Data>20170810</Data>
    <Mercato>MGP</Mercato>
    <Ora>24</Ora>
    <Totale>32069</Totale>
    <CNOR>3063</CNOR>
    <CSUD>5748</CSUD>
    <NORD>15327</NORD>
    <SARD>1241</SARD>
    <SICI>2763</SICI>
    <SUD>3927</SUD>
  </marketintervaldetail>
</NewDataSet>