<?xml version="1.0" standalone="yes"?>
<NewDataSet>
  <xs:schema id="NewDataSet" xmlns="" xmlns:xs="http://www.w3.org/2001/XMLSchema" xmlns:msdata="urn:schemas-microsoft-com:xml-msdata">
    <xs:element name="NewDataSet" msdata:IsDataSet="true" msdata:MainDataTable="marketintervaldetail" msdata:UseCurrentLocale="true">
      <xs:complexType>
        <xs:choice minOccurs="0" maxOccurs="unbounded">
          <xs:element name="marketintervaldetail">
            <xs:complexType>
              <xs:sequence>
                <xs:element name="Data" type="xs:string" minOccurs="0" />
                <xs:element name="Mercato" type="xs:string" minOccurs="0" />
                <xs:element name="Ora" type="xs:string" minOccurs="0" />
                <xs:element name="Totale" type="xs:string" minOccurs="0" />
                <xs:element name="CNOR" type="xs:string" minOccurs="0" />
                <xs:element name="CSUD" type="xs:string" minOccurs="0" />
                <xs:element name="NORD" type="xs:string" minOccurs="0" />
                <xs:element name="SARD" type="xs:string" minOccurs="0" />
                <xs:element name="SICI" type="xs:string" minOccurs="0" />
                <xs:element name="SUD" type="xs:string" minOccurs="0" />
              </xs:sequence>
            </xs:complexType>
          </xs:element>
        </xs:choice>
      </xs:complexType>
    </xs:element>
  </xs:schema>
  <marketintervaldetail>
    <Data>20170826</Data>
    <Mercato>MGP</Mercato>
    <Ora>01</Ora>
    <Totale>28747</Totale>
    <CNOR>3015</CNOR>
    <CSUD>4932</CSUD>
    <NORD>14726</NORD>
    <SARD>1060</SARD>
    <SICI>2200</SICI>
    <SUD>2814</SUD>
  </marketintervaldetail>
  <marketintervaldetail>
    <Data>20170826</Data>
    <Mercato>MGP</Mercato>
    <Ora>02</Ora>
    <Totale>27177</Totale>
    <CNOR>2750</CNOR>
    <CSUD>4531</CSUD>
    <NORD>14281</NORD>
    <SARD>993</SARD>
    <SICI>1972</SICI>
    <SUD>2650</SUD>
  </marketintervaldetail>
  <marketintervaldetail>
    <Data>20170826</Data>
    <Mercato>MGP</Mercato>
    <Ora>03</Ora>
    <Totale>25858</Totale>
    <CNOR>2604</CNOR>
    <CSUD>4347</CSUD>
    <NORD>13451</NORD>
    <SARD>959</SARD>
    <SICI>1937</SICI>
    <SUD>2560</SUD>
  </marketintervaldetail>
  <marketintervaldetail>
    <Data>20170826</Data>
    <Mercato>MGP</Mercato>
    <Ora>04</Ora>
    <Totale>25029</Totale>
    <CNOR>2546</CNOR>
    <CSUD>4195</CSUD>
    <NORD>13127</NORD>
    <SARD>937</SARD>
    <SICI>1827</SICI>
    <SUD>2397</SUD>
  </marketintervaldetail>
  <marketintervaldetail>
    <Data>20170826</Data>
    <Mercato>MGP</Mercato>
    <Ora>05</Ora>
    <Totale>24803</Totale>
    <CNOR>2519</CNOR>
    <CSUD>4100</CSUD>
    <NORD>13085</NORD>
    <SARD>938</SARD>
    <SICI>1824</SICI>
    <SUD>2337</SUD>
  </marketintervaldetail>
  <marketintervaldetail>
    <Data>20170826</Data>
    <Mercato>MGP</Mercato>
    <Ora>06</Ora>
    <Totale>25148</Totale>
    <CNOR>2584</CNOR>
    <CSUD>4133</CSUD>
    <NORD>13245</NORD>
    <SARD>939</SARD>
    <SICI>1834</SICI>
    <SUD>2413</SUD>
  </marketintervaldetail>
  <marketintervaldetail>
    <Data>20170826</Data>
    <Mercato>MGP</Mercato>
    <Ora>07</Ora>
    <Totale>25869</Totale>
    <CNOR>2627</CNOR>
    <CSUD>4161</CSUD>
    <NORD>13847</NORD>
    <SARD>973</SARD>
    <SICI>1823</SICI>
    <SUD>2438</SUD>
  </marketintervaldetail>
  <marketintervaldetail>
    <Data>20170826</Data>
    <Mercato>MGP</Mercato>
    <Ora>08</Ora>
    <Totale>26920</Totale>
    <CNOR>2790</CNOR>
    <CSUD>4395</CSUD>
    <NORD>14356</NORD>
    <SARD>995</SARD>
    <SICI>1890</SICI>
    <SUD>2494</SUD>
  </marketintervaldetail>
  <marketintervaldetail>
    <Data>20170826</Data>
    <Mercato>MGP</Mercato>
    <Ora>09</Ora>
    <Totale>29655</Totale>
    <CNOR>3099</CNOR>
    <CSUD>4879</CSUD>
    <NORD>15577</NORD>
    <SARD>1066</SARD>
    <SICI>2170</SICI>
    <SUD>2864</SUD>
  </marketintervaldetail>
  <marketintervaldetail>
    <Data>20170826</Data>
    <Mercato>MGP</Mercato>
    <Ora>10</Ora>
    <Totale>31776</Totale>
    <CNOR>3346</CNOR>
    <CSUD>5298</CSUD>
    <NORD>16655</NORD>
    <SARD>1114</SARD>
    <SICI>2353</SICI>
    <SUD>3010</SUD>
  </marketintervaldetail>
  <marketintervaldetail>
    <Data>20170826</Data>
    <Mercato>MGP</Mercato>
    <Ora>11</Ora>
    <Totale>32367</Totale>
    <CNOR>3447</CNOR>
    <CSUD>5440</CSUD>
    <NORD>17017</NORD>
    <SARD>1114</SARD>
    <SICI>2358</SICI>
    <SUD>2991</SUD>
  </marketintervaldetail>
  <marketintervaldetail>
    <Data>20170826</Data>
    <Mercato>MGP</Mercato>
    <Ora>12</Ora>
    <Totale>32462</Totale>
    <CNOR>3481</CNOR>
    <CSUD>5502</CSUD>
    <NORD>16971</NORD>
    <SARD>1095</SARD>
    <SICI>2341</SICI>
    <SUD>3072</SUD>
  </marketintervaldetail>
  <marketintervaldetail>
    <Data>20170826</Data>
    <Mercato>MGP</Mercato>
    <Ora>13</Ora>
    <Totale>32484</Totale>
    <CNOR>3436</CNOR>
    <CSUD>5696</CSUD>
    <NORD>16763</NORD>
    <SARD>1095</SARD>
    <SICI>2378</SICI>
    <SUD>3116</SUD>
  </marketintervaldetail>
  <marketintervaldetail>
    <Data>20170826</Data>
    <Mercato>MGP</Mercato>
    <Ora>14</Ora>
    <Totale>31676</Totale>
    <CNOR>3327</CNOR>
    <CSUD>5550</CSUD>
    <NORD>16207</NORD>
    <SARD>1050</SARD>
    <SICI>2389</SICI>
    <SUD>3153</SUD>
  </marketintervaldetail>
  <marketintervaldetail>
    <Data>20170826</Data>
    <Mercato>MGP</Mercato>
    <Ora>15</Ora>
    <Totale>30709</Totale>
    <CNOR>3236</CNOR>
    <CSUD>5464</CSUD>
    <NORD>15773</NORD>
    <SARD>1035</SARD>
    <SICI>2403</SICI>
    <SUD>2798</SUD>
  </marketintervaldetail>
  <marketintervaldetail>
    <Data>20170826</Data>
    <Mercato>MGP</Mercato>
    <Ora>16</Ora>
    <Totale>30919</Totale>
    <CNOR>3308</CNOR>
    <CSUD>5559</CSUD>
    <NORD>15968</NORD>
    <SARD>1018</SARD>
    <SICI>2455</SICI>
    <SUD>2611</SUD>
  </marketintervaldetail>
  <marketintervaldetail>
    <Data>20170826</Data>
    <Mercato>MGP</Mercato>
    <Ora>17</Ora>
    <Totale>31400</Totale>
    <CNOR>3361</CNOR>
    <CSUD>5677</CSUD>
    <NORD>16283</NORD>
    <SARD>1024</SARD>
    <SICI>2398</SICI>
    <SUD>2657</SUD>
  </marketintervaldetail>
  <marketintervaldetail>
    <Data>20170826</Data>
    <Mercato>MGP</Mercato>
    <Ora>18</Ora>
    <Totale>32296</Totale>
    <CNOR>3498</CNOR>
    <CSUD>5809</CSUD>
    <NORD>16636</NORD>
    <SARD>1067</SARD>
    <SICI>2471</SICI>
    <SUD>2815</SUD>
  </marketintervaldetail>
  <marketintervaldetail>
    <Data>20170826</Data>
    <Mercato>MGP</Mercato>
    <Ora>19</Ora>
    <Totale>33428</Totale>
    <CNOR>3585</CNOR>
    <CSUD>5961</CSUD>
    <NORD>17178</NORD>
    <SARD>1138</SARD>
    <SICI>2576</SICI>
    <SUD>2990</SUD>
  </marketintervaldetail>
  <marketintervaldetail>
    <Data>20170826</Data>
    <Mercato>MGP</Mercato>
    <Ora>20</Ora>
    <Totale>34314</Totale>
    <CNOR>3599</CNOR>
    <CSUD>5860</CSUD>
    <NORD>17719</NORD>
    <SARD>1227</SARD>
    <SICI>2718</SICI>
    <SUD>3191</SUD>
  </marketintervaldetail>
  <marketintervaldetail>
    <Data>20170826</Data>
    <Mercato>MGP</Mercato>
    <Ora>21</Ora>
    <Totale>35622</Totale>
    <CNOR>3675</CNOR>
    <CSUD>6196</CSUD>
    <NORD>17667</NORD>
    <SARD>1338</SARD>
    <SICI>2962</SICI>
    <SUD>3784</SUD>
  </marketintervaldetail>
  <marketintervaldetail>
    <Data>20170826</Data>
    <Mercato>MGP</Mercato>
    <Ora>22</Ora>
    <Totale>34392</Totale>
    <CNOR>3485</CNOR>
    <CSUD>5889</CSUD>
    <NORD>17314</NORD>
    <SARD>1359</SARD>
    <SICI>2807</SICI>
    <SUD>3538</SUD>
  </marketintervaldetail>
  <marketintervaldetail>
    <Data>20170826</Data>
    <Mercato>MGP</Mercato>
    <Ora>23</Ora>
    <Totale>31808</Totale>
    <CNOR>3307</CNOR>
    <CSUD>5448</CSUD>
    <NORD>16014</NORD>
    <SARD>1250</SARD>
    <SICI>2561</SICI>
    <SUD>3228</SUD>
  </marketintervaldetail>
  <marketintervaldetail>
    <Data>20170826</Data>
    <Mercato>MGP</Mercato>
    <Ora>24</Ora>
    <Totale>29510</Totale>
    <CNOR>3015</CNOR>
    <CSUD>5104</CSUD>
    <NORD>14853</NORD>
    <SARD>1161</SARD>
    <SICI>2407</SICI>
    <SUD>2970</SUD>
  </marketintervaldetail>
</NewDataSet>