<?xml version="1.0" standalone="yes"?>
<NewDataSet>
  <xs:schema id="NewDataSet" xmlns="" xmlns:xs="http://www.w3.org/2001/XMLSchema" xmlns:msdata="urn:schemas-microsoft-com:xml-msdata">
    <xs:element name="NewDataSet" msdata:IsDataSet="true" msdata:MainDataTable="marketintervaldetail" msdata:UseCurrentLocale="true">
      <xs:complexType>
        <xs:choice minOccurs="0" maxOccurs="unbounded">
          <xs:element name="marketintervaldetail">
            <xs:complexType>
              <xs:sequence>
                <xs:element name="Data" type="xs:string" minOccurs="0" />
                <xs:element name="Mercato" type="xs:string" minOccurs="0" />
                <xs:element name="Ora" type="xs:string" minOccurs="0" />
                <xs:element name="Totale" type="xs:string" minOccurs="0" />
                <xs:element name="CNOR" type="xs:string" minOccurs="0" />
                <xs:element name="CSUD" type="xs:string" minOccurs="0" />
                <xs:element name="NORD" type="xs:string" minOccurs="0" />
                <xs:element name="SARD" type="xs:string" minOccurs="0" />
                <xs:element name="SICI" type="xs:string" minOccurs="0" />
                <xs:element name="SUD" type="xs:string" minOccurs="0" />
              </xs:sequence>
            </xs:complexType>
          </xs:element>
        </xs:choice>
      </xs:complexType>
    </xs:element>
  </xs:schema>
  <marketintervaldetail>
    <Data>20170807</Data>
    <Mercato>MGP</Mercato>
    <Ora>01</Ora>
    <Totale>32126</Totale>
    <CNOR>3488</CNOR>
    <CSUD>5477</CSUD>
    <NORD>16178</NORD>
    <SARD>1160</SARD>
    <SICI>2331</SICI>
    <SUD>3492</SUD>
  </marketintervaldetail>
  <marketintervaldetail>
    <Data>20170807</Data>
    <Mercato>MGP</Mercato>
    <Ora>02</Ora>
    <Totale>29957</Totale>
    <CNOR>3230</CNOR>
    <CSUD>5026</CSUD>
    <NORD>15010</NORD>
    <SARD>1108</SARD>
    <SICI>2163</SICI>
    <SUD>3420</SUD>
  </marketintervaldetail>
  <marketintervaldetail>
    <Data>20170807</Data>
    <Mercato>MGP</Mercato>
    <Ora>03</Ora>
    <Totale>28622</Totale>
    <CNOR>3121</CNOR>
    <CSUD>4756</CSUD>
    <NORD>14361</NORD>
    <SARD>1045</SARD>
    <SICI>2133</SICI>
    <SUD>3206</SUD>
  </marketintervaldetail>
  <marketintervaldetail>
    <Data>20170807</Data>
    <Mercato>MGP</Mercato>
    <Ora>04</Ora>
    <Totale>27749</Totale>
    <CNOR>3071</CNOR>
    <CSUD>4508</CSUD>
    <NORD>14012</NORD>
    <SARD>1016</SARD>
    <SICI>2053</SICI>
    <SUD>3089</SUD>
  </marketintervaldetail>
  <marketintervaldetail>
    <Data>20170807</Data>
    <Mercato>MGP</Mercato>
    <Ora>05</Ora>
    <Totale>27441</Totale>
    <CNOR>3059</CNOR>
    <CSUD>4472</CSUD>
    <NORD>13909</NORD>
    <SARD>999</SARD>
    <SICI>1950</SICI>
    <SUD>3052</SUD>
  </marketintervaldetail>
  <marketintervaldetail>
    <Data>20170807</Data>
    <Mercato>MGP</Mercato>
    <Ora>06</Ora>
    <Totale>28068</Totale>
    <CNOR>3087</CNOR>
    <CSUD>4582</CSUD>
    <NORD>14453</NORD>
    <SARD>1004</SARD>
    <SICI>1966</SICI>
    <SUD>2976</SUD>
  </marketintervaldetail>
  <marketintervaldetail>
    <Data>20170807</Data>
    <Mercato>MGP</Mercato>
    <Ora>07</Ora>
    <Totale>29293</Totale>
    <CNOR>3223</CNOR>
    <CSUD>4789</CSUD>
    <NORD>15383</NORD>
    <SARD>1008</SARD>
    <SICI>1916</SICI>
    <SUD>2974</SUD>
  </marketintervaldetail>
  <marketintervaldetail>
    <Data>20170807</Data>
    <Mercato>MGP</Mercato>
    <Ora>08</Ora>
    <Totale>32515</Totale>
    <CNOR>3572</CNOR>
    <CSUD>5303</CSUD>
    <NORD>17267</NORD>
    <SARD>1079</SARD>
    <SICI>2036</SICI>
    <SUD>3258</SUD>
  </marketintervaldetail>
  <marketintervaldetail>
    <Data>20170807</Data>
    <Mercato>MGP</Mercato>
    <Ora>09</Ora>
    <Totale>36523</Totale>
    <CNOR>4052</CNOR>
    <CSUD>6046</CSUD>
    <NORD>19275</NORD>
    <SARD>1191</SARD>
    <SICI>2375</SICI>
    <SUD>3584</SUD>
  </marketintervaldetail>
  <marketintervaldetail>
    <Data>20170807</Data>
    <Mercato>MGP</Mercato>
    <Ora>10</Ora>
    <Totale>39695</Totale>
    <CNOR>4411</CNOR>
    <CSUD>6749</CSUD>
    <NORD>20744</NORD>
    <SARD>1277</SARD>
    <SICI>2628</SICI>
    <SUD>3886</SUD>
  </marketintervaldetail>
  <marketintervaldetail>
    <Data>20170807</Data>
    <Mercato>MGP</Mercato>
    <Ora>11</Ora>
    <Totale>41636</Totale>
    <CNOR>4636</CNOR>
    <CSUD>7036</CSUD>
    <NORD>21728</NORD>
    <SARD>1376</SARD>
    <SICI>2737</SICI>
    <SUD>4123</SUD>
  </marketintervaldetail>
  <marketintervaldetail>
    <Data>20170807</Data>
    <Mercato>MGP</Mercato>
    <Ora>12</Ora>
    <Totale>42972</Totale>
    <CNOR>4754</CNOR>
    <CSUD>7285</CSUD>
    <NORD>22430</NORD>
    <SARD>1455</SARD>
    <SICI>2817</SICI>
    <SUD>4231</SUD>
  </marketintervaldetail>
  <marketintervaldetail>
    <Data>20170807</Data>
    <Mercato>MGP</Mercato>
    <Ora>13</Ora>
    <Totale>43874</Totale>
    <CNOR>4798</CNOR>
    <CSUD>7493</CSUD>
    <NORD>22784</NORD>
    <SARD>1473</SARD>
    <SICI>2889</SICI>
    <SUD>4437</SUD>
  </marketintervaldetail>
  <marketintervaldetail>
    <Data>20170807</Data>
    <Mercato>MGP</Mercato>
    <Ora>14</Ora>
    <Totale>44149</Totale>
    <CNOR>4814</CNOR>
    <CSUD>7634</CSUD>
    <NORD>22615</NORD>
    <SARD>1490</SARD>
    <SICI>2957</SICI>
    <SUD>4639</SUD>
  </marketintervaldetail>
  <marketintervaldetail>
    <Data>20170807</Data>
    <Mercato>MGP</Mercato>
    <Ora>15</Ora>
    <Totale>44733</Totale>
    <CNOR>4833</CNOR>
    <CSUD>7692</CSUD>
    <NORD>23088</NORD>
    <SARD>1490</SARD>
    <SICI>3018</SICI>
    <SUD>4612</SUD>
  </marketintervaldetail>
  <marketintervaldetail>
    <Data>20170807</Data>
    <Mercato>MGP</Mercato>
    <Ora>16</Ora>
    <Totale>45076</Totale>
    <CNOR>4867</CNOR>
    <CSUD>7808</CSUD>
    <NORD>23376</NORD>
    <SARD>1458</SARD>
    <SICI>3015</SICI>
    <SUD>4552</SUD>
  </marketintervaldetail>
  <marketintervaldetail>
    <Data>20170807</Data>
    <Mercato>MGP</Mercato>
    <Ora>17</Ora>
    <Totale>45217</Totale>
    <CNOR>4939</CNOR>
    <CSUD>7803</CSUD>
    <NORD>23517</NORD>
    <SARD>1458</SARD>
    <SICI>3051</SICI>
    <SUD>4449</SUD>
  </marketintervaldetail>
  <marketintervaldetail>
    <Data>20170807</Data>
    <Mercato>MGP</Mercato>
    <Ora>18</Ora>
    <Totale>44757</Totale>
    <CNOR>4948</CNOR>
    <CSUD>7668</CSUD>
    <NORD>23087</NORD>
    <SARD>1490</SARD>
    <SICI>3092</SICI>
    <SUD>4472</SUD>
  </marketintervaldetail>
  <marketintervaldetail>
    <Data>20170807</Data>
    <Mercato>MGP</Mercato>
    <Ora>19</Ora>
    <Totale>44250</Totale>
    <CNOR>4809</CNOR>
    <CSUD>7428</CSUD>
    <NORD>22869</NORD>
    <SARD>1500</SARD>
    <SICI>3043</SICI>
    <SUD>4601</SUD>
  </marketintervaldetail>
  <marketintervaldetail>
    <Data>20170807</Data>
    <Mercato>MGP</Mercato>
    <Ora>20</Ora>
    <Totale>44223</Totale>
    <CNOR>4847</CNOR>
    <CSUD>7281</CSUD>
    <NORD>22958</NORD>
    <SARD>1511</SARD>
    <SICI>2979</SICI>
    <SUD>4647</SUD>
  </marketintervaldetail>
  <marketintervaldetail>
    <Data>20170807</Data>
    <Mercato>MGP</Mercato>
    <Ora>21</Ora>
    <Totale>44161</Totale>
    <CNOR>4678</CNOR>
    <CSUD>7141</CSUD>
    <NORD>22498</NORD>
    <SARD>1546</SARD>
    <SICI>3081</SICI>
    <SUD>5217</SUD>
  </marketintervaldetail>
  <marketintervaldetail>
    <Data>20170807</Data>
    <Mercato>MGP</Mercato>
    <Ora>22</Ora>
    <Totale>43846</Totale>
    <CNOR>4320</CNOR>
    <CSUD>6775</CSUD>
    <NORD>22585</NORD>
    <SARD>1544</SARD>
    <SICI>3175</SICI>
    <SUD>5447</SUD>
  </marketintervaldetail>
  <marketintervaldetail>
    <Data>20170807</Data>
    <Mercato>MGP</Mercato>
    <Ora>23</Ora>
    <Totale>41527</Totale>
    <CNOR>3991</CNOR>
    <CSUD>6353</CSUD>
    <NORD>21586</NORD>
    <SARD>1472</SARD>
    <SICI>3121</SICI>
    <SUD>5004</SUD>
  </marketintervaldetail>
  <marketintervaldetail>
    <Data>20170807</Data>
    <Mercato>MGP</Mercato>
    <Ora>24</Ora>
    <Totale>37827</Totale>
    <CNOR>3646</CNOR>
    <CSUD>5835</CSUD>
    <NORD>19452</NORD>
    <SARD>1369</SARD>
    <SICI>2877</SICI>
    <SUD>4648</SUD>
  </marketintervaldetail>
</NewDataSet>