<?xml version="1.0" standalone="yes"?>
<NewDataSet>
  <xs:schema id="NewDataSet" xmlns="" xmlns:xs="http://www.w3.org/2001/XMLSchema" xmlns:msdata="urn:schemas-microsoft-com:xml-msdata">
    <xs:element name="NewDataSet" msdata:IsDataSet="true" msdata:MainDataTable="marketintervaldetail" msdata:UseCurrentLocale="true">
      <xs:complexType>
        <xs:choice minOccurs="0" maxOccurs="unbounded">
          <xs:element name="marketintervaldetail">
            <xs:complexType>
              <xs:sequence>
                <xs:element name="Data" type="xs:string" minOccurs="0" />
                <xs:element name="Mercato" type="xs:string" minOccurs="0" />
                <xs:element name="Ora" type="xs:string" minOccurs="0" />
                <xs:element name="Totale" type="xs:string" minOccurs="0" />
                <xs:element name="CNOR" type="xs:string" minOccurs="0" />
                <xs:element name="CSUD" type="xs:string" minOccurs="0" />
                <xs:element name="NORD" type="xs:string" minOccurs="0" />
                <xs:element name="SARD" type="xs:string" minOccurs="0" />
                <xs:element name="SICI" type="xs:string" minOccurs="0" />
                <xs:element name="SUD" type="xs:string" minOccurs="0" />
              </xs:sequence>
            </xs:complexType>
          </xs:element>
        </xs:choice>
      </xs:complexType>
    </xs:element>
  </xs:schema>
  <marketintervaldetail>
    <Data>20170824</Data>
    <Mercato>MGP</Mercato>
    <Ora>01</Ora>
    <Totale>27496</Totale>
    <CNOR>2921</CNOR>
    <CSUD>4776</CSUD>
    <NORD>13858</NORD>
    <SARD>1028</SARD>
    <SICI>2156</SICI>
    <SUD>2757</SUD>
  </marketintervaldetail>
  <marketintervaldetail>
    <Data>20170824</Data>
    <Mercato>MGP</Mercato>
    <Ora>02</Ora>
    <Totale>25971</Totale>
    <CNOR>2774</CNOR>
    <CSUD>4396</CSUD>
    <NORD>13189</NORD>
    <SARD>962</SARD>
    <SICI>2041</SICI>
    <SUD>2609</SUD>
  </marketintervaldetail>
  <marketintervaldetail>
    <Data>20170824</Data>
    <Mercato>MGP</Mercato>
    <Ora>03</Ora>
    <Totale>25028</Totale>
    <CNOR>2680</CNOR>
    <CSUD>4230</CSUD>
    <NORD>12811</NORD>
    <SARD>927</SARD>
    <SICI>1907</SICI>
    <SUD>2473</SUD>
  </marketintervaldetail>
  <marketintervaldetail>
    <Data>20170824</Data>
    <Mercato>MGP</Mercato>
    <Ora>04</Ora>
    <Totale>24403</Totale>
    <CNOR>2599</CNOR>
    <CSUD>4078</CSUD>
    <NORD>12599</NORD>
    <SARD>895</SARD>
    <SICI>1852</SICI>
    <SUD>2380</SUD>
  </marketintervaldetail>
  <marketintervaldetail>
    <Data>20170824</Data>
    <Mercato>MGP</Mercato>
    <Ora>05</Ora>
    <Totale>24235</Totale>
    <CNOR>2596</CNOR>
    <CSUD>4097</CSUD>
    <NORD>12504</NORD>
    <SARD>891</SARD>
    <SICI>1816</SICI>
    <SUD>2331</SUD>
  </marketintervaldetail>
  <marketintervaldetail>
    <Data>20170824</Data>
    <Mercato>MGP</Mercato>
    <Ora>06</Ora>
    <Totale>25240</Totale>
    <CNOR>2697</CNOR>
    <CSUD>4211</CSUD>
    <NORD>13197</NORD>
    <SARD>898</SARD>
    <SICI>1840</SICI>
    <SUD>2397</SUD>
  </marketintervaldetail>
  <marketintervaldetail>
    <Data>20170824</Data>
    <Mercato>MGP</Mercato>
    <Ora>07</Ora>
    <Totale>26882</Totale>
    <CNOR>2937</CNOR>
    <CSUD>4414</CSUD>
    <NORD>14317</NORD>
    <SARD>918</SARD>
    <SICI>1865</SICI>
    <SUD>2431</SUD>
  </marketintervaldetail>
  <marketintervaldetail>
    <Data>20170824</Data>
    <Mercato>MGP</Mercato>
    <Ora>08</Ora>
    <Totale>29159</Totale>
    <CNOR>3188</CNOR>
    <CSUD>4809</CSUD>
    <NORD>15651</NORD>
    <SARD>953</SARD>
    <SICI>1953</SICI>
    <SUD>2605</SUD>
  </marketintervaldetail>
  <marketintervaldetail>
    <Data>20170824</Data>
    <Mercato>MGP</Mercato>
    <Ora>09</Ora>
    <Totale>32884</Totale>
    <CNOR>3634</CNOR>
    <CSUD>5460</CSUD>
    <NORD>17692</NORD>
    <SARD>1030</SARD>
    <SICI>2196</SICI>
    <SUD>2872</SUD>
  </marketintervaldetail>
  <marketintervaldetail>
    <Data>20170824</Data>
    <Mercato>MGP</Mercato>
    <Ora>10</Ora>
    <Totale>34909</Totale>
    <CNOR>3808</CNOR>
    <CSUD>5873</CSUD>
    <NORD>18762</NORD>
    <SARD>1058</SARD>
    <SICI>2383</SICI>
    <SUD>3025</SUD>
  </marketintervaldetail>
  <marketintervaldetail>
    <Data>20170824</Data>
    <Mercato>MGP</Mercato>
    <Ora>11</Ora>
    <Totale>35589</Totale>
    <CNOR>3863</CNOR>
    <CSUD>6072</CSUD>
    <NORD>19125</NORD>
    <SARD>1071</SARD>
    <SICI>2401</SICI>
    <SUD>3057</SUD>
  </marketintervaldetail>
  <marketintervaldetail>
    <Data>20170824</Data>
    <Mercato>MGP</Mercato>
    <Ora>12</Ora>
    <Totale>35831</Totale>
    <CNOR>3947</CNOR>
    <CSUD>6075</CSUD>
    <NORD>19234</NORD>
    <SARD>1066</SARD>
    <SICI>2419</SICI>
    <SUD>3090</SUD>
  </marketintervaldetail>
  <marketintervaldetail>
    <Data>20170824</Data>
    <Mercato>MGP</Mercato>
    <Ora>13</Ora>
    <Totale>35419</Totale>
    <CNOR>3838</CNOR>
    <CSUD>6248</CSUD>
    <NORD>18710</NORD>
    <SARD>1078</SARD>
    <SICI>2413</SICI>
    <SUD>3132</SUD>
  </marketintervaldetail>
  <marketintervaldetail>
    <Data>20170824</Data>
    <Mercato>MGP</Mercato>
    <Ora>14</Ora>
    <Totale>34812</Totale>
    <CNOR>3693</CNOR>
    <CSUD>6233</CSUD>
    <NORD>18385</NORD>
    <SARD>1046</SARD>
    <SICI>2359</SICI>
    <SUD>3096</SUD>
  </marketintervaldetail>
  <marketintervaldetail>
    <Data>20170824</Data>
    <Mercato>MGP</Mercato>
    <Ora>15</Ora>
    <Totale>35226</Totale>
    <CNOR>3728</CNOR>
    <CSUD>6219</CSUD>
    <NORD>18778</NORD>
    <SARD>1033</SARD>
    <SICI>2369</SICI>
    <SUD>3099</SUD>
  </marketintervaldetail>
  <marketintervaldetail>
    <Data>20170824</Data>
    <Mercato>MGP</Mercato>
    <Ora>16</Ora>
    <Totale>35821</Totale>
    <CNOR>3753</CNOR>
    <CSUD>6373</CSUD>
    <NORD>19175</NORD>
    <SARD>1035</SARD>
    <SICI>2385</SICI>
    <SUD>3100</SUD>
  </marketintervaldetail>
  <marketintervaldetail>
    <Data>20170824</Data>
    <Mercato>MGP</Mercato>
    <Ora>17</Ora>
    <Totale>35923</Totale>
    <CNOR>3830</CNOR>
    <CSUD>6435</CSUD>
    <NORD>19168</NORD>
    <SARD>1063</SARD>
    <SICI>2434</SICI>
    <SUD>2993</SUD>
  </marketintervaldetail>
  <marketintervaldetail>
    <Data>20170824</Data>
    <Mercato>MGP</Mercato>
    <Ora>18</Ora>
    <Totale>35999</Totale>
    <CNOR>3884</CNOR>
    <CSUD>6433</CSUD>
    <NORD>18933</NORD>
    <SARD>1110</SARD>
    <SICI>2525</SICI>
    <SUD>3114</SUD>
  </marketintervaldetail>
  <marketintervaldetail>
    <Data>20170824</Data>
    <Mercato>MGP</Mercato>
    <Ora>19</Ora>
    <Totale>35926</Totale>
    <CNOR>3864</CNOR>
    <CSUD>6290</CSUD>
    <NORD>18866</NORD>
    <SARD>1166</SARD>
    <SICI>2530</SICI>
    <SUD>3210</SUD>
  </marketintervaldetail>
  <marketintervaldetail>
    <Data>20170824</Data>
    <Mercato>MGP</Mercato>
    <Ora>20</Ora>
    <Totale>36175</Totale>
    <CNOR>3856</CNOR>
    <CSUD>6200</CSUD>
    <NORD>18904</NORD>
    <SARD>1236</SARD>
    <SICI>2596</SICI>
    <SUD>3383</SUD>
  </marketintervaldetail>
  <marketintervaldetail>
    <Data>20170824</Data>
    <Mercato>MGP</Mercato>
    <Ora>21</Ora>
    <Totale>37199</Totale>
    <CNOR>3855</CNOR>
    <CSUD>6390</CSUD>
    <NORD>19145</NORD>
    <SARD>1309</SARD>
    <SICI>2771</SICI>
    <SUD>3729</SUD>
  </marketintervaldetail>
  <marketintervaldetail>
    <Data>20170824</Data>
    <Mercato>MGP</Mercato>
    <Ora>22</Ora>
    <Totale>35834</Totale>
    <CNOR>3749</CNOR>
    <CSUD>6092</CSUD>
    <NORD>18564</NORD>
    <SARD>1277</SARD>
    <SICI>2608</SICI>
    <SUD>3544</SUD>
  </marketintervaldetail>
  <marketintervaldetail>
    <Data>20170824</Data>
    <Mercato>MGP</Mercato>
    <Ora>23</Ora>
    <Totale>32879</Totale>
    <CNOR>3438</CNOR>
    <CSUD>5628</CSUD>
    <NORD>16964</NORD>
    <SARD>1180</SARD>
    <SICI>2439</SICI>
    <SUD>3230</SUD>
  </marketintervaldetail>
  <marketintervaldetail>
    <Data>20170824</Data>
    <Mercato>MGP</Mercato>
    <Ora>24</Ora>
    <Totale>30182</Totale>
    <CNOR>3205</CNOR>
    <CSUD>5142</CSUD>
    <NORD>15503</NORD>
    <SARD>1096</SARD>
    <SICI>2278</SICI>
    <SUD>2958</SUD>
  </marketintervaldetail>
</NewDataSet>