<?xml version="1.0" standalone="yes"?>
<NewDataSet>
  <xs:schema id="NewDataSet" xmlns="" xmlns:xs="http://www.w3.org/2001/XMLSchema" xmlns:msdata="urn:schemas-microsoft-com:xml-msdata">
    <xs:element name="NewDataSet" msdata:IsDataSet="true" msdata:MainDataTable="marketintervaldetail" msdata:UseCurrentLocale="true">
      <xs:complexType>
        <xs:choice minOccurs="0" maxOccurs="unbounded">
          <xs:element name="marketintervaldetail">
            <xs:complexType>
              <xs:sequence>
                <xs:element name="Data" type="xs:string" minOccurs="0" />
                <xs:element name="Mercato" type="xs:string" minOccurs="0" />
                <xs:element name="Ora" type="xs:string" minOccurs="0" />
                <xs:element name="Totale" type="xs:string" minOccurs="0" />
                <xs:element name="CNOR" type="xs:string" minOccurs="0" />
                <xs:element name="CSUD" type="xs:string" minOccurs="0" />
                <xs:element name="NORD" type="xs:string" minOccurs="0" />
                <xs:element name="SARD" type="xs:string" minOccurs="0" />
                <xs:element name="SICI" type="xs:string" minOccurs="0" />
                <xs:element name="SUD" type="xs:string" minOccurs="0" />
              </xs:sequence>
            </xs:complexType>
          </xs:element>
        </xs:choice>
      </xs:complexType>
    </xs:element>
  </xs:schema>
  <marketintervaldetail>
    <Data>20170806</Data>
    <Mercato>MGP</Mercato>
    <Ora>01</Ora>
    <Totale>32320</Totale>
    <CNOR>3356</CNOR>
    <CSUD>5353</CSUD>
    <NORD>16793</NORD>
    <SARD>1154</SARD>
    <SICI>2358</SICI>
    <SUD>3306</SUD>
  </marketintervaldetail>
  <marketintervaldetail>
    <Data>20170806</Data>
    <Mercato>MGP</Mercato>
    <Ora>02</Ora>
    <Totale>30297</Totale>
    <CNOR>3122</CNOR>
    <CSUD>4985</CSUD>
    <NORD>15762</NORD>
    <SARD>1079</SARD>
    <SICI>2247</SICI>
    <SUD>3102</SUD>
  </marketintervaldetail>
  <marketintervaldetail>
    <Data>20170806</Data>
    <Mercato>MGP</Mercato>
    <Ora>03</Ora>
    <Totale>28712</Totale>
    <CNOR>3017</CNOR>
    <CSUD>4653</CSUD>
    <NORD>14919</NORD>
    <SARD>1017</SARD>
    <SICI>2175</SICI>
    <SUD>2931</SUD>
  </marketintervaldetail>
  <marketintervaldetail>
    <Data>20170806</Data>
    <Mercato>MGP</Mercato>
    <Ora>04</Ora>
    <Totale>27667</Totale>
    <CNOR>2909</CNOR>
    <CSUD>4482</CSUD>
    <NORD>14386</NORD>
    <SARD>974</SARD>
    <SICI>2058</SICI>
    <SUD>2858</SUD>
  </marketintervaldetail>
  <marketintervaldetail>
    <Data>20170806</Data>
    <Mercato>MGP</Mercato>
    <Ora>05</Ora>
    <Totale>26945</Totale>
    <CNOR>2837</CNOR>
    <CSUD>4373</CSUD>
    <NORD>14068</NORD>
    <SARD>949</SARD>
    <SICI>1981</SICI>
    <SUD>2737</SUD>
  </marketintervaldetail>
  <marketintervaldetail>
    <Data>20170806</Data>
    <Mercato>MGP</Mercato>
    <Ora>06</Ora>
    <Totale>26678</Totale>
    <CNOR>2832</CNOR>
    <CSUD>4274</CSUD>
    <NORD>13989</NORD>
    <SARD>935</SARD>
    <SICI>1909</SICI>
    <SUD>2739</SUD>
  </marketintervaldetail>
  <marketintervaldetail>
    <Data>20170806</Data>
    <Mercato>MGP</Mercato>
    <Ora>07</Ora>
    <Totale>25517</Totale>
    <CNOR>2728</CNOR>
    <CSUD>4178</CSUD>
    <NORD>13333</NORD>
    <SARD>927</SARD>
    <SICI>1788</SICI>
    <SUD>2563</SUD>
  </marketintervaldetail>
  <marketintervaldetail>
    <Data>20170806</Data>
    <Mercato>MGP</Mercato>
    <Ora>08</Ora>
    <Totale>25864</Totale>
    <CNOR>2757</CNOR>
    <CSUD>4324</CSUD>
    <NORD>13358</NORD>
    <SARD>950</SARD>
    <SICI>1859</SICI>
    <SUD>2616</SUD>
  </marketintervaldetail>
  <marketintervaldetail>
    <Data>20170806</Data>
    <Mercato>MGP</Mercato>
    <Ora>09</Ora>
    <Totale>27560</Totale>
    <CNOR>2925</CNOR>
    <CSUD>4640</CSUD>
    <NORD>14059</NORD>
    <SARD>1028</SARD>
    <SICI>2052</SICI>
    <SUD>2856</SUD>
  </marketintervaldetail>
  <marketintervaldetail>
    <Data>20170806</Data>
    <Mercato>MGP</Mercato>
    <Ora>10</Ora>
    <Totale>29603</Totale>
    <CNOR>3147</CNOR>
    <CSUD>5040</CSUD>
    <NORD>14966</NORD>
    <SARD>1086</SARD>
    <SICI>2209</SICI>
    <SUD>3155</SUD>
  </marketintervaldetail>
  <marketintervaldetail>
    <Data>20170806</Data>
    <Mercato>MGP</Mercato>
    <Ora>11</Ora>
    <Totale>31047</Totale>
    <CNOR>3249</CNOR>
    <CSUD>5318</CSUD>
    <NORD>15773</NORD>
    <SARD>1135</SARD>
    <SICI>2291</SICI>
    <SUD>3281</SUD>
  </marketintervaldetail>
  <marketintervaldetail>
    <Data>20170806</Data>
    <Mercato>MGP</Mercato>
    <Ora>12</Ora>
    <Totale>32151</Totale>
    <CNOR>3356</CNOR>
    <CSUD>5547</CSUD>
    <NORD>16398</NORD>
    <SARD>1175</SARD>
    <SICI>2350</SICI>
    <SUD>3325</SUD>
  </marketintervaldetail>
  <marketintervaldetail>
    <Data>20170806</Data>
    <Mercato>MGP</Mercato>
    <Ora>13</Ora>
    <Totale>33311</Totale>
    <CNOR>3434</CNOR>
    <CSUD>5828</CSUD>
    <NORD>16908</NORD>
    <SARD>1184</SARD>
    <SICI>2439</SICI>
    <SUD>3518</SUD>
  </marketintervaldetail>
  <marketintervaldetail>
    <Data>20170806</Data>
    <Mercato>MGP</Mercato>
    <Ora>14</Ora>
    <Totale>33383</Totale>
    <CNOR>3470</CNOR>
    <CSUD>5970</CSUD>
    <NORD>16728</NORD>
    <SARD>1181</SARD>
    <SICI>2476</SICI>
    <SUD>3558</SUD>
  </marketintervaldetail>
  <marketintervaldetail>
    <Data>20170806</Data>
    <Mercato>MGP</Mercato>
    <Ora>15</Ora>
    <Totale>33050</Totale>
    <CNOR>3481</CNOR>
    <CSUD>5860</CSUD>
    <NORD>16552</NORD>
    <SARD>1154</SARD>
    <SICI>2503</SICI>
    <SUD>3500</SUD>
  </marketintervaldetail>
  <marketintervaldetail>
    <Data>20170806</Data>
    <Mercato>MGP</Mercato>
    <Ora>16</Ora>
    <Totale>32850</Totale>
    <CNOR>3458</CNOR>
    <CSUD>5787</CSUD>
    <NORD>16498</NORD>
    <SARD>1166</SARD>
    <SICI>2507</SICI>
    <SUD>3434</SUD>
  </marketintervaldetail>
  <marketintervaldetail>
    <Data>20170806</Data>
    <Mercato>MGP</Mercato>
    <Ora>17</Ora>
    <Totale>32824</Totale>
    <CNOR>3469</CNOR>
    <CSUD>5729</CSUD>
    <NORD>16562</NORD>
    <SARD>1159</SARD>
    <SICI>2506</SICI>
    <SUD>3399</SUD>
  </marketintervaldetail>
  <marketintervaldetail>
    <Data>20170806</Data>
    <Mercato>MGP</Mercato>
    <Ora>18</Ora>
    <Totale>33429</Totale>
    <CNOR>3464</CNOR>
    <CSUD>5791</CSUD>
    <NORD>17060</NORD>
    <SARD>1168</SARD>
    <SICI>2542</SICI>
    <SUD>3404</SUD>
  </marketintervaldetail>
  <marketintervaldetail>
    <Data>20170806</Data>
    <Mercato>MGP</Mercato>
    <Ora>19</Ora>
    <Totale>34468</Totale>
    <CNOR>3645</CNOR>
    <CSUD>5836</CSUD>
    <NORD>17746</NORD>
    <SARD>1223</SARD>
    <SICI>2537</SICI>
    <SUD>3481</SUD>
  </marketintervaldetail>
  <marketintervaldetail>
    <Data>20170806</Data>
    <Mercato>MGP</Mercato>
    <Ora>20</Ora>
    <Totale>36020</Totale>
    <CNOR>3868</CNOR>
    <CSUD>5959</CSUD>
    <NORD>18641</NORD>
    <SARD>1286</SARD>
    <SICI>2581</SICI>
    <SUD>3685</SUD>
  </marketintervaldetail>
  <marketintervaldetail>
    <Data>20170806</Data>
    <Mercato>MGP</Mercato>
    <Ora>21</Ora>
    <Totale>37745</Totale>
    <CNOR>4037</CNOR>
    <CSUD>6275</CSUD>
    <NORD>19256</NORD>
    <SARD>1359</SARD>
    <SICI>2793</SICI>
    <SUD>4025</SUD>
  </marketintervaldetail>
  <marketintervaldetail>
    <Data>20170806</Data>
    <Mercato>MGP</Mercato>
    <Ora>22</Ora>
    <Totale>38988</Totale>
    <CNOR>4177</CNOR>
    <CSUD>6425</CSUD>
    <NORD>19996</NORD>
    <SARD>1402</SARD>
    <SICI>2877</SICI>
    <SUD>4111</SUD>
  </marketintervaldetail>
  <marketintervaldetail>
    <Data>20170806</Data>
    <Mercato>MGP</Mercato>
    <Ora>23</Ora>
    <Totale>37416</Totale>
    <CNOR>3980</CNOR>
    <CSUD>6129</CSUD>
    <NORD>19379</NORD>
    <SARD>1327</SARD>
    <SICI>2748</SICI>
    <SUD>3853</SUD>
  </marketintervaldetail>
  <marketintervaldetail>
    <Data>20170806</Data>
    <Mercato>MGP</Mercato>
    <Ora>24</Ora>
    <Totale>34696</Totale>
    <CNOR>3697</CNOR>
    <CSUD>5745</CSUD>
    <NORD>17767</NORD>
    <SARD>1248</SARD>
    <SICI>2559</SICI>
    <SUD>3680</SUD>
  </marketintervaldetail>
</NewDataSet>