<?xml version="1.0" standalone="yes"?>
<NewDataSet>
  <xs:schema id="NewDataSet" xmlns="" xmlns:xs="http://www.w3.org/2001/XMLSchema" xmlns:msdata="urn:schemas-microsoft-com:xml-msdata">
    <xs:element name="NewDataSet" msdata:IsDataSet="true" msdata:MainDataTable="marketintervaldetail" msdata:UseCurrentLocale="true">
      <xs:complexType>
        <xs:choice minOccurs="0" maxOccurs="unbounded">
          <xs:element name="marketintervaldetail">
            <xs:complexType>
              <xs:sequence>
                <xs:element name="Data" type="xs:string" minOccurs="0" />
                <xs:element name="Mercato" type="xs:string" minOccurs="0" />
                <xs:element name="Ora" type="xs:string" minOccurs="0" />
                <xs:element name="Totale" type="xs:string" minOccurs="0" />
                <xs:element name="CNOR" type="xs:string" minOccurs="0" />
                <xs:element name="CSUD" type="xs:string" minOccurs="0" />
                <xs:element name="NORD" type="xs:string" minOccurs="0" />
                <xs:element name="SARD" type="xs:string" minOccurs="0" />
                <xs:element name="SICI" type="xs:string" minOccurs="0" />
                <xs:element name="SUD" type="xs:string" minOccurs="0" />
              </xs:sequence>
            </xs:complexType>
          </xs:element>
        </xs:choice>
      </xs:complexType>
    </xs:element>
  </xs:schema>
  <marketintervaldetail>
    <Data>20170804</Data>
    <Mercato>MGP</Mercato>
    <Ora>01</Ora>
    <Totale>36633</Totale>
    <CNOR>4022</CNOR>
    <CSUD>5764</CSUD>
    <NORD>19683</NORD>
    <SARD>1191</SARD>
    <SICI>2437</SICI>
    <SUD>3536</SUD>
  </marketintervaldetail>
  <marketintervaldetail>
    <Data>20170804</Data>
    <Mercato>MGP</Mercato>
    <Ora>02</Ora>
    <Totale>33925</Totale>
    <CNOR>3799</CNOR>
    <CSUD>5315</CSUD>
    <NORD>18168</NORD>
    <SARD>1055</SARD>
    <SICI>2273</SICI>
    <SUD>3315</SUD>
  </marketintervaldetail>
  <marketintervaldetail>
    <Data>20170804</Data>
    <Mercato>MGP</Mercato>
    <Ora>03</Ora>
    <Totale>32351</Totale>
    <CNOR>3622</CNOR>
    <CSUD>5055</CSUD>
    <NORD>17391</NORD>
    <SARD>1002</SARD>
    <SICI>2136</SICI>
    <SUD>3145</SUD>
  </marketintervaldetail>
  <marketintervaldetail>
    <Data>20170804</Data>
    <Mercato>MGP</Mercato>
    <Ora>04</Ora>
    <Totale>31505</Totale>
    <CNOR>3559</CNOR>
    <CSUD>4915</CSUD>
    <NORD>16944</NORD>
    <SARD>971</SARD>
    <SICI>2050</SICI>
    <SUD>3066</SUD>
  </marketintervaldetail>
  <marketintervaldetail>
    <Data>20170804</Data>
    <Mercato>MGP</Mercato>
    <Ora>05</Ora>
    <Totale>30996</Totale>
    <CNOR>3487</CNOR>
    <CSUD>4816</CSUD>
    <NORD>16735</NORD>
    <SARD>951</SARD>
    <SICI>2000</SICI>
    <SUD>3007</SUD>
  </marketintervaldetail>
  <marketintervaldetail>
    <Data>20170804</Data>
    <Mercato>MGP</Mercato>
    <Ora>06</Ora>
    <Totale>31857</Totale>
    <CNOR>3648</CNOR>
    <CSUD>4863</CSUD>
    <NORD>17352</NORD>
    <SARD>962</SARD>
    <SICI>1991</SICI>
    <SUD>3041</SUD>
  </marketintervaldetail>
  <marketintervaldetail>
    <Data>20170804</Data>
    <Mercato>MGP</Mercato>
    <Ora>07</Ora>
    <Totale>33451</Totale>
    <CNOR>3857</CNOR>
    <CSUD>5071</CSUD>
    <NORD>18530</NORD>
    <SARD>990</SARD>
    <SICI>1979</SICI>
    <SUD>3024</SUD>
  </marketintervaldetail>
  <marketintervaldetail>
    <Data>20170804</Data>
    <Mercato>MGP</Mercato>
    <Ora>08</Ora>
    <Totale>37167</Totale>
    <CNOR>4255</CNOR>
    <CSUD>5644</CSUD>
    <NORD>20687</NORD>
    <SARD>1061</SARD>
    <SICI>2184</SICI>
    <SUD>3336</SUD>
  </marketintervaldetail>
  <marketintervaldetail>
    <Data>20170804</Data>
    <Mercato>MGP</Mercato>
    <Ora>09</Ora>
    <Totale>41951</Totale>
    <CNOR>4771</CNOR>
    <CSUD>6394</CSUD>
    <NORD>23327</NORD>
    <SARD>1163</SARD>
    <SICI>2499</SICI>
    <SUD>3797</SUD>
  </marketintervaldetail>
  <marketintervaldetail>
    <Data>20170804</Data>
    <Mercato>MGP</Mercato>
    <Ora>10</Ora>
    <Totale>45419</Totale>
    <CNOR>5162</CNOR>
    <CSUD>7012</CSUD>
    <NORD>25152</NORD>
    <SARD>1265</SARD>
    <SICI>2738</SICI>
    <SUD>4090</SUD>
  </marketintervaldetail>
  <marketintervaldetail>
    <Data>20170804</Data>
    <Mercato>MGP</Mercato>
    <Ora>11</Ora>
    <Totale>47123</Totale>
    <CNOR>5317</CNOR>
    <CSUD>7372</CSUD>
    <NORD>26004</NORD>
    <SARD>1319</SARD>
    <SICI>2831</SICI>
    <SUD>4280</SUD>
  </marketintervaldetail>
  <marketintervaldetail>
    <Data>20170804</Data>
    <Mercato>MGP</Mercato>
    <Ora>12</Ora>
    <Totale>48233</Totale>
    <CNOR>5368</CNOR>
    <CSUD>7633</CSUD>
    <NORD>26654</NORD>
    <SARD>1327</SARD>
    <SICI>2871</SICI>
    <SUD>4380</SUD>
  </marketintervaldetail>
  <marketintervaldetail>
    <Data>20170804</Data>
    <Mercato>MGP</Mercato>
    <Ora>13</Ora>
    <Totale>48043</Totale>
    <CNOR>5302</CNOR>
    <CSUD>7885</CSUD>
    <NORD>26198</NORD>
    <SARD>1281</SARD>
    <SICI>2920</SICI>
    <SUD>4457</SUD>
  </marketintervaldetail>
  <marketintervaldetail>
    <Data>20170804</Data>
    <Mercato>MGP</Mercato>
    <Ora>14</Ora>
    <Totale>47954</Totale>
    <CNOR>5227</CNOR>
    <CSUD>7922</CSUD>
    <NORD>26167</NORD>
    <SARD>1291</SARD>
    <SICI>2896</SICI>
    <SUD>4451</SUD>
  </marketintervaldetail>
  <marketintervaldetail>
    <Data>20170804</Data>
    <Mercato>MGP</Mercato>
    <Ora>15</Ora>
    <Totale>48153</Totale>
    <CNOR>5380</CNOR>
    <CSUD>7827</CSUD>
    <NORD>26448</NORD>
    <SARD>1282</SARD>
    <SICI>2940</SICI>
    <SUD>4276</SUD>
  </marketintervaldetail>
  <marketintervaldetail>
    <Data>20170804</Data>
    <Mercato>MGP</Mercato>
    <Ora>16</Ora>
    <Totale>48492</Totale>
    <CNOR>5470</CNOR>
    <CSUD>7823</CSUD>
    <NORD>26531</NORD>
    <SARD>1281</SARD>
    <SICI>2972</SICI>
    <SUD>4415</SUD>
  </marketintervaldetail>
  <marketintervaldetail>
    <Data>20170804</Data>
    <Mercato>MGP</Mercato>
    <Ora>17</Ora>
    <Totale>48604</Totale>
    <CNOR>5555</CNOR>
    <CSUD>7848</CSUD>
    <NORD>26609</NORD>
    <SARD>1293</SARD>
    <SICI>2990</SICI>
    <SUD>4309</SUD>
  </marketintervaldetail>
  <marketintervaldetail>
    <Data>20170804</Data>
    <Mercato>MGP</Mercato>
    <Ora>18</Ora>
    <Totale>48576</Totale>
    <CNOR>5538</CNOR>
    <CSUD>7916</CSUD>
    <NORD>26345</NORD>
    <SARD>1335</SARD>
    <SICI>3008</SICI>
    <SUD>4434</SUD>
  </marketintervaldetail>
  <marketintervaldetail>
    <Data>20170804</Data>
    <Mercato>MGP</Mercato>
    <Ora>19</Ora>
    <Totale>47891</Totale>
    <CNOR>5445</CNOR>
    <CSUD>7566</CSUD>
    <NORD>25970</NORD>
    <SARD>1371</SARD>
    <SICI>2985</SICI>
    <SUD>4554</SUD>
  </marketintervaldetail>
  <marketintervaldetail>
    <Data>20170804</Data>
    <Mercato>MGP</Mercato>
    <Ora>20</Ora>
    <Totale>47384</Totale>
    <CNOR>5286</CNOR>
    <CSUD>7355</CSUD>
    <NORD>25753</NORD>
    <SARD>1424</SARD>
    <SICI>2938</SICI>
    <SUD>4628</SUD>
  </marketintervaldetail>
  <marketintervaldetail>
    <Data>20170804</Data>
    <Mercato>MGP</Mercato>
    <Ora>21</Ora>
    <Totale>46924</Totale>
    <CNOR>5042</CNOR>
    <CSUD>7406</CSUD>
    <NORD>25141</NORD>
    <SARD>1443</SARD>
    <SICI>3021</SICI>
    <SUD>4871</SUD>
  </marketintervaldetail>
  <marketintervaldetail>
    <Data>20170804</Data>
    <Mercato>MGP</Mercato>
    <Ora>22</Ora>
    <Totale>46957</Totale>
    <CNOR>4988</CNOR>
    <CSUD>7261</CSUD>
    <NORD>25452</NORD>
    <SARD>1434</SARD>
    <SICI>3045</SICI>
    <SUD>4777</SUD>
  </marketintervaldetail>
  <marketintervaldetail>
    <Data>20170804</Data>
    <Mercato>MGP</Mercato>
    <Ora>23</Ora>
    <Totale>44374</Totale>
    <CNOR>4693</CNOR>
    <CSUD>6884</CSUD>
    <NORD>24205</NORD>
    <SARD>1352</SARD>
    <SICI>2858</SICI>
    <SUD>4382</SUD>
  </marketintervaldetail>
  <marketintervaldetail>
    <Data>20170804</Data>
    <Mercato>MGP</Mercato>
    <Ora>24</Ora>
    <Totale>41142</Totale>
    <CNOR>4391</CNOR>
    <CSUD>6346</CSUD>
    <NORD>22353</NORD>
    <SARD>1268</SARD>
    <SICI>2691</SICI>
    <SUD>4093</SUD>
  </marketintervaldetail>
</NewDataSet>