<?xml version="1.0" standalone="yes"?>
<NewDataSet>
  <xs:schema id="NewDataSet" xmlns="" xmlns:xs="http://www.w3.org/2001/XMLSchema" xmlns:msdata="urn:schemas-microsoft-com:xml-msdata">
    <xs:element name="NewDataSet" msdata:IsDataSet="true" msdata:UseCurrentLocale="true">
      <xs:complexType>
        <xs:choice minOccurs="0" maxOccurs="unbounded">
          <xs:element name="Fabbisogno">
            <xs:complexType>
              <xs:sequence>
                <xs:element name="Data" type="xs:string" minOccurs="0" />
                <xs:element name="Mercato" type="xs:string" minOccurs="0" />
                <xs:element name="Ora" type="xs:string" minOccurs="0" />
                <xs:element name="Italia" type="xs:string" minOccurs="0" />
                <xs:element name="CNOR" type="xs:string" minOccurs="0" />
                <xs:element name="CSUD" type="xs:string" minOccurs="0" />
                <xs:element name="NORD" type="xs:string" minOccurs="0" />
                <xs:element name="SARD" type="xs:string" minOccurs="0" />
                <xs:element name="SICI" type="xs:string" minOccurs="0" />
                <xs:element name="SUD" type="xs:string" minOccurs="0" />
              </xs:sequence>
            </xs:complexType>
          </xs:element>
        </xs:choice>
      </xs:complexType>
    </xs:element>
  </xs:schema>
  <Fabbisogno>
    <Data>20170207</Data>
    <Mercato>MGP</Mercato>
    <Ora>1</Ora>
    <Italia>27292,538</Italia>
    <CNOR>2946,293</CNOR>
    <CSUD>4199,057</CSUD>
    <NORD>15548,179</NORD>
    <SARD>807,675999999999</SARD>
    <SICI>1677,462</SICI>
    <SUD>2113,871</SUD>
  </Fabbisogno>
  <Fabbisogno>
    <Data>20170207</Data>
    <Mercato>MGP</Mercato>
    <Ora>2</Ora>
    <Italia>25658,533</Italia>
    <CNOR>2866,391</CNOR>
    <CSUD>3848,136</CSUD>
    <NORD>14728,035</NORD>
    <SARD>749,828</SARD>
    <SICI>1507,174</SICI>
    <SUD>1958,969</SUD>
  </Fabbisogno>
  <Fabbisogno>
    <Data>20170207</Data>
    <Mercato>MGP</Mercato>
    <Ora>3</Ora>
    <Italia>24992,189</Italia>
    <CNOR>2838,576</CNOR>
    <CSUD>3679,529</CSUD>
    <NORD>14430,648</NORD>
    <SARD>722,82</SARD>
    <SICI>1422,628</SICI>
    <SUD>1897,988</SUD>
  </Fabbisogno>
  <Fabbisogno>
    <Data>20170207</Data>
    <Mercato>MGP</Mercato>
    <Ora>4</Ora>
    <Italia>24656,065</Italia>
    <CNOR>2734,576</CNOR>
    <CSUD>3625,085</CSUD>
    <NORD>14312,726</NORD>
    <SARD>717,565</SARD>
    <SICI>1394,228</SICI>
    <SUD>1871,885</SUD>
  </Fabbisogno>
  <Fabbisogno>
    <Data>20170207</Data>
    <Mercato>MGP</Mercato>
    <Ora>5</Ora>
    <Italia>24890,191</Italia>
    <CNOR>2797,005</CNOR>
    <CSUD>3659,208</CSUD>
    <NORD>14426,542</NORD>
    <SARD>722,452</SARD>
    <SICI>1406,185</SICI>
    <SUD>1878,799</SUD>
  </Fabbisogno>
  <Fabbisogno>
    <Data>20170207</Data>
    <Mercato>MGP</Mercato>
    <Ora>6</Ora>
    <Italia>26716,534</Italia>
    <CNOR>2959,545</CNOR>
    <CSUD>3966,448</CSUD>
    <NORD>15463,531</NORD>
    <SARD>756,891</SARD>
    <SICI>1480,886</SICI>
    <SUD>2089,233</SUD>
  </Fabbisogno>
  <Fabbisogno>
    <Data>20170207</Data>
    <Mercato>MGP</Mercato>
    <Ora>7</Ora>
    <Italia>31845,84</Italia>
    <CNOR>3380,4</CNOR>
    <CSUD>4713,962</CSUD>
    <NORD>18808,363</NORD>
    <SARD>885,733</SARD>
    <SICI>1696,379</SICI>
    <SUD>2361,003</SUD>
  </Fabbisogno>
  <Fabbisogno>
    <Data>20170207</Data>
    <Mercato>MGP</Mercato>
    <Ora>8</Ora>
    <Italia>37700,078</Italia>
    <CNOR>4045,076</CNOR>
    <CSUD>5469,63</CSUD>
    <NORD>22316,875</NORD>
    <SARD>1070,795</SARD>
    <SICI>2064,741</SICI>
    <SUD>2732,961</SUD>
  </Fabbisogno>
  <Fabbisogno>
    <Data>20170207</Data>
    <Mercato>MGP</Mercato>
    <Ora>9</Ora>
    <Italia>42059,779</Italia>
    <CNOR>4602,423</CNOR>
    <CSUD>6024,092</CSUD>
    <NORD>25016,717</NORD>
    <SARD>1126,637</SARD>
    <SICI>2279,394</SICI>
    <SUD>3010,516</SUD>
  </Fabbisogno>
  <Fabbisogno>
    <Data>20170207</Data>
    <Mercato>MGP</Mercato>
    <Ora>10</Ora>
    <Italia>43575</Italia>
    <CNOR>4787,457</CNOR>
    <CSUD>6326,025</CSUD>
    <NORD>25964,272</NORD>
    <SARD>1121,815</SARD>
    <SICI>2346,523</SICI>
    <SUD>3028,908</SUD>
  </Fabbisogno>
  <Fabbisogno>
    <Data>20170207</Data>
    <Mercato>MGP</Mercato>
    <Ora>11</Ora>
    <Italia>42984,794</Italia>
    <CNOR>4653,948</CNOR>
    <CSUD>6224,483</CSUD>
    <NORD>25872,183</NORD>
    <SARD>1069,901</SARD>
    <SICI>2317,157</SICI>
    <SUD>2847,122</SUD>
  </Fabbisogno>
  <Fabbisogno>
    <Data>20170207</Data>
    <Mercato>MGP</Mercato>
    <Ora>12</Ora>
    <Italia>42468,326</Italia>
    <CNOR>4687,178</CNOR>
    <CSUD>6272,706</CSUD>
    <NORD>25451,964</NORD>
    <SARD>1040,655</SARD>
    <SICI>2241,399</SICI>
    <SUD>2774,424</SUD>
  </Fabbisogno>
  <Fabbisogno>
    <Data>20170207</Data>
    <Mercato>MGP</Mercato>
    <Ora>13</Ora>
    <Italia>40240,065</Italia>
    <CNOR>4296,556</CNOR>
    <CSUD>6096,248</CSUD>
    <NORD>23746,882</NORD>
    <SARD>1028,381</SARD>
    <SICI>2260,09</SICI>
    <SUD>2811,908</SUD>
  </Fabbisogno>
  <Fabbisogno>
    <Data>20170207</Data>
    <Mercato>MGP</Mercato>
    <Ora>14</Ora>
    <Italia>39528,968</Italia>
    <CNOR>4137,965</CNOR>
    <CSUD>5823,859</CSUD>
    <NORD>23693,454</NORD>
    <SARD>993,168</SARD>
    <SICI>2199,951</SICI>
    <SUD>2680,571</SUD>
  </Fabbisogno>
  <Fabbisogno>
    <Data>20170207</Data>
    <Mercato>MGP</Mercato>
    <Ora>15</Ora>
    <Italia>41057,326</Italia>
    <CNOR>4396,668</CNOR>
    <CSUD>5902,567</CSUD>
    <NORD>24917,893</NORD>
    <SARD>982,653999999999</SARD>
    <SICI>2205,872</SICI>
    <SUD>2651,672</SUD>
  </Fabbisogno>
  <Fabbisogno>
    <Data>20170207</Data>
    <Mercato>MGP</Mercato>
    <Ora>16</Ora>
    <Italia>41994,653</Italia>
    <CNOR>4583,842</CNOR>
    <CSUD>6030,497</CSUD>
    <NORD>25359,057</NORD>
    <SARD>1016,627</SARD>
    <SICI>2218,547</SICI>
    <SUD>2786,083</SUD>
  </Fabbisogno>
  <Fabbisogno>
    <Data>20170207</Data>
    <Mercato>MGP</Mercato>
    <Ora>17</Ora>
    <Italia>42433,851</Italia>
    <CNOR>4694,74</CNOR>
    <CSUD>6214,261</CSUD>
    <NORD>25198,235</NORD>
    <SARD>1048,743</SARD>
    <SICI>2321,064</SICI>
    <SUD>2956,808</SUD>
  </Fabbisogno>
  <Fabbisogno>
    <Data>20170207</Data>
    <Mercato>MGP</Mercato>
    <Ora>18</Ora>
    <Italia>43418,029</Italia>
    <CNOR>4851,201</CNOR>
    <CSUD>6656,267</CSUD>
    <NORD>24925,31</NORD>
    <SARD>1106,707</SARD>
    <SICI>2477,582</SICI>
    <SUD>3400,962</SUD>
  </Fabbisogno>
  <Fabbisogno>
    <Data>20170207</Data>
    <Mercato>MGP</Mercato>
    <Ora>19</Ora>
    <Italia>44554,065</Italia>
    <CNOR>4973,158</CNOR>
    <CSUD>7034,408</CSUD>
    <NORD>25052,612</NORD>
    <SARD>1197,027</SARD>
    <SICI>2687,926</SICI>
    <SUD>3608,934</SUD>
  </Fabbisogno>
  <Fabbisogno>
    <Data>20170207</Data>
    <Mercato>MGP</Mercato>
    <Ora>20</Ora>
    <Italia>43125,048</Italia>
    <CNOR>4838,555</CNOR>
    <CSUD>7098,502</CSUD>
    <NORD>23649,46</NORD>
    <SARD>1236,121</SARD>
    <SICI>2735,189</SICI>
    <SUD>3567,221</SUD>
  </Fabbisogno>
  <Fabbisogno>
    <Data>20170207</Data>
    <Mercato>MGP</Mercato>
    <Ora>21</Ora>
    <Italia>40740,101</Italia>
    <CNOR>4429,38</CNOR>
    <CSUD>6722,964</CSUD>
    <NORD>22263,7</NORD>
    <SARD>1206,731</SARD>
    <SICI>2665,682</SICI>
    <SUD>3451,644</SUD>
  </Fabbisogno>
  <Fabbisogno>
    <Data>20170207</Data>
    <Mercato>MGP</Mercato>
    <Ora>22</Ora>
    <Italia>37943,533</Italia>
    <CNOR>4211,854</CNOR>
    <CSUD>6308,984</CSUD>
    <NORD>20632,516</NORD>
    <SARD>1119,965</SARD>
    <SICI>2505,016</SICI>
    <SUD>3165,198</SUD>
  </Fabbisogno>
  <Fabbisogno>
    <Data>20170207</Data>
    <Mercato>MGP</Mercato>
    <Ora>23</Ora>
    <Italia>34044,244</Italia>
    <CNOR>3722,381</CNOR>
    <CSUD>5640,961</CSUD>
    <NORD>18561,005</NORD>
    <SARD>1022,218</SARD>
    <SICI>2260,404</SICI>
    <SUD>2837,275</SUD>
  </Fabbisogno>
  <Fabbisogno>
    <Data>20170207</Data>
    <Mercato>MGP</Mercato>
    <Ora>24</Ora>
    <Italia>30368,349</Italia>
    <CNOR>3242,734</CNOR>
    <CSUD>4866,432</CSUD>
    <NORD>16928,79</NORD>
    <SARD>907,01</SARD>
    <SICI>1947,989</SICI>
    <SUD>2475,394</SUD>
  </Fabbisogno>
</NewDataSet>