<?xml version="1.0" standalone="yes"?>
<NewDataSet>
  <xs:schema id="NewDataSet" xmlns="" xmlns:xs="http://www.w3.org/2001/XMLSchema" xmlns:msdata="urn:schemas-microsoft-com:xml-msdata">
    <xs:element name="NewDataSet" msdata:IsDataSet="true" msdata:UseCurrentLocale="true">
      <xs:complexType>
        <xs:choice minOccurs="0" maxOccurs="unbounded">
          <xs:element name="Fabbisogno">
            <xs:complexType>
              <xs:sequence>
                <xs:element name="Data" type="xs:string" minOccurs="0" />
                <xs:element name="Mercato" type="xs:string" minOccurs="0" />
                <xs:element name="Ora" type="xs:string" minOccurs="0" />
                <xs:element name="Italia" type="xs:string" minOccurs="0" />
                <xs:element name="CNOR" type="xs:string" minOccurs="0" />
                <xs:element name="CSUD" type="xs:string" minOccurs="0" />
                <xs:element name="NORD" type="xs:string" minOccurs="0" />
                <xs:element name="SARD" type="xs:string" minOccurs="0" />
                <xs:element name="SICI" type="xs:string" minOccurs="0" />
                <xs:element name="SUD" type="xs:string" minOccurs="0" />
              </xs:sequence>
            </xs:complexType>
          </xs:element>
        </xs:choice>
      </xs:complexType>
    </xs:element>
  </xs:schema>
  <Fabbisogno>
    <Data>20170211</Data>
    <Mercato>MGP</Mercato>
    <Ora>1</Ora>
    <Italia>28780,481</Italia>
    <CNOR>3057,615</CNOR>
    <CSUD>4493,097</CSUD>
    <NORD>16411,249</NORD>
    <SARD>827,8</SARD>
    <SICI>1767,851</SICI>
    <SUD>2222,869</SUD>
  </Fabbisogno>
  <Fabbisogno>
    <Data>20170211</Data>
    <Mercato>MGP</Mercato>
    <Ora>2</Ora>
    <Italia>26868,408</Italia>
    <CNOR>2985,677</CNOR>
    <CSUD>4110,773</CSUD>
    <NORD>15290,343</NORD>
    <SARD>773,058</SARD>
    <SICI>1620,678</SICI>
    <SUD>2087,879</SUD>
  </Fabbisogno>
  <Fabbisogno>
    <Data>20170211</Data>
    <Mercato>MGP</Mercato>
    <Ora>3</Ora>
    <Italia>25746,88</Italia>
    <CNOR>2870,744</CNOR>
    <CSUD>3896,418</CSUD>
    <NORD>14719,065</NORD>
    <SARD>738,986</SARD>
    <SICI>1528,979</SICI>
    <SUD>1992,688</SUD>
  </Fabbisogno>
  <Fabbisogno>
    <Data>20170211</Data>
    <Mercato>MGP</Mercato>
    <Ora>4</Ora>
    <Italia>25145,747</Italia>
    <CNOR>2749,704</CNOR>
    <CSUD>3786,853</CSUD>
    <NORD>14485,228</NORD>
    <SARD>724,588</SARD>
    <SICI>1464,597</SICI>
    <SUD>1934,777</SUD>
  </Fabbisogno>
  <Fabbisogno>
    <Data>20170211</Data>
    <Mercato>MGP</Mercato>
    <Ora>5</Ora>
    <Italia>25161,981</Italia>
    <CNOR>2698,066</CNOR>
    <CSUD>3753,946</CSUD>
    <NORD>14588,348</NORD>
    <SARD>725,564</SARD>
    <SICI>1465,047</SICI>
    <SUD>1931,01</SUD>
  </Fabbisogno>
  <Fabbisogno>
    <Data>20170211</Data>
    <Mercato>MGP</Mercato>
    <Ora>6</Ora>
    <Italia>25531,095</Italia>
    <CNOR>2679,442</CNOR>
    <CSUD>3854,991</CSUD>
    <NORD>14716,699</NORD>
    <SARD>749,721</SARD>
    <SICI>1523,222</SICI>
    <SUD>2007,02</SUD>
  </Fabbisogno>
  <Fabbisogno>
    <Data>20170211</Data>
    <Mercato>MGP</Mercato>
    <Ora>7</Ora>
    <Italia>28073,084</Italia>
    <CNOR>2926,461</CNOR>
    <CSUD>4243,365</CSUD>
    <NORD>16225,167</NORD>
    <SARD>834,437</SARD>
    <SICI>1639,482</SICI>
    <SUD>2204,172</SUD>
  </Fabbisogno>
  <Fabbisogno>
    <Data>20170211</Data>
    <Mercato>MGP</Mercato>
    <Ora>8</Ora>
    <Italia>30968,221</Italia>
    <CNOR>3262,1</CNOR>
    <CSUD>4618,67</CSUD>
    <NORD>17841,273</NORD>
    <SARD>946,558</SARD>
    <SICI>1841,649</SICI>
    <SUD>2457,971</SUD>
  </Fabbisogno>
  <Fabbisogno>
    <Data>20170211</Data>
    <Mercato>MGP</Mercato>
    <Ora>9</Ora>
    <Italia>33851,81</Italia>
    <CNOR>3570,262</CNOR>
    <CSUD>5191,519</CSUD>
    <NORD>19308,734</NORD>
    <SARD>1016,067</SARD>
    <SICI>2098,862</SICI>
    <SUD>2666,366</SUD>
  </Fabbisogno>
  <Fabbisogno>
    <Data>20170211</Data>
    <Mercato>MGP</Mercato>
    <Ora>10</Ora>
    <Italia>35209,668</Italia>
    <CNOR>3639,568</CNOR>
    <CSUD>5457,21</CSUD>
    <NORD>20222,71</NORD>
    <SARD>1016,216</SARD>
    <SICI>2187,185</SICI>
    <SUD>2686,779</SUD>
  </Fabbisogno>
  <Fabbisogno>
    <Data>20170211</Data>
    <Mercato>MGP</Mercato>
    <Ora>11</Ora>
    <Italia>35063,454</Italia>
    <CNOR>3676,976</CNOR>
    <CSUD>5480,137</CSUD>
    <NORD>20255,454</NORD>
    <SARD>985,475</SARD>
    <SICI>2096,068</SICI>
    <SUD>2569,344</SUD>
  </Fabbisogno>
  <Fabbisogno>
    <Data>20170211</Data>
    <Mercato>MGP</Mercato>
    <Ora>12</Ora>
    <Italia>34143,804</Italia>
    <CNOR>3526,015</CNOR>
    <CSUD>5365,766</CSUD>
    <NORD>19794,219</NORD>
    <SARD>946,304</SARD>
    <SICI>2010,21</SICI>
    <SUD>2501,29</SUD>
  </Fabbisogno>
  <Fabbisogno>
    <Data>20170211</Data>
    <Mercato>MGP</Mercato>
    <Ora>13</Ora>
    <Italia>32375,877</Italia>
    <CNOR>3359,629</CNOR>
    <CSUD>5287,372</CSUD>
    <NORD>18357,141</NORD>
    <SARD>929,999</SARD>
    <SICI>1972,562</SICI>
    <SUD>2469,174</SUD>
  </Fabbisogno>
  <Fabbisogno>
    <Data>20170211</Data>
    <Mercato>MGP</Mercato>
    <Ora>14</Ora>
    <Italia>30950,428</Italia>
    <CNOR>3194,734</CNOR>
    <CSUD>5104,246</CSUD>
    <NORD>17422,497</NORD>
    <SARD>908,786</SARD>
    <SICI>1958,623</SICI>
    <SUD>2361,542</SUD>
  </Fabbisogno>
  <Fabbisogno>
    <Data>20170211</Data>
    <Mercato>MGP</Mercato>
    <Ora>15</Ora>
    <Italia>30737,036</Italia>
    <CNOR>3216,573</CNOR>
    <CSUD>5065,856</CSUD>
    <NORD>17233,918</NORD>
    <SARD>903,129</SARD>
    <SICI>1980,074</SICI>
    <SUD>2337,486</SUD>
  </Fabbisogno>
  <Fabbisogno>
    <Data>20170211</Data>
    <Mercato>MGP</Mercato>
    <Ora>16</Ora>
    <Italia>31086,621</Italia>
    <CNOR>3278,289</CNOR>
    <CSUD>5174,999</CSUD>
    <NORD>17265,988</NORD>
    <SARD>913,714</SARD>
    <SICI>2019,349</SICI>
    <SUD>2434,282</SUD>
  </Fabbisogno>
  <Fabbisogno>
    <Data>20170211</Data>
    <Mercato>MGP</Mercato>
    <Ora>17</Ora>
    <Italia>32023,074</Italia>
    <CNOR>3394,396</CNOR>
    <CSUD>5358,985</CSUD>
    <NORD>17488,22</NORD>
    <SARD>955,891</SARD>
    <SICI>2164,678</SICI>
    <SUD>2660,904</SUD>
  </Fabbisogno>
  <Fabbisogno>
    <Data>20170211</Data>
    <Mercato>MGP</Mercato>
    <Ora>18</Ora>
    <Italia>34591,627</Italia>
    <CNOR>3707,88</CNOR>
    <CSUD>5812,29</CSUD>
    <NORD>18586,705</NORD>
    <SARD>1029,043</SARD>
    <SICI>2385,299</SICI>
    <SUD>3070,41</SUD>
  </Fabbisogno>
  <Fabbisogno>
    <Data>20170211</Data>
    <Mercato>MGP</Mercato>
    <Ora>19</Ora>
    <Italia>37675,982</Italia>
    <CNOR>4113,969</CNOR>
    <CSUD>6471,178</CSUD>
    <NORD>19903,863</NORD>
    <SARD>1145,908</SARD>
    <SICI>2634,137</SICI>
    <SUD>3406,927</SUD>
  </Fabbisogno>
  <Fabbisogno>
    <Data>20170211</Data>
    <Mercato>MGP</Mercato>
    <Ora>20</Ora>
    <Italia>37899,388</Italia>
    <CNOR>4188,066</CNOR>
    <CSUD>6638,315</CSUD>
    <NORD>19645,352</NORD>
    <SARD>1211,022</SARD>
    <SICI>2699,04</SICI>
    <SUD>3517,593</SUD>
  </Fabbisogno>
  <Fabbisogno>
    <Data>20170211</Data>
    <Mercato>MGP</Mercato>
    <Ora>21</Ora>
    <Italia>35830,706</Italia>
    <CNOR>3886,492</CNOR>
    <CSUD>6427,178</CSUD>
    <NORD>18328,259</NORD>
    <SARD>1168,415</SARD>
    <SICI>2621,788</SICI>
    <SUD>3398,574</SUD>
  </Fabbisogno>
  <Fabbisogno>
    <Data>20170211</Data>
    <Mercato>MGP</Mercato>
    <Ora>22</Ora>
    <Italia>33383,401</Italia>
    <CNOR>3684,748</CNOR>
    <CSUD>5914,506</CSUD>
    <NORD>17108,869</NORD>
    <SARD>1107,287</SARD>
    <SICI>2450,211</SICI>
    <SUD>3117,78</SUD>
  </Fabbisogno>
  <Fabbisogno>
    <Data>20170211</Data>
    <Mercato>MGP</Mercato>
    <Ora>23</Ora>
    <Italia>30575,119</Italia>
    <CNOR>3296,154</CNOR>
    <CSUD>5385,913</CSUD>
    <NORD>15833,225</NORD>
    <SARD>1025,013</SARD>
    <SICI>2227,644</SICI>
    <SUD>2807,17</SUD>
  </Fabbisogno>
  <Fabbisogno>
    <Data>20170211</Data>
    <Mercato>MGP</Mercato>
    <Ora>24</Ora>
    <Italia>27798,814</Italia>
    <CNOR>2951,333</CNOR>
    <CSUD>4711,581</CSUD>
    <NORD>14809,475</NORD>
    <SARD>898,891</SARD>
    <SICI>1983,96</SICI>
    <SUD>2443,574</SUD>
  </Fabbisogno>
</NewDataSet>