<?xml version="1.0" standalone="yes"?>
<NewDataSet>
  <xs:schema id="NewDataSet" xmlns="" xmlns:xs="http://www.w3.org/2001/XMLSchema" xmlns:msdata="urn:schemas-microsoft-com:xml-msdata">
    <xs:element name="NewDataSet" msdata:IsDataSet="true" msdata:UseCurrentLocale="true">
      <xs:complexType>
        <xs:choice minOccurs="0" maxOccurs="unbounded">
          <xs:element name="Fabbisogno">
            <xs:complexType>
              <xs:sequence>
                <xs:element name="Data" type="xs:string" minOccurs="0" />
                <xs:element name="Mercato" type="xs:string" minOccurs="0" />
                <xs:element name="Ora" type="xs:string" minOccurs="0" />
                <xs:element name="Italia" type="xs:string" minOccurs="0" />
                <xs:element name="CNOR" type="xs:string" minOccurs="0" />
                <xs:element name="CSUD" type="xs:string" minOccurs="0" />
                <xs:element name="NORD" type="xs:string" minOccurs="0" />
                <xs:element name="SARD" type="xs:string" minOccurs="0" />
                <xs:element name="SICI" type="xs:string" minOccurs="0" />
                <xs:element name="SUD" type="xs:string" minOccurs="0" />
              </xs:sequence>
            </xs:complexType>
          </xs:element>
        </xs:choice>
      </xs:complexType>
    </xs:element>
  </xs:schema>
  <Fabbisogno>
    <Data>20170215</Data>
    <Mercato>MGP</Mercato>
    <Ora>1</Ora>
    <Italia>27281,82</Italia>
    <CNOR>2847,035</CNOR>
    <CSUD>4026,031</CSUD>
    <NORD>15899,386</NORD>
    <SARD>769,524</SARD>
    <SICI>1626,568</SICI>
    <SUD>2113,276</SUD>
  </Fabbisogno>
  <Fabbisogno>
    <Data>20170215</Data>
    <Mercato>MGP</Mercato>
    <Ora>2</Ora>
    <Italia>25703,671</Italia>
    <CNOR>2727,999</CNOR>
    <CSUD>3830,523</CSUD>
    <NORD>14955,477</NORD>
    <SARD>722,706</SARD>
    <SICI>1479,706</SICI>
    <SUD>1987,26</SUD>
  </Fabbisogno>
  <Fabbisogno>
    <Data>20170215</Data>
    <Mercato>MGP</Mercato>
    <Ora>3</Ora>
    <Italia>25367,984</Italia>
    <CNOR>2750,101</CNOR>
    <CSUD>3774,273</CSUD>
    <NORD>14759,652</NORD>
    <SARD>702,791</SARD>
    <SICI>1422,103</SICI>
    <SUD>1959,064</SUD>
  </Fabbisogno>
  <Fabbisogno>
    <Data>20170215</Data>
    <Mercato>MGP</Mercato>
    <Ora>4</Ora>
    <Italia>25165,367</Italia>
    <CNOR>2753,807</CNOR>
    <CSUD>3742,182</CSUD>
    <NORD>14632,397</NORD>
    <SARD>701,031</SARD>
    <SICI>1399,434</SICI>
    <SUD>1936,516</SUD>
  </Fabbisogno>
  <Fabbisogno>
    <Data>20170215</Data>
    <Mercato>MGP</Mercato>
    <Ora>5</Ora>
    <Italia>25265,2</Italia>
    <CNOR>2684,954</CNOR>
    <CSUD>3722,429</CSUD>
    <NORD>14820,568</NORD>
    <SARD>702,965</SARD>
    <SICI>1394,95</SICI>
    <SUD>1939,334</SUD>
  </Fabbisogno>
  <Fabbisogno>
    <Data>20170215</Data>
    <Mercato>MGP</Mercato>
    <Ora>6</Ora>
    <Italia>26858,112</Italia>
    <CNOR>2844,364</CNOR>
    <CSUD>3952,484</CSUD>
    <NORD>15831,418</NORD>
    <SARD>731,02</SARD>
    <SICI>1468,347</SICI>
    <SUD>2030,479</SUD>
  </Fabbisogno>
  <Fabbisogno>
    <Data>20170215</Data>
    <Mercato>MGP</Mercato>
    <Ora>7</Ora>
    <Italia>31285,478</Italia>
    <CNOR>3206,582</CNOR>
    <CSUD>4343,46</CSUD>
    <NORD>19009,827</NORD>
    <SARD>842,292</SARD>
    <SICI>1662,271</SICI>
    <SUD>2221,046</SUD>
  </Fabbisogno>
  <Fabbisogno>
    <Data>20170215</Data>
    <Mercato>MGP</Mercato>
    <Ora>8</Ora>
    <Italia>37125,403</Italia>
    <CNOR>3844,329</CNOR>
    <CSUD>5090,539</CSUD>
    <NORD>22593,429</NORD>
    <SARD>1001,924</SARD>
    <SICI>2002,055</SICI>
    <SUD>2593,127</SUD>
  </Fabbisogno>
  <Fabbisogno>
    <Data>20170215</Data>
    <Mercato>MGP</Mercato>
    <Ora>9</Ora>
    <Italia>41567,605</Italia>
    <CNOR>4576,853</CNOR>
    <CSUD>5798,726</CSUD>
    <NORD>25017,262</NORD>
    <SARD>1087,039</SARD>
    <SICI>2219,074</SICI>
    <SUD>2868,651</SUD>
  </Fabbisogno>
  <Fabbisogno>
    <Data>20170215</Data>
    <Mercato>MGP</Mercato>
    <Ora>10</Ora>
    <Italia>42398,686</Italia>
    <CNOR>4654,684</CNOR>
    <CSUD>5836,535</CSUD>
    <NORD>25771,586</NORD>
    <SARD>1061,703</SARD>
    <SICI>2232,68</SICI>
    <SUD>2841,498</SUD>
  </Fabbisogno>
  <Fabbisogno>
    <Data>20170215</Data>
    <Mercato>MGP</Mercato>
    <Ora>11</Ora>
    <Italia>41880,093</Italia>
    <CNOR>4602,765</CNOR>
    <CSUD>5843,898</CSUD>
    <NORD>25446,232</NORD>
    <SARD>1018,823</SARD>
    <SICI>2191,369</SICI>
    <SUD>2777,006</SUD>
  </Fabbisogno>
  <Fabbisogno>
    <Data>20170215</Data>
    <Mercato>MGP</Mercato>
    <Ora>12</Ora>
    <Italia>40966,564</Italia>
    <CNOR>4565,719</CNOR>
    <CSUD>5777,859</CSUD>
    <NORD>24788,64</NORD>
    <SARD>991,709</SARD>
    <SICI>2153,624</SICI>
    <SUD>2689,013</SUD>
  </Fabbisogno>
  <Fabbisogno>
    <Data>20170215</Data>
    <Mercato>MGP</Mercato>
    <Ora>13</Ora>
    <Italia>38952,16</Italia>
    <CNOR>4280,276</CNOR>
    <CSUD>5743,959</CSUD>
    <NORD>23120,918</NORD>
    <SARD>987,582</SARD>
    <SICI>2131,176</SICI>
    <SUD>2688,249</SUD>
  </Fabbisogno>
  <Fabbisogno>
    <Data>20170215</Data>
    <Mercato>MGP</Mercato>
    <Ora>14</Ora>
    <Italia>38397,292</Italia>
    <CNOR>4118,832</CNOR>
    <CSUD>5538,489</CSUD>
    <NORD>23134,694</NORD>
    <SARD>947,747</SARD>
    <SICI>2069,079</SICI>
    <SUD>2588,451</SUD>
  </Fabbisogno>
  <Fabbisogno>
    <Data>20170215</Data>
    <Mercato>MGP</Mercato>
    <Ora>15</Ora>
    <Italia>39695,409</Italia>
    <CNOR>4317,653</CNOR>
    <CSUD>5596,124</CSUD>
    <NORD>24207,588</NORD>
    <SARD>943,018</SARD>
    <SICI>2050,253</SICI>
    <SUD>2580,773</SUD>
  </Fabbisogno>
  <Fabbisogno>
    <Data>20170215</Data>
    <Mercato>MGP</Mercato>
    <Ora>16</Ora>
    <Italia>40449,012</Italia>
    <CNOR>4461,684</CNOR>
    <CSUD>5735,661</CSUD>
    <NORD>24538,133</NORD>
    <SARD>964,149</SARD>
    <SICI>2070,798</SICI>
    <SUD>2678,587</SUD>
  </Fabbisogno>
  <Fabbisogno>
    <Data>20170215</Data>
    <Mercato>MGP</Mercato>
    <Ora>17</Ora>
    <Italia>41357,308</Italia>
    <CNOR>4552,026</CNOR>
    <CSUD>5911,086</CSUD>
    <NORD>24790,702</NORD>
    <SARD>1010,044</SARD>
    <SICI>2187,317</SICI>
    <SUD>2906,133</SUD>
  </Fabbisogno>
  <Fabbisogno>
    <Data>20170215</Data>
    <Mercato>MGP</Mercato>
    <Ora>18</Ora>
    <Italia>42026,708</Italia>
    <CNOR>4563,29</CNOR>
    <CSUD>6288,653</CSUD>
    <NORD>24479,71</NORD>
    <SARD>1066,842</SARD>
    <SICI>2362,904</SICI>
    <SUD>3265,309</SUD>
  </Fabbisogno>
  <Fabbisogno>
    <Data>20170215</Data>
    <Mercato>MGP</Mercato>
    <Ora>19</Ora>
    <Italia>43529,655</Italia>
    <CNOR>4727,971</CNOR>
    <CSUD>6754,536</CSUD>
    <NORD>24750,827</NORD>
    <SARD>1160,018</SARD>
    <SICI>2598,654</SICI>
    <SUD>3537,649</SUD>
  </Fabbisogno>
  <Fabbisogno>
    <Data>20170215</Data>
    <Mercato>MGP</Mercato>
    <Ora>20</Ora>
    <Italia>42643,945</Italia>
    <CNOR>4686,67</CNOR>
    <CSUD>6839,326</CSUD>
    <NORD>23732,553</NORD>
    <SARD>1191,895</SARD>
    <SICI>2648,083</SICI>
    <SUD>3545,418</SUD>
  </Fabbisogno>
  <Fabbisogno>
    <Data>20170215</Data>
    <Mercato>MGP</Mercato>
    <Ora>21</Ora>
    <Italia>40270,739</Italia>
    <CNOR>4377,658</CNOR>
    <CSUD>6644,793</CSUD>
    <NORD>22074,702</NORD>
    <SARD>1176,801</SARD>
    <SICI>2557,128</SICI>
    <SUD>3439,657</SUD>
  </Fabbisogno>
  <Fabbisogno>
    <Data>20170215</Data>
    <Mercato>MGP</Mercato>
    <Ora>22</Ora>
    <Italia>37079,667</Italia>
    <CNOR>3993,051</CNOR>
    <CSUD>5961,514</CSUD>
    <NORD>20551,282</NORD>
    <SARD>1079,048</SARD>
    <SICI>2394,175</SICI>
    <SUD>3100,597</SUD>
  </Fabbisogno>
  <Fabbisogno>
    <Data>20170215</Data>
    <Mercato>MGP</Mercato>
    <Ora>23</Ora>
    <Italia>33034,605</Italia>
    <CNOR>3446,648</CNOR>
    <CSUD>5296,285</CSUD>
    <NORD>18437,61</NORD>
    <SARD>979,951</SARD>
    <SICI>2125,515</SICI>
    <SUD>2748,596</SUD>
  </Fabbisogno>
  <Fabbisogno>
    <Data>20170215</Data>
    <Mercato>MGP</Mercato>
    <Ora>24</Ora>
    <Italia>29861,793</Italia>
    <CNOR>3010,498</CNOR>
    <CSUD>4514,233</CSUD>
    <NORD>17259,095</NORD>
    <SARD>868</SARD>
    <SICI>1842,95</SICI>
    <SUD>2367,017</SUD>
  </Fabbisogno>
</NewDataSet>