<?xml version="1.0" standalone="yes"?>
<NewDataSet>
  <xs:schema id="NewDataSet" xmlns="" xmlns:xs="http://www.w3.org/2001/XMLSchema" xmlns:msdata="urn:schemas-microsoft-com:xml-msdata">
    <xs:element name="NewDataSet" msdata:IsDataSet="true" msdata:UseCurrentLocale="true">
      <xs:complexType>
        <xs:choice minOccurs="0" maxOccurs="unbounded">
          <xs:element name="Fabbisogno">
            <xs:complexType>
              <xs:sequence>
                <xs:element name="Data" type="xs:string" minOccurs="0" />
                <xs:element name="Mercato" type="xs:string" minOccurs="0" />
                <xs:element name="Ora" type="xs:string" minOccurs="0" />
                <xs:element name="Italia" type="xs:string" minOccurs="0" />
                <xs:element name="CNOR" type="xs:string" minOccurs="0" />
                <xs:element name="CSUD" type="xs:string" minOccurs="0" />
                <xs:element name="NORD" type="xs:string" minOccurs="0" />
                <xs:element name="SARD" type="xs:string" minOccurs="0" />
                <xs:element name="SICI" type="xs:string" minOccurs="0" />
                <xs:element name="SUD" type="xs:string" minOccurs="0" />
              </xs:sequence>
            </xs:complexType>
          </xs:element>
        </xs:choice>
      </xs:complexType>
    </xs:element>
  </xs:schema>
  <Fabbisogno>
    <Data>20170224</Data>
    <Mercato>MGP</Mercato>
    <Ora>1</Ora>
    <Italia>27159,919</Italia>
    <CNOR>2672,44</CNOR>
    <CSUD>4084,864</CSUD>
    <NORD>15878,932</NORD>
    <SARD>821,481</SARD>
    <SICI>1617,919</SICI>
    <SUD>2084,283</SUD>
  </Fabbisogno>
  <Fabbisogno>
    <Data>20170224</Data>
    <Mercato>MGP</Mercato>
    <Ora>2</Ora>
    <Italia>25118,188</Italia>
    <CNOR>2469,342</CNOR>
    <CSUD>3679,942</CSUD>
    <NORD>14835,325</NORD>
    <SARD>761,619</SARD>
    <SICI>1451,953</SICI>
    <SUD>1920,007</SUD>
  </Fabbisogno>
  <Fabbisogno>
    <Data>20170224</Data>
    <Mercato>MGP</Mercato>
    <Ora>3</Ora>
    <Italia>24387,491</Italia>
    <CNOR>2384,311</CNOR>
    <CSUD>3511,97</CSUD>
    <NORD>14540,762</NORD>
    <SARD>728,919</SARD>
    <SICI>1379,352</SICI>
    <SUD>1842,177</SUD>
  </Fabbisogno>
  <Fabbisogno>
    <Data>20170224</Data>
    <Mercato>MGP</Mercato>
    <Ora>4</Ora>
    <Italia>24420,274</Italia>
    <CNOR>2357,036</CNOR>
    <CSUD>3479,463</CSUD>
    <NORD>14659,199</NORD>
    <SARD>736,03</SARD>
    <SICI>1367,623</SICI>
    <SUD>1820,923</SUD>
  </Fabbisogno>
  <Fabbisogno>
    <Data>20170224</Data>
    <Mercato>MGP</Mercato>
    <Ora>5</Ora>
    <Italia>24512,897</Italia>
    <CNOR>2380,689</CNOR>
    <CSUD>3522,749</CSUD>
    <NORD>14660,586</NORD>
    <SARD>743,253</SARD>
    <SICI>1363,14</SICI>
    <SUD>1842,48</SUD>
  </Fabbisogno>
  <Fabbisogno>
    <Data>20170224</Data>
    <Mercato>MGP</Mercato>
    <Ora>6</Ora>
    <Italia>26096,328</Italia>
    <CNOR>2511,847</CNOR>
    <CSUD>3778,599</CSUD>
    <NORD>15636,792</NORD>
    <SARD>779,274</SARD>
    <SICI>1454,902</SICI>
    <SUD>1934,914</SUD>
  </Fabbisogno>
  <Fabbisogno>
    <Data>20170224</Data>
    <Mercato>MGP</Mercato>
    <Ora>7</Ora>
    <Italia>30998,013</Italia>
    <CNOR>2947,072</CNOR>
    <CSUD>4317,115</CSUD>
    <NORD>19080,618</NORD>
    <SARD>877,756</SARD>
    <SICI>1633,215</SICI>
    <SUD>2142,237</SUD>
  </Fabbisogno>
  <Fabbisogno>
    <Data>20170224</Data>
    <Mercato>MGP</Mercato>
    <Ora>8</Ora>
    <Italia>36613,731</Italia>
    <CNOR>3628,83</CNOR>
    <CSUD>5166,617</CSUD>
    <NORD>22301,031</NORD>
    <SARD>1047,139</SARD>
    <SICI>1923,841</SICI>
    <SUD>2546,273</SUD>
  </Fabbisogno>
  <Fabbisogno>
    <Data>20170224</Data>
    <Mercato>MGP</Mercato>
    <Ora>9</Ora>
    <Italia>40399,249</Italia>
    <CNOR>4150,215</CNOR>
    <CSUD>5687,692</CSUD>
    <NORD>24482,685</NORD>
    <SARD>1123,178</SARD>
    <SICI>2162,033</SICI>
    <SUD>2793,446</SUD>
  </Fabbisogno>
  <Fabbisogno>
    <Data>20170224</Data>
    <Mercato>MGP</Mercato>
    <Ora>10</Ora>
    <Italia>41615,863</Italia>
    <CNOR>4314,469</CNOR>
    <CSUD>5855,818</CSUD>
    <NORD>25437,173</NORD>
    <SARD>1087,491</SARD>
    <SICI>2169,283</SICI>
    <SUD>2751,629</SUD>
  </Fabbisogno>
  <Fabbisogno>
    <Data>20170224</Data>
    <Mercato>MGP</Mercato>
    <Ora>11</Ora>
    <Italia>40520,179</Italia>
    <CNOR>4265,774</CNOR>
    <CSUD>5741,151</CSUD>
    <NORD>24801,502</NORD>
    <SARD>1044,357</SARD>
    <SICI>2101,322</SICI>
    <SUD>2566,073</SUD>
  </Fabbisogno>
  <Fabbisogno>
    <Data>20170224</Data>
    <Mercato>MGP</Mercato>
    <Ora>12</Ora>
    <Italia>40176,343</Italia>
    <CNOR>4247,426</CNOR>
    <CSUD>5706,094</CSUD>
    <NORD>24654,603</NORD>
    <SARD>1007,828</SARD>
    <SICI>2057,635</SICI>
    <SUD>2502,757</SUD>
  </Fabbisogno>
  <Fabbisogno>
    <Data>20170224</Data>
    <Mercato>MGP</Mercato>
    <Ora>13</Ora>
    <Italia>38135,633</Italia>
    <CNOR>3905,937</CNOR>
    <CSUD>5610,148</CSUD>
    <NORD>23066,044</NORD>
    <SARD>986,619</SARD>
    <SICI>2034,322</SICI>
    <SUD>2532,563</SUD>
  </Fabbisogno>
  <Fabbisogno>
    <Data>20170224</Data>
    <Mercato>MGP</Mercato>
    <Ora>14</Ora>
    <Italia>37465,052</Italia>
    <CNOR>3717,476</CNOR>
    <CSUD>5459,742</CSUD>
    <NORD>22905,343</NORD>
    <SARD>954,332999999999</SARD>
    <SICI>1979,023</SICI>
    <SUD>2449,135</SUD>
  </Fabbisogno>
  <Fabbisogno>
    <Data>20170224</Data>
    <Mercato>MGP</Mercato>
    <Ora>15</Ora>
    <Italia>38431,156</Italia>
    <CNOR>3905,111</CNOR>
    <CSUD>5506,847</CSUD>
    <NORD>23689,863</NORD>
    <SARD>953,695</SARD>
    <SICI>1983,676</SICI>
    <SUD>2391,964</SUD>
  </Fabbisogno>
  <Fabbisogno>
    <Data>20170224</Data>
    <Mercato>MGP</Mercato>
    <Ora>16</Ora>
    <Italia>39023,394</Italia>
    <CNOR>4064,227</CNOR>
    <CSUD>5618,917</CSUD>
    <NORD>23798,901</NORD>
    <SARD>986,888</SARD>
    <SICI>2039,818</SICI>
    <SUD>2514,643</SUD>
  </Fabbisogno>
  <Fabbisogno>
    <Data>20170224</Data>
    <Mercato>MGP</Mercato>
    <Ora>17</Ora>
    <Italia>39517,572</Italia>
    <CNOR>4139,369</CNOR>
    <CSUD>5689,151</CSUD>
    <NORD>23877,182</NORD>
    <SARD>1017,704</SARD>
    <SICI>2134,331</SICI>
    <SUD>2659,835</SUD>
  </Fabbisogno>
  <Fabbisogno>
    <Data>20170224</Data>
    <Mercato>MGP</Mercato>
    <Ora>18</Ora>
    <Italia>40544,55</Italia>
    <CNOR>4327,923</CNOR>
    <CSUD>6108,461</CSUD>
    <NORD>23636,647</NORD>
    <SARD>1104,423</SARD>
    <SICI>2272,641</SICI>
    <SUD>3094,455</SUD>
  </Fabbisogno>
  <Fabbisogno>
    <Data>20170224</Data>
    <Mercato>MGP</Mercato>
    <Ora>19</Ora>
    <Italia>42486,748</Italia>
    <CNOR>4559,207</CNOR>
    <CSUD>6760,387</CSUD>
    <NORD>23931,674</NORD>
    <SARD>1206,021</SARD>
    <SICI>2547,542</SICI>
    <SUD>3481,917</SUD>
  </Fabbisogno>
  <Fabbisogno>
    <Data>20170224</Data>
    <Mercato>MGP</Mercato>
    <Ora>20</Ora>
    <Italia>41700,343</Italia>
    <CNOR>4463,147</CNOR>
    <CSUD>6831,979</CSUD>
    <NORD>23104,032</NORD>
    <SARD>1222,993</SARD>
    <SICI>2608,055</SICI>
    <SUD>3470,137</SUD>
  </Fabbisogno>
  <Fabbisogno>
    <Data>20170224</Data>
    <Mercato>MGP</Mercato>
    <Ora>21</Ora>
    <Italia>39350,793</Italia>
    <CNOR>4124,198</CNOR>
    <CSUD>6557,411</CSUD>
    <NORD>21546,598</NORD>
    <SARD>1191,979</SARD>
    <SICI>2552,646</SICI>
    <SUD>3377,961</SUD>
  </Fabbisogno>
  <Fabbisogno>
    <Data>20170224</Data>
    <Mercato>MGP</Mercato>
    <Ora>22</Ora>
    <Italia>36305,88</Italia>
    <CNOR>3689,338</CNOR>
    <CSUD>5953,857</CSUD>
    <NORD>20155,753</NORD>
    <SARD>1095,781</SARD>
    <SICI>2373,495</SICI>
    <SUD>3037,656</SUD>
  </Fabbisogno>
  <Fabbisogno>
    <Data>20170224</Data>
    <Mercato>MGP</Mercato>
    <Ora>23</Ora>
    <Italia>32642,59</Italia>
    <CNOR>3230,756</CNOR>
    <CSUD>5242,879</CSUD>
    <NORD>18361,94</NORD>
    <SARD>987,668</SARD>
    <SICI>2136,171</SICI>
    <SUD>2683,176</SUD>
  </Fabbisogno>
  <Fabbisogno>
    <Data>20170224</Data>
    <Mercato>MGP</Mercato>
    <Ora>24</Ora>
    <Italia>29382,627</Italia>
    <CNOR>2814,6</CNOR>
    <CSUD>4597,358</CSUD>
    <NORD>16896,302</NORD>
    <SARD>891,02</SARD>
    <SICI>1859,792</SICI>
    <SUD>2323,555</SUD>
  </Fabbisogno>
</NewDataSet>