<?xml version="1.0" standalone="yes"?>
<NewDataSet>
  <xs:schema id="NewDataSet" xmlns="" xmlns:xs="http://www.w3.org/2001/XMLSchema" xmlns:msdata="urn:schemas-microsoft-com:xml-msdata">
    <xs:element name="NewDataSet" msdata:IsDataSet="true" msdata:UseCurrentLocale="true">
      <xs:complexType>
        <xs:choice minOccurs="0" maxOccurs="unbounded">
          <xs:element name="Fabbisogno">
            <xs:complexType>
              <xs:sequence>
                <xs:element name="Data" type="xs:string" minOccurs="0" />
                <xs:element name="Mercato" type="xs:string" minOccurs="0" />
                <xs:element name="Ora" type="xs:string" minOccurs="0" />
                <xs:element name="Italia" type="xs:string" minOccurs="0" />
                <xs:element name="CNOR" type="xs:string" minOccurs="0" />
                <xs:element name="CSUD" type="xs:string" minOccurs="0" />
                <xs:element name="NORD" type="xs:string" minOccurs="0" />
                <xs:element name="SARD" type="xs:string" minOccurs="0" />
                <xs:element name="SICI" type="xs:string" minOccurs="0" />
                <xs:element name="SUD" type="xs:string" minOccurs="0" />
              </xs:sequence>
            </xs:complexType>
          </xs:element>
        </xs:choice>
      </xs:complexType>
    </xs:element>
  </xs:schema>
  <Fabbisogno>
    <Data>20170214</Data>
    <Mercato>MGP</Mercato>
    <Ora>1</Ora>
    <Italia>27323,62</Italia>
    <CNOR>2789,22</CNOR>
    <CSUD>4081,902</CSUD>
    <NORD>15872,8</NORD>
    <SARD>788,497</SARD>
    <SICI>1632,911</SICI>
    <SUD>2158,29</SUD>
  </Fabbisogno>
  <Fabbisogno>
    <Data>20170214</Data>
    <Mercato>MGP</Mercato>
    <Ora>2</Ora>
    <Italia>25482,983</Italia>
    <CNOR>2765,243</CNOR>
    <CSUD>3775,546</CSUD>
    <NORD>14733,417</NORD>
    <SARD>741,406</SARD>
    <SICI>1470,303</SICI>
    <SUD>1997,068</SUD>
  </Fabbisogno>
  <Fabbisogno>
    <Data>20170214</Data>
    <Mercato>MGP</Mercato>
    <Ora>3</Ora>
    <Italia>24640,629</Italia>
    <CNOR>2655,846</CNOR>
    <CSUD>3617,15</CSUD>
    <NORD>14328,333</NORD>
    <SARD>716,362</SARD>
    <SICI>1399,727</SICI>
    <SUD>1923,211</SUD>
  </Fabbisogno>
  <Fabbisogno>
    <Data>20170214</Data>
    <Mercato>MGP</Mercato>
    <Ora>4</Ora>
    <Italia>24603,891</Italia>
    <CNOR>2633,937</CNOR>
    <CSUD>3656,711</CSUD>
    <NORD>14293,709</NORD>
    <SARD>719,409</SARD>
    <SICI>1377,16</SICI>
    <SUD>1922,965</SUD>
  </Fabbisogno>
  <Fabbisogno>
    <Data>20170214</Data>
    <Mercato>MGP</Mercato>
    <Ora>5</Ora>
    <Italia>24888,106</Italia>
    <CNOR>2662,8</CNOR>
    <CSUD>3659,887</CSUD>
    <NORD>14516,471</NORD>
    <SARD>723,019</SARD>
    <SICI>1393,475</SICI>
    <SUD>1932,454</SUD>
  </Fabbisogno>
  <Fabbisogno>
    <Data>20170214</Data>
    <Mercato>MGP</Mercato>
    <Ora>6</Ora>
    <Italia>26463,678</Italia>
    <CNOR>2793,021</CNOR>
    <CSUD>3900,812</CSUD>
    <NORD>15552,136</NORD>
    <SARD>749,7</SARD>
    <SICI>1454,303</SICI>
    <SUD>2013,706</SUD>
  </Fabbisogno>
  <Fabbisogno>
    <Data>20170214</Data>
    <Mercato>MGP</Mercato>
    <Ora>7</Ora>
    <Italia>31305,599</Italia>
    <CNOR>3213,146</CNOR>
    <CSUD>4505,352</CSUD>
    <NORD>18784,611</NORD>
    <SARD>867,593</SARD>
    <SICI>1650,076</SICI>
    <SUD>2284,821</SUD>
  </Fabbisogno>
  <Fabbisogno>
    <Data>20170214</Data>
    <Mercato>MGP</Mercato>
    <Ora>8</Ora>
    <Italia>37111,313</Italia>
    <CNOR>3845,814</CNOR>
    <CSUD>5269,117</CSUD>
    <NORD>22374,689</NORD>
    <SARD>1022,386</SARD>
    <SICI>1975,058</SICI>
    <SUD>2624,249</SUD>
  </Fabbisogno>
  <Fabbisogno>
    <Data>20170214</Data>
    <Mercato>MGP</Mercato>
    <Ora>9</Ora>
    <Italia>41623,987</Italia>
    <CNOR>4398,251</CNOR>
    <CSUD>5862,668</CSUD>
    <NORD>25157,631</NORD>
    <SARD>1103,224</SARD>
    <SICI>2193,244</SICI>
    <SUD>2908,969</SUD>
  </Fabbisogno>
  <Fabbisogno>
    <Data>20170214</Data>
    <Mercato>MGP</Mercato>
    <Ora>10</Ora>
    <Italia>42785,009</Italia>
    <CNOR>4542,482</CNOR>
    <CSUD>5975,825</CSUD>
    <NORD>26094,477</NORD>
    <SARD>1085,54</SARD>
    <SICI>2209,849</SICI>
    <SUD>2876,836</SUD>
  </Fabbisogno>
  <Fabbisogno>
    <Data>20170214</Data>
    <Mercato>MGP</Mercato>
    <Ora>11</Ora>
    <Italia>42132,098</Italia>
    <CNOR>4536,863</CNOR>
    <CSUD>5972,901</CSUD>
    <NORD>25661,371</NORD>
    <SARD>1056,387</SARD>
    <SICI>2153,295</SICI>
    <SUD>2751,281</SUD>
  </Fabbisogno>
  <Fabbisogno>
    <Data>20170214</Data>
    <Mercato>MGP</Mercato>
    <Ora>12</Ora>
    <Italia>41493,714</Italia>
    <CNOR>4437,328</CNOR>
    <CSUD>5898,352</CSUD>
    <NORD>25262,463</NORD>
    <SARD>1040,029</SARD>
    <SICI>2144,884</SICI>
    <SUD>2710,658</SUD>
  </Fabbisogno>
  <Fabbisogno>
    <Data>20170214</Data>
    <Mercato>MGP</Mercato>
    <Ora>13</Ora>
    <Italia>39525,623</Italia>
    <CNOR>4207,562</CNOR>
    <CSUD>5759,346</CSUD>
    <NORD>23703,403</NORD>
    <SARD>1021,432</SARD>
    <SICI>2109,909</SICI>
    <SUD>2723,971</SUD>
  </Fabbisogno>
  <Fabbisogno>
    <Data>20170214</Data>
    <Mercato>MGP</Mercato>
    <Ora>14</Ora>
    <Italia>39058,736</Italia>
    <CNOR>4015,592</CNOR>
    <CSUD>5550,454</CSUD>
    <NORD>23832,816</NORD>
    <SARD>971,962</SARD>
    <SICI>2068,156</SICI>
    <SUD>2619,756</SUD>
  </Fabbisogno>
  <Fabbisogno>
    <Data>20170214</Data>
    <Mercato>MGP</Mercato>
    <Ora>15</Ora>
    <Italia>40575,163</Italia>
    <CNOR>4298,311</CNOR>
    <CSUD>5610,81</CSUD>
    <NORD>24987,857</NORD>
    <SARD>979,606</SARD>
    <SICI>2095,083</SICI>
    <SUD>2603,496</SUD>
  </Fabbisogno>
  <Fabbisogno>
    <Data>20170214</Data>
    <Mercato>MGP</Mercato>
    <Ora>16</Ora>
    <Italia>41009,319</Italia>
    <CNOR>4443,007</CNOR>
    <CSUD>5764,174</CSUD>
    <NORD>24975,752</NORD>
    <SARD>991,962</SARD>
    <SICI>2128,25</SICI>
    <SUD>2706,174</SUD>
  </Fabbisogno>
  <Fabbisogno>
    <Data>20170214</Data>
    <Mercato>MGP</Mercato>
    <Ora>17</Ora>
    <Italia>41861,758</Italia>
    <CNOR>4512,566</CNOR>
    <CSUD>5928,454</CSUD>
    <NORD>25291,488</NORD>
    <SARD>1026,044</SARD>
    <SICI>2228,159</SICI>
    <SUD>2875,047</SUD>
  </Fabbisogno>
  <Fabbisogno>
    <Data>20170214</Data>
    <Mercato>MGP</Mercato>
    <Ora>18</Ora>
    <Italia>42948,109</Italia>
    <CNOR>4676,956</CNOR>
    <CSUD>6357,907</CSUD>
    <NORD>25122,008</NORD>
    <SARD>1083,966</SARD>
    <SICI>2402,256</SICI>
    <SUD>3305,016</SUD>
  </Fabbisogno>
  <Fabbisogno>
    <Data>20170214</Data>
    <Mercato>MGP</Mercato>
    <Ora>19</Ora>
    <Italia>43974,763</Italia>
    <CNOR>4721,587</CNOR>
    <CSUD>6844,975</CSUD>
    <NORD>25031,491</NORD>
    <SARD>1173,311</SARD>
    <SICI>2656,831</SICI>
    <SUD>3546,568</SUD>
  </Fabbisogno>
  <Fabbisogno>
    <Data>20170214</Data>
    <Mercato>MGP</Mercato>
    <Ora>20</Ora>
    <Italia>42919,662</Italia>
    <CNOR>4679,563</CNOR>
    <CSUD>6931,84</CSUD>
    <NORD>23873,315</NORD>
    <SARD>1199,789</SARD>
    <SICI>2699,748</SICI>
    <SUD>3535,407</SUD>
  </Fabbisogno>
  <Fabbisogno>
    <Data>20170214</Data>
    <Mercato>MGP</Mercato>
    <Ora>21</Ora>
    <Italia>40581,178</Italia>
    <CNOR>4399,047</CNOR>
    <CSUD>6726,649</CSUD>
    <NORD>22232,673</NORD>
    <SARD>1178,611</SARD>
    <SICI>2615,775</SICI>
    <SUD>3428,423</SUD>
  </Fabbisogno>
  <Fabbisogno>
    <Data>20170214</Data>
    <Mercato>MGP</Mercato>
    <Ora>22</Ora>
    <Italia>37461,357</Italia>
    <CNOR>4039,669</CNOR>
    <CSUD>6086,82</CSUD>
    <NORD>20710,188</NORD>
    <SARD>1083,64</SARD>
    <SICI>2427,22</SICI>
    <SUD>3113,82</SUD>
  </Fabbisogno>
  <Fabbisogno>
    <Data>20170214</Data>
    <Mercato>MGP</Mercato>
    <Ora>23</Ora>
    <Italia>33244,49</Italia>
    <CNOR>3522,237</CNOR>
    <CSUD>5403,287</CSUD>
    <NORD>18420,854</NORD>
    <SARD>983,792</SARD>
    <SICI>2166,969</SICI>
    <SUD>2747,351</SUD>
  </Fabbisogno>
  <Fabbisogno>
    <Data>20170214</Data>
    <Mercato>MGP</Mercato>
    <Ora>24</Ora>
    <Italia>30032,627</Italia>
    <CNOR>3091,064</CNOR>
    <CSUD>4610,313</CSUD>
    <NORD>17213,321</NORD>
    <SARD>875,028</SARD>
    <SICI>1862,779</SICI>
    <SUD>2380,122</SUD>
  </Fabbisogno>
</NewDataSet>