<?xml version="1.0" standalone="yes"?>
<NewDataSet>
  <xs:schema id="NewDataSet" xmlns="" xmlns:xs="http://www.w3.org/2001/XMLSchema" xmlns:msdata="urn:schemas-microsoft-com:xml-msdata">
    <xs:element name="NewDataSet" msdata:IsDataSet="true" msdata:UseCurrentLocale="true">
      <xs:complexType>
        <xs:choice minOccurs="0" maxOccurs="unbounded">
          <xs:element name="Fabbisogno">
            <xs:complexType>
              <xs:sequence>
                <xs:element name="Data" type="xs:string" minOccurs="0" />
                <xs:element name="Mercato" type="xs:string" minOccurs="0" />
                <xs:element name="Ora" type="xs:string" minOccurs="0" />
                <xs:element name="Italia" type="xs:string" minOccurs="0" />
                <xs:element name="CNOR" type="xs:string" minOccurs="0" />
                <xs:element name="CSUD" type="xs:string" minOccurs="0" />
                <xs:element name="NORD" type="xs:string" minOccurs="0" />
                <xs:element name="SARD" type="xs:string" minOccurs="0" />
                <xs:element name="SICI" type="xs:string" minOccurs="0" />
                <xs:element name="SUD" type="xs:string" minOccurs="0" />
              </xs:sequence>
            </xs:complexType>
          </xs:element>
        </xs:choice>
      </xs:complexType>
    </xs:element>
  </xs:schema>
  <Fabbisogno>
    <Data>20170212</Data>
    <Mercato>MGP</Mercato>
    <Ora>1</Ora>
    <Italia>25913,646</Italia>
    <CNOR>2805,095</CNOR>
    <CSUD>4403,894</CSUD>
    <NORD>13776,92</NORD>
    <SARD>836,979</SARD>
    <SICI>1853,055</SICI>
    <SUD>2237,703</SUD>
  </Fabbisogno>
  <Fabbisogno>
    <Data>20170212</Data>
    <Mercato>MGP</Mercato>
    <Ora>2</Ora>
    <Italia>23937,027</Italia>
    <CNOR>2575,51</CNOR>
    <CSUD>3996,418</CSUD>
    <NORD>12877,973</NORD>
    <SARD>778,668</SARD>
    <SICI>1681,021</SICI>
    <SUD>2027,437</SUD>
  </Fabbisogno>
  <Fabbisogno>
    <Data>20170212</Data>
    <Mercato>MGP</Mercato>
    <Ora>3</Ora>
    <Italia>22709,411</Italia>
    <CNOR>2481,768</CNOR>
    <CSUD>3697,182</CSUD>
    <NORD>12326,541</NORD>
    <SARD>741,762</SARD>
    <SICI>1564,795</SICI>
    <SUD>1897,363</SUD>
  </Fabbisogno>
  <Fabbisogno>
    <Data>20170212</Data>
    <Mercato>MGP</Mercato>
    <Ora>4</Ora>
    <Italia>21892,361</Italia>
    <CNOR>2276,949</CNOR>
    <CSUD>3528,381</CSUD>
    <NORD>12069,204</NORD>
    <SARD>722,058</SARD>
    <SICI>1478,824</SICI>
    <SUD>1816,945</SUD>
  </Fabbisogno>
  <Fabbisogno>
    <Data>20170212</Data>
    <Mercato>MGP</Mercato>
    <Ora>5</Ora>
    <Italia>21775,986</Italia>
    <CNOR>2243,905</CNOR>
    <CSUD>3457,616</CSUD>
    <NORD>12136,447</NORD>
    <SARD>713,478</SARD>
    <SICI>1430,505</SICI>
    <SUD>1794,035</SUD>
  </Fabbisogno>
  <Fabbisogno>
    <Data>20170212</Data>
    <Mercato>MGP</Mercato>
    <Ora>6</Ora>
    <Italia>22143,434</Italia>
    <CNOR>2223,388</CNOR>
    <CSUD>3528,578</CSUD>
    <NORD>12403,888</NORD>
    <SARD>730,877</SARD>
    <SICI>1438,383</SICI>
    <SUD>1818,32</SUD>
  </Fabbisogno>
  <Fabbisogno>
    <Data>20170212</Data>
    <Mercato>MGP</Mercato>
    <Ora>7</Ora>
    <Italia>23491,034</Italia>
    <CNOR>2329,981</CNOR>
    <CSUD>3752,342</CSUD>
    <NORD>13231,871</NORD>
    <SARD>776,976</SARD>
    <SICI>1491,429</SICI>
    <SUD>1908,435</SUD>
  </Fabbisogno>
  <Fabbisogno>
    <Data>20170212</Data>
    <Mercato>MGP</Mercato>
    <Ora>8</Ora>
    <Italia>24194,99</Italia>
    <CNOR>2349,49</CNOR>
    <CSUD>3825,187</CSUD>
    <NORD>13736,62</NORD>
    <SARD>800,584</SARD>
    <SICI>1535,309</SICI>
    <SUD>1947,8</SUD>
  </Fabbisogno>
  <Fabbisogno>
    <Data>20170212</Data>
    <Mercato>MGP</Mercato>
    <Ora>9</Ora>
    <Italia>26394,726</Italia>
    <CNOR>2664,373</CNOR>
    <CSUD>4355,763</CSUD>
    <NORD>14481,83</NORD>
    <SARD>878,995</SARD>
    <SICI>1809,267</SICI>
    <SUD>2204,498</SUD>
  </Fabbisogno>
  <Fabbisogno>
    <Data>20170212</Data>
    <Mercato>MGP</Mercato>
    <Ora>10</Ora>
    <Italia>28507,238</Italia>
    <CNOR>2860,756</CNOR>
    <CSUD>4719,144</CSUD>
    <NORD>15627,733</NORD>
    <SARD>930,807</SARD>
    <SICI>2004,131</SICI>
    <SUD>2364,667</SUD>
  </Fabbisogno>
  <Fabbisogno>
    <Data>20170212</Data>
    <Mercato>MGP</Mercato>
    <Ora>11</Ora>
    <Italia>29572,574</Italia>
    <CNOR>3062,099</CNOR>
    <CSUD>4965,416</CSUD>
    <NORD>16099,342</NORD>
    <SARD>952,88</SARD>
    <SICI>2087,71</SICI>
    <SUD>2405,127</SUD>
  </Fabbisogno>
  <Fabbisogno>
    <Data>20170212</Data>
    <Mercato>MGP</Mercato>
    <Ora>12</Ora>
    <Italia>29835,79</Italia>
    <CNOR>3061,457</CNOR>
    <CSUD>4964,824</CSUD>
    <NORD>16392,681</NORD>
    <SARD>950,232</SARD>
    <SICI>2080,579</SICI>
    <SUD>2386,017</SUD>
  </Fabbisogno>
  <Fabbisogno>
    <Data>20170212</Data>
    <Mercato>MGP</Mercato>
    <Ora>13</Ora>
    <Italia>29385,647</Italia>
    <CNOR>3050,522</CNOR>
    <CSUD>5014,441</CSUD>
    <NORD>15858,619</NORD>
    <SARD>955,122</SARD>
    <SICI>2075,671</SICI>
    <SUD>2431,272</SUD>
  </Fabbisogno>
  <Fabbisogno>
    <Data>20170212</Data>
    <Mercato>MGP</Mercato>
    <Ora>14</Ora>
    <Italia>27833,431</Italia>
    <CNOR>2854,827</CNOR>
    <CSUD>4788,512</CSUD>
    <NORD>15018,293</NORD>
    <SARD>907,437</SARD>
    <SICI>1997,092</SICI>
    <SUD>2267,27</SUD>
  </Fabbisogno>
  <Fabbisogno>
    <Data>20170212</Data>
    <Mercato>MGP</Mercato>
    <Ora>15</Ora>
    <Italia>27220,327</Italia>
    <CNOR>2843,223</CNOR>
    <CSUD>4604,275</CSUD>
    <NORD>14842,793</NORD>
    <SARD>880,097</SARD>
    <SICI>1907,256</SICI>
    <SUD>2142,683</SUD>
  </Fabbisogno>
  <Fabbisogno>
    <Data>20170212</Data>
    <Mercato>MGP</Mercato>
    <Ora>16</Ora>
    <Italia>27423,405</Italia>
    <CNOR>2845,896</CNOR>
    <CSUD>4702,463</CSUD>
    <NORD>14862,754</NORD>
    <SARD>874,719</SARD>
    <SICI>1912,926</SICI>
    <SUD>2224,647</SUD>
  </Fabbisogno>
  <Fabbisogno>
    <Data>20170212</Data>
    <Mercato>MGP</Mercato>
    <Ora>17</Ora>
    <Italia>28032,595</Italia>
    <CNOR>2944,187</CNOR>
    <CSUD>4780,441</CSUD>
    <NORD>15102,504</NORD>
    <SARD>900,698</SARD>
    <SICI>1953,148</SICI>
    <SUD>2351,617</SUD>
  </Fabbisogno>
  <Fabbisogno>
    <Data>20170212</Data>
    <Mercato>MGP</Mercato>
    <Ora>18</Ora>
    <Italia>30442,306</Italia>
    <CNOR>3207,509</CNOR>
    <CSUD>5234,82</CSUD>
    <NORD>16243,61</NORD>
    <SARD>961,46</SARD>
    <SICI>2097,388</SICI>
    <SUD>2697,519</SUD>
  </Fabbisogno>
  <Fabbisogno>
    <Data>20170212</Data>
    <Mercato>MGP</Mercato>
    <Ora>19</Ora>
    <Italia>33374,482</Italia>
    <CNOR>3565,827</CNOR>
    <CSUD>5819,514</CSUD>
    <NORD>17629,368</NORD>
    <SARD>1059,237</SARD>
    <SICI>2312,799</SICI>
    <SUD>2987,737</SUD>
  </Fabbisogno>
  <Fabbisogno>
    <Data>20170212</Data>
    <Mercato>MGP</Mercato>
    <Ora>20</Ora>
    <Italia>34247,968</Italia>
    <CNOR>3703,275</CNOR>
    <CSUD>6015,822</CSUD>
    <NORD>18001,416</NORD>
    <SARD>1104,054</SARD>
    <SICI>2371,002</SICI>
    <SUD>3052,399</SUD>
  </Fabbisogno>
  <Fabbisogno>
    <Data>20170212</Data>
    <Mercato>MGP</Mercato>
    <Ora>21</Ora>
    <Italia>33298,044</Italia>
    <CNOR>3610,454</CNOR>
    <CSUD>6032,126</CSUD>
    <NORD>17090,801</NORD>
    <SARD>1111,845</SARD>
    <SICI>2400,703</SICI>
    <SUD>3052,115</SUD>
  </Fabbisogno>
  <Fabbisogno>
    <Data>20170212</Data>
    <Mercato>MGP</Mercato>
    <Ora>22</Ora>
    <Italia>31567,233</Italia>
    <CNOR>3434,181</CNOR>
    <CSUD>5716,309</CSUD>
    <NORD>16152,743</NORD>
    <SARD>1051,124</SARD>
    <SICI>2308,969</SICI>
    <SUD>2903,907</SUD>
  </Fabbisogno>
  <Fabbisogno>
    <Data>20170212</Data>
    <Mercato>MGP</Mercato>
    <Ora>23</Ora>
    <Italia>29117,767</Italia>
    <CNOR>3171,934</CNOR>
    <CSUD>5212,644</CSUD>
    <NORD>14998,08</NORD>
    <SARD>966,635</SARD>
    <SICI>2133,46</SICI>
    <SUD>2635,014</SUD>
  </Fabbisogno>
  <Fabbisogno>
    <Data>20170212</Data>
    <Mercato>MGP</Mercato>
    <Ora>24</Ora>
    <Italia>26245,145</Italia>
    <CNOR>2733,763</CNOR>
    <CSUD>4535,672</CSUD>
    <NORD>13892,465</NORD>
    <SARD>869,46</SARD>
    <SICI>1892,953</SICI>
    <SUD>2320,832</SUD>
  </Fabbisogno>
</NewDataSet>