<?xml version="1.0" standalone="yes"?>
<NewDataSet>
  <xs:schema id="NewDataSet" xmlns="" xmlns:xs="http://www.w3.org/2001/XMLSchema" xmlns:msdata="urn:schemas-microsoft-com:xml-msdata">
    <xs:element name="NewDataSet" msdata:IsDataSet="true" msdata:UseCurrentLocale="true">
      <xs:complexType>
        <xs:choice minOccurs="0" maxOccurs="unbounded">
          <xs:element name="Fabbisogno">
            <xs:complexType>
              <xs:sequence>
                <xs:element name="Data" type="xs:string" minOccurs="0" />
                <xs:element name="Mercato" type="xs:string" minOccurs="0" />
                <xs:element name="Ora" type="xs:string" minOccurs="0" />
                <xs:element name="Italia" type="xs:string" minOccurs="0" />
                <xs:element name="CNOR" type="xs:string" minOccurs="0" />
                <xs:element name="CSUD" type="xs:string" minOccurs="0" />
                <xs:element name="NORD" type="xs:string" minOccurs="0" />
                <xs:element name="SARD" type="xs:string" minOccurs="0" />
                <xs:element name="SICI" type="xs:string" minOccurs="0" />
                <xs:element name="SUD" type="xs:string" minOccurs="0" />
              </xs:sequence>
            </xs:complexType>
          </xs:element>
        </xs:choice>
      </xs:complexType>
    </xs:element>
  </xs:schema>
  <Fabbisogno>
    <Data>20170228</Data>
    <Mercato>MGP</Mercato>
    <Ora>1</Ora>
    <Italia>26687,408</Italia>
    <CNOR>2748,826</CNOR>
    <CSUD>4108,496</CSUD>
    <NORD>15302,086</NORD>
    <SARD>808,422</SARD>
    <SICI>1634,458</SICI>
    <SUD>2085,12</SUD>
  </Fabbisogno>
  <Fabbisogno>
    <Data>20170228</Data>
    <Mercato>MGP</Mercato>
    <Ora>2</Ora>
    <Italia>25005,726</Italia>
    <CNOR>2647,553</CNOR>
    <CSUD>3800,826</CSUD>
    <NORD>14354,684</NORD>
    <SARD>760,682</SARD>
    <SICI>1499,696</SICI>
    <SUD>1942,285</SUD>
  </Fabbisogno>
  <Fabbisogno>
    <Data>20170228</Data>
    <Mercato>MGP</Mercato>
    <Ora>3</Ora>
    <Italia>24317,258</Italia>
    <CNOR>2582,352</CNOR>
    <CSUD>3645,421</CSUD>
    <NORD>14064,987</NORD>
    <SARD>734,425</SARD>
    <SICI>1413,857</SICI>
    <SUD>1876,216</SUD>
  </Fabbisogno>
  <Fabbisogno>
    <Data>20170228</Data>
    <Mercato>MGP</Mercato>
    <Ora>4</Ora>
    <Italia>24084,366</Italia>
    <CNOR>2547,463</CNOR>
    <CSUD>3575,939</CSUD>
    <NORD>13996,044</NORD>
    <SARD>731,669</SARD>
    <SICI>1387,606</SICI>
    <SUD>1845,645</SUD>
  </Fabbisogno>
  <Fabbisogno>
    <Data>20170228</Data>
    <Mercato>MGP</Mercato>
    <Ora>5</Ora>
    <Italia>24228,25</Italia>
    <CNOR>2559,368</CNOR>
    <CSUD>3584,028</CSUD>
    <NORD>14110,819</NORD>
    <SARD>733,443</SARD>
    <SICI>1390,537</SICI>
    <SUD>1850,055</SUD>
  </Fabbisogno>
  <Fabbisogno>
    <Data>20170228</Data>
    <Mercato>MGP</Mercato>
    <Ora>6</Ora>
    <Italia>25844,339</Italia>
    <CNOR>2706,616</CNOR>
    <CSUD>3834,151</CSUD>
    <NORD>15112,583</NORD>
    <SARD>769,99</SARD>
    <SICI>1474,952</SICI>
    <SUD>1946,047</SUD>
  </Fabbisogno>
  <Fabbisogno>
    <Data>20170228</Data>
    <Mercato>MGP</Mercato>
    <Ora>7</Ora>
    <Italia>30783,942</Italia>
    <CNOR>3160,591</CNOR>
    <CSUD>4375,461</CSUD>
    <NORD>18526,398</NORD>
    <SARD>883,536</SARD>
    <SICI>1660,364</SICI>
    <SUD>2177,592</SUD>
  </Fabbisogno>
  <Fabbisogno>
    <Data>20170228</Data>
    <Mercato>MGP</Mercato>
    <Ora>8</Ora>
    <Italia>36299,692</Italia>
    <CNOR>3827,462</CNOR>
    <CSUD>5099,978</CSUD>
    <NORD>21875,852</NORD>
    <SARD>1026,025</SARD>
    <SICI>1918,354</SICI>
    <SUD>2552,021</SUD>
  </Fabbisogno>
  <Fabbisogno>
    <Data>20170228</Data>
    <Mercato>MGP</Mercato>
    <Ora>9</Ora>
    <Italia>41069,183</Italia>
    <CNOR>4439,934</CNOR>
    <CSUD>5841,362</CSUD>
    <NORD>24663,865</NORD>
    <SARD>1122,062</SARD>
    <SICI>2198,499</SICI>
    <SUD>2803,461</SUD>
  </Fabbisogno>
  <Fabbisogno>
    <Data>20170228</Data>
    <Mercato>MGP</Mercato>
    <Ora>10</Ora>
    <Italia>41796,803</Italia>
    <CNOR>4552,561</CNOR>
    <CSUD>6024,174</CSUD>
    <NORD>25130,84</NORD>
    <SARD>1105,111</SARD>
    <SICI>2214,782</SICI>
    <SUD>2769,335</SUD>
  </Fabbisogno>
  <Fabbisogno>
    <Data>20170228</Data>
    <Mercato>MGP</Mercato>
    <Ora>11</Ora>
    <Italia>41135,074</Italia>
    <CNOR>4485,199</CNOR>
    <CSUD>5888,962</CSUD>
    <NORD>24897,351</NORD>
    <SARD>1069,016</SARD>
    <SICI>2158,042</SICI>
    <SUD>2636,504</SUD>
  </Fabbisogno>
  <Fabbisogno>
    <Data>20170228</Data>
    <Mercato>MGP</Mercato>
    <Ora>12</Ora>
    <Italia>40806,184</Italia>
    <CNOR>4432,629</CNOR>
    <CSUD>5866,792</CSUD>
    <NORD>24770,446</NORD>
    <SARD>1052,649</SARD>
    <SICI>2110,15</SICI>
    <SUD>2573,518</SUD>
  </Fabbisogno>
  <Fabbisogno>
    <Data>20170228</Data>
    <Mercato>MGP</Mercato>
    <Ora>13</Ora>
    <Italia>38682,193</Italia>
    <CNOR>4136,596</CNOR>
    <CSUD>5882,056</CSUD>
    <NORD>22974,092</NORD>
    <SARD>1033,812</SARD>
    <SICI>2087,99</SICI>
    <SUD>2567,647</SUD>
  </Fabbisogno>
  <Fabbisogno>
    <Data>20170228</Data>
    <Mercato>MGP</Mercato>
    <Ora>14</Ora>
    <Italia>38310,2</Italia>
    <CNOR>4025,142</CNOR>
    <CSUD>5633,187</CSUD>
    <NORD>23152,422</NORD>
    <SARD>997,997</SARD>
    <SICI>2015,711</SICI>
    <SUD>2485,741</SUD>
  </Fabbisogno>
  <Fabbisogno>
    <Data>20170228</Data>
    <Mercato>MGP</Mercato>
    <Ora>15</Ora>
    <Italia>39490,133</Italia>
    <CNOR>4211,315</CNOR>
    <CSUD>5679,358</CSUD>
    <NORD>24108,153</NORD>
    <SARD>1003,6</SARD>
    <SICI>2023,499</SICI>
    <SUD>2464,208</SUD>
  </Fabbisogno>
  <Fabbisogno>
    <Data>20170228</Data>
    <Mercato>MGP</Mercato>
    <Ora>16</Ora>
    <Italia>40118,988</Italia>
    <CNOR>4375,284</CNOR>
    <CSUD>5802,176</CSUD>
    <NORD>24225,511</NORD>
    <SARD>1013,794</SARD>
    <SICI>2091,004</SICI>
    <SUD>2611,219</SUD>
  </Fabbisogno>
  <Fabbisogno>
    <Data>20170228</Data>
    <Mercato>MGP</Mercato>
    <Ora>17</Ora>
    <Italia>40438,396</Italia>
    <CNOR>4414,317</CNOR>
    <CSUD>5891,973</CSUD>
    <NORD>24140,89</NORD>
    <SARD>1036,943</SARD>
    <SICI>2173,945</SICI>
    <SUD>2780,328</SUD>
  </Fabbisogno>
  <Fabbisogno>
    <Data>20170228</Data>
    <Mercato>MGP</Mercato>
    <Ora>18</Ora>
    <Italia>40927,705</Italia>
    <CNOR>4573,211</CNOR>
    <CSUD>6250,877</CSUD>
    <NORD>23537,184</NORD>
    <SARD>1114,553</SARD>
    <SICI>2309,745</SICI>
    <SUD>3142,135</SUD>
  </Fabbisogno>
  <Fabbisogno>
    <Data>20170228</Data>
    <Mercato>MGP</Mercato>
    <Ora>19</Ora>
    <Italia>42137,687</Italia>
    <CNOR>4801,249</CNOR>
    <CSUD>6816,132</CSUD>
    <NORD>23347,457</NORD>
    <SARD>1205,873</SARD>
    <SICI>2547,067</SICI>
    <SUD>3419,909</SUD>
  </Fabbisogno>
  <Fabbisogno>
    <Data>20170228</Data>
    <Mercato>MGP</Mercato>
    <Ora>20</Ora>
    <Italia>41422,607</Italia>
    <CNOR>4703,935</CNOR>
    <CSUD>6826,086</CSUD>
    <NORD>22677,24</NORD>
    <SARD>1229,822</SARD>
    <SICI>2594,07</SICI>
    <SUD>3391,454</SUD>
  </Fabbisogno>
  <Fabbisogno>
    <Data>20170228</Data>
    <Mercato>MGP</Mercato>
    <Ora>21</Ora>
    <Italia>39148,42</Italia>
    <CNOR>4357,741</CNOR>
    <CSUD>6525,608</CSUD>
    <NORD>21195,717</NORD>
    <SARD>1207,352</SARD>
    <SICI>2562,195</SICI>
    <SUD>3299,807</SUD>
  </Fabbisogno>
  <Fabbisogno>
    <Data>20170228</Data>
    <Mercato>MGP</Mercato>
    <Ora>22</Ora>
    <Italia>36245,863</Italia>
    <CNOR>4004,249</CNOR>
    <CSUD>5961,816</CSUD>
    <NORD>19768,627</NORD>
    <SARD>1110,127</SARD>
    <SICI>2383,623</SICI>
    <SUD>3017,421</SUD>
  </Fabbisogno>
  <Fabbisogno>
    <Data>20170228</Data>
    <Mercato>MGP</Mercato>
    <Ora>23</Ora>
    <Italia>32320,823</Italia>
    <CNOR>3511,031</CNOR>
    <CSUD>5298,663</CSUD>
    <NORD>17696,381</NORD>
    <SARD>1013,632</SARD>
    <SICI>2138,161</SICI>
    <SUD>2662,955</SUD>
  </Fabbisogno>
  <Fabbisogno>
    <Data>20170228</Data>
    <Mercato>MGP</Mercato>
    <Ora>24</Ora>
    <Italia>29288,575</Italia>
    <CNOR>3223,334</CNOR>
    <CSUD>4662,214</CSUD>
    <NORD>16320,963</NORD>
    <SARD>890,175</SARD>
    <SICI>1846,378</SICI>
    <SUD>2345,511</SUD>
  </Fabbisogno>
</NewDataSet>