<?xml version="1.0" standalone="yes"?>
<NewDataSet>
  <xs:schema id="NewDataSet" xmlns="" xmlns:xs="http://www.w3.org/2001/XMLSchema" xmlns:msdata="urn:schemas-microsoft-com:xml-msdata">
    <xs:element name="NewDataSet" msdata:IsDataSet="true" msdata:UseCurrentLocale="true">
      <xs:complexType>
        <xs:choice minOccurs="0" maxOccurs="unbounded">
          <xs:element name="Fabbisogno">
            <xs:complexType>
              <xs:sequence>
                <xs:element name="Data" type="xs:string" minOccurs="0" />
                <xs:element name="Mercato" type="xs:string" minOccurs="0" />
                <xs:element name="Ora" type="xs:string" minOccurs="0" />
                <xs:element name="Italia" type="xs:string" minOccurs="0" />
                <xs:element name="CNOR" type="xs:string" minOccurs="0" />
                <xs:element name="CSUD" type="xs:string" minOccurs="0" />
                <xs:element name="NORD" type="xs:string" minOccurs="0" />
                <xs:element name="SARD" type="xs:string" minOccurs="0" />
                <xs:element name="SICI" type="xs:string" minOccurs="0" />
                <xs:element name="SUD" type="xs:string" minOccurs="0" />
              </xs:sequence>
            </xs:complexType>
          </xs:element>
        </xs:choice>
      </xs:complexType>
    </xs:element>
  </xs:schema>
  <Fabbisogno>
    <Data>20170202</Data>
    <Mercato>MGP</Mercato>
    <Ora>1</Ora>
    <Italia>27603,22</Italia>
    <CNOR>2921,478</CNOR>
    <CSUD>4210,405</CSUD>
    <NORD>15918,37</NORD>
    <SARD>801,758999999999</SARD>
    <SICI>1627,816</SICI>
    <SUD>2123,392</SUD>
  </Fabbisogno>
  <Fabbisogno>
    <Data>20170202</Data>
    <Mercato>MGP</Mercato>
    <Ora>2</Ora>
    <Italia>26015,101</Italia>
    <CNOR>2795,369</CNOR>
    <CSUD>3860,596</CSUD>
    <NORD>15171,951</NORD>
    <SARD>747,587</SARD>
    <SICI>1480,688</SICI>
    <SUD>1958,91</SUD>
  </Fabbisogno>
  <Fabbisogno>
    <Data>20170202</Data>
    <Mercato>MGP</Mercato>
    <Ora>3</Ora>
    <Italia>25178,638</Italia>
    <CNOR>2700,986</CNOR>
    <CSUD>3677,621</CSUD>
    <NORD>14762,875</NORD>
    <SARD>719,29</SARD>
    <SICI>1398,979</SICI>
    <SUD>1918,887</SUD>
  </Fabbisogno>
  <Fabbisogno>
    <Data>20170202</Data>
    <Mercato>MGP</Mercato>
    <Ora>4</Ora>
    <Italia>25067,893</Italia>
    <CNOR>2655,113</CNOR>
    <CSUD>3727,918</CSUD>
    <NORD>14713,486</NORD>
    <SARD>712,81</SARD>
    <SICI>1375,35</SICI>
    <SUD>1883,216</SUD>
  </Fabbisogno>
  <Fabbisogno>
    <Data>20170202</Data>
    <Mercato>MGP</Mercato>
    <Ora>5</Ora>
    <Italia>25568,29</Italia>
    <CNOR>2730,77</CNOR>
    <CSUD>3827,373</CSUD>
    <NORD>14985,607</NORD>
    <SARD>723,139</SARD>
    <SICI>1375,757</SICI>
    <SUD>1925,644</SUD>
  </Fabbisogno>
  <Fabbisogno>
    <Data>20170202</Data>
    <Mercato>MGP</Mercato>
    <Ora>6</Ora>
    <Italia>27233,704</Italia>
    <CNOR>2906,878</CNOR>
    <CSUD>4076,865</CSUD>
    <NORD>16009,338</NORD>
    <SARD>760,634</SARD>
    <SICI>1442,572</SICI>
    <SUD>2037,417</SUD>
  </Fabbisogno>
  <Fabbisogno>
    <Data>20170202</Data>
    <Mercato>MGP</Mercato>
    <Ora>7</Ora>
    <Italia>31881,578</Italia>
    <CNOR>3234,197</CNOR>
    <CSUD>4698,182</CSUD>
    <NORD>19157,54</NORD>
    <SARD>878,863</SARD>
    <SICI>1644,158</SICI>
    <SUD>2268,638</SUD>
  </Fabbisogno>
  <Fabbisogno>
    <Data>20170202</Data>
    <Mercato>MGP</Mercato>
    <Ora>8</Ora>
    <Italia>38454,576</Italia>
    <CNOR>4000,446</CNOR>
    <CSUD>5636,636</CSUD>
    <NORD>22997,447</NORD>
    <SARD>1061,266</SARD>
    <SICI>1999,064</SICI>
    <SUD>2759,717</SUD>
  </Fabbisogno>
  <Fabbisogno>
    <Data>20170202</Data>
    <Mercato>MGP</Mercato>
    <Ora>9</Ora>
    <Italia>42159,2</Italia>
    <CNOR>4476,879</CNOR>
    <CSUD>6057,66</CSUD>
    <NORD>25287,934</NORD>
    <SARD>1112,899</SARD>
    <SICI>2221,695</SICI>
    <SUD>3002,133</SUD>
  </Fabbisogno>
  <Fabbisogno>
    <Data>20170202</Data>
    <Mercato>MGP</Mercato>
    <Ora>10</Ora>
    <Italia>43403,133</Italia>
    <CNOR>4712,918</CNOR>
    <CSUD>6293,916</CSUD>
    <NORD>25946,625</NORD>
    <SARD>1090,023</SARD>
    <SICI>2291,492</SICI>
    <SUD>3068,159</SUD>
  </Fabbisogno>
  <Fabbisogno>
    <Data>20170202</Data>
    <Mercato>MGP</Mercato>
    <Ora>11</Ora>
    <Italia>42660,196</Italia>
    <CNOR>4543,617</CNOR>
    <CSUD>6193,942</CSUD>
    <NORD>25805,659</NORD>
    <SARD>1037,898</SARD>
    <SICI>2206,743</SICI>
    <SUD>2872,337</SUD>
  </Fabbisogno>
  <Fabbisogno>
    <Data>20170202</Data>
    <Mercato>MGP</Mercato>
    <Ora>12</Ora>
    <Italia>42213,189</Italia>
    <CNOR>4567,389</CNOR>
    <CSUD>6180,293</CSUD>
    <NORD>25472,736</NORD>
    <SARD>1004,151</SARD>
    <SICI>2166,073</SICI>
    <SUD>2822,547</SUD>
  </Fabbisogno>
  <Fabbisogno>
    <Data>20170202</Data>
    <Mercato>MGP</Mercato>
    <Ora>13</Ora>
    <Italia>39685,869</Italia>
    <CNOR>4258,27</CNOR>
    <CSUD>5988,595</CSUD>
    <NORD>23566,426</NORD>
    <SARD>988,621</SARD>
    <SICI>2105,395</SICI>
    <SUD>2778,562</SUD>
  </Fabbisogno>
  <Fabbisogno>
    <Data>20170202</Data>
    <Mercato>MGP</Mercato>
    <Ora>14</Ora>
    <Italia>39017,192</Italia>
    <CNOR>4112,481</CNOR>
    <CSUD>5796,149</CSUD>
    <NORD>23435,573</NORD>
    <SARD>955,561</SARD>
    <SICI>2031,367</SICI>
    <SUD>2686,061</SUD>
  </Fabbisogno>
  <Fabbisogno>
    <Data>20170202</Data>
    <Mercato>MGP</Mercato>
    <Ora>15</Ora>
    <Italia>40283,573</Italia>
    <CNOR>4295,052</CNOR>
    <CSUD>5868,323</CSUD>
    <NORD>24442,109</NORD>
    <SARD>953,835</SARD>
    <SICI>2029,542</SICI>
    <SUD>2694,712</SUD>
  </Fabbisogno>
  <Fabbisogno>
    <Data>20170202</Data>
    <Mercato>MGP</Mercato>
    <Ora>16</Ora>
    <Italia>40976,855</Italia>
    <CNOR>4438,595</CNOR>
    <CSUD>5996,15</CSUD>
    <NORD>24740,019</NORD>
    <SARD>975,605</SARD>
    <SICI>2083,654</SICI>
    <SUD>2742,832</SUD>
  </Fabbisogno>
  <Fabbisogno>
    <Data>20170202</Data>
    <Mercato>MGP</Mercato>
    <Ora>17</Ora>
    <Italia>41891,792</Italia>
    <CNOR>4556,249</CNOR>
    <CSUD>6146,315</CSUD>
    <NORD>25005,476</NORD>
    <SARD>1017,89</SARD>
    <SICI>2203,958</SICI>
    <SUD>2961,904</SUD>
  </Fabbisogno>
  <Fabbisogno>
    <Data>20170202</Data>
    <Mercato>MGP</Mercato>
    <Ora>18</Ora>
    <Italia>42371,096</Italia>
    <CNOR>4667,221</CNOR>
    <CSUD>6558,767</CSUD>
    <NORD>24330,697</NORD>
    <SARD>1084,258</SARD>
    <SICI>2390,461</SICI>
    <SUD>3339,692</SUD>
  </Fabbisogno>
  <Fabbisogno>
    <Data>20170202</Data>
    <Mercato>MGP</Mercato>
    <Ora>19</Ora>
    <Italia>44288,744</Italia>
    <CNOR>4903,291</CNOR>
    <CSUD>7027,643</CSUD>
    <NORD>24969,311</NORD>
    <SARD>1192,683</SARD>
    <SICI>2607,049</SICI>
    <SUD>3588,767</SUD>
  </Fabbisogno>
  <Fabbisogno>
    <Data>20170202</Data>
    <Mercato>MGP</Mercato>
    <Ora>20</Ora>
    <Italia>42854,81</Italia>
    <CNOR>4674,465</CNOR>
    <CSUD>7063,706</CSUD>
    <NORD>23676,08</NORD>
    <SARD>1210,782</SARD>
    <SICI>2621,017</SICI>
    <SUD>3608,76</SUD>
  </Fabbisogno>
  <Fabbisogno>
    <Data>20170202</Data>
    <Mercato>MGP</Mercato>
    <Ora>21</Ora>
    <Italia>40496,044</Italia>
    <CNOR>4345,812</CNOR>
    <CSUD>6697,421</CSUD>
    <NORD>22272,463</NORD>
    <SARD>1177,713</SARD>
    <SICI>2534,585</SICI>
    <SUD>3468,05</SUD>
  </Fabbisogno>
  <Fabbisogno>
    <Data>20170202</Data>
    <Mercato>MGP</Mercato>
    <Ora>22</Ora>
    <Italia>37795,938</Italia>
    <CNOR>4057,488</CNOR>
    <CSUD>6280,975</CSUD>
    <NORD>20860,61</NORD>
    <SARD>1091,213</SARD>
    <SICI>2348,524</SICI>
    <SUD>3157,128</SUD>
  </Fabbisogno>
  <Fabbisogno>
    <Data>20170202</Data>
    <Mercato>MGP</Mercato>
    <Ora>23</Ora>
    <Italia>34106,954</Italia>
    <CNOR>3617,088</CNOR>
    <CSUD>5609,509</CSUD>
    <NORD>18957,208</NORD>
    <SARD>994,086</SARD>
    <SICI>2129,754</SICI>
    <SUD>2799,309</SUD>
  </Fabbisogno>
  <Fabbisogno>
    <Data>20170202</Data>
    <Mercato>MGP</Mercato>
    <Ora>24</Ora>
    <Italia>30327,769</Italia>
    <CNOR>3115,093</CNOR>
    <CSUD>4902,78</CSUD>
    <NORD>17222,799</NORD>
    <SARD>890,498</SARD>
    <SICI>1851,205</SICI>
    <SUD>2345,394</SUD>
  </Fabbisogno>
</NewDataSet>