<?xml version="1.0" standalone="yes"?>
<NewDataSet>
  <xs:schema id="NewDataSet" xmlns="" xmlns:xs="http://www.w3.org/2001/XMLSchema" xmlns:msdata="urn:schemas-microsoft-com:xml-msdata">
    <xs:element name="NewDataSet" msdata:IsDataSet="true" msdata:UseCurrentLocale="true">
      <xs:complexType>
        <xs:choice minOccurs="0" maxOccurs="unbounded">
          <xs:element name="Fabbisogno">
            <xs:complexType>
              <xs:sequence>
                <xs:element name="Data" type="xs:string" minOccurs="0" />
                <xs:element name="Mercato" type="xs:string" minOccurs="0" />
                <xs:element name="Ora" type="xs:string" minOccurs="0" />
                <xs:element name="Italia" type="xs:string" minOccurs="0" />
                <xs:element name="CNOR" type="xs:string" minOccurs="0" />
                <xs:element name="CSUD" type="xs:string" minOccurs="0" />
                <xs:element name="NORD" type="xs:string" minOccurs="0" />
                <xs:element name="SARD" type="xs:string" minOccurs="0" />
                <xs:element name="SICI" type="xs:string" minOccurs="0" />
                <xs:element name="SUD" type="xs:string" minOccurs="0" />
              </xs:sequence>
            </xs:complexType>
          </xs:element>
        </xs:choice>
      </xs:complexType>
    </xs:element>
  </xs:schema>
  <Fabbisogno>
    <Data>20170218</Data>
    <Mercato>MGP</Mercato>
    <Ora>1</Ora>
    <Italia>27468,756</Italia>
    <CNOR>2822,673</CNOR>
    <CSUD>4285,914</CSUD>
    <NORD>15776,807</NORD>
    <SARD>832,494</SARD>
    <SICI>1660,204</SICI>
    <SUD>2090,664</SUD>
  </Fabbisogno>
  <Fabbisogno>
    <Data>20170218</Data>
    <Mercato>MGP</Mercato>
    <Ora>2</Ora>
    <Italia>25699,337</Italia>
    <CNOR>2772,774</CNOR>
    <CSUD>3966,892</CSUD>
    <NORD>14704,762</NORD>
    <SARD>779,12</SARD>
    <SICI>1520,509</SICI>
    <SUD>1955,28</SUD>
  </Fabbisogno>
  <Fabbisogno>
    <Data>20170218</Data>
    <Mercato>MGP</Mercato>
    <Ora>3</Ora>
    <Italia>24736,225</Italia>
    <CNOR>2643,559</CNOR>
    <CSUD>3766,344</CSUD>
    <NORD>14258,654</NORD>
    <SARD>749,286</SARD>
    <SICI>1440,254</SICI>
    <SUD>1878,128</SUD>
  </Fabbisogno>
  <Fabbisogno>
    <Data>20170218</Data>
    <Mercato>MGP</Mercato>
    <Ora>4</Ora>
    <Italia>24134,99</Italia>
    <CNOR>2544,238</CNOR>
    <CSUD>3658,306</CSUD>
    <NORD>14005,335</NORD>
    <SARD>736,21</SARD>
    <SICI>1363,008</SICI>
    <SUD>1827,893</SUD>
  </Fabbisogno>
  <Fabbisogno>
    <Data>20170218</Data>
    <Mercato>MGP</Mercato>
    <Ora>5</Ora>
    <Italia>23995,845</Italia>
    <CNOR>2490,889</CNOR>
    <CSUD>3633,466</CSUD>
    <NORD>13919,568</NORD>
    <SARD>740,482</SARD>
    <SICI>1378,038</SICI>
    <SUD>1833,402</SUD>
  </Fabbisogno>
  <Fabbisogno>
    <Data>20170218</Data>
    <Mercato>MGP</Mercato>
    <Ora>6</Ora>
    <Italia>24923,202</Italia>
    <CNOR>2559,57</CNOR>
    <CSUD>3815,757</CSUD>
    <NORD>14444,612</NORD>
    <SARD>756,202</SARD>
    <SICI>1432,885</SICI>
    <SUD>1914,176</SUD>
  </Fabbisogno>
  <Fabbisogno>
    <Data>20170218</Data>
    <Mercato>MGP</Mercato>
    <Ora>7</Ora>
    <Italia>27432,234</Italia>
    <CNOR>2827,591</CNOR>
    <CSUD>4205,399</CSUD>
    <NORD>15894,015</NORD>
    <SARD>837,718</SARD>
    <SICI>1544,645</SICI>
    <SUD>2122,866</SUD>
  </Fabbisogno>
  <Fabbisogno>
    <Data>20170218</Data>
    <Mercato>MGP</Mercato>
    <Ora>8</Ora>
    <Italia>30553,268</Italia>
    <CNOR>3072,916</CNOR>
    <CSUD>4667,728</CSUD>
    <NORD>17692,399</NORD>
    <SARD>964,008</SARD>
    <SICI>1745,716</SICI>
    <SUD>2410,501</SUD>
  </Fabbisogno>
  <Fabbisogno>
    <Data>20170218</Data>
    <Mercato>MGP</Mercato>
    <Ora>9</Ora>
    <Italia>32757,756</Italia>
    <CNOR>3355,499</CNOR>
    <CSUD>5126,329</CSUD>
    <NORD>18709,653</NORD>
    <SARD>1013,684</SARD>
    <SICI>1963,91</SICI>
    <SUD>2588,681</SUD>
  </Fabbisogno>
  <Fabbisogno>
    <Data>20170218</Data>
    <Mercato>MGP</Mercato>
    <Ora>10</Ora>
    <Italia>33770,915</Italia>
    <CNOR>3493,262</CNOR>
    <CSUD>5368,322</CSUD>
    <NORD>19253,729</NORD>
    <SARD>1025,779</SARD>
    <SICI>2023,841</SICI>
    <SUD>2605,982</SUD>
  </Fabbisogno>
  <Fabbisogno>
    <Data>20170218</Data>
    <Mercato>MGP</Mercato>
    <Ora>11</Ora>
    <Italia>33426,803</Italia>
    <CNOR>3502,948</CNOR>
    <CSUD>5394,741</CSUD>
    <NORD>19017,182</NORD>
    <SARD>995,35</SARD>
    <SICI>1994,163</SICI>
    <SUD>2522,419</SUD>
  </Fabbisogno>
  <Fabbisogno>
    <Data>20170218</Data>
    <Mercato>MGP</Mercato>
    <Ora>12</Ora>
    <Italia>32337,531</Italia>
    <CNOR>3324,505</CNOR>
    <CSUD>5218,954</CSUD>
    <NORD>18455,336</NORD>
    <SARD>938,909</SARD>
    <SICI>1935,544</SICI>
    <SUD>2464,283</SUD>
  </Fabbisogno>
  <Fabbisogno>
    <Data>20170218</Data>
    <Mercato>MGP</Mercato>
    <Ora>13</Ora>
    <Italia>30357,375</Italia>
    <CNOR>3128,598</CNOR>
    <CSUD>5154,705</CSUD>
    <NORD>16807,684</NORD>
    <SARD>928,741</SARD>
    <SICI>1890,125</SICI>
    <SUD>2447,522</SUD>
  </Fabbisogno>
  <Fabbisogno>
    <Data>20170218</Data>
    <Mercato>MGP</Mercato>
    <Ora>14</Ora>
    <Italia>29143,518</Italia>
    <CNOR>2960,832</CNOR>
    <CSUD>4945,529</CSUD>
    <NORD>16052,491</NORD>
    <SARD>906,929</SARD>
    <SICI>1902,802</SICI>
    <SUD>2374,935</SUD>
  </Fabbisogno>
  <Fabbisogno>
    <Data>20170218</Data>
    <Mercato>MGP</Mercato>
    <Ora>15</Ora>
    <Italia>29095,593</Italia>
    <CNOR>2996,938</CNOR>
    <CSUD>4903,366</CSUD>
    <NORD>16078,239</NORD>
    <SARD>910,633</SARD>
    <SICI>1891,442</SICI>
    <SUD>2314,975</SUD>
  </Fabbisogno>
  <Fabbisogno>
    <Data>20170218</Data>
    <Mercato>MGP</Mercato>
    <Ora>16</Ora>
    <Italia>29464,34</Italia>
    <CNOR>3085,07</CNOR>
    <CSUD>4999,401</CSUD>
    <NORD>16102,903</NORD>
    <SARD>932,826</SARD>
    <SICI>1917,07</SICI>
    <SUD>2427,07</SUD>
  </Fabbisogno>
  <Fabbisogno>
    <Data>20170218</Data>
    <Mercato>MGP</Mercato>
    <Ora>17</Ora>
    <Italia>30461,717</Italia>
    <CNOR>3235,458</CNOR>
    <CSUD>5173,517</CSUD>
    <NORD>16494,165</NORD>
    <SARD>953,007</SARD>
    <SICI>1993,33</SICI>
    <SUD>2612,24</SUD>
  </Fabbisogno>
  <Fabbisogno>
    <Data>20170218</Data>
    <Mercato>MGP</Mercato>
    <Ora>18</Ora>
    <Italia>33291,227</Italia>
    <CNOR>3530,111</CNOR>
    <CSUD>5759,054</CSUD>
    <NORD>17708,026</NORD>
    <SARD>1043,815</SARD>
    <SICI>2186,911</SICI>
    <SUD>3063,31</SUD>
  </Fabbisogno>
  <Fabbisogno>
    <Data>20170218</Data>
    <Mercato>MGP</Mercato>
    <Ora>19</Ora>
    <Italia>36986,069</Italia>
    <CNOR>3986,86</CNOR>
    <CSUD>6584,515</CSUD>
    <NORD>19343,347</NORD>
    <SARD>1169,794</SARD>
    <SICI>2473,102</SICI>
    <SUD>3428,451</SUD>
  </Fabbisogno>
  <Fabbisogno>
    <Data>20170218</Data>
    <Mercato>MGP</Mercato>
    <Ora>20</Ora>
    <Italia>37336,659</Italia>
    <CNOR>4175,587</CNOR>
    <CSUD>6726,705</CSUD>
    <NORD>19221,318</NORD>
    <SARD>1215,071</SARD>
    <SICI>2531,567</SICI>
    <SUD>3466,411</SUD>
  </Fabbisogno>
  <Fabbisogno>
    <Data>20170218</Data>
    <Mercato>MGP</Mercato>
    <Ora>21</Ora>
    <Italia>35393,346</Italia>
    <CNOR>3880,799</CNOR>
    <CSUD>6441,376</CSUD>
    <NORD>18031,769</NORD>
    <SARD>1192,102</SARD>
    <SICI>2474,526</SICI>
    <SUD>3372,774</SUD>
  </Fabbisogno>
  <Fabbisogno>
    <Data>20170218</Data>
    <Mercato>MGP</Mercato>
    <Ora>22</Ora>
    <Italia>32696,441</Italia>
    <CNOR>3566,772</CNOR>
    <CSUD>5874,271</CSUD>
    <NORD>16872,893</NORD>
    <SARD>1090,235</SARD>
    <SICI>2266,843</SICI>
    <SUD>3025,427</SUD>
  </Fabbisogno>
  <Fabbisogno>
    <Data>20170218</Data>
    <Mercato>MGP</Mercato>
    <Ora>23</Ora>
    <Italia>29700,838</Italia>
    <CNOR>3164,915</CNOR>
    <CSUD>5270,506</CSUD>
    <NORD>15514,854</NORD>
    <SARD>1003,087</SARD>
    <SICI>2061,519</SICI>
    <SUD>2685,957</SUD>
  </Fabbisogno>
  <Fabbisogno>
    <Data>20170218</Data>
    <Mercato>MGP</Mercato>
    <Ora>24</Ora>
    <Italia>27333,22</Italia>
    <CNOR>2846,152</CNOR>
    <CSUD>4754,001</CSUD>
    <NORD>14555,437</NORD>
    <SARD>916,728</SARD>
    <SICI>1863,332</SICI>
    <SUD>2397,57</SUD>
  </Fabbisogno>
</NewDataSet>