<?xml version="1.0" standalone="yes"?>
<NewDataSet>
  <xs:schema id="NewDataSet" xmlns="" xmlns:xs="http://www.w3.org/2001/XMLSchema" xmlns:msdata="urn:schemas-microsoft-com:xml-msdata">
    <xs:element name="NewDataSet" msdata:IsDataSet="true" msdata:UseCurrentLocale="true">
      <xs:complexType>
        <xs:choice minOccurs="0" maxOccurs="unbounded">
          <xs:element name="Fabbisogno">
            <xs:complexType>
              <xs:sequence>
                <xs:element name="Data" type="xs:string" minOccurs="0" />
                <xs:element name="Mercato" type="xs:string" minOccurs="0" />
                <xs:element name="Ora" type="xs:string" minOccurs="0" />
                <xs:element name="Italia" type="xs:string" minOccurs="0" />
                <xs:element name="CNOR" type="xs:string" minOccurs="0" />
                <xs:element name="CSUD" type="xs:string" minOccurs="0" />
                <xs:element name="NORD" type="xs:string" minOccurs="0" />
                <xs:element name="SARD" type="xs:string" minOccurs="0" />
                <xs:element name="SICI" type="xs:string" minOccurs="0" />
                <xs:element name="SUD" type="xs:string" minOccurs="0" />
              </xs:sequence>
            </xs:complexType>
          </xs:element>
        </xs:choice>
      </xs:complexType>
    </xs:element>
  </xs:schema>
  <Fabbisogno>
    <Data>20170210</Data>
    <Mercato>MGP</Mercato>
    <Ora>1</Ora>
    <Italia>28162,965</Italia>
    <CNOR>2950,637</CNOR>
    <CSUD>4189,019</CSUD>
    <NORD>16407,312</NORD>
    <SARD>803,7</SARD>
    <SICI>1710,23</SICI>
    <SUD>2102,067</SUD>
  </Fabbisogno>
  <Fabbisogno>
    <Data>20170210</Data>
    <Mercato>MGP</Mercato>
    <Ora>2</Ora>
    <Italia>26304,609</Italia>
    <CNOR>2814,41</CNOR>
    <CSUD>3825,792</CSUD>
    <NORD>15417,321</NORD>
    <SARD>749,166</SARD>
    <SICI>1549,169</SICI>
    <SUD>1948,751</SUD>
  </Fabbisogno>
  <Fabbisogno>
    <Data>20170210</Data>
    <Mercato>MGP</Mercato>
    <Ora>3</Ora>
    <Italia>25442,546</Italia>
    <CNOR>2723,146</CNOR>
    <CSUD>3636,178</CSUD>
    <NORD>15018,002</NORD>
    <SARD>724,439</SARD>
    <SICI>1469,133</SICI>
    <SUD>1871,648</SUD>
  </Fabbisogno>
  <Fabbisogno>
    <Data>20170210</Data>
    <Mercato>MGP</Mercato>
    <Ora>4</Ora>
    <Italia>25203,694</Italia>
    <CNOR>2729,328</CNOR>
    <CSUD>3590,993</CSUD>
    <NORD>14881,978</NORD>
    <SARD>723,892</SARD>
    <SICI>1433,391</SICI>
    <SUD>1844,112</SUD>
  </Fabbisogno>
  <Fabbisogno>
    <Data>20170210</Data>
    <Mercato>MGP</Mercato>
    <Ora>5</Ora>
    <Italia>25439,921</Italia>
    <CNOR>2715,053</CNOR>
    <CSUD>3611,931</CSUD>
    <NORD>15130,794</NORD>
    <SARD>721,665</SARD>
    <SICI>1421,086</SICI>
    <SUD>1839,392</SUD>
  </Fabbisogno>
  <Fabbisogno>
    <Data>20170210</Data>
    <Mercato>MGP</Mercato>
    <Ora>6</Ora>
    <Italia>26937,975</Italia>
    <CNOR>2843,667</CNOR>
    <CSUD>3804,609</CSUD>
    <NORD>16109,123</NORD>
    <SARD>756,851</SARD>
    <SICI>1498,944</SICI>
    <SUD>1924,781</SUD>
  </Fabbisogno>
  <Fabbisogno>
    <Data>20170210</Data>
    <Mercato>MGP</Mercato>
    <Ora>7</Ora>
    <Italia>31715,052</Italia>
    <CNOR>3296,645</CNOR>
    <CSUD>4470,02</CSUD>
    <NORD>19116,806</NORD>
    <SARD>882,562</SARD>
    <SICI>1703,884</SICI>
    <SUD>2245,135</SUD>
  </Fabbisogno>
  <Fabbisogno>
    <Data>20170210</Data>
    <Mercato>MGP</Mercato>
    <Ora>8</Ora>
    <Italia>38287,73</Italia>
    <CNOR>4000,169</CNOR>
    <CSUD>5522,522</CSUD>
    <NORD>22868,214</NORD>
    <SARD>1065,307</SARD>
    <SICI>2121,042</SICI>
    <SUD>2710,476</SUD>
  </Fabbisogno>
  <Fabbisogno>
    <Data>20170210</Data>
    <Mercato>MGP</Mercato>
    <Ora>9</Ora>
    <Italia>42527,814</Italia>
    <CNOR>4616,727</CNOR>
    <CSUD>6100,196</CSUD>
    <NORD>25268,826</NORD>
    <SARD>1131,959</SARD>
    <SICI>2405,621</SICI>
    <SUD>3004,485</SUD>
  </Fabbisogno>
  <Fabbisogno>
    <Data>20170210</Data>
    <Mercato>MGP</Mercato>
    <Ora>10</Ora>
    <Italia>43328,028</Italia>
    <CNOR>4743,357</CNOR>
    <CSUD>6234,898</CSUD>
    <NORD>25688,409</NORD>
    <SARD>1110,767</SARD>
    <SICI>2490,171</SICI>
    <SUD>3060,426</SUD>
  </Fabbisogno>
  <Fabbisogno>
    <Data>20170210</Data>
    <Mercato>MGP</Mercato>
    <Ora>11</Ora>
    <Italia>43057,857</Italia>
    <CNOR>4744,346</CNOR>
    <CSUD>6191,895</CSUD>
    <NORD>25688,926</NORD>
    <SARD>1060,965</SARD>
    <SICI>2407,981</SICI>
    <SUD>2963,744</SUD>
  </Fabbisogno>
  <Fabbisogno>
    <Data>20170210</Data>
    <Mercato>MGP</Mercato>
    <Ora>12</Ora>
    <Italia>42607,138</Italia>
    <CNOR>4715,217</CNOR>
    <CSUD>6095,33</CSUD>
    <NORD>25500,314</NORD>
    <SARD>1026,483</SARD>
    <SICI>2329,662</SICI>
    <SUD>2940,132</SUD>
  </Fabbisogno>
  <Fabbisogno>
    <Data>20170210</Data>
    <Mercato>MGP</Mercato>
    <Ora>13</Ora>
    <Italia>40270,108</Italia>
    <CNOR>4383,874</CNOR>
    <CSUD>6002,641</CSUD>
    <NORD>23638,394</NORD>
    <SARD>1007,268</SARD>
    <SICI>2311,627</SICI>
    <SUD>2926,304</SUD>
  </Fabbisogno>
  <Fabbisogno>
    <Data>20170210</Data>
    <Mercato>MGP</Mercato>
    <Ora>14</Ora>
    <Italia>39741,301</Italia>
    <CNOR>4238,66</CNOR>
    <CSUD>5837,81600000001</CSUD>
    <NORD>23700,228</NORD>
    <SARD>970,537</SARD>
    <SICI>2221,266</SICI>
    <SUD>2772,794</SUD>
  </Fabbisogno>
  <Fabbisogno>
    <Data>20170210</Data>
    <Mercato>MGP</Mercato>
    <Ora>15</Ora>
    <Italia>41106,24</Italia>
    <CNOR>4494,033</CNOR>
    <CSUD>5852,966</CSUD>
    <NORD>24841,541</NORD>
    <SARD>968,022</SARD>
    <SICI>2218,038</SICI>
    <SUD>2731,64</SUD>
  </Fabbisogno>
  <Fabbisogno>
    <Data>20170210</Data>
    <Mercato>MGP</Mercato>
    <Ora>16</Ora>
    <Italia>41580,137</Italia>
    <CNOR>4568,883</CNOR>
    <CSUD>5919,624</CSUD>
    <NORD>25072,615</NORD>
    <SARD>984,164</SARD>
    <SICI>2232,105</SICI>
    <SUD>2802,746</SUD>
  </Fabbisogno>
  <Fabbisogno>
    <Data>20170210</Data>
    <Mercato>MGP</Mercato>
    <Ora>17</Ora>
    <Italia>42026,816</Italia>
    <CNOR>4679,155</CNOR>
    <CSUD>6059,985</CSUD>
    <NORD>24934,051</NORD>
    <SARD>1030,402</SARD>
    <SICI>2341,054</SICI>
    <SUD>2982,169</SUD>
  </Fabbisogno>
  <Fabbisogno>
    <Data>20170210</Data>
    <Mercato>MGP</Mercato>
    <Ora>18</Ora>
    <Italia>43329,153</Italia>
    <CNOR>4815,587</CNOR>
    <CSUD>6483,687</CSUD>
    <NORD>24990,706</NORD>
    <SARD>1094,1</SARD>
    <SICI>2533,379</SICI>
    <SUD>3411,694</SUD>
  </Fabbisogno>
  <Fabbisogno>
    <Data>20170210</Data>
    <Mercato>MGP</Mercato>
    <Ora>19</Ora>
    <Italia>44716,932</Italia>
    <CNOR>4930,665</CNOR>
    <CSUD>7064,26000000001</CSUD>
    <NORD>25114,569</NORD>
    <SARD>1214,137</SARD>
    <SICI>2757,16</SICI>
    <SUD>3636,141</SUD>
  </Fabbisogno>
  <Fabbisogno>
    <Data>20170210</Data>
    <Mercato>MGP</Mercato>
    <Ora>20</Ora>
    <Italia>43389,894</Italia>
    <CNOR>4882,215</CNOR>
    <CSUD>7148,264</CSUD>
    <NORD>23732,69</NORD>
    <SARD>1229,659</SARD>
    <SICI>2781,879</SICI>
    <SUD>3615,187</SUD>
  </Fabbisogno>
  <Fabbisogno>
    <Data>20170210</Data>
    <Mercato>MGP</Mercato>
    <Ora>21</Ora>
    <Italia>40523,637</Italia>
    <CNOR>4435,572</CNOR>
    <CSUD>6723,727</CSUD>
    <NORD>21986,646</NORD>
    <SARD>1208,449</SARD>
    <SICI>2692,689</SICI>
    <SUD>3476,554</SUD>
  </Fabbisogno>
  <Fabbisogno>
    <Data>20170210</Data>
    <Mercato>MGP</Mercato>
    <Ora>22</Ora>
    <Italia>37452,84</Italia>
    <CNOR>4176,608</CNOR>
    <CSUD>6178,482</CSUD>
    <NORD>20277,741</NORD>
    <SARD>1104,882</SARD>
    <SICI>2528,665</SICI>
    <SUD>3186,462</SUD>
  </Fabbisogno>
  <Fabbisogno>
    <Data>20170210</Data>
    <Mercato>MGP</Mercato>
    <Ora>23</Ora>
    <Italia>33743,432</Italia>
    <CNOR>3667,055</CNOR>
    <CSUD>5496,063</CSUD>
    <NORD>18467,376</NORD>
    <SARD>1009,075</SARD>
    <SICI>2263,509</SICI>
    <SUD>2840,354</SUD>
  </Fabbisogno>
  <Fabbisogno>
    <Data>20170210</Data>
    <Mercato>MGP</Mercato>
    <Ora>24</Ora>
    <Italia>30358,9</Italia>
    <CNOR>3158,285</CNOR>
    <CSUD>4704,108</CSUD>
    <NORD>17186,951</NORD>
    <SARD>902</SARD>
    <SICI>1983,079</SICI>
    <SUD>2424,477</SUD>
  </Fabbisogno>
</NewDataSet>