<?xml version="1.0" standalone="yes"?>
<NewDataSet>
  <xs:schema id="NewDataSet" xmlns="" xmlns:xs="http://www.w3.org/2001/XMLSchema" xmlns:msdata="urn:schemas-microsoft-com:xml-msdata">
    <xs:element name="NewDataSet" msdata:IsDataSet="true" msdata:UseCurrentLocale="true">
      <xs:complexType>
        <xs:choice minOccurs="0" maxOccurs="unbounded">
          <xs:element name="Fabbisogno">
            <xs:complexType>
              <xs:sequence>
                <xs:element name="Data" type="xs:string" minOccurs="0" />
                <xs:element name="Mercato" type="xs:string" minOccurs="0" />
                <xs:element name="Ora" type="xs:string" minOccurs="0" />
                <xs:element name="Italia" type="xs:string" minOccurs="0" />
                <xs:element name="CNOR" type="xs:string" minOccurs="0" />
                <xs:element name="CSUD" type="xs:string" minOccurs="0" />
                <xs:element name="NORD" type="xs:string" minOccurs="0" />
                <xs:element name="SARD" type="xs:string" minOccurs="0" />
                <xs:element name="SICI" type="xs:string" minOccurs="0" />
                <xs:element name="SUD" type="xs:string" minOccurs="0" />
              </xs:sequence>
            </xs:complexType>
          </xs:element>
        </xs:choice>
      </xs:complexType>
    </xs:element>
  </xs:schema>
  <Fabbisogno>
    <Data>20170219</Data>
    <Mercato>MGP</Mercato>
    <Ora>1</Ora>
    <Italia>25138,346</Italia>
    <CNOR>2653,913</CNOR>
    <CSUD>4328,23</CSUD>
    <NORD>13407,032</NORD>
    <SARD>833,952</SARD>
    <SICI>1711,592</SICI>
    <SUD>2203,627</SUD>
  </Fabbisogno>
  <Fabbisogno>
    <Data>20170219</Data>
    <Mercato>MGP</Mercato>
    <Ora>2</Ora>
    <Italia>23285,419</Italia>
    <CNOR>2511,022</CNOR>
    <CSUD>3939,949</CSUD>
    <NORD>12486,156</NORD>
    <SARD>777,415</SARD>
    <SICI>1558,924</SICI>
    <SUD>2011,953</SUD>
  </Fabbisogno>
  <Fabbisogno>
    <Data>20170219</Data>
    <Mercato>MGP</Mercato>
    <Ora>3</Ora>
    <Italia>22221,72</Italia>
    <CNOR>2388,511</CNOR>
    <CSUD>3690,762</CSUD>
    <NORD>12034,676</NORD>
    <SARD>747,596</SARD>
    <SICI>1455,99</SICI>
    <SUD>1904,185</SUD>
  </Fabbisogno>
  <Fabbisogno>
    <Data>20170219</Data>
    <Mercato>MGP</Mercato>
    <Ora>4</Ora>
    <Italia>21618,713</Italia>
    <CNOR>2291,631</CNOR>
    <CSUD>3511,847</CSUD>
    <NORD>11904,576</NORD>
    <SARD>728,366</SARD>
    <SICI>1364,789</SICI>
    <SUD>1817,504</SUD>
  </Fabbisogno>
  <Fabbisogno>
    <Data>20170219</Data>
    <Mercato>MGP</Mercato>
    <Ora>5</Ora>
    <Italia>21547,802</Italia>
    <CNOR>2274,461</CNOR>
    <CSUD>3481,296</CSUD>
    <NORD>11913,867</NORD>
    <SARD>735,308</SARD>
    <SICI>1336,129</SICI>
    <SUD>1806,741</SUD>
  </Fabbisogno>
  <Fabbisogno>
    <Data>20170219</Data>
    <Mercato>MGP</Mercato>
    <Ora>6</Ora>
    <Italia>21962,975</Italia>
    <CNOR>2303,923</CNOR>
    <CSUD>3547,866</CSUD>
    <NORD>12181,23</NORD>
    <SARD>752,792</SARD>
    <SICI>1345,267</SICI>
    <SUD>1831,897</SUD>
  </Fabbisogno>
  <Fabbisogno>
    <Data>20170219</Data>
    <Mercato>MGP</Mercato>
    <Ora>7</Ora>
    <Italia>23074,652</Italia>
    <CNOR>2357,843</CNOR>
    <CSUD>3736,501</CSUD>
    <NORD>12925,312</NORD>
    <SARD>782,923</SARD>
    <SICI>1387,591</SICI>
    <SUD>1884,482</SUD>
  </Fabbisogno>
  <Fabbisogno>
    <Data>20170219</Data>
    <Mercato>MGP</Mercato>
    <Ora>8</Ora>
    <Italia>24025,157</Italia>
    <CNOR>2417,619</CNOR>
    <CSUD>3849,682</CSUD>
    <NORD>13579,539</NORD>
    <SARD>810</SARD>
    <SICI>1450,418</SICI>
    <SUD>1917,899</SUD>
  </Fabbisogno>
  <Fabbisogno>
    <Data>20170219</Data>
    <Mercato>MGP</Mercato>
    <Ora>9</Ora>
    <Italia>25917,762</Italia>
    <CNOR>2613,86</CNOR>
    <CSUD>4297,298</CSUD>
    <NORD>14277,294</NORD>
    <SARD>875,743</SARD>
    <SICI>1689,978</SICI>
    <SUD>2163,589</SUD>
  </Fabbisogno>
  <Fabbisogno>
    <Data>20170219</Data>
    <Mercato>MGP</Mercato>
    <Ora>10</Ora>
    <Italia>27476,732</Italia>
    <CNOR>2729,772</CNOR>
    <CSUD>4659,674</CSUD>
    <NORD>15002,12</NORD>
    <SARD>915,191</SARD>
    <SICI>1861,703</SICI>
    <SUD>2308,272</SUD>
  </Fabbisogno>
  <Fabbisogno>
    <Data>20170219</Data>
    <Mercato>MGP</Mercato>
    <Ora>11</Ora>
    <Italia>28431,135</Italia>
    <CNOR>2899,888</CNOR>
    <CSUD>4843,489</CSUD>
    <NORD>15429,172</NORD>
    <SARD>925,674</SARD>
    <SICI>1950,744</SICI>
    <SUD>2382,168</SUD>
  </Fabbisogno>
  <Fabbisogno>
    <Data>20170219</Data>
    <Mercato>MGP</Mercato>
    <Ora>12</Ora>
    <Italia>28629,164</Italia>
    <CNOR>2885,956</CNOR>
    <CSUD>4869,825</CSUD>
    <NORD>15581,298</NORD>
    <SARD>922,837</SARD>
    <SICI>1948,747</SICI>
    <SUD>2420,501</SUD>
  </Fabbisogno>
  <Fabbisogno>
    <Data>20170219</Data>
    <Mercato>MGP</Mercato>
    <Ora>13</Ora>
    <Italia>28137,828</Italia>
    <CNOR>2871,385</CNOR>
    <CSUD>4966,122</CSUD>
    <NORD>14941,58</NORD>
    <SARD>926,851</SARD>
    <SICI>1962,057</SICI>
    <SUD>2469,833</SUD>
  </Fabbisogno>
  <Fabbisogno>
    <Data>20170219</Data>
    <Mercato>MGP</Mercato>
    <Ora>14</Ora>
    <Italia>26704,018</Italia>
    <CNOR>2689,701</CNOR>
    <CSUD>4843,598</CSUD>
    <NORD>14121,627</NORD>
    <SARD>893,108</SARD>
    <SICI>1865,456</SICI>
    <SUD>2290,528</SUD>
  </Fabbisogno>
  <Fabbisogno>
    <Data>20170219</Data>
    <Mercato>MGP</Mercato>
    <Ora>15</Ora>
    <Italia>26218,57</Italia>
    <CNOR>2633,102</CNOR>
    <CSUD>4611,714</CSUD>
    <NORD>14156,981</NORD>
    <SARD>869,471</SARD>
    <SICI>1781,83</SICI>
    <SUD>2165,472</SUD>
  </Fabbisogno>
  <Fabbisogno>
    <Data>20170219</Data>
    <Mercato>MGP</Mercato>
    <Ora>16</Ora>
    <Italia>26363,379</Italia>
    <CNOR>2684,823</CNOR>
    <CSUD>4621,487</CSUD>
    <NORD>14198,604</NORD>
    <SARD>861,25</SARD>
    <SICI>1779,785</SICI>
    <SUD>2217,43</SUD>
  </Fabbisogno>
  <Fabbisogno>
    <Data>20170219</Data>
    <Mercato>MGP</Mercato>
    <Ora>17</Ora>
    <Italia>27146,394</Italia>
    <CNOR>2801,611</CNOR>
    <CSUD>4811,516</CSUD>
    <NORD>14476,335</NORD>
    <SARD>888,997</SARD>
    <SICI>1828,045</SICI>
    <SUD>2339,89</SUD>
  </Fabbisogno>
  <Fabbisogno>
    <Data>20170219</Data>
    <Mercato>MGP</Mercato>
    <Ora>18</Ora>
    <Italia>30010,527</Italia>
    <CNOR>3220,972</CNOR>
    <CSUD>5352,27</CSUD>
    <NORD>15751,104</NORD>
    <SARD>970,9</SARD>
    <SICI>1986,831</SICI>
    <SUD>2728,45</SUD>
  </Fabbisogno>
  <Fabbisogno>
    <Data>20170219</Data>
    <Mercato>MGP</Mercato>
    <Ora>19</Ora>
    <Italia>33078,774</Italia>
    <CNOR>3674,72</CNOR>
    <CSUD>5912,753</CSUD>
    <NORD>17203,831</NORD>
    <SARD>1075,86</SARD>
    <SICI>2197,634</SICI>
    <SUD>3013,976</SUD>
  </Fabbisogno>
  <Fabbisogno>
    <Data>20170219</Data>
    <Mercato>MGP</Mercato>
    <Ora>20</Ora>
    <Italia>33998,496</Italia>
    <CNOR>3803,033</CNOR>
    <CSUD>6115,375</CSUD>
    <NORD>17597,41</NORD>
    <SARD>1122,996</SARD>
    <SICI>2269,429</SICI>
    <SUD>3090,253</SUD>
  </Fabbisogno>
  <Fabbisogno>
    <Data>20170219</Data>
    <Mercato>MGP</Mercato>
    <Ora>21</Ora>
    <Italia>33164,14</Italia>
    <CNOR>3672,972</CNOR>
    <CSUD>6056,855</CSUD>
    <NORD>16934,726</NORD>
    <SARD>1129,6</SARD>
    <SICI>2291,653</SICI>
    <SUD>3078,334</SUD>
  </Fabbisogno>
  <Fabbisogno>
    <Data>20170219</Data>
    <Mercato>MGP</Mercato>
    <Ora>22</Ora>
    <Italia>31365,901</Italia>
    <CNOR>3485,274</CNOR>
    <CSUD>5703,476</CSUD>
    <NORD>16041,134</NORD>
    <SARD>1057,497</SARD>
    <SICI>2166,847</SICI>
    <SUD>2911,673</SUD>
  </Fabbisogno>
  <Fabbisogno>
    <Data>20170219</Data>
    <Mercato>MGP</Mercato>
    <Ora>23</Ora>
    <Italia>28710,67</Italia>
    <CNOR>3154,604</CNOR>
    <CSUD>5221,789</CSUD>
    <NORD>14714,439</NORD>
    <SARD>971,542</SARD>
    <SICI>1998,129</SICI>
    <SUD>2650,167</SUD>
  </Fabbisogno>
  <Fabbisogno>
    <Data>20170219</Data>
    <Mercato>MGP</Mercato>
    <Ora>24</Ora>
    <Italia>26136,372</Italia>
    <CNOR>2818,317</CNOR>
    <CSUD>4614,581</CSUD>
    <NORD>13680,898</NORD>
    <SARD>880,564</SARD>
    <SICI>1775,191</SICI>
    <SUD>2366,821</SUD>
  </Fabbisogno>
</NewDataSet>