<?xml version="1.0" standalone="yes"?>
<NewDataSet>
  <xs:schema id="NewDataSet" xmlns="" xmlns:xs="http://www.w3.org/2001/XMLSchema" xmlns:msdata="urn:schemas-microsoft-com:xml-msdata">
    <xs:element name="NewDataSet" msdata:IsDataSet="true" msdata:UseCurrentLocale="true">
      <xs:complexType>
        <xs:choice minOccurs="0" maxOccurs="unbounded">
          <xs:element name="Fabbisogno">
            <xs:complexType>
              <xs:sequence>
                <xs:element name="Data" type="xs:string" minOccurs="0" />
                <xs:element name="Mercato" type="xs:string" minOccurs="0" />
                <xs:element name="Ora" type="xs:string" minOccurs="0" />
                <xs:element name="Italia" type="xs:string" minOccurs="0" />
                <xs:element name="CNOR" type="xs:string" minOccurs="0" />
                <xs:element name="CSUD" type="xs:string" minOccurs="0" />
                <xs:element name="NORD" type="xs:string" minOccurs="0" />
                <xs:element name="SARD" type="xs:string" minOccurs="0" />
                <xs:element name="SICI" type="xs:string" minOccurs="0" />
                <xs:element name="SUD" type="xs:string" minOccurs="0" />
              </xs:sequence>
            </xs:complexType>
          </xs:element>
        </xs:choice>
      </xs:complexType>
    </xs:element>
  </xs:schema>
  <Fabbisogno>
    <Data>20170222</Data>
    <Mercato>MGP</Mercato>
    <Ora>1</Ora>
    <Italia>27023,375</Italia>
    <CNOR>2794,424</CNOR>
    <CSUD>4047,357</CSUD>
    <NORD>15705,509</NORD>
    <SARD>803,456</SARD>
    <SICI>1651,653</SICI>
    <SUD>2020,976</SUD>
  </Fabbisogno>
  <Fabbisogno>
    <Data>20170222</Data>
    <Mercato>MGP</Mercato>
    <Ora>2</Ora>
    <Italia>25313,293</Italia>
    <CNOR>2678,875</CNOR>
    <CSUD>3777,167</CSUD>
    <NORD>14667,881</NORD>
    <SARD>774,781</SARD>
    <SICI>1514,396</SICI>
    <SUD>1900,193</SUD>
  </Fabbisogno>
  <Fabbisogno>
    <Data>20170222</Data>
    <Mercato>MGP</Mercato>
    <Ora>3</Ora>
    <Italia>24728,536</Italia>
    <CNOR>2640,614</CNOR>
    <CSUD>3618,76</CSUD>
    <NORD>14438,828</NORD>
    <SARD>749,954</SARD>
    <SICI>1433,834</SICI>
    <SUD>1846,546</SUD>
  </Fabbisogno>
  <Fabbisogno>
    <Data>20170222</Data>
    <Mercato>MGP</Mercato>
    <Ora>4</Ora>
    <Italia>24562,507</Italia>
    <CNOR>2588,155</CNOR>
    <CSUD>3563,624</CSUD>
    <NORD>14443,614</NORD>
    <SARD>742,027</SARD>
    <SICI>1404,233</SICI>
    <SUD>1820,854</SUD>
  </Fabbisogno>
  <Fabbisogno>
    <Data>20170222</Data>
    <Mercato>MGP</Mercato>
    <Ora>5</Ora>
    <Italia>24559,378</Italia>
    <CNOR>2555,674</CNOR>
    <CSUD>3572,158</CSUD>
    <NORD>14443,407</NORD>
    <SARD>747,456</SARD>
    <SICI>1410,682</SICI>
    <SUD>1830,001</SUD>
  </Fabbisogno>
  <Fabbisogno>
    <Data>20170222</Data>
    <Mercato>MGP</Mercato>
    <Ora>6</Ora>
    <Italia>26038,353</Italia>
    <CNOR>2671,669</CNOR>
    <CSUD>3830,455</CSUD>
    <NORD>15398,478</NORD>
    <SARD>767,401</SARD>
    <SICI>1460,704</SICI>
    <SUD>1909,646</SUD>
  </Fabbisogno>
  <Fabbisogno>
    <Data>20170222</Data>
    <Mercato>MGP</Mercato>
    <Ora>7</Ora>
    <Italia>31616,517</Italia>
    <CNOR>3204,677</CNOR>
    <CSUD>4429,297</CSUD>
    <NORD>19237,323</NORD>
    <SARD>890,924</SARD>
    <SICI>1684,6</SICI>
    <SUD>2169,696</SUD>
  </Fabbisogno>
  <Fabbisogno>
    <Data>20170222</Data>
    <Mercato>MGP</Mercato>
    <Ora>8</Ora>
    <Italia>36760,592</Italia>
    <CNOR>3813,765</CNOR>
    <CSUD>5175,869</CSUD>
    <NORD>22286,401</NORD>
    <SARD>1034,216</SARD>
    <SICI>1944,079</SICI>
    <SUD>2506,262</SUD>
  </Fabbisogno>
  <Fabbisogno>
    <Data>20170222</Data>
    <Mercato>MGP</Mercato>
    <Ora>9</Ora>
    <Italia>40935,609</Italia>
    <CNOR>4397,964</CNOR>
    <CSUD>5805,593</CSUD>
    <NORD>24611,639</NORD>
    <SARD>1142,693</SARD>
    <SICI>2208,212</SICI>
    <SUD>2769,508</SUD>
  </Fabbisogno>
  <Fabbisogno>
    <Data>20170222</Data>
    <Mercato>MGP</Mercato>
    <Ora>10</Ora>
    <Italia>41367,73</Italia>
    <CNOR>4387,218</CNOR>
    <CSUD>5929,715</CSUD>
    <NORD>25024,295</NORD>
    <SARD>1103,738</SARD>
    <SICI>2237,903</SICI>
    <SUD>2684,861</SUD>
  </Fabbisogno>
  <Fabbisogno>
    <Data>20170222</Data>
    <Mercato>MGP</Mercato>
    <Ora>11</Ora>
    <Italia>40515,89</Italia>
    <CNOR>4308,255</CNOR>
    <CSUD>5867,165</CSUD>
    <NORD>24571,25</NORD>
    <SARD>1060,087</SARD>
    <SICI>2168,401</SICI>
    <SUD>2540,732</SUD>
  </Fabbisogno>
  <Fabbisogno>
    <Data>20170222</Data>
    <Mercato>MGP</Mercato>
    <Ora>12</Ora>
    <Italia>40137,587</Italia>
    <CNOR>4293,539</CNOR>
    <CSUD>5810,957</CSUD>
    <NORD>24350,189</NORD>
    <SARD>1030,389</SARD>
    <SICI>2122,927</SICI>
    <SUD>2529,586</SUD>
  </Fabbisogno>
  <Fabbisogno>
    <Data>20170222</Data>
    <Mercato>MGP</Mercato>
    <Ora>13</Ora>
    <Italia>38050,03</Italia>
    <CNOR>4002,353</CNOR>
    <CSUD>5716,823</CSUD>
    <NORD>22691,958</NORD>
    <SARD>1012,269</SARD>
    <SICI>2105,845</SICI>
    <SUD>2520,782</SUD>
  </Fabbisogno>
  <Fabbisogno>
    <Data>20170222</Data>
    <Mercato>MGP</Mercato>
    <Ora>14</Ora>
    <Italia>37537,406</Italia>
    <CNOR>3870,716</CNOR>
    <CSUD>5534,554</CSUD>
    <NORD>22673,227</NORD>
    <SARD>968,622999999999</SARD>
    <SICI>2060,695</SICI>
    <SUD>2429,591</SUD>
  </Fabbisogno>
  <Fabbisogno>
    <Data>20170222</Data>
    <Mercato>MGP</Mercato>
    <Ora>15</Ora>
    <Italia>38862,296</Italia>
    <CNOR>4091,585</CNOR>
    <CSUD>5640,899</CSUD>
    <NORD>23630,133</NORD>
    <SARD>982,685</SARD>
    <SICI>2076,496</SICI>
    <SUD>2440,498</SUD>
  </Fabbisogno>
  <Fabbisogno>
    <Data>20170222</Data>
    <Mercato>MGP</Mercato>
    <Ora>16</Ora>
    <Italia>39469,335</Italia>
    <CNOR>4222,415</CNOR>
    <CSUD>5741,814</CSUD>
    <NORD>23891,649</NORD>
    <SARD>984,363</SARD>
    <SICI>2120,599</SICI>
    <SUD>2508,495</SUD>
  </Fabbisogno>
  <Fabbisogno>
    <Data>20170222</Data>
    <Mercato>MGP</Mercato>
    <Ora>17</Ora>
    <Italia>40382,202</Italia>
    <CNOR>4351,08</CNOR>
    <CSUD>5906,31</CSUD>
    <NORD>24189,716</NORD>
    <SARD>1027,069</SARD>
    <SICI>2207,656</SICI>
    <SUD>2700,371</SUD>
  </Fabbisogno>
  <Fabbisogno>
    <Data>20170222</Data>
    <Mercato>MGP</Mercato>
    <Ora>18</Ora>
    <Italia>41419,858</Italia>
    <CNOR>4535,321</CNOR>
    <CSUD>6315,332</CSUD>
    <NORD>23926,344</NORD>
    <SARD>1106,016</SARD>
    <SICI>2401,976</SICI>
    <SUD>3134,869</SUD>
  </Fabbisogno>
  <Fabbisogno>
    <Data>20170222</Data>
    <Mercato>MGP</Mercato>
    <Ora>19</Ora>
    <Italia>43454,755</Italia>
    <CNOR>4807,833</CNOR>
    <CSUD>6876,286</CSUD>
    <NORD>24422,759</NORD>
    <SARD>1206,668</SARD>
    <SICI>2630,802</SICI>
    <SUD>3510,407</SUD>
  </Fabbisogno>
  <Fabbisogno>
    <Data>20170222</Data>
    <Mercato>MGP</Mercato>
    <Ora>20</Ora>
    <Italia>42518,999</Italia>
    <CNOR>4685,937</CNOR>
    <CSUD>6944,119</CSUD>
    <NORD>23382,666</NORD>
    <SARD>1245,565</SARD>
    <SICI>2720,96</SICI>
    <SUD>3539,752</SUD>
  </Fabbisogno>
  <Fabbisogno>
    <Data>20170222</Data>
    <Mercato>MGP</Mercato>
    <Ora>21</Ora>
    <Italia>40514,69</Italia>
    <CNOR>4425,093</CNOR>
    <CSUD>6728,931</CSUD>
    <NORD>22073,725</NORD>
    <SARD>1223,397</SARD>
    <SICI>2645,435</SICI>
    <SUD>3418,109</SUD>
  </Fabbisogno>
  <Fabbisogno>
    <Data>20170222</Data>
    <Mercato>MGP</Mercato>
    <Ora>22</Ora>
    <Italia>37724,481</Italia>
    <CNOR>4106,335</CNOR>
    <CSUD>6158,748</CSUD>
    <NORD>20787,853</NORD>
    <SARD>1113,706</SARD>
    <SICI>2458,592</SICI>
    <SUD>3099,247</SUD>
  </Fabbisogno>
  <Fabbisogno>
    <Data>20170222</Data>
    <Mercato>MGP</Mercato>
    <Ora>23</Ora>
    <Italia>33622,292</Italia>
    <CNOR>3636,001</CNOR>
    <CSUD>5438,667</CSUD>
    <NORD>18612,085</NORD>
    <SARD>1002,653</SARD>
    <SICI>2213,956</SICI>
    <SUD>2718,93</SUD>
  </Fabbisogno>
  <Fabbisogno>
    <Data>20170222</Data>
    <Mercato>MGP</Mercato>
    <Ora>24</Ora>
    <Italia>29992,432</Italia>
    <CNOR>3065,646</CNOR>
    <CSUD>4613,901</CSUD>
    <NORD>17200,185</NORD>
    <SARD>891,906</SARD>
    <SICI>1889,206</SICI>
    <SUD>2331,588</SUD>
  </Fabbisogno>
</NewDataSet>