<?xml version="1.0" standalone="yes"?>
<NewDataSet>
  <xs:schema id="NewDataSet" xmlns="" xmlns:xs="http://www.w3.org/2001/XMLSchema" xmlns:msdata="urn:schemas-microsoft-com:xml-msdata">
    <xs:element name="NewDataSet" msdata:IsDataSet="true" msdata:UseCurrentLocale="true">
      <xs:complexType>
        <xs:choice minOccurs="0" maxOccurs="unbounded">
          <xs:element name="Prezzi">
            <xs:complexType>
              <xs:sequence>
                <xs:element name="Data" type="xs:string" minOccurs="0" />
                <xs:element name="Mercato" type="xs:string" minOccurs="0" />
                <xs:element name="Ora" type="xs:string" minOccurs="0" />
                <xs:element name="PUN" type="xs:string" minOccurs="0" />
                <xs:element name="NAT" type="xs:string" minOccurs="0" />
                <xs:element name="CNOR" type="xs:string" minOccurs="0" />
                <xs:element name="CSUD" type="xs:string" minOccurs="0" />
                <xs:element name="NORD" type="xs:string" minOccurs="0" />
                <xs:element name="SARD" type="xs:string" minOccurs="0" />
                <xs:element name="SICI" type="xs:string" minOccurs="0" />
                <xs:element name="SUD" type="xs:string" minOccurs="0" />
                <xs:element name="AUST" type="xs:string" minOccurs="0" />
                <xs:element name="BRNN" type="xs:string" minOccurs="0" />
                <xs:element name="COAC" type="xs:string" minOccurs="0" />
                <xs:element name="CORS" type="xs:string" minOccurs="0" />
                <xs:element name="FOGN" type="xs:string" minOccurs="0" />
                <xs:element name="FRAN" type="xs:string" minOccurs="0" />
                <xs:element name="GREC" type="xs:string" minOccurs="0" />
                <xs:element name="MFTV" type="xs:string" minOccurs="0" />
                <xs:element name="PRGP" type="xs:string" minOccurs="0" />
                <xs:element name="ROSN" type="xs:string" minOccurs="0" />
                <xs:element name="SLOV" type="xs:string" minOccurs="0" />
                <xs:element name="SVIZ" type="xs:string" minOccurs="0" />
                <xs:element name="BSP" type="xs:string" minOccurs="0" />
                <xs:element name="MALT" type="xs:string" minOccurs="0" />
                <xs:element name="XAUS" type="xs:string" minOccurs="0" />
                <xs:element name="XFRA" type="xs:string" minOccurs="0" />
              </xs:sequence>
            </xs:complexType>
          </xs:element>
        </xs:choice>
      </xs:complexType>
    </xs:element>
  </xs:schema>
  <Prezzi>
    <Data>20161221</Data>
    <Mercato>MGP</Mercato>
    <Ora>1</Ora>
    <PUN>55,567940</PUN>
    <NAT>55,490000</NAT>
    <CNOR>55,770000</CNOR>
    <CSUD>50,000000</CSUD>
    <NORD>58,650000</NORD>
    <SARD>50,000000</SARD>
    <SICI>50,000000</SICI>
    <SUD>50,000000</SUD>
    <AUST>58,650000</AUST>
    <BRNN>50,000000</BRNN>
    <COAC>50,000000</COAC>
    <CORS>55,770000</CORS>
    <FOGN>50,000000</FOGN>
    <FRAN>58,650000</FRAN>
    <GREC>50,000000</GREC>
    <MFTV>58,650000</MFTV>
    <PRGP>50,000000</PRGP>
    <ROSN>50,000000</ROSN>
    <SLOV>58,650000</SLOV>
    <SVIZ>58,650000</SVIZ>
    <BSP>58,650000</BSP>
    <MALT>50,000000</MALT>
    <XAUS>58,650000</XAUS>
    <XFRA>58,650000</XFRA>
  </Prezzi>
  <Prezzi>
    <Data>20161221</Data>
    <Mercato>MGP</Mercato>
    <Ora>2</Ora>
    <PUN>53,000000</PUN>
    <NAT>51,000000</NAT>
    <CNOR>53,933610</CNOR>
    <CSUD>51,000000</CSUD>
    <NORD>53,933610</NORD>
    <SARD>51,000000</SARD>
    <SICI>51,000000</SICI>
    <SUD>51,000000</SUD>
    <AUST>53,933610</AUST>
    <BRNN>51,000000</BRNN>
    <COAC>51,000000</COAC>
    <CORS>53,933610</CORS>
    <FOGN>51,000000</FOGN>
    <FRAN>53,933610</FRAN>
    <GREC>51,000000</GREC>
    <MFTV>53,933610</MFTV>
    <PRGP>51,000000</PRGP>
    <ROSN>51,000000</ROSN>
    <SLOV>53,933610</SLOV>
    <SVIZ>53,933610</SVIZ>
    <BSP>53,933610</BSP>
    <MALT>51,000000</MALT>
    <XAUS>53,933610</XAUS>
    <XFRA>53,933610</XFRA>
  </Prezzi>
  <Prezzi>
    <Data>20161221</Data>
    <Mercato>MGP</Mercato>
    <Ora>3</Ora>
    <PUN>50,230000</PUN>
    <NAT>50,230000</NAT>
    <CNOR>50,230000</CNOR>
    <CSUD>50,230000</CSUD>
    <NORD>50,230000</NORD>
    <SARD>50,230000</SARD>
    <SICI>50,230000</SICI>
    <SUD>50,230000</SUD>
    <AUST>50,230000</AUST>
    <BRNN>50,230000</BRNN>
    <COAC>50,230000</COAC>
    <CORS>50,230000</CORS>
    <FOGN>50,230000</FOGN>
    <FRAN>50,230000</FRAN>
    <GREC>50,230000</GREC>
    <MFTV>50,230000</MFTV>
    <PRGP>50,230000</PRGP>
    <ROSN>50,230000</ROSN>
    <SLOV>50,230000</SLOV>
    <SVIZ>50,230000</SVIZ>
    <BSP>50,230000</BSP>
    <MALT>50,230000</MALT>
    <XAUS>50,230000</XAUS>
    <XFRA>50,230000</XFRA>
  </Prezzi>
  <Prezzi>
    <Data>20161221</Data>
    <Mercato>MGP</Mercato>
    <Ora>4</Ora>
    <PUN>49,000000</PUN>
    <NAT>49,000000</NAT>
    <CNOR>49,000000</CNOR>
    <CSUD>49,000000</CSUD>
    <NORD>49,000000</NORD>
    <SARD>49,000000</SARD>
    <SICI>49,000000</SICI>
    <SUD>49,000000</SUD>
    <AUST>49,000000</AUST>
    <BRNN>49,000000</BRNN>
    <COAC>49,000000</COAC>
    <CORS>49,000000</CORS>
    <FOGN>49,000000</FOGN>
    <FRAN>49,000000</FRAN>
    <GREC>49,000000</GREC>
    <MFTV>49,000000</MFTV>
    <PRGP>49,000000</PRGP>
    <ROSN>49,000000</ROSN>
    <SLOV>49,000000</SLOV>
    <SVIZ>49,000000</SVIZ>
    <BSP>49,000000</BSP>
    <MALT>49,000000</MALT>
    <XAUS>49,000000</XAUS>
    <XFRA>49,000000</XFRA>
  </Prezzi>
  <Prezzi>
    <Data>20161221</Data>
    <Mercato>MGP</Mercato>
    <Ora>5</Ora>
    <PUN>49,000000</PUN>
    <NAT>49,000000</NAT>
    <CNOR>49,000000</CNOR>
    <CSUD>49,000000</CSUD>
    <NORD>49,000000</NORD>
    <SARD>49,000000</SARD>
    <SICI>49,000000</SICI>
    <SUD>49,000000</SUD>
    <AUST>49,000000</AUST>
    <BRNN>49,000000</BRNN>
    <COAC>49,000000</COAC>
    <CORS>49,000000</CORS>
    <FOGN>49,000000</FOGN>
    <FRAN>49,000000</FRAN>
    <GREC>49,000000</GREC>
    <MFTV>49,000000</MFTV>
    <PRGP>49,000000</PRGP>
    <ROSN>49,000000</ROSN>
    <SLOV>49,000000</SLOV>
    <SVIZ>49,000000</SVIZ>
    <BSP>49,000000</BSP>
    <MALT>49,000000</MALT>
    <XAUS>49,000000</XAUS>
    <XFRA>49,000000</XFRA>
  </Prezzi>
  <Prezzi>
    <Data>20161221</Data>
    <Mercato>MGP</Mercato>
    <Ora>6</Ora>
    <PUN>50,000000</PUN>
    <NAT>50,000000</NAT>
    <CNOR>50,000000</CNOR>
    <CSUD>50,000000</CSUD>
    <NORD>50,000000</NORD>
    <SARD>50,000000</SARD>
    <SICI>50,000000</SICI>
    <SUD>50,000000</SUD>
    <AUST>50,000000</AUST>
    <BRNN>50,000000</BRNN>
    <COAC>50,000000</COAC>
    <CORS>50,000000</CORS>
    <FOGN>50,000000</FOGN>
    <FRAN>50,000000</FRAN>
    <GREC>50,000000</GREC>
    <MFTV>50,000000</MFTV>
    <PRGP>50,000000</PRGP>
    <ROSN>50,000000</ROSN>
    <SLOV>50,000000</SLOV>
    <SVIZ>50,000000</SVIZ>
    <BSP>50,000000</BSP>
    <MALT>50,000000</MALT>
    <XAUS>50,000000</XAUS>
    <XFRA>50,000000</XFRA>
  </Prezzi>
  <Prezzi>
    <Data>20161221</Data>
    <Mercato>MGP</Mercato>
    <Ora>7</Ora>
    <PUN>55,798090</PUN>
    <NAT>55,770000</NAT>
    <CNOR>55,770000</CNOR>
    <CSUD>51,000000</CSUD>
    <NORD>58,230000</NORD>
    <SARD>51,000000</SARD>
    <SICI>51,000000</SICI>
    <SUD>51,000000</SUD>
    <AUST>58,230000</AUST>
    <BRNN>51,000000</BRNN>
    <COAC>51,000000</COAC>
    <CORS>55,770000</CORS>
    <FOGN>51,000000</FOGN>
    <FRAN>58,230000</FRAN>
    <GREC>51,000000</GREC>
    <MFTV>58,230000</MFTV>
    <PRGP>51,000000</PRGP>
    <ROSN>51,000000</ROSN>
    <SLOV>58,230000</SLOV>
    <SVIZ>58,230000</SVIZ>
    <BSP>58,230000</BSP>
    <MALT>51,000000</MALT>
    <XAUS>58,230000</XAUS>
    <XFRA>58,230000</XFRA>
  </Prezzi>
  <Prezzi>
    <Data>20161221</Data>
    <Mercato>MGP</Mercato>
    <Ora>8</Ora>
    <PUN>67,490000</PUN>
    <NAT>67,240000</NAT>
    <CNOR>67,490000</CNOR>
    <CSUD>67,490000</CSUD>
    <NORD>67,490000</NORD>
    <SARD>67,490000</SARD>
    <SICI>67,490000</SICI>
    <SUD>67,490000</SUD>
    <AUST>67,490000</AUST>
    <BRNN>67,490000</BRNN>
    <COAC>67,490000</COAC>
    <CORS>67,490000</CORS>
    <FOGN>67,490000</FOGN>
    <FRAN>67,490000</FRAN>
    <GREC>67,490000</GREC>
    <MFTV>67,490000</MFTV>
    <PRGP>67,490000</PRGP>
    <ROSN>67,490000</ROSN>
    <SLOV>67,490000</SLOV>
    <SVIZ>67,490000</SVIZ>
    <BSP>67,490000</BSP>
    <MALT>67,490000</MALT>
    <XAUS>67,490000</XAUS>
    <XFRA>67,490000</XFRA>
  </Prezzi>
  <Prezzi>
    <Data>20161221</Data>
    <Mercato>MGP</Mercato>
    <Ora>9</Ora>
    <PUN>70,150000</PUN>
    <NAT>70,160000</NAT>
    <CNOR>70,150000</CNOR>
    <CSUD>70,150000</CSUD>
    <NORD>70,150000</NORD>
    <SARD>70,150000</SARD>
    <SICI>70,150000</SICI>
    <SUD>70,150000</SUD>
    <AUST>70,150000</AUST>
    <BRNN>70,150000</BRNN>
    <COAC>70,150000</COAC>
    <CORS>70,150000</CORS>
    <FOGN>70,150000</FOGN>
    <FRAN>70,150000</FRAN>
    <GREC>70,150000</GREC>
    <MFTV>70,150000</MFTV>
    <PRGP>70,150000</PRGP>
    <ROSN>70,150000</ROSN>
    <SLOV>70,150000</SLOV>
    <SVIZ>70,150000</SVIZ>
    <BSP>70,150000</BSP>
    <MALT>70,150000</MALT>
    <XAUS>70,150000</XAUS>
    <XFRA>70,150000</XFRA>
  </Prezzi>
  <Prezzi>
    <Data>20161221</Data>
    <Mercato>MGP</Mercato>
    <Ora>10</Ora>
    <PUN>70,690000</PUN>
    <NAT>71,000000</NAT>
    <CNOR>70,690000</CNOR>
    <CSUD>70,690000</CSUD>
    <NORD>70,690000</NORD>
    <SARD>70,690000</SARD>
    <SICI>70,690000</SICI>
    <SUD>70,690000</SUD>
    <AUST>70,690000</AUST>
    <BRNN>70,690000</BRNN>
    <COAC>70,690000</COAC>
    <CORS>70,690000</CORS>
    <FOGN>70,690000</FOGN>
    <FRAN>70,690000</FRAN>
    <GREC>70,690000</GREC>
    <MFTV>70,690000</MFTV>
    <PRGP>70,690000</PRGP>
    <ROSN>70,690000</ROSN>
    <SLOV>70,690000</SLOV>
    <SVIZ>70,690000</SVIZ>
    <BSP>70,690000</BSP>
    <MALT>70,690000</MALT>
    <XAUS>70,690000</XAUS>
    <XFRA>70,690000</XFRA>
  </Prezzi>
  <Prezzi>
    <Data>20161221</Data>
    <Mercato>MGP</Mercato>
    <Ora>11</Ora>
    <PUN>68,508780</PUN>
    <NAT>70,000000</NAT>
    <CNOR>70,200000</CNOR>
    <CSUD>64,500000</CSUD>
    <NORD>70,200000</NORD>
    <SARD>64,500000</SARD>
    <SICI>64,500000</SICI>
    <SUD>64,500000</SUD>
    <AUST>70,200000</AUST>
    <BRNN>64,500000</BRNN>
    <COAC>64,500000</COAC>
    <CORS>70,200000</CORS>
    <FOGN>64,500000</FOGN>
    <FRAN>70,200000</FRAN>
    <GREC>64,500000</GREC>
    <MFTV>70,200000</MFTV>
    <PRGP>64,500000</PRGP>
    <ROSN>64,500000</ROSN>
    <SLOV>70,200000</SLOV>
    <SVIZ>70,200000</SVIZ>
    <BSP>70,200000</BSP>
    <MALT>64,500000</MALT>
    <XAUS>70,200000</XAUS>
    <XFRA>70,200000</XFRA>
  </Prezzi>
  <Prezzi>
    <Data>20161221</Data>
    <Mercato>MGP</Mercato>
    <Ora>12</Ora>
    <PUN>65,607370</PUN>
    <NAT>64,940000</NAT>
    <CNOR>69,200000</CNOR>
    <CSUD>56,940000</CSUD>
    <NORD>69,200000</NORD>
    <SARD>56,940000</SARD>
    <SICI>56,940000</SICI>
    <SUD>56,940000</SUD>
    <AUST>69,200000</AUST>
    <BRNN>56,940000</BRNN>
    <COAC>56,940000</COAC>
    <CORS>69,200000</CORS>
    <FOGN>56,940000</FOGN>
    <FRAN>69,200000</FRAN>
    <GREC>56,940000</GREC>
    <MFTV>69,200000</MFTV>
    <PRGP>56,940000</PRGP>
    <ROSN>56,940000</ROSN>
    <SLOV>69,200000</SLOV>
    <SVIZ>69,200000</SVIZ>
    <BSP>69,200000</BSP>
    <MALT>56,940000</MALT>
    <XAUS>69,200000</XAUS>
    <XFRA>69,200000</XFRA>
  </Prezzi>
  <Prezzi>
    <Data>20161221</Data>
    <Mercato>MGP</Mercato>
    <Ora>13</Ora>
    <PUN>62,445120</PUN>
    <NAT>64,380000</NAT>
    <CNOR>55,770000</CNOR>
    <CSUD>55,000000</CSUD>
    <NORD>67,530090</NORD>
    <SARD>55,000000</SARD>
    <SICI>55,000000</SICI>
    <SUD>55,000000</SUD>
    <AUST>67,530090</AUST>
    <BRNN>55,000000</BRNN>
    <COAC>55,000000</COAC>
    <CORS>55,770000</CORS>
    <FOGN>55,000000</FOGN>
    <FRAN>67,530090</FRAN>
    <GREC>55,000000</GREC>
    <MFTV>67,530090</MFTV>
    <PRGP>55,000000</PRGP>
    <ROSN>55,000000</ROSN>
    <SLOV>67,530090</SLOV>
    <SVIZ>67,530090</SVIZ>
    <BSP>67,530090</BSP>
    <MALT>55,000000</MALT>
    <XAUS>67,530090</XAUS>
    <XFRA>67,530090</XFRA>
  </Prezzi>
  <Prezzi>
    <Data>20161221</Data>
    <Mercato>MGP</Mercato>
    <Ora>14</Ora>
    <PUN>62,541510</PUN>
    <NAT>64,200000</NAT>
    <CNOR>55,770000</CNOR>
    <CSUD>55,000000</CSUD>
    <NORD>67,490000</NORD>
    <SARD>55,000000</SARD>
    <SICI>55,000000</SICI>
    <SUD>55,000000</SUD>
    <AUST>67,490000</AUST>
    <BRNN>55,000000</BRNN>
    <COAC>55,000000</COAC>
    <CORS>55,770000</CORS>
    <FOGN>55,000000</FOGN>
    <FRAN>67,490000</FRAN>
    <GREC>55,000000</GREC>
    <MFTV>67,490000</MFTV>
    <PRGP>55,000000</PRGP>
    <ROSN>55,000000</ROSN>
    <SLOV>67,490000</SLOV>
    <SVIZ>67,490000</SVIZ>
    <BSP>67,490000</BSP>
    <MALT>55,000000</MALT>
    <XAUS>67,490000</XAUS>
    <XFRA>67,490000</XFRA>
  </Prezzi>
  <Prezzi>
    <Data>20161221</Data>
    <Mercato>MGP</Mercato>
    <Ora>15</Ora>
    <PUN>64,706740</PUN>
    <NAT>64,500000</NAT>
    <CNOR>67,230000</CNOR>
    <CSUD>58,640000</CSUD>
    <NORD>67,230000</NORD>
    <SARD>58,640000</SARD>
    <SICI>58,640000</SICI>
    <SUD>58,640000</SUD>
    <AUST>67,230000</AUST>
    <BRNN>58,640000</BRNN>
    <COAC>58,640000</COAC>
    <CORS>67,230000</CORS>
    <FOGN>58,640000</FOGN>
    <FRAN>67,230000</FRAN>
    <GREC>58,640000</GREC>
    <MFTV>67,230000</MFTV>
    <PRGP>58,640000</PRGP>
    <ROSN>58,640000</ROSN>
    <SLOV>67,230000</SLOV>
    <SVIZ>67,230000</SVIZ>
    <BSP>67,230000</BSP>
    <MALT>58,640000</MALT>
    <XAUS>67,230000</XAUS>
    <XFRA>67,230000</XFRA>
  </Prezzi>
  <Prezzi>
    <Data>20161221</Data>
    <Mercato>MGP</Mercato>
    <Ora>16</Ora>
    <PUN>64,632330</PUN>
    <NAT>64,500000</NAT>
    <CNOR>67,230000</CNOR>
    <CSUD>57,160000</CSUD>
    <NORD>67,230000</NORD>
    <SARD>57,160000</SARD>
    <SICI>64,380000</SICI>
    <SUD>57,160000</SUD>
    <AUST>67,230000</AUST>
    <BRNN>57,160000</BRNN>
    <COAC>57,160000</COAC>
    <CORS>67,230000</CORS>
    <FOGN>57,160000</FOGN>
    <FRAN>67,230000</FRAN>
    <GREC>57,160000</GREC>
    <MFTV>67,230000</MFTV>
    <PRGP>64,380000</PRGP>
    <ROSN>57,160000</ROSN>
    <SLOV>67,230000</SLOV>
    <SVIZ>67,230000</SVIZ>
    <BSP>67,230000</BSP>
    <MALT>64,380000</MALT>
    <XAUS>67,230000</XAUS>
    <XFRA>67,230000</XFRA>
  </Prezzi>
  <Prezzi>
    <Data>20161221</Data>
    <Mercato>MGP</Mercato>
    <Ora>17</Ora>
    <PUN>66,282480</PUN>
    <NAT>65,730000</NAT>
    <CNOR>68,750000</CNOR>
    <CSUD>60,690000</CSUD>
    <NORD>68,750000</NORD>
    <SARD>60,690000</SARD>
    <SICI>60,690000</SICI>
    <SUD>60,690000</SUD>
    <AUST>68,750000</AUST>
    <BRNN>60,690000</BRNN>
    <COAC>60,690000</COAC>
    <CORS>68,750000</CORS>
    <FOGN>60,690000</FOGN>
    <FRAN>68,750000</FRAN>
    <GREC>60,690000</GREC>
    <MFTV>68,750000</MFTV>
    <PRGP>60,690000</PRGP>
    <ROSN>60,690000</ROSN>
    <SLOV>68,750000</SLOV>
    <SVIZ>68,750000</SVIZ>
    <BSP>68,750000</BSP>
    <MALT>60,690000</MALT>
    <XAUS>68,750000</XAUS>
    <XFRA>68,750000</XFRA>
  </Prezzi>
  <Prezzi>
    <Data>20161221</Data>
    <Mercato>MGP</Mercato>
    <Ora>18</Ora>
    <PUN>73,901170</PUN>
    <NAT>74,920000</NAT>
    <CNOR>73,587450</CNOR>
    <CSUD>73,587450</CSUD>
    <NORD>73,587450</NORD>
    <SARD>73,587450</SARD>
    <SICI>78,880000</SICI>
    <SUD>73,587450</SUD>
    <AUST>73,587450</AUST>
    <BRNN>73,587450</BRNN>
    <COAC>73,587450</COAC>
    <CORS>73,587450</CORS>
    <FOGN>73,587450</FOGN>
    <FRAN>73,587450</FRAN>
    <GREC>73,587450</GREC>
    <MFTV>73,587450</MFTV>
    <PRGP>78,880000</PRGP>
    <ROSN>73,587450</ROSN>
    <SLOV>73,587450</SLOV>
    <SVIZ>73,587450</SVIZ>
    <BSP>73,587450</BSP>
    <MALT>78,880000</MALT>
    <XAUS>73,587450</XAUS>
    <XFRA>73,587450</XFRA>
  </Prezzi>
  <Prezzi>
    <Data>20161221</Data>
    <Mercato>MGP</Mercato>
    <Ora>19</Ora>
    <PUN>79,775980</PUN>
    <NAT>80,000000</NAT>
    <CNOR>79,480000</CNOR>
    <CSUD>79,480000</CSUD>
    <NORD>79,480000</NORD>
    <SARD>79,480000</SARD>
    <SICI>84,380000</SICI>
    <SUD>79,480000</SUD>
    <AUST>79,480000</AUST>
    <BRNN>79,480000</BRNN>
    <COAC>79,480000</COAC>
    <CORS>79,480000</CORS>
    <FOGN>79,480000</FOGN>
    <FRAN>79,480000</FRAN>
    <GREC>79,480000</GREC>
    <MFTV>79,480000</MFTV>
    <PRGP>84,380000</PRGP>
    <ROSN>79,480000</ROSN>
    <SLOV>79,480000</SLOV>
    <SVIZ>79,480000</SVIZ>
    <BSP>79,480000</BSP>
    <MALT>84,380000</MALT>
    <XAUS>79,480000</XAUS>
    <XFRA>79,480000</XFRA>
  </Prezzi>
  <Prezzi>
    <Data>20161221</Data>
    <Mercato>MGP</Mercato>
    <Ora>20</Ora>
    <PUN>75,582770</PUN>
    <NAT>77,290000</NAT>
    <CNOR>75,000000</CNOR>
    <CSUD>75,000000</CSUD>
    <NORD>75,000000</NORD>
    <SARD>75,000000</SARD>
    <SICI>84,380000</SICI>
    <SUD>75,000000</SUD>
    <AUST>75,000000</AUST>
    <BRNN>75,000000</BRNN>
    <COAC>75,000000</COAC>
    <CORS>75,000000</CORS>
    <FOGN>75,000000</FOGN>
    <FRAN>75,000000</FRAN>
    <GREC>75,000000</GREC>
    <MFTV>75,000000</MFTV>
    <PRGP>84,380000</PRGP>
    <ROSN>75,000000</ROSN>
    <SLOV>75,000000</SLOV>
    <SVIZ>75,000000</SVIZ>
    <BSP>75,000000</BSP>
    <MALT>84,380000</MALT>
    <XAUS>75,000000</XAUS>
    <XFRA>75,000000</XFRA>
  </Prezzi>
  <Prezzi>
    <Data>20161221</Data>
    <Mercato>MGP</Mercato>
    <Ora>21</Ora>
    <PUN>73,424390</PUN>
    <NAT>74,700000</NAT>
    <CNOR>72,690000</CNOR>
    <CSUD>72,690000</CSUD>
    <NORD>72,690000</NORD>
    <SARD>72,690000</SARD>
    <SICI>83,940000</SICI>
    <SUD>72,690000</SUD>
    <AUST>72,690000</AUST>
    <BRNN>72,690000</BRNN>
    <COAC>72,690000</COAC>
    <CORS>72,690000</CORS>
    <FOGN>72,690000</FOGN>
    <FRAN>72,690000</FRAN>
    <GREC>72,690000</GREC>
    <MFTV>72,690000</MFTV>
    <PRGP>83,940000</PRGP>
    <ROSN>72,690000</ROSN>
    <SLOV>72,690000</SLOV>
    <SVIZ>72,690000</SVIZ>
    <BSP>72,690000</BSP>
    <MALT>83,940000</MALT>
    <XAUS>72,690000</XAUS>
    <XFRA>72,690000</XFRA>
  </Prezzi>
  <Prezzi>
    <Data>20161221</Data>
    <Mercato>MGP</Mercato>
    <Ora>22</Ora>
    <PUN>69,904650</PUN>
    <NAT>69,990000</NAT>
    <CNOR>69,904650</CNOR>
    <CSUD>69,904650</CSUD>
    <NORD>69,904650</NORD>
    <SARD>69,904650</SARD>
    <SICI>69,904650</SICI>
    <SUD>69,904650</SUD>
    <AUST>69,904650</AUST>
    <BRNN>69,904650</BRNN>
    <COAC>69,904650</COAC>
    <CORS>69,904650</CORS>
    <FOGN>69,904650</FOGN>
    <FRAN>69,904650</FRAN>
    <GREC>69,904650</GREC>
    <MFTV>69,904650</MFTV>
    <PRGP>69,904650</PRGP>
    <ROSN>69,904650</ROSN>
    <SLOV>69,904650</SLOV>
    <SVIZ>69,904650</SVIZ>
    <BSP>69,904650</BSP>
    <MALT>69,904650</MALT>
    <XAUS>69,904650</XAUS>
    <XFRA>69,904650</XFRA>
  </Prezzi>
  <Prezzi>
    <Data>20161221</Data>
    <Mercato>MGP</Mercato>
    <Ora>23</Ora>
    <PUN>62,221440</PUN>
    <NAT>59,990000</NAT>
    <CNOR>67,880000</CNOR>
    <CSUD>51,000000</CSUD>
    <NORD>67,880000</NORD>
    <SARD>51,000000</SARD>
    <SICI>54,380000</SICI>
    <SUD>51,000000</SUD>
    <AUST>67,880000</AUST>
    <BRNN>51,000000</BRNN>
    <COAC>51,000000</COAC>
    <CORS>67,880000</CORS>
    <FOGN>51,000000</FOGN>
    <FRAN>67,880000</FRAN>
    <GREC>51,000000</GREC>
    <MFTV>67,880000</MFTV>
    <PRGP>54,380000</PRGP>
    <ROSN>51,000000</ROSN>
    <SLOV>67,880000</SLOV>
    <SVIZ>67,880000</SVIZ>
    <BSP>67,880000</BSP>
    <MALT>54,380000</MALT>
    <XAUS>67,880000</XAUS>
    <XFRA>67,880000</XFRA>
  </Prezzi>
  <Prezzi>
    <Data>20161221</Data>
    <Mercato>MGP</Mercato>
    <Ora>24</Ora>
    <PUN>60,790080</PUN>
    <NAT>56,990000</NAT>
    <CNOR>65,740000</CNOR>
    <CSUD>50,280000</CSUD>
    <NORD>66,184280</NORD>
    <SARD>50,280000</SARD>
    <SICI>50,280000</SICI>
    <SUD>50,280000</SUD>
    <AUST>66,184280</AUST>
    <BRNN>50,280000</BRNN>
    <COAC>50,280000</COAC>
    <CORS>65,740000</CORS>
    <FOGN>50,280000</FOGN>
    <FRAN>66,184280</FRAN>
    <GREC>50,280000</GREC>
    <MFTV>66,184280</MFTV>
    <PRGP>50,280000</PRGP>
    <ROSN>50,280000</ROSN>
    <SLOV>66,184280</SLOV>
    <SVIZ>66,184280</SVIZ>
    <BSP>66,184280</BSP>
    <MALT>50,280000</MALT>
    <XAUS>66,184280</XAUS>
    <XFRA>66,184280</XFRA>
  </Prezzi>
</NewDataSet>