<?xml version="1.0" standalone="yes"?>
<NewDataSet>
  <xs:schema id="NewDataSet" xmlns="" xmlns:xs="http://www.w3.org/2001/XMLSchema" xmlns:msdata="urn:schemas-microsoft-com:xml-msdata">
    <xs:element name="NewDataSet" msdata:IsDataSet="true" msdata:UseCurrentLocale="true">
      <xs:complexType>
        <xs:choice minOccurs="0" maxOccurs="unbounded">
          <xs:element name="Prezzi">
            <xs:complexType>
              <xs:sequence>
                <xs:element name="Data" type="xs:string" minOccurs="0" />
                <xs:element name="Mercato" type="xs:string" minOccurs="0" />
                <xs:element name="Ora" type="xs:string" minOccurs="0" />
                <xs:element name="PUN" type="xs:string" minOccurs="0" />
                <xs:element name="NAT" type="xs:string" minOccurs="0" />
                <xs:element name="CNOR" type="xs:string" minOccurs="0" />
                <xs:element name="CSUD" type="xs:string" minOccurs="0" />
                <xs:element name="NORD" type="xs:string" minOccurs="0" />
                <xs:element name="SARD" type="xs:string" minOccurs="0" />
                <xs:element name="SICI" type="xs:string" minOccurs="0" />
                <xs:element name="SUD" type="xs:string" minOccurs="0" />
                <xs:element name="AUST" type="xs:string" minOccurs="0" />
                <xs:element name="BRNN" type="xs:string" minOccurs="0" />
                <xs:element name="COAC" type="xs:string" minOccurs="0" />
                <xs:element name="CORS" type="xs:string" minOccurs="0" />
                <xs:element name="FOGN" type="xs:string" minOccurs="0" />
                <xs:element name="FRAN" type="xs:string" minOccurs="0" />
                <xs:element name="GREC" type="xs:string" minOccurs="0" />
                <xs:element name="MFTV" type="xs:string" minOccurs="0" />
                <xs:element name="PRGP" type="xs:string" minOccurs="0" />
                <xs:element name="ROSN" type="xs:string" minOccurs="0" />
                <xs:element name="SLOV" type="xs:string" minOccurs="0" />
                <xs:element name="SVIZ" type="xs:string" minOccurs="0" />
                <xs:element name="BSP" type="xs:string" minOccurs="0" />
                <xs:element name="MALT" type="xs:string" minOccurs="0" />
                <xs:element name="XAUS" type="xs:string" minOccurs="0" />
                <xs:element name="XFRA" type="xs:string" minOccurs="0" />
              </xs:sequence>
            </xs:complexType>
          </xs:element>
        </xs:choice>
      </xs:complexType>
    </xs:element>
  </xs:schema>
  <Prezzi>
    <Data>20161201</Data>
    <Mercato>MGP</Mercato>
    <Ora>1</Ora>
    <PUN>63,003930</PUN>
    <NAT>52,580000</NAT>
    <CNOR>51,000000</CNOR>
    <CSUD>51,000000</CSUD>
    <NORD>72,000000</NORD>
    <SARD>51,000000</SARD>
    <SICI>51,000000</SICI>
    <SUD>51,000000</SUD>
    <AUST>72,000000</AUST>
    <BRNN>51,000000</BRNN>
    <COAC>51,000000</COAC>
    <CORS>51,000000</CORS>
    <FOGN>51,000000</FOGN>
    <FRAN>72,000000</FRAN>
    <GREC>51,000000</GREC>
    <MFTV>72,000000</MFTV>
    <PRGP>51,000000</PRGP>
    <ROSN>51,000000</ROSN>
    <SLOV>72,000000</SLOV>
    <SVIZ>72,000000</SVIZ>
    <BSP>72,000000</BSP>
    <MALT>51,000000</MALT>
    <XAUS>72,000000</XAUS>
    <XFRA>72,000000</XFRA>
  </Prezzi>
  <Prezzi>
    <Data>20161201</Data>
    <Mercato>MGP</Mercato>
    <Ora>2</Ora>
    <PUN>59,172420</PUN>
    <NAT>52,000000</NAT>
    <CNOR>50,090000</CNOR>
    <CSUD>50,000000</CSUD>
    <NORD>65,800000</NORD>
    <SARD>50,000000</SARD>
    <SICI>50,000000</SICI>
    <SUD>50,000000</SUD>
    <AUST>65,800000</AUST>
    <BRNN>50,000000</BRNN>
    <COAC>50,000000</COAC>
    <CORS>50,090000</CORS>
    <FOGN>50,000000</FOGN>
    <FRAN>65,800000</FRAN>
    <GREC>50,000000</GREC>
    <MFTV>65,800000</MFTV>
    <PRGP>50,000000</PRGP>
    <ROSN>50,000000</ROSN>
    <SLOV>65,800000</SLOV>
    <SVIZ>65,800000</SVIZ>
    <BSP>65,800000</BSP>
    <MALT>50,000000</MALT>
    <XAUS>65,800000</XAUS>
    <XFRA>65,800000</XFRA>
  </Prezzi>
  <Prezzi>
    <Data>20161201</Data>
    <Mercato>MGP</Mercato>
    <Ora>3</Ora>
    <PUN>55,857350</PUN>
    <NAT>52,000000</NAT>
    <CNOR>50,090000</CNOR>
    <CSUD>50,000000</CSUD>
    <NORD>59,990000</NORD>
    <SARD>50,000000</SARD>
    <SICI>50,000000</SICI>
    <SUD>50,000000</SUD>
    <AUST>59,990000</AUST>
    <BRNN>50,000000</BRNN>
    <COAC>50,000000</COAC>
    <CORS>50,090000</CORS>
    <FOGN>50,000000</FOGN>
    <FRAN>59,990000</FRAN>
    <GREC>50,000000</GREC>
    <MFTV>59,990000</MFTV>
    <PRGP>50,000000</PRGP>
    <ROSN>50,000000</ROSN>
    <SLOV>59,990000</SLOV>
    <SVIZ>59,990000</SVIZ>
    <BSP>59,990000</BSP>
    <MALT>50,000000</MALT>
    <XAUS>59,990000</XAUS>
    <XFRA>59,990000</XFRA>
  </Prezzi>
  <Prezzi>
    <Data>20161201</Data>
    <Mercato>MGP</Mercato>
    <Ora>4</Ora>
    <PUN>50,413930</PUN>
    <NAT>50,000000</NAT>
    <CNOR>50,090000</CNOR>
    <CSUD>50,000000</CSUD>
    <NORD>50,694120</NORD>
    <SARD>50,000000</SARD>
    <SICI>50,000000</SICI>
    <SUD>50,000000</SUD>
    <AUST>50,694120</AUST>
    <BRNN>50,000000</BRNN>
    <COAC>50,000000</COAC>
    <CORS>50,090000</CORS>
    <FOGN>50,000000</FOGN>
    <FRAN>50,694120</FRAN>
    <GREC>50,000000</GREC>
    <MFTV>50,694120</MFTV>
    <PRGP>50,000000</PRGP>
    <ROSN>50,000000</ROSN>
    <SLOV>50,694120</SLOV>
    <SVIZ>50,694120</SVIZ>
    <BSP>50,694120</BSP>
    <MALT>50,000000</MALT>
    <XAUS>50,694120</XAUS>
    <XFRA>50,694120</XFRA>
  </Prezzi>
  <Prezzi>
    <Data>20161201</Data>
    <Mercato>MGP</Mercato>
    <Ora>5</Ora>
    <PUN>51,525950</PUN>
    <NAT>51,000000</NAT>
    <CNOR>50,090000</CNOR>
    <CSUD>50,000000</CSUD>
    <NORD>52,580000</NORD>
    <SARD>50,000000</SARD>
    <SICI>50,000000</SICI>
    <SUD>50,000000</SUD>
    <AUST>52,580000</AUST>
    <BRNN>50,000000</BRNN>
    <COAC>50,000000</COAC>
    <CORS>50,090000</CORS>
    <FOGN>50,000000</FOGN>
    <FRAN>52,580000</FRAN>
    <GREC>50,000000</GREC>
    <MFTV>52,580000</MFTV>
    <PRGP>50,000000</PRGP>
    <ROSN>50,000000</ROSN>
    <SLOV>52,580000</SLOV>
    <SVIZ>52,580000</SVIZ>
    <BSP>52,580000</BSP>
    <MALT>50,000000</MALT>
    <XAUS>52,580000</XAUS>
    <XFRA>52,580000</XFRA>
  </Prezzi>
  <Prezzi>
    <Data>20161201</Data>
    <Mercato>MGP</Mercato>
    <Ora>6</Ora>
    <PUN>58,908120</PUN>
    <NAT>52,000000</NAT>
    <CNOR>50,090000</CNOR>
    <CSUD>50,000000</CSUD>
    <NORD>65,046190</NORD>
    <SARD>50,000000</SARD>
    <SICI>50,000000</SICI>
    <SUD>50,000000</SUD>
    <AUST>65,046190</AUST>
    <BRNN>50,000000</BRNN>
    <COAC>50,000000</COAC>
    <CORS>50,090000</CORS>
    <FOGN>50,000000</FOGN>
    <FRAN>65,046190</FRAN>
    <GREC>50,000000</GREC>
    <MFTV>65,046190</MFTV>
    <PRGP>50,000000</PRGP>
    <ROSN>50,000000</ROSN>
    <SLOV>65,046190</SLOV>
    <SVIZ>65,046190</SVIZ>
    <BSP>65,046190</BSP>
    <MALT>50,000000</MALT>
    <XAUS>65,046190</XAUS>
    <XFRA>65,046190</XFRA>
  </Prezzi>
  <Prezzi>
    <Data>20161201</Data>
    <Mercato>MGP</Mercato>
    <Ora>7</Ora>
    <PUN>63,580780</PUN>
    <NAT>57,890000</NAT>
    <CNOR>51,000000</CNOR>
    <CSUD>51,000000</CSUD>
    <NORD>72,200000</NORD>
    <SARD>51,000000</SARD>
    <SICI>51,000000</SICI>
    <SUD>51,000000</SUD>
    <AUST>72,200000</AUST>
    <BRNN>51,000000</BRNN>
    <COAC>51,000000</COAC>
    <CORS>51,000000</CORS>
    <FOGN>51,000000</FOGN>
    <FRAN>72,200000</FRAN>
    <GREC>51,000000</GREC>
    <MFTV>72,200000</MFTV>
    <PRGP>51,000000</PRGP>
    <ROSN>51,000000</ROSN>
    <SLOV>72,200000</SLOV>
    <SVIZ>72,200000</SVIZ>
    <BSP>72,200000</BSP>
    <MALT>51,000000</MALT>
    <XAUS>72,200000</XAUS>
    <XFRA>72,200000</XFRA>
  </Prezzi>
  <Prezzi>
    <Data>20161201</Data>
    <Mercato>MGP</Mercato>
    <Ora>8</Ora>
    <PUN>94,404960</PUN>
    <NAT>78,500000</NAT>
    <CNOR>99,950000</CNOR>
    <CSUD>99,950000</CSUD>
    <NORD>99,950000</NORD>
    <SARD>99,950000</SARD>
    <SICI>55,000000</SICI>
    <SUD>55,000000</SUD>
    <AUST>99,950000</AUST>
    <BRNN>55,000000</BRNN>
    <COAC>99,950000</COAC>
    <CORS>99,950000</CORS>
    <FOGN>55,000000</FOGN>
    <FRAN>99,950000</FRAN>
    <GREC>55,000000</GREC>
    <MFTV>99,950000</MFTV>
    <PRGP>55,000000</PRGP>
    <ROSN>55,000000</ROSN>
    <SLOV>99,950000</SLOV>
    <SVIZ>99,950000</SVIZ>
    <BSP>99,950000</BSP>
    <MALT>55,000000</MALT>
    <XAUS>99,950000</XAUS>
    <XFRA>99,950000</XFRA>
  </Prezzi>
  <Prezzi>
    <Data>20161201</Data>
    <Mercato>MGP</Mercato>
    <Ora>9</Ora>
    <PUN>98,745340</PUN>
    <NAT>79,080000</NAT>
    <CNOR>105,000000</CNOR>
    <CSUD>105,000000</CSUD>
    <NORD>105,000000</NORD>
    <SARD>105,000000</SARD>
    <SICI>55,000000</SICI>
    <SUD>52,000000</SUD>
    <AUST>105,000000</AUST>
    <BRNN>52,000000</BRNN>
    <COAC>105,000000</COAC>
    <CORS>105,000000</CORS>
    <FOGN>52,000000</FOGN>
    <FRAN>105,000000</FRAN>
    <GREC>52,000000</GREC>
    <MFTV>105,000000</MFTV>
    <PRGP>55,000000</PRGP>
    <ROSN>52,000000</ROSN>
    <SLOV>105,000000</SLOV>
    <SVIZ>105,000000</SVIZ>
    <BSP>105,000000</BSP>
    <MALT>55,000000</MALT>
    <XAUS>105,000000</XAUS>
    <XFRA>105,000000</XFRA>
  </Prezzi>
  <Prezzi>
    <Data>20161201</Data>
    <Mercato>MGP</Mercato>
    <Ora>10</Ora>
    <PUN>95,000000</PUN>
    <NAT>70,000000</NAT>
    <CNOR>100,880380</CNOR>
    <CSUD>100,880380</CSUD>
    <NORD>100,880380</NORD>
    <SARD>100,880380</SARD>
    <SICI>51,000000</SICI>
    <SUD>51,000000</SUD>
    <AUST>100,880380</AUST>
    <BRNN>51,000000</BRNN>
    <COAC>100,880380</COAC>
    <CORS>100,880380</CORS>
    <FOGN>51,000000</FOGN>
    <FRAN>100,880380</FRAN>
    <GREC>51,000000</GREC>
    <MFTV>100,880380</MFTV>
    <PRGP>51,000000</PRGP>
    <ROSN>51,000000</ROSN>
    <SLOV>100,880380</SLOV>
    <SVIZ>100,880380</SVIZ>
    <BSP>100,880380</BSP>
    <MALT>51,000000</MALT>
    <XAUS>100,880380</XAUS>
    <XFRA>100,880380</XFRA>
  </Prezzi>
  <Prezzi>
    <Data>20161201</Data>
    <Mercato>MGP</Mercato>
    <Ora>11</Ora>
    <PUN>75,111540</PUN>
    <NAT>64,120000</NAT>
    <CNOR>78,380000</CNOR>
    <CSUD>78,380000</CSUD>
    <NORD>78,380000</NORD>
    <SARD>78,380000</SARD>
    <SICI>50,000000</SICI>
    <SUD>50,000000</SUD>
    <AUST>78,380000</AUST>
    <BRNN>50,000000</BRNN>
    <COAC>78,380000</COAC>
    <CORS>78,380000</CORS>
    <FOGN>50,000000</FOGN>
    <FRAN>78,380000</FRAN>
    <GREC>50,000000</GREC>
    <MFTV>78,380000</MFTV>
    <PRGP>50,000000</PRGP>
    <ROSN>50,000000</ROSN>
    <SLOV>78,380000</SLOV>
    <SVIZ>78,380000</SVIZ>
    <BSP>78,380000</BSP>
    <MALT>50,000000</MALT>
    <XAUS>78,380000</XAUS>
    <XFRA>78,380000</XFRA>
  </Prezzi>
  <Prezzi>
    <Data>20161201</Data>
    <Mercato>MGP</Mercato>
    <Ora>12</Ora>
    <PUN>69,654230</PUN>
    <NAT>58,230000</NAT>
    <CNOR>72,200000</CNOR>
    <CSUD>72,200000</CSUD>
    <NORD>72,200000</NORD>
    <SARD>72,200000</SARD>
    <SICI>50,000000</SICI>
    <SUD>50,000000</SUD>
    <AUST>72,200000</AUST>
    <BRNN>50,000000</BRNN>
    <COAC>72,200000</COAC>
    <CORS>72,200000</CORS>
    <FOGN>50,000000</FOGN>
    <FRAN>72,200000</FRAN>
    <GREC>50,000000</GREC>
    <MFTV>72,200000</MFTV>
    <PRGP>50,000000</PRGP>
    <ROSN>50,000000</ROSN>
    <SLOV>72,200000</SLOV>
    <SVIZ>72,200000</SVIZ>
    <BSP>72,200000</BSP>
    <MALT>50,000000</MALT>
    <XAUS>72,200000</XAUS>
    <XFRA>72,200000</XFRA>
  </Prezzi>
  <Prezzi>
    <Data>20161201</Data>
    <Mercato>MGP</Mercato>
    <Ora>13</Ora>
    <PUN>67,568020</PUN>
    <NAT>55,000000</NAT>
    <CNOR>70,000000</CNOR>
    <CSUD>70,000000</CSUD>
    <NORD>70,000000</NORD>
    <SARD>70,000000</SARD>
    <SICI>50,000000</SICI>
    <SUD>50,000000</SUD>
    <AUST>70,000000</AUST>
    <BRNN>50,000000</BRNN>
    <COAC>70,000000</COAC>
    <CORS>70,000000</CORS>
    <FOGN>50,000000</FOGN>
    <FRAN>70,000000</FRAN>
    <GREC>50,000000</GREC>
    <MFTV>70,000000</MFTV>
    <PRGP>50,000000</PRGP>
    <ROSN>50,000000</ROSN>
    <SLOV>70,000000</SLOV>
    <SVIZ>70,000000</SVIZ>
    <BSP>70,000000</BSP>
    <MALT>50,000000</MALT>
    <XAUS>70,000000</XAUS>
    <XFRA>70,000000</XFRA>
  </Prezzi>
  <Prezzi>
    <Data>20161201</Data>
    <Mercato>MGP</Mercato>
    <Ora>14</Ora>
    <PUN>63,636090</PUN>
    <NAT>55,230000</NAT>
    <CNOR>52,090000</CNOR>
    <CSUD>52,090000</CSUD>
    <NORD>72,000000</NORD>
    <SARD>52,090000</SARD>
    <SICI>50,000000</SICI>
    <SUD>50,000000</SUD>
    <AUST>72,000000</AUST>
    <BRNN>50,000000</BRNN>
    <COAC>52,090000</COAC>
    <CORS>52,090000</CORS>
    <FOGN>50,000000</FOGN>
    <FRAN>72,000000</FRAN>
    <GREC>50,000000</GREC>
    <MFTV>72,000000</MFTV>
    <PRGP>50,000000</PRGP>
    <ROSN>50,000000</ROSN>
    <SLOV>72,000000</SLOV>
    <SVIZ>72,000000</SVIZ>
    <BSP>72,000000</BSP>
    <MALT>50,000000</MALT>
    <XAUS>72,000000</XAUS>
    <XFRA>72,000000</XFRA>
  </Prezzi>
  <Prezzi>
    <Data>20161201</Data>
    <Mercato>MGP</Mercato>
    <Ora>15</Ora>
    <PUN>83,437970</PUN>
    <NAT>64,500000</NAT>
    <CNOR>87,750000</CNOR>
    <CSUD>87,750000</CSUD>
    <NORD>87,750000</NORD>
    <SARD>87,750000</SARD>
    <SICI>51,000000</SICI>
    <SUD>51,000000</SUD>
    <AUST>87,750000</AUST>
    <BRNN>51,000000</BRNN>
    <COAC>87,750000</COAC>
    <CORS>87,750000</CORS>
    <FOGN>51,000000</FOGN>
    <FRAN>87,750000</FRAN>
    <GREC>51,000000</GREC>
    <MFTV>87,750000</MFTV>
    <PRGP>51,000000</PRGP>
    <ROSN>51,000000</ROSN>
    <SLOV>87,750000</SLOV>
    <SVIZ>87,750000</SVIZ>
    <BSP>87,750000</BSP>
    <MALT>51,000000</MALT>
    <XAUS>87,750000</XAUS>
    <XFRA>87,750000</XFRA>
  </Prezzi>
  <Prezzi>
    <Data>20161201</Data>
    <Mercato>MGP</Mercato>
    <Ora>16</Ora>
    <PUN>85,116400</PUN>
    <NAT>66,000000</NAT>
    <CNOR>89,610000</CNOR>
    <CSUD>89,610000</CSUD>
    <NORD>89,610000</NORD>
    <SARD>89,610000</SARD>
    <SICI>52,000000</SICI>
    <SUD>52,000000</SUD>
    <AUST>89,610000</AUST>
    <BRNN>52,000000</BRNN>
    <COAC>89,610000</COAC>
    <CORS>89,610000</CORS>
    <FOGN>52,000000</FOGN>
    <FRAN>89,610000</FRAN>
    <GREC>52,000000</GREC>
    <MFTV>89,610000</MFTV>
    <PRGP>52,000000</PRGP>
    <ROSN>52,000000</ROSN>
    <SLOV>89,610000</SLOV>
    <SVIZ>89,610000</SVIZ>
    <BSP>89,610000</BSP>
    <MALT>52,000000</MALT>
    <XAUS>89,610000</XAUS>
    <XFRA>89,610000</XFRA>
  </Prezzi>
  <Prezzi>
    <Data>20161201</Data>
    <Mercato>MGP</Mercato>
    <Ora>17</Ora>
    <PUN>81,376190</PUN>
    <NAT>74,500000</NAT>
    <CNOR>86,797790</CNOR>
    <CSUD>70,000000</CSUD>
    <NORD>86,797790</NORD>
    <SARD>70,000000</SARD>
    <SICI>65,080000</SICI>
    <SUD>70,000000</SUD>
    <AUST>86,797790</AUST>
    <BRNN>70,000000</BRNN>
    <COAC>70,000000</COAC>
    <CORS>86,797790</CORS>
    <FOGN>70,000000</FOGN>
    <FRAN>86,797790</FRAN>
    <GREC>70,000000</GREC>
    <MFTV>86,797790</MFTV>
    <PRGP>65,080000</PRGP>
    <ROSN>65,080000</ROSN>
    <SLOV>86,797790</SLOV>
    <SVIZ>86,797790</SVIZ>
    <BSP>86,797790</BSP>
    <MALT>65,080000</MALT>
    <XAUS>86,797790</XAUS>
    <XFRA>86,797790</XFRA>
  </Prezzi>
  <Prezzi>
    <Data>20161201</Data>
    <Mercato>MGP</Mercato>
    <Ora>18</Ora>
    <PUN>106,722480</PUN>
    <NAT>100,220000</NAT>
    <CNOR>109,170000</CNOR>
    <CSUD>109,170000</CSUD>
    <NORD>109,170000</NORD>
    <SARD>109,170000</SARD>
    <SICI>66,000000</SICI>
    <SUD>109,170000</SUD>
    <AUST>109,170000</AUST>
    <BRNN>109,170000</BRNN>
    <COAC>109,170000</COAC>
    <CORS>109,170000</CORS>
    <FOGN>109,170000</FOGN>
    <FRAN>109,170000</FRAN>
    <GREC>109,170000</GREC>
    <MFTV>109,170000</MFTV>
    <PRGP>66,000000</PRGP>
    <ROSN>66,000000</ROSN>
    <SLOV>109,170000</SLOV>
    <SVIZ>109,170000</SVIZ>
    <BSP>109,170000</BSP>
    <MALT>66,000000</MALT>
    <XAUS>109,170000</XAUS>
    <XFRA>109,170000</XFRA>
  </Prezzi>
  <Prezzi>
    <Data>20161201</Data>
    <Mercato>MGP</Mercato>
    <Ora>19</Ora>
    <PUN>94,414620</PUN>
    <NAT>93,000000</NAT>
    <CNOR>95,000000</CNOR>
    <CSUD>95,000000</CSUD>
    <NORD>95,000000</NORD>
    <SARD>95,000000</SARD>
    <SICI>85,080000</SICI>
    <SUD>95,000000</SUD>
    <AUST>95,000000</AUST>
    <BRNN>95,000000</BRNN>
    <COAC>95,000000</COAC>
    <CORS>95,000000</CORS>
    <FOGN>95,000000</FOGN>
    <FRAN>95,000000</FRAN>
    <GREC>95,000000</GREC>
    <MFTV>95,000000</MFTV>
    <PRGP>85,080000</PRGP>
    <ROSN>85,080000</ROSN>
    <SLOV>95,000000</SLOV>
    <SVIZ>95,000000</SVIZ>
    <BSP>95,000000</BSP>
    <MALT>85,080000</MALT>
    <XAUS>95,000000</XAUS>
    <XFRA>95,000000</XFRA>
  </Prezzi>
  <Prezzi>
    <Data>20161201</Data>
    <Mercato>MGP</Mercato>
    <Ora>20</Ora>
    <PUN>88,667720</PUN>
    <NAT>85,080000</NAT>
    <CNOR>88,900000</CNOR>
    <CSUD>88,900000</CSUD>
    <NORD>88,900000</NORD>
    <SARD>88,900000</SARD>
    <SICI>85,080000</SICI>
    <SUD>88,900000</SUD>
    <AUST>88,900000</AUST>
    <BRNN>88,900000</BRNN>
    <COAC>88,900000</COAC>
    <CORS>88,900000</CORS>
    <FOGN>88,900000</FOGN>
    <FRAN>88,900000</FRAN>
    <GREC>88,900000</GREC>
    <MFTV>88,900000</MFTV>
    <PRGP>85,080000</PRGP>
    <ROSN>85,080000</ROSN>
    <SLOV>88,900000</SLOV>
    <SVIZ>88,900000</SVIZ>
    <BSP>88,900000</BSP>
    <MALT>85,080000</MALT>
    <XAUS>88,900000</XAUS>
    <XFRA>88,900000</XFRA>
  </Prezzi>
  <Prezzi>
    <Data>20161201</Data>
    <Mercato>MGP</Mercato>
    <Ora>21</Ora>
    <PUN>84,380000</PUN>
    <NAT>84,380000</NAT>
    <CNOR>84,380000</CNOR>
    <CSUD>84,380000</CSUD>
    <NORD>84,380000</NORD>
    <SARD>84,380000</SARD>
    <SICI>84,380000</SICI>
    <SUD>84,380000</SUD>
    <AUST>84,380000</AUST>
    <BRNN>84,380000</BRNN>
    <COAC>84,380000</COAC>
    <CORS>84,380000</CORS>
    <FOGN>84,380000</FOGN>
    <FRAN>84,380000</FRAN>
    <GREC>84,380000</GREC>
    <MFTV>84,380000</MFTV>
    <PRGP>84,380000</PRGP>
    <ROSN>84,380000</ROSN>
    <SLOV>84,380000</SLOV>
    <SVIZ>84,380000</SVIZ>
    <BSP>84,380000</BSP>
    <MALT>84,380000</MALT>
    <XAUS>84,380000</XAUS>
    <XFRA>84,380000</XFRA>
  </Prezzi>
  <Prezzi>
    <Data>20161201</Data>
    <Mercato>MGP</Mercato>
    <Ora>22</Ora>
    <PUN>71,000000</PUN>
    <NAT>71,000000</NAT>
    <CNOR>71,000000</CNOR>
    <CSUD>71,000000</CSUD>
    <NORD>71,000000</NORD>
    <SARD>71,000000</SARD>
    <SICI>71,000000</SICI>
    <SUD>71,000000</SUD>
    <AUST>71,000000</AUST>
    <BRNN>71,000000</BRNN>
    <COAC>71,000000</COAC>
    <CORS>71,000000</CORS>
    <FOGN>71,000000</FOGN>
    <FRAN>71,000000</FRAN>
    <GREC>71,000000</GREC>
    <MFTV>71,000000</MFTV>
    <PRGP>71,000000</PRGP>
    <ROSN>71,000000</ROSN>
    <SLOV>71,000000</SLOV>
    <SVIZ>71,000000</SVIZ>
    <BSP>71,000000</BSP>
    <MALT>71,000000</MALT>
    <XAUS>71,000000</XAUS>
    <XFRA>71,000000</XFRA>
  </Prezzi>
  <Prezzi>
    <Data>20161201</Data>
    <Mercato>MGP</Mercato>
    <Ora>23</Ora>
    <PUN>62,516940</PUN>
    <NAT>62,500000</NAT>
    <CNOR>52,000000</CNOR>
    <CSUD>52,000000</CSUD>
    <NORD>70,900000</NORD>
    <SARD>52,000000</SARD>
    <SICI>54,380000</SICI>
    <SUD>52,000000</SUD>
    <AUST>70,900000</AUST>
    <BRNN>52,000000</BRNN>
    <COAC>52,000000</COAC>
    <CORS>52,000000</CORS>
    <FOGN>52,000000</FOGN>
    <FRAN>70,900000</FRAN>
    <GREC>52,000000</GREC>
    <MFTV>70,900000</MFTV>
    <PRGP>54,380000</PRGP>
    <ROSN>52,000000</ROSN>
    <SLOV>70,900000</SLOV>
    <SVIZ>70,900000</SVIZ>
    <BSP>70,900000</BSP>
    <MALT>54,380000</MALT>
    <XAUS>70,900000</XAUS>
    <XFRA>70,900000</XFRA>
  </Prezzi>
  <Prezzi>
    <Data>20161201</Data>
    <Mercato>MGP</Mercato>
    <Ora>24</Ora>
    <PUN>62,832040</PUN>
    <NAT>52,900000</NAT>
    <CNOR>51,000000</CNOR>
    <CSUD>51,000000</CSUD>
    <NORD>72,000000</NORD>
    <SARD>51,000000</SARD>
    <SICI>52,320000</SICI>
    <SUD>51,000000</SUD>
    <AUST>72,000000</AUST>
    <BRNN>51,000000</BRNN>
    <COAC>51,000000</COAC>
    <CORS>51,000000</CORS>
    <FOGN>51,000000</FOGN>
    <FRAN>72,000000</FRAN>
    <GREC>51,000000</GREC>
    <MFTV>72,000000</MFTV>
    <PRGP>52,320000</PRGP>
    <ROSN>51,000000</ROSN>
    <SLOV>72,000000</SLOV>
    <SVIZ>72,000000</SVIZ>
    <BSP>72,000000</BSP>
    <MALT>52,320000</MALT>
    <XAUS>72,000000</XAUS>
    <XFRA>72,000000</XFRA>
  </Prezzi>
</NewDataSet>