<?xml version="1.0" standalone="yes"?>
<NewDataSet>
  <xs:schema id="NewDataSet" xmlns="" xmlns:xs="http://www.w3.org/2001/XMLSchema" xmlns:msdata="urn:schemas-microsoft-com:xml-msdata">
    <xs:element name="NewDataSet" msdata:IsDataSet="true" msdata:UseCurrentLocale="true">
      <xs:complexType>
        <xs:choice minOccurs="0" maxOccurs="unbounded">
          <xs:element name="Fabbisogno">
            <xs:complexType>
              <xs:sequence>
                <xs:element name="Data" type="xs:string" minOccurs="0" />
                <xs:element name="Mercato" type="xs:string" minOccurs="0" />
                <xs:element name="Ora" type="xs:string" minOccurs="0" />
                <xs:element name="Italia" type="xs:string" minOccurs="0" />
                <xs:element name="CNOR" type="xs:string" minOccurs="0" />
                <xs:element name="CSUD" type="xs:string" minOccurs="0" />
                <xs:element name="NORD" type="xs:string" minOccurs="0" />
                <xs:element name="SARD" type="xs:string" minOccurs="0" />
                <xs:element name="SICI" type="xs:string" minOccurs="0" />
                <xs:element name="SUD" type="xs:string" minOccurs="0" />
              </xs:sequence>
            </xs:complexType>
          </xs:element>
        </xs:choice>
      </xs:complexType>
    </xs:element>
  </xs:schema>
  <Fabbisogno>
    <Data>20171004</Data>
    <Mercato>MGP</Mercato>
    <Ora>1</Ora>
    <Italia>26767,884</Italia>
    <CNOR>2873,754</CNOR>
    <CSUD>4292,12</CSUD>
    <NORD>15200,245</NORD>
    <SARD>801,308</SARD>
    <SICI>1501,084</SICI>
    <SUD>2099,373</SUD>
  </Fabbisogno>
  <Fabbisogno>
    <Data>20171004</Data>
    <Mercato>MGP</Mercato>
    <Ora>2</Ora>
    <Italia>25390,437</Italia>
    <CNOR>2704,535</CNOR>
    <CSUD>3995,436</CSUD>
    <NORD>14567,358</NORD>
    <SARD>764,088</SARD>
    <SICI>1396,836</SICI>
    <SUD>1962,184</SUD>
  </Fabbisogno>
  <Fabbisogno>
    <Data>20171004</Data>
    <Mercato>MGP</Mercato>
    <Ora>3</Ora>
    <Italia>24650,85</Italia>
    <CNOR>2618,849</CNOR>
    <CSUD>3830,685</CSUD>
    <NORD>14212,156</NORD>
    <SARD>743,399</SARD>
    <SICI>1343,876</SICI>
    <SUD>1901,885</SUD>
  </Fabbisogno>
  <Fabbisogno>
    <Data>20171004</Data>
    <Mercato>MGP</Mercato>
    <Ora>4</Ora>
    <Italia>24414,641</Italia>
    <CNOR>2588,481</CNOR>
    <CSUD>3784,13</CSUD>
    <NORD>14104,924</NORD>
    <SARD>735,712</SARD>
    <SICI>1319,098</SICI>
    <SUD>1882,296</SUD>
  </Fabbisogno>
  <Fabbisogno>
    <Data>20171004</Data>
    <Mercato>MGP</Mercato>
    <Ora>5</Ora>
    <Italia>24571,496</Italia>
    <CNOR>2602,496</CNOR>
    <CSUD>3800,163</CSUD>
    <NORD>14217,162</NORD>
    <SARD>737,821</SARD>
    <SICI>1321,378</SICI>
    <SUD>1892,476</SUD>
  </Fabbisogno>
  <Fabbisogno>
    <Data>20171004</Data>
    <Mercato>MGP</Mercato>
    <Ora>6</Ora>
    <Italia>25883,647</Italia>
    <CNOR>2738,814</CNOR>
    <CSUD>3970,386</CSUD>
    <NORD>15059,963</NORD>
    <SARD>762,119</SARD>
    <SICI>1390,936</SICI>
    <SUD>1961,429</SUD>
  </Fabbisogno>
  <Fabbisogno>
    <Data>20171004</Data>
    <Mercato>MGP</Mercato>
    <Ora>7</Ora>
    <Italia>30691,351</Italia>
    <CNOR>3224,008</CNOR>
    <CSUD>4624,315</CSUD>
    <NORD>18089,861</NORD>
    <SARD>913,345</SARD>
    <SICI>1561,196</SICI>
    <SUD>2278,626</SUD>
  </Fabbisogno>
  <Fabbisogno>
    <Data>20171004</Data>
    <Mercato>MGP</Mercato>
    <Ora>8</Ora>
    <Italia>35108,795</Italia>
    <CNOR>3720,598</CNOR>
    <CSUD>5172,124</CSUD>
    <NORD>20983,174</NORD>
    <SARD>1010,999</SARD>
    <SICI>1745,702</SICI>
    <SUD>2476,198</SUD>
  </Fabbisogno>
  <Fabbisogno>
    <Data>20171004</Data>
    <Mercato>MGP</Mercato>
    <Ora>9</Ora>
    <Italia>38885,69</Italia>
    <CNOR>4240,225</CNOR>
    <CSUD>5724,433</CSUD>
    <NORD>23159,386</NORD>
    <SARD>1092,15</SARD>
    <SICI>1918,478</SICI>
    <SUD>2751,018</SUD>
  </Fabbisogno>
  <Fabbisogno>
    <Data>20171004</Data>
    <Mercato>MGP</Mercato>
    <Ora>10</Ora>
    <Italia>39765,421</Italia>
    <CNOR>4400,927</CNOR>
    <CSUD>6007,942</CSUD>
    <NORD>23534,904</NORD>
    <SARD>1080,049</SARD>
    <SICI>1976,656</SICI>
    <SUD>2764,943</SUD>
  </Fabbisogno>
  <Fabbisogno>
    <Data>20171004</Data>
    <Mercato>MGP</Mercato>
    <Ora>11</Ora>
    <Italia>39173,854</Italia>
    <CNOR>4369,035</CNOR>
    <CSUD>5941,299</CSUD>
    <NORD>23284,628</NORD>
    <SARD>1016,296</SARD>
    <SICI>1934,812</SICI>
    <SUD>2627,784</SUD>
  </Fabbisogno>
  <Fabbisogno>
    <Data>20171004</Data>
    <Mercato>MGP</Mercato>
    <Ora>12</Ora>
    <Italia>38451,579</Italia>
    <CNOR>4280,544</CNOR>
    <CSUD>5814,916</CSUD>
    <NORD>22913,507</NORD>
    <SARD>995,124</SARD>
    <SICI>1894,73</SICI>
    <SUD>2552,758</SUD>
  </Fabbisogno>
  <Fabbisogno>
    <Data>20171004</Data>
    <Mercato>MGP</Mercato>
    <Ora>13</Ora>
    <Italia>36080,946</Italia>
    <CNOR>3966,631</CNOR>
    <CSUD>5718,451</CSUD>
    <NORD>21010,762</NORD>
    <SARD>981,283</SARD>
    <SICI>1863,734</SICI>
    <SUD>2540,085</SUD>
  </Fabbisogno>
  <Fabbisogno>
    <Data>20171004</Data>
    <Mercato>MGP</Mercato>
    <Ora>14</Ora>
    <Italia>35865,802</Italia>
    <CNOR>3816,915</CNOR>
    <CSUD>5546,592</CSUD>
    <NORD>21373,313</NORD>
    <SARD>901,961</SARD>
    <SICI>1801,261</SICI>
    <SUD>2425,76</SUD>
  </Fabbisogno>
  <Fabbisogno>
    <Data>20171004</Data>
    <Mercato>MGP</Mercato>
    <Ora>15</Ora>
    <Italia>36731,106</Italia>
    <CNOR>4033,963</CNOR>
    <CSUD>5608,384</CSUD>
    <NORD>22045,148</NORD>
    <SARD>882,036</SARD>
    <SICI>1778,318</SICI>
    <SUD>2383,257</SUD>
  </Fabbisogno>
  <Fabbisogno>
    <Data>20171004</Data>
    <Mercato>MGP</Mercato>
    <Ora>16</Ora>
    <Italia>37353,379</Italia>
    <CNOR>4146,789</CNOR>
    <CSUD>5676,168</CSUD>
    <NORD>22307,054</NORD>
    <SARD>953,257</SARD>
    <SICI>1815,901</SICI>
    <SUD>2454,21</SUD>
  </Fabbisogno>
  <Fabbisogno>
    <Data>20171004</Data>
    <Mercato>MGP</Mercato>
    <Ora>17</Ora>
    <Italia>38160,415</Italia>
    <CNOR>4251,326</CNOR>
    <CSUD>5853,68</CSUD>
    <NORD>22564,779</NORD>
    <SARD>979,005</SARD>
    <SICI>1900,223</SICI>
    <SUD>2611,402</SUD>
  </Fabbisogno>
  <Fabbisogno>
    <Data>20171004</Data>
    <Mercato>MGP</Mercato>
    <Ora>18</Ora>
    <Italia>38452,218</Italia>
    <CNOR>4292,536</CNOR>
    <CSUD>5960,831</CSUD>
    <NORD>22239,201</NORD>
    <SARD>1045,224</SARD>
    <SICI>1993,92</SICI>
    <SUD>2920,506</SUD>
  </Fabbisogno>
  <Fabbisogno>
    <Data>20171004</Data>
    <Mercato>MGP</Mercato>
    <Ora>19</Ora>
    <Italia>39249,1</Italia>
    <CNOR>4376,012</CNOR>
    <CSUD>6280,725</CSUD>
    <NORD>22196,618</NORD>
    <SARD>1099,546</SARD>
    <SICI>2143,144</SICI>
    <SUD>3153,055</SUD>
  </Fabbisogno>
  <Fabbisogno>
    <Data>20171004</Data>
    <Mercato>MGP</Mercato>
    <Ora>20</Ora>
    <Italia>40836,541</Italia>
    <CNOR>4527,877</CNOR>
    <CSUD>6750,735</CSUD>
    <NORD>22783,259</NORD>
    <SARD>1129,238</SARD>
    <SICI>2338,168</SICI>
    <SUD>3307,264</SUD>
  </Fabbisogno>
  <Fabbisogno>
    <Data>20171004</Data>
    <Mercato>MGP</Mercato>
    <Ora>21</Ora>
    <Italia>38994,843</Italia>
    <CNOR>4205,472</CNOR>
    <CSUD>6471,079</CSUD>
    <NORD>21700,984</NORD>
    <SARD>1157,135</SARD>
    <SICI>2257,828</SICI>
    <SUD>3202,345</SUD>
  </Fabbisogno>
  <Fabbisogno>
    <Data>20171004</Data>
    <Mercato>MGP</Mercato>
    <Ora>22</Ora>
    <Italia>35947,141</Italia>
    <CNOR>3895,006</CNOR>
    <CSUD>5999,209</CSUD>
    <NORD>19985,977</NORD>
    <SARD>1078,336</SARD>
    <SICI>2071,627</SICI>
    <SUD>2916,986</SUD>
  </Fabbisogno>
  <Fabbisogno>
    <Data>20171004</Data>
    <Mercato>MGP</Mercato>
    <Ora>23</Ora>
    <Italia>32263,962</Italia>
    <CNOR>3475,155</CNOR>
    <CSUD>5353,35200000001</CSUD>
    <NORD>18134,131</NORD>
    <SARD>928,556999999999</SARD>
    <SICI>1853,952</SICI>
    <SUD>2518,815</SUD>
  </Fabbisogno>
  <Fabbisogno>
    <Data>20171004</Data>
    <Mercato>MGP</Mercato>
    <Ora>24</Ora>
    <Italia>29107,94</Italia>
    <CNOR>3114,422</CNOR>
    <CSUD>4720,724</CSUD>
    <NORD>16532,333</NORD>
    <SARD>849,637999999999</SARD>
    <SICI>1667,92</SICI>
    <SUD>2222,903</SUD>
  </Fabbisogno>
</NewDataSet>