<?xml version="1.0" standalone="yes"?>
<NewDataSet>
  <xs:schema id="NewDataSet" xmlns="" xmlns:xs="http://www.w3.org/2001/XMLSchema" xmlns:msdata="urn:schemas-microsoft-com:xml-msdata">
    <xs:element name="NewDataSet" msdata:IsDataSet="true" msdata:UseCurrentLocale="true">
      <xs:complexType>
        <xs:choice minOccurs="0" maxOccurs="unbounded">
          <xs:element name="Fabbisogno">
            <xs:complexType>
              <xs:sequence>
                <xs:element name="Data" type="xs:string" minOccurs="0" />
                <xs:element name="Mercato" type="xs:string" minOccurs="0" />
                <xs:element name="Ora" type="xs:string" minOccurs="0" />
                <xs:element name="Italia" type="xs:string" minOccurs="0" />
                <xs:element name="CNOR" type="xs:string" minOccurs="0" />
                <xs:element name="CSUD" type="xs:string" minOccurs="0" />
                <xs:element name="NORD" type="xs:string" minOccurs="0" />
                <xs:element name="SARD" type="xs:string" minOccurs="0" />
                <xs:element name="SICI" type="xs:string" minOccurs="0" />
                <xs:element name="SUD" type="xs:string" minOccurs="0" />
              </xs:sequence>
            </xs:complexType>
          </xs:element>
        </xs:choice>
      </xs:complexType>
    </xs:element>
  </xs:schema>
  <Fabbisogno>
    <Data>20171024</Data>
    <Mercato>MGP</Mercato>
    <Ora>1</Ora>
    <Italia>26908,659</Italia>
    <CNOR>2819,312</CNOR>
    <CSUD>4184,45</CSUD>
    <NORD>15539,714</NORD>
    <SARD>804,643</SARD>
    <SICI>1522,068</SICI>
    <SUD>2038,472</SUD>
  </Fabbisogno>
  <Fabbisogno>
    <Data>20171024</Data>
    <Mercato>MGP</Mercato>
    <Ora>2</Ora>
    <Italia>25448,746</Italia>
    <CNOR>2707,752</CNOR>
    <CSUD>3914,431</CSUD>
    <NORD>14720,972</NORD>
    <SARD>773,61</SARD>
    <SICI>1403,556</SICI>
    <SUD>1928,425</SUD>
  </Fabbisogno>
  <Fabbisogno>
    <Data>20171024</Data>
    <Mercato>MGP</Mercato>
    <Ora>3</Ora>
    <Italia>24608,286</Italia>
    <CNOR>2610,684</CNOR>
    <CSUD>3737,803</CSUD>
    <NORD>14321,293</NORD>
    <SARD>747,658</SARD>
    <SICI>1331,902</SICI>
    <SUD>1858,946</SUD>
  </Fabbisogno>
  <Fabbisogno>
    <Data>20171024</Data>
    <Mercato>MGP</Mercato>
    <Ora>4</Ora>
    <Italia>24319,985</Italia>
    <CNOR>2576,551</CNOR>
    <CSUD>3681,583</CSUD>
    <NORD>14171,712</NORD>
    <SARD>741,188</SARD>
    <SICI>1307,119</SICI>
    <SUD>1841,832</SUD>
  </Fabbisogno>
  <Fabbisogno>
    <Data>20171024</Data>
    <Mercato>MGP</Mercato>
    <Ora>5</Ora>
    <Italia>24668,592</Italia>
    <CNOR>2602,137</CNOR>
    <CSUD>3712,55</CSUD>
    <NORD>14404,747</NORD>
    <SARD>748,562</SARD>
    <SICI>1333,126</SICI>
    <SUD>1867,47</SUD>
  </Fabbisogno>
  <Fabbisogno>
    <Data>20171024</Data>
    <Mercato>MGP</Mercato>
    <Ora>6</Ora>
    <Italia>25933,167</Italia>
    <CNOR>2732,576</CNOR>
    <CSUD>3910,072</CSUD>
    <NORD>15179,96</NORD>
    <SARD>774,92</SARD>
    <SICI>1390,147</SICI>
    <SUD>1945,492</SUD>
  </Fabbisogno>
  <Fabbisogno>
    <Data>20171024</Data>
    <Mercato>MGP</Mercato>
    <Ora>7</Ora>
    <Italia>30662,812</Italia>
    <CNOR>3233,025</CNOR>
    <CSUD>4544,723</CSUD>
    <NORD>18288,621</NORD>
    <SARD>864,717</SARD>
    <SICI>1566,068</SICI>
    <SUD>2165,658</SUD>
  </Fabbisogno>
  <Fabbisogno>
    <Data>20171024</Data>
    <Mercato>MGP</Mercato>
    <Ora>8</Ora>
    <Italia>35852,141</Italia>
    <CNOR>3820,939</CNOR>
    <CSUD>5228,605</CSUD>
    <NORD>21357,773</NORD>
    <SARD>1061,925</SARD>
    <SICI>1825,055</SICI>
    <SUD>2557,844</SUD>
  </Fabbisogno>
  <Fabbisogno>
    <Data>20171024</Data>
    <Mercato>MGP</Mercato>
    <Ora>9</Ora>
    <Italia>39272,085</Italia>
    <CNOR>4124,984</CNOR>
    <CSUD>5689,76</CSUD>
    <NORD>23681,927</NORD>
    <SARD>1102,826</SARD>
    <SICI>1952,083</SICI>
    <SUD>2720,505</SUD>
  </Fabbisogno>
  <Fabbisogno>
    <Data>20171024</Data>
    <Mercato>MGP</Mercato>
    <Ora>10</Ora>
    <Italia>40039,379</Italia>
    <CNOR>4248,841</CNOR>
    <CSUD>5869,318</CSUD>
    <NORD>24195,708</NORD>
    <SARD>1080,805</SARD>
    <SICI>1974,079</SICI>
    <SUD>2670,628</SUD>
  </Fabbisogno>
  <Fabbisogno>
    <Data>20171024</Data>
    <Mercato>MGP</Mercato>
    <Ora>11</Ora>
    <Italia>39412,287</Italia>
    <CNOR>4222,727</CNOR>
    <CSUD>5811,634</CSUD>
    <NORD>23822,938</NORD>
    <SARD>1032,959</SARD>
    <SICI>1940,823</SICI>
    <SUD>2581,206</SUD>
  </Fabbisogno>
  <Fabbisogno>
    <Data>20171024</Data>
    <Mercato>MGP</Mercato>
    <Ora>12</Ora>
    <Italia>38760,503</Italia>
    <CNOR>4158,115</CNOR>
    <CSUD>5780,316</CSUD>
    <NORD>23330,881</NORD>
    <SARD>1043,047</SARD>
    <SICI>1882,203</SICI>
    <SUD>2565,941</SUD>
  </Fabbisogno>
  <Fabbisogno>
    <Data>20171024</Data>
    <Mercato>MGP</Mercato>
    <Ora>13</Ora>
    <Italia>36671,907</Italia>
    <CNOR>3903,544</CNOR>
    <CSUD>5684,233</CSUD>
    <NORD>21665,027</NORD>
    <SARD>982,145</SARD>
    <SICI>1850,442</SICI>
    <SUD>2586,516</SUD>
  </Fabbisogno>
  <Fabbisogno>
    <Data>20171024</Data>
    <Mercato>MGP</Mercato>
    <Ora>14</Ora>
    <Italia>36424,845</Italia>
    <CNOR>3765,403</CNOR>
    <CSUD>5508,733</CSUD>
    <NORD>21880,319</NORD>
    <SARD>1001,626</SARD>
    <SICI>1778,866</SICI>
    <SUD>2489,898</SUD>
  </Fabbisogno>
  <Fabbisogno>
    <Data>20171024</Data>
    <Mercato>MGP</Mercato>
    <Ora>15</Ora>
    <Italia>37109,438</Italia>
    <CNOR>3922,095</CNOR>
    <CSUD>5549,984</CSUD>
    <NORD>22551,147</NORD>
    <SARD>898,82</SARD>
    <SICI>1747,281</SICI>
    <SUD>2440,111</SUD>
  </Fabbisogno>
  <Fabbisogno>
    <Data>20171024</Data>
    <Mercato>MGP</Mercato>
    <Ora>16</Ora>
    <Italia>37711,775</Italia>
    <CNOR>4028,989</CNOR>
    <CSUD>5679,751</CSUD>
    <NORD>22760,503</NORD>
    <SARD>955,775</SARD>
    <SICI>1795,194</SICI>
    <SUD>2491,563</SUD>
  </Fabbisogno>
  <Fabbisogno>
    <Data>20171024</Data>
    <Mercato>MGP</Mercato>
    <Ora>17</Ora>
    <Italia>38370,387</Italia>
    <CNOR>4146,87</CNOR>
    <CSUD>5783,546</CSUD>
    <NORD>22885,069</NORD>
    <SARD>1013,474</SARD>
    <SICI>1911,404</SICI>
    <SUD>2630,024</SUD>
  </Fabbisogno>
  <Fabbisogno>
    <Data>20171024</Data>
    <Mercato>MGP</Mercato>
    <Ora>18</Ora>
    <Italia>38881,157</Italia>
    <CNOR>4212,724</CNOR>
    <CSUD>5904,638</CSUD>
    <NORD>22785,992</NORD>
    <SARD>1063,907</SARD>
    <SICI>2071,201</SICI>
    <SUD>2842,695</SUD>
  </Fabbisogno>
  <Fabbisogno>
    <Data>20171024</Data>
    <Mercato>MGP</Mercato>
    <Ora>19</Ora>
    <Italia>40909,611</Italia>
    <CNOR>4461,776</CNOR>
    <CSUD>6463,346</CSUD>
    <NORD>23349,125</NORD>
    <SARD>1146,615</SARD>
    <SICI>2295,496</SICI>
    <SUD>3193,253</SUD>
  </Fabbisogno>
  <Fabbisogno>
    <Data>20171024</Data>
    <Mercato>MGP</Mercato>
    <Ora>20</Ora>
    <Italia>41352,349</Italia>
    <CNOR>4547,087</CNOR>
    <CSUD>6788,839</CSUD>
    <NORD>23127,995</NORD>
    <SARD>1207,366</SARD>
    <SICI>2426,116</SICI>
    <SUD>3254,946</SUD>
  </Fabbisogno>
  <Fabbisogno>
    <Data>20171024</Data>
    <Mercato>MGP</Mercato>
    <Ora>21</Ora>
    <Italia>39563,491</Italia>
    <CNOR>4217,52</CNOR>
    <CSUD>6452,449</CSUD>
    <NORD>22227,724</NORD>
    <SARD>1194,459</SARD>
    <SICI>2324,477</SICI>
    <SUD>3146,862</SUD>
  </Fabbisogno>
  <Fabbisogno>
    <Data>20171024</Data>
    <Mercato>MGP</Mercato>
    <Ora>22</Ora>
    <Italia>36219,171</Italia>
    <CNOR>3892,978</CNOR>
    <CSUD>5914,204</CSUD>
    <NORD>20390,033</NORD>
    <SARD>1083,46</SARD>
    <SICI>2114,249</SICI>
    <SUD>2824,247</SUD>
  </Fabbisogno>
  <Fabbisogno>
    <Data>20171024</Data>
    <Mercato>MGP</Mercato>
    <Ora>23</Ora>
    <Italia>32507,966</Italia>
    <CNOR>3494,732</CNOR>
    <CSUD>5323,518</CSUD>
    <NORD>18229,871</NORD>
    <SARD>1004,791</SARD>
    <SICI>1906,462</SICI>
    <SUD>2548,592</SUD>
  </Fabbisogno>
  <Fabbisogno>
    <Data>20171024</Data>
    <Mercato>MGP</Mercato>
    <Ora>24</Ora>
    <Italia>29491,769</Italia>
    <CNOR>3134,678</CNOR>
    <CSUD>4722,338</CSUD>
    <NORD>16775,061</NORD>
    <SARD>879,944</SARD>
    <SICI>1721,254</SICI>
    <SUD>2258,494</SUD>
  </Fabbisogno>
</NewDataSet>