<?xml version="1.0" standalone="yes"?>
<NewDataSet>
  <xs:schema id="NewDataSet" xmlns="" xmlns:xs="http://www.w3.org/2001/XMLSchema" xmlns:msdata="urn:schemas-microsoft-com:xml-msdata">
    <xs:element name="NewDataSet" msdata:IsDataSet="true" msdata:UseCurrentLocale="true">
      <xs:complexType>
        <xs:choice minOccurs="0" maxOccurs="unbounded">
          <xs:element name="Fabbisogno">
            <xs:complexType>
              <xs:sequence>
                <xs:element name="Data" type="xs:string" minOccurs="0" />
                <xs:element name="Mercato" type="xs:string" minOccurs="0" />
                <xs:element name="Ora" type="xs:string" minOccurs="0" />
                <xs:element name="Italia" type="xs:string" minOccurs="0" />
                <xs:element name="CNOR" type="xs:string" minOccurs="0" />
                <xs:element name="CSUD" type="xs:string" minOccurs="0" />
                <xs:element name="NORD" type="xs:string" minOccurs="0" />
                <xs:element name="SARD" type="xs:string" minOccurs="0" />
                <xs:element name="SICI" type="xs:string" minOccurs="0" />
                <xs:element name="SUD" type="xs:string" minOccurs="0" />
              </xs:sequence>
            </xs:complexType>
          </xs:element>
        </xs:choice>
      </xs:complexType>
    </xs:element>
  </xs:schema>
  <Fabbisogno>
    <Data>20171017</Data>
    <Mercato>MGP</Mercato>
    <Ora>1</Ora>
    <Italia>26375,738</Italia>
    <CNOR>2782,112</CNOR>
    <CSUD>4149,37</CSUD>
    <NORD>15063,889</NORD>
    <SARD>810,672</SARD>
    <SICI>1502,972</SICI>
    <SUD>2066,723</SUD>
  </Fabbisogno>
  <Fabbisogno>
    <Data>20171017</Data>
    <Mercato>MGP</Mercato>
    <Ora>2</Ora>
    <Italia>24981,859</Italia>
    <CNOR>2670,648</CNOR>
    <CSUD>3876,59</CSUD>
    <NORD>14311,41</NORD>
    <SARD>782,026</SARD>
    <SICI>1400,135</SICI>
    <SUD>1941,05</SUD>
  </Fabbisogno>
  <Fabbisogno>
    <Data>20171017</Data>
    <Mercato>MGP</Mercato>
    <Ora>3</Ora>
    <Italia>24294,907</Italia>
    <CNOR>2574,204</CNOR>
    <CSUD>3709,901</CSUD>
    <NORD>14067,558</NORD>
    <SARD>756,681</SARD>
    <SICI>1307,719</SICI>
    <SUD>1878,844</SUD>
  </Fabbisogno>
  <Fabbisogno>
    <Data>20171017</Data>
    <Mercato>MGP</Mercato>
    <Ora>4</Ora>
    <Italia>24003,823</Italia>
    <CNOR>2545,245</CNOR>
    <CSUD>3668,311</CSUD>
    <NORD>13881,223</NORD>
    <SARD>753,406</SARD>
    <SICI>1291,007</SICI>
    <SUD>1864,631</SUD>
  </Fabbisogno>
  <Fabbisogno>
    <Data>20171017</Data>
    <Mercato>MGP</Mercato>
    <Ora>5</Ora>
    <Italia>24152,934</Italia>
    <CNOR>2569,451</CNOR>
    <CSUD>3668,002</CSUD>
    <NORD>13979,107</NORD>
    <SARD>756,502</SARD>
    <SICI>1304,119</SICI>
    <SUD>1875,753</SUD>
  </Fabbisogno>
  <Fabbisogno>
    <Data>20171017</Data>
    <Mercato>MGP</Mercato>
    <Ora>6</Ora>
    <Italia>25611,745</Italia>
    <CNOR>2671,815</CNOR>
    <CSUD>3849,006</CSUD>
    <NORD>14981,098</NORD>
    <SARD>781,785</SARD>
    <SICI>1391,599</SICI>
    <SUD>1936,442</SUD>
  </Fabbisogno>
  <Fabbisogno>
    <Data>20171017</Data>
    <Mercato>MGP</Mercato>
    <Ora>7</Ora>
    <Italia>30170,951</Italia>
    <CNOR>3151,809</CNOR>
    <CSUD>4494,347</CSUD>
    <NORD>17918,644</NORD>
    <SARD>898,394</SARD>
    <SICI>1563,493</SICI>
    <SUD>2144,264</SUD>
  </Fabbisogno>
  <Fabbisogno>
    <Data>20171017</Data>
    <Mercato>MGP</Mercato>
    <Ora>8</Ora>
    <Italia>35128,615</Italia>
    <CNOR>3696,231</CNOR>
    <CSUD>5141,108</CSUD>
    <NORD>21007,997</NORD>
    <SARD>1012,201</SARD>
    <SICI>1786,028</SICI>
    <SUD>2485,05</SUD>
  </Fabbisogno>
  <Fabbisogno>
    <Data>20171017</Data>
    <Mercato>MGP</Mercato>
    <Ora>9</Ora>
    <Italia>38695,076</Italia>
    <CNOR>4181,958</CNOR>
    <CSUD>5620,457</CSUD>
    <NORD>23195,484</NORD>
    <SARD>1068,279</SARD>
    <SICI>1949,268</SICI>
    <SUD>2679,63</SUD>
  </Fabbisogno>
  <Fabbisogno>
    <Data>20171017</Data>
    <Mercato>MGP</Mercato>
    <Ora>10</Ora>
    <Italia>38932,527</Italia>
    <CNOR>4245,904</CNOR>
    <CSUD>5764,301</CSUD>
    <NORD>23347,494</NORD>
    <SARD>1047,092</SARD>
    <SICI>1951,1</SICI>
    <SUD>2576,636</SUD>
  </Fabbisogno>
  <Fabbisogno>
    <Data>20171017</Data>
    <Mercato>MGP</Mercato>
    <Ora>11</Ora>
    <Italia>38131,474</Italia>
    <CNOR>4185,458</CNOR>
    <CSUD>5657,63</CSUD>
    <NORD>22896,53</NORD>
    <SARD>1006,943</SARD>
    <SICI>1899,222</SICI>
    <SUD>2485,691</SUD>
  </Fabbisogno>
  <Fabbisogno>
    <Data>20171017</Data>
    <Mercato>MGP</Mercato>
    <Ora>12</Ora>
    <Italia>37488,333</Italia>
    <CNOR>4168,016</CNOR>
    <CSUD>5640,192</CSUD>
    <NORD>22422,753</NORD>
    <SARD>972,89</SARD>
    <SICI>1827,404</SICI>
    <SUD>2457,078</SUD>
  </Fabbisogno>
  <Fabbisogno>
    <Data>20171017</Data>
    <Mercato>MGP</Mercato>
    <Ora>13</Ora>
    <Italia>35325,651</Italia>
    <CNOR>3861,931</CNOR>
    <CSUD>5591,242</CSUD>
    <NORD>20665,425</NORD>
    <SARD>946,642</SARD>
    <SICI>1786,545</SICI>
    <SUD>2473,866</SUD>
  </Fabbisogno>
  <Fabbisogno>
    <Data>20171017</Data>
    <Mercato>MGP</Mercato>
    <Ora>14</Ora>
    <Italia>35096,452</Italia>
    <CNOR>3740,258</CNOR>
    <CSUD>5440,192</CSUD>
    <NORD>20893,518</NORD>
    <SARD>911,688</SARD>
    <SICI>1728,75</SICI>
    <SUD>2382,046</SUD>
  </Fabbisogno>
  <Fabbisogno>
    <Data>20171017</Data>
    <Mercato>MGP</Mercato>
    <Ora>15</Ora>
    <Italia>36340,653</Italia>
    <CNOR>3969,925</CNOR>
    <CSUD>5528,254</CSUD>
    <NORD>21868,09</NORD>
    <SARD>893,073</SARD>
    <SICI>1721,264</SICI>
    <SUD>2360,047</SUD>
  </Fabbisogno>
  <Fabbisogno>
    <Data>20171017</Data>
    <Mercato>MGP</Mercato>
    <Ora>16</Ora>
    <Italia>37083,587</Italia>
    <CNOR>4056,611</CNOR>
    <CSUD>5663,198</CSUD>
    <NORD>22238,524</NORD>
    <SARD>913,419</SARD>
    <SICI>1795,375</SICI>
    <SUD>2416,46</SUD>
  </Fabbisogno>
  <Fabbisogno>
    <Data>20171017</Data>
    <Mercato>MGP</Mercato>
    <Ora>17</Ora>
    <Italia>37721,27</Italia>
    <CNOR>4181,601</CNOR>
    <CSUD>5794,785</CSUD>
    <NORD>22319,854</NORD>
    <SARD>943,648</SARD>
    <SICI>1912,582</SICI>
    <SUD>2568,8</SUD>
  </Fabbisogno>
  <Fabbisogno>
    <Data>20171017</Data>
    <Mercato>MGP</Mercato>
    <Ora>18</Ora>
    <Italia>37970,3</Italia>
    <CNOR>4215,772</CNOR>
    <CSUD>5849,801</CSUD>
    <NORD>22079,135</NORD>
    <SARD>1025,845</SARD>
    <SICI>2037,339</SICI>
    <SUD>2762,408</SUD>
  </Fabbisogno>
  <Fabbisogno>
    <Data>20171017</Data>
    <Mercato>MGP</Mercato>
    <Ora>19</Ora>
    <Italia>39643,488</Italia>
    <CNOR>4345,937</CNOR>
    <CSUD>6310,662</CSUD>
    <NORD>22502,489</NORD>
    <SARD>1078,608</SARD>
    <SICI>2246,874</SICI>
    <SUD>3158,918</SUD>
  </Fabbisogno>
  <Fabbisogno>
    <Data>20171017</Data>
    <Mercato>MGP</Mercato>
    <Ora>20</Ora>
    <Italia>40880,535</Italia>
    <CNOR>4374,423</CNOR>
    <CSUD>6650,969</CSUD>
    <NORD>23111,731</NORD>
    <SARD>1127,776</SARD>
    <SICI>2361,224</SICI>
    <SUD>3254,412</SUD>
  </Fabbisogno>
  <Fabbisogno>
    <Data>20171017</Data>
    <Mercato>MGP</Mercato>
    <Ora>21</Ora>
    <Italia>38821,5</Italia>
    <CNOR>4116,751</CNOR>
    <CSUD>6375,541</CSUD>
    <NORD>21772,8</NORD>
    <SARD>1141,573</SARD>
    <SICI>2269,301</SICI>
    <SUD>3145,534</SUD>
  </Fabbisogno>
  <Fabbisogno>
    <Data>20171017</Data>
    <Mercato>MGP</Mercato>
    <Ora>22</Ora>
    <Italia>35628,773</Italia>
    <CNOR>3788,443</CNOR>
    <CSUD>5813,986</CSUD>
    <NORD>20193,197</NORD>
    <SARD>1046,737</SARD>
    <SICI>2032,598</SICI>
    <SUD>2753,812</SUD>
  </Fabbisogno>
  <Fabbisogno>
    <Data>20171017</Data>
    <Mercato>MGP</Mercato>
    <Ora>23</Ora>
    <Italia>31964,899</Italia>
    <CNOR>3421,985</CNOR>
    <CSUD>5208,66</CSUD>
    <NORD>18027,987</NORD>
    <SARD>968,621</SARD>
    <SICI>1848,955</SICI>
    <SUD>2488,691</SUD>
  </Fabbisogno>
  <Fabbisogno>
    <Data>20171017</Data>
    <Mercato>MGP</Mercato>
    <Ora>24</Ora>
    <Italia>28783,63</Italia>
    <CNOR>3061,441</CNOR>
    <CSUD>4634,278</CSUD>
    <NORD>16334,973</NORD>
    <SARD>872,58</SARD>
    <SICI>1661,963</SICI>
    <SUD>2218,395</SUD>
  </Fabbisogno>
</NewDataSet>