<?xml version="1.0" standalone="yes"?>
<NewDataSet>
  <xs:schema id="NewDataSet" xmlns="" xmlns:xs="http://www.w3.org/2001/XMLSchema" xmlns:msdata="urn:schemas-microsoft-com:xml-msdata">
    <xs:element name="NewDataSet" msdata:IsDataSet="true" msdata:UseCurrentLocale="true">
      <xs:complexType>
        <xs:choice minOccurs="0" maxOccurs="unbounded">
          <xs:element name="Fabbisogno">
            <xs:complexType>
              <xs:sequence>
                <xs:element name="Data" type="xs:string" minOccurs="0" />
                <xs:element name="Mercato" type="xs:string" minOccurs="0" />
                <xs:element name="Ora" type="xs:string" minOccurs="0" />
                <xs:element name="Italia" type="xs:string" minOccurs="0" />
                <xs:element name="CNOR" type="xs:string" minOccurs="0" />
                <xs:element name="CSUD" type="xs:string" minOccurs="0" />
                <xs:element name="NORD" type="xs:string" minOccurs="0" />
                <xs:element name="SARD" type="xs:string" minOccurs="0" />
                <xs:element name="SICI" type="xs:string" minOccurs="0" />
                <xs:element name="SUD" type="xs:string" minOccurs="0" />
              </xs:sequence>
            </xs:complexType>
          </xs:element>
        </xs:choice>
      </xs:complexType>
    </xs:element>
  </xs:schema>
  <Fabbisogno>
    <Data>20171013</Data>
    <Mercato>MGP</Mercato>
    <Ora>1</Ora>
    <Italia>27298,241</Italia>
    <CNOR>2931,92</CNOR>
    <CSUD>4240,787</CSUD>
    <NORD>15602,718</NORD>
    <SARD>841,939</SARD>
    <SICI>1534,222</SICI>
    <SUD>2146,655</SUD>
  </Fabbisogno>
  <Fabbisogno>
    <Data>20171013</Data>
    <Mercato>MGP</Mercato>
    <Ora>2</Ora>
    <Italia>25848,874</Italia>
    <CNOR>2800,263</CNOR>
    <CSUD>3971,67</CSUD>
    <NORD>14816,431</NORD>
    <SARD>809,463000000001</SARD>
    <SICI>1431,346</SICI>
    <SUD>2019,701</SUD>
  </Fabbisogno>
  <Fabbisogno>
    <Data>20171013</Data>
    <Mercato>MGP</Mercato>
    <Ora>3</Ora>
    <Italia>25186,904</Italia>
    <CNOR>2702,411</CNOR>
    <CSUD>3806,032</CSUD>
    <NORD>14552,862</NORD>
    <SARD>787,572</SARD>
    <SICI>1378,465</SICI>
    <SUD>1959,562</SUD>
  </Fabbisogno>
  <Fabbisogno>
    <Data>20171013</Data>
    <Mercato>MGP</Mercato>
    <Ora>4</Ora>
    <Italia>24869,851</Italia>
    <CNOR>2672,885</CNOR>
    <CSUD>3744,187</CSUD>
    <NORD>14375,981</NORD>
    <SARD>777,343</SARD>
    <SICI>1356,991</SICI>
    <SUD>1942,464</SUD>
  </Fabbisogno>
  <Fabbisogno>
    <Data>20171013</Data>
    <Mercato>MGP</Mercato>
    <Ora>5</Ora>
    <Italia>24895,468</Italia>
    <CNOR>2670,634</CNOR>
    <CSUD>3741,063</CSUD>
    <NORD>14388,954</NORD>
    <SARD>780,074</SARD>
    <SICI>1364,619</SICI>
    <SUD>1950,124</SUD>
  </Fabbisogno>
  <Fabbisogno>
    <Data>20171013</Data>
    <Mercato>MGP</Mercato>
    <Ora>6</Ora>
    <Italia>26276,104</Italia>
    <CNOR>2824,276</CNOR>
    <CSUD>3930,871</CSUD>
    <NORD>15250,853</NORD>
    <SARD>806,035</SARD>
    <SICI>1431,478</SICI>
    <SUD>2032,591</SUD>
  </Fabbisogno>
  <Fabbisogno>
    <Data>20171013</Data>
    <Mercato>MGP</Mercato>
    <Ora>7</Ora>
    <Italia>30986,069</Italia>
    <CNOR>3272,198</CNOR>
    <CSUD>4524,612</CSUD>
    <NORD>18368,7</NORD>
    <SARD>970,679</SARD>
    <SICI>1596,555</SICI>
    <SUD>2253,325</SUD>
  </Fabbisogno>
  <Fabbisogno>
    <Data>20171013</Data>
    <Mercato>MGP</Mercato>
    <Ora>8</Ora>
    <Italia>36050,704</Italia>
    <CNOR>3821,513</CNOR>
    <CSUD>5226,459</CSUD>
    <NORD>21523,386</NORD>
    <SARD>1091,718</SARD>
    <SICI>1844,865</SICI>
    <SUD>2542,763</SUD>
  </Fabbisogno>
  <Fabbisogno>
    <Data>20171013</Data>
    <Mercato>MGP</Mercato>
    <Ora>9</Ora>
    <Italia>39667,521</Italia>
    <CNOR>4290,343</CNOR>
    <CSUD>5770,7</CSUD>
    <NORD>23704,59</NORD>
    <SARD>1149,021</SARD>
    <SICI>2002,737</SICI>
    <SUD>2750,13</SUD>
  </Fabbisogno>
  <Fabbisogno>
    <Data>20171013</Data>
    <Mercato>MGP</Mercato>
    <Ora>10</Ora>
    <Italia>39815,77</Italia>
    <CNOR>4300,231</CNOR>
    <CSUD>5827,385</CSUD>
    <NORD>23896,422</NORD>
    <SARD>1101,092</SARD>
    <SICI>2003,852</SICI>
    <SUD>2686,788</SUD>
  </Fabbisogno>
  <Fabbisogno>
    <Data>20171013</Data>
    <Mercato>MGP</Mercato>
    <Ora>11</Ora>
    <Italia>38687,101</Italia>
    <CNOR>4248,239</CNOR>
    <CSUD>5711,811</CSUD>
    <NORD>23190,673</NORD>
    <SARD>997,613</SARD>
    <SICI>1963,992</SICI>
    <SUD>2574,773</SUD>
  </Fabbisogno>
  <Fabbisogno>
    <Data>20171013</Data>
    <Mercato>MGP</Mercato>
    <Ora>12</Ora>
    <Italia>38294,349</Italia>
    <CNOR>4196,878</CNOR>
    <CSUD>5714,101</CSUD>
    <NORD>22972,272</NORD>
    <SARD>976,602</SARD>
    <SICI>1902,021</SICI>
    <SUD>2532,475</SUD>
  </Fabbisogno>
  <Fabbisogno>
    <Data>20171013</Data>
    <Mercato>MGP</Mercato>
    <Ora>13</Ora>
    <Italia>35881,415</Italia>
    <CNOR>3909,899</CNOR>
    <CSUD>5625,7</CSUD>
    <NORD>20986,738</NORD>
    <SARD>959,161999999999</SARD>
    <SICI>1857,026</SICI>
    <SUD>2542,89</SUD>
  </Fabbisogno>
  <Fabbisogno>
    <Data>20171013</Data>
    <Mercato>MGP</Mercato>
    <Ora>14</Ora>
    <Italia>35401,004</Italia>
    <CNOR>3754,215</CNOR>
    <CSUD>5443,163</CSUD>
    <NORD>21091,322</NORD>
    <SARD>925,292</SARD>
    <SICI>1789,697</SICI>
    <SUD>2397,315</SUD>
  </Fabbisogno>
  <Fabbisogno>
    <Data>20171013</Data>
    <Mercato>MGP</Mercato>
    <Ora>15</Ora>
    <Italia>36348,687</Italia>
    <CNOR>3931,542</CNOR>
    <CSUD>5515,737</CSUD>
    <NORD>21861,623</NORD>
    <SARD>906,029</SARD>
    <SICI>1785,375</SICI>
    <SUD>2348,381</SUD>
  </Fabbisogno>
  <Fabbisogno>
    <Data>20171013</Data>
    <Mercato>MGP</Mercato>
    <Ora>16</Ora>
    <Italia>37170,65</Italia>
    <CNOR>4029,31</CNOR>
    <CSUD>5616,871</CSUD>
    <NORD>22258,18</NORD>
    <SARD>972,698</SARD>
    <SICI>1863,439</SICI>
    <SUD>2430,152</SUD>
  </Fabbisogno>
  <Fabbisogno>
    <Data>20171013</Data>
    <Mercato>MGP</Mercato>
    <Ora>17</Ora>
    <Italia>38003,71</Italia>
    <CNOR>4226,789</CNOR>
    <CSUD>5821,985</CSUD>
    <NORD>22362,841</NORD>
    <SARD>1016,929</SARD>
    <SICI>1969,833</SICI>
    <SUD>2605,333</SUD>
  </Fabbisogno>
  <Fabbisogno>
    <Data>20171013</Data>
    <Mercato>MGP</Mercato>
    <Ora>18</Ora>
    <Italia>38502,001</Italia>
    <CNOR>4318,585</CNOR>
    <CSUD>6003,356</CSUD>
    <NORD>22174,056</NORD>
    <SARD>1058,539</SARD>
    <SICI>2099,413</SICI>
    <SUD>2848,052</SUD>
  </Fabbisogno>
  <Fabbisogno>
    <Data>20171013</Data>
    <Mercato>MGP</Mercato>
    <Ora>19</Ora>
    <Italia>39779,211</Italia>
    <CNOR>4413,127</CNOR>
    <CSUD>6384,196</CSUD>
    <NORD>22454,957</NORD>
    <SARD>1103,543</SARD>
    <SICI>2294,603</SICI>
    <SUD>3128,785</SUD>
  </Fabbisogno>
  <Fabbisogno>
    <Data>20171013</Data>
    <Mercato>MGP</Mercato>
    <Ora>20</Ora>
    <Italia>40716,373</Italia>
    <CNOR>4536,153</CNOR>
    <CSUD>6766,773</CSUD>
    <NORD>22565,477</NORD>
    <SARD>1196,956</SARD>
    <SICI>2393,165</SICI>
    <SUD>3257,849</SUD>
  </Fabbisogno>
  <Fabbisogno>
    <Data>20171013</Data>
    <Mercato>MGP</Mercato>
    <Ora>21</Ora>
    <Italia>38695,851</Italia>
    <CNOR>4216,89</CNOR>
    <CSUD>6439,478</CSUD>
    <NORD>21400,344</NORD>
    <SARD>1166,012</SARD>
    <SICI>2334,442</SICI>
    <SUD>3138,685</SUD>
  </Fabbisogno>
  <Fabbisogno>
    <Data>20171013</Data>
    <Mercato>MGP</Mercato>
    <Ora>22</Ora>
    <Italia>35534,867</Italia>
    <CNOR>3831,099</CNOR>
    <CSUD>5835,272</CSUD>
    <NORD>19867,925</NORD>
    <SARD>1078,757</SARD>
    <SICI>2087,9</SICI>
    <SUD>2833,914</SUD>
  </Fabbisogno>
  <Fabbisogno>
    <Data>20171013</Data>
    <Mercato>MGP</Mercato>
    <Ora>23</Ora>
    <Italia>32145,985</Italia>
    <CNOR>3481,612</CNOR>
    <CSUD>5211,749</CSUD>
    <NORD>17976,913</NORD>
    <SARD>998,279999999999</SARD>
    <SICI>1889,953</SICI>
    <SUD>2587,478</SUD>
  </Fabbisogno>
  <Fabbisogno>
    <Data>20171013</Data>
    <Mercato>MGP</Mercato>
    <Ora>24</Ora>
    <Italia>29239,031</Italia>
    <CNOR>3171,172</CNOR>
    <CSUD>4695,45</CSUD>
    <NORD>16353,671</NORD>
    <SARD>938,885</SARD>
    <SICI>1742,643</SICI>
    <SUD>2337,21</SUD>
  </Fabbisogno>
</NewDataSet>