<?xml version="1.0" standalone="yes"?>
<NewDataSet>
  <xs:schema id="NewDataSet" xmlns="" xmlns:xs="http://www.w3.org/2001/XMLSchema" xmlns:msdata="urn:schemas-microsoft-com:xml-msdata">
    <xs:element name="NewDataSet" msdata:IsDataSet="true" msdata:UseCurrentLocale="true">
      <xs:complexType>
        <xs:choice minOccurs="0" maxOccurs="unbounded">
          <xs:element name="Fabbisogno">
            <xs:complexType>
              <xs:sequence>
                <xs:element name="Data" type="xs:string" minOccurs="0" />
                <xs:element name="Mercato" type="xs:string" minOccurs="0" />
                <xs:element name="Ora" type="xs:string" minOccurs="0" />
                <xs:element name="Italia" type="xs:string" minOccurs="0" />
                <xs:element name="CNOR" type="xs:string" minOccurs="0" />
                <xs:element name="CSUD" type="xs:string" minOccurs="0" />
                <xs:element name="NORD" type="xs:string" minOccurs="0" />
                <xs:element name="SARD" type="xs:string" minOccurs="0" />
                <xs:element name="SICI" type="xs:string" minOccurs="0" />
                <xs:element name="SUD" type="xs:string" minOccurs="0" />
              </xs:sequence>
            </xs:complexType>
          </xs:element>
        </xs:choice>
      </xs:complexType>
    </xs:element>
  </xs:schema>
  <Fabbisogno>
    <Data>20171015</Data>
    <Mercato>MGP</Mercato>
    <Ora>1</Ora>
    <Italia>23648,553</Italia>
    <CNOR>2542,037</CNOR>
    <CSUD>3994,603</CSUD>
    <NORD>12695,034</NORD>
    <SARD>827,793</SARD>
    <SICI>1539,64</SICI>
    <SUD>2049,446</SUD>
  </Fabbisogno>
  <Fabbisogno>
    <Data>20171015</Data>
    <Mercato>MGP</Mercato>
    <Ora>2</Ora>
    <Italia>22255,03</Italia>
    <CNOR>2386,62</CNOR>
    <CSUD>3728,005</CSUD>
    <NORD>11969,269</NORD>
    <SARD>799,456</SARD>
    <SICI>1452,19</SICI>
    <SUD>1919,49</SUD>
  </Fabbisogno>
  <Fabbisogno>
    <Data>20171015</Data>
    <Mercato>MGP</Mercato>
    <Ora>3</Ora>
    <Italia>21391,422</Italia>
    <CNOR>2274,969</CNOR>
    <CSUD>3508,45</CSUD>
    <NORD>11654,331</NORD>
    <SARD>767,91</SARD>
    <SICI>1370,902</SICI>
    <SUD>1814,86</SUD>
  </Fabbisogno>
  <Fabbisogno>
    <Data>20171015</Data>
    <Mercato>MGP</Mercato>
    <Ora>4</Ora>
    <Italia>20963,486</Italia>
    <CNOR>2229,022</CNOR>
    <CSUD>3426,811</CSUD>
    <NORD>11432,819</NORD>
    <SARD>758,66</SARD>
    <SICI>1335,996</SICI>
    <SUD>1780,178</SUD>
  </Fabbisogno>
  <Fabbisogno>
    <Data>20171015</Data>
    <Mercato>MGP</Mercato>
    <Ora>5</Ora>
    <Italia>20830,297</Italia>
    <CNOR>2211,617</CNOR>
    <CSUD>3390,514</CSUD>
    <NORD>11372,897</NORD>
    <SARD>755,704</SARD>
    <SICI>1325,612</SICI>
    <SUD>1773,953</SUD>
  </Fabbisogno>
  <Fabbisogno>
    <Data>20171015</Data>
    <Mercato>MGP</Mercato>
    <Ora>6</Ora>
    <Italia>21127,326</Italia>
    <CNOR>2236,574</CNOR>
    <CSUD>3430,427</CSUD>
    <NORD>11561,828</NORD>
    <SARD>761,873</SARD>
    <SICI>1346,403</SICI>
    <SUD>1790,221</SUD>
  </Fabbisogno>
  <Fabbisogno>
    <Data>20171015</Data>
    <Mercato>MGP</Mercato>
    <Ora>7</Ora>
    <Italia>22182,864</Italia>
    <CNOR>2323,971</CNOR>
    <CSUD>3600,625</CSUD>
    <NORD>12193,102</NORD>
    <SARD>818,553</SARD>
    <SICI>1407,742</SICI>
    <SUD>1838,871</SUD>
  </Fabbisogno>
  <Fabbisogno>
    <Data>20171015</Data>
    <Mercato>MGP</Mercato>
    <Ora>8</Ora>
    <Italia>23059,671</Italia>
    <CNOR>2411,352</CNOR>
    <CSUD>3744,284</CSUD>
    <NORD>12732,319</NORD>
    <SARD>848,407</SARD>
    <SICI>1465,217</SICI>
    <SUD>1858,092</SUD>
  </Fabbisogno>
  <Fabbisogno>
    <Data>20171015</Data>
    <Mercato>MGP</Mercato>
    <Ora>9</Ora>
    <Italia>23910,138</Italia>
    <CNOR>2506,078</CNOR>
    <CSUD>3973,763</CSUD>
    <NORD>12984,368</NORD>
    <SARD>876,991</SARD>
    <SICI>1578,809</SICI>
    <SUD>1990,129</SUD>
  </Fabbisogno>
  <Fabbisogno>
    <Data>20171015</Data>
    <Mercato>MGP</Mercato>
    <Ora>10</Ora>
    <Italia>24987,465</Italia>
    <CNOR>2604,509</CNOR>
    <CSUD>4234,879</CSUD>
    <NORD>13570,735</NORD>
    <SARD>859,44</SARD>
    <SICI>1643,351</SICI>
    <SUD>2074,551</SUD>
  </Fabbisogno>
  <Fabbisogno>
    <Data>20171015</Data>
    <Mercato>MGP</Mercato>
    <Ora>11</Ora>
    <Italia>25099,97</Italia>
    <CNOR>2676,528</CNOR>
    <CSUD>4330,994</CSUD>
    <NORD>13475,908</NORD>
    <SARD>874,696</SARD>
    <SICI>1646,226</SICI>
    <SUD>2095,618</SUD>
  </Fabbisogno>
  <Fabbisogno>
    <Data>20171015</Data>
    <Mercato>MGP</Mercato>
    <Ora>12</Ora>
    <Italia>24974,17</Italia>
    <CNOR>2676,379</CNOR>
    <CSUD>4368,141</CSUD>
    <NORD>13359,681</NORD>
    <SARD>851,305</SARD>
    <SICI>1620,717</SICI>
    <SUD>2097,947</SUD>
  </Fabbisogno>
  <Fabbisogno>
    <Data>20171015</Data>
    <Mercato>MGP</Mercato>
    <Ora>13</Ora>
    <Italia>24709,362</Italia>
    <CNOR>2618,424</CNOR>
    <CSUD>4446,62</CSUD>
    <NORD>13085,792</NORD>
    <SARD>827,242</SARD>
    <SICI>1592,944</SICI>
    <SUD>2138,34</SUD>
  </Fabbisogno>
  <Fabbisogno>
    <Data>20171015</Data>
    <Mercato>MGP</Mercato>
    <Ora>14</Ora>
    <Italia>23232,016</Italia>
    <CNOR>2414,922</CNOR>
    <CSUD>4216,822</CSUD>
    <NORD>12384,57</NORD>
    <SARD>780,264</SARD>
    <SICI>1456,615</SICI>
    <SUD>1978,823</SUD>
  </Fabbisogno>
  <Fabbisogno>
    <Data>20171015</Data>
    <Mercato>MGP</Mercato>
    <Ora>15</Ora>
    <Italia>23031,494</Italia>
    <CNOR>2441,436</CNOR>
    <CSUD>4054,952</CSUD>
    <NORD>12543,835</NORD>
    <SARD>748,807</SARD>
    <SICI>1382,836</SICI>
    <SUD>1859,628</SUD>
  </Fabbisogno>
  <Fabbisogno>
    <Data>20171015</Data>
    <Mercato>MGP</Mercato>
    <Ora>16</Ora>
    <Italia>23110,917</Italia>
    <CNOR>2457,311</CNOR>
    <CSUD>4078,332</CSUD>
    <NORD>12485,883</NORD>
    <SARD>789,252</SARD>
    <SICI>1406,587</SICI>
    <SUD>1893,552</SUD>
  </Fabbisogno>
  <Fabbisogno>
    <Data>20171015</Data>
    <Mercato>MGP</Mercato>
    <Ora>17</Ora>
    <Italia>23582,846</Italia>
    <CNOR>2512,755</CNOR>
    <CSUD>4107,85</CSUD>
    <NORD>12713,869</NORD>
    <SARD>789,443</SARD>
    <SICI>1475,265</SICI>
    <SUD>1983,664</SUD>
  </Fabbisogno>
  <Fabbisogno>
    <Data>20171015</Data>
    <Mercato>MGP</Mercato>
    <Ora>18</Ora>
    <Italia>25301,791</Italia>
    <CNOR>2717,71</CNOR>
    <CSUD>4325,892</CSUD>
    <NORD>13591,87</NORD>
    <SARD>881,106</SARD>
    <SICI>1614,372</SICI>
    <SUD>2170,841</SUD>
  </Fabbisogno>
  <Fabbisogno>
    <Data>20171015</Data>
    <Mercato>MGP</Mercato>
    <Ora>19</Ora>
    <Italia>27980,555</Italia>
    <CNOR>3038,064</CNOR>
    <CSUD>4775,433</CSUD>
    <NORD>14916,293</NORD>
    <SARD>950,657</SARD>
    <SICI>1799,733</SICI>
    <SUD>2500,375</SUD>
  </Fabbisogno>
  <Fabbisogno>
    <Data>20171015</Data>
    <Mercato>MGP</Mercato>
    <Ora>20</Ora>
    <Italia>31357,339</Italia>
    <CNOR>3465,147</CNOR>
    <CSUD>5329,251</CSUD>
    <NORD>16769,768</NORD>
    <SARD>1072,756</SARD>
    <SICI>1994,316</SICI>
    <SUD>2726,101</SUD>
  </Fabbisogno>
  <Fabbisogno>
    <Data>20171015</Data>
    <Mercato>MGP</Mercato>
    <Ora>21</Ora>
    <Italia>30603,588</Italia>
    <CNOR>3344,818</CNOR>
    <CSUD>5340,159</CSUD>
    <NORD>16212,405</NORD>
    <SARD>1070,762</SARD>
    <SICI>1965,39</SICI>
    <SUD>2670,054</SUD>
  </Fabbisogno>
  <Fabbisogno>
    <Data>20171015</Data>
    <Mercato>MGP</Mercato>
    <Ora>22</Ora>
    <Italia>28854,555</Italia>
    <CNOR>3148,928</CNOR>
    <CSUD>5010,621</CSUD>
    <NORD>15380,012</NORD>
    <SARD>995,823</SARD>
    <SICI>1826,039</SICI>
    <SUD>2493,132</SUD>
  </Fabbisogno>
  <Fabbisogno>
    <Data>20171015</Data>
    <Mercato>MGP</Mercato>
    <Ora>23</Ora>
    <Italia>27037,428</Italia>
    <CNOR>2930,919</CNOR>
    <CSUD>4638,264</CSUD>
    <NORD>14508,431</NORD>
    <SARD>942,36</SARD>
    <SICI>1696,538</SICI>
    <SUD>2320,916</SUD>
  </Fabbisogno>
  <Fabbisogno>
    <Data>20171015</Data>
    <Mercato>MGP</Mercato>
    <Ora>24</Ora>
    <Italia>24605,412</Italia>
    <CNOR>2648,853</CNOR>
    <CSUD>4219,021</CSUD>
    <NORD>13224,121</NORD>
    <SARD>848,331</SARD>
    <SICI>1547,042</SICI>
    <SUD>2118,044</SUD>
  </Fabbisogno>
</NewDataSet>