<?xml version="1.0" standalone="yes"?>
<NewDataSet>
  <xs:schema id="NewDataSet" xmlns="" xmlns:xs="http://www.w3.org/2001/XMLSchema" xmlns:msdata="urn:schemas-microsoft-com:xml-msdata">
    <xs:element name="NewDataSet" msdata:IsDataSet="true" msdata:UseCurrentLocale="true">
      <xs:complexType>
        <xs:choice minOccurs="0" maxOccurs="unbounded">
          <xs:element name="Fabbisogno">
            <xs:complexType>
              <xs:sequence>
                <xs:element name="Data" type="xs:string" minOccurs="0" />
                <xs:element name="Mercato" type="xs:string" minOccurs="0" />
                <xs:element name="Ora" type="xs:string" minOccurs="0" />
                <xs:element name="Italia" type="xs:string" minOccurs="0" />
                <xs:element name="CNOR" type="xs:string" minOccurs="0" />
                <xs:element name="CSUD" type="xs:string" minOccurs="0" />
                <xs:element name="NORD" type="xs:string" minOccurs="0" />
                <xs:element name="SARD" type="xs:string" minOccurs="0" />
                <xs:element name="SICI" type="xs:string" minOccurs="0" />
                <xs:element name="SUD" type="xs:string" minOccurs="0" />
              </xs:sequence>
            </xs:complexType>
          </xs:element>
        </xs:choice>
      </xs:complexType>
    </xs:element>
  </xs:schema>
  <Fabbisogno>
    <Data>20171003</Data>
    <Mercato>MGP</Mercato>
    <Ora>1</Ora>
    <Italia>26961,2</Italia>
    <CNOR>2876,693</CNOR>
    <CSUD>4257,407</CSUD>
    <NORD>15393,491</NORD>
    <SARD>827,819</SARD>
    <SICI>1507,696</SICI>
    <SUD>2098,094</SUD>
  </Fabbisogno>
  <Fabbisogno>
    <Data>20171003</Data>
    <Mercato>MGP</Mercato>
    <Ora>2</Ora>
    <Italia>25393,963</Italia>
    <CNOR>2702,957</CNOR>
    <CSUD>3970,597</CSUD>
    <NORD>14575,802</NORD>
    <SARD>771,64</SARD>
    <SICI>1400,285</SICI>
    <SUD>1972,682</SUD>
  </Fabbisogno>
  <Fabbisogno>
    <Data>20171003</Data>
    <Mercato>MGP</Mercato>
    <Ora>3</Ora>
    <Italia>24730,827</Italia>
    <CNOR>2615,749</CNOR>
    <CSUD>3811,033</CSUD>
    <NORD>14242,586</NORD>
    <SARD>793,603</SARD>
    <SICI>1354,066</SICI>
    <SUD>1913,79</SUD>
  </Fabbisogno>
  <Fabbisogno>
    <Data>20171003</Data>
    <Mercato>MGP</Mercato>
    <Ora>4</Ora>
    <Italia>24387,659</Italia>
    <CNOR>2579,452</CNOR>
    <CSUD>3751,349</CSUD>
    <NORD>14103,027</NORD>
    <SARD>741,31</SARD>
    <SICI>1320,874</SICI>
    <SUD>1891,647</SUD>
  </Fabbisogno>
  <Fabbisogno>
    <Data>20171003</Data>
    <Mercato>MGP</Mercato>
    <Ora>5</Ora>
    <Italia>24542,926</Italia>
    <CNOR>2596,356</CNOR>
    <CSUD>3759,07</CSUD>
    <NORD>14220,571</NORD>
    <SARD>741,362</SARD>
    <SICI>1326,82</SICI>
    <SUD>1898,747</SUD>
  </Fabbisogno>
  <Fabbisogno>
    <Data>20171003</Data>
    <Mercato>MGP</Mercato>
    <Ora>6</Ora>
    <Italia>25831,353</Italia>
    <CNOR>2733,206</CNOR>
    <CSUD>3943,709</CSUD>
    <NORD>15005,227</NORD>
    <SARD>768,469</SARD>
    <SICI>1398,532</SICI>
    <SUD>1982,21</SUD>
  </Fabbisogno>
  <Fabbisogno>
    <Data>20171003</Data>
    <Mercato>MGP</Mercato>
    <Ora>7</Ora>
    <Italia>30249,777</Italia>
    <CNOR>3187,529</CNOR>
    <CSUD>4550,344</CSUD>
    <NORD>17869,263</NORD>
    <SARD>867,68</SARD>
    <SICI>1562,176</SICI>
    <SUD>2212,785</SUD>
  </Fabbisogno>
  <Fabbisogno>
    <Data>20171003</Data>
    <Mercato>MGP</Mercato>
    <Ora>8</Ora>
    <Italia>34635,127</Italia>
    <CNOR>3668,165</CNOR>
    <CSUD>5174,218</CSUD>
    <NORD>20608,464</NORD>
    <SARD>984,979</SARD>
    <SICI>1774,856</SICI>
    <SUD>2424,445</SUD>
  </Fabbisogno>
  <Fabbisogno>
    <Data>20171003</Data>
    <Mercato>MGP</Mercato>
    <Ora>9</Ora>
    <Italia>38443,364</Italia>
    <CNOR>4156,516</CNOR>
    <CSUD>5696,662</CSUD>
    <NORD>22939,297</NORD>
    <SARD>1038,577</SARD>
    <SICI>1955,228</SICI>
    <SUD>2657,084</SUD>
  </Fabbisogno>
  <Fabbisogno>
    <Data>20171003</Data>
    <Mercato>MGP</Mercato>
    <Ora>10</Ora>
    <Italia>39126,405</Italia>
    <CNOR>4238,967</CNOR>
    <CSUD>5920,257</CSUD>
    <NORD>23217,369</NORD>
    <SARD>1005,132</SARD>
    <SICI>2011,827</SICI>
    <SUD>2732,853</SUD>
  </Fabbisogno>
  <Fabbisogno>
    <Data>20171003</Data>
    <Mercato>MGP</Mercato>
    <Ora>11</Ora>
    <Italia>38820,511</Italia>
    <CNOR>4252,481</CNOR>
    <CSUD>5916,702</CSUD>
    <NORD>23111,436</NORD>
    <SARD>976,107</SARD>
    <SICI>1959,37</SICI>
    <SUD>2604,415</SUD>
  </Fabbisogno>
  <Fabbisogno>
    <Data>20171003</Data>
    <Mercato>MGP</Mercato>
    <Ora>12</Ora>
    <Italia>38376,168</Italia>
    <CNOR>4211,646</CNOR>
    <CSUD>5884,001</CSUD>
    <NORD>22813,823</NORD>
    <SARD>956,695</SARD>
    <SICI>1931,92</SICI>
    <SUD>2578,083</SUD>
  </Fabbisogno>
  <Fabbisogno>
    <Data>20171003</Data>
    <Mercato>MGP</Mercato>
    <Ora>13</Ora>
    <Italia>36270,487</Italia>
    <CNOR>3945,344</CNOR>
    <CSUD>5801,564</CSUD>
    <NORD>21077,812</NORD>
    <SARD>940,539</SARD>
    <SICI>1910,471</SICI>
    <SUD>2594,757</SUD>
  </Fabbisogno>
  <Fabbisogno>
    <Data>20171003</Data>
    <Mercato>MGP</Mercato>
    <Ora>14</Ora>
    <Italia>36039,602</Italia>
    <CNOR>3795,066</CNOR>
    <CSUD>5618,047</CSUD>
    <NORD>21409,315</NORD>
    <SARD>900,599</SARD>
    <SICI>1830,952</SICI>
    <SUD>2485,623</SUD>
  </Fabbisogno>
  <Fabbisogno>
    <Data>20171003</Data>
    <Mercato>MGP</Mercato>
    <Ora>15</Ora>
    <Italia>37034,255</Italia>
    <CNOR>4013,501</CNOR>
    <CSUD>5644,965</CSUD>
    <NORD>22244,35</NORD>
    <SARD>874,149</SARD>
    <SICI>1824,526</SICI>
    <SUD>2432,764</SUD>
  </Fabbisogno>
  <Fabbisogno>
    <Data>20171003</Data>
    <Mercato>MGP</Mercato>
    <Ora>16</Ora>
    <Italia>37566,586</Italia>
    <CNOR>4137,849</CNOR>
    <CSUD>5739,123</CSUD>
    <NORD>22420,536</NORD>
    <SARD>883,954</SARD>
    <SICI>1864,113</SICI>
    <SUD>2521,011</SUD>
  </Fabbisogno>
  <Fabbisogno>
    <Data>20171003</Data>
    <Mercato>MGP</Mercato>
    <Ora>17</Ora>
    <Italia>38013,324</Italia>
    <CNOR>4156,596</CNOR>
    <CSUD>5811,853</CSUD>
    <NORD>22579,491</NORD>
    <SARD>904,933</SARD>
    <SICI>1932,516</SICI>
    <SUD>2627,935</SUD>
  </Fabbisogno>
  <Fabbisogno>
    <Data>20171003</Data>
    <Mercato>MGP</Mercato>
    <Ora>18</Ora>
    <Italia>38387,906</Italia>
    <CNOR>4173,676</CNOR>
    <CSUD>5892,734</CSUD>
    <NORD>22423,435</NORD>
    <SARD>955,167</SARD>
    <SICI>2091,849</SICI>
    <SUD>2851,045</SUD>
  </Fabbisogno>
  <Fabbisogno>
    <Data>20171003</Data>
    <Mercato>MGP</Mercato>
    <Ora>19</Ora>
    <Italia>39261,211</Italia>
    <CNOR>4247,874</CNOR>
    <CSUD>6194,83</CSUD>
    <NORD>22400,839</NORD>
    <SARD>1083,267</SARD>
    <SICI>2201,647</SICI>
    <SUD>3132,754</SUD>
  </Fabbisogno>
  <Fabbisogno>
    <Data>20171003</Data>
    <Mercato>MGP</Mercato>
    <Ora>20</Ora>
    <Italia>41017,741</Italia>
    <CNOR>4501,243</CNOR>
    <CSUD>6680,491</CSUD>
    <NORD>22987,378</NORD>
    <SARD>1168,521</SARD>
    <SICI>2353,744</SICI>
    <SUD>3326,364</SUD>
  </Fabbisogno>
  <Fabbisogno>
    <Data>20171003</Data>
    <Mercato>MGP</Mercato>
    <Ora>21</Ora>
    <Italia>39147,942</Italia>
    <CNOR>4204,642</CNOR>
    <CSUD>6431,063</CSUD>
    <NORD>21788,616</NORD>
    <SARD>1173,628</SARD>
    <SICI>2291,322</SICI>
    <SUD>3258,671</SUD>
  </Fabbisogno>
  <Fabbisogno>
    <Data>20171003</Data>
    <Mercato>MGP</Mercato>
    <Ora>22</Ora>
    <Italia>36208,098</Italia>
    <CNOR>3905,977</CNOR>
    <CSUD>5939,245</CSUD>
    <NORD>20260,352</NORD>
    <SARD>1089,524</SARD>
    <SICI>2097,467</SICI>
    <SUD>2915,533</SUD>
  </Fabbisogno>
  <Fabbisogno>
    <Data>20171003</Data>
    <Mercato>MGP</Mercato>
    <Ora>23</Ora>
    <Italia>32549,355</Italia>
    <CNOR>3505,532</CNOR>
    <CSUD>5318,056</CSUD>
    <NORD>18253,114</NORD>
    <SARD>941,565</SARD>
    <SICI>1917,784</SICI>
    <SUD>2613,304</SUD>
  </Fabbisogno>
  <Fabbisogno>
    <Data>20171003</Data>
    <Mercato>MGP</Mercato>
    <Ora>24</Ora>
    <Italia>29368,804</Italia>
    <CNOR>3128,921</CNOR>
    <CSUD>4698,381</CSUD>
    <NORD>16649,838</NORD>
    <SARD>861,339</SARD>
    <SICI>1707,624</SICI>
    <SUD>2322,701</SUD>
  </Fabbisogno>
</NewDataSet>