<?xml version="1.0" standalone="yes"?>
<NewDataSet>
  <xs:schema id="NewDataSet" xmlns="" xmlns:xs="http://www.w3.org/2001/XMLSchema" xmlns:msdata="urn:schemas-microsoft-com:xml-msdata">
    <xs:element name="NewDataSet" msdata:IsDataSet="true" msdata:UseCurrentLocale="true">
      <xs:complexType>
        <xs:choice minOccurs="0" maxOccurs="unbounded">
          <xs:element name="Fabbisogno">
            <xs:complexType>
              <xs:sequence>
                <xs:element name="Data" type="xs:string" minOccurs="0" />
                <xs:element name="Mercato" type="xs:string" minOccurs="0" />
                <xs:element name="Ora" type="xs:string" minOccurs="0" />
                <xs:element name="Italia" type="xs:string" minOccurs="0" />
                <xs:element name="CNOR" type="xs:string" minOccurs="0" />
                <xs:element name="CSUD" type="xs:string" minOccurs="0" />
                <xs:element name="NORD" type="xs:string" minOccurs="0" />
                <xs:element name="SARD" type="xs:string" minOccurs="0" />
                <xs:element name="SICI" type="xs:string" minOccurs="0" />
                <xs:element name="SUD" type="xs:string" minOccurs="0" />
              </xs:sequence>
            </xs:complexType>
          </xs:element>
        </xs:choice>
      </xs:complexType>
    </xs:element>
  </xs:schema>
  <Fabbisogno>
    <Data>20171019</Data>
    <Mercato>MGP</Mercato>
    <Ora>1</Ora>
    <Italia>26746,56</Italia>
    <CNOR>2798,211</CNOR>
    <CSUD>4151,166</CSUD>
    <NORD>15387,843</NORD>
    <SARD>810,429</SARD>
    <SICI>1507,424</SICI>
    <SUD>2091,487</SUD>
  </Fabbisogno>
  <Fabbisogno>
    <Data>20171019</Data>
    <Mercato>MGP</Mercato>
    <Ora>2</Ora>
    <Italia>25142,307</Italia>
    <CNOR>2641,406</CNOR>
    <CSUD>3873,422</CSUD>
    <NORD>14495,762</NORD>
    <SARD>777,783</SARD>
    <SICI>1382,942</SICI>
    <SUD>1970,992</SUD>
  </Fabbisogno>
  <Fabbisogno>
    <Data>20171019</Data>
    <Mercato>MGP</Mercato>
    <Ora>3</Ora>
    <Italia>24475,364</Italia>
    <CNOR>2565,839</CNOR>
    <CSUD>3711,704</CSUD>
    <NORD>14222,228</NORD>
    <SARD>751,248</SARD>
    <SICI>1310,808</SICI>
    <SUD>1913,537</SUD>
  </Fabbisogno>
  <Fabbisogno>
    <Data>20171019</Data>
    <Mercato>MGP</Mercato>
    <Ora>4</Ora>
    <Italia>24268,168</Italia>
    <CNOR>2540,622</CNOR>
    <CSUD>3674,313</CSUD>
    <NORD>14106,744</NORD>
    <SARD>750,672</SARD>
    <SICI>1299,319</SICI>
    <SUD>1896,498</SUD>
  </Fabbisogno>
  <Fabbisogno>
    <Data>20171019</Data>
    <Mercato>MGP</Mercato>
    <Ora>5</Ora>
    <Italia>24471,906</Italia>
    <CNOR>2567,591</CNOR>
    <CSUD>3703,082</CSUD>
    <NORD>14210,312</NORD>
    <SARD>758,98</SARD>
    <SICI>1300,52</SICI>
    <SUD>1931,421</SUD>
  </Fabbisogno>
  <Fabbisogno>
    <Data>20171019</Data>
    <Mercato>MGP</Mercato>
    <Ora>6</Ora>
    <Italia>25801,408</Italia>
    <CNOR>2721,325</CNOR>
    <CSUD>3906,614</CSUD>
    <NORD>15027,983</NORD>
    <SARD>785,504</SARD>
    <SICI>1354,302</SICI>
    <SUD>2005,68</SUD>
  </Fabbisogno>
  <Fabbisogno>
    <Data>20171019</Data>
    <Mercato>MGP</Mercato>
    <Ora>7</Ora>
    <Italia>30504,199</Italia>
    <CNOR>3210,325</CNOR>
    <CSUD>4588,178</CSUD>
    <NORD>18007,685</NORD>
    <SARD>910,804</SARD>
    <SICI>1535,89</SICI>
    <SUD>2251,317</SUD>
  </Fabbisogno>
  <Fabbisogno>
    <Data>20171019</Data>
    <Mercato>MGP</Mercato>
    <Ora>8</Ora>
    <Italia>35855,439</Italia>
    <CNOR>3708,567</CNOR>
    <CSUD>5322,012</CSUD>
    <NORD>21288,997</NORD>
    <SARD>1082,887</SARD>
    <SICI>1770,996</SICI>
    <SUD>2681,98</SUD>
  </Fabbisogno>
  <Fabbisogno>
    <Data>20171019</Data>
    <Mercato>MGP</Mercato>
    <Ora>9</Ora>
    <Italia>39176,485</Italia>
    <CNOR>4158,72</CNOR>
    <CSUD>5780,199</CSUD>
    <NORD>23326,496</NORD>
    <SARD>1132,136</SARD>
    <SICI>1915,217</SICI>
    <SUD>2863,717</SUD>
  </Fabbisogno>
  <Fabbisogno>
    <Data>20171019</Data>
    <Mercato>MGP</Mercato>
    <Ora>10</Ora>
    <Italia>39286,472</Italia>
    <CNOR>4177,016</CNOR>
    <CSUD>5850,204</CSUD>
    <NORD>23552,156</NORD>
    <SARD>1053,711</SARD>
    <SICI>1938,598</SICI>
    <SUD>2714,787</SUD>
  </Fabbisogno>
  <Fabbisogno>
    <Data>20171019</Data>
    <Mercato>MGP</Mercato>
    <Ora>11</Ora>
    <Italia>38529,247</Italia>
    <CNOR>4170,999</CNOR>
    <CSUD>5687,499</CSUD>
    <NORD>23237,183</NORD>
    <SARD>992,615</SARD>
    <SICI>1902,161</SICI>
    <SUD>2538,79</SUD>
  </Fabbisogno>
  <Fabbisogno>
    <Data>20171019</Data>
    <Mercato>MGP</Mercato>
    <Ora>12</Ora>
    <Italia>38073,832</Italia>
    <CNOR>4153,84</CNOR>
    <CSUD>5676,581</CSUD>
    <NORD>22932,399</NORD>
    <SARD>971,963</SARD>
    <SICI>1827,846</SICI>
    <SUD>2511,203</SUD>
  </Fabbisogno>
  <Fabbisogno>
    <Data>20171019</Data>
    <Mercato>MGP</Mercato>
    <Ora>13</Ora>
    <Italia>35796,475</Italia>
    <CNOR>3801,914</CNOR>
    <CSUD>5592,566</CSUD>
    <NORD>21139,117</NORD>
    <SARD>959,982</SARD>
    <SICI>1793,192</SICI>
    <SUD>2509,704</SUD>
  </Fabbisogno>
  <Fabbisogno>
    <Data>20171019</Data>
    <Mercato>MGP</Mercato>
    <Ora>14</Ora>
    <Italia>35705,167</Italia>
    <CNOR>3693,944</CNOR>
    <CSUD>5467,254</CSUD>
    <NORD>21432,26</NORD>
    <SARD>936,28</SARD>
    <SICI>1731,9</SICI>
    <SUD>2443,529</SUD>
  </Fabbisogno>
  <Fabbisogno>
    <Data>20171019</Data>
    <Mercato>MGP</Mercato>
    <Ora>15</Ora>
    <Italia>36496,519</Italia>
    <CNOR>3900,885</CNOR>
    <CSUD>5512,338</CSUD>
    <NORD>22046,159</NORD>
    <SARD>916,107</SARD>
    <SICI>1704,084</SICI>
    <SUD>2416,946</SUD>
  </Fabbisogno>
  <Fabbisogno>
    <Data>20171019</Data>
    <Mercato>MGP</Mercato>
    <Ora>16</Ora>
    <Italia>37246,09</Italia>
    <CNOR>4014,219</CNOR>
    <CSUD>5613,216</CSUD>
    <NORD>22392,695</NORD>
    <SARD>933,637</SARD>
    <SICI>1800,462</SICI>
    <SUD>2491,861</SUD>
  </Fabbisogno>
  <Fabbisogno>
    <Data>20171019</Data>
    <Mercato>MGP</Mercato>
    <Ora>17</Ora>
    <Italia>37847,689</Italia>
    <CNOR>4094,198</CNOR>
    <CSUD>5703,388</CSUD>
    <NORD>22529,141</NORD>
    <SARD>961,570000000001</SARD>
    <SICI>1919,143</SICI>
    <SUD>2640,249</SUD>
  </Fabbisogno>
  <Fabbisogno>
    <Data>20171019</Data>
    <Mercato>MGP</Mercato>
    <Ora>18</Ora>
    <Italia>38407,441</Italia>
    <CNOR>4166,815</CNOR>
    <CSUD>5947,316</CSUD>
    <NORD>22314,331</NORD>
    <SARD>1042,191</SARD>
    <SICI>2012,445</SICI>
    <SUD>2924,343</SUD>
  </Fabbisogno>
  <Fabbisogno>
    <Data>20171019</Data>
    <Mercato>MGP</Mercato>
    <Ora>19</Ora>
    <Italia>40434,119</Italia>
    <CNOR>4417,472</CNOR>
    <CSUD>6464,825</CSUD>
    <NORD>22784,551</NORD>
    <SARD>1164,968</SARD>
    <SICI>2203,437</SICI>
    <SUD>3398,866</SUD>
  </Fabbisogno>
  <Fabbisogno>
    <Data>20171019</Data>
    <Mercato>MGP</Mercato>
    <Ora>20</Ora>
    <Italia>41260,616</Italia>
    <CNOR>4500,21</CNOR>
    <CSUD>6781,691</CSUD>
    <NORD>22978,469</NORD>
    <SARD>1204,618</SARD>
    <SICI>2327,324</SICI>
    <SUD>3468,304</SUD>
  </Fabbisogno>
  <Fabbisogno>
    <Data>20171019</Data>
    <Mercato>MGP</Mercato>
    <Ora>21</Ora>
    <Italia>39450,603</Italia>
    <CNOR>4236,933</CNOR>
    <CSUD>6539,122</CSUD>
    <NORD>21860,418</NORD>
    <SARD>1219,119</SARD>
    <SICI>2250,24</SICI>
    <SUD>3344,771</SUD>
  </Fabbisogno>
  <Fabbisogno>
    <Data>20171019</Data>
    <Mercato>MGP</Mercato>
    <Ora>22</Ora>
    <Italia>36308,761</Italia>
    <CNOR>3923,404</CNOR>
    <CSUD>5990,947</CSUD>
    <NORD>20177,861</NORD>
    <SARD>1163,979</SARD>
    <SICI>2035,858</SICI>
    <SUD>3016,712</SUD>
  </Fabbisogno>
  <Fabbisogno>
    <Data>20171019</Data>
    <Mercato>MGP</Mercato>
    <Ora>23</Ora>
    <Italia>32603,524</Italia>
    <CNOR>3558,271</CNOR>
    <CSUD>5345,282</CSUD>
    <NORD>18145,692</NORD>
    <SARD>1033,81</SARD>
    <SICI>1862,236</SICI>
    <SUD>2658,233</SUD>
  </Fabbisogno>
  <Fabbisogno>
    <Data>20171019</Data>
    <Mercato>MGP</Mercato>
    <Ora>24</Ora>
    <Italia>29165,618</Italia>
    <CNOR>3103,947</CNOR>
    <CSUD>4716,326</CSUD>
    <NORD>16462,126</NORD>
    <SARD>881,151</SARD>
    <SICI>1682,56</SICI>
    <SUD>2319,508</SUD>
  </Fabbisogno>
</NewDataSet>