<?xml version="1.0" standalone="yes"?>
<NewDataSet>
  <xs:schema id="NewDataSet" xmlns="" xmlns:xs="http://www.w3.org/2001/XMLSchema" xmlns:msdata="urn:schemas-microsoft-com:xml-msdata">
    <xs:element name="NewDataSet" msdata:IsDataSet="true" msdata:UseCurrentLocale="true">
      <xs:complexType>
        <xs:choice minOccurs="0" maxOccurs="unbounded">
          <xs:element name="Fabbisogno">
            <xs:complexType>
              <xs:sequence>
                <xs:element name="Data" type="xs:string" minOccurs="0" />
                <xs:element name="Mercato" type="xs:string" minOccurs="0" />
                <xs:element name="Ora" type="xs:string" minOccurs="0" />
                <xs:element name="Italia" type="xs:string" minOccurs="0" />
                <xs:element name="CNOR" type="xs:string" minOccurs="0" />
                <xs:element name="CSUD" type="xs:string" minOccurs="0" />
                <xs:element name="NORD" type="xs:string" minOccurs="0" />
                <xs:element name="SARD" type="xs:string" minOccurs="0" />
                <xs:element name="SICI" type="xs:string" minOccurs="0" />
                <xs:element name="SUD" type="xs:string" minOccurs="0" />
              </xs:sequence>
            </xs:complexType>
          </xs:element>
        </xs:choice>
      </xs:complexType>
    </xs:element>
  </xs:schema>
  <Fabbisogno>
    <Data>20171002</Data>
    <Mercato>MGP</Mercato>
    <Ora>1</Ora>
    <Italia>22985,125</Italia>
    <CNOR>2456,659</CNOR>
    <CSUD>3929,905</CSUD>
    <NORD>12436,284</NORD>
    <SARD>776,907</SARD>
    <SICI>1428,468</SICI>
    <SUD>1956,902</SUD>
  </Fabbisogno>
  <Fabbisogno>
    <Data>20171002</Data>
    <Mercato>MGP</Mercato>
    <Ora>2</Ora>
    <Italia>21780,137</Italia>
    <CNOR>2331,261</CNOR>
    <CSUD>3669,288</CSUD>
    <NORD>11834,678</NORD>
    <SARD>748,103</SARD>
    <SICI>1343,4</SICI>
    <SUD>1853,407</SUD>
  </Fabbisogno>
  <Fabbisogno>
    <Data>20171002</Data>
    <Mercato>MGP</Mercato>
    <Ora>3</Ora>
    <Italia>21265,661</Italia>
    <CNOR>2266,537</CNOR>
    <CSUD>3530,776</CSUD>
    <NORD>11650,951</NORD>
    <SARD>732,503</SARD>
    <SICI>1292,16</SICI>
    <SUD>1792,734</SUD>
  </Fabbisogno>
  <Fabbisogno>
    <Data>20171002</Data>
    <Mercato>MGP</Mercato>
    <Ora>4</Ora>
    <Italia>21141,525</Italia>
    <CNOR>2247,673</CNOR>
    <CSUD>3486,666</CSUD>
    <NORD>11641,917</NORD>
    <SARD>719,802</SARD>
    <SICI>1266,087</SICI>
    <SUD>1779,38</SUD>
  </Fabbisogno>
  <Fabbisogno>
    <Data>20171002</Data>
    <Mercato>MGP</Mercato>
    <Ora>5</Ora>
    <Italia>21536,041</Italia>
    <CNOR>2286,848</CNOR>
    <CSUD>3521,496</CSUD>
    <NORD>11950,567</NORD>
    <SARD>719,774</SARD>
    <SICI>1272,481</SICI>
    <SUD>1784,875</SUD>
  </Fabbisogno>
  <Fabbisogno>
    <Data>20171002</Data>
    <Mercato>MGP</Mercato>
    <Ora>6</Ora>
    <Italia>23295,336</Italia>
    <CNOR>2485,862</CNOR>
    <CSUD>3758,77</CSUD>
    <NORD>13076,505</NORD>
    <SARD>747,243</SARD>
    <SICI>1353,47</SICI>
    <SUD>1873,486</SUD>
  </Fabbisogno>
  <Fabbisogno>
    <Data>20171002</Data>
    <Mercato>MGP</Mercato>
    <Ora>7</Ora>
    <Italia>28268,458</Italia>
    <CNOR>2992,678</CNOR>
    <CSUD>4409,552</CSUD>
    <NORD>16424,403</NORD>
    <SARD>828,584</SARD>
    <SICI>1508,121</SICI>
    <SUD>2105,12</SUD>
  </Fabbisogno>
  <Fabbisogno>
    <Data>20171002</Data>
    <Mercato>MGP</Mercato>
    <Ora>8</Ora>
    <Italia>32837,066</Italia>
    <CNOR>3498,111</CNOR>
    <CSUD>4982,121</CSUD>
    <NORD>19440,076</NORD>
    <SARD>920,236</SARD>
    <SICI>1693,498</SICI>
    <SUD>2303,024</SUD>
  </Fabbisogno>
  <Fabbisogno>
    <Data>20171002</Data>
    <Mercato>MGP</Mercato>
    <Ora>9</Ora>
    <Italia>37109,472</Italia>
    <CNOR>4012,002</CNOR>
    <CSUD>5513,488</CSUD>
    <NORD>22087,256</NORD>
    <SARD>1011,305</SARD>
    <SICI>1889,372</SICI>
    <SUD>2596,049</SUD>
  </Fabbisogno>
  <Fabbisogno>
    <Data>20171002</Data>
    <Mercato>MGP</Mercato>
    <Ora>10</Ora>
    <Italia>37826,838</Italia>
    <CNOR>4123,893</CNOR>
    <CSUD>5765,886</CSUD>
    <NORD>22346,549</NORD>
    <SARD>1003,453</SARD>
    <SICI>1962,945</SICI>
    <SUD>2624,112</SUD>
  </Fabbisogno>
  <Fabbisogno>
    <Data>20171002</Data>
    <Mercato>MGP</Mercato>
    <Ora>11</Ora>
    <Italia>37567,328</Italia>
    <CNOR>4149,863</CNOR>
    <CSUD>5787,889</CSUD>
    <NORD>22149,825</NORD>
    <SARD>970,445</SARD>
    <SICI>1930,633</SICI>
    <SUD>2578,673</SUD>
  </Fabbisogno>
  <Fabbisogno>
    <Data>20171002</Data>
    <Mercato>MGP</Mercato>
    <Ora>12</Ora>
    <Italia>37114,407</Italia>
    <CNOR>4137,289</CNOR>
    <CSUD>5769,491</CSUD>
    <NORD>21786,945</NORD>
    <SARD>953,471</SARD>
    <SICI>1909,196</SICI>
    <SUD>2558,015</SUD>
  </Fabbisogno>
  <Fabbisogno>
    <Data>20171002</Data>
    <Mercato>MGP</Mercato>
    <Ora>13</Ora>
    <Italia>35168,146</Italia>
    <CNOR>3891,088</CNOR>
    <CSUD>5755,446</CSUD>
    <NORD>20096,172</NORD>
    <SARD>944,047</SARD>
    <SICI>1899,798</SICI>
    <SUD>2581,595</SUD>
  </Fabbisogno>
  <Fabbisogno>
    <Data>20171002</Data>
    <Mercato>MGP</Mercato>
    <Ora>14</Ora>
    <Italia>35179,891</Italia>
    <CNOR>3775,65</CNOR>
    <CSUD>5597,393</CSUD>
    <NORD>20558,075</NORD>
    <SARD>907,843</SARD>
    <SICI>1841,101</SICI>
    <SUD>2499,829</SUD>
  </Fabbisogno>
  <Fabbisogno>
    <Data>20171002</Data>
    <Mercato>MGP</Mercato>
    <Ora>15</Ora>
    <Italia>36336,808</Italia>
    <CNOR>4005,114</CNOR>
    <CSUD>5638,524</CSUD>
    <NORD>21543,512</NORD>
    <SARD>881,874</SARD>
    <SICI>1820,695</SICI>
    <SUD>2447,089</SUD>
  </Fabbisogno>
  <Fabbisogno>
    <Data>20171002</Data>
    <Mercato>MGP</Mercato>
    <Ora>16</Ora>
    <Italia>36928,561</Italia>
    <CNOR>4112,865</CNOR>
    <CSUD>5720,559</CSUD>
    <NORD>21830,412</NORD>
    <SARD>896,663</SARD>
    <SICI>1868,106</SICI>
    <SUD>2499,956</SUD>
  </Fabbisogno>
  <Fabbisogno>
    <Data>20171002</Data>
    <Mercato>MGP</Mercato>
    <Ora>17</Ora>
    <Italia>37452,083</Italia>
    <CNOR>4161,27</CNOR>
    <CSUD>5760,196</CSUD>
    <NORD>22016,361</NORD>
    <SARD>914,702</SARD>
    <SICI>1978,754</SICI>
    <SUD>2620,8</SUD>
  </Fabbisogno>
  <Fabbisogno>
    <Data>20171002</Data>
    <Mercato>MGP</Mercato>
    <Ora>18</Ora>
    <Italia>37667,63</Italia>
    <CNOR>4148,073</CNOR>
    <CSUD>5872,537</CSUD>
    <NORD>21742,34</NORD>
    <SARD>961,084</SARD>
    <SICI>2100,879</SICI>
    <SUD>2842,717</SUD>
  </Fabbisogno>
  <Fabbisogno>
    <Data>20171002</Data>
    <Mercato>MGP</Mercato>
    <Ora>19</Ora>
    <Italia>38341,565</Italia>
    <CNOR>4199,762</CNOR>
    <CSUD>6156,267</CSUD>
    <NORD>21688,318</NORD>
    <SARD>1021,685</SARD>
    <SICI>2227,035</SICI>
    <SUD>3048,498</SUD>
  </Fabbisogno>
  <Fabbisogno>
    <Data>20171002</Data>
    <Mercato>MGP</Mercato>
    <Ora>20</Ora>
    <Italia>39804,919</Italia>
    <CNOR>4392,909</CNOR>
    <CSUD>6615,483</CSUD>
    <NORD>22129,921</NORD>
    <SARD>1087,514</SARD>
    <SICI>2386,84</SICI>
    <SUD>3192,252</SUD>
  </Fabbisogno>
  <Fabbisogno>
    <Data>20171002</Data>
    <Mercato>MGP</Mercato>
    <Ora>21</Ora>
    <Italia>38426,064</Italia>
    <CNOR>4132,004</CNOR>
    <CSUD>6391,699</CSUD>
    <NORD>21346,501</NORD>
    <SARD>1091,193</SARD>
    <SICI>2323,058</SICI>
    <SUD>3141,609</SUD>
  </Fabbisogno>
  <Fabbisogno>
    <Data>20171002</Data>
    <Mercato>MGP</Mercato>
    <Ora>22</Ora>
    <Italia>35702,93</Italia>
    <CNOR>3853,053</CNOR>
    <CSUD>5961,062</CSUD>
    <NORD>19851,807</NORD>
    <SARD>1027,418</SARD>
    <SICI>2132,121</SICI>
    <SUD>2877,469</SUD>
  </Fabbisogno>
  <Fabbisogno>
    <Data>20171002</Data>
    <Mercato>MGP</Mercato>
    <Ora>23</Ora>
    <Italia>32395,643</Italia>
    <CNOR>3475,526</CNOR>
    <CSUD>5382,779</CSUD>
    <NORD>18042,334</NORD>
    <SARD>939,005</SARD>
    <SICI>1941,614</SICI>
    <SUD>2614,385</SUD>
  </Fabbisogno>
  <Fabbisogno>
    <Data>20171002</Data>
    <Mercato>MGP</Mercato>
    <Ora>24</Ora>
    <Italia>29295,636</Italia>
    <CNOR>3115,854</CNOR>
    <CSUD>4754,077</CSUD>
    <NORD>16510,53</NORD>
    <SARD>864,833</SARD>
    <SICI>1727,841</SICI>
    <SUD>2322,501</SUD>
  </Fabbisogno>
</NewDataSet>