<?xml version="1.0" standalone="yes"?>
<NewDataSet>
  <xs:schema id="NewDataSet" xmlns="" xmlns:xs="http://www.w3.org/2001/XMLSchema" xmlns:msdata="urn:schemas-microsoft-com:xml-msdata">
    <xs:element name="NewDataSet" msdata:IsDataSet="true" msdata:UseCurrentLocale="true">
      <xs:complexType>
        <xs:choice minOccurs="0" maxOccurs="unbounded">
          <xs:element name="Fabbisogno">
            <xs:complexType>
              <xs:sequence>
                <xs:element name="Data" type="xs:string" minOccurs="0" />
                <xs:element name="Mercato" type="xs:string" minOccurs="0" />
                <xs:element name="Ora" type="xs:string" minOccurs="0" />
                <xs:element name="Italia" type="xs:string" minOccurs="0" />
                <xs:element name="CNOR" type="xs:string" minOccurs="0" />
                <xs:element name="CSUD" type="xs:string" minOccurs="0" />
                <xs:element name="NORD" type="xs:string" minOccurs="0" />
                <xs:element name="SARD" type="xs:string" minOccurs="0" />
                <xs:element name="SICI" type="xs:string" minOccurs="0" />
                <xs:element name="SUD" type="xs:string" minOccurs="0" />
              </xs:sequence>
            </xs:complexType>
          </xs:element>
        </xs:choice>
      </xs:complexType>
    </xs:element>
  </xs:schema>
  <Fabbisogno>
    <Data>20171029</Data>
    <Mercato>MGP</Mercato>
    <Ora>1</Ora>
    <Italia>23682,163</Italia>
    <CNOR>2491,538</CNOR>
    <CSUD>3972,699</CSUD>
    <NORD>12870,689</NORD>
    <SARD>800,667</SARD>
    <SICI>1493,604</SICI>
    <SUD>2052,966</SUD>
  </Fabbisogno>
  <Fabbisogno>
    <Data>20171029</Data>
    <Mercato>MGP</Mercato>
    <Ora>2</Ora>
    <Italia>22365,631</Italia>
    <CNOR>2331,963</CNOR>
    <CSUD>3697,648</CSUD>
    <NORD>12243,66</NORD>
    <SARD>780,96</SARD>
    <SICI>1389,864</SICI>
    <SUD>1921,536</SUD>
  </Fabbisogno>
  <Fabbisogno>
    <Data>20171029</Data>
    <Mercato>MGP</Mercato>
    <Ora>3</Ora>
    <Italia>21227,135</Italia>
    <CNOR>2219,918</CNOR>
    <CSUD>3435,056</CSUD>
    <NORD>11750,874</NORD>
    <SARD>740,292</SARD>
    <SICI>1301,015</SICI>
    <SUD>1779,98</SUD>
  </Fabbisogno>
  <Fabbisogno>
    <Data>20171029</Data>
    <Mercato>MGP</Mercato>
    <Ora>4</Ora>
    <Italia>21080,683</Italia>
    <CNOR>2204,363</CNOR>
    <CSUD>3411,881</CSUD>
    <NORD>11664,959</NORD>
    <SARD>737,982</SARD>
    <SICI>1293,885</SICI>
    <SUD>1767,613</SUD>
  </Fabbisogno>
  <Fabbisogno>
    <Data>20171029</Data>
    <Mercato>MGP</Mercato>
    <Ora>5</Ora>
    <Italia>20830,514</Italia>
    <CNOR>2124,44</CNOR>
    <CSUD>3357,415</CSUD>
    <NORD>11577,5</NORD>
    <SARD>733,925</SARD>
    <SICI>1268,01</SICI>
    <SUD>1769,224</SUD>
  </Fabbisogno>
  <Fabbisogno>
    <Data>20171029</Data>
    <Mercato>MGP</Mercato>
    <Ora>6</Ora>
    <Italia>20775,476</Italia>
    <CNOR>2138,054</CNOR>
    <CSUD>3320,68</CSUD>
    <NORD>11557,356</NORD>
    <SARD>732,82</SARD>
    <SICI>1264,776</SICI>
    <SUD>1761,79</SUD>
  </Fabbisogno>
  <Fabbisogno>
    <Data>20171029</Data>
    <Mercato>MGP</Mercato>
    <Ora>7</Ora>
    <Italia>21290,581</Italia>
    <CNOR>2171,28</CNOR>
    <CSUD>3409,237</CSUD>
    <NORD>11859,428</NORD>
    <SARD>744,673</SARD>
    <SICI>1307,261</SICI>
    <SUD>1798,702</SUD>
  </Fabbisogno>
  <Fabbisogno>
    <Data>20171029</Data>
    <Mercato>MGP</Mercato>
    <Ora>8</Ora>
    <Italia>22337,311</Italia>
    <CNOR>2257,012</CNOR>
    <CSUD>3599,142</CSUD>
    <NORD>12496,668</NORD>
    <SARD>784,266</SARD>
    <SICI>1358,779</SICI>
    <SUD>1841,444</SUD>
  </Fabbisogno>
  <Fabbisogno>
    <Data>20171029</Data>
    <Mercato>MGP</Mercato>
    <Ora>9</Ora>
    <Italia>23688,923</Italia>
    <CNOR>2395,341</CNOR>
    <CSUD>3825,094</CSUD>
    <NORD>13180,752</NORD>
    <SARD>827,955</SARD>
    <SICI>1492,646</SICI>
    <SUD>1967,135</SUD>
  </Fabbisogno>
  <Fabbisogno>
    <Data>20171029</Data>
    <Mercato>MGP</Mercato>
    <Ora>10</Ora>
    <Italia>24688,004</Italia>
    <CNOR>2543,325</CNOR>
    <CSUD>4086,531</CSUD>
    <NORD>13517,83</NORD>
    <SARD>848,434</SARD>
    <SICI>1628,298</SICI>
    <SUD>2063,586</SUD>
  </Fabbisogno>
  <Fabbisogno>
    <Data>20171029</Data>
    <Mercato>MGP</Mercato>
    <Ora>11</Ora>
    <Italia>25299,222</Italia>
    <CNOR>2595,102</CNOR>
    <CSUD>4316,955</CSUD>
    <NORD>13720,886</NORD>
    <SARD>855,689</SARD>
    <SICI>1674,407</SICI>
    <SUD>2136,183</SUD>
  </Fabbisogno>
  <Fabbisogno>
    <Data>20171029</Data>
    <Mercato>MGP</Mercato>
    <Ora>12</Ora>
    <Italia>25614,285</Italia>
    <CNOR>2649,006</CNOR>
    <CSUD>4441,361</CSUD>
    <NORD>13824,854</NORD>
    <SARD>855,957</SARD>
    <SICI>1687,625</SICI>
    <SUD>2155,482</SUD>
  </Fabbisogno>
  <Fabbisogno>
    <Data>20171029</Data>
    <Mercato>MGP</Mercato>
    <Ora>13</Ora>
    <Italia>25642,541</Italia>
    <CNOR>2661,829</CNOR>
    <CSUD>4493,886</CSUD>
    <NORD>13748,691</NORD>
    <SARD>863,674</SARD>
    <SICI>1695,221</SICI>
    <SUD>2179,24</SUD>
  </Fabbisogno>
  <Fabbisogno>
    <Data>20171029</Data>
    <Mercato>MGP</Mercato>
    <Ora>14</Ora>
    <Italia>25306,478</Italia>
    <CNOR>2622,43</CNOR>
    <CSUD>4553,24600000001</CSUD>
    <NORD>13409,455</NORD>
    <SARD>869,999</SARD>
    <SICI>1649,049</SICI>
    <SUD>2202,299</SUD>
  </Fabbisogno>
  <Fabbisogno>
    <Data>20171029</Data>
    <Mercato>MGP</Mercato>
    <Ora>15</Ora>
    <Italia>24084,475</Italia>
    <CNOR>2439,217</CNOR>
    <CSUD>4336,165</CSUD>
    <NORD>12915,669</NORD>
    <SARD>815,209</SARD>
    <SICI>1523,328</SICI>
    <SUD>2054,887</SUD>
  </Fabbisogno>
  <Fabbisogno>
    <Data>20171029</Data>
    <Mercato>MGP</Mercato>
    <Ora>16</Ora>
    <Italia>23723,289</Italia>
    <CNOR>2444,362</CNOR>
    <CSUD>4149,03</CSUD>
    <NORD>12956,887</NORD>
    <SARD>771,758</SARD>
    <SICI>1463,144</SICI>
    <SUD>1938,108</SUD>
  </Fabbisogno>
  <Fabbisogno>
    <Data>20171029</Data>
    <Mercato>MGP</Mercato>
    <Ora>17</Ora>
    <Italia>24280,129</Italia>
    <CNOR>2522,146</CNOR>
    <CSUD>4203,154</CSUD>
    <NORD>13231,698</NORD>
    <SARD>796,218</SARD>
    <SICI>1494,612</SICI>
    <SUD>2032,301</SUD>
  </Fabbisogno>
  <Fabbisogno>
    <Data>20171029</Data>
    <Mercato>MGP</Mercato>
    <Ora>18</Ora>
    <Italia>25235,986</Italia>
    <CNOR>2638,568</CNOR>
    <CSUD>4353,133</CSUD>
    <NORD>13620,695</NORD>
    <SARD>839,799</SARD>
    <SICI>1599,663</SICI>
    <SUD>2184,128</SUD>
  </Fabbisogno>
  <Fabbisogno>
    <Data>20171029</Data>
    <Mercato>MGP</Mercato>
    <Ora>19</Ora>
    <Italia>26887,703</Italia>
    <CNOR>2842,955</CNOR>
    <CSUD>4487,378</CSUD>
    <NORD>14589,836</NORD>
    <SARD>867,367</SARD>
    <SICI>1749,124</SICI>
    <SUD>2351,043</SUD>
  </Fabbisogno>
  <Fabbisogno>
    <Data>20171029</Data>
    <Mercato>MGP</Mercato>
    <Ora>20</Ora>
    <Italia>29402,085</Italia>
    <CNOR>3122,167</CNOR>
    <CSUD>4942,785</CSUD>
    <NORD>16007,869</NORD>
    <SARD>922,133</SARD>
    <SICI>1869,096</SICI>
    <SUD>2538,035</SUD>
  </Fabbisogno>
  <Fabbisogno>
    <Data>20171029</Data>
    <Mercato>MGP</Mercato>
    <Ora>21</Ora>
    <Italia>31126,436</Italia>
    <CNOR>3362,397</CNOR>
    <CSUD>5395,305</CSUD>
    <NORD>16708,295</NORD>
    <SARD>1025,21</SARD>
    <SICI>1955,127</SICI>
    <SUD>2680,102</SUD>
  </Fabbisogno>
  <Fabbisogno>
    <Data>20171029</Data>
    <Mercato>MGP</Mercato>
    <Ora>22</Ora>
    <Italia>30372,965</Italia>
    <CNOR>3243,878</CNOR>
    <CSUD>5330,978</CSUD>
    <NORD>16226,909</NORD>
    <SARD>1009,858</SARD>
    <SICI>1910,927</SICI>
    <SUD>2650,415</SUD>
  </Fabbisogno>
  <Fabbisogno>
    <Data>20171029</Data>
    <Mercato>MGP</Mercato>
    <Ora>23</Ora>
    <Italia>28803,317</Italia>
    <CNOR>3071,706</CNOR>
    <CSUD>5016,518</CSUD>
    <NORD>15450,189</NORD>
    <SARD>950,505</SARD>
    <SICI>1807,556</SICI>
    <SUD>2506,843</SUD>
  </Fabbisogno>
  <Fabbisogno>
    <Data>20171029</Data>
    <Mercato>MGP</Mercato>
    <Ora>24</Ora>
    <Italia>26692,791</Italia>
    <CNOR>2841,22</CNOR>
    <CSUD>4626,239</CSUD>
    <NORD>14325,606</NORD>
    <SARD>893,738</SARD>
    <SICI>1678,063</SICI>
    <SUD>2327,925</SUD>
  </Fabbisogno>
  <Fabbisogno>
    <Data>20171029</Data>
    <Mercato>MGP</Mercato>
    <Ora>25</Ora>
    <Italia>24236,93</Italia>
    <CNOR>2516,154</CNOR>
    <CSUD>4165,116</CSUD>
    <NORD>13107,212</NORD>
    <SARD>830,293</SARD>
    <SICI>1517,818</SICI>
    <SUD>2100,337</SUD>
  </Fabbisogno>
</NewDataSet>