<?xml version="1.0" standalone="yes"?>
<NewDataSet>
  <xs:schema id="NewDataSet" xmlns="" xmlns:xs="http://www.w3.org/2001/XMLSchema" xmlns:msdata="urn:schemas-microsoft-com:xml-msdata">
    <xs:element name="NewDataSet" msdata:IsDataSet="true" msdata:MainDataTable="marketintervaldetail" msdata:UseCurrentLocale="true">
      <xs:complexType>
        <xs:choice minOccurs="0" maxOccurs="unbounded">
          <xs:element name="marketintervaldetail">
            <xs:complexType>
              <xs:sequence>
                <xs:element name="Data" type="xs:string" minOccurs="0" />
                <xs:element name="Mercato" type="xs:string" minOccurs="0" />
                <xs:element name="Ora" type="xs:string" minOccurs="0" />
                <xs:element name="Totale" type="xs:string" minOccurs="0" />
                <xs:element name="CNOR" type="xs:string" minOccurs="0" />
                <xs:element name="CSUD" type="xs:string" minOccurs="0" />
                <xs:element name="NORD" type="xs:string" minOccurs="0" />
                <xs:element name="SARD" type="xs:string" minOccurs="0" />
                <xs:element name="SICI" type="xs:string" minOccurs="0" />
                <xs:element name="SUD" type="xs:string" minOccurs="0" />
              </xs:sequence>
            </xs:complexType>
          </xs:element>
        </xs:choice>
      </xs:complexType>
    </xs:element>
  </xs:schema>
  <marketintervaldetail>
    <Data>20150614</Data>
    <Mercato>MGP</Mercato>
    <Ora>01</Ora>
    <Totale>27509</Totale>
    <CNOR>2620</CNOR>
    <CSUD>4618</CSUD>
    <NORD>15008</NORD>
    <SARD>897</SARD>
    <SICI>1785</SICI>
    <SUD>2581</SUD>
  </marketintervaldetail>
  <marketintervaldetail>
    <Data>20150614</Data>
    <Mercato>MGP</Mercato>
    <Ora>02</Ora>
    <Totale>25235</Totale>
    <CNOR>2346</CNOR>
    <CSUD>4253</CSUD>
    <NORD>13808</NORD>
    <SARD>852</SARD>
    <SICI>1657</SICI>
    <SUD>2319</SUD>
  </marketintervaldetail>
  <marketintervaldetail>
    <Data>20150614</Data>
    <Mercato>MGP</Mercato>
    <Ora>03</Ora>
    <Totale>24143</Totale>
    <CNOR>2195</CNOR>
    <CSUD>4042</CSUD>
    <NORD>13384</NORD>
    <SARD>839</SARD>
    <SICI>1567</SICI>
    <SUD>2116</SUD>
  </marketintervaldetail>
  <marketintervaldetail>
    <Data>20150614</Data>
    <Mercato>MGP</Mercato>
    <Ora>04</Ora>
    <Totale>23669</Totale>
    <CNOR>2400</CNOR>
    <CSUD>3991</CSUD>
    <NORD>12907</NORD>
    <SARD>820</SARD>
    <SICI>1504</SICI>
    <SUD>2047</SUD>
  </marketintervaldetail>
  <marketintervaldetail>
    <Data>20150614</Data>
    <Mercato>MGP</Mercato>
    <Ora>05</Ora>
    <Totale>23544</Totale>
    <CNOR>2289</CNOR>
    <CSUD>3766</CSUD>
    <NORD>13071</NORD>
    <SARD>814</SARD>
    <SICI>1485</SICI>
    <SUD>2119</SUD>
  </marketintervaldetail>
  <marketintervaldetail>
    <Data>20150614</Data>
    <Mercato>MGP</Mercato>
    <Ora>06</Ora>
    <Totale>22708</Totale>
    <CNOR>2147</CNOR>
    <CSUD>3662</CSUD>
    <NORD>12586</NORD>
    <SARD>830</SARD>
    <SICI>1450</SICI>
    <SUD>2033</SUD>
  </marketintervaldetail>
  <marketintervaldetail>
    <Data>20150614</Data>
    <Mercato>MGP</Mercato>
    <Ora>07</Ora>
    <Totale>22555</Totale>
    <CNOR>2125</CNOR>
    <CSUD>3684</CSUD>
    <NORD>12443</NORD>
    <SARD>824</SARD>
    <SICI>1420</SICI>
    <SUD>2059</SUD>
  </marketintervaldetail>
  <marketintervaldetail>
    <Data>20150614</Data>
    <Mercato>MGP</Mercato>
    <Ora>08</Ora>
    <Totale>24122</Totale>
    <CNOR>2248</CNOR>
    <CSUD>4020</CSUD>
    <NORD>13107</NORD>
    <SARD>875</SARD>
    <SICI>1588</SICI>
    <SUD>2284</SUD>
  </marketintervaldetail>
  <marketintervaldetail>
    <Data>20150614</Data>
    <Mercato>MGP</Mercato>
    <Ora>09</Ora>
    <Totale>25810</Totale>
    <CNOR>2428</CNOR>
    <CSUD>4435</CSUD>
    <NORD>13726</NORD>
    <SARD>905</SARD>
    <SICI>1795</SICI>
    <SUD>2521</SUD>
  </marketintervaldetail>
  <marketintervaldetail>
    <Data>20150614</Data>
    <Mercato>MGP</Mercato>
    <Ora>10</Ora>
    <Totale>27413</Totale>
    <CNOR>2606</CNOR>
    <CSUD>4757</CSUD>
    <NORD>14425</NORD>
    <SARD>943</SARD>
    <SICI>1932</SICI>
    <SUD>2750</SUD>
  </marketintervaldetail>
  <marketintervaldetail>
    <Data>20150614</Data>
    <Mercato>MGP</Mercato>
    <Ora>11</Ora>
    <Totale>28555</Totale>
    <CNOR>2737</CNOR>
    <CSUD>5059</CSUD>
    <NORD>15078</NORD>
    <SARD>956</SARD>
    <SICI>1949</SICI>
    <SUD>2776</SUD>
  </marketintervaldetail>
  <marketintervaldetail>
    <Data>20150614</Data>
    <Mercato>MGP</Mercato>
    <Ora>12</Ora>
    <Totale>29429</Totale>
    <CNOR>2788</CNOR>
    <CSUD>5431</CSUD>
    <NORD>15419</NORD>
    <SARD>973</SARD>
    <SICI>1980</SICI>
    <SUD>2838</SUD>
  </marketintervaldetail>
  <marketintervaldetail>
    <Data>20150614</Data>
    <Mercato>MGP</Mercato>
    <Ora>13</Ora>
    <Totale>29597</Totale>
    <CNOR>2699</CNOR>
    <CSUD>5664</CSUD>
    <NORD>15317</NORD>
    <SARD>958</SARD>
    <SICI>1996</SICI>
    <SUD>2963</SUD>
  </marketintervaldetail>
  <marketintervaldetail>
    <Data>20150614</Data>
    <Mercato>MGP</Mercato>
    <Ora>14</Ora>
    <Totale>28728</Totale>
    <CNOR>2579</CNOR>
    <CSUD>5452</CSUD>
    <NORD>14881</NORD>
    <SARD>899</SARD>
    <SICI>1961</SICI>
    <SUD>2956</SUD>
  </marketintervaldetail>
  <marketintervaldetail>
    <Data>20150614</Data>
    <Mercato>MGP</Mercato>
    <Ora>15</Ora>
    <Totale>28493</Totale>
    <CNOR>2474</CNOR>
    <CSUD>5359</CSUD>
    <NORD>15196</NORD>
    <SARD>875</SARD>
    <SICI>1898</SICI>
    <SUD>2691</SUD>
  </marketintervaldetail>
  <marketintervaldetail>
    <Data>20150614</Data>
    <Mercato>MGP</Mercato>
    <Ora>16</Ora>
    <Totale>28373</Totale>
    <CNOR>2642</CNOR>
    <CSUD>5183</CSUD>
    <NORD>15047</NORD>
    <SARD>877</SARD>
    <SICI>1946</SICI>
    <SUD>2678</SUD>
  </marketintervaldetail>
  <marketintervaldetail>
    <Data>20150614</Data>
    <Mercato>MGP</Mercato>
    <Ora>17</Ora>
    <Totale>28732</Totale>
    <CNOR>2779</CNOR>
    <CSUD>5176</CSUD>
    <NORD>15128</NORD>
    <SARD>925</SARD>
    <SICI>1982</SICI>
    <SUD>2742</SUD>
  </marketintervaldetail>
  <marketintervaldetail>
    <Data>20150614</Data>
    <Mercato>MGP</Mercato>
    <Ora>18</Ora>
    <Totale>29545</Totale>
    <CNOR>2937</CNOR>
    <CSUD>5241</CSUD>
    <NORD>15351</NORD>
    <SARD>1002</SARD>
    <SICI>1987</SICI>
    <SUD>3027</SUD>
  </marketintervaldetail>
  <marketintervaldetail>
    <Data>20150614</Data>
    <Mercato>MGP</Mercato>
    <Ora>19</Ora>
    <Totale>30299</Totale>
    <CNOR>3134</CNOR>
    <CSUD>5348</CSUD>
    <NORD>15824</NORD>
    <SARD>1011</SARD>
    <SICI>2006</SICI>
    <SUD>2976</SUD>
  </marketintervaldetail>
  <marketintervaldetail>
    <Data>20150614</Data>
    <Mercato>MGP</Mercato>
    <Ora>20</Ora>
    <Totale>31121</Totale>
    <CNOR>3283</CNOR>
    <CSUD>5555</CSUD>
    <NORD>16434</NORD>
    <SARD>1017</SARD>
    <SICI>1952</SICI>
    <SUD>2880</SUD>
  </marketintervaldetail>
  <marketintervaldetail>
    <Data>20150614</Data>
    <Mercato>MGP</Mercato>
    <Ora>21</Ora>
    <Totale>31234</Totale>
    <CNOR>3168</CNOR>
    <CSUD>5486</CSUD>
    <NORD>16386</NORD>
    <SARD>1025</SARD>
    <SICI>1997</SICI>
    <SUD>3172</SUD>
  </marketintervaldetail>
  <marketintervaldetail>
    <Data>20150614</Data>
    <Mercato>MGP</Mercato>
    <Ora>22</Ora>
    <Totale>32707</Totale>
    <CNOR>3309</CNOR>
    <CSUD>5706</CSUD>
    <NORD>17138</NORD>
    <SARD>1065</SARD>
    <SICI>2169</SICI>
    <SUD>3320</SUD>
  </marketintervaldetail>
  <marketintervaldetail>
    <Data>20150614</Data>
    <Mercato>MGP</Mercato>
    <Ora>23</Ora>
    <Totale>31643</Totale>
    <CNOR>3186</CNOR>
    <CSUD>5457</CSUD>
    <NORD>16826</NORD>
    <SARD>989</SARD>
    <SICI>1944</SICI>
    <SUD>3241</SUD>
  </marketintervaldetail>
  <marketintervaldetail>
    <Data>20150614</Data>
    <Mercato>MGP</Mercato>
    <Ora>24</Ora>
    <Totale>29083</Totale>
    <CNOR>2876</CNOR>
    <CSUD>4950</CSUD>
    <NORD>15541</NORD>
    <SARD>908</SARD>
    <SICI>1865</SICI>
    <SUD>2943</SUD>
  </marketintervaldetail>
</NewDataSet>