<?xml version="1.0" standalone="yes"?>
<NewDataSet>
  <xs:schema id="NewDataSet" xmlns="" xmlns:xs="http://www.w3.org/2001/XMLSchema" xmlns:msdata="urn:schemas-microsoft-com:xml-msdata">
    <xs:element name="NewDataSet" msdata:IsDataSet="true" msdata:MainDataTable="marketintervaldetail" msdata:UseCurrentLocale="true">
      <xs:complexType>
        <xs:choice minOccurs="0" maxOccurs="unbounded">
          <xs:element name="marketintervaldetail">
            <xs:complexType>
              <xs:sequence>
                <xs:element name="Data" type="xs:string" minOccurs="0" />
                <xs:element name="Mercato" type="xs:string" minOccurs="0" />
                <xs:element name="Ora" type="xs:string" minOccurs="0" />
                <xs:element name="Totale" type="xs:string" minOccurs="0" />
                <xs:element name="CNOR" type="xs:string" minOccurs="0" />
                <xs:element name="CSUD" type="xs:string" minOccurs="0" />
                <xs:element name="NORD" type="xs:string" minOccurs="0" />
                <xs:element name="SARD" type="xs:string" minOccurs="0" />
                <xs:element name="SICI" type="xs:string" minOccurs="0" />
                <xs:element name="SUD" type="xs:string" minOccurs="0" />
              </xs:sequence>
            </xs:complexType>
          </xs:element>
        </xs:choice>
      </xs:complexType>
    </xs:element>
  </xs:schema>
  <marketintervaldetail>
    <Data>20150628</Data>
    <Mercato>MGP</Mercato>
    <Ora>01</Ora>
    <Totale>26831</Totale>
    <CNOR>2778</CNOR>
    <CSUD>4627</CSUD>
    <NORD>14270</NORD>
    <SARD>920</SARD>
    <SICI>1815</SICI>
    <SUD>2421</SUD>
  </marketintervaldetail>
  <marketintervaldetail>
    <Data>20150628</Data>
    <Mercato>MGP</Mercato>
    <Ora>02</Ora>
    <Totale>24990</Totale>
    <CNOR>2590</CNOR>
    <CSUD>4227</CSUD>
    <NORD>13261</NORD>
    <SARD>873</SARD>
    <SICI>1697</SICI>
    <SUD>2342</SUD>
  </marketintervaldetail>
  <marketintervaldetail>
    <Data>20150628</Data>
    <Mercato>MGP</Mercato>
    <Ora>03</Ora>
    <Totale>23658</Totale>
    <CNOR>2464</CNOR>
    <CSUD>4015</CSUD>
    <NORD>12556</NORD>
    <SARD>851</SARD>
    <SICI>1598</SICI>
    <SUD>2174</SUD>
  </marketintervaldetail>
  <marketintervaldetail>
    <Data>20150628</Data>
    <Mercato>MGP</Mercato>
    <Ora>04</Ora>
    <Totale>22835</Totale>
    <CNOR>2384</CNOR>
    <CSUD>3867</CSUD>
    <NORD>12114</NORD>
    <SARD>831</SARD>
    <SICI>1536</SICI>
    <SUD>2103</SUD>
  </marketintervaldetail>
  <marketintervaldetail>
    <Data>20150628</Data>
    <Mercato>MGP</Mercato>
    <Ora>05</Ora>
    <Totale>22595</Totale>
    <CNOR>2364</CNOR>
    <CSUD>3765</CSUD>
    <NORD>12044</NORD>
    <SARD>819</SARD>
    <SICI>1494</SICI>
    <SUD>2109</SUD>
  </marketintervaldetail>
  <marketintervaldetail>
    <Data>20150628</Data>
    <Mercato>MGP</Mercato>
    <Ora>06</Ora>
    <Totale>21959</Totale>
    <CNOR>2267</CNOR>
    <CSUD>3677</CSUD>
    <NORD>11733</NORD>
    <SARD>813</SARD>
    <SICI>1469</SICI>
    <SUD>2000</SUD>
  </marketintervaldetail>
  <marketintervaldetail>
    <Data>20150628</Data>
    <Mercato>MGP</Mercato>
    <Ora>07</Ora>
    <Totale>21186</Totale>
    <CNOR>2190</CNOR>
    <CSUD>3607</CSUD>
    <NORD>11251</NORD>
    <SARD>797</SARD>
    <SICI>1463</SICI>
    <SUD>1878</SUD>
  </marketintervaldetail>
  <marketintervaldetail>
    <Data>20150628</Data>
    <Mercato>MGP</Mercato>
    <Ora>08</Ora>
    <Totale>22733</Totale>
    <CNOR>2364</CNOR>
    <CSUD>3864</CSUD>
    <NORD>11935</NORD>
    <SARD>833</SARD>
    <SICI>1658</SICI>
    <SUD>2079</SUD>
  </marketintervaldetail>
  <marketintervaldetail>
    <Data>20150628</Data>
    <Mercato>MGP</Mercato>
    <Ora>09</Ora>
    <Totale>24639</Totale>
    <CNOR>2612</CNOR>
    <CSUD>4264</CSUD>
    <NORD>12689</NORD>
    <SARD>874</SARD>
    <SICI>1868</SICI>
    <SUD>2332</SUD>
  </marketintervaldetail>
  <marketintervaldetail>
    <Data>20150628</Data>
    <Mercato>MGP</Mercato>
    <Ora>10</Ora>
    <Totale>26421</Totale>
    <CNOR>2891</CNOR>
    <CSUD>4631</CSUD>
    <NORD>13525</NORD>
    <SARD>956</SARD>
    <SICI>1956</SICI>
    <SUD>2462</SUD>
  </marketintervaldetail>
  <marketintervaldetail>
    <Data>20150628</Data>
    <Mercato>MGP</Mercato>
    <Ora>11</Ora>
    <Totale>27637</Totale>
    <CNOR>2920</CNOR>
    <CSUD>4792</CSUD>
    <NORD>14294</NORD>
    <SARD>988</SARD>
    <SICI>1984</SICI>
    <SUD>2659</SUD>
  </marketintervaldetail>
  <marketintervaldetail>
    <Data>20150628</Data>
    <Mercato>MGP</Mercato>
    <Ora>12</Ora>
    <Totale>28058</Totale>
    <CNOR>2992</CNOR>
    <CSUD>4939</CSUD>
    <NORD>14530</NORD>
    <SARD>993</SARD>
    <SICI>1970</SICI>
    <SUD>2634</SUD>
  </marketintervaldetail>
  <marketintervaldetail>
    <Data>20150628</Data>
    <Mercato>MGP</Mercato>
    <Ora>13</Ora>
    <Totale>28343</Totale>
    <CNOR>2914</CNOR>
    <CSUD>5020</CSUD>
    <NORD>14675</NORD>
    <SARD>1005</SARD>
    <SICI>1991</SICI>
    <SUD>2738</SUD>
  </marketintervaldetail>
  <marketintervaldetail>
    <Data>20150628</Data>
    <Mercato>MGP</Mercato>
    <Ora>14</Ora>
    <Totale>27346</Totale>
    <CNOR>2835</CNOR>
    <CSUD>4886</CSUD>
    <NORD>14100</NORD>
    <SARD>969</SARD>
    <SICI>1902</SICI>
    <SUD>2654</SUD>
  </marketintervaldetail>
  <marketintervaldetail>
    <Data>20150628</Data>
    <Mercato>MGP</Mercato>
    <Ora>15</Ora>
    <Totale>26868</Totale>
    <CNOR>2763</CNOR>
    <CSUD>4951</CSUD>
    <NORD>13993</NORD>
    <SARD>903</SARD>
    <SICI>1752</SICI>
    <SUD>2506</SUD>
  </marketintervaldetail>
  <marketintervaldetail>
    <Data>20150628</Data>
    <Mercato>MGP</Mercato>
    <Ora>16</Ora>
    <Totale>26762</Totale>
    <CNOR>2885</CNOR>
    <CSUD>4880</CSUD>
    <NORD>13850</NORD>
    <SARD>878</SARD>
    <SICI>1719</SICI>
    <SUD>2550</SUD>
  </marketintervaldetail>
  <marketintervaldetail>
    <Data>20150628</Data>
    <Mercato>MGP</Mercato>
    <Ora>17</Ora>
    <Totale>26897</Totale>
    <CNOR>2972</CNOR>
    <CSUD>4905</CSUD>
    <NORD>13830</NORD>
    <SARD>860</SARD>
    <SICI>1801</SICI>
    <SUD>2529</SUD>
  </marketintervaldetail>
  <marketintervaldetail>
    <Data>20150628</Data>
    <Mercato>MGP</Mercato>
    <Ora>18</Ora>
    <Totale>27629</Totale>
    <CNOR>2887</CNOR>
    <CSUD>5193</CSUD>
    <NORD>14228</NORD>
    <SARD>895</SARD>
    <SICI>1901</SICI>
    <SUD>2525</SUD>
  </marketintervaldetail>
  <marketintervaldetail>
    <Data>20150628</Data>
    <Mercato>MGP</Mercato>
    <Ora>19</Ora>
    <Totale>28690</Totale>
    <CNOR>3021</CNOR>
    <CSUD>5173</CSUD>
    <NORD>14865</NORD>
    <SARD>954</SARD>
    <SICI>2003</SICI>
    <SUD>2674</SUD>
  </marketintervaldetail>
  <marketintervaldetail>
    <Data>20150628</Data>
    <Mercato>MGP</Mercato>
    <Ora>20</Ora>
    <Totale>29795</Totale>
    <CNOR>3233</CNOR>
    <CSUD>5244</CSUD>
    <NORD>15586</NORD>
    <SARD>1003</SARD>
    <SICI>2014</SICI>
    <SUD>2715</SUD>
  </marketintervaldetail>
  <marketintervaldetail>
    <Data>20150628</Data>
    <Mercato>MGP</Mercato>
    <Ora>21</Ora>
    <Totale>30065</Totale>
    <CNOR>3175</CNOR>
    <CSUD>5172</CSUD>
    <NORD>15644</NORD>
    <SARD>1061</SARD>
    <SICI>2082</SICI>
    <SUD>2931</SUD>
  </marketintervaldetail>
  <marketintervaldetail>
    <Data>20150628</Data>
    <Mercato>MGP</Mercato>
    <Ora>22</Ora>
    <Totale>31063</Totale>
    <CNOR>3156</CNOR>
    <CSUD>5531</CSUD>
    <NORD>15960</NORD>
    <SARD>1100</SARD>
    <SICI>2165</SICI>
    <SUD>3151</SUD>
  </marketintervaldetail>
  <marketintervaldetail>
    <Data>20150628</Data>
    <Mercato>MGP</Mercato>
    <Ora>23</Ora>
    <Totale>30674</Totale>
    <CNOR>3073</CNOR>
    <CSUD>5422</CSUD>
    <NORD>16021</NORD>
    <SARD>1068</SARD>
    <SICI>2083</SICI>
    <SUD>3007</SUD>
  </marketintervaldetail>
  <marketintervaldetail>
    <Data>20150628</Data>
    <Mercato>MGP</Mercato>
    <Ora>24</Ora>
    <Totale>28502</Totale>
    <CNOR>2810</CNOR>
    <CSUD>5017</CSUD>
    <NORD>14974</NORD>
    <SARD>995</SARD>
    <SICI>1955</SICI>
    <SUD>2751</SUD>
  </marketintervaldetail>
</NewDataSet>