<?xml version="1.0" standalone="yes"?>
<NewDataSet>
  <xs:schema id="NewDataSet" xmlns="" xmlns:xs="http://www.w3.org/2001/XMLSchema" xmlns:msdata="urn:schemas-microsoft-com:xml-msdata">
    <xs:element name="NewDataSet" msdata:IsDataSet="true" msdata:MainDataTable="marketintervaldetail" msdata:UseCurrentLocale="true">
      <xs:complexType>
        <xs:choice minOccurs="0" maxOccurs="unbounded">
          <xs:element name="marketintervaldetail">
            <xs:complexType>
              <xs:sequence>
                <xs:element name="Data" type="xs:string" minOccurs="0" />
                <xs:element name="Mercato" type="xs:string" minOccurs="0" />
                <xs:element name="Ora" type="xs:string" minOccurs="0" />
                <xs:element name="Totale" type="xs:string" minOccurs="0" />
                <xs:element name="CNOR" type="xs:string" minOccurs="0" />
                <xs:element name="CSUD" type="xs:string" minOccurs="0" />
                <xs:element name="NORD" type="xs:string" minOccurs="0" />
                <xs:element name="SARD" type="xs:string" minOccurs="0" />
                <xs:element name="SICI" type="xs:string" minOccurs="0" />
                <xs:element name="SUD" type="xs:string" minOccurs="0" />
              </xs:sequence>
            </xs:complexType>
          </xs:element>
        </xs:choice>
      </xs:complexType>
    </xs:element>
  </xs:schema>
  <marketintervaldetail>
    <Data>20150619</Data>
    <Mercato>MGP</Mercato>
    <Ora>01</Ora>
    <Totale>30375</Totale>
    <CNOR>3129</CNOR>
    <CSUD>4803</CSUD>
    <NORD>17193</NORD>
    <SARD>917</SARD>
    <SICI>1786</SICI>
    <SUD>2547</SUD>
  </marketintervaldetail>
  <marketintervaldetail>
    <Data>20150619</Data>
    <Mercato>MGP</Mercato>
    <Ora>02</Ora>
    <Totale>28381</Totale>
    <CNOR>2954</CNOR>
    <CSUD>4438</CSUD>
    <NORD>15917</NORD>
    <SARD>859</SARD>
    <SICI>1636</SICI>
    <SUD>2577</SUD>
  </marketintervaldetail>
  <marketintervaldetail>
    <Data>20150619</Data>
    <Mercato>MGP</Mercato>
    <Ora>03</Ora>
    <Totale>27111</Totale>
    <CNOR>2903</CNOR>
    <CSUD>4200</CSUD>
    <NORD>15163</NORD>
    <SARD>834</SARD>
    <SICI>1555</SICI>
    <SUD>2456</SUD>
  </marketintervaldetail>
  <marketintervaldetail>
    <Data>20150619</Data>
    <Mercato>MGP</Mercato>
    <Ora>04</Ora>
    <Totale>26744</Totale>
    <CNOR>2733</CNOR>
    <CSUD>4018</CSUD>
    <NORD>15173</NORD>
    <SARD>824</SARD>
    <SICI>1526</SICI>
    <SUD>2470</SUD>
  </marketintervaldetail>
  <marketintervaldetail>
    <Data>20150619</Data>
    <Mercato>MGP</Mercato>
    <Ora>05</Ora>
    <Totale>26985</Totale>
    <CNOR>2812</CNOR>
    <CSUD>4088</CSUD>
    <NORD>15269</NORD>
    <SARD>825</SARD>
    <SICI>1538</SICI>
    <SUD>2453</SUD>
  </marketintervaldetail>
  <marketintervaldetail>
    <Data>20150619</Data>
    <Mercato>MGP</Mercato>
    <Ora>06</Ora>
    <Totale>27262</Totale>
    <CNOR>2767</CNOR>
    <CSUD>4047</CSUD>
    <NORD>15703</NORD>
    <SARD>838</SARD>
    <SICI>1528</SICI>
    <SUD>2379</SUD>
  </marketintervaldetail>
  <marketintervaldetail>
    <Data>20150619</Data>
    <Mercato>MGP</Mercato>
    <Ora>07</Ora>
    <Totale>29867</Totale>
    <CNOR>3049</CNOR>
    <CSUD>4295</CSUD>
    <NORD>17540</NORD>
    <SARD>867</SARD>
    <SICI>1586</SICI>
    <SUD>2530</SUD>
  </marketintervaldetail>
  <marketintervaldetail>
    <Data>20150619</Data>
    <Mercato>MGP</Mercato>
    <Ora>08</Ora>
    <Totale>34946</Totale>
    <CNOR>3594</CNOR>
    <CSUD>5007</CSUD>
    <NORD>20608</NORD>
    <SARD>961</SARD>
    <SICI>1834</SICI>
    <SUD>2942</SUD>
  </marketintervaldetail>
  <marketintervaldetail>
    <Data>20150619</Data>
    <Mercato>MGP</Mercato>
    <Ora>09</Ora>
    <Totale>39755</Totale>
    <CNOR>4117</CNOR>
    <CSUD>5836</CSUD>
    <NORD>23595</NORD>
    <SARD>1046</SARD>
    <SICI>2088</SICI>
    <SUD>3073</SUD>
  </marketintervaldetail>
  <marketintervaldetail>
    <Data>20150619</Data>
    <Mercato>MGP</Mercato>
    <Ora>10</Ora>
    <Totale>42309</Totale>
    <CNOR>4440</CNOR>
    <CSUD>6420</CSUD>
    <NORD>24878</NORD>
    <SARD>1068</SARD>
    <SICI>2260</SICI>
    <SUD>3243</SUD>
  </marketintervaldetail>
  <marketintervaldetail>
    <Data>20150619</Data>
    <Mercato>MGP</Mercato>
    <Ora>11</Ora>
    <Totale>43218</Totale>
    <CNOR>4600</CNOR>
    <CSUD>6660</CSUD>
    <NORD>25394</NORD>
    <SARD>1076</SARD>
    <SICI>2329</SICI>
    <SUD>3159</SUD>
  </marketintervaldetail>
  <marketintervaldetail>
    <Data>20150619</Data>
    <Mercato>MGP</Mercato>
    <Ora>12</Ora>
    <Totale>43089</Totale>
    <CNOR>4759</CNOR>
    <CSUD>6403</CSUD>
    <NORD>25392</NORD>
    <SARD>1031</SARD>
    <SICI>2300</SICI>
    <SUD>3204</SUD>
  </marketintervaldetail>
  <marketintervaldetail>
    <Data>20150619</Data>
    <Mercato>MGP</Mercato>
    <Ora>13</Ora>
    <Totale>41365</Totale>
    <CNOR>4431</CNOR>
    <CSUD>6150</CSUD>
    <NORD>23905</NORD>
    <SARD>1102</SARD>
    <SICI>2302</SICI>
    <SUD>3475</SUD>
  </marketintervaldetail>
  <marketintervaldetail>
    <Data>20150619</Data>
    <Mercato>MGP</Mercato>
    <Ora>14</Ora>
    <Totale>40688</Totale>
    <CNOR>4177</CNOR>
    <CSUD>6106</CSUD>
    <NORD>23970</NORD>
    <SARD>1087</SARD>
    <SICI>2244</SICI>
    <SUD>3104</SUD>
  </marketintervaldetail>
  <marketintervaldetail>
    <Data>20150619</Data>
    <Mercato>MGP</Mercato>
    <Ora>15</Ora>
    <Totale>42297</Totale>
    <CNOR>4263</CNOR>
    <CSUD>6461</CSUD>
    <NORD>25167</NORD>
    <SARD>1002</SARD>
    <SICI>2135</SICI>
    <SUD>3269</SUD>
  </marketintervaldetail>
  <marketintervaldetail>
    <Data>20150619</Data>
    <Mercato>MGP</Mercato>
    <Ora>16</Ora>
    <Totale>42884</Totale>
    <CNOR>4532</CNOR>
    <CSUD>6534</CSUD>
    <NORD>25516</NORD>
    <SARD>997</SARD>
    <SICI>2091</SICI>
    <SUD>3214</SUD>
  </marketintervaldetail>
  <marketintervaldetail>
    <Data>20150619</Data>
    <Mercato>MGP</Mercato>
    <Ora>17</Ora>
    <Totale>43003</Totale>
    <CNOR>4448</CNOR>
    <CSUD>6356</CSUD>
    <NORD>25684</NORD>
    <SARD>1021</SARD>
    <SICI>2219</SICI>
    <SUD>3275</SUD>
  </marketintervaldetail>
  <marketintervaldetail>
    <Data>20150619</Data>
    <Mercato>MGP</Mercato>
    <Ora>18</Ora>
    <Totale>42396</Totale>
    <CNOR>4311</CNOR>
    <CSUD>6224</CSUD>
    <NORD>25286</NORD>
    <SARD>1039</SARD>
    <SICI>2255</SICI>
    <SUD>3281</SUD>
  </marketintervaldetail>
  <marketintervaldetail>
    <Data>20150619</Data>
    <Mercato>MGP</Mercato>
    <Ora>19</Ora>
    <Totale>40712</Totale>
    <CNOR>4294</CNOR>
    <CSUD>5970</CSUD>
    <NORD>23827</NORD>
    <SARD>1012</SARD>
    <SICI>2262</SICI>
    <SUD>3347</SUD>
  </marketintervaldetail>
  <marketintervaldetail>
    <Data>20150619</Data>
    <Mercato>MGP</Mercato>
    <Ora>20</Ora>
    <Totale>39658</Totale>
    <CNOR>4246</CNOR>
    <CSUD>5968</CSUD>
    <NORD>22829</NORD>
    <SARD>1037</SARD>
    <SICI>2243</SICI>
    <SUD>3335</SUD>
  </marketintervaldetail>
  <marketintervaldetail>
    <Data>20150619</Data>
    <Mercato>MGP</Mercato>
    <Ora>21</Ora>
    <Totale>38486</Totale>
    <CNOR>4192</CNOR>
    <CSUD>5982</CSUD>
    <NORD>21652</NORD>
    <SARD>1087</SARD>
    <SICI>2257</SICI>
    <SUD>3316</SUD>
  </marketintervaldetail>
  <marketintervaldetail>
    <Data>20150619</Data>
    <Mercato>MGP</Mercato>
    <Ora>22</Ora>
    <Totale>38288</Totale>
    <CNOR>4082</CNOR>
    <CSUD>6198</CSUD>
    <NORD>20982</NORD>
    <SARD>1136</SARD>
    <SICI>2269</SICI>
    <SUD>3621</SUD>
  </marketintervaldetail>
  <marketintervaldetail>
    <Data>20150619</Data>
    <Mercato>MGP</Mercato>
    <Ora>23</Ora>
    <Totale>36188</Totale>
    <CNOR>3805</CNOR>
    <CSUD>5877</CSUD>
    <NORD>19913</NORD>
    <SARD>1078</SARD>
    <SICI>2105</SICI>
    <SUD>3410</SUD>
  </marketintervaldetail>
  <marketintervaldetail>
    <Data>20150619</Data>
    <Mercato>MGP</Mercato>
    <Ora>24</Ora>
    <Totale>33314</Totale>
    <CNOR>3555</CNOR>
    <CSUD>5272</CSUD>
    <NORD>18395</NORD>
    <SARD>997</SARD>
    <SICI>1919</SICI>
    <SUD>3176</SUD>
  </marketintervaldetail>
</NewDataSet>