<?xml version="1.0" standalone="yes"?>
<NewDataSet>
  <xs:schema id="NewDataSet" xmlns="" xmlns:xs="http://www.w3.org/2001/XMLSchema" xmlns:msdata="urn:schemas-microsoft-com:xml-msdata">
    <xs:element name="NewDataSet" msdata:IsDataSet="true" msdata:MainDataTable="marketintervaldetail" msdata:UseCurrentLocale="true">
      <xs:complexType>
        <xs:choice minOccurs="0" maxOccurs="unbounded">
          <xs:element name="marketintervaldetail">
            <xs:complexType>
              <xs:sequence>
                <xs:element name="Data" type="xs:string" minOccurs="0" />
                <xs:element name="Mercato" type="xs:string" minOccurs="0" />
                <xs:element name="Ora" type="xs:string" minOccurs="0" />
                <xs:element name="Totale" type="xs:string" minOccurs="0" />
                <xs:element name="CNOR" type="xs:string" minOccurs="0" />
                <xs:element name="CSUD" type="xs:string" minOccurs="0" />
                <xs:element name="NORD" type="xs:string" minOccurs="0" />
                <xs:element name="SARD" type="xs:string" minOccurs="0" />
                <xs:element name="SICI" type="xs:string" minOccurs="0" />
                <xs:element name="SUD" type="xs:string" minOccurs="0" />
              </xs:sequence>
            </xs:complexType>
          </xs:element>
        </xs:choice>
      </xs:complexType>
    </xs:element>
  </xs:schema>
  <marketintervaldetail>
    <Data>20150603</Data>
    <Mercato>MGP</Mercato>
    <Ora>01</Ora>
    <Totale>21685</Totale>
    <CNOR>2392</CNOR>
    <CSUD>3634</CSUD>
    <NORD>11553</NORD>
    <SARD>834</SARD>
    <SICI>1353</SICI>
    <SUD>1919</SUD>
  </marketintervaldetail>
  <marketintervaldetail>
    <Data>20150603</Data>
    <Mercato>MGP</Mercato>
    <Ora>02</Ora>
    <Totale>20494</Totale>
    <CNOR>2244</CNOR>
    <CSUD>3364</CSUD>
    <NORD>11035</NORD>
    <SARD>787</SARD>
    <SICI>1253</SICI>
    <SUD>1811</SUD>
  </marketintervaldetail>
  <marketintervaldetail>
    <Data>20150603</Data>
    <Mercato>MGP</Mercato>
    <Ora>03</Ora>
    <Totale>19824</Totale>
    <CNOR>2116</CNOR>
    <CSUD>3209</CSUD>
    <NORD>10772</NORD>
    <SARD>765</SARD>
    <SICI>1197</SICI>
    <SUD>1765</SUD>
  </marketintervaldetail>
  <marketintervaldetail>
    <Data>20150603</Data>
    <Mercato>MGP</Mercato>
    <Ora>04</Ora>
    <Totale>19704</Totale>
    <CNOR>2133</CNOR>
    <CSUD>3184</CSUD>
    <NORD>10698</NORD>
    <SARD>764</SARD>
    <SICI>1176</SICI>
    <SUD>1749</SUD>
  </marketintervaldetail>
  <marketintervaldetail>
    <Data>20150603</Data>
    <Mercato>MGP</Mercato>
    <Ora>05</Ora>
    <Totale>20186</Totale>
    <CNOR>2212</CNOR>
    <CSUD>3253</CSUD>
    <NORD>11010</NORD>
    <SARD>775</SARD>
    <SICI>1191</SICI>
    <SUD>1745</SUD>
  </marketintervaldetail>
  <marketintervaldetail>
    <Data>20150603</Data>
    <Mercato>MGP</Mercato>
    <Ora>06</Ora>
    <Totale>20816</Totale>
    <CNOR>2269</CNOR>
    <CSUD>3281</CSUD>
    <NORD>11572</NORD>
    <SARD>780</SARD>
    <SICI>1200</SICI>
    <SUD>1714</SUD>
  </marketintervaldetail>
  <marketintervaldetail>
    <Data>20150603</Data>
    <Mercato>MGP</Mercato>
    <Ora>07</Ora>
    <Totale>24617</Totale>
    <CNOR>2611</CNOR>
    <CSUD>3831</CSUD>
    <NORD>14182</NORD>
    <SARD>826</SARD>
    <SICI>1322</SICI>
    <SUD>1845</SUD>
  </marketintervaldetail>
  <marketintervaldetail>
    <Data>20150603</Data>
    <Mercato>MGP</Mercato>
    <Ora>08</Ora>
    <Totale>30771</Totale>
    <CNOR>3226</CNOR>
    <CSUD>4720</CSUD>
    <NORD>18020</NORD>
    <SARD>951</SARD>
    <SICI>1629</SICI>
    <SUD>2225</SUD>
  </marketintervaldetail>
  <marketintervaldetail>
    <Data>20150603</Data>
    <Mercato>MGP</Mercato>
    <Ora>09</Ora>
    <Totale>36040</Totale>
    <CNOR>3799</CNOR>
    <CSUD>5540</CSUD>
    <NORD>21412</NORD>
    <SARD>1021</SARD>
    <SICI>1853</SICI>
    <SUD>2415</SUD>
  </marketintervaldetail>
  <marketintervaldetail>
    <Data>20150603</Data>
    <Mercato>MGP</Mercato>
    <Ora>10</Ora>
    <Totale>37506</Totale>
    <CNOR>4077</CNOR>
    <CSUD>5830</CSUD>
    <NORD>22348</NORD>
    <SARD>1021</SARD>
    <SICI>1913</SICI>
    <SUD>2317</SUD>
  </marketintervaldetail>
  <marketintervaldetail>
    <Data>20150603</Data>
    <Mercato>MGP</Mercato>
    <Ora>11</Ora>
    <Totale>37736</Totale>
    <CNOR>4144</CNOR>
    <CSUD>5933</CSUD>
    <NORD>22502</NORD>
    <SARD>1035</SARD>
    <SICI>1801</SICI>
    <SUD>2321</SUD>
  </marketintervaldetail>
  <marketintervaldetail>
    <Data>20150603</Data>
    <Mercato>MGP</Mercato>
    <Ora>12</Ora>
    <Totale>37783</Totale>
    <CNOR>4099</CNOR>
    <CSUD>5925</CSUD>
    <NORD>22558</NORD>
    <SARD>1045</SARD>
    <SICI>1757</SICI>
    <SUD>2399</SUD>
  </marketintervaldetail>
  <marketintervaldetail>
    <Data>20150603</Data>
    <Mercato>MGP</Mercato>
    <Ora>13</Ora>
    <Totale>36780</Totale>
    <CNOR>3998</CNOR>
    <CSUD>6028</CSUD>
    <NORD>21352</NORD>
    <SARD>1035</SARD>
    <SICI>1803</SICI>
    <SUD>2564</SUD>
  </marketintervaldetail>
  <marketintervaldetail>
    <Data>20150603</Data>
    <Mercato>MGP</Mercato>
    <Ora>14</Ora>
    <Totale>37034</Totale>
    <CNOR>3937</CNOR>
    <CSUD>5896</CSUD>
    <NORD>22057</NORD>
    <SARD>1002</SARD>
    <SICI>1747</SICI>
    <SUD>2395</SUD>
  </marketintervaldetail>
  <marketintervaldetail>
    <Data>20150603</Data>
    <Mercato>MGP</Mercato>
    <Ora>15</Ora>
    <Totale>37932</Totale>
    <CNOR>3952</CNOR>
    <CSUD>6032</CSUD>
    <NORD>22872</NORD>
    <SARD>940</SARD>
    <SICI>1756</SICI>
    <SUD>2380</SUD>
  </marketintervaldetail>
  <marketintervaldetail>
    <Data>20150603</Data>
    <Mercato>MGP</Mercato>
    <Ora>16</Ora>
    <Totale>38405</Totale>
    <CNOR>4139</CNOR>
    <CSUD>6152</CSUD>
    <NORD>22980</NORD>
    <SARD>942</SARD>
    <SICI>1836</SICI>
    <SUD>2356</SUD>
  </marketintervaldetail>
  <marketintervaldetail>
    <Data>20150603</Data>
    <Mercato>MGP</Mercato>
    <Ora>17</Ora>
    <Totale>38172</Totale>
    <CNOR>4090</CNOR>
    <CSUD>6114</CSUD>
    <NORD>22781</NORD>
    <SARD>975</SARD>
    <SICI>1871</SICI>
    <SUD>2341</SUD>
  </marketintervaldetail>
  <marketintervaldetail>
    <Data>20150603</Data>
    <Mercato>MGP</Mercato>
    <Ora>18</Ora>
    <Totale>37135</Totale>
    <CNOR>4023</CNOR>
    <CSUD>5975</CSUD>
    <NORD>21831</NORD>
    <SARD>1016</SARD>
    <SICI>1935</SICI>
    <SUD>2355</SUD>
  </marketintervaldetail>
  <marketintervaldetail>
    <Data>20150603</Data>
    <Mercato>MGP</Mercato>
    <Ora>19</Ora>
    <Totale>36116</Totale>
    <CNOR>3929</CNOR>
    <CSUD>5847</CSUD>
    <NORD>20924</NORD>
    <SARD>1028</SARD>
    <SICI>1944</SICI>
    <SUD>2444</SUD>
  </marketintervaldetail>
  <marketintervaldetail>
    <Data>20150603</Data>
    <Mercato>MGP</Mercato>
    <Ora>20</Ora>
    <Totale>36063</Totale>
    <CNOR>3933</CNOR>
    <CSUD>5938</CSUD>
    <NORD>20611</NORD>
    <SARD>1055</SARD>
    <SICI>1980</SICI>
    <SUD>2546</SUD>
  </marketintervaldetail>
  <marketintervaldetail>
    <Data>20150603</Data>
    <Mercato>MGP</Mercato>
    <Ora>21</Ora>
    <Totale>36070</Totale>
    <CNOR>3879</CNOR>
    <CSUD>6100</CSUD>
    <NORD>20130</NORD>
    <SARD>1092</SARD>
    <SICI>2067</SICI>
    <SUD>2802</SUD>
  </marketintervaldetail>
  <marketintervaldetail>
    <Data>20150603</Data>
    <Mercato>MGP</Mercato>
    <Ora>22</Ora>
    <Totale>36734</Totale>
    <CNOR>3987</CNOR>
    <CSUD>6202</CSUD>
    <NORD>20529</NORD>
    <SARD>1111</SARD>
    <SICI>2046</SICI>
    <SUD>2859</SUD>
  </marketintervaldetail>
  <marketintervaldetail>
    <Data>20150603</Data>
    <Mercato>MGP</Mercato>
    <Ora>23</Ora>
    <Totale>34020</Totale>
    <CNOR>3666</CNOR>
    <CSUD>5707</CSUD>
    <NORD>19232</NORD>
    <SARD>1046</SARD>
    <SICI>1874</SICI>
    <SUD>2495</SUD>
  </marketintervaldetail>
  <marketintervaldetail>
    <Data>20150603</Data>
    <Mercato>MGP</Mercato>
    <Ora>24</Ora>
    <Totale>30847</Totale>
    <CNOR>3270</CNOR>
    <CSUD>5135</CSUD>
    <NORD>17539</NORD>
    <SARD>978</SARD>
    <SICI>1684</SICI>
    <SUD>2241</SUD>
  </marketintervaldetail>
</NewDataSet>