<?xml version="1.0" standalone="yes"?>
<NewDataSet>
  <xs:schema id="NewDataSet" xmlns="" xmlns:xs="http://www.w3.org/2001/XMLSchema" xmlns:msdata="urn:schemas-microsoft-com:xml-msdata">
    <xs:element name="NewDataSet" msdata:IsDataSet="true" msdata:MainDataTable="marketintervaldetail" msdata:UseCurrentLocale="true">
      <xs:complexType>
        <xs:choice minOccurs="0" maxOccurs="unbounded">
          <xs:element name="marketintervaldetail">
            <xs:complexType>
              <xs:sequence>
                <xs:element name="Data" type="xs:string" minOccurs="0" />
                <xs:element name="Mercato" type="xs:string" minOccurs="0" />
                <xs:element name="Ora" type="xs:string" minOccurs="0" />
                <xs:element name="Totale" type="xs:string" minOccurs="0" />
                <xs:element name="CNOR" type="xs:string" minOccurs="0" />
                <xs:element name="CSUD" type="xs:string" minOccurs="0" />
                <xs:element name="NORD" type="xs:string" minOccurs="0" />
                <xs:element name="SARD" type="xs:string" minOccurs="0" />
                <xs:element name="SICI" type="xs:string" minOccurs="0" />
                <xs:element name="SUD" type="xs:string" minOccurs="0" />
              </xs:sequence>
            </xs:complexType>
          </xs:element>
        </xs:choice>
      </xs:complexType>
    </xs:element>
  </xs:schema>
  <marketintervaldetail>
    <Data>20150612</Data>
    <Mercato>MGP</Mercato>
    <Ora>01</Ora>
    <Totale>30840</Totale>
    <CNOR>3357</CNOR>
    <CSUD>4375</CSUD>
    <NORD>17847</NORD>
    <SARD>925</SARD>
    <SICI>1729</SICI>
    <SUD>2607</SUD>
  </marketintervaldetail>
  <marketintervaldetail>
    <Data>20150612</Data>
    <Mercato>MGP</Mercato>
    <Ora>02</Ora>
    <Totale>28990</Totale>
    <CNOR>3101</CNOR>
    <CSUD>4103</CSUD>
    <NORD>16946</NORD>
    <SARD>861</SARD>
    <SICI>1620</SICI>
    <SUD>2359</SUD>
  </marketintervaldetail>
  <marketintervaldetail>
    <Data>20150612</Data>
    <Mercato>MGP</Mercato>
    <Ora>03</Ora>
    <Totale>28082</Totale>
    <CNOR>2995</CNOR>
    <CSUD>3943</CSUD>
    <NORD>16569</NORD>
    <SARD>835</SARD>
    <SICI>1502</SICI>
    <SUD>2238</SUD>
  </marketintervaldetail>
  <marketintervaldetail>
    <Data>20150612</Data>
    <Mercato>MGP</Mercato>
    <Ora>04</Ora>
    <Totale>27600</Totale>
    <CNOR>2927</CNOR>
    <CSUD>3870</CSUD>
    <NORD>16370</NORD>
    <SARD>820</SARD>
    <SICI>1463</SICI>
    <SUD>2150</SUD>
  </marketintervaldetail>
  <marketintervaldetail>
    <Data>20150612</Data>
    <Mercato>MGP</Mercato>
    <Ora>05</Ora>
    <Totale>27631</Totale>
    <CNOR>2948</CNOR>
    <CSUD>3859</CSUD>
    <NORD>16343</NORD>
    <SARD>829</SARD>
    <SICI>1462</SICI>
    <SUD>2190</SUD>
  </marketintervaldetail>
  <marketintervaldetail>
    <Data>20150612</Data>
    <Mercato>MGP</Mercato>
    <Ora>06</Ora>
    <Totale>27636</Totale>
    <CNOR>2885</CNOR>
    <CSUD>3855</CSUD>
    <NORD>16433</NORD>
    <SARD>852</SARD>
    <SICI>1498</SICI>
    <SUD>2113</SUD>
  </marketintervaldetail>
  <marketintervaldetail>
    <Data>20150612</Data>
    <Mercato>MGP</Mercato>
    <Ora>07</Ora>
    <Totale>30530</Totale>
    <CNOR>3174</CNOR>
    <CSUD>4285</CSUD>
    <NORD>18353</NORD>
    <SARD>906</SARD>
    <SICI>1572</SICI>
    <SUD>2240</SUD>
  </marketintervaldetail>
  <marketintervaldetail>
    <Data>20150612</Data>
    <Mercato>MGP</Mercato>
    <Ora>08</Ora>
    <Totale>36404</Totale>
    <CNOR>3822</CNOR>
    <CSUD>5128</CSUD>
    <NORD>21784</NORD>
    <SARD>1036</SARD>
    <SICI>1891</SICI>
    <SUD>2743</SUD>
  </marketintervaldetail>
  <marketintervaldetail>
    <Data>20150612</Data>
    <Mercato>MGP</Mercato>
    <Ora>09</Ora>
    <Totale>41400</Totale>
    <CNOR>4329</CNOR>
    <CSUD>5955</CSUD>
    <NORD>24654</NORD>
    <SARD>1124</SARD>
    <SICI>2151</SICI>
    <SUD>3187</SUD>
  </marketintervaldetail>
  <marketintervaldetail>
    <Data>20150612</Data>
    <Mercato>MGP</Mercato>
    <Ora>10</Ora>
    <Totale>44075</Totale>
    <CNOR>4752</CNOR>
    <CSUD>6256</CSUD>
    <NORD>26047</NORD>
    <SARD>1183</SARD>
    <SICI>2304</SICI>
    <SUD>3533</SUD>
  </marketintervaldetail>
  <marketintervaldetail>
    <Data>20150612</Data>
    <Mercato>MGP</Mercato>
    <Ora>11</Ora>
    <Totale>44531</Totale>
    <CNOR>4771</CNOR>
    <CSUD>6252</CSUD>
    <NORD>26645</NORD>
    <SARD>1162</SARD>
    <SICI>2316</SICI>
    <SUD>3385</SUD>
  </marketintervaldetail>
  <marketintervaldetail>
    <Data>20150612</Data>
    <Mercato>MGP</Mercato>
    <Ora>12</Ora>
    <Totale>44995</Totale>
    <CNOR>4618</CNOR>
    <CSUD>6192</CSUD>
    <NORD>27100</NORD>
    <SARD>1157</SARD>
    <SICI>2302</SICI>
    <SUD>3626</SUD>
  </marketintervaldetail>
  <marketintervaldetail>
    <Data>20150612</Data>
    <Mercato>MGP</Mercato>
    <Ora>13</Ora>
    <Totale>43221</Totale>
    <CNOR>4282</CNOR>
    <CSUD>6172</CSUD>
    <NORD>25462</NORD>
    <SARD>1137</SARD>
    <SICI>2509</SICI>
    <SUD>3659</SUD>
  </marketintervaldetail>
  <marketintervaldetail>
    <Data>20150612</Data>
    <Mercato>MGP</Mercato>
    <Ora>14</Ora>
    <Totale>42630</Totale>
    <CNOR>4105</CNOR>
    <CSUD>5984</CSUD>
    <NORD>25740</NORD>
    <SARD>1113</SARD>
    <SICI>2468</SICI>
    <SUD>3220</SUD>
  </marketintervaldetail>
  <marketintervaldetail>
    <Data>20150612</Data>
    <Mercato>MGP</Mercato>
    <Ora>15</Ora>
    <Totale>43549</Totale>
    <CNOR>4103</CNOR>
    <CSUD>6026</CSUD>
    <NORD>26586</NORD>
    <SARD>1045</SARD>
    <SICI>2517</SICI>
    <SUD>3272</SUD>
  </marketintervaldetail>
  <marketintervaldetail>
    <Data>20150612</Data>
    <Mercato>MGP</Mercato>
    <Ora>16</Ora>
    <Totale>44208</Totale>
    <CNOR>4261</CNOR>
    <CSUD>6277</CSUD>
    <NORD>26630</NORD>
    <SARD>1019</SARD>
    <SICI>2655</SICI>
    <SUD>3366</SUD>
  </marketintervaldetail>
  <marketintervaldetail>
    <Data>20150612</Data>
    <Mercato>MGP</Mercato>
    <Ora>17</Ora>
    <Totale>44474</Totale>
    <CNOR>4428</CNOR>
    <CSUD>6483</CSUD>
    <NORD>26171</NORD>
    <SARD>1082</SARD>
    <SICI>2673</SICI>
    <SUD>3637</SUD>
  </marketintervaldetail>
  <marketintervaldetail>
    <Data>20150612</Data>
    <Mercato>MGP</Mercato>
    <Ora>18</Ora>
    <Totale>42947</Totale>
    <CNOR>4322</CNOR>
    <CSUD>6220</CSUD>
    <NORD>24971</NORD>
    <SARD>1153</SARD>
    <SICI>2643</SICI>
    <SUD>3638</SUD>
  </marketintervaldetail>
  <marketintervaldetail>
    <Data>20150612</Data>
    <Mercato>MGP</Mercato>
    <Ora>19</Ora>
    <Totale>41422</Totale>
    <CNOR>4020</CNOR>
    <CSUD>6090</CSUD>
    <NORD>24169</NORD>
    <SARD>1172</SARD>
    <SICI>2495</SICI>
    <SUD>3476</SUD>
  </marketintervaldetail>
  <marketintervaldetail>
    <Data>20150612</Data>
    <Mercato>MGP</Mercato>
    <Ora>20</Ora>
    <Totale>40197</Totale>
    <CNOR>3847</CNOR>
    <CSUD>5891</CSUD>
    <NORD>23300</NORD>
    <SARD>1197</SARD>
    <SICI>2430</SICI>
    <SUD>3532</SUD>
  </marketintervaldetail>
  <marketintervaldetail>
    <Data>20150612</Data>
    <Mercato>MGP</Mercato>
    <Ora>21</Ora>
    <Totale>38415</Totale>
    <CNOR>3565</CNOR>
    <CSUD>5784</CSUD>
    <NORD>21899</NORD>
    <SARD>1142</SARD>
    <SICI>2432</SICI>
    <SUD>3593</SUD>
  </marketintervaldetail>
  <marketintervaldetail>
    <Data>20150612</Data>
    <Mercato>MGP</Mercato>
    <Ora>22</Ora>
    <Totale>38318</Totale>
    <CNOR>3798</CNOR>
    <CSUD>5893</CSUD>
    <NORD>21453</NORD>
    <SARD>1158</SARD>
    <SICI>2537</SICI>
    <SUD>3479</SUD>
  </marketintervaldetail>
  <marketintervaldetail>
    <Data>20150612</Data>
    <Mercato>MGP</Mercato>
    <Ora>23</Ora>
    <Totale>36171</Totale>
    <CNOR>3530</CNOR>
    <CSUD>5450</CSUD>
    <NORD>20418</NORD>
    <SARD>1100</SARD>
    <SICI>2428</SICI>
    <SUD>3245</SUD>
  </marketintervaldetail>
  <marketintervaldetail>
    <Data>20150612</Data>
    <Mercato>MGP</Mercato>
    <Ora>24</Ora>
    <Totale>33544</Totale>
    <CNOR>3231</CNOR>
    <CSUD>4948</CSUD>
    <NORD>19091</NORD>
    <SARD>1029</SARD>
    <SICI>2257</SICI>
    <SUD>2988</SUD>
  </marketintervaldetail>
</NewDataSet>