<?xml version="1.0" standalone="yes"?>
<NewDataSet>
  <xs:schema id="NewDataSet" xmlns="" xmlns:xs="http://www.w3.org/2001/XMLSchema" xmlns:msdata="urn:schemas-microsoft-com:xml-msdata">
    <xs:element name="NewDataSet" msdata:IsDataSet="true" msdata:MainDataTable="marketintervaldetail" msdata:UseCurrentLocale="true">
      <xs:complexType>
        <xs:choice minOccurs="0" maxOccurs="unbounded">
          <xs:element name="marketintervaldetail">
            <xs:complexType>
              <xs:sequence>
                <xs:element name="Data" type="xs:string" minOccurs="0" />
                <xs:element name="Mercato" type="xs:string" minOccurs="0" />
                <xs:element name="Ora" type="xs:string" minOccurs="0" />
                <xs:element name="Totale" type="xs:string" minOccurs="0" />
                <xs:element name="CNOR" type="xs:string" minOccurs="0" />
                <xs:element name="CSUD" type="xs:string" minOccurs="0" />
                <xs:element name="NORD" type="xs:string" minOccurs="0" />
                <xs:element name="SARD" type="xs:string" minOccurs="0" />
                <xs:element name="SICI" type="xs:string" minOccurs="0" />
                <xs:element name="SUD" type="xs:string" minOccurs="0" />
              </xs:sequence>
            </xs:complexType>
          </xs:element>
        </xs:choice>
      </xs:complexType>
    </xs:element>
  </xs:schema>
  <marketintervaldetail>
    <Data>20150621</Data>
    <Mercato>MGP</Mercato>
    <Ora>01</Ora>
    <Totale>27039</Totale>
    <CNOR>2550</CNOR>
    <CSUD>4188</CSUD>
    <NORD>14758</NORD>
    <SARD>959</SARD>
    <SICI>1792</SICI>
    <SUD>2792</SUD>
  </marketintervaldetail>
  <marketintervaldetail>
    <Data>20150621</Data>
    <Mercato>MGP</Mercato>
    <Ora>02</Ora>
    <Totale>25440</Totale>
    <CNOR>2420</CNOR>
    <CSUD>3943</CSUD>
    <NORD>13880</NORD>
    <SARD>918</SARD>
    <SICI>1665</SICI>
    <SUD>2614</SUD>
  </marketintervaldetail>
  <marketintervaldetail>
    <Data>20150621</Data>
    <Mercato>MGP</Mercato>
    <Ora>03</Ora>
    <Totale>24286</Totale>
    <CNOR>2319</CNOR>
    <CSUD>3773</CSUD>
    <NORD>13295</NORD>
    <SARD>877</SARD>
    <SICI>1585</SICI>
    <SUD>2437</SUD>
  </marketintervaldetail>
  <marketintervaldetail>
    <Data>20150621</Data>
    <Mercato>MGP</Mercato>
    <Ora>04</Ora>
    <Totale>23679</Totale>
    <CNOR>2373</CNOR>
    <CSUD>3549</CSUD>
    <NORD>13006</NORD>
    <SARD>859</SARD>
    <SICI>1528</SICI>
    <SUD>2364</SUD>
  </marketintervaldetail>
  <marketintervaldetail>
    <Data>20150621</Data>
    <Mercato>MGP</Mercato>
    <Ora>05</Ora>
    <Totale>23372</Totale>
    <CNOR>2332</CNOR>
    <CSUD>3464</CSUD>
    <NORD>12817</NORD>
    <SARD>856</SARD>
    <SICI>1506</SICI>
    <SUD>2397</SUD>
  </marketintervaldetail>
  <marketintervaldetail>
    <Data>20150621</Data>
    <Mercato>MGP</Mercato>
    <Ora>06</Ora>
    <Totale>22764</Totale>
    <CNOR>2252</CNOR>
    <CSUD>3385</CSUD>
    <NORD>12412</NORD>
    <SARD>845</SARD>
    <SICI>1463</SICI>
    <SUD>2407</SUD>
  </marketintervaldetail>
  <marketintervaldetail>
    <Data>20150621</Data>
    <Mercato>MGP</Mercato>
    <Ora>07</Ora>
    <Totale>22289</Totale>
    <CNOR>2187</CNOR>
    <CSUD>3357</CSUD>
    <NORD>12161</NORD>
    <SARD>821</SARD>
    <SICI>1414</SICI>
    <SUD>2349</SUD>
  </marketintervaldetail>
  <marketintervaldetail>
    <Data>20150621</Data>
    <Mercato>MGP</Mercato>
    <Ora>08</Ora>
    <Totale>23861</Totale>
    <CNOR>2391</CNOR>
    <CSUD>3623</CSUD>
    <NORD>12860</NORD>
    <SARD>849</SARD>
    <SICI>1521</SICI>
    <SUD>2617</SUD>
  </marketintervaldetail>
  <marketintervaldetail>
    <Data>20150621</Data>
    <Mercato>MGP</Mercato>
    <Ora>09</Ora>
    <Totale>25610</Totale>
    <CNOR>2594</CNOR>
    <CSUD>3974</CSUD>
    <NORD>13570</NORD>
    <SARD>898</SARD>
    <SICI>1698</SICI>
    <SUD>2876</SUD>
  </marketintervaldetail>
  <marketintervaldetail>
    <Data>20150621</Data>
    <Mercato>MGP</Mercato>
    <Ora>10</Ora>
    <Totale>27213</Totale>
    <CNOR>2731</CNOR>
    <CSUD>4326</CSUD>
    <NORD>14356</NORD>
    <SARD>934</SARD>
    <SICI>1814</SICI>
    <SUD>3052</SUD>
  </marketintervaldetail>
  <marketintervaldetail>
    <Data>20150621</Data>
    <Mercato>MGP</Mercato>
    <Ora>11</Ora>
    <Totale>28499</Totale>
    <CNOR>2979</CNOR>
    <CSUD>4463</CSUD>
    <NORD>15034</NORD>
    <SARD>943</SARD>
    <SICI>1879</SICI>
    <SUD>3201</SUD>
  </marketintervaldetail>
  <marketintervaldetail>
    <Data>20150621</Data>
    <Mercato>MGP</Mercato>
    <Ora>12</Ora>
    <Totale>28892</Totale>
    <CNOR>3018</CNOR>
    <CSUD>4594</CSUD>
    <NORD>15229</NORD>
    <SARD>949</SARD>
    <SICI>1952</SICI>
    <SUD>3150</SUD>
  </marketintervaldetail>
  <marketintervaldetail>
    <Data>20150621</Data>
    <Mercato>MGP</Mercato>
    <Ora>13</Ora>
    <Totale>28632</Totale>
    <CNOR>2820</CNOR>
    <CSUD>4603</CSUD>
    <NORD>15331</NORD>
    <SARD>935</SARD>
    <SICI>1973</SICI>
    <SUD>2970</SUD>
  </marketintervaldetail>
  <marketintervaldetail>
    <Data>20150621</Data>
    <Mercato>MGP</Mercato>
    <Ora>14</Ora>
    <Totale>26875</Totale>
    <CNOR>2612</CNOR>
    <CSUD>4468</CSUD>
    <NORD>14077</NORD>
    <SARD>899</SARD>
    <SICI>1873</SICI>
    <SUD>2946</SUD>
  </marketintervaldetail>
  <marketintervaldetail>
    <Data>20150621</Data>
    <Mercato>MGP</Mercato>
    <Ora>15</Ora>
    <Totale>26674</Totale>
    <CNOR>2704</CNOR>
    <CSUD>4286</CSUD>
    <NORD>13931</NORD>
    <SARD>869</SARD>
    <SICI>1838</SICI>
    <SUD>3046</SUD>
  </marketintervaldetail>
  <marketintervaldetail>
    <Data>20150621</Data>
    <Mercato>MGP</Mercato>
    <Ora>16</Ora>
    <Totale>26505</Totale>
    <CNOR>3035</CNOR>
    <CSUD>4312</CSUD>
    <NORD>13505</NORD>
    <SARD>845</SARD>
    <SICI>1823</SICI>
    <SUD>2985</SUD>
  </marketintervaldetail>
  <marketintervaldetail>
    <Data>20150621</Data>
    <Mercato>MGP</Mercato>
    <Ora>17</Ora>
    <Totale>26538</Totale>
    <CNOR>3172</CNOR>
    <CSUD>4220</CSUD>
    <NORD>13398</NORD>
    <SARD>879</SARD>
    <SICI>1881</SICI>
    <SUD>2988</SUD>
  </marketintervaldetail>
  <marketintervaldetail>
    <Data>20150621</Data>
    <Mercato>MGP</Mercato>
    <Ora>18</Ora>
    <Totale>26838</Totale>
    <CNOR>3187</CNOR>
    <CSUD>4175</CSUD>
    <NORD>13453</NORD>
    <SARD>916</SARD>
    <SICI>1973</SICI>
    <SUD>3134</SUD>
  </marketintervaldetail>
  <marketintervaldetail>
    <Data>20150621</Data>
    <Mercato>MGP</Mercato>
    <Ora>19</Ora>
    <Totale>27304</Totale>
    <CNOR>3055</CNOR>
    <CSUD>4255</CSUD>
    <NORD>13826</NORD>
    <SARD>977</SARD>
    <SICI>2017</SICI>
    <SUD>3174</SUD>
  </marketintervaldetail>
  <marketintervaldetail>
    <Data>20150621</Data>
    <Mercato>MGP</Mercato>
    <Ora>20</Ora>
    <Totale>27868</Totale>
    <CNOR>3001</CNOR>
    <CSUD>4323</CSUD>
    <NORD>14429</NORD>
    <SARD>1007</SARD>
    <SICI>1988</SICI>
    <SUD>3120</SUD>
  </marketintervaldetail>
  <marketintervaldetail>
    <Data>20150621</Data>
    <Mercato>MGP</Mercato>
    <Ora>21</Ora>
    <Totale>28518</Totale>
    <CNOR>3006</CNOR>
    <CSUD>4549</CSUD>
    <NORD>14662</NORD>
    <SARD>1055</SARD>
    <SICI>2030</SICI>
    <SUD>3216</SUD>
  </marketintervaldetail>
  <marketintervaldetail>
    <Data>20150621</Data>
    <Mercato>MGP</Mercato>
    <Ora>22</Ora>
    <Totale>30002</Totale>
    <CNOR>3084</CNOR>
    <CSUD>4723</CSUD>
    <NORD>15579</NORD>
    <SARD>1074</SARD>
    <SICI>2148</SICI>
    <SUD>3394</SUD>
  </marketintervaldetail>
  <marketintervaldetail>
    <Data>20150621</Data>
    <Mercato>MGP</Mercato>
    <Ora>23</Ora>
    <Totale>29306</Totale>
    <CNOR>2992</CNOR>
    <CSUD>4552</CSUD>
    <NORD>15474</NORD>
    <SARD>1017</SARD>
    <SICI>2025</SICI>
    <SUD>3246</SUD>
  </marketintervaldetail>
  <marketintervaldetail>
    <Data>20150621</Data>
    <Mercato>MGP</Mercato>
    <Ora>24</Ora>
    <Totale>27158</Totale>
    <CNOR>2672</CNOR>
    <CSUD>4233</CSUD>
    <NORD>14438</NORD>
    <SARD>948</SARD>
    <SICI>1886</SICI>
    <SUD>2981</SUD>
  </marketintervaldetail>
</NewDataSet>