<?xml version="1.0" standalone="yes"?>
<NewDataSet>
  <xs:schema id="NewDataSet" xmlns="" xmlns:xs="http://www.w3.org/2001/XMLSchema" xmlns:msdata="urn:schemas-microsoft-com:xml-msdata">
    <xs:element name="NewDataSet" msdata:IsDataSet="true" msdata:MainDataTable="marketintervaldetail" msdata:UseCurrentLocale="true">
      <xs:complexType>
        <xs:choice minOccurs="0" maxOccurs="unbounded">
          <xs:element name="marketintervaldetail">
            <xs:complexType>
              <xs:sequence>
                <xs:element name="Data" type="xs:string" minOccurs="0" />
                <xs:element name="Mercato" type="xs:string" minOccurs="0" />
                <xs:element name="Ora" type="xs:string" minOccurs="0" />
                <xs:element name="Totale" type="xs:string" minOccurs="0" />
                <xs:element name="CNOR" type="xs:string" minOccurs="0" />
                <xs:element name="CSUD" type="xs:string" minOccurs="0" />
                <xs:element name="NORD" type="xs:string" minOccurs="0" />
                <xs:element name="SARD" type="xs:string" minOccurs="0" />
                <xs:element name="SICI" type="xs:string" minOccurs="0" />
                <xs:element name="SUD" type="xs:string" minOccurs="0" />
              </xs:sequence>
            </xs:complexType>
          </xs:element>
        </xs:choice>
      </xs:complexType>
    </xs:element>
  </xs:schema>
  <marketintervaldetail>
    <Data>20150605</Data>
    <Mercato>MGP</Mercato>
    <Ora>01</Ora>
    <Totale>24609</Totale>
    <CNOR>2577</CNOR>
    <CSUD>4408</CSUD>
    <NORD>12958</NORD>
    <SARD>867</SARD>
    <SICI>1520</SICI>
    <SUD>2279</SUD>
  </marketintervaldetail>
  <marketintervaldetail>
    <Data>20150605</Data>
    <Mercato>MGP</Mercato>
    <Ora>02</Ora>
    <Totale>22778</Totale>
    <CNOR>2331</CNOR>
    <CSUD>4069</CSUD>
    <NORD>12082</NORD>
    <SARD>815</SARD>
    <SICI>1372</SICI>
    <SUD>2109</SUD>
  </marketintervaldetail>
  <marketintervaldetail>
    <Data>20150605</Data>
    <Mercato>MGP</Mercato>
    <Ora>03</Ora>
    <Totale>21883</Totale>
    <CNOR>2256</CNOR>
    <CSUD>3851</CSUD>
    <NORD>11654</NORD>
    <SARD>797</SARD>
    <SICI>1308</SICI>
    <SUD>2017</SUD>
  </marketintervaldetail>
  <marketintervaldetail>
    <Data>20150605</Data>
    <Mercato>MGP</Mercato>
    <Ora>04</Ora>
    <Totale>21643</Totale>
    <CNOR>2187</CNOR>
    <CSUD>3747</CSUD>
    <NORD>11639</NORD>
    <SARD>789</SARD>
    <SICI>1279</SICI>
    <SUD>2002</SUD>
  </marketintervaldetail>
  <marketintervaldetail>
    <Data>20150605</Data>
    <Mercato>MGP</Mercato>
    <Ora>05</Ora>
    <Totale>21821</Totale>
    <CNOR>2166</CNOR>
    <CSUD>3757</CSUD>
    <NORD>11829</NORD>
    <SARD>790</SARD>
    <SICI>1291</SICI>
    <SUD>1988</SUD>
  </marketintervaldetail>
  <marketintervaldetail>
    <Data>20150605</Data>
    <Mercato>MGP</Mercato>
    <Ora>06</Ora>
    <Totale>22592</Totale>
    <CNOR>2243</CNOR>
    <CSUD>3776</CSUD>
    <NORD>12532</NORD>
    <SARD>805</SARD>
    <SICI>1305</SICI>
    <SUD>1931</SUD>
  </marketintervaldetail>
  <marketintervaldetail>
    <Data>20150605</Data>
    <Mercato>MGP</Mercato>
    <Ora>07</Ora>
    <Totale>26606</Totale>
    <CNOR>2635</CNOR>
    <CSUD>4256</CSUD>
    <NORD>15274</NORD>
    <SARD>833</SARD>
    <SICI>1415</SICI>
    <SUD>2193</SUD>
  </marketintervaldetail>
  <marketintervaldetail>
    <Data>20150605</Data>
    <Mercato>MGP</Mercato>
    <Ora>08</Ora>
    <Totale>32303</Totale>
    <CNOR>3238</CNOR>
    <CSUD>5092</CSUD>
    <NORD>18660</NORD>
    <SARD>928</SARD>
    <SICI>1764</SICI>
    <SUD>2621</SUD>
  </marketintervaldetail>
  <marketintervaldetail>
    <Data>20150605</Data>
    <Mercato>MGP</Mercato>
    <Ora>09</Ora>
    <Totale>37565</Totale>
    <CNOR>3797</CNOR>
    <CSUD>5913</CSUD>
    <NORD>21936</NORD>
    <SARD>990</SARD>
    <SICI>1983</SICI>
    <SUD>2946</SUD>
  </marketintervaldetail>
  <marketintervaldetail>
    <Data>20150605</Data>
    <Mercato>MGP</Mercato>
    <Ora>10</Ora>
    <Totale>40120</Totale>
    <CNOR>4114</CNOR>
    <CSUD>6466</CSUD>
    <NORD>23440</NORD>
    <SARD>1005</SARD>
    <SICI>2050</SICI>
    <SUD>3045</SUD>
  </marketintervaldetail>
  <marketintervaldetail>
    <Data>20150605</Data>
    <Mercato>MGP</Mercato>
    <Ora>11</Ora>
    <Totale>40841</Totale>
    <CNOR>4185</CNOR>
    <CSUD>6629</CSUD>
    <NORD>23849</NORD>
    <SARD>1012</SARD>
    <SICI>2054</SICI>
    <SUD>3112</SUD>
  </marketintervaldetail>
  <marketintervaldetail>
    <Data>20150605</Data>
    <Mercato>MGP</Mercato>
    <Ora>12</Ora>
    <Totale>40871</Totale>
    <CNOR>4115</CNOR>
    <CSUD>6557</CSUD>
    <NORD>23838</NORD>
    <SARD>1002</SARD>
    <SICI>2035</SICI>
    <SUD>3324</SUD>
  </marketintervaldetail>
  <marketintervaldetail>
    <Data>20150605</Data>
    <Mercato>MGP</Mercato>
    <Ora>13</Ora>
    <Totale>39371</Totale>
    <CNOR>3945</CNOR>
    <CSUD>6691</CSUD>
    <NORD>22433</NORD>
    <SARD>1010</SARD>
    <SICI>2061</SICI>
    <SUD>3231</SUD>
  </marketintervaldetail>
  <marketintervaldetail>
    <Data>20150605</Data>
    <Mercato>MGP</Mercato>
    <Ora>14</Ora>
    <Totale>39588</Totale>
    <CNOR>3847</CNOR>
    <CSUD>6657</CSUD>
    <NORD>23118</NORD>
    <SARD>976</SARD>
    <SICI>2012</SICI>
    <SUD>2978</SUD>
  </marketintervaldetail>
  <marketintervaldetail>
    <Data>20150605</Data>
    <Mercato>MGP</Mercato>
    <Ora>15</Ora>
    <Totale>41891</Totale>
    <CNOR>3925</CNOR>
    <CSUD>6221</CSUD>
    <NORD>25977</NORD>
    <SARD>898</SARD>
    <SICI>2055</SICI>
    <SUD>2815</SUD>
  </marketintervaldetail>
  <marketintervaldetail>
    <Data>20150605</Data>
    <Mercato>MGP</Mercato>
    <Ora>16</Ora>
    <Totale>43289</Totale>
    <CNOR>4038</CNOR>
    <CSUD>6566</CSUD>
    <NORD>26616</NORD>
    <SARD>905</SARD>
    <SICI>2141</SICI>
    <SUD>3023</SUD>
  </marketintervaldetail>
  <marketintervaldetail>
    <Data>20150605</Data>
    <Mercato>MGP</Mercato>
    <Ora>17</Ora>
    <Totale>42854</Totale>
    <CNOR>4283</CNOR>
    <CSUD>6853</CSUD>
    <NORD>25515</NORD>
    <SARD>979</SARD>
    <SICI>2007</SICI>
    <SUD>3217</SUD>
  </marketintervaldetail>
  <marketintervaldetail>
    <Data>20150605</Data>
    <Mercato>MGP</Mercato>
    <Ora>18</Ora>
    <Totale>41155</Totale>
    <CNOR>4168</CNOR>
    <CSUD>6438</CSUD>
    <NORD>24384</NORD>
    <SARD>1003</SARD>
    <SICI>1993</SICI>
    <SUD>3169</SUD>
  </marketintervaldetail>
  <marketintervaldetail>
    <Data>20150605</Data>
    <Mercato>MGP</Mercato>
    <Ora>19</Ora>
    <Totale>39185</Totale>
    <CNOR>3975</CNOR>
    <CSUD>6405</CSUD>
    <NORD>22832</NORD>
    <SARD>998</SARD>
    <SICI>1947</SICI>
    <SUD>3028</SUD>
  </marketintervaldetail>
  <marketintervaldetail>
    <Data>20150605</Data>
    <Mercato>MGP</Mercato>
    <Ora>20</Ora>
    <Totale>38253</Totale>
    <CNOR>4087</CNOR>
    <CSUD>6250</CSUD>
    <NORD>21789</NORD>
    <SARD>1032</SARD>
    <SICI>1975</SICI>
    <SUD>3120</SUD>
  </marketintervaldetail>
  <marketintervaldetail>
    <Data>20150605</Data>
    <Mercato>MGP</Mercato>
    <Ora>21</Ora>
    <Totale>37365</Totale>
    <CNOR>3791</CNOR>
    <CSUD>6256</CSUD>
    <NORD>20905</NORD>
    <SARD>1067</SARD>
    <SICI>2192</SICI>
    <SUD>3154</SUD>
  </marketintervaldetail>
  <marketintervaldetail>
    <Data>20150605</Data>
    <Mercato>MGP</Mercato>
    <Ora>22</Ora>
    <Totale>38124</Totale>
    <CNOR>3965</CNOR>
    <CSUD>6663</CSUD>
    <NORD>20948</NORD>
    <SARD>1141</SARD>
    <SICI>2246</SICI>
    <SUD>3161</SUD>
  </marketintervaldetail>
  <marketintervaldetail>
    <Data>20150605</Data>
    <Mercato>MGP</Mercato>
    <Ora>23</Ora>
    <Totale>35299</Totale>
    <CNOR>3578</CNOR>
    <CSUD>6313</CSUD>
    <NORD>19390</NORD>
    <SARD>1082</SARD>
    <SICI>2062</SICI>
    <SUD>2874</SUD>
  </marketintervaldetail>
  <marketintervaldetail>
    <Data>20150605</Data>
    <Mercato>MGP</Mercato>
    <Ora>24</Ora>
    <Totale>31863</Totale>
    <CNOR>3245</CNOR>
    <CSUD>5565</CSUD>
    <NORD>17606</NORD>
    <SARD>1007</SARD>
    <SICI>1842</SICI>
    <SUD>2598</SUD>
  </marketintervaldetail>
</NewDataSet>