<?xml version="1.0" standalone="yes"?>
<NewDataSet>
  <xs:schema id="NewDataSet" xmlns="" xmlns:xs="http://www.w3.org/2001/XMLSchema" xmlns:msdata="urn:schemas-microsoft-com:xml-msdata">
    <xs:element name="NewDataSet" msdata:IsDataSet="true" msdata:UseCurrentLocale="true">
      <xs:complexType>
        <xs:choice minOccurs="0" maxOccurs="unbounded">
          <xs:element name="Fabbisogno">
            <xs:complexType>
              <xs:sequence>
                <xs:element name="Data" type="xs:string" minOccurs="0" />
                <xs:element name="Mercato" type="xs:string" minOccurs="0" />
                <xs:element name="Ora" type="xs:string" minOccurs="0" />
                <xs:element name="Italia" type="xs:string" minOccurs="0" />
                <xs:element name="CNOR" type="xs:string" minOccurs="0" />
                <xs:element name="CSUD" type="xs:string" minOccurs="0" />
                <xs:element name="NORD" type="xs:string" minOccurs="0" />
                <xs:element name="SARD" type="xs:string" minOccurs="0" />
                <xs:element name="SICI" type="xs:string" minOccurs="0" />
                <xs:element name="SUD" type="xs:string" minOccurs="0" />
              </xs:sequence>
            </xs:complexType>
          </xs:element>
        </xs:choice>
      </xs:complexType>
    </xs:element>
  </xs:schema>
  <Fabbisogno>
    <Data>20170731</Data>
    <Mercato>MGP</Mercato>
    <Ora>1</Ora>
    <Italia>28704,355</Italia>
    <CNOR>3167,362</CNOR>
    <CSUD>5106,366</CSUD>
    <NORD>14706,009</NORD>
    <SARD>1075,006</SARD>
    <SICI>1919,783</SICI>
    <SUD>2729,829</SUD>
  </Fabbisogno>
  <Fabbisogno>
    <Data>20170731</Data>
    <Mercato>MGP</Mercato>
    <Ora>2</Ora>
    <Italia>26904,582</Italia>
    <CNOR>3010,426</CNOR>
    <CSUD>4728,05</CSUD>
    <NORD>13795,491</NORD>
    <SARD>1014,004</SARD>
    <SICI>1799,213</SICI>
    <SUD>2557,398</SUD>
  </Fabbisogno>
  <Fabbisogno>
    <Data>20170731</Data>
    <Mercato>MGP</Mercato>
    <Ora>3</Ora>
    <Italia>25821,859</Italia>
    <CNOR>2891,494</CNOR>
    <CSUD>4472,129</CSUD>
    <NORD>13343,09</NORD>
    <SARD>977,562</SARD>
    <SICI>1698,948</SICI>
    <SUD>2438,636</SUD>
  </Fabbisogno>
  <Fabbisogno>
    <Data>20170731</Data>
    <Mercato>MGP</Mercato>
    <Ora>4</Ora>
    <Italia>25149,749</Italia>
    <CNOR>2840,182</CNOR>
    <CSUD>4361,495</CSUD>
    <NORD>12966,059</NORD>
    <SARD>962,39</SARD>
    <SICI>1646,664</SICI>
    <SUD>2372,959</SUD>
  </Fabbisogno>
  <Fabbisogno>
    <Data>20170731</Data>
    <Mercato>MGP</Mercato>
    <Ora>5</Ora>
    <Italia>25268,809</Italia>
    <CNOR>2864,307</CNOR>
    <CSUD>4323,103</CSUD>
    <NORD>13163,999</NORD>
    <SARD>964,991</SARD>
    <SICI>1627,237</SICI>
    <SUD>2325,172</SUD>
  </Fabbisogno>
  <Fabbisogno>
    <Data>20170731</Data>
    <Mercato>MGP</Mercato>
    <Ora>6</Ora>
    <Italia>26312,814</Italia>
    <CNOR>3000,05</CNOR>
    <CSUD>4391,182</CSUD>
    <NORD>13953,178</NORD>
    <SARD>990,964</SARD>
    <SICI>1655,88</SICI>
    <SUD>2321,56</SUD>
  </Fabbisogno>
  <Fabbisogno>
    <Data>20170731</Data>
    <Mercato>MGP</Mercato>
    <Ora>7</Ora>
    <Italia>29728,506</Italia>
    <CNOR>3457,02</CNOR>
    <CSUD>4806,275</CSUD>
    <NORD>16343,967</NORD>
    <SARD>1017,392</SARD>
    <SICI>1672,884</SICI>
    <SUD>2430,968</SUD>
  </Fabbisogno>
  <Fabbisogno>
    <Data>20170731</Data>
    <Mercato>MGP</Mercato>
    <Ora>8</Ora>
    <Italia>34930,804</Italia>
    <CNOR>4080,411</CNOR>
    <CSUD>5497,047</CSUD>
    <NORD>19572,295</NORD>
    <SARD>1119,247</SARD>
    <SICI>1889,485</SICI>
    <SUD>2772,319</SUD>
  </Fabbisogno>
  <Fabbisogno>
    <Data>20170731</Data>
    <Mercato>MGP</Mercato>
    <Ora>9</Ora>
    <Italia>40124,102</Italia>
    <CNOR>4718,547</CNOR>
    <CSUD>6337,753</CSUD>
    <NORD>22464,419</NORD>
    <SARD>1238,005</SARD>
    <SICI>2194,616</SICI>
    <SUD>3170,762</SUD>
  </Fabbisogno>
  <Fabbisogno>
    <Data>20170731</Data>
    <Mercato>MGP</Mercato>
    <Ora>10</Ora>
    <Italia>42112,743</Italia>
    <CNOR>4959,34</CNOR>
    <CSUD>6871,383</CSUD>
    <NORD>23307,938</NORD>
    <SARD>1278,37</SARD>
    <SICI>2365,826</SICI>
    <SUD>3329,886</SUD>
  </Fabbisogno>
  <Fabbisogno>
    <Data>20170731</Data>
    <Mercato>MGP</Mercato>
    <Ora>11</Ora>
    <Italia>42553,534</Italia>
    <CNOR>4968,942</CNOR>
    <CSUD>7040,646</CSUD>
    <NORD>23579,855</NORD>
    <SARD>1257,326</SARD>
    <SICI>2365,895</SICI>
    <SUD>3340,87</SUD>
  </Fabbisogno>
  <Fabbisogno>
    <Data>20170731</Data>
    <Mercato>MGP</Mercato>
    <Ora>12</Ora>
    <Italia>42656,113</Italia>
    <CNOR>5015,74</CNOR>
    <CSUD>7132,09</CSUD>
    <NORD>23565,229</NORD>
    <SARD>1233,986</SARD>
    <SICI>2364,342</SICI>
    <SUD>3344,726</SUD>
  </Fabbisogno>
  <Fabbisogno>
    <Data>20170731</Data>
    <Mercato>MGP</Mercato>
    <Ora>13</Ora>
    <Italia>41966,279</Italia>
    <CNOR>4844,728</CNOR>
    <CSUD>7215,573</CSUD>
    <NORD>22840,35</NORD>
    <SARD>1240,263</SARD>
    <SICI>2406,157</SICI>
    <SUD>3419,208</SUD>
  </Fabbisogno>
  <Fabbisogno>
    <Data>20170731</Data>
    <Mercato>MGP</Mercato>
    <Ora>14</Ora>
    <Italia>42225,582</Italia>
    <CNOR>4800,399</CNOR>
    <CSUD>7182,422</CSUD>
    <NORD>23243,809</NORD>
    <SARD>1216,062</SARD>
    <SICI>2405,207</SICI>
    <SUD>3377,683</SUD>
  </Fabbisogno>
  <Fabbisogno>
    <Data>20170731</Data>
    <Mercato>MGP</Mercato>
    <Ora>15</Ora>
    <Italia>42830,722</Italia>
    <CNOR>4792,357</CNOR>
    <CSUD>7090,983</CSUD>
    <NORD>24101,704</NORD>
    <SARD>1186,532</SARD>
    <SICI>2353,297</SICI>
    <SUD>3305,849</SUD>
  </Fabbisogno>
  <Fabbisogno>
    <Data>20170731</Data>
    <Mercato>MGP</Mercato>
    <Ora>16</Ora>
    <Italia>43224,226</Italia>
    <CNOR>4864,409</CNOR>
    <CSUD>7123,371</CSUD>
    <NORD>24364,329</NORD>
    <SARD>1182,51</SARD>
    <SICI>2344,283</SICI>
    <SUD>3345,324</SUD>
  </Fabbisogno>
  <Fabbisogno>
    <Data>20170731</Data>
    <Mercato>MGP</Mercato>
    <Ora>17</Ora>
    <Italia>43631,738</Italia>
    <CNOR>5010,361</CNOR>
    <CSUD>7272,05</CSUD>
    <NORD>24258,59</NORD>
    <SARD>1209,467</SARD>
    <SICI>2440,01</SICI>
    <SUD>3441,26</SUD>
  </Fabbisogno>
  <Fabbisogno>
    <Data>20170731</Data>
    <Mercato>MGP</Mercato>
    <Ora>18</Ora>
    <Italia>43502,044</Italia>
    <CNOR>4911,499</CNOR>
    <CSUD>7185,689</CSUD>
    <NORD>24104,217</NORD>
    <SARD>1255,599</SARD>
    <SICI>2496,686</SICI>
    <SUD>3548,354</SUD>
  </Fabbisogno>
  <Fabbisogno>
    <Data>20170731</Data>
    <Mercato>MGP</Mercato>
    <Ora>19</Ora>
    <Italia>42815,403</Italia>
    <CNOR>4882,506</CNOR>
    <CSUD>7115,925</CSUD>
    <NORD>23389,96</NORD>
    <SARD>1301,305</SARD>
    <SICI>2497,136</SICI>
    <SUD>3628,571</SUD>
  </Fabbisogno>
  <Fabbisogno>
    <Data>20170731</Data>
    <Mercato>MGP</Mercato>
    <Ora>20</Ora>
    <Italia>41121,274</Italia>
    <CNOR>4691,143</CNOR>
    <CSUD>6933,807</CSUD>
    <NORD>22221,579</NORD>
    <SARD>1323,813</SARD>
    <SICI>2412,394</SICI>
    <SUD>3538,538</SUD>
  </Fabbisogno>
  <Fabbisogno>
    <Data>20170731</Data>
    <Mercato>MGP</Mercato>
    <Ora>21</Ora>
    <Italia>40927,954</Italia>
    <CNOR>4646,225</CNOR>
    <CSUD>7032,052</CSUD>
    <NORD>21527,095</NORD>
    <SARD>1374,167</SARD>
    <SICI>2554,075</SICI>
    <SUD>3794,34</SUD>
  </Fabbisogno>
  <Fabbisogno>
    <Data>20170731</Data>
    <Mercato>MGP</Mercato>
    <Ora>22</Ora>
    <Italia>40611,145</Italia>
    <CNOR>4577,438</CNOR>
    <CSUD>6992,471</CSUD>
    <NORD>21448,649</NORD>
    <SARD>1367,05</SARD>
    <SICI>2508,878</SICI>
    <SUD>3716,659</SUD>
  </Fabbisogno>
  <Fabbisogno>
    <Data>20170731</Data>
    <Mercato>MGP</Mercato>
    <Ora>23</Ora>
    <Italia>38094,366</Italia>
    <CNOR>4251,736</CNOR>
    <CSUD>6531,204</CSUD>
    <NORD>20239,568</NORD>
    <SARD>1275,854</SARD>
    <SICI>2362,732</SICI>
    <SUD>3433,272</SUD>
  </Fabbisogno>
  <Fabbisogno>
    <Data>20170731</Data>
    <Mercato>MGP</Mercato>
    <Ora>24</Ora>
    <Italia>34800,55</Italia>
    <CNOR>3873,95</CNOR>
    <CSUD>5965,273</CSUD>
    <NORD>18492,654</NORD>
    <SARD>1179,426</SARD>
    <SICI>2163,349</SICI>
    <SUD>3125,898</SUD>
  </Fabbisogno>
</NewDataSet>