<?xml version="1.0" standalone="yes"?>
<NewDataSet>
  <xs:schema id="NewDataSet" xmlns="" xmlns:xs="http://www.w3.org/2001/XMLSchema" xmlns:msdata="urn:schemas-microsoft-com:xml-msdata">
    <xs:element name="NewDataSet" msdata:IsDataSet="true" msdata:UseCurrentLocale="true">
      <xs:complexType>
        <xs:choice minOccurs="0" maxOccurs="unbounded">
          <xs:element name="Fabbisogno">
            <xs:complexType>
              <xs:sequence>
                <xs:element name="Data" type="xs:string" minOccurs="0" />
                <xs:element name="Mercato" type="xs:string" minOccurs="0" />
                <xs:element name="Ora" type="xs:string" minOccurs="0" />
                <xs:element name="Italia" type="xs:string" minOccurs="0" />
                <xs:element name="CNOR" type="xs:string" minOccurs="0" />
                <xs:element name="CSUD" type="xs:string" minOccurs="0" />
                <xs:element name="NORD" type="xs:string" minOccurs="0" />
                <xs:element name="SARD" type="xs:string" minOccurs="0" />
                <xs:element name="SICI" type="xs:string" minOccurs="0" />
                <xs:element name="SUD" type="xs:string" minOccurs="0" />
              </xs:sequence>
            </xs:complexType>
          </xs:element>
        </xs:choice>
      </xs:complexType>
    </xs:element>
  </xs:schema>
  <Fabbisogno>
    <Data>20170717</Data>
    <Mercato>MGP</Mercato>
    <Ora>1</Ora>
    <Italia>27697,283</Italia>
    <CNOR>3087,578</CNOR>
    <CSUD>4966,6</CSUD>
    <NORD>14138,944</NORD>
    <SARD>1038,051</SARD>
    <SICI>1899,169</SICI>
    <SUD>2566,941</SUD>
  </Fabbisogno>
  <Fabbisogno>
    <Data>20170717</Data>
    <Mercato>MGP</Mercato>
    <Ora>2</Ora>
    <Italia>26063,492</Italia>
    <CNOR>2910,457</CNOR>
    <CSUD>4606,212</CSUD>
    <NORD>13386,187</NORD>
    <SARD>979,8</SARD>
    <SICI>1784,707</SICI>
    <SUD>2396,129</SUD>
  </Fabbisogno>
  <Fabbisogno>
    <Data>20170717</Data>
    <Mercato>MGP</Mercato>
    <Ora>3</Ora>
    <Italia>25167,303</Italia>
    <CNOR>2808,811</CNOR>
    <CSUD>4400,43</CSUD>
    <NORD>13013,753</NORD>
    <SARD>946,195</SARD>
    <SICI>1696,267</SICI>
    <SUD>2301,847</SUD>
  </Fabbisogno>
  <Fabbisogno>
    <Data>20170717</Data>
    <Mercato>MGP</Mercato>
    <Ora>4</Ora>
    <Italia>24854,329</Italia>
    <CNOR>2777,9</CNOR>
    <CSUD>4325,435</CSUD>
    <NORD>12911,868</NORD>
    <SARD>929,501</SARD>
    <SICI>1652,329</SICI>
    <SUD>2257,296</SUD>
  </Fabbisogno>
  <Fabbisogno>
    <Data>20170717</Data>
    <Mercato>MGP</Mercato>
    <Ora>5</Ora>
    <Italia>25099,233</Italia>
    <CNOR>2828,809</CNOR>
    <CSUD>4332,488</CSUD>
    <NORD>13101,632</NORD>
    <SARD>930,783</SARD>
    <SICI>1643,021</SICI>
    <SUD>2262,5</SUD>
  </Fabbisogno>
  <Fabbisogno>
    <Data>20170717</Data>
    <Mercato>MGP</Mercato>
    <Ora>6</Ora>
    <Italia>26208,877</Italia>
    <CNOR>2991,782</CNOR>
    <CSUD>4407,677</CSUD>
    <NORD>13980,116</NORD>
    <SARD>948,295</SARD>
    <SICI>1658,746</SICI>
    <SUD>2222,261</SUD>
  </Fabbisogno>
  <Fabbisogno>
    <Data>20170717</Data>
    <Mercato>MGP</Mercato>
    <Ora>7</Ora>
    <Italia>29865,851</Italia>
    <CNOR>3407,459</CNOR>
    <CSUD>4826,583</CSUD>
    <NORD>16651,442</NORD>
    <SARD>977,281</SARD>
    <SICI>1673,742</SICI>
    <SUD>2329,344</SUD>
  </Fabbisogno>
  <Fabbisogno>
    <Data>20170717</Data>
    <Mercato>MGP</Mercato>
    <Ora>8</Ora>
    <Italia>34989,235</Italia>
    <CNOR>3898,058</CNOR>
    <CSUD>5442,046</CSUD>
    <NORD>20074,03</NORD>
    <SARD>1061,204</SARD>
    <SICI>1894,365</SICI>
    <SUD>2619,532</SUD>
  </Fabbisogno>
  <Fabbisogno>
    <Data>20170717</Data>
    <Mercato>MGP</Mercato>
    <Ora>9</Ora>
    <Italia>40411,512</Italia>
    <CNOR>4411,752</CNOR>
    <CSUD>6221,361</CSUD>
    <NORD>23428,462</NORD>
    <SARD>1204,112</SARD>
    <SICI>2160,2</SICI>
    <SUD>2985,625</SUD>
  </Fabbisogno>
  <Fabbisogno>
    <Data>20170717</Data>
    <Mercato>MGP</Mercato>
    <Ora>10</Ora>
    <Italia>42371,718</Italia>
    <CNOR>4689,116</CNOR>
    <CSUD>6699,363</CSUD>
    <NORD>24354,12</NORD>
    <SARD>1238,909</SARD>
    <SICI>2300,958</SICI>
    <SUD>3089,252</SUD>
  </Fabbisogno>
  <Fabbisogno>
    <Data>20170717</Data>
    <Mercato>MGP</Mercato>
    <Ora>11</Ora>
    <Italia>42695,29</Italia>
    <CNOR>4706,72</CNOR>
    <CSUD>6868,332</CSUD>
    <NORD>24519,251</NORD>
    <SARD>1211,48</SARD>
    <SICI>2305,609</SICI>
    <SUD>3083,898</SUD>
  </Fabbisogno>
  <Fabbisogno>
    <Data>20170717</Data>
    <Mercato>MGP</Mercato>
    <Ora>12</Ora>
    <Italia>43088,771</Italia>
    <CNOR>4781,688</CNOR>
    <CSUD>6974,413</CSUD>
    <NORD>24741,23</NORD>
    <SARD>1191,981</SARD>
    <SICI>2300,641</SICI>
    <SUD>3098,818</SUD>
  </Fabbisogno>
  <Fabbisogno>
    <Data>20170717</Data>
    <Mercato>MGP</Mercato>
    <Ora>13</Ora>
    <Italia>41886,853</Italia>
    <CNOR>4536,794</CNOR>
    <CSUD>7012,634</CSUD>
    <NORD>23687,133</NORD>
    <SARD>1191,89</SARD>
    <SICI>2317,284</SICI>
    <SUD>3141,118</SUD>
  </Fabbisogno>
  <Fabbisogno>
    <Data>20170717</Data>
    <Mercato>MGP</Mercato>
    <Ora>14</Ora>
    <Italia>41887,596</Italia>
    <CNOR>4494,565</CNOR>
    <CSUD>6964,681</CSUD>
    <NORD>23882,247</NORD>
    <SARD>1171,939</SARD>
    <SICI>2298,324</SICI>
    <SUD>3075,84</SUD>
  </Fabbisogno>
  <Fabbisogno>
    <Data>20170717</Data>
    <Mercato>MGP</Mercato>
    <Ora>15</Ora>
    <Italia>42842,252</Italia>
    <CNOR>4524,688</CNOR>
    <CSUD>6848,537</CSUD>
    <NORD>25097,165</NORD>
    <SARD>1128,86</SARD>
    <SICI>2277,761</SICI>
    <SUD>2965,241</SUD>
  </Fabbisogno>
  <Fabbisogno>
    <Data>20170717</Data>
    <Mercato>MGP</Mercato>
    <Ora>16</Ora>
    <Italia>43667,478</Italia>
    <CNOR>4695,761</CNOR>
    <CSUD>6972,379</CSUD>
    <NORD>25536,788</NORD>
    <SARD>1134,021</SARD>
    <SICI>2314,342</SICI>
    <SUD>3014,187</SUD>
  </Fabbisogno>
  <Fabbisogno>
    <Data>20170717</Data>
    <Mercato>MGP</Mercato>
    <Ora>17</Ora>
    <Italia>44241,504</Italia>
    <CNOR>4807,479</CNOR>
    <CSUD>7114,546</CSUD>
    <NORD>25646,534</NORD>
    <SARD>1171,258</SARD>
    <SICI>2389,802</SICI>
    <SUD>3111,885</SUD>
  </Fabbisogno>
  <Fabbisogno>
    <Data>20170717</Data>
    <Mercato>MGP</Mercato>
    <Ora>18</Ora>
    <Italia>43697,768</Italia>
    <CNOR>4762,382</CNOR>
    <CSUD>7082,041</CSUD>
    <NORD>24972,251</NORD>
    <SARD>1208,342</SARD>
    <SICI>2433,224</SICI>
    <SUD>3239,528</SUD>
  </Fabbisogno>
  <Fabbisogno>
    <Data>20170717</Data>
    <Mercato>MGP</Mercato>
    <Ora>19</Ora>
    <Italia>42911,3</Italia>
    <CNOR>4714,988</CNOR>
    <CSUD>6955,574</CSUD>
    <NORD>24197,699</NORD>
    <SARD>1249,681</SARD>
    <SICI>2471,027</SICI>
    <SUD>3322,331</SUD>
  </Fabbisogno>
  <Fabbisogno>
    <Data>20170717</Data>
    <Mercato>MGP</Mercato>
    <Ora>20</Ora>
    <Italia>41596,642</Italia>
    <CNOR>4577,046</CNOR>
    <CSUD>6861,268</CSUD>
    <NORD>23134,751</NORD>
    <SARD>1265,411</SARD>
    <SICI>2444,223</SICI>
    <SUD>3313,943</SUD>
  </Fabbisogno>
  <Fabbisogno>
    <Data>20170717</Data>
    <Mercato>MGP</Mercato>
    <Ora>21</Ora>
    <Italia>41089,387</Italia>
    <CNOR>4490,302</CNOR>
    <CSUD>6906,194</CSUD>
    <NORD>22293,786</NORD>
    <SARD>1290,734</SARD>
    <SICI>2551,021</SICI>
    <SUD>3557,35</SUD>
  </Fabbisogno>
  <Fabbisogno>
    <Data>20170717</Data>
    <Mercato>MGP</Mercato>
    <Ora>22</Ora>
    <Italia>40791,881</Italia>
    <CNOR>4437,337</CNOR>
    <CSUD>6881,523</CSUD>
    <NORD>22138,767</NORD>
    <SARD>1310,613</SARD>
    <SICI>2534,958</SICI>
    <SUD>3488,683</SUD>
  </Fabbisogno>
  <Fabbisogno>
    <Data>20170717</Data>
    <Mercato>MGP</Mercato>
    <Ora>23</Ora>
    <Italia>38203,267</Italia>
    <CNOR>4108,762</CNOR>
    <CSUD>6417,826</CSUD>
    <NORD>20830,584</NORD>
    <SARD>1246,11</SARD>
    <SICI>2367,018</SICI>
    <SUD>3232,967</SUD>
  </Fabbisogno>
  <Fabbisogno>
    <Data>20170717</Data>
    <Mercato>MGP</Mercato>
    <Ora>24</Ora>
    <Italia>35031,809</Italia>
    <CNOR>3710,168</CNOR>
    <CSUD>5823,968</CSUD>
    <NORD>19237,616</NORD>
    <SARD>1146,252</SARD>
    <SICI>2183,068</SICI>
    <SUD>2930,737</SUD>
  </Fabbisogno>
</NewDataSet>