<?xml version="1.0" standalone="yes"?>
<NewDataSet>
  <xs:schema id="NewDataSet" xmlns="" xmlns:xs="http://www.w3.org/2001/XMLSchema" xmlns:msdata="urn:schemas-microsoft-com:xml-msdata">
    <xs:element name="NewDataSet" msdata:IsDataSet="true" msdata:UseCurrentLocale="true">
      <xs:complexType>
        <xs:choice minOccurs="0" maxOccurs="unbounded">
          <xs:element name="Fabbisogno">
            <xs:complexType>
              <xs:sequence>
                <xs:element name="Data" type="xs:string" minOccurs="0" />
                <xs:element name="Mercato" type="xs:string" minOccurs="0" />
                <xs:element name="Ora" type="xs:string" minOccurs="0" />
                <xs:element name="Italia" type="xs:string" minOccurs="0" />
                <xs:element name="CNOR" type="xs:string" minOccurs="0" />
                <xs:element name="CSUD" type="xs:string" minOccurs="0" />
                <xs:element name="NORD" type="xs:string" minOccurs="0" />
                <xs:element name="SARD" type="xs:string" minOccurs="0" />
                <xs:element name="SICI" type="xs:string" minOccurs="0" />
                <xs:element name="SUD" type="xs:string" minOccurs="0" />
              </xs:sequence>
            </xs:complexType>
          </xs:element>
        </xs:choice>
      </xs:complexType>
    </xs:element>
  </xs:schema>
  <Fabbisogno>
    <Data>20170704</Data>
    <Mercato>MGP</Mercato>
    <Ora>1</Ora>
    <Italia>31012,673</Italia>
    <CNOR>3555,315</CNOR>
    <CSUD>5270,069</CSUD>
    <NORD>16405,966</NORD>
    <SARD>1026,087</SARD>
    <SICI>1989,388</SICI>
    <SUD>2765,848</SUD>
  </Fabbisogno>
  <Fabbisogno>
    <Data>20170704</Data>
    <Mercato>MGP</Mercato>
    <Ora>2</Ora>
    <Italia>29223,332</Italia>
    <CNOR>3361,484</CNOR>
    <CSUD>4918,955</CSUD>
    <NORD>15567,991</NORD>
    <SARD>973,926</SARD>
    <SICI>1800,857</SICI>
    <SUD>2600,119</SUD>
  </Fabbisogno>
  <Fabbisogno>
    <Data>20170704</Data>
    <Mercato>MGP</Mercato>
    <Ora>3</Ora>
    <Italia>28252,577</Italia>
    <CNOR>3240,116</CNOR>
    <CSUD>4669,239</CSUD>
    <NORD>15189,758</NORD>
    <SARD>938,314</SARD>
    <SICI>1715,309</SICI>
    <SUD>2499,841</SUD>
  </Fabbisogno>
  <Fabbisogno>
    <Data>20170704</Data>
    <Mercato>MGP</Mercato>
    <Ora>4</Ora>
    <Italia>27767,702</Italia>
    <CNOR>3186,081</CNOR>
    <CSUD>4571,049</CSUD>
    <NORD>14956,689</NORD>
    <SARD>922,23</SARD>
    <SICI>1679,002</SICI>
    <SUD>2452,651</SUD>
  </Fabbisogno>
  <Fabbisogno>
    <Data>20170704</Data>
    <Mercato>MGP</Mercato>
    <Ora>5</Ora>
    <Italia>27690,428</Italia>
    <CNOR>3180,175</CNOR>
    <CSUD>4563,498</CSUD>
    <NORD>14922,755</NORD>
    <SARD>922,769</SARD>
    <SICI>1659,195</SICI>
    <SUD>2442,036</SUD>
  </Fabbisogno>
  <Fabbisogno>
    <Data>20170704</Data>
    <Mercato>MGP</Mercato>
    <Ora>6</Ora>
    <Italia>28088,11</Italia>
    <CNOR>3206,176</CNOR>
    <CSUD>4569,33</CSUD>
    <NORD>15341,508</NORD>
    <SARD>940,801</SARD>
    <SICI>1664,106</SICI>
    <SUD>2366,189</SUD>
  </Fabbisogno>
  <Fabbisogno>
    <Data>20170704</Data>
    <Mercato>MGP</Mercato>
    <Ora>7</Ora>
    <Italia>31184,202</Italia>
    <CNOR>3518,017</CNOR>
    <CSUD>4981,136</CSUD>
    <NORD>17495,096</NORD>
    <SARD>971,168</SARD>
    <SICI>1716,382</SICI>
    <SUD>2502,403</SUD>
  </Fabbisogno>
  <Fabbisogno>
    <Data>20170704</Data>
    <Mercato>MGP</Mercato>
    <Ora>8</Ora>
    <Italia>35911,724</Italia>
    <CNOR>4022,735</CNOR>
    <CSUD>5610,966</CSUD>
    <NORD>20360,582</NORD>
    <SARD>1070,397</SARD>
    <SICI>2024,374</SICI>
    <SUD>2822,67</SUD>
  </Fabbisogno>
  <Fabbisogno>
    <Data>20170704</Data>
    <Mercato>MGP</Mercato>
    <Ora>9</Ora>
    <Italia>41623,46</Italia>
    <CNOR>4693,426</CNOR>
    <CSUD>6440,684</CSUD>
    <NORD>23709,172</NORD>
    <SARD>1225,923</SARD>
    <SICI>2321,073</SICI>
    <SUD>3233,182</SUD>
  </Fabbisogno>
  <Fabbisogno>
    <Data>20170704</Data>
    <Mercato>MGP</Mercato>
    <Ora>10</Ora>
    <Italia>43451,72</Italia>
    <CNOR>4997,859</CNOR>
    <CSUD>6910,486</CSUD>
    <NORD>24506,12</NORD>
    <SARD>1226,826</SARD>
    <SICI>2455,603</SICI>
    <SUD>3354,826</SUD>
  </Fabbisogno>
  <Fabbisogno>
    <Data>20170704</Data>
    <Mercato>MGP</Mercato>
    <Ora>11</Ora>
    <Italia>43747,309</Italia>
    <CNOR>4997,996</CNOR>
    <CSUD>7065,285</CSUD>
    <NORD>24709,309</NORD>
    <SARD>1209,077</SARD>
    <SICI>2421,546</SICI>
    <SUD>3344,096</SUD>
  </Fabbisogno>
  <Fabbisogno>
    <Data>20170704</Data>
    <Mercato>MGP</Mercato>
    <Ora>12</Ora>
    <Italia>43646,145</Italia>
    <CNOR>4906,391</CNOR>
    <CSUD>7042,949</CSUD>
    <NORD>24815,917</NORD>
    <SARD>1186,237</SARD>
    <SICI>2405,634</SICI>
    <SUD>3289,017</SUD>
  </Fabbisogno>
  <Fabbisogno>
    <Data>20170704</Data>
    <Mercato>MGP</Mercato>
    <Ora>13</Ora>
    <Italia>42234,907</Italia>
    <CNOR>4710,313</CNOR>
    <CSUD>7093,238</CSUD>
    <NORD>23471,336</NORD>
    <SARD>1183,903</SARD>
    <SICI>2430,343</SICI>
    <SUD>3345,774</SUD>
  </Fabbisogno>
  <Fabbisogno>
    <Data>20170704</Data>
    <Mercato>MGP</Mercato>
    <Ora>14</Ora>
    <Italia>42142,009</Italia>
    <CNOR>4556,043</CNOR>
    <CSUD>6950,098</CSUD>
    <NORD>23850,889</NORD>
    <SARD>1158,905</SARD>
    <SICI>2370,36</SICI>
    <SUD>3255,714</SUD>
  </Fabbisogno>
  <Fabbisogno>
    <Data>20170704</Data>
    <Mercato>MGP</Mercato>
    <Ora>15</Ora>
    <Italia>42966,184</Italia>
    <CNOR>4634,226</CNOR>
    <CSUD>6858,185</CSUD>
    <NORD>24791,895</NORD>
    <SARD>1142,225</SARD>
    <SICI>2356,903</SICI>
    <SUD>3182,75</SUD>
  </Fabbisogno>
  <Fabbisogno>
    <Data>20170704</Data>
    <Mercato>MGP</Mercato>
    <Ora>16</Ora>
    <Italia>43488,219</Italia>
    <CNOR>4713,457</CNOR>
    <CSUD>6977,172</CSUD>
    <NORD>25043,107</NORD>
    <SARD>1160,605</SARD>
    <SICI>2380,685</SICI>
    <SUD>3213,193</SUD>
  </Fabbisogno>
  <Fabbisogno>
    <Data>20170704</Data>
    <Mercato>MGP</Mercato>
    <Ora>17</Ora>
    <Italia>44069,328</Italia>
    <CNOR>4831,762</CNOR>
    <CSUD>7119,574</CSUD>
    <NORD>25221,61</NORD>
    <SARD>1174,705</SARD>
    <SICI>2435,471</SICI>
    <SUD>3286,206</SUD>
  </Fabbisogno>
  <Fabbisogno>
    <Data>20170704</Data>
    <Mercato>MGP</Mercato>
    <Ora>18</Ora>
    <Italia>43894,96</Italia>
    <CNOR>5010,939</CNOR>
    <CSUD>7193,001</CSUD>
    <NORD>24528,107</NORD>
    <SARD>1225,848</SARD>
    <SICI>2479,648</SICI>
    <SUD>3457,417</SUD>
  </Fabbisogno>
  <Fabbisogno>
    <Data>20170704</Data>
    <Mercato>MGP</Mercato>
    <Ora>19</Ora>
    <Italia>43129,672</Italia>
    <CNOR>5019,751</CNOR>
    <CSUD>7156,584</CSUD>
    <NORD>23526,275</NORD>
    <SARD>1264,974</SARD>
    <SICI>2502,772</SICI>
    <SUD>3659,316</SUD>
  </Fabbisogno>
  <Fabbisogno>
    <Data>20170704</Data>
    <Mercato>MGP</Mercato>
    <Ora>20</Ora>
    <Italia>41835,371</Italia>
    <CNOR>4903,153</CNOR>
    <CSUD>7135,393</CSUD>
    <NORD>22350,732</NORD>
    <SARD>1281,432</SARD>
    <SICI>2523,15</SICI>
    <SUD>3641,511</SUD>
  </Fabbisogno>
  <Fabbisogno>
    <Data>20170704</Data>
    <Mercato>MGP</Mercato>
    <Ora>21</Ora>
    <Italia>41427,473</Italia>
    <CNOR>4770,041</CNOR>
    <CSUD>7185,125</CSUD>
    <NORD>21653,884</NORD>
    <SARD>1323,809</SARD>
    <SICI>2626,565</SICI>
    <SUD>3868,049</SUD>
  </Fabbisogno>
  <Fabbisogno>
    <Data>20170704</Data>
    <Mercato>MGP</Mercato>
    <Ora>22</Ora>
    <Italia>40932,952</Italia>
    <CNOR>4722,759</CNOR>
    <CSUD>7144,558</CSUD>
    <NORD>21290,806</NORD>
    <SARD>1339,163</SARD>
    <SICI>2609,696</SICI>
    <SUD>3825,97</SUD>
  </Fabbisogno>
  <Fabbisogno>
    <Data>20170704</Data>
    <Mercato>MGP</Mercato>
    <Ora>23</Ora>
    <Italia>38403,801</Italia>
    <CNOR>4442,505</CNOR>
    <CSUD>6649,616</CSUD>
    <NORD>20029,562</NORD>
    <SARD>1293,627</SARD>
    <SICI>2412,458</SICI>
    <SUD>3576,033</SUD>
  </Fabbisogno>
  <Fabbisogno>
    <Data>20170704</Data>
    <Mercato>MGP</Mercato>
    <Ora>24</Ora>
    <Italia>34707,723</Italia>
    <CNOR>3975,445</CNOR>
    <CSUD>5939,621</CSUD>
    <NORD>18347,723</NORD>
    <SARD>1132,222</SARD>
    <SICI>2203,255</SICI>
    <SUD>3109,457</SUD>
  </Fabbisogno>
</NewDataSet>