<?xml version="1.0" standalone="yes"?>
<NewDataSet>
  <xs:schema id="NewDataSet" xmlns="" xmlns:xs="http://www.w3.org/2001/XMLSchema" xmlns:msdata="urn:schemas-microsoft-com:xml-msdata">
    <xs:element name="NewDataSet" msdata:IsDataSet="true" msdata:UseCurrentLocale="true">
      <xs:complexType>
        <xs:choice minOccurs="0" maxOccurs="unbounded">
          <xs:element name="Fabbisogno">
            <xs:complexType>
              <xs:sequence>
                <xs:element name="Data" type="xs:string" minOccurs="0" />
                <xs:element name="Mercato" type="xs:string" minOccurs="0" />
                <xs:element name="Ora" type="xs:string" minOccurs="0" />
                <xs:element name="Italia" type="xs:string" minOccurs="0" />
                <xs:element name="CNOR" type="xs:string" minOccurs="0" />
                <xs:element name="CSUD" type="xs:string" minOccurs="0" />
                <xs:element name="NORD" type="xs:string" minOccurs="0" />
                <xs:element name="SARD" type="xs:string" minOccurs="0" />
                <xs:element name="SICI" type="xs:string" minOccurs="0" />
                <xs:element name="SUD" type="xs:string" minOccurs="0" />
              </xs:sequence>
            </xs:complexType>
          </xs:element>
        </xs:choice>
      </xs:complexType>
    </xs:element>
  </xs:schema>
  <Fabbisogno>
    <Data>20170706</Data>
    <Mercato>MGP</Mercato>
    <Ora>1</Ora>
    <Italia>32171,132</Italia>
    <CNOR>3559,499</CNOR>
    <CSUD>5441,165</CSUD>
    <NORD>17324,331</NORD>
    <SARD>1058,791</SARD>
    <SICI>2039,649</SICI>
    <SUD>2747,697</SUD>
  </Fabbisogno>
  <Fabbisogno>
    <Data>20170706</Data>
    <Mercato>MGP</Mercato>
    <Ora>2</Ora>
    <Italia>30290,306</Italia>
    <CNOR>3399,124</CNOR>
    <CSUD>5090,57</CSUD>
    <NORD>16330,692</NORD>
    <SARD>1008,03</SARD>
    <SICI>1870,486</SICI>
    <SUD>2591,404</SUD>
  </Fabbisogno>
  <Fabbisogno>
    <Data>20170706</Data>
    <Mercato>MGP</Mercato>
    <Ora>3</Ora>
    <Italia>29130,881</Italia>
    <CNOR>3270,199</CNOR>
    <CSUD>4815,909</CSUD>
    <NORD>15794,6</NORD>
    <SARD>973,863</SARD>
    <SICI>1777,891</SICI>
    <SUD>2498,419</SUD>
  </Fabbisogno>
  <Fabbisogno>
    <Data>20170706</Data>
    <Mercato>MGP</Mercato>
    <Ora>4</Ora>
    <Italia>28626,213</Italia>
    <CNOR>3205,501</CNOR>
    <CSUD>4701,049</CSUD>
    <NORD>15603,571</NORD>
    <SARD>958,539</SARD>
    <SICI>1718,613</SICI>
    <SUD>2438,94</SUD>
  </Fabbisogno>
  <Fabbisogno>
    <Data>20170706</Data>
    <Mercato>MGP</Mercato>
    <Ora>5</Ora>
    <Italia>28479,648</Italia>
    <CNOR>3213,224</CNOR>
    <CSUD>4670,104</CSUD>
    <NORD>15511,32</NORD>
    <SARD>957,729</SARD>
    <SICI>1693,478</SICI>
    <SUD>2433,793</SUD>
  </Fabbisogno>
  <Fabbisogno>
    <Data>20170706</Data>
    <Mercato>MGP</Mercato>
    <Ora>6</Ora>
    <Italia>28975,055</Italia>
    <CNOR>3263,095</CNOR>
    <CSUD>4690,189</CSUD>
    <NORD>16023,336</NORD>
    <SARD>972,102</SARD>
    <SICI>1670,045</SICI>
    <SUD>2356,288</SUD>
  </Fabbisogno>
  <Fabbisogno>
    <Data>20170706</Data>
    <Mercato>MGP</Mercato>
    <Ora>7</Ora>
    <Italia>31587,153</Italia>
    <CNOR>3557,835</CNOR>
    <CSUD>5034,339</CSUD>
    <NORD>17814,238</NORD>
    <SARD>1000,176</SARD>
    <SICI>1712,992</SICI>
    <SUD>2467,573</SUD>
  </Fabbisogno>
  <Fabbisogno>
    <Data>20170706</Data>
    <Mercato>MGP</Mercato>
    <Ora>8</Ora>
    <Italia>37013,954</Italia>
    <CNOR>4188,368</CNOR>
    <CSUD>5797,648</CSUD>
    <NORD>21116,209</NORD>
    <SARD>1109,017</SARD>
    <SICI>1985,217</SICI>
    <SUD>2817,495</SUD>
  </Fabbisogno>
  <Fabbisogno>
    <Data>20170706</Data>
    <Mercato>MGP</Mercato>
    <Ora>9</Ora>
    <Italia>42540,128</Italia>
    <CNOR>4854,678</CNOR>
    <CSUD>6674,2</CSUD>
    <NORD>24142,886</NORD>
    <SARD>1248,585</SARD>
    <SICI>2328,398</SICI>
    <SUD>3291,381</SUD>
  </Fabbisogno>
  <Fabbisogno>
    <Data>20170706</Data>
    <Mercato>MGP</Mercato>
    <Ora>10</Ora>
    <Italia>44679,959</Italia>
    <CNOR>5114,127</CNOR>
    <CSUD>7184,3</CSUD>
    <NORD>25200,21</NORD>
    <SARD>1271,399</SARD>
    <SICI>2489,524</SICI>
    <SUD>3420,399</SUD>
  </Fabbisogno>
  <Fabbisogno>
    <Data>20170706</Data>
    <Mercato>MGP</Mercato>
    <Ora>11</Ora>
    <Italia>44748,766</Italia>
    <CNOR>5000,592</CNOR>
    <CSUD>7254,947</CSUD>
    <NORD>25485,402</NORD>
    <SARD>1236,779</SARD>
    <SICI>2400,909</SICI>
    <SUD>3370,137</SUD>
  </Fabbisogno>
  <Fabbisogno>
    <Data>20170706</Data>
    <Mercato>MGP</Mercato>
    <Ora>12</Ora>
    <Italia>44778,921</Italia>
    <CNOR>4917,963</CNOR>
    <CSUD>7228,618</CSUD>
    <NORD>25719,342</NORD>
    <SARD>1207,062</SARD>
    <SICI>2369,82</SICI>
    <SUD>3336,116</SUD>
  </Fabbisogno>
  <Fabbisogno>
    <Data>20170706</Data>
    <Mercato>MGP</Mercato>
    <Ora>13</Ora>
    <Italia>43197,748</Italia>
    <CNOR>4713,531</CNOR>
    <CSUD>7282,292</CSUD>
    <NORD>24344,688</NORD>
    <SARD>1203,587</SARD>
    <SICI>2383,561</SICI>
    <SUD>3270,089</SUD>
  </Fabbisogno>
  <Fabbisogno>
    <Data>20170706</Data>
    <Mercato>MGP</Mercato>
    <Ora>14</Ora>
    <Italia>43151,19</Italia>
    <CNOR>4621,383</CNOR>
    <CSUD>7163,135</CSUD>
    <NORD>24721,489</NORD>
    <SARD>1176,721</SARD>
    <SICI>2305,628</SICI>
    <SUD>3162,834</SUD>
  </Fabbisogno>
  <Fabbisogno>
    <Data>20170706</Data>
    <Mercato>MGP</Mercato>
    <Ora>15</Ora>
    <Italia>43960,583</Italia>
    <CNOR>4742,207</CNOR>
    <CSUD>7118,483</CSUD>
    <NORD>25556,722</NORD>
    <SARD>1154,654</SARD>
    <SICI>2279,358</SICI>
    <SUD>3109,159</SUD>
  </Fabbisogno>
  <Fabbisogno>
    <Data>20170706</Data>
    <Mercato>MGP</Mercato>
    <Ora>16</Ora>
    <Italia>44385,191</Italia>
    <CNOR>4819,724</CNOR>
    <CSUD>7188,417</CSUD>
    <NORD>25781,16</NORD>
    <SARD>1163,824</SARD>
    <SICI>2299,041</SICI>
    <SUD>3133,025</SUD>
  </Fabbisogno>
  <Fabbisogno>
    <Data>20170706</Data>
    <Mercato>MGP</Mercato>
    <Ora>17</Ora>
    <Italia>45209,342</Italia>
    <CNOR>4878,868</CNOR>
    <CSUD>7262,547</CSUD>
    <NORD>26130,763</NORD>
    <SARD>1193,728</SARD>
    <SICI>2382,825</SICI>
    <SUD>3360,611</SUD>
  </Fabbisogno>
  <Fabbisogno>
    <Data>20170706</Data>
    <Mercato>MGP</Mercato>
    <Ora>18</Ora>
    <Italia>44753,204</Italia>
    <CNOR>4919,868</CNOR>
    <CSUD>7358,273</CSUD>
    <NORD>25297,639</NORD>
    <SARD>1246,603</SARD>
    <SICI>2440,83</SICI>
    <SUD>3489,991</SUD>
  </Fabbisogno>
  <Fabbisogno>
    <Data>20170706</Data>
    <Mercato>MGP</Mercato>
    <Ora>19</Ora>
    <Italia>44120,442</Italia>
    <CNOR>4970,005</CNOR>
    <CSUD>7341,493</CSUD>
    <NORD>24424,889</NORD>
    <SARD>1298,14</SARD>
    <SICI>2478,84</SICI>
    <SUD>3607,075</SUD>
  </Fabbisogno>
  <Fabbisogno>
    <Data>20170706</Data>
    <Mercato>MGP</Mercato>
    <Ora>20</Ora>
    <Italia>43123,814</Italia>
    <CNOR>4900,256</CNOR>
    <CSUD>7305,851</CSUD>
    <NORD>23532,927</NORD>
    <SARD>1315,752</SARD>
    <SICI>2466,534</SICI>
    <SUD>3602,494</SUD>
  </Fabbisogno>
  <Fabbisogno>
    <Data>20170706</Data>
    <Mercato>MGP</Mercato>
    <Ora>21</Ora>
    <Italia>42721,514</Italia>
    <CNOR>4737,456</CNOR>
    <CSUD>7333,274</CSUD>
    <NORD>22867,487</NORD>
    <SARD>1353,032</SARD>
    <SICI>2598,602</SICI>
    <SUD>3831,663</SUD>
  </Fabbisogno>
  <Fabbisogno>
    <Data>20170706</Data>
    <Mercato>MGP</Mercato>
    <Ora>22</Ora>
    <Italia>42257,36</Italia>
    <CNOR>4796,21</CNOR>
    <CSUD>7333,405</CSUD>
    <NORD>22402,589</NORD>
    <SARD>1385,671</SARD>
    <SICI>2547,745</SICI>
    <SUD>3791,74</SUD>
  </Fabbisogno>
  <Fabbisogno>
    <Data>20170706</Data>
    <Mercato>MGP</Mercato>
    <Ora>23</Ora>
    <Italia>39473,105</Italia>
    <CNOR>4415,541</CNOR>
    <CSUD>6792,161</CSUD>
    <NORD>21003,008</NORD>
    <SARD>1305,625</SARD>
    <SICI>2423,449</SICI>
    <SUD>3533,321</SUD>
  </Fabbisogno>
  <Fabbisogno>
    <Data>20170706</Data>
    <Mercato>MGP</Mercato>
    <Ora>24</Ora>
    <Italia>36042,913</Italia>
    <CNOR>3973,949</CNOR>
    <CSUD>6114,686</CSUD>
    <NORD>19449,484</NORD>
    <SARD>1182,69</SARD>
    <SICI>2224,494</SICI>
    <SUD>3097,61</SUD>
  </Fabbisogno>
</NewDataSet>