<?xml version="1.0" standalone="yes"?>
<NewDataSet>
  <xs:schema id="NewDataSet" xmlns="" xmlns:xs="http://www.w3.org/2001/XMLSchema" xmlns:msdata="urn:schemas-microsoft-com:xml-msdata">
    <xs:element name="NewDataSet" msdata:IsDataSet="true" msdata:UseCurrentLocale="true">
      <xs:complexType>
        <xs:choice minOccurs="0" maxOccurs="unbounded">
          <xs:element name="Fabbisogno">
            <xs:complexType>
              <xs:sequence>
                <xs:element name="Data" type="xs:string" minOccurs="0" />
                <xs:element name="Mercato" type="xs:string" minOccurs="0" />
                <xs:element name="Ora" type="xs:string" minOccurs="0" />
                <xs:element name="Italia" type="xs:string" minOccurs="0" />
                <xs:element name="CNOR" type="xs:string" minOccurs="0" />
                <xs:element name="CSUD" type="xs:string" minOccurs="0" />
                <xs:element name="NORD" type="xs:string" minOccurs="0" />
                <xs:element name="SARD" type="xs:string" minOccurs="0" />
                <xs:element name="SICI" type="xs:string" minOccurs="0" />
                <xs:element name="SUD" type="xs:string" minOccurs="0" />
              </xs:sequence>
            </xs:complexType>
          </xs:element>
        </xs:choice>
      </xs:complexType>
    </xs:element>
  </xs:schema>
  <Fabbisogno>
    <Data>20170722</Data>
    <Mercato>MGP</Mercato>
    <Ora>1</Ora>
    <Italia>33488,556</Italia>
    <CNOR>3408,192</CNOR>
    <CSUD>5468,518</CSUD>
    <NORD>18534,92</NORD>
    <SARD>1133,4</SARD>
    <SICI>2110,695</SICI>
    <SUD>2832,831</SUD>
  </Fabbisogno>
  <Fabbisogno>
    <Data>20170722</Data>
    <Mercato>MGP</Mercato>
    <Ora>2</Ora>
    <Italia>31470,009</Italia>
    <CNOR>3243,055</CNOR>
    <CSUD>5061,54</CSUD>
    <NORD>17406,312</NORD>
    <SARD>1108,76</SARD>
    <SICI>1993,471</SICI>
    <SUD>2656,871</SUD>
  </Fabbisogno>
  <Fabbisogno>
    <Data>20170722</Data>
    <Mercato>MGP</Mercato>
    <Ora>3</Ora>
    <Italia>30138,295</Italia>
    <CNOR>3096,882</CNOR>
    <CSUD>4817,294</CSUD>
    <NORD>16713,241</NORD>
    <SARD>1048,561</SARD>
    <SICI>1908,074</SICI>
    <SUD>2554,243</SUD>
  </Fabbisogno>
  <Fabbisogno>
    <Data>20170722</Data>
    <Mercato>MGP</Mercato>
    <Ora>4</Ora>
    <Italia>29343,964</Italia>
    <CNOR>3009,884</CNOR>
    <CSUD>4682,751</CSUD>
    <NORD>16265,357</NORD>
    <SARD>1037,195</SARD>
    <SICI>1840,975</SICI>
    <SUD>2507,802</SUD>
  </Fabbisogno>
  <Fabbisogno>
    <Data>20170722</Data>
    <Mercato>MGP</Mercato>
    <Ora>5</Ora>
    <Italia>28766,168</Italia>
    <CNOR>2927,094</CNOR>
    <CSUD>4589,44</CSUD>
    <NORD>15983,603</NORD>
    <SARD>1021,653</SARD>
    <SICI>1791,615</SICI>
    <SUD>2452,763</SUD>
  </Fabbisogno>
  <Fabbisogno>
    <Data>20170722</Data>
    <Mercato>MGP</Mercato>
    <Ora>6</Ora>
    <Italia>28615,717</Italia>
    <CNOR>2910,126</CNOR>
    <CSUD>4557,55</CSUD>
    <NORD>15951,624</NORD>
    <SARD>985,933</SARD>
    <SICI>1795,21</SICI>
    <SUD>2415,274</SUD>
  </Fabbisogno>
  <Fabbisogno>
    <Data>20170722</Data>
    <Mercato>MGP</Mercato>
    <Ora>7</Ora>
    <Italia>29259,942</Italia>
    <CNOR>3074,701</CNOR>
    <CSUD>4622,962</CSUD>
    <NORD>16385,299</NORD>
    <SARD>992,526</SARD>
    <SICI>1777,363</SICI>
    <SUD>2407,091</SUD>
  </Fabbisogno>
  <Fabbisogno>
    <Data>20170722</Data>
    <Mercato>MGP</Mercato>
    <Ora>8</Ora>
    <Italia>32268,698</Italia>
    <CNOR>3420,109</CNOR>
    <CSUD>5165,194</CSUD>
    <NORD>17972,892</NORD>
    <SARD>1060,418</SARD>
    <SICI>1963,571</SICI>
    <SUD>2686,514</SUD>
  </Fabbisogno>
  <Fabbisogno>
    <Data>20170722</Data>
    <Mercato>MGP</Mercato>
    <Ora>9</Ora>
    <Italia>34492,876</Italia>
    <CNOR>3630,857</CNOR>
    <CSUD>5617,135</CSUD>
    <NORD>19095,643</NORD>
    <SARD>1130,038</SARD>
    <SICI>2102,328</SICI>
    <SUD>2916,875</SUD>
  </Fabbisogno>
  <Fabbisogno>
    <Data>20170722</Data>
    <Mercato>MGP</Mercato>
    <Ora>10</Ora>
    <Italia>36035,126</Italia>
    <CNOR>3796,64</CNOR>
    <CSUD>5981,239</CSUD>
    <NORD>19851,276</NORD>
    <SARD>1153,521</SARD>
    <SICI>2232,79</SICI>
    <SUD>3019,66</SUD>
  </Fabbisogno>
  <Fabbisogno>
    <Data>20170722</Data>
    <Mercato>MGP</Mercato>
    <Ora>11</Ora>
    <Italia>36130,91</Italia>
    <CNOR>3841,767</CNOR>
    <CSUD>6098,088</CSUD>
    <NORD>19786,147</NORD>
    <SARD>1138,384</SARD>
    <SICI>2247,175</SICI>
    <SUD>3019,349</SUD>
  </Fabbisogno>
  <Fabbisogno>
    <Data>20170722</Data>
    <Mercato>MGP</Mercato>
    <Ora>12</Ora>
    <Italia>35869,33</Italia>
    <CNOR>3794,046</CNOR>
    <CSUD>6221,069</CSUD>
    <NORD>19495,468</NORD>
    <SARD>1124,929</SARD>
    <SICI>2216,254</SICI>
    <SUD>3017,564</SUD>
  </Fabbisogno>
  <Fabbisogno>
    <Data>20170722</Data>
    <Mercato>MGP</Mercato>
    <Ora>13</Ora>
    <Italia>34950,756</Italia>
    <CNOR>3636,991</CNOR>
    <CSUD>6252,633</CSUD>
    <NORD>18580,746</NORD>
    <SARD>1168,019</SARD>
    <SICI>2253,26</SICI>
    <SUD>3059,107</SUD>
  </Fabbisogno>
  <Fabbisogno>
    <Data>20170722</Data>
    <Mercato>MGP</Mercato>
    <Ora>14</Ora>
    <Italia>33993,034</Italia>
    <CNOR>3509,027</CNOR>
    <CSUD>6173,541</CSUD>
    <NORD>18016,715</NORD>
    <SARD>1113,951</SARD>
    <SICI>2205,389</SICI>
    <SUD>2974,411</SUD>
  </Fabbisogno>
  <Fabbisogno>
    <Data>20170722</Data>
    <Mercato>MGP</Mercato>
    <Ora>15</Ora>
    <Italia>33379,525</Italia>
    <CNOR>3417,718</CNOR>
    <CSUD>6041,427</CSUD>
    <NORD>17792,705</NORD>
    <SARD>1085,202</SARD>
    <SICI>2157,676</SICI>
    <SUD>2884,797</SUD>
  </Fabbisogno>
  <Fabbisogno>
    <Data>20170722</Data>
    <Mercato>MGP</Mercato>
    <Ora>16</Ora>
    <Italia>33582,02</Italia>
    <CNOR>3490,248</CNOR>
    <CSUD>6022,425</CSUD>
    <NORD>17907,74</NORD>
    <SARD>1075,399</SARD>
    <SICI>2187,901</SICI>
    <SUD>2898,307</SUD>
  </Fabbisogno>
  <Fabbisogno>
    <Data>20170722</Data>
    <Mercato>MGP</Mercato>
    <Ora>17</Ora>
    <Italia>34224,405</Italia>
    <CNOR>3576,64</CNOR>
    <CSUD>6128,075</CSUD>
    <NORD>18171,786</NORD>
    <SARD>1104,714</SARD>
    <SICI>2255,093</SICI>
    <SUD>2988,097</SUD>
  </Fabbisogno>
  <Fabbisogno>
    <Data>20170722</Data>
    <Mercato>MGP</Mercato>
    <Ora>18</Ora>
    <Italia>35307,912</Italia>
    <CNOR>3729,56</CNOR>
    <CSUD>6339,101</CSUD>
    <NORD>18562,48</NORD>
    <SARD>1154,11</SARD>
    <SICI>2361,93</SICI>
    <SUD>3160,731</SUD>
  </Fabbisogno>
  <Fabbisogno>
    <Data>20170722</Data>
    <Mercato>MGP</Mercato>
    <Ora>19</Ora>
    <Italia>36296,993</Italia>
    <CNOR>3861,404</CNOR>
    <CSUD>6334,651</CSUD>
    <NORD>19184,498</NORD>
    <SARD>1232,347</SARD>
    <SICI>2388,389</SICI>
    <SUD>3295,704</SUD>
  </Fabbisogno>
  <Fabbisogno>
    <Data>20170722</Data>
    <Mercato>MGP</Mercato>
    <Ora>20</Ora>
    <Italia>37057,496</Italia>
    <CNOR>4050,309</CNOR>
    <CSUD>6478,148</CSUD>
    <NORD>19371,769</NORD>
    <SARD>1305,319</SARD>
    <SICI>2449,18</SICI>
    <SUD>3402,771</SUD>
  </Fabbisogno>
  <Fabbisogno>
    <Data>20170722</Data>
    <Mercato>MGP</Mercato>
    <Ora>21</Ora>
    <Italia>37004,943</Italia>
    <CNOR>3984,715</CNOR>
    <CSUD>6549,115</CSUD>
    <NORD>18895,19</NORD>
    <SARD>1323,081</SARD>
    <SICI>2588,133</SICI>
    <SUD>3664,709</SUD>
  </Fabbisogno>
  <Fabbisogno>
    <Data>20170722</Data>
    <Mercato>MGP</Mercato>
    <Ora>22</Ora>
    <Italia>37230,09</Italia>
    <CNOR>3967,154</CNOR>
    <CSUD>6563,691</CSUD>
    <NORD>19203,105</NORD>
    <SARD>1341,262</SARD>
    <SICI>2570,739</SICI>
    <SUD>3584,139</SUD>
  </Fabbisogno>
  <Fabbisogno>
    <Data>20170722</Data>
    <Mercato>MGP</Mercato>
    <Ora>23</Ora>
    <Italia>35302,49</Italia>
    <CNOR>3741,553</CNOR>
    <CSUD>6119,329</CSUD>
    <NORD>18449,656</NORD>
    <SARD>1308,181</SARD>
    <SICI>2380,674</SICI>
    <SUD>3303,097</SUD>
  </Fabbisogno>
  <Fabbisogno>
    <Data>20170722</Data>
    <Mercato>MGP</Mercato>
    <Ora>24</Ora>
    <Italia>32525,166</Italia>
    <CNOR>3431,501</CNOR>
    <CSUD>5594,63</CSUD>
    <NORD>17086,057</NORD>
    <SARD>1195,348</SARD>
    <SICI>2188,832</SICI>
    <SUD>3028,798</SUD>
  </Fabbisogno>
</NewDataSet>