<?xml version="1.0" standalone="yes"?>
<NewDataSet>
  <xs:schema id="NewDataSet" xmlns="" xmlns:xs="http://www.w3.org/2001/XMLSchema" xmlns:msdata="urn:schemas-microsoft-com:xml-msdata">
    <xs:element name="NewDataSet" msdata:IsDataSet="true" msdata:UseCurrentLocale="true">
      <xs:complexType>
        <xs:choice minOccurs="0" maxOccurs="unbounded">
          <xs:element name="Fabbisogno">
            <xs:complexType>
              <xs:sequence>
                <xs:element name="Data" type="xs:string" minOccurs="0" />
                <xs:element name="Mercato" type="xs:string" minOccurs="0" />
                <xs:element name="Ora" type="xs:string" minOccurs="0" />
                <xs:element name="Italia" type="xs:string" minOccurs="0" />
                <xs:element name="CNOR" type="xs:string" minOccurs="0" />
                <xs:element name="CSUD" type="xs:string" minOccurs="0" />
                <xs:element name="NORD" type="xs:string" minOccurs="0" />
                <xs:element name="SARD" type="xs:string" minOccurs="0" />
                <xs:element name="SICI" type="xs:string" minOccurs="0" />
                <xs:element name="SUD" type="xs:string" minOccurs="0" />
              </xs:sequence>
            </xs:complexType>
          </xs:element>
        </xs:choice>
      </xs:complexType>
    </xs:element>
  </xs:schema>
  <Fabbisogno>
    <Data>20170715</Data>
    <Mercato>MGP</Mercato>
    <Ora>1</Ora>
    <Italia>33461,558</Italia>
    <CNOR>3581,676</CNOR>
    <CSUD>5532,744</CSUD>
    <NORD>18124,693</NORD>
    <SARD>1105,642</SARD>
    <SICI>2153,498</SICI>
    <SUD>2963,305</SUD>
  </Fabbisogno>
  <Fabbisogno>
    <Data>20170715</Data>
    <Mercato>MGP</Mercato>
    <Ora>2</Ora>
    <Italia>31349,007</Italia>
    <CNOR>3344,944</CNOR>
    <CSUD>5109,194</CSUD>
    <NORD>17098,539</NORD>
    <SARD>1030,91</SARD>
    <SICI>2002,189</SICI>
    <SUD>2763,231</SUD>
  </Fabbisogno>
  <Fabbisogno>
    <Data>20170715</Data>
    <Mercato>MGP</Mercato>
    <Ora>3</Ora>
    <Italia>30023,152</Italia>
    <CNOR>3209,572</CNOR>
    <CSUD>4853,933</CSUD>
    <NORD>16431,82</NORD>
    <SARD>992,265</SARD>
    <SICI>1905,167</SICI>
    <SUD>2630,395</SUD>
  </Fabbisogno>
  <Fabbisogno>
    <Data>20170715</Data>
    <Mercato>MGP</Mercato>
    <Ora>4</Ora>
    <Italia>29170,219</Italia>
    <CNOR>3115,241</CNOR>
    <CSUD>4724,032</CSUD>
    <NORD>15954,925</NORD>
    <SARD>974,6</SARD>
    <SICI>1826,851</SICI>
    <SUD>2574,57</SUD>
  </Fabbisogno>
  <Fabbisogno>
    <Data>20170715</Data>
    <Mercato>MGP</Mercato>
    <Ora>5</Ora>
    <Italia>28783,839</Italia>
    <CNOR>3063,909</CNOR>
    <CSUD>4635,036</CSUD>
    <NORD>15763,634</NORD>
    <SARD>966,759</SARD>
    <SICI>1805,588</SICI>
    <SUD>2548,913</SUD>
  </Fabbisogno>
  <Fabbisogno>
    <Data>20170715</Data>
    <Mercato>MGP</Mercato>
    <Ora>6</Ora>
    <Italia>28478,337</Italia>
    <CNOR>3028,388</CNOR>
    <CSUD>4540,135</CSUD>
    <NORD>15684,421</NORD>
    <SARD>970,914</SARD>
    <SICI>1793,107</SICI>
    <SUD>2461,372</SUD>
  </Fabbisogno>
  <Fabbisogno>
    <Data>20170715</Data>
    <Mercato>MGP</Mercato>
    <Ora>7</Ora>
    <Italia>28937,439</Italia>
    <CNOR>3073,589</CNOR>
    <CSUD>4589,522</CSUD>
    <NORD>16049,769</NORD>
    <SARD>979,165</SARD>
    <SICI>1777,898</SICI>
    <SUD>2467,496</SUD>
  </Fabbisogno>
  <Fabbisogno>
    <Data>20170715</Data>
    <Mercato>MGP</Mercato>
    <Ora>8</Ora>
    <Italia>31609,037</Italia>
    <CNOR>3381,055</CNOR>
    <CSUD>5014,228</CSUD>
    <NORD>17517,519</NORD>
    <SARD>1047,206</SARD>
    <SICI>1949,47</SICI>
    <SUD>2699,559</SUD>
  </Fabbisogno>
  <Fabbisogno>
    <Data>20170715</Data>
    <Mercato>MGP</Mercato>
    <Ora>9</Ora>
    <Italia>34008,738</Italia>
    <CNOR>3618,023</CNOR>
    <CSUD>5510,762</CSUD>
    <NORD>18737,277</NORD>
    <SARD>1143,269</SARD>
    <SICI>2103,439</SICI>
    <SUD>2895,968</SUD>
  </Fabbisogno>
  <Fabbisogno>
    <Data>20170715</Data>
    <Mercato>MGP</Mercato>
    <Ora>10</Ora>
    <Italia>35360,925</Italia>
    <CNOR>3714,572</CNOR>
    <CSUD>5854,822</CSUD>
    <NORD>19413,526</NORD>
    <SARD>1170,657</SARD>
    <SICI>2230,795</SICI>
    <SUD>2976,553</SUD>
  </Fabbisogno>
  <Fabbisogno>
    <Data>20170715</Data>
    <Mercato>MGP</Mercato>
    <Ora>11</Ora>
    <Italia>35415,58</Italia>
    <CNOR>3778,753</CNOR>
    <CSUD>5985,663</CSUD>
    <NORD>19321,699</NORD>
    <SARD>1123,022</SARD>
    <SICI>2243,547</SICI>
    <SUD>2962,896</SUD>
  </Fabbisogno>
  <Fabbisogno>
    <Data>20170715</Data>
    <Mercato>MGP</Mercato>
    <Ora>12</Ora>
    <Italia>35423,653</Italia>
    <CNOR>3805,053</CNOR>
    <CSUD>6059,098</CSUD>
    <NORD>19208,895</NORD>
    <SARD>1121,942</SARD>
    <SICI>2237,938</SICI>
    <SUD>2990,727</SUD>
  </Fabbisogno>
  <Fabbisogno>
    <Data>20170715</Data>
    <Mercato>MGP</Mercato>
    <Ora>13</Ora>
    <Italia>34557,132</Italia>
    <CNOR>3639,149</CNOR>
    <CSUD>6122,939</CSUD>
    <NORD>18384,181</NORD>
    <SARD>1127,9</SARD>
    <SICI>2254,525</SICI>
    <SUD>3028,438</SUD>
  </Fabbisogno>
  <Fabbisogno>
    <Data>20170715</Data>
    <Mercato>MGP</Mercato>
    <Ora>14</Ora>
    <Italia>33575,379</Italia>
    <CNOR>3467,487</CNOR>
    <CSUD>6013,823</CSUD>
    <NORD>17796,077</NORD>
    <SARD>1107,787</SARD>
    <SICI>2227,654</SICI>
    <SUD>2962,551</SUD>
  </Fabbisogno>
  <Fabbisogno>
    <Data>20170715</Data>
    <Mercato>MGP</Mercato>
    <Ora>15</Ora>
    <Italia>32955,092</Italia>
    <CNOR>3430,085</CNOR>
    <CSUD>5843,695</CSUD>
    <NORD>17530,841</NORD>
    <SARD>1075,248</SARD>
    <SICI>2195,724</SICI>
    <SUD>2879,499</SUD>
  </Fabbisogno>
  <Fabbisogno>
    <Data>20170715</Data>
    <Mercato>MGP</Mercato>
    <Ora>16</Ora>
    <Italia>33219,083</Italia>
    <CNOR>3424,784</CNOR>
    <CSUD>5844,219</CSUD>
    <NORD>17803,552</NORD>
    <SARD>1066,956</SARD>
    <SICI>2206,43</SICI>
    <SUD>2873,142</SUD>
  </Fabbisogno>
  <Fabbisogno>
    <Data>20170715</Data>
    <Mercato>MGP</Mercato>
    <Ora>17</Ora>
    <Italia>33676,061</Italia>
    <CNOR>3514,762</CNOR>
    <CSUD>5897,35</CSUD>
    <NORD>17969,492</NORD>
    <SARD>1094,097</SARD>
    <SICI>2264,633</SICI>
    <SUD>2935,727</SUD>
  </Fabbisogno>
  <Fabbisogno>
    <Data>20170715</Data>
    <Mercato>MGP</Mercato>
    <Ora>18</Ora>
    <Italia>34661,274</Italia>
    <CNOR>3604,967</CNOR>
    <CSUD>6065,45</CSUD>
    <NORD>18411,078</NORD>
    <SARD>1139,558</SARD>
    <SICI>2330,969</SICI>
    <SUD>3109,252</SUD>
  </Fabbisogno>
  <Fabbisogno>
    <Data>20170715</Data>
    <Mercato>MGP</Mercato>
    <Ora>19</Ora>
    <Italia>35771,972</Italia>
    <CNOR>3762,77</CNOR>
    <CSUD>6152,441</CSUD>
    <NORD>19003,749</NORD>
    <SARD>1196,559</SARD>
    <SICI>2405,399</SICI>
    <SUD>3251,054</SUD>
  </Fabbisogno>
  <Fabbisogno>
    <Data>20170715</Data>
    <Mercato>MGP</Mercato>
    <Ora>20</Ora>
    <Italia>36557,035</Italia>
    <CNOR>3925,668</CNOR>
    <CSUD>6292,573</CSUD>
    <NORD>19210,223</NORD>
    <SARD>1257,67</SARD>
    <SICI>2480,216</SICI>
    <SUD>3390,685</SUD>
  </Fabbisogno>
  <Fabbisogno>
    <Data>20170715</Data>
    <Mercato>MGP</Mercato>
    <Ora>21</Ora>
    <Italia>36564,649</Italia>
    <CNOR>3916,593</CNOR>
    <CSUD>6454,35</CSUD>
    <NORD>18616,098</NORD>
    <SARD>1319,776</SARD>
    <SICI>2606,248</SICI>
    <SUD>3651,584</SUD>
  </Fabbisogno>
  <Fabbisogno>
    <Data>20170715</Data>
    <Mercato>MGP</Mercato>
    <Ora>22</Ora>
    <Italia>36641,851</Italia>
    <CNOR>3908,85</CNOR>
    <CSUD>6435,874</CSUD>
    <NORD>18849,772</NORD>
    <SARD>1309,333</SARD>
    <SICI>2592,678</SICI>
    <SUD>3545,344</SUD>
  </Fabbisogno>
  <Fabbisogno>
    <Data>20170715</Data>
    <Mercato>MGP</Mercato>
    <Ora>23</Ora>
    <Italia>34763,619</Italia>
    <CNOR>3722,483</CNOR>
    <CSUD>6056,876</CSUD>
    <NORD>18023,596</NORD>
    <SARD>1272,106</SARD>
    <SICI>2401,987</SICI>
    <SUD>3286,571</SUD>
  </Fabbisogno>
  <Fabbisogno>
    <Data>20170715</Data>
    <Mercato>MGP</Mercato>
    <Ora>24</Ora>
    <Italia>32083,782</Italia>
    <CNOR>3433,387</CNOR>
    <CSUD>5590,213</CSUD>
    <NORD>16678,347</NORD>
    <SARD>1145,466</SARD>
    <SICI>2225,345</SICI>
    <SUD>3011,024</SUD>
  </Fabbisogno>
</NewDataSet>