<?xml version="1.0" standalone="yes"?>
<NewDataSet>
  <xs:schema id="NewDataSet" xmlns="" xmlns:xs="http://www.w3.org/2001/XMLSchema" xmlns:msdata="urn:schemas-microsoft-com:xml-msdata">
    <xs:element name="NewDataSet" msdata:IsDataSet="true" msdata:UseCurrentLocale="true">
      <xs:complexType>
        <xs:choice minOccurs="0" maxOccurs="unbounded">
          <xs:element name="Prezzi">
            <xs:complexType>
              <xs:sequence>
                <xs:element name="Data" type="xs:string" minOccurs="0" />
                <xs:element name="Mercato" type="xs:string" minOccurs="0" />
                <xs:element name="Ora" type="xs:string" minOccurs="0" />
                <xs:element name="PUN" type="xs:string" minOccurs="0" />
                <xs:element name="NAT" type="xs:string" minOccurs="0" />
                <xs:element name="CNOR" type="xs:string" minOccurs="0" />
                <xs:element name="CSUD" type="xs:string" minOccurs="0" />
                <xs:element name="NORD" type="xs:string" minOccurs="0" />
                <xs:element name="SARD" type="xs:string" minOccurs="0" />
                <xs:element name="SICI" type="xs:string" minOccurs="0" />
                <xs:element name="SUD" type="xs:string" minOccurs="0" />
                <xs:element name="AUST" type="xs:string" minOccurs="0" />
                <xs:element name="BRNN" type="xs:string" minOccurs="0" />
                <xs:element name="COAC" type="xs:string" minOccurs="0" />
                <xs:element name="CORS" type="xs:string" minOccurs="0" />
                <xs:element name="FOGN" type="xs:string" minOccurs="0" />
                <xs:element name="FRAN" type="xs:string" minOccurs="0" />
                <xs:element name="GREC" type="xs:string" minOccurs="0" />
                <xs:element name="MFTV" type="xs:string" minOccurs="0" />
                <xs:element name="PRGP" type="xs:string" minOccurs="0" />
                <xs:element name="ROSN" type="xs:string" minOccurs="0" />
                <xs:element name="SLOV" type="xs:string" minOccurs="0" />
                <xs:element name="SVIZ" type="xs:string" minOccurs="0" />
                <xs:element name="BSP" type="xs:string" minOccurs="0" />
              </xs:sequence>
            </xs:complexType>
          </xs:element>
        </xs:choice>
      </xs:complexType>
    </xs:element>
  </xs:schema>
  <Prezzi>
    <Data>20140507</Data>
    <Mercato>MGP</Mercato>
    <Ora>1</Ora>
    <PUN>47,691010</PUN>
    <NAT>48,540000</NAT>
    <CNOR>46,000000</CNOR>
    <CSUD>46,000000</CSUD>
    <NORD>46,000000</NORD>
    <SARD>46,000000</SARD>
    <SICI>70,020000</SICI>
    <SUD>46,000000</SUD>
    <AUST>46,000000</AUST>
    <BRNN>46,000000</BRNN>
    <COAC>46,000000</COAC>
    <CORS>0,000000</CORS>
    <FOGN>46,000000</FOGN>
    <FRAN>46,000000</FRAN>
    <GREC>46,000000</GREC>
    <MFTV>46,000000</MFTV>
    <PRGP>70,020000</PRGP>
    <ROSN>46,000000</ROSN>
    <SLOV>46,000000</SLOV>
    <SVIZ>46,000000</SVIZ>
    <BSP>29,840000</BSP>
  </Prezzi>
  <Prezzi>
    <Data>20140507</Data>
    <Mercato>MGP</Mercato>
    <Ora>2</Ora>
    <PUN>43,226654</PUN>
    <NAT>42,990000</NAT>
    <CNOR>41,330000</CNOR>
    <CSUD>41,330000</CSUD>
    <NORD>41,330000</NORD>
    <SARD>41,330000</SARD>
    <SICI>70,010000</SICI>
    <SUD>41,330000</SUD>
    <AUST>41,330000</AUST>
    <BRNN>41,330000</BRNN>
    <COAC>41,330000</COAC>
    <CORS>0,000000</CORS>
    <FOGN>41,330000</FOGN>
    <FRAN>41,330000</FRAN>
    <GREC>41,330000</GREC>
    <MFTV>41,330000</MFTV>
    <PRGP>70,010000</PRGP>
    <ROSN>41,330000</ROSN>
    <SLOV>41,330000</SLOV>
    <SVIZ>41,330000</SVIZ>
    <BSP>27,080000</BSP>
  </Prezzi>
  <Prezzi>
    <Data>20140507</Data>
    <Mercato>MGP</Mercato>
    <Ora>3</Ora>
    <PUN>40,060166</PUN>
    <NAT>38,000000</NAT>
    <CNOR>38,000000</CNOR>
    <CSUD>38,000000</CSUD>
    <NORD>38,000000</NORD>
    <SARD>38,000000</SARD>
    <SICI>70,010000</SICI>
    <SUD>38,000000</SUD>
    <AUST>38,000000</AUST>
    <BRNN>38,000000</BRNN>
    <COAC>38,000000</COAC>
    <CORS>0,000000</CORS>
    <FOGN>38,000000</FOGN>
    <FRAN>38,000000</FRAN>
    <GREC>38,000000</GREC>
    <MFTV>38,000000</MFTV>
    <PRGP>70,010000</PRGP>
    <ROSN>38,000000</ROSN>
    <SLOV>38,000000</SLOV>
    <SVIZ>38,000000</SVIZ>
    <BSP>24,410000</BSP>
  </Prezzi>
  <Prezzi>
    <Data>20140507</Data>
    <Mercato>MGP</Mercato>
    <Ora>4</Ora>
    <PUN>40,000765</PUN>
    <NAT>37,980000</NAT>
    <CNOR>37,980000</CNOR>
    <CSUD>37,980000</CSUD>
    <NORD>37,980000</NORD>
    <SARD>37,980000</SARD>
    <SICI>70,000000</SICI>
    <SUD>37,980000</SUD>
    <AUST>37,980000</AUST>
    <BRNN>37,980000</BRNN>
    <COAC>37,980000</COAC>
    <CORS>0,000000</CORS>
    <FOGN>37,980000</FOGN>
    <FRAN>37,980000</FRAN>
    <GREC>37,980000</GREC>
    <MFTV>37,980000</MFTV>
    <PRGP>70,000000</PRGP>
    <ROSN>37,980000</ROSN>
    <SLOV>37,980000</SLOV>
    <SVIZ>37,980000</SVIZ>
    <BSP>23,500000</BSP>
  </Prezzi>
  <Prezzi>
    <Data>20140507</Data>
    <Mercato>MGP</Mercato>
    <Ora>5</Ora>
    <PUN>40,019399</PUN>
    <NAT>38,000000</NAT>
    <CNOR>38,000000</CNOR>
    <CSUD>38,000000</CSUD>
    <NORD>38,000000</NORD>
    <SARD>38,000000</SARD>
    <SICI>70,000000</SICI>
    <SUD>38,000000</SUD>
    <AUST>38,000000</AUST>
    <BRNN>38,000000</BRNN>
    <COAC>38,000000</COAC>
    <CORS>0,000000</CORS>
    <FOGN>38,000000</FOGN>
    <FRAN>38,000000</FRAN>
    <GREC>38,000000</GREC>
    <MFTV>38,000000</MFTV>
    <PRGP>70,000000</PRGP>
    <ROSN>38,000000</ROSN>
    <SLOV>38,000000</SLOV>
    <SVIZ>38,000000</SVIZ>
    <BSP>24,110000</BSP>
  </Prezzi>
  <Prezzi>
    <Data>20140507</Data>
    <Mercato>MGP</Mercato>
    <Ora>6</Ora>
    <PUN>45,000000</PUN>
    <NAT>42,990000</NAT>
    <CNOR>43,412864</CNOR>
    <CSUD>43,412864</CSUD>
    <NORD>43,412864</NORD>
    <SARD>43,412864</SARD>
    <SICI>70,000000</SICI>
    <SUD>43,412864</SUD>
    <AUST>43,412864</AUST>
    <BRNN>43,412864</BRNN>
    <COAC>43,412864</COAC>
    <CORS>0,000000</CORS>
    <FOGN>43,412864</FOGN>
    <FRAN>43,412864</FRAN>
    <GREC>43,412864</GREC>
    <MFTV>43,412864</MFTV>
    <PRGP>70,000000</PRGP>
    <ROSN>43,412864</ROSN>
    <SLOV>43,412864</SLOV>
    <SVIZ>43,412864</SVIZ>
    <BSP>27,610000</BSP>
  </Prezzi>
  <Prezzi>
    <Data>20140507</Data>
    <Mercato>MGP</Mercato>
    <Ora>7</Ora>
    <PUN>46,437125</PUN>
    <NAT>45,020000</NAT>
    <CNOR>45,000000</CNOR>
    <CSUD>45,000000</CSUD>
    <NORD>45,000000</NORD>
    <SARD>45,000000</SARD>
    <SICI>70,000000</SICI>
    <SUD>45,000000</SUD>
    <AUST>45,000000</AUST>
    <BRNN>45,000000</BRNN>
    <COAC>45,000000</COAC>
    <CORS>0,000000</CORS>
    <FOGN>45,000000</FOGN>
    <FRAN>45,000000</FRAN>
    <GREC>45,000000</GREC>
    <MFTV>45,000000</MFTV>
    <PRGP>70,000000</PRGP>
    <ROSN>45,000000</ROSN>
    <SLOV>45,000000</SLOV>
    <SVIZ>45,000000</SVIZ>
    <BSP>36,450000</BSP>
  </Prezzi>
  <Prezzi>
    <Data>20140507</Data>
    <Mercato>MGP</Mercato>
    <Ora>8</Ora>
    <PUN>52,572678</PUN>
    <NAT>51,000000</NAT>
    <CNOR>50,000000</CNOR>
    <CSUD>50,000000</CSUD>
    <NORD>50,000000</NORD>
    <SARD>50,000000</SARD>
    <SICI>95,020000</SICI>
    <SUD>50,000000</SUD>
    <AUST>50,000000</AUST>
    <BRNN>50,000000</BRNN>
    <COAC>50,000000</COAC>
    <CORS>0,000000</CORS>
    <FOGN>50,000000</FOGN>
    <FRAN>50,000000</FRAN>
    <GREC>50,000000</GREC>
    <MFTV>50,000000</MFTV>
    <PRGP>95,020000</PRGP>
    <ROSN>50,000000</ROSN>
    <SLOV>50,000000</SLOV>
    <SVIZ>50,000000</SVIZ>
    <BSP>43,140000</BSP>
  </Prezzi>
  <Prezzi>
    <Data>20140507</Data>
    <Mercato>MGP</Mercato>
    <Ora>9</Ora>
    <PUN>64,377017</PUN>
    <NAT>60,000000</NAT>
    <CNOR>61,980000</CNOR>
    <CSUD>61,980000</CSUD>
    <NORD>61,980000</NORD>
    <SARD>61,980000</SARD>
    <SICI>105,010000</SICI>
    <SUD>61,980000</SUD>
    <AUST>61,980000</AUST>
    <BRNN>61,980000</BRNN>
    <COAC>61,980000</COAC>
    <CORS>0,000000</CORS>
    <FOGN>61,980000</FOGN>
    <FRAN>61,980000</FRAN>
    <GREC>61,980000</GREC>
    <MFTV>61,980000</MFTV>
    <PRGP>105,010000</PRGP>
    <ROSN>61,980000</ROSN>
    <SLOV>61,980000</SLOV>
    <SVIZ>61,980000</SVIZ>
    <BSP>46,850000</BSP>
  </Prezzi>
  <Prezzi>
    <Data>20140507</Data>
    <Mercato>MGP</Mercato>
    <Ora>10</Ora>
    <PUN>54,360112</PUN>
    <NAT>51,130000</NAT>
    <CNOR>49,360000</CNOR>
    <CSUD>49,360000</CSUD>
    <NORD>52,380000</NORD>
    <SARD>49,360000</SARD>
    <SICI>105,010000</SICI>
    <SUD>49,360000</SUD>
    <AUST>52,380000</AUST>
    <BRNN>49,360000</BRNN>
    <COAC>49,360000</COAC>
    <CORS>0,000000</CORS>
    <FOGN>49,360000</FOGN>
    <FRAN>52,380000</FRAN>
    <GREC>49,360000</GREC>
    <MFTV>52,380000</MFTV>
    <PRGP>105,010000</PRGP>
    <ROSN>49,360000</ROSN>
    <SLOV>52,380000</SLOV>
    <SVIZ>52,380000</SVIZ>
    <BSP>44,310000</BSP>
  </Prezzi>
  <Prezzi>
    <Data>20140507</Data>
    <Mercato>MGP</Mercato>
    <Ora>11</Ora>
    <PUN>47,556667</PUN>
    <NAT>45,020000</NAT>
    <CNOR>34,620000</CNOR>
    <CSUD>34,620000</CSUD>
    <NORD>49,510000</NORD>
    <SARD>34,620000</SARD>
    <SICI>105,000000</SICI>
    <SUD>34,620000</SUD>
    <AUST>49,510000</AUST>
    <BRNN>34,620000</BRNN>
    <COAC>34,620000</COAC>
    <CORS>0,000000</CORS>
    <FOGN>34,620000</FOGN>
    <FRAN>49,510000</FRAN>
    <GREC>34,620000</GREC>
    <MFTV>49,510000</MFTV>
    <PRGP>105,000000</PRGP>
    <ROSN>34,620000</ROSN>
    <SLOV>49,510000</SLOV>
    <SVIZ>49,510000</SVIZ>
    <BSP>42,060000</BSP>
  </Prezzi>
  <Prezzi>
    <Data>20140507</Data>
    <Mercato>MGP</Mercato>
    <Ora>12</Ora>
    <PUN>43,847235</PUN>
    <NAT>43,070000</NAT>
    <CNOR>29,620000</CNOR>
    <CSUD>29,620000</CSUD>
    <NORD>50,960000</NORD>
    <SARD>29,620000</SARD>
    <SICI>51,010000</SICI>
    <SUD>29,620000</SUD>
    <AUST>50,960000</AUST>
    <BRNN>29,620000</BRNN>
    <COAC>29,620000</COAC>
    <CORS>0,000000</CORS>
    <FOGN>29,620000</FOGN>
    <FRAN>50,960000</FRAN>
    <GREC>29,620000</GREC>
    <MFTV>50,960000</MFTV>
    <PRGP>51,010000</PRGP>
    <ROSN>29,620000</ROSN>
    <SLOV>50,960000</SLOV>
    <SVIZ>50,960000</SVIZ>
    <BSP>42,410000</BSP>
  </Prezzi>
  <Prezzi>
    <Data>20140507</Data>
    <Mercato>MGP</Mercato>
    <Ora>13</Ora>
    <PUN>33,764375</PUN>
    <NAT>35,100000</NAT>
    <CNOR>19,900000</CNOR>
    <CSUD>19,900000</CSUD>
    <NORD>39,990000</NORD>
    <SARD>19,900000</SARD>
    <SICI>51,010000</SICI>
    <SUD>19,900000</SUD>
    <AUST>39,990000</AUST>
    <BRNN>19,900000</BRNN>
    <COAC>19,900000</COAC>
    <CORS>0,000000</CORS>
    <FOGN>19,900000</FOGN>
    <FRAN>39,990000</FRAN>
    <GREC>19,900000</GREC>
    <MFTV>39,990000</MFTV>
    <PRGP>51,010000</PRGP>
    <ROSN>19,900000</ROSN>
    <SLOV>39,990000</SLOV>
    <SVIZ>39,990000</SVIZ>
    <BSP>37,720000</BSP>
  </Prezzi>
  <Prezzi>
    <Data>20140507</Data>
    <Mercato>MGP</Mercato>
    <Ora>14</Ora>
    <PUN>29,500000</PUN>
    <NAT>34,570000</NAT>
    <CNOR>3,875754</CNOR>
    <CSUD>3,875754</CSUD>
    <NORD>41,330000</NORD>
    <SARD>3,875754</SARD>
    <SICI>51,010000</SICI>
    <SUD>3,875754</SUD>
    <AUST>41,330000</AUST>
    <BRNN>3,875754</BRNN>
    <COAC>3,875754</COAC>
    <CORS>0,000000</CORS>
    <FOGN>3,875754</FOGN>
    <FRAN>41,330000</FRAN>
    <GREC>3,875754</GREC>
    <MFTV>41,330000</MFTV>
    <PRGP>51,010000</PRGP>
    <ROSN>3,875754</ROSN>
    <SLOV>41,330000</SLOV>
    <SVIZ>41,330000</SVIZ>
    <BSP>37,510000</BSP>
  </Prezzi>
  <Prezzi>
    <Data>20140507</Data>
    <Mercato>MGP</Mercato>
    <Ora>15</Ora>
    <PUN>31,902612</PUN>
    <NAT>35,000000</NAT>
    <CNOR>5,000000</CNOR>
    <CSUD>5,000000</CSUD>
    <NORD>44,700000</NORD>
    <SARD>5,000000</SARD>
    <SICI>51,010000</SICI>
    <SUD>5,000000</SUD>
    <AUST>44,700000</AUST>
    <BRNN>5,000000</BRNN>
    <COAC>5,000000</COAC>
    <CORS>0,000000</CORS>
    <FOGN>5,000000</FOGN>
    <FRAN>44,700000</FRAN>
    <GREC>5,000000</GREC>
    <MFTV>44,700000</MFTV>
    <PRGP>51,010000</PRGP>
    <ROSN>5,000000</ROSN>
    <SLOV>44,700000</SLOV>
    <SVIZ>44,700000</SVIZ>
    <BSP>36,930000</BSP>
  </Prezzi>
  <Prezzi>
    <Data>20140507</Data>
    <Mercato>MGP</Mercato>
    <Ora>16</Ora>
    <PUN>36,000000</PUN>
    <NAT>38,540000</NAT>
    <CNOR>5,336893</CNOR>
    <CSUD>5,336893</CSUD>
    <NORD>51,170000</NORD>
    <SARD>5,336893</SARD>
    <SICI>51,010000</SICI>
    <SUD>5,336893</SUD>
    <AUST>51,170000</AUST>
    <BRNN>5,336893</BRNN>
    <COAC>5,336893</COAC>
    <CORS>0,000000</CORS>
    <FOGN>5,336893</FOGN>
    <FRAN>51,170000</FRAN>
    <GREC>5,336893</GREC>
    <MFTV>51,170000</MFTV>
    <PRGP>51,010000</PRGP>
    <ROSN>5,336893</ROSN>
    <SLOV>51,170000</SLOV>
    <SVIZ>51,170000</SVIZ>
    <BSP>36,490000</BSP>
  </Prezzi>
  <Prezzi>
    <Data>20140507</Data>
    <Mercato>MGP</Mercato>
    <Ora>17</Ora>
    <PUN>46,618339</PUN>
    <NAT>41,480000</NAT>
    <CNOR>29,620000</CNOR>
    <CSUD>29,620000</CSUD>
    <NORD>50,700000</NORD>
    <SARD>29,620000</SARD>
    <SICI>105,000000</SICI>
    <SUD>29,620000</SUD>
    <AUST>50,700000</AUST>
    <BRNN>29,620000</BRNN>
    <COAC>29,620000</COAC>
    <CORS>0,000000</CORS>
    <FOGN>29,620000</FOGN>
    <FRAN>50,700000</FRAN>
    <GREC>29,620000</GREC>
    <MFTV>50,700000</MFTV>
    <PRGP>105,000000</PRGP>
    <ROSN>29,620000</ROSN>
    <SLOV>50,700000</SLOV>
    <SVIZ>50,700000</SVIZ>
    <BSP>34,190000</BSP>
  </Prezzi>
  <Prezzi>
    <Data>20140507</Data>
    <Mercato>MGP</Mercato>
    <Ora>18</Ora>
    <PUN>49,093291</PUN>
    <NAT>45,450000</NAT>
    <CNOR>34,620000</CNOR>
    <CSUD>34,620000</CSUD>
    <NORD>50,000000</NORD>
    <SARD>34,620000</SARD>
    <SICI>130,010000</SICI>
    <SUD>34,620000</SUD>
    <AUST>50,000000</AUST>
    <BRNN>34,620000</BRNN>
    <COAC>34,620000</COAC>
    <CORS>34,620000</CORS>
    <FOGN>34,620000</FOGN>
    <FRAN>50,000000</FRAN>
    <GREC>34,620000</GREC>
    <MFTV>50,000000</MFTV>
    <PRGP>130,010000</PRGP>
    <ROSN>34,620000</ROSN>
    <SLOV>50,000000</SLOV>
    <SVIZ>50,000000</SVIZ>
    <BSP>35,000000</BSP>
  </Prezzi>
  <Prezzi>
    <Data>20140507</Data>
    <Mercato>MGP</Mercato>
    <Ora>19</Ora>
    <PUN>51,899301</PUN>
    <NAT>49,990000</NAT>
    <CNOR>40,030000</CNOR>
    <CSUD>40,030000</CSUD>
    <NORD>50,810000</NORD>
    <SARD>40,030000</SARD>
    <SICI>135,020000</SICI>
    <SUD>40,030000</SUD>
    <AUST>50,810000</AUST>
    <BRNN>40,030000</BRNN>
    <COAC>40,030000</COAC>
    <CORS>40,030000</CORS>
    <FOGN>40,030000</FOGN>
    <FRAN>50,810000</FRAN>
    <GREC>40,030000</GREC>
    <MFTV>50,810000</MFTV>
    <PRGP>135,020000</PRGP>
    <ROSN>40,030000</ROSN>
    <SLOV>50,810000</SLOV>
    <SVIZ>50,810000</SVIZ>
    <BSP>37,670000</BSP>
  </Prezzi>
  <Prezzi>
    <Data>20140507</Data>
    <Mercato>MGP</Mercato>
    <Ora>20</Ora>
    <PUN>57,885000</PUN>
    <NAT>53,820000</NAT>
    <CNOR>52,990000</CNOR>
    <CSUD>52,990000</CSUD>
    <NORD>52,990000</NORD>
    <SARD>52,990000</SARD>
    <SICI>135,020000</SICI>
    <SUD>52,990000</SUD>
    <AUST>52,990000</AUST>
    <BRNN>52,990000</BRNN>
    <COAC>52,990000</COAC>
    <CORS>52,990000</CORS>
    <FOGN>52,990000</FOGN>
    <FRAN>52,990000</FRAN>
    <GREC>52,990000</GREC>
    <MFTV>52,990000</MFTV>
    <PRGP>135,020000</PRGP>
    <ROSN>52,990000</ROSN>
    <SLOV>52,990000</SLOV>
    <SVIZ>52,990000</SVIZ>
    <BSP>42,850000</BSP>
  </Prezzi>
  <Prezzi>
    <Data>20140507</Data>
    <Mercato>MGP</Mercato>
    <Ora>21</Ora>
    <PUN>82,590639</PUN>
    <NAT>80,220000</NAT>
    <CNOR>79,000000</CNOR>
    <CSUD>79,000000</CSUD>
    <NORD>79,000000</NORD>
    <SARD>79,000000</SARD>
    <SICI>135,020000</SICI>
    <SUD>79,000000</SUD>
    <AUST>79,000000</AUST>
    <BRNN>79,000000</BRNN>
    <COAC>79,000000</COAC>
    <CORS>79,000000</CORS>
    <FOGN>79,000000</FOGN>
    <FRAN>79,000000</FRAN>
    <GREC>79,000000</GREC>
    <MFTV>79,000000</MFTV>
    <PRGP>135,020000</PRGP>
    <ROSN>79,000000</ROSN>
    <SLOV>79,000000</SLOV>
    <SVIZ>79,000000</SVIZ>
    <BSP>51,140000</BSP>
  </Prezzi>
  <Prezzi>
    <Data>20140507</Data>
    <Mercato>MGP</Mercato>
    <Ora>22</Ora>
    <PUN>66,704919</PUN>
    <NAT>64,180000</NAT>
    <CNOR>62,140000</CNOR>
    <CSUD>62,140000</CSUD>
    <NORD>62,140000</NORD>
    <SARD>62,140000</SARD>
    <SICI>135,020000</SICI>
    <SUD>62,140000</SUD>
    <AUST>62,140000</AUST>
    <BRNN>62,140000</BRNN>
    <COAC>62,140000</COAC>
    <CORS>62,140000</CORS>
    <FOGN>62,140000</FOGN>
    <FRAN>62,140000</FRAN>
    <GREC>62,140000</GREC>
    <MFTV>62,140000</MFTV>
    <PRGP>135,020000</PRGP>
    <ROSN>62,140000</ROSN>
    <SLOV>62,140000</SLOV>
    <SVIZ>62,140000</SVIZ>
    <BSP>43,450000</BSP>
  </Prezzi>
  <Prezzi>
    <Data>20140507</Data>
    <Mercato>MGP</Mercato>
    <Ora>23</Ora>
    <PUN>54,938340</PUN>
    <NAT>50,190000</NAT>
    <CNOR>49,800000</CNOR>
    <CSUD>49,800000</CSUD>
    <NORD>49,800000</NORD>
    <SARD>49,800000</SARD>
    <SICI>130,020000</SICI>
    <SUD>49,800000</SUD>
    <AUST>49,800000</AUST>
    <BRNN>49,800000</BRNN>
    <COAC>49,800000</COAC>
    <CORS>49,800000</CORS>
    <FOGN>49,800000</FOGN>
    <FRAN>49,800000</FRAN>
    <GREC>49,800000</GREC>
    <MFTV>49,800000</MFTV>
    <PRGP>130,020000</PRGP>
    <ROSN>49,800000</ROSN>
    <SLOV>49,800000</SLOV>
    <SVIZ>49,800000</SVIZ>
    <BSP>38,750000</BSP>
  </Prezzi>
  <Prezzi>
    <Data>20140507</Data>
    <Mercato>MGP</Mercato>
    <Ora>24</Ora>
    <PUN>50,265314</PUN>
    <NAT>46,890000</NAT>
    <CNOR>46,500000</CNOR>
    <CSUD>46,500000</CSUD>
    <NORD>46,500000</NORD>
    <SARD>46,500000</SARD>
    <SICI>105,020000</SICI>
    <SUD>46,500000</SUD>
    <AUST>46,500000</AUST>
    <BRNN>46,500000</BRNN>
    <COAC>46,500000</COAC>
    <CORS>46,500000</CORS>
    <FOGN>46,500000</FOGN>
    <FRAN>46,500000</FRAN>
    <GREC>46,500000</GREC>
    <MFTV>46,500000</MFTV>
    <PRGP>105,020000</PRGP>
    <ROSN>46,500000</ROSN>
    <SLOV>46,500000</SLOV>
    <SVIZ>46,500000</SVIZ>
    <BSP>30,960000</BSP>
  </Prezzi>
</NewDataSet>