<?xml version="1.0" standalone="yes"?>
<NewDataSet>
  <xs:schema id="NewDataSet" xmlns="" xmlns:xs="http://www.w3.org/2001/XMLSchema" xmlns:msdata="urn:schemas-microsoft-com:xml-msdata">
    <xs:element name="NewDataSet" msdata:IsDataSet="true" msdata:UseCurrentLocale="true">
      <xs:complexType>
        <xs:choice minOccurs="0" maxOccurs="unbounded">
          <xs:element name="Prezzi">
            <xs:complexType>
              <xs:sequence>
                <xs:element name="Data" type="xs:string" minOccurs="0" />
                <xs:element name="Mercato" type="xs:string" minOccurs="0" />
                <xs:element name="Ora" type="xs:string" minOccurs="0" />
                <xs:element name="PUN" type="xs:string" minOccurs="0" />
                <xs:element name="NAT" type="xs:string" minOccurs="0" />
                <xs:element name="CNOR" type="xs:string" minOccurs="0" />
                <xs:element name="CSUD" type="xs:string" minOccurs="0" />
                <xs:element name="NORD" type="xs:string" minOccurs="0" />
                <xs:element name="SARD" type="xs:string" minOccurs="0" />
                <xs:element name="SICI" type="xs:string" minOccurs="0" />
                <xs:element name="SUD" type="xs:string" minOccurs="0" />
                <xs:element name="AUST" type="xs:string" minOccurs="0" />
                <xs:element name="BRNN" type="xs:string" minOccurs="0" />
                <xs:element name="COAC" type="xs:string" minOccurs="0" />
                <xs:element name="CORS" type="xs:string" minOccurs="0" />
                <xs:element name="FOGN" type="xs:string" minOccurs="0" />
                <xs:element name="FRAN" type="xs:string" minOccurs="0" />
                <xs:element name="GREC" type="xs:string" minOccurs="0" />
                <xs:element name="MFTV" type="xs:string" minOccurs="0" />
                <xs:element name="PRGP" type="xs:string" minOccurs="0" />
                <xs:element name="ROSN" type="xs:string" minOccurs="0" />
                <xs:element name="SLOV" type="xs:string" minOccurs="0" />
                <xs:element name="SVIZ" type="xs:string" minOccurs="0" />
                <xs:element name="BSP" type="xs:string" minOccurs="0" />
              </xs:sequence>
            </xs:complexType>
          </xs:element>
        </xs:choice>
      </xs:complexType>
    </xs:element>
  </xs:schema>
  <Prezzi>
    <Data>20140502</Data>
    <Mercato>MGP</Mercato>
    <Ora>1</Ora>
    <PUN>51,547251</PUN>
    <NAT>50,000000</NAT>
    <CNOR>50,000000</CNOR>
    <CSUD>50,000000</CSUD>
    <NORD>50,000000</NORD>
    <SARD>50,000000</SARD>
    <SICI>70,000000</SICI>
    <SUD>50,000000</SUD>
    <AUST>50,000000</AUST>
    <BRNN>50,000000</BRNN>
    <COAC>50,000000</COAC>
    <CORS>50,000000</CORS>
    <FOGN>50,000000</FOGN>
    <FRAN>50,000000</FRAN>
    <GREC>50,000000</GREC>
    <MFTV>50,000000</MFTV>
    <PRGP>70,000000</PRGP>
    <ROSN>50,000000</ROSN>
    <SLOV>50,000000</SLOV>
    <SVIZ>50,000000</SVIZ>
    <BSP>23,930000</BSP>
  </Prezzi>
  <Prezzi>
    <Data>20140502</Data>
    <Mercato>MGP</Mercato>
    <Ora>2</Ora>
    <PUN>46,719876</PUN>
    <NAT>40,040000</NAT>
    <CNOR>45,000000</CNOR>
    <CSUD>45,000000</CSUD>
    <NORD>45,000000</NORD>
    <SARD>45,000000</SARD>
    <SICI>70,000000</SICI>
    <SUD>45,000000</SUD>
    <AUST>45,000000</AUST>
    <BRNN>45,000000</BRNN>
    <COAC>45,000000</COAC>
    <CORS>45,000000</CORS>
    <FOGN>45,000000</FOGN>
    <FRAN>45,000000</FRAN>
    <GREC>45,000000</GREC>
    <MFTV>45,000000</MFTV>
    <PRGP>70,000000</PRGP>
    <ROSN>45,000000</ROSN>
    <SLOV>45,000000</SLOV>
    <SVIZ>45,000000</SVIZ>
    <BSP>20,440000</BSP>
  </Prezzi>
  <Prezzi>
    <Data>20140502</Data>
    <Mercato>MGP</Mercato>
    <Ora>3</Ora>
    <PUN>41,871792</PUN>
    <NAT>37,260000</NAT>
    <CNOR>39,870000</CNOR>
    <CSUD>39,870000</CSUD>
    <NORD>39,870000</NORD>
    <SARD>39,870000</SARD>
    <SICI>70,000000</SICI>
    <SUD>39,870000</SUD>
    <AUST>39,870000</AUST>
    <BRNN>39,870000</BRNN>
    <COAC>39,870000</COAC>
    <CORS>39,870000</CORS>
    <FOGN>39,870000</FOGN>
    <FRAN>39,870000</FRAN>
    <GREC>39,870000</GREC>
    <MFTV>39,870000</MFTV>
    <PRGP>70,000000</PRGP>
    <ROSN>39,870000</ROSN>
    <SLOV>39,870000</SLOV>
    <SVIZ>39,870000</SVIZ>
    <BSP>19,550000</BSP>
  </Prezzi>
  <Prezzi>
    <Data>20140502</Data>
    <Mercato>MGP</Mercato>
    <Ora>4</Ora>
    <PUN>39,237341</PUN>
    <NAT>37,260000</NAT>
    <CNOR>38,000000</CNOR>
    <CSUD>38,000000</CSUD>
    <NORD>38,000000</NORD>
    <SARD>38,000000</SARD>
    <SICI>56,990000</SICI>
    <SUD>38,000000</SUD>
    <AUST>38,000000</AUST>
    <BRNN>38,000000</BRNN>
    <COAC>38,000000</COAC>
    <CORS>38,000000</CORS>
    <FOGN>38,000000</FOGN>
    <FRAN>38,000000</FRAN>
    <GREC>38,000000</GREC>
    <MFTV>38,000000</MFTV>
    <PRGP>56,990000</PRGP>
    <ROSN>38,000000</ROSN>
    <SLOV>38,000000</SLOV>
    <SVIZ>38,000000</SVIZ>
    <BSP>18,870000</BSP>
  </Prezzi>
  <Prezzi>
    <Data>20140502</Data>
    <Mercato>MGP</Mercato>
    <Ora>5</Ora>
    <PUN>39,383646</PUN>
    <NAT>36,980000</NAT>
    <CNOR>37,260000</CNOR>
    <CSUD>37,260000</CSUD>
    <NORD>37,260000</NORD>
    <SARD>37,260000</SARD>
    <SICI>70,000000</SICI>
    <SUD>37,260000</SUD>
    <AUST>37,260000</AUST>
    <BRNN>37,260000</BRNN>
    <COAC>37,260000</COAC>
    <CORS>37,260000</CORS>
    <FOGN>37,260000</FOGN>
    <FRAN>37,260000</FRAN>
    <GREC>37,260000</GREC>
    <MFTV>37,260000</MFTV>
    <PRGP>70,000000</PRGP>
    <ROSN>37,260000</ROSN>
    <SLOV>37,260000</SLOV>
    <SVIZ>37,260000</SVIZ>
    <BSP>19,070000</BSP>
  </Prezzi>
  <Prezzi>
    <Data>20140502</Data>
    <Mercato>MGP</Mercato>
    <Ora>6</Ora>
    <PUN>41,926320</PUN>
    <NAT>39,870000</NAT>
    <CNOR>40,040000</CNOR>
    <CSUD>40,040000</CSUD>
    <NORD>40,040000</NORD>
    <SARD>40,040000</SARD>
    <SICI>70,000000</SICI>
    <SUD>40,040000</SUD>
    <AUST>40,040000</AUST>
    <BRNN>40,040000</BRNN>
    <COAC>40,040000</COAC>
    <CORS>40,040000</CORS>
    <FOGN>40,040000</FOGN>
    <FRAN>40,040000</FRAN>
    <GREC>40,040000</GREC>
    <MFTV>40,040000</MFTV>
    <PRGP>70,000000</PRGP>
    <ROSN>40,040000</ROSN>
    <SLOV>40,040000</SLOV>
    <SVIZ>40,040000</SVIZ>
    <BSP>21,330000</BSP>
  </Prezzi>
  <Prezzi>
    <Data>20140502</Data>
    <Mercato>MGP</Mercato>
    <Ora>7</Ora>
    <PUN>47,410146</PUN>
    <NAT>44,990000</NAT>
    <CNOR>46,000000</CNOR>
    <CSUD>46,000000</CSUD>
    <NORD>46,000000</NORD>
    <SARD>46,000000</SARD>
    <SICI>70,000000</SICI>
    <SUD>46,000000</SUD>
    <AUST>46,000000</AUST>
    <BRNN>46,000000</BRNN>
    <COAC>46,000000</COAC>
    <CORS>46,000000</CORS>
    <FOGN>46,000000</FOGN>
    <FRAN>46,000000</FRAN>
    <GREC>46,000000</GREC>
    <MFTV>46,000000</MFTV>
    <PRGP>70,000000</PRGP>
    <ROSN>46,000000</ROSN>
    <SLOV>46,000000</SLOV>
    <SVIZ>46,000000</SVIZ>
    <BSP>25,880000</BSP>
  </Prezzi>
  <Prezzi>
    <Data>20140502</Data>
    <Mercato>MGP</Mercato>
    <Ora>8</Ora>
    <PUN>52,894787</PUN>
    <NAT>50,310000</NAT>
    <CNOR>50,150000</CNOR>
    <CSUD>50,150000</CSUD>
    <NORD>50,150000</NORD>
    <SARD>50,150000</SARD>
    <SICI>95,000000</SICI>
    <SUD>50,150000</SUD>
    <AUST>50,150000</AUST>
    <BRNN>50,150000</BRNN>
    <COAC>50,150000</COAC>
    <CORS>50,150000</CORS>
    <FOGN>50,150000</FOGN>
    <FRAN>50,150000</FRAN>
    <GREC>50,150000</GREC>
    <MFTV>50,150000</MFTV>
    <PRGP>95,000000</PRGP>
    <ROSN>50,150000</ROSN>
    <SLOV>50,150000</SLOV>
    <SVIZ>50,150000</SVIZ>
    <BSP>34,000000</BSP>
  </Prezzi>
  <Prezzi>
    <Data>20140502</Data>
    <Mercato>MGP</Mercato>
    <Ora>9</Ora>
    <PUN>75,419443</PUN>
    <NAT>69,230000</NAT>
    <CNOR>73,500000</CNOR>
    <CSUD>73,500000</CSUD>
    <NORD>73,500000</NORD>
    <SARD>73,500000</SARD>
    <SICI>105,000000</SICI>
    <SUD>73,500000</SUD>
    <AUST>73,500000</AUST>
    <BRNN>73,500000</BRNN>
    <COAC>73,500000</COAC>
    <CORS>73,500000</CORS>
    <FOGN>73,500000</FOGN>
    <FRAN>73,500000</FRAN>
    <GREC>73,500000</GREC>
    <MFTV>73,500000</MFTV>
    <PRGP>105,000000</PRGP>
    <ROSN>73,500000</ROSN>
    <SLOV>73,500000</SLOV>
    <SVIZ>73,500000</SVIZ>
    <BSP>35,430000</BSP>
  </Prezzi>
  <Prezzi>
    <Data>20140502</Data>
    <Mercato>MGP</Mercato>
    <Ora>10</Ora>
    <PUN>68,074567</PUN>
    <NAT>62,830000</NAT>
    <CNOR>65,710000</CNOR>
    <CSUD>65,710000</CSUD>
    <NORD>65,710000</NORD>
    <SARD>65,710000</SARD>
    <SICI>105,000000</SICI>
    <SUD>65,710000</SUD>
    <AUST>65,710000</AUST>
    <BRNN>65,710000</BRNN>
    <COAC>65,710000</COAC>
    <CORS>65,710000</CORS>
    <FOGN>65,710000</FOGN>
    <FRAN>65,710000</FRAN>
    <GREC>65,710000</GREC>
    <MFTV>65,710000</MFTV>
    <PRGP>105,000000</PRGP>
    <ROSN>65,710000</ROSN>
    <SLOV>65,710000</SLOV>
    <SVIZ>65,710000</SVIZ>
    <BSP>35,140000</BSP>
  </Prezzi>
  <Prezzi>
    <Data>20140502</Data>
    <Mercato>MGP</Mercato>
    <Ora>11</Ora>
    <PUN>64,238866</PUN>
    <NAT>59,700000</NAT>
    <CNOR>63,000000</CNOR>
    <CSUD>58,330000</CSUD>
    <NORD>63,000000</NORD>
    <SARD>58,330000</SARD>
    <SICI>105,000000</SICI>
    <SUD>58,330000</SUD>
    <AUST>63,000000</AUST>
    <BRNN>58,330000</BRNN>
    <COAC>58,330000</COAC>
    <CORS>58,330000</CORS>
    <FOGN>58,330000</FOGN>
    <FRAN>63,000000</FRAN>
    <GREC>58,330000</GREC>
    <MFTV>63,000000</MFTV>
    <PRGP>105,000000</PRGP>
    <ROSN>58,330000</ROSN>
    <SLOV>63,000000</SLOV>
    <SVIZ>63,000000</SVIZ>
    <BSP>33,750000</BSP>
  </Prezzi>
  <Prezzi>
    <Data>20140502</Data>
    <Mercato>MGP</Mercato>
    <Ora>12</Ora>
    <PUN>62,812901</PUN>
    <NAT>57,190000</NAT>
    <CNOR>63,000000</CNOR>
    <CSUD>52,960000</CSUD>
    <NORD>63,000000</NORD>
    <SARD>52,960000</SARD>
    <SICI>105,000000</SICI>
    <SUD>52,960000</SUD>
    <AUST>63,000000</AUST>
    <BRNN>52,960000</BRNN>
    <COAC>52,960000</COAC>
    <CORS>52,960000</CORS>
    <FOGN>52,960000</FOGN>
    <FRAN>63,000000</FRAN>
    <GREC>52,960000</GREC>
    <MFTV>63,000000</MFTV>
    <PRGP>105,000000</PRGP>
    <ROSN>52,960000</ROSN>
    <SLOV>63,000000</SLOV>
    <SVIZ>63,000000</SVIZ>
    <BSP>34,620000</BSP>
  </Prezzi>
  <Prezzi>
    <Data>20140502</Data>
    <Mercato>MGP</Mercato>
    <Ora>13</Ora>
    <PUN>54,209170</PUN>
    <NAT>52,990000</NAT>
    <CNOR>52,990000</CNOR>
    <CSUD>51,170000</CSUD>
    <NORD>52,990000</NORD>
    <SARD>51,170000</SARD>
    <SICI>81,000000</SICI>
    <SUD>51,170000</SUD>
    <AUST>52,990000</AUST>
    <BRNN>51,170000</BRNN>
    <COAC>51,170000</COAC>
    <CORS>51,170000</CORS>
    <FOGN>51,170000</FOGN>
    <FRAN>52,990000</FRAN>
    <GREC>51,170000</GREC>
    <MFTV>52,990000</MFTV>
    <PRGP>81,000000</PRGP>
    <ROSN>51,170000</ROSN>
    <SLOV>52,990000</SLOV>
    <SVIZ>52,990000</SVIZ>
    <BSP>33,940000</BSP>
  </Prezzi>
  <Prezzi>
    <Data>20140502</Data>
    <Mercato>MGP</Mercato>
    <Ora>14</Ora>
    <PUN>52,798378</PUN>
    <NAT>51,170000</NAT>
    <CNOR>52,990000</CNOR>
    <CSUD>46,080000</CSUD>
    <NORD>52,990000</NORD>
    <SARD>46,080000</SARD>
    <SICI>81,000000</SICI>
    <SUD>46,080000</SUD>
    <AUST>52,990000</AUST>
    <BRNN>46,080000</BRNN>
    <COAC>46,080000</COAC>
    <CORS>46,080000</CORS>
    <FOGN>46,080000</FOGN>
    <FRAN>52,990000</FRAN>
    <GREC>46,080000</GREC>
    <MFTV>52,990000</MFTV>
    <PRGP>81,000000</PRGP>
    <ROSN>46,080000</ROSN>
    <SLOV>52,990000</SLOV>
    <SVIZ>52,990000</SVIZ>
    <BSP>30,000000</BSP>
  </Prezzi>
  <Prezzi>
    <Data>20140502</Data>
    <Mercato>MGP</Mercato>
    <Ora>15</Ora>
    <PUN>55,179657</PUN>
    <NAT>50,870000</NAT>
    <CNOR>56,720000</CNOR>
    <CSUD>45,720000</CSUD>
    <NORD>56,720000</NORD>
    <SARD>45,720000</SARD>
    <SICI>81,000000</SICI>
    <SUD>45,720000</SUD>
    <AUST>56,720000</AUST>
    <BRNN>45,720000</BRNN>
    <COAC>45,720000</COAC>
    <CORS>45,720000</CORS>
    <FOGN>45,720000</FOGN>
    <FRAN>56,720000</FRAN>
    <GREC>45,720000</GREC>
    <MFTV>56,720000</MFTV>
    <PRGP>81,000000</PRGP>
    <ROSN>45,720000</ROSN>
    <SLOV>56,720000</SLOV>
    <SVIZ>56,720000</SVIZ>
    <BSP>27,720000</BSP>
  </Prezzi>
  <Prezzi>
    <Data>20140502</Data>
    <Mercato>MGP</Mercato>
    <Ora>16</Ora>
    <PUN>57,412412</PUN>
    <NAT>52,990000</NAT>
    <CNOR>59,990000</CNOR>
    <CSUD>46,000000</CSUD>
    <NORD>59,990000</NORD>
    <SARD>46,000000</SARD>
    <SICI>81,000000</SICI>
    <SUD>46,000000</SUD>
    <AUST>59,990000</AUST>
    <BRNN>46,000000</BRNN>
    <COAC>46,000000</COAC>
    <CORS>46,000000</CORS>
    <FOGN>46,000000</FOGN>
    <FRAN>59,990000</FRAN>
    <GREC>46,000000</GREC>
    <MFTV>59,990000</MFTV>
    <PRGP>81,000000</PRGP>
    <ROSN>46,000000</ROSN>
    <SLOV>59,990000</SLOV>
    <SVIZ>59,990000</SVIZ>
    <BSP>26,860000</BSP>
  </Prezzi>
  <Prezzi>
    <Data>20140502</Data>
    <Mercato>MGP</Mercato>
    <Ora>17</Ora>
    <PUN>59,389129</PUN>
    <NAT>51,240000</NAT>
    <CNOR>60,900000</CNOR>
    <CSUD>40,040000</CSUD>
    <NORD>60,900000</NORD>
    <SARD>40,040000</SARD>
    <SICI>130,000000</SICI>
    <SUD>40,040000</SUD>
    <AUST>60,900000</AUST>
    <BRNN>40,040000</BRNN>
    <COAC>40,040000</COAC>
    <CORS>40,040000</CORS>
    <FOGN>40,040000</FOGN>
    <FRAN>60,900000</FRAN>
    <GREC>40,040000</GREC>
    <MFTV>60,900000</MFTV>
    <PRGP>130,000000</PRGP>
    <ROSN>40,040000</ROSN>
    <SLOV>60,900000</SLOV>
    <SVIZ>60,900000</SVIZ>
    <BSP>26,400000</BSP>
  </Prezzi>
  <Prezzi>
    <Data>20140502</Data>
    <Mercato>MGP</Mercato>
    <Ora>18</Ora>
    <PUN>58,256599</PUN>
    <NAT>52,580000</NAT>
    <CNOR>54,790000</CNOR>
    <CSUD>49,540000</CSUD>
    <NORD>54,790000</NORD>
    <SARD>49,540000</SARD>
    <SICI>135,000000</SICI>
    <SUD>49,540000</SUD>
    <AUST>54,790000</AUST>
    <BRNN>49,540000</BRNN>
    <COAC>49,540000</COAC>
    <CORS>49,540000</CORS>
    <FOGN>49,540000</FOGN>
    <FRAN>54,790000</FRAN>
    <GREC>49,540000</GREC>
    <MFTV>54,790000</MFTV>
    <PRGP>135,000000</PRGP>
    <ROSN>49,540000</ROSN>
    <SLOV>54,790000</SLOV>
    <SVIZ>54,790000</SVIZ>
    <BSP>28,940000</BSP>
  </Prezzi>
  <Prezzi>
    <Data>20140502</Data>
    <Mercato>MGP</Mercato>
    <Ora>19</Ora>
    <PUN>58,015584</PUN>
    <NAT>54,290000</NAT>
    <CNOR>52,990000</CNOR>
    <CSUD>52,640000</CSUD>
    <NORD>52,990000</NORD>
    <SARD>52,640000</SARD>
    <SICI>135,000000</SICI>
    <SUD>52,640000</SUD>
    <AUST>52,990000</AUST>
    <BRNN>52,640000</BRNN>
    <COAC>52,640000</COAC>
    <CORS>52,640000</CORS>
    <FOGN>52,640000</FOGN>
    <FRAN>52,990000</FRAN>
    <GREC>52,640000</GREC>
    <MFTV>52,990000</MFTV>
    <PRGP>135,000000</PRGP>
    <ROSN>52,640000</ROSN>
    <SLOV>52,990000</SLOV>
    <SVIZ>52,990000</SVIZ>
    <BSP>31,560000</BSP>
  </Prezzi>
  <Prezzi>
    <Data>20140502</Data>
    <Mercato>MGP</Mercato>
    <Ora>20</Ora>
    <PUN>60,221233</PUN>
    <NAT>55,150000</NAT>
    <CNOR>55,150000</CNOR>
    <CSUD>55,150000</CSUD>
    <NORD>55,150000</NORD>
    <SARD>55,150000</SARD>
    <SICI>135,000000</SICI>
    <SUD>55,150000</SUD>
    <AUST>55,150000</AUST>
    <BRNN>55,150000</BRNN>
    <COAC>55,150000</COAC>
    <CORS>55,150000</CORS>
    <FOGN>55,150000</FOGN>
    <FRAN>55,150000</FRAN>
    <GREC>55,150000</GREC>
    <MFTV>55,150000</MFTV>
    <PRGP>135,000000</PRGP>
    <ROSN>55,150000</ROSN>
    <SLOV>55,150000</SLOV>
    <SVIZ>55,150000</SVIZ>
    <BSP>32,860000</BSP>
  </Prezzi>
  <Prezzi>
    <Data>20140502</Data>
    <Mercato>MGP</Mercato>
    <Ora>21</Ora>
    <PUN>79,177518</PUN>
    <NAT>77,320000</NAT>
    <CNOR>74,990000</CNOR>
    <CSUD>74,990000</CSUD>
    <NORD>74,990000</NORD>
    <SARD>74,990000</SARD>
    <SICI>135,750000</SICI>
    <SUD>74,990000</SUD>
    <AUST>74,990000</AUST>
    <BRNN>74,990000</BRNN>
    <COAC>74,990000</COAC>
    <CORS>74,990000</CORS>
    <FOGN>74,990000</FOGN>
    <FRAN>74,990000</FRAN>
    <GREC>74,990000</GREC>
    <MFTV>74,990000</MFTV>
    <PRGP>135,750000</PRGP>
    <ROSN>74,990000</ROSN>
    <SLOV>74,990000</SLOV>
    <SVIZ>74,990000</SVIZ>
    <BSP>36,890000</BSP>
  </Prezzi>
  <Prezzi>
    <Data>20140502</Data>
    <Mercato>MGP</Mercato>
    <Ora>22</Ora>
    <PUN>66,136547</PUN>
    <NAT>62,690000</NAT>
    <CNOR>60,710000</CNOR>
    <CSUD>60,710000</CSUD>
    <NORD>60,710000</NORD>
    <SARD>60,710000</SARD>
    <SICI>141,570000</SICI>
    <SUD>60,710000</SUD>
    <AUST>60,710000</AUST>
    <BRNN>60,710000</BRNN>
    <COAC>60,710000</COAC>
    <CORS>60,710000</CORS>
    <FOGN>60,710000</FOGN>
    <FRAN>60,710000</FRAN>
    <GREC>60,710000</GREC>
    <MFTV>60,710000</MFTV>
    <PRGP>141,570000</PRGP>
    <ROSN>60,710000</ROSN>
    <SLOV>60,710000</SLOV>
    <SVIZ>60,710000</SVIZ>
    <BSP>35,650000</BSP>
  </Prezzi>
  <Prezzi>
    <Data>20140502</Data>
    <Mercato>MGP</Mercato>
    <Ora>23</Ora>
    <PUN>57,008844</PUN>
    <NAT>53,980000</NAT>
    <CNOR>50,660000</CNOR>
    <CSUD>50,660000</CSUD>
    <NORD>50,660000</NORD>
    <SARD>50,660000</SARD>
    <SICI>141,570000</SICI>
    <SUD>50,660000</SUD>
    <AUST>50,660000</AUST>
    <BRNN>50,660000</BRNN>
    <COAC>50,660000</COAC>
    <CORS>50,660000</CORS>
    <FOGN>50,660000</FOGN>
    <FRAN>50,660000</FRAN>
    <GREC>50,660000</GREC>
    <MFTV>50,660000</MFTV>
    <PRGP>141,570000</PRGP>
    <ROSN>50,660000</ROSN>
    <SLOV>50,660000</SLOV>
    <SVIZ>50,660000</SVIZ>
    <BSP>33,630000</BSP>
  </Prezzi>
  <Prezzi>
    <Data>20140502</Data>
    <Mercato>MGP</Mercato>
    <Ora>24</Ora>
    <PUN>50,539356</PUN>
    <NAT>48,000000</NAT>
    <CNOR>47,550000</CNOR>
    <CSUD>47,550000</CSUD>
    <NORD>47,550000</NORD>
    <SARD>47,550000</SARD>
    <SICI>91,000000</SICI>
    <SUD>47,550000</SUD>
    <AUST>47,550000</AUST>
    <BRNN>47,550000</BRNN>
    <COAC>47,550000</COAC>
    <CORS>47,550000</CORS>
    <FOGN>47,550000</FOGN>
    <FRAN>47,550000</FRAN>
    <GREC>47,550000</GREC>
    <MFTV>47,550000</MFTV>
    <PRGP>91,000000</PRGP>
    <ROSN>47,550000</ROSN>
    <SLOV>47,550000</SLOV>
    <SVIZ>47,550000</SVIZ>
    <BSP>27,200000</BSP>
  </Prezzi>
</NewDataSet>