<?xml version="1.0" standalone="yes"?>
<NewDataSet>
  <xs:schema id="NewDataSet" xmlns="" xmlns:xs="http://www.w3.org/2001/XMLSchema" xmlns:msdata="urn:schemas-microsoft-com:xml-msdata">
    <xs:element name="NewDataSet" msdata:IsDataSet="true" msdata:UseCurrentLocale="true">
      <xs:complexType>
        <xs:choice minOccurs="0" maxOccurs="unbounded">
          <xs:element name="Prezzi">
            <xs:complexType>
              <xs:sequence>
                <xs:element name="Data" type="xs:string" minOccurs="0" />
                <xs:element name="Mercato" type="xs:string" minOccurs="0" />
                <xs:element name="Ora" type="xs:string" minOccurs="0" />
                <xs:element name="PUN" type="xs:string" minOccurs="0" />
                <xs:element name="NAT" type="xs:string" minOccurs="0" />
                <xs:element name="CNOR" type="xs:string" minOccurs="0" />
                <xs:element name="CSUD" type="xs:string" minOccurs="0" />
                <xs:element name="NORD" type="xs:string" minOccurs="0" />
                <xs:element name="SARD" type="xs:string" minOccurs="0" />
                <xs:element name="SICI" type="xs:string" minOccurs="0" />
                <xs:element name="SUD" type="xs:string" minOccurs="0" />
                <xs:element name="AUST" type="xs:string" minOccurs="0" />
                <xs:element name="BRNN" type="xs:string" minOccurs="0" />
                <xs:element name="COAC" type="xs:string" minOccurs="0" />
                <xs:element name="CORS" type="xs:string" minOccurs="0" />
                <xs:element name="FOGN" type="xs:string" minOccurs="0" />
                <xs:element name="FRAN" type="xs:string" minOccurs="0" />
                <xs:element name="GREC" type="xs:string" minOccurs="0" />
                <xs:element name="MFTV" type="xs:string" minOccurs="0" />
                <xs:element name="PRGP" type="xs:string" minOccurs="0" />
                <xs:element name="ROSN" type="xs:string" minOccurs="0" />
                <xs:element name="SLOV" type="xs:string" minOccurs="0" />
                <xs:element name="SVIZ" type="xs:string" minOccurs="0" />
                <xs:element name="BSP" type="xs:string" minOccurs="0" />
              </xs:sequence>
            </xs:complexType>
          </xs:element>
        </xs:choice>
      </xs:complexType>
    </xs:element>
  </xs:schema>
  <Prezzi>
    <Data>20140501</Data>
    <Mercato>MGP</Mercato>
    <Ora>1</Ora>
    <PUN>48,042285</PUN>
    <NAT>44,800000</NAT>
    <CNOR>51,550000</CNOR>
    <CSUD>35,000000</CSUD>
    <NORD>51,550000</NORD>
    <SARD>35,000000</SARD>
    <SICI>70,010000</SICI>
    <SUD>35,000000</SUD>
    <AUST>51,550000</AUST>
    <BRNN>35,000000</BRNN>
    <COAC>35,000000</COAC>
    <CORS>35,000000</CORS>
    <FOGN>35,000000</FOGN>
    <FRAN>51,550000</FRAN>
    <GREC>35,000000</GREC>
    <MFTV>51,550000</MFTV>
    <PRGP>70,010000</PRGP>
    <ROSN>35,000000</ROSN>
    <SLOV>51,550000</SLOV>
    <SVIZ>51,550000</SVIZ>
    <BSP>30,820000</BSP>
  </Prezzi>
  <Prezzi>
    <Data>20140501</Data>
    <Mercato>MGP</Mercato>
    <Ora>2</Ora>
    <PUN>42,892422</PUN>
    <NAT>37,450000</NAT>
    <CNOR>44,500000</CNOR>
    <CSUD>33,090000</CSUD>
    <NORD>44,500000</NORD>
    <SARD>33,090000</SARD>
    <SICI>70,000000</SICI>
    <SUD>33,090000</SUD>
    <AUST>44,500000</AUST>
    <BRNN>33,090000</BRNN>
    <COAC>33,090000</COAC>
    <CORS>33,090000</CORS>
    <FOGN>33,090000</FOGN>
    <FRAN>44,500000</FRAN>
    <GREC>33,090000</GREC>
    <MFTV>44,500000</MFTV>
    <PRGP>70,000000</PRGP>
    <ROSN>33,090000</ROSN>
    <SLOV>44,500000</SLOV>
    <SVIZ>44,500000</SVIZ>
    <BSP>24,260000</BSP>
  </Prezzi>
  <Prezzi>
    <Data>20140501</Data>
    <Mercato>MGP</Mercato>
    <Ora>3</Ora>
    <PUN>42,768815</PUN>
    <NAT>37,260000</NAT>
    <CNOR>44,500000</CNOR>
    <CSUD>32,710000</CSUD>
    <NORD>44,500000</NORD>
    <SARD>32,710000</SARD>
    <SICI>70,000000</SICI>
    <SUD>32,710000</SUD>
    <AUST>44,500000</AUST>
    <BRNN>32,710000</BRNN>
    <COAC>32,710000</COAC>
    <CORS>32,710000</CORS>
    <FOGN>32,710000</FOGN>
    <FRAN>44,500000</FRAN>
    <GREC>32,710000</GREC>
    <MFTV>44,500000</MFTV>
    <PRGP>70,000000</PRGP>
    <ROSN>32,710000</ROSN>
    <SLOV>44,500000</SLOV>
    <SVIZ>44,500000</SVIZ>
    <BSP>22,410000</BSP>
  </Prezzi>
  <Prezzi>
    <Data>20140501</Data>
    <Mercato>MGP</Mercato>
    <Ora>4</Ora>
    <PUN>42,785187</PUN>
    <NAT>36,100000</NAT>
    <CNOR>44,500000</CNOR>
    <CSUD>32,710000</CSUD>
    <NORD>44,500000</NORD>
    <SARD>32,710000</SARD>
    <SICI>70,000000</SICI>
    <SUD>32,710000</SUD>
    <AUST>44,500000</AUST>
    <BRNN>32,710000</BRNN>
    <COAC>32,710000</COAC>
    <CORS>32,710000</CORS>
    <FOGN>32,710000</FOGN>
    <FRAN>44,500000</FRAN>
    <GREC>32,710000</GREC>
    <MFTV>44,500000</MFTV>
    <PRGP>70,000000</PRGP>
    <ROSN>32,710000</ROSN>
    <SLOV>44,500000</SLOV>
    <SVIZ>44,500000</SVIZ>
    <BSP>20,490000</BSP>
  </Prezzi>
  <Prezzi>
    <Data>20140501</Data>
    <Mercato>MGP</Mercato>
    <Ora>5</Ora>
    <PUN>39,924424</PUN>
    <NAT>35,620000</NAT>
    <CNOR>40,000000</CNOR>
    <CSUD>33,090000</CSUD>
    <NORD>40,000000</NORD>
    <SARD>33,090000</SARD>
    <SICI>70,000000</SICI>
    <SUD>33,090000</SUD>
    <AUST>40,000000</AUST>
    <BRNN>33,090000</BRNN>
    <COAC>33,090000</COAC>
    <CORS>33,090000</CORS>
    <FOGN>33,090000</FOGN>
    <FRAN>40,000000</FRAN>
    <GREC>33,090000</GREC>
    <MFTV>40,000000</MFTV>
    <PRGP>70,000000</PRGP>
    <ROSN>33,090000</ROSN>
    <SLOV>40,000000</SLOV>
    <SVIZ>40,000000</SVIZ>
    <BSP>20,200000</BSP>
  </Prezzi>
  <Prezzi>
    <Data>20140501</Data>
    <Mercato>MGP</Mercato>
    <Ora>6</Ora>
    <PUN>36,440708</PUN>
    <NAT>33,100000</NAT>
    <CNOR>36,100000</CNOR>
    <CSUD>33,100000</CSUD>
    <NORD>36,100000</NORD>
    <SARD>33,100000</SARD>
    <SICI>55,010000</SICI>
    <SUD>33,100000</SUD>
    <AUST>36,100000</AUST>
    <BRNN>33,100000</BRNN>
    <COAC>33,100000</COAC>
    <CORS>33,100000</CORS>
    <FOGN>33,100000</FOGN>
    <FRAN>36,100000</FRAN>
    <GREC>33,100000</GREC>
    <MFTV>36,100000</MFTV>
    <PRGP>55,010000</PRGP>
    <ROSN>33,100000</ROSN>
    <SLOV>36,100000</SLOV>
    <SVIZ>36,100000</SVIZ>
    <BSP>20,710000</BSP>
  </Prezzi>
  <Prezzi>
    <Data>20140501</Data>
    <Mercato>MGP</Mercato>
    <Ora>7</Ora>
    <PUN>34,127232</PUN>
    <NAT>29,600000</NAT>
    <CNOR>32,710000</CNOR>
    <CSUD>32,710000</CSUD>
    <NORD>32,710000</NORD>
    <SARD>32,710000</SARD>
    <SICI>55,000000</SICI>
    <SUD>32,710000</SUD>
    <AUST>32,710000</AUST>
    <BRNN>32,710000</BRNN>
    <COAC>32,710000</COAC>
    <CORS>32,710000</CORS>
    <FOGN>32,710000</FOGN>
    <FRAN>32,710000</FRAN>
    <GREC>32,710000</GREC>
    <MFTV>32,710000</MFTV>
    <PRGP>55,000000</PRGP>
    <ROSN>32,710000</ROSN>
    <SLOV>32,710000</SLOV>
    <SVIZ>32,710000</SVIZ>
    <BSP>19,320000</BSP>
  </Prezzi>
  <Prezzi>
    <Data>20140501</Data>
    <Mercato>MGP</Mercato>
    <Ora>8</Ora>
    <PUN>32,268431</PUN>
    <NAT>26,000000</NAT>
    <CNOR>30,000000</CNOR>
    <CSUD>30,000000</CSUD>
    <NORD>30,000000</NORD>
    <SARD>30,000000</SARD>
    <SICI>64,360000</SICI>
    <SUD>30,000000</SUD>
    <AUST>30,000000</AUST>
    <BRNN>30,000000</BRNN>
    <COAC>30,000000</COAC>
    <CORS>30,000000</CORS>
    <FOGN>30,000000</FOGN>
    <FRAN>30,000000</FRAN>
    <GREC>30,000000</GREC>
    <MFTV>30,000000</MFTV>
    <PRGP>64,360000</PRGP>
    <ROSN>30,000000</ROSN>
    <SLOV>30,000000</SLOV>
    <SVIZ>30,000000</SVIZ>
    <BSP>19,070000</BSP>
  </Prezzi>
  <Prezzi>
    <Data>20140501</Data>
    <Mercato>MGP</Mercato>
    <Ora>9</Ora>
    <PUN>34,793100</PUN>
    <NAT>29,970000</NAT>
    <CNOR>30,000000</CNOR>
    <CSUD>30,000000</CSUD>
    <NORD>30,000000</NORD>
    <SARD>30,000000</SARD>
    <SICI>99,990000</SICI>
    <SUD>30,000000</SUD>
    <AUST>30,000000</AUST>
    <BRNN>30,000000</BRNN>
    <COAC>30,000000</COAC>
    <CORS>30,000000</CORS>
    <FOGN>30,000000</FOGN>
    <FRAN>30,000000</FRAN>
    <GREC>30,000000</GREC>
    <MFTV>30,000000</MFTV>
    <PRGP>99,990000</PRGP>
    <ROSN>30,000000</ROSN>
    <SLOV>30,000000</SLOV>
    <SVIZ>30,000000</SVIZ>
    <BSP>22,420000</BSP>
  </Prezzi>
  <Prezzi>
    <Data>20140501</Data>
    <Mercato>MGP</Mercato>
    <Ora>10</Ora>
    <PUN>32,999341</PUN>
    <NAT>29,630000</NAT>
    <CNOR>28,000000</CNOR>
    <CSUD>28,000000</CSUD>
    <NORD>28,000000</NORD>
    <SARD>28,000000</SARD>
    <SICI>99,990000</SICI>
    <SUD>28,000000</SUD>
    <AUST>28,000000</AUST>
    <BRNN>28,000000</BRNN>
    <COAC>28,000000</COAC>
    <CORS>28,000000</CORS>
    <FOGN>28,000000</FOGN>
    <FRAN>28,000000</FRAN>
    <GREC>28,000000</GREC>
    <MFTV>28,000000</MFTV>
    <PRGP>99,990000</PRGP>
    <ROSN>28,000000</ROSN>
    <SLOV>28,000000</SLOV>
    <SVIZ>28,000000</SVIZ>
    <BSP>25,800000</BSP>
  </Prezzi>
  <Prezzi>
    <Data>20140501</Data>
    <Mercato>MGP</Mercato>
    <Ora>11</Ora>
    <PUN>26,458474</PUN>
    <NAT>24,660000</NAT>
    <CNOR>24,220000</CNOR>
    <CSUD>24,220000</CSUD>
    <NORD>24,220000</NORD>
    <SARD>24,220000</SARD>
    <SICI>55,010000</SICI>
    <SUD>24,220000</SUD>
    <AUST>24,220000</AUST>
    <BRNN>24,220000</BRNN>
    <COAC>24,220000</COAC>
    <CORS>24,220000</CORS>
    <FOGN>24,220000</FOGN>
    <FRAN>24,220000</FRAN>
    <GREC>24,220000</GREC>
    <MFTV>24,220000</MFTV>
    <PRGP>55,010000</PRGP>
    <ROSN>24,220000</ROSN>
    <SLOV>24,220000</SLOV>
    <SVIZ>24,220000</SVIZ>
    <BSP>24,220000</BSP>
  </Prezzi>
  <Prezzi>
    <Data>20140501</Data>
    <Mercato>MGP</Mercato>
    <Ora>12</Ora>
    <PUN>20,000000</PUN>
    <NAT>23,200000</NAT>
    <CNOR>9,529031</CNOR>
    <CSUD>9,529031</CSUD>
    <NORD>23,000000</NORD>
    <SARD>9,529031</SARD>
    <SICI>55,010000</SICI>
    <SUD>9,529031</SUD>
    <AUST>23,000000</AUST>
    <BRNN>9,529031</BRNN>
    <COAC>9,529031</COAC>
    <CORS>9,529031</CORS>
    <FOGN>9,529031</FOGN>
    <FRAN>23,000000</FRAN>
    <GREC>9,529031</GREC>
    <MFTV>23,000000</MFTV>
    <PRGP>55,010000</PRGP>
    <ROSN>9,529031</ROSN>
    <SLOV>23,000000</SLOV>
    <SVIZ>23,000000</SVIZ>
    <BSP>23,000000</BSP>
  </Prezzi>
  <Prezzi>
    <Data>20140501</Data>
    <Mercato>MGP</Mercato>
    <Ora>13</Ora>
    <PUN>14,141756</PUN>
    <NAT>13,000000</NAT>
    <CNOR>0,000000</CNOR>
    <CSUD>0,000000</CSUD>
    <NORD>19,630000</NORD>
    <SARD>0,000000</SARD>
    <SICI>55,000000</SICI>
    <SUD>0,000000</SUD>
    <AUST>19,630000</AUST>
    <BRNN>0,000000</BRNN>
    <COAC>0,000000</COAC>
    <CORS>0,000000</CORS>
    <FOGN>0,000000</FOGN>
    <FRAN>19,630000</FRAN>
    <GREC>0,000000</GREC>
    <MFTV>19,630000</MFTV>
    <PRGP>55,000000</PRGP>
    <ROSN>0,000000</ROSN>
    <SLOV>19,630000</SLOV>
    <SVIZ>19,630000</SVIZ>
    <BSP>21,030000</BSP>
  </Prezzi>
  <Prezzi>
    <Data>20140501</Data>
    <Mercato>MGP</Mercato>
    <Ora>14</Ora>
    <PUN>6,092825</PUN>
    <NAT>5,000000</NAT>
    <CNOR>0,000000</CNOR>
    <CSUD>0,000000</CSUD>
    <NORD>11,000000</NORD>
    <SARD>0,000000</SARD>
    <SICI>5,000000</SICI>
    <SUD>0,000000</SUD>
    <AUST>11,000000</AUST>
    <BRNN>0,000000</BRNN>
    <COAC>0,000000</COAC>
    <CORS>0,000000</CORS>
    <FOGN>0,000000</FOGN>
    <FRAN>11,000000</FRAN>
    <GREC>0,000000</GREC>
    <MFTV>11,000000</MFTV>
    <PRGP>5,000000</PRGP>
    <ROSN>0,000000</ROSN>
    <SLOV>11,000000</SLOV>
    <SVIZ>11,000000</SVIZ>
    <BSP>18,800000</BSP>
  </Prezzi>
  <Prezzi>
    <Data>20140501</Data>
    <Mercato>MGP</Mercato>
    <Ora>15</Ora>
    <PUN>6,943459</PUN>
    <NAT>10,000000</NAT>
    <CNOR>0,000000</CNOR>
    <CSUD>0,000000</CSUD>
    <NORD>13,150000</NORD>
    <SARD>0,000000</SARD>
    <SICI>0,000000</SICI>
    <SUD>0,000000</SUD>
    <AUST>13,150000</AUST>
    <BRNN>0,000000</BRNN>
    <COAC>0,000000</COAC>
    <CORS>0,000000</CORS>
    <FOGN>0,000000</FOGN>
    <FRAN>13,150000</FRAN>
    <GREC>0,000000</GREC>
    <MFTV>13,150000</MFTV>
    <PRGP>0,000000</PRGP>
    <ROSN>0,000000</ROSN>
    <SLOV>13,150000</SLOV>
    <SVIZ>13,150000</SVIZ>
    <BSP>16,250000</BSP>
  </Prezzi>
  <Prezzi>
    <Data>20140501</Data>
    <Mercato>MGP</Mercato>
    <Ora>16</Ora>
    <PUN>10,570205</PUN>
    <NAT>15,040000</NAT>
    <CNOR>5,000000</CNOR>
    <CSUD>5,000000</CSUD>
    <NORD>15,450000</NORD>
    <SARD>5,000000</SARD>
    <SICI>5,000000</SICI>
    <SUD>5,000000</SUD>
    <AUST>15,450000</AUST>
    <BRNN>5,000000</BRNN>
    <COAC>5,000000</COAC>
    <CORS>5,000000</CORS>
    <FOGN>5,000000</FOGN>
    <FRAN>15,450000</FRAN>
    <GREC>5,000000</GREC>
    <MFTV>15,450000</MFTV>
    <PRGP>5,000000</PRGP>
    <ROSN>5,000000</ROSN>
    <SLOV>15,450000</SLOV>
    <SVIZ>15,450000</SVIZ>
    <BSP>15,450000</BSP>
  </Prezzi>
  <Prezzi>
    <Data>20140501</Data>
    <Mercato>MGP</Mercato>
    <Ora>17</Ora>
    <PUN>19,348991</PUN>
    <NAT>17,400000</NAT>
    <CNOR>17,240000</CNOR>
    <CSUD>17,240000</CSUD>
    <NORD>17,240000</NORD>
    <SARD>17,240000</SARD>
    <SICI>49,990000</SICI>
    <SUD>17,240000</SUD>
    <AUST>17,240000</AUST>
    <BRNN>17,240000</BRNN>
    <COAC>17,240000</COAC>
    <CORS>17,240000</CORS>
    <FOGN>17,240000</FOGN>
    <FRAN>17,240000</FRAN>
    <GREC>17,240000</GREC>
    <MFTV>17,240000</MFTV>
    <PRGP>49,990000</PRGP>
    <ROSN>17,240000</ROSN>
    <SLOV>17,240000</SLOV>
    <SVIZ>17,240000</SVIZ>
    <BSP>17,240000</BSP>
  </Prezzi>
  <Prezzi>
    <Data>20140501</Data>
    <Mercato>MGP</Mercato>
    <Ora>18</Ora>
    <PUN>31,513587</PUN>
    <NAT>26,570000</NAT>
    <CNOR>29,970000</CNOR>
    <CSUD>29,970000</CSUD>
    <NORD>29,970000</NORD>
    <SARD>29,970000</SARD>
    <SICI>55,000000</SICI>
    <SUD>29,970000</SUD>
    <AUST>29,970000</AUST>
    <BRNN>29,970000</BRNN>
    <COAC>29,970000</COAC>
    <CORS>29,970000</CORS>
    <FOGN>29,970000</FOGN>
    <FRAN>29,970000</FRAN>
    <GREC>29,970000</GREC>
    <MFTV>29,970000</MFTV>
    <PRGP>55,000000</PRGP>
    <ROSN>29,970000</ROSN>
    <SLOV>29,970000</SLOV>
    <SVIZ>29,970000</SVIZ>
    <BSP>23,840000</BSP>
  </Prezzi>
  <Prezzi>
    <Data>20140501</Data>
    <Mercato>MGP</Mercato>
    <Ora>19</Ora>
    <PUN>40,920337</PUN>
    <NAT>38,010000</NAT>
    <CNOR>40,000000</CNOR>
    <CSUD>40,000000</CSUD>
    <NORD>40,000000</NORD>
    <SARD>40,000000</SARD>
    <SICI>55,010000</SICI>
    <SUD>40,000000</SUD>
    <AUST>40,000000</AUST>
    <BRNN>40,000000</BRNN>
    <COAC>40,000000</COAC>
    <CORS>40,000000</CORS>
    <FOGN>40,000000</FOGN>
    <FRAN>40,000000</FRAN>
    <GREC>40,000000</GREC>
    <MFTV>40,000000</MFTV>
    <PRGP>55,010000</PRGP>
    <ROSN>40,000000</ROSN>
    <SLOV>40,000000</SLOV>
    <SVIZ>40,000000</SVIZ>
    <BSP>26,650000</BSP>
  </Prezzi>
  <Prezzi>
    <Data>20140501</Data>
    <Mercato>MGP</Mercato>
    <Ora>20</Ora>
    <PUN>55,000000</PUN>
    <NAT>49,020000</NAT>
    <CNOR>49,736601</CNOR>
    <CSUD>49,736601</CSUD>
    <NORD>49,736601</NORD>
    <SARD>49,736601</SARD>
    <SICI>134,260000</SICI>
    <SUD>49,736601</SUD>
    <AUST>49,736601</AUST>
    <BRNN>49,736601</BRNN>
    <COAC>49,736601</COAC>
    <CORS>49,736601</CORS>
    <FOGN>49,736601</FOGN>
    <FRAN>49,736601</FRAN>
    <GREC>49,736601</GREC>
    <MFTV>49,736601</MFTV>
    <PRGP>134,260000</PRGP>
    <ROSN>49,736601</ROSN>
    <SLOV>49,736601</SLOV>
    <SVIZ>49,736601</SVIZ>
    <BSP>29,560000</BSP>
  </Prezzi>
  <Prezzi>
    <Data>20140501</Data>
    <Mercato>MGP</Mercato>
    <Ora>21</Ora>
    <PUN>75,000000</PUN>
    <NAT>68,990000</NAT>
    <CNOR>71,047054</CNOR>
    <CSUD>71,047054</CSUD>
    <NORD>71,047054</NORD>
    <SARD>71,047054</SARD>
    <SICI>130,000000</SICI>
    <SUD>71,047054</SUD>
    <AUST>71,047054</AUST>
    <BRNN>71,047054</BRNN>
    <COAC>71,047054</COAC>
    <CORS>71,047054</CORS>
    <FOGN>71,047054</FOGN>
    <FRAN>71,047054</FRAN>
    <GREC>71,047054</GREC>
    <MFTV>71,047054</MFTV>
    <PRGP>130,000000</PRGP>
    <ROSN>71,047054</ROSN>
    <SLOV>71,047054</SLOV>
    <SVIZ>71,047054</SVIZ>
    <BSP>35,750000</BSP>
  </Prezzi>
  <Prezzi>
    <Data>20140501</Data>
    <Mercato>MGP</Mercato>
    <Ora>22</Ora>
    <PUN>59,416065</PUN>
    <NAT>55,470000</NAT>
    <CNOR>56,070000</CNOR>
    <CSUD>56,070000</CSUD>
    <NORD>56,070000</NORD>
    <SARD>56,070000</SARD>
    <SICI>105,010000</SICI>
    <SUD>56,070000</SUD>
    <AUST>56,070000</AUST>
    <BRNN>56,070000</BRNN>
    <COAC>56,070000</COAC>
    <CORS>56,070000</CORS>
    <FOGN>56,070000</FOGN>
    <FRAN>56,070000</FRAN>
    <GREC>56,070000</GREC>
    <MFTV>56,070000</MFTV>
    <PRGP>105,010000</PRGP>
    <ROSN>56,070000</ROSN>
    <SLOV>56,070000</SLOV>
    <SVIZ>56,070000</SVIZ>
    <BSP>34,560000</BSP>
  </Prezzi>
  <Prezzi>
    <Data>20140501</Data>
    <Mercato>MGP</Mercato>
    <Ora>23</Ora>
    <PUN>55,000000</PUN>
    <NAT>51,970000</NAT>
    <CNOR>51,250000</CNOR>
    <CSUD>51,250000</CSUD>
    <NORD>51,250000</NORD>
    <SARD>51,250000</SARD>
    <SICI>100,935993</SICI>
    <SUD>51,250000</SUD>
    <AUST>51,250000</AUST>
    <BRNN>51,250000</BRNN>
    <COAC>51,250000</COAC>
    <CORS>51,250000</CORS>
    <FOGN>51,250000</FOGN>
    <FRAN>51,250000</FRAN>
    <GREC>51,250000</GREC>
    <MFTV>51,250000</MFTV>
    <PRGP>100,935993</PRGP>
    <ROSN>51,250000</ROSN>
    <SLOV>51,250000</SLOV>
    <SVIZ>51,250000</SVIZ>
    <BSP>32,250000</BSP>
  </Prezzi>
  <Prezzi>
    <Data>20140501</Data>
    <Mercato>MGP</Mercato>
    <Ora>24</Ora>
    <PUN>50,666098</PUN>
    <NAT>47,260000</NAT>
    <CNOR>47,450000</CNOR>
    <CSUD>47,450000</CSUD>
    <NORD>47,450000</NORD>
    <SARD>47,450000</SARD>
    <SICI>91,000000</SICI>
    <SUD>47,450000</SUD>
    <AUST>47,450000</AUST>
    <BRNN>47,450000</BRNN>
    <COAC>47,450000</COAC>
    <CORS>47,450000</CORS>
    <FOGN>47,450000</FOGN>
    <FRAN>47,450000</FRAN>
    <GREC>47,450000</GREC>
    <MFTV>47,450000</MFTV>
    <PRGP>91,000000</PRGP>
    <ROSN>47,450000</ROSN>
    <SLOV>47,450000</SLOV>
    <SVIZ>47,450000</SVIZ>
    <BSP>27,270000</BSP>
  </Prezzi>
</NewDataSet>