<?xml version="1.0" standalone="yes"?>
<NewDataSet>
  <xs:schema id="NewDataSet" xmlns="" xmlns:xs="http://www.w3.org/2001/XMLSchema" xmlns:msdata="urn:schemas-microsoft-com:xml-msdata">
    <xs:element name="NewDataSet" msdata:IsDataSet="true" msdata:UseCurrentLocale="true">
      <xs:complexType>
        <xs:choice minOccurs="0" maxOccurs="unbounded">
          <xs:element name="Prezzi">
            <xs:complexType>
              <xs:sequence>
                <xs:element name="Data" type="xs:string" minOccurs="0" />
                <xs:element name="Mercato" type="xs:string" minOccurs="0" />
                <xs:element name="Ora" type="xs:string" minOccurs="0" />
                <xs:element name="PUN" type="xs:string" minOccurs="0" />
                <xs:element name="NAT" type="xs:string" minOccurs="0" />
                <xs:element name="CNOR" type="xs:string" minOccurs="0" />
                <xs:element name="CSUD" type="xs:string" minOccurs="0" />
                <xs:element name="NORD" type="xs:string" minOccurs="0" />
                <xs:element name="SARD" type="xs:string" minOccurs="0" />
                <xs:element name="SICI" type="xs:string" minOccurs="0" />
                <xs:element name="SUD" type="xs:string" minOccurs="0" />
                <xs:element name="AUST" type="xs:string" minOccurs="0" />
                <xs:element name="BRNN" type="xs:string" minOccurs="0" />
                <xs:element name="COAC" type="xs:string" minOccurs="0" />
                <xs:element name="CORS" type="xs:string" minOccurs="0" />
                <xs:element name="FOGN" type="xs:string" minOccurs="0" />
                <xs:element name="FRAN" type="xs:string" minOccurs="0" />
                <xs:element name="GREC" type="xs:string" minOccurs="0" />
                <xs:element name="MFTV" type="xs:string" minOccurs="0" />
                <xs:element name="PRGP" type="xs:string" minOccurs="0" />
                <xs:element name="ROSN" type="xs:string" minOccurs="0" />
                <xs:element name="SLOV" type="xs:string" minOccurs="0" />
                <xs:element name="SVIZ" type="xs:string" minOccurs="0" />
                <xs:element name="BSP" type="xs:string" minOccurs="0" />
              </xs:sequence>
            </xs:complexType>
          </xs:element>
        </xs:choice>
      </xs:complexType>
    </xs:element>
  </xs:schema>
  <Prezzi>
    <Data>20140509</Data>
    <Mercato>MGP</Mercato>
    <Ora>1</Ora>
    <PUN>45,414998</PUN>
    <NAT>45,000000</NAT>
    <CNOR>43,490000</CNOR>
    <CSUD>43,490000</CSUD>
    <NORD>43,490000</NORD>
    <SARD>43,490000</SARD>
    <SICI>70,020000</SICI>
    <SUD>43,490000</SUD>
    <AUST>43,490000</AUST>
    <BRNN>43,490000</BRNN>
    <COAC>43,490000</COAC>
    <CORS>43,490000</CORS>
    <FOGN>43,490000</FOGN>
    <FRAN>43,490000</FRAN>
    <GREC>43,490000</GREC>
    <MFTV>43,490000</MFTV>
    <PRGP>70,020000</PRGP>
    <ROSN>43,490000</ROSN>
    <SLOV>43,490000</SLOV>
    <SVIZ>43,490000</SVIZ>
    <BSP>26,670000</BSP>
  </Prezzi>
  <Prezzi>
    <Data>20140509</Data>
    <Mercato>MGP</Mercato>
    <Ora>2</Ora>
    <PUN>47,582686</PUN>
    <NAT>45,910000</NAT>
    <CNOR>46,000000</CNOR>
    <CSUD>46,000000</CSUD>
    <NORD>46,000000</NORD>
    <SARD>46,000000</SARD>
    <SICI>70,010000</SICI>
    <SUD>46,000000</SUD>
    <AUST>46,000000</AUST>
    <BRNN>46,000000</BRNN>
    <COAC>46,000000</COAC>
    <CORS>46,000000</CORS>
    <FOGN>46,000000</FOGN>
    <FRAN>46,000000</FRAN>
    <GREC>46,000000</GREC>
    <MFTV>46,000000</MFTV>
    <PRGP>70,010000</PRGP>
    <ROSN>46,000000</ROSN>
    <SLOV>46,000000</SLOV>
    <SVIZ>46,000000</SVIZ>
    <BSP>23,510000</BSP>
  </Prezzi>
  <Prezzi>
    <Data>20140509</Data>
    <Mercato>MGP</Mercato>
    <Ora>3</Ora>
    <PUN>42,260616</PUN>
    <NAT>40,000000</NAT>
    <CNOR>40,380000</CNOR>
    <CSUD>40,380000</CSUD>
    <NORD>40,380000</NORD>
    <SARD>40,380000</SARD>
    <SICI>70,000000</SICI>
    <SUD>40,380000</SUD>
    <AUST>40,380000</AUST>
    <BRNN>40,380000</BRNN>
    <COAC>40,380000</COAC>
    <CORS>40,380000</CORS>
    <FOGN>40,380000</FOGN>
    <FRAN>40,380000</FRAN>
    <GREC>40,380000</GREC>
    <MFTV>40,380000</MFTV>
    <PRGP>70,000000</PRGP>
    <ROSN>40,380000</ROSN>
    <SLOV>40,380000</SLOV>
    <SVIZ>40,380000</SVIZ>
    <BSP>21,300000</BSP>
  </Prezzi>
  <Prezzi>
    <Data>20140509</Data>
    <Mercato>MGP</Mercato>
    <Ora>4</Ora>
    <PUN>40,008248</PUN>
    <NAT>37,980000</NAT>
    <CNOR>37,980000</CNOR>
    <CSUD>37,980000</CSUD>
    <NORD>37,980000</NORD>
    <SARD>37,980000</SARD>
    <SICI>70,000000</SICI>
    <SUD>37,980000</SUD>
    <AUST>37,980000</AUST>
    <BRNN>37,980000</BRNN>
    <COAC>37,980000</COAC>
    <CORS>37,980000</CORS>
    <FOGN>37,980000</FOGN>
    <FRAN>37,980000</FRAN>
    <GREC>37,980000</GREC>
    <MFTV>37,980000</MFTV>
    <PRGP>70,000000</PRGP>
    <ROSN>37,980000</ROSN>
    <SLOV>37,980000</SLOV>
    <SVIZ>37,980000</SVIZ>
    <BSP>20,990000</BSP>
  </Prezzi>
  <Prezzi>
    <Data>20140509</Data>
    <Mercato>MGP</Mercato>
    <Ora>5</Ora>
    <PUN>40,455021</PUN>
    <NAT>37,980000</NAT>
    <CNOR>38,470000</CNOR>
    <CSUD>38,470000</CSUD>
    <NORD>38,470000</NORD>
    <SARD>38,470000</SARD>
    <SICI>70,000000</SICI>
    <SUD>38,470000</SUD>
    <AUST>38,470000</AUST>
    <BRNN>38,470000</BRNN>
    <COAC>38,470000</COAC>
    <CORS>38,470000</CORS>
    <FOGN>38,470000</FOGN>
    <FRAN>38,470000</FRAN>
    <GREC>38,470000</GREC>
    <MFTV>38,470000</MFTV>
    <PRGP>70,000000</PRGP>
    <ROSN>38,470000</ROSN>
    <SLOV>38,470000</SLOV>
    <SVIZ>38,470000</SVIZ>
    <BSP>21,310000</BSP>
  </Prezzi>
  <Prezzi>
    <Data>20140509</Data>
    <Mercato>MGP</Mercato>
    <Ora>6</Ora>
    <PUN>45,088831</PUN>
    <NAT>43,490000</NAT>
    <CNOR>43,490000</CNOR>
    <CSUD>43,490000</CSUD>
    <NORD>43,490000</NORD>
    <SARD>43,490000</SARD>
    <SICI>70,000000</SICI>
    <SUD>43,490000</SUD>
    <AUST>43,490000</AUST>
    <BRNN>43,490000</BRNN>
    <COAC>43,490000</COAC>
    <CORS>43,490000</CORS>
    <FOGN>43,490000</FOGN>
    <FRAN>43,490000</FRAN>
    <GREC>43,490000</GREC>
    <MFTV>43,490000</MFTV>
    <PRGP>70,000000</PRGP>
    <ROSN>43,490000</ROSN>
    <SLOV>43,490000</SLOV>
    <SVIZ>43,490000</SVIZ>
    <BSP>24,070000</BSP>
  </Prezzi>
  <Prezzi>
    <Data>20140509</Data>
    <Mercato>MGP</Mercato>
    <Ora>7</Ora>
    <PUN>47,391733</PUN>
    <NAT>45,500000</NAT>
    <CNOR>46,000000</CNOR>
    <CSUD>46,000000</CSUD>
    <NORD>46,000000</NORD>
    <SARD>46,000000</SARD>
    <SICI>70,000000</SICI>
    <SUD>46,000000</SUD>
    <AUST>46,000000</AUST>
    <BRNN>46,000000</BRNN>
    <COAC>46,000000</COAC>
    <CORS>46,000000</CORS>
    <FOGN>46,000000</FOGN>
    <FRAN>46,000000</FRAN>
    <GREC>46,000000</GREC>
    <MFTV>46,000000</MFTV>
    <PRGP>70,000000</PRGP>
    <ROSN>46,000000</ROSN>
    <SLOV>46,000000</SLOV>
    <SVIZ>46,000000</SVIZ>
    <BSP>32,280000</BSP>
  </Prezzi>
  <Prezzi>
    <Data>20140509</Data>
    <Mercato>MGP</Mercato>
    <Ora>8</Ora>
    <PUN>53,903623</PUN>
    <NAT>51,380000</NAT>
    <CNOR>51,350000</CNOR>
    <CSUD>51,350000</CSUD>
    <NORD>51,350000</NORD>
    <SARD>51,350000</SARD>
    <SICI>95,020000</SICI>
    <SUD>51,350000</SUD>
    <AUST>51,350000</AUST>
    <BRNN>51,350000</BRNN>
    <COAC>51,350000</COAC>
    <CORS>51,350000</CORS>
    <FOGN>51,350000</FOGN>
    <FRAN>51,350000</FRAN>
    <GREC>51,350000</GREC>
    <MFTV>51,350000</MFTV>
    <PRGP>95,020000</PRGP>
    <ROSN>51,350000</ROSN>
    <SLOV>51,350000</SLOV>
    <SVIZ>51,350000</SVIZ>
    <BSP>39,250000</BSP>
  </Prezzi>
  <Prezzi>
    <Data>20140509</Data>
    <Mercato>MGP</Mercato>
    <Ora>9</Ora>
    <PUN>70,301174</PUN>
    <NAT>67,530000</NAT>
    <CNOR>68,250000</CNOR>
    <CSUD>68,250000</CSUD>
    <NORD>68,250000</NORD>
    <SARD>68,250000</SARD>
    <SICI>105,010000</SICI>
    <SUD>68,250000</SUD>
    <AUST>68,250000</AUST>
    <BRNN>53,230000</BRNN>
    <COAC>68,250000</COAC>
    <CORS>68,250000</CORS>
    <FOGN>68,250000</FOGN>
    <FRAN>68,250000</FRAN>
    <GREC>53,230000</GREC>
    <MFTV>68,250000</MFTV>
    <PRGP>105,010000</PRGP>
    <ROSN>68,250000</ROSN>
    <SLOV>68,250000</SLOV>
    <SVIZ>68,250000</SVIZ>
    <BSP>41,710000</BSP>
  </Prezzi>
  <Prezzi>
    <Data>20140509</Data>
    <Mercato>MGP</Mercato>
    <Ora>10</Ora>
    <PUN>55,333780</PUN>
    <NAT>51,340000</NAT>
    <CNOR>52,340000</CNOR>
    <CSUD>52,340000</CSUD>
    <NORD>52,340000</NORD>
    <SARD>52,340000</SARD>
    <SICI>105,000000</SICI>
    <SUD>52,340000</SUD>
    <AUST>52,340000</AUST>
    <BRNN>50,860000</BRNN>
    <COAC>52,340000</COAC>
    <CORS>52,340000</CORS>
    <FOGN>52,340000</FOGN>
    <FRAN>52,340000</FRAN>
    <GREC>50,860000</GREC>
    <MFTV>52,340000</MFTV>
    <PRGP>105,000000</PRGP>
    <ROSN>52,340000</ROSN>
    <SLOV>52,340000</SLOV>
    <SVIZ>52,340000</SVIZ>
    <BSP>37,690000</BSP>
  </Prezzi>
  <Prezzi>
    <Data>20140509</Data>
    <Mercato>MGP</Mercato>
    <Ora>11</Ora>
    <PUN>48,433662</PUN>
    <NAT>45,870000</NAT>
    <CNOR>45,000000</CNOR>
    <CSUD>45,000000</CSUD>
    <NORD>50,000000</NORD>
    <SARD>45,000000</SARD>
    <SICI>52,390000</SICI>
    <SUD>45,000000</SUD>
    <AUST>50,000000</AUST>
    <BRNN>45,000000</BRNN>
    <COAC>45,000000</COAC>
    <CORS>45,000000</CORS>
    <FOGN>45,000000</FOGN>
    <FRAN>50,000000</FRAN>
    <GREC>45,000000</GREC>
    <MFTV>50,000000</MFTV>
    <PRGP>52,390000</PRGP>
    <ROSN>45,000000</ROSN>
    <SLOV>50,000000</SLOV>
    <SVIZ>50,000000</SVIZ>
    <BSP>35,700000</BSP>
  </Prezzi>
  <Prezzi>
    <Data>20140509</Data>
    <Mercato>MGP</Mercato>
    <Ora>12</Ora>
    <PUN>40,843424</PUN>
    <NAT>42,920000</NAT>
    <CNOR>29,260000</CNOR>
    <CSUD>29,260000</CSUD>
    <NORD>46,380000</NORD>
    <SARD>29,260000</SARD>
    <SICI>51,010000</SICI>
    <SUD>29,260000</SUD>
    <AUST>46,380000</AUST>
    <BRNN>29,260000</BRNN>
    <COAC>29,260000</COAC>
    <CORS>29,260000</CORS>
    <FOGN>29,260000</FOGN>
    <FRAN>46,380000</FRAN>
    <GREC>29,260000</GREC>
    <MFTV>46,380000</MFTV>
    <PRGP>51,010000</PRGP>
    <ROSN>29,260000</ROSN>
    <SLOV>46,380000</SLOV>
    <SVIZ>46,380000</SVIZ>
    <BSP>36,720000</BSP>
  </Prezzi>
  <Prezzi>
    <Data>20140509</Data>
    <Mercato>MGP</Mercato>
    <Ora>13</Ora>
    <PUN>29,922938</PUN>
    <NAT>32,710000</NAT>
    <CNOR>25,590000</CNOR>
    <CSUD>25,590000</CSUD>
    <NORD>34,000000</NORD>
    <SARD>25,590000</SARD>
    <SICI>51,010000</SICI>
    <SUD>1,710000</SUD>
    <AUST>34,000000</AUST>
    <BRNN>1,710000</BRNN>
    <COAC>25,590000</COAC>
    <CORS>25,590000</CORS>
    <FOGN>1,710000</FOGN>
    <FRAN>34,000000</FRAN>
    <GREC>1,710000</GREC>
    <MFTV>34,000000</MFTV>
    <PRGP>51,010000</PRGP>
    <ROSN>1,710000</ROSN>
    <SLOV>34,000000</SLOV>
    <SVIZ>34,000000</SVIZ>
    <BSP>34,000000</BSP>
  </Prezzi>
  <Prezzi>
    <Data>20140509</Data>
    <Mercato>MGP</Mercato>
    <Ora>14</Ora>
    <PUN>26,217972</PUN>
    <NAT>32,200000</NAT>
    <CNOR>5,000000</CNOR>
    <CSUD>5,000000</CSUD>
    <NORD>36,470000</NORD>
    <SARD>5,000000</SARD>
    <SICI>51,010000</SICI>
    <SUD>1,710000</SUD>
    <AUST>36,470000</AUST>
    <BRNN>1,710000</BRNN>
    <COAC>5,000000</COAC>
    <CORS>5,000000</CORS>
    <FOGN>1,710000</FOGN>
    <FRAN>36,470000</FRAN>
    <GREC>1,710000</GREC>
    <MFTV>36,470000</MFTV>
    <PRGP>51,010000</PRGP>
    <ROSN>1,710000</ROSN>
    <SLOV>36,470000</SLOV>
    <SVIZ>36,470000</SVIZ>
    <BSP>32,500000</BSP>
  </Prezzi>
  <Prezzi>
    <Data>20140509</Data>
    <Mercato>MGP</Mercato>
    <Ora>15</Ora>
    <PUN>35,406612</PUN>
    <NAT>33,290000</NAT>
    <CNOR>21,620000</CNOR>
    <CSUD>21,620000</CSUD>
    <NORD>42,700000</NORD>
    <SARD>21,620000</SARD>
    <SICI>51,010000</SICI>
    <SUD>15,000000</SUD>
    <AUST>42,700000</AUST>
    <BRNN>15,000000</BRNN>
    <COAC>21,620000</COAC>
    <CORS>21,620000</CORS>
    <FOGN>15,000000</FOGN>
    <FRAN>42,700000</FRAN>
    <GREC>15,000000</GREC>
    <MFTV>42,700000</MFTV>
    <PRGP>51,010000</PRGP>
    <ROSN>15,000000</ROSN>
    <SLOV>42,700000</SLOV>
    <SVIZ>42,700000</SVIZ>
    <BSP>31,070000</BSP>
  </Prezzi>
  <Prezzi>
    <Data>20140509</Data>
    <Mercato>MGP</Mercato>
    <Ora>16</Ora>
    <PUN>37,755201</PUN>
    <NAT>36,280000</NAT>
    <CNOR>20,000000</CNOR>
    <CSUD>20,000000</CSUD>
    <NORD>46,360000</NORD>
    <SARD>20,000000</SARD>
    <SICI>52,600000</SICI>
    <SUD>20,000000</SUD>
    <AUST>46,360000</AUST>
    <BRNN>20,000000</BRNN>
    <COAC>20,000000</COAC>
    <CORS>20,000000</CORS>
    <FOGN>20,000000</FOGN>
    <FRAN>46,360000</FRAN>
    <GREC>20,000000</GREC>
    <MFTV>46,360000</MFTV>
    <PRGP>52,600000</PRGP>
    <ROSN>20,000000</ROSN>
    <SLOV>46,360000</SLOV>
    <SVIZ>46,360000</SVIZ>
    <BSP>28,170000</BSP>
  </Prezzi>
  <Prezzi>
    <Data>20140509</Data>
    <Mercato>MGP</Mercato>
    <Ora>17</Ora>
    <PUN>42,245688</PUN>
    <NAT>42,000000</NAT>
    <CNOR>33,290000</CNOR>
    <CSUD>33,290000</CSUD>
    <NORD>46,360000</NORD>
    <SARD>33,290000</SARD>
    <SICI>53,320000</SICI>
    <SUD>33,290000</SUD>
    <AUST>46,360000</AUST>
    <BRNN>33,290000</BRNN>
    <COAC>33,290000</COAC>
    <CORS>33,290000</CORS>
    <FOGN>33,290000</FOGN>
    <FRAN>46,360000</FRAN>
    <GREC>33,290000</GREC>
    <MFTV>46,360000</MFTV>
    <PRGP>53,320000</PRGP>
    <ROSN>33,290000</ROSN>
    <SLOV>46,360000</SLOV>
    <SVIZ>46,360000</SVIZ>
    <BSP>28,290000</BSP>
  </Prezzi>
  <Prezzi>
    <Data>20140509</Data>
    <Mercato>MGP</Mercato>
    <Ora>18</Ora>
    <PUN>52,950000</PUN>
    <NAT>48,000000</NAT>
    <CNOR>48,384097</CNOR>
    <CSUD>48,384097</CSUD>
    <NORD>48,384097</NORD>
    <SARD>48,384097</SARD>
    <SICI>129,990000</SICI>
    <SUD>48,384097</SUD>
    <AUST>48,384097</AUST>
    <BRNN>48,384097</BRNN>
    <COAC>48,384097</COAC>
    <CORS>48,384097</CORS>
    <FOGN>48,384097</FOGN>
    <FRAN>48,384097</FRAN>
    <GREC>48,384097</GREC>
    <MFTV>48,384097</MFTV>
    <PRGP>129,990000</PRGP>
    <ROSN>48,384097</ROSN>
    <SLOV>48,384097</SLOV>
    <SVIZ>48,384097</SVIZ>
    <BSP>29,810000</BSP>
  </Prezzi>
  <Prezzi>
    <Data>20140509</Data>
    <Mercato>MGP</Mercato>
    <Ora>19</Ora>
    <PUN>55,361348</PUN>
    <NAT>50,600000</NAT>
    <CNOR>50,400000</CNOR>
    <CSUD>50,400000</CSUD>
    <NORD>50,400000</NORD>
    <SARD>50,400000</SARD>
    <SICI>135,000000</SICI>
    <SUD>50,400000</SUD>
    <AUST>50,400000</AUST>
    <BRNN>50,400000</BRNN>
    <COAC>50,400000</COAC>
    <CORS>50,400000</CORS>
    <FOGN>50,400000</FOGN>
    <FRAN>50,400000</FRAN>
    <GREC>50,400000</GREC>
    <MFTV>50,400000</MFTV>
    <PRGP>135,000000</PRGP>
    <ROSN>50,400000</ROSN>
    <SLOV>50,400000</SLOV>
    <SVIZ>50,400000</SVIZ>
    <BSP>33,620000</BSP>
  </Prezzi>
  <Prezzi>
    <Data>20140509</Data>
    <Mercato>MGP</Mercato>
    <Ora>20</Ora>
    <PUN>60,332597</PUN>
    <NAT>55,620000</NAT>
    <CNOR>55,620000</CNOR>
    <CSUD>55,620000</CSUD>
    <NORD>55,620000</NORD>
    <SARD>55,620000</SARD>
    <SICI>135,010000</SICI>
    <SUD>55,620000</SUD>
    <AUST>55,620000</AUST>
    <BRNN>55,620000</BRNN>
    <COAC>55,620000</COAC>
    <CORS>55,620000</CORS>
    <FOGN>55,620000</FOGN>
    <FRAN>55,620000</FRAN>
    <GREC>55,620000</GREC>
    <MFTV>55,620000</MFTV>
    <PRGP>135,010000</PRGP>
    <ROSN>55,620000</ROSN>
    <SLOV>55,620000</SLOV>
    <SVIZ>55,620000</SVIZ>
    <BSP>38,240000</BSP>
  </Prezzi>
  <Prezzi>
    <Data>20140509</Data>
    <Mercato>MGP</Mercato>
    <Ora>21</Ora>
    <PUN>85,601919</PUN>
    <NAT>83,430000</NAT>
    <CNOR>82,220000</CNOR>
    <CSUD>82,220000</CSUD>
    <NORD>82,220000</NORD>
    <SARD>82,220000</SARD>
    <SICI>135,020000</SICI>
    <SUD>82,220000</SUD>
    <AUST>82,220000</AUST>
    <BRNN>82,220000</BRNN>
    <COAC>82,220000</COAC>
    <CORS>82,220000</CORS>
    <FOGN>82,220000</FOGN>
    <FRAN>82,220000</FRAN>
    <GREC>82,220000</GREC>
    <MFTV>82,220000</MFTV>
    <PRGP>135,020000</PRGP>
    <ROSN>82,220000</ROSN>
    <SLOV>82,220000</SLOV>
    <SVIZ>82,220000</SVIZ>
    <BSP>49,850000</BSP>
  </Prezzi>
  <Prezzi>
    <Data>20140509</Data>
    <Mercato>MGP</Mercato>
    <Ora>22</Ora>
    <PUN>74,227798</PUN>
    <NAT>71,040000</NAT>
    <CNOR>70,140000</CNOR>
    <CSUD>70,140000</CSUD>
    <NORD>70,140000</NORD>
    <SARD>70,140000</SARD>
    <SICI>135,020000</SICI>
    <SUD>70,140000</SUD>
    <AUST>70,140000</AUST>
    <BRNN>70,140000</BRNN>
    <COAC>70,140000</COAC>
    <CORS>70,140000</CORS>
    <FOGN>70,140000</FOGN>
    <FRAN>70,140000</FRAN>
    <GREC>70,140000</GREC>
    <MFTV>70,140000</MFTV>
    <PRGP>135,020000</PRGP>
    <ROSN>70,140000</ROSN>
    <SLOV>70,140000</SLOV>
    <SVIZ>70,140000</SVIZ>
    <BSP>42,000000</BSP>
  </Prezzi>
  <Prezzi>
    <Data>20140509</Data>
    <Mercato>MGP</Mercato>
    <Ora>23</Ora>
    <PUN>56,039620</PUN>
    <NAT>51,130000</NAT>
    <CNOR>50,970000</CNOR>
    <CSUD>50,970000</CSUD>
    <NORD>50,970000</NORD>
    <SARD>50,970000</SARD>
    <SICI>130,020000</SICI>
    <SUD>50,970000</SUD>
    <AUST>50,970000</AUST>
    <BRNN>50,970000</BRNN>
    <COAC>50,970000</COAC>
    <CORS>50,970000</CORS>
    <FOGN>50,970000</FOGN>
    <FRAN>50,970000</FRAN>
    <GREC>50,970000</GREC>
    <MFTV>50,970000</MFTV>
    <PRGP>130,020000</PRGP>
    <ROSN>50,970000</ROSN>
    <SLOV>50,970000</SLOV>
    <SVIZ>50,970000</SVIZ>
    <BSP>38,040000</BSP>
  </Prezzi>
  <Prezzi>
    <Data>20140509</Data>
    <Mercato>MGP</Mercato>
    <Ora>24</Ora>
    <PUN>50,213303</PUN>
    <NAT>48,000000</NAT>
    <CNOR>46,400000</CNOR>
    <CSUD>46,400000</CSUD>
    <NORD>46,400000</NORD>
    <SARD>46,400000</SARD>
    <SICI>105,010000</SICI>
    <SUD>46,400000</SUD>
    <AUST>46,400000</AUST>
    <BRNN>46,400000</BRNN>
    <COAC>46,400000</COAC>
    <CORS>46,400000</CORS>
    <FOGN>46,400000</FOGN>
    <FRAN>46,400000</FRAN>
    <GREC>46,400000</GREC>
    <MFTV>46,400000</MFTV>
    <PRGP>105,010000</PRGP>
    <ROSN>46,400000</ROSN>
    <SLOV>46,400000</SLOV>
    <SVIZ>46,400000</SVIZ>
    <BSP>28,690000</BSP>
  </Prezzi>
</NewDataSet>