<?xml version="1.0" standalone="yes"?>
<NewDataSet>
  <xs:schema id="NewDataSet" xmlns="" xmlns:xs="http://www.w3.org/2001/XMLSchema" xmlns:msdata="urn:schemas-microsoft-com:xml-msdata">
    <xs:element name="NewDataSet" msdata:IsDataSet="true" msdata:UseCurrentLocale="true">
      <xs:complexType>
        <xs:choice minOccurs="0" maxOccurs="unbounded">
          <xs:element name="Prezzi">
            <xs:complexType>
              <xs:sequence>
                <xs:element name="Data" type="xs:string" minOccurs="0" />
                <xs:element name="Mercato" type="xs:string" minOccurs="0" />
                <xs:element name="Ora" type="xs:string" minOccurs="0" />
                <xs:element name="PUN" type="xs:string" minOccurs="0" />
                <xs:element name="NAT" type="xs:string" minOccurs="0" />
                <xs:element name="CNOR" type="xs:string" minOccurs="0" />
                <xs:element name="CSUD" type="xs:string" minOccurs="0" />
                <xs:element name="NORD" type="xs:string" minOccurs="0" />
                <xs:element name="SARD" type="xs:string" minOccurs="0" />
                <xs:element name="SICI" type="xs:string" minOccurs="0" />
                <xs:element name="SUD" type="xs:string" minOccurs="0" />
                <xs:element name="AUST" type="xs:string" minOccurs="0" />
                <xs:element name="BRNN" type="xs:string" minOccurs="0" />
                <xs:element name="COAC" type="xs:string" minOccurs="0" />
                <xs:element name="CORS" type="xs:string" minOccurs="0" />
                <xs:element name="FOGN" type="xs:string" minOccurs="0" />
                <xs:element name="FRAN" type="xs:string" minOccurs="0" />
                <xs:element name="GREC" type="xs:string" minOccurs="0" />
                <xs:element name="MFTV" type="xs:string" minOccurs="0" />
                <xs:element name="PRGP" type="xs:string" minOccurs="0" />
                <xs:element name="ROSN" type="xs:string" minOccurs="0" />
                <xs:element name="SLOV" type="xs:string" minOccurs="0" />
                <xs:element name="SVIZ" type="xs:string" minOccurs="0" />
                <xs:element name="BSP" type="xs:string" minOccurs="0" />
              </xs:sequence>
            </xs:complexType>
          </xs:element>
        </xs:choice>
      </xs:complexType>
    </xs:element>
  </xs:schema>
  <Prezzi>
    <Data>20140511</Data>
    <Mercato>MGP</Mercato>
    <Ora>1</Ora>
    <PUN>46,020200</PUN>
    <NAT>46,500000</NAT>
    <CNOR>44,010000</CNOR>
    <CSUD>44,010000</CSUD>
    <NORD>44,010000</NORD>
    <SARD>44,010000</SARD>
    <SICI>70,020000</SICI>
    <SUD>44,010000</SUD>
    <AUST>44,010000</AUST>
    <BRNN>44,010000</BRNN>
    <COAC>44,010000</COAC>
    <CORS>44,010000</CORS>
    <FOGN>44,010000</FOGN>
    <FRAN>44,010000</FRAN>
    <GREC>44,010000</GREC>
    <MFTV>44,010000</MFTV>
    <PRGP>70,020000</PRGP>
    <ROSN>44,010000</ROSN>
    <SLOV>44,010000</SLOV>
    <SVIZ>44,010000</SVIZ>
    <BSP>12,940000</BSP>
  </Prezzi>
  <Prezzi>
    <Data>20140511</Data>
    <Mercato>MGP</Mercato>
    <Ora>2</Ora>
    <PUN>41,446217</PUN>
    <NAT>39,560000</NAT>
    <CNOR>39,250000</CNOR>
    <CSUD>39,250000</CSUD>
    <NORD>39,250000</NORD>
    <SARD>39,250000</SARD>
    <SICI>70,010000</SICI>
    <SUD>39,250000</SUD>
    <AUST>39,250000</AUST>
    <BRNN>39,250000</BRNN>
    <COAC>39,250000</COAC>
    <CORS>39,250000</CORS>
    <FOGN>39,250000</FOGN>
    <FRAN>39,250000</FRAN>
    <GREC>39,250000</GREC>
    <MFTV>39,250000</MFTV>
    <PRGP>70,010000</PRGP>
    <ROSN>39,250000</ROSN>
    <SLOV>39,250000</SLOV>
    <SVIZ>39,250000</SVIZ>
    <BSP>5,500000</BSP>
  </Prezzi>
  <Prezzi>
    <Data>20140511</Data>
    <Mercato>MGP</Mercato>
    <Ora>3</Ora>
    <PUN>39,900000</PUN>
    <NAT>37,820000</NAT>
    <CNOR>37,644195</CNOR>
    <CSUD>37,644195</CSUD>
    <NORD>37,644195</NORD>
    <SARD>37,644195</SARD>
    <SICI>70,000000</SICI>
    <SUD>37,644195</SUD>
    <AUST>37,644195</AUST>
    <BRNN>37,644195</BRNN>
    <COAC>37,644195</COAC>
    <CORS>37,644195</CORS>
    <FOGN>37,644195</FOGN>
    <FRAN>37,644195</FRAN>
    <GREC>37,644195</GREC>
    <MFTV>37,644195</MFTV>
    <PRGP>70,000000</PRGP>
    <ROSN>37,644195</ROSN>
    <SLOV>37,644195</SLOV>
    <SVIZ>37,644195</SVIZ>
    <BSP>3,760000</BSP>
  </Prezzi>
  <Prezzi>
    <Data>20140511</Data>
    <Mercato>MGP</Mercato>
    <Ora>4</Ora>
    <PUN>35,325996</PUN>
    <NAT>33,280000</NAT>
    <CNOR>32,730000</CNOR>
    <CSUD>32,730000</CSUD>
    <NORD>32,730000</NORD>
    <SARD>32,730000</SARD>
    <SICI>70,000000</SICI>
    <SUD>32,730000</SUD>
    <AUST>32,730000</AUST>
    <BRNN>32,730000</BRNN>
    <COAC>32,730000</COAC>
    <CORS>32,730000</CORS>
    <FOGN>32,730000</FOGN>
    <FRAN>32,730000</FRAN>
    <GREC>32,730000</GREC>
    <MFTV>32,730000</MFTV>
    <PRGP>70,000000</PRGP>
    <ROSN>32,730000</ROSN>
    <SLOV>32,730000</SLOV>
    <SVIZ>32,730000</SVIZ>
    <BSP>2,220000</BSP>
  </Prezzi>
  <Prezzi>
    <Data>20140511</Data>
    <Mercato>MGP</Mercato>
    <Ora>5</Ora>
    <PUN>33,755869</PUN>
    <NAT>31,000000</NAT>
    <CNOR>31,000000</CNOR>
    <CSUD>31,000000</CSUD>
    <NORD>31,000000</NORD>
    <SARD>31,000000</SARD>
    <SICI>70,000000</SICI>
    <SUD>31,000000</SUD>
    <AUST>31,000000</AUST>
    <BRNN>31,000000</BRNN>
    <COAC>31,000000</COAC>
    <CORS>31,000000</CORS>
    <FOGN>31,000000</FOGN>
    <FRAN>31,000000</FRAN>
    <GREC>31,000000</GREC>
    <MFTV>31,000000</MFTV>
    <PRGP>70,000000</PRGP>
    <ROSN>31,000000</ROSN>
    <SLOV>31,000000</SLOV>
    <SVIZ>31,000000</SVIZ>
    <BSP>1,490000</BSP>
  </Prezzi>
  <Prezzi>
    <Data>20140511</Data>
    <Mercato>MGP</Mercato>
    <Ora>6</Ora>
    <PUN>32,779244</PUN>
    <NAT>29,070000</NAT>
    <CNOR>30,000000</CNOR>
    <CSUD>30,000000</CSUD>
    <NORD>30,000000</NORD>
    <SARD>30,000000</SARD>
    <SICI>70,000000</SICI>
    <SUD>30,000000</SUD>
    <AUST>30,000000</AUST>
    <BRNN>30,000000</BRNN>
    <COAC>30,000000</COAC>
    <CORS>30,000000</CORS>
    <FOGN>30,000000</FOGN>
    <FRAN>30,000000</FRAN>
    <GREC>30,000000</GREC>
    <MFTV>30,000000</MFTV>
    <PRGP>70,000000</PRGP>
    <ROSN>30,000000</ROSN>
    <SLOV>30,000000</SLOV>
    <SVIZ>30,000000</SVIZ>
    <BSP>1,040000</BSP>
  </Prezzi>
  <Prezzi>
    <Data>20140511</Data>
    <Mercato>MGP</Mercato>
    <Ora>7</Ora>
    <PUN>15,100000</PUN>
    <NAT>17,040000</NAT>
    <CNOR>12,061784</CNOR>
    <CSUD>12,061784</CSUD>
    <NORD>12,061784</NORD>
    <SARD>12,061784</SARD>
    <SICI>55,010000</SICI>
    <SUD>12,061784</SUD>
    <AUST>12,061784</AUST>
    <BRNN>12,061784</BRNN>
    <COAC>12,061784</COAC>
    <CORS>12,061784</CORS>
    <FOGN>12,061784</FOGN>
    <FRAN>12,061784</FRAN>
    <GREC>12,061784</GREC>
    <MFTV>12,061784</MFTV>
    <PRGP>55,010000</PRGP>
    <ROSN>12,061784</ROSN>
    <SLOV>12,061784</SLOV>
    <SVIZ>12,061784</SVIZ>
    <BSP>1,000000</BSP>
  </Prezzi>
  <Prezzi>
    <Data>20140511</Data>
    <Mercato>MGP</Mercato>
    <Ora>8</Ora>
    <PUN>16,006160</PUN>
    <NAT>20,000000</NAT>
    <CNOR>10,000000</CNOR>
    <CSUD>10,000000</CSUD>
    <NORD>10,000000</NORD>
    <SARD>10,000000</SARD>
    <SICI>95,000000</SICI>
    <SUD>10,000000</SUD>
    <AUST>10,000000</AUST>
    <BRNN>10,000000</BRNN>
    <COAC>10,000000</COAC>
    <CORS>10,000000</CORS>
    <FOGN>10,000000</FOGN>
    <FRAN>10,000000</FRAN>
    <GREC>10,000000</GREC>
    <MFTV>10,000000</MFTV>
    <PRGP>95,000000</PRGP>
    <ROSN>10,000000</ROSN>
    <SLOV>10,000000</SLOV>
    <SVIZ>10,000000</SVIZ>
    <BSP>7,740000</BSP>
  </Prezzi>
  <Prezzi>
    <Data>20140511</Data>
    <Mercato>MGP</Mercato>
    <Ora>9</Ora>
    <PUN>29,580000</PUN>
    <NAT>29,580000</NAT>
    <CNOR>29,000000</CNOR>
    <CSUD>29,000000</CSUD>
    <NORD>29,000000</NORD>
    <SARD>29,000000</SARD>
    <SICI>62,509446</SICI>
    <SUD>10,000000</SUD>
    <AUST>29,000000</AUST>
    <BRNN>10,000000</BRNN>
    <COAC>29,000000</COAC>
    <CORS>29,000000</CORS>
    <FOGN>10,000000</FOGN>
    <FRAN>29,000000</FRAN>
    <GREC>10,000000</GREC>
    <MFTV>29,000000</MFTV>
    <PRGP>62,509446</PRGP>
    <ROSN>10,000000</ROSN>
    <SLOV>29,000000</SLOV>
    <SVIZ>29,000000</SVIZ>
    <BSP>8,530000</BSP>
  </Prezzi>
  <Prezzi>
    <Data>20140511</Data>
    <Mercato>MGP</Mercato>
    <Ora>10</Ora>
    <PUN>24,500000</PUN>
    <NAT>24,800000</NAT>
    <CNOR>24,606802</CNOR>
    <CSUD>24,606802</CSUD>
    <NORD>24,606802</NORD>
    <SARD>24,606802</SARD>
    <SICI>55,010000</SICI>
    <SUD>0,000000</SUD>
    <AUST>24,606802</AUST>
    <BRNN>0,000000</BRNN>
    <COAC>24,606802</COAC>
    <CORS>24,606802</CORS>
    <FOGN>0,000000</FOGN>
    <FRAN>24,606802</FRAN>
    <GREC>0,000000</GREC>
    <MFTV>24,606802</MFTV>
    <PRGP>55,010000</PRGP>
    <ROSN>0,000000</ROSN>
    <SLOV>24,606802</SLOV>
    <SVIZ>24,606802</SVIZ>
    <BSP>24,606802</BSP>
  </Prezzi>
  <Prezzi>
    <Data>20140511</Data>
    <Mercato>MGP</Mercato>
    <Ora>11</Ora>
    <PUN>15,726601</PUN>
    <NAT>15,000000</NAT>
    <CNOR>5,000000</CNOR>
    <CSUD>5,000000</CSUD>
    <NORD>14,740000</NORD>
    <SARD>5,000000</SARD>
    <SICI>84,990000</SICI>
    <SUD>0,000000</SUD>
    <AUST>14,740000</AUST>
    <BRNN>0,000000</BRNN>
    <COAC>5,000000</COAC>
    <CORS>5,000000</CORS>
    <FOGN>0,000000</FOGN>
    <FRAN>14,740000</FRAN>
    <GREC>0,000000</GREC>
    <MFTV>14,740000</MFTV>
    <PRGP>84,990000</PRGP>
    <ROSN>0,000000</ROSN>
    <SLOV>14,740000</SLOV>
    <SVIZ>14,740000</SVIZ>
    <BSP>14,740000</BSP>
  </Prezzi>
  <Prezzi>
    <Data>20140511</Data>
    <Mercato>MGP</Mercato>
    <Ora>12</Ora>
    <PUN>15,330000</PUN>
    <NAT>10,000000</NAT>
    <CNOR>5,000000</CNOR>
    <CSUD>5,000000</CSUD>
    <NORD>18,333511</NORD>
    <SARD>5,000000</SARD>
    <SICI>55,010000</SICI>
    <SUD>0,000000</SUD>
    <AUST>18,333511</AUST>
    <BRNN>0,000000</BRNN>
    <COAC>5,000000</COAC>
    <CORS>5,000000</CORS>
    <FOGN>0,000000</FOGN>
    <FRAN>18,333511</FRAN>
    <GREC>0,000000</GREC>
    <MFTV>18,333511</MFTV>
    <PRGP>55,010000</PRGP>
    <ROSN>0,000000</ROSN>
    <SLOV>18,333511</SLOV>
    <SVIZ>18,333511</SVIZ>
    <BSP>18,333511</BSP>
  </Prezzi>
  <Prezzi>
    <Data>20140511</Data>
    <Mercato>MGP</Mercato>
    <Ora>13</Ora>
    <PUN>10,010000</PUN>
    <NAT>4,230000</NAT>
    <CNOR>2,368965</CNOR>
    <CSUD>2,368965</CSUD>
    <NORD>10,000000</NORD>
    <SARD>2,368965</SARD>
    <SICI>55,000000</SICI>
    <SUD>0,000000</SUD>
    <AUST>10,000000</AUST>
    <BRNN>0,000000</BRNN>
    <COAC>2,368965</COAC>
    <CORS>2,368965</CORS>
    <FOGN>0,000000</FOGN>
    <FRAN>10,000000</FRAN>
    <GREC>0,000000</GREC>
    <MFTV>10,000000</MFTV>
    <PRGP>55,000000</PRGP>
    <ROSN>0,000000</ROSN>
    <SLOV>10,000000</SLOV>
    <SVIZ>10,000000</SVIZ>
    <BSP>10,000000</BSP>
  </Prezzi>
  <Prezzi>
    <Data>20140511</Data>
    <Mercato>MGP</Mercato>
    <Ora>14</Ora>
    <PUN>6,224771</PUN>
    <NAT>0,010000</NAT>
    <CNOR>0,000000</CNOR>
    <CSUD>0,000000</CSUD>
    <NORD>4,220000</NORD>
    <SARD>0,000000</SARD>
    <SICI>55,000000</SICI>
    <SUD>0,000000</SUD>
    <AUST>4,220000</AUST>
    <BRNN>0,000000</BRNN>
    <COAC>0,000000</COAC>
    <CORS>0,000000</CORS>
    <FOGN>0,000000</FOGN>
    <FRAN>4,220000</FRAN>
    <GREC>0,000000</GREC>
    <MFTV>4,220000</MFTV>
    <PRGP>55,000000</PRGP>
    <ROSN>0,000000</ROSN>
    <SLOV>4,220000</SLOV>
    <SVIZ>4,220000</SVIZ>
    <BSP>4,220000</BSP>
  </Prezzi>
  <Prezzi>
    <Data>20140511</Data>
    <Mercato>MGP</Mercato>
    <Ora>15</Ora>
    <PUN>6,398927</PUN>
    <NAT>0,010000</NAT>
    <CNOR>0,000000</CNOR>
    <CSUD>0,000000</CSUD>
    <NORD>4,890000</NORD>
    <SARD>0,000000</SARD>
    <SICI>53,640000</SICI>
    <SUD>0,000000</SUD>
    <AUST>4,890000</AUST>
    <BRNN>0,000000</BRNN>
    <COAC>0,000000</COAC>
    <CORS>0,000000</CORS>
    <FOGN>0,000000</FOGN>
    <FRAN>4,890000</FRAN>
    <GREC>0,000000</GREC>
    <MFTV>4,890000</MFTV>
    <PRGP>53,640000</PRGP>
    <ROSN>0,000000</ROSN>
    <SLOV>4,890000</SLOV>
    <SVIZ>4,890000</SVIZ>
    <BSP>4,890000</BSP>
  </Prezzi>
  <Prezzi>
    <Data>20140511</Data>
    <Mercato>MGP</Mercato>
    <Ora>16</Ora>
    <PUN>7,807646</PUN>
    <NAT>1,000000</NAT>
    <CNOR>0,000000</CNOR>
    <CSUD>0,000000</CSUD>
    <NORD>7,220000</NORD>
    <SARD>0,000000</SARD>
    <SICI>55,000000</SICI>
    <SUD>0,000000</SUD>
    <AUST>7,220000</AUST>
    <BRNN>0,000000</BRNN>
    <COAC>0,000000</COAC>
    <CORS>0,000000</CORS>
    <FOGN>0,000000</FOGN>
    <FRAN>7,220000</FRAN>
    <GREC>0,000000</GREC>
    <MFTV>7,220000</MFTV>
    <PRGP>55,000000</PRGP>
    <ROSN>0,000000</ROSN>
    <SLOV>7,220000</SLOV>
    <SVIZ>7,220000</SVIZ>
    <BSP>7,220000</BSP>
  </Prezzi>
  <Prezzi>
    <Data>20140511</Data>
    <Mercato>MGP</Mercato>
    <Ora>17</Ora>
    <PUN>9,869933</PUN>
    <NAT>7,220000</NAT>
    <CNOR>0,000000</CNOR>
    <CSUD>0,000000</CSUD>
    <NORD>11,230000</NORD>
    <SARD>0,000000</SARD>
    <SICI>55,000000</SICI>
    <SUD>0,000000</SUD>
    <AUST>11,230000</AUST>
    <BRNN>0,000000</BRNN>
    <COAC>0,000000</COAC>
    <CORS>0,000000</CORS>
    <FOGN>0,000000</FOGN>
    <FRAN>11,230000</FRAN>
    <GREC>0,000000</GREC>
    <MFTV>11,230000</MFTV>
    <PRGP>55,000000</PRGP>
    <ROSN>0,000000</ROSN>
    <SLOV>11,230000</SLOV>
    <SVIZ>11,230000</SVIZ>
    <BSP>11,230000</BSP>
  </Prezzi>
  <Prezzi>
    <Data>20140511</Data>
    <Mercato>MGP</Mercato>
    <Ora>18</Ora>
    <PUN>14,230000</PUN>
    <NAT>15,000000</NAT>
    <CNOR>11,298705</CNOR>
    <CSUD>11,298705</CSUD>
    <NORD>11,298705</NORD>
    <SARD>11,298705</SARD>
    <SICI>55,000000</SICI>
    <SUD>11,298705</SUD>
    <AUST>11,298705</AUST>
    <BRNN>11,298705</BRNN>
    <COAC>11,298705</COAC>
    <CORS>11,298705</CORS>
    <FOGN>11,298705</FOGN>
    <FRAN>11,298705</FRAN>
    <GREC>11,298705</GREC>
    <MFTV>11,298705</MFTV>
    <PRGP>55,000000</PRGP>
    <ROSN>11,298705</ROSN>
    <SLOV>11,298705</SLOV>
    <SVIZ>11,298705</SVIZ>
    <BSP>11,298705</BSP>
  </Prezzi>
  <Prezzi>
    <Data>20140511</Data>
    <Mercato>MGP</Mercato>
    <Ora>19</Ora>
    <PUN>36,331852</PUN>
    <NAT>36,830000</NAT>
    <CNOR>35,000000</CNOR>
    <CSUD>35,000000</CSUD>
    <NORD>35,000000</NORD>
    <SARD>35,000000</SARD>
    <SICI>55,010000</SICI>
    <SUD>35,000000</SUD>
    <AUST>35,000000</AUST>
    <BRNN>35,000000</BRNN>
    <COAC>35,000000</COAC>
    <CORS>35,000000</CORS>
    <FOGN>35,000000</FOGN>
    <FRAN>35,000000</FRAN>
    <GREC>35,000000</GREC>
    <MFTV>35,000000</MFTV>
    <PRGP>55,010000</PRGP>
    <ROSN>35,000000</ROSN>
    <SLOV>35,000000</SLOV>
    <SVIZ>35,000000</SVIZ>
    <BSP>26,990000</BSP>
  </Prezzi>
  <Prezzi>
    <Data>20140511</Data>
    <Mercato>MGP</Mercato>
    <Ora>20</Ora>
    <PUN>51,444219</PUN>
    <NAT>48,300000</NAT>
    <CNOR>45,400000</CNOR>
    <CSUD>45,400000</CSUD>
    <NORD>45,400000</NORD>
    <SARD>45,400000</SARD>
    <SICI>135,920000</SICI>
    <SUD>45,400000</SUD>
    <AUST>45,400000</AUST>
    <BRNN>45,400000</BRNN>
    <COAC>45,400000</COAC>
    <CORS>45,400000</CORS>
    <FOGN>45,400000</FOGN>
    <FRAN>45,400000</FRAN>
    <GREC>45,400000</GREC>
    <MFTV>45,400000</MFTV>
    <PRGP>135,920000</PRGP>
    <ROSN>45,400000</ROSN>
    <SLOV>45,400000</SLOV>
    <SVIZ>45,400000</SVIZ>
    <BSP>29,960000</BSP>
  </Prezzi>
  <Prezzi>
    <Data>20140511</Data>
    <Mercato>MGP</Mercato>
    <Ora>21</Ora>
    <PUN>63,540000</PUN>
    <NAT>69,000000</NAT>
    <CNOR>56,904625</CNOR>
    <CSUD>56,904625</CSUD>
    <NORD>56,904625</NORD>
    <SARD>72,020000</SARD>
    <SICI>139,700000</SICI>
    <SUD>56,904625</SUD>
    <AUST>56,904625</AUST>
    <BRNN>56,904625</BRNN>
    <COAC>72,020000</COAC>
    <CORS>72,020000</CORS>
    <FOGN>56,904625</FOGN>
    <FRAN>56,904625</FRAN>
    <GREC>56,904625</GREC>
    <MFTV>56,904625</MFTV>
    <PRGP>139,700000</PRGP>
    <ROSN>56,904625</ROSN>
    <SLOV>56,904625</SLOV>
    <SVIZ>56,904625</SVIZ>
    <BSP>40,790000</BSP>
  </Prezzi>
  <Prezzi>
    <Data>20140511</Data>
    <Mercato>MGP</Mercato>
    <Ora>22</Ora>
    <PUN>60,196195</PUN>
    <NAT>61,980000</NAT>
    <CNOR>53,990000</CNOR>
    <CSUD>53,990000</CSUD>
    <NORD>53,990000</NORD>
    <SARD>72,020000</SARD>
    <SICI>130,020000</SICI>
    <SUD>53,990000</SUD>
    <AUST>53,990000</AUST>
    <BRNN>53,990000</BRNN>
    <COAC>72,020000</COAC>
    <CORS>72,020000</CORS>
    <FOGN>53,990000</FOGN>
    <FRAN>53,990000</FRAN>
    <GREC>53,990000</GREC>
    <MFTV>53,990000</MFTV>
    <PRGP>130,020000</PRGP>
    <ROSN>53,990000</ROSN>
    <SLOV>53,990000</SLOV>
    <SVIZ>53,990000</SVIZ>
    <BSP>41,070000</BSP>
  </Prezzi>
  <Prezzi>
    <Data>20140511</Data>
    <Mercato>MGP</Mercato>
    <Ora>23</Ora>
    <PUN>53,140839</PUN>
    <NAT>49,380000</NAT>
    <CNOR>47,810000</CNOR>
    <CSUD>47,810000</CSUD>
    <NORD>47,810000</NORD>
    <SARD>72,020000</SARD>
    <SICI>105,010000</SICI>
    <SUD>47,810000</SUD>
    <AUST>47,810000</AUST>
    <BRNN>47,810000</BRNN>
    <COAC>72,020000</COAC>
    <CORS>72,020000</CORS>
    <FOGN>47,810000</FOGN>
    <FRAN>47,810000</FRAN>
    <GREC>47,810000</GREC>
    <MFTV>47,810000</MFTV>
    <PRGP>105,010000</PRGP>
    <ROSN>47,810000</ROSN>
    <SLOV>47,810000</SLOV>
    <SVIZ>47,810000</SVIZ>
    <BSP>36,800000</BSP>
  </Prezzi>
  <Prezzi>
    <Data>20140511</Data>
    <Mercato>MGP</Mercato>
    <Ora>24</Ora>
    <PUN>42,243112</PUN>
    <NAT>39,560000</NAT>
    <CNOR>38,410000</CNOR>
    <CSUD>38,410000</CSUD>
    <NORD>38,410000</NORD>
    <SARD>38,410000</SARD>
    <SICI>91,000000</SICI>
    <SUD>38,410000</SUD>
    <AUST>38,410000</AUST>
    <BRNN>38,410000</BRNN>
    <COAC>38,410000</COAC>
    <CORS>38,410000</CORS>
    <FOGN>38,410000</FOGN>
    <FRAN>38,410000</FRAN>
    <GREC>38,410000</GREC>
    <MFTV>38,410000</MFTV>
    <PRGP>91,000000</PRGP>
    <ROSN>38,410000</ROSN>
    <SLOV>38,410000</SLOV>
    <SVIZ>38,410000</SVIZ>
    <BSP>19,440000</BSP>
  </Prezzi>
</NewDataSet>