<?xml version="1.0" standalone="yes"?>
<NewDataSet>
  <xs:schema id="NewDataSet" xmlns="" xmlns:xs="http://www.w3.org/2001/XMLSchema" xmlns:msdata="urn:schemas-microsoft-com:xml-msdata">
    <xs:element name="NewDataSet" msdata:IsDataSet="true" msdata:UseCurrentLocale="true">
      <xs:complexType>
        <xs:choice minOccurs="0" maxOccurs="unbounded">
          <xs:element name="Prezzi">
            <xs:complexType>
              <xs:sequence>
                <xs:element name="Data" type="xs:string" minOccurs="0" />
                <xs:element name="Mercato" type="xs:string" minOccurs="0" />
                <xs:element name="Ora" type="xs:string" minOccurs="0" />
                <xs:element name="PUN" type="xs:string" minOccurs="0" />
                <xs:element name="NAT" type="xs:string" minOccurs="0" />
                <xs:element name="CNOR" type="xs:string" minOccurs="0" />
                <xs:element name="CSUD" type="xs:string" minOccurs="0" />
                <xs:element name="NORD" type="xs:string" minOccurs="0" />
                <xs:element name="SARD" type="xs:string" minOccurs="0" />
                <xs:element name="SICI" type="xs:string" minOccurs="0" />
                <xs:element name="SUD" type="xs:string" minOccurs="0" />
                <xs:element name="AUST" type="xs:string" minOccurs="0" />
                <xs:element name="BRNN" type="xs:string" minOccurs="0" />
                <xs:element name="COAC" type="xs:string" minOccurs="0" />
                <xs:element name="CORS" type="xs:string" minOccurs="0" />
                <xs:element name="FOGN" type="xs:string" minOccurs="0" />
                <xs:element name="FRAN" type="xs:string" minOccurs="0" />
                <xs:element name="GREC" type="xs:string" minOccurs="0" />
                <xs:element name="MFTV" type="xs:string" minOccurs="0" />
                <xs:element name="PRGP" type="xs:string" minOccurs="0" />
                <xs:element name="ROSN" type="xs:string" minOccurs="0" />
                <xs:element name="SLOV" type="xs:string" minOccurs="0" />
                <xs:element name="SVIZ" type="xs:string" minOccurs="0" />
                <xs:element name="BSP" type="xs:string" minOccurs="0" />
              </xs:sequence>
            </xs:complexType>
          </xs:element>
        </xs:choice>
      </xs:complexType>
    </xs:element>
  </xs:schema>
  <Prezzi>
    <Data>20140529</Data>
    <Mercato>MGP</Mercato>
    <Ora>1</Ora>
    <PUN>50,834272</PUN>
    <NAT>50,000000</NAT>
    <CNOR>48,040000</CNOR>
    <CSUD>48,040000</CSUD>
    <NORD>48,040000</NORD>
    <SARD>73,010000</SARD>
    <SICI>70,010000</SICI>
    <SUD>48,040000</SUD>
    <AUST>48,040000</AUST>
    <BRNN>48,040000</BRNN>
    <COAC>73,010000</COAC>
    <CORS>73,010000</CORS>
    <FOGN>48,040000</FOGN>
    <FRAN>48,040000</FRAN>
    <GREC>48,040000</GREC>
    <MFTV>48,040000</MFTV>
    <PRGP>70,010000</PRGP>
    <ROSN>48,040000</ROSN>
    <SLOV>48,040000</SLOV>
    <SVIZ>48,040000</SVIZ>
    <BSP>33,190000</BSP>
  </Prezzi>
  <Prezzi>
    <Data>20140529</Data>
    <Mercato>MGP</Mercato>
    <Ora>2</Ora>
    <PUN>46,801987</PUN>
    <NAT>45,190000</NAT>
    <CNOR>45,000000</CNOR>
    <CSUD>45,000000</CSUD>
    <NORD>45,000000</NORD>
    <SARD>45,000000</SARD>
    <SICI>70,000000</SICI>
    <SUD>45,000000</SUD>
    <AUST>45,000000</AUST>
    <BRNN>45,000000</BRNN>
    <COAC>45,000000</COAC>
    <CORS>45,000000</CORS>
    <FOGN>45,000000</FOGN>
    <FRAN>45,000000</FRAN>
    <GREC>45,000000</GREC>
    <MFTV>45,000000</MFTV>
    <PRGP>70,000000</PRGP>
    <ROSN>45,000000</ROSN>
    <SLOV>45,000000</SLOV>
    <SVIZ>45,000000</SVIZ>
    <BSP>29,440000</BSP>
  </Prezzi>
  <Prezzi>
    <Data>20140529</Data>
    <Mercato>MGP</Mercato>
    <Ora>3</Ora>
    <PUN>45,470111</PUN>
    <NAT>45,000000</NAT>
    <CNOR>45,000000</CNOR>
    <CSUD>45,000000</CSUD>
    <NORD>45,000000</NORD>
    <SARD>45,000000</SARD>
    <SICI>52,390000</SICI>
    <SUD>45,000000</SUD>
    <AUST>45,000000</AUST>
    <BRNN>45,000000</BRNN>
    <COAC>45,000000</COAC>
    <CORS>45,000000</CORS>
    <FOGN>45,000000</FOGN>
    <FRAN>45,000000</FRAN>
    <GREC>45,000000</GREC>
    <MFTV>45,000000</MFTV>
    <PRGP>52,390000</PRGP>
    <ROSN>45,000000</ROSN>
    <SLOV>45,000000</SLOV>
    <SVIZ>45,000000</SVIZ>
    <BSP>26,220000</BSP>
  </Prezzi>
  <Prezzi>
    <Data>20140529</Data>
    <Mercato>MGP</Mercato>
    <Ora>4</Ora>
    <PUN>44,767160</PUN>
    <NAT>42,770000</NAT>
    <CNOR>44,360000</CNOR>
    <CSUD>44,360000</CSUD>
    <NORD>44,360000</NORD>
    <SARD>44,360000</SARD>
    <SICI>51,010000</SICI>
    <SUD>44,360000</SUD>
    <AUST>44,360000</AUST>
    <BRNN>44,360000</BRNN>
    <COAC>44,360000</COAC>
    <CORS>44,360000</CORS>
    <FOGN>44,360000</FOGN>
    <FRAN>44,360000</FRAN>
    <GREC>44,360000</GREC>
    <MFTV>44,360000</MFTV>
    <PRGP>51,010000</PRGP>
    <ROSN>44,360000</ROSN>
    <SLOV>44,360000</SLOV>
    <SVIZ>44,360000</SVIZ>
    <BSP>23,640000</BSP>
  </Prezzi>
  <Prezzi>
    <Data>20140529</Data>
    <Mercato>MGP</Mercato>
    <Ora>5</Ora>
    <PUN>44,473100</PUN>
    <NAT>41,990000</NAT>
    <CNOR>44,050000</CNOR>
    <CSUD>44,050000</CSUD>
    <NORD>44,050000</NORD>
    <SARD>44,050000</SARD>
    <SICI>51,000000</SICI>
    <SUD>44,050000</SUD>
    <AUST>44,050000</AUST>
    <BRNN>44,050000</BRNN>
    <COAC>44,050000</COAC>
    <CORS>44,050000</CORS>
    <FOGN>44,050000</FOGN>
    <FRAN>44,050000</FRAN>
    <GREC>44,050000</GREC>
    <MFTV>44,050000</MFTV>
    <PRGP>51,000000</PRGP>
    <ROSN>44,050000</ROSN>
    <SLOV>44,050000</SLOV>
    <SVIZ>44,050000</SVIZ>
    <BSP>24,360000</BSP>
  </Prezzi>
  <Prezzi>
    <Data>20140529</Data>
    <Mercato>MGP</Mercato>
    <Ora>6</Ora>
    <PUN>45,362544</PUN>
    <NAT>44,360000</NAT>
    <CNOR>45,000000</CNOR>
    <CSUD>45,000000</CSUD>
    <NORD>45,000000</NORD>
    <SARD>45,000000</SARD>
    <SICI>51,000000</SICI>
    <SUD>45,000000</SUD>
    <AUST>45,000000</AUST>
    <BRNN>45,000000</BRNN>
    <COAC>45,000000</COAC>
    <CORS>45,000000</CORS>
    <FOGN>45,000000</FOGN>
    <FRAN>45,000000</FRAN>
    <GREC>45,000000</GREC>
    <MFTV>45,000000</MFTV>
    <PRGP>51,000000</PRGP>
    <ROSN>45,000000</ROSN>
    <SLOV>45,000000</SLOV>
    <SVIZ>45,000000</SVIZ>
    <BSP>27,040000</BSP>
  </Prezzi>
  <Prezzi>
    <Data>20140529</Data>
    <Mercato>MGP</Mercato>
    <Ora>7</Ora>
    <PUN>45,612197</PUN>
    <NAT>45,130000</NAT>
    <CNOR>45,280000</CNOR>
    <CSUD>45,280000</CSUD>
    <NORD>45,280000</NORD>
    <SARD>45,280000</SARD>
    <SICI>51,010000</SICI>
    <SUD>45,280000</SUD>
    <AUST>45,280000</AUST>
    <BRNN>45,280000</BRNN>
    <COAC>45,280000</COAC>
    <CORS>45,280000</CORS>
    <FOGN>45,280000</FOGN>
    <FRAN>45,280000</FRAN>
    <GREC>45,280000</GREC>
    <MFTV>45,280000</MFTV>
    <PRGP>51,010000</PRGP>
    <ROSN>45,280000</ROSN>
    <SLOV>45,280000</SLOV>
    <SVIZ>45,280000</SVIZ>
    <BSP>35,890000</BSP>
  </Prezzi>
  <Prezzi>
    <Data>20140529</Data>
    <Mercato>MGP</Mercato>
    <Ora>8</Ora>
    <PUN>54,897912</PUN>
    <NAT>52,480000</NAT>
    <CNOR>52,400000</CNOR>
    <CSUD>52,400000</CSUD>
    <NORD>52,400000</NORD>
    <SARD>52,400000</SARD>
    <SICI>95,000000</SICI>
    <SUD>52,400000</SUD>
    <AUST>52,400000</AUST>
    <BRNN>52,400000</BRNN>
    <COAC>52,400000</COAC>
    <CORS>52,400000</CORS>
    <FOGN>52,400000</FOGN>
    <FRAN>52,400000</FRAN>
    <GREC>52,400000</GREC>
    <MFTV>52,400000</MFTV>
    <PRGP>95,000000</PRGP>
    <ROSN>52,400000</ROSN>
    <SLOV>52,400000</SLOV>
    <SVIZ>52,400000</SVIZ>
    <BSP>42,800000</BSP>
  </Prezzi>
  <Prezzi>
    <Data>20140529</Data>
    <Mercato>MGP</Mercato>
    <Ora>9</Ora>
    <PUN>74,862181</PUN>
    <NAT>71,280000</NAT>
    <CNOR>73,010000</CNOR>
    <CSUD>73,010000</CSUD>
    <NORD>73,010000</NORD>
    <SARD>73,010000</SARD>
    <SICI>105,000000</SICI>
    <SUD>73,010000</SUD>
    <AUST>73,010000</AUST>
    <BRNN>73,010000</BRNN>
    <COAC>73,010000</COAC>
    <CORS>73,010000</CORS>
    <FOGN>73,010000</FOGN>
    <FRAN>73,010000</FRAN>
    <GREC>73,010000</GREC>
    <MFTV>73,010000</MFTV>
    <PRGP>105,000000</PRGP>
    <ROSN>73,010000</ROSN>
    <SLOV>73,010000</SLOV>
    <SVIZ>73,010000</SVIZ>
    <BSP>46,580000</BSP>
  </Prezzi>
  <Prezzi>
    <Data>20140529</Data>
    <Mercato>MGP</Mercato>
    <Ora>10</Ora>
    <PUN>71,088927</PUN>
    <NAT>62,150000</NAT>
    <CNOR>69,000000</CNOR>
    <CSUD>69,000000</CSUD>
    <NORD>69,000000</NORD>
    <SARD>69,000000</SARD>
    <SICI>105,000000</SICI>
    <SUD>69,000000</SUD>
    <AUST>69,000000</AUST>
    <BRNN>69,000000</BRNN>
    <COAC>69,000000</COAC>
    <CORS>69,000000</CORS>
    <FOGN>69,000000</FOGN>
    <FRAN>69,000000</FRAN>
    <GREC>69,000000</GREC>
    <MFTV>69,000000</MFTV>
    <PRGP>105,000000</PRGP>
    <ROSN>69,000000</ROSN>
    <SLOV>69,000000</SLOV>
    <SVIZ>69,000000</SVIZ>
    <BSP>45,770000</BSP>
  </Prezzi>
  <Prezzi>
    <Data>20140529</Data>
    <Mercato>MGP</Mercato>
    <Ora>11</Ora>
    <PUN>55,172943</PUN>
    <NAT>54,770000</NAT>
    <CNOR>55,000000</CNOR>
    <CSUD>55,000000</CSUD>
    <NORD>55,000000</NORD>
    <SARD>55,000000</SARD>
    <SICI>57,990000</SICI>
    <SUD>55,000000</SUD>
    <AUST>55,000000</AUST>
    <BRNN>55,000000</BRNN>
    <COAC>55,000000</COAC>
    <CORS>55,000000</CORS>
    <FOGN>55,000000</FOGN>
    <FRAN>55,000000</FRAN>
    <GREC>55,000000</GREC>
    <MFTV>55,000000</MFTV>
    <PRGP>57,990000</PRGP>
    <ROSN>55,000000</ROSN>
    <SLOV>55,000000</SLOV>
    <SVIZ>55,000000</SVIZ>
    <BSP>46,420000</BSP>
  </Prezzi>
  <Prezzi>
    <Data>20140529</Data>
    <Mercato>MGP</Mercato>
    <Ora>12</Ora>
    <PUN>54,990000</PUN>
    <NAT>52,330000</NAT>
    <CNOR>54,990000</CNOR>
    <CSUD>54,990000</CSUD>
    <NORD>54,990000</NORD>
    <SARD>54,990000</SARD>
    <SICI>54,990000</SICI>
    <SUD>54,990000</SUD>
    <AUST>54,990000</AUST>
    <BRNN>54,990000</BRNN>
    <COAC>54,990000</COAC>
    <CORS>54,990000</CORS>
    <FOGN>54,990000</FOGN>
    <FRAN>54,990000</FRAN>
    <GREC>54,990000</GREC>
    <MFTV>54,990000</MFTV>
    <PRGP>54,990000</PRGP>
    <ROSN>54,990000</ROSN>
    <SLOV>54,990000</SLOV>
    <SVIZ>54,990000</SVIZ>
    <BSP>46,210000</BSP>
  </Prezzi>
  <Prezzi>
    <Data>20140529</Data>
    <Mercato>MGP</Mercato>
    <Ora>13</Ora>
    <PUN>50,586938</PUN>
    <NAT>50,400000</NAT>
    <CNOR>50,560000</CNOR>
    <CSUD>50,560000</CSUD>
    <NORD>50,560000</NORD>
    <SARD>50,560000</SARD>
    <SICI>51,010000</SICI>
    <SUD>50,560000</SUD>
    <AUST>50,560000</AUST>
    <BRNN>50,560000</BRNN>
    <COAC>50,560000</COAC>
    <CORS>50,560000</CORS>
    <FOGN>50,560000</FOGN>
    <FRAN>50,560000</FRAN>
    <GREC>50,560000</GREC>
    <MFTV>50,560000</MFTV>
    <PRGP>51,010000</PRGP>
    <ROSN>50,560000</ROSN>
    <SLOV>50,560000</SLOV>
    <SVIZ>50,560000</SVIZ>
    <BSP>44,070000</BSP>
  </Prezzi>
  <Prezzi>
    <Data>20140529</Data>
    <Mercato>MGP</Mercato>
    <Ora>14</Ora>
    <PUN>50,076158</PUN>
    <NAT>50,000000</NAT>
    <CNOR>50,020000</CNOR>
    <CSUD>50,020000</CSUD>
    <NORD>50,020000</NORD>
    <SARD>50,020000</SARD>
    <SICI>51,000000</SICI>
    <SUD>50,020000</SUD>
    <AUST>50,020000</AUST>
    <BRNN>50,020000</BRNN>
    <COAC>50,020000</COAC>
    <CORS>50,020000</CORS>
    <FOGN>50,020000</FOGN>
    <FRAN>50,020000</FRAN>
    <GREC>50,020000</GREC>
    <MFTV>50,020000</MFTV>
    <PRGP>51,000000</PRGP>
    <ROSN>50,020000</ROSN>
    <SLOV>50,020000</SLOV>
    <SVIZ>50,020000</SVIZ>
    <BSP>42,730000</BSP>
  </Prezzi>
  <Prezzi>
    <Data>20140529</Data>
    <Mercato>MGP</Mercato>
    <Ora>15</Ora>
    <PUN>51,964937</PUN>
    <NAT>51,010000</NAT>
    <CNOR>52,020000</CNOR>
    <CSUD>52,020000</CSUD>
    <NORD>52,020000</NORD>
    <SARD>52,020000</SARD>
    <SICI>51,010000</SICI>
    <SUD>52,020000</SUD>
    <AUST>52,020000</AUST>
    <BRNN>52,020000</BRNN>
    <COAC>52,020000</COAC>
    <CORS>52,020000</CORS>
    <FOGN>52,020000</FOGN>
    <FRAN>52,020000</FRAN>
    <GREC>52,020000</GREC>
    <MFTV>52,020000</MFTV>
    <PRGP>51,010000</PRGP>
    <ROSN>52,020000</ROSN>
    <SLOV>52,020000</SLOV>
    <SVIZ>52,020000</SVIZ>
    <BSP>42,140000</BSP>
  </Prezzi>
  <Prezzi>
    <Data>20140529</Data>
    <Mercato>MGP</Mercato>
    <Ora>16</Ora>
    <PUN>54,774466</PUN>
    <NAT>52,020000</NAT>
    <CNOR>54,990000</CNOR>
    <CSUD>54,990000</CSUD>
    <NORD>54,990000</NORD>
    <SARD>54,990000</SARD>
    <SICI>51,010000</SICI>
    <SUD>54,990000</SUD>
    <AUST>54,990000</AUST>
    <BRNN>54,990000</BRNN>
    <COAC>54,990000</COAC>
    <CORS>54,990000</CORS>
    <FOGN>54,990000</FOGN>
    <FRAN>54,990000</FRAN>
    <GREC>54,990000</GREC>
    <MFTV>54,990000</MFTV>
    <PRGP>51,010000</PRGP>
    <ROSN>54,990000</ROSN>
    <SLOV>54,990000</SLOV>
    <SVIZ>54,990000</SVIZ>
    <BSP>41,180000</BSP>
  </Prezzi>
  <Prezzi>
    <Data>20140529</Data>
    <Mercato>MGP</Mercato>
    <Ora>17</Ora>
    <PUN>54,784248</PUN>
    <NAT>53,960000</NAT>
    <CNOR>55,000000</CNOR>
    <CSUD>55,000000</CSUD>
    <NORD>55,000000</NORD>
    <SARD>55,000000</SARD>
    <SICI>51,010000</SICI>
    <SUD>55,000000</SUD>
    <AUST>55,000000</AUST>
    <BRNN>55,000000</BRNN>
    <COAC>55,000000</COAC>
    <CORS>55,000000</CORS>
    <FOGN>55,000000</FOGN>
    <FRAN>55,000000</FRAN>
    <GREC>55,000000</GREC>
    <MFTV>55,000000</MFTV>
    <PRGP>51,010000</PRGP>
    <ROSN>55,000000</ROSN>
    <SLOV>55,000000</SLOV>
    <SVIZ>55,000000</SVIZ>
    <BSP>41,600000</BSP>
  </Prezzi>
  <Prezzi>
    <Data>20140529</Data>
    <Mercato>MGP</Mercato>
    <Ora>18</Ora>
    <PUN>51,530000</PUN>
    <NAT>51,000000</NAT>
    <CNOR>51,530000</CNOR>
    <CSUD>51,530000</CSUD>
    <NORD>51,530000</NORD>
    <SARD>51,530000</SARD>
    <SICI>51,530000</SICI>
    <SUD>51,530000</SUD>
    <AUST>51,530000</AUST>
    <BRNN>51,530000</BRNN>
    <COAC>51,530000</COAC>
    <CORS>51,530000</CORS>
    <FOGN>51,530000</FOGN>
    <FRAN>51,530000</FRAN>
    <GREC>51,530000</GREC>
    <MFTV>51,530000</MFTV>
    <PRGP>51,530000</PRGP>
    <ROSN>51,530000</ROSN>
    <SLOV>51,530000</SLOV>
    <SVIZ>51,530000</SVIZ>
    <BSP>41,620000</BSP>
  </Prezzi>
  <Prezzi>
    <Data>20140529</Data>
    <Mercato>MGP</Mercato>
    <Ora>19</Ora>
    <PUN>52,570000</PUN>
    <NAT>51,540000</NAT>
    <CNOR>52,570000</CNOR>
    <CSUD>52,570000</CSUD>
    <NORD>52,570000</NORD>
    <SARD>52,570000</SARD>
    <SICI>52,570000</SICI>
    <SUD>52,570000</SUD>
    <AUST>52,570000</AUST>
    <BRNN>52,570000</BRNN>
    <COAC>52,570000</COAC>
    <CORS>52,570000</CORS>
    <FOGN>52,570000</FOGN>
    <FRAN>52,570000</FRAN>
    <GREC>52,570000</GREC>
    <MFTV>52,570000</MFTV>
    <PRGP>52,570000</PRGP>
    <ROSN>52,570000</ROSN>
    <SLOV>52,570000</SLOV>
    <SVIZ>52,570000</SVIZ>
    <BSP>42,000000</BSP>
  </Prezzi>
  <Prezzi>
    <Data>20140529</Data>
    <Mercato>MGP</Mercato>
    <Ora>20</Ora>
    <PUN>53,450000</PUN>
    <NAT>52,760000</NAT>
    <CNOR>53,450000</CNOR>
    <CSUD>53,450000</CSUD>
    <NORD>53,450000</NORD>
    <SARD>53,450000</SARD>
    <SICI>53,450000</SICI>
    <SUD>53,450000</SUD>
    <AUST>53,450000</AUST>
    <BRNN>53,450000</BRNN>
    <COAC>53,450000</COAC>
    <CORS>53,450000</CORS>
    <FOGN>53,450000</FOGN>
    <FRAN>53,450000</FRAN>
    <GREC>53,450000</GREC>
    <MFTV>53,450000</MFTV>
    <PRGP>53,450000</PRGP>
    <ROSN>53,450000</ROSN>
    <SLOV>53,450000</SLOV>
    <SVIZ>53,450000</SVIZ>
    <BSP>44,450000</BSP>
  </Prezzi>
  <Prezzi>
    <Data>20140529</Data>
    <Mercato>MGP</Mercato>
    <Ora>21</Ora>
    <PUN>61,600000</PUN>
    <NAT>58,280000</NAT>
    <CNOR>56,624340</CNOR>
    <CSUD>56,624340</CSUD>
    <NORD>56,624340</NORD>
    <SARD>56,624340</SARD>
    <SICI>135,000000</SICI>
    <SUD>56,624340</SUD>
    <AUST>56,624340</AUST>
    <BRNN>56,624340</BRNN>
    <COAC>56,624340</COAC>
    <CORS>56,624340</CORS>
    <FOGN>56,624340</FOGN>
    <FRAN>56,624340</FRAN>
    <GREC>56,624340</GREC>
    <MFTV>56,624340</MFTV>
    <PRGP>135,000000</PRGP>
    <ROSN>56,624340</ROSN>
    <SLOV>56,624340</SLOV>
    <SVIZ>56,624340</SVIZ>
    <BSP>51,940000</BSP>
  </Prezzi>
  <Prezzi>
    <Data>20140529</Data>
    <Mercato>MGP</Mercato>
    <Ora>22</Ora>
    <PUN>61,789118</PUN>
    <NAT>57,000000</NAT>
    <CNOR>57,000000</CNOR>
    <CSUD>57,000000</CSUD>
    <NORD>57,000000</NORD>
    <SARD>57,000000</SARD>
    <SICI>135,000000</SICI>
    <SUD>57,000000</SUD>
    <AUST>57,000000</AUST>
    <BRNN>57,000000</BRNN>
    <COAC>57,000000</COAC>
    <CORS>57,000000</CORS>
    <FOGN>57,000000</FOGN>
    <FRAN>57,000000</FRAN>
    <GREC>57,000000</GREC>
    <MFTV>57,000000</MFTV>
    <PRGP>135,000000</PRGP>
    <ROSN>57,000000</ROSN>
    <SLOV>57,000000</SLOV>
    <SVIZ>57,000000</SVIZ>
    <BSP>50,200000</BSP>
  </Prezzi>
  <Prezzi>
    <Data>20140529</Data>
    <Mercato>MGP</Mercato>
    <Ora>23</Ora>
    <PUN>54,090000</PUN>
    <NAT>49,090000</NAT>
    <CNOR>49,000000</CNOR>
    <CSUD>49,000000</CSUD>
    <NORD>49,000000</NORD>
    <SARD>49,000000</SARD>
    <SICI>130,000000</SICI>
    <SUD>49,000000</SUD>
    <AUST>49,000000</AUST>
    <BRNN>49,000000</BRNN>
    <COAC>49,000000</COAC>
    <CORS>49,000000</CORS>
    <FOGN>49,000000</FOGN>
    <FRAN>49,000000</FRAN>
    <GREC>49,000000</GREC>
    <MFTV>49,000000</MFTV>
    <PRGP>130,000000</PRGP>
    <ROSN>49,000000</ROSN>
    <SLOV>49,000000</SLOV>
    <SVIZ>49,000000</SVIZ>
    <BSP>45,010000</BSP>
  </Prezzi>
  <Prezzi>
    <Data>20140529</Data>
    <Mercato>MGP</Mercato>
    <Ora>24</Ora>
    <PUN>45,804084</PUN>
    <NAT>45,280000</NAT>
    <CNOR>45,340000</CNOR>
    <CSUD>45,340000</CSUD>
    <NORD>45,340000</NORD>
    <SARD>45,340000</SARD>
    <SICI>52,220000</SICI>
    <SUD>45,340000</SUD>
    <AUST>45,340000</AUST>
    <BRNN>45,340000</BRNN>
    <COAC>45,340000</COAC>
    <CORS>45,340000</CORS>
    <FOGN>45,340000</FOGN>
    <FRAN>45,340000</FRAN>
    <GREC>45,340000</GREC>
    <MFTV>45,340000</MFTV>
    <PRGP>52,220000</PRGP>
    <ROSN>45,340000</ROSN>
    <SLOV>45,340000</SLOV>
    <SVIZ>45,340000</SVIZ>
    <BSP>36,720000</BSP>
  </Prezzi>
</NewDataSet>