<?xml version="1.0" standalone="yes"?>
<NewDataSet>
  <xs:schema id="NewDataSet" xmlns="" xmlns:xs="http://www.w3.org/2001/XMLSchema" xmlns:msdata="urn:schemas-microsoft-com:xml-msdata">
    <xs:element name="NewDataSet" msdata:IsDataSet="true" msdata:UseCurrentLocale="true">
      <xs:complexType>
        <xs:choice minOccurs="0" maxOccurs="unbounded">
          <xs:element name="Prezzi">
            <xs:complexType>
              <xs:sequence>
                <xs:element name="Data" type="xs:string" minOccurs="0" />
                <xs:element name="Mercato" type="xs:string" minOccurs="0" />
                <xs:element name="Ora" type="xs:string" minOccurs="0" />
                <xs:element name="PUN" type="xs:string" minOccurs="0" />
                <xs:element name="NAT" type="xs:string" minOccurs="0" />
                <xs:element name="CNOR" type="xs:string" minOccurs="0" />
                <xs:element name="CSUD" type="xs:string" minOccurs="0" />
                <xs:element name="NORD" type="xs:string" minOccurs="0" />
                <xs:element name="SARD" type="xs:string" minOccurs="0" />
                <xs:element name="SICI" type="xs:string" minOccurs="0" />
                <xs:element name="SUD" type="xs:string" minOccurs="0" />
                <xs:element name="AUST" type="xs:string" minOccurs="0" />
                <xs:element name="BRNN" type="xs:string" minOccurs="0" />
                <xs:element name="COAC" type="xs:string" minOccurs="0" />
                <xs:element name="CORS" type="xs:string" minOccurs="0" />
                <xs:element name="FOGN" type="xs:string" minOccurs="0" />
                <xs:element name="FRAN" type="xs:string" minOccurs="0" />
                <xs:element name="GREC" type="xs:string" minOccurs="0" />
                <xs:element name="MFTV" type="xs:string" minOccurs="0" />
                <xs:element name="PRGP" type="xs:string" minOccurs="0" />
                <xs:element name="ROSN" type="xs:string" minOccurs="0" />
                <xs:element name="SLOV" type="xs:string" minOccurs="0" />
                <xs:element name="SVIZ" type="xs:string" minOccurs="0" />
                <xs:element name="BSP" type="xs:string" minOccurs="0" />
              </xs:sequence>
            </xs:complexType>
          </xs:element>
        </xs:choice>
      </xs:complexType>
    </xs:element>
  </xs:schema>
  <Prezzi>
    <Data>20140519</Data>
    <Mercato>MGP</Mercato>
    <Ora>1</Ora>
    <PUN>49,895380</PUN>
    <NAT>49,940000</NAT>
    <CNOR>49,800000</CNOR>
    <CSUD>49,800000</CSUD>
    <NORD>49,800000</NORD>
    <SARD>49,800000</SARD>
    <SICI>51,010000</SICI>
    <SUD>49,800000</SUD>
    <AUST>49,800000</AUST>
    <BRNN>49,800000</BRNN>
    <COAC>49,800000</COAC>
    <CORS>49,800000</CORS>
    <FOGN>49,800000</FOGN>
    <FRAN>49,800000</FRAN>
    <GREC>49,800000</GREC>
    <MFTV>49,800000</MFTV>
    <PRGP>51,010000</PRGP>
    <ROSN>49,800000</ROSN>
    <SLOV>49,800000</SLOV>
    <SVIZ>49,800000</SVIZ>
    <BSP>33,000000</BSP>
  </Prezzi>
  <Prezzi>
    <Data>20140519</Data>
    <Mercato>MGP</Mercato>
    <Ora>2</Ora>
    <PUN>48,238717</PUN>
    <NAT>48,020000</NAT>
    <CNOR>48,020000</CNOR>
    <CSUD>48,020000</CSUD>
    <NORD>48,020000</NORD>
    <SARD>48,020000</SARD>
    <SICI>51,010000</SICI>
    <SUD>48,020000</SUD>
    <AUST>48,020000</AUST>
    <BRNN>48,020000</BRNN>
    <COAC>48,020000</COAC>
    <CORS>48,020000</CORS>
    <FOGN>48,020000</FOGN>
    <FRAN>48,020000</FRAN>
    <GREC>48,020000</GREC>
    <MFTV>48,020000</MFTV>
    <PRGP>51,010000</PRGP>
    <ROSN>48,020000</ROSN>
    <SLOV>48,020000</SLOV>
    <SVIZ>48,020000</SVIZ>
    <BSP>31,100000</BSP>
  </Prezzi>
  <Prezzi>
    <Data>20140519</Data>
    <Mercato>MGP</Mercato>
    <Ora>3</Ora>
    <PUN>47,526579</PUN>
    <NAT>46,630000</NAT>
    <CNOR>47,260000</CNOR>
    <CSUD>47,260000</CSUD>
    <NORD>47,260000</NORD>
    <SARD>47,260000</SARD>
    <SICI>51,000000</SICI>
    <SUD>47,260000</SUD>
    <AUST>47,260000</AUST>
    <BRNN>47,260000</BRNN>
    <COAC>47,260000</COAC>
    <CORS>47,260000</CORS>
    <FOGN>47,260000</FOGN>
    <FRAN>47,260000</FRAN>
    <GREC>47,260000</GREC>
    <MFTV>47,260000</MFTV>
    <PRGP>51,000000</PRGP>
    <ROSN>47,260000</ROSN>
    <SLOV>47,260000</SLOV>
    <SVIZ>47,260000</SVIZ>
    <BSP>30,250000</BSP>
  </Prezzi>
  <Prezzi>
    <Data>20140519</Data>
    <Mercato>MGP</Mercato>
    <Ora>4</Ora>
    <PUN>48,229308</PUN>
    <NAT>46,000000</NAT>
    <CNOR>48,020000</CNOR>
    <CSUD>48,020000</CSUD>
    <NORD>48,020000</NORD>
    <SARD>48,020000</SARD>
    <SICI>51,000000</SICI>
    <SUD>48,020000</SUD>
    <AUST>48,020000</AUST>
    <BRNN>48,020000</BRNN>
    <COAC>48,020000</COAC>
    <CORS>48,020000</CORS>
    <FOGN>48,020000</FOGN>
    <FRAN>48,020000</FRAN>
    <GREC>48,020000</GREC>
    <MFTV>48,020000</MFTV>
    <PRGP>51,000000</PRGP>
    <ROSN>48,020000</ROSN>
    <SLOV>48,020000</SLOV>
    <SVIZ>48,020000</SVIZ>
    <BSP>27,650000</BSP>
  </Prezzi>
  <Prezzi>
    <Data>20140519</Data>
    <Mercato>MGP</Mercato>
    <Ora>5</Ora>
    <PUN>49,071241</PUN>
    <NAT>48,020000</NAT>
    <CNOR>48,930000</CNOR>
    <CSUD>48,930000</CSUD>
    <NORD>48,930000</NORD>
    <SARD>48,930000</SARD>
    <SICI>51,000000</SICI>
    <SUD>48,930000</SUD>
    <AUST>48,930000</AUST>
    <BRNN>48,930000</BRNN>
    <COAC>48,930000</COAC>
    <CORS>48,930000</CORS>
    <FOGN>48,930000</FOGN>
    <FRAN>48,930000</FRAN>
    <GREC>48,930000</GREC>
    <MFTV>48,930000</MFTV>
    <PRGP>51,000000</PRGP>
    <ROSN>48,930000</ROSN>
    <SLOV>48,930000</SLOV>
    <SVIZ>48,930000</SVIZ>
    <BSP>29,930000</BSP>
  </Prezzi>
  <Prezzi>
    <Data>20140519</Data>
    <Mercato>MGP</Mercato>
    <Ora>6</Ora>
    <PUN>51,000000</PUN>
    <NAT>49,990000</NAT>
    <CNOR>51,000000</CNOR>
    <CSUD>51,000000</CSUD>
    <NORD>51,000000</NORD>
    <SARD>51,000000</SARD>
    <SICI>51,000000</SICI>
    <SUD>51,000000</SUD>
    <AUST>51,000000</AUST>
    <BRNN>51,000000</BRNN>
    <COAC>51,000000</COAC>
    <CORS>51,000000</CORS>
    <FOGN>51,000000</FOGN>
    <FRAN>51,000000</FRAN>
    <GREC>51,000000</GREC>
    <MFTV>51,000000</MFTV>
    <PRGP>51,000000</PRGP>
    <ROSN>51,000000</ROSN>
    <SLOV>51,000000</SLOV>
    <SVIZ>51,000000</SVIZ>
    <BSP>33,700000</BSP>
  </Prezzi>
  <Prezzi>
    <Data>20140519</Data>
    <Mercato>MGP</Mercato>
    <Ora>7</Ora>
    <PUN>54,990000</PUN>
    <NAT>54,910000</NAT>
    <CNOR>54,990000</CNOR>
    <CSUD>54,990000</CSUD>
    <NORD>54,990000</NORD>
    <SARD>54,990000</SARD>
    <SICI>54,990000</SICI>
    <SUD>54,990000</SUD>
    <AUST>54,990000</AUST>
    <BRNN>54,990000</BRNN>
    <COAC>54,990000</COAC>
    <CORS>54,990000</CORS>
    <FOGN>54,990000</FOGN>
    <FRAN>54,990000</FRAN>
    <GREC>54,990000</GREC>
    <MFTV>54,990000</MFTV>
    <PRGP>54,990000</PRGP>
    <ROSN>54,990000</ROSN>
    <SLOV>54,990000</SLOV>
    <SVIZ>54,990000</SVIZ>
    <BSP>49,910000</BSP>
  </Prezzi>
  <Prezzi>
    <Data>20140519</Data>
    <Mercato>MGP</Mercato>
    <Ora>8</Ora>
    <PUN>70,000000</PUN>
    <NAT>69,000000</NAT>
    <CNOR>70,000000</CNOR>
    <CSUD>70,000000</CSUD>
    <NORD>70,000000</NORD>
    <SARD>70,000000</SARD>
    <SICI>70,000000</SICI>
    <SUD>70,000000</SUD>
    <AUST>70,000000</AUST>
    <BRNN>70,000000</BRNN>
    <COAC>70,000000</COAC>
    <CORS>70,000000</CORS>
    <FOGN>70,000000</FOGN>
    <FRAN>70,000000</FRAN>
    <GREC>70,000000</GREC>
    <MFTV>70,000000</MFTV>
    <PRGP>70,000000</PRGP>
    <ROSN>70,000000</ROSN>
    <SLOV>70,000000</SLOV>
    <SVIZ>70,000000</SVIZ>
    <BSP>63,860000</BSP>
  </Prezzi>
  <Prezzi>
    <Data>20140519</Data>
    <Mercato>MGP</Mercato>
    <Ora>9</Ora>
    <PUN>82,801993</PUN>
    <NAT>81,130000</NAT>
    <CNOR>81,450000</CNOR>
    <CSUD>81,450000</CSUD>
    <NORD>81,450000</NORD>
    <SARD>81,450000</SARD>
    <SICI>104,000000</SICI>
    <SUD>81,450000</SUD>
    <AUST>81,450000</AUST>
    <BRNN>81,450000</BRNN>
    <COAC>81,450000</COAC>
    <CORS>81,450000</CORS>
    <FOGN>81,450000</FOGN>
    <FRAN>81,450000</FRAN>
    <GREC>81,450000</GREC>
    <MFTV>81,450000</MFTV>
    <PRGP>104,000000</PRGP>
    <ROSN>81,450000</ROSN>
    <SLOV>81,450000</SLOV>
    <SVIZ>81,450000</SVIZ>
    <BSP>71,610000</BSP>
  </Prezzi>
  <Prezzi>
    <Data>20140519</Data>
    <Mercato>MGP</Mercato>
    <Ora>10</Ora>
    <PUN>65,286419</PUN>
    <NAT>64,840000</NAT>
    <CNOR>64,990000</CNOR>
    <CSUD>64,990000</CSUD>
    <NORD>64,990000</NORD>
    <SARD>64,990000</SARD>
    <SICI>69,990000</SICI>
    <SUD>64,990000</SUD>
    <AUST>64,990000</AUST>
    <BRNN>64,990000</BRNN>
    <COAC>64,990000</COAC>
    <CORS>64,990000</CORS>
    <FOGN>64,990000</FOGN>
    <FRAN>64,990000</FRAN>
    <GREC>64,990000</GREC>
    <MFTV>64,990000</MFTV>
    <PRGP>69,990000</PRGP>
    <ROSN>64,990000</ROSN>
    <SLOV>64,990000</SLOV>
    <SVIZ>64,990000</SVIZ>
    <BSP>64,840000</BSP>
  </Prezzi>
  <Prezzi>
    <Data>20140519</Data>
    <Mercato>MGP</Mercato>
    <Ora>11</Ora>
    <PUN>52,330000</PUN>
    <NAT>52,330000</NAT>
    <CNOR>52,330000</CNOR>
    <CSUD>52,330000</CSUD>
    <NORD>52,330000</NORD>
    <SARD>52,330000</SARD>
    <SICI>52,330000</SICI>
    <SUD>52,330000</SUD>
    <AUST>52,330000</AUST>
    <BRNN>52,330000</BRNN>
    <COAC>52,330000</COAC>
    <CORS>52,330000</CORS>
    <FOGN>52,330000</FOGN>
    <FRAN>52,330000</FRAN>
    <GREC>52,330000</GREC>
    <MFTV>52,330000</MFTV>
    <PRGP>52,330000</PRGP>
    <ROSN>52,330000</ROSN>
    <SLOV>52,330000</SLOV>
    <SVIZ>52,330000</SVIZ>
    <BSP>52,330000</BSP>
  </Prezzi>
  <Prezzi>
    <Data>20140519</Data>
    <Mercato>MGP</Mercato>
    <Ora>12</Ora>
    <PUN>51,500000</PUN>
    <NAT>51,500000</NAT>
    <CNOR>51,500000</CNOR>
    <CSUD>51,500000</CSUD>
    <NORD>51,500000</NORD>
    <SARD>51,500000</SARD>
    <SICI>51,500000</SICI>
    <SUD>51,500000</SUD>
    <AUST>51,500000</AUST>
    <BRNN>51,500000</BRNN>
    <COAC>51,500000</COAC>
    <CORS>51,500000</CORS>
    <FOGN>51,500000</FOGN>
    <FRAN>51,500000</FRAN>
    <GREC>51,500000</GREC>
    <MFTV>51,500000</MFTV>
    <PRGP>51,500000</PRGP>
    <ROSN>51,500000</ROSN>
    <SLOV>51,500000</SLOV>
    <SVIZ>51,500000</SVIZ>
    <BSP>51,500000</BSP>
  </Prezzi>
  <Prezzi>
    <Data>20140519</Data>
    <Mercato>MGP</Mercato>
    <Ora>13</Ora>
    <PUN>45,961323</PUN>
    <NAT>47,150000</NAT>
    <CNOR>45,640000</CNOR>
    <CSUD>45,640000</CSUD>
    <NORD>45,640000</NORD>
    <SARD>45,640000</SARD>
    <SICI>51,010000</SICI>
    <SUD>45,640000</SUD>
    <AUST>45,640000</AUST>
    <BRNN>45,640000</BRNN>
    <COAC>45,640000</COAC>
    <CORS>45,640000</CORS>
    <FOGN>45,640000</FOGN>
    <FRAN>45,640000</FRAN>
    <GREC>45,640000</GREC>
    <MFTV>45,640000</MFTV>
    <PRGP>51,010000</PRGP>
    <ROSN>45,640000</ROSN>
    <SLOV>45,640000</SLOV>
    <SVIZ>45,640000</SVIZ>
    <BSP>45,640000</BSP>
  </Prezzi>
  <Prezzi>
    <Data>20140519</Data>
    <Mercato>MGP</Mercato>
    <Ora>14</Ora>
    <PUN>48,174872</PUN>
    <NAT>49,020000</NAT>
    <CNOR>48,000000</CNOR>
    <CSUD>48,000000</CSUD>
    <NORD>48,000000</NORD>
    <SARD>48,000000</SARD>
    <SICI>51,000000</SICI>
    <SUD>48,000000</SUD>
    <AUST>48,000000</AUST>
    <BRNN>48,000000</BRNN>
    <COAC>48,000000</COAC>
    <CORS>48,000000</CORS>
    <FOGN>48,000000</FOGN>
    <FRAN>48,000000</FRAN>
    <GREC>48,000000</GREC>
    <MFTV>48,000000</MFTV>
    <PRGP>51,000000</PRGP>
    <ROSN>48,000000</ROSN>
    <SLOV>48,000000</SLOV>
    <SVIZ>48,000000</SVIZ>
    <BSP>48,000000</BSP>
  </Prezzi>
  <Prezzi>
    <Data>20140519</Data>
    <Mercato>MGP</Mercato>
    <Ora>15</Ora>
    <PUN>52,500000</PUN>
    <NAT>52,500000</NAT>
    <CNOR>52,500000</CNOR>
    <CSUD>52,500000</CSUD>
    <NORD>52,500000</NORD>
    <SARD>52,500000</SARD>
    <SICI>52,500000</SICI>
    <SUD>52,500000</SUD>
    <AUST>52,500000</AUST>
    <BRNN>52,500000</BRNN>
    <COAC>52,500000</COAC>
    <CORS>52,500000</CORS>
    <FOGN>52,500000</FOGN>
    <FRAN>52,500000</FRAN>
    <GREC>52,500000</GREC>
    <MFTV>52,500000</MFTV>
    <PRGP>52,500000</PRGP>
    <ROSN>52,500000</ROSN>
    <SLOV>52,500000</SLOV>
    <SVIZ>52,500000</SVIZ>
    <BSP>52,500000</BSP>
  </Prezzi>
  <Prezzi>
    <Data>20140519</Data>
    <Mercato>MGP</Mercato>
    <Ora>16</Ora>
    <PUN>55,000000</PUN>
    <NAT>55,000000</NAT>
    <CNOR>55,000000</CNOR>
    <CSUD>55,000000</CSUD>
    <NORD>55,000000</NORD>
    <SARD>55,000000</SARD>
    <SICI>55,000000</SICI>
    <SUD>55,000000</SUD>
    <AUST>55,000000</AUST>
    <BRNN>55,000000</BRNN>
    <COAC>55,000000</COAC>
    <CORS>55,000000</CORS>
    <FOGN>55,000000</FOGN>
    <FRAN>55,000000</FRAN>
    <GREC>55,000000</GREC>
    <MFTV>55,000000</MFTV>
    <PRGP>55,000000</PRGP>
    <ROSN>55,000000</ROSN>
    <SLOV>55,000000</SLOV>
    <SVIZ>55,000000</SVIZ>
    <BSP>55,000000</BSP>
  </Prezzi>
  <Prezzi>
    <Data>20140519</Data>
    <Mercato>MGP</Mercato>
    <Ora>17</Ora>
    <PUN>54,750000</PUN>
    <NAT>54,750000</NAT>
    <CNOR>54,750000</CNOR>
    <CSUD>54,750000</CSUD>
    <NORD>54,750000</NORD>
    <SARD>54,750000</SARD>
    <SICI>54,750000</SICI>
    <SUD>54,750000</SUD>
    <AUST>54,750000</AUST>
    <BRNN>54,750000</BRNN>
    <COAC>54,750000</COAC>
    <CORS>54,750000</CORS>
    <FOGN>54,750000</FOGN>
    <FRAN>54,750000</FRAN>
    <GREC>54,750000</GREC>
    <MFTV>54,750000</MFTV>
    <PRGP>54,750000</PRGP>
    <ROSN>54,750000</ROSN>
    <SLOV>54,750000</SLOV>
    <SVIZ>54,750000</SVIZ>
    <BSP>54,750000</BSP>
  </Prezzi>
  <Prezzi>
    <Data>20140519</Data>
    <Mercato>MGP</Mercato>
    <Ora>18</Ora>
    <PUN>52,060000</PUN>
    <NAT>52,000000</NAT>
    <CNOR>52,060000</CNOR>
    <CSUD>52,060000</CSUD>
    <NORD>52,060000</NORD>
    <SARD>52,060000</SARD>
    <SICI>52,060000</SICI>
    <SUD>52,060000</SUD>
    <AUST>52,060000</AUST>
    <BRNN>52,060000</BRNN>
    <COAC>52,060000</COAC>
    <CORS>52,060000</CORS>
    <FOGN>52,060000</FOGN>
    <FRAN>52,060000</FRAN>
    <GREC>52,060000</GREC>
    <MFTV>52,060000</MFTV>
    <PRGP>52,060000</PRGP>
    <ROSN>52,060000</ROSN>
    <SLOV>52,060000</SLOV>
    <SVIZ>52,060000</SVIZ>
    <BSP>49,630000</BSP>
  </Prezzi>
  <Prezzi>
    <Data>20140519</Data>
    <Mercato>MGP</Mercato>
    <Ora>19</Ora>
    <PUN>51,580000</PUN>
    <NAT>51,580000</NAT>
    <CNOR>51,580000</CNOR>
    <CSUD>51,580000</CSUD>
    <NORD>51,580000</NORD>
    <SARD>51,580000</SARD>
    <SICI>51,580000</SICI>
    <SUD>51,580000</SUD>
    <AUST>51,580000</AUST>
    <BRNN>51,580000</BRNN>
    <COAC>51,580000</COAC>
    <CORS>51,580000</CORS>
    <FOGN>51,580000</FOGN>
    <FRAN>51,580000</FRAN>
    <GREC>51,580000</GREC>
    <MFTV>51,580000</MFTV>
    <PRGP>51,580000</PRGP>
    <ROSN>51,580000</ROSN>
    <SLOV>51,580000</SLOV>
    <SVIZ>51,580000</SVIZ>
    <BSP>51,580000</BSP>
  </Prezzi>
  <Prezzi>
    <Data>20140519</Data>
    <Mercato>MGP</Mercato>
    <Ora>20</Ora>
    <PUN>59,408526</PUN>
    <NAT>57,000000</NAT>
    <CNOR>67,480000</CNOR>
    <CSUD>67,480000</CSUD>
    <NORD>53,000000</NORD>
    <SARD>67,480000</SARD>
    <SICI>67,480000</SICI>
    <SUD>67,480000</SUD>
    <AUST>53,000000</AUST>
    <BRNN>67,480000</BRNN>
    <COAC>67,480000</COAC>
    <CORS>67,480000</CORS>
    <FOGN>67,480000</FOGN>
    <FRAN>53,000000</FRAN>
    <GREC>67,480000</GREC>
    <MFTV>53,000000</MFTV>
    <PRGP>67,480000</PRGP>
    <ROSN>67,480000</ROSN>
    <SLOV>53,000000</SLOV>
    <SVIZ>53,000000</SVIZ>
    <BSP>53,000000</BSP>
  </Prezzi>
  <Prezzi>
    <Data>20140519</Data>
    <Mercato>MGP</Mercato>
    <Ora>21</Ora>
    <PUN>82,550000</PUN>
    <NAT>79,990000</NAT>
    <CNOR>80,261446</CNOR>
    <CSUD>80,261446</CSUD>
    <NORD>78,620000</NORD>
    <SARD>80,261446</SARD>
    <SICI>129,990000</SICI>
    <SUD>80,261446</SUD>
    <AUST>78,620000</AUST>
    <BRNN>80,261446</BRNN>
    <COAC>80,261446</COAC>
    <CORS>80,261446</CORS>
    <FOGN>80,261446</FOGN>
    <FRAN>78,620000</FRAN>
    <GREC>80,261446</GREC>
    <MFTV>78,620000</MFTV>
    <PRGP>129,990000</PRGP>
    <ROSN>80,261446</ROSN>
    <SLOV>78,620000</SLOV>
    <SVIZ>78,620000</SVIZ>
    <BSP>78,620000</BSP>
  </Prezzi>
  <Prezzi>
    <Data>20140519</Data>
    <Mercato>MGP</Mercato>
    <Ora>22</Ora>
    <PUN>74,202513</PUN>
    <NAT>72,570000</NAT>
    <CNOR>70,000000</CNOR>
    <CSUD>70,000000</CSUD>
    <NORD>70,000000</NORD>
    <SARD>72,570000</SARD>
    <SICI>135,000000</SICI>
    <SUD>70,000000</SUD>
    <AUST>70,000000</AUST>
    <BRNN>70,000000</BRNN>
    <COAC>72,570000</COAC>
    <CORS>72,570000</CORS>
    <FOGN>70,000000</FOGN>
    <FRAN>70,000000</FRAN>
    <GREC>70,000000</GREC>
    <MFTV>70,000000</MFTV>
    <PRGP>135,000000</PRGP>
    <ROSN>70,000000</ROSN>
    <SLOV>70,000000</SLOV>
    <SVIZ>70,000000</SVIZ>
    <BSP>70,000000</BSP>
  </Prezzi>
  <Prezzi>
    <Data>20140519</Data>
    <Mercato>MGP</Mercato>
    <Ora>23</Ora>
    <PUN>58,911085</PUN>
    <NAT>54,650000</NAT>
    <CNOR>52,990000</CNOR>
    <CSUD>52,990000</CSUD>
    <NORD>52,990000</NORD>
    <SARD>72,570000</SARD>
    <SICI>130,000000</SICI>
    <SUD>52,990000</SUD>
    <AUST>52,990000</AUST>
    <BRNN>52,990000</BRNN>
    <COAC>72,570000</COAC>
    <CORS>72,570000</CORS>
    <FOGN>52,990000</FOGN>
    <FRAN>52,990000</FRAN>
    <GREC>52,990000</GREC>
    <MFTV>52,990000</MFTV>
    <PRGP>130,000000</PRGP>
    <ROSN>52,990000</ROSN>
    <SLOV>52,990000</SLOV>
    <SVIZ>52,990000</SVIZ>
    <BSP>52,990000</BSP>
  </Prezzi>
  <Prezzi>
    <Data>20140519</Data>
    <Mercato>MGP</Mercato>
    <Ora>24</Ora>
    <PUN>53,970152</PUN>
    <NAT>52,990000</NAT>
    <CNOR>52,990000</CNOR>
    <CSUD>52,990000</CSUD>
    <NORD>52,990000</NORD>
    <SARD>72,570000</SARD>
    <SICI>52,990000</SICI>
    <SUD>52,990000</SUD>
    <AUST>52,990000</AUST>
    <BRNN>52,990000</BRNN>
    <COAC>72,570000</COAC>
    <CORS>72,570000</CORS>
    <FOGN>52,990000</FOGN>
    <FRAN>52,990000</FRAN>
    <GREC>52,990000</GREC>
    <MFTV>52,990000</MFTV>
    <PRGP>52,990000</PRGP>
    <ROSN>52,990000</ROSN>
    <SLOV>52,990000</SLOV>
    <SVIZ>52,990000</SVIZ>
    <BSP>47,500000</BSP>
  </Prezzi>
</NewDataSet>