<?xml version="1.0" standalone="yes"?>
<NewDataSet>
  <xs:schema id="NewDataSet" xmlns="" xmlns:xs="http://www.w3.org/2001/XMLSchema" xmlns:msdata="urn:schemas-microsoft-com:xml-msdata">
    <xs:element name="NewDataSet" msdata:IsDataSet="true" msdata:UseCurrentLocale="true">
      <xs:complexType>
        <xs:choice minOccurs="0" maxOccurs="unbounded">
          <xs:element name="Prezzi">
            <xs:complexType>
              <xs:sequence>
                <xs:element name="Data" type="xs:string" minOccurs="0" />
                <xs:element name="Mercato" type="xs:string" minOccurs="0" />
                <xs:element name="Ora" type="xs:string" minOccurs="0" />
                <xs:element name="PUN" type="xs:string" minOccurs="0" />
                <xs:element name="NAT" type="xs:string" minOccurs="0" />
                <xs:element name="CNOR" type="xs:string" minOccurs="0" />
                <xs:element name="CSUD" type="xs:string" minOccurs="0" />
                <xs:element name="NORD" type="xs:string" minOccurs="0" />
                <xs:element name="SARD" type="xs:string" minOccurs="0" />
                <xs:element name="SICI" type="xs:string" minOccurs="0" />
                <xs:element name="SUD" type="xs:string" minOccurs="0" />
                <xs:element name="AUST" type="xs:string" minOccurs="0" />
                <xs:element name="BRNN" type="xs:string" minOccurs="0" />
                <xs:element name="COAC" type="xs:string" minOccurs="0" />
                <xs:element name="CORS" type="xs:string" minOccurs="0" />
                <xs:element name="FOGN" type="xs:string" minOccurs="0" />
                <xs:element name="FRAN" type="xs:string" minOccurs="0" />
                <xs:element name="GREC" type="xs:string" minOccurs="0" />
                <xs:element name="MFTV" type="xs:string" minOccurs="0" />
                <xs:element name="PRGP" type="xs:string" minOccurs="0" />
                <xs:element name="ROSN" type="xs:string" minOccurs="0" />
                <xs:element name="SLOV" type="xs:string" minOccurs="0" />
                <xs:element name="SVIZ" type="xs:string" minOccurs="0" />
                <xs:element name="BSP" type="xs:string" minOccurs="0" />
              </xs:sequence>
            </xs:complexType>
          </xs:element>
        </xs:choice>
      </xs:complexType>
    </xs:element>
  </xs:schema>
  <Prezzi>
    <Data>20140513</Data>
    <Mercato>MGP</Mercato>
    <Ora>1</Ora>
    <PUN>40,938219</PUN>
    <NAT>37,820000</NAT>
    <CNOR>36,830000</CNOR>
    <CSUD>36,830000</CSUD>
    <NORD>36,830000</NORD>
    <SARD>71,710000</SARD>
    <SICI>70,000000</SICI>
    <SUD>36,830000</SUD>
    <AUST>36,830000</AUST>
    <BRNN>36,830000</BRNN>
    <COAC>71,710000</COAC>
    <CORS>71,710000</CORS>
    <FOGN>36,830000</FOGN>
    <FRAN>36,830000</FRAN>
    <GREC>36,830000</GREC>
    <MFTV>36,830000</MFTV>
    <PRGP>70,000000</PRGP>
    <ROSN>36,830000</ROSN>
    <SLOV>36,830000</SLOV>
    <SVIZ>36,830000</SVIZ>
    <BSP>30,970000</BSP>
  </Prezzi>
  <Prezzi>
    <Data>20140513</Data>
    <Mercato>MGP</Mercato>
    <Ora>2</Ora>
    <PUN>38,686085</PUN>
    <NAT>36,190000</NAT>
    <CNOR>37,820000</CNOR>
    <CSUD>37,820000</CSUD>
    <NORD>37,820000</NORD>
    <SARD>37,820000</SARD>
    <SICI>51,380000</SICI>
    <SUD>37,820000</SUD>
    <AUST>37,820000</AUST>
    <BRNN>37,820000</BRNN>
    <COAC>37,820000</COAC>
    <CORS>37,820000</CORS>
    <FOGN>37,820000</FOGN>
    <FRAN>37,820000</FRAN>
    <GREC>37,820000</GREC>
    <MFTV>37,820000</MFTV>
    <PRGP>51,380000</PRGP>
    <ROSN>37,820000</ROSN>
    <SLOV>37,820000</SLOV>
    <SVIZ>37,820000</SVIZ>
    <BSP>28,000000</BSP>
  </Prezzi>
  <Prezzi>
    <Data>20140513</Data>
    <Mercato>MGP</Mercato>
    <Ora>3</Ora>
    <PUN>36,118602</PUN>
    <NAT>31,500000</NAT>
    <CNOR>35,150000</CNOR>
    <CSUD>35,150000</CSUD>
    <NORD>35,150000</NORD>
    <SARD>35,150000</SARD>
    <SICI>51,010000</SICI>
    <SUD>35,150000</SUD>
    <AUST>35,150000</AUST>
    <BRNN>35,150000</BRNN>
    <COAC>35,150000</COAC>
    <CORS>35,150000</CORS>
    <FOGN>35,150000</FOGN>
    <FRAN>35,150000</FRAN>
    <GREC>35,150000</GREC>
    <MFTV>35,150000</MFTV>
    <PRGP>51,010000</PRGP>
    <ROSN>35,150000</ROSN>
    <SLOV>35,150000</SLOV>
    <SVIZ>35,150000</SVIZ>
    <BSP>26,000000</BSP>
  </Prezzi>
  <Prezzi>
    <Data>20140513</Data>
    <Mercato>MGP</Mercato>
    <Ora>4</Ora>
    <PUN>31,939596</PUN>
    <NAT>29,070000</NAT>
    <CNOR>30,680000</CNOR>
    <CSUD>30,680000</CSUD>
    <NORD>30,680000</NORD>
    <SARD>30,680000</SARD>
    <SICI>51,010000</SICI>
    <SUD>30,680000</SUD>
    <AUST>30,680000</AUST>
    <BRNN>30,680000</BRNN>
    <COAC>30,680000</COAC>
    <CORS>30,680000</CORS>
    <FOGN>30,680000</FOGN>
    <FRAN>30,680000</FRAN>
    <GREC>30,680000</GREC>
    <MFTV>30,680000</MFTV>
    <PRGP>51,010000</PRGP>
    <ROSN>30,680000</ROSN>
    <SLOV>30,680000</SLOV>
    <SVIZ>30,680000</SVIZ>
    <BSP>25,120000</BSP>
  </Prezzi>
  <Prezzi>
    <Data>20140513</Data>
    <Mercato>MGP</Mercato>
    <Ora>5</Ora>
    <PUN>31,395274</PUN>
    <NAT>29,070000</NAT>
    <CNOR>30,100000</CNOR>
    <CSUD>30,100000</CSUD>
    <NORD>30,100000</NORD>
    <SARD>30,100000</SARD>
    <SICI>51,010000</SICI>
    <SUD>30,100000</SUD>
    <AUST>30,100000</AUST>
    <BRNN>30,100000</BRNN>
    <COAC>30,100000</COAC>
    <CORS>30,100000</CORS>
    <FOGN>30,100000</FOGN>
    <FRAN>30,100000</FRAN>
    <GREC>30,100000</GREC>
    <MFTV>30,100000</MFTV>
    <PRGP>51,010000</PRGP>
    <ROSN>30,100000</ROSN>
    <SLOV>30,100000</SLOV>
    <SVIZ>30,100000</SVIZ>
    <BSP>25,910000</BSP>
  </Prezzi>
  <Prezzi>
    <Data>20140513</Data>
    <Mercato>MGP</Mercato>
    <Ora>6</Ora>
    <PUN>34,370625</PUN>
    <NAT>32,500000</NAT>
    <CNOR>33,280000</CNOR>
    <CSUD>33,280000</CSUD>
    <NORD>33,280000</NORD>
    <SARD>33,280000</SARD>
    <SICI>51,010000</SICI>
    <SUD>33,280000</SUD>
    <AUST>33,280000</AUST>
    <BRNN>33,280000</BRNN>
    <COAC>33,280000</COAC>
    <CORS>33,280000</CORS>
    <FOGN>33,280000</FOGN>
    <FRAN>33,280000</FRAN>
    <GREC>33,280000</GREC>
    <MFTV>33,280000</MFTV>
    <PRGP>51,010000</PRGP>
    <ROSN>33,280000</ROSN>
    <SLOV>33,280000</SLOV>
    <SVIZ>33,280000</SVIZ>
    <BSP>29,500000</BSP>
  </Prezzi>
  <Prezzi>
    <Data>20140513</Data>
    <Mercato>MGP</Mercato>
    <Ora>7</Ora>
    <PUN>39,700948</PUN>
    <NAT>39,250000</NAT>
    <CNOR>39,000000</CNOR>
    <CSUD>39,000000</CSUD>
    <NORD>39,000000</NORD>
    <SARD>39,000000</SARD>
    <SICI>51,010000</SICI>
    <SUD>39,000000</SUD>
    <AUST>39,000000</AUST>
    <BRNN>39,000000</BRNN>
    <COAC>39,000000</COAC>
    <CORS>39,000000</CORS>
    <FOGN>39,000000</FOGN>
    <FRAN>39,000000</FRAN>
    <GREC>39,000000</GREC>
    <MFTV>39,000000</MFTV>
    <PRGP>51,010000</PRGP>
    <ROSN>39,000000</ROSN>
    <SLOV>39,000000</SLOV>
    <SVIZ>39,000000</SVIZ>
    <BSP>38,010000</BSP>
  </Prezzi>
  <Prezzi>
    <Data>20140513</Data>
    <Mercato>MGP</Mercato>
    <Ora>8</Ora>
    <PUN>50,686859</PUN>
    <NAT>49,210000</NAT>
    <CNOR>46,000000</CNOR>
    <CSUD>46,000000</CSUD>
    <NORD>49,210000</NORD>
    <SARD>46,000000</SARD>
    <SICI>95,000000</SICI>
    <SUD>46,000000</SUD>
    <AUST>49,210000</AUST>
    <BRNN>46,000000</BRNN>
    <COAC>46,000000</COAC>
    <CORS>46,000000</CORS>
    <FOGN>46,000000</FOGN>
    <FRAN>49,210000</FRAN>
    <GREC>46,000000</GREC>
    <MFTV>49,210000</MFTV>
    <PRGP>95,000000</PRGP>
    <ROSN>46,000000</ROSN>
    <SLOV>49,210000</SLOV>
    <SVIZ>49,210000</SVIZ>
    <BSP>48,700000</BSP>
  </Prezzi>
  <Prezzi>
    <Data>20140513</Data>
    <Mercato>MGP</Mercato>
    <Ora>9</Ora>
    <PUN>65,000000</PUN>
    <NAT>62,000000</NAT>
    <CNOR>53,990000</CNOR>
    <CSUD>53,990000</CSUD>
    <NORD>72,420037</NORD>
    <SARD>53,990000</SARD>
    <SICI>53,990000</SICI>
    <SUD>53,990000</SUD>
    <AUST>72,420037</AUST>
    <BRNN>53,990000</BRNN>
    <COAC>53,990000</COAC>
    <CORS>53,990000</CORS>
    <FOGN>53,990000</FOGN>
    <FRAN>72,420037</FRAN>
    <GREC>53,990000</GREC>
    <MFTV>72,420037</MFTV>
    <PRGP>53,990000</PRGP>
    <ROSN>53,990000</ROSN>
    <SLOV>72,420037</SLOV>
    <SVIZ>72,420037</SVIZ>
    <BSP>51,680000</BSP>
  </Prezzi>
  <Prezzi>
    <Data>20140513</Data>
    <Mercato>MGP</Mercato>
    <Ora>10</Ora>
    <PUN>52,451351</PUN>
    <NAT>52,150000</NAT>
    <CNOR>46,000000</CNOR>
    <CSUD>46,000000</CSUD>
    <NORD>56,280000</NORD>
    <SARD>46,000000</SARD>
    <SICI>51,010000</SICI>
    <SUD>46,000000</SUD>
    <AUST>56,280000</AUST>
    <BRNN>46,000000</BRNN>
    <COAC>46,000000</COAC>
    <CORS>46,000000</CORS>
    <FOGN>46,000000</FOGN>
    <FRAN>56,280000</FRAN>
    <GREC>46,000000</GREC>
    <MFTV>56,280000</MFTV>
    <PRGP>51,010000</PRGP>
    <ROSN>46,000000</ROSN>
    <SLOV>56,280000</SLOV>
    <SVIZ>56,280000</SVIZ>
    <BSP>47,790000</BSP>
  </Prezzi>
  <Prezzi>
    <Data>20140513</Data>
    <Mercato>MGP</Mercato>
    <Ora>11</Ora>
    <PUN>46,671493</PUN>
    <NAT>47,350000</NAT>
    <CNOR>37,860000</CNOR>
    <CSUD>37,860000</CSUD>
    <NORD>51,350000</NORD>
    <SARD>37,860000</SARD>
    <SICI>51,000000</SICI>
    <SUD>37,860000</SUD>
    <AUST>51,350000</AUST>
    <BRNN>37,860000</BRNN>
    <COAC>37,860000</COAC>
    <CORS>37,860000</CORS>
    <FOGN>37,860000</FOGN>
    <FRAN>51,350000</FRAN>
    <GREC>37,860000</GREC>
    <MFTV>51,350000</MFTV>
    <PRGP>51,000000</PRGP>
    <ROSN>37,860000</ROSN>
    <SLOV>51,350000</SLOV>
    <SVIZ>51,350000</SVIZ>
    <BSP>44,000000</BSP>
  </Prezzi>
  <Prezzi>
    <Data>20140513</Data>
    <Mercato>MGP</Mercato>
    <Ora>12</Ora>
    <PUN>45,595280</PUN>
    <NAT>47,370000</NAT>
    <CNOR>37,880000</CNOR>
    <CSUD>37,880000</CSUD>
    <NORD>50,760000</NORD>
    <SARD>37,880000</SARD>
    <SICI>37,880000</SICI>
    <SUD>37,880000</SUD>
    <AUST>50,760000</AUST>
    <BRNN>37,880000</BRNN>
    <COAC>37,880000</COAC>
    <CORS>37,880000</CORS>
    <FOGN>37,880000</FOGN>
    <FRAN>50,760000</FRAN>
    <GREC>37,880000</GREC>
    <MFTV>50,760000</MFTV>
    <PRGP>37,880000</PRGP>
    <ROSN>37,880000</ROSN>
    <SLOV>50,760000</SLOV>
    <SVIZ>50,760000</SVIZ>
    <BSP>43,730000</BSP>
  </Prezzi>
  <Prezzi>
    <Data>20140513</Data>
    <Mercato>MGP</Mercato>
    <Ora>13</Ora>
    <PUN>42,050474</PUN>
    <NAT>42,490000</NAT>
    <CNOR>37,820000</CNOR>
    <CSUD>37,820000</CSUD>
    <NORD>45,000000</NORD>
    <SARD>37,820000</SARD>
    <SICI>37,820000</SICI>
    <SUD>37,820000</SUD>
    <AUST>45,000000</AUST>
    <BRNN>37,820000</BRNN>
    <COAC>37,820000</COAC>
    <CORS>37,820000</CORS>
    <FOGN>37,820000</FOGN>
    <FRAN>45,000000</FRAN>
    <GREC>37,820000</GREC>
    <MFTV>45,000000</MFTV>
    <PRGP>37,820000</PRGP>
    <ROSN>37,820000</ROSN>
    <SLOV>45,000000</SLOV>
    <SVIZ>45,000000</SVIZ>
    <BSP>41,460000</BSP>
  </Prezzi>
  <Prezzi>
    <Data>20140513</Data>
    <Mercato>MGP</Mercato>
    <Ora>14</Ora>
    <PUN>40,254620</PUN>
    <NAT>42,230000</NAT>
    <CNOR>29,070000</CNOR>
    <CSUD>29,070000</CSUD>
    <NORD>50,000000</NORD>
    <SARD>29,070000</SARD>
    <SICI>5,000000</SICI>
    <SUD>29,070000</SUD>
    <AUST>50,000000</AUST>
    <BRNN>29,070000</BRNN>
    <COAC>29,070000</COAC>
    <CORS>29,070000</CORS>
    <FOGN>29,070000</FOGN>
    <FRAN>50,000000</FRAN>
    <GREC>29,070000</GREC>
    <MFTV>50,000000</MFTV>
    <PRGP>5,000000</PRGP>
    <ROSN>29,070000</ROSN>
    <SLOV>50,000000</SLOV>
    <SVIZ>50,000000</SVIZ>
    <BSP>39,710000</BSP>
  </Prezzi>
  <Prezzi>
    <Data>20140513</Data>
    <Mercato>MGP</Mercato>
    <Ora>15</Ora>
    <PUN>41,598112</PUN>
    <NAT>45,020000</NAT>
    <CNOR>29,070000</CNOR>
    <CSUD>29,070000</CSUD>
    <NORD>52,510000</NORD>
    <SARD>29,070000</SARD>
    <SICI>0,000000</SICI>
    <SUD>29,070000</SUD>
    <AUST>52,510000</AUST>
    <BRNN>29,070000</BRNN>
    <COAC>29,070000</COAC>
    <CORS>29,070000</CORS>
    <FOGN>29,070000</FOGN>
    <FRAN>52,510000</FRAN>
    <GREC>29,070000</GREC>
    <MFTV>52,510000</MFTV>
    <PRGP>0,000000</PRGP>
    <ROSN>29,070000</ROSN>
    <SLOV>52,510000</SLOV>
    <SVIZ>52,510000</SVIZ>
    <BSP>37,590000</BSP>
  </Prezzi>
  <Prezzi>
    <Data>20140513</Data>
    <Mercato>MGP</Mercato>
    <Ora>16</Ora>
    <PUN>46,629020</PUN>
    <NAT>47,440000</NAT>
    <CNOR>37,820000</CNOR>
    <CSUD>37,820000</CSUD>
    <NORD>52,510000</NORD>
    <SARD>37,820000</SARD>
    <SICI>37,820000</SICI>
    <SUD>37,820000</SUD>
    <AUST>52,510000</AUST>
    <BRNN>37,820000</BRNN>
    <COAC>37,820000</COAC>
    <CORS>37,820000</CORS>
    <FOGN>37,820000</FOGN>
    <FRAN>52,510000</FRAN>
    <GREC>37,820000</GREC>
    <MFTV>52,510000</MFTV>
    <PRGP>37,820000</PRGP>
    <ROSN>37,820000</ROSN>
    <SLOV>52,510000</SLOV>
    <SVIZ>52,510000</SVIZ>
    <BSP>36,660000</BSP>
  </Prezzi>
  <Prezzi>
    <Data>20140513</Data>
    <Mercato>MGP</Mercato>
    <Ora>17</Ora>
    <PUN>47,302141</PUN>
    <NAT>49,550000</NAT>
    <CNOR>40,000000</CNOR>
    <CSUD>40,000000</CSUD>
    <NORD>52,270000</NORD>
    <SARD>40,000000</SARD>
    <SICI>40,000000</SICI>
    <SUD>40,000000</SUD>
    <AUST>52,270000</AUST>
    <BRNN>40,000000</BRNN>
    <COAC>40,000000</COAC>
    <CORS>40,000000</CORS>
    <FOGN>40,000000</FOGN>
    <FRAN>52,270000</FRAN>
    <GREC>40,000000</GREC>
    <MFTV>52,270000</MFTV>
    <PRGP>40,000000</PRGP>
    <ROSN>40,000000</ROSN>
    <SLOV>52,270000</SLOV>
    <SVIZ>52,270000</SVIZ>
    <BSP>34,100000</BSP>
  </Prezzi>
  <Prezzi>
    <Data>20140513</Data>
    <Mercato>MGP</Mercato>
    <Ora>18</Ora>
    <PUN>50,050775</PUN>
    <NAT>49,570000</NAT>
    <CNOR>49,990000</CNOR>
    <CSUD>49,990000</CSUD>
    <NORD>50,000000</NORD>
    <SARD>49,990000</SARD>
    <SICI>51,010000</SICI>
    <SUD>49,990000</SUD>
    <AUST>50,000000</AUST>
    <BRNN>49,990000</BRNN>
    <COAC>49,990000</COAC>
    <CORS>49,990000</CORS>
    <FOGN>49,990000</FOGN>
    <FRAN>50,000000</FRAN>
    <GREC>49,990000</GREC>
    <MFTV>50,000000</MFTV>
    <PRGP>51,010000</PRGP>
    <ROSN>49,990000</ROSN>
    <SLOV>50,000000</SLOV>
    <SVIZ>50,000000</SVIZ>
    <BSP>35,790000</BSP>
  </Prezzi>
  <Prezzi>
    <Data>20140513</Data>
    <Mercato>MGP</Mercato>
    <Ora>19</Ora>
    <PUN>55,118908</PUN>
    <NAT>50,440000</NAT>
    <CNOR>50,440000</CNOR>
    <CSUD>50,440000</CSUD>
    <NORD>50,440000</NORD>
    <SARD>50,440000</SARD>
    <SICI>134,430000</SICI>
    <SUD>50,440000</SUD>
    <AUST>50,440000</AUST>
    <BRNN>50,440000</BRNN>
    <COAC>50,440000</COAC>
    <CORS>50,440000</CORS>
    <FOGN>50,440000</FOGN>
    <FRAN>50,440000</FRAN>
    <GREC>50,440000</GREC>
    <MFTV>50,440000</MFTV>
    <PRGP>134,430000</PRGP>
    <ROSN>50,440000</ROSN>
    <SLOV>50,440000</SLOV>
    <SVIZ>50,440000</SVIZ>
    <BSP>40,000000</BSP>
  </Prezzi>
  <Prezzi>
    <Data>20140513</Data>
    <Mercato>MGP</Mercato>
    <Ora>20</Ora>
    <PUN>64,757711</PUN>
    <NAT>55,810000</NAT>
    <CNOR>60,500000</CNOR>
    <CSUD>60,500000</CSUD>
    <NORD>60,500000</NORD>
    <SARD>60,500000</SARD>
    <SICI>135,000000</SICI>
    <SUD>60,500000</SUD>
    <AUST>60,500000</AUST>
    <BRNN>60,500000</BRNN>
    <COAC>60,500000</COAC>
    <CORS>60,500000</CORS>
    <FOGN>60,500000</FOGN>
    <FRAN>60,500000</FRAN>
    <GREC>60,500000</GREC>
    <MFTV>60,500000</MFTV>
    <PRGP>135,000000</PRGP>
    <ROSN>60,500000</ROSN>
    <SLOV>60,500000</SLOV>
    <SVIZ>60,500000</SVIZ>
    <BSP>44,000000</BSP>
  </Prezzi>
  <Prezzi>
    <Data>20140513</Data>
    <Mercato>MGP</Mercato>
    <Ora>21</Ora>
    <PUN>86,500000</PUN>
    <NAT>83,590000</NAT>
    <CNOR>83,331196</CNOR>
    <CSUD>83,331196</CSUD>
    <NORD>83,331196</NORD>
    <SARD>83,331196</SARD>
    <SICI>135,000000</SICI>
    <SUD>83,331196</SUD>
    <AUST>83,331196</AUST>
    <BRNN>83,331196</BRNN>
    <COAC>83,331196</COAC>
    <CORS>83,331196</CORS>
    <FOGN>83,331196</FOGN>
    <FRAN>83,331196</FRAN>
    <GREC>83,331196</GREC>
    <MFTV>83,331196</MFTV>
    <PRGP>135,000000</PRGP>
    <ROSN>83,331196</ROSN>
    <SLOV>83,331196</SLOV>
    <SVIZ>83,331196</SVIZ>
    <BSP>45,000000</BSP>
  </Prezzi>
  <Prezzi>
    <Data>20140513</Data>
    <Mercato>MGP</Mercato>
    <Ora>22</Ora>
    <PUN>72,929780</PUN>
    <NAT>68,100000</NAT>
    <CNOR>69,000000</CNOR>
    <CSUD>69,000000</CSUD>
    <NORD>69,000000</NORD>
    <SARD>69,000000</SARD>
    <SICI>135,000000</SICI>
    <SUD>69,000000</SUD>
    <AUST>69,000000</AUST>
    <BRNN>69,000000</BRNN>
    <COAC>69,000000</COAC>
    <CORS>69,000000</CORS>
    <FOGN>69,000000</FOGN>
    <FRAN>69,000000</FRAN>
    <GREC>69,000000</GREC>
    <MFTV>69,000000</MFTV>
    <PRGP>135,000000</PRGP>
    <ROSN>69,000000</ROSN>
    <SLOV>69,000000</SLOV>
    <SVIZ>69,000000</SVIZ>
    <BSP>42,000000</BSP>
  </Prezzi>
  <Prezzi>
    <Data>20140513</Data>
    <Mercato>MGP</Mercato>
    <Ora>23</Ora>
    <PUN>52,683253</PUN>
    <NAT>48,410000</NAT>
    <CNOR>47,560000</CNOR>
    <CSUD>47,560000</CSUD>
    <NORD>47,560000</NORD>
    <SARD>47,560000</SARD>
    <SICI>130,000000</SICI>
    <SUD>47,560000</SUD>
    <AUST>47,560000</AUST>
    <BRNN>47,560000</BRNN>
    <COAC>47,560000</COAC>
    <CORS>47,560000</CORS>
    <FOGN>47,560000</FOGN>
    <FRAN>47,560000</FRAN>
    <GREC>47,560000</GREC>
    <MFTV>47,560000</MFTV>
    <PRGP>130,000000</PRGP>
    <ROSN>47,560000</ROSN>
    <SLOV>47,560000</SLOV>
    <SVIZ>47,560000</SVIZ>
    <BSP>39,400000</BSP>
  </Prezzi>
  <Prezzi>
    <Data>20140513</Data>
    <Mercato>MGP</Mercato>
    <Ora>24</Ora>
    <PUN>43,032737</PUN>
    <NAT>41,160000</NAT>
    <CNOR>42,490000</CNOR>
    <CSUD>42,490000</CSUD>
    <NORD>42,490000</NORD>
    <SARD>42,490000</SARD>
    <SICI>51,010000</SICI>
    <SUD>42,490000</SUD>
    <AUST>42,490000</AUST>
    <BRNN>42,490000</BRNN>
    <COAC>42,490000</COAC>
    <CORS>42,490000</CORS>
    <FOGN>42,490000</FOGN>
    <FRAN>42,490000</FRAN>
    <GREC>42,490000</GREC>
    <MFTV>42,490000</MFTV>
    <PRGP>51,010000</PRGP>
    <ROSN>42,490000</ROSN>
    <SLOV>42,490000</SLOV>
    <SVIZ>42,490000</SVIZ>
    <BSP>32,020000</BSP>
  </Prezzi>
</NewDataSet>