<?xml version="1.0" standalone="yes"?>
<NewDataSet>
  <xs:schema id="NewDataSet" xmlns="" xmlns:xs="http://www.w3.org/2001/XMLSchema" xmlns:msdata="urn:schemas-microsoft-com:xml-msdata">
    <xs:element name="NewDataSet" msdata:IsDataSet="true" msdata:UseCurrentLocale="true">
      <xs:complexType>
        <xs:choice minOccurs="0" maxOccurs="unbounded">
          <xs:element name="Prezzi">
            <xs:complexType>
              <xs:sequence>
                <xs:element name="Data" type="xs:string" minOccurs="0" />
                <xs:element name="Mercato" type="xs:string" minOccurs="0" />
                <xs:element name="Ora" type="xs:string" minOccurs="0" />
                <xs:element name="PUN" type="xs:string" minOccurs="0" />
                <xs:element name="NAT" type="xs:string" minOccurs="0" />
                <xs:element name="CNOR" type="xs:string" minOccurs="0" />
                <xs:element name="CSUD" type="xs:string" minOccurs="0" />
                <xs:element name="NORD" type="xs:string" minOccurs="0" />
                <xs:element name="SARD" type="xs:string" minOccurs="0" />
                <xs:element name="SICI" type="xs:string" minOccurs="0" />
                <xs:element name="SUD" type="xs:string" minOccurs="0" />
                <xs:element name="AUST" type="xs:string" minOccurs="0" />
                <xs:element name="BRNN" type="xs:string" minOccurs="0" />
                <xs:element name="COAC" type="xs:string" minOccurs="0" />
                <xs:element name="CORS" type="xs:string" minOccurs="0" />
                <xs:element name="FOGN" type="xs:string" minOccurs="0" />
                <xs:element name="FRAN" type="xs:string" minOccurs="0" />
                <xs:element name="GREC" type="xs:string" minOccurs="0" />
                <xs:element name="MFTV" type="xs:string" minOccurs="0" />
                <xs:element name="PRGP" type="xs:string" minOccurs="0" />
                <xs:element name="ROSN" type="xs:string" minOccurs="0" />
                <xs:element name="SLOV" type="xs:string" minOccurs="0" />
                <xs:element name="SVIZ" type="xs:string" minOccurs="0" />
                <xs:element name="BSP" type="xs:string" minOccurs="0" />
                <xs:element name="MALT" type="xs:string" minOccurs="0" />
                <xs:element name="XAUS" type="xs:string" minOccurs="0" />
                <xs:element name="XFRA" type="xs:string" minOccurs="0" />
              </xs:sequence>
            </xs:complexType>
          </xs:element>
        </xs:choice>
      </xs:complexType>
    </xs:element>
  </xs:schema>
  <Prezzi>
    <Data>20160411</Data>
    <Mercato>MGP</Mercato>
    <Ora>1</Ora>
    <PUN>29,024520</PUN>
    <NAT>29,150000</NAT>
    <CNOR>29,080000</CNOR>
    <CSUD>29,080000</CSUD>
    <NORD>27,200000</NORD>
    <SARD>29,080000</SARD>
    <SICI>41,690000</SICI>
    <SUD>29,080000</SUD>
    <AUST>27,200000</AUST>
    <BRNN>29,080000</BRNN>
    <COAC>29,080000</COAC>
    <CORS>29,080000</CORS>
    <FOGN>29,080000</FOGN>
    <FRAN>27,200000</FRAN>
    <GREC>29,080000</GREC>
    <MFTV>27,200000</MFTV>
    <PRGP>41,690000</PRGP>
    <ROSN>29,080000</ROSN>
    <SLOV>27,200000</SLOV>
    <SVIZ>27,200000</SVIZ>
    <BSP>27,200000</BSP>
    <MALT>41,690000</MALT>
    <XAUS>27,200000</XAUS>
    <XFRA>27,200000</XFRA>
  </Prezzi>
  <Prezzi>
    <Data>20160411</Data>
    <Mercato>MGP</Mercato>
    <Ora>2</Ora>
    <PUN>27,883010</PUN>
    <NAT>28,900000</NAT>
    <CNOR>26,420000</CNOR>
    <CSUD>28,900000</CSUD>
    <NORD>26,420000</NORD>
    <SARD>28,900000</SARD>
    <SICI>36,000000</SICI>
    <SUD>28,900000</SUD>
    <AUST>26,420000</AUST>
    <BRNN>28,900000</BRNN>
    <COAC>28,900000</COAC>
    <CORS>28,900000</CORS>
    <FOGN>28,900000</FOGN>
    <FRAN>26,420000</FRAN>
    <GREC>28,900000</GREC>
    <MFTV>26,420000</MFTV>
    <PRGP>36,000000</PRGP>
    <ROSN>28,900000</ROSN>
    <SLOV>26,420000</SLOV>
    <SVIZ>26,420000</SVIZ>
    <BSP>26,420000</BSP>
    <MALT>36,000000</MALT>
    <XAUS>26,420000</XAUS>
    <XFRA>26,420000</XFRA>
  </Prezzi>
  <Prezzi>
    <Data>20160411</Data>
    <Mercato>MGP</Mercato>
    <Ora>3</Ora>
    <PUN>26,980290</PUN>
    <NAT>27,720000</NAT>
    <CNOR>24,990000</CNOR>
    <CSUD>28,900000</CSUD>
    <NORD>24,990000</NORD>
    <SARD>28,900000</SARD>
    <SICI>36,000000</SICI>
    <SUD>28,900000</SUD>
    <AUST>24,990000</AUST>
    <BRNN>28,900000</BRNN>
    <COAC>28,900000</COAC>
    <CORS>28,900000</CORS>
    <FOGN>28,900000</FOGN>
    <FRAN>24,990000</FRAN>
    <GREC>28,900000</GREC>
    <MFTV>24,990000</MFTV>
    <PRGP>36,000000</PRGP>
    <ROSN>28,900000</ROSN>
    <SLOV>24,990000</SLOV>
    <SVIZ>24,990000</SVIZ>
    <BSP>24,990000</BSP>
    <MALT>36,000000</MALT>
    <XAUS>24,990000</XAUS>
    <XFRA>24,990000</XFRA>
  </Prezzi>
  <Prezzi>
    <Data>20160411</Data>
    <Mercato>MGP</Mercato>
    <Ora>4</Ora>
    <PUN>26,480500</PUN>
    <NAT>25,990000</NAT>
    <CNOR>24,450000</CNOR>
    <CSUD>28,510000</CSUD>
    <NORD>24,450000</NORD>
    <SARD>28,510000</SARD>
    <SICI>36,000000</SICI>
    <SUD>28,510000</SUD>
    <AUST>24,450000</AUST>
    <BRNN>28,510000</BRNN>
    <COAC>28,510000</COAC>
    <CORS>28,510000</CORS>
    <FOGN>28,510000</FOGN>
    <FRAN>24,450000</FRAN>
    <GREC>28,510000</GREC>
    <MFTV>24,450000</MFTV>
    <PRGP>36,000000</PRGP>
    <ROSN>28,510000</ROSN>
    <SLOV>24,450000</SLOV>
    <SVIZ>24,450000</SVIZ>
    <BSP>24,450000</BSP>
    <MALT>36,000000</MALT>
    <XAUS>24,450000</XAUS>
    <XFRA>24,450000</XFRA>
  </Prezzi>
  <Prezzi>
    <Data>20160411</Data>
    <Mercato>MGP</Mercato>
    <Ora>5</Ora>
    <PUN>27,535840</PUN>
    <NAT>28,170000</NAT>
    <CNOR>25,990000</CNOR>
    <CSUD>28,900000</CSUD>
    <NORD>25,990000</NORD>
    <SARD>28,900000</SARD>
    <SICI>36,000000</SICI>
    <SUD>28,900000</SUD>
    <AUST>25,990000</AUST>
    <BRNN>28,900000</BRNN>
    <COAC>28,900000</COAC>
    <CORS>28,900000</CORS>
    <FOGN>28,900000</FOGN>
    <FRAN>25,990000</FRAN>
    <GREC>28,900000</GREC>
    <MFTV>25,990000</MFTV>
    <PRGP>36,000000</PRGP>
    <ROSN>28,900000</ROSN>
    <SLOV>25,990000</SLOV>
    <SVIZ>25,990000</SVIZ>
    <BSP>25,990000</BSP>
    <MALT>36,000000</MALT>
    <XAUS>25,990000</XAUS>
    <XFRA>25,990000</XFRA>
  </Prezzi>
  <Prezzi>
    <Data>20160411</Data>
    <Mercato>MGP</Mercato>
    <Ora>6</Ora>
    <PUN>25,980890</PUN>
    <NAT>27,720000</NAT>
    <CNOR>23,480000</CNOR>
    <CSUD>28,900000</CSUD>
    <NORD>23,480000</NORD>
    <SARD>28,900000</SARD>
    <SICI>36,000000</SICI>
    <SUD>28,900000</SUD>
    <AUST>23,480000</AUST>
    <BRNN>28,900000</BRNN>
    <COAC>28,900000</COAC>
    <CORS>28,900000</CORS>
    <FOGN>28,900000</FOGN>
    <FRAN>23,480000</FRAN>
    <GREC>28,900000</GREC>
    <MFTV>23,480000</MFTV>
    <PRGP>36,000000</PRGP>
    <ROSN>28,900000</ROSN>
    <SLOV>23,480000</SLOV>
    <SVIZ>23,480000</SVIZ>
    <BSP>23,480000</BSP>
    <MALT>36,000000</MALT>
    <XAUS>23,480000</XAUS>
    <XFRA>23,480000</XFRA>
  </Prezzi>
  <Prezzi>
    <Data>20160411</Data>
    <Mercato>MGP</Mercato>
    <Ora>7</Ora>
    <PUN>29,693770</PUN>
    <NAT>29,150000</NAT>
    <CNOR>29,150000</CNOR>
    <CSUD>29,150000</CSUD>
    <NORD>29,150000</NORD>
    <SARD>29,150000</SARD>
    <SICI>39,480000</SICI>
    <SUD>29,150000</SUD>
    <AUST>29,150000</AUST>
    <BRNN>29,150000</BRNN>
    <COAC>29,150000</COAC>
    <CORS>29,150000</CORS>
    <FOGN>29,150000</FOGN>
    <FRAN>29,150000</FRAN>
    <GREC>29,150000</GREC>
    <MFTV>29,150000</MFTV>
    <PRGP>39,480000</PRGP>
    <ROSN>29,150000</ROSN>
    <SLOV>29,150000</SLOV>
    <SVIZ>29,150000</SVIZ>
    <BSP>29,150000</BSP>
    <MALT>39,480000</MALT>
    <XAUS>29,150000</XAUS>
    <XFRA>29,150000</XFRA>
  </Prezzi>
  <Prezzi>
    <Data>20160411</Data>
    <Mercato>MGP</Mercato>
    <Ora>8</Ora>
    <PUN>32,477180</PUN>
    <NAT>32,100000</NAT>
    <CNOR>32,000000</CNOR>
    <CSUD>32,000000</CSUD>
    <NORD>32,000000</NORD>
    <SARD>32,000000</SARD>
    <SICI>41,690000</SICI>
    <SUD>32,000000</SUD>
    <AUST>32,000000</AUST>
    <BRNN>32,000000</BRNN>
    <COAC>32,000000</COAC>
    <CORS>32,000000</CORS>
    <FOGN>32,000000</FOGN>
    <FRAN>32,000000</FRAN>
    <GREC>32,000000</GREC>
    <MFTV>32,000000</MFTV>
    <PRGP>41,690000</PRGP>
    <ROSN>32,000000</ROSN>
    <SLOV>32,000000</SLOV>
    <SVIZ>32,000000</SVIZ>
    <BSP>32,000000</BSP>
    <MALT>41,690000</MALT>
    <XAUS>32,000000</XAUS>
    <XFRA>32,000000</XFRA>
  </Prezzi>
  <Prezzi>
    <Data>20160411</Data>
    <Mercato>MGP</Mercato>
    <Ora>9</Ora>
    <PUN>35,834410</PUN>
    <NAT>36,400000</NAT>
    <CNOR>37,000000</CNOR>
    <CSUD>37,000000</CSUD>
    <NORD>34,606460</NORD>
    <SARD>37,000000</SARD>
    <SICI>41,690000</SICI>
    <SUD>37,000000</SUD>
    <AUST>34,606460</AUST>
    <BRNN>37,000000</BRNN>
    <COAC>37,000000</COAC>
    <CORS>37,000000</CORS>
    <FOGN>37,000000</FOGN>
    <FRAN>34,606460</FRAN>
    <GREC>37,000000</GREC>
    <MFTV>34,606460</MFTV>
    <PRGP>41,690000</PRGP>
    <ROSN>37,000000</ROSN>
    <SLOV>34,606460</SLOV>
    <SVIZ>34,606460</SVIZ>
    <BSP>34,606460</BSP>
    <MALT>41,690000</MALT>
    <XAUS>34,606460</XAUS>
    <XFRA>34,606460</XFRA>
  </Prezzi>
  <Prezzi>
    <Data>20160411</Data>
    <Mercato>MGP</Mercato>
    <Ora>10</Ora>
    <PUN>35,272610</PUN>
    <NAT>35,690000</NAT>
    <CNOR>34,950000</CNOR>
    <CSUD>34,950000</CSUD>
    <NORD>34,950000</NORD>
    <SARD>34,950000</SARD>
    <SICI>41,690000</SICI>
    <SUD>34,950000</SUD>
    <AUST>34,950000</AUST>
    <BRNN>34,950000</BRNN>
    <COAC>34,950000</COAC>
    <CORS>34,950000</CORS>
    <FOGN>34,950000</FOGN>
    <FRAN>34,950000</FRAN>
    <GREC>34,950000</GREC>
    <MFTV>34,950000</MFTV>
    <PRGP>41,690000</PRGP>
    <ROSN>34,950000</ROSN>
    <SLOV>34,950000</SLOV>
    <SVIZ>34,950000</SVIZ>
    <BSP>34,950000</BSP>
    <MALT>41,690000</MALT>
    <XAUS>34,950000</XAUS>
    <XFRA>34,950000</XFRA>
  </Prezzi>
  <Prezzi>
    <Data>20160411</Data>
    <Mercato>MGP</Mercato>
    <Ora>11</Ora>
    <PUN>31,256580</PUN>
    <NAT>31,250000</NAT>
    <CNOR>31,000000</CNOR>
    <CSUD>31,000000</CSUD>
    <NORD>31,000000</NORD>
    <SARD>31,000000</SARD>
    <SICI>36,360000</SICI>
    <SUD>31,000000</SUD>
    <AUST>31,000000</AUST>
    <BRNN>31,000000</BRNN>
    <COAC>31,000000</COAC>
    <CORS>31,000000</CORS>
    <FOGN>31,000000</FOGN>
    <FRAN>31,000000</FRAN>
    <GREC>31,000000</GREC>
    <MFTV>31,000000</MFTV>
    <PRGP>36,360000</PRGP>
    <ROSN>31,000000</ROSN>
    <SLOV>31,000000</SLOV>
    <SVIZ>31,000000</SVIZ>
    <BSP>31,000000</BSP>
    <MALT>36,360000</MALT>
    <XAUS>31,000000</XAUS>
    <XFRA>31,000000</XFRA>
  </Prezzi>
  <Prezzi>
    <Data>20160411</Data>
    <Mercato>MGP</Mercato>
    <Ora>12</Ora>
    <PUN>30,044760</PUN>
    <NAT>29,960000</NAT>
    <CNOR>29,940000</CNOR>
    <CSUD>29,940000</CSUD>
    <NORD>29,940000</NORD>
    <SARD>29,940000</SARD>
    <SICI>32,150000</SICI>
    <SUD>29,940000</SUD>
    <AUST>29,940000</AUST>
    <BRNN>29,940000</BRNN>
    <COAC>29,940000</COAC>
    <CORS>29,940000</CORS>
    <FOGN>29,940000</FOGN>
    <FRAN>29,940000</FRAN>
    <GREC>29,940000</GREC>
    <MFTV>29,940000</MFTV>
    <PRGP>32,150000</PRGP>
    <ROSN>29,940000</ROSN>
    <SLOV>29,940000</SLOV>
    <SVIZ>29,940000</SVIZ>
    <BSP>29,940000</BSP>
    <MALT>32,150000</MALT>
    <XAUS>29,940000</XAUS>
    <XFRA>29,940000</XFRA>
  </Prezzi>
  <Prezzi>
    <Data>20160411</Data>
    <Mercato>MGP</Mercato>
    <Ora>13</Ora>
    <PUN>23,067230</PUN>
    <NAT>23,000000</NAT>
    <CNOR>23,067230</CNOR>
    <CSUD>23,067230</CSUD>
    <NORD>23,067230</NORD>
    <SARD>23,067230</SARD>
    <SICI>23,067230</SICI>
    <SUD>23,067230</SUD>
    <AUST>23,067230</AUST>
    <BRNN>23,067230</BRNN>
    <COAC>23,067230</COAC>
    <CORS>23,067230</CORS>
    <FOGN>23,067230</FOGN>
    <FRAN>23,067230</FRAN>
    <GREC>23,067230</GREC>
    <MFTV>23,067230</MFTV>
    <PRGP>23,067230</PRGP>
    <ROSN>23,067230</ROSN>
    <SLOV>23,067230</SLOV>
    <SVIZ>23,067230</SVIZ>
    <BSP>23,067230</BSP>
    <MALT>23,067230</MALT>
    <XAUS>23,067230</XAUS>
    <XFRA>23,067230</XFRA>
  </Prezzi>
  <Prezzi>
    <Data>20160411</Data>
    <Mercato>MGP</Mercato>
    <Ora>14</Ora>
    <PUN>21,609440</PUN>
    <NAT>20,330000</NAT>
    <CNOR>20,000000</CNOR>
    <CSUD>20,000000</CSUD>
    <NORD>22,616320</NORD>
    <SARD>20,000000</SARD>
    <SICI>20,000000</SICI>
    <SUD>20,000000</SUD>
    <AUST>22,616320</AUST>
    <BRNN>20,000000</BRNN>
    <COAC>20,000000</COAC>
    <CORS>20,000000</CORS>
    <FOGN>20,000000</FOGN>
    <FRAN>22,616320</FRAN>
    <GREC>20,000000</GREC>
    <MFTV>22,616320</MFTV>
    <PRGP>20,000000</PRGP>
    <ROSN>20,000000</ROSN>
    <SLOV>22,616320</SLOV>
    <SVIZ>22,616320</SVIZ>
    <BSP>22,616320</BSP>
    <MALT>20,000000</MALT>
    <XAUS>22,616320</XAUS>
    <XFRA>22,616320</XFRA>
  </Prezzi>
  <Prezzi>
    <Data>20160411</Data>
    <Mercato>MGP</Mercato>
    <Ora>15</Ora>
    <PUN>22,266670</PUN>
    <NAT>22,360000</NAT>
    <CNOR>20,330000</CNOR>
    <CSUD>20,330000</CSUD>
    <NORD>23,300000</NORD>
    <SARD>20,330000</SARD>
    <SICI>22,360000</SICI>
    <SUD>20,330000</SUD>
    <AUST>23,300000</AUST>
    <BRNN>20,330000</BRNN>
    <COAC>20,330000</COAC>
    <CORS>20,330000</CORS>
    <FOGN>20,330000</FOGN>
    <FRAN>23,300000</FRAN>
    <GREC>20,330000</GREC>
    <MFTV>23,300000</MFTV>
    <PRGP>22,360000</PRGP>
    <ROSN>20,330000</ROSN>
    <SLOV>23,300000</SLOV>
    <SVIZ>23,300000</SVIZ>
    <BSP>23,300000</BSP>
    <MALT>22,360000</MALT>
    <XAUS>23,300000</XAUS>
    <XFRA>23,300000</XFRA>
  </Prezzi>
  <Prezzi>
    <Data>20160411</Data>
    <Mercato>MGP</Mercato>
    <Ora>16</Ora>
    <PUN>25,590000</PUN>
    <NAT>25,000000</NAT>
    <CNOR>24,490370</CNOR>
    <CSUD>24,010000</CSUD>
    <NORD>26,500000</NORD>
    <SARD>24,010000</SARD>
    <SICI>24,010000</SICI>
    <SUD>24,010000</SUD>
    <AUST>26,500000</AUST>
    <BRNN>24,010000</BRNN>
    <COAC>24,010000</COAC>
    <CORS>24,490370</CORS>
    <FOGN>24,010000</FOGN>
    <FRAN>26,500000</FRAN>
    <GREC>24,010000</GREC>
    <MFTV>26,500000</MFTV>
    <PRGP>24,010000</PRGP>
    <ROSN>24,010000</ROSN>
    <SLOV>26,500000</SLOV>
    <SVIZ>26,500000</SVIZ>
    <BSP>26,500000</BSP>
    <MALT>24,010000</MALT>
    <XAUS>26,500000</XAUS>
    <XFRA>26,500000</XFRA>
  </Prezzi>
  <Prezzi>
    <Data>20160411</Data>
    <Mercato>MGP</Mercato>
    <Ora>17</Ora>
    <PUN>29,334090</PUN>
    <NAT>29,080000</NAT>
    <CNOR>29,080000</CNOR>
    <CSUD>29,080000</CSUD>
    <NORD>29,080000</NORD>
    <SARD>29,080000</SARD>
    <SICI>34,360000</SICI>
    <SUD>29,080000</SUD>
    <AUST>29,080000</AUST>
    <BRNN>29,080000</BRNN>
    <COAC>29,080000</COAC>
    <CORS>29,080000</CORS>
    <FOGN>29,080000</FOGN>
    <FRAN>29,080000</FRAN>
    <GREC>29,080000</GREC>
    <MFTV>29,080000</MFTV>
    <PRGP>34,360000</PRGP>
    <ROSN>29,080000</ROSN>
    <SLOV>29,080000</SLOV>
    <SVIZ>29,080000</SVIZ>
    <BSP>29,080000</BSP>
    <MALT>34,360000</MALT>
    <XAUS>29,080000</XAUS>
    <XFRA>29,080000</XFRA>
  </Prezzi>
  <Prezzi>
    <Data>20160411</Data>
    <Mercato>MGP</Mercato>
    <Ora>18</Ora>
    <PUN>30,205590</PUN>
    <NAT>30,000000</NAT>
    <CNOR>29,900000</CNOR>
    <CSUD>29,900000</CSUD>
    <NORD>29,900000</NORD>
    <SARD>29,900000</SARD>
    <SICI>36,000000</SICI>
    <SUD>29,900000</SUD>
    <AUST>29,900000</AUST>
    <BRNN>29,900000</BRNN>
    <COAC>29,900000</COAC>
    <CORS>29,900000</CORS>
    <FOGN>29,900000</FOGN>
    <FRAN>29,900000</FRAN>
    <GREC>29,900000</GREC>
    <MFTV>29,900000</MFTV>
    <PRGP>36,000000</PRGP>
    <ROSN>29,900000</ROSN>
    <SLOV>29,900000</SLOV>
    <SVIZ>29,900000</SVIZ>
    <BSP>29,900000</BSP>
    <MALT>36,000000</MALT>
    <XAUS>29,900000</XAUS>
    <XFRA>29,900000</XFRA>
  </Prezzi>
  <Prezzi>
    <Data>20160411</Data>
    <Mercato>MGP</Mercato>
    <Ora>19</Ora>
    <PUN>31,403600</PUN>
    <NAT>32,000000</NAT>
    <CNOR>30,800000</CNOR>
    <CSUD>30,800000</CSUD>
    <NORD>30,800000</NORD>
    <SARD>30,800000</SARD>
    <SICI>42,280000</SICI>
    <SUD>30,800000</SUD>
    <AUST>30,800000</AUST>
    <BRNN>30,800000</BRNN>
    <COAC>30,800000</COAC>
    <CORS>30,800000</CORS>
    <FOGN>30,800000</FOGN>
    <FRAN>30,800000</FRAN>
    <GREC>30,800000</GREC>
    <MFTV>30,800000</MFTV>
    <PRGP>42,280000</PRGP>
    <ROSN>30,800000</ROSN>
    <SLOV>30,800000</SLOV>
    <SVIZ>30,800000</SVIZ>
    <BSP>30,800000</BSP>
    <MALT>42,280000</MALT>
    <XAUS>30,800000</XAUS>
    <XFRA>30,800000</XFRA>
  </Prezzi>
  <Prezzi>
    <Data>20160411</Data>
    <Mercato>MGP</Mercato>
    <Ora>20</Ora>
    <PUN>35,407080</PUN>
    <NAT>36,000000</NAT>
    <CNOR>35,690000</CNOR>
    <CSUD>35,690000</CSUD>
    <NORD>34,450000</NORD>
    <SARD>35,690000</SARD>
    <SICI>42,280000</SICI>
    <SUD>35,690000</SUD>
    <AUST>34,450000</AUST>
    <BRNN>35,690000</BRNN>
    <COAC>35,690000</COAC>
    <CORS>35,690000</CORS>
    <FOGN>35,690000</FOGN>
    <FRAN>34,450000</FRAN>
    <GREC>35,690000</GREC>
    <MFTV>34,450000</MFTV>
    <PRGP>42,280000</PRGP>
    <ROSN>35,690000</ROSN>
    <SLOV>34,450000</SLOV>
    <SVIZ>34,450000</SVIZ>
    <BSP>34,450000</BSP>
    <MALT>42,280000</MALT>
    <XAUS>34,450000</XAUS>
    <XFRA>34,450000</XFRA>
  </Prezzi>
  <Prezzi>
    <Data>20160411</Data>
    <Mercato>MGP</Mercato>
    <Ora>21</Ora>
    <PUN>37,719030</PUN>
    <NAT>38,100000</NAT>
    <CNOR>38,100000</CNOR>
    <CSUD>38,100000</CSUD>
    <NORD>36,000000</NORD>
    <SARD>38,100000</SARD>
    <SICI>49,120000</SICI>
    <SUD>38,100000</SUD>
    <AUST>36,000000</AUST>
    <BRNN>38,100000</BRNN>
    <COAC>38,100000</COAC>
    <CORS>38,100000</CORS>
    <FOGN>38,100000</FOGN>
    <FRAN>36,000000</FRAN>
    <GREC>38,100000</GREC>
    <MFTV>36,000000</MFTV>
    <PRGP>49,120000</PRGP>
    <ROSN>38,100000</ROSN>
    <SLOV>36,000000</SLOV>
    <SVIZ>36,000000</SVIZ>
    <BSP>36,000000</BSP>
    <MALT>49,120000</MALT>
    <XAUS>36,000000</XAUS>
    <XFRA>36,000000</XFRA>
  </Prezzi>
  <Prezzi>
    <Data>20160411</Data>
    <Mercato>MGP</Mercato>
    <Ora>22</Ora>
    <PUN>34,266850</PUN>
    <NAT>36,000000</NAT>
    <CNOR>36,100000</CNOR>
    <CSUD>36,100000</CSUD>
    <NORD>31,760000</NORD>
    <SARD>36,100000</SARD>
    <SICI>42,280000</SICI>
    <SUD>36,100000</SUD>
    <AUST>31,760000</AUST>
    <BRNN>36,100000</BRNN>
    <COAC>36,100000</COAC>
    <CORS>36,100000</CORS>
    <FOGN>36,100000</FOGN>
    <FRAN>31,760000</FRAN>
    <GREC>36,100000</GREC>
    <MFTV>31,760000</MFTV>
    <PRGP>42,280000</PRGP>
    <ROSN>36,100000</ROSN>
    <SLOV>31,760000</SLOV>
    <SVIZ>31,760000</SVIZ>
    <BSP>31,760000</BSP>
    <MALT>42,280000</MALT>
    <XAUS>31,760000</XAUS>
    <XFRA>31,760000</XFRA>
  </Prezzi>
  <Prezzi>
    <Data>20160411</Data>
    <Mercato>MGP</Mercato>
    <Ora>23</Ora>
    <PUN>30,501990</PUN>
    <NAT>30,720000</NAT>
    <CNOR>30,000000</CNOR>
    <CSUD>30,000000</CSUD>
    <NORD>29,490000</NORD>
    <SARD>30,000000</SARD>
    <SICI>42,280000</SICI>
    <SUD>30,000000</SUD>
    <AUST>29,490000</AUST>
    <BRNN>30,000000</BRNN>
    <COAC>30,000000</COAC>
    <CORS>30,000000</CORS>
    <FOGN>30,000000</FOGN>
    <FRAN>29,490000</FRAN>
    <GREC>30,000000</GREC>
    <MFTV>29,490000</MFTV>
    <PRGP>42,280000</PRGP>
    <ROSN>30,000000</ROSN>
    <SLOV>29,490000</SLOV>
    <SVIZ>29,490000</SVIZ>
    <BSP>29,490000</BSP>
    <MALT>42,280000</MALT>
    <XAUS>29,490000</XAUS>
    <XFRA>29,490000</XFRA>
  </Prezzi>
  <Prezzi>
    <Data>20160411</Data>
    <Mercato>MGP</Mercato>
    <Ora>24</Ora>
    <PUN>28,246730</PUN>
    <NAT>27,900000</NAT>
    <CNOR>27,900000</CNOR>
    <CSUD>27,900000</CSUD>
    <NORD>26,900000</NORD>
    <SARD>27,900000</SARD>
    <SICI>41,690000</SICI>
    <SUD>27,900000</SUD>
    <AUST>26,900000</AUST>
    <BRNN>27,900000</BRNN>
    <COAC>27,900000</COAC>
    <CORS>27,900000</CORS>
    <FOGN>27,900000</FOGN>
    <FRAN>26,900000</FRAN>
    <GREC>27,900000</GREC>
    <MFTV>26,900000</MFTV>
    <PRGP>41,690000</PRGP>
    <ROSN>27,900000</ROSN>
    <SLOV>26,900000</SLOV>
    <SVIZ>26,900000</SVIZ>
    <BSP>26,900000</BSP>
    <MALT>41,690000</MALT>
    <XAUS>26,900000</XAUS>
    <XFRA>26,900000</XFRA>
  </Prezzi>
</NewDataSet>