<?xml version="1.0" standalone="yes"?>
<NewDataSet>
  <xs:schema id="NewDataSet" xmlns="" xmlns:xs="http://www.w3.org/2001/XMLSchema" xmlns:msdata="urn:schemas-microsoft-com:xml-msdata">
    <xs:element name="NewDataSet" msdata:IsDataSet="true" msdata:UseCurrentLocale="true">
      <xs:complexType>
        <xs:choice minOccurs="0" maxOccurs="unbounded">
          <xs:element name="Prezzi">
            <xs:complexType>
              <xs:sequence>
                <xs:element name="Data" type="xs:string" minOccurs="0" />
                <xs:element name="Mercato" type="xs:string" minOccurs="0" />
                <xs:element name="Ora" type="xs:string" minOccurs="0" />
                <xs:element name="PUN" type="xs:string" minOccurs="0" />
                <xs:element name="NAT" type="xs:string" minOccurs="0" />
                <xs:element name="CNOR" type="xs:string" minOccurs="0" />
                <xs:element name="CSUD" type="xs:string" minOccurs="0" />
                <xs:element name="NORD" type="xs:string" minOccurs="0" />
                <xs:element name="SARD" type="xs:string" minOccurs="0" />
                <xs:element name="SICI" type="xs:string" minOccurs="0" />
                <xs:element name="SUD" type="xs:string" minOccurs="0" />
                <xs:element name="AUST" type="xs:string" minOccurs="0" />
                <xs:element name="BRNN" type="xs:string" minOccurs="0" />
                <xs:element name="COAC" type="xs:string" minOccurs="0" />
                <xs:element name="CORS" type="xs:string" minOccurs="0" />
                <xs:element name="FOGN" type="xs:string" minOccurs="0" />
                <xs:element name="FRAN" type="xs:string" minOccurs="0" />
                <xs:element name="GREC" type="xs:string" minOccurs="0" />
                <xs:element name="MFTV" type="xs:string" minOccurs="0" />
                <xs:element name="PRGP" type="xs:string" minOccurs="0" />
                <xs:element name="ROSN" type="xs:string" minOccurs="0" />
                <xs:element name="SLOV" type="xs:string" minOccurs="0" />
                <xs:element name="SVIZ" type="xs:string" minOccurs="0" />
                <xs:element name="BSP" type="xs:string" minOccurs="0" />
                <xs:element name="MALT" type="xs:string" minOccurs="0" />
                <xs:element name="XAUS" type="xs:string" minOccurs="0" />
                <xs:element name="XFRA" type="xs:string" minOccurs="0" />
              </xs:sequence>
            </xs:complexType>
          </xs:element>
        </xs:choice>
      </xs:complexType>
    </xs:element>
  </xs:schema>
  <Prezzi>
    <Data>20160424</Data>
    <Mercato>MGP</Mercato>
    <Ora>1</Ora>
    <PUN>31,037810</PUN>
    <NAT>33,050000</NAT>
    <CNOR>30,300000</CNOR>
    <CSUD>30,300000</CSUD>
    <NORD>30,300000</NORD>
    <SARD>30,300000</SARD>
    <SICI>41,690000</SICI>
    <SUD>30,300000</SUD>
    <AUST>30,300000</AUST>
    <BRNN>30,300000</BRNN>
    <COAC>30,300000</COAC>
    <CORS>30,300000</CORS>
    <FOGN>30,300000</FOGN>
    <FRAN>30,300000</FRAN>
    <GREC>30,300000</GREC>
    <MFTV>30,300000</MFTV>
    <PRGP>41,690000</PRGP>
    <ROSN>30,300000</ROSN>
    <SLOV>30,300000</SLOV>
    <SVIZ>30,300000</SVIZ>
    <BSP>30,300000</BSP>
    <MALT>41,690000</MALT>
    <XAUS>30,300000</XAUS>
    <XFRA>30,300000</XFRA>
  </Prezzi>
  <Prezzi>
    <Data>20160424</Data>
    <Mercato>MGP</Mercato>
    <Ora>2</Ora>
    <PUN>28,653940</PUN>
    <NAT>28,760000</NAT>
    <CNOR>27,770000</CNOR>
    <CSUD>27,770000</CSUD>
    <NORD>27,770000</NORD>
    <SARD>27,770000</SARD>
    <SICI>41,690000</SICI>
    <SUD>27,770000</SUD>
    <AUST>27,770000</AUST>
    <BRNN>27,770000</BRNN>
    <COAC>27,770000</COAC>
    <CORS>27,770000</CORS>
    <FOGN>27,770000</FOGN>
    <FRAN>27,770000</FRAN>
    <GREC>27,770000</GREC>
    <MFTV>27,770000</MFTV>
    <PRGP>41,690000</PRGP>
    <ROSN>27,770000</ROSN>
    <SLOV>27,770000</SLOV>
    <SVIZ>27,770000</SVIZ>
    <BSP>27,770000</BSP>
    <MALT>41,690000</MALT>
    <XAUS>27,770000</XAUS>
    <XFRA>27,770000</XFRA>
  </Prezzi>
  <Prezzi>
    <Data>20160424</Data>
    <Mercato>MGP</Mercato>
    <Ora>3</Ora>
    <PUN>27,584710</PUN>
    <NAT>27,090000</NAT>
    <CNOR>27,040000</CNOR>
    <CSUD>27,040000</CSUD>
    <NORD>27,040000</NORD>
    <SARD>27,040000</SARD>
    <SICI>36,000000</SICI>
    <SUD>27,040000</SUD>
    <AUST>27,040000</AUST>
    <BRNN>27,040000</BRNN>
    <COAC>27,040000</COAC>
    <CORS>27,040000</CORS>
    <FOGN>27,040000</FOGN>
    <FRAN>27,040000</FRAN>
    <GREC>27,040000</GREC>
    <MFTV>27,040000</MFTV>
    <PRGP>36,000000</PRGP>
    <ROSN>27,040000</ROSN>
    <SLOV>27,040000</SLOV>
    <SVIZ>27,040000</SVIZ>
    <BSP>27,040000</BSP>
    <MALT>36,000000</MALT>
    <XAUS>27,040000</XAUS>
    <XFRA>27,040000</XFRA>
  </Prezzi>
  <Prezzi>
    <Data>20160424</Data>
    <Mercato>MGP</Mercato>
    <Ora>4</Ora>
    <PUN>26,556040</PUN>
    <NAT>25,950000</NAT>
    <CNOR>25,950000</CNOR>
    <CSUD>25,950000</CSUD>
    <NORD>25,950000</NORD>
    <SARD>25,950000</SARD>
    <SICI>36,000000</SICI>
    <SUD>25,950000</SUD>
    <AUST>25,950000</AUST>
    <BRNN>25,950000</BRNN>
    <COAC>25,950000</COAC>
    <CORS>25,950000</CORS>
    <FOGN>25,950000</FOGN>
    <FRAN>25,950000</FRAN>
    <GREC>25,950000</GREC>
    <MFTV>25,950000</MFTV>
    <PRGP>36,000000</PRGP>
    <ROSN>25,950000</ROSN>
    <SLOV>25,950000</SLOV>
    <SVIZ>25,950000</SVIZ>
    <BSP>25,950000</BSP>
    <MALT>36,000000</MALT>
    <XAUS>25,950000</XAUS>
    <XFRA>25,950000</XFRA>
  </Prezzi>
  <Prezzi>
    <Data>20160424</Data>
    <Mercato>MGP</Mercato>
    <Ora>5</Ora>
    <PUN>25,320000</PUN>
    <NAT>25,320000</NAT>
    <CNOR>25,320000</CNOR>
    <CSUD>25,320000</CSUD>
    <NORD>25,320000</NORD>
    <SARD>25,320000</SARD>
    <SICI>25,320000</SICI>
    <SUD>25,320000</SUD>
    <AUST>25,320000</AUST>
    <BRNN>25,320000</BRNN>
    <COAC>25,320000</COAC>
    <CORS>25,320000</CORS>
    <FOGN>25,320000</FOGN>
    <FRAN>25,320000</FRAN>
    <GREC>25,320000</GREC>
    <MFTV>25,320000</MFTV>
    <PRGP>25,320000</PRGP>
    <ROSN>25,320000</ROSN>
    <SLOV>25,320000</SLOV>
    <SVIZ>25,320000</SVIZ>
    <BSP>25,320000</BSP>
    <MALT>25,320000</MALT>
    <XAUS>25,320000</XAUS>
    <XFRA>25,320000</XFRA>
  </Prezzi>
  <Prezzi>
    <Data>20160424</Data>
    <Mercato>MGP</Mercato>
    <Ora>6</Ora>
    <PUN>27,641390</PUN>
    <NAT>27,090000</NAT>
    <CNOR>27,090000</CNOR>
    <CSUD>27,090000</CSUD>
    <NORD>27,090000</NORD>
    <SARD>27,090000</SARD>
    <SICI>36,000000</SICI>
    <SUD>27,090000</SUD>
    <AUST>27,090000</AUST>
    <BRNN>27,090000</BRNN>
    <COAC>27,090000</COAC>
    <CORS>27,090000</CORS>
    <FOGN>27,090000</FOGN>
    <FRAN>27,090000</FRAN>
    <GREC>27,090000</GREC>
    <MFTV>27,090000</MFTV>
    <PRGP>36,000000</PRGP>
    <ROSN>27,090000</ROSN>
    <SLOV>27,090000</SLOV>
    <SVIZ>27,090000</SVIZ>
    <BSP>27,090000</BSP>
    <MALT>36,000000</MALT>
    <XAUS>27,090000</XAUS>
    <XFRA>27,090000</XFRA>
  </Prezzi>
  <Prezzi>
    <Data>20160424</Data>
    <Mercato>MGP</Mercato>
    <Ora>7</Ora>
    <PUN>27,330000</PUN>
    <NAT>27,000000</NAT>
    <CNOR>26,765720</CNOR>
    <CSUD>26,765720</CSUD>
    <NORD>26,765720</NORD>
    <SARD>26,765720</SARD>
    <SICI>36,000000</SICI>
    <SUD>26,765720</SUD>
    <AUST>26,765720</AUST>
    <BRNN>26,765720</BRNN>
    <COAC>26,765720</COAC>
    <CORS>26,765720</CORS>
    <FOGN>26,765720</FOGN>
    <FRAN>26,765720</FRAN>
    <GREC>26,765720</GREC>
    <MFTV>26,765720</MFTV>
    <PRGP>36,000000</PRGP>
    <ROSN>26,765720</ROSN>
    <SLOV>26,765720</SLOV>
    <SVIZ>26,765720</SVIZ>
    <BSP>26,765720</BSP>
    <MALT>36,000000</MALT>
    <XAUS>26,765720</XAUS>
    <XFRA>26,765720</XFRA>
  </Prezzi>
  <Prezzi>
    <Data>20160424</Data>
    <Mercato>MGP</Mercato>
    <Ora>8</Ora>
    <PUN>27,306720</PUN>
    <NAT>27,000000</NAT>
    <CNOR>26,310000</CNOR>
    <CSUD>26,310000</CSUD>
    <NORD>26,310000</NORD>
    <SARD>26,310000</SARD>
    <SICI>41,690000</SICI>
    <SUD>26,310000</SUD>
    <AUST>26,310000</AUST>
    <BRNN>26,310000</BRNN>
    <COAC>26,310000</COAC>
    <CORS>26,310000</CORS>
    <FOGN>26,310000</FOGN>
    <FRAN>26,310000</FRAN>
    <GREC>26,310000</GREC>
    <MFTV>26,310000</MFTV>
    <PRGP>41,690000</PRGP>
    <ROSN>26,310000</ROSN>
    <SLOV>26,310000</SLOV>
    <SVIZ>26,310000</SVIZ>
    <BSP>26,310000</BSP>
    <MALT>41,690000</MALT>
    <XAUS>26,310000</XAUS>
    <XFRA>26,310000</XFRA>
  </Prezzi>
  <Prezzi>
    <Data>20160424</Data>
    <Mercato>MGP</Mercato>
    <Ora>9</Ora>
    <PUN>27,539290</PUN>
    <NAT>27,090000</NAT>
    <CNOR>26,500000</CNOR>
    <CSUD>26,500000</CSUD>
    <NORD>26,500000</NORD>
    <SARD>26,500000</SARD>
    <SICI>41,690000</SICI>
    <SUD>26,500000</SUD>
    <AUST>26,500000</AUST>
    <BRNN>26,500000</BRNN>
    <COAC>26,500000</COAC>
    <CORS>26,500000</CORS>
    <FOGN>26,500000</FOGN>
    <FRAN>26,500000</FRAN>
    <GREC>26,500000</GREC>
    <MFTV>26,500000</MFTV>
    <PRGP>41,690000</PRGP>
    <ROSN>26,500000</ROSN>
    <SLOV>26,500000</SLOV>
    <SVIZ>26,500000</SVIZ>
    <BSP>26,500000</BSP>
    <MALT>41,690000</MALT>
    <XAUS>26,500000</XAUS>
    <XFRA>26,500000</XFRA>
  </Prezzi>
  <Prezzi>
    <Data>20160424</Data>
    <Mercato>MGP</Mercato>
    <Ora>10</Ora>
    <PUN>28,057830</PUN>
    <NAT>27,300000</NAT>
    <CNOR>27,090000</CNOR>
    <CSUD>27,090000</CSUD>
    <NORD>27,090000</NORD>
    <SARD>27,090000</SARD>
    <SICI>41,690000</SICI>
    <SUD>27,090000</SUD>
    <AUST>27,090000</AUST>
    <BRNN>27,090000</BRNN>
    <COAC>27,090000</COAC>
    <CORS>27,090000</CORS>
    <FOGN>27,090000</FOGN>
    <FRAN>27,090000</FRAN>
    <GREC>27,090000</GREC>
    <MFTV>27,090000</MFTV>
    <PRGP>41,690000</PRGP>
    <ROSN>27,090000</ROSN>
    <SLOV>27,090000</SLOV>
    <SVIZ>27,090000</SVIZ>
    <BSP>27,090000</BSP>
    <MALT>41,690000</MALT>
    <XAUS>27,090000</XAUS>
    <XFRA>27,090000</XFRA>
  </Prezzi>
  <Prezzi>
    <Data>20160424</Data>
    <Mercato>MGP</Mercato>
    <Ora>11</Ora>
    <PUN>26,616680</PUN>
    <NAT>25,970000</NAT>
    <CNOR>25,950000</CNOR>
    <CSUD>25,950000</CSUD>
    <NORD>25,950000</NORD>
    <SARD>25,950000</SARD>
    <SICI>36,000000</SICI>
    <SUD>25,950000</SUD>
    <AUST>25,950000</AUST>
    <BRNN>25,950000</BRNN>
    <COAC>25,950000</COAC>
    <CORS>25,950000</CORS>
    <FOGN>25,950000</FOGN>
    <FRAN>25,950000</FRAN>
    <GREC>25,950000</GREC>
    <MFTV>25,950000</MFTV>
    <PRGP>36,000000</PRGP>
    <ROSN>25,950000</ROSN>
    <SLOV>25,950000</SLOV>
    <SVIZ>25,950000</SVIZ>
    <BSP>25,950000</BSP>
    <MALT>36,000000</MALT>
    <XAUS>25,950000</XAUS>
    <XFRA>25,950000</XFRA>
  </Prezzi>
  <Prezzi>
    <Data>20160424</Data>
    <Mercato>MGP</Mercato>
    <Ora>12</Ora>
    <PUN>23,954310</PUN>
    <NAT>23,810000</NAT>
    <CNOR>23,080000</CNOR>
    <CSUD>23,080000</CSUD>
    <NORD>23,080000</NORD>
    <SARD>23,080000</SARD>
    <SICI>36,000000</SICI>
    <SUD>23,080000</SUD>
    <AUST>23,080000</AUST>
    <BRNN>23,080000</BRNN>
    <COAC>23,080000</COAC>
    <CORS>23,080000</CORS>
    <FOGN>23,080000</FOGN>
    <FRAN>23,080000</FRAN>
    <GREC>23,080000</GREC>
    <MFTV>23,080000</MFTV>
    <PRGP>36,000000</PRGP>
    <ROSN>23,080000</ROSN>
    <SLOV>23,080000</SLOV>
    <SVIZ>23,080000</SVIZ>
    <BSP>23,080000</BSP>
    <MALT>36,000000</MALT>
    <XAUS>23,080000</XAUS>
    <XFRA>23,080000</XFRA>
  </Prezzi>
  <Prezzi>
    <Data>20160424</Data>
    <Mercato>MGP</Mercato>
    <Ora>13</Ora>
    <PUN>21,160000</PUN>
    <NAT>21,160000</NAT>
    <CNOR>21,160000</CNOR>
    <CSUD>21,160000</CSUD>
    <NORD>21,160000</NORD>
    <SARD>21,160000</SARD>
    <SICI>21,160000</SICI>
    <SUD>21,160000</SUD>
    <AUST>21,160000</AUST>
    <BRNN>21,160000</BRNN>
    <COAC>21,160000</COAC>
    <CORS>21,160000</CORS>
    <FOGN>21,160000</FOGN>
    <FRAN>21,160000</FRAN>
    <GREC>21,160000</GREC>
    <MFTV>21,160000</MFTV>
    <PRGP>21,160000</PRGP>
    <ROSN>21,160000</ROSN>
    <SLOV>21,160000</SLOV>
    <SVIZ>21,160000</SVIZ>
    <BSP>21,160000</BSP>
    <MALT>21,160000</MALT>
    <XAUS>21,160000</XAUS>
    <XFRA>21,160000</XFRA>
  </Prezzi>
  <Prezzi>
    <Data>20160424</Data>
    <Mercato>MGP</Mercato>
    <Ora>14</Ora>
    <PUN>20,242850</PUN>
    <NAT>20,000000</NAT>
    <CNOR>20,290000</CNOR>
    <CSUD>20,290000</CSUD>
    <NORD>20,290000</NORD>
    <SARD>20,290000</SARD>
    <SICI>19,560000</SICI>
    <SUD>20,290000</SUD>
    <AUST>20,290000</AUST>
    <BRNN>20,290000</BRNN>
    <COAC>20,290000</COAC>
    <CORS>20,290000</CORS>
    <FOGN>20,290000</FOGN>
    <FRAN>20,290000</FRAN>
    <GREC>20,290000</GREC>
    <MFTV>20,290000</MFTV>
    <PRGP>19,560000</PRGP>
    <ROSN>20,290000</ROSN>
    <SLOV>20,290000</SLOV>
    <SVIZ>20,290000</SVIZ>
    <BSP>20,290000</BSP>
    <MALT>19,560000</MALT>
    <XAUS>20,290000</XAUS>
    <XFRA>20,290000</XFRA>
  </Prezzi>
  <Prezzi>
    <Data>20160424</Data>
    <Mercato>MGP</Mercato>
    <Ora>15</Ora>
    <PUN>20,244380</PUN>
    <NAT>20,170000</NAT>
    <CNOR>20,290000</CNOR>
    <CSUD>20,290000</CSUD>
    <NORD>20,290000</NORD>
    <SARD>20,290000</SARD>
    <SICI>19,560000</SICI>
    <SUD>20,290000</SUD>
    <AUST>20,290000</AUST>
    <BRNN>20,290000</BRNN>
    <COAC>20,290000</COAC>
    <CORS>20,290000</CORS>
    <FOGN>20,290000</FOGN>
    <FRAN>20,290000</FRAN>
    <GREC>20,290000</GREC>
    <MFTV>20,290000</MFTV>
    <PRGP>19,560000</PRGP>
    <ROSN>20,290000</ROSN>
    <SLOV>20,290000</SLOV>
    <SVIZ>20,290000</SVIZ>
    <BSP>20,290000</BSP>
    <MALT>19,560000</MALT>
    <XAUS>20,290000</XAUS>
    <XFRA>20,290000</XFRA>
  </Prezzi>
  <Prezzi>
    <Data>20160424</Data>
    <Mercato>MGP</Mercato>
    <Ora>16</Ora>
    <PUN>20,244410</PUN>
    <NAT>20,290000</NAT>
    <CNOR>20,290000</CNOR>
    <CSUD>20,290000</CSUD>
    <NORD>20,290000</NORD>
    <SARD>20,290000</SARD>
    <SICI>19,560000</SICI>
    <SUD>20,290000</SUD>
    <AUST>20,290000</AUST>
    <BRNN>20,290000</BRNN>
    <COAC>20,290000</COAC>
    <CORS>20,290000</CORS>
    <FOGN>20,290000</FOGN>
    <FRAN>20,290000</FRAN>
    <GREC>20,290000</GREC>
    <MFTV>20,290000</MFTV>
    <PRGP>19,560000</PRGP>
    <ROSN>20,290000</ROSN>
    <SLOV>20,290000</SLOV>
    <SVIZ>20,290000</SVIZ>
    <BSP>20,290000</BSP>
    <MALT>19,560000</MALT>
    <XAUS>20,290000</XAUS>
    <XFRA>20,290000</XFRA>
  </Prezzi>
  <Prezzi>
    <Data>20160424</Data>
    <Mercato>MGP</Mercato>
    <Ora>17</Ora>
    <PUN>20,243650</PUN>
    <NAT>20,290000</NAT>
    <CNOR>20,290000</CNOR>
    <CSUD>20,290000</CSUD>
    <NORD>20,290000</NORD>
    <SARD>20,290000</SARD>
    <SICI>19,560000</SICI>
    <SUD>20,290000</SUD>
    <AUST>20,290000</AUST>
    <BRNN>20,290000</BRNN>
    <COAC>20,290000</COAC>
    <CORS>20,290000</CORS>
    <FOGN>20,290000</FOGN>
    <FRAN>20,290000</FRAN>
    <GREC>20,290000</GREC>
    <MFTV>20,290000</MFTV>
    <PRGP>19,560000</PRGP>
    <ROSN>20,290000</ROSN>
    <SLOV>20,290000</SLOV>
    <SVIZ>20,290000</SVIZ>
    <BSP>20,290000</BSP>
    <MALT>19,560000</MALT>
    <XAUS>20,290000</XAUS>
    <XFRA>20,290000</XFRA>
  </Prezzi>
  <Prezzi>
    <Data>20160424</Data>
    <Mercato>MGP</Mercato>
    <Ora>18</Ora>
    <PUN>20,370000</PUN>
    <NAT>20,370000</NAT>
    <CNOR>20,370000</CNOR>
    <CSUD>20,370000</CSUD>
    <NORD>20,370000</NORD>
    <SARD>20,370000</SARD>
    <SICI>20,370000</SICI>
    <SUD>20,370000</SUD>
    <AUST>20,370000</AUST>
    <BRNN>20,370000</BRNN>
    <COAC>20,370000</COAC>
    <CORS>20,370000</CORS>
    <FOGN>20,370000</FOGN>
    <FRAN>20,370000</FRAN>
    <GREC>20,370000</GREC>
    <MFTV>20,370000</MFTV>
    <PRGP>20,370000</PRGP>
    <ROSN>20,370000</ROSN>
    <SLOV>20,370000</SLOV>
    <SVIZ>20,370000</SVIZ>
    <BSP>20,370000</BSP>
    <MALT>20,370000</MALT>
    <XAUS>20,370000</XAUS>
    <XFRA>20,370000</XFRA>
  </Prezzi>
  <Prezzi>
    <Data>20160424</Data>
    <Mercato>MGP</Mercato>
    <Ora>19</Ora>
    <PUN>25,849660</PUN>
    <NAT>25,160000</NAT>
    <CNOR>24,800000</CNOR>
    <CSUD>24,800000</CSUD>
    <NORD>24,800000</NORD>
    <SARD>24,800000</SARD>
    <SICI>41,690000</SICI>
    <SUD>24,800000</SUD>
    <AUST>24,800000</AUST>
    <BRNN>24,800000</BRNN>
    <COAC>24,800000</COAC>
    <CORS>24,800000</CORS>
    <FOGN>24,800000</FOGN>
    <FRAN>24,800000</FRAN>
    <GREC>24,800000</GREC>
    <MFTV>24,800000</MFTV>
    <PRGP>41,690000</PRGP>
    <ROSN>24,800000</ROSN>
    <SLOV>24,800000</SLOV>
    <SVIZ>24,800000</SVIZ>
    <BSP>24,800000</BSP>
    <MALT>41,690000</MALT>
    <XAUS>24,800000</XAUS>
    <XFRA>24,800000</XFRA>
  </Prezzi>
  <Prezzi>
    <Data>20160424</Data>
    <Mercato>MGP</Mercato>
    <Ora>20</Ora>
    <PUN>28,641330</PUN>
    <NAT>30,020000</NAT>
    <CNOR>27,770000</CNOR>
    <CSUD>27,770000</CSUD>
    <NORD>27,770000</NORD>
    <SARD>27,770000</SARD>
    <SICI>41,690000</SICI>
    <SUD>27,770000</SUD>
    <AUST>27,770000</AUST>
    <BRNN>27,770000</BRNN>
    <COAC>27,770000</COAC>
    <CORS>27,770000</CORS>
    <FOGN>27,770000</FOGN>
    <FRAN>27,770000</FRAN>
    <GREC>27,770000</GREC>
    <MFTV>27,770000</MFTV>
    <PRGP>41,690000</PRGP>
    <ROSN>27,770000</ROSN>
    <SLOV>27,770000</SLOV>
    <SVIZ>27,770000</SVIZ>
    <BSP>27,770000</BSP>
    <MALT>41,690000</MALT>
    <XAUS>27,770000</XAUS>
    <XFRA>27,770000</XFRA>
  </Prezzi>
  <Prezzi>
    <Data>20160424</Data>
    <Mercato>MGP</Mercato>
    <Ora>21</Ora>
    <PUN>32,466520</PUN>
    <NAT>33,090000</NAT>
    <CNOR>31,710000</CNOR>
    <CSUD>31,710000</CSUD>
    <NORD>31,710000</NORD>
    <SARD>31,710000</SARD>
    <SICI>42,280000</SICI>
    <SUD>31,710000</SUD>
    <AUST>31,710000</AUST>
    <BRNN>31,710000</BRNN>
    <COAC>31,710000</COAC>
    <CORS>31,710000</CORS>
    <FOGN>31,710000</FOGN>
    <FRAN>31,710000</FRAN>
    <GREC>31,710000</GREC>
    <MFTV>31,710000</MFTV>
    <PRGP>42,280000</PRGP>
    <ROSN>31,710000</ROSN>
    <SLOV>31,710000</SLOV>
    <SVIZ>31,710000</SVIZ>
    <BSP>31,710000</BSP>
    <MALT>42,280000</MALT>
    <XAUS>31,710000</XAUS>
    <XFRA>31,710000</XFRA>
  </Prezzi>
  <Prezzi>
    <Data>20160424</Data>
    <Mercato>MGP</Mercato>
    <Ora>22</Ora>
    <PUN>31,793970</PUN>
    <NAT>31,900000</NAT>
    <CNOR>31,090000</CNOR>
    <CSUD>31,090000</CSUD>
    <NORD>31,090000</NORD>
    <SARD>31,090000</SARD>
    <SICI>41,780000</SICI>
    <SUD>31,090000</SUD>
    <AUST>31,090000</AUST>
    <BRNN>31,090000</BRNN>
    <COAC>31,090000</COAC>
    <CORS>31,090000</CORS>
    <FOGN>31,090000</FOGN>
    <FRAN>31,090000</FRAN>
    <GREC>31,090000</GREC>
    <MFTV>31,090000</MFTV>
    <PRGP>41,780000</PRGP>
    <ROSN>31,090000</ROSN>
    <SLOV>31,090000</SLOV>
    <SVIZ>31,090000</SVIZ>
    <BSP>31,090000</BSP>
    <MALT>41,780000</MALT>
    <XAUS>31,090000</XAUS>
    <XFRA>31,090000</XFRA>
  </Prezzi>
  <Prezzi>
    <Data>20160424</Data>
    <Mercato>MGP</Mercato>
    <Ora>23</Ora>
    <PUN>28,888890</PUN>
    <NAT>30,090000</NAT>
    <CNOR>28,000000</CNOR>
    <CSUD>28,000000</CSUD>
    <NORD>28,000000</NORD>
    <SARD>28,000000</SARD>
    <SICI>41,780000</SICI>
    <SUD>28,000000</SUD>
    <AUST>28,000000</AUST>
    <BRNN>28,000000</BRNN>
    <COAC>28,000000</COAC>
    <CORS>28,000000</CORS>
    <FOGN>28,000000</FOGN>
    <FRAN>28,000000</FRAN>
    <GREC>28,000000</GREC>
    <MFTV>28,000000</MFTV>
    <PRGP>41,780000</PRGP>
    <ROSN>28,000000</ROSN>
    <SLOV>28,000000</SLOV>
    <SVIZ>28,000000</SVIZ>
    <BSP>28,000000</BSP>
    <MALT>41,780000</MALT>
    <XAUS>28,000000</XAUS>
    <XFRA>28,000000</XFRA>
  </Prezzi>
  <Prezzi>
    <Data>20160424</Data>
    <Mercato>MGP</Mercato>
    <Ora>24</Ora>
    <PUN>27,811270</PUN>
    <NAT>27,100000</NAT>
    <CNOR>26,790000</CNOR>
    <CSUD>26,790000</CSUD>
    <NORD>26,790000</NORD>
    <SARD>26,790000</SARD>
    <SICI>41,690000</SICI>
    <SUD>26,790000</SUD>
    <AUST>26,790000</AUST>
    <BRNN>26,790000</BRNN>
    <COAC>26,790000</COAC>
    <CORS>26,790000</CORS>
    <FOGN>26,790000</FOGN>
    <FRAN>26,790000</FRAN>
    <GREC>26,790000</GREC>
    <MFTV>26,790000</MFTV>
    <PRGP>41,690000</PRGP>
    <ROSN>26,790000</ROSN>
    <SLOV>26,790000</SLOV>
    <SVIZ>26,790000</SVIZ>
    <BSP>26,790000</BSP>
    <MALT>41,690000</MALT>
    <XAUS>26,790000</XAUS>
    <XFRA>26,790000</XFRA>
  </Prezzi>
</NewDataSet>