<?xml version="1.0" standalone="yes"?>
<NewDataSet>
  <xs:schema id="NewDataSet" xmlns="" xmlns:xs="http://www.w3.org/2001/XMLSchema" xmlns:msdata="urn:schemas-microsoft-com:xml-msdata">
    <xs:element name="NewDataSet" msdata:IsDataSet="true" msdata:UseCurrentLocale="true">
      <xs:complexType>
        <xs:choice minOccurs="0" maxOccurs="unbounded">
          <xs:element name="Prezzi">
            <xs:complexType>
              <xs:sequence>
                <xs:element name="Data" type="xs:string" minOccurs="0" />
                <xs:element name="Mercato" type="xs:string" minOccurs="0" />
                <xs:element name="Ora" type="xs:string" minOccurs="0" />
                <xs:element name="PUN" type="xs:string" minOccurs="0" />
                <xs:element name="NAT" type="xs:string" minOccurs="0" />
                <xs:element name="CNOR" type="xs:string" minOccurs="0" />
                <xs:element name="CSUD" type="xs:string" minOccurs="0" />
                <xs:element name="NORD" type="xs:string" minOccurs="0" />
                <xs:element name="SARD" type="xs:string" minOccurs="0" />
                <xs:element name="SICI" type="xs:string" minOccurs="0" />
                <xs:element name="SUD" type="xs:string" minOccurs="0" />
                <xs:element name="AUST" type="xs:string" minOccurs="0" />
                <xs:element name="BRNN" type="xs:string" minOccurs="0" />
                <xs:element name="COAC" type="xs:string" minOccurs="0" />
                <xs:element name="CORS" type="xs:string" minOccurs="0" />
                <xs:element name="FOGN" type="xs:string" minOccurs="0" />
                <xs:element name="FRAN" type="xs:string" minOccurs="0" />
                <xs:element name="GREC" type="xs:string" minOccurs="0" />
                <xs:element name="MFTV" type="xs:string" minOccurs="0" />
                <xs:element name="PRGP" type="xs:string" minOccurs="0" />
                <xs:element name="ROSN" type="xs:string" minOccurs="0" />
                <xs:element name="SLOV" type="xs:string" minOccurs="0" />
                <xs:element name="SVIZ" type="xs:string" minOccurs="0" />
                <xs:element name="BSP" type="xs:string" minOccurs="0" />
                <xs:element name="MALT" type="xs:string" minOccurs="0" />
                <xs:element name="XAUS" type="xs:string" minOccurs="0" />
                <xs:element name="XFRA" type="xs:string" minOccurs="0" />
              </xs:sequence>
            </xs:complexType>
          </xs:element>
        </xs:choice>
      </xs:complexType>
    </xs:element>
  </xs:schema>
  <Prezzi>
    <Data>20160421</Data>
    <Mercato>MGP</Mercato>
    <Ora>1</Ora>
    <PUN>29,061240</PUN>
    <NAT>30,060000</NAT>
    <CNOR>33,880000</CNOR>
    <CSUD>33,880000</CSUD>
    <NORD>22,507140</NORD>
    <SARD>33,880000</SARD>
    <SICI>41,780000</SICI>
    <SUD>33,880000</SUD>
    <AUST>22,507140</AUST>
    <BRNN>33,880000</BRNN>
    <COAC>33,880000</COAC>
    <CORS>33,880000</CORS>
    <FOGN>33,880000</FOGN>
    <FRAN>22,507140</FRAN>
    <GREC>33,880000</GREC>
    <MFTV>22,507140</MFTV>
    <PRGP>41,780000</PRGP>
    <ROSN>33,880000</ROSN>
    <SLOV>22,507140</SLOV>
    <SVIZ>22,507140</SVIZ>
    <BSP>22,507140</BSP>
    <MALT>41,780000</MALT>
    <XAUS>22,507140</XAUS>
    <XFRA>22,507140</XFRA>
  </Prezzi>
  <Prezzi>
    <Data>20160421</Data>
    <Mercato>MGP</Mercato>
    <Ora>2</Ora>
    <PUN>27,399830</PUN>
    <NAT>25,120000</NAT>
    <CNOR>32,520000</CNOR>
    <CSUD>32,520000</CSUD>
    <NORD>20,498880</NORD>
    <SARD>32,520000</SARD>
    <SICI>41,690000</SICI>
    <SUD>32,520000</SUD>
    <AUST>20,498880</AUST>
    <BRNN>32,520000</BRNN>
    <COAC>32,520000</COAC>
    <CORS>32,520000</CORS>
    <FOGN>32,520000</FOGN>
    <FRAN>20,498880</FRAN>
    <GREC>32,520000</GREC>
    <MFTV>20,498880</MFTV>
    <PRGP>41,690000</PRGP>
    <ROSN>32,520000</ROSN>
    <SLOV>20,498880</SLOV>
    <SVIZ>20,498880</SVIZ>
    <BSP>20,498880</BSP>
    <MALT>41,690000</MALT>
    <XAUS>20,498880</XAUS>
    <XFRA>20,498880</XFRA>
  </Prezzi>
  <Prezzi>
    <Data>20160421</Data>
    <Mercato>MGP</Mercato>
    <Ora>3</Ora>
    <PUN>23,458270</PUN>
    <NAT>23,010000</NAT>
    <CNOR>25,110000</CNOR>
    <CSUD>25,110000</CSUD>
    <NORD>19,926220</NORD>
    <SARD>25,110000</SARD>
    <SICI>41,690000</SICI>
    <SUD>25,110000</SUD>
    <AUST>19,926220</AUST>
    <BRNN>25,110000</BRNN>
    <COAC>25,110000</COAC>
    <CORS>25,110000</CORS>
    <FOGN>25,110000</FOGN>
    <FRAN>19,926220</FRAN>
    <GREC>25,110000</GREC>
    <MFTV>19,926220</MFTV>
    <PRGP>41,690000</PRGP>
    <ROSN>25,110000</ROSN>
    <SLOV>19,926220</SLOV>
    <SVIZ>19,926220</SVIZ>
    <BSP>19,926220</BSP>
    <MALT>41,690000</MALT>
    <XAUS>19,926220</XAUS>
    <XFRA>19,926220</XFRA>
  </Prezzi>
  <Prezzi>
    <Data>20160421</Data>
    <Mercato>MGP</Mercato>
    <Ora>4</Ora>
    <PUN>23,485320</PUN>
    <NAT>23,990000</NAT>
    <CNOR>25,350000</CNOR>
    <CSUD>25,350000</CSUD>
    <NORD>19,581170</NORD>
    <SARD>25,350000</SARD>
    <SICI>41,690000</SICI>
    <SUD>25,350000</SUD>
    <AUST>19,581170</AUST>
    <BRNN>25,350000</BRNN>
    <COAC>25,350000</COAC>
    <CORS>25,350000</CORS>
    <FOGN>25,350000</FOGN>
    <FRAN>19,581170</FRAN>
    <GREC>25,350000</GREC>
    <MFTV>19,581170</MFTV>
    <PRGP>41,690000</PRGP>
    <ROSN>25,350000</ROSN>
    <SLOV>19,581170</SLOV>
    <SVIZ>19,581170</SVIZ>
    <BSP>19,581170</BSP>
    <MALT>41,690000</MALT>
    <XAUS>19,581170</XAUS>
    <XFRA>19,581170</XFRA>
  </Prezzi>
  <Prezzi>
    <Data>20160421</Data>
    <Mercato>MGP</Mercato>
    <Ora>5</Ora>
    <PUN>23,508930</PUN>
    <NAT>23,990000</NAT>
    <CNOR>25,350000</CNOR>
    <CSUD>25,350000</CSUD>
    <NORD>19,843290</NORD>
    <SARD>25,350000</SARD>
    <SICI>41,690000</SICI>
    <SUD>25,350000</SUD>
    <AUST>19,843290</AUST>
    <BRNN>25,350000</BRNN>
    <COAC>25,350000</COAC>
    <CORS>25,350000</CORS>
    <FOGN>25,350000</FOGN>
    <FRAN>19,843290</FRAN>
    <GREC>25,350000</GREC>
    <MFTV>19,843290</MFTV>
    <PRGP>41,690000</PRGP>
    <ROSN>25,350000</ROSN>
    <SLOV>19,843290</SLOV>
    <SVIZ>19,843290</SVIZ>
    <BSP>19,843290</BSP>
    <MALT>41,690000</MALT>
    <XAUS>19,843290</XAUS>
    <XFRA>19,843290</XFRA>
  </Prezzi>
  <Prezzi>
    <Data>20160421</Data>
    <Mercato>MGP</Mercato>
    <Ora>6</Ora>
    <PUN>25,609700</PUN>
    <NAT>25,120000</NAT>
    <CNOR>27,360000</CNOR>
    <CSUD>27,360000</CSUD>
    <NORD>22,210000</NORD>
    <SARD>27,360000</SARD>
    <SICI>41,690000</SICI>
    <SUD>27,360000</SUD>
    <AUST>22,210000</AUST>
    <BRNN>27,360000</BRNN>
    <COAC>27,360000</COAC>
    <CORS>27,360000</CORS>
    <FOGN>27,360000</FOGN>
    <FRAN>22,210000</FRAN>
    <GREC>27,360000</GREC>
    <MFTV>22,210000</MFTV>
    <PRGP>41,690000</PRGP>
    <ROSN>27,360000</ROSN>
    <SLOV>22,210000</SLOV>
    <SVIZ>22,210000</SVIZ>
    <BSP>22,210000</BSP>
    <MALT>41,690000</MALT>
    <XAUS>22,210000</XAUS>
    <XFRA>22,210000</XFRA>
  </Prezzi>
  <Prezzi>
    <Data>20160421</Data>
    <Mercato>MGP</Mercato>
    <Ora>7</Ora>
    <PUN>30,620630</PUN>
    <NAT>30,340000</NAT>
    <CNOR>31,110000</CNOR>
    <CSUD>31,110000</CSUD>
    <NORD>29,100000</NORD>
    <SARD>31,110000</SARD>
    <SICI>41,690000</SICI>
    <SUD>31,110000</SUD>
    <AUST>29,100000</AUST>
    <BRNN>31,110000</BRNN>
    <COAC>31,110000</COAC>
    <CORS>31,110000</CORS>
    <FOGN>31,110000</FOGN>
    <FRAN>29,100000</FRAN>
    <GREC>31,110000</GREC>
    <MFTV>29,100000</MFTV>
    <PRGP>41,690000</PRGP>
    <ROSN>31,110000</ROSN>
    <SLOV>29,100000</SLOV>
    <SVIZ>29,100000</SVIZ>
    <BSP>29,100000</BSP>
    <MALT>41,690000</MALT>
    <XAUS>29,100000</XAUS>
    <XFRA>29,100000</XFRA>
  </Prezzi>
  <Prezzi>
    <Data>20160421</Data>
    <Mercato>MGP</Mercato>
    <Ora>8</Ora>
    <PUN>34,987020</PUN>
    <NAT>36,000000</NAT>
    <CNOR>34,600000</CNOR>
    <CSUD>34,600000</CSUD>
    <NORD>34,600000</NORD>
    <SARD>34,600000</SARD>
    <SICI>41,780000</SICI>
    <SUD>34,600000</SUD>
    <AUST>34,600000</AUST>
    <BRNN>34,600000</BRNN>
    <COAC>34,600000</COAC>
    <CORS>34,600000</CORS>
    <FOGN>34,600000</FOGN>
    <FRAN>34,600000</FRAN>
    <GREC>34,600000</GREC>
    <MFTV>34,600000</MFTV>
    <PRGP>41,780000</PRGP>
    <ROSN>34,600000</ROSN>
    <SLOV>34,600000</SLOV>
    <SVIZ>34,600000</SVIZ>
    <BSP>34,600000</BSP>
    <MALT>41,780000</MALT>
    <XAUS>34,600000</XAUS>
    <XFRA>34,600000</XFRA>
  </Prezzi>
  <Prezzi>
    <Data>20160421</Data>
    <Mercato>MGP</Mercato>
    <Ora>9</Ora>
    <PUN>36,310960</PUN>
    <NAT>36,600000</NAT>
    <CNOR>36,010000</CNOR>
    <CSUD>36,010000</CSUD>
    <NORD>36,010000</NORD>
    <SARD>36,010000</SARD>
    <SICI>41,780000</SICI>
    <SUD>36,010000</SUD>
    <AUST>36,010000</AUST>
    <BRNN>36,010000</BRNN>
    <COAC>36,010000</COAC>
    <CORS>36,010000</CORS>
    <FOGN>36,010000</FOGN>
    <FRAN>36,010000</FRAN>
    <GREC>36,010000</GREC>
    <MFTV>36,010000</MFTV>
    <PRGP>41,780000</PRGP>
    <ROSN>36,010000</ROSN>
    <SLOV>36,010000</SLOV>
    <SVIZ>36,010000</SVIZ>
    <BSP>36,010000</BSP>
    <MALT>41,780000</MALT>
    <XAUS>36,010000</XAUS>
    <XFRA>36,010000</XFRA>
  </Prezzi>
  <Prezzi>
    <Data>20160421</Data>
    <Mercato>MGP</Mercato>
    <Ora>10</Ora>
    <PUN>33,426600</PUN>
    <NAT>33,500000</NAT>
    <CNOR>33,000000</CNOR>
    <CSUD>33,000000</CSUD>
    <NORD>33,000000</NORD>
    <SARD>33,000000</SARD>
    <SICI>41,690000</SICI>
    <SUD>33,000000</SUD>
    <AUST>33,000000</AUST>
    <BRNN>33,000000</BRNN>
    <COAC>33,000000</COAC>
    <CORS>33,000000</CORS>
    <FOGN>33,000000</FOGN>
    <FRAN>33,000000</FRAN>
    <GREC>33,000000</GREC>
    <MFTV>33,000000</MFTV>
    <PRGP>41,690000</PRGP>
    <ROSN>33,000000</ROSN>
    <SLOV>33,000000</SLOV>
    <SVIZ>33,000000</SVIZ>
    <BSP>33,000000</BSP>
    <MALT>41,690000</MALT>
    <XAUS>33,000000</XAUS>
    <XFRA>33,000000</XFRA>
  </Prezzi>
  <Prezzi>
    <Data>20160421</Data>
    <Mercato>MGP</Mercato>
    <Ora>11</Ora>
    <PUN>31,709910</PUN>
    <NAT>31,780000</NAT>
    <CNOR>31,500000</CNOR>
    <CSUD>31,500000</CSUD>
    <NORD>31,500000</NORD>
    <SARD>31,500000</SARD>
    <SICI>36,000000</SICI>
    <SUD>31,500000</SUD>
    <AUST>31,500000</AUST>
    <BRNN>31,500000</BRNN>
    <COAC>31,500000</COAC>
    <CORS>31,500000</CORS>
    <FOGN>31,500000</FOGN>
    <FRAN>31,500000</FRAN>
    <GREC>31,500000</GREC>
    <MFTV>31,500000</MFTV>
    <PRGP>36,000000</PRGP>
    <ROSN>31,500000</ROSN>
    <SLOV>31,500000</SLOV>
    <SVIZ>31,500000</SVIZ>
    <BSP>31,500000</BSP>
    <MALT>36,000000</MALT>
    <XAUS>31,500000</XAUS>
    <XFRA>31,500000</XFRA>
  </Prezzi>
  <Prezzi>
    <Data>20160421</Data>
    <Mercato>MGP</Mercato>
    <Ora>12</Ora>
    <PUN>28,825090</PUN>
    <NAT>28,450000</NAT>
    <CNOR>28,450000</CNOR>
    <CSUD>28,450000</CSUD>
    <NORD>28,450000</NORD>
    <SARD>28,450000</SARD>
    <SICI>36,000000</SICI>
    <SUD>28,450000</SUD>
    <AUST>28,450000</AUST>
    <BRNN>28,450000</BRNN>
    <COAC>28,450000</COAC>
    <CORS>28,450000</CORS>
    <FOGN>28,450000</FOGN>
    <FRAN>28,450000</FRAN>
    <GREC>28,450000</GREC>
    <MFTV>28,450000</MFTV>
    <PRGP>36,000000</PRGP>
    <ROSN>28,450000</ROSN>
    <SLOV>28,450000</SLOV>
    <SVIZ>28,450000</SVIZ>
    <BSP>28,450000</BSP>
    <MALT>36,000000</MALT>
    <XAUS>28,450000</XAUS>
    <XFRA>28,450000</XFRA>
  </Prezzi>
  <Prezzi>
    <Data>20160421</Data>
    <Mercato>MGP</Mercato>
    <Ora>13</Ora>
    <PUN>25,120000</PUN>
    <NAT>25,120000</NAT>
    <CNOR>25,120000</CNOR>
    <CSUD>25,120000</CSUD>
    <NORD>25,120000</NORD>
    <SARD>25,120000</SARD>
    <SICI>25,120000</SICI>
    <SUD>25,120000</SUD>
    <AUST>25,120000</AUST>
    <BRNN>25,120000</BRNN>
    <COAC>25,120000</COAC>
    <CORS>25,120000</CORS>
    <FOGN>25,120000</FOGN>
    <FRAN>25,120000</FRAN>
    <GREC>25,120000</GREC>
    <MFTV>25,120000</MFTV>
    <PRGP>25,120000</PRGP>
    <ROSN>25,120000</ROSN>
    <SLOV>25,120000</SLOV>
    <SVIZ>25,120000</SVIZ>
    <BSP>25,120000</BSP>
    <MALT>25,120000</MALT>
    <XAUS>25,120000</XAUS>
    <XFRA>25,120000</XFRA>
  </Prezzi>
  <Prezzi>
    <Data>20160421</Data>
    <Mercato>MGP</Mercato>
    <Ora>14</Ora>
    <PUN>25,110000</PUN>
    <NAT>25,110000</NAT>
    <CNOR>25,110000</CNOR>
    <CSUD>25,110000</CSUD>
    <NORD>25,110000</NORD>
    <SARD>25,110000</SARD>
    <SICI>25,110000</SICI>
    <SUD>25,110000</SUD>
    <AUST>25,110000</AUST>
    <BRNN>25,110000</BRNN>
    <COAC>25,110000</COAC>
    <CORS>25,110000</CORS>
    <FOGN>25,110000</FOGN>
    <FRAN>25,110000</FRAN>
    <GREC>25,110000</GREC>
    <MFTV>25,110000</MFTV>
    <PRGP>25,110000</PRGP>
    <ROSN>25,110000</ROSN>
    <SLOV>25,110000</SLOV>
    <SVIZ>25,110000</SVIZ>
    <BSP>25,110000</BSP>
    <MALT>25,110000</MALT>
    <XAUS>25,110000</XAUS>
    <XFRA>25,110000</XFRA>
  </Prezzi>
  <Prezzi>
    <Data>20160421</Data>
    <Mercato>MGP</Mercato>
    <Ora>15</Ora>
    <PUN>27,190000</PUN>
    <NAT>27,190000</NAT>
    <CNOR>27,190000</CNOR>
    <CSUD>27,190000</CSUD>
    <NORD>27,190000</NORD>
    <SARD>27,190000</SARD>
    <SICI>27,190000</SICI>
    <SUD>27,190000</SUD>
    <AUST>27,190000</AUST>
    <BRNN>27,190000</BRNN>
    <COAC>27,190000</COAC>
    <CORS>27,190000</CORS>
    <FOGN>27,190000</FOGN>
    <FRAN>27,190000</FRAN>
    <GREC>27,190000</GREC>
    <MFTV>27,190000</MFTV>
    <PRGP>27,190000</PRGP>
    <ROSN>27,190000</ROSN>
    <SLOV>27,190000</SLOV>
    <SVIZ>27,190000</SVIZ>
    <BSP>27,190000</BSP>
    <MALT>27,190000</MALT>
    <XAUS>27,190000</XAUS>
    <XFRA>27,190000</XFRA>
  </Prezzi>
  <Prezzi>
    <Data>20160421</Data>
    <Mercato>MGP</Mercato>
    <Ora>16</Ora>
    <PUN>30,616260</PUN>
    <NAT>30,500000</NAT>
    <CNOR>30,350000</CNOR>
    <CSUD>30,350000</CSUD>
    <NORD>30,350000</NORD>
    <SARD>30,350000</SARD>
    <SICI>36,000000</SICI>
    <SUD>30,350000</SUD>
    <AUST>30,350000</AUST>
    <BRNN>30,350000</BRNN>
    <COAC>30,350000</COAC>
    <CORS>30,350000</CORS>
    <FOGN>30,350000</FOGN>
    <FRAN>30,350000</FRAN>
    <GREC>30,350000</GREC>
    <MFTV>30,350000</MFTV>
    <PRGP>36,000000</PRGP>
    <ROSN>30,350000</ROSN>
    <SLOV>30,350000</SLOV>
    <SVIZ>30,350000</SVIZ>
    <BSP>30,350000</BSP>
    <MALT>36,000000</MALT>
    <XAUS>30,350000</XAUS>
    <XFRA>30,350000</XFRA>
  </Prezzi>
  <Prezzi>
    <Data>20160421</Data>
    <Mercato>MGP</Mercato>
    <Ora>17</Ora>
    <PUN>33,890930</PUN>
    <NAT>33,770000</NAT>
    <CNOR>33,500000</CNOR>
    <CSUD>33,500000</CSUD>
    <NORD>33,500000</NORD>
    <SARD>33,500000</SARD>
    <SICI>41,690000</SICI>
    <SUD>33,500000</SUD>
    <AUST>33,500000</AUST>
    <BRNN>33,500000</BRNN>
    <COAC>33,500000</COAC>
    <CORS>33,500000</CORS>
    <FOGN>33,500000</FOGN>
    <FRAN>33,500000</FRAN>
    <GREC>33,500000</GREC>
    <MFTV>33,500000</MFTV>
    <PRGP>41,690000</PRGP>
    <ROSN>33,500000</ROSN>
    <SLOV>33,500000</SLOV>
    <SVIZ>33,500000</SVIZ>
    <BSP>33,500000</BSP>
    <MALT>41,690000</MALT>
    <XAUS>33,500000</XAUS>
    <XFRA>33,500000</XFRA>
  </Prezzi>
  <Prezzi>
    <Data>20160421</Data>
    <Mercato>MGP</Mercato>
    <Ora>18</Ora>
    <PUN>33,915850</PUN>
    <NAT>34,100000</NAT>
    <CNOR>33,500000</CNOR>
    <CSUD>33,500000</CSUD>
    <NORD>33,500000</NORD>
    <SARD>33,500000</SARD>
    <SICI>41,690000</SICI>
    <SUD>33,500000</SUD>
    <AUST>33,500000</AUST>
    <BRNN>33,500000</BRNN>
    <COAC>33,500000</COAC>
    <CORS>33,500000</CORS>
    <FOGN>33,500000</FOGN>
    <FRAN>33,500000</FRAN>
    <GREC>33,500000</GREC>
    <MFTV>33,500000</MFTV>
    <PRGP>41,690000</PRGP>
    <ROSN>33,500000</ROSN>
    <SLOV>33,500000</SLOV>
    <SVIZ>33,500000</SVIZ>
    <BSP>33,500000</BSP>
    <MALT>41,690000</MALT>
    <XAUS>33,500000</XAUS>
    <XFRA>33,500000</XFRA>
  </Prezzi>
  <Prezzi>
    <Data>20160421</Data>
    <Mercato>MGP</Mercato>
    <Ora>19</Ora>
    <PUN>37,425460</PUN>
    <NAT>36,400000</NAT>
    <CNOR>40,000000</CNOR>
    <CSUD>40,000000</CSUD>
    <NORD>34,870000</NORD>
    <SARD>40,000000</SARD>
    <SICI>42,280000</SICI>
    <SUD>40,000000</SUD>
    <AUST>34,870000</AUST>
    <BRNN>40,000000</BRNN>
    <COAC>40,000000</COAC>
    <CORS>40,000000</CORS>
    <FOGN>40,000000</FOGN>
    <FRAN>34,870000</FRAN>
    <GREC>40,000000</GREC>
    <MFTV>34,870000</MFTV>
    <PRGP>42,280000</PRGP>
    <ROSN>40,000000</ROSN>
    <SLOV>34,870000</SLOV>
    <SVIZ>34,870000</SVIZ>
    <BSP>34,870000</BSP>
    <MALT>42,280000</MALT>
    <XAUS>34,870000</XAUS>
    <XFRA>34,870000</XFRA>
  </Prezzi>
  <Prezzi>
    <Data>20160421</Data>
    <Mercato>MGP</Mercato>
    <Ora>20</Ora>
    <PUN>43,128550</PUN>
    <NAT>41,690000</NAT>
    <CNOR>50,200000</CNOR>
    <CSUD>50,200000</CSUD>
    <NORD>36,100000</NORD>
    <SARD>50,200000</SARD>
    <SICI>50,200000</SICI>
    <SUD>50,200000</SUD>
    <AUST>36,100000</AUST>
    <BRNN>50,200000</BRNN>
    <COAC>50,200000</COAC>
    <CORS>50,200000</CORS>
    <FOGN>50,200000</FOGN>
    <FRAN>36,100000</FRAN>
    <GREC>50,200000</GREC>
    <MFTV>36,100000</MFTV>
    <PRGP>50,200000</PRGP>
    <ROSN>50,200000</ROSN>
    <SLOV>36,100000</SLOV>
    <SVIZ>36,100000</SVIZ>
    <BSP>36,100000</BSP>
    <MALT>50,200000</MALT>
    <XAUS>36,100000</XAUS>
    <XFRA>36,100000</XFRA>
  </Prezzi>
  <Prezzi>
    <Data>20160421</Data>
    <Mercato>MGP</Mercato>
    <Ora>21</Ora>
    <PUN>66,360000</PUN>
    <NAT>47,160000</NAT>
    <CNOR>99,748340</CNOR>
    <CSUD>99,748340</CSUD>
    <NORD>36,500000</NORD>
    <SARD>99,748340</SARD>
    <SICI>57,950000</SICI>
    <SUD>99,748340</SUD>
    <AUST>36,500000</AUST>
    <BRNN>99,748340</BRNN>
    <COAC>99,748340</COAC>
    <CORS>99,748340</CORS>
    <FOGN>99,748340</FOGN>
    <FRAN>36,500000</FRAN>
    <GREC>99,748340</GREC>
    <MFTV>36,500000</MFTV>
    <PRGP>57,950000</PRGP>
    <ROSN>99,748340</ROSN>
    <SLOV>36,500000</SLOV>
    <SVIZ>36,500000</SVIZ>
    <BSP>36,500000</BSP>
    <MALT>57,950000</MALT>
    <XAUS>36,500000</XAUS>
    <XFRA>36,500000</XFRA>
  </Prezzi>
  <Prezzi>
    <Data>20160421</Data>
    <Mercato>MGP</Mercato>
    <Ora>22</Ora>
    <PUN>53,540860</PUN>
    <NAT>40,000000</NAT>
    <CNOR>74,990000</CNOR>
    <CSUD>74,990000</CSUD>
    <NORD>33,550000</NORD>
    <SARD>74,990000</SARD>
    <SICI>56,350000</SICI>
    <SUD>74,990000</SUD>
    <AUST>33,550000</AUST>
    <BRNN>74,990000</BRNN>
    <COAC>74,990000</COAC>
    <CORS>74,990000</CORS>
    <FOGN>74,990000</FOGN>
    <FRAN>33,550000</FRAN>
    <GREC>74,990000</GREC>
    <MFTV>33,550000</MFTV>
    <PRGP>56,350000</PRGP>
    <ROSN>74,990000</ROSN>
    <SLOV>33,550000</SLOV>
    <SVIZ>33,550000</SVIZ>
    <BSP>33,550000</BSP>
    <MALT>56,350000</MALT>
    <XAUS>33,550000</XAUS>
    <XFRA>33,550000</XFRA>
  </Prezzi>
  <Prezzi>
    <Data>20160421</Data>
    <Mercato>MGP</Mercato>
    <Ora>23</Ora>
    <PUN>48,977120</PUN>
    <NAT>36,500000</NAT>
    <CNOR>70,000000</CNOR>
    <CSUD>70,000000</CSUD>
    <NORD>29,430000</NORD>
    <SARD>70,000000</SARD>
    <SICI>42,280000</SICI>
    <SUD>70,000000</SUD>
    <AUST>29,430000</AUST>
    <BRNN>70,000000</BRNN>
    <COAC>70,000000</COAC>
    <CORS>70,000000</CORS>
    <FOGN>70,000000</FOGN>
    <FRAN>29,430000</FRAN>
    <GREC>70,000000</GREC>
    <MFTV>29,430000</MFTV>
    <PRGP>42,280000</PRGP>
    <ROSN>70,000000</ROSN>
    <SLOV>29,430000</SLOV>
    <SVIZ>29,430000</SVIZ>
    <BSP>29,430000</BSP>
    <MALT>42,280000</MALT>
    <XAUS>29,430000</XAUS>
    <XFRA>29,430000</XFRA>
  </Prezzi>
  <Prezzi>
    <Data>20160421</Data>
    <Mercato>MGP</Mercato>
    <Ora>24</Ora>
    <PUN>33,086710</PUN>
    <NAT>33,000000</NAT>
    <CNOR>40,000000</CNOR>
    <CSUD>40,000000</CSUD>
    <NORD>25,000000</NORD>
    <SARD>40,000000</SARD>
    <SICI>42,280000</SICI>
    <SUD>40,000000</SUD>
    <AUST>25,000000</AUST>
    <BRNN>40,000000</BRNN>
    <COAC>40,000000</COAC>
    <CORS>40,000000</CORS>
    <FOGN>40,000000</FOGN>
    <FRAN>25,000000</FRAN>
    <GREC>40,000000</GREC>
    <MFTV>25,000000</MFTV>
    <PRGP>42,280000</PRGP>
    <ROSN>40,000000</ROSN>
    <SLOV>25,000000</SLOV>
    <SVIZ>25,000000</SVIZ>
    <BSP>25,000000</BSP>
    <MALT>42,280000</MALT>
    <XAUS>25,000000</XAUS>
    <XFRA>25,000000</XFRA>
  </Prezzi>
</NewDataSet>