<?xml version="1.0" standalone="yes"?>
<NewDataSet>
  <xs:schema id="NewDataSet" xmlns="" xmlns:xs="http://www.w3.org/2001/XMLSchema" xmlns:msdata="urn:schemas-microsoft-com:xml-msdata">
    <xs:element name="NewDataSet" msdata:IsDataSet="true" msdata:UseCurrentLocale="true">
      <xs:complexType>
        <xs:choice minOccurs="0" maxOccurs="unbounded">
          <xs:element name="Prezzi">
            <xs:complexType>
              <xs:sequence>
                <xs:element name="Data" type="xs:string" minOccurs="0" />
                <xs:element name="Mercato" type="xs:string" minOccurs="0" />
                <xs:element name="Ora" type="xs:string" minOccurs="0" />
                <xs:element name="PUN" type="xs:string" minOccurs="0" />
                <xs:element name="NAT" type="xs:string" minOccurs="0" />
                <xs:element name="CNOR" type="xs:string" minOccurs="0" />
                <xs:element name="CSUD" type="xs:string" minOccurs="0" />
                <xs:element name="NORD" type="xs:string" minOccurs="0" />
                <xs:element name="SARD" type="xs:string" minOccurs="0" />
                <xs:element name="SICI" type="xs:string" minOccurs="0" />
                <xs:element name="SUD" type="xs:string" minOccurs="0" />
                <xs:element name="AUST" type="xs:string" minOccurs="0" />
                <xs:element name="BRNN" type="xs:string" minOccurs="0" />
                <xs:element name="COAC" type="xs:string" minOccurs="0" />
                <xs:element name="CORS" type="xs:string" minOccurs="0" />
                <xs:element name="FOGN" type="xs:string" minOccurs="0" />
                <xs:element name="FRAN" type="xs:string" minOccurs="0" />
                <xs:element name="GREC" type="xs:string" minOccurs="0" />
                <xs:element name="MFTV" type="xs:string" minOccurs="0" />
                <xs:element name="PRGP" type="xs:string" minOccurs="0" />
                <xs:element name="ROSN" type="xs:string" minOccurs="0" />
                <xs:element name="SLOV" type="xs:string" minOccurs="0" />
                <xs:element name="SVIZ" type="xs:string" minOccurs="0" />
                <xs:element name="BSP" type="xs:string" minOccurs="0" />
                <xs:element name="MALT" type="xs:string" minOccurs="0" />
                <xs:element name="XAUS" type="xs:string" minOccurs="0" />
                <xs:element name="XFRA" type="xs:string" minOccurs="0" />
              </xs:sequence>
            </xs:complexType>
          </xs:element>
        </xs:choice>
      </xs:complexType>
    </xs:element>
  </xs:schema>
  <Prezzi>
    <Data>20160405</Data>
    <Mercato>MGP</Mercato>
    <Ora>1</Ora>
    <PUN>29,375540</PUN>
    <NAT>29,980000</NAT>
    <CNOR>29,910000</CNOR>
    <CSUD>29,910000</CSUD>
    <NORD>27,400000</NORD>
    <SARD>29,910000</SARD>
    <SICI>41,780000</SICI>
    <SUD>29,910000</SUD>
    <AUST>27,400000</AUST>
    <BRNN>29,910000</BRNN>
    <COAC>29,910000</COAC>
    <CORS>29,910000</CORS>
    <FOGN>29,910000</FOGN>
    <FRAN>27,400000</FRAN>
    <GREC>29,910000</GREC>
    <MFTV>27,400000</MFTV>
    <PRGP>41,780000</PRGP>
    <ROSN>29,910000</ROSN>
    <SLOV>27,400000</SLOV>
    <SVIZ>27,400000</SVIZ>
    <BSP>27,400000</BSP>
    <MALT>41,780000</MALT>
    <XAUS>27,400000</XAUS>
    <XFRA>27,400000</XFRA>
  </Prezzi>
  <Prezzi>
    <Data>20160405</Data>
    <Mercato>MGP</Mercato>
    <Ora>2</Ora>
    <PUN>25,955440</PUN>
    <NAT>25,300000</NAT>
    <CNOR>25,150000</CNOR>
    <CSUD>25,150000</CSUD>
    <NORD>24,800000</NORD>
    <SARD>25,150000</SARD>
    <SICI>41,690000</SICI>
    <SUD>25,150000</SUD>
    <AUST>24,800000</AUST>
    <BRNN>25,150000</BRNN>
    <COAC>25,150000</COAC>
    <CORS>25,150000</CORS>
    <FOGN>25,150000</FOGN>
    <FRAN>24,800000</FRAN>
    <GREC>25,150000</GREC>
    <MFTV>24,800000</MFTV>
    <PRGP>41,690000</PRGP>
    <ROSN>25,150000</ROSN>
    <SLOV>24,800000</SLOV>
    <SVIZ>24,800000</SVIZ>
    <BSP>24,800000</BSP>
    <MALT>41,690000</MALT>
    <XAUS>24,800000</XAUS>
    <XFRA>24,800000</XFRA>
  </Prezzi>
  <Prezzi>
    <Data>20160405</Data>
    <Mercato>MGP</Mercato>
    <Ora>3</Ora>
    <PUN>25,912030</PUN>
    <NAT>25,150000</NAT>
    <CNOR>25,150000</CNOR>
    <CSUD>25,150000</CSUD>
    <NORD>24,800000</NORD>
    <SARD>25,150000</SARD>
    <SICI>41,690000</SICI>
    <SUD>25,150000</SUD>
    <AUST>24,800000</AUST>
    <BRNN>25,150000</BRNN>
    <COAC>25,150000</COAC>
    <CORS>25,150000</CORS>
    <FOGN>25,150000</FOGN>
    <FRAN>24,800000</FRAN>
    <GREC>25,150000</GREC>
    <MFTV>24,800000</MFTV>
    <PRGP>41,690000</PRGP>
    <ROSN>25,150000</ROSN>
    <SLOV>24,800000</SLOV>
    <SVIZ>24,800000</SVIZ>
    <BSP>24,800000</BSP>
    <MALT>41,690000</MALT>
    <XAUS>24,800000</XAUS>
    <XFRA>24,800000</XFRA>
  </Prezzi>
  <Prezzi>
    <Data>20160405</Data>
    <Mercato>MGP</Mercato>
    <Ora>4</Ora>
    <PUN>24,583730</PUN>
    <NAT>24,630000</NAT>
    <CNOR>23,020000</CNOR>
    <CSUD>24,740000</CSUD>
    <NORD>23,020000</NORD>
    <SARD>24,740000</SARD>
    <SICI>41,690000</SICI>
    <SUD>24,740000</SUD>
    <AUST>23,020000</AUST>
    <BRNN>24,740000</BRNN>
    <COAC>24,740000</COAC>
    <CORS>24,740000</CORS>
    <FOGN>24,740000</FOGN>
    <FRAN>23,020000</FRAN>
    <GREC>24,740000</GREC>
    <MFTV>23,020000</MFTV>
    <PRGP>41,690000</PRGP>
    <ROSN>24,740000</ROSN>
    <SLOV>23,020000</SLOV>
    <SVIZ>23,020000</SVIZ>
    <BSP>23,020000</BSP>
    <MALT>41,690000</MALT>
    <XAUS>23,020000</XAUS>
    <XFRA>23,020000</XFRA>
  </Prezzi>
  <Prezzi>
    <Data>20160405</Data>
    <Mercato>MGP</Mercato>
    <Ora>5</Ora>
    <PUN>25,564450</PUN>
    <NAT>25,000000</NAT>
    <CNOR>24,630000</CNOR>
    <CSUD>24,630000</CSUD>
    <NORD>24,630000</NORD>
    <SARD>24,630000</SARD>
    <SICI>41,690000</SICI>
    <SUD>24,630000</SUD>
    <AUST>24,630000</AUST>
    <BRNN>24,630000</BRNN>
    <COAC>24,630000</COAC>
    <CORS>24,630000</CORS>
    <FOGN>24,630000</FOGN>
    <FRAN>24,630000</FRAN>
    <GREC>24,630000</GREC>
    <MFTV>24,630000</MFTV>
    <PRGP>41,690000</PRGP>
    <ROSN>24,630000</ROSN>
    <SLOV>24,630000</SLOV>
    <SVIZ>24,630000</SVIZ>
    <BSP>24,630000</BSP>
    <MALT>41,690000</MALT>
    <XAUS>24,630000</XAUS>
    <XFRA>24,630000</XFRA>
  </Prezzi>
  <Prezzi>
    <Data>20160405</Data>
    <Mercato>MGP</Mercato>
    <Ora>6</Ora>
    <PUN>26,310400</PUN>
    <NAT>27,000000</NAT>
    <CNOR>25,380000</CNOR>
    <CSUD>25,380000</CSUD>
    <NORD>25,380000</NORD>
    <SARD>25,380000</SARD>
    <SICI>41,690000</SICI>
    <SUD>25,380000</SUD>
    <AUST>25,380000</AUST>
    <BRNN>25,380000</BRNN>
    <COAC>25,380000</COAC>
    <CORS>25,380000</CORS>
    <FOGN>25,380000</FOGN>
    <FRAN>25,380000</FRAN>
    <GREC>25,380000</GREC>
    <MFTV>25,380000</MFTV>
    <PRGP>41,690000</PRGP>
    <ROSN>25,380000</ROSN>
    <SLOV>25,380000</SLOV>
    <SVIZ>25,380000</SVIZ>
    <BSP>25,380000</BSP>
    <MALT>41,690000</MALT>
    <XAUS>25,380000</XAUS>
    <XFRA>25,380000</XFRA>
  </Prezzi>
  <Prezzi>
    <Data>20160405</Data>
    <Mercato>MGP</Mercato>
    <Ora>7</Ora>
    <PUN>32,976830</PUN>
    <NAT>33,000000</NAT>
    <CNOR>32,500000</CNOR>
    <CSUD>32,500000</CSUD>
    <NORD>32,500000</NORD>
    <SARD>32,500000</SARD>
    <SICI>41,690000</SICI>
    <SUD>32,500000</SUD>
    <AUST>32,500000</AUST>
    <BRNN>32,500000</BRNN>
    <COAC>32,500000</COAC>
    <CORS>32,500000</CORS>
    <FOGN>32,500000</FOGN>
    <FRAN>32,500000</FRAN>
    <GREC>32,500000</GREC>
    <MFTV>32,500000</MFTV>
    <PRGP>41,690000</PRGP>
    <ROSN>32,500000</ROSN>
    <SLOV>32,500000</SLOV>
    <SVIZ>32,500000</SVIZ>
    <BSP>32,500000</BSP>
    <MALT>41,690000</MALT>
    <XAUS>32,500000</XAUS>
    <XFRA>32,500000</XFRA>
  </Prezzi>
  <Prezzi>
    <Data>20160405</Data>
    <Mercato>MGP</Mercato>
    <Ora>8</Ora>
    <PUN>36,278210</PUN>
    <NAT>36,080000</NAT>
    <CNOR>36,000000</CNOR>
    <CSUD>36,000000</CSUD>
    <NORD>36,000000</NORD>
    <SARD>36,000000</SARD>
    <SICI>41,690000</SICI>
    <SUD>36,000000</SUD>
    <AUST>36,000000</AUST>
    <BRNN>36,000000</BRNN>
    <COAC>36,000000</COAC>
    <CORS>36,000000</CORS>
    <FOGN>36,000000</FOGN>
    <FRAN>36,000000</FRAN>
    <GREC>36,000000</GREC>
    <MFTV>36,000000</MFTV>
    <PRGP>41,690000</PRGP>
    <ROSN>36,000000</ROSN>
    <SLOV>36,000000</SLOV>
    <SVIZ>36,000000</SVIZ>
    <BSP>36,000000</BSP>
    <MALT>41,690000</MALT>
    <XAUS>36,000000</XAUS>
    <XFRA>36,000000</XFRA>
  </Prezzi>
  <Prezzi>
    <Data>20160405</Data>
    <Mercato>MGP</Mercato>
    <Ora>9</Ora>
    <PUN>44,539100</PUN>
    <NAT>42,280000</NAT>
    <CNOR>45,000000</CNOR>
    <CSUD>45,000000</CSUD>
    <NORD>45,000000</NORD>
    <SARD>45,000000</SARD>
    <SICI>41,780000</SICI>
    <SUD>41,780000</SUD>
    <AUST>45,000000</AUST>
    <BRNN>41,780000</BRNN>
    <COAC>45,000000</COAC>
    <CORS>45,000000</CORS>
    <FOGN>41,780000</FOGN>
    <FRAN>45,000000</FRAN>
    <GREC>41,780000</GREC>
    <MFTV>45,000000</MFTV>
    <PRGP>41,780000</PRGP>
    <ROSN>41,780000</ROSN>
    <SLOV>45,000000</SLOV>
    <SVIZ>45,000000</SVIZ>
    <BSP>45,000000</BSP>
    <MALT>41,780000</MALT>
    <XAUS>45,000000</XAUS>
    <XFRA>45,000000</XFRA>
  </Prezzi>
  <Prezzi>
    <Data>20160405</Data>
    <Mercato>MGP</Mercato>
    <Ora>10</Ora>
    <PUN>37,690140</PUN>
    <NAT>37,800000</NAT>
    <CNOR>37,800000</CNOR>
    <CSUD>37,800000</CSUD>
    <NORD>37,800000</NORD>
    <SARD>37,800000</SARD>
    <SICI>41,690000</SICI>
    <SUD>34,550000</SUD>
    <AUST>37,800000</AUST>
    <BRNN>34,550000</BRNN>
    <COAC>37,800000</COAC>
    <CORS>37,800000</CORS>
    <FOGN>34,550000</FOGN>
    <FRAN>37,800000</FRAN>
    <GREC>34,550000</GREC>
    <MFTV>37,800000</MFTV>
    <PRGP>41,690000</PRGP>
    <ROSN>34,550000</ROSN>
    <SLOV>37,800000</SLOV>
    <SVIZ>37,800000</SVIZ>
    <BSP>37,800000</BSP>
    <MALT>41,690000</MALT>
    <XAUS>37,800000</XAUS>
    <XFRA>37,800000</XFRA>
  </Prezzi>
  <Prezzi>
    <Data>20160405</Data>
    <Mercato>MGP</Mercato>
    <Ora>11</Ora>
    <PUN>34,290820</PUN>
    <NAT>34,470000</NAT>
    <CNOR>34,500000</CNOR>
    <CSUD>34,500000</CSUD>
    <NORD>34,500000</NORD>
    <SARD>34,500000</SARD>
    <SICI>34,000000</SICI>
    <SUD>32,410000</SUD>
    <AUST>34,500000</AUST>
    <BRNN>32,410000</BRNN>
    <COAC>34,500000</COAC>
    <CORS>34,500000</CORS>
    <FOGN>32,410000</FOGN>
    <FRAN>34,500000</FRAN>
    <GREC>32,410000</GREC>
    <MFTV>34,500000</MFTV>
    <PRGP>34,000000</PRGP>
    <ROSN>32,410000</ROSN>
    <SLOV>34,500000</SLOV>
    <SVIZ>34,500000</SVIZ>
    <BSP>34,500000</BSP>
    <MALT>34,000000</MALT>
    <XAUS>34,500000</XAUS>
    <XFRA>34,500000</XFRA>
  </Prezzi>
  <Prezzi>
    <Data>20160405</Data>
    <Mercato>MGP</Mercato>
    <Ora>12</Ora>
    <PUN>32,266840</PUN>
    <NAT>31,710000</NAT>
    <CNOR>33,000000</CNOR>
    <CSUD>33,000000</CSUD>
    <NORD>33,000000</NORD>
    <SARD>33,000000</SARD>
    <SICI>27,470000</SICI>
    <SUD>27,470000</SUD>
    <AUST>33,000000</AUST>
    <BRNN>27,470000</BRNN>
    <COAC>33,000000</COAC>
    <CORS>33,000000</CORS>
    <FOGN>27,470000</FOGN>
    <FRAN>33,000000</FRAN>
    <GREC>27,470000</GREC>
    <MFTV>33,000000</MFTV>
    <PRGP>27,470000</PRGP>
    <ROSN>27,470000</ROSN>
    <SLOV>33,000000</SLOV>
    <SVIZ>33,000000</SVIZ>
    <BSP>33,000000</BSP>
    <MALT>27,470000</MALT>
    <XAUS>33,000000</XAUS>
    <XFRA>33,000000</XFRA>
  </Prezzi>
  <Prezzi>
    <Data>20160405</Data>
    <Mercato>MGP</Mercato>
    <Ora>13</Ora>
    <PUN>29,620700</PUN>
    <NAT>28,900000</NAT>
    <CNOR>30,430000</CNOR>
    <CSUD>30,430000</CSUD>
    <NORD>30,430000</NORD>
    <SARD>30,430000</SARD>
    <SICI>23,180000</SICI>
    <SUD>25,300000</SUD>
    <AUST>30,430000</AUST>
    <BRNN>25,300000</BRNN>
    <COAC>30,430000</COAC>
    <CORS>30,430000</CORS>
    <FOGN>25,300000</FOGN>
    <FRAN>30,430000</FRAN>
    <GREC>25,300000</GREC>
    <MFTV>30,430000</MFTV>
    <PRGP>23,180000</PRGP>
    <ROSN>25,300000</ROSN>
    <SLOV>30,430000</SLOV>
    <SVIZ>30,430000</SVIZ>
    <BSP>30,430000</BSP>
    <MALT>23,180000</MALT>
    <XAUS>30,430000</XAUS>
    <XFRA>30,430000</XFRA>
  </Prezzi>
  <Prezzi>
    <Data>20160405</Data>
    <Mercato>MGP</Mercato>
    <Ora>14</Ora>
    <PUN>28,115270</PUN>
    <NAT>26,500000</NAT>
    <CNOR>26,000000</CNOR>
    <CSUD>26,000000</CSUD>
    <NORD>29,840000</NORD>
    <SARD>26,000000</SARD>
    <SICI>22,640000</SICI>
    <SUD>25,150000</SUD>
    <AUST>29,840000</AUST>
    <BRNN>25,150000</BRNN>
    <COAC>26,000000</COAC>
    <CORS>26,000000</CORS>
    <FOGN>25,150000</FOGN>
    <FRAN>29,840000</FRAN>
    <GREC>25,150000</GREC>
    <MFTV>29,840000</MFTV>
    <PRGP>22,640000</PRGP>
    <ROSN>25,150000</ROSN>
    <SLOV>29,840000</SLOV>
    <SVIZ>29,840000</SVIZ>
    <BSP>29,840000</BSP>
    <MALT>22,640000</MALT>
    <XAUS>29,840000</XAUS>
    <XFRA>29,840000</XFRA>
  </Prezzi>
  <Prezzi>
    <Data>20160405</Data>
    <Mercato>MGP</Mercato>
    <Ora>15</Ora>
    <PUN>29,966440</PUN>
    <NAT>29,030000</NAT>
    <CNOR>30,800000</CNOR>
    <CSUD>30,800000</CSUD>
    <NORD>30,800000</NORD>
    <SARD>30,800000</SARD>
    <SICI>22,640000</SICI>
    <SUD>25,300000</SUD>
    <AUST>30,800000</AUST>
    <BRNN>25,300000</BRNN>
    <COAC>30,800000</COAC>
    <CORS>30,800000</CORS>
    <FOGN>25,300000</FOGN>
    <FRAN>30,800000</FRAN>
    <GREC>25,300000</GREC>
    <MFTV>30,800000</MFTV>
    <PRGP>22,640000</PRGP>
    <ROSN>25,300000</ROSN>
    <SLOV>30,800000</SLOV>
    <SVIZ>30,800000</SVIZ>
    <BSP>30,800000</BSP>
    <MALT>22,640000</MALT>
    <XAUS>30,800000</XAUS>
    <XFRA>30,800000</XFRA>
  </Prezzi>
  <Prezzi>
    <Data>20160405</Data>
    <Mercato>MGP</Mercato>
    <Ora>16</Ora>
    <PUN>29,861490</PUN>
    <NAT>30,260000</NAT>
    <CNOR>30,550000</CNOR>
    <CSUD>30,550000</CSUD>
    <NORD>30,550000</NORD>
    <SARD>30,550000</SARD>
    <SICI>22,990000</SICI>
    <SUD>26,500000</SUD>
    <AUST>30,550000</AUST>
    <BRNN>26,500000</BRNN>
    <COAC>30,550000</COAC>
    <CORS>30,550000</CORS>
    <FOGN>26,500000</FOGN>
    <FRAN>30,550000</FRAN>
    <GREC>26,500000</GREC>
    <MFTV>30,550000</MFTV>
    <PRGP>22,990000</PRGP>
    <ROSN>26,500000</ROSN>
    <SLOV>30,550000</SLOV>
    <SVIZ>30,550000</SVIZ>
    <BSP>30,550000</BSP>
    <MALT>22,990000</MALT>
    <XAUS>30,550000</XAUS>
    <XFRA>30,550000</XFRA>
  </Prezzi>
  <Prezzi>
    <Data>20160405</Data>
    <Mercato>MGP</Mercato>
    <Ora>17</Ora>
    <PUN>31,970000</PUN>
    <NAT>31,970000</NAT>
    <CNOR>31,970000</CNOR>
    <CSUD>31,970000</CSUD>
    <NORD>31,970000</NORD>
    <SARD>31,970000</SARD>
    <SICI>31,970000</SICI>
    <SUD>31,970000</SUD>
    <AUST>31,970000</AUST>
    <BRNN>31,970000</BRNN>
    <COAC>31,970000</COAC>
    <CORS>31,970000</CORS>
    <FOGN>31,970000</FOGN>
    <FRAN>31,970000</FRAN>
    <GREC>31,970000</GREC>
    <MFTV>31,970000</MFTV>
    <PRGP>31,970000</PRGP>
    <ROSN>31,970000</ROSN>
    <SLOV>31,970000</SLOV>
    <SVIZ>31,970000</SVIZ>
    <BSP>31,970000</BSP>
    <MALT>31,970000</MALT>
    <XAUS>31,970000</XAUS>
    <XFRA>31,970000</XFRA>
  </Prezzi>
  <Prezzi>
    <Data>20160405</Data>
    <Mercato>MGP</Mercato>
    <Ora>18</Ora>
    <PUN>32,113970</PUN>
    <NAT>32,000000</NAT>
    <CNOR>31,970000</CNOR>
    <CSUD>31,970000</CSUD>
    <NORD>31,970000</NORD>
    <SARD>31,970000</SARD>
    <SICI>35,010000</SICI>
    <SUD>31,970000</SUD>
    <AUST>31,970000</AUST>
    <BRNN>31,970000</BRNN>
    <COAC>31,970000</COAC>
    <CORS>31,970000</CORS>
    <FOGN>31,970000</FOGN>
    <FRAN>31,970000</FRAN>
    <GREC>31,970000</GREC>
    <MFTV>31,970000</MFTV>
    <PRGP>35,010000</PRGP>
    <ROSN>31,970000</ROSN>
    <SLOV>31,970000</SLOV>
    <SVIZ>31,970000</SVIZ>
    <BSP>31,970000</BSP>
    <MALT>35,010000</MALT>
    <XAUS>31,970000</XAUS>
    <XFRA>31,970000</XFRA>
  </Prezzi>
  <Prezzi>
    <Data>20160405</Data>
    <Mercato>MGP</Mercato>
    <Ora>19</Ora>
    <PUN>33,440750</PUN>
    <NAT>34,000000</NAT>
    <CNOR>33,000000</CNOR>
    <CSUD>33,000000</CSUD>
    <NORD>33,000000</NORD>
    <SARD>33,000000</SARD>
    <SICI>41,690000</SICI>
    <SUD>33,000000</SUD>
    <AUST>33,000000</AUST>
    <BRNN>33,000000</BRNN>
    <COAC>33,000000</COAC>
    <CORS>33,000000</CORS>
    <FOGN>33,000000</FOGN>
    <FRAN>33,000000</FRAN>
    <GREC>33,000000</GREC>
    <MFTV>33,000000</MFTV>
    <PRGP>41,690000</PRGP>
    <ROSN>33,000000</ROSN>
    <SLOV>33,000000</SLOV>
    <SVIZ>33,000000</SVIZ>
    <BSP>33,000000</BSP>
    <MALT>41,690000</MALT>
    <XAUS>33,000000</XAUS>
    <XFRA>33,000000</XFRA>
  </Prezzi>
  <Prezzi>
    <Data>20160405</Data>
    <Mercato>MGP</Mercato>
    <Ora>20</Ora>
    <PUN>36,345900</PUN>
    <NAT>36,930000</NAT>
    <CNOR>36,000000</CNOR>
    <CSUD>36,000000</CSUD>
    <NORD>36,000000</NORD>
    <SARD>36,000000</SARD>
    <SICI>42,280000</SICI>
    <SUD>36,000000</SUD>
    <AUST>36,000000</AUST>
    <BRNN>36,000000</BRNN>
    <COAC>36,000000</COAC>
    <CORS>36,000000</CORS>
    <FOGN>36,000000</FOGN>
    <FRAN>36,000000</FRAN>
    <GREC>36,000000</GREC>
    <MFTV>36,000000</MFTV>
    <PRGP>42,280000</PRGP>
    <ROSN>36,000000</ROSN>
    <SLOV>36,000000</SLOV>
    <SVIZ>36,000000</SVIZ>
    <BSP>36,000000</BSP>
    <MALT>42,280000</MALT>
    <XAUS>36,000000</XAUS>
    <XFRA>36,000000</XFRA>
  </Prezzi>
  <Prezzi>
    <Data>20160405</Data>
    <Mercato>MGP</Mercato>
    <Ora>21</Ora>
    <PUN>38,337560</PUN>
    <NAT>40,500000</NAT>
    <CNOR>38,130000</CNOR>
    <CSUD>38,130000</CSUD>
    <NORD>38,040000</NORD>
    <SARD>38,130000</SARD>
    <SICI>42,280000</SICI>
    <SUD>38,130000</SUD>
    <AUST>38,040000</AUST>
    <BRNN>38,130000</BRNN>
    <COAC>38,130000</COAC>
    <CORS>38,130000</CORS>
    <FOGN>38,130000</FOGN>
    <FRAN>38,040000</FRAN>
    <GREC>38,130000</GREC>
    <MFTV>38,040000</MFTV>
    <PRGP>42,280000</PRGP>
    <ROSN>38,130000</ROSN>
    <SLOV>38,040000</SLOV>
    <SVIZ>38,040000</SVIZ>
    <BSP>38,040000</BSP>
    <MALT>42,280000</MALT>
    <XAUS>38,040000</XAUS>
    <XFRA>38,040000</XFRA>
  </Prezzi>
  <Prezzi>
    <Data>20160405</Data>
    <Mercato>MGP</Mercato>
    <Ora>22</Ora>
    <PUN>36,219220</PUN>
    <NAT>36,500000</NAT>
    <CNOR>35,830000</CNOR>
    <CSUD>35,830000</CSUD>
    <NORD>35,830000</NORD>
    <SARD>35,830000</SARD>
    <SICI>42,280000</SICI>
    <SUD>35,830000</SUD>
    <AUST>35,830000</AUST>
    <BRNN>35,830000</BRNN>
    <COAC>35,830000</COAC>
    <CORS>35,830000</CORS>
    <FOGN>35,830000</FOGN>
    <FRAN>35,830000</FRAN>
    <GREC>35,830000</GREC>
    <MFTV>35,830000</MFTV>
    <PRGP>42,280000</PRGP>
    <ROSN>35,830000</ROSN>
    <SLOV>35,830000</SLOV>
    <SVIZ>35,830000</SVIZ>
    <BSP>35,830000</BSP>
    <MALT>42,280000</MALT>
    <XAUS>35,830000</XAUS>
    <XFRA>35,830000</XFRA>
  </Prezzi>
  <Prezzi>
    <Data>20160405</Data>
    <Mercato>MGP</Mercato>
    <Ora>23</Ora>
    <PUN>32,701210</PUN>
    <NAT>33,130000</NAT>
    <CNOR>32,410000</CNOR>
    <CSUD>32,410000</CSUD>
    <NORD>31,830000</NORD>
    <SARD>32,410000</SARD>
    <SICI>41,780000</SICI>
    <SUD>32,410000</SUD>
    <AUST>31,830000</AUST>
    <BRNN>32,410000</BRNN>
    <COAC>32,410000</COAC>
    <CORS>32,410000</CORS>
    <FOGN>32,410000</FOGN>
    <FRAN>31,830000</FRAN>
    <GREC>32,410000</GREC>
    <MFTV>31,830000</MFTV>
    <PRGP>41,780000</PRGP>
    <ROSN>32,410000</ROSN>
    <SLOV>31,830000</SLOV>
    <SVIZ>31,830000</SVIZ>
    <BSP>31,830000</BSP>
    <MALT>41,780000</MALT>
    <XAUS>31,830000</XAUS>
    <XFRA>31,830000</XFRA>
  </Prezzi>
  <Prezzi>
    <Data>20160405</Data>
    <Mercato>MGP</Mercato>
    <Ora>24</Ora>
    <PUN>30,067200</PUN>
    <NAT>30,200000</NAT>
    <CNOR>29,300000</CNOR>
    <CSUD>29,300000</CSUD>
    <NORD>29,300000</NORD>
    <SARD>29,300000</SARD>
    <SICI>41,690000</SICI>
    <SUD>29,300000</SUD>
    <AUST>29,300000</AUST>
    <BRNN>29,300000</BRNN>
    <COAC>29,300000</COAC>
    <CORS>29,300000</CORS>
    <FOGN>29,300000</FOGN>
    <FRAN>29,300000</FRAN>
    <GREC>29,300000</GREC>
    <MFTV>29,300000</MFTV>
    <PRGP>41,690000</PRGP>
    <ROSN>29,300000</ROSN>
    <SLOV>29,300000</SLOV>
    <SVIZ>29,300000</SVIZ>
    <BSP>29,300000</BSP>
    <MALT>41,690000</MALT>
    <XAUS>29,300000</XAUS>
    <XFRA>29,300000</XFRA>
  </Prezzi>
</NewDataSet>