<?xml version="1.0" standalone="yes"?>
<NewDataSet>
  <xs:schema id="NewDataSet" xmlns="" xmlns:xs="http://www.w3.org/2001/XMLSchema" xmlns:msdata="urn:schemas-microsoft-com:xml-msdata">
    <xs:element name="NewDataSet" msdata:IsDataSet="true" msdata:UseCurrentLocale="true">
      <xs:complexType>
        <xs:choice minOccurs="0" maxOccurs="unbounded">
          <xs:element name="Prezzi">
            <xs:complexType>
              <xs:sequence>
                <xs:element name="Data" type="xs:string" minOccurs="0" />
                <xs:element name="Mercato" type="xs:string" minOccurs="0" />
                <xs:element name="Ora" type="xs:string" minOccurs="0" />
                <xs:element name="PUN" type="xs:string" minOccurs="0" />
                <xs:element name="NAT" type="xs:string" minOccurs="0" />
                <xs:element name="CNOR" type="xs:string" minOccurs="0" />
                <xs:element name="CSUD" type="xs:string" minOccurs="0" />
                <xs:element name="NORD" type="xs:string" minOccurs="0" />
                <xs:element name="SARD" type="xs:string" minOccurs="0" />
                <xs:element name="SICI" type="xs:string" minOccurs="0" />
                <xs:element name="SUD" type="xs:string" minOccurs="0" />
                <xs:element name="AUST" type="xs:string" minOccurs="0" />
                <xs:element name="BRNN" type="xs:string" minOccurs="0" />
                <xs:element name="COAC" type="xs:string" minOccurs="0" />
                <xs:element name="CORS" type="xs:string" minOccurs="0" />
                <xs:element name="FOGN" type="xs:string" minOccurs="0" />
                <xs:element name="FRAN" type="xs:string" minOccurs="0" />
                <xs:element name="GREC" type="xs:string" minOccurs="0" />
                <xs:element name="MFTV" type="xs:string" minOccurs="0" />
                <xs:element name="PRGP" type="xs:string" minOccurs="0" />
                <xs:element name="ROSN" type="xs:string" minOccurs="0" />
                <xs:element name="SLOV" type="xs:string" minOccurs="0" />
                <xs:element name="SVIZ" type="xs:string" minOccurs="0" />
                <xs:element name="BSP" type="xs:string" minOccurs="0" />
                <xs:element name="MALT" type="xs:string" minOccurs="0" />
                <xs:element name="XAUS" type="xs:string" minOccurs="0" />
                <xs:element name="XFRA" type="xs:string" minOccurs="0" />
              </xs:sequence>
            </xs:complexType>
          </xs:element>
        </xs:choice>
      </xs:complexType>
    </xs:element>
  </xs:schema>
  <Prezzi>
    <Data>20160415</Data>
    <Mercato>MGP</Mercato>
    <Ora>1</Ora>
    <PUN>31,201110</PUN>
    <NAT>32,000000</NAT>
    <CNOR>37,100000</CNOR>
    <CSUD>37,100000</CSUD>
    <NORD>25,000000</NORD>
    <SARD>37,100000</SARD>
    <SICI>38,010000</SICI>
    <SUD>37,100000</SUD>
    <AUST>25,000000</AUST>
    <BRNN>37,100000</BRNN>
    <COAC>37,100000</COAC>
    <CORS>37,100000</CORS>
    <FOGN>37,100000</FOGN>
    <FRAN>25,000000</FRAN>
    <GREC>37,100000</GREC>
    <MFTV>25,000000</MFTV>
    <PRGP>38,010000</PRGP>
    <ROSN>37,100000</ROSN>
    <SLOV>25,000000</SLOV>
    <SVIZ>25,000000</SVIZ>
    <BSP>25,000000</BSP>
    <MALT>38,010000</MALT>
    <XAUS>25,000000</XAUS>
    <XFRA>25,000000</XFRA>
  </Prezzi>
  <Prezzi>
    <Data>20160415</Data>
    <Mercato>MGP</Mercato>
    <Ora>2</Ora>
    <PUN>29,395540</PUN>
    <NAT>28,610000</NAT>
    <CNOR>34,600000</CNOR>
    <CSUD>34,600000</CSUD>
    <NORD>23,940000</NORD>
    <SARD>34,600000</SARD>
    <SICI>36,000000</SICI>
    <SUD>34,600000</SUD>
    <AUST>23,940000</AUST>
    <BRNN>34,600000</BRNN>
    <COAC>34,600000</COAC>
    <CORS>34,600000</CORS>
    <FOGN>34,600000</FOGN>
    <FRAN>23,940000</FRAN>
    <GREC>34,600000</GREC>
    <MFTV>23,940000</MFTV>
    <PRGP>36,000000</PRGP>
    <ROSN>34,600000</ROSN>
    <SLOV>23,940000</SLOV>
    <SVIZ>23,940000</SVIZ>
    <BSP>23,940000</BSP>
    <MALT>36,000000</MALT>
    <XAUS>23,940000</XAUS>
    <XFRA>23,940000</XFRA>
  </Prezzi>
  <Prezzi>
    <Data>20160415</Data>
    <Mercato>MGP</Mercato>
    <Ora>3</Ora>
    <PUN>28,223860</PUN>
    <NAT>25,200000</NAT>
    <CNOR>32,600000</CNOR>
    <CSUD>32,600000</CSUD>
    <NORD>23,480000</NORD>
    <SARD>32,600000</SARD>
    <SICI>36,000000</SICI>
    <SUD>32,600000</SUD>
    <AUST>23,480000</AUST>
    <BRNN>32,600000</BRNN>
    <COAC>32,600000</COAC>
    <CORS>32,600000</CORS>
    <FOGN>32,600000</FOGN>
    <FRAN>23,480000</FRAN>
    <GREC>32,600000</GREC>
    <MFTV>23,480000</MFTV>
    <PRGP>36,000000</PRGP>
    <ROSN>32,600000</ROSN>
    <SLOV>23,480000</SLOV>
    <SVIZ>23,480000</SVIZ>
    <BSP>23,480000</BSP>
    <MALT>36,000000</MALT>
    <XAUS>23,480000</XAUS>
    <XFRA>23,480000</XFRA>
  </Prezzi>
  <Prezzi>
    <Data>20160415</Data>
    <Mercato>MGP</Mercato>
    <Ora>4</Ora>
    <PUN>26,699620</PUN>
    <NAT>25,200000</NAT>
    <CNOR>29,120000</CNOR>
    <CSUD>29,120000</CSUD>
    <NORD>23,480000</NORD>
    <SARD>29,120000</SARD>
    <SICI>36,000000</SICI>
    <SUD>29,120000</SUD>
    <AUST>23,480000</AUST>
    <BRNN>29,120000</BRNN>
    <COAC>29,120000</COAC>
    <CORS>29,120000</CORS>
    <FOGN>29,120000</FOGN>
    <FRAN>23,480000</FRAN>
    <GREC>29,120000</GREC>
    <MFTV>23,480000</MFTV>
    <PRGP>36,000000</PRGP>
    <ROSN>29,120000</ROSN>
    <SLOV>23,480000</SLOV>
    <SVIZ>23,480000</SVIZ>
    <BSP>23,480000</BSP>
    <MALT>36,000000</MALT>
    <XAUS>23,480000</XAUS>
    <XFRA>23,480000</XFRA>
  </Prezzi>
  <Prezzi>
    <Data>20160415</Data>
    <Mercato>MGP</Mercato>
    <Ora>5</Ora>
    <PUN>27,947950</PUN>
    <NAT>26,100000</NAT>
    <CNOR>31,600000</CNOR>
    <CSUD>31,600000</CSUD>
    <NORD>23,940000</NORD>
    <SARD>31,600000</SARD>
    <SICI>36,000000</SICI>
    <SUD>31,600000</SUD>
    <AUST>23,940000</AUST>
    <BRNN>31,600000</BRNN>
    <COAC>31,600000</COAC>
    <CORS>31,600000</CORS>
    <FOGN>31,600000</FOGN>
    <FRAN>23,940000</FRAN>
    <GREC>31,600000</GREC>
    <MFTV>23,940000</MFTV>
    <PRGP>36,000000</PRGP>
    <ROSN>31,600000</ROSN>
    <SLOV>23,940000</SLOV>
    <SVIZ>23,940000</SVIZ>
    <BSP>23,940000</BSP>
    <MALT>36,000000</MALT>
    <XAUS>23,940000</XAUS>
    <XFRA>23,940000</XFRA>
  </Prezzi>
  <Prezzi>
    <Data>20160415</Data>
    <Mercato>MGP</Mercato>
    <Ora>6</Ora>
    <PUN>29,305500</PUN>
    <NAT>29,120000</NAT>
    <CNOR>31,600000</CNOR>
    <CSUD>31,600000</CSUD>
    <NORD>25,990000</NORD>
    <SARD>31,600000</SARD>
    <SICI>41,690000</SICI>
    <SUD>31,600000</SUD>
    <AUST>25,990000</AUST>
    <BRNN>31,600000</BRNN>
    <COAC>31,600000</COAC>
    <CORS>31,600000</CORS>
    <FOGN>31,600000</FOGN>
    <FRAN>25,990000</FRAN>
    <GREC>31,600000</GREC>
    <MFTV>25,990000</MFTV>
    <PRGP>41,690000</PRGP>
    <ROSN>31,600000</ROSN>
    <SLOV>25,990000</SLOV>
    <SVIZ>25,990000</SVIZ>
    <BSP>25,990000</BSP>
    <MALT>41,690000</MALT>
    <XAUS>25,990000</XAUS>
    <XFRA>25,990000</XFRA>
  </Prezzi>
  <Prezzi>
    <Data>20160415</Data>
    <Mercato>MGP</Mercato>
    <Ora>7</Ora>
    <PUN>33,715770</PUN>
    <NAT>34,900000</NAT>
    <CNOR>34,900000</CNOR>
    <CSUD>34,900000</CSUD>
    <NORD>32,000000</NORD>
    <SARD>34,900000</SARD>
    <SICI>41,690000</SICI>
    <SUD>34,900000</SUD>
    <AUST>32,000000</AUST>
    <BRNN>34,900000</BRNN>
    <COAC>34,900000</COAC>
    <CORS>34,900000</CORS>
    <FOGN>34,900000</FOGN>
    <FRAN>32,000000</FRAN>
    <GREC>34,900000</GREC>
    <MFTV>32,000000</MFTV>
    <PRGP>41,690000</PRGP>
    <ROSN>34,900000</ROSN>
    <SLOV>32,000000</SLOV>
    <SVIZ>32,000000</SVIZ>
    <BSP>32,000000</BSP>
    <MALT>41,690000</MALT>
    <XAUS>32,000000</XAUS>
    <XFRA>32,000000</XFRA>
  </Prezzi>
  <Prezzi>
    <Data>20160415</Data>
    <Mercato>MGP</Mercato>
    <Ora>8</Ora>
    <PUN>36,804950</PUN>
    <NAT>38,080000</NAT>
    <CNOR>36,500000</CNOR>
    <CSUD>36,500000</CSUD>
    <NORD>36,500000</NORD>
    <SARD>36,500000</SARD>
    <SICI>42,280000</SICI>
    <SUD>36,500000</SUD>
    <AUST>36,500000</AUST>
    <BRNN>36,500000</BRNN>
    <COAC>36,500000</COAC>
    <CORS>36,500000</CORS>
    <FOGN>36,500000</FOGN>
    <FRAN>36,500000</FRAN>
    <GREC>36,500000</GREC>
    <MFTV>36,500000</MFTV>
    <PRGP>42,280000</PRGP>
    <ROSN>36,500000</ROSN>
    <SLOV>36,500000</SLOV>
    <SVIZ>36,500000</SVIZ>
    <BSP>36,500000</BSP>
    <MALT>42,280000</MALT>
    <XAUS>36,500000</XAUS>
    <XFRA>36,500000</XFRA>
  </Prezzi>
  <Prezzi>
    <Data>20160415</Data>
    <Mercato>MGP</Mercato>
    <Ora>9</Ora>
    <PUN>39,814910</PUN>
    <NAT>41,310000</NAT>
    <CNOR>39,680000</CNOR>
    <CSUD>39,680000</CSUD>
    <NORD>39,680000</NORD>
    <SARD>39,680000</SARD>
    <SICI>42,280000</SICI>
    <SUD>39,680000</SUD>
    <AUST>39,680000</AUST>
    <BRNN>39,680000</BRNN>
    <COAC>39,680000</COAC>
    <CORS>39,680000</CORS>
    <FOGN>39,680000</FOGN>
    <FRAN>39,680000</FRAN>
    <GREC>39,680000</GREC>
    <MFTV>39,680000</MFTV>
    <PRGP>42,280000</PRGP>
    <ROSN>39,680000</ROSN>
    <SLOV>39,680000</SLOV>
    <SVIZ>39,680000</SVIZ>
    <BSP>39,680000</BSP>
    <MALT>42,280000</MALT>
    <XAUS>39,680000</XAUS>
    <XFRA>39,680000</XFRA>
  </Prezzi>
  <Prezzi>
    <Data>20160415</Data>
    <Mercato>MGP</Mercato>
    <Ora>10</Ora>
    <PUN>37,291370</PUN>
    <NAT>37,900000</NAT>
    <CNOR>37,020000</CNOR>
    <CSUD>37,020000</CSUD>
    <NORD>37,020000</NORD>
    <SARD>37,020000</SARD>
    <SICI>42,280000</SICI>
    <SUD>37,020000</SUD>
    <AUST>37,020000</AUST>
    <BRNN>37,020000</BRNN>
    <COAC>37,020000</COAC>
    <CORS>37,020000</CORS>
    <FOGN>37,020000</FOGN>
    <FRAN>37,020000</FRAN>
    <GREC>37,020000</GREC>
    <MFTV>37,020000</MFTV>
    <PRGP>42,280000</PRGP>
    <ROSN>37,020000</ROSN>
    <SLOV>37,020000</SLOV>
    <SVIZ>37,020000</SVIZ>
    <BSP>37,020000</BSP>
    <MALT>42,280000</MALT>
    <XAUS>37,020000</XAUS>
    <XFRA>37,020000</XFRA>
  </Prezzi>
  <Prezzi>
    <Data>20160415</Data>
    <Mercato>MGP</Mercato>
    <Ora>11</Ora>
    <PUN>33,824750</PUN>
    <NAT>32,180000</NAT>
    <CNOR>34,320000</CNOR>
    <CSUD>31,970000</CSUD>
    <NORD>34,320000</NORD>
    <SARD>31,970000</SARD>
    <SICI>36,000000</SICI>
    <SUD>31,970000</SUD>
    <AUST>34,320000</AUST>
    <BRNN>31,970000</BRNN>
    <COAC>31,970000</COAC>
    <CORS>34,320000</CORS>
    <FOGN>31,970000</FOGN>
    <FRAN>34,320000</FRAN>
    <GREC>31,970000</GREC>
    <MFTV>34,320000</MFTV>
    <PRGP>36,000000</PRGP>
    <ROSN>31,970000</ROSN>
    <SLOV>34,320000</SLOV>
    <SVIZ>34,320000</SVIZ>
    <BSP>34,320000</BSP>
    <MALT>36,000000</MALT>
    <XAUS>34,320000</XAUS>
    <XFRA>34,320000</XFRA>
  </Prezzi>
  <Prezzi>
    <Data>20160415</Data>
    <Mercato>MGP</Mercato>
    <Ora>12</Ora>
    <PUN>31,154140</PUN>
    <NAT>30,370000</NAT>
    <CNOR>32,080000</CNOR>
    <CSUD>27,480000</CSUD>
    <NORD>32,080000</NORD>
    <SARD>27,480000</SARD>
    <SICI>36,000000</SICI>
    <SUD>27,480000</SUD>
    <AUST>32,080000</AUST>
    <BRNN>27,480000</BRNN>
    <COAC>27,480000</COAC>
    <CORS>32,080000</CORS>
    <FOGN>27,480000</FOGN>
    <FRAN>32,080000</FRAN>
    <GREC>27,480000</GREC>
    <MFTV>32,080000</MFTV>
    <PRGP>36,000000</PRGP>
    <ROSN>27,480000</ROSN>
    <SLOV>32,080000</SLOV>
    <SVIZ>32,080000</SVIZ>
    <BSP>32,080000</BSP>
    <MALT>36,000000</MALT>
    <XAUS>32,080000</XAUS>
    <XFRA>32,080000</XFRA>
  </Prezzi>
  <Prezzi>
    <Data>20160415</Data>
    <Mercato>MGP</Mercato>
    <Ora>13</Ora>
    <PUN>26,377250</PUN>
    <NAT>26,260000</NAT>
    <CNOR>22,540000</CNOR>
    <CSUD>22,540000</CSUD>
    <NORD>28,280000</NORD>
    <SARD>22,540000</SARD>
    <SICI>30,000000</SICI>
    <SUD>22,540000</SUD>
    <AUST>28,280000</AUST>
    <BRNN>22,540000</BRNN>
    <COAC>22,540000</COAC>
    <CORS>22,540000</CORS>
    <FOGN>22,540000</FOGN>
    <FRAN>28,280000</FRAN>
    <GREC>22,540000</GREC>
    <MFTV>28,280000</MFTV>
    <PRGP>30,000000</PRGP>
    <ROSN>22,540000</ROSN>
    <SLOV>28,280000</SLOV>
    <SVIZ>28,280000</SVIZ>
    <BSP>28,280000</BSP>
    <MALT>30,000000</MALT>
    <XAUS>28,280000</XAUS>
    <XFRA>28,280000</XFRA>
  </Prezzi>
  <Prezzi>
    <Data>20160415</Data>
    <Mercato>MGP</Mercato>
    <Ora>14</Ora>
    <PUN>22,628610</PUN>
    <NAT>22,290000</NAT>
    <CNOR>15,000000</CNOR>
    <CSUD>15,000000</CSUD>
    <NORD>26,800000</NORD>
    <SARD>15,000000</SARD>
    <SICI>20,820000</SICI>
    <SUD>15,000000</SUD>
    <AUST>26,800000</AUST>
    <BRNN>15,000000</BRNN>
    <COAC>15,000000</COAC>
    <CORS>15,000000</CORS>
    <FOGN>15,000000</FOGN>
    <FRAN>26,800000</FRAN>
    <GREC>15,000000</GREC>
    <MFTV>26,800000</MFTV>
    <PRGP>20,820000</PRGP>
    <ROSN>15,000000</ROSN>
    <SLOV>26,800000</SLOV>
    <SVIZ>26,800000</SVIZ>
    <BSP>26,800000</BSP>
    <MALT>20,820000</MALT>
    <XAUS>26,800000</XAUS>
    <XFRA>26,800000</XFRA>
  </Prezzi>
  <Prezzi>
    <Data>20160415</Data>
    <Mercato>MGP</Mercato>
    <Ora>15</Ora>
    <PUN>25,089930</PUN>
    <NAT>25,000000</NAT>
    <CNOR>18,500000</CNOR>
    <CSUD>15,000000</CSUD>
    <NORD>30,170000</NORD>
    <SARD>15,000000</SARD>
    <SICI>20,820000</SICI>
    <SUD>15,000000</SUD>
    <AUST>30,170000</AUST>
    <BRNN>15,000000</BRNN>
    <COAC>15,000000</COAC>
    <CORS>18,500000</CORS>
    <FOGN>15,000000</FOGN>
    <FRAN>30,170000</FRAN>
    <GREC>15,000000</GREC>
    <MFTV>30,170000</MFTV>
    <PRGP>20,820000</PRGP>
    <ROSN>15,000000</ROSN>
    <SLOV>30,170000</SLOV>
    <SVIZ>30,170000</SVIZ>
    <BSP>30,170000</BSP>
    <MALT>20,820000</MALT>
    <XAUS>30,170000</XAUS>
    <XFRA>30,170000</XFRA>
  </Prezzi>
  <Prezzi>
    <Data>20160415</Data>
    <Mercato>MGP</Mercato>
    <Ora>16</Ora>
    <PUN>27,977980</PUN>
    <NAT>26,690000</NAT>
    <CNOR>30,390000</CNOR>
    <CSUD>18,000000</CSUD>
    <NORD>32,000000</NORD>
    <SARD>18,000000</SARD>
    <SICI>20,820000</SICI>
    <SUD>18,000000</SUD>
    <AUST>32,000000</AUST>
    <BRNN>18,000000</BRNN>
    <COAC>18,000000</COAC>
    <CORS>30,390000</CORS>
    <FOGN>18,000000</FOGN>
    <FRAN>32,000000</FRAN>
    <GREC>18,000000</GREC>
    <MFTV>32,000000</MFTV>
    <PRGP>20,820000</PRGP>
    <ROSN>18,000000</ROSN>
    <SLOV>32,000000</SLOV>
    <SVIZ>32,000000</SVIZ>
    <BSP>32,000000</BSP>
    <MALT>20,820000</MALT>
    <XAUS>32,000000</XAUS>
    <XFRA>32,000000</XFRA>
  </Prezzi>
  <Prezzi>
    <Data>20160415</Data>
    <Mercato>MGP</Mercato>
    <Ora>17</Ora>
    <PUN>31,280030</PUN>
    <NAT>30,260000</NAT>
    <CNOR>32,180000</CNOR>
    <CSUD>27,900000</CSUD>
    <NORD>32,180000</NORD>
    <SARD>27,900000</SARD>
    <SICI>36,000000</SICI>
    <SUD>27,900000</SUD>
    <AUST>32,180000</AUST>
    <BRNN>27,900000</BRNN>
    <COAC>27,900000</COAC>
    <CORS>32,180000</CORS>
    <FOGN>27,900000</FOGN>
    <FRAN>32,180000</FRAN>
    <GREC>27,900000</GREC>
    <MFTV>32,180000</MFTV>
    <PRGP>36,000000</PRGP>
    <ROSN>27,900000</ROSN>
    <SLOV>32,180000</SLOV>
    <SVIZ>32,180000</SVIZ>
    <BSP>32,180000</BSP>
    <MALT>36,000000</MALT>
    <XAUS>32,180000</XAUS>
    <XFRA>32,180000</XFRA>
  </Prezzi>
  <Prezzi>
    <Data>20160415</Data>
    <Mercato>MGP</Mercato>
    <Ora>18</Ora>
    <PUN>30,783420</PUN>
    <NAT>30,780000</NAT>
    <CNOR>30,190000</CNOR>
    <CSUD>30,190000</CSUD>
    <NORD>30,190000</NORD>
    <SARD>30,190000</SARD>
    <SICI>41,690000</SICI>
    <SUD>30,190000</SUD>
    <AUST>30,190000</AUST>
    <BRNN>30,190000</BRNN>
    <COAC>30,190000</COAC>
    <CORS>30,190000</CORS>
    <FOGN>30,190000</FOGN>
    <FRAN>30,190000</FRAN>
    <GREC>30,190000</GREC>
    <MFTV>30,190000</MFTV>
    <PRGP>41,690000</PRGP>
    <ROSN>30,190000</ROSN>
    <SLOV>30,190000</SLOV>
    <SVIZ>30,190000</SVIZ>
    <BSP>30,190000</BSP>
    <MALT>41,690000</MALT>
    <XAUS>30,190000</XAUS>
    <XFRA>30,190000</XFRA>
  </Prezzi>
  <Prezzi>
    <Data>20160415</Data>
    <Mercato>MGP</Mercato>
    <Ora>19</Ora>
    <PUN>32,240000</PUN>
    <NAT>34,340000</NAT>
    <CNOR>31,655910</CNOR>
    <CSUD>31,655910</CSUD>
    <NORD>31,655910</NORD>
    <SARD>31,655910</SARD>
    <SICI>42,280000</SICI>
    <SUD>31,655910</SUD>
    <AUST>31,655910</AUST>
    <BRNN>31,655910</BRNN>
    <COAC>31,655910</COAC>
    <CORS>31,655910</CORS>
    <FOGN>31,655910</FOGN>
    <FRAN>31,655910</FRAN>
    <GREC>31,655910</GREC>
    <MFTV>31,655910</MFTV>
    <PRGP>42,280000</PRGP>
    <ROSN>31,655910</ROSN>
    <SLOV>31,655910</SLOV>
    <SVIZ>31,655910</SVIZ>
    <BSP>31,655910</BSP>
    <MALT>42,280000</MALT>
    <XAUS>31,655910</XAUS>
    <XFRA>31,655910</XFRA>
  </Prezzi>
  <Prezzi>
    <Data>20160415</Data>
    <Mercato>MGP</Mercato>
    <Ora>20</Ora>
    <PUN>37,162020</PUN>
    <NAT>38,100000</NAT>
    <CNOR>37,900000</CNOR>
    <CSUD>37,900000</CSUD>
    <NORD>35,010000</NORD>
    <SARD>37,900000</SARD>
    <SICI>49,120000</SICI>
    <SUD>37,900000</SUD>
    <AUST>35,010000</AUST>
    <BRNN>37,900000</BRNN>
    <COAC>37,900000</COAC>
    <CORS>37,900000</CORS>
    <FOGN>37,900000</FOGN>
    <FRAN>35,010000</FRAN>
    <GREC>37,900000</GREC>
    <MFTV>35,010000</MFTV>
    <PRGP>49,120000</PRGP>
    <ROSN>37,900000</ROSN>
    <SLOV>35,010000</SLOV>
    <SVIZ>35,010000</SVIZ>
    <BSP>35,010000</BSP>
    <MALT>49,120000</MALT>
    <XAUS>35,010000</XAUS>
    <XFRA>35,010000</XFRA>
  </Prezzi>
  <Prezzi>
    <Data>20160415</Data>
    <Mercato>MGP</Mercato>
    <Ora>21</Ora>
    <PUN>41,766360</PUN>
    <NAT>42,280000</NAT>
    <CNOR>44,500000</CNOR>
    <CSUD>44,500000</CSUD>
    <NORD>38,050000</NORD>
    <SARD>44,500000</SARD>
    <SICI>50,520000</SICI>
    <SUD>44,500000</SUD>
    <AUST>38,050000</AUST>
    <BRNN>44,500000</BRNN>
    <COAC>44,500000</COAC>
    <CORS>44,500000</CORS>
    <FOGN>44,500000</FOGN>
    <FRAN>38,050000</FRAN>
    <GREC>44,500000</GREC>
    <MFTV>38,050000</MFTV>
    <PRGP>50,520000</PRGP>
    <ROSN>44,500000</ROSN>
    <SLOV>38,050000</SLOV>
    <SVIZ>38,050000</SVIZ>
    <BSP>38,050000</BSP>
    <MALT>50,520000</MALT>
    <XAUS>38,050000</XAUS>
    <XFRA>38,050000</XFRA>
  </Prezzi>
  <Prezzi>
    <Data>20160415</Data>
    <Mercato>MGP</Mercato>
    <Ora>22</Ora>
    <PUN>36,350090</PUN>
    <NAT>36,100000</NAT>
    <CNOR>35,900000</CNOR>
    <CSUD>35,900000</CSUD>
    <NORD>35,000000</NORD>
    <SARD>35,900000</SARD>
    <SICI>49,120000</SICI>
    <SUD>35,900000</SUD>
    <AUST>35,000000</AUST>
    <BRNN>35,900000</BRNN>
    <COAC>35,900000</COAC>
    <CORS>35,900000</CORS>
    <FOGN>35,900000</FOGN>
    <FRAN>35,000000</FRAN>
    <GREC>35,900000</GREC>
    <MFTV>35,000000</MFTV>
    <PRGP>49,120000</PRGP>
    <ROSN>35,900000</ROSN>
    <SLOV>35,000000</SLOV>
    <SVIZ>35,000000</SVIZ>
    <BSP>35,000000</BSP>
    <MALT>49,120000</MALT>
    <XAUS>35,000000</XAUS>
    <XFRA>35,000000</XFRA>
  </Prezzi>
  <Prezzi>
    <Data>20160415</Data>
    <Mercato>MGP</Mercato>
    <Ora>23</Ora>
    <PUN>32,804310</PUN>
    <NAT>34,800000</NAT>
    <CNOR>34,900000</CNOR>
    <CSUD>34,900000</CSUD>
    <NORD>29,500000</NORD>
    <SARD>34,900000</SARD>
    <SICI>42,280000</SICI>
    <SUD>34,900000</SUD>
    <AUST>29,500000</AUST>
    <BRNN>34,900000</BRNN>
    <COAC>34,900000</COAC>
    <CORS>34,900000</CORS>
    <FOGN>34,900000</FOGN>
    <FRAN>29,500000</FRAN>
    <GREC>34,900000</GREC>
    <MFTV>29,500000</MFTV>
    <PRGP>42,280000</PRGP>
    <ROSN>34,900000</ROSN>
    <SLOV>29,500000</SLOV>
    <SVIZ>29,500000</SVIZ>
    <BSP>29,500000</BSP>
    <MALT>42,280000</MALT>
    <XAUS>29,500000</XAUS>
    <XFRA>29,500000</XFRA>
  </Prezzi>
  <Prezzi>
    <Data>20160415</Data>
    <Mercato>MGP</Mercato>
    <Ora>24</Ora>
    <PUN>28,257000</PUN>
    <NAT>29,610000</NAT>
    <CNOR>27,500000</CNOR>
    <CSUD>27,500000</CSUD>
    <NORD>27,200000</NORD>
    <SARD>27,500000</SARD>
    <SICI>41,690000</SICI>
    <SUD>27,500000</SUD>
    <AUST>27,200000</AUST>
    <BRNN>27,500000</BRNN>
    <COAC>27,500000</COAC>
    <CORS>27,500000</CORS>
    <FOGN>27,500000</FOGN>
    <FRAN>27,200000</FRAN>
    <GREC>27,500000</GREC>
    <MFTV>27,200000</MFTV>
    <PRGP>41,690000</PRGP>
    <ROSN>27,500000</ROSN>
    <SLOV>27,200000</SLOV>
    <SVIZ>27,200000</SVIZ>
    <BSP>27,200000</BSP>
    <MALT>41,690000</MALT>
    <XAUS>27,200000</XAUS>
    <XFRA>27,200000</XFRA>
  </Prezzi>
</NewDataSet>