<?xml version="1.0" standalone="yes"?>
<NewDataSet>
  <xs:schema id="NewDataSet" xmlns="" xmlns:xs="http://www.w3.org/2001/XMLSchema" xmlns:msdata="urn:schemas-microsoft-com:xml-msdata">
    <xs:element name="NewDataSet" msdata:IsDataSet="true" msdata:UseCurrentLocale="true">
      <xs:complexType>
        <xs:choice minOccurs="0" maxOccurs="unbounded">
          <xs:element name="Prezzi">
            <xs:complexType>
              <xs:sequence>
                <xs:element name="Data" type="xs:string" minOccurs="0" />
                <xs:element name="Mercato" type="xs:string" minOccurs="0" />
                <xs:element name="Ora" type="xs:string" minOccurs="0" />
                <xs:element name="PUN" type="xs:string" minOccurs="0" />
                <xs:element name="NAT" type="xs:string" minOccurs="0" />
                <xs:element name="CNOR" type="xs:string" minOccurs="0" />
                <xs:element name="CSUD" type="xs:string" minOccurs="0" />
                <xs:element name="NORD" type="xs:string" minOccurs="0" />
                <xs:element name="SARD" type="xs:string" minOccurs="0" />
                <xs:element name="SICI" type="xs:string" minOccurs="0" />
                <xs:element name="SUD" type="xs:string" minOccurs="0" />
                <xs:element name="AUST" type="xs:string" minOccurs="0" />
                <xs:element name="BRNN" type="xs:string" minOccurs="0" />
                <xs:element name="COAC" type="xs:string" minOccurs="0" />
                <xs:element name="CORS" type="xs:string" minOccurs="0" />
                <xs:element name="FOGN" type="xs:string" minOccurs="0" />
                <xs:element name="FRAN" type="xs:string" minOccurs="0" />
                <xs:element name="GREC" type="xs:string" minOccurs="0" />
                <xs:element name="MFTV" type="xs:string" minOccurs="0" />
                <xs:element name="PRGP" type="xs:string" minOccurs="0" />
                <xs:element name="ROSN" type="xs:string" minOccurs="0" />
                <xs:element name="SLOV" type="xs:string" minOccurs="0" />
                <xs:element name="SVIZ" type="xs:string" minOccurs="0" />
                <xs:element name="BSP" type="xs:string" minOccurs="0" />
                <xs:element name="MALT" type="xs:string" minOccurs="0" />
                <xs:element name="XAUS" type="xs:string" minOccurs="0" />
                <xs:element name="XFRA" type="xs:string" minOccurs="0" />
              </xs:sequence>
            </xs:complexType>
          </xs:element>
        </xs:choice>
      </xs:complexType>
    </xs:element>
  </xs:schema>
  <Prezzi>
    <Data>20160422</Data>
    <Mercato>MGP</Mercato>
    <Ora>1</Ora>
    <PUN>33,040400</PUN>
    <NAT>32,520000</NAT>
    <CNOR>40,000000</CNOR>
    <CSUD>40,000000</CSUD>
    <NORD>25,000000</NORD>
    <SARD>40,000000</SARD>
    <SICI>41,780000</SICI>
    <SUD>40,000000</SUD>
    <AUST>25,000000</AUST>
    <BRNN>40,000000</BRNN>
    <COAC>40,000000</COAC>
    <CORS>40,000000</CORS>
    <FOGN>40,000000</FOGN>
    <FRAN>25,000000</FRAN>
    <GREC>40,000000</GREC>
    <MFTV>25,000000</MFTV>
    <PRGP>41,780000</PRGP>
    <ROSN>40,000000</ROSN>
    <SLOV>25,000000</SLOV>
    <SVIZ>25,000000</SVIZ>
    <BSP>25,000000</BSP>
    <MALT>41,780000</MALT>
    <XAUS>25,000000</XAUS>
    <XFRA>25,000000</XFRA>
  </Prezzi>
  <Prezzi>
    <Data>20160422</Data>
    <Mercato>MGP</Mercato>
    <Ora>2</Ora>
    <PUN>29,147100</PUN>
    <NAT>31,500000</NAT>
    <CNOR>33,500000</CNOR>
    <CSUD>33,500000</CSUD>
    <NORD>23,490000</NORD>
    <SARD>33,500000</SARD>
    <SICI>41,780000</SICI>
    <SUD>33,500000</SUD>
    <AUST>23,490000</AUST>
    <BRNN>33,500000</BRNN>
    <COAC>33,500000</COAC>
    <CORS>33,500000</CORS>
    <FOGN>33,500000</FOGN>
    <FRAN>23,490000</FRAN>
    <GREC>33,500000</GREC>
    <MFTV>23,490000</MFTV>
    <PRGP>41,780000</PRGP>
    <ROSN>33,500000</ROSN>
    <SLOV>23,490000</SLOV>
    <SVIZ>23,490000</SVIZ>
    <BSP>23,490000</BSP>
    <MALT>41,780000</MALT>
    <XAUS>23,490000</XAUS>
    <XFRA>23,490000</XFRA>
  </Prezzi>
  <Prezzi>
    <Data>20160422</Data>
    <Mercato>MGP</Mercato>
    <Ora>3</Ora>
    <PUN>27,744270</PUN>
    <NAT>26,400000</NAT>
    <CNOR>31,840000</CNOR>
    <CSUD>31,840000</CSUD>
    <NORD>22,290000</NORD>
    <SARD>31,840000</SARD>
    <SICI>41,780000</SICI>
    <SUD>31,840000</SUD>
    <AUST>22,290000</AUST>
    <BRNN>31,840000</BRNN>
    <COAC>31,840000</COAC>
    <CORS>31,840000</CORS>
    <FOGN>31,840000</FOGN>
    <FRAN>22,290000</FRAN>
    <GREC>31,840000</GREC>
    <MFTV>22,290000</MFTV>
    <PRGP>41,780000</PRGP>
    <ROSN>31,840000</ROSN>
    <SLOV>22,290000</SLOV>
    <SVIZ>22,290000</SVIZ>
    <BSP>22,290000</BSP>
    <MALT>41,780000</MALT>
    <XAUS>22,290000</XAUS>
    <XFRA>22,290000</XFRA>
  </Prezzi>
  <Prezzi>
    <Data>20160422</Data>
    <Mercato>MGP</Mercato>
    <Ora>4</Ora>
    <PUN>26,000000</PUN>
    <NAT>26,010000</NAT>
    <CNOR>27,805500</CNOR>
    <CSUD>27,805500</CSUD>
    <NORD>22,500000</NORD>
    <SARD>27,805500</SARD>
    <SICI>41,780000</SICI>
    <SUD>27,805500</SUD>
    <AUST>22,500000</AUST>
    <BRNN>27,805500</BRNN>
    <COAC>27,805500</COAC>
    <CORS>27,805500</CORS>
    <FOGN>27,805500</FOGN>
    <FRAN>22,500000</FRAN>
    <GREC>27,805500</GREC>
    <MFTV>22,500000</MFTV>
    <PRGP>41,780000</PRGP>
    <ROSN>27,805500</ROSN>
    <SLOV>22,500000</SLOV>
    <SVIZ>22,500000</SVIZ>
    <BSP>22,500000</BSP>
    <MALT>41,780000</MALT>
    <XAUS>22,500000</XAUS>
    <XFRA>22,500000</XFRA>
  </Prezzi>
  <Prezzi>
    <Data>20160422</Data>
    <Mercato>MGP</Mercato>
    <Ora>5</Ora>
    <PUN>25,782050</PUN>
    <NAT>25,730000</NAT>
    <CNOR>27,390000</CNOR>
    <CSUD>27,390000</CSUD>
    <NORD>22,500000</NORD>
    <SARD>27,390000</SARD>
    <SICI>41,780000</SICI>
    <SUD>27,390000</SUD>
    <AUST>22,500000</AUST>
    <BRNN>27,390000</BRNN>
    <COAC>27,390000</COAC>
    <CORS>27,390000</CORS>
    <FOGN>27,390000</FOGN>
    <FRAN>22,500000</FRAN>
    <GREC>27,390000</GREC>
    <MFTV>22,500000</MFTV>
    <PRGP>41,780000</PRGP>
    <ROSN>27,390000</ROSN>
    <SLOV>22,500000</SLOV>
    <SVIZ>22,500000</SVIZ>
    <BSP>22,500000</BSP>
    <MALT>41,780000</MALT>
    <XAUS>22,500000</XAUS>
    <XFRA>22,500000</XFRA>
  </Prezzi>
  <Prezzi>
    <Data>20160422</Data>
    <Mercato>MGP</Mercato>
    <Ora>6</Ora>
    <PUN>29,279420</PUN>
    <NAT>30,190000</NAT>
    <CNOR>32,520000</CNOR>
    <CSUD>32,520000</CSUD>
    <NORD>25,000000</NORD>
    <SARD>32,520000</SARD>
    <SICI>41,780000</SICI>
    <SUD>32,520000</SUD>
    <AUST>25,000000</AUST>
    <BRNN>32,520000</BRNN>
    <COAC>32,520000</COAC>
    <CORS>32,520000</CORS>
    <FOGN>32,520000</FOGN>
    <FRAN>25,000000</FRAN>
    <GREC>32,520000</GREC>
    <MFTV>25,000000</MFTV>
    <PRGP>41,780000</PRGP>
    <ROSN>32,520000</ROSN>
    <SLOV>25,000000</SLOV>
    <SVIZ>25,000000</SVIZ>
    <BSP>25,000000</BSP>
    <MALT>41,780000</MALT>
    <XAUS>25,000000</XAUS>
    <XFRA>25,000000</XFRA>
  </Prezzi>
  <Prezzi>
    <Data>20160422</Data>
    <Mercato>MGP</Mercato>
    <Ora>7</Ora>
    <PUN>31,593400</PUN>
    <NAT>32,000000</NAT>
    <CNOR>32,520000</CNOR>
    <CSUD>32,520000</CSUD>
    <NORD>29,810000</NORD>
    <SARD>32,520000</SARD>
    <SICI>41,780000</SICI>
    <SUD>32,520000</SUD>
    <AUST>29,810000</AUST>
    <BRNN>32,520000</BRNN>
    <COAC>32,520000</COAC>
    <CORS>32,520000</CORS>
    <FOGN>32,520000</FOGN>
    <FRAN>29,810000</FRAN>
    <GREC>32,520000</GREC>
    <MFTV>29,810000</MFTV>
    <PRGP>41,780000</PRGP>
    <ROSN>32,520000</ROSN>
    <SLOV>29,810000</SLOV>
    <SVIZ>29,810000</SVIZ>
    <BSP>29,810000</BSP>
    <MALT>41,780000</MALT>
    <XAUS>29,810000</XAUS>
    <XFRA>29,810000</XFRA>
  </Prezzi>
  <Prezzi>
    <Data>20160422</Data>
    <Mercato>MGP</Mercato>
    <Ora>8</Ora>
    <PUN>33,994310</PUN>
    <NAT>37,430000</NAT>
    <CNOR>33,500000</CNOR>
    <CSUD>33,500000</CSUD>
    <NORD>33,500000</NORD>
    <SARD>33,500000</SARD>
    <SICI>42,280000</SICI>
    <SUD>33,500000</SUD>
    <AUST>33,500000</AUST>
    <BRNN>33,500000</BRNN>
    <COAC>33,500000</COAC>
    <CORS>33,500000</CORS>
    <FOGN>33,500000</FOGN>
    <FRAN>33,500000</FRAN>
    <GREC>33,500000</GREC>
    <MFTV>33,500000</MFTV>
    <PRGP>42,280000</PRGP>
    <ROSN>33,500000</ROSN>
    <SLOV>33,500000</SLOV>
    <SVIZ>33,500000</SVIZ>
    <BSP>33,500000</BSP>
    <MALT>42,280000</MALT>
    <XAUS>33,500000</XAUS>
    <XFRA>33,500000</XFRA>
  </Prezzi>
  <Prezzi>
    <Data>20160422</Data>
    <Mercato>MGP</Mercato>
    <Ora>9</Ora>
    <PUN>40,124310</PUN>
    <NAT>41,780000</NAT>
    <CNOR>40,000000</CNOR>
    <CSUD>40,000000</CSUD>
    <NORD>40,000000</NORD>
    <SARD>40,000000</SARD>
    <SICI>42,280000</SICI>
    <SUD>40,000000</SUD>
    <AUST>40,000000</AUST>
    <BRNN>40,000000</BRNN>
    <COAC>40,000000</COAC>
    <CORS>40,000000</CORS>
    <FOGN>40,000000</FOGN>
    <FRAN>40,000000</FRAN>
    <GREC>40,000000</GREC>
    <MFTV>40,000000</MFTV>
    <PRGP>42,280000</PRGP>
    <ROSN>40,000000</ROSN>
    <SLOV>40,000000</SLOV>
    <SVIZ>40,000000</SVIZ>
    <BSP>40,000000</BSP>
    <MALT>42,280000</MALT>
    <XAUS>40,000000</XAUS>
    <XFRA>40,000000</XFRA>
  </Prezzi>
  <Prezzi>
    <Data>20160422</Data>
    <Mercato>MGP</Mercato>
    <Ora>10</Ora>
    <PUN>39,410000</PUN>
    <NAT>41,690000</NAT>
    <CNOR>39,256590</CNOR>
    <CSUD>39,256590</CSUD>
    <NORD>39,256590</NORD>
    <SARD>39,256590</SARD>
    <SICI>42,280000</SICI>
    <SUD>39,256590</SUD>
    <AUST>39,256590</AUST>
    <BRNN>39,256590</BRNN>
    <COAC>39,256590</COAC>
    <CORS>39,256590</CORS>
    <FOGN>39,256590</FOGN>
    <FRAN>39,256590</FRAN>
    <GREC>39,256590</GREC>
    <MFTV>39,256590</MFTV>
    <PRGP>42,280000</PRGP>
    <ROSN>39,256590</ROSN>
    <SLOV>39,256590</SLOV>
    <SVIZ>39,256590</SVIZ>
    <BSP>39,256590</BSP>
    <MALT>42,280000</MALT>
    <XAUS>39,256590</XAUS>
    <XFRA>39,256590</XFRA>
  </Prezzi>
  <Prezzi>
    <Data>20160422</Data>
    <Mercato>MGP</Mercato>
    <Ora>11</Ora>
    <PUN>34,138420</PUN>
    <NAT>35,510000</NAT>
    <CNOR>33,750000</CNOR>
    <CSUD>33,750000</CSUD>
    <NORD>33,750000</NORD>
    <SARD>33,750000</SARD>
    <SICI>41,780000</SICI>
    <SUD>33,750000</SUD>
    <AUST>33,750000</AUST>
    <BRNN>33,750000</BRNN>
    <COAC>33,750000</COAC>
    <CORS>33,750000</CORS>
    <FOGN>33,750000</FOGN>
    <FRAN>33,750000</FRAN>
    <GREC>33,750000</GREC>
    <MFTV>33,750000</MFTV>
    <PRGP>41,780000</PRGP>
    <ROSN>33,750000</ROSN>
    <SLOV>33,750000</SLOV>
    <SVIZ>33,750000</SVIZ>
    <BSP>33,750000</BSP>
    <MALT>41,780000</MALT>
    <XAUS>33,750000</XAUS>
    <XFRA>33,750000</XFRA>
  </Prezzi>
  <Prezzi>
    <Data>20160422</Data>
    <Mercato>MGP</Mercato>
    <Ora>12</Ora>
    <PUN>32,291320</PUN>
    <NAT>32,520000</NAT>
    <CNOR>31,780000</CNOR>
    <CSUD>31,780000</CSUD>
    <NORD>31,780000</NORD>
    <SARD>31,780000</SARD>
    <SICI>41,780000</SICI>
    <SUD>31,780000</SUD>
    <AUST>31,780000</AUST>
    <BRNN>31,780000</BRNN>
    <COAC>31,780000</COAC>
    <CORS>31,780000</CORS>
    <FOGN>31,780000</FOGN>
    <FRAN>31,780000</FRAN>
    <GREC>31,780000</GREC>
    <MFTV>31,780000</MFTV>
    <PRGP>41,780000</PRGP>
    <ROSN>31,780000</ROSN>
    <SLOV>31,780000</SLOV>
    <SVIZ>31,780000</SVIZ>
    <BSP>31,780000</BSP>
    <MALT>41,780000</MALT>
    <XAUS>31,780000</XAUS>
    <XFRA>31,780000</XFRA>
  </Prezzi>
  <Prezzi>
    <Data>20160422</Data>
    <Mercato>MGP</Mercato>
    <Ora>13</Ora>
    <PUN>29,190280</PUN>
    <NAT>30,090000</NAT>
    <CNOR>28,500000</CNOR>
    <CSUD>28,500000</CSUD>
    <NORD>28,500000</NORD>
    <SARD>28,500000</SARD>
    <SICI>41,690000</SICI>
    <SUD>28,500000</SUD>
    <AUST>28,500000</AUST>
    <BRNN>28,500000</BRNN>
    <COAC>28,500000</COAC>
    <CORS>28,500000</CORS>
    <FOGN>28,500000</FOGN>
    <FRAN>28,500000</FRAN>
    <GREC>28,500000</GREC>
    <MFTV>28,500000</MFTV>
    <PRGP>41,690000</PRGP>
    <ROSN>28,500000</ROSN>
    <SLOV>28,500000</SLOV>
    <SVIZ>28,500000</SVIZ>
    <BSP>28,500000</BSP>
    <MALT>41,690000</MALT>
    <XAUS>28,500000</XAUS>
    <XFRA>28,500000</XFRA>
  </Prezzi>
  <Prezzi>
    <Data>20160422</Data>
    <Mercato>MGP</Mercato>
    <Ora>14</Ora>
    <PUN>27,622180</PUN>
    <NAT>27,990000</NAT>
    <CNOR>26,900000</CNOR>
    <CSUD>26,900000</CSUD>
    <NORD>26,900000</NORD>
    <SARD>26,900000</SARD>
    <SICI>41,690000</SICI>
    <SUD>26,900000</SUD>
    <AUST>26,900000</AUST>
    <BRNN>26,900000</BRNN>
    <COAC>26,900000</COAC>
    <CORS>26,900000</CORS>
    <FOGN>26,900000</FOGN>
    <FRAN>26,900000</FRAN>
    <GREC>26,900000</GREC>
    <MFTV>26,900000</MFTV>
    <PRGP>41,690000</PRGP>
    <ROSN>26,900000</ROSN>
    <SLOV>26,900000</SLOV>
    <SVIZ>26,900000</SVIZ>
    <BSP>26,900000</BSP>
    <MALT>41,690000</MALT>
    <XAUS>26,900000</XAUS>
    <XFRA>26,900000</XFRA>
  </Prezzi>
  <Prezzi>
    <Data>20160422</Data>
    <Mercato>MGP</Mercato>
    <Ora>15</Ora>
    <PUN>30,652230</PUN>
    <NAT>30,180000</NAT>
    <CNOR>30,110000</CNOR>
    <CSUD>30,110000</CSUD>
    <NORD>30,110000</NORD>
    <SARD>30,110000</SARD>
    <SICI>41,690000</SICI>
    <SUD>30,110000</SUD>
    <AUST>30,110000</AUST>
    <BRNN>30,110000</BRNN>
    <COAC>30,110000</COAC>
    <CORS>30,110000</CORS>
    <FOGN>30,110000</FOGN>
    <FRAN>30,110000</FRAN>
    <GREC>30,110000</GREC>
    <MFTV>30,110000</MFTV>
    <PRGP>41,690000</PRGP>
    <ROSN>30,110000</ROSN>
    <SLOV>30,110000</SLOV>
    <SVIZ>30,110000</SVIZ>
    <BSP>30,110000</BSP>
    <MALT>41,690000</MALT>
    <XAUS>30,110000</XAUS>
    <XFRA>30,110000</XFRA>
  </Prezzi>
  <Prezzi>
    <Data>20160422</Data>
    <Mercato>MGP</Mercato>
    <Ora>16</Ora>
    <PUN>30,495880</PUN>
    <NAT>30,130000</NAT>
    <CNOR>29,930000</CNOR>
    <CSUD>29,930000</CSUD>
    <NORD>29,930000</NORD>
    <SARD>29,930000</SARD>
    <SICI>41,690000</SICI>
    <SUD>29,930000</SUD>
    <AUST>29,930000</AUST>
    <BRNN>29,930000</BRNN>
    <COAC>29,930000</COAC>
    <CORS>29,930000</CORS>
    <FOGN>29,930000</FOGN>
    <FRAN>29,930000</FRAN>
    <GREC>29,930000</GREC>
    <MFTV>29,930000</MFTV>
    <PRGP>41,690000</PRGP>
    <ROSN>29,930000</ROSN>
    <SLOV>29,930000</SLOV>
    <SVIZ>29,930000</SVIZ>
    <BSP>29,930000</BSP>
    <MALT>41,690000</MALT>
    <XAUS>29,930000</XAUS>
    <XFRA>29,930000</XFRA>
  </Prezzi>
  <Prezzi>
    <Data>20160422</Data>
    <Mercato>MGP</Mercato>
    <Ora>17</Ora>
    <PUN>32,300000</PUN>
    <NAT>32,520000</NAT>
    <CNOR>31,813620</CNOR>
    <CSUD>31,813620</CSUD>
    <NORD>31,813620</NORD>
    <SARD>31,813620</SARD>
    <SICI>41,690000</SICI>
    <SUD>31,813620</SUD>
    <AUST>31,813620</AUST>
    <BRNN>31,813620</BRNN>
    <COAC>31,813620</COAC>
    <CORS>31,813620</CORS>
    <FOGN>31,813620</FOGN>
    <FRAN>31,813620</FRAN>
    <GREC>31,813620</GREC>
    <MFTV>31,813620</MFTV>
    <PRGP>41,690000</PRGP>
    <ROSN>31,813620</ROSN>
    <SLOV>31,813620</SLOV>
    <SVIZ>31,813620</SVIZ>
    <BSP>31,813620</BSP>
    <MALT>41,690000</MALT>
    <XAUS>31,813620</XAUS>
    <XFRA>31,813620</XFRA>
  </Prezzi>
  <Prezzi>
    <Data>20160422</Data>
    <Mercato>MGP</Mercato>
    <Ora>18</Ora>
    <PUN>30,367460</PUN>
    <NAT>31,500000</NAT>
    <CNOR>29,710000</CNOR>
    <CSUD>29,710000</CSUD>
    <NORD>29,710000</NORD>
    <SARD>29,710000</SARD>
    <SICI>41,780000</SICI>
    <SUD>29,710000</SUD>
    <AUST>29,710000</AUST>
    <BRNN>29,710000</BRNN>
    <COAC>29,710000</COAC>
    <CORS>29,710000</CORS>
    <FOGN>29,710000</FOGN>
    <FRAN>29,710000</FRAN>
    <GREC>29,710000</GREC>
    <MFTV>29,710000</MFTV>
    <PRGP>41,780000</PRGP>
    <ROSN>29,710000</ROSN>
    <SLOV>29,710000</SLOV>
    <SVIZ>29,710000</SVIZ>
    <BSP>29,710000</BSP>
    <MALT>41,780000</MALT>
    <XAUS>29,710000</XAUS>
    <XFRA>29,710000</XFRA>
  </Prezzi>
  <Prezzi>
    <Data>20160422</Data>
    <Mercato>MGP</Mercato>
    <Ora>19</Ora>
    <PUN>31,730000</PUN>
    <NAT>32,520000</NAT>
    <CNOR>31,090800</CNOR>
    <CSUD>31,090800</CSUD>
    <NORD>31,090800</NORD>
    <SARD>31,090800</SARD>
    <SICI>42,280000</SICI>
    <SUD>31,090800</SUD>
    <AUST>31,090800</AUST>
    <BRNN>31,090800</BRNN>
    <COAC>31,090800</COAC>
    <CORS>31,090800</CORS>
    <FOGN>31,090800</FOGN>
    <FRAN>31,090800</FRAN>
    <GREC>31,090800</GREC>
    <MFTV>31,090800</MFTV>
    <PRGP>42,280000</PRGP>
    <ROSN>31,090800</ROSN>
    <SLOV>31,090800</SLOV>
    <SVIZ>31,090800</SVIZ>
    <BSP>31,090800</BSP>
    <MALT>42,280000</MALT>
    <XAUS>31,090800</XAUS>
    <XFRA>31,090800</XFRA>
  </Prezzi>
  <Prezzi>
    <Data>20160422</Data>
    <Mercato>MGP</Mercato>
    <Ora>20</Ora>
    <PUN>33,829030</PUN>
    <NAT>36,000000</NAT>
    <CNOR>34,690000</CNOR>
    <CSUD>34,690000</CSUD>
    <NORD>32,000000</NORD>
    <SARD>34,690000</SARD>
    <SICI>42,280000</SICI>
    <SUD>34,690000</SUD>
    <AUST>32,000000</AUST>
    <BRNN>34,690000</BRNN>
    <COAC>34,690000</COAC>
    <CORS>34,690000</CORS>
    <FOGN>34,690000</FOGN>
    <FRAN>32,000000</FRAN>
    <GREC>34,690000</GREC>
    <MFTV>32,000000</MFTV>
    <PRGP>42,280000</PRGP>
    <ROSN>34,690000</ROSN>
    <SLOV>32,000000</SLOV>
    <SVIZ>32,000000</SVIZ>
    <BSP>32,000000</BSP>
    <MALT>42,280000</MALT>
    <XAUS>32,000000</XAUS>
    <XFRA>32,000000</XFRA>
  </Prezzi>
  <Prezzi>
    <Data>20160422</Data>
    <Mercato>MGP</Mercato>
    <Ora>21</Ora>
    <PUN>39,400680</PUN>
    <NAT>41,050000</NAT>
    <CNOR>41,000000</CNOR>
    <CSUD>41,000000</CSUD>
    <NORD>34,970000</NORD>
    <SARD>41,000000</SARD>
    <SICI>57,950000</SICI>
    <SUD>41,000000</SUD>
    <AUST>34,970000</AUST>
    <BRNN>41,000000</BRNN>
    <COAC>41,000000</COAC>
    <CORS>41,000000</CORS>
    <FOGN>41,000000</FOGN>
    <FRAN>34,970000</FRAN>
    <GREC>41,000000</GREC>
    <MFTV>34,970000</MFTV>
    <PRGP>57,950000</PRGP>
    <ROSN>41,000000</ROSN>
    <SLOV>34,970000</SLOV>
    <SVIZ>34,970000</SVIZ>
    <BSP>34,970000</BSP>
    <MALT>57,950000</MALT>
    <XAUS>34,970000</XAUS>
    <XFRA>34,970000</XFRA>
  </Prezzi>
  <Prezzi>
    <Data>20160422</Data>
    <Mercato>MGP</Mercato>
    <Ora>22</Ora>
    <PUN>35,035170</PUN>
    <NAT>36,000000</NAT>
    <CNOR>34,790000</CNOR>
    <CSUD>34,790000</CSUD>
    <NORD>32,000000</NORD>
    <SARD>34,790000</SARD>
    <SICI>56,350000</SICI>
    <SUD>34,790000</SUD>
    <AUST>32,000000</AUST>
    <BRNN>34,790000</BRNN>
    <COAC>34,790000</COAC>
    <CORS>34,790000</CORS>
    <FOGN>34,790000</FOGN>
    <FRAN>32,000000</FRAN>
    <GREC>34,790000</GREC>
    <MFTV>32,000000</MFTV>
    <PRGP>56,350000</PRGP>
    <ROSN>34,790000</ROSN>
    <SLOV>32,000000</SLOV>
    <SVIZ>32,000000</SVIZ>
    <BSP>32,000000</BSP>
    <MALT>56,350000</MALT>
    <XAUS>32,000000</XAUS>
    <XFRA>32,000000</XFRA>
  </Prezzi>
  <Prezzi>
    <Data>20160422</Data>
    <Mercato>MGP</Mercato>
    <Ora>23</Ora>
    <PUN>33,276030</PUN>
    <NAT>33,500000</NAT>
    <CNOR>33,500000</CNOR>
    <CSUD>33,500000</CSUD>
    <NORD>29,410000</NORD>
    <SARD>33,500000</SARD>
    <SICI>56,350000</SICI>
    <SUD>33,500000</SUD>
    <AUST>29,410000</AUST>
    <BRNN>33,500000</BRNN>
    <COAC>33,500000</COAC>
    <CORS>33,500000</CORS>
    <FOGN>33,500000</FOGN>
    <FRAN>29,410000</FRAN>
    <GREC>33,500000</GREC>
    <MFTV>29,410000</MFTV>
    <PRGP>56,350000</PRGP>
    <ROSN>33,500000</ROSN>
    <SLOV>29,410000</SLOV>
    <SVIZ>29,410000</SVIZ>
    <BSP>29,410000</BSP>
    <MALT>56,350000</MALT>
    <XAUS>29,410000</XAUS>
    <XFRA>29,410000</XFRA>
  </Prezzi>
  <Prezzi>
    <Data>20160422</Data>
    <Mercato>MGP</Mercato>
    <Ora>24</Ora>
    <PUN>29,780830</PUN>
    <NAT>30,370000</NAT>
    <CNOR>32,520000</CNOR>
    <CSUD>32,520000</CSUD>
    <NORD>25,230000</NORD>
    <SARD>32,520000</SARD>
    <SICI>42,280000</SICI>
    <SUD>32,520000</SUD>
    <AUST>25,230000</AUST>
    <BRNN>32,520000</BRNN>
    <COAC>32,520000</COAC>
    <CORS>32,520000</CORS>
    <FOGN>32,520000</FOGN>
    <FRAN>25,230000</FRAN>
    <GREC>32,520000</GREC>
    <MFTV>25,230000</MFTV>
    <PRGP>42,280000</PRGP>
    <ROSN>32,520000</ROSN>
    <SLOV>25,230000</SLOV>
    <SVIZ>25,230000</SVIZ>
    <BSP>25,230000</BSP>
    <MALT>42,280000</MALT>
    <XAUS>25,230000</XAUS>
    <XFRA>25,230000</XFRA>
  </Prezzi>
</NewDataSet>