<?xml version="1.0" standalone="yes"?>
<NewDataSet>
  <xs:schema id="NewDataSet" xmlns="" xmlns:xs="http://www.w3.org/2001/XMLSchema" xmlns:msdata="urn:schemas-microsoft-com:xml-msdata">
    <xs:element name="NewDataSet" msdata:IsDataSet="true" msdata:UseCurrentLocale="true">
      <xs:complexType>
        <xs:choice minOccurs="0" maxOccurs="unbounded">
          <xs:element name="Prezzi">
            <xs:complexType>
              <xs:sequence>
                <xs:element name="Data" type="xs:string" minOccurs="0" />
                <xs:element name="Mercato" type="xs:string" minOccurs="0" />
                <xs:element name="Ora" type="xs:string" minOccurs="0" />
                <xs:element name="PUN" type="xs:string" minOccurs="0" />
                <xs:element name="NAT" type="xs:string" minOccurs="0" />
                <xs:element name="CNOR" type="xs:string" minOccurs="0" />
                <xs:element name="CSUD" type="xs:string" minOccurs="0" />
                <xs:element name="NORD" type="xs:string" minOccurs="0" />
                <xs:element name="SARD" type="xs:string" minOccurs="0" />
                <xs:element name="SICI" type="xs:string" minOccurs="0" />
                <xs:element name="SUD" type="xs:string" minOccurs="0" />
                <xs:element name="AUST" type="xs:string" minOccurs="0" />
                <xs:element name="BRNN" type="xs:string" minOccurs="0" />
                <xs:element name="COAC" type="xs:string" minOccurs="0" />
                <xs:element name="CORS" type="xs:string" minOccurs="0" />
                <xs:element name="FOGN" type="xs:string" minOccurs="0" />
                <xs:element name="FRAN" type="xs:string" minOccurs="0" />
                <xs:element name="GREC" type="xs:string" minOccurs="0" />
                <xs:element name="MFTV" type="xs:string" minOccurs="0" />
                <xs:element name="PRGP" type="xs:string" minOccurs="0" />
                <xs:element name="ROSN" type="xs:string" minOccurs="0" />
                <xs:element name="SLOV" type="xs:string" minOccurs="0" />
                <xs:element name="SVIZ" type="xs:string" minOccurs="0" />
                <xs:element name="BSP" type="xs:string" minOccurs="0" />
                <xs:element name="MALT" type="xs:string" minOccurs="0" />
                <xs:element name="XAUS" type="xs:string" minOccurs="0" />
                <xs:element name="XFRA" type="xs:string" minOccurs="0" />
              </xs:sequence>
            </xs:complexType>
          </xs:element>
        </xs:choice>
      </xs:complexType>
    </xs:element>
  </xs:schema>
  <Prezzi>
    <Data>20160418</Data>
    <Mercato>MGP</Mercato>
    <Ora>1</Ora>
    <PUN>32,790830</PUN>
    <NAT>31,780000</NAT>
    <CNOR>36,000000</CNOR>
    <CSUD>36,000000</CSUD>
    <NORD>28,850000</NORD>
    <SARD>36,000000</SARD>
    <SICI>36,000000</SICI>
    <SUD>36,000000</SUD>
    <AUST>28,850000</AUST>
    <BRNN>36,000000</BRNN>
    <COAC>36,000000</COAC>
    <CORS>36,000000</CORS>
    <FOGN>36,000000</FOGN>
    <FRAN>28,850000</FRAN>
    <GREC>36,000000</GREC>
    <MFTV>28,850000</MFTV>
    <PRGP>36,000000</PRGP>
    <ROSN>36,000000</ROSN>
    <SLOV>28,850000</SLOV>
    <SVIZ>28,850000</SVIZ>
    <BSP>28,850000</BSP>
    <MALT>36,000000</MALT>
    <XAUS>28,850000</XAUS>
    <XFRA>28,850000</XFRA>
  </Prezzi>
  <Prezzi>
    <Data>20160418</Data>
    <Mercato>MGP</Mercato>
    <Ora>2</Ora>
    <PUN>29,303750</PUN>
    <NAT>29,600000</NAT>
    <CNOR>27,040000</CNOR>
    <CSUD>32,500000</CSUD>
    <NORD>27,040000</NORD>
    <SARD>32,500000</SARD>
    <SICI>32,500000</SICI>
    <SUD>32,500000</SUD>
    <AUST>27,040000</AUST>
    <BRNN>32,500000</BRNN>
    <COAC>32,500000</COAC>
    <CORS>32,500000</CORS>
    <FOGN>32,500000</FOGN>
    <FRAN>27,040000</FRAN>
    <GREC>32,500000</GREC>
    <MFTV>27,040000</MFTV>
    <PRGP>32,500000</PRGP>
    <ROSN>32,500000</ROSN>
    <SLOV>27,040000</SLOV>
    <SVIZ>27,040000</SVIZ>
    <BSP>27,040000</BSP>
    <MALT>32,500000</MALT>
    <XAUS>27,040000</XAUS>
    <XFRA>27,040000</XFRA>
  </Prezzi>
  <Prezzi>
    <Data>20160418</Data>
    <Mercato>MGP</Mercato>
    <Ora>3</Ora>
    <PUN>27,827970</PUN>
    <NAT>28,840000</NAT>
    <CNOR>26,600000</CNOR>
    <CSUD>29,600000</CSUD>
    <NORD>26,600000</NORD>
    <SARD>29,600000</SARD>
    <SICI>29,600000</SICI>
    <SUD>29,600000</SUD>
    <AUST>26,600000</AUST>
    <BRNN>29,600000</BRNN>
    <COAC>29,600000</COAC>
    <CORS>29,600000</CORS>
    <FOGN>29,600000</FOGN>
    <FRAN>26,600000</FRAN>
    <GREC>29,600000</GREC>
    <MFTV>26,600000</MFTV>
    <PRGP>29,600000</PRGP>
    <ROSN>29,600000</ROSN>
    <SLOV>26,600000</SLOV>
    <SVIZ>26,600000</SVIZ>
    <BSP>26,600000</BSP>
    <MALT>29,600000</MALT>
    <XAUS>26,600000</XAUS>
    <XFRA>26,600000</XFRA>
  </Prezzi>
  <Prezzi>
    <Data>20160418</Data>
    <Mercato>MGP</Mercato>
    <Ora>4</Ora>
    <PUN>29,260170</PUN>
    <NAT>29,600000</NAT>
    <CNOR>28,750000</CNOR>
    <CSUD>30,000000</CSUD>
    <NORD>28,750000</NORD>
    <SARD>30,000000</SARD>
    <SICI>30,000000</SICI>
    <SUD>30,000000</SUD>
    <AUST>28,750000</AUST>
    <BRNN>30,000000</BRNN>
    <COAC>30,000000</COAC>
    <CORS>30,000000</CORS>
    <FOGN>30,000000</FOGN>
    <FRAN>28,750000</FRAN>
    <GREC>30,000000</GREC>
    <MFTV>28,750000</MFTV>
    <PRGP>30,000000</PRGP>
    <ROSN>30,000000</ROSN>
    <SLOV>28,750000</SLOV>
    <SVIZ>28,750000</SVIZ>
    <BSP>28,750000</BSP>
    <MALT>30,000000</MALT>
    <XAUS>28,750000</XAUS>
    <XFRA>28,750000</XFRA>
  </Prezzi>
  <Prezzi>
    <Data>20160418</Data>
    <Mercato>MGP</Mercato>
    <Ora>5</Ora>
    <PUN>29,091940</PUN>
    <NAT>29,600000</NAT>
    <CNOR>28,750000</CNOR>
    <CSUD>29,600000</CSUD>
    <NORD>28,750000</NORD>
    <SARD>29,600000</SARD>
    <SICI>29,600000</SICI>
    <SUD>29,600000</SUD>
    <AUST>28,750000</AUST>
    <BRNN>29,600000</BRNN>
    <COAC>29,600000</COAC>
    <CORS>29,600000</CORS>
    <FOGN>29,600000</FOGN>
    <FRAN>28,750000</FRAN>
    <GREC>29,600000</GREC>
    <MFTV>28,750000</MFTV>
    <PRGP>29,600000</PRGP>
    <ROSN>29,600000</ROSN>
    <SLOV>28,750000</SLOV>
    <SVIZ>28,750000</SVIZ>
    <BSP>28,750000</BSP>
    <MALT>29,600000</MALT>
    <XAUS>28,750000</XAUS>
    <XFRA>28,750000</XFRA>
  </Prezzi>
  <Prezzi>
    <Data>20160418</Data>
    <Mercato>MGP</Mercato>
    <Ora>6</Ora>
    <PUN>31,253310</PUN>
    <NAT>30,000000</NAT>
    <CNOR>32,500000</CNOR>
    <CSUD>32,500000</CSUD>
    <NORD>29,950000</NORD>
    <SARD>32,500000</SARD>
    <SICI>32,500000</SICI>
    <SUD>32,500000</SUD>
    <AUST>29,950000</AUST>
    <BRNN>32,500000</BRNN>
    <COAC>32,500000</COAC>
    <CORS>32,500000</CORS>
    <FOGN>32,500000</FOGN>
    <FRAN>29,950000</FRAN>
    <GREC>32,500000</GREC>
    <MFTV>29,950000</MFTV>
    <PRGP>32,500000</PRGP>
    <ROSN>32,500000</ROSN>
    <SLOV>29,950000</SLOV>
    <SVIZ>29,950000</SVIZ>
    <BSP>29,950000</BSP>
    <MALT>32,500000</MALT>
    <XAUS>29,950000</XAUS>
    <XFRA>29,950000</XFRA>
  </Prezzi>
  <Prezzi>
    <Data>20160418</Data>
    <Mercato>MGP</Mercato>
    <Ora>7</Ora>
    <PUN>31,387900</PUN>
    <NAT>32,300000</NAT>
    <CNOR>32,500000</CNOR>
    <CSUD>32,500000</CSUD>
    <NORD>30,000000</NORD>
    <SARD>32,500000</SARD>
    <SICI>36,000000</SICI>
    <SUD>32,500000</SUD>
    <AUST>30,000000</AUST>
    <BRNN>32,500000</BRNN>
    <COAC>32,500000</COAC>
    <CORS>32,500000</CORS>
    <FOGN>32,500000</FOGN>
    <FRAN>30,000000</FRAN>
    <GREC>32,500000</GREC>
    <MFTV>30,000000</MFTV>
    <PRGP>36,000000</PRGP>
    <ROSN>32,500000</ROSN>
    <SLOV>30,000000</SLOV>
    <SVIZ>30,000000</SVIZ>
    <BSP>30,000000</BSP>
    <MALT>36,000000</MALT>
    <XAUS>30,000000</XAUS>
    <XFRA>30,000000</XFRA>
  </Prezzi>
  <Prezzi>
    <Data>20160418</Data>
    <Mercato>MGP</Mercato>
    <Ora>8</Ora>
    <PUN>37,299040</PUN>
    <NAT>38,000000</NAT>
    <CNOR>37,055290</CNOR>
    <CSUD>37,055290</CSUD>
    <NORD>37,055290</NORD>
    <SARD>37,055290</SARD>
    <SICI>41,690000</SICI>
    <SUD>37,055290</SUD>
    <AUST>37,055290</AUST>
    <BRNN>37,055290</BRNN>
    <COAC>37,055290</COAC>
    <CORS>37,055290</CORS>
    <FOGN>37,055290</FOGN>
    <FRAN>37,055290</FRAN>
    <GREC>37,055290</GREC>
    <MFTV>37,055290</MFTV>
    <PRGP>41,690000</PRGP>
    <ROSN>37,055290</ROSN>
    <SLOV>37,055290</SLOV>
    <SVIZ>37,055290</SVIZ>
    <BSP>37,055290</BSP>
    <MALT>41,690000</MALT>
    <XAUS>37,055290</XAUS>
    <XFRA>37,055290</XFRA>
  </Prezzi>
  <Prezzi>
    <Data>20160418</Data>
    <Mercato>MGP</Mercato>
    <Ora>9</Ora>
    <PUN>41,339230</PUN>
    <NAT>41,690000</NAT>
    <CNOR>41,320000</CNOR>
    <CSUD>41,320000</CSUD>
    <NORD>41,320000</NORD>
    <SARD>41,320000</SARD>
    <SICI>41,690000</SICI>
    <SUD>41,320000</SUD>
    <AUST>41,320000</AUST>
    <BRNN>41,320000</BRNN>
    <COAC>41,320000</COAC>
    <CORS>41,320000</CORS>
    <FOGN>41,320000</FOGN>
    <FRAN>41,320000</FRAN>
    <GREC>41,320000</GREC>
    <MFTV>41,320000</MFTV>
    <PRGP>41,690000</PRGP>
    <ROSN>41,320000</ROSN>
    <SLOV>41,320000</SLOV>
    <SVIZ>41,320000</SVIZ>
    <BSP>41,320000</BSP>
    <MALT>41,690000</MALT>
    <XAUS>41,320000</XAUS>
    <XFRA>41,320000</XFRA>
  </Prezzi>
  <Prezzi>
    <Data>20160418</Data>
    <Mercato>MGP</Mercato>
    <Ora>10</Ora>
    <PUN>41,690000</PUN>
    <NAT>41,690000</NAT>
    <CNOR>41,690000</CNOR>
    <CSUD>41,690000</CSUD>
    <NORD>41,690000</NORD>
    <SARD>41,690000</SARD>
    <SICI>41,690000</SICI>
    <SUD>41,690000</SUD>
    <AUST>41,690000</AUST>
    <BRNN>41,690000</BRNN>
    <COAC>41,690000</COAC>
    <CORS>41,690000</CORS>
    <FOGN>41,690000</FOGN>
    <FRAN>41,690000</FRAN>
    <GREC>41,690000</GREC>
    <MFTV>41,690000</MFTV>
    <PRGP>41,690000</PRGP>
    <ROSN>41,690000</ROSN>
    <SLOV>41,690000</SLOV>
    <SVIZ>41,690000</SVIZ>
    <BSP>41,690000</BSP>
    <MALT>41,690000</MALT>
    <XAUS>41,690000</XAUS>
    <XFRA>41,690000</XFRA>
  </Prezzi>
  <Prezzi>
    <Data>20160418</Data>
    <Mercato>MGP</Mercato>
    <Ora>11</Ora>
    <PUN>36,104860</PUN>
    <NAT>36,110000</NAT>
    <CNOR>36,110000</CNOR>
    <CSUD>36,110000</CSUD>
    <NORD>36,110000</NORD>
    <SARD>36,110000</SARD>
    <SICI>36,000000</SICI>
    <SUD>36,110000</SUD>
    <AUST>36,110000</AUST>
    <BRNN>36,110000</BRNN>
    <COAC>36,110000</COAC>
    <CORS>36,110000</CORS>
    <FOGN>36,110000</FOGN>
    <FRAN>36,110000</FRAN>
    <GREC>36,110000</GREC>
    <MFTV>36,110000</MFTV>
    <PRGP>36,000000</PRGP>
    <ROSN>36,110000</ROSN>
    <SLOV>36,110000</SLOV>
    <SVIZ>36,110000</SVIZ>
    <BSP>36,110000</BSP>
    <MALT>36,000000</MALT>
    <XAUS>36,110000</XAUS>
    <XFRA>36,110000</XFRA>
  </Prezzi>
  <Prezzi>
    <Data>20160418</Data>
    <Mercato>MGP</Mercato>
    <Ora>12</Ora>
    <PUN>32,510000</PUN>
    <NAT>32,510000</NAT>
    <CNOR>32,510000</CNOR>
    <CSUD>32,510000</CSUD>
    <NORD>32,510000</NORD>
    <SARD>32,510000</SARD>
    <SICI>32,510000</SICI>
    <SUD>32,510000</SUD>
    <AUST>32,510000</AUST>
    <BRNN>32,510000</BRNN>
    <COAC>32,510000</COAC>
    <CORS>32,510000</CORS>
    <FOGN>32,510000</FOGN>
    <FRAN>32,510000</FRAN>
    <GREC>32,510000</GREC>
    <MFTV>32,510000</MFTV>
    <PRGP>32,510000</PRGP>
    <ROSN>32,510000</ROSN>
    <SLOV>32,510000</SLOV>
    <SVIZ>32,510000</SVIZ>
    <BSP>32,510000</BSP>
    <MALT>32,510000</MALT>
    <XAUS>32,510000</XAUS>
    <XFRA>32,510000</XFRA>
  </Prezzi>
  <Prezzi>
    <Data>20160418</Data>
    <Mercato>MGP</Mercato>
    <Ora>13</Ora>
    <PUN>29,741740</PUN>
    <NAT>30,210000</NAT>
    <CNOR>30,260000</CNOR>
    <CSUD>30,260000</CSUD>
    <NORD>30,260000</NORD>
    <SARD>30,260000</SARD>
    <SICI>19,480000</SICI>
    <SUD>30,260000</SUD>
    <AUST>30,260000</AUST>
    <BRNN>30,260000</BRNN>
    <COAC>30,260000</COAC>
    <CORS>30,260000</CORS>
    <FOGN>30,260000</FOGN>
    <FRAN>30,260000</FRAN>
    <GREC>30,260000</GREC>
    <MFTV>30,260000</MFTV>
    <PRGP>19,480000</PRGP>
    <ROSN>30,260000</ROSN>
    <SLOV>30,260000</SLOV>
    <SVIZ>30,260000</SVIZ>
    <BSP>30,260000</BSP>
    <MALT>19,480000</MALT>
    <XAUS>30,260000</XAUS>
    <XFRA>30,260000</XFRA>
  </Prezzi>
  <Prezzi>
    <Data>20160418</Data>
    <Mercato>MGP</Mercato>
    <Ora>14</Ora>
    <PUN>29,709730</PUN>
    <NAT>30,000000</NAT>
    <CNOR>30,250000</CNOR>
    <CSUD>30,250000</CSUD>
    <NORD>30,250000</NORD>
    <SARD>30,250000</SARD>
    <SICI>19,480000</SICI>
    <SUD>30,000000</SUD>
    <AUST>30,250000</AUST>
    <BRNN>30,000000</BRNN>
    <COAC>30,250000</COAC>
    <CORS>30,250000</CORS>
    <FOGN>30,000000</FOGN>
    <FRAN>30,250000</FRAN>
    <GREC>30,000000</GREC>
    <MFTV>30,250000</MFTV>
    <PRGP>19,480000</PRGP>
    <ROSN>30,000000</ROSN>
    <SLOV>30,250000</SLOV>
    <SVIZ>30,250000</SVIZ>
    <BSP>30,250000</BSP>
    <MALT>19,480000</MALT>
    <XAUS>30,250000</XAUS>
    <XFRA>30,250000</XFRA>
  </Prezzi>
  <Prezzi>
    <Data>20160418</Data>
    <Mercato>MGP</Mercato>
    <Ora>15</Ora>
    <PUN>30,853700</PUN>
    <NAT>30,500000</NAT>
    <CNOR>32,300000</CNOR>
    <CSUD>32,300000</CSUD>
    <NORD>32,300000</NORD>
    <SARD>32,300000</SARD>
    <SICI>11,320000</SICI>
    <SUD>26,500000</SUD>
    <AUST>32,300000</AUST>
    <BRNN>26,500000</BRNN>
    <COAC>32,300000</COAC>
    <CORS>32,300000</CORS>
    <FOGN>26,500000</FOGN>
    <FRAN>32,300000</FRAN>
    <GREC>26,500000</GREC>
    <MFTV>32,300000</MFTV>
    <PRGP>11,320000</PRGP>
    <ROSN>26,500000</ROSN>
    <SLOV>32,300000</SLOV>
    <SVIZ>32,300000</SVIZ>
    <BSP>32,300000</BSP>
    <MALT>11,320000</MALT>
    <XAUS>32,300000</XAUS>
    <XFRA>32,300000</XFRA>
  </Prezzi>
  <Prezzi>
    <Data>20160418</Data>
    <Mercato>MGP</Mercato>
    <Ora>16</Ora>
    <PUN>32,231530</PUN>
    <NAT>32,300000</NAT>
    <CNOR>33,680000</CNOR>
    <CSUD>33,680000</CSUD>
    <NORD>33,680000</NORD>
    <SARD>33,680000</SARD>
    <SICI>15,000000</SICI>
    <SUD>26,500000</SUD>
    <AUST>33,680000</AUST>
    <BRNN>26,500000</BRNN>
    <COAC>33,680000</COAC>
    <CORS>33,680000</CORS>
    <FOGN>26,500000</FOGN>
    <FRAN>33,680000</FRAN>
    <GREC>26,500000</GREC>
    <MFTV>33,680000</MFTV>
    <PRGP>15,000000</PRGP>
    <ROSN>26,500000</ROSN>
    <SLOV>33,680000</SLOV>
    <SVIZ>33,680000</SVIZ>
    <BSP>33,680000</BSP>
    <MALT>15,000000</MALT>
    <XAUS>33,680000</XAUS>
    <XFRA>33,680000</XFRA>
  </Prezzi>
  <Prezzi>
    <Data>20160418</Data>
    <Mercato>MGP</Mercato>
    <Ora>17</Ora>
    <PUN>32,637610</PUN>
    <NAT>32,500000</NAT>
    <CNOR>33,310000</CNOR>
    <CSUD>33,310000</CSUD>
    <NORD>33,310000</NORD>
    <SARD>33,310000</SARD>
    <SICI>19,480000</SICI>
    <SUD>33,310000</SUD>
    <AUST>33,310000</AUST>
    <BRNN>33,310000</BRNN>
    <COAC>33,310000</COAC>
    <CORS>33,310000</CORS>
    <FOGN>33,310000</FOGN>
    <FRAN>33,310000</FRAN>
    <GREC>33,310000</GREC>
    <MFTV>33,310000</MFTV>
    <PRGP>19,480000</PRGP>
    <ROSN>33,310000</ROSN>
    <SLOV>33,310000</SLOV>
    <SVIZ>33,310000</SVIZ>
    <BSP>33,310000</BSP>
    <MALT>19,480000</MALT>
    <XAUS>33,310000</XAUS>
    <XFRA>33,310000</XFRA>
  </Prezzi>
  <Prezzi>
    <Data>20160418</Data>
    <Mercato>MGP</Mercato>
    <Ora>18</Ora>
    <PUN>32,300000</PUN>
    <NAT>32,300000</NAT>
    <CNOR>32,300000</CNOR>
    <CSUD>32,300000</CSUD>
    <NORD>32,300000</NORD>
    <SARD>32,300000</SARD>
    <SICI>32,300000</SICI>
    <SUD>32,300000</SUD>
    <AUST>32,300000</AUST>
    <BRNN>32,300000</BRNN>
    <COAC>32,300000</COAC>
    <CORS>32,300000</CORS>
    <FOGN>32,300000</FOGN>
    <FRAN>32,300000</FRAN>
    <GREC>32,300000</GREC>
    <MFTV>32,300000</MFTV>
    <PRGP>32,300000</PRGP>
    <ROSN>32,300000</ROSN>
    <SLOV>32,300000</SLOV>
    <SVIZ>32,300000</SVIZ>
    <BSP>32,300000</BSP>
    <MALT>32,300000</MALT>
    <XAUS>32,300000</XAUS>
    <XFRA>32,300000</XFRA>
  </Prezzi>
  <Prezzi>
    <Data>20160418</Data>
    <Mercato>MGP</Mercato>
    <Ora>19</Ora>
    <PUN>32,805870</PUN>
    <NAT>32,480000</NAT>
    <CNOR>32,300000</CNOR>
    <CSUD>32,300000</CSUD>
    <NORD>32,300000</NORD>
    <SARD>32,300000</SARD>
    <SICI>41,690000</SICI>
    <SUD>32,300000</SUD>
    <AUST>32,300000</AUST>
    <BRNN>32,300000</BRNN>
    <COAC>32,300000</COAC>
    <CORS>32,300000</CORS>
    <FOGN>32,300000</FOGN>
    <FRAN>32,300000</FRAN>
    <GREC>32,300000</GREC>
    <MFTV>32,300000</MFTV>
    <PRGP>41,690000</PRGP>
    <ROSN>32,300000</ROSN>
    <SLOV>32,300000</SLOV>
    <SVIZ>32,300000</SVIZ>
    <BSP>32,300000</BSP>
    <MALT>41,690000</MALT>
    <XAUS>32,300000</XAUS>
    <XFRA>32,300000</XFRA>
  </Prezzi>
  <Prezzi>
    <Data>20160418</Data>
    <Mercato>MGP</Mercato>
    <Ora>20</Ora>
    <PUN>38,564100</PUN>
    <NAT>40,000000</NAT>
    <CNOR>42,280000</CNOR>
    <CSUD>42,280000</CSUD>
    <NORD>35,020000</NORD>
    <SARD>42,280000</SARD>
    <SICI>42,280000</SICI>
    <SUD>42,280000</SUD>
    <AUST>35,020000</AUST>
    <BRNN>42,280000</BRNN>
    <COAC>42,280000</COAC>
    <CORS>42,280000</CORS>
    <FOGN>42,280000</FOGN>
    <FRAN>35,020000</FRAN>
    <GREC>42,280000</GREC>
    <MFTV>35,020000</MFTV>
    <PRGP>42,280000</PRGP>
    <ROSN>42,280000</ROSN>
    <SLOV>35,020000</SLOV>
    <SVIZ>35,020000</SVIZ>
    <BSP>35,020000</BSP>
    <MALT>42,280000</MALT>
    <XAUS>35,020000</XAUS>
    <XFRA>35,020000</XFRA>
  </Prezzi>
  <Prezzi>
    <Data>20160418</Data>
    <Mercato>MGP</Mercato>
    <Ora>21</Ora>
    <PUN>52,465590</PUN>
    <NAT>44,070000</NAT>
    <CNOR>64,240000</CNOR>
    <CSUD>64,240000</CSUD>
    <NORD>41,300000</NORD>
    <SARD>64,240000</SARD>
    <SICI>56,350000</SICI>
    <SUD>64,240000</SUD>
    <AUST>41,300000</AUST>
    <BRNN>64,240000</BRNN>
    <COAC>64,240000</COAC>
    <CORS>64,240000</CORS>
    <FOGN>64,240000</FOGN>
    <FRAN>41,300000</FRAN>
    <GREC>64,240000</GREC>
    <MFTV>41,300000</MFTV>
    <PRGP>56,350000</PRGP>
    <ROSN>64,240000</ROSN>
    <SLOV>41,300000</SLOV>
    <SVIZ>41,300000</SVIZ>
    <BSP>41,300000</BSP>
    <MALT>56,350000</MALT>
    <XAUS>41,300000</XAUS>
    <XFRA>41,300000</XFRA>
  </Prezzi>
  <Prezzi>
    <Data>20160418</Data>
    <Mercato>MGP</Mercato>
    <Ora>22</Ora>
    <PUN>38,283790</PUN>
    <NAT>38,720000</NAT>
    <CNOR>42,280000</CNOR>
    <CSUD>42,280000</CSUD>
    <NORD>34,300000</NORD>
    <SARD>42,280000</SARD>
    <SICI>42,280000</SICI>
    <SUD>42,280000</SUD>
    <AUST>34,300000</AUST>
    <BRNN>42,280000</BRNN>
    <COAC>42,280000</COAC>
    <CORS>42,280000</CORS>
    <FOGN>42,280000</FOGN>
    <FRAN>34,300000</FRAN>
    <GREC>42,280000</GREC>
    <MFTV>34,300000</MFTV>
    <PRGP>42,280000</PRGP>
    <ROSN>42,280000</ROSN>
    <SLOV>34,300000</SLOV>
    <SVIZ>34,300000</SVIZ>
    <BSP>34,300000</BSP>
    <MALT>42,280000</MALT>
    <XAUS>34,300000</XAUS>
    <XFRA>34,300000</XFRA>
  </Prezzi>
  <Prezzi>
    <Data>20160418</Data>
    <Mercato>MGP</Mercato>
    <Ora>23</Ora>
    <PUN>35,982190</PUN>
    <NAT>35,020000</NAT>
    <CNOR>40,000000</CNOR>
    <CSUD>40,000000</CSUD>
    <NORD>31,600000</NORD>
    <SARD>40,000000</SARD>
    <SICI>41,690000</SICI>
    <SUD>40,000000</SUD>
    <AUST>31,600000</AUST>
    <BRNN>40,000000</BRNN>
    <COAC>40,000000</COAC>
    <CORS>40,000000</CORS>
    <FOGN>40,000000</FOGN>
    <FRAN>31,600000</FRAN>
    <GREC>40,000000</GREC>
    <MFTV>31,600000</MFTV>
    <PRGP>41,690000</PRGP>
    <ROSN>40,000000</ROSN>
    <SLOV>31,600000</SLOV>
    <SVIZ>31,600000</SVIZ>
    <BSP>31,600000</BSP>
    <MALT>41,690000</MALT>
    <XAUS>31,600000</XAUS>
    <XFRA>31,600000</XFRA>
  </Prezzi>
  <Prezzi>
    <Data>20160418</Data>
    <Mercato>MGP</Mercato>
    <Ora>24</Ora>
    <PUN>31,702610</PUN>
    <NAT>31,220000</NAT>
    <CNOR>32,500000</CNOR>
    <CSUD>32,500000</CSUD>
    <NORD>29,740000</NORD>
    <SARD>32,500000</SARD>
    <SICI>41,690000</SICI>
    <SUD>32,500000</SUD>
    <AUST>29,740000</AUST>
    <BRNN>32,500000</BRNN>
    <COAC>32,500000</COAC>
    <CORS>32,500000</CORS>
    <FOGN>32,500000</FOGN>
    <FRAN>29,740000</FRAN>
    <GREC>32,500000</GREC>
    <MFTV>29,740000</MFTV>
    <PRGP>41,690000</PRGP>
    <ROSN>32,500000</ROSN>
    <SLOV>29,740000</SLOV>
    <SVIZ>29,740000</SVIZ>
    <BSP>29,740000</BSP>
    <MALT>41,690000</MALT>
    <XAUS>29,740000</XAUS>
    <XFRA>29,740000</XFRA>
  </Prezzi>
</NewDataSet>