<?xml version="1.0" standalone="yes"?>
<NewDataSet>
  <xs:schema id="NewDataSet" xmlns="" xmlns:xs="http://www.w3.org/2001/XMLSchema" xmlns:msdata="urn:schemas-microsoft-com:xml-msdata">
    <xs:element name="NewDataSet" msdata:IsDataSet="true" msdata:UseCurrentLocale="true">
      <xs:complexType>
        <xs:choice minOccurs="0" maxOccurs="unbounded">
          <xs:element name="Prezzi">
            <xs:complexType>
              <xs:sequence>
                <xs:element name="Data" type="xs:string" minOccurs="0" />
                <xs:element name="Mercato" type="xs:string" minOccurs="0" />
                <xs:element name="Ora" type="xs:string" minOccurs="0" />
                <xs:element name="PUN" type="xs:string" minOccurs="0" />
                <xs:element name="NAT" type="xs:string" minOccurs="0" />
                <xs:element name="CNOR" type="xs:string" minOccurs="0" />
                <xs:element name="CSUD" type="xs:string" minOccurs="0" />
                <xs:element name="NORD" type="xs:string" minOccurs="0" />
                <xs:element name="SARD" type="xs:string" minOccurs="0" />
                <xs:element name="SICI" type="xs:string" minOccurs="0" />
                <xs:element name="SUD" type="xs:string" minOccurs="0" />
                <xs:element name="AUST" type="xs:string" minOccurs="0" />
                <xs:element name="BRNN" type="xs:string" minOccurs="0" />
                <xs:element name="COAC" type="xs:string" minOccurs="0" />
                <xs:element name="CORS" type="xs:string" minOccurs="0" />
                <xs:element name="FOGN" type="xs:string" minOccurs="0" />
                <xs:element name="FRAN" type="xs:string" minOccurs="0" />
                <xs:element name="GREC" type="xs:string" minOccurs="0" />
                <xs:element name="MFTV" type="xs:string" minOccurs="0" />
                <xs:element name="PRGP" type="xs:string" minOccurs="0" />
                <xs:element name="ROSN" type="xs:string" minOccurs="0" />
                <xs:element name="SLOV" type="xs:string" minOccurs="0" />
                <xs:element name="SVIZ" type="xs:string" minOccurs="0" />
                <xs:element name="BSP" type="xs:string" minOccurs="0" />
                <xs:element name="MALT" type="xs:string" minOccurs="0" />
                <xs:element name="XAUS" type="xs:string" minOccurs="0" />
                <xs:element name="XFRA" type="xs:string" minOccurs="0" />
              </xs:sequence>
            </xs:complexType>
          </xs:element>
        </xs:choice>
      </xs:complexType>
    </xs:element>
  </xs:schema>
  <Prezzi>
    <Data>20160410</Data>
    <Mercato>MGP</Mercato>
    <Ora>1</Ora>
    <PUN>29,842580</PUN>
    <NAT>29,620000</NAT>
    <CNOR>29,620000</CNOR>
    <CSUD>29,620000</CSUD>
    <NORD>29,620000</NORD>
    <SARD>29,620000</SARD>
    <SICI>33,000000</SICI>
    <SUD>29,620000</SUD>
    <AUST>29,620000</AUST>
    <BRNN>29,620000</BRNN>
    <COAC>29,620000</COAC>
    <CORS>29,620000</CORS>
    <FOGN>29,620000</FOGN>
    <FRAN>29,620000</FRAN>
    <GREC>29,620000</GREC>
    <MFTV>29,620000</MFTV>
    <PRGP>33,000000</PRGP>
    <ROSN>29,620000</ROSN>
    <SLOV>29,620000</SLOV>
    <SVIZ>29,620000</SVIZ>
    <BSP>29,620000</BSP>
    <MALT>33,000000</MALT>
    <XAUS>29,620000</XAUS>
    <XFRA>29,620000</XFRA>
  </Prezzi>
  <Prezzi>
    <Data>20160410</Data>
    <Mercato>MGP</Mercato>
    <Ora>2</Ora>
    <PUN>27,896840</PUN>
    <NAT>28,000000</NAT>
    <CNOR>28,510000</CNOR>
    <CSUD>28,510000</CSUD>
    <NORD>27,200000</NORD>
    <SARD>28,510000</SARD>
    <SICI>28,510000</SICI>
    <SUD>28,510000</SUD>
    <AUST>27,200000</AUST>
    <BRNN>28,510000</BRNN>
    <COAC>28,510000</COAC>
    <CORS>28,510000</CORS>
    <FOGN>28,510000</FOGN>
    <FRAN>27,200000</FRAN>
    <GREC>28,510000</GREC>
    <MFTV>27,200000</MFTV>
    <PRGP>28,510000</PRGP>
    <ROSN>28,510000</ROSN>
    <SLOV>27,200000</SLOV>
    <SVIZ>27,200000</SVIZ>
    <BSP>27,200000</BSP>
    <MALT>28,510000</MALT>
    <XAUS>27,200000</XAUS>
    <XFRA>27,200000</XFRA>
  </Prezzi>
  <Prezzi>
    <Data>20160410</Data>
    <Mercato>MGP</Mercato>
    <Ora>3</Ora>
    <PUN>26,700000</PUN>
    <NAT>26,700000</NAT>
    <CNOR>26,700000</CNOR>
    <CSUD>26,700000</CSUD>
    <NORD>26,700000</NORD>
    <SARD>26,700000</SARD>
    <SICI>26,700000</SICI>
    <SUD>26,700000</SUD>
    <AUST>26,700000</AUST>
    <BRNN>26,700000</BRNN>
    <COAC>26,700000</COAC>
    <CORS>26,700000</CORS>
    <FOGN>26,700000</FOGN>
    <FRAN>26,700000</FRAN>
    <GREC>26,700000</GREC>
    <MFTV>26,700000</MFTV>
    <PRGP>26,700000</PRGP>
    <ROSN>26,700000</ROSN>
    <SLOV>26,700000</SLOV>
    <SVIZ>26,700000</SVIZ>
    <BSP>26,700000</BSP>
    <MALT>26,700000</MALT>
    <XAUS>26,700000</XAUS>
    <XFRA>26,700000</XFRA>
  </Prezzi>
  <Prezzi>
    <Data>20160410</Data>
    <Mercato>MGP</Mercato>
    <Ora>4</Ora>
    <PUN>25,900000</PUN>
    <NAT>25,900000</NAT>
    <CNOR>25,900000</CNOR>
    <CSUD>25,900000</CSUD>
    <NORD>25,900000</NORD>
    <SARD>25,900000</SARD>
    <SICI>25,900000</SICI>
    <SUD>25,900000</SUD>
    <AUST>25,900000</AUST>
    <BRNN>25,900000</BRNN>
    <COAC>25,900000</COAC>
    <CORS>25,900000</CORS>
    <FOGN>25,900000</FOGN>
    <FRAN>25,900000</FRAN>
    <GREC>25,900000</GREC>
    <MFTV>25,900000</MFTV>
    <PRGP>25,900000</PRGP>
    <ROSN>25,900000</ROSN>
    <SLOV>25,900000</SLOV>
    <SVIZ>25,900000</SVIZ>
    <BSP>25,900000</BSP>
    <MALT>25,900000</MALT>
    <XAUS>25,900000</XAUS>
    <XFRA>25,900000</XFRA>
  </Prezzi>
  <Prezzi>
    <Data>20160410</Data>
    <Mercato>MGP</Mercato>
    <Ora>5</Ora>
    <PUN>25,290000</PUN>
    <NAT>25,170000</NAT>
    <CNOR>25,469670</CNOR>
    <CSUD>25,469670</CSUD>
    <NORD>25,469670</NORD>
    <SARD>25,469670</SARD>
    <SICI>22,450000</SICI>
    <SUD>25,469670</SUD>
    <AUST>25,469670</AUST>
    <BRNN>25,469670</BRNN>
    <COAC>25,469670</COAC>
    <CORS>25,469670</CORS>
    <FOGN>25,469670</FOGN>
    <FRAN>25,469670</FRAN>
    <GREC>25,469670</GREC>
    <MFTV>25,469670</MFTV>
    <PRGP>22,450000</PRGP>
    <ROSN>25,469670</ROSN>
    <SLOV>25,469670</SLOV>
    <SVIZ>25,469670</SVIZ>
    <BSP>25,469670</BSP>
    <MALT>22,450000</MALT>
    <XAUS>25,469670</XAUS>
    <XFRA>25,469670</XFRA>
  </Prezzi>
  <Prezzi>
    <Data>20160410</Data>
    <Mercato>MGP</Mercato>
    <Ora>6</Ora>
    <PUN>26,900000</PUN>
    <NAT>26,900000</NAT>
    <CNOR>26,900000</CNOR>
    <CSUD>26,900000</CSUD>
    <NORD>26,900000</NORD>
    <SARD>26,900000</SARD>
    <SICI>26,900000</SICI>
    <SUD>26,900000</SUD>
    <AUST>26,900000</AUST>
    <BRNN>26,900000</BRNN>
    <COAC>26,900000</COAC>
    <CORS>26,900000</CORS>
    <FOGN>26,900000</FOGN>
    <FRAN>26,900000</FRAN>
    <GREC>26,900000</GREC>
    <MFTV>26,900000</MFTV>
    <PRGP>26,900000</PRGP>
    <ROSN>26,900000</ROSN>
    <SLOV>26,900000</SLOV>
    <SVIZ>26,900000</SVIZ>
    <BSP>26,900000</BSP>
    <MALT>26,900000</MALT>
    <XAUS>26,900000</XAUS>
    <XFRA>26,900000</XFRA>
  </Prezzi>
  <Prezzi>
    <Data>20160410</Data>
    <Mercato>MGP</Mercato>
    <Ora>7</Ora>
    <PUN>28,920000</PUN>
    <NAT>28,920000</NAT>
    <CNOR>28,920000</CNOR>
    <CSUD>28,920000</CSUD>
    <NORD>28,920000</NORD>
    <SARD>28,920000</SARD>
    <SICI>28,920000</SICI>
    <SUD>28,920000</SUD>
    <AUST>28,920000</AUST>
    <BRNN>28,920000</BRNN>
    <COAC>28,920000</COAC>
    <CORS>28,920000</CORS>
    <FOGN>28,920000</FOGN>
    <FRAN>28,920000</FRAN>
    <GREC>28,920000</GREC>
    <MFTV>28,920000</MFTV>
    <PRGP>28,920000</PRGP>
    <ROSN>28,920000</ROSN>
    <SLOV>28,920000</SLOV>
    <SVIZ>28,920000</SVIZ>
    <BSP>28,920000</BSP>
    <MALT>28,920000</MALT>
    <XAUS>28,920000</XAUS>
    <XFRA>28,920000</XFRA>
  </Prezzi>
  <Prezzi>
    <Data>20160410</Data>
    <Mercato>MGP</Mercato>
    <Ora>8</Ora>
    <PUN>28,900000</PUN>
    <NAT>28,900000</NAT>
    <CNOR>28,900000</CNOR>
    <CSUD>28,900000</CSUD>
    <NORD>28,900000</NORD>
    <SARD>28,900000</SARD>
    <SICI>28,900000</SICI>
    <SUD>28,900000</SUD>
    <AUST>28,900000</AUST>
    <BRNN>28,900000</BRNN>
    <COAC>28,900000</COAC>
    <CORS>28,900000</CORS>
    <FOGN>28,900000</FOGN>
    <FRAN>28,900000</FRAN>
    <GREC>28,900000</GREC>
    <MFTV>28,900000</MFTV>
    <PRGP>28,900000</PRGP>
    <ROSN>28,900000</ROSN>
    <SLOV>28,900000</SLOV>
    <SVIZ>28,900000</SVIZ>
    <BSP>28,900000</BSP>
    <MALT>28,900000</MALT>
    <XAUS>28,900000</XAUS>
    <XFRA>28,900000</XFRA>
  </Prezzi>
  <Prezzi>
    <Data>20160410</Data>
    <Mercato>MGP</Mercato>
    <Ora>9</Ora>
    <PUN>29,421700</PUN>
    <NAT>29,170000</NAT>
    <CNOR>29,900000</CNOR>
    <CSUD>29,900000</CSUD>
    <NORD>29,900000</NORD>
    <SARD>29,900000</SARD>
    <SICI>22,450000</SICI>
    <SUD>29,900000</SUD>
    <AUST>29,900000</AUST>
    <BRNN>29,900000</BRNN>
    <COAC>29,900000</COAC>
    <CORS>29,900000</CORS>
    <FOGN>29,900000</FOGN>
    <FRAN>29,900000</FRAN>
    <GREC>29,900000</GREC>
    <MFTV>29,900000</MFTV>
    <PRGP>22,450000</PRGP>
    <ROSN>0,000000</ROSN>
    <SLOV>29,900000</SLOV>
    <SVIZ>29,900000</SVIZ>
    <BSP>29,900000</BSP>
    <MALT>22,450000</MALT>
    <XAUS>29,900000</XAUS>
    <XFRA>29,900000</XFRA>
  </Prezzi>
  <Prezzi>
    <Data>20160410</Data>
    <Mercato>MGP</Mercato>
    <Ora>10</Ora>
    <PUN>30,574670</PUN>
    <NAT>30,610000</NAT>
    <CNOR>31,150000</CNOR>
    <CSUD>31,150000</CSUD>
    <NORD>31,150000</NORD>
    <SARD>31,150000</SARD>
    <SICI>22,450000</SICI>
    <SUD>31,150000</SUD>
    <AUST>31,150000</AUST>
    <BRNN>31,150000</BRNN>
    <COAC>31,150000</COAC>
    <CORS>31,150000</CORS>
    <FOGN>31,150000</FOGN>
    <FRAN>31,150000</FRAN>
    <GREC>31,150000</GREC>
    <MFTV>31,150000</MFTV>
    <PRGP>22,450000</PRGP>
    <ROSN>0,000000</ROSN>
    <SLOV>31,150000</SLOV>
    <SVIZ>31,150000</SVIZ>
    <BSP>31,150000</BSP>
    <MALT>22,450000</MALT>
    <XAUS>31,150000</XAUS>
    <XFRA>31,150000</XFRA>
  </Prezzi>
  <Prezzi>
    <Data>20160410</Data>
    <Mercato>MGP</Mercato>
    <Ora>11</Ora>
    <PUN>29,300420</PUN>
    <NAT>28,000000</NAT>
    <CNOR>29,900000</CNOR>
    <CSUD>29,900000</CSUD>
    <NORD>29,900000</NORD>
    <SARD>29,900000</SARD>
    <SICI>20,950000</SICI>
    <SUD>29,900000</SUD>
    <AUST>29,900000</AUST>
    <BRNN>29,900000</BRNN>
    <COAC>29,900000</COAC>
    <CORS>29,900000</CORS>
    <FOGN>29,900000</FOGN>
    <FRAN>29,900000</FRAN>
    <GREC>29,900000</GREC>
    <MFTV>29,900000</MFTV>
    <PRGP>20,950000</PRGP>
    <ROSN>0,000000</ROSN>
    <SLOV>29,900000</SLOV>
    <SVIZ>29,900000</SVIZ>
    <BSP>29,900000</BSP>
    <MALT>20,950000</MALT>
    <XAUS>29,900000</XAUS>
    <XFRA>29,900000</XFRA>
  </Prezzi>
  <Prezzi>
    <Data>20160410</Data>
    <Mercato>MGP</Mercato>
    <Ora>12</Ora>
    <PUN>28,063300</PUN>
    <NAT>26,360000</NAT>
    <CNOR>29,020000</CNOR>
    <CSUD>29,020000</CSUD>
    <NORD>29,020000</NORD>
    <SARD>29,020000</SARD>
    <SICI>15,000000</SICI>
    <SUD>29,020000</SUD>
    <AUST>29,020000</AUST>
    <BRNN>29,020000</BRNN>
    <COAC>29,020000</COAC>
    <CORS>29,020000</CORS>
    <FOGN>29,020000</FOGN>
    <FRAN>29,020000</FRAN>
    <GREC>29,020000</GREC>
    <MFTV>29,020000</MFTV>
    <PRGP>15,000000</PRGP>
    <ROSN>0,000000</ROSN>
    <SLOV>29,020000</SLOV>
    <SVIZ>29,020000</SVIZ>
    <BSP>29,020000</BSP>
    <MALT>15,000000</MALT>
    <XAUS>29,020000</XAUS>
    <XFRA>29,020000</XFRA>
  </Prezzi>
  <Prezzi>
    <Data>20160410</Data>
    <Mercato>MGP</Mercato>
    <Ora>13</Ora>
    <PUN>24,419010</PUN>
    <NAT>24,000000</NAT>
    <CNOR>25,270000</CNOR>
    <CSUD>25,270000</CSUD>
    <NORD>25,270000</NORD>
    <SARD>25,270000</SARD>
    <SICI>12,330000</SICI>
    <SUD>25,270000</SUD>
    <AUST>25,270000</AUST>
    <BRNN>25,270000</BRNN>
    <COAC>25,270000</COAC>
    <CORS>25,270000</CORS>
    <FOGN>25,270000</FOGN>
    <FRAN>25,270000</FRAN>
    <GREC>25,270000</GREC>
    <MFTV>25,270000</MFTV>
    <PRGP>12,330000</PRGP>
    <ROSN>0,000000</ROSN>
    <SLOV>25,270000</SLOV>
    <SVIZ>25,270000</SVIZ>
    <BSP>25,270000</BSP>
    <MALT>12,330000</MALT>
    <XAUS>25,270000</XAUS>
    <XFRA>25,270000</XFRA>
  </Prezzi>
  <Prezzi>
    <Data>20160410</Data>
    <Mercato>MGP</Mercato>
    <Ora>14</Ora>
    <PUN>19,071690</PUN>
    <NAT>18,590000</NAT>
    <CNOR>20,040000</CNOR>
    <CSUD>20,040000</CSUD>
    <NORD>20,040000</NORD>
    <SARD>20,040000</SARD>
    <SICI>5,000000</SICI>
    <SUD>20,040000</SUD>
    <AUST>20,040000</AUST>
    <BRNN>20,040000</BRNN>
    <COAC>20,040000</COAC>
    <CORS>20,040000</CORS>
    <FOGN>20,040000</FOGN>
    <FRAN>20,040000</FRAN>
    <GREC>20,040000</GREC>
    <MFTV>20,040000</MFTV>
    <PRGP>5,000000</PRGP>
    <ROSN>0,000000</ROSN>
    <SLOV>20,040000</SLOV>
    <SVIZ>20,040000</SVIZ>
    <BSP>20,040000</BSP>
    <MALT>5,000000</MALT>
    <XAUS>20,040000</XAUS>
    <XFRA>20,040000</XFRA>
  </Prezzi>
  <Prezzi>
    <Data>20160410</Data>
    <Mercato>MGP</Mercato>
    <Ora>15</Ora>
    <PUN>19,000000</PUN>
    <NAT>19,000000</NAT>
    <CNOR>20,127960</CNOR>
    <CSUD>20,127960</CSUD>
    <NORD>20,127960</NORD>
    <SARD>20,127960</SARD>
    <SICI>2,010000</SICI>
    <SUD>20,127960</SUD>
    <AUST>20,127960</AUST>
    <BRNN>20,127960</BRNN>
    <COAC>20,127960</COAC>
    <CORS>20,127960</CORS>
    <FOGN>20,127960</FOGN>
    <FRAN>20,127960</FRAN>
    <GREC>20,127960</GREC>
    <MFTV>20,127960</MFTV>
    <PRGP>2,010000</PRGP>
    <ROSN>0,000000</ROSN>
    <SLOV>20,127960</SLOV>
    <SVIZ>20,127960</SVIZ>
    <BSP>20,127960</BSP>
    <MALT>2,010000</MALT>
    <XAUS>20,127960</XAUS>
    <XFRA>20,127960</XFRA>
  </Prezzi>
  <Prezzi>
    <Data>20160410</Data>
    <Mercato>MGP</Mercato>
    <Ora>16</Ora>
    <PUN>23,611400</PUN>
    <NAT>20,050000</NAT>
    <CNOR>24,360000</CNOR>
    <CSUD>24,360000</CSUD>
    <NORD>24,360000</NORD>
    <SARD>24,360000</SARD>
    <SICI>12,330000</SICI>
    <SUD>24,360000</SUD>
    <AUST>24,360000</AUST>
    <BRNN>24,360000</BRNN>
    <COAC>24,360000</COAC>
    <CORS>24,360000</CORS>
    <FOGN>24,360000</FOGN>
    <FRAN>24,360000</FRAN>
    <GREC>24,360000</GREC>
    <MFTV>24,360000</MFTV>
    <PRGP>12,330000</PRGP>
    <ROSN>0,000000</ROSN>
    <SLOV>24,360000</SLOV>
    <SVIZ>24,360000</SVIZ>
    <BSP>24,360000</BSP>
    <MALT>12,330000</MALT>
    <XAUS>24,360000</XAUS>
    <XFRA>24,360000</XFRA>
  </Prezzi>
  <Prezzi>
    <Data>20160410</Data>
    <Mercato>MGP</Mercato>
    <Ora>17</Ora>
    <PUN>25,149810</PUN>
    <NAT>24,920000</NAT>
    <CNOR>25,490000</CNOR>
    <CSUD>25,490000</CSUD>
    <NORD>25,490000</NORD>
    <SARD>25,490000</SARD>
    <SICI>19,990000</SICI>
    <SUD>25,490000</SUD>
    <AUST>25,490000</AUST>
    <BRNN>25,490000</BRNN>
    <COAC>25,490000</COAC>
    <CORS>25,490000</CORS>
    <FOGN>25,490000</FOGN>
    <FRAN>25,490000</FRAN>
    <GREC>25,490000</GREC>
    <MFTV>25,490000</MFTV>
    <PRGP>19,990000</PRGP>
    <ROSN>0,000000</ROSN>
    <SLOV>25,490000</SLOV>
    <SVIZ>25,490000</SVIZ>
    <BSP>25,490000</BSP>
    <MALT>19,990000</MALT>
    <XAUS>25,490000</XAUS>
    <XFRA>25,490000</XFRA>
  </Prezzi>
  <Prezzi>
    <Data>20160410</Data>
    <Mercato>MGP</Mercato>
    <Ora>18</Ora>
    <PUN>26,900000</PUN>
    <NAT>26,900000</NAT>
    <CNOR>26,900000</CNOR>
    <CSUD>26,900000</CSUD>
    <NORD>26,900000</NORD>
    <SARD>26,900000</SARD>
    <SICI>26,900000</SICI>
    <SUD>26,900000</SUD>
    <AUST>26,900000</AUST>
    <BRNN>26,900000</BRNN>
    <COAC>26,900000</COAC>
    <CORS>26,900000</CORS>
    <FOGN>26,900000</FOGN>
    <FRAN>26,900000</FRAN>
    <GREC>26,900000</GREC>
    <MFTV>26,900000</MFTV>
    <PRGP>26,900000</PRGP>
    <ROSN>26,900000</ROSN>
    <SLOV>26,900000</SLOV>
    <SVIZ>26,900000</SVIZ>
    <BSP>26,900000</BSP>
    <MALT>26,900000</MALT>
    <XAUS>26,900000</XAUS>
    <XFRA>26,900000</XFRA>
  </Prezzi>
  <Prezzi>
    <Data>20160410</Data>
    <Mercato>MGP</Mercato>
    <Ora>19</Ora>
    <PUN>30,356020</PUN>
    <NAT>29,970000</NAT>
    <CNOR>29,900000</CNOR>
    <CSUD>29,900000</CSUD>
    <NORD>29,710000</NORD>
    <SARD>29,900000</SARD>
    <SICI>39,010000</SICI>
    <SUD>29,900000</SUD>
    <AUST>29,710000</AUST>
    <BRNN>29,900000</BRNN>
    <COAC>29,900000</COAC>
    <CORS>29,900000</CORS>
    <FOGN>29,900000</FOGN>
    <FRAN>29,710000</FRAN>
    <GREC>29,900000</GREC>
    <MFTV>29,710000</MFTV>
    <PRGP>39,010000</PRGP>
    <ROSN>29,900000</ROSN>
    <SLOV>29,710000</SLOV>
    <SVIZ>29,710000</SVIZ>
    <BSP>29,710000</BSP>
    <MALT>39,010000</MALT>
    <XAUS>29,710000</XAUS>
    <XFRA>29,710000</XFRA>
  </Prezzi>
  <Prezzi>
    <Data>20160410</Data>
    <Mercato>MGP</Mercato>
    <Ora>20</Ora>
    <PUN>34,310390</PUN>
    <NAT>34,330000</NAT>
    <CNOR>35,530000</CNOR>
    <CSUD>35,530000</CSUD>
    <NORD>32,050000</NORD>
    <SARD>35,530000</SARD>
    <SICI>42,280000</SICI>
    <SUD>35,530000</SUD>
    <AUST>32,050000</AUST>
    <BRNN>35,530000</BRNN>
    <COAC>35,530000</COAC>
    <CORS>35,530000</CORS>
    <FOGN>35,530000</FOGN>
    <FRAN>32,050000</FRAN>
    <GREC>35,530000</GREC>
    <MFTV>32,050000</MFTV>
    <PRGP>42,280000</PRGP>
    <ROSN>35,530000</ROSN>
    <SLOV>32,050000</SLOV>
    <SVIZ>32,050000</SVIZ>
    <BSP>32,050000</BSP>
    <MALT>42,280000</MALT>
    <XAUS>32,050000</XAUS>
    <XFRA>32,050000</XFRA>
  </Prezzi>
  <Prezzi>
    <Data>20160410</Data>
    <Mercato>MGP</Mercato>
    <Ora>21</Ora>
    <PUN>50,080000</PUN>
    <NAT>38,400000</NAT>
    <CNOR>65,439080</CNOR>
    <CSUD>65,439080</CSUD>
    <NORD>35,620000</NORD>
    <SARD>65,439080</SARD>
    <SICI>42,280000</SICI>
    <SUD>65,439080</SUD>
    <AUST>35,620000</AUST>
    <BRNN>65,439080</BRNN>
    <COAC>65,439080</COAC>
    <CORS>65,439080</CORS>
    <FOGN>65,439080</FOGN>
    <FRAN>35,620000</FRAN>
    <GREC>65,439080</GREC>
    <MFTV>35,620000</MFTV>
    <PRGP>42,280000</PRGP>
    <ROSN>65,439080</ROSN>
    <SLOV>35,620000</SLOV>
    <SVIZ>35,620000</SVIZ>
    <BSP>35,620000</BSP>
    <MALT>42,280000</MALT>
    <XAUS>35,620000</XAUS>
    <XFRA>35,620000</XFRA>
  </Prezzi>
  <Prezzi>
    <Data>20160410</Data>
    <Mercato>MGP</Mercato>
    <Ora>22</Ora>
    <PUN>37,967510</PUN>
    <NAT>36,160000</NAT>
    <CNOR>42,280000</CNOR>
    <CSUD>42,280000</CSUD>
    <NORD>33,000000</NORD>
    <SARD>42,280000</SARD>
    <SICI>42,280000</SICI>
    <SUD>42,280000</SUD>
    <AUST>33,000000</AUST>
    <BRNN>42,280000</BRNN>
    <COAC>42,280000</COAC>
    <CORS>42,280000</CORS>
    <FOGN>42,280000</FOGN>
    <FRAN>33,000000</FRAN>
    <GREC>42,280000</GREC>
    <MFTV>33,000000</MFTV>
    <PRGP>42,280000</PRGP>
    <ROSN>42,280000</ROSN>
    <SLOV>33,000000</SLOV>
    <SVIZ>33,000000</SVIZ>
    <BSP>33,000000</BSP>
    <MALT>42,280000</MALT>
    <XAUS>33,000000</XAUS>
    <XFRA>33,000000</XFRA>
  </Prezzi>
  <Prezzi>
    <Data>20160410</Data>
    <Mercato>MGP</Mercato>
    <Ora>23</Ora>
    <PUN>32,895710</PUN>
    <NAT>33,810000</NAT>
    <CNOR>33,300000</CNOR>
    <CSUD>33,300000</CSUD>
    <NORD>31,190000</NORD>
    <SARD>33,300000</SARD>
    <SICI>42,280000</SICI>
    <SUD>33,300000</SUD>
    <AUST>31,190000</AUST>
    <BRNN>33,300000</BRNN>
    <COAC>33,300000</COAC>
    <CORS>33,300000</CORS>
    <FOGN>33,300000</FOGN>
    <FRAN>31,190000</FRAN>
    <GREC>33,300000</GREC>
    <MFTV>31,190000</MFTV>
    <PRGP>42,280000</PRGP>
    <ROSN>33,300000</ROSN>
    <SLOV>31,190000</SLOV>
    <SVIZ>31,190000</SVIZ>
    <BSP>31,190000</BSP>
    <MALT>42,280000</MALT>
    <XAUS>31,190000</XAUS>
    <XFRA>31,190000</XFRA>
  </Prezzi>
  <Prezzi>
    <Data>20160410</Data>
    <Mercato>MGP</Mercato>
    <Ora>24</Ora>
    <PUN>30,673340</PUN>
    <NAT>30,100000</NAT>
    <CNOR>30,000000</CNOR>
    <CSUD>30,000000</CSUD>
    <NORD>29,810000</NORD>
    <SARD>30,000000</SARD>
    <SICI>41,690000</SICI>
    <SUD>30,000000</SUD>
    <AUST>29,810000</AUST>
    <BRNN>30,000000</BRNN>
    <COAC>30,000000</COAC>
    <CORS>30,000000</CORS>
    <FOGN>30,000000</FOGN>
    <FRAN>29,810000</FRAN>
    <GREC>30,000000</GREC>
    <MFTV>29,810000</MFTV>
    <PRGP>41,690000</PRGP>
    <ROSN>30,000000</ROSN>
    <SLOV>29,810000</SLOV>
    <SVIZ>29,810000</SVIZ>
    <BSP>29,810000</BSP>
    <MALT>41,690000</MALT>
    <XAUS>29,810000</XAUS>
    <XFRA>29,810000</XFRA>
  </Prezzi>
</NewDataSet>