<?xml version="1.0" standalone="yes"?>
<NewDataSet>
  <xs:schema id="NewDataSet" xmlns="" xmlns:xs="http://www.w3.org/2001/XMLSchema" xmlns:msdata="urn:schemas-microsoft-com:xml-msdata">
    <xs:element name="NewDataSet" msdata:IsDataSet="true" msdata:UseCurrentLocale="true">
      <xs:complexType>
        <xs:choice minOccurs="0" maxOccurs="unbounded">
          <xs:element name="Prezzi">
            <xs:complexType>
              <xs:sequence>
                <xs:element name="Data" type="xs:string" minOccurs="0" />
                <xs:element name="Mercato" type="xs:string" minOccurs="0" />
                <xs:element name="Ora" type="xs:string" minOccurs="0" />
                <xs:element name="PUN" type="xs:string" minOccurs="0" />
                <xs:element name="NAT" type="xs:string" minOccurs="0" />
                <xs:element name="CNOR" type="xs:string" minOccurs="0" />
                <xs:element name="CSUD" type="xs:string" minOccurs="0" />
                <xs:element name="NORD" type="xs:string" minOccurs="0" />
                <xs:element name="SARD" type="xs:string" minOccurs="0" />
                <xs:element name="SICI" type="xs:string" minOccurs="0" />
                <xs:element name="SUD" type="xs:string" minOccurs="0" />
                <xs:element name="AUST" type="xs:string" minOccurs="0" />
                <xs:element name="BRNN" type="xs:string" minOccurs="0" />
                <xs:element name="COAC" type="xs:string" minOccurs="0" />
                <xs:element name="CORS" type="xs:string" minOccurs="0" />
                <xs:element name="FOGN" type="xs:string" minOccurs="0" />
                <xs:element name="FRAN" type="xs:string" minOccurs="0" />
                <xs:element name="GREC" type="xs:string" minOccurs="0" />
                <xs:element name="MFTV" type="xs:string" minOccurs="0" />
                <xs:element name="PRGP" type="xs:string" minOccurs="0" />
                <xs:element name="ROSN" type="xs:string" minOccurs="0" />
                <xs:element name="SLOV" type="xs:string" minOccurs="0" />
                <xs:element name="SVIZ" type="xs:string" minOccurs="0" />
                <xs:element name="BSP" type="xs:string" minOccurs="0" />
                <xs:element name="MALT" type="xs:string" minOccurs="0" />
                <xs:element name="XAUS" type="xs:string" minOccurs="0" />
                <xs:element name="XFRA" type="xs:string" minOccurs="0" />
              </xs:sequence>
            </xs:complexType>
          </xs:element>
        </xs:choice>
      </xs:complexType>
    </xs:element>
  </xs:schema>
  <Prezzi>
    <Data>20160425</Data>
    <Mercato>MGP</Mercato>
    <Ora>1</Ora>
    <PUN>30,673480</PUN>
    <NAT>30,300000</NAT>
    <CNOR>30,300000</CNOR>
    <CSUD>30,300000</CSUD>
    <NORD>30,300000</NORD>
    <SARD>30,300000</SARD>
    <SICI>36,000000</SICI>
    <SUD>30,300000</SUD>
    <AUST>30,300000</AUST>
    <BRNN>30,300000</BRNN>
    <COAC>30,300000</COAC>
    <CORS>30,300000</CORS>
    <FOGN>30,300000</FOGN>
    <FRAN>30,300000</FRAN>
    <GREC>30,300000</GREC>
    <MFTV>30,300000</MFTV>
    <PRGP>36,000000</PRGP>
    <ROSN>30,300000</ROSN>
    <SLOV>30,300000</SLOV>
    <SVIZ>30,300000</SVIZ>
    <BSP>30,300000</BSP>
    <MALT>36,000000</MALT>
    <XAUS>30,300000</XAUS>
    <XFRA>30,300000</XFRA>
  </Prezzi>
  <Prezzi>
    <Data>20160425</Data>
    <Mercato>MGP</Mercato>
    <Ora>2</Ora>
    <PUN>27,100000</PUN>
    <NAT>27,100000</NAT>
    <CNOR>27,100000</CNOR>
    <CSUD>27,100000</CSUD>
    <NORD>27,100000</NORD>
    <SARD>27,100000</SARD>
    <SICI>27,100000</SICI>
    <SUD>27,100000</SUD>
    <AUST>27,100000</AUST>
    <BRNN>27,100000</BRNN>
    <COAC>27,100000</COAC>
    <CORS>27,100000</CORS>
    <FOGN>27,100000</FOGN>
    <FRAN>27,100000</FRAN>
    <GREC>27,100000</GREC>
    <MFTV>27,100000</MFTV>
    <PRGP>27,100000</PRGP>
    <ROSN>27,100000</ROSN>
    <SLOV>27,100000</SLOV>
    <SVIZ>27,100000</SVIZ>
    <BSP>27,100000</BSP>
    <MALT>27,100000</MALT>
    <XAUS>27,100000</XAUS>
    <XFRA>27,100000</XFRA>
  </Prezzi>
  <Prezzi>
    <Data>20160425</Data>
    <Mercato>MGP</Mercato>
    <Ora>3</Ora>
    <PUN>25,770000</PUN>
    <NAT>25,770000</NAT>
    <CNOR>25,770000</CNOR>
    <CSUD>25,770000</CSUD>
    <NORD>25,770000</NORD>
    <SARD>25,770000</SARD>
    <SICI>25,770000</SICI>
    <SUD>25,770000</SUD>
    <AUST>25,770000</AUST>
    <BRNN>25,770000</BRNN>
    <COAC>25,770000</COAC>
    <CORS>25,770000</CORS>
    <FOGN>25,770000</FOGN>
    <FRAN>25,770000</FRAN>
    <GREC>25,770000</GREC>
    <MFTV>25,770000</MFTV>
    <PRGP>25,770000</PRGP>
    <ROSN>25,770000</ROSN>
    <SLOV>25,770000</SLOV>
    <SVIZ>25,770000</SVIZ>
    <BSP>25,770000</BSP>
    <MALT>25,770000</MALT>
    <XAUS>25,770000</XAUS>
    <XFRA>25,770000</XFRA>
  </Prezzi>
  <Prezzi>
    <Data>20160425</Data>
    <Mercato>MGP</Mercato>
    <Ora>4</Ora>
    <PUN>25,400000</PUN>
    <NAT>25,400000</NAT>
    <CNOR>25,400000</CNOR>
    <CSUD>25,400000</CSUD>
    <NORD>25,400000</NORD>
    <SARD>25,400000</SARD>
    <SICI>25,400000</SICI>
    <SUD>25,400000</SUD>
    <AUST>25,400000</AUST>
    <BRNN>25,400000</BRNN>
    <COAC>25,400000</COAC>
    <CORS>25,400000</CORS>
    <FOGN>25,400000</FOGN>
    <FRAN>25,400000</FRAN>
    <GREC>25,400000</GREC>
    <MFTV>25,400000</MFTV>
    <PRGP>25,400000</PRGP>
    <ROSN>25,400000</ROSN>
    <SLOV>25,400000</SLOV>
    <SVIZ>25,400000</SVIZ>
    <BSP>25,400000</BSP>
    <MALT>25,400000</MALT>
    <XAUS>25,400000</XAUS>
    <XFRA>25,400000</XFRA>
  </Prezzi>
  <Prezzi>
    <Data>20160425</Data>
    <Mercato>MGP</Mercato>
    <Ora>5</Ora>
    <PUN>25,950000</PUN>
    <NAT>25,950000</NAT>
    <CNOR>25,950000</CNOR>
    <CSUD>25,950000</CSUD>
    <NORD>25,950000</NORD>
    <SARD>25,950000</SARD>
    <SICI>25,950000</SICI>
    <SUD>25,950000</SUD>
    <AUST>25,950000</AUST>
    <BRNN>25,950000</BRNN>
    <COAC>25,950000</COAC>
    <CORS>25,950000</CORS>
    <FOGN>25,950000</FOGN>
    <FRAN>25,950000</FRAN>
    <GREC>25,950000</GREC>
    <MFTV>25,950000</MFTV>
    <PRGP>25,950000</PRGP>
    <ROSN>25,950000</ROSN>
    <SLOV>25,950000</SLOV>
    <SVIZ>25,950000</SVIZ>
    <BSP>25,950000</BSP>
    <MALT>25,950000</MALT>
    <XAUS>25,950000</XAUS>
    <XFRA>25,950000</XFRA>
  </Prezzi>
  <Prezzi>
    <Data>20160425</Data>
    <Mercato>MGP</Mercato>
    <Ora>6</Ora>
    <PUN>27,100000</PUN>
    <NAT>27,100000</NAT>
    <CNOR>27,100000</CNOR>
    <CSUD>27,100000</CSUD>
    <NORD>27,100000</NORD>
    <SARD>27,100000</SARD>
    <SICI>27,100000</SICI>
    <SUD>27,100000</SUD>
    <AUST>27,100000</AUST>
    <BRNN>27,100000</BRNN>
    <COAC>27,100000</COAC>
    <CORS>27,100000</CORS>
    <FOGN>27,100000</FOGN>
    <FRAN>27,100000</FRAN>
    <GREC>27,100000</GREC>
    <MFTV>27,100000</MFTV>
    <PRGP>27,100000</PRGP>
    <ROSN>27,100000</ROSN>
    <SLOV>27,100000</SLOV>
    <SVIZ>27,100000</SVIZ>
    <BSP>27,100000</BSP>
    <MALT>27,100000</MALT>
    <XAUS>27,100000</XAUS>
    <XFRA>27,100000</XFRA>
  </Prezzi>
  <Prezzi>
    <Data>20160425</Data>
    <Mercato>MGP</Mercato>
    <Ora>7</Ora>
    <PUN>29,021360</PUN>
    <NAT>29,040000</NAT>
    <CNOR>29,021360</CNOR>
    <CSUD>29,021360</CSUD>
    <NORD>29,021360</NORD>
    <SARD>29,021360</SARD>
    <SICI>29,021360</SICI>
    <SUD>29,021360</SUD>
    <AUST>29,021360</AUST>
    <BRNN>29,021360</BRNN>
    <COAC>29,021360</COAC>
    <CORS>29,021360</CORS>
    <FOGN>29,021360</FOGN>
    <FRAN>29,021360</FRAN>
    <GREC>29,021360</GREC>
    <MFTV>29,021360</MFTV>
    <PRGP>29,021360</PRGP>
    <ROSN>29,021360</ROSN>
    <SLOV>29,021360</SLOV>
    <SVIZ>29,021360</SVIZ>
    <BSP>29,021360</BSP>
    <MALT>29,021360</MALT>
    <XAUS>29,021360</XAUS>
    <XFRA>29,021360</XFRA>
  </Prezzi>
  <Prezzi>
    <Data>20160425</Data>
    <Mercato>MGP</Mercato>
    <Ora>8</Ora>
    <PUN>30,790000</PUN>
    <NAT>30,790000</NAT>
    <CNOR>30,790000</CNOR>
    <CSUD>30,790000</CSUD>
    <NORD>30,790000</NORD>
    <SARD>30,790000</SARD>
    <SICI>30,790000</SICI>
    <SUD>30,790000</SUD>
    <AUST>30,790000</AUST>
    <BRNN>30,790000</BRNN>
    <COAC>30,790000</COAC>
    <CORS>30,790000</CORS>
    <FOGN>30,790000</FOGN>
    <FRAN>30,790000</FRAN>
    <GREC>30,790000</GREC>
    <MFTV>30,790000</MFTV>
    <PRGP>30,790000</PRGP>
    <ROSN>30,790000</ROSN>
    <SLOV>30,790000</SLOV>
    <SVIZ>30,790000</SVIZ>
    <BSP>30,790000</BSP>
    <MALT>30,790000</MALT>
    <XAUS>30,790000</XAUS>
    <XFRA>30,790000</XFRA>
  </Prezzi>
  <Prezzi>
    <Data>20160425</Data>
    <Mercato>MGP</Mercato>
    <Ora>9</Ora>
    <PUN>31,260000</PUN>
    <NAT>31,260000</NAT>
    <CNOR>31,260000</CNOR>
    <CSUD>31,260000</CSUD>
    <NORD>31,260000</NORD>
    <SARD>31,260000</SARD>
    <SICI>31,260000</SICI>
    <SUD>31,260000</SUD>
    <AUST>31,260000</AUST>
    <BRNN>31,260000</BRNN>
    <COAC>31,260000</COAC>
    <CORS>31,260000</CORS>
    <FOGN>31,260000</FOGN>
    <FRAN>31,260000</FRAN>
    <GREC>31,260000</GREC>
    <MFTV>31,260000</MFTV>
    <PRGP>31,260000</PRGP>
    <ROSN>31,260000</ROSN>
    <SLOV>31,260000</SLOV>
    <SVIZ>31,260000</SVIZ>
    <BSP>31,260000</BSP>
    <MALT>31,260000</MALT>
    <XAUS>31,260000</XAUS>
    <XFRA>31,260000</XFRA>
  </Prezzi>
  <Prezzi>
    <Data>20160425</Data>
    <Mercato>MGP</Mercato>
    <Ora>10</Ora>
    <PUN>31,613600</PUN>
    <NAT>31,270000</NAT>
    <CNOR>31,270000</CNOR>
    <CSUD>31,270000</CSUD>
    <NORD>31,270000</NORD>
    <SARD>31,270000</SARD>
    <SICI>36,000000</SICI>
    <SUD>31,270000</SUD>
    <AUST>31,270000</AUST>
    <BRNN>31,270000</BRNN>
    <COAC>31,270000</COAC>
    <CORS>31,270000</CORS>
    <FOGN>31,270000</FOGN>
    <FRAN>31,270000</FRAN>
    <GREC>31,270000</GREC>
    <MFTV>31,270000</MFTV>
    <PRGP>36,000000</PRGP>
    <ROSN>31,270000</ROSN>
    <SLOV>31,270000</SLOV>
    <SVIZ>31,270000</SVIZ>
    <BSP>31,270000</BSP>
    <MALT>36,000000</MALT>
    <XAUS>31,270000</XAUS>
    <XFRA>31,270000</XFRA>
  </Prezzi>
  <Prezzi>
    <Data>20160425</Data>
    <Mercato>MGP</Mercato>
    <Ora>11</Ora>
    <PUN>28,747060</PUN>
    <NAT>28,950000</NAT>
    <CNOR>28,951910</CNOR>
    <CSUD>28,951910</CSUD>
    <NORD>28,951910</NORD>
    <SARD>28,951910</SARD>
    <SICI>26,000000</SICI>
    <SUD>28,951910</SUD>
    <AUST>28,951910</AUST>
    <BRNN>28,951910</BRNN>
    <COAC>28,951910</COAC>
    <CORS>28,951910</CORS>
    <FOGN>28,951910</FOGN>
    <FRAN>28,951910</FRAN>
    <GREC>28,951910</GREC>
    <MFTV>28,951910</MFTV>
    <PRGP>26,000000</PRGP>
    <ROSN>28,951910</ROSN>
    <SLOV>28,951910</SLOV>
    <SVIZ>28,951910</SVIZ>
    <BSP>28,951910</BSP>
    <MALT>26,000000</MALT>
    <XAUS>28,951910</XAUS>
    <XFRA>28,951910</XFRA>
  </Prezzi>
  <Prezzi>
    <Data>20160425</Data>
    <Mercato>MGP</Mercato>
    <Ora>12</Ora>
    <PUN>26,583400</PUN>
    <NAT>27,090000</NAT>
    <CNOR>27,090000</CNOR>
    <CSUD>27,090000</CSUD>
    <NORD>27,090000</NORD>
    <SARD>27,090000</SARD>
    <SICI>19,960000</SICI>
    <SUD>27,090000</SUD>
    <AUST>27,090000</AUST>
    <BRNN>27,090000</BRNN>
    <COAC>27,090000</COAC>
    <CORS>27,090000</CORS>
    <FOGN>27,090000</FOGN>
    <FRAN>27,090000</FRAN>
    <GREC>27,090000</GREC>
    <MFTV>27,090000</MFTV>
    <PRGP>19,960000</PRGP>
    <ROSN>27,090000</ROSN>
    <SLOV>27,090000</SLOV>
    <SVIZ>27,090000</SVIZ>
    <BSP>27,090000</BSP>
    <MALT>19,960000</MALT>
    <XAUS>27,090000</XAUS>
    <XFRA>27,090000</XFRA>
  </Prezzi>
  <Prezzi>
    <Data>20160425</Data>
    <Mercato>MGP</Mercato>
    <Ora>13</Ora>
    <PUN>25,521130</PUN>
    <NAT>25,770000</NAT>
    <CNOR>25,950000</CNOR>
    <CSUD>25,950000</CSUD>
    <NORD>25,950000</NORD>
    <SARD>25,950000</SARD>
    <SICI>19,960000</SICI>
    <SUD>25,950000</SUD>
    <AUST>25,950000</AUST>
    <BRNN>25,950000</BRNN>
    <COAC>25,950000</COAC>
    <CORS>25,950000</CORS>
    <FOGN>25,950000</FOGN>
    <FRAN>25,950000</FRAN>
    <GREC>25,950000</GREC>
    <MFTV>25,950000</MFTV>
    <PRGP>19,960000</PRGP>
    <ROSN>25,950000</ROSN>
    <SLOV>25,950000</SLOV>
    <SVIZ>25,950000</SVIZ>
    <BSP>25,950000</BSP>
    <MALT>19,960000</MALT>
    <XAUS>25,950000</XAUS>
    <XFRA>25,950000</XFRA>
  </Prezzi>
  <Prezzi>
    <Data>20160425</Data>
    <Mercato>MGP</Mercato>
    <Ora>14</Ora>
    <PUN>22,800340</PUN>
    <NAT>21,170000</NAT>
    <CNOR>23,400000</CNOR>
    <CSUD>23,400000</CSUD>
    <NORD>23,400000</NORD>
    <SARD>23,400000</SARD>
    <SICI>15,000000</SICI>
    <SUD>23,400000</SUD>
    <AUST>23,400000</AUST>
    <BRNN>23,400000</BRNN>
    <COAC>23,400000</COAC>
    <CORS>23,400000</CORS>
    <FOGN>23,400000</FOGN>
    <FRAN>23,400000</FRAN>
    <GREC>23,400000</GREC>
    <MFTV>23,400000</MFTV>
    <PRGP>15,000000</PRGP>
    <ROSN>23,400000</ROSN>
    <SLOV>23,400000</SLOV>
    <SVIZ>23,400000</SVIZ>
    <BSP>23,400000</BSP>
    <MALT>15,000000</MALT>
    <XAUS>23,400000</XAUS>
    <XFRA>23,400000</XFRA>
  </Prezzi>
  <Prezzi>
    <Data>20160425</Data>
    <Mercato>MGP</Mercato>
    <Ora>15</Ora>
    <PUN>21,444260</PUN>
    <NAT>20,490000</NAT>
    <CNOR>21,000000</CNOR>
    <CSUD>21,000000</CSUD>
    <NORD>23,400000</NORD>
    <SARD>21,000000</SARD>
    <SICI>9,280000</SICI>
    <SUD>21,000000</SUD>
    <AUST>23,400000</AUST>
    <BRNN>21,000000</BRNN>
    <COAC>21,000000</COAC>
    <CORS>21,000000</CORS>
    <FOGN>21,000000</FOGN>
    <FRAN>23,400000</FRAN>
    <GREC>21,000000</GREC>
    <MFTV>23,400000</MFTV>
    <PRGP>9,280000</PRGP>
    <ROSN>21,000000</ROSN>
    <SLOV>23,400000</SLOV>
    <SVIZ>23,400000</SVIZ>
    <BSP>23,400000</BSP>
    <MALT>9,280000</MALT>
    <XAUS>23,400000</XAUS>
    <XFRA>23,400000</XFRA>
  </Prezzi>
  <Prezzi>
    <Data>20160425</Data>
    <Mercato>MGP</Mercato>
    <Ora>16</Ora>
    <PUN>22,437200</PUN>
    <NAT>21,430000</NAT>
    <CNOR>23,400000</CNOR>
    <CSUD>23,400000</CSUD>
    <NORD>23,400000</NORD>
    <SARD>23,400000</SARD>
    <SICI>9,280000</SICI>
    <SUD>23,400000</SUD>
    <AUST>23,400000</AUST>
    <BRNN>23,400000</BRNN>
    <COAC>23,400000</COAC>
    <CORS>23,400000</CORS>
    <FOGN>23,400000</FOGN>
    <FRAN>23,400000</FRAN>
    <GREC>23,400000</GREC>
    <MFTV>23,400000</MFTV>
    <PRGP>9,280000</PRGP>
    <ROSN>23,400000</ROSN>
    <SLOV>23,400000</SLOV>
    <SVIZ>23,400000</SVIZ>
    <BSP>23,400000</BSP>
    <MALT>9,280000</MALT>
    <XAUS>23,400000</XAUS>
    <XFRA>23,400000</XFRA>
  </Prezzi>
  <Prezzi>
    <Data>20160425</Data>
    <Mercato>MGP</Mercato>
    <Ora>17</Ora>
    <PUN>23,322110</PUN>
    <NAT>22,000000</NAT>
    <CNOR>24,000000</CNOR>
    <CSUD>24,000000</CSUD>
    <NORD>24,000000</NORD>
    <SARD>24,000000</SARD>
    <SICI>12,880000</SICI>
    <SUD>24,000000</SUD>
    <AUST>24,000000</AUST>
    <BRNN>24,000000</BRNN>
    <COAC>24,000000</COAC>
    <CORS>24,000000</CORS>
    <FOGN>24,000000</FOGN>
    <FRAN>24,000000</FRAN>
    <GREC>24,000000</GREC>
    <MFTV>24,000000</MFTV>
    <PRGP>12,880000</PRGP>
    <ROSN>24,000000</ROSN>
    <SLOV>24,000000</SLOV>
    <SVIZ>24,000000</SVIZ>
    <BSP>24,000000</BSP>
    <MALT>12,880000</MALT>
    <XAUS>24,000000</XAUS>
    <XFRA>24,000000</XFRA>
  </Prezzi>
  <Prezzi>
    <Data>20160425</Data>
    <Mercato>MGP</Mercato>
    <Ora>18</Ora>
    <PUN>25,340490</PUN>
    <NAT>25,600000</NAT>
    <CNOR>25,950000</CNOR>
    <CSUD>25,950000</CSUD>
    <NORD>25,950000</NORD>
    <SARD>25,950000</SARD>
    <SICI>15,480000</SICI>
    <SUD>25,950000</SUD>
    <AUST>25,950000</AUST>
    <BRNN>25,950000</BRNN>
    <COAC>25,950000</COAC>
    <CORS>25,950000</CORS>
    <FOGN>25,950000</FOGN>
    <FRAN>25,950000</FRAN>
    <GREC>25,950000</GREC>
    <MFTV>25,950000</MFTV>
    <PRGP>15,480000</PRGP>
    <ROSN>25,950000</ROSN>
    <SLOV>25,950000</SLOV>
    <SVIZ>25,950000</SVIZ>
    <BSP>25,950000</BSP>
    <MALT>15,480000</MALT>
    <XAUS>25,950000</XAUS>
    <XFRA>25,950000</XFRA>
  </Prezzi>
  <Prezzi>
    <Data>20160425</Data>
    <Mercato>MGP</Mercato>
    <Ora>19</Ora>
    <PUN>27,911400</PUN>
    <NAT>28,000000</NAT>
    <CNOR>28,412720</CNOR>
    <CSUD>28,412720</CSUD>
    <NORD>28,412720</NORD>
    <SARD>28,412720</SARD>
    <SICI>19,960000</SICI>
    <SUD>28,412720</SUD>
    <AUST>28,412720</AUST>
    <BRNN>28,412720</BRNN>
    <COAC>28,412720</COAC>
    <CORS>28,412720</CORS>
    <FOGN>28,412720</FOGN>
    <FRAN>28,412720</FRAN>
    <GREC>28,412720</GREC>
    <MFTV>28,412720</MFTV>
    <PRGP>19,960000</PRGP>
    <ROSN>28,412720</ROSN>
    <SLOV>28,412720</SLOV>
    <SVIZ>28,412720</SVIZ>
    <BSP>28,412720</BSP>
    <MALT>19,960000</MALT>
    <XAUS>28,412720</XAUS>
    <XFRA>28,412720</XFRA>
  </Prezzi>
  <Prezzi>
    <Data>20160425</Data>
    <Mercato>MGP</Mercato>
    <Ora>20</Ora>
    <PUN>31,494910</PUN>
    <NAT>31,850000</NAT>
    <CNOR>31,190000</CNOR>
    <CSUD>31,190000</CSUD>
    <NORD>31,190000</NORD>
    <SARD>31,190000</SARD>
    <SICI>36,000000</SICI>
    <SUD>31,190000</SUD>
    <AUST>31,190000</AUST>
    <BRNN>31,190000</BRNN>
    <COAC>31,190000</COAC>
    <CORS>31,190000</CORS>
    <FOGN>31,190000</FOGN>
    <FRAN>31,190000</FRAN>
    <GREC>31,190000</GREC>
    <MFTV>31,190000</MFTV>
    <PRGP>36,000000</PRGP>
    <ROSN>31,190000</ROSN>
    <SLOV>31,190000</SLOV>
    <SVIZ>31,190000</SVIZ>
    <BSP>31,190000</BSP>
    <MALT>36,000000</MALT>
    <XAUS>31,190000</XAUS>
    <XFRA>31,190000</XFRA>
  </Prezzi>
  <Prezzi>
    <Data>20160425</Data>
    <Mercato>MGP</Mercato>
    <Ora>21</Ora>
    <PUN>33,740800</PUN>
    <NAT>35,000000</NAT>
    <CNOR>33,090000</CNOR>
    <CSUD>33,090000</CSUD>
    <NORD>33,090000</NORD>
    <SARD>33,090000</SARD>
    <SICI>41,780000</SICI>
    <SUD>33,090000</SUD>
    <AUST>33,090000</AUST>
    <BRNN>33,090000</BRNN>
    <COAC>33,090000</COAC>
    <CORS>33,090000</CORS>
    <FOGN>33,090000</FOGN>
    <FRAN>33,090000</FRAN>
    <GREC>33,090000</GREC>
    <MFTV>33,090000</MFTV>
    <PRGP>41,780000</PRGP>
    <ROSN>33,090000</ROSN>
    <SLOV>33,090000</SLOV>
    <SVIZ>33,090000</SVIZ>
    <BSP>33,090000</BSP>
    <MALT>41,780000</MALT>
    <XAUS>33,090000</XAUS>
    <XFRA>33,090000</XFRA>
  </Prezzi>
  <Prezzi>
    <Data>20160425</Data>
    <Mercato>MGP</Mercato>
    <Ora>22</Ora>
    <PUN>35,532020</PUN>
    <NAT>36,700000</NAT>
    <CNOR>35,080000</CNOR>
    <CSUD>35,080000</CSUD>
    <NORD>35,080000</NORD>
    <SARD>35,080000</SARD>
    <SICI>41,690000</SICI>
    <SUD>35,080000</SUD>
    <AUST>35,080000</AUST>
    <BRNN>35,080000</BRNN>
    <COAC>35,080000</COAC>
    <CORS>35,080000</CORS>
    <FOGN>35,080000</FOGN>
    <FRAN>35,080000</FRAN>
    <GREC>35,080000</GREC>
    <MFTV>35,080000</MFTV>
    <PRGP>41,690000</PRGP>
    <ROSN>35,080000</ROSN>
    <SLOV>35,080000</SLOV>
    <SVIZ>35,080000</SVIZ>
    <BSP>35,080000</BSP>
    <MALT>41,690000</MALT>
    <XAUS>35,080000</XAUS>
    <XFRA>35,080000</XFRA>
  </Prezzi>
  <Prezzi>
    <Data>20160425</Data>
    <Mercato>MGP</Mercato>
    <Ora>23</Ora>
    <PUN>32,170000</PUN>
    <NAT>33,150000</NAT>
    <CNOR>31,467540</CNOR>
    <CSUD>31,467540</CSUD>
    <NORD>31,467540</NORD>
    <SARD>31,467540</SARD>
    <SICI>41,690000</SICI>
    <SUD>31,467540</SUD>
    <AUST>31,467540</AUST>
    <BRNN>31,467540</BRNN>
    <COAC>31,467540</COAC>
    <CORS>31,467540</CORS>
    <FOGN>31,467540</FOGN>
    <FRAN>31,467540</FRAN>
    <GREC>31,467540</GREC>
    <MFTV>31,467540</MFTV>
    <PRGP>41,690000</PRGP>
    <ROSN>31,467540</ROSN>
    <SLOV>31,467540</SLOV>
    <SVIZ>31,467540</SVIZ>
    <BSP>31,467540</BSP>
    <MALT>41,690000</MALT>
    <XAUS>31,467540</XAUS>
    <XFRA>31,467540</XFRA>
  </Prezzi>
  <Prezzi>
    <Data>20160425</Data>
    <Mercato>MGP</Mercato>
    <Ora>24</Ora>
    <PUN>31,330250</PUN>
    <NAT>31,270000</NAT>
    <CNOR>30,970000</CNOR>
    <CSUD>30,970000</CSUD>
    <NORD>30,970000</NORD>
    <SARD>30,970000</SARD>
    <SICI>36,000000</SICI>
    <SUD>30,970000</SUD>
    <AUST>30,970000</AUST>
    <BRNN>30,970000</BRNN>
    <COAC>30,970000</COAC>
    <CORS>30,970000</CORS>
    <FOGN>30,970000</FOGN>
    <FRAN>30,970000</FRAN>
    <GREC>30,970000</GREC>
    <MFTV>30,970000</MFTV>
    <PRGP>36,000000</PRGP>
    <ROSN>30,970000</ROSN>
    <SLOV>30,970000</SLOV>
    <SVIZ>30,970000</SVIZ>
    <BSP>30,970000</BSP>
    <MALT>36,000000</MALT>
    <XAUS>30,970000</XAUS>
    <XFRA>30,970000</XFRA>
  </Prezzi>
</NewDataSet>