<?xml version="1.0" standalone="yes"?>
<NewDataSet>
  <xs:schema id="NewDataSet" xmlns="" xmlns:xs="http://www.w3.org/2001/XMLSchema" xmlns:msdata="urn:schemas-microsoft-com:xml-msdata">
    <xs:element name="NewDataSet" msdata:IsDataSet="true" msdata:UseCurrentLocale="true">
      <xs:complexType>
        <xs:choice minOccurs="0" maxOccurs="unbounded">
          <xs:element name="Prezzi">
            <xs:complexType>
              <xs:sequence>
                <xs:element name="Data" type="xs:string" minOccurs="0" />
                <xs:element name="Mercato" type="xs:string" minOccurs="0" />
                <xs:element name="Ora" type="xs:string" minOccurs="0" />
                <xs:element name="PUN" type="xs:string" minOccurs="0" />
                <xs:element name="NAT" type="xs:string" minOccurs="0" />
                <xs:element name="CNOR" type="xs:string" minOccurs="0" />
                <xs:element name="CSUD" type="xs:string" minOccurs="0" />
                <xs:element name="NORD" type="xs:string" minOccurs="0" />
                <xs:element name="SARD" type="xs:string" minOccurs="0" />
                <xs:element name="SICI" type="xs:string" minOccurs="0" />
                <xs:element name="SUD" type="xs:string" minOccurs="0" />
                <xs:element name="AUST" type="xs:string" minOccurs="0" />
                <xs:element name="BRNN" type="xs:string" minOccurs="0" />
                <xs:element name="COAC" type="xs:string" minOccurs="0" />
                <xs:element name="CORS" type="xs:string" minOccurs="0" />
                <xs:element name="FOGN" type="xs:string" minOccurs="0" />
                <xs:element name="FRAN" type="xs:string" minOccurs="0" />
                <xs:element name="GREC" type="xs:string" minOccurs="0" />
                <xs:element name="MFTV" type="xs:string" minOccurs="0" />
                <xs:element name="PRGP" type="xs:string" minOccurs="0" />
                <xs:element name="ROSN" type="xs:string" minOccurs="0" />
                <xs:element name="SLOV" type="xs:string" minOccurs="0" />
                <xs:element name="SVIZ" type="xs:string" minOccurs="0" />
                <xs:element name="BSP" type="xs:string" minOccurs="0" />
                <xs:element name="MALT" type="xs:string" minOccurs="0" />
                <xs:element name="XAUS" type="xs:string" minOccurs="0" />
                <xs:element name="XFRA" type="xs:string" minOccurs="0" />
              </xs:sequence>
            </xs:complexType>
          </xs:element>
        </xs:choice>
      </xs:complexType>
    </xs:element>
  </xs:schema>
  <Prezzi>
    <Data>20160407</Data>
    <Mercato>MGP</Mercato>
    <Ora>1</Ora>
    <PUN>27,025740</PUN>
    <NAT>28,530000</NAT>
    <CNOR>30,140000</CNOR>
    <CSUD>30,140000</CSUD>
    <NORD>23,930000</NORD>
    <SARD>30,140000</SARD>
    <SICI>30,140000</SICI>
    <SUD>30,140000</SUD>
    <AUST>23,930000</AUST>
    <BRNN>30,140000</BRNN>
    <COAC>30,140000</COAC>
    <CORS>30,140000</CORS>
    <FOGN>30,140000</FOGN>
    <FRAN>23,930000</FRAN>
    <GREC>30,140000</GREC>
    <MFTV>23,930000</MFTV>
    <PRGP>30,140000</PRGP>
    <ROSN>30,140000</ROSN>
    <SLOV>23,930000</SLOV>
    <SVIZ>23,930000</SVIZ>
    <BSP>23,930000</BSP>
    <MALT>30,140000</MALT>
    <XAUS>23,930000</XAUS>
    <XFRA>23,930000</XFRA>
  </Prezzi>
  <Prezzi>
    <Data>20160407</Data>
    <Mercato>MGP</Mercato>
    <Ora>2</Ora>
    <PUN>24,318450</PUN>
    <NAT>25,100000</NAT>
    <CNOR>26,300000</CNOR>
    <CSUD>26,300000</CSUD>
    <NORD>22,400000</NORD>
    <SARD>26,300000</SARD>
    <SICI>26,300000</SICI>
    <SUD>26,300000</SUD>
    <AUST>22,400000</AUST>
    <BRNN>26,300000</BRNN>
    <COAC>26,300000</COAC>
    <CORS>26,300000</CORS>
    <FOGN>26,300000</FOGN>
    <FRAN>22,400000</FRAN>
    <GREC>26,300000</GREC>
    <MFTV>22,400000</MFTV>
    <PRGP>26,300000</PRGP>
    <ROSN>26,300000</ROSN>
    <SLOV>22,400000</SLOV>
    <SVIZ>22,400000</SVIZ>
    <BSP>22,400000</BSP>
    <MALT>26,300000</MALT>
    <XAUS>22,400000</XAUS>
    <XFRA>22,400000</XFRA>
  </Prezzi>
  <Prezzi>
    <Data>20160407</Data>
    <Mercato>MGP</Mercato>
    <Ora>3</Ora>
    <PUN>23,722430</PUN>
    <NAT>24,130000</NAT>
    <CNOR>25,150000</CNOR>
    <CSUD>25,150000</CSUD>
    <NORD>22,410000</NORD>
    <SARD>25,150000</SARD>
    <SICI>25,150000</SICI>
    <SUD>25,150000</SUD>
    <AUST>22,410000</AUST>
    <BRNN>25,150000</BRNN>
    <COAC>25,150000</COAC>
    <CORS>25,150000</CORS>
    <FOGN>25,150000</FOGN>
    <FRAN>22,410000</FRAN>
    <GREC>25,150000</GREC>
    <MFTV>22,410000</MFTV>
    <PRGP>25,150000</PRGP>
    <ROSN>25,150000</ROSN>
    <SLOV>22,410000</SLOV>
    <SVIZ>22,410000</SVIZ>
    <BSP>22,410000</BSP>
    <MALT>25,150000</MALT>
    <XAUS>22,410000</XAUS>
    <XFRA>22,410000</XFRA>
  </Prezzi>
  <Prezzi>
    <Data>20160407</Data>
    <Mercato>MGP</Mercato>
    <Ora>4</Ora>
    <PUN>23,238610</PUN>
    <NAT>23,930000</NAT>
    <CNOR>25,100000</CNOR>
    <CSUD>25,100000</CSUD>
    <NORD>21,520000</NORD>
    <SARD>25,100000</SARD>
    <SICI>25,100000</SICI>
    <SUD>25,100000</SUD>
    <AUST>21,520000</AUST>
    <BRNN>25,100000</BRNN>
    <COAC>25,100000</COAC>
    <CORS>25,100000</CORS>
    <FOGN>25,100000</FOGN>
    <FRAN>21,520000</FRAN>
    <GREC>25,100000</GREC>
    <MFTV>21,520000</MFTV>
    <PRGP>25,100000</PRGP>
    <ROSN>25,100000</ROSN>
    <SLOV>21,520000</SLOV>
    <SVIZ>21,520000</SVIZ>
    <BSP>21,520000</BSP>
    <MALT>25,100000</MALT>
    <XAUS>21,520000</XAUS>
    <XFRA>21,520000</XFRA>
  </Prezzi>
  <Prezzi>
    <Data>20160407</Data>
    <Mercato>MGP</Mercato>
    <Ora>5</Ora>
    <PUN>23,742460</PUN>
    <NAT>24,000000</NAT>
    <CNOR>25,100000</CNOR>
    <CSUD>25,100000</CSUD>
    <NORD>22,510000</NORD>
    <SARD>25,100000</SARD>
    <SICI>25,100000</SICI>
    <SUD>25,100000</SUD>
    <AUST>22,510000</AUST>
    <BRNN>25,100000</BRNN>
    <COAC>25,100000</COAC>
    <CORS>25,100000</CORS>
    <FOGN>25,100000</FOGN>
    <FRAN>22,510000</FRAN>
    <GREC>25,100000</GREC>
    <MFTV>22,510000</MFTV>
    <PRGP>25,100000</PRGP>
    <ROSN>25,100000</ROSN>
    <SLOV>22,510000</SLOV>
    <SVIZ>22,510000</SVIZ>
    <BSP>22,510000</BSP>
    <MALT>25,100000</MALT>
    <XAUS>22,510000</XAUS>
    <XFRA>22,510000</XFRA>
  </Prezzi>
  <Prezzi>
    <Data>20160407</Data>
    <Mercato>MGP</Mercato>
    <Ora>6</Ora>
    <PUN>25,000000</PUN>
    <NAT>25,150000</NAT>
    <CNOR>25,150000</CNOR>
    <CSUD>25,150000</CSUD>
    <NORD>24,865060</NORD>
    <SARD>25,150000</SARD>
    <SICI>25,150000</SICI>
    <SUD>25,150000</SUD>
    <AUST>24,865060</AUST>
    <BRNN>25,150000</BRNN>
    <COAC>25,150000</COAC>
    <CORS>25,150000</CORS>
    <FOGN>25,150000</FOGN>
    <FRAN>24,865060</FRAN>
    <GREC>25,150000</GREC>
    <MFTV>24,865060</MFTV>
    <PRGP>25,150000</PRGP>
    <ROSN>25,150000</ROSN>
    <SLOV>24,865060</SLOV>
    <SVIZ>24,865060</SVIZ>
    <BSP>24,865060</BSP>
    <MALT>25,150000</MALT>
    <XAUS>24,865060</XAUS>
    <XFRA>24,865060</XFRA>
  </Prezzi>
  <Prezzi>
    <Data>20160407</Data>
    <Mercato>MGP</Mercato>
    <Ora>7</Ora>
    <PUN>32,480000</PUN>
    <NAT>32,480000</NAT>
    <CNOR>32,480000</CNOR>
    <CSUD>32,480000</CSUD>
    <NORD>32,480000</NORD>
    <SARD>32,480000</SARD>
    <SICI>32,480000</SICI>
    <SUD>32,480000</SUD>
    <AUST>32,480000</AUST>
    <BRNN>32,480000</BRNN>
    <COAC>32,480000</COAC>
    <CORS>32,480000</CORS>
    <FOGN>32,480000</FOGN>
    <FRAN>32,480000</FRAN>
    <GREC>32,480000</GREC>
    <MFTV>32,480000</MFTV>
    <PRGP>32,480000</PRGP>
    <ROSN>32,480000</ROSN>
    <SLOV>32,480000</SLOV>
    <SVIZ>32,480000</SVIZ>
    <BSP>32,480000</BSP>
    <MALT>32,480000</MALT>
    <XAUS>32,480000</XAUS>
    <XFRA>32,480000</XFRA>
  </Prezzi>
  <Prezzi>
    <Data>20160407</Data>
    <Mercato>MGP</Mercato>
    <Ora>8</Ora>
    <PUN>35,800000</PUN>
    <NAT>35,800000</NAT>
    <CNOR>35,800000</CNOR>
    <CSUD>35,800000</CSUD>
    <NORD>35,800000</NORD>
    <SARD>35,800000</SARD>
    <SICI>35,800000</SICI>
    <SUD>35,800000</SUD>
    <AUST>35,800000</AUST>
    <BRNN>35,800000</BRNN>
    <COAC>35,800000</COAC>
    <CORS>35,800000</CORS>
    <FOGN>35,800000</FOGN>
    <FRAN>35,800000</FRAN>
    <GREC>35,800000</GREC>
    <MFTV>35,800000</MFTV>
    <PRGP>35,800000</PRGP>
    <ROSN>35,800000</ROSN>
    <SLOV>35,800000</SLOV>
    <SVIZ>35,800000</SVIZ>
    <BSP>35,800000</BSP>
    <MALT>35,800000</MALT>
    <XAUS>35,800000</XAUS>
    <XFRA>35,800000</XFRA>
  </Prezzi>
  <Prezzi>
    <Data>20160407</Data>
    <Mercato>MGP</Mercato>
    <Ora>9</Ora>
    <PUN>37,810560</PUN>
    <NAT>37,800000</NAT>
    <CNOR>37,800000</CNOR>
    <CSUD>37,800000</CSUD>
    <NORD>37,800000</NORD>
    <SARD>37,800000</SARD>
    <SICI>38,010000</SICI>
    <SUD>37,800000</SUD>
    <AUST>37,800000</AUST>
    <BRNN>37,800000</BRNN>
    <COAC>37,800000</COAC>
    <CORS>37,800000</CORS>
    <FOGN>37,800000</FOGN>
    <FRAN>37,800000</FRAN>
    <GREC>37,800000</GREC>
    <MFTV>37,800000</MFTV>
    <PRGP>38,010000</PRGP>
    <ROSN>37,800000</ROSN>
    <SLOV>37,800000</SLOV>
    <SVIZ>37,800000</SVIZ>
    <BSP>37,800000</BSP>
    <MALT>38,010000</MALT>
    <XAUS>37,800000</XAUS>
    <XFRA>37,800000</XFRA>
  </Prezzi>
  <Prezzi>
    <Data>20160407</Data>
    <Mercato>MGP</Mercato>
    <Ora>10</Ora>
    <PUN>35,704390</PUN>
    <NAT>36,000000</NAT>
    <CNOR>36,000000</CNOR>
    <CSUD>36,000000</CSUD>
    <NORD>36,000000</NORD>
    <SARD>36,000000</SARD>
    <SICI>33,900000</SICI>
    <SUD>33,900000</SUD>
    <AUST>36,000000</AUST>
    <BRNN>33,900000</BRNN>
    <COAC>36,000000</COAC>
    <CORS>36,000000</CORS>
    <FOGN>33,900000</FOGN>
    <FRAN>36,000000</FRAN>
    <GREC>33,900000</GREC>
    <MFTV>36,000000</MFTV>
    <PRGP>33,900000</PRGP>
    <ROSN>33,900000</ROSN>
    <SLOV>36,000000</SLOV>
    <SVIZ>36,000000</SVIZ>
    <BSP>36,000000</BSP>
    <MALT>33,900000</MALT>
    <XAUS>36,000000</XAUS>
    <XFRA>36,000000</XFRA>
  </Prezzi>
  <Prezzi>
    <Data>20160407</Data>
    <Mercato>MGP</Mercato>
    <Ora>11</Ora>
    <PUN>31,270740</PUN>
    <NAT>31,570000</NAT>
    <CNOR>31,800000</CNOR>
    <CSUD>31,800000</CSUD>
    <NORD>31,800000</NORD>
    <SARD>31,800000</SARD>
    <SICI>28,000000</SICI>
    <SUD>28,000000</SUD>
    <AUST>31,800000</AUST>
    <BRNN>28,000000</BRNN>
    <COAC>31,800000</COAC>
    <CORS>31,800000</CORS>
    <FOGN>28,000000</FOGN>
    <FRAN>31,800000</FRAN>
    <GREC>28,000000</GREC>
    <MFTV>31,800000</MFTV>
    <PRGP>28,000000</PRGP>
    <ROSN>28,000000</ROSN>
    <SLOV>31,800000</SLOV>
    <SVIZ>31,800000</SVIZ>
    <BSP>31,800000</BSP>
    <MALT>28,000000</MALT>
    <XAUS>31,800000</XAUS>
    <XFRA>31,800000</XFRA>
  </Prezzi>
  <Prezzi>
    <Data>20160407</Data>
    <Mercato>MGP</Mercato>
    <Ora>12</Ora>
    <PUN>30,448860</PUN>
    <NAT>30,010000</NAT>
    <CNOR>31,320000</CNOR>
    <CSUD>31,320000</CSUD>
    <NORD>31,320000</NORD>
    <SARD>31,320000</SARD>
    <SICI>24,130000</SICI>
    <SUD>25,500000</SUD>
    <AUST>31,320000</AUST>
    <BRNN>25,500000</BRNN>
    <COAC>31,320000</COAC>
    <CORS>31,320000</CORS>
    <FOGN>25,500000</FOGN>
    <FRAN>31,320000</FRAN>
    <GREC>25,500000</GREC>
    <MFTV>31,320000</MFTV>
    <PRGP>24,130000</PRGP>
    <ROSN>25,500000</ROSN>
    <SLOV>31,320000</SLOV>
    <SVIZ>31,320000</SVIZ>
    <BSP>31,320000</BSP>
    <MALT>24,130000</MALT>
    <XAUS>31,320000</XAUS>
    <XFRA>31,320000</XFRA>
  </Prezzi>
  <Prezzi>
    <Data>20160407</Data>
    <Mercato>MGP</Mercato>
    <Ora>13</Ora>
    <PUN>26,510500</PUN>
    <NAT>25,880000</NAT>
    <CNOR>26,800000</CNOR>
    <CSUD>26,800000</CSUD>
    <NORD>26,800000</NORD>
    <SARD>26,800000</SARD>
    <SICI>24,130000</SICI>
    <SUD>25,150000</SUD>
    <AUST>26,800000</AUST>
    <BRNN>25,150000</BRNN>
    <COAC>26,800000</COAC>
    <CORS>26,800000</CORS>
    <FOGN>25,150000</FOGN>
    <FRAN>26,800000</FRAN>
    <GREC>25,150000</GREC>
    <MFTV>26,800000</MFTV>
    <PRGP>24,130000</PRGP>
    <ROSN>25,150000</ROSN>
    <SLOV>26,800000</SLOV>
    <SVIZ>26,800000</SVIZ>
    <BSP>26,800000</BSP>
    <MALT>24,130000</MALT>
    <XAUS>26,800000</XAUS>
    <XFRA>26,800000</XFRA>
  </Prezzi>
  <Prezzi>
    <Data>20160407</Data>
    <Mercato>MGP</Mercato>
    <Ora>14</Ora>
    <PUN>24,890960</PUN>
    <NAT>24,910000</NAT>
    <CNOR>24,930000</CNOR>
    <CSUD>24,930000</CSUD>
    <NORD>24,930000</NORD>
    <SARD>24,930000</SARD>
    <SICI>24,130000</SICI>
    <SUD>24,930000</SUD>
    <AUST>24,930000</AUST>
    <BRNN>24,930000</BRNN>
    <COAC>24,930000</COAC>
    <CORS>24,930000</CORS>
    <FOGN>24,930000</FOGN>
    <FRAN>24,930000</FRAN>
    <GREC>24,930000</GREC>
    <MFTV>24,930000</MFTV>
    <PRGP>24,130000</PRGP>
    <ROSN>24,930000</ROSN>
    <SLOV>24,930000</SLOV>
    <SVIZ>24,930000</SVIZ>
    <BSP>24,930000</BSP>
    <MALT>24,130000</MALT>
    <XAUS>24,930000</XAUS>
    <XFRA>24,930000</XFRA>
  </Prezzi>
  <Prezzi>
    <Data>20160407</Data>
    <Mercato>MGP</Mercato>
    <Ora>15</Ora>
    <PUN>25,231400</PUN>
    <NAT>25,150000</NAT>
    <CNOR>25,300000</CNOR>
    <CSUD>25,300000</CSUD>
    <NORD>25,300000</NORD>
    <SARD>25,300000</SARD>
    <SICI>24,130000</SICI>
    <SUD>25,150000</SUD>
    <AUST>25,300000</AUST>
    <BRNN>25,150000</BRNN>
    <COAC>25,300000</COAC>
    <CORS>25,300000</CORS>
    <FOGN>25,150000</FOGN>
    <FRAN>25,300000</FRAN>
    <GREC>25,150000</GREC>
    <MFTV>25,300000</MFTV>
    <PRGP>24,130000</PRGP>
    <ROSN>25,150000</ROSN>
    <SLOV>25,300000</SLOV>
    <SVIZ>25,300000</SVIZ>
    <BSP>25,300000</BSP>
    <MALT>24,130000</MALT>
    <XAUS>25,300000</XAUS>
    <XFRA>25,300000</XFRA>
  </Prezzi>
  <Prezzi>
    <Data>20160407</Data>
    <Mercato>MGP</Mercato>
    <Ora>16</Ora>
    <PUN>26,882580</PUN>
    <NAT>26,870000</NAT>
    <CNOR>27,100000</CNOR>
    <CSUD>27,100000</CSUD>
    <NORD>27,100000</NORD>
    <SARD>27,100000</SARD>
    <SICI>25,500000</SICI>
    <SUD>25,500000</SUD>
    <AUST>27,100000</AUST>
    <BRNN>25,500000</BRNN>
    <COAC>27,100000</COAC>
    <CORS>27,100000</CORS>
    <FOGN>25,500000</FOGN>
    <FRAN>27,100000</FRAN>
    <GREC>25,500000</GREC>
    <MFTV>27,100000</MFTV>
    <PRGP>25,500000</PRGP>
    <ROSN>25,500000</ROSN>
    <SLOV>27,100000</SLOV>
    <SVIZ>27,100000</SVIZ>
    <BSP>27,100000</BSP>
    <MALT>25,500000</MALT>
    <XAUS>27,100000</XAUS>
    <XFRA>27,100000</XFRA>
  </Prezzi>
  <Prezzi>
    <Data>20160407</Data>
    <Mercato>MGP</Mercato>
    <Ora>17</Ora>
    <PUN>28,000000</PUN>
    <NAT>28,000000</NAT>
    <CNOR>28,000000</CNOR>
    <CSUD>28,000000</CSUD>
    <NORD>28,000000</NORD>
    <SARD>28,000000</SARD>
    <SICI>28,000000</SICI>
    <SUD>28,000000</SUD>
    <AUST>28,000000</AUST>
    <BRNN>28,000000</BRNN>
    <COAC>28,000000</COAC>
    <CORS>28,000000</CORS>
    <FOGN>28,000000</FOGN>
    <FRAN>28,000000</FRAN>
    <GREC>28,000000</GREC>
    <MFTV>28,000000</MFTV>
    <PRGP>28,000000</PRGP>
    <ROSN>28,000000</ROSN>
    <SLOV>28,000000</SLOV>
    <SVIZ>28,000000</SVIZ>
    <BSP>28,000000</BSP>
    <MALT>28,000000</MALT>
    <XAUS>28,000000</XAUS>
    <XFRA>28,000000</XFRA>
  </Prezzi>
  <Prezzi>
    <Data>20160407</Data>
    <Mercato>MGP</Mercato>
    <Ora>18</Ora>
    <PUN>30,300460</PUN>
    <NAT>30,000000</NAT>
    <CNOR>30,000000</CNOR>
    <CSUD>30,000000</CSUD>
    <NORD>30,000000</NORD>
    <SARD>30,000000</SARD>
    <SICI>36,000000</SICI>
    <SUD>30,000000</SUD>
    <AUST>30,000000</AUST>
    <BRNN>30,000000</BRNN>
    <COAC>30,000000</COAC>
    <CORS>30,000000</CORS>
    <FOGN>30,000000</FOGN>
    <FRAN>30,000000</FRAN>
    <GREC>30,000000</GREC>
    <MFTV>30,000000</MFTV>
    <PRGP>36,000000</PRGP>
    <ROSN>30,000000</ROSN>
    <SLOV>30,000000</SLOV>
    <SVIZ>30,000000</SVIZ>
    <BSP>30,000000</BSP>
    <MALT>36,000000</MALT>
    <XAUS>30,000000</XAUS>
    <XFRA>30,000000</XFRA>
  </Prezzi>
  <Prezzi>
    <Data>20160407</Data>
    <Mercato>MGP</Mercato>
    <Ora>19</Ora>
    <PUN>32,056090</PUN>
    <NAT>31,800000</NAT>
    <CNOR>31,500000</CNOR>
    <CSUD>31,500000</CSUD>
    <NORD>31,500000</NORD>
    <SARD>31,500000</SARD>
    <SICI>41,690000</SICI>
    <SUD>31,500000</SUD>
    <AUST>31,500000</AUST>
    <BRNN>31,500000</BRNN>
    <COAC>31,500000</COAC>
    <CORS>31,500000</CORS>
    <FOGN>31,500000</FOGN>
    <FRAN>31,500000</FRAN>
    <GREC>31,500000</GREC>
    <MFTV>31,500000</MFTV>
    <PRGP>41,690000</PRGP>
    <ROSN>31,500000</ROSN>
    <SLOV>31,500000</SLOV>
    <SVIZ>31,500000</SVIZ>
    <BSP>31,500000</BSP>
    <MALT>41,690000</MALT>
    <XAUS>31,500000</XAUS>
    <XFRA>31,500000</XFRA>
  </Prezzi>
  <Prezzi>
    <Data>20160407</Data>
    <Mercato>MGP</Mercato>
    <Ora>20</Ora>
    <PUN>34,757510</PUN>
    <NAT>35,620000</NAT>
    <CNOR>34,290000</CNOR>
    <CSUD>34,290000</CSUD>
    <NORD>34,290000</NORD>
    <SARD>34,290000</SARD>
    <SICI>42,280000</SICI>
    <SUD>34,290000</SUD>
    <AUST>34,290000</AUST>
    <BRNN>34,290000</BRNN>
    <COAC>34,290000</COAC>
    <CORS>34,290000</CORS>
    <FOGN>34,290000</FOGN>
    <FRAN>34,290000</FRAN>
    <GREC>34,290000</GREC>
    <MFTV>34,290000</MFTV>
    <PRGP>42,280000</PRGP>
    <ROSN>34,290000</ROSN>
    <SLOV>34,290000</SLOV>
    <SVIZ>34,290000</SVIZ>
    <BSP>34,290000</BSP>
    <MALT>42,280000</MALT>
    <XAUS>34,290000</XAUS>
    <XFRA>34,290000</XFRA>
  </Prezzi>
  <Prezzi>
    <Data>20160407</Data>
    <Mercato>MGP</Mercato>
    <Ora>21</Ora>
    <PUN>43,510810</PUN>
    <NAT>41,780000</NAT>
    <CNOR>49,030000</CNOR>
    <CSUD>49,030000</CSUD>
    <NORD>37,990000</NORD>
    <SARD>49,030000</SARD>
    <SICI>49,030000</SICI>
    <SUD>49,030000</SUD>
    <AUST>37,990000</AUST>
    <BRNN>49,030000</BRNN>
    <COAC>49,030000</COAC>
    <CORS>49,030000</CORS>
    <FOGN>49,030000</FOGN>
    <FRAN>37,990000</FRAN>
    <GREC>49,030000</GREC>
    <MFTV>37,990000</MFTV>
    <PRGP>49,030000</PRGP>
    <ROSN>49,030000</ROSN>
    <SLOV>37,990000</SLOV>
    <SVIZ>37,990000</SVIZ>
    <BSP>37,990000</BSP>
    <MALT>49,030000</MALT>
    <XAUS>37,990000</XAUS>
    <XFRA>37,990000</XFRA>
  </Prezzi>
  <Prezzi>
    <Data>20160407</Data>
    <Mercato>MGP</Mercato>
    <Ora>22</Ora>
    <PUN>36,263440</PUN>
    <NAT>36,000000</NAT>
    <CNOR>35,870000</CNOR>
    <CSUD>35,870000</CSUD>
    <NORD>35,870000</NORD>
    <SARD>35,870000</SARD>
    <SICI>42,280000</SICI>
    <SUD>35,870000</SUD>
    <AUST>35,870000</AUST>
    <BRNN>35,870000</BRNN>
    <COAC>35,870000</COAC>
    <CORS>35,870000</CORS>
    <FOGN>35,870000</FOGN>
    <FRAN>35,870000</FRAN>
    <GREC>35,870000</GREC>
    <MFTV>35,870000</MFTV>
    <PRGP>42,280000</PRGP>
    <ROSN>35,870000</ROSN>
    <SLOV>35,870000</SLOV>
    <SVIZ>35,870000</SVIZ>
    <BSP>35,870000</BSP>
    <MALT>42,280000</MALT>
    <XAUS>35,870000</XAUS>
    <XFRA>35,870000</XFRA>
  </Prezzi>
  <Prezzi>
    <Data>20160407</Data>
    <Mercato>MGP</Mercato>
    <Ora>23</Ora>
    <PUN>32,130270</PUN>
    <NAT>32,000000</NAT>
    <CNOR>32,110000</CNOR>
    <CSUD>32,110000</CSUD>
    <NORD>30,840000</NORD>
    <SARD>32,110000</SARD>
    <SICI>42,280000</SICI>
    <SUD>32,110000</SUD>
    <AUST>30,840000</AUST>
    <BRNN>32,110000</BRNN>
    <COAC>32,110000</COAC>
    <CORS>32,110000</CORS>
    <FOGN>32,110000</FOGN>
    <FRAN>30,840000</FRAN>
    <GREC>32,110000</GREC>
    <MFTV>30,840000</MFTV>
    <PRGP>42,280000</PRGP>
    <ROSN>32,110000</ROSN>
    <SLOV>30,840000</SLOV>
    <SVIZ>30,840000</SVIZ>
    <BSP>30,840000</BSP>
    <MALT>42,280000</MALT>
    <XAUS>30,840000</XAUS>
    <XFRA>30,840000</XFRA>
  </Prezzi>
  <Prezzi>
    <Data>20160407</Data>
    <Mercato>MGP</Mercato>
    <Ora>24</Ora>
    <PUN>28,693100</PUN>
    <NAT>28,860000</NAT>
    <CNOR>28,500000</CNOR>
    <CSUD>28,500000</CSUD>
    <NORD>27,196570</NORD>
    <SARD>28,500000</SARD>
    <SICI>41,690000</SICI>
    <SUD>28,500000</SUD>
    <AUST>27,196570</AUST>
    <BRNN>28,500000</BRNN>
    <COAC>28,500000</COAC>
    <CORS>28,500000</CORS>
    <FOGN>28,500000</FOGN>
    <FRAN>27,196570</FRAN>
    <GREC>28,500000</GREC>
    <MFTV>27,196570</MFTV>
    <PRGP>41,690000</PRGP>
    <ROSN>28,500000</ROSN>
    <SLOV>27,196570</SLOV>
    <SVIZ>27,196570</SVIZ>
    <BSP>27,196570</BSP>
    <MALT>41,690000</MALT>
    <XAUS>27,196570</XAUS>
    <XFRA>27,196570</XFRA>
  </Prezzi>
</NewDataSet>