<?xml version="1.0" standalone="yes"?>
<NewDataSet>
  <xs:schema id="NewDataSet" xmlns="" xmlns:xs="http://www.w3.org/2001/XMLSchema" xmlns:msdata="urn:schemas-microsoft-com:xml-msdata">
    <xs:element name="NewDataSet" msdata:IsDataSet="true" msdata:MainDataTable="marketintervaldetail" msdata:UseCurrentLocale="true">
      <xs:complexType>
        <xs:choice minOccurs="0" maxOccurs="unbounded">
          <xs:element name="marketintervaldetail">
            <xs:complexType>
              <xs:sequence>
                <xs:element name="Data" type="xs:string" minOccurs="0" />
                <xs:element name="Mercato" type="xs:string" minOccurs="0" />
                <xs:element name="Ora" type="xs:string" minOccurs="0" />
                <xs:element name="Totale" type="xs:string" minOccurs="0" />
                <xs:element name="CNOR" type="xs:string" minOccurs="0" />
                <xs:element name="CSUD" type="xs:string" minOccurs="0" />
                <xs:element name="NORD" type="xs:string" minOccurs="0" />
                <xs:element name="SARD" type="xs:string" minOccurs="0" />
                <xs:element name="SICI" type="xs:string" minOccurs="0" />
                <xs:element name="SUD" type="xs:string" minOccurs="0" />
              </xs:sequence>
            </xs:complexType>
          </xs:element>
        </xs:choice>
      </xs:complexType>
    </xs:element>
  </xs:schema>
  <marketintervaldetail>
    <Data>20160305</Data>
    <Mercato>MGP</Mercato>
    <Ora>01</Ora>
    <Totale>27594</Totale>
    <CNOR>2815</CNOR>
    <CSUD>4763</CSUD>
    <NORD>15388</NORD>
    <SARD>858</SARD>
    <SICI>1622</SICI>
    <SUD>2148</SUD>
  </marketintervaldetail>
  <marketintervaldetail>
    <Data>20160305</Data>
    <Mercato>MGP</Mercato>
    <Ora>02</Ora>
    <Totale>25612</Totale>
    <CNOR>2649</CNOR>
    <CSUD>4343</CSUD>
    <NORD>14427</NORD>
    <SARD>785</SARD>
    <SICI>1472</SICI>
    <SUD>1936</SUD>
  </marketintervaldetail>
  <marketintervaldetail>
    <Data>20160305</Data>
    <Mercato>MGP</Mercato>
    <Ora>03</Ora>
    <Totale>24450</Totale>
    <CNOR>2533</CNOR>
    <CSUD>4100</CSUD>
    <NORD>13819</NORD>
    <SARD>756</SARD>
    <SICI>1410</SICI>
    <SUD>1832</SUD>
  </marketintervaldetail>
  <marketintervaldetail>
    <Data>20160305</Data>
    <Mercato>MGP</Mercato>
    <Ora>04</Ora>
    <Totale>24017</Totale>
    <CNOR>2511</CNOR>
    <CSUD>4004</CSUD>
    <NORD>13544</NORD>
    <SARD>741</SARD>
    <SICI>1381</SICI>
    <SUD>1836</SUD>
  </marketintervaldetail>
  <marketintervaldetail>
    <Data>20160305</Data>
    <Mercato>MGP</Mercato>
    <Ora>05</Ora>
    <Totale>24072</Totale>
    <CNOR>2495</CNOR>
    <CSUD>4013</CSUD>
    <NORD>13556</NORD>
    <SARD>743</SARD>
    <SICI>1389</SICI>
    <SUD>1876</SUD>
  </marketintervaldetail>
  <marketintervaldetail>
    <Data>20160305</Data>
    <Mercato>MGP</Mercato>
    <Ora>06</Ora>
    <Totale>24758</Totale>
    <CNOR>2544</CNOR>
    <CSUD>4189</CSUD>
    <NORD>13906</NORD>
    <SARD>766</SARD>
    <SICI>1457</SICI>
    <SUD>1896</SUD>
  </marketintervaldetail>
  <marketintervaldetail>
    <Data>20160305</Data>
    <Mercato>MGP</Mercato>
    <Ora>07</Ora>
    <Totale>26981</Totale>
    <CNOR>2792</CNOR>
    <CSUD>4368</CSUD>
    <NORD>15429</NORD>
    <SARD>858</SARD>
    <SICI>1540</SICI>
    <SUD>1994</SUD>
  </marketintervaldetail>
  <marketintervaldetail>
    <Data>20160305</Data>
    <Mercato>MGP</Mercato>
    <Ora>08</Ora>
    <Totale>29524</Totale>
    <CNOR>3151</CNOR>
    <CSUD>4759</CSUD>
    <NORD>16646</NORD>
    <SARD>971</SARD>
    <SICI>1713</SICI>
    <SUD>2284</SUD>
  </marketintervaldetail>
  <marketintervaldetail>
    <Data>20160305</Data>
    <Mercato>MGP</Mercato>
    <Ora>09</Ora>
    <Totale>32745</Totale>
    <CNOR>3367</CNOR>
    <CSUD>5370</CSUD>
    <NORD>18563</NORD>
    <SARD>1055</SARD>
    <SICI>1986</SICI>
    <SUD>2404</SUD>
  </marketintervaldetail>
  <marketintervaldetail>
    <Data>20160305</Data>
    <Mercato>MGP</Mercato>
    <Ora>10</Ora>
    <Totale>34559</Totale>
    <CNOR>3445</CNOR>
    <CSUD>5866</CSUD>
    <NORD>19593</NORD>
    <SARD>1064</SARD>
    <SICI>2176</SICI>
    <SUD>2415</SUD>
  </marketintervaldetail>
  <marketintervaldetail>
    <Data>20160305</Data>
    <Mercato>MGP</Mercato>
    <Ora>11</Ora>
    <Totale>34649</Totale>
    <CNOR>3482</CNOR>
    <CSUD>5846</CSUD>
    <NORD>19363</NORD>
    <SARD>1092</SARD>
    <SICI>2174</SICI>
    <SUD>2692</SUD>
  </marketintervaldetail>
  <marketintervaldetail>
    <Data>20160305</Data>
    <Mercato>MGP</Mercato>
    <Ora>12</Ora>
    <Totale>33400</Totale>
    <CNOR>3129</CNOR>
    <CSUD>5873</CSUD>
    <NORD>18625</NORD>
    <SARD>1074</SARD>
    <SICI>1958</SICI>
    <SUD>2741</SUD>
  </marketintervaldetail>
  <marketintervaldetail>
    <Data>20160305</Data>
    <Mercato>MGP</Mercato>
    <Ora>13</Ora>
    <Totale>31439</Totale>
    <CNOR>2805</CNOR>
    <CSUD>5785</CSUD>
    <NORD>17308</NORD>
    <SARD>1032</SARD>
    <SICI>1836</SICI>
    <SUD>2673</SUD>
  </marketintervaldetail>
  <marketintervaldetail>
    <Data>20160305</Data>
    <Mercato>MGP</Mercato>
    <Ora>14</Ora>
    <Totale>30008</Totale>
    <CNOR>2558</CNOR>
    <CSUD>5713</CSUD>
    <NORD>16357</NORD>
    <SARD>978</SARD>
    <SICI>1829</SICI>
    <SUD>2573</SUD>
  </marketintervaldetail>
  <marketintervaldetail>
    <Data>20160305</Data>
    <Mercato>MGP</Mercato>
    <Ora>15</Ora>
    <Totale>29278</Totale>
    <CNOR>2623</CNOR>
    <CSUD>5464</CSUD>
    <NORD>15961</NORD>
    <SARD>1011</SARD>
    <SICI>1873</SICI>
    <SUD>2346</SUD>
  </marketintervaldetail>
  <marketintervaldetail>
    <Data>20160305</Data>
    <Mercato>MGP</Mercato>
    <Ora>16</Ora>
    <Totale>29410</Totale>
    <CNOR>2924</CNOR>
    <CSUD>5486</CSUD>
    <NORD>15807</NORD>
    <SARD>1016</SARD>
    <SICI>1857</SICI>
    <SUD>2320</SUD>
  </marketintervaldetail>
  <marketintervaldetail>
    <Data>20160305</Data>
    <Mercato>MGP</Mercato>
    <Ora>17</Ora>
    <Totale>29735</Totale>
    <CNOR>3064</CNOR>
    <CSUD>5418</CSUD>
    <NORD>16034</NORD>
    <SARD>1018</SARD>
    <SICI>1904</SICI>
    <SUD>2297</SUD>
  </marketintervaldetail>
  <marketintervaldetail>
    <Data>20160305</Data>
    <Mercato>MGP</Mercato>
    <Ora>18</Ora>
    <Totale>31075</Totale>
    <CNOR>3277</CNOR>
    <CSUD>5318</CSUD>
    <NORD>16782</NORD>
    <SARD>1037</SARD>
    <SICI>2034</SICI>
    <SUD>2627</SUD>
  </marketintervaldetail>
  <marketintervaldetail>
    <Data>20160305</Data>
    <Mercato>MGP</Mercato>
    <Ora>19</Ora>
    <Totale>34760</Totale>
    <CNOR>3682</CNOR>
    <CSUD>5906</CSUD>
    <NORD>18644</NORD>
    <SARD>1100</SARD>
    <SICI>2339</SICI>
    <SUD>3089</SUD>
  </marketintervaldetail>
  <marketintervaldetail>
    <Data>20160305</Data>
    <Mercato>MGP</Mercato>
    <Ora>20</Ora>
    <Totale>37506</Totale>
    <CNOR>3954</CNOR>
    <CSUD>6432</CSUD>
    <NORD>20109</NORD>
    <SARD>1184</SARD>
    <SICI>2493</SICI>
    <SUD>3334</SUD>
  </marketintervaldetail>
  <marketintervaldetail>
    <Data>20160305</Data>
    <Mercato>MGP</Mercato>
    <Ora>21</Ora>
    <Totale>35234</Totale>
    <CNOR>3913</CNOR>
    <CSUD>5994</CSUD>
    <NORD>18410</NORD>
    <SARD>1168</SARD>
    <SICI>2439</SICI>
    <SUD>3310</SUD>
  </marketintervaldetail>
  <marketintervaldetail>
    <Data>20160305</Data>
    <Mercato>MGP</Mercato>
    <Ora>22</Ora>
    <Totale>32242</Totale>
    <CNOR>3614</CNOR>
    <CSUD>5482</CSUD>
    <NORD>16761</NORD>
    <SARD>1086</SARD>
    <SICI>2256</SICI>
    <SUD>3043</SUD>
  </marketintervaldetail>
  <marketintervaldetail>
    <Data>20160305</Data>
    <Mercato>MGP</Mercato>
    <Ora>23</Ora>
    <Totale>29554</Totale>
    <CNOR>3324</CNOR>
    <CSUD>5032</CSUD>
    <NORD>15426</NORD>
    <SARD>995</SARD>
    <SICI>2094</SICI>
    <SUD>2683</SUD>
  </marketintervaldetail>
  <marketintervaldetail>
    <Data>20160305</Data>
    <Mercato>MGP</Mercato>
    <Ora>24</Ora>
    <Totale>27308</Totale>
    <CNOR>3138</CNOR>
    <CSUD>4631</CSUD>
    <NORD>14270</NORD>
    <SARD>928</SARD>
    <SICI>1904</SICI>
    <SUD>2437</SUD>
  </marketintervaldetail>
</NewDataSet>