<?xml version="1.0" standalone="yes"?>
<NewDataSet>
  <xs:schema id="NewDataSet" xmlns="" xmlns:xs="http://www.w3.org/2001/XMLSchema" xmlns:msdata="urn:schemas-microsoft-com:xml-msdata">
    <xs:element name="NewDataSet" msdata:IsDataSet="true" msdata:MainDataTable="marketintervaldetail" msdata:UseCurrentLocale="true">
      <xs:complexType>
        <xs:choice minOccurs="0" maxOccurs="unbounded">
          <xs:element name="marketintervaldetail">
            <xs:complexType>
              <xs:sequence>
                <xs:element name="Data" type="xs:string" minOccurs="0" />
                <xs:element name="Mercato" type="xs:string" minOccurs="0" />
                <xs:element name="Ora" type="xs:string" minOccurs="0" />
                <xs:element name="Totale" type="xs:string" minOccurs="0" />
                <xs:element name="CNOR" type="xs:string" minOccurs="0" />
                <xs:element name="CSUD" type="xs:string" minOccurs="0" />
                <xs:element name="NORD" type="xs:string" minOccurs="0" />
                <xs:element name="SARD" type="xs:string" minOccurs="0" />
                <xs:element name="SICI" type="xs:string" minOccurs="0" />
                <xs:element name="SUD" type="xs:string" minOccurs="0" />
              </xs:sequence>
            </xs:complexType>
          </xs:element>
        </xs:choice>
      </xs:complexType>
    </xs:element>
  </xs:schema>
  <marketintervaldetail>
    <Data>20160317</Data>
    <Mercato>MGP</Mercato>
    <Ora>01</Ora>
    <Totale>27227</Totale>
    <CNOR>3126</CNOR>
    <CSUD>4170</CSUD>
    <NORD>15194</NORD>
    <SARD>835</SARD>
    <SICI>1736</SICI>
    <SUD>2166</SUD>
  </marketintervaldetail>
  <marketintervaldetail>
    <Data>20160317</Data>
    <Mercato>MGP</Mercato>
    <Ora>02</Ora>
    <Totale>25404</Totale>
    <CNOR>3015</CNOR>
    <CSUD>3800</CSUD>
    <NORD>14276</NORD>
    <SARD>775</SARD>
    <SICI>1554</SICI>
    <SUD>1984</SUD>
  </marketintervaldetail>
  <marketintervaldetail>
    <Data>20160317</Data>
    <Mercato>MGP</Mercato>
    <Ora>03</Ora>
    <Totale>24456</Totale>
    <CNOR>2928</CNOR>
    <CSUD>3617</CSUD>
    <NORD>13839</NORD>
    <SARD>750</SARD>
    <SICI>1464</SICI>
    <SUD>1858</SUD>
  </marketintervaldetail>
  <marketintervaldetail>
    <Data>20160317</Data>
    <Mercato>MGP</Mercato>
    <Ora>04</Ora>
    <Totale>24214</Totale>
    <CNOR>2812</CNOR>
    <CSUD>3560</CSUD>
    <NORD>13829</NORD>
    <SARD>749</SARD>
    <SICI>1426</SICI>
    <SUD>1838</SUD>
  </marketintervaldetail>
  <marketintervaldetail>
    <Data>20160317</Data>
    <Mercato>MGP</Mercato>
    <Ora>05</Ora>
    <Totale>24475</Totale>
    <CNOR>2794</CNOR>
    <CSUD>3562</CSUD>
    <NORD>14081</NORD>
    <SARD>751</SARD>
    <SICI>1449</SICI>
    <SUD>1838</SUD>
  </marketintervaldetail>
  <marketintervaldetail>
    <Data>20160317</Data>
    <Mercato>MGP</Mercato>
    <Ora>06</Ora>
    <Totale>26043</Totale>
    <CNOR>2944</CNOR>
    <CSUD>3781</CSUD>
    <NORD>15083</NORD>
    <SARD>776</SARD>
    <SICI>1508</SICI>
    <SUD>1951</SUD>
  </marketintervaldetail>
  <marketintervaldetail>
    <Data>20160317</Data>
    <Mercato>MGP</Mercato>
    <Ora>07</Ora>
    <Totale>29964</Totale>
    <CNOR>3416</CNOR>
    <CSUD>4243</CSUD>
    <NORD>17728</NORD>
    <SARD>882</SARD>
    <SICI>1654</SICI>
    <SUD>2041</SUD>
  </marketintervaldetail>
  <marketintervaldetail>
    <Data>20160317</Data>
    <Mercato>MGP</Mercato>
    <Ora>08</Ora>
    <Totale>35428</Totale>
    <CNOR>3974</CNOR>
    <CSUD>5117</CSUD>
    <NORD>20873</NORD>
    <SARD>1033</SARD>
    <SICI>1968</SICI>
    <SUD>2463</SUD>
  </marketintervaldetail>
  <marketintervaldetail>
    <Data>20160317</Data>
    <Mercato>MGP</Mercato>
    <Ora>09</Ora>
    <Totale>39643</Totale>
    <CNOR>4613</CNOR>
    <CSUD>5820</CSUD>
    <NORD>23197</NORD>
    <SARD>1119</SARD>
    <SICI>2146</SICI>
    <SUD>2748</SUD>
  </marketintervaldetail>
  <marketintervaldetail>
    <Data>20160317</Data>
    <Mercato>MGP</Mercato>
    <Ora>10</Ora>
    <Totale>40854</Totale>
    <CNOR>4629</CNOR>
    <CSUD>6125</CSUD>
    <NORD>23944</NORD>
    <SARD>1137</SARD>
    <SICI>2141</SICI>
    <SUD>2878</SUD>
  </marketintervaldetail>
  <marketintervaldetail>
    <Data>20160317</Data>
    <Mercato>MGP</Mercato>
    <Ora>11</Ora>
    <Totale>40655</Totale>
    <CNOR>4522</CNOR>
    <CSUD>6271</CSUD>
    <NORD>23896</NORD>
    <SARD>1135</SARD>
    <SICI>2127</SICI>
    <SUD>2704</SUD>
  </marketintervaldetail>
  <marketintervaldetail>
    <Data>20160317</Data>
    <Mercato>MGP</Mercato>
    <Ora>12</Ora>
    <Totale>40015</Totale>
    <CNOR>4269</CNOR>
    <CSUD>6093</CSUD>
    <NORD>23638</NORD>
    <SARD>1092</SARD>
    <SICI>2148</SICI>
    <SUD>2775</SUD>
  </marketintervaldetail>
  <marketintervaldetail>
    <Data>20160317</Data>
    <Mercato>MGP</Mercato>
    <Ora>13</Ora>
    <Totale>37727</Totale>
    <CNOR>3776</CNOR>
    <CSUD>6269</CSUD>
    <NORD>21583</NORD>
    <SARD>1128</SARD>
    <SICI>2199</SICI>
    <SUD>2772</SUD>
  </marketintervaldetail>
  <marketintervaldetail>
    <Data>20160317</Data>
    <Mercato>MGP</Mercato>
    <Ora>14</Ora>
    <Totale>37101</Totale>
    <CNOR>3544</CNOR>
    <CSUD>6263</CSUD>
    <NORD>21258</NORD>
    <SARD>1100</SARD>
    <SICI>2224</SICI>
    <SUD>2712</SUD>
  </marketintervaldetail>
  <marketintervaldetail>
    <Data>20160317</Data>
    <Mercato>MGP</Mercato>
    <Ora>15</Ora>
    <Totale>39043</Totale>
    <CNOR>3756</CNOR>
    <CSUD>5931</CSUD>
    <NORD>23133</NORD>
    <SARD>1093</SARD>
    <SICI>2228</SICI>
    <SUD>2902</SUD>
  </marketintervaldetail>
  <marketintervaldetail>
    <Data>20160317</Data>
    <Mercato>MGP</Mercato>
    <Ora>16</Ora>
    <Totale>39873</Totale>
    <CNOR>3941</CNOR>
    <CSUD>6029</CSUD>
    <NORD>23970</NORD>
    <SARD>1053</SARD>
    <SICI>2171</SICI>
    <SUD>2709</SUD>
  </marketintervaldetail>
  <marketintervaldetail>
    <Data>20160317</Data>
    <Mercato>MGP</Mercato>
    <Ora>17</Ora>
    <Totale>40668</Totale>
    <CNOR>4131</CNOR>
    <CSUD>6114</CSUD>
    <NORD>24542</NORD>
    <SARD>1089</SARD>
    <SICI>2107</SICI>
    <SUD>2685</SUD>
  </marketintervaldetail>
  <marketintervaldetail>
    <Data>20160317</Data>
    <Mercato>MGP</Mercato>
    <Ora>18</Ora>
    <Totale>40809</Totale>
    <CNOR>4164</CNOR>
    <CSUD>6204</CSUD>
    <NORD>24236</NORD>
    <SARD>1112</SARD>
    <SICI>2235</SICI>
    <SUD>2858</SUD>
  </marketintervaldetail>
  <marketintervaldetail>
    <Data>20160317</Data>
    <Mercato>MGP</Mercato>
    <Ora>19</Ora>
    <Totale>41920</Totale>
    <CNOR>4478</CNOR>
    <CSUD>6512</CSUD>
    <NORD>24060</NORD>
    <SARD>1144</SARD>
    <SICI>2492</SICI>
    <SUD>3234</SUD>
  </marketintervaldetail>
  <marketintervaldetail>
    <Data>20160317</Data>
    <Mercato>MGP</Mercato>
    <Ora>20</Ora>
    <Totale>44362</Totale>
    <CNOR>4872</CNOR>
    <CSUD>6998</CSUD>
    <NORD>25057</NORD>
    <SARD>1256</SARD>
    <SICI>2728</SICI>
    <SUD>3451</SUD>
  </marketintervaldetail>
  <marketintervaldetail>
    <Data>20160317</Data>
    <Mercato>MGP</Mercato>
    <Ora>21</Ora>
    <Totale>42710</Totale>
    <CNOR>4581</CNOR>
    <CSUD>6802</CSUD>
    <NORD>24044</NORD>
    <SARD>1243</SARD>
    <SICI>2700</SICI>
    <SUD>3340</SUD>
  </marketintervaldetail>
  <marketintervaldetail>
    <Data>20160317</Data>
    <Mercato>MGP</Mercato>
    <Ora>22</Ora>
    <Totale>39382</Totale>
    <CNOR>4281</CNOR>
    <CSUD>6193</CSUD>
    <NORD>22162</NORD>
    <SARD>1159</SARD>
    <SICI>2496</SICI>
    <SUD>3091</SUD>
  </marketintervaldetail>
  <marketintervaldetail>
    <Data>20160317</Data>
    <Mercato>MGP</Mercato>
    <Ora>23</Ora>
    <Totale>35103</Totale>
    <CNOR>3820</CNOR>
    <CSUD>5587</CSUD>
    <NORD>19581</NORD>
    <SARD>1067</SARD>
    <SICI>2258</SICI>
    <SUD>2790</SUD>
  </marketintervaldetail>
  <marketintervaldetail>
    <Data>20160317</Data>
    <Mercato>MGP</Mercato>
    <Ora>24</Ora>
    <Totale>31570</Totale>
    <CNOR>3536</CNOR>
    <CSUD>4920</CSUD>
    <NORD>17711</NORD>
    <SARD>979</SARD>
    <SICI>1969</SICI>
    <SUD>2455</SUD>
  </marketintervaldetail>
</NewDataSet>