<?xml version="1.0" standalone="yes"?>
<NewDataSet>
  <xs:schema id="NewDataSet" xmlns="" xmlns:xs="http://www.w3.org/2001/XMLSchema" xmlns:msdata="urn:schemas-microsoft-com:xml-msdata">
    <xs:element name="NewDataSet" msdata:IsDataSet="true" msdata:MainDataTable="marketintervaldetail" msdata:UseCurrentLocale="true">
      <xs:complexType>
        <xs:choice minOccurs="0" maxOccurs="unbounded">
          <xs:element name="marketintervaldetail">
            <xs:complexType>
              <xs:sequence>
                <xs:element name="Data" type="xs:string" minOccurs="0" />
                <xs:element name="Mercato" type="xs:string" minOccurs="0" />
                <xs:element name="Ora" type="xs:string" minOccurs="0" />
                <xs:element name="Totale" type="xs:string" minOccurs="0" />
                <xs:element name="CNOR" type="xs:string" minOccurs="0" />
                <xs:element name="CSUD" type="xs:string" minOccurs="0" />
                <xs:element name="NORD" type="xs:string" minOccurs="0" />
                <xs:element name="SARD" type="xs:string" minOccurs="0" />
                <xs:element name="SICI" type="xs:string" minOccurs="0" />
                <xs:element name="SUD" type="xs:string" minOccurs="0" />
              </xs:sequence>
            </xs:complexType>
          </xs:element>
        </xs:choice>
      </xs:complexType>
    </xs:element>
  </xs:schema>
  <marketintervaldetail>
    <Data>20160303</Data>
    <Mercato>MGP</Mercato>
    <Ora>01</Ora>
    <Totale>27837</Totale>
    <CNOR>2769</CNOR>
    <CSUD>4632</CSUD>
    <NORD>15796</NORD>
    <SARD>826</SARD>
    <SICI>1648</SICI>
    <SUD>2166</SUD>
  </marketintervaldetail>
  <marketintervaldetail>
    <Data>20160303</Data>
    <Mercato>MGP</Mercato>
    <Ora>02</Ora>
    <Totale>26062</Totale>
    <CNOR>2623</CNOR>
    <CSUD>4302</CSUD>
    <NORD>14919</NORD>
    <SARD>755</SARD>
    <SICI>1477</SICI>
    <SUD>1986</SUD>
  </marketintervaldetail>
  <marketintervaldetail>
    <Data>20160303</Data>
    <Mercato>MGP</Mercato>
    <Ora>03</Ora>
    <Totale>25128</Totale>
    <CNOR>2559</CNOR>
    <CSUD>4114</CSUD>
    <NORD>14381</NORD>
    <SARD>734</SARD>
    <SICI>1408</SICI>
    <SUD>1932</SUD>
  </marketintervaldetail>
  <marketintervaldetail>
    <Data>20160303</Data>
    <Mercato>MGP</Mercato>
    <Ora>04</Ora>
    <Totale>24802</Totale>
    <CNOR>2553</CNOR>
    <CSUD>4064</CSUD>
    <NORD>14198</NORD>
    <SARD>719</SARD>
    <SICI>1389</SICI>
    <SUD>1879</SUD>
  </marketintervaldetail>
  <marketintervaldetail>
    <Data>20160303</Data>
    <Mercato>MGP</Mercato>
    <Ora>05</Ora>
    <Totale>24964</Totale>
    <CNOR>2581</CNOR>
    <CSUD>3939</CSUD>
    <NORD>14363</NORD>
    <SARD>720</SARD>
    <SICI>1398</SICI>
    <SUD>1963</SUD>
  </marketintervaldetail>
  <marketintervaldetail>
    <Data>20160303</Data>
    <Mercato>MGP</Mercato>
    <Ora>06</Ora>
    <Totale>26652</Totale>
    <CNOR>2741</CNOR>
    <CSUD>4176</CSUD>
    <NORD>15514</NORD>
    <SARD>755</SARD>
    <SICI>1468</SICI>
    <SUD>1998</SUD>
  </marketintervaldetail>
  <marketintervaldetail>
    <Data>20160303</Data>
    <Mercato>MGP</Mercato>
    <Ora>07</Ora>
    <Totale>31223</Totale>
    <CNOR>3189</CNOR>
    <CSUD>4755</CSUD>
    <NORD>18497</NORD>
    <SARD>874</SARD>
    <SICI>1637</SICI>
    <SUD>2271</SUD>
  </marketintervaldetail>
  <marketintervaldetail>
    <Data>20160303</Data>
    <Mercato>MGP</Mercato>
    <Ora>08</Ora>
    <Totale>36853</Totale>
    <CNOR>3781</CNOR>
    <CSUD>5572</CSUD>
    <NORD>22013</NORD>
    <SARD>1031</SARD>
    <SICI>1870</SICI>
    <SUD>2586</SUD>
  </marketintervaldetail>
  <marketintervaldetail>
    <Data>20160303</Data>
    <Mercato>MGP</Mercato>
    <Ora>09</Ora>
    <Totale>40981</Totale>
    <CNOR>4231</CNOR>
    <CSUD>6296</CSUD>
    <NORD>24655</NORD>
    <SARD>1125</SARD>
    <SICI>2037</SICI>
    <SUD>2637</SUD>
  </marketintervaldetail>
  <marketintervaldetail>
    <Data>20160303</Data>
    <Mercato>MGP</Mercato>
    <Ora>10</Ora>
    <Totale>42267</Totale>
    <CNOR>4441</CNOR>
    <CSUD>6717</CSUD>
    <NORD>25233</NORD>
    <SARD>1166</SARD>
    <SICI>2133</SICI>
    <SUD>2577</SUD>
  </marketintervaldetail>
  <marketintervaldetail>
    <Data>20160303</Data>
    <Mercato>MGP</Mercato>
    <Ora>11</Ora>
    <Totale>41835</Totale>
    <CNOR>4362</CNOR>
    <CSUD>6911</CSUD>
    <NORD>24851</NORD>
    <SARD>1189</SARD>
    <SICI>1984</SICI>
    <SUD>2538</SUD>
  </marketintervaldetail>
  <marketintervaldetail>
    <Data>20160303</Data>
    <Mercato>MGP</Mercato>
    <Ora>12</Ora>
    <Totale>41144</Totale>
    <CNOR>4314</CNOR>
    <CSUD>6835</CSUD>
    <NORD>24187</NORD>
    <SARD>1152</SARD>
    <SICI>2002</SICI>
    <SUD>2654</SUD>
  </marketintervaldetail>
  <marketintervaldetail>
    <Data>20160303</Data>
    <Mercato>MGP</Mercato>
    <Ora>13</Ora>
    <Totale>38154</Totale>
    <CNOR>4021</CNOR>
    <CSUD>6339</CSUD>
    <NORD>22107</NORD>
    <SARD>1235</SARD>
    <SICI>2009</SICI>
    <SUD>2443</SUD>
  </marketintervaldetail>
  <marketintervaldetail>
    <Data>20160303</Data>
    <Mercato>MGP</Mercato>
    <Ora>14</Ora>
    <Totale>37198</Totale>
    <CNOR>3718</CNOR>
    <CSUD>6123</CSUD>
    <NORD>21722</NORD>
    <SARD>1168</SARD>
    <SICI>1914</SICI>
    <SUD>2553</SUD>
  </marketintervaldetail>
  <marketintervaldetail>
    <Data>20160303</Data>
    <Mercato>MGP</Mercato>
    <Ora>15</Ora>
    <Totale>39047</Totale>
    <CNOR>4246</CNOR>
    <CSUD>6294</CSUD>
    <NORD>22831</NORD>
    <SARD>1090</SARD>
    <SICI>1864</SICI>
    <SUD>2722</SUD>
  </marketintervaldetail>
  <marketintervaldetail>
    <Data>20160303</Data>
    <Mercato>MGP</Mercato>
    <Ora>16</Ora>
    <Totale>40032</Totale>
    <CNOR>4403</CNOR>
    <CSUD>6446</CSUD>
    <NORD>23260</NORD>
    <SARD>1088</SARD>
    <SICI>1977</SICI>
    <SUD>2858</SUD>
  </marketintervaldetail>
  <marketintervaldetail>
    <Data>20160303</Data>
    <Mercato>MGP</Mercato>
    <Ora>17</Ora>
    <Totale>40254</Totale>
    <CNOR>4367</CNOR>
    <CSUD>6634</CSUD>
    <NORD>23245</NORD>
    <SARD>1127</SARD>
    <SICI>2045</SICI>
    <SUD>2836</SUD>
  </marketintervaldetail>
  <marketintervaldetail>
    <Data>20160303</Data>
    <Mercato>MGP</Mercato>
    <Ora>18</Ora>
    <Totale>40966</Totale>
    <CNOR>4283</CNOR>
    <CSUD>7138</CSUD>
    <NORD>23261</NORD>
    <SARD>1196</SARD>
    <SICI>2148</SICI>
    <SUD>2940</SUD>
  </marketintervaldetail>
  <marketintervaldetail>
    <Data>20160303</Data>
    <Mercato>MGP</Mercato>
    <Ora>19</Ora>
    <Totale>43089</Totale>
    <CNOR>4923</CNOR>
    <CSUD>7177</CSUD>
    <NORD>23924</NORD>
    <SARD>1236</SARD>
    <SICI>2508</SICI>
    <SUD>3321</SUD>
  </marketintervaldetail>
  <marketintervaldetail>
    <Data>20160303</Data>
    <Mercato>MGP</Mercato>
    <Ora>20</Ora>
    <Totale>44005</Totale>
    <CNOR>4971</CNOR>
    <CSUD>7331</CSUD>
    <NORD>24330</NORD>
    <SARD>1288</SARD>
    <SICI>2686</SICI>
    <SUD>3399</SUD>
  </marketintervaldetail>
  <marketintervaldetail>
    <Data>20160303</Data>
    <Mercato>MGP</Mercato>
    <Ora>21</Ora>
    <Totale>41848</Totale>
    <CNOR>4477</CNOR>
    <CSUD>7164</CSUD>
    <NORD>22923</NORD>
    <SARD>1276</SARD>
    <SICI>2655</SICI>
    <SUD>3353</SUD>
  </marketintervaldetail>
  <marketintervaldetail>
    <Data>20160303</Data>
    <Mercato>MGP</Mercato>
    <Ora>22</Ora>
    <Totale>38427</Totale>
    <CNOR>3944</CNOR>
    <CSUD>6746</CSUD>
    <NORD>20964</NORD>
    <SARD>1197</SARD>
    <SICI>2462</SICI>
    <SUD>3114</SUD>
  </marketintervaldetail>
  <marketintervaldetail>
    <Data>20160303</Data>
    <Mercato>MGP</Mercato>
    <Ora>23</Ora>
    <Totale>34705</Totale>
    <CNOR>3497</CNOR>
    <CSUD>6185</CSUD>
    <NORD>18820</NORD>
    <SARD>1094</SARD>
    <SICI>2230</SICI>
    <SUD>2879</SUD>
  </marketintervaldetail>
  <marketintervaldetail>
    <Data>20160303</Data>
    <Mercato>MGP</Mercato>
    <Ora>24</Ora>
    <Totale>31018</Totale>
    <CNOR>3100</CNOR>
    <CSUD>5476</CSUD>
    <NORD>17024</NORD>
    <SARD>986</SARD>
    <SICI>1943</SICI>
    <SUD>2489</SUD>
  </marketintervaldetail>
</NewDataSet>