<?xml version="1.0" standalone="yes"?>
<NewDataSet>
  <xs:schema id="NewDataSet" xmlns="" xmlns:xs="http://www.w3.org/2001/XMLSchema" xmlns:msdata="urn:schemas-microsoft-com:xml-msdata">
    <xs:element name="NewDataSet" msdata:IsDataSet="true" msdata:MainDataTable="marketintervaldetail" msdata:UseCurrentLocale="true">
      <xs:complexType>
        <xs:choice minOccurs="0" maxOccurs="unbounded">
          <xs:element name="marketintervaldetail">
            <xs:complexType>
              <xs:sequence>
                <xs:element name="Data" type="xs:string" minOccurs="0" />
                <xs:element name="Mercato" type="xs:string" minOccurs="0" />
                <xs:element name="Ora" type="xs:string" minOccurs="0" />
                <xs:element name="Totale" type="xs:string" minOccurs="0" />
                <xs:element name="CNOR" type="xs:string" minOccurs="0" />
                <xs:element name="CSUD" type="xs:string" minOccurs="0" />
                <xs:element name="NORD" type="xs:string" minOccurs="0" />
                <xs:element name="SARD" type="xs:string" minOccurs="0" />
                <xs:element name="SICI" type="xs:string" minOccurs="0" />
                <xs:element name="SUD" type="xs:string" minOccurs="0" />
              </xs:sequence>
            </xs:complexType>
          </xs:element>
        </xs:choice>
      </xs:complexType>
    </xs:element>
  </xs:schema>
  <marketintervaldetail>
    <Data>20160321</Data>
    <Mercato>MGP</Mercato>
    <Ora>01</Ora>
    <Totale>22041</Totale>
    <CNOR>2588</CNOR>
    <CSUD>3598</CSUD>
    <NORD>11400</NORD>
    <SARD>787</SARD>
    <SICI>1636</SICI>
    <SUD>2032</SUD>
  </marketintervaldetail>
  <marketintervaldetail>
    <Data>20160321</Data>
    <Mercato>MGP</Mercato>
    <Ora>02</Ora>
    <Totale>20755</Totale>
    <CNOR>2441</CNOR>
    <CSUD>3301</CSUD>
    <NORD>10928</NORD>
    <SARD>729</SARD>
    <SICI>1467</SICI>
    <SUD>1889</SUD>
  </marketintervaldetail>
  <marketintervaldetail>
    <Data>20160321</Data>
    <Mercato>MGP</Mercato>
    <Ora>03</Ora>
    <Totale>20153</Totale>
    <CNOR>2349</CNOR>
    <CSUD>3190</CSUD>
    <NORD>10763</NORD>
    <SARD>705</SARD>
    <SICI>1387</SICI>
    <SUD>1759</SUD>
  </marketintervaldetail>
  <marketintervaldetail>
    <Data>20160321</Data>
    <Mercato>MGP</Mercato>
    <Ora>04</Ora>
    <Totale>19967</Totale>
    <CNOR>2324</CNOR>
    <CSUD>3163</CSUD>
    <NORD>10712</NORD>
    <SARD>706</SARD>
    <SICI>1362</SICI>
    <SUD>1700</SUD>
  </marketintervaldetail>
  <marketintervaldetail>
    <Data>20160321</Data>
    <Mercato>MGP</Mercato>
    <Ora>05</Ora>
    <Totale>20450</Totale>
    <CNOR>2352</CNOR>
    <CSUD>3193</CSUD>
    <NORD>11131</NORD>
    <SARD>705</SARD>
    <SICI>1364</SICI>
    <SUD>1705</SUD>
  </marketintervaldetail>
  <marketintervaldetail>
    <Data>20160321</Data>
    <Mercato>MGP</Mercato>
    <Ora>06</Ora>
    <Totale>22484</Totale>
    <CNOR>2590</CNOR>
    <CSUD>3429</CSUD>
    <NORD>12471</NORD>
    <SARD>740</SARD>
    <SICI>1430</SICI>
    <SUD>1824</SUD>
  </marketintervaldetail>
  <marketintervaldetail>
    <Data>20160321</Data>
    <Mercato>MGP</Mercato>
    <Ora>07</Ora>
    <Totale>27033</Totale>
    <CNOR>3122</CNOR>
    <CSUD>4076</CSUD>
    <NORD>15490</NORD>
    <SARD>833</SARD>
    <SICI>1564</SICI>
    <SUD>1948</SUD>
  </marketintervaldetail>
  <marketintervaldetail>
    <Data>20160321</Data>
    <Mercato>MGP</Mercato>
    <Ora>08</Ora>
    <Totale>32785</Totale>
    <CNOR>3821</CNOR>
    <CSUD>4866</CSUD>
    <NORD>18864</NORD>
    <SARD>966</SARD>
    <SICI>1802</SICI>
    <SUD>2466</SUD>
  </marketintervaldetail>
  <marketintervaldetail>
    <Data>20160321</Data>
    <Mercato>MGP</Mercato>
    <Ora>09</Ora>
    <Totale>37486</Totale>
    <CNOR>4270</CNOR>
    <CSUD>5552</CSUD>
    <NORD>21867</NORD>
    <SARD>1043</SARD>
    <SICI>1885</SICI>
    <SUD>2869</SUD>
  </marketintervaldetail>
  <marketintervaldetail>
    <Data>20160321</Data>
    <Mercato>MGP</Mercato>
    <Ora>10</Ora>
    <Totale>39001</Totale>
    <CNOR>4549</CNOR>
    <CSUD>5893</CSUD>
    <NORD>22730</NORD>
    <SARD>1094</SARD>
    <SICI>1975</SICI>
    <SUD>2760</SUD>
  </marketintervaldetail>
  <marketintervaldetail>
    <Data>20160321</Data>
    <Mercato>MGP</Mercato>
    <Ora>11</Ora>
    <Totale>38804</Totale>
    <CNOR>4482</CNOR>
    <CSUD>6010</CSUD>
    <NORD>22449</NORD>
    <SARD>1065</SARD>
    <SICI>2056</SICI>
    <SUD>2742</SUD>
  </marketintervaldetail>
  <marketintervaldetail>
    <Data>20160321</Data>
    <Mercato>MGP</Mercato>
    <Ora>12</Ora>
    <Totale>38277</Totale>
    <CNOR>4118</CNOR>
    <CSUD>5955</CSUD>
    <NORD>22188</NORD>
    <SARD>1057</SARD>
    <SICI>2013</SICI>
    <SUD>2946</SUD>
  </marketintervaldetail>
  <marketintervaldetail>
    <Data>20160321</Data>
    <Mercato>MGP</Mercato>
    <Ora>13</Ora>
    <Totale>35890</Totale>
    <CNOR>3633</CNOR>
    <CSUD>5883</CSUD>
    <NORD>20488</NORD>
    <SARD>1047</SARD>
    <SICI>2009</SICI>
    <SUD>2830</SUD>
  </marketintervaldetail>
  <marketintervaldetail>
    <Data>20160321</Data>
    <Mercato>MGP</Mercato>
    <Ora>14</Ora>
    <Totale>35144</Totale>
    <CNOR>3468</CNOR>
    <CSUD>5745</CSUD>
    <NORD>20348</NORD>
    <SARD>975</SARD>
    <SICI>2015</SICI>
    <SUD>2593</SUD>
  </marketintervaldetail>
  <marketintervaldetail>
    <Data>20160321</Data>
    <Mercato>MGP</Mercato>
    <Ora>15</Ora>
    <Totale>36425</Totale>
    <CNOR>3768</CNOR>
    <CSUD>5893</CSUD>
    <NORD>21204</NORD>
    <SARD>956</SARD>
    <SICI>1934</SICI>
    <SUD>2670</SUD>
  </marketintervaldetail>
  <marketintervaldetail>
    <Data>20160321</Data>
    <Mercato>MGP</Mercato>
    <Ora>16</Ora>
    <Totale>37107</Totale>
    <CNOR>4018</CNOR>
    <CSUD>5906</CSUD>
    <NORD>21606</NORD>
    <SARD>1036</SARD>
    <SICI>1954</SICI>
    <SUD>2587</SUD>
  </marketintervaldetail>
  <marketintervaldetail>
    <Data>20160321</Data>
    <Mercato>MGP</Mercato>
    <Ora>17</Ora>
    <Totale>37564</Totale>
    <CNOR>4198</CNOR>
    <CSUD>5828</CSUD>
    <NORD>21906</NORD>
    <SARD>1004</SARD>
    <SICI>2069</SICI>
    <SUD>2559</SUD>
  </marketintervaldetail>
  <marketintervaldetail>
    <Data>20160321</Data>
    <Mercato>MGP</Mercato>
    <Ora>18</Ora>
    <Totale>37528</Totale>
    <CNOR>4178</CNOR>
    <CSUD>5852</CSUD>
    <NORD>21626</NORD>
    <SARD>1018</SARD>
    <SICI>2081</SICI>
    <SUD>2773</SUD>
  </marketintervaldetail>
  <marketintervaldetail>
    <Data>20160321</Data>
    <Mercato>MGP</Mercato>
    <Ora>19</Ora>
    <Totale>38099</Totale>
    <CNOR>4215</CNOR>
    <CSUD>6203</CSUD>
    <NORD>21347</NORD>
    <SARD>1086</SARD>
    <SICI>2213</SICI>
    <SUD>3035</SUD>
  </marketintervaldetail>
  <marketintervaldetail>
    <Data>20160321</Data>
    <Mercato>MGP</Mercato>
    <Ora>20</Ora>
    <Totale>40740</Totale>
    <CNOR>4635</CNOR>
    <CSUD>6819</CSUD>
    <NORD>22306</NORD>
    <SARD>1168</SARD>
    <SICI>2507</SICI>
    <SUD>3305</SUD>
  </marketintervaldetail>
  <marketintervaldetail>
    <Data>20160321</Data>
    <Mercato>MGP</Mercato>
    <Ora>21</Ora>
    <Totale>40088</Totale>
    <CNOR>4414</CNOR>
    <CSUD>6771</CSUD>
    <NORD>21873</NORD>
    <SARD>1193</SARD>
    <SICI>2603</SICI>
    <SUD>3234</SUD>
  </marketintervaldetail>
  <marketintervaldetail>
    <Data>20160321</Data>
    <Mercato>MGP</Mercato>
    <Ora>22</Ora>
    <Totale>37342</Totale>
    <CNOR>4087</CNOR>
    <CSUD>6213</CSUD>
    <NORD>20368</NORD>
    <SARD>1107</SARD>
    <SICI>2482</SICI>
    <SUD>3085</SUD>
  </marketintervaldetail>
  <marketintervaldetail>
    <Data>20160321</Data>
    <Mercato>MGP</Mercato>
    <Ora>23</Ora>
    <Totale>33117</Totale>
    <CNOR>3683</CNOR>
    <CSUD>5523</CSUD>
    <NORD>17909</NORD>
    <SARD>1011</SARD>
    <SICI>2293</SICI>
    <SUD>2698</SUD>
  </marketintervaldetail>
  <marketintervaldetail>
    <Data>20160321</Data>
    <Mercato>MGP</Mercato>
    <Ora>24</Ora>
    <Totale>29560</Totale>
    <CNOR>3405</CNOR>
    <CSUD>4805</CSUD>
    <NORD>16048</NORD>
    <SARD>910</SARD>
    <SICI>2001</SICI>
    <SUD>2391</SUD>
  </marketintervaldetail>
</NewDataSet>