<?xml version="1.0" standalone="yes"?>
<NewDataSet>
  <xs:schema id="NewDataSet" xmlns="" xmlns:xs="http://www.w3.org/2001/XMLSchema" xmlns:msdata="urn:schemas-microsoft-com:xml-msdata">
    <xs:element name="NewDataSet" msdata:IsDataSet="true" msdata:MainDataTable="marketintervaldetail" msdata:UseCurrentLocale="true">
      <xs:complexType>
        <xs:choice minOccurs="0" maxOccurs="unbounded">
          <xs:element name="marketintervaldetail">
            <xs:complexType>
              <xs:sequence>
                <xs:element name="Data" type="xs:string" minOccurs="0" />
                <xs:element name="Mercato" type="xs:string" minOccurs="0" />
                <xs:element name="Ora" type="xs:string" minOccurs="0" />
                <xs:element name="Totale" type="xs:string" minOccurs="0" />
                <xs:element name="CNOR" type="xs:string" minOccurs="0" />
                <xs:element name="CSUD" type="xs:string" minOccurs="0" />
                <xs:element name="NORD" type="xs:string" minOccurs="0" />
                <xs:element name="SARD" type="xs:string" minOccurs="0" />
                <xs:element name="SICI" type="xs:string" minOccurs="0" />
                <xs:element name="SUD" type="xs:string" minOccurs="0" />
              </xs:sequence>
            </xs:complexType>
          </xs:element>
        </xs:choice>
      </xs:complexType>
    </xs:element>
  </xs:schema>
  <marketintervaldetail>
    <Data>20160328</Data>
    <Mercato>MGP</Mercato>
    <Ora>01</Ora>
    <Totale>20576</Totale>
    <CNOR>2411</CNOR>
    <CSUD>3885</CSUD>
    <NORD>10150</NORD>
    <SARD>781</SARD>
    <SICI>1541</SICI>
    <SUD>1808</SUD>
  </marketintervaldetail>
  <marketintervaldetail>
    <Data>20160328</Data>
    <Mercato>MGP</Mercato>
    <Ora>02</Ora>
    <Totale>18963</Totale>
    <CNOR>2226</CNOR>
    <CSUD>3559</CSUD>
    <NORD>9375</NORD>
    <SARD>746</SARD>
    <SICI>1400</SICI>
    <SUD>1657</SUD>
  </marketintervaldetail>
  <marketintervaldetail>
    <Data>20160328</Data>
    <Mercato>MGP</Mercato>
    <Ora>03</Ora>
    <Totale>18001</Totale>
    <CNOR>2077</CNOR>
    <CSUD>3293</CSUD>
    <NORD>9047</NORD>
    <SARD>711</SARD>
    <SICI>1316</SICI>
    <SUD>1557</SUD>
  </marketintervaldetail>
  <marketintervaldetail>
    <Data>20160328</Data>
    <Mercato>MGP</Mercato>
    <Ora>04</Ora>
    <Totale>17731</Totale>
    <CNOR>2060</CNOR>
    <CSUD>3121</CSUD>
    <NORD>8998</NORD>
    <SARD>697</SARD>
    <SICI>1274</SICI>
    <SUD>1581</SUD>
  </marketintervaldetail>
  <marketintervaldetail>
    <Data>20160328</Data>
    <Mercato>MGP</Mercato>
    <Ora>05</Ora>
    <Totale>17764</Totale>
    <CNOR>2064</CNOR>
    <CSUD>3106</CSUD>
    <NORD>9101</NORD>
    <SARD>694</SARD>
    <SICI>1285</SICI>
    <SUD>1514</SUD>
  </marketintervaldetail>
  <marketintervaldetail>
    <Data>20160328</Data>
    <Mercato>MGP</Mercato>
    <Ora>06</Ora>
    <Totale>18422</Totale>
    <CNOR>2098</CNOR>
    <CSUD>3133</CSUD>
    <NORD>9595</NORD>
    <SARD>716</SARD>
    <SICI>1296</SICI>
    <SUD>1584</SUD>
  </marketintervaldetail>
  <marketintervaldetail>
    <Data>20160328</Data>
    <Mercato>MGP</Mercato>
    <Ora>07</Ora>
    <Totale>18597</Totale>
    <CNOR>2083</CNOR>
    <CSUD>3063</CSUD>
    <NORD>9834</NORD>
    <SARD>732</SARD>
    <SICI>1281</SICI>
    <SUD>1604</SUD>
  </marketintervaldetail>
  <marketintervaldetail>
    <Data>20160328</Data>
    <Mercato>MGP</Mercato>
    <Ora>08</Ora>
    <Totale>19601</Totale>
    <CNOR>2151</CNOR>
    <CSUD>3298</CSUD>
    <NORD>10162</NORD>
    <SARD>768</SARD>
    <SICI>1441</SICI>
    <SUD>1781</SUD>
  </marketintervaldetail>
  <marketintervaldetail>
    <Data>20160328</Data>
    <Mercato>MGP</Mercato>
    <Ora>09</Ora>
    <Totale>21520</Totale>
    <CNOR>2328</CNOR>
    <CSUD>3698</CSUD>
    <NORD>11029</NORD>
    <SARD>835</SARD>
    <SICI>1623</SICI>
    <SUD>2007</SUD>
  </marketintervaldetail>
  <marketintervaldetail>
    <Data>20160328</Data>
    <Mercato>MGP</Mercato>
    <Ora>10</Ora>
    <Totale>23151</Totale>
    <CNOR>2443</CNOR>
    <CSUD>4144</CSUD>
    <NORD>11787</NORD>
    <SARD>886</SARD>
    <SICI>1724</SICI>
    <SUD>2167</SUD>
  </marketintervaldetail>
  <marketintervaldetail>
    <Data>20160328</Data>
    <Mercato>MGP</Mercato>
    <Ora>11</Ora>
    <Totale>23763</Totale>
    <CNOR>2620</CNOR>
    <CSUD>4262</CSUD>
    <NORD>12053</NORD>
    <SARD>905</SARD>
    <SICI>1781</SICI>
    <SUD>2142</SUD>
  </marketintervaldetail>
  <marketintervaldetail>
    <Data>20160328</Data>
    <Mercato>MGP</Mercato>
    <Ora>12</Ora>
    <Totale>23478</Totale>
    <CNOR>2496</CNOR>
    <CSUD>4177</CSUD>
    <NORD>11916</NORD>
    <SARD>874</SARD>
    <SICI>1823</SICI>
    <SUD>2192</SUD>
  </marketintervaldetail>
  <marketintervaldetail>
    <Data>20160328</Data>
    <Mercato>MGP</Mercato>
    <Ora>13</Ora>
    <Totale>22990</Totale>
    <CNOR>2344</CNOR>
    <CSUD>4175</CSUD>
    <NORD>11663</NORD>
    <SARD>869</SARD>
    <SICI>1764</SICI>
    <SUD>2175</SUD>
  </marketintervaldetail>
  <marketintervaldetail>
    <Data>20160328</Data>
    <Mercato>MGP</Mercato>
    <Ora>14</Ora>
    <Totale>21638</Totale>
    <CNOR>2241</CNOR>
    <CSUD>3957</CSUD>
    <NORD>10930</NORD>
    <SARD>837</SARD>
    <SICI>1530</SICI>
    <SUD>2143</SUD>
  </marketintervaldetail>
  <marketintervaldetail>
    <Data>20160328</Data>
    <Mercato>MGP</Mercato>
    <Ora>15</Ora>
    <Totale>20883</Totale>
    <CNOR>2236</CNOR>
    <CSUD>3813</CSUD>
    <NORD>10962</NORD>
    <SARD>730</SARD>
    <SICI>1338</SICI>
    <SUD>1804</SUD>
  </marketintervaldetail>
  <marketintervaldetail>
    <Data>20160328</Data>
    <Mercato>MGP</Mercato>
    <Ora>16</Ora>
    <Totale>20837</Totale>
    <CNOR>2358</CNOR>
    <CSUD>3825</CSUD>
    <NORD>10787</NORD>
    <SARD>744</SARD>
    <SICI>1428</SICI>
    <SUD>1695</SUD>
  </marketintervaldetail>
  <marketintervaldetail>
    <Data>20160328</Data>
    <Mercato>MGP</Mercato>
    <Ora>17</Ora>
    <Totale>21244</Totale>
    <CNOR>2346</CNOR>
    <CSUD>3925</CSUD>
    <NORD>10886</NORD>
    <SARD>799</SARD>
    <SICI>1486</SICI>
    <SUD>1802</SUD>
  </marketintervaldetail>
  <marketintervaldetail>
    <Data>20160328</Data>
    <Mercato>MGP</Mercato>
    <Ora>18</Ora>
    <Totale>22081</Totale>
    <CNOR>2423</CNOR>
    <CSUD>4121</CSUD>
    <NORD>11335</NORD>
    <SARD>839</SARD>
    <SICI>1513</SICI>
    <SUD>1850</SUD>
  </marketintervaldetail>
  <marketintervaldetail>
    <Data>20160328</Data>
    <Mercato>MGP</Mercato>
    <Ora>19</Ora>
    <Totale>23537</Totale>
    <CNOR>2471</CNOR>
    <CSUD>4343</CSUD>
    <NORD>12113</NORD>
    <SARD>887</SARD>
    <SICI>1657</SICI>
    <SUD>2066</SUD>
  </marketintervaldetail>
  <marketintervaldetail>
    <Data>20160328</Data>
    <Mercato>MGP</Mercato>
    <Ora>20</Ora>
    <Totale>27581</Totale>
    <CNOR>2945</CNOR>
    <CSUD>5096</CSUD>
    <NORD>14185</NORD>
    <SARD>993</SARD>
    <SICI>1935</SICI>
    <SUD>2427</SUD>
  </marketintervaldetail>
  <marketintervaldetail>
    <Data>20160328</Data>
    <Mercato>MGP</Mercato>
    <Ora>21</Ora>
    <Totale>28884</Totale>
    <CNOR>3135</CNOR>
    <CSUD>5284</CSUD>
    <NORD>14679</NORD>
    <SARD>1040</SARD>
    <SICI>2130</SICI>
    <SUD>2616</SUD>
  </marketintervaldetail>
  <marketintervaldetail>
    <Data>20160328</Data>
    <Mercato>MGP</Mercato>
    <Ora>22</Ora>
    <Totale>27789</Totale>
    <CNOR>3060</CNOR>
    <CSUD>5050</CSUD>
    <NORD>13875</NORD>
    <SARD>1023</SARD>
    <SICI>2129</SICI>
    <SUD>2652</SUD>
  </marketintervaldetail>
  <marketintervaldetail>
    <Data>20160328</Data>
    <Mercato>MGP</Mercato>
    <Ora>23</Ora>
    <Totale>25419</Totale>
    <CNOR>2866</CNOR>
    <CSUD>4630</CSUD>
    <NORD>12480</NORD>
    <SARD>957</SARD>
    <SICI>2011</SICI>
    <SUD>2475</SUD>
  </marketintervaldetail>
  <marketintervaldetail>
    <Data>20160328</Data>
    <Mercato>MGP</Mercato>
    <Ora>24</Ora>
    <Totale>22817</Totale>
    <CNOR>2588</CNOR>
    <CSUD>4079</CSUD>
    <NORD>11250</NORD>
    <SARD>875</SARD>
    <SICI>1816</SICI>
    <SUD>2209</SUD>
  </marketintervaldetail>
</NewDataSet>