<?xml version="1.0" standalone="yes"?>
<NewDataSet>
  <xs:schema id="NewDataSet" xmlns="" xmlns:xs="http://www.w3.org/2001/XMLSchema" xmlns:msdata="urn:schemas-microsoft-com:xml-msdata">
    <xs:element name="NewDataSet" msdata:IsDataSet="true" msdata:UseCurrentLocale="true">
      <xs:complexType>
        <xs:choice minOccurs="0" maxOccurs="unbounded">
          <xs:element name="Prezzi">
            <xs:complexType>
              <xs:sequence>
                <xs:element name="Data" type="xs:string" minOccurs="0" />
                <xs:element name="Mercato" type="xs:string" minOccurs="0" />
                <xs:element name="Ora" type="xs:string" minOccurs="0" />
                <xs:element name="PUN" type="xs:string" minOccurs="0" />
                <xs:element name="NAT" type="xs:string" minOccurs="0" />
                <xs:element name="CNOR" type="xs:string" minOccurs="0" />
                <xs:element name="CSUD" type="xs:string" minOccurs="0" />
                <xs:element name="NORD" type="xs:string" minOccurs="0" />
                <xs:element name="SARD" type="xs:string" minOccurs="0" />
                <xs:element name="SICI" type="xs:string" minOccurs="0" />
                <xs:element name="SUD" type="xs:string" minOccurs="0" />
                <xs:element name="AUST" type="xs:string" minOccurs="0" />
                <xs:element name="BRNN" type="xs:string" minOccurs="0" />
                <xs:element name="COAC" type="xs:string" minOccurs="0" />
                <xs:element name="CORS" type="xs:string" minOccurs="0" />
                <xs:element name="FOGN" type="xs:string" minOccurs="0" />
                <xs:element name="FRAN" type="xs:string" minOccurs="0" />
                <xs:element name="GREC" type="xs:string" minOccurs="0" />
                <xs:element name="MFTV" type="xs:string" minOccurs="0" />
                <xs:element name="PRGP" type="xs:string" minOccurs="0" />
                <xs:element name="ROSN" type="xs:string" minOccurs="0" />
                <xs:element name="SLOV" type="xs:string" minOccurs="0" />
                <xs:element name="SVIZ" type="xs:string" minOccurs="0" />
                <xs:element name="BSP" type="xs:string" minOccurs="0" />
              </xs:sequence>
            </xs:complexType>
          </xs:element>
        </xs:choice>
      </xs:complexType>
    </xs:element>
  </xs:schema>
  <Prezzi>
    <Data>20140302</Data>
    <Mercato>MGP</Mercato>
    <Ora>1</Ora>
    <PUN>50,357554</PUN>
    <NAT>45,92</NAT>
    <CNOR>50</CNOR>
    <CSUD>50</CSUD>
    <NORD>50</NORD>
    <SARD>50</SARD>
    <SICI>55</SICI>
    <SUD>50</SUD>
    <AUST>50</AUST>
    <BRNN>50</BRNN>
    <COAC>50</COAC>
    <CORS>50</CORS>
    <FOGN>50</FOGN>
    <FRAN>50</FRAN>
    <GREC>50</GREC>
    <MFTV>50</MFTV>
    <PRGP>55</PRGP>
    <ROSN>50</ROSN>
    <SLOV>50</SLOV>
    <SVIZ>50</SVIZ>
    <BSP>30,45</BSP>
  </Prezzi>
  <Prezzi>
    <Data>20140302</Data>
    <Mercato>MGP</Mercato>
    <Ora>2</Ora>
    <PUN>35,121564</PUN>
    <NAT>33,28</NAT>
    <CNOR>33,59</CNOR>
    <CSUD>33,59</CSUD>
    <NORD>33,59</NORD>
    <SARD>33,59</SARD>
    <SICI>55</SICI>
    <SUD>33,59</SUD>
    <AUST>33,59</AUST>
    <BRNN>33,59</BRNN>
    <COAC>33,59</COAC>
    <CORS>33,59</CORS>
    <FOGN>33,59</FOGN>
    <FRAN>33,59</FRAN>
    <GREC>33,59</GREC>
    <MFTV>33,59</MFTV>
    <PRGP>55</PRGP>
    <ROSN>33,59</ROSN>
    <SLOV>33,59</SLOV>
    <SVIZ>33,59</SVIZ>
    <BSP>26,14</BSP>
  </Prezzi>
  <Prezzi>
    <Data>20140302</Data>
    <Mercato>MGP</Mercato>
    <Ora>3</Ora>
    <PUN>31,767385</PUN>
    <NAT>29,51</NAT>
    <CNOR>30</CNOR>
    <CSUD>30</CSUD>
    <NORD>30</NORD>
    <SARD>30</SARD>
    <SICI>55</SICI>
    <SUD>30</SUD>
    <AUST>30</AUST>
    <BRNN>30</BRNN>
    <COAC>30</COAC>
    <CORS>30</CORS>
    <FOGN>30</FOGN>
    <FRAN>30</FRAN>
    <GREC>30</GREC>
    <MFTV>30</MFTV>
    <PRGP>55</PRGP>
    <ROSN>30</ROSN>
    <SLOV>30</SLOV>
    <SVIZ>30</SVIZ>
    <BSP>24,16</BSP>
  </Prezzi>
  <Prezzi>
    <Data>20140302</Data>
    <Mercato>MGP</Mercato>
    <Ora>4</Ora>
    <PUN>29,822373</PUN>
    <NAT>27,50</NAT>
    <CNOR>27,90</CNOR>
    <CSUD>27,90</CSUD>
    <NORD>27,90</NORD>
    <SARD>27,90</SARD>
    <SICI>55</SICI>
    <SUD>27,90</SUD>
    <AUST>27,90</AUST>
    <BRNN>27,90</BRNN>
    <COAC>27,90</COAC>
    <CORS>27,90</CORS>
    <FOGN>27,90</FOGN>
    <FRAN>27,90</FRAN>
    <GREC>27,90</GREC>
    <MFTV>27,90</MFTV>
    <PRGP>55</PRGP>
    <ROSN>27,90</ROSN>
    <SLOV>27,90</SLOV>
    <SVIZ>27,90</SVIZ>
    <BSP>23,91</BSP>
  </Prezzi>
  <Prezzi>
    <Data>20140302</Data>
    <Mercato>MGP</Mercato>
    <Ora>5</Ora>
    <PUN>29,918863</PUN>
    <NAT>26,50</NAT>
    <CNOR>28</CNOR>
    <CSUD>28</CSUD>
    <NORD>28</NORD>
    <SARD>28</SARD>
    <SICI>55</SICI>
    <SUD>28</SUD>
    <AUST>28</AUST>
    <BRNN>28</BRNN>
    <COAC>28</COAC>
    <CORS>28</CORS>
    <FOGN>28</FOGN>
    <FRAN>28</FRAN>
    <GREC>28</GREC>
    <MFTV>28</MFTV>
    <PRGP>55</PRGP>
    <ROSN>28</ROSN>
    <SLOV>28</SLOV>
    <SVIZ>28</SVIZ>
    <BSP>22,73</BSP>
  </Prezzi>
  <Prezzi>
    <Data>20140302</Data>
    <Mercato>MGP</Mercato>
    <Ora>6</Ora>
    <PUN>30,788240</PUN>
    <NAT>28,30</NAT>
    <CNOR>29</CNOR>
    <CSUD>29</CSUD>
    <NORD>29</NORD>
    <SARD>29</SARD>
    <SICI>55</SICI>
    <SUD>29</SUD>
    <AUST>29</AUST>
    <BRNN>29</BRNN>
    <COAC>29</COAC>
    <CORS>29</CORS>
    <FOGN>29</FOGN>
    <FRAN>29</FRAN>
    <GREC>29</GREC>
    <MFTV>29</MFTV>
    <PRGP>55</PRGP>
    <ROSN>29</ROSN>
    <SLOV>29</SLOV>
    <SVIZ>29</SVIZ>
    <BSP>23,80</BSP>
  </Prezzi>
  <Prezzi>
    <Data>20140302</Data>
    <Mercato>MGP</Mercato>
    <Ora>7</Ora>
    <PUN>29,072438</PUN>
    <NAT>27</NAT>
    <CNOR>27,28</CNOR>
    <CSUD>27,28</CSUD>
    <NORD>27,28</NORD>
    <SARD>27,28</SARD>
    <SICI>55,01</SICI>
    <SUD>27,28</SUD>
    <AUST>27,28</AUST>
    <BRNN>27,28</BRNN>
    <COAC>27,28</COAC>
    <CORS>27,28</CORS>
    <FOGN>27,28</FOGN>
    <FRAN>27,28</FRAN>
    <GREC>27,28</GREC>
    <MFTV>27,28</MFTV>
    <PRGP>55,01</PRGP>
    <ROSN>27,28</ROSN>
    <SLOV>27,28</SLOV>
    <SVIZ>27,28</SVIZ>
    <BSP>21,94</BSP>
  </Prezzi>
  <Prezzi>
    <Data>20140302</Data>
    <Mercato>MGP</Mercato>
    <Ora>8</Ora>
    <PUN>31,21</PUN>
    <NAT>28,10</NAT>
    <CNOR>29,486610</CNOR>
    <CSUD>29,486610</CSUD>
    <NORD>29,486610</NORD>
    <SARD>29,486610</SARD>
    <SICI>55,01</SICI>
    <SUD>29,486610</SUD>
    <AUST>29,486610</AUST>
    <BRNN>29,486610</BRNN>
    <COAC>29,486610</COAC>
    <CORS>29,486610</CORS>
    <FOGN>29,486610</FOGN>
    <FRAN>29,486610</FRAN>
    <GREC>29,486610</GREC>
    <MFTV>29,486610</MFTV>
    <PRGP>55,01</PRGP>
    <ROSN>29,486610</ROSN>
    <SLOV>29,486610</SLOV>
    <SVIZ>29,486610</SVIZ>
    <BSP>22,73</BSP>
  </Prezzi>
  <Prezzi>
    <Data>20140302</Data>
    <Mercato>MGP</Mercato>
    <Ora>9</Ora>
    <PUN>30,232917</PUN>
    <NAT>28,70</NAT>
    <CNOR>27,94</CNOR>
    <CSUD>27,94</CSUD>
    <NORD>27,94</NORD>
    <SARD>27,94</SARD>
    <SICI>58,58</SICI>
    <SUD>27,94</SUD>
    <AUST>27,94</AUST>
    <BRNN>27,94</BRNN>
    <COAC>27,94</COAC>
    <CORS>27,94</CORS>
    <FOGN>27,94</FOGN>
    <FRAN>27,94</FRAN>
    <GREC>27,94</GREC>
    <MFTV>27,94</MFTV>
    <PRGP>58,58</PRGP>
    <ROSN>27,94</ROSN>
    <SLOV>27,94</SLOV>
    <SVIZ>27,94</SVIZ>
    <BSP>27,21</BSP>
  </Prezzi>
  <Prezzi>
    <Data>20140302</Data>
    <Mercato>MGP</Mercato>
    <Ora>10</Ora>
    <PUN>33,584101</PUN>
    <NAT>33,29</NAT>
    <CNOR>31,55</CNOR>
    <CSUD>31,55</CSUD>
    <NORD>31,55</NORD>
    <SARD>31,55</SARD>
    <SICI>58,68</SICI>
    <SUD>31,55</SUD>
    <AUST>31,55</AUST>
    <BRNN>31,55</BRNN>
    <COAC>31,55</COAC>
    <CORS>31,55</CORS>
    <FOGN>31,55</FOGN>
    <FRAN>31,55</FRAN>
    <GREC>31,55</GREC>
    <MFTV>31,55</MFTV>
    <PRGP>58,68</PRGP>
    <ROSN>31,55</ROSN>
    <SLOV>31,55</SLOV>
    <SVIZ>31,55</SVIZ>
    <BSP>29,93</BSP>
  </Prezzi>
  <Prezzi>
    <Data>20140302</Data>
    <Mercato>MGP</Mercato>
    <Ora>11</Ora>
    <PUN>38,713127</PUN>
    <NAT>34,90</NAT>
    <CNOR>33,32</CNOR>
    <CSUD>33,32</CSUD>
    <NORD>33,32</NORD>
    <SARD>33,32</SARD>
    <SICI>105</SICI>
    <SUD>33,32</SUD>
    <AUST>33,32</AUST>
    <BRNN>33,32</BRNN>
    <COAC>33,32</COAC>
    <CORS>33,32</CORS>
    <FOGN>33,32</FOGN>
    <FRAN>33,32</FRAN>
    <GREC>33,32</GREC>
    <MFTV>33,32</MFTV>
    <PRGP>105</PRGP>
    <ROSN>33,32</ROSN>
    <SLOV>33,32</SLOV>
    <SVIZ>33,32</SVIZ>
    <BSP>33,15</BSP>
  </Prezzi>
  <Prezzi>
    <Data>20140302</Data>
    <Mercato>MGP</Mercato>
    <Ora>12</Ora>
    <PUN>39,386891</PUN>
    <NAT>35,84</NAT>
    <CNOR>34</CNOR>
    <CSUD>34</CSUD>
    <NORD>34</NORD>
    <SARD>34</SARD>
    <SICI>105</SICI>
    <SUD>34</SUD>
    <AUST>34</AUST>
    <BRNN>34</BRNN>
    <COAC>34</COAC>
    <CORS>34</CORS>
    <FOGN>34</FOGN>
    <FRAN>34</FRAN>
    <GREC>34</GREC>
    <MFTV>34</MFTV>
    <PRGP>105</PRGP>
    <ROSN>34</ROSN>
    <SLOV>34</SLOV>
    <SVIZ>34</SVIZ>
    <BSP>32,38</BSP>
  </Prezzi>
  <Prezzi>
    <Data>20140302</Data>
    <Mercato>MGP</Mercato>
    <Ora>13</Ora>
    <PUN>35,769584</PUN>
    <NAT>34,17</NAT>
    <CNOR>32</CNOR>
    <CSUD>32</CSUD>
    <NORD>32</NORD>
    <SARD>32</SARD>
    <SICI>81</SICI>
    <SUD>32</SUD>
    <AUST>32</AUST>
    <BRNN>32</BRNN>
    <COAC>32</COAC>
    <CORS>32</CORS>
    <FOGN>32</FOGN>
    <FRAN>32</FRAN>
    <GREC>32</GREC>
    <MFTV>32</MFTV>
    <PRGP>81</PRGP>
    <ROSN>32</ROSN>
    <SLOV>32</SLOV>
    <SVIZ>32</SVIZ>
    <BSP>29,10</BSP>
  </Prezzi>
  <Prezzi>
    <Data>20140302</Data>
    <Mercato>MGP</Mercato>
    <Ora>14</Ora>
    <PUN>33,800603</PUN>
    <NAT>30</NAT>
    <CNOR>29,96</CNOR>
    <CSUD>29,96</CSUD>
    <NORD>29,96</NORD>
    <SARD>29,96</SARD>
    <SICI>81</SICI>
    <SUD>29,96</SUD>
    <AUST>29,96</AUST>
    <BRNN>29,96</BRNN>
    <COAC>29,96</COAC>
    <CORS>29,96</CORS>
    <FOGN>29,96</FOGN>
    <FRAN>29,96</FRAN>
    <GREC>29,96</GREC>
    <MFTV>29,96</MFTV>
    <PRGP>81</PRGP>
    <ROSN>29,96</ROSN>
    <SLOV>29,96</SLOV>
    <SVIZ>29,96</SVIZ>
    <BSP>25,43</BSP>
  </Prezzi>
  <Prezzi>
    <Data>20140302</Data>
    <Mercato>MGP</Mercato>
    <Ora>15</Ora>
    <PUN>28,385077</PUN>
    <NAT>26,70</NAT>
    <CNOR>25,98</CNOR>
    <CSUD>25,98</CSUD>
    <NORD>25,98</NORD>
    <SARD>25,98</SARD>
    <SICI>58,80</SICI>
    <SUD>25,98</SUD>
    <AUST>25,98</AUST>
    <BRNN>25,98</BRNN>
    <COAC>25,98</COAC>
    <CORS>25,98</CORS>
    <FOGN>25,98</FOGN>
    <FRAN>25,98</FRAN>
    <GREC>25,98</GREC>
    <MFTV>25,98</MFTV>
    <PRGP>58,80</PRGP>
    <ROSN>25,98</ROSN>
    <SLOV>25,98</SLOV>
    <SVIZ>25,98</SVIZ>
    <BSP>23,01</BSP>
  </Prezzi>
  <Prezzi>
    <Data>20140302</Data>
    <Mercato>MGP</Mercato>
    <Ora>16</Ora>
    <PUN>33,718145</PUN>
    <NAT>30</NAT>
    <CNOR>30</CNOR>
    <CSUD>30</CSUD>
    <NORD>30</NORD>
    <SARD>30</SARD>
    <SICI>81</SICI>
    <SUD>30</SUD>
    <AUST>30</AUST>
    <BRNN>30</BRNN>
    <COAC>30</COAC>
    <CORS>30</CORS>
    <FOGN>30</FOGN>
    <FRAN>30</FRAN>
    <GREC>30</GREC>
    <MFTV>30</MFTV>
    <PRGP>81</PRGP>
    <ROSN>30</ROSN>
    <SLOV>30</SLOV>
    <SVIZ>30</SVIZ>
    <BSP>22,20</BSP>
  </Prezzi>
  <Prezzi>
    <Data>20140302</Data>
    <Mercato>MGP</Mercato>
    <Ora>17</Ora>
    <PUN>43,350968</PUN>
    <NAT>40,04</NAT>
    <CNOR>40,22</CNOR>
    <CSUD>40,22</CSUD>
    <NORD>40,22</NORD>
    <SARD>40,22</SARD>
    <SICI>84,29</SICI>
    <SUD>40,22</SUD>
    <AUST>40,22</AUST>
    <BRNN>40,22</BRNN>
    <COAC>40,22</COAC>
    <CORS>40,22</CORS>
    <FOGN>40,22</FOGN>
    <FRAN>40,22</FRAN>
    <GREC>40,22</GREC>
    <MFTV>40,22</MFTV>
    <PRGP>84,29</PRGP>
    <ROSN>40,22</ROSN>
    <SLOV>40,22</SLOV>
    <SVIZ>40,22</SVIZ>
    <BSP>25,30</BSP>
  </Prezzi>
  <Prezzi>
    <Data>20140302</Data>
    <Mercato>MGP</Mercato>
    <Ora>18</Ora>
    <PUN>54,893483</PUN>
    <NAT>49</NAT>
    <CNOR>48</CNOR>
    <CSUD>48</CSUD>
    <NORD>48</NORD>
    <SARD>48</SARD>
    <SICI>145</SICI>
    <SUD>48</SUD>
    <AUST>48</AUST>
    <BRNN>48</BRNN>
    <COAC>48</COAC>
    <CORS>48</CORS>
    <FOGN>48</FOGN>
    <FRAN>48</FRAN>
    <GREC>48</GREC>
    <MFTV>48</MFTV>
    <PRGP>145</PRGP>
    <ROSN>48</ROSN>
    <SLOV>48</SLOV>
    <SVIZ>48</SVIZ>
    <BSP>31,56</BSP>
  </Prezzi>
  <Prezzi>
    <Data>20140302</Data>
    <Mercato>MGP</Mercato>
    <Ora>19</Ora>
    <PUN>71,978241</PUN>
    <NAT>68,59</NAT>
    <CNOR>66,59</CNOR>
    <CSUD>66,59</CSUD>
    <NORD>66,59</NORD>
    <SARD>66,59</SARD>
    <SICI>145,02</SICI>
    <SUD>66,59</SUD>
    <AUST>66,59</AUST>
    <BRNN>66,59</BRNN>
    <COAC>66,59</COAC>
    <CORS>66,59</CORS>
    <FOGN>66,59</FOGN>
    <FRAN>66,59</FRAN>
    <GREC>66,59</GREC>
    <MFTV>66,59</MFTV>
    <PRGP>145,02</PRGP>
    <ROSN>66,59</ROSN>
    <SLOV>66,59</SLOV>
    <SVIZ>66,59</SVIZ>
    <BSP>48,75</BSP>
  </Prezzi>
  <Prezzi>
    <Data>20140302</Data>
    <Mercato>MGP</Mercato>
    <Ora>20</Ora>
    <PUN>112,415699</PUN>
    <NAT>110</NAT>
    <CNOR>110</CNOR>
    <CSUD>110</CSUD>
    <NORD>110</NORD>
    <SARD>110</SARD>
    <SICI>145,02</SICI>
    <SUD>110</SUD>
    <AUST>110</AUST>
    <BRNN>110</BRNN>
    <COAC>110</COAC>
    <CORS>110</CORS>
    <FOGN>110</FOGN>
    <FRAN>110</FRAN>
    <GREC>110</GREC>
    <MFTV>110</MFTV>
    <PRGP>145,02</PRGP>
    <ROSN>110</ROSN>
    <SLOV>110</SLOV>
    <SVIZ>110</SVIZ>
    <BSP>47,96</BSP>
  </Prezzi>
  <Prezzi>
    <Data>20140302</Data>
    <Mercato>MGP</Mercato>
    <Ora>21</Ora>
    <PUN>79,5812</PUN>
    <NAT>78,39</NAT>
    <CNOR>75,75</CNOR>
    <CSUD>75,75</CSUD>
    <NORD>75,75</NORD>
    <SARD>75,75</SARD>
    <SICI>130,02</SICI>
    <SUD>75,75</SUD>
    <AUST>75,75</AUST>
    <BRNN>75,75</BRNN>
    <COAC>75,75</COAC>
    <CORS>75,75</CORS>
    <FOGN>75,75</FOGN>
    <FRAN>75,75</FRAN>
    <GREC>75,75</GREC>
    <MFTV>75,75</MFTV>
    <PRGP>130,02</PRGP>
    <ROSN>75,75</ROSN>
    <SLOV>75,75</SLOV>
    <SVIZ>75,75</SVIZ>
    <BSP>38,96</BSP>
  </Prezzi>
  <Prezzi>
    <Data>20140302</Data>
    <Mercato>MGP</Mercato>
    <Ora>22</Ora>
    <PUN>67,319997</PUN>
    <NAT>66,15</NAT>
    <CNOR>64,37</CNOR>
    <CSUD>64,37</CSUD>
    <NORD>64,37</NORD>
    <SARD>64,37</SARD>
    <SICI>105,02</SICI>
    <SUD>64,37</SUD>
    <AUST>64,37</AUST>
    <BRNN>64,37</BRNN>
    <COAC>64,37</COAC>
    <CORS>64,37</CORS>
    <FOGN>64,37</FOGN>
    <FRAN>64,37</FRAN>
    <GREC>64,37</GREC>
    <MFTV>64,37</MFTV>
    <PRGP>105,02</PRGP>
    <ROSN>64,37</ROSN>
    <SLOV>64,37</SLOV>
    <SVIZ>64,37</SVIZ>
    <BSP>33,39</BSP>
  </Prezzi>
  <Prezzi>
    <Data>20140302</Data>
    <Mercato>MGP</Mercato>
    <Ora>23</Ora>
    <PUN>58,635719</PUN>
    <NAT>56</NAT>
    <CNOR>56</CNOR>
    <CSUD>56</CSUD>
    <NORD>56</NORD>
    <SARD>56</SARD>
    <SICI>91,01</SICI>
    <SUD>56</SUD>
    <AUST>56</AUST>
    <BRNN>56</BRNN>
    <COAC>56</COAC>
    <CORS>56</CORS>
    <FOGN>56</FOGN>
    <FRAN>56</FRAN>
    <GREC>56</GREC>
    <MFTV>56</MFTV>
    <PRGP>91,01</PRGP>
    <ROSN>56</ROSN>
    <SLOV>56</SLOV>
    <SVIZ>56</SVIZ>
    <BSP>33,69</BSP>
  </Prezzi>
  <Prezzi>
    <Data>20140302</Data>
    <Mercato>MGP</Mercato>
    <Ora>24</Ora>
    <PUN>51,536003</PUN>
    <NAT>51,14</NAT>
    <CNOR>51,14</CNOR>
    <CSUD>51,14</CSUD>
    <NORD>51,14</NORD>
    <SARD>51,14</SARD>
    <SICI>56,69</SICI>
    <SUD>51,14</SUD>
    <AUST>51,14</AUST>
    <BRNN>51,14</BRNN>
    <COAC>51,14</COAC>
    <CORS>51,14</CORS>
    <FOGN>51,14</FOGN>
    <FRAN>51,14</FRAN>
    <GREC>51,14</GREC>
    <MFTV>51,14</MFTV>
    <PRGP>56,69</PRGP>
    <ROSN>51,14</ROSN>
    <SLOV>51,14</SLOV>
    <SVIZ>51,14</SVIZ>
    <BSP>29,72</BSP>
  </Prezzi>
</NewDataSet>