<?xml version="1.0" standalone="yes"?>
<NewDataSet>
  <xs:schema id="NewDataSet" xmlns="" xmlns:xs="http://www.w3.org/2001/XMLSchema" xmlns:msdata="urn:schemas-microsoft-com:xml-msdata">
    <xs:element name="NewDataSet" msdata:IsDataSet="true" msdata:UseCurrentLocale="true">
      <xs:complexType>
        <xs:choice minOccurs="0" maxOccurs="unbounded">
          <xs:element name="Prezzi">
            <xs:complexType>
              <xs:sequence>
                <xs:element name="Data" type="xs:string" minOccurs="0" />
                <xs:element name="Mercato" type="xs:string" minOccurs="0" />
                <xs:element name="Ora" type="xs:string" minOccurs="0" />
                <xs:element name="PUN" type="xs:string" minOccurs="0" />
                <xs:element name="NAT" type="xs:string" minOccurs="0" />
                <xs:element name="CNOR" type="xs:string" minOccurs="0" />
                <xs:element name="CSUD" type="xs:string" minOccurs="0" />
                <xs:element name="NORD" type="xs:string" minOccurs="0" />
                <xs:element name="SARD" type="xs:string" minOccurs="0" />
                <xs:element name="SICI" type="xs:string" minOccurs="0" />
                <xs:element name="SUD" type="xs:string" minOccurs="0" />
                <xs:element name="AUST" type="xs:string" minOccurs="0" />
                <xs:element name="BRNN" type="xs:string" minOccurs="0" />
                <xs:element name="COAC" type="xs:string" minOccurs="0" />
                <xs:element name="CORS" type="xs:string" minOccurs="0" />
                <xs:element name="FOGN" type="xs:string" minOccurs="0" />
                <xs:element name="FRAN" type="xs:string" minOccurs="0" />
                <xs:element name="GREC" type="xs:string" minOccurs="0" />
                <xs:element name="MFTV" type="xs:string" minOccurs="0" />
                <xs:element name="PRGP" type="xs:string" minOccurs="0" />
                <xs:element name="ROSN" type="xs:string" minOccurs="0" />
                <xs:element name="SLOV" type="xs:string" minOccurs="0" />
                <xs:element name="SVIZ" type="xs:string" minOccurs="0" />
                <xs:element name="BSP" type="xs:string" minOccurs="0" />
              </xs:sequence>
            </xs:complexType>
          </xs:element>
        </xs:choice>
      </xs:complexType>
    </xs:element>
  </xs:schema>
  <Prezzi>
    <Data>20140304</Data>
    <Mercato>MGP</Mercato>
    <Ora>1</Ora>
    <PUN>38,624714</PUN>
    <NAT>38,47</NAT>
    <CNOR>39,64</CNOR>
    <CSUD>39,64</CSUD>
    <NORD>39,64</NORD>
    <SARD>39,64</SARD>
    <SICI>23,99</SICI>
    <SUD>39,64</SUD>
    <AUST>39,64</AUST>
    <BRNN>39,64</BRNN>
    <COAC>39,64</COAC>
    <CORS>39,64</CORS>
    <FOGN>39,64</FOGN>
    <FRAN>39,64</FRAN>
    <GREC>39,64</GREC>
    <MFTV>39,64</MFTV>
    <PRGP>23,99</PRGP>
    <ROSN>23,99</ROSN>
    <SLOV>39,64</SLOV>
    <SVIZ>39,64</SVIZ>
    <BSP>32,16</BSP>
  </Prezzi>
  <Prezzi>
    <Data>20140304</Data>
    <Mercato>MGP</Mercato>
    <Ora>2</Ora>
    <PUN>33,741128</PUN>
    <NAT>33,99</NAT>
    <CNOR>34,41</CNOR>
    <CSUD>34,41</CSUD>
    <NORD>34,41</NORD>
    <SARD>34,41</SARD>
    <SICI>23,99</SICI>
    <SUD>34,41</SUD>
    <AUST>34,41</AUST>
    <BRNN>34,41</BRNN>
    <COAC>34,41</COAC>
    <CORS>34,41</CORS>
    <FOGN>34,41</FOGN>
    <FRAN>34,41</FRAN>
    <GREC>34,41</GREC>
    <MFTV>34,41</MFTV>
    <PRGP>23,99</PRGP>
    <ROSN>23,99</ROSN>
    <SLOV>34,41</SLOV>
    <SVIZ>34,41</SVIZ>
    <BSP>30,60</BSP>
  </Prezzi>
  <Prezzi>
    <Data>20140304</Data>
    <Mercato>MGP</Mercato>
    <Ora>3</Ora>
    <PUN>31,442185</PUN>
    <NAT>30,95</NAT>
    <CNOR>31,95</CNOR>
    <CSUD>31,95</CSUD>
    <NORD>31,95</NORD>
    <SARD>31,95</SARD>
    <SICI>23,98</SICI>
    <SUD>31,95</SUD>
    <AUST>31,95</AUST>
    <BRNN>31,95</BRNN>
    <COAC>31,95</COAC>
    <CORS>31,95</CORS>
    <FOGN>31,95</FOGN>
    <FRAN>31,95</FRAN>
    <GREC>31,95</GREC>
    <MFTV>31,95</MFTV>
    <PRGP>23,98</PRGP>
    <ROSN>23,98</ROSN>
    <SLOV>31,95</SLOV>
    <SVIZ>31,95</SVIZ>
    <BSP>29,90</BSP>
  </Prezzi>
  <Prezzi>
    <Data>20140304</Data>
    <Mercato>MGP</Mercato>
    <Ora>4</Ora>
    <PUN>28</PUN>
    <NAT>29,72</NAT>
    <CNOR>30</CNOR>
    <CSUD>30</CSUD>
    <NORD>30,63</NORD>
    <SARD>30</SARD>
    <SICI>1,11</SICI>
    <SUD>23,8911</SUD>
    <AUST>30,63</AUST>
    <BRNN>23,8911</BRNN>
    <COAC>30</COAC>
    <CORS>30</CORS>
    <FOGN>23,8911</FOGN>
    <FRAN>30,63</FRAN>
    <GREC>23,8911</GREC>
    <MFTV>30,63</MFTV>
    <PRGP>1,11</PRGP>
    <ROSN>23,8911</ROSN>
    <SLOV>30,63</SLOV>
    <SVIZ>30,63</SVIZ>
    <BSP>28,63</BSP>
  </Prezzi>
  <Prezzi>
    <Data>20140304</Data>
    <Mercato>MGP</Mercato>
    <Ora>5</Ora>
    <PUN>26</PUN>
    <NAT>30</NAT>
    <CNOR>25,376295</CNOR>
    <CSUD>25,376295</CSUD>
    <NORD>31,20</NORD>
    <SARD>25,376295</SARD>
    <SICI>1,11</SICI>
    <SUD>10</SUD>
    <AUST>31,20</AUST>
    <BRNN>10</BRNN>
    <COAC>25,376295</COAC>
    <CORS>25,376295</CORS>
    <FOGN>10</FOGN>
    <FRAN>31,20</FRAN>
    <GREC>10</GREC>
    <MFTV>31,20</MFTV>
    <PRGP>1,11</PRGP>
    <ROSN>10</ROSN>
    <SLOV>31,20</SLOV>
    <SVIZ>31,20</SVIZ>
    <BSP>30</BSP>
  </Prezzi>
  <Prezzi>
    <Data>20140304</Data>
    <Mercato>MGP</Mercato>
    <Ora>6</Ora>
    <PUN>30</PUN>
    <NAT>33,30</NAT>
    <CNOR>34,45</CNOR>
    <CSUD>33,77</CSUD>
    <NORD>34,45</NORD>
    <SARD>33,77</SARD>
    <SICI>3,940531</SICI>
    <SUD>5</SUD>
    <AUST>34,45</AUST>
    <BRNN>5</BRNN>
    <COAC>33,77</COAC>
    <CORS>33,77</CORS>
    <FOGN>5</FOGN>
    <FRAN>34,45</FRAN>
    <GREC>5</GREC>
    <MFTV>34,45</MFTV>
    <PRGP>3,940531</PRGP>
    <ROSN>5</ROSN>
    <SLOV>34,45</SLOV>
    <SVIZ>34,45</SVIZ>
    <BSP>34,30</BSP>
  </Prezzi>
  <Prezzi>
    <Data>20140304</Data>
    <Mercato>MGP</Mercato>
    <Ora>7</Ora>
    <PUN>42,507048</PUN>
    <NAT>48,20</NAT>
    <CNOR>30</CNOR>
    <CSUD>30</CSUD>
    <NORD>53,50</NORD>
    <SARD>30</SARD>
    <SICI>0</SICI>
    <SUD>30</SUD>
    <AUST>53,50</AUST>
    <BRNN>30</BRNN>
    <COAC>30</COAC>
    <CORS>30</CORS>
    <FOGN>30</FOGN>
    <FRAN>53,50</FRAN>
    <GREC>30</GREC>
    <MFTV>53,50</MFTV>
    <PRGP>0</PRGP>
    <ROSN>0</ROSN>
    <SLOV>53,50</SLOV>
    <SVIZ>53,50</SVIZ>
    <BSP>46,50</BSP>
  </Prezzi>
  <Prezzi>
    <Data>20140304</Data>
    <Mercato>MGP</Mercato>
    <Ora>8</Ora>
    <PUN>54,816173</PUN>
    <NAT>55</NAT>
    <CNOR>56,63</CNOR>
    <CSUD>56,63</CSUD>
    <NORD>56,63</NORD>
    <SARD>56,63</SARD>
    <SICI>55</SICI>
    <SUD>36,33</SUD>
    <AUST>56,63</AUST>
    <BRNN>36,33</BRNN>
    <COAC>56,63</COAC>
    <CORS>56,63</CORS>
    <FOGN>36,33</FOGN>
    <FRAN>56,63</FRAN>
    <GREC>36,33</GREC>
    <MFTV>56,63</MFTV>
    <PRGP>55</PRGP>
    <ROSN>0</ROSN>
    <SLOV>56,63</SLOV>
    <SVIZ>56,63</SVIZ>
    <BSP>56,63</BSP>
  </Prezzi>
  <Prezzi>
    <Data>20140304</Data>
    <Mercato>MGP</Mercato>
    <Ora>9</Ora>
    <PUN>61,572558</PUN>
    <NAT>58,88</NAT>
    <CNOR>64,37</CNOR>
    <CSUD>64,37</CSUD>
    <NORD>64,37</NORD>
    <SARD>64,37</SARD>
    <SICI>55</SICI>
    <SUD>36,33</SUD>
    <AUST>64,37</AUST>
    <BRNN>36,33</BRNN>
    <COAC>64,37</COAC>
    <CORS>64,37</CORS>
    <FOGN>36,33</FOGN>
    <FRAN>64,37</FRAN>
    <GREC>36,33</GREC>
    <MFTV>64,37</MFTV>
    <PRGP>55</PRGP>
    <ROSN>0</ROSN>
    <SLOV>64,37</SLOV>
    <SVIZ>64,37</SVIZ>
    <BSP>60,52</BSP>
  </Prezzi>
  <Prezzi>
    <Data>20140304</Data>
    <Mercato>MGP</Mercato>
    <Ora>10</Ora>
    <PUN>54,680538</PUN>
    <NAT>57,57</NAT>
    <CNOR>62,37</CNOR>
    <CSUD>61,95</CSUD>
    <NORD>62,37</NORD>
    <SARD>61,95</SARD>
    <SICI>1,11</SICI>
    <SUD>10</SUD>
    <AUST>62,37</AUST>
    <BRNN>10</BRNN>
    <COAC>61,95</COAC>
    <CORS>61,95</CORS>
    <FOGN>10</FOGN>
    <FRAN>62,37</FRAN>
    <GREC>10</GREC>
    <MFTV>62,37</MFTV>
    <PRGP>1,11</PRGP>
    <ROSN>0</ROSN>
    <SLOV>62,37</SLOV>
    <SVIZ>62,37</SVIZ>
    <BSP>54,78</BSP>
  </Prezzi>
  <Prezzi>
    <Data>20140304</Data>
    <Mercato>MGP</Mercato>
    <Ora>11</Ora>
    <PUN>52,807527</PUN>
    <NAT>56,19</NAT>
    <CNOR>61</CNOR>
    <CSUD>61</CSUD>
    <NORD>61</NORD>
    <SARD>61</SARD>
    <SICI>1,11</SICI>
    <SUD>1,11</SUD>
    <AUST>61</AUST>
    <BRNN>1,11</BRNN>
    <COAC>61</COAC>
    <CORS>61</CORS>
    <FOGN>1,11</FOGN>
    <FRAN>61</FRAN>
    <GREC>1,11</GREC>
    <MFTV>61</MFTV>
    <PRGP>1,11</PRGP>
    <ROSN>0</ROSN>
    <SLOV>61</SLOV>
    <SVIZ>61</SVIZ>
    <BSP>53,58</BSP>
  </Prezzi>
  <Prezzi>
    <Data>20140304</Data>
    <Mercato>MGP</Mercato>
    <Ora>12</Ora>
    <PUN>50,842158</PUN>
    <NAT>55</NAT>
    <CNOR>57,20</CNOR>
    <CSUD>57,20</CSUD>
    <NORD>59,68</NORD>
    <SARD>57,20</SARD>
    <SICI>0</SICI>
    <SUD>0</SUD>
    <AUST>59,68</AUST>
    <BRNN>0</BRNN>
    <COAC>57,20</COAC>
    <CORS>57,20</CORS>
    <FOGN>0</FOGN>
    <FRAN>59,68</FRAN>
    <GREC>0</GREC>
    <MFTV>59,68</MFTV>
    <PRGP>0</PRGP>
    <ROSN>0</ROSN>
    <SLOV>59,68</SLOV>
    <SVIZ>59,68</SVIZ>
    <BSP>50,37</BSP>
  </Prezzi>
  <Prezzi>
    <Data>20140304</Data>
    <Mercato>MGP</Mercato>
    <Ora>13</Ora>
    <PUN>44,543015</PUN>
    <NAT>50</NAT>
    <CNOR>48,21</CNOR>
    <CSUD>48,21</CSUD>
    <NORD>54</NORD>
    <SARD>48,21</SARD>
    <SICI>0</SICI>
    <SUD>0</SUD>
    <AUST>54</AUST>
    <BRNN>0</BRNN>
    <COAC>48,21</COAC>
    <CORS>48,21</CORS>
    <FOGN>0</FOGN>
    <FRAN>54</FRAN>
    <GREC>0</GREC>
    <MFTV>54</MFTV>
    <PRGP>0</PRGP>
    <ROSN>0</ROSN>
    <SLOV>54</SLOV>
    <SVIZ>54</SVIZ>
    <BSP>48,15</BSP>
  </Prezzi>
  <Prezzi>
    <Data>20140304</Data>
    <Mercato>MGP</Mercato>
    <Ora>14</Ora>
    <PUN>43,819619</PUN>
    <NAT>49,95</NAT>
    <CNOR>42,73</CNOR>
    <CSUD>42,73</CSUD>
    <NORD>54,44</NORD>
    <SARD>42,73</SARD>
    <SICI>0</SICI>
    <SUD>1,11</SUD>
    <AUST>54,44</AUST>
    <BRNN>1,11</BRNN>
    <COAC>42,73</COAC>
    <CORS>42,73</CORS>
    <FOGN>1,11</FOGN>
    <FRAN>54,44</FRAN>
    <GREC>1,11</GREC>
    <MFTV>54,44</MFTV>
    <PRGP>0</PRGP>
    <ROSN>0</ROSN>
    <SLOV>54,44</SLOV>
    <SVIZ>54,44</SVIZ>
    <BSP>47,81</BSP>
  </Prezzi>
  <Prezzi>
    <Data>20140304</Data>
    <Mercato>MGP</Mercato>
    <Ora>15</Ora>
    <PUN>48,348080</PUN>
    <NAT>50,51</NAT>
    <CNOR>54,02</CNOR>
    <CSUD>52,98</CSUD>
    <NORD>56,35</NORD>
    <SARD>52,98</SARD>
    <SICI>0</SICI>
    <SUD>5</SUD>
    <AUST>56,35</AUST>
    <BRNN>5</BRNN>
    <COAC>52,98</COAC>
    <CORS>52,98</CORS>
    <FOGN>5</FOGN>
    <FRAN>56,35</FRAN>
    <GREC>5</GREC>
    <MFTV>56,35</MFTV>
    <PRGP>0</PRGP>
    <ROSN>0</ROSN>
    <SLOV>56,35</SLOV>
    <SVIZ>56,35</SVIZ>
    <BSP>47</BSP>
  </Prezzi>
  <Prezzi>
    <Data>20140304</Data>
    <Mercato>MGP</Mercato>
    <Ora>16</Ora>
    <PUN>53,604609</PUN>
    <NAT>53,52</NAT>
    <CNOR>58,60</CNOR>
    <CSUD>58,60</CSUD>
    <NORD>58,60</NORD>
    <SARD>58,60</SARD>
    <SICI>0</SICI>
    <SUD>36,14</SUD>
    <AUST>58,60</AUST>
    <BRNN>36,14</BRNN>
    <COAC>58,60</COAC>
    <CORS>58,60</CORS>
    <FOGN>36,14</FOGN>
    <FRAN>58,60</FRAN>
    <GREC>36,14</GREC>
    <MFTV>58,60</MFTV>
    <PRGP>0</PRGP>
    <ROSN>0</ROSN>
    <SLOV>58,60</SLOV>
    <SVIZ>58,60</SVIZ>
    <BSP>48,11</BSP>
  </Prezzi>
  <Prezzi>
    <Data>20140304</Data>
    <Mercato>MGP</Mercato>
    <Ora>17</Ora>
    <PUN>54,329738</PUN>
    <NAT>55,58</NAT>
    <CNOR>59,13</CNOR>
    <CSUD>59,13</CSUD>
    <NORD>59,13</NORD>
    <SARD>59,13</SARD>
    <SICI>1,11</SICI>
    <SUD>40,42</SUD>
    <AUST>59,13</AUST>
    <BRNN>40,42</BRNN>
    <COAC>59,13</COAC>
    <CORS>59,13</CORS>
    <FOGN>40,42</FOGN>
    <FRAN>59,13</FRAN>
    <GREC>40,42</GREC>
    <MFTV>59,13</MFTV>
    <PRGP>1,11</PRGP>
    <ROSN>0</ROSN>
    <SLOV>59,13</SLOV>
    <SVIZ>59,13</SVIZ>
    <BSP>47,77</BSP>
  </Prezzi>
  <Prezzi>
    <Data>20140304</Data>
    <Mercato>MGP</Mercato>
    <Ora>18</Ora>
    <PUN>55,416623</PUN>
    <NAT>56,71</NAT>
    <CNOR>58,60</CNOR>
    <CSUD>58,60</CSUD>
    <NORD>58,60</NORD>
    <SARD>58,60</SARD>
    <SICI>5</SICI>
    <SUD>58,60</SUD>
    <AUST>58,60</AUST>
    <BRNN>58,60</BRNN>
    <COAC>58,60</COAC>
    <CORS>58,60</CORS>
    <FOGN>58,60</FOGN>
    <FRAN>58,60</FRAN>
    <GREC>58,60</GREC>
    <MFTV>58,60</MFTV>
    <PRGP>5</PRGP>
    <ROSN>0</ROSN>
    <SLOV>58,60</SLOV>
    <SVIZ>58,60</SVIZ>
    <BSP>54,96</BSP>
  </Prezzi>
  <Prezzi>
    <Data>20140304</Data>
    <Mercato>MGP</Mercato>
    <Ora>19</Ora>
    <PUN>74,431667</PUN>
    <NAT>75</NAT>
    <CNOR>75,50</CNOR>
    <CSUD>75,50</CSUD>
    <NORD>75,50</NORD>
    <SARD>75,50</SARD>
    <SICI>58,32</SICI>
    <SUD>75,50</SUD>
    <AUST>75,50</AUST>
    <BRNN>75,50</BRNN>
    <COAC>75,50</COAC>
    <CORS>75,50</CORS>
    <FOGN>75,50</FOGN>
    <FRAN>75,50</FRAN>
    <GREC>75,50</GREC>
    <MFTV>75,50</MFTV>
    <PRGP>58,32</PRGP>
    <ROSN>0</ROSN>
    <SLOV>75,50</SLOV>
    <SVIZ>75,50</SVIZ>
    <BSP>73,63</BSP>
  </Prezzi>
  <Prezzi>
    <Data>20140304</Data>
    <Mercato>MGP</Mercato>
    <Ora>20</Ora>
    <PUN>79,298509</PUN>
    <NAT>75</NAT>
    <CNOR>75</CNOR>
    <CSUD>75</CSUD>
    <NORD>75</NORD>
    <SARD>75</SARD>
    <SICI>141,02</SICI>
    <SUD>75</SUD>
    <AUST>75</AUST>
    <BRNN>75</BRNN>
    <COAC>75</COAC>
    <CORS>75</CORS>
    <FOGN>75</FOGN>
    <FRAN>75</FRAN>
    <GREC>75</GREC>
    <MFTV>75</MFTV>
    <PRGP>141,02</PRGP>
    <ROSN>0</ROSN>
    <SLOV>75</SLOV>
    <SVIZ>75</SVIZ>
    <BSP>75</BSP>
  </Prezzi>
  <Prezzi>
    <Data>20140304</Data>
    <Mercato>MGP</Mercato>
    <Ora>21</Ora>
    <PUN>64,377397</PUN>
    <NAT>59,05</NAT>
    <CNOR>59,68</CNOR>
    <CSUD>59,68</CSUD>
    <NORD>59,68</NORD>
    <SARD>59,68</SARD>
    <SICI>130</SICI>
    <SUD>59,68</SUD>
    <AUST>59,68</AUST>
    <BRNN>59,68</BRNN>
    <COAC>59,68</COAC>
    <CORS>59,68</CORS>
    <FOGN>59,68</FOGN>
    <FRAN>59,68</FRAN>
    <GREC>59,68</GREC>
    <MFTV>59,68</MFTV>
    <PRGP>130</PRGP>
    <ROSN>0</ROSN>
    <SLOV>59,68</SLOV>
    <SVIZ>59,68</SVIZ>
    <BSP>57,39</BSP>
  </Prezzi>
  <Prezzi>
    <Data>20140304</Data>
    <Mercato>MGP</Mercato>
    <Ora>22</Ora>
    <PUN>54,933292</PUN>
    <NAT>54,76</NAT>
    <CNOR>54,76</CNOR>
    <CSUD>54,76</CSUD>
    <NORD>54,76</NORD>
    <SARD>54,76</SARD>
    <SICI>57,27</SICI>
    <SUD>54,76</SUD>
    <AUST>54,76</AUST>
    <BRNN>54,76</BRNN>
    <COAC>54,76</COAC>
    <CORS>54,76</CORS>
    <FOGN>54,76</FOGN>
    <FRAN>54,76</FRAN>
    <GREC>54,76</GREC>
    <MFTV>54,76</MFTV>
    <PRGP>57,27</PRGP>
    <ROSN>0</ROSN>
    <SLOV>54,76</SLOV>
    <SVIZ>54,76</SVIZ>
    <BSP>47,51</BSP>
  </Prezzi>
  <Prezzi>
    <Data>20140304</Data>
    <Mercato>MGP</Mercato>
    <Ora>23</Ora>
    <PUN>53,142591</PUN>
    <NAT>52,98</NAT>
    <CNOR>53</CNOR>
    <CSUD>53</CSUD>
    <NORD>53</NORD>
    <SARD>53</SARD>
    <SICI>55,01</SICI>
    <SUD>53</SUD>
    <AUST>53</AUST>
    <BRNN>53</BRNN>
    <COAC>53</COAC>
    <CORS>53</CORS>
    <FOGN>53</FOGN>
    <FRAN>53</FRAN>
    <GREC>53</GREC>
    <MFTV>53</MFTV>
    <PRGP>55,01</PRGP>
    <ROSN>53</ROSN>
    <SLOV>53</SLOV>
    <SVIZ>53</SVIZ>
    <BSP>44,17</BSP>
  </Prezzi>
  <Prezzi>
    <Data>20140304</Data>
    <Mercato>MGP</Mercato>
    <Ora>24</Ora>
    <PUN>49,02</PUN>
    <NAT>47,87</NAT>
    <CNOR>49,02</CNOR>
    <CSUD>49,02</CSUD>
    <NORD>49,02</NORD>
    <SARD>49,02</SARD>
    <SICI>49,02</SICI>
    <SUD>49,02</SUD>
    <AUST>49,02</AUST>
    <BRNN>49,02</BRNN>
    <COAC>49,02</COAC>
    <CORS>49,02</CORS>
    <FOGN>49,02</FOGN>
    <FRAN>49,02</FRAN>
    <GREC>49,02</GREC>
    <MFTV>49,02</MFTV>
    <PRGP>49,02</PRGP>
    <ROSN>49,02</ROSN>
    <SLOV>49,02</SLOV>
    <SVIZ>49,02</SVIZ>
    <BSP>37</BSP>
  </Prezzi>
</NewDataSet>