<?xml version="1.0" standalone="yes"?>
<NewDataSet>
  <xs:schema id="NewDataSet" xmlns="" xmlns:xs="http://www.w3.org/2001/XMLSchema" xmlns:msdata="urn:schemas-microsoft-com:xml-msdata">
    <xs:element name="NewDataSet" msdata:IsDataSet="true" msdata:UseCurrentLocale="true">
      <xs:complexType>
        <xs:choice minOccurs="0" maxOccurs="unbounded">
          <xs:element name="Prezzi">
            <xs:complexType>
              <xs:sequence>
                <xs:element name="Data" type="xs:string" minOccurs="0" />
                <xs:element name="Mercato" type="xs:string" minOccurs="0" />
                <xs:element name="Ora" type="xs:string" minOccurs="0" />
                <xs:element name="PUN" type="xs:string" minOccurs="0" />
                <xs:element name="NAT" type="xs:string" minOccurs="0" />
                <xs:element name="CNOR" type="xs:string" minOccurs="0" />
                <xs:element name="CSUD" type="xs:string" minOccurs="0" />
                <xs:element name="NORD" type="xs:string" minOccurs="0" />
                <xs:element name="SARD" type="xs:string" minOccurs="0" />
                <xs:element name="SICI" type="xs:string" minOccurs="0" />
                <xs:element name="SUD" type="xs:string" minOccurs="0" />
                <xs:element name="AUST" type="xs:string" minOccurs="0" />
                <xs:element name="BRNN" type="xs:string" minOccurs="0" />
                <xs:element name="COAC" type="xs:string" minOccurs="0" />
                <xs:element name="CORS" type="xs:string" minOccurs="0" />
                <xs:element name="FOGN" type="xs:string" minOccurs="0" />
                <xs:element name="FRAN" type="xs:string" minOccurs="0" />
                <xs:element name="GREC" type="xs:string" minOccurs="0" />
                <xs:element name="MFTV" type="xs:string" minOccurs="0" />
                <xs:element name="PRGP" type="xs:string" minOccurs="0" />
                <xs:element name="ROSN" type="xs:string" minOccurs="0" />
                <xs:element name="SLOV" type="xs:string" minOccurs="0" />
                <xs:element name="SVIZ" type="xs:string" minOccurs="0" />
                <xs:element name="BSP" type="xs:string" minOccurs="0" />
              </xs:sequence>
            </xs:complexType>
          </xs:element>
        </xs:choice>
      </xs:complexType>
    </xs:element>
  </xs:schema>
  <Prezzi>
    <Data>20140313</Data>
    <Mercato>MGP</Mercato>
    <Ora>1</Ora>
    <PUN>48,488157</PUN>
    <NAT>43,80</NAT>
    <CNOR>46,97</CNOR>
    <CSUD>46,97</CSUD>
    <NORD>46,97</NORD>
    <SARD>46,97</SARD>
    <SICI>70</SICI>
    <SUD>46,97</SUD>
    <AUST>46,97</AUST>
    <BRNN>46,97</BRNN>
    <COAC>46,97</COAC>
    <CORS>46,97</CORS>
    <FOGN>46,97</FOGN>
    <FRAN>46,97</FRAN>
    <GREC>46,97</GREC>
    <MFTV>46,97</MFTV>
    <PRGP>70</PRGP>
    <ROSN>46,97</ROSN>
    <SLOV>46,97</SLOV>
    <SVIZ>46,97</SVIZ>
    <BSP>31,01</BSP>
  </Prezzi>
  <Prezzi>
    <Data>20140313</Data>
    <Mercato>MGP</Mercato>
    <Ora>2</Ora>
    <PUN>41,387887</PUN>
    <NAT>39,47</NAT>
    <CNOR>39,66</CNOR>
    <CSUD>39,66</CSUD>
    <NORD>39,66</NORD>
    <SARD>39,66</SARD>
    <SICI>67</SICI>
    <SUD>39,66</SUD>
    <AUST>39,66</AUST>
    <BRNN>39,66</BRNN>
    <COAC>39,66</COAC>
    <CORS>39,66</CORS>
    <FOGN>39,66</FOGN>
    <FRAN>39,66</FRAN>
    <GREC>39,66</GREC>
    <MFTV>39,66</MFTV>
    <PRGP>67</PRGP>
    <ROSN>39,66</ROSN>
    <SLOV>39,66</SLOV>
    <SVIZ>39,66</SVIZ>
    <BSP>29,70</BSP>
  </Prezzi>
  <Prezzi>
    <Data>20140313</Data>
    <Mercato>MGP</Mercato>
    <Ora>3</Ora>
    <PUN>40,415115</PUN>
    <NAT>38,11</NAT>
    <CNOR>39,47</CNOR>
    <CSUD>39,47</CSUD>
    <NORD>39,47</NORD>
    <SARD>39,47</SARD>
    <SICI>55,01</SICI>
    <SUD>39,47</SUD>
    <AUST>39,47</AUST>
    <BRNN>39,47</BRNN>
    <COAC>39,47</COAC>
    <CORS>39,47</CORS>
    <FOGN>39,47</FOGN>
    <FRAN>39,47</FRAN>
    <GREC>39,47</GREC>
    <MFTV>39,47</MFTV>
    <PRGP>55,01</PRGP>
    <ROSN>39,47</ROSN>
    <SLOV>39,47</SLOV>
    <SVIZ>39,47</SVIZ>
    <BSP>28,44</BSP>
  </Prezzi>
  <Prezzi>
    <Data>20140313</Data>
    <Mercato>MGP</Mercato>
    <Ora>4</Ora>
    <PUN>39,910714</PUN>
    <NAT>35</NAT>
    <CNOR>38,97</CNOR>
    <CSUD>38,97</CSUD>
    <NORD>38,97</NORD>
    <SARD>38,97</SARD>
    <SICI>55,01</SICI>
    <SUD>38,97</SUD>
    <AUST>38,97</AUST>
    <BRNN>38,97</BRNN>
    <COAC>38,97</COAC>
    <CORS>38,97</CORS>
    <FOGN>38,97</FOGN>
    <FRAN>38,97</FRAN>
    <GREC>38,97</GREC>
    <MFTV>38,97</MFTV>
    <PRGP>55,01</PRGP>
    <ROSN>38,97</ROSN>
    <SLOV>38,97</SLOV>
    <SVIZ>38,97</SVIZ>
    <BSP>27,83</BSP>
  </Prezzi>
  <Prezzi>
    <Data>20140313</Data>
    <Mercato>MGP</Mercato>
    <Ora>5</Ora>
    <PUN>40,532296</PUN>
    <NAT>39,27</NAT>
    <CNOR>39,66</CNOR>
    <CSUD>39,66</CSUD>
    <NORD>39,66</NORD>
    <SARD>39,66</SARD>
    <SICI>55,01</SICI>
    <SUD>39,66</SUD>
    <AUST>39,66</AUST>
    <BRNN>39,66</BRNN>
    <COAC>39,66</COAC>
    <CORS>39,66</CORS>
    <FOGN>39,66</FOGN>
    <FRAN>39,66</FRAN>
    <GREC>39,66</GREC>
    <MFTV>39,66</MFTV>
    <PRGP>55,01</PRGP>
    <ROSN>39,66</ROSN>
    <SLOV>39,66</SLOV>
    <SVIZ>39,66</SVIZ>
    <BSP>28,37</BSP>
  </Prezzi>
  <Prezzi>
    <Data>20140313</Data>
    <Mercato>MGP</Mercato>
    <Ora>6</Ora>
    <PUN>47,95</PUN>
    <NAT>40,71</NAT>
    <CNOR>47,522530</CNOR>
    <CSUD>47,522530</CSUD>
    <NORD>47,522530</NORD>
    <SARD>47,522530</SARD>
    <SICI>55,02</SICI>
    <SUD>47,522530</SUD>
    <AUST>47,522530</AUST>
    <BRNN>47,522530</BRNN>
    <COAC>47,522530</COAC>
    <CORS>47,522530</CORS>
    <FOGN>47,522530</FOGN>
    <FRAN>47,522530</FRAN>
    <GREC>47,522530</GREC>
    <MFTV>47,522530</MFTV>
    <PRGP>55,02</PRGP>
    <ROSN>47,522530</ROSN>
    <SLOV>47,522530</SLOV>
    <SVIZ>47,522530</SVIZ>
    <BSP>31</BSP>
  </Prezzi>
  <Prezzi>
    <Data>20140313</Data>
    <Mercato>MGP</Mercato>
    <Ora>7</Ora>
    <PUN>58,103112</PUN>
    <NAT>56,01</NAT>
    <CNOR>57,55</CNOR>
    <CSUD>57,55</CSUD>
    <NORD>57,55</NORD>
    <SARD>57,55</SARD>
    <SICI>68</SICI>
    <SUD>57,55</SUD>
    <AUST>57,55</AUST>
    <BRNN>57,55</BRNN>
    <COAC>57,55</COAC>
    <CORS>57,55</CORS>
    <FOGN>57,55</FOGN>
    <FRAN>57,55</FRAN>
    <GREC>57,55</GREC>
    <MFTV>57,55</MFTV>
    <PRGP>68</PRGP>
    <ROSN>57,55</ROSN>
    <SLOV>57,55</SLOV>
    <SVIZ>57,55</SVIZ>
    <BSP>39,36</BSP>
  </Prezzi>
  <Prezzi>
    <Data>20140313</Data>
    <Mercato>MGP</Mercato>
    <Ora>8</Ora>
    <PUN>68,50</PUN>
    <NAT>65,28</NAT>
    <CNOR>66,994340</CNOR>
    <CSUD>66,994340</CSUD>
    <NORD>66,994340</NORD>
    <SARD>66,994340</SARD>
    <SICI>95</SICI>
    <SUD>66,994340</SUD>
    <AUST>66,994340</AUST>
    <BRNN>66,994340</BRNN>
    <COAC>66,994340</COAC>
    <CORS>66,994340</CORS>
    <FOGN>66,994340</FOGN>
    <FRAN>66,994340</FRAN>
    <GREC>66,994340</GREC>
    <MFTV>66,994340</MFTV>
    <PRGP>95</PRGP>
    <ROSN>66,994340</ROSN>
    <SLOV>66,994340</SLOV>
    <SVIZ>66,994340</SVIZ>
    <BSP>49,70</BSP>
  </Prezzi>
  <Prezzi>
    <Data>20140313</Data>
    <Mercato>MGP</Mercato>
    <Ora>9</Ora>
    <PUN>76,113986</PUN>
    <NAT>70,08</NAT>
    <CNOR>74,46</CNOR>
    <CSUD>74,46</CSUD>
    <NORD>74,46</NORD>
    <SARD>74,46</SARD>
    <SICI>105</SICI>
    <SUD>74,46</SUD>
    <AUST>74,46</AUST>
    <BRNN>74,46</BRNN>
    <COAC>74,46</COAC>
    <CORS>74,46</CORS>
    <FOGN>74,46</FOGN>
    <FRAN>74,46</FRAN>
    <GREC>74,46</GREC>
    <MFTV>74,46</MFTV>
    <PRGP>105</PRGP>
    <ROSN>74,46</ROSN>
    <SLOV>74,46</SLOV>
    <SVIZ>74,46</SVIZ>
    <BSP>48,45</BSP>
  </Prezzi>
  <Prezzi>
    <Data>20140313</Data>
    <Mercato>MGP</Mercato>
    <Ora>10</Ora>
    <PUN>61,23</PUN>
    <NAT>59,77</NAT>
    <CNOR>61,23</CNOR>
    <CSUD>61,23</CSUD>
    <NORD>61,23</NORD>
    <SARD>61,23</SARD>
    <SICI>61,23</SICI>
    <SUD>61,23</SUD>
    <AUST>61,23</AUST>
    <BRNN>61,23</BRNN>
    <COAC>61,23</COAC>
    <CORS>61,23</CORS>
    <FOGN>61,23</FOGN>
    <FRAN>61,23</FRAN>
    <GREC>61,23</GREC>
    <MFTV>61,23</MFTV>
    <PRGP>61,23</PRGP>
    <ROSN>61,23</ROSN>
    <SLOV>61,23</SLOV>
    <SVIZ>61,23</SVIZ>
    <BSP>39,59</BSP>
  </Prezzi>
  <Prezzi>
    <Data>20140313</Data>
    <Mercato>MGP</Mercato>
    <Ora>11</Ora>
    <PUN>49,697248</PUN>
    <NAT>52,50</NAT>
    <CNOR>40,04</CNOR>
    <CSUD>40,04</CSUD>
    <NORD>56,37</NORD>
    <SARD>40,04</SARD>
    <SICI>40,04</SICI>
    <SUD>40,04</SUD>
    <AUST>56,37</AUST>
    <BRNN>40,04</BRNN>
    <COAC>40,04</COAC>
    <CORS>40,04</CORS>
    <FOGN>40,04</FOGN>
    <FRAN>56,37</FRAN>
    <GREC>40,04</GREC>
    <MFTV>56,37</MFTV>
    <PRGP>40,04</PRGP>
    <ROSN>40,04</ROSN>
    <SLOV>56,37</SLOV>
    <SVIZ>56,37</SVIZ>
    <BSP>34,88</BSP>
  </Prezzi>
  <Prezzi>
    <Data>20140313</Data>
    <Mercato>MGP</Mercato>
    <Ora>12</Ora>
    <PUN>47,364785</PUN>
    <NAT>43</NAT>
    <CNOR>35,76</CNOR>
    <CSUD>35,76</CSUD>
    <NORD>55,01</NORD>
    <SARD>35,76</SARD>
    <SICI>40</SICI>
    <SUD>35,76</SUD>
    <AUST>55,01</AUST>
    <BRNN>35,76</BRNN>
    <COAC>35,76</COAC>
    <CORS>35,76</CORS>
    <FOGN>35,76</FOGN>
    <FRAN>55,01</FRAN>
    <GREC>35,76</GREC>
    <MFTV>55,01</MFTV>
    <PRGP>40</PRGP>
    <ROSN>35,76</ROSN>
    <SLOV>55,01</SLOV>
    <SVIZ>55,01</SVIZ>
    <BSP>34,16</BSP>
  </Prezzi>
  <Prezzi>
    <Data>20140313</Data>
    <Mercato>MGP</Mercato>
    <Ora>13</Ora>
    <PUN>40</PUN>
    <NAT>36,79</NAT>
    <CNOR>29,724035</CNOR>
    <CSUD>29,724035</CSUD>
    <NORD>45</NORD>
    <SARD>29,724035</SARD>
    <SICI>55</SICI>
    <SUD>29,724035</SUD>
    <AUST>45</AUST>
    <BRNN>29,724035</BRNN>
    <COAC>29,724035</COAC>
    <CORS>29,724035</CORS>
    <FOGN>29,724035</FOGN>
    <FRAN>45</FRAN>
    <GREC>29,724035</GREC>
    <MFTV>45</MFTV>
    <PRGP>55</PRGP>
    <ROSN>29,724035</ROSN>
    <SLOV>45</SLOV>
    <SVIZ>45</SVIZ>
    <BSP>33</BSP>
  </Prezzi>
  <Prezzi>
    <Data>20140313</Data>
    <Mercato>MGP</Mercato>
    <Ora>14</Ora>
    <PUN>40</PUN>
    <NAT>38,89</NAT>
    <CNOR>25</CNOR>
    <CSUD>25</CSUD>
    <NORD>47,560827</NORD>
    <SARD>25</SARD>
    <SICI>55</SICI>
    <SUD>25</SUD>
    <AUST>47,560827</AUST>
    <BRNN>25</BRNN>
    <COAC>25</COAC>
    <CORS>25</CORS>
    <FOGN>25</FOGN>
    <FRAN>47,560827</FRAN>
    <GREC>25</GREC>
    <MFTV>47,560827</MFTV>
    <PRGP>55</PRGP>
    <ROSN>25</ROSN>
    <SLOV>47,560827</SLOV>
    <SVIZ>47,560827</SVIZ>
    <BSP>32,76</BSP>
  </Prezzi>
  <Prezzi>
    <Data>20140313</Data>
    <Mercato>MGP</Mercato>
    <Ora>15</Ora>
    <PUN>46,800544</PUN>
    <NAT>45</NAT>
    <CNOR>35,96</CNOR>
    <CSUD>35,96</CSUD>
    <NORD>52,50</NORD>
    <SARD>35,96</SARD>
    <SICI>55</SICI>
    <SUD>35,96</SUD>
    <AUST>52,50</AUST>
    <BRNN>35,96</BRNN>
    <COAC>35,96</COAC>
    <CORS>35,96</CORS>
    <FOGN>35,96</FOGN>
    <FRAN>52,50</FRAN>
    <GREC>35,96</GREC>
    <MFTV>52,50</MFTV>
    <PRGP>55</PRGP>
    <ROSN>35,96</ROSN>
    <SLOV>52,50</SLOV>
    <SVIZ>52,50</SVIZ>
    <BSP>32,32</BSP>
  </Prezzi>
  <Prezzi>
    <Data>20140313</Data>
    <Mercato>MGP</Mercato>
    <Ora>16</Ora>
    <PUN>50,629635</PUN>
    <NAT>54,55</NAT>
    <CNOR>40,04</CNOR>
    <CSUD>40,04</CSUD>
    <NORD>56,64</NORD>
    <SARD>40,04</SARD>
    <SICI>55,02</SICI>
    <SUD>40,04</SUD>
    <AUST>56,64</AUST>
    <BRNN>40,04</BRNN>
    <COAC>40,04</COAC>
    <CORS>40,04</CORS>
    <FOGN>40,04</FOGN>
    <FRAN>56,64</FRAN>
    <GREC>40,04</GREC>
    <MFTV>56,64</MFTV>
    <PRGP>55,02</PRGP>
    <ROSN>40,04</ROSN>
    <SLOV>56,64</SLOV>
    <SVIZ>56,64</SVIZ>
    <BSP>33,08</BSP>
  </Prezzi>
  <Prezzi>
    <Data>20140313</Data>
    <Mercato>MGP</Mercato>
    <Ora>17</Ora>
    <PUN>61,518429</PUN>
    <NAT>58,08</NAT>
    <CNOR>60</CNOR>
    <CSUD>60</CSUD>
    <NORD>60</NORD>
    <SARD>60</SARD>
    <SICI>87</SICI>
    <SUD>60</SUD>
    <AUST>60</AUST>
    <BRNN>60</BRNN>
    <COAC>60</COAC>
    <CORS>60</CORS>
    <FOGN>60</FOGN>
    <FRAN>60</FRAN>
    <GREC>60</GREC>
    <MFTV>60</MFTV>
    <PRGP>87</PRGP>
    <ROSN>60</ROSN>
    <SLOV>60</SLOV>
    <SVIZ>60</SVIZ>
    <BSP>36</BSP>
  </Prezzi>
  <Prezzi>
    <Data>20140313</Data>
    <Mercato>MGP</Mercato>
    <Ora>18</Ora>
    <PUN>65,027671</PUN>
    <NAT>60</NAT>
    <CNOR>60</CNOR>
    <CSUD>60</CSUD>
    <NORD>60</NORD>
    <SARD>60</SARD>
    <SICI>145</SICI>
    <SUD>60</SUD>
    <AUST>60</AUST>
    <BRNN>60</BRNN>
    <COAC>60</COAC>
    <CORS>60</CORS>
    <FOGN>60</FOGN>
    <FRAN>60</FRAN>
    <GREC>60</GREC>
    <MFTV>60</MFTV>
    <PRGP>145</PRGP>
    <ROSN>60</ROSN>
    <SLOV>60</SLOV>
    <SVIZ>60</SVIZ>
    <BSP>43,22</BSP>
  </Prezzi>
  <Prezzi>
    <Data>20140313</Data>
    <Mercato>MGP</Mercato>
    <Ora>19</Ora>
    <PUN>80,371388</PUN>
    <NAT>77,45</NAT>
    <CNOR>76</CNOR>
    <CSUD>76</CSUD>
    <NORD>76</NORD>
    <SARD>76</SARD>
    <SICI>145,02</SICI>
    <SUD>76</SUD>
    <AUST>76</AUST>
    <BRNN>76</BRNN>
    <COAC>76</COAC>
    <CORS>76</CORS>
    <FOGN>76</FOGN>
    <FRAN>76</FRAN>
    <GREC>76</GREC>
    <MFTV>76</MFTV>
    <PRGP>145,02</PRGP>
    <ROSN>76</ROSN>
    <SLOV>76</SLOV>
    <SVIZ>76</SVIZ>
    <BSP>58,63</BSP>
  </Prezzi>
  <Prezzi>
    <Data>20140313</Data>
    <Mercato>MGP</Mercato>
    <Ora>20</Ora>
    <PUN>87,034227</PUN>
    <NAT>83</NAT>
    <CNOR>83</CNOR>
    <CSUD>83</CSUD>
    <NORD>83</NORD>
    <SARD>83</SARD>
    <SICI>145,02</SICI>
    <SUD>83</SUD>
    <AUST>83</AUST>
    <BRNN>83</BRNN>
    <COAC>83</COAC>
    <CORS>83</CORS>
    <FOGN>83</FOGN>
    <FRAN>83</FRAN>
    <GREC>83</GREC>
    <MFTV>83</MFTV>
    <PRGP>145,02</PRGP>
    <ROSN>83</ROSN>
    <SLOV>83</SLOV>
    <SVIZ>83</SVIZ>
    <BSP>72,19</BSP>
  </Prezzi>
  <Prezzi>
    <Data>20140313</Data>
    <Mercato>MGP</Mercato>
    <Ora>21</Ora>
    <PUN>69,353426</PUN>
    <NAT>66,01</NAT>
    <CNOR>65</CNOR>
    <CSUD>65</CSUD>
    <NORD>65</NORD>
    <SARD>65</SARD>
    <SICI>130,02</SICI>
    <SUD>65</SUD>
    <AUST>65</AUST>
    <BRNN>65</BRNN>
    <COAC>65</COAC>
    <CORS>65</CORS>
    <FOGN>65</FOGN>
    <FRAN>65</FRAN>
    <GREC>65</GREC>
    <MFTV>65</MFTV>
    <PRGP>130,02</PRGP>
    <ROSN>65</ROSN>
    <SLOV>65</SLOV>
    <SVIZ>65</SVIZ>
    <BSP>51,56</BSP>
  </Prezzi>
  <Prezzi>
    <Data>20140313</Data>
    <Mercato>MGP</Mercato>
    <Ora>22</Ora>
    <PUN>63,041555</PUN>
    <NAT>60</NAT>
    <CNOR>60</CNOR>
    <CSUD>60</CSUD>
    <NORD>60</NORD>
    <SARD>60</SARD>
    <SICI>105,02</SICI>
    <SUD>60</SUD>
    <AUST>60</AUST>
    <BRNN>60</BRNN>
    <COAC>60</COAC>
    <CORS>60</CORS>
    <FOGN>60</FOGN>
    <FRAN>60</FRAN>
    <GREC>60</GREC>
    <MFTV>60</MFTV>
    <PRGP>105,02</PRGP>
    <ROSN>60</ROSN>
    <SLOV>60</SLOV>
    <SVIZ>60</SVIZ>
    <BSP>43,27</BSP>
  </Prezzi>
  <Prezzi>
    <Data>20140313</Data>
    <Mercato>MGP</Mercato>
    <Ora>23</Ora>
    <PUN>56,608980</PUN>
    <NAT>54,09</NAT>
    <CNOR>54,09</CNOR>
    <CSUD>54,09</CSUD>
    <NORD>54,09</NORD>
    <SARD>54,09</SARD>
    <SICI>91</SICI>
    <SUD>54,09</SUD>
    <AUST>54,09</AUST>
    <BRNN>54,09</BRNN>
    <COAC>54,09</COAC>
    <CORS>54,09</CORS>
    <FOGN>54,09</FOGN>
    <FRAN>54,09</FRAN>
    <GREC>54,09</GREC>
    <MFTV>54,09</MFTV>
    <PRGP>91</PRGP>
    <ROSN>54,09</ROSN>
    <SLOV>54,09</SLOV>
    <SVIZ>54,09</SVIZ>
    <BSP>39,12</BSP>
  </Prezzi>
  <Prezzi>
    <Data>20140313</Data>
    <Mercato>MGP</Mercato>
    <Ora>24</Ora>
    <PUN>50,679488</PUN>
    <NAT>49,47</NAT>
    <CNOR>50,38</CNOR>
    <CSUD>50,38</CSUD>
    <NORD>50,38</NORD>
    <SARD>50,38</SARD>
    <SICI>55,01</SICI>
    <SUD>50,38</SUD>
    <AUST>50,38</AUST>
    <BRNN>50,38</BRNN>
    <COAC>50,38</COAC>
    <CORS>50,38</CORS>
    <FOGN>50,38</FOGN>
    <FRAN>50,38</FRAN>
    <GREC>50,38</GREC>
    <MFTV>50,38</MFTV>
    <PRGP>55,01</PRGP>
    <ROSN>50,38</ROSN>
    <SLOV>50,38</SLOV>
    <SVIZ>50,38</SVIZ>
    <BSP>32,32</BSP>
  </Prezzi>
</NewDataSet>