<?xml version="1.0" standalone="yes"?>
<NewDataSet>
  <xs:schema id="NewDataSet" xmlns="" xmlns:xs="http://www.w3.org/2001/XMLSchema" xmlns:msdata="urn:schemas-microsoft-com:xml-msdata">
    <xs:element name="NewDataSet" msdata:IsDataSet="true" msdata:UseCurrentLocale="true">
      <xs:complexType>
        <xs:choice minOccurs="0" maxOccurs="unbounded">
          <xs:element name="Prezzi">
            <xs:complexType>
              <xs:sequence>
                <xs:element name="Data" type="xs:string" minOccurs="0" />
                <xs:element name="Mercato" type="xs:string" minOccurs="0" />
                <xs:element name="Ora" type="xs:string" minOccurs="0" />
                <xs:element name="PUN" type="xs:string" minOccurs="0" />
                <xs:element name="NAT" type="xs:string" minOccurs="0" />
                <xs:element name="CNOR" type="xs:string" minOccurs="0" />
                <xs:element name="CSUD" type="xs:string" minOccurs="0" />
                <xs:element name="NORD" type="xs:string" minOccurs="0" />
                <xs:element name="SARD" type="xs:string" minOccurs="0" />
                <xs:element name="SICI" type="xs:string" minOccurs="0" />
                <xs:element name="SUD" type="xs:string" minOccurs="0" />
                <xs:element name="AUST" type="xs:string" minOccurs="0" />
                <xs:element name="BRNN" type="xs:string" minOccurs="0" />
                <xs:element name="COAC" type="xs:string" minOccurs="0" />
                <xs:element name="CORS" type="xs:string" minOccurs="0" />
                <xs:element name="FOGN" type="xs:string" minOccurs="0" />
                <xs:element name="FRAN" type="xs:string" minOccurs="0" />
                <xs:element name="GREC" type="xs:string" minOccurs="0" />
                <xs:element name="MFTV" type="xs:string" minOccurs="0" />
                <xs:element name="PRGP" type="xs:string" minOccurs="0" />
                <xs:element name="ROSN" type="xs:string" minOccurs="0" />
                <xs:element name="SLOV" type="xs:string" minOccurs="0" />
                <xs:element name="SVIZ" type="xs:string" minOccurs="0" />
                <xs:element name="BSP" type="xs:string" minOccurs="0" />
              </xs:sequence>
            </xs:complexType>
          </xs:element>
        </xs:choice>
      </xs:complexType>
    </xs:element>
  </xs:schema>
  <Prezzi>
    <Data>20140321</Data>
    <Mercato>MGP</Mercato>
    <Ora>1</Ora>
    <PUN>40,246383</PUN>
    <NAT>39,15</NAT>
    <CNOR>39,15</CNOR>
    <CSUD>39,15</CSUD>
    <NORD>39,15</NORD>
    <SARD>39,15</SARD>
    <SICI>56,38</SICI>
    <SUD>39,15</SUD>
    <AUST>39,15</AUST>
    <BRNN>39,15</BRNN>
    <COAC>39,15</COAC>
    <CORS>39,15</CORS>
    <FOGN>39,15</FOGN>
    <FRAN>39,15</FRAN>
    <GREC>39,15</GREC>
    <MFTV>39,15</MFTV>
    <PRGP>56,38</PRGP>
    <ROSN>39,15</ROSN>
    <SLOV>39,15</SLOV>
    <SVIZ>39,15</SVIZ>
    <BSP>10,58</BSP>
  </Prezzi>
  <Prezzi>
    <Data>20140321</Data>
    <Mercato>MGP</Mercato>
    <Ora>2</Ora>
    <PUN>34,726972</PUN>
    <NAT>33,17</NAT>
    <CNOR>33,40</CNOR>
    <CSUD>33,40</CSUD>
    <NORD>33,40</NORD>
    <SARD>33,40</SARD>
    <SICI>55,01</SICI>
    <SUD>33,40</SUD>
    <AUST>33,40</AUST>
    <BRNN>33,40</BRNN>
    <COAC>33,40</COAC>
    <CORS>33,40</CORS>
    <FOGN>33,40</FOGN>
    <FRAN>33,40</FRAN>
    <GREC>33,40</GREC>
    <MFTV>33,40</MFTV>
    <PRGP>55,01</PRGP>
    <ROSN>33,40</ROSN>
    <SLOV>33,40</SLOV>
    <SVIZ>33,40</SVIZ>
    <BSP>8,86</BSP>
  </Prezzi>
  <Prezzi>
    <Data>20140321</Data>
    <Mercato>MGP</Mercato>
    <Ora>3</Ora>
    <PUN>28,58</PUN>
    <NAT>23,34</NAT>
    <CNOR>26,890412</CNOR>
    <CSUD>26,890412</CSUD>
    <NORD>26,890412</NORD>
    <SARD>26,890412</SARD>
    <SICI>55</SICI>
    <SUD>26,890412</SUD>
    <AUST>26,890412</AUST>
    <BRNN>26,890412</BRNN>
    <COAC>26,890412</COAC>
    <CORS>26,890412</CORS>
    <FOGN>26,890412</FOGN>
    <FRAN>26,890412</FRAN>
    <GREC>26,890412</GREC>
    <MFTV>26,890412</MFTV>
    <PRGP>55</PRGP>
    <ROSN>26,890412</ROSN>
    <SLOV>26,890412</SLOV>
    <SVIZ>26,890412</SVIZ>
    <BSP>7,10</BSP>
  </Prezzi>
  <Prezzi>
    <Data>20140321</Data>
    <Mercato>MGP</Mercato>
    <Ora>4</Ora>
    <PUN>29,84</PUN>
    <NAT>22,26</NAT>
    <CNOR>28,291004</CNOR>
    <CSUD>28,291004</CSUD>
    <NORD>28,291004</NORD>
    <SARD>28,291004</SARD>
    <SICI>55</SICI>
    <SUD>28,291004</SUD>
    <AUST>28,291004</AUST>
    <BRNN>28,291004</BRNN>
    <COAC>28,291004</COAC>
    <CORS>28,291004</CORS>
    <FOGN>28,291004</FOGN>
    <FRAN>28,291004</FRAN>
    <GREC>28,291004</GREC>
    <MFTV>28,291004</MFTV>
    <PRGP>55</PRGP>
    <ROSN>28,291004</ROSN>
    <SLOV>28,291004</SLOV>
    <SVIZ>28,291004</SVIZ>
    <BSP>9,52</BSP>
  </Prezzi>
  <Prezzi>
    <Data>20140321</Data>
    <Mercato>MGP</Mercato>
    <Ora>5</Ora>
    <PUN>30,83</PUN>
    <NAT>24,09</NAT>
    <CNOR>29,378144</CNOR>
    <CSUD>29,378144</CSUD>
    <NORD>29,378144</NORD>
    <SARD>29,378144</SARD>
    <SICI>55</SICI>
    <SUD>29,378144</SUD>
    <AUST>29,378144</AUST>
    <BRNN>29,378144</BRNN>
    <COAC>29,378144</COAC>
    <CORS>29,378144</CORS>
    <FOGN>29,378144</FOGN>
    <FRAN>29,378144</FRAN>
    <GREC>29,378144</GREC>
    <MFTV>29,378144</MFTV>
    <PRGP>55</PRGP>
    <ROSN>29,378144</ROSN>
    <SLOV>29,378144</SLOV>
    <SVIZ>29,378144</SVIZ>
    <BSP>9,40</BSP>
  </Prezzi>
  <Prezzi>
    <Data>20140321</Data>
    <Mercato>MGP</Mercato>
    <Ora>6</Ora>
    <PUN>38,037886</PUN>
    <NAT>34,26</NAT>
    <CNOR>37,05</CNOR>
    <CSUD>37,05</CSUD>
    <NORD>37,05</NORD>
    <SARD>37,05</SARD>
    <SICI>55</SICI>
    <SUD>37,05</SUD>
    <AUST>37,05</AUST>
    <BRNN>37,05</BRNN>
    <COAC>37,05</COAC>
    <CORS>37,05</CORS>
    <FOGN>37,05</FOGN>
    <FRAN>37,05</FRAN>
    <GREC>37,05</GREC>
    <MFTV>37,05</MFTV>
    <PRGP>55</PRGP>
    <ROSN>37,05</ROSN>
    <SLOV>37,05</SLOV>
    <SVIZ>37,05</SVIZ>
    <BSP>16,99</BSP>
  </Prezzi>
  <Prezzi>
    <Data>20140321</Data>
    <Mercato>MGP</Mercato>
    <Ora>7</Ora>
    <PUN>50,289452</PUN>
    <NAT>45</NAT>
    <CNOR>50,03</CNOR>
    <CSUD>50,03</CSUD>
    <NORD>50,03</NORD>
    <SARD>50,03</SARD>
    <SICI>55,02</SICI>
    <SUD>50,03</SUD>
    <AUST>50,03</AUST>
    <BRNN>50,03</BRNN>
    <COAC>50,03</COAC>
    <CORS>50,03</CORS>
    <FOGN>50,03</FOGN>
    <FRAN>50,03</FRAN>
    <GREC>50,03</GREC>
    <MFTV>50,03</MFTV>
    <PRGP>55,02</PRGP>
    <ROSN>50,03</ROSN>
    <SLOV>50,03</SLOV>
    <SVIZ>50,03</SVIZ>
    <BSP>31,33</BSP>
  </Prezzi>
  <Prezzi>
    <Data>20140321</Data>
    <Mercato>MGP</Mercato>
    <Ora>8</Ora>
    <PUN>57,47</PUN>
    <NAT>55,02</NAT>
    <CNOR>55,265339</CNOR>
    <CSUD>55,265339</CSUD>
    <NORD>55,265339</NORD>
    <SARD>55,265339</SARD>
    <SICI>95,01</SICI>
    <SUD>55,265339</SUD>
    <AUST>55,265339</AUST>
    <BRNN>55,06</BRNN>
    <COAC>55,265339</COAC>
    <CORS>55,265339</CORS>
    <FOGN>55,265339</FOGN>
    <FRAN>55,265339</FRAN>
    <GREC>55,06</GREC>
    <MFTV>55,265339</MFTV>
    <PRGP>95,01</PRGP>
    <ROSN>55,265339</ROSN>
    <SLOV>55,265339</SLOV>
    <SVIZ>55,265339</SVIZ>
    <BSP>41,01</BSP>
  </Prezzi>
  <Prezzi>
    <Data>20140321</Data>
    <Mercato>MGP</Mercato>
    <Ora>9</Ora>
    <PUN>59,980234</PUN>
    <NAT>56,33</NAT>
    <CNOR>57,56</CNOR>
    <CSUD>57,56</CSUD>
    <NORD>57,56</NORD>
    <SARD>57,56</SARD>
    <SICI>105</SICI>
    <SUD>55</SUD>
    <AUST>57,56</AUST>
    <BRNN>55</BRNN>
    <COAC>57,56</COAC>
    <CORS>57,56</CORS>
    <FOGN>55</FOGN>
    <FRAN>57,56</FRAN>
    <GREC>55</GREC>
    <MFTV>57,56</MFTV>
    <PRGP>105</PRGP>
    <ROSN>55</ROSN>
    <SLOV>57,56</SLOV>
    <SVIZ>57,56</SVIZ>
    <BSP>38,50</BSP>
  </Prezzi>
  <Prezzi>
    <Data>20140321</Data>
    <Mercato>MGP</Mercato>
    <Ora>10</Ora>
    <PUN>54,938886</PUN>
    <NAT>54,84</NAT>
    <CNOR>55</CNOR>
    <CSUD>55</CSUD>
    <NORD>55</NORD>
    <SARD>55</SARD>
    <SICI>56,62</SICI>
    <SUD>53,37</SUD>
    <AUST>55</AUST>
    <BRNN>53,37</BRNN>
    <COAC>55</COAC>
    <CORS>55</CORS>
    <FOGN>53,37</FOGN>
    <FRAN>55</FRAN>
    <GREC>53,37</GREC>
    <MFTV>55</MFTV>
    <PRGP>56,62</PRGP>
    <ROSN>53,37</ROSN>
    <SLOV>55</SLOV>
    <SVIZ>55</SVIZ>
    <BSP>33,58</BSP>
  </Prezzi>
  <Prezzi>
    <Data>20140321</Data>
    <Mercato>MGP</Mercato>
    <Ora>11</Ora>
    <PUN>48,73</PUN>
    <NAT>43,92</NAT>
    <CNOR>45,975324</CNOR>
    <CSUD>45,975324</CSUD>
    <NORD>50,79</NORD>
    <SARD>45,975324</SARD>
    <SICI>55,02</SICI>
    <SUD>38,93</SUD>
    <AUST>50,79</AUST>
    <BRNN>38,93</BRNN>
    <COAC>45,975324</COAC>
    <CORS>45,975324</CORS>
    <FOGN>38,93</FOGN>
    <FRAN>50,79</FRAN>
    <GREC>38,93</GREC>
    <MFTV>50,79</MFTV>
    <PRGP>55,02</PRGP>
    <ROSN>38,93</ROSN>
    <SLOV>50,79</SLOV>
    <SVIZ>50,79</SVIZ>
    <BSP>28,67</BSP>
  </Prezzi>
  <Prezzi>
    <Data>20140321</Data>
    <Mercato>MGP</Mercato>
    <Ora>12</Ora>
    <PUN>42,08</PUN>
    <NAT>38,93</NAT>
    <CNOR>29,57</CNOR>
    <CSUD>29,57</CSUD>
    <NORD>50,77</NORD>
    <SARD>29,57</SARD>
    <SICI>55,01</SICI>
    <SUD>11,696203</SUD>
    <AUST>50,77</AUST>
    <BRNN>11,696203</BRNN>
    <COAC>29,57</COAC>
    <CORS>29,57</CORS>
    <FOGN>11,696203</FOGN>
    <FRAN>50,77</FRAN>
    <GREC>11,696203</GREC>
    <MFTV>50,77</MFTV>
    <PRGP>55,01</PRGP>
    <ROSN>11,696203</ROSN>
    <SLOV>50,77</SLOV>
    <SVIZ>50,77</SVIZ>
    <BSP>26,80</BSP>
  </Prezzi>
  <Prezzi>
    <Data>20140321</Data>
    <Mercato>MGP</Mercato>
    <Ora>13</Ora>
    <PUN>31,421912</PUN>
    <NAT>30,33</NAT>
    <CNOR>29,47</CNOR>
    <CSUD>29,47</CSUD>
    <NORD>33,41</NORD>
    <SARD>29,47</SARD>
    <SICI>55,01</SICI>
    <SUD>10</SUD>
    <AUST>33,41</AUST>
    <BRNN>10</BRNN>
    <COAC>29,47</COAC>
    <CORS>29,47</CORS>
    <FOGN>10</FOGN>
    <FRAN>33,41</FRAN>
    <GREC>10</GREC>
    <MFTV>33,41</MFTV>
    <PRGP>55,01</PRGP>
    <ROSN>10</ROSN>
    <SLOV>33,41</SLOV>
    <SVIZ>33,41</SVIZ>
    <BSP>25,10</BSP>
  </Prezzi>
  <Prezzi>
    <Data>20140321</Data>
    <Mercato>MGP</Mercato>
    <Ora>14</Ora>
    <PUN>32,26</PUN>
    <NAT>31,99</NAT>
    <CNOR>25</CNOR>
    <CSUD>25</CSUD>
    <NORD>34,50</NORD>
    <SARD>25</SARD>
    <SICI>55,01</SICI>
    <SUD>24,56</SUD>
    <AUST>34,50</AUST>
    <BRNN>24,56</BRNN>
    <COAC>25</COAC>
    <CORS>25</CORS>
    <FOGN>24,56</FOGN>
    <FRAN>34,50</FRAN>
    <GREC>24,56</GREC>
    <MFTV>34,50</MFTV>
    <PRGP>55,01</PRGP>
    <ROSN>24,56</ROSN>
    <SLOV>34,50</SLOV>
    <SVIZ>34,50</SVIZ>
    <BSP>26,67</BSP>
  </Prezzi>
  <Prezzi>
    <Data>20140321</Data>
    <Mercato>MGP</Mercato>
    <Ora>15</Ora>
    <PUN>41,07</PUN>
    <NAT>38,55</NAT>
    <CNOR>34,551721</CNOR>
    <CSUD>34,551721</CSUD>
    <NORD>43,67</NORD>
    <SARD>34,551721</SARD>
    <SICI>55,01</SICI>
    <SUD>34,551721</SUD>
    <AUST>43,67</AUST>
    <BRNN>34,551721</BRNN>
    <COAC>34,551721</COAC>
    <CORS>34,551721</CORS>
    <FOGN>34,551721</FOGN>
    <FRAN>43,67</FRAN>
    <GREC>34,551721</GREC>
    <MFTV>43,67</MFTV>
    <PRGP>55,01</PRGP>
    <ROSN>34,551721</ROSN>
    <SLOV>43,67</SLOV>
    <SVIZ>43,67</SVIZ>
    <BSP>26,50</BSP>
  </Prezzi>
  <Prezzi>
    <Data>20140321</Data>
    <Mercato>MGP</Mercato>
    <Ora>16</Ora>
    <PUN>45,129192</PUN>
    <NAT>45</NAT>
    <CNOR>45,02</CNOR>
    <CSUD>45,02</CSUD>
    <NORD>45,02</NORD>
    <SARD>45,02</SARD>
    <SICI>55,02</SICI>
    <SUD>40,03</SUD>
    <AUST>45,02</AUST>
    <BRNN>40,03</BRNN>
    <COAC>45,02</COAC>
    <CORS>45,02</CORS>
    <FOGN>40,03</FOGN>
    <FRAN>45,02</FRAN>
    <GREC>40,03</GREC>
    <MFTV>45,02</MFTV>
    <PRGP>55,02</PRGP>
    <ROSN>40,03</ROSN>
    <SLOV>45,02</SLOV>
    <SVIZ>45,02</SVIZ>
    <BSP>30,16</BSP>
  </Prezzi>
  <Prezzi>
    <Data>20140321</Data>
    <Mercato>MGP</Mercato>
    <Ora>17</Ora>
    <PUN>57,253094</PUN>
    <NAT>53,78</NAT>
    <CNOR>53,80</CNOR>
    <CSUD>53,80</CSUD>
    <NORD>53,80</NORD>
    <SARD>53,80</SARD>
    <SICI>130</SICI>
    <SUD>45,01</SUD>
    <AUST>53,80</AUST>
    <BRNN>45,01</BRNN>
    <COAC>53,80</COAC>
    <CORS>53,80</CORS>
    <FOGN>45,01</FOGN>
    <FRAN>53,80</FRAN>
    <GREC>45,01</GREC>
    <MFTV>53,80</MFTV>
    <PRGP>130</PRGP>
    <ROSN>45,01</ROSN>
    <SLOV>53,80</SLOV>
    <SVIZ>53,80</SVIZ>
    <BSP>30,09</BSP>
  </Prezzi>
  <Prezzi>
    <Data>20140321</Data>
    <Mercato>MGP</Mercato>
    <Ora>18</Ora>
    <PUN>59,929575</PUN>
    <NAT>55</NAT>
    <CNOR>55</CNOR>
    <CSUD>55</CSUD>
    <NORD>55</NORD>
    <SARD>55</SARD>
    <SICI>143,47</SICI>
    <SUD>55</SUD>
    <AUST>55</AUST>
    <BRNN>55</BRNN>
    <COAC>55</COAC>
    <CORS>55</CORS>
    <FOGN>54,72</FOGN>
    <FRAN>55</FRAN>
    <GREC>55</GREC>
    <MFTV>55</MFTV>
    <PRGP>143,47</PRGP>
    <ROSN>55</ROSN>
    <SLOV>55</SLOV>
    <SVIZ>55</SVIZ>
    <BSP>35,97</BSP>
  </Prezzi>
  <Prezzi>
    <Data>20140321</Data>
    <Mercato>MGP</Mercato>
    <Ora>19</Ora>
    <PUN>68,954038</PUN>
    <NAT>64,37</NAT>
    <CNOR>64</CNOR>
    <CSUD>64</CSUD>
    <NORD>64</NORD>
    <SARD>64</SARD>
    <SICI>145,01</SICI>
    <SUD>64</SUD>
    <AUST>64</AUST>
    <BRNN>59,69</BRNN>
    <COAC>64</COAC>
    <CORS>64</CORS>
    <FOGN>64</FOGN>
    <FRAN>64</FRAN>
    <GREC>59,69</GREC>
    <MFTV>64</MFTV>
    <PRGP>145,01</PRGP>
    <ROSN>64</ROSN>
    <SLOV>64</SLOV>
    <SVIZ>64</SVIZ>
    <BSP>44,70</BSP>
  </Prezzi>
  <Prezzi>
    <Data>20140321</Data>
    <Mercato>MGP</Mercato>
    <Ora>20</Ora>
    <PUN>91,638440</PUN>
    <NAT>89</NAT>
    <CNOR>88</CNOR>
    <CSUD>88</CSUD>
    <NORD>88</NORD>
    <SARD>88</SARD>
    <SICI>145,02</SICI>
    <SUD>88</SUD>
    <AUST>88</AUST>
    <BRNN>59,71</BRNN>
    <COAC>88</COAC>
    <CORS>88</CORS>
    <FOGN>88</FOGN>
    <FRAN>88</FRAN>
    <GREC>59,71</GREC>
    <MFTV>88</MFTV>
    <PRGP>145,02</PRGP>
    <ROSN>88</ROSN>
    <SLOV>88</SLOV>
    <SVIZ>88</SVIZ>
    <BSP>56,16</BSP>
  </Prezzi>
  <Prezzi>
    <Data>20140321</Data>
    <Mercato>MGP</Mercato>
    <Ora>21</Ora>
    <PUN>65,552543</PUN>
    <NAT>61,37</NAT>
    <CNOR>61</CNOR>
    <CSUD>61</CSUD>
    <NORD>61</NORD>
    <SARD>61</SARD>
    <SICI>130,02</SICI>
    <SUD>61</SUD>
    <AUST>61</AUST>
    <BRNN>59,71</BRNN>
    <COAC>61</COAC>
    <CORS>61</CORS>
    <FOGN>61</FOGN>
    <FRAN>61</FRAN>
    <GREC>59,71</GREC>
    <MFTV>61</MFTV>
    <PRGP>130,02</PRGP>
    <ROSN>61</ROSN>
    <SLOV>61</SLOV>
    <SVIZ>61</SVIZ>
    <BSP>44,17</BSP>
  </Prezzi>
  <Prezzi>
    <Data>20140321</Data>
    <Mercato>MGP</Mercato>
    <Ora>22</Ora>
    <PUN>58,371274</PUN>
    <NAT>56,22</NAT>
    <CNOR>55,02</CNOR>
    <CSUD>55,02</CSUD>
    <NORD>55,02</NORD>
    <SARD>55,02</SARD>
    <SICI>105,02</SICI>
    <SUD>55,02</SUD>
    <AUST>55,02</AUST>
    <BRNN>55,02</BRNN>
    <COAC>55,02</COAC>
    <CORS>55,02</CORS>
    <FOGN>55,02</FOGN>
    <FRAN>55,02</FRAN>
    <GREC>55,02</GREC>
    <MFTV>55,02</MFTV>
    <PRGP>105,02</PRGP>
    <ROSN>55,02</ROSN>
    <SLOV>55,02</SLOV>
    <SVIZ>55,02</SVIZ>
    <BSP>38,88</BSP>
  </Prezzi>
  <Prezzi>
    <Data>20140321</Data>
    <Mercato>MGP</Mercato>
    <Ora>23</Ora>
    <PUN>52,760017</PUN>
    <NAT>50,70</NAT>
    <CNOR>50,03</CNOR>
    <CSUD>50,03</CSUD>
    <NORD>50,03</NORD>
    <SARD>50,03</SARD>
    <SICI>91,01</SICI>
    <SUD>50,03</SUD>
    <AUST>50,03</AUST>
    <BRNN>50,03</BRNN>
    <COAC>50,03</COAC>
    <CORS>50,03</CORS>
    <FOGN>50,03</FOGN>
    <FRAN>50,03</FRAN>
    <GREC>50,03</GREC>
    <MFTV>50,03</MFTV>
    <PRGP>91,01</PRGP>
    <ROSN>50,03</ROSN>
    <SLOV>50,03</SLOV>
    <SVIZ>50,03</SVIZ>
    <BSP>36,30</BSP>
  </Prezzi>
  <Prezzi>
    <Data>20140321</Data>
    <Mercato>MGP</Mercato>
    <Ora>24</Ora>
    <PUN>43,114852</PUN>
    <NAT>39,15</NAT>
    <CNOR>39,89</CNOR>
    <CSUD>39,89</CSUD>
    <NORD>39,89</NORD>
    <SARD>39,89</SARD>
    <SICI>91</SICI>
    <SUD>39,89</SUD>
    <AUST>39,89</AUST>
    <BRNN>39,89</BRNN>
    <COAC>39,89</COAC>
    <CORS>39,89</CORS>
    <FOGN>39,89</FOGN>
    <FRAN>39,89</FRAN>
    <GREC>39,89</GREC>
    <MFTV>39,89</MFTV>
    <PRGP>91</PRGP>
    <ROSN>39,89</ROSN>
    <SLOV>39,89</SLOV>
    <SVIZ>39,89</SVIZ>
    <BSP>29,96</BSP>
  </Prezzi>
</NewDataSet>