<?xml version="1.0" standalone="yes"?>
<NewDataSet>
  <xs:schema id="NewDataSet" xmlns="" xmlns:xs="http://www.w3.org/2001/XMLSchema" xmlns:msdata="urn:schemas-microsoft-com:xml-msdata">
    <xs:element name="NewDataSet" msdata:IsDataSet="true" msdata:UseCurrentLocale="true">
      <xs:complexType>
        <xs:choice minOccurs="0" maxOccurs="unbounded">
          <xs:element name="Prezzi">
            <xs:complexType>
              <xs:sequence>
                <xs:element name="Data" type="xs:string" minOccurs="0" />
                <xs:element name="Mercato" type="xs:string" minOccurs="0" />
                <xs:element name="Ora" type="xs:string" minOccurs="0" />
                <xs:element name="PUN" type="xs:string" minOccurs="0" />
                <xs:element name="NAT" type="xs:string" minOccurs="0" />
                <xs:element name="CNOR" type="xs:string" minOccurs="0" />
                <xs:element name="CSUD" type="xs:string" minOccurs="0" />
                <xs:element name="NORD" type="xs:string" minOccurs="0" />
                <xs:element name="SARD" type="xs:string" minOccurs="0" />
                <xs:element name="SICI" type="xs:string" minOccurs="0" />
                <xs:element name="SUD" type="xs:string" minOccurs="0" />
                <xs:element name="AUST" type="xs:string" minOccurs="0" />
                <xs:element name="BRNN" type="xs:string" minOccurs="0" />
                <xs:element name="COAC" type="xs:string" minOccurs="0" />
                <xs:element name="CORS" type="xs:string" minOccurs="0" />
                <xs:element name="FOGN" type="xs:string" minOccurs="0" />
                <xs:element name="FRAN" type="xs:string" minOccurs="0" />
                <xs:element name="GREC" type="xs:string" minOccurs="0" />
                <xs:element name="MFTV" type="xs:string" minOccurs="0" />
                <xs:element name="PRGP" type="xs:string" minOccurs="0" />
                <xs:element name="ROSN" type="xs:string" minOccurs="0" />
                <xs:element name="SLOV" type="xs:string" minOccurs="0" />
                <xs:element name="SVIZ" type="xs:string" minOccurs="0" />
                <xs:element name="BSP" type="xs:string" minOccurs="0" />
              </xs:sequence>
            </xs:complexType>
          </xs:element>
        </xs:choice>
      </xs:complexType>
    </xs:element>
  </xs:schema>
  <Prezzi>
    <Data>20140322</Data>
    <Mercato>MGP</Mercato>
    <Ora>1</Ora>
    <PUN>41,449745</PUN>
    <NAT>40</NAT>
    <CNOR>40</CNOR>
    <CSUD>40</CSUD>
    <NORD>40</NORD>
    <SARD>40,05</SARD>
    <SICI>62,71</SICI>
    <SUD>40</SUD>
    <AUST>40</AUST>
    <BRNN>40</BRNN>
    <COAC>40,05</COAC>
    <CORS>40,05</CORS>
    <FOGN>40</FOGN>
    <FRAN>40</FRAN>
    <GREC>40</GREC>
    <MFTV>40</MFTV>
    <PRGP>62,71</PRGP>
    <ROSN>40</ROSN>
    <SLOV>40</SLOV>
    <SVIZ>40</SVIZ>
    <BSP>30,82</BSP>
  </Prezzi>
  <Prezzi>
    <Data>20140322</Data>
    <Mercato>MGP</Mercato>
    <Ora>2</Ora>
    <PUN>35,275294</PUN>
    <NAT>33,20</NAT>
    <CNOR>34</CNOR>
    <CSUD>34</CSUD>
    <NORD>34</NORD>
    <SARD>34</SARD>
    <SICI>55,01</SICI>
    <SUD>34</SUD>
    <AUST>34</AUST>
    <BRNN>34</BRNN>
    <COAC>34</COAC>
    <CORS>34</CORS>
    <FOGN>34</FOGN>
    <FRAN>34</FRAN>
    <GREC>34</GREC>
    <MFTV>34</MFTV>
    <PRGP>55,01</PRGP>
    <ROSN>34</ROSN>
    <SLOV>34</SLOV>
    <SVIZ>34</SVIZ>
    <BSP>24,50</BSP>
  </Prezzi>
  <Prezzi>
    <Data>20140322</Data>
    <Mercato>MGP</Mercato>
    <Ora>3</Ora>
    <PUN>31,497848</PUN>
    <NAT>26,80</NAT>
    <CNOR>30</CNOR>
    <CSUD>30</CSUD>
    <NORD>30</NORD>
    <SARD>30</SARD>
    <SICI>55,01</SICI>
    <SUD>30</SUD>
    <AUST>30</AUST>
    <BRNN>30</BRNN>
    <COAC>30</COAC>
    <CORS>30</CORS>
    <FOGN>30</FOGN>
    <FRAN>30</FRAN>
    <GREC>30</GREC>
    <MFTV>30</MFTV>
    <PRGP>55,01</PRGP>
    <ROSN>30</ROSN>
    <SLOV>30</SLOV>
    <SVIZ>30</SVIZ>
    <BSP>20,64</BSP>
  </Prezzi>
  <Prezzi>
    <Data>20140322</Data>
    <Mercato>MGP</Mercato>
    <Ora>4</Ora>
    <PUN>26,741231</PUN>
    <NAT>23,40</NAT>
    <CNOR>25</CNOR>
    <CSUD>25</CSUD>
    <NORD>25</NORD>
    <SARD>25</SARD>
    <SICI>55,01</SICI>
    <SUD>25</SUD>
    <AUST>25</AUST>
    <BRNN>25</BRNN>
    <COAC>25</COAC>
    <CORS>25</CORS>
    <FOGN>25</FOGN>
    <FRAN>25</FRAN>
    <GREC>25</GREC>
    <MFTV>25</MFTV>
    <PRGP>55,01</PRGP>
    <ROSN>25</ROSN>
    <SLOV>25</SLOV>
    <SVIZ>25</SVIZ>
    <BSP>21</BSP>
  </Prezzi>
  <Prezzi>
    <Data>20140322</Data>
    <Mercato>MGP</Mercato>
    <Ora>5</Ora>
    <PUN>23,838342</PUN>
    <NAT>22</NAT>
    <CNOR>22</CNOR>
    <CSUD>22</CSUD>
    <NORD>22</NORD>
    <SARD>22</SARD>
    <SICI>55</SICI>
    <SUD>22</SUD>
    <AUST>22</AUST>
    <BRNN>22</BRNN>
    <COAC>22</COAC>
    <CORS>22</CORS>
    <FOGN>22</FOGN>
    <FRAN>22</FRAN>
    <GREC>22</GREC>
    <MFTV>22</MFTV>
    <PRGP>55</PRGP>
    <ROSN>22</ROSN>
    <SLOV>22</SLOV>
    <SVIZ>22</SVIZ>
    <BSP>21</BSP>
  </Prezzi>
  <Prezzi>
    <Data>20140322</Data>
    <Mercato>MGP</Mercato>
    <Ora>6</Ora>
    <PUN>29,204883</PUN>
    <NAT>27</NAT>
    <CNOR>27,65</CNOR>
    <CSUD>27,65</CSUD>
    <NORD>27,65</NORD>
    <SARD>27,65</SARD>
    <SICI>55</SICI>
    <SUD>27,65</SUD>
    <AUST>27,65</AUST>
    <BRNN>27,65</BRNN>
    <COAC>27,65</COAC>
    <CORS>27,65</CORS>
    <FOGN>27,65</FOGN>
    <FRAN>27,65</FRAN>
    <GREC>27,65</GREC>
    <MFTV>27,65</MFTV>
    <PRGP>55</PRGP>
    <ROSN>27,65</ROSN>
    <SLOV>27,65</SLOV>
    <SVIZ>27,65</SVIZ>
    <BSP>23,40</BSP>
  </Prezzi>
  <Prezzi>
    <Data>20140322</Data>
    <Mercato>MGP</Mercato>
    <Ora>7</Ora>
    <PUN>34,418852</PUN>
    <NAT>30,30</NAT>
    <CNOR>33,19</CNOR>
    <CSUD>33,19</CSUD>
    <NORD>33,19</NORD>
    <SARD>33,19</SARD>
    <SICI>55,01</SICI>
    <SUD>33,19</SUD>
    <AUST>33,19</AUST>
    <BRNN>33,19</BRNN>
    <COAC>33,19</COAC>
    <CORS>33,19</CORS>
    <FOGN>33,19</FOGN>
    <FRAN>33,19</FRAN>
    <GREC>33,19</GREC>
    <MFTV>33,19</MFTV>
    <PRGP>55,01</PRGP>
    <ROSN>33,19</ROSN>
    <SLOV>33,19</SLOV>
    <SVIZ>33,19</SVIZ>
    <BSP>22,80</BSP>
  </Prezzi>
  <Prezzi>
    <Data>20140322</Data>
    <Mercato>MGP</Mercato>
    <Ora>8</Ora>
    <PUN>36,795441</PUN>
    <NAT>36,80</NAT>
    <CNOR>35,51</CNOR>
    <CSUD>35,51</CSUD>
    <NORD>35,51</NORD>
    <SARD>35,51</SARD>
    <SICI>57,36</SICI>
    <SUD>35,51</SUD>
    <AUST>35,51</AUST>
    <BRNN>35,51</BRNN>
    <COAC>35,51</COAC>
    <CORS>35,51</CORS>
    <FOGN>35,51</FOGN>
    <FRAN>35,51</FRAN>
    <GREC>35,51</GREC>
    <MFTV>35,51</MFTV>
    <PRGP>57,36</PRGP>
    <ROSN>35,51</ROSN>
    <SLOV>35,51</SLOV>
    <SVIZ>35,51</SVIZ>
    <BSP>28</BSP>
  </Prezzi>
  <Prezzi>
    <Data>20140322</Data>
    <Mercato>MGP</Mercato>
    <Ora>9</Ora>
    <PUN>40,080951</PUN>
    <NAT>39,33</NAT>
    <CNOR>38,96</CNOR>
    <CSUD>38,96</CSUD>
    <NORD>38,96</NORD>
    <SARD>38,96</SARD>
    <SICI>57,46</SICI>
    <SUD>38,96</SUD>
    <AUST>38,96</AUST>
    <BRNN>38,96</BRNN>
    <COAC>38,96</COAC>
    <CORS>38,96</CORS>
    <FOGN>38,96</FOGN>
    <FRAN>38,96</FRAN>
    <GREC>38,96</GREC>
    <MFTV>38,96</MFTV>
    <PRGP>57,46</PRGP>
    <ROSN>38,96</ROSN>
    <SLOV>38,96</SLOV>
    <SVIZ>38,96</SVIZ>
    <BSP>30,18</BSP>
  </Prezzi>
  <Prezzi>
    <Data>20140322</Data>
    <Mercato>MGP</Mercato>
    <Ora>10</Ora>
    <PUN>39,847190</PUN>
    <NAT>38,76</NAT>
    <CNOR>38,76</CNOR>
    <CSUD>38,76</CSUD>
    <NORD>38,76</NORD>
    <SARD>38,76</SARD>
    <SICI>56,57</SICI>
    <SUD>38,76</SUD>
    <AUST>38,76</AUST>
    <BRNN>38,76</BRNN>
    <COAC>38,76</COAC>
    <CORS>38,76</CORS>
    <FOGN>38,76</FOGN>
    <FRAN>38,76</FRAN>
    <GREC>38,76</GREC>
    <MFTV>38,76</MFTV>
    <PRGP>56,57</PRGP>
    <ROSN>38,76</ROSN>
    <SLOV>38,76</SLOV>
    <SVIZ>38,76</SVIZ>
    <BSP>32,16</BSP>
  </Prezzi>
  <Prezzi>
    <Data>20140322</Data>
    <Mercato>MGP</Mercato>
    <Ora>11</Ora>
    <PUN>31,554664</PUN>
    <NAT>32,30</NAT>
    <CNOR>33,19</CNOR>
    <CSUD>33,19</CSUD>
    <NORD>33,19</NORD>
    <SARD>33,19</SARD>
    <SICI>55,01</SICI>
    <SUD>2</SUD>
    <AUST>33,19</AUST>
    <BRNN>2</BRNN>
    <COAC>33,19</COAC>
    <CORS>33,19</CORS>
    <FOGN>2</FOGN>
    <FRAN>33,19</FRAN>
    <GREC>2</GREC>
    <MFTV>33,19</MFTV>
    <PRGP>55,01</PRGP>
    <ROSN>2</ROSN>
    <SLOV>33,19</SLOV>
    <SVIZ>33,19</SVIZ>
    <BSP>29,62</BSP>
  </Prezzi>
  <Prezzi>
    <Data>20140322</Data>
    <Mercato>MGP</Mercato>
    <Ora>12</Ora>
    <PUN>25,038964</PUN>
    <NAT>27,49</NAT>
    <CNOR>19</CNOR>
    <CSUD>19</CSUD>
    <NORD>29</NORD>
    <SARD>19</SARD>
    <SICI>55</SICI>
    <SUD>0</SUD>
    <AUST>29</AUST>
    <BRNN>0</BRNN>
    <COAC>19</COAC>
    <CORS>19</CORS>
    <FOGN>0</FOGN>
    <FRAN>29</FRAN>
    <GREC>0</GREC>
    <MFTV>29</MFTV>
    <PRGP>55</PRGP>
    <ROSN>0</ROSN>
    <SLOV>29</SLOV>
    <SVIZ>29</SVIZ>
    <BSP>27,56</BSP>
  </Prezzi>
  <Prezzi>
    <Data>20140322</Data>
    <Mercato>MGP</Mercato>
    <Ora>13</Ora>
    <PUN>20,01</PUN>
    <NAT>24,79</NAT>
    <CNOR>1,98</CNOR>
    <CSUD>1,98</CSUD>
    <NORD>29,65</NORD>
    <SARD>1,98</SARD>
    <SICI>48,430502</SICI>
    <SUD>0</SUD>
    <AUST>29,65</AUST>
    <BRNN>0</BRNN>
    <COAC>1,98</COAC>
    <CORS>1,98</CORS>
    <FOGN>0</FOGN>
    <FRAN>29,65</FRAN>
    <GREC>0</GREC>
    <MFTV>29,65</MFTV>
    <PRGP>48,430502</PRGP>
    <ROSN>0</ROSN>
    <SLOV>29,65</SLOV>
    <SVIZ>29,65</SVIZ>
    <BSP>25</BSP>
  </Prezzi>
  <Prezzi>
    <Data>20140322</Data>
    <Mercato>MGP</Mercato>
    <Ora>14</Ora>
    <PUN>17,794788</PUN>
    <NAT>22,05</NAT>
    <CNOR>0</CNOR>
    <CSUD>0</CSUD>
    <NORD>25,80</NORD>
    <SARD>0</SARD>
    <SICI>55</SICI>
    <SUD>0</SUD>
    <AUST>25,80</AUST>
    <BRNN>0</BRNN>
    <COAC>0</COAC>
    <CORS>0</CORS>
    <FOGN>0</FOGN>
    <FRAN>25,80</FRAN>
    <GREC>0</GREC>
    <MFTV>25,80</MFTV>
    <PRGP>55</PRGP>
    <ROSN>0</ROSN>
    <SLOV>25,80</SLOV>
    <SVIZ>25,80</SVIZ>
    <BSP>24,55</BSP>
  </Prezzi>
  <Prezzi>
    <Data>20140322</Data>
    <Mercato>MGP</Mercato>
    <Ora>15</Ora>
    <PUN>17,777918</PUN>
    <NAT>22,15</NAT>
    <CNOR>1,98</CNOR>
    <CSUD>1,98</CSUD>
    <NORD>24,40</NORD>
    <SARD>1,98</SARD>
    <SICI>55</SICI>
    <SUD>1,98</SUD>
    <AUST>24,40</AUST>
    <BRNN>1,98</BRNN>
    <COAC>1,98</COAC>
    <CORS>1,98</CORS>
    <FOGN>1,98</FOGN>
    <FRAN>24,40</FRAN>
    <GREC>1,98</GREC>
    <MFTV>24,40</MFTV>
    <PRGP>55</PRGP>
    <ROSN>1,98</ROSN>
    <SLOV>24,40</SLOV>
    <SVIZ>24,40</SVIZ>
    <BSP>24,40</BSP>
  </Prezzi>
  <Prezzi>
    <Data>20140322</Data>
    <Mercato>MGP</Mercato>
    <Ora>16</Ora>
    <PUN>23,849723</PUN>
    <NAT>26</NAT>
    <CNOR>17</CNOR>
    <CSUD>17</CSUD>
    <NORD>26,95</NORD>
    <SARD>17</SARD>
    <SICI>55</SICI>
    <SUD>5</SUD>
    <AUST>26,95</AUST>
    <BRNN>5</BRNN>
    <COAC>17</COAC>
    <CORS>17</CORS>
    <FOGN>5</FOGN>
    <FRAN>26,95</FRAN>
    <GREC>5</GREC>
    <MFTV>26,95</MFTV>
    <PRGP>55</PRGP>
    <ROSN>5</ROSN>
    <SLOV>26,95</SLOV>
    <SVIZ>26,95</SVIZ>
    <BSP>26,95</BSP>
  </Prezzi>
  <Prezzi>
    <Data>20140322</Data>
    <Mercato>MGP</Mercato>
    <Ora>17</Ora>
    <PUN>30,083553</PUN>
    <NAT>29,70</NAT>
    <CNOR>28,20</CNOR>
    <CSUD>28,20</CSUD>
    <NORD>28,20</NORD>
    <SARD>28,20</SARD>
    <SICI>56,73</SICI>
    <SUD>28,20</SUD>
    <AUST>28,20</AUST>
    <BRNN>28,20</BRNN>
    <COAC>28,20</COAC>
    <CORS>28,20</CORS>
    <FOGN>28,20</FOGN>
    <FRAN>28,20</FRAN>
    <GREC>28,20</GREC>
    <MFTV>28,20</MFTV>
    <PRGP>56,73</PRGP>
    <ROSN>28,20</ROSN>
    <SLOV>28,20</SLOV>
    <SVIZ>28,20</SVIZ>
    <BSP>28,20</BSP>
  </Prezzi>
  <Prezzi>
    <Data>20140322</Data>
    <Mercato>MGP</Mercato>
    <Ora>18</Ora>
    <PUN>42,966664</PUN>
    <NAT>38,76</NAT>
    <CNOR>36</CNOR>
    <CSUD>36</CSUD>
    <NORD>36</NORD>
    <SARD>36</SARD>
    <SICI>143,47</SICI>
    <SUD>36</SUD>
    <AUST>36</AUST>
    <BRNN>36</BRNN>
    <COAC>36</COAC>
    <CORS>36</CORS>
    <FOGN>36</FOGN>
    <FRAN>36</FRAN>
    <GREC>36</GREC>
    <MFTV>36</MFTV>
    <PRGP>143,47</PRGP>
    <ROSN>36</ROSN>
    <SLOV>36</SLOV>
    <SVIZ>36</SVIZ>
    <BSP>33,50</BSP>
  </Prezzi>
  <Prezzi>
    <Data>20140322</Data>
    <Mercato>MGP</Mercato>
    <Ora>19</Ora>
    <PUN>59,264212</PUN>
    <NAT>54,79</NAT>
    <CNOR>53,05</CNOR>
    <CSUD>53,05</CSUD>
    <NORD>53,05</NORD>
    <SARD>53,05</SARD>
    <SICI>145</SICI>
    <SUD>53,05</SUD>
    <AUST>53,05</AUST>
    <BRNN>53,05</BRNN>
    <COAC>53,05</COAC>
    <CORS>53,05</CORS>
    <FOGN>53,05</FOGN>
    <FRAN>53,05</FRAN>
    <GREC>53,05</GREC>
    <MFTV>53,05</MFTV>
    <PRGP>145</PRGP>
    <ROSN>53,05</ROSN>
    <SLOV>53,05</SLOV>
    <SVIZ>53,05</SVIZ>
    <BSP>42</BSP>
  </Prezzi>
  <Prezzi>
    <Data>20140322</Data>
    <Mercato>MGP</Mercato>
    <Ora>20</Ora>
    <PUN>79,821722</PUN>
    <NAT>78,71</NAT>
    <CNOR>75</CNOR>
    <CSUD>75</CSUD>
    <NORD>75</NORD>
    <SARD>75</SARD>
    <SICI>145,01</SICI>
    <SUD>75</SUD>
    <AUST>75</AUST>
    <BRNN>63,71</BRNN>
    <COAC>75</COAC>
    <CORS>75</CORS>
    <FOGN>75</FOGN>
    <FRAN>75</FRAN>
    <GREC>63,71</GREC>
    <MFTV>75</MFTV>
    <PRGP>145,01</PRGP>
    <ROSN>75</ROSN>
    <SLOV>75</SLOV>
    <SVIZ>75</SVIZ>
    <BSP>46,90</BSP>
  </Prezzi>
  <Prezzi>
    <Data>20140322</Data>
    <Mercato>MGP</Mercato>
    <Ora>21</Ora>
    <PUN>60,997755</PUN>
    <NAT>57,50</NAT>
    <CNOR>55,66</CNOR>
    <CSUD>55,66</CSUD>
    <NORD>55,66</NORD>
    <SARD>55,66</SARD>
    <SICI>130,02</SICI>
    <SUD>55,66</SUD>
    <AUST>55,66</AUST>
    <BRNN>55,66</BRNN>
    <COAC>55,66</COAC>
    <CORS>55,66</CORS>
    <FOGN>55,66</FOGN>
    <FRAN>55,66</FRAN>
    <GREC>55,66</GREC>
    <MFTV>55,66</MFTV>
    <PRGP>130,02</PRGP>
    <ROSN>55,66</ROSN>
    <SLOV>55,66</SLOV>
    <SVIZ>55,66</SVIZ>
    <BSP>41</BSP>
  </Prezzi>
  <Prezzi>
    <Data>20140322</Data>
    <Mercato>MGP</Mercato>
    <Ora>22</Ora>
    <PUN>47,397680</PUN>
    <NAT>48,23</NAT>
    <CNOR>42,87</CNOR>
    <CSUD>42,87</CSUD>
    <NORD>42,87</NORD>
    <SARD>42,87</SARD>
    <SICI>105,02</SICI>
    <SUD>42,87</SUD>
    <AUST>42,87</AUST>
    <BRNN>42,87</BRNN>
    <COAC>42,87</COAC>
    <CORS>42,87</CORS>
    <FOGN>42,87</FOGN>
    <FRAN>42,87</FRAN>
    <GREC>42,87</GREC>
    <MFTV>42,87</MFTV>
    <PRGP>105,02</PRGP>
    <ROSN>42,87</ROSN>
    <SLOV>42,87</SLOV>
    <SVIZ>42,87</SVIZ>
    <BSP>35,19</BSP>
  </Prezzi>
  <Prezzi>
    <Data>20140322</Data>
    <Mercato>MGP</Mercato>
    <Ora>23</Ora>
    <PUN>47,773492</PUN>
    <NAT>45</NAT>
    <CNOR>45</CNOR>
    <CSUD>45</CSUD>
    <NORD>45</NORD>
    <SARD>45</SARD>
    <SICI>83,94</SICI>
    <SUD>45</SUD>
    <AUST>45</AUST>
    <BRNN>45</BRNN>
    <COAC>45</COAC>
    <CORS>45</CORS>
    <FOGN>45</FOGN>
    <FRAN>45</FRAN>
    <GREC>45</GREC>
    <MFTV>45</MFTV>
    <PRGP>83,94</PRGP>
    <ROSN>45</ROSN>
    <SLOV>45</SLOV>
    <SVIZ>45</SVIZ>
    <BSP>32,20</BSP>
  </Prezzi>
  <Prezzi>
    <Data>20140322</Data>
    <Mercato>MGP</Mercato>
    <Ora>24</Ora>
    <PUN>40,062319</PUN>
    <NAT>38</NAT>
    <CNOR>38,98</CNOR>
    <CSUD>38,98</CSUD>
    <NORD>38,98</NORD>
    <SARD>38,98</SARD>
    <SICI>55,01</SICI>
    <SUD>38,98</SUD>
    <AUST>38,98</AUST>
    <BRNN>38,98</BRNN>
    <COAC>38,98</COAC>
    <CORS>38,98</CORS>
    <FOGN>38,98</FOGN>
    <FRAN>38,98</FRAN>
    <GREC>38,98</GREC>
    <MFTV>38,98</MFTV>
    <PRGP>55,01</PRGP>
    <ROSN>38,98</ROSN>
    <SLOV>38,98</SLOV>
    <SVIZ>38,98</SVIZ>
    <BSP>27,30</BSP>
  </Prezzi>
</NewDataSet>