<?xml version="1.0" standalone="yes"?>
<NewDataSet>
  <xs:schema id="NewDataSet" xmlns="" xmlns:xs="http://www.w3.org/2001/XMLSchema" xmlns:msdata="urn:schemas-microsoft-com:xml-msdata">
    <xs:element name="NewDataSet" msdata:IsDataSet="true" msdata:UseCurrentLocale="true">
      <xs:complexType>
        <xs:choice minOccurs="0" maxOccurs="unbounded">
          <xs:element name="Prezzi">
            <xs:complexType>
              <xs:sequence>
                <xs:element name="Data" type="xs:string" minOccurs="0" />
                <xs:element name="Mercato" type="xs:string" minOccurs="0" />
                <xs:element name="Ora" type="xs:string" minOccurs="0" />
                <xs:element name="PUN" type="xs:string" minOccurs="0" />
                <xs:element name="NAT" type="xs:string" minOccurs="0" />
                <xs:element name="CNOR" type="xs:string" minOccurs="0" />
                <xs:element name="CSUD" type="xs:string" minOccurs="0" />
                <xs:element name="NORD" type="xs:string" minOccurs="0" />
                <xs:element name="SARD" type="xs:string" minOccurs="0" />
                <xs:element name="SICI" type="xs:string" minOccurs="0" />
                <xs:element name="SUD" type="xs:string" minOccurs="0" />
                <xs:element name="AUST" type="xs:string" minOccurs="0" />
                <xs:element name="BRNN" type="xs:string" minOccurs="0" />
                <xs:element name="COAC" type="xs:string" minOccurs="0" />
                <xs:element name="CORS" type="xs:string" minOccurs="0" />
                <xs:element name="FOGN" type="xs:string" minOccurs="0" />
                <xs:element name="FRAN" type="xs:string" minOccurs="0" />
                <xs:element name="GREC" type="xs:string" minOccurs="0" />
                <xs:element name="MFTV" type="xs:string" minOccurs="0" />
                <xs:element name="PRGP" type="xs:string" minOccurs="0" />
                <xs:element name="ROSN" type="xs:string" minOccurs="0" />
                <xs:element name="SLOV" type="xs:string" minOccurs="0" />
                <xs:element name="SVIZ" type="xs:string" minOccurs="0" />
                <xs:element name="BSP" type="xs:string" minOccurs="0" />
              </xs:sequence>
            </xs:complexType>
          </xs:element>
        </xs:choice>
      </xs:complexType>
    </xs:element>
  </xs:schema>
  <Prezzi>
    <Data>20140325</Data>
    <Mercato>MGP</Mercato>
    <Ora>1</Ora>
    <PUN>37,55</PUN>
    <NAT>35,69</NAT>
    <CNOR>37,55</CNOR>
    <CSUD>37,55</CSUD>
    <NORD>37,55</NORD>
    <SARD>37,55</SARD>
    <SICI>37,55</SICI>
    <SUD>37,55</SUD>
    <AUST>37,55</AUST>
    <BRNN>37,55</BRNN>
    <COAC>37,55</COAC>
    <CORS>37,55</CORS>
    <FOGN>37,55</FOGN>
    <FRAN>37,55</FRAN>
    <GREC>37,55</GREC>
    <MFTV>37,55</MFTV>
    <PRGP>37,55</PRGP>
    <ROSN>37,55</ROSN>
    <SLOV>37,55</SLOV>
    <SVIZ>37,55</SVIZ>
    <BSP>32,30</BSP>
  </Prezzi>
  <Prezzi>
    <Data>20140325</Data>
    <Mercato>MGP</Mercato>
    <Ora>2</Ora>
    <PUN>34,10</PUN>
    <NAT>33,20</NAT>
    <CNOR>34,10</CNOR>
    <CSUD>34,10</CSUD>
    <NORD>34,10</NORD>
    <SARD>34,10</SARD>
    <SICI>34,10</SICI>
    <SUD>34,10</SUD>
    <AUST>34,10</AUST>
    <BRNN>34,10</BRNN>
    <COAC>34,10</COAC>
    <CORS>34,10</CORS>
    <FOGN>34,10</FOGN>
    <FRAN>34,10</FRAN>
    <GREC>34,10</GREC>
    <MFTV>34,10</MFTV>
    <PRGP>34,10</PRGP>
    <ROSN>34,10</ROSN>
    <SLOV>34,10</SLOV>
    <SVIZ>34,10</SVIZ>
    <BSP>29,57</BSP>
  </Prezzi>
  <Prezzi>
    <Data>20140325</Data>
    <Mercato>MGP</Mercato>
    <Ora>3</Ora>
    <PUN>33,19</PUN>
    <NAT>30,80</NAT>
    <CNOR>33,19</CNOR>
    <CSUD>33,19</CSUD>
    <NORD>33,19</NORD>
    <SARD>33,19</SARD>
    <SICI>33,19</SICI>
    <SUD>33,19</SUD>
    <AUST>33,19</AUST>
    <BRNN>33,19</BRNN>
    <COAC>33,19</COAC>
    <CORS>33,19</CORS>
    <FOGN>33,19</FOGN>
    <FRAN>33,19</FRAN>
    <GREC>33,19</GREC>
    <MFTV>33,19</MFTV>
    <PRGP>33,19</PRGP>
    <ROSN>33,19</ROSN>
    <SLOV>33,19</SLOV>
    <SVIZ>33,19</SVIZ>
    <BSP>27,73</BSP>
  </Prezzi>
  <Prezzi>
    <Data>20140325</Data>
    <Mercato>MGP</Mercato>
    <Ora>4</Ora>
    <PUN>31,38</PUN>
    <NAT>30</NAT>
    <CNOR>31,38</CNOR>
    <CSUD>31,38</CSUD>
    <NORD>31,38</NORD>
    <SARD>31,38</SARD>
    <SICI>31,38</SICI>
    <SUD>31,38</SUD>
    <AUST>31,38</AUST>
    <BRNN>31,38</BRNN>
    <COAC>31,38</COAC>
    <CORS>31,38</CORS>
    <FOGN>31,38</FOGN>
    <FRAN>31,38</FRAN>
    <GREC>31,38</GREC>
    <MFTV>31,38</MFTV>
    <PRGP>31,38</PRGP>
    <ROSN>31,38</ROSN>
    <SLOV>31,38</SLOV>
    <SVIZ>31,38</SVIZ>
    <BSP>26,46</BSP>
  </Prezzi>
  <Prezzi>
    <Data>20140325</Data>
    <Mercato>MGP</Mercato>
    <Ora>5</Ora>
    <PUN>33,19</PUN>
    <NAT>30,66</NAT>
    <CNOR>33,19</CNOR>
    <CSUD>33,19</CSUD>
    <NORD>33,19</NORD>
    <SARD>33,19</SARD>
    <SICI>33,19</SICI>
    <SUD>33,19</SUD>
    <AUST>33,19</AUST>
    <BRNN>33,19</BRNN>
    <COAC>33,19</COAC>
    <CORS>33,19</CORS>
    <FOGN>33,19</FOGN>
    <FRAN>33,19</FRAN>
    <GREC>33,19</GREC>
    <MFTV>33,19</MFTV>
    <PRGP>33,19</PRGP>
    <ROSN>33,19</ROSN>
    <SLOV>33,19</SLOV>
    <SVIZ>33,19</SVIZ>
    <BSP>27,66</BSP>
  </Prezzi>
  <Prezzi>
    <Data>20140325</Data>
    <Mercato>MGP</Mercato>
    <Ora>6</Ora>
    <PUN>36,91</PUN>
    <NAT>34,34</NAT>
    <CNOR>36,91</CNOR>
    <CSUD>36,91</CSUD>
    <NORD>36,91</NORD>
    <SARD>36,91</SARD>
    <SICI>36,91</SICI>
    <SUD>36,91</SUD>
    <AUST>36,91</AUST>
    <BRNN>36,91</BRNN>
    <COAC>36,91</COAC>
    <CORS>36,91</CORS>
    <FOGN>36,91</FOGN>
    <FRAN>36,91</FRAN>
    <GREC>36,91</GREC>
    <MFTV>36,91</MFTV>
    <PRGP>36,91</PRGP>
    <ROSN>36,91</ROSN>
    <SLOV>36,91</SLOV>
    <SVIZ>36,91</SVIZ>
    <BSP>31</BSP>
  </Prezzi>
  <Prezzi>
    <Data>20140325</Data>
    <Mercato>MGP</Mercato>
    <Ora>7</Ora>
    <PUN>47,41</PUN>
    <NAT>44,70</NAT>
    <CNOR>46,986825</CNOR>
    <CSUD>46,986825</CSUD>
    <NORD>46,986825</NORD>
    <SARD>46,986825</SARD>
    <SICI>55</SICI>
    <SUD>46,986825</SUD>
    <AUST>46,986825</AUST>
    <BRNN>46,986825</BRNN>
    <COAC>46,986825</COAC>
    <CORS>46,986825</CORS>
    <FOGN>46,986825</FOGN>
    <FRAN>46,986825</FRAN>
    <GREC>46,986825</GREC>
    <MFTV>46,986825</MFTV>
    <PRGP>55</PRGP>
    <ROSN>46,986825</ROSN>
    <SLOV>46,986825</SLOV>
    <SVIZ>46,986825</SVIZ>
    <BSP>41,07</BSP>
  </Prezzi>
  <Prezzi>
    <Data>20140325</Data>
    <Mercato>MGP</Mercato>
    <Ora>8</Ora>
    <PUN>55,16</PUN>
    <NAT>55</NAT>
    <CNOR>55,16</CNOR>
    <CSUD>55,16</CSUD>
    <NORD>55,16</NORD>
    <SARD>55,16</SARD>
    <SICI>55,16</SICI>
    <SUD>55,16</SUD>
    <AUST>55,16</AUST>
    <BRNN>55,16</BRNN>
    <COAC>55,16</COAC>
    <CORS>55,16</CORS>
    <FOGN>55,16</FOGN>
    <FRAN>55,16</FRAN>
    <GREC>55,16</GREC>
    <MFTV>55,16</MFTV>
    <PRGP>55,16</PRGP>
    <ROSN>55,16</ROSN>
    <SLOV>55,16</SLOV>
    <SVIZ>55,16</SVIZ>
    <BSP>49,90</BSP>
  </Prezzi>
  <Prezzi>
    <Data>20140325</Data>
    <Mercato>MGP</Mercato>
    <Ora>9</Ora>
    <PUN>65,008760</PUN>
    <NAT>60</NAT>
    <CNOR>67</CNOR>
    <CSUD>67</CSUD>
    <NORD>67</NORD>
    <SARD>67</SARD>
    <SICI>55,01</SICI>
    <SUD>51,44</SUD>
    <AUST>67</AUST>
    <BRNN>51,44</BRNN>
    <COAC>67</COAC>
    <CORS>67</CORS>
    <FOGN>51,44</FOGN>
    <FRAN>67</FRAN>
    <GREC>51,44</GREC>
    <MFTV>67</MFTV>
    <PRGP>55,01</PRGP>
    <ROSN>51,44</ROSN>
    <SLOV>67</SLOV>
    <SVIZ>67</SVIZ>
    <BSP>51,69</BSP>
  </Prezzi>
  <Prezzi>
    <Data>20140325</Data>
    <Mercato>MGP</Mercato>
    <Ora>10</Ora>
    <PUN>60,33</PUN>
    <NAT>57,45</NAT>
    <CNOR>62,822818</CNOR>
    <CSUD>62,822818</CSUD>
    <NORD>62,822818</NORD>
    <SARD>62,822818</SARD>
    <SICI>55,01</SICI>
    <SUD>38,98</SUD>
    <AUST>62,822818</AUST>
    <BRNN>38,98</BRNN>
    <COAC>62,822818</COAC>
    <CORS>62,822818</CORS>
    <FOGN>38,98</FOGN>
    <FRAN>62,822818</FRAN>
    <GREC>38,98</GREC>
    <MFTV>62,822818</MFTV>
    <PRGP>55,01</PRGP>
    <ROSN>38,98</ROSN>
    <SLOV>62,822818</SLOV>
    <SVIZ>62,822818</SVIZ>
    <BSP>47,35</BSP>
  </Prezzi>
  <Prezzi>
    <Data>20140325</Data>
    <Mercato>MGP</Mercato>
    <Ora>11</Ora>
    <PUN>55,340466</PUN>
    <NAT>54,97</NAT>
    <CNOR>57,38</CNOR>
    <CSUD>57,38</CSUD>
    <NORD>57,38</NORD>
    <SARD>57,38</SARD>
    <SICI>55,01</SICI>
    <SUD>35,29</SUD>
    <AUST>57,38</AUST>
    <BRNN>35,29</BRNN>
    <COAC>57,38</COAC>
    <CORS>57,38</CORS>
    <FOGN>35,29</FOGN>
    <FRAN>57,38</FRAN>
    <GREC>35,29</GREC>
    <MFTV>57,38</MFTV>
    <PRGP>55,01</PRGP>
    <ROSN>35,29</ROSN>
    <SLOV>57,38</SLOV>
    <SVIZ>57,38</SVIZ>
    <BSP>43</BSP>
  </Prezzi>
  <Prezzi>
    <Data>20140325</Data>
    <Mercato>MGP</Mercato>
    <Ora>12</Ora>
    <PUN>52,273961</PUN>
    <NAT>53,80</NAT>
    <CNOR>56,28</CNOR>
    <CSUD>56,28</CSUD>
    <NORD>56,28</NORD>
    <SARD>56,28</SARD>
    <SICI>55,01</SICI>
    <SUD>10</SUD>
    <AUST>56,28</AUST>
    <BRNN>10</BRNN>
    <COAC>56,28</COAC>
    <CORS>56,28</CORS>
    <FOGN>10</FOGN>
    <FRAN>56,28</FRAN>
    <GREC>10</GREC>
    <MFTV>56,28</MFTV>
    <PRGP>55,01</PRGP>
    <ROSN>10</ROSN>
    <SLOV>56,28</SLOV>
    <SVIZ>56,28</SVIZ>
    <BSP>37,60</BSP>
  </Prezzi>
  <Prezzi>
    <Data>20140325</Data>
    <Mercato>MGP</Mercato>
    <Ora>13</Ora>
    <PUN>47,737855</PUN>
    <NAT>48,46</NAT>
    <CNOR>52</CNOR>
    <CSUD>52</CSUD>
    <NORD>52</NORD>
    <SARD>52</SARD>
    <SICI>55</SICI>
    <SUD>1,98</SUD>
    <AUST>52</AUST>
    <BRNN>1,98</BRNN>
    <COAC>52</COAC>
    <CORS>52</CORS>
    <FOGN>1,98</FOGN>
    <FRAN>52</FRAN>
    <GREC>1,98</GREC>
    <MFTV>52</MFTV>
    <PRGP>55</PRGP>
    <ROSN>1,98</ROSN>
    <SLOV>52</SLOV>
    <SVIZ>52</SVIZ>
    <BSP>34,93</BSP>
  </Prezzi>
  <Prezzi>
    <Data>20140325</Data>
    <Mercato>MGP</Mercato>
    <Ora>14</Ora>
    <PUN>50,922963</PUN>
    <NAT>50,01</NAT>
    <CNOR>53,54</CNOR>
    <CSUD>53,54</CSUD>
    <NORD>53,54</NORD>
    <SARD>53,54</SARD>
    <SICI>35,29</SICI>
    <SUD>35,29</SUD>
    <AUST>53,54</AUST>
    <BRNN>35,29</BRNN>
    <COAC>53,54</COAC>
    <CORS>53,54</CORS>
    <FOGN>35,29</FOGN>
    <FRAN>53,54</FRAN>
    <GREC>35,29</GREC>
    <MFTV>53,54</MFTV>
    <PRGP>35,29</PRGP>
    <ROSN>35,29</ROSN>
    <SLOV>53,54</SLOV>
    <SVIZ>53,54</SVIZ>
    <BSP>33,56</BSP>
  </Prezzi>
  <Prezzi>
    <Data>20140325</Data>
    <Mercato>MGP</Mercato>
    <Ora>15</Ora>
    <PUN>52,757398</PUN>
    <NAT>53,82</NAT>
    <CNOR>55,02</CNOR>
    <CSUD>55,02</CSUD>
    <NORD>55,02</NORD>
    <SARD>55,02</SARD>
    <SICI>38,96</SICI>
    <SUD>38,96</SUD>
    <AUST>55,02</AUST>
    <BRNN>38,96</BRNN>
    <COAC>55,02</COAC>
    <CORS>55,02</CORS>
    <FOGN>38,96</FOGN>
    <FRAN>55,02</FRAN>
    <GREC>38,96</GREC>
    <MFTV>55,02</MFTV>
    <PRGP>38,96</PRGP>
    <ROSN>38,96</ROSN>
    <SLOV>55,02</SLOV>
    <SVIZ>55,02</SVIZ>
    <BSP>33,09</BSP>
  </Prezzi>
  <Prezzi>
    <Data>20140325</Data>
    <Mercato>MGP</Mercato>
    <Ora>16</Ora>
    <PUN>55,584517</PUN>
    <NAT>55,10</NAT>
    <CNOR>55,68</CNOR>
    <CSUD>55,68</CSUD>
    <NORD>55,68</NORD>
    <SARD>55,68</SARD>
    <SICI>55</SICI>
    <SUD>55</SUD>
    <AUST>55,68</AUST>
    <BRNN>55</BRNN>
    <COAC>55,68</COAC>
    <CORS>55,68</CORS>
    <FOGN>55</FOGN>
    <FRAN>55,68</FRAN>
    <GREC>55</GREC>
    <MFTV>55,68</MFTV>
    <PRGP>55</PRGP>
    <ROSN>55</ROSN>
    <SLOV>55,68</SLOV>
    <SVIZ>55,68</SVIZ>
    <BSP>34,49</BSP>
  </Prezzi>
  <Prezzi>
    <Data>20140325</Data>
    <Mercato>MGP</Mercato>
    <Ora>17</Ora>
    <PUN>57,3103</PUN>
    <NAT>56,64</NAT>
    <CNOR>57,70</CNOR>
    <CSUD>57,70</CSUD>
    <NORD>57,70</NORD>
    <SARD>57,70</SARD>
    <SICI>55</SICI>
    <SUD>54,90</SUD>
    <AUST>57,70</AUST>
    <BRNN>54,90</BRNN>
    <COAC>57,70</COAC>
    <CORS>57,70</CORS>
    <FOGN>54,90</FOGN>
    <FRAN>57,70</FRAN>
    <GREC>54,90</GREC>
    <MFTV>57,70</MFTV>
    <PRGP>55</PRGP>
    <ROSN>54,90</ROSN>
    <SLOV>57,70</SLOV>
    <SVIZ>57,70</SVIZ>
    <BSP>36,70</BSP>
  </Prezzi>
  <Prezzi>
    <Data>20140325</Data>
    <Mercato>MGP</Mercato>
    <Ora>18</Ora>
    <PUN>59,114711</PUN>
    <NAT>57,57</NAT>
    <CNOR>59,60</CNOR>
    <CSUD>59,60</CSUD>
    <NORD>59,60</NORD>
    <SARD>59,60</SARD>
    <SICI>56,30</SICI>
    <SUD>56,30</SUD>
    <AUST>59,60</AUST>
    <BRNN>56,30</BRNN>
    <COAC>59,60</COAC>
    <CORS>59,60</CORS>
    <FOGN>54,72</FOGN>
    <FRAN>59,60</FRAN>
    <GREC>56,30</GREC>
    <MFTV>59,60</MFTV>
    <PRGP>56,30</PRGP>
    <ROSN>56,30</ROSN>
    <SLOV>59,60</SLOV>
    <SVIZ>59,60</SVIZ>
    <BSP>41,64</BSP>
  </Prezzi>
  <Prezzi>
    <Data>20140325</Data>
    <Mercato>MGP</Mercato>
    <Ora>19</Ora>
    <PUN>66,90</PUN>
    <NAT>64,70</NAT>
    <CNOR>66,90</CNOR>
    <CSUD>66,90</CSUD>
    <NORD>66,90</NORD>
    <SARD>66,90</SARD>
    <SICI>66,90</SICI>
    <SUD>66,90</SUD>
    <AUST>66,90</AUST>
    <BRNN>56,24</BRNN>
    <COAC>66,90</COAC>
    <CORS>66,90</CORS>
    <FOGN>66,90</FOGN>
    <FRAN>66,90</FRAN>
    <GREC>56,24</GREC>
    <MFTV>66,90</MFTV>
    <PRGP>66,90</PRGP>
    <ROSN>66,90</ROSN>
    <SLOV>66,90</SLOV>
    <SVIZ>66,90</SVIZ>
    <BSP>51,46</BSP>
  </Prezzi>
  <Prezzi>
    <Data>20140325</Data>
    <Mercato>MGP</Mercato>
    <Ora>20</Ora>
    <PUN>87,71</PUN>
    <NAT>85,52</NAT>
    <CNOR>87,71</CNOR>
    <CSUD>87,71</CSUD>
    <NORD>87,71</NORD>
    <SARD>87,71</SARD>
    <SICI>87,71</SICI>
    <SUD>87,71</SUD>
    <AUST>87,71</AUST>
    <BRNN>56,24</BRNN>
    <COAC>87,71</COAC>
    <CORS>87,71</CORS>
    <FOGN>87,71</FOGN>
    <FRAN>87,71</FRAN>
    <GREC>56,24</GREC>
    <MFTV>87,71</MFTV>
    <PRGP>87,71</PRGP>
    <ROSN>87,71</ROSN>
    <SLOV>87,71</SLOV>
    <SVIZ>87,71</SVIZ>
    <BSP>67,44</BSP>
  </Prezzi>
  <Prezzi>
    <Data>20140325</Data>
    <Mercato>MGP</Mercato>
    <Ora>21</Ora>
    <PUN>67,71</PUN>
    <NAT>64,86</NAT>
    <CNOR>67,71</CNOR>
    <CSUD>67,71</CSUD>
    <NORD>67,71</NORD>
    <SARD>67,71</SARD>
    <SICI>67,71</SICI>
    <SUD>67,71</SUD>
    <AUST>67,71</AUST>
    <BRNN>56,22</BRNN>
    <COAC>67,71</COAC>
    <CORS>67,71</CORS>
    <FOGN>67,71</FOGN>
    <FRAN>67,71</FRAN>
    <GREC>56,22</GREC>
    <MFTV>67,71</MFTV>
    <PRGP>67,71</PRGP>
    <ROSN>67,71</ROSN>
    <SLOV>67,71</SLOV>
    <SVIZ>67,71</SVIZ>
    <BSP>51</BSP>
  </Prezzi>
  <Prezzi>
    <Data>20140325</Data>
    <Mercato>MGP</Mercato>
    <Ora>22</Ora>
    <PUN>59,32</PUN>
    <NAT>57,98</NAT>
    <CNOR>59,32</CNOR>
    <CSUD>59,32</CSUD>
    <NORD>59,32</NORD>
    <SARD>59,32</SARD>
    <SICI>59,32</SICI>
    <SUD>59,32</SUD>
    <AUST>59,32</AUST>
    <BRNN>56,20</BRNN>
    <COAC>59,32</COAC>
    <CORS>59,32</CORS>
    <FOGN>59,07</FOGN>
    <FRAN>59,32</FRAN>
    <GREC>56,20</GREC>
    <MFTV>59,32</MFTV>
    <PRGP>59,32</PRGP>
    <ROSN>59,32</ROSN>
    <SLOV>59,32</SLOV>
    <SVIZ>59,32</SVIZ>
    <BSP>41</BSP>
  </Prezzi>
  <Prezzi>
    <Data>20140325</Data>
    <Mercato>MGP</Mercato>
    <Ora>23</Ora>
    <PUN>54,97</PUN>
    <NAT>53,25</NAT>
    <CNOR>54,97</CNOR>
    <CSUD>54,97</CSUD>
    <NORD>54,97</NORD>
    <SARD>54,97</SARD>
    <SICI>54,97</SICI>
    <SUD>54,97</SUD>
    <AUST>54,97</AUST>
    <BRNN>54,97</BRNN>
    <COAC>54,97</COAC>
    <CORS>54,97</CORS>
    <FOGN>50,85</FOGN>
    <FRAN>54,97</FRAN>
    <GREC>54,97</GREC>
    <MFTV>54,97</MFTV>
    <PRGP>54,97</PRGP>
    <ROSN>54,97</ROSN>
    <SLOV>54,97</SLOV>
    <SVIZ>54,97</SVIZ>
    <BSP>34,36</BSP>
  </Prezzi>
  <Prezzi>
    <Data>20140325</Data>
    <Mercato>MGP</Mercato>
    <Ora>24</Ora>
    <PUN>47,80</PUN>
    <NAT>43,30</NAT>
    <CNOR>47,80</CNOR>
    <CSUD>47,80</CSUD>
    <NORD>47,80</NORD>
    <SARD>47,80</SARD>
    <SICI>47,80</SICI>
    <SUD>47,80</SUD>
    <AUST>47,80</AUST>
    <BRNN>47,80</BRNN>
    <COAC>47,80</COAC>
    <CORS>47,80</CORS>
    <FOGN>47,80</FOGN>
    <FRAN>47,80</FRAN>
    <GREC>47,80</GREC>
    <MFTV>47,80</MFTV>
    <PRGP>47,80</PRGP>
    <ROSN>47,80</ROSN>
    <SLOV>47,80</SLOV>
    <SVIZ>47,80</SVIZ>
    <BSP>30,52</BSP>
  </Prezzi>
</NewDataSet>