<?xml version="1.0" standalone="yes"?>
<NewDataSet>
  <xs:schema id="NewDataSet" xmlns="" xmlns:xs="http://www.w3.org/2001/XMLSchema" xmlns:msdata="urn:schemas-microsoft-com:xml-msdata">
    <xs:element name="NewDataSet" msdata:IsDataSet="true" msdata:UseCurrentLocale="true">
      <xs:complexType>
        <xs:choice minOccurs="0" maxOccurs="unbounded">
          <xs:element name="Prezzi">
            <xs:complexType>
              <xs:sequence>
                <xs:element name="Data" type="xs:string" minOccurs="0" />
                <xs:element name="Mercato" type="xs:string" minOccurs="0" />
                <xs:element name="Ora" type="xs:string" minOccurs="0" />
                <xs:element name="PUN" type="xs:string" minOccurs="0" />
                <xs:element name="NAT" type="xs:string" minOccurs="0" />
                <xs:element name="CNOR" type="xs:string" minOccurs="0" />
                <xs:element name="CSUD" type="xs:string" minOccurs="0" />
                <xs:element name="NORD" type="xs:string" minOccurs="0" />
                <xs:element name="SARD" type="xs:string" minOccurs="0" />
                <xs:element name="SICI" type="xs:string" minOccurs="0" />
                <xs:element name="SUD" type="xs:string" minOccurs="0" />
                <xs:element name="AUST" type="xs:string" minOccurs="0" />
                <xs:element name="BRNN" type="xs:string" minOccurs="0" />
                <xs:element name="COAC" type="xs:string" minOccurs="0" />
                <xs:element name="CORS" type="xs:string" minOccurs="0" />
                <xs:element name="FOGN" type="xs:string" minOccurs="0" />
                <xs:element name="FRAN" type="xs:string" minOccurs="0" />
                <xs:element name="GREC" type="xs:string" minOccurs="0" />
                <xs:element name="MFTV" type="xs:string" minOccurs="0" />
                <xs:element name="PRGP" type="xs:string" minOccurs="0" />
                <xs:element name="ROSN" type="xs:string" minOccurs="0" />
                <xs:element name="SLOV" type="xs:string" minOccurs="0" />
                <xs:element name="SVIZ" type="xs:string" minOccurs="0" />
                <xs:element name="BSP" type="xs:string" minOccurs="0" />
              </xs:sequence>
            </xs:complexType>
          </xs:element>
        </xs:choice>
      </xs:complexType>
    </xs:element>
  </xs:schema>
  <Prezzi>
    <Data>20140331</Data>
    <Mercato>MGP</Mercato>
    <Ora>1</Ora>
    <PUN>54,907671</PUN>
    <NAT>54,90</NAT>
    <CNOR>54,90</CNOR>
    <CSUD>54,90</CSUD>
    <NORD>54,90</NORD>
    <SARD>54,90</SARD>
    <SICI>55,01</SICI>
    <SUD>54,90</SUD>
    <AUST>54,90</AUST>
    <BRNN>54,90</BRNN>
    <COAC>54,90</COAC>
    <CORS>54,90</CORS>
    <FOGN>54,90</FOGN>
    <FRAN>54,90</FRAN>
    <GREC>54,90</GREC>
    <MFTV>54,90</MFTV>
    <PRGP>55,01</PRGP>
    <ROSN>54,90</ROSN>
    <SLOV>54,90</SLOV>
    <SVIZ>54,90</SVIZ>
    <BSP>29</BSP>
  </Prezzi>
  <Prezzi>
    <Data>20140331</Data>
    <Mercato>MGP</Mercato>
    <Ora>2</Ora>
    <PUN>50,344577</PUN>
    <NAT>50</NAT>
    <CNOR>50,01</CNOR>
    <CSUD>50,01</CSUD>
    <NORD>50,01</NORD>
    <SARD>50,01</SARD>
    <SICI>55</SICI>
    <SUD>50,01</SUD>
    <AUST>50,01</AUST>
    <BRNN>50,01</BRNN>
    <COAC>50,01</COAC>
    <CORS>50,01</CORS>
    <FOGN>50,01</FOGN>
    <FRAN>50,01</FRAN>
    <GREC>50,01</GREC>
    <MFTV>50,01</MFTV>
    <PRGP>55</PRGP>
    <ROSN>50,01</ROSN>
    <SLOV>50,01</SLOV>
    <SVIZ>50,01</SVIZ>
    <BSP>27</BSP>
  </Prezzi>
  <Prezzi>
    <Data>20140331</Data>
    <Mercato>MGP</Mercato>
    <Ora>3</Ora>
    <PUN>47,527671</PUN>
    <NAT>41,96</NAT>
    <CNOR>47</CNOR>
    <CSUD>47</CSUD>
    <NORD>47</NORD>
    <SARD>47</SARD>
    <SICI>55</SICI>
    <SUD>47</SUD>
    <AUST>47</AUST>
    <BRNN>47</BRNN>
    <COAC>47</COAC>
    <CORS>47</CORS>
    <FOGN>47</FOGN>
    <FRAN>47</FRAN>
    <GREC>47</GREC>
    <MFTV>47</MFTV>
    <PRGP>55</PRGP>
    <ROSN>47</ROSN>
    <SLOV>47</SLOV>
    <SVIZ>47</SVIZ>
    <BSP>24,83</BSP>
  </Prezzi>
  <Prezzi>
    <Data>20140331</Data>
    <Mercato>MGP</Mercato>
    <Ora>4</Ora>
    <PUN>41,076703</PUN>
    <NAT>39,42</NAT>
    <CNOR>40,09</CNOR>
    <CSUD>40,09</CSUD>
    <NORD>40,09</NORD>
    <SARD>40,09</SARD>
    <SICI>55</SICI>
    <SUD>40,09</SUD>
    <AUST>40,09</AUST>
    <BRNN>40,09</BRNN>
    <COAC>40,09</COAC>
    <CORS>40,09</CORS>
    <FOGN>40,09</FOGN>
    <FRAN>40,09</FRAN>
    <GREC>40,09</GREC>
    <MFTV>40,09</MFTV>
    <PRGP>55</PRGP>
    <ROSN>40,09</ROSN>
    <SLOV>40,09</SLOV>
    <SVIZ>40,09</SVIZ>
    <BSP>24,36</BSP>
  </Prezzi>
  <Prezzi>
    <Data>20140331</Data>
    <Mercato>MGP</Mercato>
    <Ora>5</Ora>
    <PUN>49,668008</PUN>
    <NAT>45</NAT>
    <CNOR>49,30</CNOR>
    <CSUD>49,30</CSUD>
    <NORD>49,30</NORD>
    <SARD>49,30</SARD>
    <SICI>55</SICI>
    <SUD>49,30</SUD>
    <AUST>49,30</AUST>
    <BRNN>49,30</BRNN>
    <COAC>49,30</COAC>
    <CORS>49,30</CORS>
    <FOGN>49,30</FOGN>
    <FRAN>49,30</FRAN>
    <GREC>49,30</GREC>
    <MFTV>49,30</MFTV>
    <PRGP>55</PRGP>
    <ROSN>49,30</ROSN>
    <SLOV>49,30</SLOV>
    <SVIZ>49,30</SVIZ>
    <BSP>24,54</BSP>
  </Prezzi>
  <Prezzi>
    <Data>20140331</Data>
    <Mercato>MGP</Mercato>
    <Ora>6</Ora>
    <PUN>54,371821</PUN>
    <NAT>54,24</NAT>
    <CNOR>54,33</CNOR>
    <CSUD>54,33</CSUD>
    <NORD>54,33</NORD>
    <SARD>54,33</SARD>
    <SICI>55</SICI>
    <SUD>54,33</SUD>
    <AUST>54,33</AUST>
    <BRNN>54,33</BRNN>
    <COAC>54,33</COAC>
    <CORS>54,33</CORS>
    <FOGN>54,33</FOGN>
    <FRAN>54,33</FRAN>
    <GREC>54,33</GREC>
    <MFTV>54,33</MFTV>
    <PRGP>55</PRGP>
    <ROSN>54,33</ROSN>
    <SLOV>54,33</SLOV>
    <SVIZ>54,33</SVIZ>
    <BSP>29,22</BSP>
  </Prezzi>
  <Prezzi>
    <Data>20140331</Data>
    <Mercato>MGP</Mercato>
    <Ora>7</Ora>
    <PUN>70,472335</PUN>
    <NAT>70,01</NAT>
    <CNOR>70,50</CNOR>
    <CSUD>70,50</CSUD>
    <NORD>70,50</NORD>
    <SARD>70,50</SARD>
    <SICI>70,01</SICI>
    <SUD>70,50</SUD>
    <AUST>70,50</AUST>
    <BRNN>70,50</BRNN>
    <COAC>70,50</COAC>
    <CORS>70,50</CORS>
    <FOGN>70,50</FOGN>
    <FRAN>70,50</FRAN>
    <GREC>70,50</GREC>
    <MFTV>70,50</MFTV>
    <PRGP>70,01</PRGP>
    <ROSN>70,50</ROSN>
    <SLOV>70,50</SLOV>
    <SVIZ>70,50</SVIZ>
    <BSP>70,50</BSP>
  </Prezzi>
  <Prezzi>
    <Data>20140331</Data>
    <Mercato>MGP</Mercato>
    <Ora>8</Ora>
    <PUN>109,112926</PUN>
    <NAT>100</NAT>
    <CNOR>110</CNOR>
    <CSUD>110</CSUD>
    <NORD>110</NORD>
    <SARD>110</SARD>
    <SICI>95,02</SICI>
    <SUD>110</SUD>
    <AUST>110</AUST>
    <BRNN>110</BRNN>
    <COAC>110</COAC>
    <CORS>110</CORS>
    <FOGN>110</FOGN>
    <FRAN>110</FRAN>
    <GREC>110</GREC>
    <MFTV>110</MFTV>
    <PRGP>95,02</PRGP>
    <ROSN>110</ROSN>
    <SLOV>110</SLOV>
    <SVIZ>110</SVIZ>
    <BSP>73,50</BSP>
  </Prezzi>
  <Prezzi>
    <Data>20140331</Data>
    <Mercato>MGP</Mercato>
    <Ora>9</Ora>
    <PUN>113,451684</PUN>
    <NAT>109,85</NAT>
    <CNOR>114</CNOR>
    <CSUD>114</CSUD>
    <NORD>114</NORD>
    <SARD>114</SARD>
    <SICI>105,02</SICI>
    <SUD>114</SUD>
    <AUST>114</AUST>
    <BRNN>114</BRNN>
    <COAC>114</COAC>
    <CORS>114</CORS>
    <FOGN>114</FOGN>
    <FRAN>114</FRAN>
    <GREC>114</GREC>
    <MFTV>114</MFTV>
    <PRGP>105,02</PRGP>
    <ROSN>114</ROSN>
    <SLOV>114</SLOV>
    <SVIZ>114</SVIZ>
    <BSP>73,50</BSP>
  </Prezzi>
  <Prezzi>
    <Data>20140331</Data>
    <Mercato>MGP</Mercato>
    <Ora>10</Ora>
    <PUN>84,14</PUN>
    <NAT>84,14</NAT>
    <CNOR>82,781623</CNOR>
    <CSUD>82,781623</CSUD>
    <NORD>82,781623</NORD>
    <SARD>82,781623</SARD>
    <SICI>105,01</SICI>
    <SUD>82,781623</SUD>
    <AUST>82,781623</AUST>
    <BRNN>82,781623</BRNN>
    <COAC>82,781623</COAC>
    <CORS>82,781623</CORS>
    <FOGN>82,781623</FOGN>
    <FRAN>82,781623</FRAN>
    <GREC>82,781623</GREC>
    <MFTV>82,781623</MFTV>
    <PRGP>105,01</PRGP>
    <ROSN>82,781623</ROSN>
    <SLOV>82,781623</SLOV>
    <SVIZ>82,781623</SVIZ>
    <BSP>82,781623</BSP>
  </Prezzi>
  <Prezzi>
    <Data>20140331</Data>
    <Mercato>MGP</Mercato>
    <Ora>11</Ora>
    <PUN>60,23</PUN>
    <NAT>58,45</NAT>
    <CNOR>57,311262</CNOR>
    <CSUD>57,311262</CSUD>
    <NORD>57,311262</NORD>
    <SARD>57,311262</SARD>
    <SICI>105,01</SICI>
    <SUD>57,311262</SUD>
    <AUST>57,311262</AUST>
    <BRNN>57,311262</BRNN>
    <COAC>57,311262</COAC>
    <CORS>57,311262</CORS>
    <FOGN>57,311262</FOGN>
    <FRAN>57,311262</FRAN>
    <GREC>57,311262</GREC>
    <MFTV>57,311262</MFTV>
    <PRGP>105,01</PRGP>
    <ROSN>57,311262</ROSN>
    <SLOV>57,311262</SLOV>
    <SVIZ>57,311262</SVIZ>
    <BSP>57,311262</BSP>
  </Prezzi>
  <Prezzi>
    <Data>20140331</Data>
    <Mercato>MGP</Mercato>
    <Ora>12</Ora>
    <PUN>55,50</PUN>
    <NAT>54,90</NAT>
    <CNOR>53,19</CNOR>
    <CSUD>53,19</CSUD>
    <NORD>53,19</NORD>
    <SARD>53,19</SARD>
    <SICI>105</SICI>
    <SUD>42,595788</SUD>
    <AUST>53,19</AUST>
    <BRNN>42,595788</BRNN>
    <COAC>53,19</COAC>
    <CORS>53,19</CORS>
    <FOGN>42,595788</FOGN>
    <FRAN>53,19</FRAN>
    <GREC>42,595788</GREC>
    <MFTV>53,19</MFTV>
    <PRGP>105</PRGP>
    <ROSN>42,595788</ROSN>
    <SLOV>53,19</SLOV>
    <SVIZ>53,19</SVIZ>
    <BSP>53,19</BSP>
  </Prezzi>
  <Prezzi>
    <Data>20140331</Data>
    <Mercato>MGP</Mercato>
    <Ora>13</Ora>
    <PUN>40,061548</PUN>
    <NAT>40</NAT>
    <CNOR>29,45</CNOR>
    <CSUD>29,45</CSUD>
    <NORD>42</NORD>
    <SARD>29,45</SARD>
    <SICI>81</SICI>
    <SUD>29,45</SUD>
    <AUST>42</AUST>
    <BRNN>29,45</BRNN>
    <COAC>29,45</COAC>
    <CORS>29,45</CORS>
    <FOGN>29,45</FOGN>
    <FRAN>42</FRAN>
    <GREC>29,45</GREC>
    <MFTV>42</MFTV>
    <PRGP>81</PRGP>
    <ROSN>29,45</ROSN>
    <SLOV>42</SLOV>
    <SVIZ>42</SVIZ>
    <BSP>42</BSP>
  </Prezzi>
  <Prezzi>
    <Data>20140331</Data>
    <Mercato>MGP</Mercato>
    <Ora>14</Ora>
    <PUN>37,353759</PUN>
    <NAT>38,34</NAT>
    <CNOR>26,53</CNOR>
    <CSUD>26,53</CSUD>
    <NORD>41,51</NORD>
    <SARD>26,53</SARD>
    <SICI>58,16</SICI>
    <SUD>26,53</SUD>
    <AUST>41,51</AUST>
    <BRNN>26,53</BRNN>
    <COAC>26,53</COAC>
    <CORS>26,53</CORS>
    <FOGN>26,53</FOGN>
    <FRAN>41,51</FRAN>
    <GREC>26,53</GREC>
    <MFTV>41,51</MFTV>
    <PRGP>58,16</PRGP>
    <ROSN>26,53</ROSN>
    <SLOV>41,51</SLOV>
    <SVIZ>41,51</SVIZ>
    <BSP>41,51</BSP>
  </Prezzi>
  <Prezzi>
    <Data>20140331</Data>
    <Mercato>MGP</Mercato>
    <Ora>15</Ora>
    <PUN>43,391128</PUN>
    <NAT>45,01</NAT>
    <CNOR>30,64</CNOR>
    <CSUD>30,64</CSUD>
    <NORD>49,50</NORD>
    <SARD>30,64</SARD>
    <SICI>55,97</SICI>
    <SUD>30,64</SUD>
    <AUST>49,50</AUST>
    <BRNN>30,64</BRNN>
    <COAC>30,64</COAC>
    <CORS>30,64</CORS>
    <FOGN>30,64</FOGN>
    <FRAN>49,50</FRAN>
    <GREC>30,64</GREC>
    <MFTV>49,50</MFTV>
    <PRGP>55,97</PRGP>
    <ROSN>30,64</ROSN>
    <SLOV>49,50</SLOV>
    <SVIZ>49,50</SVIZ>
    <BSP>49,50</BSP>
  </Prezzi>
  <Prezzi>
    <Data>20140331</Data>
    <Mercato>MGP</Mercato>
    <Ora>16</Ora>
    <PUN>45,866886</PUN>
    <NAT>50,26</NAT>
    <CNOR>35,25</CNOR>
    <CSUD>35,25</CSUD>
    <NORD>50,84</NORD>
    <SARD>35,25</SARD>
    <SICI>56</SICI>
    <SUD>35,25</SUD>
    <AUST>50,84</AUST>
    <BRNN>35,25</BRNN>
    <COAC>35,25</COAC>
    <CORS>35,25</CORS>
    <FOGN>35,25</FOGN>
    <FRAN>50,84</FRAN>
    <GREC>35,25</GREC>
    <MFTV>50,84</MFTV>
    <PRGP>56</PRGP>
    <ROSN>35,25</ROSN>
    <SLOV>50,84</SLOV>
    <SVIZ>50,84</SVIZ>
    <BSP>50,84</BSP>
  </Prezzi>
  <Prezzi>
    <Data>20140331</Data>
    <Mercato>MGP</Mercato>
    <Ora>17</Ora>
    <PUN>53,301164</PUN>
    <NAT>54,90</NAT>
    <CNOR>52,99</CNOR>
    <CSUD>52,99</CSUD>
    <NORD>52,99</NORD>
    <SARD>52,99</SARD>
    <SICI>58,23</SICI>
    <SUD>52,99</SUD>
    <AUST>52,99</AUST>
    <BRNN>52,99</BRNN>
    <COAC>52,99</COAC>
    <CORS>52,99</CORS>
    <FOGN>52,99</FOGN>
    <FRAN>52,99</FRAN>
    <GREC>52,99</GREC>
    <MFTV>52,99</MFTV>
    <PRGP>58,23</PRGP>
    <ROSN>52,99</ROSN>
    <SLOV>52,99</SLOV>
    <SVIZ>52,99</SVIZ>
    <BSP>52,99</BSP>
  </Prezzi>
  <Prezzi>
    <Data>20140331</Data>
    <Mercato>MGP</Mercato>
    <Ora>18</Ora>
    <PUN>60,164971</PUN>
    <NAT>56,16</NAT>
    <CNOR>54,97</CNOR>
    <CSUD>54,97</CSUD>
    <NORD>54,97</NORD>
    <SARD>54,97</SARD>
    <SICI>144,77</SICI>
    <SUD>54,97</SUD>
    <AUST>54,97</AUST>
    <BRNN>54,97</BRNN>
    <COAC>54,97</COAC>
    <CORS>54,97</CORS>
    <FOGN>54,97</FOGN>
    <FRAN>54,97</FRAN>
    <GREC>54,97</GREC>
    <MFTV>54,97</MFTV>
    <PRGP>144,77</PRGP>
    <ROSN>54,97</ROSN>
    <SLOV>54,97</SLOV>
    <SVIZ>54,97</SVIZ>
    <BSP>54,97</BSP>
  </Prezzi>
  <Prezzi>
    <Data>20140331</Data>
    <Mercato>MGP</Mercato>
    <Ora>19</Ora>
    <PUN>77,417636</PUN>
    <NAT>78,26</NAT>
    <CNOR>72,99</CNOR>
    <CSUD>72,99</CSUD>
    <NORD>72,99</NORD>
    <SARD>72,99</SARD>
    <SICI>145</SICI>
    <SUD>72,99</SUD>
    <AUST>72,99</AUST>
    <BRNN>72,99</BRNN>
    <COAC>72,99</COAC>
    <CORS>72,99</CORS>
    <FOGN>72,99</FOGN>
    <FRAN>72,99</FRAN>
    <GREC>72,99</GREC>
    <MFTV>72,99</MFTV>
    <PRGP>145</PRGP>
    <ROSN>72,99</ROSN>
    <SLOV>72,99</SLOV>
    <SVIZ>72,99</SVIZ>
    <BSP>72,99</BSP>
  </Prezzi>
  <Prezzi>
    <Data>20140331</Data>
    <Mercato>MGP</Mercato>
    <Ora>20</Ora>
    <PUN>101,763063</PUN>
    <NAT>105,78</NAT>
    <CNOR>98,85</CNOR>
    <CSUD>98,85</CSUD>
    <NORD>98,85</NORD>
    <SARD>98,85</SARD>
    <SICI>145,01</SICI>
    <SUD>98,85</SUD>
    <AUST>98,85</AUST>
    <BRNN>98,85</BRNN>
    <COAC>98,85</COAC>
    <CORS>98,85</CORS>
    <FOGN>98,85</FOGN>
    <FRAN>98,85</FRAN>
    <GREC>98,85</GREC>
    <MFTV>98,85</MFTV>
    <PRGP>145,01</PRGP>
    <ROSN>98,85</ROSN>
    <SLOV>98,85</SLOV>
    <SVIZ>98,85</SVIZ>
    <BSP>98,85</BSP>
  </Prezzi>
  <Prezzi>
    <Data>20140331</Data>
    <Mercato>MGP</Mercato>
    <Ora>21</Ora>
    <PUN>81,686011</PUN>
    <NAT>80</NAT>
    <CNOR>78,26</CNOR>
    <CSUD>78,26</CSUD>
    <NORD>78,26</NORD>
    <SARD>78,26</SARD>
    <SICI>130,02</SICI>
    <SUD>78,26</SUD>
    <AUST>78,26</AUST>
    <BRNN>78,26</BRNN>
    <COAC>78,26</COAC>
    <CORS>78,26</CORS>
    <FOGN>78,26</FOGN>
    <FRAN>78,26</FRAN>
    <GREC>78,26</GREC>
    <MFTV>78,26</MFTV>
    <PRGP>130,02</PRGP>
    <ROSN>78,26</ROSN>
    <SLOV>78,26</SLOV>
    <SVIZ>78,26</SVIZ>
    <BSP>78,26</BSP>
  </Prezzi>
  <Prezzi>
    <Data>20140331</Data>
    <Mercato>MGP</Mercato>
    <Ora>22</Ora>
    <PUN>63,077338</PUN>
    <NAT>63,68</NAT>
    <CNOR>60</CNOR>
    <CSUD>60</CSUD>
    <NORD>60</NORD>
    <SARD>60</SARD>
    <SICI>105,02</SICI>
    <SUD>60</SUD>
    <AUST>60</AUST>
    <BRNN>60</BRNN>
    <COAC>60</COAC>
    <CORS>60</CORS>
    <FOGN>60</FOGN>
    <FRAN>60</FRAN>
    <GREC>60</GREC>
    <MFTV>60</MFTV>
    <PRGP>105,02</PRGP>
    <ROSN>60</ROSN>
    <SLOV>60</SLOV>
    <SVIZ>60</SVIZ>
    <BSP>60</BSP>
  </Prezzi>
  <Prezzi>
    <Data>20140331</Data>
    <Mercato>MGP</Mercato>
    <Ora>23</Ora>
    <PUN>55,417453</PUN>
    <NAT>55</NAT>
    <CNOR>52,82</CNOR>
    <CSUD>52,82</CSUD>
    <NORD>52,82</NORD>
    <SARD>52,82</SARD>
    <SICI>91,01</SICI>
    <SUD>52,82</SUD>
    <AUST>52,82</AUST>
    <BRNN>52,82</BRNN>
    <COAC>52,82</COAC>
    <CORS>52,82</CORS>
    <FOGN>52,82</FOGN>
    <FRAN>52,82</FRAN>
    <GREC>52,82</GREC>
    <MFTV>52,82</MFTV>
    <PRGP>91,01</PRGP>
    <ROSN>52,82</ROSN>
    <SLOV>52,82</SLOV>
    <SVIZ>52,82</SVIZ>
    <BSP>52,82</BSP>
  </Prezzi>
  <Prezzi>
    <Data>20140331</Data>
    <Mercato>MGP</Mercato>
    <Ora>24</Ora>
    <PUN>50,206643</PUN>
    <NAT>50,50</NAT>
    <CNOR>49,82</CNOR>
    <CSUD>49,82</CSUD>
    <NORD>49,82</NORD>
    <SARD>49,82</SARD>
    <SICI>55,71</SICI>
    <SUD>49,82</SUD>
    <AUST>49,82</AUST>
    <BRNN>49,82</BRNN>
    <COAC>49,82</COAC>
    <CORS>49,82</CORS>
    <FOGN>49,82</FOGN>
    <FRAN>49,82</FRAN>
    <GREC>49,82</GREC>
    <MFTV>49,82</MFTV>
    <PRGP>55,71</PRGP>
    <ROSN>49,82</ROSN>
    <SLOV>49,82</SLOV>
    <SVIZ>49,82</SVIZ>
    <BSP>49,82</BSP>
  </Prezzi>
</NewDataSet>