<?xml version="1.0" standalone="yes"?>
<NewDataSet>
  <xs:schema id="NewDataSet" xmlns="" xmlns:xs="http://www.w3.org/2001/XMLSchema" xmlns:msdata="urn:schemas-microsoft-com:xml-msdata">
    <xs:element name="NewDataSet" msdata:IsDataSet="true" msdata:UseCurrentLocale="true">
      <xs:complexType>
        <xs:choice minOccurs="0" maxOccurs="unbounded">
          <xs:element name="Prezzi">
            <xs:complexType>
              <xs:sequence>
                <xs:element name="Data" type="xs:string" minOccurs="0" />
                <xs:element name="Mercato" type="xs:string" minOccurs="0" />
                <xs:element name="Ora" type="xs:string" minOccurs="0" />
                <xs:element name="PUN" type="xs:string" minOccurs="0" />
                <xs:element name="NAT" type="xs:string" minOccurs="0" />
                <xs:element name="CNOR" type="xs:string" minOccurs="0" />
                <xs:element name="CSUD" type="xs:string" minOccurs="0" />
                <xs:element name="NORD" type="xs:string" minOccurs="0" />
                <xs:element name="SARD" type="xs:string" minOccurs="0" />
                <xs:element name="SICI" type="xs:string" minOccurs="0" />
                <xs:element name="SUD" type="xs:string" minOccurs="0" />
                <xs:element name="AUST" type="xs:string" minOccurs="0" />
                <xs:element name="BRNN" type="xs:string" minOccurs="0" />
                <xs:element name="COAC" type="xs:string" minOccurs="0" />
                <xs:element name="CORS" type="xs:string" minOccurs="0" />
                <xs:element name="FOGN" type="xs:string" minOccurs="0" />
                <xs:element name="FRAN" type="xs:string" minOccurs="0" />
                <xs:element name="GREC" type="xs:string" minOccurs="0" />
                <xs:element name="MFTV" type="xs:string" minOccurs="0" />
                <xs:element name="PRGP" type="xs:string" minOccurs="0" />
                <xs:element name="ROSN" type="xs:string" minOccurs="0" />
                <xs:element name="SLOV" type="xs:string" minOccurs="0" />
                <xs:element name="SVIZ" type="xs:string" minOccurs="0" />
                <xs:element name="BSP" type="xs:string" minOccurs="0" />
              </xs:sequence>
            </xs:complexType>
          </xs:element>
        </xs:choice>
      </xs:complexType>
    </xs:element>
  </xs:schema>
  <Prezzi>
    <Data>20140303</Data>
    <Mercato>MGP</Mercato>
    <Ora>1</Ora>
    <PUN>35,786939</PUN>
    <NAT>31</NAT>
    <CNOR>34,37</CNOR>
    <CSUD>34,37</CSUD>
    <NORD>34,37</NORD>
    <SARD>34,37</SARD>
    <SICI>55</SICI>
    <SUD>34,37</SUD>
    <AUST>34,37</AUST>
    <BRNN>34,37</BRNN>
    <COAC>34,37</COAC>
    <CORS>34,37</CORS>
    <FOGN>34,37</FOGN>
    <FRAN>34,37</FRAN>
    <GREC>34,37</GREC>
    <MFTV>34,37</MFTV>
    <PRGP>55</PRGP>
    <ROSN>34,37</ROSN>
    <SLOV>34,37</SLOV>
    <SVIZ>34,37</SVIZ>
    <BSP>25,63</BSP>
  </Prezzi>
  <Prezzi>
    <Data>20140303</Data>
    <Mercato>MGP</Mercato>
    <Ora>2</Ora>
    <PUN>26</PUN>
    <NAT>24,51</NAT>
    <CNOR>26</CNOR>
    <CSUD>26</CSUD>
    <NORD>26</NORD>
    <SARD>26</SARD>
    <SICI>26</SICI>
    <SUD>26</SUD>
    <AUST>26</AUST>
    <BRNN>26</BRNN>
    <COAC>26</COAC>
    <CORS>26</CORS>
    <FOGN>26</FOGN>
    <FRAN>26</FRAN>
    <GREC>26</GREC>
    <MFTV>26</MFTV>
    <PRGP>26</PRGP>
    <ROSN>26</ROSN>
    <SLOV>26</SLOV>
    <SVIZ>26</SVIZ>
    <BSP>20,65</BSP>
  </Prezzi>
  <Prezzi>
    <Data>20140303</Data>
    <Mercato>MGP</Mercato>
    <Ora>3</Ora>
    <PUN>22,50</PUN>
    <NAT>22</NAT>
    <CNOR>22,50</CNOR>
    <CSUD>22,50</CSUD>
    <NORD>22,50</NORD>
    <SARD>22,50</SARD>
    <SICI>22,50</SICI>
    <SUD>22,50</SUD>
    <AUST>22,50</AUST>
    <BRNN>22,50</BRNN>
    <COAC>22,50</COAC>
    <CORS>22,50</CORS>
    <FOGN>22,50</FOGN>
    <FRAN>22,50</FRAN>
    <GREC>22,50</GREC>
    <MFTV>22,50</MFTV>
    <PRGP>22,50</PRGP>
    <ROSN>22,50</ROSN>
    <SLOV>22,50</SLOV>
    <SVIZ>22,50</SVIZ>
    <BSP>19,67</BSP>
  </Prezzi>
  <Prezzi>
    <Data>20140303</Data>
    <Mercato>MGP</Mercato>
    <Ora>4</Ora>
    <PUN>21,50</PUN>
    <NAT>20,17</NAT>
    <CNOR>21,50</CNOR>
    <CSUD>21,50</CSUD>
    <NORD>21,50</NORD>
    <SARD>21,50</SARD>
    <SICI>21,50</SICI>
    <SUD>21,50</SUD>
    <AUST>21,50</AUST>
    <BRNN>21,50</BRNN>
    <COAC>21,50</COAC>
    <CORS>21,50</CORS>
    <FOGN>21,50</FOGN>
    <FRAN>21,50</FRAN>
    <GREC>21,50</GREC>
    <MFTV>21,50</MFTV>
    <PRGP>21,50</PRGP>
    <ROSN>21,50</ROSN>
    <SLOV>21,50</SLOV>
    <SVIZ>21,50</SVIZ>
    <BSP>17,10</BSP>
  </Prezzi>
  <Prezzi>
    <Data>20140303</Data>
    <Mercato>MGP</Mercato>
    <Ora>5</Ora>
    <PUN>20,953417</PUN>
    <NAT>20,90</NAT>
    <CNOR>22,42</CNOR>
    <CSUD>22,42</CSUD>
    <NORD>22,42</NORD>
    <SARD>22,42</SARD>
    <SICI>0</SICI>
    <SUD>22,42</SUD>
    <AUST>22,42</AUST>
    <BRNN>22,42</BRNN>
    <COAC>22,42</COAC>
    <CORS>22,42</CORS>
    <FOGN>22,42</FOGN>
    <FRAN>22,42</FRAN>
    <GREC>22,42</GREC>
    <MFTV>22,42</MFTV>
    <PRGP>0</PRGP>
    <ROSN>22,42</ROSN>
    <SLOV>22,42</SLOV>
    <SVIZ>22,42</SVIZ>
    <BSP>17,79</BSP>
  </Prezzi>
  <Prezzi>
    <Data>20140303</Data>
    <Mercato>MGP</Mercato>
    <Ora>6</Ora>
    <PUN>28,35</PUN>
    <NAT>28</NAT>
    <CNOR>29,97</CNOR>
    <CSUD>29,97</CSUD>
    <NORD>29,97</NORD>
    <SARD>29,97</SARD>
    <SICI>3,6448</SICI>
    <SUD>29,97</SUD>
    <AUST>29,97</AUST>
    <BRNN>29,97</BRNN>
    <COAC>29,97</COAC>
    <CORS>29,97</CORS>
    <FOGN>29,97</FOGN>
    <FRAN>29,97</FRAN>
    <GREC>29,97</GREC>
    <MFTV>29,97</MFTV>
    <PRGP>3,6448</PRGP>
    <ROSN>29,97</ROSN>
    <SLOV>29,97</SLOV>
    <SVIZ>29,97</SVIZ>
    <BSP>22,58</BSP>
  </Prezzi>
  <Prezzi>
    <Data>20140303</Data>
    <Mercato>MGP</Mercato>
    <Ora>7</Ora>
    <PUN>50</PUN>
    <NAT>46,61</NAT>
    <CNOR>50</CNOR>
    <CSUD>50</CSUD>
    <NORD>50</NORD>
    <SARD>50</SARD>
    <SICI>50</SICI>
    <SUD>50</SUD>
    <AUST>50</AUST>
    <BRNN>50</BRNN>
    <COAC>50</COAC>
    <CORS>50</CORS>
    <FOGN>50</FOGN>
    <FRAN>50</FRAN>
    <GREC>50</GREC>
    <MFTV>50</MFTV>
    <PRGP>50</PRGP>
    <ROSN>50</ROSN>
    <SLOV>50</SLOV>
    <SVIZ>50</SVIZ>
    <BSP>31,30</BSP>
  </Prezzi>
  <Prezzi>
    <Data>20140303</Data>
    <Mercato>MGP</Mercato>
    <Ora>8</Ora>
    <PUN>57,24</PUN>
    <NAT>55,13</NAT>
    <CNOR>57,24</CNOR>
    <CSUD>57,24</CSUD>
    <NORD>57,24</NORD>
    <SARD>57,24</SARD>
    <SICI>57,24</SICI>
    <SUD>57,24</SUD>
    <AUST>57,24</AUST>
    <BRNN>57,24</BRNN>
    <COAC>57,24</COAC>
    <CORS>57,24</CORS>
    <FOGN>57,24</FOGN>
    <FRAN>57,24</FRAN>
    <GREC>57,24</GREC>
    <MFTV>57,24</MFTV>
    <PRGP>57,24</PRGP>
    <ROSN>57,24</ROSN>
    <SLOV>57,24</SLOV>
    <SVIZ>57,24</SVIZ>
    <BSP>42,52</BSP>
  </Prezzi>
  <Prezzi>
    <Data>20140303</Data>
    <Mercato>MGP</Mercato>
    <Ora>9</Ora>
    <PUN>64,499792</PUN>
    <NAT>61,56</NAT>
    <CNOR>66,15</CNOR>
    <CSUD>66,15</CSUD>
    <NORD>66,15</NORD>
    <SARD>66,15</SARD>
    <SICI>55,01</SICI>
    <SUD>53,72</SUD>
    <AUST>66,15</AUST>
    <BRNN>53,72</BRNN>
    <COAC>66,15</COAC>
    <CORS>66,15</CORS>
    <FOGN>53,72</FOGN>
    <FRAN>66,15</FRAN>
    <GREC>53,72</GREC>
    <MFTV>66,15</MFTV>
    <PRGP>55,01</PRGP>
    <ROSN>5,05</ROSN>
    <SLOV>66,15</SLOV>
    <SVIZ>66,15</SVIZ>
    <BSP>41,32</BSP>
  </Prezzi>
  <Prezzi>
    <Data>20140303</Data>
    <Mercato>MGP</Mercato>
    <Ora>10</Ora>
    <PUN>58,881159</PUN>
    <NAT>56,02</NAT>
    <CNOR>59,95</CNOR>
    <CSUD>59,95</CSUD>
    <NORD>59,95</NORD>
    <SARD>59,95</SARD>
    <SICI>55</SICI>
    <SUD>50</SUD>
    <AUST>59,95</AUST>
    <BRNN>50</BRNN>
    <COAC>59,95</COAC>
    <CORS>59,95</CORS>
    <FOGN>50</FOGN>
    <FRAN>59,95</FRAN>
    <GREC>50</GREC>
    <MFTV>59,95</MFTV>
    <PRGP>55</PRGP>
    <ROSN>5,05</ROSN>
    <SLOV>59,95</SLOV>
    <SVIZ>59,95</SVIZ>
    <BSP>36,13</BSP>
  </Prezzi>
  <Prezzi>
    <Data>20140303</Data>
    <Mercato>MGP</Mercato>
    <Ora>11</Ora>
    <PUN>51,708612</PUN>
    <NAT>54,06</NAT>
    <CNOR>56</CNOR>
    <CSUD>56</CSUD>
    <NORD>56</NORD>
    <SARD>56</SARD>
    <SICI>5,01</SICI>
    <SUD>36,33</SUD>
    <AUST>56</AUST>
    <BRNN>36,33</BRNN>
    <COAC>56</COAC>
    <CORS>56</CORS>
    <FOGN>36,33</FOGN>
    <FRAN>56</FRAN>
    <GREC>36,33</GREC>
    <MFTV>56</MFTV>
    <PRGP>5,01</PRGP>
    <ROSN>5,01</ROSN>
    <SLOV>56</SLOV>
    <SVIZ>56</SVIZ>
    <BSP>33,43</BSP>
  </Prezzi>
  <Prezzi>
    <Data>20140303</Data>
    <Mercato>MGP</Mercato>
    <Ora>12</Ora>
    <PUN>49,769280</PUN>
    <NAT>51,60</NAT>
    <CNOR>52,80</CNOR>
    <CSUD>52,80</CSUD>
    <NORD>54,27</NORD>
    <SARD>52,80</SARD>
    <SICI>5,01</SICI>
    <SUD>36,14</SUD>
    <AUST>54,27</AUST>
    <BRNN>36,14</BRNN>
    <COAC>52,80</COAC>
    <CORS>52,80</CORS>
    <FOGN>36,14</FOGN>
    <FRAN>54,27</FRAN>
    <GREC>36,14</GREC>
    <MFTV>54,27</MFTV>
    <PRGP>5,01</PRGP>
    <ROSN>5,01</ROSN>
    <SLOV>54,27</SLOV>
    <SVIZ>54,27</SVIZ>
    <BSP>32,74</BSP>
  </Prezzi>
  <Prezzi>
    <Data>20140303</Data>
    <Mercato>MGP</Mercato>
    <Ora>13</Ora>
    <PUN>42,160888</PUN>
    <NAT>45,99</NAT>
    <CNOR>40,04</CNOR>
    <CSUD>40,04</CSUD>
    <NORD>49,71</NORD>
    <SARD>40,04</SARD>
    <SICI>0</SICI>
    <SUD>25</SUD>
    <AUST>49,71</AUST>
    <BRNN>25</BRNN>
    <COAC>40,04</COAC>
    <CORS>40,04</CORS>
    <FOGN>25</FOGN>
    <FRAN>49,71</FRAN>
    <GREC>25</GREC>
    <MFTV>49,71</MFTV>
    <PRGP>0</PRGP>
    <ROSN>0</ROSN>
    <SLOV>49,71</SLOV>
    <SVIZ>49,71</SVIZ>
    <BSP>31</BSP>
  </Prezzi>
  <Prezzi>
    <Data>20140303</Data>
    <Mercato>MGP</Mercato>
    <Ora>14</Ora>
    <PUN>42</PUN>
    <NAT>44,35</NAT>
    <CNOR>31,48</CNOR>
    <CSUD>31,48</CSUD>
    <NORD>52,36</NORD>
    <SARD>31,48</SARD>
    <SICI>0</SICI>
    <SUD>29,200348</SUD>
    <AUST>52,36</AUST>
    <BRNN>29,200348</BRNN>
    <COAC>31,48</COAC>
    <CORS>31,48</CORS>
    <FOGN>29,200348</FOGN>
    <FRAN>52,36</FRAN>
    <GREC>29,200348</GREC>
    <MFTV>52,36</MFTV>
    <PRGP>0</PRGP>
    <ROSN>0</ROSN>
    <SLOV>52,36</SLOV>
    <SVIZ>52,36</SVIZ>
    <BSP>31</BSP>
  </Prezzi>
  <Prezzi>
    <Data>20140303</Data>
    <Mercato>MGP</Mercato>
    <Ora>15</Ora>
    <PUN>49,50</PUN>
    <NAT>49,85</NAT>
    <CNOR>53,983963</CNOR>
    <CSUD>53,983963</CSUD>
    <NORD>54</NORD>
    <SARD>53,983963</SARD>
    <SICI>5,01</SICI>
    <SUD>30</SUD>
    <AUST>54</AUST>
    <BRNN>30</BRNN>
    <COAC>53,983963</COAC>
    <CORS>53,983963</CORS>
    <FOGN>30</FOGN>
    <FRAN>54</FRAN>
    <GREC>30</GREC>
    <MFTV>54</MFTV>
    <PRGP>5,01</PRGP>
    <ROSN>5,01</ROSN>
    <SLOV>54</SLOV>
    <SVIZ>54</SVIZ>
    <BSP>30,99</BSP>
  </Prezzi>
  <Prezzi>
    <Data>20140303</Data>
    <Mercato>MGP</Mercato>
    <Ora>16</Ora>
    <PUN>56,128732</PUN>
    <NAT>53,21</NAT>
    <CNOR>58</CNOR>
    <CSUD>58</CSUD>
    <NORD>58</NORD>
    <SARD>58</SARD>
    <SICI>55</SICI>
    <SUD>36,14</SUD>
    <AUST>58</AUST>
    <BRNN>36,14</BRNN>
    <COAC>58</COAC>
    <CORS>58</CORS>
    <FOGN>36,14</FOGN>
    <FRAN>58</FRAN>
    <GREC>36,14</GREC>
    <MFTV>58</MFTV>
    <PRGP>55</PRGP>
    <ROSN>5,01</ROSN>
    <SLOV>58</SLOV>
    <SVIZ>58</SVIZ>
    <BSP>33,49</BSP>
  </Prezzi>
  <Prezzi>
    <Data>20140303</Data>
    <Mercato>MGP</Mercato>
    <Ora>17</Ora>
    <PUN>60,154865</PUN>
    <NAT>54,81</NAT>
    <CNOR>58</CNOR>
    <CSUD>58</CSUD>
    <NORD>58</NORD>
    <SARD>58</SARD>
    <SICI>127</SICI>
    <SUD>36,88</SUD>
    <AUST>58</AUST>
    <BRNN>36,88</BRNN>
    <COAC>58</COAC>
    <CORS>58</CORS>
    <FOGN>36,88</FOGN>
    <FRAN>58</FRAN>
    <GREC>36,88</GREC>
    <MFTV>58</MFTV>
    <PRGP>127</PRGP>
    <ROSN>5,01</ROSN>
    <SLOV>58</SLOV>
    <SVIZ>58</SVIZ>
    <BSP>35,43</BSP>
  </Prezzi>
  <Prezzi>
    <Data>20140303</Data>
    <Mercato>MGP</Mercato>
    <Ora>18</Ora>
    <PUN>61,739015</PUN>
    <NAT>56,81</NAT>
    <CNOR>56,81</CNOR>
    <CSUD>56,81</CSUD>
    <NORD>56,81</NORD>
    <SARD>56,81</SARD>
    <SICI>145</SICI>
    <SUD>53,49</SUD>
    <AUST>56,81</AUST>
    <BRNN>53,49</BRNN>
    <COAC>56,81</COAC>
    <CORS>56,81</CORS>
    <FOGN>53,49</FOGN>
    <FRAN>56,81</FRAN>
    <GREC>53,49</GREC>
    <MFTV>56,81</MFTV>
    <PRGP>145</PRGP>
    <ROSN>5,01</ROSN>
    <SLOV>56,81</SLOV>
    <SVIZ>56,81</SVIZ>
    <BSP>46,23</BSP>
  </Prezzi>
  <Prezzi>
    <Data>20140303</Data>
    <Mercato>MGP</Mercato>
    <Ora>19</Ora>
    <PUN>73,336709</PUN>
    <NAT>69</NAT>
    <CNOR>68,59</CNOR>
    <CSUD>68,59</CSUD>
    <NORD>68,59</NORD>
    <SARD>68,59</SARD>
    <SICI>145,01</SICI>
    <SUD>68,59</SUD>
    <AUST>68,59</AUST>
    <BRNN>68,59</BRNN>
    <COAC>68,59</COAC>
    <CORS>68,59</CORS>
    <FOGN>68,59</FOGN>
    <FRAN>68,59</FRAN>
    <GREC>68,59</GREC>
    <MFTV>68,59</MFTV>
    <PRGP>145,01</PRGP>
    <ROSN>5,01</ROSN>
    <SLOV>68,59</SLOV>
    <SVIZ>68,59</SVIZ>
    <BSP>67,30</BSP>
  </Prezzi>
  <Prezzi>
    <Data>20140303</Data>
    <Mercato>MGP</Mercato>
    <Ora>20</Ora>
    <PUN>75,858185</PUN>
    <NAT>71,02</NAT>
    <CNOR>71,02</CNOR>
    <CSUD>71,02</CSUD>
    <NORD>71,02</NORD>
    <SARD>71,02</SARD>
    <SICI>145,01</SICI>
    <SUD>71,02</SUD>
    <AUST>71,02</AUST>
    <BRNN>71,02</BRNN>
    <COAC>71,02</COAC>
    <CORS>71,02</CORS>
    <FOGN>71,02</FOGN>
    <FRAN>71,02</FRAN>
    <GREC>71,02</GREC>
    <MFTV>71,02</MFTV>
    <PRGP>145,01</PRGP>
    <ROSN>5,05</ROSN>
    <SLOV>71,02</SLOV>
    <SVIZ>71,02</SVIZ>
    <BSP>60,64</BSP>
  </Prezzi>
  <Prezzi>
    <Data>20140303</Data>
    <Mercato>MGP</Mercato>
    <Ora>21</Ora>
    <PUN>63,354716</PUN>
    <NAT>57,68</NAT>
    <CNOR>58,58</CNOR>
    <CSUD>58,58</CSUD>
    <NORD>58,58</NORD>
    <SARD>58,58</SARD>
    <SICI>130</SICI>
    <SUD>58,58</SUD>
    <AUST>58,58</AUST>
    <BRNN>58,58</BRNN>
    <COAC>58,58</COAC>
    <CORS>58,58</CORS>
    <FOGN>58,58</FOGN>
    <FRAN>58,58</FRAN>
    <GREC>58,58</GREC>
    <MFTV>58,58</MFTV>
    <PRGP>130</PRGP>
    <ROSN>58,58</ROSN>
    <SLOV>58,58</SLOV>
    <SVIZ>58,58</SVIZ>
    <BSP>48</BSP>
  </Prezzi>
  <Prezzi>
    <Data>20140303</Data>
    <Mercato>MGP</Mercato>
    <Ora>22</Ora>
    <PUN>56,691403</PUN>
    <NAT>54</NAT>
    <CNOR>54</CNOR>
    <CSUD>54</CSUD>
    <NORD>54</NORD>
    <SARD>54</SARD>
    <SICI>93,28</SICI>
    <SUD>54</SUD>
    <AUST>54</AUST>
    <BRNN>54</BRNN>
    <COAC>54</COAC>
    <CORS>54</CORS>
    <FOGN>54</FOGN>
    <FRAN>54</FRAN>
    <GREC>54</GREC>
    <MFTV>54</MFTV>
    <PRGP>93,28</PRGP>
    <ROSN>54</ROSN>
    <SLOV>54</SLOV>
    <SVIZ>54</SVIZ>
    <BSP>39,47</BSP>
  </Prezzi>
  <Prezzi>
    <Data>20140303</Data>
    <Mercato>MGP</Mercato>
    <Ora>23</Ora>
    <PUN>52,999726</PUN>
    <NAT>50,42</NAT>
    <CNOR>52,85</CNOR>
    <CSUD>52,85</CSUD>
    <NORD>52,85</NORD>
    <SARD>52,85</SARD>
    <SICI>55</SICI>
    <SUD>52,85</SUD>
    <AUST>52,85</AUST>
    <BRNN>52,85</BRNN>
    <COAC>52,85</COAC>
    <CORS>52,85</CORS>
    <FOGN>52,85</FOGN>
    <FRAN>52,85</FRAN>
    <GREC>52,85</GREC>
    <MFTV>52,85</MFTV>
    <PRGP>55</PRGP>
    <ROSN>52,85</ROSN>
    <SLOV>52,85</SLOV>
    <SVIZ>52,85</SVIZ>
    <BSP>38,90</BSP>
  </Prezzi>
  <Prezzi>
    <Data>20140303</Data>
    <Mercato>MGP</Mercato>
    <Ora>24</Ora>
    <PUN>44,11</PUN>
    <NAT>42,50</NAT>
    <CNOR>44,11</CNOR>
    <CSUD>44,11</CSUD>
    <NORD>44,11</NORD>
    <SARD>44,11</SARD>
    <SICI>44,11</SICI>
    <SUD>44,11</SUD>
    <AUST>44,11</AUST>
    <BRNN>44,11</BRNN>
    <COAC>44,11</COAC>
    <CORS>44,11</CORS>
    <FOGN>44,11</FOGN>
    <FRAN>44,11</FRAN>
    <GREC>44,11</GREC>
    <MFTV>44,11</MFTV>
    <PRGP>44,11</PRGP>
    <ROSN>44,11</ROSN>
    <SLOV>44,11</SLOV>
    <SVIZ>44,11</SVIZ>
    <BSP>31,93</BSP>
  </Prezzi>
</NewDataSet>