<?xml version="1.0" standalone="yes"?>
<NewDataSet>
  <xs:schema id="NewDataSet" xmlns="" xmlns:xs="http://www.w3.org/2001/XMLSchema" xmlns:msdata="urn:schemas-microsoft-com:xml-msdata">
    <xs:element name="NewDataSet" msdata:IsDataSet="true" msdata:UseCurrentLocale="true">
      <xs:complexType>
        <xs:choice minOccurs="0" maxOccurs="unbounded">
          <xs:element name="Prezzi">
            <xs:complexType>
              <xs:sequence>
                <xs:element name="Data" type="xs:string" minOccurs="0" />
                <xs:element name="Mercato" type="xs:string" minOccurs="0" />
                <xs:element name="Ora" type="xs:string" minOccurs="0" />
                <xs:element name="PUN" type="xs:string" minOccurs="0" />
                <xs:element name="NAT" type="xs:string" minOccurs="0" />
                <xs:element name="CNOR" type="xs:string" minOccurs="0" />
                <xs:element name="CSUD" type="xs:string" minOccurs="0" />
                <xs:element name="NORD" type="xs:string" minOccurs="0" />
                <xs:element name="SARD" type="xs:string" minOccurs="0" />
                <xs:element name="SICI" type="xs:string" minOccurs="0" />
                <xs:element name="SUD" type="xs:string" minOccurs="0" />
                <xs:element name="AUST" type="xs:string" minOccurs="0" />
                <xs:element name="BRNN" type="xs:string" minOccurs="0" />
                <xs:element name="COAC" type="xs:string" minOccurs="0" />
                <xs:element name="CORS" type="xs:string" minOccurs="0" />
                <xs:element name="FOGN" type="xs:string" minOccurs="0" />
                <xs:element name="FRAN" type="xs:string" minOccurs="0" />
                <xs:element name="GREC" type="xs:string" minOccurs="0" />
                <xs:element name="MFTV" type="xs:string" minOccurs="0" />
                <xs:element name="PRGP" type="xs:string" minOccurs="0" />
                <xs:element name="ROSN" type="xs:string" minOccurs="0" />
                <xs:element name="SLOV" type="xs:string" minOccurs="0" />
                <xs:element name="SVIZ" type="xs:string" minOccurs="0" />
                <xs:element name="BSP" type="xs:string" minOccurs="0" />
              </xs:sequence>
            </xs:complexType>
          </xs:element>
        </xs:choice>
      </xs:complexType>
    </xs:element>
  </xs:schema>
  <Prezzi>
    <Data>20150129</Data>
    <Mercato>MGP</Mercato>
    <Ora>1</Ora>
    <PUN>43,500000</PUN>
    <NAT>42,900000</NAT>
    <CNOR>43,500000</CNOR>
    <CSUD>43,500000</CSUD>
    <NORD>43,500000</NORD>
    <SARD>43,500000</SARD>
    <SICI>43,500000</SICI>
    <SUD>43,500000</SUD>
    <AUST>43,500000</AUST>
    <BRNN>43,500000</BRNN>
    <COAC>43,500000</COAC>
    <CORS>43,500000</CORS>
    <FOGN>43,500000</FOGN>
    <FRAN>43,500000</FRAN>
    <GREC>43,500000</GREC>
    <MFTV>43,500000</MFTV>
    <PRGP>43,500000</PRGP>
    <ROSN>43,500000</ROSN>
    <SLOV>43,500000</SLOV>
    <SVIZ>43,500000</SVIZ>
    <BSP>33,000000</BSP>
  </Prezzi>
  <Prezzi>
    <Data>20150129</Data>
    <Mercato>MGP</Mercato>
    <Ora>2</Ora>
    <PUN>41,700000</PUN>
    <NAT>40,900000</NAT>
    <CNOR>41,700000</CNOR>
    <CSUD>41,700000</CSUD>
    <NORD>41,700000</NORD>
    <SARD>41,700000</SARD>
    <SICI>41,700000</SICI>
    <SUD>41,700000</SUD>
    <AUST>41,700000</AUST>
    <BRNN>41,700000</BRNN>
    <COAC>41,700000</COAC>
    <CORS>41,700000</CORS>
    <FOGN>41,700000</FOGN>
    <FRAN>41,700000</FRAN>
    <GREC>41,700000</GREC>
    <MFTV>41,700000</MFTV>
    <PRGP>41,700000</PRGP>
    <ROSN>41,700000</ROSN>
    <SLOV>41,700000</SLOV>
    <SVIZ>41,700000</SVIZ>
    <BSP>27,500000</BSP>
  </Prezzi>
  <Prezzi>
    <Data>20150129</Data>
    <Mercato>MGP</Mercato>
    <Ora>3</Ora>
    <PUN>41,070000</PUN>
    <NAT>40,500000</NAT>
    <CNOR>41,070000</CNOR>
    <CSUD>41,070000</CSUD>
    <NORD>41,070000</NORD>
    <SARD>41,070000</SARD>
    <SICI>41,070000</SICI>
    <SUD>41,070000</SUD>
    <AUST>41,070000</AUST>
    <BRNN>41,070000</BRNN>
    <COAC>41,070000</COAC>
    <CORS>41,070000</CORS>
    <FOGN>41,070000</FOGN>
    <FRAN>41,070000</FRAN>
    <GREC>41,070000</GREC>
    <MFTV>41,070000</MFTV>
    <PRGP>41,070000</PRGP>
    <ROSN>41,070000</ROSN>
    <SLOV>41,070000</SLOV>
    <SVIZ>41,070000</SVIZ>
    <BSP>24,390000</BSP>
  </Prezzi>
  <Prezzi>
    <Data>20150129</Data>
    <Mercato>MGP</Mercato>
    <Ora>4</Ora>
    <PUN>40,270000</PUN>
    <NAT>39,800000</NAT>
    <CNOR>40,270000</CNOR>
    <CSUD>40,270000</CSUD>
    <NORD>40,270000</NORD>
    <SARD>40,270000</SARD>
    <SICI>40,270000</SICI>
    <SUD>40,270000</SUD>
    <AUST>40,270000</AUST>
    <BRNN>40,270000</BRNN>
    <COAC>40,270000</COAC>
    <CORS>40,270000</CORS>
    <FOGN>40,270000</FOGN>
    <FRAN>40,270000</FRAN>
    <GREC>40,270000</GREC>
    <MFTV>40,270000</MFTV>
    <PRGP>40,270000</PRGP>
    <ROSN>40,270000</ROSN>
    <SLOV>40,270000</SLOV>
    <SVIZ>40,270000</SVIZ>
    <BSP>24,300000</BSP>
  </Prezzi>
  <Prezzi>
    <Data>20150129</Data>
    <Mercato>MGP</Mercato>
    <Ora>5</Ora>
    <PUN>41,870000</PUN>
    <NAT>40,700000</NAT>
    <CNOR>41,870000</CNOR>
    <CSUD>41,870000</CSUD>
    <NORD>41,870000</NORD>
    <SARD>41,870000</SARD>
    <SICI>41,870000</SICI>
    <SUD>41,870000</SUD>
    <AUST>41,870000</AUST>
    <BRNN>41,870000</BRNN>
    <COAC>41,870000</COAC>
    <CORS>41,870000</CORS>
    <FOGN>41,870000</FOGN>
    <FRAN>41,870000</FRAN>
    <GREC>41,870000</GREC>
    <MFTV>41,870000</MFTV>
    <PRGP>41,870000</PRGP>
    <ROSN>41,870000</ROSN>
    <SLOV>41,870000</SLOV>
    <SVIZ>41,870000</SVIZ>
    <BSP>26,880000</BSP>
  </Prezzi>
  <Prezzi>
    <Data>20150129</Data>
    <Mercato>MGP</Mercato>
    <Ora>6</Ora>
    <PUN>42,500000</PUN>
    <NAT>42,450000</NAT>
    <CNOR>42,500000</CNOR>
    <CSUD>42,500000</CSUD>
    <NORD>42,500000</NORD>
    <SARD>42,500000</SARD>
    <SICI>42,500000</SICI>
    <SUD>42,500000</SUD>
    <AUST>42,500000</AUST>
    <BRNN>42,500000</BRNN>
    <COAC>42,500000</COAC>
    <CORS>42,500000</CORS>
    <FOGN>42,500000</FOGN>
    <FRAN>42,500000</FRAN>
    <GREC>42,500000</GREC>
    <MFTV>42,500000</MFTV>
    <PRGP>42,500000</PRGP>
    <ROSN>42,500000</ROSN>
    <SLOV>42,500000</SLOV>
    <SVIZ>42,500000</SVIZ>
    <BSP>34,610000</BSP>
  </Prezzi>
  <Prezzi>
    <Data>20150129</Data>
    <Mercato>MGP</Mercato>
    <Ora>7</Ora>
    <PUN>52,124347</PUN>
    <NAT>50,990000</NAT>
    <CNOR>51,390000</CNOR>
    <CSUD>51,390000</CSUD>
    <NORD>51,390000</NORD>
    <SARD>51,390000</SARD>
    <SICI>65,300000</SICI>
    <SUD>51,390000</SUD>
    <AUST>51,390000</AUST>
    <BRNN>51,390000</BRNN>
    <COAC>51,390000</COAC>
    <CORS>51,390000</CORS>
    <FOGN>51,390000</FOGN>
    <FRAN>51,390000</FRAN>
    <GREC>51,390000</GREC>
    <MFTV>51,390000</MFTV>
    <PRGP>65,300000</PRGP>
    <ROSN>51,390000</ROSN>
    <SLOV>51,390000</SLOV>
    <SVIZ>51,390000</SVIZ>
    <BSP>46,600000</BSP>
  </Prezzi>
  <Prezzi>
    <Data>20150129</Data>
    <Mercato>MGP</Mercato>
    <Ora>8</Ora>
    <PUN>57,452907</PUN>
    <NAT>59,980000</NAT>
    <CNOR>57,030000</CNOR>
    <CSUD>57,030000</CSUD>
    <NORD>57,030000</NORD>
    <SARD>57,030000</SARD>
    <SICI>65,480000</SICI>
    <SUD>57,030000</SUD>
    <AUST>57,030000</AUST>
    <BRNN>57,030000</BRNN>
    <COAC>57,030000</COAC>
    <CORS>57,030000</CORS>
    <FOGN>57,030000</FOGN>
    <FRAN>57,030000</FRAN>
    <GREC>57,030000</GREC>
    <MFTV>57,030000</MFTV>
    <PRGP>65,480000</PRGP>
    <ROSN>57,030000</ROSN>
    <SLOV>57,030000</SLOV>
    <SVIZ>57,030000</SVIZ>
    <BSP>57,000000</BSP>
  </Prezzi>
  <Prezzi>
    <Data>20150129</Data>
    <Mercato>MGP</Mercato>
    <Ora>9</Ora>
    <PUN>63,115058</PUN>
    <NAT>63,510000</NAT>
    <CNOR>62,990000</CNOR>
    <CSUD>62,990000</CSUD>
    <NORD>62,990000</NORD>
    <SARD>62,990000</SARD>
    <SICI>65,480000</SICI>
    <SUD>62,990000</SUD>
    <AUST>62,990000</AUST>
    <BRNN>62,990000</BRNN>
    <COAC>62,990000</COAC>
    <CORS>62,990000</CORS>
    <FOGN>62,990000</FOGN>
    <FRAN>62,990000</FRAN>
    <GREC>62,990000</GREC>
    <MFTV>62,990000</MFTV>
    <PRGP>65,480000</PRGP>
    <ROSN>62,990000</ROSN>
    <SLOV>62,990000</SLOV>
    <SVIZ>62,990000</SVIZ>
    <BSP>62,300000</BSP>
  </Prezzi>
  <Prezzi>
    <Data>20150129</Data>
    <Mercato>MGP</Mercato>
    <Ora>10</Ora>
    <PUN>62,345430</PUN>
    <NAT>62,990000</NAT>
    <CNOR>62,180000</CNOR>
    <CSUD>62,180000</CSUD>
    <NORD>62,180000</NORD>
    <SARD>62,180000</SARD>
    <SICI>65,480000</SICI>
    <SUD>62,180000</SUD>
    <AUST>62,180000</AUST>
    <BRNN>62,180000</BRNN>
    <COAC>62,180000</COAC>
    <CORS>62,180000</CORS>
    <FOGN>62,180000</FOGN>
    <FRAN>62,180000</FRAN>
    <GREC>62,180000</GREC>
    <MFTV>62,180000</MFTV>
    <PRGP>65,480000</PRGP>
    <ROSN>62,180000</ROSN>
    <SLOV>62,180000</SLOV>
    <SVIZ>62,180000</SVIZ>
    <BSP>61,320000</BSP>
  </Prezzi>
  <Prezzi>
    <Data>20150129</Data>
    <Mercato>MGP</Mercato>
    <Ora>11</Ora>
    <PUN>58,766256</PUN>
    <NAT>59,980000</NAT>
    <CNOR>58,440000</CNOR>
    <CSUD>58,440000</CSUD>
    <NORD>58,440000</NORD>
    <SARD>58,440000</SARD>
    <SICI>65,300000</SICI>
    <SUD>58,440000</SUD>
    <AUST>58,440000</AUST>
    <BRNN>58,440000</BRNN>
    <COAC>58,440000</COAC>
    <CORS>58,440000</CORS>
    <FOGN>58,440000</FOGN>
    <FRAN>58,440000</FRAN>
    <GREC>58,440000</GREC>
    <MFTV>58,440000</MFTV>
    <PRGP>65,300000</PRGP>
    <ROSN>58,440000</ROSN>
    <SLOV>58,440000</SLOV>
    <SVIZ>58,440000</SVIZ>
    <BSP>56,030000</BSP>
  </Prezzi>
  <Prezzi>
    <Data>20150129</Data>
    <Mercato>MGP</Mercato>
    <Ora>12</Ora>
    <PUN>54,486987</PUN>
    <NAT>54,240000</NAT>
    <CNOR>54,000000</CNOR>
    <CSUD>54,000000</CSUD>
    <NORD>54,000000</NORD>
    <SARD>54,000000</SARD>
    <SICI>65,300000</SICI>
    <SUD>53,460000</SUD>
    <AUST>54,000000</AUST>
    <BRNN>53,460000</BRNN>
    <COAC>54,000000</COAC>
    <CORS>54,000000</CORS>
    <FOGN>53,460000</FOGN>
    <FRAN>54,000000</FRAN>
    <GREC>53,460000</GREC>
    <MFTV>54,000000</MFTV>
    <PRGP>65,300000</PRGP>
    <ROSN>53,460000</ROSN>
    <SLOV>54,000000</SLOV>
    <SVIZ>54,000000</SVIZ>
    <BSP>54,000000</BSP>
  </Prezzi>
  <Prezzi>
    <Data>20150129</Data>
    <Mercato>MGP</Mercato>
    <Ora>13</Ora>
    <PUN>51,454639</PUN>
    <NAT>50,790000</NAT>
    <CNOR>50,730000</CNOR>
    <CSUD>50,730000</CSUD>
    <NORD>50,730000</NORD>
    <SARD>50,730000</SARD>
    <SICI>65,300000</SICI>
    <SUD>50,730000</SUD>
    <AUST>50,730000</AUST>
    <BRNN>50,730000</BRNN>
    <COAC>50,730000</COAC>
    <CORS>50,730000</CORS>
    <FOGN>50,730000</FOGN>
    <FRAN>50,730000</FRAN>
    <GREC>50,730000</GREC>
    <MFTV>50,730000</MFTV>
    <PRGP>65,300000</PRGP>
    <ROSN>50,730000</ROSN>
    <SLOV>50,730000</SLOV>
    <SVIZ>50,730000</SVIZ>
    <BSP>50,730000</BSP>
  </Prezzi>
  <Prezzi>
    <Data>20150129</Data>
    <Mercato>MGP</Mercato>
    <Ora>14</Ora>
    <PUN>50,781079</PUN>
    <NAT>50,060000</NAT>
    <CNOR>50,030000</CNOR>
    <CSUD>50,030000</CSUD>
    <NORD>50,030000</NORD>
    <SARD>50,030000</SARD>
    <SICI>65,300000</SICI>
    <SUD>50,030000</SUD>
    <AUST>50,030000</AUST>
    <BRNN>50,030000</BRNN>
    <COAC>50,030000</COAC>
    <CORS>50,030000</CORS>
    <FOGN>50,030000</FOGN>
    <FRAN>50,030000</FRAN>
    <GREC>50,030000</GREC>
    <MFTV>50,030000</MFTV>
    <PRGP>65,300000</PRGP>
    <ROSN>50,030000</ROSN>
    <SLOV>50,030000</SLOV>
    <SVIZ>50,030000</SVIZ>
    <BSP>50,030000</BSP>
  </Prezzi>
  <Prezzi>
    <Data>20150129</Data>
    <Mercato>MGP</Mercato>
    <Ora>15</Ora>
    <PUN>52,466412</PUN>
    <NAT>51,800000</NAT>
    <CNOR>51,800000</CNOR>
    <CSUD>51,800000</CSUD>
    <NORD>51,800000</NORD>
    <SARD>51,800000</SARD>
    <SICI>65,480000</SICI>
    <SUD>51,800000</SUD>
    <AUST>51,800000</AUST>
    <BRNN>51,800000</BRNN>
    <COAC>51,800000</COAC>
    <CORS>51,800000</CORS>
    <FOGN>51,800000</FOGN>
    <FRAN>51,800000</FRAN>
    <GREC>51,800000</GREC>
    <MFTV>51,800000</MFTV>
    <PRGP>65,480000</PRGP>
    <ROSN>51,800000</ROSN>
    <SLOV>51,800000</SLOV>
    <SVIZ>51,800000</SVIZ>
    <BSP>50,870000</BSP>
  </Prezzi>
  <Prezzi>
    <Data>20150129</Data>
    <Mercato>MGP</Mercato>
    <Ora>16</Ora>
    <PUN>53,263664</PUN>
    <NAT>52,800000</NAT>
    <CNOR>52,640000</CNOR>
    <CSUD>52,640000</CSUD>
    <NORD>52,640000</NORD>
    <SARD>52,640000</SARD>
    <SICI>65,480000</SICI>
    <SUD>52,640000</SUD>
    <AUST>52,640000</AUST>
    <BRNN>52,640000</BRNN>
    <COAC>52,640000</COAC>
    <CORS>52,640000</CORS>
    <FOGN>52,640000</FOGN>
    <FRAN>52,640000</FRAN>
    <GREC>52,640000</GREC>
    <MFTV>52,640000</MFTV>
    <PRGP>65,480000</PRGP>
    <ROSN>52,640000</ROSN>
    <SLOV>52,640000</SLOV>
    <SVIZ>52,640000</SVIZ>
    <BSP>51,240000</BSP>
  </Prezzi>
  <Prezzi>
    <Data>20150129</Data>
    <Mercato>MGP</Mercato>
    <Ora>17</Ora>
    <PUN>54,655787</PUN>
    <NAT>54,940000</NAT>
    <CNOR>54,070000</CNOR>
    <CSUD>54,070000</CSUD>
    <NORD>54,070000</NORD>
    <SARD>54,070000</SARD>
    <SICI>65,480000</SICI>
    <SUD>54,070000</SUD>
    <AUST>54,070000</AUST>
    <BRNN>54,070000</BRNN>
    <COAC>54,070000</COAC>
    <CORS>54,070000</CORS>
    <FOGN>54,070000</FOGN>
    <FRAN>54,070000</FRAN>
    <GREC>54,070000</GREC>
    <MFTV>54,070000</MFTV>
    <PRGP>65,480000</PRGP>
    <ROSN>54,070000</ROSN>
    <SLOV>54,070000</SLOV>
    <SVIZ>54,070000</SVIZ>
    <BSP>54,070000</BSP>
  </Prezzi>
  <Prezzi>
    <Data>20150129</Data>
    <Mercato>MGP</Mercato>
    <Ora>18</Ora>
    <PUN>62,760787</PUN>
    <NAT>63,190000</NAT>
    <CNOR>62,490000</CNOR>
    <CSUD>62,490000</CSUD>
    <NORD>62,490000</NORD>
    <SARD>62,490000</SARD>
    <SICI>67,360000</SICI>
    <SUD>62,490000</SUD>
    <AUST>62,490000</AUST>
    <BRNN>62,490000</BRNN>
    <COAC>62,490000</COAC>
    <CORS>62,490000</CORS>
    <FOGN>62,490000</FOGN>
    <FRAN>62,490000</FRAN>
    <GREC>62,490000</GREC>
    <MFTV>62,490000</MFTV>
    <PRGP>67,360000</PRGP>
    <ROSN>62,490000</ROSN>
    <SLOV>62,490000</SLOV>
    <SVIZ>62,490000</SVIZ>
    <BSP>62,490000</BSP>
  </Prezzi>
  <Prezzi>
    <Data>20150129</Data>
    <Mercato>MGP</Mercato>
    <Ora>19</Ora>
    <PUN>60,883868</PUN>
    <NAT>62,000000</NAT>
    <CNOR>60,480000</CNOR>
    <CSUD>60,480000</CSUD>
    <NORD>60,480000</NORD>
    <SARD>60,480000</SARD>
    <SICI>67,360000</SICI>
    <SUD>60,480000</SUD>
    <AUST>60,480000</AUST>
    <BRNN>60,480000</BRNN>
    <COAC>60,480000</COAC>
    <CORS>60,480000</CORS>
    <FOGN>60,480000</FOGN>
    <FRAN>60,480000</FRAN>
    <GREC>60,480000</GREC>
    <MFTV>60,480000</MFTV>
    <PRGP>67,360000</PRGP>
    <ROSN>60,480000</ROSN>
    <SLOV>60,480000</SLOV>
    <SVIZ>60,480000</SVIZ>
    <BSP>60,480000</BSP>
  </Prezzi>
  <Prezzi>
    <Data>20150129</Data>
    <Mercato>MGP</Mercato>
    <Ora>20</Ora>
    <PUN>56,755859</PUN>
    <NAT>57,170000</NAT>
    <CNOR>56,380000</CNOR>
    <CSUD>56,380000</CSUD>
    <NORD>55,760000</NORD>
    <SARD>56,380000</SARD>
    <SICI>67,380000</SICI>
    <SUD>56,380000</SUD>
    <AUST>55,760000</AUST>
    <BRNN>56,380000</BRNN>
    <COAC>56,380000</COAC>
    <CORS>56,380000</CORS>
    <FOGN>56,380000</FOGN>
    <FRAN>55,760000</FRAN>
    <GREC>56,380000</GREC>
    <MFTV>55,760000</MFTV>
    <PRGP>67,380000</PRGP>
    <ROSN>56,380000</ROSN>
    <SLOV>55,760000</SLOV>
    <SVIZ>55,760000</SVIZ>
    <BSP>55,760000</BSP>
  </Prezzi>
  <Prezzi>
    <Data>20150129</Data>
    <Mercato>MGP</Mercato>
    <Ora>21</Ora>
    <PUN>53,791632</PUN>
    <NAT>53,340000</NAT>
    <CNOR>52,880000</CNOR>
    <CSUD>52,880000</CSUD>
    <NORD>52,790000</NORD>
    <SARD>52,880000</SARD>
    <SICI>67,360000</SICI>
    <SUD>52,880000</SUD>
    <AUST>52,790000</AUST>
    <BRNN>52,880000</BRNN>
    <COAC>52,880000</COAC>
    <CORS>52,880000</CORS>
    <FOGN>52,880000</FOGN>
    <FRAN>52,790000</FRAN>
    <GREC>52,880000</GREC>
    <MFTV>52,790000</MFTV>
    <PRGP>67,360000</PRGP>
    <ROSN>52,880000</ROSN>
    <SLOV>52,790000</SLOV>
    <SVIZ>52,790000</SVIZ>
    <BSP>52,790000</BSP>
  </Prezzi>
  <Prezzi>
    <Data>20150129</Data>
    <Mercato>MGP</Mercato>
    <Ora>22</Ora>
    <PUN>51,838961</PUN>
    <NAT>51,910000</NAT>
    <CNOR>50,750000</CNOR>
    <CSUD>50,750000</CSUD>
    <NORD>50,750000</NORD>
    <SARD>50,750000</SARD>
    <SICI>67,360000</SICI>
    <SUD>50,750000</SUD>
    <AUST>50,750000</AUST>
    <BRNN>50,750000</BRNN>
    <COAC>50,750000</COAC>
    <CORS>50,750000</CORS>
    <FOGN>50,750000</FOGN>
    <FRAN>50,750000</FRAN>
    <GREC>50,750000</GREC>
    <MFTV>50,750000</MFTV>
    <PRGP>67,360000</PRGP>
    <ROSN>50,750000</ROSN>
    <SLOV>50,750000</SLOV>
    <SVIZ>50,750000</SVIZ>
    <BSP>42,750000</BSP>
  </Prezzi>
  <Prezzi>
    <Data>20150129</Data>
    <Mercato>MGP</Mercato>
    <Ora>23</Ora>
    <PUN>49,223726</PUN>
    <NAT>48,740000</NAT>
    <CNOR>48,100000</CNOR>
    <CSUD>48,100000</CSUD>
    <NORD>48,100000</NORD>
    <SARD>48,100000</SARD>
    <SICI>65,480000</SICI>
    <SUD>48,100000</SUD>
    <AUST>48,100000</AUST>
    <BRNN>48,100000</BRNN>
    <COAC>48,100000</COAC>
    <CORS>48,100000</CORS>
    <FOGN>48,100000</FOGN>
    <FRAN>48,100000</FRAN>
    <GREC>48,100000</GREC>
    <MFTV>48,100000</MFTV>
    <PRGP>65,480000</PRGP>
    <ROSN>48,100000</ROSN>
    <SLOV>48,100000</SLOV>
    <SVIZ>48,100000</SVIZ>
    <BSP>39,980000</BSP>
  </Prezzi>
  <Prezzi>
    <Data>20150129</Data>
    <Mercato>MGP</Mercato>
    <Ora>24</Ora>
    <PUN>45,000000</PUN>
    <NAT>44,010000</NAT>
    <CNOR>45,000000</CNOR>
    <CSUD>45,000000</CSUD>
    <NORD>45,000000</NORD>
    <SARD>45,000000</SARD>
    <SICI>45,000000</SICI>
    <SUD>45,000000</SUD>
    <AUST>45,000000</AUST>
    <BRNN>45,000000</BRNN>
    <COAC>45,000000</COAC>
    <CORS>45,000000</CORS>
    <FOGN>45,000000</FOGN>
    <FRAN>45,000000</FRAN>
    <GREC>45,000000</GREC>
    <MFTV>45,000000</MFTV>
    <PRGP>45,000000</PRGP>
    <ROSN>45,000000</ROSN>
    <SLOV>45,000000</SLOV>
    <SVIZ>45,000000</SVIZ>
    <BSP>29,200000</BSP>
  </Prezzi>
</NewDataSet>