<?xml version="1.0" standalone="yes"?>
<NewDataSet>
  <xs:schema id="NewDataSet" xmlns="" xmlns:xs="http://www.w3.org/2001/XMLSchema" xmlns:msdata="urn:schemas-microsoft-com:xml-msdata">
    <xs:element name="NewDataSet" msdata:IsDataSet="true" msdata:UseCurrentLocale="true">
      <xs:complexType>
        <xs:choice minOccurs="0" maxOccurs="unbounded">
          <xs:element name="Prezzi">
            <xs:complexType>
              <xs:sequence>
                <xs:element name="Data" type="xs:string" minOccurs="0" />
                <xs:element name="Mercato" type="xs:string" minOccurs="0" />
                <xs:element name="Ora" type="xs:string" minOccurs="0" />
                <xs:element name="PUN" type="xs:string" minOccurs="0" />
                <xs:element name="NAT" type="xs:string" minOccurs="0" />
                <xs:element name="CNOR" type="xs:string" minOccurs="0" />
                <xs:element name="CSUD" type="xs:string" minOccurs="0" />
                <xs:element name="NORD" type="xs:string" minOccurs="0" />
                <xs:element name="SARD" type="xs:string" minOccurs="0" />
                <xs:element name="SICI" type="xs:string" minOccurs="0" />
                <xs:element name="SUD" type="xs:string" minOccurs="0" />
                <xs:element name="AUST" type="xs:string" minOccurs="0" />
                <xs:element name="BRNN" type="xs:string" minOccurs="0" />
                <xs:element name="COAC" type="xs:string" minOccurs="0" />
                <xs:element name="CORS" type="xs:string" minOccurs="0" />
                <xs:element name="FOGN" type="xs:string" minOccurs="0" />
                <xs:element name="FRAN" type="xs:string" minOccurs="0" />
                <xs:element name="GREC" type="xs:string" minOccurs="0" />
                <xs:element name="MFTV" type="xs:string" minOccurs="0" />
                <xs:element name="PRGP" type="xs:string" minOccurs="0" />
                <xs:element name="ROSN" type="xs:string" minOccurs="0" />
                <xs:element name="SLOV" type="xs:string" minOccurs="0" />
                <xs:element name="SVIZ" type="xs:string" minOccurs="0" />
                <xs:element name="BSP" type="xs:string" minOccurs="0" />
              </xs:sequence>
            </xs:complexType>
          </xs:element>
        </xs:choice>
      </xs:complexType>
    </xs:element>
  </xs:schema>
  <Prezzi>
    <Data>20150128</Data>
    <Mercato>MGP</Mercato>
    <Ora>1</Ora>
    <PUN>44,730000</PUN>
    <NAT>43,980000</NAT>
    <CNOR>43,374424</CNOR>
    <CSUD>43,374424</CSUD>
    <NORD>43,374424</NORD>
    <SARD>43,374424</SARD>
    <SICI>65,480000</SICI>
    <SUD>43,374424</SUD>
    <AUST>43,374424</AUST>
    <BRNN>43,374424</BRNN>
    <COAC>43,374424</COAC>
    <CORS>43,374424</CORS>
    <FOGN>43,374424</FOGN>
    <FRAN>43,374424</FRAN>
    <GREC>43,374424</GREC>
    <MFTV>43,374424</MFTV>
    <PRGP>65,480000</PRGP>
    <ROSN>43,374424</ROSN>
    <SLOV>43,374424</SLOV>
    <SVIZ>43,374424</SVIZ>
    <BSP>33,350000</BSP>
  </Prezzi>
  <Prezzi>
    <Data>20150128</Data>
    <Mercato>MGP</Mercato>
    <Ora>2</Ora>
    <PUN>42,803873</PUN>
    <NAT>41,090000</NAT>
    <CNOR>41,490000</CNOR>
    <CSUD>41,490000</CSUD>
    <NORD>41,490000</NORD>
    <SARD>41,490000</SARD>
    <SICI>65,300000</SICI>
    <SUD>41,490000</SUD>
    <AUST>41,490000</AUST>
    <BRNN>41,490000</BRNN>
    <COAC>41,490000</COAC>
    <CORS>41,490000</CORS>
    <FOGN>41,490000</FOGN>
    <FRAN>41,490000</FRAN>
    <GREC>41,490000</GREC>
    <MFTV>41,490000</MFTV>
    <PRGP>65,300000</PRGP>
    <ROSN>41,490000</ROSN>
    <SLOV>41,490000</SLOV>
    <SVIZ>41,490000</SVIZ>
    <BSP>26,780000</BSP>
  </Prezzi>
  <Prezzi>
    <Data>20150128</Data>
    <Mercato>MGP</Mercato>
    <Ora>3</Ora>
    <PUN>42,072366</PUN>
    <NAT>40,010000</NAT>
    <CNOR>40,720000</CNOR>
    <CSUD>40,720000</CSUD>
    <NORD>40,720000</NORD>
    <SARD>40,720000</SARD>
    <SICI>65,300000</SICI>
    <SUD>40,720000</SUD>
    <AUST>40,720000</AUST>
    <BRNN>40,720000</BRNN>
    <COAC>40,720000</COAC>
    <CORS>40,720000</CORS>
    <FOGN>40,720000</FOGN>
    <FRAN>40,720000</FRAN>
    <GREC>40,720000</GREC>
    <MFTV>40,720000</MFTV>
    <PRGP>65,300000</PRGP>
    <ROSN>40,720000</ROSN>
    <SLOV>40,720000</SLOV>
    <SVIZ>40,720000</SVIZ>
    <BSP>24,730000</BSP>
  </Prezzi>
  <Prezzi>
    <Data>20150128</Data>
    <Mercato>MGP</Mercato>
    <Ora>4</Ora>
    <PUN>40,228974</PUN>
    <NAT>38,170000</NAT>
    <CNOR>38,790000</CNOR>
    <CSUD>38,790000</CSUD>
    <NORD>38,790000</NORD>
    <SARD>38,790000</SARD>
    <SICI>65,300000</SICI>
    <SUD>38,790000</SUD>
    <AUST>38,790000</AUST>
    <BRNN>38,790000</BRNN>
    <COAC>38,790000</COAC>
    <CORS>38,790000</CORS>
    <FOGN>38,790000</FOGN>
    <FRAN>38,790000</FRAN>
    <GREC>38,790000</GREC>
    <MFTV>38,790000</MFTV>
    <PRGP>65,300000</PRGP>
    <ROSN>38,790000</ROSN>
    <SLOV>38,790000</SLOV>
    <SVIZ>38,790000</SVIZ>
    <BSP>24,300000</BSP>
  </Prezzi>
  <Prezzi>
    <Data>20150128</Data>
    <Mercato>MGP</Mercato>
    <Ora>5</Ora>
    <PUN>38,213090</PUN>
    <NAT>36,500000</NAT>
    <CNOR>36,670000</CNOR>
    <CSUD>36,670000</CSUD>
    <NORD>36,670000</NORD>
    <SARD>36,670000</SARD>
    <SICI>65,300000</SICI>
    <SUD>36,670000</SUD>
    <AUST>36,670000</AUST>
    <BRNN>36,670000</BRNN>
    <COAC>36,670000</COAC>
    <CORS>36,670000</CORS>
    <FOGN>36,670000</FOGN>
    <FRAN>36,670000</FRAN>
    <GREC>36,670000</GREC>
    <MFTV>36,670000</MFTV>
    <PRGP>65,300000</PRGP>
    <ROSN>36,670000</ROSN>
    <SLOV>36,670000</SLOV>
    <SVIZ>36,670000</SVIZ>
    <BSP>26,900000</BSP>
  </Prezzi>
  <Prezzi>
    <Data>20150128</Data>
    <Mercato>MGP</Mercato>
    <Ora>6</Ora>
    <PUN>41,662519</PUN>
    <NAT>40,360000</NAT>
    <CNOR>40,380000</CNOR>
    <CSUD>40,380000</CSUD>
    <NORD>40,380000</NORD>
    <SARD>40,380000</SARD>
    <SICI>65,300000</SICI>
    <SUD>40,380000</SUD>
    <AUST>40,380000</AUST>
    <BRNN>40,380000</BRNN>
    <COAC>40,380000</COAC>
    <CORS>40,380000</CORS>
    <FOGN>40,380000</FOGN>
    <FRAN>40,380000</FRAN>
    <GREC>40,380000</GREC>
    <MFTV>40,380000</MFTV>
    <PRGP>65,300000</PRGP>
    <ROSN>40,380000</ROSN>
    <SLOV>40,380000</SLOV>
    <SVIZ>40,380000</SVIZ>
    <BSP>36,900000</BSP>
  </Prezzi>
  <Prezzi>
    <Data>20150128</Data>
    <Mercato>MGP</Mercato>
    <Ora>7</Ora>
    <PUN>50,562364</PUN>
    <NAT>49,830000</NAT>
    <CNOR>49,750000</CNOR>
    <CSUD>49,750000</CSUD>
    <NORD>49,750000</NORD>
    <SARD>49,750000</SARD>
    <SICI>65,300000</SICI>
    <SUD>49,750000</SUD>
    <AUST>49,750000</AUST>
    <BRNN>49,750000</BRNN>
    <COAC>49,750000</COAC>
    <CORS>49,750000</CORS>
    <FOGN>49,750000</FOGN>
    <FRAN>49,750000</FRAN>
    <GREC>49,750000</GREC>
    <MFTV>49,750000</MFTV>
    <PRGP>65,300000</PRGP>
    <ROSN>49,750000</ROSN>
    <SLOV>49,750000</SLOV>
    <SVIZ>49,750000</SVIZ>
    <BSP>48,500000</BSP>
  </Prezzi>
  <Prezzi>
    <Data>20150128</Data>
    <Mercato>MGP</Mercato>
    <Ora>8</Ora>
    <PUN>60,253850</PUN>
    <NAT>60,990000</NAT>
    <CNOR>59,980000</CNOR>
    <CSUD>59,980000</CSUD>
    <NORD>59,980000</NORD>
    <SARD>59,980000</SARD>
    <SICI>65,480000</SICI>
    <SUD>59,980000</SUD>
    <AUST>59,980000</AUST>
    <BRNN>59,980000</BRNN>
    <COAC>59,980000</COAC>
    <CORS>59,980000</CORS>
    <FOGN>59,980000</FOGN>
    <FRAN>59,980000</FRAN>
    <GREC>59,980000</GREC>
    <MFTV>59,980000</MFTV>
    <PRGP>65,480000</PRGP>
    <ROSN>59,980000</ROSN>
    <SLOV>59,980000</SLOV>
    <SVIZ>59,980000</SVIZ>
    <BSP>59,980000</BSP>
  </Prezzi>
  <Prezzi>
    <Data>20150128</Data>
    <Mercato>MGP</Mercato>
    <Ora>9</Ora>
    <PUN>62,641756</PUN>
    <NAT>64,990000</NAT>
    <CNOR>62,390000</CNOR>
    <CSUD>62,390000</CSUD>
    <NORD>62,390000</NORD>
    <SARD>62,390000</SARD>
    <SICI>67,360000</SICI>
    <SUD>62,390000</SUD>
    <AUST>62,390000</AUST>
    <BRNN>62,390000</BRNN>
    <COAC>62,390000</COAC>
    <CORS>62,390000</CORS>
    <FOGN>62,390000</FOGN>
    <FRAN>62,390000</FRAN>
    <GREC>62,390000</GREC>
    <MFTV>62,390000</MFTV>
    <PRGP>67,360000</PRGP>
    <ROSN>62,390000</ROSN>
    <SLOV>62,390000</SLOV>
    <SVIZ>62,390000</SVIZ>
    <BSP>62,090000</BSP>
  </Prezzi>
  <Prezzi>
    <Data>20150128</Data>
    <Mercato>MGP</Mercato>
    <Ora>10</Ora>
    <PUN>61,310446</PUN>
    <NAT>62,990000</NAT>
    <CNOR>60,990000</CNOR>
    <CSUD>60,990000</CSUD>
    <NORD>60,990000</NORD>
    <SARD>60,990000</SARD>
    <SICI>67,360000</SICI>
    <SUD>60,990000</SUD>
    <AUST>60,990000</AUST>
    <BRNN>60,990000</BRNN>
    <COAC>60,990000</COAC>
    <CORS>60,990000</CORS>
    <FOGN>60,990000</FOGN>
    <FRAN>60,990000</FRAN>
    <GREC>60,990000</GREC>
    <MFTV>60,990000</MFTV>
    <PRGP>67,360000</PRGP>
    <ROSN>60,990000</ROSN>
    <SLOV>60,990000</SLOV>
    <SVIZ>60,990000</SVIZ>
    <BSP>58,240000</BSP>
  </Prezzi>
  <Prezzi>
    <Data>20150128</Data>
    <Mercato>MGP</Mercato>
    <Ora>11</Ora>
    <PUN>54,843441</PUN>
    <NAT>56,050000</NAT>
    <CNOR>54,300000</CNOR>
    <CSUD>54,300000</CSUD>
    <NORD>54,300000</NORD>
    <SARD>54,300000</SARD>
    <SICI>65,480000</SICI>
    <SUD>54,300000</SUD>
    <AUST>54,300000</AUST>
    <BRNN>54,300000</BRNN>
    <COAC>54,300000</COAC>
    <CORS>54,300000</CORS>
    <FOGN>54,300000</FOGN>
    <FRAN>54,300000</FRAN>
    <GREC>54,300000</GREC>
    <MFTV>54,300000</MFTV>
    <PRGP>65,480000</PRGP>
    <ROSN>54,300000</ROSN>
    <SLOV>54,300000</SLOV>
    <SVIZ>54,300000</SVIZ>
    <BSP>54,300000</BSP>
  </Prezzi>
  <Prezzi>
    <Data>20150128</Data>
    <Mercato>MGP</Mercato>
    <Ora>12</Ora>
    <PUN>52,650970</PUN>
    <NAT>52,420000</NAT>
    <CNOR>52,000000</CNOR>
    <CSUD>52,000000</CSUD>
    <NORD>52,000000</NORD>
    <SARD>52,000000</SARD>
    <SICI>65,480000</SICI>
    <SUD>52,000000</SUD>
    <AUST>52,000000</AUST>
    <BRNN>52,000000</BRNN>
    <COAC>52,000000</COAC>
    <CORS>52,000000</CORS>
    <FOGN>52,000000</FOGN>
    <FRAN>52,000000</FRAN>
    <GREC>52,000000</GREC>
    <MFTV>52,000000</MFTV>
    <PRGP>65,480000</PRGP>
    <ROSN>52,000000</ROSN>
    <SLOV>52,000000</SLOV>
    <SVIZ>52,000000</SVIZ>
    <BSP>52,000000</BSP>
  </Prezzi>
  <Prezzi>
    <Data>20150128</Data>
    <Mercato>MGP</Mercato>
    <Ora>13</Ora>
    <PUN>50,594406</PUN>
    <NAT>49,850000</NAT>
    <CNOR>49,800000</CNOR>
    <CSUD>49,800000</CSUD>
    <NORD>49,800000</NORD>
    <SARD>49,800000</SARD>
    <SICI>65,480000</SICI>
    <SUD>49,800000</SUD>
    <AUST>49,800000</AUST>
    <BRNN>49,800000</BRNN>
    <COAC>49,800000</COAC>
    <CORS>49,800000</CORS>
    <FOGN>49,800000</FOGN>
    <FRAN>49,800000</FRAN>
    <GREC>49,800000</GREC>
    <MFTV>49,800000</MFTV>
    <PRGP>65,480000</PRGP>
    <ROSN>49,800000</ROSN>
    <SLOV>49,800000</SLOV>
    <SVIZ>49,800000</SVIZ>
    <BSP>49,470000</BSP>
  </Prezzi>
  <Prezzi>
    <Data>20150128</Data>
    <Mercato>MGP</Mercato>
    <Ora>14</Ora>
    <PUN>50,290609</PUN>
    <NAT>49,630000</NAT>
    <CNOR>49,500000</CNOR>
    <CSUD>49,500000</CSUD>
    <NORD>49,500000</NORD>
    <SARD>49,500000</SARD>
    <SICI>65,300000</SICI>
    <SUD>49,500000</SUD>
    <AUST>49,500000</AUST>
    <BRNN>49,500000</BRNN>
    <COAC>49,500000</COAC>
    <CORS>49,500000</CORS>
    <FOGN>49,500000</FOGN>
    <FRAN>49,500000</FRAN>
    <GREC>49,500000</GREC>
    <MFTV>49,500000</MFTV>
    <PRGP>65,300000</PRGP>
    <ROSN>49,500000</ROSN>
    <SLOV>49,500000</SLOV>
    <SVIZ>49,500000</SVIZ>
    <BSP>48,110000</BSP>
  </Prezzi>
  <Prezzi>
    <Data>20150128</Data>
    <Mercato>MGP</Mercato>
    <Ora>15</Ora>
    <PUN>51,091965</PUN>
    <NAT>50,550000</NAT>
    <CNOR>50,350000</CNOR>
    <CSUD>50,350000</CSUD>
    <NORD>50,350000</NORD>
    <SARD>50,350000</SARD>
    <SICI>65,300000</SICI>
    <SUD>50,350000</SUD>
    <AUST>50,350000</AUST>
    <BRNN>50,350000</BRNN>
    <COAC>50,350000</COAC>
    <CORS>50,350000</CORS>
    <FOGN>50,350000</FOGN>
    <FRAN>50,350000</FRAN>
    <GREC>50,350000</GREC>
    <MFTV>50,350000</MFTV>
    <PRGP>65,300000</PRGP>
    <ROSN>50,350000</ROSN>
    <SLOV>50,350000</SLOV>
    <SVIZ>50,350000</SVIZ>
    <BSP>48,870000</BSP>
  </Prezzi>
  <Prezzi>
    <Data>20150128</Data>
    <Mercato>MGP</Mercato>
    <Ora>16</Ora>
    <PUN>53,114024</PUN>
    <NAT>52,740000</NAT>
    <CNOR>52,470000</CNOR>
    <CSUD>52,470000</CSUD>
    <NORD>52,470000</NORD>
    <SARD>52,470000</SARD>
    <SICI>65,300000</SICI>
    <SUD>52,470000</SUD>
    <AUST>52,470000</AUST>
    <BRNN>52,470000</BRNN>
    <COAC>52,470000</COAC>
    <CORS>52,470000</CORS>
    <FOGN>52,470000</FOGN>
    <FRAN>52,470000</FRAN>
    <GREC>52,470000</GREC>
    <MFTV>52,470000</MFTV>
    <PRGP>65,300000</PRGP>
    <ROSN>52,470000</ROSN>
    <SLOV>52,470000</SLOV>
    <SVIZ>52,470000</SVIZ>
    <BSP>49,700000</BSP>
  </Prezzi>
  <Prezzi>
    <Data>20150128</Data>
    <Mercato>MGP</Mercato>
    <Ora>17</Ora>
    <PUN>53,649682</PUN>
    <NAT>53,980000</NAT>
    <CNOR>53,010000</CNOR>
    <CSUD>53,010000</CSUD>
    <NORD>53,010000</NORD>
    <SARD>53,010000</SARD>
    <SICI>65,300000</SICI>
    <SUD>53,010000</SUD>
    <AUST>53,010000</AUST>
    <BRNN>53,010000</BRNN>
    <COAC>53,010000</COAC>
    <CORS>53,010000</CORS>
    <FOGN>53,010000</FOGN>
    <FRAN>53,010000</FRAN>
    <GREC>53,010000</GREC>
    <MFTV>53,010000</MFTV>
    <PRGP>65,300000</PRGP>
    <ROSN>53,010000</ROSN>
    <SLOV>53,010000</SLOV>
    <SVIZ>53,010000</SVIZ>
    <BSP>53,010000</BSP>
  </Prezzi>
  <Prezzi>
    <Data>20150128</Data>
    <Mercato>MGP</Mercato>
    <Ora>18</Ora>
    <PUN>63,234543</PUN>
    <NAT>64,020000</NAT>
    <CNOR>62,990000</CNOR>
    <CSUD>62,990000</CSUD>
    <NORD>62,990000</NORD>
    <SARD>62,990000</SARD>
    <SICI>67,360000</SICI>
    <SUD>62,990000</SUD>
    <AUST>62,990000</AUST>
    <BRNN>62,990000</BRNN>
    <COAC>62,990000</COAC>
    <CORS>62,990000</CORS>
    <FOGN>62,990000</FOGN>
    <FRAN>62,990000</FRAN>
    <GREC>62,990000</GREC>
    <MFTV>62,990000</MFTV>
    <PRGP>67,360000</PRGP>
    <ROSN>62,990000</ROSN>
    <SLOV>62,990000</SLOV>
    <SVIZ>62,990000</SVIZ>
    <BSP>62,990000</BSP>
  </Prezzi>
  <Prezzi>
    <Data>20150128</Data>
    <Mercato>MGP</Mercato>
    <Ora>19</Ora>
    <PUN>63,151543</PUN>
    <NAT>63,990000</NAT>
    <CNOR>64,990000</CNOR>
    <CSUD>64,990000</CSUD>
    <NORD>60,990000</NORD>
    <SARD>67,300000</SARD>
    <SICI>67,360000</SICI>
    <SUD>64,990000</SUD>
    <AUST>60,990000</AUST>
    <BRNN>64,990000</BRNN>
    <COAC>67,300000</COAC>
    <CORS>67,300000</CORS>
    <FOGN>64,990000</FOGN>
    <FRAN>60,990000</FRAN>
    <GREC>64,990000</GREC>
    <MFTV>60,990000</MFTV>
    <PRGP>67,360000</PRGP>
    <ROSN>64,990000</ROSN>
    <SLOV>60,990000</SLOV>
    <SVIZ>60,990000</SVIZ>
    <BSP>60,990000</BSP>
  </Prezzi>
  <Prezzi>
    <Data>20150128</Data>
    <Mercato>MGP</Mercato>
    <Ora>20</Ora>
    <PUN>58,750197</PUN>
    <NAT>59,980000</NAT>
    <CNOR>61,370000</CNOR>
    <CSUD>61,370000</CSUD>
    <NORD>55,000000</NORD>
    <SARD>67,300000</SARD>
    <SICI>67,360000</SICI>
    <SUD>61,370000</SUD>
    <AUST>55,000000</AUST>
    <BRNN>61,370000</BRNN>
    <COAC>67,300000</COAC>
    <CORS>67,300000</CORS>
    <FOGN>61,370000</FOGN>
    <FRAN>55,000000</FRAN>
    <GREC>61,370000</GREC>
    <MFTV>55,000000</MFTV>
    <PRGP>67,360000</PRGP>
    <ROSN>61,370000</ROSN>
    <SLOV>55,000000</SLOV>
    <SVIZ>55,000000</SVIZ>
    <BSP>55,000000</BSP>
  </Prezzi>
  <Prezzi>
    <Data>20150128</Data>
    <Mercato>MGP</Mercato>
    <Ora>21</Ora>
    <PUN>56,602551</PUN>
    <NAT>58,340000</NAT>
    <CNOR>59,000000</CNOR>
    <CSUD>59,000000</CSUD>
    <NORD>52,790000</NORD>
    <SARD>62,910000</SARD>
    <SICI>67,360000</SICI>
    <SUD>59,000000</SUD>
    <AUST>52,790000</AUST>
    <BRNN>59,000000</BRNN>
    <COAC>62,910000</COAC>
    <CORS>62,910000</CORS>
    <FOGN>59,000000</FOGN>
    <FRAN>52,790000</FRAN>
    <GREC>59,000000</GREC>
    <MFTV>52,790000</MFTV>
    <PRGP>67,360000</PRGP>
    <ROSN>59,000000</ROSN>
    <SLOV>52,790000</SLOV>
    <SVIZ>52,790000</SVIZ>
    <BSP>52,790000</BSP>
  </Prezzi>
  <Prezzi>
    <Data>20150128</Data>
    <Mercato>MGP</Mercato>
    <Ora>22</Ora>
    <PUN>60,344800</PUN>
    <NAT>60,990000</NAT>
    <CNOR>59,980000</CNOR>
    <CSUD>59,980000</CSUD>
    <NORD>59,980000</NORD>
    <SARD>59,980000</SARD>
    <SICI>65,480000</SICI>
    <SUD>59,980000</SUD>
    <AUST>59,980000</AUST>
    <BRNN>59,980000</BRNN>
    <COAC>59,980000</COAC>
    <CORS>59,980000</CORS>
    <FOGN>59,980000</FOGN>
    <FRAN>59,980000</FRAN>
    <GREC>59,980000</GREC>
    <MFTV>59,980000</MFTV>
    <PRGP>65,480000</PRGP>
    <ROSN>59,980000</ROSN>
    <SLOV>59,980000</SLOV>
    <SVIZ>59,980000</SVIZ>
    <BSP>48,310000</BSP>
  </Prezzi>
  <Prezzi>
    <Data>20150128</Data>
    <Mercato>MGP</Mercato>
    <Ora>23</Ora>
    <PUN>51,427479</PUN>
    <NAT>50,590000</NAT>
    <CNOR>50,600000</CNOR>
    <CSUD>50,600000</CSUD>
    <NORD>50,300000</NORD>
    <SARD>50,600000</SARD>
    <SICI>65,480000</SICI>
    <SUD>50,600000</SUD>
    <AUST>50,300000</AUST>
    <BRNN>50,600000</BRNN>
    <COAC>50,600000</COAC>
    <CORS>50,600000</CORS>
    <FOGN>50,600000</FOGN>
    <FRAN>50,300000</FRAN>
    <GREC>50,600000</GREC>
    <MFTV>50,300000</MFTV>
    <PRGP>65,480000</PRGP>
    <ROSN>50,600000</ROSN>
    <SLOV>50,300000</SLOV>
    <SVIZ>50,300000</SVIZ>
    <BSP>42,840000</BSP>
  </Prezzi>
  <Prezzi>
    <Data>20150128</Data>
    <Mercato>MGP</Mercato>
    <Ora>24</Ora>
    <PUN>48,922784</PUN>
    <NAT>47,500000</NAT>
    <CNOR>47,840000</CNOR>
    <CSUD>47,840000</CSUD>
    <NORD>47,840000</NORD>
    <SARD>47,840000</SARD>
    <SICI>65,150000</SICI>
    <SUD>47,840000</SUD>
    <AUST>47,840000</AUST>
    <BRNN>47,840000</BRNN>
    <COAC>47,840000</COAC>
    <CORS>47,840000</CORS>
    <FOGN>47,840000</FOGN>
    <FRAN>47,840000</FRAN>
    <GREC>47,840000</GREC>
    <MFTV>47,840000</MFTV>
    <PRGP>65,150000</PRGP>
    <ROSN>47,840000</ROSN>
    <SLOV>47,840000</SLOV>
    <SVIZ>47,840000</SVIZ>
    <BSP>33,930000</BSP>
  </Prezzi>
</NewDataSet>