<?xml version="1.0" standalone="yes"?>
<NewDataSet>
  <xs:schema id="NewDataSet" xmlns="" xmlns:xs="http://www.w3.org/2001/XMLSchema" xmlns:msdata="urn:schemas-microsoft-com:xml-msdata">
    <xs:element name="NewDataSet" msdata:IsDataSet="true" msdata:UseCurrentLocale="true">
      <xs:complexType>
        <xs:choice minOccurs="0" maxOccurs="unbounded">
          <xs:element name="Prezzi">
            <xs:complexType>
              <xs:sequence>
                <xs:element name="Data" type="xs:string" minOccurs="0" />
                <xs:element name="Mercato" type="xs:string" minOccurs="0" />
                <xs:element name="Ora" type="xs:string" minOccurs="0" />
                <xs:element name="PUN" type="xs:string" minOccurs="0" />
                <xs:element name="NAT" type="xs:string" minOccurs="0" />
                <xs:element name="CNOR" type="xs:string" minOccurs="0" />
                <xs:element name="CSUD" type="xs:string" minOccurs="0" />
                <xs:element name="NORD" type="xs:string" minOccurs="0" />
                <xs:element name="SARD" type="xs:string" minOccurs="0" />
                <xs:element name="SICI" type="xs:string" minOccurs="0" />
                <xs:element name="SUD" type="xs:string" minOccurs="0" />
                <xs:element name="AUST" type="xs:string" minOccurs="0" />
                <xs:element name="BRNN" type="xs:string" minOccurs="0" />
                <xs:element name="COAC" type="xs:string" minOccurs="0" />
                <xs:element name="CORS" type="xs:string" minOccurs="0" />
                <xs:element name="FOGN" type="xs:string" minOccurs="0" />
                <xs:element name="FRAN" type="xs:string" minOccurs="0" />
                <xs:element name="GREC" type="xs:string" minOccurs="0" />
                <xs:element name="MFTV" type="xs:string" minOccurs="0" />
                <xs:element name="PRGP" type="xs:string" minOccurs="0" />
                <xs:element name="ROSN" type="xs:string" minOccurs="0" />
                <xs:element name="SLOV" type="xs:string" minOccurs="0" />
                <xs:element name="SVIZ" type="xs:string" minOccurs="0" />
                <xs:element name="BSP" type="xs:string" minOccurs="0" />
              </xs:sequence>
            </xs:complexType>
          </xs:element>
        </xs:choice>
      </xs:complexType>
    </xs:element>
  </xs:schema>
  <Prezzi>
    <Data>20150101</Data>
    <Mercato>MGP</Mercato>
    <Ora>1</Ora>
    <PUN>52,327563</PUN>
    <NAT>49,940000</NAT>
    <CNOR>51,100000</CNOR>
    <CSUD>51,100000</CSUD>
    <NORD>51,100000</NORD>
    <SARD>51,100000</SARD>
    <SICI>65,920000</SICI>
    <SUD>51,100000</SUD>
    <AUST>51,100000</AUST>
    <BRNN>51,100000</BRNN>
    <COAC>51,100000</COAC>
    <CORS>51,100000</CORS>
    <FOGN>51,100000</FOGN>
    <FRAN>51,100000</FRAN>
    <GREC>51,100000</GREC>
    <MFTV>51,100000</MFTV>
    <PRGP>65,920000</PRGP>
    <ROSN>51,100000</ROSN>
    <SLOV>51,100000</SLOV>
    <SVIZ>51,100000</SVIZ>
    <BSP>27,300000</BSP>
  </Prezzi>
  <Prezzi>
    <Data>20150101</Data>
    <Mercato>MGP</Mercato>
    <Ora>2</Ora>
    <PUN>49,892778</PUN>
    <NAT>44,670000</NAT>
    <CNOR>49,000000</CNOR>
    <CSUD>49,000000</CSUD>
    <NORD>49,000000</NORD>
    <SARD>49,000000</SARD>
    <SICI>59,990000</SICI>
    <SUD>49,000000</SUD>
    <AUST>49,000000</AUST>
    <BRNN>49,000000</BRNN>
    <COAC>49,000000</COAC>
    <CORS>49,000000</CORS>
    <FOGN>49,000000</FOGN>
    <FRAN>49,000000</FRAN>
    <GREC>49,000000</GREC>
    <MFTV>49,000000</MFTV>
    <PRGP>59,990000</PRGP>
    <ROSN>49,000000</ROSN>
    <SLOV>49,000000</SLOV>
    <SVIZ>49,000000</SVIZ>
    <BSP>23,250000</BSP>
  </Prezzi>
  <Prezzi>
    <Data>20150101</Data>
    <Mercato>MGP</Mercato>
    <Ora>3</Ora>
    <PUN>39,100000</PUN>
    <NAT>38,850000</NAT>
    <CNOR>39,100000</CNOR>
    <CSUD>39,100000</CSUD>
    <NORD>39,100000</NORD>
    <SARD>39,100000</SARD>
    <SICI>39,100000</SICI>
    <SUD>39,100000</SUD>
    <AUST>39,100000</AUST>
    <BRNN>39,100000</BRNN>
    <COAC>39,100000</COAC>
    <CORS>39,100000</CORS>
    <FOGN>39,100000</FOGN>
    <FRAN>39,100000</FRAN>
    <GREC>39,100000</GREC>
    <MFTV>39,100000</MFTV>
    <PRGP>39,100000</PRGP>
    <ROSN>39,100000</ROSN>
    <SLOV>39,100000</SLOV>
    <SVIZ>39,100000</SVIZ>
    <BSP>22,200000</BSP>
  </Prezzi>
  <Prezzi>
    <Data>20150101</Data>
    <Mercato>MGP</Mercato>
    <Ora>4</Ora>
    <PUN>35,870000</PUN>
    <NAT>35,330000</NAT>
    <CNOR>35,870000</CNOR>
    <CSUD>35,870000</CSUD>
    <NORD>35,870000</NORD>
    <SARD>35,870000</SARD>
    <SICI>35,870000</SICI>
    <SUD>35,870000</SUD>
    <AUST>35,870000</AUST>
    <BRNN>35,870000</BRNN>
    <COAC>35,870000</COAC>
    <CORS>35,870000</CORS>
    <FOGN>35,870000</FOGN>
    <FRAN>35,870000</FRAN>
    <GREC>35,870000</GREC>
    <MFTV>35,870000</MFTV>
    <PRGP>35,870000</PRGP>
    <ROSN>35,870000</ROSN>
    <SLOV>35,870000</SLOV>
    <SVIZ>35,870000</SVIZ>
    <BSP>19,560000</BSP>
  </Prezzi>
  <Prezzi>
    <Data>20150101</Data>
    <Mercato>MGP</Mercato>
    <Ora>5</Ora>
    <PUN>33,400000</PUN>
    <NAT>31,000000</NAT>
    <CNOR>33,400000</CNOR>
    <CSUD>33,400000</CSUD>
    <NORD>33,400000</NORD>
    <SARD>33,400000</SARD>
    <SICI>33,400000</SICI>
    <SUD>33,400000</SUD>
    <AUST>33,400000</AUST>
    <BRNN>33,400000</BRNN>
    <COAC>33,400000</COAC>
    <CORS>33,400000</CORS>
    <FOGN>33,400000</FOGN>
    <FRAN>33,400000</FRAN>
    <GREC>33,400000</GREC>
    <MFTV>33,400000</MFTV>
    <PRGP>33,400000</PRGP>
    <ROSN>33,400000</ROSN>
    <SLOV>33,400000</SLOV>
    <SVIZ>33,400000</SVIZ>
    <BSP>18,880000</BSP>
  </Prezzi>
  <Prezzi>
    <Data>20150101</Data>
    <Mercato>MGP</Mercato>
    <Ora>6</Ora>
    <PUN>36,473838</PUN>
    <NAT>34,190000</NAT>
    <CNOR>36,570000</CNOR>
    <CSUD>36,570000</CSUD>
    <NORD>36,570000</NORD>
    <SARD>36,570000</SARD>
    <SICI>35,350000</SICI>
    <SUD>36,570000</SUD>
    <AUST>36,570000</AUST>
    <BRNN>36,570000</BRNN>
    <COAC>36,570000</COAC>
    <CORS>36,570000</CORS>
    <FOGN>36,570000</FOGN>
    <FRAN>36,570000</FRAN>
    <GREC>36,570000</GREC>
    <MFTV>36,570000</MFTV>
    <PRGP>35,350000</PRGP>
    <ROSN>36,570000</ROSN>
    <SLOV>36,570000</SLOV>
    <SVIZ>36,570000</SVIZ>
    <BSP>18,390000</BSP>
  </Prezzi>
  <Prezzi>
    <Data>20150101</Data>
    <Mercato>MGP</Mercato>
    <Ora>7</Ora>
    <PUN>39,100000</PUN>
    <NAT>38,850000</NAT>
    <CNOR>39,100000</CNOR>
    <CSUD>39,100000</CSUD>
    <NORD>39,100000</NORD>
    <SARD>39,100000</SARD>
    <SICI>39,100000</SICI>
    <SUD>39,100000</SUD>
    <AUST>39,100000</AUST>
    <BRNN>39,100000</BRNN>
    <COAC>39,100000</COAC>
    <CORS>39,100000</CORS>
    <FOGN>39,100000</FOGN>
    <FRAN>39,100000</FRAN>
    <GREC>39,100000</GREC>
    <MFTV>39,100000</MFTV>
    <PRGP>39,100000</PRGP>
    <ROSN>39,100000</ROSN>
    <SLOV>39,100000</SLOV>
    <SVIZ>39,100000</SVIZ>
    <BSP>18,980000</BSP>
  </Prezzi>
  <Prezzi>
    <Data>20150101</Data>
    <Mercato>MGP</Mercato>
    <Ora>8</Ora>
    <PUN>44,518520</PUN>
    <NAT>39,100000</NAT>
    <CNOR>45,210000</CNOR>
    <CSUD>45,210000</CSUD>
    <NORD>45,210000</NORD>
    <SARD>45,210000</SARD>
    <SICI>35,350000</SICI>
    <SUD>45,210000</SUD>
    <AUST>45,210000</AUST>
    <BRNN>45,210000</BRNN>
    <COAC>45,210000</COAC>
    <CORS>45,210000</CORS>
    <FOGN>45,210000</FOGN>
    <FRAN>45,210000</FRAN>
    <GREC>45,210000</GREC>
    <MFTV>45,210000</MFTV>
    <PRGP>35,350000</PRGP>
    <ROSN>45,210000</ROSN>
    <SLOV>45,210000</SLOV>
    <SVIZ>45,210000</SVIZ>
    <BSP>23,560000</BSP>
  </Prezzi>
  <Prezzi>
    <Data>20150101</Data>
    <Mercato>MGP</Mercato>
    <Ora>9</Ora>
    <PUN>38,427872</PUN>
    <NAT>37,570000</NAT>
    <CNOR>40,000000</CNOR>
    <CSUD>40,000000</CSUD>
    <NORD>40,000000</NORD>
    <SARD>40,000000</SARD>
    <SICI>18,000000</SICI>
    <SUD>40,000000</SUD>
    <AUST>40,000000</AUST>
    <BRNN>40,000000</BRNN>
    <COAC>40,000000</COAC>
    <CORS>40,000000</CORS>
    <FOGN>40,000000</FOGN>
    <FRAN>40,000000</FRAN>
    <GREC>40,000000</GREC>
    <MFTV>40,000000</MFTV>
    <PRGP>18,000000</PRGP>
    <ROSN>40,000000</ROSN>
    <SLOV>40,000000</SLOV>
    <SVIZ>40,000000</SVIZ>
    <BSP>24,330000</BSP>
  </Prezzi>
  <Prezzi>
    <Data>20150101</Data>
    <Mercato>MGP</Mercato>
    <Ora>10</Ora>
    <PUN>40,384147</PUN>
    <NAT>36,190000</NAT>
    <CNOR>40,800000</CNOR>
    <CSUD>40,800000</CSUD>
    <NORD>40,800000</NORD>
    <SARD>40,800000</SARD>
    <SICI>35,350000</SICI>
    <SUD>40,800000</SUD>
    <AUST>40,800000</AUST>
    <BRNN>40,800000</BRNN>
    <COAC>40,800000</COAC>
    <CORS>40,800000</CORS>
    <FOGN>40,800000</FOGN>
    <FRAN>40,800000</FRAN>
    <GREC>40,800000</GREC>
    <MFTV>40,800000</MFTV>
    <PRGP>35,350000</PRGP>
    <ROSN>40,800000</ROSN>
    <SLOV>40,800000</SLOV>
    <SVIZ>40,800000</SVIZ>
    <BSP>26,000000</BSP>
  </Prezzi>
  <Prezzi>
    <Data>20150101</Data>
    <Mercato>MGP</Mercato>
    <Ora>11</Ora>
    <PUN>38,525817</PUN>
    <NAT>35,350000</NAT>
    <CNOR>38,800000</CNOR>
    <CSUD>38,800000</CSUD>
    <NORD>38,800000</NORD>
    <SARD>38,800000</SARD>
    <SICI>35,350000</SICI>
    <SUD>38,800000</SUD>
    <AUST>38,800000</AUST>
    <BRNN>38,800000</BRNN>
    <COAC>38,800000</COAC>
    <CORS>38,800000</CORS>
    <FOGN>38,800000</FOGN>
    <FRAN>38,800000</FRAN>
    <GREC>38,800000</GREC>
    <MFTV>38,800000</MFTV>
    <PRGP>35,350000</PRGP>
    <ROSN>38,800000</ROSN>
    <SLOV>38,800000</SLOV>
    <SVIZ>38,800000</SVIZ>
    <BSP>30,000000</BSP>
  </Prezzi>
  <Prezzi>
    <Data>20150101</Data>
    <Mercato>MGP</Mercato>
    <Ora>12</Ora>
    <PUN>38,800000</PUN>
    <NAT>37,000000</NAT>
    <CNOR>38,800000</CNOR>
    <CSUD>38,800000</CSUD>
    <NORD>38,800000</NORD>
    <SARD>38,800000</SARD>
    <SICI>38,800000</SICI>
    <SUD>38,800000</SUD>
    <AUST>38,800000</AUST>
    <BRNN>38,800000</BRNN>
    <COAC>38,800000</COAC>
    <CORS>38,800000</CORS>
    <FOGN>38,800000</FOGN>
    <FRAN>38,800000</FRAN>
    <GREC>38,800000</GREC>
    <MFTV>38,800000</MFTV>
    <PRGP>38,800000</PRGP>
    <ROSN>38,800000</ROSN>
    <SLOV>38,800000</SLOV>
    <SVIZ>38,800000</SVIZ>
    <BSP>33,860000</BSP>
  </Prezzi>
  <Prezzi>
    <Data>20150101</Data>
    <Mercato>MGP</Mercato>
    <Ora>13</Ora>
    <PUN>38,850000</PUN>
    <NAT>38,800000</NAT>
    <CNOR>38,850000</CNOR>
    <CSUD>38,850000</CSUD>
    <NORD>38,850000</NORD>
    <SARD>38,850000</SARD>
    <SICI>38,850000</SICI>
    <SUD>38,850000</SUD>
    <AUST>38,850000</AUST>
    <BRNN>38,850000</BRNN>
    <COAC>38,850000</COAC>
    <CORS>38,850000</CORS>
    <FOGN>38,850000</FOGN>
    <FRAN>38,850000</FRAN>
    <GREC>38,850000</GREC>
    <MFTV>38,850000</MFTV>
    <PRGP>38,850000</PRGP>
    <ROSN>38,850000</ROSN>
    <SLOV>38,850000</SLOV>
    <SVIZ>38,850000</SVIZ>
    <BSP>34,000000</BSP>
  </Prezzi>
  <Prezzi>
    <Data>20150101</Data>
    <Mercato>MGP</Mercato>
    <Ora>14</Ora>
    <PUN>38,800000</PUN>
    <NAT>35,970000</NAT>
    <CNOR>38,800000</CNOR>
    <CSUD>38,800000</CSUD>
    <NORD>38,800000</NORD>
    <SARD>38,800000</SARD>
    <SICI>38,800000</SICI>
    <SUD>38,800000</SUD>
    <AUST>38,800000</AUST>
    <BRNN>38,800000</BRNN>
    <COAC>38,800000</COAC>
    <CORS>38,800000</CORS>
    <FOGN>38,800000</FOGN>
    <FRAN>38,800000</FRAN>
    <GREC>38,800000</GREC>
    <MFTV>38,800000</MFTV>
    <PRGP>38,800000</PRGP>
    <ROSN>38,800000</ROSN>
    <SLOV>38,800000</SLOV>
    <SVIZ>38,800000</SVIZ>
    <BSP>32,750000</BSP>
  </Prezzi>
  <Prezzi>
    <Data>20150101</Data>
    <Mercato>MGP</Mercato>
    <Ora>15</Ora>
    <PUN>38,850000</PUN>
    <NAT>38,050000</NAT>
    <CNOR>38,850000</CNOR>
    <CSUD>38,850000</CSUD>
    <NORD>38,850000</NORD>
    <SARD>38,850000</SARD>
    <SICI>38,850000</SICI>
    <SUD>38,850000</SUD>
    <AUST>38,850000</AUST>
    <BRNN>38,850000</BRNN>
    <COAC>38,850000</COAC>
    <CORS>38,850000</CORS>
    <FOGN>38,850000</FOGN>
    <FRAN>38,850000</FRAN>
    <GREC>38,850000</GREC>
    <MFTV>38,850000</MFTV>
    <PRGP>38,850000</PRGP>
    <ROSN>38,850000</ROSN>
    <SLOV>38,850000</SLOV>
    <SVIZ>38,850000</SVIZ>
    <BSP>30,000000</BSP>
  </Prezzi>
  <Prezzi>
    <Data>20150101</Data>
    <Mercato>MGP</Mercato>
    <Ora>16</Ora>
    <PUN>51,103531</PUN>
    <NAT>45,000000</NAT>
    <CNOR>49,950000</CNOR>
    <CSUD>49,950000</CSUD>
    <NORD>49,950000</NORD>
    <SARD>49,950000</SARD>
    <SICI>65,920000</SICI>
    <SUD>49,950000</SUD>
    <AUST>49,950000</AUST>
    <BRNN>49,950000</BRNN>
    <COAC>49,950000</COAC>
    <CORS>49,950000</CORS>
    <FOGN>49,950000</FOGN>
    <FRAN>49,950000</FRAN>
    <GREC>49,950000</GREC>
    <MFTV>49,950000</MFTV>
    <PRGP>65,920000</PRGP>
    <ROSN>49,950000</ROSN>
    <SLOV>49,950000</SLOV>
    <SVIZ>49,950000</SVIZ>
    <BSP>32,490000</BSP>
  </Prezzi>
  <Prezzi>
    <Data>20150101</Data>
    <Mercato>MGP</Mercato>
    <Ora>17</Ora>
    <PUN>55,496337</PUN>
    <NAT>53,580000</NAT>
    <CNOR>54,690000</CNOR>
    <CSUD>54,690000</CSUD>
    <NORD>54,690000</NORD>
    <SARD>54,690000</SARD>
    <SICI>65,920000</SICI>
    <SUD>54,690000</SUD>
    <AUST>54,690000</AUST>
    <BRNN>54,690000</BRNN>
    <COAC>54,690000</COAC>
    <CORS>54,690000</CORS>
    <FOGN>54,690000</FOGN>
    <FRAN>54,690000</FRAN>
    <GREC>54,690000</GREC>
    <MFTV>54,690000</MFTV>
    <PRGP>65,920000</PRGP>
    <ROSN>54,690000</ROSN>
    <SLOV>54,690000</SLOV>
    <SVIZ>54,690000</SVIZ>
    <BSP>34,100000</BSP>
  </Prezzi>
  <Prezzi>
    <Data>20150101</Data>
    <Mercato>MGP</Mercato>
    <Ora>18</Ora>
    <PUN>62,197937</PUN>
    <NAT>61,990000</NAT>
    <CNOR>61,900000</CNOR>
    <CSUD>61,900000</CSUD>
    <NORD>61,900000</NORD>
    <SARD>61,900000</SARD>
    <SICI>66,100000</SICI>
    <SUD>61,900000</SUD>
    <AUST>61,900000</AUST>
    <BRNN>61,900000</BRNN>
    <COAC>61,900000</COAC>
    <CORS>61,900000</CORS>
    <FOGN>61,900000</FOGN>
    <FRAN>61,900000</FRAN>
    <GREC>61,900000</GREC>
    <MFTV>61,900000</MFTV>
    <PRGP>66,100000</PRGP>
    <ROSN>61,900000</ROSN>
    <SLOV>61,900000</SLOV>
    <SVIZ>61,900000</SVIZ>
    <BSP>42,880000</BSP>
  </Prezzi>
  <Prezzi>
    <Data>20150101</Data>
    <Mercato>MGP</Mercato>
    <Ora>19</Ora>
    <PUN>58,897548</PUN>
    <NAT>60,000000</NAT>
    <CNOR>58,200000</CNOR>
    <CSUD>58,200000</CSUD>
    <NORD>58,200000</NORD>
    <SARD>58,200000</SARD>
    <SICI>68,000000</SICI>
    <SUD>58,200000</SUD>
    <AUST>58,200000</AUST>
    <BRNN>58,200000</BRNN>
    <COAC>58,200000</COAC>
    <CORS>58,200000</CORS>
    <FOGN>58,200000</FOGN>
    <FRAN>58,200000</FRAN>
    <GREC>58,200000</GREC>
    <MFTV>58,200000</MFTV>
    <PRGP>68,000000</PRGP>
    <ROSN>58,200000</ROSN>
    <SLOV>58,200000</SLOV>
    <SVIZ>58,200000</SVIZ>
    <BSP>45,660000</BSP>
  </Prezzi>
  <Prezzi>
    <Data>20150101</Data>
    <Mercato>MGP</Mercato>
    <Ora>20</Ora>
    <PUN>56,964904</PUN>
    <NAT>56,350000</NAT>
    <CNOR>57,880000</CNOR>
    <CSUD>57,880000</CSUD>
    <NORD>54,440000</NORD>
    <SARD>57,880000</SARD>
    <SICI>68,000000</SICI>
    <SUD>57,880000</SUD>
    <AUST>54,440000</AUST>
    <BRNN>57,880000</BRNN>
    <COAC>57,880000</COAC>
    <CORS>57,880000</CORS>
    <FOGN>57,880000</FOGN>
    <FRAN>54,440000</FRAN>
    <GREC>57,880000</GREC>
    <MFTV>54,440000</MFTV>
    <PRGP>68,000000</PRGP>
    <ROSN>57,880000</ROSN>
    <SLOV>54,440000</SLOV>
    <SVIZ>54,440000</SVIZ>
    <BSP>43,000000</BSP>
  </Prezzi>
  <Prezzi>
    <Data>20150101</Data>
    <Mercato>MGP</Mercato>
    <Ora>21</Ora>
    <PUN>55,992444</PUN>
    <NAT>57,130000</NAT>
    <CNOR>57,870000</CNOR>
    <CSUD>57,870000</CSUD>
    <NORD>52,220000</NORD>
    <SARD>57,870000</SARD>
    <SICI>68,000000</SICI>
    <SUD>57,870000</SUD>
    <AUST>52,220000</AUST>
    <BRNN>57,870000</BRNN>
    <COAC>57,870000</COAC>
    <CORS>57,870000</CORS>
    <FOGN>57,870000</FOGN>
    <FRAN>52,220000</FRAN>
    <GREC>57,870000</GREC>
    <MFTV>52,220000</MFTV>
    <PRGP>68,000000</PRGP>
    <ROSN>57,870000</ROSN>
    <SLOV>52,220000</SLOV>
    <SVIZ>52,220000</SVIZ>
    <BSP>41,980000</BSP>
  </Prezzi>
  <Prezzi>
    <Data>20150101</Data>
    <Mercato>MGP</Mercato>
    <Ora>22</Ora>
    <PUN>53,117817</PUN>
    <NAT>54,080000</NAT>
    <CNOR>53,630000</CNOR>
    <CSUD>53,630000</CSUD>
    <NORD>50,120000</NORD>
    <SARD>53,630000</SARD>
    <SICI>68,000000</SICI>
    <SUD>53,630000</SUD>
    <AUST>50,120000</AUST>
    <BRNN>53,630000</BRNN>
    <COAC>53,630000</COAC>
    <CORS>53,630000</CORS>
    <FOGN>53,630000</FOGN>
    <FRAN>50,120000</FRAN>
    <GREC>53,630000</GREC>
    <MFTV>50,120000</MFTV>
    <PRGP>68,000000</PRGP>
    <ROSN>53,630000</ROSN>
    <SLOV>50,120000</SLOV>
    <SVIZ>50,120000</SVIZ>
    <BSP>39,000000</BSP>
  </Prezzi>
  <Prezzi>
    <Data>20150101</Data>
    <Mercato>MGP</Mercato>
    <Ora>23</Ora>
    <PUN>49,348668</PUN>
    <NAT>51,000000</NAT>
    <CNOR>49,460000</CNOR>
    <CSUD>49,460000</CSUD>
    <NORD>46,000000</NORD>
    <SARD>49,460000</SARD>
    <SICI>68,000000</SICI>
    <SUD>49,460000</SUD>
    <AUST>46,000000</AUST>
    <BRNN>49,460000</BRNN>
    <COAC>49,460000</COAC>
    <CORS>49,460000</CORS>
    <FOGN>49,460000</FOGN>
    <FRAN>46,000000</FRAN>
    <GREC>49,460000</GREC>
    <MFTV>46,000000</MFTV>
    <PRGP>68,000000</PRGP>
    <ROSN>49,460000</ROSN>
    <SLOV>46,000000</SLOV>
    <SVIZ>46,000000</SVIZ>
    <BSP>35,350000</BSP>
  </Prezzi>
  <Prezzi>
    <Data>20150101</Data>
    <Mercato>MGP</Mercato>
    <Ora>24</Ora>
    <PUN>44,891061</PUN>
    <NAT>44,340000</NAT>
    <CNOR>43,000000</CNOR>
    <CSUD>43,000000</CSUD>
    <NORD>43,000000</NORD>
    <SARD>43,000000</SARD>
    <SICI>66,100000</SICI>
    <SUD>43,000000</SUD>
    <AUST>43,000000</AUST>
    <BRNN>43,000000</BRNN>
    <COAC>43,000000</COAC>
    <CORS>43,000000</CORS>
    <FOGN>43,000000</FOGN>
    <FRAN>43,000000</FRAN>
    <GREC>43,000000</GREC>
    <MFTV>43,000000</MFTV>
    <PRGP>66,100000</PRGP>
    <ROSN>43,000000</ROSN>
    <SLOV>43,000000</SLOV>
    <SVIZ>43,000000</SVIZ>
    <BSP>29,900000</BSP>
  </Prezzi>
</NewDataSet>