<?xml version="1.0" standalone="yes"?>
<NewDataSet>
  <xs:schema id="NewDataSet" xmlns="" xmlns:xs="http://www.w3.org/2001/XMLSchema" xmlns:msdata="urn:schemas-microsoft-com:xml-msdata">
    <xs:element name="NewDataSet" msdata:IsDataSet="true" msdata:UseCurrentLocale="true">
      <xs:complexType>
        <xs:choice minOccurs="0" maxOccurs="unbounded">
          <xs:element name="Prezzi">
            <xs:complexType>
              <xs:sequence>
                <xs:element name="Data" type="xs:string" minOccurs="0" />
                <xs:element name="Mercato" type="xs:string" minOccurs="0" />
                <xs:element name="Ora" type="xs:string" minOccurs="0" />
                <xs:element name="PUN" type="xs:string" minOccurs="0" />
                <xs:element name="NAT" type="xs:string" minOccurs="0" />
                <xs:element name="CNOR" type="xs:string" minOccurs="0" />
                <xs:element name="CSUD" type="xs:string" minOccurs="0" />
                <xs:element name="NORD" type="xs:string" minOccurs="0" />
                <xs:element name="SARD" type="xs:string" minOccurs="0" />
                <xs:element name="SICI" type="xs:string" minOccurs="0" />
                <xs:element name="SUD" type="xs:string" minOccurs="0" />
                <xs:element name="AUST" type="xs:string" minOccurs="0" />
                <xs:element name="BRNN" type="xs:string" minOccurs="0" />
                <xs:element name="COAC" type="xs:string" minOccurs="0" />
                <xs:element name="CORS" type="xs:string" minOccurs="0" />
                <xs:element name="FOGN" type="xs:string" minOccurs="0" />
                <xs:element name="FRAN" type="xs:string" minOccurs="0" />
                <xs:element name="GREC" type="xs:string" minOccurs="0" />
                <xs:element name="MFTV" type="xs:string" minOccurs="0" />
                <xs:element name="PRGP" type="xs:string" minOccurs="0" />
                <xs:element name="ROSN" type="xs:string" minOccurs="0" />
                <xs:element name="SLOV" type="xs:string" minOccurs="0" />
                <xs:element name="SVIZ" type="xs:string" minOccurs="0" />
                <xs:element name="BSP" type="xs:string" minOccurs="0" />
              </xs:sequence>
            </xs:complexType>
          </xs:element>
        </xs:choice>
      </xs:complexType>
    </xs:element>
  </xs:schema>
  <Prezzi>
    <Data>20150124</Data>
    <Mercato>MGP</Mercato>
    <Ora>1</Ora>
    <PUN>47,940000</PUN>
    <NAT>46,990000</NAT>
    <CNOR>47,940000</CNOR>
    <CSUD>47,940000</CSUD>
    <NORD>47,940000</NORD>
    <SARD>47,940000</SARD>
    <SICI>47,940000</SICI>
    <SUD>47,940000</SUD>
    <AUST>47,940000</AUST>
    <BRNN>47,940000</BRNN>
    <COAC>47,940000</COAC>
    <CORS>47,940000</CORS>
    <FOGN>47,940000</FOGN>
    <FRAN>47,940000</FRAN>
    <GREC>47,940000</GREC>
    <MFTV>47,940000</MFTV>
    <PRGP>47,940000</PRGP>
    <ROSN>47,940000</ROSN>
    <SLOV>47,940000</SLOV>
    <SVIZ>47,940000</SVIZ>
    <BSP>30,100000</BSP>
  </Prezzi>
  <Prezzi>
    <Data>20150124</Data>
    <Mercato>MGP</Mercato>
    <Ora>2</Ora>
    <PUN>44,100000</PUN>
    <NAT>42,000000</NAT>
    <CNOR>44,100000</CNOR>
    <CSUD>44,100000</CSUD>
    <NORD>44,100000</NORD>
    <SARD>44,100000</SARD>
    <SICI>44,100000</SICI>
    <SUD>44,100000</SUD>
    <AUST>44,100000</AUST>
    <BRNN>44,100000</BRNN>
    <COAC>44,100000</COAC>
    <CORS>44,100000</CORS>
    <FOGN>44,100000</FOGN>
    <FRAN>44,100000</FRAN>
    <GREC>44,100000</GREC>
    <MFTV>44,100000</MFTV>
    <PRGP>44,100000</PRGP>
    <ROSN>44,100000</ROSN>
    <SLOV>44,100000</SLOV>
    <SVIZ>44,100000</SVIZ>
    <BSP>28,560000</BSP>
  </Prezzi>
  <Prezzi>
    <Data>20150124</Data>
    <Mercato>MGP</Mercato>
    <Ora>3</Ora>
    <PUN>40,450000</PUN>
    <NAT>39,300000</NAT>
    <CNOR>40,450000</CNOR>
    <CSUD>40,450000</CSUD>
    <NORD>40,450000</NORD>
    <SARD>40,450000</SARD>
    <SICI>40,450000</SICI>
    <SUD>40,450000</SUD>
    <AUST>40,450000</AUST>
    <BRNN>40,450000</BRNN>
    <COAC>40,450000</COAC>
    <CORS>40,450000</CORS>
    <FOGN>40,450000</FOGN>
    <FRAN>40,450000</FRAN>
    <GREC>40,450000</GREC>
    <MFTV>40,450000</MFTV>
    <PRGP>40,450000</PRGP>
    <ROSN>40,450000</ROSN>
    <SLOV>40,450000</SLOV>
    <SVIZ>40,450000</SVIZ>
    <BSP>28,060000</BSP>
  </Prezzi>
  <Prezzi>
    <Data>20150124</Data>
    <Mercato>MGP</Mercato>
    <Ora>4</Ora>
    <PUN>39,890000</PUN>
    <NAT>37,390000</NAT>
    <CNOR>39,890000</CNOR>
    <CSUD>39,890000</CSUD>
    <NORD>39,890000</NORD>
    <SARD>39,890000</SARD>
    <SICI>39,890000</SICI>
    <SUD>39,890000</SUD>
    <AUST>39,890000</AUST>
    <BRNN>39,890000</BRNN>
    <COAC>39,890000</COAC>
    <CORS>39,890000</CORS>
    <FOGN>39,890000</FOGN>
    <FRAN>39,890000</FRAN>
    <GREC>39,890000</GREC>
    <MFTV>39,890000</MFTV>
    <PRGP>39,890000</PRGP>
    <ROSN>39,890000</ROSN>
    <SLOV>39,890000</SLOV>
    <SVIZ>39,890000</SVIZ>
    <BSP>27,300000</BSP>
  </Prezzi>
  <Prezzi>
    <Data>20150124</Data>
    <Mercato>MGP</Mercato>
    <Ora>5</Ora>
    <PUN>35,500000</PUN>
    <NAT>34,110000</NAT>
    <CNOR>35,500000</CNOR>
    <CSUD>35,500000</CSUD>
    <NORD>35,500000</NORD>
    <SARD>35,500000</SARD>
    <SICI>35,500000</SICI>
    <SUD>35,500000</SUD>
    <AUST>35,500000</AUST>
    <BRNN>35,500000</BRNN>
    <COAC>35,500000</COAC>
    <CORS>35,500000</CORS>
    <FOGN>35,500000</FOGN>
    <FRAN>35,500000</FRAN>
    <GREC>35,500000</GREC>
    <MFTV>35,500000</MFTV>
    <PRGP>35,500000</PRGP>
    <ROSN>35,500000</ROSN>
    <SLOV>35,500000</SLOV>
    <SVIZ>35,500000</SVIZ>
    <BSP>26,050000</BSP>
  </Prezzi>
  <Prezzi>
    <Data>20150124</Data>
    <Mercato>MGP</Mercato>
    <Ora>6</Ora>
    <PUN>37,000000</PUN>
    <NAT>35,000000</NAT>
    <CNOR>37,000000</CNOR>
    <CSUD>37,000000</CSUD>
    <NORD>37,000000</NORD>
    <SARD>37,000000</SARD>
    <SICI>37,000000</SICI>
    <SUD>37,000000</SUD>
    <AUST>37,000000</AUST>
    <BRNN>37,000000</BRNN>
    <COAC>37,000000</COAC>
    <CORS>37,000000</CORS>
    <FOGN>37,000000</FOGN>
    <FRAN>37,000000</FRAN>
    <GREC>37,000000</GREC>
    <MFTV>37,000000</MFTV>
    <PRGP>37,000000</PRGP>
    <ROSN>37,000000</ROSN>
    <SLOV>37,000000</SLOV>
    <SVIZ>37,000000</SVIZ>
    <BSP>25,750000</BSP>
  </Prezzi>
  <Prezzi>
    <Data>20150124</Data>
    <Mercato>MGP</Mercato>
    <Ora>7</Ora>
    <PUN>40,450000</PUN>
    <NAT>40,000000</NAT>
    <CNOR>40,450000</CNOR>
    <CSUD>40,450000</CSUD>
    <NORD>40,450000</NORD>
    <SARD>40,450000</SARD>
    <SICI>40,450000</SICI>
    <SUD>40,450000</SUD>
    <AUST>40,450000</AUST>
    <BRNN>40,450000</BRNN>
    <COAC>40,450000</COAC>
    <CORS>40,450000</CORS>
    <FOGN>40,450000</FOGN>
    <FRAN>40,450000</FRAN>
    <GREC>40,450000</GREC>
    <MFTV>40,450000</MFTV>
    <PRGP>40,450000</PRGP>
    <ROSN>40,450000</ROSN>
    <SLOV>40,450000</SLOV>
    <SVIZ>40,450000</SVIZ>
    <BSP>24,530000</BSP>
  </Prezzi>
  <Prezzi>
    <Data>20150124</Data>
    <Mercato>MGP</Mercato>
    <Ora>8</Ora>
    <PUN>50,129700</PUN>
    <NAT>48,160000</NAT>
    <CNOR>49,230000</CNOR>
    <CSUD>49,230000</CSUD>
    <NORD>49,230000</NORD>
    <SARD>49,230000</SARD>
    <SICI>65,300000</SICI>
    <SUD>49,230000</SUD>
    <AUST>49,230000</AUST>
    <BRNN>49,230000</BRNN>
    <COAC>49,230000</COAC>
    <CORS>49,230000</CORS>
    <FOGN>49,230000</FOGN>
    <FRAN>49,230000</FRAN>
    <GREC>49,230000</GREC>
    <MFTV>49,230000</MFTV>
    <PRGP>65,300000</PRGP>
    <ROSN>49,230000</ROSN>
    <SLOV>49,230000</SLOV>
    <SVIZ>49,230000</SVIZ>
    <BSP>26,300000</BSP>
  </Prezzi>
  <Prezzi>
    <Data>20150124</Data>
    <Mercato>MGP</Mercato>
    <Ora>9</Ora>
    <PUN>52,090000</PUN>
    <NAT>51,000000</NAT>
    <CNOR>51,268142</CNOR>
    <CSUD>51,268142</CSUD>
    <NORD>51,268142</NORD>
    <SARD>51,268142</SARD>
    <SICI>65,300000</SICI>
    <SUD>51,268142</SUD>
    <AUST>51,268142</AUST>
    <BRNN>51,268142</BRNN>
    <COAC>51,268142</COAC>
    <CORS>51,268142</CORS>
    <FOGN>51,268142</FOGN>
    <FRAN>51,268142</FRAN>
    <GREC>51,268142</GREC>
    <MFTV>51,268142</MFTV>
    <PRGP>65,300000</PRGP>
    <ROSN>51,268142</ROSN>
    <SLOV>51,268142</SLOV>
    <SVIZ>51,268142</SVIZ>
    <BSP>30,500000</BSP>
  </Prezzi>
  <Prezzi>
    <Data>20150124</Data>
    <Mercato>MGP</Mercato>
    <Ora>10</Ora>
    <PUN>52,755277</PUN>
    <NAT>51,900000</NAT>
    <CNOR>51,970000</CNOR>
    <CSUD>51,970000</CSUD>
    <NORD>51,970000</NORD>
    <SARD>51,970000</SARD>
    <SICI>65,300000</SICI>
    <SUD>51,970000</SUD>
    <AUST>51,970000</AUST>
    <BRNN>51,970000</BRNN>
    <COAC>51,970000</COAC>
    <CORS>51,970000</CORS>
    <FOGN>51,970000</FOGN>
    <FRAN>51,970000</FRAN>
    <GREC>51,970000</GREC>
    <MFTV>51,970000</MFTV>
    <PRGP>65,300000</PRGP>
    <ROSN>51,970000</ROSN>
    <SLOV>51,970000</SLOV>
    <SVIZ>51,970000</SVIZ>
    <BSP>36,650000</BSP>
  </Prezzi>
  <Prezzi>
    <Data>20150124</Data>
    <Mercato>MGP</Mercato>
    <Ora>11</Ora>
    <PUN>51,011356</PUN>
    <NAT>50,120000</NAT>
    <CNOR>50,130000</CNOR>
    <CSUD>50,130000</CSUD>
    <NORD>50,130000</NORD>
    <SARD>50,130000</SARD>
    <SICI>65,300000</SICI>
    <SUD>50,130000</SUD>
    <AUST>50,130000</AUST>
    <BRNN>50,130000</BRNN>
    <COAC>50,130000</COAC>
    <CORS>50,130000</CORS>
    <FOGN>50,130000</FOGN>
    <FRAN>50,130000</FRAN>
    <GREC>50,130000</GREC>
    <MFTV>50,130000</MFTV>
    <PRGP>65,300000</PRGP>
    <ROSN>50,130000</ROSN>
    <SLOV>50,130000</SLOV>
    <SVIZ>50,130000</SVIZ>
    <BSP>41,260000</BSP>
  </Prezzi>
  <Prezzi>
    <Data>20150124</Data>
    <Mercato>MGP</Mercato>
    <Ora>12</Ora>
    <PUN>50,189685</PUN>
    <NAT>48,860000</NAT>
    <CNOR>49,260000</CNOR>
    <CSUD>49,260000</CSUD>
    <NORD>49,260000</NORD>
    <SARD>49,260000</SARD>
    <SICI>65,300000</SICI>
    <SUD>49,260000</SUD>
    <AUST>49,260000</AUST>
    <BRNN>49,260000</BRNN>
    <COAC>49,260000</COAC>
    <CORS>49,260000</CORS>
    <FOGN>49,260000</FOGN>
    <FRAN>49,260000</FRAN>
    <GREC>49,260000</GREC>
    <MFTV>49,260000</MFTV>
    <PRGP>65,300000</PRGP>
    <ROSN>49,260000</ROSN>
    <SLOV>49,260000</SLOV>
    <SVIZ>49,260000</SVIZ>
    <BSP>43,210000</BSP>
  </Prezzi>
  <Prezzi>
    <Data>20150124</Data>
    <Mercato>MGP</Mercato>
    <Ora>13</Ora>
    <PUN>46,179746</PUN>
    <NAT>44,770000</NAT>
    <CNOR>45,580000</CNOR>
    <CSUD>45,580000</CSUD>
    <NORD>45,580000</NORD>
    <SARD>45,580000</SARD>
    <SICI>55,580000</SICI>
    <SUD>45,580000</SUD>
    <AUST>45,580000</AUST>
    <BRNN>45,580000</BRNN>
    <COAC>45,580000</COAC>
    <CORS>45,580000</CORS>
    <FOGN>45,580000</FOGN>
    <FRAN>45,580000</FRAN>
    <GREC>45,580000</GREC>
    <MFTV>45,580000</MFTV>
    <PRGP>55,580000</PRGP>
    <ROSN>45,580000</ROSN>
    <SLOV>45,580000</SLOV>
    <SVIZ>45,580000</SVIZ>
    <BSP>39,910000</BSP>
  </Prezzi>
  <Prezzi>
    <Data>20150124</Data>
    <Mercato>MGP</Mercato>
    <Ora>14</Ora>
    <PUN>41,000000</PUN>
    <NAT>40,710000</NAT>
    <CNOR>41,000000</CNOR>
    <CSUD>41,000000</CSUD>
    <NORD>41,000000</NORD>
    <SARD>41,000000</SARD>
    <SICI>41,000000</SICI>
    <SUD>41,000000</SUD>
    <AUST>41,000000</AUST>
    <BRNN>41,000000</BRNN>
    <COAC>41,000000</COAC>
    <CORS>41,000000</CORS>
    <FOGN>41,000000</FOGN>
    <FRAN>41,000000</FRAN>
    <GREC>41,000000</GREC>
    <MFTV>41,000000</MFTV>
    <PRGP>41,000000</PRGP>
    <ROSN>41,000000</ROSN>
    <SLOV>41,000000</SLOV>
    <SVIZ>41,000000</SVIZ>
    <BSP>36,590000</BSP>
  </Prezzi>
  <Prezzi>
    <Data>20150124</Data>
    <Mercato>MGP</Mercato>
    <Ora>15</Ora>
    <PUN>42,717268</PUN>
    <NAT>41,150000</NAT>
    <CNOR>41,210000</CNOR>
    <CSUD>41,210000</CSUD>
    <NORD>41,210000</NORD>
    <SARD>41,210000</SARD>
    <SICI>65,300000</SICI>
    <SUD>41,210000</SUD>
    <AUST>41,210000</AUST>
    <BRNN>41,210000</BRNN>
    <COAC>41,210000</COAC>
    <CORS>41,210000</CORS>
    <FOGN>41,210000</FOGN>
    <FRAN>41,210000</FRAN>
    <GREC>41,210000</GREC>
    <MFTV>41,210000</MFTV>
    <PRGP>65,300000</PRGP>
    <ROSN>41,210000</ROSN>
    <SLOV>41,210000</SLOV>
    <SVIZ>41,210000</SVIZ>
    <BSP>34,000000</BSP>
  </Prezzi>
  <Prezzi>
    <Data>20150124</Data>
    <Mercato>MGP</Mercato>
    <Ora>16</Ora>
    <PUN>45,720274</PUN>
    <NAT>44,210000</NAT>
    <CNOR>44,400000</CNOR>
    <CSUD>44,400000</CSUD>
    <NORD>44,400000</NORD>
    <SARD>44,400000</SARD>
    <SICI>65,300000</SICI>
    <SUD>44,400000</SUD>
    <AUST>44,400000</AUST>
    <BRNN>44,400000</BRNN>
    <COAC>44,400000</COAC>
    <CORS>44,400000</CORS>
    <FOGN>44,400000</FOGN>
    <FRAN>44,400000</FRAN>
    <GREC>44,400000</GREC>
    <MFTV>44,400000</MFTV>
    <PRGP>65,300000</PRGP>
    <ROSN>44,400000</ROSN>
    <SLOV>44,400000</SLOV>
    <SVIZ>44,400000</SVIZ>
    <BSP>34,510000</BSP>
  </Prezzi>
  <Prezzi>
    <Data>20150124</Data>
    <Mercato>MGP</Mercato>
    <Ora>17</Ora>
    <PUN>47,743450</PUN>
    <NAT>46,540000</NAT>
    <CNOR>46,490000</CNOR>
    <CSUD>46,490000</CSUD>
    <NORD>46,490000</NORD>
    <SARD>46,490000</SARD>
    <SICI>65,480000</SICI>
    <SUD>46,490000</SUD>
    <AUST>46,490000</AUST>
    <BRNN>46,490000</BRNN>
    <COAC>46,490000</COAC>
    <CORS>46,490000</CORS>
    <FOGN>46,490000</FOGN>
    <FRAN>46,490000</FRAN>
    <GREC>46,490000</GREC>
    <MFTV>46,490000</MFTV>
    <PRGP>65,480000</PRGP>
    <ROSN>46,490000</ROSN>
    <SLOV>46,490000</SLOV>
    <SVIZ>46,490000</SVIZ>
    <BSP>37,300000</BSP>
  </Prezzi>
  <Prezzi>
    <Data>20150124</Data>
    <Mercato>MGP</Mercato>
    <Ora>18</Ora>
    <PUN>57,738299</PUN>
    <NAT>57,770000</NAT>
    <CNOR>57,060000</CNOR>
    <CSUD>57,060000</CSUD>
    <NORD>57,060000</NORD>
    <SARD>57,060000</SARD>
    <SICI>67,360000</SICI>
    <SUD>57,060000</SUD>
    <AUST>57,060000</AUST>
    <BRNN>57,060000</BRNN>
    <COAC>57,060000</COAC>
    <CORS>57,060000</CORS>
    <FOGN>57,060000</FOGN>
    <FRAN>57,060000</FRAN>
    <GREC>57,060000</GREC>
    <MFTV>57,060000</MFTV>
    <PRGP>67,360000</PRGP>
    <ROSN>57,060000</ROSN>
    <SLOV>57,060000</SLOV>
    <SVIZ>57,060000</SVIZ>
    <BSP>45,890000</BSP>
  </Prezzi>
  <Prezzi>
    <Data>20150124</Data>
    <Mercato>MGP</Mercato>
    <Ora>19</Ora>
    <PUN>60,409507</PUN>
    <NAT>61,370000</NAT>
    <CNOR>62,990000</CNOR>
    <CSUD>62,990000</CSUD>
    <NORD>57,060000</NORD>
    <SARD>62,990000</SARD>
    <SICI>67,360000</SICI>
    <SUD>62,990000</SUD>
    <AUST>57,060000</AUST>
    <BRNN>62,990000</BRNN>
    <COAC>62,990000</COAC>
    <CORS>62,990000</CORS>
    <FOGN>62,990000</FOGN>
    <FRAN>57,060000</FRAN>
    <GREC>62,990000</GREC>
    <MFTV>57,060000</MFTV>
    <PRGP>67,360000</PRGP>
    <ROSN>62,990000</ROSN>
    <SLOV>57,060000</SLOV>
    <SVIZ>57,060000</SVIZ>
    <BSP>47,310000</BSP>
  </Prezzi>
  <Prezzi>
    <Data>20150124</Data>
    <Mercato>MGP</Mercato>
    <Ora>20</Ora>
    <PUN>61,754000</PUN>
    <NAT>62,460000</NAT>
    <CNOR>65,990000</CNOR>
    <CSUD>65,990000</CSUD>
    <NORD>57,060000</NORD>
    <SARD>65,990000</SARD>
    <SICI>67,360000</SICI>
    <SUD>65,990000</SUD>
    <AUST>57,060000</AUST>
    <BRNN>65,990000</BRNN>
    <COAC>65,990000</COAC>
    <CORS>65,990000</CORS>
    <FOGN>65,990000</FOGN>
    <FRAN>57,060000</FRAN>
    <GREC>65,990000</GREC>
    <MFTV>57,060000</MFTV>
    <PRGP>67,360000</PRGP>
    <ROSN>65,990000</ROSN>
    <SLOV>57,060000</SLOV>
    <SVIZ>57,060000</SVIZ>
    <BSP>45,000000</BSP>
  </Prezzi>
  <Prezzi>
    <Data>20150124</Data>
    <Mercato>MGP</Mercato>
    <Ora>21</Ora>
    <PUN>56,212117</PUN>
    <NAT>54,990000</NAT>
    <CNOR>60,990000</CNOR>
    <CSUD>60,990000</CSUD>
    <NORD>50,000000</NORD>
    <SARD>60,990000</SARD>
    <SICI>67,360000</SICI>
    <SUD>60,990000</SUD>
    <AUST>50,000000</AUST>
    <BRNN>60,990000</BRNN>
    <COAC>60,990000</COAC>
    <CORS>60,990000</CORS>
    <FOGN>60,990000</FOGN>
    <FRAN>50,000000</FRAN>
    <GREC>60,990000</GREC>
    <MFTV>50,000000</MFTV>
    <PRGP>67,360000</PRGP>
    <ROSN>60,990000</ROSN>
    <SLOV>50,000000</SLOV>
    <SVIZ>50,000000</SVIZ>
    <BSP>36,540000</BSP>
  </Prezzi>
  <Prezzi>
    <Data>20150124</Data>
    <Mercato>MGP</Mercato>
    <Ora>22</Ora>
    <PUN>50,527529</PUN>
    <NAT>50,000000</NAT>
    <CNOR>50,590000</CNOR>
    <CSUD>50,590000</CSUD>
    <NORD>47,940000</NORD>
    <SARD>50,590000</SARD>
    <SICI>67,360000</SICI>
    <SUD>50,590000</SUD>
    <AUST>47,940000</AUST>
    <BRNN>50,590000</BRNN>
    <COAC>50,590000</COAC>
    <CORS>50,590000</CORS>
    <FOGN>50,590000</FOGN>
    <FRAN>47,940000</FRAN>
    <GREC>50,590000</GREC>
    <MFTV>47,940000</MFTV>
    <PRGP>67,360000</PRGP>
    <ROSN>50,590000</ROSN>
    <SLOV>47,940000</SLOV>
    <SVIZ>47,940000</SVIZ>
    <BSP>31,470000</BSP>
  </Prezzi>
  <Prezzi>
    <Data>20150124</Data>
    <Mercato>MGP</Mercato>
    <Ora>23</Ora>
    <PUN>48,707472</PUN>
    <NAT>47,170000</NAT>
    <CNOR>48,030000</CNOR>
    <CSUD>48,030000</CSUD>
    <NORD>46,920000</NORD>
    <SARD>48,030000</SARD>
    <SICI>65,480000</SICI>
    <SUD>48,030000</SUD>
    <AUST>46,920000</AUST>
    <BRNN>48,030000</BRNN>
    <COAC>48,030000</COAC>
    <CORS>48,030000</CORS>
    <FOGN>48,030000</FOGN>
    <FRAN>46,920000</FRAN>
    <GREC>48,030000</GREC>
    <MFTV>46,920000</MFTV>
    <PRGP>65,480000</PRGP>
    <ROSN>48,030000</ROSN>
    <SLOV>46,920000</SLOV>
    <SVIZ>46,920000</SVIZ>
    <BSP>31,000000</BSP>
  </Prezzi>
  <Prezzi>
    <Data>20150124</Data>
    <Mercato>MGP</Mercato>
    <Ora>24</Ora>
    <PUN>47,461086</PUN>
    <NAT>45,400000</NAT>
    <CNOR>46,200000</CNOR>
    <CSUD>46,200000</CSUD>
    <NORD>46,200000</NORD>
    <SARD>46,200000</SARD>
    <SICI>65,300000</SICI>
    <SUD>46,200000</SUD>
    <AUST>46,200000</AUST>
    <BRNN>46,200000</BRNN>
    <COAC>46,200000</COAC>
    <CORS>46,200000</CORS>
    <FOGN>46,200000</FOGN>
    <FRAN>46,200000</FRAN>
    <GREC>46,200000</GREC>
    <MFTV>46,200000</MFTV>
    <PRGP>65,300000</PRGP>
    <ROSN>46,200000</ROSN>
    <SLOV>46,200000</SLOV>
    <SVIZ>46,200000</SVIZ>
    <BSP>25,800000</BSP>
  </Prezzi>
</NewDataSet>