<?xml version="1.0" standalone="yes"?>
<NewDataSet>
  <xs:schema id="NewDataSet" xmlns="" xmlns:xs="http://www.w3.org/2001/XMLSchema" xmlns:msdata="urn:schemas-microsoft-com:xml-msdata">
    <xs:element name="NewDataSet" msdata:IsDataSet="true" msdata:UseCurrentLocale="true">
      <xs:complexType>
        <xs:choice minOccurs="0" maxOccurs="unbounded">
          <xs:element name="Prezzi">
            <xs:complexType>
              <xs:sequence>
                <xs:element name="Data" type="xs:string" minOccurs="0" />
                <xs:element name="Mercato" type="xs:string" minOccurs="0" />
                <xs:element name="Ora" type="xs:string" minOccurs="0" />
                <xs:element name="PUN" type="xs:string" minOccurs="0" />
                <xs:element name="NAT" type="xs:string" minOccurs="0" />
                <xs:element name="CNOR" type="xs:string" minOccurs="0" />
                <xs:element name="CSUD" type="xs:string" minOccurs="0" />
                <xs:element name="NORD" type="xs:string" minOccurs="0" />
                <xs:element name="SARD" type="xs:string" minOccurs="0" />
                <xs:element name="SICI" type="xs:string" minOccurs="0" />
                <xs:element name="SUD" type="xs:string" minOccurs="0" />
                <xs:element name="AUST" type="xs:string" minOccurs="0" />
                <xs:element name="BRNN" type="xs:string" minOccurs="0" />
                <xs:element name="COAC" type="xs:string" minOccurs="0" />
                <xs:element name="CORS" type="xs:string" minOccurs="0" />
                <xs:element name="FOGN" type="xs:string" minOccurs="0" />
                <xs:element name="FRAN" type="xs:string" minOccurs="0" />
                <xs:element name="GREC" type="xs:string" minOccurs="0" />
                <xs:element name="MFTV" type="xs:string" minOccurs="0" />
                <xs:element name="PRGP" type="xs:string" minOccurs="0" />
                <xs:element name="ROSN" type="xs:string" minOccurs="0" />
                <xs:element name="SLOV" type="xs:string" minOccurs="0" />
                <xs:element name="SVIZ" type="xs:string" minOccurs="0" />
                <xs:element name="BSP" type="xs:string" minOccurs="0" />
              </xs:sequence>
            </xs:complexType>
          </xs:element>
        </xs:choice>
      </xs:complexType>
    </xs:element>
  </xs:schema>
  <Prezzi>
    <Data>20150121</Data>
    <Mercato>MGP</Mercato>
    <Ora>1</Ora>
    <PUN>48,687562</PUN>
    <NAT>46,500000</NAT>
    <CNOR>47,600000</CNOR>
    <CSUD>47,600000</CSUD>
    <NORD>47,600000</NORD>
    <SARD>47,600000</SARD>
    <SICI>65,480000</SICI>
    <SUD>47,600000</SUD>
    <AUST>47,600000</AUST>
    <BRNN>47,600000</BRNN>
    <COAC>47,600000</COAC>
    <CORS>47,600000</CORS>
    <FOGN>47,600000</FOGN>
    <FRAN>47,600000</FRAN>
    <GREC>47,600000</GREC>
    <MFTV>47,600000</MFTV>
    <PRGP>65,480000</PRGP>
    <ROSN>47,600000</ROSN>
    <SLOV>47,600000</SLOV>
    <SVIZ>47,600000</SVIZ>
    <BSP>32,000000</BSP>
  </Prezzi>
  <Prezzi>
    <Data>20150121</Data>
    <Mercato>MGP</Mercato>
    <Ora>2</Ora>
    <PUN>44,756940</PUN>
    <NAT>42,920000</NAT>
    <CNOR>43,510000</CNOR>
    <CSUD>43,510000</CSUD>
    <NORD>43,510000</NORD>
    <SARD>43,510000</SARD>
    <SICI>65,300000</SICI>
    <SUD>43,510000</SUD>
    <AUST>43,510000</AUST>
    <BRNN>43,510000</BRNN>
    <COAC>43,510000</COAC>
    <CORS>43,510000</CORS>
    <FOGN>43,510000</FOGN>
    <FRAN>43,510000</FRAN>
    <GREC>43,510000</GREC>
    <MFTV>43,510000</MFTV>
    <PRGP>65,300000</PRGP>
    <ROSN>43,510000</ROSN>
    <SLOV>43,510000</SLOV>
    <SVIZ>43,510000</SVIZ>
    <BSP>31,150000</BSP>
  </Prezzi>
  <Prezzi>
    <Data>20150121</Data>
    <Mercato>MGP</Mercato>
    <Ora>3</Ora>
    <PUN>44,124363</PUN>
    <NAT>41,490000</NAT>
    <CNOR>42,870000</CNOR>
    <CSUD>42,870000</CSUD>
    <NORD>42,870000</NORD>
    <SARD>42,870000</SARD>
    <SICI>65,300000</SICI>
    <SUD>42,870000</SUD>
    <AUST>42,870000</AUST>
    <BRNN>42,870000</BRNN>
    <COAC>42,870000</COAC>
    <CORS>42,870000</CORS>
    <FOGN>42,870000</FOGN>
    <FRAN>42,870000</FRAN>
    <GREC>42,870000</GREC>
    <MFTV>42,870000</MFTV>
    <PRGP>65,300000</PRGP>
    <ROSN>42,870000</ROSN>
    <SLOV>42,870000</SLOV>
    <SVIZ>42,870000</SVIZ>
    <BSP>30,100000</BSP>
  </Prezzi>
  <Prezzi>
    <Data>20150121</Data>
    <Mercato>MGP</Mercato>
    <Ora>4</Ora>
    <PUN>44,089039</PUN>
    <NAT>40,010000</NAT>
    <CNOR>42,870000</CNOR>
    <CSUD>42,870000</CSUD>
    <NORD>42,870000</NORD>
    <SARD>42,870000</SARD>
    <SICI>65,300000</SICI>
    <SUD>42,870000</SUD>
    <AUST>42,870000</AUST>
    <BRNN>42,870000</BRNN>
    <COAC>42,870000</COAC>
    <CORS>42,870000</CORS>
    <FOGN>42,870000</FOGN>
    <FRAN>42,870000</FRAN>
    <GREC>42,870000</GREC>
    <MFTV>42,870000</MFTV>
    <PRGP>65,300000</PRGP>
    <ROSN>42,870000</ROSN>
    <SLOV>42,870000</SLOV>
    <SVIZ>42,870000</SVIZ>
    <BSP>30,000000</BSP>
  </Prezzi>
  <Prezzi>
    <Data>20150121</Data>
    <Mercato>MGP</Mercato>
    <Ora>5</Ora>
    <PUN>44,106195</PUN>
    <NAT>40,500000</NAT>
    <CNOR>42,920000</CNOR>
    <CSUD>42,920000</CSUD>
    <NORD>42,920000</NORD>
    <SARD>42,920000</SARD>
    <SICI>65,300000</SICI>
    <SUD>42,920000</SUD>
    <AUST>42,920000</AUST>
    <BRNN>42,920000</BRNN>
    <COAC>42,920000</COAC>
    <CORS>42,920000</CORS>
    <FOGN>42,920000</FOGN>
    <FRAN>42,920000</FRAN>
    <GREC>42,920000</GREC>
    <MFTV>42,920000</MFTV>
    <PRGP>65,300000</PRGP>
    <ROSN>42,920000</ROSN>
    <SLOV>42,920000</SLOV>
    <SVIZ>42,920000</SVIZ>
    <BSP>30,660000</BSP>
  </Prezzi>
  <Prezzi>
    <Data>20150121</Data>
    <Mercato>MGP</Mercato>
    <Ora>6</Ora>
    <PUN>44,315426</PUN>
    <NAT>41,490000</NAT>
    <CNOR>43,170000</CNOR>
    <CSUD>43,170000</CSUD>
    <NORD>43,170000</NORD>
    <SARD>43,170000</SARD>
    <SICI>65,300000</SICI>
    <SUD>43,170000</SUD>
    <AUST>43,170000</AUST>
    <BRNN>43,170000</BRNN>
    <COAC>43,170000</COAC>
    <CORS>43,170000</CORS>
    <FOGN>43,170000</FOGN>
    <FRAN>43,170000</FRAN>
    <GREC>43,170000</GREC>
    <MFTV>43,170000</MFTV>
    <PRGP>65,300000</PRGP>
    <ROSN>43,170000</ROSN>
    <SLOV>43,170000</SLOV>
    <SVIZ>43,170000</SVIZ>
    <BSP>33,620000</BSP>
  </Prezzi>
  <Prezzi>
    <Data>20150121</Data>
    <Mercato>MGP</Mercato>
    <Ora>7</Ora>
    <PUN>50,883355</PUN>
    <NAT>49,950000</NAT>
    <CNOR>50,110000</CNOR>
    <CSUD>50,110000</CSUD>
    <NORD>50,110000</NORD>
    <SARD>50,110000</SARD>
    <SICI>65,300000</SICI>
    <SUD>50,110000</SUD>
    <AUST>50,110000</AUST>
    <BRNN>50,110000</BRNN>
    <COAC>50,110000</COAC>
    <CORS>50,110000</CORS>
    <FOGN>50,110000</FOGN>
    <FRAN>50,110000</FRAN>
    <GREC>50,110000</GREC>
    <MFTV>50,110000</MFTV>
    <PRGP>65,300000</PRGP>
    <ROSN>50,110000</ROSN>
    <SLOV>50,110000</SLOV>
    <SVIZ>50,110000</SVIZ>
    <BSP>41,440000</BSP>
  </Prezzi>
  <Prezzi>
    <Data>20150121</Data>
    <Mercato>MGP</Mercato>
    <Ora>8</Ora>
    <PUN>56,461188</PUN>
    <NAT>57,140000</NAT>
    <CNOR>55,890000</CNOR>
    <CSUD>55,890000</CSUD>
    <NORD>55,890000</NORD>
    <SARD>55,890000</SARD>
    <SICI>67,360000</SICI>
    <SUD>55,890000</SUD>
    <AUST>55,890000</AUST>
    <BRNN>55,890000</BRNN>
    <COAC>55,890000</COAC>
    <CORS>55,890000</CORS>
    <FOGN>55,890000</FOGN>
    <FRAN>55,890000</FRAN>
    <GREC>55,890000</GREC>
    <MFTV>55,890000</MFTV>
    <PRGP>67,360000</PRGP>
    <ROSN>55,890000</ROSN>
    <SLOV>55,890000</SLOV>
    <SVIZ>55,890000</SVIZ>
    <BSP>53,920000</BSP>
  </Prezzi>
  <Prezzi>
    <Data>20150121</Data>
    <Mercato>MGP</Mercato>
    <Ora>9</Ora>
    <PUN>67,360000</PUN>
    <NAT>66,360000</NAT>
    <CNOR>67,360000</CNOR>
    <CSUD>67,360000</CSUD>
    <NORD>67,360000</NORD>
    <SARD>67,360000</SARD>
    <SICI>67,360000</SICI>
    <SUD>67,360000</SUD>
    <AUST>67,360000</AUST>
    <BRNN>67,360000</BRNN>
    <COAC>67,360000</COAC>
    <CORS>67,360000</CORS>
    <FOGN>67,360000</FOGN>
    <FRAN>67,360000</FRAN>
    <GREC>67,360000</GREC>
    <MFTV>67,360000</MFTV>
    <PRGP>67,360000</PRGP>
    <ROSN>67,360000</ROSN>
    <SLOV>67,360000</SLOV>
    <SVIZ>67,360000</SVIZ>
    <BSP>57,450000</BSP>
  </Prezzi>
  <Prezzi>
    <Data>20150121</Data>
    <Mercato>MGP</Mercato>
    <Ora>10</Ora>
    <PUN>62,645900</PUN>
    <NAT>62,700000</NAT>
    <CNOR>62,500000</CNOR>
    <CSUD>62,500000</CSUD>
    <NORD>62,500000</NORD>
    <SARD>62,500000</SARD>
    <SICI>65,480000</SICI>
    <SUD>62,500000</SUD>
    <AUST>62,500000</AUST>
    <BRNN>62,500000</BRNN>
    <COAC>62,500000</COAC>
    <CORS>62,500000</CORS>
    <FOGN>62,500000</FOGN>
    <FRAN>62,500000</FRAN>
    <GREC>62,500000</GREC>
    <MFTV>62,500000</MFTV>
    <PRGP>65,480000</PRGP>
    <ROSN>62,500000</ROSN>
    <SLOV>62,500000</SLOV>
    <SVIZ>62,500000</SVIZ>
    <BSP>56,100000</BSP>
  </Prezzi>
  <Prezzi>
    <Data>20150121</Data>
    <Mercato>MGP</Mercato>
    <Ora>11</Ora>
    <PUN>62,678318</PUN>
    <NAT>62,890000</NAT>
    <CNOR>62,540000</CNOR>
    <CSUD>62,540000</CSUD>
    <NORD>62,540000</NORD>
    <SARD>62,540000</SARD>
    <SICI>65,480000</SICI>
    <SUD>62,540000</SUD>
    <AUST>62,540000</AUST>
    <BRNN>62,540000</BRNN>
    <COAC>62,540000</COAC>
    <CORS>62,540000</CORS>
    <FOGN>62,540000</FOGN>
    <FRAN>62,540000</FRAN>
    <GREC>62,540000</GREC>
    <MFTV>62,540000</MFTV>
    <PRGP>65,480000</PRGP>
    <ROSN>62,540000</ROSN>
    <SLOV>62,540000</SLOV>
    <SVIZ>62,540000</SVIZ>
    <BSP>54,950000</BSP>
  </Prezzi>
  <Prezzi>
    <Data>20150121</Data>
    <Mercato>MGP</Mercato>
    <Ora>12</Ora>
    <PUN>57,695621</PUN>
    <NAT>57,070000</NAT>
    <CNOR>57,320000</CNOR>
    <CSUD>57,320000</CSUD>
    <NORD>57,320000</NORD>
    <SARD>57,320000</SARD>
    <SICI>65,300000</SICI>
    <SUD>57,320000</SUD>
    <AUST>57,320000</AUST>
    <BRNN>57,320000</BRNN>
    <COAC>57,320000</COAC>
    <CORS>57,320000</CORS>
    <FOGN>57,320000</FOGN>
    <FRAN>57,320000</FRAN>
    <GREC>57,320000</GREC>
    <MFTV>57,320000</MFTV>
    <PRGP>65,300000</PRGP>
    <ROSN>57,320000</ROSN>
    <SLOV>57,320000</SLOV>
    <SVIZ>57,320000</SVIZ>
    <BSP>52,760000</BSP>
  </Prezzi>
  <Prezzi>
    <Data>20150121</Data>
    <Mercato>MGP</Mercato>
    <Ora>13</Ora>
    <PUN>52,666150</PUN>
    <NAT>52,010000</NAT>
    <CNOR>52,010000</CNOR>
    <CSUD>52,010000</CSUD>
    <NORD>52,010000</NORD>
    <SARD>52,010000</SARD>
    <SICI>65,300000</SICI>
    <SUD>52,010000</SUD>
    <AUST>52,010000</AUST>
    <BRNN>52,010000</BRNN>
    <COAC>52,010000</COAC>
    <CORS>52,010000</CORS>
    <FOGN>52,010000</FOGN>
    <FRAN>52,010000</FRAN>
    <GREC>52,010000</GREC>
    <MFTV>52,010000</MFTV>
    <PRGP>65,300000</PRGP>
    <ROSN>52,010000</ROSN>
    <SLOV>52,010000</SLOV>
    <SVIZ>52,010000</SVIZ>
    <BSP>50,470000</BSP>
  </Prezzi>
  <Prezzi>
    <Data>20150121</Data>
    <Mercato>MGP</Mercato>
    <Ora>14</Ora>
    <PUN>51,939203</PUN>
    <NAT>51,250000</NAT>
    <CNOR>51,250000</CNOR>
    <CSUD>51,250000</CSUD>
    <NORD>51,250000</NORD>
    <SARD>51,250000</SARD>
    <SICI>65,300000</SICI>
    <SUD>51,250000</SUD>
    <AUST>51,250000</AUST>
    <BRNN>51,250000</BRNN>
    <COAC>51,250000</COAC>
    <CORS>51,250000</CORS>
    <FOGN>51,250000</FOGN>
    <FRAN>51,250000</FRAN>
    <GREC>51,250000</GREC>
    <MFTV>51,250000</MFTV>
    <PRGP>65,300000</PRGP>
    <ROSN>51,250000</ROSN>
    <SLOV>51,250000</SLOV>
    <SVIZ>51,250000</SVIZ>
    <BSP>49,210000</BSP>
  </Prezzi>
  <Prezzi>
    <Data>20150121</Data>
    <Mercato>MGP</Mercato>
    <Ora>15</Ora>
    <PUN>52,723371</PUN>
    <NAT>52,070000</NAT>
    <CNOR>52,090000</CNOR>
    <CSUD>52,090000</CSUD>
    <NORD>52,090000</NORD>
    <SARD>52,090000</SARD>
    <SICI>65,300000</SICI>
    <SUD>52,090000</SUD>
    <AUST>52,090000</AUST>
    <BRNN>52,090000</BRNN>
    <COAC>52,090000</COAC>
    <CORS>52,090000</CORS>
    <FOGN>52,090000</FOGN>
    <FRAN>52,090000</FRAN>
    <GREC>52,090000</GREC>
    <MFTV>52,090000</MFTV>
    <PRGP>65,300000</PRGP>
    <ROSN>52,090000</ROSN>
    <SLOV>52,090000</SLOV>
    <SVIZ>52,090000</SVIZ>
    <BSP>49,020000</BSP>
  </Prezzi>
  <Prezzi>
    <Data>20150121</Data>
    <Mercato>MGP</Mercato>
    <Ora>16</Ora>
    <PUN>54,304716</PUN>
    <NAT>53,770000</NAT>
    <CNOR>53,740000</CNOR>
    <CSUD>53,740000</CSUD>
    <NORD>53,740000</NORD>
    <SARD>53,740000</SARD>
    <SICI>65,480000</SICI>
    <SUD>53,740000</SUD>
    <AUST>53,740000</AUST>
    <BRNN>53,740000</BRNN>
    <COAC>53,740000</COAC>
    <CORS>53,740000</CORS>
    <FOGN>53,740000</FOGN>
    <FRAN>53,740000</FRAN>
    <GREC>53,740000</GREC>
    <MFTV>53,740000</MFTV>
    <PRGP>65,480000</PRGP>
    <ROSN>53,740000</ROSN>
    <SLOV>53,740000</SLOV>
    <SVIZ>53,740000</SVIZ>
    <BSP>49,000000</BSP>
  </Prezzi>
  <Prezzi>
    <Data>20150121</Data>
    <Mercato>MGP</Mercato>
    <Ora>17</Ora>
    <PUN>54,682052</PUN>
    <NAT>54,600000</NAT>
    <CNOR>54,000000</CNOR>
    <CSUD>54,000000</CSUD>
    <NORD>54,000000</NORD>
    <SARD>54,000000</SARD>
    <SICI>67,360000</SICI>
    <SUD>54,000000</SUD>
    <AUST>54,000000</AUST>
    <BRNN>54,000000</BRNN>
    <COAC>54,000000</COAC>
    <CORS>54,000000</CORS>
    <FOGN>54,000000</FOGN>
    <FRAN>54,000000</FRAN>
    <GREC>54,000000</GREC>
    <MFTV>54,000000</MFTV>
    <PRGP>67,360000</PRGP>
    <ROSN>54,000000</ROSN>
    <SLOV>54,000000</SLOV>
    <SVIZ>54,000000</SVIZ>
    <BSP>52,480000</BSP>
  </Prezzi>
  <Prezzi>
    <Data>20150121</Data>
    <Mercato>MGP</Mercato>
    <Ora>18</Ora>
    <PUN>61,488302</PUN>
    <NAT>62,500000</NAT>
    <CNOR>61,150000</CNOR>
    <CSUD>61,150000</CSUD>
    <NORD>61,150000</NORD>
    <SARD>61,150000</SARD>
    <SICI>67,360000</SICI>
    <SUD>61,150000</SUD>
    <AUST>61,150000</AUST>
    <BRNN>61,150000</BRNN>
    <COAC>61,150000</COAC>
    <CORS>61,150000</CORS>
    <FOGN>61,150000</FOGN>
    <FRAN>61,150000</FRAN>
    <GREC>61,150000</GREC>
    <MFTV>61,150000</MFTV>
    <PRGP>67,360000</PRGP>
    <ROSN>59,900000</ROSN>
    <SLOV>61,150000</SLOV>
    <SVIZ>61,150000</SVIZ>
    <BSP>57,370000</BSP>
  </Prezzi>
  <Prezzi>
    <Data>20150121</Data>
    <Mercato>MGP</Mercato>
    <Ora>19</Ora>
    <PUN>64,137132</PUN>
    <NAT>65,150000</NAT>
    <CNOR>63,550000</CNOR>
    <CSUD>63,550000</CSUD>
    <NORD>63,550000</NORD>
    <SARD>63,550000</SARD>
    <SICI>73,800000</SICI>
    <SUD>63,550000</SUD>
    <AUST>63,550000</AUST>
    <BRNN>63,550000</BRNN>
    <COAC>63,550000</COAC>
    <CORS>63,550000</CORS>
    <FOGN>63,550000</FOGN>
    <FRAN>63,550000</FRAN>
    <GREC>63,550000</GREC>
    <MFTV>63,550000</MFTV>
    <PRGP>73,800000</PRGP>
    <ROSN>62,500000</ROSN>
    <SLOV>63,550000</SLOV>
    <SVIZ>63,550000</SVIZ>
    <BSP>59,370000</BSP>
  </Prezzi>
  <Prezzi>
    <Data>20150121</Data>
    <Mercato>MGP</Mercato>
    <Ora>20</Ora>
    <PUN>58,762123</PUN>
    <NAT>57,810000</NAT>
    <CNOR>61,500000</CNOR>
    <CSUD>61,500000</CSUD>
    <NORD>54,600000</NORD>
    <SARD>61,500000</SARD>
    <SICI>73,800000</SICI>
    <SUD>61,500000</SUD>
    <AUST>54,600000</AUST>
    <BRNN>61,500000</BRNN>
    <COAC>61,500000</COAC>
    <CORS>61,500000</CORS>
    <FOGN>61,500000</FOGN>
    <FRAN>54,600000</FRAN>
    <GREC>61,500000</GREC>
    <MFTV>54,600000</MFTV>
    <PRGP>73,800000</PRGP>
    <ROSN>56,030000</ROSN>
    <SLOV>54,600000</SLOV>
    <SVIZ>54,600000</SVIZ>
    <BSP>54,260000</BSP>
  </Prezzi>
  <Prezzi>
    <Data>20150121</Data>
    <Mercato>MGP</Mercato>
    <Ora>21</Ora>
    <PUN>53,905412</PUN>
    <NAT>54,330000</NAT>
    <CNOR>54,000000</CNOR>
    <CSUD>54,000000</CSUD>
    <NORD>51,250000</NORD>
    <SARD>54,000000</SARD>
    <SICI>73,800000</SICI>
    <SUD>54,000000</SUD>
    <AUST>51,250000</AUST>
    <BRNN>54,000000</BRNN>
    <COAC>54,000000</COAC>
    <CORS>54,000000</CORS>
    <FOGN>54,000000</FOGN>
    <FRAN>51,250000</FRAN>
    <GREC>54,000000</GREC>
    <MFTV>51,250000</MFTV>
    <PRGP>73,800000</PRGP>
    <ROSN>54,000000</ROSN>
    <SLOV>51,250000</SLOV>
    <SVIZ>51,250000</SVIZ>
    <BSP>47,680000</BSP>
  </Prezzi>
  <Prezzi>
    <Data>20150121</Data>
    <Mercato>MGP</Mercato>
    <Ora>22</Ora>
    <PUN>52,048441</PUN>
    <NAT>51,720000</NAT>
    <CNOR>51,010000</CNOR>
    <CSUD>51,010000</CSUD>
    <NORD>51,010000</NORD>
    <SARD>51,010000</SARD>
    <SICI>67,360000</SICI>
    <SUD>51,010000</SUD>
    <AUST>51,010000</AUST>
    <BRNN>51,010000</BRNN>
    <COAC>51,010000</COAC>
    <CORS>51,010000</CORS>
    <FOGN>51,010000</FOGN>
    <FRAN>51,010000</FRAN>
    <GREC>51,010000</GREC>
    <MFTV>51,010000</MFTV>
    <PRGP>67,360000</PRGP>
    <ROSN>51,010000</ROSN>
    <SLOV>51,010000</SLOV>
    <SVIZ>51,010000</SVIZ>
    <BSP>43,520000</BSP>
  </Prezzi>
  <Prezzi>
    <Data>20150121</Data>
    <Mercato>MGP</Mercato>
    <Ora>23</Ora>
    <PUN>50,765929</PUN>
    <NAT>49,910000</NAT>
    <CNOR>49,760000</CNOR>
    <CSUD>49,760000</CSUD>
    <NORD>49,760000</NORD>
    <SARD>49,760000</SARD>
    <SICI>65,480000</SICI>
    <SUD>49,760000</SUD>
    <AUST>49,760000</AUST>
    <BRNN>49,760000</BRNN>
    <COAC>49,760000</COAC>
    <CORS>49,760000</CORS>
    <FOGN>49,760000</FOGN>
    <FRAN>49,760000</FRAN>
    <GREC>49,760000</GREC>
    <MFTV>49,760000</MFTV>
    <PRGP>65,480000</PRGP>
    <ROSN>49,760000</ROSN>
    <SLOV>49,760000</SLOV>
    <SVIZ>49,760000</SVIZ>
    <BSP>37,610000</BSP>
  </Prezzi>
  <Prezzi>
    <Data>20150121</Data>
    <Mercato>MGP</Mercato>
    <Ora>24</Ora>
    <PUN>48,483206</PUN>
    <NAT>46,000000</NAT>
    <CNOR>47,380000</CNOR>
    <CSUD>47,380000</CSUD>
    <NORD>47,380000</NORD>
    <SARD>47,380000</SARD>
    <SICI>65,300000</SICI>
    <SUD>47,380000</SUD>
    <AUST>47,380000</AUST>
    <BRNN>47,380000</BRNN>
    <COAC>47,380000</COAC>
    <CORS>47,380000</CORS>
    <FOGN>47,380000</FOGN>
    <FRAN>47,380000</FRAN>
    <GREC>47,380000</GREC>
    <MFTV>47,380000</MFTV>
    <PRGP>65,300000</PRGP>
    <ROSN>47,380000</ROSN>
    <SLOV>47,380000</SLOV>
    <SVIZ>47,380000</SVIZ>
    <BSP>31,100000</BSP>
  </Prezzi>
</NewDataSet>