<?xml version="1.0" standalone="yes"?>
<NewDataSet>
  <xs:schema id="NewDataSet" xmlns="" xmlns:xs="http://www.w3.org/2001/XMLSchema" xmlns:msdata="urn:schemas-microsoft-com:xml-msdata">
    <xs:element name="NewDataSet" msdata:IsDataSet="true" msdata:UseCurrentLocale="true">
      <xs:complexType>
        <xs:choice minOccurs="0" maxOccurs="unbounded">
          <xs:element name="Prezzi">
            <xs:complexType>
              <xs:sequence>
                <xs:element name="Data" type="xs:string" minOccurs="0" />
                <xs:element name="Mercato" type="xs:string" minOccurs="0" />
                <xs:element name="Ora" type="xs:string" minOccurs="0" />
                <xs:element name="PUN" type="xs:string" minOccurs="0" />
                <xs:element name="NAT" type="xs:string" minOccurs="0" />
                <xs:element name="CNOR" type="xs:string" minOccurs="0" />
                <xs:element name="CSUD" type="xs:string" minOccurs="0" />
                <xs:element name="NORD" type="xs:string" minOccurs="0" />
                <xs:element name="SARD" type="xs:string" minOccurs="0" />
                <xs:element name="SICI" type="xs:string" minOccurs="0" />
                <xs:element name="SUD" type="xs:string" minOccurs="0" />
                <xs:element name="AUST" type="xs:string" minOccurs="0" />
                <xs:element name="BRNN" type="xs:string" minOccurs="0" />
                <xs:element name="COAC" type="xs:string" minOccurs="0" />
                <xs:element name="CORS" type="xs:string" minOccurs="0" />
                <xs:element name="FOGN" type="xs:string" minOccurs="0" />
                <xs:element name="FRAN" type="xs:string" minOccurs="0" />
                <xs:element name="GREC" type="xs:string" minOccurs="0" />
                <xs:element name="MFTV" type="xs:string" minOccurs="0" />
                <xs:element name="PRGP" type="xs:string" minOccurs="0" />
                <xs:element name="ROSN" type="xs:string" minOccurs="0" />
                <xs:element name="SLOV" type="xs:string" minOccurs="0" />
                <xs:element name="SVIZ" type="xs:string" minOccurs="0" />
                <xs:element name="BSP" type="xs:string" minOccurs="0" />
              </xs:sequence>
            </xs:complexType>
          </xs:element>
        </xs:choice>
      </xs:complexType>
    </xs:element>
  </xs:schema>
  <Prezzi>
    <Data>20150123</Data>
    <Mercato>MGP</Mercato>
    <Ora>1</Ora>
    <PUN>45,291175</PUN>
    <NAT>43,000000</NAT>
    <CNOR>44,000000</CNOR>
    <CSUD>44,000000</CSUD>
    <NORD>44,000000</NORD>
    <SARD>44,000000</SARD>
    <SICI>65,300000</SICI>
    <SUD>44,000000</SUD>
    <AUST>44,000000</AUST>
    <BRNN>44,000000</BRNN>
    <COAC>44,000000</COAC>
    <CORS>44,000000</CORS>
    <FOGN>44,000000</FOGN>
    <FRAN>44,000000</FRAN>
    <GREC>44,000000</GREC>
    <MFTV>44,000000</MFTV>
    <PRGP>65,300000</PRGP>
    <ROSN>44,000000</ROSN>
    <SLOV>44,000000</SLOV>
    <SVIZ>44,000000</SVIZ>
    <BSP>30,240000</BSP>
  </Prezzi>
  <Prezzi>
    <Data>20150123</Data>
    <Mercato>MGP</Mercato>
    <Ora>2</Ora>
    <PUN>42,634534</PUN>
    <NAT>41,500000</NAT>
    <CNOR>42,490000</CNOR>
    <CSUD>42,490000</CSUD>
    <NORD>42,490000</NORD>
    <SARD>42,490000</SARD>
    <SICI>44,990000</SICI>
    <SUD>42,490000</SUD>
    <AUST>42,490000</AUST>
    <BRNN>42,490000</BRNN>
    <COAC>42,490000</COAC>
    <CORS>42,490000</CORS>
    <FOGN>42,490000</FOGN>
    <FRAN>42,490000</FRAN>
    <GREC>42,490000</GREC>
    <MFTV>42,490000</MFTV>
    <PRGP>44,990000</PRGP>
    <ROSN>42,490000</ROSN>
    <SLOV>42,490000</SLOV>
    <SVIZ>42,490000</SVIZ>
    <BSP>30,130000</BSP>
  </Prezzi>
  <Prezzi>
    <Data>20150123</Data>
    <Mercato>MGP</Mercato>
    <Ora>3</Ora>
    <PUN>40,860000</PUN>
    <NAT>39,340000</NAT>
    <CNOR>40,860000</CNOR>
    <CSUD>40,860000</CSUD>
    <NORD>40,860000</NORD>
    <SARD>40,860000</SARD>
    <SICI>40,860000</SICI>
    <SUD>40,860000</SUD>
    <AUST>40,860000</AUST>
    <BRNN>40,860000</BRNN>
    <COAC>40,860000</COAC>
    <CORS>40,860000</CORS>
    <FOGN>40,860000</FOGN>
    <FRAN>40,860000</FRAN>
    <GREC>40,860000</GREC>
    <MFTV>40,860000</MFTV>
    <PRGP>40,860000</PRGP>
    <ROSN>40,860000</ROSN>
    <SLOV>40,860000</SLOV>
    <SVIZ>40,860000</SVIZ>
    <BSP>29,500000</BSP>
  </Prezzi>
  <Prezzi>
    <Data>20150123</Data>
    <Mercato>MGP</Mercato>
    <Ora>4</Ora>
    <PUN>39,560000</PUN>
    <NAT>37,000000</NAT>
    <CNOR>39,560000</CNOR>
    <CSUD>39,560000</CSUD>
    <NORD>39,560000</NORD>
    <SARD>39,560000</SARD>
    <SICI>39,560000</SICI>
    <SUD>39,560000</SUD>
    <AUST>39,560000</AUST>
    <BRNN>39,560000</BRNN>
    <COAC>39,560000</COAC>
    <CORS>39,560000</CORS>
    <FOGN>39,560000</FOGN>
    <FRAN>39,560000</FRAN>
    <GREC>39,560000</GREC>
    <MFTV>39,560000</MFTV>
    <PRGP>39,560000</PRGP>
    <ROSN>39,560000</ROSN>
    <SLOV>39,560000</SLOV>
    <SVIZ>39,560000</SVIZ>
    <BSP>29,340000</BSP>
  </Prezzi>
  <Prezzi>
    <Data>20150123</Data>
    <Mercato>MGP</Mercato>
    <Ora>5</Ora>
    <PUN>38,870000</PUN>
    <NAT>36,880000</NAT>
    <CNOR>38,870000</CNOR>
    <CSUD>38,870000</CSUD>
    <NORD>38,870000</NORD>
    <SARD>38,870000</SARD>
    <SICI>38,870000</SICI>
    <SUD>38,870000</SUD>
    <AUST>38,870000</AUST>
    <BRNN>38,870000</BRNN>
    <COAC>38,870000</COAC>
    <CORS>38,870000</CORS>
    <FOGN>38,870000</FOGN>
    <FRAN>38,870000</FRAN>
    <GREC>38,870000</GREC>
    <MFTV>38,870000</MFTV>
    <PRGP>38,870000</PRGP>
    <ROSN>38,870000</ROSN>
    <SLOV>38,870000</SLOV>
    <SVIZ>38,870000</SVIZ>
    <BSP>30,440000</BSP>
  </Prezzi>
  <Prezzi>
    <Data>20150123</Data>
    <Mercato>MGP</Mercato>
    <Ora>6</Ora>
    <PUN>41,000000</PUN>
    <NAT>39,570000</NAT>
    <CNOR>41,000000</CNOR>
    <CSUD>41,000000</CSUD>
    <NORD>41,000000</NORD>
    <SARD>41,000000</SARD>
    <SICI>41,000000</SICI>
    <SUD>41,000000</SUD>
    <AUST>41,000000</AUST>
    <BRNN>41,000000</BRNN>
    <COAC>41,000000</COAC>
    <CORS>41,000000</CORS>
    <FOGN>41,000000</FOGN>
    <FRAN>41,000000</FRAN>
    <GREC>41,000000</GREC>
    <MFTV>41,000000</MFTV>
    <PRGP>41,000000</PRGP>
    <ROSN>41,000000</ROSN>
    <SLOV>41,000000</SLOV>
    <SVIZ>41,000000</SVIZ>
    <BSP>32,700000</BSP>
  </Prezzi>
  <Prezzi>
    <Data>20150123</Data>
    <Mercato>MGP</Mercato>
    <Ora>7</Ora>
    <PUN>48,906490</PUN>
    <NAT>47,130000</NAT>
    <CNOR>48,000000</CNOR>
    <CSUD>48,000000</CSUD>
    <NORD>48,000000</NORD>
    <SARD>48,000000</SARD>
    <SICI>65,300000</SICI>
    <SUD>48,000000</SUD>
    <AUST>48,000000</AUST>
    <BRNN>48,000000</BRNN>
    <COAC>48,000000</COAC>
    <CORS>48,000000</CORS>
    <FOGN>48,000000</FOGN>
    <FRAN>48,000000</FRAN>
    <GREC>48,000000</GREC>
    <MFTV>48,000000</MFTV>
    <PRGP>65,300000</PRGP>
    <ROSN>48,000000</ROSN>
    <SLOV>48,000000</SLOV>
    <SVIZ>48,000000</SVIZ>
    <BSP>38,760000</BSP>
  </Prezzi>
  <Prezzi>
    <Data>20150123</Data>
    <Mercato>MGP</Mercato>
    <Ora>8</Ora>
    <PUN>56,341426</PUN>
    <NAT>55,800000</NAT>
    <CNOR>56,000000</CNOR>
    <CSUD>56,000000</CSUD>
    <NORD>56,000000</NORD>
    <SARD>56,000000</SARD>
    <SICI>65,480000</SICI>
    <SUD>54,330000</SUD>
    <AUST>56,000000</AUST>
    <BRNN>54,330000</BRNN>
    <COAC>56,000000</COAC>
    <CORS>56,000000</CORS>
    <FOGN>54,330000</FOGN>
    <FRAN>56,000000</FRAN>
    <GREC>54,330000</GREC>
    <MFTV>56,000000</MFTV>
    <PRGP>65,480000</PRGP>
    <ROSN>54,330000</ROSN>
    <SLOV>56,000000</SLOV>
    <SVIZ>56,000000</SVIZ>
    <BSP>52,700000</BSP>
  </Prezzi>
  <Prezzi>
    <Data>20150123</Data>
    <Mercato>MGP</Mercato>
    <Ora>9</Ora>
    <PUN>61,880521</PUN>
    <NAT>62,000000</NAT>
    <CNOR>62,100000</CNOR>
    <CSUD>62,100000</CSUD>
    <NORD>62,100000</NORD>
    <SARD>62,100000</SARD>
    <SICI>65,480000</SICI>
    <SUD>57,060000</SUD>
    <AUST>62,100000</AUST>
    <BRNN>57,060000</BRNN>
    <COAC>62,100000</COAC>
    <CORS>62,100000</CORS>
    <FOGN>57,060000</FOGN>
    <FRAN>62,100000</FRAN>
    <GREC>57,060000</GREC>
    <MFTV>62,100000</MFTV>
    <PRGP>65,480000</PRGP>
    <ROSN>57,060000</ROSN>
    <SLOV>62,100000</SLOV>
    <SVIZ>62,100000</SVIZ>
    <BSP>57,250000</BSP>
  </Prezzi>
  <Prezzi>
    <Data>20150123</Data>
    <Mercato>MGP</Mercato>
    <Ora>10</Ora>
    <PUN>62,260513</PUN>
    <NAT>62,650000</NAT>
    <CNOR>62,700000</CNOR>
    <CSUD>62,700000</CSUD>
    <NORD>62,700000</NORD>
    <SARD>62,700000</SARD>
    <SICI>65,480000</SICI>
    <SUD>55,110000</SUD>
    <AUST>62,700000</AUST>
    <BRNN>55,110000</BRNN>
    <COAC>62,700000</COAC>
    <CORS>62,700000</CORS>
    <FOGN>55,110000</FOGN>
    <FRAN>62,700000</FRAN>
    <GREC>55,110000</GREC>
    <MFTV>62,700000</MFTV>
    <PRGP>65,480000</PRGP>
    <ROSN>55,110000</ROSN>
    <SLOV>62,700000</SLOV>
    <SVIZ>62,700000</SVIZ>
    <BSP>55,200000</BSP>
  </Prezzi>
  <Prezzi>
    <Data>20150123</Data>
    <Mercato>MGP</Mercato>
    <Ora>11</Ora>
    <PUN>64,131306</PUN>
    <NAT>63,650000</NAT>
    <CNOR>64,920000</CNOR>
    <CSUD>64,920000</CSUD>
    <NORD>64,920000</NORD>
    <SARD>64,920000</SARD>
    <SICI>65,480000</SICI>
    <SUD>54,350000</SUD>
    <AUST>64,920000</AUST>
    <BRNN>54,350000</BRNN>
    <COAC>64,920000</COAC>
    <CORS>64,920000</CORS>
    <FOGN>54,350000</FOGN>
    <FRAN>64,920000</FRAN>
    <GREC>54,350000</GREC>
    <MFTV>64,920000</MFTV>
    <PRGP>65,480000</PRGP>
    <ROSN>54,350000</ROSN>
    <SLOV>64,920000</SLOV>
    <SVIZ>64,920000</SVIZ>
    <BSP>55,850000</BSP>
  </Prezzi>
  <Prezzi>
    <Data>20150123</Data>
    <Mercato>MGP</Mercato>
    <Ora>12</Ora>
    <PUN>60,703628</PUN>
    <NAT>60,450000</NAT>
    <CNOR>61,000000</CNOR>
    <CSUD>61,000000</CSUD>
    <NORD>61,000000</NORD>
    <SARD>61,000000</SARD>
    <SICI>65,480000</SICI>
    <SUD>54,340000</SUD>
    <AUST>61,000000</AUST>
    <BRNN>54,340000</BRNN>
    <COAC>61,000000</COAC>
    <CORS>61,000000</CORS>
    <FOGN>54,340000</FOGN>
    <FRAN>61,000000</FRAN>
    <GREC>54,340000</GREC>
    <MFTV>61,000000</MFTV>
    <PRGP>65,480000</PRGP>
    <ROSN>54,340000</ROSN>
    <SLOV>61,000000</SLOV>
    <SVIZ>61,000000</SVIZ>
    <BSP>55,100000</BSP>
  </Prezzi>
  <Prezzi>
    <Data>20150123</Data>
    <Mercato>MGP</Mercato>
    <Ora>13</Ora>
    <PUN>55,661903</PUN>
    <NAT>55,310000</NAT>
    <CNOR>55,230000</CNOR>
    <CSUD>55,230000</CSUD>
    <NORD>55,230000</NORD>
    <SARD>55,230000</SARD>
    <SICI>65,300000</SICI>
    <SUD>54,340000</SUD>
    <AUST>55,230000</AUST>
    <BRNN>54,340000</BRNN>
    <COAC>55,230000</COAC>
    <CORS>55,230000</CORS>
    <FOGN>54,340000</FOGN>
    <FRAN>55,230000</FRAN>
    <GREC>54,340000</GREC>
    <MFTV>55,230000</MFTV>
    <PRGP>65,300000</PRGP>
    <ROSN>54,340000</ROSN>
    <SLOV>55,230000</SLOV>
    <SVIZ>55,230000</SVIZ>
    <BSP>55,060000</BSP>
  </Prezzi>
  <Prezzi>
    <Data>20150123</Data>
    <Mercato>MGP</Mercato>
    <Ora>14</Ora>
    <PUN>53,965188</PUN>
    <NAT>53,670000</NAT>
    <CNOR>53,370000</CNOR>
    <CSUD>53,370000</CSUD>
    <NORD>53,370000</NORD>
    <SARD>53,370000</SARD>
    <SICI>65,300000</SICI>
    <SUD>53,370000</SUD>
    <AUST>53,370000</AUST>
    <BRNN>53,370000</BRNN>
    <COAC>53,370000</COAC>
    <CORS>53,370000</CORS>
    <FOGN>53,370000</FOGN>
    <FRAN>53,370000</FRAN>
    <GREC>53,370000</GREC>
    <MFTV>53,370000</MFTV>
    <PRGP>65,300000</PRGP>
    <ROSN>53,370000</ROSN>
    <SLOV>53,370000</SLOV>
    <SVIZ>53,370000</SVIZ>
    <BSP>53,370000</BSP>
  </Prezzi>
  <Prezzi>
    <Data>20150123</Data>
    <Mercato>MGP</Mercato>
    <Ora>15</Ora>
    <PUN>53,938798</PUN>
    <NAT>53,120000</NAT>
    <CNOR>53,350000</CNOR>
    <CSUD>53,350000</CSUD>
    <NORD>53,350000</NORD>
    <SARD>53,350000</SARD>
    <SICI>65,300000</SICI>
    <SUD>53,350000</SUD>
    <AUST>53,350000</AUST>
    <BRNN>53,350000</BRNN>
    <COAC>53,350000</COAC>
    <CORS>53,350000</CORS>
    <FOGN>53,350000</FOGN>
    <FRAN>53,350000</FRAN>
    <GREC>53,350000</GREC>
    <MFTV>53,350000</MFTV>
    <PRGP>65,300000</PRGP>
    <ROSN>53,350000</ROSN>
    <SLOV>53,350000</SLOV>
    <SVIZ>53,350000</SVIZ>
    <BSP>51,090000</BSP>
  </Prezzi>
  <Prezzi>
    <Data>20150123</Data>
    <Mercato>MGP</Mercato>
    <Ora>16</Ora>
    <PUN>54,095134</PUN>
    <NAT>53,510000</NAT>
    <CNOR>53,510000</CNOR>
    <CSUD>53,510000</CSUD>
    <NORD>53,510000</NORD>
    <SARD>53,510000</SARD>
    <SICI>65,300000</SICI>
    <SUD>53,510000</SUD>
    <AUST>53,510000</AUST>
    <BRNN>53,510000</BRNN>
    <COAC>53,510000</COAC>
    <CORS>53,510000</CORS>
    <FOGN>53,510000</FOGN>
    <FRAN>53,510000</FRAN>
    <GREC>53,510000</GREC>
    <MFTV>53,510000</MFTV>
    <PRGP>65,300000</PRGP>
    <ROSN>53,510000</ROSN>
    <SLOV>53,510000</SLOV>
    <SVIZ>53,510000</SVIZ>
    <BSP>50,110000</BSP>
  </Prezzi>
  <Prezzi>
    <Data>20150123</Data>
    <Mercato>MGP</Mercato>
    <Ora>17</Ora>
    <PUN>54,580202</PUN>
    <NAT>54,000000</NAT>
    <CNOR>54,000000</CNOR>
    <CSUD>54,000000</CSUD>
    <NORD>54,000000</NORD>
    <SARD>54,000000</SARD>
    <SICI>65,300000</SICI>
    <SUD>53,780000</SUD>
    <AUST>54,000000</AUST>
    <BRNN>53,780000</BRNN>
    <COAC>54,000000</COAC>
    <CORS>54,000000</CORS>
    <FOGN>53,780000</FOGN>
    <FRAN>54,000000</FRAN>
    <GREC>53,780000</GREC>
    <MFTV>54,000000</MFTV>
    <PRGP>65,300000</PRGP>
    <ROSN>53,780000</ROSN>
    <SLOV>54,000000</SLOV>
    <SVIZ>54,000000</SVIZ>
    <BSP>51,510000</BSP>
  </Prezzi>
  <Prezzi>
    <Data>20150123</Data>
    <Mercato>MGP</Mercato>
    <Ora>18</Ora>
    <PUN>61,167278</PUN>
    <NAT>60,990000</NAT>
    <CNOR>60,800000</CNOR>
    <CSUD>60,800000</CSUD>
    <NORD>60,800000</NORD>
    <SARD>60,800000</SARD>
    <SICI>67,360000</SICI>
    <SUD>60,800000</SUD>
    <AUST>60,800000</AUST>
    <BRNN>60,800000</BRNN>
    <COAC>60,800000</COAC>
    <CORS>60,800000</CORS>
    <FOGN>60,800000</FOGN>
    <FRAN>60,800000</FRAN>
    <GREC>60,800000</GREC>
    <MFTV>60,800000</MFTV>
    <PRGP>67,360000</PRGP>
    <ROSN>54,350000</ROSN>
    <SLOV>60,800000</SLOV>
    <SVIZ>60,800000</SVIZ>
    <BSP>57,370000</BSP>
  </Prezzi>
  <Prezzi>
    <Data>20150123</Data>
    <Mercato>MGP</Mercato>
    <Ora>19</Ora>
    <PUN>62,787684</PUN>
    <NAT>62,500000</NAT>
    <CNOR>62,500000</CNOR>
    <CSUD>62,500000</CSUD>
    <NORD>62,500000</NORD>
    <SARD>62,500000</SARD>
    <SICI>67,360000</SICI>
    <SUD>62,500000</SUD>
    <AUST>62,500000</AUST>
    <BRNN>62,500000</BRNN>
    <COAC>62,500000</COAC>
    <CORS>62,500000</CORS>
    <FOGN>62,500000</FOGN>
    <FRAN>62,500000</FRAN>
    <GREC>62,500000</GREC>
    <MFTV>62,500000</MFTV>
    <PRGP>67,360000</PRGP>
    <ROSN>57,890000</ROSN>
    <SLOV>62,500000</SLOV>
    <SVIZ>62,500000</SVIZ>
    <BSP>56,310000</BSP>
  </Prezzi>
  <Prezzi>
    <Data>20150123</Data>
    <Mercato>MGP</Mercato>
    <Ora>20</Ora>
    <PUN>59,676002</PUN>
    <NAT>59,590000</NAT>
    <CNOR>59,160000</CNOR>
    <CSUD>59,160000</CSUD>
    <NORD>59,160000</NORD>
    <SARD>59,160000</SARD>
    <SICI>67,360000</SICI>
    <SUD>59,160000</SUD>
    <AUST>59,160000</AUST>
    <BRNN>59,160000</BRNN>
    <COAC>59,160000</COAC>
    <CORS>59,160000</CORS>
    <FOGN>59,160000</FOGN>
    <FRAN>59,160000</FRAN>
    <GREC>59,160000</GREC>
    <MFTV>59,160000</MFTV>
    <PRGP>67,360000</PRGP>
    <ROSN>56,520000</ROSN>
    <SLOV>59,160000</SLOV>
    <SVIZ>59,160000</SVIZ>
    <BSP>52,710000</BSP>
  </Prezzi>
  <Prezzi>
    <Data>20150123</Data>
    <Mercato>MGP</Mercato>
    <Ora>21</Ora>
    <PUN>54,270507</PUN>
    <NAT>53,370000</NAT>
    <CNOR>53,350000</CNOR>
    <CSUD>53,350000</CSUD>
    <NORD>53,350000</NORD>
    <SARD>53,350000</SARD>
    <SICI>67,360000</SICI>
    <SUD>53,350000</SUD>
    <AUST>53,350000</AUST>
    <BRNN>53,350000</BRNN>
    <COAC>53,350000</COAC>
    <CORS>53,350000</CORS>
    <FOGN>53,350000</FOGN>
    <FRAN>53,350000</FRAN>
    <GREC>53,350000</GREC>
    <MFTV>53,350000</MFTV>
    <PRGP>67,360000</PRGP>
    <ROSN>53,350000</ROSN>
    <SLOV>53,350000</SLOV>
    <SVIZ>53,350000</SVIZ>
    <BSP>43,300000</BSP>
  </Prezzi>
  <Prezzi>
    <Data>20150123</Data>
    <Mercato>MGP</Mercato>
    <Ora>22</Ora>
    <PUN>51,883533</PUN>
    <NAT>50,680000</NAT>
    <CNOR>50,800000</CNOR>
    <CSUD>50,800000</CSUD>
    <NORD>50,800000</NORD>
    <SARD>50,800000</SARD>
    <SICI>67,360000</SICI>
    <SUD>50,800000</SUD>
    <AUST>50,800000</AUST>
    <BRNN>50,800000</BRNN>
    <COAC>50,800000</COAC>
    <CORS>50,800000</CORS>
    <FOGN>50,800000</FOGN>
    <FRAN>50,800000</FRAN>
    <GREC>50,800000</GREC>
    <MFTV>50,800000</MFTV>
    <PRGP>67,360000</PRGP>
    <ROSN>50,800000</ROSN>
    <SLOV>50,800000</SLOV>
    <SVIZ>50,800000</SVIZ>
    <BSP>37,850000</BSP>
  </Prezzi>
  <Prezzi>
    <Data>20150123</Data>
    <Mercato>MGP</Mercato>
    <Ora>23</Ora>
    <PUN>50,997530</PUN>
    <NAT>49,700000</NAT>
    <CNOR>50,000000</CNOR>
    <CSUD>50,000000</CSUD>
    <NORD>50,000000</NORD>
    <SARD>50,000000</SARD>
    <SICI>65,480000</SICI>
    <SUD>50,000000</SUD>
    <AUST>50,000000</AUST>
    <BRNN>50,000000</BRNN>
    <COAC>50,000000</COAC>
    <CORS>50,000000</CORS>
    <FOGN>50,000000</FOGN>
    <FRAN>50,000000</FRAN>
    <GREC>50,000000</GREC>
    <MFTV>50,000000</MFTV>
    <PRGP>65,480000</PRGP>
    <ROSN>50,000000</ROSN>
    <SLOV>50,000000</SLOV>
    <SVIZ>50,000000</SVIZ>
    <BSP>34,770000</BSP>
  </Prezzi>
  <Prezzi>
    <Data>20150123</Data>
    <Mercato>MGP</Mercato>
    <Ora>24</Ora>
    <PUN>48,490020</PUN>
    <NAT>45,800000</NAT>
    <CNOR>47,400000</CNOR>
    <CSUD>47,400000</CSUD>
    <NORD>47,400000</NORD>
    <SARD>47,400000</SARD>
    <SICI>65,150000</SICI>
    <SUD>47,400000</SUD>
    <AUST>47,400000</AUST>
    <BRNN>47,400000</BRNN>
    <COAC>47,400000</COAC>
    <CORS>47,400000</CORS>
    <FOGN>47,400000</FOGN>
    <FRAN>47,400000</FRAN>
    <GREC>47,400000</GREC>
    <MFTV>47,400000</MFTV>
    <PRGP>65,150000</PRGP>
    <ROSN>47,400000</ROSN>
    <SLOV>47,400000</SLOV>
    <SVIZ>47,400000</SVIZ>
    <BSP>29,090000</BSP>
  </Prezzi>
</NewDataSet>