<?xml version="1.0" standalone="yes"?>
<NewDataSet>
  <xs:schema id="NewDataSet" xmlns="" xmlns:xs="http://www.w3.org/2001/XMLSchema" xmlns:msdata="urn:schemas-microsoft-com:xml-msdata">
    <xs:element name="NewDataSet" msdata:IsDataSet="true" msdata:UseCurrentLocale="true">
      <xs:complexType>
        <xs:choice minOccurs="0" maxOccurs="unbounded">
          <xs:element name="Prezzi">
            <xs:complexType>
              <xs:sequence>
                <xs:element name="Data" type="xs:string" minOccurs="0" />
                <xs:element name="Mercato" type="xs:string" minOccurs="0" />
                <xs:element name="Ora" type="xs:string" minOccurs="0" />
                <xs:element name="PUN" type="xs:string" minOccurs="0" />
                <xs:element name="NAT" type="xs:string" minOccurs="0" />
                <xs:element name="CNOR" type="xs:string" minOccurs="0" />
                <xs:element name="CSUD" type="xs:string" minOccurs="0" />
                <xs:element name="NORD" type="xs:string" minOccurs="0" />
                <xs:element name="SARD" type="xs:string" minOccurs="0" />
                <xs:element name="SICI" type="xs:string" minOccurs="0" />
                <xs:element name="SUD" type="xs:string" minOccurs="0" />
                <xs:element name="AUST" type="xs:string" minOccurs="0" />
                <xs:element name="BRNN" type="xs:string" minOccurs="0" />
                <xs:element name="COAC" type="xs:string" minOccurs="0" />
                <xs:element name="CORS" type="xs:string" minOccurs="0" />
                <xs:element name="FOGN" type="xs:string" minOccurs="0" />
                <xs:element name="FRAN" type="xs:string" minOccurs="0" />
                <xs:element name="GREC" type="xs:string" minOccurs="0" />
                <xs:element name="MFTV" type="xs:string" minOccurs="0" />
                <xs:element name="PRGP" type="xs:string" minOccurs="0" />
                <xs:element name="ROSN" type="xs:string" minOccurs="0" />
                <xs:element name="SLOV" type="xs:string" minOccurs="0" />
                <xs:element name="SVIZ" type="xs:string" minOccurs="0" />
                <xs:element name="BSP" type="xs:string" minOccurs="0" />
              </xs:sequence>
            </xs:complexType>
          </xs:element>
        </xs:choice>
      </xs:complexType>
    </xs:element>
  </xs:schema>
  <Prezzi>
    <Data>20150105</Data>
    <Mercato>MGP</Mercato>
    <Ora>1</Ora>
    <PUN>47,720000</PUN>
    <NAT>45,010000</NAT>
    <CNOR>47,720000</CNOR>
    <CSUD>47,720000</CSUD>
    <NORD>47,720000</NORD>
    <SARD>47,720000</SARD>
    <SICI>47,720000</SICI>
    <SUD>47,720000</SUD>
    <AUST>47,720000</AUST>
    <BRNN>47,720000</BRNN>
    <COAC>47,720000</COAC>
    <CORS>47,720000</CORS>
    <FOGN>47,720000</FOGN>
    <FRAN>47,720000</FRAN>
    <GREC>47,720000</GREC>
    <MFTV>47,720000</MFTV>
    <PRGP>47,720000</PRGP>
    <ROSN>47,720000</ROSN>
    <SLOV>47,720000</SLOV>
    <SVIZ>47,720000</SVIZ>
    <BSP>21,460000</BSP>
  </Prezzi>
  <Prezzi>
    <Data>20150105</Data>
    <Mercato>MGP</Mercato>
    <Ora>2</Ora>
    <PUN>39,100000</PUN>
    <NAT>38,850000</NAT>
    <CNOR>39,100000</CNOR>
    <CSUD>39,100000</CSUD>
    <NORD>39,100000</NORD>
    <SARD>39,100000</SARD>
    <SICI>39,100000</SICI>
    <SUD>39,100000</SUD>
    <AUST>39,100000</AUST>
    <BRNN>39,100000</BRNN>
    <COAC>39,100000</COAC>
    <CORS>39,100000</CORS>
    <FOGN>39,100000</FOGN>
    <FRAN>39,100000</FRAN>
    <GREC>39,100000</GREC>
    <MFTV>39,100000</MFTV>
    <PRGP>39,100000</PRGP>
    <ROSN>39,100000</ROSN>
    <SLOV>39,100000</SLOV>
    <SVIZ>39,100000</SVIZ>
    <BSP>20,100000</BSP>
  </Prezzi>
  <Prezzi>
    <Data>20150105</Data>
    <Mercato>MGP</Mercato>
    <Ora>3</Ora>
    <PUN>35,210000</PUN>
    <NAT>33,430000</NAT>
    <CNOR>35,210000</CNOR>
    <CSUD>35,210000</CSUD>
    <NORD>35,210000</NORD>
    <SARD>35,210000</SARD>
    <SICI>35,210000</SICI>
    <SUD>35,210000</SUD>
    <AUST>35,210000</AUST>
    <BRNN>35,210000</BRNN>
    <COAC>35,210000</COAC>
    <CORS>35,210000</CORS>
    <FOGN>35,210000</FOGN>
    <FRAN>35,210000</FRAN>
    <GREC>35,210000</GREC>
    <MFTV>35,210000</MFTV>
    <PRGP>35,210000</PRGP>
    <ROSN>35,210000</ROSN>
    <SLOV>35,210000</SLOV>
    <SVIZ>35,210000</SVIZ>
    <BSP>18,800000</BSP>
  </Prezzi>
  <Prezzi>
    <Data>20150105</Data>
    <Mercato>MGP</Mercato>
    <Ora>4</Ora>
    <PUN>32,430000</PUN>
    <NAT>29,420000</NAT>
    <CNOR>32,430000</CNOR>
    <CSUD>32,430000</CSUD>
    <NORD>32,430000</NORD>
    <SARD>32,430000</SARD>
    <SICI>32,430000</SICI>
    <SUD>32,430000</SUD>
    <AUST>32,430000</AUST>
    <BRNN>32,430000</BRNN>
    <COAC>32,430000</COAC>
    <CORS>32,430000</CORS>
    <FOGN>32,430000</FOGN>
    <FRAN>32,430000</FRAN>
    <GREC>32,430000</GREC>
    <MFTV>32,430000</MFTV>
    <PRGP>32,430000</PRGP>
    <ROSN>32,430000</ROSN>
    <SLOV>32,430000</SLOV>
    <SVIZ>32,430000</SVIZ>
    <BSP>17,300000</BSP>
  </Prezzi>
  <Prezzi>
    <Data>20150105</Data>
    <Mercato>MGP</Mercato>
    <Ora>5</Ora>
    <PUN>33,150000</PUN>
    <NAT>28,000000</NAT>
    <CNOR>33,150000</CNOR>
    <CSUD>33,150000</CSUD>
    <NORD>33,150000</NORD>
    <SARD>33,150000</SARD>
    <SICI>33,150000</SICI>
    <SUD>33,150000</SUD>
    <AUST>33,150000</AUST>
    <BRNN>33,150000</BRNN>
    <COAC>33,150000</COAC>
    <CORS>33,150000</CORS>
    <FOGN>33,150000</FOGN>
    <FRAN>33,150000</FRAN>
    <GREC>33,150000</GREC>
    <MFTV>33,150000</MFTV>
    <PRGP>33,150000</PRGP>
    <ROSN>33,150000</ROSN>
    <SLOV>33,150000</SLOV>
    <SVIZ>33,150000</SVIZ>
    <BSP>17,260000</BSP>
  </Prezzi>
  <Prezzi>
    <Data>20150105</Data>
    <Mercato>MGP</Mercato>
    <Ora>6</Ora>
    <PUN>38,850000</PUN>
    <NAT>35,700000</NAT>
    <CNOR>38,850000</CNOR>
    <CSUD>38,850000</CSUD>
    <NORD>38,850000</NORD>
    <SARD>38,850000</SARD>
    <SICI>38,850000</SICI>
    <SUD>38,850000</SUD>
    <AUST>38,850000</AUST>
    <BRNN>38,850000</BRNN>
    <COAC>38,850000</COAC>
    <CORS>38,850000</CORS>
    <FOGN>38,850000</FOGN>
    <FRAN>38,850000</FRAN>
    <GREC>38,850000</GREC>
    <MFTV>38,850000</MFTV>
    <PRGP>38,850000</PRGP>
    <ROSN>38,850000</ROSN>
    <SLOV>38,850000</SLOV>
    <SVIZ>38,850000</SVIZ>
    <BSP>21,700000</BSP>
  </Prezzi>
  <Prezzi>
    <Data>20150105</Data>
    <Mercato>MGP</Mercato>
    <Ora>7</Ora>
    <PUN>48,890000</PUN>
    <NAT>45,360000</NAT>
    <CNOR>48,890000</CNOR>
    <CSUD>48,890000</CSUD>
    <NORD>48,890000</NORD>
    <SARD>48,890000</SARD>
    <SICI>48,890000</SICI>
    <SUD>48,890000</SUD>
    <AUST>48,890000</AUST>
    <BRNN>48,890000</BRNN>
    <COAC>48,890000</COAC>
    <CORS>48,890000</CORS>
    <FOGN>48,890000</FOGN>
    <FRAN>48,890000</FRAN>
    <GREC>48,890000</GREC>
    <MFTV>48,890000</MFTV>
    <PRGP>48,890000</PRGP>
    <ROSN>48,890000</ROSN>
    <SLOV>48,890000</SLOV>
    <SVIZ>48,890000</SVIZ>
    <BSP>31,700000</BSP>
  </Prezzi>
  <Prezzi>
    <Data>20150105</Data>
    <Mercato>MGP</Mercato>
    <Ora>8</Ora>
    <PUN>60,361086</PUN>
    <NAT>57,890000</NAT>
    <CNOR>60,030000</CNOR>
    <CSUD>60,030000</CSUD>
    <NORD>60,030000</NORD>
    <SARD>60,030000</SARD>
    <SICI>65,300000</SICI>
    <SUD>60,030000</SUD>
    <AUST>60,030000</AUST>
    <BRNN>60,030000</BRNN>
    <COAC>60,030000</COAC>
    <CORS>60,030000</CORS>
    <FOGN>60,030000</FOGN>
    <FRAN>60,030000</FRAN>
    <GREC>60,030000</GREC>
    <MFTV>60,030000</MFTV>
    <PRGP>65,300000</PRGP>
    <ROSN>60,030000</ROSN>
    <SLOV>60,030000</SLOV>
    <SVIZ>60,030000</SVIZ>
    <BSP>43,320000</BSP>
  </Prezzi>
  <Prezzi>
    <Data>20150105</Data>
    <Mercato>MGP</Mercato>
    <Ora>9</Ora>
    <PUN>64,065351</PUN>
    <NAT>62,680000</NAT>
    <CNOR>63,980000</CNOR>
    <CSUD>63,980000</CSUD>
    <NORD>63,980000</NORD>
    <SARD>63,980000</SARD>
    <SICI>65,300000</SICI>
    <SUD>63,980000</SUD>
    <AUST>63,980000</AUST>
    <BRNN>63,980000</BRNN>
    <COAC>63,980000</COAC>
    <CORS>63,980000</CORS>
    <FOGN>63,980000</FOGN>
    <FRAN>63,980000</FRAN>
    <GREC>63,980000</GREC>
    <MFTV>63,980000</MFTV>
    <PRGP>65,300000</PRGP>
    <ROSN>63,980000</ROSN>
    <SLOV>63,980000</SLOV>
    <SVIZ>63,980000</SVIZ>
    <BSP>49,000000</BSP>
  </Prezzi>
  <Prezzi>
    <Data>20150105</Data>
    <Mercato>MGP</Mercato>
    <Ora>10</Ora>
    <PUN>64,551271</PUN>
    <NAT>62,680000</NAT>
    <CNOR>64,500000</CNOR>
    <CSUD>64,500000</CSUD>
    <NORD>64,500000</NORD>
    <SARD>64,500000</SARD>
    <SICI>65,300000</SICI>
    <SUD>64,500000</SUD>
    <AUST>64,500000</AUST>
    <BRNN>64,500000</BRNN>
    <COAC>64,500000</COAC>
    <CORS>64,500000</CORS>
    <FOGN>64,500000</FOGN>
    <FRAN>64,500000</FRAN>
    <GREC>64,500000</GREC>
    <MFTV>64,500000</MFTV>
    <PRGP>65,300000</PRGP>
    <ROSN>64,500000</ROSN>
    <SLOV>64,500000</SLOV>
    <SVIZ>64,500000</SVIZ>
    <BSP>49,280000</BSP>
  </Prezzi>
  <Prezzi>
    <Data>20150105</Data>
    <Mercato>MGP</Mercato>
    <Ora>11</Ora>
    <PUN>56,116980</PUN>
    <NAT>54,620000</NAT>
    <CNOR>55,490000</CNOR>
    <CSUD>55,490000</CSUD>
    <NORD>55,490000</NORD>
    <SARD>55,490000</SARD>
    <SICI>65,300000</SICI>
    <SUD>55,490000</SUD>
    <AUST>55,490000</AUST>
    <BRNN>55,490000</BRNN>
    <COAC>55,490000</COAC>
    <CORS>55,490000</CORS>
    <FOGN>55,490000</FOGN>
    <FRAN>55,490000</FRAN>
    <GREC>55,490000</GREC>
    <MFTV>55,490000</MFTV>
    <PRGP>65,300000</PRGP>
    <ROSN>55,490000</ROSN>
    <SLOV>55,490000</SLOV>
    <SVIZ>55,490000</SVIZ>
    <BSP>49,200000</BSP>
  </Prezzi>
  <Prezzi>
    <Data>20150105</Data>
    <Mercato>MGP</Mercato>
    <Ora>12</Ora>
    <PUN>54,248484</PUN>
    <NAT>53,220000</NAT>
    <CNOR>53,500000</CNOR>
    <CSUD>53,500000</CSUD>
    <NORD>53,500000</NORD>
    <SARD>53,500000</SARD>
    <SICI>65,300000</SICI>
    <SUD>53,500000</SUD>
    <AUST>53,500000</AUST>
    <BRNN>53,500000</BRNN>
    <COAC>53,500000</COAC>
    <CORS>53,500000</CORS>
    <FOGN>53,500000</FOGN>
    <FRAN>53,500000</FRAN>
    <GREC>53,500000</GREC>
    <MFTV>53,500000</MFTV>
    <PRGP>65,300000</PRGP>
    <ROSN>53,500000</ROSN>
    <SLOV>53,500000</SLOV>
    <SVIZ>53,500000</SVIZ>
    <BSP>50,000000</BSP>
  </Prezzi>
  <Prezzi>
    <Data>20150105</Data>
    <Mercato>MGP</Mercato>
    <Ora>13</Ora>
    <PUN>51,939699</PUN>
    <NAT>51,000000</NAT>
    <CNOR>51,000000</CNOR>
    <CSUD>51,000000</CSUD>
    <NORD>51,000000</NORD>
    <SARD>51,000000</SARD>
    <SICI>65,300000</SICI>
    <SUD>51,000000</SUD>
    <AUST>51,000000</AUST>
    <BRNN>51,000000</BRNN>
    <COAC>51,000000</COAC>
    <CORS>51,000000</CORS>
    <FOGN>51,000000</FOGN>
    <FRAN>51,000000</FRAN>
    <GREC>51,000000</GREC>
    <MFTV>51,000000</MFTV>
    <PRGP>65,300000</PRGP>
    <ROSN>51,000000</ROSN>
    <SLOV>51,000000</SLOV>
    <SVIZ>51,000000</SVIZ>
    <BSP>50,470000</BSP>
  </Prezzi>
  <Prezzi>
    <Data>20150105</Data>
    <Mercato>MGP</Mercato>
    <Ora>14</Ora>
    <PUN>51,379519</PUN>
    <NAT>50,480000</NAT>
    <CNOR>50,390000</CNOR>
    <CSUD>50,390000</CSUD>
    <NORD>50,390000</NORD>
    <SARD>50,390000</SARD>
    <SICI>65,300000</SICI>
    <SUD>50,390000</SUD>
    <AUST>50,390000</AUST>
    <BRNN>50,390000</BRNN>
    <COAC>50,390000</COAC>
    <CORS>50,390000</CORS>
    <FOGN>50,390000</FOGN>
    <FRAN>50,390000</FRAN>
    <GREC>50,390000</GREC>
    <MFTV>50,390000</MFTV>
    <PRGP>65,300000</PRGP>
    <ROSN>50,390000</ROSN>
    <SLOV>50,390000</SLOV>
    <SVIZ>50,390000</SVIZ>
    <BSP>50,000000</BSP>
  </Prezzi>
  <Prezzi>
    <Data>20150105</Data>
    <Mercato>MGP</Mercato>
    <Ora>15</Ora>
    <PUN>55,162320</PUN>
    <NAT>53,740000</NAT>
    <CNOR>54,450000</CNOR>
    <CSUD>54,450000</CSUD>
    <NORD>54,450000</NORD>
    <SARD>54,450000</SARD>
    <SICI>65,300000</SICI>
    <SUD>54,450000</SUD>
    <AUST>54,450000</AUST>
    <BRNN>54,450000</BRNN>
    <COAC>54,450000</COAC>
    <CORS>54,450000</CORS>
    <FOGN>54,450000</FOGN>
    <FRAN>54,450000</FRAN>
    <GREC>54,450000</GREC>
    <MFTV>54,450000</MFTV>
    <PRGP>65,300000</PRGP>
    <ROSN>54,450000</ROSN>
    <SLOV>54,450000</SLOV>
    <SVIZ>54,450000</SVIZ>
    <BSP>49,570000</BSP>
  </Prezzi>
  <Prezzi>
    <Data>20150105</Data>
    <Mercato>MGP</Mercato>
    <Ora>16</Ora>
    <PUN>64,094878</PUN>
    <NAT>62,000000</NAT>
    <CNOR>64,000000</CNOR>
    <CSUD>64,000000</CSUD>
    <NORD>64,000000</NORD>
    <SARD>64,000000</SARD>
    <SICI>65,480000</SICI>
    <SUD>64,000000</SUD>
    <AUST>64,000000</AUST>
    <BRNN>64,000000</BRNN>
    <COAC>64,000000</COAC>
    <CORS>64,000000</CORS>
    <FOGN>64,000000</FOGN>
    <FRAN>64,000000</FRAN>
    <GREC>64,000000</GREC>
    <MFTV>64,000000</MFTV>
    <PRGP>65,480000</PRGP>
    <ROSN>64,000000</ROSN>
    <SLOV>64,000000</SLOV>
    <SVIZ>64,000000</SVIZ>
    <BSP>49,950000</BSP>
  </Prezzi>
  <Prezzi>
    <Data>20150105</Data>
    <Mercato>MGP</Mercato>
    <Ora>17</Ora>
    <PUN>64,330828</PUN>
    <NAT>65,150000</NAT>
    <CNOR>64,250000</CNOR>
    <CSUD>64,250000</CSUD>
    <NORD>64,250000</NORD>
    <SARD>64,250000</SARD>
    <SICI>65,480000</SICI>
    <SUD>64,250000</SUD>
    <AUST>64,250000</AUST>
    <BRNN>64,250000</BRNN>
    <COAC>64,250000</COAC>
    <CORS>64,250000</CORS>
    <FOGN>64,250000</FOGN>
    <FRAN>64,250000</FRAN>
    <GREC>64,250000</GREC>
    <MFTV>64,250000</MFTV>
    <PRGP>65,480000</PRGP>
    <ROSN>64,250000</ROSN>
    <SLOV>64,250000</SLOV>
    <SVIZ>64,250000</SVIZ>
    <BSP>55,950000</BSP>
  </Prezzi>
  <Prezzi>
    <Data>20150105</Data>
    <Mercato>MGP</Mercato>
    <Ora>18</Ora>
    <PUN>68,555002</PUN>
    <NAT>67,360000</NAT>
    <CNOR>68,640000</CNOR>
    <CSUD>68,640000</CSUD>
    <NORD>68,640000</NORD>
    <SARD>68,640000</SARD>
    <SICI>67,360000</SICI>
    <SUD>68,640000</SUD>
    <AUST>68,640000</AUST>
    <BRNN>68,640000</BRNN>
    <COAC>68,640000</COAC>
    <CORS>68,640000</CORS>
    <FOGN>68,640000</FOGN>
    <FRAN>68,640000</FRAN>
    <GREC>68,640000</GREC>
    <MFTV>68,640000</MFTV>
    <PRGP>67,360000</PRGP>
    <ROSN>68,640000</ROSN>
    <SLOV>68,640000</SLOV>
    <SVIZ>68,640000</SVIZ>
    <BSP>65,970000</BSP>
  </Prezzi>
  <Prezzi>
    <Data>20150105</Data>
    <Mercato>MGP</Mercato>
    <Ora>19</Ora>
    <PUN>67,024478</PUN>
    <NAT>67,360000</NAT>
    <CNOR>67,000000</CNOR>
    <CSUD>67,000000</CSUD>
    <NORD>67,000000</NORD>
    <SARD>67,000000</SARD>
    <SICI>67,360000</SICI>
    <SUD>67,000000</SUD>
    <AUST>67,000000</AUST>
    <BRNN>67,000000</BRNN>
    <COAC>67,000000</COAC>
    <CORS>67,000000</CORS>
    <FOGN>67,000000</FOGN>
    <FRAN>67,000000</FRAN>
    <GREC>67,000000</GREC>
    <MFTV>67,000000</MFTV>
    <PRGP>67,360000</PRGP>
    <ROSN>67,000000</ROSN>
    <SLOV>67,000000</SLOV>
    <SVIZ>67,000000</SVIZ>
    <BSP>67,000000</BSP>
  </Prezzi>
  <Prezzi>
    <Data>20150105</Data>
    <Mercato>MGP</Mercato>
    <Ora>20</Ora>
    <PUN>63,640263</PUN>
    <NAT>64,100000</NAT>
    <CNOR>65,260000</CNOR>
    <CSUD>65,260000</CSUD>
    <NORD>61,500000</NORD>
    <SARD>65,260000</SARD>
    <SICI>67,360000</SICI>
    <SUD>65,260000</SUD>
    <AUST>61,500000</AUST>
    <BRNN>65,260000</BRNN>
    <COAC>65,260000</COAC>
    <CORS>65,260000</CORS>
    <FOGN>65,260000</FOGN>
    <FRAN>61,500000</FRAN>
    <GREC>65,260000</GREC>
    <MFTV>61,500000</MFTV>
    <PRGP>67,360000</PRGP>
    <ROSN>65,260000</ROSN>
    <SLOV>61,500000</SLOV>
    <SVIZ>61,500000</SVIZ>
    <BSP>61,500000</BSP>
  </Prezzi>
  <Prezzi>
    <Data>20150105</Data>
    <Mercato>MGP</Mercato>
    <Ora>21</Ora>
    <PUN>60,510754</PUN>
    <NAT>60,480000</NAT>
    <CNOR>64,000000</CNOR>
    <CSUD>64,000000</CSUD>
    <NORD>55,950000</NORD>
    <SARD>64,000000</SARD>
    <SICI>67,360000</SICI>
    <SUD>64,000000</SUD>
    <AUST>55,950000</AUST>
    <BRNN>64,000000</BRNN>
    <COAC>64,000000</COAC>
    <CORS>64,000000</CORS>
    <FOGN>64,000000</FOGN>
    <FRAN>55,950000</FRAN>
    <GREC>64,000000</GREC>
    <MFTV>55,950000</MFTV>
    <PRGP>67,360000</PRGP>
    <ROSN>64,000000</ROSN>
    <SLOV>55,950000</SLOV>
    <SVIZ>55,950000</SVIZ>
    <BSP>55,950000</BSP>
  </Prezzi>
  <Prezzi>
    <Data>20150105</Data>
    <Mercato>MGP</Mercato>
    <Ora>22</Ora>
    <PUN>55,100342</PUN>
    <NAT>53,280000</NAT>
    <CNOR>58,000000</CNOR>
    <CSUD>58,000000</CSUD>
    <NORD>50,260000</NORD>
    <SARD>58,000000</SARD>
    <SICI>67,360000</SICI>
    <SUD>58,000000</SUD>
    <AUST>50,260000</AUST>
    <BRNN>58,000000</BRNN>
    <COAC>58,000000</COAC>
    <CORS>58,000000</CORS>
    <FOGN>58,000000</FOGN>
    <FRAN>50,260000</FRAN>
    <GREC>58,000000</GREC>
    <MFTV>50,260000</MFTV>
    <PRGP>67,360000</PRGP>
    <ROSN>58,000000</ROSN>
    <SLOV>50,260000</SLOV>
    <SVIZ>50,260000</SVIZ>
    <BSP>49,500000</BSP>
  </Prezzi>
  <Prezzi>
    <Data>20150105</Data>
    <Mercato>MGP</Mercato>
    <Ora>23</Ora>
    <PUN>52,370361</PUN>
    <NAT>51,500000</NAT>
    <CNOR>52,100000</CNOR>
    <CSUD>52,100000</CSUD>
    <NORD>50,530000</NORD>
    <SARD>52,100000</SARD>
    <SICI>65,480000</SICI>
    <SUD>52,100000</SUD>
    <AUST>50,530000</AUST>
    <BRNN>52,100000</BRNN>
    <COAC>52,100000</COAC>
    <CORS>52,100000</CORS>
    <FOGN>52,100000</FOGN>
    <FRAN>50,530000</FRAN>
    <GREC>52,100000</GREC>
    <MFTV>50,530000</MFTV>
    <PRGP>65,480000</PRGP>
    <ROSN>52,100000</ROSN>
    <SLOV>50,530000</SLOV>
    <SVIZ>50,530000</SVIZ>
    <BSP>43,610000</BSP>
  </Prezzi>
  <Prezzi>
    <Data>20150105</Data>
    <Mercato>MGP</Mercato>
    <Ora>24</Ora>
    <PUN>52,041934</PUN>
    <NAT>50,890000</NAT>
    <CNOR>51,000000</CNOR>
    <CSUD>51,000000</CSUD>
    <NORD>51,000000</NORD>
    <SARD>51,000000</SARD>
    <SICI>65,300000</SICI>
    <SUD>51,000000</SUD>
    <AUST>51,000000</AUST>
    <BRNN>51,000000</BRNN>
    <COAC>51,000000</COAC>
    <CORS>51,000000</CORS>
    <FOGN>51,000000</FOGN>
    <FRAN>51,000000</FRAN>
    <GREC>51,000000</GREC>
    <MFTV>51,000000</MFTV>
    <PRGP>65,300000</PRGP>
    <ROSN>51,000000</ROSN>
    <SLOV>51,000000</SLOV>
    <SVIZ>51,000000</SVIZ>
    <BSP>36,080000</BSP>
  </Prezzi>
</NewDataSet>