<?xml version="1.0" standalone="yes"?>
<NewDataSet>
  <xs:schema id="NewDataSet" xmlns="" xmlns:xs="http://www.w3.org/2001/XMLSchema" xmlns:msdata="urn:schemas-microsoft-com:xml-msdata">
    <xs:element name="NewDataSet" msdata:IsDataSet="true" msdata:UseCurrentLocale="true">
      <xs:complexType>
        <xs:choice minOccurs="0" maxOccurs="unbounded">
          <xs:element name="Prezzi">
            <xs:complexType>
              <xs:sequence>
                <xs:element name="Data" type="xs:string" minOccurs="0" />
                <xs:element name="Mercato" type="xs:string" minOccurs="0" />
                <xs:element name="Ora" type="xs:string" minOccurs="0" />
                <xs:element name="PUN" type="xs:string" minOccurs="0" />
                <xs:element name="NAT" type="xs:string" minOccurs="0" />
                <xs:element name="CNOR" type="xs:string" minOccurs="0" />
                <xs:element name="CSUD" type="xs:string" minOccurs="0" />
                <xs:element name="NORD" type="xs:string" minOccurs="0" />
                <xs:element name="SARD" type="xs:string" minOccurs="0" />
                <xs:element name="SICI" type="xs:string" minOccurs="0" />
                <xs:element name="SUD" type="xs:string" minOccurs="0" />
                <xs:element name="AUST" type="xs:string" minOccurs="0" />
                <xs:element name="BRNN" type="xs:string" minOccurs="0" />
                <xs:element name="COAC" type="xs:string" minOccurs="0" />
                <xs:element name="CORS" type="xs:string" minOccurs="0" />
                <xs:element name="FOGN" type="xs:string" minOccurs="0" />
                <xs:element name="FRAN" type="xs:string" minOccurs="0" />
                <xs:element name="GREC" type="xs:string" minOccurs="0" />
                <xs:element name="MFTV" type="xs:string" minOccurs="0" />
                <xs:element name="PRGP" type="xs:string" minOccurs="0" />
                <xs:element name="ROSN" type="xs:string" minOccurs="0" />
                <xs:element name="SLOV" type="xs:string" minOccurs="0" />
                <xs:element name="SVIZ" type="xs:string" minOccurs="0" />
                <xs:element name="BSP" type="xs:string" minOccurs="0" />
              </xs:sequence>
            </xs:complexType>
          </xs:element>
        </xs:choice>
      </xs:complexType>
    </xs:element>
  </xs:schema>
  <Prezzi>
    <Data>20150127</Data>
    <Mercato>MGP</Mercato>
    <Ora>1</Ora>
    <PUN>45,037691</PUN>
    <NAT>43,670000</NAT>
    <CNOR>43,710000</CNOR>
    <CSUD>43,710000</CSUD>
    <NORD>43,710000</NORD>
    <SARD>43,710000</SARD>
    <SICI>65,480000</SICI>
    <SUD>43,710000</SUD>
    <AUST>43,710000</AUST>
    <BRNN>43,710000</BRNN>
    <COAC>43,710000</COAC>
    <CORS>43,710000</CORS>
    <FOGN>43,710000</FOGN>
    <FRAN>43,710000</FRAN>
    <GREC>43,710000</GREC>
    <MFTV>43,710000</MFTV>
    <PRGP>65,480000</PRGP>
    <ROSN>43,710000</ROSN>
    <SLOV>43,710000</SLOV>
    <SVIZ>43,710000</SVIZ>
    <BSP>23,550000</BSP>
  </Prezzi>
  <Prezzi>
    <Data>20150127</Data>
    <Mercato>MGP</Mercato>
    <Ora>2</Ora>
    <PUN>42,853161</PUN>
    <NAT>41,490000</NAT>
    <CNOR>41,490000</CNOR>
    <CSUD>41,490000</CSUD>
    <NORD>41,490000</NORD>
    <SARD>41,490000</SARD>
    <SICI>65,300000</SICI>
    <SUD>41,490000</SUD>
    <AUST>41,490000</AUST>
    <BRNN>41,490000</BRNN>
    <COAC>41,490000</COAC>
    <CORS>41,490000</CORS>
    <FOGN>41,490000</FOGN>
    <FRAN>41,490000</FRAN>
    <GREC>41,490000</GREC>
    <MFTV>41,490000</MFTV>
    <PRGP>65,300000</PRGP>
    <ROSN>41,490000</ROSN>
    <SLOV>41,490000</SLOV>
    <SVIZ>41,490000</SVIZ>
    <BSP>21,830000</BSP>
  </Prezzi>
  <Prezzi>
    <Data>20150127</Data>
    <Mercato>MGP</Mercato>
    <Ora>3</Ora>
    <PUN>41,636496</PUN>
    <NAT>39,900000</NAT>
    <CNOR>40,270000</CNOR>
    <CSUD>40,270000</CSUD>
    <NORD>40,270000</NORD>
    <SARD>40,270000</SARD>
    <SICI>65,300000</SICI>
    <SUD>40,270000</SUD>
    <AUST>40,270000</AUST>
    <BRNN>40,270000</BRNN>
    <COAC>40,270000</COAC>
    <CORS>40,270000</CORS>
    <FOGN>40,270000</FOGN>
    <FRAN>40,270000</FRAN>
    <GREC>40,270000</GREC>
    <MFTV>40,270000</MFTV>
    <PRGP>65,300000</PRGP>
    <ROSN>40,270000</ROSN>
    <SLOV>40,270000</SLOV>
    <SVIZ>40,270000</SVIZ>
    <BSP>20,900000</BSP>
  </Prezzi>
  <Prezzi>
    <Data>20150127</Data>
    <Mercato>MGP</Mercato>
    <Ora>4</Ora>
    <PUN>39,500000</PUN>
    <NAT>37,760000</NAT>
    <CNOR>39,500000</CNOR>
    <CSUD>39,500000</CSUD>
    <NORD>39,500000</NORD>
    <SARD>39,500000</SARD>
    <SICI>39,500000</SICI>
    <SUD>39,500000</SUD>
    <AUST>39,500000</AUST>
    <BRNN>39,500000</BRNN>
    <COAC>39,500000</COAC>
    <CORS>39,500000</CORS>
    <FOGN>39,500000</FOGN>
    <FRAN>39,500000</FRAN>
    <GREC>39,500000</GREC>
    <MFTV>39,500000</MFTV>
    <PRGP>39,500000</PRGP>
    <ROSN>39,500000</ROSN>
    <SLOV>39,500000</SLOV>
    <SVIZ>39,500000</SVIZ>
    <BSP>20,740000</BSP>
  </Prezzi>
  <Prezzi>
    <Data>20150127</Data>
    <Mercato>MGP</Mercato>
    <Ora>5</Ora>
    <PUN>39,190000</PUN>
    <NAT>37,000000</NAT>
    <CNOR>39,190000</CNOR>
    <CSUD>39,190000</CSUD>
    <NORD>39,190000</NORD>
    <SARD>39,190000</SARD>
    <SICI>39,190000</SICI>
    <SUD>39,190000</SUD>
    <AUST>39,190000</AUST>
    <BRNN>39,190000</BRNN>
    <COAC>39,190000</COAC>
    <CORS>39,190000</CORS>
    <FOGN>39,190000</FOGN>
    <FRAN>39,190000</FRAN>
    <GREC>39,190000</GREC>
    <MFTV>39,190000</MFTV>
    <PRGP>39,190000</PRGP>
    <ROSN>39,190000</ROSN>
    <SLOV>39,190000</SLOV>
    <SVIZ>39,190000</SVIZ>
    <BSP>21,540000</BSP>
  </Prezzi>
  <Prezzi>
    <Data>20150127</Data>
    <Mercato>MGP</Mercato>
    <Ora>6</Ora>
    <PUN>40,760000</PUN>
    <NAT>39,600000</NAT>
    <CNOR>40,760000</CNOR>
    <CSUD>40,760000</CSUD>
    <NORD>40,760000</NORD>
    <SARD>40,760000</SARD>
    <SICI>40,760000</SICI>
    <SUD>40,760000</SUD>
    <AUST>40,760000</AUST>
    <BRNN>40,760000</BRNN>
    <COAC>40,760000</COAC>
    <CORS>40,760000</CORS>
    <FOGN>40,760000</FOGN>
    <FRAN>40,760000</FRAN>
    <GREC>40,760000</GREC>
    <MFTV>40,760000</MFTV>
    <PRGP>40,760000</PRGP>
    <ROSN>40,760000</ROSN>
    <SLOV>40,760000</SLOV>
    <SVIZ>40,760000</SVIZ>
    <BSP>25,000000</BSP>
  </Prezzi>
  <Prezzi>
    <Data>20150127</Data>
    <Mercato>MGP</Mercato>
    <Ora>7</Ora>
    <PUN>50,613273</PUN>
    <NAT>49,480000</NAT>
    <CNOR>49,810000</CNOR>
    <CSUD>49,810000</CSUD>
    <NORD>49,810000</NORD>
    <SARD>49,810000</SARD>
    <SICI>65,300000</SICI>
    <SUD>49,810000</SUD>
    <AUST>49,810000</AUST>
    <BRNN>49,810000</BRNN>
    <COAC>49,810000</COAC>
    <CORS>49,810000</CORS>
    <FOGN>49,810000</FOGN>
    <FRAN>49,810000</FRAN>
    <GREC>49,810000</GREC>
    <MFTV>49,810000</MFTV>
    <PRGP>65,300000</PRGP>
    <ROSN>49,810000</ROSN>
    <SLOV>49,810000</SLOV>
    <SVIZ>49,810000</SVIZ>
    <BSP>38,650000</BSP>
  </Prezzi>
  <Prezzi>
    <Data>20150127</Data>
    <Mercato>MGP</Mercato>
    <Ora>8</Ora>
    <PUN>57,274254</PUN>
    <NAT>57,000000</NAT>
    <CNOR>57,000000</CNOR>
    <CSUD>57,000000</CSUD>
    <NORD>57,000000</NORD>
    <SARD>57,000000</SARD>
    <SICI>65,480000</SICI>
    <SUD>55,000000</SUD>
    <AUST>57,000000</AUST>
    <BRNN>55,000000</BRNN>
    <COAC>57,000000</COAC>
    <CORS>57,000000</CORS>
    <FOGN>55,000000</FOGN>
    <FRAN>57,000000</FRAN>
    <GREC>55,000000</GREC>
    <MFTV>57,000000</MFTV>
    <PRGP>65,480000</PRGP>
    <ROSN>55,000000</ROSN>
    <SLOV>57,000000</SLOV>
    <SVIZ>57,000000</SVIZ>
    <BSP>52,730000</BSP>
  </Prezzi>
  <Prezzi>
    <Data>20150127</Data>
    <Mercato>MGP</Mercato>
    <Ora>9</Ora>
    <PUN>59,885120</PUN>
    <NAT>60,000000</NAT>
    <CNOR>60,000000</CNOR>
    <CSUD>60,000000</CSUD>
    <NORD>60,000000</NORD>
    <SARD>60,000000</SARD>
    <SICI>65,480000</SICI>
    <SUD>55,000000</SUD>
    <AUST>60,000000</AUST>
    <BRNN>55,000000</BRNN>
    <COAC>60,000000</COAC>
    <CORS>60,000000</CORS>
    <FOGN>55,000000</FOGN>
    <FRAN>60,000000</FRAN>
    <GREC>55,000000</GREC>
    <MFTV>60,000000</MFTV>
    <PRGP>65,480000</PRGP>
    <ROSN>55,000000</ROSN>
    <SLOV>60,000000</SLOV>
    <SVIZ>60,000000</SVIZ>
    <BSP>55,800000</BSP>
  </Prezzi>
  <Prezzi>
    <Data>20150127</Data>
    <Mercato>MGP</Mercato>
    <Ora>10</Ora>
    <PUN>59,200329</PUN>
    <NAT>59,000000</NAT>
    <CNOR>59,400000</CNOR>
    <CSUD>59,400000</CSUD>
    <NORD>59,400000</NORD>
    <SARD>59,400000</SARD>
    <SICI>65,480000</SICI>
    <SUD>52,900000</SUD>
    <AUST>59,400000</AUST>
    <BRNN>52,900000</BRNN>
    <COAC>59,400000</COAC>
    <CORS>59,400000</CORS>
    <FOGN>52,900000</FOGN>
    <FRAN>59,400000</FRAN>
    <GREC>52,900000</GREC>
    <MFTV>59,400000</MFTV>
    <PRGP>65,480000</PRGP>
    <ROSN>52,900000</ROSN>
    <SLOV>59,400000</SLOV>
    <SVIZ>59,400000</SVIZ>
    <BSP>56,500000</BSP>
  </Prezzi>
  <Prezzi>
    <Data>20150127</Data>
    <Mercato>MGP</Mercato>
    <Ora>11</Ora>
    <PUN>57,189114</PUN>
    <NAT>56,970000</NAT>
    <CNOR>57,140000</CNOR>
    <CSUD>57,140000</CSUD>
    <NORD>57,140000</NORD>
    <SARD>57,140000</SARD>
    <SICI>65,300000</SICI>
    <SUD>52,820000</SUD>
    <AUST>57,140000</AUST>
    <BRNN>52,820000</BRNN>
    <COAC>57,140000</COAC>
    <CORS>57,140000</CORS>
    <FOGN>52,820000</FOGN>
    <FRAN>57,140000</FRAN>
    <GREC>52,820000</GREC>
    <MFTV>57,140000</MFTV>
    <PRGP>65,300000</PRGP>
    <ROSN>52,820000</ROSN>
    <SLOV>57,140000</SLOV>
    <SVIZ>57,140000</SVIZ>
    <BSP>52,750000</BSP>
  </Prezzi>
  <Prezzi>
    <Data>20150127</Data>
    <Mercato>MGP</Mercato>
    <Ora>12</Ora>
    <PUN>55,598893</PUN>
    <NAT>54,100000</NAT>
    <CNOR>55,460000</CNOR>
    <CSUD>55,460000</CSUD>
    <NORD>55,460000</NORD>
    <SARD>55,460000</SARD>
    <SICI>65,300000</SICI>
    <SUD>51,270000</SUD>
    <AUST>55,460000</AUST>
    <BRNN>51,270000</BRNN>
    <COAC>55,460000</COAC>
    <CORS>55,460000</CORS>
    <FOGN>51,270000</FOGN>
    <FRAN>55,460000</FRAN>
    <GREC>51,270000</GREC>
    <MFTV>55,460000</MFTV>
    <PRGP>65,300000</PRGP>
    <ROSN>51,270000</ROSN>
    <SLOV>55,460000</SLOV>
    <SVIZ>55,460000</SVIZ>
    <BSP>51,740000</BSP>
  </Prezzi>
  <Prezzi>
    <Data>20150127</Data>
    <Mercato>MGP</Mercato>
    <Ora>13</Ora>
    <PUN>51,526540</PUN>
    <NAT>50,830000</NAT>
    <CNOR>50,830000</CNOR>
    <CSUD>50,830000</CSUD>
    <NORD>50,830000</NORD>
    <SARD>50,830000</SARD>
    <SICI>65,300000</SICI>
    <SUD>50,580000</SUD>
    <AUST>50,830000</AUST>
    <BRNN>50,580000</BRNN>
    <COAC>50,830000</COAC>
    <CORS>50,830000</CORS>
    <FOGN>50,580000</FOGN>
    <FRAN>50,830000</FRAN>
    <GREC>50,580000</GREC>
    <MFTV>50,830000</MFTV>
    <PRGP>65,300000</PRGP>
    <ROSN>50,580000</ROSN>
    <SLOV>50,830000</SLOV>
    <SVIZ>50,830000</SVIZ>
    <BSP>48,530000</BSP>
  </Prezzi>
  <Prezzi>
    <Data>20150127</Data>
    <Mercato>MGP</Mercato>
    <Ora>14</Ora>
    <PUN>51,178161</PUN>
    <NAT>50,480000</NAT>
    <CNOR>50,480000</CNOR>
    <CSUD>50,480000</CSUD>
    <NORD>50,480000</NORD>
    <SARD>50,480000</SARD>
    <SICI>65,300000</SICI>
    <SUD>50,080000</SUD>
    <AUST>50,480000</AUST>
    <BRNN>50,080000</BRNN>
    <COAC>50,480000</COAC>
    <CORS>50,480000</CORS>
    <FOGN>50,080000</FOGN>
    <FRAN>50,480000</FRAN>
    <GREC>50,080000</GREC>
    <MFTV>50,480000</MFTV>
    <PRGP>65,300000</PRGP>
    <ROSN>50,080000</ROSN>
    <SLOV>50,480000</SLOV>
    <SVIZ>50,480000</SVIZ>
    <BSP>47,650000</BSP>
  </Prezzi>
  <Prezzi>
    <Data>20150127</Data>
    <Mercato>MGP</Mercato>
    <Ora>15</Ora>
    <PUN>52,499389</PUN>
    <NAT>51,500000</NAT>
    <CNOR>52,000000</CNOR>
    <CSUD>52,000000</CSUD>
    <NORD>52,000000</NORD>
    <SARD>52,000000</SARD>
    <SICI>65,300000</SICI>
    <SUD>50,070000</SUD>
    <AUST>52,000000</AUST>
    <BRNN>50,070000</BRNN>
    <COAC>52,000000</COAC>
    <CORS>52,000000</CORS>
    <FOGN>50,070000</FOGN>
    <FRAN>52,000000</FRAN>
    <GREC>50,070000</GREC>
    <MFTV>52,000000</MFTV>
    <PRGP>65,300000</PRGP>
    <ROSN>50,070000</ROSN>
    <SLOV>52,000000</SLOV>
    <SVIZ>52,000000</SVIZ>
    <BSP>48,310000</BSP>
  </Prezzi>
  <Prezzi>
    <Data>20150127</Data>
    <Mercato>MGP</Mercato>
    <Ora>16</Ora>
    <PUN>53,049981</PUN>
    <NAT>52,470000</NAT>
    <CNOR>52,470000</CNOR>
    <CSUD>52,470000</CSUD>
    <NORD>52,470000</NORD>
    <SARD>52,470000</SARD>
    <SICI>65,300000</SICI>
    <SUD>51,660000</SUD>
    <AUST>52,470000</AUST>
    <BRNN>51,660000</BRNN>
    <COAC>52,470000</COAC>
    <CORS>52,470000</CORS>
    <FOGN>51,660000</FOGN>
    <FRAN>52,470000</FRAN>
    <GREC>51,660000</GREC>
    <MFTV>52,470000</MFTV>
    <PRGP>65,300000</PRGP>
    <ROSN>51,660000</ROSN>
    <SLOV>52,470000</SLOV>
    <SVIZ>52,470000</SVIZ>
    <BSP>49,700000</BSP>
  </Prezzi>
  <Prezzi>
    <Data>20150127</Data>
    <Mercato>MGP</Mercato>
    <Ora>17</Ora>
    <PUN>55,113155</PUN>
    <NAT>55,020000</NAT>
    <CNOR>54,700000</CNOR>
    <CSUD>54,700000</CSUD>
    <NORD>54,700000</NORD>
    <SARD>54,700000</SARD>
    <SICI>65,480000</SICI>
    <SUD>52,900000</SUD>
    <AUST>54,700000</AUST>
    <BRNN>52,900000</BRNN>
    <COAC>54,700000</COAC>
    <CORS>54,700000</CORS>
    <FOGN>52,900000</FOGN>
    <FRAN>54,700000</FRAN>
    <GREC>52,900000</GREC>
    <MFTV>54,700000</MFTV>
    <PRGP>65,480000</PRGP>
    <ROSN>52,900000</ROSN>
    <SLOV>54,700000</SLOV>
    <SVIZ>54,700000</SVIZ>
    <BSP>54,700000</BSP>
  </Prezzi>
  <Prezzi>
    <Data>20150127</Data>
    <Mercato>MGP</Mercato>
    <Ora>18</Ora>
    <PUN>62,429997</PUN>
    <NAT>63,990000</NAT>
    <CNOR>62,400000</CNOR>
    <CSUD>62,400000</CSUD>
    <NORD>62,400000</NORD>
    <SARD>62,400000</SARD>
    <SICI>67,360000</SICI>
    <SUD>59,640000</SUD>
    <AUST>62,400000</AUST>
    <BRNN>59,640000</BRNN>
    <COAC>62,400000</COAC>
    <CORS>62,400000</CORS>
    <FOGN>59,640000</FOGN>
    <FRAN>62,400000</FRAN>
    <GREC>59,640000</GREC>
    <MFTV>62,400000</MFTV>
    <PRGP>67,360000</PRGP>
    <ROSN>59,640000</ROSN>
    <SLOV>62,400000</SLOV>
    <SVIZ>62,400000</SVIZ>
    <BSP>62,400000</BSP>
  </Prezzi>
  <Prezzi>
    <Data>20150127</Data>
    <Mercato>MGP</Mercato>
    <Ora>19</Ora>
    <PUN>62,838945</PUN>
    <NAT>63,500000</NAT>
    <CNOR>62,990000</CNOR>
    <CSUD>62,990000</CSUD>
    <NORD>62,210000</NORD>
    <SARD>62,990000</SARD>
    <SICI>67,360000</SICI>
    <SUD>62,990000</SUD>
    <AUST>62,210000</AUST>
    <BRNN>62,990000</BRNN>
    <COAC>62,990000</COAC>
    <CORS>62,990000</CORS>
    <FOGN>62,990000</FOGN>
    <FRAN>62,210000</FRAN>
    <GREC>62,990000</GREC>
    <MFTV>62,210000</MFTV>
    <PRGP>67,360000</PRGP>
    <ROSN>62,990000</ROSN>
    <SLOV>62,210000</SLOV>
    <SVIZ>62,210000</SVIZ>
    <BSP>62,210000</BSP>
  </Prezzi>
  <Prezzi>
    <Data>20150127</Data>
    <Mercato>MGP</Mercato>
    <Ora>20</Ora>
    <PUN>59,686562</PUN>
    <NAT>60,000000</NAT>
    <CNOR>60,000000</CNOR>
    <CSUD>60,000000</CSUD>
    <NORD>57,530000</NORD>
    <SARD>60,000000</SARD>
    <SICI>76,150000</SICI>
    <SUD>59,370000</SUD>
    <AUST>57,530000</AUST>
    <BRNN>59,370000</BRNN>
    <COAC>60,000000</COAC>
    <CORS>60,000000</CORS>
    <FOGN>59,370000</FOGN>
    <FRAN>57,530000</FRAN>
    <GREC>59,370000</GREC>
    <MFTV>57,530000</MFTV>
    <PRGP>76,150000</PRGP>
    <ROSN>59,370000</ROSN>
    <SLOV>57,530000</SLOV>
    <SVIZ>57,530000</SVIZ>
    <BSP>57,530000</BSP>
  </Prezzi>
  <Prezzi>
    <Data>20150127</Data>
    <Mercato>MGP</Mercato>
    <Ora>21</Ora>
    <PUN>56,228292</PUN>
    <NAT>57,000000</NAT>
    <CNOR>57,000000</CNOR>
    <CSUD>57,000000</CSUD>
    <NORD>53,000000</NORD>
    <SARD>57,000000</SARD>
    <SICI>76,150000</SICI>
    <SUD>57,000000</SUD>
    <AUST>53,000000</AUST>
    <BRNN>57,000000</BRNN>
    <COAC>57,000000</COAC>
    <CORS>57,000000</CORS>
    <FOGN>57,000000</FOGN>
    <FRAN>53,000000</FRAN>
    <GREC>57,000000</GREC>
    <MFTV>53,000000</MFTV>
    <PRGP>76,150000</PRGP>
    <ROSN>57,000000</ROSN>
    <SLOV>53,000000</SLOV>
    <SVIZ>53,000000</SVIZ>
    <BSP>53,000000</BSP>
  </Prezzi>
  <Prezzi>
    <Data>20150127</Data>
    <Mercato>MGP</Mercato>
    <Ora>22</Ora>
    <PUN>53,954079</PUN>
    <NAT>57,330000</NAT>
    <CNOR>53,020000</CNOR>
    <CSUD>53,020000</CSUD>
    <NORD>53,020000</NORD>
    <SARD>53,020000</SARD>
    <SICI>67,360000</SICI>
    <SUD>53,020000</SUD>
    <AUST>53,020000</AUST>
    <BRNN>53,020000</BRNN>
    <COAC>53,020000</COAC>
    <CORS>53,020000</CORS>
    <FOGN>53,020000</FOGN>
    <FRAN>53,020000</FRAN>
    <GREC>53,020000</GREC>
    <MFTV>53,020000</MFTV>
    <PRGP>67,360000</PRGP>
    <ROSN>53,020000</ROSN>
    <SLOV>53,020000</SLOV>
    <SVIZ>53,020000</SVIZ>
    <BSP>42,400000</BSP>
  </Prezzi>
  <Prezzi>
    <Data>20150127</Data>
    <Mercato>MGP</Mercato>
    <Ora>23</Ora>
    <PUN>51,115247</PUN>
    <NAT>50,070000</NAT>
    <CNOR>50,000000</CNOR>
    <CSUD>50,000000</CSUD>
    <NORD>50,000000</NORD>
    <SARD>50,000000</SARD>
    <SICI>67,360000</SICI>
    <SUD>50,000000</SUD>
    <AUST>50,000000</AUST>
    <BRNN>50,000000</BRNN>
    <COAC>50,000000</COAC>
    <CORS>50,000000</CORS>
    <FOGN>50,000000</FOGN>
    <FRAN>50,000000</FRAN>
    <GREC>50,000000</GREC>
    <MFTV>50,000000</MFTV>
    <PRGP>67,360000</PRGP>
    <ROSN>50,000000</ROSN>
    <SLOV>50,000000</SLOV>
    <SVIZ>50,000000</SVIZ>
    <BSP>39,210000</BSP>
  </Prezzi>
  <Prezzi>
    <Data>20150127</Data>
    <Mercato>MGP</Mercato>
    <Ora>24</Ora>
    <PUN>49,715180</PUN>
    <NAT>48,810000</NAT>
    <CNOR>48,690000</CNOR>
    <CSUD>48,690000</CSUD>
    <NORD>48,690000</NORD>
    <SARD>48,690000</SARD>
    <SICI>65,480000</SICI>
    <SUD>48,690000</SUD>
    <AUST>48,690000</AUST>
    <BRNN>48,690000</BRNN>
    <COAC>48,690000</COAC>
    <CORS>48,690000</CORS>
    <FOGN>48,690000</FOGN>
    <FRAN>48,690000</FRAN>
    <GREC>48,690000</GREC>
    <MFTV>48,690000</MFTV>
    <PRGP>65,480000</PRGP>
    <ROSN>48,690000</ROSN>
    <SLOV>48,690000</SLOV>
    <SVIZ>48,690000</SVIZ>
    <BSP>31,000000</BSP>
  </Prezzi>
</NewDataSet>