<?xml version="1.0" standalone="yes"?>
<NewDataSet>
  <xs:schema id="NewDataSet" xmlns="" xmlns:xs="http://www.w3.org/2001/XMLSchema" xmlns:msdata="urn:schemas-microsoft-com:xml-msdata">
    <xs:element name="NewDataSet" msdata:IsDataSet="true" msdata:MainDataTable="Fabbisogno" msdata:UseCurrentLocale="true">
      <xs:complexType>
        <xs:choice minOccurs="0" maxOccurs="unbounded">
          <xs:element name="Fabbisogno">
            <xs:complexType>
              <xs:sequence>
                <xs:element name="Data" type="xs:string" minOccurs="0" />
                <xs:element name="Mercato" type="xs:string" minOccurs="0" />
                <xs:element name="Ora" type="xs:string" minOccurs="0" />
                <xs:element name="Totale" type="xs:string" minOccurs="0" />
                <xs:element name="CNOR" type="xs:string" minOccurs="0" />
                <xs:element name="CSUD" type="xs:string" minOccurs="0" />
                <xs:element name="NORD" type="xs:string" minOccurs="0" />
                <xs:element name="SARD" type="xs:string" minOccurs="0" />
                <xs:element name="SICI" type="xs:string" minOccurs="0" />
                <xs:element name="SUD" type="xs:string" minOccurs="0" />
              </xs:sequence>
            </xs:complexType>
          </xs:element>
        </xs:choice>
      </xs:complexType>
    </xs:element>
  </xs:schema>
  <Fabbisogno>
    <Data>20170106</Data>
    <Mercato>MGP</Mercato>
    <Ora>01</Ora>
    <Totale>26204</Totale>
    <CNOR>3102</CNOR>
    <CSUD>4216</CSUD>
    <NORD>13678</NORD>
    <SARD>890</SARD>
    <SICI>1641</SICI>
    <SUD>2677</SUD>
  </Fabbisogno>
  <Fabbisogno>
    <Data>20170106</Data>
    <Mercato>MGP</Mercato>
    <Ora>02</Ora>
    <Totale>23820</Totale>
    <CNOR>2813</CNOR>
    <CSUD>3977</CSUD>
    <NORD>12216</NORD>
    <SARD>858</SARD>
    <SICI>1550</SICI>
    <SUD>2406</SUD>
  </Fabbisogno>
  <Fabbisogno>
    <Data>20170106</Data>
    <Mercato>MGP</Mercato>
    <Ora>03</Ora>
    <Totale>22744</Totale>
    <CNOR>2822</CNOR>
    <CSUD>3777</CSUD>
    <NORD>11587</NORD>
    <SARD>812</SARD>
    <SICI>1464</SICI>
    <SUD>2282</SUD>
  </Fabbisogno>
  <Fabbisogno>
    <Data>20170106</Data>
    <Mercato>MGP</Mercato>
    <Ora>04</Ora>
    <Totale>21800</Totale>
    <CNOR>2630</CNOR>
    <CSUD>3667</CSUD>
    <NORD>11193</NORD>
    <SARD>785</SARD>
    <SICI>1381</SICI>
    <SUD>2144</SUD>
  </Fabbisogno>
  <Fabbisogno>
    <Data>20170106</Data>
    <Mercato>MGP</Mercato>
    <Ora>05</Ora>
    <Totale>21369</Totale>
    <CNOR>2591</CNOR>
    <CSUD>3499</CSUD>
    <NORD>11123</NORD>
    <SARD>779</SARD>
    <SICI>1370</SICI>
    <SUD>2007</SUD>
  </Fabbisogno>
  <Fabbisogno>
    <Data>20170106</Data>
    <Mercato>MGP</Mercato>
    <Ora>06</Ora>
    <Totale>21747</Totale>
    <CNOR>2599</CNOR>
    <CSUD>3544</CSUD>
    <NORD>11487</NORD>
    <SARD>781</SARD>
    <SICI>1321</SICI>
    <SUD>2015</SUD>
  </Fabbisogno>
  <Fabbisogno>
    <Data>20170106</Data>
    <Mercato>MGP</Mercato>
    <Ora>07</Ora>
    <Totale>22788</Totale>
    <CNOR>2622</CNOR>
    <CSUD>3720</CSUD>
    <NORD>12142</NORD>
    <SARD>806</SARD>
    <SICI>1447</SICI>
    <SUD>2051</SUD>
  </Fabbisogno>
  <Fabbisogno>
    <Data>20170106</Data>
    <Mercato>MGP</Mercato>
    <Ora>08</Ora>
    <Totale>24101</Totale>
    <CNOR>2813</CNOR>
    <CSUD>3918</CSUD>
    <NORD>12913</NORD>
    <SARD>850</SARD>
    <SICI>1495</SICI>
    <SUD>2112</SUD>
  </Fabbisogno>
  <Fabbisogno>
    <Data>20170106</Data>
    <Mercato>MGP</Mercato>
    <Ora>09</Ora>
    <Totale>25703</Totale>
    <CNOR>2995</CNOR>
    <CSUD>4363</CSUD>
    <NORD>13294</NORD>
    <SARD>966</SARD>
    <SICI>1638</SICI>
    <SUD>2447</SUD>
  </Fabbisogno>
  <Fabbisogno>
    <Data>20170106</Data>
    <Mercato>MGP</Mercato>
    <Ora>10</Ora>
    <Totale>28206</Totale>
    <CNOR>3258</CNOR>
    <CSUD>4974</CSUD>
    <NORD>14116</NORD>
    <SARD>1026</SARD>
    <SICI>2063</SICI>
    <SUD>2769</SUD>
  </Fabbisogno>
  <Fabbisogno>
    <Data>20170106</Data>
    <Mercato>MGP</Mercato>
    <Ora>11</Ora>
    <Totale>29201</Totale>
    <CNOR>3621</CNOR>
    <CSUD>5512</CSUD>
    <NORD>14196</NORD>
    <SARD>1041</SARD>
    <SICI>2058</SICI>
    <SUD>2773</SUD>
  </Fabbisogno>
  <Fabbisogno>
    <Data>20170106</Data>
    <Mercato>MGP</Mercato>
    <Ora>12</Ora>
    <Totale>29185</Totale>
    <CNOR>3614</CNOR>
    <CSUD>5562</CSUD>
    <NORD>14354</NORD>
    <SARD>1065</SARD>
    <SICI>2039</SICI>
    <SUD>2551</SUD>
  </Fabbisogno>
  <Fabbisogno>
    <Data>20170106</Data>
    <Mercato>MGP</Mercato>
    <Ora>13</Ora>
    <Totale>29132</Totale>
    <CNOR>3434</CNOR>
    <CSUD>5658</CSUD>
    <NORD>14263</NORD>
    <SARD>1027</SARD>
    <SICI>2083</SICI>
    <SUD>2667</SUD>
  </Fabbisogno>
  <Fabbisogno>
    <Data>20170106</Data>
    <Mercato>MGP</Mercato>
    <Ora>14</Ora>
    <Totale>27432</Totale>
    <CNOR>3158</CNOR>
    <CSUD>5277</CSUD>
    <NORD>13478</NORD>
    <SARD>987</SARD>
    <SICI>1960</SICI>
    <SUD>2572</SUD>
  </Fabbisogno>
  <Fabbisogno>
    <Data>20170106</Data>
    <Mercato>MGP</Mercato>
    <Ora>15</Ora>
    <Totale>26599</Totale>
    <CNOR>3024</CNOR>
    <CSUD>5023</CSUD>
    <NORD>12857</NORD>
    <SARD>927</SARD>
    <SICI>2018</SICI>
    <SUD>2750</SUD>
  </Fabbisogno>
  <Fabbisogno>
    <Data>20170106</Data>
    <Mercato>MGP</Mercato>
    <Ora>16</Ora>
    <Totale>26679</Totale>
    <CNOR>3073</CNOR>
    <CSUD>5015</CSUD>
    <NORD>12943</NORD>
    <SARD>931</SARD>
    <SICI>2048</SICI>
    <SUD>2669</SUD>
  </Fabbisogno>
  <Fabbisogno>
    <Data>20170106</Data>
    <Mercato>MGP</Mercato>
    <Ora>17</Ora>
    <Totale>27402</Totale>
    <CNOR>3211</CNOR>
    <CSUD>5054</CSUD>
    <NORD>13484</NORD>
    <SARD>994</SARD>
    <SICI>2095</SICI>
    <SUD>2564</SUD>
  </Fabbisogno>
  <Fabbisogno>
    <Data>20170106</Data>
    <Mercato>MGP</Mercato>
    <Ora>18</Ora>
    <Totale>31307</Totale>
    <CNOR>3568</CNOR>
    <CSUD>5640</CSUD>
    <NORD>15576</NORD>
    <SARD>1085</SARD>
    <SICI>2411</SICI>
    <SUD>3027</SUD>
  </Fabbisogno>
  <Fabbisogno>
    <Data>20170106</Data>
    <Mercato>MGP</Mercato>
    <Ora>19</Ora>
    <Totale>33235</Totale>
    <CNOR>3804</CNOR>
    <CSUD>6013</CSUD>
    <NORD>16600</NORD>
    <SARD>1160</SARD>
    <SICI>2465</SICI>
    <SUD>3193</SUD>
  </Fabbisogno>
  <Fabbisogno>
    <Data>20170106</Data>
    <Mercato>MGP</Mercato>
    <Ora>20</Ora>
    <Totale>33901</Totale>
    <CNOR>3918</CNOR>
    <CSUD>6176</CSUD>
    <NORD>16884</NORD>
    <SARD>1195</SARD>
    <SICI>2519</SICI>
    <SUD>3209</SUD>
  </Fabbisogno>
  <Fabbisogno>
    <Data>20170106</Data>
    <Mercato>MGP</Mercato>
    <Ora>21</Ora>
    <Totale>33317</Totale>
    <CNOR>3814</CNOR>
    <CSUD>6153</CSUD>
    <NORD>16360</NORD>
    <SARD>1197</SARD>
    <SICI>2544</SICI>
    <SUD>3249</SUD>
  </Fabbisogno>
  <Fabbisogno>
    <Data>20170106</Data>
    <Mercato>MGP</Mercato>
    <Ora>22</Ora>
    <Totale>31763</Totale>
    <CNOR>3663</CNOR>
    <CSUD>5942</CSUD>
    <NORD>15433</NORD>
    <SARD>1146</SARD>
    <SICI>2415</SICI>
    <SUD>3164</SUD>
  </Fabbisogno>
  <Fabbisogno>
    <Data>20170106</Data>
    <Mercato>MGP</Mercato>
    <Ora>23</Ora>
    <Totale>29580</Totale>
    <CNOR>3360</CNOR>
    <CSUD>5521</CSUD>
    <NORD>14422</NORD>
    <SARD>1050</SARD>
    <SICI>2252</SICI>
    <SUD>2975</SUD>
  </Fabbisogno>
  <Fabbisogno>
    <Data>20170106</Data>
    <Mercato>MGP</Mercato>
    <Ora>24</Ora>
    <Totale>27072</Totale>
    <CNOR>3143</CNOR>
    <CSUD>5027</CSUD>
    <NORD>13158</NORD>
    <SARD>981</SARD>
    <SICI>2018</SICI>
    <SUD>2745</SUD>
  </Fabbisogno>
</NewDataSet>