<?xml version="1.0" standalone="yes"?>
<NewDataSet>
  <xs:schema id="NewDataSet" xmlns="" xmlns:xs="http://www.w3.org/2001/XMLSchema" xmlns:msdata="urn:schemas-microsoft-com:xml-msdata">
    <xs:element name="NewDataSet" msdata:IsDataSet="true" msdata:MainDataTable="marketintervaldetail" msdata:UseCurrentLocale="true">
      <xs:complexType>
        <xs:choice minOccurs="0" maxOccurs="unbounded">
          <xs:element name="marketintervaldetail">
            <xs:complexType>
              <xs:sequence>
                <xs:element name="Data" type="xs:string" minOccurs="0" />
                <xs:element name="Mercato" type="xs:string" minOccurs="0" />
                <xs:element name="Ora" type="xs:string" minOccurs="0" />
                <xs:element name="Totale" type="xs:string" minOccurs="0" />
                <xs:element name="CNOR" type="xs:string" minOccurs="0" />
                <xs:element name="CSUD" type="xs:string" minOccurs="0" />
                <xs:element name="NORD" type="xs:string" minOccurs="0" />
                <xs:element name="SARD" type="xs:string" minOccurs="0" />
                <xs:element name="SICI" type="xs:string" minOccurs="0" />
                <xs:element name="SUD" type="xs:string" minOccurs="0" />
              </xs:sequence>
            </xs:complexType>
          </xs:element>
        </xs:choice>
      </xs:complexType>
    </xs:element>
  </xs:schema>
  <marketintervaldetail>
    <Data>20170107</Data>
    <Mercato>MGP</Mercato>
    <Ora>01</Ora>
    <Totale>24638</Totale>
    <CNOR>2764</CNOR>
    <CSUD>4486</CSUD>
    <NORD>12131</NORD>
    <SARD>894</SARD>
    <SICI>1777</SICI>
    <SUD>2586</SUD>
  </marketintervaldetail>
  <marketintervaldetail>
    <Data>20170107</Data>
    <Mercato>MGP</Mercato>
    <Ora>02</Ora>
    <Totale>22860</Totale>
    <CNOR>2685</CNOR>
    <CSUD>4123</CSUD>
    <NORD>11415</NORD>
    <SARD>815</SARD>
    <SICI>1583</SICI>
    <SUD>2239</SUD>
  </marketintervaldetail>
  <marketintervaldetail>
    <Data>20170107</Data>
    <Mercato>MGP</Mercato>
    <Ora>03</Ora>
    <Totale>21168</Totale>
    <CNOR>2527</CNOR>
    <CSUD>3715</CSUD>
    <NORD>10605</NORD>
    <SARD>785</SARD>
    <SICI>1467</SICI>
    <SUD>2069</SUD>
  </marketintervaldetail>
  <marketintervaldetail>
    <Data>20170107</Data>
    <Mercato>MGP</Mercato>
    <Ora>04</Ora>
    <Totale>20542</Totale>
    <CNOR>2429</CNOR>
    <CSUD>3601</CSUD>
    <NORD>10161</NORD>
    <SARD>777</SARD>
    <SICI>1400</SICI>
    <SUD>2174</SUD>
  </marketintervaldetail>
  <marketintervaldetail>
    <Data>20170107</Data>
    <Mercato>MGP</Mercato>
    <Ora>05</Ora>
    <Totale>20535</Totale>
    <CNOR>2376</CNOR>
    <CSUD>3534</CSUD>
    <NORD>10400</NORD>
    <SARD>769</SARD>
    <SICI>1377</SICI>
    <SUD>2079</SUD>
  </marketintervaldetail>
  <marketintervaldetail>
    <Data>20170107</Data>
    <Mercato>MGP</Mercato>
    <Ora>06</Ora>
    <Totale>21319</Totale>
    <CNOR>2491</CNOR>
    <CSUD>3584</CSUD>
    <NORD>10824</NORD>
    <SARD>793</SARD>
    <SICI>1455</SICI>
    <SUD>2172</SUD>
  </marketintervaldetail>
  <marketintervaldetail>
    <Data>20170107</Data>
    <Mercato>MGP</Mercato>
    <Ora>07</Ora>
    <Totale>23763</Totale>
    <CNOR>2751</CNOR>
    <CSUD>3882</CSUD>
    <NORD>12322</NORD>
    <SARD>862</SARD>
    <SICI>1577</SICI>
    <SUD>2369</SUD>
  </marketintervaldetail>
  <marketintervaldetail>
    <Data>20170107</Data>
    <Mercato>MGP</Mercato>
    <Ora>08</Ora>
    <Totale>26311</Totale>
    <CNOR>2999</CNOR>
    <CSUD>4346</CSUD>
    <NORD>13701</NORD>
    <SARD>990</SARD>
    <SICI>1692</SICI>
    <SUD>2583</SUD>
  </marketintervaldetail>
  <marketintervaldetail>
    <Data>20170107</Data>
    <Mercato>MGP</Mercato>
    <Ora>09</Ora>
    <Totale>28879</Totale>
    <CNOR>3266</CNOR>
    <CSUD>4810</CSUD>
    <NORD>14827</NORD>
    <SARD>1055</SARD>
    <SICI>1902</SICI>
    <SUD>3019</SUD>
  </marketintervaldetail>
  <marketintervaldetail>
    <Data>20170107</Data>
    <Mercato>MGP</Mercato>
    <Ora>10</Ora>
    <Totale>30996</Totale>
    <CNOR>3538</CNOR>
    <CSUD>5417</CSUD>
    <NORD>15403</NORD>
    <SARD>1167</SARD>
    <SICI>2100</SICI>
    <SUD>3371</SUD>
  </marketintervaldetail>
  <marketintervaldetail>
    <Data>20170107</Data>
    <Mercato>MGP</Mercato>
    <Ora>11</Ora>
    <Totale>31329</Totale>
    <CNOR>3634</CNOR>
    <CSUD>5737</CSUD>
    <NORD>15372</NORD>
    <SARD>1109</SARD>
    <SICI>2061</SICI>
    <SUD>3416</SUD>
  </marketintervaldetail>
  <marketintervaldetail>
    <Data>20170107</Data>
    <Mercato>MGP</Mercato>
    <Ora>12</Ora>
    <Totale>30831</Totale>
    <CNOR>3652</CNOR>
    <CSUD>5711</CSUD>
    <NORD>15278</NORD>
    <SARD>1061</SARD>
    <SICI>2009</SICI>
    <SUD>3120</SUD>
  </marketintervaldetail>
  <marketintervaldetail>
    <Data>20170107</Data>
    <Mercato>MGP</Mercato>
    <Ora>13</Ora>
    <Totale>30217</Totale>
    <CNOR>3433</CNOR>
    <CSUD>5752</CSUD>
    <NORD>14680</NORD>
    <SARD>1022</SARD>
    <SICI>2062</SICI>
    <SUD>3268</SUD>
  </marketintervaldetail>
  <marketintervaldetail>
    <Data>20170107</Data>
    <Mercato>MGP</Mercato>
    <Ora>14</Ora>
    <Totale>29319</Totale>
    <CNOR>3187</CNOR>
    <CSUD>5734</CSUD>
    <NORD>14121</NORD>
    <SARD>991</SARD>
    <SICI>2081</SICI>
    <SUD>3205</SUD>
  </marketintervaldetail>
  <marketintervaldetail>
    <Data>20170107</Data>
    <Mercato>MGP</Mercato>
    <Ora>15</Ora>
    <Totale>28889</Totale>
    <CNOR>3104</CNOR>
    <CSUD>5803</CSUD>
    <NORD>14063</NORD>
    <SARD>958</SARD>
    <SICI>2106</SICI>
    <SUD>2855</SUD>
  </marketintervaldetail>
  <marketintervaldetail>
    <Data>20170107</Data>
    <Mercato>MGP</Mercato>
    <Ora>16</Ora>
    <Totale>29136</Totale>
    <CNOR>3173</CNOR>
    <CSUD>5710</CSUD>
    <NORD>14202</NORD>
    <SARD>1015</SARD>
    <SICI>2167</SICI>
    <SUD>2869</SUD>
  </marketintervaldetail>
  <marketintervaldetail>
    <Data>20170107</Data>
    <Mercato>MGP</Mercato>
    <Ora>17</Ora>
    <Totale>30300</Totale>
    <CNOR>3274</CNOR>
    <CSUD>5560</CSUD>
    <NORD>14997</NORD>
    <SARD>1078</SARD>
    <SICI>2309</SICI>
    <SUD>3082</SUD>
  </marketintervaldetail>
  <marketintervaldetail>
    <Data>20170107</Data>
    <Mercato>MGP</Mercato>
    <Ora>18</Ora>
    <Totale>34188</Totale>
    <CNOR>3713</CNOR>
    <CSUD>6117</CSUD>
    <NORD>17069</NORD>
    <SARD>1157</SARD>
    <SICI>2551</SICI>
    <SUD>3581</SUD>
  </marketintervaldetail>
  <marketintervaldetail>
    <Data>20170107</Data>
    <Mercato>MGP</Mercato>
    <Ora>19</Ora>
    <Totale>36234</Totale>
    <CNOR>3995</CNOR>
    <CSUD>6481</CSUD>
    <NORD>18040</NORD>
    <SARD>1261</SARD>
    <SICI>2734</SICI>
    <SUD>3723</SUD>
  </marketintervaldetail>
  <marketintervaldetail>
    <Data>20170107</Data>
    <Mercato>MGP</Mercato>
    <Ora>20</Ora>
    <Totale>36660</Totale>
    <CNOR>4112</CNOR>
    <CSUD>6806</CSUD>
    <NORD>17840</NORD>
    <SARD>1269</SARD>
    <SICI>2771</SICI>
    <SUD>3862</SUD>
  </marketintervaldetail>
  <marketintervaldetail>
    <Data>20170107</Data>
    <Mercato>MGP</Mercato>
    <Ora>21</Ora>
    <Totale>35028</Totale>
    <CNOR>3933</CNOR>
    <CSUD>6652</CSUD>
    <NORD>16691</NORD>
    <SARD>1236</SARD>
    <SICI>2693</SICI>
    <SUD>3823</SUD>
  </marketintervaldetail>
  <marketintervaldetail>
    <Data>20170107</Data>
    <Mercato>MGP</Mercato>
    <Ora>22</Ora>
    <Totale>32559</Totale>
    <CNOR>3625</CNOR>
    <CSUD>6042</CSUD>
    <NORD>15714</NORD>
    <SARD>1142</SARD>
    <SICI>2483</SICI>
    <SUD>3553</SUD>
  </marketintervaldetail>
  <marketintervaldetail>
    <Data>20170107</Data>
    <Mercato>MGP</Mercato>
    <Ora>23</Ora>
    <Totale>29795</Totale>
    <CNOR>3324</CNOR>
    <CSUD>5552</CSUD>
    <NORD>14359</NORD>
    <SARD>1059</SARD>
    <SICI>2297</SICI>
    <SUD>3204</SUD>
  </marketintervaldetail>
  <marketintervaldetail>
    <Data>20170107</Data>
    <Mercato>MGP</Mercato>
    <Ora>24</Ora>
    <Totale>27132</Totale>
    <CNOR>3033</CNOR>
    <CSUD>4888</CSUD>
    <NORD>13073</NORD>
    <SARD>997</SARD>
    <SICI>2096</SICI>
    <SUD>3045</SUD>
  </marketintervaldetail>
</NewDataSet>