<?xml version="1.0" standalone="yes"?>
<NewDataSet>
  <xs:schema id="NewDataSet" xmlns="" xmlns:xs="http://www.w3.org/2001/XMLSchema" xmlns:msdata="urn:schemas-microsoft-com:xml-msdata">
    <xs:element name="NewDataSet" msdata:IsDataSet="true" msdata:MainDataTable="marketintervaldetail" msdata:UseCurrentLocale="true">
      <xs:complexType>
        <xs:choice minOccurs="0" maxOccurs="unbounded">
          <xs:element name="marketintervaldetail">
            <xs:complexType>
              <xs:sequence>
                <xs:element name="Data" type="xs:string" minOccurs="0" />
                <xs:element name="Mercato" type="xs:string" minOccurs="0" />
                <xs:element name="Ora" type="xs:string" minOccurs="0" />
                <xs:element name="Totale" type="xs:string" minOccurs="0" />
                <xs:element name="CNOR" type="xs:string" minOccurs="0" />
                <xs:element name="CSUD" type="xs:string" minOccurs="0" />
                <xs:element name="NORD" type="xs:string" minOccurs="0" />
                <xs:element name="SARD" type="xs:string" minOccurs="0" />
                <xs:element name="SICI" type="xs:string" minOccurs="0" />
                <xs:element name="SUD" type="xs:string" minOccurs="0" />
              </xs:sequence>
            </xs:complexType>
          </xs:element>
        </xs:choice>
      </xs:complexType>
    </xs:element>
  </xs:schema>
  <marketintervaldetail>
    <Data>20170103</Data>
    <Mercato>MGP</Mercato>
    <Ora>01</Ora>
    <Totale>24246</Totale>
    <CNOR>2786</CNOR>
    <CSUD>4253</CSUD>
    <NORD>12324</NORD>
    <SARD>838</SARD>
    <SICI>1764</SICI>
    <SUD>2281</SUD>
  </marketintervaldetail>
  <marketintervaldetail>
    <Data>20170103</Data>
    <Mercato>MGP</Mercato>
    <Ora>02</Ora>
    <Totale>22103</Totale>
    <CNOR>2549</CNOR>
    <CSUD>3842</CSUD>
    <NORD>11310</NORD>
    <SARD>775</SARD>
    <SICI>1558</SICI>
    <SUD>2069</SUD>
  </marketintervaldetail>
  <marketintervaldetail>
    <Data>20170103</Data>
    <Mercato>MGP</Mercato>
    <Ora>03</Ora>
    <Totale>20963</Totale>
    <CNOR>2361</CNOR>
    <CSUD>3523</CSUD>
    <NORD>10969</NORD>
    <SARD>752</SARD>
    <SICI>1382</SICI>
    <SUD>1976</SUD>
  </marketintervaldetail>
  <marketintervaldetail>
    <Data>20170103</Data>
    <Mercato>MGP</Mercato>
    <Ora>04</Ora>
    <Totale>20554</Totale>
    <CNOR>2341</CNOR>
    <CSUD>3383</CSUD>
    <NORD>10823</NORD>
    <SARD>748</SARD>
    <SICI>1368</SICI>
    <SUD>1891</SUD>
  </marketintervaldetail>
  <marketintervaldetail>
    <Data>20170103</Data>
    <Mercato>MGP</Mercato>
    <Ora>05</Ora>
    <Totale>20822</Totale>
    <CNOR>2413</CNOR>
    <CSUD>3451</CSUD>
    <NORD>10900</NORD>
    <SARD>763</SARD>
    <SICI>1378</SICI>
    <SUD>1917</SUD>
  </marketintervaldetail>
  <marketintervaldetail>
    <Data>20170103</Data>
    <Mercato>MGP</Mercato>
    <Ora>06</Ora>
    <Totale>22061</Totale>
    <CNOR>2489</CNOR>
    <CSUD>3613</CSUD>
    <NORD>11662</NORD>
    <SARD>781</SARD>
    <SICI>1468</SICI>
    <SUD>2048</SUD>
  </marketintervaldetail>
  <marketintervaldetail>
    <Data>20170103</Data>
    <Mercato>MGP</Mercato>
    <Ora>07</Ora>
    <Totale>25467</Totale>
    <CNOR>2855</CNOR>
    <CSUD>4136</CSUD>
    <NORD>13803</NORD>
    <SARD>853</SARD>
    <SICI>1581</SICI>
    <SUD>2239</SUD>
  </marketintervaldetail>
  <marketintervaldetail>
    <Data>20170103</Data>
    <Mercato>MGP</Mercato>
    <Ora>08</Ora>
    <Totale>29938</Totale>
    <CNOR>3339</CNOR>
    <CSUD>4900</CSUD>
    <NORD>16249</NORD>
    <SARD>997</SARD>
    <SICI>1847</SICI>
    <SUD>2606</SUD>
  </marketintervaldetail>
  <marketintervaldetail>
    <Data>20170103</Data>
    <Mercato>MGP</Mercato>
    <Ora>09</Ora>
    <Totale>34250</Totale>
    <CNOR>3863</CNOR>
    <CSUD>5540</CSUD>
    <NORD>18742</NORD>
    <SARD>1108</SARD>
    <SICI>2065</SICI>
    <SUD>2932</SUD>
  </marketintervaldetail>
  <marketintervaldetail>
    <Data>20170103</Data>
    <Mercato>MGP</Mercato>
    <Ora>10</Ora>
    <Totale>37463</Totale>
    <CNOR>4309</CNOR>
    <CSUD>6344</CSUD>
    <NORD>20109</NORD>
    <SARD>1162</SARD>
    <SICI>2311</SICI>
    <SUD>3228</SUD>
  </marketintervaldetail>
  <marketintervaldetail>
    <Data>20170103</Data>
    <Mercato>MGP</Mercato>
    <Ora>11</Ora>
    <Totale>38299</Totale>
    <CNOR>4544</CNOR>
    <CSUD>6919</CSUD>
    <NORD>20011</NORD>
    <SARD>1139</SARD>
    <SICI>2320</SICI>
    <SUD>3366</SUD>
  </marketintervaldetail>
  <marketintervaldetail>
    <Data>20170103</Data>
    <Mercato>MGP</Mercato>
    <Ora>12</Ora>
    <Totale>38064</Totale>
    <CNOR>4531</CNOR>
    <CSUD>6934</CSUD>
    <NORD>19558</NORD>
    <SARD>1098</SARD>
    <SICI>2380</SICI>
    <SUD>3563</SUD>
  </marketintervaldetail>
  <marketintervaldetail>
    <Data>20170103</Data>
    <Mercato>MGP</Mercato>
    <Ora>13</Ora>
    <Totale>35932</Totale>
    <CNOR>4217</CNOR>
    <CSUD>6564</CSUD>
    <NORD>18335</NORD>
    <SARD>1063</SARD>
    <SICI>2396</SICI>
    <SUD>3357</SUD>
  </marketintervaldetail>
  <marketintervaldetail>
    <Data>20170103</Data>
    <Mercato>MGP</Mercato>
    <Ora>14</Ora>
    <Totale>34525</Totale>
    <CNOR>3934</CNOR>
    <CSUD>6257</CSUD>
    <NORD>17485</NORD>
    <SARD>1009</SARD>
    <SICI>2424</SICI>
    <SUD>3416</SUD>
  </marketintervaldetail>
  <marketintervaldetail>
    <Data>20170103</Data>
    <Mercato>MGP</Mercato>
    <Ora>15</Ora>
    <Totale>34984</Totale>
    <CNOR>3929</CNOR>
    <CSUD>6148</CSUD>
    <NORD>18098</NORD>
    <SARD>997</SARD>
    <SICI>2497</SICI>
    <SUD>3315</SUD>
  </marketintervaldetail>
  <marketintervaldetail>
    <Data>20170103</Data>
    <Mercato>MGP</Mercato>
    <Ora>16</Ora>
    <Totale>35578</Totale>
    <CNOR>3978</CNOR>
    <CSUD>6157</CSUD>
    <NORD>18707</NORD>
    <SARD>1011</SARD>
    <SICI>2492</SICI>
    <SUD>3233</SUD>
  </marketintervaldetail>
  <marketintervaldetail>
    <Data>20170103</Data>
    <Mercato>MGP</Mercato>
    <Ora>17</Ora>
    <Totale>36872</Totale>
    <CNOR>4017</CNOR>
    <CSUD>6366</CSUD>
    <NORD>19520</NORD>
    <SARD>1081</SARD>
    <SICI>2482</SICI>
    <SUD>3406</SUD>
  </marketintervaldetail>
  <marketintervaldetail>
    <Data>20170103</Data>
    <Mercato>MGP</Mercato>
    <Ora>18</Ora>
    <Totale>40038</Totale>
    <CNOR>4346</CNOR>
    <CSUD>6900</CSUD>
    <NORD>21072</NORD>
    <SARD>1169</SARD>
    <SICI>2766</SICI>
    <SUD>3785</SUD>
  </marketintervaldetail>
  <marketintervaldetail>
    <Data>20170103</Data>
    <Mercato>MGP</Mercato>
    <Ora>19</Ora>
    <Totale>40561</Totale>
    <CNOR>4415</CNOR>
    <CSUD>7096</CSUD>
    <NORD>21082</NORD>
    <SARD>1256</SARD>
    <SICI>2781</SICI>
    <SUD>3931</SUD>
  </marketintervaldetail>
  <marketintervaldetail>
    <Data>20170103</Data>
    <Mercato>MGP</Mercato>
    <Ora>20</Ora>
    <Totale>40201</Totale>
    <CNOR>4355</CNOR>
    <CSUD>7062</CSUD>
    <NORD>20737</NORD>
    <SARD>1297</SARD>
    <SICI>2747</SICI>
    <SUD>4003</SUD>
  </marketintervaldetail>
  <marketintervaldetail>
    <Data>20170103</Data>
    <Mercato>MGP</Mercato>
    <Ora>21</Ora>
    <Totale>37921</Totale>
    <CNOR>4084</CNOR>
    <CSUD>6846</CSUD>
    <NORD>19101</NORD>
    <SARD>1259</SARD>
    <SICI>2714</SICI>
    <SUD>3917</SUD>
  </marketintervaldetail>
  <marketintervaldetail>
    <Data>20170103</Data>
    <Mercato>MGP</Mercato>
    <Ora>22</Ora>
    <Totale>34838</Totale>
    <CNOR>3806</CNOR>
    <CSUD>6349</CSUD>
    <NORD>17407</NORD>
    <SARD>1183</SARD>
    <SICI>2517</SICI>
    <SUD>3576</SUD>
  </marketintervaldetail>
  <marketintervaldetail>
    <Data>20170103</Data>
    <Mercato>MGP</Mercato>
    <Ora>23</Ora>
    <Totale>31709</Totale>
    <CNOR>3481</CNOR>
    <CSUD>5726</CSUD>
    <NORD>15962</NORD>
    <SARD>1064</SARD>
    <SICI>2297</SICI>
    <SUD>3179</SUD>
  </marketintervaldetail>
  <marketintervaldetail>
    <Data>20170103</Data>
    <Mercato>MGP</Mercato>
    <Ora>24</Ora>
    <Totale>28367</Totale>
    <CNOR>3114</CNOR>
    <CSUD>5186</CSUD>
    <NORD>14171</NORD>
    <SARD>993</SARD>
    <SICI>2007</SICI>
    <SUD>2896</SUD>
  </marketintervaldetail>
</NewDataSet>