<?xml version="1.0" standalone="yes"?>
<NewDataSet>
  <xs:schema id="NewDataSet" xmlns="" xmlns:xs="http://www.w3.org/2001/XMLSchema" xmlns:msdata="urn:schemas-microsoft-com:xml-msdata">
    <xs:element name="NewDataSet" msdata:IsDataSet="true" msdata:MainDataTable="marketintervaldetail" msdata:UseCurrentLocale="true">
      <xs:complexType>
        <xs:choice minOccurs="0" maxOccurs="unbounded">
          <xs:element name="marketintervaldetail">
            <xs:complexType>
              <xs:sequence>
                <xs:element name="Data" type="xs:string" minOccurs="0" />
                <xs:element name="Mercato" type="xs:string" minOccurs="0" />
                <xs:element name="Ora" type="xs:string" minOccurs="0" />
                <xs:element name="Totale" type="xs:string" minOccurs="0" />
                <xs:element name="CNOR" type="xs:string" minOccurs="0" />
                <xs:element name="CSUD" type="xs:string" minOccurs="0" />
                <xs:element name="NORD" type="xs:string" minOccurs="0" />
                <xs:element name="SARD" type="xs:string" minOccurs="0" />
                <xs:element name="SICI" type="xs:string" minOccurs="0" />
                <xs:element name="SUD" type="xs:string" minOccurs="0" />
              </xs:sequence>
            </xs:complexType>
          </xs:element>
        </xs:choice>
      </xs:complexType>
    </xs:element>
  </xs:schema>
  <marketintervaldetail>
    <Data>20170127</Data>
    <Mercato>MGP</Mercato>
    <Ora>01</Ora>
    <Totale>29259</Totale>
    <CNOR>3150</CNOR>
    <CSUD>4555</CSUD>
    <NORD>16331</NORD>
    <SARD>893</SARD>
    <SICI>1835</SICI>
    <SUD>2495</SUD>
  </marketintervaldetail>
  <marketintervaldetail>
    <Data>20170127</Data>
    <Mercato>MGP</Mercato>
    <Ora>02</Ora>
    <Totale>27531</Totale>
    <CNOR>2970</CNOR>
    <CSUD>4182</CSUD>
    <NORD>15594</NORD>
    <SARD>813</SARD>
    <SICI>1663</SICI>
    <SUD>2309</SUD>
  </marketintervaldetail>
  <marketintervaldetail>
    <Data>20170127</Data>
    <Mercato>MGP</Mercato>
    <Ora>03</Ora>
    <Totale>26365</Totale>
    <CNOR>2872</CNOR>
    <CSUD>3991</CSUD>
    <NORD>14975</NORD>
    <SARD>784</SARD>
    <SICI>1565</SICI>
    <SUD>2178</SUD>
  </marketintervaldetail>
  <marketintervaldetail>
    <Data>20170127</Data>
    <Mercato>MGP</Mercato>
    <Ora>04</Ora>
    <Totale>25808</Totale>
    <CNOR>2818</CNOR>
    <CSUD>3917</CSUD>
    <NORD>14656</NORD>
    <SARD>775</SARD>
    <SICI>1524</SICI>
    <SUD>2118</SUD>
  </marketintervaldetail>
  <marketintervaldetail>
    <Data>20170127</Data>
    <Mercato>MGP</Mercato>
    <Ora>05</Ora>
    <Totale>26080</Totale>
    <CNOR>2840</CNOR>
    <CSUD>3930</CSUD>
    <NORD>14886</NORD>
    <SARD>781</SARD>
    <SICI>1529</SICI>
    <SUD>2114</SUD>
  </marketintervaldetail>
  <marketintervaldetail>
    <Data>20170127</Data>
    <Mercato>MGP</Mercato>
    <Ora>06</Ora>
    <Totale>27702</Totale>
    <CNOR>2974</CNOR>
    <CSUD>4193</CSUD>
    <NORD>15958</NORD>
    <SARD>813</SARD>
    <SICI>1594</SICI>
    <SUD>2170</SUD>
  </marketintervaldetail>
  <marketintervaldetail>
    <Data>20170127</Data>
    <Mercato>MGP</Mercato>
    <Ora>07</Ora>
    <Totale>32886</Totale>
    <CNOR>3418</CNOR>
    <CSUD>4972</CSUD>
    <NORD>19156</NORD>
    <SARD>926</SARD>
    <SICI>1833</SICI>
    <SUD>2581</SUD>
  </marketintervaldetail>
  <marketintervaldetail>
    <Data>20170127</Data>
    <Mercato>MGP</Mercato>
    <Ora>08</Ora>
    <Totale>39694</Totale>
    <CNOR>4156</CNOR>
    <CSUD>5902</CSUD>
    <NORD>23350</NORD>
    <SARD>1124</SARD>
    <SICI>2153</SICI>
    <SUD>3009</SUD>
  </marketintervaldetail>
  <marketintervaldetail>
    <Data>20170127</Data>
    <Mercato>MGP</Mercato>
    <Ora>09</Ora>
    <Totale>44405</Totale>
    <CNOR>4834</CNOR>
    <CSUD>6524</CSUD>
    <NORD>26018</NORD>
    <SARD>1203</SARD>
    <SICI>2404</SICI>
    <SUD>3422</SUD>
  </marketintervaldetail>
  <marketintervaldetail>
    <Data>20170127</Data>
    <Mercato>MGP</Mercato>
    <Ora>10</Ora>
    <Totale>46413</Totale>
    <CNOR>5252</CNOR>
    <CSUD>7071</CSUD>
    <NORD>26731</NORD>
    <SARD>1188</SARD>
    <SICI>2493</SICI>
    <SUD>3678</SUD>
  </marketintervaldetail>
  <marketintervaldetail>
    <Data>20170127</Data>
    <Mercato>MGP</Mercato>
    <Ora>11</Ora>
    <Totale>46036</Totale>
    <CNOR>5123</CNOR>
    <CSUD>7131</CSUD>
    <NORD>26466</NORD>
    <SARD>1192</SARD>
    <SICI>2485</SICI>
    <SUD>3639</SUD>
  </marketintervaldetail>
  <marketintervaldetail>
    <Data>20170127</Data>
    <Mercato>MGP</Mercato>
    <Ora>12</Ora>
    <Totale>45362</Totale>
    <CNOR>4868</CNOR>
    <CSUD>7063</CSUD>
    <NORD>26184</NORD>
    <SARD>1164</SARD>
    <SICI>2407</SICI>
    <SUD>3676</SUD>
  </marketintervaldetail>
  <marketintervaldetail>
    <Data>20170127</Data>
    <Mercato>MGP</Mercato>
    <Ora>13</Ora>
    <Totale>43358</Totale>
    <CNOR>4450</CNOR>
    <CSUD>6934</CSUD>
    <NORD>24730</NORD>
    <SARD>1158</SARD>
    <SICI>2349</SICI>
    <SUD>3737</SUD>
  </marketintervaldetail>
  <marketintervaldetail>
    <Data>20170127</Data>
    <Mercato>MGP</Mercato>
    <Ora>14</Ora>
    <Totale>41815</Totale>
    <CNOR>4123</CNOR>
    <CSUD>6552</CSUD>
    <NORD>24026</NORD>
    <SARD>1156</SARD>
    <SICI>2369</SICI>
    <SUD>3589</SUD>
  </marketintervaldetail>
  <marketintervaldetail>
    <Data>20170127</Data>
    <Mercato>MGP</Mercato>
    <Ora>15</Ora>
    <Totale>42134</Totale>
    <CNOR>4504</CNOR>
    <CSUD>6497</CSUD>
    <NORD>24379</NORD>
    <SARD>1062</SARD>
    <SICI>2242</SICI>
    <SUD>3450</SUD>
  </marketintervaldetail>
  <marketintervaldetail>
    <Data>20170127</Data>
    <Mercato>MGP</Mercato>
    <Ora>16</Ora>
    <Totale>42084</Totale>
    <CNOR>4586</CNOR>
    <CSUD>6505</CSUD>
    <NORD>24341</NORD>
    <SARD>1069</SARD>
    <SICI>2207</SICI>
    <SUD>3376</SUD>
  </marketintervaldetail>
  <marketintervaldetail>
    <Data>20170127</Data>
    <Mercato>MGP</Mercato>
    <Ora>17</Ora>
    <Totale>42388</Totale>
    <CNOR>4560</CNOR>
    <CSUD>6371</CSUD>
    <NORD>24587</NORD>
    <SARD>1106</SARD>
    <SICI>2362</SICI>
    <SUD>3402</SUD>
  </marketintervaldetail>
  <marketintervaldetail>
    <Data>20170127</Data>
    <Mercato>MGP</Mercato>
    <Ora>18</Ora>
    <Totale>44281</Totale>
    <CNOR>4665</CNOR>
    <CSUD>7018</CSUD>
    <NORD>25044</NORD>
    <SARD>1157</SARD>
    <SICI>2597</SICI>
    <SUD>3800</SUD>
  </marketintervaldetail>
  <marketintervaldetail>
    <Data>20170127</Data>
    <Mercato>MGP</Mercato>
    <Ora>19</Ora>
    <Totale>46602</Totale>
    <CNOR>4966</CNOR>
    <CSUD>7454</CSUD>
    <NORD>26056</NORD>
    <SARD>1255</SARD>
    <SICI>2822</SICI>
    <SUD>4049</SUD>
  </marketintervaldetail>
  <marketintervaldetail>
    <Data>20170127</Data>
    <Mercato>MGP</Mercato>
    <Ora>20</Ora>
    <Totale>45911</Totale>
    <CNOR>4815</CNOR>
    <CSUD>7507</CSUD>
    <NORD>25350</NORD>
    <SARD>1285</SARD>
    <SICI>2904</SICI>
    <SUD>4050</SUD>
  </marketintervaldetail>
  <marketintervaldetail>
    <Data>20170127</Data>
    <Mercato>MGP</Mercato>
    <Ora>21</Ora>
    <Totale>43250</Totale>
    <CNOR>4488</CNOR>
    <CSUD>7084</CSUD>
    <NORD>23603</NORD>
    <SARD>1279</SARD>
    <SICI>2882</SICI>
    <SUD>3914</SUD>
  </marketintervaldetail>
  <marketintervaldetail>
    <Data>20170127</Data>
    <Mercato>MGP</Mercato>
    <Ora>22</Ora>
    <Totale>39883</Totale>
    <CNOR>4177</CNOR>
    <CSUD>6621</CSUD>
    <NORD>21716</NORD>
    <SARD>1197</SARD>
    <SICI>2703</SICI>
    <SUD>3469</SUD>
  </marketintervaldetail>
  <marketintervaldetail>
    <Data>20170127</Data>
    <Mercato>MGP</Mercato>
    <Ora>23</Ora>
    <Totale>36309</Totale>
    <CNOR>3818</CNOR>
    <CSUD>6086</CSUD>
    <NORD>19658</NORD>
    <SARD>1093</SARD>
    <SICI>2440</SICI>
    <SUD>3214</SUD>
  </marketintervaldetail>
  <marketintervaldetail>
    <Data>20170127</Data>
    <Mercato>MGP</Mercato>
    <Ora>24</Ora>
    <Totale>32915</Totale>
    <CNOR>3452</CNOR>
    <CSUD>5460</CSUD>
    <NORD>17983</NORD>
    <SARD>999</SARD>
    <SICI>2163</SICI>
    <SUD>2858</SUD>
  </marketintervaldetail>
</NewDataSet>