<?xml version="1.0" standalone="yes"?>
<NewDataSet>
  <xs:schema id="NewDataSet" xmlns="" xmlns:xs="http://www.w3.org/2001/XMLSchema" xmlns:msdata="urn:schemas-microsoft-com:xml-msdata">
    <xs:element name="NewDataSet" msdata:IsDataSet="true" msdata:MainDataTable="marketintervaldetail" msdata:UseCurrentLocale="true">
      <xs:complexType>
        <xs:choice minOccurs="0" maxOccurs="unbounded">
          <xs:element name="marketintervaldetail">
            <xs:complexType>
              <xs:sequence>
                <xs:element name="Data" type="xs:string" minOccurs="0" />
                <xs:element name="Mercato" type="xs:string" minOccurs="0" />
                <xs:element name="Ora" type="xs:string" minOccurs="0" />
                <xs:element name="Totale" type="xs:string" minOccurs="0" />
                <xs:element name="CNOR" type="xs:string" minOccurs="0" />
                <xs:element name="CSUD" type="xs:string" minOccurs="0" />
                <xs:element name="NORD" type="xs:string" minOccurs="0" />
                <xs:element name="SARD" type="xs:string" minOccurs="0" />
                <xs:element name="SICI" type="xs:string" minOccurs="0" />
                <xs:element name="SUD" type="xs:string" minOccurs="0" />
              </xs:sequence>
            </xs:complexType>
          </xs:element>
        </xs:choice>
      </xs:complexType>
    </xs:element>
  </xs:schema>
  <marketintervaldetail>
    <Data>20170115</Data>
    <Mercato>MGP</Mercato>
    <Ora>01</Ora>
    <Totale>26304</Totale>
    <CNOR>2966</CNOR>
    <CSUD>4656</CSUD>
    <NORD>13398</NORD>
    <SARD>844</SARD>
    <SICI>1944</SICI>
    <SUD>2496</SUD>
  </marketintervaldetail>
  <marketintervaldetail>
    <Data>20170115</Data>
    <Mercato>MGP</Mercato>
    <Ora>02</Ora>
    <Totale>24277</Totale>
    <CNOR>2716</CNOR>
    <CSUD>4219</CSUD>
    <NORD>12531</NORD>
    <SARD>778</SARD>
    <SICI>1715</SICI>
    <SUD>2318</SUD>
  </marketintervaldetail>
  <marketintervaldetail>
    <Data>20170115</Data>
    <Mercato>MGP</Mercato>
    <Ora>03</Ora>
    <Totale>23115</Totale>
    <CNOR>2595</CNOR>
    <CSUD>3935</CSUD>
    <NORD>12079</NORD>
    <SARD>742</SARD>
    <SICI>1571</SICI>
    <SUD>2193</SUD>
  </marketintervaldetail>
  <marketintervaldetail>
    <Data>20170115</Data>
    <Mercato>MGP</Mercato>
    <Ora>04</Ora>
    <Totale>22507</Totale>
    <CNOR>2553</CNOR>
    <CSUD>3750</CSUD>
    <NORD>11847</NORD>
    <SARD>716</SARD>
    <SICI>1494</SICI>
    <SUD>2147</SUD>
  </marketintervaldetail>
  <marketintervaldetail>
    <Data>20170115</Data>
    <Mercato>MGP</Mercato>
    <Ora>05</Ora>
    <Totale>22299</Totale>
    <CNOR>2526</CNOR>
    <CSUD>3658</CSUD>
    <NORD>11834</NORD>
    <SARD>718</SARD>
    <SICI>1456</SICI>
    <SUD>2107</SUD>
  </marketintervaldetail>
  <marketintervaldetail>
    <Data>20170115</Data>
    <Mercato>MGP</Mercato>
    <Ora>06</Ora>
    <Totale>22545</Totale>
    <CNOR>2526</CNOR>
    <CSUD>3687</CSUD>
    <NORD>11988</NORD>
    <SARD>748</SARD>
    <SICI>1449</SICI>
    <SUD>2147</SUD>
  </marketintervaldetail>
  <marketintervaldetail>
    <Data>20170115</Data>
    <Mercato>MGP</Mercato>
    <Ora>07</Ora>
    <Totale>23562</Totale>
    <CNOR>2548</CNOR>
    <CSUD>3939</CSUD>
    <NORD>12511</NORD>
    <SARD>790</SARD>
    <SICI>1513</SICI>
    <SUD>2261</SUD>
  </marketintervaldetail>
  <marketintervaldetail>
    <Data>20170115</Data>
    <Mercato>MGP</Mercato>
    <Ora>08</Ora>
    <Totale>24834</Totale>
    <CNOR>2559</CNOR>
    <CSUD>4312</CSUD>
    <NORD>13213</NORD>
    <SARD>851</SARD>
    <SICI>1618</SICI>
    <SUD>2281</SUD>
  </marketintervaldetail>
  <marketintervaldetail>
    <Data>20170115</Data>
    <Mercato>MGP</Mercato>
    <Ora>09</Ora>
    <Totale>26738</Totale>
    <CNOR>2684</CNOR>
    <CSUD>4676</CSUD>
    <NORD>13764</NORD>
    <SARD>944</SARD>
    <SICI>1898</SICI>
    <SUD>2772</SUD>
  </marketintervaldetail>
  <marketintervaldetail>
    <Data>20170115</Data>
    <Mercato>MGP</Mercato>
    <Ora>10</Ora>
    <Totale>29695</Totale>
    <CNOR>2967</CNOR>
    <CSUD>5227</CSUD>
    <NORD>14976</NORD>
    <SARD>1071</SARD>
    <SICI>2246</SICI>
    <SUD>3208</SUD>
  </marketintervaldetail>
  <marketintervaldetail>
    <Data>20170115</Data>
    <Mercato>MGP</Mercato>
    <Ora>11</Ora>
    <Totale>31686</Totale>
    <CNOR>3154</CNOR>
    <CSUD>5630</CSUD>
    <NORD>16012</NORD>
    <SARD>1132</SARD>
    <SICI>2420</SICI>
    <SUD>3338</SUD>
  </marketintervaldetail>
  <marketintervaldetail>
    <Data>20170115</Data>
    <Mercato>MGP</Mercato>
    <Ora>12</Ora>
    <Totale>32262</Totale>
    <CNOR>3320</CNOR>
    <CSUD>5777</CSUD>
    <NORD>16166</NORD>
    <SARD>1171</SARD>
    <SICI>2457</SICI>
    <SUD>3371</SUD>
  </marketintervaldetail>
  <marketintervaldetail>
    <Data>20170115</Data>
    <Mercato>MGP</Mercato>
    <Ora>13</Ora>
    <Totale>32113</Totale>
    <CNOR>3243</CNOR>
    <CSUD>5957</CSUD>
    <NORD>15842</NORD>
    <SARD>1156</SARD>
    <SICI>2546</SICI>
    <SUD>3369</SUD>
  </marketintervaldetail>
  <marketintervaldetail>
    <Data>20170115</Data>
    <Mercato>MGP</Mercato>
    <Ora>14</Ora>
    <Totale>30641</Totale>
    <CNOR>3069</CNOR>
    <CSUD>5979</CSUD>
    <NORD>15109</NORD>
    <SARD>1037</SARD>
    <SICI>2383</SICI>
    <SUD>3064</SUD>
  </marketintervaldetail>
  <marketintervaldetail>
    <Data>20170115</Data>
    <Mercato>MGP</Mercato>
    <Ora>15</Ora>
    <Totale>29575</Totale>
    <CNOR>2901</CNOR>
    <CSUD>5460</CSUD>
    <NORD>15110</NORD>
    <SARD>1006</SARD>
    <SICI>2221</SICI>
    <SUD>2877</SUD>
  </marketintervaldetail>
  <marketintervaldetail>
    <Data>20170115</Data>
    <Mercato>MGP</Mercato>
    <Ora>16</Ora>
    <Totale>29502</Totale>
    <CNOR>3065</CNOR>
    <CSUD>5455</CSUD>
    <NORD>15052</NORD>
    <SARD>998</SARD>
    <SICI>2161</SICI>
    <SUD>2771</SUD>
  </marketintervaldetail>
  <marketintervaldetail>
    <Data>20170115</Data>
    <Mercato>MGP</Mercato>
    <Ora>17</Ora>
    <Totale>30021</Totale>
    <CNOR>3235</CNOR>
    <CSUD>5488</CSUD>
    <NORD>15317</NORD>
    <SARD>1021</SARD>
    <SICI>2216</SICI>
    <SUD>2744</SUD>
  </marketintervaldetail>
  <marketintervaldetail>
    <Data>20170115</Data>
    <Mercato>MGP</Mercato>
    <Ora>18</Ora>
    <Totale>32959</Totale>
    <CNOR>3500</CNOR>
    <CSUD>6016</CSUD>
    <NORD>16822</NORD>
    <SARD>1062</SARD>
    <SICI>2439</SICI>
    <SUD>3120</SUD>
  </marketintervaldetail>
  <marketintervaldetail>
    <Data>20170115</Data>
    <Mercato>MGP</Mercato>
    <Ora>19</Ora>
    <Totale>35348</Totale>
    <CNOR>3719</CNOR>
    <CSUD>6358</CSUD>
    <NORD>18120</NORD>
    <SARD>1143</SARD>
    <SICI>2620</SICI>
    <SUD>3388</SUD>
  </marketintervaldetail>
  <marketintervaldetail>
    <Data>20170115</Data>
    <Mercato>MGP</Mercato>
    <Ora>20</Ora>
    <Totale>36190</Totale>
    <CNOR>3912</CNOR>
    <CSUD>6448</CSUD>
    <NORD>18646</NORD>
    <SARD>1171</SARD>
    <SICI>2670</SICI>
    <SUD>3343</SUD>
  </marketintervaldetail>
  <marketintervaldetail>
    <Data>20170115</Data>
    <Mercato>MGP</Mercato>
    <Ora>21</Ora>
    <Totale>35612</Totale>
    <CNOR>3764</CNOR>
    <CSUD>6449</CSUD>
    <NORD>18077</NORD>
    <SARD>1183</SARD>
    <SICI>2723</SICI>
    <SUD>3416</SUD>
  </marketintervaldetail>
  <marketintervaldetail>
    <Data>20170115</Data>
    <Mercato>MGP</Mercato>
    <Ora>22</Ora>
    <Totale>34001</Totale>
    <CNOR>3525</CNOR>
    <CSUD>6150</CSUD>
    <NORD>17255</NORD>
    <SARD>1143</SARD>
    <SICI>2638</SICI>
    <SUD>3290</SUD>
  </marketintervaldetail>
  <marketintervaldetail>
    <Data>20170115</Data>
    <Mercato>MGP</Mercato>
    <Ora>23</Ora>
    <Totale>31364</Totale>
    <CNOR>3366</CNOR>
    <CSUD>5598</CSUD>
    <NORD>15869</NORD>
    <SARD>1061</SARD>
    <SICI>2414</SICI>
    <SUD>3056</SUD>
  </marketintervaldetail>
  <marketintervaldetail>
    <Data>20170115</Data>
    <Mercato>MGP</Mercato>
    <Ora>24</Ora>
    <Totale>28073</Totale>
    <CNOR>3051</CNOR>
    <CSUD>4961</CSUD>
    <NORD>14379</NORD>
    <SARD>948</SARD>
    <SICI>2092</SICI>
    <SUD>2642</SUD>
  </marketintervaldetail>
</NewDataSet>