<?xml version="1.0" standalone="yes"?>
<NewDataSet>
  <xs:schema id="NewDataSet" xmlns="" xmlns:xs="http://www.w3.org/2001/XMLSchema" xmlns:msdata="urn:schemas-microsoft-com:xml-msdata">
    <xs:element name="NewDataSet" msdata:IsDataSet="true" msdata:MainDataTable="marketintervaldetail" msdata:UseCurrentLocale="true">
      <xs:complexType>
        <xs:choice minOccurs="0" maxOccurs="unbounded">
          <xs:element name="marketintervaldetail">
            <xs:complexType>
              <xs:sequence>
                <xs:element name="Data" type="xs:string" minOccurs="0" />
                <xs:element name="Mercato" type="xs:string" minOccurs="0" />
                <xs:element name="Ora" type="xs:string" minOccurs="0" />
                <xs:element name="Totale" type="xs:string" minOccurs="0" />
                <xs:element name="CNOR" type="xs:string" minOccurs="0" />
                <xs:element name="CSUD" type="xs:string" minOccurs="0" />
                <xs:element name="NORD" type="xs:string" minOccurs="0" />
                <xs:element name="SARD" type="xs:string" minOccurs="0" />
                <xs:element name="SICI" type="xs:string" minOccurs="0" />
                <xs:element name="SUD" type="xs:string" minOccurs="0" />
              </xs:sequence>
            </xs:complexType>
          </xs:element>
        </xs:choice>
      </xs:complexType>
    </xs:element>
  </xs:schema>
  <marketintervaldetail>
    <Data>20170112</Data>
    <Mercato>MGP</Mercato>
    <Ora>01</Ora>
    <Totale>30026</Totale>
    <CNOR>3113</CNOR>
    <CSUD>4700</CSUD>
    <NORD>16481</NORD>
    <SARD>881</SARD>
    <SICI>2005</SICI>
    <SUD>2846</SUD>
  </marketintervaldetail>
  <marketintervaldetail>
    <Data>20170112</Data>
    <Mercato>MGP</Mercato>
    <Ora>02</Ora>
    <Totale>28135</Totale>
    <CNOR>2951</CNOR>
    <CSUD>4209</CSUD>
    <NORD>15791</NORD>
    <SARD>811</SARD>
    <SICI>1826</SICI>
    <SUD>2547</SUD>
  </marketintervaldetail>
  <marketintervaldetail>
    <Data>20170112</Data>
    <Mercato>MGP</Mercato>
    <Ora>03</Ora>
    <Totale>26922</Totale>
    <CNOR>2863</CNOR>
    <CSUD>3988</CSUD>
    <NORD>15216</NORD>
    <SARD>777</SARD>
    <SICI>1710</SICI>
    <SUD>2368</SUD>
  </marketintervaldetail>
  <marketintervaldetail>
    <Data>20170112</Data>
    <Mercato>MGP</Mercato>
    <Ora>04</Ora>
    <Totale>26549</Totale>
    <CNOR>2820</CNOR>
    <CSUD>3955</CSUD>
    <NORD>15099</NORD>
    <SARD>761</SARD>
    <SICI>1683</SICI>
    <SUD>2231</SUD>
  </marketintervaldetail>
  <marketintervaldetail>
    <Data>20170112</Data>
    <Mercato>MGP</Mercato>
    <Ora>05</Ora>
    <Totale>26741</Totale>
    <CNOR>2881</CNOR>
    <CSUD>4002</CSUD>
    <NORD>15152</NORD>
    <SARD>773</SARD>
    <SICI>1675</SICI>
    <SUD>2258</SUD>
  </marketintervaldetail>
  <marketintervaldetail>
    <Data>20170112</Data>
    <Mercato>MGP</Mercato>
    <Ora>06</Ora>
    <Totale>28320</Totale>
    <CNOR>3022</CNOR>
    <CSUD>4231</CSUD>
    <NORD>16126</NORD>
    <SARD>809</SARD>
    <SICI>1757</SICI>
    <SUD>2375</SUD>
  </marketintervaldetail>
  <marketintervaldetail>
    <Data>20170112</Data>
    <Mercato>MGP</Mercato>
    <Ora>07</Ora>
    <Totale>33634</Totale>
    <CNOR>3535</CNOR>
    <CSUD>5002</CSUD>
    <NORD>19431</NORD>
    <SARD>915</SARD>
    <SICI>2011</SICI>
    <SUD>2740</SUD>
  </marketintervaldetail>
  <marketintervaldetail>
    <Data>20170112</Data>
    <Mercato>MGP</Mercato>
    <Ora>08</Ora>
    <Totale>40469</Totale>
    <CNOR>4190</CNOR>
    <CSUD>6018</CSUD>
    <NORD>23609</NORD>
    <SARD>1109</SARD>
    <SICI>2434</SICI>
    <SUD>3109</SUD>
  </marketintervaldetail>
  <marketintervaldetail>
    <Data>20170112</Data>
    <Mercato>MGP</Mercato>
    <Ora>09</Ora>
    <Totale>45795</Totale>
    <CNOR>4738</CNOR>
    <CSUD>6771</CSUD>
    <NORD>26877</NORD>
    <SARD>1214</SARD>
    <SICI>2642</SICI>
    <SUD>3553</SUD>
  </marketintervaldetail>
  <marketintervaldetail>
    <Data>20170112</Data>
    <Mercato>MGP</Mercato>
    <Ora>10</Ora>
    <Totale>48163</Totale>
    <CNOR>5116</CNOR>
    <CSUD>7208</CSUD>
    <NORD>28110</NORD>
    <SARD>1212</SARD>
    <SICI>2728</SICI>
    <SUD>3789</SUD>
  </marketintervaldetail>
  <marketintervaldetail>
    <Data>20170112</Data>
    <Mercato>MGP</Mercato>
    <Ora>11</Ora>
    <Totale>48335</Totale>
    <CNOR>5230</CNOR>
    <CSUD>7208</CSUD>
    <NORD>27993</NORD>
    <SARD>1176</SARD>
    <SICI>2749</SICI>
    <SUD>3979</SUD>
  </marketintervaldetail>
  <marketintervaldetail>
    <Data>20170112</Data>
    <Mercato>MGP</Mercato>
    <Ora>12</Ora>
    <Totale>48122</Totale>
    <CNOR>5242</CNOR>
    <CSUD>7134</CSUD>
    <NORD>28007</NORD>
    <SARD>1198</SARD>
    <SICI>2679</SICI>
    <SUD>3862</SUD>
  </marketintervaldetail>
  <marketintervaldetail>
    <Data>20170112</Data>
    <Mercato>MGP</Mercato>
    <Ora>13</Ora>
    <Totale>47447</Totale>
    <CNOR>5096</CNOR>
    <CSUD>7387</CSUD>
    <NORD>26873</NORD>
    <SARD>1190</SARD>
    <SICI>2620</SICI>
    <SUD>4281</SUD>
  </marketintervaldetail>
  <marketintervaldetail>
    <Data>20170112</Data>
    <Mercato>MGP</Mercato>
    <Ora>14</Ora>
    <Totale>46797</Totale>
    <CNOR>4864</CNOR>
    <CSUD>7388</CSUD>
    <NORD>26472</NORD>
    <SARD>1217</SARD>
    <SICI>2592</SICI>
    <SUD>4264</SUD>
  </marketintervaldetail>
  <marketintervaldetail>
    <Data>20170112</Data>
    <Mercato>MGP</Mercato>
    <Ora>15</Ora>
    <Totale>47520</Totale>
    <CNOR>5085</CNOR>
    <CSUD>7392</CSUD>
    <NORD>27333</NORD>
    <SARD>1158</SARD>
    <SICI>2739</SICI>
    <SUD>3813</SUD>
  </marketintervaldetail>
  <marketintervaldetail>
    <Data>20170112</Data>
    <Mercato>MGP</Mercato>
    <Ora>16</Ora>
    <Totale>48154</Totale>
    <CNOR>5142</CNOR>
    <CSUD>7520</CSUD>
    <NORD>27703</NORD>
    <SARD>1148</SARD>
    <SICI>2812</SICI>
    <SUD>3829</SUD>
  </marketintervaldetail>
  <marketintervaldetail>
    <Data>20170112</Data>
    <Mercato>MGP</Mercato>
    <Ora>17</Ora>
    <Totale>48248</Totale>
    <CNOR>5110</CNOR>
    <CSUD>7530</CSUD>
    <NORD>27518</NORD>
    <SARD>1181</SARD>
    <SICI>2885</SICI>
    <SUD>4024</SUD>
  </marketintervaldetail>
  <marketintervaldetail>
    <Data>20170112</Data>
    <Mercato>MGP</Mercato>
    <Ora>18</Ora>
    <Totale>49945</Totale>
    <CNOR>5175</CNOR>
    <CSUD>8050</CSUD>
    <NORD>27980</NORD>
    <SARD>1241</SARD>
    <SICI>3193</SICI>
    <SUD>4306</SUD>
  </marketintervaldetail>
  <marketintervaldetail>
    <Data>20170112</Data>
    <Mercato>MGP</Mercato>
    <Ora>19</Ora>
    <Totale>50065</Totale>
    <CNOR>5141</CNOR>
    <CSUD>8152</CSUD>
    <NORD>27671</NORD>
    <SARD>1328</SARD>
    <SICI>3338</SICI>
    <SUD>4435</SUD>
  </marketintervaldetail>
  <marketintervaldetail>
    <Data>20170112</Data>
    <Mercato>MGP</Mercato>
    <Ora>20</Ora>
    <Totale>48823</Totale>
    <CNOR>4960</CNOR>
    <CSUD>8116</CSUD>
    <NORD>26539</NORD>
    <SARD>1334</SARD>
    <SICI>3393</SICI>
    <SUD>4481</SUD>
  </marketintervaldetail>
  <marketintervaldetail>
    <Data>20170112</Data>
    <Mercato>MGP</Mercato>
    <Ora>21</Ora>
    <Totale>46082</Totale>
    <CNOR>4576</CNOR>
    <CSUD>7685</CSUD>
    <NORD>24720</NORD>
    <SARD>1322</SARD>
    <SICI>3359</SICI>
    <SUD>4420</SUD>
  </marketintervaldetail>
  <marketintervaldetail>
    <Data>20170112</Data>
    <Mercato>MGP</Mercato>
    <Ora>22</Ora>
    <Totale>42965</Totale>
    <CNOR>4299</CNOR>
    <CSUD>7060</CSUD>
    <NORD>23020</NORD>
    <SARD>1252</SARD>
    <SICI>3164</SICI>
    <SUD>4170</SUD>
  </marketintervaldetail>
  <marketintervaldetail>
    <Data>20170112</Data>
    <Mercato>MGP</Mercato>
    <Ora>23</Ora>
    <Totale>38603</Totale>
    <CNOR>3872</CNOR>
    <CSUD>6351</CSUD>
    <NORD>20595</NORD>
    <SARD>1138</SARD>
    <SICI>2895</SICI>
    <SUD>3752</SUD>
  </marketintervaldetail>
  <marketintervaldetail>
    <Data>20170112</Data>
    <Mercato>MGP</Mercato>
    <Ora>24</Ora>
    <Totale>34329</Totale>
    <CNOR>3590</CNOR>
    <CSUD>5456</CSUD>
    <NORD>18371</NORD>
    <SARD>1009</SARD>
    <SICI>2543</SICI>
    <SUD>3360</SUD>
  </marketintervaldetail>
</NewDataSet>