<?xml version="1.0" standalone="yes"?>
<NewDataSet>
  <xs:schema id="NewDataSet" xmlns="" xmlns:xs="http://www.w3.org/2001/XMLSchema" xmlns:msdata="urn:schemas-microsoft-com:xml-msdata">
    <xs:element name="NewDataSet" msdata:IsDataSet="true" msdata:MainDataTable="marketintervaldetail" msdata:UseCurrentLocale="true">
      <xs:complexType>
        <xs:choice minOccurs="0" maxOccurs="unbounded">
          <xs:element name="marketintervaldetail">
            <xs:complexType>
              <xs:sequence>
                <xs:element name="Data" type="xs:string" minOccurs="0" />
                <xs:element name="Mercato" type="xs:string" minOccurs="0" />
                <xs:element name="Ora" type="xs:string" minOccurs="0" />
                <xs:element name="Totale" type="xs:string" minOccurs="0" />
                <xs:element name="CNOR" type="xs:string" minOccurs="0" />
                <xs:element name="CSUD" type="xs:string" minOccurs="0" />
                <xs:element name="NORD" type="xs:string" minOccurs="0" />
                <xs:element name="SARD" type="xs:string" minOccurs="0" />
                <xs:element name="SICI" type="xs:string" minOccurs="0" />
                <xs:element name="SUD" type="xs:string" minOccurs="0" />
              </xs:sequence>
            </xs:complexType>
          </xs:element>
        </xs:choice>
      </xs:complexType>
    </xs:element>
  </xs:schema>
  <marketintervaldetail>
    <Data>20170129</Data>
    <Mercato>MGP</Mercato>
    <Ora>01</Ora>
    <Totale>26644</Totale>
    <CNOR>2750</CNOR>
    <CSUD>4589</CSUD>
    <NORD>14047</NORD>
    <SARD>917</SARD>
    <SICI>1932</SICI>
    <SUD>2409</SUD>
  </marketintervaldetail>
  <marketintervaldetail>
    <Data>20170129</Data>
    <Mercato>MGP</Mercato>
    <Ora>02</Ora>
    <Totale>24722</Totale>
    <CNOR>2628</CNOR>
    <CSUD>4102</CSUD>
    <NORD>13120</NORD>
    <SARD>852</SARD>
    <SICI>1748</SICI>
    <SUD>2272</SUD>
  </marketintervaldetail>
  <marketintervaldetail>
    <Data>20170129</Data>
    <Mercato>MGP</Mercato>
    <Ora>03</Ora>
    <Totale>23350</Totale>
    <CNOR>2519</CNOR>
    <CSUD>3868</CSUD>
    <NORD>12426</NORD>
    <SARD>814</SARD>
    <SICI>1604</SICI>
    <SUD>2119</SUD>
  </marketintervaldetail>
  <marketintervaldetail>
    <Data>20170129</Data>
    <Mercato>MGP</Mercato>
    <Ora>04</Ora>
    <Totale>22634</Totale>
    <CNOR>2393</CNOR>
    <CSUD>3680</CSUD>
    <NORD>12138</NORD>
    <SARD>817</SARD>
    <SICI>1527</SICI>
    <SUD>2079</SUD>
  </marketintervaldetail>
  <marketintervaldetail>
    <Data>20170129</Data>
    <Mercato>MGP</Mercato>
    <Ora>05</Ora>
    <Totale>22635</Totale>
    <CNOR>2386</CNOR>
    <CSUD>3614</CSUD>
    <NORD>12269</NORD>
    <SARD>816</SARD>
    <SICI>1492</SICI>
    <SUD>2058</SUD>
  </marketintervaldetail>
  <marketintervaldetail>
    <Data>20170129</Data>
    <Mercato>MGP</Mercato>
    <Ora>06</Ora>
    <Totale>23086</Totale>
    <CNOR>2433</CNOR>
    <CSUD>3687</CSUD>
    <NORD>12544</NORD>
    <SARD>823</SARD>
    <SICI>1504</SICI>
    <SUD>2095</SUD>
  </marketintervaldetail>
  <marketintervaldetail>
    <Data>20170129</Data>
    <Mercato>MGP</Mercato>
    <Ora>07</Ora>
    <Totale>24307</Totale>
    <CNOR>2548</CNOR>
    <CSUD>3930</CSUD>
    <NORD>13197</NORD>
    <SARD>870</SARD>
    <SICI>1572</SICI>
    <SUD>2190</SUD>
  </marketintervaldetail>
  <marketintervaldetail>
    <Data>20170129</Data>
    <Mercato>MGP</Mercato>
    <Ora>08</Ora>
    <Totale>25684</Totale>
    <CNOR>2686</CNOR>
    <CSUD>4105</CSUD>
    <NORD>14056</NORD>
    <SARD>917</SARD>
    <SICI>1669</SICI>
    <SUD>2251</SUD>
  </marketintervaldetail>
  <marketintervaldetail>
    <Data>20170129</Data>
    <Mercato>MGP</Mercato>
    <Ora>09</Ora>
    <Totale>27608</Totale>
    <CNOR>2885</CNOR>
    <CSUD>4526</CSUD>
    <NORD>14820</NORD>
    <SARD>977</SARD>
    <SICI>1908</SICI>
    <SUD>2492</SUD>
  </marketintervaldetail>
  <marketintervaldetail>
    <Data>20170129</Data>
    <Mercato>MGP</Mercato>
    <Ora>10</Ora>
    <Totale>30121</Totale>
    <CNOR>3231</CNOR>
    <CSUD>5053</CSUD>
    <NORD>15799</NORD>
    <SARD>1091</SARD>
    <SICI>2168</SICI>
    <SUD>2779</SUD>
  </marketintervaldetail>
  <marketintervaldetail>
    <Data>20170129</Data>
    <Mercato>MGP</Mercato>
    <Ora>11</Ora>
    <Totale>31893</Totale>
    <CNOR>3616</CNOR>
    <CSUD>5491</CSUD>
    <NORD>16449</NORD>
    <SARD>1122</SARD>
    <SICI>2334</SICI>
    <SUD>2881</SUD>
  </marketintervaldetail>
  <marketintervaldetail>
    <Data>20170129</Data>
    <Mercato>MGP</Mercato>
    <Ora>12</Ora>
    <Totale>31944</Totale>
    <CNOR>3546</CNOR>
    <CSUD>5328</CSUD>
    <NORD>16623</NORD>
    <SARD>1116</SARD>
    <SICI>2443</SICI>
    <SUD>2888</SUD>
  </marketintervaldetail>
  <marketintervaldetail>
    <Data>20170129</Data>
    <Mercato>MGP</Mercato>
    <Ora>13</Ora>
    <Totale>31489</Totale>
    <CNOR>3403</CNOR>
    <CSUD>5550</CSUD>
    <NORD>16049</NORD>
    <SARD>1071</SARD>
    <SICI>2475</SICI>
    <SUD>2941</SUD>
  </marketintervaldetail>
  <marketintervaldetail>
    <Data>20170129</Data>
    <Mercato>MGP</Mercato>
    <Ora>14</Ora>
    <Totale>29581</Totale>
    <CNOR>3062</CNOR>
    <CSUD>5346</CSUD>
    <NORD>14980</NORD>
    <SARD>1098</SARD>
    <SICI>2295</SICI>
    <SUD>2800</SUD>
  </marketintervaldetail>
  <marketintervaldetail>
    <Data>20170129</Data>
    <Mercato>MGP</Mercato>
    <Ora>15</Ora>
    <Totale>28438</Totale>
    <CNOR>3018</CNOR>
    <CSUD>4951</CSUD>
    <NORD>14729</NORD>
    <SARD>1017</SARD>
    <SICI>2265</SICI>
    <SUD>2458</SUD>
  </marketintervaldetail>
  <marketintervaldetail>
    <Data>20170129</Data>
    <Mercato>MGP</Mercato>
    <Ora>16</Ora>
    <Totale>28509</Totale>
    <CNOR>3007</CNOR>
    <CSUD>4976</CSUD>
    <NORD>14648</NORD>
    <SARD>1015</SARD>
    <SICI>2345</SICI>
    <SUD>2518</SUD>
  </marketintervaldetail>
  <marketintervaldetail>
    <Data>20170129</Data>
    <Mercato>MGP</Mercato>
    <Ora>17</Ora>
    <Totale>29167</Totale>
    <CNOR>3103</CNOR>
    <CSUD>5107</CSUD>
    <NORD>14944</NORD>
    <SARD>1043</SARD>
    <SICI>2355</SICI>
    <SUD>2615</SUD>
  </marketintervaldetail>
  <marketintervaldetail>
    <Data>20170129</Data>
    <Mercato>MGP</Mercato>
    <Ora>18</Ora>
    <Totale>31940</Totale>
    <CNOR>3401</CNOR>
    <CSUD>5564</CSUD>
    <NORD>16470</NORD>
    <SARD>1099</SARD>
    <SICI>2477</SICI>
    <SUD>2929</SUD>
  </marketintervaldetail>
  <marketintervaldetail>
    <Data>20170129</Data>
    <Mercato>MGP</Mercato>
    <Ora>19</Ora>
    <Totale>34750</Totale>
    <CNOR>3684</CNOR>
    <CSUD>5975</CSUD>
    <NORD>18158</NORD>
    <SARD>1193</SARD>
    <SICI>2629</SICI>
    <SUD>3111</SUD>
  </marketintervaldetail>
  <marketintervaldetail>
    <Data>20170129</Data>
    <Mercato>MGP</Mercato>
    <Ora>20</Ora>
    <Totale>35389</Totale>
    <CNOR>3819</CNOR>
    <CSUD>6126</CSUD>
    <NORD>18359</NORD>
    <SARD>1230</SARD>
    <SICI>2709</SICI>
    <SUD>3146</SUD>
  </marketintervaldetail>
  <marketintervaldetail>
    <Data>20170129</Data>
    <Mercato>MGP</Mercato>
    <Ora>21</Ora>
    <Totale>34618</Totale>
    <CNOR>3665</CNOR>
    <CSUD>6051</CSUD>
    <NORD>17770</NORD>
    <SARD>1240</SARD>
    <SICI>2740</SICI>
    <SUD>3152</SUD>
  </marketintervaldetail>
  <marketintervaldetail>
    <Data>20170129</Data>
    <Mercato>MGP</Mercato>
    <Ora>22</Ora>
    <Totale>32774</Totale>
    <CNOR>3508</CNOR>
    <CSUD>5752</CSUD>
    <NORD>16740</NORD>
    <SARD>1176</SARD>
    <SICI>2590</SICI>
    <SUD>3008</SUD>
  </marketintervaldetail>
  <marketintervaldetail>
    <Data>20170129</Data>
    <Mercato>MGP</Mercato>
    <Ora>23</Ora>
    <Totale>30269</Totale>
    <CNOR>3280</CNOR>
    <CSUD>5334</CSUD>
    <NORD>15415</NORD>
    <SARD>1087</SARD>
    <SICI>2374</SICI>
    <SUD>2779</SUD>
  </marketintervaldetail>
  <marketintervaldetail>
    <Data>20170129</Data>
    <Mercato>MGP</Mercato>
    <Ora>24</Ora>
    <Totale>27444</Totale>
    <CNOR>2985</CNOR>
    <CSUD>4727</CSUD>
    <NORD>14067</NORD>
    <SARD>989</SARD>
    <SICI>2126</SICI>
    <SUD>2550</SUD>
  </marketintervaldetail>
</NewDataSet>