<?xml version="1.0" standalone="yes"?>
<NewDataSet>
  <xs:schema id="NewDataSet" xmlns="" xmlns:xs="http://www.w3.org/2001/XMLSchema" xmlns:msdata="urn:schemas-microsoft-com:xml-msdata">
    <xs:element name="NewDataSet" msdata:IsDataSet="true" msdata:MainDataTable="marketintervaldetail" msdata:UseCurrentLocale="true">
      <xs:complexType>
        <xs:choice minOccurs="0" maxOccurs="unbounded">
          <xs:element name="marketintervaldetail">
            <xs:complexType>
              <xs:sequence>
                <xs:element name="Data" type="xs:string" minOccurs="0" />
                <xs:element name="Mercato" type="xs:string" minOccurs="0" />
                <xs:element name="Ora" type="xs:string" minOccurs="0" />
                <xs:element name="Totale" type="xs:string" minOccurs="0" />
                <xs:element name="CNOR" type="xs:string" minOccurs="0" />
                <xs:element name="CSUD" type="xs:string" minOccurs="0" />
                <xs:element name="NORD" type="xs:string" minOccurs="0" />
                <xs:element name="SARD" type="xs:string" minOccurs="0" />
                <xs:element name="SICI" type="xs:string" minOccurs="0" />
                <xs:element name="SUD" type="xs:string" minOccurs="0" />
              </xs:sequence>
            </xs:complexType>
          </xs:element>
        </xs:choice>
      </xs:complexType>
    </xs:element>
  </xs:schema>
  <marketintervaldetail>
    <Data>20170119</Data>
    <Mercato>MGP</Mercato>
    <Ora>01</Ora>
    <Totale>30014</Totale>
    <CNOR>3356</CNOR>
    <CSUD>4606</CSUD>
    <NORD>16825</NORD>
    <SARD>861</SARD>
    <SICI>1907</SICI>
    <SUD>2459</SUD>
  </marketintervaldetail>
  <marketintervaldetail>
    <Data>20170119</Data>
    <Mercato>MGP</Mercato>
    <Ora>02</Ora>
    <Totale>28016</Totale>
    <CNOR>3180</CNOR>
    <CSUD>4250</CSUD>
    <NORD>15821</NORD>
    <SARD>770</SARD>
    <SICI>1709</SICI>
    <SUD>2286</SUD>
  </marketintervaldetail>
  <marketintervaldetail>
    <Data>20170119</Data>
    <Mercato>MGP</Mercato>
    <Ora>03</Ora>
    <Totale>27054</Totale>
    <CNOR>3150</CNOR>
    <CSUD>4051</CSUD>
    <NORD>15285</NORD>
    <SARD>731</SARD>
    <SICI>1640</SICI>
    <SUD>2197</SUD>
  </marketintervaldetail>
  <marketintervaldetail>
    <Data>20170119</Data>
    <Mercato>MGP</Mercato>
    <Ora>04</Ora>
    <Totale>26575</Totale>
    <CNOR>3073</CNOR>
    <CSUD>3940</CSUD>
    <NORD>15083</NORD>
    <SARD>722</SARD>
    <SICI>1591</SICI>
    <SUD>2166</SUD>
  </marketintervaldetail>
  <marketintervaldetail>
    <Data>20170119</Data>
    <Mercato>MGP</Mercato>
    <Ora>05</Ora>
    <Totale>26759</Totale>
    <CNOR>3090</CNOR>
    <CSUD>3958</CSUD>
    <NORD>15187</NORD>
    <SARD>727</SARD>
    <SICI>1616</SICI>
    <SUD>2181</SUD>
  </marketintervaldetail>
  <marketintervaldetail>
    <Data>20170119</Data>
    <Mercato>MGP</Mercato>
    <Ora>06</Ora>
    <Totale>28335</Totale>
    <CNOR>3234</CNOR>
    <CSUD>4199</CSUD>
    <NORD>16145</NORD>
    <SARD>763</SARD>
    <SICI>1696</SICI>
    <SUD>2298</SUD>
  </marketintervaldetail>
  <marketintervaldetail>
    <Data>20170119</Data>
    <Mercato>MGP</Mercato>
    <Ora>07</Ora>
    <Totale>33378</Totale>
    <CNOR>3623</CNOR>
    <CSUD>4919</CSUD>
    <NORD>19360</NORD>
    <SARD>890</SARD>
    <SICI>1926</SICI>
    <SUD>2660</SUD>
  </marketintervaldetail>
  <marketintervaldetail>
    <Data>20170119</Data>
    <Mercato>MGP</Mercato>
    <Ora>08</Ora>
    <Totale>40814</Totale>
    <CNOR>4330</CNOR>
    <CSUD>5887</CSUD>
    <NORD>23962</NORD>
    <SARD>1100</SARD>
    <SICI>2308</SICI>
    <SUD>3227</SUD>
  </marketintervaldetail>
  <marketintervaldetail>
    <Data>20170119</Data>
    <Mercato>MGP</Mercato>
    <Ora>09</Ora>
    <Totale>46265</Totale>
    <CNOR>5035</CNOR>
    <CSUD>6481</CSUD>
    <NORD>27224</NORD>
    <SARD>1218</SARD>
    <SICI>2569</SICI>
    <SUD>3738</SUD>
  </marketintervaldetail>
  <marketintervaldetail>
    <Data>20170119</Data>
    <Mercato>MGP</Mercato>
    <Ora>10</Ora>
    <Totale>49050</Totale>
    <CNOR>5512</CNOR>
    <CSUD>7024</CSUD>
    <NORD>28468</NORD>
    <SARD>1282</SARD>
    <SICI>2744</SICI>
    <SUD>4020</SUD>
  </marketintervaldetail>
  <marketintervaldetail>
    <Data>20170119</Data>
    <Mercato>MGP</Mercato>
    <Ora>11</Ora>
    <Totale>49606</Totale>
    <CNOR>5714</CNOR>
    <CSUD>7153</CSUD>
    <NORD>28717</NORD>
    <SARD>1297</SARD>
    <SICI>2785</SICI>
    <SUD>3940</SUD>
  </marketintervaldetail>
  <marketintervaldetail>
    <Data>20170119</Data>
    <Mercato>MGP</Mercato>
    <Ora>12</Ora>
    <Totale>49182</Totale>
    <CNOR>5765</CNOR>
    <CSUD>7245</CSUD>
    <NORD>28413</NORD>
    <SARD>1268</SARD>
    <SICI>2707</SICI>
    <SUD>3784</SUD>
  </marketintervaldetail>
  <marketintervaldetail>
    <Data>20170119</Data>
    <Mercato>MGP</Mercato>
    <Ora>13</Ora>
    <Totale>46034</Totale>
    <CNOR>5361</CNOR>
    <CSUD>7010</CSUD>
    <NORD>26024</NORD>
    <SARD>1202</SARD>
    <SICI>2672</SICI>
    <SUD>3765</SUD>
  </marketintervaldetail>
  <marketintervaldetail>
    <Data>20170119</Data>
    <Mercato>MGP</Mercato>
    <Ora>14</Ora>
    <Totale>44554</Totale>
    <CNOR>4981</CNOR>
    <CSUD>6925</CSUD>
    <NORD>25510</NORD>
    <SARD>1123</SARD>
    <SICI>2528</SICI>
    <SUD>3487</SUD>
  </marketintervaldetail>
  <marketintervaldetail>
    <Data>20170119</Data>
    <Mercato>MGP</Mercato>
    <Ora>15</Ora>
    <Totale>45442</Totale>
    <CNOR>5240</CNOR>
    <CSUD>6791</CSUD>
    <NORD>26159</NORD>
    <SARD>1159</SARD>
    <SICI>2598</SICI>
    <SUD>3495</SUD>
  </marketintervaldetail>
  <marketintervaldetail>
    <Data>20170119</Data>
    <Mercato>MGP</Mercato>
    <Ora>16</Ora>
    <Totale>46284</Totale>
    <CNOR>5471</CNOR>
    <CSUD>6877</CSUD>
    <NORD>26487</NORD>
    <SARD>1194</SARD>
    <SICI>2693</SICI>
    <SUD>3562</SUD>
  </marketintervaldetail>
  <marketintervaldetail>
    <Data>20170119</Data>
    <Mercato>MGP</Mercato>
    <Ora>17</Ora>
    <Totale>46597</Totale>
    <CNOR>5402</CNOR>
    <CSUD>6864</CSUD>
    <NORD>26572</NORD>
    <SARD>1206</SARD>
    <SICI>2780</SICI>
    <SUD>3773</SUD>
  </marketintervaldetail>
  <marketintervaldetail>
    <Data>20170119</Data>
    <Mercato>MGP</Mercato>
    <Ora>18</Ora>
    <Totale>48484</Totale>
    <CNOR>5598</CNOR>
    <CSUD>7362</CSUD>
    <NORD>27342</NORD>
    <SARD>1250</SARD>
    <SICI>2996</SICI>
    <SUD>3936</SUD>
  </marketintervaldetail>
  <marketintervaldetail>
    <Data>20170119</Data>
    <Mercato>MGP</Mercato>
    <Ora>19</Ora>
    <Totale>48951</Totale>
    <CNOR>5565</CNOR>
    <CSUD>7599</CSUD>
    <NORD>27313</NORD>
    <SARD>1306</SARD>
    <SICI>3198</SICI>
    <SUD>3970</SUD>
  </marketintervaldetail>
  <marketintervaldetail>
    <Data>20170119</Data>
    <Mercato>MGP</Mercato>
    <Ora>20</Ora>
    <Totale>47883</Totale>
    <CNOR>5383</CNOR>
    <CSUD>7564</CSUD>
    <NORD>26424</NORD>
    <SARD>1329</SARD>
    <SICI>3237</SICI>
    <SUD>3946</SUD>
  </marketintervaldetail>
  <marketintervaldetail>
    <Data>20170119</Data>
    <Mercato>MGP</Mercato>
    <Ora>21</Ora>
    <Totale>44980</Totale>
    <CNOR>4999</CNOR>
    <CSUD>7307</CSUD>
    <NORD>24420</NORD>
    <SARD>1316</SARD>
    <SICI>3195</SICI>
    <SUD>3743</SUD>
  </marketintervaldetail>
  <marketintervaldetail>
    <Data>20170119</Data>
    <Mercato>MGP</Mercato>
    <Ora>22</Ora>
    <Totale>41601</Totale>
    <CNOR>4638</CNOR>
    <CSUD>6700</CSUD>
    <NORD>22546</NORD>
    <SARD>1218</SARD>
    <SICI>3025</SICI>
    <SUD>3474</SUD>
  </marketintervaldetail>
  <marketintervaldetail>
    <Data>20170119</Data>
    <Mercato>MGP</Mercato>
    <Ora>23</Ora>
    <Totale>37322</Totale>
    <CNOR>4142</CNOR>
    <CSUD>6012</CSUD>
    <NORD>20198</NORD>
    <SARD>1117</SARD>
    <SICI>2767</SICI>
    <SUD>3086</SUD>
  </marketintervaldetail>
  <marketintervaldetail>
    <Data>20170119</Data>
    <Mercato>MGP</Mercato>
    <Ora>24</Ora>
    <Totale>33144</Totale>
    <CNOR>3702</CNOR>
    <CSUD>5223</CSUD>
    <NORD>18069</NORD>
    <SARD>1045</SARD>
    <SICI>2362</SICI>
    <SUD>2743</SUD>
  </marketintervaldetail>
</NewDataSet>