<?xml version="1.0" standalone="yes"?>
<NewDataSet>
  <xs:schema id="NewDataSet" xmlns="" xmlns:xs="http://www.w3.org/2001/XMLSchema" xmlns:msdata="urn:schemas-microsoft-com:xml-msdata">
    <xs:element name="NewDataSet" msdata:IsDataSet="true" msdata:MainDataTable="marketintervaldetail" msdata:UseCurrentLocale="true">
      <xs:complexType>
        <xs:choice minOccurs="0" maxOccurs="unbounded">
          <xs:element name="marketintervaldetail">
            <xs:complexType>
              <xs:sequence>
                <xs:element name="Data" type="xs:string" minOccurs="0" />
                <xs:element name="Mercato" type="xs:string" minOccurs="0" />
                <xs:element name="Ora" type="xs:string" minOccurs="0" />
                <xs:element name="Totale" type="xs:string" minOccurs="0" />
                <xs:element name="CNOR" type="xs:string" minOccurs="0" />
                <xs:element name="CSUD" type="xs:string" minOccurs="0" />
                <xs:element name="NORD" type="xs:string" minOccurs="0" />
                <xs:element name="SARD" type="xs:string" minOccurs="0" />
                <xs:element name="SICI" type="xs:string" minOccurs="0" />
                <xs:element name="SUD" type="xs:string" minOccurs="0" />
              </xs:sequence>
            </xs:complexType>
          </xs:element>
        </xs:choice>
      </xs:complexType>
    </xs:element>
  </xs:schema>
  <marketintervaldetail>
    <Data>20150107</Data>
    <Mercato>MGP</Mercato>
    <Ora>01</Ora>
    <Totale>23455</Totale>
    <CNOR>2533</CNOR>
    <CSUD>4568</CSUD>
    <NORD>11531</NORD>
    <SARD>833</SARD>
    <SICI>1753</SICI>
    <SUD>2237</SUD>
  </marketintervaldetail>
  <marketintervaldetail>
    <Data>20150107</Data>
    <Mercato>MGP</Mercato>
    <Ora>02</Ora>
    <Totale>21402</Totale>
    <CNOR>2295</CNOR>
    <CSUD>4091</CSUD>
    <NORD>10665</NORD>
    <SARD>751</SARD>
    <SICI>1539</SICI>
    <SUD>2061</SUD>
  </marketintervaldetail>
  <marketintervaldetail>
    <Data>20150107</Data>
    <Mercato>MGP</Mercato>
    <Ora>03</Ora>
    <Totale>20420</Totale>
    <CNOR>2146</CNOR>
    <CSUD>3741</CSUD>
    <NORD>10327</NORD>
    <SARD>726</SARD>
    <SICI>1419</SICI>
    <SUD>2061</SUD>
  </marketintervaldetail>
  <marketintervaldetail>
    <Data>20150107</Data>
    <Mercato>MGP</Mercato>
    <Ora>04</Ora>
    <Totale>19963</Totale>
    <CNOR>2121</CNOR>
    <CSUD>3600</CSUD>
    <NORD>10158</NORD>
    <SARD>706</SARD>
    <SICI>1364</SICI>
    <SUD>2014</SUD>
  </marketintervaldetail>
  <marketintervaldetail>
    <Data>20150107</Data>
    <Mercato>MGP</Mercato>
    <Ora>05</Ora>
    <Totale>20057</Totale>
    <CNOR>2145</CNOR>
    <CSUD>3633</CSUD>
    <NORD>10290</NORD>
    <SARD>708</SARD>
    <SICI>1366</SICI>
    <SUD>1915</SUD>
  </marketintervaldetail>
  <marketintervaldetail>
    <Data>20150107</Data>
    <Mercato>MGP</Mercato>
    <Ora>06</Ora>
    <Totale>21746</Totale>
    <CNOR>2303</CNOR>
    <CSUD>3955</CSUD>
    <NORD>11223</NORD>
    <SARD>751</SARD>
    <SICI>1442</SICI>
    <SUD>2072</SUD>
  </marketintervaldetail>
  <marketintervaldetail>
    <Data>20150107</Data>
    <Mercato>MGP</Mercato>
    <Ora>07</Ora>
    <Totale>26873</Totale>
    <CNOR>2839</CNOR>
    <CSUD>4818</CSUD>
    <NORD>14181</NORD>
    <SARD>865</SARD>
    <SICI>1691</SICI>
    <SUD>2479</SUD>
  </marketintervaldetail>
  <marketintervaldetail>
    <Data>20150107</Data>
    <Mercato>MGP</Mercato>
    <Ora>08</Ora>
    <Totale>33568</Totale>
    <CNOR>3605</CNOR>
    <CSUD>5993</CSUD>
    <NORD>17848</NORD>
    <SARD>1071</SARD>
    <SICI>2064</SICI>
    <SUD>2987</SUD>
  </marketintervaldetail>
  <marketintervaldetail>
    <Data>20150107</Data>
    <Mercato>MGP</Mercato>
    <Ora>09</Ora>
    <Totale>38559</Totale>
    <CNOR>4262</CNOR>
    <CSUD>6750</CSUD>
    <NORD>20409</NORD>
    <SARD>1191</SARD>
    <SICI>2335</SICI>
    <SUD>3612</SUD>
  </marketintervaldetail>
  <marketintervaldetail>
    <Data>20150107</Data>
    <Mercato>MGP</Mercato>
    <Ora>10</Ora>
    <Totale>41776</Totale>
    <CNOR>4581</CNOR>
    <CSUD>7602</CSUD>
    <NORD>22033</NORD>
    <SARD>1224</SARD>
    <SICI>2466</SICI>
    <SUD>3870</SUD>
  </marketintervaldetail>
  <marketintervaldetail>
    <Data>20150107</Data>
    <Mercato>MGP</Mercato>
    <Ora>11</Ora>
    <Totale>42646</Totale>
    <CNOR>4777</CNOR>
    <CSUD>7786</CSUD>
    <NORD>22433</NORD>
    <SARD>1246</SARD>
    <SICI>2497</SICI>
    <SUD>3907</SUD>
  </marketintervaldetail>
  <marketintervaldetail>
    <Data>20150107</Data>
    <Mercato>MGP</Mercato>
    <Ora>12</Ora>
    <Totale>43206</Totale>
    <CNOR>4788</CNOR>
    <CSUD>7811</CSUD>
    <NORD>23081</NORD>
    <SARD>1227</SARD>
    <SICI>2485</SICI>
    <SUD>3814</SUD>
  </marketintervaldetail>
  <marketintervaldetail>
    <Data>20150107</Data>
    <Mercato>MGP</Mercato>
    <Ora>13</Ora>
    <Totale>41963</Totale>
    <CNOR>4599</CNOR>
    <CSUD>7900</CSUD>
    <NORD>21779</NORD>
    <SARD>1256</SARD>
    <SICI>2588</SICI>
    <SUD>3841</SUD>
  </marketintervaldetail>
  <marketintervaldetail>
    <Data>20150107</Data>
    <Mercato>MGP</Mercato>
    <Ora>14</Ora>
    <Totale>40452</Totale>
    <CNOR>4308</CNOR>
    <CSUD>7628</CSUD>
    <NORD>21033</NORD>
    <SARD>1212</SARD>
    <SICI>2561</SICI>
    <SUD>3710</SUD>
  </marketintervaldetail>
  <marketintervaldetail>
    <Data>20150107</Data>
    <Mercato>MGP</Mercato>
    <Ora>15</Ora>
    <Totale>41224</Totale>
    <CNOR>4510</CNOR>
    <CSUD>7614</CSUD>
    <NORD>21490</NORD>
    <SARD>1171</SARD>
    <SICI>2675</SICI>
    <SUD>3764</SUD>
  </marketintervaldetail>
  <marketintervaldetail>
    <Data>20150107</Data>
    <Mercato>MGP</Mercato>
    <Ora>16</Ora>
    <Totale>41671</Totale>
    <CNOR>4821</CNOR>
    <CSUD>7573</CSUD>
    <NORD>21734</NORD>
    <SARD>1165</SARD>
    <SICI>2776</SICI>
    <SUD>3602</SUD>
  </marketintervaldetail>
  <marketintervaldetail>
    <Data>20150107</Data>
    <Mercato>MGP</Mercato>
    <Ora>17</Ora>
    <Totale>42465</Totale>
    <CNOR>4973</CNOR>
    <CSUD>7443</CSUD>
    <NORD>22349</NORD>
    <SARD>1193</SARD>
    <SICI>2816</SICI>
    <SUD>3691</SUD>
  </marketintervaldetail>
  <marketintervaldetail>
    <Data>20150107</Data>
    <Mercato>MGP</Mercato>
    <Ora>18</Ora>
    <Totale>45190</Totale>
    <CNOR>5210</CNOR>
    <CSUD>7976</CSUD>
    <NORD>23473</NORD>
    <SARD>1295</SARD>
    <SICI>3099</SICI>
    <SUD>4137</SUD>
  </marketintervaldetail>
  <marketintervaldetail>
    <Data>20150107</Data>
    <Mercato>MGP</Mercato>
    <Ora>19</Ora>
    <Totale>44399</Totale>
    <CNOR>5014</CNOR>
    <CSUD>7971</CSUD>
    <NORD>22565</NORD>
    <SARD>1378</SARD>
    <SICI>3232</SICI>
    <SUD>4239</SUD>
  </marketintervaldetail>
  <marketintervaldetail>
    <Data>20150107</Data>
    <Mercato>MGP</Mercato>
    <Ora>20</Ora>
    <Totale>43065</Totale>
    <CNOR>4729</CNOR>
    <CSUD>7909</CSUD>
    <NORD>21530</NORD>
    <SARD>1392</SARD>
    <SICI>3287</SICI>
    <SUD>4218</SUD>
  </marketintervaldetail>
  <marketintervaldetail>
    <Data>20150107</Data>
    <Mercato>MGP</Mercato>
    <Ora>21</Ora>
    <Totale>40369</Totale>
    <CNOR>4226</CNOR>
    <CSUD>7457</CSUD>
    <NORD>20008</NORD>
    <SARD>1352</SARD>
    <SICI>3205</SICI>
    <SUD>4121</SUD>
  </marketintervaldetail>
  <marketintervaldetail>
    <Data>20150107</Data>
    <Mercato>MGP</Mercato>
    <Ora>22</Ora>
    <Totale>37071</Totale>
    <CNOR>3892</CNOR>
    <CSUD>6939</CSUD>
    <NORD>18304</NORD>
    <SARD>1259</SARD>
    <SICI>3012</SICI>
    <SUD>3665</SUD>
  </marketintervaldetail>
  <marketintervaldetail>
    <Data>20150107</Data>
    <Mercato>MGP</Mercato>
    <Ora>23</Ora>
    <Totale>32513</Totale>
    <CNOR>3407</CNOR>
    <CSUD>6167</CSUD>
    <NORD>15877</NORD>
    <SARD>1157</SARD>
    <SICI>2703</SICI>
    <SUD>3202</SUD>
  </marketintervaldetail>
  <marketintervaldetail>
    <Data>20150107</Data>
    <Mercato>MGP</Mercato>
    <Ora>24</Ora>
    <Totale>28472</Totale>
    <CNOR>3057</CNOR>
    <CSUD>5231</CSUD>
    <NORD>14091</NORD>
    <SARD>1023</SARD>
    <SICI>2277</SICI>
    <SUD>2793</SUD>
  </marketintervaldetail>
</NewDataSet>