<?xml version="1.0" standalone="yes"?>
<NewDataSet>
  <xs:schema id="NewDataSet" xmlns="" xmlns:xs="http://www.w3.org/2001/XMLSchema" xmlns:msdata="urn:schemas-microsoft-com:xml-msdata">
    <xs:element name="NewDataSet" msdata:IsDataSet="true" msdata:MainDataTable="marketintervaldetail" msdata:UseCurrentLocale="true">
      <xs:complexType>
        <xs:choice minOccurs="0" maxOccurs="unbounded">
          <xs:element name="marketintervaldetail">
            <xs:complexType>
              <xs:sequence>
                <xs:element name="Data" type="xs:string" minOccurs="0" />
                <xs:element name="Mercato" type="xs:string" minOccurs="0" />
                <xs:element name="Ora" type="xs:string" minOccurs="0" />
                <xs:element name="Totale" type="xs:string" minOccurs="0" />
                <xs:element name="CNOR" type="xs:string" minOccurs="0" />
                <xs:element name="CSUD" type="xs:string" minOccurs="0" />
                <xs:element name="NORD" type="xs:string" minOccurs="0" />
                <xs:element name="SARD" type="xs:string" minOccurs="0" />
                <xs:element name="SICI" type="xs:string" minOccurs="0" />
                <xs:element name="SUD" type="xs:string" minOccurs="0" />
              </xs:sequence>
            </xs:complexType>
          </xs:element>
        </xs:choice>
      </xs:complexType>
    </xs:element>
  </xs:schema>
  <marketintervaldetail>
    <Data>20150126</Data>
    <Mercato>MGP</Mercato>
    <Ora>01</Ora>
    <Totale>23103</Totale>
    <CNOR>2449</CNOR>
    <CSUD>3856</CSUD>
    <NORD>12361</NORD>
    <SARD>821</SARD>
    <SICI>1631</SICI>
    <SUD>1985</SUD>
  </marketintervaldetail>
  <marketintervaldetail>
    <Data>20150126</Data>
    <Mercato>MGP</Mercato>
    <Ora>02</Ora>
    <Totale>21655</Totale>
    <CNOR>2312</CNOR>
    <CSUD>3516</CSUD>
    <NORD>11758</NORD>
    <SARD>769</SARD>
    <SICI>1482</SICI>
    <SUD>1818</SUD>
  </marketintervaldetail>
  <marketintervaldetail>
    <Data>20150126</Data>
    <Mercato>MGP</Mercato>
    <Ora>03</Ora>
    <Totale>20948</Totale>
    <CNOR>2177</CNOR>
    <CSUD>3349</CSUD>
    <NORD>11539</NORD>
    <SARD>751</SARD>
    <SICI>1356</SICI>
    <SUD>1776</SUD>
  </marketintervaldetail>
  <marketintervaldetail>
    <Data>20150126</Data>
    <Mercato>MGP</Mercato>
    <Ora>04</Ora>
    <Totale>20829</Totale>
    <CNOR>2180</CNOR>
    <CSUD>3299</CSUD>
    <NORD>11579</NORD>
    <SARD>738</SARD>
    <SICI>1326</SICI>
    <SUD>1707</SUD>
  </marketintervaldetail>
  <marketintervaldetail>
    <Data>20150126</Data>
    <Mercato>MGP</Mercato>
    <Ora>05</Ora>
    <Totale>21279</Totale>
    <CNOR>2203</CNOR>
    <CSUD>3373</CSUD>
    <NORD>11899</NORD>
    <SARD>744</SARD>
    <SICI>1345</SICI>
    <SUD>1715</SUD>
  </marketintervaldetail>
  <marketintervaldetail>
    <Data>20150126</Data>
    <Mercato>MGP</Mercato>
    <Ora>06</Ora>
    <Totale>23399</Totale>
    <CNOR>2424</CNOR>
    <CSUD>3650</CSUD>
    <NORD>13217</NORD>
    <SARD>780</SARD>
    <SICI>1449</SICI>
    <SUD>1879</SUD>
  </marketintervaldetail>
  <marketintervaldetail>
    <Data>20150126</Data>
    <Mercato>MGP</Mercato>
    <Ora>07</Ora>
    <Totale>29401</Totale>
    <CNOR>3038</CNOR>
    <CSUD>4433</CSUD>
    <NORD>17039</NORD>
    <SARD>900</SARD>
    <SICI>1721</SICI>
    <SUD>2270</SUD>
  </marketintervaldetail>
  <marketintervaldetail>
    <Data>20150126</Data>
    <Mercato>MGP</Mercato>
    <Ora>08</Ora>
    <Totale>36312</Totale>
    <CNOR>3781</CNOR>
    <CSUD>5400</CSUD>
    <NORD>21228</NORD>
    <SARD>1082</SARD>
    <SICI>2192</SICI>
    <SUD>2629</SUD>
  </marketintervaldetail>
  <marketintervaldetail>
    <Data>20150126</Data>
    <Mercato>MGP</Mercato>
    <Ora>09</Ora>
    <Totale>41217</Totale>
    <CNOR>4432</CNOR>
    <CSUD>5645</CSUD>
    <NORD>24371</NORD>
    <SARD>1156</SARD>
    <SICI>2421</SICI>
    <SUD>3192</SUD>
  </marketintervaldetail>
  <marketintervaldetail>
    <Data>20150126</Data>
    <Mercato>MGP</Mercato>
    <Ora>10</Ora>
    <Totale>43376</Totale>
    <CNOR>4644</CNOR>
    <CSUD>6095</CSUD>
    <NORD>25376</NORD>
    <SARD>1191</SARD>
    <SICI>2662</SICI>
    <SUD>3408</SUD>
  </marketintervaldetail>
  <marketintervaldetail>
    <Data>20150126</Data>
    <Mercato>MGP</Mercato>
    <Ora>11</Ora>
    <Totale>43856</Totale>
    <CNOR>4644</CNOR>
    <CSUD>6383</CSUD>
    <NORD>25632</NORD>
    <SARD>1160</SARD>
    <SICI>2507</SICI>
    <SUD>3530</SUD>
  </marketintervaldetail>
  <marketintervaldetail>
    <Data>20150126</Data>
    <Mercato>MGP</Mercato>
    <Ora>12</Ora>
    <Totale>44018</Totale>
    <CNOR>4625</CNOR>
    <CSUD>6944</CSUD>
    <NORD>25511</NORD>
    <SARD>1145</SARD>
    <SICI>2557</SICI>
    <SUD>3236</SUD>
  </marketintervaldetail>
  <marketintervaldetail>
    <Data>20150126</Data>
    <Mercato>MGP</Mercato>
    <Ora>13</Ora>
    <Totale>40721</Totale>
    <CNOR>4089</CNOR>
    <CSUD>6497</CSUD>
    <NORD>23344</NORD>
    <SARD>1174</SARD>
    <SICI>2447</SICI>
    <SUD>3170</SUD>
  </marketintervaldetail>
  <marketintervaldetail>
    <Data>20150126</Data>
    <Mercato>MGP</Mercato>
    <Ora>14</Ora>
    <Totale>40172</Totale>
    <CNOR>3941</CNOR>
    <CSUD>6546</CSUD>
    <NORD>23345</NORD>
    <SARD>1169</SARD>
    <SICI>2265</SICI>
    <SUD>2906</SUD>
  </marketintervaldetail>
  <marketintervaldetail>
    <Data>20150126</Data>
    <Mercato>MGP</Mercato>
    <Ora>15</Ora>
    <Totale>41112</Totale>
    <CNOR>4238</CNOR>
    <CSUD>6471</CSUD>
    <NORD>24208</NORD>
    <SARD>1106</SARD>
    <SICI>2249</SICI>
    <SUD>2840</SUD>
  </marketintervaldetail>
  <marketintervaldetail>
    <Data>20150126</Data>
    <Mercato>MGP</Mercato>
    <Ora>16</Ora>
    <Totale>41346</Totale>
    <CNOR>4394</CNOR>
    <CSUD>6238</CSUD>
    <NORD>24161</NORD>
    <SARD>1065</SARD>
    <SICI>2318</SICI>
    <SUD>3170</SUD>
  </marketintervaldetail>
  <marketintervaldetail>
    <Data>20150126</Data>
    <Mercato>MGP</Mercato>
    <Ora>17</Ora>
    <Totale>41890</Totale>
    <CNOR>4484</CNOR>
    <CSUD>6307</CSUD>
    <NORD>24193</NORD>
    <SARD>1091</SARD>
    <SICI>2426</SICI>
    <SUD>3389</SUD>
  </marketintervaldetail>
  <marketintervaldetail>
    <Data>20150126</Data>
    <Mercato>MGP</Mercato>
    <Ora>18</Ora>
    <Totale>44226</Totale>
    <CNOR>4733</CNOR>
    <CSUD>7180</CSUD>
    <NORD>25235</NORD>
    <SARD>1188</SARD>
    <SICI>2620</SICI>
    <SUD>3270</SUD>
  </marketintervaldetail>
  <marketintervaldetail>
    <Data>20150126</Data>
    <Mercato>MGP</Mercato>
    <Ora>19</Ora>
    <Totale>44004</Totale>
    <CNOR>4706</CNOR>
    <CSUD>7188</CSUD>
    <NORD>24882</NORD>
    <SARD>1253</SARD>
    <SICI>2738</SICI>
    <SUD>3237</SUD>
  </marketintervaldetail>
  <marketintervaldetail>
    <Data>20150126</Data>
    <Mercato>MGP</Mercato>
    <Ora>20</Ora>
    <Totale>42699</Totale>
    <CNOR>4523</CNOR>
    <CSUD>7118</CSUD>
    <NORD>23601</NORD>
    <SARD>1275</SARD>
    <SICI>2790</SICI>
    <SUD>3392</SUD>
  </marketintervaldetail>
  <marketintervaldetail>
    <Data>20150126</Data>
    <Mercato>MGP</Mercato>
    <Ora>21</Ora>
    <Totale>40405</Totale>
    <CNOR>4158</CNOR>
    <CSUD>6667</CSUD>
    <NORD>22216</NORD>
    <SARD>1242</SARD>
    <SICI>2697</SICI>
    <SUD>3425</SUD>
  </marketintervaldetail>
  <marketintervaldetail>
    <Data>20150126</Data>
    <Mercato>MGP</Mercato>
    <Ora>22</Ora>
    <Totale>37433</Totale>
    <CNOR>3854</CNOR>
    <CSUD>6072</CSUD>
    <NORD>20729</NORD>
    <SARD>1136</SARD>
    <SICI>2496</SICI>
    <SUD>3146</SUD>
  </marketintervaldetail>
  <marketintervaldetail>
    <Data>20150126</Data>
    <Mercato>MGP</Mercato>
    <Ora>23</Ora>
    <Totale>33234</Totale>
    <CNOR>3386</CNOR>
    <CSUD>5456</CSUD>
    <NORD>18360</NORD>
    <SARD>1046</SARD>
    <SICI>2273</SICI>
    <SUD>2713</SUD>
  </marketintervaldetail>
  <marketintervaldetail>
    <Data>20150126</Data>
    <Mercato>MGP</Mercato>
    <Ora>24</Ora>
    <Totale>29687</Totale>
    <CNOR>3060</CNOR>
    <CSUD>4782</CSUD>
    <NORD>16518</NORD>
    <SARD>945</SARD>
    <SICI>1997</SICI>
    <SUD>2385</SUD>
  </marketintervaldetail>
</NewDataSet>