<?xml version="1.0" standalone="yes"?>
<NewDataSet>
  <xs:schema id="NewDataSet" xmlns="" xmlns:xs="http://www.w3.org/2001/XMLSchema" xmlns:msdata="urn:schemas-microsoft-com:xml-msdata">
    <xs:element name="NewDataSet" msdata:IsDataSet="true" msdata:MainDataTable="marketintervaldetail" msdata:UseCurrentLocale="true">
      <xs:complexType>
        <xs:choice minOccurs="0" maxOccurs="unbounded">
          <xs:element name="marketintervaldetail">
            <xs:complexType>
              <xs:sequence>
                <xs:element name="Data" type="xs:string" minOccurs="0" />
                <xs:element name="Mercato" type="xs:string" minOccurs="0" />
                <xs:element name="Ora" type="xs:string" minOccurs="0" />
                <xs:element name="Totale" type="xs:string" minOccurs="0" />
                <xs:element name="CNOR" type="xs:string" minOccurs="0" />
                <xs:element name="CSUD" type="xs:string" minOccurs="0" />
                <xs:element name="NORD" type="xs:string" minOccurs="0" />
                <xs:element name="SARD" type="xs:string" minOccurs="0" />
                <xs:element name="SICI" type="xs:string" minOccurs="0" />
                <xs:element name="SUD" type="xs:string" minOccurs="0" />
              </xs:sequence>
            </xs:complexType>
          </xs:element>
        </xs:choice>
      </xs:complexType>
    </xs:element>
  </xs:schema>
  <marketintervaldetail>
    <Data>20150117</Data>
    <Mercato>MGP</Mercato>
    <Ora>01</Ora>
    <Totale>27131</Totale>
    <CNOR>2830</CNOR>
    <CSUD>4318</CSUD>
    <NORD>15029</NORD>
    <SARD>868</SARD>
    <SICI>1785</SICI>
    <SUD>2301</SUD>
  </marketintervaldetail>
  <marketintervaldetail>
    <Data>20150117</Data>
    <Mercato>MGP</Mercato>
    <Ora>02</Ora>
    <Totale>25279</Totale>
    <CNOR>2609</CNOR>
    <CSUD>3936</CSUD>
    <NORD>14235</NORD>
    <SARD>821</SARD>
    <SICI>1609</SICI>
    <SUD>2069</SUD>
  </marketintervaldetail>
  <marketintervaldetail>
    <Data>20150117</Data>
    <Mercato>MGP</Mercato>
    <Ora>03</Ora>
    <Totale>24238</Totale>
    <CNOR>2539</CNOR>
    <CSUD>3713</CSUD>
    <NORD>13734</NORD>
    <SARD>782</SARD>
    <SICI>1488</SICI>
    <SUD>1982</SUD>
  </marketintervaldetail>
  <marketintervaldetail>
    <Data>20150117</Data>
    <Mercato>MGP</Mercato>
    <Ora>04</Ora>
    <Totale>23646</Totale>
    <CNOR>2435</CNOR>
    <CSUD>3597</CSUD>
    <NORD>13444</NORD>
    <SARD>769</SARD>
    <SICI>1434</SICI>
    <SUD>1967</SUD>
  </marketintervaldetail>
  <marketintervaldetail>
    <Data>20150117</Data>
    <Mercato>MGP</Mercato>
    <Ora>05</Ora>
    <Totale>23606</Totale>
    <CNOR>2405</CNOR>
    <CSUD>3592</CSUD>
    <NORD>13380</NORD>
    <SARD>775</SARD>
    <SICI>1462</SICI>
    <SUD>1992</SUD>
  </marketintervaldetail>
  <marketintervaldetail>
    <Data>20150117</Data>
    <Mercato>MGP</Mercato>
    <Ora>06</Ora>
    <Totale>24231</Totale>
    <CNOR>2397</CNOR>
    <CSUD>3710</CSUD>
    <NORD>13783</NORD>
    <SARD>792</SARD>
    <SICI>1501</SICI>
    <SUD>2048</SUD>
  </marketintervaldetail>
  <marketintervaldetail>
    <Data>20150117</Data>
    <Mercato>MGP</Mercato>
    <Ora>07</Ora>
    <Totale>26730</Totale>
    <CNOR>2700</CNOR>
    <CSUD>4126</CSUD>
    <NORD>15125</NORD>
    <SARD>870</SARD>
    <SICI>1640</SICI>
    <SUD>2269</SUD>
  </marketintervaldetail>
  <marketintervaldetail>
    <Data>20150117</Data>
    <Mercato>MGP</Mercato>
    <Ora>08</Ora>
    <Totale>30687</Totale>
    <CNOR>3127</CNOR>
    <CSUD>4594</CSUD>
    <NORD>17566</NORD>
    <SARD>993</SARD>
    <SICI>1840</SICI>
    <SUD>2567</SUD>
  </marketintervaldetail>
  <marketintervaldetail>
    <Data>20150117</Data>
    <Mercato>MGP</Mercato>
    <Ora>09</Ora>
    <Totale>33349</Totale>
    <CNOR>3455</CNOR>
    <CSUD>5177</CSUD>
    <NORD>18837</NORD>
    <SARD>1080</SARD>
    <SICI>2111</SICI>
    <SUD>2689</SUD>
  </marketintervaldetail>
  <marketintervaldetail>
    <Data>20150117</Data>
    <Mercato>MGP</Mercato>
    <Ora>10</Ora>
    <Totale>35818</Totale>
    <CNOR>3803</CNOR>
    <CSUD>5677</CSUD>
    <NORD>19902</NORD>
    <SARD>1165</SARD>
    <SICI>2185</SICI>
    <SUD>3086</SUD>
  </marketintervaldetail>
  <marketintervaldetail>
    <Data>20150117</Data>
    <Mercato>MGP</Mercato>
    <Ora>11</Ora>
    <Totale>35967</Totale>
    <CNOR>3810</CNOR>
    <CSUD>5793</CSUD>
    <NORD>19976</NORD>
    <SARD>1176</SARD>
    <SICI>2189</SICI>
    <SUD>3023</SUD>
  </marketintervaldetail>
  <marketintervaldetail>
    <Data>20150117</Data>
    <Mercato>MGP</Mercato>
    <Ora>12</Ora>
    <Totale>35031</Totale>
    <CNOR>3720</CNOR>
    <CSUD>5743</CSUD>
    <NORD>19433</NORD>
    <SARD>1197</SARD>
    <SICI>2077</SICI>
    <SUD>2861</SUD>
  </marketintervaldetail>
  <marketintervaldetail>
    <Data>20150117</Data>
    <Mercato>MGP</Mercato>
    <Ora>13</Ora>
    <Totale>33722</Totale>
    <CNOR>3546</CNOR>
    <CSUD>5871</CSUD>
    <NORD>17798</NORD>
    <SARD>1100</SARD>
    <SICI>2280</SICI>
    <SUD>3127</SUD>
  </marketintervaldetail>
  <marketintervaldetail>
    <Data>20150117</Data>
    <Mercato>MGP</Mercato>
    <Ora>14</Ora>
    <Totale>32687</Totale>
    <CNOR>3454</CNOR>
    <CSUD>5865</CSUD>
    <NORD>16990</NORD>
    <SARD>1094</SARD>
    <SICI>2273</SICI>
    <SUD>3011</SUD>
  </marketintervaldetail>
  <marketintervaldetail>
    <Data>20150117</Data>
    <Mercato>MGP</Mercato>
    <Ora>15</Ora>
    <Totale>31479</Totale>
    <CNOR>3425</CNOR>
    <CSUD>5637</CSUD>
    <NORD>16409</NORD>
    <SARD>1029</SARD>
    <SICI>2206</SICI>
    <SUD>2773</SUD>
  </marketintervaldetail>
  <marketintervaldetail>
    <Data>20150117</Data>
    <Mercato>MGP</Mercato>
    <Ora>16</Ora>
    <Totale>30792</Totale>
    <CNOR>3303</CNOR>
    <CSUD>5444</CSUD>
    <NORD>16117</NORD>
    <SARD>1005</SARD>
    <SICI>2220</SICI>
    <SUD>2703</SUD>
  </marketintervaldetail>
  <marketintervaldetail>
    <Data>20150117</Data>
    <Mercato>MGP</Mercato>
    <Ora>17</Ora>
    <Totale>31251</Totale>
    <CNOR>3409</CNOR>
    <CSUD>5486</CSUD>
    <NORD>16426</NORD>
    <SARD>1008</SARD>
    <SICI>2259</SICI>
    <SUD>2663</SUD>
  </marketintervaldetail>
  <marketintervaldetail>
    <Data>20150117</Data>
    <Mercato>MGP</Mercato>
    <Ora>18</Ora>
    <Totale>34934</Totale>
    <CNOR>3758</CNOR>
    <CSUD>6281</CSUD>
    <NORD>18059</NORD>
    <SARD>1085</SARD>
    <SICI>2544</SICI>
    <SUD>3207</SUD>
  </marketintervaldetail>
  <marketintervaldetail>
    <Data>20150117</Data>
    <Mercato>MGP</Mercato>
    <Ora>19</Ora>
    <Totale>37223</Totale>
    <CNOR>3997</CNOR>
    <CSUD>6632</CSUD>
    <NORD>19327</NORD>
    <SARD>1167</SARD>
    <SICI>2696</SICI>
    <SUD>3404</SUD>
  </marketintervaldetail>
  <marketintervaldetail>
    <Data>20150117</Data>
    <Mercato>MGP</Mercato>
    <Ora>20</Ora>
    <Totale>37138</Totale>
    <CNOR>4013</CNOR>
    <CSUD>6746</CSUD>
    <NORD>19093</NORD>
    <SARD>1185</SARD>
    <SICI>2735</SICI>
    <SUD>3366</SUD>
  </marketintervaldetail>
  <marketintervaldetail>
    <Data>20150117</Data>
    <Mercato>MGP</Mercato>
    <Ora>21</Ora>
    <Totale>34823</Totale>
    <CNOR>3697</CNOR>
    <CSUD>6395</CSUD>
    <NORD>17591</NORD>
    <SARD>1157</SARD>
    <SICI>2675</SICI>
    <SUD>3308</SUD>
  </marketintervaldetail>
  <marketintervaldetail>
    <Data>20150117</Data>
    <Mercato>MGP</Mercato>
    <Ora>22</Ora>
    <Totale>32226</Totale>
    <CNOR>3386</CNOR>
    <CSUD>5831</CSUD>
    <NORD>16246</NORD>
    <SARD>1070</SARD>
    <SICI>2447</SICI>
    <SUD>3246</SUD>
  </marketintervaldetail>
  <marketintervaldetail>
    <Data>20150117</Data>
    <Mercato>MGP</Mercato>
    <Ora>23</Ora>
    <Totale>29664</Totale>
    <CNOR>3117</CNOR>
    <CSUD>5301</CSUD>
    <NORD>15063</NORD>
    <SARD>1001</SARD>
    <SICI>2227</SICI>
    <SUD>2955</SUD>
  </marketintervaldetail>
  <marketintervaldetail>
    <Data>20150117</Data>
    <Mercato>MGP</Mercato>
    <Ora>24</Ora>
    <Totale>27105</Totale>
    <CNOR>2935</CNOR>
    <CSUD>4765</CSUD>
    <NORD>13832</NORD>
    <SARD>938</SARD>
    <SICI>1989</SICI>
    <SUD>2646</SUD>
  </marketintervaldetail>
</NewDataSet>