<?xml version="1.0" standalone="yes"?>
<NewDataSet>
  <xs:schema id="NewDataSet" xmlns="" xmlns:xs="http://www.w3.org/2001/XMLSchema" xmlns:msdata="urn:schemas-microsoft-com:xml-msdata">
    <xs:element name="NewDataSet" msdata:IsDataSet="true" msdata:MainDataTable="marketintervaldetail" msdata:UseCurrentLocale="true">
      <xs:complexType>
        <xs:choice minOccurs="0" maxOccurs="unbounded">
          <xs:element name="marketintervaldetail">
            <xs:complexType>
              <xs:sequence>
                <xs:element name="Data" type="xs:string" minOccurs="0" />
                <xs:element name="Mercato" type="xs:string" minOccurs="0" />
                <xs:element name="Ora" type="xs:string" minOccurs="0" />
                <xs:element name="Totale" type="xs:string" minOccurs="0" />
                <xs:element name="CNOR" type="xs:string" minOccurs="0" />
                <xs:element name="CSUD" type="xs:string" minOccurs="0" />
                <xs:element name="NORD" type="xs:string" minOccurs="0" />
                <xs:element name="SARD" type="xs:string" minOccurs="0" />
                <xs:element name="SICI" type="xs:string" minOccurs="0" />
                <xs:element name="SUD" type="xs:string" minOccurs="0" />
              </xs:sequence>
            </xs:complexType>
          </xs:element>
        </xs:choice>
      </xs:complexType>
    </xs:element>
  </xs:schema>
  <marketintervaldetail>
    <Data>20150127</Data>
    <Mercato>MGP</Mercato>
    <Ora>01</Ora>
    <Totale>27317</Totale>
    <CNOR>2895</CNOR>
    <CSUD>4405</CSUD>
    <NORD>15339</NORD>
    <SARD>889</SARD>
    <SICI>1714</SICI>
    <SUD>2075</SUD>
  </marketintervaldetail>
  <marketintervaldetail>
    <Data>20150127</Data>
    <Mercato>MGP</Mercato>
    <Ora>02</Ora>
    <Totale>25615</Totale>
    <CNOR>2701</CNOR>
    <CSUD>4052</CSUD>
    <NORD>14598</NORD>
    <SARD>811</SARD>
    <SICI>1566</SICI>
    <SUD>1887</SUD>
  </marketintervaldetail>
  <marketintervaldetail>
    <Data>20150127</Data>
    <Mercato>MGP</Mercato>
    <Ora>03</Ora>
    <Totale>24679</Totale>
    <CNOR>2660</CNOR>
    <CSUD>3811</CSUD>
    <NORD>14109</NORD>
    <SARD>783</SARD>
    <SICI>1491</SICI>
    <SUD>1825</SUD>
  </marketintervaldetail>
  <marketintervaldetail>
    <Data>20150127</Data>
    <Mercato>MGP</Mercato>
    <Ora>04</Ora>
    <Totale>24499</Totale>
    <CNOR>2635</CNOR>
    <CSUD>3701</CSUD>
    <NORD>14122</NORD>
    <SARD>772</SARD>
    <SICI>1456</SICI>
    <SUD>1813</SUD>
  </marketintervaldetail>
  <marketintervaldetail>
    <Data>20150127</Data>
    <Mercato>MGP</Mercato>
    <Ora>05</Ora>
    <Totale>24573</Totale>
    <CNOR>2592</CNOR>
    <CSUD>3716</CSUD>
    <NORD>14183</NORD>
    <SARD>776</SARD>
    <SICI>1482</SICI>
    <SUD>1824</SUD>
  </marketintervaldetail>
  <marketintervaldetail>
    <Data>20150127</Data>
    <Mercato>MGP</Mercato>
    <Ora>06</Ora>
    <Totale>26256</Totale>
    <CNOR>2771</CNOR>
    <CSUD>3955</CSUD>
    <NORD>15247</NORD>
    <SARD>812</SARD>
    <SICI>1527</SICI>
    <SUD>1944</SUD>
  </marketintervaldetail>
  <marketintervaldetail>
    <Data>20150127</Data>
    <Mercato>MGP</Mercato>
    <Ora>07</Ora>
    <Totale>31901</Totale>
    <CNOR>3301</CNOR>
    <CSUD>4718</CSUD>
    <NORD>18715</NORD>
    <SARD>943</SARD>
    <SICI>1780</SICI>
    <SUD>2444</SUD>
  </marketintervaldetail>
  <marketintervaldetail>
    <Data>20150127</Data>
    <Mercato>MGP</Mercato>
    <Ora>08</Ora>
    <Totale>38717</Totale>
    <CNOR>4061</CNOR>
    <CSUD>5664</CSUD>
    <NORD>23024</NORD>
    <SARD>1122</SARD>
    <SICI>2133</SICI>
    <SUD>2713</SUD>
  </marketintervaldetail>
  <marketintervaldetail>
    <Data>20150127</Data>
    <Mercato>MGP</Mercato>
    <Ora>09</Ora>
    <Totale>43074</Totale>
    <CNOR>4609</CNOR>
    <CSUD>6282</CSUD>
    <NORD>25827</NORD>
    <SARD>1201</SARD>
    <SICI>2375</SICI>
    <SUD>2780</SUD>
  </marketintervaldetail>
  <marketintervaldetail>
    <Data>20150127</Data>
    <Mercato>MGP</Mercato>
    <Ora>10</Ora>
    <Totale>45365</Totale>
    <CNOR>4898</CNOR>
    <CSUD>6763</CSUD>
    <NORD>26753</NORD>
    <SARD>1219</SARD>
    <SICI>2494</SICI>
    <SUD>3238</SUD>
  </marketintervaldetail>
  <marketintervaldetail>
    <Data>20150127</Data>
    <Mercato>MGP</Mercato>
    <Ora>11</Ora>
    <Totale>45812</Totale>
    <CNOR>4980</CNOR>
    <CSUD>6987</CSUD>
    <NORD>26543</NORD>
    <SARD>1181</SARD>
    <SICI>2723</SICI>
    <SUD>3398</SUD>
  </marketintervaldetail>
  <marketintervaldetail>
    <Data>20150127</Data>
    <Mercato>MGP</Mercato>
    <Ora>12</Ora>
    <Totale>45778</Totale>
    <CNOR>5032</CNOR>
    <CSUD>7119</CSUD>
    <NORD>26384</NORD>
    <SARD>1165</SARD>
    <SICI>2897</SICI>
    <SUD>3181</SUD>
  </marketintervaldetail>
  <marketintervaldetail>
    <Data>20150127</Data>
    <Mercato>MGP</Mercato>
    <Ora>13</Ora>
    <Totale>42552</Totale>
    <CNOR>4540</CNOR>
    <CSUD>7037</CSUD>
    <NORD>23961</NORD>
    <SARD>1211</SARD>
    <SICI>2782</SICI>
    <SUD>3021</SUD>
  </marketintervaldetail>
  <marketintervaldetail>
    <Data>20150127</Data>
    <Mercato>MGP</Mercato>
    <Ora>14</Ora>
    <Totale>41726</Totale>
    <CNOR>4355</CNOR>
    <CSUD>6814</CSUD>
    <NORD>23499</NORD>
    <SARD>1148</SARD>
    <SICI>2697</SICI>
    <SUD>3213</SUD>
  </marketintervaldetail>
  <marketintervaldetail>
    <Data>20150127</Data>
    <Mercato>MGP</Mercato>
    <Ora>15</Ora>
    <Totale>42366</Totale>
    <CNOR>4530</CNOR>
    <CSUD>6909</CSUD>
    <NORD>24410</NORD>
    <SARD>1080</SARD>
    <SICI>2696</SICI>
    <SUD>2741</SUD>
  </marketintervaldetail>
  <marketintervaldetail>
    <Data>20150127</Data>
    <Mercato>MGP</Mercato>
    <Ora>16</Ora>
    <Totale>42372</Totale>
    <CNOR>4587</CNOR>
    <CSUD>6978</CSUD>
    <NORD>24321</NORD>
    <SARD>1092</SARD>
    <SICI>2600</SICI>
    <SUD>2794</SUD>
  </marketintervaldetail>
  <marketintervaldetail>
    <Data>20150127</Data>
    <Mercato>MGP</Mercato>
    <Ora>17</Ora>
    <Totale>42965</Totale>
    <CNOR>4691</CNOR>
    <CSUD>7011</CSUD>
    <NORD>24567</NORD>
    <SARD>1121</SARD>
    <SICI>2594</SICI>
    <SUD>2981</SUD>
  </marketintervaldetail>
  <marketintervaldetail>
    <Data>20150127</Data>
    <Mercato>MGP</Mercato>
    <Ora>18</Ora>
    <Totale>44983</Totale>
    <CNOR>4869</CNOR>
    <CSUD>7518</CSUD>
    <NORD>25376</NORD>
    <SARD>1188</SARD>
    <SICI>2791</SICI>
    <SUD>3241</SUD>
  </marketintervaldetail>
  <marketintervaldetail>
    <Data>20150127</Data>
    <Mercato>MGP</Mercato>
    <Ora>19</Ora>
    <Totale>45647</Totale>
    <CNOR>4933</CNOR>
    <CSUD>7633</CSUD>
    <NORD>25597</NORD>
    <SARD>1283</SARD>
    <SICI>2924</SICI>
    <SUD>3277</SUD>
  </marketintervaldetail>
  <marketintervaldetail>
    <Data>20150127</Data>
    <Mercato>MGP</Mercato>
    <Ora>20</Ora>
    <Totale>44364</Totale>
    <CNOR>4688</CNOR>
    <CSUD>7594</CSUD>
    <NORD>24580</NORD>
    <SARD>1315</SARD>
    <SICI>2957</SICI>
    <SUD>3230</SUD>
  </marketintervaldetail>
  <marketintervaldetail>
    <Data>20150127</Data>
    <Mercato>MGP</Mercato>
    <Ora>21</Ora>
    <Totale>41936</Totale>
    <CNOR>4274</CNOR>
    <CSUD>7101</CSUD>
    <NORD>22930</NORD>
    <SARD>1280</SARD>
    <SICI>2862</SICI>
    <SUD>3489</SUD>
  </marketintervaldetail>
  <marketintervaldetail>
    <Data>20150127</Data>
    <Mercato>MGP</Mercato>
    <Ora>22</Ora>
    <Totale>38770</Totale>
    <CNOR>3946</CNOR>
    <CSUD>6550</CSUD>
    <NORD>21249</NORD>
    <SARD>1183</SARD>
    <SICI>2636</SICI>
    <SUD>3206</SUD>
  </marketintervaldetail>
  <marketintervaldetail>
    <Data>20150127</Data>
    <Mercato>MGP</Mercato>
    <Ora>23</Ora>
    <Totale>34309</Totale>
    <CNOR>3535</CNOR>
    <CSUD>5829</CSUD>
    <NORD>18776</NORD>
    <SARD>1077</SARD>
    <SICI>2323</SICI>
    <SUD>2769</SUD>
  </marketintervaldetail>
  <marketintervaldetail>
    <Data>20150127</Data>
    <Mercato>MGP</Mercato>
    <Ora>24</Ora>
    <Totale>30756</Totale>
    <CNOR>3129</CNOR>
    <CSUD>5104</CSUD>
    <NORD>17027</NORD>
    <SARD>956</SARD>
    <SICI>2045</SICI>
    <SUD>2495</SUD>
  </marketintervaldetail>
</NewDataSet>