<?xml version="1.0" standalone="yes"?>
<NewDataSet>
  <xs:schema id="NewDataSet" xmlns="" xmlns:xs="http://www.w3.org/2001/XMLSchema" xmlns:msdata="urn:schemas-microsoft-com:xml-msdata">
    <xs:element name="NewDataSet" msdata:IsDataSet="true" msdata:MainDataTable="marketintervaldetail" msdata:UseCurrentLocale="true">
      <xs:complexType>
        <xs:choice minOccurs="0" maxOccurs="unbounded">
          <xs:element name="marketintervaldetail">
            <xs:complexType>
              <xs:sequence>
                <xs:element name="Data" type="xs:string" minOccurs="0" />
                <xs:element name="Mercato" type="xs:string" minOccurs="0" />
                <xs:element name="Ora" type="xs:string" minOccurs="0" />
                <xs:element name="Totale" type="xs:string" minOccurs="0" />
                <xs:element name="CNOR" type="xs:string" minOccurs="0" />
                <xs:element name="CSUD" type="xs:string" minOccurs="0" />
                <xs:element name="NORD" type="xs:string" minOccurs="0" />
                <xs:element name="SARD" type="xs:string" minOccurs="0" />
                <xs:element name="SICI" type="xs:string" minOccurs="0" />
                <xs:element name="SUD" type="xs:string" minOccurs="0" />
              </xs:sequence>
            </xs:complexType>
          </xs:element>
        </xs:choice>
      </xs:complexType>
    </xs:element>
  </xs:schema>
  <marketintervaldetail>
    <Data>20150116</Data>
    <Mercato>MGP</Mercato>
    <Ora>01</Ora>
    <Totale>27501</Totale>
    <CNOR>2823</CNOR>
    <CSUD>4293</CSUD>
    <NORD>15500</NORD>
    <SARD>837</SARD>
    <SICI>1662</SICI>
    <SUD>2386</SUD>
  </marketintervaldetail>
  <marketintervaldetail>
    <Data>20150116</Data>
    <Mercato>MGP</Mercato>
    <Ora>02</Ora>
    <Totale>25412</Totale>
    <CNOR>2604</CNOR>
    <CSUD>3872</CSUD>
    <NORD>14530</NORD>
    <SARD>781</SARD>
    <SICI>1485</SICI>
    <SUD>2140</SUD>
  </marketintervaldetail>
  <marketintervaldetail>
    <Data>20150116</Data>
    <Mercato>MGP</Mercato>
    <Ora>03</Ora>
    <Totale>24503</Totale>
    <CNOR>2507</CNOR>
    <CSUD>3683</CSUD>
    <NORD>14153</NORD>
    <SARD>750</SARD>
    <SICI>1409</SICI>
    <SUD>2001</SUD>
  </marketintervaldetail>
  <marketintervaldetail>
    <Data>20150116</Data>
    <Mercato>MGP</Mercato>
    <Ora>04</Ora>
    <Totale>24219</Totale>
    <CNOR>2484</CNOR>
    <CSUD>3597</CSUD>
    <NORD>14009</NORD>
    <SARD>741</SARD>
    <SICI>1364</SICI>
    <SUD>2024</SUD>
  </marketintervaldetail>
  <marketintervaldetail>
    <Data>20150116</Data>
    <Mercato>MGP</Mercato>
    <Ora>05</Ora>
    <Totale>24743</Totale>
    <CNOR>2469</CNOR>
    <CSUD>3618</CSUD>
    <NORD>14246</NORD>
    <SARD>757</SARD>
    <SICI>1385</SICI>
    <SUD>2268</SUD>
  </marketintervaldetail>
  <marketintervaldetail>
    <Data>20150116</Data>
    <Mercato>MGP</Mercato>
    <Ora>06</Ora>
    <Totale>26591</Totale>
    <CNOR>2665</CNOR>
    <CSUD>3835</CSUD>
    <NORD>15480</NORD>
    <SARD>792</SARD>
    <SICI>1475</SICI>
    <SUD>2344</SUD>
  </marketintervaldetail>
  <marketintervaldetail>
    <Data>20150116</Data>
    <Mercato>MGP</Mercato>
    <Ora>07</Ora>
    <Totale>32091</Totale>
    <CNOR>3198</CNOR>
    <CSUD>4611</CSUD>
    <NORD>18924</NORD>
    <SARD>904</SARD>
    <SICI>1729</SICI>
    <SUD>2725</SUD>
  </marketintervaldetail>
  <marketintervaldetail>
    <Data>20150116</Data>
    <Mercato>MGP</Mercato>
    <Ora>08</Ora>
    <Totale>38736</Totale>
    <CNOR>3944</CNOR>
    <CSUD>5556</CSUD>
    <NORD>23154</NORD>
    <SARD>1104</SARD>
    <SICI>2072</SICI>
    <SUD>2906</SUD>
  </marketintervaldetail>
  <marketintervaldetail>
    <Data>20150116</Data>
    <Mercato>MGP</Mercato>
    <Ora>09</Ora>
    <Totale>42859</Totale>
    <CNOR>4496</CNOR>
    <CSUD>6070</CSUD>
    <NORD>25624</NORD>
    <SARD>1164</SARD>
    <SICI>2293</SICI>
    <SUD>3212</SUD>
  </marketintervaldetail>
  <marketintervaldetail>
    <Data>20150116</Data>
    <Mercato>MGP</Mercato>
    <Ora>10</Ora>
    <Totale>44529</Totale>
    <CNOR>4789</CNOR>
    <CSUD>6297</CSUD>
    <NORD>26598</NORD>
    <SARD>1139</SARD>
    <SICI>2448</SICI>
    <SUD>3258</SUD>
  </marketintervaldetail>
  <marketintervaldetail>
    <Data>20150116</Data>
    <Mercato>MGP</Mercato>
    <Ora>11</Ora>
    <Totale>44867</Totale>
    <CNOR>4846</CNOR>
    <CSUD>6454</CSUD>
    <NORD>26790</NORD>
    <SARD>1110</SARD>
    <SICI>2392</SICI>
    <SUD>3275</SUD>
  </marketintervaldetail>
  <marketintervaldetail>
    <Data>20150116</Data>
    <Mercato>MGP</Mercato>
    <Ora>12</Ora>
    <Totale>44038</Totale>
    <CNOR>4852</CNOR>
    <CSUD>6221</CSUD>
    <NORD>26559</NORD>
    <SARD>1057</SARD>
    <SICI>2240</SICI>
    <SUD>3109</SUD>
  </marketintervaldetail>
  <marketintervaldetail>
    <Data>20150116</Data>
    <Mercato>MGP</Mercato>
    <Ora>13</Ora>
    <Totale>41610</Totale>
    <CNOR>4532</CNOR>
    <CSUD>6040</CSUD>
    <NORD>24604</NORD>
    <SARD>1115</SARD>
    <SICI>2249</SICI>
    <SUD>3070</SUD>
  </marketintervaldetail>
  <marketintervaldetail>
    <Data>20150116</Data>
    <Mercato>MGP</Mercato>
    <Ora>14</Ora>
    <Totale>40407</Totale>
    <CNOR>4245</CNOR>
    <CSUD>5854</CSUD>
    <NORD>24150</NORD>
    <SARD>1032</SARD>
    <SICI>2155</SICI>
    <SUD>2971</SUD>
  </marketintervaldetail>
  <marketintervaldetail>
    <Data>20150116</Data>
    <Mercato>MGP</Mercato>
    <Ora>15</Ora>
    <Totale>41049</Totale>
    <CNOR>4345</CNOR>
    <CSUD>5921</CSUD>
    <NORD>23931</NORD>
    <SARD>1012</SARD>
    <SICI>2380</SICI>
    <SUD>3460</SUD>
  </marketintervaldetail>
  <marketintervaldetail>
    <Data>20150116</Data>
    <Mercato>MGP</Mercato>
    <Ora>16</Ora>
    <Totale>41399</Totale>
    <CNOR>4570</CNOR>
    <CSUD>6081</CSUD>
    <NORD>23894</NORD>
    <SARD>982</SARD>
    <SICI>2263</SICI>
    <SUD>3609</SUD>
  </marketintervaldetail>
  <marketintervaldetail>
    <Data>20150116</Data>
    <Mercato>MGP</Mercato>
    <Ora>17</Ora>
    <Totale>42022</Totale>
    <CNOR>4712</CNOR>
    <CSUD>6261</CSUD>
    <NORD>24091</NORD>
    <SARD>1014</SARD>
    <SICI>2230</SICI>
    <SUD>3714</SUD>
  </marketintervaldetail>
  <marketintervaldetail>
    <Data>20150116</Data>
    <Mercato>MGP</Mercato>
    <Ora>18</Ora>
    <Totale>44225</Totale>
    <CNOR>5080</CNOR>
    <CSUD>7136</CSUD>
    <NORD>24634</NORD>
    <SARD>1160</SARD>
    <SICI>2489</SICI>
    <SUD>3726</SUD>
  </marketintervaldetail>
  <marketintervaldetail>
    <Data>20150116</Data>
    <Mercato>MGP</Mercato>
    <Ora>19</Ora>
    <Totale>44947</Totale>
    <CNOR>5039</CNOR>
    <CSUD>7450</CSUD>
    <NORD>24807</NORD>
    <SARD>1271</SARD>
    <SICI>2651</SICI>
    <SUD>3729</SUD>
  </marketintervaldetail>
  <marketintervaldetail>
    <Data>20150116</Data>
    <Mercato>MGP</Mercato>
    <Ora>20</Ora>
    <Totale>44147</Totale>
    <CNOR>4827</CNOR>
    <CSUD>7477</CSUD>
    <NORD>24023</NORD>
    <SARD>1300</SARD>
    <SICI>2740</SICI>
    <SUD>3780</SUD>
  </marketintervaldetail>
  <marketintervaldetail>
    <Data>20150116</Data>
    <Mercato>MGP</Mercato>
    <Ora>21</Ora>
    <Totale>41339</Totale>
    <CNOR>4246</CNOR>
    <CSUD>7163</CSUD>
    <NORD>22287</NORD>
    <SARD>1270</SARD>
    <SICI>2667</SICI>
    <SUD>3706</SUD>
  </marketintervaldetail>
  <marketintervaldetail>
    <Data>20150116</Data>
    <Mercato>MGP</Mercato>
    <Ora>22</Ora>
    <Totale>37700</Totale>
    <CNOR>3808</CNOR>
    <CSUD>6469</CSUD>
    <NORD>20330</NORD>
    <SARD>1185</SARD>
    <SICI>2475</SICI>
    <SUD>3433</SUD>
  </marketintervaldetail>
  <marketintervaldetail>
    <Data>20150116</Data>
    <Mercato>MGP</Mercato>
    <Ora>23</Ora>
    <Totale>33891</Totale>
    <CNOR>3392</CNOR>
    <CSUD>5839</CSUD>
    <NORD>18049</NORD>
    <SARD>1095</SARD>
    <SICI>2230</SICI>
    <SUD>3286</SUD>
  </marketintervaldetail>
  <marketintervaldetail>
    <Data>20150116</Data>
    <Mercato>MGP</Mercato>
    <Ora>24</Ora>
    <Totale>30568</Totale>
    <CNOR>3029</CNOR>
    <CSUD>5121</CSUD>
    <NORD>16701</NORD>
    <SARD>996</SARD>
    <SICI>1934</SICI>
    <SUD>2787</SUD>
  </marketintervaldetail>
</NewDataSet>