<?xml version="1.0" standalone="yes"?>
<NewDataSet>
  <xs:schema id="NewDataSet" xmlns="" xmlns:xs="http://www.w3.org/2001/XMLSchema" xmlns:msdata="urn:schemas-microsoft-com:xml-msdata">
    <xs:element name="NewDataSet" msdata:IsDataSet="true" msdata:MainDataTable="marketintervaldetail" msdata:UseCurrentLocale="true">
      <xs:complexType>
        <xs:choice minOccurs="0" maxOccurs="unbounded">
          <xs:element name="marketintervaldetail">
            <xs:complexType>
              <xs:sequence>
                <xs:element name="Data" type="xs:string" minOccurs="0" />
                <xs:element name="Mercato" type="xs:string" minOccurs="0" />
                <xs:element name="Ora" type="xs:string" minOccurs="0" />
                <xs:element name="Totale" type="xs:string" minOccurs="0" />
                <xs:element name="CNOR" type="xs:string" minOccurs="0" />
                <xs:element name="CSUD" type="xs:string" minOccurs="0" />
                <xs:element name="NORD" type="xs:string" minOccurs="0" />
                <xs:element name="SARD" type="xs:string" minOccurs="0" />
                <xs:element name="SICI" type="xs:string" minOccurs="0" />
                <xs:element name="SUD" type="xs:string" minOccurs="0" />
              </xs:sequence>
            </xs:complexType>
          </xs:element>
        </xs:choice>
      </xs:complexType>
    </xs:element>
  </xs:schema>
  <marketintervaldetail>
    <Data>20151205</Data>
    <Mercato>MGP</Mercato>
    <Ora>01</Ora>
    <Totale>27879</Totale>
    <CNOR>2881</CNOR>
    <CSUD>4558</CSUD>
    <NORD>15509</NORD>
    <SARD>851</SARD>
    <SICI>1793</SICI>
    <SUD>2287</SUD>
  </marketintervaldetail>
  <marketintervaldetail>
    <Data>20151205</Data>
    <Mercato>MGP</Mercato>
    <Ora>02</Ora>
    <Totale>25874</Totale>
    <CNOR>2736</CNOR>
    <CSUD>4105</CSUD>
    <NORD>14471</NORD>
    <SARD>788</SARD>
    <SICI>1632</SICI>
    <SUD>2142</SUD>
  </marketintervaldetail>
  <marketintervaldetail>
    <Data>20151205</Data>
    <Mercato>MGP</Mercato>
    <Ora>03</Ora>
    <Totale>24846</Totale>
    <CNOR>2638</CNOR>
    <CSUD>3916</CSUD>
    <NORD>13978</NORD>
    <SARD>745</SARD>
    <SICI>1521</SICI>
    <SUD>2048</SUD>
  </marketintervaldetail>
  <marketintervaldetail>
    <Data>20151205</Data>
    <Mercato>MGP</Mercato>
    <Ora>04</Ora>
    <Totale>24352</Totale>
    <CNOR>2592</CNOR>
    <CSUD>3713</CSUD>
    <NORD>13814</NORD>
    <SARD>731</SARD>
    <SICI>1469</SICI>
    <SUD>2033</SUD>
  </marketintervaldetail>
  <marketintervaldetail>
    <Data>20151205</Data>
    <Mercato>MGP</Mercato>
    <Ora>05</Ora>
    <Totale>24365</Totale>
    <CNOR>2588</CNOR>
    <CSUD>3644</CSUD>
    <NORD>13904</NORD>
    <SARD>731</SARD>
    <SICI>1459</SICI>
    <SUD>2039</SUD>
  </marketintervaldetail>
  <marketintervaldetail>
    <Data>20151205</Data>
    <Mercato>MGP</Mercato>
    <Ora>06</Ora>
    <Totale>25013</Totale>
    <CNOR>2610</CNOR>
    <CSUD>3748</CSUD>
    <NORD>14235</NORD>
    <SARD>754</SARD>
    <SICI>1522</SICI>
    <SUD>2144</SUD>
  </marketintervaldetail>
  <marketintervaldetail>
    <Data>20151205</Data>
    <Mercato>MGP</Mercato>
    <Ora>07</Ora>
    <Totale>27185</Totale>
    <CNOR>2813</CNOR>
    <CSUD>4125</CSUD>
    <NORD>15435</NORD>
    <SARD>830</SARD>
    <SICI>1665</SICI>
    <SUD>2317</SUD>
  </marketintervaldetail>
  <marketintervaldetail>
    <Data>20151205</Data>
    <Mercato>MGP</Mercato>
    <Ora>08</Ora>
    <Totale>30863</Totale>
    <CNOR>3153</CNOR>
    <CSUD>4708</CSUD>
    <NORD>17594</NORD>
    <SARD>959</SARD>
    <SICI>1889</SICI>
    <SUD>2560</SUD>
  </marketintervaldetail>
  <marketintervaldetail>
    <Data>20151205</Data>
    <Mercato>MGP</Mercato>
    <Ora>09</Ora>
    <Totale>33542</Totale>
    <CNOR>3247</CNOR>
    <CSUD>5312</CSUD>
    <NORD>18855</NORD>
    <SARD>1046</SARD>
    <SICI>2159</SICI>
    <SUD>2923</SUD>
  </marketintervaldetail>
  <marketintervaldetail>
    <Data>20151205</Data>
    <Mercato>MGP</Mercato>
    <Ora>10</Ora>
    <Totale>35689</Totale>
    <CNOR>3494</CNOR>
    <CSUD>5692</CSUD>
    <NORD>20039</NORD>
    <SARD>1067</SARD>
    <SICI>2296</SICI>
    <SUD>3101</SUD>
  </marketintervaldetail>
  <marketintervaldetail>
    <Data>20151205</Data>
    <Mercato>MGP</Mercato>
    <Ora>11</Ora>
    <Totale>35529</Totale>
    <CNOR>3436</CNOR>
    <CSUD>5727</CSUD>
    <NORD>20371</NORD>
    <SARD>1040</SARD>
    <SICI>2173</SICI>
    <SUD>2782</SUD>
  </marketintervaldetail>
  <marketintervaldetail>
    <Data>20151205</Data>
    <Mercato>MGP</Mercato>
    <Ora>12</Ora>
    <Totale>34476</Totale>
    <CNOR>3319</CNOR>
    <CSUD>5628</CSUD>
    <NORD>19758</NORD>
    <SARD>1069</SARD>
    <SICI>2082</SICI>
    <SUD>2620</SUD>
  </marketintervaldetail>
  <marketintervaldetail>
    <Data>20151205</Data>
    <Mercato>MGP</Mercato>
    <Ora>13</Ora>
    <Totale>32112</Totale>
    <CNOR>3107</CNOR>
    <CSUD>5655</CSUD>
    <NORD>17793</NORD>
    <SARD>992</SARD>
    <SICI>2017</SICI>
    <SUD>2548</SUD>
  </marketintervaldetail>
  <marketintervaldetail>
    <Data>20151205</Data>
    <Mercato>MGP</Mercato>
    <Ora>14</Ora>
    <Totale>30371</Totale>
    <CNOR>3003</CNOR>
    <CSUD>5503</CSUD>
    <NORD>16361</NORD>
    <SARD>995</SARD>
    <SICI>2007</SICI>
    <SUD>2502</SUD>
  </marketintervaldetail>
  <marketintervaldetail>
    <Data>20151205</Data>
    <Mercato>MGP</Mercato>
    <Ora>15</Ora>
    <Totale>30008</Totale>
    <CNOR>2924</CNOR>
    <CSUD>5422</CSUD>
    <NORD>16144</NORD>
    <SARD>984</SARD>
    <SICI>2000</SICI>
    <SUD>2534</SUD>
  </marketintervaldetail>
  <marketintervaldetail>
    <Data>20151205</Data>
    <Mercato>MGP</Mercato>
    <Ora>16</Ora>
    <Totale>30361</Totale>
    <CNOR>3034</CNOR>
    <CSUD>5497</CSUD>
    <NORD>16074</NORD>
    <SARD>1002</SARD>
    <SICI>2108</SICI>
    <SUD>2646</SUD>
  </marketintervaldetail>
  <marketintervaldetail>
    <Data>20151205</Data>
    <Mercato>MGP</Mercato>
    <Ora>17</Ora>
    <Totale>31951</Totale>
    <CNOR>3264</CNOR>
    <CSUD>5631</CSUD>
    <NORD>16961</NORD>
    <SARD>1044</SARD>
    <SICI>2196</SICI>
    <SUD>2855</SUD>
  </marketintervaldetail>
  <marketintervaldetail>
    <Data>20151205</Data>
    <Mercato>MGP</Mercato>
    <Ora>18</Ora>
    <Totale>36077</Totale>
    <CNOR>3716</CNOR>
    <CSUD>6067</CSUD>
    <NORD>19069</NORD>
    <SARD>1144</SARD>
    <SICI>2509</SICI>
    <SUD>3572</SUD>
  </marketintervaldetail>
  <marketintervaldetail>
    <Data>20151205</Data>
    <Mercato>MGP</Mercato>
    <Ora>19</Ora>
    <Totale>37050</Totale>
    <CNOR>3859</CNOR>
    <CSUD>6187</CSUD>
    <NORD>19609</NORD>
    <SARD>1190</SARD>
    <SICI>2586</SICI>
    <SUD>3619</SUD>
  </marketintervaldetail>
  <marketintervaldetail>
    <Data>20151205</Data>
    <Mercato>MGP</Mercato>
    <Ora>20</Ora>
    <Totale>37170</Totale>
    <CNOR>3894</CNOR>
    <CSUD>6531</CSUD>
    <NORD>19512</NORD>
    <SARD>1206</SARD>
    <SICI>2613</SICI>
    <SUD>3414</SUD>
  </marketintervaldetail>
  <marketintervaldetail>
    <Data>20151205</Data>
    <Mercato>MGP</Mercato>
    <Ora>21</Ora>
    <Totale>35343</Totale>
    <CNOR>3593</CNOR>
    <CSUD>6238</CSUD>
    <NORD>18370</NORD>
    <SARD>1174</SARD>
    <SICI>2577</SICI>
    <SUD>3391</SUD>
  </marketintervaldetail>
  <marketintervaldetail>
    <Data>20151205</Data>
    <Mercato>MGP</Mercato>
    <Ora>22</Ora>
    <Totale>32713</Totale>
    <CNOR>3274</CNOR>
    <CSUD>5693</CSUD>
    <NORD>17003</NORD>
    <SARD>1109</SARD>
    <SICI>2410</SICI>
    <SUD>3224</SUD>
  </marketintervaldetail>
  <marketintervaldetail>
    <Data>20151205</Data>
    <Mercato>MGP</Mercato>
    <Ora>23</Ora>
    <Totale>29946</Totale>
    <CNOR>2948</CNOR>
    <CSUD>5230</CSUD>
    <NORD>15622</NORD>
    <SARD>1009</SARD>
    <SICI>2257</SICI>
    <SUD>2880</SUD>
  </marketintervaldetail>
  <marketintervaldetail>
    <Data>20151205</Data>
    <Mercato>MGP</Mercato>
    <Ora>24</Ora>
    <Totale>27343</Totale>
    <CNOR>2745</CNOR>
    <CSUD>4772</CSUD>
    <NORD>14439</NORD>
    <SARD>917</SARD>
    <SICI>2015</SICI>
    <SUD>2455</SUD>
  </marketintervaldetail>
</NewDataSet>