<?xml version="1.0" standalone="yes"?>
<NewDataSet>
  <xs:schema id="NewDataSet" xmlns="" xmlns:xs="http://www.w3.org/2001/XMLSchema" xmlns:msdata="urn:schemas-microsoft-com:xml-msdata">
    <xs:element name="NewDataSet" msdata:IsDataSet="true" msdata:MainDataTable="marketintervaldetail" msdata:UseCurrentLocale="true">
      <xs:complexType>
        <xs:choice minOccurs="0" maxOccurs="unbounded">
          <xs:element name="marketintervaldetail">
            <xs:complexType>
              <xs:sequence>
                <xs:element name="Data" type="xs:string" minOccurs="0" />
                <xs:element name="Mercato" type="xs:string" minOccurs="0" />
                <xs:element name="Ora" type="xs:string" minOccurs="0" />
                <xs:element name="Totale" type="xs:string" minOccurs="0" />
                <xs:element name="CNOR" type="xs:string" minOccurs="0" />
                <xs:element name="CSUD" type="xs:string" minOccurs="0" />
                <xs:element name="NORD" type="xs:string" minOccurs="0" />
                <xs:element name="SARD" type="xs:string" minOccurs="0" />
                <xs:element name="SICI" type="xs:string" minOccurs="0" />
                <xs:element name="SUD" type="xs:string" minOccurs="0" />
              </xs:sequence>
            </xs:complexType>
          </xs:element>
        </xs:choice>
      </xs:complexType>
    </xs:element>
  </xs:schema>
  <marketintervaldetail>
    <Data>20151213</Data>
    <Mercato>MGP</Mercato>
    <Ora>01</Ora>
    <Totale>25635</Totale>
    <CNOR>2718</CNOR>
    <CSUD>4181</CSUD>
    <NORD>13545</NORD>
    <SARD>828</SARD>
    <SICI>1855</SICI>
    <SUD>2508</SUD>
  </marketintervaldetail>
  <marketintervaldetail>
    <Data>20151213</Data>
    <Mercato>MGP</Mercato>
    <Ora>02</Ora>
    <Totale>23626</Totale>
    <CNOR>2511</CNOR>
    <CSUD>3831</CSUD>
    <NORD>12588</NORD>
    <SARD>765</SARD>
    <SICI>1674</SICI>
    <SUD>2257</SUD>
  </marketintervaldetail>
  <marketintervaldetail>
    <Data>20151213</Data>
    <Mercato>MGP</Mercato>
    <Ora>03</Ora>
    <Totale>22299</Totale>
    <CNOR>2358</CNOR>
    <CSUD>3562</CSUD>
    <NORD>12024</NORD>
    <SARD>724</SARD>
    <SICI>1563</SICI>
    <SUD>2068</SUD>
  </marketintervaldetail>
  <marketintervaldetail>
    <Data>20151213</Data>
    <Mercato>MGP</Mercato>
    <Ora>04</Ora>
    <Totale>21780</Totale>
    <CNOR>2293</CNOR>
    <CSUD>3452</CSUD>
    <NORD>11832</NORD>
    <SARD>711</SARD>
    <SICI>1500</SICI>
    <SUD>1992</SUD>
  </marketintervaldetail>
  <marketintervaldetail>
    <Data>20151213</Data>
    <Mercato>MGP</Mercato>
    <Ora>05</Ora>
    <Totale>21570</Totale>
    <CNOR>2272</CNOR>
    <CSUD>3418</CSUD>
    <NORD>11771</NORD>
    <SARD>707</SARD>
    <SICI>1462</SICI>
    <SUD>1940</SUD>
  </marketintervaldetail>
  <marketintervaldetail>
    <Data>20151213</Data>
    <Mercato>MGP</Mercato>
    <Ora>06</Ora>
    <Totale>22054</Totale>
    <CNOR>2324</CNOR>
    <CSUD>3464</CSUD>
    <NORD>12129</NORD>
    <SARD>726</SARD>
    <SICI>1472</SICI>
    <SUD>1939</SUD>
  </marketintervaldetail>
  <marketintervaldetail>
    <Data>20151213</Data>
    <Mercato>MGP</Mercato>
    <Ora>07</Ora>
    <Totale>23481</Totale>
    <CNOR>2469</CNOR>
    <CSUD>3662</CSUD>
    <NORD>12936</NORD>
    <SARD>765</SARD>
    <SICI>1545</SICI>
    <SUD>2104</SUD>
  </marketintervaldetail>
  <marketintervaldetail>
    <Data>20151213</Data>
    <Mercato>MGP</Mercato>
    <Ora>08</Ora>
    <Totale>25032</Totale>
    <CNOR>2576</CNOR>
    <CSUD>3887</CSUD>
    <NORD>13924</NORD>
    <SARD>827</SARD>
    <SICI>1597</SICI>
    <SUD>2221</SUD>
  </marketintervaldetail>
  <marketintervaldetail>
    <Data>20151213</Data>
    <Mercato>MGP</Mercato>
    <Ora>09</Ora>
    <Totale>26811</Totale>
    <CNOR>2762</CNOR>
    <CSUD>4295</CSUD>
    <NORD>14524</NORD>
    <SARD>880</SARD>
    <SICI>1831</SICI>
    <SUD>2519</SUD>
  </marketintervaldetail>
  <marketintervaldetail>
    <Data>20151213</Data>
    <Mercato>MGP</Mercato>
    <Ora>10</Ora>
    <Totale>29076</Totale>
    <CNOR>3071</CNOR>
    <CSUD>4850</CSUD>
    <NORD>15542</NORD>
    <SARD>938</SARD>
    <SICI>2023</SICI>
    <SUD>2652</SUD>
  </marketintervaldetail>
  <marketintervaldetail>
    <Data>20151213</Data>
    <Mercato>MGP</Mercato>
    <Ora>11</Ora>
    <Totale>29916</Totale>
    <CNOR>3169</CNOR>
    <CSUD>5058</CSUD>
    <NORD>15969</NORD>
    <SARD>951</SARD>
    <SICI>2092</SICI>
    <SUD>2677</SUD>
  </marketintervaldetail>
  <marketintervaldetail>
    <Data>20151213</Data>
    <Mercato>MGP</Mercato>
    <Ora>12</Ora>
    <Totale>29922</Totale>
    <CNOR>3182</CNOR>
    <CSUD>5097</CSUD>
    <NORD>15888</NORD>
    <SARD>937</SARD>
    <SICI>2061</SICI>
    <SUD>2757</SUD>
  </marketintervaldetail>
  <marketintervaldetail>
    <Data>20151213</Data>
    <Mercato>MGP</Mercato>
    <Ora>13</Ora>
    <Totale>29518</Totale>
    <CNOR>3217</CNOR>
    <CSUD>5210</CSUD>
    <NORD>15511</NORD>
    <SARD>927</SARD>
    <SICI>2112</SICI>
    <SUD>2541</SUD>
  </marketintervaldetail>
  <marketintervaldetail>
    <Data>20151213</Data>
    <Mercato>MGP</Mercato>
    <Ora>14</Ora>
    <Totale>28062</Totale>
    <CNOR>3039</CNOR>
    <CSUD>5098</CSUD>
    <NORD>14594</NORD>
    <SARD>929</SARD>
    <SICI>2043</SICI>
    <SUD>2359</SUD>
  </marketintervaldetail>
  <marketintervaldetail>
    <Data>20151213</Data>
    <Mercato>MGP</Mercato>
    <Ora>15</Ora>
    <Totale>27969</Totale>
    <CNOR>2994</CNOR>
    <CSUD>5009</CSUD>
    <NORD>14632</NORD>
    <SARD>941</SARD>
    <SICI>1986</SICI>
    <SUD>2407</SUD>
  </marketintervaldetail>
  <marketintervaldetail>
    <Data>20151213</Data>
    <Mercato>MGP</Mercato>
    <Ora>16</Ora>
    <Totale>28482</Totale>
    <CNOR>3076</CNOR>
    <CSUD>5001</CSUD>
    <NORD>15061</NORD>
    <SARD>951</SARD>
    <SICI>1985</SICI>
    <SUD>2408</SUD>
  </marketintervaldetail>
  <marketintervaldetail>
    <Data>20151213</Data>
    <Mercato>MGP</Mercato>
    <Ora>17</Ora>
    <Totale>29876</Totale>
    <CNOR>3136</CNOR>
    <CSUD>5153</CSUD>
    <NORD>15806</NORD>
    <SARD>997</SARD>
    <SICI>2096</SICI>
    <SUD>2688</SUD>
  </marketintervaldetail>
  <marketintervaldetail>
    <Data>20151213</Data>
    <Mercato>MGP</Mercato>
    <Ora>18</Ora>
    <Totale>33950</Totale>
    <CNOR>3574</CNOR>
    <CSUD>5725</CSUD>
    <NORD>17967</NORD>
    <SARD>1035</SARD>
    <SICI>2341</SICI>
    <SUD>3308</SUD>
  </marketintervaldetail>
  <marketintervaldetail>
    <Data>20151213</Data>
    <Mercato>MGP</Mercato>
    <Ora>19</Ora>
    <Totale>35526</Totale>
    <CNOR>3706</CNOR>
    <CSUD>6001</CSUD>
    <NORD>19027</NORD>
    <SARD>1098</SARD>
    <SICI>2355</SICI>
    <SUD>3339</SUD>
  </marketintervaldetail>
  <marketintervaldetail>
    <Data>20151213</Data>
    <Mercato>MGP</Mercato>
    <Ora>20</Ora>
    <Totale>35857</Totale>
    <CNOR>3878</CNOR>
    <CSUD>5988</CSUD>
    <NORD>19159</NORD>
    <SARD>1111</SARD>
    <SICI>2386</SICI>
    <SUD>3335</SUD>
  </marketintervaldetail>
  <marketintervaldetail>
    <Data>20151213</Data>
    <Mercato>MGP</Mercato>
    <Ora>21</Ora>
    <Totale>34925</Totale>
    <CNOR>3796</CNOR>
    <CSUD>5892</CSUD>
    <NORD>18284</NORD>
    <SARD>1130</SARD>
    <SICI>2408</SICI>
    <SUD>3415</SUD>
  </marketintervaldetail>
  <marketintervaldetail>
    <Data>20151213</Data>
    <Mercato>MGP</Mercato>
    <Ora>22</Ora>
    <Totale>33434</Totale>
    <CNOR>3522</CNOR>
    <CSUD>5604</CSUD>
    <NORD>17505</NORD>
    <SARD>1092</SARD>
    <SICI>2321</SICI>
    <SUD>3390</SUD>
  </marketintervaldetail>
  <marketintervaldetail>
    <Data>20151213</Data>
    <Mercato>MGP</Mercato>
    <Ora>23</Ora>
    <Totale>30898</Totale>
    <CNOR>3277</CNOR>
    <CSUD>5200</CSUD>
    <NORD>16085</NORD>
    <SARD>1011</SARD>
    <SICI>2190</SICI>
    <SUD>3135</SUD>
  </marketintervaldetail>
  <marketintervaldetail>
    <Data>20151213</Data>
    <Mercato>MGP</Mercato>
    <Ora>24</Ora>
    <Totale>27833</Totale>
    <CNOR>2879</CNOR>
    <CSUD>4646</CSUD>
    <NORD>14476</NORD>
    <SARD>925</SARD>
    <SICI>1971</SICI>
    <SUD>2936</SUD>
  </marketintervaldetail>
</NewDataSet>