<?xml version="1.0" standalone="yes"?>
<NewDataSet>
  <xs:schema id="NewDataSet" xmlns="" xmlns:xs="http://www.w3.org/2001/XMLSchema" xmlns:msdata="urn:schemas-microsoft-com:xml-msdata">
    <xs:element name="NewDataSet" msdata:IsDataSet="true" msdata:MainDataTable="marketintervaldetail" msdata:UseCurrentLocale="true">
      <xs:complexType>
        <xs:choice minOccurs="0" maxOccurs="unbounded">
          <xs:element name="marketintervaldetail">
            <xs:complexType>
              <xs:sequence>
                <xs:element name="Data" type="xs:string" minOccurs="0" />
                <xs:element name="Mercato" type="xs:string" minOccurs="0" />
                <xs:element name="Ora" type="xs:string" minOccurs="0" />
                <xs:element name="Totale" type="xs:string" minOccurs="0" />
                <xs:element name="CNOR" type="xs:string" minOccurs="0" />
                <xs:element name="CSUD" type="xs:string" minOccurs="0" />
                <xs:element name="NORD" type="xs:string" minOccurs="0" />
                <xs:element name="SARD" type="xs:string" minOccurs="0" />
                <xs:element name="SICI" type="xs:string" minOccurs="0" />
                <xs:element name="SUD" type="xs:string" minOccurs="0" />
              </xs:sequence>
            </xs:complexType>
          </xs:element>
        </xs:choice>
      </xs:complexType>
    </xs:element>
  </xs:schema>
  <marketintervaldetail>
    <Data>20151224</Data>
    <Mercato>MGP</Mercato>
    <Ora>01</Ora>
    <Totale>25142</Totale>
    <CNOR>2690</CNOR>
    <CSUD>3967</CSUD>
    <NORD>13433</NORD>
    <SARD>778</SARD>
    <SICI>1761</SICI>
    <SUD>2513</SUD>
  </marketintervaldetail>
  <marketintervaldetail>
    <Data>20151224</Data>
    <Mercato>MGP</Mercato>
    <Ora>02</Ora>
    <Totale>23077</Totale>
    <CNOR>2548</CNOR>
    <CSUD>3528</CSUD>
    <NORD>12333</NORD>
    <SARD>743</SARD>
    <SICI>1591</SICI>
    <SUD>2334</SUD>
  </marketintervaldetail>
  <marketintervaldetail>
    <Data>20151224</Data>
    <Mercato>MGP</Mercato>
    <Ora>03</Ora>
    <Totale>21841</Totale>
    <CNOR>2423</CNOR>
    <CSUD>3381</CSUD>
    <NORD>11646</NORD>
    <SARD>718</SARD>
    <SICI>1494</SICI>
    <SUD>2179</SUD>
  </marketintervaldetail>
  <marketintervaldetail>
    <Data>20151224</Data>
    <Mercato>MGP</Mercato>
    <Ora>04</Ora>
    <Totale>21156</Totale>
    <CNOR>2368</CNOR>
    <CSUD>3263</CSUD>
    <NORD>11294</NORD>
    <SARD>703</SARD>
    <SICI>1444</SICI>
    <SUD>2084</SUD>
  </marketintervaldetail>
  <marketintervaldetail>
    <Data>20151224</Data>
    <Mercato>MGP</Mercato>
    <Ora>05</Ora>
    <Totale>21057</Totale>
    <CNOR>2304</CNOR>
    <CSUD>3270</CSUD>
    <NORD>11269</NORD>
    <SARD>709</SARD>
    <SICI>1439</SICI>
    <SUD>2066</SUD>
  </marketintervaldetail>
  <marketintervaldetail>
    <Data>20151224</Data>
    <Mercato>MGP</Mercato>
    <Ora>06</Ora>
    <Totale>22095</Totale>
    <CNOR>2365</CNOR>
    <CSUD>3482</CSUD>
    <NORD>11868</NORD>
    <SARD>743</SARD>
    <SICI>1493</SICI>
    <SUD>2144</SUD>
  </marketintervaldetail>
  <marketintervaldetail>
    <Data>20151224</Data>
    <Mercato>MGP</Mercato>
    <Ora>07</Ora>
    <Totale>25208</Totale>
    <CNOR>2605</CNOR>
    <CSUD>4022</CSUD>
    <NORD>13646</NORD>
    <SARD>842</SARD>
    <SICI>1648</SICI>
    <SUD>2445</SUD>
  </marketintervaldetail>
  <marketintervaldetail>
    <Data>20151224</Data>
    <Mercato>MGP</Mercato>
    <Ora>08</Ora>
    <Totale>29548</Totale>
    <CNOR>3013</CNOR>
    <CSUD>4656</CSUD>
    <NORD>16153</NORD>
    <SARD>980</SARD>
    <SICI>1869</SICI>
    <SUD>2877</SUD>
  </marketintervaldetail>
  <marketintervaldetail>
    <Data>20151224</Data>
    <Mercato>MGP</Mercato>
    <Ora>09</Ora>
    <Totale>32573</Totale>
    <CNOR>3325</CNOR>
    <CSUD>5152</CSUD>
    <NORD>17937</NORD>
    <SARD>1025</SARD>
    <SICI>2145</SICI>
    <SUD>2989</SUD>
  </marketintervaldetail>
  <marketintervaldetail>
    <Data>20151224</Data>
    <Mercato>MGP</Mercato>
    <Ora>10</Ora>
    <Totale>34159</Totale>
    <CNOR>3511</CNOR>
    <CSUD>5399</CSUD>
    <NORD>18649</NORD>
    <SARD>1029</SARD>
    <SICI>2303</SICI>
    <SUD>3268</SUD>
  </marketintervaldetail>
  <marketintervaldetail>
    <Data>20151224</Data>
    <Mercato>MGP</Mercato>
    <Ora>11</Ora>
    <Totale>33401</Totale>
    <CNOR>3366</CNOR>
    <CSUD>5533</CSUD>
    <NORD>18221</NORD>
    <SARD>986</SARD>
    <SICI>2239</SICI>
    <SUD>3056</SUD>
  </marketintervaldetail>
  <marketintervaldetail>
    <Data>20151224</Data>
    <Mercato>MGP</Mercato>
    <Ora>12</Ora>
    <Totale>32413</Totale>
    <CNOR>3275</CNOR>
    <CSUD>5407</CSUD>
    <NORD>17758</NORD>
    <SARD>957</SARD>
    <SICI>2139</SICI>
    <SUD>2877</SUD>
  </marketintervaldetail>
  <marketintervaldetail>
    <Data>20151224</Data>
    <Mercato>MGP</Mercato>
    <Ora>13</Ora>
    <Totale>30953</Totale>
    <CNOR>3115</CNOR>
    <CSUD>5250</CSUD>
    <NORD>16824</NORD>
    <SARD>927</SARD>
    <SICI>2057</SICI>
    <SUD>2780</SUD>
  </marketintervaldetail>
  <marketintervaldetail>
    <Data>20151224</Data>
    <Mercato>MGP</Mercato>
    <Ora>14</Ora>
    <Totale>29933</Totale>
    <CNOR>2948</CNOR>
    <CSUD>5173</CSUD>
    <NORD>16127</NORD>
    <SARD>900</SARD>
    <SICI>2060</SICI>
    <SUD>2725</SUD>
  </marketintervaldetail>
  <marketintervaldetail>
    <Data>20151224</Data>
    <Mercato>MGP</Mercato>
    <Ora>15</Ora>
    <Totale>29749</Totale>
    <CNOR>2903</CNOR>
    <CSUD>4987</CSUD>
    <NORD>16172</NORD>
    <SARD>895</SARD>
    <SICI>1974</SICI>
    <SUD>2818</SUD>
  </marketintervaldetail>
  <marketintervaldetail>
    <Data>20151224</Data>
    <Mercato>MGP</Mercato>
    <Ora>16</Ora>
    <Totale>30397</Totale>
    <CNOR>3085</CNOR>
    <CSUD>5176</CSUD>
    <NORD>16375</NORD>
    <SARD>928</SARD>
    <SICI>1995</SICI>
    <SUD>2838</SUD>
  </marketintervaldetail>
  <marketintervaldetail>
    <Data>20151224</Data>
    <Mercato>MGP</Mercato>
    <Ora>17</Ora>
    <Totale>32109</Totale>
    <CNOR>3375</CNOR>
    <CSUD>5393</CSUD>
    <NORD>17119</NORD>
    <SARD>979</SARD>
    <SICI>2233</SICI>
    <SUD>3010</SUD>
  </marketintervaldetail>
  <marketintervaldetail>
    <Data>20151224</Data>
    <Mercato>MGP</Mercato>
    <Ora>18</Ora>
    <Totale>35743</Totale>
    <CNOR>3830</CNOR>
    <CSUD>6139</CSUD>
    <NORD>18892</NORD>
    <SARD>1090</SARD>
    <SICI>2498</SICI>
    <SUD>3294</SUD>
  </marketintervaldetail>
  <marketintervaldetail>
    <Data>20151224</Data>
    <Mercato>MGP</Mercato>
    <Ora>19</Ora>
    <Totale>36272</Totale>
    <CNOR>3868</CNOR>
    <CSUD>6159</CSUD>
    <NORD>18994</NORD>
    <SARD>1171</SARD>
    <SICI>2673</SICI>
    <SUD>3407</SUD>
  </marketintervaldetail>
  <marketintervaldetail>
    <Data>20151224</Data>
    <Mercato>MGP</Mercato>
    <Ora>20</Ora>
    <Totale>35431</Totale>
    <CNOR>3799</CNOR>
    <CSUD>5947</CSUD>
    <NORD>18477</NORD>
    <SARD>1185</SARD>
    <SICI>2631</SICI>
    <SUD>3392</SUD>
  </marketintervaldetail>
  <marketintervaldetail>
    <Data>20151224</Data>
    <Mercato>MGP</Mercato>
    <Ora>21</Ora>
    <Totale>32753</Totale>
    <CNOR>3431</CNOR>
    <CSUD>5521</CSUD>
    <NORD>17092</NORD>
    <SARD>1148</SARD>
    <SICI>2380</SICI>
    <SUD>3181</SUD>
  </marketintervaldetail>
  <marketintervaldetail>
    <Data>20151224</Data>
    <Mercato>MGP</Mercato>
    <Ora>22</Ora>
    <Totale>29619</Totale>
    <CNOR>3106</CNOR>
    <CSUD>5062</CSUD>
    <NORD>15557</NORD>
    <SARD>1030</SARD>
    <SICI>2062</SICI>
    <SUD>2802</SUD>
  </marketintervaldetail>
  <marketintervaldetail>
    <Data>20151224</Data>
    <Mercato>MGP</Mercato>
    <Ora>23</Ora>
    <Totale>27607</Totale>
    <CNOR>2905</CNOR>
    <CSUD>4795</CSUD>
    <NORD>14366</NORD>
    <SARD>968</SARD>
    <SICI>1929</SICI>
    <SUD>2644</SUD>
  </marketintervaldetail>
  <marketintervaldetail>
    <Data>20151224</Data>
    <Mercato>MGP</Mercato>
    <Ora>24</Ora>
    <Totale>25239</Totale>
    <CNOR>2689</CNOR>
    <CSUD>4418</CSUD>
    <NORD>12910</NORD>
    <SARD>916</SARD>
    <SICI>1744</SICI>
    <SUD>2562</SUD>
  </marketintervaldetail>
</NewDataSet>