<?xml version="1.0" standalone="yes"?>
<NewDataSet>
  <xs:schema id="NewDataSet" xmlns="" xmlns:xs="http://www.w3.org/2001/XMLSchema" xmlns:msdata="urn:schemas-microsoft-com:xml-msdata">
    <xs:element name="NewDataSet" msdata:IsDataSet="true" msdata:MainDataTable="marketintervaldetail" msdata:UseCurrentLocale="true">
      <xs:complexType>
        <xs:choice minOccurs="0" maxOccurs="unbounded">
          <xs:element name="marketintervaldetail">
            <xs:complexType>
              <xs:sequence>
                <xs:element name="Data" type="xs:string" minOccurs="0" />
                <xs:element name="Mercato" type="xs:string" minOccurs="0" />
                <xs:element name="Ora" type="xs:string" minOccurs="0" />
                <xs:element name="Totale" type="xs:string" minOccurs="0" />
                <xs:element name="CNOR" type="xs:string" minOccurs="0" />
                <xs:element name="CSUD" type="xs:string" minOccurs="0" />
                <xs:element name="NORD" type="xs:string" minOccurs="0" />
                <xs:element name="SARD" type="xs:string" minOccurs="0" />
                <xs:element name="SICI" type="xs:string" minOccurs="0" />
                <xs:element name="SUD" type="xs:string" minOccurs="0" />
              </xs:sequence>
            </xs:complexType>
          </xs:element>
        </xs:choice>
      </xs:complexType>
    </xs:element>
  </xs:schema>
  <marketintervaldetail>
    <Data>20151218</Data>
    <Mercato>MGP</Mercato>
    <Ora>01</Ora>
    <Totale>29053</Totale>
    <CNOR>3050</CNOR>
    <CSUD>4408</CSUD>
    <NORD>16288</NORD>
    <SARD>818</SARD>
    <SICI>1803</SICI>
    <SUD>2686</SUD>
  </marketintervaldetail>
  <marketintervaldetail>
    <Data>20151218</Data>
    <Mercato>MGP</Mercato>
    <Ora>02</Ora>
    <Totale>26917</Totale>
    <CNOR>2893</CNOR>
    <CSUD>3966</CSUD>
    <NORD>15207</NORD>
    <SARD>753</SARD>
    <SICI>1605</SICI>
    <SUD>2493</SUD>
  </marketintervaldetail>
  <marketintervaldetail>
    <Data>20151218</Data>
    <Mercato>MGP</Mercato>
    <Ora>03</Ora>
    <Totale>25719</Totale>
    <CNOR>2726</CNOR>
    <CSUD>3719</CSUD>
    <NORD>14759</NORD>
    <SARD>727</SARD>
    <SICI>1511</SICI>
    <SUD>2277</SUD>
  </marketintervaldetail>
  <marketintervaldetail>
    <Data>20151218</Data>
    <Mercato>MGP</Mercato>
    <Ora>04</Ora>
    <Totale>25454</Totale>
    <CNOR>2677</CNOR>
    <CSUD>3677</CSUD>
    <NORD>14720</NORD>
    <SARD>718</SARD>
    <SICI>1479</SICI>
    <SUD>2183</SUD>
  </marketintervaldetail>
  <marketintervaldetail>
    <Data>20151218</Data>
    <Mercato>MGP</Mercato>
    <Ora>05</Ora>
    <Totale>25521</Totale>
    <CNOR>2655</CNOR>
    <CSUD>3734</CSUD>
    <NORD>14794</NORD>
    <SARD>721</SARD>
    <SICI>1485</SICI>
    <SUD>2132</SUD>
  </marketintervaldetail>
  <marketintervaldetail>
    <Data>20151218</Data>
    <Mercato>MGP</Mercato>
    <Ora>06</Ora>
    <Totale>26951</Totale>
    <CNOR>2822</CNOR>
    <CSUD>3908</CSUD>
    <NORD>15729</NORD>
    <SARD>761</SARD>
    <SICI>1545</SICI>
    <SUD>2186</SUD>
  </marketintervaldetail>
  <marketintervaldetail>
    <Data>20151218</Data>
    <Mercato>MGP</Mercato>
    <Ora>07</Ora>
    <Totale>32178</Totale>
    <CNOR>3376</CNOR>
    <CSUD>4582</CSUD>
    <NORD>19035</NORD>
    <SARD>859</SARD>
    <SICI>1738</SICI>
    <SUD>2588</SUD>
  </marketintervaldetail>
  <marketintervaldetail>
    <Data>20151218</Data>
    <Mercato>MGP</Mercato>
    <Ora>08</Ora>
    <Totale>39070</Totale>
    <CNOR>3954</CNOR>
    <CSUD>5582</CSUD>
    <NORD>23304</NORD>
    <SARD>1042</SARD>
    <SICI>2069</SICI>
    <SUD>3119</SUD>
  </marketintervaldetail>
  <marketintervaldetail>
    <Data>20151218</Data>
    <Mercato>MGP</Mercato>
    <Ora>09</Ora>
    <Totale>43445</Totale>
    <CNOR>4570</CNOR>
    <CSUD>6188</CSUD>
    <NORD>25749</NORD>
    <SARD>1114</SARD>
    <SICI>2338</SICI>
    <SUD>3486</SUD>
  </marketintervaldetail>
  <marketintervaldetail>
    <Data>20151218</Data>
    <Mercato>MGP</Mercato>
    <Ora>10</Ora>
    <Totale>44285</Totale>
    <CNOR>4835</CNOR>
    <CSUD>6539</CSUD>
    <NORD>25965</NORD>
    <SARD>1100</SARD>
    <SICI>2391</SICI>
    <SUD>3455</SUD>
  </marketintervaldetail>
  <marketintervaldetail>
    <Data>20151218</Data>
    <Mercato>MGP</Mercato>
    <Ora>11</Ora>
    <Totale>43237</Totale>
    <CNOR>4754</CNOR>
    <CSUD>6591</CSUD>
    <NORD>25229</NORD>
    <SARD>1071</SARD>
    <SICI>2282</SICI>
    <SUD>3310</SUD>
  </marketintervaldetail>
  <marketintervaldetail>
    <Data>20151218</Data>
    <Mercato>MGP</Mercato>
    <Ora>12</Ora>
    <Totale>41974</Totale>
    <CNOR>4651</CNOR>
    <CSUD>6454</CSUD>
    <NORD>24341</NORD>
    <SARD>1028</SARD>
    <SICI>2184</SICI>
    <SUD>3316</SUD>
  </marketintervaldetail>
  <marketintervaldetail>
    <Data>20151218</Data>
    <Mercato>MGP</Mercato>
    <Ora>13</Ora>
    <Totale>39138</Totale>
    <CNOR>4448</CNOR>
    <CSUD>6438</CSUD>
    <NORD>22151</NORD>
    <SARD>986</SARD>
    <SICI>2238</SICI>
    <SUD>2877</SUD>
  </marketintervaldetail>
  <marketintervaldetail>
    <Data>20151218</Data>
    <Mercato>MGP</Mercato>
    <Ora>14</Ora>
    <Totale>38366</Totale>
    <CNOR>4209</CNOR>
    <CSUD>6307</CSUD>
    <NORD>21893</NORD>
    <SARD>947</SARD>
    <SICI>2227</SICI>
    <SUD>2783</SUD>
  </marketintervaldetail>
  <marketintervaldetail>
    <Data>20151218</Data>
    <Mercato>MGP</Mercato>
    <Ora>15</Ora>
    <Totale>40333</Totale>
    <CNOR>4312</CNOR>
    <CSUD>6388</CSUD>
    <NORD>23202</NORD>
    <SARD>954</SARD>
    <SICI>2313</SICI>
    <SUD>3164</SUD>
  </marketintervaldetail>
  <marketintervaldetail>
    <Data>20151218</Data>
    <Mercato>MGP</Mercato>
    <Ora>16</Ora>
    <Totale>41987</Totale>
    <CNOR>4646</CNOR>
    <CSUD>6458</CSUD>
    <NORD>24295</NORD>
    <SARD>995</SARD>
    <SICI>2284</SICI>
    <SUD>3309</SUD>
  </marketintervaldetail>
  <marketintervaldetail>
    <Data>20151218</Data>
    <Mercato>MGP</Mercato>
    <Ora>17</Ora>
    <Totale>43942</Totale>
    <CNOR>4850</CNOR>
    <CSUD>6685</CSUD>
    <NORD>25404</NORD>
    <SARD>1054</SARD>
    <SICI>2387</SICI>
    <SUD>3562</SUD>
  </marketintervaldetail>
  <marketintervaldetail>
    <Data>20151218</Data>
    <Mercato>MGP</Mercato>
    <Ora>18</Ora>
    <Totale>47343</Totale>
    <CNOR>5276</CNOR>
    <CSUD>7440</CSUD>
    <NORD>26524</NORD>
    <SARD>1184</SARD>
    <SICI>2737</SICI>
    <SUD>4182</SUD>
  </marketintervaldetail>
  <marketintervaldetail>
    <Data>20151218</Data>
    <Mercato>MGP</Mercato>
    <Ora>19</Ora>
    <Totale>46398</Totale>
    <CNOR>5128</CNOR>
    <CSUD>7525</CSUD>
    <NORD>25477</NORD>
    <SARD>1244</SARD>
    <SICI>2793</SICI>
    <SUD>4231</SUD>
  </marketintervaldetail>
  <marketintervaldetail>
    <Data>20151218</Data>
    <Mercato>MGP</Mercato>
    <Ora>20</Ora>
    <Totale>45272</Totale>
    <CNOR>4896</CNOR>
    <CSUD>7541</CSUD>
    <NORD>24446</NORD>
    <SARD>1264</SARD>
    <SICI>2830</SICI>
    <SUD>4295</SUD>
  </marketintervaldetail>
  <marketintervaldetail>
    <Data>20151218</Data>
    <Mercato>MGP</Mercato>
    <Ora>21</Ora>
    <Totale>42272</Totale>
    <CNOR>4426</CNOR>
    <CSUD>7081</CSUD>
    <NORD>22475</NORD>
    <SARD>1243</SARD>
    <SICI>2786</SICI>
    <SUD>4261</SUD>
  </marketintervaldetail>
  <marketintervaldetail>
    <Data>20151218</Data>
    <Mercato>MGP</Mercato>
    <Ora>22</Ora>
    <Totale>39267</Totale>
    <CNOR>4145</CNOR>
    <CSUD>6543</CSUD>
    <NORD>20857</NORD>
    <SARD>1165</SARD>
    <SICI>2638</SICI>
    <SUD>3919</SUD>
  </marketintervaldetail>
  <marketintervaldetail>
    <Data>20151218</Data>
    <Mercato>MGP</Mercato>
    <Ora>23</Ora>
    <Totale>35414</Totale>
    <CNOR>3741</CNOR>
    <CSUD>5802</CSUD>
    <NORD>18765</NORD>
    <SARD>1058</SARD>
    <SICI>2424</SICI>
    <SUD>3624</SUD>
  </marketintervaldetail>
  <marketintervaldetail>
    <Data>20151218</Data>
    <Mercato>MGP</Mercato>
    <Ora>24</Ora>
    <Totale>31782</Totale>
    <CNOR>3457</CNOR>
    <CSUD>4956</CSUD>
    <NORD>16906</NORD>
    <SARD>930</SARD>
    <SICI>2097</SICI>
    <SUD>3436</SUD>
  </marketintervaldetail>
</NewDataSet>