<?xml version="1.0" standalone="yes"?>
<NewDataSet>
  <xs:schema id="NewDataSet" xmlns="" xmlns:xs="http://www.w3.org/2001/XMLSchema" xmlns:msdata="urn:schemas-microsoft-com:xml-msdata">
    <xs:element name="NewDataSet" msdata:IsDataSet="true" msdata:MainDataTable="marketintervaldetail" msdata:UseCurrentLocale="true">
      <xs:complexType>
        <xs:choice minOccurs="0" maxOccurs="unbounded">
          <xs:element name="marketintervaldetail">
            <xs:complexType>
              <xs:sequence>
                <xs:element name="Data" type="xs:string" minOccurs="0" />
                <xs:element name="Mercato" type="xs:string" minOccurs="0" />
                <xs:element name="Ora" type="xs:string" minOccurs="0" />
                <xs:element name="Totale" type="xs:string" minOccurs="0" />
                <xs:element name="CNOR" type="xs:string" minOccurs="0" />
                <xs:element name="CSUD" type="xs:string" minOccurs="0" />
                <xs:element name="NORD" type="xs:string" minOccurs="0" />
                <xs:element name="SARD" type="xs:string" minOccurs="0" />
                <xs:element name="SICI" type="xs:string" minOccurs="0" />
                <xs:element name="SUD" type="xs:string" minOccurs="0" />
              </xs:sequence>
            </xs:complexType>
          </xs:element>
        </xs:choice>
      </xs:complexType>
    </xs:element>
  </xs:schema>
  <marketintervaldetail>
    <Data>20151211</Data>
    <Mercato>MGP</Mercato>
    <Ora>01</Ora>
    <Totale>28801</Totale>
    <CNOR>3079</CNOR>
    <CSUD>4456</CSUD>
    <NORD>16249</NORD>
    <SARD>841</SARD>
    <SICI>1648</SICI>
    <SUD>2528</SUD>
  </marketintervaldetail>
  <marketintervaldetail>
    <Data>20151211</Data>
    <Mercato>MGP</Mercato>
    <Ora>02</Ora>
    <Totale>26642</Totale>
    <CNOR>2929</CNOR>
    <CSUD>4066</CSUD>
    <NORD>15057</NORD>
    <SARD>776</SARD>
    <SICI>1548</SICI>
    <SUD>2266</SUD>
  </marketintervaldetail>
  <marketintervaldetail>
    <Data>20151211</Data>
    <Mercato>MGP</Mercato>
    <Ora>03</Ora>
    <Totale>25603</Totale>
    <CNOR>2790</CNOR>
    <CSUD>3731</CSUD>
    <NORD>14731</NORD>
    <SARD>722</SARD>
    <SICI>1457</SICI>
    <SUD>2172</SUD>
  </marketintervaldetail>
  <marketintervaldetail>
    <Data>20151211</Data>
    <Mercato>MGP</Mercato>
    <Ora>04</Ora>
    <Totale>25299</Totale>
    <CNOR>2778</CNOR>
    <CSUD>3629</CSUD>
    <NORD>14657</NORD>
    <SARD>726</SARD>
    <SICI>1365</SICI>
    <SUD>2144</SUD>
  </marketintervaldetail>
  <marketintervaldetail>
    <Data>20151211</Data>
    <Mercato>MGP</Mercato>
    <Ora>05</Ora>
    <Totale>25400</Totale>
    <CNOR>2749</CNOR>
    <CSUD>3664</CSUD>
    <NORD>14710</NORD>
    <SARD>730</SARD>
    <SICI>1405</SICI>
    <SUD>2142</SUD>
  </marketintervaldetail>
  <marketintervaldetail>
    <Data>20151211</Data>
    <Mercato>MGP</Mercato>
    <Ora>06</Ora>
    <Totale>27250</Totale>
    <CNOR>2852</CNOR>
    <CSUD>3985</CSUD>
    <NORD>15977</NORD>
    <SARD>755</SARD>
    <SICI>1487</SICI>
    <SUD>2194</SUD>
  </marketintervaldetail>
  <marketintervaldetail>
    <Data>20151211</Data>
    <Mercato>MGP</Mercato>
    <Ora>07</Ora>
    <Totale>32277</Totale>
    <CNOR>3388</CNOR>
    <CSUD>4698</CSUD>
    <NORD>19042</NORD>
    <SARD>866</SARD>
    <SICI>1761</SICI>
    <SUD>2522</SUD>
  </marketintervaldetail>
  <marketintervaldetail>
    <Data>20151211</Data>
    <Mercato>MGP</Mercato>
    <Ora>08</Ora>
    <Totale>39313</Totale>
    <CNOR>4075</CNOR>
    <CSUD>5614</CSUD>
    <NORD>23542</NORD>
    <SARD>1024</SARD>
    <SICI>2086</SICI>
    <SUD>2972</SUD>
  </marketintervaldetail>
  <marketintervaldetail>
    <Data>20151211</Data>
    <Mercato>MGP</Mercato>
    <Ora>09</Ora>
    <Totale>43512</Totale>
    <CNOR>4614</CNOR>
    <CSUD>6060</CSUD>
    <NORD>26118</NORD>
    <SARD>1089</SARD>
    <SICI>2252</SICI>
    <SUD>3379</SUD>
  </marketintervaldetail>
  <marketintervaldetail>
    <Data>20151211</Data>
    <Mercato>MGP</Mercato>
    <Ora>10</Ora>
    <Totale>44493</Totale>
    <CNOR>4752</CNOR>
    <CSUD>6441</CSUD>
    <NORD>26508</NORD>
    <SARD>1059</SARD>
    <SICI>2221</SICI>
    <SUD>3512</SUD>
  </marketintervaldetail>
  <marketintervaldetail>
    <Data>20151211</Data>
    <Mercato>MGP</Mercato>
    <Ora>11</Ora>
    <Totale>43564</Totale>
    <CNOR>4678</CNOR>
    <CSUD>6553</CSUD>
    <NORD>25952</NORD>
    <SARD>1025</SARD>
    <SICI>2098</SICI>
    <SUD>3258</SUD>
  </marketintervaldetail>
  <marketintervaldetail>
    <Data>20151211</Data>
    <Mercato>MGP</Mercato>
    <Ora>12</Ora>
    <Totale>42685</Totale>
    <CNOR>4491</CNOR>
    <CSUD>6534</CSUD>
    <NORD>25518</NORD>
    <SARD>1003</SARD>
    <SICI>1996</SICI>
    <SUD>3143</SUD>
  </marketintervaldetail>
  <marketintervaldetail>
    <Data>20151211</Data>
    <Mercato>MGP</Mercato>
    <Ora>13</Ora>
    <Totale>40188</Totale>
    <CNOR>4207</CNOR>
    <CSUD>6074</CSUD>
    <NORD>23698</NORD>
    <SARD>973</SARD>
    <SICI>1966</SICI>
    <SUD>3270</SUD>
  </marketintervaldetail>
  <marketintervaldetail>
    <Data>20151211</Data>
    <Mercato>MGP</Mercato>
    <Ora>14</Ora>
    <Totale>39987</Totale>
    <CNOR>4103</CNOR>
    <CSUD>5942</CSUD>
    <NORD>23791</NORD>
    <SARD>960</SARD>
    <SICI>1948</SICI>
    <SUD>3243</SUD>
  </marketintervaldetail>
  <marketintervaldetail>
    <Data>20151211</Data>
    <Mercato>MGP</Mercato>
    <Ora>15</Ora>
    <Totale>41093</Totale>
    <CNOR>4315</CNOR>
    <CSUD>5929</CSUD>
    <NORD>24391</NORD>
    <SARD>953</SARD>
    <SICI>2004</SICI>
    <SUD>3501</SUD>
  </marketintervaldetail>
  <marketintervaldetail>
    <Data>20151211</Data>
    <Mercato>MGP</Mercato>
    <Ora>16</Ora>
    <Totale>42080</Totale>
    <CNOR>4502</CNOR>
    <CSUD>5965</CSUD>
    <NORD>24956</NORD>
    <SARD>953</SARD>
    <SICI>2110</SICI>
    <SUD>3594</SUD>
  </marketintervaldetail>
  <marketintervaldetail>
    <Data>20151211</Data>
    <Mercato>MGP</Mercato>
    <Ora>17</Ora>
    <Totale>44143</Totale>
    <CNOR>4823</CNOR>
    <CSUD>6579</CSUD>
    <NORD>25756</NORD>
    <SARD>999</SARD>
    <SICI>2288</SICI>
    <SUD>3698</SUD>
  </marketintervaldetail>
  <marketintervaldetail>
    <Data>20151211</Data>
    <Mercato>MGP</Mercato>
    <Ora>18</Ora>
    <Totale>48299</Totale>
    <CNOR>5474</CNOR>
    <CSUD>7171</CSUD>
    <NORD>28003</NORD>
    <SARD>1097</SARD>
    <SICI>2575</SICI>
    <SUD>3979</SUD>
  </marketintervaldetail>
  <marketintervaldetail>
    <Data>20151211</Data>
    <Mercato>MGP</Mercato>
    <Ora>19</Ora>
    <Totale>48114</Totale>
    <CNOR>5498</CNOR>
    <CSUD>7289</CSUD>
    <NORD>27408</NORD>
    <SARD>1185</SARD>
    <SICI>2713</SICI>
    <SUD>4021</SUD>
  </marketintervaldetail>
  <marketintervaldetail>
    <Data>20151211</Data>
    <Mercato>MGP</Mercato>
    <Ora>20</Ora>
    <Totale>46612</Totale>
    <CNOR>5290</CNOR>
    <CSUD>7326</CSUD>
    <NORD>25994</NORD>
    <SARD>1209</SARD>
    <SICI>2773</SICI>
    <SUD>4020</SUD>
  </marketintervaldetail>
  <marketintervaldetail>
    <Data>20151211</Data>
    <Mercato>MGP</Mercato>
    <Ora>21</Ora>
    <Totale>43876</Totale>
    <CNOR>4854</CNOR>
    <CSUD>7090</CSUD>
    <NORD>24029</NORD>
    <SARD>1193</SARD>
    <SICI>2785</SICI>
    <SUD>3925</SUD>
  </marketintervaldetail>
  <marketintervaldetail>
    <Data>20151211</Data>
    <Mercato>MGP</Mercato>
    <Ora>22</Ora>
    <Totale>40306</Totale>
    <CNOR>4457</CNOR>
    <CSUD>6534</CSUD>
    <NORD>21902</NORD>
    <SARD>1115</SARD>
    <SICI>2589</SICI>
    <SUD>3709</SUD>
  </marketintervaldetail>
  <marketintervaldetail>
    <Data>20151211</Data>
    <Mercato>MGP</Mercato>
    <Ora>23</Ora>
    <Totale>36409</Totale>
    <CNOR>4022</CNOR>
    <CSUD>5835</CSUD>
    <NORD>19806</NORD>
    <SARD>1021</SARD>
    <SICI>2347</SICI>
    <SUD>3378</SUD>
  </marketintervaldetail>
  <marketintervaldetail>
    <Data>20151211</Data>
    <Mercato>MGP</Mercato>
    <Ora>24</Ora>
    <Totale>32567</Totale>
    <CNOR>3570</CNOR>
    <CSUD>5120</CSUD>
    <NORD>17929</NORD>
    <SARD>965</SARD>
    <SICI>2082</SICI>
    <SUD>2901</SUD>
  </marketintervaldetail>
</NewDataSet>