<?xml version="1.0" standalone="yes"?>
<NewDataSet>
  <xs:schema id="NewDataSet" xmlns="" xmlns:xs="http://www.w3.org/2001/XMLSchema" xmlns:msdata="urn:schemas-microsoft-com:xml-msdata">
    <xs:element name="NewDataSet" msdata:IsDataSet="true" msdata:MainDataTable="marketintervaldetail" msdata:UseCurrentLocale="true">
      <xs:complexType>
        <xs:choice minOccurs="0" maxOccurs="unbounded">
          <xs:element name="marketintervaldetail">
            <xs:complexType>
              <xs:sequence>
                <xs:element name="Data" type="xs:string" minOccurs="0" />
                <xs:element name="Mercato" type="xs:string" minOccurs="0" />
                <xs:element name="Ora" type="xs:string" minOccurs="0" />
                <xs:element name="Totale" type="xs:string" minOccurs="0" />
                <xs:element name="CNOR" type="xs:string" minOccurs="0" />
                <xs:element name="CSUD" type="xs:string" minOccurs="0" />
                <xs:element name="NORD" type="xs:string" minOccurs="0" />
                <xs:element name="SARD" type="xs:string" minOccurs="0" />
                <xs:element name="SICI" type="xs:string" minOccurs="0" />
                <xs:element name="SUD" type="xs:string" minOccurs="0" />
              </xs:sequence>
            </xs:complexType>
          </xs:element>
        </xs:choice>
      </xs:complexType>
    </xs:element>
  </xs:schema>
  <marketintervaldetail>
    <Data>20151216</Data>
    <Mercato>MGP</Mercato>
    <Ora>01</Ora>
    <Totale>27680</Totale>
    <CNOR>2990</CNOR>
    <CSUD>4158</CSUD>
    <NORD>15476</NORD>
    <SARD>821</SARD>
    <SICI>1737</SICI>
    <SUD>2498</SUD>
  </marketintervaldetail>
  <marketintervaldetail>
    <Data>20151216</Data>
    <Mercato>MGP</Mercato>
    <Ora>02</Ora>
    <Totale>25825</Totale>
    <CNOR>2815</CNOR>
    <CSUD>3704</CSUD>
    <NORD>14530</NORD>
    <SARD>775</SARD>
    <SICI>1568</SICI>
    <SUD>2433</SUD>
  </marketintervaldetail>
  <marketintervaldetail>
    <Data>20151216</Data>
    <Mercato>MGP</Mercato>
    <Ora>03</Ora>
    <Totale>24749</Totale>
    <CNOR>2685</CNOR>
    <CSUD>3569</CSUD>
    <NORD>14163</NORD>
    <SARD>733</SARD>
    <SICI>1488</SICI>
    <SUD>2111</SUD>
  </marketintervaldetail>
  <marketintervaldetail>
    <Data>20151216</Data>
    <Mercato>MGP</Mercato>
    <Ora>04</Ora>
    <Totale>24453</Totale>
    <CNOR>2620</CNOR>
    <CSUD>3542</CSUD>
    <NORD>14032</NORD>
    <SARD>720</SARD>
    <SICI>1433</SICI>
    <SUD>2106</SUD>
  </marketintervaldetail>
  <marketintervaldetail>
    <Data>20151216</Data>
    <Mercato>MGP</Mercato>
    <Ora>05</Ora>
    <Totale>24688</Totale>
    <CNOR>2635</CNOR>
    <CSUD>3439</CSUD>
    <NORD>14188</NORD>
    <SARD>732</SARD>
    <SICI>1409</SICI>
    <SUD>2285</SUD>
  </marketintervaldetail>
  <marketintervaldetail>
    <Data>20151216</Data>
    <Mercato>MGP</Mercato>
    <Ora>06</Ora>
    <Totale>26253</Totale>
    <CNOR>2774</CNOR>
    <CSUD>3592</CSUD>
    <NORD>15190</NORD>
    <SARD>770</SARD>
    <SICI>1502</SICI>
    <SUD>2425</SUD>
  </marketintervaldetail>
  <marketintervaldetail>
    <Data>20151216</Data>
    <Mercato>MGP</Mercato>
    <Ora>07</Ora>
    <Totale>31807</Totale>
    <CNOR>3339</CNOR>
    <CSUD>4401</CSUD>
    <NORD>18749</NORD>
    <SARD>882</SARD>
    <SICI>1730</SICI>
    <SUD>2706</SUD>
  </marketintervaldetail>
  <marketintervaldetail>
    <Data>20151216</Data>
    <Mercato>MGP</Mercato>
    <Ora>08</Ora>
    <Totale>39081</Totale>
    <CNOR>4179</CNOR>
    <CSUD>5305</CSUD>
    <NORD>23248</NORD>
    <SARD>1055</SARD>
    <SICI>2078</SICI>
    <SUD>3216</SUD>
  </marketintervaldetail>
  <marketintervaldetail>
    <Data>20151216</Data>
    <Mercato>MGP</Mercato>
    <Ora>09</Ora>
    <Totale>43602</Totale>
    <CNOR>4752</CNOR>
    <CSUD>5894</CSUD>
    <NORD>26055</NORD>
    <SARD>1138</SARD>
    <SICI>2320</SICI>
    <SUD>3443</SUD>
  </marketintervaldetail>
  <marketintervaldetail>
    <Data>20151216</Data>
    <Mercato>MGP</Mercato>
    <Ora>10</Ora>
    <Totale>45159</Totale>
    <CNOR>5036</CNOR>
    <CSUD>6142</CSUD>
    <NORD>26960</NORD>
    <SARD>1147</SARD>
    <SICI>2365</SICI>
    <SUD>3509</SUD>
  </marketintervaldetail>
  <marketintervaldetail>
    <Data>20151216</Data>
    <Mercato>MGP</Mercato>
    <Ora>11</Ora>
    <Totale>44927</Totale>
    <CNOR>5005</CNOR>
    <CSUD>6286</CSUD>
    <NORD>26984</NORD>
    <SARD>1089</SARD>
    <SICI>2226</SICI>
    <SUD>3337</SUD>
  </marketintervaldetail>
  <marketintervaldetail>
    <Data>20151216</Data>
    <Mercato>MGP</Mercato>
    <Ora>12</Ora>
    <Totale>44976</Totale>
    <CNOR>4993</CNOR>
    <CSUD>6401</CSUD>
    <NORD>26824</NORD>
    <SARD>1054</SARD>
    <SICI>2297</SICI>
    <SUD>3407</SUD>
  </marketintervaldetail>
  <marketintervaldetail>
    <Data>20151216</Data>
    <Mercato>MGP</Mercato>
    <Ora>13</Ora>
    <Totale>41774</Totale>
    <CNOR>4566</CNOR>
    <CSUD>6206</CSUD>
    <NORD>24490</NORD>
    <SARD>1026</SARD>
    <SICI>2219</SICI>
    <SUD>3267</SUD>
  </marketintervaldetail>
  <marketintervaldetail>
    <Data>20151216</Data>
    <Mercato>MGP</Mercato>
    <Ora>14</Ora>
    <Totale>40504</Totale>
    <CNOR>4333</CNOR>
    <CSUD>5966</CSUD>
    <NORD>23920</NORD>
    <SARD>989</SARD>
    <SICI>2152</SICI>
    <SUD>3144</SUD>
  </marketintervaldetail>
  <marketintervaldetail>
    <Data>20151216</Data>
    <Mercato>MGP</Mercato>
    <Ora>15</Ora>
    <Totale>42209</Totale>
    <CNOR>4423</CNOR>
    <CSUD>6282</CSUD>
    <NORD>24950</NORD>
    <SARD>993</SARD>
    <SICI>2312</SICI>
    <SUD>3249</SUD>
  </marketintervaldetail>
  <marketintervaldetail>
    <Data>20151216</Data>
    <Mercato>MGP</Mercato>
    <Ora>16</Ora>
    <Totale>43588</Totale>
    <CNOR>4725</CNOR>
    <CSUD>6385</CSUD>
    <NORD>25762</NORD>
    <SARD>1024</SARD>
    <SICI>2295</SICI>
    <SUD>3397</SUD>
  </marketintervaldetail>
  <marketintervaldetail>
    <Data>20151216</Data>
    <Mercato>MGP</Mercato>
    <Ora>17</Ora>
    <Totale>45242</Totale>
    <CNOR>4871</CNOR>
    <CSUD>6646</CSUD>
    <NORD>26572</NORD>
    <SARD>1104</SARD>
    <SICI>2377</SICI>
    <SUD>3672</SUD>
  </marketintervaldetail>
  <marketintervaldetail>
    <Data>20151216</Data>
    <Mercato>MGP</Mercato>
    <Ora>18</Ora>
    <Totale>48044</Totale>
    <CNOR>5313</CNOR>
    <CSUD>7334</CSUD>
    <NORD>27434</NORD>
    <SARD>1186</SARD>
    <SICI>2659</SICI>
    <SUD>4118</SUD>
  </marketintervaldetail>
  <marketintervaldetail>
    <Data>20151216</Data>
    <Mercato>MGP</Mercato>
    <Ora>19</Ora>
    <Totale>47338</Totale>
    <CNOR>5234</CNOR>
    <CSUD>7508</CSUD>
    <NORD>26480</NORD>
    <SARD>1238</SARD>
    <SICI>2721</SICI>
    <SUD>4157</SUD>
  </marketintervaldetail>
  <marketintervaldetail>
    <Data>20151216</Data>
    <Mercato>MGP</Mercato>
    <Ora>20</Ora>
    <Totale>46125</Totale>
    <CNOR>5052</CNOR>
    <CSUD>7514</CSUD>
    <NORD>25319</NORD>
    <SARD>1245</SARD>
    <SICI>2756</SICI>
    <SUD>4239</SUD>
  </marketintervaldetail>
  <marketintervaldetail>
    <Data>20151216</Data>
    <Mercato>MGP</Mercato>
    <Ora>21</Ora>
    <Totale>43574</Totale>
    <CNOR>4629</CNOR>
    <CSUD>7153</CSUD>
    <NORD>23585</NORD>
    <SARD>1244</SARD>
    <SICI>2737</SICI>
    <SUD>4226</SUD>
  </marketintervaldetail>
  <marketintervaldetail>
    <Data>20151216</Data>
    <Mercato>MGP</Mercato>
    <Ora>22</Ora>
    <Totale>40564</Totale>
    <CNOR>4255</CNOR>
    <CSUD>6644</CSUD>
    <NORD>21944</NORD>
    <SARD>1161</SARD>
    <SICI>2596</SICI>
    <SUD>3964</SUD>
  </marketintervaldetail>
  <marketintervaldetail>
    <Data>20151216</Data>
    <Mercato>MGP</Mercato>
    <Ora>23</Ora>
    <Totale>36542</Totale>
    <CNOR>3822</CNOR>
    <CSUD>5963</CSUD>
    <NORD>19758</NORD>
    <SARD>1061</SARD>
    <SICI>2384</SICI>
    <SUD>3554</SUD>
  </marketintervaldetail>
  <marketintervaldetail>
    <Data>20151216</Data>
    <Mercato>MGP</Mercato>
    <Ora>24</Ora>
    <Totale>32422</Totale>
    <CNOR>3406</CNOR>
    <CSUD>5120</CSUD>
    <NORD>17714</NORD>
    <SARD>956</SARD>
    <SICI>2062</SICI>
    <SUD>3164</SUD>
  </marketintervaldetail>
</NewDataSet>