<?xml version="1.0" standalone="yes"?>
<NewDataSet>
  <xs:schema id="NewDataSet" xmlns="" xmlns:xs="http://www.w3.org/2001/XMLSchema" xmlns:msdata="urn:schemas-microsoft-com:xml-msdata">
    <xs:element name="NewDataSet" msdata:IsDataSet="true" msdata:MainDataTable="Fabbisogno" msdata:UseCurrentLocale="true">
      <xs:complexType>
        <xs:choice minOccurs="0" maxOccurs="unbounded">
          <xs:element name="Fabbisogno">
            <xs:complexType>
              <xs:sequence>
                <xs:element name="Data" type="xs:string" minOccurs="0" />
                <xs:element name="Mercato" type="xs:string" minOccurs="0" />
                <xs:element name="Ora" type="xs:string" minOccurs="0" />
                <xs:element name="Totale" type="xs:string" minOccurs="0" />
                <xs:element name="CNOR" type="xs:string" minOccurs="0" />
                <xs:element name="CSUD" type="xs:string" minOccurs="0" />
                <xs:element name="NORD" type="xs:string" minOccurs="0" />
                <xs:element name="SARD" type="xs:string" minOccurs="0" />
                <xs:element name="SICI" type="xs:string" minOccurs="0" />
                <xs:element name="SUD" type="xs:string" minOccurs="0" />
              </xs:sequence>
            </xs:complexType>
          </xs:element>
        </xs:choice>
      </xs:complexType>
    </xs:element>
  </xs:schema>
  <Fabbisogno>
    <Data>20151201</Data>
    <Mercato>MGP</Mercato>
    <Ora>01</Ora>
    <Totale>27598</Totale>
    <CNOR>2889</CNOR>
    <CSUD>3976</CSUD>
    <NORD>15513</NORD>
    <SARD>845</SARD>
    <SICI>1687</SICI>
    <SUD>2688</SUD>
  </Fabbisogno>
  <Fabbisogno>
    <Data>20151201</Data>
    <Mercato>MGP</Mercato>
    <Ora>02</Ora>
    <Totale>25708</Totale>
    <CNOR>2750</CNOR>
    <CSUD>3633</CSUD>
    <NORD>14524</NORD>
    <SARD>782</SARD>
    <SICI>1537</SICI>
    <SUD>2482</SUD>
  </Fabbisogno>
  <Fabbisogno>
    <Data>20151201</Data>
    <Mercato>MGP</Mercato>
    <Ora>03</Ora>
    <Totale>24825</Totale>
    <CNOR>2614</CNOR>
    <CSUD>3425</CSUD>
    <NORD>14232</NORD>
    <SARD>741</SARD>
    <SICI>1463</SICI>
    <SUD>2350</SUD>
  </Fabbisogno>
  <Fabbisogno>
    <Data>20151201</Data>
    <Mercato>MGP</Mercato>
    <Ora>04</Ora>
    <Totale>24423</Totale>
    <CNOR>2534</CNOR>
    <CSUD>3310</CSUD>
    <NORD>14126</NORD>
    <SARD>737</SARD>
    <SICI>1424</SICI>
    <SUD>2292</SUD>
  </Fabbisogno>
  <Fabbisogno>
    <Data>20151201</Data>
    <Mercato>MGP</Mercato>
    <Ora>05</Ora>
    <Totale>24653</Totale>
    <CNOR>2530</CNOR>
    <CSUD>3368</CSUD>
    <NORD>14321</NORD>
    <SARD>747</SARD>
    <SICI>1427</SICI>
    <SUD>2260</SUD>
  </Fabbisogno>
  <Fabbisogno>
    <Data>20151201</Data>
    <Mercato>MGP</Mercato>
    <Ora>06</Ora>
    <Totale>26121</Totale>
    <CNOR>2595</CNOR>
    <CSUD>3830</CSUD>
    <NORD>15225</NORD>
    <SARD>776</SARD>
    <SICI>1486</SICI>
    <SUD>2209</SUD>
  </Fabbisogno>
  <Fabbisogno>
    <Data>20151201</Data>
    <Mercato>MGP</Mercato>
    <Ora>07</Ora>
    <Totale>31170</Totale>
    <CNOR>3050</CNOR>
    <CSUD>4644</CSUD>
    <NORD>18512</NORD>
    <SARD>888</SARD>
    <SICI>1660</SICI>
    <SUD>2416</SUD>
  </Fabbisogno>
  <Fabbisogno>
    <Data>20151201</Data>
    <Mercato>MGP</Mercato>
    <Ora>08</Ora>
    <Totale>37963</Totale>
    <CNOR>3730</CNOR>
    <CSUD>5527</CSUD>
    <NORD>22996</NORD>
    <SARD>1055</SARD>
    <SICI>1961</SICI>
    <SUD>2694</SUD>
  </Fabbisogno>
  <Fabbisogno>
    <Data>20151201</Data>
    <Mercato>MGP</Mercato>
    <Ora>09</Ora>
    <Totale>42473</Totale>
    <CNOR>4336</CNOR>
    <CSUD>6081</CSUD>
    <NORD>25551</NORD>
    <SARD>1146</SARD>
    <SICI>2229</SICI>
    <SUD>3130</SUD>
  </Fabbisogno>
  <Fabbisogno>
    <Data>20151201</Data>
    <Mercato>MGP</Mercato>
    <Ora>10</Ora>
    <Totale>44332</Totale>
    <CNOR>4692</CNOR>
    <CSUD>6521</CSUD>
    <NORD>26249</NORD>
    <SARD>1152</SARD>
    <SICI>2362</SICI>
    <SUD>3356</SUD>
  </Fabbisogno>
  <Fabbisogno>
    <Data>20151201</Data>
    <Mercato>MGP</Mercato>
    <Ora>11</Ora>
    <Totale>44542</Totale>
    <CNOR>4734</CNOR>
    <CSUD>6730</CSUD>
    <NORD>26322</NORD>
    <SARD>1155</SARD>
    <SICI>2436</SICI>
    <SUD>3165</SUD>
  </Fabbisogno>
  <Fabbisogno>
    <Data>20151201</Data>
    <Mercato>MGP</Mercato>
    <Ora>12</Ora>
    <Totale>44229</Totale>
    <CNOR>4940</CNOR>
    <CSUD>6735</CSUD>
    <NORD>25941</NORD>
    <SARD>1124</SARD>
    <SICI>2415</SICI>
    <SUD>3074</SUD>
  </Fabbisogno>
  <Fabbisogno>
    <Data>20151201</Data>
    <Mercato>MGP</Mercato>
    <Ora>13</Ora>
    <Totale>41289</Totale>
    <CNOR>4519</CNOR>
    <CSUD>6473</CSUD>
    <NORD>23905</NORD>
    <SARD>1056</SARD>
    <SICI>2258</SICI>
    <SUD>3078</SUD>
  </Fabbisogno>
  <Fabbisogno>
    <Data>20151201</Data>
    <Mercato>MGP</Mercato>
    <Ora>14</Ora>
    <Totale>40158</Totale>
    <CNOR>4313</CNOR>
    <CSUD>6260</CSUD>
    <NORD>23459</NORD>
    <SARD>1010</SARD>
    <SICI>2087</SICI>
    <SUD>3029</SUD>
  </Fabbisogno>
  <Fabbisogno>
    <Data>20151201</Data>
    <Mercato>MGP</Mercato>
    <Ora>15</Ora>
    <Totale>41656</Totale>
    <CNOR>4588</CNOR>
    <CSUD>6292</CSUD>
    <NORD>24496</NORD>
    <SARD>1026</SARD>
    <SICI>2193</SICI>
    <SUD>3061</SUD>
  </Fabbisogno>
  <Fabbisogno>
    <Data>20151201</Data>
    <Mercato>MGP</Mercato>
    <Ora>16</Ora>
    <Totale>42803</Totale>
    <CNOR>4640</CNOR>
    <CSUD>6464</CSUD>
    <NORD>25254</NORD>
    <SARD>1029</SARD>
    <SICI>2230</SICI>
    <SUD>3186</SUD>
  </Fabbisogno>
  <Fabbisogno>
    <Data>20151201</Data>
    <Mercato>MGP</Mercato>
    <Ora>17</Ora>
    <Totale>44629</Totale>
    <CNOR>4753</CNOR>
    <CSUD>6806</CSUD>
    <NORD>26197</NORD>
    <SARD>1060</SARD>
    <SICI>2397</SICI>
    <SUD>3416</SUD>
  </Fabbisogno>
  <Fabbisogno>
    <Data>20151201</Data>
    <Mercato>MGP</Mercato>
    <Ora>18</Ora>
    <Totale>47633</Totale>
    <CNOR>5044</CNOR>
    <CSUD>7354</CSUD>
    <NORD>27786</NORD>
    <SARD>1171</SARD>
    <SICI>2627</SICI>
    <SUD>3651</SUD>
  </Fabbisogno>
  <Fabbisogno>
    <Data>20151201</Data>
    <Mercato>MGP</Mercato>
    <Ora>19</Ora>
    <Totale>46746</Totale>
    <CNOR>4869</CNOR>
    <CSUD>7300</CSUD>
    <NORD>27066</NORD>
    <SARD>1222</SARD>
    <SICI>2638</SICI>
    <SUD>3651</SUD>
  </Fabbisogno>
  <Fabbisogno>
    <Data>20151201</Data>
    <Mercato>MGP</Mercato>
    <Ora>20</Ora>
    <Totale>45366</Totale>
    <CNOR>4690</CNOR>
    <CSUD>7245</CSUD>
    <NORD>25767</NORD>
    <SARD>1242</SARD>
    <SICI>2685</SICI>
    <SUD>3737</SUD>
  </Fabbisogno>
  <Fabbisogno>
    <Data>20151201</Data>
    <Mercato>MGP</Mercato>
    <Ora>21</Ora>
    <Totale>42355</Totale>
    <CNOR>4304</CNOR>
    <CSUD>6889</CSUD>
    <NORD>23723</NORD>
    <SARD>1221</SARD>
    <SICI>2627</SICI>
    <SUD>3591</SUD>
  </Fabbisogno>
  <Fabbisogno>
    <Data>20151201</Data>
    <Mercato>MGP</Mercato>
    <Ora>22</Ora>
    <Totale>39029</Totale>
    <CNOR>3902</CNOR>
    <CSUD>6311</CSUD>
    <NORD>21909</NORD>
    <SARD>1140</SARD>
    <SICI>2456</SICI>
    <SUD>3311</SUD>
  </Fabbisogno>
  <Fabbisogno>
    <Data>20151201</Data>
    <Mercato>MGP</Mercato>
    <Ora>23</Ora>
    <Totale>34838</Totale>
    <CNOR>3495</CNOR>
    <CSUD>5638</CSUD>
    <NORD>19514</NORD>
    <SARD>1053</SARD>
    <SICI>2230</SICI>
    <SUD>2908</SUD>
  </Fabbisogno>
  <Fabbisogno>
    <Data>20151201</Data>
    <Mercato>MGP</Mercato>
    <Ora>24</Ora>
    <Totale>31187</Totale>
    <CNOR>3168</CNOR>
    <CSUD>4926</CSUD>
    <NORD>17606</NORD>
    <SARD>936</SARD>
    <SICI>1956</SICI>
    <SUD>2595</SUD>
  </Fabbisogno>
</NewDataSet>