<?xml version="1.0" standalone="yes"?>
<NewDataSet>
  <xs:schema id="NewDataSet" xmlns="" xmlns:xs="http://www.w3.org/2001/XMLSchema" xmlns:msdata="urn:schemas-microsoft-com:xml-msdata">
    <xs:element name="NewDataSet" msdata:IsDataSet="true" msdata:MainDataTable="marketintervaldetail" msdata:UseCurrentLocale="true">
      <xs:complexType>
        <xs:choice minOccurs="0" maxOccurs="unbounded">
          <xs:element name="marketintervaldetail">
            <xs:complexType>
              <xs:sequence>
                <xs:element name="Data" type="xs:string" minOccurs="0" />
                <xs:element name="Mercato" type="xs:string" minOccurs="0" />
                <xs:element name="Ora" type="xs:string" minOccurs="0" />
                <xs:element name="Totale" type="xs:string" minOccurs="0" />
                <xs:element name="CNOR" type="xs:string" minOccurs="0" />
                <xs:element name="CSUD" type="xs:string" minOccurs="0" />
                <xs:element name="NORD" type="xs:string" minOccurs="0" />
                <xs:element name="SARD" type="xs:string" minOccurs="0" />
                <xs:element name="SICI" type="xs:string" minOccurs="0" />
                <xs:element name="SUD" type="xs:string" minOccurs="0" />
              </xs:sequence>
            </xs:complexType>
          </xs:element>
        </xs:choice>
      </xs:complexType>
    </xs:element>
  </xs:schema>
  <marketintervaldetail>
    <Data>20151204</Data>
    <Mercato>MGP</Mercato>
    <Ora>01</Ora>
    <Totale>28023</Totale>
    <CNOR>3022</CNOR>
    <CSUD>4297</CSUD>
    <NORD>15767</NORD>
    <SARD>766</SARD>
    <SICI>1707</SICI>
    <SUD>2464</SUD>
  </marketintervaldetail>
  <marketintervaldetail>
    <Data>20151204</Data>
    <Mercato>MGP</Mercato>
    <Ora>02</Ora>
    <Totale>26356</Totale>
    <CNOR>2871</CNOR>
    <CSUD>3907</CSUD>
    <NORD>14908</NORD>
    <SARD>750</SARD>
    <SICI>1574</SICI>
    <SUD>2346</SUD>
  </marketintervaldetail>
  <marketintervaldetail>
    <Data>20151204</Data>
    <Mercato>MGP</Mercato>
    <Ora>03</Ora>
    <Totale>25282</Totale>
    <CNOR>2781</CNOR>
    <CSUD>3630</CSUD>
    <NORD>14414</NORD>
    <SARD>704</SARD>
    <SICI>1481</SICI>
    <SUD>2272</SUD>
  </marketintervaldetail>
  <marketintervaldetail>
    <Data>20151204</Data>
    <Mercato>MGP</Mercato>
    <Ora>04</Ora>
    <Totale>24870</Totale>
    <CNOR>2714</CNOR>
    <CSUD>3544</CSUD>
    <NORD>14244</NORD>
    <SARD>697</SARD>
    <SICI>1441</SICI>
    <SUD>2230</SUD>
  </marketintervaldetail>
  <marketintervaldetail>
    <Data>20151204</Data>
    <Mercato>MGP</Mercato>
    <Ora>05</Ora>
    <Totale>25119</Totale>
    <CNOR>2680</CNOR>
    <CSUD>3615</CSUD>
    <NORD>14434</NORD>
    <SARD>701</SARD>
    <SICI>1452</SICI>
    <SUD>2237</SUD>
  </marketintervaldetail>
  <marketintervaldetail>
    <Data>20151204</Data>
    <Mercato>MGP</Mercato>
    <Ora>06</Ora>
    <Totale>26291</Totale>
    <CNOR>2784</CNOR>
    <CSUD>3792</CSUD>
    <NORD>15082</NORD>
    <SARD>729</SARD>
    <SICI>1510</SICI>
    <SUD>2394</SUD>
  </marketintervaldetail>
  <marketintervaldetail>
    <Data>20151204</Data>
    <Mercato>MGP</Mercato>
    <Ora>07</Ora>
    <Totale>31204</Totale>
    <CNOR>3241</CNOR>
    <CSUD>4620</CSUD>
    <NORD>18286</NORD>
    <SARD>842</SARD>
    <SICI>1738</SICI>
    <SUD>2477</SUD>
  </marketintervaldetail>
  <marketintervaldetail>
    <Data>20151204</Data>
    <Mercato>MGP</Mercato>
    <Ora>08</Ora>
    <Totale>37930</Totale>
    <CNOR>3892</CNOR>
    <CSUD>5532</CSUD>
    <NORD>22671</NORD>
    <SARD>1015</SARD>
    <SICI>2046</SICI>
    <SUD>2774</SUD>
  </marketintervaldetail>
  <marketintervaldetail>
    <Data>20151204</Data>
    <Mercato>MGP</Mercato>
    <Ora>09</Ora>
    <Totale>42028</Totale>
    <CNOR>4463</CNOR>
    <CSUD>6109</CSUD>
    <NORD>25129</NORD>
    <SARD>1076</SARD>
    <SICI>2232</SICI>
    <SUD>3019</SUD>
  </marketintervaldetail>
  <marketintervaldetail>
    <Data>20151204</Data>
    <Mercato>MGP</Mercato>
    <Ora>10</Ora>
    <Totale>43577</Totale>
    <CNOR>4679</CNOR>
    <CSUD>6478</CSUD>
    <NORD>26001</NORD>
    <SARD>1092</SARD>
    <SICI>2293</SICI>
    <SUD>3034</SUD>
  </marketintervaldetail>
  <marketintervaldetail>
    <Data>20151204</Data>
    <Mercato>MGP</Mercato>
    <Ora>11</Ora>
    <Totale>43496</Totale>
    <CNOR>4779</CNOR>
    <CSUD>6503</CSUD>
    <NORD>25894</NORD>
    <SARD>1030</SARD>
    <SICI>2236</SICI>
    <SUD>3054</SUD>
  </marketintervaldetail>
  <marketintervaldetail>
    <Data>20151204</Data>
    <Mercato>MGP</Mercato>
    <Ora>12</Ora>
    <Totale>43196</Totale>
    <CNOR>4713</CNOR>
    <CSUD>6388</CSUD>
    <NORD>25648</NORD>
    <SARD>1032</SARD>
    <SICI>2238</SICI>
    <SUD>3177</SUD>
  </marketintervaldetail>
  <marketintervaldetail>
    <Data>20151204</Data>
    <Mercato>MGP</Mercato>
    <Ora>13</Ora>
    <Totale>41141</Totale>
    <CNOR>4544</CNOR>
    <CSUD>6011</CSUD>
    <NORD>24009</NORD>
    <SARD>962</SARD>
    <SICI>2193</SICI>
    <SUD>3422</SUD>
  </marketintervaldetail>
  <marketintervaldetail>
    <Data>20151204</Data>
    <Mercato>MGP</Mercato>
    <Ora>14</Ora>
    <Totale>40108</Totale>
    <CNOR>4165</CNOR>
    <CSUD>5916</CSUD>
    <NORD>23653</NORD>
    <SARD>919</SARD>
    <SICI>2170</SICI>
    <SUD>3285</SUD>
  </marketintervaldetail>
  <marketintervaldetail>
    <Data>20151204</Data>
    <Mercato>MGP</Mercato>
    <Ora>15</Ora>
    <Totale>40624</Totale>
    <CNOR>4309</CNOR>
    <CSUD>6220</CSUD>
    <NORD>24046</NORD>
    <SARD>906</SARD>
    <SICI>2118</SICI>
    <SUD>3025</SUD>
  </marketintervaldetail>
  <marketintervaldetail>
    <Data>20151204</Data>
    <Mercato>MGP</Mercato>
    <Ora>16</Ora>
    <Totale>41845</Totale>
    <CNOR>4531</CNOR>
    <CSUD>6521</CSUD>
    <NORD>24613</NORD>
    <SARD>955</SARD>
    <SICI>2186</SICI>
    <SUD>3039</SUD>
  </marketintervaldetail>
  <marketintervaldetail>
    <Data>20151204</Data>
    <Mercato>MGP</Mercato>
    <Ora>17</Ora>
    <Totale>43455</Totale>
    <CNOR>4776</CNOR>
    <CSUD>6493</CSUD>
    <NORD>25317</NORD>
    <SARD>998</SARD>
    <SICI>2327</SICI>
    <SUD>3544</SUD>
  </marketintervaldetail>
  <marketintervaldetail>
    <Data>20151204</Data>
    <Mercato>MGP</Mercato>
    <Ora>18</Ora>
    <Totale>46736</Totale>
    <CNOR>5188</CNOR>
    <CSUD>7356</CSUD>
    <NORD>26869</NORD>
    <SARD>1067</SARD>
    <SICI>2556</SICI>
    <SUD>3700</SUD>
  </marketintervaldetail>
  <marketintervaldetail>
    <Data>20151204</Data>
    <Mercato>MGP</Mercato>
    <Ora>19</Ora>
    <Totale>46756</Totale>
    <CNOR>5166</CNOR>
    <CSUD>7509</CSUD>
    <NORD>26543</NORD>
    <SARD>1130</SARD>
    <SICI>2650</SICI>
    <SUD>3758</SUD>
  </marketintervaldetail>
  <marketintervaldetail>
    <Data>20151204</Data>
    <Mercato>MGP</Mercato>
    <Ora>20</Ora>
    <Totale>45423</Totale>
    <CNOR>4931</CNOR>
    <CSUD>7443</CSUD>
    <NORD>25454</NORD>
    <SARD>1153</SARD>
    <SICI>2702</SICI>
    <SUD>3740</SUD>
  </marketintervaldetail>
  <marketintervaldetail>
    <Data>20151204</Data>
    <Mercato>MGP</Mercato>
    <Ora>21</Ora>
    <Totale>42500</Totale>
    <CNOR>4627</CNOR>
    <CSUD>7115</CSUD>
    <NORD>23372</NORD>
    <SARD>1144</SARD>
    <SICI>2705</SICI>
    <SUD>3537</SUD>
  </marketintervaldetail>
  <marketintervaldetail>
    <Data>20151204</Data>
    <Mercato>MGP</Mercato>
    <Ora>22</Ora>
    <Totale>39209</Totale>
    <CNOR>4217</CNOR>
    <CSUD>6640</CSUD>
    <NORD>21440</NORD>
    <SARD>1065</SARD>
    <SICI>2566</SICI>
    <SUD>3281</SUD>
  </marketintervaldetail>
  <marketintervaldetail>
    <Data>20151204</Data>
    <Mercato>MGP</Mercato>
    <Ora>23</Ora>
    <Totale>35280</Totale>
    <CNOR>3803</CNOR>
    <CSUD>6126</CSUD>
    <NORD>19135</NORD>
    <SARD>983</SARD>
    <SICI>2338</SICI>
    <SUD>2895</SUD>
  </marketintervaldetail>
  <marketintervaldetail>
    <Data>20151204</Data>
    <Mercato>MGP</Mercato>
    <Ora>24</Ora>
    <Totale>31534</Totale>
    <CNOR>3352</CNOR>
    <CSUD>5328</CSUD>
    <NORD>17302</NORD>
    <SARD>883</SARD>
    <SICI>2053</SICI>
    <SUD>2616</SUD>
  </marketintervaldetail>
</NewDataSet>