<?xml version="1.0" standalone="yes"?>
<NewDataSet>
  <xs:schema id="NewDataSet" xmlns="" xmlns:xs="http://www.w3.org/2001/XMLSchema" xmlns:msdata="urn:schemas-microsoft-com:xml-msdata">
    <xs:element name="NewDataSet" msdata:IsDataSet="true" msdata:MainDataTable="marketintervaldetail" msdata:UseCurrentLocale="true">
      <xs:complexType>
        <xs:choice minOccurs="0" maxOccurs="unbounded">
          <xs:element name="marketintervaldetail">
            <xs:complexType>
              <xs:sequence>
                <xs:element name="Data" type="xs:string" minOccurs="0" />
                <xs:element name="Mercato" type="xs:string" minOccurs="0" />
                <xs:element name="Ora" type="xs:string" minOccurs="0" />
                <xs:element name="Totale" type="xs:string" minOccurs="0" />
                <xs:element name="CNOR" type="xs:string" minOccurs="0" />
                <xs:element name="CSUD" type="xs:string" minOccurs="0" />
                <xs:element name="NORD" type="xs:string" minOccurs="0" />
                <xs:element name="SARD" type="xs:string" minOccurs="0" />
                <xs:element name="SICI" type="xs:string" minOccurs="0" />
                <xs:element name="SUD" type="xs:string" minOccurs="0" />
              </xs:sequence>
            </xs:complexType>
          </xs:element>
        </xs:choice>
      </xs:complexType>
    </xs:element>
  </xs:schema>
  <marketintervaldetail>
    <Data>20151208</Data>
    <Mercato>MGP</Mercato>
    <Ora>01</Ora>
    <Totale>24834</Totale>
    <CNOR>2663</CNOR>
    <CSUD>4131</CSUD>
    <NORD>13207</NORD>
    <SARD>818</SARD>
    <SICI>1830</SICI>
    <SUD>2185</SUD>
  </marketintervaldetail>
  <marketintervaldetail>
    <Data>20151208</Data>
    <Mercato>MGP</Mercato>
    <Ora>02</Ora>
    <Totale>22716</Totale>
    <CNOR>2486</CNOR>
    <CSUD>3771</CSUD>
    <NORD>12072</NORD>
    <SARD>771</SARD>
    <SICI>1631</SICI>
    <SUD>1985</SUD>
  </marketintervaldetail>
  <marketintervaldetail>
    <Data>20151208</Data>
    <Mercato>MGP</Mercato>
    <Ora>03</Ora>
    <Totale>21787</Totale>
    <CNOR>2384</CNOR>
    <CSUD>3516</CSUD>
    <NORD>11722</NORD>
    <SARD>742</SARD>
    <SICI>1545</SICI>
    <SUD>1878</SUD>
  </marketintervaldetail>
  <marketintervaldetail>
    <Data>20151208</Data>
    <Mercato>MGP</Mercato>
    <Ora>04</Ora>
    <Totale>21211</Totale>
    <CNOR>2322</CNOR>
    <CSUD>3397</CSUD>
    <NORD>11453</NORD>
    <SARD>731</SARD>
    <SICI>1475</SICI>
    <SUD>1833</SUD>
  </marketintervaldetail>
  <marketintervaldetail>
    <Data>20151208</Data>
    <Mercato>MGP</Mercato>
    <Ora>05</Ora>
    <Totale>20871</Totale>
    <CNOR>2319</CNOR>
    <CSUD>3312</CSUD>
    <NORD>11296</NORD>
    <SARD>733</SARD>
    <SICI>1441</SICI>
    <SUD>1770</SUD>
  </marketintervaldetail>
  <marketintervaldetail>
    <Data>20151208</Data>
    <Mercato>MGP</Mercato>
    <Ora>06</Ora>
    <Totale>21199</Totale>
    <CNOR>2257</CNOR>
    <CSUD>3396</CSUD>
    <NORD>11550</NORD>
    <SARD>750</SARD>
    <SICI>1456</SICI>
    <SUD>1790</SUD>
  </marketintervaldetail>
  <marketintervaldetail>
    <Data>20151208</Data>
    <Mercato>MGP</Mercato>
    <Ora>07</Ora>
    <Totale>22138</Totale>
    <CNOR>2327</CNOR>
    <CSUD>3548</CSUD>
    <NORD>12076</NORD>
    <SARD>802</SARD>
    <SICI>1516</SICI>
    <SUD>1869</SUD>
  </marketintervaldetail>
  <marketintervaldetail>
    <Data>20151208</Data>
    <Mercato>MGP</Mercato>
    <Ora>08</Ora>
    <Totale>23267</Totale>
    <CNOR>2438</CNOR>
    <CSUD>3695</CSUD>
    <NORD>12813</NORD>
    <SARD>842</SARD>
    <SICI>1536</SICI>
    <SUD>1943</SUD>
  </marketintervaldetail>
  <marketintervaldetail>
    <Data>20151208</Data>
    <Mercato>MGP</Mercato>
    <Ora>09</Ora>
    <Totale>24999</Totale>
    <CNOR>2623</CNOR>
    <CSUD>4166</CSUD>
    <NORD>13531</NORD>
    <SARD>886</SARD>
    <SICI>1694</SICI>
    <SUD>2099</SUD>
  </marketintervaldetail>
  <marketintervaldetail>
    <Data>20151208</Data>
    <Mercato>MGP</Mercato>
    <Ora>10</Ora>
    <Totale>27323</Totale>
    <CNOR>2888</CNOR>
    <CSUD>4812</CSUD>
    <NORD>14489</NORD>
    <SARD>955</SARD>
    <SICI>1888</SICI>
    <SUD>2291</SUD>
  </marketintervaldetail>
  <marketintervaldetail>
    <Data>20151208</Data>
    <Mercato>MGP</Mercato>
    <Ora>11</Ora>
    <Totale>28359</Totale>
    <CNOR>3038</CNOR>
    <CSUD>5258</CSUD>
    <NORD>14859</NORD>
    <SARD>929</SARD>
    <SICI>2021</SICI>
    <SUD>2254</SUD>
  </marketintervaldetail>
  <marketintervaldetail>
    <Data>20151208</Data>
    <Mercato>MGP</Mercato>
    <Ora>12</Ora>
    <Totale>28584</Totale>
    <CNOR>3163</CNOR>
    <CSUD>5375</CSUD>
    <NORD>14835</NORD>
    <SARD>904</SARD>
    <SICI>2006</SICI>
    <SUD>2301</SUD>
  </marketintervaldetail>
  <marketintervaldetail>
    <Data>20151208</Data>
    <Mercato>MGP</Mercato>
    <Ora>13</Ora>
    <Totale>28085</Totale>
    <CNOR>3071</CNOR>
    <CSUD>5232</CSUD>
    <NORD>14489</NORD>
    <SARD>915</SARD>
    <SICI>1992</SICI>
    <SUD>2386</SUD>
  </marketintervaldetail>
  <marketintervaldetail>
    <Data>20151208</Data>
    <Mercato>MGP</Mercato>
    <Ora>14</Ora>
    <Totale>26753</Totale>
    <CNOR>2843</CNOR>
    <CSUD>5038</CSUD>
    <NORD>13878</NORD>
    <SARD>904</SARD>
    <SICI>1883</SICI>
    <SUD>2207</SUD>
  </marketintervaldetail>
  <marketintervaldetail>
    <Data>20151208</Data>
    <Mercato>MGP</Mercato>
    <Ora>15</Ora>
    <Totale>26089</Totale>
    <CNOR>2760</CNOR>
    <CSUD>4900</CSUD>
    <NORD>13610</NORD>
    <SARD>895</SARD>
    <SICI>1810</SICI>
    <SUD>2114</SUD>
  </marketintervaldetail>
  <marketintervaldetail>
    <Data>20151208</Data>
    <Mercato>MGP</Mercato>
    <Ora>16</Ora>
    <Totale>26418</Totale>
    <CNOR>2793</CNOR>
    <CSUD>4849</CSUD>
    <NORD>13798</NORD>
    <SARD>897</SARD>
    <SICI>1877</SICI>
    <SUD>2204</SUD>
  </marketintervaldetail>
  <marketintervaldetail>
    <Data>20151208</Data>
    <Mercato>MGP</Mercato>
    <Ora>17</Ora>
    <Totale>28058</Totale>
    <CNOR>3037</CNOR>
    <CSUD>5106</CSUD>
    <NORD>14682</NORD>
    <SARD>939</SARD>
    <SICI>1931</SICI>
    <SUD>2363</SUD>
  </marketintervaldetail>
  <marketintervaldetail>
    <Data>20151208</Data>
    <Mercato>MGP</Mercato>
    <Ora>18</Ora>
    <Totale>31635</Totale>
    <CNOR>3402</CNOR>
    <CSUD>5704</CSUD>
    <NORD>16435</NORD>
    <SARD>1042</SARD>
    <SICI>2212</SICI>
    <SUD>2840</SUD>
  </marketintervaldetail>
  <marketintervaldetail>
    <Data>20151208</Data>
    <Mercato>MGP</Mercato>
    <Ora>19</Ora>
    <Totale>32980</Totale>
    <CNOR>3510</CNOR>
    <CSUD>5815</CSUD>
    <NORD>17272</NORD>
    <SARD>1078</SARD>
    <SICI>2269</SICI>
    <SUD>3036</SUD>
  </marketintervaldetail>
  <marketintervaldetail>
    <Data>20151208</Data>
    <Mercato>MGP</Mercato>
    <Ora>20</Ora>
    <Totale>33560</Totale>
    <CNOR>3605</CNOR>
    <CSUD>5940</CSUD>
    <NORD>17554</NORD>
    <SARD>1090</SARD>
    <SICI>2322</SICI>
    <SUD>3049</SUD>
  </marketintervaldetail>
  <marketintervaldetail>
    <Data>20151208</Data>
    <Mercato>MGP</Mercato>
    <Ora>21</Ora>
    <Totale>32699</Totale>
    <CNOR>3452</CNOR>
    <CSUD>5851</CSUD>
    <NORD>16853</NORD>
    <SARD>1105</SARD>
    <SICI>2345</SICI>
    <SUD>3093</SUD>
  </marketintervaldetail>
  <marketintervaldetail>
    <Data>20151208</Data>
    <Mercato>MGP</Mercato>
    <Ora>22</Ora>
    <Totale>31148</Totale>
    <CNOR>3217</CNOR>
    <CSUD>5540</CSUD>
    <NORD>16102</NORD>
    <SARD>1048</SARD>
    <SICI>2258</SICI>
    <SUD>2983</SUD>
  </marketintervaldetail>
  <marketintervaldetail>
    <Data>20151208</Data>
    <Mercato>MGP</Mercato>
    <Ora>23</Ora>
    <Totale>28879</Totale>
    <CNOR>2995</CNOR>
    <CSUD>5106</CSUD>
    <NORD>14934</NORD>
    <SARD>982</SARD>
    <SICI>2130</SICI>
    <SUD>2732</SUD>
  </marketintervaldetail>
  <marketintervaldetail>
    <Data>20151208</Data>
    <Mercato>MGP</Mercato>
    <Ora>24</Ora>
    <Totale>26113</Totale>
    <CNOR>2696</CNOR>
    <CSUD>4599</CSUD>
    <NORD>13697</NORD>
    <SARD>898</SARD>
    <SICI>1888</SICI>
    <SUD>2335</SUD>
  </marketintervaldetail>
</NewDataSet>