<?xml version="1.0" standalone="yes"?>
<NewDataSet>
  <xs:schema id="NewDataSet" xmlns="" xmlns:xs="http://www.w3.org/2001/XMLSchema" xmlns:msdata="urn:schemas-microsoft-com:xml-msdata">
    <xs:element name="NewDataSet" msdata:IsDataSet="true" msdata:MainDataTable="marketintervaldetail" msdata:UseCurrentLocale="true">
      <xs:complexType>
        <xs:choice minOccurs="0" maxOccurs="unbounded">
          <xs:element name="marketintervaldetail">
            <xs:complexType>
              <xs:sequence>
                <xs:element name="Data" type="xs:string" minOccurs="0" />
                <xs:element name="Mercato" type="xs:string" minOccurs="0" />
                <xs:element name="Ora" type="xs:string" minOccurs="0" />
                <xs:element name="Totale" type="xs:string" minOccurs="0" />
                <xs:element name="CNOR" type="xs:string" minOccurs="0" />
                <xs:element name="CSUD" type="xs:string" minOccurs="0" />
                <xs:element name="NORD" type="xs:string" minOccurs="0" />
                <xs:element name="SARD" type="xs:string" minOccurs="0" />
                <xs:element name="SICI" type="xs:string" minOccurs="0" />
                <xs:element name="SUD" type="xs:string" minOccurs="0" />
              </xs:sequence>
            </xs:complexType>
          </xs:element>
        </xs:choice>
      </xs:complexType>
    </xs:element>
  </xs:schema>
  <marketintervaldetail>
    <Data>20151228</Data>
    <Mercato>MGP</Mercato>
    <Ora>01</Ora>
    <Totale>21832</Totale>
    <CNOR>2238</CNOR>
    <CSUD>3804</CSUD>
    <NORD>11172</NORD>
    <SARD>809</SARD>
    <SICI>1623</SICI>
    <SUD>2186</SUD>
  </marketintervaldetail>
  <marketintervaldetail>
    <Data>20151228</Data>
    <Mercato>MGP</Mercato>
    <Ora>02</Ora>
    <Totale>20128</Totale>
    <CNOR>2069</CNOR>
    <CSUD>3348</CSUD>
    <NORD>10405</NORD>
    <SARD>761</SARD>
    <SICI>1480</SICI>
    <SUD>2065</SUD>
  </marketintervaldetail>
  <marketintervaldetail>
    <Data>20151228</Data>
    <Mercato>MGP</Mercato>
    <Ora>03</Ora>
    <Totale>19043</Totale>
    <CNOR>1957</CNOR>
    <CSUD>3149</CSUD>
    <NORD>9886</NORD>
    <SARD>731</SARD>
    <SICI>1369</SICI>
    <SUD>1951</SUD>
  </marketintervaldetail>
  <marketintervaldetail>
    <Data>20151228</Data>
    <Mercato>MGP</Mercato>
    <Ora>04</Ora>
    <Totale>18764</Totale>
    <CNOR>1925</CNOR>
    <CSUD>3051</CSUD>
    <NORD>9823</NORD>
    <SARD>708</SARD>
    <SICI>1323</SICI>
    <SUD>1934</SUD>
  </marketintervaldetail>
  <marketintervaldetail>
    <Data>20151228</Data>
    <Mercato>MGP</Mercato>
    <Ora>05</Ora>
    <Totale>19021</Totale>
    <CNOR>1932</CNOR>
    <CSUD>3113</CSUD>
    <NORD>10026</NORD>
    <SARD>707</SARD>
    <SICI>1324</SICI>
    <SUD>1919</SUD>
  </marketintervaldetail>
  <marketintervaldetail>
    <Data>20151228</Data>
    <Mercato>MGP</Mercato>
    <Ora>06</Ora>
    <Totale>20457</Totale>
    <CNOR>2067</CNOR>
    <CSUD>3350</CSUD>
    <NORD>10884</NORD>
    <SARD>746</SARD>
    <SICI>1396</SICI>
    <SUD>2014</SUD>
  </marketintervaldetail>
  <marketintervaldetail>
    <Data>20151228</Data>
    <Mercato>MGP</Mercato>
    <Ora>07</Ora>
    <Totale>24370</Totale>
    <CNOR>2480</CNOR>
    <CSUD>3840</CSUD>
    <NORD>13232</NORD>
    <SARD>830</SARD>
    <SICI>1560</SICI>
    <SUD>2428</SUD>
  </marketintervaldetail>
  <marketintervaldetail>
    <Data>20151228</Data>
    <Mercato>MGP</Mercato>
    <Ora>08</Ora>
    <Totale>28576</Totale>
    <CNOR>2907</CNOR>
    <CSUD>4526</CSUD>
    <NORD>15949</NORD>
    <SARD>935</SARD>
    <SICI>1748</SICI>
    <SUD>2511</SUD>
  </marketintervaldetail>
  <marketintervaldetail>
    <Data>20151228</Data>
    <Mercato>MGP</Mercato>
    <Ora>09</Ora>
    <Totale>32700</Totale>
    <CNOR>3377</CNOR>
    <CSUD>5283</CSUD>
    <NORD>18123</NORD>
    <SARD>1030</SARD>
    <SICI>2057</SICI>
    <SUD>2830</SUD>
  </marketintervaldetail>
  <marketintervaldetail>
    <Data>20151228</Data>
    <Mercato>MGP</Mercato>
    <Ora>10</Ora>
    <Totale>35526</Totale>
    <CNOR>3653</CNOR>
    <CSUD>5869</CSUD>
    <NORD>19410</NORD>
    <SARD>1078</SARD>
    <SICI>2290</SICI>
    <SUD>3226</SUD>
  </marketintervaldetail>
  <marketintervaldetail>
    <Data>20151228</Data>
    <Mercato>MGP</Mercato>
    <Ora>11</Ora>
    <Totale>36553</Totale>
    <CNOR>3806</CNOR>
    <CSUD>6214</CSUD>
    <NORD>19856</NORD>
    <SARD>1092</SARD>
    <SICI>2268</SICI>
    <SUD>3317</SUD>
  </marketintervaldetail>
  <marketintervaldetail>
    <Data>20151228</Data>
    <Mercato>MGP</Mercato>
    <Ora>12</Ora>
    <Totale>36726</Totale>
    <CNOR>3672</CNOR>
    <CSUD>6269</CSUD>
    <NORD>20119</NORD>
    <SARD>1066</SARD>
    <SICI>2239</SICI>
    <SUD>3361</SUD>
  </marketintervaldetail>
  <marketintervaldetail>
    <Data>20151228</Data>
    <Mercato>MGP</Mercato>
    <Ora>13</Ora>
    <Totale>35262</Totale>
    <CNOR>3498</CNOR>
    <CSUD>6049</CSUD>
    <NORD>18915</NORD>
    <SARD>1063</SARD>
    <SICI>2209</SICI>
    <SUD>3528</SUD>
  </marketintervaldetail>
  <marketintervaldetail>
    <Data>20151228</Data>
    <Mercato>MGP</Mercato>
    <Ora>14</Ora>
    <Totale>33818</Totale>
    <CNOR>3338</CNOR>
    <CSUD>5812</CSUD>
    <NORD>18150</NORD>
    <SARD>983</SARD>
    <SICI>2194</SICI>
    <SUD>3341</SUD>
  </marketintervaldetail>
  <marketintervaldetail>
    <Data>20151228</Data>
    <Mercato>MGP</Mercato>
    <Ora>15</Ora>
    <Totale>33978</Totale>
    <CNOR>3428</CNOR>
    <CSUD>5912</CSUD>
    <NORD>18280</NORD>
    <SARD>906</SARD>
    <SICI>2252</SICI>
    <SUD>3200</SUD>
  </marketintervaldetail>
  <marketintervaldetail>
    <Data>20151228</Data>
    <Mercato>MGP</Mercato>
    <Ora>16</Ora>
    <Totale>34398</Totale>
    <CNOR>3615</CNOR>
    <CSUD>6066</CSUD>
    <NORD>18307</NORD>
    <SARD>961</SARD>
    <SICI>2315</SICI>
    <SUD>3134</SUD>
  </marketintervaldetail>
  <marketintervaldetail>
    <Data>20151228</Data>
    <Mercato>MGP</Mercato>
    <Ora>17</Ora>
    <Totale>36310</Totale>
    <CNOR>3917</CNOR>
    <CSUD>6379</CSUD>
    <NORD>19357</NORD>
    <SARD>1017</SARD>
    <SICI>2405</SICI>
    <SUD>3235</SUD>
  </marketintervaldetail>
  <marketintervaldetail>
    <Data>20151228</Data>
    <Mercato>MGP</Mercato>
    <Ora>18</Ora>
    <Totale>39808</Totale>
    <CNOR>4278</CNOR>
    <CSUD>7041</CSUD>
    <NORD>20882</NORD>
    <SARD>1145</SARD>
    <SICI>2676</SICI>
    <SUD>3786</SUD>
  </marketintervaldetail>
  <marketintervaldetail>
    <Data>20151228</Data>
    <Mercato>MGP</Mercato>
    <Ora>19</Ora>
    <Totale>39687</Totale>
    <CNOR>4190</CNOR>
    <CSUD>7097</CSUD>
    <NORD>20653</NORD>
    <SARD>1235</SARD>
    <SICI>2743</SICI>
    <SUD>3769</SUD>
  </marketintervaldetail>
  <marketintervaldetail>
    <Data>20151228</Data>
    <Mercato>MGP</Mercato>
    <Ora>20</Ora>
    <Totale>39004</Totale>
    <CNOR>4099</CNOR>
    <CSUD>7122</CSUD>
    <NORD>20034</NORD>
    <SARD>1243</SARD>
    <SICI>2775</SICI>
    <SUD>3731</SUD>
  </marketintervaldetail>
  <marketintervaldetail>
    <Data>20151228</Data>
    <Mercato>MGP</Mercato>
    <Ora>21</Ora>
    <Totale>36814</Totale>
    <CNOR>3807</CNOR>
    <CSUD>6787</CSUD>
    <NORD>18634</NORD>
    <SARD>1204</SARD>
    <SICI>2723</SICI>
    <SUD>3659</SUD>
  </marketintervaldetail>
  <marketintervaldetail>
    <Data>20151228</Data>
    <Mercato>MGP</Mercato>
    <Ora>22</Ora>
    <Totale>33986</Totale>
    <CNOR>3480</CNOR>
    <CSUD>6256</CSUD>
    <NORD>17161</NORD>
    <SARD>1118</SARD>
    <SICI>2556</SICI>
    <SUD>3415</SUD>
  </marketintervaldetail>
  <marketintervaldetail>
    <Data>20151228</Data>
    <Mercato>MGP</Mercato>
    <Ora>23</Ora>
    <Totale>30478</Totale>
    <CNOR>3080</CNOR>
    <CSUD>5641</CSUD>
    <NORD>15342</NORD>
    <SARD>1033</SARD>
    <SICI>2364</SICI>
    <SUD>3018</SUD>
  </marketintervaldetail>
  <marketintervaldetail>
    <Data>20151228</Data>
    <Mercato>MGP</Mercato>
    <Ora>24</Ora>
    <Totale>27201</Totale>
    <CNOR>2753</CNOR>
    <CSUD>4958</CSUD>
    <NORD>13758</NORD>
    <SARD>945</SARD>
    <SICI>2039</SICI>
    <SUD>2748</SUD>
  </marketintervaldetail>
</NewDataSet>