<?xml version="1.0" standalone="yes"?>
<NewDataSet>
  <xs:schema id="NewDataSet" xmlns="" xmlns:xs="http://www.w3.org/2001/XMLSchema" xmlns:msdata="urn:schemas-microsoft-com:xml-msdata">
    <xs:element name="NewDataSet" msdata:IsDataSet="true" msdata:MainDataTable="marketintervaldetail" msdata:UseCurrentLocale="true">
      <xs:complexType>
        <xs:choice minOccurs="0" maxOccurs="unbounded">
          <xs:element name="marketintervaldetail">
            <xs:complexType>
              <xs:sequence>
                <xs:element name="Data" type="xs:string" minOccurs="0" />
                <xs:element name="Mercato" type="xs:string" minOccurs="0" />
                <xs:element name="Ora" type="xs:string" minOccurs="0" />
                <xs:element name="Totale" type="xs:string" minOccurs="0" />
                <xs:element name="CNOR" type="xs:string" minOccurs="0" />
                <xs:element name="CSUD" type="xs:string" minOccurs="0" />
                <xs:element name="NORD" type="xs:string" minOccurs="0" />
                <xs:element name="SARD" type="xs:string" minOccurs="0" />
                <xs:element name="SICI" type="xs:string" minOccurs="0" />
                <xs:element name="SUD" type="xs:string" minOccurs="0" />
              </xs:sequence>
            </xs:complexType>
          </xs:element>
        </xs:choice>
      </xs:complexType>
    </xs:element>
  </xs:schema>
  <marketintervaldetail>
    <Data>20151212</Data>
    <Mercato>MGP</Mercato>
    <Ora>01</Ora>
    <Totale>27407</Totale>
    <CNOR>3010</CNOR>
    <CSUD>4455</CSUD>
    <NORD>14952</NORD>
    <SARD>835</SARD>
    <SICI>1865</SICI>
    <SUD>2290</SUD>
  </marketintervaldetail>
  <marketintervaldetail>
    <Data>20151212</Data>
    <Mercato>MGP</Mercato>
    <Ora>02</Ora>
    <Totale>25397</Totale>
    <CNOR>2819</CNOR>
    <CSUD>4080</CSUD>
    <NORD>13890</NORD>
    <SARD>782</SARD>
    <SICI>1666</SICI>
    <SUD>2160</SUD>
  </marketintervaldetail>
  <marketintervaldetail>
    <Data>20151212</Data>
    <Mercato>MGP</Mercato>
    <Ora>03</Ora>
    <Totale>24406</Totale>
    <CNOR>2708</CNOR>
    <CSUD>3818</CSUD>
    <NORD>13467</NORD>
    <SARD>753</SARD>
    <SICI>1575</SICI>
    <SUD>2085</SUD>
  </marketintervaldetail>
  <marketintervaldetail>
    <Data>20151212</Data>
    <Mercato>MGP</Mercato>
    <Ora>04</Ora>
    <Totale>23780</Totale>
    <CNOR>2621</CNOR>
    <CSUD>3719</CSUD>
    <NORD>13138</NORD>
    <SARD>740</SARD>
    <SICI>1520</SICI>
    <SUD>2042</SUD>
  </marketintervaldetail>
  <marketintervaldetail>
    <Data>20151212</Data>
    <Mercato>MGP</Mercato>
    <Ora>05</Ora>
    <Totale>23725</Totale>
    <CNOR>2627</CNOR>
    <CSUD>3590</CSUD>
    <NORD>13162</NORD>
    <SARD>741</SARD>
    <SICI>1501</SICI>
    <SUD>2104</SUD>
  </marketintervaldetail>
  <marketintervaldetail>
    <Data>20151212</Data>
    <Mercato>MGP</Mercato>
    <Ora>06</Ora>
    <Totale>24468</Totale>
    <CNOR>2626</CNOR>
    <CSUD>3767</CSUD>
    <NORD>13597</NORD>
    <SARD>770</SARD>
    <SICI>1543</SICI>
    <SUD>2165</SUD>
  </marketintervaldetail>
  <marketintervaldetail>
    <Data>20151212</Data>
    <Mercato>MGP</Mercato>
    <Ora>07</Ora>
    <Totale>27324</Totale>
    <CNOR>2865</CNOR>
    <CSUD>4302</CSUD>
    <NORD>15225</NORD>
    <SARD>842</SARD>
    <SICI>1726</SICI>
    <SUD>2364</SUD>
  </marketintervaldetail>
  <marketintervaldetail>
    <Data>20151212</Data>
    <Mercato>MGP</Mercato>
    <Ora>08</Ora>
    <Totale>31373</Totale>
    <CNOR>3308</CNOR>
    <CSUD>4782</CSUD>
    <NORD>17751</NORD>
    <SARD>954</SARD>
    <SICI>1912</SICI>
    <SUD>2666</SUD>
  </marketintervaldetail>
  <marketintervaldetail>
    <Data>20151212</Data>
    <Mercato>MGP</Mercato>
    <Ora>09</Ora>
    <Totale>34280</Totale>
    <CNOR>3650</CNOR>
    <CSUD>5299</CSUD>
    <NORD>19508</NORD>
    <SARD>1007</SARD>
    <SICI>2057</SICI>
    <SUD>2759</SUD>
  </marketintervaldetail>
  <marketintervaldetail>
    <Data>20151212</Data>
    <Mercato>MGP</Mercato>
    <Ora>10</Ora>
    <Totale>35944</Totale>
    <CNOR>3889</CNOR>
    <CSUD>5650</CSUD>
    <NORD>20540</NORD>
    <SARD>1017</SARD>
    <SICI>2115</SICI>
    <SUD>2733</SUD>
  </marketintervaldetail>
  <marketintervaldetail>
    <Data>20151212</Data>
    <Mercato>MGP</Mercato>
    <Ora>11</Ora>
    <Totale>35911</Totale>
    <CNOR>3855</CNOR>
    <CSUD>5797</CSUD>
    <NORD>20404</NORD>
    <SARD>937</SARD>
    <SICI>2093</SICI>
    <SUD>2825</SUD>
  </marketintervaldetail>
  <marketintervaldetail>
    <Data>20151212</Data>
    <Mercato>MGP</Mercato>
    <Ora>12</Ora>
    <Totale>34353</Totale>
    <CNOR>3776</CNOR>
    <CSUD>5828</CSUD>
    <NORD>19272</NORD>
    <SARD>873</SARD>
    <SICI>1971</SICI>
    <SUD>2633</SUD>
  </marketintervaldetail>
  <marketintervaldetail>
    <Data>20151212</Data>
    <Mercato>MGP</Mercato>
    <Ora>13</Ora>
    <Totale>32390</Totale>
    <CNOR>3593</CNOR>
    <CSUD>5487</CSUD>
    <NORD>17636</NORD>
    <SARD>905</SARD>
    <SICI>1990</SICI>
    <SUD>2779</SUD>
  </marketintervaldetail>
  <marketintervaldetail>
    <Data>20151212</Data>
    <Mercato>MGP</Mercato>
    <Ora>14</Ora>
    <Totale>30617</Totale>
    <CNOR>3334</CNOR>
    <CSUD>5237</CSUD>
    <NORD>16561</NORD>
    <SARD>918</SARD>
    <SICI>1908</SICI>
    <SUD>2659</SUD>
  </marketintervaldetail>
  <marketintervaldetail>
    <Data>20151212</Data>
    <Mercato>MGP</Mercato>
    <Ora>15</Ora>
    <Totale>30617</Totale>
    <CNOR>3254</CNOR>
    <CSUD>5323</CSUD>
    <NORD>16434</NORD>
    <SARD>954</SARD>
    <SICI>1993</SICI>
    <SUD>2659</SUD>
  </marketintervaldetail>
  <marketintervaldetail>
    <Data>20151212</Data>
    <Mercato>MGP</Mercato>
    <Ora>16</Ora>
    <Totale>31249</Totale>
    <CNOR>3318</CNOR>
    <CSUD>5333</CSUD>
    <NORD>16688</NORD>
    <SARD>971</SARD>
    <SICI>2089</SICI>
    <SUD>2850</SUD>
  </marketintervaldetail>
  <marketintervaldetail>
    <Data>20151212</Data>
    <Mercato>MGP</Mercato>
    <Ora>17</Ora>
    <Totale>33365</Totale>
    <CNOR>3615</CNOR>
    <CSUD>5800</CSUD>
    <NORD>17738</NORD>
    <SARD>997</SARD>
    <SICI>2209</SICI>
    <SUD>3006</SUD>
  </marketintervaldetail>
  <marketintervaldetail>
    <Data>20151212</Data>
    <Mercato>MGP</Mercato>
    <Ora>18</Ora>
    <Totale>37212</Totale>
    <CNOR>3918</CNOR>
    <CSUD>6687</CSUD>
    <NORD>19494</NORD>
    <SARD>1113</SARD>
    <SICI>2548</SICI>
    <SUD>3452</SUD>
  </marketintervaldetail>
  <marketintervaldetail>
    <Data>20151212</Data>
    <Mercato>MGP</Mercato>
    <Ora>19</Ora>
    <Totale>37964</Totale>
    <CNOR>3938</CNOR>
    <CSUD>6878</CSUD>
    <NORD>19892</NORD>
    <SARD>1151</SARD>
    <SICI>2631</SICI>
    <SUD>3474</SUD>
  </marketintervaldetail>
  <marketintervaldetail>
    <Data>20151212</Data>
    <Mercato>MGP</Mercato>
    <Ora>20</Ora>
    <Totale>37904</Totale>
    <CNOR>4036</CNOR>
    <CSUD>6833</CSUD>
    <NORD>19634</NORD>
    <SARD>1155</SARD>
    <SICI>2652</SICI>
    <SUD>3594</SUD>
  </marketintervaldetail>
  <marketintervaldetail>
    <Data>20151212</Data>
    <Mercato>MGP</Mercato>
    <Ora>21</Ora>
    <Totale>35911</Totale>
    <CNOR>3806</CNOR>
    <CSUD>6415</CSUD>
    <NORD>18335</NORD>
    <SARD>1132</SARD>
    <SICI>2589</SICI>
    <SUD>3634</SUD>
  </marketintervaldetail>
  <marketintervaldetail>
    <Data>20151212</Data>
    <Mercato>MGP</Mercato>
    <Ora>22</Ora>
    <Totale>33345</Totale>
    <CNOR>3403</CNOR>
    <CSUD>5952</CSUD>
    <NORD>17113</NORD>
    <SARD>1060</SARD>
    <SICI>2411</SICI>
    <SUD>3406</SUD>
  </marketintervaldetail>
  <marketintervaldetail>
    <Data>20151212</Data>
    <Mercato>MGP</Mercato>
    <Ora>23</Ora>
    <Totale>30558</Totale>
    <CNOR>3055</CNOR>
    <CSUD>5444</CSUD>
    <NORD>15800</NORD>
    <SARD>987</SARD>
    <SICI>2239</SICI>
    <SUD>3033</SUD>
  </marketintervaldetail>
  <marketintervaldetail>
    <Data>20151212</Data>
    <Mercato>MGP</Mercato>
    <Ora>24</Ora>
    <Totale>27718</Totale>
    <CNOR>2806</CNOR>
    <CSUD>4881</CSUD>
    <NORD>14459</NORD>
    <SARD>901</SARD>
    <SICI>2007</SICI>
    <SUD>2664</SUD>
  </marketintervaldetail>
</NewDataSet>