<?xml version="1.0" standalone="yes"?>
<NewDataSet>
  <xs:schema id="NewDataSet" xmlns="" xmlns:xs="http://www.w3.org/2001/XMLSchema" xmlns:msdata="urn:schemas-microsoft-com:xml-msdata">
    <xs:element name="NewDataSet" msdata:IsDataSet="true" msdata:UseCurrentLocale="true">
      <xs:complexType>
        <xs:choice minOccurs="0" maxOccurs="unbounded">
          <xs:element name="Prezzi">
            <xs:complexType>
              <xs:sequence>
                <xs:element name="Data" type="xs:string" minOccurs="0" />
                <xs:element name="Mercato" type="xs:string" minOccurs="0" />
                <xs:element name="Ora" type="xs:string" minOccurs="0" />
                <xs:element name="PUN" type="xs:string" minOccurs="0" />
                <xs:element name="NAT" type="xs:string" minOccurs="0" />
                <xs:element name="CNOR" type="xs:string" minOccurs="0" />
                <xs:element name="CSUD" type="xs:string" minOccurs="0" />
                <xs:element name="NORD" type="xs:string" minOccurs="0" />
                <xs:element name="SARD" type="xs:string" minOccurs="0" />
                <xs:element name="SICI" type="xs:string" minOccurs="0" />
                <xs:element name="SUD" type="xs:string" minOccurs="0" />
                <xs:element name="AUST" type="xs:string" minOccurs="0" />
                <xs:element name="BRNN" type="xs:string" minOccurs="0" />
                <xs:element name="COAC" type="xs:string" minOccurs="0" />
                <xs:element name="CORS" type="xs:string" minOccurs="0" />
                <xs:element name="FOGN" type="xs:string" minOccurs="0" />
                <xs:element name="FRAN" type="xs:string" minOccurs="0" />
                <xs:element name="GREC" type="xs:string" minOccurs="0" />
                <xs:element name="MFTV" type="xs:string" minOccurs="0" />
                <xs:element name="PRGP" type="xs:string" minOccurs="0" />
                <xs:element name="ROSN" type="xs:string" minOccurs="0" />
                <xs:element name="SLOV" type="xs:string" minOccurs="0" />
                <xs:element name="SVIZ" type="xs:string" minOccurs="0" />
                <xs:element name="BSP" type="xs:string" minOccurs="0" />
                <xs:element name="MALT" type="xs:string" minOccurs="0" />
                <xs:element name="XAUS" type="xs:string" minOccurs="0" />
                <xs:element name="XFRA" type="xs:string" minOccurs="0" />
              </xs:sequence>
            </xs:complexType>
          </xs:element>
        </xs:choice>
      </xs:complexType>
    </xs:element>
  </xs:schema>
  <Prezzi>
    <Data>20171031</Data>
    <Mercato>MGP</Mercato>
    <Ora>1</Ora>
    <PUN>46,460000</PUN>
    <NAT>46,460000</NAT>
    <CNOR>46,460000</CNOR>
    <CSUD>46,460000</CSUD>
    <NORD>46,460000</NORD>
    <SARD>46,460000</SARD>
    <SICI>46,460000</SICI>
    <SUD>46,460000</SUD>
    <AUST>46,460000</AUST>
    <BRNN>46,460000</BRNN>
    <COAC>46,460000</COAC>
    <CORS>46,460000</CORS>
    <FOGN>46,460000</FOGN>
    <FRAN>46,460000</FRAN>
    <GREC>46,460000</GREC>
    <MFTV>46,460000</MFTV>
    <PRGP>46,460000</PRGP>
    <ROSN>46,460000</ROSN>
    <SLOV>46,460000</SLOV>
    <SVIZ>46,460000</SVIZ>
    <BSP>46,460000</BSP>
    <MALT>46,460000</MALT>
    <XAUS>46,460000</XAUS>
    <XFRA>46,460000</XFRA>
  </Prezzi>
  <Prezzi>
    <Data>20171031</Data>
    <Mercato>MGP</Mercato>
    <Ora>2</Ora>
    <PUN>44,046210</PUN>
    <NAT>44,000000</NAT>
    <CNOR>44,046210</CNOR>
    <CSUD>44,046210</CSUD>
    <NORD>44,046210</NORD>
    <SARD>44,046210</SARD>
    <SICI>44,046210</SICI>
    <SUD>44,046210</SUD>
    <AUST>44,046210</AUST>
    <BRNN>44,046210</BRNN>
    <COAC>44,046210</COAC>
    <CORS>44,046210</CORS>
    <FOGN>44,046210</FOGN>
    <FRAN>44,046210</FRAN>
    <GREC>44,046210</GREC>
    <MFTV>44,046210</MFTV>
    <PRGP>44,046210</PRGP>
    <ROSN>44,046210</ROSN>
    <SLOV>44,046210</SLOV>
    <SVIZ>44,046210</SVIZ>
    <BSP>44,046210</BSP>
    <MALT>44,046210</MALT>
    <XAUS>44,046210</XAUS>
    <XFRA>44,046210</XFRA>
  </Prezzi>
  <Prezzi>
    <Data>20171031</Data>
    <Mercato>MGP</Mercato>
    <Ora>3</Ora>
    <PUN>43,200000</PUN>
    <NAT>41,550000</NAT>
    <CNOR>43,200000</CNOR>
    <CSUD>43,200000</CSUD>
    <NORD>43,200000</NORD>
    <SARD>43,200000</SARD>
    <SICI>43,200000</SICI>
    <SUD>43,200000</SUD>
    <AUST>43,200000</AUST>
    <BRNN>43,200000</BRNN>
    <COAC>43,200000</COAC>
    <CORS>43,200000</CORS>
    <FOGN>43,200000</FOGN>
    <FRAN>43,200000</FRAN>
    <GREC>43,200000</GREC>
    <MFTV>43,200000</MFTV>
    <PRGP>43,200000</PRGP>
    <ROSN>43,200000</ROSN>
    <SLOV>43,200000</SLOV>
    <SVIZ>43,200000</SVIZ>
    <BSP>43,200000</BSP>
    <MALT>43,200000</MALT>
    <XAUS>43,200000</XAUS>
    <XFRA>43,200000</XFRA>
  </Prezzi>
  <Prezzi>
    <Data>20171031</Data>
    <Mercato>MGP</Mercato>
    <Ora>4</Ora>
    <PUN>40,690000</PUN>
    <NAT>40,690000</NAT>
    <CNOR>40,690000</CNOR>
    <CSUD>40,690000</CSUD>
    <NORD>40,690000</NORD>
    <SARD>40,690000</SARD>
    <SICI>40,690000</SICI>
    <SUD>40,690000</SUD>
    <AUST>40,690000</AUST>
    <BRNN>40,690000</BRNN>
    <COAC>40,690000</COAC>
    <CORS>40,690000</CORS>
    <FOGN>40,690000</FOGN>
    <FRAN>40,690000</FRAN>
    <GREC>40,690000</GREC>
    <MFTV>40,690000</MFTV>
    <PRGP>40,690000</PRGP>
    <ROSN>40,690000</ROSN>
    <SLOV>40,690000</SLOV>
    <SVIZ>40,690000</SVIZ>
    <BSP>40,690000</BSP>
    <MALT>40,690000</MALT>
    <XAUS>40,690000</XAUS>
    <XFRA>40,690000</XFRA>
  </Prezzi>
  <Prezzi>
    <Data>20171031</Data>
    <Mercato>MGP</Mercato>
    <Ora>5</Ora>
    <PUN>40,190000</PUN>
    <NAT>40,190000</NAT>
    <CNOR>40,190000</CNOR>
    <CSUD>40,190000</CSUD>
    <NORD>40,190000</NORD>
    <SARD>40,190000</SARD>
    <SICI>40,190000</SICI>
    <SUD>40,190000</SUD>
    <AUST>40,190000</AUST>
    <BRNN>40,190000</BRNN>
    <COAC>40,190000</COAC>
    <CORS>40,190000</CORS>
    <FOGN>40,190000</FOGN>
    <FRAN>40,190000</FRAN>
    <GREC>40,190000</GREC>
    <MFTV>40,190000</MFTV>
    <PRGP>40,190000</PRGP>
    <ROSN>40,190000</ROSN>
    <SLOV>40,190000</SLOV>
    <SVIZ>40,190000</SVIZ>
    <BSP>40,190000</BSP>
    <MALT>40,190000</MALT>
    <XAUS>40,190000</XAUS>
    <XFRA>40,190000</XFRA>
  </Prezzi>
  <Prezzi>
    <Data>20171031</Data>
    <Mercato>MGP</Mercato>
    <Ora>6</Ora>
    <PUN>43,670000</PUN>
    <NAT>43,670000</NAT>
    <CNOR>43,670000</CNOR>
    <CSUD>43,670000</CSUD>
    <NORD>43,670000</NORD>
    <SARD>43,670000</SARD>
    <SICI>43,670000</SICI>
    <SUD>43,670000</SUD>
    <AUST>43,670000</AUST>
    <BRNN>43,670000</BRNN>
    <COAC>43,670000</COAC>
    <CORS>43,670000</CORS>
    <FOGN>43,670000</FOGN>
    <FRAN>43,670000</FRAN>
    <GREC>43,670000</GREC>
    <MFTV>43,670000</MFTV>
    <PRGP>43,670000</PRGP>
    <ROSN>43,670000</ROSN>
    <SLOV>43,670000</SLOV>
    <SVIZ>43,670000</SVIZ>
    <BSP>43,670000</BSP>
    <MALT>43,670000</MALT>
    <XAUS>43,670000</XAUS>
    <XFRA>43,670000</XFRA>
  </Prezzi>
  <Prezzi>
    <Data>20171031</Data>
    <Mercato>MGP</Mercato>
    <Ora>7</Ora>
    <PUN>50,972540</PUN>
    <NAT>50,580000</NAT>
    <CNOR>50,580000</CNOR>
    <CSUD>50,580000</CSUD>
    <NORD>50,580000</NORD>
    <SARD>50,580000</SARD>
    <SICI>57,990000</SICI>
    <SUD>50,580000</SUD>
    <AUST>50,580000</AUST>
    <BRNN>50,580000</BRNN>
    <COAC>50,580000</COAC>
    <CORS>50,580000</CORS>
    <FOGN>50,580000</FOGN>
    <FRAN>50,580000</FRAN>
    <GREC>50,580000</GREC>
    <MFTV>50,580000</MFTV>
    <PRGP>57,990000</PRGP>
    <ROSN>50,580000</ROSN>
    <SLOV>50,580000</SLOV>
    <SVIZ>50,580000</SVIZ>
    <BSP>50,580000</BSP>
    <MALT>57,990000</MALT>
    <XAUS>50,580000</XAUS>
    <XFRA>50,580000</XFRA>
  </Prezzi>
  <Prezzi>
    <Data>20171031</Data>
    <Mercato>MGP</Mercato>
    <Ora>8</Ora>
    <PUN>64,722560</PUN>
    <NAT>64,000000</NAT>
    <CNOR>63,947710</CNOR>
    <CSUD>63,947710</CSUD>
    <NORD>63,947710</NORD>
    <SARD>63,947710</SARD>
    <SICI>78,990000</SICI>
    <SUD>63,947710</SUD>
    <AUST>63,947710</AUST>
    <BRNN>63,947710</BRNN>
    <COAC>63,947710</COAC>
    <CORS>63,947710</CORS>
    <FOGN>63,947710</FOGN>
    <FRAN>63,947710</FRAN>
    <GREC>63,947710</GREC>
    <MFTV>63,947710</MFTV>
    <PRGP>78,990000</PRGP>
    <ROSN>63,947710</ROSN>
    <SLOV>63,947710</SLOV>
    <SVIZ>63,947710</SVIZ>
    <BSP>63,947710</BSP>
    <MALT>78,990000</MALT>
    <XAUS>63,947710</XAUS>
    <XFRA>63,947710</XFRA>
  </Prezzi>
  <Prezzi>
    <Data>20171031</Data>
    <Mercato>MGP</Mercato>
    <Ora>9</Ora>
    <PUN>70,060000</PUN>
    <NAT>70,060000</NAT>
    <CNOR>70,060000</CNOR>
    <CSUD>70,060000</CSUD>
    <NORD>70,060000</NORD>
    <SARD>70,060000</SARD>
    <SICI>70,060000</SICI>
    <SUD>70,060000</SUD>
    <AUST>70,060000</AUST>
    <BRNN>70,060000</BRNN>
    <COAC>70,060000</COAC>
    <CORS>70,060000</CORS>
    <FOGN>70,060000</FOGN>
    <FRAN>70,060000</FRAN>
    <GREC>70,060000</GREC>
    <MFTV>70,060000</MFTV>
    <PRGP>70,060000</PRGP>
    <ROSN>70,060000</ROSN>
    <SLOV>70,060000</SLOV>
    <SVIZ>70,060000</SVIZ>
    <BSP>70,060000</BSP>
    <MALT>70,060000</MALT>
    <XAUS>70,060000</XAUS>
    <XFRA>70,060000</XFRA>
  </Prezzi>
  <Prezzi>
    <Data>20171031</Data>
    <Mercato>MGP</Mercato>
    <Ora>10</Ora>
    <PUN>70,380000</PUN>
    <NAT>70,380000</NAT>
    <CNOR>70,380000</CNOR>
    <CSUD>70,380000</CSUD>
    <NORD>70,380000</NORD>
    <SARD>70,380000</SARD>
    <SICI>70,380000</SICI>
    <SUD>70,380000</SUD>
    <AUST>70,380000</AUST>
    <BRNN>70,380000</BRNN>
    <COAC>70,380000</COAC>
    <CORS>70,380000</CORS>
    <FOGN>70,380000</FOGN>
    <FRAN>70,380000</FRAN>
    <GREC>70,380000</GREC>
    <MFTV>70,380000</MFTV>
    <PRGP>70,380000</PRGP>
    <ROSN>70,380000</ROSN>
    <SLOV>70,380000</SLOV>
    <SVIZ>70,380000</SVIZ>
    <BSP>70,380000</BSP>
    <MALT>70,380000</MALT>
    <XAUS>70,380000</XAUS>
    <XFRA>70,380000</XFRA>
  </Prezzi>
  <Prezzi>
    <Data>20171031</Data>
    <Mercato>MGP</Mercato>
    <Ora>11</Ora>
    <PUN>64,766420</PUN>
    <NAT>65,000000</NAT>
    <CNOR>66,990000</CNOR>
    <CSUD>59,460000</CSUD>
    <NORD>66,990000</NORD>
    <SARD>59,460000</SARD>
    <SICI>59,460000</SICI>
    <SUD>59,460000</SUD>
    <AUST>66,990000</AUST>
    <BRNN>59,460000</BRNN>
    <COAC>59,460000</COAC>
    <CORS>66,990000</CORS>
    <FOGN>59,460000</FOGN>
    <FRAN>66,990000</FRAN>
    <GREC>59,460000</GREC>
    <MFTV>66,990000</MFTV>
    <PRGP>59,460000</PRGP>
    <ROSN>59,460000</ROSN>
    <SLOV>66,990000</SLOV>
    <SVIZ>66,990000</SVIZ>
    <BSP>66,990000</BSP>
    <MALT>59,460000</MALT>
    <XAUS>66,990000</XAUS>
    <XFRA>66,990000</XFRA>
  </Prezzi>
  <Prezzi>
    <Data>20171031</Data>
    <Mercato>MGP</Mercato>
    <Ora>12</Ora>
    <PUN>60,544260</PUN>
    <NAT>60,000000</NAT>
    <CNOR>64,000000</CNOR>
    <CSUD>52,250000</CSUD>
    <NORD>64,000000</NORD>
    <SARD>52,250000</SARD>
    <SICI>52,250000</SICI>
    <SUD>52,250000</SUD>
    <AUST>64,000000</AUST>
    <BRNN>52,250000</BRNN>
    <COAC>52,250000</COAC>
    <CORS>64,000000</CORS>
    <FOGN>52,250000</FOGN>
    <FRAN>64,000000</FRAN>
    <GREC>52,250000</GREC>
    <MFTV>64,000000</MFTV>
    <PRGP>52,250000</PRGP>
    <ROSN>52,250000</ROSN>
    <SLOV>64,000000</SLOV>
    <SVIZ>64,000000</SVIZ>
    <BSP>64,000000</BSP>
    <MALT>52,250000</MALT>
    <XAUS>64,000000</XAUS>
    <XFRA>64,000000</XFRA>
  </Prezzi>
  <Prezzi>
    <Data>20171031</Data>
    <Mercato>MGP</Mercato>
    <Ora>13</Ora>
    <PUN>58,408620</PUN>
    <NAT>58,000000</NAT>
    <CNOR>59,033010</CNOR>
    <CSUD>57,000000</CSUD>
    <NORD>59,033010</NORD>
    <SARD>57,000000</SARD>
    <SICI>57,000000</SICI>
    <SUD>57,000000</SUD>
    <AUST>59,033010</AUST>
    <BRNN>57,000000</BRNN>
    <COAC>57,000000</COAC>
    <CORS>59,033010</CORS>
    <FOGN>57,000000</FOGN>
    <FRAN>59,033010</FRAN>
    <GREC>57,000000</GREC>
    <MFTV>59,033010</MFTV>
    <PRGP>57,000000</PRGP>
    <ROSN>57,000000</ROSN>
    <SLOV>59,033010</SLOV>
    <SVIZ>59,033010</SVIZ>
    <BSP>59,033010</BSP>
    <MALT>57,000000</MALT>
    <XAUS>59,033010</XAUS>
    <XFRA>59,033010</XFRA>
  </Prezzi>
  <Prezzi>
    <Data>20171031</Data>
    <Mercato>MGP</Mercato>
    <Ora>14</Ora>
    <PUN>59,440000</PUN>
    <NAT>59,440000</NAT>
    <CNOR>59,440000</CNOR>
    <CSUD>59,440000</CSUD>
    <NORD>59,440000</NORD>
    <SARD>59,440000</SARD>
    <SICI>59,440000</SICI>
    <SUD>59,440000</SUD>
    <AUST>59,440000</AUST>
    <BRNN>59,440000</BRNN>
    <COAC>59,440000</COAC>
    <CORS>59,440000</CORS>
    <FOGN>59,440000</FOGN>
    <FRAN>59,440000</FRAN>
    <GREC>59,440000</GREC>
    <MFTV>59,440000</MFTV>
    <PRGP>59,440000</PRGP>
    <ROSN>59,440000</ROSN>
    <SLOV>59,440000</SLOV>
    <SVIZ>59,440000</SVIZ>
    <BSP>59,440000</BSP>
    <MALT>59,440000</MALT>
    <XAUS>59,440000</XAUS>
    <XFRA>59,440000</XFRA>
  </Prezzi>
  <Prezzi>
    <Data>20171031</Data>
    <Mercato>MGP</Mercato>
    <Ora>15</Ora>
    <PUN>66,660000</PUN>
    <NAT>66,660000</NAT>
    <CNOR>66,660000</CNOR>
    <CSUD>66,660000</CSUD>
    <NORD>66,660000</NORD>
    <SARD>66,660000</SARD>
    <SICI>66,660000</SICI>
    <SUD>66,660000</SUD>
    <AUST>66,660000</AUST>
    <BRNN>66,660000</BRNN>
    <COAC>66,660000</COAC>
    <CORS>66,660000</CORS>
    <FOGN>66,660000</FOGN>
    <FRAN>66,660000</FRAN>
    <GREC>66,660000</GREC>
    <MFTV>66,660000</MFTV>
    <PRGP>66,660000</PRGP>
    <ROSN>66,660000</ROSN>
    <SLOV>66,660000</SLOV>
    <SVIZ>66,660000</SVIZ>
    <BSP>66,660000</BSP>
    <MALT>66,660000</MALT>
    <XAUS>66,660000</XAUS>
    <XFRA>66,660000</XFRA>
  </Prezzi>
  <Prezzi>
    <Data>20171031</Data>
    <Mercato>MGP</Mercato>
    <Ora>16</Ora>
    <PUN>69,000000</PUN>
    <NAT>69,000000</NAT>
    <CNOR>69,000000</CNOR>
    <CSUD>69,000000</CSUD>
    <NORD>69,000000</NORD>
    <SARD>69,000000</SARD>
    <SICI>69,000000</SICI>
    <SUD>69,000000</SUD>
    <AUST>69,000000</AUST>
    <BRNN>69,000000</BRNN>
    <COAC>69,000000</COAC>
    <CORS>69,000000</CORS>
    <FOGN>69,000000</FOGN>
    <FRAN>69,000000</FRAN>
    <GREC>69,000000</GREC>
    <MFTV>69,000000</MFTV>
    <PRGP>69,000000</PRGP>
    <ROSN>69,000000</ROSN>
    <SLOV>69,000000</SLOV>
    <SVIZ>69,000000</SVIZ>
    <BSP>69,000000</BSP>
    <MALT>69,000000</MALT>
    <XAUS>69,000000</XAUS>
    <XFRA>69,000000</XFRA>
  </Prezzi>
  <Prezzi>
    <Data>20171031</Data>
    <Mercato>MGP</Mercato>
    <Ora>17</Ora>
    <PUN>71,719840</PUN>
    <NAT>71,430000</NAT>
    <CNOR>72,010000</CNOR>
    <CSUD>71,050000</CSUD>
    <NORD>72,010000</NORD>
    <SARD>71,050000</SARD>
    <SICI>71,050000</SICI>
    <SUD>71,050000</SUD>
    <AUST>72,010000</AUST>
    <BRNN>71,050000</BRNN>
    <COAC>71,050000</COAC>
    <CORS>72,010000</CORS>
    <FOGN>71,050000</FOGN>
    <FRAN>72,010000</FRAN>
    <GREC>71,050000</GREC>
    <MFTV>72,010000</MFTV>
    <PRGP>71,050000</PRGP>
    <ROSN>71,050000</ROSN>
    <SLOV>72,010000</SLOV>
    <SVIZ>72,010000</SVIZ>
    <BSP>72,010000</BSP>
    <MALT>71,050000</MALT>
    <XAUS>72,010000</XAUS>
    <XFRA>72,010000</XFRA>
  </Prezzi>
  <Prezzi>
    <Data>20171031</Data>
    <Mercato>MGP</Mercato>
    <Ora>18</Ora>
    <PUN>71,187610</PUN>
    <NAT>71,050000</NAT>
    <CNOR>70,380000</CNOR>
    <CSUD>70,380000</CSUD>
    <NORD>70,380000</NORD>
    <SARD>70,380000</SARD>
    <SICI>85,010000</SICI>
    <SUD>70,380000</SUD>
    <AUST>70,380000</AUST>
    <BRNN>70,380000</BRNN>
    <COAC>70,380000</COAC>
    <CORS>70,380000</CORS>
    <FOGN>70,380000</FOGN>
    <FRAN>70,380000</FRAN>
    <GREC>70,380000</GREC>
    <MFTV>70,380000</MFTV>
    <PRGP>85,010000</PRGP>
    <ROSN>70,380000</ROSN>
    <SLOV>70,380000</SLOV>
    <SVIZ>70,380000</SVIZ>
    <BSP>70,380000</BSP>
    <MALT>85,010000</MALT>
    <XAUS>70,380000</XAUS>
    <XFRA>70,380000</XFRA>
  </Prezzi>
  <Prezzi>
    <Data>20171031</Data>
    <Mercato>MGP</Mercato>
    <Ora>19</Ora>
    <PUN>73,200220</PUN>
    <NAT>75,000000</NAT>
    <CNOR>72,010000</CNOR>
    <CSUD>72,010000</CSUD>
    <NORD>72,010000</NORD>
    <SARD>72,010000</SARD>
    <SICI>92,900000</SICI>
    <SUD>72,010000</SUD>
    <AUST>72,010000</AUST>
    <BRNN>72,010000</BRNN>
    <COAC>72,010000</COAC>
    <CORS>72,010000</CORS>
    <FOGN>72,010000</FOGN>
    <FRAN>72,010000</FRAN>
    <GREC>72,010000</GREC>
    <MFTV>72,010000</MFTV>
    <PRGP>92,900000</PRGP>
    <ROSN>72,010000</ROSN>
    <SLOV>72,010000</SLOV>
    <SVIZ>72,010000</SVIZ>
    <BSP>72,010000</BSP>
    <MALT>92,900000</MALT>
    <XAUS>72,010000</XAUS>
    <XFRA>72,010000</XFRA>
  </Prezzi>
  <Prezzi>
    <Data>20171031</Data>
    <Mercato>MGP</Mercato>
    <Ora>20</Ora>
    <PUN>73,542130</PUN>
    <NAT>75,000000</NAT>
    <CNOR>72,174760</CNOR>
    <CSUD>72,174760</CSUD>
    <NORD>72,174760</NORD>
    <SARD>72,174760</SARD>
    <SICI>95,420000</SICI>
    <SUD>72,174760</SUD>
    <AUST>72,174760</AUST>
    <BRNN>72,174760</BRNN>
    <COAC>72,174760</COAC>
    <CORS>72,174760</CORS>
    <FOGN>72,174760</FOGN>
    <FRAN>72,174760</FRAN>
    <GREC>72,174760</GREC>
    <MFTV>72,174760</MFTV>
    <PRGP>95,420000</PRGP>
    <ROSN>72,174760</ROSN>
    <SLOV>72,174760</SLOV>
    <SVIZ>72,174760</SVIZ>
    <BSP>72,174760</BSP>
    <MALT>95,420000</MALT>
    <XAUS>72,174760</XAUS>
    <XFRA>72,174760</XFRA>
  </Prezzi>
  <Prezzi>
    <Data>20171031</Data>
    <Mercato>MGP</Mercato>
    <Ora>21</Ora>
    <PUN>70,201270</PUN>
    <NAT>70,060000</NAT>
    <CNOR>68,760000</CNOR>
    <CSUD>68,760000</CSUD>
    <NORD>68,760000</NORD>
    <SARD>68,760000</SARD>
    <SICI>92,900000</SICI>
    <SUD>68,760000</SUD>
    <AUST>68,760000</AUST>
    <BRNN>68,760000</BRNN>
    <COAC>68,760000</COAC>
    <CORS>68,760000</CORS>
    <FOGN>68,760000</FOGN>
    <FRAN>68,760000</FRAN>
    <GREC>68,760000</GREC>
    <MFTV>68,760000</MFTV>
    <PRGP>92,900000</PRGP>
    <ROSN>68,760000</ROSN>
    <SLOV>68,760000</SLOV>
    <SVIZ>68,760000</SVIZ>
    <BSP>68,760000</BSP>
    <MALT>92,900000</MALT>
    <XAUS>68,760000</XAUS>
    <XFRA>68,760000</XFRA>
  </Prezzi>
  <Prezzi>
    <Data>20171031</Data>
    <Mercato>MGP</Mercato>
    <Ora>22</Ora>
    <PUN>59,460000</PUN>
    <NAT>59,460000</NAT>
    <CNOR>59,460000</CNOR>
    <CSUD>59,460000</CSUD>
    <NORD>59,460000</NORD>
    <SARD>59,460000</SARD>
    <SICI>59,460000</SICI>
    <SUD>59,460000</SUD>
    <AUST>59,460000</AUST>
    <BRNN>59,460000</BRNN>
    <COAC>59,460000</COAC>
    <CORS>59,460000</CORS>
    <FOGN>59,460000</FOGN>
    <FRAN>59,460000</FRAN>
    <GREC>59,460000</GREC>
    <MFTV>59,460000</MFTV>
    <PRGP>59,460000</PRGP>
    <ROSN>59,460000</ROSN>
    <SLOV>59,460000</SLOV>
    <SVIZ>59,460000</SVIZ>
    <BSP>59,460000</BSP>
    <MALT>59,460000</MALT>
    <XAUS>59,460000</XAUS>
    <XFRA>59,460000</XFRA>
  </Prezzi>
  <Prezzi>
    <Data>20171031</Data>
    <Mercato>MGP</Mercato>
    <Ora>23</Ora>
    <PUN>56,440000</PUN>
    <NAT>56,440000</NAT>
    <CNOR>56,440000</CNOR>
    <CSUD>56,440000</CSUD>
    <NORD>56,440000</NORD>
    <SARD>56,440000</SARD>
    <SICI>56,440000</SICI>
    <SUD>56,440000</SUD>
    <AUST>56,440000</AUST>
    <BRNN>56,440000</BRNN>
    <COAC>56,440000</COAC>
    <CORS>56,440000</CORS>
    <FOGN>56,440000</FOGN>
    <FRAN>56,440000</FRAN>
    <GREC>56,440000</GREC>
    <MFTV>56,440000</MFTV>
    <PRGP>56,440000</PRGP>
    <ROSN>56,440000</ROSN>
    <SLOV>56,440000</SLOV>
    <SVIZ>56,440000</SVIZ>
    <BSP>56,440000</BSP>
    <MALT>56,440000</MALT>
    <XAUS>56,440000</XAUS>
    <XFRA>56,440000</XFRA>
  </Prezzi>
  <Prezzi>
    <Data>20171031</Data>
    <Mercato>MGP</Mercato>
    <Ora>24</Ora>
    <PUN>51,000000</PUN>
    <NAT>51,000000</NAT>
    <CNOR>51,000000</CNOR>
    <CSUD>51,000000</CSUD>
    <NORD>51,000000</NORD>
    <SARD>51,000000</SARD>
    <SICI>51,000000</SICI>
    <SUD>51,000000</SUD>
    <AUST>51,000000</AUST>
    <BRNN>51,000000</BRNN>
    <COAC>51,000000</COAC>
    <CORS>51,000000</CORS>
    <FOGN>51,000000</FOGN>
    <FRAN>51,000000</FRAN>
    <GREC>51,000000</GREC>
    <MFTV>51,000000</MFTV>
    <PRGP>51,000000</PRGP>
    <ROSN>51,000000</ROSN>
    <SLOV>51,000000</SLOV>
    <SVIZ>51,000000</SVIZ>
    <BSP>51,000000</BSP>
    <MALT>51,000000</MALT>
    <XAUS>51,000000</XAUS>
    <XFRA>51,000000</XFRA>
  </Prezzi>
</NewDataSet>