<?xml version="1.0" standalone="yes"?>
<NewDataSet>
  <xs:schema id="NewDataSet" xmlns="" xmlns:xs="http://www.w3.org/2001/XMLSchema" xmlns:msdata="urn:schemas-microsoft-com:xml-msdata">
    <xs:element name="NewDataSet" msdata:IsDataSet="true" msdata:UseCurrentLocale="true">
      <xs:complexType>
        <xs:choice minOccurs="0" maxOccurs="unbounded">
          <xs:element name="Prezzi">
            <xs:complexType>
              <xs:sequence>
                <xs:element name="Data" type="xs:string" minOccurs="0" />
                <xs:element name="Mercato" type="xs:string" minOccurs="0" />
                <xs:element name="Ora" type="xs:string" minOccurs="0" />
                <xs:element name="PUN" type="xs:string" minOccurs="0" />
                <xs:element name="NAT" type="xs:string" minOccurs="0" />
                <xs:element name="CNOR" type="xs:string" minOccurs="0" />
                <xs:element name="CSUD" type="xs:string" minOccurs="0" />
                <xs:element name="NORD" type="xs:string" minOccurs="0" />
                <xs:element name="SARD" type="xs:string" minOccurs="0" />
                <xs:element name="SICI" type="xs:string" minOccurs="0" />
                <xs:element name="SUD" type="xs:string" minOccurs="0" />
                <xs:element name="AUST" type="xs:string" minOccurs="0" />
                <xs:element name="BRNN" type="xs:string" minOccurs="0" />
                <xs:element name="COAC" type="xs:string" minOccurs="0" />
                <xs:element name="CORS" type="xs:string" minOccurs="0" />
                <xs:element name="FOGN" type="xs:string" minOccurs="0" />
                <xs:element name="FRAN" type="xs:string" minOccurs="0" />
                <xs:element name="GREC" type="xs:string" minOccurs="0" />
                <xs:element name="MFTV" type="xs:string" minOccurs="0" />
                <xs:element name="PRGP" type="xs:string" minOccurs="0" />
                <xs:element name="ROSN" type="xs:string" minOccurs="0" />
                <xs:element name="SLOV" type="xs:string" minOccurs="0" />
                <xs:element name="SVIZ" type="xs:string" minOccurs="0" />
                <xs:element name="BSP" type="xs:string" minOccurs="0" />
                <xs:element name="MALT" type="xs:string" minOccurs="0" />
                <xs:element name="XAUS" type="xs:string" minOccurs="0" />
                <xs:element name="XFRA" type="xs:string" minOccurs="0" />
              </xs:sequence>
            </xs:complexType>
          </xs:element>
        </xs:choice>
      </xs:complexType>
    </xs:element>
  </xs:schema>
  <Prezzi>
    <Data>20171006</Data>
    <Mercato>MGP</Mercato>
    <Ora>1</Ora>
    <PUN>46,735480</PUN>
    <NAT>46,340000</NAT>
    <CNOR>45,840000</CNOR>
    <CSUD>45,840000</CSUD>
    <NORD>45,840000</NORD>
    <SARD>45,840000</SARD>
    <SICI>61,690000</SICI>
    <SUD>45,840000</SUD>
    <AUST>45,840000</AUST>
    <BRNN>45,840000</BRNN>
    <COAC>45,840000</COAC>
    <CORS>3000,000000</CORS>
    <FOGN>45,840000</FOGN>
    <FRAN>45,840000</FRAN>
    <GREC>45,840000</GREC>
    <MFTV>45,840000</MFTV>
    <PRGP>61,690000</PRGP>
    <ROSN>45,840000</ROSN>
    <SLOV>45,840000</SLOV>
    <SVIZ>45,840000</SVIZ>
    <BSP>45,840000</BSP>
    <MALT>61,690000</MALT>
    <XAUS>45,840000</XAUS>
    <XFRA>45,840000</XFRA>
  </Prezzi>
  <Prezzi>
    <Data>20171006</Data>
    <Mercato>MGP</Mercato>
    <Ora>2</Ora>
    <PUN>43,385180</PUN>
    <NAT>43,290000</NAT>
    <CNOR>42,430000</CNOR>
    <CSUD>42,430000</CSUD>
    <NORD>42,430000</NORD>
    <SARD>42,430000</SARD>
    <SICI>59,450000</SICI>
    <SUD>42,430000</SUD>
    <AUST>42,430000</AUST>
    <BRNN>42,430000</BRNN>
    <COAC>42,430000</COAC>
    <CORS>3000,000000</CORS>
    <FOGN>42,430000</FOGN>
    <FRAN>42,430000</FRAN>
    <GREC>42,430000</GREC>
    <MFTV>42,430000</MFTV>
    <PRGP>59,450000</PRGP>
    <ROSN>42,430000</ROSN>
    <SLOV>42,430000</SLOV>
    <SVIZ>42,430000</SVIZ>
    <BSP>42,430000</BSP>
    <MALT>59,450000</MALT>
    <XAUS>42,430000</XAUS>
    <XFRA>42,430000</XFRA>
  </Prezzi>
  <Prezzi>
    <Data>20171006</Data>
    <Mercato>MGP</Mercato>
    <Ora>3</Ora>
    <PUN>42,176430</PUN>
    <NAT>41,330000</NAT>
    <CNOR>41,330000</CNOR>
    <CSUD>41,330000</CSUD>
    <NORD>41,330000</NORD>
    <SARD>41,330000</SARD>
    <SICI>56,690000</SICI>
    <SUD>41,330000</SUD>
    <AUST>41,330000</AUST>
    <BRNN>41,330000</BRNN>
    <COAC>41,330000</COAC>
    <CORS>3000,000000</CORS>
    <FOGN>41,330000</FOGN>
    <FRAN>41,330000</FRAN>
    <GREC>41,330000</GREC>
    <MFTV>41,330000</MFTV>
    <PRGP>56,690000</PRGP>
    <ROSN>41,330000</ROSN>
    <SLOV>41,330000</SLOV>
    <SVIZ>41,330000</SVIZ>
    <BSP>41,330000</BSP>
    <MALT>56,690000</MALT>
    <XAUS>41,330000</XAUS>
    <XFRA>41,330000</XFRA>
  </Prezzi>
  <Prezzi>
    <Data>20171006</Data>
    <Mercato>MGP</Mercato>
    <Ora>4</Ora>
    <PUN>42,124200</PUN>
    <NAT>41,320000</NAT>
    <CNOR>41,320000</CNOR>
    <CSUD>41,320000</CSUD>
    <NORD>41,320000</NORD>
    <SARD>41,320000</SARD>
    <SICI>55,990000</SICI>
    <SUD>41,320000</SUD>
    <AUST>41,320000</AUST>
    <BRNN>41,320000</BRNN>
    <COAC>41,320000</COAC>
    <CORS>3000,000000</CORS>
    <FOGN>41,320000</FOGN>
    <FRAN>41,320000</FRAN>
    <GREC>41,320000</GREC>
    <MFTV>41,320000</MFTV>
    <PRGP>55,990000</PRGP>
    <ROSN>41,320000</ROSN>
    <SLOV>41,320000</SLOV>
    <SVIZ>41,320000</SVIZ>
    <BSP>41,320000</BSP>
    <MALT>55,990000</MALT>
    <XAUS>41,320000</XAUS>
    <XFRA>41,320000</XFRA>
  </Prezzi>
  <Prezzi>
    <Data>20171006</Data>
    <Mercato>MGP</Mercato>
    <Ora>5</Ora>
    <PUN>41,340270</PUN>
    <NAT>41,320000</NAT>
    <CNOR>41,320000</CNOR>
    <CSUD>41,320000</CSUD>
    <NORD>41,320000</NORD>
    <SARD>41,320000</SARD>
    <SICI>41,690000</SICI>
    <SUD>41,320000</SUD>
    <AUST>41,320000</AUST>
    <BRNN>41,320000</BRNN>
    <COAC>41,320000</COAC>
    <CORS>3000,000000</CORS>
    <FOGN>41,320000</FOGN>
    <FRAN>41,320000</FRAN>
    <GREC>41,320000</GREC>
    <MFTV>41,320000</MFTV>
    <PRGP>41,690000</PRGP>
    <ROSN>41,320000</ROSN>
    <SLOV>41,320000</SLOV>
    <SVIZ>41,320000</SVIZ>
    <BSP>41,320000</BSP>
    <MALT>41,690000</MALT>
    <XAUS>41,320000</XAUS>
    <XFRA>41,320000</XFRA>
  </Prezzi>
  <Prezzi>
    <Data>20171006</Data>
    <Mercato>MGP</Mercato>
    <Ora>6</Ora>
    <PUN>42,774410</PUN>
    <NAT>42,090000</NAT>
    <CNOR>42,010000</CNOR>
    <CSUD>42,010000</CSUD>
    <NORD>42,010000</NORD>
    <SARD>42,010000</SARD>
    <SICI>55,990000</SICI>
    <SUD>42,010000</SUD>
    <AUST>42,010000</AUST>
    <BRNN>42,010000</BRNN>
    <COAC>42,010000</COAC>
    <CORS>3000,000000</CORS>
    <FOGN>42,010000</FOGN>
    <FRAN>42,010000</FRAN>
    <GREC>42,010000</GREC>
    <MFTV>42,010000</MFTV>
    <PRGP>55,990000</PRGP>
    <ROSN>42,010000</ROSN>
    <SLOV>42,010000</SLOV>
    <SVIZ>42,010000</SVIZ>
    <BSP>42,010000</BSP>
    <MALT>55,990000</MALT>
    <XAUS>42,010000</XAUS>
    <XFRA>42,010000</XFRA>
  </Prezzi>
  <Prezzi>
    <Data>20171006</Data>
    <Mercato>MGP</Mercato>
    <Ora>7</Ora>
    <PUN>53,772380</PUN>
    <NAT>53,360000</NAT>
    <CNOR>52,980000</CNOR>
    <CSUD>52,980000</CSUD>
    <NORD>52,980000</NORD>
    <SARD>52,980000</SARD>
    <SICI>68,010000</SICI>
    <SUD>52,980000</SUD>
    <AUST>52,980000</AUST>
    <BRNN>52,980000</BRNN>
    <COAC>52,980000</COAC>
    <CORS>3000,000000</CORS>
    <FOGN>52,980000</FOGN>
    <FRAN>52,980000</FRAN>
    <GREC>52,980000</GREC>
    <MFTV>52,980000</MFTV>
    <PRGP>68,010000</PRGP>
    <ROSN>52,980000</ROSN>
    <SLOV>52,980000</SLOV>
    <SVIZ>52,980000</SVIZ>
    <BSP>52,980000</BSP>
    <MALT>68,010000</MALT>
    <XAUS>52,980000</XAUS>
    <XFRA>52,980000</XFRA>
  </Prezzi>
  <Prezzi>
    <Data>20171006</Data>
    <Mercato>MGP</Mercato>
    <Ora>8</Ora>
    <PUN>63,236610</PUN>
    <NAT>59,850000</NAT>
    <CNOR>64,400000</CNOR>
    <CSUD>54,100000</CSUD>
    <NORD>64,400000</NORD>
    <SARD>54,100000</SARD>
    <SICI>91,280000</SICI>
    <SUD>54,100000</SUD>
    <AUST>64,400000</AUST>
    <BRNN>54,100000</BRNN>
    <COAC>54,100000</COAC>
    <CORS>3000,000000</CORS>
    <FOGN>54,100000</FOGN>
    <FRAN>64,400000</FRAN>
    <GREC>54,100000</GREC>
    <MFTV>64,400000</MFTV>
    <PRGP>91,280000</PRGP>
    <ROSN>54,100000</ROSN>
    <SLOV>64,400000</SLOV>
    <SVIZ>64,400000</SVIZ>
    <BSP>64,400000</BSP>
    <MALT>91,280000</MALT>
    <XAUS>64,400000</XAUS>
    <XFRA>64,400000</XFRA>
  </Prezzi>
  <Prezzi>
    <Data>20171006</Data>
    <Mercato>MGP</Mercato>
    <Ora>9</Ora>
    <PUN>71,930340</PUN>
    <NAT>64,400000</NAT>
    <CNOR>76,740000</CNOR>
    <CSUD>54,100000</CSUD>
    <NORD>76,740000</NORD>
    <SARD>54,100000</SARD>
    <SICI>91,280000</SICI>
    <SUD>54,100000</SUD>
    <AUST>76,740000</AUST>
    <BRNN>54,100000</BRNN>
    <COAC>54,100000</COAC>
    <CORS>3000,000000</CORS>
    <FOGN>54,100000</FOGN>
    <FRAN>76,740000</FRAN>
    <GREC>54,100000</GREC>
    <MFTV>76,740000</MFTV>
    <PRGP>91,280000</PRGP>
    <ROSN>54,100000</ROSN>
    <SLOV>76,740000</SLOV>
    <SVIZ>76,740000</SVIZ>
    <BSP>76,740000</BSP>
    <MALT>91,280000</MALT>
    <XAUS>76,740000</XAUS>
    <XFRA>76,740000</XFRA>
  </Prezzi>
  <Prezzi>
    <Data>20171006</Data>
    <Mercato>MGP</Mercato>
    <Ora>10</Ora>
    <PUN>67,735380</PUN>
    <NAT>59,500000</NAT>
    <CNOR>71,090000</CNOR>
    <CSUD>53,470000</CSUD>
    <NORD>71,090000</NORD>
    <SARD>53,470000</SARD>
    <SICI>91,280000</SICI>
    <SUD>53,470000</SUD>
    <AUST>71,090000</AUST>
    <BRNN>53,470000</BRNN>
    <COAC>53,470000</COAC>
    <CORS>3000,000000</CORS>
    <FOGN>53,470000</FOGN>
    <FRAN>71,090000</FRAN>
    <GREC>53,470000</GREC>
    <MFTV>71,090000</MFTV>
    <PRGP>91,280000</PRGP>
    <ROSN>53,470000</ROSN>
    <SLOV>71,090000</SLOV>
    <SVIZ>71,090000</SVIZ>
    <BSP>71,090000</BSP>
    <MALT>91,280000</MALT>
    <XAUS>71,090000</XAUS>
    <XFRA>71,090000</XFRA>
  </Prezzi>
  <Prezzi>
    <Data>20171006</Data>
    <Mercato>MGP</Mercato>
    <Ora>11</Ora>
    <PUN>60,417160</PUN>
    <NAT>53,500000</NAT>
    <CNOR>63,990000</CNOR>
    <CSUD>44,170000</CSUD>
    <NORD>63,990000</NORD>
    <SARD>44,170000</SARD>
    <SICI>91,170000</SICI>
    <SUD>44,170000</SUD>
    <AUST>63,990000</AUST>
    <BRNN>44,170000</BRNN>
    <COAC>44,170000</COAC>
    <CORS>3000,000000</CORS>
    <FOGN>44,170000</FOGN>
    <FRAN>63,990000</FRAN>
    <GREC>44,170000</GREC>
    <MFTV>63,990000</MFTV>
    <PRGP>91,170000</PRGP>
    <ROSN>44,170000</ROSN>
    <SLOV>63,990000</SLOV>
    <SVIZ>63,990000</SVIZ>
    <BSP>63,990000</BSP>
    <MALT>91,170000</MALT>
    <XAUS>63,990000</XAUS>
    <XFRA>63,990000</XFRA>
  </Prezzi>
  <Prezzi>
    <Data>20171006</Data>
    <Mercato>MGP</Mercato>
    <Ora>12</Ora>
    <PUN>59,013790</PUN>
    <NAT>53,370000</NAT>
    <CNOR>64,000000</CNOR>
    <CSUD>42,060000</CSUD>
    <NORD>64,000000</NORD>
    <SARD>15,120000</SARD>
    <SICI>85,990000</SICI>
    <SUD>42,060000</SUD>
    <AUST>64,000000</AUST>
    <BRNN>42,060000</BRNN>
    <COAC>15,120000</COAC>
    <CORS>3000,000000</CORS>
    <FOGN>42,060000</FOGN>
    <FRAN>64,000000</FRAN>
    <GREC>42,060000</GREC>
    <MFTV>64,000000</MFTV>
    <PRGP>85,990000</PRGP>
    <ROSN>42,060000</ROSN>
    <SLOV>64,000000</SLOV>
    <SVIZ>64,000000</SVIZ>
    <BSP>64,000000</BSP>
    <MALT>85,990000</MALT>
    <XAUS>64,000000</XAUS>
    <XFRA>64,000000</XFRA>
  </Prezzi>
  <Prezzi>
    <Data>20171006</Data>
    <Mercato>MGP</Mercato>
    <Ora>13</Ora>
    <PUN>51,044740</PUN>
    <NAT>48,030000</NAT>
    <CNOR>55,220000</CNOR>
    <CSUD>41,320000</CSUD>
    <NORD>55,220000</NORD>
    <SARD>10,000000</SARD>
    <SICI>59,690000</SICI>
    <SUD>41,320000</SUD>
    <AUST>55,220000</AUST>
    <BRNN>41,320000</BRNN>
    <COAC>10,000000</COAC>
    <CORS>3000,000000</CORS>
    <FOGN>41,320000</FOGN>
    <FRAN>55,220000</FRAN>
    <GREC>41,320000</GREC>
    <MFTV>55,220000</MFTV>
    <PRGP>59,690000</PRGP>
    <ROSN>41,320000</ROSN>
    <SLOV>55,220000</SLOV>
    <SVIZ>55,220000</SVIZ>
    <BSP>55,220000</BSP>
    <MALT>59,690000</MALT>
    <XAUS>55,220000</XAUS>
    <XFRA>55,220000</XFRA>
  </Prezzi>
  <Prezzi>
    <Data>20171006</Data>
    <Mercato>MGP</Mercato>
    <Ora>14</Ora>
    <PUN>50,159240</PUN>
    <NAT>47,410000</NAT>
    <CNOR>54,410000</CNOR>
    <CSUD>39,810000</CSUD>
    <NORD>54,410000</NORD>
    <SARD>10,000000</SARD>
    <SICI>57,990000</SICI>
    <SUD>39,810000</SUD>
    <AUST>54,410000</AUST>
    <BRNN>39,810000</BRNN>
    <COAC>10,000000</COAC>
    <CORS>3000,000000</CORS>
    <FOGN>39,810000</FOGN>
    <FRAN>54,410000</FRAN>
    <GREC>39,810000</GREC>
    <MFTV>54,410000</MFTV>
    <PRGP>57,990000</PRGP>
    <ROSN>39,810000</ROSN>
    <SLOV>54,410000</SLOV>
    <SVIZ>54,410000</SVIZ>
    <BSP>54,410000</BSP>
    <MALT>57,990000</MALT>
    <XAUS>54,410000</XAUS>
    <XFRA>54,410000</XFRA>
  </Prezzi>
  <Prezzi>
    <Data>20171006</Data>
    <Mercato>MGP</Mercato>
    <Ora>15</Ora>
    <PUN>52,436040</PUN>
    <NAT>50,000000</NAT>
    <CNOR>57,240000</CNOR>
    <CSUD>41,320000</CSUD>
    <NORD>57,240000</NORD>
    <SARD>10,000000</SARD>
    <SICI>55,110000</SICI>
    <SUD>41,320000</SUD>
    <AUST>57,240000</AUST>
    <BRNN>41,320000</BRNN>
    <COAC>10,000000</COAC>
    <CORS>3000,000000</CORS>
    <FOGN>41,320000</FOGN>
    <FRAN>57,240000</FRAN>
    <GREC>41,320000</GREC>
    <MFTV>57,240000</MFTV>
    <PRGP>55,110000</PRGP>
    <ROSN>41,320000</ROSN>
    <SLOV>57,240000</SLOV>
    <SVIZ>57,240000</SVIZ>
    <BSP>57,240000</BSP>
    <MALT>55,110000</MALT>
    <XAUS>57,240000</XAUS>
    <XFRA>57,240000</XFRA>
  </Prezzi>
  <Prezzi>
    <Data>20171006</Data>
    <Mercato>MGP</Mercato>
    <Ora>16</Ora>
    <PUN>56,320500</PUN>
    <NAT>52,110000</NAT>
    <CNOR>61,790000</CNOR>
    <CSUD>43,710000</CSUD>
    <NORD>61,790000</NORD>
    <SARD>10,000000</SARD>
    <SICI>59,450000</SICI>
    <SUD>43,710000</SUD>
    <AUST>61,790000</AUST>
    <BRNN>43,710000</BRNN>
    <COAC>10,000000</COAC>
    <CORS>3000,000000</CORS>
    <FOGN>43,710000</FOGN>
    <FRAN>61,790000</FRAN>
    <GREC>43,710000</GREC>
    <MFTV>61,790000</MFTV>
    <PRGP>59,450000</PRGP>
    <ROSN>43,710000</ROSN>
    <SLOV>61,790000</SLOV>
    <SVIZ>61,790000</SVIZ>
    <BSP>61,790000</BSP>
    <MALT>59,450000</MALT>
    <XAUS>61,790000</XAUS>
    <XFRA>61,790000</XFRA>
  </Prezzi>
  <Prezzi>
    <Data>20171006</Data>
    <Mercato>MGP</Mercato>
    <Ora>17</Ora>
    <PUN>58,915480</PUN>
    <NAT>53,470000</NAT>
    <CNOR>63,990000</CNOR>
    <CSUD>44,670000</CSUD>
    <NORD>63,990000</NORD>
    <SARD>44,670000</SARD>
    <SICI>59,450000</SICI>
    <SUD>44,670000</SUD>
    <AUST>63,990000</AUST>
    <BRNN>44,670000</BRNN>
    <COAC>44,670000</COAC>
    <CORS>3000,000000</CORS>
    <FOGN>44,670000</FOGN>
    <FRAN>63,990000</FRAN>
    <GREC>44,670000</GREC>
    <MFTV>63,990000</MFTV>
    <PRGP>59,450000</PRGP>
    <ROSN>44,670000</ROSN>
    <SLOV>63,990000</SLOV>
    <SVIZ>63,990000</SVIZ>
    <BSP>63,990000</BSP>
    <MALT>59,450000</MALT>
    <XAUS>63,990000</XAUS>
    <XFRA>63,990000</XFRA>
  </Prezzi>
  <Prezzi>
    <Data>20171006</Data>
    <Mercato>MGP</Mercato>
    <Ora>18</Ora>
    <PUN>63,622960</PUN>
    <NAT>57,000000</NAT>
    <CNOR>65,330000</CNOR>
    <CSUD>53,360000</CSUD>
    <NORD>65,330000</NORD>
    <SARD>53,360000</SARD>
    <SICI>91,170000</SICI>
    <SUD>53,360000</SUD>
    <AUST>65,330000</AUST>
    <BRNN>53,360000</BRNN>
    <COAC>53,360000</COAC>
    <CORS>3000,000000</CORS>
    <FOGN>53,360000</FOGN>
    <FRAN>65,330000</FRAN>
    <GREC>53,360000</GREC>
    <MFTV>65,330000</MFTV>
    <PRGP>91,170000</PRGP>
    <ROSN>53,360000</ROSN>
    <SLOV>65,330000</SLOV>
    <SVIZ>65,330000</SVIZ>
    <BSP>65,330000</BSP>
    <MALT>91,170000</MALT>
    <XAUS>65,330000</XAUS>
    <XFRA>65,330000</XFRA>
  </Prezzi>
  <Prezzi>
    <Data>20171006</Data>
    <Mercato>MGP</Mercato>
    <Ora>19</Ora>
    <PUN>63,114670</PUN>
    <NAT>63,990000</NAT>
    <CNOR>64,000000</CNOR>
    <CSUD>54,950000</CSUD>
    <NORD>64,000000</NORD>
    <SARD>54,950000</SARD>
    <SICI>91,280000</SICI>
    <SUD>54,950000</SUD>
    <AUST>64,000000</AUST>
    <BRNN>54,950000</BRNN>
    <COAC>54,950000</COAC>
    <CORS>3000,000000</CORS>
    <FOGN>54,950000</FOGN>
    <FRAN>64,000000</FRAN>
    <GREC>54,950000</GREC>
    <MFTV>64,000000</MFTV>
    <PRGP>91,280000</PRGP>
    <ROSN>54,950000</ROSN>
    <SLOV>64,000000</SLOV>
    <SVIZ>64,000000</SVIZ>
    <BSP>64,000000</BSP>
    <MALT>91,280000</MALT>
    <XAUS>64,000000</XAUS>
    <XFRA>64,000000</XFRA>
  </Prezzi>
  <Prezzi>
    <Data>20171006</Data>
    <Mercato>MGP</Mercato>
    <Ora>20</Ora>
    <PUN>77,348570</PUN>
    <NAT>79,000000</NAT>
    <CNOR>78,000000</CNOR>
    <CSUD>78,000000</CSUD>
    <NORD>78,000000</NORD>
    <SARD>78,000000</SARD>
    <SICI>99,140000</SICI>
    <SUD>54,950000</SUD>
    <AUST>78,000000</AUST>
    <BRNN>54,950000</BRNN>
    <COAC>78,000000</COAC>
    <CORS>3000,000000</CORS>
    <FOGN>54,950000</FOGN>
    <FRAN>78,000000</FRAN>
    <GREC>54,950000</GREC>
    <MFTV>78,000000</MFTV>
    <PRGP>99,140000</PRGP>
    <ROSN>54,950000</ROSN>
    <SLOV>78,000000</SLOV>
    <SVIZ>78,000000</SVIZ>
    <BSP>78,000000</BSP>
    <MALT>99,140000</MALT>
    <XAUS>78,000000</XAUS>
    <XFRA>78,000000</XFRA>
  </Prezzi>
  <Prezzi>
    <Data>20171006</Data>
    <Mercato>MGP</Mercato>
    <Ora>21</Ora>
    <PUN>63,380440</PUN>
    <NAT>64,000000</NAT>
    <CNOR>62,170000</CNOR>
    <CSUD>60,000000</CSUD>
    <NORD>62,170000</NORD>
    <SARD>60,000000</SARD>
    <SICI>99,140000</SICI>
    <SUD>54,950000</SUD>
    <AUST>62,170000</AUST>
    <BRNN>54,950000</BRNN>
    <COAC>60,000000</COAC>
    <CORS>3000,000000</CORS>
    <FOGN>54,950000</FOGN>
    <FRAN>62,170000</FRAN>
    <GREC>54,950000</GREC>
    <MFTV>62,170000</MFTV>
    <PRGP>99,140000</PRGP>
    <ROSN>54,950000</ROSN>
    <SLOV>62,170000</SLOV>
    <SVIZ>62,170000</SVIZ>
    <BSP>62,170000</BSP>
    <MALT>99,140000</MALT>
    <XAUS>62,170000</XAUS>
    <XFRA>62,170000</XFRA>
  </Prezzi>
  <Prezzi>
    <Data>20171006</Data>
    <Mercato>MGP</Mercato>
    <Ora>22</Ora>
    <PUN>55,605970</PUN>
    <NAT>53,470000</NAT>
    <CNOR>53,360000</CNOR>
    <CSUD>53,360000</CSUD>
    <NORD>53,360000</NORD>
    <SARD>53,360000</SARD>
    <SICI>91,170000</SICI>
    <SUD>53,360000</SUD>
    <AUST>53,360000</AUST>
    <BRNN>53,360000</BRNN>
    <COAC>53,360000</COAC>
    <CORS>3000,000000</CORS>
    <FOGN>53,360000</FOGN>
    <FRAN>53,360000</FRAN>
    <GREC>53,360000</GREC>
    <MFTV>53,360000</MFTV>
    <PRGP>91,170000</PRGP>
    <ROSN>53,360000</ROSN>
    <SLOV>53,360000</SLOV>
    <SVIZ>53,360000</SVIZ>
    <BSP>53,360000</BSP>
    <MALT>91,170000</MALT>
    <XAUS>53,360000</XAUS>
    <XFRA>53,360000</XFRA>
  </Prezzi>
  <Prezzi>
    <Data>20171006</Data>
    <Mercato>MGP</Mercato>
    <Ora>23</Ora>
    <PUN>52,587120</PUN>
    <NAT>51,530000</NAT>
    <CNOR>51,530000</CNOR>
    <CSUD>48,010000</CSUD>
    <NORD>51,530000</NORD>
    <SARD>48,010000</SARD>
    <SICI>85,990000</SICI>
    <SUD>48,010000</SUD>
    <AUST>51,530000</AUST>
    <BRNN>48,010000</BRNN>
    <COAC>48,010000</COAC>
    <CORS>3000,000000</CORS>
    <FOGN>48,010000</FOGN>
    <FRAN>51,530000</FRAN>
    <GREC>48,010000</GREC>
    <MFTV>51,530000</MFTV>
    <PRGP>85,990000</PRGP>
    <ROSN>48,010000</ROSN>
    <SLOV>51,530000</SLOV>
    <SVIZ>51,530000</SVIZ>
    <BSP>51,530000</BSP>
    <MALT>85,990000</MALT>
    <XAUS>51,530000</XAUS>
    <XFRA>51,530000</XFRA>
  </Prezzi>
  <Prezzi>
    <Data>20171006</Data>
    <Mercato>MGP</Mercato>
    <Ora>24</Ora>
    <PUN>46,198380</PUN>
    <NAT>44,300000</NAT>
    <CNOR>48,462060</CNOR>
    <CSUD>41,670000</CSUD>
    <NORD>48,462060</NORD>
    <SARD>41,670000</SARD>
    <SICI>41,670000</SICI>
    <SUD>41,670000</SUD>
    <AUST>48,462060</AUST>
    <BRNN>41,670000</BRNN>
    <COAC>41,670000</COAC>
    <CORS>3000,000000</CORS>
    <FOGN>41,670000</FOGN>
    <FRAN>48,462060</FRAN>
    <GREC>41,670000</GREC>
    <MFTV>48,462060</MFTV>
    <PRGP>41,670000</PRGP>
    <ROSN>41,670000</ROSN>
    <SLOV>48,462060</SLOV>
    <SVIZ>48,462060</SVIZ>
    <BSP>48,462060</BSP>
    <MALT>41,670000</MALT>
    <XAUS>48,462060</XAUS>
    <XFRA>48,462060</XFRA>
  </Prezzi>
</NewDataSet>