<?xml version="1.0" standalone="yes"?>
<NewDataSet>
  <xs:schema id="NewDataSet" xmlns="" xmlns:xs="http://www.w3.org/2001/XMLSchema" xmlns:msdata="urn:schemas-microsoft-com:xml-msdata">
    <xs:element name="NewDataSet" msdata:IsDataSet="true" msdata:UseCurrentLocale="true">
      <xs:complexType>
        <xs:choice minOccurs="0" maxOccurs="unbounded">
          <xs:element name="Prezzi">
            <xs:complexType>
              <xs:sequence>
                <xs:element name="Data" type="xs:string" minOccurs="0" />
                <xs:element name="Mercato" type="xs:string" minOccurs="0" />
                <xs:element name="Ora" type="xs:string" minOccurs="0" />
                <xs:element name="PUN" type="xs:string" minOccurs="0" />
                <xs:element name="NAT" type="xs:string" minOccurs="0" />
                <xs:element name="CNOR" type="xs:string" minOccurs="0" />
                <xs:element name="CSUD" type="xs:string" minOccurs="0" />
                <xs:element name="NORD" type="xs:string" minOccurs="0" />
                <xs:element name="SARD" type="xs:string" minOccurs="0" />
                <xs:element name="SICI" type="xs:string" minOccurs="0" />
                <xs:element name="SUD" type="xs:string" minOccurs="0" />
                <xs:element name="AUST" type="xs:string" minOccurs="0" />
                <xs:element name="BRNN" type="xs:string" minOccurs="0" />
                <xs:element name="COAC" type="xs:string" minOccurs="0" />
                <xs:element name="CORS" type="xs:string" minOccurs="0" />
                <xs:element name="FOGN" type="xs:string" minOccurs="0" />
                <xs:element name="FRAN" type="xs:string" minOccurs="0" />
                <xs:element name="GREC" type="xs:string" minOccurs="0" />
                <xs:element name="MFTV" type="xs:string" minOccurs="0" />
                <xs:element name="PRGP" type="xs:string" minOccurs="0" />
                <xs:element name="ROSN" type="xs:string" minOccurs="0" />
                <xs:element name="SLOV" type="xs:string" minOccurs="0" />
                <xs:element name="SVIZ" type="xs:string" minOccurs="0" />
                <xs:element name="BSP" type="xs:string" minOccurs="0" />
                <xs:element name="MALT" type="xs:string" minOccurs="0" />
                <xs:element name="XAUS" type="xs:string" minOccurs="0" />
                <xs:element name="XFRA" type="xs:string" minOccurs="0" />
              </xs:sequence>
            </xs:complexType>
          </xs:element>
        </xs:choice>
      </xs:complexType>
    </xs:element>
  </xs:schema>
  <Prezzi>
    <Data>20171012</Data>
    <Mercato>MGP</Mercato>
    <Ora>1</Ora>
    <PUN>51,553570</PUN>
    <NAT>50,880000</NAT>
    <CNOR>49,500000</CNOR>
    <CSUD>49,500000</CSUD>
    <NORD>49,500000</NORD>
    <SARD>49,500000</SARD>
    <SICI>85,990000</SICI>
    <SUD>49,500000</SUD>
    <AUST>49,500000</AUST>
    <BRNN>49,500000</BRNN>
    <COAC>49,500000</COAC>
    <CORS>3000,000000</CORS>
    <FOGN>49,500000</FOGN>
    <FRAN>49,500000</FRAN>
    <GREC>49,500000</GREC>
    <MFTV>49,500000</MFTV>
    <PRGP>85,990000</PRGP>
    <ROSN>49,500000</ROSN>
    <SLOV>49,500000</SLOV>
    <SVIZ>49,500000</SVIZ>
    <BSP>49,500000</BSP>
    <MALT>85,990000</MALT>
    <XAUS>49,500000</XAUS>
    <XFRA>49,500000</XFRA>
  </Prezzi>
  <Prezzi>
    <Data>20171012</Data>
    <Mercato>MGP</Mercato>
    <Ora>2</Ora>
    <PUN>46,529830</PUN>
    <NAT>47,100000</NAT>
    <CNOR>45,760000</CNOR>
    <CSUD>45,760000</CSUD>
    <NORD>45,760000</NORD>
    <SARD>45,760000</SARD>
    <SICI>59,460000</SICI>
    <SUD>45,760000</SUD>
    <AUST>45,760000</AUST>
    <BRNN>45,760000</BRNN>
    <COAC>45,760000</COAC>
    <CORS>3000,000000</CORS>
    <FOGN>45,760000</FOGN>
    <FRAN>45,760000</FRAN>
    <GREC>45,760000</GREC>
    <MFTV>45,760000</MFTV>
    <PRGP>59,460000</PRGP>
    <ROSN>45,760000</ROSN>
    <SLOV>45,760000</SLOV>
    <SVIZ>45,760000</SVIZ>
    <BSP>45,760000</BSP>
    <MALT>59,460000</MALT>
    <XAUS>45,760000</XAUS>
    <XFRA>45,760000</XFRA>
  </Prezzi>
  <Prezzi>
    <Data>20171012</Data>
    <Mercato>MGP</Mercato>
    <Ora>3</Ora>
    <PUN>46,142660</PUN>
    <NAT>45,760000</NAT>
    <CNOR>45,450000</CNOR>
    <CSUD>45,450000</CSUD>
    <NORD>45,450000</NORD>
    <SARD>45,450000</SARD>
    <SICI>57,990000</SICI>
    <SUD>45,450000</SUD>
    <AUST>45,450000</AUST>
    <BRNN>45,450000</BRNN>
    <COAC>45,450000</COAC>
    <CORS>3000,000000</CORS>
    <FOGN>45,450000</FOGN>
    <FRAN>45,450000</FRAN>
    <GREC>45,450000</GREC>
    <MFTV>45,450000</MFTV>
    <PRGP>57,990000</PRGP>
    <ROSN>45,450000</ROSN>
    <SLOV>45,450000</SLOV>
    <SVIZ>45,450000</SVIZ>
    <BSP>45,450000</BSP>
    <MALT>57,990000</MALT>
    <XAUS>45,450000</XAUS>
    <XFRA>45,450000</XFRA>
  </Prezzi>
  <Prezzi>
    <Data>20171012</Data>
    <Mercato>MGP</Mercato>
    <Ora>4</Ora>
    <PUN>44,847040</PUN>
    <NAT>44,700000</NAT>
    <CNOR>44,080000</CNOR>
    <CSUD>44,080000</CSUD>
    <NORD>44,080000</NORD>
    <SARD>44,080000</SARD>
    <SICI>57,990000</SICI>
    <SUD>44,080000</SUD>
    <AUST>44,080000</AUST>
    <BRNN>44,080000</BRNN>
    <COAC>44,080000</COAC>
    <CORS>3000,000000</CORS>
    <FOGN>44,080000</FOGN>
    <FRAN>44,080000</FRAN>
    <GREC>44,080000</GREC>
    <MFTV>44,080000</MFTV>
    <PRGP>57,990000</PRGP>
    <ROSN>44,080000</ROSN>
    <SLOV>44,080000</SLOV>
    <SVIZ>44,080000</SVIZ>
    <BSP>44,080000</BSP>
    <MALT>57,990000</MALT>
    <XAUS>44,080000</XAUS>
    <XFRA>44,080000</XFRA>
  </Prezzi>
  <Prezzi>
    <Data>20171012</Data>
    <Mercato>MGP</Mercato>
    <Ora>5</Ora>
    <PUN>44,838730</PUN>
    <NAT>44,150000</NAT>
    <CNOR>44,080000</CNOR>
    <CSUD>44,080000</CSUD>
    <NORD>44,080000</NORD>
    <SARD>44,080000</SARD>
    <SICI>57,990000</SICI>
    <SUD>44,080000</SUD>
    <AUST>44,080000</AUST>
    <BRNN>44,080000</BRNN>
    <COAC>44,080000</COAC>
    <CORS>3000,000000</CORS>
    <FOGN>44,080000</FOGN>
    <FRAN>44,080000</FRAN>
    <GREC>44,080000</GREC>
    <MFTV>44,080000</MFTV>
    <PRGP>57,990000</PRGP>
    <ROSN>44,080000</ROSN>
    <SLOV>44,080000</SLOV>
    <SVIZ>44,080000</SVIZ>
    <BSP>44,080000</BSP>
    <MALT>57,990000</MALT>
    <XAUS>44,080000</XAUS>
    <XFRA>44,080000</XFRA>
  </Prezzi>
  <Prezzi>
    <Data>20171012</Data>
    <Mercato>MGP</Mercato>
    <Ora>6</Ora>
    <PUN>46,662680</PUN>
    <NAT>47,920000</NAT>
    <CNOR>45,930000</CNOR>
    <CSUD>45,930000</CSUD>
    <NORD>45,930000</NORD>
    <SARD>45,930000</SARD>
    <SICI>59,460000</SICI>
    <SUD>45,930000</SUD>
    <AUST>45,930000</AUST>
    <BRNN>45,930000</BRNN>
    <COAC>45,930000</COAC>
    <CORS>3000,000000</CORS>
    <FOGN>45,930000</FOGN>
    <FRAN>45,930000</FRAN>
    <GREC>45,930000</GREC>
    <MFTV>45,930000</MFTV>
    <PRGP>59,460000</PRGP>
    <ROSN>45,930000</ROSN>
    <SLOV>45,930000</SLOV>
    <SVIZ>45,930000</SVIZ>
    <BSP>45,930000</BSP>
    <MALT>59,460000</MALT>
    <XAUS>45,930000</XAUS>
    <XFRA>45,930000</XFRA>
  </Prezzi>
  <Prezzi>
    <Data>20171012</Data>
    <Mercato>MGP</Mercato>
    <Ora>7</Ora>
    <PUN>55,330150</PUN>
    <NAT>56,130000</NAT>
    <CNOR>54,570000</CNOR>
    <CSUD>54,570000</CSUD>
    <NORD>54,570000</NORD>
    <SARD>54,570000</SARD>
    <SICI>69,150000</SICI>
    <SUD>54,570000</SUD>
    <AUST>54,570000</AUST>
    <BRNN>54,570000</BRNN>
    <COAC>54,570000</COAC>
    <CORS>3000,000000</CORS>
    <FOGN>54,570000</FOGN>
    <FRAN>54,570000</FRAN>
    <GREC>54,570000</GREC>
    <MFTV>54,570000</MFTV>
    <PRGP>69,150000</PRGP>
    <ROSN>54,570000</ROSN>
    <SLOV>54,570000</SLOV>
    <SVIZ>54,570000</SVIZ>
    <BSP>54,570000</BSP>
    <MALT>69,150000</MALT>
    <XAUS>54,570000</XAUS>
    <XFRA>54,570000</XFRA>
  </Prezzi>
  <Prezzi>
    <Data>20171012</Data>
    <Mercato>MGP</Mercato>
    <Ora>8</Ora>
    <PUN>68,087050</PUN>
    <NAT>74,280000</NAT>
    <CNOR>66,390080</CNOR>
    <CSUD>66,390080</CSUD>
    <NORD>66,390080</NORD>
    <SARD>66,390080</SARD>
    <SICI>99,150000</SICI>
    <SUD>66,390080</SUD>
    <AUST>66,390080</AUST>
    <BRNN>66,390080</BRNN>
    <COAC>66,390080</COAC>
    <CORS>3000,000000</CORS>
    <FOGN>66,390080</FOGN>
    <FRAN>66,390080</FRAN>
    <GREC>66,390080</GREC>
    <MFTV>66,390080</MFTV>
    <PRGP>99,150000</PRGP>
    <ROSN>66,390080</ROSN>
    <SLOV>66,390080</SLOV>
    <SVIZ>66,390080</SVIZ>
    <BSP>66,390080</BSP>
    <MALT>99,150000</MALT>
    <XAUS>66,390080</XAUS>
    <XFRA>66,390080</XFRA>
  </Prezzi>
  <Prezzi>
    <Data>20171012</Data>
    <Mercato>MGP</Mercato>
    <Ora>9</Ora>
    <PUN>68,111940</PUN>
    <NAT>76,700000</NAT>
    <CNOR>66,464890</CNOR>
    <CSUD>66,464890</CSUD>
    <NORD>66,464890</NORD>
    <SARD>66,464890</SARD>
    <SICI>99,150000</SICI>
    <SUD>66,464890</SUD>
    <AUST>66,464890</AUST>
    <BRNN>66,464890</BRNN>
    <COAC>66,464890</COAC>
    <CORS>3000,000000</CORS>
    <FOGN>66,464890</FOGN>
    <FRAN>66,464890</FRAN>
    <GREC>66,464890</GREC>
    <MFTV>66,464890</MFTV>
    <PRGP>99,150000</PRGP>
    <ROSN>66,464890</ROSN>
    <SLOV>66,464890</SLOV>
    <SVIZ>66,464890</SVIZ>
    <BSP>66,464890</BSP>
    <MALT>99,150000</MALT>
    <XAUS>66,464890</XAUS>
    <XFRA>66,464890</XFRA>
  </Prezzi>
  <Prezzi>
    <Data>20171012</Data>
    <Mercato>MGP</Mercato>
    <Ora>10</Ora>
    <PUN>66,206340</PUN>
    <NAT>73,130000</NAT>
    <CNOR>64,990000</CNOR>
    <CSUD>64,990000</CSUD>
    <NORD>64,990000</NORD>
    <SARD>64,990000</SARD>
    <SICI>89,320000</SICI>
    <SUD>64,990000</SUD>
    <AUST>64,990000</AUST>
    <BRNN>64,990000</BRNN>
    <COAC>64,990000</COAC>
    <CORS>3000,000000</CORS>
    <FOGN>64,990000</FOGN>
    <FRAN>64,990000</FRAN>
    <GREC>64,990000</GREC>
    <MFTV>64,990000</MFTV>
    <PRGP>89,320000</PRGP>
    <ROSN>64,990000</ROSN>
    <SLOV>64,990000</SLOV>
    <SVIZ>64,990000</SVIZ>
    <BSP>64,990000</BSP>
    <MALT>89,320000</MALT>
    <XAUS>64,990000</XAUS>
    <XFRA>64,990000</XFRA>
  </Prezzi>
  <Prezzi>
    <Data>20171012</Data>
    <Mercato>MGP</Mercato>
    <Ora>11</Ora>
    <PUN>61,597050</PUN>
    <NAT>63,000000</NAT>
    <CNOR>64,050000</CNOR>
    <CSUD>48,690000</CSUD>
    <NORD>64,050000</NORD>
    <SARD>48,690000</SARD>
    <SICI>89,190000</SICI>
    <SUD>48,690000</SUD>
    <AUST>64,050000</AUST>
    <BRNN>48,690000</BRNN>
    <COAC>48,690000</COAC>
    <CORS>3000,000000</CORS>
    <FOGN>48,690000</FOGN>
    <FRAN>64,050000</FRAN>
    <GREC>48,690000</GREC>
    <MFTV>64,050000</MFTV>
    <PRGP>89,190000</PRGP>
    <ROSN>48,690000</ROSN>
    <SLOV>64,050000</SLOV>
    <SVIZ>64,050000</SVIZ>
    <BSP>64,050000</BSP>
    <MALT>89,190000</MALT>
    <XAUS>64,050000</XAUS>
    <XFRA>64,050000</XFRA>
  </Prezzi>
  <Prezzi>
    <Data>20171012</Data>
    <Mercato>MGP</Mercato>
    <Ora>12</Ora>
    <PUN>59,800590</PUN>
    <NAT>56,130000</NAT>
    <CNOR>63,000000</CNOR>
    <CSUD>44,990000</CSUD>
    <NORD>63,000000</NORD>
    <SARD>44,990000</SARD>
    <SICI>85,990000</SICI>
    <SUD>44,990000</SUD>
    <AUST>63,000000</AUST>
    <BRNN>44,990000</BRNN>
    <COAC>44,990000</COAC>
    <CORS>3000,000000</CORS>
    <FOGN>44,990000</FOGN>
    <FRAN>63,000000</FRAN>
    <GREC>44,990000</GREC>
    <MFTV>63,000000</MFTV>
    <PRGP>85,990000</PRGP>
    <ROSN>44,990000</ROSN>
    <SLOV>63,000000</SLOV>
    <SVIZ>63,000000</SVIZ>
    <BSP>63,000000</BSP>
    <MALT>85,990000</MALT>
    <XAUS>63,000000</XAUS>
    <XFRA>63,000000</XFRA>
  </Prezzi>
  <Prezzi>
    <Data>20171012</Data>
    <Mercato>MGP</Mercato>
    <Ora>13</Ora>
    <PUN>55,405870</PUN>
    <NAT>56,630000</NAT>
    <CNOR>59,140000</CNOR>
    <CSUD>43,240000</CSUD>
    <NORD>59,140000</NORD>
    <SARD>43,240000</SARD>
    <SICI>65,010000</SICI>
    <SUD>43,240000</SUD>
    <AUST>59,140000</AUST>
    <BRNN>43,240000</BRNN>
    <COAC>43,240000</COAC>
    <CORS>3000,000000</CORS>
    <FOGN>43,240000</FOGN>
    <FRAN>59,140000</FRAN>
    <GREC>43,240000</GREC>
    <MFTV>59,140000</MFTV>
    <PRGP>65,010000</PRGP>
    <ROSN>43,240000</ROSN>
    <SLOV>59,140000</SLOV>
    <SVIZ>59,140000</SVIZ>
    <BSP>59,140000</BSP>
    <MALT>65,010000</MALT>
    <XAUS>59,140000</XAUS>
    <XFRA>59,140000</XFRA>
  </Prezzi>
  <Prezzi>
    <Data>20171012</Data>
    <Mercato>MGP</Mercato>
    <Ora>14</Ora>
    <PUN>54,123690</PUN>
    <NAT>54,570000</NAT>
    <CNOR>58,000000</CNOR>
    <CSUD>42,000000</CSUD>
    <NORD>58,000000</NORD>
    <SARD>42,000000</SARD>
    <SICI>59,460000</SICI>
    <SUD>42,000000</SUD>
    <AUST>58,000000</AUST>
    <BRNN>42,000000</BRNN>
    <COAC>42,000000</COAC>
    <CORS>3000,000000</CORS>
    <FOGN>42,000000</FOGN>
    <FRAN>58,000000</FRAN>
    <GREC>42,000000</GREC>
    <MFTV>58,000000</MFTV>
    <PRGP>59,460000</PRGP>
    <ROSN>42,000000</ROSN>
    <SLOV>58,000000</SLOV>
    <SVIZ>58,000000</SVIZ>
    <BSP>58,000000</BSP>
    <MALT>59,460000</MALT>
    <XAUS>58,000000</XAUS>
    <XFRA>58,000000</XFRA>
  </Prezzi>
  <Prezzi>
    <Data>20171012</Data>
    <Mercato>MGP</Mercato>
    <Ora>15</Ora>
    <PUN>54,230000</PUN>
    <NAT>54,570000</NAT>
    <CNOR>57,290000</CNOR>
    <CSUD>44,000000</CSUD>
    <NORD>57,290000</NORD>
    <SARD>44,000000</SARD>
    <SICI>59,460000</SICI>
    <SUD>44,000000</SUD>
    <AUST>57,290000</AUST>
    <BRNN>44,000000</BRNN>
    <COAC>44,000000</COAC>
    <CORS>3000,000000</CORS>
    <FOGN>44,000000</FOGN>
    <FRAN>57,290000</FRAN>
    <GREC>44,000000</GREC>
    <MFTV>57,290000</MFTV>
    <PRGP>59,460000</PRGP>
    <ROSN>44,000000</ROSN>
    <SLOV>57,290000</SLOV>
    <SVIZ>57,290000</SVIZ>
    <BSP>57,290000</BSP>
    <MALT>59,460000</MALT>
    <XAUS>57,290000</XAUS>
    <XFRA>57,290000</XFRA>
  </Prezzi>
  <Prezzi>
    <Data>20171012</Data>
    <Mercato>MGP</Mercato>
    <Ora>16</Ora>
    <PUN>54,342630</PUN>
    <NAT>54,500000</NAT>
    <CNOR>56,536770</CNOR>
    <CSUD>45,590000</CSUD>
    <NORD>56,536770</NORD>
    <SARD>45,590000</SARD>
    <SICI>65,010000</SICI>
    <SUD>45,590000</SUD>
    <AUST>56,536770</AUST>
    <BRNN>45,590000</BRNN>
    <COAC>45,590000</COAC>
    <CORS>3000,000000</CORS>
    <FOGN>45,590000</FOGN>
    <FRAN>56,536770</FRAN>
    <GREC>45,590000</GREC>
    <MFTV>56,536770</MFTV>
    <PRGP>65,010000</PRGP>
    <ROSN>45,590000</ROSN>
    <SLOV>56,536770</SLOV>
    <SVIZ>56,536770</SVIZ>
    <BSP>56,536770</BSP>
    <MALT>65,010000</MALT>
    <XAUS>56,536770</XAUS>
    <XFRA>56,536770</XFRA>
  </Prezzi>
  <Prezzi>
    <Data>20171012</Data>
    <Mercato>MGP</Mercato>
    <Ora>17</Ora>
    <PUN>58,350210</PUN>
    <NAT>57,290000</NAT>
    <CNOR>57,290000</CNOR>
    <CSUD>55,000000</CSUD>
    <NORD>57,290000</NORD>
    <SARD>55,000000</SARD>
    <SICI>89,320000</SICI>
    <SUD>55,000000</SUD>
    <AUST>57,290000</AUST>
    <BRNN>55,000000</BRNN>
    <COAC>55,000000</COAC>
    <CORS>3000,000000</CORS>
    <FOGN>55,000000</FOGN>
    <FRAN>57,290000</FRAN>
    <GREC>55,000000</GREC>
    <MFTV>57,290000</MFTV>
    <PRGP>89,320000</PRGP>
    <ROSN>55,000000</ROSN>
    <SLOV>57,290000</SLOV>
    <SVIZ>57,290000</SVIZ>
    <BSP>57,290000</BSP>
    <MALT>89,320000</MALT>
    <XAUS>57,290000</XAUS>
    <XFRA>57,290000</XFRA>
  </Prezzi>
  <Prezzi>
    <Data>20171012</Data>
    <Mercato>MGP</Mercato>
    <Ora>18</Ora>
    <PUN>63,048330</PUN>
    <NAT>63,150000</NAT>
    <CNOR>61,000000</CNOR>
    <CSUD>61,000000</CSUD>
    <NORD>61,000000</NORD>
    <SARD>61,000000</SARD>
    <SICI>99,150000</SICI>
    <SUD>61,000000</SUD>
    <AUST>61,000000</AUST>
    <BRNN>61,000000</BRNN>
    <COAC>61,000000</COAC>
    <CORS>3000,000000</CORS>
    <FOGN>61,000000</FOGN>
    <FRAN>61,000000</FRAN>
    <GREC>61,000000</GREC>
    <MFTV>61,000000</MFTV>
    <PRGP>99,150000</PRGP>
    <ROSN>61,000000</ROSN>
    <SLOV>61,000000</SLOV>
    <SVIZ>61,000000</SVIZ>
    <BSP>61,000000</BSP>
    <MALT>99,150000</MALT>
    <XAUS>61,000000</XAUS>
    <XFRA>61,000000</XFRA>
  </Prezzi>
  <Prezzi>
    <Data>20171012</Data>
    <Mercato>MGP</Mercato>
    <Ora>19</Ora>
    <PUN>66,055420</PUN>
    <NAT>69,250000</NAT>
    <CNOR>64,099920</CNOR>
    <CSUD>64,099920</CSUD>
    <NORD>64,099920</NORD>
    <SARD>64,099920</SARD>
    <SICI>99,150000</SICI>
    <SUD>64,099920</SUD>
    <AUST>64,099920</AUST>
    <BRNN>64,099920</BRNN>
    <COAC>64,099920</COAC>
    <CORS>3000,000000</CORS>
    <FOGN>64,099920</FOGN>
    <FRAN>64,099920</FRAN>
    <GREC>64,099920</GREC>
    <MFTV>64,099920</MFTV>
    <PRGP>99,150000</PRGP>
    <ROSN>64,099920</ROSN>
    <SLOV>64,099920</SLOV>
    <SVIZ>64,099920</SVIZ>
    <BSP>64,099920</BSP>
    <MALT>99,150000</MALT>
    <XAUS>64,099920</XAUS>
    <XFRA>64,099920</XFRA>
  </Prezzi>
  <Prezzi>
    <Data>20171012</Data>
    <Mercato>MGP</Mercato>
    <Ora>20</Ora>
    <PUN>75,006070</PUN>
    <NAT>89,320000</NAT>
    <CNOR>73,540700</CNOR>
    <CSUD>73,540700</CSUD>
    <NORD>73,540700</NORD>
    <SARD>73,540700</SARD>
    <SICI>99,150000</SICI>
    <SUD>73,540700</SUD>
    <AUST>73,540700</AUST>
    <BRNN>73,540700</BRNN>
    <COAC>73,540700</COAC>
    <CORS>3000,000000</CORS>
    <FOGN>73,540700</FOGN>
    <FRAN>73,540700</FRAN>
    <GREC>73,540700</GREC>
    <MFTV>73,540700</MFTV>
    <PRGP>99,150000</PRGP>
    <ROSN>73,540700</ROSN>
    <SLOV>73,540700</SLOV>
    <SVIZ>73,540700</SVIZ>
    <BSP>73,540700</BSP>
    <MALT>99,150000</MALT>
    <XAUS>73,540700</XAUS>
    <XFRA>73,540700</XFRA>
  </Prezzi>
  <Prezzi>
    <Data>20171012</Data>
    <Mercato>MGP</Mercato>
    <Ora>21</Ora>
    <PUN>70,762660</PUN>
    <NAT>80,670000</NAT>
    <CNOR>69,020000</CNOR>
    <CSUD>69,020000</CSUD>
    <NORD>69,020000</NORD>
    <SARD>69,020000</SARD>
    <SICI>99,150000</SICI>
    <SUD>69,020000</SUD>
    <AUST>69,020000</AUST>
    <BRNN>69,020000</BRNN>
    <COAC>69,020000</COAC>
    <CORS>3000,000000</CORS>
    <FOGN>69,020000</FOGN>
    <FRAN>69,020000</FRAN>
    <GREC>69,020000</GREC>
    <MFTV>69,020000</MFTV>
    <PRGP>99,150000</PRGP>
    <ROSN>69,020000</ROSN>
    <SLOV>69,020000</SLOV>
    <SVIZ>69,020000</SVIZ>
    <BSP>69,020000</BSP>
    <MALT>99,150000</MALT>
    <XAUS>69,020000</XAUS>
    <XFRA>69,020000</XFRA>
  </Prezzi>
  <Prezzi>
    <Data>20171012</Data>
    <Mercato>MGP</Mercato>
    <Ora>22</Ora>
    <PUN>61,575730</PUN>
    <NAT>63,000000</NAT>
    <CNOR>59,290000</CNOR>
    <CSUD>59,290000</CSUD>
    <NORD>59,290000</NORD>
    <SARD>59,290000</SARD>
    <SICI>99,150000</SICI>
    <SUD>59,290000</SUD>
    <AUST>59,290000</AUST>
    <BRNN>59,290000</BRNN>
    <COAC>59,290000</COAC>
    <CORS>3000,000000</CORS>
    <FOGN>59,290000</FOGN>
    <FRAN>59,290000</FRAN>
    <GREC>59,290000</GREC>
    <MFTV>59,290000</MFTV>
    <PRGP>99,150000</PRGP>
    <ROSN>59,290000</ROSN>
    <SLOV>59,290000</SLOV>
    <SVIZ>59,290000</SVIZ>
    <BSP>59,290000</BSP>
    <MALT>99,150000</MALT>
    <XAUS>59,290000</XAUS>
    <XFRA>59,290000</XFRA>
  </Prezzi>
  <Prezzi>
    <Data>20171012</Data>
    <Mercato>MGP</Mercato>
    <Ora>23</Ora>
    <PUN>57,137680</PUN>
    <NAT>58,000000</NAT>
    <CNOR>54,570000</CNOR>
    <CSUD>54,570000</CSUD>
    <NORD>54,570000</NORD>
    <SARD>54,570000</SARD>
    <SICI>99,150000</SICI>
    <SUD>54,570000</SUD>
    <AUST>54,570000</AUST>
    <BRNN>54,570000</BRNN>
    <COAC>54,570000</COAC>
    <CORS>3000,000000</CORS>
    <FOGN>54,570000</FOGN>
    <FRAN>54,570000</FRAN>
    <GREC>54,570000</GREC>
    <MFTV>54,570000</MFTV>
    <PRGP>99,150000</PRGP>
    <ROSN>54,570000</ROSN>
    <SLOV>54,570000</SLOV>
    <SVIZ>54,570000</SVIZ>
    <BSP>54,570000</BSP>
    <MALT>99,150000</MALT>
    <XAUS>54,570000</XAUS>
    <XFRA>54,570000</XFRA>
  </Prezzi>
  <Prezzi>
    <Data>20171012</Data>
    <Mercato>MGP</Mercato>
    <Ora>24</Ora>
    <PUN>51,869840</PUN>
    <NAT>50,350000</NAT>
    <CNOR>49,600000</CNOR>
    <CSUD>49,600000</CSUD>
    <NORD>49,600000</NORD>
    <SARD>49,600000</SARD>
    <SICI>89,190000</SICI>
    <SUD>49,600000</SUD>
    <AUST>49,600000</AUST>
    <BRNN>49,600000</BRNN>
    <COAC>49,600000</COAC>
    <CORS>3000,000000</CORS>
    <FOGN>49,600000</FOGN>
    <FRAN>49,600000</FRAN>
    <GREC>49,600000</GREC>
    <MFTV>49,600000</MFTV>
    <PRGP>89,190000</PRGP>
    <ROSN>49,600000</ROSN>
    <SLOV>49,600000</SLOV>
    <SVIZ>49,600000</SVIZ>
    <BSP>49,600000</BSP>
    <MALT>89,190000</MALT>
    <XAUS>49,600000</XAUS>
    <XFRA>49,600000</XFRA>
  </Prezzi>
</NewDataSet>