<?xml version="1.0" standalone="yes"?>
<NewDataSet>
  <xs:schema id="NewDataSet" xmlns="" xmlns:xs="http://www.w3.org/2001/XMLSchema" xmlns:msdata="urn:schemas-microsoft-com:xml-msdata">
    <xs:element name="NewDataSet" msdata:IsDataSet="true" msdata:UseCurrentLocale="true">
      <xs:complexType>
        <xs:choice minOccurs="0" maxOccurs="unbounded">
          <xs:element name="Prezzi">
            <xs:complexType>
              <xs:sequence>
                <xs:element name="Data" type="xs:string" minOccurs="0" />
                <xs:element name="Mercato" type="xs:string" minOccurs="0" />
                <xs:element name="Ora" type="xs:string" minOccurs="0" />
                <xs:element name="PUN" type="xs:string" minOccurs="0" />
                <xs:element name="NAT" type="xs:string" minOccurs="0" />
                <xs:element name="CNOR" type="xs:string" minOccurs="0" />
                <xs:element name="CSUD" type="xs:string" minOccurs="0" />
                <xs:element name="NORD" type="xs:string" minOccurs="0" />
                <xs:element name="SARD" type="xs:string" minOccurs="0" />
                <xs:element name="SICI" type="xs:string" minOccurs="0" />
                <xs:element name="SUD" type="xs:string" minOccurs="0" />
                <xs:element name="AUST" type="xs:string" minOccurs="0" />
                <xs:element name="BRNN" type="xs:string" minOccurs="0" />
                <xs:element name="COAC" type="xs:string" minOccurs="0" />
                <xs:element name="CORS" type="xs:string" minOccurs="0" />
                <xs:element name="FOGN" type="xs:string" minOccurs="0" />
                <xs:element name="FRAN" type="xs:string" minOccurs="0" />
                <xs:element name="GREC" type="xs:string" minOccurs="0" />
                <xs:element name="MFTV" type="xs:string" minOccurs="0" />
                <xs:element name="PRGP" type="xs:string" minOccurs="0" />
                <xs:element name="ROSN" type="xs:string" minOccurs="0" />
                <xs:element name="SLOV" type="xs:string" minOccurs="0" />
                <xs:element name="SVIZ" type="xs:string" minOccurs="0" />
                <xs:element name="BSP" type="xs:string" minOccurs="0" />
                <xs:element name="MALT" type="xs:string" minOccurs="0" />
                <xs:element name="XAUS" type="xs:string" minOccurs="0" />
                <xs:element name="XFRA" type="xs:string" minOccurs="0" />
              </xs:sequence>
            </xs:complexType>
          </xs:element>
        </xs:choice>
      </xs:complexType>
    </xs:element>
  </xs:schema>
  <Prezzi>
    <Data>20171008</Data>
    <Mercato>MGP</Mercato>
    <Ora>1</Ora>
    <PUN>46,024470</PUN>
    <NAT>46,000000</NAT>
    <CNOR>45,400000</CNOR>
    <CSUD>45,400000</CSUD>
    <NORD>45,400000</NORD>
    <SARD>45,400000</SARD>
    <SICI>55,000000</SICI>
    <SUD>45,400000</SUD>
    <AUST>45,400000</AUST>
    <BRNN>45,400000</BRNN>
    <COAC>45,400000</COAC>
    <CORS>3000,000000</CORS>
    <FOGN>45,400000</FOGN>
    <FRAN>45,400000</FRAN>
    <GREC>45,400000</GREC>
    <MFTV>45,400000</MFTV>
    <PRGP>55,000000</PRGP>
    <ROSN>45,400000</ROSN>
    <SLOV>45,400000</SLOV>
    <SVIZ>45,400000</SVIZ>
    <BSP>45,400000</BSP>
    <MALT>55,000000</MALT>
    <XAUS>45,400000</XAUS>
    <XFRA>45,400000</XFRA>
  </Prezzi>
  <Prezzi>
    <Data>20171008</Data>
    <Mercato>MGP</Mercato>
    <Ora>2</Ora>
    <PUN>40,960000</PUN>
    <NAT>40,960000</NAT>
    <CNOR>40,960000</CNOR>
    <CSUD>40,960000</CSUD>
    <NORD>40,960000</NORD>
    <SARD>40,960000</SARD>
    <SICI>40,960000</SICI>
    <SUD>40,960000</SUD>
    <AUST>40,960000</AUST>
    <BRNN>40,960000</BRNN>
    <COAC>40,960000</COAC>
    <CORS>3000,000000</CORS>
    <FOGN>40,960000</FOGN>
    <FRAN>40,960000</FRAN>
    <GREC>40,960000</GREC>
    <MFTV>40,960000</MFTV>
    <PRGP>40,960000</PRGP>
    <ROSN>40,960000</ROSN>
    <SLOV>40,960000</SLOV>
    <SVIZ>40,960000</SVIZ>
    <BSP>40,960000</BSP>
    <MALT>40,960000</MALT>
    <XAUS>40,960000</XAUS>
    <XFRA>40,960000</XFRA>
  </Prezzi>
  <Prezzi>
    <Data>20171008</Data>
    <Mercato>MGP</Mercato>
    <Ora>3</Ora>
    <PUN>40,770000</PUN>
    <NAT>40,770000</NAT>
    <CNOR>40,770000</CNOR>
    <CSUD>40,770000</CSUD>
    <NORD>40,770000</NORD>
    <SARD>40,770000</SARD>
    <SICI>40,770000</SICI>
    <SUD>40,770000</SUD>
    <AUST>40,770000</AUST>
    <BRNN>40,770000</BRNN>
    <COAC>40,770000</COAC>
    <CORS>3000,000000</CORS>
    <FOGN>40,770000</FOGN>
    <FRAN>40,770000</FRAN>
    <GREC>40,770000</GREC>
    <MFTV>40,770000</MFTV>
    <PRGP>40,770000</PRGP>
    <ROSN>40,770000</ROSN>
    <SLOV>40,770000</SLOV>
    <SVIZ>40,770000</SVIZ>
    <BSP>40,770000</BSP>
    <MALT>40,770000</MALT>
    <XAUS>40,770000</XAUS>
    <XFRA>40,770000</XFRA>
  </Prezzi>
  <Prezzi>
    <Data>20171008</Data>
    <Mercato>MGP</Mercato>
    <Ora>4</Ora>
    <PUN>39,170000</PUN>
    <NAT>39,170000</NAT>
    <CNOR>39,170000</CNOR>
    <CSUD>39,170000</CSUD>
    <NORD>39,170000</NORD>
    <SARD>39,170000</SARD>
    <SICI>39,170000</SICI>
    <SUD>39,170000</SUD>
    <AUST>39,170000</AUST>
    <BRNN>39,170000</BRNN>
    <COAC>39,170000</COAC>
    <CORS>3000,000000</CORS>
    <FOGN>39,170000</FOGN>
    <FRAN>39,170000</FRAN>
    <GREC>39,170000</GREC>
    <MFTV>39,170000</MFTV>
    <PRGP>39,170000</PRGP>
    <ROSN>39,170000</ROSN>
    <SLOV>39,170000</SLOV>
    <SVIZ>39,170000</SVIZ>
    <BSP>39,170000</BSP>
    <MALT>39,170000</MALT>
    <XAUS>39,170000</XAUS>
    <XFRA>39,170000</XFRA>
  </Prezzi>
  <Prezzi>
    <Data>20171008</Data>
    <Mercato>MGP</Mercato>
    <Ora>5</Ora>
    <PUN>39,150000</PUN>
    <NAT>39,150000</NAT>
    <CNOR>39,150000</CNOR>
    <CSUD>39,150000</CSUD>
    <NORD>39,150000</NORD>
    <SARD>39,150000</SARD>
    <SICI>39,150000</SICI>
    <SUD>39,150000</SUD>
    <AUST>39,150000</AUST>
    <BRNN>39,150000</BRNN>
    <COAC>39,150000</COAC>
    <CORS>3000,000000</CORS>
    <FOGN>39,150000</FOGN>
    <FRAN>39,150000</FRAN>
    <GREC>39,150000</GREC>
    <MFTV>39,150000</MFTV>
    <PRGP>39,150000</PRGP>
    <ROSN>39,150000</ROSN>
    <SLOV>39,150000</SLOV>
    <SVIZ>39,150000</SVIZ>
    <BSP>39,150000</BSP>
    <MALT>39,150000</MALT>
    <XAUS>39,150000</XAUS>
    <XFRA>39,150000</XFRA>
  </Prezzi>
  <Prezzi>
    <Data>20171008</Data>
    <Mercato>MGP</Mercato>
    <Ora>6</Ora>
    <PUN>39,674330</PUN>
    <NAT>39,670000</NAT>
    <CNOR>39,670000</CNOR>
    <CSUD>39,670000</CSUD>
    <NORD>39,670000</NORD>
    <SARD>39,670000</SARD>
    <SICI>39,740000</SICI>
    <SUD>39,670000</SUD>
    <AUST>39,670000</AUST>
    <BRNN>39,670000</BRNN>
    <COAC>39,670000</COAC>
    <CORS>3000,000000</CORS>
    <FOGN>39,670000</FOGN>
    <FRAN>39,670000</FRAN>
    <GREC>39,670000</GREC>
    <MFTV>39,670000</MFTV>
    <PRGP>39,740000</PRGP>
    <ROSN>39,670000</ROSN>
    <SLOV>39,670000</SLOV>
    <SVIZ>39,670000</SVIZ>
    <BSP>39,670000</BSP>
    <MALT>39,740000</MALT>
    <XAUS>39,670000</XAUS>
    <XFRA>39,670000</XFRA>
  </Prezzi>
  <Prezzi>
    <Data>20171008</Data>
    <Mercato>MGP</Mercato>
    <Ora>7</Ora>
    <PUN>42,612640</PUN>
    <NAT>41,790000</NAT>
    <CNOR>41,790000</CNOR>
    <CSUD>41,790000</CSUD>
    <NORD>41,790000</NORD>
    <SARD>41,790000</SARD>
    <SICI>55,000000</SICI>
    <SUD>41,790000</SUD>
    <AUST>41,790000</AUST>
    <BRNN>41,790000</BRNN>
    <COAC>41,790000</COAC>
    <CORS>3000,000000</CORS>
    <FOGN>41,790000</FOGN>
    <FRAN>41,790000</FRAN>
    <GREC>41,790000</GREC>
    <MFTV>41,790000</MFTV>
    <PRGP>55,000000</PRGP>
    <ROSN>41,790000</ROSN>
    <SLOV>41,790000</SLOV>
    <SVIZ>41,790000</SVIZ>
    <BSP>41,790000</BSP>
    <MALT>55,000000</MALT>
    <XAUS>41,790000</XAUS>
    <XFRA>41,790000</XFRA>
  </Prezzi>
  <Prezzi>
    <Data>20171008</Data>
    <Mercato>MGP</Mercato>
    <Ora>8</Ora>
    <PUN>43,075240</PUN>
    <NAT>43,260000</NAT>
    <CNOR>42,000000</CNOR>
    <CSUD>42,000000</CSUD>
    <NORD>42,000000</NORD>
    <SARD>42,000000</SARD>
    <SICI>59,450000</SICI>
    <SUD>42,000000</SUD>
    <AUST>42,000000</AUST>
    <BRNN>42,000000</BRNN>
    <COAC>42,000000</COAC>
    <CORS>3000,000000</CORS>
    <FOGN>42,000000</FOGN>
    <FRAN>42,000000</FRAN>
    <GREC>42,000000</GREC>
    <MFTV>42,000000</MFTV>
    <PRGP>59,450000</PRGP>
    <ROSN>42,000000</ROSN>
    <SLOV>42,000000</SLOV>
    <SVIZ>42,000000</SVIZ>
    <BSP>42,000000</BSP>
    <MALT>59,450000</MALT>
    <XAUS>42,000000</XAUS>
    <XFRA>42,000000</XFRA>
  </Prezzi>
  <Prezzi>
    <Data>20171008</Data>
    <Mercato>MGP</Mercato>
    <Ora>9</Ora>
    <PUN>45,612230</PUN>
    <NAT>45,420000</NAT>
    <CNOR>43,600000</CNOR>
    <CSUD>43,600000</CSUD>
    <NORD>43,600000</NORD>
    <SARD>43,600000</SARD>
    <SICI>75,010000</SICI>
    <SUD>43,600000</SUD>
    <AUST>43,600000</AUST>
    <BRNN>43,600000</BRNN>
    <COAC>43,600000</COAC>
    <CORS>3000,000000</CORS>
    <FOGN>43,600000</FOGN>
    <FRAN>43,600000</FRAN>
    <GREC>43,600000</GREC>
    <MFTV>43,600000</MFTV>
    <PRGP>75,010000</PRGP>
    <ROSN>43,600000</ROSN>
    <SLOV>43,600000</SLOV>
    <SVIZ>43,600000</SVIZ>
    <BSP>43,600000</BSP>
    <MALT>75,010000</MALT>
    <XAUS>43,600000</XAUS>
    <XFRA>43,600000</XFRA>
  </Prezzi>
  <Prezzi>
    <Data>20171008</Data>
    <Mercato>MGP</Mercato>
    <Ora>10</Ora>
    <PUN>49,725230</PUN>
    <NAT>49,330000</NAT>
    <CNOR>47,480000</CNOR>
    <CSUD>47,480000</CSUD>
    <NORD>47,480000</NORD>
    <SARD>47,480000</SARD>
    <SICI>82,010000</SICI>
    <SUD>47,480000</SUD>
    <AUST>47,480000</AUST>
    <BRNN>47,480000</BRNN>
    <COAC>47,480000</COAC>
    <CORS>3000,000000</CORS>
    <FOGN>47,480000</FOGN>
    <FRAN>47,480000</FRAN>
    <GREC>47,480000</GREC>
    <MFTV>47,480000</MFTV>
    <PRGP>82,010000</PRGP>
    <ROSN>47,480000</ROSN>
    <SLOV>47,480000</SLOV>
    <SVIZ>47,480000</SVIZ>
    <BSP>47,480000</BSP>
    <MALT>82,010000</MALT>
    <XAUS>47,480000</XAUS>
    <XFRA>47,480000</XFRA>
  </Prezzi>
  <Prezzi>
    <Data>20171008</Data>
    <Mercato>MGP</Mercato>
    <Ora>11</Ora>
    <PUN>48,770000</PUN>
    <NAT>49,250000</NAT>
    <CNOR>46,965420</CNOR>
    <CSUD>46,965420</CSUD>
    <NORD>46,965420</NORD>
    <SARD>46,965420</SARD>
    <SICI>75,010000</SICI>
    <SUD>46,965420</SUD>
    <AUST>46,965420</AUST>
    <BRNN>46,965420</BRNN>
    <COAC>46,965420</COAC>
    <CORS>3000,000000</CORS>
    <FOGN>46,965420</FOGN>
    <FRAN>46,965420</FRAN>
    <GREC>46,965420</GREC>
    <MFTV>46,965420</MFTV>
    <PRGP>75,010000</PRGP>
    <ROSN>46,965420</ROSN>
    <SLOV>46,965420</SLOV>
    <SVIZ>46,965420</SVIZ>
    <BSP>46,965420</BSP>
    <MALT>75,010000</MALT>
    <XAUS>46,965420</XAUS>
    <XFRA>46,965420</XFRA>
  </Prezzi>
  <Prezzi>
    <Data>20171008</Data>
    <Mercato>MGP</Mercato>
    <Ora>12</Ora>
    <PUN>44,789080</PUN>
    <NAT>44,970000</NAT>
    <CNOR>45,140000</CNOR>
    <CSUD>41,710000</CSUD>
    <NORD>45,140000</NORD>
    <SARD>41,710000</SARD>
    <SICI>55,010000</SICI>
    <SUD>41,710000</SUD>
    <AUST>45,140000</AUST>
    <BRNN>41,710000</BRNN>
    <COAC>41,710000</COAC>
    <CORS>3000,000000</CORS>
    <FOGN>41,710000</FOGN>
    <FRAN>45,140000</FRAN>
    <GREC>41,710000</GREC>
    <MFTV>45,140000</MFTV>
    <PRGP>55,010000</PRGP>
    <ROSN>41,710000</ROSN>
    <SLOV>45,140000</SLOV>
    <SVIZ>45,140000</SVIZ>
    <BSP>45,140000</BSP>
    <MALT>55,010000</MALT>
    <XAUS>45,140000</XAUS>
    <XFRA>45,140000</XFRA>
  </Prezzi>
  <Prezzi>
    <Data>20171008</Data>
    <Mercato>MGP</Mercato>
    <Ora>13</Ora>
    <PUN>46,202310</PUN>
    <NAT>44,550000</NAT>
    <CNOR>47,480000</CNOR>
    <CSUD>41,530000</CSUD>
    <NORD>47,480000</NORD>
    <SARD>41,530000</SARD>
    <SICI>55,000000</SICI>
    <SUD>41,530000</SUD>
    <AUST>47,480000</AUST>
    <BRNN>41,530000</BRNN>
    <COAC>41,530000</COAC>
    <CORS>3000,000000</CORS>
    <FOGN>41,530000</FOGN>
    <FRAN>47,480000</FRAN>
    <GREC>41,530000</GREC>
    <MFTV>47,480000</MFTV>
    <PRGP>55,000000</PRGP>
    <ROSN>41,530000</ROSN>
    <SLOV>47,480000</SLOV>
    <SVIZ>47,480000</SVIZ>
    <BSP>47,480000</BSP>
    <MALT>55,000000</MALT>
    <XAUS>47,480000</XAUS>
    <XFRA>47,480000</XFRA>
  </Prezzi>
  <Prezzi>
    <Data>20171008</Data>
    <Mercato>MGP</Mercato>
    <Ora>14</Ora>
    <PUN>41,144060</PUN>
    <NAT>41,000000</NAT>
    <CNOR>41,390000</CNOR>
    <CSUD>40,960000</CSUD>
    <NORD>41,390000</NORD>
    <SARD>38,150000</SARD>
    <SICI>40,960000</SICI>
    <SUD>40,960000</SUD>
    <AUST>41,390000</AUST>
    <BRNN>40,960000</BRNN>
    <COAC>38,150000</COAC>
    <CORS>3000,000000</CORS>
    <FOGN>40,960000</FOGN>
    <FRAN>41,390000</FRAN>
    <GREC>40,960000</GREC>
    <MFTV>41,390000</MFTV>
    <PRGP>40,960000</PRGP>
    <ROSN>40,960000</ROSN>
    <SLOV>41,390000</SLOV>
    <SVIZ>41,390000</SVIZ>
    <BSP>41,390000</BSP>
    <MALT>40,960000</MALT>
    <XAUS>41,390000</XAUS>
    <XFRA>41,390000</XFRA>
  </Prezzi>
  <Prezzi>
    <Data>20171008</Data>
    <Mercato>MGP</Mercato>
    <Ora>15</Ora>
    <PUN>39,689190</PUN>
    <NAT>39,740000</NAT>
    <CNOR>39,740000</CNOR>
    <CSUD>39,740000</CSUD>
    <NORD>39,740000</NORD>
    <SARD>38,150000</SARD>
    <SICI>39,740000</SICI>
    <SUD>39,740000</SUD>
    <AUST>39,740000</AUST>
    <BRNN>39,740000</BRNN>
    <COAC>38,150000</COAC>
    <CORS>3000,000000</CORS>
    <FOGN>39,740000</FOGN>
    <FRAN>39,740000</FRAN>
    <GREC>39,740000</GREC>
    <MFTV>39,740000</MFTV>
    <PRGP>39,740000</PRGP>
    <ROSN>39,740000</ROSN>
    <SLOV>39,740000</SLOV>
    <SVIZ>39,740000</SVIZ>
    <BSP>39,740000</BSP>
    <MALT>39,740000</MALT>
    <XAUS>39,740000</XAUS>
    <XFRA>39,740000</XFRA>
  </Prezzi>
  <Prezzi>
    <Data>20171008</Data>
    <Mercato>MGP</Mercato>
    <Ora>16</Ora>
    <PUN>40,960000</PUN>
    <NAT>40,960000</NAT>
    <CNOR>40,960000</CNOR>
    <CSUD>40,960000</CSUD>
    <NORD>40,960000</NORD>
    <SARD>40,960000</SARD>
    <SICI>40,960000</SICI>
    <SUD>40,960000</SUD>
    <AUST>40,960000</AUST>
    <BRNN>40,960000</BRNN>
    <COAC>40,960000</COAC>
    <CORS>3000,000000</CORS>
    <FOGN>40,960000</FOGN>
    <FRAN>40,960000</FRAN>
    <GREC>40,960000</GREC>
    <MFTV>40,960000</MFTV>
    <PRGP>40,960000</PRGP>
    <ROSN>40,960000</ROSN>
    <SLOV>40,960000</SLOV>
    <SVIZ>40,960000</SVIZ>
    <BSP>40,960000</BSP>
    <MALT>40,960000</MALT>
    <XAUS>40,960000</XAUS>
    <XFRA>40,960000</XFRA>
  </Prezzi>
  <Prezzi>
    <Data>20171008</Data>
    <Mercato>MGP</Mercato>
    <Ora>17</Ora>
    <PUN>45,074960</PUN>
    <NAT>44,640000</NAT>
    <CNOR>44,420000</CNOR>
    <CSUD>44,420000</CSUD>
    <NORD>44,420000</NORD>
    <SARD>44,420000</SARD>
    <SICI>55,010000</SICI>
    <SUD>44,420000</SUD>
    <AUST>44,420000</AUST>
    <BRNN>44,420000</BRNN>
    <COAC>44,420000</COAC>
    <CORS>3000,000000</CORS>
    <FOGN>44,420000</FOGN>
    <FRAN>44,420000</FRAN>
    <GREC>44,420000</GREC>
    <MFTV>44,420000</MFTV>
    <PRGP>55,010000</PRGP>
    <ROSN>44,420000</ROSN>
    <SLOV>44,420000</SLOV>
    <SVIZ>44,420000</SVIZ>
    <BSP>44,420000</BSP>
    <MALT>55,010000</MALT>
    <XAUS>44,420000</XAUS>
    <XFRA>44,420000</XFRA>
  </Prezzi>
  <Prezzi>
    <Data>20171008</Data>
    <Mercato>MGP</Mercato>
    <Ora>18</Ora>
    <PUN>51,995220</PUN>
    <NAT>51,500000</NAT>
    <CNOR>49,330000</CNOR>
    <CSUD>49,330000</CSUD>
    <NORD>49,330000</NORD>
    <SARD>49,330000</SARD>
    <SICI>91,170000</SICI>
    <SUD>49,330000</SUD>
    <AUST>49,330000</AUST>
    <BRNN>49,330000</BRNN>
    <COAC>49,330000</COAC>
    <CORS>3000,000000</CORS>
    <FOGN>49,330000</FOGN>
    <FRAN>49,330000</FRAN>
    <GREC>49,330000</GREC>
    <MFTV>49,330000</MFTV>
    <PRGP>91,170000</PRGP>
    <ROSN>49,330000</ROSN>
    <SLOV>49,330000</SLOV>
    <SVIZ>49,330000</SVIZ>
    <BSP>49,330000</BSP>
    <MALT>91,170000</MALT>
    <XAUS>49,330000</XAUS>
    <XFRA>49,330000</XFRA>
  </Prezzi>
  <Prezzi>
    <Data>20171008</Data>
    <Mercato>MGP</Mercato>
    <Ora>19</Ora>
    <PUN>55,608730</PUN>
    <NAT>55,130000</NAT>
    <CNOR>53,250000</CNOR>
    <CSUD>53,250000</CSUD>
    <NORD>53,250000</NORD>
    <SARD>53,250000</SARD>
    <SICI>91,280000</SICI>
    <SUD>53,250000</SUD>
    <AUST>53,250000</AUST>
    <BRNN>53,250000</BRNN>
    <COAC>53,250000</COAC>
    <CORS>3000,000000</CORS>
    <FOGN>53,250000</FOGN>
    <FRAN>53,250000</FRAN>
    <GREC>53,250000</GREC>
    <MFTV>53,250000</MFTV>
    <PRGP>91,280000</PRGP>
    <ROSN>53,250000</ROSN>
    <SLOV>53,250000</SLOV>
    <SVIZ>53,250000</SVIZ>
    <BSP>53,250000</BSP>
    <MALT>91,280000</MALT>
    <XAUS>53,250000</XAUS>
    <XFRA>53,250000</XFRA>
  </Prezzi>
  <Prezzi>
    <Data>20171008</Data>
    <Mercato>MGP</Mercato>
    <Ora>20</Ora>
    <PUN>66,201790</PUN>
    <NAT>74,000000</NAT>
    <CNOR>64,000000</CNOR>
    <CSUD>64,000000</CSUD>
    <NORD>64,000000</NORD>
    <SARD>64,000000</SARD>
    <SICI>99,140000</SICI>
    <SUD>64,000000</SUD>
    <AUST>64,000000</AUST>
    <BRNN>64,000000</BRNN>
    <COAC>64,000000</COAC>
    <CORS>3000,000000</CORS>
    <FOGN>64,000000</FOGN>
    <FRAN>64,000000</FRAN>
    <GREC>64,000000</GREC>
    <MFTV>64,000000</MFTV>
    <PRGP>99,140000</PRGP>
    <ROSN>64,000000</ROSN>
    <SLOV>64,000000</SLOV>
    <SVIZ>64,000000</SVIZ>
    <BSP>64,000000</BSP>
    <MALT>99,140000</MALT>
    <XAUS>64,000000</XAUS>
    <XFRA>64,000000</XFRA>
  </Prezzi>
  <Prezzi>
    <Data>20171008</Data>
    <Mercato>MGP</Mercato>
    <Ora>21</Ora>
    <PUN>62,466430</PUN>
    <NAT>65,000000</NAT>
    <CNOR>59,938100</CNOR>
    <CSUD>59,938100</CSUD>
    <NORD>59,938100</NORD>
    <SARD>59,938100</SARD>
    <SICI>99,140000</SICI>
    <SUD>59,938100</SUD>
    <AUST>59,938100</AUST>
    <BRNN>59,938100</BRNN>
    <COAC>59,938100</COAC>
    <CORS>3000,000000</CORS>
    <FOGN>59,938100</FOGN>
    <FRAN>59,938100</FRAN>
    <GREC>59,938100</GREC>
    <MFTV>59,938100</MFTV>
    <PRGP>99,140000</PRGP>
    <ROSN>59,938100</ROSN>
    <SLOV>59,938100</SLOV>
    <SVIZ>59,938100</SVIZ>
    <BSP>59,938100</BSP>
    <MALT>99,140000</MALT>
    <XAUS>59,938100</XAUS>
    <XFRA>59,938100</XFRA>
  </Prezzi>
  <Prezzi>
    <Data>20171008</Data>
    <Mercato>MGP</Mercato>
    <Ora>22</Ora>
    <PUN>55,302420</PUN>
    <NAT>55,000000</NAT>
    <CNOR>52,270000</CNOR>
    <CSUD>52,270000</CSUD>
    <NORD>52,270000</NORD>
    <SARD>52,270000</SARD>
    <SICI>99,140000</SICI>
    <SUD>52,270000</SUD>
    <AUST>52,270000</AUST>
    <BRNN>52,270000</BRNN>
    <COAC>52,270000</COAC>
    <CORS>3000,000000</CORS>
    <FOGN>52,270000</FOGN>
    <FRAN>52,270000</FRAN>
    <GREC>52,270000</GREC>
    <MFTV>52,270000</MFTV>
    <PRGP>99,140000</PRGP>
    <ROSN>52,270000</ROSN>
    <SLOV>52,270000</SLOV>
    <SVIZ>52,270000</SVIZ>
    <BSP>52,270000</BSP>
    <MALT>99,140000</MALT>
    <XAUS>52,270000</XAUS>
    <XFRA>52,270000</XFRA>
  </Prezzi>
  <Prezzi>
    <Data>20171008</Data>
    <Mercato>MGP</Mercato>
    <Ora>23</Ora>
    <PUN>53,918540</PUN>
    <NAT>52,510000</NAT>
    <CNOR>51,322520</CNOR>
    <CSUD>51,322520</CSUD>
    <NORD>51,322520</NORD>
    <SARD>51,322520</SARD>
    <SICI>91,280000</SICI>
    <SUD>51,322520</SUD>
    <AUST>51,322520</AUST>
    <BRNN>51,322520</BRNN>
    <COAC>51,322520</COAC>
    <CORS>3000,000000</CORS>
    <FOGN>51,322520</FOGN>
    <FRAN>51,322520</FRAN>
    <GREC>51,322520</GREC>
    <MFTV>51,322520</MFTV>
    <PRGP>91,280000</PRGP>
    <ROSN>51,322520</ROSN>
    <SLOV>51,322520</SLOV>
    <SVIZ>51,322520</SVIZ>
    <BSP>51,322520</BSP>
    <MALT>91,280000</MALT>
    <XAUS>51,322520</XAUS>
    <XFRA>51,322520</XFRA>
  </Prezzi>
  <Prezzi>
    <Data>20171008</Data>
    <Mercato>MGP</Mercato>
    <Ora>24</Ora>
    <PUN>46,545070</PUN>
    <NAT>44,480000</NAT>
    <CNOR>44,085570</CNOR>
    <CSUD>44,085570</CSUD>
    <NORD>44,085570</NORD>
    <SARD>44,085570</SARD>
    <SICI>82,010000</SICI>
    <SUD>44,085570</SUD>
    <AUST>44,085570</AUST>
    <BRNN>44,085570</BRNN>
    <COAC>44,085570</COAC>
    <CORS>3000,000000</CORS>
    <FOGN>44,085570</FOGN>
    <FRAN>44,085570</FRAN>
    <GREC>44,085570</GREC>
    <MFTV>44,085570</MFTV>
    <PRGP>82,010000</PRGP>
    <ROSN>44,085570</ROSN>
    <SLOV>44,085570</SLOV>
    <SVIZ>44,085570</SVIZ>
    <BSP>44,085570</BSP>
    <MALT>82,010000</MALT>
    <XAUS>44,085570</XAUS>
    <XFRA>44,085570</XFRA>
  </Prezzi>
</NewDataSet>