<?xml version="1.0" standalone="yes"?>
<NewDataSet>
  <xs:schema id="NewDataSet" xmlns="" xmlns:xs="http://www.w3.org/2001/XMLSchema" xmlns:msdata="urn:schemas-microsoft-com:xml-msdata">
    <xs:element name="NewDataSet" msdata:IsDataSet="true" msdata:UseCurrentLocale="true">
      <xs:complexType>
        <xs:choice minOccurs="0" maxOccurs="unbounded">
          <xs:element name="Prezzi">
            <xs:complexType>
              <xs:sequence>
                <xs:element name="Data" type="xs:string" minOccurs="0" />
                <xs:element name="Mercato" type="xs:string" minOccurs="0" />
                <xs:element name="Ora" type="xs:string" minOccurs="0" />
                <xs:element name="PUN" type="xs:string" minOccurs="0" />
                <xs:element name="NAT" type="xs:string" minOccurs="0" />
                <xs:element name="CNOR" type="xs:string" minOccurs="0" />
                <xs:element name="CSUD" type="xs:string" minOccurs="0" />
                <xs:element name="NORD" type="xs:string" minOccurs="0" />
                <xs:element name="SARD" type="xs:string" minOccurs="0" />
                <xs:element name="SICI" type="xs:string" minOccurs="0" />
                <xs:element name="SUD" type="xs:string" minOccurs="0" />
                <xs:element name="AUST" type="xs:string" minOccurs="0" />
                <xs:element name="BRNN" type="xs:string" minOccurs="0" />
                <xs:element name="COAC" type="xs:string" minOccurs="0" />
                <xs:element name="CORS" type="xs:string" minOccurs="0" />
                <xs:element name="FOGN" type="xs:string" minOccurs="0" />
                <xs:element name="FRAN" type="xs:string" minOccurs="0" />
                <xs:element name="GREC" type="xs:string" minOccurs="0" />
                <xs:element name="MFTV" type="xs:string" minOccurs="0" />
                <xs:element name="PRGP" type="xs:string" minOccurs="0" />
                <xs:element name="ROSN" type="xs:string" minOccurs="0" />
                <xs:element name="SLOV" type="xs:string" minOccurs="0" />
                <xs:element name="SVIZ" type="xs:string" minOccurs="0" />
                <xs:element name="BSP" type="xs:string" minOccurs="0" />
                <xs:element name="MALT" type="xs:string" minOccurs="0" />
                <xs:element name="XAUS" type="xs:string" minOccurs="0" />
                <xs:element name="XFRA" type="xs:string" minOccurs="0" />
              </xs:sequence>
            </xs:complexType>
          </xs:element>
        </xs:choice>
      </xs:complexType>
    </xs:element>
  </xs:schema>
  <Prezzi>
    <Data>20171010</Data>
    <Mercato>MGP</Mercato>
    <Ora>1</Ora>
    <PUN>51,808960</PUN>
    <NAT>51,420000</NAT>
    <CNOR>49,640560</CNOR>
    <CSUD>49,640560</CSUD>
    <NORD>49,640560</NORD>
    <SARD>49,640560</SARD>
    <SICI>85,990000</SICI>
    <SUD>49,640560</SUD>
    <AUST>49,640560</AUST>
    <BRNN>49,640560</BRNN>
    <COAC>49,640560</COAC>
    <CORS>3000,000000</CORS>
    <FOGN>49,640560</FOGN>
    <FRAN>49,640560</FRAN>
    <GREC>49,640560</GREC>
    <MFTV>49,640560</MFTV>
    <PRGP>85,990000</PRGP>
    <ROSN>49,640560</ROSN>
    <SLOV>49,640560</SLOV>
    <SVIZ>49,640560</SVIZ>
    <BSP>49,640560</BSP>
    <MALT>85,990000</MALT>
    <XAUS>49,640560</XAUS>
    <XFRA>49,640560</XFRA>
  </Prezzi>
  <Prezzi>
    <Data>20171010</Data>
    <Mercato>MGP</Mercato>
    <Ora>2</Ora>
    <PUN>47,225330</PUN>
    <NAT>46,740000</NAT>
    <CNOR>46,460000</CNOR>
    <CSUD>46,460000</CSUD>
    <NORD>46,460000</NORD>
    <SARD>46,460000</SARD>
    <SICI>59,460000</SICI>
    <SUD>46,460000</SUD>
    <AUST>46,460000</AUST>
    <BRNN>46,460000</BRNN>
    <COAC>46,460000</COAC>
    <CORS>3000,000000</CORS>
    <FOGN>46,460000</FOGN>
    <FRAN>46,460000</FRAN>
    <GREC>46,460000</GREC>
    <MFTV>46,460000</MFTV>
    <PRGP>59,460000</PRGP>
    <ROSN>46,460000</ROSN>
    <SLOV>46,460000</SLOV>
    <SVIZ>46,460000</SVIZ>
    <BSP>46,460000</BSP>
    <MALT>59,460000</MALT>
    <XAUS>46,460000</XAUS>
    <XFRA>46,460000</XFRA>
  </Prezzi>
  <Prezzi>
    <Data>20171010</Data>
    <Mercato>MGP</Mercato>
    <Ora>3</Ora>
    <PUN>45,098030</PUN>
    <NAT>46,100000</NAT>
    <CNOR>44,210000</CNOR>
    <CSUD>44,210000</CSUD>
    <NORD>44,210000</NORD>
    <SARD>44,210000</SARD>
    <SICI>59,460000</SICI>
    <SUD>44,210000</SUD>
    <AUST>44,210000</AUST>
    <BRNN>44,210000</BRNN>
    <COAC>44,210000</COAC>
    <CORS>3000,000000</CORS>
    <FOGN>44,210000</FOGN>
    <FRAN>44,210000</FRAN>
    <GREC>44,210000</GREC>
    <MFTV>44,210000</MFTV>
    <PRGP>59,460000</PRGP>
    <ROSN>44,210000</ROSN>
    <SLOV>44,210000</SLOV>
    <SVIZ>44,210000</SVIZ>
    <BSP>44,210000</BSP>
    <MALT>59,460000</MALT>
    <XAUS>44,210000</XAUS>
    <XFRA>44,210000</XFRA>
  </Prezzi>
  <Prezzi>
    <Data>20171010</Data>
    <Mercato>MGP</Mercato>
    <Ora>4</Ora>
    <PUN>45,104570</PUN>
    <NAT>46,100000</NAT>
    <CNOR>44,230000</CNOR>
    <CSUD>44,230000</CSUD>
    <NORD>44,230000</NORD>
    <SARD>44,230000</SARD>
    <SICI>59,460000</SICI>
    <SUD>44,230000</SUD>
    <AUST>44,230000</AUST>
    <BRNN>44,230000</BRNN>
    <COAC>44,230000</COAC>
    <CORS>3000,000000</CORS>
    <FOGN>44,230000</FOGN>
    <FRAN>44,230000</FRAN>
    <GREC>44,230000</GREC>
    <MFTV>44,230000</MFTV>
    <PRGP>59,460000</PRGP>
    <ROSN>44,230000</ROSN>
    <SLOV>44,230000</SLOV>
    <SVIZ>44,230000</SVIZ>
    <BSP>44,230000</BSP>
    <MALT>59,460000</MALT>
    <XAUS>44,230000</XAUS>
    <XFRA>44,230000</XFRA>
  </Prezzi>
  <Prezzi>
    <Data>20171010</Data>
    <Mercato>MGP</Mercato>
    <Ora>5</Ora>
    <PUN>45,120700</PUN>
    <NAT>44,560000</NAT>
    <CNOR>44,250000</CNOR>
    <CSUD>44,250000</CSUD>
    <NORD>44,250000</NORD>
    <SARD>44,250000</SARD>
    <SICI>59,460000</SICI>
    <SUD>44,250000</SUD>
    <AUST>44,250000</AUST>
    <BRNN>44,250000</BRNN>
    <COAC>44,250000</COAC>
    <CORS>3000,000000</CORS>
    <FOGN>44,250000</FOGN>
    <FRAN>44,250000</FRAN>
    <GREC>44,250000</GREC>
    <MFTV>44,250000</MFTV>
    <PRGP>59,460000</PRGP>
    <ROSN>44,250000</ROSN>
    <SLOV>44,250000</SLOV>
    <SVIZ>44,250000</SVIZ>
    <BSP>44,250000</BSP>
    <MALT>59,460000</MALT>
    <XAUS>44,250000</XAUS>
    <XFRA>44,250000</XFRA>
  </Prezzi>
  <Prezzi>
    <Data>20171010</Data>
    <Mercato>MGP</Mercato>
    <Ora>6</Ora>
    <PUN>49,387960</PUN>
    <NAT>49,500000</NAT>
    <CNOR>48,780000</CNOR>
    <CSUD>48,780000</CSUD>
    <NORD>48,780000</NORD>
    <SARD>48,780000</SARD>
    <SICI>59,460000</SICI>
    <SUD>48,780000</SUD>
    <AUST>48,780000</AUST>
    <BRNN>48,780000</BRNN>
    <COAC>48,780000</COAC>
    <CORS>3000,000000</CORS>
    <FOGN>48,780000</FOGN>
    <FRAN>48,780000</FRAN>
    <GREC>48,780000</GREC>
    <MFTV>48,780000</MFTV>
    <PRGP>59,460000</PRGP>
    <ROSN>48,780000</ROSN>
    <SLOV>48,780000</SLOV>
    <SVIZ>48,780000</SVIZ>
    <BSP>48,780000</BSP>
    <MALT>59,460000</MALT>
    <XAUS>48,780000</XAUS>
    <XFRA>48,780000</XFRA>
  </Prezzi>
  <Prezzi>
    <Data>20171010</Data>
    <Mercato>MGP</Mercato>
    <Ora>7</Ora>
    <PUN>67,882280</PUN>
    <NAT>69,000000</NAT>
    <CNOR>67,810000</CNOR>
    <CSUD>67,810000</CSUD>
    <NORD>67,810000</NORD>
    <SARD>67,810000</SARD>
    <SICI>69,150000</SICI>
    <SUD>67,810000</SUD>
    <AUST>67,810000</AUST>
    <BRNN>67,810000</BRNN>
    <COAC>67,810000</COAC>
    <CORS>3000,000000</CORS>
    <FOGN>67,810000</FOGN>
    <FRAN>67,810000</FRAN>
    <GREC>67,810000</GREC>
    <MFTV>67,810000</MFTV>
    <PRGP>69,150000</PRGP>
    <ROSN>67,810000</ROSN>
    <SLOV>67,810000</SLOV>
    <SVIZ>67,810000</SVIZ>
    <BSP>67,810000</BSP>
    <MALT>69,150000</MALT>
    <XAUS>67,810000</XAUS>
    <XFRA>67,810000</XFRA>
  </Prezzi>
  <Prezzi>
    <Data>20171010</Data>
    <Mercato>MGP</Mercato>
    <Ora>8</Ora>
    <PUN>71,751840</PUN>
    <NAT>78,830000</NAT>
    <CNOR>70,590000</CNOR>
    <CSUD>70,590000</CSUD>
    <NORD>70,590000</NORD>
    <SARD>70,590000</SARD>
    <SICI>92,900000</SICI>
    <SUD>70,590000</SUD>
    <AUST>70,590000</AUST>
    <BRNN>70,590000</BRNN>
    <COAC>70,590000</COAC>
    <CORS>3000,000000</CORS>
    <FOGN>70,590000</FOGN>
    <FRAN>70,590000</FRAN>
    <GREC>70,590000</GREC>
    <MFTV>70,590000</MFTV>
    <PRGP>92,900000</PRGP>
    <ROSN>70,590000</ROSN>
    <SLOV>70,590000</SLOV>
    <SVIZ>70,590000</SVIZ>
    <BSP>70,590000</BSP>
    <MALT>92,900000</MALT>
    <XAUS>70,590000</XAUS>
    <XFRA>70,590000</XFRA>
  </Prezzi>
  <Prezzi>
    <Data>20171010</Data>
    <Mercato>MGP</Mercato>
    <Ora>9</Ora>
    <PUN>88,180870</PUN>
    <NAT>89,320000</NAT>
    <CNOR>87,580000</CNOR>
    <CSUD>87,580000</CSUD>
    <NORD>87,580000</NORD>
    <SARD>87,580000</SARD>
    <SICI>99,150000</SICI>
    <SUD>87,580000</SUD>
    <AUST>87,580000</AUST>
    <BRNN>87,580000</BRNN>
    <COAC>87,580000</COAC>
    <CORS>3000,000000</CORS>
    <FOGN>87,580000</FOGN>
    <FRAN>87,580000</FRAN>
    <GREC>87,580000</GREC>
    <MFTV>87,580000</MFTV>
    <PRGP>99,150000</PRGP>
    <ROSN>87,580000</ROSN>
    <SLOV>87,580000</SLOV>
    <SVIZ>87,580000</SVIZ>
    <BSP>87,580000</BSP>
    <MALT>99,150000</MALT>
    <XAUS>87,580000</XAUS>
    <XFRA>87,580000</XFRA>
  </Prezzi>
  <Prezzi>
    <Data>20171010</Data>
    <Mercato>MGP</Mercato>
    <Ora>10</Ora>
    <PUN>72,894040</PUN>
    <NAT>79,000000</NAT>
    <CNOR>72,000000</CNOR>
    <CSUD>72,000000</CSUD>
    <NORD>72,000000</NORD>
    <SARD>72,000000</SARD>
    <SICI>89,320000</SICI>
    <SUD>72,000000</SUD>
    <AUST>72,000000</AUST>
    <BRNN>72,000000</BRNN>
    <COAC>72,000000</COAC>
    <CORS>3000,000000</CORS>
    <FOGN>72,000000</FOGN>
    <FRAN>72,000000</FRAN>
    <GREC>72,000000</GREC>
    <MFTV>72,000000</MFTV>
    <PRGP>89,320000</PRGP>
    <ROSN>72,000000</ROSN>
    <SLOV>72,000000</SLOV>
    <SVIZ>72,000000</SVIZ>
    <BSP>72,000000</BSP>
    <MALT>89,320000</MALT>
    <XAUS>72,000000</XAUS>
    <XFRA>72,000000</XFRA>
  </Prezzi>
  <Prezzi>
    <Data>20171010</Data>
    <Mercato>MGP</Mercato>
    <Ora>11</Ora>
    <PUN>65,294140</PUN>
    <NAT>67,810000</NAT>
    <CNOR>67,090000</CNOR>
    <CSUD>55,000000</CSUD>
    <NORD>67,090000</NORD>
    <SARD>55,000000</SARD>
    <SICI>89,190000</SICI>
    <SUD>55,000000</SUD>
    <AUST>67,090000</AUST>
    <BRNN>55,000000</BRNN>
    <COAC>55,000000</COAC>
    <CORS>3000,000000</CORS>
    <FOGN>55,000000</FOGN>
    <FRAN>67,090000</FRAN>
    <GREC>55,000000</GREC>
    <MFTV>67,090000</MFTV>
    <PRGP>89,190000</PRGP>
    <ROSN>55,000000</ROSN>
    <SLOV>67,090000</SLOV>
    <SVIZ>67,090000</SVIZ>
    <BSP>67,090000</BSP>
    <MALT>89,190000</MALT>
    <XAUS>67,090000</XAUS>
    <XFRA>67,090000</XFRA>
  </Prezzi>
  <Prezzi>
    <Data>20171010</Data>
    <Mercato>MGP</Mercato>
    <Ora>12</Ora>
    <PUN>60,961530</PUN>
    <NAT>60,000000</NAT>
    <CNOR>50,000000</CNOR>
    <CSUD>48,850000</CSUD>
    <NORD>66,460000</NORD>
    <SARD>48,850000</SARD>
    <SICI>77,010000</SICI>
    <SUD>48,850000</SUD>
    <AUST>66,460000</AUST>
    <BRNN>48,850000</BRNN>
    <COAC>48,850000</COAC>
    <CORS>3000,000000</CORS>
    <FOGN>48,850000</FOGN>
    <FRAN>66,460000</FRAN>
    <GREC>48,850000</GREC>
    <MFTV>66,460000</MFTV>
    <PRGP>77,010000</PRGP>
    <ROSN>48,850000</ROSN>
    <SLOV>66,460000</SLOV>
    <SVIZ>66,460000</SVIZ>
    <BSP>66,460000</BSP>
    <MALT>77,010000</MALT>
    <XAUS>66,460000</XAUS>
    <XFRA>66,460000</XFRA>
  </Prezzi>
  <Prezzi>
    <Data>20171010</Data>
    <Mercato>MGP</Mercato>
    <Ora>13</Ora>
    <PUN>59,780130</PUN>
    <NAT>59,460000</NAT>
    <CNOR>61,790000</CNOR>
    <CSUD>47,870000</CSUD>
    <NORD>64,723400</NORD>
    <SARD>47,870000</SARD>
    <SICI>57,990000</SICI>
    <SUD>47,870000</SUD>
    <AUST>64,723400</AUST>
    <BRNN>47,870000</BRNN>
    <COAC>47,870000</COAC>
    <CORS>3000,000000</CORS>
    <FOGN>47,870000</FOGN>
    <FRAN>64,723400</FRAN>
    <GREC>47,870000</GREC>
    <MFTV>64,723400</MFTV>
    <PRGP>57,990000</PRGP>
    <ROSN>47,870000</ROSN>
    <SLOV>64,723400</SLOV>
    <SVIZ>64,723400</SVIZ>
    <BSP>64,723400</BSP>
    <MALT>57,990000</MALT>
    <XAUS>64,723400</XAUS>
    <XFRA>64,723400</XFRA>
  </Prezzi>
  <Prezzi>
    <Data>20171010</Data>
    <Mercato>MGP</Mercato>
    <Ora>14</Ora>
    <PUN>58,756890</PUN>
    <NAT>58,000000</NAT>
    <CNOR>61,420000</CNOR>
    <CSUD>46,460000</CSUD>
    <NORD>64,220000</NORD>
    <SARD>38,150000</SARD>
    <SICI>53,130000</SICI>
    <SUD>46,460000</SUD>
    <AUST>64,220000</AUST>
    <BRNN>46,460000</BRNN>
    <COAC>38,150000</COAC>
    <CORS>3000,000000</CORS>
    <FOGN>46,460000</FOGN>
    <FRAN>64,220000</FRAN>
    <GREC>46,460000</GREC>
    <MFTV>64,220000</MFTV>
    <PRGP>53,130000</PRGP>
    <ROSN>46,460000</ROSN>
    <SLOV>64,220000</SLOV>
    <SVIZ>64,220000</SVIZ>
    <BSP>64,220000</BSP>
    <MALT>53,130000</MALT>
    <XAUS>64,220000</XAUS>
    <XFRA>64,220000</XFRA>
  </Prezzi>
  <Prezzi>
    <Data>20171010</Data>
    <Mercato>MGP</Mercato>
    <Ora>15</Ora>
    <PUN>58,027110</PUN>
    <NAT>58,880000</NAT>
    <CNOR>53,290000</CNOR>
    <CSUD>48,870000</CSUD>
    <NORD>63,654860</NORD>
    <SARD>38,150000</SARD>
    <SICI>49,620000</SICI>
    <SUD>48,870000</SUD>
    <AUST>63,654860</AUST>
    <BRNN>48,870000</BRNN>
    <COAC>38,150000</COAC>
    <CORS>3000,000000</CORS>
    <FOGN>48,870000</FOGN>
    <FRAN>63,654860</FRAN>
    <GREC>48,870000</GREC>
    <MFTV>63,654860</MFTV>
    <PRGP>49,620000</PRGP>
    <ROSN>48,870000</ROSN>
    <SLOV>63,654860</SLOV>
    <SVIZ>63,654860</SVIZ>
    <BSP>63,654860</BSP>
    <MALT>49,620000</MALT>
    <XAUS>63,654860</XAUS>
    <XFRA>63,654860</XFRA>
  </Prezzi>
  <Prezzi>
    <Data>20171010</Data>
    <Mercato>MGP</Mercato>
    <Ora>16</Ora>
    <PUN>63,993040</PUN>
    <NAT>60,000000</NAT>
    <CNOR>69,000000</CNOR>
    <CSUD>50,770000</CSUD>
    <NORD>69,000000</NORD>
    <SARD>45,000000</SARD>
    <SICI>59,460000</SICI>
    <SUD>50,770000</SUD>
    <AUST>69,000000</AUST>
    <BRNN>50,770000</BRNN>
    <COAC>45,000000</COAC>
    <CORS>3000,000000</CORS>
    <FOGN>50,770000</FOGN>
    <FRAN>69,000000</FRAN>
    <GREC>50,770000</GREC>
    <MFTV>69,000000</MFTV>
    <PRGP>59,460000</PRGP>
    <ROSN>50,770000</ROSN>
    <SLOV>69,000000</SLOV>
    <SVIZ>69,000000</SVIZ>
    <BSP>69,000000</BSP>
    <MALT>59,460000</MALT>
    <XAUS>69,000000</XAUS>
    <XFRA>69,000000</XFRA>
  </Prezzi>
  <Prezzi>
    <Data>20171010</Data>
    <Mercato>MGP</Mercato>
    <Ora>17</Ora>
    <PUN>66,469450</PUN>
    <NAT>67,000000</NAT>
    <CNOR>65,230000</CNOR>
    <CSUD>65,230000</CSUD>
    <NORD>65,230000</NORD>
    <SARD>65,230000</SARD>
    <SICI>89,190000</SICI>
    <SUD>65,230000</SUD>
    <AUST>65,230000</AUST>
    <BRNN>65,230000</BRNN>
    <COAC>65,230000</COAC>
    <CORS>3000,000000</CORS>
    <FOGN>65,230000</FOGN>
    <FRAN>65,230000</FRAN>
    <GREC>65,230000</GREC>
    <MFTV>65,230000</MFTV>
    <PRGP>89,190000</PRGP>
    <ROSN>65,230000</ROSN>
    <SLOV>65,230000</SLOV>
    <SVIZ>65,230000</SVIZ>
    <BSP>65,230000</BSP>
    <MALT>89,190000</MALT>
    <XAUS>65,230000</XAUS>
    <XFRA>65,230000</XFRA>
  </Prezzi>
  <Prezzi>
    <Data>20171010</Data>
    <Mercato>MGP</Mercato>
    <Ora>18</Ora>
    <PUN>76,340460</PUN>
    <NAT>84,290000</NAT>
    <CNOR>75,380000</CNOR>
    <CSUD>75,380000</CSUD>
    <NORD>75,380000</NORD>
    <SARD>75,380000</SARD>
    <SICI>92,900000</SICI>
    <SUD>75,380000</SUD>
    <AUST>75,380000</AUST>
    <BRNN>75,380000</BRNN>
    <COAC>75,380000</COAC>
    <CORS>3000,000000</CORS>
    <FOGN>75,380000</FOGN>
    <FRAN>75,380000</FRAN>
    <GREC>75,380000</GREC>
    <MFTV>75,380000</MFTV>
    <PRGP>92,900000</PRGP>
    <ROSN>75,380000</ROSN>
    <SLOV>75,380000</SLOV>
    <SVIZ>75,380000</SVIZ>
    <BSP>75,380000</BSP>
    <MALT>92,900000</MALT>
    <XAUS>75,380000</XAUS>
    <XFRA>75,380000</XFRA>
  </Prezzi>
  <Prezzi>
    <Data>20171010</Data>
    <Mercato>MGP</Mercato>
    <Ora>19</Ora>
    <PUN>87,356780</PUN>
    <NAT>92,900000</NAT>
    <CNOR>86,640000</CNOR>
    <CSUD>86,640000</CSUD>
    <NORD>86,640000</NORD>
    <SARD>86,640000</SARD>
    <SICI>99,150000</SICI>
    <SUD>86,640000</SUD>
    <AUST>86,640000</AUST>
    <BRNN>86,640000</BRNN>
    <COAC>86,640000</COAC>
    <CORS>3000,000000</CORS>
    <FOGN>86,640000</FOGN>
    <FRAN>86,640000</FRAN>
    <GREC>86,640000</GREC>
    <MFTV>86,640000</MFTV>
    <PRGP>99,150000</PRGP>
    <ROSN>86,640000</ROSN>
    <SLOV>86,640000</SLOV>
    <SVIZ>86,640000</SVIZ>
    <BSP>86,640000</BSP>
    <MALT>99,150000</MALT>
    <XAUS>86,640000</XAUS>
    <XFRA>86,640000</XFRA>
  </Prezzi>
  <Prezzi>
    <Data>20171010</Data>
    <Mercato>MGP</Mercato>
    <Ora>20</Ora>
    <PUN>105,672570</PUN>
    <NAT>102,540000</NAT>
    <CNOR>106,000000</CNOR>
    <CSUD>106,000000</CSUD>
    <NORD>106,000000</NORD>
    <SARD>106,000000</SARD>
    <SICI>100,480000</SICI>
    <SUD>106,000000</SUD>
    <AUST>106,000000</AUST>
    <BRNN>106,000000</BRNN>
    <COAC>106,000000</COAC>
    <CORS>3000,000000</CORS>
    <FOGN>106,000000</FOGN>
    <FRAN>106,000000</FRAN>
    <GREC>106,000000</GREC>
    <MFTV>106,000000</MFTV>
    <PRGP>100,480000</PRGP>
    <ROSN>106,000000</ROSN>
    <SLOV>106,000000</SLOV>
    <SVIZ>106,000000</SVIZ>
    <BSP>106,000000</BSP>
    <MALT>100,480000</MALT>
    <XAUS>106,000000</XAUS>
    <XFRA>106,000000</XFRA>
  </Prezzi>
  <Prezzi>
    <Data>20171010</Data>
    <Mercato>MGP</Mercato>
    <Ora>21</Ora>
    <PUN>75,590850</PUN>
    <NAT>89,320000</NAT>
    <CNOR>74,100000</CNOR>
    <CSUD>74,100000</CSUD>
    <NORD>74,100000</NORD>
    <SARD>74,100000</SARD>
    <SICI>99,150000</SICI>
    <SUD>74,100000</SUD>
    <AUST>74,100000</AUST>
    <BRNN>74,100000</BRNN>
    <COAC>74,100000</COAC>
    <CORS>3000,000000</CORS>
    <FOGN>74,100000</FOGN>
    <FRAN>74,100000</FRAN>
    <GREC>74,100000</GREC>
    <MFTV>74,100000</MFTV>
    <PRGP>99,150000</PRGP>
    <ROSN>74,100000</ROSN>
    <SLOV>74,100000</SLOV>
    <SVIZ>74,100000</SVIZ>
    <BSP>74,100000</BSP>
    <MALT>99,150000</MALT>
    <XAUS>74,100000</XAUS>
    <XFRA>74,100000</XFRA>
  </Prezzi>
  <Prezzi>
    <Data>20171010</Data>
    <Mercato>MGP</Mercato>
    <Ora>22</Ora>
    <PUN>76,418800</PUN>
    <NAT>89,320000</NAT>
    <CNOR>75,000000</CNOR>
    <CSUD>75,000000</CSUD>
    <NORD>75,000000</NORD>
    <SARD>75,000000</SARD>
    <SICI>99,150000</SICI>
    <SUD>75,000000</SUD>
    <AUST>75,000000</AUST>
    <BRNN>75,000000</BRNN>
    <COAC>75,000000</COAC>
    <CORS>3000,000000</CORS>
    <FOGN>75,000000</FOGN>
    <FRAN>75,000000</FRAN>
    <GREC>75,000000</GREC>
    <MFTV>75,000000</MFTV>
    <PRGP>99,150000</PRGP>
    <ROSN>75,000000</ROSN>
    <SLOV>75,000000</SLOV>
    <SVIZ>75,000000</SVIZ>
    <BSP>75,000000</BSP>
    <MALT>99,150000</MALT>
    <XAUS>75,000000</XAUS>
    <XFRA>75,000000</XFRA>
  </Prezzi>
  <Prezzi>
    <Data>20171010</Data>
    <Mercato>MGP</Mercato>
    <Ora>23</Ora>
    <PUN>63,282960</PUN>
    <NAT>67,810000</NAT>
    <CNOR>61,000000</CNOR>
    <CSUD>61,000000</CSUD>
    <NORD>61,000000</NORD>
    <SARD>61,000000</SARD>
    <SICI>99,150000</SICI>
    <SUD>61,000000</SUD>
    <AUST>61,000000</AUST>
    <BRNN>61,000000</BRNN>
    <COAC>61,000000</COAC>
    <CORS>3000,000000</CORS>
    <FOGN>61,000000</FOGN>
    <FRAN>61,000000</FRAN>
    <GREC>61,000000</GREC>
    <MFTV>61,000000</MFTV>
    <PRGP>99,150000</PRGP>
    <ROSN>61,000000</ROSN>
    <SLOV>61,000000</SLOV>
    <SVIZ>61,000000</SVIZ>
    <BSP>61,000000</BSP>
    <MALT>99,150000</MALT>
    <XAUS>61,000000</XAUS>
    <XFRA>61,000000</XFRA>
  </Prezzi>
  <Prezzi>
    <Data>20171010</Data>
    <Mercato>MGP</Mercato>
    <Ora>24</Ora>
    <PUN>58,226600</PUN>
    <NAT>58,000000</NAT>
    <CNOR>56,283050</CNOR>
    <CSUD>56,283050</CSUD>
    <NORD>56,283050</NORD>
    <SARD>56,283050</SARD>
    <SICI>89,190000</SICI>
    <SUD>56,283050</SUD>
    <AUST>56,283050</AUST>
    <BRNN>56,283050</BRNN>
    <COAC>56,283050</COAC>
    <CORS>3000,000000</CORS>
    <FOGN>56,283050</FOGN>
    <FRAN>56,283050</FRAN>
    <GREC>56,283050</GREC>
    <MFTV>56,283050</MFTV>
    <PRGP>89,190000</PRGP>
    <ROSN>56,283050</ROSN>
    <SLOV>56,283050</SLOV>
    <SVIZ>56,283050</SVIZ>
    <BSP>56,283050</BSP>
    <MALT>89,190000</MALT>
    <XAUS>56,283050</XAUS>
    <XFRA>56,283050</XFRA>
  </Prezzi>
</NewDataSet>