<?xml version="1.0" standalone="yes"?>
<NewDataSet>
  <xs:schema id="NewDataSet" xmlns="" xmlns:xs="http://www.w3.org/2001/XMLSchema" xmlns:msdata="urn:schemas-microsoft-com:xml-msdata">
    <xs:element name="NewDataSet" msdata:IsDataSet="true" msdata:UseCurrentLocale="true">
      <xs:complexType>
        <xs:choice minOccurs="0" maxOccurs="unbounded">
          <xs:element name="Prezzi">
            <xs:complexType>
              <xs:sequence>
                <xs:element name="Data" type="xs:string" minOccurs="0" />
                <xs:element name="Mercato" type="xs:string" minOccurs="0" />
                <xs:element name="Ora" type="xs:string" minOccurs="0" />
                <xs:element name="PUN" type="xs:string" minOccurs="0" />
                <xs:element name="NAT" type="xs:string" minOccurs="0" />
                <xs:element name="CNOR" type="xs:string" minOccurs="0" />
                <xs:element name="CSUD" type="xs:string" minOccurs="0" />
                <xs:element name="NORD" type="xs:string" minOccurs="0" />
                <xs:element name="SARD" type="xs:string" minOccurs="0" />
                <xs:element name="SICI" type="xs:string" minOccurs="0" />
                <xs:element name="SUD" type="xs:string" minOccurs="0" />
                <xs:element name="AUST" type="xs:string" minOccurs="0" />
                <xs:element name="BRNN" type="xs:string" minOccurs="0" />
                <xs:element name="COAC" type="xs:string" minOccurs="0" />
                <xs:element name="CORS" type="xs:string" minOccurs="0" />
                <xs:element name="FOGN" type="xs:string" minOccurs="0" />
                <xs:element name="FRAN" type="xs:string" minOccurs="0" />
                <xs:element name="GREC" type="xs:string" minOccurs="0" />
                <xs:element name="MFTV" type="xs:string" minOccurs="0" />
                <xs:element name="PRGP" type="xs:string" minOccurs="0" />
                <xs:element name="ROSN" type="xs:string" minOccurs="0" />
                <xs:element name="SLOV" type="xs:string" minOccurs="0" />
                <xs:element name="SVIZ" type="xs:string" minOccurs="0" />
                <xs:element name="BSP" type="xs:string" minOccurs="0" />
                <xs:element name="MALT" type="xs:string" minOccurs="0" />
                <xs:element name="XAUS" type="xs:string" minOccurs="0" />
                <xs:element name="XFRA" type="xs:string" minOccurs="0" />
              </xs:sequence>
            </xs:complexType>
          </xs:element>
        </xs:choice>
      </xs:complexType>
    </xs:element>
  </xs:schema>
  <Prezzi>
    <Data>20171027</Data>
    <Mercato>MGP</Mercato>
    <Ora>1</Ora>
    <PUN>54,942120</PUN>
    <NAT>54,260000</NAT>
    <CNOR>52,430000</CNOR>
    <CSUD>52,430000</CSUD>
    <NORD>52,430000</NORD>
    <SARD>52,430000</SARD>
    <SICI>99,150000</SICI>
    <SUD>52,430000</SUD>
    <AUST>52,430000</AUST>
    <BRNN>52,430000</BRNN>
    <COAC>52,430000</COAC>
    <CORS>52,430000</CORS>
    <FOGN>52,430000</FOGN>
    <FRAN>52,430000</FRAN>
    <GREC>52,430000</GREC>
    <MFTV>52,430000</MFTV>
    <PRGP>99,150000</PRGP>
    <ROSN>52,430000</ROSN>
    <SLOV>52,430000</SLOV>
    <SVIZ>52,430000</SVIZ>
    <BSP>52,430000</BSP>
    <MALT>99,150000</MALT>
    <XAUS>52,430000</XAUS>
    <XFRA>52,430000</XFRA>
  </Prezzi>
  <Prezzi>
    <Data>20171027</Data>
    <Mercato>MGP</Mercato>
    <Ora>2</Ora>
    <PUN>51,709490</PUN>
    <NAT>51,370000</NAT>
    <CNOR>49,090000</CNOR>
    <CSUD>49,090000</CSUD>
    <NORD>49,090000</NORD>
    <SARD>49,090000</SARD>
    <SICI>99,150000</SICI>
    <SUD>49,090000</SUD>
    <AUST>49,090000</AUST>
    <BRNN>49,090000</BRNN>
    <COAC>49,090000</COAC>
    <CORS>49,090000</CORS>
    <FOGN>49,090000</FOGN>
    <FRAN>49,090000</FRAN>
    <GREC>49,090000</GREC>
    <MFTV>49,090000</MFTV>
    <PRGP>99,150000</PRGP>
    <ROSN>49,090000</ROSN>
    <SLOV>49,090000</SLOV>
    <SVIZ>49,090000</SVIZ>
    <BSP>49,090000</BSP>
    <MALT>99,150000</MALT>
    <XAUS>49,090000</XAUS>
    <XFRA>49,090000</XFRA>
  </Prezzi>
  <Prezzi>
    <Data>20171027</Data>
    <Mercato>MGP</Mercato>
    <Ora>3</Ora>
    <PUN>50,581790</PUN>
    <NAT>50,820000</NAT>
    <CNOR>49,560000</CNOR>
    <CSUD>49,560000</CSUD>
    <NORD>49,560000</NORD>
    <SARD>49,560000</SARD>
    <SICI>69,150000</SICI>
    <SUD>49,560000</SUD>
    <AUST>49,560000</AUST>
    <BRNN>49,560000</BRNN>
    <COAC>49,560000</COAC>
    <CORS>49,560000</CORS>
    <FOGN>49,560000</FOGN>
    <FRAN>49,560000</FRAN>
    <GREC>49,560000</GREC>
    <MFTV>49,560000</MFTV>
    <PRGP>69,150000</PRGP>
    <ROSN>49,560000</ROSN>
    <SLOV>49,560000</SLOV>
    <SVIZ>49,560000</SVIZ>
    <BSP>49,560000</BSP>
    <MALT>69,150000</MALT>
    <XAUS>49,560000</XAUS>
    <XFRA>49,560000</XFRA>
  </Prezzi>
  <Prezzi>
    <Data>20171027</Data>
    <Mercato>MGP</Mercato>
    <Ora>4</Ora>
    <PUN>48,857110</PUN>
    <NAT>49,840000</NAT>
    <CNOR>47,750000</CNOR>
    <CSUD>47,750000</CSUD>
    <NORD>47,750000</NORD>
    <SARD>47,750000</SARD>
    <SICI>69,150000</SICI>
    <SUD>47,750000</SUD>
    <AUST>47,750000</AUST>
    <BRNN>47,750000</BRNN>
    <COAC>47,750000</COAC>
    <CORS>47,750000</CORS>
    <FOGN>47,750000</FOGN>
    <FRAN>47,750000</FRAN>
    <GREC>47,750000</GREC>
    <MFTV>47,750000</MFTV>
    <PRGP>69,150000</PRGP>
    <ROSN>47,750000</ROSN>
    <SLOV>47,750000</SLOV>
    <SVIZ>47,750000</SVIZ>
    <BSP>47,750000</BSP>
    <MALT>69,150000</MALT>
    <XAUS>47,750000</XAUS>
    <XFRA>47,750000</XFRA>
  </Prezzi>
  <Prezzi>
    <Data>20171027</Data>
    <Mercato>MGP</Mercato>
    <Ora>5</Ora>
    <PUN>48,809650</PUN>
    <NAT>49,500000</NAT>
    <CNOR>47,700000</CNOR>
    <CSUD>47,700000</CSUD>
    <NORD>47,700000</NORD>
    <SARD>47,700000</SARD>
    <SICI>69,150000</SICI>
    <SUD>47,700000</SUD>
    <AUST>47,700000</AUST>
    <BRNN>47,700000</BRNN>
    <COAC>47,700000</COAC>
    <CORS>47,700000</CORS>
    <FOGN>47,700000</FOGN>
    <FRAN>47,700000</FRAN>
    <GREC>47,700000</GREC>
    <MFTV>47,700000</MFTV>
    <PRGP>69,150000</PRGP>
    <ROSN>47,700000</ROSN>
    <SLOV>47,700000</SLOV>
    <SVIZ>47,700000</SVIZ>
    <BSP>47,700000</BSP>
    <MALT>69,150000</MALT>
    <XAUS>47,700000</XAUS>
    <XFRA>47,700000</XFRA>
  </Prezzi>
  <Prezzi>
    <Data>20171027</Data>
    <Mercato>MGP</Mercato>
    <Ora>6</Ora>
    <PUN>50,221170</PUN>
    <NAT>51,370000</NAT>
    <CNOR>49,190000</CNOR>
    <CSUD>49,190000</CSUD>
    <NORD>49,190000</NORD>
    <SARD>49,190000</SARD>
    <SICI>69,150000</SICI>
    <SUD>49,190000</SUD>
    <AUST>49,190000</AUST>
    <BRNN>49,190000</BRNN>
    <COAC>49,190000</COAC>
    <CORS>49,190000</CORS>
    <FOGN>49,190000</FOGN>
    <FRAN>49,190000</FRAN>
    <GREC>49,190000</GREC>
    <MFTV>49,190000</MFTV>
    <PRGP>69,150000</PRGP>
    <ROSN>49,190000</ROSN>
    <SLOV>49,190000</SLOV>
    <SVIZ>49,190000</SVIZ>
    <BSP>49,190000</BSP>
    <MALT>69,150000</MALT>
    <XAUS>49,190000</XAUS>
    <XFRA>49,190000</XFRA>
  </Prezzi>
  <Prezzi>
    <Data>20171027</Data>
    <Mercato>MGP</Mercato>
    <Ora>7</Ora>
    <PUN>66,260910</PUN>
    <NAT>69,150000</NAT>
    <CNOR>66,110000</CNOR>
    <CSUD>66,110000</CSUD>
    <NORD>66,110000</NORD>
    <SARD>66,110000</SARD>
    <SICI>69,150000</SICI>
    <SUD>66,110000</SUD>
    <AUST>66,110000</AUST>
    <BRNN>66,110000</BRNN>
    <COAC>66,110000</COAC>
    <CORS>66,110000</CORS>
    <FOGN>66,110000</FOGN>
    <FRAN>66,110000</FRAN>
    <GREC>66,110000</GREC>
    <MFTV>66,110000</MFTV>
    <PRGP>69,150000</PRGP>
    <ROSN>66,110000</ROSN>
    <SLOV>66,110000</SLOV>
    <SVIZ>66,110000</SVIZ>
    <BSP>66,110000</BSP>
    <MALT>69,150000</MALT>
    <XAUS>66,110000</XAUS>
    <XFRA>66,110000</XFRA>
  </Prezzi>
  <Prezzi>
    <Data>20171027</Data>
    <Mercato>MGP</Mercato>
    <Ora>8</Ora>
    <PUN>72,307520</PUN>
    <NAT>85,000000</NAT>
    <CNOR>70,890000</CNOR>
    <CSUD>70,890000</CSUD>
    <NORD>70,890000</NORD>
    <SARD>70,890000</SARD>
    <SICI>99,150000</SICI>
    <SUD>70,890000</SUD>
    <AUST>70,890000</AUST>
    <BRNN>70,890000</BRNN>
    <COAC>70,890000</COAC>
    <CORS>70,890000</CORS>
    <FOGN>70,890000</FOGN>
    <FRAN>70,890000</FRAN>
    <GREC>70,890000</GREC>
    <MFTV>70,890000</MFTV>
    <PRGP>99,150000</PRGP>
    <ROSN>70,890000</ROSN>
    <SLOV>70,890000</SLOV>
    <SVIZ>70,890000</SVIZ>
    <BSP>70,890000</BSP>
    <MALT>99,150000</MALT>
    <XAUS>70,890000</XAUS>
    <XFRA>70,890000</XFRA>
  </Prezzi>
  <Prezzi>
    <Data>20171027</Data>
    <Mercato>MGP</Mercato>
    <Ora>9</Ora>
    <PUN>83,970000</PUN>
    <NAT>89,250000</NAT>
    <CNOR>87,682330</CNOR>
    <CSUD>70,220000</CSUD>
    <NORD>87,682330</NORD>
    <SARD>70,220000</SARD>
    <SICI>99,150000</SICI>
    <SUD>70,220000</SUD>
    <AUST>87,682330</AUST>
    <BRNN>70,220000</BRNN>
    <COAC>70,220000</COAC>
    <CORS>87,682330</CORS>
    <FOGN>70,220000</FOGN>
    <FRAN>87,682330</FRAN>
    <GREC>70,220000</GREC>
    <MFTV>87,682330</MFTV>
    <PRGP>99,150000</PRGP>
    <ROSN>70,220000</ROSN>
    <SLOV>87,682330</SLOV>
    <SVIZ>87,682330</SVIZ>
    <BSP>87,682330</BSP>
    <MALT>99,150000</MALT>
    <XAUS>87,682330</XAUS>
    <XFRA>87,682330</XFRA>
  </Prezzi>
  <Prezzi>
    <Data>20171027</Data>
    <Mercato>MGP</Mercato>
    <Ora>10</Ora>
    <PUN>78,944620</PUN>
    <NAT>75,580000</NAT>
    <CNOR>80,670000</CNOR>
    <CSUD>69,910000</CSUD>
    <NORD>80,670000</NORD>
    <SARD>69,910000</SARD>
    <SICI>99,150000</SICI>
    <SUD>69,910000</SUD>
    <AUST>80,670000</AUST>
    <BRNN>69,910000</BRNN>
    <COAC>69,910000</COAC>
    <CORS>80,670000</CORS>
    <FOGN>69,910000</FOGN>
    <FRAN>80,670000</FRAN>
    <GREC>69,910000</GREC>
    <MFTV>80,670000</MFTV>
    <PRGP>99,150000</PRGP>
    <ROSN>69,910000</ROSN>
    <SLOV>80,670000</SLOV>
    <SVIZ>80,670000</SVIZ>
    <BSP>80,670000</BSP>
    <MALT>99,150000</MALT>
    <XAUS>80,670000</XAUS>
    <XFRA>80,670000</XFRA>
  </Prezzi>
  <Prezzi>
    <Data>20171027</Data>
    <Mercato>MGP</Mercato>
    <Ora>11</Ora>
    <PUN>61,969800</PUN>
    <NAT>62,600000</NAT>
    <CNOR>66,000000</CNOR>
    <CSUD>43,050000</CSUD>
    <NORD>66,000000</NORD>
    <SARD>43,050000</SARD>
    <SICI>99,150000</SICI>
    <SUD>43,050000</SUD>
    <AUST>66,000000</AUST>
    <BRNN>43,050000</BRNN>
    <COAC>43,050000</COAC>
    <CORS>66,000000</CORS>
    <FOGN>43,050000</FOGN>
    <FRAN>66,000000</FRAN>
    <GREC>43,050000</GREC>
    <MFTV>66,000000</MFTV>
    <PRGP>99,150000</PRGP>
    <ROSN>43,050000</ROSN>
    <SLOV>66,000000</SLOV>
    <SVIZ>66,000000</SVIZ>
    <BSP>66,000000</BSP>
    <MALT>99,150000</MALT>
    <XAUS>66,000000</XAUS>
    <XFRA>66,000000</XFRA>
  </Prezzi>
  <Prezzi>
    <Data>20171027</Data>
    <Mercato>MGP</Mercato>
    <Ora>12</Ora>
    <PUN>60,035550</PUN>
    <NAT>54,930000</NAT>
    <CNOR>65,010000</CNOR>
    <CSUD>38,990000</CSUD>
    <NORD>65,010000</NORD>
    <SARD>38,990000</SARD>
    <SICI>94,410000</SICI>
    <SUD>38,990000</SUD>
    <AUST>65,010000</AUST>
    <BRNN>38,990000</BRNN>
    <COAC>38,990000</COAC>
    <CORS>65,010000</CORS>
    <FOGN>38,990000</FOGN>
    <FRAN>65,010000</FRAN>
    <GREC>38,990000</GREC>
    <MFTV>65,010000</MFTV>
    <PRGP>94,410000</PRGP>
    <ROSN>38,990000</ROSN>
    <SLOV>65,010000</SLOV>
    <SVIZ>65,010000</SVIZ>
    <BSP>65,010000</BSP>
    <MALT>94,410000</MALT>
    <XAUS>65,010000</XAUS>
    <XFRA>65,010000</XFRA>
  </Prezzi>
  <Prezzi>
    <Data>20171027</Data>
    <Mercato>MGP</Mercato>
    <Ora>13</Ora>
    <PUN>56,135770</PUN>
    <NAT>51,140000</NAT>
    <CNOR>60,530000</CNOR>
    <CSUD>36,990000</CSUD>
    <NORD>60,530000</NORD>
    <SARD>36,990000</SARD>
    <SICI>94,410000</SICI>
    <SUD>36,990000</SUD>
    <AUST>60,530000</AUST>
    <BRNN>36,990000</BRNN>
    <COAC>36,990000</COAC>
    <CORS>60,530000</CORS>
    <FOGN>36,990000</FOGN>
    <FRAN>60,530000</FRAN>
    <GREC>36,990000</GREC>
    <MFTV>60,530000</MFTV>
    <PRGP>94,410000</PRGP>
    <ROSN>36,990000</ROSN>
    <SLOV>60,530000</SLOV>
    <SVIZ>60,530000</SVIZ>
    <BSP>60,530000</BSP>
    <MALT>94,410000</MALT>
    <XAUS>60,530000</XAUS>
    <XFRA>60,530000</XFRA>
  </Prezzi>
  <Prezzi>
    <Data>20171027</Data>
    <Mercato>MGP</Mercato>
    <Ora>14</Ora>
    <PUN>54,133670</PUN>
    <NAT>49,610000</NAT>
    <CNOR>60,160000</CNOR>
    <CSUD>30,000000</CSUD>
    <NORD>60,160000</NORD>
    <SARD>30,000000</SARD>
    <SICI>92,900000</SICI>
    <SUD>30,000000</SUD>
    <AUST>60,160000</AUST>
    <BRNN>30,000000</BRNN>
    <COAC>30,000000</COAC>
    <CORS>60,160000</CORS>
    <FOGN>30,000000</FOGN>
    <FRAN>60,160000</FRAN>
    <GREC>30,000000</GREC>
    <MFTV>60,160000</MFTV>
    <PRGP>92,900000</PRGP>
    <ROSN>30,000000</ROSN>
    <SLOV>60,160000</SLOV>
    <SVIZ>60,160000</SVIZ>
    <BSP>60,160000</BSP>
    <MALT>92,900000</MALT>
    <XAUS>60,160000</XAUS>
    <XFRA>60,160000</XFRA>
  </Prezzi>
  <Prezzi>
    <Data>20171027</Data>
    <Mercato>MGP</Mercato>
    <Ora>15</Ora>
    <PUN>52,328170</PUN>
    <NAT>49,090000</NAT>
    <CNOR>56,968710</CNOR>
    <CSUD>33,000000</CSUD>
    <NORD>56,968710</NORD>
    <SARD>11,410000</SARD>
    <SICI>94,410000</SICI>
    <SUD>33,000000</SUD>
    <AUST>56,968710</AUST>
    <BRNN>33,000000</BRNN>
    <COAC>11,410000</COAC>
    <CORS>56,968710</CORS>
    <FOGN>33,000000</FOGN>
    <FRAN>56,968710</FRAN>
    <GREC>33,000000</GREC>
    <MFTV>56,968710</MFTV>
    <PRGP>94,410000</PRGP>
    <ROSN>33,000000</ROSN>
    <SLOV>56,968710</SLOV>
    <SVIZ>56,968710</SVIZ>
    <BSP>56,968710</BSP>
    <MALT>94,410000</MALT>
    <XAUS>56,968710</XAUS>
    <XFRA>56,968710</XFRA>
  </Prezzi>
  <Prezzi>
    <Data>20171027</Data>
    <Mercato>MGP</Mercato>
    <Ora>16</Ora>
    <PUN>57,536100</PUN>
    <NAT>52,790000</NAT>
    <CNOR>61,900000</CNOR>
    <CSUD>38,990000</CSUD>
    <NORD>61,900000</NORD>
    <SARD>27,160000</SARD>
    <SICI>94,410000</SICI>
    <SUD>38,990000</SUD>
    <AUST>61,900000</AUST>
    <BRNN>38,990000</BRNN>
    <COAC>27,160000</COAC>
    <CORS>61,900000</CORS>
    <FOGN>38,990000</FOGN>
    <FRAN>61,900000</FRAN>
    <GREC>38,990000</GREC>
    <MFTV>61,900000</MFTV>
    <PRGP>94,410000</PRGP>
    <ROSN>38,990000</ROSN>
    <SLOV>61,900000</SLOV>
    <SVIZ>61,900000</SVIZ>
    <BSP>61,900000</BSP>
    <MALT>94,410000</MALT>
    <XAUS>61,900000</XAUS>
    <XFRA>61,900000</XFRA>
  </Prezzi>
  <Prezzi>
    <Data>20171027</Data>
    <Mercato>MGP</Mercato>
    <Ora>17</Ora>
    <PUN>59,727960</PUN>
    <NAT>58,010000</NAT>
    <CNOR>62,940000</CNOR>
    <CSUD>43,420000</CSUD>
    <NORD>62,940000</NORD>
    <SARD>38,240000</SARD>
    <SICI>99,150000</SICI>
    <SUD>43,420000</SUD>
    <AUST>62,940000</AUST>
    <BRNN>43,420000</BRNN>
    <COAC>38,240000</COAC>
    <CORS>62,940000</CORS>
    <FOGN>43,420000</FOGN>
    <FRAN>62,940000</FRAN>
    <GREC>43,420000</GREC>
    <MFTV>62,940000</MFTV>
    <PRGP>99,150000</PRGP>
    <ROSN>43,420000</ROSN>
    <SLOV>62,940000</SLOV>
    <SVIZ>62,940000</SVIZ>
    <BSP>62,940000</BSP>
    <MALT>99,150000</MALT>
    <XAUS>62,940000</XAUS>
    <XFRA>62,940000</XFRA>
  </Prezzi>
  <Prezzi>
    <Data>20171027</Data>
    <Mercato>MGP</Mercato>
    <Ora>18</Ora>
    <PUN>63,867810</PUN>
    <NAT>68,240000</NAT>
    <CNOR>65,590000</CNOR>
    <CSUD>52,000000</CSUD>
    <NORD>65,590000</NORD>
    <SARD>52,000000</SARD>
    <SICI>99,150000</SICI>
    <SUD>52,000000</SUD>
    <AUST>65,590000</AUST>
    <BRNN>52,000000</BRNN>
    <COAC>52,000000</COAC>
    <CORS>65,590000</CORS>
    <FOGN>52,000000</FOGN>
    <FRAN>65,590000</FRAN>
    <GREC>52,000000</GREC>
    <MFTV>65,590000</MFTV>
    <PRGP>99,150000</PRGP>
    <ROSN>52,000000</ROSN>
    <SLOV>65,590000</SLOV>
    <SVIZ>65,590000</SVIZ>
    <BSP>65,590000</BSP>
    <MALT>99,150000</MALT>
    <XAUS>65,590000</XAUS>
    <XFRA>65,590000</XFRA>
  </Prezzi>
  <Prezzi>
    <Data>20171027</Data>
    <Mercato>MGP</Mercato>
    <Ora>19</Ora>
    <PUN>70,000000</PUN>
    <NAT>70,570000</NAT>
    <CNOR>68,256270</CNOR>
    <CSUD>68,256270</CSUD>
    <NORD>68,256270</NORD>
    <SARD>68,256270</SARD>
    <SICI>99,460000</SICI>
    <SUD>68,256270</SUD>
    <AUST>68,256270</AUST>
    <BRNN>68,256270</BRNN>
    <COAC>68,256270</COAC>
    <CORS>68,256270</CORS>
    <FOGN>68,256270</FOGN>
    <FRAN>68,256270</FRAN>
    <GREC>68,256270</GREC>
    <MFTV>68,256270</MFTV>
    <PRGP>99,460000</PRGP>
    <ROSN>68,256270</ROSN>
    <SLOV>68,256270</SLOV>
    <SVIZ>68,256270</SVIZ>
    <BSP>68,256270</BSP>
    <MALT>99,460000</MALT>
    <XAUS>68,256270</XAUS>
    <XFRA>68,256270</XFRA>
  </Prezzi>
  <Prezzi>
    <Data>20171027</Data>
    <Mercato>MGP</Mercato>
    <Ora>20</Ora>
    <PUN>71,876220</PUN>
    <NAT>83,220000</NAT>
    <CNOR>70,220000</CNOR>
    <CSUD>70,220000</CSUD>
    <NORD>70,220000</NORD>
    <SARD>70,220000</SARD>
    <SICI>99,460000</SICI>
    <SUD>70,220000</SUD>
    <AUST>70,220000</AUST>
    <BRNN>70,220000</BRNN>
    <COAC>70,220000</COAC>
    <CORS>70,220000</CORS>
    <FOGN>70,220000</FOGN>
    <FRAN>70,220000</FRAN>
    <GREC>70,220000</GREC>
    <MFTV>70,220000</MFTV>
    <PRGP>99,460000</PRGP>
    <ROSN>70,220000</ROSN>
    <SLOV>70,220000</SLOV>
    <SVIZ>70,220000</SVIZ>
    <BSP>70,220000</BSP>
    <MALT>99,460000</MALT>
    <XAUS>70,220000</XAUS>
    <XFRA>70,220000</XFRA>
  </Prezzi>
  <Prezzi>
    <Data>20171027</Data>
    <Mercato>MGP</Mercato>
    <Ora>21</Ora>
    <PUN>68,880330</PUN>
    <NAT>70,220000</NAT>
    <CNOR>67,000000</CNOR>
    <CSUD>67,000000</CSUD>
    <NORD>67,000000</NORD>
    <SARD>67,000000</SARD>
    <SICI>99,460000</SICI>
    <SUD>67,000000</SUD>
    <AUST>67,000000</AUST>
    <BRNN>67,000000</BRNN>
    <COAC>67,000000</COAC>
    <CORS>67,000000</CORS>
    <FOGN>67,000000</FOGN>
    <FRAN>67,000000</FRAN>
    <GREC>67,000000</GREC>
    <MFTV>67,000000</MFTV>
    <PRGP>99,460000</PRGP>
    <ROSN>67,000000</ROSN>
    <SLOV>67,000000</SLOV>
    <SVIZ>67,000000</SVIZ>
    <BSP>67,000000</BSP>
    <MALT>99,460000</MALT>
    <XAUS>67,000000</XAUS>
    <XFRA>67,000000</XFRA>
  </Prezzi>
  <Prezzi>
    <Data>20171027</Data>
    <Mercato>MGP</Mercato>
    <Ora>22</Ora>
    <PUN>62,854830</PUN>
    <NAT>66,350000</NAT>
    <CNOR>60,640000</CNOR>
    <CSUD>60,640000</CSUD>
    <NORD>60,640000</NORD>
    <SARD>60,640000</SARD>
    <SICI>99,150000</SICI>
    <SUD>60,640000</SUD>
    <AUST>60,640000</AUST>
    <BRNN>60,640000</BRNN>
    <COAC>60,640000</COAC>
    <CORS>60,640000</CORS>
    <FOGN>60,640000</FOGN>
    <FRAN>60,640000</FRAN>
    <GREC>60,640000</GREC>
    <MFTV>60,640000</MFTV>
    <PRGP>99,150000</PRGP>
    <ROSN>60,640000</ROSN>
    <SLOV>60,640000</SLOV>
    <SVIZ>60,640000</SVIZ>
    <BSP>60,640000</BSP>
    <MALT>99,150000</MALT>
    <XAUS>60,640000</XAUS>
    <XFRA>60,640000</XFRA>
  </Prezzi>
  <Prezzi>
    <Data>20171027</Data>
    <Mercato>MGP</Mercato>
    <Ora>23</Ora>
    <PUN>53,587070</PUN>
    <NAT>52,770000</NAT>
    <CNOR>50,800000</CNOR>
    <CSUD>50,800000</CSUD>
    <NORD>50,800000</NORD>
    <SARD>50,800000</SARD>
    <SICI>99,150000</SICI>
    <SUD>50,800000</SUD>
    <AUST>50,800000</AUST>
    <BRNN>50,800000</BRNN>
    <COAC>50,800000</COAC>
    <CORS>50,800000</CORS>
    <FOGN>50,800000</FOGN>
    <FRAN>50,800000</FRAN>
    <GREC>50,800000</GREC>
    <MFTV>50,800000</MFTV>
    <PRGP>99,150000</PRGP>
    <ROSN>50,800000</ROSN>
    <SLOV>50,800000</SLOV>
    <SVIZ>50,800000</SVIZ>
    <BSP>50,800000</BSP>
    <MALT>99,150000</MALT>
    <XAUS>50,800000</XAUS>
    <XFRA>50,800000</XFRA>
  </Prezzi>
  <Prezzi>
    <Data>20171027</Data>
    <Mercato>MGP</Mercato>
    <Ora>24</Ora>
    <PUN>51,200770</PUN>
    <NAT>49,170000</NAT>
    <CNOR>48,590000</CNOR>
    <CSUD>48,590000</CSUD>
    <NORD>48,590000</NORD>
    <SARD>48,590000</SARD>
    <SICI>94,410000</SICI>
    <SUD>48,590000</SUD>
    <AUST>48,590000</AUST>
    <BRNN>48,590000</BRNN>
    <COAC>48,590000</COAC>
    <CORS>48,590000</CORS>
    <FOGN>48,590000</FOGN>
    <FRAN>48,590000</FRAN>
    <GREC>48,590000</GREC>
    <MFTV>48,590000</MFTV>
    <PRGP>94,410000</PRGP>
    <ROSN>48,590000</ROSN>
    <SLOV>48,590000</SLOV>
    <SVIZ>48,590000</SVIZ>
    <BSP>48,590000</BSP>
    <MALT>94,410000</MALT>
    <XAUS>48,590000</XAUS>
    <XFRA>48,590000</XFRA>
  </Prezzi>
</NewDataSet>