<?xml version="1.0" standalone="yes"?>
<NewDataSet>
  <xs:schema id="NewDataSet" xmlns="" xmlns:xs="http://www.w3.org/2001/XMLSchema" xmlns:msdata="urn:schemas-microsoft-com:xml-msdata">
    <xs:element name="NewDataSet" msdata:IsDataSet="true" msdata:UseCurrentLocale="true">
      <xs:complexType>
        <xs:choice minOccurs="0" maxOccurs="unbounded">
          <xs:element name="Prezzi">
            <xs:complexType>
              <xs:sequence>
                <xs:element name="Data" type="xs:string" minOccurs="0" />
                <xs:element name="Mercato" type="xs:string" minOccurs="0" />
                <xs:element name="Ora" type="xs:string" minOccurs="0" />
                <xs:element name="PUN" type="xs:string" minOccurs="0" />
                <xs:element name="NAT" type="xs:string" minOccurs="0" />
                <xs:element name="CNOR" type="xs:string" minOccurs="0" />
                <xs:element name="CSUD" type="xs:string" minOccurs="0" />
                <xs:element name="NORD" type="xs:string" minOccurs="0" />
                <xs:element name="SARD" type="xs:string" minOccurs="0" />
                <xs:element name="SICI" type="xs:string" minOccurs="0" />
                <xs:element name="SUD" type="xs:string" minOccurs="0" />
                <xs:element name="AUST" type="xs:string" minOccurs="0" />
                <xs:element name="BRNN" type="xs:string" minOccurs="0" />
                <xs:element name="COAC" type="xs:string" minOccurs="0" />
                <xs:element name="CORS" type="xs:string" minOccurs="0" />
                <xs:element name="FOGN" type="xs:string" minOccurs="0" />
                <xs:element name="FRAN" type="xs:string" minOccurs="0" />
                <xs:element name="GREC" type="xs:string" minOccurs="0" />
                <xs:element name="MFTV" type="xs:string" minOccurs="0" />
                <xs:element name="PRGP" type="xs:string" minOccurs="0" />
                <xs:element name="ROSN" type="xs:string" minOccurs="0" />
                <xs:element name="SLOV" type="xs:string" minOccurs="0" />
                <xs:element name="SVIZ" type="xs:string" minOccurs="0" />
                <xs:element name="BSP" type="xs:string" minOccurs="0" />
                <xs:element name="MALT" type="xs:string" minOccurs="0" />
                <xs:element name="XAUS" type="xs:string" minOccurs="0" />
                <xs:element name="XFRA" type="xs:string" minOccurs="0" />
              </xs:sequence>
            </xs:complexType>
          </xs:element>
        </xs:choice>
      </xs:complexType>
    </xs:element>
  </xs:schema>
  <Prezzi>
    <Data>20171009</Data>
    <Mercato>MGP</Mercato>
    <Ora>1</Ora>
    <PUN>45,508740</PUN>
    <NAT>44,460000</NAT>
    <CNOR>43,380000</CNOR>
    <CSUD>43,380000</CSUD>
    <NORD>43,380000</NORD>
    <SARD>43,380000</SARD>
    <SICI>76,970000</SICI>
    <SUD>43,380000</SUD>
    <AUST>43,380000</AUST>
    <BRNN>43,380000</BRNN>
    <COAC>43,380000</COAC>
    <CORS>3000,000000</CORS>
    <FOGN>43,380000</FOGN>
    <FRAN>43,380000</FRAN>
    <GREC>43,380000</GREC>
    <MFTV>43,380000</MFTV>
    <PRGP>76,970000</PRGP>
    <ROSN>43,380000</ROSN>
    <SLOV>43,380000</SLOV>
    <SVIZ>43,380000</SVIZ>
    <BSP>43,380000</BSP>
    <MALT>76,970000</MALT>
    <XAUS>43,380000</XAUS>
    <XFRA>43,380000</XFRA>
  </Prezzi>
  <Prezzi>
    <Data>20171009</Data>
    <Mercato>MGP</Mercato>
    <Ora>2</Ora>
    <PUN>40,419460</PUN>
    <NAT>40,110000</NAT>
    <CNOR>39,150000</CNOR>
    <CSUD>39,150000</CSUD>
    <NORD>39,150000</NORD>
    <SARD>39,150000</SARD>
    <SICI>59,460000</SICI>
    <SUD>39,150000</SUD>
    <AUST>39,150000</AUST>
    <BRNN>39,150000</BRNN>
    <COAC>39,150000</COAC>
    <CORS>3000,000000</CORS>
    <FOGN>39,150000</FOGN>
    <FRAN>39,150000</FRAN>
    <GREC>39,150000</GREC>
    <MFTV>39,150000</MFTV>
    <PRGP>59,460000</PRGP>
    <ROSN>39,150000</ROSN>
    <SLOV>39,150000</SLOV>
    <SVIZ>39,150000</SVIZ>
    <BSP>39,150000</BSP>
    <MALT>59,460000</MALT>
    <XAUS>39,150000</XAUS>
    <XFRA>39,150000</XFRA>
  </Prezzi>
  <Prezzi>
    <Data>20171009</Data>
    <Mercato>MGP</Mercato>
    <Ora>3</Ora>
    <PUN>38,571610</PUN>
    <NAT>39,130000</NAT>
    <CNOR>37,300000</CNOR>
    <CSUD>37,300000</CSUD>
    <NORD>37,300000</NORD>
    <SARD>37,300000</SARD>
    <SICI>57,990000</SICI>
    <SUD>37,300000</SUD>
    <AUST>37,300000</AUST>
    <BRNN>37,300000</BRNN>
    <COAC>37,300000</COAC>
    <CORS>3000,000000</CORS>
    <FOGN>37,300000</FOGN>
    <FRAN>37,300000</FRAN>
    <GREC>37,300000</GREC>
    <MFTV>37,300000</MFTV>
    <PRGP>57,990000</PRGP>
    <ROSN>37,300000</ROSN>
    <SLOV>37,300000</SLOV>
    <SVIZ>37,300000</SVIZ>
    <BSP>37,300000</BSP>
    <MALT>57,990000</MALT>
    <XAUS>37,300000</XAUS>
    <XFRA>37,300000</XFRA>
  </Prezzi>
  <Prezzi>
    <Data>20171009</Data>
    <Mercato>MGP</Mercato>
    <Ora>4</Ora>
    <PUN>36,394520</PUN>
    <NAT>37,300000</NAT>
    <CNOR>35,000000</CNOR>
    <CSUD>35,000000</CSUD>
    <NORD>35,000000</NORD>
    <SARD>35,000000</SARD>
    <SICI>57,990000</SICI>
    <SUD>35,000000</SUD>
    <AUST>35,000000</AUST>
    <BRNN>35,000000</BRNN>
    <COAC>35,000000</COAC>
    <CORS>3000,000000</CORS>
    <FOGN>35,000000</FOGN>
    <FRAN>35,000000</FRAN>
    <GREC>35,000000</GREC>
    <MFTV>35,000000</MFTV>
    <PRGP>57,990000</PRGP>
    <ROSN>35,000000</ROSN>
    <SLOV>35,000000</SLOV>
    <SVIZ>35,000000</SVIZ>
    <BSP>35,000000</BSP>
    <MALT>57,990000</MALT>
    <XAUS>35,000000</XAUS>
    <XFRA>35,000000</XFRA>
  </Prezzi>
  <Prezzi>
    <Data>20171009</Data>
    <Mercato>MGP</Mercato>
    <Ora>5</Ora>
    <PUN>39,539560</PUN>
    <NAT>39,150000</NAT>
    <CNOR>38,360000</CNOR>
    <CSUD>38,360000</CSUD>
    <NORD>38,360000</NORD>
    <SARD>38,360000</SARD>
    <SICI>57,990000</SICI>
    <SUD>38,360000</SUD>
    <AUST>38,360000</AUST>
    <BRNN>38,360000</BRNN>
    <COAC>38,360000</COAC>
    <CORS>3000,000000</CORS>
    <FOGN>38,360000</FOGN>
    <FRAN>38,360000</FRAN>
    <GREC>38,360000</GREC>
    <MFTV>38,360000</MFTV>
    <PRGP>57,990000</PRGP>
    <ROSN>38,360000</ROSN>
    <SLOV>38,360000</SLOV>
    <SVIZ>38,360000</SVIZ>
    <BSP>38,360000</BSP>
    <MALT>57,990000</MALT>
    <XAUS>38,360000</XAUS>
    <XFRA>38,360000</XFRA>
  </Prezzi>
  <Prezzi>
    <Data>20171009</Data>
    <Mercato>MGP</Mercato>
    <Ora>6</Ora>
    <PUN>42,027290</PUN>
    <NAT>40,960000</NAT>
    <CNOR>40,950000</CNOR>
    <CSUD>40,950000</CSUD>
    <NORD>40,950000</NORD>
    <SARD>40,950000</SARD>
    <SICI>59,460000</SICI>
    <SUD>40,950000</SUD>
    <AUST>40,950000</AUST>
    <BRNN>40,950000</BRNN>
    <COAC>40,950000</COAC>
    <CORS>3000,000000</CORS>
    <FOGN>40,950000</FOGN>
    <FRAN>40,950000</FRAN>
    <GREC>40,950000</GREC>
    <MFTV>40,950000</MFTV>
    <PRGP>59,460000</PRGP>
    <ROSN>40,950000</ROSN>
    <SLOV>40,950000</SLOV>
    <SVIZ>40,950000</SVIZ>
    <BSP>40,950000</BSP>
    <MALT>59,460000</MALT>
    <XAUS>40,950000</XAUS>
    <XFRA>40,950000</XFRA>
  </Prezzi>
  <Prezzi>
    <Data>20171009</Data>
    <Mercato>MGP</Mercato>
    <Ora>7</Ora>
    <PUN>55,080000</PUN>
    <NAT>58,000000</NAT>
    <CNOR>54,279850</CNOR>
    <CSUD>54,279850</CSUD>
    <NORD>54,279850</NORD>
    <SARD>54,279850</SARD>
    <SICI>69,150000</SICI>
    <SUD>54,279850</SUD>
    <AUST>54,279850</AUST>
    <BRNN>54,279850</BRNN>
    <COAC>54,279850</COAC>
    <CORS>3000,000000</CORS>
    <FOGN>54,279850</FOGN>
    <FRAN>54,279850</FRAN>
    <GREC>54,279850</GREC>
    <MFTV>54,279850</MFTV>
    <PRGP>69,150000</PRGP>
    <ROSN>54,279850</ROSN>
    <SLOV>54,279850</SLOV>
    <SVIZ>54,279850</SVIZ>
    <BSP>54,279850</BSP>
    <MALT>69,150000</MALT>
    <XAUS>54,279850</XAUS>
    <XFRA>54,279850</XFRA>
  </Prezzi>
  <Prezzi>
    <Data>20171009</Data>
    <Mercato>MGP</Mercato>
    <Ora>8</Ora>
    <PUN>65,975120</PUN>
    <NAT>69,000000</NAT>
    <CNOR>64,730320</CNOR>
    <CSUD>64,730320</CSUD>
    <NORD>64,730320</NORD>
    <SARD>64,730320</SARD>
    <SICI>89,320000</SICI>
    <SUD>64,730320</SUD>
    <AUST>64,730320</AUST>
    <BRNN>64,730320</BRNN>
    <COAC>64,730320</COAC>
    <CORS>3000,000000</CORS>
    <FOGN>64,730320</FOGN>
    <FRAN>64,730320</FRAN>
    <GREC>64,730320</GREC>
    <MFTV>64,730320</MFTV>
    <PRGP>89,320000</PRGP>
    <ROSN>64,730320</ROSN>
    <SLOV>64,730320</SLOV>
    <SVIZ>64,730320</SVIZ>
    <BSP>64,730320</BSP>
    <MALT>89,320000</MALT>
    <XAUS>64,730320</XAUS>
    <XFRA>64,730320</XFRA>
  </Prezzi>
  <Prezzi>
    <Data>20171009</Data>
    <Mercato>MGP</Mercato>
    <Ora>9</Ora>
    <PUN>65,501820</PUN>
    <NAT>69,000000</NAT>
    <CNOR>64,050000</CNOR>
    <CSUD>64,050000</CSUD>
    <NORD>64,050000</NORD>
    <SARD>64,050000</SARD>
    <SICI>92,900000</SICI>
    <SUD>64,050000</SUD>
    <AUST>64,050000</AUST>
    <BRNN>64,050000</BRNN>
    <COAC>64,050000</COAC>
    <CORS>3000,000000</CORS>
    <FOGN>64,050000</FOGN>
    <FRAN>64,050000</FRAN>
    <GREC>64,050000</GREC>
    <MFTV>64,050000</MFTV>
    <PRGP>92,900000</PRGP>
    <ROSN>64,050000</ROSN>
    <SLOV>64,050000</SLOV>
    <SVIZ>64,050000</SVIZ>
    <BSP>64,050000</BSP>
    <MALT>92,900000</MALT>
    <XAUS>64,050000</XAUS>
    <XFRA>64,050000</XFRA>
  </Prezzi>
  <Prezzi>
    <Data>20171009</Data>
    <Mercato>MGP</Mercato>
    <Ora>10</Ora>
    <PUN>66,021940</PUN>
    <NAT>68,990000</NAT>
    <CNOR>64,785320</CNOR>
    <CSUD>64,785320</CSUD>
    <NORD>64,785320</NORD>
    <SARD>64,785320</SARD>
    <SICI>89,320000</SICI>
    <SUD>64,785320</SUD>
    <AUST>64,785320</AUST>
    <BRNN>64,785320</BRNN>
    <COAC>64,785320</COAC>
    <CORS>3000,000000</CORS>
    <FOGN>64,785320</FOGN>
    <FRAN>64,785320</FRAN>
    <GREC>64,785320</GREC>
    <MFTV>64,785320</MFTV>
    <PRGP>89,320000</PRGP>
    <ROSN>64,785320</ROSN>
    <SLOV>64,785320</SLOV>
    <SVIZ>64,785320</SVIZ>
    <BSP>64,785320</BSP>
    <MALT>89,320000</MALT>
    <XAUS>64,785320</XAUS>
    <XFRA>64,785320</XFRA>
  </Prezzi>
  <Prezzi>
    <Data>20171009</Data>
    <Mercato>MGP</Mercato>
    <Ora>11</Ora>
    <PUN>65,370000</PUN>
    <NAT>65,370000</NAT>
    <CNOR>64,119020</CNOR>
    <CSUD>64,119020</CSUD>
    <NORD>64,119020</NORD>
    <SARD>64,119020</SARD>
    <SICI>89,190000</SICI>
    <SUD>64,119020</SUD>
    <AUST>64,119020</AUST>
    <BRNN>64,119020</BRNN>
    <COAC>64,119020</COAC>
    <CORS>3000,000000</CORS>
    <FOGN>64,119020</FOGN>
    <FRAN>64,119020</FRAN>
    <GREC>64,119020</GREC>
    <MFTV>64,119020</MFTV>
    <PRGP>89,190000</PRGP>
    <ROSN>64,119020</ROSN>
    <SLOV>64,119020</SLOV>
    <SVIZ>64,119020</SVIZ>
    <BSP>64,119020</BSP>
    <MALT>89,190000</MALT>
    <XAUS>64,119020</XAUS>
    <XFRA>64,119020</XFRA>
  </Prezzi>
  <Prezzi>
    <Data>20171009</Data>
    <Mercato>MGP</Mercato>
    <Ora>12</Ora>
    <PUN>64,180630</PUN>
    <NAT>66,590000</NAT>
    <CNOR>63,040000</CNOR>
    <CSUD>63,040000</CSUD>
    <NORD>63,040000</NORD>
    <SARD>63,040000</SARD>
    <SICI>85,990000</SICI>
    <SUD>63,040000</SUD>
    <AUST>63,040000</AUST>
    <BRNN>63,040000</BRNN>
    <COAC>63,040000</COAC>
    <CORS>3000,000000</CORS>
    <FOGN>63,040000</FOGN>
    <FRAN>63,040000</FRAN>
    <GREC>63,040000</GREC>
    <MFTV>63,040000</MFTV>
    <PRGP>85,990000</PRGP>
    <ROSN>63,040000</ROSN>
    <SLOV>63,040000</SLOV>
    <SVIZ>63,040000</SVIZ>
    <BSP>63,040000</BSP>
    <MALT>85,990000</MALT>
    <XAUS>63,040000</XAUS>
    <XFRA>63,040000</XFRA>
  </Prezzi>
  <Prezzi>
    <Data>20171009</Data>
    <Mercato>MGP</Mercato>
    <Ora>13</Ora>
    <PUN>60,582860</PUN>
    <NAT>58,000000</NAT>
    <CNOR>60,582860</CNOR>
    <CSUD>60,582860</CSUD>
    <NORD>60,582860</NORD>
    <SARD>60,582860</SARD>
    <SICI>60,582860</SICI>
    <SUD>60,582860</SUD>
    <AUST>60,582860</AUST>
    <BRNN>60,582860</BRNN>
    <COAC>60,582860</COAC>
    <CORS>3000,000000</CORS>
    <FOGN>60,582860</FOGN>
    <FRAN>60,582860</FRAN>
    <GREC>60,582860</GREC>
    <MFTV>60,582860</MFTV>
    <PRGP>60,582860</PRGP>
    <ROSN>60,582860</ROSN>
    <SLOV>60,582860</SLOV>
    <SVIZ>60,582860</SVIZ>
    <BSP>60,582860</BSP>
    <MALT>60,582860</MALT>
    <XAUS>60,582860</XAUS>
    <XFRA>60,582860</XFRA>
  </Prezzi>
  <Prezzi>
    <Data>20171009</Data>
    <Mercato>MGP</Mercato>
    <Ora>14</Ora>
    <PUN>57,822510</PUN>
    <NAT>59,000000</NAT>
    <CNOR>59,190000</CNOR>
    <CSUD>53,710000</CSUD>
    <NORD>59,190000</NORD>
    <SARD>53,710000</SARD>
    <SICI>59,460000</SICI>
    <SUD>53,710000</SUD>
    <AUST>59,190000</AUST>
    <BRNN>53,710000</BRNN>
    <COAC>53,710000</COAC>
    <CORS>3000,000000</CORS>
    <FOGN>53,710000</FOGN>
    <FRAN>59,190000</FRAN>
    <GREC>53,710000</GREC>
    <MFTV>59,190000</MFTV>
    <PRGP>59,460000</PRGP>
    <ROSN>53,710000</ROSN>
    <SLOV>59,190000</SLOV>
    <SVIZ>59,190000</SVIZ>
    <BSP>59,190000</BSP>
    <MALT>59,460000</MALT>
    <XAUS>59,190000</XAUS>
    <XFRA>59,190000</XFRA>
  </Prezzi>
  <Prezzi>
    <Data>20171009</Data>
    <Mercato>MGP</Mercato>
    <Ora>15</Ora>
    <PUN>57,227620</PUN>
    <NAT>58,000000</NAT>
    <CNOR>57,109570</CNOR>
    <CSUD>57,109570</CSUD>
    <NORD>57,109570</NORD>
    <SARD>57,109570</SARD>
    <SICI>59,460000</SICI>
    <SUD>57,109570</SUD>
    <AUST>57,109570</AUST>
    <BRNN>57,109570</BRNN>
    <COAC>57,109570</COAC>
    <CORS>3000,000000</CORS>
    <FOGN>57,109570</FOGN>
    <FRAN>57,109570</FRAN>
    <GREC>57,109570</GREC>
    <MFTV>57,109570</MFTV>
    <PRGP>59,460000</PRGP>
    <ROSN>57,109570</ROSN>
    <SLOV>57,109570</SLOV>
    <SVIZ>57,109570</SVIZ>
    <BSP>57,109570</BSP>
    <MALT>59,460000</MALT>
    <XAUS>57,109570</XAUS>
    <XFRA>57,109570</XFRA>
  </Prezzi>
  <Prezzi>
    <Data>20171009</Data>
    <Mercato>MGP</Mercato>
    <Ora>16</Ora>
    <PUN>58,355050</PUN>
    <NAT>58,000000</NAT>
    <CNOR>58,000000</CNOR>
    <CSUD>58,000000</CSUD>
    <NORD>58,000000</NORD>
    <SARD>58,000000</SARD>
    <SICI>65,010000</SICI>
    <SUD>58,000000</SUD>
    <AUST>58,000000</AUST>
    <BRNN>58,000000</BRNN>
    <COAC>58,000000</COAC>
    <CORS>3000,000000</CORS>
    <FOGN>58,000000</FOGN>
    <FRAN>58,000000</FRAN>
    <GREC>58,000000</GREC>
    <MFTV>58,000000</MFTV>
    <PRGP>65,010000</PRGP>
    <ROSN>58,000000</ROSN>
    <SLOV>58,000000</SLOV>
    <SVIZ>58,000000</SVIZ>
    <BSP>58,000000</BSP>
    <MALT>65,010000</MALT>
    <XAUS>58,000000</XAUS>
    <XFRA>58,000000</XFRA>
  </Prezzi>
  <Prezzi>
    <Data>20171009</Data>
    <Mercato>MGP</Mercato>
    <Ora>17</Ora>
    <PUN>65,616610</PUN>
    <NAT>65,010000</NAT>
    <CNOR>64,310000</CNOR>
    <CSUD>64,310000</CSUD>
    <NORD>64,310000</NORD>
    <SARD>64,310000</SARD>
    <SICI>89,320000</SICI>
    <SUD>64,310000</SUD>
    <AUST>64,310000</AUST>
    <BRNN>64,310000</BRNN>
    <COAC>64,310000</COAC>
    <CORS>3000,000000</CORS>
    <FOGN>64,310000</FOGN>
    <FRAN>64,310000</FRAN>
    <GREC>64,310000</GREC>
    <MFTV>64,310000</MFTV>
    <PRGP>89,320000</PRGP>
    <ROSN>64,310000</ROSN>
    <SLOV>64,310000</SLOV>
    <SVIZ>64,310000</SVIZ>
    <BSP>64,310000</BSP>
    <MALT>89,320000</MALT>
    <XAUS>64,310000</XAUS>
    <XFRA>64,310000</XFRA>
  </Prezzi>
  <Prezzi>
    <Data>20171009</Data>
    <Mercato>MGP</Mercato>
    <Ora>18</Ora>
    <PUN>75,391860</PUN>
    <NAT>85,990000</NAT>
    <CNOR>74,000000</CNOR>
    <CSUD>74,000000</CSUD>
    <NORD>74,000000</NORD>
    <SARD>74,000000</SARD>
    <SICI>99,150000</SICI>
    <SUD>74,000000</SUD>
    <AUST>74,000000</AUST>
    <BRNN>74,000000</BRNN>
    <COAC>74,000000</COAC>
    <CORS>3000,000000</CORS>
    <FOGN>74,000000</FOGN>
    <FRAN>74,000000</FRAN>
    <GREC>74,000000</GREC>
    <MFTV>74,000000</MFTV>
    <PRGP>99,150000</PRGP>
    <ROSN>74,000000</ROSN>
    <SLOV>74,000000</SLOV>
    <SVIZ>74,000000</SVIZ>
    <BSP>74,000000</BSP>
    <MALT>99,150000</MALT>
    <XAUS>74,000000</XAUS>
    <XFRA>74,000000</XFRA>
  </Prezzi>
  <Prezzi>
    <Data>20171009</Data>
    <Mercato>MGP</Mercato>
    <Ora>19</Ora>
    <PUN>81,101290</PUN>
    <NAT>89,190000</NAT>
    <CNOR>80,000000</CNOR>
    <CSUD>80,000000</CSUD>
    <NORD>80,000000</NORD>
    <SARD>80,000000</SARD>
    <SICI>99,150000</SICI>
    <SUD>80,000000</SUD>
    <AUST>80,000000</AUST>
    <BRNN>80,000000</BRNN>
    <COAC>80,000000</COAC>
    <CORS>3000,000000</CORS>
    <FOGN>80,000000</FOGN>
    <FRAN>80,000000</FRAN>
    <GREC>80,000000</GREC>
    <MFTV>80,000000</MFTV>
    <PRGP>99,150000</PRGP>
    <ROSN>80,000000</ROSN>
    <SLOV>80,000000</SLOV>
    <SVIZ>80,000000</SVIZ>
    <BSP>80,000000</BSP>
    <MALT>99,150000</MALT>
    <XAUS>80,000000</XAUS>
    <XFRA>80,000000</XFRA>
  </Prezzi>
  <Prezzi>
    <Data>20171009</Data>
    <Mercato>MGP</Mercato>
    <Ora>20</Ora>
    <PUN>91,940000</PUN>
    <NAT>99,150000</NAT>
    <CNOR>91,483770</CNOR>
    <CSUD>91,483770</CSUD>
    <NORD>91,483770</NORD>
    <SARD>91,483770</SARD>
    <SICI>99,150000</SICI>
    <SUD>91,483770</SUD>
    <AUST>91,483770</AUST>
    <BRNN>91,483770</BRNN>
    <COAC>91,483770</COAC>
    <CORS>3000,000000</CORS>
    <FOGN>91,483770</FOGN>
    <FRAN>91,483770</FRAN>
    <GREC>91,483770</GREC>
    <MFTV>91,483770</MFTV>
    <PRGP>99,150000</PRGP>
    <ROSN>91,483770</ROSN>
    <SLOV>91,483770</SLOV>
    <SVIZ>91,483770</SVIZ>
    <BSP>91,483770</BSP>
    <MALT>99,150000</MALT>
    <XAUS>91,483770</XAUS>
    <XFRA>91,483770</XFRA>
  </Prezzi>
  <Prezzi>
    <Data>20171009</Data>
    <Mercato>MGP</Mercato>
    <Ora>21</Ora>
    <PUN>69,781040</PUN>
    <NAT>81,320000</NAT>
    <CNOR>67,910000</CNOR>
    <CSUD>67,910000</CSUD>
    <NORD>67,910000</NORD>
    <SARD>67,910000</SARD>
    <SICI>99,150000</SICI>
    <SUD>67,910000</SUD>
    <AUST>67,910000</AUST>
    <BRNN>67,910000</BRNN>
    <COAC>67,910000</COAC>
    <CORS>3000,000000</CORS>
    <FOGN>67,910000</FOGN>
    <FRAN>67,910000</FRAN>
    <GREC>67,910000</GREC>
    <MFTV>67,910000</MFTV>
    <PRGP>99,150000</PRGP>
    <ROSN>67,910000</ROSN>
    <SLOV>67,910000</SLOV>
    <SVIZ>67,910000</SVIZ>
    <BSP>67,910000</BSP>
    <MALT>99,150000</MALT>
    <XAUS>67,910000</XAUS>
    <XFRA>67,910000</XFRA>
  </Prezzi>
  <Prezzi>
    <Data>20171009</Data>
    <Mercato>MGP</Mercato>
    <Ora>22</Ora>
    <PUN>63,270850</PUN>
    <NAT>70,110000</NAT>
    <CNOR>61,000000</CNOR>
    <CSUD>61,000000</CSUD>
    <NORD>61,000000</NORD>
    <SARD>61,000000</SARD>
    <SICI>99,150000</SICI>
    <SUD>61,000000</SUD>
    <AUST>61,000000</AUST>
    <BRNN>61,000000</BRNN>
    <COAC>61,000000</COAC>
    <CORS>3000,000000</CORS>
    <FOGN>61,000000</FOGN>
    <FRAN>61,000000</FRAN>
    <GREC>61,000000</GREC>
    <MFTV>61,000000</MFTV>
    <PRGP>99,150000</PRGP>
    <ROSN>61,000000</ROSN>
    <SLOV>61,000000</SLOV>
    <SVIZ>61,000000</SVIZ>
    <BSP>61,000000</BSP>
    <MALT>99,150000</MALT>
    <XAUS>61,000000</XAUS>
    <XFRA>61,000000</XFRA>
  </Prezzi>
  <Prezzi>
    <Data>20171009</Data>
    <Mercato>MGP</Mercato>
    <Ora>23</Ora>
    <PUN>54,616120</PUN>
    <NAT>57,000000</NAT>
    <CNOR>51,770000</CNOR>
    <CSUD>51,770000</CSUD>
    <NORD>51,770000</NORD>
    <SARD>51,770000</SARD>
    <SICI>99,150000</SICI>
    <SUD>51,770000</SUD>
    <AUST>51,770000</AUST>
    <BRNN>51,770000</BRNN>
    <COAC>51,770000</COAC>
    <CORS>3000,000000</CORS>
    <FOGN>51,770000</FOGN>
    <FRAN>51,770000</FRAN>
    <GREC>51,770000</GREC>
    <MFTV>51,770000</MFTV>
    <PRGP>99,150000</PRGP>
    <ROSN>51,770000</ROSN>
    <SLOV>51,770000</SLOV>
    <SVIZ>51,770000</SVIZ>
    <BSP>51,770000</BSP>
    <MALT>99,150000</MALT>
    <XAUS>51,770000</XAUS>
    <XFRA>51,770000</XFRA>
  </Prezzi>
  <Prezzi>
    <Data>20171009</Data>
    <Mercato>MGP</Mercato>
    <Ora>24</Ora>
    <PUN>52,850260</PUN>
    <NAT>51,500000</NAT>
    <CNOR>50,537920</CNOR>
    <CSUD>50,537920</CSUD>
    <NORD>50,537920</NORD>
    <SARD>50,537920</SARD>
    <SICI>89,320000</SICI>
    <SUD>50,537920</SUD>
    <AUST>50,537920</AUST>
    <BRNN>50,537920</BRNN>
    <COAC>50,537920</COAC>
    <CORS>3000,000000</CORS>
    <FOGN>50,537920</FOGN>
    <FRAN>50,537920</FRAN>
    <GREC>50,537920</GREC>
    <MFTV>50,537920</MFTV>
    <PRGP>89,320000</PRGP>
    <ROSN>50,537920</ROSN>
    <SLOV>50,537920</SLOV>
    <SVIZ>50,537920</SVIZ>
    <BSP>50,537920</BSP>
    <MALT>89,320000</MALT>
    <XAUS>50,537920</XAUS>
    <XFRA>50,537920</XFRA>
  </Prezzi>
</NewDataSet>