<?xml version="1.0" standalone="yes"?>
<NewDataSet>
  <xs:schema id="NewDataSet" xmlns="" xmlns:xs="http://www.w3.org/2001/XMLSchema" xmlns:msdata="urn:schemas-microsoft-com:xml-msdata">
    <xs:element name="NewDataSet" msdata:IsDataSet="true" msdata:UseCurrentLocale="true">
      <xs:complexType>
        <xs:choice minOccurs="0" maxOccurs="unbounded">
          <xs:element name="Prezzi">
            <xs:complexType>
              <xs:sequence>
                <xs:element name="Data" type="xs:string" minOccurs="0" />
                <xs:element name="Mercato" type="xs:string" minOccurs="0" />
                <xs:element name="Ora" type="xs:string" minOccurs="0" />
                <xs:element name="PUN" type="xs:string" minOccurs="0" />
                <xs:element name="NAT" type="xs:string" minOccurs="0" />
                <xs:element name="CNOR" type="xs:string" minOccurs="0" />
                <xs:element name="CSUD" type="xs:string" minOccurs="0" />
                <xs:element name="NORD" type="xs:string" minOccurs="0" />
                <xs:element name="SARD" type="xs:string" minOccurs="0" />
                <xs:element name="SICI" type="xs:string" minOccurs="0" />
                <xs:element name="SUD" type="xs:string" minOccurs="0" />
                <xs:element name="AUST" type="xs:string" minOccurs="0" />
                <xs:element name="BRNN" type="xs:string" minOccurs="0" />
                <xs:element name="COAC" type="xs:string" minOccurs="0" />
                <xs:element name="CORS" type="xs:string" minOccurs="0" />
                <xs:element name="FOGN" type="xs:string" minOccurs="0" />
                <xs:element name="FRAN" type="xs:string" minOccurs="0" />
                <xs:element name="GREC" type="xs:string" minOccurs="0" />
                <xs:element name="MFTV" type="xs:string" minOccurs="0" />
                <xs:element name="PRGP" type="xs:string" minOccurs="0" />
                <xs:element name="ROSN" type="xs:string" minOccurs="0" />
                <xs:element name="SLOV" type="xs:string" minOccurs="0" />
                <xs:element name="SVIZ" type="xs:string" minOccurs="0" />
                <xs:element name="BSP" type="xs:string" minOccurs="0" />
                <xs:element name="MALT" type="xs:string" minOccurs="0" />
                <xs:element name="XAUS" type="xs:string" minOccurs="0" />
                <xs:element name="XFRA" type="xs:string" minOccurs="0" />
              </xs:sequence>
            </xs:complexType>
          </xs:element>
        </xs:choice>
      </xs:complexType>
    </xs:element>
  </xs:schema>
  <Prezzi>
    <Data>20171003</Data>
    <Mercato>MGP</Mercato>
    <Ora>1</Ora>
    <PUN>45,893020</PUN>
    <NAT>46,200000</NAT>
    <CNOR>45,090000</CNOR>
    <CSUD>45,090000</CSUD>
    <NORD>45,090000</NORD>
    <SARD>45,090000</SARD>
    <SICI>59,450000</SICI>
    <SUD>45,090000</SUD>
    <AUST>45,090000</AUST>
    <BRNN>45,090000</BRNN>
    <COAC>45,090000</COAC>
    <CORS>3000,000000</CORS>
    <FOGN>45,090000</FOGN>
    <FRAN>45,090000</FRAN>
    <GREC>45,090000</GREC>
    <MFTV>45,090000</MFTV>
    <PRGP>59,450000</PRGP>
    <ROSN>45,090000</ROSN>
    <SLOV>45,090000</SLOV>
    <SVIZ>45,090000</SVIZ>
    <BSP>45,090000</BSP>
    <MALT>59,450000</MALT>
    <XAUS>45,090000</XAUS>
    <XFRA>45,090000</XFRA>
  </Prezzi>
  <Prezzi>
    <Data>20171003</Data>
    <Mercato>MGP</Mercato>
    <Ora>2</Ora>
    <PUN>43,529150</PUN>
    <NAT>44,120000</NAT>
    <CNOR>42,600000</CNOR>
    <CSUD>42,600000</CSUD>
    <NORD>42,600000</NORD>
    <SARD>42,600000</SARD>
    <SICI>59,450000</SICI>
    <SUD>42,600000</SUD>
    <AUST>42,600000</AUST>
    <BRNN>42,600000</BRNN>
    <COAC>42,600000</COAC>
    <CORS>3000,000000</CORS>
    <FOGN>42,600000</FOGN>
    <FRAN>42,600000</FRAN>
    <GREC>42,600000</GREC>
    <MFTV>42,600000</MFTV>
    <PRGP>59,450000</PRGP>
    <ROSN>42,600000</ROSN>
    <SLOV>42,600000</SLOV>
    <SVIZ>42,600000</SVIZ>
    <BSP>42,600000</BSP>
    <MALT>59,450000</MALT>
    <XAUS>42,600000</XAUS>
    <XFRA>42,600000</XFRA>
  </Prezzi>
  <Prezzi>
    <Data>20171003</Data>
    <Mercato>MGP</Mercato>
    <Ora>3</Ora>
    <PUN>42,643490</PUN>
    <NAT>41,670000</NAT>
    <CNOR>41,670000</CNOR>
    <CSUD>41,670000</CSUD>
    <NORD>41,670000</NORD>
    <SARD>41,670000</SARD>
    <SICI>59,450000</SICI>
    <SUD>41,670000</SUD>
    <AUST>41,670000</AUST>
    <BRNN>41,670000</BRNN>
    <COAC>41,670000</COAC>
    <CORS>3000,000000</CORS>
    <FOGN>41,670000</FOGN>
    <FRAN>41,670000</FRAN>
    <GREC>41,670000</GREC>
    <MFTV>41,670000</MFTV>
    <PRGP>59,450000</PRGP>
    <ROSN>41,670000</ROSN>
    <SLOV>41,670000</SLOV>
    <SVIZ>41,670000</SVIZ>
    <BSP>41,670000</BSP>
    <MALT>59,450000</MALT>
    <XAUS>41,670000</XAUS>
    <XFRA>41,670000</XFRA>
  </Prezzi>
  <Prezzi>
    <Data>20171003</Data>
    <Mercato>MGP</Mercato>
    <Ora>4</Ora>
    <PUN>42,301950</PUN>
    <NAT>41,330000</NAT>
    <CNOR>41,320000</CNOR>
    <CSUD>41,320000</CSUD>
    <NORD>41,320000</NORD>
    <SARD>41,320000</SARD>
    <SICI>59,450000</SICI>
    <SUD>41,320000</SUD>
    <AUST>41,320000</AUST>
    <BRNN>41,320000</BRNN>
    <COAC>41,320000</COAC>
    <CORS>3000,000000</CORS>
    <FOGN>41,320000</FOGN>
    <FRAN>41,320000</FRAN>
    <GREC>41,320000</GREC>
    <MFTV>41,320000</MFTV>
    <PRGP>59,450000</PRGP>
    <ROSN>41,320000</ROSN>
    <SLOV>41,320000</SLOV>
    <SVIZ>41,320000</SVIZ>
    <BSP>41,320000</BSP>
    <MALT>59,450000</MALT>
    <XAUS>41,320000</XAUS>
    <XFRA>41,320000</XFRA>
  </Prezzi>
  <Prezzi>
    <Data>20171003</Data>
    <Mercato>MGP</Mercato>
    <Ora>5</Ora>
    <PUN>42,309590</PUN>
    <NAT>41,330000</NAT>
    <CNOR>41,330000</CNOR>
    <CSUD>41,330000</CSUD>
    <NORD>41,330000</NORD>
    <SARD>41,330000</SARD>
    <SICI>59,450000</SICI>
    <SUD>41,330000</SUD>
    <AUST>41,330000</AUST>
    <BRNN>41,330000</BRNN>
    <COAC>41,330000</COAC>
    <CORS>3000,000000</CORS>
    <FOGN>41,330000</FOGN>
    <FRAN>41,330000</FRAN>
    <GREC>41,330000</GREC>
    <MFTV>41,330000</MFTV>
    <PRGP>59,450000</PRGP>
    <ROSN>41,330000</ROSN>
    <SLOV>41,330000</SLOV>
    <SVIZ>41,330000</SVIZ>
    <BSP>41,330000</BSP>
    <MALT>59,450000</MALT>
    <XAUS>41,330000</XAUS>
    <XFRA>41,330000</XFRA>
  </Prezzi>
  <Prezzi>
    <Data>20171003</Data>
    <Mercato>MGP</Mercato>
    <Ora>6</Ora>
    <PUN>45,867460</PUN>
    <NAT>45,130000</NAT>
    <CNOR>45,090000</CNOR>
    <CSUD>45,090000</CSUD>
    <NORD>45,090000</NORD>
    <SARD>45,090000</SARD>
    <SICI>59,450000</SICI>
    <SUD>45,090000</SUD>
    <AUST>45,090000</AUST>
    <BRNN>45,090000</BRNN>
    <COAC>45,090000</COAC>
    <CORS>3000,000000</CORS>
    <FOGN>45,090000</FOGN>
    <FRAN>45,090000</FRAN>
    <GREC>45,090000</GREC>
    <MFTV>45,090000</MFTV>
    <PRGP>59,450000</PRGP>
    <ROSN>45,090000</ROSN>
    <SLOV>45,090000</SLOV>
    <SVIZ>45,090000</SVIZ>
    <BSP>45,090000</BSP>
    <MALT>59,450000</MALT>
    <XAUS>45,090000</XAUS>
    <XFRA>45,090000</XFRA>
  </Prezzi>
  <Prezzi>
    <Data>20171003</Data>
    <Mercato>MGP</Mercato>
    <Ora>7</Ora>
    <PUN>54,279240</PUN>
    <NAT>53,530000</NAT>
    <CNOR>53,470000</CNOR>
    <CSUD>53,470000</CSUD>
    <NORD>53,470000</NORD>
    <SARD>53,470000</SARD>
    <SICI>69,140000</SICI>
    <SUD>53,470000</SUD>
    <AUST>53,470000</AUST>
    <BRNN>53,470000</BRNN>
    <COAC>53,470000</COAC>
    <CORS>3000,000000</CORS>
    <FOGN>53,470000</FOGN>
    <FRAN>53,470000</FRAN>
    <GREC>53,470000</GREC>
    <MFTV>53,470000</MFTV>
    <PRGP>69,140000</PRGP>
    <ROSN>53,470000</ROSN>
    <SLOV>53,470000</SLOV>
    <SVIZ>53,470000</SVIZ>
    <BSP>53,470000</BSP>
    <MALT>69,140000</MALT>
    <XAUS>53,470000</XAUS>
    <XFRA>53,470000</XFRA>
  </Prezzi>
  <Prezzi>
    <Data>20171003</Data>
    <Mercato>MGP</Mercato>
    <Ora>8</Ora>
    <PUN>57,392310</PUN>
    <NAT>59,450000</NAT>
    <CNOR>55,778340</CNOR>
    <CSUD>54,950000</CSUD>
    <NORD>55,778340</NORD>
    <SARD>54,950000</SARD>
    <SICI>91,280000</SICI>
    <SUD>54,950000</SUD>
    <AUST>55,778340</AUST>
    <BRNN>54,950000</BRNN>
    <COAC>54,950000</COAC>
    <CORS>3000,000000</CORS>
    <FOGN>54,950000</FOGN>
    <FRAN>55,778340</FRAN>
    <GREC>54,950000</GREC>
    <MFTV>55,778340</MFTV>
    <PRGP>91,280000</PRGP>
    <ROSN>54,950000</ROSN>
    <SLOV>55,778340</SLOV>
    <SVIZ>55,778340</SVIZ>
    <BSP>55,778340</BSP>
    <MALT>91,280000</MALT>
    <XAUS>55,778340</XAUS>
    <XFRA>55,778340</XFRA>
  </Prezzi>
  <Prezzi>
    <Data>20171003</Data>
    <Mercato>MGP</Mercato>
    <Ora>9</Ora>
    <PUN>64,751770</PUN>
    <NAT>63,140000</NAT>
    <CNOR>63,990000</CNOR>
    <CSUD>63,990000</CSUD>
    <NORD>63,990000</NORD>
    <SARD>63,990000</SARD>
    <SICI>91,280000</SICI>
    <SUD>54,930000</SUD>
    <AUST>63,990000</AUST>
    <BRNN>54,930000</BRNN>
    <COAC>63,990000</COAC>
    <CORS>3000,000000</CORS>
    <FOGN>54,930000</FOGN>
    <FRAN>63,990000</FRAN>
    <GREC>54,930000</GREC>
    <MFTV>63,990000</MFTV>
    <PRGP>91,280000</PRGP>
    <ROSN>54,930000</ROSN>
    <SLOV>63,990000</SLOV>
    <SVIZ>63,990000</SVIZ>
    <BSP>63,990000</BSP>
    <MALT>91,280000</MALT>
    <XAUS>63,990000</XAUS>
    <XFRA>63,990000</XFRA>
  </Prezzi>
  <Prezzi>
    <Data>20171003</Data>
    <Mercato>MGP</Mercato>
    <Ora>10</Ora>
    <PUN>62,470380</PUN>
    <NAT>58,220000</NAT>
    <CNOR>61,500000</CNOR>
    <CSUD>61,500000</CSUD>
    <NORD>61,500000</NORD>
    <SARD>61,500000</SARD>
    <SICI>91,280000</SICI>
    <SUD>53,470000</SUD>
    <AUST>61,500000</AUST>
    <BRNN>53,470000</BRNN>
    <COAC>61,500000</COAC>
    <CORS>3000,000000</CORS>
    <FOGN>53,470000</FOGN>
    <FRAN>61,500000</FRAN>
    <GREC>53,470000</GREC>
    <MFTV>61,500000</MFTV>
    <PRGP>91,280000</PRGP>
    <ROSN>53,470000</ROSN>
    <SLOV>61,500000</SLOV>
    <SVIZ>61,500000</SVIZ>
    <BSP>61,500000</BSP>
    <MALT>91,280000</MALT>
    <XAUS>61,500000</XAUS>
    <XFRA>61,500000</XFRA>
  </Prezzi>
  <Prezzi>
    <Data>20171003</Data>
    <Mercato>MGP</Mercato>
    <Ora>11</Ora>
    <PUN>61,506580</PUN>
    <NAT>54,990000</NAT>
    <CNOR>62,210000</CNOR>
    <CSUD>53,360000</CSUD>
    <NORD>62,210000</NORD>
    <SARD>53,360000</SARD>
    <SICI>91,170000</SICI>
    <SUD>53,360000</SUD>
    <AUST>62,210000</AUST>
    <BRNN>53,360000</BRNN>
    <COAC>53,360000</COAC>
    <CORS>3000,000000</CORS>
    <FOGN>53,360000</FOGN>
    <FRAN>62,210000</FRAN>
    <GREC>53,360000</GREC>
    <MFTV>62,210000</MFTV>
    <PRGP>91,170000</PRGP>
    <ROSN>53,360000</ROSN>
    <SLOV>62,210000</SLOV>
    <SVIZ>62,210000</SVIZ>
    <BSP>62,210000</BSP>
    <MALT>91,170000</MALT>
    <XAUS>62,210000</XAUS>
    <XFRA>62,210000</XFRA>
  </Prezzi>
  <Prezzi>
    <Data>20171003</Data>
    <Mercato>MGP</Mercato>
    <Ora>12</Ora>
    <PUN>58,271260</PUN>
    <NAT>54,100000</NAT>
    <CNOR>58,000000</CNOR>
    <CSUD>53,360000</CSUD>
    <NORD>58,000000</NORD>
    <SARD>53,360000</SARD>
    <SICI>86,010000</SICI>
    <SUD>53,360000</SUD>
    <AUST>58,000000</AUST>
    <BRNN>53,360000</BRNN>
    <COAC>53,360000</COAC>
    <CORS>3000,000000</CORS>
    <FOGN>53,360000</FOGN>
    <FRAN>58,000000</FRAN>
    <GREC>53,360000</GREC>
    <MFTV>58,000000</MFTV>
    <PRGP>86,010000</PRGP>
    <ROSN>53,360000</ROSN>
    <SLOV>58,000000</SLOV>
    <SVIZ>58,000000</SVIZ>
    <BSP>58,000000</BSP>
    <MALT>86,010000</MALT>
    <XAUS>58,000000</XAUS>
    <XFRA>58,000000</XFRA>
  </Prezzi>
  <Prezzi>
    <Data>20171003</Data>
    <Mercato>MGP</Mercato>
    <Ora>13</Ora>
    <PUN>53,095900</PUN>
    <NAT>53,360000</NAT>
    <CNOR>53,530000</CNOR>
    <CSUD>47,160000</CSUD>
    <NORD>53,530000</NORD>
    <SARD>47,160000</SARD>
    <SICI>76,420000</SICI>
    <SUD>47,160000</SUD>
    <AUST>53,530000</AUST>
    <BRNN>47,160000</BRNN>
    <COAC>47,160000</COAC>
    <CORS>3000,000000</CORS>
    <FOGN>47,160000</FOGN>
    <FRAN>53,530000</FRAN>
    <GREC>47,160000</GREC>
    <MFTV>53,530000</MFTV>
    <PRGP>76,420000</PRGP>
    <ROSN>47,160000</ROSN>
    <SLOV>53,530000</SLOV>
    <SVIZ>53,530000</SVIZ>
    <BSP>53,530000</BSP>
    <MALT>76,420000</MALT>
    <XAUS>53,530000</XAUS>
    <XFRA>53,530000</XFRA>
  </Prezzi>
  <Prezzi>
    <Data>20171003</Data>
    <Mercato>MGP</Mercato>
    <Ora>14</Ora>
    <PUN>51,072600</PUN>
    <NAT>51,530000</NAT>
    <CNOR>51,990000</CNOR>
    <CSUD>46,000000</CSUD>
    <NORD>51,990000</NORD>
    <SARD>46,000000</SARD>
    <SICI>63,390000</SICI>
    <SUD>46,000000</SUD>
    <AUST>51,990000</AUST>
    <BRNN>46,000000</BRNN>
    <COAC>46,000000</COAC>
    <CORS>3000,000000</CORS>
    <FOGN>46,000000</FOGN>
    <FRAN>51,990000</FRAN>
    <GREC>46,000000</GREC>
    <MFTV>51,990000</MFTV>
    <PRGP>63,390000</PRGP>
    <ROSN>46,000000</ROSN>
    <SLOV>51,990000</SLOV>
    <SVIZ>51,990000</SVIZ>
    <BSP>51,990000</BSP>
    <MALT>63,390000</MALT>
    <XAUS>51,990000</XAUS>
    <XFRA>51,990000</XFRA>
  </Prezzi>
  <Prezzi>
    <Data>20171003</Data>
    <Mercato>MGP</Mercato>
    <Ora>15</Ora>
    <PUN>54,580000</PUN>
    <NAT>53,470000</NAT>
    <CNOR>55,912510</CNOR>
    <CSUD>46,000000</CSUD>
    <NORD>55,912510</NORD>
    <SARD>46,000000</SARD>
    <SICI>77,500000</SICI>
    <SUD>46,000000</SUD>
    <AUST>55,912510</AUST>
    <BRNN>46,000000</BRNN>
    <COAC>46,000000</COAC>
    <CORS>3000,000000</CORS>
    <FOGN>46,000000</FOGN>
    <FRAN>55,912510</FRAN>
    <GREC>46,000000</GREC>
    <MFTV>55,912510</MFTV>
    <PRGP>77,500000</PRGP>
    <ROSN>46,000000</ROSN>
    <SLOV>55,912510</SLOV>
    <SVIZ>55,912510</SVIZ>
    <BSP>55,912510</BSP>
    <MALT>77,500000</MALT>
    <XAUS>55,912510</XAUS>
    <XFRA>55,912510</XFRA>
  </Prezzi>
  <Prezzi>
    <Data>20171003</Data>
    <Mercato>MGP</Mercato>
    <Ora>16</Ora>
    <PUN>56,898110</PUN>
    <NAT>53,530000</NAT>
    <CNOR>58,000000</CNOR>
    <CSUD>49,190000</CSUD>
    <NORD>58,000000</NORD>
    <SARD>49,190000</SARD>
    <SICI>79,010000</SICI>
    <SUD>49,190000</SUD>
    <AUST>58,000000</AUST>
    <BRNN>49,190000</BRNN>
    <COAC>49,190000</COAC>
    <CORS>3000,000000</CORS>
    <FOGN>49,190000</FOGN>
    <FRAN>58,000000</FRAN>
    <GREC>49,190000</GREC>
    <MFTV>58,000000</MFTV>
    <PRGP>79,010000</PRGP>
    <ROSN>49,190000</ROSN>
    <SLOV>58,000000</SLOV>
    <SVIZ>58,000000</SVIZ>
    <BSP>58,000000</BSP>
    <MALT>79,010000</MALT>
    <XAUS>58,000000</XAUS>
    <XFRA>58,000000</XFRA>
  </Prezzi>
  <Prezzi>
    <Data>20171003</Data>
    <Mercato>MGP</Mercato>
    <Ora>17</Ora>
    <PUN>61,378650</PUN>
    <NAT>54,480000</NAT>
    <CNOR>62,020000</CNOR>
    <CSUD>53,360000</CSUD>
    <NORD>62,020000</NORD>
    <SARD>53,360000</SARD>
    <SICI>91,280000</SICI>
    <SUD>53,360000</SUD>
    <AUST>62,020000</AUST>
    <BRNN>53,360000</BRNN>
    <COAC>53,360000</COAC>
    <CORS>3000,000000</CORS>
    <FOGN>53,360000</FOGN>
    <FRAN>62,020000</FRAN>
    <GREC>53,360000</GREC>
    <MFTV>62,020000</MFTV>
    <PRGP>91,280000</PRGP>
    <ROSN>53,360000</ROSN>
    <SLOV>62,020000</SLOV>
    <SVIZ>62,020000</SVIZ>
    <BSP>62,020000</BSP>
    <MALT>91,280000</MALT>
    <XAUS>62,020000</XAUS>
    <XFRA>62,020000</XFRA>
  </Prezzi>
  <Prezzi>
    <Data>20171003</Data>
    <Mercato>MGP</Mercato>
    <Ora>18</Ora>
    <PUN>57,423630</PUN>
    <NAT>55,910000</NAT>
    <CNOR>55,910000</CNOR>
    <CSUD>53,470000</CSUD>
    <NORD>55,910000</NORD>
    <SARD>53,470000</SARD>
    <SICI>95,000000</SICI>
    <SUD>53,470000</SUD>
    <AUST>55,910000</AUST>
    <BRNN>53,470000</BRNN>
    <COAC>53,470000</COAC>
    <CORS>3000,000000</CORS>
    <FOGN>53,470000</FOGN>
    <FRAN>55,910000</FRAN>
    <GREC>53,470000</GREC>
    <MFTV>55,910000</MFTV>
    <PRGP>95,000000</PRGP>
    <ROSN>53,470000</ROSN>
    <SLOV>55,910000</SLOV>
    <SVIZ>55,910000</SVIZ>
    <BSP>55,910000</BSP>
    <MALT>95,000000</MALT>
    <XAUS>55,910000</XAUS>
    <XFRA>55,910000</XFRA>
  </Prezzi>
  <Prezzi>
    <Data>20171003</Data>
    <Mercato>MGP</Mercato>
    <Ora>19</Ora>
    <PUN>60,240000</PUN>
    <NAT>62,210000</NAT>
    <CNOR>57,929020</CNOR>
    <CSUD>57,929020</CSUD>
    <NORD>57,929020</NORD>
    <SARD>57,929020</SARD>
    <SICI>99,140000</SICI>
    <SUD>57,929020</SUD>
    <AUST>57,929020</AUST>
    <BRNN>57,929020</BRNN>
    <COAC>57,929020</COAC>
    <CORS>3000,000000</CORS>
    <FOGN>57,929020</FOGN>
    <FRAN>57,929020</FRAN>
    <GREC>57,929020</GREC>
    <MFTV>57,929020</MFTV>
    <PRGP>99,140000</PRGP>
    <ROSN>57,929020</ROSN>
    <SLOV>57,929020</SLOV>
    <SVIZ>57,929020</SVIZ>
    <BSP>57,929020</BSP>
    <MALT>99,140000</MALT>
    <XAUS>57,929020</XAUS>
    <XFRA>57,929020</XFRA>
  </Prezzi>
  <Prezzi>
    <Data>20171003</Data>
    <Mercato>MGP</Mercato>
    <Ora>20</Ora>
    <PUN>66,144060</PUN>
    <NAT>80,000000</NAT>
    <CNOR>65,000000</CNOR>
    <CSUD>65,000000</CSUD>
    <NORD>65,000000</NORD>
    <SARD>65,000000</SARD>
    <SICI>99,140000</SICI>
    <SUD>54,950000</SUD>
    <AUST>65,000000</AUST>
    <BRNN>54,950000</BRNN>
    <COAC>65,000000</COAC>
    <CORS>3000,000000</CORS>
    <FOGN>54,950000</FOGN>
    <FRAN>65,000000</FRAN>
    <GREC>54,950000</GREC>
    <MFTV>65,000000</MFTV>
    <PRGP>99,140000</PRGP>
    <ROSN>54,950000</ROSN>
    <SLOV>65,000000</SLOV>
    <SVIZ>65,000000</SVIZ>
    <BSP>65,000000</BSP>
    <MALT>99,140000</MALT>
    <XAUS>65,000000</XAUS>
    <XFRA>65,000000</XFRA>
  </Prezzi>
  <Prezzi>
    <Data>20171003</Data>
    <Mercato>MGP</Mercato>
    <Ora>21</Ora>
    <PUN>61,441380</PUN>
    <NAT>63,990000</NAT>
    <CNOR>59,500000</CNOR>
    <CSUD>59,500000</CSUD>
    <NORD>59,500000</NORD>
    <SARD>59,500000</SARD>
    <SICI>99,140000</SICI>
    <SUD>54,950000</SUD>
    <AUST>59,500000</AUST>
    <BRNN>54,950000</BRNN>
    <COAC>59,500000</COAC>
    <CORS>3000,000000</CORS>
    <FOGN>54,950000</FOGN>
    <FRAN>59,500000</FRAN>
    <GREC>54,950000</GREC>
    <MFTV>59,500000</MFTV>
    <PRGP>99,140000</PRGP>
    <ROSN>54,950000</ROSN>
    <SLOV>59,500000</SLOV>
    <SVIZ>59,500000</SVIZ>
    <BSP>59,500000</BSP>
    <MALT>99,140000</MALT>
    <XAUS>59,500000</XAUS>
    <XFRA>59,500000</XFRA>
  </Prezzi>
  <Prezzi>
    <Data>20171003</Data>
    <Mercato>MGP</Mercato>
    <Ora>22</Ora>
    <PUN>56,115580</PUN>
    <NAT>54,100000</NAT>
    <CNOR>53,470000</CNOR>
    <CSUD>53,470000</CSUD>
    <NORD>53,470000</NORD>
    <SARD>53,470000</SARD>
    <SICI>99,140000</SICI>
    <SUD>53,470000</SUD>
    <AUST>53,470000</AUST>
    <BRNN>53,470000</BRNN>
    <COAC>53,470000</COAC>
    <CORS>3000,000000</CORS>
    <FOGN>53,470000</FOGN>
    <FRAN>53,470000</FRAN>
    <GREC>53,470000</GREC>
    <MFTV>53,470000</MFTV>
    <PRGP>99,140000</PRGP>
    <ROSN>53,470000</ROSN>
    <SLOV>53,470000</SLOV>
    <SVIZ>53,470000</SVIZ>
    <BSP>53,470000</BSP>
    <MALT>99,140000</MALT>
    <XAUS>53,470000</XAUS>
    <XFRA>53,470000</XFRA>
  </Prezzi>
  <Prezzi>
    <Data>20171003</Data>
    <Mercato>MGP</Mercato>
    <Ora>23</Ora>
    <PUN>50,710170</PUN>
    <NAT>51,890000</NAT>
    <CNOR>48,070000</CNOR>
    <CSUD>48,070000</CSUD>
    <NORD>48,070000</NORD>
    <SARD>48,070000</SARD>
    <SICI>92,880000</SICI>
    <SUD>48,070000</SUD>
    <AUST>48,070000</AUST>
    <BRNN>48,070000</BRNN>
    <COAC>48,070000</COAC>
    <CORS>3000,000000</CORS>
    <FOGN>48,070000</FOGN>
    <FRAN>48,070000</FRAN>
    <GREC>48,070000</GREC>
    <MFTV>48,070000</MFTV>
    <PRGP>92,880000</PRGP>
    <ROSN>48,070000</ROSN>
    <SLOV>48,070000</SLOV>
    <SVIZ>48,070000</SVIZ>
    <BSP>48,070000</BSP>
    <MALT>92,880000</MALT>
    <XAUS>48,070000</XAUS>
    <XFRA>48,070000</XFRA>
  </Prezzi>
  <Prezzi>
    <Data>20171003</Data>
    <Mercato>MGP</Mercato>
    <Ora>24</Ora>
    <PUN>47,816370</PUN>
    <NAT>45,800000</NAT>
    <CNOR>45,140000</CNOR>
    <CSUD>45,140000</CSUD>
    <NORD>45,140000</NORD>
    <SARD>45,140000</SARD>
    <SICI>91,170000</SICI>
    <SUD>45,140000</SUD>
    <AUST>45,140000</AUST>
    <BRNN>45,140000</BRNN>
    <COAC>45,140000</COAC>
    <CORS>3000,000000</CORS>
    <FOGN>45,140000</FOGN>
    <FRAN>45,140000</FRAN>
    <GREC>45,140000</GREC>
    <MFTV>45,140000</MFTV>
    <PRGP>91,170000</PRGP>
    <ROSN>45,140000</ROSN>
    <SLOV>45,140000</SLOV>
    <SVIZ>45,140000</SVIZ>
    <BSP>45,140000</BSP>
    <MALT>91,170000</MALT>
    <XAUS>45,140000</XAUS>
    <XFRA>45,140000</XFRA>
  </Prezzi>
</NewDataSet>