<?xml version="1.0" standalone="yes"?>
<NewDataSet>
  <xs:schema id="NewDataSet" xmlns="" xmlns:xs="http://www.w3.org/2001/XMLSchema" xmlns:msdata="urn:schemas-microsoft-com:xml-msdata">
    <xs:element name="NewDataSet" msdata:IsDataSet="true" msdata:UseCurrentLocale="true">
      <xs:complexType>
        <xs:choice minOccurs="0" maxOccurs="unbounded">
          <xs:element name="Fabbisogno">
            <xs:complexType>
              <xs:sequence>
                <xs:element name="Data" type="xs:string" minOccurs="0" />
                <xs:element name="Mercato" type="xs:string" minOccurs="0" />
                <xs:element name="Ora" type="xs:string" minOccurs="0" />
                <xs:element name="Italia" type="xs:string" minOccurs="0" />
                <xs:element name="CNOR" type="xs:string" minOccurs="0" />
                <xs:element name="CSUD" type="xs:string" minOccurs="0" />
                <xs:element name="NORD" type="xs:string" minOccurs="0" />
                <xs:element name="SARD" type="xs:string" minOccurs="0" />
                <xs:element name="SICI" type="xs:string" minOccurs="0" />
                <xs:element name="SUD" type="xs:string" minOccurs="0" />
              </xs:sequence>
            </xs:complexType>
          </xs:element>
        </xs:choice>
      </xs:complexType>
    </xs:element>
  </xs:schema>
  <Fabbisogno>
    <Data>20161101</Data>
    <Mercato>MGP</Mercato>
    <Ora>1</Ora>
    <Italia>23385,157</Italia>
    <CNOR>2660,868</CNOR>
    <CSUD>4072,284</CSUD>
    <NORD>12217,218</NORD>
    <SARD>824,886</SARD>
    <SICI>1543,651</SICI>
    <SUD>2066,25</SUD>
  </Fabbisogno>
  <Fabbisogno>
    <Data>20161101</Data>
    <Mercato>MGP</Mercato>
    <Ora>2</Ora>
    <Italia>21680,896</Italia>
    <CNOR>2489,131</CNOR>
    <CSUD>3740,452</CSUD>
    <NORD>11329,681</NORD>
    <SARD>785,28</SARD>
    <SICI>1440,137</SICI>
    <SUD>1896,215</SUD>
  </Fabbisogno>
  <Fabbisogno>
    <Data>20161101</Data>
    <Mercato>MGP</Mercato>
    <Ora>3</Ora>
    <Italia>20742,328</Italia>
    <CNOR>2394,588</CNOR>
    <CSUD>3542,294</CSUD>
    <NORD>10874,108</NORD>
    <SARD>761,578</SARD>
    <SICI>1366,024</SICI>
    <SUD>1803,736</SUD>
  </Fabbisogno>
  <Fabbisogno>
    <Data>20161101</Data>
    <Mercato>MGP</Mercato>
    <Ora>4</Ora>
    <Italia>20269,283</Italia>
    <CNOR>2333,845</CNOR>
    <CSUD>3466,693</CSUD>
    <NORD>10620,8</NORD>
    <SARD>752,302</SARD>
    <SICI>1328,945</SICI>
    <SUD>1766,698</SUD>
  </Fabbisogno>
  <Fabbisogno>
    <Data>20161101</Data>
    <Mercato>MGP</Mercato>
    <Ora>5</Ora>
    <Italia>20182,417</Italia>
    <CNOR>2345,679</CNOR>
    <CSUD>3447,914</CSUD>
    <NORD>10548,06</NORD>
    <SARD>750,382</SARD>
    <SICI>1323,361</SICI>
    <SUD>1767,021</SUD>
  </Fabbisogno>
  <Fabbisogno>
    <Data>20161101</Data>
    <Mercato>MGP</Mercato>
    <Ora>6</Ora>
    <Italia>20575,116</Italia>
    <CNOR>2347,965</CNOR>
    <CSUD>3521,982</CSUD>
    <NORD>10804,7</NORD>
    <SARD>763,591</SARD>
    <SICI>1356,104</SICI>
    <SUD>1780,774</SUD>
  </Fabbisogno>
  <Fabbisogno>
    <Data>20161101</Data>
    <Mercato>MGP</Mercato>
    <Ora>7</Ora>
    <Italia>21268,603</Italia>
    <CNOR>2400,577</CNOR>
    <CSUD>3519,588</CSUD>
    <NORD>11473,653</NORD>
    <SARD>774,947</SARD>
    <SICI>1384,864</SICI>
    <SUD>1714,974</SUD>
  </Fabbisogno>
  <Fabbisogno>
    <Data>20161101</Data>
    <Mercato>MGP</Mercato>
    <Ora>8</Ora>
    <Italia>22090,952</Italia>
    <CNOR>2493,502</CNOR>
    <CSUD>3773,932</CSUD>
    <NORD>11727,586</NORD>
    <SARD>797,072</SARD>
    <SICI>1474,766</SICI>
    <SUD>1824,094</SUD>
  </Fabbisogno>
  <Fabbisogno>
    <Data>20161101</Data>
    <Mercato>MGP</Mercato>
    <Ora>9</Ora>
    <Italia>23240,33</Italia>
    <CNOR>2654,003</CNOR>
    <CSUD>4087,03</CSUD>
    <NORD>12111,185</NORD>
    <SARD>833,329</SARD>
    <SICI>1603,189</SICI>
    <SUD>1951,594</SUD>
  </Fabbisogno>
  <Fabbisogno>
    <Data>20161101</Data>
    <Mercato>MGP</Mercato>
    <Ora>10</Ora>
    <Italia>24263,617</Italia>
    <CNOR>2746,191</CNOR>
    <CSUD>4314,434</CSUD>
    <NORD>12581,02</NORD>
    <SARD>858,746</SARD>
    <SICI>1702,866</SICI>
    <SUD>2060,36</SUD>
  </Fabbisogno>
  <Fabbisogno>
    <Data>20161101</Data>
    <Mercato>MGP</Mercato>
    <Ora>11</Ora>
    <Italia>24234,05</Italia>
    <CNOR>2772,974</CNOR>
    <CSUD>4334,558</CSUD>
    <NORD>12529,627</NORD>
    <SARD>855,42</SARD>
    <SICI>1693,283</SICI>
    <SUD>2048,188</SUD>
  </Fabbisogno>
  <Fabbisogno>
    <Data>20161101</Data>
    <Mercato>MGP</Mercato>
    <Ora>12</Ora>
    <Italia>24381,195</Italia>
    <CNOR>2775,729</CNOR>
    <CSUD>4365,984</CSUD>
    <NORD>12634,246</NORD>
    <SARD>844,487</SARD>
    <SICI>1686,221</SICI>
    <SUD>2074,528</SUD>
  </Fabbisogno>
  <Fabbisogno>
    <Data>20161101</Data>
    <Mercato>MGP</Mercato>
    <Ora>13</Ora>
    <Italia>24364,095</Italia>
    <CNOR>2774,607</CNOR>
    <CSUD>4415,041</CSUD>
    <NORD>12522,898</NORD>
    <SARD>836,654</SARD>
    <SICI>1688,255</SICI>
    <SUD>2126,64</SUD>
  </Fabbisogno>
  <Fabbisogno>
    <Data>20161101</Data>
    <Mercato>MGP</Mercato>
    <Ora>14</Ora>
    <Italia>23345,231</Italia>
    <CNOR>2617,27</CNOR>
    <CSUD>4278,925</CSUD>
    <NORD>12082,179</NORD>
    <SARD>791,929</SARD>
    <SICI>1592,664</SICI>
    <SUD>1982,264</SUD>
  </Fabbisogno>
  <Fabbisogno>
    <Data>20161101</Data>
    <Mercato>MGP</Mercato>
    <Ora>15</Ora>
    <Italia>23211,835</Italia>
    <CNOR>2642,508</CNOR>
    <CSUD>4198,609</CSUD>
    <NORD>12198,483</NORD>
    <SARD>773,273</SARD>
    <SICI>1517,563</SICI>
    <SUD>1881,399</SUD>
  </Fabbisogno>
  <Fabbisogno>
    <Data>20161101</Data>
    <Mercato>MGP</Mercato>
    <Ora>16</Ora>
    <Italia>23759,371</Italia>
    <CNOR>2701,023</CNOR>
    <CSUD>4235,484</CSUD>
    <NORD>12523,03</NORD>
    <SARD>787,446</SARD>
    <SICI>1540,296</SICI>
    <SUD>1972,092</SUD>
  </Fabbisogno>
  <Fabbisogno>
    <Data>20161101</Data>
    <Mercato>MGP</Mercato>
    <Ora>17</Ora>
    <Italia>24841,839</Italia>
    <CNOR>2853,502</CNOR>
    <CSUD>4355,589</CSUD>
    <NORD>12969,526</NORD>
    <SARD>823,951</SARD>
    <SICI>1657,243</SICI>
    <SUD>2182,028</SUD>
  </Fabbisogno>
  <Fabbisogno>
    <Data>20161101</Data>
    <Mercato>MGP</Mercato>
    <Ora>18</Ora>
    <Italia>28664,851</Italia>
    <CNOR>3327,54</CNOR>
    <CSUD>5140,335</CSUD>
    <NORD>14653,204</NORD>
    <SARD>923,529</SARD>
    <SICI>1936,229</SICI>
    <SUD>2684,014</SUD>
  </Fabbisogno>
  <Fabbisogno>
    <Data>20161101</Data>
    <Mercato>MGP</Mercato>
    <Ora>19</Ora>
    <Italia>30623,844</Italia>
    <CNOR>3570,985</CNOR>
    <CSUD>5420,488</CSUD>
    <NORD>15849,576</NORD>
    <SARD>1004,711</SARD>
    <SICI>2022,211</SICI>
    <SUD>2755,873</SUD>
  </Fabbisogno>
  <Fabbisogno>
    <Data>20161101</Data>
    <Mercato>MGP</Mercato>
    <Ora>20</Ora>
    <Italia>31128,011</Italia>
    <CNOR>3704,852</CNOR>
    <CSUD>5586,986</CSUD>
    <NORD>15925,486</NORD>
    <SARD>1041,068</SARD>
    <SICI>2083,401</SICI>
    <SUD>2786,218</SUD>
  </Fabbisogno>
  <Fabbisogno>
    <Data>20161101</Data>
    <Mercato>MGP</Mercato>
    <Ora>21</Ora>
    <Italia>30141,166</Italia>
    <CNOR>3528,978</CNOR>
    <CSUD>5505,504</CSUD>
    <NORD>15215,107</NORD>
    <SARD>1028,185</SARD>
    <SICI>2076,761</SICI>
    <SUD>2786,631</SUD>
  </Fabbisogno>
  <Fabbisogno>
    <Data>20161101</Data>
    <Mercato>MGP</Mercato>
    <Ora>22</Ora>
    <Italia>28484,676</Italia>
    <CNOR>3355,491</CNOR>
    <CSUD>5190,556</CSUD>
    <NORD>14426,327</NORD>
    <SARD>975,329</SARD>
    <SICI>1940,349</SICI>
    <SUD>2596,624</SUD>
  </Fabbisogno>
  <Fabbisogno>
    <Data>20161101</Data>
    <Mercato>MGP</Mercato>
    <Ora>23</Ora>
    <Italia>26320,905</Italia>
    <CNOR>3084,711</CNOR>
    <CSUD>4736,38</CSUD>
    <NORD>13433,294</NORD>
    <SARD>900,802</SARD>
    <SICI>1785,166</SICI>
    <SUD>2380,552</SUD>
  </Fabbisogno>
  <Fabbisogno>
    <Data>20161101</Data>
    <Mercato>MGP</Mercato>
    <Ora>24</Ora>
    <Italia>23858,23</Italia>
    <CNOR>2788,391</CNOR>
    <CSUD>4266,523</CSUD>
    <NORD>12212,318</NORD>
    <SARD>843,881</SARD>
    <SICI>1613,863</SICI>
    <SUD>2133,254</SUD>
  </Fabbisogno>
</NewDataSet>