<?xml version="1.0" standalone="yes"?>
<NewDataSet>
  <xs:schema id="NewDataSet" xmlns="" xmlns:xs="http://www.w3.org/2001/XMLSchema" xmlns:msdata="urn:schemas-microsoft-com:xml-msdata">
    <xs:element name="NewDataSet" msdata:IsDataSet="true" msdata:UseCurrentLocale="true">
      <xs:complexType>
        <xs:choice minOccurs="0" maxOccurs="unbounded">
          <xs:element name="Fabbisogno">
            <xs:complexType>
              <xs:sequence>
                <xs:element name="Data" type="xs:string" minOccurs="0" />
                <xs:element name="Mercato" type="xs:string" minOccurs="0" />
                <xs:element name="Ora" type="xs:string" minOccurs="0" />
                <xs:element name="Italia" type="xs:string" minOccurs="0" />
                <xs:element name="CNOR" type="xs:string" minOccurs="0" />
                <xs:element name="CSUD" type="xs:string" minOccurs="0" />
                <xs:element name="NORD" type="xs:string" minOccurs="0" />
                <xs:element name="SARD" type="xs:string" minOccurs="0" />
                <xs:element name="SICI" type="xs:string" minOccurs="0" />
                <xs:element name="SUD" type="xs:string" minOccurs="0" />
              </xs:sequence>
            </xs:complexType>
          </xs:element>
        </xs:choice>
      </xs:complexType>
    </xs:element>
  </xs:schema>
  <Fabbisogno>
    <Data>20161114</Data>
    <Mercato>MGP</Mercato>
    <Ora>1</Ora>
    <Italia>23154,799</Italia>
    <CNOR>2406,968</CNOR>
    <CSUD>3927,848</CSUD>
    <NORD>12542,167</NORD>
    <SARD>793,945</SARD>
    <SICI>1480,112</SICI>
    <SUD>2003,759</SUD>
  </Fabbisogno>
  <Fabbisogno>
    <Data>20161114</Data>
    <Mercato>MGP</Mercato>
    <Ora>2</Ora>
    <Italia>21811,693</Italia>
    <CNOR>2295,203</CNOR>
    <CSUD>3623,829</CSUD>
    <NORD>11893,689</NORD>
    <SARD>748,224</SARD>
    <SICI>1373,57</SICI>
    <SUD>1877,178</SUD>
  </Fabbisogno>
  <Fabbisogno>
    <Data>20161114</Data>
    <Mercato>MGP</Mercato>
    <Ora>3</Ora>
    <Italia>21174,447</Italia>
    <CNOR>2223,761</CNOR>
    <CSUD>3478,376</CSUD>
    <NORD>11607,698</NORD>
    <SARD>732,063</SARD>
    <SICI>1310,835</SICI>
    <SUD>1821,714</SUD>
  </Fabbisogno>
  <Fabbisogno>
    <Data>20161114</Data>
    <Mercato>MGP</Mercato>
    <Ora>4</Ora>
    <Italia>21069,238</Italia>
    <CNOR>2202,175</CNOR>
    <CSUD>3428,897</CSUD>
    <NORD>11621,022</NORD>
    <SARD>723,494</SARD>
    <SICI>1289,087</SICI>
    <SUD>1804,563</SUD>
  </Fabbisogno>
  <Fabbisogno>
    <Data>20161114</Data>
    <Mercato>MGP</Mercato>
    <Ora>5</Ora>
    <Italia>21484,999</Italia>
    <CNOR>2204,905</CNOR>
    <CSUD>3448,422</CSUD>
    <NORD>11975,578</NORD>
    <SARD>731,126</SARD>
    <SICI>1316,172</SICI>
    <SUD>1808,796</SUD>
  </Fabbisogno>
  <Fabbisogno>
    <Data>20161114</Data>
    <Mercato>MGP</Mercato>
    <Ora>6</Ora>
    <Italia>23527,152</Italia>
    <CNOR>2453,249</CNOR>
    <CSUD>3711,687</CSUD>
    <NORD>13274,783</NORD>
    <SARD>762,916</SARD>
    <SICI>1407,839</SICI>
    <SUD>1916,678</SUD>
  </Fabbisogno>
  <Fabbisogno>
    <Data>20161114</Data>
    <Mercato>MGP</Mercato>
    <Ora>7</Ora>
    <Italia>28930,774</Italia>
    <CNOR>3002,114</CNOR>
    <CSUD>4354,137</CSUD>
    <NORD>17031,173</NORD>
    <SARD>856,156</SARD>
    <SICI>1548,751</SICI>
    <SUD>2138,443</SUD>
  </Fabbisogno>
  <Fabbisogno>
    <Data>20161114</Data>
    <Mercato>MGP</Mercato>
    <Ora>8</Ora>
    <Italia>34651,955</Italia>
    <CNOR>3527,727</CNOR>
    <CSUD>5021,975</CSUD>
    <NORD>20941,465</NORD>
    <SARD>975,959</SARD>
    <SICI>1772,864</SICI>
    <SUD>2411,965</SUD>
  </Fabbisogno>
  <Fabbisogno>
    <Data>20161114</Data>
    <Mercato>MGP</Mercato>
    <Ora>9</Ora>
    <Italia>39180,416</Italia>
    <CNOR>4129,96</CNOR>
    <CSUD>5547,812</CSUD>
    <NORD>23837,72</NORD>
    <SARD>1049,813</SARD>
    <SICI>1949,952</SICI>
    <SUD>2665,159</SUD>
  </Fabbisogno>
  <Fabbisogno>
    <Data>20161114</Data>
    <Mercato>MGP</Mercato>
    <Ora>10</Ora>
    <Italia>40521,255</Italia>
    <CNOR>4321,467</CNOR>
    <CSUD>5884,83</CSUD>
    <NORD>24551,861</NORD>
    <SARD>1061,105</SARD>
    <SICI>1991,051</SICI>
    <SUD>2710,941</SUD>
  </Fabbisogno>
  <Fabbisogno>
    <Data>20161114</Data>
    <Mercato>MGP</Mercato>
    <Ora>11</Ora>
    <Italia>39945,829</Italia>
    <CNOR>4219,038</CNOR>
    <CSUD>5866,866</CSUD>
    <NORD>24245,42</NORD>
    <SARD>1028,882</SARD>
    <SICI>1937,001</SICI>
    <SUD>2648,622</SUD>
  </Fabbisogno>
  <Fabbisogno>
    <Data>20161114</Data>
    <Mercato>MGP</Mercato>
    <Ora>12</Ora>
    <Italia>39972,628</Italia>
    <CNOR>4225,15</CNOR>
    <CSUD>5853,773</CSUD>
    <NORD>24357,391</NORD>
    <SARD>1012,931</SARD>
    <SICI>1875,907</SICI>
    <SUD>2647,476</SUD>
  </Fabbisogno>
  <Fabbisogno>
    <Data>20161114</Data>
    <Mercato>MGP</Mercato>
    <Ora>13</Ora>
    <Italia>37777,363</Italia>
    <CNOR>3963,935</CNOR>
    <CSUD>5729,052</CSUD>
    <NORD>22522,126</NORD>
    <SARD>989,588</SARD>
    <SICI>1881,722</SICI>
    <SUD>2690,94</SUD>
  </Fabbisogno>
  <Fabbisogno>
    <Data>20161114</Data>
    <Mercato>MGP</Mercato>
    <Ora>14</Ora>
    <Italia>37662,971</Italia>
    <CNOR>3837,62</CNOR>
    <CSUD>5619,939</CSUD>
    <NORD>22759,426</NORD>
    <SARD>964,701</SARD>
    <SICI>1856,978</SICI>
    <SUD>2624,307</SUD>
  </Fabbisogno>
  <Fabbisogno>
    <Data>20161114</Data>
    <Mercato>MGP</Mercato>
    <Ora>15</Ora>
    <Italia>39217,56</Italia>
    <CNOR>4100,049</CNOR>
    <CSUD>5724,048</CSUD>
    <NORD>23940,223</NORD>
    <SARD>960,191</SARD>
    <SICI>1886,124</SICI>
    <SUD>2606,925</SUD>
  </Fabbisogno>
  <Fabbisogno>
    <Data>20161114</Data>
    <Mercato>MGP</Mercato>
    <Ora>16</Ora>
    <Italia>40268,584</Italia>
    <CNOR>4296,405</CNOR>
    <CSUD>5904,149</CSUD>
    <NORD>24385,135</NORD>
    <SARD>981,998</SARD>
    <SICI>1953,806</SICI>
    <SUD>2747,091</SUD>
  </Fabbisogno>
  <Fabbisogno>
    <Data>20161114</Data>
    <Mercato>MGP</Mercato>
    <Ora>17</Ora>
    <Italia>41399,174</Italia>
    <CNOR>4481,644</CNOR>
    <CSUD>6254,475</CSUD>
    <NORD>24530,422</NORD>
    <SARD>1022,611</SARD>
    <SICI>2087,627</SICI>
    <SUD>3022,395</SUD>
  </Fabbisogno>
  <Fabbisogno>
    <Data>20161114</Data>
    <Mercato>MGP</Mercato>
    <Ora>18</Ora>
    <Italia>43117,857</Italia>
    <CNOR>4692,695</CNOR>
    <CSUD>6792,523</CSUD>
    <NORD>24707,624</NORD>
    <SARD>1122,725</SARD>
    <SICI>2355,375</SICI>
    <SUD>3446,915</SUD>
  </Fabbisogno>
  <Fabbisogno>
    <Data>20161114</Data>
    <Mercato>MGP</Mercato>
    <Ora>19</Ora>
    <Italia>42351,714</Italia>
    <CNOR>4574,452</CNOR>
    <CSUD>6828,434</CSUD>
    <NORD>23950,226</NORD>
    <SARD>1160,463</SARD>
    <SICI>2413,822</SICI>
    <SUD>3424,317</SUD>
  </Fabbisogno>
  <Fabbisogno>
    <Data>20161114</Data>
    <Mercato>MGP</Mercato>
    <Ora>20</Ora>
    <Italia>41226,972</Italia>
    <CNOR>4471,044</CNOR>
    <CSUD>6906,639</CSUD>
    <NORD>22889,297</NORD>
    <SARD>1177,334</SARD>
    <SICI>2414,48</SICI>
    <SUD>3368,178</SUD>
  </Fabbisogno>
  <Fabbisogno>
    <Data>20161114</Data>
    <Mercato>MGP</Mercato>
    <Ora>21</Ora>
    <Italia>38865,015</Italia>
    <CNOR>4119,21</CNOR>
    <CSUD>6468,224</CSUD>
    <NORD>21541,927</NORD>
    <SARD>1153,634</SARD>
    <SICI>2325,113</SICI>
    <SUD>3256,907</SUD>
  </Fabbisogno>
  <Fabbisogno>
    <Data>20161114</Data>
    <Mercato>MGP</Mercato>
    <Ora>22</Ora>
    <Italia>35935,301</Italia>
    <CNOR>3797,081</CNOR>
    <CSUD>5997,02</CSUD>
    <NORD>19955,751</NORD>
    <SARD>1058,424</SARD>
    <SICI>2130,347</SICI>
    <SUD>2996,678</SUD>
  </Fabbisogno>
  <Fabbisogno>
    <Data>20161114</Data>
    <Mercato>MGP</Mercato>
    <Ora>23</Ora>
    <Italia>32385,221</Italia>
    <CNOR>3406,856</CNOR>
    <CSUD>5331,105</CSUD>
    <NORD>18089,483</NORD>
    <SARD>974,367</SARD>
    <SICI>1922,644</SICI>
    <SUD>2660,766</SUD>
  </Fabbisogno>
  <Fabbisogno>
    <Data>20161114</Data>
    <Mercato>MGP</Mercato>
    <Ora>24</Ora>
    <Italia>29032,877</Italia>
    <CNOR>3032,28</CNOR>
    <CSUD>4661,38</CSUD>
    <NORD>16410,241</NORD>
    <SARD>873,248</SARD>
    <SICI>1713,635</SICI>
    <SUD>2342,093</SUD>
  </Fabbisogno>
</NewDataSet>