<?xml version="1.0" standalone="yes"?>
<NewDataSet>
  <xs:schema id="NewDataSet" xmlns="" xmlns:xs="http://www.w3.org/2001/XMLSchema" xmlns:msdata="urn:schemas-microsoft-com:xml-msdata">
    <xs:element name="NewDataSet" msdata:IsDataSet="true" msdata:UseCurrentLocale="true">
      <xs:complexType>
        <xs:choice minOccurs="0" maxOccurs="unbounded">
          <xs:element name="Fabbisogno">
            <xs:complexType>
              <xs:sequence>
                <xs:element name="Data" type="xs:string" minOccurs="0" />
                <xs:element name="Mercato" type="xs:string" minOccurs="0" />
                <xs:element name="Ora" type="xs:string" minOccurs="0" />
                <xs:element name="Italia" type="xs:string" minOccurs="0" />
                <xs:element name="CNOR" type="xs:string" minOccurs="0" />
                <xs:element name="CSUD" type="xs:string" minOccurs="0" />
                <xs:element name="NORD" type="xs:string" minOccurs="0" />
                <xs:element name="SARD" type="xs:string" minOccurs="0" />
                <xs:element name="SICI" type="xs:string" minOccurs="0" />
                <xs:element name="SUD" type="xs:string" minOccurs="0" />
              </xs:sequence>
            </xs:complexType>
          </xs:element>
        </xs:choice>
      </xs:complexType>
    </xs:element>
  </xs:schema>
  <Fabbisogno>
    <Data>20161105</Data>
    <Mercato>MGP</Mercato>
    <Ora>1</Ora>
    <Italia>26489,481</Italia>
    <CNOR>2822,783</CNOR>
    <CSUD>4215,584</CSUD>
    <NORD>15050,721</NORD>
    <SARD>813,81</SARD>
    <SICI>1534,585</SICI>
    <SUD>2051,998</SUD>
  </Fabbisogno>
  <Fabbisogno>
    <Data>20161105</Data>
    <Mercato>MGP</Mercato>
    <Ora>2</Ora>
    <Italia>24647,103</Italia>
    <CNOR>2607,994</CNOR>
    <CSUD>3779,804</CSUD>
    <NORD>14205,279</NORD>
    <SARD>771,209</SARD>
    <SICI>1418</SICI>
    <SUD>1864,817</SUD>
  </Fabbisogno>
  <Fabbisogno>
    <Data>20161105</Data>
    <Mercato>MGP</Mercato>
    <Ora>3</Ora>
    <Italia>23570,464</Italia>
    <CNOR>2496,137</CNOR>
    <CSUD>3586,502</CSUD>
    <NORD>13583,203</NORD>
    <SARD>751,433</SARD>
    <SICI>1354,369</SICI>
    <SUD>1798,82</SUD>
  </Fabbisogno>
  <Fabbisogno>
    <Data>20161105</Data>
    <Mercato>MGP</Mercato>
    <Ora>4</Ora>
    <Italia>23268,72</Italia>
    <CNOR>2445,065</CNOR>
    <CSUD>3535,898</CSUD>
    <NORD>13439,395</NORD>
    <SARD>744,713</SARD>
    <SICI>1320,463</SICI>
    <SUD>1783,186</SUD>
  </Fabbisogno>
  <Fabbisogno>
    <Data>20161105</Data>
    <Mercato>MGP</Mercato>
    <Ora>5</Ora>
    <Italia>23331,328</Italia>
    <CNOR>2499,386</CNOR>
    <CSUD>3574,74</CSUD>
    <NORD>13360,464</NORD>
    <SARD>752,922</SARD>
    <SICI>1323,46</SICI>
    <SUD>1820,356</SUD>
  </Fabbisogno>
  <Fabbisogno>
    <Data>20161105</Data>
    <Mercato>MGP</Mercato>
    <Ora>6</Ora>
    <Italia>23866,41</Italia>
    <CNOR>2470,08</CNOR>
    <CSUD>3658,792</CSUD>
    <NORD>13708,217</NORD>
    <SARD>761,202</SARD>
    <SICI>1392,703</SICI>
    <SUD>1875,416</SUD>
  </Fabbisogno>
  <Fabbisogno>
    <Data>20161105</Data>
    <Mercato>MGP</Mercato>
    <Ora>7</Ora>
    <Italia>25779,017</Italia>
    <CNOR>2666,91</CNOR>
    <CSUD>3882,603</CSUD>
    <NORD>14988,186</NORD>
    <SARD>818,432</SARD>
    <SICI>1476,07</SICI>
    <SUD>1946,816</SUD>
  </Fabbisogno>
  <Fabbisogno>
    <Data>20161105</Data>
    <Mercato>MGP</Mercato>
    <Ora>8</Ora>
    <Italia>28250,656</Italia>
    <CNOR>2901,425</CNOR>
    <CSUD>4255,051</CSUD>
    <NORD>16277,983</NORD>
    <SARD>882,437</SARD>
    <SICI>1673,254</SICI>
    <SUD>2260,506</SUD>
  </Fabbisogno>
  <Fabbisogno>
    <Data>20161105</Data>
    <Mercato>MGP</Mercato>
    <Ora>9</Ora>
    <Italia>30722,759</Italia>
    <CNOR>3171,906</CNOR>
    <CSUD>4824,9</CSUD>
    <NORD>17593,024</NORD>
    <SARD>939,98</SARD>
    <SICI>1805,344</SICI>
    <SUD>2387,605</SUD>
  </Fabbisogno>
  <Fabbisogno>
    <Data>20161105</Data>
    <Mercato>MGP</Mercato>
    <Ora>10</Ora>
    <Italia>31684,759</Italia>
    <CNOR>3274,089</CNOR>
    <CSUD>5022,762</CSUD>
    <NORD>18181,261</NORD>
    <SARD>928,191</SARD>
    <SICI>1884,691</SICI>
    <SUD>2393,765</SUD>
  </Fabbisogno>
  <Fabbisogno>
    <Data>20161105</Data>
    <Mercato>MGP</Mercato>
    <Ora>11</Ora>
    <Italia>31286,225</Italia>
    <CNOR>3226,683</CNOR>
    <CSUD>5003,06</CSUD>
    <NORD>18055,58</NORD>
    <SARD>881,924</SARD>
    <SICI>1823,306</SICI>
    <SUD>2295,672</SUD>
  </Fabbisogno>
  <Fabbisogno>
    <Data>20161105</Data>
    <Mercato>MGP</Mercato>
    <Ora>12</Ora>
    <Italia>30313,791</Italia>
    <CNOR>3131,43</CNOR>
    <CSUD>4806,65</CSUD>
    <NORD>17575,961</NORD>
    <SARD>846,145</SARD>
    <SICI>1753,021</SICI>
    <SUD>2200,584</SUD>
  </Fabbisogno>
  <Fabbisogno>
    <Data>20161105</Data>
    <Mercato>MGP</Mercato>
    <Ora>13</Ora>
    <Italia>29128,371</Italia>
    <CNOR>3013,95</CNOR>
    <CSUD>4780,788</CSUD>
    <NORD>16533,133</NORD>
    <SARD>839,257</SARD>
    <SICI>1746,763</SICI>
    <SUD>2214,48</SUD>
  </Fabbisogno>
  <Fabbisogno>
    <Data>20161105</Data>
    <Mercato>MGP</Mercato>
    <Ora>14</Ora>
    <Italia>27866,604</Italia>
    <CNOR>2860,145</CNOR>
    <CSUD>4567,109</CSUD>
    <NORD>15822,435</NORD>
    <SARD>806,301</SARD>
    <SICI>1699,113</SICI>
    <SUD>2111,501</SUD>
  </Fabbisogno>
  <Fabbisogno>
    <Data>20161105</Data>
    <Mercato>MGP</Mercato>
    <Ora>15</Ora>
    <Italia>27922,204</Italia>
    <CNOR>2892,29</CNOR>
    <CSUD>4525,792</CSUD>
    <NORD>15911,425</NORD>
    <SARD>793,228</SARD>
    <SICI>1704,907</SICI>
    <SUD>2094,562</SUD>
  </Fabbisogno>
  <Fabbisogno>
    <Data>20161105</Data>
    <Mercato>MGP</Mercato>
    <Ora>16</Ora>
    <Italia>28517,257</Italia>
    <CNOR>2957,298</CNOR>
    <CSUD>4669,287</CSUD>
    <NORD>16106,856</NORD>
    <SARD>820,289</SARD>
    <SICI>1750,295</SICI>
    <SUD>2213,232</SUD>
  </Fabbisogno>
  <Fabbisogno>
    <Data>20161105</Data>
    <Mercato>MGP</Mercato>
    <Ora>17</Ora>
    <Italia>29661,279</Italia>
    <CNOR>3105,797</CNOR>
    <CSUD>4792,122</CSUD>
    <NORD>16550,512</NORD>
    <SARD>850,617</SARD>
    <SICI>1893,382</SICI>
    <SUD>2468,849</SUD>
  </Fabbisogno>
  <Fabbisogno>
    <Data>20161105</Data>
    <Mercato>MGP</Mercato>
    <Ora>18</Ora>
    <Italia>33202,489</Italia>
    <CNOR>3504,143</CNOR>
    <CSUD>5550,311</CSUD>
    <NORD>17962,692</NORD>
    <SARD>960,268</SARD>
    <SICI>2215,586</SICI>
    <SUD>3009,489</SUD>
  </Fabbisogno>
  <Fabbisogno>
    <Data>20161105</Data>
    <Mercato>MGP</Mercato>
    <Ora>19</Ora>
    <Italia>34955,836</Italia>
    <CNOR>3794,992</CNOR>
    <CSUD>5934,237</CSUD>
    <NORD>18784,193</NORD>
    <SARD>1037,672</SARD>
    <SICI>2296,961</SICI>
    <SUD>3107,781</SUD>
  </Fabbisogno>
  <Fabbisogno>
    <Data>20161105</Data>
    <Mercato>MGP</Mercato>
    <Ora>20</Ora>
    <Italia>35358,858</Italia>
    <CNOR>3940,748</CNOR>
    <CSUD>6202,605</CSUD>
    <NORD>18482,631</NORD>
    <SARD>1129,437</SARD>
    <SICI>2374,769</SICI>
    <SUD>3228,668</SUD>
  </Fabbisogno>
  <Fabbisogno>
    <Data>20161105</Data>
    <Mercato>MGP</Mercato>
    <Ora>21</Ora>
    <Italia>33081,025</Italia>
    <CNOR>3675,603</CNOR>
    <CSUD>5873,175</CSUD>
    <NORD>17089,355</NORD>
    <SARD>1081,938</SARD>
    <SICI>2270,875</SICI>
    <SUD>3090,079</SUD>
  </Fabbisogno>
  <Fabbisogno>
    <Data>20161105</Data>
    <Mercato>MGP</Mercato>
    <Ora>22</Ora>
    <Italia>30469,447</Italia>
    <CNOR>3360,716</CNOR>
    <CSUD>5383,582</CSUD>
    <NORD>15899,978</NORD>
    <SARD>994,701</SARD>
    <SICI>2035,846</SICI>
    <SUD>2794,624</SUD>
  </Fabbisogno>
  <Fabbisogno>
    <Data>20161105</Data>
    <Mercato>MGP</Mercato>
    <Ora>23</Ora>
    <Italia>27927,369</Italia>
    <CNOR>3046,287</CNOR>
    <CSUD>4814,55</CSUD>
    <NORD>14824,884</NORD>
    <SARD>904,792</SARD>
    <SICI>1857,337</SICI>
    <SUD>2479,519</SUD>
  </Fabbisogno>
  <Fabbisogno>
    <Data>20161105</Data>
    <Mercato>MGP</Mercato>
    <Ora>24</Ora>
    <Italia>25361,213</Italia>
    <CNOR>2730,844</CNOR>
    <CSUD>4333,359</CSUD>
    <NORD>13570,243</NORD>
    <SARD>832,066</SARD>
    <SICI>1687,913</SICI>
    <SUD>2206,788</SUD>
  </Fabbisogno>
</NewDataSet>