<?xml version="1.0" standalone="yes"?>
<NewDataSet>
  <xs:schema id="NewDataSet" xmlns="" xmlns:xs="http://www.w3.org/2001/XMLSchema" xmlns:msdata="urn:schemas-microsoft-com:xml-msdata">
    <xs:element name="NewDataSet" msdata:IsDataSet="true" msdata:UseCurrentLocale="true">
      <xs:complexType>
        <xs:choice minOccurs="0" maxOccurs="unbounded">
          <xs:element name="Fabbisogno">
            <xs:complexType>
              <xs:sequence>
                <xs:element name="Data" type="xs:string" minOccurs="0" />
                <xs:element name="Mercato" type="xs:string" minOccurs="0" />
                <xs:element name="Ora" type="xs:string" minOccurs="0" />
                <xs:element name="Italia" type="xs:string" minOccurs="0" />
                <xs:element name="CNOR" type="xs:string" minOccurs="0" />
                <xs:element name="CSUD" type="xs:string" minOccurs="0" />
                <xs:element name="NORD" type="xs:string" minOccurs="0" />
                <xs:element name="SARD" type="xs:string" minOccurs="0" />
                <xs:element name="SICI" type="xs:string" minOccurs="0" />
                <xs:element name="SUD" type="xs:string" minOccurs="0" />
              </xs:sequence>
            </xs:complexType>
          </xs:element>
        </xs:choice>
      </xs:complexType>
    </xs:element>
  </xs:schema>
  <Fabbisogno>
    <Data>20161120</Data>
    <Mercato>MGP</Mercato>
    <Ora>1</Ora>
    <Italia>24167,693</Italia>
    <CNOR>2617,94</CNOR>
    <CSUD>4147,597</CSUD>
    <NORD>12783,227</NORD>
    <SARD>833,462</SARD>
    <SICI>1643,876</SICI>
    <SUD>2141,591</SUD>
  </Fabbisogno>
  <Fabbisogno>
    <Data>20161120</Data>
    <Mercato>MGP</Mercato>
    <Ora>2</Ora>
    <Italia>22510,499</Italia>
    <CNOR>2444,317</CNOR>
    <CSUD>3820,016</CSUD>
    <NORD>11954,506</NORD>
    <SARD>795,082</SARD>
    <SICI>1515,176</SICI>
    <SUD>1981,402</SUD>
  </Fabbisogno>
  <Fabbisogno>
    <Data>20161120</Data>
    <Mercato>MGP</Mercato>
    <Ora>3</Ora>
    <Italia>21666,378</Italia>
    <CNOR>2320,608</CNOR>
    <CSUD>3606,019</CSUD>
    <NORD>11647,512</NORD>
    <SARD>765,562</SARD>
    <SICI>1442,425</SICI>
    <SUD>1884,252</SUD>
  </Fabbisogno>
  <Fabbisogno>
    <Data>20161120</Data>
    <Mercato>MGP</Mercato>
    <Ora>4</Ora>
    <Italia>20969,156</Italia>
    <CNOR>2229,15</CNOR>
    <CSUD>3464,319</CSUD>
    <NORD>11315,221</NORD>
    <SARD>749,09</SARD>
    <SICI>1386,729</SICI>
    <SUD>1824,647</SUD>
  </Fabbisogno>
  <Fabbisogno>
    <Data>20161120</Data>
    <Mercato>MGP</Mercato>
    <Ora>5</Ora>
    <Italia>21127,756</Italia>
    <CNOR>2243,896</CNOR>
    <CSUD>3444,185</CSUD>
    <NORD>11486,036</NORD>
    <SARD>747,747</SARD>
    <SICI>1378,63</SICI>
    <SUD>1827,262</SUD>
  </Fabbisogno>
  <Fabbisogno>
    <Data>20161120</Data>
    <Mercato>MGP</Mercato>
    <Ora>6</Ora>
    <Italia>21510,2</Italia>
    <CNOR>2272,33</CNOR>
    <CSUD>3531,487</CSUD>
    <NORD>11661,427</NORD>
    <SARD>762,434</SARD>
    <SICI>1407,722</SICI>
    <SUD>1874,8</SUD>
  </Fabbisogno>
  <Fabbisogno>
    <Data>20161120</Data>
    <Mercato>MGP</Mercato>
    <Ora>7</Ora>
    <Italia>22541,279</Italia>
    <CNOR>2358,603</CNOR>
    <CSUD>3681,392</CSUD>
    <NORD>12345,663</NORD>
    <SARD>795,007</SARD>
    <SICI>1457,304</SICI>
    <SUD>1903,31</SUD>
  </Fabbisogno>
  <Fabbisogno>
    <Data>20161120</Data>
    <Mercato>MGP</Mercato>
    <Ora>8</Ora>
    <Italia>23063,579</Italia>
    <CNOR>2418,044</CNOR>
    <CSUD>3767,574</CSUD>
    <NORD>12641,983</NORD>
    <SARD>818,312</SARD>
    <SICI>1494,66</SICI>
    <SUD>1923,006</SUD>
  </Fabbisogno>
  <Fabbisogno>
    <Data>20161120</Data>
    <Mercato>MGP</Mercato>
    <Ora>9</Ora>
    <Italia>24610,773</Italia>
    <CNOR>2569,787</CNOR>
    <CSUD>4119,576</CSUD>
    <NORD>13241,149</NORD>
    <SARD>866,179</SARD>
    <SICI>1697,292</SICI>
    <SUD>2116,79</SUD>
  </Fabbisogno>
  <Fabbisogno>
    <Data>20161120</Data>
    <Mercato>MGP</Mercato>
    <Ora>10</Ora>
    <Italia>26388,746</Italia>
    <CNOR>2731,295</CNOR>
    <CSUD>4452,361</CSUD>
    <NORD>14191,52</NORD>
    <SARD>900,17</SARD>
    <SICI>1860,215</SICI>
    <SUD>2253,185</SUD>
  </Fabbisogno>
  <Fabbisogno>
    <Data>20161120</Data>
    <Mercato>MGP</Mercato>
    <Ora>11</Ora>
    <Italia>27474,331</Italia>
    <CNOR>2867,028</CNOR>
    <CSUD>4616,399</CSUD>
    <NORD>14891,637</NORD>
    <SARD>900,914</SARD>
    <SICI>1909,593</SICI>
    <SUD>2288,76</SUD>
  </Fabbisogno>
  <Fabbisogno>
    <Data>20161120</Data>
    <Mercato>MGP</Mercato>
    <Ora>12</Ora>
    <Italia>27752,335</Italia>
    <CNOR>2869,333</CNOR>
    <CSUD>4659,913</CSUD>
    <NORD>15118,517</NORD>
    <SARD>896,94</SARD>
    <SICI>1893,176</SICI>
    <SUD>2314,456</SUD>
  </Fabbisogno>
  <Fabbisogno>
    <Data>20161120</Data>
    <Mercato>MGP</Mercato>
    <Ora>13</Ora>
    <Italia>27428,027</Italia>
    <CNOR>2777,644</CNOR>
    <CSUD>4672,668</CSUD>
    <NORD>14840,563</NORD>
    <SARD>887,664</SARD>
    <SICI>1889,301</SICI>
    <SUD>2360,187</SUD>
  </Fabbisogno>
  <Fabbisogno>
    <Data>20161120</Data>
    <Mercato>MGP</Mercato>
    <Ora>14</Ora>
    <Italia>25902,658</Italia>
    <CNOR>2607,801</CNOR>
    <CSUD>4480,844</CSUD>
    <NORD>13996,999</NORD>
    <SARD>847,607</SARD>
    <SICI>1760,379</SICI>
    <SUD>2209,028</SUD>
  </Fabbisogno>
  <Fabbisogno>
    <Data>20161120</Data>
    <Mercato>MGP</Mercato>
    <Ora>15</Ora>
    <Italia>25608,071</Italia>
    <CNOR>2606,761</CNOR>
    <CSUD>4345,619</CSUD>
    <NORD>14052,634</NORD>
    <SARD>825,935</SARD>
    <SICI>1688,394</SICI>
    <SUD>2088,728</SUD>
  </Fabbisogno>
  <Fabbisogno>
    <Data>20161120</Data>
    <Mercato>MGP</Mercato>
    <Ora>16</Ora>
    <Italia>26037,086</Italia>
    <CNOR>2696,991</CNOR>
    <CSUD>4453,127</CSUD>
    <NORD>14130,111</NORD>
    <SARD>843,542</SARD>
    <SICI>1720,267</SICI>
    <SUD>2193,048</SUD>
  </Fabbisogno>
  <Fabbisogno>
    <Data>20161120</Data>
    <Mercato>MGP</Mercato>
    <Ora>17</Ora>
    <Italia>27195,131</Italia>
    <CNOR>2830,383</CNOR>
    <CSUD>4682,585</CSUD>
    <NORD>14589,416</NORD>
    <SARD>880,29</SARD>
    <SICI>1809,062</SICI>
    <SUD>2403,395</SUD>
  </Fabbisogno>
  <Fabbisogno>
    <Data>20161120</Data>
    <Mercato>MGP</Mercato>
    <Ora>18</Ora>
    <Italia>31077,288</Italia>
    <CNOR>3409,789</CNOR>
    <CSUD>5426,09</CSUD>
    <NORD>16324,224</NORD>
    <SARD>1002,913</SARD>
    <SICI>2068,097</SICI>
    <SUD>2846,175</SUD>
  </Fabbisogno>
  <Fabbisogno>
    <Data>20161120</Data>
    <Mercato>MGP</Mercato>
    <Ora>19</Ora>
    <Italia>32071,895</Italia>
    <CNOR>3607,311</CNOR>
    <CSUD>5661,919</CSUD>
    <NORD>16708,49</NORD>
    <SARD>1067,44</SARD>
    <SICI>2098,736</SICI>
    <SUD>2927,999</SUD>
  </Fabbisogno>
  <Fabbisogno>
    <Data>20161120</Data>
    <Mercato>MGP</Mercato>
    <Ora>20</Ora>
    <Italia>32629,185</Italia>
    <CNOR>3781,242</CNOR>
    <CSUD>5822,277</CSUD>
    <NORD>16821,731</NORD>
    <SARD>1096,569</SARD>
    <SICI>2140,894</SICI>
    <SUD>2966,472</SUD>
  </Fabbisogno>
  <Fabbisogno>
    <Data>20161120</Data>
    <Mercato>MGP</Mercato>
    <Ora>21</Ora>
    <Italia>31798,511</Italia>
    <CNOR>3621,768</CNOR>
    <CSUD>5721,967</CSUD>
    <NORD>16297,525</NORD>
    <SARD>1089,182</SARD>
    <SICI>2136,332</SICI>
    <SUD>2931,737</SUD>
  </Fabbisogno>
  <Fabbisogno>
    <Data>20161120</Data>
    <Mercato>MGP</Mercato>
    <Ora>22</Ora>
    <Italia>30080,952</Italia>
    <CNOR>3428,346</CNOR>
    <CSUD>5400,44</CSUD>
    <NORD>15452,127</NORD>
    <SARD>1017,169</SARD>
    <SICI>2036,487</SICI>
    <SUD>2746,383</SUD>
  </Fabbisogno>
  <Fabbisogno>
    <Data>20161120</Data>
    <Mercato>MGP</Mercato>
    <Ora>23</Ora>
    <Italia>27530,209</Italia>
    <CNOR>3033,868</CNOR>
    <CSUD>4939,932</CSUD>
    <NORD>14225,356</NORD>
    <SARD>951,099</SARD>
    <SICI>1873,862</SICI>
    <SUD>2506,092</SUD>
  </Fabbisogno>
  <Fabbisogno>
    <Data>20161120</Data>
    <Mercato>MGP</Mercato>
    <Ora>24</Ora>
    <Italia>24952,175</Italia>
    <CNOR>2732,918</CNOR>
    <CSUD>4382,432</CSUD>
    <NORD>13019,152</NORD>
    <SARD>874,664</SARD>
    <SICI>1694,026</SICI>
    <SUD>2248,983</SUD>
  </Fabbisogno>
</NewDataSet>