<?xml version="1.0" standalone="yes"?>
<NewDataSet>
  <xs:schema id="NewDataSet" xmlns="" xmlns:xs="http://www.w3.org/2001/XMLSchema" xmlns:msdata="urn:schemas-microsoft-com:xml-msdata">
    <xs:element name="NewDataSet" msdata:IsDataSet="true" msdata:UseCurrentLocale="true">
      <xs:complexType>
        <xs:choice minOccurs="0" maxOccurs="unbounded">
          <xs:element name="Fabbisogno">
            <xs:complexType>
              <xs:sequence>
                <xs:element name="Data" type="xs:string" minOccurs="0" />
                <xs:element name="Mercato" type="xs:string" minOccurs="0" />
                <xs:element name="Ora" type="xs:string" minOccurs="0" />
                <xs:element name="Italia" type="xs:string" minOccurs="0" />
                <xs:element name="CNOR" type="xs:string" minOccurs="0" />
                <xs:element name="CSUD" type="xs:string" minOccurs="0" />
                <xs:element name="NORD" type="xs:string" minOccurs="0" />
                <xs:element name="SARD" type="xs:string" minOccurs="0" />
                <xs:element name="SICI" type="xs:string" minOccurs="0" />
                <xs:element name="SUD" type="xs:string" minOccurs="0" />
              </xs:sequence>
            </xs:complexType>
          </xs:element>
        </xs:choice>
      </xs:complexType>
    </xs:element>
  </xs:schema>
  <Fabbisogno>
    <Data>20161121</Data>
    <Mercato>MGP</Mercato>
    <Ora>1</Ora>
    <Italia>23320,831</Italia>
    <CNOR>2520,697</CNOR>
    <CSUD>3984,991</CSUD>
    <NORD>12462,628</NORD>
    <SARD>806,498</SARD>
    <SICI>1521,913</SICI>
    <SUD>2024,104</SUD>
  </Fabbisogno>
  <Fabbisogno>
    <Data>20161121</Data>
    <Mercato>MGP</Mercato>
    <Ora>2</Ora>
    <Italia>21829,95</Italia>
    <CNOR>2368,271</CNOR>
    <CSUD>3681,652</CSUD>
    <NORD>11707,099</NORD>
    <SARD>760,252</SARD>
    <SICI>1414,708</SICI>
    <SUD>1897,968</SUD>
  </Fabbisogno>
  <Fabbisogno>
    <Data>20161121</Data>
    <Mercato>MGP</Mercato>
    <Ora>3</Ora>
    <Italia>21358,991</Italia>
    <CNOR>2318,424</CNOR>
    <CSUD>3562,952</CSUD>
    <NORD>11511,534</NORD>
    <SARD>759,086</SARD>
    <SICI>1345,954</SICI>
    <SUD>1861,041</SUD>
  </Fabbisogno>
  <Fabbisogno>
    <Data>20161121</Data>
    <Mercato>MGP</Mercato>
    <Ora>4</Ora>
    <Italia>21151,614</Italia>
    <CNOR>2272,651</CNOR>
    <CSUD>3479,153</CSUD>
    <NORD>11482,438</NORD>
    <SARD>751,308</SARD>
    <SICI>1327,511</SICI>
    <SUD>1838,553</SUD>
  </Fabbisogno>
  <Fabbisogno>
    <Data>20161121</Data>
    <Mercato>MGP</Mercato>
    <Ora>5</Ora>
    <Italia>21639,917</Italia>
    <CNOR>2264,768</CNOR>
    <CSUD>3500,19</CSUD>
    <NORD>11943,6</NORD>
    <SARD>758,157</SARD>
    <SICI>1329,466</SICI>
    <SUD>1843,736</SUD>
  </Fabbisogno>
  <Fabbisogno>
    <Data>20161121</Data>
    <Mercato>MGP</Mercato>
    <Ora>6</Ora>
    <Italia>23556,591</Italia>
    <CNOR>2479,898</CNOR>
    <CSUD>3733,618</CSUD>
    <NORD>13219,904</NORD>
    <SARD>776,505</SARD>
    <SICI>1406,669</SICI>
    <SUD>1939,997</SUD>
  </Fabbisogno>
  <Fabbisogno>
    <Data>20161121</Data>
    <Mercato>MGP</Mercato>
    <Ora>7</Ora>
    <Italia>29305,943</Italia>
    <CNOR>2989,124</CNOR>
    <CSUD>4395,199</CSUD>
    <NORD>17354,725</NORD>
    <SARD>867,184</SARD>
    <SICI>1565,467</SICI>
    <SUD>2134,244</SUD>
  </Fabbisogno>
  <Fabbisogno>
    <Data>20161121</Data>
    <Mercato>MGP</Mercato>
    <Ora>8</Ora>
    <Italia>35415,147</Italia>
    <CNOR>3588,976</CNOR>
    <CSUD>5169,634</CSUD>
    <NORD>21374,66</NORD>
    <SARD>995,64</SARD>
    <SICI>1823,088</SICI>
    <SUD>2463,149</SUD>
  </Fabbisogno>
  <Fabbisogno>
    <Data>20161121</Data>
    <Mercato>MGP</Mercato>
    <Ora>9</Ora>
    <Italia>39498,53</Italia>
    <CNOR>4126,241</CNOR>
    <CSUD>5681,407</CSUD>
    <NORD>23942,492</NORD>
    <SARD>1066,562</SARD>
    <SICI>1996,765</SICI>
    <SUD>2685,063</SUD>
  </Fabbisogno>
  <Fabbisogno>
    <Data>20161121</Data>
    <Mercato>MGP</Mercato>
    <Ora>10</Ora>
    <Italia>40943,127</Italia>
    <CNOR>4297,403</CNOR>
    <CSUD>5827,913</CSUD>
    <NORD>25059,089</NORD>
    <SARD>1052,448</SARD>
    <SICI>2021,909</SICI>
    <SUD>2684,365</SUD>
  </Fabbisogno>
  <Fabbisogno>
    <Data>20161121</Data>
    <Mercato>MGP</Mercato>
    <Ora>11</Ora>
    <Italia>40682,173</Italia>
    <CNOR>4355,971</CNOR>
    <CSUD>5790,462</CSUD>
    <NORD>24931,002</NORD>
    <SARD>1025,604</SARD>
    <SICI>1967,389</SICI>
    <SUD>2611,745</SUD>
  </Fabbisogno>
  <Fabbisogno>
    <Data>20161121</Data>
    <Mercato>MGP</Mercato>
    <Ora>12</Ora>
    <Italia>40477,245</Italia>
    <CNOR>4157,451</CNOR>
    <CSUD>5855,711</CSUD>
    <NORD>24905,225</NORD>
    <SARD>1026,793</SARD>
    <SICI>1924,289</SICI>
    <SUD>2607,776</SUD>
  </Fabbisogno>
  <Fabbisogno>
    <Data>20161121</Data>
    <Mercato>MGP</Mercato>
    <Ora>13</Ora>
    <Italia>38237,352</Italia>
    <CNOR>3902,146</CNOR>
    <CSUD>5719,636</CSUD>
    <NORD>23065,841</NORD>
    <SARD>1001,69</SARD>
    <SICI>1923,361</SICI>
    <SUD>2624,678</SUD>
  </Fabbisogno>
  <Fabbisogno>
    <Data>20161121</Data>
    <Mercato>MGP</Mercato>
    <Ora>14</Ora>
    <Italia>38134,887</Italia>
    <CNOR>3806,04</CNOR>
    <CSUD>5631,553</CSUD>
    <NORD>23211,058</NORD>
    <SARD>994,832</SARD>
    <SICI>1904,775</SICI>
    <SUD>2586,629</SUD>
  </Fabbisogno>
  <Fabbisogno>
    <Data>20161121</Data>
    <Mercato>MGP</Mercato>
    <Ora>15</Ora>
    <Italia>39691,312</Italia>
    <CNOR>4063,003</CNOR>
    <CSUD>5740,054</CSUD>
    <NORD>24382,284</NORD>
    <SARD>975,661</SARD>
    <SICI>1972,921</SICI>
    <SUD>2557,389</SUD>
  </Fabbisogno>
  <Fabbisogno>
    <Data>20161121</Data>
    <Mercato>MGP</Mercato>
    <Ora>16</Ora>
    <Italia>40764,563</Italia>
    <CNOR>4202,02</CNOR>
    <CSUD>5886,512</CSUD>
    <NORD>24942,902</NORD>
    <SARD>1006,231</SARD>
    <SICI>2031,403</SICI>
    <SUD>2695,495</SUD>
  </Fabbisogno>
  <Fabbisogno>
    <Data>20161121</Data>
    <Mercato>MGP</Mercato>
    <Ora>17</Ora>
    <Italia>42021,982</Italia>
    <CNOR>4411,488</CNOR>
    <CSUD>6303,654</CSUD>
    <NORD>25021,17</NORD>
    <SARD>1072,024</SARD>
    <SICI>2208,271</SICI>
    <SUD>3005,375</SUD>
  </Fabbisogno>
  <Fabbisogno>
    <Data>20161121</Data>
    <Mercato>MGP</Mercato>
    <Ora>18</Ora>
    <Italia>44027,229</Italia>
    <CNOR>4682,368</CNOR>
    <CSUD>6906,525</CSUD>
    <NORD>25322,525</NORD>
    <SARD>1195,32</SARD>
    <SICI>2481,903</SICI>
    <SUD>3438,588</SUD>
  </Fabbisogno>
  <Fabbisogno>
    <Data>20161121</Data>
    <Mercato>MGP</Mercato>
    <Ora>19</Ora>
    <Italia>42938,959</Italia>
    <CNOR>4588,933</CNOR>
    <CSUD>6905,575</CSUD>
    <NORD>24224,917</NORD>
    <SARD>1233,176</SARD>
    <SICI>2510,458</SICI>
    <SUD>3475,9</SUD>
  </Fabbisogno>
  <Fabbisogno>
    <Data>20161121</Data>
    <Mercato>MGP</Mercato>
    <Ora>20</Ora>
    <Italia>41645,952</Italia>
    <CNOR>4504,873</CNOR>
    <CSUD>6964,618</CSUD>
    <NORD>23011,108</NORD>
    <SARD>1201,56</SARD>
    <SICI>2535,652</SICI>
    <SUD>3428,141</SUD>
  </Fabbisogno>
  <Fabbisogno>
    <Data>20161121</Data>
    <Mercato>MGP</Mercato>
    <Ora>21</Ora>
    <Italia>39515,636</Italia>
    <CNOR>4171,153</CNOR>
    <CSUD>6625,973</CSUD>
    <NORD>21767,369</NORD>
    <SARD>1184,163</SARD>
    <SICI>2446,878</SICI>
    <SUD>3320,1</SUD>
  </Fabbisogno>
  <Fabbisogno>
    <Data>20161121</Data>
    <Mercato>MGP</Mercato>
    <Ora>22</Ora>
    <Italia>36598,637</Italia>
    <CNOR>3869,413</CNOR>
    <CSUD>6123,361</CSUD>
    <NORD>20236,832</NORD>
    <SARD>1082,582</SARD>
    <SICI>2249,724</SICI>
    <SUD>3036,725</SUD>
  </Fabbisogno>
  <Fabbisogno>
    <Data>20161121</Data>
    <Mercato>MGP</Mercato>
    <Ora>23</Ora>
    <Italia>32545,887</Italia>
    <CNOR>3414,791</CNOR>
    <CSUD>5441,972</CSUD>
    <NORD>18026,255</NORD>
    <SARD>987,368</SARD>
    <SICI>2016,463</SICI>
    <SUD>2659,038</SUD>
  </Fabbisogno>
  <Fabbisogno>
    <Data>20161121</Data>
    <Mercato>MGP</Mercato>
    <Ora>24</Ora>
    <Italia>29137,594</Italia>
    <CNOR>3051,507</CNOR>
    <CSUD>4726,37</CSUD>
    <NORD>16321,91</NORD>
    <SARD>894,708</SARD>
    <SICI>1787,177</SICI>
    <SUD>2355,922</SUD>
  </Fabbisogno>
</NewDataSet>