<?xml version="1.0" standalone="yes"?>
<NewDataSet>
  <xs:schema id="NewDataSet" xmlns="" xmlns:xs="http://www.w3.org/2001/XMLSchema" xmlns:msdata="urn:schemas-microsoft-com:xml-msdata">
    <xs:element name="NewDataSet" msdata:IsDataSet="true" msdata:MainDataTable="marketintervaldetail" msdata:UseCurrentLocale="true">
      <xs:complexType>
        <xs:choice minOccurs="0" maxOccurs="unbounded">
          <xs:element name="marketintervaldetail">
            <xs:complexType>
              <xs:sequence>
                <xs:element name="Data" type="xs:string" minOccurs="0" />
                <xs:element name="Mercato" type="xs:string" minOccurs="0" />
                <xs:element name="Ora" type="xs:string" minOccurs="0" />
                <xs:element name="Totale" type="xs:string" minOccurs="0" />
                <xs:element name="CNOR" type="xs:string" minOccurs="0" />
                <xs:element name="CSUD" type="xs:string" minOccurs="0" />
                <xs:element name="NORD" type="xs:string" minOccurs="0" />
                <xs:element name="SARD" type="xs:string" minOccurs="0" />
                <xs:element name="SICI" type="xs:string" minOccurs="0" />
                <xs:element name="SUD" type="xs:string" minOccurs="0" />
              </xs:sequence>
            </xs:complexType>
          </xs:element>
        </xs:choice>
      </xs:complexType>
    </xs:element>
  </xs:schema>
  <marketintervaldetail>
    <Data>20161126</Data>
    <Mercato>MGP</Mercato>
    <Ora>01</Ora>
    <Totale>27130</Totale>
    <CNOR>2977</CNOR>
    <CSUD>3888</CSUD>
    <NORD>15107</NORD>
    <SARD>819</SARD>
    <SICI>1750</SICI>
    <SUD>2589</SUD>
  </marketintervaldetail>
  <marketintervaldetail>
    <Data>20161126</Data>
    <Mercato>MGP</Mercato>
    <Ora>02</Ora>
    <Totale>25315</Totale>
    <CNOR>2786</CNOR>
    <CSUD>3502</CSUD>
    <NORD>14135</NORD>
    <SARD>777</SARD>
    <SICI>1612</SICI>
    <SUD>2503</SUD>
  </marketintervaldetail>
  <marketintervaldetail>
    <Data>20161126</Data>
    <Mercato>MGP</Mercato>
    <Ora>03</Ora>
    <Totale>24201</Totale>
    <CNOR>2693</CNOR>
    <CSUD>3301</CSUD>
    <NORD>13536</NORD>
    <SARD>756</SARD>
    <SICI>1452</SICI>
    <SUD>2463</SUD>
  </marketintervaldetail>
  <marketintervaldetail>
    <Data>20161126</Data>
    <Mercato>MGP</Mercato>
    <Ora>04</Ora>
    <Totale>23666</Totale>
    <CNOR>2608</CNOR>
    <CSUD>3279</CSUD>
    <NORD>13348</NORD>
    <SARD>746</SARD>
    <SICI>1419</SICI>
    <SUD>2266</SUD>
  </marketintervaldetail>
  <marketintervaldetail>
    <Data>20161126</Data>
    <Mercato>MGP</Mercato>
    <Ora>05</Ora>
    <Totale>23559</Totale>
    <CNOR>2567</CNOR>
    <CSUD>3289</CSUD>
    <NORD>13326</NORD>
    <SARD>749</SARD>
    <SICI>1376</SICI>
    <SUD>2252</SUD>
  </marketintervaldetail>
  <marketintervaldetail>
    <Data>20161126</Data>
    <Mercato>MGP</Mercato>
    <Ora>06</Ora>
    <Totale>23891</Totale>
    <CNOR>2562</CNOR>
    <CSUD>3383</CSUD>
    <NORD>13468</NORD>
    <SARD>779</SARD>
    <SICI>1346</SICI>
    <SUD>2353</SUD>
  </marketintervaldetail>
  <marketintervaldetail>
    <Data>20161126</Data>
    <Mercato>MGP</Mercato>
    <Ora>07</Ora>
    <Totale>26244</Totale>
    <CNOR>2848</CNOR>
    <CSUD>3673</CSUD>
    <NORD>14613</NORD>
    <SARD>1071</SARD>
    <SICI>1480</SICI>
    <SUD>2559</SUD>
  </marketintervaldetail>
  <marketintervaldetail>
    <Data>20161126</Data>
    <Mercato>MGP</Mercato>
    <Ora>08</Ora>
    <Totale>29658</Totale>
    <CNOR>3180</CNOR>
    <CSUD>4095</CSUD>
    <NORD>16958</NORD>
    <SARD>939</SARD>
    <SICI>1610</SICI>
    <SUD>2876</SUD>
  </marketintervaldetail>
  <marketintervaldetail>
    <Data>20161126</Data>
    <Mercato>MGP</Mercato>
    <Ora>09</Ora>
    <Totale>32571</Totale>
    <CNOR>3445</CNOR>
    <CSUD>4535</CSUD>
    <NORD>18488</NORD>
    <SARD>958</SARD>
    <SICI>1773</SICI>
    <SUD>3372</SUD>
  </marketintervaldetail>
  <marketintervaldetail>
    <Data>20161126</Data>
    <Mercato>MGP</Mercato>
    <Ora>10</Ora>
    <Totale>34897</Totale>
    <CNOR>3700</CNOR>
    <CSUD>4701</CSUD>
    <NORD>19758</NORD>
    <SARD>960</SARD>
    <SICI>2033</SICI>
    <SUD>3745</SUD>
  </marketintervaldetail>
  <marketintervaldetail>
    <Data>20161126</Data>
    <Mercato>MGP</Mercato>
    <Ora>11</Ora>
    <Totale>35589</Totale>
    <CNOR>3798</CNOR>
    <CSUD>4940</CSUD>
    <NORD>20278</NORD>
    <SARD>956</SARD>
    <SICI>2048</SICI>
    <SUD>3569</SUD>
  </marketintervaldetail>
  <marketintervaldetail>
    <Data>20161126</Data>
    <Mercato>MGP</Mercato>
    <Ora>12</Ora>
    <Totale>34866</Totale>
    <CNOR>3724</CNOR>
    <CSUD>4871</CSUD>
    <NORD>19902</NORD>
    <SARD>964</SARD>
    <SICI>2084</SICI>
    <SUD>3321</SUD>
  </marketintervaldetail>
  <marketintervaldetail>
    <Data>20161126</Data>
    <Mercato>MGP</Mercato>
    <Ora>13</Ora>
    <Totale>33466</Totale>
    <CNOR>3557</CNOR>
    <CSUD>4797</CSUD>
    <NORD>18850</NORD>
    <SARD>961</SARD>
    <SICI>2081</SICI>
    <SUD>3220</SUD>
  </marketintervaldetail>
  <marketintervaldetail>
    <Data>20161126</Data>
    <Mercato>MGP</Mercato>
    <Ora>14</Ora>
    <Totale>31379</Totale>
    <CNOR>3355</CNOR>
    <CSUD>4696</CSUD>
    <NORD>17436</NORD>
    <SARD>921</SARD>
    <SICI>1853</SICI>
    <SUD>3118</SUD>
  </marketintervaldetail>
  <marketintervaldetail>
    <Data>20161126</Data>
    <Mercato>MGP</Mercato>
    <Ora>15</Ora>
    <Totale>30356</Totale>
    <CNOR>3272</CNOR>
    <CSUD>4635</CSUD>
    <NORD>16797</NORD>
    <SARD>905</SARD>
    <SICI>1761</SICI>
    <SUD>2986</SUD>
  </marketintervaldetail>
  <marketintervaldetail>
    <Data>20161126</Data>
    <Mercato>MGP</Mercato>
    <Ora>16</Ora>
    <Totale>30397</Totale>
    <CNOR>3300</CNOR>
    <CSUD>4681</CSUD>
    <NORD>16719</NORD>
    <SARD>916</SARD>
    <SICI>1759</SICI>
    <SUD>3022</SUD>
  </marketintervaldetail>
  <marketintervaldetail>
    <Data>20161126</Data>
    <Mercato>MGP</Mercato>
    <Ora>17</Ora>
    <Totale>32113</Totale>
    <CNOR>3424</CNOR>
    <CSUD>5020</CSUD>
    <NORD>17356</NORD>
    <SARD>1021</SARD>
    <SICI>1762</SICI>
    <SUD>3530</SUD>
  </marketintervaldetail>
  <marketintervaldetail>
    <Data>20161126</Data>
    <Mercato>MGP</Mercato>
    <Ora>18</Ora>
    <Totale>35117</Totale>
    <CNOR>3716</CNOR>
    <CSUD>5603</CSUD>
    <NORD>18510</NORD>
    <SARD>1138</SARD>
    <SICI>2072</SICI>
    <SUD>4078</SUD>
  </marketintervaldetail>
  <marketintervaldetail>
    <Data>20161126</Data>
    <Mercato>MGP</Mercato>
    <Ora>19</Ora>
    <Totale>35836</Totale>
    <CNOR>3841</CNOR>
    <CSUD>5627</CSUD>
    <NORD>18872</NORD>
    <SARD>1185</SARD>
    <SICI>2126</SICI>
    <SUD>4185</SUD>
  </marketintervaldetail>
  <marketintervaldetail>
    <Data>20161126</Data>
    <Mercato>MGP</Mercato>
    <Ora>20</Ora>
    <Totale>35669</Totale>
    <CNOR>3798</CNOR>
    <CSUD>5759</CSUD>
    <NORD>18624</NORD>
    <SARD>1198</SARD>
    <SICI>2207</SICI>
    <SUD>4083</SUD>
  </marketintervaldetail>
  <marketintervaldetail>
    <Data>20161126</Data>
    <Mercato>MGP</Mercato>
    <Ora>21</Ora>
    <Totale>33574</Totale>
    <CNOR>3531</CNOR>
    <CSUD>5556</CSUD>
    <NORD>17273</NORD>
    <SARD>1181</SARD>
    <SICI>1969</SICI>
    <SUD>4064</SUD>
  </marketintervaldetail>
  <marketintervaldetail>
    <Data>20161126</Data>
    <Mercato>MGP</Mercato>
    <Ora>22</Ora>
    <Totale>31144</Totale>
    <CNOR>3226</CNOR>
    <CSUD>5096</CSUD>
    <NORD>16281</NORD>
    <SARD>1100</SARD>
    <SICI>1713</SICI>
    <SUD>3728</SUD>
  </marketintervaldetail>
  <marketintervaldetail>
    <Data>20161126</Data>
    <Mercato>MGP</Mercato>
    <Ora>23</Ora>
    <Totale>28612</Totale>
    <CNOR>3006</CNOR>
    <CSUD>4665</CSUD>
    <NORD>14957</NORD>
    <SARD>1024</SARD>
    <SICI>1554</SICI>
    <SUD>3406</SUD>
  </marketintervaldetail>
  <marketintervaldetail>
    <Data>20161126</Data>
    <Mercato>MGP</Mercato>
    <Ora>24</Ora>
    <Totale>26271</Totale>
    <CNOR>2741</CNOR>
    <CSUD>4153</CSUD>
    <NORD>13828</NORD>
    <SARD>971</SARD>
    <SICI>1578</SICI>
    <SUD>3000</SUD>
  </marketintervaldetail>
</NewDataSet>