<?xml version="1.0" standalone="yes"?>
<NewDataSet>
  <xs:schema id="NewDataSet" xmlns="" xmlns:xs="http://www.w3.org/2001/XMLSchema" xmlns:msdata="urn:schemas-microsoft-com:xml-msdata">
    <xs:element name="NewDataSet" msdata:IsDataSet="true" msdata:MainDataTable="marketintervaldetail" msdata:UseCurrentLocale="true">
      <xs:complexType>
        <xs:choice minOccurs="0" maxOccurs="unbounded">
          <xs:element name="marketintervaldetail">
            <xs:complexType>
              <xs:sequence>
                <xs:element name="Data" type="xs:string" minOccurs="0" />
                <xs:element name="Mercato" type="xs:string" minOccurs="0" />
                <xs:element name="Ora" type="xs:string" minOccurs="0" />
                <xs:element name="Totale" type="xs:string" minOccurs="0" />
                <xs:element name="CNOR" type="xs:string" minOccurs="0" />
                <xs:element name="CSUD" type="xs:string" minOccurs="0" />
                <xs:element name="NORD" type="xs:string" minOccurs="0" />
                <xs:element name="SARD" type="xs:string" minOccurs="0" />
                <xs:element name="SICI" type="xs:string" minOccurs="0" />
                <xs:element name="SUD" type="xs:string" minOccurs="0" />
              </xs:sequence>
            </xs:complexType>
          </xs:element>
        </xs:choice>
      </xs:complexType>
    </xs:element>
  </xs:schema>
  <marketintervaldetail>
    <Data>20161108</Data>
    <Mercato>MGP</Mercato>
    <Ora>01</Ora>
    <Totale>26592</Totale>
    <CNOR>3500</CNOR>
    <CSUD>4010</CSUD>
    <NORD>14413</NORD>
    <SARD>831</SARD>
    <SICI>1550</SICI>
    <SUD>2288</SUD>
  </marketintervaldetail>
  <marketintervaldetail>
    <Data>20161108</Data>
    <Mercato>MGP</Mercato>
    <Ora>02</Ora>
    <Totale>24884</Totale>
    <CNOR>3322</CNOR>
    <CSUD>3708</CSUD>
    <NORD>13603</NORD>
    <SARD>804</SARD>
    <SICI>1436</SICI>
    <SUD>2011</SUD>
  </marketintervaldetail>
  <marketintervaldetail>
    <Data>20161108</Data>
    <Mercato>MGP</Mercato>
    <Ora>03</Ora>
    <Totale>24156</Totale>
    <CNOR>3229</CNOR>
    <CSUD>3554</CSUD>
    <NORD>13238</NORD>
    <SARD>773</SARD>
    <SICI>1397</SICI>
    <SUD>1965</SUD>
  </marketintervaldetail>
  <marketintervaldetail>
    <Data>20161108</Data>
    <Mercato>MGP</Mercato>
    <Ora>04</Ora>
    <Totale>23864</Totale>
    <CNOR>3065</CNOR>
    <CSUD>3531</CSUD>
    <NORD>13256</NORD>
    <SARD>767</SARD>
    <SICI>1362</SICI>
    <SUD>1883</SUD>
  </marketintervaldetail>
  <marketintervaldetail>
    <Data>20161108</Data>
    <Mercato>MGP</Mercato>
    <Ora>05</Ora>
    <Totale>24142</Totale>
    <CNOR>3094</CNOR>
    <CSUD>3574</CSUD>
    <NORD>13435</NORD>
    <SARD>769</SARD>
    <SICI>1382</SICI>
    <SUD>1888</SUD>
  </marketintervaldetail>
  <marketintervaldetail>
    <Data>20161108</Data>
    <Mercato>MGP</Mercato>
    <Ora>06</Ora>
    <Totale>25684</Totale>
    <CNOR>3280</CNOR>
    <CSUD>3780</CSUD>
    <NORD>14370</NORD>
    <SARD>795</SARD>
    <SICI>1445</SICI>
    <SUD>2014</SUD>
  </marketintervaldetail>
  <marketintervaldetail>
    <Data>20161108</Data>
    <Mercato>MGP</Mercato>
    <Ora>07</Ora>
    <Totale>30542</Totale>
    <CNOR>3631</CNOR>
    <CSUD>4430</CSUD>
    <NORD>17735</NORD>
    <SARD>883</SARD>
    <SICI>1608</SICI>
    <SUD>2255</SUD>
  </marketintervaldetail>
  <marketintervaldetail>
    <Data>20161108</Data>
    <Mercato>MGP</Mercato>
    <Ora>08</Ora>
    <Totale>36086</Totale>
    <CNOR>3871</CNOR>
    <CSUD>5017</CSUD>
    <NORD>21760</NORD>
    <SARD>986</SARD>
    <SICI>1832</SICI>
    <SUD>2620</SUD>
  </marketintervaldetail>
  <marketintervaldetail>
    <Data>20161108</Data>
    <Mercato>MGP</Mercato>
    <Ora>09</Ora>
    <Totale>41107</Totale>
    <CNOR>4361</CNOR>
    <CSUD>5527</CSUD>
    <NORD>25191</NORD>
    <SARD>1067</SARD>
    <SICI>2006</SICI>
    <SUD>2955</SUD>
  </marketintervaldetail>
  <marketintervaldetail>
    <Data>20161108</Data>
    <Mercato>MGP</Mercato>
    <Ora>10</Ora>
    <Totale>43146</Totale>
    <CNOR>4573</CNOR>
    <CSUD>5890</CSUD>
    <NORD>26672</NORD>
    <SARD>1076</SARD>
    <SICI>2089</SICI>
    <SUD>2846</SUD>
  </marketintervaldetail>
  <marketintervaldetail>
    <Data>20161108</Data>
    <Mercato>MGP</Mercato>
    <Ora>11</Ora>
    <Totale>42880</Totale>
    <CNOR>4571</CNOR>
    <CSUD>5759</CSUD>
    <NORD>26746</NORD>
    <SARD>1066</SARD>
    <SICI>1942</SICI>
    <SUD>2796</SUD>
  </marketintervaldetail>
  <marketintervaldetail>
    <Data>20161108</Data>
    <Mercato>MGP</Mercato>
    <Ora>12</Ora>
    <Totale>42373</Totale>
    <CNOR>4485</CNOR>
    <CSUD>5770</CSUD>
    <NORD>26471</NORD>
    <SARD>1029</SARD>
    <SICI>1870</SICI>
    <SUD>2748</SUD>
  </marketintervaldetail>
  <marketintervaldetail>
    <Data>20161108</Data>
    <Mercato>MGP</Mercato>
    <Ora>13</Ora>
    <Totale>39555</Totale>
    <CNOR>4210</CNOR>
    <CSUD>5749</CSUD>
    <NORD>23945</NORD>
    <SARD>975</SARD>
    <SICI>1842</SICI>
    <SUD>2834</SUD>
  </marketintervaldetail>
  <marketintervaldetail>
    <Data>20161108</Data>
    <Mercato>MGP</Mercato>
    <Ora>14</Ora>
    <Totale>39094</Totale>
    <CNOR>4152</CNOR>
    <CSUD>5758</CSUD>
    <NORD>23626</NORD>
    <SARD>968</SARD>
    <SICI>1849</SICI>
    <SUD>2741</SUD>
  </marketintervaldetail>
  <marketintervaldetail>
    <Data>20161108</Data>
    <Mercato>MGP</Mercato>
    <Ora>15</Ora>
    <Totale>41223</Totale>
    <CNOR>4445</CNOR>
    <CSUD>5844</CSUD>
    <NORD>25216</NORD>
    <SARD>956</SARD>
    <SICI>1964</SICI>
    <SUD>2798</SUD>
  </marketintervaldetail>
  <marketintervaldetail>
    <Data>20161108</Data>
    <Mercato>MGP</Mercato>
    <Ora>16</Ora>
    <Totale>41978</Totale>
    <CNOR>4634</CNOR>
    <CSUD>5901</CSUD>
    <NORD>25579</NORD>
    <SARD>977</SARD>
    <SICI>2042</SICI>
    <SUD>2845</SUD>
  </marketintervaldetail>
  <marketintervaldetail>
    <Data>20161108</Data>
    <Mercato>MGP</Mercato>
    <Ora>17</Ora>
    <Totale>42825</Totale>
    <CNOR>4794</CNOR>
    <CSUD>5987</CSUD>
    <NORD>26195</NORD>
    <SARD>1010</SARD>
    <SICI>2162</SICI>
    <SUD>2677</SUD>
  </marketintervaldetail>
  <marketintervaldetail>
    <Data>20161108</Data>
    <Mercato>MGP</Mercato>
    <Ora>18</Ora>
    <Totale>45662</Totale>
    <CNOR>5063</CNOR>
    <CSUD>6507</CSUD>
    <NORD>27210</NORD>
    <SARD>1109</SARD>
    <SICI>2419</SICI>
    <SUD>3354</SUD>
  </marketintervaldetail>
  <marketintervaldetail>
    <Data>20161108</Data>
    <Mercato>MGP</Mercato>
    <Ora>19</Ora>
    <Totale>45052</Totale>
    <CNOR>4907</CNOR>
    <CSUD>6633</CSUD>
    <NORD>26394</NORD>
    <SARD>1161</SARD>
    <SICI>2506</SICI>
    <SUD>3451</SUD>
  </marketintervaldetail>
  <marketintervaldetail>
    <Data>20161108</Data>
    <Mercato>MGP</Mercato>
    <Ora>20</Ora>
    <Totale>43823</Totale>
    <CNOR>4774</CNOR>
    <CSUD>6650</CSUD>
    <NORD>25301</NORD>
    <SARD>1163</SARD>
    <SICI>2518</SICI>
    <SUD>3417</SUD>
  </marketintervaldetail>
  <marketintervaldetail>
    <Data>20161108</Data>
    <Mercato>MGP</Mercato>
    <Ora>21</Ora>
    <Totale>41237</Totale>
    <CNOR>4464</CNOR>
    <CSUD>6338</CSUD>
    <NORD>23545</NORD>
    <SARD>1139</SARD>
    <SICI>2391</SICI>
    <SUD>3360</SUD>
  </marketintervaldetail>
  <marketintervaldetail>
    <Data>20161108</Data>
    <Mercato>MGP</Mercato>
    <Ora>22</Ora>
    <Totale>38138</Totale>
    <CNOR>4111</CNOR>
    <CSUD>5912</CSUD>
    <NORD>21630</NORD>
    <SARD>1063</SARD>
    <SICI>2216</SICI>
    <SUD>3206</SUD>
  </marketintervaldetail>
  <marketintervaldetail>
    <Data>20161108</Data>
    <Mercato>MGP</Mercato>
    <Ora>23</Ora>
    <Totale>33866</Totale>
    <CNOR>3711</CNOR>
    <CSUD>5213</CSUD>
    <NORD>19056</NORD>
    <SARD>980</SARD>
    <SICI>2000</SICI>
    <SUD>2906</SUD>
  </marketintervaldetail>
  <marketintervaldetail>
    <Data>20161108</Data>
    <Mercato>MGP</Mercato>
    <Ora>24</Ora>
    <Totale>30301</Totale>
    <CNOR>3394</CNOR>
    <CSUD>4577</CSUD>
    <NORD>17038</NORD>
    <SARD>896</SARD>
    <SICI>1841</SICI>
    <SUD>2555</SUD>
  </marketintervaldetail>
</NewDataSet>