<?xml version="1.0" standalone="yes"?>
<NewDataSet>
  <xs:schema id="NewDataSet" xmlns="" xmlns:xs="http://www.w3.org/2001/XMLSchema" xmlns:msdata="urn:schemas-microsoft-com:xml-msdata">
    <xs:element name="NewDataSet" msdata:IsDataSet="true" msdata:MainDataTable="marketintervaldetail" msdata:UseCurrentLocale="true">
      <xs:complexType>
        <xs:choice minOccurs="0" maxOccurs="unbounded">
          <xs:element name="marketintervaldetail">
            <xs:complexType>
              <xs:sequence>
                <xs:element name="Data" type="xs:string" minOccurs="0" />
                <xs:element name="Mercato" type="xs:string" minOccurs="0" />
                <xs:element name="Ora" type="xs:string" minOccurs="0" />
                <xs:element name="Totale" type="xs:string" minOccurs="0" />
                <xs:element name="CNOR" type="xs:string" minOccurs="0" />
                <xs:element name="CSUD" type="xs:string" minOccurs="0" />
                <xs:element name="NORD" type="xs:string" minOccurs="0" />
                <xs:element name="SARD" type="xs:string" minOccurs="0" />
                <xs:element name="SICI" type="xs:string" minOccurs="0" />
                <xs:element name="SUD" type="xs:string" minOccurs="0" />
              </xs:sequence>
            </xs:complexType>
          </xs:element>
        </xs:choice>
      </xs:complexType>
    </xs:element>
  </xs:schema>
  <marketintervaldetail>
    <Data>20161125</Data>
    <Mercato>MGP</Mercato>
    <Ora>01</Ora>
    <Totale>27721</Totale>
    <CNOR>3855</CNOR>
    <CSUD>4136</CSUD>
    <NORD>15652</NORD>
    <SARD>750</SARD>
    <SICI>1601</SICI>
    <SUD>1727</SUD>
  </marketintervaldetail>
  <marketintervaldetail>
    <Data>20161125</Data>
    <Mercato>MGP</Mercato>
    <Ora>02</Ora>
    <Totale>25852</Totale>
    <CNOR>3515</CNOR>
    <CSUD>3880</CSUD>
    <NORD>14623</NORD>
    <SARD>623</SARD>
    <SICI>1493</SICI>
    <SUD>1718</SUD>
  </marketintervaldetail>
  <marketintervaldetail>
    <Data>20161125</Data>
    <Mercato>MGP</Mercato>
    <Ora>03</Ora>
    <Totale>24986</Totale>
    <CNOR>3364</CNOR>
    <CSUD>3640</CSUD>
    <NORD>14332</NORD>
    <SARD>567</SARD>
    <SICI>1446</SICI>
    <SUD>1637</SUD>
  </marketintervaldetail>
  <marketintervaldetail>
    <Data>20161125</Data>
    <Mercato>MGP</Mercato>
    <Ora>04</Ora>
    <Totale>24720</Totale>
    <CNOR>3395</CNOR>
    <CSUD>3426</CSUD>
    <NORD>14389</NORD>
    <SARD>564</SARD>
    <SICI>1446</SICI>
    <SUD>1500</SUD>
  </marketintervaldetail>
  <marketintervaldetail>
    <Data>20161125</Data>
    <Mercato>MGP</Mercato>
    <Ora>05</Ora>
    <Totale>24770</Totale>
    <CNOR>3320</CNOR>
    <CSUD>3602</CSUD>
    <NORD>14338</NORD>
    <SARD>573</SARD>
    <SICI>1504</SICI>
    <SUD>1433</SUD>
  </marketintervaldetail>
  <marketintervaldetail>
    <Data>20161125</Data>
    <Mercato>MGP</Mercato>
    <Ora>06</Ora>
    <Totale>26285</Totale>
    <CNOR>3555</CNOR>
    <CSUD>3879</CSUD>
    <NORD>15166</NORD>
    <SARD>650</SARD>
    <SICI>1600</SICI>
    <SUD>1435</SUD>
  </marketintervaldetail>
  <marketintervaldetail>
    <Data>20161125</Data>
    <Mercato>MGP</Mercato>
    <Ora>07</Ora>
    <Totale>31180</Totale>
    <CNOR>4502</CNOR>
    <CSUD>4116</CSUD>
    <NORD>18482</NORD>
    <SARD>837</SARD>
    <SICI>1785</SICI>
    <SUD>1458</SUD>
  </marketintervaldetail>
  <marketintervaldetail>
    <Data>20161125</Data>
    <Mercato>MGP</Mercato>
    <Ora>08</Ora>
    <Totale>37343</Totale>
    <CNOR>5403</CNOR>
    <CSUD>5283</CSUD>
    <NORD>22082</NORD>
    <SARD>1117</SARD>
    <SICI>1971</SICI>
    <SUD>1487</SUD>
  </marketintervaldetail>
  <marketintervaldetail>
    <Data>20161125</Data>
    <Mercato>MGP</Mercato>
    <Ora>09</Ora>
    <Totale>41672</Totale>
    <CNOR>6466</CNOR>
    <CSUD>6069</CSUD>
    <NORD>24355</NORD>
    <SARD>1137</SARD>
    <SICI>2121</SICI>
    <SUD>1524</SUD>
  </marketintervaldetail>
  <marketintervaldetail>
    <Data>20161125</Data>
    <Mercato>MGP</Mercato>
    <Ora>10</Ora>
    <Totale>43187</Totale>
    <CNOR>6812</CNOR>
    <CSUD>6170</CSUD>
    <NORD>25391</NORD>
    <SARD>1034</SARD>
    <SICI>2271</SICI>
    <SUD>1509</SUD>
  </marketintervaldetail>
  <marketintervaldetail>
    <Data>20161125</Data>
    <Mercato>MGP</Mercato>
    <Ora>11</Ora>
    <Totale>43430</Totale>
    <CNOR>6724</CNOR>
    <CSUD>5978</CSUD>
    <NORD>26182</NORD>
    <SARD>907</SARD>
    <SICI>2235</SICI>
    <SUD>1404</SUD>
  </marketintervaldetail>
  <marketintervaldetail>
    <Data>20161125</Data>
    <Mercato>MGP</Mercato>
    <Ora>12</Ora>
    <Totale>42892</Totale>
    <CNOR>6581</CNOR>
    <CSUD>6122</CSUD>
    <NORD>26027</NORD>
    <SARD>816</SARD>
    <SICI>2096</SICI>
    <SUD>1250</SUD>
  </marketintervaldetail>
  <marketintervaldetail>
    <Data>20161125</Data>
    <Mercato>MGP</Mercato>
    <Ora>13</Ora>
    <Totale>40573</Totale>
    <CNOR>6130</CNOR>
    <CSUD>6071</CSUD>
    <NORD>24327</NORD>
    <SARD>788</SARD>
    <SICI>2075</SICI>
    <SUD>1182</SUD>
  </marketintervaldetail>
  <marketintervaldetail>
    <Data>20161125</Data>
    <Mercato>MGP</Mercato>
    <Ora>14</Ora>
    <Totale>39937</Totale>
    <CNOR>5882</CNOR>
    <CSUD>5902</CSUD>
    <NORD>24064</NORD>
    <SARD>906</SARD>
    <SICI>2063</SICI>
    <SUD>1120</SUD>
  </marketintervaldetail>
  <marketintervaldetail>
    <Data>20161125</Data>
    <Mercato>MGP</Mercato>
    <Ora>15</Ora>
    <Totale>41173</Totale>
    <CNOR>6210</CNOR>
    <CSUD>6013</CSUD>
    <NORD>24611</NORD>
    <SARD>920</SARD>
    <SICI>2114</SICI>
    <SUD>1305</SUD>
  </marketintervaldetail>
  <marketintervaldetail>
    <Data>20161125</Data>
    <Mercato>MGP</Mercato>
    <Ora>16</Ora>
    <Totale>42115</Totale>
    <CNOR>6521</CNOR>
    <CSUD>6374</CSUD>
    <NORD>24486</NORD>
    <SARD>991</SARD>
    <SICI>2193</SICI>
    <SUD>1550</SUD>
  </marketintervaldetail>
  <marketintervaldetail>
    <Data>20161125</Data>
    <Mercato>MGP</Mercato>
    <Ora>17</Ora>
    <Totale>43280</Totale>
    <CNOR>6749</CNOR>
    <CSUD>6263</CSUD>
    <NORD>24866</NORD>
    <SARD>1167</SARD>
    <SICI>2349</SICI>
    <SUD>1886</SUD>
  </marketintervaldetail>
  <marketintervaldetail>
    <Data>20161125</Data>
    <Mercato>MGP</Mercato>
    <Ora>18</Ora>
    <Totale>45156</Totale>
    <CNOR>7152</CNOR>
    <CSUD>6800</CSUD>
    <NORD>25118</NORD>
    <SARD>1409</SARD>
    <SICI>2602</SICI>
    <SUD>2075</SUD>
  </marketintervaldetail>
  <marketintervaldetail>
    <Data>20161125</Data>
    <Mercato>MGP</Mercato>
    <Ora>19</Ora>
    <Totale>43945</Totale>
    <CNOR>6903</CNOR>
    <CSUD>6840</CSUD>
    <NORD>24173</NORD>
    <SARD>1473</SARD>
    <SICI>2591</SICI>
    <SUD>1965</SUD>
  </marketintervaldetail>
  <marketintervaldetail>
    <Data>20161125</Data>
    <Mercato>MGP</Mercato>
    <Ora>20</Ora>
    <Totale>42699</Totale>
    <CNOR>6617</CNOR>
    <CSUD>6808</CSUD>
    <NORD>23102</NORD>
    <SARD>1469</SARD>
    <SICI>2625</SICI>
    <SUD>2078</SUD>
  </marketintervaldetail>
  <marketintervaldetail>
    <Data>20161125</Data>
    <Mercato>MGP</Mercato>
    <Ora>21</Ora>
    <Totale>40203</Totale>
    <CNOR>6016</CNOR>
    <CSUD>6225</CSUD>
    <NORD>22134</NORD>
    <SARD>1422</SARD>
    <SICI>2588</SICI>
    <SUD>1818</SUD>
  </marketintervaldetail>
  <marketintervaldetail>
    <Data>20161125</Data>
    <Mercato>MGP</Mercato>
    <Ora>22</Ora>
    <Totale>37029</Totale>
    <CNOR>5519</CNOR>
    <CSUD>5337</CSUD>
    <NORD>20775</NORD>
    <SARD>1365</SARD>
    <SICI>2419</SICI>
    <SUD>1614</SUD>
  </marketintervaldetail>
  <marketintervaldetail>
    <Data>20161125</Data>
    <Mercato>MGP</Mercato>
    <Ora>23</Ora>
    <Totale>33333</Totale>
    <CNOR>4897</CNOR>
    <CSUD>4542</CSUD>
    <NORD>18883</NORD>
    <SARD>1264</SARD>
    <SICI>2218</SICI>
    <SUD>1529</SUD>
  </marketintervaldetail>
  <marketintervaldetail>
    <Data>20161125</Data>
    <Mercato>MGP</Mercato>
    <Ora>24</Ora>
    <Totale>29847</Totale>
    <CNOR>4397</CNOR>
    <CSUD>4067</CSUD>
    <NORD>17270</NORD>
    <SARD>969</SARD>
    <SICI>2020</SICI>
    <SUD>1124</SUD>
  </marketintervaldetail>
</NewDataSet>