<?xml version="1.0" standalone="yes"?>
<NewDataSet>
  <xs:schema id="NewDataSet" xmlns="" xmlns:xs="http://www.w3.org/2001/XMLSchema" xmlns:msdata="urn:schemas-microsoft-com:xml-msdata">
    <xs:element name="NewDataSet" msdata:IsDataSet="true" msdata:MainDataTable="marketintervaldetail" msdata:UseCurrentLocale="true">
      <xs:complexType>
        <xs:choice minOccurs="0" maxOccurs="unbounded">
          <xs:element name="marketintervaldetail">
            <xs:complexType>
              <xs:sequence>
                <xs:element name="Data" type="xs:string" minOccurs="0" />
                <xs:element name="Mercato" type="xs:string" minOccurs="0" />
                <xs:element name="Ora" type="xs:string" minOccurs="0" />
                <xs:element name="Totale" type="xs:string" minOccurs="0" />
                <xs:element name="CNOR" type="xs:string" minOccurs="0" />
                <xs:element name="CSUD" type="xs:string" minOccurs="0" />
                <xs:element name="NORD" type="xs:string" minOccurs="0" />
                <xs:element name="SARD" type="xs:string" minOccurs="0" />
                <xs:element name="SICI" type="xs:string" minOccurs="0" />
                <xs:element name="SUD" type="xs:string" minOccurs="0" />
              </xs:sequence>
            </xs:complexType>
          </xs:element>
        </xs:choice>
      </xs:complexType>
    </xs:element>
  </xs:schema>
  <marketintervaldetail>
    <Data>20161106</Data>
    <Mercato>MGP</Mercato>
    <Ora>01</Ora>
    <Totale>23844</Totale>
    <CNOR>3028</CNOR>
    <CSUD>3850</CSUD>
    <NORD>12250</NORD>
    <SARD>791</SARD>
    <SICI>1665</SICI>
    <SUD>2260</SUD>
  </marketintervaldetail>
  <marketintervaldetail>
    <Data>20161106</Data>
    <Mercato>MGP</Mercato>
    <Ora>02</Ora>
    <Totale>22199</Totale>
    <CNOR>2652</CNOR>
    <CSUD>3494</CSUD>
    <NORD>11684</NORD>
    <SARD>759</SARD>
    <SICI>1539</SICI>
    <SUD>2071</SUD>
  </marketintervaldetail>
  <marketintervaldetail>
    <Data>20161106</Data>
    <Mercato>MGP</Mercato>
    <Ora>03</Ora>
    <Totale>21172</Totale>
    <CNOR>2617</CNOR>
    <CSUD>3252</CSUD>
    <NORD>11021</NORD>
    <SARD>729</SARD>
    <SICI>1473</SICI>
    <SUD>2080</SUD>
  </marketintervaldetail>
  <marketintervaldetail>
    <Data>20161106</Data>
    <Mercato>MGP</Mercato>
    <Ora>04</Ora>
    <Totale>20336</Totale>
    <CNOR>2363</CNOR>
    <CSUD>3082</CSUD>
    <NORD>10825</NORD>
    <SARD>711</SARD>
    <SICI>1418</SICI>
    <SUD>1937</SUD>
  </marketintervaldetail>
  <marketintervaldetail>
    <Data>20161106</Data>
    <Mercato>MGP</Mercato>
    <Ora>05</Ora>
    <Totale>20329</Totale>
    <CNOR>2306</CNOR>
    <CSUD>3035</CSUD>
    <NORD>10887</NORD>
    <SARD>712</SARD>
    <SICI>1431</SICI>
    <SUD>1958</SUD>
  </marketintervaldetail>
  <marketintervaldetail>
    <Data>20161106</Data>
    <Mercato>MGP</Mercato>
    <Ora>06</Ora>
    <Totale>20699</Totale>
    <CNOR>2499</CNOR>
    <CSUD>3002</CSUD>
    <NORD>11011</NORD>
    <SARD>722</SARD>
    <SICI>1458</SICI>
    <SUD>2007</SUD>
  </marketintervaldetail>
  <marketintervaldetail>
    <Data>20161106</Data>
    <Mercato>MGP</Mercato>
    <Ora>07</Ora>
    <Totale>21531</Totale>
    <CNOR>2766</CNOR>
    <CSUD>3143</CSUD>
    <NORD>11315</NORD>
    <SARD>754</SARD>
    <SICI>1505</SICI>
    <SUD>2048</SUD>
  </marketintervaldetail>
  <marketintervaldetail>
    <Data>20161106</Data>
    <Mercato>MGP</Mercato>
    <Ora>08</Ora>
    <Totale>22647</Totale>
    <CNOR>2795</CNOR>
    <CSUD>3384</CSUD>
    <NORD>11876</NORD>
    <SARD>781</SARD>
    <SICI>1705</SICI>
    <SUD>2106</SUD>
  </marketintervaldetail>
  <marketintervaldetail>
    <Data>20161106</Data>
    <Mercato>MGP</Mercato>
    <Ora>09</Ora>
    <Totale>24588</Totale>
    <CNOR>3091</CNOR>
    <CSUD>3816</CSUD>
    <NORD>12621</NORD>
    <SARD>847</SARD>
    <SICI>1927</SICI>
    <SUD>2286</SUD>
  </marketintervaldetail>
  <marketintervaldetail>
    <Data>20161106</Data>
    <Mercato>MGP</Mercato>
    <Ora>10</Ora>
    <Totale>26448</Totale>
    <CNOR>3398</CNOR>
    <CSUD>4407</CSUD>
    <NORD>13156</NORD>
    <SARD>888</SARD>
    <SICI>2037</SICI>
    <SUD>2562</SUD>
  </marketintervaldetail>
  <marketintervaldetail>
    <Data>20161106</Data>
    <Mercato>MGP</Mercato>
    <Ora>11</Ora>
    <Totale>26839</Totale>
    <CNOR>3558</CNOR>
    <CSUD>4417</CSUD>
    <NORD>13345</NORD>
    <SARD>862</SARD>
    <SICI>2059</SICI>
    <SUD>2598</SUD>
  </marketintervaldetail>
  <marketintervaldetail>
    <Data>20161106</Data>
    <Mercato>MGP</Mercato>
    <Ora>12</Ora>
    <Totale>26874</Totale>
    <CNOR>3580</CNOR>
    <CSUD>4389</CSUD>
    <NORD>13655</NORD>
    <SARD>867</SARD>
    <SICI>1955</SICI>
    <SUD>2428</SUD>
  </marketintervaldetail>
  <marketintervaldetail>
    <Data>20161106</Data>
    <Mercato>MGP</Mercato>
    <Ora>13</Ora>
    <Totale>26683</Totale>
    <CNOR>3386</CNOR>
    <CSUD>4473</CSUD>
    <NORD>13608</NORD>
    <SARD>857</SARD>
    <SICI>1971</SICI>
    <SUD>2388</SUD>
  </marketintervaldetail>
  <marketintervaldetail>
    <Data>20161106</Data>
    <Mercato>MGP</Mercato>
    <Ora>14</Ora>
    <Totale>25079</Totale>
    <CNOR>3315</CNOR>
    <CSUD>4304</CSUD>
    <NORD>12586</NORD>
    <SARD>826</SARD>
    <SICI>1851</SICI>
    <SUD>2197</SUD>
  </marketintervaldetail>
  <marketintervaldetail>
    <Data>20161106</Data>
    <Mercato>MGP</Mercato>
    <Ora>15</Ora>
    <Totale>24722</Totale>
    <CNOR>3206</CNOR>
    <CSUD>4103</CSUD>
    <NORD>12655</NORD>
    <SARD>786</SARD>
    <SICI>1732</SICI>
    <SUD>2240</SUD>
  </marketintervaldetail>
  <marketintervaldetail>
    <Data>20161106</Data>
    <Mercato>MGP</Mercato>
    <Ora>16</Ora>
    <Totale>24943</Totale>
    <CNOR>2960</CNOR>
    <CSUD>4013</CSUD>
    <NORD>13004</NORD>
    <SARD>801</SARD>
    <SICI>1818</SICI>
    <SUD>2347</SUD>
  </marketintervaldetail>
  <marketintervaldetail>
    <Data>20161106</Data>
    <Mercato>MGP</Mercato>
    <Ora>17</Ora>
    <Totale>25223</Totale>
    <CNOR>3049</CNOR>
    <CSUD>4143</CSUD>
    <NORD>13193</NORD>
    <SARD>830</SARD>
    <SICI>1851</SICI>
    <SUD>2157</SUD>
  </marketintervaldetail>
  <marketintervaldetail>
    <Data>20161106</Data>
    <Mercato>MGP</Mercato>
    <Ora>18</Ora>
    <Totale>28255</Totale>
    <CNOR>3111</CNOR>
    <CSUD>4800</CSUD>
    <NORD>14850</NORD>
    <SARD>883</SARD>
    <SICI>1994</SICI>
    <SUD>2617</SUD>
  </marketintervaldetail>
  <marketintervaldetail>
    <Data>20161106</Data>
    <Mercato>MGP</Mercato>
    <Ora>19</Ora>
    <Totale>30086</Totale>
    <CNOR>3256</CNOR>
    <CSUD>5066</CSUD>
    <NORD>16015</NORD>
    <SARD>960</SARD>
    <SICI>2051</SICI>
    <SUD>2738</SUD>
  </marketintervaldetail>
  <marketintervaldetail>
    <Data>20161106</Data>
    <Mercato>MGP</Mercato>
    <Ora>20</Ora>
    <Totale>30533</Totale>
    <CNOR>3429</CNOR>
    <CSUD>5124</CSUD>
    <NORD>16147</NORD>
    <SARD>985</SARD>
    <SICI>2044</SICI>
    <SUD>2804</SUD>
  </marketintervaldetail>
  <marketintervaldetail>
    <Data>20161106</Data>
    <Mercato>MGP</Mercato>
    <Ora>21</Ora>
    <Totale>29589</Totale>
    <CNOR>3312</CNOR>
    <CSUD>4989</CSUD>
    <NORD>15377</NORD>
    <SARD>984</SARD>
    <SICI>2038</SICI>
    <SUD>2889</SUD>
  </marketintervaldetail>
  <marketintervaldetail>
    <Data>20161106</Data>
    <Mercato>MGP</Mercato>
    <Ora>22</Ora>
    <Totale>28196</Totale>
    <CNOR>3128</CNOR>
    <CSUD>4776</CSUD>
    <NORD>14612</NORD>
    <SARD>956</SARD>
    <SICI>1946</SICI>
    <SUD>2778</SUD>
  </marketintervaldetail>
  <marketintervaldetail>
    <Data>20161106</Data>
    <Mercato>MGP</Mercato>
    <Ora>23</Ora>
    <Totale>26131</Totale>
    <CNOR>3008</CNOR>
    <CSUD>4392</CSUD>
    <NORD>13407</NORD>
    <SARD>882</SARD>
    <SICI>1835</SICI>
    <SUD>2607</SUD>
  </marketintervaldetail>
  <marketintervaldetail>
    <Data>20161106</Data>
    <Mercato>MGP</Mercato>
    <Ora>24</Ora>
    <Totale>23956</Totale>
    <CNOR>2764</CNOR>
    <CSUD>3931</CSUD>
    <NORD>12394</NORD>
    <SARD>818</SARD>
    <SICI>1685</SICI>
    <SUD>2364</SUD>
  </marketintervaldetail>
</NewDataSet>