<?xml version="1.0" standalone="yes"?>
<NewDataSet>
  <xs:schema id="NewDataSet" xmlns="" xmlns:xs="http://www.w3.org/2001/XMLSchema" xmlns:msdata="urn:schemas-microsoft-com:xml-msdata">
    <xs:element name="NewDataSet" msdata:IsDataSet="true" msdata:MainDataTable="marketintervaldetail" msdata:UseCurrentLocale="true">
      <xs:complexType>
        <xs:choice minOccurs="0" maxOccurs="unbounded">
          <xs:element name="marketintervaldetail">
            <xs:complexType>
              <xs:sequence>
                <xs:element name="Data" type="xs:string" minOccurs="0" />
                <xs:element name="Mercato" type="xs:string" minOccurs="0" />
                <xs:element name="Ora" type="xs:string" minOccurs="0" />
                <xs:element name="Totale" type="xs:string" minOccurs="0" />
                <xs:element name="CNOR" type="xs:string" minOccurs="0" />
                <xs:element name="CSUD" type="xs:string" minOccurs="0" />
                <xs:element name="NORD" type="xs:string" minOccurs="0" />
                <xs:element name="SARD" type="xs:string" minOccurs="0" />
                <xs:element name="SICI" type="xs:string" minOccurs="0" />
                <xs:element name="SUD" type="xs:string" minOccurs="0" />
              </xs:sequence>
            </xs:complexType>
          </xs:element>
        </xs:choice>
      </xs:complexType>
    </xs:element>
  </xs:schema>
  <marketintervaldetail>
    <Data>20161113</Data>
    <Mercato>MGP</Mercato>
    <Ora>01</Ora>
    <Totale>23569</Totale>
    <CNOR>2813</CNOR>
    <CSUD>3641</CSUD>
    <NORD>12084</NORD>
    <SARD>849</SARD>
    <SICI>1601</SICI>
    <SUD>2581</SUD>
  </marketintervaldetail>
  <marketintervaldetail>
    <Data>20161113</Data>
    <Mercato>MGP</Mercato>
    <Ora>02</Ora>
    <Totale>21916</Totale>
    <CNOR>2667</CNOR>
    <CSUD>3291</CSUD>
    <NORD>11229</NORD>
    <SARD>806</SARD>
    <SICI>1523</SICI>
    <SUD>2400</SUD>
  </marketintervaldetail>
  <marketintervaldetail>
    <Data>20161113</Data>
    <Mercato>MGP</Mercato>
    <Ora>03</Ora>
    <Totale>21102</Totale>
    <CNOR>2603</CNOR>
    <CSUD>3046</CSUD>
    <NORD>10844</NORD>
    <SARD>770</SARD>
    <SICI>1439</SICI>
    <SUD>2400</SUD>
  </marketintervaldetail>
  <marketintervaldetail>
    <Data>20161113</Data>
    <Mercato>MGP</Mercato>
    <Ora>04</Ora>
    <Totale>20392</Totale>
    <CNOR>2503</CNOR>
    <CSUD>2893</CSUD>
    <NORD>10512</NORD>
    <SARD>751</SARD>
    <SICI>1399</SICI>
    <SUD>2334</SUD>
  </marketintervaldetail>
  <marketintervaldetail>
    <Data>20161113</Data>
    <Mercato>MGP</Mercato>
    <Ora>05</Ora>
    <Totale>20261</Totale>
    <CNOR>2474</CNOR>
    <CSUD>2899</CSUD>
    <NORD>10470</NORD>
    <SARD>749</SARD>
    <SICI>1408</SICI>
    <SUD>2261</SUD>
  </marketintervaldetail>
  <marketintervaldetail>
    <Data>20161113</Data>
    <Mercato>MGP</Mercato>
    <Ora>06</Ora>
    <Totale>20701</Totale>
    <CNOR>2508</CNOR>
    <CSUD>2937</CSUD>
    <NORD>10790</NORD>
    <SARD>757</SARD>
    <SICI>1415</SICI>
    <SUD>2294</SUD>
  </marketintervaldetail>
  <marketintervaldetail>
    <Data>20161113</Data>
    <Mercato>MGP</Mercato>
    <Ora>07</Ora>
    <Totale>21553</Totale>
    <CNOR>2598</CNOR>
    <CSUD>3049</CSUD>
    <NORD>11336</NORD>
    <SARD>770</SARD>
    <SICI>1411</SICI>
    <SUD>2389</SUD>
  </marketintervaldetail>
  <marketintervaldetail>
    <Data>20161113</Data>
    <Mercato>MGP</Mercato>
    <Ora>08</Ora>
    <Totale>22064</Totale>
    <CNOR>2635</CNOR>
    <CSUD>3145</CSUD>
    <NORD>11771</NORD>
    <SARD>784</SARD>
    <SICI>1376</SICI>
    <SUD>2353</SUD>
  </marketintervaldetail>
  <marketintervaldetail>
    <Data>20161113</Data>
    <Mercato>MGP</Mercato>
    <Ora>09</Ora>
    <Totale>23898</Totale>
    <CNOR>2869</CNOR>
    <CSUD>3532</CSUD>
    <NORD>12545</NORD>
    <SARD>864</SARD>
    <SICI>1522</SICI>
    <SUD>2566</SUD>
  </marketintervaldetail>
  <marketintervaldetail>
    <Data>20161113</Data>
    <Mercato>MGP</Mercato>
    <Ora>10</Ora>
    <Totale>26151</Totale>
    <CNOR>3052</CNOR>
    <CSUD>3854</CSUD>
    <NORD>13993</NORD>
    <SARD>920</SARD>
    <SICI>1722</SICI>
    <SUD>2610</SUD>
  </marketintervaldetail>
  <marketintervaldetail>
    <Data>20161113</Data>
    <Mercato>MGP</Mercato>
    <Ora>11</Ora>
    <Totale>27593</Totale>
    <CNOR>3004</CNOR>
    <CSUD>4059</CSUD>
    <NORD>15189</NORD>
    <SARD>937</SARD>
    <SICI>1794</SICI>
    <SUD>2610</SUD>
  </marketintervaldetail>
  <marketintervaldetail>
    <Data>20161113</Data>
    <Mercato>MGP</Mercato>
    <Ora>12</Ora>
    <Totale>28209</Totale>
    <CNOR>3041</CNOR>
    <CSUD>4243</CSUD>
    <NORD>15335</NORD>
    <SARD>956</SARD>
    <SICI>1822</SICI>
    <SUD>2812</SUD>
  </marketintervaldetail>
  <marketintervaldetail>
    <Data>20161113</Data>
    <Mercato>MGP</Mercato>
    <Ora>13</Ora>
    <Totale>28335</Totale>
    <CNOR>3282</CNOR>
    <CSUD>4464</CSUD>
    <NORD>15087</NORD>
    <SARD>924</SARD>
    <SICI>1761</SICI>
    <SUD>2817</SUD>
  </marketintervaldetail>
  <marketintervaldetail>
    <Data>20161113</Data>
    <Mercato>MGP</Mercato>
    <Ora>14</Ora>
    <Totale>26570</Totale>
    <CNOR>3032</CNOR>
    <CSUD>4198</CSUD>
    <NORD>14017</NORD>
    <SARD>877</SARD>
    <SICI>1553</SICI>
    <SUD>2893</SUD>
  </marketintervaldetail>
  <marketintervaldetail>
    <Data>20161113</Data>
    <Mercato>MGP</Mercato>
    <Ora>15</Ora>
    <Totale>25466</Totale>
    <CNOR>2867</CNOR>
    <CSUD>4036</CSUD>
    <NORD>13598</NORD>
    <SARD>862</SARD>
    <SICI>1480</SICI>
    <SUD>2623</SUD>
  </marketintervaldetail>
  <marketintervaldetail>
    <Data>20161113</Data>
    <Mercato>MGP</Mercato>
    <Ora>16</Ora>
    <Totale>25396</Totale>
    <CNOR>2989</CNOR>
    <CSUD>4189</CSUD>
    <NORD>13337</NORD>
    <SARD>853</SARD>
    <SICI>1573</SICI>
    <SUD>2455</SUD>
  </marketintervaldetail>
  <marketintervaldetail>
    <Data>20161113</Data>
    <Mercato>MGP</Mercato>
    <Ora>17</Ora>
    <Totale>26181</Totale>
    <CNOR>3132</CNOR>
    <CSUD>4420</CSUD>
    <NORD>13382</NORD>
    <SARD>858</SARD>
    <SICI>1766</SICI>
    <SUD>2623</SUD>
  </marketintervaldetail>
  <marketintervaldetail>
    <Data>20161113</Data>
    <Mercato>MGP</Mercato>
    <Ora>18</Ora>
    <Totale>29659</Totale>
    <CNOR>3510</CNOR>
    <CSUD>5002</CSUD>
    <NORD>15165</NORD>
    <SARD>922</SARD>
    <SICI>2006</SICI>
    <SUD>3054</SUD>
  </marketintervaldetail>
  <marketintervaldetail>
    <Data>20161113</Data>
    <Mercato>MGP</Mercato>
    <Ora>19</Ora>
    <Totale>31362</Totale>
    <CNOR>3672</CNOR>
    <CSUD>5107</CSUD>
    <NORD>16383</NORD>
    <SARD>986</SARD>
    <SICI>2040</SICI>
    <SUD>3174</SUD>
  </marketintervaldetail>
  <marketintervaldetail>
    <Data>20161113</Data>
    <Mercato>MGP</Mercato>
    <Ora>20</Ora>
    <Totale>31917</Totale>
    <CNOR>3753</CNOR>
    <CSUD>5215</CSUD>
    <NORD>16724</NORD>
    <SARD>995</SARD>
    <SICI>2060</SICI>
    <SUD>3170</SUD>
  </marketintervaldetail>
  <marketintervaldetail>
    <Data>20161113</Data>
    <Mercato>MGP</Mercato>
    <Ora>21</Ora>
    <Totale>31125</Totale>
    <CNOR>3658</CNOR>
    <CSUD>5141</CSUD>
    <NORD>16154</NORD>
    <SARD>1012</SARD>
    <SICI>2063</SICI>
    <SUD>3097</SUD>
  </marketintervaldetail>
  <marketintervaldetail>
    <Data>20161113</Data>
    <Mercato>MGP</Mercato>
    <Ora>22</Ora>
    <Totale>29337</Totale>
    <CNOR>3477</CNOR>
    <CSUD>4943</CSUD>
    <NORD>15117</NORD>
    <SARD>941</SARD>
    <SICI>1972</SICI>
    <SUD>2887</SUD>
  </marketintervaldetail>
  <marketintervaldetail>
    <Data>20161113</Data>
    <Mercato>MGP</Mercato>
    <Ora>23</Ora>
    <Totale>27217</Totale>
    <CNOR>3171</CNOR>
    <CSUD>4484</CSUD>
    <NORD>14031</NORD>
    <SARD>900</SARD>
    <SICI>1813</SICI>
    <SUD>2818</SUD>
  </marketintervaldetail>
  <marketintervaldetail>
    <Data>20161113</Data>
    <Mercato>MGP</Mercato>
    <Ora>24</Ora>
    <Totale>24611</Totale>
    <CNOR>2884</CNOR>
    <CSUD>3962</CSUD>
    <NORD>12660</NORD>
    <SARD>846</SARD>
    <SICI>1666</SICI>
    <SUD>2593</SUD>
  </marketintervaldetail>
</NewDataSet>