<?xml version="1.0" standalone="yes"?>
<NewDataSet>
  <xs:schema id="NewDataSet" xmlns="" xmlns:xs="http://www.w3.org/2001/XMLSchema" xmlns:msdata="urn:schemas-microsoft-com:xml-msdata">
    <xs:element name="NewDataSet" msdata:IsDataSet="true" msdata:MainDataTable="marketintervaldetail" msdata:UseCurrentLocale="true">
      <xs:complexType>
        <xs:choice minOccurs="0" maxOccurs="unbounded">
          <xs:element name="marketintervaldetail">
            <xs:complexType>
              <xs:sequence>
                <xs:element name="Data" type="xs:string" minOccurs="0" />
                <xs:element name="Mercato" type="xs:string" minOccurs="0" />
                <xs:element name="Ora" type="xs:string" minOccurs="0" />
                <xs:element name="Totale" type="xs:string" minOccurs="0" />
                <xs:element name="CNOR" type="xs:string" minOccurs="0" />
                <xs:element name="CSUD" type="xs:string" minOccurs="0" />
                <xs:element name="NORD" type="xs:string" minOccurs="0" />
                <xs:element name="SARD" type="xs:string" minOccurs="0" />
                <xs:element name="SICI" type="xs:string" minOccurs="0" />
                <xs:element name="SUD" type="xs:string" minOccurs="0" />
              </xs:sequence>
            </xs:complexType>
          </xs:element>
        </xs:choice>
      </xs:complexType>
    </xs:element>
  </xs:schema>
  <marketintervaldetail>
    <Data>20170613</Data>
    <Mercato>MGP</Mercato>
    <Ora>01</Ora>
    <Totale>29632</Totale>
    <CNOR>2921</CNOR>
    <CSUD>4639</CSUD>
    <NORD>16841</NORD>
    <SARD>863</SARD>
    <SICI>1890</SICI>
    <SUD>2478</SUD>
  </marketintervaldetail>
  <marketintervaldetail>
    <Data>20170613</Data>
    <Mercato>MGP</Mercato>
    <Ora>02</Ora>
    <Totale>27463</Totale>
    <CNOR>2738</CNOR>
    <CSUD>4316</CSUD>
    <NORD>15661</NORD>
    <SARD>816</SARD>
    <SICI>1596</SICI>
    <SUD>2336</SUD>
  </marketintervaldetail>
  <marketintervaldetail>
    <Data>20170613</Data>
    <Mercato>MGP</Mercato>
    <Ora>03</Ora>
    <Totale>26352</Totale>
    <CNOR>2577</CNOR>
    <CSUD>4113</CSUD>
    <NORD>15086</NORD>
    <SARD>796</SARD>
    <SICI>1505</SICI>
    <SUD>2275</SUD>
  </marketintervaldetail>
  <marketintervaldetail>
    <Data>20170613</Data>
    <Mercato>MGP</Mercato>
    <Ora>04</Ora>
    <Totale>25821</Totale>
    <CNOR>2539</CNOR>
    <CSUD>3981</CSUD>
    <NORD>14778</NORD>
    <SARD>786</SARD>
    <SICI>1506</SICI>
    <SUD>2231</SUD>
  </marketintervaldetail>
  <marketintervaldetail>
    <Data>20170613</Data>
    <Mercato>MGP</Mercato>
    <Ora>05</Ora>
    <Totale>26036</Totale>
    <CNOR>2557</CNOR>
    <CSUD>3968</CSUD>
    <NORD>15006</NORD>
    <SARD>783</SARD>
    <SICI>1488</SICI>
    <SUD>2234</SUD>
  </marketintervaldetail>
  <marketintervaldetail>
    <Data>20170613</Data>
    <Mercato>MGP</Mercato>
    <Ora>06</Ora>
    <Totale>26333</Totale>
    <CNOR>2607</CNOR>
    <CSUD>3998</CSUD>
    <NORD>15362</NORD>
    <SARD>809</SARD>
    <SICI>1419</SICI>
    <SUD>2138</SUD>
  </marketintervaldetail>
  <marketintervaldetail>
    <Data>20170613</Data>
    <Mercato>MGP</Mercato>
    <Ora>07</Ora>
    <Totale>28871</Totale>
    <CNOR>2746</CNOR>
    <CSUD>4234</CSUD>
    <NORD>17229</NORD>
    <SARD>848</SARD>
    <SICI>1541</SICI>
    <SUD>2273</SUD>
  </marketintervaldetail>
  <marketintervaldetail>
    <Data>20170613</Data>
    <Mercato>MGP</Mercato>
    <Ora>08</Ora>
    <Totale>34476</Totale>
    <CNOR>3384</CNOR>
    <CSUD>4892</CSUD>
    <NORD>20609</NORD>
    <SARD>947</SARD>
    <SICI>1820</SICI>
    <SUD>2824</SUD>
  </marketintervaldetail>
  <marketintervaldetail>
    <Data>20170613</Data>
    <Mercato>MGP</Mercato>
    <Ora>09</Ora>
    <Totale>39708</Totale>
    <CNOR>4037</CNOR>
    <CSUD>5680</CSUD>
    <NORD>23949</NORD>
    <SARD>1014</SARD>
    <SICI>2131</SICI>
    <SUD>2897</SUD>
  </marketintervaldetail>
  <marketintervaldetail>
    <Data>20170613</Data>
    <Mercato>MGP</Mercato>
    <Ora>10</Ora>
    <Totale>42057</Totale>
    <CNOR>4365</CNOR>
    <CSUD>6266</CSUD>
    <NORD>25334</NORD>
    <SARD>1015</SARD>
    <SICI>2182</SICI>
    <SUD>2895</SUD>
  </marketintervaldetail>
  <marketintervaldetail>
    <Data>20170613</Data>
    <Mercato>MGP</Mercato>
    <Ora>11</Ora>
    <Totale>42807</Totale>
    <CNOR>4424</CNOR>
    <CSUD>6481</CSUD>
    <NORD>25831</NORD>
    <SARD>1017</SARD>
    <SICI>2171</SICI>
    <SUD>2883</SUD>
  </marketintervaldetail>
  <marketintervaldetail>
    <Data>20170613</Data>
    <Mercato>MGP</Mercato>
    <Ora>12</Ora>
    <Totale>42760</Totale>
    <CNOR>4480</CNOR>
    <CSUD>6563</CSUD>
    <NORD>25659</NORD>
    <SARD>1023</SARD>
    <SICI>2124</SICI>
    <SUD>2911</SUD>
  </marketintervaldetail>
  <marketintervaldetail>
    <Data>20170613</Data>
    <Mercato>MGP</Mercato>
    <Ora>13</Ora>
    <Totale>40491</Totale>
    <CNOR>4151</CNOR>
    <CSUD>6407</CSUD>
    <NORD>23878</NORD>
    <SARD>1026</SARD>
    <SICI>2093</SICI>
    <SUD>2936</SUD>
  </marketintervaldetail>
  <marketintervaldetail>
    <Data>20170613</Data>
    <Mercato>MGP</Mercato>
    <Ora>14</Ora>
    <Totale>40199</Totale>
    <CNOR>4156</CNOR>
    <CSUD>6512</CSUD>
    <NORD>23633</NORD>
    <SARD>942</SARD>
    <SICI>2060</SICI>
    <SUD>2896</SUD>
  </marketintervaldetail>
  <marketintervaldetail>
    <Data>20170613</Data>
    <Mercato>MGP</Mercato>
    <Ora>15</Ora>
    <Totale>41369</Totale>
    <CNOR>4341</CNOR>
    <CSUD>6596</CSUD>
    <NORD>24656</NORD>
    <SARD>972</SARD>
    <SICI>2015</SICI>
    <SUD>2789</SUD>
  </marketintervaldetail>
  <marketintervaldetail>
    <Data>20170613</Data>
    <Mercato>MGP</Mercato>
    <Ora>16</Ora>
    <Totale>41720</Totale>
    <CNOR>4449</CNOR>
    <CSUD>6620</CSUD>
    <NORD>24810</NORD>
    <SARD>960</SARD>
    <SICI>2021</SICI>
    <SUD>2860</SUD>
  </marketintervaldetail>
  <marketintervaldetail>
    <Data>20170613</Data>
    <Mercato>MGP</Mercato>
    <Ora>17</Ora>
    <Totale>41885</Totale>
    <CNOR>4482</CNOR>
    <CSUD>6522</CSUD>
    <NORD>24833</NORD>
    <SARD>943</SARD>
    <SICI>2134</SICI>
    <SUD>2971</SUD>
  </marketintervaldetail>
  <marketintervaldetail>
    <Data>20170613</Data>
    <Mercato>MGP</Mercato>
    <Ora>18</Ora>
    <Totale>41406</Totale>
    <CNOR>4364</CNOR>
    <CSUD>6426</CSUD>
    <NORD>24344</NORD>
    <SARD>987</SARD>
    <SICI>2204</SICI>
    <SUD>3081</SUD>
  </marketintervaldetail>
  <marketintervaldetail>
    <Data>20170613</Data>
    <Mercato>MGP</Mercato>
    <Ora>19</Ora>
    <Totale>40206</Totale>
    <CNOR>4157</CNOR>
    <CSUD>6242</CSUD>
    <NORD>23319</NORD>
    <SARD>1033</SARD>
    <SICI>2277</SICI>
    <SUD>3178</SUD>
  </marketintervaldetail>
  <marketintervaldetail>
    <Data>20170613</Data>
    <Mercato>MGP</Mercato>
    <Ora>20</Ora>
    <Totale>39421</Totale>
    <CNOR>4061</CNOR>
    <CSUD>6222</CSUD>
    <NORD>22676</NORD>
    <SARD>1074</SARD>
    <SICI>2203</SICI>
    <SUD>3185</SUD>
  </marketintervaldetail>
  <marketintervaldetail>
    <Data>20170613</Data>
    <Mercato>MGP</Mercato>
    <Ora>21</Ora>
    <Totale>38637</Totale>
    <CNOR>3906</CNOR>
    <CSUD>6261</CSUD>
    <NORD>21833</NORD>
    <SARD>1094</SARD>
    <SICI>2267</SICI>
    <SUD>3276</SUD>
  </marketintervaldetail>
  <marketintervaldetail>
    <Data>20170613</Data>
    <Mercato>MGP</Mercato>
    <Ora>22</Ora>
    <Totale>38609</Totale>
    <CNOR>3893</CNOR>
    <CSUD>6248</CSUD>
    <NORD>21701</NORD>
    <SARD>1108</SARD>
    <SICI>2312</SICI>
    <SUD>3347</SUD>
  </marketintervaldetail>
  <marketintervaldetail>
    <Data>20170613</Data>
    <Mercato>MGP</Mercato>
    <Ora>23</Ora>
    <Totale>36150</Totale>
    <CNOR>3556</CNOR>
    <CSUD>5689</CSUD>
    <NORD>20642</NORD>
    <SARD>1057</SARD>
    <SICI>2150</SICI>
    <SUD>3056</SUD>
  </marketintervaldetail>
  <marketintervaldetail>
    <Data>20170613</Data>
    <Mercato>MGP</Mercato>
    <Ora>24</Ora>
    <Totale>33044</Totale>
    <CNOR>3229</CNOR>
    <CSUD>5215</CSUD>
    <NORD>18766</NORD>
    <SARD>990</SARD>
    <SICI>1991</SICI>
    <SUD>2853</SUD>
  </marketintervaldetail>
</NewDataSet>