<?xml version="1.0" standalone="yes"?>
<NewDataSet>
  <xs:schema id="NewDataSet" xmlns="" xmlns:xs="http://www.w3.org/2001/XMLSchema" xmlns:msdata="urn:schemas-microsoft-com:xml-msdata">
    <xs:element name="NewDataSet" msdata:IsDataSet="true" msdata:MainDataTable="marketintervaldetail" msdata:UseCurrentLocale="true">
      <xs:complexType>
        <xs:choice minOccurs="0" maxOccurs="unbounded">
          <xs:element name="marketintervaldetail">
            <xs:complexType>
              <xs:sequence>
                <xs:element name="Data" type="xs:string" minOccurs="0" />
                <xs:element name="Mercato" type="xs:string" minOccurs="0" />
                <xs:element name="Ora" type="xs:string" minOccurs="0" />
                <xs:element name="Totale" type="xs:string" minOccurs="0" />
                <xs:element name="CNOR" type="xs:string" minOccurs="0" />
                <xs:element name="CSUD" type="xs:string" minOccurs="0" />
                <xs:element name="NORD" type="xs:string" minOccurs="0" />
                <xs:element name="SARD" type="xs:string" minOccurs="0" />
                <xs:element name="SICI" type="xs:string" minOccurs="0" />
                <xs:element name="SUD" type="xs:string" minOccurs="0" />
              </xs:sequence>
            </xs:complexType>
          </xs:element>
        </xs:choice>
      </xs:complexType>
    </xs:element>
  </xs:schema>
  <marketintervaldetail>
    <Data>20170626</Data>
    <Mercato>MGP</Mercato>
    <Ora>01</Ora>
    <Totale>29687</Totale>
    <CNOR>3365</CNOR>
    <CSUD>4752</CSUD>
    <NORD>15858</NORD>
    <SARD>978</SARD>
    <SICI>1877</SICI>
    <SUD>2857</SUD>
  </marketintervaldetail>
  <marketintervaldetail>
    <Data>20170626</Data>
    <Mercato>MGP</Mercato>
    <Ora>02</Ora>
    <Totale>27566</Totale>
    <CNOR>3116</CNOR>
    <CSUD>4415</CSUD>
    <NORD>14731</NORD>
    <SARD>920</SARD>
    <SICI>1751</SICI>
    <SUD>2633</SUD>
  </marketintervaldetail>
  <marketintervaldetail>
    <Data>20170626</Data>
    <Mercato>MGP</Mercato>
    <Ora>03</Ora>
    <Totale>26366</Totale>
    <CNOR>3023</CNOR>
    <CSUD>4203</CSUD>
    <NORD>14112</NORD>
    <SARD>890</SARD>
    <SICI>1667</SICI>
    <SUD>2471</SUD>
  </marketintervaldetail>
  <marketintervaldetail>
    <Data>20170626</Data>
    <Mercato>MGP</Mercato>
    <Ora>04</Ora>
    <Totale>25854</Totale>
    <CNOR>2975</CNOR>
    <CSUD>4082</CSUD>
    <NORD>13902</NORD>
    <SARD>879</SARD>
    <SICI>1611</SICI>
    <SUD>2405</SUD>
  </marketintervaldetail>
  <marketintervaldetail>
    <Data>20170626</Data>
    <Mercato>MGP</Mercato>
    <Ora>05</Ora>
    <Totale>25908</Totale>
    <CNOR>3004</CNOR>
    <CSUD>4053</CSUD>
    <NORD>13979</NORD>
    <SARD>880</SARD>
    <SICI>1584</SICI>
    <SUD>2408</SUD>
  </marketintervaldetail>
  <marketintervaldetail>
    <Data>20170626</Data>
    <Mercato>MGP</Mercato>
    <Ora>06</Ora>
    <Totale>26847</Totale>
    <CNOR>3112</CNOR>
    <CSUD>4073</CSUD>
    <NORD>14779</NORD>
    <SARD>893</SARD>
    <SICI>1587</SICI>
    <SUD>2403</SUD>
  </marketintervaldetail>
  <marketintervaldetail>
    <Data>20170626</Data>
    <Mercato>MGP</Mercato>
    <Ora>07</Ora>
    <Totale>30693</Totale>
    <CNOR>3388</CNOR>
    <CSUD>4473</CSUD>
    <NORD>17688</NORD>
    <SARD>923</SARD>
    <SICI>1640</SICI>
    <SUD>2581</SUD>
  </marketintervaldetail>
  <marketintervaldetail>
    <Data>20170626</Data>
    <Mercato>MGP</Mercato>
    <Ora>08</Ora>
    <Totale>36388</Totale>
    <CNOR>4045</CNOR>
    <CSUD>5242</CSUD>
    <NORD>21169</NORD>
    <SARD>1012</SARD>
    <SICI>1932</SICI>
    <SUD>2988</SUD>
  </marketintervaldetail>
  <marketintervaldetail>
    <Data>20170626</Data>
    <Mercato>MGP</Mercato>
    <Ora>09</Ora>
    <Totale>42085</Totale>
    <CNOR>4598</CNOR>
    <CSUD>6012</CSUD>
    <NORD>24875</NORD>
    <SARD>1107</SARD>
    <SICI>2201</SICI>
    <SUD>3292</SUD>
  </marketintervaldetail>
  <marketintervaldetail>
    <Data>20170626</Data>
    <Mercato>MGP</Mercato>
    <Ora>10</Ora>
    <Totale>45327</Totale>
    <CNOR>4891</CNOR>
    <CSUD>6537</CSUD>
    <NORD>26928</NORD>
    <SARD>1148</SARD>
    <SICI>2316</SICI>
    <SUD>3507</SUD>
  </marketintervaldetail>
  <marketintervaldetail>
    <Data>20170626</Data>
    <Mercato>MGP</Mercato>
    <Ora>11</Ora>
    <Totale>46727</Totale>
    <CNOR>5018</CNOR>
    <CSUD>6727</CSUD>
    <NORD>27842</NORD>
    <SARD>1147</SARD>
    <SICI>2349</SICI>
    <SUD>3644</SUD>
  </marketintervaldetail>
  <marketintervaldetail>
    <Data>20170626</Data>
    <Mercato>MGP</Mercato>
    <Ora>12</Ora>
    <Totale>47821</Totale>
    <CNOR>5164</CNOR>
    <CSUD>6940</CSUD>
    <NORD>28638</NORD>
    <SARD>1142</SARD>
    <SICI>2340</SICI>
    <SUD>3597</SUD>
  </marketintervaldetail>
  <marketintervaldetail>
    <Data>20170626</Data>
    <Mercato>MGP</Mercato>
    <Ora>13</Ora>
    <Totale>46952</Totale>
    <CNOR>5068</CNOR>
    <CSUD>7206</CSUD>
    <NORD>27504</NORD>
    <SARD>1169</SARD>
    <SICI>2361</SICI>
    <SUD>3644</SUD>
  </marketintervaldetail>
  <marketintervaldetail>
    <Data>20170626</Data>
    <Mercato>MGP</Mercato>
    <Ora>14</Ora>
    <Totale>46735</Totale>
    <CNOR>4895</CNOR>
    <CSUD>7116</CSUD>
    <NORD>27621</NORD>
    <SARD>1145</SARD>
    <SICI>2337</SICI>
    <SUD>3621</SUD>
  </marketintervaldetail>
  <marketintervaldetail>
    <Data>20170626</Data>
    <Mercato>MGP</Mercato>
    <Ora>15</Ora>
    <Totale>47977</Totale>
    <CNOR>5085</CNOR>
    <CSUD>7051</CSUD>
    <NORD>28825</NORD>
    <SARD>1111</SARD>
    <SICI>2301</SICI>
    <SUD>3604</SUD>
  </marketintervaldetail>
  <marketintervaldetail>
    <Data>20170626</Data>
    <Mercato>MGP</Mercato>
    <Ora>16</Ora>
    <Totale>48647</Totale>
    <CNOR>5223</CNOR>
    <CSUD>7085</CSUD>
    <NORD>29232</NORD>
    <SARD>1133</SARD>
    <SICI>2386</SICI>
    <SUD>3588</SUD>
  </marketintervaldetail>
  <marketintervaldetail>
    <Data>20170626</Data>
    <Mercato>MGP</Mercato>
    <Ora>17</Ora>
    <Totale>48681</Totale>
    <CNOR>5235</CNOR>
    <CSUD>7029</CSUD>
    <NORD>29225</NORD>
    <SARD>1140</SARD>
    <SICI>2485</SICI>
    <SUD>3567</SUD>
  </marketintervaldetail>
  <marketintervaldetail>
    <Data>20170626</Data>
    <Mercato>MGP</Mercato>
    <Ora>18</Ora>
    <Totale>48202</Totale>
    <CNOR>5110</CNOR>
    <CSUD>7008</CSUD>
    <NORD>28418</NORD>
    <SARD>1176</SARD>
    <SICI>2551</SICI>
    <SUD>3939</SUD>
  </marketintervaldetail>
  <marketintervaldetail>
    <Data>20170626</Data>
    <Mercato>MGP</Mercato>
    <Ora>19</Ora>
    <Totale>46658</Totale>
    <CNOR>4954</CNOR>
    <CSUD>6876</CSUD>
    <NORD>27099</NORD>
    <SARD>1221</SARD>
    <SICI>2539</SICI>
    <SUD>3969</SUD>
  </marketintervaldetail>
  <marketintervaldetail>
    <Data>20170626</Data>
    <Mercato>MGP</Mercato>
    <Ora>20</Ora>
    <Totale>45972</Totale>
    <CNOR>4843</CNOR>
    <CSUD>6799</CSUD>
    <NORD>26641</NORD>
    <SARD>1255</SARD>
    <SICI>2521</SICI>
    <SUD>3913</SUD>
  </marketintervaldetail>
  <marketintervaldetail>
    <Data>20170626</Data>
    <Mercato>MGP</Mercato>
    <Ora>21</Ora>
    <Totale>44669</Totale>
    <CNOR>4650</CNOR>
    <CSUD>6640</CSUD>
    <NORD>25662</NORD>
    <SARD>1227</SARD>
    <SICI>2529</SICI>
    <SUD>3961</SUD>
  </marketintervaldetail>
  <marketintervaldetail>
    <Data>20170626</Data>
    <Mercato>MGP</Mercato>
    <Ora>22</Ora>
    <Totale>44257</Totale>
    <CNOR>4663</CNOR>
    <CSUD>6679</CSUD>
    <NORD>25121</NORD>
    <SARD>1241</SARD>
    <SICI>2548</SICI>
    <SUD>4005</SUD>
  </marketintervaldetail>
  <marketintervaldetail>
    <Data>20170626</Data>
    <Mercato>MGP</Mercato>
    <Ora>23</Ora>
    <Totale>41730</Totale>
    <CNOR>4412</CNOR>
    <CSUD>6303</CSUD>
    <NORD>23815</NORD>
    <SARD>1178</SARD>
    <SICI>2381</SICI>
    <SUD>3641</SUD>
  </marketintervaldetail>
  <marketintervaldetail>
    <Data>20170626</Data>
    <Mercato>MGP</Mercato>
    <Ora>24</Ora>
    <Totale>38619</Totale>
    <CNOR>4082</CNOR>
    <CSUD>5790</CSUD>
    <NORD>22079</NORD>
    <SARD>1103</SARD>
    <SICI>2205</SICI>
    <SUD>3360</SUD>
  </marketintervaldetail>
</NewDataSet>