<?xml version="1.0" standalone="yes"?>
<NewDataSet>
  <xs:schema id="NewDataSet" xmlns="" xmlns:xs="http://www.w3.org/2001/XMLSchema" xmlns:msdata="urn:schemas-microsoft-com:xml-msdata">
    <xs:element name="NewDataSet" msdata:IsDataSet="true" msdata:MainDataTable="marketintervaldetail" msdata:UseCurrentLocale="true">
      <xs:complexType>
        <xs:choice minOccurs="0" maxOccurs="unbounded">
          <xs:element name="marketintervaldetail">
            <xs:complexType>
              <xs:sequence>
                <xs:element name="Data" type="xs:string" minOccurs="0" />
                <xs:element name="Mercato" type="xs:string" minOccurs="0" />
                <xs:element name="Ora" type="xs:string" minOccurs="0" />
                <xs:element name="Totale" type="xs:string" minOccurs="0" />
                <xs:element name="CNOR" type="xs:string" minOccurs="0" />
                <xs:element name="CSUD" type="xs:string" minOccurs="0" />
                <xs:element name="NORD" type="xs:string" minOccurs="0" />
                <xs:element name="SARD" type="xs:string" minOccurs="0" />
                <xs:element name="SICI" type="xs:string" minOccurs="0" />
                <xs:element name="SUD" type="xs:string" minOccurs="0" />
              </xs:sequence>
            </xs:complexType>
          </xs:element>
        </xs:choice>
      </xs:complexType>
    </xs:element>
  </xs:schema>
  <marketintervaldetail>
    <Data>20170610</Data>
    <Mercato>MGP</Mercato>
    <Ora>01</Ora>
    <Totale>26350</Totale>
    <CNOR>2800</CNOR>
    <CSUD>4261</CSUD>
    <NORD>14302</NORD>
    <SARD>892</SARD>
    <SICI>1638</SICI>
    <SUD>2457</SUD>
  </marketintervaldetail>
  <marketintervaldetail>
    <Data>20170610</Data>
    <Mercato>MGP</Mercato>
    <Ora>02</Ora>
    <Totale>24666</Totale>
    <CNOR>2627</CNOR>
    <CSUD>3932</CSUD>
    <NORD>13467</NORD>
    <SARD>843</SARD>
    <SICI>1523</SICI>
    <SUD>2274</SUD>
  </marketintervaldetail>
  <marketintervaldetail>
    <Data>20170610</Data>
    <Mercato>MGP</Mercato>
    <Ora>03</Ora>
    <Totale>23624</Totale>
    <CNOR>2494</CNOR>
    <CSUD>3701</CSUD>
    <NORD>12900</NORD>
    <SARD>819</SARD>
    <SICI>1519</SICI>
    <SUD>2191</SUD>
  </marketintervaldetail>
  <marketintervaldetail>
    <Data>20170610</Data>
    <Mercato>MGP</Mercato>
    <Ora>04</Ora>
    <Totale>23098</Totale>
    <CNOR>2427</CNOR>
    <CSUD>3598</CSUD>
    <NORD>12693</NORD>
    <SARD>801</SARD>
    <SICI>1463</SICI>
    <SUD>2116</SUD>
  </marketintervaldetail>
  <marketintervaldetail>
    <Data>20170610</Data>
    <Mercato>MGP</Mercato>
    <Ora>05</Ora>
    <Totale>22974</Totale>
    <CNOR>2454</CNOR>
    <CSUD>3584</CSUD>
    <NORD>12540</NORD>
    <SARD>806</SARD>
    <SICI>1428</SICI>
    <SUD>2162</SUD>
  </marketintervaldetail>
  <marketintervaldetail>
    <Data>20170610</Data>
    <Mercato>MGP</Mercato>
    <Ora>06</Ora>
    <Totale>22998</Totale>
    <CNOR>2415</CNOR>
    <CSUD>3662</CSUD>
    <NORD>12593</NORD>
    <SARD>807</SARD>
    <SICI>1434</SICI>
    <SUD>2087</SUD>
  </marketintervaldetail>
  <marketintervaldetail>
    <Data>20170610</Data>
    <Mercato>MGP</Mercato>
    <Ora>07</Ora>
    <Totale>23620</Totale>
    <CNOR>2422</CNOR>
    <CSUD>3770</CSUD>
    <NORD>13046</NORD>
    <SARD>815</SARD>
    <SICI>1457</SICI>
    <SUD>2110</SUD>
  </marketintervaldetail>
  <marketintervaldetail>
    <Data>20170610</Data>
    <Mercato>MGP</Mercato>
    <Ora>08</Ora>
    <Totale>25893</Totale>
    <CNOR>2621</CNOR>
    <CSUD>4276</CSUD>
    <NORD>14041</NORD>
    <SARD>895</SARD>
    <SICI>1648</SICI>
    <SUD>2412</SUD>
  </marketintervaldetail>
  <marketintervaldetail>
    <Data>20170610</Data>
    <Mercato>MGP</Mercato>
    <Ora>09</Ora>
    <Totale>28589</Totale>
    <CNOR>2900</CNOR>
    <CSUD>4792</CSUD>
    <NORD>15548</NORD>
    <SARD>952</SARD>
    <SICI>1849</SICI>
    <SUD>2548</SUD>
  </marketintervaldetail>
  <marketintervaldetail>
    <Data>20170610</Data>
    <Mercato>MGP</Mercato>
    <Ora>10</Ora>
    <Totale>30513</Totale>
    <CNOR>3108</CNOR>
    <CSUD>5128</CSUD>
    <NORD>16827</NORD>
    <SARD>967</SARD>
    <SICI>1921</SICI>
    <SUD>2562</SUD>
  </marketintervaldetail>
  <marketintervaldetail>
    <Data>20170610</Data>
    <Mercato>MGP</Mercato>
    <Ora>11</Ora>
    <Totale>30923</Totale>
    <CNOR>3101</CNOR>
    <CSUD>5341</CSUD>
    <NORD>17140</NORD>
    <SARD>946</SARD>
    <SICI>1879</SICI>
    <SUD>2516</SUD>
  </marketintervaldetail>
  <marketintervaldetail>
    <Data>20170610</Data>
    <Mercato>MGP</Mercato>
    <Ora>12</Ora>
    <Totale>30765</Totale>
    <CNOR>3119</CNOR>
    <CSUD>5342</CSUD>
    <NORD>17037</NORD>
    <SARD>916</SARD>
    <SICI>1882</SICI>
    <SUD>2469</SUD>
  </marketintervaldetail>
  <marketintervaldetail>
    <Data>20170610</Data>
    <Mercato>MGP</Mercato>
    <Ora>13</Ora>
    <Totale>30200</Totale>
    <CNOR>3164</CNOR>
    <CSUD>5393</CSUD>
    <NORD>16457</NORD>
    <SARD>936</SARD>
    <SICI>1844</SICI>
    <SUD>2406</SUD>
  </marketintervaldetail>
  <marketintervaldetail>
    <Data>20170610</Data>
    <Mercato>MGP</Mercato>
    <Ora>14</Ora>
    <Totale>29232</Totale>
    <CNOR>3053</CNOR>
    <CSUD>5264</CSUD>
    <NORD>16038</NORD>
    <SARD>911</SARD>
    <SICI>1804</SICI>
    <SUD>2162</SUD>
  </marketintervaldetail>
  <marketintervaldetail>
    <Data>20170610</Data>
    <Mercato>MGP</Mercato>
    <Ora>15</Ora>
    <Totale>28900</Totale>
    <CNOR>3117</CNOR>
    <CSUD>5158</CSUD>
    <NORD>15714</NORD>
    <SARD>893</SARD>
    <SICI>1713</SICI>
    <SUD>2305</SUD>
  </marketintervaldetail>
  <marketintervaldetail>
    <Data>20170610</Data>
    <Mercato>MGP</Mercato>
    <Ora>16</Ora>
    <Totale>29069</Totale>
    <CNOR>3139</CNOR>
    <CSUD>5144</CSUD>
    <NORD>15575</NORD>
    <SARD>876</SARD>
    <SICI>1736</SICI>
    <SUD>2599</SUD>
  </marketintervaldetail>
  <marketintervaldetail>
    <Data>20170610</Data>
    <Mercato>MGP</Mercato>
    <Ora>17</Ora>
    <Totale>30196</Totale>
    <CNOR>3202</CNOR>
    <CSUD>5101</CSUD>
    <NORD>16237</NORD>
    <SARD>881</SARD>
    <SICI>1888</SICI>
    <SUD>2887</SUD>
  </marketintervaldetail>
  <marketintervaldetail>
    <Data>20170610</Data>
    <Mercato>MGP</Mercato>
    <Ora>18</Ora>
    <Totale>30866</Totale>
    <CNOR>3252</CNOR>
    <CSUD>5130</CSUD>
    <NORD>16671</NORD>
    <SARD>953</SARD>
    <SICI>1978</SICI>
    <SUD>2882</SUD>
  </marketintervaldetail>
  <marketintervaldetail>
    <Data>20170610</Data>
    <Mercato>MGP</Mercato>
    <Ora>19</Ora>
    <Totale>31417</Totale>
    <CNOR>3287</CNOR>
    <CSUD>5240</CSUD>
    <NORD>17027</NORD>
    <SARD>997</SARD>
    <SICI>2011</SICI>
    <SUD>2855</SUD>
  </marketintervaldetail>
  <marketintervaldetail>
    <Data>20170610</Data>
    <Mercato>MGP</Mercato>
    <Ora>20</Ora>
    <Totale>32212</Totale>
    <CNOR>3488</CNOR>
    <CSUD>5339</CSUD>
    <NORD>17204</NORD>
    <SARD>1054</SARD>
    <SICI>2109</SICI>
    <SUD>3018</SUD>
  </marketintervaldetail>
  <marketintervaldetail>
    <Data>20170610</Data>
    <Mercato>MGP</Mercato>
    <Ora>21</Ora>
    <Totale>31541</Totale>
    <CNOR>3285</CNOR>
    <CSUD>5347</CSUD>
    <NORD>16521</NORD>
    <SARD>1063</SARD>
    <SICI>2172</SICI>
    <SUD>3153</SUD>
  </marketintervaldetail>
  <marketintervaldetail>
    <Data>20170610</Data>
    <Mercato>MGP</Mercato>
    <Ora>22</Ora>
    <Totale>31210</Totale>
    <CNOR>3298</CNOR>
    <CSUD>5320</CSUD>
    <NORD>16204</NORD>
    <SARD>1059</SARD>
    <SICI>2149</SICI>
    <SUD>3180</SUD>
  </marketintervaldetail>
  <marketintervaldetail>
    <Data>20170610</Data>
    <Mercato>MGP</Mercato>
    <Ora>23</Ora>
    <Totale>29620</Totale>
    <CNOR>3162</CNOR>
    <CSUD>5070</CSUD>
    <NORD>15555</NORD>
    <SARD>1007</SARD>
    <SICI>1971</SICI>
    <SUD>2855</SUD>
  </marketintervaldetail>
  <marketintervaldetail>
    <Data>20170610</Data>
    <Mercato>MGP</Mercato>
    <Ora>24</Ora>
    <Totale>27558</Totale>
    <CNOR>2951</CNOR>
    <CSUD>4680</CSUD>
    <NORD>14492</NORD>
    <SARD>947</SARD>
    <SICI>1848</SICI>
    <SUD>2640</SUD>
  </marketintervaldetail>
</NewDataSet>