<?xml version="1.0" standalone="yes"?>
<NewDataSet>
  <xs:schema id="NewDataSet" xmlns="" xmlns:xs="http://www.w3.org/2001/XMLSchema" xmlns:msdata="urn:schemas-microsoft-com:xml-msdata">
    <xs:element name="NewDataSet" msdata:IsDataSet="true" msdata:MainDataTable="marketintervaldetail" msdata:UseCurrentLocale="true">
      <xs:complexType>
        <xs:choice minOccurs="0" maxOccurs="unbounded">
          <xs:element name="marketintervaldetail">
            <xs:complexType>
              <xs:sequence>
                <xs:element name="Data" type="xs:string" minOccurs="0" />
                <xs:element name="Mercato" type="xs:string" minOccurs="0" />
                <xs:element name="Ora" type="xs:string" minOccurs="0" />
                <xs:element name="Totale" type="xs:string" minOccurs="0" />
                <xs:element name="CNOR" type="xs:string" minOccurs="0" />
                <xs:element name="CSUD" type="xs:string" minOccurs="0" />
                <xs:element name="NORD" type="xs:string" minOccurs="0" />
                <xs:element name="SARD" type="xs:string" minOccurs="0" />
                <xs:element name="SICI" type="xs:string" minOccurs="0" />
                <xs:element name="SUD" type="xs:string" minOccurs="0" />
              </xs:sequence>
            </xs:complexType>
          </xs:element>
        </xs:choice>
      </xs:complexType>
    </xs:element>
  </xs:schema>
  <marketintervaldetail>
    <Data>20170622</Data>
    <Mercato>MGP</Mercato>
    <Ora>01</Ora>
    <Totale>33262</Totale>
    <CNOR>3519</CNOR>
    <CSUD>5177</CSUD>
    <NORD>18749</NORD>
    <SARD>968</SARD>
    <SICI>2059</SICI>
    <SUD>2790</SUD>
  </marketintervaldetail>
  <marketintervaldetail>
    <Data>20170622</Data>
    <Mercato>MGP</Mercato>
    <Ora>02</Ora>
    <Totale>31033</Totale>
    <CNOR>3318</CNOR>
    <CSUD>4737</CSUD>
    <NORD>17533</NORD>
    <SARD>902</SARD>
    <SICI>1899</SICI>
    <SUD>2644</SUD>
  </marketintervaldetail>
  <marketintervaldetail>
    <Data>20170622</Data>
    <Mercato>MGP</Mercato>
    <Ora>03</Ora>
    <Totale>29822</Totale>
    <CNOR>3132</CNOR>
    <CSUD>4515</CSUD>
    <NORD>16959</NORD>
    <SARD>862</SARD>
    <SICI>1835</SICI>
    <SUD>2519</SUD>
  </marketintervaldetail>
  <marketintervaldetail>
    <Data>20170622</Data>
    <Mercato>MGP</Mercato>
    <Ora>04</Ora>
    <Totale>29180</Totale>
    <CNOR>3053</CNOR>
    <CSUD>4399</CSUD>
    <NORD>16668</NORD>
    <SARD>843</SARD>
    <SICI>1793</SICI>
    <SUD>2424</SUD>
  </marketintervaldetail>
  <marketintervaldetail>
    <Data>20170622</Data>
    <Mercato>MGP</Mercato>
    <Ora>05</Ora>
    <Totale>29134</Totale>
    <CNOR>3069</CNOR>
    <CSUD>4346</CSUD>
    <NORD>16645</NORD>
    <SARD>840</SARD>
    <SICI>1769</SICI>
    <SUD>2465</SUD>
  </marketintervaldetail>
  <marketintervaldetail>
    <Data>20170622</Data>
    <Mercato>MGP</Mercato>
    <Ora>06</Ora>
    <Totale>29268</Totale>
    <CNOR>3100</CNOR>
    <CSUD>4357</CSUD>
    <NORD>16772</NORD>
    <SARD>860</SARD>
    <SICI>1757</SICI>
    <SUD>2422</SUD>
  </marketintervaldetail>
  <marketintervaldetail>
    <Data>20170622</Data>
    <Mercato>MGP</Mercato>
    <Ora>07</Ora>
    <Totale>31986</Totale>
    <CNOR>3434</CNOR>
    <CSUD>4722</CSUD>
    <NORD>18603</NORD>
    <SARD>880</SARD>
    <SICI>1832</SICI>
    <SUD>2515</SUD>
  </marketintervaldetail>
  <marketintervaldetail>
    <Data>20170622</Data>
    <Mercato>MGP</Mercato>
    <Ora>08</Ora>
    <Totale>37098</Totale>
    <CNOR>4150</CNOR>
    <CSUD>5531</CSUD>
    <NORD>21564</NORD>
    <SARD>974</SARD>
    <SICI>2126</SICI>
    <SUD>2753</SUD>
  </marketintervaldetail>
  <marketintervaldetail>
    <Data>20170622</Data>
    <Mercato>MGP</Mercato>
    <Ora>09</Ora>
    <Totale>42479</Totale>
    <CNOR>4786</CNOR>
    <CSUD>6192</CSUD>
    <NORD>24715</NORD>
    <SARD>1083</SARD>
    <SICI>2439</SICI>
    <SUD>3264</SUD>
  </marketintervaldetail>
  <marketintervaldetail>
    <Data>20170622</Data>
    <Mercato>MGP</Mercato>
    <Ora>10</Ora>
    <Totale>45173</Totale>
    <CNOR>5176</CNOR>
    <CSUD>6807</CSUD>
    <NORD>26084</NORD>
    <SARD>1107</SARD>
    <SICI>2553</SICI>
    <SUD>3446</SUD>
  </marketintervaldetail>
  <marketintervaldetail>
    <Data>20170622</Data>
    <Mercato>MGP</Mercato>
    <Ora>11</Ora>
    <Totale>46117</Totale>
    <CNOR>5319</CNOR>
    <CSUD>7043</CSUD>
    <NORD>26575</NORD>
    <SARD>1102</SARD>
    <SICI>2573</SICI>
    <SUD>3505</SUD>
  </marketintervaldetail>
  <marketintervaldetail>
    <Data>20170622</Data>
    <Mercato>MGP</Mercato>
    <Ora>12</Ora>
    <Totale>46523</Totale>
    <CNOR>5260</CNOR>
    <CSUD>7199</CSUD>
    <NORD>26842</NORD>
    <SARD>1094</SARD>
    <SICI>2578</SICI>
    <SUD>3550</SUD>
  </marketintervaldetail>
  <marketintervaldetail>
    <Data>20170622</Data>
    <Mercato>MGP</Mercato>
    <Ora>13</Ora>
    <Totale>45497</Totale>
    <CNOR>5051</CNOR>
    <CSUD>7176</CSUD>
    <NORD>26027</NORD>
    <SARD>1094</SARD>
    <SICI>2606</SICI>
    <SUD>3543</SUD>
  </marketintervaldetail>
  <marketintervaldetail>
    <Data>20170622</Data>
    <Mercato>MGP</Mercato>
    <Ora>14</Ora>
    <Totale>44988</Totale>
    <CNOR>4894</CNOR>
    <CSUD>7030</CSUD>
    <NORD>26140</NORD>
    <SARD>1080</SARD>
    <SICI>2460</SICI>
    <SUD>3384</SUD>
  </marketintervaldetail>
  <marketintervaldetail>
    <Data>20170622</Data>
    <Mercato>MGP</Mercato>
    <Ora>15</Ora>
    <Totale>46104</Totale>
    <CNOR>5122</CNOR>
    <CSUD>7199</CSUD>
    <NORD>27129</NORD>
    <SARD>1026</SARD>
    <SICI>2452</SICI>
    <SUD>3176</SUD>
  </marketintervaldetail>
  <marketintervaldetail>
    <Data>20170622</Data>
    <Mercato>MGP</Mercato>
    <Ora>16</Ora>
    <Totale>46793</Totale>
    <CNOR>5188</CNOR>
    <CSUD>7291</CSUD>
    <NORD>27503</NORD>
    <SARD>976</SARD>
    <SICI>2549</SICI>
    <SUD>3286</SUD>
  </marketintervaldetail>
  <marketintervaldetail>
    <Data>20170622</Data>
    <Mercato>MGP</Mercato>
    <Ora>17</Ora>
    <Totale>46848</Totale>
    <CNOR>5264</CNOR>
    <CSUD>7193</CSUD>
    <NORD>27403</NORD>
    <SARD>987</SARD>
    <SICI>2602</SICI>
    <SUD>3399</SUD>
  </marketintervaldetail>
  <marketintervaldetail>
    <Data>20170622</Data>
    <Mercato>MGP</Mercato>
    <Ora>18</Ora>
    <Totale>46719</Totale>
    <CNOR>5265</CNOR>
    <CSUD>7259</CSUD>
    <NORD>27123</NORD>
    <SARD>1039</SARD>
    <SICI>2587</SICI>
    <SUD>3446</SUD>
  </marketintervaldetail>
  <marketintervaldetail>
    <Data>20170622</Data>
    <Mercato>MGP</Mercato>
    <Ora>19</Ora>
    <Totale>45642</Totale>
    <CNOR>5193</CNOR>
    <CSUD>7020</CSUD>
    <NORD>26337</NORD>
    <SARD>1094</SARD>
    <SICI>2539</SICI>
    <SUD>3459</SUD>
  </marketintervaldetail>
  <marketintervaldetail>
    <Data>20170622</Data>
    <Mercato>MGP</Mercato>
    <Ora>20</Ora>
    <Totale>44495</Totale>
    <CNOR>4949</CNOR>
    <CSUD>6913</CSUD>
    <NORD>25481</NORD>
    <SARD>1125</SARD>
    <SICI>2572</SICI>
    <SUD>3455</SUD>
  </marketintervaldetail>
  <marketintervaldetail>
    <Data>20170622</Data>
    <Mercato>MGP</Mercato>
    <Ora>21</Ora>
    <Totale>43676</Totale>
    <CNOR>4661</CNOR>
    <CSUD>6799</CSUD>
    <NORD>24954</NORD>
    <SARD>1149</SARD>
    <SICI>2567</SICI>
    <SUD>3546</SUD>
  </marketintervaldetail>
  <marketintervaldetail>
    <Data>20170622</Data>
    <Mercato>MGP</Mercato>
    <Ora>22</Ora>
    <Totale>42561</Totale>
    <CNOR>4421</CNOR>
    <CSUD>6661</CSUD>
    <NORD>24072</NORD>
    <SARD>1179</SARD>
    <SICI>2607</SICI>
    <SUD>3621</SUD>
  </marketintervaldetail>
  <marketintervaldetail>
    <Data>20170622</Data>
    <Mercato>MGP</Mercato>
    <Ora>23</Ora>
    <Totale>40917</Totale>
    <CNOR>4221</CNOR>
    <CSUD>6391</CSUD>
    <NORD>23191</NORD>
    <SARD>1135</SARD>
    <SICI>2487</SICI>
    <SUD>3492</SUD>
  </marketintervaldetail>
  <marketintervaldetail>
    <Data>20170622</Data>
    <Mercato>MGP</Mercato>
    <Ora>24</Ora>
    <Totale>37435</Totale>
    <CNOR>3879</CNOR>
    <CSUD>5806</CSUD>
    <NORD>21250</NORD>
    <SARD>1059</SARD>
    <SICI>2312</SICI>
    <SUD>3129</SUD>
  </marketintervaldetail>
</NewDataSet>