<?xml version="1.0" standalone="yes"?>
<NewDataSet>
  <xs:schema id="NewDataSet" xmlns="" xmlns:xs="http://www.w3.org/2001/XMLSchema" xmlns:msdata="urn:schemas-microsoft-com:xml-msdata">
    <xs:element name="NewDataSet" msdata:IsDataSet="true" msdata:MainDataTable="marketintervaldetail" msdata:UseCurrentLocale="true">
      <xs:complexType>
        <xs:choice minOccurs="0" maxOccurs="unbounded">
          <xs:element name="marketintervaldetail">
            <xs:complexType>
              <xs:sequence>
                <xs:element name="Data" type="xs:string" minOccurs="0" />
                <xs:element name="Mercato" type="xs:string" minOccurs="0" />
                <xs:element name="Ora" type="xs:string" minOccurs="0" />
                <xs:element name="Totale" type="xs:string" minOccurs="0" />
                <xs:element name="CNOR" type="xs:string" minOccurs="0" />
                <xs:element name="CSUD" type="xs:string" minOccurs="0" />
                <xs:element name="NORD" type="xs:string" minOccurs="0" />
                <xs:element name="SARD" type="xs:string" minOccurs="0" />
                <xs:element name="SICI" type="xs:string" minOccurs="0" />
                <xs:element name="SUD" type="xs:string" minOccurs="0" />
              </xs:sequence>
            </xs:complexType>
          </xs:element>
        </xs:choice>
      </xs:complexType>
    </xs:element>
  </xs:schema>
  <marketintervaldetail>
    <Data>20170614</Data>
    <Mercato>MGP</Mercato>
    <Ora>01</Ora>
    <Totale>31500</Totale>
    <CNOR>3423</CNOR>
    <CSUD>4923</CSUD>
    <NORD>17816</NORD>
    <SARD>912</SARD>
    <SICI>1747</SICI>
    <SUD>2679</SUD>
  </marketintervaldetail>
  <marketintervaldetail>
    <Data>20170614</Data>
    <Mercato>MGP</Mercato>
    <Ora>02</Ora>
    <Totale>29478</Totale>
    <CNOR>3173</CNOR>
    <CSUD>4549</CSUD>
    <NORD>16762</NORD>
    <SARD>861</SARD>
    <SICI>1627</SICI>
    <SUD>2506</SUD>
  </marketintervaldetail>
  <marketintervaldetail>
    <Data>20170614</Data>
    <Mercato>MGP</Mercato>
    <Ora>03</Ora>
    <Totale>28247</Totale>
    <CNOR>3026</CNOR>
    <CSUD>4328</CSUD>
    <NORD>16110</NORD>
    <SARD>838</SARD>
    <SICI>1538</SICI>
    <SUD>2407</SUD>
  </marketintervaldetail>
  <marketintervaldetail>
    <Data>20170614</Data>
    <Mercato>MGP</Mercato>
    <Ora>04</Ora>
    <Totale>27872</Totale>
    <CNOR>2963</CNOR>
    <CSUD>4225</CSUD>
    <NORD>15965</NORD>
    <SARD>825</SARD>
    <SICI>1506</SICI>
    <SUD>2388</SUD>
  </marketintervaldetail>
  <marketintervaldetail>
    <Data>20170614</Data>
    <Mercato>MGP</Mercato>
    <Ora>05</Ora>
    <Totale>28013</Totale>
    <CNOR>2927</CNOR>
    <CSUD>4226</CSUD>
    <NORD>16107</NORD>
    <SARD>833</SARD>
    <SICI>1504</SICI>
    <SUD>2416</SUD>
  </marketintervaldetail>
  <marketintervaldetail>
    <Data>20170614</Data>
    <Mercato>MGP</Mercato>
    <Ora>06</Ora>
    <Totale>28367</Totale>
    <CNOR>2986</CNOR>
    <CSUD>4280</CSUD>
    <NORD>16387</NORD>
    <SARD>852</SARD>
    <SICI>1519</SICI>
    <SUD>2343</SUD>
  </marketintervaldetail>
  <marketintervaldetail>
    <Data>20170614</Data>
    <Mercato>MGP</Mercato>
    <Ora>07</Ora>
    <Totale>31105</Totale>
    <CNOR>3294</CNOR>
    <CSUD>4582</CSUD>
    <NORD>18341</NORD>
    <SARD>866</SARD>
    <SICI>1595</SICI>
    <SUD>2427</SUD>
  </marketintervaldetail>
  <marketintervaldetail>
    <Data>20170614</Data>
    <Mercato>MGP</Mercato>
    <Ora>08</Ora>
    <Totale>36257</Totale>
    <CNOR>3886</CNOR>
    <CSUD>5241</CSUD>
    <NORD>21504</NORD>
    <SARD>926</SARD>
    <SICI>1913</SICI>
    <SUD>2787</SUD>
  </marketintervaldetail>
  <marketintervaldetail>
    <Data>20170614</Data>
    <Mercato>MGP</Mercato>
    <Ora>09</Ora>
    <Totale>41060</Totale>
    <CNOR>4557</CNOR>
    <CSUD>6021</CSUD>
    <NORD>24326</NORD>
    <SARD>980</SARD>
    <SICI>2135</SICI>
    <SUD>3041</SUD>
  </marketintervaldetail>
  <marketintervaldetail>
    <Data>20170614</Data>
    <Mercato>MGP</Mercato>
    <Ora>10</Ora>
    <Totale>43823</Totale>
    <CNOR>4909</CNOR>
    <CSUD>6619</CSUD>
    <NORD>25902</NORD>
    <SARD>989</SARD>
    <SICI>2255</SICI>
    <SUD>3149</SUD>
  </marketintervaldetail>
  <marketintervaldetail>
    <Data>20170614</Data>
    <Mercato>MGP</Mercato>
    <Ora>11</Ora>
    <Totale>44677</Totale>
    <CNOR>5055</CNOR>
    <CSUD>6913</CSUD>
    <NORD>26304</NORD>
    <SARD>981</SARD>
    <SICI>2249</SICI>
    <SUD>3175</SUD>
  </marketintervaldetail>
  <marketintervaldetail>
    <Data>20170614</Data>
    <Mercato>MGP</Mercato>
    <Ora>12</Ora>
    <Totale>44646</Totale>
    <CNOR>5229</CNOR>
    <CSUD>6686</CSUD>
    <NORD>26335</NORD>
    <SARD>945</SARD>
    <SICI>2166</SICI>
    <SUD>3285</SUD>
  </marketintervaldetail>
  <marketintervaldetail>
    <Data>20170614</Data>
    <Mercato>MGP</Mercato>
    <Ora>13</Ora>
    <Totale>43380</Totale>
    <CNOR>4976</CNOR>
    <CSUD>6541</CSUD>
    <NORD>25524</NORD>
    <SARD>937</SARD>
    <SICI>2221</SICI>
    <SUD>3181</SUD>
  </marketintervaldetail>
  <marketintervaldetail>
    <Data>20170614</Data>
    <Mercato>MGP</Mercato>
    <Ora>14</Ora>
    <Totale>42758</Totale>
    <CNOR>4761</CNOR>
    <CSUD>6415</CSUD>
    <NORD>25659</NORD>
    <SARD>919</SARD>
    <SICI>2159</SICI>
    <SUD>2845</SUD>
  </marketintervaldetail>
  <marketintervaldetail>
    <Data>20170614</Data>
    <Mercato>MGP</Mercato>
    <Ora>15</Ora>
    <Totale>43868</Totale>
    <CNOR>4728</CNOR>
    <CSUD>6472</CSUD>
    <NORD>26711</NORD>
    <SARD>946</SARD>
    <SICI>2133</SICI>
    <SUD>2878</SUD>
  </marketintervaldetail>
  <marketintervaldetail>
    <Data>20170614</Data>
    <Mercato>MGP</Mercato>
    <Ora>16</Ora>
    <Totale>44300</Totale>
    <CNOR>4742</CNOR>
    <CSUD>6671</CSUD>
    <NORD>26939</NORD>
    <SARD>969</SARD>
    <SICI>2134</SICI>
    <SUD>2845</SUD>
  </marketintervaldetail>
  <marketintervaldetail>
    <Data>20170614</Data>
    <Mercato>MGP</Mercato>
    <Ora>17</Ora>
    <Totale>44371</Totale>
    <CNOR>4787</CNOR>
    <CSUD>6516</CSUD>
    <NORD>26882</NORD>
    <SARD>918</SARD>
    <SICI>2232</SICI>
    <SUD>3036</SUD>
  </marketintervaldetail>
  <marketintervaldetail>
    <Data>20170614</Data>
    <Mercato>MGP</Mercato>
    <Ora>18</Ora>
    <Totale>43673</Totale>
    <CNOR>4802</CNOR>
    <CSUD>6387</CSUD>
    <NORD>26230</NORD>
    <SARD>947</SARD>
    <SICI>2287</SICI>
    <SUD>3020</SUD>
  </marketintervaldetail>
  <marketintervaldetail>
    <Data>20170614</Data>
    <Mercato>MGP</Mercato>
    <Ora>19</Ora>
    <Totale>43162</Totale>
    <CNOR>4772</CNOR>
    <CSUD>6571</CSUD>
    <NORD>25479</NORD>
    <SARD>968</SARD>
    <SICI>2297</SICI>
    <SUD>3075</SUD>
  </marketintervaldetail>
  <marketintervaldetail>
    <Data>20170614</Data>
    <Mercato>MGP</Mercato>
    <Ora>20</Ora>
    <Totale>42982</Totale>
    <CNOR>4730</CNOR>
    <CSUD>6590</CSUD>
    <NORD>25116</NORD>
    <SARD>1020</SARD>
    <SICI>2340</SICI>
    <SUD>3186</SUD>
  </marketintervaldetail>
  <marketintervaldetail>
    <Data>20170614</Data>
    <Mercato>MGP</Mercato>
    <Ora>21</Ora>
    <Totale>41925</Totale>
    <CNOR>4428</CNOR>
    <CSUD>6453</CSUD>
    <NORD>24101</NORD>
    <SARD>1107</SARD>
    <SICI>2461</SICI>
    <SUD>3375</SUD>
  </marketintervaldetail>
  <marketintervaldetail>
    <Data>20170614</Data>
    <Mercato>MGP</Mercato>
    <Ora>22</Ora>
    <Totale>41252</Totale>
    <CNOR>4389</CNOR>
    <CSUD>6688</CSUD>
    <NORD>23012</NORD>
    <SARD>1184</SARD>
    <SICI>2436</SICI>
    <SUD>3543</SUD>
  </marketintervaldetail>
  <marketintervaldetail>
    <Data>20170614</Data>
    <Mercato>MGP</Mercato>
    <Ora>23</Ora>
    <Totale>39012</Totale>
    <CNOR>4122</CNOR>
    <CSUD>6314</CSUD>
    <NORD>21956</NORD>
    <SARD>1124</SARD>
    <SICI>2273</SICI>
    <SUD>3223</SUD>
  </marketintervaldetail>
  <marketintervaldetail>
    <Data>20170614</Data>
    <Mercato>MGP</Mercato>
    <Ora>24</Ora>
    <Totale>35412</Totale>
    <CNOR>3632</CNOR>
    <CSUD>5631</CSUD>
    <NORD>20083</NORD>
    <SARD>1031</SARD>
    <SICI>2046</SICI>
    <SUD>2989</SUD>
  </marketintervaldetail>
</NewDataSet>