<?xml version="1.0" standalone="yes"?>
<NewDataSet>
  <xs:schema id="NewDataSet" xmlns="" xmlns:xs="http://www.w3.org/2001/XMLSchema" xmlns:msdata="urn:schemas-microsoft-com:xml-msdata">
    <xs:element name="NewDataSet" msdata:IsDataSet="true" msdata:MainDataTable="marketintervaldetail" msdata:UseCurrentLocale="true">
      <xs:complexType>
        <xs:choice minOccurs="0" maxOccurs="unbounded">
          <xs:element name="marketintervaldetail">
            <xs:complexType>
              <xs:sequence>
                <xs:element name="Data" type="xs:string" minOccurs="0" />
                <xs:element name="Mercato" type="xs:string" minOccurs="0" />
                <xs:element name="Ora" type="xs:string" minOccurs="0" />
                <xs:element name="Totale" type="xs:string" minOccurs="0" />
                <xs:element name="CNOR" type="xs:string" minOccurs="0" />
                <xs:element name="CSUD" type="xs:string" minOccurs="0" />
                <xs:element name="NORD" type="xs:string" minOccurs="0" />
                <xs:element name="SARD" type="xs:string" minOccurs="0" />
                <xs:element name="SICI" type="xs:string" minOccurs="0" />
                <xs:element name="SUD" type="xs:string" minOccurs="0" />
              </xs:sequence>
            </xs:complexType>
          </xs:element>
        </xs:choice>
      </xs:complexType>
    </xs:element>
  </xs:schema>
  <marketintervaldetail>
    <Data>20140516</Data>
    <Mercato>MGP</Mercato>
    <Ora>01</Ora>
    <Totale>27646</Totale>
    <CNOR>3032</CNOR>
    <CSUD>4151</CSUD>
    <NORD>15550</NORD>
    <SARD>882</SARD>
    <SICI>1740</SICI>
    <SUD>2291</SUD>
  </marketintervaldetail>
  <marketintervaldetail>
    <Data>20140516</Data>
    <Mercato>MGP</Mercato>
    <Ora>02</Ora>
    <Totale>26016</Totale>
    <CNOR>2967</CNOR>
    <CSUD>3852</CSUD>
    <NORD>14662</NORD>
    <SARD>839</SARD>
    <SICI>1575</SICI>
    <SUD>2121</SUD>
  </marketintervaldetail>
  <marketintervaldetail>
    <Data>20140516</Data>
    <Mercato>MGP</Mercato>
    <Ora>03</Ora>
    <Totale>25052</Totale>
    <CNOR>2830</CNOR>
    <CSUD>3631</CSUD>
    <NORD>14130</NORD>
    <SARD>816</SARD>
    <SICI>1526</SICI>
    <SUD>2119</SUD>
  </marketintervaldetail>
  <marketintervaldetail>
    <Data>20140516</Data>
    <Mercato>MGP</Mercato>
    <Ora>04</Ora>
    <Totale>24764</Totale>
    <CNOR>2777</CNOR>
    <CSUD>3565</CSUD>
    <NORD>14079</NORD>
    <SARD>811</SARD>
    <SICI>1490</SICI>
    <SUD>2042</SUD>
  </marketintervaldetail>
  <marketintervaldetail>
    <Data>20140516</Data>
    <Mercato>MGP</Mercato>
    <Ora>05</Ora>
    <Totale>25065</Totale>
    <CNOR>2733</CNOR>
    <CSUD>3613</CSUD>
    <NORD>14325</NORD>
    <SARD>812</SARD>
    <SICI>1545</SICI>
    <SUD>2037</SUD>
  </marketintervaldetail>
  <marketintervaldetail>
    <Data>20140516</Data>
    <Mercato>MGP</Mercato>
    <Ora>06</Ora>
    <Totale>25854</Totale>
    <CNOR>2748</CNOR>
    <CSUD>3746</CSUD>
    <NORD>14934</NORD>
    <SARD>833</SARD>
    <SICI>1587</SICI>
    <SUD>2006</SUD>
  </marketintervaldetail>
  <marketintervaldetail>
    <Data>20140516</Data>
    <Mercato>MGP</Mercato>
    <Ora>07</Ora>
    <Totale>28414</Totale>
    <CNOR>3164</CNOR>
    <CSUD>4042</CSUD>
    <NORD>16562</NORD>
    <SARD>874</SARD>
    <SICI>1729</SICI>
    <SUD>2043</SUD>
  </marketintervaldetail>
  <marketintervaldetail>
    <Data>20140516</Data>
    <Mercato>MGP</Mercato>
    <Ora>08</Ora>
    <Totale>33931</Totale>
    <CNOR>3774</CNOR>
    <CSUD>5033</CSUD>
    <NORD>19503</NORD>
    <SARD>989</SARD>
    <SICI>2139</SICI>
    <SUD>2493</SUD>
  </marketintervaldetail>
  <marketintervaldetail>
    <Data>20140516</Data>
    <Mercato>MGP</Mercato>
    <Ora>09</Ora>
    <Totale>38527</Totale>
    <CNOR>4373</CNOR>
    <CSUD>5883</CSUD>
    <NORD>22166</NORD>
    <SARD>1076</SARD>
    <SICI>2337</SICI>
    <SUD>2692</SUD>
  </marketintervaldetail>
  <marketintervaldetail>
    <Data>20140516</Data>
    <Mercato>MGP</Mercato>
    <Ora>10</Ora>
    <Totale>40165</Totale>
    <CNOR>4472</CNOR>
    <CSUD>6426</CSUD>
    <NORD>23039</NORD>
    <SARD>1125</SARD>
    <SICI>2366</SICI>
    <SUD>2737</SUD>
  </marketintervaldetail>
  <marketintervaldetail>
    <Data>20140516</Data>
    <Mercato>MGP</Mercato>
    <Ora>11</Ora>
    <Totale>40973</Totale>
    <CNOR>4580</CNOR>
    <CSUD>6760</CSUD>
    <NORD>23457</NORD>
    <SARD>1092</SARD>
    <SICI>2349</SICI>
    <SUD>2735</SUD>
  </marketintervaldetail>
  <marketintervaldetail>
    <Data>20140516</Data>
    <Mercato>MGP</Mercato>
    <Ora>12</Ora>
    <Totale>40676</Totale>
    <CNOR>4530</CNOR>
    <CSUD>6732</CSUD>
    <NORD>23369</NORD>
    <SARD>1055</SARD>
    <SICI>2292</SICI>
    <SUD>2698</SUD>
  </marketintervaldetail>
  <marketintervaldetail>
    <Data>20140516</Data>
    <Mercato>MGP</Mercato>
    <Ora>13</Ora>
    <Totale>38667</Totale>
    <CNOR>4196</CNOR>
    <CSUD>6585</CSUD>
    <NORD>21928</NORD>
    <SARD>1034</SARD>
    <SICI>2312</SICI>
    <SUD>2612</SUD>
  </marketintervaldetail>
  <marketintervaldetail>
    <Data>20140516</Data>
    <Mercato>MGP</Mercato>
    <Ora>14</Ora>
    <Totale>38058</Totale>
    <CNOR>4234</CNOR>
    <CSUD>6123</CSUD>
    <NORD>21867</NORD>
    <SARD>985</SARD>
    <SICI>2301</SICI>
    <SUD>2548</SUD>
  </marketintervaldetail>
  <marketintervaldetail>
    <Data>20140516</Data>
    <Mercato>MGP</Mercato>
    <Ora>15</Ora>
    <Totale>38435</Totale>
    <CNOR>4277</CNOR>
    <CSUD>5840</CSUD>
    <NORD>22414</NORD>
    <SARD>968</SARD>
    <SICI>2406</SICI>
    <SUD>2530</SUD>
  </marketintervaldetail>
  <marketintervaldetail>
    <Data>20140516</Data>
    <Mercato>MGP</Mercato>
    <Ora>16</Ora>
    <Totale>38383</Totale>
    <CNOR>4517</CNOR>
    <CSUD>5806</CSUD>
    <NORD>22148</NORD>
    <SARD>956</SARD>
    <SICI>2411</SICI>
    <SUD>2545</SUD>
  </marketintervaldetail>
  <marketintervaldetail>
    <Data>20140516</Data>
    <Mercato>MGP</Mercato>
    <Ora>17</Ora>
    <Totale>38608</Totale>
    <CNOR>4627</CNOR>
    <CSUD>5918</CSUD>
    <NORD>22093</NORD>
    <SARD>979</SARD>
    <SICI>2380</SICI>
    <SUD>2611</SUD>
  </marketintervaldetail>
  <marketintervaldetail>
    <Data>20140516</Data>
    <Mercato>MGP</Mercato>
    <Ora>18</Ora>
    <Totale>37917</Totale>
    <CNOR>4576</CNOR>
    <CSUD>5923</CSUD>
    <NORD>21243</NORD>
    <SARD>1046</SARD>
    <SICI>2351</SICI>
    <SUD>2778</SUD>
  </marketintervaldetail>
  <marketintervaldetail>
    <Data>20140516</Data>
    <Mercato>MGP</Mercato>
    <Ora>19</Ora>
    <Totale>36799</Totale>
    <CNOR>4315</CNOR>
    <CSUD>5883</CSUD>
    <NORD>20350</NORD>
    <SARD>1046</SARD>
    <SICI>2352</SICI>
    <SUD>2853</SUD>
  </marketintervaldetail>
  <marketintervaldetail>
    <Data>20140516</Data>
    <Mercato>MGP</Mercato>
    <Ora>20</Ora>
    <Totale>36383</Totale>
    <CNOR>4101</CNOR>
    <CSUD>6002</CSUD>
    <NORD>19975</NORD>
    <SARD>1055</SARD>
    <SICI>2332</SICI>
    <SUD>2918</SUD>
  </marketintervaldetail>
  <marketintervaldetail>
    <Data>20140516</Data>
    <Mercato>MGP</Mercato>
    <Ora>21</Ora>
    <Totale>36039</Totale>
    <CNOR>3982</CNOR>
    <CSUD>5571</CSUD>
    <NORD>19318</NORD>
    <SARD>1082</SARD>
    <SICI>2490</SICI>
    <SUD>3596</SUD>
  </marketintervaldetail>
  <marketintervaldetail>
    <Data>20140516</Data>
    <Mercato>MGP</Mercato>
    <Ora>22</Ora>
    <Totale>35809</Totale>
    <CNOR>4082</CNOR>
    <CSUD>5199</CSUD>
    <NORD>19611</NORD>
    <SARD>1091</SARD>
    <SICI>2319</SICI>
    <SUD>3507</SUD>
  </marketintervaldetail>
  <marketintervaldetail>
    <Data>20140516</Data>
    <Mercato>MGP</Mercato>
    <Ora>23</Ora>
    <Totale>32937</Totale>
    <CNOR>3854</CNOR>
    <CSUD>4728</CSUD>
    <NORD>17891</NORD>
    <SARD>1031</SARD>
    <SICI>2211</SICI>
    <SUD>3222</SUD>
  </marketintervaldetail>
  <marketintervaldetail>
    <Data>20140516</Data>
    <Mercato>MGP</Mercato>
    <Ora>24</Ora>
    <Totale>30160</Totale>
    <CNOR>3611</CNOR>
    <CSUD>4241</CSUD>
    <NORD>16330</NORD>
    <SARD>963</SARD>
    <SICI>2007</SICI>
    <SUD>3008</SUD>
  </marketintervaldetail>
</NewDataSet>