<?xml version="1.0" standalone="yes"?>
<NewDataSet>
  <xs:schema id="NewDataSet" xmlns="" xmlns:xs="http://www.w3.org/2001/XMLSchema" xmlns:msdata="urn:schemas-microsoft-com:xml-msdata">
    <xs:element name="NewDataSet" msdata:IsDataSet="true" msdata:MainDataTable="marketintervaldetail" msdata:UseCurrentLocale="true">
      <xs:complexType>
        <xs:choice minOccurs="0" maxOccurs="unbounded">
          <xs:element name="marketintervaldetail">
            <xs:complexType>
              <xs:sequence>
                <xs:element name="Data" type="xs:string" minOccurs="0" />
                <xs:element name="Mercato" type="xs:string" minOccurs="0" />
                <xs:element name="Ora" type="xs:string" minOccurs="0" />
                <xs:element name="Totale" type="xs:string" minOccurs="0" />
                <xs:element name="CNOR" type="xs:string" minOccurs="0" />
                <xs:element name="CSUD" type="xs:string" minOccurs="0" />
                <xs:element name="NORD" type="xs:string" minOccurs="0" />
                <xs:element name="SARD" type="xs:string" minOccurs="0" />
                <xs:element name="SICI" type="xs:string" minOccurs="0" />
                <xs:element name="SUD" type="xs:string" minOccurs="0" />
              </xs:sequence>
            </xs:complexType>
          </xs:element>
        </xs:choice>
      </xs:complexType>
    </xs:element>
  </xs:schema>
  <marketintervaldetail>
    <Data>20140503</Data>
    <Mercato>MGP</Mercato>
    <Ora>01</Ora>
    <Totale>24381</Totale>
    <CNOR>2806</CNOR>
    <CSUD>4068</CSUD>
    <NORD>13003</NORD>
    <SARD>809</SARD>
    <SICI>1546</SICI>
    <SUD>2149</SUD>
  </marketintervaldetail>
  <marketintervaldetail>
    <Data>20140503</Data>
    <Mercato>MGP</Mercato>
    <Ora>02</Ora>
    <Totale>22784</Totale>
    <CNOR>2599</CNOR>
    <CSUD>3845</CSUD>
    <NORD>12272</NORD>
    <SARD>766</SARD>
    <SICI>1422</SICI>
    <SUD>1880</SUD>
  </marketintervaldetail>
  <marketintervaldetail>
    <Data>20140503</Data>
    <Mercato>MGP</Mercato>
    <Ora>03</Ora>
    <Totale>21913</Totale>
    <CNOR>2473</CNOR>
    <CSUD>3682</CSUD>
    <NORD>11913</NORD>
    <SARD>742</SARD>
    <SICI>1326</SICI>
    <SUD>1777</SUD>
  </marketintervaldetail>
  <marketintervaldetail>
    <Data>20140503</Data>
    <Mercato>MGP</Mercato>
    <Ora>04</Ora>
    <Totale>21463</Totale>
    <CNOR>2462</CNOR>
    <CSUD>3551</CSUD>
    <NORD>11678</NORD>
    <SARD>728</SARD>
    <SICI>1287</SICI>
    <SUD>1757</SUD>
  </marketintervaldetail>
  <marketintervaldetail>
    <Data>20140503</Data>
    <Mercato>MGP</Mercato>
    <Ora>05</Ora>
    <Totale>21498</Totale>
    <CNOR>2497</CNOR>
    <CSUD>3574</CSUD>
    <NORD>11634</NORD>
    <SARD>731</SARD>
    <SICI>1305</SICI>
    <SUD>1757</SUD>
  </marketintervaldetail>
  <marketintervaldetail>
    <Data>20140503</Data>
    <Mercato>MGP</Mercato>
    <Ora>06</Ora>
    <Totale>21762</Totale>
    <CNOR>2497</CNOR>
    <CSUD>3646</CSUD>
    <NORD>11743</NORD>
    <SARD>744</SARD>
    <SICI>1333</SICI>
    <SUD>1799</SUD>
  </marketintervaldetail>
  <marketintervaldetail>
    <Data>20140503</Data>
    <Mercato>MGP</Mercato>
    <Ora>07</Ora>
    <Totale>22195</Totale>
    <CNOR>2511</CNOR>
    <CSUD>3692</CSUD>
    <NORD>12068</NORD>
    <SARD>774</SARD>
    <SICI>1381</SICI>
    <SUD>1769</SUD>
  </marketintervaldetail>
  <marketintervaldetail>
    <Data>20140503</Data>
    <Mercato>MGP</Mercato>
    <Ora>08</Ora>
    <Totale>24511</Totale>
    <CNOR>2836</CNOR>
    <CSUD>4144</CSUD>
    <NORD>13011</NORD>
    <SARD>867</SARD>
    <SICI>1609</SICI>
    <SUD>2044</SUD>
  </marketintervaldetail>
  <marketintervaldetail>
    <Data>20140503</Data>
    <Mercato>MGP</Mercato>
    <Ora>09</Ora>
    <Totale>27590</Totale>
    <CNOR>3162</CNOR>
    <CSUD>4712</CSUD>
    <NORD>14545</NORD>
    <SARD>967</SARD>
    <SICI>1854</SICI>
    <SUD>2350</SUD>
  </marketintervaldetail>
  <marketintervaldetail>
    <Data>20140503</Data>
    <Mercato>MGP</Mercato>
    <Ora>10</Ora>
    <Totale>29403</Totale>
    <CNOR>3335</CNOR>
    <CSUD>5202</CSUD>
    <NORD>15473</NORD>
    <SARD>984</SARD>
    <SICI>2007</SICI>
    <SUD>2402</SUD>
  </marketintervaldetail>
  <marketintervaldetail>
    <Data>20140503</Data>
    <Mercato>MGP</Mercato>
    <Ora>11</Ora>
    <Totale>29541</Totale>
    <CNOR>3228</CNOR>
    <CSUD>5301</CSUD>
    <NORD>15550</NORD>
    <SARD>1028</SARD>
    <SICI>2098</SICI>
    <SUD>2336</SUD>
  </marketintervaldetail>
  <marketintervaldetail>
    <Data>20140503</Data>
    <Mercato>MGP</Mercato>
    <Ora>12</Ora>
    <Totale>29408</Totale>
    <CNOR>3104</CNOR>
    <CSUD>5331</CSUD>
    <NORD>15391</NORD>
    <SARD>982</SARD>
    <SICI>2107</SICI>
    <SUD>2493</SUD>
  </marketintervaldetail>
  <marketintervaldetail>
    <Data>20140503</Data>
    <Mercato>MGP</Mercato>
    <Ora>13</Ora>
    <Totale>29396</Totale>
    <CNOR>3117</CNOR>
    <CSUD>5452</CSUD>
    <NORD>15377</NORD>
    <SARD>1068</SARD>
    <SICI>2030</SICI>
    <SUD>2352</SUD>
  </marketintervaldetail>
  <marketintervaldetail>
    <Data>20140503</Data>
    <Mercato>MGP</Mercato>
    <Ora>14</Ora>
    <Totale>28350</Totale>
    <CNOR>3065</CNOR>
    <CSUD>5288</CSUD>
    <NORD>14731</NORD>
    <SARD>1019</SARD>
    <SICI>1972</SICI>
    <SUD>2275</SUD>
  </marketintervaldetail>
  <marketintervaldetail>
    <Data>20140503</Data>
    <Mercato>MGP</Mercato>
    <Ora>15</Ora>
    <Totale>27239</Totale>
    <CNOR>2986</CNOR>
    <CSUD>5177</CSUD>
    <NORD>14281</NORD>
    <SARD>956</SARD>
    <SICI>1815</SICI>
    <SUD>2024</SUD>
  </marketintervaldetail>
  <marketintervaldetail>
    <Data>20140503</Data>
    <Mercato>MGP</Mercato>
    <Ora>16</Ora>
    <Totale>26458</Totale>
    <CNOR>3038</CNOR>
    <CSUD>4901</CSUD>
    <NORD>13783</NORD>
    <SARD>916</SARD>
    <SICI>1810</SICI>
    <SUD>2010</SUD>
  </marketintervaldetail>
  <marketintervaldetail>
    <Data>20140503</Data>
    <Mercato>MGP</Mercato>
    <Ora>17</Ora>
    <Totale>27473</Totale>
    <CNOR>3140</CNOR>
    <CSUD>5040</CSUD>
    <NORD>14257</NORD>
    <SARD>916</SARD>
    <SICI>1885</SICI>
    <SUD>2235</SUD>
  </marketintervaldetail>
  <marketintervaldetail>
    <Data>20140503</Data>
    <Mercato>MGP</Mercato>
    <Ora>18</Ora>
    <Totale>27654</Totale>
    <CNOR>3127</CNOR>
    <CSUD>5036</CSUD>
    <NORD>14198</NORD>
    <SARD>941</SARD>
    <SICI>1977</SICI>
    <SUD>2375</SUD>
  </marketintervaldetail>
  <marketintervaldetail>
    <Data>20140503</Data>
    <Mercato>MGP</Mercato>
    <Ora>19</Ora>
    <Totale>28074</Totale>
    <CNOR>3239</CNOR>
    <CSUD>5034</CSUD>
    <NORD>14422</NORD>
    <SARD>976</SARD>
    <SICI>1929</SICI>
    <SUD>2474</SUD>
  </marketintervaldetail>
  <marketintervaldetail>
    <Data>20140503</Data>
    <Mercato>MGP</Mercato>
    <Ora>20</Ora>
    <Totale>28517</Totale>
    <CNOR>3339</CNOR>
    <CSUD>5226</CSUD>
    <NORD>14422</NORD>
    <SARD>982</SARD>
    <SICI>1972</SICI>
    <SUD>2576</SUD>
  </marketintervaldetail>
  <marketintervaldetail>
    <Data>20140503</Data>
    <Mercato>MGP</Mercato>
    <Ora>21</Ora>
    <Totale>29888</Totale>
    <CNOR>3485</CNOR>
    <CSUD>5408</CSUD>
    <NORD>14759</NORD>
    <SARD>1040</SARD>
    <SICI>2170</SICI>
    <SUD>3026</SUD>
  </marketintervaldetail>
  <marketintervaldetail>
    <Data>20140503</Data>
    <Mercato>MGP</Mercato>
    <Ora>22</Ora>
    <Totale>29310</Totale>
    <CNOR>3430</CNOR>
    <CSUD>5140</CSUD>
    <NORD>14880</NORD>
    <SARD>1019</SARD>
    <SICI>2031</SICI>
    <SUD>2810</SUD>
  </marketintervaldetail>
  <marketintervaldetail>
    <Data>20140503</Data>
    <Mercato>MGP</Mercato>
    <Ora>23</Ora>
    <Totale>27261</Totale>
    <CNOR>3215</CNOR>
    <CSUD>4745</CSUD>
    <NORD>13879</NORD>
    <SARD>956</SARD>
    <SICI>1862</SICI>
    <SUD>2604</SUD>
  </marketintervaldetail>
  <marketintervaldetail>
    <Data>20140503</Data>
    <Mercato>MGP</Mercato>
    <Ora>24</Ora>
    <Totale>25262</Totale>
    <CNOR>2900</CNOR>
    <CSUD>4356</CSUD>
    <NORD>13000</NORD>
    <SARD>906</SARD>
    <SICI>1722</SICI>
    <SUD>2378</SUD>
  </marketintervaldetail>
</NewDataSet>