<?xml version="1.0" standalone="yes"?>
<NewDataSet>
  <xs:schema id="NewDataSet" xmlns="" xmlns:xs="http://www.w3.org/2001/XMLSchema" xmlns:msdata="urn:schemas-microsoft-com:xml-msdata">
    <xs:element name="NewDataSet" msdata:IsDataSet="true" msdata:MainDataTable="marketintervaldetail" msdata:UseCurrentLocale="true">
      <xs:complexType>
        <xs:choice minOccurs="0" maxOccurs="unbounded">
          <xs:element name="marketintervaldetail">
            <xs:complexType>
              <xs:sequence>
                <xs:element name="Data" type="xs:string" minOccurs="0" />
                <xs:element name="Mercato" type="xs:string" minOccurs="0" />
                <xs:element name="Ora" type="xs:string" minOccurs="0" />
                <xs:element name="Totale" type="xs:string" minOccurs="0" />
                <xs:element name="CNOR" type="xs:string" minOccurs="0" />
                <xs:element name="CSUD" type="xs:string" minOccurs="0" />
                <xs:element name="NORD" type="xs:string" minOccurs="0" />
                <xs:element name="SARD" type="xs:string" minOccurs="0" />
                <xs:element name="SICI" type="xs:string" minOccurs="0" />
                <xs:element name="SUD" type="xs:string" minOccurs="0" />
              </xs:sequence>
            </xs:complexType>
          </xs:element>
        </xs:choice>
      </xs:complexType>
    </xs:element>
  </xs:schema>
  <marketintervaldetail>
    <Data>20140530</Data>
    <Mercato>MGP</Mercato>
    <Ora>01</Ora>
    <Totale>27899</Totale>
    <CNOR>2858</CNOR>
    <CSUD>4296</CSUD>
    <NORD>15801</NORD>
    <SARD>872</SARD>
    <SICI>1744</SICI>
    <SUD>2328</SUD>
  </marketintervaldetail>
  <marketintervaldetail>
    <Data>20140530</Data>
    <Mercato>MGP</Mercato>
    <Ora>02</Ora>
    <Totale>26174</Totale>
    <CNOR>2789</CNOR>
    <CSUD>3985</CSUD>
    <NORD>14901</NORD>
    <SARD>815</SARD>
    <SICI>1597</SICI>
    <SUD>2087</SUD>
  </marketintervaldetail>
  <marketintervaldetail>
    <Data>20140530</Data>
    <Mercato>MGP</Mercato>
    <Ora>03</Ora>
    <Totale>25164</Totale>
    <CNOR>2728</CNOR>
    <CSUD>3806</CSUD>
    <NORD>14334</NORD>
    <SARD>792</SARD>
    <SICI>1515</SICI>
    <SUD>1989</SUD>
  </marketintervaldetail>
  <marketintervaldetail>
    <Data>20140530</Data>
    <Mercato>MGP</Mercato>
    <Ora>04</Ora>
    <Totale>24840</Totale>
    <CNOR>2635</CNOR>
    <CSUD>3717</CSUD>
    <NORD>14280</NORD>
    <SARD>777</SARD>
    <SICI>1492</SICI>
    <SUD>1939</SUD>
  </marketintervaldetail>
  <marketintervaldetail>
    <Data>20140530</Data>
    <Mercato>MGP</Mercato>
    <Ora>05</Ora>
    <Totale>25034</Totale>
    <CNOR>2606</CNOR>
    <CSUD>3686</CSUD>
    <NORD>14509</NORD>
    <SARD>779</SARD>
    <SICI>1478</SICI>
    <SUD>1976</SUD>
  </marketintervaldetail>
  <marketintervaldetail>
    <Data>20140530</Data>
    <Mercato>MGP</Mercato>
    <Ora>06</Ora>
    <Totale>25287</Totale>
    <CNOR>2735</CNOR>
    <CSUD>3760</CSUD>
    <NORD>14550</NORD>
    <SARD>807</SARD>
    <SICI>1476</SICI>
    <SUD>1959</SUD>
  </marketintervaldetail>
  <marketintervaldetail>
    <Data>20140530</Data>
    <Mercato>MGP</Mercato>
    <Ora>07</Ora>
    <Totale>27926</Totale>
    <CNOR>3077</CNOR>
    <CSUD>4126</CSUD>
    <NORD>16265</NORD>
    <SARD>854</SARD>
    <SICI>1562</SICI>
    <SUD>2042</SUD>
  </marketintervaldetail>
  <marketintervaldetail>
    <Data>20140530</Data>
    <Mercato>MGP</Mercato>
    <Ora>08</Ora>
    <Totale>33611</Totale>
    <CNOR>3692</CNOR>
    <CSUD>4908</CSUD>
    <NORD>19721</NORD>
    <SARD>980</SARD>
    <SICI>1867</SICI>
    <SUD>2443</SUD>
  </marketintervaldetail>
  <marketintervaldetail>
    <Data>20140530</Data>
    <Mercato>MGP</Mercato>
    <Ora>09</Ora>
    <Totale>37828</Totale>
    <CNOR>4133</CNOR>
    <CSUD>5464</CSUD>
    <NORD>22441</NORD>
    <SARD>1034</SARD>
    <SICI>2100</SICI>
    <SUD>2656</SUD>
  </marketintervaldetail>
  <marketintervaldetail>
    <Data>20140530</Data>
    <Mercato>MGP</Mercato>
    <Ora>10</Ora>
    <Totale>39621</Totale>
    <CNOR>4262</CNOR>
    <CSUD>5885</CSUD>
    <NORD>23435</NORD>
    <SARD>1061</SARD>
    <SICI>2160</SICI>
    <SUD>2818</SUD>
  </marketintervaldetail>
  <marketintervaldetail>
    <Data>20140530</Data>
    <Mercato>MGP</Mercato>
    <Ora>11</Ora>
    <Totale>40441</Totale>
    <CNOR>4352</CNOR>
    <CSUD>6198</CSUD>
    <NORD>23467</NORD>
    <SARD>1077</SARD>
    <SICI>2246</SICI>
    <SUD>3101</SUD>
  </marketintervaldetail>
  <marketintervaldetail>
    <Data>20140530</Data>
    <Mercato>MGP</Mercato>
    <Ora>12</Ora>
    <Totale>40982</Totale>
    <CNOR>4611</CNOR>
    <CSUD>6225</CSUD>
    <NORD>23695</NORD>
    <SARD>1082</SARD>
    <SICI>2247</SICI>
    <SUD>3122</SUD>
  </marketintervaldetail>
  <marketintervaldetail>
    <Data>20140530</Data>
    <Mercato>MGP</Mercato>
    <Ora>13</Ora>
    <Totale>39234</Totale>
    <CNOR>4353</CNOR>
    <CSUD>6098</CSUD>
    <NORD>22330</NORD>
    <SARD>1051</SARD>
    <SICI>2205</SICI>
    <SUD>3197</SUD>
  </marketintervaldetail>
  <marketintervaldetail>
    <Data>20140530</Data>
    <Mercato>MGP</Mercato>
    <Ora>14</Ora>
    <Totale>38187</Totale>
    <CNOR>4168</CNOR>
    <CSUD>5718</CSUD>
    <NORD>21778</NORD>
    <SARD>1077</SARD>
    <SICI>2084</SICI>
    <SUD>3362</SUD>
  </marketintervaldetail>
  <marketintervaldetail>
    <Data>20140530</Data>
    <Mercato>MGP</Mercato>
    <Ora>15</Ora>
    <Totale>38615</Totale>
    <CNOR>4264</CNOR>
    <CSUD>5804</CSUD>
    <NORD>22945</NORD>
    <SARD>1023</SARD>
    <SICI>1847</SICI>
    <SUD>2732</SUD>
  </marketintervaldetail>
  <marketintervaldetail>
    <Data>20140530</Data>
    <Mercato>MGP</Mercato>
    <Ora>16</Ora>
    <Totale>38062</Totale>
    <CNOR>4184</CNOR>
    <CSUD>5870</CSUD>
    <NORD>22759</NORD>
    <SARD>1018</SARD>
    <SICI>1741</SICI>
    <SUD>2490</SUD>
  </marketintervaldetail>
  <marketintervaldetail>
    <Data>20140530</Data>
    <Mercato>MGP</Mercato>
    <Ora>17</Ora>
    <Totale>37282</Totale>
    <CNOR>4124</CNOR>
    <CSUD>5941</CSUD>
    <NORD>21855</NORD>
    <SARD>1041</SARD>
    <SICI>1923</SICI>
    <SUD>2398</SUD>
  </marketintervaldetail>
  <marketintervaldetail>
    <Data>20140530</Data>
    <Mercato>MGP</Mercato>
    <Ora>18</Ora>
    <Totale>36942</Totale>
    <CNOR>4093</CNOR>
    <CSUD>5722</CSUD>
    <NORD>21353</NORD>
    <SARD>1047</SARD>
    <SICI>2017</SICI>
    <SUD>2710</SUD>
  </marketintervaldetail>
  <marketintervaldetail>
    <Data>20140530</Data>
    <Mercato>MGP</Mercato>
    <Ora>19</Ora>
    <Totale>36124</Totale>
    <CNOR>3802</CNOR>
    <CSUD>5358</CSUD>
    <NORD>21010</NORD>
    <SARD>1056</SARD>
    <SICI>2065</SICI>
    <SUD>2833</SUD>
  </marketintervaldetail>
  <marketintervaldetail>
    <Data>20140530</Data>
    <Mercato>MGP</Mercato>
    <Ora>20</Ora>
    <Totale>35588</Totale>
    <CNOR>3763</CNOR>
    <CSUD>5301</CSUD>
    <NORD>20520</NORD>
    <SARD>1057</SARD>
    <SICI>2052</SICI>
    <SUD>2895</SUD>
  </marketintervaldetail>
  <marketintervaldetail>
    <Data>20140530</Data>
    <Mercato>MGP</Mercato>
    <Ora>21</Ora>
    <Totale>35922</Totale>
    <CNOR>3675</CNOR>
    <CSUD>5482</CSUD>
    <NORD>20110</NORD>
    <SARD>1077</SARD>
    <SICI>2300</SICI>
    <SUD>3278</SUD>
  </marketintervaldetail>
  <marketintervaldetail>
    <Data>20140530</Data>
    <Mercato>MGP</Mercato>
    <Ora>22</Ora>
    <Totale>35642</Totale>
    <CNOR>3626</CNOR>
    <CSUD>5648</CSUD>
    <NORD>19756</NORD>
    <SARD>1098</SARD>
    <SICI>2274</SICI>
    <SUD>3240</SUD>
  </marketintervaldetail>
  <marketintervaldetail>
    <Data>20140530</Data>
    <Mercato>MGP</Mercato>
    <Ora>23</Ora>
    <Totale>32941</Totale>
    <CNOR>3433</CNOR>
    <CSUD>5171</CSUD>
    <NORD>18194</NORD>
    <SARD>1032</SARD>
    <SICI>2110</SICI>
    <SUD>3001</SUD>
  </marketintervaldetail>
  <marketintervaldetail>
    <Data>20140530</Data>
    <Mercato>MGP</Mercato>
    <Ora>24</Ora>
    <Totale>30053</Totale>
    <CNOR>3312</CNOR>
    <CSUD>4679</CSUD>
    <NORD>16465</NORD>
    <SARD>940</SARD>
    <SICI>1921</SICI>
    <SUD>2736</SUD>
  </marketintervaldetail>
</NewDataSet>