<?xml version="1.0" standalone="yes"?>
<NewDataSet>
  <xs:schema id="NewDataSet" xmlns="" xmlns:xs="http://www.w3.org/2001/XMLSchema" xmlns:msdata="urn:schemas-microsoft-com:xml-msdata">
    <xs:element name="NewDataSet" msdata:IsDataSet="true" msdata:MainDataTable="marketintervaldetail" msdata:UseCurrentLocale="true">
      <xs:complexType>
        <xs:choice minOccurs="0" maxOccurs="unbounded">
          <xs:element name="marketintervaldetail">
            <xs:complexType>
              <xs:sequence>
                <xs:element name="Data" type="xs:string" minOccurs="0" />
                <xs:element name="Mercato" type="xs:string" minOccurs="0" />
                <xs:element name="Ora" type="xs:string" minOccurs="0" />
                <xs:element name="Totale" type="xs:string" minOccurs="0" />
                <xs:element name="CNOR" type="xs:string" minOccurs="0" />
                <xs:element name="CSUD" type="xs:string" minOccurs="0" />
                <xs:element name="NORD" type="xs:string" minOccurs="0" />
                <xs:element name="SARD" type="xs:string" minOccurs="0" />
                <xs:element name="SICI" type="xs:string" minOccurs="0" />
                <xs:element name="SUD" type="xs:string" minOccurs="0" />
              </xs:sequence>
            </xs:complexType>
          </xs:element>
        </xs:choice>
      </xs:complexType>
    </xs:element>
  </xs:schema>
  <marketintervaldetail>
    <Data>20140528</Data>
    <Mercato>MGP</Mercato>
    <Ora>01</Ora>
    <Totale>27073</Totale>
    <CNOR>2724</CNOR>
    <CSUD>4370</CSUD>
    <NORD>15066</NORD>
    <SARD>865</SARD>
    <SICI>1679</SICI>
    <SUD>2369</SUD>
  </marketintervaldetail>
  <marketintervaldetail>
    <Data>20140528</Data>
    <Mercato>MGP</Mercato>
    <Ora>02</Ora>
    <Totale>25303</Totale>
    <CNOR>2531</CNOR>
    <CSUD>4067</CSUD>
    <NORD>14210</NORD>
    <SARD>815</SARD>
    <SICI>1550</SICI>
    <SUD>2130</SUD>
  </marketintervaldetail>
  <marketintervaldetail>
    <Data>20140528</Data>
    <Mercato>MGP</Mercato>
    <Ora>03</Ora>
    <Totale>24501</Totale>
    <CNOR>2519</CNOR>
    <CSUD>3899</CSUD>
    <NORD>13788</NORD>
    <SARD>789</SARD>
    <SICI>1469</SICI>
    <SUD>2037</SUD>
  </marketintervaldetail>
  <marketintervaldetail>
    <Data>20140528</Data>
    <Mercato>MGP</Mercato>
    <Ora>04</Ora>
    <Totale>24063</Totale>
    <CNOR>2419</CNOR>
    <CSUD>3808</CSUD>
    <NORD>13648</NORD>
    <SARD>779</SARD>
    <SICI>1424</SICI>
    <SUD>1985</SUD>
  </marketintervaldetail>
  <marketintervaldetail>
    <Data>20140528</Data>
    <Mercato>MGP</Mercato>
    <Ora>05</Ora>
    <Totale>24217</Totale>
    <CNOR>2430</CNOR>
    <CSUD>3802</CSUD>
    <NORD>13786</NORD>
    <SARD>782</SARD>
    <SICI>1426</SICI>
    <SUD>1991</SUD>
  </marketintervaldetail>
  <marketintervaldetail>
    <Data>20140528</Data>
    <Mercato>MGP</Mercato>
    <Ora>06</Ora>
    <Totale>24869</Totale>
    <CNOR>2655</CNOR>
    <CSUD>3910</CSUD>
    <NORD>14116</NORD>
    <SARD>804</SARD>
    <SICI>1454</SICI>
    <SUD>1930</SUD>
  </marketintervaldetail>
  <marketintervaldetail>
    <Data>20140528</Data>
    <Mercato>MGP</Mercato>
    <Ora>07</Ora>
    <Totale>27698</Totale>
    <CNOR>2931</CNOR>
    <CSUD>4143</CSUD>
    <NORD>16105</NORD>
    <SARD>838</SARD>
    <SICI>1574</SICI>
    <SUD>2107</SUD>
  </marketintervaldetail>
  <marketintervaldetail>
    <Data>20140528</Data>
    <Mercato>MGP</Mercato>
    <Ora>08</Ora>
    <Totale>32971</Totale>
    <CNOR>3482</CNOR>
    <CSUD>4980</CSUD>
    <NORD>19177</NORD>
    <SARD>944</SARD>
    <SICI>1944</SICI>
    <SUD>2444</SUD>
  </marketintervaldetail>
  <marketintervaldetail>
    <Data>20140528</Data>
    <Mercato>MGP</Mercato>
    <Ora>09</Ora>
    <Totale>38125</Totale>
    <CNOR>4083</CNOR>
    <CSUD>5838</CSUD>
    <NORD>22251</NORD>
    <SARD>1019</SARD>
    <SICI>2206</SICI>
    <SUD>2728</SUD>
  </marketintervaldetail>
  <marketintervaldetail>
    <Data>20140528</Data>
    <Mercato>MGP</Mercato>
    <Ora>10</Ora>
    <Totale>40337</Totale>
    <CNOR>4393</CNOR>
    <CSUD>6329</CSUD>
    <NORD>23344</NORD>
    <SARD>1026</SARD>
    <SICI>2347</SICI>
    <SUD>2898</SUD>
  </marketintervaldetail>
  <marketintervaldetail>
    <Data>20140528</Data>
    <Mercato>MGP</Mercato>
    <Ora>11</Ora>
    <Totale>41091</Totale>
    <CNOR>4635</CNOR>
    <CSUD>6488</CSUD>
    <NORD>23572</NORD>
    <SARD>1053</SARD>
    <SICI>2313</SICI>
    <SUD>3030</SUD>
  </marketintervaldetail>
  <marketintervaldetail>
    <Data>20140528</Data>
    <Mercato>MGP</Mercato>
    <Ora>12</Ora>
    <Totale>41460</Totale>
    <CNOR>4764</CNOR>
    <CSUD>6546</CSUD>
    <NORD>23715</NORD>
    <SARD>1057</SARD>
    <SICI>2260</SICI>
    <SUD>3118</SUD>
  </marketintervaldetail>
  <marketintervaldetail>
    <Data>20140528</Data>
    <Mercato>MGP</Mercato>
    <Ora>13</Ora>
    <Totale>39085</Totale>
    <CNOR>4471</CNOR>
    <CSUD>6484</CSUD>
    <NORD>21915</NORD>
    <SARD>1028</SARD>
    <SICI>2190</SICI>
    <SUD>2997</SUD>
  </marketintervaldetail>
  <marketintervaldetail>
    <Data>20140528</Data>
    <Mercato>MGP</Mercato>
    <Ora>14</Ora>
    <Totale>38304</Totale>
    <CNOR>4328</CNOR>
    <CSUD>6237</CSUD>
    <NORD>21609</NORD>
    <SARD>1020</SARD>
    <SICI>2152</SICI>
    <SUD>2958</SUD>
  </marketintervaldetail>
  <marketintervaldetail>
    <Data>20140528</Data>
    <Mercato>MGP</Mercato>
    <Ora>15</Ora>
    <Totale>39003</Totale>
    <CNOR>4348</CNOR>
    <CSUD>6204</CSUD>
    <NORD>22440</NORD>
    <SARD>1003</SARD>
    <SICI>2237</SICI>
    <SUD>2771</SUD>
  </marketintervaldetail>
  <marketintervaldetail>
    <Data>20140528</Data>
    <Mercato>MGP</Mercato>
    <Ora>16</Ora>
    <Totale>39373</Totale>
    <CNOR>4662</CNOR>
    <CSUD>6397</CSUD>
    <NORD>22485</NORD>
    <SARD>943</SARD>
    <SICI>2196</SICI>
    <SUD>2690</SUD>
  </marketintervaldetail>
  <marketintervaldetail>
    <Data>20140528</Data>
    <Mercato>MGP</Mercato>
    <Ora>17</Ora>
    <Totale>39525</Totale>
    <CNOR>4719</CNOR>
    <CSUD>6337</CSUD>
    <NORD>22495</NORD>
    <SARD>939</SARD>
    <SICI>2169</SICI>
    <SUD>2866</SUD>
  </marketintervaldetail>
  <marketintervaldetail>
    <Data>20140528</Data>
    <Mercato>MGP</Mercato>
    <Ora>18</Ora>
    <Totale>38742</Totale>
    <CNOR>4433</CNOR>
    <CSUD>6268</CSUD>
    <NORD>21913</NORD>
    <SARD>975</SARD>
    <SICI>2065</SICI>
    <SUD>3088</SUD>
  </marketintervaldetail>
  <marketintervaldetail>
    <Data>20140528</Data>
    <Mercato>MGP</Mercato>
    <Ora>19</Ora>
    <Totale>37575</Totale>
    <CNOR>4237</CNOR>
    <CSUD>6104</CSUD>
    <NORD>21167</NORD>
    <SARD>978</SARD>
    <SICI>2115</SICI>
    <SUD>2974</SUD>
  </marketintervaldetail>
  <marketintervaldetail>
    <Data>20140528</Data>
    <Mercato>MGP</Mercato>
    <Ora>20</Ora>
    <Totale>37193</Totale>
    <CNOR>4236</CNOR>
    <CSUD>6093</CSUD>
    <NORD>20487</NORD>
    <SARD>1015</SARD>
    <SICI>2222</SICI>
    <SUD>3140</SUD>
  </marketintervaldetail>
  <marketintervaldetail>
    <Data>20140528</Data>
    <Mercato>MGP</Mercato>
    <Ora>21</Ora>
    <Totale>37515</Totale>
    <CNOR>3794</CNOR>
    <CSUD>6171</CSUD>
    <NORD>20799</NORD>
    <SARD>1062</SARD>
    <SICI>2357</SICI>
    <SUD>3332</SUD>
  </marketintervaldetail>
  <marketintervaldetail>
    <Data>20140528</Data>
    <Mercato>MGP</Mercato>
    <Ora>22</Ora>
    <Totale>37270</Totale>
    <CNOR>3363</CNOR>
    <CSUD>6104</CSUD>
    <NORD>21244</NORD>
    <SARD>1087</SARD>
    <SICI>2284</SICI>
    <SUD>3188</SUD>
  </marketintervaldetail>
  <marketintervaldetail>
    <Data>20140528</Data>
    <Mercato>MGP</Mercato>
    <Ora>23</Ora>
    <Totale>34073</Totale>
    <CNOR>3059</CNOR>
    <CSUD>5548</CSUD>
    <NORD>19486</NORD>
    <SARD>1012</SARD>
    <SICI>2095</SICI>
    <SUD>2873</SUD>
  </marketintervaldetail>
  <marketintervaldetail>
    <Data>20140528</Data>
    <Mercato>MGP</Mercato>
    <Ora>24</Ora>
    <Totale>31185</Totale>
    <CNOR>2913</CNOR>
    <CSUD>4950</CSUD>
    <NORD>17901</NORD>
    <SARD>950</SARD>
    <SICI>1887</SICI>
    <SUD>2584</SUD>
  </marketintervaldetail>
</NewDataSet>