<?xml version="1.0" standalone="yes"?>
<NewDataSet>
  <xs:schema id="NewDataSet" xmlns="" xmlns:xs="http://www.w3.org/2001/XMLSchema" xmlns:msdata="urn:schemas-microsoft-com:xml-msdata">
    <xs:element name="NewDataSet" msdata:IsDataSet="true" msdata:MainDataTable="marketintervaldetail" msdata:UseCurrentLocale="true">
      <xs:complexType>
        <xs:choice minOccurs="0" maxOccurs="unbounded">
          <xs:element name="marketintervaldetail">
            <xs:complexType>
              <xs:sequence>
                <xs:element name="Data" type="xs:string" minOccurs="0" />
                <xs:element name="Mercato" type="xs:string" minOccurs="0" />
                <xs:element name="Ora" type="xs:string" minOccurs="0" />
                <xs:element name="Totale" type="xs:string" minOccurs="0" />
                <xs:element name="CNOR" type="xs:string" minOccurs="0" />
                <xs:element name="CSUD" type="xs:string" minOccurs="0" />
                <xs:element name="NORD" type="xs:string" minOccurs="0" />
                <xs:element name="SARD" type="xs:string" minOccurs="0" />
                <xs:element name="SICI" type="xs:string" minOccurs="0" />
                <xs:element name="SUD" type="xs:string" minOccurs="0" />
              </xs:sequence>
            </xs:complexType>
          </xs:element>
        </xs:choice>
      </xs:complexType>
    </xs:element>
  </xs:schema>
  <marketintervaldetail>
    <Data>20160509</Data>
    <Mercato>MGP</Mercato>
    <Ora>01</Ora>
    <Totale>22619</Totale>
    <CNOR>2536</CNOR>
    <CSUD>3774</CSUD>
    <NORD>11731</NORD>
    <SARD>806</SARD>
    <SICI>1590</SICI>
    <SUD>2182</SUD>
  </marketintervaldetail>
  <marketintervaldetail>
    <Data>20160509</Data>
    <Mercato>MGP</Mercato>
    <Ora>02</Ora>
    <Totale>21128</Totale>
    <CNOR>2364</CNOR>
    <CSUD>3391</CSUD>
    <NORD>11037</NORD>
    <SARD>756</SARD>
    <SICI>1507</SICI>
    <SUD>2073</SUD>
  </marketintervaldetail>
  <marketintervaldetail>
    <Data>20160509</Data>
    <Mercato>MGP</Mercato>
    <Ora>03</Ora>
    <Totale>20442</Totale>
    <CNOR>2262</CNOR>
    <CSUD>3261</CSUD>
    <NORD>10826</NORD>
    <SARD>734</SARD>
    <SICI>1390</SICI>
    <SUD>1969</SUD>
  </marketintervaldetail>
  <marketintervaldetail>
    <Data>20160509</Data>
    <Mercato>MGP</Mercato>
    <Ora>04</Ora>
    <Totale>20214</Totale>
    <CNOR>2310</CNOR>
    <CSUD>3186</CSUD>
    <NORD>10785</NORD>
    <SARD>722</SARD>
    <SICI>1305</SICI>
    <SUD>1906</SUD>
  </marketintervaldetail>
  <marketintervaldetail>
    <Data>20160509</Data>
    <Mercato>MGP</Mercato>
    <Ora>05</Ora>
    <Totale>20569</Totale>
    <CNOR>2371</CNOR>
    <CSUD>3250</CSUD>
    <NORD>11009</NORD>
    <SARD>723</SARD>
    <SICI>1293</SICI>
    <SUD>1923</SUD>
  </marketintervaldetail>
  <marketintervaldetail>
    <Data>20160509</Data>
    <Mercato>MGP</Mercato>
    <Ora>06</Ora>
    <Totale>22202</Totale>
    <CNOR>2512</CNOR>
    <CSUD>3440</CSUD>
    <NORD>12153</NORD>
    <SARD>751</SARD>
    <SICI>1352</SICI>
    <SUD>1994</SUD>
  </marketintervaldetail>
  <marketintervaldetail>
    <Data>20160509</Data>
    <Mercato>MGP</Mercato>
    <Ora>07</Ora>
    <Totale>25676</Totale>
    <CNOR>2896</CNOR>
    <CSUD>3778</CSUD>
    <NORD>14686</NORD>
    <SARD>810</SARD>
    <SICI>1489</SICI>
    <SUD>2017</SUD>
  </marketintervaldetail>
  <marketintervaldetail>
    <Data>20160509</Data>
    <Mercato>MGP</Mercato>
    <Ora>08</Ora>
    <Totale>31577</Totale>
    <CNOR>3548</CNOR>
    <CSUD>4552</CSUD>
    <NORD>18307</NORD>
    <SARD>927</SARD>
    <SICI>1831</SICI>
    <SUD>2412</SUD>
  </marketintervaldetail>
  <marketintervaldetail>
    <Data>20160509</Data>
    <Mercato>MGP</Mercato>
    <Ora>09</Ora>
    <Totale>36417</Totale>
    <CNOR>4066</CNOR>
    <CSUD>5324</CSUD>
    <NORD>21372</NORD>
    <SARD>985</SARD>
    <SICI>2007</SICI>
    <SUD>2663</SUD>
  </marketintervaldetail>
  <marketintervaldetail>
    <Data>20160509</Data>
    <Mercato>MGP</Mercato>
    <Ora>10</Ora>
    <Totale>38116</Totale>
    <CNOR>4446</CNOR>
    <CSUD>5732</CSUD>
    <NORD>22278</NORD>
    <SARD>977</SARD>
    <SICI>2015</SICI>
    <SUD>2668</SUD>
  </marketintervaldetail>
  <marketintervaldetail>
    <Data>20160509</Data>
    <Mercato>MGP</Mercato>
    <Ora>11</Ora>
    <Totale>37941</Totale>
    <CNOR>4476</CNOR>
    <CSUD>5881</CSUD>
    <NORD>22193</NORD>
    <SARD>938</SARD>
    <SICI>1946</SICI>
    <SUD>2507</SUD>
  </marketintervaldetail>
  <marketintervaldetail>
    <Data>20160509</Data>
    <Mercato>MGP</Mercato>
    <Ora>12</Ora>
    <Totale>37879</Totale>
    <CNOR>4570</CNOR>
    <CSUD>5733</CSUD>
    <NORD>22220</NORD>
    <SARD>904</SARD>
    <SICI>1878</SICI>
    <SUD>2574</SUD>
  </marketintervaldetail>
  <marketintervaldetail>
    <Data>20160509</Data>
    <Mercato>MGP</Mercato>
    <Ora>13</Ora>
    <Totale>36347</Totale>
    <CNOR>4365</CNOR>
    <CSUD>5625</CSUD>
    <NORD>20816</NORD>
    <SARD>895</SARD>
    <SICI>1860</SICI>
    <SUD>2786</SUD>
  </marketintervaldetail>
  <marketintervaldetail>
    <Data>20160509</Data>
    <Mercato>MGP</Mercato>
    <Ora>14</Ora>
    <Totale>35826</Totale>
    <CNOR>4289</CNOR>
    <CSUD>5468</CSUD>
    <NORD>20486</NORD>
    <SARD>873</SARD>
    <SICI>1821</SICI>
    <SUD>2889</SUD>
  </marketintervaldetail>
  <marketintervaldetail>
    <Data>20160509</Data>
    <Mercato>MGP</Mercato>
    <Ora>15</Ora>
    <Totale>36313</Totale>
    <CNOR>4175</CNOR>
    <CSUD>5311</CSUD>
    <NORD>21315</NORD>
    <SARD>878</SARD>
    <SICI>1810</SICI>
    <SUD>2824</SUD>
  </marketintervaldetail>
  <marketintervaldetail>
    <Data>20160509</Data>
    <Mercato>MGP</Mercato>
    <Ora>16</Ora>
    <Totale>36900</Totale>
    <CNOR>4258</CNOR>
    <CSUD>5438</CSUD>
    <NORD>21851</NORD>
    <SARD>890</SARD>
    <SICI>1813</SICI>
    <SUD>2650</SUD>
  </marketintervaldetail>
  <marketintervaldetail>
    <Data>20160509</Data>
    <Mercato>MGP</Mercato>
    <Ora>17</Ora>
    <Totale>36770</Totale>
    <CNOR>4226</CNOR>
    <CSUD>5305</CSUD>
    <NORD>21766</NORD>
    <SARD>923</SARD>
    <SICI>1905</SICI>
    <SUD>2645</SUD>
  </marketintervaldetail>
  <marketintervaldetail>
    <Data>20160509</Data>
    <Mercato>MGP</Mercato>
    <Ora>18</Ora>
    <Totale>36111</Totale>
    <CNOR>4154</CNOR>
    <CSUD>5303</CSUD>
    <NORD>21165</NORD>
    <SARD>969</SARD>
    <SICI>1892</SICI>
    <SUD>2628</SUD>
  </marketintervaldetail>
  <marketintervaldetail>
    <Data>20160509</Data>
    <Mercato>MGP</Mercato>
    <Ora>19</Ora>
    <Totale>35408</Totale>
    <CNOR>4125</CNOR>
    <CSUD>5472</CSUD>
    <NORD>20381</NORD>
    <SARD>978</SARD>
    <SICI>1947</SICI>
    <SUD>2505</SUD>
  </marketintervaldetail>
  <marketintervaldetail>
    <Data>20160509</Data>
    <Mercato>MGP</Mercato>
    <Ora>20</Ora>
    <Totale>36203</Totale>
    <CNOR>4340</CNOR>
    <CSUD>5542</CSUD>
    <NORD>20560</NORD>
    <SARD>1027</SARD>
    <SICI>2031</SICI>
    <SUD>2703</SUD>
  </marketintervaldetail>
  <marketintervaldetail>
    <Data>20160509</Data>
    <Mercato>MGP</Mercato>
    <Ora>21</Ora>
    <Totale>37387</Totale>
    <CNOR>4309</CNOR>
    <CSUD>5942</CSUD>
    <NORD>20579</NORD>
    <SARD>1079</SARD>
    <SICI>2311</SICI>
    <SUD>3167</SUD>
  </marketintervaldetail>
  <marketintervaldetail>
    <Data>20160509</Data>
    <Mercato>MGP</Mercato>
    <Ora>22</Ora>
    <Totale>37019</Totale>
    <CNOR>4304</CNOR>
    <CSUD>5720</CSUD>
    <NORD>20607</NORD>
    <SARD>1084</SARD>
    <SICI>2263</SICI>
    <SUD>3041</SUD>
  </marketintervaldetail>
  <marketintervaldetail>
    <Data>20160509</Data>
    <Mercato>MGP</Mercato>
    <Ora>23</Ora>
    <Totale>33532</Totale>
    <CNOR>3891</CNOR>
    <CSUD>5188</CSUD>
    <NORD>18628</NORD>
    <SARD>1006</SARD>
    <SICI>2053</SICI>
    <SUD>2766</SUD>
  </marketintervaldetail>
  <marketintervaldetail>
    <Data>20160509</Data>
    <Mercato>MGP</Mercato>
    <Ora>24</Ora>
    <Totale>30110</Totale>
    <CNOR>3460</CNOR>
    <CSUD>4519</CSUD>
    <NORD>16886</NORD>
    <SARD>931</SARD>
    <SICI>1834</SICI>
    <SUD>2480</SUD>
  </marketintervaldetail>
</NewDataSet>