<?xml version="1.0" standalone="yes"?>
<NewDataSet>
  <xs:schema id="NewDataSet" xmlns="" xmlns:xs="http://www.w3.org/2001/XMLSchema" xmlns:msdata="urn:schemas-microsoft-com:xml-msdata">
    <xs:element name="NewDataSet" msdata:IsDataSet="true" msdata:MainDataTable="marketintervaldetail" msdata:UseCurrentLocale="true">
      <xs:complexType>
        <xs:choice minOccurs="0" maxOccurs="unbounded">
          <xs:element name="marketintervaldetail">
            <xs:complexType>
              <xs:sequence>
                <xs:element name="Data" type="xs:string" minOccurs="0" />
                <xs:element name="Mercato" type="xs:string" minOccurs="0" />
                <xs:element name="Ora" type="xs:string" minOccurs="0" />
                <xs:element name="Totale" type="xs:string" minOccurs="0" />
                <xs:element name="CNOR" type="xs:string" minOccurs="0" />
                <xs:element name="CSUD" type="xs:string" minOccurs="0" />
                <xs:element name="NORD" type="xs:string" minOccurs="0" />
                <xs:element name="SARD" type="xs:string" minOccurs="0" />
                <xs:element name="SICI" type="xs:string" minOccurs="0" />
                <xs:element name="SUD" type="xs:string" minOccurs="0" />
              </xs:sequence>
            </xs:complexType>
          </xs:element>
        </xs:choice>
      </xs:complexType>
    </xs:element>
  </xs:schema>
  <marketintervaldetail>
    <Data>20160531</Data>
    <Mercato>MGP</Mercato>
    <Ora>01</Ora>
    <Totale>26543</Totale>
    <CNOR>3120</CNOR>
    <CSUD>4164</CSUD>
    <NORD>14541</NORD>
    <SARD>880</SARD>
    <SICI>1653</SICI>
    <SUD>2185</SUD>
  </marketintervaldetail>
  <marketintervaldetail>
    <Data>20160531</Data>
    <Mercato>MGP</Mercato>
    <Ora>02</Ora>
    <Totale>24903</Totale>
    <CNOR>2934</CNOR>
    <CSUD>3812</CSUD>
    <NORD>13708</NORD>
    <SARD>846</SARD>
    <SICI>1515</SICI>
    <SUD>2088</SUD>
  </marketintervaldetail>
  <marketintervaldetail>
    <Data>20160531</Data>
    <Mercato>MGP</Mercato>
    <Ora>03</Ora>
    <Totale>23890</Totale>
    <CNOR>2780</CNOR>
    <CSUD>3662</CSUD>
    <NORD>13207</NORD>
    <SARD>814</SARD>
    <SICI>1444</SICI>
    <SUD>1983</SUD>
  </marketintervaldetail>
  <marketintervaldetail>
    <Data>20160531</Data>
    <Mercato>MGP</Mercato>
    <Ora>04</Ora>
    <Totale>23606</Totale>
    <CNOR>2749</CNOR>
    <CSUD>3575</CSUD>
    <NORD>13102</NORD>
    <SARD>809</SARD>
    <SICI>1434</SICI>
    <SUD>1937</SUD>
  </marketintervaldetail>
  <marketintervaldetail>
    <Data>20160531</Data>
    <Mercato>MGP</Mercato>
    <Ora>05</Ora>
    <Totale>23718</Totale>
    <CNOR>2709</CNOR>
    <CSUD>3592</CSUD>
    <NORD>13241</NORD>
    <SARD>809</SARD>
    <SICI>1440</SICI>
    <SUD>1927</SUD>
  </marketintervaldetail>
  <marketintervaldetail>
    <Data>20160531</Data>
    <Mercato>MGP</Mercato>
    <Ora>06</Ora>
    <Totale>24264</Totale>
    <CNOR>2815</CNOR>
    <CSUD>3632</CSUD>
    <NORD>13685</NORD>
    <SARD>812</SARD>
    <SICI>1465</SICI>
    <SUD>1855</SUD>
  </marketintervaldetail>
  <marketintervaldetail>
    <Data>20160531</Data>
    <Mercato>MGP</Mercato>
    <Ora>07</Ora>
    <Totale>26730</Totale>
    <CNOR>3085</CNOR>
    <CSUD>3919</CSUD>
    <NORD>15429</NORD>
    <SARD>835</SARD>
    <SICI>1522</SICI>
    <SUD>1940</SUD>
  </marketintervaldetail>
  <marketintervaldetail>
    <Data>20160531</Data>
    <Mercato>MGP</Mercato>
    <Ora>08</Ora>
    <Totale>31900</Totale>
    <CNOR>3598</CNOR>
    <CSUD>4730</CSUD>
    <NORD>18526</NORD>
    <SARD>945</SARD>
    <SICI>1810</SICI>
    <SUD>2291</SUD>
  </marketintervaldetail>
  <marketintervaldetail>
    <Data>20160531</Data>
    <Mercato>MGP</Mercato>
    <Ora>09</Ora>
    <Totale>36116</Totale>
    <CNOR>4018</CNOR>
    <CSUD>5344</CSUD>
    <NORD>21328</NORD>
    <SARD>1021</SARD>
    <SICI>2009</SICI>
    <SUD>2396</SUD>
  </marketintervaldetail>
  <marketintervaldetail>
    <Data>20160531</Data>
    <Mercato>MGP</Mercato>
    <Ora>10</Ora>
    <Totale>37851</Totale>
    <CNOR>4148</CNOR>
    <CSUD>5794</CSUD>
    <NORD>22314</NORD>
    <SARD>1054</SARD>
    <SICI>2109</SICI>
    <SUD>2432</SUD>
  </marketintervaldetail>
  <marketintervaldetail>
    <Data>20160531</Data>
    <Mercato>MGP</Mercato>
    <Ora>11</Ora>
    <Totale>38229</Totale>
    <CNOR>4195</CNOR>
    <CSUD>5882</CSUD>
    <NORD>22460</NORD>
    <SARD>1019</SARD>
    <SICI>2107</SICI>
    <SUD>2566</SUD>
  </marketintervaldetail>
  <marketintervaldetail>
    <Data>20160531</Data>
    <Mercato>MGP</Mercato>
    <Ora>12</Ora>
    <Totale>37700</Totale>
    <CNOR>4244</CNOR>
    <CSUD>5925</CSUD>
    <NORD>21926</NORD>
    <SARD>998</SARD>
    <SICI>2040</SICI>
    <SUD>2567</SUD>
  </marketintervaldetail>
  <marketintervaldetail>
    <Data>20160531</Data>
    <Mercato>MGP</Mercato>
    <Ora>13</Ora>
    <Totale>35693</Totale>
    <CNOR>3933</CNOR>
    <CSUD>5805</CSUD>
    <NORD>20281</NORD>
    <SARD>975</SARD>
    <SICI>2088</SICI>
    <SUD>2611</SUD>
  </marketintervaldetail>
  <marketintervaldetail>
    <Data>20160531</Data>
    <Mercato>MGP</Mercato>
    <Ora>14</Ora>
    <Totale>35049</Totale>
    <CNOR>3811</CNOR>
    <CSUD>5632</CSUD>
    <NORD>20213</NORD>
    <SARD>934</SARD>
    <SICI>2039</SICI>
    <SUD>2420</SUD>
  </marketintervaldetail>
  <marketintervaldetail>
    <Data>20160531</Data>
    <Mercato>MGP</Mercato>
    <Ora>15</Ora>
    <Totale>36272</Totale>
    <CNOR>4046</CNOR>
    <CSUD>5667</CSUD>
    <NORD>21279</NORD>
    <SARD>878</SARD>
    <SICI>1978</SICI>
    <SUD>2424</SUD>
  </marketintervaldetail>
  <marketintervaldetail>
    <Data>20160531</Data>
    <Mercato>MGP</Mercato>
    <Ora>16</Ora>
    <Totale>37069</Totale>
    <CNOR>4047</CNOR>
    <CSUD>5726</CSUD>
    <NORD>21791</NORD>
    <SARD>903</SARD>
    <SICI>2127</SICI>
    <SUD>2475</SUD>
  </marketintervaldetail>
  <marketintervaldetail>
    <Data>20160531</Data>
    <Mercato>MGP</Mercato>
    <Ora>17</Ora>
    <Totale>37534</Totale>
    <CNOR>3992</CNOR>
    <CSUD>5786</CSUD>
    <NORD>22200</NORD>
    <SARD>927</SARD>
    <SICI>2142</SICI>
    <SUD>2487</SUD>
  </marketintervaldetail>
  <marketintervaldetail>
    <Data>20160531</Data>
    <Mercato>MGP</Mercato>
    <Ora>18</Ora>
    <Totale>36814</Totale>
    <CNOR>3932</CNOR>
    <CSUD>5830</CSUD>
    <NORD>21442</NORD>
    <SARD>936</SARD>
    <SICI>2105</SICI>
    <SUD>2569</SUD>
  </marketintervaldetail>
  <marketintervaldetail>
    <Data>20160531</Data>
    <Mercato>MGP</Mercato>
    <Ora>19</Ora>
    <Totale>36163</Totale>
    <CNOR>3885</CNOR>
    <CSUD>5788</CSUD>
    <NORD>20703</NORD>
    <SARD>978</SARD>
    <SICI>2147</SICI>
    <SUD>2662</SUD>
  </marketintervaldetail>
  <marketintervaldetail>
    <Data>20160531</Data>
    <Mercato>MGP</Mercato>
    <Ora>20</Ora>
    <Totale>36026</Totale>
    <CNOR>3913</CNOR>
    <CSUD>5853</CSUD>
    <NORD>20239</NORD>
    <SARD>1012</SARD>
    <SICI>2254</SICI>
    <SUD>2755</SUD>
  </marketintervaldetail>
  <marketintervaldetail>
    <Data>20160531</Data>
    <Mercato>MGP</Mercato>
    <Ora>21</Ora>
    <Totale>35999</Totale>
    <CNOR>3785</CNOR>
    <CSUD>5905</CSUD>
    <NORD>19853</NORD>
    <SARD>1085</SARD>
    <SICI>2369</SICI>
    <SUD>3002</SUD>
  </marketintervaldetail>
  <marketintervaldetail>
    <Data>20160531</Data>
    <Mercato>MGP</Mercato>
    <Ora>22</Ora>
    <Totale>36352</Totale>
    <CNOR>3806</CNOR>
    <CSUD>5963</CSUD>
    <NORD>19993</NORD>
    <SARD>1113</SARD>
    <SICI>2394</SICI>
    <SUD>3083</SUD>
  </marketintervaldetail>
  <marketintervaldetail>
    <Data>20160531</Data>
    <Mercato>MGP</Mercato>
    <Ora>23</Ora>
    <Totale>33662</Totale>
    <CNOR>3537</CNOR>
    <CSUD>5452</CSUD>
    <NORD>18532</NORD>
    <SARD>1039</SARD>
    <SICI>2276</SICI>
    <SUD>2826</SUD>
  </marketintervaldetail>
  <marketintervaldetail>
    <Data>20160531</Data>
    <Mercato>MGP</Mercato>
    <Ora>24</Ora>
    <Totale>30370</Totale>
    <CNOR>3257</CNOR>
    <CSUD>4792</CSUD>
    <NORD>16788</NORD>
    <SARD>958</SARD>
    <SICI>2049</SICI>
    <SUD>2526</SUD>
  </marketintervaldetail>
</NewDataSet>