<?xml version="1.0" standalone="yes"?>
<NewDataSet>
  <xs:schema id="NewDataSet" xmlns="" xmlns:xs="http://www.w3.org/2001/XMLSchema" xmlns:msdata="urn:schemas-microsoft-com:xml-msdata">
    <xs:element name="NewDataSet" msdata:IsDataSet="true" msdata:UseCurrentLocale="true">
      <xs:complexType>
        <xs:choice minOccurs="0" maxOccurs="unbounded">
          <xs:element name="Fabbisogno">
            <xs:complexType>
              <xs:sequence>
                <xs:element name="Data" type="xs:string" minOccurs="0" />
                <xs:element name="Mercato" type="xs:string" minOccurs="0" />
                <xs:element name="Ora" type="xs:string" minOccurs="0" />
                <xs:element name="Italia" type="xs:string" minOccurs="0" />
                <xs:element name="CNOR" type="xs:string" minOccurs="0" />
                <xs:element name="CSUD" type="xs:string" minOccurs="0" />
                <xs:element name="NORD" type="xs:string" minOccurs="0" />
                <xs:element name="SARD" type="xs:string" minOccurs="0" />
                <xs:element name="SICI" type="xs:string" minOccurs="0" />
                <xs:element name="SUD" type="xs:string" minOccurs="0" />
              </xs:sequence>
            </xs:complexType>
          </xs:element>
        </xs:choice>
      </xs:complexType>
    </xs:element>
  </xs:schema>
  <Fabbisogno>
    <Data>20160106</Data>
    <Mercato>MGP</Mercato>
    <Ora>1</Ora>
    <Italia>23791,673</Italia>
    <CNOR>2236,732</CNOR>
    <CSUD>3957,902</CSUD>
    <NORD>12258,903</NORD>
    <SARD>825,259</SARD>
    <SICI>1657,106</SICI>
    <SUD>2855,771</SUD>
  </Fabbisogno>
  <Fabbisogno>
    <Data>20160106</Data>
    <Mercato>MGP</Mercato>
    <Ora>2</Ora>
    <Italia>21777,749</Italia>
    <CNOR>2076,663</CNOR>
    <CSUD>3571,101</CSUD>
    <NORD>11181,369</NORD>
    <SARD>769,796</SARD>
    <SICI>1516,066</SICI>
    <SUD>2662,754</SUD>
  </Fabbisogno>
  <Fabbisogno>
    <Data>20160106</Data>
    <Mercato>MGP</Mercato>
    <Ora>3</Ora>
    <Italia>21004,166</Italia>
    <CNOR>1941,439</CNOR>
    <CSUD>3311,368</CSUD>
    <NORD>11148,672</NORD>
    <SARD>732,47</SARD>
    <SICI>1398,808</SICI>
    <SUD>2471,409</SUD>
  </Fabbisogno>
  <Fabbisogno>
    <Data>20160106</Data>
    <Mercato>MGP</Mercato>
    <Ora>4</Ora>
    <Italia>20464,642</Italia>
    <CNOR>1852,27</CNOR>
    <CSUD>3225,809</CSUD>
    <NORD>10955,691</NORD>
    <SARD>712,514</SARD>
    <SICI>1302,173</SICI>
    <SUD>2416,185</SUD>
  </Fabbisogno>
  <Fabbisogno>
    <Data>20160106</Data>
    <Mercato>MGP</Mercato>
    <Ora>5</Ora>
    <Italia>20146,83</Italia>
    <CNOR>1829,491</CNOR>
    <CSUD>3192,811</CSUD>
    <NORD>10742,757</NORD>
    <SARD>711,99</SARD>
    <SICI>1281,415</SICI>
    <SUD>2388,366</SUD>
  </Fabbisogno>
  <Fabbisogno>
    <Data>20160106</Data>
    <Mercato>MGP</Mercato>
    <Ora>6</Ora>
    <Italia>20662,037</Italia>
    <CNOR>1842,853</CNOR>
    <CSUD>3154,383</CSUD>
    <NORD>11331,72</NORD>
    <SARD>690,916</SARD>
    <SICI>1282,123</SICI>
    <SUD>2360,042</SUD>
  </Fabbisogno>
  <Fabbisogno>
    <Data>20160106</Data>
    <Mercato>MGP</Mercato>
    <Ora>7</Ora>
    <Italia>22590,965</Italia>
    <CNOR>2051,43</CNOR>
    <CSUD>3743,15</CSUD>
    <NORD>11968,655</NORD>
    <SARD>796,531</SARD>
    <SICI>1425,184</SICI>
    <SUD>2606,015</SUD>
  </Fabbisogno>
  <Fabbisogno>
    <Data>20160106</Data>
    <Mercato>MGP</Mercato>
    <Ora>8</Ora>
    <Italia>23981,032</Italia>
    <CNOR>2122,956</CNOR>
    <CSUD>4063,18</CSUD>
    <NORD>12744,268</NORD>
    <SARD>841,447</SARD>
    <SICI>1492,99</SICI>
    <SUD>2716,191</SUD>
  </Fabbisogno>
  <Fabbisogno>
    <Data>20160106</Data>
    <Mercato>MGP</Mercato>
    <Ora>9</Ora>
    <Italia>25110,311</Italia>
    <CNOR>2169,438</CNOR>
    <CSUD>4223,192</CSUD>
    <NORD>13147,405</NORD>
    <SARD>879,972</SARD>
    <SICI>1623,917</SICI>
    <SUD>3066,387</SUD>
  </Fabbisogno>
  <Fabbisogno>
    <Data>20160106</Data>
    <Mercato>MGP</Mercato>
    <Ora>10</Ora>
    <Italia>26642,643</Italia>
    <CNOR>2251,653</CNOR>
    <CSUD>4322,356</CSUD>
    <NORD>14134,609</NORD>
    <SARD>894,233</SARD>
    <SICI>1752,449</SICI>
    <SUD>3287,343</SUD>
  </Fabbisogno>
  <Fabbisogno>
    <Data>20160106</Data>
    <Mercato>MGP</Mercato>
    <Ora>11</Ora>
    <Italia>28082,909</Italia>
    <CNOR>2399,421</CNOR>
    <CSUD>4728,864</CSUD>
    <NORD>14672,568</NORD>
    <SARD>952,998</SARD>
    <SICI>1914,345</SICI>
    <SUD>3414,713</SUD>
  </Fabbisogno>
  <Fabbisogno>
    <Data>20160106</Data>
    <Mercato>MGP</Mercato>
    <Ora>12</Ora>
    <Italia>27892,537</Italia>
    <CNOR>2392,866</CNOR>
    <CSUD>4479,501</CSUD>
    <NORD>14844,621</NORD>
    <SARD>890,26</SARD>
    <SICI>1865,695</SICI>
    <SUD>3419,594</SUD>
  </Fabbisogno>
  <Fabbisogno>
    <Data>20160106</Data>
    <Mercato>MGP</Mercato>
    <Ora>13</Ora>
    <Italia>27411,642</Italia>
    <CNOR>2351,87</CNOR>
    <CSUD>4476,549</CSUD>
    <NORD>14437,745</NORD>
    <SARD>885,632</SARD>
    <SICI>1879,117</SICI>
    <SUD>3380,729</SUD>
  </Fabbisogno>
  <Fabbisogno>
    <Data>20160106</Data>
    <Mercato>MGP</Mercato>
    <Ora>14</Ora>
    <Italia>25961,165</Italia>
    <CNOR>2153,43</CNOR>
    <CSUD>4255,71</CSUD>
    <NORD>13755,205</NORD>
    <SARD>831,412</SARD>
    <SICI>1749,919</SICI>
    <SUD>3215,489</SUD>
  </Fabbisogno>
  <Fabbisogno>
    <Data>20160106</Data>
    <Mercato>MGP</Mercato>
    <Ora>15</Ora>
    <Italia>25673,809</Italia>
    <CNOR>2179,492</CNOR>
    <CSUD>4186,851</CSUD>
    <NORD>13848,91</NORD>
    <SARD>806,365</SARD>
    <SICI>1677,185</SICI>
    <SUD>2975,006</SUD>
  </Fabbisogno>
  <Fabbisogno>
    <Data>20160106</Data>
    <Mercato>MGP</Mercato>
    <Ora>16</Ora>
    <Italia>26163,975</Italia>
    <CNOR>2286,676</CNOR>
    <CSUD>4298,206</CSUD>
    <NORD>14013,663</NORD>
    <SARD>823,732</SARD>
    <SICI>1721,584</SICI>
    <SUD>3020,114</SUD>
  </Fabbisogno>
  <Fabbisogno>
    <Data>20160106</Data>
    <Mercato>MGP</Mercato>
    <Ora>17</Ora>
    <Italia>27624,454</Italia>
    <CNOR>2446,822</CNOR>
    <CSUD>4581,083</CSUD>
    <NORD>14686,169</NORD>
    <SARD>861,08</SARD>
    <SICI>1822,994</SICI>
    <SUD>3226,306</SUD>
  </Fabbisogno>
  <Fabbisogno>
    <Data>20160106</Data>
    <Mercato>MGP</Mercato>
    <Ora>18</Ora>
    <Italia>31893,88</Italia>
    <CNOR>2934,249</CNOR>
    <CSUD>5580,398</CSUD>
    <NORD>16274,358</NORD>
    <SARD>1026,094</SARD>
    <SICI>2223,91</SICI>
    <SUD>3854,871</SUD>
  </Fabbisogno>
  <Fabbisogno>
    <Data>20160106</Data>
    <Mercato>MGP</Mercato>
    <Ora>19</Ora>
    <Italia>33054,701</Italia>
    <CNOR>3069,276</CNOR>
    <CSUD>5791,198</CSUD>
    <NORD>16904,803</NORD>
    <SARD>1086,89</SARD>
    <SICI>2255,386</SICI>
    <SUD>3947,148</SUD>
  </Fabbisogno>
  <Fabbisogno>
    <Data>20160106</Data>
    <Mercato>MGP</Mercato>
    <Ora>20</Ora>
    <Italia>33213,971</Italia>
    <CNOR>3176,485</CNOR>
    <CSUD>6066,563</CSUD>
    <NORD>16509,266</NORD>
    <SARD>1113,285</SARD>
    <SICI>2341,06</SICI>
    <SUD>4007,312</SUD>
  </Fabbisogno>
  <Fabbisogno>
    <Data>20160106</Data>
    <Mercato>MGP</Mercato>
    <Ora>21</Ora>
    <Italia>32804,356</Italia>
    <CNOR>3039,467</CNOR>
    <CSUD>5935,83</CSUD>
    <NORD>16357,645</NORD>
    <SARD>1104,071</SARD>
    <SICI>2355,835</SICI>
    <SUD>4011,508</SUD>
  </Fabbisogno>
  <Fabbisogno>
    <Data>20160106</Data>
    <Mercato>MGP</Mercato>
    <Ora>22</Ora>
    <Italia>30537,371</Italia>
    <CNOR>2822,841</CNOR>
    <CSUD>5389,092</CSUD>
    <NORD>15308,367</NORD>
    <SARD>1046,817</SARD>
    <SICI>2263,619</SICI>
    <SUD>3706,635</SUD>
  </Fabbisogno>
  <Fabbisogno>
    <Data>20160106</Data>
    <Mercato>MGP</Mercato>
    <Ora>23</Ora>
    <Italia>28510,634</Italia>
    <CNOR>2676,584</CNOR>
    <CSUD>5092,452</CSUD>
    <NORD>14264,759</NORD>
    <SARD>1005,475</SARD>
    <SICI>2095,362</SICI>
    <SUD>3376,002</SUD>
  </Fabbisogno>
  <Fabbisogno>
    <Data>20160106</Data>
    <Mercato>MGP</Mercato>
    <Ora>24</Ora>
    <Italia>25516,541</Italia>
    <CNOR>2384,69</CNOR>
    <CSUD>4440,205</CSUD>
    <NORD>12818,321</NORD>
    <SARD>908,921</SARD>
    <SICI>1862,964</SICI>
    <SUD>3101,44</SUD>
  </Fabbisogno>
</NewDataSet>