<?xml version="1.0" standalone="yes"?>
<NewDataSet>
  <xs:schema id="NewDataSet" xmlns="" xmlns:xs="http://www.w3.org/2001/XMLSchema" xmlns:msdata="urn:schemas-microsoft-com:xml-msdata">
    <xs:element name="NewDataSet" msdata:IsDataSet="true" msdata:UseCurrentLocale="true">
      <xs:complexType>
        <xs:choice minOccurs="0" maxOccurs="unbounded">
          <xs:element name="Fabbisogno">
            <xs:complexType>
              <xs:sequence>
                <xs:element name="Data" type="xs:string" minOccurs="0" />
                <xs:element name="Mercato" type="xs:string" minOccurs="0" />
                <xs:element name="Ora" type="xs:string" minOccurs="0" />
                <xs:element name="Italia" type="xs:string" minOccurs="0" />
                <xs:element name="CNOR" type="xs:string" minOccurs="0" />
                <xs:element name="CSUD" type="xs:string" minOccurs="0" />
                <xs:element name="NORD" type="xs:string" minOccurs="0" />
                <xs:element name="SARD" type="xs:string" minOccurs="0" />
                <xs:element name="SICI" type="xs:string" minOccurs="0" />
                <xs:element name="SUD" type="xs:string" minOccurs="0" />
              </xs:sequence>
            </xs:complexType>
          </xs:element>
        </xs:choice>
      </xs:complexType>
    </xs:element>
  </xs:schema>
  <Fabbisogno>
    <Data>20160115</Data>
    <Mercato>MGP</Mercato>
    <Ora>1</Ora>
    <Italia>27925,78</Italia>
    <CNOR>2459,032</CNOR>
    <CSUD>4155,671</CSUD>
    <NORD>15897,857</NORD>
    <SARD>800,874</SARD>
    <SICI>1574,512</SICI>
    <SUD>3037,834</SUD>
  </Fabbisogno>
  <Fabbisogno>
    <Data>20160115</Data>
    <Mercato>MGP</Mercato>
    <Ora>2</Ora>
    <Italia>26844,073</Italia>
    <CNOR>2297,227</CNOR>
    <CSUD>3820,486</CSUD>
    <NORD>15745,108</NORD>
    <SARD>752,936</SARD>
    <SICI>1351,491</SICI>
    <SUD>2876,825</SUD>
  </Fabbisogno>
  <Fabbisogno>
    <Data>20160115</Data>
    <Mercato>MGP</Mercato>
    <Ora>3</Ora>
    <Italia>25264,192</Italia>
    <CNOR>2064,431</CNOR>
    <CSUD>3177,949</CSUD>
    <NORD>15466,992</NORD>
    <SARD>625,711</SARD>
    <SICI>1253,749</SICI>
    <SUD>2675,36</SUD>
  </Fabbisogno>
  <Fabbisogno>
    <Data>20160115</Data>
    <Mercato>MGP</Mercato>
    <Ora>4</Ora>
    <Italia>25161,265</Italia>
    <CNOR>2039,503</CNOR>
    <CSUD>3174,913</CSUD>
    <NORD>15487,986</NORD>
    <SARD>602,231</SARD>
    <SICI>1202,606</SICI>
    <SUD>2654,026</SUD>
  </Fabbisogno>
  <Fabbisogno>
    <Data>20160115</Data>
    <Mercato>MGP</Mercato>
    <Ora>5</Ora>
    <Italia>25458,523</Italia>
    <CNOR>2063,58</CNOR>
    <CSUD>3133,318</CSUD>
    <NORD>15760,513</NORD>
    <SARD>610,707</SARD>
    <SICI>1221,022</SICI>
    <SUD>2669,383</SUD>
  </Fabbisogno>
  <Fabbisogno>
    <Data>20160115</Data>
    <Mercato>MGP</Mercato>
    <Ora>6</Ora>
    <Italia>26928,103</Italia>
    <CNOR>2192,303</CNOR>
    <CSUD>3373,787</CSUD>
    <NORD>16646,273</NORD>
    <SARD>642,303</SARD>
    <SICI>1301,756</SICI>
    <SUD>2771,681</SUD>
  </Fabbisogno>
  <Fabbisogno>
    <Data>20160115</Data>
    <Mercato>MGP</Mercato>
    <Ora>7</Ora>
    <Italia>31369,802</Italia>
    <CNOR>2554,962</CNOR>
    <CSUD>3899,373</CSUD>
    <NORD>19479,512</NORD>
    <SARD>742,735</SARD>
    <SICI>1521,305</SICI>
    <SUD>3171,915</SUD>
  </Fabbisogno>
  <Fabbisogno>
    <Data>20160115</Data>
    <Mercato>MGP</Mercato>
    <Ora>8</Ora>
    <Italia>37817,145</Italia>
    <CNOR>3108,146</CNOR>
    <CSUD>4662,89</CSUD>
    <NORD>23689,409</NORD>
    <SARD>901,973</SARD>
    <SICI>1831,334</SICI>
    <SUD>3623,393</SUD>
  </Fabbisogno>
  <Fabbisogno>
    <Data>20160115</Data>
    <Mercato>MGP</Mercato>
    <Ora>9</Ora>
    <Italia>41572,756</Italia>
    <CNOR>3525,792</CNOR>
    <CSUD>5113,357</CSUD>
    <NORD>25879,55</NORD>
    <SARD>962,836</SARD>
    <SICI>1968,691</SICI>
    <SUD>4122,53</SUD>
  </Fabbisogno>
  <Fabbisogno>
    <Data>20160115</Data>
    <Mercato>MGP</Mercato>
    <Ora>10</Ora>
    <Italia>42785,536</Italia>
    <CNOR>3678,179</CNOR>
    <CSUD>5429,548</CSUD>
    <NORD>26461,823</NORD>
    <SARD>992,76</SARD>
    <SICI>1987,389</SICI>
    <SUD>4235,837</SUD>
  </Fabbisogno>
  <Fabbisogno>
    <Data>20160115</Data>
    <Mercato>MGP</Mercato>
    <Ora>11</Ora>
    <Italia>42083,454</Italia>
    <CNOR>3650,296</CNOR>
    <CSUD>5438,775</CSUD>
    <NORD>25849,877</NORD>
    <SARD>944,326</SARD>
    <SICI>1941,764</SICI>
    <SUD>4258,416</SUD>
  </Fabbisogno>
  <Fabbisogno>
    <Data>20160115</Data>
    <Mercato>MGP</Mercato>
    <Ora>12</Ora>
    <Italia>41653,33</Italia>
    <CNOR>3650,029</CNOR>
    <CSUD>5395,745</CSUD>
    <NORD>25606,276</NORD>
    <SARD>921,396</SARD>
    <SICI>1864,64</SICI>
    <SUD>4215,244</SUD>
  </Fabbisogno>
  <Fabbisogno>
    <Data>20160115</Data>
    <Mercato>MGP</Mercato>
    <Ora>13</Ora>
    <Italia>39299,122</Italia>
    <CNOR>3374,932</CNOR>
    <CSUD>5369,469</CSUD>
    <NORD>23696,181</NORD>
    <SARD>904,065</SARD>
    <SICI>1866,883</SICI>
    <SUD>4087,592</SUD>
  </Fabbisogno>
  <Fabbisogno>
    <Data>20160115</Data>
    <Mercato>MGP</Mercato>
    <Ora>14</Ora>
    <Italia>38764,046</Italia>
    <CNOR>3202,635</CNOR>
    <CSUD>5136,151</CSUD>
    <NORD>23792,892</NORD>
    <SARD>865,287</SARD>
    <SICI>1824,887</SICI>
    <SUD>3942,194</SUD>
  </Fabbisogno>
  <Fabbisogno>
    <Data>20160115</Data>
    <Mercato>MGP</Mercato>
    <Ora>15</Ora>
    <Italia>39892,164</Italia>
    <CNOR>3381,621</CNOR>
    <CSUD>5218,797</CSUD>
    <NORD>24716,941</NORD>
    <SARD>861,295</SARD>
    <SICI>1831,361</SICI>
    <SUD>3882,149</SUD>
  </Fabbisogno>
  <Fabbisogno>
    <Data>20160115</Data>
    <Mercato>MGP</Mercato>
    <Ora>16</Ora>
    <Italia>40672,418</Italia>
    <CNOR>3492,447</CNOR>
    <CSUD>5325,737</CSUD>
    <NORD>25107,281</NORD>
    <SARD>887,999</SARD>
    <SICI>1888,741</SICI>
    <SUD>3970,213</SUD>
  </Fabbisogno>
  <Fabbisogno>
    <Data>20160115</Data>
    <Mercato>MGP</Mercato>
    <Ora>17</Ora>
    <Italia>41777,505</Italia>
    <CNOR>3675,393</CNOR>
    <CSUD>5554,805</CSUD>
    <NORD>25352,646</NORD>
    <SARD>929,059</SARD>
    <SICI>2060,506</SICI>
    <SUD>4205,096</SUD>
  </Fabbisogno>
  <Fabbisogno>
    <Data>20160115</Data>
    <Mercato>MGP</Mercato>
    <Ora>18</Ora>
    <Italia>44955,522</Italia>
    <CNOR>4085,218</CNOR>
    <CSUD>6718,234</CSUD>
    <NORD>25637,788</NORD>
    <SARD>1132,863</SARD>
    <SICI>2470,393</SICI>
    <SUD>4911,026</SUD>
  </Fabbisogno>
  <Fabbisogno>
    <Data>20160115</Data>
    <Mercato>MGP</Mercato>
    <Ora>19</Ora>
    <Italia>43014,488</Italia>
    <CNOR>4014,2</CNOR>
    <CSUD>6714,348</CSUD>
    <NORD>23637,429</NORD>
    <SARD>1150,36</SARD>
    <SICI>2582,228</SICI>
    <SUD>4915,923</SUD>
  </Fabbisogno>
  <Fabbisogno>
    <Data>20160115</Data>
    <Mercato>MGP</Mercato>
    <Ora>20</Ora>
    <Italia>42065,588</Italia>
    <CNOR>3996,099</CNOR>
    <CSUD>6911,301</CSUD>
    <NORD>22552,24</NORD>
    <SARD>1202,77</SARD>
    <SICI>2612,175</SICI>
    <SUD>4791,003</SUD>
  </Fabbisogno>
  <Fabbisogno>
    <Data>20160115</Data>
    <Mercato>MGP</Mercato>
    <Ora>21</Ora>
    <Italia>39757,804</Italia>
    <CNOR>3660,355</CNOR>
    <CSUD>6528,931</CSUD>
    <NORD>21190,773</NORD>
    <SARD>1188,591</SARD>
    <SICI>2564,994</SICI>
    <SUD>4624,16</SUD>
  </Fabbisogno>
  <Fabbisogno>
    <Data>20160115</Data>
    <Mercato>MGP</Mercato>
    <Ora>22</Ora>
    <Italia>36943,03</Italia>
    <CNOR>3350,179</CNOR>
    <CSUD>5877,442</CSUD>
    <NORD>20281,052</NORD>
    <SARD>1058,514</SARD>
    <SICI>2263,788</SICI>
    <SUD>4112,055</SUD>
  </Fabbisogno>
  <Fabbisogno>
    <Data>20160115</Data>
    <Mercato>MGP</Mercato>
    <Ora>23</Ora>
    <Italia>33317,748</Italia>
    <CNOR>3007,954</CNOR>
    <CSUD>5359,763</CSUD>
    <NORD>18214,999</NORD>
    <SARD>998,913</SARD>
    <SICI>2033,121</SICI>
    <SUD>3702,998</SUD>
  </Fabbisogno>
  <Fabbisogno>
    <Data>20160115</Data>
    <Mercato>MGP</Mercato>
    <Ora>24</Ora>
    <Italia>30104,827</Italia>
    <CNOR>2579,376</CNOR>
    <CSUD>4294,656</CSUD>
    <NORD>17321,935</NORD>
    <SARD>810,8</SARD>
    <SICI>1767,629</SICI>
    <SUD>3330,431</SUD>
  </Fabbisogno>
</NewDataSet>