<?xml version="1.0" standalone="yes"?>
<NewDataSet>
  <xs:schema id="NewDataSet" xmlns="" xmlns:xs="http://www.w3.org/2001/XMLSchema" xmlns:msdata="urn:schemas-microsoft-com:xml-msdata">
    <xs:element name="NewDataSet" msdata:IsDataSet="true" msdata:UseCurrentLocale="true">
      <xs:complexType>
        <xs:choice minOccurs="0" maxOccurs="unbounded">
          <xs:element name="Fabbisogno">
            <xs:complexType>
              <xs:sequence>
                <xs:element name="Data" type="xs:string" minOccurs="0" />
                <xs:element name="Mercato" type="xs:string" minOccurs="0" />
                <xs:element name="Ora" type="xs:string" minOccurs="0" />
                <xs:element name="Italia" type="xs:string" minOccurs="0" />
                <xs:element name="CNOR" type="xs:string" minOccurs="0" />
                <xs:element name="CSUD" type="xs:string" minOccurs="0" />
                <xs:element name="NORD" type="xs:string" minOccurs="0" />
                <xs:element name="SARD" type="xs:string" minOccurs="0" />
                <xs:element name="SICI" type="xs:string" minOccurs="0" />
                <xs:element name="SUD" type="xs:string" minOccurs="0" />
              </xs:sequence>
            </xs:complexType>
          </xs:element>
        </xs:choice>
      </xs:complexType>
    </xs:element>
  </xs:schema>
  <Fabbisogno>
    <Data>20160125</Data>
    <Mercato>MGP</Mercato>
    <Ora>1</Ora>
    <Italia>24917,592</Italia>
    <CNOR>2390,347</CNOR>
    <CSUD>3992,212</CSUD>
    <NORD>13506,063</NORD>
    <SARD>804,448</SARD>
    <SICI>1575,574</SICI>
    <SUD>2648,948</SUD>
  </Fabbisogno>
  <Fabbisogno>
    <Data>20160125</Data>
    <Mercato>MGP</Mercato>
    <Ora>2</Ora>
    <Italia>23059,033</Italia>
    <CNOR>2208,707</CNOR>
    <CSUD>3603,577</CSUD>
    <NORD>12710,038</NORD>
    <SARD>737,983</SARD>
    <SICI>1320,089</SICI>
    <SUD>2478,639</SUD>
  </Fabbisogno>
  <Fabbisogno>
    <Data>20160125</Data>
    <Mercato>MGP</Mercato>
    <Ora>3</Ora>
    <Italia>21671,121</Italia>
    <CNOR>1991,597</CNOR>
    <CSUD>3034,178</CSUD>
    <NORD>12565,845</NORD>
    <SARD>616,787</SARD>
    <SICI>1205,31</SICI>
    <SUD>2257,404</SUD>
  </Fabbisogno>
  <Fabbisogno>
    <Data>20160125</Data>
    <Mercato>MGP</Mercato>
    <Ora>4</Ora>
    <Italia>22488,184</Italia>
    <CNOR>2137,173</CNOR>
    <CSUD>3396,117</CSUD>
    <NORD>12682,355</NORD>
    <SARD>706,086</SARD>
    <SICI>1181,979</SICI>
    <SUD>2384,474</SUD>
  </Fabbisogno>
  <Fabbisogno>
    <Data>20160125</Data>
    <Mercato>MGP</Mercato>
    <Ora>5</Ora>
    <Italia>22121,819</Italia>
    <CNOR>2001,071</CNOR>
    <CSUD>3038,675</CSUD>
    <NORD>13027,258</NORD>
    <SARD>613,924</SARD>
    <SICI>1166,115</SICI>
    <SUD>2274,776</SUD>
  </Fabbisogno>
  <Fabbisogno>
    <Data>20160125</Data>
    <Mercato>MGP</Mercato>
    <Ora>6</Ora>
    <Italia>24118,198</Italia>
    <CNOR>2157,285</CNOR>
    <CSUD>3266,933</CSUD>
    <NORD>14397,923</NORD>
    <SARD>646,292</SARD>
    <SICI>1248,666</SICI>
    <SUD>2401,099</SUD>
  </Fabbisogno>
  <Fabbisogno>
    <Data>20160125</Data>
    <Mercato>MGP</Mercato>
    <Ora>7</Ora>
    <Italia>30006,142</Italia>
    <CNOR>2475,62</CNOR>
    <CSUD>3944,296</CSUD>
    <NORD>18330,53</NORD>
    <SARD>744,664</SARD>
    <SICI>1486,928</SICI>
    <SUD>3024,104</SUD>
  </Fabbisogno>
  <Fabbisogno>
    <Data>20160125</Data>
    <Mercato>MGP</Mercato>
    <Ora>8</Ora>
    <Italia>36840,885</Italia>
    <CNOR>3096,941</CNOR>
    <CSUD>4721,878</CSUD>
    <NORD>22900,477</NORD>
    <SARD>917,418</SARD>
    <SICI>1777,802</SICI>
    <SUD>3426,369</SUD>
  </Fabbisogno>
  <Fabbisogno>
    <Data>20160125</Data>
    <Mercato>MGP</Mercato>
    <Ora>9</Ora>
    <Italia>41149,422</Italia>
    <CNOR>3613,287</CNOR>
    <CSUD>5260,117</CSUD>
    <NORD>25479,145</NORD>
    <SARD>974,877</SARD>
    <SICI>1959,082</SICI>
    <SUD>3862,914</SUD>
  </Fabbisogno>
  <Fabbisogno>
    <Data>20160125</Data>
    <Mercato>MGP</Mercato>
    <Ora>10</Ora>
    <Italia>43303,905</Italia>
    <CNOR>3761,995</CNOR>
    <CSUD>6015,457</CSUD>
    <NORD>26239,991</NORD>
    <SARD>1060,952</SARD>
    <SICI>2103,965</SICI>
    <SUD>4121,545</SUD>
  </Fabbisogno>
  <Fabbisogno>
    <Data>20160125</Data>
    <Mercato>MGP</Mercato>
    <Ora>11</Ora>
    <Italia>41820,382</Italia>
    <CNOR>3689,436</CNOR>
    <CSUD>5493,808</CSUD>
    <NORD>25748,402</NORD>
    <SARD>908,265</SARD>
    <SICI>1950,288</SICI>
    <SUD>4030,183</SUD>
  </Fabbisogno>
  <Fabbisogno>
    <Data>20160125</Data>
    <Mercato>MGP</Mercato>
    <Ora>12</Ora>
    <Italia>42201,467</Italia>
    <CNOR>3860,642</CNOR>
    <CSUD>6140,88</CSUD>
    <NORD>25123,777</NORD>
    <SARD>1010,19</SARD>
    <SICI>2028,277</SICI>
    <SUD>4037,701</SUD>
  </Fabbisogno>
  <Fabbisogno>
    <Data>20160125</Data>
    <Mercato>MGP</Mercato>
    <Ora>13</Ora>
    <Italia>38864,584</Italia>
    <CNOR>3388,166</CNOR>
    <CSUD>5349,623</CSUD>
    <NORD>23362,905</NORD>
    <SARD>866,695</SARD>
    <SICI>1883,92</SICI>
    <SUD>4013,275</SUD>
  </Fabbisogno>
  <Fabbisogno>
    <Data>20160125</Data>
    <Mercato>MGP</Mercato>
    <Ora>14</Ora>
    <Italia>37470,976</Italia>
    <CNOR>3236,084</CNOR>
    <CSUD>5190,377</CSUD>
    <NORD>22591,754</NORD>
    <SARD>834,591</SARD>
    <SICI>1861,773</SICI>
    <SUD>3756,397</SUD>
  </Fabbisogno>
  <Fabbisogno>
    <Data>20160125</Data>
    <Mercato>MGP</Mercato>
    <Ora>15</Ora>
    <Italia>38859,789</Italia>
    <CNOR>3510,394</CNOR>
    <CSUD>5286,807</CSUD>
    <NORD>23609,283</NORD>
    <SARD>821,207</SARD>
    <SICI>1873,251</SICI>
    <SUD>3758,847</SUD>
  </Fabbisogno>
  <Fabbisogno>
    <Data>20160125</Data>
    <Mercato>MGP</Mercato>
    <Ora>16</Ora>
    <Italia>40275,312</Italia>
    <CNOR>3640,916</CNOR>
    <CSUD>5419,958</CSUD>
    <NORD>24582,546</NORD>
    <SARD>840,417</SARD>
    <SICI>1926,059</SICI>
    <SUD>3865,416</SUD>
  </Fabbisogno>
  <Fabbisogno>
    <Data>20160125</Data>
    <Mercato>MGP</Mercato>
    <Ora>17</Ora>
    <Italia>41859,529</Italia>
    <CNOR>3853,151</CNOR>
    <CSUD>5792,419</CSUD>
    <NORD>25175,332</NORD>
    <SARD>900,623</SARD>
    <SICI>2102,575</SICI>
    <SUD>4035,429</SUD>
  </Fabbisogno>
  <Fabbisogno>
    <Data>20160125</Data>
    <Mercato>MGP</Mercato>
    <Ora>18</Ora>
    <Italia>45755,521</Italia>
    <CNOR>4375,08</CNOR>
    <CSUD>7000,566</CSUD>
    <NORD>25865,859</NORD>
    <SARD>1086,301</SARD>
    <SICI>2526,607</SICI>
    <SUD>4901,108</SUD>
  </Fabbisogno>
  <Fabbisogno>
    <Data>20160125</Data>
    <Mercato>MGP</Mercato>
    <Ora>19</Ora>
    <Italia>44502,425</Italia>
    <CNOR>4178,422</CNOR>
    <CSUD>6654,62</CSUD>
    <NORD>25002,361</NORD>
    <SARD>1058,584</SARD>
    <SICI>2684,248</SICI>
    <SUD>4924,19</SUD>
  </Fabbisogno>
  <Fabbisogno>
    <Data>20160125</Data>
    <Mercato>MGP</Mercato>
    <Ora>20</Ora>
    <Italia>44293,164</Italia>
    <CNOR>4210,08</CNOR>
    <CSUD>7182,013</CSUD>
    <NORD>24090,527</NORD>
    <SARD>1213,309</SARD>
    <SICI>2719,851</SICI>
    <SUD>4877,384</SUD>
  </Fabbisogno>
  <Fabbisogno>
    <Data>20160125</Data>
    <Mercato>MGP</Mercato>
    <Ora>21</Ora>
    <Italia>41412,506</Italia>
    <CNOR>3873,751</CNOR>
    <CSUD>6817,175</CSUD>
    <NORD>22180,456</NORD>
    <SARD>1189,446</SARD>
    <SICI>2643,242</SICI>
    <SUD>4708,436</SUD>
  </Fabbisogno>
  <Fabbisogno>
    <Data>20160125</Data>
    <Mercato>MGP</Mercato>
    <Ora>22</Ora>
    <Italia>38626,991</Italia>
    <CNOR>3598,323</CNOR>
    <CSUD>6278,1</CSUD>
    <NORD>20929,547</NORD>
    <SARD>1103,787</SARD>
    <SICI>2396,977</SICI>
    <SUD>4320,257</SUD>
  </Fabbisogno>
  <Fabbisogno>
    <Data>20160125</Data>
    <Mercato>MGP</Mercato>
    <Ora>23</Ora>
    <Italia>34759,09</Italia>
    <CNOR>3185,706</CNOR>
    <CSUD>5622,666</CSUD>
    <NORD>18968,574</NORD>
    <SARD>1004,835</SARD>
    <SICI>2170,129</SICI>
    <SUD>3807,18</SUD>
  </Fabbisogno>
  <Fabbisogno>
    <Data>20160125</Data>
    <Mercato>MGP</Mercato>
    <Ora>24</Ora>
    <Italia>31099,236</Italia>
    <CNOR>2843,113</CNOR>
    <CSUD>4912,086</CSUD>
    <NORD>17279,098</NORD>
    <SARD>896,371</SARD>
    <SICI>1748,282</SICI>
    <SUD>3420,286</SUD>
  </Fabbisogno>
</NewDataSet>