<?xml version="1.0" standalone="yes"?>
<NewDataSet>
  <xs:schema id="NewDataSet" xmlns="" xmlns:xs="http://www.w3.org/2001/XMLSchema" xmlns:msdata="urn:schemas-microsoft-com:xml-msdata">
    <xs:element name="NewDataSet" msdata:IsDataSet="true" msdata:UseCurrentLocale="true">
      <xs:complexType>
        <xs:choice minOccurs="0" maxOccurs="unbounded">
          <xs:element name="Fabbisogno">
            <xs:complexType>
              <xs:sequence>
                <xs:element name="Data" type="xs:string" minOccurs="0" />
                <xs:element name="Mercato" type="xs:string" minOccurs="0" />
                <xs:element name="Ora" type="xs:string" minOccurs="0" />
                <xs:element name="Italia" type="xs:string" minOccurs="0" />
                <xs:element name="CNOR" type="xs:string" minOccurs="0" />
                <xs:element name="CSUD" type="xs:string" minOccurs="0" />
                <xs:element name="NORD" type="xs:string" minOccurs="0" />
                <xs:element name="SARD" type="xs:string" minOccurs="0" />
                <xs:element name="SICI" type="xs:string" minOccurs="0" />
                <xs:element name="SUD" type="xs:string" minOccurs="0" />
              </xs:sequence>
            </xs:complexType>
          </xs:element>
        </xs:choice>
      </xs:complexType>
    </xs:element>
  </xs:schema>
  <Fabbisogno>
    <Data>20160110</Data>
    <Mercato>MGP</Mercato>
    <Ora>1</Ora>
    <Italia>24255,526</Italia>
    <CNOR>2273,864</CNOR>
    <CSUD>3953,153</CSUD>
    <NORD>12667,587</NORD>
    <SARD>822,925</SARD>
    <SICI>1601,035</SICI>
    <SUD>2936,962</SUD>
  </Fabbisogno>
  <Fabbisogno>
    <Data>20160110</Data>
    <Mercato>MGP</Mercato>
    <Ora>2</Ora>
    <Italia>22194,954</Italia>
    <CNOR>2142,6</CNOR>
    <CSUD>3702,36</CSUD>
    <NORD>11374,876</NORD>
    <SARD>811,388</SARD>
    <SICI>1365,634</SICI>
    <SUD>2798,096</SUD>
  </Fabbisogno>
  <Fabbisogno>
    <Data>20160110</Data>
    <Mercato>MGP</Mercato>
    <Ora>3</Ora>
    <Italia>21350,008</Italia>
    <CNOR>1886,566</CNOR>
    <CSUD>3125,254</CSUD>
    <NORD>11833,64</NORD>
    <SARD>689,365</SARD>
    <SICI>1264,773</SICI>
    <SUD>2550,41</SUD>
  </Fabbisogno>
  <Fabbisogno>
    <Data>20160110</Data>
    <Mercato>MGP</Mercato>
    <Ora>4</Ora>
    <Italia>20705,288</Italia>
    <CNOR>1809,518</CNOR>
    <CSUD>2954,824</CSUD>
    <NORD>11745,029</NORD>
    <SARD>672,645</SARD>
    <SICI>1210,834</SICI>
    <SUD>2312,438</SUD>
  </Fabbisogno>
  <Fabbisogno>
    <Data>20160110</Data>
    <Mercato>MGP</Mercato>
    <Ora>5</Ora>
    <Italia>20520,186</Italia>
    <CNOR>1787,424</CNOR>
    <CSUD>2914,013</CSUD>
    <NORD>11642,572</NORD>
    <SARD>670,97</SARD>
    <SICI>1188,571</SICI>
    <SUD>2316,636</SUD>
  </Fabbisogno>
  <Fabbisogno>
    <Data>20160110</Data>
    <Mercato>MGP</Mercato>
    <Ora>6</Ora>
    <Italia>20971,468</Italia>
    <CNOR>1806,943</CNOR>
    <CSUD>2977,268</CSUD>
    <NORD>11944,079</NORD>
    <SARD>680,639</SARD>
    <SICI>1218,316</SICI>
    <SUD>2344,223</SUD>
  </Fabbisogno>
  <Fabbisogno>
    <Data>20160110</Data>
    <Mercato>MGP</Mercato>
    <Ora>7</Ora>
    <Italia>21915,107</Italia>
    <CNOR>1874,906</CNOR>
    <CSUD>3179,202</CSUD>
    <NORD>12325,678</NORD>
    <SARD>726,315</SARD>
    <SICI>1319,433</SICI>
    <SUD>2489,573</SUD>
  </Fabbisogno>
  <Fabbisogno>
    <Data>20160110</Data>
    <Mercato>MGP</Mercato>
    <Ora>8</Ora>
    <Italia>23335,87</Italia>
    <CNOR>1929,248</CNOR>
    <CSUD>3308,505</CSUD>
    <NORD>13229,988</NORD>
    <SARD>766,155</SARD>
    <SICI>1404,815</SICI>
    <SUD>2697,159</SUD>
  </Fabbisogno>
  <Fabbisogno>
    <Data>20160110</Data>
    <Mercato>MGP</Mercato>
    <Ora>9</Ora>
    <Italia>24974,319</Italia>
    <CNOR>2113,114</CNOR>
    <CSUD>3821,358</CSUD>
    <NORD>13526,526</NORD>
    <SARD>879,417</SARD>
    <SICI>1619,916</SICI>
    <SUD>3013,988</SUD>
  </Fabbisogno>
  <Fabbisogno>
    <Data>20160110</Data>
    <Mercato>MGP</Mercato>
    <Ora>10</Ora>
    <Italia>26581,45</Italia>
    <CNOR>2245,828</CNOR>
    <CSUD>3981,287</CSUD>
    <NORD>14583,893</NORD>
    <SARD>860,108</SARD>
    <SICI>1690,67</SICI>
    <SUD>3219,664</SUD>
  </Fabbisogno>
  <Fabbisogno>
    <Data>20160110</Data>
    <Mercato>MGP</Mercato>
    <Ora>11</Ora>
    <Italia>28408,889</Italia>
    <CNOR>2340,72</CNOR>
    <CSUD>4386,587</CSUD>
    <NORD>15740,009</NORD>
    <SARD>917,623</SARD>
    <SICI>1778,996</SICI>
    <SUD>3244,954</SUD>
  </Fabbisogno>
  <Fabbisogno>
    <Data>20160110</Data>
    <Mercato>MGP</Mercato>
    <Ora>12</Ora>
    <Italia>28333,707</Italia>
    <CNOR>2345,445</CNOR>
    <CSUD>4194,683</CSUD>
    <NORD>15992,803</NORD>
    <SARD>843,639</SARD>
    <SICI>1693,57</SICI>
    <SUD>3263,567</SUD>
  </Fabbisogno>
  <Fabbisogno>
    <Data>20160110</Data>
    <Mercato>MGP</Mercato>
    <Ora>13</Ora>
    <Italia>27827,065</Italia>
    <CNOR>2290,039</CNOR>
    <CSUD>4258,532</CSUD>
    <NORD>15673,331</NORD>
    <SARD>836,668</SARD>
    <SICI>1688,213</SICI>
    <SUD>3080,282</SUD>
  </Fabbisogno>
  <Fabbisogno>
    <Data>20160110</Data>
    <Mercato>MGP</Mercato>
    <Ora>14</Ora>
    <Italia>26411,956</Italia>
    <CNOR>2145,914</CNOR>
    <CSUD>4076,146</CSUD>
    <NORD>14812,998</NORD>
    <SARD>796,953</SARD>
    <SICI>1577,152</SICI>
    <SUD>3002,793</SUD>
  </Fabbisogno>
  <Fabbisogno>
    <Data>20160110</Data>
    <Mercato>MGP</Mercato>
    <Ora>15</Ora>
    <Italia>25814,942</Italia>
    <CNOR>2143,615</CNOR>
    <CSUD>3924,751</CSUD>
    <NORD>14706,371</NORD>
    <SARD>772,613</SARD>
    <SICI>1530,175</SICI>
    <SUD>2737,417</SUD>
  </Fabbisogno>
  <Fabbisogno>
    <Data>20160110</Data>
    <Mercato>MGP</Mercato>
    <Ora>16</Ora>
    <Italia>26166,648</Italia>
    <CNOR>2188,915</CNOR>
    <CSUD>3987,091</CSUD>
    <NORD>14806,53</NORD>
    <SARD>777,444</SARD>
    <SICI>1579,171</SICI>
    <SUD>2827,497</SUD>
  </Fabbisogno>
  <Fabbisogno>
    <Data>20160110</Data>
    <Mercato>MGP</Mercato>
    <Ora>17</Ora>
    <Italia>27281,707</Italia>
    <CNOR>2322,915</CNOR>
    <CSUD>4211,49</CSUD>
    <NORD>15176,072</NORD>
    <SARD>824,511</SARD>
    <SICI>1678,751</SICI>
    <SUD>3067,968</SUD>
  </Fabbisogno>
  <Fabbisogno>
    <Data>20160110</Data>
    <Mercato>MGP</Mercato>
    <Ora>18</Ora>
    <Italia>31694,077</Italia>
    <CNOR>2855,02</CNOR>
    <CSUD>5233,315</CSUD>
    <NORD>16861,93</NORD>
    <SARD>1018,845</SARD>
    <SICI>2074,505</SICI>
    <SUD>3650,462</SUD>
  </Fabbisogno>
  <Fabbisogno>
    <Data>20160110</Data>
    <Mercato>MGP</Mercato>
    <Ora>19</Ora>
    <Italia>32621,838</Italia>
    <CNOR>3022,932</CNOR>
    <CSUD>5320,946</CSUD>
    <NORD>17173,988</NORD>
    <SARD>1058,952</SARD>
    <SICI>2162,754</SICI>
    <SUD>3882,266</SUD>
  </Fabbisogno>
  <Fabbisogno>
    <Data>20160110</Data>
    <Mercato>MGP</Mercato>
    <Ora>20</Ora>
    <Italia>32882,552</Italia>
    <CNOR>3159,417</CNOR>
    <CSUD>5606,549</CSUD>
    <NORD>16887,412</NORD>
    <SARD>1115,354</SARD>
    <SICI>2232,33</SICI>
    <SUD>3881,49</SUD>
  </Fabbisogno>
  <Fabbisogno>
    <Data>20160110</Data>
    <Mercato>MGP</Mercato>
    <Ora>21</Ora>
    <Italia>32221,963</Italia>
    <CNOR>3045,698</CNOR>
    <CSUD>5545,572</CSUD>
    <NORD>16378,148</NORD>
    <SARD>1119,097</SARD>
    <SICI>2240,489</SICI>
    <SUD>3892,959</SUD>
  </Fabbisogno>
  <Fabbisogno>
    <Data>20160110</Data>
    <Mercato>MGP</Mercato>
    <Ora>22</Ora>
    <Italia>29322,345</Italia>
    <CNOR>2717,901</CNOR>
    <CSUD>4845,815</CSUD>
    <NORD>15382,611</NORD>
    <SARD>966,968</SARD>
    <SICI>2039,626</SICI>
    <SUD>3369,424</SUD>
  </Fabbisogno>
  <Fabbisogno>
    <Data>20160110</Data>
    <Mercato>MGP</Mercato>
    <Ora>23</Ora>
    <Italia>27983,836</Italia>
    <CNOR>2582,126</CNOR>
    <CSUD>4715,33</CSUD>
    <NORD>14519,964</NORD>
    <SARD>958,067</SARD>
    <SICI>1933,775</SICI>
    <SUD>3274,574</SUD>
  </Fabbisogno>
  <Fabbisogno>
    <Data>20160110</Data>
    <Mercato>MGP</Mercato>
    <Ora>24</Ora>
    <Italia>25249,133</Italia>
    <CNOR>2300,168</CNOR>
    <CSUD>4196,836</CSUD>
    <NORD>13341,4</NORD>
    <SARD>867,57</SARD>
    <SICI>1648,492</SICI>
    <SUD>2894,667</SUD>
  </Fabbisogno>
</NewDataSet>