<?xml version="1.0" standalone="yes"?>
<NewDataSet>
  <xs:schema id="NewDataSet" xmlns="" xmlns:xs="http://www.w3.org/2001/XMLSchema" xmlns:msdata="urn:schemas-microsoft-com:xml-msdata">
    <xs:element name="NewDataSet" msdata:IsDataSet="true" msdata:UseCurrentLocale="true">
      <xs:complexType>
        <xs:choice minOccurs="0" maxOccurs="unbounded">
          <xs:element name="Fabbisogno">
            <xs:complexType>
              <xs:sequence>
                <xs:element name="Data" type="xs:string" minOccurs="0" />
                <xs:element name="Mercato" type="xs:string" minOccurs="0" />
                <xs:element name="Ora" type="xs:string" minOccurs="0" />
                <xs:element name="Italia" type="xs:string" minOccurs="0" />
                <xs:element name="CNOR" type="xs:string" minOccurs="0" />
                <xs:element name="CSUD" type="xs:string" minOccurs="0" />
                <xs:element name="NORD" type="xs:string" minOccurs="0" />
                <xs:element name="SARD" type="xs:string" minOccurs="0" />
                <xs:element name="SICI" type="xs:string" minOccurs="0" />
                <xs:element name="SUD" type="xs:string" minOccurs="0" />
              </xs:sequence>
            </xs:complexType>
          </xs:element>
        </xs:choice>
      </xs:complexType>
    </xs:element>
  </xs:schema>
  <Fabbisogno>
    <Data>20160111</Data>
    <Mercato>MGP</Mercato>
    <Ora>1</Ora>
    <Italia>23290,919</Italia>
    <CNOR>2126,099</CNOR>
    <CSUD>3545,004</CSUD>
    <NORD>12781,433</NORD>
    <SARD>772,669</SARD>
    <SICI>1487,919</SICI>
    <SUD>2577,795</SUD>
  </Fabbisogno>
  <Fabbisogno>
    <Data>20160111</Data>
    <Mercato>MGP</Mercato>
    <Ora>2</Ora>
    <Italia>21814,218</Italia>
    <CNOR>2028,146</CNOR>
    <CSUD>3293,911</CSUD>
    <NORD>12019,274</NORD>
    <SARD>778,18</SARD>
    <SICI>1308,342</SICI>
    <SUD>2386,365</SUD>
  </Fabbisogno>
  <Fabbisogno>
    <Data>20160111</Data>
    <Mercato>MGP</Mercato>
    <Ora>3</Ora>
    <Italia>20907,044</Italia>
    <CNOR>1799,634</CNOR>
    <CSUD>2884,502</CSUD>
    <NORD>12095,817</NORD>
    <SARD>667,929</SARD>
    <SICI>1232,776</SICI>
    <SUD>2226,386</SUD>
  </Fabbisogno>
  <Fabbisogno>
    <Data>20160111</Data>
    <Mercato>MGP</Mercato>
    <Ora>4</Ora>
    <Italia>20843,231</Italia>
    <CNOR>1796,464</CNOR>
    <CSUD>2825,768</CSUD>
    <NORD>12159,351</NORD>
    <SARD>651,437</SARD>
    <SICI>1201,378</SICI>
    <SUD>2208,833</SUD>
  </Fabbisogno>
  <Fabbisogno>
    <Data>20160111</Data>
    <Mercato>MGP</Mercato>
    <Ora>5</Ora>
    <Italia>21674,373</Italia>
    <CNOR>1830,526</CNOR>
    <CSUD>3075,52</CSUD>
    <NORD>12523,345</NORD>
    <SARD>708,538</SARD>
    <SICI>1209,839</SICI>
    <SUD>2326,605</SUD>
  </Fabbisogno>
  <Fabbisogno>
    <Data>20160111</Data>
    <Mercato>MGP</Mercato>
    <Ora>6</Ora>
    <Italia>23285,999</Italia>
    <CNOR>1974,328</CNOR>
    <CSUD>3113,801</CSUD>
    <NORD>13797,573</NORD>
    <SARD>696,387</SARD>
    <SICI>1277,897</SICI>
    <SUD>2426,013</SUD>
  </Fabbisogno>
  <Fabbisogno>
    <Data>20160111</Data>
    <Mercato>MGP</Mercato>
    <Ora>7</Ora>
    <Italia>28897,338</Italia>
    <CNOR>2469,544</CNOR>
    <CSUD>3819,853</CSUD>
    <NORD>17443,115</NORD>
    <SARD>762,548</SARD>
    <SICI>1516,405</SICI>
    <SUD>2885,873</SUD>
  </Fabbisogno>
  <Fabbisogno>
    <Data>20160111</Data>
    <Mercato>MGP</Mercato>
    <Ora>8</Ora>
    <Italia>35233,513</Italia>
    <CNOR>2986,483</CNOR>
    <CSUD>4594,775</CSUD>
    <NORD>21641,687</NORD>
    <SARD>932,457</SARD>
    <SICI>1786,073</SICI>
    <SUD>3292,038</SUD>
  </Fabbisogno>
  <Fabbisogno>
    <Data>20160111</Data>
    <Mercato>MGP</Mercato>
    <Ora>9</Ora>
    <Italia>39338,108</Italia>
    <CNOR>3496,128</CNOR>
    <CSUD>4931,875</CSUD>
    <NORD>24339,205</NORD>
    <SARD>978,074</SARD>
    <SICI>1920,238</SICI>
    <SUD>3672,588</SUD>
  </Fabbisogno>
  <Fabbisogno>
    <Data>20160111</Data>
    <Mercato>MGP</Mercato>
    <Ora>10</Ora>
    <Italia>40472,843</Italia>
    <CNOR>3622,761</CNOR>
    <CSUD>5151,593</CSUD>
    <NORD>25124,568</NORD>
    <SARD>979,499</SARD>
    <SICI>1936,235</SICI>
    <SUD>3658,187</SUD>
  </Fabbisogno>
  <Fabbisogno>
    <Data>20160111</Data>
    <Mercato>MGP</Mercato>
    <Ora>11</Ora>
    <Italia>40495,25</Italia>
    <CNOR>3604,105</CNOR>
    <CSUD>5116,788</CSUD>
    <NORD>25324,251</NORD>
    <SARD>931,935</SARD>
    <SICI>1847,003</SICI>
    <SUD>3671,168</SUD>
  </Fabbisogno>
  <Fabbisogno>
    <Data>20160111</Data>
    <Mercato>MGP</Mercato>
    <Ora>12</Ora>
    <Italia>39949,508</Italia>
    <CNOR>3492,276</CNOR>
    <CSUD>5045,896</CSUD>
    <NORD>25158,294</NORD>
    <SARD>893,811</SARD>
    <SICI>1738,798</SICI>
    <SUD>3620,433</SUD>
  </Fabbisogno>
  <Fabbisogno>
    <Data>20160111</Data>
    <Mercato>MGP</Mercato>
    <Ora>13</Ora>
    <Italia>37671,136</Italia>
    <CNOR>3200,666</CNOR>
    <CSUD>4974,364</CSUD>
    <NORD>23303,317</NORD>
    <SARD>870,685</SARD>
    <SICI>1723,397</SICI>
    <SUD>3598,707</SUD>
  </Fabbisogno>
  <Fabbisogno>
    <Data>20160111</Data>
    <Mercato>MGP</Mercato>
    <Ora>14</Ora>
    <Italia>37326,551</Italia>
    <CNOR>3076,718</CNOR>
    <CSUD>4819,436</CSUD>
    <NORD>23457,345</NORD>
    <SARD>834,251</SARD>
    <SICI>1700,343</SICI>
    <SUD>3438,458</SUD>
  </Fabbisogno>
  <Fabbisogno>
    <Data>20160111</Data>
    <Mercato>MGP</Mercato>
    <Ora>15</Ora>
    <Italia>38468,812</Italia>
    <CNOR>3313,491</CNOR>
    <CSUD>4874,852</CSUD>
    <NORD>24253,148</NORD>
    <SARD>837,212</SARD>
    <SICI>1726,054</SICI>
    <SUD>3464,055</SUD>
  </Fabbisogno>
  <Fabbisogno>
    <Data>20160111</Data>
    <Mercato>MGP</Mercato>
    <Ora>16</Ora>
    <Italia>39597,543</Italia>
    <CNOR>3480,57</CNOR>
    <CSUD>5037,186</CSUD>
    <NORD>24859,173</NORD>
    <SARD>867,447</SARD>
    <SICI>1822,475</SICI>
    <SUD>3530,692</SUD>
  </Fabbisogno>
  <Fabbisogno>
    <Data>20160111</Data>
    <Mercato>MGP</Mercato>
    <Ora>17</Ora>
    <Italia>40932,407</Italia>
    <CNOR>3690,85</CNOR>
    <CSUD>5298,485</CSUD>
    <NORD>25279,7</NORD>
    <SARD>904,895</SARD>
    <SICI>1972,494</SICI>
    <SUD>3785,983</SUD>
  </Fabbisogno>
  <Fabbisogno>
    <Data>20160111</Data>
    <Mercato>MGP</Mercato>
    <Ora>18</Ora>
    <Italia>44395,783</Italia>
    <CNOR>4126,892</CNOR>
    <CSUD>6377,043</CSUD>
    <NORD>25928,864</NORD>
    <SARD>1101,178</SARD>
    <SICI>2376,676</SICI>
    <SUD>4485,13</SUD>
  </Fabbisogno>
  <Fabbisogno>
    <Data>20160111</Data>
    <Mercato>MGP</Mercato>
    <Ora>19</Ora>
    <Italia>43847,028</Italia>
    <CNOR>4124,079</CNOR>
    <CSUD>6554,323</CSUD>
    <NORD>24747,052</NORD>
    <SARD>1175,843</SARD>
    <SICI>2529,894</SICI>
    <SUD>4715,837</SUD>
  </Fabbisogno>
  <Fabbisogno>
    <Data>20160111</Data>
    <Mercato>MGP</Mercato>
    <Ora>20</Ora>
    <Italia>42541,715</Italia>
    <CNOR>3965,634</CNOR>
    <CSUD>6612,1</CSUD>
    <NORD>23617,498</NORD>
    <SARD>1201,856</SARD>
    <SICI>2596,478</SICI>
    <SUD>4548,149</SUD>
  </Fabbisogno>
  <Fabbisogno>
    <Data>20160111</Data>
    <Mercato>MGP</Mercato>
    <Ora>21</Ora>
    <Italia>40459,974</Italia>
    <CNOR>3712,706</CNOR>
    <CSUD>6327,982</CSUD>
    <NORD>22302,732</NORD>
    <SARD>1182,396</SARD>
    <SICI>2509,276</SICI>
    <SUD>4424,882</SUD>
  </Fabbisogno>
  <Fabbisogno>
    <Data>20160111</Data>
    <Mercato>MGP</Mercato>
    <Ora>22</Ora>
    <Italia>36452,885</Italia>
    <CNOR>3289,146</CNOR>
    <CSUD>5565,364</CSUD>
    <NORD>20502,831</NORD>
    <SARD>1008,91</SARD>
    <SICI>2235,736</SICI>
    <SUD>3850,898</SUD>
  </Fabbisogno>
  <Fabbisogno>
    <Data>20160111</Data>
    <Mercato>MGP</Mercato>
    <Ora>23</Ora>
    <Italia>33308,694</Italia>
    <CNOR>2999,88</CNOR>
    <CSUD>5115,087</CSUD>
    <NORD>18659,031</NORD>
    <SARD>983,891</SARD>
    <SICI>2050,681</SICI>
    <SUD>3500,124</SUD>
  </Fabbisogno>
  <Fabbisogno>
    <Data>20160111</Data>
    <Mercato>MGP</Mercato>
    <Ora>24</Ora>
    <Italia>29820,633</Italia>
    <CNOR>2635,604</CNOR>
    <CSUD>4416,447</CSUD>
    <NORD>17080,438</NORD>
    <SARD>871,891</SARD>
    <SICI>1719,465</SICI>
    <SUD>3096,788</SUD>
  </Fabbisogno>
</NewDataSet>