<?xml version="1.0" standalone="yes"?>
<NewDataSet>
  <xs:schema id="NewDataSet" xmlns="" xmlns:xs="http://www.w3.org/2001/XMLSchema" xmlns:msdata="urn:schemas-microsoft-com:xml-msdata">
    <xs:element name="NewDataSet" msdata:IsDataSet="true" msdata:UseCurrentLocale="true">
      <xs:complexType>
        <xs:choice minOccurs="0" maxOccurs="unbounded">
          <xs:element name="Fabbisogno">
            <xs:complexType>
              <xs:sequence>
                <xs:element name="Data" type="xs:string" minOccurs="0" />
                <xs:element name="Mercato" type="xs:string" minOccurs="0" />
                <xs:element name="Ora" type="xs:string" minOccurs="0" />
                <xs:element name="Italia" type="xs:string" minOccurs="0" />
                <xs:element name="CNOR" type="xs:string" minOccurs="0" />
                <xs:element name="CSUD" type="xs:string" minOccurs="0" />
                <xs:element name="NORD" type="xs:string" minOccurs="0" />
                <xs:element name="SARD" type="xs:string" minOccurs="0" />
                <xs:element name="SICI" type="xs:string" minOccurs="0" />
                <xs:element name="SUD" type="xs:string" minOccurs="0" />
              </xs:sequence>
            </xs:complexType>
          </xs:element>
        </xs:choice>
      </xs:complexType>
    </xs:element>
  </xs:schema>
  <Fabbisogno>
    <Data>20160130</Data>
    <Mercato>MGP</Mercato>
    <Ora>1</Ora>
    <Italia>28437,588</Italia>
    <CNOR>2638,029</CNOR>
    <CSUD>4468,827</CSUD>
    <NORD>15812,473</NORD>
    <SARD>844,823</SARD>
    <SICI>1583,712</SICI>
    <SUD>3089,724</SUD>
  </Fabbisogno>
  <Fabbisogno>
    <Data>20160130</Data>
    <Mercato>MGP</Mercato>
    <Ora>2</Ora>
    <Italia>26412,902</Italia>
    <CNOR>2442,046</CNOR>
    <CSUD>4040,731</CSUD>
    <NORD>14827,102</NORD>
    <SARD>770,766</SARD>
    <SICI>1462,97</SICI>
    <SUD>2869,287</SUD>
  </Fabbisogno>
  <Fabbisogno>
    <Data>20160130</Data>
    <Mercato>MGP</Mercato>
    <Ora>3</Ora>
    <Italia>25367,944</Italia>
    <CNOR>2324,194</CNOR>
    <CSUD>3830,186</CSUD>
    <NORD>14320,826</NORD>
    <SARD>740,24</SARD>
    <SICI>1368,372</SICI>
    <SUD>2784,126</SUD>
  </Fabbisogno>
  <Fabbisogno>
    <Data>20160130</Data>
    <Mercato>MGP</Mercato>
    <Ora>4</Ora>
    <Italia>24963,355</Italia>
    <CNOR>2289,877</CNOR>
    <CSUD>3736,65</CSUD>
    <NORD>14081,991</NORD>
    <SARD>726,305</SARD>
    <SICI>1380,652</SICI>
    <SUD>2747,88</SUD>
  </Fabbisogno>
  <Fabbisogno>
    <Data>20160130</Data>
    <Mercato>MGP</Mercato>
    <Ora>5</Ora>
    <Italia>24674,95</Italia>
    <CNOR>2204,012</CNOR>
    <CSUD>3627,559</CSUD>
    <NORD>14059,186</NORD>
    <SARD>721,665</SARD>
    <SICI>1335,357</SICI>
    <SUD>2727,171</SUD>
  </Fabbisogno>
  <Fabbisogno>
    <Data>20160130</Data>
    <Mercato>MGP</Mercato>
    <Ora>6</Ora>
    <Italia>25515,848</Italia>
    <CNOR>2229,72</CNOR>
    <CSUD>3756,309</CSUD>
    <NORD>14550,921</NORD>
    <SARD>748,172</SARD>
    <SICI>1412,375</SICI>
    <SUD>2818,351</SUD>
  </Fabbisogno>
  <Fabbisogno>
    <Data>20160130</Data>
    <Mercato>MGP</Mercato>
    <Ora>7</Ora>
    <Italia>27343,963</Italia>
    <CNOR>2239,027</CNOR>
    <CSUD>3748,047</CSUD>
    <NORD>16316,964</NORD>
    <SARD>727,494</SARD>
    <SICI>1467,382</SICI>
    <SUD>2845,049</SUD>
  </Fabbisogno>
  <Fabbisogno>
    <Data>20160130</Data>
    <Mercato>MGP</Mercato>
    <Ora>8</Ora>
    <Italia>31239,793</Italia>
    <CNOR>2525,634</CNOR>
    <CSUD>4178,75</CSUD>
    <NORD>19079,817</NORD>
    <SARD>829,511</SARD>
    <SICI>1613,648</SICI>
    <SUD>3012,433</SUD>
  </Fabbisogno>
  <Fabbisogno>
    <Data>20160130</Data>
    <Mercato>MGP</Mercato>
    <Ora>9</Ora>
    <Italia>33403,015</Italia>
    <CNOR>2678,677</CNOR>
    <CSUD>4560,118</CSUD>
    <NORD>20166,527</NORD>
    <SARD>884,73</SARD>
    <SICI>1823,819</SICI>
    <SUD>3289,144</SUD>
  </Fabbisogno>
  <Fabbisogno>
    <Data>20160130</Data>
    <Mercato>MGP</Mercato>
    <Ora>10</Ora>
    <Italia>34913,524</Italia>
    <CNOR>2836,678</CNOR>
    <CSUD>4920,368</CSUD>
    <NORD>20844,347</NORD>
    <SARD>915,9</SARD>
    <SICI>1965,261</SICI>
    <SUD>3430,97</SUD>
  </Fabbisogno>
  <Fabbisogno>
    <Data>20160130</Data>
    <Mercato>MGP</Mercato>
    <Ora>11</Ora>
    <Italia>34688,688</Italia>
    <CNOR>2869,814</CNOR>
    <CSUD>4933,005</CSUD>
    <NORD>20754,232</NORD>
    <SARD>892,433</SARD>
    <SICI>1922,069</SICI>
    <SUD>3317,135</SUD>
  </Fabbisogno>
  <Fabbisogno>
    <Data>20160130</Data>
    <Mercato>MGP</Mercato>
    <Ora>12</Ora>
    <Italia>33766,362</Italia>
    <CNOR>2746,705</CNOR>
    <CSUD>4877,8</CSUD>
    <NORD>20080,836</NORD>
    <SARD>868,946</SARD>
    <SICI>1854,909</SICI>
    <SUD>3337,166</SUD>
  </Fabbisogno>
  <Fabbisogno>
    <Data>20160130</Data>
    <Mercato>MGP</Mercato>
    <Ora>13</Ora>
    <Italia>32057,787</Italia>
    <CNOR>2625,976</CNOR>
    <CSUD>4787,976</CSUD>
    <NORD>18799,258</NORD>
    <SARD>848,274</SARD>
    <SICI>1804,117</SICI>
    <SUD>3192,186</SUD>
  </Fabbisogno>
  <Fabbisogno>
    <Data>20160130</Data>
    <Mercato>MGP</Mercato>
    <Ora>14</Ora>
    <Italia>30482,244</Italia>
    <CNOR>2455,548</CNOR>
    <CSUD>4618,514</CSUD>
    <NORD>17783,308</NORD>
    <SARD>815,93</SARD>
    <SICI>1775,089</SICI>
    <SUD>3033,855</SUD>
  </Fabbisogno>
  <Fabbisogno>
    <Data>20160130</Data>
    <Mercato>MGP</Mercato>
    <Ora>15</Ora>
    <Italia>30219,161</Italia>
    <CNOR>2450,207</CNOR>
    <CSUD>4547,237</CSUD>
    <NORD>17701,541</NORD>
    <SARD>791,655</SARD>
    <SICI>1780,96</SICI>
    <SUD>2947,561</SUD>
  </Fabbisogno>
  <Fabbisogno>
    <Data>20160130</Data>
    <Mercato>MGP</Mercato>
    <Ora>16</Ora>
    <Italia>30994,78</Italia>
    <CNOR>2566,787</CNOR>
    <CSUD>4700,241</CSUD>
    <NORD>17977,29</NORD>
    <SARD>807,485</SARD>
    <SICI>1845,233</SICI>
    <SUD>3097,744</SUD>
  </Fabbisogno>
  <Fabbisogno>
    <Data>20160130</Data>
    <Mercato>MGP</Mercato>
    <Ora>17</Ora>
    <Italia>31892,315</Italia>
    <CNOR>2689,954</CNOR>
    <CSUD>4880,15</CSUD>
    <NORD>18192,391</NORD>
    <SARD>842,148</SARD>
    <SICI>1971,588</SICI>
    <SUD>3316,084</SUD>
  </Fabbisogno>
  <Fabbisogno>
    <Data>20160130</Data>
    <Mercato>MGP</Mercato>
    <Ora>18</Ora>
    <Italia>34518,194</Italia>
    <CNOR>3050,764</CNOR>
    <CSUD>5467,363</CSUD>
    <NORD>18803,57</NORD>
    <SARD>926,997</SARD>
    <SICI>2271,884</SICI>
    <SUD>3997,616</SUD>
  </Fabbisogno>
  <Fabbisogno>
    <Data>20160130</Data>
    <Mercato>MGP</Mercato>
    <Ora>19</Ora>
    <Italia>36685,316</Italia>
    <CNOR>3277,491</CNOR>
    <CSUD>5755,988</CSUD>
    <NORD>20155,402</NORD>
    <SARD>1005,498</SARD>
    <SICI>2354,247</SICI>
    <SUD>4136,69</SUD>
  </Fabbisogno>
  <Fabbisogno>
    <Data>20160130</Data>
    <Mercato>MGP</Mercato>
    <Ora>20</Ora>
    <Italia>37101,081</Italia>
    <CNOR>3512,867</CNOR>
    <CSUD>6191,345</CSUD>
    <NORD>19439,018</NORD>
    <SARD>1114,027</SARD>
    <SICI>2496,692</SICI>
    <SUD>4347,132</SUD>
  </Fabbisogno>
  <Fabbisogno>
    <Data>20160130</Data>
    <Mercato>MGP</Mercato>
    <Ora>21</Ora>
    <Italia>35066,523</Italia>
    <CNOR>3274,891</CNOR>
    <CSUD>6014,93</CSUD>
    <NORD>18013,856</NORD>
    <SARD>1092,426</SARD>
    <SICI>2443,088</SICI>
    <SUD>4227,332</SUD>
  </Fabbisogno>
  <Fabbisogno>
    <Data>20160130</Data>
    <Mercato>MGP</Mercato>
    <Ora>22</Ora>
    <Italia>32099,048</Italia>
    <CNOR>2940,121</CNOR>
    <CSUD>5318,707</CSUD>
    <NORD>16780,099</NORD>
    <SARD>942,719</SARD>
    <SICI>2175,766</SICI>
    <SUD>3941,636</SUD>
  </Fabbisogno>
  <Fabbisogno>
    <Data>20160130</Data>
    <Mercato>MGP</Mercato>
    <Ora>23</Ora>
    <Italia>30217,701</Italia>
    <CNOR>2835,357</CNOR>
    <CSUD>5079,839</CSUD>
    <NORD>15734,141</NORD>
    <SARD>935,766999999999</SARD>
    <SICI>2116,536</SICI>
    <SUD>3516,061</SUD>
  </Fabbisogno>
  <Fabbisogno>
    <Data>20160130</Data>
    <Mercato>MGP</Mercato>
    <Ora>24</Ora>
    <Italia>27211,672</Italia>
    <CNOR>2468,801</CNOR>
    <CSUD>4323,709</CSUD>
    <NORD>14722,086</NORD>
    <SARD>783,187</SARD>
    <SICI>1823,358</SICI>
    <SUD>3090,531</SUD>
  </Fabbisogno>
</NewDataSet>