<?xml version="1.0" standalone="yes"?>
<NewDataSet>
  <xs:schema id="NewDataSet" xmlns="" xmlns:xs="http://www.w3.org/2001/XMLSchema" xmlns:msdata="urn:schemas-microsoft-com:xml-msdata">
    <xs:element name="NewDataSet" msdata:IsDataSet="true" msdata:UseCurrentLocale="true">
      <xs:complexType>
        <xs:choice minOccurs="0" maxOccurs="unbounded">
          <xs:element name="Fabbisogno">
            <xs:complexType>
              <xs:sequence>
                <xs:element name="Data" type="xs:string" minOccurs="0" />
                <xs:element name="Mercato" type="xs:string" minOccurs="0" />
                <xs:element name="Ora" type="xs:string" minOccurs="0" />
                <xs:element name="Italia" type="xs:string" minOccurs="0" />
                <xs:element name="CNOR" type="xs:string" minOccurs="0" />
                <xs:element name="CSUD" type="xs:string" minOccurs="0" />
                <xs:element name="NORD" type="xs:string" minOccurs="0" />
                <xs:element name="SARD" type="xs:string" minOccurs="0" />
                <xs:element name="SICI" type="xs:string" minOccurs="0" />
                <xs:element name="SUD" type="xs:string" minOccurs="0" />
              </xs:sequence>
            </xs:complexType>
          </xs:element>
        </xs:choice>
      </xs:complexType>
    </xs:element>
  </xs:schema>
  <Fabbisogno>
    <Data>20160103</Data>
    <Mercato>MGP</Mercato>
    <Ora>1</Ora>
    <Italia>22728,751</Italia>
    <CNOR>2261,019</CNOR>
    <CSUD>4297,771</CSUD>
    <NORD>11071,56</NORD>
    <SARD>841,161</SARD>
    <SICI>1669,338</SICI>
    <SUD>2587,902</SUD>
  </Fabbisogno>
  <Fabbisogno>
    <Data>20160103</Data>
    <Mercato>MGP</Mercato>
    <Ora>2</Ora>
    <Italia>20588,274</Italia>
    <CNOR>2131,473</CNOR>
    <CSUD>4011,823</CSUD>
    <NORD>9721,903</NORD>
    <SARD>810,558</SARD>
    <SICI>1490,722</SICI>
    <SUD>2421,795</SUD>
  </Fabbisogno>
  <Fabbisogno>
    <Data>20160103</Data>
    <Mercato>MGP</Mercato>
    <Ora>3</Ora>
    <Italia>19934,081</Italia>
    <CNOR>1919,701</CNOR>
    <CSUD>3593,243</CSUD>
    <NORD>10051,085</NORD>
    <SARD>741,241</SARD>
    <SICI>1364,422</SICI>
    <SUD>2264,389</SUD>
  </Fabbisogno>
  <Fabbisogno>
    <Data>20160103</Data>
    <Mercato>MGP</Mercato>
    <Ora>4</Ora>
    <Italia>19451,217</Italia>
    <CNOR>1866,737</CNOR>
    <CSUD>3423,625</CSUD>
    <NORD>10000,577</NORD>
    <SARD>735,968</SARD>
    <SICI>1236,03</SICI>
    <SUD>2188,28</SUD>
  </Fabbisogno>
  <Fabbisogno>
    <Data>20160103</Data>
    <Mercato>MGP</Mercato>
    <Ora>5</Ora>
    <Italia>18915,803</Italia>
    <CNOR>1824,413</CNOR>
    <CSUD>3142,403</CSUD>
    <NORD>9978,00600000001</NORD>
    <SARD>680,204</SARD>
    <SICI>1224,142</SICI>
    <SUD>2066,635</SUD>
  </Fabbisogno>
  <Fabbisogno>
    <Data>20160103</Data>
    <Mercato>MGP</Mercato>
    <Ora>6</Ora>
    <Italia>19270,042</Italia>
    <CNOR>1791,44</CNOR>
    <CSUD>3206,609</CSUD>
    <NORD>10238,565</NORD>
    <SARD>695,572</SARD>
    <SICI>1240,817</SICI>
    <SUD>2097,039</SUD>
  </Fabbisogno>
  <Fabbisogno>
    <Data>20160103</Data>
    <Mercato>MGP</Mercato>
    <Ora>7</Ora>
    <Italia>20678,584</Italia>
    <CNOR>1973,82</CNOR>
    <CSUD>3652,999</CSUD>
    <NORD>10597,796</NORD>
    <SARD>778,789</SARD>
    <SICI>1371,552</SICI>
    <SUD>2303,628</SUD>
  </Fabbisogno>
  <Fabbisogno>
    <Data>20160103</Data>
    <Mercato>MGP</Mercato>
    <Ora>8</Ora>
    <Italia>22020,521</Italia>
    <CNOR>2070,609</CNOR>
    <CSUD>3874,446</CSUD>
    <NORD>11404,096</NORD>
    <SARD>821,202</SARD>
    <SICI>1472,449</SICI>
    <SUD>2377,719</SUD>
  </Fabbisogno>
  <Fabbisogno>
    <Data>20160103</Data>
    <Mercato>MGP</Mercato>
    <Ora>9</Ora>
    <Italia>23190,567</Italia>
    <CNOR>2166,22</CNOR>
    <CSUD>4216,541</CSUD>
    <NORD>11697,795</NORD>
    <SARD>891,228</SARD>
    <SICI>1644,154</SICI>
    <SUD>2574,629</SUD>
  </Fabbisogno>
  <Fabbisogno>
    <Data>20160103</Data>
    <Mercato>MGP</Mercato>
    <Ora>10</Ora>
    <Italia>24816,789</Italia>
    <CNOR>2267,691</CNOR>
    <CSUD>4372,148</CSUD>
    <NORD>12730,806</NORD>
    <SARD>910,012</SARD>
    <SICI>1800,68</SICI>
    <SUD>2735,452</SUD>
  </Fabbisogno>
  <Fabbisogno>
    <Data>20160103</Data>
    <Mercato>MGP</Mercato>
    <Ora>11</Ora>
    <Italia>26402,912</Italia>
    <CNOR>2425,319</CNOR>
    <CSUD>4752,585</CSUD>
    <NORD>13371,406</NORD>
    <SARD>975,195</SARD>
    <SICI>1942,644</SICI>
    <SUD>2935,763</SUD>
  </Fabbisogno>
  <Fabbisogno>
    <Data>20160103</Data>
    <Mercato>MGP</Mercato>
    <Ora>12</Ora>
    <Italia>26237,082</Italia>
    <CNOR>2407,044</CNOR>
    <CSUD>4613,192</CSUD>
    <NORD>13516,009</NORD>
    <SARD>921,163</SARD>
    <SICI>1905,042</SICI>
    <SUD>2874,632</SUD>
  </Fabbisogno>
  <Fabbisogno>
    <Data>20160103</Data>
    <Mercato>MGP</Mercato>
    <Ora>13</Ora>
    <Italia>26062,682</Italia>
    <CNOR>2378,526</CNOR>
    <CSUD>4710,478</CSUD>
    <NORD>13141,707</NORD>
    <SARD>896,031</SARD>
    <SICI>1924,459</SICI>
    <SUD>3011,481</SUD>
  </Fabbisogno>
  <Fabbisogno>
    <Data>20160103</Data>
    <Mercato>MGP</Mercato>
    <Ora>14</Ora>
    <Italia>24625,762</Italia>
    <CNOR>2176,884</CNOR>
    <CSUD>4517,601</CSUD>
    <NORD>12426,08</NORD>
    <SARD>833,827</SARD>
    <SICI>1809,135</SICI>
    <SUD>2862,235</SUD>
  </Fabbisogno>
  <Fabbisogno>
    <Data>20160103</Data>
    <Mercato>MGP</Mercato>
    <Ora>15</Ora>
    <Italia>24162,566</Italia>
    <CNOR>2191,569</CNOR>
    <CSUD>4356,391</CSUD>
    <NORD>12415,88</NORD>
    <SARD>817,228</SARD>
    <SICI>1729,234</SICI>
    <SUD>2652,264</SUD>
  </Fabbisogno>
  <Fabbisogno>
    <Data>20160103</Data>
    <Mercato>MGP</Mercato>
    <Ora>16</Ora>
    <Italia>25072,474</Italia>
    <CNOR>2355,253</CNOR>
    <CSUD>4663,164</CSUD>
    <NORD>12567,269</NORD>
    <SARD>882,033</SARD>
    <SICI>1815,034</SICI>
    <SUD>2789,721</SUD>
  </Fabbisogno>
  <Fabbisogno>
    <Data>20160103</Data>
    <Mercato>MGP</Mercato>
    <Ora>17</Ora>
    <Italia>26398,457</Italia>
    <CNOR>2519,52</CNOR>
    <CSUD>4864,866</CSUD>
    <NORD>13188,181</NORD>
    <SARD>921,086</SARD>
    <SICI>1923,802</SICI>
    <SUD>2981,002</SUD>
  </Fabbisogno>
  <Fabbisogno>
    <Data>20160103</Data>
    <Mercato>MGP</Mercato>
    <Ora>18</Ora>
    <Italia>30388,891</Italia>
    <CNOR>2974,829</CNOR>
    <CSUD>5748,576</CSUD>
    <NORD>14942,246</NORD>
    <SARD>1036,157</SARD>
    <SICI>2236,559</SICI>
    <SUD>3450,524</SUD>
  </Fabbisogno>
  <Fabbisogno>
    <Data>20160103</Data>
    <Mercato>MGP</Mercato>
    <Ora>19</Ora>
    <Italia>32221,84</Italia>
    <CNOR>3244,74</CNOR>
    <CSUD>6095,208</CSUD>
    <NORD>15818,029</NORD>
    <SARD>1136,479</SARD>
    <SICI>2304,485</SICI>
    <SUD>3622,899</SUD>
  </Fabbisogno>
  <Fabbisogno>
    <Data>20160103</Data>
    <Mercato>MGP</Mercato>
    <Ora>20</Ora>
    <Italia>31588,817</Italia>
    <CNOR>3339,812</CNOR>
    <CSUD>6044,037</CSUD>
    <NORD>15011,186</NORD>
    <SARD>1161,687</SARD>
    <SICI>2364,09</SICI>
    <SUD>3668,005</SUD>
  </Fabbisogno>
  <Fabbisogno>
    <Data>20160103</Data>
    <Mercato>MGP</Mercato>
    <Ora>21</Ora>
    <Italia>30959,614</Italia>
    <CNOR>3188,053</CNOR>
    <CSUD>5939,997</CSUD>
    <NORD>14649,61</NORD>
    <SARD>1156,385</SARD>
    <SICI>2372,283</SICI>
    <SUD>3653,286</SUD>
  </Fabbisogno>
  <Fabbisogno>
    <Data>20160103</Data>
    <Mercato>MGP</Mercato>
    <Ora>22</Ora>
    <Italia>29224,117</Italia>
    <CNOR>2932,269</CNOR>
    <CSUD>5462,287</CSUD>
    <NORD>14242,679</NORD>
    <SARD>1065,977</SARD>
    <SICI>2226,836</SICI>
    <SUD>3294,069</SUD>
  </Fabbisogno>
  <Fabbisogno>
    <Data>20160103</Data>
    <Mercato>MGP</Mercato>
    <Ora>23</Ora>
    <Italia>26809,303</Italia>
    <CNOR>2699,746</CNOR>
    <CSUD>5205,581</CSUD>
    <NORD>12801,605</NORD>
    <SARD>991,614</SARD>
    <SICI>2051,44</SICI>
    <SUD>3059,317</SUD>
  </Fabbisogno>
  <Fabbisogno>
    <Data>20160103</Data>
    <Mercato>MGP</Mercato>
    <Ora>24</Ora>
    <Italia>24197,419</Italia>
    <CNOR>2418,465</CNOR>
    <CSUD>4650,895</CSUD>
    <NORD>11625,195</NORD>
    <SARD>905,743</SARD>
    <SICI>1831,671</SICI>
    <SUD>2765,45</SUD>
  </Fabbisogno>
</NewDataSet>