<?xml version="1.0" standalone="yes"?>
<NewDataSet>
  <xs:schema id="NewDataSet" xmlns="" xmlns:xs="http://www.w3.org/2001/XMLSchema" xmlns:msdata="urn:schemas-microsoft-com:xml-msdata">
    <xs:element name="NewDataSet" msdata:IsDataSet="true" msdata:UseCurrentLocale="true">
      <xs:complexType>
        <xs:choice minOccurs="0" maxOccurs="unbounded">
          <xs:element name="Fabbisogno">
            <xs:complexType>
              <xs:sequence>
                <xs:element name="Data" type="xs:string" minOccurs="0" />
                <xs:element name="Mercato" type="xs:string" minOccurs="0" />
                <xs:element name="Ora" type="xs:string" minOccurs="0" />
                <xs:element name="Italia" type="xs:string" minOccurs="0" />
                <xs:element name="CNOR" type="xs:string" minOccurs="0" />
                <xs:element name="CSUD" type="xs:string" minOccurs="0" />
                <xs:element name="NORD" type="xs:string" minOccurs="0" />
                <xs:element name="SARD" type="xs:string" minOccurs="0" />
                <xs:element name="SICI" type="xs:string" minOccurs="0" />
                <xs:element name="SUD" type="xs:string" minOccurs="0" />
              </xs:sequence>
            </xs:complexType>
          </xs:element>
        </xs:choice>
      </xs:complexType>
    </xs:element>
  </xs:schema>
  <Fabbisogno>
    <Data>20160126</Data>
    <Mercato>MGP</Mercato>
    <Ora>1</Ora>
    <Italia>28311,765</Italia>
    <CNOR>2732,98</CNOR>
    <CSUD>4303,021</CSUD>
    <NORD>16033,979</NORD>
    <SARD>789,678</SARD>
    <SICI>1590,561</SICI>
    <SUD>2861,546</SUD>
  </Fabbisogno>
  <Fabbisogno>
    <Data>20160126</Data>
    <Mercato>MGP</Mercato>
    <Ora>2</Ora>
    <Italia>26259,247</Italia>
    <CNOR>2522,501</CNOR>
    <CSUD>3781,528</CSUD>
    <NORD>15272,643</NORD>
    <SARD>700,176</SARD>
    <SICI>1332,193</SICI>
    <SUD>2650,206</SUD>
  </Fabbisogno>
  <Fabbisogno>
    <Data>20160126</Data>
    <Mercato>MGP</Mercato>
    <Ora>3</Ora>
    <Italia>24891,068</Italia>
    <CNOR>2319,865</CNOR>
    <CSUD>3315,773</CSUD>
    <NORD>14960,516</NORD>
    <SARD>613,083</SARD>
    <SICI>1236,107</SICI>
    <SUD>2445,724</SUD>
  </Fabbisogno>
  <Fabbisogno>
    <Data>20160126</Data>
    <Mercato>MGP</Mercato>
    <Ora>4</Ora>
    <Italia>25403,529</Italia>
    <CNOR>2415,485</CNOR>
    <CSUD>3563,106</CSUD>
    <NORD>14942,042</NORD>
    <SARD>674,275</SARD>
    <SICI>1280,1</SICI>
    <SUD>2528,521</SUD>
  </Fabbisogno>
  <Fabbisogno>
    <Data>20160126</Data>
    <Mercato>MGP</Mercato>
    <Ora>5</Ora>
    <Italia>25022,117</Italia>
    <CNOR>2344,211</CNOR>
    <CSUD>3312,629</CSUD>
    <NORD>15140,207</NORD>
    <SARD>615,814</SARD>
    <SICI>1192,295</SICI>
    <SUD>2416,961</SUD>
  </Fabbisogno>
  <Fabbisogno>
    <Data>20160126</Data>
    <Mercato>MGP</Mercato>
    <Ora>6</Ora>
    <Italia>26556,279</Italia>
    <CNOR>2441,992</CNOR>
    <CSUD>3488,035</CSUD>
    <NORD>16164,045</NORD>
    <SARD>640,696</SARD>
    <SICI>1272,455</SICI>
    <SUD>2549,056</SUD>
  </Fabbisogno>
  <Fabbisogno>
    <Data>20160126</Data>
    <Mercato>MGP</Mercato>
    <Ora>7</Ora>
    <Italia>31674,467</Italia>
    <CNOR>2710,158</CNOR>
    <CSUD>4087,88</CSUD>
    <NORD>19481,197</NORD>
    <SARD>739,835</SARD>
    <SICI>1507,573</SICI>
    <SUD>3147,824</SUD>
  </Fabbisogno>
  <Fabbisogno>
    <Data>20160126</Data>
    <Mercato>MGP</Mercato>
    <Ora>8</Ora>
    <Italia>38012,54</Italia>
    <CNOR>3174,883</CNOR>
    <CSUD>4813,549</CSUD>
    <NORD>23616,796</NORD>
    <SARD>913,005</SARD>
    <SICI>1815,242</SICI>
    <SUD>3679,065</SUD>
  </Fabbisogno>
  <Fabbisogno>
    <Data>20160126</Data>
    <Mercato>MGP</Mercato>
    <Ora>9</Ora>
    <Italia>42365,7</Italia>
    <CNOR>3696,861</CNOR>
    <CSUD>5327,338</CSUD>
    <NORD>26227,378</NORD>
    <SARD>966,831</SARD>
    <SICI>1984,704</SICI>
    <SUD>4162,588</SUD>
  </Fabbisogno>
  <Fabbisogno>
    <Data>20160126</Data>
    <Mercato>MGP</Mercato>
    <Ora>10</Ora>
    <Italia>43510,02</Italia>
    <CNOR>3788,041</CNOR>
    <CSUD>5637,966</CSUD>
    <NORD>26675,525</NORD>
    <SARD>948,035</SARD>
    <SICI>2016,385</SICI>
    <SUD>4444,068</SUD>
  </Fabbisogno>
  <Fabbisogno>
    <Data>20160126</Data>
    <Mercato>MGP</Mercato>
    <Ora>11</Ora>
    <Italia>42614,497</Italia>
    <CNOR>3738,056</CNOR>
    <CSUD>5562,683</CSUD>
    <NORD>26253,64</NORD>
    <SARD>897,614</SARD>
    <SICI>1950,366</SICI>
    <SUD>4212,138</SUD>
  </Fabbisogno>
  <Fabbisogno>
    <Data>20160126</Data>
    <Mercato>MGP</Mercato>
    <Ora>12</Ora>
    <Italia>43305,236</Italia>
    <CNOR>3875,536</CNOR>
    <CSUD>5999,559</CSUD>
    <NORD>26183,912</NORD>
    <SARD>956,537</SARD>
    <SICI>1971,728</SICI>
    <SUD>4317,964</SUD>
  </Fabbisogno>
  <Fabbisogno>
    <Data>20160126</Data>
    <Mercato>MGP</Mercato>
    <Ora>13</Ora>
    <Italia>39864,175</Italia>
    <CNOR>3432,671</CNOR>
    <CSUD>5444,176</CSUD>
    <NORD>24081,194</NORD>
    <SARD>854,957</SARD>
    <SICI>1852,612</SICI>
    <SUD>4198,565</SUD>
  </Fabbisogno>
  <Fabbisogno>
    <Data>20160126</Data>
    <Mercato>MGP</Mercato>
    <Ora>14</Ora>
    <Italia>38759,165</Italia>
    <CNOR>3262,878</CNOR>
    <CSUD>5248,994</CSUD>
    <NORD>23661,605</NORD>
    <SARD>820,937</SARD>
    <SICI>1804,835</SICI>
    <SUD>3959,916</SUD>
  </Fabbisogno>
  <Fabbisogno>
    <Data>20160126</Data>
    <Mercato>MGP</Mercato>
    <Ora>15</Ora>
    <Italia>40219,484</Italia>
    <CNOR>3531,75</CNOR>
    <CSUD>5359,782</CSUD>
    <NORD>24713,263</NORD>
    <SARD>816,618</SARD>
    <SICI>1827,014</SICI>
    <SUD>3971,057</SUD>
  </Fabbisogno>
  <Fabbisogno>
    <Data>20160126</Data>
    <Mercato>MGP</Mercato>
    <Ora>16</Ora>
    <Italia>41328,402</Italia>
    <CNOR>3652,597</CNOR>
    <CSUD>5471,959</CSUD>
    <NORD>25371,281</NORD>
    <SARD>832,641</SARD>
    <SICI>1878,394</SICI>
    <SUD>4121,53</SUD>
  </Fabbisogno>
  <Fabbisogno>
    <Data>20160126</Data>
    <Mercato>MGP</Mercato>
    <Ora>17</Ora>
    <Italia>42689,781</Italia>
    <CNOR>3824,794</CNOR>
    <CSUD>5783,825</CSUD>
    <NORD>25874,662</NORD>
    <SARD>869,001</SARD>
    <SICI>2073,461</SICI>
    <SUD>4264,038</SUD>
  </Fabbisogno>
  <Fabbisogno>
    <Data>20160126</Data>
    <Mercato>MGP</Mercato>
    <Ora>18</Ora>
    <Italia>46185,024</Italia>
    <CNOR>4314,386</CNOR>
    <CSUD>7076,03099999999</CSUD>
    <NORD>26304,708</NORD>
    <SARD>1071,561</SARD>
    <SICI>2562,573</SICI>
    <SUD>4855,765</SUD>
  </Fabbisogno>
  <Fabbisogno>
    <Data>20160126</Data>
    <Mercato>MGP</Mercato>
    <Ora>19</Ora>
    <Italia>45271,564</Italia>
    <CNOR>4116,133</CNOR>
    <CSUD>6676,974</CSUD>
    <NORD>25827,578</NORD>
    <SARD>1033,488</SARD>
    <SICI>2711,509</SICI>
    <SUD>4905,882</SUD>
  </Fabbisogno>
  <Fabbisogno>
    <Data>20160126</Data>
    <Mercato>MGP</Mercato>
    <Ora>20</Ora>
    <Italia>44404,047</Italia>
    <CNOR>4187,113</CNOR>
    <CSUD>7243,461</CSUD>
    <NORD>24157,506</NORD>
    <SARD>1188,39</SARD>
    <SICI>2766,094</SICI>
    <SUD>4861,483</SUD>
  </Fabbisogno>
  <Fabbisogno>
    <Data>20160126</Data>
    <Mercato>MGP</Mercato>
    <Ora>21</Ora>
    <Italia>41448,006</Italia>
    <CNOR>3907,495</CNOR>
    <CSUD>6812,826</CSUD>
    <NORD>22187,072</NORD>
    <SARD>1182,638</SARD>
    <SICI>2625,99</SICI>
    <SUD>4731,985</SUD>
  </Fabbisogno>
  <Fabbisogno>
    <Data>20160126</Data>
    <Mercato>MGP</Mercato>
    <Ora>22</Ora>
    <Italia>38597,544</Italia>
    <CNOR>3593,574</CNOR>
    <CSUD>6240,163</CSUD>
    <NORD>21026,384</NORD>
    <SARD>1074,298</SARD>
    <SICI>2376,365</SICI>
    <SUD>4286,76</SUD>
  </Fabbisogno>
  <Fabbisogno>
    <Data>20160126</Data>
    <Mercato>MGP</Mercato>
    <Ora>23</Ora>
    <Italia>34694,426</Italia>
    <CNOR>3219,854</CNOR>
    <CSUD>5588,433</CSUD>
    <NORD>19024,554</NORD>
    <SARD>984,538</SARD>
    <SICI>2101,234</SICI>
    <SUD>3775,813</SUD>
  </Fabbisogno>
  <Fabbisogno>
    <Data>20160126</Data>
    <Mercato>MGP</Mercato>
    <Ora>24</Ora>
    <Italia>31164,15</Italia>
    <CNOR>2829,878</CNOR>
    <CSUD>4866,538</CSUD>
    <NORD>17473,359</NORD>
    <SARD>873,815</SARD>
    <SICI>1721,403</SICI>
    <SUD>3399,157</SUD>
  </Fabbisogno>
</NewDataSet>