<?xml version="1.0" standalone="yes"?>
<NewDataSet>
  <xs:schema id="NewDataSet" xmlns="" xmlns:xs="http://www.w3.org/2001/XMLSchema" xmlns:msdata="urn:schemas-microsoft-com:xml-msdata">
    <xs:element name="NewDataSet" msdata:IsDataSet="true" msdata:UseCurrentLocale="true">
      <xs:complexType>
        <xs:choice minOccurs="0" maxOccurs="unbounded">
          <xs:element name="Fabbisogno">
            <xs:complexType>
              <xs:sequence>
                <xs:element name="Data" type="xs:string" minOccurs="0" />
                <xs:element name="Mercato" type="xs:string" minOccurs="0" />
                <xs:element name="Ora" type="xs:string" minOccurs="0" />
                <xs:element name="Italia" type="xs:string" minOccurs="0" />
                <xs:element name="CNOR" type="xs:string" minOccurs="0" />
                <xs:element name="CSUD" type="xs:string" minOccurs="0" />
                <xs:element name="NORD" type="xs:string" minOccurs="0" />
                <xs:element name="SARD" type="xs:string" minOccurs="0" />
                <xs:element name="SICI" type="xs:string" minOccurs="0" />
                <xs:element name="SUD" type="xs:string" minOccurs="0" />
              </xs:sequence>
            </xs:complexType>
          </xs:element>
        </xs:choice>
      </xs:complexType>
    </xs:element>
  </xs:schema>
  <Fabbisogno>
    <Data>20160119</Data>
    <Mercato>MGP</Mercato>
    <Ora>1</Ora>
    <Italia>28464,663</Italia>
    <CNOR>2546,327</CNOR>
    <CSUD>4272,041</CSUD>
    <NORD>16084,399</NORD>
    <SARD>832,151</SARD>
    <SICI>1645,501</SICI>
    <SUD>3084,244</SUD>
  </Fabbisogno>
  <Fabbisogno>
    <Data>20160119</Data>
    <Mercato>MGP</Mercato>
    <Ora>2</Ora>
    <Italia>27308,633</Italia>
    <CNOR>2362,601</CNOR>
    <CSUD>3878,854</CSUD>
    <NORD>15937,33</NORD>
    <SARD>763,387</SARD>
    <SICI>1468,911</SICI>
    <SUD>2897,55</SUD>
  </Fabbisogno>
  <Fabbisogno>
    <Data>20160119</Data>
    <Mercato>MGP</Mercato>
    <Ora>3</Ora>
    <Italia>26607,766</Italia>
    <CNOR>2252,224</CNOR>
    <CSUD>3657,296</CSUD>
    <NORD>15851,401</NORD>
    <SARD>726,783</SARD>
    <SICI>1304,572</SICI>
    <SUD>2815,49</SUD>
  </Fabbisogno>
  <Fabbisogno>
    <Data>20160119</Data>
    <Mercato>MGP</Mercato>
    <Ora>4</Ora>
    <Italia>25911,124</Italia>
    <CNOR>2146,417</CNOR>
    <CSUD>3349,982</CSUD>
    <NORD>15814,182</NORD>
    <SARD>655,072</SARD>
    <SICI>1244,347</SICI>
    <SUD>2701,124</SUD>
  </Fabbisogno>
  <Fabbisogno>
    <Data>20160119</Data>
    <Mercato>MGP</Mercato>
    <Ora>5</Ora>
    <Italia>26172,158</Italia>
    <CNOR>2154,178</CNOR>
    <CSUD>3370,493</CSUD>
    <NORD>16004,154</NORD>
    <SARD>659,71</SARD>
    <SICI>1250,777</SICI>
    <SUD>2732,846</SUD>
  </Fabbisogno>
  <Fabbisogno>
    <Data>20160119</Data>
    <Mercato>MGP</Mercato>
    <Ora>6</Ora>
    <Italia>27571,523</Italia>
    <CNOR>2290,733</CNOR>
    <CSUD>3591,053</CSUD>
    <NORD>16795,42</NORD>
    <SARD>692,87</SARD>
    <SICI>1355,905</SICI>
    <SUD>2845,542</SUD>
  </Fabbisogno>
  <Fabbisogno>
    <Data>20160119</Data>
    <Mercato>MGP</Mercato>
    <Ora>7</Ora>
    <Italia>32656,662</Italia>
    <CNOR>2798,254</CNOR>
    <CSUD>4524,188</CSUD>
    <NORD>19766,409</NORD>
    <SARD>805,244</SARD>
    <SICI>1548,029</SICI>
    <SUD>3214,538</SUD>
  </Fabbisogno>
  <Fabbisogno>
    <Data>20160119</Data>
    <Mercato>MGP</Mercato>
    <Ora>8</Ora>
    <Italia>39011,762</Italia>
    <CNOR>3190,631</CNOR>
    <CSUD>4962,645</CSUD>
    <NORD>24449,058</NORD>
    <SARD>950,268</SARD>
    <SICI>1875,501</SICI>
    <SUD>3583,659</SUD>
  </Fabbisogno>
  <Fabbisogno>
    <Data>20160119</Data>
    <Mercato>MGP</Mercato>
    <Ora>9</Ora>
    <Italia>42737,75</Italia>
    <CNOR>3699,98</CNOR>
    <CSUD>5503,235</CSUD>
    <NORD>26446,684</NORD>
    <SARD>1035,907</SARD>
    <SICI>2063,475</SICI>
    <SUD>3988,469</SUD>
  </Fabbisogno>
  <Fabbisogno>
    <Data>20160119</Data>
    <Mercato>MGP</Mercato>
    <Ora>10</Ora>
    <Italia>44165,92</Italia>
    <CNOR>3825,776</CNOR>
    <CSUD>5841,162</CSUD>
    <NORD>27146,425</NORD>
    <SARD>1048,291</SARD>
    <SICI>2136,037</SICI>
    <SUD>4168,229</SUD>
  </Fabbisogno>
  <Fabbisogno>
    <Data>20160119</Data>
    <Mercato>MGP</Mercato>
    <Ora>11</Ora>
    <Italia>44513,451</Italia>
    <CNOR>3895,041</CNOR>
    <CSUD>6213,966</CSUD>
    <NORD>27157,735</NORD>
    <SARD>1098,613</SARD>
    <SICI>2075,89</SICI>
    <SUD>4072,206</SUD>
  </Fabbisogno>
  <Fabbisogno>
    <Data>20160119</Data>
    <Mercato>MGP</Mercato>
    <Ora>12</Ora>
    <Italia>43494,244</Italia>
    <CNOR>3707,52</CNOR>
    <CSUD>5719,603</CSUD>
    <NORD>27079,631</NORD>
    <SARD>986,896</SARD>
    <SICI>1995,6</SICI>
    <SUD>4004,994</SUD>
  </Fabbisogno>
  <Fabbisogno>
    <Data>20160119</Data>
    <Mercato>MGP</Mercato>
    <Ora>13</Ora>
    <Italia>40896,737</Italia>
    <CNOR>3425,229</CNOR>
    <CSUD>5605,346</CSUD>
    <NORD>25003,858</NORD>
    <SARD>978,156</SARD>
    <SICI>1998,475</SICI>
    <SUD>3885,673</SUD>
  </Fabbisogno>
  <Fabbisogno>
    <Data>20160119</Data>
    <Mercato>MGP</Mercato>
    <Ora>14</Ora>
    <Italia>40370,972</Italia>
    <CNOR>3246,524</CNOR>
    <CSUD>5426,154</CSUD>
    <NORD>25040,503</NORD>
    <SARD>950,838</SARD>
    <SICI>1954,451</SICI>
    <SUD>3752,502</SUD>
  </Fabbisogno>
  <Fabbisogno>
    <Data>20160119</Data>
    <Mercato>MGP</Mercato>
    <Ora>15</Ora>
    <Italia>41737,775</Italia>
    <CNOR>3500,017</CNOR>
    <CSUD>5543,922</CSUD>
    <NORD>26014,381</NORD>
    <SARD>945,362</SARD>
    <SICI>1982,97</SICI>
    <SUD>3751,123</SUD>
  </Fabbisogno>
  <Fabbisogno>
    <Data>20160119</Data>
    <Mercato>MGP</Mercato>
    <Ora>16</Ora>
    <Italia>42732,547</Italia>
    <CNOR>3639,691</CNOR>
    <CSUD>5638,735</CSUD>
    <NORD>26595,705</NORD>
    <SARD>957,904</SARD>
    <SICI>2023,412</SICI>
    <SUD>3877,1</SUD>
  </Fabbisogno>
  <Fabbisogno>
    <Data>20160119</Data>
    <Mercato>MGP</Mercato>
    <Ora>17</Ora>
    <Italia>43582,35</Italia>
    <CNOR>3864,485</CNOR>
    <CSUD>6016,95</CSUD>
    <NORD>26331,233</NORD>
    <SARD>994,274</SARD>
    <SICI>2211,155</SICI>
    <SUD>4164,253</SUD>
  </Fabbisogno>
  <Fabbisogno>
    <Data>20160119</Data>
    <Mercato>MGP</Mercato>
    <Ora>18</Ora>
    <Italia>45810,938</Italia>
    <CNOR>4106,79</CNOR>
    <CSUD>6637,259</CSUD>
    <NORD>26724,163</NORD>
    <SARD>1087,857</SARD>
    <SICI>2501,335</SICI>
    <SUD>4753,534</SUD>
  </Fabbisogno>
  <Fabbisogno>
    <Data>20160119</Data>
    <Mercato>MGP</Mercato>
    <Ora>19</Ora>
    <Italia>44871,063</Italia>
    <CNOR>4109,673</CNOR>
    <CSUD>6847,412</CSUD>
    <NORD>25158,624</NORD>
    <SARD>1147,434</SARD>
    <SICI>2642,348</SICI>
    <SUD>4965,572</SUD>
  </Fabbisogno>
  <Fabbisogno>
    <Data>20160119</Data>
    <Mercato>MGP</Mercato>
    <Ora>20</Ora>
    <Italia>45128,499</Italia>
    <CNOR>4172,435</CNOR>
    <CSUD>7249,095</CSUD>
    <NORD>24561,404</NORD>
    <SARD>1241,366</SARD>
    <SICI>2796,296</SICI>
    <SUD>5107,903</SUD>
  </Fabbisogno>
  <Fabbisogno>
    <Data>20160119</Data>
    <Mercato>MGP</Mercato>
    <Ora>21</Ora>
    <Italia>42927,038</Italia>
    <CNOR>3919,466</CNOR>
    <CSUD>6992,982</CSUD>
    <NORD>22992,611</NORD>
    <SARD>1270,633</SARD>
    <SICI>2776,082</SICI>
    <SUD>4975,264</SUD>
  </Fabbisogno>
  <Fabbisogno>
    <Data>20160119</Data>
    <Mercato>MGP</Mercato>
    <Ora>22</Ora>
    <Italia>40042,611</Italia>
    <CNOR>3603,532</CNOR>
    <CSUD>6478,256</CSUD>
    <NORD>21791,719</NORD>
    <SARD>1175,456</SARD>
    <SICI>2488,574</SICI>
    <SUD>4505,074</SUD>
  </Fabbisogno>
  <Fabbisogno>
    <Data>20160119</Data>
    <Mercato>MGP</Mercato>
    <Ora>23</Ora>
    <Italia>35287,877</Italia>
    <CNOR>3161,497</CNOR>
    <CSUD>5666,38</CSUD>
    <NORD>19268,306</NORD>
    <SARD>980,707</SARD>
    <SICI>2210,077</SICI>
    <SUD>4000,91</SUD>
  </Fabbisogno>
  <Fabbisogno>
    <Data>20160119</Data>
    <Mercato>MGP</Mercato>
    <Ora>24</Ora>
    <Italia>32317,727</Italia>
    <CNOR>2774,467</CNOR>
    <CSUD>4886,639</CSUD>
    <NORD>18321,076</NORD>
    <SARD>934,933</SARD>
    <SICI>1874,529</SICI>
    <SUD>3526,083</SUD>
  </Fabbisogno>
</NewDataSet>