<?xml version="1.0" standalone="yes"?>
<NewDataSet>
  <xs:schema id="NewDataSet" xmlns="" xmlns:xs="http://www.w3.org/2001/XMLSchema" xmlns:msdata="urn:schemas-microsoft-com:xml-msdata">
    <xs:element name="NewDataSet" msdata:IsDataSet="true" msdata:UseCurrentLocale="true">
      <xs:complexType>
        <xs:choice minOccurs="0" maxOccurs="unbounded">
          <xs:element name="Fabbisogno">
            <xs:complexType>
              <xs:sequence>
                <xs:element name="Data" type="xs:string" minOccurs="0" />
                <xs:element name="Mercato" type="xs:string" minOccurs="0" />
                <xs:element name="Ora" type="xs:string" minOccurs="0" />
                <xs:element name="Italia" type="xs:string" minOccurs="0" />
                <xs:element name="CNOR" type="xs:string" minOccurs="0" />
                <xs:element name="CSUD" type="xs:string" minOccurs="0" />
                <xs:element name="NORD" type="xs:string" minOccurs="0" />
                <xs:element name="SARD" type="xs:string" minOccurs="0" />
                <xs:element name="SICI" type="xs:string" minOccurs="0" />
                <xs:element name="SUD" type="xs:string" minOccurs="0" />
              </xs:sequence>
            </xs:complexType>
          </xs:element>
        </xs:choice>
      </xs:complexType>
    </xs:element>
  </xs:schema>
  <Fabbisogno>
    <Data>20160321</Data>
    <Mercato>MGP</Mercato>
    <Ora>1</Ora>
    <Italia>23097,157</Italia>
    <CNOR>2631,191</CNOR>
    <CSUD>4259,734</CSUD>
    <NORD>11080,685</NORD>
    <SARD>880,239</SARD>
    <SICI>1444,361</SICI>
    <SUD>2800,947</SUD>
  </Fabbisogno>
  <Fabbisogno>
    <Data>20160321</Data>
    <Mercato>MGP</Mercato>
    <Ora>2</Ora>
    <Italia>21885,016</Italia>
    <CNOR>2527,112</CNOR>
    <CSUD>3975,926</CSUD>
    <NORD>10410,281</NORD>
    <SARD>831,223</SARD>
    <SICI>1419,108</SICI>
    <SUD>2721,366</SUD>
  </Fabbisogno>
  <Fabbisogno>
    <Data>20160321</Data>
    <Mercato>MGP</Mercato>
    <Ora>3</Ora>
    <Italia>21170,074</Italia>
    <CNOR>2367,621</CNOR>
    <CSUD>3756,721</CSUD>
    <NORD>10403,473</NORD>
    <SARD>802,791</SARD>
    <SICI>1239,874</SICI>
    <SUD>2599,594</SUD>
  </Fabbisogno>
  <Fabbisogno>
    <Data>20160321</Data>
    <Mercato>MGP</Mercato>
    <Ora>4</Ora>
    <Italia>21037,253</Italia>
    <CNOR>2316,14</CNOR>
    <CSUD>3676,531</CSUD>
    <NORD>10579,331</NORD>
    <SARD>790,978</SARD>
    <SICI>1201,695</SICI>
    <SUD>2472,578</SUD>
  </Fabbisogno>
  <Fabbisogno>
    <Data>20160321</Data>
    <Mercato>MGP</Mercato>
    <Ora>5</Ora>
    <Italia>21574,183</Italia>
    <CNOR>2329,082</CNOR>
    <CSUD>3692,392</CSUD>
    <NORD>11021,751</NORD>
    <SARD>797,355</SARD>
    <SICI>1215,707</SICI>
    <SUD>2517,896</SUD>
  </Fabbisogno>
  <Fabbisogno>
    <Data>20160321</Data>
    <Mercato>MGP</Mercato>
    <Ora>6</Ora>
    <Italia>23467,362</Italia>
    <CNOR>2582,85</CNOR>
    <CSUD>4037,795</CSUD>
    <NORD>12126,983</NORD>
    <SARD>841,651</SARD>
    <SICI>1281,862</SICI>
    <SUD>2596,221</SUD>
  </Fabbisogno>
  <Fabbisogno>
    <Data>20160321</Data>
    <Mercato>MGP</Mercato>
    <Ora>7</Ora>
    <Italia>27925,644</Italia>
    <CNOR>2913,636</CNOR>
    <CSUD>4431,428</CSUD>
    <NORD>15682</NORD>
    <SARD>883,662</SARD>
    <SICI>1339,848</SICI>
    <SUD>2675,07</SUD>
  </Fabbisogno>
  <Fabbisogno>
    <Data>20160321</Data>
    <Mercato>MGP</Mercato>
    <Ora>8</Ora>
    <Italia>33799,449</Italia>
    <CNOR>3198,264</CNOR>
    <CSUD>4916,799</CSUD>
    <NORD>20003,629</NORD>
    <SARD>947,086</SARD>
    <SICI>1717,538</SICI>
    <SUD>3016,133</SUD>
  </Fabbisogno>
  <Fabbisogno>
    <Data>20160321</Data>
    <Mercato>MGP</Mercato>
    <Ora>9</Ora>
    <Italia>38808,531</Italia>
    <CNOR>3741,191</CNOR>
    <CSUD>5828,301</CSUD>
    <NORD>22969,808</NORD>
    <SARD>1021,619</SARD>
    <SICI>1874,311</SICI>
    <SUD>3373,301</SUD>
  </Fabbisogno>
  <Fabbisogno>
    <Data>20160321</Data>
    <Mercato>MGP</Mercato>
    <Ora>10</Ora>
    <Italia>39367,101</Italia>
    <CNOR>3815,12</CNOR>
    <CSUD>5617,402</CSUD>
    <NORD>23833,491</NORD>
    <SARD>1020,727</SARD>
    <SICI>1796,117</SICI>
    <SUD>3284,244</SUD>
  </Fabbisogno>
  <Fabbisogno>
    <Data>20160321</Data>
    <Mercato>MGP</Mercato>
    <Ora>11</Ora>
    <Italia>39372,697</Italia>
    <CNOR>3723,761</CNOR>
    <CSUD>5864,909</CSUD>
    <NORD>23752,544</NORD>
    <SARD>1090,123</SARD>
    <SICI>1833,964</SICI>
    <SUD>3107,396</SUD>
  </Fabbisogno>
  <Fabbisogno>
    <Data>20160321</Data>
    <Mercato>MGP</Mercato>
    <Ora>12</Ora>
    <Italia>39020,511</Italia>
    <CNOR>3882,094</CNOR>
    <CSUD>5903,234</CSUD>
    <NORD>23317,71</NORD>
    <SARD>1054,875</SARD>
    <SICI>1794,058</SICI>
    <SUD>3068,54</SUD>
  </Fabbisogno>
  <Fabbisogno>
    <Data>20160321</Data>
    <Mercato>MGP</Mercato>
    <Ora>13</Ora>
    <Italia>35923,942</Italia>
    <CNOR>3282,529</CNOR>
    <CSUD>5413,963</CSUD>
    <NORD>21533,896</NORD>
    <SARD>907,048</SARD>
    <SICI>1778,861</SICI>
    <SUD>3007,645</SUD>
  </Fabbisogno>
  <Fabbisogno>
    <Data>20160321</Data>
    <Mercato>MGP</Mercato>
    <Ora>14</Ora>
    <Italia>36128,905</Italia>
    <CNOR>3295,12</CNOR>
    <CSUD>5426,633</CSUD>
    <NORD>21743,675</NORD>
    <SARD>980,944</SARD>
    <SICI>1762,171</SICI>
    <SUD>2920,362</SUD>
  </Fabbisogno>
  <Fabbisogno>
    <Data>20160321</Data>
    <Mercato>MGP</Mercato>
    <Ora>15</Ora>
    <Italia>37040,957</Italia>
    <CNOR>3371,815</CNOR>
    <CSUD>5075,457</CSUD>
    <NORD>23051,908</NORD>
    <SARD>864,472</SARD>
    <SICI>1776,656</SICI>
    <SUD>2900,649</SUD>
  </Fabbisogno>
  <Fabbisogno>
    <Data>20160321</Data>
    <Mercato>MGP</Mercato>
    <Ora>16</Ora>
    <Italia>38073,177</Italia>
    <CNOR>3494,526</CNOR>
    <CSUD>5449,832</CSUD>
    <NORD>23487,705</NORD>
    <SARD>871,927</SARD>
    <SICI>1794,11</SICI>
    <SUD>2975,077</SUD>
  </Fabbisogno>
  <Fabbisogno>
    <Data>20160321</Data>
    <Mercato>MGP</Mercato>
    <Ora>17</Ora>
    <Italia>38089,512</Italia>
    <CNOR>3549,391</CNOR>
    <CSUD>5432,916</CSUD>
    <NORD>23269,821</NORD>
    <SARD>906,094</SARD>
    <SICI>1744,764</SICI>
    <SUD>3186,526</SUD>
  </Fabbisogno>
  <Fabbisogno>
    <Data>20160321</Data>
    <Mercato>MGP</Mercato>
    <Ora>18</Ora>
    <Italia>38453,662</Italia>
    <CNOR>3711,377</CNOR>
    <CSUD>5715,613</CSUD>
    <NORD>22708,497</NORD>
    <SARD>1026,556</SARD>
    <SICI>1853,764</SICI>
    <SUD>3437,855</SUD>
  </Fabbisogno>
  <Fabbisogno>
    <Data>20160321</Data>
    <Mercato>MGP</Mercato>
    <Ora>19</Ora>
    <Italia>40074,835</Italia>
    <CNOR>4096,201</CNOR>
    <CSUD>6385,331</CSUD>
    <NORD>22474,002</NORD>
    <SARD>1107,029</SARD>
    <SICI>2138,983</SICI>
    <SUD>3873,289</SUD>
  </Fabbisogno>
  <Fabbisogno>
    <Data>20160321</Data>
    <Mercato>MGP</Mercato>
    <Ora>20</Ora>
    <Italia>41718,069</Italia>
    <CNOR>4456,548</CNOR>
    <CSUD>7042,27</CSUD>
    <NORD>22350,664</NORD>
    <SARD>1267,968</SARD>
    <SICI>2426,12</SICI>
    <SUD>4174,499</SUD>
  </Fabbisogno>
  <Fabbisogno>
    <Data>20160321</Data>
    <Mercato>MGP</Mercato>
    <Ora>21</Ora>
    <Italia>39558,248</Italia>
    <CNOR>4364,945</CNOR>
    <CSUD>6963,173</CSUD>
    <NORD>20394,822</NORD>
    <SARD>1269,108</SARD>
    <SICI>2408,414</SICI>
    <SUD>4157,786</SUD>
  </Fabbisogno>
  <Fabbisogno>
    <Data>20160321</Data>
    <Mercato>MGP</Mercato>
    <Ora>22</Ora>
    <Italia>36700,889</Italia>
    <CNOR>4033,122</CNOR>
    <CSUD>6458,956</CSUD>
    <NORD>18874,879</NORD>
    <SARD>1199,352</SARD>
    <SICI>2232,238</SICI>
    <SUD>3902,342</SUD>
  </Fabbisogno>
  <Fabbisogno>
    <Data>20160321</Data>
    <Mercato>MGP</Mercato>
    <Ora>23</Ora>
    <Italia>32827,567</Italia>
    <CNOR>3617,481</CNOR>
    <CSUD>5800,285</CSUD>
    <NORD>16746,652</NORD>
    <SARD>1087,625</SARD>
    <SICI>2008,641</SICI>
    <SUD>3566,883</SUD>
  </Fabbisogno>
  <Fabbisogno>
    <Data>20160321</Data>
    <Mercato>MGP</Mercato>
    <Ora>24</Ora>
    <Italia>29303,599</Italia>
    <CNOR>3260,248</CNOR>
    <CSUD>5134,942</CSUD>
    <NORD>14933,668</NORD>
    <SARD>988,396</SARD>
    <SICI>1745,835</SICI>
    <SUD>3240,51</SUD>
  </Fabbisogno>
</NewDataSet>