<?xml version="1.0" standalone="yes"?>
<NewDataSet>
  <xs:schema id="NewDataSet" xmlns="" xmlns:xs="http://www.w3.org/2001/XMLSchema" xmlns:msdata="urn:schemas-microsoft-com:xml-msdata">
    <xs:element name="NewDataSet" msdata:IsDataSet="true" msdata:UseCurrentLocale="true">
      <xs:complexType>
        <xs:choice minOccurs="0" maxOccurs="unbounded">
          <xs:element name="Fabbisogno">
            <xs:complexType>
              <xs:sequence>
                <xs:element name="Data" type="xs:string" minOccurs="0" />
                <xs:element name="Mercato" type="xs:string" minOccurs="0" />
                <xs:element name="Ora" type="xs:string" minOccurs="0" />
                <xs:element name="Italia" type="xs:string" minOccurs="0" />
                <xs:element name="CNOR" type="xs:string" minOccurs="0" />
                <xs:element name="CSUD" type="xs:string" minOccurs="0" />
                <xs:element name="NORD" type="xs:string" minOccurs="0" />
                <xs:element name="SARD" type="xs:string" minOccurs="0" />
                <xs:element name="SICI" type="xs:string" minOccurs="0" />
                <xs:element name="SUD" type="xs:string" minOccurs="0" />
              </xs:sequence>
            </xs:complexType>
          </xs:element>
        </xs:choice>
      </xs:complexType>
    </xs:element>
  </xs:schema>
  <Fabbisogno>
    <Data>20160314</Data>
    <Mercato>MGP</Mercato>
    <Ora>1</Ora>
    <Italia>23685,988</Italia>
    <CNOR>2642,425</CNOR>
    <CSUD>4346,286</CSUD>
    <NORD>11393,157</NORD>
    <SARD>866,657</SARD>
    <SICI>1581,96</SICI>
    <SUD>2855,503</SUD>
  </Fabbisogno>
  <Fabbisogno>
    <Data>20160314</Data>
    <Mercato>MGP</Mercato>
    <Ora>2</Ora>
    <Italia>22329,648</Italia>
    <CNOR>2519,205</CNOR>
    <CSUD>4027,226</CSUD>
    <NORD>10837,297</NORD>
    <SARD>812,71</SARD>
    <SICI>1439,911</SICI>
    <SUD>2693,299</SUD>
  </Fabbisogno>
  <Fabbisogno>
    <Data>20160314</Data>
    <Mercato>MGP</Mercato>
    <Ora>3</Ora>
    <Italia>21734,177</Italia>
    <CNOR>2386,38</CNOR>
    <CSUD>3821,419</CSUD>
    <NORD>10902,605</NORD>
    <SARD>779,409</SARD>
    <SICI>1235,792</SICI>
    <SUD>2608,572</SUD>
  </Fabbisogno>
  <Fabbisogno>
    <Data>20160314</Data>
    <Mercato>MGP</Mercato>
    <Ora>4</Ora>
    <Italia>21484,225</Italia>
    <CNOR>2288,572</CNOR>
    <CSUD>3717,359</CSUD>
    <NORD>10995,763</NORD>
    <SARD>756,281</SARD>
    <SICI>1188,849</SICI>
    <SUD>2537,401</SUD>
  </Fabbisogno>
  <Fabbisogno>
    <Data>20160314</Data>
    <Mercato>MGP</Mercato>
    <Ora>5</Ora>
    <Italia>21889,04</Italia>
    <CNOR>2251,11</CNOR>
    <CSUD>3673,238</CSUD>
    <NORD>11524,678</NORD>
    <SARD>707,472</SARD>
    <SICI>1208,171</SICI>
    <SUD>2524,371</SUD>
  </Fabbisogno>
  <Fabbisogno>
    <Data>20160314</Data>
    <Mercato>MGP</Mercato>
    <Ora>6</Ora>
    <Italia>23798,004</Italia>
    <CNOR>2510,366</CNOR>
    <CSUD>4013,626</CSUD>
    <NORD>12560,873</NORD>
    <SARD>794,601</SARD>
    <SICI>1278,358</SICI>
    <SUD>2640,18</SUD>
  </Fabbisogno>
  <Fabbisogno>
    <Data>20160314</Data>
    <Mercato>MGP</Mercato>
    <Ora>7</Ora>
    <Italia>28346,736</Italia>
    <CNOR>2755,458</CNOR>
    <CSUD>4400,84</CSUD>
    <NORD>16328,146</NORD>
    <SARD>860,1</SARD>
    <SICI>1364,652</SICI>
    <SUD>2637,54</SUD>
  </Fabbisogno>
  <Fabbisogno>
    <Data>20160314</Data>
    <Mercato>MGP</Mercato>
    <Ora>8</Ora>
    <Italia>34506,094</Italia>
    <CNOR>3073,587</CNOR>
    <CSUD>4774,025</CSUD>
    <NORD>20566,508</NORD>
    <SARD>918,772</SARD>
    <SICI>1725,025</SICI>
    <SUD>3448,177</SUD>
  </Fabbisogno>
  <Fabbisogno>
    <Data>20160314</Data>
    <Mercato>MGP</Mercato>
    <Ora>9</Ora>
    <Italia>39056,873</Italia>
    <CNOR>3542,947</CNOR>
    <CSUD>5696,38</CSUD>
    <NORD>23205,807</NORD>
    <SARD>976,453</SARD>
    <SICI>1873,735</SICI>
    <SUD>3761,551</SUD>
  </Fabbisogno>
  <Fabbisogno>
    <Data>20160314</Data>
    <Mercato>MGP</Mercato>
    <Ora>10</Ora>
    <Italia>40790,671</Italia>
    <CNOR>3660,899</CNOR>
    <CSUD>5899,853</CSUD>
    <NORD>24494,88</NORD>
    <SARD>981,668</SARD>
    <SICI>1901,465</SICI>
    <SUD>3851,906</SUD>
  </Fabbisogno>
  <Fabbisogno>
    <Data>20160314</Data>
    <Mercato>MGP</Mercato>
    <Ora>11</Ora>
    <Italia>40674,445</Italia>
    <CNOR>3637,185</CNOR>
    <CSUD>5969,99</CSUD>
    <NORD>24384,322</NORD>
    <SARD>1080,571</SARD>
    <SICI>1860,695</SICI>
    <SUD>3741,682</SUD>
  </Fabbisogno>
  <Fabbisogno>
    <Data>20160314</Data>
    <Mercato>MGP</Mercato>
    <Ora>12</Ora>
    <Italia>39764,818</Italia>
    <CNOR>3752,799</CNOR>
    <CSUD>5971,084</CSUD>
    <NORD>23560,43</NORD>
    <SARD>1042,427</SARD>
    <SICI>1832,581</SICI>
    <SUD>3605,497</SUD>
  </Fabbisogno>
  <Fabbisogno>
    <Data>20160314</Data>
    <Mercato>MGP</Mercato>
    <Ora>13</Ora>
    <Italia>37178,441</Italia>
    <CNOR>3314,585</CNOR>
    <CSUD>5591,665</CSUD>
    <NORD>21961,635</NORD>
    <SARD>904,861</SARD>
    <SICI>1800,311</SICI>
    <SUD>3605,384</SUD>
  </Fabbisogno>
  <Fabbisogno>
    <Data>20160314</Data>
    <Mercato>MGP</Mercato>
    <Ora>14</Ora>
    <Italia>36987,688</Italia>
    <CNOR>3241,172</CNOR>
    <CSUD>5519,729</CSUD>
    <NORD>22013,862</NORD>
    <SARD>925,13</SARD>
    <SICI>1787,493</SICI>
    <SUD>3500,302</SUD>
  </Fabbisogno>
  <Fabbisogno>
    <Data>20160314</Data>
    <Mercato>MGP</Mercato>
    <Ora>15</Ora>
    <Italia>37954,173</Italia>
    <CNOR>3347,885</CNOR>
    <CSUD>5342,204</CSUD>
    <NORD>23153,777</NORD>
    <SARD>849,092</SARD>
    <SICI>1798,402</SICI>
    <SUD>3462,813</SUD>
  </Fabbisogno>
  <Fabbisogno>
    <Data>20160314</Data>
    <Mercato>MGP</Mercato>
    <Ora>16</Ora>
    <Italia>38547,873</Italia>
    <CNOR>3471,712</CNOR>
    <CSUD>5468,203</CSUD>
    <NORD>23375,236</NORD>
    <SARD>861,35</SARD>
    <SICI>1831,417</SICI>
    <SUD>3539,955</SUD>
  </Fabbisogno>
  <Fabbisogno>
    <Data>20160314</Data>
    <Mercato>MGP</Mercato>
    <Ora>17</Ora>
    <Italia>39785,52</Italia>
    <CNOR>3558,42</CNOR>
    <CSUD>5750,979</CSUD>
    <NORD>23964,339</NORD>
    <SARD>895,195</SARD>
    <SICI>1902,233</SICI>
    <SUD>3714,354</SUD>
  </Fabbisogno>
  <Fabbisogno>
    <Data>20160314</Data>
    <Mercato>MGP</Mercato>
    <Ora>18</Ora>
    <Italia>40060,346</Italia>
    <CNOR>3787,712</CNOR>
    <CSUD>6093,095</CSUD>
    <NORD>22936,879</NORD>
    <SARD>1015,353</SARD>
    <SICI>2030,127</SICI>
    <SUD>4197,18</SUD>
  </Fabbisogno>
  <Fabbisogno>
    <Data>20160314</Data>
    <Mercato>MGP</Mercato>
    <Ora>19</Ora>
    <Italia>42307,749</Italia>
    <CNOR>4333,187</CNOR>
    <CSUD>6945,726</CSUD>
    <NORD>23287,759</NORD>
    <SARD>1171,136</SARD>
    <SICI>2289,655</SICI>
    <SUD>4280,286</SUD>
  </Fabbisogno>
  <Fabbisogno>
    <Data>20160314</Data>
    <Mercato>MGP</Mercato>
    <Ora>20</Ora>
    <Italia>42521,216</Italia>
    <CNOR>4390,638</CNOR>
    <CSUD>7129,762</CSUD>
    <NORD>22876,503</NORD>
    <SARD>1182,339</SARD>
    <SICI>2550,17</SICI>
    <SUD>4391,804</SUD>
  </Fabbisogno>
  <Fabbisogno>
    <Data>20160314</Data>
    <Mercato>MGP</Mercato>
    <Ora>21</Ora>
    <Italia>40198,439</Italia>
    <CNOR>4459,764</CNOR>
    <CSUD>7281,911</CSUD>
    <NORD>20051,479</NORD>
    <SARD>1301,906</SARD>
    <SICI>2656,162</SICI>
    <SUD>4447,217</SUD>
  </Fabbisogno>
  <Fabbisogno>
    <Data>20160314</Data>
    <Mercato>MGP</Mercato>
    <Ora>22</Ora>
    <Italia>37644,882</Italia>
    <CNOR>4097,74</CNOR>
    <CSUD>6742,236</CSUD>
    <NORD>19069,63</NORD>
    <SARD>1209,156</SARD>
    <SICI>2346,531</SICI>
    <SUD>4179,589</SUD>
  </Fabbisogno>
  <Fabbisogno>
    <Data>20160314</Data>
    <Mercato>MGP</Mercato>
    <Ora>23</Ora>
    <Italia>33573,407</Italia>
    <CNOR>3619,123</CNOR>
    <CSUD>5956,149</CSUD>
    <NORD>16957,997</NORD>
    <SARD>1069,386</SARD>
    <SICI>2230,979</SICI>
    <SUD>3739,773</SUD>
  </Fabbisogno>
  <Fabbisogno>
    <Data>20160314</Data>
    <Mercato>MGP</Mercato>
    <Ora>24</Ora>
    <Italia>29795,173</Italia>
    <CNOR>3174,395</CNOR>
    <CSUD>5215,614</CSUD>
    <NORD>15275,144</NORD>
    <SARD>953,847</SARD>
    <SICI>1847,885</SICI>
    <SUD>3328,288</SUD>
  </Fabbisogno>
</NewDataSet>