<?xml version="1.0" standalone="yes"?>
<NewDataSet>
  <xs:schema id="NewDataSet" xmlns="" xmlns:xs="http://www.w3.org/2001/XMLSchema" xmlns:msdata="urn:schemas-microsoft-com:xml-msdata">
    <xs:element name="NewDataSet" msdata:IsDataSet="true" msdata:UseCurrentLocale="true">
      <xs:complexType>
        <xs:choice minOccurs="0" maxOccurs="unbounded">
          <xs:element name="Fabbisogno">
            <xs:complexType>
              <xs:sequence>
                <xs:element name="Data" type="xs:string" minOccurs="0" />
                <xs:element name="Mercato" type="xs:string" minOccurs="0" />
                <xs:element name="Ora" type="xs:string" minOccurs="0" />
                <xs:element name="Italia" type="xs:string" minOccurs="0" />
                <xs:element name="CNOR" type="xs:string" minOccurs="0" />
                <xs:element name="CSUD" type="xs:string" minOccurs="0" />
                <xs:element name="NORD" type="xs:string" minOccurs="0" />
                <xs:element name="SARD" type="xs:string" minOccurs="0" />
                <xs:element name="SICI" type="xs:string" minOccurs="0" />
                <xs:element name="SUD" type="xs:string" minOccurs="0" />
              </xs:sequence>
            </xs:complexType>
          </xs:element>
        </xs:choice>
      </xs:complexType>
    </xs:element>
  </xs:schema>
  <Fabbisogno>
    <Data>20160319</Data>
    <Mercato>MGP</Mercato>
    <Ora>1</Ora>
    <Italia>27131,558</Italia>
    <CNOR>3038,44</CNOR>
    <CSUD>4742,539</CSUD>
    <NORD>13736,443</NORD>
    <SARD>914,794</SARD>
    <SICI>1680,208</SICI>
    <SUD>3019,134</SUD>
  </Fabbisogno>
  <Fabbisogno>
    <Data>20160319</Data>
    <Mercato>MGP</Mercato>
    <Ora>2</Ora>
    <Italia>25344,487</Italia>
    <CNOR>2864,444</CNOR>
    <CSUD>4412,13</CSUD>
    <NORD>12825,518</NORD>
    <SARD>857,023</SARD>
    <SICI>1534,816</SICI>
    <SUD>2850,556</SUD>
  </Fabbisogno>
  <Fabbisogno>
    <Data>20160319</Data>
    <Mercato>MGP</Mercato>
    <Ora>3</Ora>
    <Italia>24521,363</Italia>
    <CNOR>2747,817</CNOR>
    <CSUD>4173,586</CSUD>
    <NORD>12577,552</NORD>
    <SARD>819,011</SARD>
    <SICI>1445,946</SICI>
    <SUD>2757,451</SUD>
  </Fabbisogno>
  <Fabbisogno>
    <Data>20160319</Data>
    <Mercato>MGP</Mercato>
    <Ora>4</Ora>
    <Italia>23759,37</Italia>
    <CNOR>2549,099</CNOR>
    <CSUD>3908,332</CSUD>
    <NORD>12581,238</NORD>
    <SARD>796,516</SARD>
    <SICI>1375,582</SICI>
    <SUD>2548,603</SUD>
  </Fabbisogno>
  <Fabbisogno>
    <Data>20160319</Data>
    <Mercato>MGP</Mercato>
    <Ora>5</Ora>
    <Italia>23656,863</Italia>
    <CNOR>2474,904</CNOR>
    <CSUD>3815,48</CSUD>
    <NORD>12648,238</NORD>
    <SARD>791,133</SARD>
    <SICI>1379,748</SICI>
    <SUD>2547,36</SUD>
  </Fabbisogno>
  <Fabbisogno>
    <Data>20160319</Data>
    <Mercato>MGP</Mercato>
    <Ora>6</Ora>
    <Italia>24160,886</Italia>
    <CNOR>2488,759</CNOR>
    <CSUD>3965,229</CSUD>
    <NORD>12887,845</NORD>
    <SARD>823,562</SARD>
    <SICI>1396,735</SICI>
    <SUD>2598,756</SUD>
  </Fabbisogno>
  <Fabbisogno>
    <Data>20160319</Data>
    <Mercato>MGP</Mercato>
    <Ora>7</Ora>
    <Italia>25562,387</Italia>
    <CNOR>2470,805</CNOR>
    <CSUD>4031,245</CSUD>
    <NORD>14280,502</NORD>
    <SARD>817,188</SARD>
    <SICI>1367,292</SICI>
    <SUD>2595,355</SUD>
  </Fabbisogno>
  <Fabbisogno>
    <Data>20160319</Data>
    <Mercato>MGP</Mercato>
    <Ora>8</Ora>
    <Italia>28360,705</Italia>
    <CNOR>2640,699</CNOR>
    <CSUD>4209,243</CSUD>
    <NORD>16196,522</NORD>
    <SARD>863,208</SARD>
    <SICI>1583,512</SICI>
    <SUD>2867,521</SUD>
  </Fabbisogno>
  <Fabbisogno>
    <Data>20160319</Data>
    <Mercato>MGP</Mercato>
    <Ora>9</Ora>
    <Italia>31727,42</Italia>
    <CNOR>2928,751</CNOR>
    <CSUD>5042,428</CSUD>
    <NORD>17761,342</NORD>
    <SARD>1006,298</SARD>
    <SICI>1799,153</SICI>
    <SUD>3189,448</SUD>
  </Fabbisogno>
  <Fabbisogno>
    <Data>20160319</Data>
    <Mercato>MGP</Mercato>
    <Ora>10</Ora>
    <Italia>31673,31</Italia>
    <CNOR>2878,755</CNOR>
    <CSUD>4869,845</CSUD>
    <NORD>18057,448</NORD>
    <SARD>939,428</SARD>
    <SICI>1805,556</SICI>
    <SUD>3122,278</SUD>
  </Fabbisogno>
  <Fabbisogno>
    <Data>20160319</Data>
    <Mercato>MGP</Mercato>
    <Ora>11</Ora>
    <Italia>31611,34</Italia>
    <CNOR>2776,47</CNOR>
    <CSUD>5022,185</CSUD>
    <NORD>18064,849</NORD>
    <SARD>950,643</SARD>
    <SICI>1780,737</SICI>
    <SUD>3016,456</SUD>
  </Fabbisogno>
  <Fabbisogno>
    <Data>20160319</Data>
    <Mercato>MGP</Mercato>
    <Ora>12</Ora>
    <Italia>31119,738</Italia>
    <CNOR>2825,729</CNOR>
    <CSUD>5054,257</CSUD>
    <NORD>17578,065</NORD>
    <SARD>952,83</SARD>
    <SICI>1754,273</SICI>
    <SUD>2954,584</SUD>
  </Fabbisogno>
  <Fabbisogno>
    <Data>20160319</Data>
    <Mercato>MGP</Mercato>
    <Ora>13</Ora>
    <Italia>29252,826</Italia>
    <CNOR>2550,114</CNOR>
    <CSUD>4684,05</CSUD>
    <NORD>16499,425</NORD>
    <SARD>856,048</SARD>
    <SICI>1734,289</SICI>
    <SUD>2928,9</SUD>
  </Fabbisogno>
  <Fabbisogno>
    <Data>20160319</Data>
    <Mercato>MGP</Mercato>
    <Ora>14</Ora>
    <Italia>28359,203</Italia>
    <CNOR>2498,248</CNOR>
    <CSUD>4858,105</CSUD>
    <NORD>15576,616</NORD>
    <SARD>909,798</SARD>
    <SICI>1700,489</SICI>
    <SUD>2815,947</SUD>
  </Fabbisogno>
  <Fabbisogno>
    <Data>20160319</Data>
    <Mercato>MGP</Mercato>
    <Ora>15</Ora>
    <Italia>27896,14</Italia>
    <CNOR>2417,608</CNOR>
    <CSUD>4448,221</CSUD>
    <NORD>15775,252</NORD>
    <SARD>811,862</SARD>
    <SICI>1702,085</SICI>
    <SUD>2741,112</SUD>
  </Fabbisogno>
  <Fabbisogno>
    <Data>20160319</Data>
    <Mercato>MGP</Mercato>
    <Ora>16</Ora>
    <Italia>28189,883</Italia>
    <CNOR>2463,259</CNOR>
    <CSUD>4514,315</CSUD>
    <NORD>15878,084</NORD>
    <SARD>821,431</SARD>
    <SICI>1704,794</SICI>
    <SUD>2808</SUD>
  </Fabbisogno>
  <Fabbisogno>
    <Data>20160319</Data>
    <Mercato>MGP</Mercato>
    <Ora>17</Ora>
    <Italia>28774,07</Italia>
    <CNOR>2552,784</CNOR>
    <CSUD>4599,414</CSUD>
    <NORD>16103,708</NORD>
    <SARD>851,641</SARD>
    <SICI>1731,364</SICI>
    <SUD>2935,159</SUD>
  </Fabbisogno>
  <Fabbisogno>
    <Data>20160319</Data>
    <Mercato>MGP</Mercato>
    <Ora>18</Ora>
    <Italia>30335,511</Italia>
    <CNOR>2812,676</CNOR>
    <CSUD>5069,304</CSUD>
    <NORD>16316,532</NORD>
    <SARD>935,305</SARD>
    <SICI>1883,114</SICI>
    <SUD>3318,58</SUD>
  </Fabbisogno>
  <Fabbisogno>
    <Data>20160319</Data>
    <Mercato>MGP</Mercato>
    <Ora>19</Ora>
    <Italia>34779,571</Italia>
    <CNOR>3554,594</CNOR>
    <CSUD>6115,96</CSUD>
    <NORD>17785,729</NORD>
    <SARD>1121,888</SARD>
    <SICI>2310,924</SICI>
    <SUD>3890,476</SUD>
  </Fabbisogno>
  <Fabbisogno>
    <Data>20160319</Data>
    <Mercato>MGP</Mercato>
    <Ora>20</Ora>
    <Italia>37086,66</Italia>
    <CNOR>3931,375</CNOR>
    <CSUD>6589,205</CSUD>
    <NORD>18726,924</NORD>
    <SARD>1247,216</SARD>
    <SICI>2411,386</SICI>
    <SUD>4180,554</SUD>
  </Fabbisogno>
  <Fabbisogno>
    <Data>20160319</Data>
    <Mercato>MGP</Mercato>
    <Ora>21</Ora>
    <Italia>34118,566</Italia>
    <CNOR>3621,681</CNOR>
    <CSUD>6291,452</CSUD>
    <NORD>16537,317</NORD>
    <SARD>1258,157</SARD>
    <SICI>2353,618</SICI>
    <SUD>4056,341</SUD>
  </Fabbisogno>
  <Fabbisogno>
    <Data>20160319</Data>
    <Mercato>MGP</Mercato>
    <Ora>22</Ora>
    <Italia>31724,409</Italia>
    <CNOR>3309,451</CNOR>
    <CSUD>5861,805</CSUD>
    <NORD>15428,083</NORD>
    <SARD>1193,596</SARD>
    <SICI>2131,042</SICI>
    <SUD>3800,432</SUD>
  </Fabbisogno>
  <Fabbisogno>
    <Data>20160319</Data>
    <Mercato>MGP</Mercato>
    <Ora>23</Ora>
    <Italia>29025,917</Italia>
    <CNOR>3028,295</CNOR>
    <CSUD>5347,465</CSUD>
    <NORD>14158,788</NORD>
    <SARD>1098,375</SARD>
    <SICI>1960,045</SICI>
    <SUD>3432,949</SUD>
  </Fabbisogno>
  <Fabbisogno>
    <Data>20160319</Data>
    <Mercato>MGP</Mercato>
    <Ora>24</Ora>
    <Italia>26165,632</Italia>
    <CNOR>2745,692</CNOR>
    <CSUD>4792,114</CSUD>
    <NORD>12732,881</NORD>
    <SARD>1005,994</SARD>
    <SICI>1758,053</SICI>
    <SUD>3130,898</SUD>
  </Fabbisogno>
</NewDataSet>