<?xml version="1.0" standalone="yes"?>
<NewDataSet>
  <xs:schema id="NewDataSet" xmlns="" xmlns:xs="http://www.w3.org/2001/XMLSchema" xmlns:msdata="urn:schemas-microsoft-com:xml-msdata">
    <xs:element name="NewDataSet" msdata:IsDataSet="true" msdata:UseCurrentLocale="true">
      <xs:complexType>
        <xs:choice minOccurs="0" maxOccurs="unbounded">
          <xs:element name="Fabbisogno">
            <xs:complexType>
              <xs:sequence>
                <xs:element name="Data" type="xs:string" minOccurs="0" />
                <xs:element name="Mercato" type="xs:string" minOccurs="0" />
                <xs:element name="Ora" type="xs:string" minOccurs="0" />
                <xs:element name="Italia" type="xs:string" minOccurs="0" />
                <xs:element name="CNOR" type="xs:string" minOccurs="0" />
                <xs:element name="CSUD" type="xs:string" minOccurs="0" />
                <xs:element name="NORD" type="xs:string" minOccurs="0" />
                <xs:element name="SARD" type="xs:string" minOccurs="0" />
                <xs:element name="SICI" type="xs:string" minOccurs="0" />
                <xs:element name="SUD" type="xs:string" minOccurs="0" />
              </xs:sequence>
            </xs:complexType>
          </xs:element>
        </xs:choice>
      </xs:complexType>
    </xs:element>
  </xs:schema>
  <Fabbisogno>
    <Data>20160312</Data>
    <Mercato>MGP</Mercato>
    <Ora>1</Ora>
    <Italia>27062,939</Italia>
    <CNOR>2880,298</CNOR>
    <CSUD>4649,84</CSUD>
    <NORD>14033,354</NORD>
    <SARD>908,537</SARD>
    <SICI>1705,007</SICI>
    <SUD>2885,903</SUD>
  </Fabbisogno>
  <Fabbisogno>
    <Data>20160312</Data>
    <Mercato>MGP</Mercato>
    <Ora>2</Ora>
    <Italia>25350,576</Italia>
    <CNOR>2711,622</CNOR>
    <CSUD>4292,852</CSUD>
    <NORD>13202,309</NORD>
    <SARD>846,586</SARD>
    <SICI>1553,147</SICI>
    <SUD>2744,06</SUD>
  </Fabbisogno>
  <Fabbisogno>
    <Data>20160312</Data>
    <Mercato>MGP</Mercato>
    <Ora>3</Ora>
    <Italia>24697,266</Italia>
    <CNOR>2583,631</CNOR>
    <CSUD>4054,268</CSUD>
    <NORD>13162,613</NORD>
    <SARD>806,803</SARD>
    <SICI>1449,918</SICI>
    <SUD>2640,033</SUD>
  </Fabbisogno>
  <Fabbisogno>
    <Data>20160312</Data>
    <Mercato>MGP</Mercato>
    <Ora>4</Ora>
    <Italia>23977,193</Italia>
    <CNOR>2441,462</CNOR>
    <CSUD>3822,781</CSUD>
    <NORD>13048,496</NORD>
    <SARD>781,205</SARD>
    <SICI>1299,629</SICI>
    <SUD>2583,62</SUD>
  </Fabbisogno>
  <Fabbisogno>
    <Data>20160312</Data>
    <Mercato>MGP</Mercato>
    <Ora>5</Ora>
    <Italia>23893,192</Italia>
    <CNOR>2309,451</CNOR>
    <CSUD>3700,281</CSUD>
    <NORD>13424,074</NORD>
    <SARD>695,469</SARD>
    <SICI>1296,688</SICI>
    <SUD>2467,229</SUD>
  </Fabbisogno>
  <Fabbisogno>
    <Data>20160312</Data>
    <Mercato>MGP</Mercato>
    <Ora>6</Ora>
    <Italia>24685,306</Italia>
    <CNOR>2412,317</CNOR>
    <CSUD>3972,511</CSUD>
    <NORD>13561,291</NORD>
    <SARD>784,638</SARD>
    <SICI>1328,687</SICI>
    <SUD>2625,862</SUD>
  </Fabbisogno>
  <Fabbisogno>
    <Data>20160312</Data>
    <Mercato>MGP</Mercato>
    <Ora>7</Ora>
    <Italia>26565,507</Italia>
    <CNOR>2439,256</CNOR>
    <CSUD>4036,987</CSUD>
    <NORD>15276,908</NORD>
    <SARD>809,888</SARD>
    <SICI>1355,755</SICI>
    <SUD>2646,713</SUD>
  </Fabbisogno>
  <Fabbisogno>
    <Data>20160312</Data>
    <Mercato>MGP</Mercato>
    <Ora>8</Ora>
    <Italia>30048,223</Italia>
    <CNOR>2600,966</CNOR>
    <CSUD>4536,207</CSUD>
    <NORD>17164,395</NORD>
    <SARD>915,134</SARD>
    <SICI>1591,432</SICI>
    <SUD>3240,089</SUD>
  </Fabbisogno>
  <Fabbisogno>
    <Data>20160312</Data>
    <Mercato>MGP</Mercato>
    <Ora>9</Ora>
    <Italia>32481,491</Italia>
    <CNOR>2730,571</CNOR>
    <CSUD>4999,388</CSUD>
    <NORD>18544,111</NORD>
    <SARD>909,426</SARD>
    <SICI>1784,216</SICI>
    <SUD>3513,779</SUD>
  </Fabbisogno>
  <Fabbisogno>
    <Data>20160312</Data>
    <Mercato>MGP</Mercato>
    <Ora>10</Ora>
    <Italia>33826,746</Italia>
    <CNOR>2820,369</CNOR>
    <CSUD>5127,678</CSUD>
    <NORD>19495,58</NORD>
    <SARD>914,583</SARD>
    <SICI>1878,967</SICI>
    <SUD>3589,569</SUD>
  </Fabbisogno>
  <Fabbisogno>
    <Data>20160312</Data>
    <Mercato>MGP</Mercato>
    <Ora>11</Ora>
    <Italia>33714,485</Italia>
    <CNOR>2829,634</CNOR>
    <CSUD>5188,986</CSUD>
    <NORD>19355,384</NORD>
    <SARD>973,583</SARD>
    <SICI>1885,608</SICI>
    <SUD>3481,29</SUD>
  </Fabbisogno>
  <Fabbisogno>
    <Data>20160312</Data>
    <Mercato>MGP</Mercato>
    <Ora>12</Ora>
    <Italia>33075,424</Italia>
    <CNOR>2832,102</CNOR>
    <CSUD>5228,933</CSUD>
    <NORD>18773,838</NORD>
    <SARD>948,085999999999</SARD>
    <SICI>1845,048</SICI>
    <SUD>3447,417</SUD>
  </Fabbisogno>
  <Fabbisogno>
    <Data>20160312</Data>
    <Mercato>MGP</Mercato>
    <Ora>13</Ora>
    <Italia>30915,17</Italia>
    <CNOR>2527,502</CNOR>
    <CSUD>4975,853</CSUD>
    <NORD>17311,807</NORD>
    <SARD>848,863</SARD>
    <SICI>1808,346</SICI>
    <SUD>3442,799</SUD>
  </Fabbisogno>
  <Fabbisogno>
    <Data>20160312</Data>
    <Mercato>MGP</Mercato>
    <Ora>14</Ora>
    <Italia>29722,023</Italia>
    <CNOR>2358,61</CNOR>
    <CSUD>4825,058</CSUD>
    <NORD>16637,231</NORD>
    <SARD>826,3</SARD>
    <SICI>1776,959</SICI>
    <SUD>3297,865</SUD>
  </Fabbisogno>
  <Fabbisogno>
    <Data>20160312</Data>
    <Mercato>MGP</Mercato>
    <Ora>15</Ora>
    <Italia>29337,836</Italia>
    <CNOR>2394,856</CNOR>
    <CSUD>4575,333</CSUD>
    <NORD>16574,661</NORD>
    <SARD>801,624</SARD>
    <SICI>1768,784</SICI>
    <SUD>3222,578</SUD>
  </Fabbisogno>
  <Fabbisogno>
    <Data>20160312</Data>
    <Mercato>MGP</Mercato>
    <Ora>16</Ora>
    <Italia>29490,187</Italia>
    <CNOR>2438,073</CNOR>
    <CSUD>4587,517</CSUD>
    <NORD>16569,444</NORD>
    <SARD>811,617</SARD>
    <SICI>1787,433</SICI>
    <SUD>3296,103</SUD>
  </Fabbisogno>
  <Fabbisogno>
    <Data>20160312</Data>
    <Mercato>MGP</Mercato>
    <Ora>17</Ora>
    <Italia>29890,736</Italia>
    <CNOR>2537,971</CNOR>
    <CSUD>4712,404</CSUD>
    <NORD>16580,23</NORD>
    <SARD>843,506</SARD>
    <SICI>1832,97</SICI>
    <SUD>3383,655</SUD>
  </Fabbisogno>
  <Fabbisogno>
    <Data>20160312</Data>
    <Mercato>MGP</Mercato>
    <Ora>18</Ora>
    <Italia>31694,604</Italia>
    <CNOR>2887,212</CNOR>
    <CSUD>5408,449</CSUD>
    <NORD>16672,261</NORD>
    <SARD>1003,781</SARD>
    <SICI>1983,913</SICI>
    <SUD>3738,988</SUD>
  </Fabbisogno>
  <Fabbisogno>
    <Data>20160312</Data>
    <Mercato>MGP</Mercato>
    <Ora>19</Ora>
    <Italia>35827,433</Italia>
    <CNOR>3719,005</CNOR>
    <CSUD>6404,718</CSUD>
    <NORD>18084,779</NORD>
    <SARD>1119,73</SARD>
    <SICI>2380,863</SICI>
    <SUD>4118,338</SUD>
  </Fabbisogno>
  <Fabbisogno>
    <Data>20160312</Data>
    <Mercato>MGP</Mercato>
    <Ora>20</Ora>
    <Italia>37528,74</Italia>
    <CNOR>4104,855</CNOR>
    <CSUD>6814,471</CSUD>
    <NORD>18615,831</NORD>
    <SARD>1194,127</SARD>
    <SICI>2457,308</SICI>
    <SUD>4342,148</SUD>
  </Fabbisogno>
  <Fabbisogno>
    <Data>20160312</Data>
    <Mercato>MGP</Mercato>
    <Ora>21</Ora>
    <Italia>35125,742</Italia>
    <CNOR>3818,021</CNOR>
    <CSUD>6538,888</CSUD>
    <NORD>16766,228</NORD>
    <SARD>1211,05</SARD>
    <SICI>2425,114</SICI>
    <SUD>4366,441</SUD>
  </Fabbisogno>
  <Fabbisogno>
    <Data>20160312</Data>
    <Mercato>MGP</Mercato>
    <Ora>22</Ora>
    <Italia>32419,512</Italia>
    <CNOR>3458,585</CNOR>
    <CSUD>6062,952</CSUD>
    <NORD>15520,286</NORD>
    <SARD>1128,325</SARD>
    <SICI>2207,167</SICI>
    <SUD>4042,197</SUD>
  </Fabbisogno>
  <Fabbisogno>
    <Data>20160312</Data>
    <Mercato>MGP</Mercato>
    <Ora>23</Ora>
    <Italia>29666,956</Italia>
    <CNOR>3213,118</CNOR>
    <CSUD>5572,644</CSUD>
    <NORD>14222,447</NORD>
    <SARD>1044,931</SARD>
    <SICI>2031,4</SICI>
    <SUD>3582,416</SUD>
  </Fabbisogno>
  <Fabbisogno>
    <Data>20160312</Data>
    <Mercato>MGP</Mercato>
    <Ora>24</Ora>
    <Italia>27107,695</Italia>
    <CNOR>2905,805</CNOR>
    <CSUD>5008,524</CSUD>
    <NORD>13121,455</NORD>
    <SARD>959,239</SARD>
    <SICI>1815,177</SICI>
    <SUD>3297,495</SUD>
  </Fabbisogno>
</NewDataSet>