<?xml version="1.0" standalone="yes"?>
<NewDataSet>
  <xs:schema id="NewDataSet" xmlns="" xmlns:xs="http://www.w3.org/2001/XMLSchema" xmlns:msdata="urn:schemas-microsoft-com:xml-msdata">
    <xs:element name="NewDataSet" msdata:IsDataSet="true" msdata:UseCurrentLocale="true">
      <xs:complexType>
        <xs:choice minOccurs="0" maxOccurs="unbounded">
          <xs:element name="Fabbisogno">
            <xs:complexType>
              <xs:sequence>
                <xs:element name="Data" type="xs:string" minOccurs="0" />
                <xs:element name="Mercato" type="xs:string" minOccurs="0" />
                <xs:element name="Ora" type="xs:string" minOccurs="0" />
                <xs:element name="Italia" type="xs:string" minOccurs="0" />
                <xs:element name="CNOR" type="xs:string" minOccurs="0" />
                <xs:element name="CSUD" type="xs:string" minOccurs="0" />
                <xs:element name="NORD" type="xs:string" minOccurs="0" />
                <xs:element name="SARD" type="xs:string" minOccurs="0" />
                <xs:element name="SICI" type="xs:string" minOccurs="0" />
                <xs:element name="SUD" type="xs:string" minOccurs="0" />
              </xs:sequence>
            </xs:complexType>
          </xs:element>
        </xs:choice>
      </xs:complexType>
    </xs:element>
  </xs:schema>
  <Fabbisogno>
    <Data>20160313</Data>
    <Mercato>MGP</Mercato>
    <Ora>1</Ora>
    <Italia>25069,498</Italia>
    <CNOR>2699,323</CNOR>
    <CSUD>4578,394</CSUD>
    <NORD>12126,891</NORD>
    <SARD>881,025</SARD>
    <SICI>1776,255</SICI>
    <SUD>3007,61</SUD>
  </Fabbisogno>
  <Fabbisogno>
    <Data>20160313</Data>
    <Mercato>MGP</Mercato>
    <Ora>2</Ora>
    <Italia>23162,195</Italia>
    <CNOR>2525,964</CNOR>
    <CSUD>4209,619</CSUD>
    <NORD>11189,258</NORD>
    <SARD>821,079</SARD>
    <SICI>1600,06</SICI>
    <SUD>2816,215</SUD>
  </Fabbisogno>
  <Fabbisogno>
    <Data>20160313</Data>
    <Mercato>MGP</Mercato>
    <Ora>3</Ora>
    <Italia>21782,098</Italia>
    <CNOR>2244,724</CNOR>
    <CSUD>3777,225</CSUD>
    <NORD>11048,42</NORD>
    <SARD>781,929</SARD>
    <SICI>1366,217</SICI>
    <SUD>2563,583</SUD>
  </Fabbisogno>
  <Fabbisogno>
    <Data>20160313</Data>
    <Mercato>MGP</Mercato>
    <Ora>4</Ora>
    <Italia>21466,249</Italia>
    <CNOR>2166,978</CNOR>
    <CSUD>3621,952</CSUD>
    <NORD>11156,967</NORD>
    <SARD>768,408</SARD>
    <SICI>1275,665</SICI>
    <SUD>2476,279</SUD>
  </Fabbisogno>
  <Fabbisogno>
    <Data>20160313</Data>
    <Mercato>MGP</Mercato>
    <Ora>5</Ora>
    <Italia>21206,947</Italia>
    <CNOR>2101,481</CNOR>
    <CSUD>3463,152</CSUD>
    <NORD>11285,852</NORD>
    <SARD>666,951</SARD>
    <SICI>1273,798</SICI>
    <SUD>2415,713</SUD>
  </Fabbisogno>
  <Fabbisogno>
    <Data>20160313</Data>
    <Mercato>MGP</Mercato>
    <Ora>6</Ora>
    <Italia>21891,426</Italia>
    <CNOR>2158,363</CNOR>
    <CSUD>3625,454</CSUD>
    <NORD>11593,996</NORD>
    <SARD>743,314</SARD>
    <SICI>1291,206</SICI>
    <SUD>2479,093</SUD>
  </Fabbisogno>
  <Fabbisogno>
    <Data>20160313</Data>
    <Mercato>MGP</Mercato>
    <Ora>7</Ora>
    <Italia>22244,282</Italia>
    <CNOR>2106,063</CNOR>
    <CSUD>3592,744</CSUD>
    <NORD>12126,867</NORD>
    <SARD>781,521</SARD>
    <SICI>1271,747</SICI>
    <SUD>2365,34</SUD>
  </Fabbisogno>
  <Fabbisogno>
    <Data>20160313</Data>
    <Mercato>MGP</Mercato>
    <Ora>8</Ora>
    <Italia>22795,439</Italia>
    <CNOR>1935,578</CNOR>
    <CSUD>3439,533</CSUD>
    <NORD>12630,376</NORD>
    <SARD>733,632</SARD>
    <SICI>1397,719</SICI>
    <SUD>2658,601</SUD>
  </Fabbisogno>
  <Fabbisogno>
    <Data>20160313</Data>
    <Mercato>MGP</Mercato>
    <Ora>9</Ora>
    <Italia>24961,354</Italia>
    <CNOR>2117,138</CNOR>
    <CSUD>4054,776</CSUD>
    <NORD>13334,88</NORD>
    <SARD>787,82</SARD>
    <SICI>1603,83</SICI>
    <SUD>3062,91</SUD>
  </Fabbisogno>
  <Fabbisogno>
    <Data>20160313</Data>
    <Mercato>MGP</Mercato>
    <Ora>10</Ora>
    <Italia>26798,778</Italia>
    <CNOR>2413,281</CNOR>
    <CSUD>4425,741</CSUD>
    <NORD>13982,955</NORD>
    <SARD>903,721</SARD>
    <SICI>1798,672</SICI>
    <SUD>3274,408</SUD>
  </Fabbisogno>
  <Fabbisogno>
    <Data>20160313</Data>
    <Mercato>MGP</Mercato>
    <Ora>11</Ora>
    <Italia>27700,155</Italia>
    <CNOR>2428,059</CNOR>
    <CSUD>4600,325</CSUD>
    <NORD>14620,213</NORD>
    <SARD>907,45</SARD>
    <SICI>1862,846</SICI>
    <SUD>3281,262</SUD>
  </Fabbisogno>
  <Fabbisogno>
    <Data>20160313</Data>
    <Mercato>MGP</Mercato>
    <Ora>12</Ora>
    <Italia>28129,421</Italia>
    <CNOR>2493,248</CNOR>
    <CSUD>4657,836</CSUD>
    <NORD>14866,003</NORD>
    <SARD>896,15</SARD>
    <SICI>1873,172</SICI>
    <SUD>3343,012</SUD>
  </Fabbisogno>
  <Fabbisogno>
    <Data>20160313</Data>
    <Mercato>MGP</Mercato>
    <Ora>13</Ora>
    <Italia>26972,114</Italia>
    <CNOR>2302,517</CNOR>
    <CSUD>4352,157</CSUD>
    <NORD>14360,718</NORD>
    <SARD>802,611</SARD>
    <SICI>1837,491</SICI>
    <SUD>3316,62</SUD>
  </Fabbisogno>
  <Fabbisogno>
    <Data>20160313</Data>
    <Mercato>MGP</Mercato>
    <Ora>14</Ora>
    <Italia>26123,561</Italia>
    <CNOR>2301,722</CNOR>
    <CSUD>4540,247</CSUD>
    <NORD>13507,305</NORD>
    <SARD>843,282</SARD>
    <SICI>1766,78</SICI>
    <SUD>3164,225</SUD>
  </Fabbisogno>
  <Fabbisogno>
    <Data>20160313</Data>
    <Mercato>MGP</Mercato>
    <Ora>15</Ora>
    <Italia>24949,959</Italia>
    <CNOR>2123,68</CNOR>
    <CSUD>4004,994</CSUD>
    <NORD>13590,672</NORD>
    <SARD>722,984</SARD>
    <SICI>1603,605</SICI>
    <SUD>2904,024</SUD>
  </Fabbisogno>
  <Fabbisogno>
    <Data>20160313</Data>
    <Mercato>MGP</Mercato>
    <Ora>16</Ora>
    <Italia>25019,356</Italia>
    <CNOR>2191,741</CNOR>
    <CSUD>4050,361</CSUD>
    <NORD>13420,807</NORD>
    <SARD>748,006</SARD>
    <SICI>1625,579</SICI>
    <SUD>2982,862</SUD>
  </Fabbisogno>
  <Fabbisogno>
    <Data>20160313</Data>
    <Mercato>MGP</Mercato>
    <Ora>17</Ora>
    <Italia>25892,029</Italia>
    <CNOR>2309,988</CNOR>
    <CSUD>4421,626</CSUD>
    <NORD>13507,271</NORD>
    <SARD>847,167</SARD>
    <SICI>1642,545</SICI>
    <SUD>3163,432</SUD>
  </Fabbisogno>
  <Fabbisogno>
    <Data>20160313</Data>
    <Mercato>MGP</Mercato>
    <Ora>18</Ora>
    <Italia>27616,137</Italia>
    <CNOR>2628,333</CNOR>
    <CSUD>4749,795</CSUD>
    <NORD>13897,12</NORD>
    <SARD>920,872</SARD>
    <SICI>1776,678</SICI>
    <SUD>3643,339</SUD>
  </Fabbisogno>
  <Fabbisogno>
    <Data>20160313</Data>
    <Mercato>MGP</Mercato>
    <Ora>19</Ora>
    <Italia>31639,977</Italia>
    <CNOR>3406,278</CNOR>
    <CSUD>5749,574</CSUD>
    <NORD>15622,801</NORD>
    <SARD>1071,724</SARD>
    <SICI>2079,782</SICI>
    <SUD>3709,818</SUD>
  </Fabbisogno>
  <Fabbisogno>
    <Data>20160313</Data>
    <Mercato>MGP</Mercato>
    <Ora>20</Ora>
    <Italia>33864,71</Italia>
    <CNOR>3732,794</CNOR>
    <CSUD>6163,921</CSUD>
    <NORD>16669,804</NORD>
    <SARD>1159,132</SARD>
    <SICI>2213,829</SICI>
    <SUD>3925,23</SUD>
  </Fabbisogno>
  <Fabbisogno>
    <Data>20160313</Data>
    <Mercato>MGP</Mercato>
    <Ora>21</Ora>
    <Italia>32782,27</Italia>
    <CNOR>3675,25</CNOR>
    <CSUD>6160,253</CSUD>
    <NORD>15474,119</NORD>
    <SARD>1209,548</SARD>
    <SICI>2241,084</SICI>
    <SUD>4022,016</SUD>
  </Fabbisogno>
  <Fabbisogno>
    <Data>20160313</Data>
    <Mercato>MGP</Mercato>
    <Ora>22</Ora>
    <Italia>31323,593</Italia>
    <CNOR>3406,393</CNOR>
    <CSUD>5889,977</CSUD>
    <NORD>14892,099</NORD>
    <SARD>1153,52</SARD>
    <SICI>2122,358</SICI>
    <SUD>3859,246</SUD>
  </Fabbisogno>
  <Fabbisogno>
    <Data>20160313</Data>
    <Mercato>MGP</Mercato>
    <Ora>23</Ora>
    <Italia>28488,934</Italia>
    <CNOR>3050,24</CNOR>
    <CSUD>5315,221</CSUD>
    <NORD>13737,194</NORD>
    <SARD>1042,936</SARD>
    <SICI>1913,482</SICI>
    <SUD>3429,861</SUD>
  </Fabbisogno>
  <Fabbisogno>
    <Data>20160313</Data>
    <Mercato>MGP</Mercato>
    <Ora>24</Ora>
    <Italia>25572,058</Italia>
    <CNOR>2700,574</CNOR>
    <CSUD>4723,802</CSUD>
    <NORD>12466,721</NORD>
    <SARD>911,885</SARD>
    <SICI>1680,529</SICI>
    <SUD>3088,547</SUD>
  </Fabbisogno>
</NewDataSet>