<?xml version="1.0" standalone="yes"?>
<NewDataSet>
  <xs:schema id="NewDataSet" xmlns="" xmlns:xs="http://www.w3.org/2001/XMLSchema" xmlns:msdata="urn:schemas-microsoft-com:xml-msdata">
    <xs:element name="NewDataSet" msdata:IsDataSet="true" msdata:UseCurrentLocale="true">
      <xs:complexType>
        <xs:choice minOccurs="0" maxOccurs="unbounded">
          <xs:element name="Fabbisogno">
            <xs:complexType>
              <xs:sequence>
                <xs:element name="Data" type="xs:string" minOccurs="0" />
                <xs:element name="Mercato" type="xs:string" minOccurs="0" />
                <xs:element name="Ora" type="xs:string" minOccurs="0" />
                <xs:element name="Italia" type="xs:string" minOccurs="0" />
                <xs:element name="CNOR" type="xs:string" minOccurs="0" />
                <xs:element name="CSUD" type="xs:string" minOccurs="0" />
                <xs:element name="NORD" type="xs:string" minOccurs="0" />
                <xs:element name="SARD" type="xs:string" minOccurs="0" />
                <xs:element name="SICI" type="xs:string" minOccurs="0" />
                <xs:element name="SUD" type="xs:string" minOccurs="0" />
              </xs:sequence>
            </xs:complexType>
          </xs:element>
        </xs:choice>
      </xs:complexType>
    </xs:element>
  </xs:schema>
  <Fabbisogno>
    <Data>20160316</Data>
    <Mercato>MGP</Mercato>
    <Ora>1</Ora>
    <Italia>27831,6</Italia>
    <CNOR>3149,043</CNOR>
    <CSUD>4848,176</CSUD>
    <NORD>14175,35</NORD>
    <SARD>882,516</SARD>
    <SICI>1701,211</SICI>
    <SUD>3075,304</SUD>
  </Fabbisogno>
  <Fabbisogno>
    <Data>20160316</Data>
    <Mercato>MGP</Mercato>
    <Ora>2</Ora>
    <Italia>25990,714</Italia>
    <CNOR>2975,079</CNOR>
    <CSUD>4484,829</CSUD>
    <NORD>13230,582</NORD>
    <SARD>826,608</SARD>
    <SICI>1546,001</SICI>
    <SUD>2927,615</SUD>
  </Fabbisogno>
  <Fabbisogno>
    <Data>20160316</Data>
    <Mercato>MGP</Mercato>
    <Ora>3</Ora>
    <Italia>25046,581</Italia>
    <CNOR>2799,393</CNOR>
    <CSUD>4293,098</CSUD>
    <NORD>12979,473</NORD>
    <SARD>797,861</SARD>
    <SICI>1363,71</SICI>
    <SUD>2813,046</SUD>
  </Fabbisogno>
  <Fabbisogno>
    <Data>20160316</Data>
    <Mercato>MGP</Mercato>
    <Ora>4</Ora>
    <Italia>25029,197</Italia>
    <CNOR>2720,118</CNOR>
    <CSUD>4204,375</CSUD>
    <NORD>13145,512</NORD>
    <SARD>787,746</SARD>
    <SICI>1417,8</SICI>
    <SUD>2753,646</SUD>
  </Fabbisogno>
  <Fabbisogno>
    <Data>20160316</Data>
    <Mercato>MGP</Mercato>
    <Ora>5</Ora>
    <Italia>24999,598</Italia>
    <CNOR>2670,563</CNOR>
    <CSUD>4102,528</CSUD>
    <NORD>13508,155</NORD>
    <SARD>724,368</SARD>
    <SICI>1314,654</SICI>
    <SUD>2679,33</SUD>
  </Fabbisogno>
  <Fabbisogno>
    <Data>20160316</Data>
    <Mercato>MGP</Mercato>
    <Ora>6</Ora>
    <Italia>26907,031</Italia>
    <CNOR>2845,965</CNOR>
    <CSUD>4447,059</CSUD>
    <NORD>14592,127</NORD>
    <SARD>823,581</SARD>
    <SICI>1367,088</SICI>
    <SUD>2831,211</SUD>
  </Fabbisogno>
  <Fabbisogno>
    <Data>20160316</Data>
    <Mercato>MGP</Mercato>
    <Ora>7</Ora>
    <Italia>31322,658</Italia>
    <CNOR>3004,142</CNOR>
    <CSUD>4746,889</CSUD>
    <NORD>18368,433</NORD>
    <SARD>896,02</SARD>
    <SICI>1541,211</SICI>
    <SUD>2765,963</SUD>
  </Fabbisogno>
  <Fabbisogno>
    <Data>20160316</Data>
    <Mercato>MGP</Mercato>
    <Ora>8</Ora>
    <Italia>36262,95</Italia>
    <CNOR>3332,254</CNOR>
    <CSUD>5038,822</CSUD>
    <NORD>21993,502</NORD>
    <SARD>937,281</SARD>
    <SICI>1788,877</SICI>
    <SUD>3172,214</SUD>
  </Fabbisogno>
  <Fabbisogno>
    <Data>20160316</Data>
    <Mercato>MGP</Mercato>
    <Ora>9</Ora>
    <Italia>41305,444</Italia>
    <CNOR>3857,908</CNOR>
    <CSUD>5888,208</CSUD>
    <NORD>24978,798</NORD>
    <SARD>1027,156</SARD>
    <SICI>1953,978</SICI>
    <SUD>3599,396</SUD>
  </Fabbisogno>
  <Fabbisogno>
    <Data>20160316</Data>
    <Mercato>MGP</Mercato>
    <Ora>10</Ora>
    <Italia>42624,843</Italia>
    <CNOR>3930,576</CNOR>
    <CSUD>6187,536</CSUD>
    <NORD>25884,045</NORD>
    <SARD>1009,681</SARD>
    <SICI>1962,079</SICI>
    <SUD>3650,926</SUD>
  </Fabbisogno>
  <Fabbisogno>
    <Data>20160316</Data>
    <Mercato>MGP</Mercato>
    <Ora>11</Ora>
    <Italia>42232,033</Italia>
    <CNOR>3835,645</CNOR>
    <CSUD>6132,607</CSUD>
    <NORD>25693,491</NORD>
    <SARD>1058,798</SARD>
    <SICI>1927,116</SICI>
    <SUD>3584,376</SUD>
  </Fabbisogno>
  <Fabbisogno>
    <Data>20160316</Data>
    <Mercato>MGP</Mercato>
    <Ora>12</Ora>
    <Italia>42092,182</Italia>
    <CNOR>3932,697</CNOR>
    <CSUD>6259,43</CSUD>
    <NORD>25411,681</NORD>
    <SARD>1042,666</SARD>
    <SICI>1893,119</SICI>
    <SUD>3552,589</SUD>
  </Fabbisogno>
  <Fabbisogno>
    <Data>20160316</Data>
    <Mercato>MGP</Mercato>
    <Ora>13</Ora>
    <Italia>39313,772</Italia>
    <CNOR>3552,252</CNOR>
    <CSUD>5974,61</CSUD>
    <NORD>23399,832</NORD>
    <SARD>955,857</SARD>
    <SICI>1878,398</SICI>
    <SUD>3552,823</SUD>
  </Fabbisogno>
  <Fabbisogno>
    <Data>20160316</Data>
    <Mercato>MGP</Mercato>
    <Ora>14</Ora>
    <Italia>38632,003</Italia>
    <CNOR>3377,089</CNOR>
    <CSUD>5765,48</CSUD>
    <NORD>23345,379</NORD>
    <SARD>884,016</SARD>
    <SICI>1823,767</SICI>
    <SUD>3436,272</SUD>
  </Fabbisogno>
  <Fabbisogno>
    <Data>20160316</Data>
    <Mercato>MGP</Mercato>
    <Ora>15</Ora>
    <Italia>40016,27</Italia>
    <CNOR>3577,146</CNOR>
    <CSUD>5601,028</CSUD>
    <NORD>24744,819</NORD>
    <SARD>867,252</SARD>
    <SICI>1808,864</SICI>
    <SUD>3417,161</SUD>
  </Fabbisogno>
  <Fabbisogno>
    <Data>20160316</Data>
    <Mercato>MGP</Mercato>
    <Ora>16</Ora>
    <Italia>40530,614</Italia>
    <CNOR>3694,811</CNOR>
    <CSUD>5743,54</CSUD>
    <NORD>24869,958</NORD>
    <SARD>880,608</SARD>
    <SICI>1844,114</SICI>
    <SUD>3497,583</SUD>
  </Fabbisogno>
  <Fabbisogno>
    <Data>20160316</Data>
    <Mercato>MGP</Mercato>
    <Ora>17</Ora>
    <Italia>41338,956</Italia>
    <CNOR>3827,773</CNOR>
    <CSUD>5862,257</CSUD>
    <NORD>25193,357</NORD>
    <SARD>910,96</SARD>
    <SICI>1878,864</SICI>
    <SUD>3665,745</SUD>
  </Fabbisogno>
  <Fabbisogno>
    <Data>20160316</Data>
    <Mercato>MGP</Mercato>
    <Ora>18</Ora>
    <Italia>41274,678</Italia>
    <CNOR>3955,012</CNOR>
    <CSUD>6213,015</CSUD>
    <NORD>24221,856</NORD>
    <SARD>987,495</SARD>
    <SICI>2002,44</SICI>
    <SUD>3894,86</SUD>
  </Fabbisogno>
  <Fabbisogno>
    <Data>20160316</Data>
    <Mercato>MGP</Mercato>
    <Ora>19</Ora>
    <Italia>43577,522</Italia>
    <CNOR>4440,593</CNOR>
    <CSUD>7051,602</CSUD>
    <NORD>24313,143</NORD>
    <SARD>1177,827</SARD>
    <SICI>2371,79</SICI>
    <SUD>4222,567</SUD>
  </Fabbisogno>
  <Fabbisogno>
    <Data>20160316</Data>
    <Mercato>MGP</Mercato>
    <Ora>20</Ora>
    <Italia>43958,421</Italia>
    <CNOR>4394,716</CNOR>
    <CSUD>7240,471</CSUD>
    <NORD>24227,067</NORD>
    <SARD>1217,052</SARD>
    <SICI>2574,975</SICI>
    <SUD>4304,14</SUD>
  </Fabbisogno>
  <Fabbisogno>
    <Data>20160316</Data>
    <Mercato>MGP</Mercato>
    <Ora>21</Ora>
    <Italia>41208,61</Italia>
    <CNOR>4421,241</CNOR>
    <CSUD>7341,357</CSUD>
    <NORD>21107,106</NORD>
    <SARD>1332,086</SARD>
    <SICI>2549,388</SICI>
    <SUD>4457,432</SUD>
  </Fabbisogno>
  <Fabbisogno>
    <Data>20160316</Data>
    <Mercato>MGP</Mercato>
    <Ora>22</Ora>
    <Italia>38196,365</Italia>
    <CNOR>4106,547</CNOR>
    <CSUD>6809,586</CSUD>
    <NORD>19544,701</NORD>
    <SARD>1234,131</SARD>
    <SICI>2350,524</SICI>
    <SUD>4150,876</SUD>
  </Fabbisogno>
  <Fabbisogno>
    <Data>20160316</Data>
    <Mercato>MGP</Mercato>
    <Ora>23</Ora>
    <Italia>34006,342</Italia>
    <CNOR>3674,516</CNOR>
    <CSUD>6081,465</CSUD>
    <NORD>17288,58</NORD>
    <SARD>1120,693</SARD>
    <SICI>2154,708</SICI>
    <SUD>3686,38</SUD>
  </Fabbisogno>
  <Fabbisogno>
    <Data>20160316</Data>
    <Mercato>MGP</Mercato>
    <Ora>24</Ora>
    <Italia>30225,979</Italia>
    <CNOR>3332,037</CNOR>
    <CSUD>5306,705</CSUD>
    <NORD>15469,069</NORD>
    <SARD>968,398</SARD>
    <SICI>1845,502</SICI>
    <SUD>3304,268</SUD>
  </Fabbisogno>
</NewDataSet>