<?xml version="1.0" standalone="yes"?>
<NewDataSet>
  <xs:schema id="NewDataSet" xmlns="" xmlns:xs="http://www.w3.org/2001/XMLSchema" xmlns:msdata="urn:schemas-microsoft-com:xml-msdata">
    <xs:element name="NewDataSet" msdata:IsDataSet="true" msdata:UseCurrentLocale="true">
      <xs:complexType>
        <xs:choice minOccurs="0" maxOccurs="unbounded">
          <xs:element name="Fabbisogno">
            <xs:complexType>
              <xs:sequence>
                <xs:element name="Data" type="xs:string" minOccurs="0" />
                <xs:element name="Mercato" type="xs:string" minOccurs="0" />
                <xs:element name="Ora" type="xs:string" minOccurs="0" />
                <xs:element name="Italia" type="xs:string" minOccurs="0" />
                <xs:element name="CNOR" type="xs:string" minOccurs="0" />
                <xs:element name="CSUD" type="xs:string" minOccurs="0" />
                <xs:element name="NORD" type="xs:string" minOccurs="0" />
                <xs:element name="SARD" type="xs:string" minOccurs="0" />
                <xs:element name="SICI" type="xs:string" minOccurs="0" />
                <xs:element name="SUD" type="xs:string" minOccurs="0" />
              </xs:sequence>
            </xs:complexType>
          </xs:element>
        </xs:choice>
      </xs:complexType>
    </xs:element>
  </xs:schema>
  <Fabbisogno>
    <Data>20160306</Data>
    <Mercato>MGP</Mercato>
    <Ora>1</Ora>
    <Italia>25297,263</Italia>
    <CNOR>2634,372</CNOR>
    <CSUD>4536,836</CSUD>
    <NORD>12701,822</NORD>
    <SARD>866,259</SARD>
    <SICI>1643,722</SICI>
    <SUD>2914,252</SUD>
  </Fabbisogno>
  <Fabbisogno>
    <Data>20160306</Data>
    <Mercato>MGP</Mercato>
    <Ora>2</Ora>
    <Italia>23260,41</Italia>
    <CNOR>2463,872</CNOR>
    <CSUD>4143,902</CSUD>
    <NORD>11664,865</NORD>
    <SARD>802,658</SARD>
    <SICI>1480,564</SICI>
    <SUD>2704,549</SUD>
  </Fabbisogno>
  <Fabbisogno>
    <Data>20160306</Data>
    <Mercato>MGP</Mercato>
    <Ora>3</Ora>
    <Italia>22509,702</Italia>
    <CNOR>2368,598</CNOR>
    <CSUD>3901,449</CSUD>
    <NORD>11498,949</NORD>
    <SARD>768,69</SARD>
    <SICI>1366,94</SICI>
    <SUD>2605,076</SUD>
  </Fabbisogno>
  <Fabbisogno>
    <Data>20160306</Data>
    <Mercato>MGP</Mercato>
    <Ora>4</Ora>
    <Italia>22084,385</Italia>
    <CNOR>2230,592</CNOR>
    <CSUD>3619,738</CSUD>
    <NORD>11821,528</NORD>
    <SARD>729,21</SARD>
    <SICI>1196,745</SICI>
    <SUD>2486,572</SUD>
  </Fabbisogno>
  <Fabbisogno>
    <Data>20160306</Data>
    <Mercato>MGP</Mercato>
    <Ora>5</Ora>
    <Italia>21998,403</Italia>
    <CNOR>2186,075</CNOR>
    <CSUD>3557,447</CSUD>
    <NORD>11941,389</NORD>
    <SARD>682,402</SARD>
    <SICI>1181,761</SICI>
    <SUD>2449,329</SUD>
  </Fabbisogno>
  <Fabbisogno>
    <Data>20160306</Data>
    <Mercato>MGP</Mercato>
    <Ora>6</Ora>
    <Italia>22591,075</Italia>
    <CNOR>2241,893</CNOR>
    <CSUD>3762,254</CSUD>
    <NORD>12084,17</NORD>
    <SARD>757,279</SARD>
    <SICI>1213,205</SICI>
    <SUD>2532,274</SUD>
  </Fabbisogno>
  <Fabbisogno>
    <Data>20160306</Data>
    <Mercato>MGP</Mercato>
    <Ora>7</Ora>
    <Italia>23278,82</Italia>
    <CNOR>2219,954</CNOR>
    <CSUD>3726,033</CSUD>
    <NORD>12868,257</NORD>
    <SARD>749,729</SARD>
    <SICI>1237,353</SICI>
    <SUD>2477,494</SUD>
  </Fabbisogno>
  <Fabbisogno>
    <Data>20160306</Data>
    <Mercato>MGP</Mercato>
    <Ora>8</Ora>
    <Italia>23944,45</Italia>
    <CNOR>2211,589</CNOR>
    <CSUD>3981,23</CSUD>
    <NORD>12980,719</NORD>
    <SARD>819,467</SARD>
    <SICI>1336,997</SICI>
    <SUD>2614,448</SUD>
  </Fabbisogno>
  <Fabbisogno>
    <Data>20160306</Data>
    <Mercato>MGP</Mercato>
    <Ora>9</Ora>
    <Italia>25411,255</Italia>
    <CNOR>2270,209</CNOR>
    <CSUD>3952,568</CSUD>
    <NORD>13992,824</NORD>
    <SARD>789,435</SARD>
    <SICI>1501,77</SICI>
    <SUD>2904,449</SUD>
  </Fabbisogno>
  <Fabbisogno>
    <Data>20160306</Data>
    <Mercato>MGP</Mercato>
    <Ora>10</Ora>
    <Italia>27560,964</Italia>
    <CNOR>2528,712</CNOR>
    <CSUD>4494,929</CSUD>
    <NORD>14963,046</NORD>
    <SARD>842,482</SARD>
    <SICI>1632,549</SICI>
    <SUD>3099,246</SUD>
  </Fabbisogno>
  <Fabbisogno>
    <Data>20160306</Data>
    <Mercato>MGP</Mercato>
    <Ora>11</Ora>
    <Italia>28284,845</Italia>
    <CNOR>2498,254</CNOR>
    <CSUD>4795,353</CSUD>
    <NORD>15236,861</NORD>
    <SARD>883,087</SARD>
    <SICI>1692,544</SICI>
    <SUD>3178,746</SUD>
  </Fabbisogno>
  <Fabbisogno>
    <Data>20160306</Data>
    <Mercato>MGP</Mercato>
    <Ora>12</Ora>
    <Italia>29530,232</Italia>
    <CNOR>2692,916</CNOR>
    <CSUD>5048,585</CSUD>
    <NORD>15814,309</NORD>
    <SARD>931,924</SARD>
    <SICI>1779,241</SICI>
    <SUD>3263,257</SUD>
  </Fabbisogno>
  <Fabbisogno>
    <Data>20160306</Data>
    <Mercato>MGP</Mercato>
    <Ora>13</Ora>
    <Italia>28550,868</Italia>
    <CNOR>2500,721</CNOR>
    <CSUD>4996,147</CSUD>
    <NORD>15177,109</NORD>
    <SARD>922,621</SARD>
    <SICI>1673,612</SICI>
    <SUD>3280,658</SUD>
  </Fabbisogno>
  <Fabbisogno>
    <Data>20160306</Data>
    <Mercato>MGP</Mercato>
    <Ora>14</Ora>
    <Italia>27083,429</Italia>
    <CNOR>2416,784</CNOR>
    <CSUD>4811,285</CSUD>
    <NORD>14298,018</NORD>
    <SARD>873,115</SARD>
    <SICI>1614,291</SICI>
    <SUD>3069,936</SUD>
  </Fabbisogno>
  <Fabbisogno>
    <Data>20160306</Data>
    <Mercato>MGP</Mercato>
    <Ora>15</Ora>
    <Italia>26321,474</Italia>
    <CNOR>2321,404</CNOR>
    <CSUD>4361,218</CSUD>
    <NORD>14432,471</NORD>
    <SARD>780,738</SARD>
    <SICI>1476,07</SICI>
    <SUD>2949,573</SUD>
  </Fabbisogno>
  <Fabbisogno>
    <Data>20160306</Data>
    <Mercato>MGP</Mercato>
    <Ora>16</Ora>
    <Italia>26438,281</Italia>
    <CNOR>2372,252</CNOR>
    <CSUD>4380,046</CSUD>
    <NORD>14422,634</NORD>
    <SARD>782,986</SARD>
    <SICI>1492,252</SICI>
    <SUD>2988,111</SUD>
  </Fabbisogno>
  <Fabbisogno>
    <Data>20160306</Data>
    <Mercato>MGP</Mercato>
    <Ora>17</Ora>
    <Italia>26505,209</Italia>
    <CNOR>2454,725</CNOR>
    <CSUD>4432,444</CSUD>
    <NORD>14306,813</NORD>
    <SARD>814,493</SARD>
    <SICI>1502,732</SICI>
    <SUD>2994,002</SUD>
  </Fabbisogno>
  <Fabbisogno>
    <Data>20160306</Data>
    <Mercato>MGP</Mercato>
    <Ora>18</Ora>
    <Italia>27962,558</Italia>
    <CNOR>2827,048</CNOR>
    <CSUD>4934,453</CSUD>
    <NORD>14397,394</NORD>
    <SARD>909,315</SARD>
    <SICI>1666,922</SICI>
    <SUD>3227,426</SUD>
  </Fabbisogno>
  <Fabbisogno>
    <Data>20160306</Data>
    <Mercato>MGP</Mercato>
    <Ora>19</Ora>
    <Italia>32868,958</Italia>
    <CNOR>3509,16</CNOR>
    <CSUD>5970,328</CSUD>
    <NORD>16464,056</NORD>
    <SARD>1081,462</SARD>
    <SICI>2032,257</SICI>
    <SUD>3811,695</SUD>
  </Fabbisogno>
  <Fabbisogno>
    <Data>20160306</Data>
    <Mercato>MGP</Mercato>
    <Ora>20</Ora>
    <Italia>34174,686</Italia>
    <CNOR>3761,658</CNOR>
    <CSUD>6303,731</CSUD>
    <NORD>16889,751</NORD>
    <SARD>1155,324</SARD>
    <SICI>2090,013</SICI>
    <SUD>3974,209</SUD>
  </Fabbisogno>
  <Fabbisogno>
    <Data>20160306</Data>
    <Mercato>MGP</Mercato>
    <Ora>21</Ora>
    <Italia>33156,548</Italia>
    <CNOR>3657,304</CNOR>
    <CSUD>6260,017</CSUD>
    <NORD>15920,024</NORD>
    <SARD>1177,565</SARD>
    <SICI>2150,912</SICI>
    <SUD>3990,726</SUD>
  </Fabbisogno>
  <Fabbisogno>
    <Data>20160306</Data>
    <Mercato>MGP</Mercato>
    <Ora>22</Ora>
    <Italia>31710,231</Italia>
    <CNOR>3422,904</CNOR>
    <CSUD>5911,457</CSUD>
    <NORD>15411,374</NORD>
    <SARD>1116,04</SARD>
    <SICI>2037,287</SICI>
    <SUD>3811,169</SUD>
  </Fabbisogno>
  <Fabbisogno>
    <Data>20160306</Data>
    <Mercato>MGP</Mercato>
    <Ora>23</Ora>
    <Italia>29010,616</Italia>
    <CNOR>3122,365</CNOR>
    <CSUD>5402,111</CSUD>
    <NORD>14216,602</NORD>
    <SARD>1014,472</SARD>
    <SICI>1832,433</SICI>
    <SUD>3422,633</SUD>
  </Fabbisogno>
  <Fabbisogno>
    <Data>20160306</Data>
    <Mercato>MGP</Mercato>
    <Ora>24</Ora>
    <Italia>25814,642</Italia>
    <CNOR>2742,464</CNOR>
    <CSUD>4757,457</CSUD>
    <NORD>12755,923</NORD>
    <SARD>929,171</SARD>
    <SICI>1605,992</SICI>
    <SUD>3023,635</SUD>
  </Fabbisogno>
</NewDataSet>