<?xml version="1.0" standalone="yes"?>
<NewDataSet>
  <xs:schema id="NewDataSet" xmlns="" xmlns:xs="http://www.w3.org/2001/XMLSchema" xmlns:msdata="urn:schemas-microsoft-com:xml-msdata">
    <xs:element name="NewDataSet" msdata:IsDataSet="true" msdata:MainDataTable="marketintervaldetail" msdata:UseCurrentLocale="true">
      <xs:complexType>
        <xs:choice minOccurs="0" maxOccurs="unbounded">
          <xs:element name="marketintervaldetail">
            <xs:complexType>
              <xs:sequence>
                <xs:element name="Data" type="xs:string" minOccurs="0" />
                <xs:element name="Mercato" type="xs:string" minOccurs="0" />
                <xs:element name="Ora" type="xs:string" minOccurs="0" />
                <xs:element name="Totale" type="xs:string" minOccurs="0" />
                <xs:element name="CNOR" type="xs:string" minOccurs="0" />
                <xs:element name="CSUD" type="xs:string" minOccurs="0" />
                <xs:element name="NORD" type="xs:string" minOccurs="0" />
                <xs:element name="SARD" type="xs:string" minOccurs="0" />
                <xs:element name="SICI" type="xs:string" minOccurs="0" />
                <xs:element name="SUD" type="xs:string" minOccurs="0" />
              </xs:sequence>
            </xs:complexType>
          </xs:element>
        </xs:choice>
      </xs:complexType>
    </xs:element>
  </xs:schema>
  <marketintervaldetail>
    <Data>20150210</Data>
    <Mercato>MGP</Mercato>
    <Ora>01</Ora>
    <Totale>27951</Totale>
    <CNOR>3097</CNOR>
    <CSUD>4618</CSUD>
    <NORD>15409</NORD>
    <SARD>834</SARD>
    <SICI>1665</SICI>
    <SUD>2328</SUD>
  </marketintervaldetail>
  <marketintervaldetail>
    <Data>20150210</Data>
    <Mercato>MGP</Mercato>
    <Ora>02</Ora>
    <Totale>26241</Totale>
    <CNOR>2850</CNOR>
    <CSUD>4201</CSUD>
    <NORD>14775</NORD>
    <SARD>765</SARD>
    <SICI>1539</SICI>
    <SUD>2111</SUD>
  </marketintervaldetail>
  <marketintervaldetail>
    <Data>20150210</Data>
    <Mercato>MGP</Mercato>
    <Ora>03</Ora>
    <Totale>25322</Totale>
    <CNOR>2783</CNOR>
    <CSUD>3998</CSUD>
    <NORD>14376</NORD>
    <SARD>726</SARD>
    <SICI>1456</SICI>
    <SUD>1983</SUD>
  </marketintervaldetail>
  <marketintervaldetail>
    <Data>20150210</Data>
    <Mercato>MGP</Mercato>
    <Ora>04</Ora>
    <Totale>24552</Totale>
    <CNOR>2747</CNOR>
    <CSUD>3899</CSUD>
    <NORD>13891</NORD>
    <SARD>724</SARD>
    <SICI>1408</SICI>
    <SUD>1883</SUD>
  </marketintervaldetail>
  <marketintervaldetail>
    <Data>20150210</Data>
    <Mercato>MGP</Mercato>
    <Ora>05</Ora>
    <Totale>24696</Totale>
    <CNOR>2771</CNOR>
    <CSUD>3873</CSUD>
    <NORD>13969</NORD>
    <SARD>727</SARD>
    <SICI>1458</SICI>
    <SUD>1898</SUD>
  </marketintervaldetail>
  <marketintervaldetail>
    <Data>20150210</Data>
    <Mercato>MGP</Mercato>
    <Ora>06</Ora>
    <Totale>26299</Totale>
    <CNOR>2992</CNOR>
    <CSUD>4056</CSUD>
    <NORD>14932</NORD>
    <SARD>757</SARD>
    <SICI>1548</SICI>
    <SUD>2014</SUD>
  </marketintervaldetail>
  <marketintervaldetail>
    <Data>20150210</Data>
    <Mercato>MGP</Mercato>
    <Ora>07</Ora>
    <Totale>31155</Totale>
    <CNOR>3475</CNOR>
    <CSUD>4820</CSUD>
    <NORD>17805</NORD>
    <SARD>874</SARD>
    <SICI>1788</SICI>
    <SUD>2393</SUD>
  </marketintervaldetail>
  <marketintervaldetail>
    <Data>20150210</Data>
    <Mercato>MGP</Mercato>
    <Ora>08</Ora>
    <Totale>36245</Totale>
    <CNOR>3990</CNOR>
    <CSUD>5694</CSUD>
    <NORD>20682</NORD>
    <SARD>1039</SARD>
    <SICI>2084</SICI>
    <SUD>2756</SUD>
  </marketintervaldetail>
  <marketintervaldetail>
    <Data>20150210</Data>
    <Mercato>MGP</Mercato>
    <Ora>09</Ora>
    <Totale>40824</Totale>
    <CNOR>4637</CNOR>
    <CSUD>6397</CSUD>
    <NORD>23061</NORD>
    <SARD>1120</SARD>
    <SICI>2344</SICI>
    <SUD>3265</SUD>
  </marketintervaldetail>
  <marketintervaldetail>
    <Data>20150210</Data>
    <Mercato>MGP</Mercato>
    <Ora>10</Ora>
    <Totale>43266</Totale>
    <CNOR>4859</CNOR>
    <CSUD>6906</CSUD>
    <NORD>24194</NORD>
    <SARD>1214</SARD>
    <SICI>2562</SICI>
    <SUD>3531</SUD>
  </marketintervaldetail>
  <marketintervaldetail>
    <Data>20150210</Data>
    <Mercato>MGP</Mercato>
    <Ora>11</Ora>
    <Totale>44197</Totale>
    <CNOR>4904</CNOR>
    <CSUD>7141</CSUD>
    <NORD>24892</NORD>
    <SARD>1214</SARD>
    <SICI>2579</SICI>
    <SUD>3467</SUD>
  </marketintervaldetail>
  <marketintervaldetail>
    <Data>20150210</Data>
    <Mercato>MGP</Mercato>
    <Ora>12</Ora>
    <Totale>43737</Totale>
    <CNOR>4827</CNOR>
    <CSUD>6828</CSUD>
    <NORD>25056</NORD>
    <SARD>1137</SARD>
    <SICI>2427</SICI>
    <SUD>3462</SUD>
  </marketintervaldetail>
  <marketintervaldetail>
    <Data>20150210</Data>
    <Mercato>MGP</Mercato>
    <Ora>13</Ora>
    <Totale>40787</Totale>
    <CNOR>4368</CNOR>
    <CSUD>6614</CSUD>
    <NORD>22889</NORD>
    <SARD>1162</SARD>
    <SICI>2341</SICI>
    <SUD>3413</SUD>
  </marketintervaldetail>
  <marketintervaldetail>
    <Data>20150210</Data>
    <Mercato>MGP</Mercato>
    <Ora>14</Ora>
    <Totale>40316</Totale>
    <CNOR>4167</CNOR>
    <CSUD>6354</CSUD>
    <NORD>22863</NORD>
    <SARD>1201</SARD>
    <SICI>2349</SICI>
    <SUD>3382</SUD>
  </marketintervaldetail>
  <marketintervaldetail>
    <Data>20150210</Data>
    <Mercato>MGP</Mercato>
    <Ora>15</Ora>
    <Totale>40945</Totale>
    <CNOR>4386</CNOR>
    <CSUD>6617</CSUD>
    <NORD>23493</NORD>
    <SARD>1152</SARD>
    <SICI>2352</SICI>
    <SUD>2945</SUD>
  </marketintervaldetail>
  <marketintervaldetail>
    <Data>20150210</Data>
    <Mercato>MGP</Mercato>
    <Ora>16</Ora>
    <Totale>41590</Totale>
    <CNOR>4607</CNOR>
    <CSUD>6847</CSUD>
    <NORD>23690</NORD>
    <SARD>1126</SARD>
    <SICI>2247</SICI>
    <SUD>3073</SUD>
  </marketintervaldetail>
  <marketintervaldetail>
    <Data>20150210</Data>
    <Mercato>MGP</Mercato>
    <Ora>17</Ora>
    <Totale>42091</Totale>
    <CNOR>4728</CNOR>
    <CSUD>7046</CSUD>
    <NORD>23616</NORD>
    <SARD>1145</SARD>
    <SICI>2296</SICI>
    <SUD>3260</SUD>
  </marketintervaldetail>
  <marketintervaldetail>
    <Data>20150210</Data>
    <Mercato>MGP</Mercato>
    <Ora>18</Ora>
    <Totale>44105</Totale>
    <CNOR>4904</CNOR>
    <CSUD>7421</CSUD>
    <NORD>24435</NORD>
    <SARD>1187</SARD>
    <SICI>2550</SICI>
    <SUD>3608</SUD>
  </marketintervaldetail>
  <marketintervaldetail>
    <Data>20150210</Data>
    <Mercato>MGP</Mercato>
    <Ora>19</Ora>
    <Totale>45670</Totale>
    <CNOR>4993</CNOR>
    <CSUD>7740</CSUD>
    <NORD>24912</NORD>
    <SARD>1276</SARD>
    <SICI>2797</SICI>
    <SUD>3952</SUD>
  </marketintervaldetail>
  <marketintervaldetail>
    <Data>20150210</Data>
    <Mercato>MGP</Mercato>
    <Ora>20</Ora>
    <Totale>44617</Totale>
    <CNOR>4836</CNOR>
    <CSUD>7705</CSUD>
    <NORD>23977</NORD>
    <SARD>1302</SARD>
    <SICI>2870</SICI>
    <SUD>3927</SUD>
  </marketintervaldetail>
  <marketintervaldetail>
    <Data>20150210</Data>
    <Mercato>MGP</Mercato>
    <Ora>21</Ora>
    <Totale>41714</Totale>
    <CNOR>4336</CNOR>
    <CSUD>7215</CSUD>
    <NORD>22377</NORD>
    <SARD>1262</SARD>
    <SICI>2810</SICI>
    <SUD>3714</SUD>
  </marketintervaldetail>
  <marketintervaldetail>
    <Data>20150210</Data>
    <Mercato>MGP</Mercato>
    <Ora>22</Ora>
    <Totale>38777</Totale>
    <CNOR>4073</CNOR>
    <CSUD>6712</CSUD>
    <NORD>20755</NORD>
    <SARD>1171</SARD>
    <SICI>2602</SICI>
    <SUD>3464</SUD>
  </marketintervaldetail>
  <marketintervaldetail>
    <Data>20150210</Data>
    <Mercato>MGP</Mercato>
    <Ora>23</Ora>
    <Totale>34826</Totale>
    <CNOR>3752</CNOR>
    <CSUD>5971</CSUD>
    <NORD>18636</NORD>
    <SARD>1060</SARD>
    <SICI>2327</SICI>
    <SUD>3080</SUD>
  </marketintervaldetail>
  <marketintervaldetail>
    <Data>20150210</Data>
    <Mercato>MGP</Mercato>
    <Ora>24</Ora>
    <Totale>31198</Totale>
    <CNOR>3355</CNOR>
    <CSUD>5210</CSUD>
    <NORD>16952</NORD>
    <SARD>945</SARD>
    <SICI>2021</SICI>
    <SUD>2715</SUD>
  </marketintervaldetail>
</NewDataSet>