<?xml version="1.0" standalone="yes"?>
<NewDataSet>
  <xs:schema id="NewDataSet" xmlns="" xmlns:xs="http://www.w3.org/2001/XMLSchema" xmlns:msdata="urn:schemas-microsoft-com:xml-msdata">
    <xs:element name="NewDataSet" msdata:IsDataSet="true" msdata:MainDataTable="marketintervaldetail" msdata:UseCurrentLocale="true">
      <xs:complexType>
        <xs:choice minOccurs="0" maxOccurs="unbounded">
          <xs:element name="marketintervaldetail">
            <xs:complexType>
              <xs:sequence>
                <xs:element name="Data" type="xs:string" minOccurs="0" />
                <xs:element name="Mercato" type="xs:string" minOccurs="0" />
                <xs:element name="Ora" type="xs:string" minOccurs="0" />
                <xs:element name="Totale" type="xs:string" minOccurs="0" />
                <xs:element name="CNOR" type="xs:string" minOccurs="0" />
                <xs:element name="CSUD" type="xs:string" minOccurs="0" />
                <xs:element name="NORD" type="xs:string" minOccurs="0" />
                <xs:element name="SARD" type="xs:string" minOccurs="0" />
                <xs:element name="SICI" type="xs:string" minOccurs="0" />
                <xs:element name="SUD" type="xs:string" minOccurs="0" />
              </xs:sequence>
            </xs:complexType>
          </xs:element>
        </xs:choice>
      </xs:complexType>
    </xs:element>
  </xs:schema>
  <marketintervaldetail>
    <Data>20150219</Data>
    <Mercato>MGP</Mercato>
    <Ora>01</Ora>
    <Totale>27883</Totale>
    <CNOR>3142</CNOR>
    <CSUD>4258</CSUD>
    <NORD>15491</NORD>
    <SARD>855</SARD>
    <SICI>1851</SICI>
    <SUD>2286</SUD>
  </marketintervaldetail>
  <marketintervaldetail>
    <Data>20150219</Data>
    <Mercato>MGP</Mercato>
    <Ora>02</Ora>
    <Totale>26018</Totale>
    <CNOR>2994</CNOR>
    <CSUD>3870</CSUD>
    <NORD>14647</NORD>
    <SARD>799</SARD>
    <SICI>1652</SICI>
    <SUD>2056</SUD>
  </marketintervaldetail>
  <marketintervaldetail>
    <Data>20150219</Data>
    <Mercato>MGP</Mercato>
    <Ora>03</Ora>
    <Totale>24998</Totale>
    <CNOR>2893</CNOR>
    <CSUD>3669</CSUD>
    <NORD>14173</NORD>
    <SARD>767</SARD>
    <SICI>1550</SICI>
    <SUD>1946</SUD>
  </marketintervaldetail>
  <marketintervaldetail>
    <Data>20150219</Data>
    <Mercato>MGP</Mercato>
    <Ora>04</Ora>
    <Totale>24541</Totale>
    <CNOR>2891</CNOR>
    <CSUD>3609</CSUD>
    <NORD>13903</NORD>
    <SARD>759</SARD>
    <SICI>1499</SICI>
    <SUD>1880</SUD>
  </marketintervaldetail>
  <marketintervaldetail>
    <Data>20150219</Data>
    <Mercato>MGP</Mercato>
    <Ora>05</Ora>
    <Totale>24988</Totale>
    <CNOR>2902</CNOR>
    <CSUD>3621</CSUD>
    <NORD>14289</NORD>
    <SARD>753</SARD>
    <SICI>1518</SICI>
    <SUD>1905</SUD>
  </marketintervaldetail>
  <marketintervaldetail>
    <Data>20150219</Data>
    <Mercato>MGP</Mercato>
    <Ora>06</Ora>
    <Totale>26722</Totale>
    <CNOR>3054</CNOR>
    <CSUD>3880</CSUD>
    <NORD>15380</NORD>
    <SARD>793</SARD>
    <SICI>1610</SICI>
    <SUD>2005</SUD>
  </marketintervaldetail>
  <marketintervaldetail>
    <Data>20150219</Data>
    <Mercato>MGP</Mercato>
    <Ora>07</Ora>
    <Totale>31514</Totale>
    <CNOR>3443</CNOR>
    <CSUD>4521</CSUD>
    <NORD>18644</NORD>
    <SARD>872</SARD>
    <SICI>1790</SICI>
    <SUD>2244</SUD>
  </marketintervaldetail>
  <marketintervaldetail>
    <Data>20150219</Data>
    <Mercato>MGP</Mercato>
    <Ora>08</Ora>
    <Totale>36511</Totale>
    <CNOR>3998</CNOR>
    <CSUD>5312</CSUD>
    <NORD>21496</NORD>
    <SARD>998</SARD>
    <SICI>2056</SICI>
    <SUD>2651</SUD>
  </marketintervaldetail>
  <marketintervaldetail>
    <Data>20150219</Data>
    <Mercato>MGP</Mercato>
    <Ora>09</Ora>
    <Totale>41668</Totale>
    <CNOR>4520</CNOR>
    <CSUD>5972</CSUD>
    <NORD>24826</NORD>
    <SARD>1102</SARD>
    <SICI>2370</SICI>
    <SUD>2878</SUD>
  </marketintervaldetail>
  <marketintervaldetail>
    <Data>20150219</Data>
    <Mercato>MGP</Mercato>
    <Ora>10</Ora>
    <Totale>43886</Totale>
    <CNOR>4765</CNOR>
    <CSUD>6504</CSUD>
    <NORD>25827</NORD>
    <SARD>1129</SARD>
    <SICI>2564</SICI>
    <SUD>3097</SUD>
  </marketintervaldetail>
  <marketintervaldetail>
    <Data>20150219</Data>
    <Mercato>MGP</Mercato>
    <Ora>11</Ora>
    <Totale>43898</Totale>
    <CNOR>4849</CNOR>
    <CSUD>6622</CSUD>
    <NORD>25572</NORD>
    <SARD>1151</SARD>
    <SICI>2524</SICI>
    <SUD>3180</SUD>
  </marketintervaldetail>
  <marketintervaldetail>
    <Data>20150219</Data>
    <Mercato>MGP</Mercato>
    <Ora>12</Ora>
    <Totale>43835</Totale>
    <CNOR>4880</CNOR>
    <CSUD>6733</CSUD>
    <NORD>25479</NORD>
    <SARD>1115</SARD>
    <SICI>2490</SICI>
    <SUD>3138</SUD>
  </marketintervaldetail>
  <marketintervaldetail>
    <Data>20150219</Data>
    <Mercato>MGP</Mercato>
    <Ora>13</Ora>
    <Totale>41885</Totale>
    <CNOR>4635</CNOR>
    <CSUD>6905</CSUD>
    <NORD>23523</NORD>
    <SARD>1121</SARD>
    <SICI>2559</SICI>
    <SUD>3142</SUD>
  </marketintervaldetail>
  <marketintervaldetail>
    <Data>20150219</Data>
    <Mercato>MGP</Mercato>
    <Ora>14</Ora>
    <Totale>40727</Totale>
    <CNOR>4420</CNOR>
    <CSUD>6524</CSUD>
    <NORD>23190</NORD>
    <SARD>1128</SARD>
    <SICI>2389</SICI>
    <SUD>3076</SUD>
  </marketintervaldetail>
  <marketintervaldetail>
    <Data>20150219</Data>
    <Mercato>MGP</Mercato>
    <Ora>15</Ora>
    <Totale>41093</Totale>
    <CNOR>4434</CNOR>
    <CSUD>6251</CSUD>
    <NORD>24230</NORD>
    <SARD>1055</SARD>
    <SICI>2375</SICI>
    <SUD>2748</SUD>
  </marketintervaldetail>
  <marketintervaldetail>
    <Data>20150219</Data>
    <Mercato>MGP</Mercato>
    <Ora>16</Ora>
    <Totale>41091</Totale>
    <CNOR>4508</CNOR>
    <CSUD>6219</CSUD>
    <NORD>24018</NORD>
    <SARD>1015</SARD>
    <SICI>2411</SICI>
    <SUD>2920</SUD>
  </marketintervaldetail>
  <marketintervaldetail>
    <Data>20150219</Data>
    <Mercato>MGP</Mercato>
    <Ora>17</Ora>
    <Totale>40728</Totale>
    <CNOR>4568</CNOR>
    <CSUD>6342</CSUD>
    <NORD>23337</NORD>
    <SARD>1019</SARD>
    <SICI>2486</SICI>
    <SUD>2976</SUD>
  </marketintervaldetail>
  <marketintervaldetail>
    <Data>20150219</Data>
    <Mercato>MGP</Mercato>
    <Ora>18</Ora>
    <Totale>41607</Totale>
    <CNOR>4739</CNOR>
    <CSUD>6621</CSUD>
    <NORD>23301</NORD>
    <SARD>1032</SARD>
    <SICI>2619</SICI>
    <SUD>3295</SUD>
  </marketintervaldetail>
  <marketintervaldetail>
    <Data>20150219</Data>
    <Mercato>MGP</Mercato>
    <Ora>19</Ora>
    <Totale>43745</Totale>
    <CNOR>4907</CNOR>
    <CSUD>6919</CSUD>
    <NORD>24354</NORD>
    <SARD>1146</SARD>
    <SICI>2805</SICI>
    <SUD>3614</SUD>
  </marketintervaldetail>
  <marketintervaldetail>
    <Data>20150219</Data>
    <Mercato>MGP</Mercato>
    <Ora>20</Ora>
    <Totale>43401</Totale>
    <CNOR>4882</CNOR>
    <CSUD>7053</CSUD>
    <NORD>23720</NORD>
    <SARD>1222</SARD>
    <SICI>2882</SICI>
    <SUD>3642</SUD>
  </marketintervaldetail>
  <marketintervaldetail>
    <Data>20150219</Data>
    <Mercato>MGP</Mercato>
    <Ora>21</Ora>
    <Totale>40559</Totale>
    <CNOR>4482</CNOR>
    <CSUD>6596</CSUD>
    <NORD>22051</NORD>
    <SARD>1210</SARD>
    <SICI>2745</SICI>
    <SUD>3475</SUD>
  </marketintervaldetail>
  <marketintervaldetail>
    <Data>20150219</Data>
    <Mercato>MGP</Mercato>
    <Ora>22</Ora>
    <Totale>37416</Totale>
    <CNOR>4216</CNOR>
    <CSUD>5999</CSUD>
    <NORD>20282</NORD>
    <SARD>1125</SARD>
    <SICI>2544</SICI>
    <SUD>3250</SUD>
  </marketintervaldetail>
  <marketintervaldetail>
    <Data>20150219</Data>
    <Mercato>MGP</Mercato>
    <Ora>23</Ora>
    <Totale>33858</Totale>
    <CNOR>3851</CNOR>
    <CSUD>5352</CSUD>
    <NORD>18334</NORD>
    <SARD>1039</SARD>
    <SICI>2373</SICI>
    <SUD>2909</SUD>
  </marketintervaldetail>
  <marketintervaldetail>
    <Data>20150219</Data>
    <Mercato>MGP</Mercato>
    <Ora>24</Ora>
    <Totale>30604</Totale>
    <CNOR>3579</CNOR>
    <CSUD>4707</CSUD>
    <NORD>16685</NORD>
    <SARD>947</SARD>
    <SICI>2120</SICI>
    <SUD>2566</SUD>
  </marketintervaldetail>
</NewDataSet>