<?xml version="1.0" standalone="yes"?>
<NewDataSet>
  <xs:schema id="NewDataSet" xmlns="" xmlns:xs="http://www.w3.org/2001/XMLSchema" xmlns:msdata="urn:schemas-microsoft-com:xml-msdata">
    <xs:element name="NewDataSet" msdata:IsDataSet="true" msdata:MainDataTable="marketintervaldetail" msdata:UseCurrentLocale="true">
      <xs:complexType>
        <xs:choice minOccurs="0" maxOccurs="unbounded">
          <xs:element name="marketintervaldetail">
            <xs:complexType>
              <xs:sequence>
                <xs:element name="Data" type="xs:string" minOccurs="0" />
                <xs:element name="Mercato" type="xs:string" minOccurs="0" />
                <xs:element name="Ora" type="xs:string" minOccurs="0" />
                <xs:element name="Totale" type="xs:string" minOccurs="0" />
                <xs:element name="CNOR" type="xs:string" minOccurs="0" />
                <xs:element name="CSUD" type="xs:string" minOccurs="0" />
                <xs:element name="NORD" type="xs:string" minOccurs="0" />
                <xs:element name="SARD" type="xs:string" minOccurs="0" />
                <xs:element name="SICI" type="xs:string" minOccurs="0" />
                <xs:element name="SUD" type="xs:string" minOccurs="0" />
              </xs:sequence>
            </xs:complexType>
          </xs:element>
        </xs:choice>
      </xs:complexType>
    </xs:element>
  </xs:schema>
  <marketintervaldetail>
    <Data>20150225</Data>
    <Mercato>MGP</Mercato>
    <Ora>01</Ora>
    <Totale>27164</Totale>
    <CNOR>2857</CNOR>
    <CSUD>4303</CSUD>
    <NORD>15321</NORD>
    <SARD>834</SARD>
    <SICI>1713</SICI>
    <SUD>2136</SUD>
  </marketintervaldetail>
  <marketintervaldetail>
    <Data>20150225</Data>
    <Mercato>MGP</Mercato>
    <Ora>02</Ora>
    <Totale>25348</Totale>
    <CNOR>2713</CNOR>
    <CSUD>3950</CSUD>
    <NORD>14475</NORD>
    <SARD>775</SARD>
    <SICI>1532</SICI>
    <SUD>1903</SUD>
  </marketintervaldetail>
  <marketintervaldetail>
    <Data>20150225</Data>
    <Mercato>MGP</Mercato>
    <Ora>03</Ora>
    <Totale>24467</Totale>
    <CNOR>2597</CNOR>
    <CSUD>3749</CSUD>
    <NORD>14076</NORD>
    <SARD>750</SARD>
    <SICI>1448</SICI>
    <SUD>1847</SUD>
  </marketintervaldetail>
  <marketintervaldetail>
    <Data>20150225</Data>
    <Mercato>MGP</Mercato>
    <Ora>04</Ora>
    <Totale>24204</Totale>
    <CNOR>2528</CNOR>
    <CSUD>3658</CSUD>
    <NORD>13967</NORD>
    <SARD>744</SARD>
    <SICI>1421</SICI>
    <SUD>1886</SUD>
  </marketintervaldetail>
  <marketintervaldetail>
    <Data>20150225</Data>
    <Mercato>MGP</Mercato>
    <Ora>05</Ora>
    <Totale>24369</Totale>
    <CNOR>2536</CNOR>
    <CSUD>3678</CSUD>
    <NORD>14056</NORD>
    <SARD>752</SARD>
    <SICI>1425</SICI>
    <SUD>1922</SUD>
  </marketintervaldetail>
  <marketintervaldetail>
    <Data>20150225</Data>
    <Mercato>MGP</Mercato>
    <Ora>06</Ora>
    <Totale>26135</Totale>
    <CNOR>2776</CNOR>
    <CSUD>3944</CSUD>
    <NORD>15098</NORD>
    <SARD>798</SARD>
    <SICI>1506</SICI>
    <SUD>2013</SUD>
  </marketintervaldetail>
  <marketintervaldetail>
    <Data>20150225</Data>
    <Mercato>MGP</Mercato>
    <Ora>07</Ora>
    <Totale>31916</Totale>
    <CNOR>3440</CNOR>
    <CSUD>4683</CSUD>
    <NORD>18781</NORD>
    <SARD>921</SARD>
    <SICI>1708</SICI>
    <SUD>2383</SUD>
  </marketintervaldetail>
  <marketintervaldetail>
    <Data>20150225</Data>
    <Mercato>MGP</Mercato>
    <Ora>08</Ora>
    <Totale>37489</Totale>
    <CNOR>4014</CNOR>
    <CSUD>5529</CSUD>
    <NORD>22007</NORD>
    <SARD>1097</SARD>
    <SICI>2059</SICI>
    <SUD>2783</SUD>
  </marketintervaldetail>
  <marketintervaldetail>
    <Data>20150225</Data>
    <Mercato>MGP</Mercato>
    <Ora>09</Ora>
    <Totale>42543</Totale>
    <CNOR>4837</CNOR>
    <CSUD>6281</CSUD>
    <NORD>24882</NORD>
    <SARD>1195</SARD>
    <SICI>2247</SICI>
    <SUD>3101</SUD>
  </marketintervaldetail>
  <marketintervaldetail>
    <Data>20150225</Data>
    <Mercato>MGP</Mercato>
    <Ora>10</Ora>
    <Totale>44302</Totale>
    <CNOR>5097</CNOR>
    <CSUD>6688</CSUD>
    <NORD>25658</NORD>
    <SARD>1248</SARD>
    <SICI>2364</SICI>
    <SUD>3247</SUD>
  </marketintervaldetail>
  <marketintervaldetail>
    <Data>20150225</Data>
    <Mercato>MGP</Mercato>
    <Ora>11</Ora>
    <Totale>43712</Totale>
    <CNOR>5126</CNOR>
    <CSUD>6618</CSUD>
    <NORD>25287</NORD>
    <SARD>1170</SARD>
    <SICI>2378</SICI>
    <SUD>3133</SUD>
  </marketintervaldetail>
  <marketintervaldetail>
    <Data>20150225</Data>
    <Mercato>MGP</Mercato>
    <Ora>12</Ora>
    <Totale>43741</Totale>
    <CNOR>5094</CNOR>
    <CSUD>6567</CSUD>
    <NORD>25419</NORD>
    <SARD>1182</SARD>
    <SICI>2400</SICI>
    <SUD>3079</SUD>
  </marketintervaldetail>
  <marketintervaldetail>
    <Data>20150225</Data>
    <Mercato>MGP</Mercato>
    <Ora>13</Ora>
    <Totale>40236</Totale>
    <CNOR>4509</CNOR>
    <CSUD>6388</CSUD>
    <NORD>22833</NORD>
    <SARD>1106</SARD>
    <SICI>2465</SICI>
    <SUD>2935</SUD>
  </marketintervaldetail>
  <marketintervaldetail>
    <Data>20150225</Data>
    <Mercato>MGP</Mercato>
    <Ora>14</Ora>
    <Totale>39832</Totale>
    <CNOR>4371</CNOR>
    <CSUD>6254</CSUD>
    <NORD>22855</NORD>
    <SARD>1032</SARD>
    <SICI>2387</SICI>
    <SUD>2933</SUD>
  </marketintervaldetail>
  <marketintervaldetail>
    <Data>20150225</Data>
    <Mercato>MGP</Mercato>
    <Ora>15</Ora>
    <Totale>41636</Totale>
    <CNOR>4677</CNOR>
    <CSUD>6124</CSUD>
    <NORD>23974</NORD>
    <SARD>1161</SARD>
    <SICI>2636</SICI>
    <SUD>3064</SUD>
  </marketintervaldetail>
  <marketintervaldetail>
    <Data>20150225</Data>
    <Mercato>MGP</Mercato>
    <Ora>16</Ora>
    <Totale>42451</Totale>
    <CNOR>4971</CNOR>
    <CSUD>6262</CSUD>
    <NORD>24269</NORD>
    <SARD>1143</SARD>
    <SICI>2493</SICI>
    <SUD>3313</SUD>
  </marketintervaldetail>
  <marketintervaldetail>
    <Data>20150225</Data>
    <Mercato>MGP</Mercato>
    <Ora>17</Ora>
    <Totale>41963</Totale>
    <CNOR>4972</CNOR>
    <CSUD>6310</CSUD>
    <NORD>23718</NORD>
    <SARD>1152</SARD>
    <SICI>2382</SICI>
    <SUD>3429</SUD>
  </marketintervaldetail>
  <marketintervaldetail>
    <Data>20150225</Data>
    <Mercato>MGP</Mercato>
    <Ora>18</Ora>
    <Totale>41332</Totale>
    <CNOR>4752</CNOR>
    <CSUD>6526</CSUD>
    <NORD>22826</NORD>
    <SARD>1155</SARD>
    <SICI>2527</SICI>
    <SUD>3546</SUD>
  </marketintervaldetail>
  <marketintervaldetail>
    <Data>20150225</Data>
    <Mercato>MGP</Mercato>
    <Ora>19</Ora>
    <Totale>43756</Totale>
    <CNOR>4650</CNOR>
    <CSUD>7170</CSUD>
    <NORD>24179</NORD>
    <SARD>1222</SARD>
    <SICI>2812</SICI>
    <SUD>3723</SUD>
  </marketintervaldetail>
  <marketintervaldetail>
    <Data>20150225</Data>
    <Mercato>MGP</Mercato>
    <Ora>20</Ora>
    <Totale>43523</Totale>
    <CNOR>4538</CNOR>
    <CSUD>7363</CSUD>
    <NORD>23786</NORD>
    <SARD>1277</SARD>
    <SICI>2852</SICI>
    <SUD>3707</SUD>
  </marketintervaldetail>
  <marketintervaldetail>
    <Data>20150225</Data>
    <Mercato>MGP</Mercato>
    <Ora>21</Ora>
    <Totale>40871</Totale>
    <CNOR>4167</CNOR>
    <CSUD>6910</CSUD>
    <NORD>22271</NORD>
    <SARD>1230</SARD>
    <SICI>2782</SICI>
    <SUD>3511</SUD>
  </marketintervaldetail>
  <marketintervaldetail>
    <Data>20150225</Data>
    <Mercato>MGP</Mercato>
    <Ora>22</Ora>
    <Totale>37487</Totale>
    <CNOR>3846</CNOR>
    <CSUD>6309</CSUD>
    <NORD>20498</NORD>
    <SARD>1143</SARD>
    <SICI>2504</SICI>
    <SUD>3187</SUD>
  </marketintervaldetail>
  <marketintervaldetail>
    <Data>20150225</Data>
    <Mercato>MGP</Mercato>
    <Ora>23</Ora>
    <Totale>33460</Totale>
    <CNOR>3540</CNOR>
    <CSUD>5531</CSUD>
    <NORD>18355</NORD>
    <SARD>1047</SARD>
    <SICI>2219</SICI>
    <SUD>2768</SUD>
  </marketintervaldetail>
  <marketintervaldetail>
    <Data>20150225</Data>
    <Mercato>MGP</Mercato>
    <Ora>24</Ora>
    <Totale>29756</Totale>
    <CNOR>3155</CNOR>
    <CSUD>4772</CSUD>
    <NORD>16640</NORD>
    <SARD>940</SARD>
    <SICI>1876</SICI>
    <SUD>2373</SUD>
  </marketintervaldetail>
</NewDataSet>