<?xml version="1.0" standalone="yes"?>
<NewDataSet>
  <xs:schema id="NewDataSet" xmlns="" xmlns:xs="http://www.w3.org/2001/XMLSchema" xmlns:msdata="urn:schemas-microsoft-com:xml-msdata">
    <xs:element name="NewDataSet" msdata:IsDataSet="true" msdata:MainDataTable="marketintervaldetail" msdata:UseCurrentLocale="true">
      <xs:complexType>
        <xs:choice minOccurs="0" maxOccurs="unbounded">
          <xs:element name="marketintervaldetail">
            <xs:complexType>
              <xs:sequence>
                <xs:element name="Data" type="xs:string" minOccurs="0" />
                <xs:element name="Mercato" type="xs:string" minOccurs="0" />
                <xs:element name="Ora" type="xs:string" minOccurs="0" />
                <xs:element name="Totale" type="xs:string" minOccurs="0" />
                <xs:element name="CNOR" type="xs:string" minOccurs="0" />
                <xs:element name="CSUD" type="xs:string" minOccurs="0" />
                <xs:element name="NORD" type="xs:string" minOccurs="0" />
                <xs:element name="SARD" type="xs:string" minOccurs="0" />
                <xs:element name="SICI" type="xs:string" minOccurs="0" />
                <xs:element name="SUD" type="xs:string" minOccurs="0" />
              </xs:sequence>
            </xs:complexType>
          </xs:element>
        </xs:choice>
      </xs:complexType>
    </xs:element>
  </xs:schema>
  <marketintervaldetail>
    <Data>20140905</Data>
    <Mercato>MGP</Mercato>
    <Ora>01</Ora>
    <Totale>27775</Totale>
    <CNOR>2962</CNOR>
    <CSUD>4417</CSUD>
    <NORD>15434</NORD>
    <SARD>941</SARD>
    <SICI>1820</SICI>
    <SUD>2201</SUD>
  </marketintervaldetail>
  <marketintervaldetail>
    <Data>20140905</Data>
    <Mercato>MGP</Mercato>
    <Ora>02</Ora>
    <Totale>26299</Totale>
    <CNOR>2804</CNOR>
    <CSUD>4062</CSUD>
    <NORD>14701</NORD>
    <SARD>888</SARD>
    <SICI>1724</SICI>
    <SUD>2120</SUD>
  </marketintervaldetail>
  <marketintervaldetail>
    <Data>20140905</Data>
    <Mercato>MGP</Mercato>
    <Ora>03</Ora>
    <Totale>25580</Totale>
    <CNOR>2675</CNOR>
    <CSUD>4004</CSUD>
    <NORD>14354</NORD>
    <SARD>870</SARD>
    <SICI>1667</SICI>
    <SUD>2010</SUD>
  </marketintervaldetail>
  <marketintervaldetail>
    <Data>20140905</Data>
    <Mercato>MGP</Mercato>
    <Ora>04</Ora>
    <Totale>25189</Totale>
    <CNOR>2667</CNOR>
    <CSUD>3916</CSUD>
    <NORD>14182</NORD>
    <SARD>849</SARD>
    <SICI>1586</SICI>
    <SUD>1989</SUD>
  </marketintervaldetail>
  <marketintervaldetail>
    <Data>20140905</Data>
    <Mercato>MGP</Mercato>
    <Ora>05</Ora>
    <Totale>25328</Totale>
    <CNOR>2657</CNOR>
    <CSUD>3847</CSUD>
    <NORD>14347</NORD>
    <SARD>850</SARD>
    <SICI>1605</SICI>
    <SUD>2022</SUD>
  </marketintervaldetail>
  <marketintervaldetail>
    <Data>20140905</Data>
    <Mercato>MGP</Mercato>
    <Ora>06</Ora>
    <Totale>26624</Totale>
    <CNOR>2810</CNOR>
    <CSUD>4051</CSUD>
    <NORD>15121</NORD>
    <SARD>875</SARD>
    <SICI>1653</SICI>
    <SUD>2114</SUD>
  </marketintervaldetail>
  <marketintervaldetail>
    <Data>20140905</Data>
    <Mercato>MGP</Mercato>
    <Ora>07</Ora>
    <Totale>29123</Totale>
    <CNOR>3120</CNOR>
    <CSUD>4438</CSUD>
    <NORD>16784</NORD>
    <SARD>898</SARD>
    <SICI>1748</SICI>
    <SUD>2135</SUD>
  </marketintervaldetail>
  <marketintervaldetail>
    <Data>20140905</Data>
    <Mercato>MGP</Mercato>
    <Ora>08</Ora>
    <Totale>33210</Totale>
    <CNOR>3580</CNOR>
    <CSUD>4984</CSUD>
    <NORD>19263</NORD>
    <SARD>964</SARD>
    <SICI>1949</SICI>
    <SUD>2470</SUD>
  </marketintervaldetail>
  <marketintervaldetail>
    <Data>20140905</Data>
    <Mercato>MGP</Mercato>
    <Ora>09</Ora>
    <Totale>38688</Totale>
    <CNOR>4250</CNOR>
    <CSUD>5779</CSUD>
    <NORD>22368</NORD>
    <SARD>1111</SARD>
    <SICI>2222</SICI>
    <SUD>2958</SUD>
  </marketintervaldetail>
  <marketintervaldetail>
    <Data>20140905</Data>
    <Mercato>MGP</Mercato>
    <Ora>10</Ora>
    <Totale>41082</Totale>
    <CNOR>4513</CNOR>
    <CSUD>6327</CSUD>
    <NORD>23544</NORD>
    <SARD>1158</SARD>
    <SICI>2359</SICI>
    <SUD>3181</SUD>
  </marketintervaldetail>
  <marketintervaldetail>
    <Data>20140905</Data>
    <Mercato>MGP</Mercato>
    <Ora>11</Ora>
    <Totale>42076</Totale>
    <CNOR>4692</CNOR>
    <CSUD>6712</CSUD>
    <NORD>23882</NORD>
    <SARD>1185</SARD>
    <SICI>2481</SICI>
    <SUD>3124</SUD>
  </marketintervaldetail>
  <marketintervaldetail>
    <Data>20140905</Data>
    <Mercato>MGP</Mercato>
    <Ora>12</Ora>
    <Totale>42005</Totale>
    <CNOR>4682</CNOR>
    <CSUD>6696</CSUD>
    <NORD>23874</NORD>
    <SARD>1202</SARD>
    <SICI>2457</SICI>
    <SUD>3094</SUD>
  </marketintervaldetail>
  <marketintervaldetail>
    <Data>20140905</Data>
    <Mercato>MGP</Mercato>
    <Ora>13</Ora>
    <Totale>40002</Totale>
    <CNOR>4333</CNOR>
    <CSUD>6776</CSUD>
    <NORD>22226</NORD>
    <SARD>1182</SARD>
    <SICI>2441</SICI>
    <SUD>3044</SUD>
  </marketintervaldetail>
  <marketintervaldetail>
    <Data>20140905</Data>
    <Mercato>MGP</Mercato>
    <Ora>14</Ora>
    <Totale>39141</Totale>
    <CNOR>4200</CNOR>
    <CSUD>6561</CSUD>
    <NORD>21964</NORD>
    <SARD>1158</SARD>
    <SICI>2316</SICI>
    <SUD>2942</SUD>
  </marketintervaldetail>
  <marketintervaldetail>
    <Data>20140905</Data>
    <Mercato>MGP</Mercato>
    <Ora>15</Ora>
    <Totale>40381</Totale>
    <CNOR>4365</CNOR>
    <CSUD>6816</CSUD>
    <NORD>23078</NORD>
    <SARD>1101</SARD>
    <SICI>2345</SICI>
    <SUD>2676</SUD>
  </marketintervaldetail>
  <marketintervaldetail>
    <Data>20140905</Data>
    <Mercato>MGP</Mercato>
    <Ora>16</Ora>
    <Totale>41106</Totale>
    <CNOR>4481</CNOR>
    <CSUD>6585</CSUD>
    <NORD>23657</NORD>
    <SARD>1117</SARD>
    <SICI>2444</SICI>
    <SUD>2822</SUD>
  </marketintervaldetail>
  <marketintervaldetail>
    <Data>20140905</Data>
    <Mercato>MGP</Mercato>
    <Ora>17</Ora>
    <Totale>40911</Totale>
    <CNOR>4455</CNOR>
    <CSUD>6359</CSUD>
    <NORD>23376</NORD>
    <SARD>1119</SARD>
    <SICI>2466</SICI>
    <SUD>3136</SUD>
  </marketintervaldetail>
  <marketintervaldetail>
    <Data>20140905</Data>
    <Mercato>MGP</Mercato>
    <Ora>18</Ora>
    <Totale>39743</Totale>
    <CNOR>4205</CNOR>
    <CSUD>6276</CSUD>
    <NORD>22381</NORD>
    <SARD>1107</SARD>
    <SICI>2465</SICI>
    <SUD>3309</SUD>
  </marketintervaldetail>
  <marketintervaldetail>
    <Data>20140905</Data>
    <Mercato>MGP</Mercato>
    <Ora>19</Ora>
    <Totale>38443</Totale>
    <CNOR>3969</CNOR>
    <CSUD>6159</CSUD>
    <NORD>21611</NORD>
    <SARD>1126</SARD>
    <SICI>2391</SICI>
    <SUD>3187</SUD>
  </marketintervaldetail>
  <marketintervaldetail>
    <Data>20140905</Data>
    <Mercato>MGP</Mercato>
    <Ora>20</Ora>
    <Totale>38802</Totale>
    <CNOR>4200</CNOR>
    <CSUD>6395</CSUD>
    <NORD>21164</NORD>
    <SARD>1177</SARD>
    <SICI>2460</SICI>
    <SUD>3406</SUD>
  </marketintervaldetail>
  <marketintervaldetail>
    <Data>20140905</Data>
    <Mercato>MGP</Mercato>
    <Ora>21</Ora>
    <Totale>38928</Totale>
    <CNOR>4197</CNOR>
    <CSUD>6598</CSUD>
    <NORD>21008</NORD>
    <SARD>1222</SARD>
    <SICI>2522</SICI>
    <SUD>3381</SUD>
  </marketintervaldetail>
  <marketintervaldetail>
    <Data>20140905</Data>
    <Mercato>MGP</Mercato>
    <Ora>22</Ora>
    <Totale>36070</Totale>
    <CNOR>3887</CNOR>
    <CSUD>6000</CSUD>
    <NORD>19729</NORD>
    <SARD>1131</SARD>
    <SICI>2293</SICI>
    <SUD>3030</SUD>
  </marketintervaldetail>
  <marketintervaldetail>
    <Data>20140905</Data>
    <Mercato>MGP</Mercato>
    <Ora>23</Ora>
    <Totale>32983</Totale>
    <CNOR>3546</CNOR>
    <CSUD>5426</CSUD>
    <NORD>18028</NORD>
    <SARD>1053</SARD>
    <SICI>2127</SICI>
    <SUD>2803</SUD>
  </marketintervaldetail>
  <marketintervaldetail>
    <Data>20140905</Data>
    <Mercato>MGP</Mercato>
    <Ora>24</Ora>
    <Totale>30401</Totale>
    <CNOR>3204</CNOR>
    <CSUD>4926</CSUD>
    <NORD>16825</NORD>
    <SARD>973</SARD>
    <SICI>1906</SICI>
    <SUD>2567</SUD>
  </marketintervaldetail>
</NewDataSet>