<?xml version="1.0" standalone="yes"?>
<NewDataSet>
  <xs:schema id="NewDataSet" xmlns="" xmlns:xs="http://www.w3.org/2001/XMLSchema" xmlns:msdata="urn:schemas-microsoft-com:xml-msdata">
    <xs:element name="NewDataSet" msdata:IsDataSet="true" msdata:MainDataTable="marketintervaldetail" msdata:UseCurrentLocale="true">
      <xs:complexType>
        <xs:choice minOccurs="0" maxOccurs="unbounded">
          <xs:element name="marketintervaldetail">
            <xs:complexType>
              <xs:sequence>
                <xs:element name="Data" type="xs:string" minOccurs="0" />
                <xs:element name="Mercato" type="xs:string" minOccurs="0" />
                <xs:element name="Ora" type="xs:string" minOccurs="0" />
                <xs:element name="Totale" type="xs:string" minOccurs="0" />
                <xs:element name="CNOR" type="xs:string" minOccurs="0" />
                <xs:element name="CSUD" type="xs:string" minOccurs="0" />
                <xs:element name="NORD" type="xs:string" minOccurs="0" />
                <xs:element name="SARD" type="xs:string" minOccurs="0" />
                <xs:element name="SICI" type="xs:string" minOccurs="0" />
                <xs:element name="SUD" type="xs:string" minOccurs="0" />
              </xs:sequence>
            </xs:complexType>
          </xs:element>
        </xs:choice>
      </xs:complexType>
    </xs:element>
  </xs:schema>
  <marketintervaldetail>
    <Data>20140908</Data>
    <Mercato>MGP</Mercato>
    <Ora>01</Ora>
    <Totale>24903</Totale>
    <CNOR>2588</CNOR>
    <CSUD>4095</CSUD>
    <NORD>13358</NORD>
    <SARD>859</SARD>
    <SICI>1719</SICI>
    <SUD>2284</SUD>
  </marketintervaldetail>
  <marketintervaldetail>
    <Data>20140908</Data>
    <Mercato>MGP</Mercato>
    <Ora>02</Ora>
    <Totale>23656</Totale>
    <CNOR>2499</CNOR>
    <CSUD>3801</CSUD>
    <NORD>12811</NORD>
    <SARD>810</SARD>
    <SICI>1596</SICI>
    <SUD>2139</SUD>
  </marketintervaldetail>
  <marketintervaldetail>
    <Data>20140908</Data>
    <Mercato>MGP</Mercato>
    <Ora>03</Ora>
    <Totale>23027</Totale>
    <CNOR>2384</CNOR>
    <CSUD>3669</CSUD>
    <NORD>12613</NORD>
    <SARD>785</SARD>
    <SICI>1535</SICI>
    <SUD>2041</SUD>
  </marketintervaldetail>
  <marketintervaldetail>
    <Data>20140908</Data>
    <Mercato>MGP</Mercato>
    <Ora>04</Ora>
    <Totale>22756</Totale>
    <CNOR>2330</CNOR>
    <CSUD>3602</CSUD>
    <NORD>12531</NORD>
    <SARD>780</SARD>
    <SICI>1502</SICI>
    <SUD>2011</SUD>
  </marketintervaldetail>
  <marketintervaldetail>
    <Data>20140908</Data>
    <Mercato>MGP</Mercato>
    <Ora>05</Ora>
    <Totale>23080</Totale>
    <CNOR>2411</CNOR>
    <CSUD>3598</CSUD>
    <NORD>12760</NORD>
    <SARD>774</SARD>
    <SICI>1515</SICI>
    <SUD>2022</SUD>
  </marketintervaldetail>
  <marketintervaldetail>
    <Data>20140908</Data>
    <Mercato>MGP</Mercato>
    <Ora>06</Ora>
    <Totale>24724</Totale>
    <CNOR>2543</CNOR>
    <CSUD>3837</CSUD>
    <NORD>13897</NORD>
    <SARD>790</SARD>
    <SICI>1563</SICI>
    <SUD>2094</SUD>
  </marketintervaldetail>
  <marketintervaldetail>
    <Data>20140908</Data>
    <Mercato>MGP</Mercato>
    <Ora>07</Ora>
    <Totale>28864</Totale>
    <CNOR>2980</CNOR>
    <CSUD>4334</CSUD>
    <NORD>16824</NORD>
    <SARD>879</SARD>
    <SICI>1653</SICI>
    <SUD>2194</SUD>
  </marketintervaldetail>
  <marketintervaldetail>
    <Data>20140908</Data>
    <Mercato>MGP</Mercato>
    <Ora>08</Ora>
    <Totale>32998</Totale>
    <CNOR>3413</CNOR>
    <CSUD>4848</CSUD>
    <NORD>19529</NORD>
    <SARD>955</SARD>
    <SICI>1857</SICI>
    <SUD>2396</SUD>
  </marketintervaldetail>
  <marketintervaldetail>
    <Data>20140908</Data>
    <Mercato>MGP</Mercato>
    <Ora>09</Ora>
    <Totale>38521</Totale>
    <CNOR>4073</CNOR>
    <CSUD>5657</CSUD>
    <NORD>22704</NORD>
    <SARD>1068</SARD>
    <SICI>2242</SICI>
    <SUD>2777</SUD>
  </marketintervaldetail>
  <marketintervaldetail>
    <Data>20140908</Data>
    <Mercato>MGP</Mercato>
    <Ora>10</Ora>
    <Totale>40803</Totale>
    <CNOR>4301</CNOR>
    <CSUD>6184</CSUD>
    <NORD>23817</NORD>
    <SARD>1122</SARD>
    <SICI>2426</SICI>
    <SUD>2953</SUD>
  </marketintervaldetail>
  <marketintervaldetail>
    <Data>20140908</Data>
    <Mercato>MGP</Mercato>
    <Ora>11</Ora>
    <Totale>41677</Totale>
    <CNOR>4423</CNOR>
    <CSUD>6485</CSUD>
    <NORD>24131</NORD>
    <SARD>1159</SARD>
    <SICI>2415</SICI>
    <SUD>3064</SUD>
  </marketintervaldetail>
  <marketintervaldetail>
    <Data>20140908</Data>
    <Mercato>MGP</Mercato>
    <Ora>12</Ora>
    <Totale>42053</Totale>
    <CNOR>4408</CNOR>
    <CSUD>6420</CSUD>
    <NORD>24493</NORD>
    <SARD>1167</SARD>
    <SICI>2415</SICI>
    <SUD>3150</SUD>
  </marketintervaldetail>
  <marketintervaldetail>
    <Data>20140908</Data>
    <Mercato>MGP</Mercato>
    <Ora>13</Ora>
    <Totale>39712</Totale>
    <CNOR>4280</CNOR>
    <CSUD>6583</CSUD>
    <NORD>22288</NORD>
    <SARD>1184</SARD>
    <SICI>2452</SICI>
    <SUD>2925</SUD>
  </marketintervaldetail>
  <marketintervaldetail>
    <Data>20140908</Data>
    <Mercato>MGP</Mercato>
    <Ora>14</Ora>
    <Totale>39958</Totale>
    <CNOR>4146</CNOR>
    <CSUD>6625</CSUD>
    <NORD>22722</NORD>
    <SARD>1157</SARD>
    <SICI>2375</SICI>
    <SUD>2933</SUD>
  </marketintervaldetail>
  <marketintervaldetail>
    <Data>20140908</Data>
    <Mercato>MGP</Mercato>
    <Ora>15</Ora>
    <Totale>41620</Totale>
    <CNOR>4346</CNOR>
    <CSUD>6603</CSUD>
    <NORD>24106</NORD>
    <SARD>1110</SARD>
    <SICI>2306</SICI>
    <SUD>3149</SUD>
  </marketintervaldetail>
  <marketintervaldetail>
    <Data>20140908</Data>
    <Mercato>MGP</Mercato>
    <Ora>16</Ora>
    <Totale>42286</Totale>
    <CNOR>4452</CNOR>
    <CSUD>6650</CSUD>
    <NORD>24691</NORD>
    <SARD>1100</SARD>
    <SICI>2338</SICI>
    <SUD>3055</SUD>
  </marketintervaldetail>
  <marketintervaldetail>
    <Data>20140908</Data>
    <Mercato>MGP</Mercato>
    <Ora>17</Ora>
    <Totale>41873</Totale>
    <CNOR>4634</CNOR>
    <CSUD>6516</CSUD>
    <NORD>24073</NORD>
    <SARD>1155</SARD>
    <SICI>2459</SICI>
    <SUD>3036</SUD>
  </marketintervaldetail>
  <marketintervaldetail>
    <Data>20140908</Data>
    <Mercato>MGP</Mercato>
    <Ora>18</Ora>
    <Totale>39985</Totale>
    <CNOR>4434</CNOR>
    <CSUD>6315</CSUD>
    <NORD>22506</NORD>
    <SARD>1152</SARD>
    <SICI>2465</SICI>
    <SUD>3113</SUD>
  </marketintervaldetail>
  <marketintervaldetail>
    <Data>20140908</Data>
    <Mercato>MGP</Mercato>
    <Ora>19</Ora>
    <Totale>38405</Totale>
    <CNOR>4250</CNOR>
    <CSUD>6110</CSUD>
    <NORD>21497</NORD>
    <SARD>1128</SARD>
    <SICI>2398</SICI>
    <SUD>3022</SUD>
  </marketintervaldetail>
  <marketintervaldetail>
    <Data>20140908</Data>
    <Mercato>MGP</Mercato>
    <Ora>20</Ora>
    <Totale>40263</Totale>
    <CNOR>4522</CNOR>
    <CSUD>6412</CSUD>
    <NORD>22321</NORD>
    <SARD>1145</SARD>
    <SICI>2497</SICI>
    <SUD>3366</SUD>
  </marketintervaldetail>
  <marketintervaldetail>
    <Data>20140908</Data>
    <Mercato>MGP</Mercato>
    <Ora>21</Ora>
    <Totale>40652</Totale>
    <CNOR>4550</CNOR>
    <CSUD>6508</CSUD>
    <NORD>22304</NORD>
    <SARD>1222</SARD>
    <SICI>2585</SICI>
    <SUD>3483</SUD>
  </marketintervaldetail>
  <marketintervaldetail>
    <Data>20140908</Data>
    <Mercato>MGP</Mercato>
    <Ora>22</Ora>
    <Totale>37599</Totale>
    <CNOR>4179</CNOR>
    <CSUD>6013</CSUD>
    <NORD>20728</NORD>
    <SARD>1137</SARD>
    <SICI>2355</SICI>
    <SUD>3187</SUD>
  </marketintervaldetail>
  <marketintervaldetail>
    <Data>20140908</Data>
    <Mercato>MGP</Mercato>
    <Ora>23</Ora>
    <Totale>34149</Totale>
    <CNOR>3705</CNOR>
    <CSUD>5496</CSUD>
    <NORD>18810</NORD>
    <SARD>1059</SARD>
    <SICI>2166</SICI>
    <SUD>2913</SUD>
  </marketintervaldetail>
  <marketintervaldetail>
    <Data>20140908</Data>
    <Mercato>MGP</Mercato>
    <Ora>24</Ora>
    <Totale>31651</Totale>
    <CNOR>3467</CNOR>
    <CSUD>4997</CSUD>
    <NORD>17552</NORD>
    <SARD>985</SARD>
    <SICI>2003</SICI>
    <SUD>2647</SUD>
  </marketintervaldetail>
</NewDataSet>