<?xml version="1.0" standalone="yes"?>
<NewDataSet>
  <xs:schema id="NewDataSet" xmlns="" xmlns:xs="http://www.w3.org/2001/XMLSchema" xmlns:msdata="urn:schemas-microsoft-com:xml-msdata">
    <xs:element name="NewDataSet" msdata:IsDataSet="true" msdata:MainDataTable="marketintervaldetail" msdata:UseCurrentLocale="true">
      <xs:complexType>
        <xs:choice minOccurs="0" maxOccurs="unbounded">
          <xs:element name="marketintervaldetail">
            <xs:complexType>
              <xs:sequence>
                <xs:element name="Data" type="xs:string" minOccurs="0" />
                <xs:element name="Mercato" type="xs:string" minOccurs="0" />
                <xs:element name="Ora" type="xs:string" minOccurs="0" />
                <xs:element name="Totale" type="xs:string" minOccurs="0" />
                <xs:element name="CNOR" type="xs:string" minOccurs="0" />
                <xs:element name="CSUD" type="xs:string" minOccurs="0" />
                <xs:element name="NORD" type="xs:string" minOccurs="0" />
                <xs:element name="SARD" type="xs:string" minOccurs="0" />
                <xs:element name="SICI" type="xs:string" minOccurs="0" />
                <xs:element name="SUD" type="xs:string" minOccurs="0" />
              </xs:sequence>
            </xs:complexType>
          </xs:element>
        </xs:choice>
      </xs:complexType>
    </xs:element>
  </xs:schema>
  <marketintervaldetail>
    <Data>20140917</Data>
    <Mercato>MGP</Mercato>
    <Ora>01</Ora>
    <Totale>28412</Totale>
    <CNOR>3092</CNOR>
    <CSUD>4326</CSUD>
    <NORD>16078</NORD>
    <SARD>863</SARD>
    <SICI>1811</SICI>
    <SUD>2242</SUD>
  </marketintervaldetail>
  <marketintervaldetail>
    <Data>20140917</Data>
    <Mercato>MGP</Mercato>
    <Ora>02</Ora>
    <Totale>27117</Totale>
    <CNOR>2999</CNOR>
    <CSUD>4006</CSUD>
    <NORD>15472</NORD>
    <SARD>824</SARD>
    <SICI>1692</SICI>
    <SUD>2124</SUD>
  </marketintervaldetail>
  <marketintervaldetail>
    <Data>20140917</Data>
    <Mercato>MGP</Mercato>
    <Ora>03</Ora>
    <Totale>26155</Totale>
    <CNOR>2870</CNOR>
    <CSUD>3818</CSUD>
    <NORD>14976</NORD>
    <SARD>802</SARD>
    <SICI>1627</SICI>
    <SUD>2062</SUD>
  </marketintervaldetail>
  <marketintervaldetail>
    <Data>20140917</Data>
    <Mercato>MGP</Mercato>
    <Ora>04</Ora>
    <Totale>25782</Totale>
    <CNOR>2902</CNOR>
    <CSUD>3765</CSUD>
    <NORD>14737</NORD>
    <SARD>794</SARD>
    <SICI>1598</SICI>
    <SUD>1986</SUD>
  </marketintervaldetail>
  <marketintervaldetail>
    <Data>20140917</Data>
    <Mercato>MGP</Mercato>
    <Ora>05</Ora>
    <Totale>25864</Totale>
    <CNOR>2854</CNOR>
    <CSUD>3757</CSUD>
    <NORD>14842</NORD>
    <SARD>788</SARD>
    <SICI>1591</SICI>
    <SUD>2032</SUD>
  </marketintervaldetail>
  <marketintervaldetail>
    <Data>20140917</Data>
    <Mercato>MGP</Mercato>
    <Ora>06</Ora>
    <Totale>27044</Totale>
    <CNOR>2957</CNOR>
    <CSUD>3921</CSUD>
    <NORD>15597</NORD>
    <SARD>807</SARD>
    <SICI>1652</SICI>
    <SUD>2110</SUD>
  </marketintervaldetail>
  <marketintervaldetail>
    <Data>20140917</Data>
    <Mercato>MGP</Mercato>
    <Ora>07</Ora>
    <Totale>30775</Totale>
    <CNOR>3240</CNOR>
    <CSUD>4398</CSUD>
    <NORD>18212</NORD>
    <SARD>883</SARD>
    <SICI>1792</SICI>
    <SUD>2250</SUD>
  </marketintervaldetail>
  <marketintervaldetail>
    <Data>20140917</Data>
    <Mercato>MGP</Mercato>
    <Ora>08</Ora>
    <Totale>35120</Totale>
    <CNOR>3727</CNOR>
    <CSUD>4984</CSUD>
    <NORD>20899</NORD>
    <SARD>976</SARD>
    <SICI>2008</SICI>
    <SUD>2526</SUD>
  </marketintervaldetail>
  <marketintervaldetail>
    <Data>20140917</Data>
    <Mercato>MGP</Mercato>
    <Ora>09</Ora>
    <Totale>39997</Totale>
    <CNOR>4392</CNOR>
    <CSUD>5711</CSUD>
    <NORD>23571</NORD>
    <SARD>1076</SARD>
    <SICI>2313</SICI>
    <SUD>2934</SUD>
  </marketintervaldetail>
  <marketintervaldetail>
    <Data>20140917</Data>
    <Mercato>MGP</Mercato>
    <Ora>10</Ora>
    <Totale>41895</Totale>
    <CNOR>4541</CNOR>
    <CSUD>6227</CSUD>
    <NORD>24275</NORD>
    <SARD>1140</SARD>
    <SICI>2476</SICI>
    <SUD>3236</SUD>
  </marketintervaldetail>
  <marketintervaldetail>
    <Data>20140917</Data>
    <Mercato>MGP</Mercato>
    <Ora>11</Ora>
    <Totale>42379</Totale>
    <CNOR>4626</CNOR>
    <CSUD>6380</CSUD>
    <NORD>24533</NORD>
    <SARD>1183</SARD>
    <SICI>2489</SICI>
    <SUD>3168</SUD>
  </marketintervaldetail>
  <marketintervaldetail>
    <Data>20140917</Data>
    <Mercato>MGP</Mercato>
    <Ora>12</Ora>
    <Totale>42411</Totale>
    <CNOR>4568</CNOR>
    <CSUD>6410</CSUD>
    <NORD>24641</NORD>
    <SARD>1240</SARD>
    <SICI>2482</SICI>
    <SUD>3070</SUD>
  </marketintervaldetail>
  <marketintervaldetail>
    <Data>20140917</Data>
    <Mercato>MGP</Mercato>
    <Ora>13</Ora>
    <Totale>40914</Totale>
    <CNOR>4476</CNOR>
    <CSUD>6469</CSUD>
    <NORD>23055</NORD>
    <SARD>1237</SARD>
    <SICI>2499</SICI>
    <SUD>3178</SUD>
  </marketintervaldetail>
  <marketintervaldetail>
    <Data>20140917</Data>
    <Mercato>MGP</Mercato>
    <Ora>14</Ora>
    <Totale>40834</Totale>
    <CNOR>4336</CNOR>
    <CSUD>6547</CSUD>
    <NORD>23278</NORD>
    <SARD>1154</SARD>
    <SICI>2417</SICI>
    <SUD>3102</SUD>
  </marketintervaldetail>
  <marketintervaldetail>
    <Data>20140917</Data>
    <Mercato>MGP</Mercato>
    <Ora>15</Ora>
    <Totale>41959</Totale>
    <CNOR>4630</CNOR>
    <CSUD>6498</CSUD>
    <NORD>24149</NORD>
    <SARD>1107</SARD>
    <SICI>2463</SICI>
    <SUD>3112</SUD>
  </marketintervaldetail>
  <marketintervaldetail>
    <Data>20140917</Data>
    <Mercato>MGP</Mercato>
    <Ora>16</Ora>
    <Totale>42354</Totale>
    <CNOR>4772</CNOR>
    <CSUD>6806</CSUD>
    <NORD>24357</NORD>
    <SARD>1121</SARD>
    <SICI>2442</SICI>
    <SUD>2856</SUD>
  </marketintervaldetail>
  <marketintervaldetail>
    <Data>20140917</Data>
    <Mercato>MGP</Mercato>
    <Ora>17</Ora>
    <Totale>42203</Totale>
    <CNOR>4656</CNOR>
    <CSUD>6593</CSUD>
    <NORD>24232</NORD>
    <SARD>1105</SARD>
    <SICI>2506</SICI>
    <SUD>3111</SUD>
  </marketintervaldetail>
  <marketintervaldetail>
    <Data>20140917</Data>
    <Mercato>MGP</Mercato>
    <Ora>18</Ora>
    <Totale>40605</Totale>
    <CNOR>4489</CNOR>
    <CSUD>6288</CSUD>
    <NORD>23039</NORD>
    <SARD>1119</SARD>
    <SICI>2512</SICI>
    <SUD>3158</SUD>
  </marketintervaldetail>
  <marketintervaldetail>
    <Data>20140917</Data>
    <Mercato>MGP</Mercato>
    <Ora>19</Ora>
    <Totale>39471</Totale>
    <CNOR>4274</CNOR>
    <CSUD>6137</CSUD>
    <NORD>22275</NORD>
    <SARD>1081</SARD>
    <SICI>2511</SICI>
    <SUD>3193</SUD>
  </marketintervaldetail>
  <marketintervaldetail>
    <Data>20140917</Data>
    <Mercato>MGP</Mercato>
    <Ora>20</Ora>
    <Totale>41137</Totale>
    <CNOR>4509</CNOR>
    <CSUD>6647</CSUD>
    <NORD>22531</NORD>
    <SARD>1127</SARD>
    <SICI>2672</SICI>
    <SUD>3651</SUD>
  </marketintervaldetail>
  <marketintervaldetail>
    <Data>20140917</Data>
    <Mercato>MGP</Mercato>
    <Ora>21</Ora>
    <Totale>40727</Totale>
    <CNOR>4386</CNOR>
    <CSUD>6521</CSUD>
    <NORD>22398</NORD>
    <SARD>1200</SARD>
    <SICI>2610</SICI>
    <SUD>3612</SUD>
  </marketintervaldetail>
  <marketintervaldetail>
    <Data>20140917</Data>
    <Mercato>MGP</Mercato>
    <Ora>22</Ora>
    <Totale>37527</Totale>
    <CNOR>4042</CNOR>
    <CSUD>5931</CSUD>
    <NORD>20764</NORD>
    <SARD>1104</SARD>
    <SICI>2379</SICI>
    <SUD>3307</SUD>
  </marketintervaldetail>
  <marketintervaldetail>
    <Data>20140917</Data>
    <Mercato>MGP</Mercato>
    <Ora>23</Ora>
    <Totale>34041</Totale>
    <CNOR>3668</CNOR>
    <CSUD>5358</CSUD>
    <NORD>18824</NORD>
    <SARD>1018</SARD>
    <SICI>2194</SICI>
    <SUD>2979</SUD>
  </marketintervaldetail>
  <marketintervaldetail>
    <Data>20140917</Data>
    <Mercato>MGP</Mercato>
    <Ora>24</Ora>
    <Totale>31116</Totale>
    <CNOR>3319</CNOR>
    <CSUD>4823</CSUD>
    <NORD>17331</NORD>
    <SARD>948</SARD>
    <SICI>2016</SICI>
    <SUD>2679</SUD>
  </marketintervaldetail>
</NewDataSet>