<?xml version="1.0" standalone="yes"?>
<NewDataSet>
  <xs:schema id="NewDataSet" xmlns="" xmlns:xs="http://www.w3.org/2001/XMLSchema" xmlns:msdata="urn:schemas-microsoft-com:xml-msdata">
    <xs:element name="NewDataSet" msdata:IsDataSet="true" msdata:MainDataTable="marketintervaldetail" msdata:UseCurrentLocale="true">
      <xs:complexType>
        <xs:choice minOccurs="0" maxOccurs="unbounded">
          <xs:element name="marketintervaldetail">
            <xs:complexType>
              <xs:sequence>
                <xs:element name="Data" type="xs:string" minOccurs="0" />
                <xs:element name="Mercato" type="xs:string" minOccurs="0" />
                <xs:element name="Ora" type="xs:string" minOccurs="0" />
                <xs:element name="Totale" type="xs:string" minOccurs="0" />
                <xs:element name="CNOR" type="xs:string" minOccurs="0" />
                <xs:element name="CSUD" type="xs:string" minOccurs="0" />
                <xs:element name="NORD" type="xs:string" minOccurs="0" />
                <xs:element name="SARD" type="xs:string" minOccurs="0" />
                <xs:element name="SICI" type="xs:string" minOccurs="0" />
                <xs:element name="SUD" type="xs:string" minOccurs="0" />
              </xs:sequence>
            </xs:complexType>
          </xs:element>
        </xs:choice>
      </xs:complexType>
    </xs:element>
  </xs:schema>
  <marketintervaldetail>
    <Data>20140902</Data>
    <Mercato>MGP</Mercato>
    <Ora>01</Ora>
    <Totale>28603</Totale>
    <CNOR>3087</CNOR>
    <CSUD>4828</CSUD>
    <NORD>15027</NORD>
    <SARD>952</SARD>
    <SICI>2006</SICI>
    <SUD>2703</SUD>
  </marketintervaldetail>
  <marketintervaldetail>
    <Data>20140902</Data>
    <Mercato>MGP</Mercato>
    <Ora>02</Ora>
    <Totale>26997</Totale>
    <CNOR>2970</CNOR>
    <CSUD>4467</CSUD>
    <NORD>14209</NORD>
    <SARD>907</SARD>
    <SICI>1860</SICI>
    <SUD>2584</SUD>
  </marketintervaldetail>
  <marketintervaldetail>
    <Data>20140902</Data>
    <Mercato>MGP</Mercato>
    <Ora>03</Ora>
    <Totale>26110</Totale>
    <CNOR>2839</CNOR>
    <CSUD>4281</CSUD>
    <NORD>13920</NORD>
    <SARD>880</SARD>
    <SICI>1767</SICI>
    <SUD>2423</SUD>
  </marketintervaldetail>
  <marketintervaldetail>
    <Data>20140902</Data>
    <Mercato>MGP</Mercato>
    <Ora>04</Ora>
    <Totale>25744</Totale>
    <CNOR>2820</CNOR>
    <CSUD>4145</CSUD>
    <NORD>13768</NORD>
    <SARD>864</SARD>
    <SICI>1723</SICI>
    <SUD>2424</SUD>
  </marketintervaldetail>
  <marketintervaldetail>
    <Data>20140902</Data>
    <Mercato>MGP</Mercato>
    <Ora>05</Ora>
    <Totale>25747</Totale>
    <CNOR>2792</CNOR>
    <CSUD>4209</CSUD>
    <NORD>13819</NORD>
    <SARD>857</SARD>
    <SICI>1721</SICI>
    <SUD>2349</SUD>
  </marketintervaldetail>
  <marketintervaldetail>
    <Data>20140902</Data>
    <Mercato>MGP</Mercato>
    <Ora>06</Ora>
    <Totale>26962</Totale>
    <CNOR>2924</CNOR>
    <CSUD>4380</CSUD>
    <NORD>14661</NORD>
    <SARD>881</SARD>
    <SICI>1747</SICI>
    <SUD>2369</SUD>
  </marketintervaldetail>
  <marketintervaldetail>
    <Data>20140902</Data>
    <Mercato>MGP</Mercato>
    <Ora>07</Ora>
    <Totale>29935</Totale>
    <CNOR>3210</CNOR>
    <CSUD>4686</CSUD>
    <NORD>16832</NORD>
    <SARD>930</SARD>
    <SICI>1794</SICI>
    <SUD>2483</SUD>
  </marketintervaldetail>
  <marketintervaldetail>
    <Data>20140902</Data>
    <Mercato>MGP</Mercato>
    <Ora>08</Ora>
    <Totale>34097</Totale>
    <CNOR>3713</CNOR>
    <CSUD>5325</CSUD>
    <NORD>19283</NORD>
    <SARD>990</SARD>
    <SICI>2017</SICI>
    <SUD>2769</SUD>
  </marketintervaldetail>
  <marketintervaldetail>
    <Data>20140902</Data>
    <Mercato>MGP</Mercato>
    <Ora>09</Ora>
    <Totale>39520</Totale>
    <CNOR>4286</CNOR>
    <CSUD>6062</CSUD>
    <NORD>22499</NORD>
    <SARD>1091</SARD>
    <SICI>2405</SICI>
    <SUD>3177</SUD>
  </marketintervaldetail>
  <marketintervaldetail>
    <Data>20140902</Data>
    <Mercato>MGP</Mercato>
    <Ora>10</Ora>
    <Totale>42484</Totale>
    <CNOR>4551</CNOR>
    <CSUD>6759</CSUD>
    <NORD>23885</NORD>
    <SARD>1159</SARD>
    <SICI>2654</SICI>
    <SUD>3476</SUD>
  </marketintervaldetail>
  <marketintervaldetail>
    <Data>20140902</Data>
    <Mercato>MGP</Mercato>
    <Ora>11</Ora>
    <Totale>43628</Totale>
    <CNOR>4655</CNOR>
    <CSUD>7030</CSUD>
    <NORD>24426</NORD>
    <SARD>1170</SARD>
    <SICI>2724</SICI>
    <SUD>3623</SUD>
  </marketintervaldetail>
  <marketintervaldetail>
    <Data>20140902</Data>
    <Mercato>MGP</Mercato>
    <Ora>12</Ora>
    <Totale>43885</Totale>
    <CNOR>4668</CNOR>
    <CSUD>7412</CSUD>
    <NORD>24458</NORD>
    <SARD>1187</SARD>
    <SICI>2662</SICI>
    <SUD>3498</SUD>
  </marketintervaldetail>
  <marketintervaldetail>
    <Data>20140902</Data>
    <Mercato>MGP</Mercato>
    <Ora>13</Ora>
    <Totale>41868</Totale>
    <CNOR>4310</CNOR>
    <CSUD>7320</CSUD>
    <NORD>22460</NORD>
    <SARD>1171</SARD>
    <SICI>2950</SICI>
    <SUD>3657</SUD>
  </marketintervaldetail>
  <marketintervaldetail>
    <Data>20140902</Data>
    <Mercato>MGP</Mercato>
    <Ora>14</Ora>
    <Totale>41546</Totale>
    <CNOR>4114</CNOR>
    <CSUD>7159</CSUD>
    <NORD>22780</NORD>
    <SARD>1146</SARD>
    <SICI>2822</SICI>
    <SUD>3525</SUD>
  </marketintervaldetail>
  <marketintervaldetail>
    <Data>20140902</Data>
    <Mercato>MGP</Mercato>
    <Ora>15</Ora>
    <Totale>42745</Totale>
    <CNOR>4304</CNOR>
    <CSUD>7188</CSUD>
    <NORD>23961</NORD>
    <SARD>1158</SARD>
    <SICI>2699</SICI>
    <SUD>3435</SUD>
  </marketintervaldetail>
  <marketintervaldetail>
    <Data>20140902</Data>
    <Mercato>MGP</Mercato>
    <Ora>16</Ora>
    <Totale>42550</Totale>
    <CNOR>4366</CNOR>
    <CSUD>7185</CSUD>
    <NORD>23770</NORD>
    <SARD>1116</SARD>
    <SICI>2714</SICI>
    <SUD>3399</SUD>
  </marketintervaldetail>
  <marketintervaldetail>
    <Data>20140902</Data>
    <Mercato>MGP</Mercato>
    <Ora>17</Ora>
    <Totale>42662</Totale>
    <CNOR>4488</CNOR>
    <CSUD>7200</CSUD>
    <NORD>23549</NORD>
    <SARD>1135</SARD>
    <SICI>2863</SICI>
    <SUD>3427</SUD>
  </marketintervaldetail>
  <marketintervaldetail>
    <Data>20140902</Data>
    <Mercato>MGP</Mercato>
    <Ora>18</Ora>
    <Totale>41653</Totale>
    <CNOR>4448</CNOR>
    <CSUD>7060</CSUD>
    <NORD>22577</NORD>
    <SARD>1136</SARD>
    <SICI>2964</SICI>
    <SUD>3468</SUD>
  </marketintervaldetail>
  <marketintervaldetail>
    <Data>20140902</Data>
    <Mercato>MGP</Mercato>
    <Ora>19</Ora>
    <Totale>39666</Totale>
    <CNOR>4359</CNOR>
    <CSUD>6553</CSUD>
    <NORD>21294</NORD>
    <SARD>1152</SARD>
    <SICI>2830</SICI>
    <SUD>3478</SUD>
  </marketintervaldetail>
  <marketintervaldetail>
    <Data>20140902</Data>
    <Mercato>MGP</Mercato>
    <Ora>20</Ora>
    <Totale>39027</Totale>
    <CNOR>4214</CNOR>
    <CSUD>6386</CSUD>
    <NORD>20896</NORD>
    <SARD>1172</SARD>
    <SICI>2807</SICI>
    <SUD>3552</SUD>
  </marketintervaldetail>
  <marketintervaldetail>
    <Data>20140902</Data>
    <Mercato>MGP</Mercato>
    <Ora>21</Ora>
    <Totale>40205</Totale>
    <CNOR>4249</CNOR>
    <CSUD>6772</CSUD>
    <NORD>21295</NORD>
    <SARD>1252</SARD>
    <SICI>2917</SICI>
    <SUD>3720</SUD>
  </marketintervaldetail>
  <marketintervaldetail>
    <Data>20140902</Data>
    <Mercato>MGP</Mercato>
    <Ora>22</Ora>
    <Totale>37330</Totale>
    <CNOR>3891</CNOR>
    <CSUD>6256</CSUD>
    <NORD>20024</NORD>
    <SARD>1180</SARD>
    <SICI>2634</SICI>
    <SUD>3345</SUD>
  </marketintervaldetail>
  <marketintervaldetail>
    <Data>20140902</Data>
    <Mercato>MGP</Mercato>
    <Ora>23</Ora>
    <Totale>34111</Totale>
    <CNOR>3488</CNOR>
    <CSUD>5714</CSUD>
    <NORD>18288</NORD>
    <SARD>1095</SARD>
    <SICI>2434</SICI>
    <SUD>3092</SUD>
  </marketintervaldetail>
  <marketintervaldetail>
    <Data>20140902</Data>
    <Mercato>MGP</Mercato>
    <Ora>24</Ora>
    <Totale>31405</Totale>
    <CNOR>3214</CNOR>
    <CSUD>5179</CSUD>
    <NORD>16887</NORD>
    <SARD>1014</SARD>
    <SICI>2272</SICI>
    <SUD>2839</SUD>
  </marketintervaldetail>
</NewDataSet>