<?xml version="1.0" standalone="yes"?>
<NewDataSet>
  <xs:schema id="NewDataSet" xmlns="" xmlns:xs="http://www.w3.org/2001/XMLSchema" xmlns:msdata="urn:schemas-microsoft-com:xml-msdata">
    <xs:element name="NewDataSet" msdata:IsDataSet="true" msdata:MainDataTable="marketintervaldetail" msdata:UseCurrentLocale="true">
      <xs:complexType>
        <xs:choice minOccurs="0" maxOccurs="unbounded">
          <xs:element name="marketintervaldetail">
            <xs:complexType>
              <xs:sequence>
                <xs:element name="Data" type="xs:string" minOccurs="0" />
                <xs:element name="Mercato" type="xs:string" minOccurs="0" />
                <xs:element name="Ora" type="xs:string" minOccurs="0" />
                <xs:element name="Totale" type="xs:string" minOccurs="0" />
                <xs:element name="CNOR" type="xs:string" minOccurs="0" />
                <xs:element name="CSUD" type="xs:string" minOccurs="0" />
                <xs:element name="NORD" type="xs:string" minOccurs="0" />
                <xs:element name="SARD" type="xs:string" minOccurs="0" />
                <xs:element name="SICI" type="xs:string" minOccurs="0" />
                <xs:element name="SUD" type="xs:string" minOccurs="0" />
              </xs:sequence>
            </xs:complexType>
          </xs:element>
        </xs:choice>
      </xs:complexType>
    </xs:element>
  </xs:schema>
  <marketintervaldetail>
    <Data>20140915</Data>
    <Mercato>MGP</Mercato>
    <Ora>01</Ora>
    <Totale>24637</Totale>
    <CNOR>2622</CNOR>
    <CSUD>4152</CSUD>
    <NORD>12947</NORD>
    <SARD>900</SARD>
    <SICI>1840</SICI>
    <SUD>2176</SUD>
  </marketintervaldetail>
  <marketintervaldetail>
    <Data>20140915</Data>
    <Mercato>MGP</Mercato>
    <Ora>02</Ora>
    <Totale>23238</Totale>
    <CNOR>2434</CNOR>
    <CSUD>3834</CSUD>
    <NORD>12380</NORD>
    <SARD>857</SARD>
    <SICI>1707</SICI>
    <SUD>2026</SUD>
  </marketintervaldetail>
  <marketintervaldetail>
    <Data>20140915</Data>
    <Mercato>MGP</Mercato>
    <Ora>03</Ora>
    <Totale>22556</Totale>
    <CNOR>2332</CNOR>
    <CSUD>3696</CSUD>
    <NORD>12067</NORD>
    <SARD>832</SARD>
    <SICI>1638</SICI>
    <SUD>1991</SUD>
  </marketintervaldetail>
  <marketintervaldetail>
    <Data>20140915</Data>
    <Mercato>MGP</Mercato>
    <Ora>04</Ora>
    <Totale>22346</Totale>
    <CNOR>2369</CNOR>
    <CSUD>3569</CSUD>
    <NORD>12032</NORD>
    <SARD>825</SARD>
    <SICI>1587</SICI>
    <SUD>1964</SUD>
  </marketintervaldetail>
  <marketintervaldetail>
    <Data>20140915</Data>
    <Mercato>MGP</Mercato>
    <Ora>05</Ora>
    <Totale>22572</Totale>
    <CNOR>2370</CNOR>
    <CSUD>3565</CSUD>
    <NORD>12266</NORD>
    <SARD>817</SARD>
    <SICI>1591</SICI>
    <SUD>1963</SUD>
  </marketintervaldetail>
  <marketintervaldetail>
    <Data>20140915</Data>
    <Mercato>MGP</Mercato>
    <Ora>06</Ora>
    <Totale>24217</Totale>
    <CNOR>2545</CNOR>
    <CSUD>3795</CSUD>
    <NORD>13346</NORD>
    <SARD>825</SARD>
    <SICI>1642</SICI>
    <SUD>2064</SUD>
  </marketintervaldetail>
  <marketintervaldetail>
    <Data>20140915</Data>
    <Mercato>MGP</Mercato>
    <Ora>07</Ora>
    <Totale>28547</Totale>
    <CNOR>2977</CNOR>
    <CSUD>4326</CSUD>
    <NORD>16341</NORD>
    <SARD>905</SARD>
    <SICI>1778</SICI>
    <SUD>2220</SUD>
  </marketintervaldetail>
  <marketintervaldetail>
    <Data>20140915</Data>
    <Mercato>MGP</Mercato>
    <Ora>08</Ora>
    <Totale>32870</Totale>
    <CNOR>3518</CNOR>
    <CSUD>4870</CSUD>
    <NORD>19022</NORD>
    <SARD>983</SARD>
    <SICI>1944</SICI>
    <SUD>2533</SUD>
  </marketintervaldetail>
  <marketintervaldetail>
    <Data>20140915</Data>
    <Mercato>MGP</Mercato>
    <Ora>09</Ora>
    <Totale>38012</Totale>
    <CNOR>4044</CNOR>
    <CSUD>5678</CSUD>
    <NORD>21924</NORD>
    <SARD>1084</SARD>
    <SICI>2275</SICI>
    <SUD>3007</SUD>
  </marketintervaldetail>
  <marketintervaldetail>
    <Data>20140915</Data>
    <Mercato>MGP</Mercato>
    <Ora>10</Ora>
    <Totale>40039</Totale>
    <CNOR>4302</CNOR>
    <CSUD>6196</CSUD>
    <NORD>22868</NORD>
    <SARD>1179</SARD>
    <SICI>2418</SICI>
    <SUD>3076</SUD>
  </marketintervaldetail>
  <marketintervaldetail>
    <Data>20140915</Data>
    <Mercato>MGP</Mercato>
    <Ora>11</Ora>
    <Totale>41070</Totale>
    <CNOR>4382</CNOR>
    <CSUD>6599</CSUD>
    <NORD>23308</NORD>
    <SARD>1174</SARD>
    <SICI>2512</SICI>
    <SUD>3095</SUD>
  </marketintervaldetail>
  <marketintervaldetail>
    <Data>20140915</Data>
    <Mercato>MGP</Mercato>
    <Ora>12</Ora>
    <Totale>41579</Totale>
    <CNOR>4419</CNOR>
    <CSUD>6574</CSUD>
    <NORD>23620</NORD>
    <SARD>1167</SARD>
    <SICI>2590</SICI>
    <SUD>3209</SUD>
  </marketintervaldetail>
  <marketintervaldetail>
    <Data>20140915</Data>
    <Mercato>MGP</Mercato>
    <Ora>13</Ora>
    <Totale>39835</Totale>
    <CNOR>4049</CNOR>
    <CSUD>6428</CSUD>
    <NORD>22522</NORD>
    <SARD>1165</SARD>
    <SICI>2502</SICI>
    <SUD>3169</SUD>
  </marketintervaldetail>
  <marketintervaldetail>
    <Data>20140915</Data>
    <Mercato>MGP</Mercato>
    <Ora>14</Ora>
    <Totale>39801</Totale>
    <CNOR>3981</CNOR>
    <CSUD>6373</CSUD>
    <NORD>23002</NORD>
    <SARD>1101</SARD>
    <SICI>2383</SICI>
    <SUD>2961</SUD>
  </marketintervaldetail>
  <marketintervaldetail>
    <Data>20140915</Data>
    <Mercato>MGP</Mercato>
    <Ora>15</Ora>
    <Totale>41114</Totale>
    <CNOR>4190</CNOR>
    <CSUD>6365</CSUD>
    <NORD>24027</NORD>
    <SARD>1108</SARD>
    <SICI>2441</SICI>
    <SUD>2983</SUD>
  </marketintervaldetail>
  <marketintervaldetail>
    <Data>20140915</Data>
    <Mercato>MGP</Mercato>
    <Ora>16</Ora>
    <Totale>41318</Totale>
    <CNOR>4371</CNOR>
    <CSUD>6458</CSUD>
    <NORD>24083</NORD>
    <SARD>1107</SARD>
    <SICI>2545</SICI>
    <SUD>2754</SUD>
  </marketintervaldetail>
  <marketintervaldetail>
    <Data>20140915</Data>
    <Mercato>MGP</Mercato>
    <Ora>17</Ora>
    <Totale>40366</Totale>
    <CNOR>4410</CNOR>
    <CSUD>6429</CSUD>
    <NORD>22931</NORD>
    <SARD>1105</SARD>
    <SICI>2658</SICI>
    <SUD>2833</SUD>
  </marketintervaldetail>
  <marketintervaldetail>
    <Data>20140915</Data>
    <Mercato>MGP</Mercato>
    <Ora>18</Ora>
    <Totale>38852</Totale>
    <CNOR>4236</CNOR>
    <CSUD>6206</CSUD>
    <NORD>21877</NORD>
    <SARD>1097</SARD>
    <SICI>2604</SICI>
    <SUD>2832</SUD>
  </marketintervaldetail>
  <marketintervaldetail>
    <Data>20140915</Data>
    <Mercato>MGP</Mercato>
    <Ora>19</Ora>
    <Totale>37407</Totale>
    <CNOR>4059</CNOR>
    <CSUD>5939</CSUD>
    <NORD>20991</NORD>
    <SARD>1073</SARD>
    <SICI>2440</SICI>
    <SUD>2905</SUD>
  </marketintervaldetail>
  <marketintervaldetail>
    <Data>20140915</Data>
    <Mercato>MGP</Mercato>
    <Ora>20</Ora>
    <Totale>39274</Totale>
    <CNOR>4288</CNOR>
    <CSUD>6384</CSUD>
    <NORD>21454</NORD>
    <SARD>1132</SARD>
    <SICI>2610</SICI>
    <SUD>3406</SUD>
  </marketintervaldetail>
  <marketintervaldetail>
    <Data>20140915</Data>
    <Mercato>MGP</Mercato>
    <Ora>21</Ora>
    <Totale>39460</Totale>
    <CNOR>4210</CNOR>
    <CSUD>6403</CSUD>
    <NORD>21620</NORD>
    <SARD>1177</SARD>
    <SICI>2652</SICI>
    <SUD>3398</SUD>
  </marketintervaldetail>
  <marketintervaldetail>
    <Data>20140915</Data>
    <Mercato>MGP</Mercato>
    <Ora>22</Ora>
    <Totale>36491</Totale>
    <CNOR>3968</CNOR>
    <CSUD>5836</CSUD>
    <NORD>20047</NORD>
    <SARD>1093</SARD>
    <SICI>2447</SICI>
    <SUD>3100</SUD>
  </marketintervaldetail>
  <marketintervaldetail>
    <Data>20140915</Data>
    <Mercato>MGP</Mercato>
    <Ora>23</Ora>
    <Totale>33351</Totale>
    <CNOR>3612</CNOR>
    <CSUD>5254</CSUD>
    <NORD>18343</NORD>
    <SARD>1016</SARD>
    <SICI>2282</SICI>
    <SUD>2844</SUD>
  </marketintervaldetail>
  <marketintervaldetail>
    <Data>20140915</Data>
    <Mercato>MGP</Mercato>
    <Ora>24</Ora>
    <Totale>30621</Totale>
    <CNOR>3317</CNOR>
    <CSUD>4721</CSUD>
    <NORD>16888</NORD>
    <SARD>935</SARD>
    <SICI>2103</SICI>
    <SUD>2657</SUD>
  </marketintervaldetail>
</NewDataSet>