<?xml version="1.0" standalone="yes"?>
<NewDataSet>
  <xs:schema id="NewDataSet" xmlns="" xmlns:xs="http://www.w3.org/2001/XMLSchema" xmlns:msdata="urn:schemas-microsoft-com:xml-msdata">
    <xs:element name="NewDataSet" msdata:IsDataSet="true" msdata:MainDataTable="marketintervaldetail" msdata:UseCurrentLocale="true">
      <xs:complexType>
        <xs:choice minOccurs="0" maxOccurs="unbounded">
          <xs:element name="marketintervaldetail">
            <xs:complexType>
              <xs:sequence>
                <xs:element name="Data" type="xs:string" minOccurs="0" />
                <xs:element name="Mercato" type="xs:string" minOccurs="0" />
                <xs:element name="Ora" type="xs:string" minOccurs="0" />
                <xs:element name="Totale" type="xs:string" minOccurs="0" />
                <xs:element name="CNOR" type="xs:string" minOccurs="0" />
                <xs:element name="CSUD" type="xs:string" minOccurs="0" />
                <xs:element name="NORD" type="xs:string" minOccurs="0" />
                <xs:element name="SARD" type="xs:string" minOccurs="0" />
                <xs:element name="SICI" type="xs:string" minOccurs="0" />
                <xs:element name="SUD" type="xs:string" minOccurs="0" />
              </xs:sequence>
            </xs:complexType>
          </xs:element>
        </xs:choice>
      </xs:complexType>
    </xs:element>
  </xs:schema>
  <marketintervaldetail>
    <Data>20140922</Data>
    <Mercato>MGP</Mercato>
    <Ora>01</Ora>
    <Totale>24053</Totale>
    <CNOR>2575</CNOR>
    <CSUD>3952</CSUD>
    <NORD>12697</NORD>
    <SARD>905</SARD>
    <SICI>1724</SICI>
    <SUD>2200</SUD>
  </marketintervaldetail>
  <marketintervaldetail>
    <Data>20140922</Data>
    <Mercato>MGP</Mercato>
    <Ora>02</Ora>
    <Totale>22801</Totale>
    <CNOR>2444</CNOR>
    <CSUD>3678</CSUD>
    <NORD>12106</NORD>
    <SARD>867</SARD>
    <SICI>1626</SICI>
    <SUD>2080</SUD>
  </marketintervaldetail>
  <marketintervaldetail>
    <Data>20140922</Data>
    <Mercato>MGP</Mercato>
    <Ora>03</Ora>
    <Totale>22327</Totale>
    <CNOR>2360</CNOR>
    <CSUD>3539</CSUD>
    <NORD>11983</NORD>
    <SARD>848</SARD>
    <SICI>1574</SICI>
    <SUD>2023</SUD>
  </marketintervaldetail>
  <marketintervaldetail>
    <Data>20140922</Data>
    <Mercato>MGP</Mercato>
    <Ora>04</Ora>
    <Totale>22022</Totale>
    <CNOR>2270</CNOR>
    <CSUD>3477</CSUD>
    <NORD>11910</NORD>
    <SARD>830</SARD>
    <SICI>1538</SICI>
    <SUD>1997</SUD>
  </marketintervaldetail>
  <marketintervaldetail>
    <Data>20140922</Data>
    <Mercato>MGP</Mercato>
    <Ora>05</Ora>
    <Totale>22398</Totale>
    <CNOR>2323</CNOR>
    <CSUD>3471</CSUD>
    <NORD>12207</NORD>
    <SARD>832</SARD>
    <SICI>1555</SICI>
    <SUD>2010</SUD>
  </marketintervaldetail>
  <marketintervaldetail>
    <Data>20140922</Data>
    <Mercato>MGP</Mercato>
    <Ora>06</Ora>
    <Totale>24139</Totale>
    <CNOR>2524</CNOR>
    <CSUD>3710</CSUD>
    <NORD>13304</NORD>
    <SARD>856</SARD>
    <SICI>1609</SICI>
    <SUD>2136</SUD>
  </marketintervaldetail>
  <marketintervaldetail>
    <Data>20140922</Data>
    <Mercato>MGP</Mercato>
    <Ora>07</Ora>
    <Totale>29019</Totale>
    <CNOR>3000</CNOR>
    <CSUD>4372</CSUD>
    <NORD>16536</NORD>
    <SARD>945</SARD>
    <SICI>1781</SICI>
    <SUD>2385</SUD>
  </marketintervaldetail>
  <marketintervaldetail>
    <Data>20140922</Data>
    <Mercato>MGP</Mercato>
    <Ora>08</Ora>
    <Totale>33939</Totale>
    <CNOR>3612</CNOR>
    <CSUD>5057</CSUD>
    <NORD>19549</NORD>
    <SARD>1046</SARD>
    <SICI>2019</SICI>
    <SUD>2656</SUD>
  </marketintervaldetail>
  <marketintervaldetail>
    <Data>20140922</Data>
    <Mercato>MGP</Mercato>
    <Ora>09</Ora>
    <Totale>38698</Totale>
    <CNOR>4081</CNOR>
    <CSUD>5793</CSUD>
    <NORD>22416</NORD>
    <SARD>1122</SARD>
    <SICI>2295</SICI>
    <SUD>2991</SUD>
  </marketintervaldetail>
  <marketintervaldetail>
    <Data>20140922</Data>
    <Mercato>MGP</Mercato>
    <Ora>10</Ora>
    <Totale>40648</Totale>
    <CNOR>4339</CNOR>
    <CSUD>6378</CSUD>
    <NORD>23176</NORD>
    <SARD>1166</SARD>
    <SICI>2461</SICI>
    <SUD>3128</SUD>
  </marketintervaldetail>
  <marketintervaldetail>
    <Data>20140922</Data>
    <Mercato>MGP</Mercato>
    <Ora>11</Ora>
    <Totale>40987</Totale>
    <CNOR>4514</CNOR>
    <CSUD>6437</CSUD>
    <NORD>23235</NORD>
    <SARD>1164</SARD>
    <SICI>2447</SICI>
    <SUD>3190</SUD>
  </marketintervaldetail>
  <marketintervaldetail>
    <Data>20140922</Data>
    <Mercato>MGP</Mercato>
    <Ora>12</Ora>
    <Totale>41308</Totale>
    <CNOR>4463</CNOR>
    <CSUD>6631</CSUD>
    <NORD>23398</NORD>
    <SARD>1230</SARD>
    <SICI>2487</SICI>
    <SUD>3099</SUD>
  </marketintervaldetail>
  <marketintervaldetail>
    <Data>20140922</Data>
    <Mercato>MGP</Mercato>
    <Ora>13</Ora>
    <Totale>39269</Totale>
    <CNOR>4117</CNOR>
    <CSUD>6764</CSUD>
    <NORD>21544</NORD>
    <SARD>1138</SARD>
    <SICI>2602</SICI>
    <SUD>3104</SUD>
  </marketintervaldetail>
  <marketintervaldetail>
    <Data>20140922</Data>
    <Mercato>MGP</Mercato>
    <Ora>14</Ora>
    <Totale>39163</Totale>
    <CNOR>3895</CNOR>
    <CSUD>6650</CSUD>
    <NORD>21812</NORD>
    <SARD>1116</SARD>
    <SICI>2689</SICI>
    <SUD>3001</SUD>
  </marketintervaldetail>
  <marketintervaldetail>
    <Data>20140922</Data>
    <Mercato>MGP</Mercato>
    <Ora>15</Ora>
    <Totale>40893</Totale>
    <CNOR>4239</CNOR>
    <CSUD>6669</CSUD>
    <NORD>23018</NORD>
    <SARD>1074</SARD>
    <SICI>2751</SICI>
    <SUD>3142</SUD>
  </marketintervaldetail>
  <marketintervaldetail>
    <Data>20140922</Data>
    <Mercato>MGP</Mercato>
    <Ora>16</Ora>
    <Totale>41578</Totale>
    <CNOR>4431</CNOR>
    <CSUD>6798</CSUD>
    <NORD>23507</NORD>
    <SARD>1055</SARD>
    <SICI>2700</SICI>
    <SUD>3087</SUD>
  </marketintervaldetail>
  <marketintervaldetail>
    <Data>20140922</Data>
    <Mercato>MGP</Mercato>
    <Ora>17</Ora>
    <Totale>41294</Totale>
    <CNOR>4365</CNOR>
    <CSUD>6735</CSUD>
    <NORD>23406</NORD>
    <SARD>1061</SARD>
    <SICI>2662</SICI>
    <SUD>3065</SUD>
  </marketintervaldetail>
  <marketintervaldetail>
    <Data>20140922</Data>
    <Mercato>MGP</Mercato>
    <Ora>18</Ora>
    <Totale>40443</Totale>
    <CNOR>4325</CNOR>
    <CSUD>6513</CSUD>
    <NORD>22579</NORD>
    <SARD>1078</SARD>
    <SICI>2655</SICI>
    <SUD>3293</SUD>
  </marketintervaldetail>
  <marketintervaldetail>
    <Data>20140922</Data>
    <Mercato>MGP</Mercato>
    <Ora>19</Ora>
    <Totale>39549</Totale>
    <CNOR>4286</CNOR>
    <CSUD>6421</CSUD>
    <NORD>21784</NORD>
    <SARD>1085</SARD>
    <SICI>2592</SICI>
    <SUD>3381</SUD>
  </marketintervaldetail>
  <marketintervaldetail>
    <Data>20140922</Data>
    <Mercato>MGP</Mercato>
    <Ora>20</Ora>
    <Totale>42024</Totale>
    <CNOR>4545</CNOR>
    <CSUD>6790</CSUD>
    <NORD>22890</NORD>
    <SARD>1197</SARD>
    <SICI>2880</SICI>
    <SUD>3722</SUD>
  </marketintervaldetail>
  <marketintervaldetail>
    <Data>20140922</Data>
    <Mercato>MGP</Mercato>
    <Ora>21</Ora>
    <Totale>40799</Totale>
    <CNOR>4232</CNOR>
    <CSUD>6624</CSUD>
    <NORD>22254</NORD>
    <SARD>1215</SARD>
    <SICI>2822</SICI>
    <SUD>3652</SUD>
  </marketintervaldetail>
  <marketintervaldetail>
    <Data>20140922</Data>
    <Mercato>MGP</Mercato>
    <Ora>22</Ora>
    <Totale>37590</Totale>
    <CNOR>3926</CNOR>
    <CSUD>6076</CSUD>
    <NORD>20489</NORD>
    <SARD>1126</SARD>
    <SICI>2595</SICI>
    <SUD>3378</SUD>
  </marketintervaldetail>
  <marketintervaldetail>
    <Data>20140922</Data>
    <Mercato>MGP</Mercato>
    <Ora>23</Ora>
    <Totale>33960</Totale>
    <CNOR>3538</CNOR>
    <CSUD>5488</CSUD>
    <NORD>18381</NORD>
    <SARD>1039</SARD>
    <SICI>2410</SICI>
    <SUD>3104</SUD>
  </marketintervaldetail>
  <marketintervaldetail>
    <Data>20140922</Data>
    <Mercato>MGP</Mercato>
    <Ora>24</Ora>
    <Totale>31229</Totale>
    <CNOR>3256</CNOR>
    <CSUD>4947</CSUD>
    <NORD>17068</NORD>
    <SARD>960</SARD>
    <SICI>2198</SICI>
    <SUD>2800</SUD>
  </marketintervaldetail>
</NewDataSet>