<?xml version="1.0" standalone="yes"?>
<NewDataSet>
  <xs:schema id="NewDataSet" xmlns="" xmlns:xs="http://www.w3.org/2001/XMLSchema" xmlns:msdata="urn:schemas-microsoft-com:xml-msdata">
    <xs:element name="NewDataSet" msdata:IsDataSet="true" msdata:MainDataTable="marketintervaldetail" msdata:UseCurrentLocale="true">
      <xs:complexType>
        <xs:choice minOccurs="0" maxOccurs="unbounded">
          <xs:element name="marketintervaldetail">
            <xs:complexType>
              <xs:sequence>
                <xs:element name="Data" type="xs:string" minOccurs="0" />
                <xs:element name="Mercato" type="xs:string" minOccurs="0" />
                <xs:element name="Ora" type="xs:string" minOccurs="0" />
                <xs:element name="Totale" type="xs:string" minOccurs="0" />
                <xs:element name="CNOR" type="xs:string" minOccurs="0" />
                <xs:element name="CSUD" type="xs:string" minOccurs="0" />
                <xs:element name="NORD" type="xs:string" minOccurs="0" />
                <xs:element name="SARD" type="xs:string" minOccurs="0" />
                <xs:element name="SICI" type="xs:string" minOccurs="0" />
                <xs:element name="SUD" type="xs:string" minOccurs="0" />
              </xs:sequence>
            </xs:complexType>
          </xs:element>
        </xs:choice>
      </xs:complexType>
    </xs:element>
  </xs:schema>
  <marketintervaldetail>
    <Data>20140901</Data>
    <Mercato>MGP</Mercato>
    <Ora>01</Ora>
    <Totale>25343</Totale>
    <CNOR>2791</CNOR>
    <CSUD>4453</CSUD>
    <NORD>12667</NORD>
    <SARD>935</SARD>
    <SICI>1883</SICI>
    <SUD>2614</SUD>
  </marketintervaldetail>
  <marketintervaldetail>
    <Data>20140901</Data>
    <Mercato>MGP</Mercato>
    <Ora>02</Ora>
    <Totale>23747</Totale>
    <CNOR>2632</CNOR>
    <CSUD>4094</CSUD>
    <NORD>11934</NORD>
    <SARD>888</SARD>
    <SICI>1751</SICI>
    <SUD>2448</SUD>
  </marketintervaldetail>
  <marketintervaldetail>
    <Data>20140901</Data>
    <Mercato>MGP</Mercato>
    <Ora>03</Ora>
    <Totale>22980</Totale>
    <CNOR>2491</CNOR>
    <CSUD>3900</CSUD>
    <NORD>11749</NORD>
    <SARD>857</SARD>
    <SICI>1663</SICI>
    <SUD>2320</SUD>
  </marketintervaldetail>
  <marketintervaldetail>
    <Data>20140901</Data>
    <Mercato>MGP</Mercato>
    <Ora>04</Ora>
    <Totale>22691</Totale>
    <CNOR>2442</CNOR>
    <CSUD>3815</CSUD>
    <NORD>11696</NORD>
    <SARD>845</SARD>
    <SICI>1621</SICI>
    <SUD>2272</SUD>
  </marketintervaldetail>
  <marketintervaldetail>
    <Data>20140901</Data>
    <Mercato>MGP</Mercato>
    <Ora>05</Ora>
    <Totale>22854</Totale>
    <CNOR>2464</CNOR>
    <CSUD>3820</CSUD>
    <NORD>11862</NORD>
    <SARD>841</SARD>
    <SICI>1611</SICI>
    <SUD>2256</SUD>
  </marketintervaldetail>
  <marketintervaldetail>
    <Data>20140901</Data>
    <Mercato>MGP</Mercato>
    <Ora>06</Ora>
    <Totale>24423</Totale>
    <CNOR>2628</CNOR>
    <CSUD>4036</CSUD>
    <NORD>12990</NORD>
    <SARD>858</SARD>
    <SICI>1646</SICI>
    <SUD>2265</SUD>
  </marketintervaldetail>
  <marketintervaldetail>
    <Data>20140901</Data>
    <Mercato>MGP</Mercato>
    <Ora>07</Ora>
    <Totale>28190</Totale>
    <CNOR>3040</CNOR>
    <CSUD>4425</CSUD>
    <NORD>15637</NORD>
    <SARD>926</SARD>
    <SICI>1698</SICI>
    <SUD>2464</SUD>
  </marketintervaldetail>
  <marketintervaldetail>
    <Data>20140901</Data>
    <Mercato>MGP</Mercato>
    <Ora>08</Ora>
    <Totale>32640</Totale>
    <CNOR>3546</CNOR>
    <CSUD>5118</CSUD>
    <NORD>18324</NORD>
    <SARD>974</SARD>
    <SICI>1947</SICI>
    <SUD>2731</SUD>
  </marketintervaldetail>
  <marketintervaldetail>
    <Data>20140901</Data>
    <Mercato>MGP</Mercato>
    <Ora>09</Ora>
    <Totale>38088</Totale>
    <CNOR>4139</CNOR>
    <CSUD>5948</CSUD>
    <NORD>21400</NORD>
    <SARD>1072</SARD>
    <SICI>2411</SICI>
    <SUD>3118</SUD>
  </marketintervaldetail>
  <marketintervaldetail>
    <Data>20140901</Data>
    <Mercato>MGP</Mercato>
    <Ora>10</Ora>
    <Totale>40974</Totale>
    <CNOR>4436</CNOR>
    <CSUD>6691</CSUD>
    <NORD>22623</NORD>
    <SARD>1154</SARD>
    <SICI>2649</SICI>
    <SUD>3421</SUD>
  </marketintervaldetail>
  <marketintervaldetail>
    <Data>20140901</Data>
    <Mercato>MGP</Mercato>
    <Ora>11</Ora>
    <Totale>42126</Totale>
    <CNOR>4538</CNOR>
    <CSUD>6978</CSUD>
    <NORD>23277</NORD>
    <SARD>1168</SARD>
    <SICI>2696</SICI>
    <SUD>3469</SUD>
  </marketintervaldetail>
  <marketintervaldetail>
    <Data>20140901</Data>
    <Mercato>MGP</Mercato>
    <Ora>12</Ora>
    <Totale>42680</Totale>
    <CNOR>4602</CNOR>
    <CSUD>7222</CSUD>
    <NORD>23596</NORD>
    <SARD>1197</SARD>
    <SICI>2667</SICI>
    <SUD>3396</SUD>
  </marketintervaldetail>
  <marketintervaldetail>
    <Data>20140901</Data>
    <Mercato>MGP</Mercato>
    <Ora>13</Ora>
    <Totale>39448</Totale>
    <CNOR>3973</CNOR>
    <CSUD>7045</CSUD>
    <NORD>20979</NORD>
    <SARD>1216</SARD>
    <SICI>2852</SICI>
    <SUD>3383</SUD>
  </marketintervaldetail>
  <marketintervaldetail>
    <Data>20140901</Data>
    <Mercato>MGP</Mercato>
    <Ora>14</Ora>
    <Totale>39515</Totale>
    <CNOR>3816</CNOR>
    <CSUD>6958</CSUD>
    <NORD>21292</NORD>
    <SARD>1209</SARD>
    <SICI>2814</SICI>
    <SUD>3426</SUD>
  </marketintervaldetail>
  <marketintervaldetail>
    <Data>20140901</Data>
    <Mercato>MGP</Mercato>
    <Ora>15</Ora>
    <Totale>40244</Totale>
    <CNOR>3921</CNOR>
    <CSUD>6957</CSUD>
    <NORD>22231</NORD>
    <SARD>1212</SARD>
    <SICI>2551</SICI>
    <SUD>3372</SUD>
  </marketintervaldetail>
  <marketintervaldetail>
    <Data>20140901</Data>
    <Mercato>MGP</Mercato>
    <Ora>16</Ora>
    <Totale>40383</Totale>
    <CNOR>4036</CNOR>
    <CSUD>6973</CSUD>
    <NORD>22284</NORD>
    <SARD>1147</SARD>
    <SICI>2656</SICI>
    <SUD>3287</SUD>
  </marketintervaldetail>
  <marketintervaldetail>
    <Data>20140901</Data>
    <Mercato>MGP</Mercato>
    <Ora>17</Ora>
    <Totale>40639</Totale>
    <CNOR>4184</CNOR>
    <CSUD>7104</CSUD>
    <NORD>22043</NORD>
    <SARD>1145</SARD>
    <SICI>2854</SICI>
    <SUD>3309</SUD>
  </marketintervaldetail>
  <marketintervaldetail>
    <Data>20140901</Data>
    <Mercato>MGP</Mercato>
    <Ora>18</Ora>
    <Totale>39584</Totale>
    <CNOR>4116</CNOR>
    <CSUD>6898</CSUD>
    <NORD>21119</NORD>
    <SARD>1133</SARD>
    <SICI>2932</SICI>
    <SUD>3386</SUD>
  </marketintervaldetail>
  <marketintervaldetail>
    <Data>20140901</Data>
    <Mercato>MGP</Mercato>
    <Ora>19</Ora>
    <Totale>37837</Totale>
    <CNOR>4049</CNOR>
    <CSUD>6472</CSUD>
    <NORD>19997</NORD>
    <SARD>1143</SARD>
    <SICI>2801</SICI>
    <SUD>3375</SUD>
  </marketintervaldetail>
  <marketintervaldetail>
    <Data>20140901</Data>
    <Mercato>MGP</Mercato>
    <Ora>20</Ora>
    <Totale>37936</Totale>
    <CNOR>4012</CNOR>
    <CSUD>6384</CSUD>
    <NORD>20032</NORD>
    <SARD>1150</SARD>
    <SICI>2852</SICI>
    <SUD>3506</SUD>
  </marketintervaldetail>
  <marketintervaldetail>
    <Data>20140901</Data>
    <Mercato>MGP</Mercato>
    <Ora>21</Ora>
    <Totale>39079</Totale>
    <CNOR>4082</CNOR>
    <CSUD>6683</CSUD>
    <NORD>20323</NORD>
    <SARD>1230</SARD>
    <SICI>2987</SICI>
    <SUD>3774</SUD>
  </marketintervaldetail>
  <marketintervaldetail>
    <Data>20140901</Data>
    <Mercato>MGP</Mercato>
    <Ora>22</Ora>
    <Totale>36413</Totale>
    <CNOR>3724</CNOR>
    <CSUD>6222</CSUD>
    <NORD>19207</NORD>
    <SARD>1160</SARD>
    <SICI>2686</SICI>
    <SUD>3414</SUD>
  </marketintervaldetail>
  <marketintervaldetail>
    <Data>20140901</Data>
    <Mercato>MGP</Mercato>
    <Ora>23</Ora>
    <Totale>33290</Totale>
    <CNOR>3362</CNOR>
    <CSUD>5684</CSUD>
    <NORD>17580</NORD>
    <SARD>1074</SARD>
    <SICI>2454</SICI>
    <SUD>3136</SUD>
  </marketintervaldetail>
  <marketintervaldetail>
    <Data>20140901</Data>
    <Mercato>MGP</Mercato>
    <Ora>24</Ora>
    <Totale>30461</Totale>
    <CNOR>3095</CNOR>
    <CSUD>5080</CSUD>
    <NORD>16100</NORD>
    <SARD>1000</SARD>
    <SICI>2317</SICI>
    <SUD>2869</SUD>
  </marketintervaldetail>
</NewDataSet>