<?xml version="1.0" standalone="yes"?>
<NewDataSet>
  <xs:schema id="NewDataSet" xmlns="" xmlns:xs="http://www.w3.org/2001/XMLSchema" xmlns:msdata="urn:schemas-microsoft-com:xml-msdata">
    <xs:element name="NewDataSet" msdata:IsDataSet="true" msdata:MainDataTable="marketintervaldetail" msdata:UseCurrentLocale="true">
      <xs:complexType>
        <xs:choice minOccurs="0" maxOccurs="unbounded">
          <xs:element name="marketintervaldetail">
            <xs:complexType>
              <xs:sequence>
                <xs:element name="Data" type="xs:string" minOccurs="0" />
                <xs:element name="Mercato" type="xs:string" minOccurs="0" />
                <xs:element name="Ora" type="xs:string" minOccurs="0" />
                <xs:element name="Totale" type="xs:string" minOccurs="0" />
                <xs:element name="CNOR" type="xs:string" minOccurs="0" />
                <xs:element name="CSUD" type="xs:string" minOccurs="0" />
                <xs:element name="NORD" type="xs:string" minOccurs="0" />
                <xs:element name="SARD" type="xs:string" minOccurs="0" />
                <xs:element name="SICI" type="xs:string" minOccurs="0" />
                <xs:element name="SUD" type="xs:string" minOccurs="0" />
              </xs:sequence>
            </xs:complexType>
          </xs:element>
        </xs:choice>
      </xs:complexType>
    </xs:element>
  </xs:schema>
  <marketintervaldetail>
    <Data>20140928</Data>
    <Mercato>MGP</Mercato>
    <Ora>01</Ora>
    <Totale>25322</Totale>
    <CNOR>2716</CNOR>
    <CSUD>4385</CSUD>
    <NORD>13143</NORD>
    <SARD>911</SARD>
    <SICI>1951</SICI>
    <SUD>2216</SUD>
  </marketintervaldetail>
  <marketintervaldetail>
    <Data>20140928</Data>
    <Mercato>MGP</Mercato>
    <Ora>02</Ora>
    <Totale>23632</Totale>
    <CNOR>2545</CNOR>
    <CSUD>4069</CSUD>
    <NORD>12267</NORD>
    <SARD>866</SARD>
    <SICI>1804</SICI>
    <SUD>2081</SUD>
  </marketintervaldetail>
  <marketintervaldetail>
    <Data>20140928</Data>
    <Mercato>MGP</Mercato>
    <Ora>03</Ora>
    <Totale>22574</Totale>
    <CNOR>2392</CNOR>
    <CSUD>3829</CSUD>
    <NORD>11832</NORD>
    <SARD>841</SARD>
    <SICI>1675</SICI>
    <SUD>2005</SUD>
  </marketintervaldetail>
  <marketintervaldetail>
    <Data>20140928</Data>
    <Mercato>MGP</Mercato>
    <Ora>04</Ora>
    <Totale>22158</Totale>
    <CNOR>2331</CNOR>
    <CSUD>3710</CSUD>
    <NORD>11603</NORD>
    <SARD>823</SARD>
    <SICI>1642</SICI>
    <SUD>2049</SUD>
  </marketintervaldetail>
  <marketintervaldetail>
    <Data>20140928</Data>
    <Mercato>MGP</Mercato>
    <Ora>05</Ora>
    <Totale>21847</Totale>
    <CNOR>2307</CNOR>
    <CSUD>3671</CSUD>
    <NORD>11408</NORD>
    <SARD>813</SARD>
    <SICI>1621</SICI>
    <SUD>2027</SUD>
  </marketintervaldetail>
  <marketintervaldetail>
    <Data>20140928</Data>
    <Mercato>MGP</Mercato>
    <Ora>06</Ora>
    <Totale>22075</Totale>
    <CNOR>2301</CNOR>
    <CSUD>3710</CSUD>
    <NORD>11551</NORD>
    <SARD>812</SARD>
    <SICI>1640</SICI>
    <SUD>2061</SUD>
  </marketintervaldetail>
  <marketintervaldetail>
    <Data>20140928</Data>
    <Mercato>MGP</Mercato>
    <Ora>07</Ora>
    <Totale>22251</Totale>
    <CNOR>2348</CNOR>
    <CSUD>3679</CSUD>
    <NORD>11720</NORD>
    <SARD>850</SARD>
    <SICI>1665</SICI>
    <SUD>1989</SUD>
  </marketintervaldetail>
  <marketintervaldetail>
    <Data>20140928</Data>
    <Mercato>MGP</Mercato>
    <Ora>08</Ora>
    <Totale>22318</Totale>
    <CNOR>2323</CNOR>
    <CSUD>3691</CSUD>
    <NORD>11753</NORD>
    <SARD>845</SARD>
    <SICI>1700</SICI>
    <SUD>2006</SUD>
  </marketintervaldetail>
  <marketintervaldetail>
    <Data>20140928</Data>
    <Mercato>MGP</Mercato>
    <Ora>09</Ora>
    <Totale>24537</Totale>
    <CNOR>2630</CNOR>
    <CSUD>4097</CSUD>
    <NORD>12714</NORD>
    <SARD>892</SARD>
    <SICI>1915</SICI>
    <SUD>2289</SUD>
  </marketintervaldetail>
  <marketintervaldetail>
    <Data>20140928</Data>
    <Mercato>MGP</Mercato>
    <Ora>10</Ora>
    <Totale>26557</Totale>
    <CNOR>2836</CNOR>
    <CSUD>4503</CSUD>
    <NORD>13657</NORD>
    <SARD>960</SARD>
    <SICI>2102</SICI>
    <SUD>2499</SUD>
  </marketintervaldetail>
  <marketintervaldetail>
    <Data>20140928</Data>
    <Mercato>MGP</Mercato>
    <Ora>11</Ora>
    <Totale>27372</Totale>
    <CNOR>2936</CNOR>
    <CSUD>4608</CSUD>
    <NORD>13958</NORD>
    <SARD>988</SARD>
    <SICI>2248</SICI>
    <SUD>2634</SUD>
  </marketintervaldetail>
  <marketintervaldetail>
    <Data>20140928</Data>
    <Mercato>MGP</Mercato>
    <Ora>12</Ora>
    <Totale>28034</Totale>
    <CNOR>2974</CNOR>
    <CSUD>4718</CSUD>
    <NORD>14295</NORD>
    <SARD>989</SARD>
    <SICI>2261</SICI>
    <SUD>2797</SUD>
  </marketintervaldetail>
  <marketintervaldetail>
    <Data>20140928</Data>
    <Mercato>MGP</Mercato>
    <Ora>13</Ora>
    <Totale>27928</Totale>
    <CNOR>2911</CNOR>
    <CSUD>4802</CSUD>
    <NORD>14272</NORD>
    <SARD>966</SARD>
    <SICI>2279</SICI>
    <SUD>2698</SUD>
  </marketintervaldetail>
  <marketintervaldetail>
    <Data>20140928</Data>
    <Mercato>MGP</Mercato>
    <Ora>14</Ora>
    <Totale>26681</Totale>
    <CNOR>2749</CNOR>
    <CSUD>4748</CSUD>
    <NORD>13648</NORD>
    <SARD>958</SARD>
    <SICI>2150</SICI>
    <SUD>2428</SUD>
  </marketintervaldetail>
  <marketintervaldetail>
    <Data>20140928</Data>
    <Mercato>MGP</Mercato>
    <Ora>15</Ora>
    <Totale>26137</Totale>
    <CNOR>2672</CNOR>
    <CSUD>4723</CSUD>
    <NORD>13158</NORD>
    <SARD>950</SARD>
    <SICI>2151</SICI>
    <SUD>2483</SUD>
  </marketintervaldetail>
  <marketintervaldetail>
    <Data>20140928</Data>
    <Mercato>MGP</Mercato>
    <Ora>16</Ora>
    <Totale>25744</Totale>
    <CNOR>2596</CNOR>
    <CSUD>4643</CSUD>
    <NORD>13040</NORD>
    <SARD>965</SARD>
    <SICI>2126</SICI>
    <SUD>2374</SUD>
  </marketintervaldetail>
  <marketintervaldetail>
    <Data>20140928</Data>
    <Mercato>MGP</Mercato>
    <Ora>17</Ora>
    <Totale>25572</Totale>
    <CNOR>2717</CNOR>
    <CSUD>4506</CSUD>
    <NORD>12900</NORD>
    <SARD>939</SARD>
    <SICI>2074</SICI>
    <SUD>2436</SUD>
  </marketintervaldetail>
  <marketintervaldetail>
    <Data>20140928</Data>
    <Mercato>MGP</Mercato>
    <Ora>18</Ora>
    <Totale>26244</Totale>
    <CNOR>2702</CNOR>
    <CSUD>4620</CSUD>
    <NORD>13446</NORD>
    <SARD>957</SARD>
    <SICI>2065</SICI>
    <SUD>2454</SUD>
  </marketintervaldetail>
  <marketintervaldetail>
    <Data>20140928</Data>
    <Mercato>MGP</Mercato>
    <Ora>19</Ora>
    <Totale>27932</Totale>
    <CNOR>2898</CNOR>
    <CSUD>4853</CSUD>
    <NORD>14438</NORD>
    <SARD>981</SARD>
    <SICI>2175</SICI>
    <SUD>2587</SUD>
  </marketintervaldetail>
  <marketintervaldetail>
    <Data>20140928</Data>
    <Mercato>MGP</Mercato>
    <Ora>20</Ora>
    <Totale>32021</Totale>
    <CNOR>3426</CNOR>
    <CSUD>5554</CSUD>
    <NORD>16564</NORD>
    <SARD>1092</SARD>
    <SICI>2495</SICI>
    <SUD>2890</SUD>
  </marketintervaldetail>
  <marketintervaldetail>
    <Data>20140928</Data>
    <Mercato>MGP</Mercato>
    <Ora>21</Ora>
    <Totale>32271</Totale>
    <CNOR>3467</CNOR>
    <CSUD>5620</CSUD>
    <NORD>16720</NORD>
    <SARD>1125</SARD>
    <SICI>2510</SICI>
    <SUD>2829</SUD>
  </marketintervaldetail>
  <marketintervaldetail>
    <Data>20140928</Data>
    <Mercato>MGP</Mercato>
    <Ora>22</Ora>
    <Totale>30563</Totale>
    <CNOR>3357</CNOR>
    <CSUD>5312</CSUD>
    <NORD>15736</NORD>
    <SARD>1072</SARD>
    <SICI>2394</SICI>
    <SUD>2692</SUD>
  </marketintervaldetail>
  <marketintervaldetail>
    <Data>20140928</Data>
    <Mercato>MGP</Mercato>
    <Ora>23</Ora>
    <Totale>28462</Totale>
    <CNOR>3115</CNOR>
    <CSUD>4960</CSUD>
    <NORD>14584</NORD>
    <SARD>1020</SARD>
    <SICI>2228</SICI>
    <SUD>2555</SUD>
  </marketintervaldetail>
  <marketintervaldetail>
    <Data>20140928</Data>
    <Mercato>MGP</Mercato>
    <Ora>24</Ora>
    <Totale>26026</Totale>
    <CNOR>2805</CNOR>
    <CSUD>4480</CSUD>
    <NORD>13436</NORD>
    <SARD>954</SARD>
    <SICI>2030</SICI>
    <SUD>2321</SUD>
  </marketintervaldetail>
</NewDataSet>