<?xml version="1.0" standalone="yes"?>
<NewDataSet>
  <xs:schema id="NewDataSet" xmlns="" xmlns:xs="http://www.w3.org/2001/XMLSchema" xmlns:msdata="urn:schemas-microsoft-com:xml-msdata">
    <xs:element name="NewDataSet" msdata:IsDataSet="true" msdata:MainDataTable="marketintervaldetail" msdata:UseCurrentLocale="true">
      <xs:complexType>
        <xs:choice minOccurs="0" maxOccurs="unbounded">
          <xs:element name="marketintervaldetail">
            <xs:complexType>
              <xs:sequence>
                <xs:element name="Data" type="xs:string" minOccurs="0" />
                <xs:element name="Mercato" type="xs:string" minOccurs="0" />
                <xs:element name="Ora" type="xs:string" minOccurs="0" />
                <xs:element name="Totale" type="xs:string" minOccurs="0" />
                <xs:element name="CNOR" type="xs:string" minOccurs="0" />
                <xs:element name="CSUD" type="xs:string" minOccurs="0" />
                <xs:element name="NORD" type="xs:string" minOccurs="0" />
                <xs:element name="SARD" type="xs:string" minOccurs="0" />
                <xs:element name="SICI" type="xs:string" minOccurs="0" />
                <xs:element name="SUD" type="xs:string" minOccurs="0" />
              </xs:sequence>
            </xs:complexType>
          </xs:element>
        </xs:choice>
      </xs:complexType>
    </xs:element>
  </xs:schema>
  <marketintervaldetail>
    <Data>20140916</Data>
    <Mercato>MGP</Mercato>
    <Ora>01</Ora>
    <Totale>28524</Totale>
    <CNOR>3130</CNOR>
    <CSUD>4357</CSUD>
    <NORD>16067</NORD>
    <SARD>877</SARD>
    <SICI>1785</SICI>
    <SUD>2308</SUD>
  </marketintervaldetail>
  <marketintervaldetail>
    <Data>20140916</Data>
    <Mercato>MGP</Mercato>
    <Ora>02</Ora>
    <Totale>26967</Totale>
    <CNOR>2958</CNOR>
    <CSUD>4016</CSUD>
    <NORD>15325</NORD>
    <SARD>839</SARD>
    <SICI>1655</SICI>
    <SUD>2174</SUD>
  </marketintervaldetail>
  <marketintervaldetail>
    <Data>20140916</Data>
    <Mercato>MGP</Mercato>
    <Ora>03</Ora>
    <Totale>26128</Totale>
    <CNOR>2867</CNOR>
    <CSUD>3846</CSUD>
    <NORD>14862</NORD>
    <SARD>817</SARD>
    <SICI>1584</SICI>
    <SUD>2152</SUD>
  </marketintervaldetail>
  <marketintervaldetail>
    <Data>20140916</Data>
    <Mercato>MGP</Mercato>
    <Ora>04</Ora>
    <Totale>25786</Totale>
    <CNOR>2832</CNOR>
    <CSUD>3768</CSUD>
    <NORD>14714</NORD>
    <SARD>805</SARD>
    <SICI>1540</SICI>
    <SUD>2127</SUD>
  </marketintervaldetail>
  <marketintervaldetail>
    <Data>20140916</Data>
    <Mercato>MGP</Mercato>
    <Ora>05</Ora>
    <Totale>25938</Totale>
    <CNOR>2808</CNOR>
    <CSUD>3769</CSUD>
    <NORD>14887</NORD>
    <SARD>807</SARD>
    <SICI>1538</SICI>
    <SUD>2129</SUD>
  </marketintervaldetail>
  <marketintervaldetail>
    <Data>20140916</Data>
    <Mercato>MGP</Mercato>
    <Ora>06</Ora>
    <Totale>27173</Totale>
    <CNOR>2916</CNOR>
    <CSUD>3974</CSUD>
    <NORD>15643</NORD>
    <SARD>816</SARD>
    <SICI>1594</SICI>
    <SUD>2230</SUD>
  </marketintervaldetail>
  <marketintervaldetail>
    <Data>20140916</Data>
    <Mercato>MGP</Mercato>
    <Ora>07</Ora>
    <Totale>30536</Totale>
    <CNOR>3235</CNOR>
    <CSUD>4355</CSUD>
    <NORD>18024</NORD>
    <SARD>893</SARD>
    <SICI>1699</SICI>
    <SUD>2330</SUD>
  </marketintervaldetail>
  <marketintervaldetail>
    <Data>20140916</Data>
    <Mercato>MGP</Mercato>
    <Ora>08</Ora>
    <Totale>34729</Totale>
    <CNOR>3783</CNOR>
    <CSUD>4932</CSUD>
    <NORD>20539</NORD>
    <SARD>992</SARD>
    <SICI>1868</SICI>
    <SUD>2615</SUD>
  </marketintervaldetail>
  <marketintervaldetail>
    <Data>20140916</Data>
    <Mercato>MGP</Mercato>
    <Ora>09</Ora>
    <Totale>39597</Totale>
    <CNOR>4316</CNOR>
    <CSUD>5709</CSUD>
    <NORD>23378</NORD>
    <SARD>1049</SARD>
    <SICI>2184</SICI>
    <SUD>2961</SUD>
  </marketintervaldetail>
  <marketintervaldetail>
    <Data>20140916</Data>
    <Mercato>MGP</Mercato>
    <Ora>10</Ora>
    <Totale>41674</Totale>
    <CNOR>4496</CNOR>
    <CSUD>6168</CSUD>
    <NORD>24359</NORD>
    <SARD>1175</SARD>
    <SICI>2411</SICI>
    <SUD>3065</SUD>
  </marketintervaldetail>
  <marketintervaldetail>
    <Data>20140916</Data>
    <Mercato>MGP</Mercato>
    <Ora>11</Ora>
    <Totale>42391</Totale>
    <CNOR>4546</CNOR>
    <CSUD>6518</CSUD>
    <NORD>24594</NORD>
    <SARD>1176</SARD>
    <SICI>2479</SICI>
    <SUD>3078</SUD>
  </marketintervaldetail>
  <marketintervaldetail>
    <Data>20140916</Data>
    <Mercato>MGP</Mercato>
    <Ora>12</Ora>
    <Totale>42698</Totale>
    <CNOR>4524</CNOR>
    <CSUD>6496</CSUD>
    <NORD>24765</NORD>
    <SARD>1180</SARD>
    <SICI>2540</SICI>
    <SUD>3193</SUD>
  </marketintervaldetail>
  <marketintervaldetail>
    <Data>20140916</Data>
    <Mercato>MGP</Mercato>
    <Ora>13</Ora>
    <Totale>41568</Totale>
    <CNOR>4264</CNOR>
    <CSUD>6546</CSUD>
    <NORD>23847</NORD>
    <SARD>1185</SARD>
    <SICI>2528</SICI>
    <SUD>3198</SUD>
  </marketintervaldetail>
  <marketintervaldetail>
    <Data>20140916</Data>
    <Mercato>MGP</Mercato>
    <Ora>14</Ora>
    <Totale>40953</Totale>
    <CNOR>4117</CNOR>
    <CSUD>6298</CSUD>
    <NORD>24089</NORD>
    <SARD>1133</SARD>
    <SICI>2368</SICI>
    <SUD>2948</SUD>
  </marketintervaldetail>
  <marketintervaldetail>
    <Data>20140916</Data>
    <Mercato>MGP</Mercato>
    <Ora>15</Ora>
    <Totale>41877</Totale>
    <CNOR>4255</CNOR>
    <CSUD>6215</CSUD>
    <NORD>24969</NORD>
    <SARD>1077</SARD>
    <SICI>2396</SICI>
    <SUD>2965</SUD>
  </marketintervaldetail>
  <marketintervaldetail>
    <Data>20140916</Data>
    <Mercato>MGP</Mercato>
    <Ora>16</Ora>
    <Totale>42097</Totale>
    <CNOR>4442</CNOR>
    <CSUD>6307</CSUD>
    <NORD>24921</NORD>
    <SARD>1177</SARD>
    <SICI>2444</SICI>
    <SUD>2806</SUD>
  </marketintervaldetail>
  <marketintervaldetail>
    <Data>20140916</Data>
    <Mercato>MGP</Mercato>
    <Ora>17</Ora>
    <Totale>41467</Totale>
    <CNOR>4572</CNOR>
    <CSUD>6366</CSUD>
    <NORD>24002</NORD>
    <SARD>1105</SARD>
    <SICI>2559</SICI>
    <SUD>2863</SUD>
  </marketintervaldetail>
  <marketintervaldetail>
    <Data>20140916</Data>
    <Mercato>MGP</Mercato>
    <Ora>18</Ora>
    <Totale>40124</Totale>
    <CNOR>4435</CNOR>
    <CSUD>6192</CSUD>
    <NORD>22976</NORD>
    <SARD>1110</SARD>
    <SICI>2524</SICI>
    <SUD>2887</SUD>
  </marketintervaldetail>
  <marketintervaldetail>
    <Data>20140916</Data>
    <Mercato>MGP</Mercato>
    <Ora>19</Ora>
    <Totale>38612</Totale>
    <CNOR>4253</CNOR>
    <CSUD>5920</CSUD>
    <NORD>22017</NORD>
    <SARD>1082</SARD>
    <SICI>2420</SICI>
    <SUD>2920</SUD>
  </marketintervaldetail>
  <marketintervaldetail>
    <Data>20140916</Data>
    <Mercato>MGP</Mercato>
    <Ora>20</Ora>
    <Totale>40245</Totale>
    <CNOR>4428</CNOR>
    <CSUD>6468</CSUD>
    <NORD>22095</NORD>
    <SARD>1140</SARD>
    <SICI>2620</SICI>
    <SUD>3494</SUD>
  </marketintervaldetail>
  <marketintervaldetail>
    <Data>20140916</Data>
    <Mercato>MGP</Mercato>
    <Ora>21</Ora>
    <Totale>40473</Totale>
    <CNOR>4375</CNOR>
    <CSUD>6495</CSUD>
    <NORD>22271</NORD>
    <SARD>1210</SARD>
    <SICI>2652</SICI>
    <SUD>3470</SUD>
  </marketintervaldetail>
  <marketintervaldetail>
    <Data>20140916</Data>
    <Mercato>MGP</Mercato>
    <Ora>22</Ora>
    <Totale>37380</Totale>
    <CNOR>4092</CNOR>
    <CSUD>5938</CSUD>
    <NORD>20645</NORD>
    <SARD>1118</SARD>
    <SICI>2423</SICI>
    <SUD>3164</SUD>
  </marketintervaldetail>
  <marketintervaldetail>
    <Data>20140916</Data>
    <Mercato>MGP</Mercato>
    <Ora>23</Ora>
    <Totale>34139</Totale>
    <CNOR>3751</CNOR>
    <CSUD>5338</CSUD>
    <NORD>18905</NORD>
    <SARD>1042</SARD>
    <SICI>2227</SICI>
    <SUD>2876</SUD>
  </marketintervaldetail>
  <marketintervaldetail>
    <Data>20140916</Data>
    <Mercato>MGP</Mercato>
    <Ora>24</Ora>
    <Totale>31221</Totale>
    <CNOR>3422</CNOR>
    <CSUD>4774</CSUD>
    <NORD>17339</NORD>
    <SARD>950</SARD>
    <SICI>2050</SICI>
    <SUD>2686</SUD>
  </marketintervaldetail>
</NewDataSet>