<?xml version="1.0" standalone="yes"?>
<NewDataSet>
  <xs:schema id="NewDataSet" xmlns="" xmlns:xs="http://www.w3.org/2001/XMLSchema" xmlns:msdata="urn:schemas-microsoft-com:xml-msdata">
    <xs:element name="NewDataSet" msdata:IsDataSet="true" msdata:MainDataTable="marketintervaldetail" msdata:UseCurrentLocale="true">
      <xs:complexType>
        <xs:choice minOccurs="0" maxOccurs="unbounded">
          <xs:element name="marketintervaldetail">
            <xs:complexType>
              <xs:sequence>
                <xs:element name="Data" type="xs:string" minOccurs="0" />
                <xs:element name="Mercato" type="xs:string" minOccurs="0" />
                <xs:element name="Ora" type="xs:string" minOccurs="0" />
                <xs:element name="Totale" type="xs:string" minOccurs="0" />
                <xs:element name="CNOR" type="xs:string" minOccurs="0" />
                <xs:element name="CSUD" type="xs:string" minOccurs="0" />
                <xs:element name="NORD" type="xs:string" minOccurs="0" />
                <xs:element name="SARD" type="xs:string" minOccurs="0" />
                <xs:element name="SICI" type="xs:string" minOccurs="0" />
                <xs:element name="SUD" type="xs:string" minOccurs="0" />
              </xs:sequence>
            </xs:complexType>
          </xs:element>
        </xs:choice>
      </xs:complexType>
    </xs:element>
  </xs:schema>
  <marketintervaldetail>
    <Data>20170514</Data>
    <Mercato>MGP</Mercato>
    <Ora>01</Ora>
    <Totale>23740</Totale>
    <CNOR>2764</CNOR>
    <CSUD>4076</CSUD>
    <NORD>12152</NORD>
    <SARD>811</SARD>
    <SICI>1669</SICI>
    <SUD>2268</SUD>
  </marketintervaldetail>
  <marketintervaldetail>
    <Data>20170514</Data>
    <Mercato>MGP</Mercato>
    <Ora>02</Ora>
    <Totale>21883</Totale>
    <CNOR>2625</CNOR>
    <CSUD>3744</CSUD>
    <NORD>11213</NORD>
    <SARD>758</SARD>
    <SICI>1508</SICI>
    <SUD>2035</SUD>
  </marketintervaldetail>
  <marketintervaldetail>
    <Data>20170514</Data>
    <Mercato>MGP</Mercato>
    <Ora>03</Ora>
    <Totale>21039</Totale>
    <CNOR>2582</CNOR>
    <CSUD>3546</CSUD>
    <NORD>10759</NORD>
    <SARD>744</SARD>
    <SICI>1391</SICI>
    <SUD>2017</SUD>
  </marketintervaldetail>
  <marketintervaldetail>
    <Data>20170514</Data>
    <Mercato>MGP</Mercato>
    <Ora>04</Ora>
    <Totale>20424</Totale>
    <CNOR>2491</CNOR>
    <CSUD>3358</CSUD>
    <NORD>10541</NORD>
    <SARD>731</SARD>
    <SICI>1355</SICI>
    <SUD>1948</SUD>
  </marketintervaldetail>
  <marketintervaldetail>
    <Data>20170514</Data>
    <Mercato>MGP</Mercato>
    <Ora>05</Ora>
    <Totale>20353</Totale>
    <CNOR>2518</CNOR>
    <CSUD>3342</CSUD>
    <NORD>10433</NORD>
    <SARD>722</SARD>
    <SICI>1336</SICI>
    <SUD>2002</SUD>
  </marketintervaldetail>
  <marketintervaldetail>
    <Data>20170514</Data>
    <Mercato>MGP</Mercato>
    <Ora>06</Ora>
    <Totale>20444</Totale>
    <CNOR>2578</CNOR>
    <CSUD>3332</CSUD>
    <NORD>10561</NORD>
    <SARD>735</SARD>
    <SICI>1316</SICI>
    <SUD>1922</SUD>
  </marketintervaldetail>
  <marketintervaldetail>
    <Data>20170514</Data>
    <Mercato>MGP</Mercato>
    <Ora>07</Ora>
    <Totale>20048</Totale>
    <CNOR>2535</CNOR>
    <CSUD>3228</CSUD>
    <NORD>10407</NORD>
    <SARD>729</SARD>
    <SICI>1252</SICI>
    <SUD>1897</SUD>
  </marketintervaldetail>
  <marketintervaldetail>
    <Data>20170514</Data>
    <Mercato>MGP</Mercato>
    <Ora>08</Ora>
    <Totale>20970</Totale>
    <CNOR>2661</CNOR>
    <CSUD>3419</CSUD>
    <NORD>10711</NORD>
    <SARD>749</SARD>
    <SICI>1387</SICI>
    <SUD>2043</SUD>
  </marketintervaldetail>
  <marketintervaldetail>
    <Data>20170514</Data>
    <Mercato>MGP</Mercato>
    <Ora>09</Ora>
    <Totale>22792</Totale>
    <CNOR>3014</CNOR>
    <CSUD>3821</CSUD>
    <NORD>11452</NORD>
    <SARD>802</SARD>
    <SICI>1506</SICI>
    <SUD>2197</SUD>
  </marketintervaldetail>
  <marketintervaldetail>
    <Data>20170514</Data>
    <Mercato>MGP</Mercato>
    <Ora>10</Ora>
    <Totale>24334</Totale>
    <CNOR>3491</CNOR>
    <CSUD>4132</CSUD>
    <NORD>11975</NORD>
    <SARD>840</SARD>
    <SICI>1642</SICI>
    <SUD>2254</SUD>
  </marketintervaldetail>
  <marketintervaldetail>
    <Data>20170514</Data>
    <Mercato>MGP</Mercato>
    <Ora>11</Ora>
    <Totale>25261</Totale>
    <CNOR>3666</CNOR>
    <CSUD>4387</CSUD>
    <NORD>12386</NORD>
    <SARD>852</SARD>
    <SICI>1681</SICI>
    <SUD>2289</SUD>
  </marketintervaldetail>
  <marketintervaldetail>
    <Data>20170514</Data>
    <Mercato>MGP</Mercato>
    <Ora>12</Ora>
    <Totale>25577</Totale>
    <CNOR>3685</CNOR>
    <CSUD>4432</CSUD>
    <NORD>12808</NORD>
    <SARD>874</SARD>
    <SICI>1669</SICI>
    <SUD>2109</SUD>
  </marketintervaldetail>
  <marketintervaldetail>
    <Data>20170514</Data>
    <Mercato>MGP</Mercato>
    <Ora>13</Ora>
    <Totale>26285</Totale>
    <CNOR>3913</CNOR>
    <CSUD>4587</CSUD>
    <NORD>12906</NORD>
    <SARD>854</SARD>
    <SICI>1680</SICI>
    <SUD>2345</SUD>
  </marketintervaldetail>
  <marketintervaldetail>
    <Data>20170514</Data>
    <Mercato>MGP</Mercato>
    <Ora>14</Ora>
    <Totale>25327</Totale>
    <CNOR>3595</CNOR>
    <CSUD>4605</CSUD>
    <NORD>12444</NORD>
    <SARD>804</SARD>
    <SICI>1564</SICI>
    <SUD>2315</SUD>
  </marketintervaldetail>
  <marketintervaldetail>
    <Data>20170514</Data>
    <Mercato>MGP</Mercato>
    <Ora>15</Ora>
    <Totale>24167</Totale>
    <CNOR>3193</CNOR>
    <CSUD>4404</CSUD>
    <NORD>12217</NORD>
    <SARD>804</SARD>
    <SICI>1463</SICI>
    <SUD>2086</SUD>
  </marketintervaldetail>
  <marketintervaldetail>
    <Data>20170514</Data>
    <Mercato>MGP</Mercato>
    <Ora>16</Ora>
    <Totale>24018</Totale>
    <CNOR>3477</CNOR>
    <CSUD>4480</CSUD>
    <NORD>11915</NORD>
    <SARD>791</SARD>
    <SICI>1439</SICI>
    <SUD>1916</SUD>
  </marketintervaldetail>
  <marketintervaldetail>
    <Data>20170514</Data>
    <Mercato>MGP</Mercato>
    <Ora>17</Ora>
    <Totale>23754</Totale>
    <CNOR>3487</CNOR>
    <CSUD>4354</CSUD>
    <NORD>11433</NORD>
    <SARD>771</SARD>
    <SICI>1522</SICI>
    <SUD>2187</SUD>
  </marketintervaldetail>
  <marketintervaldetail>
    <Data>20170514</Data>
    <Mercato>MGP</Mercato>
    <Ora>18</Ora>
    <Totale>23673</Totale>
    <CNOR>3280</CNOR>
    <CSUD>4204</CSUD>
    <NORD>11583</NORD>
    <SARD>820</SARD>
    <SICI>1594</SICI>
    <SUD>2192</SUD>
  </marketintervaldetail>
  <marketintervaldetail>
    <Data>20170514</Data>
    <Mercato>MGP</Mercato>
    <Ora>19</Ora>
    <Totale>24785</Totale>
    <CNOR>3226</CNOR>
    <CSUD>4308</CSUD>
    <NORD>12477</NORD>
    <SARD>875</SARD>
    <SICI>1655</SICI>
    <SUD>2244</SUD>
  </marketintervaldetail>
  <marketintervaldetail>
    <Data>20170514</Data>
    <Mercato>MGP</Mercato>
    <Ora>20</Ora>
    <Totale>26193</Totale>
    <CNOR>3251</CNOR>
    <CSUD>4535</CSUD>
    <NORD>13456</NORD>
    <SARD>868</SARD>
    <SICI>1726</SICI>
    <SUD>2357</SUD>
  </marketintervaldetail>
  <marketintervaldetail>
    <Data>20170514</Data>
    <Mercato>MGP</Mercato>
    <Ora>21</Ora>
    <Totale>27732</Totale>
    <CNOR>3272</CNOR>
    <CSUD>4991</CSUD>
    <NORD>13986</NORD>
    <SARD>932</SARD>
    <SICI>1913</SICI>
    <SUD>2638</SUD>
  </marketintervaldetail>
  <marketintervaldetail>
    <Data>20170514</Data>
    <Mercato>MGP</Mercato>
    <Ora>22</Ora>
    <Totale>28738</Totale>
    <CNOR>3297</CNOR>
    <CSUD>5047</CSUD>
    <NORD>14906</NORD>
    <SARD>978</SARD>
    <SICI>1919</SICI>
    <SUD>2591</SUD>
  </marketintervaldetail>
  <marketintervaldetail>
    <Data>20170514</Data>
    <Mercato>MGP</Mercato>
    <Ora>23</Ora>
    <Totale>27232</Totale>
    <CNOR>3169</CNOR>
    <CSUD>4730</CSUD>
    <NORD>14154</NORD>
    <SARD>911</SARD>
    <SICI>1806</SICI>
    <SUD>2462</SUD>
  </marketintervaldetail>
  <marketintervaldetail>
    <Data>20170514</Data>
    <Mercato>MGP</Mercato>
    <Ora>24</Ora>
    <Totale>24707</Totale>
    <CNOR>2942</CNOR>
    <CSUD>4180</CSUD>
    <NORD>12810</NORD>
    <SARD>820</SARD>
    <SICI>1662</SICI>
    <SUD>2293</SUD>
  </marketintervaldetail>
</NewDataSet>