<?xml version="1.0" standalone="yes"?>
<NewDataSet>
  <xs:schema id="NewDataSet" xmlns="" xmlns:xs="http://www.w3.org/2001/XMLSchema" xmlns:msdata="urn:schemas-microsoft-com:xml-msdata">
    <xs:element name="NewDataSet" msdata:IsDataSet="true" msdata:MainDataTable="marketintervaldetail" msdata:UseCurrentLocale="true">
      <xs:complexType>
        <xs:choice minOccurs="0" maxOccurs="unbounded">
          <xs:element name="marketintervaldetail">
            <xs:complexType>
              <xs:sequence>
                <xs:element name="Data" type="xs:string" minOccurs="0" />
                <xs:element name="Mercato" type="xs:string" minOccurs="0" />
                <xs:element name="Ora" type="xs:string" minOccurs="0" />
                <xs:element name="Totale" type="xs:string" minOccurs="0" />
                <xs:element name="CNOR" type="xs:string" minOccurs="0" />
                <xs:element name="CSUD" type="xs:string" minOccurs="0" />
                <xs:element name="NORD" type="xs:string" minOccurs="0" />
                <xs:element name="SARD" type="xs:string" minOccurs="0" />
                <xs:element name="SICI" type="xs:string" minOccurs="0" />
                <xs:element name="SUD" type="xs:string" minOccurs="0" />
              </xs:sequence>
            </xs:complexType>
          </xs:element>
        </xs:choice>
      </xs:complexType>
    </xs:element>
  </xs:schema>
  <marketintervaldetail>
    <Data>20170501</Data>
    <Mercato>MGP</Mercato>
    <Ora>01</Ora>
    <Totale>23845</Totale>
    <CNOR>2440</CNOR>
    <CSUD>4064</CSUD>
    <NORD>12580</NORD>
    <SARD>849</SARD>
    <SICI>1600</SICI>
    <SUD>2312</SUD>
  </marketintervaldetail>
  <marketintervaldetail>
    <Data>20170501</Data>
    <Mercato>MGP</Mercato>
    <Ora>02</Ora>
    <Totale>21728</Totale>
    <CNOR>2248</CNOR>
    <CSUD>3463</CSUD>
    <NORD>11629</NORD>
    <SARD>796</SARD>
    <SICI>1453</SICI>
    <SUD>2139</SUD>
  </marketintervaldetail>
  <marketintervaldetail>
    <Data>20170501</Data>
    <Mercato>MGP</Mercato>
    <Ora>03</Ora>
    <Totale>20664</Totale>
    <CNOR>2211</CNOR>
    <CSUD>3227</CSUD>
    <NORD>11044</NORD>
    <SARD>769</SARD>
    <SICI>1303</SICI>
    <SUD>2110</SUD>
  </marketintervaldetail>
  <marketintervaldetail>
    <Data>20170501</Data>
    <Mercato>MGP</Mercato>
    <Ora>04</Ora>
    <Totale>19827</Totale>
    <CNOR>2117</CNOR>
    <CSUD>3050</CSUD>
    <NORD>10561</NORD>
    <SARD>750</SARD>
    <SICI>1359</SICI>
    <SUD>1990</SUD>
  </marketintervaldetail>
  <marketintervaldetail>
    <Data>20170501</Data>
    <Mercato>MGP</Mercato>
    <Ora>05</Ora>
    <Totale>19351</Totale>
    <CNOR>2128</CNOR>
    <CSUD>2997</CSUD>
    <NORD>10137</NORD>
    <SARD>753</SARD>
    <SICI>1352</SICI>
    <SUD>1984</SUD>
  </marketintervaldetail>
  <marketintervaldetail>
    <Data>20170501</Data>
    <Mercato>MGP</Mercato>
    <Ora>06</Ora>
    <Totale>19076</Totale>
    <CNOR>2113</CNOR>
    <CSUD>3061</CSUD>
    <NORD>9845</NORD>
    <SARD>762</SARD>
    <SICI>1363</SICI>
    <SUD>1932</SUD>
  </marketintervaldetail>
  <marketintervaldetail>
    <Data>20170501</Data>
    <Mercato>MGP</Mercato>
    <Ora>07</Ora>
    <Totale>18250</Totale>
    <CNOR>2009</CNOR>
    <CSUD>2971</CSUD>
    <NORD>9405</NORD>
    <SARD>781</SARD>
    <SICI>1324</SICI>
    <SUD>1760</SUD>
  </marketintervaldetail>
  <marketintervaldetail>
    <Data>20170501</Data>
    <Mercato>MGP</Mercato>
    <Ora>08</Ora>
    <Totale>19362</Totale>
    <CNOR>2078</CNOR>
    <CSUD>3218</CSUD>
    <NORD>9752</NORD>
    <SARD>814</SARD>
    <SICI>1507</SICI>
    <SUD>1993</SUD>
  </marketintervaldetail>
  <marketintervaldetail>
    <Data>20170501</Data>
    <Mercato>MGP</Mercato>
    <Ora>09</Ora>
    <Totale>21352</Totale>
    <CNOR>2220</CNOR>
    <CSUD>3620</CSUD>
    <NORD>10735</NORD>
    <SARD>868</SARD>
    <SICI>1672</SICI>
    <SUD>2237</SUD>
  </marketintervaldetail>
  <marketintervaldetail>
    <Data>20170501</Data>
    <Mercato>MGP</Mercato>
    <Ora>10</Ora>
    <Totale>23151</Totale>
    <CNOR>2347</CNOR>
    <CSUD>4022</CSUD>
    <NORD>11868</NORD>
    <SARD>901</SARD>
    <SICI>1759</SICI>
    <SUD>2254</SUD>
  </marketintervaldetail>
  <marketintervaldetail>
    <Data>20170501</Data>
    <Mercato>MGP</Mercato>
    <Ora>11</Ora>
    <Totale>23765</Totale>
    <CNOR>2375</CNOR>
    <CSUD>4200</CSUD>
    <NORD>12421</NORD>
    <SARD>885</SARD>
    <SICI>1734</SICI>
    <SUD>2150</SUD>
  </marketintervaldetail>
  <marketintervaldetail>
    <Data>20170501</Data>
    <Mercato>MGP</Mercato>
    <Ora>12</Ora>
    <Totale>23482</Totale>
    <CNOR>2362</CNOR>
    <CSUD>4240</CSUD>
    <NORD>12266</NORD>
    <SARD>855</SARD>
    <SICI>1573</SICI>
    <SUD>2186</SUD>
  </marketintervaldetail>
  <marketintervaldetail>
    <Data>20170501</Data>
    <Mercato>MGP</Mercato>
    <Ora>13</Ora>
    <Totale>22986</Totale>
    <CNOR>2298</CNOR>
    <CSUD>4163</CSUD>
    <NORD>11980</NORD>
    <SARD>829</SARD>
    <SICI>1506</SICI>
    <SUD>2210</SUD>
  </marketintervaldetail>
  <marketintervaldetail>
    <Data>20170501</Data>
    <Mercato>MGP</Mercato>
    <Ora>14</Ora>
    <Totale>22013</Totale>
    <CNOR>2237</CNOR>
    <CSUD>4038</CSUD>
    <NORD>11374</NORD>
    <SARD>788</SARD>
    <SICI>1386</SICI>
    <SUD>2190</SUD>
  </marketintervaldetail>
  <marketintervaldetail>
    <Data>20170501</Data>
    <Mercato>MGP</Mercato>
    <Ora>15</Ora>
    <Totale>21564</Totale>
    <CNOR>2178</CNOR>
    <CSUD>3822</CSUD>
    <NORD>11415</NORD>
    <SARD>743</SARD>
    <SICI>1268</SICI>
    <SUD>2138</SUD>
  </marketintervaldetail>
  <marketintervaldetail>
    <Data>20170501</Data>
    <Mercato>MGP</Mercato>
    <Ora>16</Ora>
    <Totale>21659</Totale>
    <CNOR>2231</CNOR>
    <CSUD>3698</CSUD>
    <NORD>11671</NORD>
    <SARD>737</SARD>
    <SICI>1277</SICI>
    <SUD>2045</SUD>
  </marketintervaldetail>
  <marketintervaldetail>
    <Data>20170501</Data>
    <Mercato>MGP</Mercato>
    <Ora>17</Ora>
    <Totale>21544</Totale>
    <CNOR>2340</CNOR>
    <CSUD>3810</CSUD>
    <NORD>11310</NORD>
    <SARD>749</SARD>
    <SICI>1349</SICI>
    <SUD>1986</SUD>
  </marketintervaldetail>
  <marketintervaldetail>
    <Data>20170501</Data>
    <Mercato>MGP</Mercato>
    <Ora>18</Ora>
    <Totale>22030</Totale>
    <CNOR>2351</CNOR>
    <CSUD>3886</CSUD>
    <NORD>11471</NORD>
    <SARD>801</SARD>
    <SICI>1437</SICI>
    <SUD>2084</SUD>
  </marketintervaldetail>
  <marketintervaldetail>
    <Data>20170501</Data>
    <Mercato>MGP</Mercato>
    <Ora>19</Ora>
    <Totale>23182</Totale>
    <CNOR>2444</CNOR>
    <CSUD>4018</CSUD>
    <NORD>12023</NORD>
    <SARD>858</SARD>
    <SICI>1562</SICI>
    <SUD>2277</SUD>
  </marketintervaldetail>
  <marketintervaldetail>
    <Data>20170501</Data>
    <Mercato>MGP</Mercato>
    <Ora>20</Ora>
    <Totale>25000</Totale>
    <CNOR>2681</CNOR>
    <CSUD>4287</CSUD>
    <NORD>12977</NORD>
    <SARD>924</SARD>
    <SICI>1722</SICI>
    <SUD>2409</SUD>
  </marketintervaldetail>
  <marketintervaldetail>
    <Data>20170501</Data>
    <Mercato>MGP</Mercato>
    <Ora>21</Ora>
    <Totale>27287</Totale>
    <CNOR>2934</CNOR>
    <CSUD>4858</CSUD>
    <NORD>13611</NORD>
    <SARD>1011</SARD>
    <SICI>1996</SICI>
    <SUD>2877</SUD>
  </marketintervaldetail>
  <marketintervaldetail>
    <Data>20170501</Data>
    <Mercato>MGP</Mercato>
    <Ora>22</Ora>
    <Totale>27631</Totale>
    <CNOR>2966</CNOR>
    <CSUD>4845</CSUD>
    <NORD>13981</NORD>
    <SARD>1048</SARD>
    <SICI>1964</SICI>
    <SUD>2827</SUD>
  </marketintervaldetail>
  <marketintervaldetail>
    <Data>20170501</Data>
    <Mercato>MGP</Mercato>
    <Ora>23</Ora>
    <Totale>25401</Totale>
    <CNOR>2741</CNOR>
    <CSUD>4428</CSUD>
    <NORD>12711</NORD>
    <SARD>995</SARD>
    <SICI>1864</SICI>
    <SUD>2662</SUD>
  </marketintervaldetail>
  <marketintervaldetail>
    <Data>20170501</Data>
    <Mercato>MGP</Mercato>
    <Ora>24</Ora>
    <Totale>22695</Totale>
    <CNOR>2417</CNOR>
    <CSUD>3964</CSUD>
    <NORD>11274</NORD>
    <SARD>905</SARD>
    <SICI>1701</SICI>
    <SUD>2434</SUD>
  </marketintervaldetail>
</NewDataSet>