<?xml version="1.0" standalone="yes"?>
<NewDataSet>
  <xs:schema id="NewDataSet" xmlns="" xmlns:xs="http://www.w3.org/2001/XMLSchema" xmlns:msdata="urn:schemas-microsoft-com:xml-msdata">
    <xs:element name="NewDataSet" msdata:IsDataSet="true" msdata:MainDataTable="marketintervaldetail" msdata:UseCurrentLocale="true">
      <xs:complexType>
        <xs:choice minOccurs="0" maxOccurs="unbounded">
          <xs:element name="marketintervaldetail">
            <xs:complexType>
              <xs:sequence>
                <xs:element name="Data" type="xs:string" minOccurs="0" />
                <xs:element name="Mercato" type="xs:string" minOccurs="0" />
                <xs:element name="Ora" type="xs:string" minOccurs="0" />
                <xs:element name="Totale" type="xs:string" minOccurs="0" />
                <xs:element name="CNOR" type="xs:string" minOccurs="0" />
                <xs:element name="CSUD" type="xs:string" minOccurs="0" />
                <xs:element name="NORD" type="xs:string" minOccurs="0" />
                <xs:element name="SARD" type="xs:string" minOccurs="0" />
                <xs:element name="SICI" type="xs:string" minOccurs="0" />
                <xs:element name="SUD" type="xs:string" minOccurs="0" />
              </xs:sequence>
            </xs:complexType>
          </xs:element>
        </xs:choice>
      </xs:complexType>
    </xs:element>
  </xs:schema>
  <marketintervaldetail>
    <Data>20170510</Data>
    <Mercato>MGP</Mercato>
    <Ora>01</Ora>
    <Totale>26422</Totale>
    <CNOR>3038</CNOR>
    <CSUD>4445</CSUD>
    <NORD>14281</NORD>
    <SARD>785</SARD>
    <SICI>1662</SICI>
    <SUD>2211</SUD>
  </marketintervaldetail>
  <marketintervaldetail>
    <Data>20170510</Data>
    <Mercato>MGP</Mercato>
    <Ora>02</Ora>
    <Totale>24658</Totale>
    <CNOR>2737</CNOR>
    <CSUD>4076</CSUD>
    <NORD>13523</NORD>
    <SARD>741</SARD>
    <SICI>1475</SICI>
    <SUD>2106</SUD>
  </marketintervaldetail>
  <marketintervaldetail>
    <Data>20170510</Data>
    <Mercato>MGP</Mercato>
    <Ora>03</Ora>
    <Totale>23671</Totale>
    <CNOR>2644</CNOR>
    <CSUD>3829</CSUD>
    <NORD>13178</NORD>
    <SARD>676</SARD>
    <SICI>1362</SICI>
    <SUD>1982</SUD>
  </marketintervaldetail>
  <marketintervaldetail>
    <Data>20170510</Data>
    <Mercato>MGP</Mercato>
    <Ora>04</Ora>
    <Totale>23545</Totale>
    <CNOR>2627</CNOR>
    <CSUD>3808</CSUD>
    <NORD>13118</NORD>
    <SARD>660</SARD>
    <SICI>1330</SICI>
    <SUD>2002</SUD>
  </marketintervaldetail>
  <marketintervaldetail>
    <Data>20170510</Data>
    <Mercato>MGP</Mercato>
    <Ora>05</Ora>
    <Totale>23972</Totale>
    <CNOR>2676</CNOR>
    <CSUD>3923</CSUD>
    <NORD>13353</NORD>
    <SARD>660</SARD>
    <SICI>1324</SICI>
    <SUD>2036</SUD>
  </marketintervaldetail>
  <marketintervaldetail>
    <Data>20170510</Data>
    <Mercato>MGP</Mercato>
    <Ora>06</Ora>
    <Totale>24921</Totale>
    <CNOR>2765</CNOR>
    <CSUD>4038</CSUD>
    <NORD>14003</NORD>
    <SARD>697</SARD>
    <SICI>1375</SICI>
    <SUD>2043</SUD>
  </marketintervaldetail>
  <marketintervaldetail>
    <Data>20170510</Data>
    <Mercato>MGP</Mercato>
    <Ora>07</Ora>
    <Totale>28055</Totale>
    <CNOR>3168</CNOR>
    <CSUD>4369</CSUD>
    <NORD>16190</NORD>
    <SARD>764</SARD>
    <SICI>1442</SICI>
    <SUD>2122</SUD>
  </marketintervaldetail>
  <marketintervaldetail>
    <Data>20170510</Data>
    <Mercato>MGP</Mercato>
    <Ora>08</Ora>
    <Totale>33651</Totale>
    <CNOR>3745</CNOR>
    <CSUD>5046</CSUD>
    <NORD>19800</NORD>
    <SARD>888</SARD>
    <SICI>1718</SICI>
    <SUD>2454</SUD>
  </marketintervaldetail>
  <marketintervaldetail>
    <Data>20170510</Data>
    <Mercato>MGP</Mercato>
    <Ora>09</Ora>
    <Totale>38631</Totale>
    <CNOR>4362</CNOR>
    <CSUD>5624</CSUD>
    <NORD>22966</NORD>
    <SARD>948</SARD>
    <SICI>1893</SICI>
    <SUD>2838</SUD>
  </marketintervaldetail>
  <marketintervaldetail>
    <Data>20170510</Data>
    <Mercato>MGP</Mercato>
    <Ora>10</Ora>
    <Totale>39929</Totale>
    <CNOR>4414</CNOR>
    <CSUD>5834</CSUD>
    <NORD>23768</NORD>
    <SARD>968</SARD>
    <SICI>1960</SICI>
    <SUD>2985</SUD>
  </marketintervaldetail>
  <marketintervaldetail>
    <Data>20170510</Data>
    <Mercato>MGP</Mercato>
    <Ora>11</Ora>
    <Totale>39544</Totale>
    <CNOR>4406</CNOR>
    <CSUD>5780</CSUD>
    <NORD>23642</NORD>
    <SARD>948</SARD>
    <SICI>1886</SICI>
    <SUD>2882</SUD>
  </marketintervaldetail>
  <marketintervaldetail>
    <Data>20170510</Data>
    <Mercato>MGP</Mercato>
    <Ora>12</Ora>
    <Totale>38911</Totale>
    <CNOR>4442</CNOR>
    <CSUD>5703</CSUD>
    <NORD>23318</NORD>
    <SARD>931</SARD>
    <SICI>1778</SICI>
    <SUD>2739</SUD>
  </marketintervaldetail>
  <marketintervaldetail>
    <Data>20170510</Data>
    <Mercato>MGP</Mercato>
    <Ora>13</Ora>
    <Totale>35940</Totale>
    <CNOR>4138</CNOR>
    <CSUD>5556</CSUD>
    <NORD>20898</NORD>
    <SARD>871</SARD>
    <SICI>1800</SICI>
    <SUD>2677</SUD>
  </marketintervaldetail>
  <marketintervaldetail>
    <Data>20170510</Data>
    <Mercato>MGP</Mercato>
    <Ora>14</Ora>
    <Totale>35413</Totale>
    <CNOR>4078</CNOR>
    <CSUD>5668</CSUD>
    <NORD>20458</NORD>
    <SARD>883</SARD>
    <SICI>1762</SICI>
    <SUD>2564</SUD>
  </marketintervaldetail>
  <marketintervaldetail>
    <Data>20170510</Data>
    <Mercato>MGP</Mercato>
    <Ora>15</Ora>
    <Totale>36747</Totale>
    <CNOR>4173</CNOR>
    <CSUD>5638</CSUD>
    <NORD>21811</NORD>
    <SARD>890</SARD>
    <SICI>1710</SICI>
    <SUD>2525</SUD>
  </marketintervaldetail>
  <marketintervaldetail>
    <Data>20170510</Data>
    <Mercato>MGP</Mercato>
    <Ora>16</Ora>
    <Totale>37350</Totale>
    <CNOR>4384</CNOR>
    <CSUD>5743</CSUD>
    <NORD>21985</NORD>
    <SARD>912</SARD>
    <SICI>1784</SICI>
    <SUD>2542</SUD>
  </marketintervaldetail>
  <marketintervaldetail>
    <Data>20170510</Data>
    <Mercato>MGP</Mercato>
    <Ora>17</Ora>
    <Totale>37648</Totale>
    <CNOR>4551</CNOR>
    <CSUD>5771</CSUD>
    <NORD>21768</NORD>
    <SARD>918</SARD>
    <SICI>1890</SICI>
    <SUD>2750</SUD>
  </marketintervaldetail>
  <marketintervaldetail>
    <Data>20170510</Data>
    <Mercato>MGP</Mercato>
    <Ora>18</Ora>
    <Totale>36687</Totale>
    <CNOR>4277</CNOR>
    <CSUD>5706</CSUD>
    <NORD>21032</NORD>
    <SARD>962</SARD>
    <SICI>1906</SICI>
    <SUD>2804</SUD>
  </marketintervaldetail>
  <marketintervaldetail>
    <Data>20170510</Data>
    <Mercato>MGP</Mercato>
    <Ora>19</Ora>
    <Totale>35612</Totale>
    <CNOR>3925</CNOR>
    <CSUD>5614</CSUD>
    <NORD>20282</NORD>
    <SARD>978</SARD>
    <SICI>1955</SICI>
    <SUD>2858</SUD>
  </marketintervaldetail>
  <marketintervaldetail>
    <Data>20170510</Data>
    <Mercato>MGP</Mercato>
    <Ora>20</Ora>
    <Totale>35748</Totale>
    <CNOR>3795</CNOR>
    <CSUD>5709</CSUD>
    <NORD>20210</NORD>
    <SARD>1017</SARD>
    <SICI>2060</SICI>
    <SUD>2957</SUD>
  </marketintervaldetail>
  <marketintervaldetail>
    <Data>20170510</Data>
    <Mercato>MGP</Mercato>
    <Ora>21</Ora>
    <Totale>36568</Totale>
    <CNOR>3821</CNOR>
    <CSUD>5980</CSUD>
    <NORD>20116</NORD>
    <SARD>1083</SARD>
    <SICI>2261</SICI>
    <SUD>3307</SUD>
  </marketintervaldetail>
  <marketintervaldetail>
    <Data>20170510</Data>
    <Mercato>MGP</Mercato>
    <Ora>22</Ora>
    <Totale>35842</Totale>
    <CNOR>3934</CNOR>
    <CSUD>5821</CSUD>
    <NORD>19845</NORD>
    <SARD>1063</SARD>
    <SICI>2114</SICI>
    <SUD>3065</SUD>
  </marketintervaldetail>
  <marketintervaldetail>
    <Data>20170510</Data>
    <Mercato>MGP</Mercato>
    <Ora>23</Ora>
    <Totale>32526</Totale>
    <CNOR>3571</CNOR>
    <CSUD>5263</CSUD>
    <NORD>18066</NORD>
    <SARD>980</SARD>
    <SICI>1942</SICI>
    <SUD>2704</SUD>
  </marketintervaldetail>
  <marketintervaldetail>
    <Data>20170510</Data>
    <Mercato>MGP</Mercato>
    <Ora>24</Ora>
    <Totale>28900</Totale>
    <CNOR>3280</CNOR>
    <CSUD>4598</CSUD>
    <NORD>15867</NORD>
    <SARD>887</SARD>
    <SICI>1744</SICI>
    <SUD>2524</SUD>
  </marketintervaldetail>
</NewDataSet>