<?xml version="1.0" standalone="yes"?>
<NewDataSet>
  <xs:schema id="NewDataSet" xmlns="" xmlns:xs="http://www.w3.org/2001/XMLSchema" xmlns:msdata="urn:schemas-microsoft-com:xml-msdata">
    <xs:element name="NewDataSet" msdata:IsDataSet="true" msdata:MainDataTable="marketintervaldetail" msdata:UseCurrentLocale="true">
      <xs:complexType>
        <xs:choice minOccurs="0" maxOccurs="unbounded">
          <xs:element name="marketintervaldetail">
            <xs:complexType>
              <xs:sequence>
                <xs:element name="Data" type="xs:string" minOccurs="0" />
                <xs:element name="Mercato" type="xs:string" minOccurs="0" />
                <xs:element name="Ora" type="xs:string" minOccurs="0" />
                <xs:element name="Totale" type="xs:string" minOccurs="0" />
                <xs:element name="CNOR" type="xs:string" minOccurs="0" />
                <xs:element name="CSUD" type="xs:string" minOccurs="0" />
                <xs:element name="NORD" type="xs:string" minOccurs="0" />
                <xs:element name="SARD" type="xs:string" minOccurs="0" />
                <xs:element name="SICI" type="xs:string" minOccurs="0" />
                <xs:element name="SUD" type="xs:string" minOccurs="0" />
              </xs:sequence>
            </xs:complexType>
          </xs:element>
        </xs:choice>
      </xs:complexType>
    </xs:element>
  </xs:schema>
  <marketintervaldetail>
    <Data>20170511</Data>
    <Mercato>MGP</Mercato>
    <Ora>01</Ora>
    <Totale>26812</Totale>
    <CNOR>2969</CNOR>
    <CSUD>4262</CSUD>
    <NORD>14940</NORD>
    <SARD>777</SARD>
    <SICI>1620</SICI>
    <SUD>2244</SUD>
  </marketintervaldetail>
  <marketintervaldetail>
    <Data>20170511</Data>
    <Mercato>MGP</Mercato>
    <Ora>02</Ora>
    <Totale>25165</Totale>
    <CNOR>2781</CNOR>
    <CSUD>3923</CSUD>
    <NORD>14207</NORD>
    <SARD>726</SARD>
    <SICI>1488</SICI>
    <SUD>2040</SUD>
  </marketintervaldetail>
  <marketintervaldetail>
    <Data>20170511</Data>
    <Mercato>MGP</Mercato>
    <Ora>03</Ora>
    <Totale>24042</Totale>
    <CNOR>2686</CNOR>
    <CSUD>3724</CSUD>
    <NORD>13515</NORD>
    <SARD>707</SARD>
    <SICI>1404</SICI>
    <SUD>2006</SUD>
  </marketintervaldetail>
  <marketintervaldetail>
    <Data>20170511</Data>
    <Mercato>MGP</Mercato>
    <Ora>04</Ora>
    <Totale>23880</Totale>
    <CNOR>2608</CNOR>
    <CSUD>3644</CSUD>
    <NORD>13509</NORD>
    <SARD>689</SARD>
    <SICI>1417</SICI>
    <SUD>2013</SUD>
  </marketintervaldetail>
  <marketintervaldetail>
    <Data>20170511</Data>
    <Mercato>MGP</Mercato>
    <Ora>05</Ora>
    <Totale>23971</Totale>
    <CNOR>2569</CNOR>
    <CSUD>3641</CSUD>
    <NORD>13597</NORD>
    <SARD>710</SARD>
    <SICI>1441</SICI>
    <SUD>2013</SUD>
  </marketintervaldetail>
  <marketintervaldetail>
    <Data>20170511</Data>
    <Mercato>MGP</Mercato>
    <Ora>06</Ora>
    <Totale>24933</Totale>
    <CNOR>2645</CNOR>
    <CSUD>3769</CSUD>
    <NORD>14263</NORD>
    <SARD>731</SARD>
    <SICI>1508</SICI>
    <SUD>2017</SUD>
  </marketintervaldetail>
  <marketintervaldetail>
    <Data>20170511</Data>
    <Mercato>MGP</Mercato>
    <Ora>07</Ora>
    <Totale>27651</Totale>
    <CNOR>2968</CNOR>
    <CSUD>4053</CSUD>
    <NORD>16110</NORD>
    <SARD>782</SARD>
    <SICI>1602</SICI>
    <SUD>2136</SUD>
  </marketintervaldetail>
  <marketintervaldetail>
    <Data>20170511</Data>
    <Mercato>MGP</Mercato>
    <Ora>08</Ora>
    <Totale>33017</Totale>
    <CNOR>3581</CNOR>
    <CSUD>4782</CSUD>
    <NORD>19388</NORD>
    <SARD>899</SARD>
    <SICI>1869</SICI>
    <SUD>2498</SUD>
  </marketintervaldetail>
  <marketintervaldetail>
    <Data>20170511</Data>
    <Mercato>MGP</Mercato>
    <Ora>09</Ora>
    <Totale>37514</Totale>
    <CNOR>4035</CNOR>
    <CSUD>5454</CSUD>
    <NORD>22169</NORD>
    <SARD>973</SARD>
    <SICI>2044</SICI>
    <SUD>2839</SUD>
  </marketintervaldetail>
  <marketintervaldetail>
    <Data>20170511</Data>
    <Mercato>MGP</Mercato>
    <Ora>10</Ora>
    <Totale>38699</Totale>
    <CNOR>4295</CNOR>
    <CSUD>5788</CSUD>
    <NORD>22716</NORD>
    <SARD>939</SARD>
    <SICI>2053</SICI>
    <SUD>2908</SUD>
  </marketintervaldetail>
  <marketintervaldetail>
    <Data>20170511</Data>
    <Mercato>MGP</Mercato>
    <Ora>11</Ora>
    <Totale>38290</Totale>
    <CNOR>4287</CNOR>
    <CSUD>5751</CSUD>
    <NORD>22450</NORD>
    <SARD>898</SARD>
    <SICI>1997</SICI>
    <SUD>2907</SUD>
  </marketintervaldetail>
  <marketintervaldetail>
    <Data>20170511</Data>
    <Mercato>MGP</Mercato>
    <Ora>12</Ora>
    <Totale>38316</Totale>
    <CNOR>4356</CNOR>
    <CSUD>5801</CSUD>
    <NORD>22549</NORD>
    <SARD>888</SARD>
    <SICI>1940</SICI>
    <SUD>2782</SUD>
  </marketintervaldetail>
  <marketintervaldetail>
    <Data>20170511</Data>
    <Mercato>MGP</Mercato>
    <Ora>13</Ora>
    <Totale>36543</Totale>
    <CNOR>4114</CNOR>
    <CSUD>5662</CSUD>
    <NORD>21329</NORD>
    <SARD>900</SARD>
    <SICI>1851</SICI>
    <SUD>2687</SUD>
  </marketintervaldetail>
  <marketintervaldetail>
    <Data>20170511</Data>
    <Mercato>MGP</Mercato>
    <Ora>14</Ora>
    <Totale>36572</Totale>
    <CNOR>4067</CNOR>
    <CSUD>5679</CSUD>
    <NORD>21492</NORD>
    <SARD>909</SARD>
    <SICI>1822</SICI>
    <SUD>2603</SUD>
  </marketintervaldetail>
  <marketintervaldetail>
    <Data>20170511</Data>
    <Mercato>MGP</Mercato>
    <Ora>15</Ora>
    <Totale>36940</Totale>
    <CNOR>4110</CNOR>
    <CSUD>5655</CSUD>
    <NORD>21930</NORD>
    <SARD>863</SARD>
    <SICI>1874</SICI>
    <SUD>2508</SUD>
  </marketintervaldetail>
  <marketintervaldetail>
    <Data>20170511</Data>
    <Mercato>MGP</Mercato>
    <Ora>16</Ora>
    <Totale>37030</Totale>
    <CNOR>4069</CNOR>
    <CSUD>5712</CSUD>
    <NORD>22085</NORD>
    <SARD>854</SARD>
    <SICI>1904</SICI>
    <SUD>2406</SUD>
  </marketintervaldetail>
  <marketintervaldetail>
    <Data>20170511</Data>
    <Mercato>MGP</Mercato>
    <Ora>17</Ora>
    <Totale>36973</Totale>
    <CNOR>4235</CNOR>
    <CSUD>5624</CSUD>
    <NORD>21725</NORD>
    <SARD>870</SARD>
    <SICI>1929</SICI>
    <SUD>2590</SUD>
  </marketintervaldetail>
  <marketintervaldetail>
    <Data>20170511</Data>
    <Mercato>MGP</Mercato>
    <Ora>18</Ora>
    <Totale>36122</Totale>
    <CNOR>4240</CNOR>
    <CSUD>5667</CSUD>
    <NORD>20829</NORD>
    <SARD>884</SARD>
    <SICI>1959</SICI>
    <SUD>2543</SUD>
  </marketintervaldetail>
  <marketintervaldetail>
    <Data>20170511</Data>
    <Mercato>MGP</Mercato>
    <Ora>19</Ora>
    <Totale>35250</Totale>
    <CNOR>4188</CNOR>
    <CSUD>5651</CSUD>
    <NORD>19722</NORD>
    <SARD>936</SARD>
    <SICI>2033</SICI>
    <SUD>2720</SUD>
  </marketintervaldetail>
  <marketintervaldetail>
    <Data>20170511</Data>
    <Mercato>MGP</Mercato>
    <Ora>20</Ora>
    <Totale>35661</Totale>
    <CNOR>4156</CNOR>
    <CSUD>5791</CSUD>
    <NORD>19704</NORD>
    <SARD>964</SARD>
    <SICI>2116</SICI>
    <SUD>2930</SUD>
  </marketintervaldetail>
  <marketintervaldetail>
    <Data>20170511</Data>
    <Mercato>MGP</Mercato>
    <Ora>21</Ora>
    <Totale>36343</Totale>
    <CNOR>4219</CNOR>
    <CSUD>5988</CSUD>
    <NORD>19602</NORD>
    <SARD>1000</SARD>
    <SICI>2277</SICI>
    <SUD>3257</SUD>
  </marketintervaldetail>
  <marketintervaldetail>
    <Data>20170511</Data>
    <Mercato>MGP</Mercato>
    <Ora>22</Ora>
    <Totale>35475</Totale>
    <CNOR>3914</CNOR>
    <CSUD>5762</CSUD>
    <NORD>19530</NORD>
    <SARD>1003</SARD>
    <SICI>2237</SICI>
    <SUD>3029</SUD>
  </marketintervaldetail>
  <marketintervaldetail>
    <Data>20170511</Data>
    <Mercato>MGP</Mercato>
    <Ora>23</Ora>
    <Totale>32385</Totale>
    <CNOR>3583</CNOR>
    <CSUD>5177</CSUD>
    <NORD>17815</NORD>
    <SARD>931</SARD>
    <SICI>2052</SICI>
    <SUD>2827</SUD>
  </marketintervaldetail>
  <marketintervaldetail>
    <Data>20170511</Data>
    <Mercato>MGP</Mercato>
    <Ora>24</Ora>
    <Totale>28966</Totale>
    <CNOR>3199</CNOR>
    <CSUD>4621</CSUD>
    <NORD>15973</NORD>
    <SARD>864</SARD>
    <SICI>1858</SICI>
    <SUD>2451</SUD>
  </marketintervaldetail>
</NewDataSet>