<?xml version="1.0" standalone="yes"?>
<NewDataSet>
  <xs:schema id="NewDataSet" xmlns="" xmlns:xs="http://www.w3.org/2001/XMLSchema" xmlns:msdata="urn:schemas-microsoft-com:xml-msdata">
    <xs:element name="NewDataSet" msdata:IsDataSet="true" msdata:MainDataTable="marketintervaldetail" msdata:UseCurrentLocale="true">
      <xs:complexType>
        <xs:choice minOccurs="0" maxOccurs="unbounded">
          <xs:element name="marketintervaldetail">
            <xs:complexType>
              <xs:sequence>
                <xs:element name="Data" type="xs:string" minOccurs="0" />
                <xs:element name="Mercato" type="xs:string" minOccurs="0" />
                <xs:element name="Ora" type="xs:string" minOccurs="0" />
                <xs:element name="Totale" type="xs:string" minOccurs="0" />
                <xs:element name="CNOR" type="xs:string" minOccurs="0" />
                <xs:element name="CSUD" type="xs:string" minOccurs="0" />
                <xs:element name="NORD" type="xs:string" minOccurs="0" />
                <xs:element name="SARD" type="xs:string" minOccurs="0" />
                <xs:element name="SICI" type="xs:string" minOccurs="0" />
                <xs:element name="SUD" type="xs:string" minOccurs="0" />
              </xs:sequence>
            </xs:complexType>
          </xs:element>
        </xs:choice>
      </xs:complexType>
    </xs:element>
  </xs:schema>
  <marketintervaldetail>
    <Data>20170512</Data>
    <Mercato>MGP</Mercato>
    <Ora>01</Ora>
    <Totale>27575</Totale>
    <CNOR>2948</CNOR>
    <CSUD>4354</CSUD>
    <NORD>15605</NORD>
    <SARD>812</SARD>
    <SICI>1623</SICI>
    <SUD>2233</SUD>
  </marketintervaldetail>
  <marketintervaldetail>
    <Data>20170512</Data>
    <Mercato>MGP</Mercato>
    <Ora>02</Ora>
    <Totale>25878</Totale>
    <CNOR>2762</CNOR>
    <CSUD>4093</CSUD>
    <NORD>14687</NORD>
    <SARD>768</SARD>
    <SICI>1499</SICI>
    <SUD>2069</SUD>
  </marketintervaldetail>
  <marketintervaldetail>
    <Data>20170512</Data>
    <Mercato>MGP</Mercato>
    <Ora>03</Ora>
    <Totale>24802</Totale>
    <CNOR>2695</CNOR>
    <CSUD>3902</CSUD>
    <NORD>14041</NORD>
    <SARD>744</SARD>
    <SICI>1427</SICI>
    <SUD>1993</SUD>
  </marketintervaldetail>
  <marketintervaldetail>
    <Data>20170512</Data>
    <Mercato>MGP</Mercato>
    <Ora>04</Ora>
    <Totale>24469</Totale>
    <CNOR>2661</CNOR>
    <CSUD>3807</CSUD>
    <NORD>13915</NORD>
    <SARD>732</SARD>
    <SICI>1397</SICI>
    <SUD>1957</SUD>
  </marketintervaldetail>
  <marketintervaldetail>
    <Data>20170512</Data>
    <Mercato>MGP</Mercato>
    <Ora>05</Ora>
    <Totale>24537</Totale>
    <CNOR>2655</CNOR>
    <CSUD>3826</CSUD>
    <NORD>13954</NORD>
    <SARD>741</SARD>
    <SICI>1384</SICI>
    <SUD>1977</SUD>
  </marketintervaldetail>
  <marketintervaldetail>
    <Data>20170512</Data>
    <Mercato>MGP</Mercato>
    <Ora>06</Ora>
    <Totale>25632</Totale>
    <CNOR>2773</CNOR>
    <CSUD>3957</CSUD>
    <NORD>14661</NORD>
    <SARD>761</SARD>
    <SICI>1459</SICI>
    <SUD>2021</SUD>
  </marketintervaldetail>
  <marketintervaldetail>
    <Data>20170512</Data>
    <Mercato>MGP</Mercato>
    <Ora>07</Ora>
    <Totale>28251</Totale>
    <CNOR>3037</CNOR>
    <CSUD>4223</CSUD>
    <NORD>16488</NORD>
    <SARD>805</SARD>
    <SICI>1547</SICI>
    <SUD>2151</SUD>
  </marketintervaldetail>
  <marketintervaldetail>
    <Data>20170512</Data>
    <Mercato>MGP</Mercato>
    <Ora>08</Ora>
    <Totale>33417</Totale>
    <CNOR>3598</CNOR>
    <CSUD>4914</CSUD>
    <NORD>19635</NORD>
    <SARD>900</SARD>
    <SICI>1843</SICI>
    <SUD>2527</SUD>
  </marketintervaldetail>
  <marketintervaldetail>
    <Data>20170512</Data>
    <Mercato>MGP</Mercato>
    <Ora>09</Ora>
    <Totale>37663</Totale>
    <CNOR>4148</CNOR>
    <CSUD>5499</CSUD>
    <NORD>22265</NORD>
    <SARD>971</SARD>
    <SICI>2038</SICI>
    <SUD>2742</SUD>
  </marketintervaldetail>
  <marketintervaldetail>
    <Data>20170512</Data>
    <Mercato>MGP</Mercato>
    <Ora>10</Ora>
    <Totale>39080</Totale>
    <CNOR>4413</CNOR>
    <CSUD>5954</CSUD>
    <NORD>22847</NORD>
    <SARD>978</SARD>
    <SICI>2058</SICI>
    <SUD>2830</SUD>
  </marketintervaldetail>
  <marketintervaldetail>
    <Data>20170512</Data>
    <Mercato>MGP</Mercato>
    <Ora>11</Ora>
    <Totale>38801</Totale>
    <CNOR>4358</CNOR>
    <CSUD>5989</CSUD>
    <NORD>22780</NORD>
    <SARD>956</SARD>
    <SICI>2029</SICI>
    <SUD>2689</SUD>
  </marketintervaldetail>
  <marketintervaldetail>
    <Data>20170512</Data>
    <Mercato>MGP</Mercato>
    <Ora>12</Ora>
    <Totale>38046</Totale>
    <CNOR>4347</CNOR>
    <CSUD>5981</CSUD>
    <NORD>22376</NORD>
    <SARD>923</SARD>
    <SICI>1993</SICI>
    <SUD>2426</SUD>
  </marketintervaldetail>
  <marketintervaldetail>
    <Data>20170512</Data>
    <Mercato>MGP</Mercato>
    <Ora>13</Ora>
    <Totale>34938</Totale>
    <CNOR>4079</CNOR>
    <CSUD>5781</CSUD>
    <NORD>20256</NORD>
    <SARD>888</SARD>
    <SICI>1876</SICI>
    <SUD>2058</SUD>
  </marketintervaldetail>
  <marketintervaldetail>
    <Data>20170512</Data>
    <Mercato>MGP</Mercato>
    <Ora>14</Ora>
    <Totale>34195</Totale>
    <CNOR>3959</CNOR>
    <CSUD>5520</CSUD>
    <NORD>19999</NORD>
    <SARD>893</SARD>
    <SICI>1825</SICI>
    <SUD>1999</SUD>
  </marketintervaldetail>
  <marketintervaldetail>
    <Data>20170512</Data>
    <Mercato>MGP</Mercato>
    <Ora>15</Ora>
    <Totale>36556</Totale>
    <CNOR>4191</CNOR>
    <CSUD>5593</CSUD>
    <NORD>21758</NORD>
    <SARD>880</SARD>
    <SICI>1792</SICI>
    <SUD>2342</SUD>
  </marketintervaldetail>
  <marketintervaldetail>
    <Data>20170512</Data>
    <Mercato>MGP</Mercato>
    <Ora>16</Ora>
    <Totale>37269</Totale>
    <CNOR>4270</CNOR>
    <CSUD>5914</CSUD>
    <NORD>22027</NORD>
    <SARD>880</SARD>
    <SICI>1820</SICI>
    <SUD>2358</SUD>
  </marketintervaldetail>
  <marketintervaldetail>
    <Data>20170512</Data>
    <Mercato>MGP</Mercato>
    <Ora>17</Ora>
    <Totale>36830</Totale>
    <CNOR>4112</CNOR>
    <CSUD>6056</CSUD>
    <NORD>21467</NORD>
    <SARD>932</SARD>
    <SICI>1886</SICI>
    <SUD>2377</SUD>
  </marketintervaldetail>
  <marketintervaldetail>
    <Data>20170512</Data>
    <Mercato>MGP</Mercato>
    <Ora>18</Ora>
    <Totale>36062</Totale>
    <CNOR>3809</CNOR>
    <CSUD>5936</CSUD>
    <NORD>20761</NORD>
    <SARD>981</SARD>
    <SICI>1938</SICI>
    <SUD>2637</SUD>
  </marketintervaldetail>
  <marketintervaldetail>
    <Data>20170512</Data>
    <Mercato>MGP</Mercato>
    <Ora>19</Ora>
    <Totale>35299</Totale>
    <CNOR>3654</CNOR>
    <CSUD>5745</CSUD>
    <NORD>20405</NORD>
    <SARD>985</SARD>
    <SICI>1971</SICI>
    <SUD>2539</SUD>
  </marketintervaldetail>
  <marketintervaldetail>
    <Data>20170512</Data>
    <Mercato>MGP</Mercato>
    <Ora>20</Ora>
    <Totale>35661</Totale>
    <CNOR>3559</CNOR>
    <CSUD>5836</CSUD>
    <NORD>20590</NORD>
    <SARD>1045</SARD>
    <SICI>2034</SICI>
    <SUD>2597</SUD>
  </marketintervaldetail>
  <marketintervaldetail>
    <Data>20170512</Data>
    <Mercato>MGP</Mercato>
    <Ora>21</Ora>
    <Totale>36155</Totale>
    <CNOR>3639</CNOR>
    <CSUD>5948</CSUD>
    <NORD>20138</NORD>
    <SARD>1069</SARD>
    <SICI>2226</SICI>
    <SUD>3135</SUD>
  </marketintervaldetail>
  <marketintervaldetail>
    <Data>20170512</Data>
    <Mercato>MGP</Mercato>
    <Ora>22</Ora>
    <Totale>35960</Totale>
    <CNOR>3819</CNOR>
    <CSUD>5905</CSUD>
    <NORD>19887</NORD>
    <SARD>1062</SARD>
    <SICI>2161</SICI>
    <SUD>3126</SUD>
  </marketintervaldetail>
  <marketintervaldetail>
    <Data>20170512</Data>
    <Mercato>MGP</Mercato>
    <Ora>23</Ora>
    <Totale>32920</Totale>
    <CNOR>3477</CNOR>
    <CSUD>5580</CSUD>
    <NORD>18141</NORD>
    <SARD>1004</SARD>
    <SICI>2010</SICI>
    <SUD>2708</SUD>
  </marketintervaldetail>
  <marketintervaldetail>
    <Data>20170512</Data>
    <Mercato>MGP</Mercato>
    <Ora>24</Ora>
    <Totale>29943</Totale>
    <CNOR>3149</CNOR>
    <CSUD>5072</CSUD>
    <NORD>16633</NORD>
    <SARD>936</SARD>
    <SICI>1762</SICI>
    <SUD>2391</SUD>
  </marketintervaldetail>
</NewDataSet>