<?xml version="1.0" standalone="yes"?>
<NewDataSet>
  <xs:schema id="NewDataSet" xmlns="" xmlns:xs="http://www.w3.org/2001/XMLSchema" xmlns:msdata="urn:schemas-microsoft-com:xml-msdata">
    <xs:element name="NewDataSet" msdata:IsDataSet="true" msdata:MainDataTable="marketintervaldetail" msdata:UseCurrentLocale="true">
      <xs:complexType>
        <xs:choice minOccurs="0" maxOccurs="unbounded">
          <xs:element name="marketintervaldetail">
            <xs:complexType>
              <xs:sequence>
                <xs:element name="Data" type="xs:string" minOccurs="0" />
                <xs:element name="Mercato" type="xs:string" minOccurs="0" />
                <xs:element name="Ora" type="xs:string" minOccurs="0" />
                <xs:element name="Totale" type="xs:string" minOccurs="0" />
                <xs:element name="CNOR" type="xs:string" minOccurs="0" />
                <xs:element name="CSUD" type="xs:string" minOccurs="0" />
                <xs:element name="NORD" type="xs:string" minOccurs="0" />
                <xs:element name="SARD" type="xs:string" minOccurs="0" />
                <xs:element name="SICI" type="xs:string" minOccurs="0" />
                <xs:element name="SUD" type="xs:string" minOccurs="0" />
              </xs:sequence>
            </xs:complexType>
          </xs:element>
        </xs:choice>
      </xs:complexType>
    </xs:element>
  </xs:schema>
  <marketintervaldetail>
    <Data>20170504</Data>
    <Mercato>MGP</Mercato>
    <Ora>01</Ora>
    <Totale>26885</Totale>
    <CNOR>2941</CNOR>
    <CSUD>4132</CSUD>
    <NORD>14904</NORD>
    <SARD>952</SARD>
    <SICI>1559</SICI>
    <SUD>2397</SUD>
  </marketintervaldetail>
  <marketintervaldetail>
    <Data>20170504</Data>
    <Mercato>MGP</Mercato>
    <Ora>02</Ora>
    <Totale>24914</Totale>
    <CNOR>2642</CNOR>
    <CSUD>3733</CSUD>
    <NORD>13853</NORD>
    <SARD>990</SARD>
    <SICI>1435</SICI>
    <SUD>2261</SUD>
  </marketintervaldetail>
  <marketintervaldetail>
    <Data>20170504</Data>
    <Mercato>MGP</Mercato>
    <Ora>03</Ora>
    <Totale>24149</Totale>
    <CNOR>2590</CNOR>
    <CSUD>3559</CSUD>
    <NORD>13328</NORD>
    <SARD>960</SARD>
    <SICI>1439</SICI>
    <SUD>2273</SUD>
  </marketintervaldetail>
  <marketintervaldetail>
    <Data>20170504</Data>
    <Mercato>MGP</Mercato>
    <Ora>04</Ora>
    <Totale>23841</Totale>
    <CNOR>2579</CNOR>
    <CSUD>3575</CSUD>
    <NORD>13317</NORD>
    <SARD>934</SARD>
    <SICI>1289</SICI>
    <SUD>2147</SUD>
  </marketintervaldetail>
  <marketintervaldetail>
    <Data>20170504</Data>
    <Mercato>MGP</Mercato>
    <Ora>05</Ora>
    <Totale>23972</Totale>
    <CNOR>2543</CNOR>
    <CSUD>3615</CSUD>
    <NORD>13494</NORD>
    <SARD>949</SARD>
    <SICI>1261</SICI>
    <SUD>2110</SUD>
  </marketintervaldetail>
  <marketintervaldetail>
    <Data>20170504</Data>
    <Mercato>MGP</Mercato>
    <Ora>06</Ora>
    <Totale>25282</Totale>
    <CNOR>2576</CNOR>
    <CSUD>3837</CSUD>
    <NORD>14440</NORD>
    <SARD>981</SARD>
    <SICI>1325</SICI>
    <SUD>2123</SUD>
  </marketintervaldetail>
  <marketintervaldetail>
    <Data>20170504</Data>
    <Mercato>MGP</Mercato>
    <Ora>07</Ora>
    <Totale>28219</Totale>
    <CNOR>2925</CNOR>
    <CSUD>4245</CSUD>
    <NORD>16482</NORD>
    <SARD>1030</SARD>
    <SICI>1385</SICI>
    <SUD>2152</SUD>
  </marketintervaldetail>
  <marketintervaldetail>
    <Data>20170504</Data>
    <Mercato>MGP</Mercato>
    <Ora>08</Ora>
    <Totale>33411</Totale>
    <CNOR>3463</CNOR>
    <CSUD>4980</CSUD>
    <NORD>19530</NORD>
    <SARD>1113</SARD>
    <SICI>1743</SICI>
    <SUD>2582</SUD>
  </marketintervaldetail>
  <marketintervaldetail>
    <Data>20170504</Data>
    <Mercato>MGP</Mercato>
    <Ora>09</Ora>
    <Totale>38087</Totale>
    <CNOR>4100</CNOR>
    <CSUD>5544</CSUD>
    <NORD>22692</NORD>
    <SARD>1169</SARD>
    <SICI>1895</SICI>
    <SUD>2687</SUD>
  </marketintervaldetail>
  <marketintervaldetail>
    <Data>20170504</Data>
    <Mercato>MGP</Mercato>
    <Ora>10</Ora>
    <Totale>39714</Totale>
    <CNOR>4376</CNOR>
    <CSUD>5887</CSUD>
    <NORD>23509</NORD>
    <SARD>1180</SARD>
    <SICI>1851</SICI>
    <SUD>2911</SUD>
  </marketintervaldetail>
  <marketintervaldetail>
    <Data>20170504</Data>
    <Mercato>MGP</Mercato>
    <Ora>11</Ora>
    <Totale>39722</Totale>
    <CNOR>4419</CNOR>
    <CSUD>5951</CSUD>
    <NORD>23499</NORD>
    <SARD>1066</SARD>
    <SICI>1889</SICI>
    <SUD>2898</SUD>
  </marketintervaldetail>
  <marketintervaldetail>
    <Data>20170504</Data>
    <Mercato>MGP</Mercato>
    <Ora>12</Ora>
    <Totale>39594</Totale>
    <CNOR>4646</CNOR>
    <CSUD>5965</CSUD>
    <NORD>23498</NORD>
    <SARD>982</SARD>
    <SICI>1786</SICI>
    <SUD>2717</SUD>
  </marketintervaldetail>
  <marketintervaldetail>
    <Data>20170504</Data>
    <Mercato>MGP</Mercato>
    <Ora>13</Ora>
    <Totale>36900</Totale>
    <CNOR>4260</CNOR>
    <CSUD>5555</CSUD>
    <NORD>21884</NORD>
    <SARD>941</SARD>
    <SICI>1741</SICI>
    <SUD>2519</SUD>
  </marketintervaldetail>
  <marketintervaldetail>
    <Data>20170504</Data>
    <Mercato>MGP</Mercato>
    <Ora>14</Ora>
    <Totale>36118</Totale>
    <CNOR>3916</CNOR>
    <CSUD>5231</CSUD>
    <NORD>21796</NORD>
    <SARD>985</SARD>
    <SICI>1725</SICI>
    <SUD>2465</SUD>
  </marketintervaldetail>
  <marketintervaldetail>
    <Data>20170504</Data>
    <Mercato>MGP</Mercato>
    <Ora>15</Ora>
    <Totale>37575</Totale>
    <CNOR>4219</CNOR>
    <CSUD>5323</CSUD>
    <NORD>22904</NORD>
    <SARD>963</SARD>
    <SICI>1711</SICI>
    <SUD>2455</SUD>
  </marketintervaldetail>
  <marketintervaldetail>
    <Data>20170504</Data>
    <Mercato>MGP</Mercato>
    <Ora>16</Ora>
    <Totale>37977</Totale>
    <CNOR>4265</CNOR>
    <CSUD>5412</CSUD>
    <NORD>23148</NORD>
    <SARD>971</SARD>
    <SICI>1688</SICI>
    <SUD>2493</SUD>
  </marketintervaldetail>
  <marketintervaldetail>
    <Data>20170504</Data>
    <Mercato>MGP</Mercato>
    <Ora>17</Ora>
    <Totale>37891</Totale>
    <CNOR>4129</CNOR>
    <CSUD>5341</CSUD>
    <NORD>23042</NORD>
    <SARD>1019</SARD>
    <SICI>1761</SICI>
    <SUD>2599</SUD>
  </marketintervaldetail>
  <marketintervaldetail>
    <Data>20170504</Data>
    <Mercato>MGP</Mercato>
    <Ora>18</Ora>
    <Totale>36926</Totale>
    <CNOR>4159</CNOR>
    <CSUD>5294</CSUD>
    <NORD>22124</NORD>
    <SARD>992</SARD>
    <SICI>1744</SICI>
    <SUD>2613</SUD>
  </marketintervaldetail>
  <marketintervaldetail>
    <Data>20170504</Data>
    <Mercato>MGP</Mercato>
    <Ora>19</Ora>
    <Totale>35965</Totale>
    <CNOR>3992</CNOR>
    <CSUD>5325</CSUD>
    <NORD>21153</NORD>
    <SARD>1031</SARD>
    <SICI>1803</SICI>
    <SUD>2661</SUD>
  </marketintervaldetail>
  <marketintervaldetail>
    <Data>20170504</Data>
    <Mercato>MGP</Mercato>
    <Ora>20</Ora>
    <Totale>36196</Totale>
    <CNOR>4046</CNOR>
    <CSUD>5561</CSUD>
    <NORD>20698</NORD>
    <SARD>1059</SARD>
    <SICI>1949</SICI>
    <SUD>2883</SUD>
  </marketintervaldetail>
  <marketintervaldetail>
    <Data>20170504</Data>
    <Mercato>MGP</Mercato>
    <Ora>21</Ora>
    <Totale>37626</Totale>
    <CNOR>4045</CNOR>
    <CSUD>6013</CSUD>
    <NORD>20926</NORD>
    <SARD>1140</SARD>
    <SICI>2226</SICI>
    <SUD>3276</SUD>
  </marketintervaldetail>
  <marketintervaldetail>
    <Data>20170504</Data>
    <Mercato>MGP</Mercato>
    <Ora>22</Ora>
    <Totale>36354</Totale>
    <CNOR>3896</CNOR>
    <CSUD>5831</CSUD>
    <NORD>20337</NORD>
    <SARD>1089</SARD>
    <SICI>2150</SICI>
    <SUD>3051</SUD>
  </marketintervaldetail>
  <marketintervaldetail>
    <Data>20170504</Data>
    <Mercato>MGP</Mercato>
    <Ora>23</Ora>
    <Totale>32983</Totale>
    <CNOR>3572</CNOR>
    <CSUD>5218</CSUD>
    <NORD>18308</NORD>
    <SARD>1040</SARD>
    <SICI>1970</SICI>
    <SUD>2875</SUD>
  </marketintervaldetail>
  <marketintervaldetail>
    <Data>20170504</Data>
    <Mercato>MGP</Mercato>
    <Ora>24</Ora>
    <Totale>29379</Totale>
    <CNOR>3238</CNOR>
    <CSUD>4597</CSUD>
    <NORD>16264</NORD>
    <SARD>1005</SARD>
    <SICI>1633</SICI>
    <SUD>2642</SUD>
  </marketintervaldetail>
</NewDataSet>