<?xml version="1.0" standalone="yes"?>
<NewDataSet>
  <xs:schema id="NewDataSet" xmlns="" xmlns:xs="http://www.w3.org/2001/XMLSchema" xmlns:msdata="urn:schemas-microsoft-com:xml-msdata">
    <xs:element name="NewDataSet" msdata:IsDataSet="true" msdata:MainDataTable="marketintervaldetail" msdata:UseCurrentLocale="true">
      <xs:complexType>
        <xs:choice minOccurs="0" maxOccurs="unbounded">
          <xs:element name="marketintervaldetail">
            <xs:complexType>
              <xs:sequence>
                <xs:element name="Data" type="xs:string" minOccurs="0" />
                <xs:element name="Mercato" type="xs:string" minOccurs="0" />
                <xs:element name="Ora" type="xs:string" minOccurs="0" />
                <xs:element name="Totale" type="xs:string" minOccurs="0" />
                <xs:element name="CNOR" type="xs:string" minOccurs="0" />
                <xs:element name="CSUD" type="xs:string" minOccurs="0" />
                <xs:element name="NORD" type="xs:string" minOccurs="0" />
                <xs:element name="SARD" type="xs:string" minOccurs="0" />
                <xs:element name="SICI" type="xs:string" minOccurs="0" />
                <xs:element name="SUD" type="xs:string" minOccurs="0" />
              </xs:sequence>
            </xs:complexType>
          </xs:element>
        </xs:choice>
      </xs:complexType>
    </xs:element>
  </xs:schema>
  <marketintervaldetail>
    <Data>20170518</Data>
    <Mercato>MGP</Mercato>
    <Ora>01</Ora>
    <Totale>27610</Totale>
    <CNOR>2916</CNOR>
    <CSUD>4307</CSUD>
    <NORD>15422</NORD>
    <SARD>861</SARD>
    <SICI>1801</SICI>
    <SUD>2303</SUD>
  </marketintervaldetail>
  <marketintervaldetail>
    <Data>20170518</Data>
    <Mercato>MGP</Mercato>
    <Ora>02</Ora>
    <Totale>25822</Totale>
    <CNOR>2700</CNOR>
    <CSUD>3978</CSUD>
    <NORD>14418</NORD>
    <SARD>820</SARD>
    <SICI>1676</SICI>
    <SUD>2230</SUD>
  </marketintervaldetail>
  <marketintervaldetail>
    <Data>20170518</Data>
    <Mercato>MGP</Mercato>
    <Ora>03</Ora>
    <Totale>24705</Totale>
    <CNOR>2604</CNOR>
    <CSUD>3782</CSUD>
    <NORD>13690</NORD>
    <SARD>802</SARD>
    <SICI>1591</SICI>
    <SUD>2236</SUD>
  </marketintervaldetail>
  <marketintervaldetail>
    <Data>20170518</Data>
    <Mercato>MGP</Mercato>
    <Ora>04</Ora>
    <Totale>24264</Totale>
    <CNOR>2545</CNOR>
    <CSUD>3691</CSUD>
    <NORD>13514</NORD>
    <SARD>783</SARD>
    <SICI>1505</SICI>
    <SUD>2226</SUD>
  </marketintervaldetail>
  <marketintervaldetail>
    <Data>20170518</Data>
    <Mercato>MGP</Mercato>
    <Ora>05</Ora>
    <Totale>24485</Totale>
    <CNOR>2591</CNOR>
    <CSUD>3667</CSUD>
    <NORD>13757</NORD>
    <SARD>784</SARD>
    <SICI>1467</SICI>
    <SUD>2219</SUD>
  </marketintervaldetail>
  <marketintervaldetail>
    <Data>20170518</Data>
    <Mercato>MGP</Mercato>
    <Ora>06</Ora>
    <Totale>25085</Totale>
    <CNOR>2642</CNOR>
    <CSUD>3815</CSUD>
    <NORD>14109</NORD>
    <SARD>800</SARD>
    <SICI>1489</SICI>
    <SUD>2230</SUD>
  </marketintervaldetail>
  <marketintervaldetail>
    <Data>20170518</Data>
    <Mercato>MGP</Mercato>
    <Ora>07</Ora>
    <Totale>27627</Totale>
    <CNOR>2787</CNOR>
    <CSUD>4031</CSUD>
    <NORD>16173</NORD>
    <SARD>841</SARD>
    <SICI>1606</SICI>
    <SUD>2189</SUD>
  </marketintervaldetail>
  <marketintervaldetail>
    <Data>20170518</Data>
    <Mercato>MGP</Mercato>
    <Ora>08</Ora>
    <Totale>33001</Totale>
    <CNOR>3366</CNOR>
    <CSUD>4817</CSUD>
    <NORD>19215</NORD>
    <SARD>951</SARD>
    <SICI>1971</SICI>
    <SUD>2681</SUD>
  </marketintervaldetail>
  <marketintervaldetail>
    <Data>20170518</Data>
    <Mercato>MGP</Mercato>
    <Ora>09</Ora>
    <Totale>37043</Totale>
    <CNOR>3856</CNOR>
    <CSUD>5391</CSUD>
    <NORD>21688</NORD>
    <SARD>984</SARD>
    <SICI>2022</SICI>
    <SUD>3102</SUD>
  </marketintervaldetail>
  <marketintervaldetail>
    <Data>20170518</Data>
    <Mercato>MGP</Mercato>
    <Ora>10</Ora>
    <Totale>38843</Totale>
    <CNOR>4071</CNOR>
    <CSUD>5714</CSUD>
    <NORD>22908</NORD>
    <SARD>1001</SARD>
    <SICI>2101</SICI>
    <SUD>3048</SUD>
  </marketintervaldetail>
  <marketintervaldetail>
    <Data>20170518</Data>
    <Mercato>MGP</Mercato>
    <Ora>11</Ora>
    <Totale>39275</Totale>
    <CNOR>4133</CNOR>
    <CSUD>5933</CSUD>
    <NORD>23076</NORD>
    <SARD>973</SARD>
    <SICI>2070</SICI>
    <SUD>3090</SUD>
  </marketintervaldetail>
  <marketintervaldetail>
    <Data>20170518</Data>
    <Mercato>MGP</Mercato>
    <Ora>12</Ora>
    <Totale>38871</Totale>
    <CNOR>4078</CNOR>
    <CSUD>5977</CSUD>
    <NORD>22825</NORD>
    <SARD>972</SARD>
    <SICI>2126</SICI>
    <SUD>2893</SUD>
  </marketintervaldetail>
  <marketintervaldetail>
    <Data>20170518</Data>
    <Mercato>MGP</Mercato>
    <Ora>13</Ora>
    <Totale>37060</Totale>
    <CNOR>3872</CNOR>
    <CSUD>5852</CSUD>
    <NORD>21299</NORD>
    <SARD>1008</SARD>
    <SICI>2132</SICI>
    <SUD>2897</SUD>
  </marketintervaldetail>
  <marketintervaldetail>
    <Data>20170518</Data>
    <Mercato>MGP</Mercato>
    <Ora>14</Ora>
    <Totale>36065</Totale>
    <CNOR>3520</CNOR>
    <CSUD>5599</CSUD>
    <NORD>21174</NORD>
    <SARD>973</SARD>
    <SICI>1945</SICI>
    <SUD>2854</SUD>
  </marketintervaldetail>
  <marketintervaldetail>
    <Data>20170518</Data>
    <Mercato>MGP</Mercato>
    <Ora>15</Ora>
    <Totale>36629</Totale>
    <CNOR>3847</CNOR>
    <CSUD>5492</CSUD>
    <NORD>21687</NORD>
    <SARD>920</SARD>
    <SICI>2011</SICI>
    <SUD>2672</SUD>
  </marketintervaldetail>
  <marketintervaldetail>
    <Data>20170518</Data>
    <Mercato>MGP</Mercato>
    <Ora>16</Ora>
    <Totale>37909</Totale>
    <CNOR>3964</CNOR>
    <CSUD>5617</CSUD>
    <NORD>22523</NORD>
    <SARD>928</SARD>
    <SICI>2091</SICI>
    <SUD>2786</SUD>
  </marketintervaldetail>
  <marketintervaldetail>
    <Data>20170518</Data>
    <Mercato>MGP</Mercato>
    <Ora>17</Ora>
    <Totale>38812</Totale>
    <CNOR>4297</CNOR>
    <CSUD>5776</CSUD>
    <NORD>22765</NORD>
    <SARD>951</SARD>
    <SICI>2108</SICI>
    <SUD>2915</SUD>
  </marketintervaldetail>
  <marketintervaldetail>
    <Data>20170518</Data>
    <Mercato>MGP</Mercato>
    <Ora>18</Ora>
    <Totale>38306</Totale>
    <CNOR>4105</CNOR>
    <CSUD>5863</CSUD>
    <NORD>22306</NORD>
    <SARD>950</SARD>
    <SICI>2152</SICI>
    <SUD>2930</SUD>
  </marketintervaldetail>
  <marketintervaldetail>
    <Data>20170518</Data>
    <Mercato>MGP</Mercato>
    <Ora>19</Ora>
    <Totale>37199</Totale>
    <CNOR>3905</CNOR>
    <CSUD>5772</CSUD>
    <NORD>21415</NORD>
    <SARD>1000</SARD>
    <SICI>2121</SICI>
    <SUD>2986</SUD>
  </marketintervaldetail>
  <marketintervaldetail>
    <Data>20170518</Data>
    <Mercato>MGP</Mercato>
    <Ora>20</Ora>
    <Totale>37001</Totale>
    <CNOR>3824</CNOR>
    <CSUD>5720</CSUD>
    <NORD>20958</NORD>
    <SARD>1042</SARD>
    <SICI>2332</SICI>
    <SUD>3125</SUD>
  </marketintervaldetail>
  <marketintervaldetail>
    <Data>20170518</Data>
    <Mercato>MGP</Mercato>
    <Ora>21</Ora>
    <Totale>37054</Totale>
    <CNOR>3824</CNOR>
    <CSUD>6092</CSUD>
    <NORD>20344</NORD>
    <SARD>1075</SARD>
    <SICI>2422</SICI>
    <SUD>3297</SUD>
  </marketintervaldetail>
  <marketintervaldetail>
    <Data>20170518</Data>
    <Mercato>MGP</Mercato>
    <Ora>22</Ora>
    <Totale>36546</Totale>
    <CNOR>3805</CNOR>
    <CSUD>5976</CSUD>
    <NORD>20146</NORD>
    <SARD>1082</SARD>
    <SICI>2297</SICI>
    <SUD>3240</SUD>
  </marketintervaldetail>
  <marketintervaldetail>
    <Data>20170518</Data>
    <Mercato>MGP</Mercato>
    <Ora>23</Ora>
    <Totale>33529</Totale>
    <CNOR>3507</CNOR>
    <CSUD>5417</CSUD>
    <NORD>18596</NORD>
    <SARD>1006</SARD>
    <SICI>2102</SICI>
    <SUD>2901</SUD>
  </marketintervaldetail>
  <marketintervaldetail>
    <Data>20170518</Data>
    <Mercato>MGP</Mercato>
    <Ora>24</Ora>
    <Totale>30284</Totale>
    <CNOR>3093</CNOR>
    <CSUD>4849</CSUD>
    <NORD>16661</NORD>
    <SARD>935</SARD>
    <SICI>1979</SICI>
    <SUD>2767</SUD>
  </marketintervaldetail>
</NewDataSet>