<?xml version="1.0" standalone="yes"?>
<NewDataSet>
  <xs:schema id="NewDataSet" xmlns="" xmlns:xs="http://www.w3.org/2001/XMLSchema" xmlns:msdata="urn:schemas-microsoft-com:xml-msdata">
    <xs:element name="NewDataSet" msdata:IsDataSet="true" msdata:MainDataTable="marketintervaldetail" msdata:UseCurrentLocale="true">
      <xs:complexType>
        <xs:choice minOccurs="0" maxOccurs="unbounded">
          <xs:element name="marketintervaldetail">
            <xs:complexType>
              <xs:sequence>
                <xs:element name="Data" type="xs:string" minOccurs="0" />
                <xs:element name="Mercato" type="xs:string" minOccurs="0" />
                <xs:element name="Ora" type="xs:string" minOccurs="0" />
                <xs:element name="Totale" type="xs:string" minOccurs="0" />
                <xs:element name="CNOR" type="xs:string" minOccurs="0" />
                <xs:element name="CSUD" type="xs:string" minOccurs="0" />
                <xs:element name="NORD" type="xs:string" minOccurs="0" />
                <xs:element name="SARD" type="xs:string" minOccurs="0" />
                <xs:element name="SICI" type="xs:string" minOccurs="0" />
                <xs:element name="SUD" type="xs:string" minOccurs="0" />
              </xs:sequence>
            </xs:complexType>
          </xs:element>
        </xs:choice>
      </xs:complexType>
    </xs:element>
  </xs:schema>
  <marketintervaldetail>
    <Data>20170530</Data>
    <Mercato>MGP</Mercato>
    <Ora>01</Ora>
    <Totale>27839</Totale>
    <CNOR>2909</CNOR>
    <CSUD>4326</CSUD>
    <NORD>15812</NORD>
    <SARD>866</SARD>
    <SICI>1568</SICI>
    <SUD>2358</SUD>
  </marketintervaldetail>
  <marketintervaldetail>
    <Data>20170530</Data>
    <Mercato>MGP</Mercato>
    <Ora>02</Ora>
    <Totale>26220</Totale>
    <CNOR>2716</CNOR>
    <CSUD>4064</CSUD>
    <NORD>14883</NORD>
    <SARD>823</SARD>
    <SICI>1495</SICI>
    <SUD>2239</SUD>
  </marketintervaldetail>
  <marketintervaldetail>
    <Data>20170530</Data>
    <Mercato>MGP</Mercato>
    <Ora>03</Ora>
    <Totale>25184</Totale>
    <CNOR>2607</CNOR>
    <CSUD>3891</CSUD>
    <NORD>14307</NORD>
    <SARD>792</SARD>
    <SICI>1440</SICI>
    <SUD>2147</SUD>
  </marketintervaldetail>
  <marketintervaldetail>
    <Data>20170530</Data>
    <Mercato>MGP</Mercato>
    <Ora>04</Ora>
    <Totale>24740</Totale>
    <CNOR>2589</CNOR>
    <CSUD>3861</CSUD>
    <NORD>14018</NORD>
    <SARD>780</SARD>
    <SICI>1410</SICI>
    <SUD>2082</SUD>
  </marketintervaldetail>
  <marketintervaldetail>
    <Data>20170530</Data>
    <Mercato>MGP</Mercato>
    <Ora>05</Ora>
    <Totale>24990</Totale>
    <CNOR>2583</CNOR>
    <CSUD>3894</CSUD>
    <NORD>14201</NORD>
    <SARD>783</SARD>
    <SICI>1429</SICI>
    <SUD>2100</SUD>
  </marketintervaldetail>
  <marketintervaldetail>
    <Data>20170530</Data>
    <Mercato>MGP</Mercato>
    <Ora>06</Ora>
    <Totale>25579</Totale>
    <CNOR>2602</CNOR>
    <CSUD>3890</CSUD>
    <NORD>14650</NORD>
    <SARD>794</SARD>
    <SICI>1469</SICI>
    <SUD>2174</SUD>
  </marketintervaldetail>
  <marketintervaldetail>
    <Data>20170530</Data>
    <Mercato>MGP</Mercato>
    <Ora>07</Ora>
    <Totale>28246</Totale>
    <CNOR>2866</CNOR>
    <CSUD>4193</CSUD>
    <NORD>16560</NORD>
    <SARD>816</SARD>
    <SICI>1550</SICI>
    <SUD>2261</SUD>
  </marketintervaldetail>
  <marketintervaldetail>
    <Data>20170530</Data>
    <Mercato>MGP</Mercato>
    <Ora>08</Ora>
    <Totale>33473</Totale>
    <CNOR>3422</CNOR>
    <CSUD>4905</CSUD>
    <NORD>19879</NORD>
    <SARD>886</SARD>
    <SICI>1835</SICI>
    <SUD>2546</SUD>
  </marketintervaldetail>
  <marketintervaldetail>
    <Data>20170530</Data>
    <Mercato>MGP</Mercato>
    <Ora>09</Ora>
    <Totale>37610</Totale>
    <CNOR>3876</CNOR>
    <CSUD>5526</CSUD>
    <NORD>22548</NORD>
    <SARD>955</SARD>
    <SICI>1979</SICI>
    <SUD>2726</SUD>
  </marketintervaldetail>
  <marketintervaldetail>
    <Data>20170530</Data>
    <Mercato>MGP</Mercato>
    <Ora>10</Ora>
    <Totale>39233</Totale>
    <CNOR>4062</CNOR>
    <CSUD>5955</CSUD>
    <NORD>23443</NORD>
    <SARD>961</SARD>
    <SICI>2073</SICI>
    <SUD>2739</SUD>
  </marketintervaldetail>
  <marketintervaldetail>
    <Data>20170530</Data>
    <Mercato>MGP</Mercato>
    <Ora>11</Ora>
    <Totale>38864</Totale>
    <CNOR>4117</CNOR>
    <CSUD>5997</CSUD>
    <NORD>23031</NORD>
    <SARD>932</SARD>
    <SICI>2046</SICI>
    <SUD>2741</SUD>
  </marketintervaldetail>
  <marketintervaldetail>
    <Data>20170530</Data>
    <Mercato>MGP</Mercato>
    <Ora>12</Ora>
    <Totale>38248</Totale>
    <CNOR>4077</CNOR>
    <CSUD>6012</CSUD>
    <NORD>22575</NORD>
    <SARD>903</SARD>
    <SICI>2047</SICI>
    <SUD>2634</SUD>
  </marketintervaldetail>
  <marketintervaldetail>
    <Data>20170530</Data>
    <Mercato>MGP</Mercato>
    <Ora>13</Ora>
    <Totale>36924</Totale>
    <CNOR>3924</CNOR>
    <CSUD>5865</CSUD>
    <NORD>21402</NORD>
    <SARD>894</SARD>
    <SICI>2045</SICI>
    <SUD>2794</SUD>
  </marketintervaldetail>
  <marketintervaldetail>
    <Data>20170530</Data>
    <Mercato>MGP</Mercato>
    <Ora>14</Ora>
    <Totale>36251</Totale>
    <CNOR>3675</CNOR>
    <CSUD>5847</CSUD>
    <NORD>21346</NORD>
    <SARD>883</SARD>
    <SICI>1899</SICI>
    <SUD>2601</SUD>
  </marketintervaldetail>
  <marketintervaldetail>
    <Data>20170530</Data>
    <Mercato>MGP</Mercato>
    <Ora>15</Ora>
    <Totale>37881</Totale>
    <CNOR>3968</CNOR>
    <CSUD>5770</CSUD>
    <NORD>22730</NORD>
    <SARD>850</SARD>
    <SICI>1890</SICI>
    <SUD>2673</SUD>
  </marketintervaldetail>
  <marketintervaldetail>
    <Data>20170530</Data>
    <Mercato>MGP</Mercato>
    <Ora>16</Ora>
    <Totale>38537</Totale>
    <CNOR>4190</CNOR>
    <CSUD>5809</CSUD>
    <NORD>22929</NORD>
    <SARD>887</SARD>
    <SICI>1963</SICI>
    <SUD>2759</SUD>
  </marketintervaldetail>
  <marketintervaldetail>
    <Data>20170530</Data>
    <Mercato>MGP</Mercato>
    <Ora>17</Ora>
    <Totale>38692</Totale>
    <CNOR>4165</CNOR>
    <CSUD>5798</CSUD>
    <NORD>23031</NORD>
    <SARD>926</SARD>
    <SICI>2004</SICI>
    <SUD>2768</SUD>
  </marketintervaldetail>
  <marketintervaldetail>
    <Data>20170530</Data>
    <Mercato>MGP</Mercato>
    <Ora>18</Ora>
    <Totale>37765</Totale>
    <CNOR>4074</CNOR>
    <CSUD>5659</CSUD>
    <NORD>22367</NORD>
    <SARD>939</SARD>
    <SICI>2001</SICI>
    <SUD>2725</SUD>
  </marketintervaldetail>
  <marketintervaldetail>
    <Data>20170530</Data>
    <Mercato>MGP</Mercato>
    <Ora>19</Ora>
    <Totale>36771</Totale>
    <CNOR>3899</CNOR>
    <CSUD>5575</CSUD>
    <NORD>21503</NORD>
    <SARD>968</SARD>
    <SICI>2060</SICI>
    <SUD>2766</SUD>
  </marketintervaldetail>
  <marketintervaldetail>
    <Data>20170530</Data>
    <Mercato>MGP</Mercato>
    <Ora>20</Ora>
    <Totale>36698</Totale>
    <CNOR>3876</CNOR>
    <CSUD>5659</CSUD>
    <NORD>21099</NORD>
    <SARD>1006</SARD>
    <SICI>2136</SICI>
    <SUD>2922</SUD>
  </marketintervaldetail>
  <marketintervaldetail>
    <Data>20170530</Data>
    <Mercato>MGP</Mercato>
    <Ora>21</Ora>
    <Totale>36677</Totale>
    <CNOR>3798</CNOR>
    <CSUD>5843</CSUD>
    <NORD>20488</NORD>
    <SARD>1065</SARD>
    <SICI>2232</SICI>
    <SUD>3251</SUD>
  </marketintervaldetail>
  <marketintervaldetail>
    <Data>20170530</Data>
    <Mercato>MGP</Mercato>
    <Ora>22</Ora>
    <Totale>36776</Totale>
    <CNOR>3807</CNOR>
    <CSUD>5860</CSUD>
    <NORD>20483</NORD>
    <SARD>1074</SARD>
    <SICI>2246</SICI>
    <SUD>3306</SUD>
  </marketintervaldetail>
  <marketintervaldetail>
    <Data>20170530</Data>
    <Mercato>MGP</Mercato>
    <Ora>23</Ora>
    <Totale>34207</Totale>
    <CNOR>3549</CNOR>
    <CSUD>5428</CSUD>
    <NORD>19086</NORD>
    <SARD>1011</SARD>
    <SICI>2035</SICI>
    <SUD>3098</SUD>
  </marketintervaldetail>
  <marketintervaldetail>
    <Data>20170530</Data>
    <Mercato>MGP</Mercato>
    <Ora>24</Ora>
    <Totale>31117</Totale>
    <CNOR>3158</CNOR>
    <CSUD>4867</CSUD>
    <NORD>17552</NORD>
    <SARD>930</SARD>
    <SICI>1829</SICI>
    <SUD>2781</SUD>
  </marketintervaldetail>
</NewDataSet>