<?xml version="1.0" standalone="yes"?>
<NewDataSet>
  <xs:schema id="NewDataSet" xmlns="" xmlns:xs="http://www.w3.org/2001/XMLSchema" xmlns:msdata="urn:schemas-microsoft-com:xml-msdata">
    <xs:element name="NewDataSet" msdata:IsDataSet="true" msdata:MainDataTable="marketintervaldetail" msdata:UseCurrentLocale="true">
      <xs:complexType>
        <xs:choice minOccurs="0" maxOccurs="unbounded">
          <xs:element name="marketintervaldetail">
            <xs:complexType>
              <xs:sequence>
                <xs:element name="Data" type="xs:string" minOccurs="0" />
                <xs:element name="Mercato" type="xs:string" minOccurs="0" />
                <xs:element name="Ora" type="xs:string" minOccurs="0" />
                <xs:element name="Totale" type="xs:string" minOccurs="0" />
                <xs:element name="CNOR" type="xs:string" minOccurs="0" />
                <xs:element name="CSUD" type="xs:string" minOccurs="0" />
                <xs:element name="NORD" type="xs:string" minOccurs="0" />
                <xs:element name="SARD" type="xs:string" minOccurs="0" />
                <xs:element name="SICI" type="xs:string" minOccurs="0" />
                <xs:element name="SUD" type="xs:string" minOccurs="0" />
              </xs:sequence>
            </xs:complexType>
          </xs:element>
        </xs:choice>
      </xs:complexType>
    </xs:element>
  </xs:schema>
  <marketintervaldetail>
    <Data>20170509</Data>
    <Mercato>MGP</Mercato>
    <Ora>01</Ora>
    <Totale>26606</Totale>
    <CNOR>2840</CNOR>
    <CSUD>4251</CSUD>
    <NORD>14820</NORD>
    <SARD>861</SARD>
    <SICI>1673</SICI>
    <SUD>2161</SUD>
  </marketintervaldetail>
  <marketintervaldetail>
    <Data>20170509</Data>
    <Mercato>MGP</Mercato>
    <Ora>02</Ora>
    <Totale>25114</Totale>
    <CNOR>2653</CNOR>
    <CSUD>4035</CSUD>
    <NORD>14120</NORD>
    <SARD>810</SARD>
    <SICI>1529</SICI>
    <SUD>1967</SUD>
  </marketintervaldetail>
  <marketintervaldetail>
    <Data>20170509</Data>
    <Mercato>MGP</Mercato>
    <Ora>03</Ora>
    <Totale>24063</Totale>
    <CNOR>2567</CNOR>
    <CSUD>3872</CSUD>
    <NORD>13470</NORD>
    <SARD>787</SARD>
    <SICI>1479</SICI>
    <SUD>1888</SUD>
  </marketintervaldetail>
  <marketintervaldetail>
    <Data>20170509</Data>
    <Mercato>MGP</Mercato>
    <Ora>04</Ora>
    <Totale>23710</Totale>
    <CNOR>2523</CNOR>
    <CSUD>3716</CSUD>
    <NORD>13345</NORD>
    <SARD>785</SARD>
    <SICI>1454</SICI>
    <SUD>1887</SUD>
  </marketintervaldetail>
  <marketintervaldetail>
    <Data>20170509</Data>
    <Mercato>MGP</Mercato>
    <Ora>05</Ora>
    <Totale>23820</Totale>
    <CNOR>2552</CNOR>
    <CSUD>3748</CSUD>
    <NORD>13372</NORD>
    <SARD>788</SARD>
    <SICI>1436</SICI>
    <SUD>1924</SUD>
  </marketintervaldetail>
  <marketintervaldetail>
    <Data>20170509</Data>
    <Mercato>MGP</Mercato>
    <Ora>06</Ora>
    <Totale>24994</Totale>
    <CNOR>2683</CNOR>
    <CSUD>3859</CSUD>
    <NORD>14209</NORD>
    <SARD>819</SARD>
    <SICI>1486</SICI>
    <SUD>1938</SUD>
  </marketintervaldetail>
  <marketintervaldetail>
    <Data>20170509</Data>
    <Mercato>MGP</Mercato>
    <Ora>07</Ora>
    <Totale>27987</Totale>
    <CNOR>2914</CNOR>
    <CSUD>4206</CSUD>
    <NORD>16316</NORD>
    <SARD>883</SARD>
    <SICI>1569</SICI>
    <SUD>2099</SUD>
  </marketintervaldetail>
  <marketintervaldetail>
    <Data>20170509</Data>
    <Mercato>MGP</Mercato>
    <Ora>08</Ora>
    <Totale>33342</Totale>
    <CNOR>3482</CNOR>
    <CSUD>4972</CSUD>
    <NORD>19597</NORD>
    <SARD>997</SARD>
    <SICI>1861</SICI>
    <SUD>2433</SUD>
  </marketintervaldetail>
  <marketintervaldetail>
    <Data>20170509</Data>
    <Mercato>MGP</Mercato>
    <Ora>09</Ora>
    <Totale>37602</Totale>
    <CNOR>3890</CNOR>
    <CSUD>5469</CSUD>
    <NORD>22415</NORD>
    <SARD>1062</SARD>
    <SICI>2073</SICI>
    <SUD>2693</SUD>
  </marketintervaldetail>
  <marketintervaldetail>
    <Data>20170509</Data>
    <Mercato>MGP</Mercato>
    <Ora>10</Ora>
    <Totale>38700</Totale>
    <CNOR>4123</CNOR>
    <CSUD>5790</CSUD>
    <NORD>22909</NORD>
    <SARD>1041</SARD>
    <SICI>2130</SICI>
    <SUD>2707</SUD>
  </marketintervaldetail>
  <marketintervaldetail>
    <Data>20170509</Data>
    <Mercato>MGP</Mercato>
    <Ora>11</Ora>
    <Totale>38399</Totale>
    <CNOR>4171</CNOR>
    <CSUD>5830</CSUD>
    <NORD>22629</NORD>
    <SARD>1035</SARD>
    <SICI>2044</SICI>
    <SUD>2690</SUD>
  </marketintervaldetail>
  <marketintervaldetail>
    <Data>20170509</Data>
    <Mercato>MGP</Mercato>
    <Ora>12</Ora>
    <Totale>38020</Totale>
    <CNOR>4144</CNOR>
    <CSUD>5838</CSUD>
    <NORD>22493</NORD>
    <SARD>1001</SARD>
    <SICI>1989</SICI>
    <SUD>2555</SUD>
  </marketintervaldetail>
  <marketintervaldetail>
    <Data>20170509</Data>
    <Mercato>MGP</Mercato>
    <Ora>13</Ora>
    <Totale>35868</Totale>
    <CNOR>3965</CNOR>
    <CSUD>5930</CSUD>
    <NORD>20482</NORD>
    <SARD>935</SARD>
    <SICI>1897</SICI>
    <SUD>2659</SUD>
  </marketintervaldetail>
  <marketintervaldetail>
    <Data>20170509</Data>
    <Mercato>MGP</Mercato>
    <Ora>14</Ora>
    <Totale>35171</Totale>
    <CNOR>3773</CNOR>
    <CSUD>5743</CSUD>
    <NORD>20372</NORD>
    <SARD>889</SARD>
    <SICI>1858</SICI>
    <SUD>2536</SUD>
  </marketintervaldetail>
  <marketintervaldetail>
    <Data>20170509</Data>
    <Mercato>MGP</Mercato>
    <Ora>15</Ora>
    <Totale>36343</Totale>
    <CNOR>3971</CNOR>
    <CSUD>5773</CSUD>
    <NORD>21447</NORD>
    <SARD>869</SARD>
    <SICI>1876</SICI>
    <SUD>2407</SUD>
  </marketintervaldetail>
  <marketintervaldetail>
    <Data>20170509</Data>
    <Mercato>MGP</Mercato>
    <Ora>16</Ora>
    <Totale>36868</Totale>
    <CNOR>4024</CNOR>
    <CSUD>5702</CSUD>
    <NORD>21810</NORD>
    <SARD>875</SARD>
    <SICI>1885</SICI>
    <SUD>2572</SUD>
  </marketintervaldetail>
  <marketintervaldetail>
    <Data>20170509</Data>
    <Mercato>MGP</Mercato>
    <Ora>17</Ora>
    <Totale>36799</Totale>
    <CNOR>4145</CNOR>
    <CSUD>5679</CSUD>
    <NORD>21681</NORD>
    <SARD>894</SARD>
    <SICI>1915</SICI>
    <SUD>2485</SUD>
  </marketintervaldetail>
  <marketintervaldetail>
    <Data>20170509</Data>
    <Mercato>MGP</Mercato>
    <Ora>18</Ora>
    <Totale>36155</Totale>
    <CNOR>4058</CNOR>
    <CSUD>5646</CSUD>
    <NORD>20971</NORD>
    <SARD>924</SARD>
    <SICI>1975</SICI>
    <SUD>2581</SUD>
  </marketintervaldetail>
  <marketintervaldetail>
    <Data>20170509</Data>
    <Mercato>MGP</Mercato>
    <Ora>19</Ora>
    <Totale>35725</Totale>
    <CNOR>4018</CNOR>
    <CSUD>5614</CSUD>
    <NORD>20349</NORD>
    <SARD>973</SARD>
    <SICI>2022</SICI>
    <SUD>2749</SUD>
  </marketintervaldetail>
  <marketintervaldetail>
    <Data>20170509</Data>
    <Mercato>MGP</Mercato>
    <Ora>20</Ora>
    <Totale>36408</Totale>
    <CNOR>4084</CNOR>
    <CSUD>5754</CSUD>
    <NORD>20481</NORD>
    <SARD>1037</SARD>
    <SICI>2157</SICI>
    <SUD>2895</SUD>
  </marketintervaldetail>
  <marketintervaldetail>
    <Data>20170509</Data>
    <Mercato>MGP</Mercato>
    <Ora>21</Ora>
    <Totale>37509</Totale>
    <CNOR>4010</CNOR>
    <CSUD>6089</CSUD>
    <NORD>20488</NORD>
    <SARD>1117</SARD>
    <SICI>2449</SICI>
    <SUD>3356</SUD>
  </marketintervaldetail>
  <marketintervaldetail>
    <Data>20170509</Data>
    <Mercato>MGP</Mercato>
    <Ora>22</Ora>
    <Totale>37293</Totale>
    <CNOR>4043</CNOR>
    <CSUD>6020</CSUD>
    <NORD>20500</NORD>
    <SARD>1113</SARD>
    <SICI>2362</SICI>
    <SUD>3255</SUD>
  </marketintervaldetail>
  <marketintervaldetail>
    <Data>20170509</Data>
    <Mercato>MGP</Mercato>
    <Ora>23</Ora>
    <Totale>33863</Totale>
    <CNOR>3661</CNOR>
    <CSUD>5479</CSUD>
    <NORD>18657</NORD>
    <SARD>1020</SARD>
    <SICI>2148</SICI>
    <SUD>2898</SUD>
  </marketintervaldetail>
  <marketintervaldetail>
    <Data>20170509</Data>
    <Mercato>MGP</Mercato>
    <Ora>24</Ora>
    <Totale>30322</Totale>
    <CNOR>3287</CNOR>
    <CSUD>4877</CSUD>
    <NORD>16706</NORD>
    <SARD>950</SARD>
    <SICI>1908</SICI>
    <SUD>2594</SUD>
  </marketintervaldetail>
</NewDataSet>