<?xml version="1.0" standalone="yes"?>
<NewDataSet>
  <xs:schema id="NewDataSet" xmlns="" xmlns:xs="http://www.w3.org/2001/XMLSchema" xmlns:msdata="urn:schemas-microsoft-com:xml-msdata">
    <xs:element name="NewDataSet" msdata:IsDataSet="true" msdata:MainDataTable="marketintervaldetail" msdata:UseCurrentLocale="true">
      <xs:complexType>
        <xs:choice minOccurs="0" maxOccurs="unbounded">
          <xs:element name="marketintervaldetail">
            <xs:complexType>
              <xs:sequence>
                <xs:element name="Data" type="xs:string" minOccurs="0" />
                <xs:element name="Mercato" type="xs:string" minOccurs="0" />
                <xs:element name="Ora" type="xs:string" minOccurs="0" />
                <xs:element name="Totale" type="xs:string" minOccurs="0" />
                <xs:element name="CNOR" type="xs:string" minOccurs="0" />
                <xs:element name="CSUD" type="xs:string" minOccurs="0" />
                <xs:element name="NORD" type="xs:string" minOccurs="0" />
                <xs:element name="SARD" type="xs:string" minOccurs="0" />
                <xs:element name="SICI" type="xs:string" minOccurs="0" />
                <xs:element name="SUD" type="xs:string" minOccurs="0" />
              </xs:sequence>
            </xs:complexType>
          </xs:element>
        </xs:choice>
      </xs:complexType>
    </xs:element>
  </xs:schema>
  <marketintervaldetail>
    <Data>20150708</Data>
    <Mercato>MGP</Mercato>
    <Ora>01</Ora>
    <Totale>33753</Totale>
    <CNOR>3426</CNOR>
    <CSUD>5158</CSUD>
    <NORD>18841</NORD>
    <SARD>1025</SARD>
    <SICI>2024</SICI>
    <SUD>3279</SUD>
  </marketintervaldetail>
  <marketintervaldetail>
    <Data>20150708</Data>
    <Mercato>MGP</Mercato>
    <Ora>02</Ora>
    <Totale>31216</Totale>
    <CNOR>3165</CNOR>
    <CSUD>4737</CSUD>
    <NORD>17490</NORD>
    <SARD>943</SARD>
    <SICI>1847</SICI>
    <SUD>3034</SUD>
  </marketintervaldetail>
  <marketintervaldetail>
    <Data>20150708</Data>
    <Mercato>MGP</Mercato>
    <Ora>03</Ora>
    <Totale>29806</Totale>
    <CNOR>3000</CNOR>
    <CSUD>4497</CSUD>
    <NORD>16836</NORD>
    <SARD>907</SARD>
    <SICI>1749</SICI>
    <SUD>2817</SUD>
  </marketintervaldetail>
  <marketintervaldetail>
    <Data>20150708</Data>
    <Mercato>MGP</Mercato>
    <Ora>04</Ora>
    <Totale>29119</Totale>
    <CNOR>2888</CNOR>
    <CSUD>4343</CSUD>
    <NORD>16558</NORD>
    <SARD>895</SARD>
    <SICI>1705</SICI>
    <SUD>2730</SUD>
  </marketintervaldetail>
  <marketintervaldetail>
    <Data>20150708</Data>
    <Mercato>MGP</Mercato>
    <Ora>05</Ora>
    <Totale>28746</Totale>
    <CNOR>2902</CNOR>
    <CSUD>4257</CSUD>
    <NORD>16377</NORD>
    <SARD>881</SARD>
    <SICI>1677</SICI>
    <SUD>2652</SUD>
  </marketintervaldetail>
  <marketintervaldetail>
    <Data>20150708</Data>
    <Mercato>MGP</Mercato>
    <Ora>06</Ora>
    <Totale>29480</Totale>
    <CNOR>2965</CNOR>
    <CSUD>4275</CSUD>
    <NORD>16986</NORD>
    <SARD>911</SARD>
    <SICI>1658</SICI>
    <SUD>2685</SUD>
  </marketintervaldetail>
  <marketintervaldetail>
    <Data>20150708</Data>
    <Mercato>MGP</Mercato>
    <Ora>07</Ora>
    <Totale>32090</Totale>
    <CNOR>3231</CNOR>
    <CSUD>4537</CSUD>
    <NORD>18878</NORD>
    <SARD>928</SARD>
    <SICI>1697</SICI>
    <SUD>2819</SUD>
  </marketintervaldetail>
  <marketintervaldetail>
    <Data>20150708</Data>
    <Mercato>MGP</Mercato>
    <Ora>08</Ora>
    <Totale>37597</Totale>
    <CNOR>3978</CNOR>
    <CSUD>5293</CSUD>
    <NORD>22145</NORD>
    <SARD>1023</SARD>
    <SICI>1984</SICI>
    <SUD>3174</SUD>
  </marketintervaldetail>
  <marketintervaldetail>
    <Data>20150708</Data>
    <Mercato>MGP</Mercato>
    <Ora>09</Ora>
    <Totale>43796</Totale>
    <CNOR>4791</CNOR>
    <CSUD>6137</CSUD>
    <NORD>25725</NORD>
    <SARD>1153</SARD>
    <SICI>2322</SICI>
    <SUD>3668</SUD>
  </marketintervaldetail>
  <marketintervaldetail>
    <Data>20150708</Data>
    <Mercato>MGP</Mercato>
    <Ora>10</Ora>
    <Totale>47630</Totale>
    <CNOR>5213</CNOR>
    <CSUD>6855</CSUD>
    <NORD>27931</NORD>
    <SARD>1248</SARD>
    <SICI>2480</SICI>
    <SUD>3903</SUD>
  </marketintervaldetail>
  <marketintervaldetail>
    <Data>20150708</Data>
    <Mercato>MGP</Mercato>
    <Ora>11</Ora>
    <Totale>49374</Totale>
    <CNOR>5442</CNOR>
    <CSUD>7223</CSUD>
    <NORD>28858</NORD>
    <SARD>1281</SARD>
    <SICI>2531</SICI>
    <SUD>4039</SUD>
  </marketintervaldetail>
  <marketintervaldetail>
    <Data>20150708</Data>
    <Mercato>MGP</Mercato>
    <Ora>12</Ora>
    <Totale>50274</Totale>
    <CNOR>5486</CNOR>
    <CSUD>7433</CSUD>
    <NORD>29479</NORD>
    <SARD>1298</SARD>
    <SICI>2512</SICI>
    <SUD>4066</SUD>
  </marketintervaldetail>
  <marketintervaldetail>
    <Data>20150708</Data>
    <Mercato>MGP</Mercato>
    <Ora>13</Ora>
    <Totale>49437</Totale>
    <CNOR>5280</CNOR>
    <CSUD>7559</CSUD>
    <NORD>28721</NORD>
    <SARD>1295</SARD>
    <SICI>2606</SICI>
    <SUD>3976</SUD>
  </marketintervaldetail>
  <marketintervaldetail>
    <Data>20150708</Data>
    <Mercato>MGP</Mercato>
    <Ora>14</Ora>
    <Totale>49235</Totale>
    <CNOR>5179</CNOR>
    <CSUD>7465</CSUD>
    <NORD>28875</NORD>
    <SARD>1262</SARD>
    <SICI>2587</SICI>
    <SUD>3867</SUD>
  </marketintervaldetail>
  <marketintervaldetail>
    <Data>20150708</Data>
    <Mercato>MGP</Mercato>
    <Ora>15</Ora>
    <Totale>50014</Totale>
    <CNOR>5485</CNOR>
    <CSUD>7432</CSUD>
    <NORD>29511</NORD>
    <SARD>1239</SARD>
    <SICI>2592</SICI>
    <SUD>3755</SUD>
  </marketintervaldetail>
  <marketintervaldetail>
    <Data>20150708</Data>
    <Mercato>MGP</Mercato>
    <Ora>16</Ora>
    <Totale>50180</Totale>
    <CNOR>5639</CNOR>
    <CSUD>7725</CSUD>
    <NORD>29263</NORD>
    <SARD>1216</SARD>
    <SICI>2605</SICI>
    <SUD>3732</SUD>
  </marketintervaldetail>
  <marketintervaldetail>
    <Data>20150708</Data>
    <Mercato>MGP</Mercato>
    <Ora>17</Ora>
    <Totale>50320</Totale>
    <CNOR>5668</CNOR>
    <CSUD>7658</CSUD>
    <NORD>29092</NORD>
    <SARD>1223</SARD>
    <SICI>2794</SICI>
    <SUD>3885</SUD>
  </marketintervaldetail>
  <marketintervaldetail>
    <Data>20150708</Data>
    <Mercato>MGP</Mercato>
    <Ora>18</Ora>
    <Totale>49148</Totale>
    <CNOR>5545</CNOR>
    <CSUD>7429</CSUD>
    <NORD>28207</NORD>
    <SARD>1253</SARD>
    <SICI>2817</SICI>
    <SUD>3897</SUD>
  </marketintervaldetail>
  <marketintervaldetail>
    <Data>20150708</Data>
    <Mercato>MGP</Mercato>
    <Ora>19</Ora>
    <Totale>47304</Totale>
    <CNOR>5227</CNOR>
    <CSUD>7190</CSUD>
    <NORD>26992</NORD>
    <SARD>1268</SARD>
    <SICI>2767</SICI>
    <SUD>3860</SUD>
  </marketintervaldetail>
  <marketintervaldetail>
    <Data>20150708</Data>
    <Mercato>MGP</Mercato>
    <Ora>20</Ora>
    <Totale>45979</Totale>
    <CNOR>4969</CNOR>
    <CSUD>6935</CSUD>
    <NORD>26071</NORD>
    <SARD>1279</SARD>
    <SICI>2745</SICI>
    <SUD>3980</SUD>
  </marketintervaldetail>
  <marketintervaldetail>
    <Data>20150708</Data>
    <Mercato>MGP</Mercato>
    <Ora>21</Ora>
    <Totale>44969</Totale>
    <CNOR>4699</CNOR>
    <CSUD>6901</CSUD>
    <NORD>25222</NORD>
    <SARD>1298</SARD>
    <SICI>2740</SICI>
    <SUD>4109</SUD>
  </marketintervaldetail>
  <marketintervaldetail>
    <Data>20150708</Data>
    <Mercato>MGP</Mercato>
    <Ora>22</Ora>
    <Totale>45066</Totale>
    <CNOR>4738</CNOR>
    <CSUD>7117</CSUD>
    <NORD>24878</NORD>
    <SARD>1332</SARD>
    <SICI>2812</SICI>
    <SUD>4189</SUD>
  </marketintervaldetail>
  <marketintervaldetail>
    <Data>20150708</Data>
    <Mercato>MGP</Mercato>
    <Ora>23</Ora>
    <Totale>42908</Totale>
    <CNOR>4460</CNOR>
    <CSUD>6700</CSUD>
    <NORD>23900</NORD>
    <SARD>1281</SARD>
    <SICI>2597</SICI>
    <SUD>3970</SUD>
  </marketintervaldetail>
  <marketintervaldetail>
    <Data>20150708</Data>
    <Mercato>MGP</Mercato>
    <Ora>24</Ora>
    <Totale>39454</Totale>
    <CNOR>4119</CNOR>
    <CSUD>6129</CSUD>
    <NORD>22025</NORD>
    <SARD>1205</SARD>
    <SICI>2366</SICI>
    <SUD>3610</SUD>
  </marketintervaldetail>
</NewDataSet>