<?xml version="1.0" standalone="yes"?>
<NewDataSet>
  <xs:schema id="NewDataSet" xmlns="" xmlns:xs="http://www.w3.org/2001/XMLSchema" xmlns:msdata="urn:schemas-microsoft-com:xml-msdata">
    <xs:element name="NewDataSet" msdata:IsDataSet="true" msdata:MainDataTable="marketintervaldetail" msdata:UseCurrentLocale="true">
      <xs:complexType>
        <xs:choice minOccurs="0" maxOccurs="unbounded">
          <xs:element name="marketintervaldetail">
            <xs:complexType>
              <xs:sequence>
                <xs:element name="Data" type="xs:string" minOccurs="0" />
                <xs:element name="Mercato" type="xs:string" minOccurs="0" />
                <xs:element name="Ora" type="xs:string" minOccurs="0" />
                <xs:element name="Totale" type="xs:string" minOccurs="0" />
                <xs:element name="CNOR" type="xs:string" minOccurs="0" />
                <xs:element name="CSUD" type="xs:string" minOccurs="0" />
                <xs:element name="NORD" type="xs:string" minOccurs="0" />
                <xs:element name="SARD" type="xs:string" minOccurs="0" />
                <xs:element name="SICI" type="xs:string" minOccurs="0" />
                <xs:element name="SUD" type="xs:string" minOccurs="0" />
              </xs:sequence>
            </xs:complexType>
          </xs:element>
        </xs:choice>
      </xs:complexType>
    </xs:element>
  </xs:schema>
  <marketintervaldetail>
    <Data>20150707</Data>
    <Mercato>MGP</Mercato>
    <Ora>01</Ora>
    <Totale>34290</Totale>
    <CNOR>3334</CNOR>
    <CSUD>5376</CSUD>
    <NORD>19585</NORD>
    <SARD>1098</SARD>
    <SICI>2028</SICI>
    <SUD>2869</SUD>
  </marketintervaldetail>
  <marketintervaldetail>
    <Data>20150707</Data>
    <Mercato>MGP</Mercato>
    <Ora>02</Ora>
    <Totale>32050</Totale>
    <CNOR>3168</CNOR>
    <CSUD>4940</CSUD>
    <NORD>18307</NORD>
    <SARD>1033</SARD>
    <SICI>1866</SICI>
    <SUD>2736</SUD>
  </marketintervaldetail>
  <marketintervaldetail>
    <Data>20150707</Data>
    <Mercato>MGP</Mercato>
    <Ora>03</Ora>
    <Totale>30762</Totale>
    <CNOR>3058</CNOR>
    <CSUD>4744</CSUD>
    <NORD>17489</NORD>
    <SARD>1000</SARD>
    <SICI>1770</SICI>
    <SUD>2701</SUD>
  </marketintervaldetail>
  <marketintervaldetail>
    <Data>20150707</Data>
    <Mercato>MGP</Mercato>
    <Ora>04</Ora>
    <Totale>30019</Totale>
    <CNOR>2943</CNOR>
    <CSUD>4631</CSUD>
    <NORD>17180</NORD>
    <SARD>979</SARD>
    <SICI>1739</SICI>
    <SUD>2547</SUD>
  </marketintervaldetail>
  <marketintervaldetail>
    <Data>20150707</Data>
    <Mercato>MGP</Mercato>
    <Ora>05</Ora>
    <Totale>29923</Totale>
    <CNOR>2977</CNOR>
    <CSUD>4647</CSUD>
    <NORD>17074</NORD>
    <SARD>972</SARD>
    <SICI>1711</SICI>
    <SUD>2542</SUD>
  </marketintervaldetail>
  <marketintervaldetail>
    <Data>20150707</Data>
    <Mercato>MGP</Mercato>
    <Ora>06</Ora>
    <Totale>30268</Totale>
    <CNOR>2990</CNOR>
    <CSUD>4666</CSUD>
    <NORD>17414</NORD>
    <SARD>949</SARD>
    <SICI>1682</SICI>
    <SUD>2567</SUD>
  </marketintervaldetail>
  <marketintervaldetail>
    <Data>20150707</Data>
    <Mercato>MGP</Mercato>
    <Ora>07</Ora>
    <Totale>32836</Totale>
    <CNOR>3295</CNOR>
    <CSUD>4993</CSUD>
    <NORD>19259</NORD>
    <SARD>940</SARD>
    <SICI>1710</SICI>
    <SUD>2639</SUD>
  </marketintervaldetail>
  <marketintervaldetail>
    <Data>20150707</Data>
    <Mercato>MGP</Mercato>
    <Ora>08</Ora>
    <Totale>38653</Totale>
    <CNOR>3806</CNOR>
    <CSUD>5841</CSUD>
    <NORD>22974</NORD>
    <SARD>1058</SARD>
    <SICI>2027</SICI>
    <SUD>2947</SUD>
  </marketintervaldetail>
  <marketintervaldetail>
    <Data>20150707</Data>
    <Mercato>MGP</Mercato>
    <Ora>09</Ora>
    <Totale>44819</Totale>
    <CNOR>4438</CNOR>
    <CSUD>6731</CSUD>
    <NORD>26747</NORD>
    <SARD>1205</SARD>
    <SICI>2381</SICI>
    <SUD>3317</SUD>
  </marketintervaldetail>
  <marketintervaldetail>
    <Data>20150707</Data>
    <Mercato>MGP</Mercato>
    <Ora>10</Ora>
    <Totale>47993</Totale>
    <CNOR>4880</CNOR>
    <CSUD>7348</CSUD>
    <NORD>28425</NORD>
    <SARD>1233</SARD>
    <SICI>2585</SICI>
    <SUD>3522</SUD>
  </marketintervaldetail>
  <marketintervaldetail>
    <Data>20150707</Data>
    <Mercato>MGP</Mercato>
    <Ora>11</Ora>
    <Totale>49421</Totale>
    <CNOR>5053</CNOR>
    <CSUD>7574</CSUD>
    <NORD>29225</NORD>
    <SARD>1259</SARD>
    <SICI>2645</SICI>
    <SUD>3665</SUD>
  </marketintervaldetail>
  <marketintervaldetail>
    <Data>20150707</Data>
    <Mercato>MGP</Mercato>
    <Ora>12</Ora>
    <Totale>49897</Totale>
    <CNOR>5145</CNOR>
    <CSUD>7604</CSUD>
    <NORD>29385</NORD>
    <SARD>1259</SARD>
    <SICI>2706</SICI>
    <SUD>3798</SUD>
  </marketintervaldetail>
  <marketintervaldetail>
    <Data>20150707</Data>
    <Mercato>MGP</Mercato>
    <Ora>13</Ora>
    <Totale>48632</Totale>
    <CNOR>4941</CNOR>
    <CSUD>7784</CSUD>
    <NORD>28025</NORD>
    <SARD>1264</SARD>
    <SICI>2707</SICI>
    <SUD>3911</SUD>
  </marketintervaldetail>
  <marketintervaldetail>
    <Data>20150707</Data>
    <Mercato>MGP</Mercato>
    <Ora>14</Ora>
    <Totale>48759</Totale>
    <CNOR>4823</CNOR>
    <CSUD>7475</CSUD>
    <NORD>28441</NORD>
    <SARD>1226</SARD>
    <SICI>2602</SICI>
    <SUD>4192</SUD>
  </marketintervaldetail>
  <marketintervaldetail>
    <Data>20150707</Data>
    <Mercato>MGP</Mercato>
    <Ora>15</Ora>
    <Totale>49060</Totale>
    <CNOR>4846</CNOR>
    <CSUD>7628</CSUD>
    <NORD>29263</NORD>
    <SARD>1230</SARD>
    <SICI>2565</SICI>
    <SUD>3528</SUD>
  </marketintervaldetail>
  <marketintervaldetail>
    <Data>20150707</Data>
    <Mercato>MGP</Mercato>
    <Ora>16</Ora>
    <Totale>49928</Totale>
    <CNOR>4829</CNOR>
    <CSUD>7343</CSUD>
    <NORD>29980</NORD>
    <SARD>1251</SARD>
    <SICI>2662</SICI>
    <SUD>3863</SUD>
  </marketintervaldetail>
  <marketintervaldetail>
    <Data>20150707</Data>
    <Mercato>MGP</Mercato>
    <Ora>17</Ora>
    <Totale>50114</Totale>
    <CNOR>4277</CNOR>
    <CSUD>7130</CSUD>
    <NORD>30057</NORD>
    <SARD>1306</SARD>
    <SICI>2684</SICI>
    <SUD>4660</SUD>
  </marketintervaldetail>
  <marketintervaldetail>
    <Data>20150707</Data>
    <Mercato>MGP</Mercato>
    <Ora>18</Ora>
    <Totale>48919</Totale>
    <CNOR>4793</CNOR>
    <CSUD>7324</CSUD>
    <NORD>28771</NORD>
    <SARD>1268</SARD>
    <SICI>2561</SICI>
    <SUD>4202</SUD>
  </marketintervaldetail>
  <marketintervaldetail>
    <Data>20150707</Data>
    <Mercato>MGP</Mercato>
    <Ora>19</Ora>
    <Totale>47063</Totale>
    <CNOR>4821</CNOR>
    <CSUD>7100</CSUD>
    <NORD>27276</NORD>
    <SARD>1206</SARD>
    <SICI>2612</SICI>
    <SUD>4048</SUD>
  </marketintervaldetail>
  <marketintervaldetail>
    <Data>20150707</Data>
    <Mercato>MGP</Mercato>
    <Ora>20</Ora>
    <Totale>45743</Totale>
    <CNOR>4640</CNOR>
    <CSUD>7102</CSUD>
    <NORD>26371</NORD>
    <SARD>1213</SARD>
    <SICI>2661</SICI>
    <SUD>3756</SUD>
  </marketintervaldetail>
  <marketintervaldetail>
    <Data>20150707</Data>
    <Mercato>MGP</Mercato>
    <Ora>21</Ora>
    <Totale>45069</Totale>
    <CNOR>4518</CNOR>
    <CSUD>6981</CSUD>
    <NORD>25836</NORD>
    <SARD>1252</SARD>
    <SICI>2710</SICI>
    <SUD>3772</SUD>
  </marketintervaldetail>
  <marketintervaldetail>
    <Data>20150707</Data>
    <Mercato>MGP</Mercato>
    <Ora>22</Ora>
    <Totale>44180</Totale>
    <CNOR>4315</CNOR>
    <CSUD>7204</CSUD>
    <NORD>24634</NORD>
    <SARD>1279</SARD>
    <SICI>2774</SICI>
    <SUD>3974</SUD>
  </marketintervaldetail>
  <marketintervaldetail>
    <Data>20150707</Data>
    <Mercato>MGP</Mercato>
    <Ora>23</Ora>
    <Totale>41566</Totale>
    <CNOR>3959</CNOR>
    <CSUD>6936</CSUD>
    <NORD>23050</NORD>
    <SARD>1270</SARD>
    <SICI>2613</SICI>
    <SUD>3738</SUD>
  </marketintervaldetail>
  <marketintervaldetail>
    <Data>20150707</Data>
    <Mercato>MGP</Mercato>
    <Ora>24</Ora>
    <Totale>38539</Totale>
    <CNOR>3714</CNOR>
    <CSUD>6339</CSUD>
    <NORD>21428</NORD>
    <SARD>1191</SARD>
    <SICI>2374</SICI>
    <SUD>3493</SUD>
  </marketintervaldetail>
</NewDataSet>