<?xml version="1.0" standalone="yes"?>
<NewDataSet>
  <xs:schema id="NewDataSet" xmlns="" xmlns:xs="http://www.w3.org/2001/XMLSchema" xmlns:msdata="urn:schemas-microsoft-com:xml-msdata">
    <xs:element name="NewDataSet" msdata:IsDataSet="true" msdata:MainDataTable="marketintervaldetail" msdata:UseCurrentLocale="true">
      <xs:complexType>
        <xs:choice minOccurs="0" maxOccurs="unbounded">
          <xs:element name="marketintervaldetail">
            <xs:complexType>
              <xs:sequence>
                <xs:element name="Data" type="xs:string" minOccurs="0" />
                <xs:element name="Mercato" type="xs:string" minOccurs="0" />
                <xs:element name="Ora" type="xs:string" minOccurs="0" />
                <xs:element name="Totale" type="xs:string" minOccurs="0" />
                <xs:element name="CNOR" type="xs:string" minOccurs="0" />
                <xs:element name="CSUD" type="xs:string" minOccurs="0" />
                <xs:element name="NORD" type="xs:string" minOccurs="0" />
                <xs:element name="SARD" type="xs:string" minOccurs="0" />
                <xs:element name="SICI" type="xs:string" minOccurs="0" />
                <xs:element name="SUD" type="xs:string" minOccurs="0" />
              </xs:sequence>
            </xs:complexType>
          </xs:element>
        </xs:choice>
      </xs:complexType>
    </xs:element>
  </xs:schema>
  <marketintervaldetail>
    <Data>20150712</Data>
    <Mercato>MGP</Mercato>
    <Ora>01</Ora>
    <Totale>29477</Totale>
    <CNOR>2967</CNOR>
    <CSUD>5102</CSUD>
    <NORD>15641</NORD>
    <SARD>1071</SARD>
    <SICI>2012</SICI>
    <SUD>2684</SUD>
  </marketintervaldetail>
  <marketintervaldetail>
    <Data>20150712</Data>
    <Mercato>MGP</Mercato>
    <Ora>02</Ora>
    <Totale>27442</Totale>
    <CNOR>2803</CNOR>
    <CSUD>4658</CSUD>
    <NORD>14508</NORD>
    <SARD>1042</SARD>
    <SICI>1862</SICI>
    <SUD>2569</SUD>
  </marketintervaldetail>
  <marketintervaldetail>
    <Data>20150712</Data>
    <Mercato>MGP</Mercato>
    <Ora>03</Ora>
    <Totale>26003</Totale>
    <CNOR>2620</CNOR>
    <CSUD>4429</CSUD>
    <NORD>13739</NORD>
    <SARD>1020</SARD>
    <SICI>1771</SICI>
    <SUD>2424</SUD>
  </marketintervaldetail>
  <marketintervaldetail>
    <Data>20150712</Data>
    <Mercato>MGP</Mercato>
    <Ora>04</Ora>
    <Totale>25052</Totale>
    <CNOR>2477</CNOR>
    <CSUD>4233</CSUD>
    <NORD>13363</NORD>
    <SARD>996</SARD>
    <SICI>1716</SICI>
    <SUD>2267</SUD>
  </marketintervaldetail>
  <marketintervaldetail>
    <Data>20150712</Data>
    <Mercato>MGP</Mercato>
    <Ora>05</Ora>
    <Totale>24568</Totale>
    <CNOR>2475</CNOR>
    <CSUD>4127</CSUD>
    <NORD>13118</NORD>
    <SARD>982</SARD>
    <SICI>1660</SICI>
    <SUD>2206</SUD>
  </marketintervaldetail>
  <marketintervaldetail>
    <Data>20150712</Data>
    <Mercato>MGP</Mercato>
    <Ora>06</Ora>
    <Totale>23779</Totale>
    <CNOR>2372</CNOR>
    <CSUD>3977</CSUD>
    <NORD>12738</NORD>
    <SARD>967</SARD>
    <SICI>1606</SICI>
    <SUD>2119</SUD>
  </marketintervaldetail>
  <marketintervaldetail>
    <Data>20150712</Data>
    <Mercato>MGP</Mercato>
    <Ora>07</Ora>
    <Totale>22833</Totale>
    <CNOR>2263</CNOR>
    <CSUD>3892</CSUD>
    <NORD>12185</NORD>
    <SARD>924</SARD>
    <SICI>1549</SICI>
    <SUD>2020</SUD>
  </marketintervaldetail>
  <marketintervaldetail>
    <Data>20150712</Data>
    <Mercato>MGP</Mercato>
    <Ora>08</Ora>
    <Totale>24147</Totale>
    <CNOR>2384</CNOR>
    <CSUD>4115</CSUD>
    <NORD>12820</NORD>
    <SARD>954</SARD>
    <SICI>1750</SICI>
    <SUD>2124</SUD>
  </marketintervaldetail>
  <marketintervaldetail>
    <Data>20150712</Data>
    <Mercato>MGP</Mercato>
    <Ora>09</Ora>
    <Totale>26036</Totale>
    <CNOR>2580</CNOR>
    <CSUD>4490</CSUD>
    <NORD>13630</NORD>
    <SARD>1033</SARD>
    <SICI>1967</SICI>
    <SUD>2336</SUD>
  </marketintervaldetail>
  <marketintervaldetail>
    <Data>20150712</Data>
    <Mercato>MGP</Mercato>
    <Ora>10</Ora>
    <Totale>27433</Totale>
    <CNOR>2737</CNOR>
    <CSUD>4784</CSUD>
    <NORD>14257</NORD>
    <SARD>1075</SARD>
    <SICI>2082</SICI>
    <SUD>2498</SUD>
  </marketintervaldetail>
  <marketintervaldetail>
    <Data>20150712</Data>
    <Mercato>MGP</Mercato>
    <Ora>11</Ora>
    <Totale>29117</Totale>
    <CNOR>2839</CNOR>
    <CSUD>5061</CSUD>
    <NORD>15168</NORD>
    <SARD>1105</SARD>
    <SICI>2124</SICI>
    <SUD>2820</SUD>
  </marketintervaldetail>
  <marketintervaldetail>
    <Data>20150712</Data>
    <Mercato>MGP</Mercato>
    <Ora>12</Ora>
    <Totale>30121</Totale>
    <CNOR>2980</CNOR>
    <CSUD>5180</CSUD>
    <NORD>15653</NORD>
    <SARD>1133</SARD>
    <SICI>2174</SICI>
    <SUD>3001</SUD>
  </marketintervaldetail>
  <marketintervaldetail>
    <Data>20150712</Data>
    <Mercato>MGP</Mercato>
    <Ora>13</Ora>
    <Totale>30782</Totale>
    <CNOR>3069</CNOR>
    <CSUD>5428</CSUD>
    <NORD>15821</NORD>
    <SARD>1172</SARD>
    <SICI>2233</SICI>
    <SUD>3059</SUD>
  </marketintervaldetail>
  <marketintervaldetail>
    <Data>20150712</Data>
    <Mercato>MGP</Mercato>
    <Ora>14</Ora>
    <Totale>30457</Totale>
    <CNOR>3061</CNOR>
    <CSUD>5239</CSUD>
    <NORD>15744</NORD>
    <SARD>1157</SARD>
    <SICI>2154</SICI>
    <SUD>3102</SUD>
  </marketintervaldetail>
  <marketintervaldetail>
    <Data>20150712</Data>
    <Mercato>MGP</Mercato>
    <Ora>15</Ora>
    <Totale>29906</Totale>
    <CNOR>2946</CNOR>
    <CSUD>5355</CSUD>
    <NORD>15863</NORD>
    <SARD>1113</SARD>
    <SICI>2044</SICI>
    <SUD>2585</SUD>
  </marketintervaldetail>
  <marketintervaldetail>
    <Data>20150712</Data>
    <Mercato>MGP</Mercato>
    <Ora>16</Ora>
    <Totale>29631</Totale>
    <CNOR>3074</CNOR>
    <CSUD>5150</CSUD>
    <NORD>15714</NORD>
    <SARD>1055</SARD>
    <SICI>2005</SICI>
    <SUD>2633</SUD>
  </marketintervaldetail>
  <marketintervaldetail>
    <Data>20150712</Data>
    <Mercato>MGP</Mercato>
    <Ora>17</Ora>
    <Totale>29667</Totale>
    <CNOR>3062</CNOR>
    <CSUD>5141</CSUD>
    <NORD>15708</NORD>
    <SARD>1049</SARD>
    <SICI>1987</SICI>
    <SUD>2720</SUD>
  </marketintervaldetail>
  <marketintervaldetail>
    <Data>20150712</Data>
    <Mercato>MGP</Mercato>
    <Ora>18</Ora>
    <Totale>30621</Totale>
    <CNOR>3178</CNOR>
    <CSUD>5281</CSUD>
    <NORD>16081</NORD>
    <SARD>1079</SARD>
    <SICI>2127</SICI>
    <SUD>2875</SUD>
  </marketintervaldetail>
  <marketintervaldetail>
    <Data>20150712</Data>
    <Mercato>MGP</Mercato>
    <Ora>19</Ora>
    <Totale>31520</Totale>
    <CNOR>3451</CNOR>
    <CSUD>5278</CSUD>
    <NORD>16578</NORD>
    <SARD>1146</SARD>
    <SICI>2183</SICI>
    <SUD>2884</SUD>
  </marketintervaldetail>
  <marketintervaldetail>
    <Data>20150712</Data>
    <Mercato>MGP</Mercato>
    <Ora>20</Ora>
    <Totale>32584</Totale>
    <CNOR>3744</CNOR>
    <CSUD>5293</CSUD>
    <NORD>17139</NORD>
    <SARD>1182</SARD>
    <SICI>2229</SICI>
    <SUD>2997</SUD>
  </marketintervaldetail>
  <marketintervaldetail>
    <Data>20150712</Data>
    <Mercato>MGP</Mercato>
    <Ora>21</Ora>
    <Totale>33498</Totale>
    <CNOR>3767</CNOR>
    <CSUD>5451</CSUD>
    <NORD>17395</NORD>
    <SARD>1227</SARD>
    <SICI>2309</SICI>
    <SUD>3349</SUD>
  </marketintervaldetail>
  <marketintervaldetail>
    <Data>20150712</Data>
    <Mercato>MGP</Mercato>
    <Ora>22</Ora>
    <Totale>35095</Totale>
    <CNOR>3855</CNOR>
    <CSUD>5685</CSUD>
    <NORD>18115</NORD>
    <SARD>1292</SARD>
    <SICI>2417</SICI>
    <SUD>3731</SUD>
  </marketintervaldetail>
  <marketintervaldetail>
    <Data>20150712</Data>
    <Mercato>MGP</Mercato>
    <Ora>23</Ora>
    <Totale>34352</Totale>
    <CNOR>3783</CNOR>
    <CSUD>5474</CSUD>
    <NORD>18051</NORD>
    <SARD>1265</SARD>
    <SICI>2283</SICI>
    <SUD>3496</SUD>
  </marketintervaldetail>
  <marketintervaldetail>
    <Data>20150712</Data>
    <Mercato>MGP</Mercato>
    <Ora>24</Ora>
    <Totale>32058</Totale>
    <CNOR>3508</CNOR>
    <CSUD>5119</CSUD>
    <NORD>16890</NORD>
    <SARD>1163</SARD>
    <SICI>2119</SICI>
    <SUD>3259</SUD>
  </marketintervaldetail>
</NewDataSet>