<?xml version="1.0" standalone="yes"?>
<NewDataSet>
  <xs:schema id="NewDataSet" xmlns="" xmlns:xs="http://www.w3.org/2001/XMLSchema" xmlns:msdata="urn:schemas-microsoft-com:xml-msdata">
    <xs:element name="NewDataSet" msdata:IsDataSet="true" msdata:MainDataTable="marketintervaldetail" msdata:UseCurrentLocale="true">
      <xs:complexType>
        <xs:choice minOccurs="0" maxOccurs="unbounded">
          <xs:element name="marketintervaldetail">
            <xs:complexType>
              <xs:sequence>
                <xs:element name="Data" type="xs:string" minOccurs="0" />
                <xs:element name="Mercato" type="xs:string" minOccurs="0" />
                <xs:element name="Ora" type="xs:string" minOccurs="0" />
                <xs:element name="Totale" type="xs:string" minOccurs="0" />
                <xs:element name="CNOR" type="xs:string" minOccurs="0" />
                <xs:element name="CSUD" type="xs:string" minOccurs="0" />
                <xs:element name="NORD" type="xs:string" minOccurs="0" />
                <xs:element name="SARD" type="xs:string" minOccurs="0" />
                <xs:element name="SICI" type="xs:string" minOccurs="0" />
                <xs:element name="SUD" type="xs:string" minOccurs="0" />
              </xs:sequence>
            </xs:complexType>
          </xs:element>
        </xs:choice>
      </xs:complexType>
    </xs:element>
  </xs:schema>
  <marketintervaldetail>
    <Data>20150701</Data>
    <Mercato>MGP</Mercato>
    <Ora>01</Ora>
    <Totale>31213</Totale>
    <CNOR>3175</CNOR>
    <CSUD>5121</CSUD>
    <NORD>17647</NORD>
    <SARD>971</SARD>
    <SICI>1804</SICI>
    <SUD>2495</SUD>
  </marketintervaldetail>
  <marketintervaldetail>
    <Data>20150701</Data>
    <Mercato>MGP</Mercato>
    <Ora>02</Ora>
    <Totale>29217</Totale>
    <CNOR>2965</CNOR>
    <CSUD>4684</CSUD>
    <NORD>16615</NORD>
    <SARD>914</SARD>
    <SICI>1687</SICI>
    <SUD>2352</SUD>
  </marketintervaldetail>
  <marketintervaldetail>
    <Data>20150701</Data>
    <Mercato>MGP</Mercato>
    <Ora>03</Ora>
    <Totale>28115</Totale>
    <CNOR>2805</CNOR>
    <CSUD>4481</CSUD>
    <NORD>16067</NORD>
    <SARD>880</SARD>
    <SICI>1592</SICI>
    <SUD>2290</SUD>
  </marketintervaldetail>
  <marketintervaldetail>
    <Data>20150701</Data>
    <Mercato>MGP</Mercato>
    <Ora>04</Ora>
    <Totale>27576</Totale>
    <CNOR>2807</CNOR>
    <CSUD>4313</CSUD>
    <NORD>15662</NORD>
    <SARD>866</SARD>
    <SICI>1556</SICI>
    <SUD>2372</SUD>
  </marketintervaldetail>
  <marketintervaldetail>
    <Data>20150701</Data>
    <Mercato>MGP</Mercato>
    <Ora>05</Ora>
    <Totale>27357</Totale>
    <CNOR>2781</CNOR>
    <CSUD>4310</CSUD>
    <NORD>15644</NORD>
    <SARD>857</SARD>
    <SICI>1559</SICI>
    <SUD>2206</SUD>
  </marketintervaldetail>
  <marketintervaldetail>
    <Data>20150701</Data>
    <Mercato>MGP</Mercato>
    <Ora>06</Ora>
    <Totale>27477</Totale>
    <CNOR>2724</CNOR>
    <CSUD>4287</CSUD>
    <NORD>15976</NORD>
    <SARD>864</SARD>
    <SICI>1556</SICI>
    <SUD>2070</SUD>
  </marketintervaldetail>
  <marketintervaldetail>
    <Data>20150701</Data>
    <Mercato>MGP</Mercato>
    <Ora>07</Ora>
    <Totale>29953</Totale>
    <CNOR>3017</CNOR>
    <CSUD>4583</CSUD>
    <NORD>17731</NORD>
    <SARD>901</SARD>
    <SICI>1614</SICI>
    <SUD>2107</SUD>
  </marketintervaldetail>
  <marketintervaldetail>
    <Data>20150701</Data>
    <Mercato>MGP</Mercato>
    <Ora>08</Ora>
    <Totale>35120</Totale>
    <CNOR>3596</CNOR>
    <CSUD>5308</CSUD>
    <NORD>20651</NORD>
    <SARD>992</SARD>
    <SICI>1940</SICI>
    <SUD>2633</SUD>
  </marketintervaldetail>
  <marketintervaldetail>
    <Data>20150701</Data>
    <Mercato>MGP</Mercato>
    <Ora>09</Ora>
    <Totale>40573</Totale>
    <CNOR>4266</CNOR>
    <CSUD>6135</CSUD>
    <NORD>23907</NORD>
    <SARD>1101</SARD>
    <SICI>2253</SICI>
    <SUD>2911</SUD>
  </marketintervaldetail>
  <marketintervaldetail>
    <Data>20150701</Data>
    <Mercato>MGP</Mercato>
    <Ora>10</Ora>
    <Totale>43228</Totale>
    <CNOR>4455</CNOR>
    <CSUD>6667</CSUD>
    <NORD>25564</NORD>
    <SARD>1135</SARD>
    <SICI>2410</SICI>
    <SUD>2997</SUD>
  </marketintervaldetail>
  <marketintervaldetail>
    <Data>20150701</Data>
    <Mercato>MGP</Mercato>
    <Ora>11</Ora>
    <Totale>44313</Totale>
    <CNOR>4674</CNOR>
    <CSUD>6777</CSUD>
    <NORD>26137</NORD>
    <SARD>1145</SARD>
    <SICI>2429</SICI>
    <SUD>3151</SUD>
  </marketintervaldetail>
  <marketintervaldetail>
    <Data>20150701</Data>
    <Mercato>MGP</Mercato>
    <Ora>12</Ora>
    <Totale>44468</Totale>
    <CNOR>4749</CNOR>
    <CSUD>6795</CSUD>
    <NORD>26088</NORD>
    <SARD>1145</SARD>
    <SICI>2360</SICI>
    <SUD>3331</SUD>
  </marketintervaldetail>
  <marketintervaldetail>
    <Data>20150701</Data>
    <Mercato>MGP</Mercato>
    <Ora>13</Ora>
    <Totale>42688</Totale>
    <CNOR>4482</CNOR>
    <CSUD>6727</CSUD>
    <NORD>24547</NORD>
    <SARD>1141</SARD>
    <SICI>2402</SICI>
    <SUD>3389</SUD>
  </marketintervaldetail>
  <marketintervaldetail>
    <Data>20150701</Data>
    <Mercato>MGP</Mercato>
    <Ora>14</Ora>
    <Totale>41392</Totale>
    <CNOR>4268</CNOR>
    <CSUD>6601</CSUD>
    <NORD>23868</NORD>
    <SARD>1122</SARD>
    <SICI>2353</SICI>
    <SUD>3180</SUD>
  </marketintervaldetail>
  <marketintervaldetail>
    <Data>20150701</Data>
    <Mercato>MGP</Mercato>
    <Ora>15</Ora>
    <Totale>42423</Totale>
    <CNOR>4148</CNOR>
    <CSUD>6471</CSUD>
    <NORD>25388</NORD>
    <SARD>1072</SARD>
    <SICI>2188</SICI>
    <SUD>3156</SUD>
  </marketintervaldetail>
  <marketintervaldetail>
    <Data>20150701</Data>
    <Mercato>MGP</Mercato>
    <Ora>16</Ora>
    <Totale>43110</Totale>
    <CNOR>4290</CNOR>
    <CSUD>6833</CSUD>
    <NORD>25646</NORD>
    <SARD>1084</SARD>
    <SICI>2227</SICI>
    <SUD>3030</SUD>
  </marketintervaldetail>
  <marketintervaldetail>
    <Data>20150701</Data>
    <Mercato>MGP</Mercato>
    <Ora>17</Ora>
    <Totale>43258</Totale>
    <CNOR>4326</CNOR>
    <CSUD>6730</CSUD>
    <NORD>25884</NORD>
    <SARD>1080</SARD>
    <SICI>2199</SICI>
    <SUD>3039</SUD>
  </marketintervaldetail>
  <marketintervaldetail>
    <Data>20150701</Data>
    <Mercato>MGP</Mercato>
    <Ora>18</Ora>
    <Totale>42464</Totale>
    <CNOR>4283</CNOR>
    <CSUD>6523</CSUD>
    <NORD>25202</NORD>
    <SARD>1076</SARD>
    <SICI>2305</SICI>
    <SUD>3075</SUD>
  </marketintervaldetail>
  <marketintervaldetail>
    <Data>20150701</Data>
    <Mercato>MGP</Mercato>
    <Ora>19</Ora>
    <Totale>40824</Totale>
    <CNOR>4167</CNOR>
    <CSUD>6363</CSUD>
    <NORD>23755</NORD>
    <SARD>1081</SARD>
    <SICI>2343</SICI>
    <SUD>3115</SUD>
  </marketintervaldetail>
  <marketintervaldetail>
    <Data>20150701</Data>
    <Mercato>MGP</Mercato>
    <Ora>20</Ora>
    <Totale>39939</Totale>
    <CNOR>4234</CNOR>
    <CSUD>6239</CSUD>
    <NORD>22899</NORD>
    <SARD>1109</SARD>
    <SICI>2333</SICI>
    <SUD>3125</SUD>
  </marketintervaldetail>
  <marketintervaldetail>
    <Data>20150701</Data>
    <Mercato>MGP</Mercato>
    <Ora>21</Ora>
    <Totale>39049</Totale>
    <CNOR>4223</CNOR>
    <CSUD>6153</CSUD>
    <NORD>21960</NORD>
    <SARD>1146</SARD>
    <SICI>2332</SICI>
    <SUD>3235</SUD>
  </marketintervaldetail>
  <marketintervaldetail>
    <Data>20150701</Data>
    <Mercato>MGP</Mercato>
    <Ora>22</Ora>
    <Totale>38864</Totale>
    <CNOR>4282</CNOR>
    <CSUD>6194</CSUD>
    <NORD>21495</NORD>
    <SARD>1185</SARD>
    <SICI>2327</SICI>
    <SUD>3381</SUD>
  </marketintervaldetail>
  <marketintervaldetail>
    <Data>20150701</Data>
    <Mercato>MGP</Mercato>
    <Ora>23</Ora>
    <Totale>37154</Totale>
    <CNOR>3982</CNOR>
    <CSUD>5982</CSUD>
    <NORD>20650</NORD>
    <SARD>1164</SARD>
    <SICI>2220</SICI>
    <SUD>3156</SUD>
  </marketintervaldetail>
  <marketintervaldetail>
    <Data>20150701</Data>
    <Mercato>MGP</Mercato>
    <Ora>24</Ora>
    <Totale>33935</Totale>
    <CNOR>3616</CNOR>
    <CSUD>5402</CSUD>
    <NORD>18909</NORD>
    <SARD>1062</SARD>
    <SICI>2016</SICI>
    <SUD>2930</SUD>
  </marketintervaldetail>
</NewDataSet>