<?xml version="1.0" standalone="yes"?>
<NewDataSet>
  <xs:schema id="NewDataSet" xmlns="" xmlns:xs="http://www.w3.org/2001/XMLSchema" xmlns:msdata="urn:schemas-microsoft-com:xml-msdata">
    <xs:element name="NewDataSet" msdata:IsDataSet="true" msdata:MainDataTable="marketintervaldetail" msdata:UseCurrentLocale="true">
      <xs:complexType>
        <xs:choice minOccurs="0" maxOccurs="unbounded">
          <xs:element name="marketintervaldetail">
            <xs:complexType>
              <xs:sequence>
                <xs:element name="Data" type="xs:string" minOccurs="0" />
                <xs:element name="Mercato" type="xs:string" minOccurs="0" />
                <xs:element name="Ora" type="xs:string" minOccurs="0" />
                <xs:element name="Totale" type="xs:string" minOccurs="0" />
                <xs:element name="CNOR" type="xs:string" minOccurs="0" />
                <xs:element name="CSUD" type="xs:string" minOccurs="0" />
                <xs:element name="NORD" type="xs:string" minOccurs="0" />
                <xs:element name="SARD" type="xs:string" minOccurs="0" />
                <xs:element name="SICI" type="xs:string" minOccurs="0" />
                <xs:element name="SUD" type="xs:string" minOccurs="0" />
              </xs:sequence>
            </xs:complexType>
          </xs:element>
        </xs:choice>
      </xs:complexType>
    </xs:element>
  </xs:schema>
  <marketintervaldetail>
    <Data>20150719</Data>
    <Mercato>MGP</Mercato>
    <Ora>01</Ora>
    <Totale>32184</Totale>
    <CNOR>3266</CNOR>
    <CSUD>5293</CSUD>
    <NORD>16802</NORD>
    <SARD>1086</SARD>
    <SICI>2300</SICI>
    <SUD>3437</SUD>
  </marketintervaldetail>
  <marketintervaldetail>
    <Data>20150719</Data>
    <Mercato>MGP</Mercato>
    <Ora>02</Ora>
    <Totale>30074</Totale>
    <CNOR>3085</CNOR>
    <CSUD>4894</CSUD>
    <NORD>15730</NORD>
    <SARD>1028</SARD>
    <SICI>2186</SICI>
    <SUD>3151</SUD>
  </marketintervaldetail>
  <marketintervaldetail>
    <Data>20150719</Data>
    <Mercato>MGP</Mercato>
    <Ora>03</Ora>
    <Totale>28395</Totale>
    <CNOR>2898</CNOR>
    <CSUD>4605</CSUD>
    <NORD>14951</NORD>
    <SARD>985</SARD>
    <SICI>2066</SICI>
    <SUD>2890</SUD>
  </marketintervaldetail>
  <marketintervaldetail>
    <Data>20150719</Data>
    <Mercato>MGP</Mercato>
    <Ora>04</Ora>
    <Totale>27437</Totale>
    <CNOR>2747</CNOR>
    <CSUD>4410</CSUD>
    <NORD>14565</NORD>
    <SARD>964</SARD>
    <SICI>1978</SICI>
    <SUD>2773</SUD>
  </marketintervaldetail>
  <marketintervaldetail>
    <Data>20150719</Data>
    <Mercato>MGP</Mercato>
    <Ora>05</Ora>
    <Totale>26973</Totale>
    <CNOR>2700</CNOR>
    <CSUD>4341</CSUD>
    <NORD>14260</NORD>
    <SARD>947</SARD>
    <SICI>1929</SICI>
    <SUD>2796</SUD>
  </marketintervaldetail>
  <marketintervaldetail>
    <Data>20150719</Data>
    <Mercato>MGP</Mercato>
    <Ora>06</Ora>
    <Totale>26630</Totale>
    <CNOR>2621</CNOR>
    <CSUD>4217</CSUD>
    <NORD>14142</NORD>
    <SARD>943</SARD>
    <SICI>1879</SICI>
    <SUD>2828</SUD>
  </marketintervaldetail>
  <marketintervaldetail>
    <Data>20150719</Data>
    <Mercato>MGP</Mercato>
    <Ora>07</Ora>
    <Totale>25825</Totale>
    <CNOR>2624</CNOR>
    <CSUD>4125</CSUD>
    <NORD>13796</NORD>
    <SARD>920</SARD>
    <SICI>1797</SICI>
    <SUD>2563</SUD>
  </marketintervaldetail>
  <marketintervaldetail>
    <Data>20150719</Data>
    <Mercato>MGP</Mercato>
    <Ora>08</Ora>
    <Totale>26573</Totale>
    <CNOR>2710</CNOR>
    <CSUD>4415</CSUD>
    <NORD>14275</NORD>
    <SARD>944</SARD>
    <SICI>1925</SICI>
    <SUD>2304</SUD>
  </marketintervaldetail>
  <marketintervaldetail>
    <Data>20150719</Data>
    <Mercato>MGP</Mercato>
    <Ora>09</Ora>
    <Totale>28701</Totale>
    <CNOR>2698</CNOR>
    <CSUD>5001</CSUD>
    <NORD>15033</NORD>
    <SARD>995</SARD>
    <SICI>2140</SICI>
    <SUD>2834</SUD>
  </marketintervaldetail>
  <marketintervaldetail>
    <Data>20150719</Data>
    <Mercato>MGP</Mercato>
    <Ora>10</Ora>
    <Totale>30863</Totale>
    <CNOR>2934</CNOR>
    <CSUD>5497</CSUD>
    <NORD>16075</NORD>
    <SARD>1026</SARD>
    <SICI>2256</SICI>
    <SUD>3075</SUD>
  </marketintervaldetail>
  <marketintervaldetail>
    <Data>20150719</Data>
    <Mercato>MGP</Mercato>
    <Ora>11</Ora>
    <Totale>32350</Totale>
    <CNOR>3155</CNOR>
    <CSUD>5923</CSUD>
    <NORD>16820</NORD>
    <SARD>1040</SARD>
    <SICI>2320</SICI>
    <SUD>3092</SUD>
  </marketintervaldetail>
  <marketintervaldetail>
    <Data>20150719</Data>
    <Mercato>MGP</Mercato>
    <Ora>12</Ora>
    <Totale>33001</Totale>
    <CNOR>3175</CNOR>
    <CSUD>6103</CSUD>
    <NORD>17337</NORD>
    <SARD>1053</SARD>
    <SICI>2297</SICI>
    <SUD>3036</SUD>
  </marketintervaldetail>
  <marketintervaldetail>
    <Data>20150719</Data>
    <Mercato>MGP</Mercato>
    <Ora>13</Ora>
    <Totale>33084</Totale>
    <CNOR>3082</CNOR>
    <CSUD>6261</CSUD>
    <NORD>17182</NORD>
    <SARD>1071</SARD>
    <SICI>2361</SICI>
    <SUD>3127</SUD>
  </marketintervaldetail>
  <marketintervaldetail>
    <Data>20150719</Data>
    <Mercato>MGP</Mercato>
    <Ora>14</Ora>
    <Totale>32632</Totale>
    <CNOR>2920</CNOR>
    <CSUD>6337</CSUD>
    <NORD>16787</NORD>
    <SARD>1071</SARD>
    <SICI>2389</SICI>
    <SUD>3128</SUD>
  </marketintervaldetail>
  <marketintervaldetail>
    <Data>20150719</Data>
    <Mercato>MGP</Mercato>
    <Ora>15</Ora>
    <Totale>32555</Totale>
    <CNOR>2931</CNOR>
    <CSUD>6102</CSUD>
    <NORD>16845</NORD>
    <SARD>1068</SARD>
    <SICI>2373</SICI>
    <SUD>3236</SUD>
  </marketintervaldetail>
  <marketintervaldetail>
    <Data>20150719</Data>
    <Mercato>MGP</Mercato>
    <Ora>16</Ora>
    <Totale>32471</Totale>
    <CNOR>3015</CNOR>
    <CSUD>6094</CSUD>
    <NORD>16691</NORD>
    <SARD>1064</SARD>
    <SICI>2319</SICI>
    <SUD>3288</SUD>
  </marketintervaldetail>
  <marketintervaldetail>
    <Data>20150719</Data>
    <Mercato>MGP</Mercato>
    <Ora>17</Ora>
    <Totale>32857</Totale>
    <CNOR>3068</CNOR>
    <CSUD>6156</CSUD>
    <NORD>16931</NORD>
    <SARD>1075</SARD>
    <SICI>2354</SICI>
    <SUD>3273</SUD>
  </marketintervaldetail>
  <marketintervaldetail>
    <Data>20150719</Data>
    <Mercato>MGP</Mercato>
    <Ora>18</Ora>
    <Totale>33685</Totale>
    <CNOR>3226</CNOR>
    <CSUD>6164</CSUD>
    <NORD>17460</NORD>
    <SARD>1097</SARD>
    <SICI>2413</SICI>
    <SUD>3325</SUD>
  </marketintervaldetail>
  <marketintervaldetail>
    <Data>20150719</Data>
    <Mercato>MGP</Mercato>
    <Ora>19</Ora>
    <Totale>34350</Totale>
    <CNOR>3374</CNOR>
    <CSUD>6199</CSUD>
    <NORD>17770</NORD>
    <SARD>1128</SARD>
    <SICI>2461</SICI>
    <SUD>3418</SUD>
  </marketintervaldetail>
  <marketintervaldetail>
    <Data>20150719</Data>
    <Mercato>MGP</Mercato>
    <Ora>20</Ora>
    <Totale>35211</Totale>
    <CNOR>3566</CNOR>
    <CSUD>6413</CSUD>
    <NORD>18370</NORD>
    <SARD>1163</SARD>
    <SICI>2434</SICI>
    <SUD>3265</SUD>
  </marketintervaldetail>
  <marketintervaldetail>
    <Data>20150719</Data>
    <Mercato>MGP</Mercato>
    <Ora>21</Ora>
    <Totale>35964</Totale>
    <CNOR>3608</CNOR>
    <CSUD>6496</CSUD>
    <NORD>18594</NORD>
    <SARD>1201</SARD>
    <SICI>2557</SICI>
    <SUD>3508</SUD>
  </marketintervaldetail>
  <marketintervaldetail>
    <Data>20150719</Data>
    <Mercato>MGP</Mercato>
    <Ora>22</Ora>
    <Totale>37573</Totale>
    <CNOR>3768</CNOR>
    <CSUD>6748</CSUD>
    <NORD>19397</NORD>
    <SARD>1260</SARD>
    <SICI>2700</SICI>
    <SUD>3700</SUD>
  </marketintervaldetail>
  <marketintervaldetail>
    <Data>20150719</Data>
    <Mercato>MGP</Mercato>
    <Ora>23</Ora>
    <Totale>36730</Totale>
    <CNOR>3670</CNOR>
    <CSUD>6539</CSUD>
    <NORD>19215</NORD>
    <SARD>1204</SARD>
    <SICI>2605</SICI>
    <SUD>3497</SUD>
  </marketintervaldetail>
  <marketintervaldetail>
    <Data>20150719</Data>
    <Mercato>MGP</Mercato>
    <Ora>24</Ora>
    <Totale>34399</Totale>
    <CNOR>3393</CNOR>
    <CSUD>6116</CSUD>
    <NORD>18021</NORD>
    <SARD>1139</SARD>
    <SICI>2467</SICI>
    <SUD>3263</SUD>
  </marketintervaldetail>
</NewDataSet>