<?xml version="1.0" standalone="yes"?>
<NewDataSet>
  <xs:schema id="NewDataSet" xmlns="" xmlns:xs="http://www.w3.org/2001/XMLSchema" xmlns:msdata="urn:schemas-microsoft-com:xml-msdata">
    <xs:element name="NewDataSet" msdata:IsDataSet="true" msdata:MainDataTable="marketintervaldetail" msdata:UseCurrentLocale="true">
      <xs:complexType>
        <xs:choice minOccurs="0" maxOccurs="unbounded">
          <xs:element name="marketintervaldetail">
            <xs:complexType>
              <xs:sequence>
                <xs:element name="Data" type="xs:string" minOccurs="0" />
                <xs:element name="Mercato" type="xs:string" minOccurs="0" />
                <xs:element name="Ora" type="xs:string" minOccurs="0" />
                <xs:element name="Totale" type="xs:string" minOccurs="0" />
                <xs:element name="CNOR" type="xs:string" minOccurs="0" />
                <xs:element name="CSUD" type="xs:string" minOccurs="0" />
                <xs:element name="NORD" type="xs:string" minOccurs="0" />
                <xs:element name="SARD" type="xs:string" minOccurs="0" />
                <xs:element name="SICI" type="xs:string" minOccurs="0" />
                <xs:element name="SUD" type="xs:string" minOccurs="0" />
              </xs:sequence>
            </xs:complexType>
          </xs:element>
        </xs:choice>
      </xs:complexType>
    </xs:element>
  </xs:schema>
  <marketintervaldetail>
    <Data>20150711</Data>
    <Mercato>MGP</Mercato>
    <Ora>01</Ora>
    <Totale>36107</Totale>
    <CNOR>3696</CNOR>
    <CSUD>5637</CSUD>
    <NORD>20525</NORD>
    <SARD>1118</SARD>
    <SICI>2103</SICI>
    <SUD>3028</SUD>
  </marketintervaldetail>
  <marketintervaldetail>
    <Data>20150711</Data>
    <Mercato>MGP</Mercato>
    <Ora>02</Ora>
    <Totale>33618</Totale>
    <CNOR>3407</CNOR>
    <CSUD>5279</CSUD>
    <NORD>19127</NORD>
    <SARD>1048</SARD>
    <SICI>1946</SICI>
    <SUD>2811</SUD>
  </marketintervaldetail>
  <marketintervaldetail>
    <Data>20150711</Data>
    <Mercato>MGP</Mercato>
    <Ora>03</Ora>
    <Totale>31792</Totale>
    <CNOR>3264</CNOR>
    <CSUD>4953</CSUD>
    <NORD>18101</NORD>
    <SARD>990</SARD>
    <SICI>1831</SICI>
    <SUD>2653</SUD>
  </marketintervaldetail>
  <marketintervaldetail>
    <Data>20150711</Data>
    <Mercato>MGP</Mercato>
    <Ora>04</Ora>
    <Totale>30878</Totale>
    <CNOR>3120</CNOR>
    <CSUD>4756</CSUD>
    <NORD>17709</NORD>
    <SARD>948</SARD>
    <SICI>1759</SICI>
    <SUD>2586</SUD>
  </marketintervaldetail>
  <marketintervaldetail>
    <Data>20150711</Data>
    <Mercato>MGP</Mercato>
    <Ora>05</Ora>
    <Totale>30249</Totale>
    <CNOR>3058</CNOR>
    <CSUD>4666</CSUD>
    <NORD>17354</NORD>
    <SARD>943</SARD>
    <SICI>1744</SICI>
    <SUD>2484</SUD>
  </marketintervaldetail>
  <marketintervaldetail>
    <Data>20150711</Data>
    <Mercato>MGP</Mercato>
    <Ora>06</Ora>
    <Totale>29357</Totale>
    <CNOR>2970</CNOR>
    <CSUD>4548</CSUD>
    <NORD>16738</NORD>
    <SARD>945</SARD>
    <SICI>1723</SICI>
    <SUD>2433</SUD>
  </marketintervaldetail>
  <marketintervaldetail>
    <Data>20150711</Data>
    <Mercato>MGP</Mercato>
    <Ora>07</Ora>
    <Totale>29013</Totale>
    <CNOR>2970</CNOR>
    <CSUD>4518</CSUD>
    <NORD>16513</NORD>
    <SARD>927</SARD>
    <SICI>1685</SICI>
    <SUD>2400</SUD>
  </marketintervaldetail>
  <marketintervaldetail>
    <Data>20150711</Data>
    <Mercato>MGP</Mercato>
    <Ora>08</Ora>
    <Totale>31241</Totale>
    <CNOR>3279</CNOR>
    <CSUD>5004</CSUD>
    <NORD>17570</NORD>
    <SARD>980</SARD>
    <SICI>1832</SICI>
    <SUD>2576</SUD>
  </marketintervaldetail>
  <marketintervaldetail>
    <Data>20150711</Data>
    <Mercato>MGP</Mercato>
    <Ora>09</Ora>
    <Totale>34016</Totale>
    <CNOR>3604</CNOR>
    <CSUD>5713</CSUD>
    <NORD>18709</NORD>
    <SARD>1047</SARD>
    <SICI>2036</SICI>
    <SUD>2907</SUD>
  </marketintervaldetail>
  <marketintervaldetail>
    <Data>20150711</Data>
    <Mercato>MGP</Mercato>
    <Ora>10</Ora>
    <Totale>36456</Totale>
    <CNOR>3828</CNOR>
    <CSUD>6300</CSUD>
    <NORD>19739</NORD>
    <SARD>1087</SARD>
    <SICI>2232</SICI>
    <SUD>3270</SUD>
  </marketintervaldetail>
  <marketintervaldetail>
    <Data>20150711</Data>
    <Mercato>MGP</Mercato>
    <Ora>11</Ora>
    <Totale>37252</Totale>
    <CNOR>3910</CNOR>
    <CSUD>6546</CSUD>
    <NORD>19877</NORD>
    <SARD>1083</SARD>
    <SICI>2332</SICI>
    <SUD>3504</SUD>
  </marketintervaldetail>
  <marketintervaldetail>
    <Data>20150711</Data>
    <Mercato>MGP</Mercato>
    <Ora>12</Ora>
    <Totale>37251</Totale>
    <CNOR>3891</CNOR>
    <CSUD>6643</CSUD>
    <NORD>19672</NORD>
    <SARD>1084</SARD>
    <SICI>2353</SICI>
    <SUD>3608</SUD>
  </marketintervaldetail>
  <marketintervaldetail>
    <Data>20150711</Data>
    <Mercato>MGP</Mercato>
    <Ora>13</Ora>
    <Totale>36692</Totale>
    <CNOR>3827</CNOR>
    <CSUD>6840</CSUD>
    <NORD>18765</NORD>
    <SARD>1138</SARD>
    <SICI>2395</SICI>
    <SUD>3727</SUD>
  </marketintervaldetail>
  <marketintervaldetail>
    <Data>20150711</Data>
    <Mercato>MGP</Mercato>
    <Ora>14</Ora>
    <Totale>35693</Totale>
    <CNOR>3555</CNOR>
    <CSUD>6723</CSUD>
    <NORD>18211</NORD>
    <SARD>1154</SARD>
    <SICI>2374</SICI>
    <SUD>3676</SUD>
  </marketintervaldetail>
  <marketintervaldetail>
    <Data>20150711</Data>
    <Mercato>MGP</Mercato>
    <Ora>15</Ora>
    <Totale>35057</Totale>
    <CNOR>3548</CNOR>
    <CSUD>6265</CSUD>
    <NORD>18436</NORD>
    <SARD>1148</SARD>
    <SICI>2334</SICI>
    <SUD>3326</SUD>
  </marketintervaldetail>
  <marketintervaldetail>
    <Data>20150711</Data>
    <Mercato>MGP</Mercato>
    <Ora>16</Ora>
    <Totale>34971</Totale>
    <CNOR>3569</CNOR>
    <CSUD>6295</CSUD>
    <NORD>18345</NORD>
    <SARD>1093</SARD>
    <SICI>2314</SICI>
    <SUD>3355</SUD>
  </marketintervaldetail>
  <marketintervaldetail>
    <Data>20150711</Data>
    <Mercato>MGP</Mercato>
    <Ora>17</Ora>
    <Totale>35445</Totale>
    <CNOR>3660</CNOR>
    <CSUD>6277</CSUD>
    <NORD>18707</NORD>
    <SARD>1035</SARD>
    <SICI>2337</SICI>
    <SUD>3429</SUD>
  </marketintervaldetail>
  <marketintervaldetail>
    <Data>20150711</Data>
    <Mercato>MGP</Mercato>
    <Ora>18</Ora>
    <Totale>36368</Totale>
    <CNOR>3789</CNOR>
    <CSUD>6561</CSUD>
    <NORD>19022</NORD>
    <SARD>1072</SARD>
    <SICI>2445</SICI>
    <SUD>3479</SUD>
  </marketintervaldetail>
  <marketintervaldetail>
    <Data>20150711</Data>
    <Mercato>MGP</Mercato>
    <Ora>19</Ora>
    <Totale>36704</Totale>
    <CNOR>3854</CNOR>
    <CSUD>6606</CSUD>
    <NORD>19120</NORD>
    <SARD>1110</SARD>
    <SICI>2484</SICI>
    <SUD>3530</SUD>
  </marketintervaldetail>
  <marketintervaldetail>
    <Data>20150711</Data>
    <Mercato>MGP</Mercato>
    <Ora>20</Ora>
    <Totale>37037</Totale>
    <CNOR>3947</CNOR>
    <CSUD>6675</CSUD>
    <NORD>19238</NORD>
    <SARD>1138</SARD>
    <SICI>2440</SICI>
    <SUD>3599</SUD>
  </marketintervaldetail>
  <marketintervaldetail>
    <Data>20150711</Data>
    <Mercato>MGP</Mercato>
    <Ora>21</Ora>
    <Totale>36875</Totale>
    <CNOR>3935</CNOR>
    <CSUD>6781</CSUD>
    <NORD>18816</NORD>
    <SARD>1173</SARD>
    <SICI>2459</SICI>
    <SUD>3711</SUD>
  </marketintervaldetail>
  <marketintervaldetail>
    <Data>20150711</Data>
    <Mercato>MGP</Mercato>
    <Ora>22</Ora>
    <Totale>36965</Totale>
    <CNOR>3893</CNOR>
    <CSUD>6632</CSUD>
    <NORD>18899</NORD>
    <SARD>1256</SARD>
    <SICI>2558</SICI>
    <SUD>3727</SUD>
  </marketintervaldetail>
  <marketintervaldetail>
    <Data>20150711</Data>
    <Mercato>MGP</Mercato>
    <Ora>23</Ora>
    <Totale>35572</Totale>
    <CNOR>3807</CNOR>
    <CSUD>6240</CSUD>
    <NORD>18399</NORD>
    <SARD>1219</SARD>
    <SICI>2409</SICI>
    <SUD>3498</SUD>
  </marketintervaldetail>
  <marketintervaldetail>
    <Data>20150711</Data>
    <Mercato>MGP</Mercato>
    <Ora>24</Ora>
    <Totale>33252</Totale>
    <CNOR>3551</CNOR>
    <CSUD>5912</CSUD>
    <NORD>17182</NORD>
    <SARD>1146</SARD>
    <SICI>2245</SICI>
    <SUD>3216</SUD>
  </marketintervaldetail>
</NewDataSet>