<?xml version="1.0" standalone="yes"?>
<NewDataSet>
  <xs:schema id="NewDataSet" xmlns="" xmlns:xs="http://www.w3.org/2001/XMLSchema" xmlns:msdata="urn:schemas-microsoft-com:xml-msdata">
    <xs:element name="NewDataSet" msdata:IsDataSet="true" msdata:MainDataTable="marketintervaldetail" msdata:UseCurrentLocale="true">
      <xs:complexType>
        <xs:choice minOccurs="0" maxOccurs="unbounded">
          <xs:element name="marketintervaldetail">
            <xs:complexType>
              <xs:sequence>
                <xs:element name="Data" type="xs:string" minOccurs="0" />
                <xs:element name="Mercato" type="xs:string" minOccurs="0" />
                <xs:element name="Ora" type="xs:string" minOccurs="0" />
                <xs:element name="Totale" type="xs:string" minOccurs="0" />
                <xs:element name="CNOR" type="xs:string" minOccurs="0" />
                <xs:element name="CSUD" type="xs:string" minOccurs="0" />
                <xs:element name="NORD" type="xs:string" minOccurs="0" />
                <xs:element name="SARD" type="xs:string" minOccurs="0" />
                <xs:element name="SICI" type="xs:string" minOccurs="0" />
                <xs:element name="SUD" type="xs:string" minOccurs="0" />
              </xs:sequence>
            </xs:complexType>
          </xs:element>
        </xs:choice>
      </xs:complexType>
    </xs:element>
  </xs:schema>
  <marketintervaldetail>
    <Data>20150720</Data>
    <Mercato>MGP</Mercato>
    <Ora>01</Ora>
    <Totale>32294</Totale>
    <CNOR>3372</CNOR>
    <CSUD>4875</CSUD>
    <NORD>17588</NORD>
    <SARD>1075</SARD>
    <SICI>2189</SICI>
    <SUD>3195</SUD>
  </marketintervaldetail>
  <marketintervaldetail>
    <Data>20150720</Data>
    <Mercato>MGP</Mercato>
    <Ora>02</Ora>
    <Totale>30048</Totale>
    <CNOR>3180</CNOR>
    <CSUD>4423</CSUD>
    <NORD>16429</NORD>
    <SARD>1012</SARD>
    <SICI>2039</SICI>
    <SUD>2965</SUD>
  </marketintervaldetail>
  <marketintervaldetail>
    <Data>20150720</Data>
    <Mercato>MGP</Mercato>
    <Ora>03</Ora>
    <Totale>28555</Totale>
    <CNOR>3062</CNOR>
    <CSUD>4153</CSUD>
    <NORD>15676</NORD>
    <SARD>971</SARD>
    <SICI>1897</SICI>
    <SUD>2796</SUD>
  </marketintervaldetail>
  <marketintervaldetail>
    <Data>20150720</Data>
    <Mercato>MGP</Mercato>
    <Ora>04</Ora>
    <Totale>27766</Totale>
    <CNOR>3011</CNOR>
    <CSUD>3940</CSUD>
    <NORD>15301</NORD>
    <SARD>956</SARD>
    <SICI>1842</SICI>
    <SUD>2716</SUD>
  </marketintervaldetail>
  <marketintervaldetail>
    <Data>20150720</Data>
    <Mercato>MGP</Mercato>
    <Ora>05</Ora>
    <Totale>27921</Totale>
    <CNOR>3031</CNOR>
    <CSUD>3940</CSUD>
    <NORD>15481</NORD>
    <SARD>951</SARD>
    <SICI>1807</SICI>
    <SUD>2711</SUD>
  </marketintervaldetail>
  <marketintervaldetail>
    <Data>20150720</Data>
    <Mercato>MGP</Mercato>
    <Ora>06</Ora>
    <Totale>28917</Totale>
    <CNOR>3059</CNOR>
    <CSUD>4034</CSUD>
    <NORD>16364</NORD>
    <SARD>968</SARD>
    <SICI>1820</SICI>
    <SUD>2672</SUD>
  </marketintervaldetail>
  <marketintervaldetail>
    <Data>20150720</Data>
    <Mercato>MGP</Mercato>
    <Ora>07</Ora>
    <Totale>31632</Totale>
    <CNOR>3279</CNOR>
    <CSUD>4340</CSUD>
    <NORD>18496</NORD>
    <SARD>989</SARD>
    <SICI>1815</SICI>
    <SUD>2713</SUD>
  </marketintervaldetail>
  <marketintervaldetail>
    <Data>20150720</Data>
    <Mercato>MGP</Mercato>
    <Ora>08</Ora>
    <Totale>37072</Totale>
    <CNOR>3896</CNOR>
    <CSUD>5247</CSUD>
    <NORD>21705</NORD>
    <SARD>1074</SARD>
    <SICI>2064</SICI>
    <SUD>3086</SUD>
  </marketintervaldetail>
  <marketintervaldetail>
    <Data>20150720</Data>
    <Mercato>MGP</Mercato>
    <Ora>09</Ora>
    <Totale>43398</Totale>
    <CNOR>4603</CNOR>
    <CSUD>6221</CSUD>
    <NORD>25333</NORD>
    <SARD>1184</SARD>
    <SICI>2433</SICI>
    <SUD>3624</SUD>
  </marketintervaldetail>
  <marketintervaldetail>
    <Data>20150720</Data>
    <Mercato>MGP</Mercato>
    <Ora>10</Ora>
    <Totale>47571</Totale>
    <CNOR>5017</CNOR>
    <CSUD>6939</CSUD>
    <NORD>27653</NORD>
    <SARD>1273</SARD>
    <SICI>2704</SICI>
    <SUD>3985</SUD>
  </marketintervaldetail>
  <marketintervaldetail>
    <Data>20150720</Data>
    <Mercato>MGP</Mercato>
    <Ora>11</Ora>
    <Totale>49603</Totale>
    <CNOR>5342</CNOR>
    <CSUD>7279</CSUD>
    <NORD>28801</NORD>
    <SARD>1287</SARD>
    <SICI>2756</SICI>
    <SUD>4138</SUD>
  </marketintervaldetail>
  <marketintervaldetail>
    <Data>20150720</Data>
    <Mercato>MGP</Mercato>
    <Ora>12</Ora>
    <Totale>50594</Totale>
    <CNOR>5395</CNOR>
    <CSUD>7624</CSUD>
    <NORD>29330</NORD>
    <SARD>1314</SARD>
    <SICI>2783</SICI>
    <SUD>4148</SUD>
  </marketintervaldetail>
  <marketintervaldetail>
    <Data>20150720</Data>
    <Mercato>MGP</Mercato>
    <Ora>13</Ora>
    <Totale>49852</Totale>
    <CNOR>5204</CNOR>
    <CSUD>7822</CSUD>
    <NORD>28429</NORD>
    <SARD>1352</SARD>
    <SICI>2844</SICI>
    <SUD>4201</SUD>
  </marketintervaldetail>
  <marketintervaldetail>
    <Data>20150720</Data>
    <Mercato>MGP</Mercato>
    <Ora>14</Ora>
    <Totale>49912</Totale>
    <CNOR>5090</CNOR>
    <CSUD>7801</CSUD>
    <NORD>28831</NORD>
    <SARD>1343</SARD>
    <SICI>2845</SICI>
    <SUD>4002</SUD>
  </marketintervaldetail>
  <marketintervaldetail>
    <Data>20150720</Data>
    <Mercato>MGP</Mercato>
    <Ora>15</Ora>
    <Totale>51395</Totale>
    <CNOR>5135</CNOR>
    <CSUD>7940</CSUD>
    <NORD>30000</NORD>
    <SARD>1310</SARD>
    <SICI>2857</SICI>
    <SUD>4153</SUD>
  </marketintervaldetail>
  <marketintervaldetail>
    <Data>20150720</Data>
    <Mercato>MGP</Mercato>
    <Ora>16</Ora>
    <Totale>51838</Totale>
    <CNOR>5098</CNOR>
    <CSUD>8082</CSUD>
    <NORD>30392</NORD>
    <SARD>1278</SARD>
    <SICI>2870</SICI>
    <SUD>4118</SUD>
  </marketintervaldetail>
  <marketintervaldetail>
    <Data>20150720</Data>
    <Mercato>MGP</Mercato>
    <Ora>17</Ora>
    <Totale>51776</Totale>
    <CNOR>5157</CNOR>
    <CSUD>8028</CSUD>
    <NORD>30257</NORD>
    <SARD>1274</SARD>
    <SICI>2886</SICI>
    <SUD>4174</SUD>
  </marketintervaldetail>
  <marketintervaldetail>
    <Data>20150720</Data>
    <Mercato>MGP</Mercato>
    <Ora>18</Ora>
    <Totale>50636</Totale>
    <CNOR>5272</CNOR>
    <CSUD>7679</CSUD>
    <NORD>29260</NORD>
    <SARD>1319</SARD>
    <SICI>2871</SICI>
    <SUD>4235</SUD>
  </marketintervaldetail>
  <marketintervaldetail>
    <Data>20150720</Data>
    <Mercato>MGP</Mercato>
    <Ora>19</Ora>
    <Totale>48973</Totale>
    <CNOR>5120</CNOR>
    <CSUD>7616</CSUD>
    <NORD>28021</NORD>
    <SARD>1336</SARD>
    <SICI>2813</SICI>
    <SUD>4067</SUD>
  </marketintervaldetail>
  <marketintervaldetail>
    <Data>20150720</Data>
    <Mercato>MGP</Mercato>
    <Ora>20</Ora>
    <Totale>47533</Totale>
    <CNOR>5005</CNOR>
    <CSUD>7437</CSUD>
    <NORD>26832</NORD>
    <SARD>1366</SARD>
    <SICI>2743</SICI>
    <SUD>4150</SUD>
  </marketintervaldetail>
  <marketintervaldetail>
    <Data>20150720</Data>
    <Mercato>MGP</Mercato>
    <Ora>21</Ora>
    <Totale>46403</Totale>
    <CNOR>4830</CNOR>
    <CSUD>7416</CSUD>
    <NORD>25787</NORD>
    <SARD>1386</SARD>
    <SICI>2788</SICI>
    <SUD>4196</SUD>
  </marketintervaldetail>
  <marketintervaldetail>
    <Data>20150720</Data>
    <Mercato>MGP</Mercato>
    <Ora>22</Ora>
    <Totale>46189</Totale>
    <CNOR>4822</CNOR>
    <CSUD>7481</CSUD>
    <NORD>25420</NORD>
    <SARD>1375</SARD>
    <SICI>2830</SICI>
    <SUD>4261</SUD>
  </marketintervaldetail>
  <marketintervaldetail>
    <Data>20150720</Data>
    <Mercato>MGP</Mercato>
    <Ora>23</Ora>
    <Totale>43383</Totale>
    <CNOR>4437</CNOR>
    <CSUD>6835</CSUD>
    <NORD>24072</NORD>
    <SARD>1355</SARD>
    <SICI>2672</SICI>
    <SUD>4012</SUD>
  </marketintervaldetail>
  <marketintervaldetail>
    <Data>20150720</Data>
    <Mercato>MGP</Mercato>
    <Ora>24</Ora>
    <Totale>40049</Totale>
    <CNOR>4058</CNOR>
    <CSUD>6267</CSUD>
    <NORD>22136</NORD>
    <SARD>1265</SARD>
    <SICI>2531</SICI>
    <SUD>3792</SUD>
  </marketintervaldetail>
</NewDataSet>