<?xml version="1.0" standalone="yes"?>
<NewDataSet>
  <xs:schema id="NewDataSet" xmlns="" xmlns:xs="http://www.w3.org/2001/XMLSchema" xmlns:msdata="urn:schemas-microsoft-com:xml-msdata">
    <xs:element name="NewDataSet" msdata:IsDataSet="true" msdata:MainDataTable="marketintervaldetail" msdata:UseCurrentLocale="true">
      <xs:complexType>
        <xs:choice minOccurs="0" maxOccurs="unbounded">
          <xs:element name="marketintervaldetail">
            <xs:complexType>
              <xs:sequence>
                <xs:element name="Data" type="xs:string" minOccurs="0" />
                <xs:element name="Mercato" type="xs:string" minOccurs="0" />
                <xs:element name="Ora" type="xs:string" minOccurs="0" />
                <xs:element name="Totale" type="xs:string" minOccurs="0" />
                <xs:element name="CNOR" type="xs:string" minOccurs="0" />
                <xs:element name="CSUD" type="xs:string" minOccurs="0" />
                <xs:element name="NORD" type="xs:string" minOccurs="0" />
                <xs:element name="SARD" type="xs:string" minOccurs="0" />
                <xs:element name="SICI" type="xs:string" minOccurs="0" />
                <xs:element name="SUD" type="xs:string" minOccurs="0" />
              </xs:sequence>
            </xs:complexType>
          </xs:element>
        </xs:choice>
      </xs:complexType>
    </xs:element>
  </xs:schema>
  <marketintervaldetail>
    <Data>20150702</Data>
    <Mercato>MGP</Mercato>
    <Ora>01</Ora>
    <Totale>31624</Totale>
    <CNOR>3293</CNOR>
    <CSUD>5003</CSUD>
    <NORD>17897</NORD>
    <SARD>947</SARD>
    <SICI>1882</SICI>
    <SUD>2602</SUD>
  </marketintervaldetail>
  <marketintervaldetail>
    <Data>20150702</Data>
    <Mercato>MGP</Mercato>
    <Ora>02</Ora>
    <Totale>29642</Totale>
    <CNOR>3148</CNOR>
    <CSUD>4657</CSUD>
    <NORD>16761</NORD>
    <SARD>911</SARD>
    <SICI>1709</SICI>
    <SUD>2456</SUD>
  </marketintervaldetail>
  <marketintervaldetail>
    <Data>20150702</Data>
    <Mercato>MGP</Mercato>
    <Ora>03</Ora>
    <Totale>28375</Totale>
    <CNOR>2944</CNOR>
    <CSUD>4422</CSUD>
    <NORD>16194</NORD>
    <SARD>873</SARD>
    <SICI>1608</SICI>
    <SUD>2334</SUD>
  </marketintervaldetail>
  <marketintervaldetail>
    <Data>20150702</Data>
    <Mercato>MGP</Mercato>
    <Ora>04</Ora>
    <Totale>27706</Totale>
    <CNOR>2940</CNOR>
    <CSUD>4378</CSUD>
    <NORD>15732</NORD>
    <SARD>858</SARD>
    <SICI>1569</SICI>
    <SUD>2229</SUD>
  </marketintervaldetail>
  <marketintervaldetail>
    <Data>20150702</Data>
    <Mercato>MGP</Mercato>
    <Ora>05</Ora>
    <Totale>27647</Totale>
    <CNOR>3032</CNOR>
    <CSUD>4417</CSUD>
    <NORD>15639</NORD>
    <SARD>851</SARD>
    <SICI>1577</SICI>
    <SUD>2131</SUD>
  </marketintervaldetail>
  <marketintervaldetail>
    <Data>20150702</Data>
    <Mercato>MGP</Mercato>
    <Ora>06</Ora>
    <Totale>27717</Totale>
    <CNOR>2900</CNOR>
    <CSUD>4545</CSUD>
    <NORD>15832</NORD>
    <SARD>874</SARD>
    <SICI>1584</SICI>
    <SUD>1982</SUD>
  </marketintervaldetail>
  <marketintervaldetail>
    <Data>20150702</Data>
    <Mercato>MGP</Mercato>
    <Ora>07</Ora>
    <Totale>30147</Totale>
    <CNOR>3055</CNOR>
    <CSUD>5277</CSUD>
    <NORD>17352</NORD>
    <SARD>887</SARD>
    <SICI>1615</SICI>
    <SUD>1961</SUD>
  </marketintervaldetail>
  <marketintervaldetail>
    <Data>20150702</Data>
    <Mercato>MGP</Mercato>
    <Ora>08</Ora>
    <Totale>35441</Totale>
    <CNOR>3877</CNOR>
    <CSUD>6003</CSUD>
    <NORD>20280</NORD>
    <SARD>1005</SARD>
    <SICI>1928</SICI>
    <SUD>2348</SUD>
  </marketintervaldetail>
  <marketintervaldetail>
    <Data>20150702</Data>
    <Mercato>MGP</Mercato>
    <Ora>09</Ora>
    <Totale>40954</Totale>
    <CNOR>4629</CNOR>
    <CSUD>6579</CSUD>
    <NORD>23667</NORD>
    <SARD>1096</SARD>
    <SICI>2194</SICI>
    <SUD>2789</SUD>
  </marketintervaldetail>
  <marketintervaldetail>
    <Data>20150702</Data>
    <Mercato>MGP</Mercato>
    <Ora>10</Ora>
    <Totale>44073</Totale>
    <CNOR>4969</CNOR>
    <CSUD>6891</CSUD>
    <NORD>25672</NORD>
    <SARD>1142</SARD>
    <SICI>2383</SICI>
    <SUD>3016</SUD>
  </marketintervaldetail>
  <marketintervaldetail>
    <Data>20150702</Data>
    <Mercato>MGP</Mercato>
    <Ora>11</Ora>
    <Totale>45169</Totale>
    <CNOR>4781</CNOR>
    <CSUD>7634</CSUD>
    <NORD>26254</NORD>
    <SARD>1173</SARD>
    <SICI>2419</SICI>
    <SUD>2908</SUD>
  </marketintervaldetail>
  <marketintervaldetail>
    <Data>20150702</Data>
    <Mercato>MGP</Mercato>
    <Ora>12</Ora>
    <Totale>45670</Totale>
    <CNOR>4837</CNOR>
    <CSUD>7575</CSUD>
    <NORD>26564</NORD>
    <SARD>1167</SARD>
    <SICI>2412</SICI>
    <SUD>3115</SUD>
  </marketintervaldetail>
  <marketintervaldetail>
    <Data>20150702</Data>
    <Mercato>MGP</Mercato>
    <Ora>13</Ora>
    <Totale>44061</Totale>
    <CNOR>4789</CNOR>
    <CSUD>6761</CSUD>
    <NORD>25418</NORD>
    <SARD>1161</SARD>
    <SICI>2408</SICI>
    <SUD>3524</SUD>
  </marketintervaldetail>
  <marketintervaldetail>
    <Data>20150702</Data>
    <Mercato>MGP</Mercato>
    <Ora>14</Ora>
    <Totale>43427</Totale>
    <CNOR>4536</CNOR>
    <CSUD>6647</CSUD>
    <NORD>25525</NORD>
    <SARD>1116</SARD>
    <SICI>2340</SICI>
    <SUD>3263</SUD>
  </marketintervaldetail>
  <marketintervaldetail>
    <Data>20150702</Data>
    <Mercato>MGP</Mercato>
    <Ora>15</Ora>
    <Totale>44542</Totale>
    <CNOR>4851</CNOR>
    <CSUD>6871</CSUD>
    <NORD>26369</NORD>
    <SARD>1144</SARD>
    <SICI>2268</SICI>
    <SUD>3039</SUD>
  </marketintervaldetail>
  <marketintervaldetail>
    <Data>20150702</Data>
    <Mercato>MGP</Mercato>
    <Ora>16</Ora>
    <Totale>44775</Totale>
    <CNOR>5201</CNOR>
    <CSUD>6505</CSUD>
    <NORD>26730</NORD>
    <SARD>1135</SARD>
    <SICI>2281</SICI>
    <SUD>2923</SUD>
  </marketintervaldetail>
  <marketintervaldetail>
    <Data>20150702</Data>
    <Mercato>MGP</Mercato>
    <Ora>17</Ora>
    <Totale>44260</Totale>
    <CNOR>5270</CNOR>
    <CSUD>6406</CSUD>
    <NORD>26425</NORD>
    <SARD>1159</SARD>
    <SICI>2263</SICI>
    <SUD>2737</SUD>
  </marketintervaldetail>
  <marketintervaldetail>
    <Data>20150702</Data>
    <Mercato>MGP</Mercato>
    <Ora>18</Ora>
    <Totale>42844</Totale>
    <CNOR>5228</CNOR>
    <CSUD>6287</CSUD>
    <NORD>25177</NORD>
    <SARD>1161</SARD>
    <SICI>2276</SICI>
    <SUD>2715</SUD>
  </marketintervaldetail>
  <marketintervaldetail>
    <Data>20150702</Data>
    <Mercato>MGP</Mercato>
    <Ora>19</Ora>
    <Totale>40907</Totale>
    <CNOR>5015</CNOR>
    <CSUD>6138</CSUD>
    <NORD>23649</NORD>
    <SARD>1158</SARD>
    <SICI>2175</SICI>
    <SUD>2772</SUD>
  </marketintervaldetail>
  <marketintervaldetail>
    <Data>20150702</Data>
    <Mercato>MGP</Mercato>
    <Ora>20</Ora>
    <Totale>40198</Totale>
    <CNOR>4955</CNOR>
    <CSUD>6015</CSUD>
    <NORD>23099</NORD>
    <SARD>1169</SARD>
    <SICI>2150</SICI>
    <SUD>2810</SUD>
  </marketintervaldetail>
  <marketintervaldetail>
    <Data>20150702</Data>
    <Mercato>MGP</Mercato>
    <Ora>21</Ora>
    <Totale>39237</Totale>
    <CNOR>4692</CNOR>
    <CSUD>6043</CSUD>
    <NORD>22022</NORD>
    <SARD>1195</SARD>
    <SICI>2306</SICI>
    <SUD>2979</SUD>
  </marketintervaldetail>
  <marketintervaldetail>
    <Data>20150702</Data>
    <Mercato>MGP</Mercato>
    <Ora>22</Ora>
    <Totale>39199</Totale>
    <CNOR>4721</CNOR>
    <CSUD>6060</CSUD>
    <NORD>21712</NORD>
    <SARD>1215</SARD>
    <SICI>2335</SICI>
    <SUD>3156</SUD>
  </marketintervaldetail>
  <marketintervaldetail>
    <Data>20150702</Data>
    <Mercato>MGP</Mercato>
    <Ora>23</Ora>
    <Totale>37689</Totale>
    <CNOR>4460</CNOR>
    <CSUD>5714</CSUD>
    <NORD>21161</NORD>
    <SARD>1172</SARD>
    <SICI>2205</SICI>
    <SUD>2977</SUD>
  </marketintervaldetail>
  <marketintervaldetail>
    <Data>20150702</Data>
    <Mercato>MGP</Mercato>
    <Ora>24</Ora>
    <Totale>34636</Totale>
    <CNOR>3996</CNOR>
    <CSUD>5258</CSUD>
    <NORD>19527</NORD>
    <SARD>1087</SARD>
    <SICI>2019</SICI>
    <SUD>2749</SUD>
  </marketintervaldetail>
</NewDataSet>