<?xml version="1.0" standalone="yes"?>
<NewDataSet>
  <xs:schema id="NewDataSet" xmlns="" xmlns:xs="http://www.w3.org/2001/XMLSchema" xmlns:msdata="urn:schemas-microsoft-com:xml-msdata">
    <xs:element name="NewDataSet" msdata:IsDataSet="true" msdata:MainDataTable="marketintervaldetail" msdata:UseCurrentLocale="true">
      <xs:complexType>
        <xs:choice minOccurs="0" maxOccurs="unbounded">
          <xs:element name="marketintervaldetail">
            <xs:complexType>
              <xs:sequence>
                <xs:element name="Data" type="xs:string" minOccurs="0" />
                <xs:element name="Mercato" type="xs:string" minOccurs="0" />
                <xs:element name="Ora" type="xs:string" minOccurs="0" />
                <xs:element name="Totale" type="xs:string" minOccurs="0" />
                <xs:element name="CNOR" type="xs:string" minOccurs="0" />
                <xs:element name="CSUD" type="xs:string" minOccurs="0" />
                <xs:element name="NORD" type="xs:string" minOccurs="0" />
                <xs:element name="SARD" type="xs:string" minOccurs="0" />
                <xs:element name="SICI" type="xs:string" minOccurs="0" />
                <xs:element name="SUD" type="xs:string" minOccurs="0" />
              </xs:sequence>
            </xs:complexType>
          </xs:element>
        </xs:choice>
      </xs:complexType>
    </xs:element>
  </xs:schema>
  <marketintervaldetail>
    <Data>20150725</Data>
    <Mercato>MGP</Mercato>
    <Ora>01</Ora>
    <Totale>35640</Totale>
    <CNOR>3699</CNOR>
    <CSUD>5412</CSUD>
    <NORD>19490</NORD>
    <SARD>1181</SARD>
    <SICI>2341</SICI>
    <SUD>3517</SUD>
  </marketintervaldetail>
  <marketintervaldetail>
    <Data>20150725</Data>
    <Mercato>MGP</Mercato>
    <Ora>02</Ora>
    <Totale>33165</Totale>
    <CNOR>3469</CNOR>
    <CSUD>5025</CSUD>
    <NORD>18142</NORD>
    <SARD>1113</SARD>
    <SICI>2188</SICI>
    <SUD>3228</SUD>
  </marketintervaldetail>
  <marketintervaldetail>
    <Data>20150725</Data>
    <Mercato>MGP</Mercato>
    <Ora>03</Ora>
    <Totale>31590</Totale>
    <CNOR>3333</CNOR>
    <CSUD>4779</CSUD>
    <NORD>17396</NORD>
    <SARD>1069</SARD>
    <SICI>2047</SICI>
    <SUD>2966</SUD>
  </marketintervaldetail>
  <marketintervaldetail>
    <Data>20150725</Data>
    <Mercato>MGP</Mercato>
    <Ora>04</Ora>
    <Totale>30490</Totale>
    <CNOR>3287</CNOR>
    <CSUD>4510</CSUD>
    <NORD>16741</NORD>
    <SARD>1035</SARD>
    <SICI>1957</SICI>
    <SUD>2960</SUD>
  </marketintervaldetail>
  <marketintervaldetail>
    <Data>20150725</Data>
    <Mercato>MGP</Mercato>
    <Ora>05</Ora>
    <Totale>29768</Totale>
    <CNOR>3190</CNOR>
    <CSUD>4358</CSUD>
    <NORD>16364</NORD>
    <SARD>1021</SARD>
    <SICI>1893</SICI>
    <SUD>2942</SUD>
  </marketintervaldetail>
  <marketintervaldetail>
    <Data>20150725</Data>
    <Mercato>MGP</Mercato>
    <Ora>06</Ora>
    <Totale>29638</Totale>
    <CNOR>3077</CNOR>
    <CSUD>4436</CSUD>
    <NORD>16361</NORD>
    <SARD>1018</SARD>
    <SICI>1893</SICI>
    <SUD>2853</SUD>
  </marketintervaldetail>
  <marketintervaldetail>
    <Data>20150725</Data>
    <Mercato>MGP</Mercato>
    <Ora>07</Ora>
    <Totale>29376</Totale>
    <CNOR>3071</CNOR>
    <CSUD>4446</CSUD>
    <NORD>16263</NORD>
    <SARD>1033</SARD>
    <SICI>1875</SICI>
    <SUD>2688</SUD>
  </marketintervaldetail>
  <marketintervaldetail>
    <Data>20150725</Data>
    <Mercato>MGP</Mercato>
    <Ora>08</Ora>
    <Totale>31743</Totale>
    <CNOR>3393</CNOR>
    <CSUD>4841</CSUD>
    <NORD>17377</NORD>
    <SARD>1075</SARD>
    <SICI>2071</SICI>
    <SUD>2986</SUD>
  </marketintervaldetail>
  <marketintervaldetail>
    <Data>20150725</Data>
    <Mercato>MGP</Mercato>
    <Ora>09</Ora>
    <Totale>34580</Totale>
    <CNOR>3630</CNOR>
    <CSUD>5378</CSUD>
    <NORD>18742</NORD>
    <SARD>1150</SARD>
    <SICI>2355</SICI>
    <SUD>3325</SUD>
  </marketintervaldetail>
  <marketintervaldetail>
    <Data>20150725</Data>
    <Mercato>MGP</Mercato>
    <Ora>10</Ora>
    <Totale>37152</Totale>
    <CNOR>3910</CNOR>
    <CSUD>5939</CSUD>
    <NORD>19916</NORD>
    <SARD>1224</SARD>
    <SICI>2581</SICI>
    <SUD>3582</SUD>
  </marketintervaldetail>
  <marketintervaldetail>
    <Data>20150725</Data>
    <Mercato>MGP</Mercato>
    <Ora>11</Ora>
    <Totale>38528</Totale>
    <CNOR>3985</CNOR>
    <CSUD>6375</CSUD>
    <NORD>20550</NORD>
    <SARD>1256</SARD>
    <SICI>2688</SICI>
    <SUD>3674</SUD>
  </marketintervaldetail>
  <marketintervaldetail>
    <Data>20150725</Data>
    <Mercato>MGP</Mercato>
    <Ora>12</Ora>
    <Totale>39015</Totale>
    <CNOR>4022</CNOR>
    <CSUD>6584</CSUD>
    <NORD>20727</NORD>
    <SARD>1273</SARD>
    <SICI>2720</SICI>
    <SUD>3689</SUD>
  </marketintervaldetail>
  <marketintervaldetail>
    <Data>20150725</Data>
    <Mercato>MGP</Mercato>
    <Ora>13</Ora>
    <Totale>38887</Totale>
    <CNOR>3946</CNOR>
    <CSUD>6691</CSUD>
    <NORD>20333</NORD>
    <SARD>1246</SARD>
    <SICI>2767</SICI>
    <SUD>3904</SUD>
  </marketintervaldetail>
  <marketintervaldetail>
    <Data>20150725</Data>
    <Mercato>MGP</Mercato>
    <Ora>14</Ora>
    <Totale>37900</Totale>
    <CNOR>3786</CNOR>
    <CSUD>6626</CSUD>
    <NORD>19556</NORD>
    <SARD>1232</SARD>
    <SICI>2753</SICI>
    <SUD>3947</SUD>
  </marketintervaldetail>
  <marketintervaldetail>
    <Data>20150725</Data>
    <Mercato>MGP</Mercato>
    <Ora>15</Ora>
    <Totale>37819</Totale>
    <CNOR>3639</CNOR>
    <CSUD>6643</CSUD>
    <NORD>19702</NORD>
    <SARD>1217</SARD>
    <SICI>2720</SICI>
    <SUD>3898</SUD>
  </marketintervaldetail>
  <marketintervaldetail>
    <Data>20150725</Data>
    <Mercato>MGP</Mercato>
    <Ora>16</Ora>
    <Totale>37936</Totale>
    <CNOR>3730</CNOR>
    <CSUD>6452</CSUD>
    <NORD>19915</NORD>
    <SARD>1219</SARD>
    <SICI>2725</SICI>
    <SUD>3895</SUD>
  </marketintervaldetail>
  <marketintervaldetail>
    <Data>20150725</Data>
    <Mercato>MGP</Mercato>
    <Ora>17</Ora>
    <Totale>38117</Totale>
    <CNOR>3764</CNOR>
    <CSUD>6403</CSUD>
    <NORD>20169</NORD>
    <SARD>1196</SARD>
    <SICI>2739</SICI>
    <SUD>3846</SUD>
  </marketintervaldetail>
  <marketintervaldetail>
    <Data>20150725</Data>
    <Mercato>MGP</Mercato>
    <Ora>18</Ora>
    <Totale>38337</Totale>
    <CNOR>3813</CNOR>
    <CSUD>6370</CSUD>
    <NORD>20079</NORD>
    <SARD>1247</SARD>
    <SICI>2778</SICI>
    <SUD>4050</SUD>
  </marketintervaldetail>
  <marketintervaldetail>
    <Data>20150725</Data>
    <Mercato>MGP</Mercato>
    <Ora>19</Ora>
    <Totale>38884</Totale>
    <CNOR>3998</CNOR>
    <CSUD>6255</CSUD>
    <NORD>20476</NORD>
    <SARD>1287</SARD>
    <SICI>2769</SICI>
    <SUD>4099</SUD>
  </marketintervaldetail>
  <marketintervaldetail>
    <Data>20150725</Data>
    <Mercato>MGP</Mercato>
    <Ora>20</Ora>
    <Totale>39110</Totale>
    <CNOR>4119</CNOR>
    <CSUD>6176</CSUD>
    <NORD>20662</NORD>
    <SARD>1314</SARD>
    <SICI>2728</SICI>
    <SUD>4111</SUD>
  </marketintervaldetail>
  <marketintervaldetail>
    <Data>20150725</Data>
    <Mercato>MGP</Mercato>
    <Ora>21</Ora>
    <Totale>38363</Totale>
    <CNOR>4035</CNOR>
    <CSUD>6177</CSUD>
    <NORD>19883</NORD>
    <SARD>1336</SARD>
    <SICI>2741</SICI>
    <SUD>4191</SUD>
  </marketintervaldetail>
  <marketintervaldetail>
    <Data>20150725</Data>
    <Mercato>MGP</Mercato>
    <Ora>22</Ora>
    <Totale>38346</Totale>
    <CNOR>4055</CNOR>
    <CSUD>6167</CSUD>
    <NORD>19877</NORD>
    <SARD>1357</SARD>
    <SICI>2717</SICI>
    <SUD>4173</SUD>
  </marketintervaldetail>
  <marketintervaldetail>
    <Data>20150725</Data>
    <Mercato>MGP</Mercato>
    <Ora>23</Ora>
    <Totale>36539</Totale>
    <CNOR>3831</CNOR>
    <CSUD>5835</CSUD>
    <NORD>19132</NORD>
    <SARD>1296</SARD>
    <SICI>2541</SICI>
    <SUD>3904</SUD>
  </marketintervaldetail>
  <marketintervaldetail>
    <Data>20150725</Data>
    <Mercato>MGP</Mercato>
    <Ora>24</Ora>
    <Totale>34333</Totale>
    <CNOR>3549</CNOR>
    <CSUD>5536</CSUD>
    <NORD>18000</NORD>
    <SARD>1226</SARD>
    <SICI>2385</SICI>
    <SUD>3637</SUD>
  </marketintervaldetail>
</NewDataSet>