<?xml version="1.0" standalone="yes"?>
<NewDataSet>
  <xs:schema id="NewDataSet" xmlns="" xmlns:xs="http://www.w3.org/2001/XMLSchema" xmlns:msdata="urn:schemas-microsoft-com:xml-msdata">
    <xs:element name="NewDataSet" msdata:IsDataSet="true" msdata:MainDataTable="marketintervaldetail" msdata:UseCurrentLocale="true">
      <xs:complexType>
        <xs:choice minOccurs="0" maxOccurs="unbounded">
          <xs:element name="marketintervaldetail">
            <xs:complexType>
              <xs:sequence>
                <xs:element name="Data" type="xs:string" minOccurs="0" />
                <xs:element name="Mercato" type="xs:string" minOccurs="0" />
                <xs:element name="Ora" type="xs:string" minOccurs="0" />
                <xs:element name="Totale" type="xs:string" minOccurs="0" />
                <xs:element name="CNOR" type="xs:string" minOccurs="0" />
                <xs:element name="CSUD" type="xs:string" minOccurs="0" />
                <xs:element name="NORD" type="xs:string" minOccurs="0" />
                <xs:element name="SARD" type="xs:string" minOccurs="0" />
                <xs:element name="SICI" type="xs:string" minOccurs="0" />
                <xs:element name="SUD" type="xs:string" minOccurs="0" />
              </xs:sequence>
            </xs:complexType>
          </xs:element>
        </xs:choice>
      </xs:complexType>
    </xs:element>
  </xs:schema>
  <marketintervaldetail>
    <Data>20150721</Data>
    <Mercato>MGP</Mercato>
    <Ora>01</Ora>
    <Totale>37657</Totale>
    <CNOR>3713</CNOR>
    <CSUD>5834</CSUD>
    <NORD>21227</NORD>
    <SARD>1114</SARD>
    <SICI>2302</SICI>
    <SUD>3467</SUD>
  </marketintervaldetail>
  <marketintervaldetail>
    <Data>20150721</Data>
    <Mercato>MGP</Mercato>
    <Ora>02</Ora>
    <Totale>35181</Totale>
    <CNOR>3497</CNOR>
    <CSUD>5369</CSUD>
    <NORD>19875</NORD>
    <SARD>1049</SARD>
    <SICI>2115</SICI>
    <SUD>3276</SUD>
  </marketintervaldetail>
  <marketintervaldetail>
    <Data>20150721</Data>
    <Mercato>MGP</Mercato>
    <Ora>03</Ora>
    <Totale>33466</Totale>
    <CNOR>3332</CNOR>
    <CSUD>5079</CSUD>
    <NORD>18937</NORD>
    <SARD>1005</SARD>
    <SICI>1988</SICI>
    <SUD>3125</SUD>
  </marketintervaldetail>
  <marketintervaldetail>
    <Data>20150721</Data>
    <Mercato>MGP</Mercato>
    <Ora>04</Ora>
    <Totale>32646</Totale>
    <CNOR>3236</CNOR>
    <CSUD>4925</CSUD>
    <NORD>18515</NORD>
    <SARD>987</SARD>
    <SICI>1917</SICI>
    <SUD>3066</SUD>
  </marketintervaldetail>
  <marketintervaldetail>
    <Data>20150721</Data>
    <Mercato>MGP</Mercato>
    <Ora>05</Ora>
    <Totale>32363</Totale>
    <CNOR>3184</CNOR>
    <CSUD>4853</CSUD>
    <NORD>18435</NORD>
    <SARD>989</SARD>
    <SICI>1887</SICI>
    <SUD>3015</SUD>
  </marketintervaldetail>
  <marketintervaldetail>
    <Data>20150721</Data>
    <Mercato>MGP</Mercato>
    <Ora>06</Ora>
    <Totale>32838</Totale>
    <CNOR>3249</CNOR>
    <CSUD>4872</CSUD>
    <NORD>18876</NORD>
    <SARD>1000</SARD>
    <SICI>1885</SICI>
    <SUD>2956</SUD>
  </marketintervaldetail>
  <marketintervaldetail>
    <Data>20150721</Data>
    <Mercato>MGP</Mercato>
    <Ora>07</Ora>
    <Totale>34515</Totale>
    <CNOR>3467</CNOR>
    <CSUD>5059</CSUD>
    <NORD>20129</NORD>
    <SARD>1026</SARD>
    <SICI>1875</SICI>
    <SUD>2959</SUD>
  </marketintervaldetail>
  <marketintervaldetail>
    <Data>20150721</Data>
    <Mercato>MGP</Mercato>
    <Ora>08</Ora>
    <Totale>39561</Totale>
    <CNOR>4081</CNOR>
    <CSUD>5781</CSUD>
    <NORD>23134</NORD>
    <SARD>1107</SARD>
    <SICI>2128</SICI>
    <SUD>3330</SUD>
  </marketintervaldetail>
  <marketintervaldetail>
    <Data>20150721</Data>
    <Mercato>MGP</Mercato>
    <Ora>09</Ora>
    <Totale>45433</Totale>
    <CNOR>4795</CNOR>
    <CSUD>6761</CSUD>
    <NORD>26408</NORD>
    <SARD>1211</SARD>
    <SICI>2468</SICI>
    <SUD>3790</SUD>
  </marketintervaldetail>
  <marketintervaldetail>
    <Data>20150721</Data>
    <Mercato>MGP</Mercato>
    <Ora>10</Ora>
    <Totale>49424</Totale>
    <CNOR>5297</CNOR>
    <CSUD>7462</CSUD>
    <NORD>28525</NORD>
    <SARD>1271</SARD>
    <SICI>2725</SICI>
    <SUD>4144</SUD>
  </marketintervaldetail>
  <marketintervaldetail>
    <Data>20150721</Data>
    <Mercato>MGP</Mercato>
    <Ora>11</Ora>
    <Totale>51293</Totale>
    <CNOR>5488</CNOR>
    <CSUD>7884</CSUD>
    <NORD>29498</NORD>
    <SARD>1278</SARD>
    <SICI>2818</SICI>
    <SUD>4327</SUD>
  </marketintervaldetail>
  <marketintervaldetail>
    <Data>20150721</Data>
    <Mercato>MGP</Mercato>
    <Ora>12</Ora>
    <Totale>52123</Totale>
    <CNOR>5571</CNOR>
    <CSUD>8024</CSUD>
    <NORD>30066</NORD>
    <SARD>1314</SARD>
    <SICI>2858</SICI>
    <SUD>4290</SUD>
  </marketintervaldetail>
  <marketintervaldetail>
    <Data>20150721</Data>
    <Mercato>MGP</Mercato>
    <Ora>13</Ora>
    <Totale>51509</Totale>
    <CNOR>5327</CNOR>
    <CSUD>8202</CSUD>
    <NORD>29155</NORD>
    <SARD>1339</SARD>
    <SICI>2975</SICI>
    <SUD>4511</SUD>
  </marketintervaldetail>
  <marketintervaldetail>
    <Data>20150721</Data>
    <Mercato>MGP</Mercato>
    <Ora>14</Ora>
    <Totale>51342</Totale>
    <CNOR>5017</CNOR>
    <CSUD>8243</CSUD>
    <NORD>29506</NORD>
    <SARD>1325</SARD>
    <SICI>2942</SICI>
    <SUD>4309</SUD>
  </marketintervaldetail>
  <marketintervaldetail>
    <Data>20150721</Data>
    <Mercato>MGP</Mercato>
    <Ora>15</Ora>
    <Totale>52937</Totale>
    <CNOR>4981</CNOR>
    <CSUD>8465</CSUD>
    <NORD>30891</NORD>
    <SARD>1303</SARD>
    <SICI>2901</SICI>
    <SUD>4396</SUD>
  </marketintervaldetail>
  <marketintervaldetail>
    <Data>20150721</Data>
    <Mercato>MGP</Mercato>
    <Ora>16</Ora>
    <Totale>53697</Totale>
    <CNOR>5118</CNOR>
    <CSUD>8658</CSUD>
    <NORD>31472</NORD>
    <SARD>1259</SARD>
    <SICI>2879</SICI>
    <SUD>4311</SUD>
  </marketintervaldetail>
  <marketintervaldetail>
    <Data>20150721</Data>
    <Mercato>MGP</Mercato>
    <Ora>17</Ora>
    <Totale>53728</Totale>
    <CNOR>5329</CNOR>
    <CSUD>8584</CSUD>
    <NORD>31354</NORD>
    <SARD>1252</SARD>
    <SICI>2952</SICI>
    <SUD>4257</SUD>
  </marketintervaldetail>
  <marketintervaldetail>
    <Data>20150721</Data>
    <Mercato>MGP</Mercato>
    <Ora>18</Ora>
    <Totale>52586</Totale>
    <CNOR>5509</CNOR>
    <CSUD>8147</CSUD>
    <NORD>30215</NORD>
    <SARD>1322</SARD>
    <SICI>2949</SICI>
    <SUD>4444</SUD>
  </marketintervaldetail>
  <marketintervaldetail>
    <Data>20150721</Data>
    <Mercato>MGP</Mercato>
    <Ora>19</Ora>
    <Totale>51038</Totale>
    <CNOR>5232</CNOR>
    <CSUD>7982</CSUD>
    <NORD>29236</NORD>
    <SARD>1330</SARD>
    <SICI>2903</SICI>
    <SUD>4355</SUD>
  </marketintervaldetail>
  <marketintervaldetail>
    <Data>20150721</Data>
    <Mercato>MGP</Mercato>
    <Ora>20</Ora>
    <Totale>49780</Totale>
    <CNOR>5055</CNOR>
    <CSUD>7747</CSUD>
    <NORD>28338</NORD>
    <SARD>1390</SARD>
    <SICI>2840</SICI>
    <SUD>4410</SUD>
  </marketintervaldetail>
  <marketintervaldetail>
    <Data>20150721</Data>
    <Mercato>MGP</Mercato>
    <Ora>21</Ora>
    <Totale>48854</Totale>
    <CNOR>4859</CNOR>
    <CSUD>7652</CSUD>
    <NORD>27500</NORD>
    <SARD>1431</SARD>
    <SICI>2900</SICI>
    <SUD>4512</SUD>
  </marketintervaldetail>
  <marketintervaldetail>
    <Data>20150721</Data>
    <Mercato>MGP</Mercato>
    <Ora>22</Ora>
    <Totale>48806</Totale>
    <CNOR>4878</CNOR>
    <CSUD>7723</CSUD>
    <NORD>27262</NORD>
    <SARD>1424</SARD>
    <SICI>2940</SICI>
    <SUD>4579</SUD>
  </marketintervaldetail>
  <marketintervaldetail>
    <Data>20150721</Data>
    <Mercato>MGP</Mercato>
    <Ora>23</Ora>
    <Totale>45990</Totale>
    <CNOR>4606</CNOR>
    <CSUD>7251</CSUD>
    <NORD>25700</NORD>
    <SARD>1392</SARD>
    <SICI>2762</SICI>
    <SUD>4279</SUD>
  </marketintervaldetail>
  <marketintervaldetail>
    <Data>20150721</Data>
    <Mercato>MGP</Mercato>
    <Ora>24</Ora>
    <Totale>42531</Totale>
    <CNOR>4224</CNOR>
    <CSUD>6706</CSUD>
    <NORD>23793</NORD>
    <SARD>1296</SARD>
    <SICI>2587</SICI>
    <SUD>3925</SUD>
  </marketintervaldetail>
</NewDataSet>