<?xml version="1.0" standalone="yes"?>
<NewDataSet>
  <xs:schema id="NewDataSet" xmlns="" xmlns:xs="http://www.w3.org/2001/XMLSchema" xmlns:msdata="urn:schemas-microsoft-com:xml-msdata">
    <xs:element name="NewDataSet" msdata:IsDataSet="true" msdata:MainDataTable="marketintervaldetail" msdata:UseCurrentLocale="true">
      <xs:complexType>
        <xs:choice minOccurs="0" maxOccurs="unbounded">
          <xs:element name="marketintervaldetail">
            <xs:complexType>
              <xs:sequence>
                <xs:element name="Data" type="xs:string" minOccurs="0" />
                <xs:element name="Mercato" type="xs:string" minOccurs="0" />
                <xs:element name="Ora" type="xs:string" minOccurs="0" />
                <xs:element name="Totale" type="xs:string" minOccurs="0" />
                <xs:element name="CNOR" type="xs:string" minOccurs="0" />
                <xs:element name="CSUD" type="xs:string" minOccurs="0" />
                <xs:element name="NORD" type="xs:string" minOccurs="0" />
                <xs:element name="SARD" type="xs:string" minOccurs="0" />
                <xs:element name="SICI" type="xs:string" minOccurs="0" />
                <xs:element name="SUD" type="xs:string" minOccurs="0" />
              </xs:sequence>
            </xs:complexType>
          </xs:element>
        </xs:choice>
      </xs:complexType>
    </xs:element>
  </xs:schema>
  <marketintervaldetail>
    <Data>20151022</Data>
    <Mercato>MGP</Mercato>
    <Ora>01</Ora>
    <Totale>27461</Totale>
    <CNOR>2857</CNOR>
    <CSUD>4466</CSUD>
    <NORD>15493</NORD>
    <SARD>781</SARD>
    <SICI>1586</SICI>
    <SUD>2278</SUD>
  </marketintervaldetail>
  <marketintervaldetail>
    <Data>20151022</Data>
    <Mercato>MGP</Mercato>
    <Ora>02</Ora>
    <Totale>25624</Totale>
    <CNOR>2640</CNOR>
    <CSUD>4197</CSUD>
    <NORD>14481</NORD>
    <SARD>739</SARD>
    <SICI>1497</SICI>
    <SUD>2070</SUD>
  </marketintervaldetail>
  <marketintervaldetail>
    <Data>20151022</Data>
    <Mercato>MGP</Mercato>
    <Ora>03</Ora>
    <Totale>24464</Totale>
    <CNOR>2497</CNOR>
    <CSUD>3952</CSUD>
    <NORD>13858</NORD>
    <SARD>718</SARD>
    <SICI>1430</SICI>
    <SUD>2009</SUD>
  </marketintervaldetail>
  <marketintervaldetail>
    <Data>20151022</Data>
    <Mercato>MGP</Mercato>
    <Ora>04</Ora>
    <Totale>24034</Totale>
    <CNOR>2461</CNOR>
    <CSUD>3883</CSUD>
    <NORD>13644</NORD>
    <SARD>711</SARD>
    <SICI>1421</SICI>
    <SUD>1914</SUD>
  </marketintervaldetail>
  <marketintervaldetail>
    <Data>20151022</Data>
    <Mercato>MGP</Mercato>
    <Ora>05</Ora>
    <Totale>24193</Totale>
    <CNOR>2492</CNOR>
    <CSUD>3883</CSUD>
    <NORD>13757</NORD>
    <SARD>714</SARD>
    <SICI>1424</SICI>
    <SUD>1923</SUD>
  </marketintervaldetail>
  <marketintervaldetail>
    <Data>20151022</Data>
    <Mercato>MGP</Mercato>
    <Ora>06</Ora>
    <Totale>25361</Totale>
    <CNOR>2625</CNOR>
    <CSUD>3994</CSUD>
    <NORD>14470</NORD>
    <SARD>741</SARD>
    <SICI>1471</SICI>
    <SUD>2060</SUD>
  </marketintervaldetail>
  <marketintervaldetail>
    <Data>20151022</Data>
    <Mercato>MGP</Mercato>
    <Ora>07</Ora>
    <Totale>29850</Totale>
    <CNOR>3043</CNOR>
    <CSUD>4502</CSUD>
    <NORD>17475</NORD>
    <SARD>798</SARD>
    <SICI>1640</SICI>
    <SUD>2392</SUD>
  </marketintervaldetail>
  <marketintervaldetail>
    <Data>20151022</Data>
    <Mercato>MGP</Mercato>
    <Ora>08</Ora>
    <Totale>35672</Totale>
    <CNOR>3748</CNOR>
    <CSUD>5233</CSUD>
    <NORD>21272</NORD>
    <SARD>930</SARD>
    <SICI>1884</SICI>
    <SUD>2605</SUD>
  </marketintervaldetail>
  <marketintervaldetail>
    <Data>20151022</Data>
    <Mercato>MGP</Mercato>
    <Ora>09</Ora>
    <Totale>39873</Totale>
    <CNOR>4424</CNOR>
    <CSUD>5843</CSUD>
    <NORD>23820</NORD>
    <SARD>982</SARD>
    <SICI>2045</SICI>
    <SUD>2759</SUD>
  </marketintervaldetail>
  <marketintervaldetail>
    <Data>20151022</Data>
    <Mercato>MGP</Mercato>
    <Ora>10</Ora>
    <Totale>41329</Totale>
    <CNOR>4753</CNOR>
    <CSUD>6198</CSUD>
    <NORD>24220</NORD>
    <SARD>982</SARD>
    <SICI>2168</SICI>
    <SUD>3008</SUD>
  </marketintervaldetail>
  <marketintervaldetail>
    <Data>20151022</Data>
    <Mercato>MGP</Mercato>
    <Ora>11</Ora>
    <Totale>41205</Totale>
    <CNOR>4877</CNOR>
    <CSUD>6337</CSUD>
    <NORD>23747</NORD>
    <SARD>932</SARD>
    <SICI>2124</SICI>
    <SUD>3188</SUD>
  </marketintervaldetail>
  <marketintervaldetail>
    <Data>20151022</Data>
    <Mercato>MGP</Mercato>
    <Ora>12</Ora>
    <Totale>40730</Totale>
    <CNOR>4822</CNOR>
    <CSUD>6637</CSUD>
    <NORD>23447</NORD>
    <SARD>918</SARD>
    <SICI>2058</SICI>
    <SUD>2848</SUD>
  </marketintervaldetail>
  <marketintervaldetail>
    <Data>20151022</Data>
    <Mercato>MGP</Mercato>
    <Ora>13</Ora>
    <Totale>38295</Totale>
    <CNOR>4555</CNOR>
    <CSUD>6356</CSUD>
    <NORD>21764</NORD>
    <SARD>923</SARD>
    <SICI>1996</SICI>
    <SUD>2701</SUD>
  </marketintervaldetail>
  <marketintervaldetail>
    <Data>20151022</Data>
    <Mercato>MGP</Mercato>
    <Ora>14</Ora>
    <Totale>37043</Totale>
    <CNOR>4134</CNOR>
    <CSUD>6066</CSUD>
    <NORD>21452</NORD>
    <SARD>927</SARD>
    <SICI>1870</SICI>
    <SUD>2594</SUD>
  </marketintervaldetail>
  <marketintervaldetail>
    <Data>20151022</Data>
    <Mercato>MGP</Mercato>
    <Ora>15</Ora>
    <Totale>37910</Totale>
    <CNOR>4218</CNOR>
    <CSUD>6109</CSUD>
    <NORD>22207</NORD>
    <SARD>849</SARD>
    <SICI>1877</SICI>
    <SUD>2650</SUD>
  </marketintervaldetail>
  <marketintervaldetail>
    <Data>20151022</Data>
    <Mercato>MGP</Mercato>
    <Ora>16</Ora>
    <Totale>38541</Totale>
    <CNOR>4357</CNOR>
    <CSUD>6055</CSUD>
    <NORD>22797</NORD>
    <SARD>846</SARD>
    <SICI>1933</SICI>
    <SUD>2553</SUD>
  </marketintervaldetail>
  <marketintervaldetail>
    <Data>20151022</Data>
    <Mercato>MGP</Mercato>
    <Ora>17</Ora>
    <Totale>38752</Totale>
    <CNOR>4515</CNOR>
    <CSUD>6041</CSUD>
    <NORD>22538</NORD>
    <SARD>894</SARD>
    <SICI>1980</SICI>
    <SUD>2784</SUD>
  </marketintervaldetail>
  <marketintervaldetail>
    <Data>20151022</Data>
    <Mercato>MGP</Mercato>
    <Ora>18</Ora>
    <Totale>39023</Totale>
    <CNOR>4511</CNOR>
    <CSUD>6269</CSUD>
    <NORD>22171</NORD>
    <SARD>930</SARD>
    <SICI>2153</SICI>
    <SUD>2989</SUD>
  </marketintervaldetail>
  <marketintervaldetail>
    <Data>20151022</Data>
    <Mercato>MGP</Mercato>
    <Ora>19</Ora>
    <Totale>40802</Totale>
    <CNOR>4556</CNOR>
    <CSUD>6537</CSUD>
    <NORD>22777</NORD>
    <SARD>1002</SARD>
    <SICI>2225</SICI>
    <SUD>3705</SUD>
  </marketintervaldetail>
  <marketintervaldetail>
    <Data>20151022</Data>
    <Mercato>MGP</Mercato>
    <Ora>20</Ora>
    <Totale>42893</Totale>
    <CNOR>4616</CNOR>
    <CSUD>6644</CSUD>
    <NORD>23943</NORD>
    <SARD>1115</SARD>
    <SICI>2397</SICI>
    <SUD>4178</SUD>
  </marketintervaldetail>
  <marketintervaldetail>
    <Data>20151022</Data>
    <Mercato>MGP</Mercato>
    <Ora>21</Ora>
    <Totale>40617</Totale>
    <CNOR>4258</CNOR>
    <CSUD>6286</CSUD>
    <NORD>22778</NORD>
    <SARD>1114</SARD>
    <SICI>2343</SICI>
    <SUD>3838</SUD>
  </marketintervaldetail>
  <marketintervaldetail>
    <Data>20151022</Data>
    <Mercato>MGP</Mercato>
    <Ora>22</Ora>
    <Totale>37454</Totale>
    <CNOR>3886</CNOR>
    <CSUD>5790</CSUD>
    <NORD>21130</NORD>
    <SARD>1038</SARD>
    <SICI>2127</SICI>
    <SUD>3483</SUD>
  </marketintervaldetail>
  <marketintervaldetail>
    <Data>20151022</Data>
    <Mercato>MGP</Mercato>
    <Ora>23</Ora>
    <Totale>33706</Totale>
    <CNOR>3538</CNOR>
    <CSUD>5259</CSUD>
    <NORD>18840</NORD>
    <SARD>957</SARD>
    <SICI>1955</SICI>
    <SUD>3157</SUD>
  </marketintervaldetail>
  <marketintervaldetail>
    <Data>20151022</Data>
    <Mercato>MGP</Mercato>
    <Ora>24</Ora>
    <Totale>30413</Totale>
    <CNOR>3161</CNOR>
    <CSUD>4728</CSUD>
    <NORD>17012</NORD>
    <SARD>897</SARD>
    <SICI>1735</SICI>
    <SUD>2880</SUD>
  </marketintervaldetail>
</NewDataSet>