<?xml version="1.0" standalone="yes"?>
<NewDataSet>
  <xs:schema id="NewDataSet" xmlns="" xmlns:xs="http://www.w3.org/2001/XMLSchema" xmlns:msdata="urn:schemas-microsoft-com:xml-msdata">
    <xs:element name="NewDataSet" msdata:IsDataSet="true" msdata:MainDataTable="marketintervaldetail" msdata:UseCurrentLocale="true">
      <xs:complexType>
        <xs:choice minOccurs="0" maxOccurs="unbounded">
          <xs:element name="marketintervaldetail">
            <xs:complexType>
              <xs:sequence>
                <xs:element name="Data" type="xs:string" minOccurs="0" />
                <xs:element name="Mercato" type="xs:string" minOccurs="0" />
                <xs:element name="Ora" type="xs:string" minOccurs="0" />
                <xs:element name="Totale" type="xs:string" minOccurs="0" />
                <xs:element name="CNOR" type="xs:string" minOccurs="0" />
                <xs:element name="CSUD" type="xs:string" minOccurs="0" />
                <xs:element name="NORD" type="xs:string" minOccurs="0" />
                <xs:element name="SARD" type="xs:string" minOccurs="0" />
                <xs:element name="SICI" type="xs:string" minOccurs="0" />
                <xs:element name="SUD" type="xs:string" minOccurs="0" />
              </xs:sequence>
            </xs:complexType>
          </xs:element>
        </xs:choice>
      </xs:complexType>
    </xs:element>
  </xs:schema>
  <marketintervaldetail>
    <Data>20151019</Data>
    <Mercato>MGP</Mercato>
    <Ora>01</Ora>
    <Totale>22461</Totale>
    <CNOR>2447</CNOR>
    <CSUD>3551</CSUD>
    <NORD>11621</NORD>
    <SARD>778</SARD>
    <SICI>1678</SICI>
    <SUD>2386</SUD>
  </marketintervaldetail>
  <marketintervaldetail>
    <Data>20151019</Data>
    <Mercato>MGP</Mercato>
    <Ora>02</Ora>
    <Totale>20942</Totale>
    <CNOR>2299</CNOR>
    <CSUD>3289</CSUD>
    <NORD>10898</NORD>
    <SARD>739</SARD>
    <SICI>1508</SICI>
    <SUD>2209</SUD>
  </marketintervaldetail>
  <marketintervaldetail>
    <Data>20151019</Data>
    <Mercato>MGP</Mercato>
    <Ora>03</Ora>
    <Totale>20102</Totale>
    <CNOR>2196</CNOR>
    <CSUD>3207</CSUD>
    <NORD>10549</NORD>
    <SARD>718</SARD>
    <SICI>1437</SICI>
    <SUD>1995</SUD>
  </marketintervaldetail>
  <marketintervaldetail>
    <Data>20151019</Data>
    <Mercato>MGP</Mercato>
    <Ora>04</Ora>
    <Totale>19936</Totale>
    <CNOR>2196</CNOR>
    <CSUD>3087</CSUD>
    <NORD>10590</NORD>
    <SARD>709</SARD>
    <SICI>1400</SICI>
    <SUD>1954</SUD>
  </marketintervaldetail>
  <marketintervaldetail>
    <Data>20151019</Data>
    <Mercato>MGP</Mercato>
    <Ora>05</Ora>
    <Totale>20235</Totale>
    <CNOR>2257</CNOR>
    <CSUD>3109</CSUD>
    <NORD>10773</NORD>
    <SARD>703</SARD>
    <SICI>1399</SICI>
    <SUD>1994</SUD>
  </marketintervaldetail>
  <marketintervaldetail>
    <Data>20151019</Data>
    <Mercato>MGP</Mercato>
    <Ora>06</Ora>
    <Totale>22046</Totale>
    <CNOR>2404</CNOR>
    <CSUD>3307</CSUD>
    <NORD>12004</NORD>
    <SARD>716</SARD>
    <SICI>1458</SICI>
    <SUD>2157</SUD>
  </marketintervaldetail>
  <marketintervaldetail>
    <Data>20151019</Data>
    <Mercato>MGP</Mercato>
    <Ora>07</Ora>
    <Totale>27056</Totale>
    <CNOR>2836</CNOR>
    <CSUD>3960</CSUD>
    <NORD>15319</NORD>
    <SARD>800</SARD>
    <SICI>1621</SICI>
    <SUD>2520</SUD>
  </marketintervaldetail>
  <marketintervaldetail>
    <Data>20151019</Data>
    <Mercato>MGP</Mercato>
    <Ora>08</Ora>
    <Totale>32826</Totale>
    <CNOR>3467</CNOR>
    <CSUD>4603</CSUD>
    <NORD>19213</NORD>
    <SARD>916</SARD>
    <SICI>1844</SICI>
    <SUD>2783</SUD>
  </marketintervaldetail>
  <marketintervaldetail>
    <Data>20151019</Data>
    <Mercato>MGP</Mercato>
    <Ora>09</Ora>
    <Totale>37086</Totale>
    <CNOR>4016</CNOR>
    <CSUD>5100</CSUD>
    <NORD>22070</NORD>
    <SARD>948</SARD>
    <SICI>2016</SICI>
    <SUD>2936</SUD>
  </marketintervaldetail>
  <marketintervaldetail>
    <Data>20151019</Data>
    <Mercato>MGP</Mercato>
    <Ora>10</Ora>
    <Totale>39400</Totale>
    <CNOR>4264</CNOR>
    <CSUD>5366</CSUD>
    <NORD>23626</NORD>
    <SARD>923</SARD>
    <SICI>2109</SICI>
    <SUD>3112</SUD>
  </marketintervaldetail>
  <marketintervaldetail>
    <Data>20151019</Data>
    <Mercato>MGP</Mercato>
    <Ora>11</Ora>
    <Totale>39420</Totale>
    <CNOR>4315</CNOR>
    <CSUD>5392</CSUD>
    <NORD>23619</NORD>
    <SARD>898</SARD>
    <SICI>2049</SICI>
    <SUD>3147</SUD>
  </marketintervaldetail>
  <marketintervaldetail>
    <Data>20151019</Data>
    <Mercato>MGP</Mercato>
    <Ora>12</Ora>
    <Totale>38904</Totale>
    <CNOR>4338</CNOR>
    <CSUD>5202</CSUD>
    <NORD>23285</NORD>
    <SARD>870</SARD>
    <SICI>2045</SICI>
    <SUD>3164</SUD>
  </marketintervaldetail>
  <marketintervaldetail>
    <Data>20151019</Data>
    <Mercato>MGP</Mercato>
    <Ora>13</Ora>
    <Totale>36395</Totale>
    <CNOR>4085</CNOR>
    <CSUD>5175</CSUD>
    <NORD>21036</NORD>
    <SARD>869</SARD>
    <SICI>2048</SICI>
    <SUD>3182</SUD>
  </marketintervaldetail>
  <marketintervaldetail>
    <Data>20151019</Data>
    <Mercato>MGP</Mercato>
    <Ora>14</Ora>
    <Totale>35698</Totale>
    <CNOR>4161</CNOR>
    <CSUD>5125</CSUD>
    <NORD>20506</NORD>
    <SARD>831</SARD>
    <SICI>2036</SICI>
    <SUD>3039</SUD>
  </marketintervaldetail>
  <marketintervaldetail>
    <Data>20151019</Data>
    <Mercato>MGP</Mercato>
    <Ora>15</Ora>
    <Totale>37379</Totale>
    <CNOR>4413</CNOR>
    <CSUD>5136</CSUD>
    <NORD>22100</NORD>
    <SARD>798</SARD>
    <SICI>1962</SICI>
    <SUD>2970</SUD>
  </marketintervaldetail>
  <marketintervaldetail>
    <Data>20151019</Data>
    <Mercato>MGP</Mercato>
    <Ora>16</Ora>
    <Totale>38175</Totale>
    <CNOR>4500</CNOR>
    <CSUD>5475</CSUD>
    <NORD>22467</NORD>
    <SARD>829</SARD>
    <SICI>1949</SICI>
    <SUD>2955</SUD>
  </marketintervaldetail>
  <marketintervaldetail>
    <Data>20151019</Data>
    <Mercato>MGP</Mercato>
    <Ora>17</Ora>
    <Totale>38550</Totale>
    <CNOR>4518</CNOR>
    <CSUD>5621</CSUD>
    <NORD>22348</NORD>
    <SARD>848</SARD>
    <SICI>2044</SICI>
    <SUD>3171</SUD>
  </marketintervaldetail>
  <marketintervaldetail>
    <Data>20151019</Data>
    <Mercato>MGP</Mercato>
    <Ora>18</Ora>
    <Totale>38090</Totale>
    <CNOR>4380</CNOR>
    <CSUD>5612</CSUD>
    <NORD>21810</NORD>
    <SARD>874</SARD>
    <SICI>2084</SICI>
    <SUD>3330</SUD>
  </marketintervaldetail>
  <marketintervaldetail>
    <Data>20151019</Data>
    <Mercato>MGP</Mercato>
    <Ora>19</Ora>
    <Totale>39056</Totale>
    <CNOR>4255</CNOR>
    <CSUD>5755</CSUD>
    <NORD>22226</NORD>
    <SARD>962</SARD>
    <SICI>2305</SICI>
    <SUD>3553</SUD>
  </marketintervaldetail>
  <marketintervaldetail>
    <Data>20151019</Data>
    <Mercato>MGP</Mercato>
    <Ora>20</Ora>
    <Totale>41138</Totale>
    <CNOR>4460</CNOR>
    <CSUD>6289</CSUD>
    <NORD>22919</NORD>
    <SARD>1088</SARD>
    <SICI>2595</SICI>
    <SUD>3787</SUD>
  </marketintervaldetail>
  <marketintervaldetail>
    <Data>20151019</Data>
    <Mercato>MGP</Mercato>
    <Ora>21</Ora>
    <Totale>39189</Totale>
    <CNOR>4164</CNOR>
    <CSUD>6076</CSUD>
    <NORD>21759</NORD>
    <SARD>1096</SARD>
    <SICI>2510</SICI>
    <SUD>3584</SUD>
  </marketintervaldetail>
  <marketintervaldetail>
    <Data>20151019</Data>
    <Mercato>MGP</Mercato>
    <Ora>22</Ora>
    <Totale>36436</Totale>
    <CNOR>3915</CNOR>
    <CSUD>5548</CSUD>
    <NORD>20201</NORD>
    <SARD>1013</SARD>
    <SICI>2341</SICI>
    <SUD>3418</SUD>
  </marketintervaldetail>
  <marketintervaldetail>
    <Data>20151019</Data>
    <Mercato>MGP</Mercato>
    <Ora>23</Ora>
    <Totale>32609</Totale>
    <CNOR>3561</CNOR>
    <CSUD>5010</CSUD>
    <NORD>17915</NORD>
    <SARD>932</SARD>
    <SICI>2111</SICI>
    <SUD>3080</SUD>
  </marketintervaldetail>
  <marketintervaldetail>
    <Data>20151019</Data>
    <Mercato>MGP</Mercato>
    <Ora>24</Ora>
    <Totale>29440</Totale>
    <CNOR>3176</CNOR>
    <CSUD>4459</CSUD>
    <NORD>16299</NORD>
    <SARD>859</SARD>
    <SICI>1868</SICI>
    <SUD>2779</SUD>
  </marketintervaldetail>
</NewDataSet>