<?xml version="1.0" standalone="yes"?>
<NewDataSet>
  <xs:schema id="NewDataSet" xmlns="" xmlns:xs="http://www.w3.org/2001/XMLSchema" xmlns:msdata="urn:schemas-microsoft-com:xml-msdata">
    <xs:element name="NewDataSet" msdata:IsDataSet="true" msdata:MainDataTable="marketintervaldetail" msdata:UseCurrentLocale="true">
      <xs:complexType>
        <xs:choice minOccurs="0" maxOccurs="unbounded">
          <xs:element name="marketintervaldetail">
            <xs:complexType>
              <xs:sequence>
                <xs:element name="Data" type="xs:string" minOccurs="0" />
                <xs:element name="Mercato" type="xs:string" minOccurs="0" />
                <xs:element name="Ora" type="xs:string" minOccurs="0" />
                <xs:element name="Totale" type="xs:string" minOccurs="0" />
                <xs:element name="CNOR" type="xs:string" minOccurs="0" />
                <xs:element name="CSUD" type="xs:string" minOccurs="0" />
                <xs:element name="NORD" type="xs:string" minOccurs="0" />
                <xs:element name="SARD" type="xs:string" minOccurs="0" />
                <xs:element name="SICI" type="xs:string" minOccurs="0" />
                <xs:element name="SUD" type="xs:string" minOccurs="0" />
              </xs:sequence>
            </xs:complexType>
          </xs:element>
        </xs:choice>
      </xs:complexType>
    </xs:element>
  </xs:schema>
  <marketintervaldetail>
    <Data>20151031</Data>
    <Mercato>MGP</Mercato>
    <Ora>01</Ora>
    <Totale>26136</Totale>
    <CNOR>2407</CNOR>
    <CSUD>2637</CSUD>
    <NORD>14328</NORD>
    <SARD>847</SARD>
    <SICI>1683</SICI>
    <SUD>4234</SUD>
  </marketintervaldetail>
  <marketintervaldetail>
    <Data>20151031</Data>
    <Mercato>MGP</Mercato>
    <Ora>02</Ora>
    <Totale>24377</Totale>
    <CNOR>2433</CNOR>
    <CSUD>2773</CSUD>
    <NORD>12586</NORD>
    <SARD>805</SARD>
    <SICI>1507</SICI>
    <SUD>4273</SUD>
  </marketintervaldetail>
  <marketintervaldetail>
    <Data>20151031</Data>
    <Mercato>MGP</Mercato>
    <Ora>03</Ora>
    <Totale>23375</Totale>
    <CNOR>2423</CNOR>
    <CSUD>2543</CSUD>
    <NORD>11952</NORD>
    <SARD>795</SARD>
    <SICI>1472</SICI>
    <SUD>4190</SUD>
  </marketintervaldetail>
  <marketintervaldetail>
    <Data>20151031</Data>
    <Mercato>MGP</Mercato>
    <Ora>04</Ora>
    <Totale>22953</Totale>
    <CNOR>2435</CNOR>
    <CSUD>2322</CSUD>
    <NORD>11631</NORD>
    <SARD>770</SARD>
    <SICI>1425</SICI>
    <SUD>4370</SUD>
  </marketintervaldetail>
  <marketintervaldetail>
    <Data>20151031</Data>
    <Mercato>MGP</Mercato>
    <Ora>05</Ora>
    <Totale>22766</Totale>
    <CNOR>2422</CNOR>
    <CSUD>2361</CSUD>
    <NORD>11398</NORD>
    <SARD>751</SARD>
    <SICI>1474</SICI>
    <SUD>4360</SUD>
  </marketintervaldetail>
  <marketintervaldetail>
    <Data>20151031</Data>
    <Mercato>MGP</Mercato>
    <Ora>06</Ora>
    <Totale>23196</Totale>
    <CNOR>2413</CNOR>
    <CSUD>2412</CSUD>
    <NORD>11528</NORD>
    <SARD>768</SARD>
    <SICI>1452</SICI>
    <SUD>4623</SUD>
  </marketintervaldetail>
  <marketintervaldetail>
    <Data>20151031</Data>
    <Mercato>MGP</Mercato>
    <Ora>07</Ora>
    <Totale>25033</Totale>
    <CNOR>2377</CNOR>
    <CSUD>2609</CSUD>
    <NORD>12730</NORD>
    <SARD>819</SARD>
    <SICI>1524</SICI>
    <SUD>4974</SUD>
  </marketintervaldetail>
  <marketintervaldetail>
    <Data>20151031</Data>
    <Mercato>MGP</Mercato>
    <Ora>08</Ora>
    <Totale>27370</Totale>
    <CNOR>2480</CNOR>
    <CSUD>2847</CSUD>
    <NORD>14571</NORD>
    <SARD>887</SARD>
    <SICI>1774</SICI>
    <SUD>4811</SUD>
  </marketintervaldetail>
  <marketintervaldetail>
    <Data>20151031</Data>
    <Mercato>MGP</Mercato>
    <Ora>09</Ora>
    <Totale>29858</Totale>
    <CNOR>2453</CNOR>
    <CSUD>3210</CSUD>
    <NORD>16400</NORD>
    <SARD>956</SARD>
    <SICI>1974</SICI>
    <SUD>4865</SUD>
  </marketintervaldetail>
  <marketintervaldetail>
    <Data>20151031</Data>
    <Mercato>MGP</Mercato>
    <Ora>10</Ora>
    <Totale>30696</Totale>
    <CNOR>2397</CNOR>
    <CSUD>3375</CSUD>
    <NORD>17207</NORD>
    <SARD>943</SARD>
    <SICI>2061</SICI>
    <SUD>4713</SUD>
  </marketintervaldetail>
  <marketintervaldetail>
    <Data>20151031</Data>
    <Mercato>MGP</Mercato>
    <Ora>11</Ora>
    <Totale>29995</Totale>
    <CNOR>2336</CNOR>
    <CSUD>3467</CSUD>
    <NORD>16990</NORD>
    <SARD>909</SARD>
    <SICI>1978</SICI>
    <SUD>4315</SUD>
  </marketintervaldetail>
  <marketintervaldetail>
    <Data>20151031</Data>
    <Mercato>MGP</Mercato>
    <Ora>12</Ora>
    <Totale>29042</Totale>
    <CNOR>2296</CNOR>
    <CSUD>3435</CSUD>
    <NORD>16288</NORD>
    <SARD>869</SARD>
    <SICI>1884</SICI>
    <SUD>4270</SUD>
  </marketintervaldetail>
  <marketintervaldetail>
    <Data>20151031</Data>
    <Mercato>MGP</Mercato>
    <Ora>13</Ora>
    <Totale>27648</Totale>
    <CNOR>2123</CNOR>
    <CSUD>3816</CSUD>
    <NORD>14585</NORD>
    <SARD>884</SARD>
    <SICI>1835</SICI>
    <SUD>4405</SUD>
  </marketintervaldetail>
  <marketintervaldetail>
    <Data>20151031</Data>
    <Mercato>MGP</Mercato>
    <Ora>14</Ora>
    <Totale>26420</Totale>
    <CNOR>2050</CNOR>
    <CSUD>3854</CSUD>
    <NORD>13441</NORD>
    <SARD>876</SARD>
    <SICI>1792</SICI>
    <SUD>4407</SUD>
  </marketintervaldetail>
  <marketintervaldetail>
    <Data>20151031</Data>
    <Mercato>MGP</Mercato>
    <Ora>15</Ora>
    <Totale>25899</Totale>
    <CNOR>2043</CNOR>
    <CSUD>3754</CSUD>
    <NORD>13043</NORD>
    <SARD>851</SARD>
    <SICI>1736</SICI>
    <SUD>4472</SUD>
  </marketintervaldetail>
  <marketintervaldetail>
    <Data>20151031</Data>
    <Mercato>MGP</Mercato>
    <Ora>16</Ora>
    <Totale>26083</Totale>
    <CNOR>2130</CNOR>
    <CSUD>3640</CSUD>
    <NORD>13282</NORD>
    <SARD>819</SARD>
    <SICI>1686</SICI>
    <SUD>4526</SUD>
  </marketintervaldetail>
  <marketintervaldetail>
    <Data>20151031</Data>
    <Mercato>MGP</Mercato>
    <Ora>17</Ora>
    <Totale>27266</Totale>
    <CNOR>2152</CNOR>
    <CSUD>3627</CSUD>
    <NORD>14075</NORD>
    <SARD>874</SARD>
    <SICI>1801</SICI>
    <SUD>4737</SUD>
  </marketintervaldetail>
  <marketintervaldetail>
    <Data>20151031</Data>
    <Mercato>MGP</Mercato>
    <Ora>18</Ora>
    <Totale>31643</Totale>
    <CNOR>2361</CNOR>
    <CSUD>3829</CSUD>
    <NORD>17112</NORD>
    <SARD>980</SARD>
    <SICI>2114</SICI>
    <SUD>5247</SUD>
  </marketintervaldetail>
  <marketintervaldetail>
    <Data>20151031</Data>
    <Mercato>MGP</Mercato>
    <Ora>19</Ora>
    <Totale>34733</Totale>
    <CNOR>2672</CNOR>
    <CSUD>4012</CSUD>
    <NORD>19085</NORD>
    <SARD>1083</SARD>
    <SICI>2275</SICI>
    <SUD>5606</SUD>
  </marketintervaldetail>
  <marketintervaldetail>
    <Data>20151031</Data>
    <Mercato>MGP</Mercato>
    <Ora>20</Ora>
    <Totale>34964</Totale>
    <CNOR>2659</CNOR>
    <CSUD>4064</CSUD>
    <NORD>19399</NORD>
    <SARD>1109</SARD>
    <SICI>2312</SICI>
    <SUD>5421</SUD>
  </marketintervaldetail>
  <marketintervaldetail>
    <Data>20151031</Data>
    <Mercato>MGP</Mercato>
    <Ora>21</Ora>
    <Totale>32847</Totale>
    <CNOR>2591</CNOR>
    <CSUD>3797</CSUD>
    <NORD>17860</NORD>
    <SARD>1097</SARD>
    <SICI>2232</SICI>
    <SUD>5270</SUD>
  </marketintervaldetail>
  <marketintervaldetail>
    <Data>20151031</Data>
    <Mercato>MGP</Mercato>
    <Ora>22</Ora>
    <Totale>30046</Totale>
    <CNOR>2455</CNOR>
    <CSUD>3483</CSUD>
    <NORD>16195</NORD>
    <SARD>1028</SARD>
    <SICI>2015</SICI>
    <SUD>4870</SUD>
  </marketintervaldetail>
  <marketintervaldetail>
    <Data>20151031</Data>
    <Mercato>MGP</Mercato>
    <Ora>23</Ora>
    <Totale>27660</Totale>
    <CNOR>2332</CNOR>
    <CSUD>3191</CSUD>
    <NORD>14923</NORD>
    <SARD>951</SARD>
    <SICI>1878</SICI>
    <SUD>4385</SUD>
  </marketintervaldetail>
  <marketintervaldetail>
    <Data>20151031</Data>
    <Mercato>MGP</Mercato>
    <Ora>24</Ora>
    <Totale>25173</Totale>
    <CNOR>2147</CNOR>
    <CSUD>3057</CSUD>
    <NORD>13110</NORD>
    <SARD>883</SARD>
    <SICI>1722</SICI>
    <SUD>4254</SUD>
  </marketintervaldetail>
</NewDataSet>