<?xml version="1.0" standalone="yes"?>
<NewDataSet>
  <xs:schema id="NewDataSet" xmlns="" xmlns:xs="http://www.w3.org/2001/XMLSchema" xmlns:msdata="urn:schemas-microsoft-com:xml-msdata">
    <xs:element name="NewDataSet" msdata:IsDataSet="true" msdata:MainDataTable="marketintervaldetail" msdata:UseCurrentLocale="true">
      <xs:complexType>
        <xs:choice minOccurs="0" maxOccurs="unbounded">
          <xs:element name="marketintervaldetail">
            <xs:complexType>
              <xs:sequence>
                <xs:element name="Data" type="xs:string" minOccurs="0" />
                <xs:element name="Mercato" type="xs:string" minOccurs="0" />
                <xs:element name="Ora" type="xs:string" minOccurs="0" />
                <xs:element name="Totale" type="xs:string" minOccurs="0" />
                <xs:element name="CNOR" type="xs:string" minOccurs="0" />
                <xs:element name="CSUD" type="xs:string" minOccurs="0" />
                <xs:element name="NORD" type="xs:string" minOccurs="0" />
                <xs:element name="SARD" type="xs:string" minOccurs="0" />
                <xs:element name="SICI" type="xs:string" minOccurs="0" />
                <xs:element name="SUD" type="xs:string" minOccurs="0" />
              </xs:sequence>
            </xs:complexType>
          </xs:element>
        </xs:choice>
      </xs:complexType>
    </xs:element>
  </xs:schema>
  <marketintervaldetail>
    <Data>20151010</Data>
    <Mercato>MGP</Mercato>
    <Ora>01</Ora>
    <Totale>27665</Totale>
    <CNOR>2873</CNOR>
    <CSUD>4580</CSUD>
    <NORD>15352</NORD>
    <SARD>837</SARD>
    <SICI>1727</SICI>
    <SUD>2296</SUD>
  </marketintervaldetail>
  <marketintervaldetail>
    <Data>20151010</Data>
    <Mercato>MGP</Mercato>
    <Ora>02</Ora>
    <Totale>25815</Totale>
    <CNOR>2714</CNOR>
    <CSUD>4215</CSUD>
    <NORD>14318</NORD>
    <SARD>795</SARD>
    <SICI>1611</SICI>
    <SUD>2162</SUD>
  </marketintervaldetail>
  <marketintervaldetail>
    <Data>20151010</Data>
    <Mercato>MGP</Mercato>
    <Ora>03</Ora>
    <Totale>24573</Totale>
    <CNOR>2581</CNOR>
    <CSUD>3999</CSUD>
    <NORD>13639</NORD>
    <SARD>770</SARD>
    <SICI>1539</SICI>
    <SUD>2045</SUD>
  </marketintervaldetail>
  <marketintervaldetail>
    <Data>20151010</Data>
    <Mercato>MGP</Mercato>
    <Ora>04</Ora>
    <Totale>24066</Totale>
    <CNOR>2527</CNOR>
    <CSUD>3862</CSUD>
    <NORD>13393</NORD>
    <SARD>760</SARD>
    <SICI>1505</SICI>
    <SUD>2019</SUD>
  </marketintervaldetail>
  <marketintervaldetail>
    <Data>20151010</Data>
    <Mercato>MGP</Mercato>
    <Ora>05</Ora>
    <Totale>23874</Totale>
    <CNOR>2531</CNOR>
    <CSUD>3798</CSUD>
    <NORD>13247</NORD>
    <SARD>760</SARD>
    <SICI>1512</SICI>
    <SUD>2026</SUD>
  </marketintervaldetail>
  <marketintervaldetail>
    <Data>20151010</Data>
    <Mercato>MGP</Mercato>
    <Ora>06</Ora>
    <Totale>24191</Totale>
    <CNOR>2548</CNOR>
    <CSUD>3876</CSUD>
    <NORD>13389</NORD>
    <SARD>770</SARD>
    <SICI>1551</SICI>
    <SUD>2057</SUD>
  </marketintervaldetail>
  <marketintervaldetail>
    <Data>20151010</Data>
    <Mercato>MGP</Mercato>
    <Ora>07</Ora>
    <Totale>25969</Totale>
    <CNOR>2656</CNOR>
    <CSUD>4171</CSUD>
    <NORD>14342</NORD>
    <SARD>820</SARD>
    <SICI>1686</SICI>
    <SUD>2294</SUD>
  </marketintervaldetail>
  <marketintervaldetail>
    <Data>20151010</Data>
    <Mercato>MGP</Mercato>
    <Ora>08</Ora>
    <Totale>28830</Totale>
    <CNOR>2876</CNOR>
    <CSUD>4543</CSUD>
    <NORD>16137</NORD>
    <SARD>900</SARD>
    <SICI>1816</SICI>
    <SUD>2558</SUD>
  </marketintervaldetail>
  <marketintervaldetail>
    <Data>20151010</Data>
    <Mercato>MGP</Mercato>
    <Ora>09</Ora>
    <Totale>31517</Totale>
    <CNOR>3193</CNOR>
    <CSUD>5058</CSUD>
    <NORD>17460</NORD>
    <SARD>953</SARD>
    <SICI>2058</SICI>
    <SUD>2795</SUD>
  </marketintervaldetail>
  <marketintervaldetail>
    <Data>20151010</Data>
    <Mercato>MGP</Mercato>
    <Ora>10</Ora>
    <Totale>33529</Totale>
    <CNOR>3395</CNOR>
    <CSUD>5653</CSUD>
    <NORD>18292</NORD>
    <SARD>984</SARD>
    <SICI>2276</SICI>
    <SUD>2929</SUD>
  </marketintervaldetail>
  <marketintervaldetail>
    <Data>20151010</Data>
    <Mercato>MGP</Mercato>
    <Ora>11</Ora>
    <Totale>33308</Totale>
    <CNOR>3371</CNOR>
    <CSUD>5713</CSUD>
    <NORD>18079</NORD>
    <SARD>956</SARD>
    <SICI>2272</SICI>
    <SUD>2917</SUD>
  </marketintervaldetail>
  <marketintervaldetail>
    <Data>20151010</Data>
    <Mercato>MGP</Mercato>
    <Ora>12</Ora>
    <Totale>32265</Totale>
    <CNOR>3248</CNOR>
    <CSUD>5524</CSUD>
    <NORD>17616</NORD>
    <SARD>926</SARD>
    <SICI>2171</SICI>
    <SUD>2780</SUD>
  </marketintervaldetail>
  <marketintervaldetail>
    <Data>20151010</Data>
    <Mercato>MGP</Mercato>
    <Ora>13</Ora>
    <Totale>31337</Totale>
    <CNOR>3024</CNOR>
    <CSUD>5647</CSUD>
    <NORD>16643</NORD>
    <SARD>913</SARD>
    <SICI>2210</SICI>
    <SUD>2900</SUD>
  </marketintervaldetail>
  <marketintervaldetail>
    <Data>20151010</Data>
    <Mercato>MGP</Mercato>
    <Ora>14</Ora>
    <Totale>29572</Totale>
    <CNOR>2908</CNOR>
    <CSUD>5267</CSUD>
    <NORD>15648</NORD>
    <SARD>888</SARD>
    <SICI>2163</SICI>
    <SUD>2698</SUD>
  </marketintervaldetail>
  <marketintervaldetail>
    <Data>20151010</Data>
    <Mercato>MGP</Mercato>
    <Ora>15</Ora>
    <Totale>29588</Totale>
    <CNOR>2892</CNOR>
    <CSUD>5282</CSUD>
    <NORD>15862</NORD>
    <SARD>875</SARD>
    <SICI>2087</SICI>
    <SUD>2590</SUD>
  </marketintervaldetail>
  <marketintervaldetail>
    <Data>20151010</Data>
    <Mercato>MGP</Mercato>
    <Ora>16</Ora>
    <Totale>29474</Totale>
    <CNOR>2939</CNOR>
    <CSUD>5293</CSUD>
    <NORD>15595</NORD>
    <SARD>874</SARD>
    <SICI>2128</SICI>
    <SUD>2645</SUD>
  </marketintervaldetail>
  <marketintervaldetail>
    <Data>20151010</Data>
    <Mercato>MGP</Mercato>
    <Ora>17</Ora>
    <Totale>29630</Totale>
    <CNOR>2945</CNOR>
    <CSUD>5321</CSUD>
    <NORD>15566</NORD>
    <SARD>897</SARD>
    <SICI>2212</SICI>
    <SUD>2689</SUD>
  </marketintervaldetail>
  <marketintervaldetail>
    <Data>20151010</Data>
    <Mercato>MGP</Mercato>
    <Ora>18</Ora>
    <Totale>30481</Totale>
    <CNOR>3060</CNOR>
    <CSUD>5364</CSUD>
    <NORD>16065</NORD>
    <SARD>923</SARD>
    <SICI>2237</SICI>
    <SUD>2832</SUD>
  </marketintervaldetail>
  <marketintervaldetail>
    <Data>20151010</Data>
    <Mercato>MGP</Mercato>
    <Ora>19</Ora>
    <Totale>32020</Totale>
    <CNOR>3195</CNOR>
    <CSUD>5379</CSUD>
    <NORD>17206</NORD>
    <SARD>937</SARD>
    <SICI>2263</SICI>
    <SUD>3040</SUD>
  </marketintervaldetail>
  <marketintervaldetail>
    <Data>20151010</Data>
    <Mercato>MGP</Mercato>
    <Ora>20</Ora>
    <Totale>35761</Totale>
    <CNOR>3615</CNOR>
    <CSUD>6100</CSUD>
    <NORD>19053</NORD>
    <SARD>1044</SARD>
    <SICI>2550</SICI>
    <SUD>3399</SUD>
  </marketintervaldetail>
  <marketintervaldetail>
    <Data>20151010</Data>
    <Mercato>MGP</Mercato>
    <Ora>21</Ora>
    <Totale>33886</Totale>
    <CNOR>3431</CNOR>
    <CSUD>5880</CSUD>
    <NORD>17726</NORD>
    <SARD>1049</SARD>
    <SICI>2473</SICI>
    <SUD>3327</SUD>
  </marketintervaldetail>
  <marketintervaldetail>
    <Data>20151010</Data>
    <Mercato>MGP</Mercato>
    <Ora>22</Ora>
    <Totale>31242</Totale>
    <CNOR>2866</CNOR>
    <CSUD>5342</CSUD>
    <NORD>16753</NORD>
    <SARD>989</SARD>
    <SICI>2259</SICI>
    <SUD>3033</SUD>
  </marketintervaldetail>
  <marketintervaldetail>
    <Data>20151010</Data>
    <Mercato>MGP</Mercato>
    <Ora>23</Ora>
    <Totale>29109</Totale>
    <CNOR>2915</CNOR>
    <CSUD>4910</CSUD>
    <NORD>15456</NORD>
    <SARD>909</SARD>
    <SICI>2114</SICI>
    <SUD>2805</SUD>
  </marketintervaldetail>
  <marketintervaldetail>
    <Data>20151010</Data>
    <Mercato>MGP</Mercato>
    <Ora>24</Ora>
    <Totale>26932</Totale>
    <CNOR>2776</CNOR>
    <CSUD>4521</CSUD>
    <NORD>14273</NORD>
    <SARD>863</SARD>
    <SICI>1948</SICI>
    <SUD>2551</SUD>
  </marketintervaldetail>
</NewDataSet>