<?xml version="1.0" standalone="yes"?>
<NewDataSet>
  <xs:schema id="NewDataSet" xmlns="" xmlns:xs="http://www.w3.org/2001/XMLSchema" xmlns:msdata="urn:schemas-microsoft-com:xml-msdata">
    <xs:element name="NewDataSet" msdata:IsDataSet="true" msdata:MainDataTable="marketintervaldetail" msdata:UseCurrentLocale="true">
      <xs:complexType>
        <xs:choice minOccurs="0" maxOccurs="unbounded">
          <xs:element name="marketintervaldetail">
            <xs:complexType>
              <xs:sequence>
                <xs:element name="Data" type="xs:string" minOccurs="0" />
                <xs:element name="Mercato" type="xs:string" minOccurs="0" />
                <xs:element name="Ora" type="xs:string" minOccurs="0" />
                <xs:element name="Totale" type="xs:string" minOccurs="0" />
                <xs:element name="CNOR" type="xs:string" minOccurs="0" />
                <xs:element name="CSUD" type="xs:string" minOccurs="0" />
                <xs:element name="NORD" type="xs:string" minOccurs="0" />
                <xs:element name="SARD" type="xs:string" minOccurs="0" />
                <xs:element name="SICI" type="xs:string" minOccurs="0" />
                <xs:element name="SUD" type="xs:string" minOccurs="0" />
              </xs:sequence>
            </xs:complexType>
          </xs:element>
        </xs:choice>
      </xs:complexType>
    </xs:element>
  </xs:schema>
  <marketintervaldetail>
    <Data>20151003</Data>
    <Mercato>MGP</Mercato>
    <Ora>01</Ora>
    <Totale>26312</Totale>
    <CNOR>2887</CNOR>
    <CSUD>4278</CSUD>
    <NORD>14385</NORD>
    <SARD>800</SARD>
    <SICI>1721</SICI>
    <SUD>2241</SUD>
  </marketintervaldetail>
  <marketintervaldetail>
    <Data>20151003</Data>
    <Mercato>MGP</Mercato>
    <Ora>02</Ora>
    <Totale>24785</Totale>
    <CNOR>2742</CNOR>
    <CSUD>3957</CSUD>
    <NORD>13645</NORD>
    <SARD>765</SARD>
    <SICI>1567</SICI>
    <SUD>2109</SUD>
  </marketintervaldetail>
  <marketintervaldetail>
    <Data>20151003</Data>
    <Mercato>MGP</Mercato>
    <Ora>03</Ora>
    <Totale>23885</Totale>
    <CNOR>2653</CNOR>
    <CSUD>3757</CSUD>
    <NORD>13156</NORD>
    <SARD>742</SARD>
    <SICI>1517</SICI>
    <SUD>2060</SUD>
  </marketintervaldetail>
  <marketintervaldetail>
    <Data>20151003</Data>
    <Mercato>MGP</Mercato>
    <Ora>04</Ora>
    <Totale>23430</Totale>
    <CNOR>2557</CNOR>
    <CSUD>3653</CSUD>
    <NORD>12968</NORD>
    <SARD>731</SARD>
    <SICI>1476</SICI>
    <SUD>2045</SUD>
  </marketintervaldetail>
  <marketintervaldetail>
    <Data>20151003</Data>
    <Mercato>MGP</Mercato>
    <Ora>05</Ora>
    <Totale>23206</Totale>
    <CNOR>2551</CNOR>
    <CSUD>3626</CSUD>
    <NORD>12756</NORD>
    <SARD>709</SARD>
    <SICI>1479</SICI>
    <SUD>2085</SUD>
  </marketintervaldetail>
  <marketintervaldetail>
    <Data>20151003</Data>
    <Mercato>MGP</Mercato>
    <Ora>06</Ora>
    <Totale>23468</Totale>
    <CNOR>2584</CNOR>
    <CSUD>3711</CSUD>
    <NORD>12857</NORD>
    <SARD>734</SARD>
    <SICI>1531</SICI>
    <SUD>2051</SUD>
  </marketintervaldetail>
  <marketintervaldetail>
    <Data>20151003</Data>
    <Mercato>MGP</Mercato>
    <Ora>07</Ora>
    <Totale>25184</Totale>
    <CNOR>2781</CNOR>
    <CSUD>3959</CSUD>
    <NORD>13819</NORD>
    <SARD>767</SARD>
    <SICI>1591</SICI>
    <SUD>2267</SUD>
  </marketintervaldetail>
  <marketintervaldetail>
    <Data>20151003</Data>
    <Mercato>MGP</Mercato>
    <Ora>08</Ora>
    <Totale>27538</Totale>
    <CNOR>3016</CNOR>
    <CSUD>4288</CSUD>
    <NORD>15346</NORD>
    <SARD>796</SARD>
    <SICI>1699</SICI>
    <SUD>2393</SUD>
  </marketintervaldetail>
  <marketintervaldetail>
    <Data>20151003</Data>
    <Mercato>MGP</Mercato>
    <Ora>09</Ora>
    <Totale>29906</Totale>
    <CNOR>3286</CNOR>
    <CSUD>4749</CSUD>
    <NORD>16560</NORD>
    <SARD>864</SARD>
    <SICI>1882</SICI>
    <SUD>2565</SUD>
  </marketintervaldetail>
  <marketintervaldetail>
    <Data>20151003</Data>
    <Mercato>MGP</Mercato>
    <Ora>10</Ora>
    <Totale>31803</Totale>
    <CNOR>3454</CNOR>
    <CSUD>5071</CSUD>
    <NORD>17576</NORD>
    <SARD>919</SARD>
    <SICI>2015</SICI>
    <SUD>2768</SUD>
  </marketintervaldetail>
  <marketintervaldetail>
    <Data>20151003</Data>
    <Mercato>MGP</Mercato>
    <Ora>11</Ora>
    <Totale>32047</Totale>
    <CNOR>3428</CNOR>
    <CSUD>5155</CSUD>
    <NORD>17628</NORD>
    <SARD>963</SARD>
    <SICI>2054</SICI>
    <SUD>2819</SUD>
  </marketintervaldetail>
  <marketintervaldetail>
    <Data>20151003</Data>
    <Mercato>MGP</Mercato>
    <Ora>12</Ora>
    <Totale>31544</Totale>
    <CNOR>3314</CNOR>
    <CSUD>5181</CSUD>
    <NORD>17099</NORD>
    <SARD>994</SARD>
    <SICI>2122</SICI>
    <SUD>2834</SUD>
  </marketintervaldetail>
  <marketintervaldetail>
    <Data>20151003</Data>
    <Mercato>MGP</Mercato>
    <Ora>13</Ora>
    <Totale>29777</Totale>
    <CNOR>3214</CNOR>
    <CSUD>5133</CSUD>
    <NORD>15696</NORD>
    <SARD>1038</SARD>
    <SICI>2080</SICI>
    <SUD>2616</SUD>
  </marketintervaldetail>
  <marketintervaldetail>
    <Data>20151003</Data>
    <Mercato>MGP</Mercato>
    <Ora>14</Ora>
    <Totale>28292</Totale>
    <CNOR>3058</CNOR>
    <CSUD>4946</CSUD>
    <NORD>14699</NORD>
    <SARD>987</SARD>
    <SICI>2033</SICI>
    <SUD>2569</SUD>
  </marketintervaldetail>
  <marketintervaldetail>
    <Data>20151003</Data>
    <Mercato>MGP</Mercato>
    <Ora>15</Ora>
    <Totale>27636</Totale>
    <CNOR>2965</CNOR>
    <CSUD>4744</CSUD>
    <NORD>14798</NORD>
    <SARD>917</SARD>
    <SICI>1855</SICI>
    <SUD>2357</SUD>
  </marketintervaldetail>
  <marketintervaldetail>
    <Data>20151003</Data>
    <Mercato>MGP</Mercato>
    <Ora>16</Ora>
    <Totale>27195</Totale>
    <CNOR>2968</CNOR>
    <CSUD>4688</CSUD>
    <NORD>14590</NORD>
    <SARD>849</SARD>
    <SICI>1831</SICI>
    <SUD>2269</SUD>
  </marketintervaldetail>
  <marketintervaldetail>
    <Data>20151003</Data>
    <Mercato>MGP</Mercato>
    <Ora>17</Ora>
    <Totale>27264</Totale>
    <CNOR>2983</CNOR>
    <CSUD>4679</CSUD>
    <NORD>14488</NORD>
    <SARD>873</SARD>
    <SICI>1952</SICI>
    <SUD>2289</SUD>
  </marketintervaldetail>
  <marketintervaldetail>
    <Data>20151003</Data>
    <Mercato>MGP</Mercato>
    <Ora>18</Ora>
    <Totale>28151</Totale>
    <CNOR>3108</CNOR>
    <CSUD>4783</CSUD>
    <NORD>14794</NORD>
    <SARD>890</SARD>
    <SICI>2050</SICI>
    <SUD>2526</SUD>
  </marketintervaldetail>
  <marketintervaldetail>
    <Data>20151003</Data>
    <Mercato>MGP</Mercato>
    <Ora>19</Ora>
    <Totale>29707</Totale>
    <CNOR>3331</CNOR>
    <CSUD>5061</CSUD>
    <NORD>15395</NORD>
    <SARD>920</SARD>
    <SICI>2172</SICI>
    <SUD>2828</SUD>
  </marketintervaldetail>
  <marketintervaldetail>
    <Data>20151003</Data>
    <Mercato>MGP</Mercato>
    <Ora>20</Ora>
    <Totale>33723</Totale>
    <CNOR>3746</CNOR>
    <CSUD>5786</CSUD>
    <NORD>17535</NORD>
    <SARD>995</SARD>
    <SICI>2427</SICI>
    <SUD>3234</SUD>
  </marketintervaldetail>
  <marketintervaldetail>
    <Data>20151003</Data>
    <Mercato>MGP</Mercato>
    <Ora>21</Ora>
    <Totale>33063</Totale>
    <CNOR>3666</CNOR>
    <CSUD>5855</CSUD>
    <NORD>17040</NORD>
    <SARD>1030</SARD>
    <SICI>2417</SICI>
    <SUD>3055</SUD>
  </marketintervaldetail>
  <marketintervaldetail>
    <Data>20151003</Data>
    <Mercato>MGP</Mercato>
    <Ora>22</Ora>
    <Totale>30496</Totale>
    <CNOR>3343</CNOR>
    <CSUD>5367</CSUD>
    <NORD>15769</NORD>
    <SARD>958</SARD>
    <SICI>2211</SICI>
    <SUD>2848</SUD>
  </marketintervaldetail>
  <marketintervaldetail>
    <Data>20151003</Data>
    <Mercato>MGP</Mercato>
    <Ora>23</Ora>
    <Totale>28378</Totale>
    <CNOR>3156</CNOR>
    <CSUD>4933</CSUD>
    <NORD>14787</NORD>
    <SARD>890</SARD>
    <SICI>2042</SICI>
    <SUD>2570</SUD>
  </marketintervaldetail>
  <marketintervaldetail>
    <Data>20151003</Data>
    <Mercato>MGP</Mercato>
    <Ora>24</Ora>
    <Totale>26161</Totale>
    <CNOR>2902</CNOR>
    <CSUD>4546</CSUD>
    <NORD>13660</NORD>
    <SARD>848</SARD>
    <SICI>1900</SICI>
    <SUD>2305</SUD>
  </marketintervaldetail>
</NewDataSet>