<?xml version="1.0" standalone="yes"?>
<NewDataSet>
  <xs:schema id="NewDataSet" xmlns="" xmlns:xs="http://www.w3.org/2001/XMLSchema" xmlns:msdata="urn:schemas-microsoft-com:xml-msdata">
    <xs:element name="NewDataSet" msdata:IsDataSet="true" msdata:MainDataTable="marketintervaldetail" msdata:UseCurrentLocale="true">
      <xs:complexType>
        <xs:choice minOccurs="0" maxOccurs="unbounded">
          <xs:element name="marketintervaldetail">
            <xs:complexType>
              <xs:sequence>
                <xs:element name="Data" type="xs:string" minOccurs="0" />
                <xs:element name="Mercato" type="xs:string" minOccurs="0" />
                <xs:element name="Ora" type="xs:string" minOccurs="0" />
                <xs:element name="Totale" type="xs:string" minOccurs="0" />
                <xs:element name="CNOR" type="xs:string" minOccurs="0" />
                <xs:element name="CSUD" type="xs:string" minOccurs="0" />
                <xs:element name="NORD" type="xs:string" minOccurs="0" />
                <xs:element name="SARD" type="xs:string" minOccurs="0" />
                <xs:element name="SICI" type="xs:string" minOccurs="0" />
                <xs:element name="SUD" type="xs:string" minOccurs="0" />
              </xs:sequence>
            </xs:complexType>
          </xs:element>
        </xs:choice>
      </xs:complexType>
    </xs:element>
  </xs:schema>
  <marketintervaldetail>
    <Data>20151006</Data>
    <Mercato>MGP</Mercato>
    <Ora>01</Ora>
    <Totale>25732</Totale>
    <CNOR>2826</CNOR>
    <CSUD>4097</CSUD>
    <NORD>14087</NORD>
    <SARD>812</SARD>
    <SICI>1722</SICI>
    <SUD>2188</SUD>
  </marketintervaldetail>
  <marketintervaldetail>
    <Data>20151006</Data>
    <Mercato>MGP</Mercato>
    <Ora>02</Ora>
    <Totale>24012</Totale>
    <CNOR>2636</CNOR>
    <CSUD>3829</CSUD>
    <NORD>13131</NORD>
    <SARD>776</SARD>
    <SICI>1601</SICI>
    <SUD>2039</SUD>
  </marketintervaldetail>
  <marketintervaldetail>
    <Data>20151006</Data>
    <Mercato>MGP</Mercato>
    <Ora>03</Ora>
    <Totale>23227</Totale>
    <CNOR>2553</CNOR>
    <CSUD>3654</CSUD>
    <NORD>12744</NORD>
    <SARD>771</SARD>
    <SICI>1528</SICI>
    <SUD>1977</SUD>
  </marketintervaldetail>
  <marketintervaldetail>
    <Data>20151006</Data>
    <Mercato>MGP</Mercato>
    <Ora>04</Ora>
    <Totale>23065</Totale>
    <CNOR>2452</CNOR>
    <CSUD>3611</CSUD>
    <NORD>12781</NORD>
    <SARD>762</SARD>
    <SICI>1492</SICI>
    <SUD>1967</SUD>
  </marketintervaldetail>
  <marketintervaldetail>
    <Data>20151006</Data>
    <Mercato>MGP</Mercato>
    <Ora>05</Ora>
    <Totale>23238</Totale>
    <CNOR>2473</CNOR>
    <CSUD>3618</CSUD>
    <NORD>12887</NORD>
    <SARD>770</SARD>
    <SICI>1500</SICI>
    <SUD>1990</SUD>
  </marketintervaldetail>
  <marketintervaldetail>
    <Data>20151006</Data>
    <Mercato>MGP</Mercato>
    <Ora>06</Ora>
    <Totale>24290</Totale>
    <CNOR>2590</CNOR>
    <CSUD>3755</CSUD>
    <NORD>13535</NORD>
    <SARD>780</SARD>
    <SICI>1557</SICI>
    <SUD>2073</SUD>
  </marketintervaldetail>
  <marketintervaldetail>
    <Data>20151006</Data>
    <Mercato>MGP</Mercato>
    <Ora>07</Ora>
    <Totale>28010</Totale>
    <CNOR>2930</CNOR>
    <CSUD>4292</CSUD>
    <NORD>15940</NORD>
    <SARD>842</SARD>
    <SICI>1735</SICI>
    <SUD>2271</SUD>
  </marketintervaldetail>
  <marketintervaldetail>
    <Data>20151006</Data>
    <Mercato>MGP</Mercato>
    <Ora>08</Ora>
    <Totale>33406</Totale>
    <CNOR>3516</CNOR>
    <CSUD>4984</CSUD>
    <NORD>19518</NORD>
    <SARD>946</SARD>
    <SICI>1975</SICI>
    <SUD>2467</SUD>
  </marketintervaldetail>
  <marketintervaldetail>
    <Data>20151006</Data>
    <Mercato>MGP</Mercato>
    <Ora>09</Ora>
    <Totale>37668</Totale>
    <CNOR>4194</CNOR>
    <CSUD>5566</CSUD>
    <NORD>21962</NORD>
    <SARD>1006</SARD>
    <SICI>2199</SICI>
    <SUD>2741</SUD>
  </marketintervaldetail>
  <marketintervaldetail>
    <Data>20151006</Data>
    <Mercato>MGP</Mercato>
    <Ora>10</Ora>
    <Totale>40123</Totale>
    <CNOR>4598</CNOR>
    <CSUD>5819</CSUD>
    <NORD>23382</NORD>
    <SARD>1045</SARD>
    <SICI>2325</SICI>
    <SUD>2954</SUD>
  </marketintervaldetail>
  <marketintervaldetail>
    <Data>20151006</Data>
    <Mercato>MGP</Mercato>
    <Ora>11</Ora>
    <Totale>40650</Totale>
    <CNOR>4669</CNOR>
    <CSUD>6060</CSUD>
    <NORD>23513</NORD>
    <SARD>1044</SARD>
    <SICI>2335</SICI>
    <SUD>3029</SUD>
  </marketintervaldetail>
  <marketintervaldetail>
    <Data>20151006</Data>
    <Mercato>MGP</Mercato>
    <Ora>12</Ora>
    <Totale>40164</Totale>
    <CNOR>4547</CNOR>
    <CSUD>6080</CSUD>
    <NORD>23173</NORD>
    <SARD>1027</SARD>
    <SICI>2331</SICI>
    <SUD>3006</SUD>
  </marketintervaldetail>
  <marketintervaldetail>
    <Data>20151006</Data>
    <Mercato>MGP</Mercato>
    <Ora>13</Ora>
    <Totale>37959</Totale>
    <CNOR>4321</CNOR>
    <CSUD>6165</CSUD>
    <NORD>21193</NORD>
    <SARD>1041</SARD>
    <SICI>2288</SICI>
    <SUD>2951</SUD>
  </marketintervaldetail>
  <marketintervaldetail>
    <Data>20151006</Data>
    <Mercato>MGP</Mercato>
    <Ora>14</Ora>
    <Totale>37513</Totale>
    <CNOR>4123</CNOR>
    <CSUD>6221</CSUD>
    <NORD>20960</NORD>
    <SARD>1018</SARD>
    <SICI>2237</SICI>
    <SUD>2954</SUD>
  </marketintervaldetail>
  <marketintervaldetail>
    <Data>20151006</Data>
    <Mercato>MGP</Mercato>
    <Ora>15</Ora>
    <Totale>38449</Totale>
    <CNOR>4282</CNOR>
    <CSUD>5850</CSUD>
    <NORD>22139</NORD>
    <SARD>991</SARD>
    <SICI>2229</SICI>
    <SUD>2958</SUD>
  </marketintervaldetail>
  <marketintervaldetail>
    <Data>20151006</Data>
    <Mercato>MGP</Mercato>
    <Ora>16</Ora>
    <Totale>38698</Totale>
    <CNOR>4355</CNOR>
    <CSUD>5805</CSUD>
    <NORD>22391</NORD>
    <SARD>1003</SARD>
    <SICI>2258</SICI>
    <SUD>2886</SUD>
  </marketintervaldetail>
  <marketintervaldetail>
    <Data>20151006</Data>
    <Mercato>MGP</Mercato>
    <Ora>17</Ora>
    <Totale>38830</Totale>
    <CNOR>4363</CNOR>
    <CSUD>5945</CSUD>
    <NORD>22359</NORD>
    <SARD>1017</SARD>
    <SICI>2336</SICI>
    <SUD>2810</SUD>
  </marketintervaldetail>
  <marketintervaldetail>
    <Data>20151006</Data>
    <Mercato>MGP</Mercato>
    <Ora>18</Ora>
    <Totale>37775</Totale>
    <CNOR>4318</CNOR>
    <CSUD>5907</CSUD>
    <NORD>21375</NORD>
    <SARD>1027</SARD>
    <SICI>2351</SICI>
    <SUD>2797</SUD>
  </marketintervaldetail>
  <marketintervaldetail>
    <Data>20151006</Data>
    <Mercato>MGP</Mercato>
    <Ora>19</Ora>
    <Totale>37242</Totale>
    <CNOR>4201</CNOR>
    <CSUD>5858</CSUD>
    <NORD>20701</NORD>
    <SARD>1036</SARD>
    <SICI>2456</SICI>
    <SUD>2990</SUD>
  </marketintervaldetail>
  <marketintervaldetail>
    <Data>20151006</Data>
    <Mercato>MGP</Mercato>
    <Ora>20</Ora>
    <Totale>39556</Totale>
    <CNOR>4211</CNOR>
    <CSUD>6316</CSUD>
    <NORD>21969</NORD>
    <SARD>1097</SARD>
    <SICI>2650</SICI>
    <SUD>3313</SUD>
  </marketintervaldetail>
  <marketintervaldetail>
    <Data>20151006</Data>
    <Mercato>MGP</Mercato>
    <Ora>21</Ora>
    <Totale>38465</Totale>
    <CNOR>4054</CNOR>
    <CSUD>6317</CSUD>
    <NORD>21185</NORD>
    <SARD>1185</SARD>
    <SICI>2597</SICI>
    <SUD>3127</SUD>
  </marketintervaldetail>
  <marketintervaldetail>
    <Data>20151006</Data>
    <Mercato>MGP</Mercato>
    <Ora>22</Ora>
    <Totale>35673</Totale>
    <CNOR>3682</CNOR>
    <CSUD>5919</CSUD>
    <NORD>19564</NORD>
    <SARD>1141</SARD>
    <SICI>2393</SICI>
    <SUD>2974</SUD>
  </marketintervaldetail>
  <marketintervaldetail>
    <Data>20151006</Data>
    <Mercato>MGP</Mercato>
    <Ora>23</Ora>
    <Totale>32299</Totale>
    <CNOR>3323</CNOR>
    <CSUD>5350</CSUD>
    <NORD>17655</NORD>
    <SARD>1048</SARD>
    <SICI>2196</SICI>
    <SUD>2727</SUD>
  </marketintervaldetail>
  <marketintervaldetail>
    <Data>20151006</Data>
    <Mercato>MGP</Mercato>
    <Ora>24</Ora>
    <Totale>28994</Totale>
    <CNOR>3010</CNOR>
    <CSUD>4860</CSUD>
    <NORD>15711</NORD>
    <SARD>984</SARD>
    <SICI>1993</SICI>
    <SUD>2436</SUD>
  </marketintervaldetail>
</NewDataSet>