<?xml version="1.0" standalone="yes"?>
<NewDataSet>
  <xs:schema id="NewDataSet" xmlns="" xmlns:xs="http://www.w3.org/2001/XMLSchema" xmlns:msdata="urn:schemas-microsoft-com:xml-msdata">
    <xs:element name="NewDataSet" msdata:IsDataSet="true" msdata:MainDataTable="marketintervaldetail" msdata:UseCurrentLocale="true">
      <xs:complexType>
        <xs:choice minOccurs="0" maxOccurs="unbounded">
          <xs:element name="marketintervaldetail">
            <xs:complexType>
              <xs:sequence>
                <xs:element name="Data" type="xs:string" minOccurs="0" />
                <xs:element name="Mercato" type="xs:string" minOccurs="0" />
                <xs:element name="Ora" type="xs:string" minOccurs="0" />
                <xs:element name="Totale" type="xs:string" minOccurs="0" />
                <xs:element name="CNOR" type="xs:string" minOccurs="0" />
                <xs:element name="CSUD" type="xs:string" minOccurs="0" />
                <xs:element name="NORD" type="xs:string" minOccurs="0" />
                <xs:element name="SARD" type="xs:string" minOccurs="0" />
                <xs:element name="SICI" type="xs:string" minOccurs="0" />
                <xs:element name="SUD" type="xs:string" minOccurs="0" />
              </xs:sequence>
            </xs:complexType>
          </xs:element>
        </xs:choice>
      </xs:complexType>
    </xs:element>
  </xs:schema>
  <marketintervaldetail>
    <Data>20151015</Data>
    <Mercato>MGP</Mercato>
    <Ora>01</Ora>
    <Totale>26968</Totale>
    <CNOR>2830</CNOR>
    <CSUD>4072</CSUD>
    <NORD>15315</NORD>
    <SARD>799</SARD>
    <SICI>1586</SICI>
    <SUD>2366</SUD>
  </marketintervaldetail>
  <marketintervaldetail>
    <Data>20151015</Data>
    <Mercato>MGP</Mercato>
    <Ora>02</Ora>
    <Totale>25149</Totale>
    <CNOR>2626</CNOR>
    <CSUD>3823</CSUD>
    <NORD>14411</NORD>
    <SARD>763</SARD>
    <SICI>1464</SICI>
    <SUD>2062</SUD>
  </marketintervaldetail>
  <marketintervaldetail>
    <Data>20151015</Data>
    <Mercato>MGP</Mercato>
    <Ora>03</Ora>
    <Totale>24229</Totale>
    <CNOR>2499</CNOR>
    <CSUD>3668</CSUD>
    <NORD>13937</NORD>
    <SARD>748</SARD>
    <SICI>1412</SICI>
    <SUD>1965</SUD>
  </marketintervaldetail>
  <marketintervaldetail>
    <Data>20151015</Data>
    <Mercato>MGP</Mercato>
    <Ora>04</Ora>
    <Totale>23898</Totale>
    <CNOR>2470</CNOR>
    <CSUD>3561</CSUD>
    <NORD>13812</NORD>
    <SARD>733</SARD>
    <SICI>1367</SICI>
    <SUD>1955</SUD>
  </marketintervaldetail>
  <marketintervaldetail>
    <Data>20151015</Data>
    <Mercato>MGP</Mercato>
    <Ora>05</Ora>
    <Totale>23929</Totale>
    <CNOR>2485</CNOR>
    <CSUD>3547</CSUD>
    <NORD>13850</NORD>
    <SARD>745</SARD>
    <SICI>1369</SICI>
    <SUD>1933</SUD>
  </marketintervaldetail>
  <marketintervaldetail>
    <Data>20151015</Data>
    <Mercato>MGP</Mercato>
    <Ora>06</Ora>
    <Totale>25325</Totale>
    <CNOR>2728</CNOR>
    <CSUD>3708</CSUD>
    <NORD>14611</NORD>
    <SARD>754</SARD>
    <SICI>1450</SICI>
    <SUD>2074</SUD>
  </marketintervaldetail>
  <marketintervaldetail>
    <Data>20151015</Data>
    <Mercato>MGP</Mercato>
    <Ora>07</Ora>
    <Totale>29451</Totale>
    <CNOR>3252</CNOR>
    <CSUD>4168</CSUD>
    <NORD>17122</NORD>
    <SARD>827</SARD>
    <SICI>1648</SICI>
    <SUD>2434</SUD>
  </marketintervaldetail>
  <marketintervaldetail>
    <Data>20151015</Data>
    <Mercato>MGP</Mercato>
    <Ora>08</Ora>
    <Totale>35306</Totale>
    <CNOR>3777</CNOR>
    <CSUD>4673</CSUD>
    <NORD>21208</NORD>
    <SARD>938</SARD>
    <SICI>1871</SICI>
    <SUD>2839</SUD>
  </marketintervaldetail>
  <marketintervaldetail>
    <Data>20151015</Data>
    <Mercato>MGP</Mercato>
    <Ora>09</Ora>
    <Totale>39120</Totale>
    <CNOR>4203</CNOR>
    <CSUD>5035</CSUD>
    <NORD>23766</NORD>
    <SARD>973</SARD>
    <SICI>2010</SICI>
    <SUD>3133</SUD>
  </marketintervaldetail>
  <marketintervaldetail>
    <Data>20151015</Data>
    <Mercato>MGP</Mercato>
    <Ora>10</Ora>
    <Totale>40946</Totale>
    <CNOR>4467</CNOR>
    <CSUD>5450</CSUD>
    <NORD>24838</NORD>
    <SARD>953</SARD>
    <SICI>2096</SICI>
    <SUD>3142</SUD>
  </marketintervaldetail>
  <marketintervaldetail>
    <Data>20151015</Data>
    <Mercato>MGP</Mercato>
    <Ora>11</Ora>
    <Totale>41071</Totale>
    <CNOR>4217</CNOR>
    <CSUD>5697</CSUD>
    <NORD>25072</NORD>
    <SARD>930</SARD>
    <SICI>2114</SICI>
    <SUD>3041</SUD>
  </marketintervaldetail>
  <marketintervaldetail>
    <Data>20151015</Data>
    <Mercato>MGP</Mercato>
    <Ora>12</Ora>
    <Totale>40652</Totale>
    <CNOR>4069</CNOR>
    <CSUD>5714</CSUD>
    <NORD>24747</NORD>
    <SARD>924</SARD>
    <SICI>2074</SICI>
    <SUD>3124</SUD>
  </marketintervaldetail>
  <marketintervaldetail>
    <Data>20151015</Data>
    <Mercato>MGP</Mercato>
    <Ora>13</Ora>
    <Totale>37997</Totale>
    <CNOR>3793</CNOR>
    <CSUD>5574</CSUD>
    <NORD>22835</NORD>
    <SARD>925</SARD>
    <SICI>1968</SICI>
    <SUD>2902</SUD>
  </marketintervaldetail>
  <marketintervaldetail>
    <Data>20151015</Data>
    <Mercato>MGP</Mercato>
    <Ora>14</Ora>
    <Totale>37206</Totale>
    <CNOR>3736</CNOR>
    <CSUD>5307</CSUD>
    <NORD>22574</NORD>
    <SARD>876</SARD>
    <SICI>1888</SICI>
    <SUD>2825</SUD>
  </marketintervaldetail>
  <marketintervaldetail>
    <Data>20151015</Data>
    <Mercato>MGP</Mercato>
    <Ora>15</Ora>
    <Totale>38714</Totale>
    <CNOR>4015</CNOR>
    <CSUD>5518</CSUD>
    <NORD>23694</NORD>
    <SARD>873</SARD>
    <SICI>1831</SICI>
    <SUD>2783</SUD>
  </marketintervaldetail>
  <marketintervaldetail>
    <Data>20151015</Data>
    <Mercato>MGP</Mercato>
    <Ora>16</Ora>
    <Totale>38983</Totale>
    <CNOR>4107</CNOR>
    <CSUD>5456</CSUD>
    <NORD>23775</NORD>
    <SARD>840</SARD>
    <SICI>1850</SICI>
    <SUD>2955</SUD>
  </marketintervaldetail>
  <marketintervaldetail>
    <Data>20151015</Data>
    <Mercato>MGP</Mercato>
    <Ora>17</Ora>
    <Totale>38980</Totale>
    <CNOR>4100</CNOR>
    <CSUD>5547</CSUD>
    <NORD>23396</NORD>
    <SARD>840</SARD>
    <SICI>1993</SICI>
    <SUD>3104</SUD>
  </marketintervaldetail>
  <marketintervaldetail>
    <Data>20151015</Data>
    <Mercato>MGP</Mercato>
    <Ora>18</Ora>
    <Totale>38764</Totale>
    <CNOR>4039</CNOR>
    <CSUD>5429</CSUD>
    <NORD>23157</NORD>
    <SARD>871</SARD>
    <SICI>2018</SICI>
    <SUD>3250</SUD>
  </marketintervaldetail>
  <marketintervaldetail>
    <Data>20151015</Data>
    <Mercato>MGP</Mercato>
    <Ora>19</Ora>
    <Totale>39697</Totale>
    <CNOR>4257</CNOR>
    <CSUD>5671</CSUD>
    <NORD>23233</NORD>
    <SARD>923</SARD>
    <SICI>2131</SICI>
    <SUD>3482</SUD>
  </marketintervaldetail>
  <marketintervaldetail>
    <Data>20151015</Data>
    <Mercato>MGP</Mercato>
    <Ora>20</Ora>
    <Totale>41699</Totale>
    <CNOR>4503</CNOR>
    <CSUD>6286</CSUD>
    <NORD>23814</NORD>
    <SARD>1058</SARD>
    <SICI>2417</SICI>
    <SUD>3621</SUD>
  </marketintervaldetail>
  <marketintervaldetail>
    <Data>20151015</Data>
    <Mercato>MGP</Mercato>
    <Ora>21</Ora>
    <Totale>39783</Totale>
    <CNOR>4186</CNOR>
    <CSUD>6104</CSUD>
    <NORD>22456</NORD>
    <SARD>1103</SARD>
    <SICI>2406</SICI>
    <SUD>3528</SUD>
  </marketintervaldetail>
  <marketintervaldetail>
    <Data>20151015</Data>
    <Mercato>MGP</Mercato>
    <Ora>22</Ora>
    <Totale>36652</Totale>
    <CNOR>3788</CNOR>
    <CSUD>5645</CSUD>
    <NORD>20731</NORD>
    <SARD>1043</SARD>
    <SICI>2199</SICI>
    <SUD>3246</SUD>
  </marketintervaldetail>
  <marketintervaldetail>
    <Data>20151015</Data>
    <Mercato>MGP</Mercato>
    <Ora>23</Ora>
    <Totale>33239</Totale>
    <CNOR>3487</CNOR>
    <CSUD>5122</CSUD>
    <NORD>18717</NORD>
    <SARD>960</SARD>
    <SICI>2036</SICI>
    <SUD>2917</SUD>
  </marketintervaldetail>
  <marketintervaldetail>
    <Data>20151015</Data>
    <Mercato>MGP</Mercato>
    <Ora>24</Ora>
    <Totale>29829</Totale>
    <CNOR>3168</CNOR>
    <CSUD>4553</CSUD>
    <NORD>16949</NORD>
    <SARD>771</SARD>
    <SICI>1829</SICI>
    <SUD>2559</SUD>
  </marketintervaldetail>
</NewDataSet>