<?xml version="1.0" standalone="yes"?>
<NewDataSet>
  <xs:schema id="NewDataSet" xmlns="" xmlns:xs="http://www.w3.org/2001/XMLSchema" xmlns:msdata="urn:schemas-microsoft-com:xml-msdata">
    <xs:element name="NewDataSet" msdata:IsDataSet="true" msdata:UseCurrentLocale="true">
      <xs:complexType>
        <xs:choice minOccurs="0" maxOccurs="unbounded">
          <xs:element name="negoziazione_continua">
            <xs:complexType>
              <xs:sequence>
                <xs:element name="DataSessione" type="xs:string" minOccurs="0" />
                <xs:element name="NomeProdotto" type="xs:string" minOccurs="0" />
                <xs:element name="PrimoPrezzo" type="xs:decimal" minOccurs="0" />
                <xs:element name="UltimoPrezzo" type="xs:decimal" minOccurs="0" />
                <xs:element name="PrezzoMassimo" type="xs:decimal" minOccurs="0" />
                <xs:element name="PrezzoMinimo" type="xs:decimal" minOccurs="0" />
                <xs:element name="PrezzoMedio" type="xs:decimal" minOccurs="0" />
                <xs:element name="PrezzoControllo" type="xs:decimal" minOccurs="0" />
                <xs:element name="Volumi" type="xs:decimal" minOccurs="0" />
                <xs:element name="PosizioniAperte" type="xs:decimal" minOccurs="0" />
                <xs:element name="Abbinamenti" type="xs:int" minOccurs="0" />
              </xs:sequence>
            </xs:complexType>
          </xs:element>
        </xs:choice>
      </xs:complexType>
    </xs:element>
  </xs:schema>
  <negoziazione_continua>
    <DataSessione>20161209</DataSessione>
    <NomeProdotto>MGP-2016-12-10</NomeProdotto>
    <PrimoPrezzo>18.4000</PrimoPrezzo>
    <UltimoPrezzo>18.3500</UltimoPrezzo>
    <PrezzoMassimo>18.6000</PrezzoMassimo>
    <PrezzoMinimo>18.3000</PrezzoMinimo>
    <PrezzoMedio>18.363858</PrezzoMedio>
    <PrezzoControllo>18.4200</PrezzoControllo>
    <Volumi>18400.00000</Volumi>
    <PosizioniAperte>18280.000000</PosizioniAperte>
    <Abbinamenti>9</Abbinamenti>
  </negoziazione_continua>
  <negoziazione_continua>
    <DataSessione>20161209</DataSessione>
    <NomeProdotto>MGP-2016-12-11</NomeProdotto>
    <PrimoPrezzo>18.2000</PrimoPrezzo>
    <UltimoPrezzo>18.3500</UltimoPrezzo>
    <PrezzoMassimo>18.3500</PrezzoMassimo>
    <PrezzoMinimo>18.2000</PrezzoMinimo>
    <PrezzoMedio>18.208490</PrezzoMedio>
    <PrezzoControllo>18.2850</PrezzoControllo>
    <Volumi>2120.00000</Volumi>
    <PosizioniAperte>2120.000000</PosizioniAperte>
    <Abbinamenti>2</Abbinamenti>
  </negoziazione_continua>
  <negoziazione_continua>
    <DataSessione>20161209</DataSessione>
    <NomeProdotto>MGP-2016-12-12</NomeProdotto>
    <PrezzoControllo>18.6780</PrezzoControllo>
    <PosizioniAperte>0.000000</PosizioniAperte>
    <Abbinamenti>0</Abbinamenti>
  </negoziazione_continua>
</NewDataSet>