<?xml version="1.0" standalone="yes"?>
<NewDataSet>
  <xs:schema id="NewDataSet" xmlns="" xmlns:xs="http://www.w3.org/2001/XMLSchema" xmlns:msdata="urn:schemas-microsoft-com:xml-msdata">
    <xs:element name="NewDataSet" msdata:IsDataSet="true" msdata:UseCurrentLocale="true">
      <xs:complexType>
        <xs:choice minOccurs="0" maxOccurs="unbounded">
          <xs:element name="negoziazione_continua">
            <xs:complexType>
              <xs:sequence>
                <xs:element name="DataSessione" type="xs:string" minOccurs="0" />
                <xs:element name="NomeProdotto" type="xs:string" minOccurs="0" />
                <xs:element name="PrimoPrezzo" type="xs:decimal" minOccurs="0" />
                <xs:element name="UltimoPrezzo" type="xs:decimal" minOccurs="0" />
                <xs:element name="PrezzoMassimo" type="xs:decimal" minOccurs="0" />
                <xs:element name="PrezzoMinimo" type="xs:decimal" minOccurs="0" />
                <xs:element name="PrezzoMedio" type="xs:decimal" minOccurs="0" />
                <xs:element name="PrezzoControllo" type="xs:decimal" minOccurs="0" />
                <xs:element name="Volumi" type="xs:decimal" minOccurs="0" />
                <xs:element name="PosizioniAperte" type="xs:decimal" minOccurs="0" />
                <xs:element name="Abbinamenti" type="xs:int" minOccurs="0" />
              </xs:sequence>
            </xs:complexType>
          </xs:element>
        </xs:choice>
      </xs:complexType>
    </xs:element>
  </xs:schema>
  <negoziazione_continua>
    <DataSessione>20161202</DataSessione>
    <NomeProdotto>MGP-2016-12-03</NomeProdotto>
    <PrimoPrezzo>18.7000</PrimoPrezzo>
    <UltimoPrezzo>18.7000</UltimoPrezzo>
    <PrezzoMassimo>18.7000</PrezzoMassimo>
    <PrezzoMinimo>18.7000</PrezzoMinimo>
    <PrezzoMedio>18.700000</PrezzoMedio>
    <PrezzoControllo>18.7000</PrezzoControllo>
    <Volumi>8220.00000</Volumi>
    <PosizioniAperte>8220.000000</PosizioniAperte>
    <Abbinamenti>6</Abbinamenti>
  </negoziazione_continua>
  <negoziazione_continua>
    <DataSessione>20161202</DataSessione>
    <NomeProdotto>MGP-2016-12-04</NomeProdotto>
    <PrimoPrezzo>18.3500</PrimoPrezzo>
    <UltimoPrezzo>18.3500</UltimoPrezzo>
    <PrezzoMassimo>18.3500</PrezzoMassimo>
    <PrezzoMinimo>18.3500</PrezzoMinimo>
    <PrezzoMedio>18.350000</PrezzoMedio>
    <PrezzoControllo>18.3500</PrezzoControllo>
    <Volumi>5280.00000</Volumi>
    <PosizioniAperte>5280.000000</PosizioniAperte>
    <Abbinamenti>5</Abbinamenti>
  </negoziazione_continua>
  <negoziazione_continua>
    <DataSessione>20161202</DataSessione>
    <NomeProdotto>MGP-2016-12-05</NomeProdotto>
    <PrimoPrezzo>19.3500</PrimoPrezzo>
    <UltimoPrezzo>19.3500</UltimoPrezzo>
    <PrezzoMassimo>19.3500</PrezzoMassimo>
    <PrezzoMinimo>19.3500</PrezzoMinimo>
    <PrezzoMedio>19.350000</PrezzoMedio>
    <PrezzoControllo>19.3500</PrezzoControllo>
    <Volumi>5280.00000</Volumi>
    <PosizioniAperte>5280.000000</PosizioniAperte>
    <Abbinamenti>1</Abbinamenti>
  </negoziazione_continua>
</NewDataSet>