<?xml version="1.0" standalone="yes"?>
<NewDataSet>
  <xs:schema id="NewDataSet" xmlns="" xmlns:xs="http://www.w3.org/2001/XMLSchema" xmlns:msdata="urn:schemas-microsoft-com:xml-msdata">
    <xs:element name="NewDataSet" msdata:IsDataSet="true" msdata:MainDataTable="marketintervaldetail" msdata:UseCurrentLocale="true">
      <xs:complexType>
        <xs:choice minOccurs="0" maxOccurs="unbounded">
          <xs:element name="marketintervaldetail">
            <xs:complexType>
              <xs:sequence>
                <xs:element name="Data" type="xs:string" minOccurs="0" />
                <xs:element name="Mercato" type="xs:string" minOccurs="0" />
                <xs:element name="Ora" type="xs:string" minOccurs="0" />
                <xs:element name="Totale" type="xs:string" minOccurs="0" />
                <xs:element name="CNOR" type="xs:string" minOccurs="0" />
                <xs:element name="CSUD" type="xs:string" minOccurs="0" />
                <xs:element name="NORD" type="xs:string" minOccurs="0" />
                <xs:element name="SARD" type="xs:string" minOccurs="0" />
                <xs:element name="SICI" type="xs:string" minOccurs="0" />
                <xs:element name="SUD" type="xs:string" minOccurs="0" />
              </xs:sequence>
            </xs:complexType>
          </xs:element>
        </xs:choice>
      </xs:complexType>
    </xs:element>
  </xs:schema>
  <marketintervaldetail>
    <Data>20170710</Data>
    <Mercato>MGP</Mercato>
    <Ora>01</Ora>
    <Totale>30114</Totale>
    <CNOR>3009</CNOR>
    <CSUD>4950</CSUD>
    <NORD>16133</NORD>
    <SARD>1081</SARD>
    <SICI>2023</SICI>
    <SUD>2918</SUD>
  </marketintervaldetail>
  <marketintervaldetail>
    <Data>20170710</Data>
    <Mercato>MGP</Mercato>
    <Ora>02</Ora>
    <Totale>28023</Totale>
    <CNOR>2827</CNOR>
    <CSUD>4617</CSUD>
    <NORD>14906</NORD>
    <SARD>1008</SARD>
    <SICI>1897</SICI>
    <SUD>2768</SUD>
  </marketintervaldetail>
  <marketintervaldetail>
    <Data>20170710</Data>
    <Mercato>MGP</Mercato>
    <Ora>03</Ora>
    <Totale>26774</Totale>
    <CNOR>2742</CNOR>
    <CSUD>4347</CSUD>
    <NORD>14303</NORD>
    <SARD>975</SARD>
    <SICI>1820</SICI>
    <SUD>2587</SUD>
  </marketintervaldetail>
  <marketintervaldetail>
    <Data>20170710</Data>
    <Mercato>MGP</Mercato>
    <Ora>04</Ora>
    <Totale>26152</Totale>
    <CNOR>2675</CNOR>
    <CSUD>4170</CSUD>
    <NORD>14067</NORD>
    <SARD>961</SARD>
    <SICI>1732</SICI>
    <SUD>2547</SUD>
  </marketintervaldetail>
  <marketintervaldetail>
    <Data>20170710</Data>
    <Mercato>MGP</Mercato>
    <Ora>05</Ora>
    <Totale>26180</Totale>
    <CNOR>2704</CNOR>
    <CSUD>4106</CSUD>
    <NORD>14224</NORD>
    <SARD>952</SARD>
    <SICI>1701</SICI>
    <SUD>2493</SUD>
  </marketintervaldetail>
  <marketintervaldetail>
    <Data>20170710</Data>
    <Mercato>MGP</Mercato>
    <Ora>06</Ora>
    <Totale>27120</Totale>
    <CNOR>2795</CNOR>
    <CSUD>4169</CSUD>
    <NORD>15060</NORD>
    <SARD>964</SARD>
    <SICI>1689</SICI>
    <SUD>2443</SUD>
  </marketintervaldetail>
  <marketintervaldetail>
    <Data>20170710</Data>
    <Mercato>MGP</Mercato>
    <Ora>07</Ora>
    <Totale>30427</Totale>
    <CNOR>3121</CNOR>
    <CSUD>4381</CSUD>
    <NORD>17530</NORD>
    <SARD>987</SARD>
    <SICI>1738</SICI>
    <SUD>2670</SUD>
  </marketintervaldetail>
  <marketintervaldetail>
    <Data>20170710</Data>
    <Mercato>MGP</Mercato>
    <Ora>08</Ora>
    <Totale>36202</Totale>
    <CNOR>3842</CNOR>
    <CSUD>5285</CSUD>
    <NORD>20987</NORD>
    <SARD>1081</SARD>
    <SICI>2000</SICI>
    <SUD>3007</SUD>
  </marketintervaldetail>
  <marketintervaldetail>
    <Data>20170710</Data>
    <Mercato>MGP</Mercato>
    <Ora>09</Ora>
    <Totale>41969</Totale>
    <CNOR>4515</CNOR>
    <CSUD>6114</CSUD>
    <NORD>24440</NORD>
    <SARD>1188</SARD>
    <SICI>2264</SICI>
    <SUD>3448</SUD>
  </marketintervaldetail>
  <marketintervaldetail>
    <Data>20170710</Data>
    <Mercato>MGP</Mercato>
    <Ora>10</Ora>
    <Totale>45051</Totale>
    <CNOR>4806</CNOR>
    <CSUD>6717</CSUD>
    <NORD>26208</NORD>
    <SARD>1239</SARD>
    <SICI>2412</SICI>
    <SUD>3669</SUD>
  </marketintervaldetail>
  <marketintervaldetail>
    <Data>20170710</Data>
    <Mercato>MGP</Mercato>
    <Ora>11</Ora>
    <Totale>46520</Totale>
    <CNOR>4996</CNOR>
    <CSUD>7087</CSUD>
    <NORD>26945</NORD>
    <SARD>1253</SARD>
    <SICI>2432</SICI>
    <SUD>3807</SUD>
  </marketintervaldetail>
  <marketintervaldetail>
    <Data>20170710</Data>
    <Mercato>MGP</Mercato>
    <Ora>12</Ora>
    <Totale>47505</Totale>
    <CNOR>5131</CNOR>
    <CSUD>7281</CSUD>
    <NORD>27503</NORD>
    <SARD>1258</SARD>
    <SICI>2461</SICI>
    <SUD>3871</SUD>
  </marketintervaldetail>
  <marketintervaldetail>
    <Data>20170710</Data>
    <Mercato>MGP</Mercato>
    <Ora>13</Ora>
    <Totale>46984</Totale>
    <CNOR>5071</CNOR>
    <CSUD>7492</CSUD>
    <NORD>26535</NORD>
    <SARD>1278</SARD>
    <SICI>2502</SICI>
    <SUD>4106</SUD>
  </marketintervaldetail>
  <marketintervaldetail>
    <Data>20170710</Data>
    <Mercato>MGP</Mercato>
    <Ora>14</Ora>
    <Totale>47311</Totale>
    <CNOR>5020</CNOR>
    <CSUD>7641</CSUD>
    <NORD>26798</NORD>
    <SARD>1250</SARD>
    <SICI>2521</SICI>
    <SUD>4081</SUD>
  </marketintervaldetail>
  <marketintervaldetail>
    <Data>20170710</Data>
    <Mercato>MGP</Mercato>
    <Ora>15</Ora>
    <Totale>48988</Totale>
    <CNOR>5350</CNOR>
    <CSUD>7682</CSUD>
    <NORD>27970</NORD>
    <SARD>1192</SARD>
    <SICI>2569</SICI>
    <SUD>4225</SUD>
  </marketintervaldetail>
  <marketintervaldetail>
    <Data>20170710</Data>
    <Mercato>MGP</Mercato>
    <Ora>16</Ora>
    <Totale>49649</Totale>
    <CNOR>5689</CNOR>
    <CSUD>7853</CSUD>
    <NORD>28208</NORD>
    <SARD>1172</SARD>
    <SICI>2581</SICI>
    <SUD>4146</SUD>
  </marketintervaldetail>
  <marketintervaldetail>
    <Data>20170710</Data>
    <Mercato>MGP</Mercato>
    <Ora>17</Ora>
    <Totale>49707</Totale>
    <CNOR>5706</CNOR>
    <CSUD>7672</CSUD>
    <NORD>28088</NORD>
    <SARD>1218</SARD>
    <SICI>2650</SICI>
    <SUD>4373</SUD>
  </marketintervaldetail>
  <marketintervaldetail>
    <Data>20170710</Data>
    <Mercato>MGP</Mercato>
    <Ora>18</Ora>
    <Totale>49262</Totale>
    <CNOR>5560</CNOR>
    <CSUD>7777</CSUD>
    <NORD>27886</NORD>
    <SARD>1220</SARD>
    <SICI>2797</SICI>
    <SUD>4022</SUD>
  </marketintervaldetail>
  <marketintervaldetail>
    <Data>20170710</Data>
    <Mercato>MGP</Mercato>
    <Ora>19</Ora>
    <Totale>48062</Totale>
    <CNOR>5402</CNOR>
    <CSUD>7613</CSUD>
    <NORD>26967</NORD>
    <SARD>1266</SARD>
    <SICI>2863</SICI>
    <SUD>3951</SUD>
  </marketintervaldetail>
  <marketintervaldetail>
    <Data>20170710</Data>
    <Mercato>MGP</Mercato>
    <Ora>20</Ora>
    <Totale>47046</Totale>
    <CNOR>5231</CNOR>
    <CSUD>7447</CSUD>
    <NORD>26264</NORD>
    <SARD>1308</SARD>
    <SICI>2755</SICI>
    <SUD>4041</SUD>
  </marketintervaldetail>
  <marketintervaldetail>
    <Data>20170710</Data>
    <Mercato>MGP</Mercato>
    <Ora>21</Ora>
    <Totale>45811</Totale>
    <CNOR>4977</CNOR>
    <CSUD>7305</CSUD>
    <NORD>25218</NORD>
    <SARD>1325</SARD>
    <SICI>2759</SICI>
    <SUD>4227</SUD>
  </marketintervaldetail>
  <marketintervaldetail>
    <Data>20170710</Data>
    <Mercato>MGP</Mercato>
    <Ora>22</Ora>
    <Totale>45232</Totale>
    <CNOR>4897</CNOR>
    <CSUD>7177</CSUD>
    <NORD>24704</NORD>
    <SARD>1323</SARD>
    <SICI>2879</SICI>
    <SUD>4252</SUD>
  </marketintervaldetail>
  <marketintervaldetail>
    <Data>20170710</Data>
    <Mercato>MGP</Mercato>
    <Ora>23</Ora>
    <Totale>42725</Totale>
    <CNOR>4600</CNOR>
    <CSUD>6774</CSUD>
    <NORD>23376</NORD>
    <SARD>1269</SARD>
    <SICI>2721</SICI>
    <SUD>3985</SUD>
  </marketintervaldetail>
  <marketintervaldetail>
    <Data>20170710</Data>
    <Mercato>MGP</Mercato>
    <Ora>24</Ora>
    <Totale>39413</Totale>
    <CNOR>4286</CNOR>
    <CSUD>6300</CSUD>
    <NORD>21401</NORD>
    <SARD>1169</SARD>
    <SICI>2539</SICI>
    <SUD>3718</SUD>
  </marketintervaldetail>
</NewDataSet>