<?xml version="1.0" standalone="yes"?>
<NewDataSet>
  <xs:schema id="NewDataSet" xmlns="" xmlns:xs="http://www.w3.org/2001/XMLSchema" xmlns:msdata="urn:schemas-microsoft-com:xml-msdata">
    <xs:element name="NewDataSet" msdata:IsDataSet="true" msdata:MainDataTable="marketintervaldetail" msdata:UseCurrentLocale="true">
      <xs:complexType>
        <xs:choice minOccurs="0" maxOccurs="unbounded">
          <xs:element name="marketintervaldetail">
            <xs:complexType>
              <xs:sequence>
                <xs:element name="Data" type="xs:string" minOccurs="0" />
                <xs:element name="Mercato" type="xs:string" minOccurs="0" />
                <xs:element name="Ora" type="xs:string" minOccurs="0" />
                <xs:element name="Totale" type="xs:string" minOccurs="0" />
                <xs:element name="CNOR" type="xs:string" minOccurs="0" />
                <xs:element name="CSUD" type="xs:string" minOccurs="0" />
                <xs:element name="NORD" type="xs:string" minOccurs="0" />
                <xs:element name="SARD" type="xs:string" minOccurs="0" />
                <xs:element name="SICI" type="xs:string" minOccurs="0" />
                <xs:element name="SUD" type="xs:string" minOccurs="0" />
              </xs:sequence>
            </xs:complexType>
          </xs:element>
        </xs:choice>
      </xs:complexType>
    </xs:element>
  </xs:schema>
  <marketintervaldetail>
    <Data>20170701</Data>
    <Mercato>MGP</Mercato>
    <Ora>01</Ora>
    <Totale>32044</Totale>
    <CNOR>3275</CNOR>
    <CSUD>5398</CSUD>
    <NORD>16781</NORD>
    <SARD>1014</SARD>
    <SICI>2252</SICI>
    <SUD>3324</SUD>
  </marketintervaldetail>
  <marketintervaldetail>
    <Data>20170701</Data>
    <Mercato>MGP</Mercato>
    <Ora>02</Ora>
    <Totale>30052</Totale>
    <CNOR>3027</CNOR>
    <CSUD>5010</CSUD>
    <NORD>15799</NORD>
    <SARD>968</SARD>
    <SICI>2130</SICI>
    <SUD>3118</SUD>
  </marketintervaldetail>
  <marketintervaldetail>
    <Data>20170701</Data>
    <Mercato>MGP</Mercato>
    <Ora>03</Ora>
    <Totale>28518</Totale>
    <CNOR>2934</CNOR>
    <CSUD>4681</CSUD>
    <NORD>15004</NORD>
    <SARD>941</SARD>
    <SICI>2015</SICI>
    <SUD>2943</SUD>
  </marketintervaldetail>
  <marketintervaldetail>
    <Data>20170701</Data>
    <Mercato>MGP</Mercato>
    <Ora>04</Ora>
    <Totale>27776</Totale>
    <CNOR>2876</CNOR>
    <CSUD>4442</CSUD>
    <NORD>14716</NORD>
    <SARD>920</SARD>
    <SICI>1962</SICI>
    <SUD>2860</SUD>
  </marketintervaldetail>
  <marketintervaldetail>
    <Data>20170701</Data>
    <Mercato>MGP</Mercato>
    <Ora>05</Ora>
    <Totale>27491</Totale>
    <CNOR>2822</CNOR>
    <CSUD>4523</CSUD>
    <NORD>14476</NORD>
    <SARD>915</SARD>
    <SICI>1889</SICI>
    <SUD>2866</SUD>
  </marketintervaldetail>
  <marketintervaldetail>
    <Data>20170701</Data>
    <Mercato>MGP</Mercato>
    <Ora>06</Ora>
    <Totale>27069</Totale>
    <CNOR>2755</CNOR>
    <CSUD>4461</CSUD>
    <NORD>14361</NORD>
    <SARD>921</SARD>
    <SICI>1835</SICI>
    <SUD>2736</SUD>
  </marketintervaldetail>
  <marketintervaldetail>
    <Data>20170701</Data>
    <Mercato>MGP</Mercato>
    <Ora>07</Ora>
    <Totale>27249</Totale>
    <CNOR>2803</CNOR>
    <CSUD>4505</CSUD>
    <NORD>14468</NORD>
    <SARD>925</SARD>
    <SICI>1827</SICI>
    <SUD>2721</SUD>
  </marketintervaldetail>
  <marketintervaldetail>
    <Data>20170701</Data>
    <Mercato>MGP</Mercato>
    <Ora>08</Ora>
    <Totale>30081</Totale>
    <CNOR>3035</CNOR>
    <CSUD>4872</CSUD>
    <NORD>16120</NORD>
    <SARD>988</SARD>
    <SICI>2004</SICI>
    <SUD>3062</SUD>
  </marketintervaldetail>
  <marketintervaldetail>
    <Data>20170701</Data>
    <Mercato>MGP</Mercato>
    <Ora>09</Ora>
    <Totale>32920</Totale>
    <CNOR>3359</CNOR>
    <CSUD>5298</CSUD>
    <NORD>17634</NORD>
    <SARD>1054</SARD>
    <SICI>2239</SICI>
    <SUD>3336</SUD>
  </marketintervaldetail>
  <marketintervaldetail>
    <Data>20170701</Data>
    <Mercato>MGP</Mercato>
    <Ora>10</Ora>
    <Totale>34938</Totale>
    <CNOR>3632</CNOR>
    <CSUD>5765</CSUD>
    <NORD>18449</NORD>
    <SARD>1101</SARD>
    <SICI>2418</SICI>
    <SUD>3573</SUD>
  </marketintervaldetail>
  <marketintervaldetail>
    <Data>20170701</Data>
    <Mercato>MGP</Mercato>
    <Ora>11</Ora>
    <Totale>35399</Totale>
    <CNOR>3676</CNOR>
    <CSUD>5937</CSUD>
    <NORD>18572</NORD>
    <SARD>1140</SARD>
    <SICI>2441</SICI>
    <SUD>3633</SUD>
  </marketintervaldetail>
  <marketintervaldetail>
    <Data>20170701</Data>
    <Mercato>MGP</Mercato>
    <Ora>12</Ora>
    <Totale>35346</Totale>
    <CNOR>3691</CNOR>
    <CSUD>5961</CSUD>
    <NORD>18420</NORD>
    <SARD>1144</SARD>
    <SICI>2453</SICI>
    <SUD>3677</SUD>
  </marketintervaldetail>
  <marketintervaldetail>
    <Data>20170701</Data>
    <Mercato>MGP</Mercato>
    <Ora>13</Ora>
    <Totale>34624</Totale>
    <CNOR>3567</CNOR>
    <CSUD>6037</CSUD>
    <NORD>17780</NORD>
    <SARD>1100</SARD>
    <SICI>2449</SICI>
    <SUD>3691</SUD>
  </marketintervaldetail>
  <marketintervaldetail>
    <Data>20170701</Data>
    <Mercato>MGP</Mercato>
    <Ora>14</Ora>
    <Totale>33304</Totale>
    <CNOR>3330</CNOR>
    <CSUD>5911</CSUD>
    <NORD>16894</NORD>
    <SARD>1032</SARD>
    <SICI>2443</SICI>
    <SUD>3694</SUD>
  </marketintervaldetail>
  <marketintervaldetail>
    <Data>20170701</Data>
    <Mercato>MGP</Mercato>
    <Ora>15</Ora>
    <Totale>32935</Totale>
    <CNOR>3317</CNOR>
    <CSUD>5914</CSUD>
    <NORD>16669</NORD>
    <SARD>1022</SARD>
    <SICI>2445</SICI>
    <SUD>3568</SUD>
  </marketintervaldetail>
  <marketintervaldetail>
    <Data>20170701</Data>
    <Mercato>MGP</Mercato>
    <Ora>16</Ora>
    <Totale>33083</Totale>
    <CNOR>3368</CNOR>
    <CSUD>6203</CSUD>
    <NORD>16701</NORD>
    <SARD>1024</SARD>
    <SICI>2512</SICI>
    <SUD>3275</SUD>
  </marketintervaldetail>
  <marketintervaldetail>
    <Data>20170701</Data>
    <Mercato>MGP</Mercato>
    <Ora>17</Ora>
    <Totale>33523</Totale>
    <CNOR>3397</CNOR>
    <CSUD>6260</CSUD>
    <NORD>16926</NORD>
    <SARD>1040</SARD>
    <SICI>2559</SICI>
    <SUD>3341</SUD>
  </marketintervaldetail>
  <marketintervaldetail>
    <Data>20170701</Data>
    <Mercato>MGP</Mercato>
    <Ora>18</Ora>
    <Totale>34217</Totale>
    <CNOR>3499</CNOR>
    <CSUD>6280</CSUD>
    <NORD>16948</NORD>
    <SARD>1094</SARD>
    <SICI>2777</SICI>
    <SUD>3619</SUD>
  </marketintervaldetail>
  <marketintervaldetail>
    <Data>20170701</Data>
    <Mercato>MGP</Mercato>
    <Ora>19</Ora>
    <Totale>34971</Totale>
    <CNOR>3377</CNOR>
    <CSUD>6405</CSUD>
    <NORD>17563</NORD>
    <SARD>1144</SARD>
    <SICI>2737</SICI>
    <SUD>3745</SUD>
  </marketintervaldetail>
  <marketintervaldetail>
    <Data>20170701</Data>
    <Mercato>MGP</Mercato>
    <Ora>20</Ora>
    <Totale>36066</Totale>
    <CNOR>3439</CNOR>
    <CSUD>6540</CSUD>
    <NORD>18340</NORD>
    <SARD>1244</SARD>
    <SICI>2740</SICI>
    <SUD>3763</SUD>
  </marketintervaldetail>
  <marketintervaldetail>
    <Data>20170701</Data>
    <Mercato>MGP</Mercato>
    <Ora>21</Ora>
    <Totale>35454</Totale>
    <CNOR>3392</CNOR>
    <CSUD>6360</CSUD>
    <NORD>17831</NORD>
    <SARD>1285</SARD>
    <SICI>2782</SICI>
    <SUD>3804</SUD>
  </marketintervaldetail>
  <marketintervaldetail>
    <Data>20170701</Data>
    <Mercato>MGP</Mercato>
    <Ora>22</Ora>
    <Totale>34954</Totale>
    <CNOR>3304</CNOR>
    <CSUD>6341</CSUD>
    <NORD>17447</NORD>
    <SARD>1252</SARD>
    <SICI>2874</SICI>
    <SUD>3736</SUD>
  </marketintervaldetail>
  <marketintervaldetail>
    <Data>20170701</Data>
    <Mercato>MGP</Mercato>
    <Ora>23</Ora>
    <Totale>33599</Totale>
    <CNOR>3263</CNOR>
    <CSUD>6109</CSUD>
    <NORD>16841</NORD>
    <SARD>1193</SARD>
    <SICI>2719</SICI>
    <SUD>3474</SUD>
  </marketintervaldetail>
  <marketintervaldetail>
    <Data>20170701</Data>
    <Mercato>MGP</Mercato>
    <Ora>24</Ora>
    <Totale>31290</Totale>
    <CNOR>3098</CNOR>
    <CSUD>5686</CSUD>
    <NORD>15487</NORD>
    <SARD>1131</SARD>
    <SICI>2536</SICI>
    <SUD>3352</SUD>
  </marketintervaldetail>
</NewDataSet>