<?xml version="1.0" standalone="yes"?>
<NewDataSet>
  <xs:schema id="NewDataSet" xmlns="" xmlns:xs="http://www.w3.org/2001/XMLSchema" xmlns:msdata="urn:schemas-microsoft-com:xml-msdata">
    <xs:element name="NewDataSet" msdata:IsDataSet="true" msdata:MainDataTable="marketintervaldetail" msdata:UseCurrentLocale="true">
      <xs:complexType>
        <xs:choice minOccurs="0" maxOccurs="unbounded">
          <xs:element name="marketintervaldetail">
            <xs:complexType>
              <xs:sequence>
                <xs:element name="Data" type="xs:string" minOccurs="0" />
                <xs:element name="Mercato" type="xs:string" minOccurs="0" />
                <xs:element name="Ora" type="xs:string" minOccurs="0" />
                <xs:element name="Totale" type="xs:string" minOccurs="0" />
                <xs:element name="CNOR" type="xs:string" minOccurs="0" />
                <xs:element name="CSUD" type="xs:string" minOccurs="0" />
                <xs:element name="NORD" type="xs:string" minOccurs="0" />
                <xs:element name="SARD" type="xs:string" minOccurs="0" />
                <xs:element name="SICI" type="xs:string" minOccurs="0" />
                <xs:element name="SUD" type="xs:string" minOccurs="0" />
              </xs:sequence>
            </xs:complexType>
          </xs:element>
        </xs:choice>
      </xs:complexType>
    </xs:element>
  </xs:schema>
  <marketintervaldetail>
    <Data>20170728</Data>
    <Mercato>MGP</Mercato>
    <Ora>01</Ora>
    <Totale>31274</Totale>
    <CNOR>3192</CNOR>
    <CSUD>4978</CSUD>
    <NORD>16979</NORD>
    <SARD>1037</SARD>
    <SICI>2184</SICI>
    <SUD>2904</SUD>
  </marketintervaldetail>
  <marketintervaldetail>
    <Data>20170728</Data>
    <Mercato>MGP</Mercato>
    <Ora>02</Ora>
    <Totale>29579</Totale>
    <CNOR>3018</CNOR>
    <CSUD>4653</CSUD>
    <NORD>16279</NORD>
    <SARD>969</SARD>
    <SICI>1995</SICI>
    <SUD>2665</SUD>
  </marketintervaldetail>
  <marketintervaldetail>
    <Data>20170728</Data>
    <Mercato>MGP</Mercato>
    <Ora>03</Ora>
    <Totale>28639</Totale>
    <CNOR>2918</CNOR>
    <CSUD>4426</CSUD>
    <NORD>15830</NORD>
    <SARD>942</SARD>
    <SICI>1964</SICI>
    <SUD>2559</SUD>
  </marketintervaldetail>
  <marketintervaldetail>
    <Data>20170728</Data>
    <Mercato>MGP</Mercato>
    <Ora>04</Ora>
    <Totale>28240</Totale>
    <CNOR>2870</CNOR>
    <CSUD>4320</CSUD>
    <NORD>15677</NORD>
    <SARD>924</SARD>
    <SICI>1961</SICI>
    <SUD>2488</SUD>
  </marketintervaldetail>
  <marketintervaldetail>
    <Data>20170728</Data>
    <Mercato>MGP</Mercato>
    <Ora>05</Ora>
    <Totale>28290</Totale>
    <CNOR>2933</CNOR>
    <CSUD>4233</CSUD>
    <NORD>15792</NORD>
    <SARD>912</SARD>
    <SICI>1892</SICI>
    <SUD>2528</SUD>
  </marketintervaldetail>
  <marketintervaldetail>
    <Data>20170728</Data>
    <Mercato>MGP</Mercato>
    <Ora>06</Ora>
    <Totale>29544</Totale>
    <CNOR>3033</CNOR>
    <CSUD>4417</CSUD>
    <NORD>16657</NORD>
    <SARD>939</SARD>
    <SICI>1862</SICI>
    <SUD>2636</SUD>
  </marketintervaldetail>
  <marketintervaldetail>
    <Data>20170728</Data>
    <Mercato>MGP</Mercato>
    <Ora>07</Ora>
    <Totale>31779</Totale>
    <CNOR>3302</CNOR>
    <CSUD>4721</CSUD>
    <NORD>18313</NORD>
    <SARD>976</SARD>
    <SICI>1840</SICI>
    <SUD>2627</SUD>
  </marketintervaldetail>
  <marketintervaldetail>
    <Data>20170728</Data>
    <Mercato>MGP</Mercato>
    <Ora>08</Ora>
    <Totale>36455</Totale>
    <CNOR>3723</CNOR>
    <CSUD>5422</CSUD>
    <NORD>21128</NORD>
    <SARD>1062</SARD>
    <SICI>2122</SICI>
    <SUD>2998</SUD>
  </marketintervaldetail>
  <marketintervaldetail>
    <Data>20170728</Data>
    <Mercato>MGP</Mercato>
    <Ora>09</Ora>
    <Totale>41369</Totale>
    <CNOR>4307</CNOR>
    <CSUD>6076</CSUD>
    <NORD>24310</NORD>
    <SARD>1146</SARD>
    <SICI>2262</SICI>
    <SUD>3268</SUD>
  </marketintervaldetail>
  <marketintervaldetail>
    <Data>20170728</Data>
    <Mercato>MGP</Mercato>
    <Ora>10</Ora>
    <Totale>43970</Totale>
    <CNOR>4594</CNOR>
    <CSUD>6805</CSUD>
    <NORD>25385</NORD>
    <SARD>1169</SARD>
    <SICI>2407</SICI>
    <SUD>3610</SUD>
  </marketintervaldetail>
  <marketintervaldetail>
    <Data>20170728</Data>
    <Mercato>MGP</Mercato>
    <Ora>11</Ora>
    <Totale>44639</Totale>
    <CNOR>4620</CNOR>
    <CSUD>7203</CSUD>
    <NORD>25424</NORD>
    <SARD>1153</SARD>
    <SICI>2499</SICI>
    <SUD>3740</SUD>
  </marketintervaldetail>
  <marketintervaldetail>
    <Data>20170728</Data>
    <Mercato>MGP</Mercato>
    <Ora>12</Ora>
    <Totale>44533</Totale>
    <CNOR>4646</CNOR>
    <CSUD>7165</CSUD>
    <NORD>25500</NORD>
    <SARD>1111</SARD>
    <SICI>2450</SICI>
    <SUD>3661</SUD>
  </marketintervaldetail>
  <marketintervaldetail>
    <Data>20170728</Data>
    <Mercato>MGP</Mercato>
    <Ora>13</Ora>
    <Totale>44114</Totale>
    <CNOR>4673</CNOR>
    <CSUD>7307</CSUD>
    <NORD>24877</NORD>
    <SARD>1096</SARD>
    <SICI>2502</SICI>
    <SUD>3659</SUD>
  </marketintervaldetail>
  <marketintervaldetail>
    <Data>20170728</Data>
    <Mercato>MGP</Mercato>
    <Ora>14</Ora>
    <Totale>43603</Totale>
    <CNOR>4581</CNOR>
    <CSUD>7370</CSUD>
    <NORD>24812</NORD>
    <SARD>1060</SARD>
    <SICI>2482</SICI>
    <SUD>3298</SUD>
  </marketintervaldetail>
  <marketintervaldetail>
    <Data>20170728</Data>
    <Mercato>MGP</Mercato>
    <Ora>15</Ora>
    <Totale>44421</Totale>
    <CNOR>4801</CNOR>
    <CSUD>7173</CSUD>
    <NORD>25585</NORD>
    <SARD>1083</SARD>
    <SICI>2460</SICI>
    <SUD>3319</SUD>
  </marketintervaldetail>
  <marketintervaldetail>
    <Data>20170728</Data>
    <Mercato>MGP</Mercato>
    <Ora>16</Ora>
    <Totale>44926</Totale>
    <CNOR>4800</CNOR>
    <CSUD>7045</CSUD>
    <NORD>26017</NORD>
    <SARD>1104</SARD>
    <SICI>2519</SICI>
    <SUD>3441</SUD>
  </marketintervaldetail>
  <marketintervaldetail>
    <Data>20170728</Data>
    <Mercato>MGP</Mercato>
    <Ora>17</Ora>
    <Totale>45229</Totale>
    <CNOR>4739</CNOR>
    <CSUD>6929</CSUD>
    <NORD>26282</NORD>
    <SARD>1154</SARD>
    <SICI>2545</SICI>
    <SUD>3580</SUD>
  </marketintervaldetail>
  <marketintervaldetail>
    <Data>20170728</Data>
    <Mercato>MGP</Mercato>
    <Ora>18</Ora>
    <Totale>44324</Totale>
    <CNOR>4645</CNOR>
    <CSUD>6712</CSUD>
    <NORD>25566</NORD>
    <SARD>1203</SARD>
    <SICI>2574</SICI>
    <SUD>3624</SUD>
  </marketintervaldetail>
  <marketintervaldetail>
    <Data>20170728</Data>
    <Mercato>MGP</Mercato>
    <Ora>19</Ora>
    <Totale>42520</Totale>
    <CNOR>4268</CNOR>
    <CSUD>6280</CSUD>
    <NORD>24564</NORD>
    <SARD>1254</SARD>
    <SICI>2511</SICI>
    <SUD>3643</SUD>
  </marketintervaldetail>
  <marketintervaldetail>
    <Data>20170728</Data>
    <Mercato>MGP</Mercato>
    <Ora>20</Ora>
    <Totale>41055</Totale>
    <CNOR>4011</CNOR>
    <CSUD>6119</CSUD>
    <NORD>23507</NORD>
    <SARD>1289</SARD>
    <SICI>2525</SICI>
    <SUD>3604</SUD>
  </marketintervaldetail>
  <marketintervaldetail>
    <Data>20170728</Data>
    <Mercato>MGP</Mercato>
    <Ora>21</Ora>
    <Totale>40323</Totale>
    <CNOR>3915</CNOR>
    <CSUD>6159</CSUD>
    <NORD>22799</NORD>
    <SARD>1301</SARD>
    <SICI>2513</SICI>
    <SUD>3636</SUD>
  </marketintervaldetail>
  <marketintervaldetail>
    <Data>20170728</Data>
    <Mercato>MGP</Mercato>
    <Ora>22</Ora>
    <Totale>39695</Totale>
    <CNOR>3993</CNOR>
    <CSUD>6175</CSUD>
    <NORD>21986</NORD>
    <SARD>1288</SARD>
    <SICI>2449</SICI>
    <SUD>3804</SUD>
  </marketintervaldetail>
  <marketintervaldetail>
    <Data>20170728</Data>
    <Mercato>MGP</Mercato>
    <Ora>23</Ora>
    <Totale>37161</Totale>
    <CNOR>3867</CNOR>
    <CSUD>5811</CSUD>
    <NORD>20438</NORD>
    <SARD>1218</SARD>
    <SICI>2344</SICI>
    <SUD>3483</SUD>
  </marketintervaldetail>
  <marketintervaldetail>
    <Data>20170728</Data>
    <Mercato>MGP</Mercato>
    <Ora>24</Ora>
    <Totale>34293</Totale>
    <CNOR>3612</CNOR>
    <CSUD>5389</CSUD>
    <NORD>18757</NORD>
    <SARD>1138</SARD>
    <SICI>2177</SICI>
    <SUD>3220</SUD>
  </marketintervaldetail>
</NewDataSet>