<?xml version="1.0" standalone="yes"?>
<NewDataSet>
  <xs:schema id="NewDataSet" xmlns="" xmlns:xs="http://www.w3.org/2001/XMLSchema" xmlns:msdata="urn:schemas-microsoft-com:xml-msdata">
    <xs:element name="NewDataSet" msdata:IsDataSet="true" msdata:MainDataTable="marketintervaldetail" msdata:UseCurrentLocale="true">
      <xs:complexType>
        <xs:choice minOccurs="0" maxOccurs="unbounded">
          <xs:element name="marketintervaldetail">
            <xs:complexType>
              <xs:sequence>
                <xs:element name="Data" type="xs:string" minOccurs="0" />
                <xs:element name="Mercato" type="xs:string" minOccurs="0" />
                <xs:element name="Ora" type="xs:string" minOccurs="0" />
                <xs:element name="Totale" type="xs:string" minOccurs="0" />
                <xs:element name="CNOR" type="xs:string" minOccurs="0" />
                <xs:element name="CSUD" type="xs:string" minOccurs="0" />
                <xs:element name="NORD" type="xs:string" minOccurs="0" />
                <xs:element name="SARD" type="xs:string" minOccurs="0" />
                <xs:element name="SICI" type="xs:string" minOccurs="0" />
                <xs:element name="SUD" type="xs:string" minOccurs="0" />
              </xs:sequence>
            </xs:complexType>
          </xs:element>
        </xs:choice>
      </xs:complexType>
    </xs:element>
  </xs:schema>
  <marketintervaldetail>
    <Data>20170714</Data>
    <Mercato>MGP</Mercato>
    <Ora>01</Ora>
    <Totale>35724</Totale>
    <CNOR>3723</CNOR>
    <CSUD>5688</CSUD>
    <NORD>19486</NORD>
    <SARD>1121</SARD>
    <SICI>2389</SICI>
    <SUD>3317</SUD>
  </marketintervaldetail>
  <marketintervaldetail>
    <Data>20170714</Data>
    <Mercato>MGP</Mercato>
    <Ora>02</Ora>
    <Totale>33438</Totale>
    <CNOR>3474</CNOR>
    <CSUD>5192</CSUD>
    <NORD>18387</NORD>
    <SARD>1025</SARD>
    <SICI>2194</SICI>
    <SUD>3166</SUD>
  </marketintervaldetail>
  <marketintervaldetail>
    <Data>20170714</Data>
    <Mercato>MGP</Mercato>
    <Ora>03</Ora>
    <Totale>31767</Totale>
    <CNOR>3264</CNOR>
    <CSUD>4880</CSUD>
    <NORD>17616</NORD>
    <SARD>975</SARD>
    <SICI>2061</SICI>
    <SUD>2971</SUD>
  </marketintervaldetail>
  <marketintervaldetail>
    <Data>20170714</Data>
    <Mercato>MGP</Mercato>
    <Ora>04</Ora>
    <Totale>30972</Totale>
    <CNOR>3146</CNOR>
    <CSUD>4655</CSUD>
    <NORD>17346</NORD>
    <SARD>950</SARD>
    <SICI>1994</SICI>
    <SUD>2881</SUD>
  </marketintervaldetail>
  <marketintervaldetail>
    <Data>20170714</Data>
    <Mercato>MGP</Mercato>
    <Ora>05</Ora>
    <Totale>30687</Totale>
    <CNOR>3085</CNOR>
    <CSUD>4550</CSUD>
    <NORD>17295</NORD>
    <SARD>938</SARD>
    <SICI>1951</SICI>
    <SUD>2868</SUD>
  </marketintervaldetail>
  <marketintervaldetail>
    <Data>20170714</Data>
    <Mercato>MGP</Mercato>
    <Ora>06</Ora>
    <Totale>31132</Totale>
    <CNOR>3206</CNOR>
    <CSUD>4544</CSUD>
    <NORD>17685</NORD>
    <SARD>943</SARD>
    <SICI>1970</SICI>
    <SUD>2784</SUD>
  </marketintervaldetail>
  <marketintervaldetail>
    <Data>20170714</Data>
    <Mercato>MGP</Mercato>
    <Ora>07</Ora>
    <Totale>33213</Totale>
    <CNOR>3441</CNOR>
    <CSUD>4798</CSUD>
    <NORD>19187</NORD>
    <SARD>970</SARD>
    <SICI>1925</SICI>
    <SUD>2892</SUD>
  </marketintervaldetail>
  <marketintervaldetail>
    <Data>20170714</Data>
    <Mercato>MGP</Mercato>
    <Ora>08</Ora>
    <Totale>38181</Totale>
    <CNOR>3980</CNOR>
    <CSUD>5433</CSUD>
    <NORD>22253</NORD>
    <SARD>1059</SARD>
    <SICI>2153</SICI>
    <SUD>3303</SUD>
  </marketintervaldetail>
  <marketintervaldetail>
    <Data>20170714</Data>
    <Mercato>MGP</Mercato>
    <Ora>09</Ora>
    <Totale>43307</Totale>
    <CNOR>4571</CNOR>
    <CSUD>6181</CSUD>
    <NORD>25253</NORD>
    <SARD>1163</SARD>
    <SICI>2449</SICI>
    <SUD>3690</SUD>
  </marketintervaldetail>
  <marketintervaldetail>
    <Data>20170714</Data>
    <Mercato>MGP</Mercato>
    <Ora>10</Ora>
    <Totale>46675</Totale>
    <CNOR>4934</CNOR>
    <CSUD>6847</CSUD>
    <NORD>27011</NORD>
    <SARD>1229</SARD>
    <SICI>2659</SICI>
    <SUD>3995</SUD>
  </marketintervaldetail>
  <marketintervaldetail>
    <Data>20170714</Data>
    <Mercato>MGP</Mercato>
    <Ora>11</Ora>
    <Totale>48047</Totale>
    <CNOR>5237</CNOR>
    <CSUD>7246</CSUD>
    <NORD>27472</NORD>
    <SARD>1243</SARD>
    <SICI>2755</SICI>
    <SUD>4094</SUD>
  </marketintervaldetail>
  <marketintervaldetail>
    <Data>20170714</Data>
    <Mercato>MGP</Mercato>
    <Ora>12</Ora>
    <Totale>48554</Totale>
    <CNOR>5300</CNOR>
    <CSUD>7452</CSUD>
    <NORD>27571</NORD>
    <SARD>1248</SARD>
    <SICI>2839</SICI>
    <SUD>4144</SUD>
  </marketintervaldetail>
  <marketintervaldetail>
    <Data>20170714</Data>
    <Mercato>MGP</Mercato>
    <Ora>13</Ora>
    <Totale>47493</Totale>
    <CNOR>5145</CNOR>
    <CSUD>7542</CSUD>
    <NORD>26457</NORD>
    <SARD>1254</SARD>
    <SICI>2929</SICI>
    <SUD>4166</SUD>
  </marketintervaldetail>
  <marketintervaldetail>
    <Data>20170714</Data>
    <Mercato>MGP</Mercato>
    <Ora>14</Ora>
    <Totale>47178</Totale>
    <CNOR>5036</CNOR>
    <CSUD>7494</CSUD>
    <NORD>26385</NORD>
    <SARD>1231</SARD>
    <SICI>2917</SICI>
    <SUD>4115</SUD>
  </marketintervaldetail>
  <marketintervaldetail>
    <Data>20170714</Data>
    <Mercato>MGP</Mercato>
    <Ora>15</Ora>
    <Totale>48086</Totale>
    <CNOR>5030</CNOR>
    <CSUD>7565</CSUD>
    <NORD>27115</NORD>
    <SARD>1212</SARD>
    <SICI>2859</SICI>
    <SUD>4305</SUD>
  </marketintervaldetail>
  <marketintervaldetail>
    <Data>20170714</Data>
    <Mercato>MGP</Mercato>
    <Ora>16</Ora>
    <Totale>48508</Totale>
    <CNOR>5199</CNOR>
    <CSUD>7662</CSUD>
    <NORD>27315</NORD>
    <SARD>1207</SARD>
    <SICI>2866</SICI>
    <SUD>4259</SUD>
  </marketintervaldetail>
  <marketintervaldetail>
    <Data>20170714</Data>
    <Mercato>MGP</Mercato>
    <Ora>17</Ora>
    <Totale>48607</Totale>
    <CNOR>5360</CNOR>
    <CSUD>7637</CSUD>
    <NORD>27194</NORD>
    <SARD>1209</SARD>
    <SICI>2924</SICI>
    <SUD>4283</SUD>
  </marketintervaldetail>
  <marketintervaldetail>
    <Data>20170714</Data>
    <Mercato>MGP</Mercato>
    <Ora>18</Ora>
    <Totale>47743</Totale>
    <CNOR>5325</CNOR>
    <CSUD>7504</CSUD>
    <NORD>26275</NORD>
    <SARD>1279</SARD>
    <SICI>2958</SICI>
    <SUD>4402</SUD>
  </marketintervaldetail>
  <marketintervaldetail>
    <Data>20170714</Data>
    <Mercato>MGP</Mercato>
    <Ora>19</Ora>
    <Totale>46051</Totale>
    <CNOR>5045</CNOR>
    <CSUD>7383</CSUD>
    <NORD>25054</NORD>
    <SARD>1303</SARD>
    <SICI>2943</SICI>
    <SUD>4323</SUD>
  </marketintervaldetail>
  <marketintervaldetail>
    <Data>20170714</Data>
    <Mercato>MGP</Mercato>
    <Ora>20</Ora>
    <Totale>44964</Totale>
    <CNOR>4904</CNOR>
    <CSUD>7248</CSUD>
    <NORD>24196</NORD>
    <SARD>1338</SARD>
    <SICI>2925</SICI>
    <SUD>4353</SUD>
  </marketintervaldetail>
  <marketintervaldetail>
    <Data>20170714</Data>
    <Mercato>MGP</Mercato>
    <Ora>21</Ora>
    <Totale>43235</Totale>
    <CNOR>4574</CNOR>
    <CSUD>7073</CSUD>
    <NORD>22958</NORD>
    <SARD>1353</SARD>
    <SICI>2929</SICI>
    <SUD>4348</SUD>
  </marketintervaldetail>
  <marketintervaldetail>
    <Data>20170714</Data>
    <Mercato>MGP</Mercato>
    <Ora>22</Ora>
    <Totale>42132</Totale>
    <CNOR>4382</CNOR>
    <CSUD>6886</CSUD>
    <NORD>22090</NORD>
    <SARD>1345</SARD>
    <SICI>2943</SICI>
    <SUD>4486</SUD>
  </marketintervaldetail>
  <marketintervaldetail>
    <Data>20170714</Data>
    <Mercato>MGP</Mercato>
    <Ora>23</Ora>
    <Totale>39914</Totale>
    <CNOR>4147</CNOR>
    <CSUD>6520</CSUD>
    <NORD>21022</NORD>
    <SARD>1312</SARD>
    <SICI>2763</SICI>
    <SUD>4150</SUD>
  </marketintervaldetail>
  <marketintervaldetail>
    <Data>20170714</Data>
    <Mercato>MGP</Mercato>
    <Ora>24</Ora>
    <Totale>37274</Totale>
    <CNOR>3887</CNOR>
    <CSUD>6085</CSUD>
    <NORD>19585</NORD>
    <SARD>1216</SARD>
    <SICI>2604</SICI>
    <SUD>3897</SUD>
  </marketintervaldetail>
</NewDataSet>