<?xml version="1.0" standalone="yes"?>
<NewDataSet>
  <xs:schema id="NewDataSet" xmlns="" xmlns:xs="http://www.w3.org/2001/XMLSchema" xmlns:msdata="urn:schemas-microsoft-com:xml-msdata">
    <xs:element name="NewDataSet" msdata:IsDataSet="true" msdata:UseCurrentLocale="true">
      <xs:complexType>
        <xs:choice minOccurs="0" maxOccurs="unbounded">
          <xs:element name="Fabbisogno">
            <xs:complexType>
              <xs:sequence>
                <xs:element name="Data" type="xs:string" minOccurs="0" />
                <xs:element name="Mercato" type="xs:string" minOccurs="0" />
                <xs:element name="Ora" type="xs:string" minOccurs="0" />
                <xs:element name="Italia" type="xs:string" minOccurs="0" />
                <xs:element name="CNOR" type="xs:string" minOccurs="0" />
                <xs:element name="CSUD" type="xs:string" minOccurs="0" />
                <xs:element name="NORD" type="xs:string" minOccurs="0" />
                <xs:element name="SARD" type="xs:string" minOccurs="0" />
                <xs:element name="SICI" type="xs:string" minOccurs="0" />
                <xs:element name="SUD" type="xs:string" minOccurs="0" />
              </xs:sequence>
            </xs:complexType>
          </xs:element>
        </xs:choice>
      </xs:complexType>
    </xs:element>
  </xs:schema>
  <Fabbisogno>
    <Data>20151129</Data>
    <Mercato>MGP</Mercato>
    <Ora>1</Ora>
    <Italia>25393,718</Italia>
    <CNOR>2486,321</CNOR>
    <CSUD>4169,635</CSUD>
    <NORD>13342,085</NORD>
    <SARD>861,159</SARD>
    <SICI>1719,134</SICI>
    <SUD>2815,384</SUD>
  </Fabbisogno>
  <Fabbisogno>
    <Data>20151129</Data>
    <Mercato>MGP</Mercato>
    <Ora>2</Ora>
    <Italia>24173,645</Italia>
    <CNOR>2351,831</CNOR>
    <CSUD>3871,244</CSUD>
    <NORD>12867,087</NORD>
    <SARD>825,399</SARD>
    <SICI>1598,021</SICI>
    <SUD>2660,063</SUD>
  </Fabbisogno>
  <Fabbisogno>
    <Data>20151129</Data>
    <Mercato>MGP</Mercato>
    <Ora>3</Ora>
    <Italia>23232,327</Italia>
    <CNOR>2255,561</CNOR>
    <CSUD>3672,096</CSUD>
    <NORD>12412,152</NORD>
    <SARD>795,308</SARD>
    <SICI>1513,126</SICI>
    <SUD>2584,084</SUD>
  </Fabbisogno>
  <Fabbisogno>
    <Data>20151129</Data>
    <Mercato>MGP</Mercato>
    <Ora>4</Ora>
    <Italia>22418,678</Italia>
    <CNOR>2169,817</CNOR>
    <CSUD>3481,63</CSUD>
    <NORD>12037,842</NORD>
    <SARD>777,708</SARD>
    <SICI>1445,531</SICI>
    <SUD>2506,15</SUD>
  </Fabbisogno>
  <Fabbisogno>
    <Data>20151129</Data>
    <Mercato>MGP</Mercato>
    <Ora>5</Ora>
    <Italia>21972,244</Italia>
    <CNOR>2161,475</CNOR>
    <CSUD>3432,499</CSUD>
    <NORD>11683,725</NORD>
    <SARD>771,656</SARD>
    <SICI>1439,708</SICI>
    <SUD>2483,181</SUD>
  </Fabbisogno>
  <Fabbisogno>
    <Data>20151129</Data>
    <Mercato>MGP</Mercato>
    <Ora>6</Ora>
    <Italia>22675,37</Italia>
    <CNOR>2283,257</CNOR>
    <CSUD>3619,115</CSUD>
    <NORD>11917,749</NORD>
    <SARD>802,818</SARD>
    <SICI>1465,927</SICI>
    <SUD>2586,504</SUD>
  </Fabbisogno>
  <Fabbisogno>
    <Data>20151129</Data>
    <Mercato>MGP</Mercato>
    <Ora>7</Ora>
    <Italia>23735,814</Italia>
    <CNOR>2210,456</CNOR>
    <CSUD>3656,38</CSUD>
    <NORD>12859,82</NORD>
    <SARD>799,158</SARD>
    <SICI>1495,723</SICI>
    <SUD>2714,277</SUD>
  </Fabbisogno>
  <Fabbisogno>
    <Data>20151129</Data>
    <Mercato>MGP</Mercato>
    <Ora>8</Ora>
    <Italia>24236,706</Italia>
    <CNOR>2099,101</CNOR>
    <CSUD>3489,217</CSUD>
    <NORD>13466,752</NORD>
    <SARD>789,99</SARD>
    <SICI>1637,497</SICI>
    <SUD>2754,149</SUD>
  </Fabbisogno>
  <Fabbisogno>
    <Data>20151129</Data>
    <Mercato>MGP</Mercato>
    <Ora>9</Ora>
    <Italia>26106</Italia>
    <CNOR>2340,588</CNOR>
    <CSUD>4106,086</CSUD>
    <NORD>13979,162</NORD>
    <SARD>869,079</SARD>
    <SICI>1832,943</SICI>
    <SUD>2978,142</SUD>
  </Fabbisogno>
  <Fabbisogno>
    <Data>20151129</Data>
    <Mercato>MGP</Mercato>
    <Ora>10</Ora>
    <Italia>27895,14</Italia>
    <CNOR>2479,072</CNOR>
    <CSUD>4468,647</CSUD>
    <NORD>14898,946</NORD>
    <SARD>916,901</SARD>
    <SICI>1967,56</SICI>
    <SUD>3164,014</SUD>
  </Fabbisogno>
  <Fabbisogno>
    <Data>20151129</Data>
    <Mercato>MGP</Mercato>
    <Ora>11</Ora>
    <Italia>28130,551</Italia>
    <CNOR>2516,838</CNOR>
    <CSUD>4559,638</CSUD>
    <NORD>15219,747</NORD>
    <SARD>902,806</SARD>
    <SICI>1908,217</SICI>
    <SUD>3023,305</SUD>
  </Fabbisogno>
  <Fabbisogno>
    <Data>20151129</Data>
    <Mercato>MGP</Mercato>
    <Ora>12</Ora>
    <Italia>28042,805</Italia>
    <CNOR>2466,449</CNOR>
    <CSUD>4435,85</CSUD>
    <NORD>15358,724</NORD>
    <SARD>886,858</SARD>
    <SICI>1843,056</SICI>
    <SUD>3051,868</SUD>
  </Fabbisogno>
  <Fabbisogno>
    <Data>20151129</Data>
    <Mercato>MGP</Mercato>
    <Ora>13</Ora>
    <Italia>27969,808</Italia>
    <CNOR>2460,377</CNOR>
    <CSUD>4496,662</CSUD>
    <NORD>15137,022</NORD>
    <SARD>892,217</SARD>
    <SICI>1834,241</SICI>
    <SUD>3149,289</SUD>
  </Fabbisogno>
  <Fabbisogno>
    <Data>20151129</Data>
    <Mercato>MGP</Mercato>
    <Ora>14</Ora>
    <Italia>26839,535</Italia>
    <CNOR>2432,411</CNOR>
    <CSUD>4489,654</CSUD>
    <NORD>14362,379</NORD>
    <SARD>860,715</SARD>
    <SICI>1723,152</SICI>
    <SUD>2971,224</SUD>
  </Fabbisogno>
  <Fabbisogno>
    <Data>20151129</Data>
    <Mercato>MGP</Mercato>
    <Ora>15</Ora>
    <Italia>26059,852</Italia>
    <CNOR>2276,52</CNOR>
    <CSUD>4133,193</CSUD>
    <NORD>14307,209</NORD>
    <SARD>823,153</SARD>
    <SICI>1704,41</SICI>
    <SUD>2815,367</SUD>
  </Fabbisogno>
  <Fabbisogno>
    <Data>20151129</Data>
    <Mercato>MGP</Mercato>
    <Ora>16</Ora>
    <Italia>26451,508</Italia>
    <CNOR>2373,205</CNOR>
    <CSUD>4237,678</CSUD>
    <NORD>14305,742</NORD>
    <SARD>838,998</SARD>
    <SICI>1855,357</SICI>
    <SUD>2840,528</SUD>
  </Fabbisogno>
  <Fabbisogno>
    <Data>20151129</Data>
    <Mercato>MGP</Mercato>
    <Ora>17</Ora>
    <Italia>28190,677</Italia>
    <CNOR>2548,193</CNOR>
    <CSUD>4571,05</CSUD>
    <NORD>15066,693</NORD>
    <SARD>869,832</SARD>
    <SICI>2030,076</SICI>
    <SUD>3104,833</SUD>
  </Fabbisogno>
  <Fabbisogno>
    <Data>20151129</Data>
    <Mercato>MGP</Mercato>
    <Ora>18</Ora>
    <Italia>32406,761</Italia>
    <CNOR>3085,107</CNOR>
    <CSUD>5620,972</CSUD>
    <NORD>16522,146</NORD>
    <SARD>1037,978</SARD>
    <SICI>2412,561</SICI>
    <SUD>3727,997</SUD>
  </Fabbisogno>
  <Fabbisogno>
    <Data>20151129</Data>
    <Mercato>MGP</Mercato>
    <Ora>19</Ora>
    <Italia>33398,009</Italia>
    <CNOR>3228,576</CNOR>
    <CSUD>5774,253</CSUD>
    <NORD>17115,939</NORD>
    <SARD>1093,187</SARD>
    <SICI>2450,382</SICI>
    <SUD>3735,672</SUD>
  </Fabbisogno>
  <Fabbisogno>
    <Data>20151129</Data>
    <Mercato>MGP</Mercato>
    <Ora>20</Ora>
    <Italia>33729,237</Italia>
    <CNOR>3349,574</CNOR>
    <CSUD>5918,381</CSUD>
    <NORD>17124,785</NORD>
    <SARD>1119,708</SARD>
    <SICI>2459,948</SICI>
    <SUD>3756,841</SUD>
  </Fabbisogno>
  <Fabbisogno>
    <Data>20151129</Data>
    <Mercato>MGP</Mercato>
    <Ora>21</Ora>
    <Italia>32790,07</Italia>
    <CNOR>3291,77</CNOR>
    <CSUD>5883,485</CSUD>
    <NORD>16261,491</NORD>
    <SARD>1144,325</SARD>
    <SICI>2388,946</SICI>
    <SUD>3820,053</SUD>
  </Fabbisogno>
  <Fabbisogno>
    <Data>20151129</Data>
    <Mercato>MGP</Mercato>
    <Ora>22</Ora>
    <Italia>31183,127</Italia>
    <CNOR>3070,845</CNOR>
    <CSUD>5523,104</CSUD>
    <NORD>15608,474</NORD>
    <SARD>1086,398</SARD>
    <SICI>2180,434</SICI>
    <SUD>3713,872</SUD>
  </Fabbisogno>
  <Fabbisogno>
    <Data>20151129</Data>
    <Mercato>MGP</Mercato>
    <Ora>23</Ora>
    <Italia>28543,866</Italia>
    <CNOR>2834,308</CNOR>
    <CSUD>5115,163</CSUD>
    <NORD>14070,138</NORD>
    <SARD>1019,901</SARD>
    <SICI>1969,569</SICI>
    <SUD>3534,787</SUD>
  </Fabbisogno>
  <Fabbisogno>
    <Data>20151129</Data>
    <Mercato>MGP</Mercato>
    <Ora>24</Ora>
    <Italia>26326,638</Italia>
    <CNOR>2612,904</CNOR>
    <CSUD>4656,254</CSUD>
    <NORD>13073,134</NORD>
    <SARD>954,723</SARD>
    <SICI>1767,264</SICI>
    <SUD>3262,359</SUD>
  </Fabbisogno>
</NewDataSet>