<?xml version="1.0" standalone="yes"?>
<NewDataSet>
  <xs:schema id="NewDataSet" xmlns="" xmlns:xs="http://www.w3.org/2001/XMLSchema" xmlns:msdata="urn:schemas-microsoft-com:xml-msdata">
    <xs:element name="NewDataSet" msdata:IsDataSet="true" msdata:UseCurrentLocale="true">
      <xs:complexType>
        <xs:choice minOccurs="0" maxOccurs="unbounded">
          <xs:element name="Fabbisogno">
            <xs:complexType>
              <xs:sequence>
                <xs:element name="Data" type="xs:string" minOccurs="0" />
                <xs:element name="Mercato" type="xs:string" minOccurs="0" />
                <xs:element name="Ora" type="xs:string" minOccurs="0" />
                <xs:element name="Italia" type="xs:string" minOccurs="0" />
                <xs:element name="CNOR" type="xs:string" minOccurs="0" />
                <xs:element name="CSUD" type="xs:string" minOccurs="0" />
                <xs:element name="NORD" type="xs:string" minOccurs="0" />
                <xs:element name="SARD" type="xs:string" minOccurs="0" />
                <xs:element name="SICI" type="xs:string" minOccurs="0" />
                <xs:element name="SUD" type="xs:string" minOccurs="0" />
              </xs:sequence>
            </xs:complexType>
          </xs:element>
        </xs:choice>
      </xs:complexType>
    </xs:element>
  </xs:schema>
  <Fabbisogno>
    <Data>20151107</Data>
    <Mercato>MGP</Mercato>
    <Ora>1</Ora>
    <Italia>25779,576</Italia>
    <CNOR>2729,312</CNOR>
    <CSUD>4140,675</CSUD>
    <NORD>13961,897</NORD>
    <SARD>814,917</SARD>
    <SICI>1382,389</SICI>
    <SUD>2750,386</SUD>
  </Fabbisogno>
  <Fabbisogno>
    <Data>20151107</Data>
    <Mercato>MGP</Mercato>
    <Ora>2</Ora>
    <Italia>24232,832</Italia>
    <CNOR>2544,079</CNOR>
    <CSUD>3841,68</CSUD>
    <NORD>13216,774</NORD>
    <SARD>764,647</SARD>
    <SICI>1267,5</SICI>
    <SUD>2598,152</SUD>
  </Fabbisogno>
  <Fabbisogno>
    <Data>20151107</Data>
    <Mercato>MGP</Mercato>
    <Ora>3</Ora>
    <Italia>23528,887</Italia>
    <CNOR>2434,198</CNOR>
    <CSUD>3624,861</CSUD>
    <NORD>13001,778</NORD>
    <SARD>736,175</SARD>
    <SICI>1203,951</SICI>
    <SUD>2527,924</SUD>
  </Fabbisogno>
  <Fabbisogno>
    <Data>20151107</Data>
    <Mercato>MGP</Mercato>
    <Ora>4</Ora>
    <Italia>23361,627</Italia>
    <CNOR>2352,932</CNOR>
    <CSUD>3492,372</CSUD>
    <NORD>13292,936</NORD>
    <SARD>710,792</SARD>
    <SICI>1172,247</SICI>
    <SUD>2340,348</SUD>
  </Fabbisogno>
  <Fabbisogno>
    <Data>20151107</Data>
    <Mercato>MGP</Mercato>
    <Ora>5</Ora>
    <Italia>23406,215</Italia>
    <CNOR>2321,092</CNOR>
    <CSUD>3478,21</CSUD>
    <NORD>13380,1</NORD>
    <SARD>709,894</SARD>
    <SICI>1173,181</SICI>
    <SUD>2343,738</SUD>
  </Fabbisogno>
  <Fabbisogno>
    <Data>20151107</Data>
    <Mercato>MGP</Mercato>
    <Ora>6</Ora>
    <Italia>23770,319</Italia>
    <CNOR>2342,429</CNOR>
    <CSUD>3595,431</CSUD>
    <NORD>13441,618</NORD>
    <SARD>729,93</SARD>
    <SICI>1230,33</SICI>
    <SUD>2430,581</SUD>
  </Fabbisogno>
  <Fabbisogno>
    <Data>20151107</Data>
    <Mercato>MGP</Mercato>
    <Ora>7</Ora>
    <Italia>25714,878</Italia>
    <CNOR>2405,792</CNOR>
    <CSUD>3880,697</CSUD>
    <NORD>14782,376</NORD>
    <SARD>741,621</SARD>
    <SICI>1302,991</SICI>
    <SUD>2601,401</SUD>
  </Fabbisogno>
  <Fabbisogno>
    <Data>20151107</Data>
    <Mercato>MGP</Mercato>
    <Ora>8</Ora>
    <Italia>27894,509</Italia>
    <CNOR>2393,005</CNOR>
    <CSUD>3895,707</CSUD>
    <NORD>16211,121</NORD>
    <SARD>761,671</SARD>
    <SICI>1460,138</SICI>
    <SUD>3172,867</SUD>
  </Fabbisogno>
  <Fabbisogno>
    <Data>20151107</Data>
    <Mercato>MGP</Mercato>
    <Ora>9</Ora>
    <Italia>29496,582</Italia>
    <CNOR>2508,841</CNOR>
    <CSUD>4256,319</CSUD>
    <NORD>17372,331</NORD>
    <SARD>815,336</SARD>
    <SICI>1593,147</SICI>
    <SUD>2950,608</SUD>
  </Fabbisogno>
  <Fabbisogno>
    <Data>20151107</Data>
    <Mercato>MGP</Mercato>
    <Ora>10</Ora>
    <Italia>30657,071</Italia>
    <CNOR>2571,337</CNOR>
    <CSUD>4455,254</CSUD>
    <NORD>17709,715</NORD>
    <SARD>886,944</SARD>
    <SICI>1649,389</SICI>
    <SUD>3384,432</SUD>
  </Fabbisogno>
  <Fabbisogno>
    <Data>20151107</Data>
    <Mercato>MGP</Mercato>
    <Ora>11</Ora>
    <Italia>29952,686</Italia>
    <CNOR>2634,977</CNOR>
    <CSUD>4442,922</CSUD>
    <NORD>17166,688</NORD>
    <SARD>855,708</SARD>
    <SICI>1620,88</SICI>
    <SUD>3231,511</SUD>
  </Fabbisogno>
  <Fabbisogno>
    <Data>20151107</Data>
    <Mercato>MGP</Mercato>
    <Ora>12</Ora>
    <Italia>29458,876</Italia>
    <CNOR>2518,329</CNOR>
    <CSUD>4347,335</CSUD>
    <NORD>16774,343</NORD>
    <SARD>852,619</SARD>
    <SICI>1584,934</SICI>
    <SUD>3381,316</SUD>
  </Fabbisogno>
  <Fabbisogno>
    <Data>20151107</Data>
    <Mercato>MGP</Mercato>
    <Ora>13</Ora>
    <Italia>28455,36</Italia>
    <CNOR>2418,475</CNOR>
    <CSUD>4373,196</CSUD>
    <NORD>15845,926</NORD>
    <SARD>830,519</SARD>
    <SICI>1586,185</SICI>
    <SUD>3401,059</SUD>
  </Fabbisogno>
  <Fabbisogno>
    <Data>20151107</Data>
    <Mercato>MGP</Mercato>
    <Ora>14</Ora>
    <Italia>27711,564</Italia>
    <CNOR>2328,204</CNOR>
    <CSUD>4236,837</CSUD>
    <NORD>15831,76</NORD>
    <SARD>796,975</SARD>
    <SICI>1554,435</SICI>
    <SUD>2963,353</SUD>
  </Fabbisogno>
  <Fabbisogno>
    <Data>20151107</Data>
    <Mercato>MGP</Mercato>
    <Ora>15</Ora>
    <Italia>27553,853</Italia>
    <CNOR>2324,447</CNOR>
    <CSUD>4191,963</CSUD>
    <NORD>15867,307</NORD>
    <SARD>745,837</SARD>
    <SICI>1556,75</SICI>
    <SUD>2867,549</SUD>
  </Fabbisogno>
  <Fabbisogno>
    <Data>20151107</Data>
    <Mercato>MGP</Mercato>
    <Ora>16</Ora>
    <Italia>28368,68</Italia>
    <CNOR>2413,712</CNOR>
    <CSUD>4320,55</CSUD>
    <NORD>16304,357</NORD>
    <SARD>759,138</SARD>
    <SICI>1589,8</SICI>
    <SUD>2981,123</SUD>
  </Fabbisogno>
  <Fabbisogno>
    <Data>20151107</Data>
    <Mercato>MGP</Mercato>
    <Ora>17</Ora>
    <Italia>29983,187</Italia>
    <CNOR>2652,625</CNOR>
    <CSUD>4744,966</CSUD>
    <NORD>16770,097</NORD>
    <SARD>805,49</SARD>
    <SICI>1762,972</SICI>
    <SUD>3247,037</SUD>
  </Fabbisogno>
  <Fabbisogno>
    <Data>20151107</Data>
    <Mercato>MGP</Mercato>
    <Ora>18</Ora>
    <Italia>34502,525</Italia>
    <CNOR>3104,009</CNOR>
    <CSUD>5544,973</CSUD>
    <NORD>18361,322</NORD>
    <SARD>998,137</SARD>
    <SICI>2079,182</SICI>
    <SUD>4414,902</SUD>
  </Fabbisogno>
  <Fabbisogno>
    <Data>20151107</Data>
    <Mercato>MGP</Mercato>
    <Ora>19</Ora>
    <Italia>35607,081</Italia>
    <CNOR>3506,629</CNOR>
    <CSUD>6064,758</CSUD>
    <NORD>18743,374</NORD>
    <SARD>1053,653</SARD>
    <SICI>2128,918</SICI>
    <SUD>4109,749</SUD>
  </Fabbisogno>
  <Fabbisogno>
    <Data>20151107</Data>
    <Mercato>MGP</Mercato>
    <Ora>20</Ora>
    <Italia>35122,379</Italia>
    <CNOR>3575,424</CNOR>
    <CSUD>6078,92</CSUD>
    <NORD>18009,135</NORD>
    <SARD>1080,749</SARD>
    <SICI>2169,531</SICI>
    <SUD>4208,62</SUD>
  </Fabbisogno>
  <Fabbisogno>
    <Data>20151107</Data>
    <Mercato>MGP</Mercato>
    <Ora>21</Ora>
    <Italia>32768,529</Italia>
    <CNOR>3343,344</CNOR>
    <CSUD>5887,592</CSUD>
    <NORD>16220,409</NORD>
    <SARD>1079,177</SARD>
    <SICI>2053,985</SICI>
    <SUD>4184,022</SUD>
  </Fabbisogno>
  <Fabbisogno>
    <Data>20151107</Data>
    <Mercato>MGP</Mercato>
    <Ora>22</Ora>
    <Italia>30270,161</Italia>
    <CNOR>3037,736</CNOR>
    <CSUD>5379,1</CSUD>
    <NORD>15104,421</NORD>
    <SARD>991,966</SARD>
    <SICI>1865,229</SICI>
    <SUD>3891,709</SUD>
  </Fabbisogno>
  <Fabbisogno>
    <Data>20151107</Data>
    <Mercato>MGP</Mercato>
    <Ora>23</Ora>
    <Italia>27967,963</Italia>
    <CNOR>2818,943</CNOR>
    <CSUD>4947,395</CSUD>
    <NORD>14000,208</NORD>
    <SARD>922,665</SARD>
    <SICI>1699,157</SICI>
    <SUD>3579,595</SUD>
  </Fabbisogno>
  <Fabbisogno>
    <Data>20151107</Data>
    <Mercato>MGP</Mercato>
    <Ora>24</Ora>
    <Italia>25541,171</Italia>
    <CNOR>2586,024</CNOR>
    <CSUD>4481,371</CSUD>
    <NORD>12737,356</NORD>
    <SARD>865,362</SARD>
    <SICI>1543,899</SICI>
    <SUD>3327,159</SUD>
  </Fabbisogno>
</NewDataSet>