<?xml version="1.0" standalone="yes"?>
<NewDataSet>
  <xs:schema id="NewDataSet" xmlns="" xmlns:xs="http://www.w3.org/2001/XMLSchema" xmlns:msdata="urn:schemas-microsoft-com:xml-msdata">
    <xs:element name="NewDataSet" msdata:IsDataSet="true" msdata:UseCurrentLocale="true">
      <xs:complexType>
        <xs:choice minOccurs="0" maxOccurs="unbounded">
          <xs:element name="Fabbisogno">
            <xs:complexType>
              <xs:sequence>
                <xs:element name="Data" type="xs:string" minOccurs="0" />
                <xs:element name="Mercato" type="xs:string" minOccurs="0" />
                <xs:element name="Ora" type="xs:string" minOccurs="0" />
                <xs:element name="Italia" type="xs:string" minOccurs="0" />
                <xs:element name="CNOR" type="xs:string" minOccurs="0" />
                <xs:element name="CSUD" type="xs:string" minOccurs="0" />
                <xs:element name="NORD" type="xs:string" minOccurs="0" />
                <xs:element name="SARD" type="xs:string" minOccurs="0" />
                <xs:element name="SICI" type="xs:string" minOccurs="0" />
                <xs:element name="SUD" type="xs:string" minOccurs="0" />
              </xs:sequence>
            </xs:complexType>
          </xs:element>
        </xs:choice>
      </xs:complexType>
    </xs:element>
  </xs:schema>
  <Fabbisogno>
    <Data>20151118</Data>
    <Mercato>MGP</Mercato>
    <Ora>1</Ora>
    <Italia>27004,947</Italia>
    <CNOR>2961,68</CNOR>
    <CSUD>4431,882</CSUD>
    <NORD>14148,94</NORD>
    <SARD>906,949</SARD>
    <SICI>1376,504</SICI>
    <SUD>3178,992</SUD>
  </Fabbisogno>
  <Fabbisogno>
    <Data>20151118</Data>
    <Mercato>MGP</Mercato>
    <Ora>2</Ora>
    <Italia>24947,338</Italia>
    <CNOR>2713,283</CNOR>
    <CSUD>4012,394</CSUD>
    <NORD>13090,382</NORD>
    <SARD>866,301</SARD>
    <SICI>1246,172</SICI>
    <SUD>3018,806</SUD>
  </Fabbisogno>
  <Fabbisogno>
    <Data>20151118</Data>
    <Mercato>MGP</Mercato>
    <Ora>3</Ora>
    <Italia>24510,85</Italia>
    <CNOR>2609,329</CNOR>
    <CSUD>3807,696</CSUD>
    <NORD>13160,046</NORD>
    <SARD>843,66</SARD>
    <SICI>1187,457</SICI>
    <SUD>2902,662</SUD>
  </Fabbisogno>
  <Fabbisogno>
    <Data>20151118</Data>
    <Mercato>MGP</Mercato>
    <Ora>4</Ora>
    <Italia>24788,818</Italia>
    <CNOR>2585,736</CNOR>
    <CSUD>3754,002</CSUD>
    <NORD>13637,259</NORD>
    <SARD>788,916</SARD>
    <SICI>1143,886</SICI>
    <SUD>2879,019</SUD>
  </Fabbisogno>
  <Fabbisogno>
    <Data>20151118</Data>
    <Mercato>MGP</Mercato>
    <Ora>5</Ora>
    <Italia>24725,502</Italia>
    <CNOR>2586,341</CNOR>
    <CSUD>3742,438</CSUD>
    <NORD>13561,827</NORD>
    <SARD>790,673</SARD>
    <SICI>1171,291</SICI>
    <SUD>2872,932</SUD>
  </Fabbisogno>
  <Fabbisogno>
    <Data>20151118</Data>
    <Mercato>MGP</Mercato>
    <Ora>6</Ora>
    <Italia>26233,024</Italia>
    <CNOR>2751,732</CNOR>
    <CSUD>4091,438</CSUD>
    <NORD>14252,516</NORD>
    <SARD>872,015</SARD>
    <SICI>1260,118</SICI>
    <SUD>3005,205</SUD>
  </Fabbisogno>
  <Fabbisogno>
    <Data>20151118</Data>
    <Mercato>MGP</Mercato>
    <Ora>7</Ora>
    <Italia>31152,682</Italia>
    <CNOR>3139,089</CNOR>
    <CSUD>4616,595</CSUD>
    <NORD>17783,147</NORD>
    <SARD>943,074</SARD>
    <SICI>1400,817</SICI>
    <SUD>3269,96</SUD>
  </Fabbisogno>
  <Fabbisogno>
    <Data>20151118</Data>
    <Mercato>MGP</Mercato>
    <Ora>8</Ora>
    <Italia>35047,654</Italia>
    <CNOR>3214,239</CNOR>
    <CSUD>4739,302</CSUD>
    <NORD>21401,2</NORD>
    <SARD>979,719</SARD>
    <SICI>1671,906</SICI>
    <SUD>3041,288</SUD>
  </Fabbisogno>
  <Fabbisogno>
    <Data>20151118</Data>
    <Mercato>MGP</Mercato>
    <Ora>9</Ora>
    <Italia>39363,06</Italia>
    <CNOR>3497,623</CNOR>
    <CSUD>5172,471</CSUD>
    <NORD>24547,018</NORD>
    <SARD>1009,529</SARD>
    <SICI>1908,099</SICI>
    <SUD>3228,32</SUD>
  </Fabbisogno>
  <Fabbisogno>
    <Data>20151118</Data>
    <Mercato>MGP</Mercato>
    <Ora>10</Ora>
    <Italia>40114,652</Italia>
    <CNOR>3609,021</CNOR>
    <CSUD>5313,465</CSUD>
    <NORD>25068,679</NORD>
    <SARD>946,210999999999</SARD>
    <SICI>1910,719</SICI>
    <SUD>3266,557</SUD>
  </Fabbisogno>
  <Fabbisogno>
    <Data>20151118</Data>
    <Mercato>MGP</Mercato>
    <Ora>11</Ora>
    <Italia>39431,687</Italia>
    <CNOR>3576,142</CNOR>
    <CSUD>5253,698</CSUD>
    <NORD>24709,316</NORD>
    <SARD>912,951</SARD>
    <SICI>1704,177</SICI>
    <SUD>3275,403</SUD>
  </Fabbisogno>
  <Fabbisogno>
    <Data>20151118</Data>
    <Mercato>MGP</Mercato>
    <Ora>12</Ora>
    <Italia>39157,337</Italia>
    <CNOR>3581,165</CNOR>
    <CSUD>5235,067</CSUD>
    <NORD>24525,846</NORD>
    <SARD>892,495</SARD>
    <SICI>1649,704</SICI>
    <SUD>3273,06</SUD>
  </Fabbisogno>
  <Fabbisogno>
    <Data>20151118</Data>
    <Mercato>MGP</Mercato>
    <Ora>13</Ora>
    <Italia>37977,821</Italia>
    <CNOR>3295,339</CNOR>
    <CSUD>5170,375</CSUD>
    <NORD>23647,207</NORD>
    <SARD>875,368999999999</SARD>
    <SICI>1627,242</SICI>
    <SUD>3362,289</SUD>
  </Fabbisogno>
  <Fabbisogno>
    <Data>20151118</Data>
    <Mercato>MGP</Mercato>
    <Ora>14</Ora>
    <Italia>37278,791</Italia>
    <CNOR>3131,806</CNOR>
    <CSUD>5012,681</CSUD>
    <NORD>23564,907</NORD>
    <SARD>852,161</SARD>
    <SICI>1573,862</SICI>
    <SUD>3143,374</SUD>
  </Fabbisogno>
  <Fabbisogno>
    <Data>20151118</Data>
    <Mercato>MGP</Mercato>
    <Ora>15</Ora>
    <Italia>38069,025</Italia>
    <CNOR>3400,539</CNOR>
    <CSUD>5116,898</CSUD>
    <NORD>23929,77</NORD>
    <SARD>847,695</SARD>
    <SICI>1624,629</SICI>
    <SUD>3149,494</SUD>
  </Fabbisogno>
  <Fabbisogno>
    <Data>20151118</Data>
    <Mercato>MGP</Mercato>
    <Ora>16</Ora>
    <Italia>39471,059</Italia>
    <CNOR>3516,97</CNOR>
    <CSUD>5244,823</CSUD>
    <NORD>24813,335</NORD>
    <SARD>868,481</SARD>
    <SICI>1772,166</SICI>
    <SUD>3255,284</SUD>
  </Fabbisogno>
  <Fabbisogno>
    <Data>20151118</Data>
    <Mercato>MGP</Mercato>
    <Ora>17</Ora>
    <Italia>41077,89</Italia>
    <CNOR>3703,426</CNOR>
    <CSUD>5584,226</CSUD>
    <NORD>25396,106</NORD>
    <SARD>901,218</SARD>
    <SICI>1960,354</SICI>
    <SUD>3532,56</SUD>
  </Fabbisogno>
  <Fabbisogno>
    <Data>20151118</Data>
    <Mercato>MGP</Mercato>
    <Ora>18</Ora>
    <Italia>42799,881</Italia>
    <CNOR>4004,782</CNOR>
    <CSUD>6334,276</CSUD>
    <NORD>25169,661</NORD>
    <SARD>1022,565</SARD>
    <SICI>2318,151</SICI>
    <SUD>3950,446</SUD>
  </Fabbisogno>
  <Fabbisogno>
    <Data>20151118</Data>
    <Mercato>MGP</Mercato>
    <Ora>19</Ora>
    <Italia>42592,998</Italia>
    <CNOR>4119,186</CNOR>
    <CSUD>6611,161</CSUD>
    <NORD>24534,076</NORD>
    <SARD>1056,092</SARD>
    <SICI>2424,452</SICI>
    <SUD>3848,031</SUD>
  </Fabbisogno>
  <Fabbisogno>
    <Data>20151118</Data>
    <Mercato>MGP</Mercato>
    <Ora>20</Ora>
    <Italia>40952,309</Italia>
    <CNOR>3767,433</CNOR>
    <CSUD>6225,342</CSUD>
    <NORD>23680,622</NORD>
    <SARD>1112,31</SARD>
    <SICI>2361,034</SICI>
    <SUD>3805,568</SUD>
  </Fabbisogno>
  <Fabbisogno>
    <Data>20151118</Data>
    <Mercato>MGP</Mercato>
    <Ora>21</Ora>
    <Italia>39384,069</Italia>
    <CNOR>3782,929</CNOR>
    <CSUD>6284,52</CSUD>
    <NORD>21959,999</NORD>
    <SARD>1167,921</SARD>
    <SICI>2244,554</SICI>
    <SUD>3944,146</SUD>
  </Fabbisogno>
  <Fabbisogno>
    <Data>20151118</Data>
    <Mercato>MGP</Mercato>
    <Ora>22</Ora>
    <Italia>36784,173</Italia>
    <CNOR>3536,819</CNOR>
    <CSUD>5839,527</CSUD>
    <NORD>20606,082</NORD>
    <SARD>1089,036</SARD>
    <SICI>2016,295</SICI>
    <SUD>3696,414</SUD>
  </Fabbisogno>
  <Fabbisogno>
    <Data>20151118</Data>
    <Mercato>MGP</Mercato>
    <Ora>23</Ora>
    <Italia>32794,496</Italia>
    <CNOR>3304,992</CNOR>
    <CSUD>5306,065</CSUD>
    <NORD>17924,422</NORD>
    <SARD>1011,478</SARD>
    <SICI>1809,991</SICI>
    <SUD>3437,548</SUD>
  </Fabbisogno>
  <Fabbisogno>
    <Data>20151118</Data>
    <Mercato>MGP</Mercato>
    <Ora>24</Ora>
    <Italia>29300,57</Italia>
    <CNOR>3186,144</CNOR>
    <CSUD>4991,438</CSUD>
    <NORD>15163,402</NORD>
    <SARD>962,097</SARD>
    <SICI>1599,265</SICI>
    <SUD>3398,224</SUD>
  </Fabbisogno>
</NewDataSet>