<?xml version="1.0" standalone="yes"?>
<NewDataSet>
  <xs:schema id="NewDataSet" xmlns="" xmlns:xs="http://www.w3.org/2001/XMLSchema" xmlns:msdata="urn:schemas-microsoft-com:xml-msdata">
    <xs:element name="NewDataSet" msdata:IsDataSet="true" msdata:UseCurrentLocale="true">
      <xs:complexType>
        <xs:choice minOccurs="0" maxOccurs="unbounded">
          <xs:element name="Fabbisogno">
            <xs:complexType>
              <xs:sequence>
                <xs:element name="Data" type="xs:string" minOccurs="0" />
                <xs:element name="Mercato" type="xs:string" minOccurs="0" />
                <xs:element name="Ora" type="xs:string" minOccurs="0" />
                <xs:element name="Italia" type="xs:string" minOccurs="0" />
                <xs:element name="CNOR" type="xs:string" minOccurs="0" />
                <xs:element name="CSUD" type="xs:string" minOccurs="0" />
                <xs:element name="NORD" type="xs:string" minOccurs="0" />
                <xs:element name="SARD" type="xs:string" minOccurs="0" />
                <xs:element name="SICI" type="xs:string" minOccurs="0" />
                <xs:element name="SUD" type="xs:string" minOccurs="0" />
              </xs:sequence>
            </xs:complexType>
          </xs:element>
        </xs:choice>
      </xs:complexType>
    </xs:element>
  </xs:schema>
  <Fabbisogno>
    <Data>20151108</Data>
    <Mercato>MGP</Mercato>
    <Ora>1</Ora>
    <Italia>23229,021</Italia>
    <CNOR>2536,713</CNOR>
    <CSUD>4010,108</CSUD>
    <NORD>11451,435</NORD>
    <SARD>791,075</SARD>
    <SICI>1375,443</SICI>
    <SUD>3064,247</SUD>
  </Fabbisogno>
  <Fabbisogno>
    <Data>20151108</Data>
    <Mercato>MGP</Mercato>
    <Ora>2</Ora>
    <Italia>22059,687</Italia>
    <CNOR>2380,734</CNOR>
    <CSUD>3712,964</CSUD>
    <NORD>11046,681</NORD>
    <SARD>750,816</SARD>
    <SICI>1265,653</SICI>
    <SUD>2902,839</SUD>
  </Fabbisogno>
  <Fabbisogno>
    <Data>20151108</Data>
    <Mercato>MGP</Mercato>
    <Ora>3</Ora>
    <Italia>21599,177</Italia>
    <CNOR>2274,747</CNOR>
    <CSUD>3461,919</CSUD>
    <NORD>11164,537</NORD>
    <SARD>725,114</SARD>
    <SICI>1207,63</SICI>
    <SUD>2765,23</SUD>
  </Fabbisogno>
  <Fabbisogno>
    <Data>20151108</Data>
    <Mercato>MGP</Mercato>
    <Ora>4</Ora>
    <Italia>20856,942</Italia>
    <CNOR>2170,503</CNOR>
    <CSUD>3330,192</CSUD>
    <NORD>11070,916</NORD>
    <SARD>720,912</SARD>
    <SICI>1149,426</SICI>
    <SUD>2414,993</SUD>
  </Fabbisogno>
  <Fabbisogno>
    <Data>20151108</Data>
    <Mercato>MGP</Mercato>
    <Ora>5</Ora>
    <Italia>20865,451</Italia>
    <CNOR>2155,493</CNOR>
    <CSUD>3291,858</CSUD>
    <NORD>11152,607</NORD>
    <SARD>707,398</SARD>
    <SICI>1141,23</SICI>
    <SUD>2416,865</SUD>
  </Fabbisogno>
  <Fabbisogno>
    <Data>20151108</Data>
    <Mercato>MGP</Mercato>
    <Ora>6</Ora>
    <Italia>21193,62</Italia>
    <CNOR>2178,279</CNOR>
    <CSUD>3367,285</CSUD>
    <NORD>11292,553</NORD>
    <SARD>723,937</SARD>
    <SICI>1168,868</SICI>
    <SUD>2462,698</SUD>
  </Fabbisogno>
  <Fabbisogno>
    <Data>20151108</Data>
    <Mercato>MGP</Mercato>
    <Ora>7</Ora>
    <Italia>22006,834</Italia>
    <CNOR>2120,346</CNOR>
    <CSUD>3444,002</CSUD>
    <NORD>12076,867</NORD>
    <SARD>713,607</SARD>
    <SICI>1209,108</SICI>
    <SUD>2442,904</SUD>
  </Fabbisogno>
  <Fabbisogno>
    <Data>20151108</Data>
    <Mercato>MGP</Mercato>
    <Ora>8</Ora>
    <Italia>22535,674</Italia>
    <CNOR>1971,805</CNOR>
    <CSUD>3230,297</CSUD>
    <NORD>12466,271</NORD>
    <SARD>678,881</SARD>
    <SICI>1266,089</SICI>
    <SUD>2922,331</SUD>
  </Fabbisogno>
  <Fabbisogno>
    <Data>20151108</Data>
    <Mercato>MGP</Mercato>
    <Ora>9</Ora>
    <Italia>24158,563</Italia>
    <CNOR>2086,2</CNOR>
    <CSUD>3549,494</CSUD>
    <NORD>13292,998</NORD>
    <SARD>761,293</SARD>
    <SICI>1413,11</SICI>
    <SUD>3055,468</SUD>
  </Fabbisogno>
  <Fabbisogno>
    <Data>20151108</Data>
    <Mercato>MGP</Mercato>
    <Ora>10</Ora>
    <Italia>25235,989</Italia>
    <CNOR>2224,358</CNOR>
    <CSUD>3843,897</CSUD>
    <NORD>13570,628</NORD>
    <SARD>823,826</SARD>
    <SICI>1524,206</SICI>
    <SUD>3249,074</SUD>
  </Fabbisogno>
  <Fabbisogno>
    <Data>20151108</Data>
    <Mercato>MGP</Mercato>
    <Ora>11</Ora>
    <Italia>25512,344</Italia>
    <CNOR>2288,52</CNOR>
    <CSUD>3955,188</CSUD>
    <NORD>13708,425</NORD>
    <SARD>806,744</SARD>
    <SICI>1555,03</SICI>
    <SUD>3198,437</SUD>
  </Fabbisogno>
  <Fabbisogno>
    <Data>20151108</Data>
    <Mercato>MGP</Mercato>
    <Ora>12</Ora>
    <Italia>25708,863</Italia>
    <CNOR>2284,338</CNOR>
    <CSUD>3985,229</CSUD>
    <NORD>13767,966</NORD>
    <SARD>822,863</SARD>
    <SICI>1526,921</SICI>
    <SUD>3321,546</SUD>
  </Fabbisogno>
  <Fabbisogno>
    <Data>20151108</Data>
    <Mercato>MGP</Mercato>
    <Ora>13</Ora>
    <Italia>25457,377</Italia>
    <CNOR>2282,616</CNOR>
    <CSUD>4051,455</CSUD>
    <NORD>13418,762</NORD>
    <SARD>788,302</SARD>
    <SICI>1534,735</SICI>
    <SUD>3381,507</SUD>
  </Fabbisogno>
  <Fabbisogno>
    <Data>20151108</Data>
    <Mercato>MGP</Mercato>
    <Ora>14</Ora>
    <Italia>24222,663</Italia>
    <CNOR>2164,102</CNOR>
    <CSUD>3867,922</CSUD>
    <NORD>13187,902</NORD>
    <SARD>732,467</SARD>
    <SICI>1443,372</SICI>
    <SUD>2826,898</SUD>
  </Fabbisogno>
  <Fabbisogno>
    <Data>20151108</Data>
    <Mercato>MGP</Mercato>
    <Ora>15</Ora>
    <Italia>24107,231</Italia>
    <CNOR>2112,833</CNOR>
    <CSUD>3784,53</CSUD>
    <NORD>13387,838</NORD>
    <SARD>697,577</SARD>
    <SICI>1428,62</SICI>
    <SUD>2695,833</SUD>
  </Fabbisogno>
  <Fabbisogno>
    <Data>20151108</Data>
    <Mercato>MGP</Mercato>
    <Ora>16</Ora>
    <Italia>24908,614</Italia>
    <CNOR>2230,511</CNOR>
    <CSUD>3835,718</CSUD>
    <NORD>13912,228</NORD>
    <SARD>704,44</SARD>
    <SICI>1443,833</SICI>
    <SUD>2781,884</SUD>
  </Fabbisogno>
  <Fabbisogno>
    <Data>20151108</Data>
    <Mercato>MGP</Mercato>
    <Ora>17</Ora>
    <Italia>26514,048</Italia>
    <CNOR>2393,707</CNOR>
    <CSUD>4138,664</CSUD>
    <NORD>14592,35</NORD>
    <SARD>729,862</SARD>
    <SICI>1531,659</SICI>
    <SUD>3127,806</SUD>
  </Fabbisogno>
  <Fabbisogno>
    <Data>20151108</Data>
    <Mercato>MGP</Mercato>
    <Ora>18</Ora>
    <Italia>30603,119</Italia>
    <CNOR>2763,906</CNOR>
    <CSUD>4868,37</CSUD>
    <NORD>15813,427</NORD>
    <SARD>908,814</SARD>
    <SICI>1847,342</SICI>
    <SUD>4401,26</SUD>
  </Fabbisogno>
  <Fabbisogno>
    <Data>20151108</Data>
    <Mercato>MGP</Mercato>
    <Ora>19</Ora>
    <Italia>31923,687</Italia>
    <CNOR>3131,119</CNOR>
    <CSUD>5338,627</CSUD>
    <NORD>16505,793</NORD>
    <SARD>1004,225</SARD>
    <SICI>1907,494</SICI>
    <SUD>4036,429</SUD>
  </Fabbisogno>
  <Fabbisogno>
    <Data>20151108</Data>
    <Mercato>MGP</Mercato>
    <Ora>20</Ora>
    <Italia>32496,622</Italia>
    <CNOR>3282,171</CNOR>
    <CSUD>5523,499</CSUD>
    <NORD>16553,449</NORD>
    <SARD>1032,398</SARD>
    <SICI>1961,463</SICI>
    <SUD>4143,642</SUD>
  </Fabbisogno>
  <Fabbisogno>
    <Data>20151108</Data>
    <Mercato>MGP</Mercato>
    <Ora>21</Ora>
    <Italia>30563,666</Italia>
    <CNOR>3184,297</CNOR>
    <CSUD>5508,116</CSUD>
    <NORD>14772,142</NORD>
    <SARD>1038,758</SARD>
    <SICI>1932,72</SICI>
    <SUD>4127,633</SUD>
  </Fabbisogno>
  <Fabbisogno>
    <Data>20151108</Data>
    <Mercato>MGP</Mercato>
    <Ora>22</Ora>
    <Italia>29020,218</Italia>
    <CNOR>3000,993</CNOR>
    <CSUD>5194,322</CSUD>
    <NORD>14025,337</NORD>
    <SARD>974,509</SARD>
    <SICI>1832,962</SICI>
    <SUD>3992,095</SUD>
  </Fabbisogno>
  <Fabbisogno>
    <Data>20151108</Data>
    <Mercato>MGP</Mercato>
    <Ora>23</Ora>
    <Italia>26879,365</Italia>
    <CNOR>2783,056</CNOR>
    <CSUD>4799,814</CSUD>
    <NORD>12970,284</NORD>
    <SARD>899,661</SARD>
    <SICI>1680,532</SICI>
    <SUD>3746,018</SUD>
  </Fabbisogno>
  <Fabbisogno>
    <Data>20151108</Data>
    <Mercato>MGP</Mercato>
    <Ora>24</Ora>
    <Italia>24510,324</Italia>
    <CNOR>2511,485</CNOR>
    <CSUD>4320,82</CSUD>
    <NORD>11829,197</NORD>
    <SARD>830,597</SARD>
    <SICI>1535,491</SICI>
    <SUD>3482,734</SUD>
  </Fabbisogno>
</NewDataSet>