<?xml version="1.0" standalone="yes"?>
<NewDataSet>
  <xs:schema id="NewDataSet" xmlns="" xmlns:xs="http://www.w3.org/2001/XMLSchema" xmlns:msdata="urn:schemas-microsoft-com:xml-msdata">
    <xs:element name="NewDataSet" msdata:IsDataSet="true" msdata:UseCurrentLocale="true">
      <xs:complexType>
        <xs:choice minOccurs="0" maxOccurs="unbounded">
          <xs:element name="Fabbisogno">
            <xs:complexType>
              <xs:sequence>
                <xs:element name="Data" type="xs:string" minOccurs="0" />
                <xs:element name="Mercato" type="xs:string" minOccurs="0" />
                <xs:element name="Ora" type="xs:string" minOccurs="0" />
                <xs:element name="Italia" type="xs:string" minOccurs="0" />
                <xs:element name="CNOR" type="xs:string" minOccurs="0" />
                <xs:element name="CSUD" type="xs:string" minOccurs="0" />
                <xs:element name="NORD" type="xs:string" minOccurs="0" />
                <xs:element name="SARD" type="xs:string" minOccurs="0" />
                <xs:element name="SICI" type="xs:string" minOccurs="0" />
                <xs:element name="SUD" type="xs:string" minOccurs="0" />
              </xs:sequence>
            </xs:complexType>
          </xs:element>
        </xs:choice>
      </xs:complexType>
    </xs:element>
  </xs:schema>
  <Fabbisogno>
    <Data>20151122</Data>
    <Mercato>MGP</Mercato>
    <Ora>1</Ora>
    <Italia>25016,65</Italia>
    <CNOR>2375,417</CNOR>
    <CSUD>4241,511</CSUD>
    <NORD>12561,731</NORD>
    <SARD>851,616</SARD>
    <SICI>1613,06</SICI>
    <SUD>3373,315</SUD>
  </Fabbisogno>
  <Fabbisogno>
    <Data>20151122</Data>
    <Mercato>MGP</Mercato>
    <Ora>2</Ora>
    <Italia>23438,861</Italia>
    <CNOR>2173,01</CNOR>
    <CSUD>3892,124</CSUD>
    <NORD>11886,686</NORD>
    <SARD>798,89</SARD>
    <SICI>1496,679</SICI>
    <SUD>3191,472</SUD>
  </Fabbisogno>
  <Fabbisogno>
    <Data>20151122</Data>
    <Mercato>MGP</Mercato>
    <Ora>3</Ora>
    <Italia>22552,49</Italia>
    <CNOR>2065,825</CNOR>
    <CSUD>3667,996</CSUD>
    <NORD>11571,851</NORD>
    <SARD>776,073</SARD>
    <SICI>1380,911</SICI>
    <SUD>3089,834</SUD>
  </Fabbisogno>
  <Fabbisogno>
    <Data>20151122</Data>
    <Mercato>MGP</Mercato>
    <Ora>4</Ora>
    <Italia>22432,234</Italia>
    <CNOR>1998,774</CNOR>
    <CSUD>3405,834</CSUD>
    <NORD>12122,497</NORD>
    <SARD>745,255</SARD>
    <SICI>1269,25</SICI>
    <SUD>2890,624</SUD>
  </Fabbisogno>
  <Fabbisogno>
    <Data>20151122</Data>
    <Mercato>MGP</Mercato>
    <Ora>5</Ora>
    <Italia>22243,71</Italia>
    <CNOR>1998,022</CNOR>
    <CSUD>3480,113</CSUD>
    <NORD>11729,593</NORD>
    <SARD>761,964</SARD>
    <SICI>1256,057</SICI>
    <SUD>3017,961</SUD>
  </Fabbisogno>
  <Fabbisogno>
    <Data>20151122</Data>
    <Mercato>MGP</Mercato>
    <Ora>6</Ora>
    <Italia>22637,922</Italia>
    <CNOR>2006,172</CNOR>
    <CSUD>3508,5</CSUD>
    <NORD>12075,888</NORD>
    <SARD>749,703</SARD>
    <SICI>1277,842</SICI>
    <SUD>3019,817</SUD>
  </Fabbisogno>
  <Fabbisogno>
    <Data>20151122</Data>
    <Mercato>MGP</Mercato>
    <Ora>7</Ora>
    <Italia>23560,108</Italia>
    <CNOR>2046,123</CNOR>
    <CSUD>3670,699</CSUD>
    <NORD>12601,764</NORD>
    <SARD>798,542</SARD>
    <SICI>1327,902</SICI>
    <SUD>3115,078</SUD>
  </Fabbisogno>
  <Fabbisogno>
    <Data>20151122</Data>
    <Mercato>MGP</Mercato>
    <Ora>8</Ora>
    <Italia>24172,81</Italia>
    <CNOR>2071,3</CNOR>
    <CSUD>3415,359</CSUD>
    <NORD>13535,752</NORD>
    <SARD>797,213</SARD>
    <SICI>1428,78</SICI>
    <SUD>2924,406</SUD>
  </Fabbisogno>
  <Fabbisogno>
    <Data>20151122</Data>
    <Mercato>MGP</Mercato>
    <Ora>9</Ora>
    <Italia>25842,691</Italia>
    <CNOR>2254,791</CNOR>
    <CSUD>3776,293</CSUD>
    <NORD>14176,024</NORD>
    <SARD>846,139</SARD>
    <SICI>1609,991</SICI>
    <SUD>3179,453</SUD>
  </Fabbisogno>
  <Fabbisogno>
    <Data>20151122</Data>
    <Mercato>MGP</Mercato>
    <Ora>10</Ora>
    <Italia>27722,405</Italia>
    <CNOR>2345,888</CNOR>
    <CSUD>4106,303</CSUD>
    <NORD>15293,574</NORD>
    <SARD>859,045</SARD>
    <SICI>1723,043</SICI>
    <SUD>3394,552</SUD>
  </Fabbisogno>
  <Fabbisogno>
    <Data>20151122</Data>
    <Mercato>MGP</Mercato>
    <Ora>11</Ora>
    <Italia>28471,81</Italia>
    <CNOR>2428,098</CNOR>
    <CSUD>4310,053</CSUD>
    <NORD>15641,988</NORD>
    <SARD>880,447</SARD>
    <SICI>1770,262</SICI>
    <SUD>3440,962</SUD>
  </Fabbisogno>
  <Fabbisogno>
    <Data>20151122</Data>
    <Mercato>MGP</Mercato>
    <Ora>12</Ora>
    <Italia>28707,597</Italia>
    <CNOR>2442,253</CNOR>
    <CSUD>4396,313</CSUD>
    <NORD>15761,334</NORD>
    <SARD>873,472</SARD>
    <SICI>1753,004</SICI>
    <SUD>3481,221</SUD>
  </Fabbisogno>
  <Fabbisogno>
    <Data>20151122</Data>
    <Mercato>MGP</Mercato>
    <Ora>13</Ora>
    <Italia>28324,371</Italia>
    <CNOR>2420,763</CNOR>
    <CSUD>4457,534</CSUD>
    <NORD>15316,147</NORD>
    <SARD>880,677</SARD>
    <SICI>1730,75</SICI>
    <SUD>3518,5</SUD>
  </Fabbisogno>
  <Fabbisogno>
    <Data>20151122</Data>
    <Mercato>MGP</Mercato>
    <Ora>14</Ora>
    <Italia>27028,781</Italia>
    <CNOR>2298,652</CNOR>
    <CSUD>4277,074</CSUD>
    <NORD>14647,065</NORD>
    <SARD>840,807</SARD>
    <SICI>1623,416</SICI>
    <SUD>3341,767</SUD>
  </Fabbisogno>
  <Fabbisogno>
    <Data>20151122</Data>
    <Mercato>MGP</Mercato>
    <Ora>15</Ora>
    <Italia>26780,973</Italia>
    <CNOR>2249,056</CNOR>
    <CSUD>4130,001</CSUD>
    <NORD>14825,966</NORD>
    <SARD>813,07</SARD>
    <SICI>1568,313</SICI>
    <SUD>3194,567</SUD>
  </Fabbisogno>
  <Fabbisogno>
    <Data>20151122</Data>
    <Mercato>MGP</Mercato>
    <Ora>16</Ora>
    <Italia>27089,976</Italia>
    <CNOR>2379,928</CNOR>
    <CSUD>4221,742</CSUD>
    <NORD>14800,503</NORD>
    <SARD>812,268</SARD>
    <SICI>1621,968</SICI>
    <SUD>3253,567</SUD>
  </Fabbisogno>
  <Fabbisogno>
    <Data>20151122</Data>
    <Mercato>MGP</Mercato>
    <Ora>17</Ora>
    <Italia>28477,969</Italia>
    <CNOR>2547,243</CNOR>
    <CSUD>4528,658</CSUD>
    <NORD>15277,271</NORD>
    <SARD>838,4</SARD>
    <SICI>1765,634</SICI>
    <SUD>3520,763</SUD>
  </Fabbisogno>
  <Fabbisogno>
    <Data>20151122</Data>
    <Mercato>MGP</Mercato>
    <Ora>18</Ora>
    <Italia>33492,761</Italia>
    <CNOR>2965,118</CNOR>
    <CSUD>5698,93</CSUD>
    <NORD>17136,13</NORD>
    <SARD>1054,325</SARD>
    <SICI>2162,769</SICI>
    <SUD>4475,489</SUD>
  </Fabbisogno>
  <Fabbisogno>
    <Data>20151122</Data>
    <Mercato>MGP</Mercato>
    <Ora>19</Ora>
    <Italia>34321,965</Italia>
    <CNOR>3105,36</CNOR>
    <CSUD>5823,071</CSUD>
    <NORD>17612,665</NORD>
    <SARD>1108,392</SARD>
    <SICI>2171,704</SICI>
    <SUD>4500,773</SUD>
  </Fabbisogno>
  <Fabbisogno>
    <Data>20151122</Data>
    <Mercato>MGP</Mercato>
    <Ora>20</Ora>
    <Italia>34018,993</Italia>
    <CNOR>3241,581</CNOR>
    <CSUD>5620,2</CSUD>
    <NORD>17710,967</NORD>
    <SARD>1079,494</SARD>
    <SICI>2091,577</SICI>
    <SUD>4275,174</SUD>
  </Fabbisogno>
  <Fabbisogno>
    <Data>20151122</Data>
    <Mercato>MGP</Mercato>
    <Ora>21</Ora>
    <Italia>32757,936</Italia>
    <CNOR>3103,633</CNOR>
    <CSUD>5892,471</CSUD>
    <NORD>15780,265</NORD>
    <SARD>1116,538</SARD>
    <SICI>2181,895</SICI>
    <SUD>4683,134</SUD>
  </Fabbisogno>
  <Fabbisogno>
    <Data>20151122</Data>
    <Mercato>MGP</Mercato>
    <Ora>22</Ora>
    <Italia>30800,111</Italia>
    <CNOR>2936,052</CNOR>
    <CSUD>5201,697</CSUD>
    <NORD>15652,785</NORD>
    <SARD>1015,732</SARD>
    <SICI>1921,535</SICI>
    <SUD>4072,31</SUD>
  </Fabbisogno>
  <Fabbisogno>
    <Data>20151122</Data>
    <Mercato>MGP</Mercato>
    <Ora>23</Ora>
    <Italia>28269,791</Italia>
    <CNOR>2729,817</CNOR>
    <CSUD>4797,259</CSUD>
    <NORD>14209,079</NORD>
    <SARD>964,126</SARD>
    <SICI>1743,876</SICI>
    <SUD>3825,634</SUD>
  </Fabbisogno>
  <Fabbisogno>
    <Data>20151122</Data>
    <Mercato>MGP</Mercato>
    <Ora>24</Ora>
    <Italia>25713,175</Italia>
    <CNOR>2454,85</CNOR>
    <CSUD>4661,022</CSUD>
    <NORD>12089,079</NORD>
    <SARD>924,479</SARD>
    <SICI>1671,4</SICI>
    <SUD>3912,345</SUD>
  </Fabbisogno>
</NewDataSet>