<?xml version="1.0" standalone="yes"?>
<NewDataSet>
  <xs:schema id="NewDataSet" xmlns="" xmlns:xs="http://www.w3.org/2001/XMLSchema" xmlns:msdata="urn:schemas-microsoft-com:xml-msdata">
    <xs:element name="NewDataSet" msdata:IsDataSet="true" msdata:UseCurrentLocale="true">
      <xs:complexType>
        <xs:choice minOccurs="0" maxOccurs="unbounded">
          <xs:element name="Fabbisogno">
            <xs:complexType>
              <xs:sequence>
                <xs:element name="Data" type="xs:string" minOccurs="0" />
                <xs:element name="Mercato" type="xs:string" minOccurs="0" />
                <xs:element name="Ora" type="xs:string" minOccurs="0" />
                <xs:element name="Italia" type="xs:string" minOccurs="0" />
                <xs:element name="CNOR" type="xs:string" minOccurs="0" />
                <xs:element name="CSUD" type="xs:string" minOccurs="0" />
                <xs:element name="NORD" type="xs:string" minOccurs="0" />
                <xs:element name="SARD" type="xs:string" minOccurs="0" />
                <xs:element name="SICI" type="xs:string" minOccurs="0" />
                <xs:element name="SUD" type="xs:string" minOccurs="0" />
              </xs:sequence>
            </xs:complexType>
          </xs:element>
        </xs:choice>
      </xs:complexType>
    </xs:element>
  </xs:schema>
  <Fabbisogno>
    <Data>20151126</Data>
    <Mercato>MGP</Mercato>
    <Ora>1</Ora>
    <Italia>27870,484</Italia>
    <CNOR>2759,203</CNOR>
    <CSUD>4238,96</CSUD>
    <NORD>15407,958</NORD>
    <SARD>868,366</SARD>
    <SICI>1585,502</SICI>
    <SUD>3010,495</SUD>
  </Fabbisogno>
  <Fabbisogno>
    <Data>20151126</Data>
    <Mercato>MGP</Mercato>
    <Ora>2</Ora>
    <Italia>26137,318</Italia>
    <CNOR>2632,833</CNOR>
    <CSUD>3998,472</CSUD>
    <NORD>14282,195</NORD>
    <SARD>828,458</SARD>
    <SICI>1448,411</SICI>
    <SUD>2946,949</SUD>
  </Fabbisogno>
  <Fabbisogno>
    <Data>20151126</Data>
    <Mercato>MGP</Mercato>
    <Ora>3</Ora>
    <Italia>26162,839</Italia>
    <CNOR>2535,415</CNOR>
    <CSUD>3830,39</CSUD>
    <NORD>14736,308</NORD>
    <SARD>805,417</SARD>
    <SICI>1412,543</SICI>
    <SUD>2842,766</SUD>
  </Fabbisogno>
  <Fabbisogno>
    <Data>20151126</Data>
    <Mercato>MGP</Mercato>
    <Ora>4</Ora>
    <Italia>25667,699</Italia>
    <CNOR>2469,475</CNOR>
    <CSUD>3636,204</CSUD>
    <NORD>14605,321</NORD>
    <SARD>792,072</SARD>
    <SICI>1411,753</SICI>
    <SUD>2752,874</SUD>
  </Fabbisogno>
  <Fabbisogno>
    <Data>20151126</Data>
    <Mercato>MGP</Mercato>
    <Ora>5</Ora>
    <Italia>25057,423</Italia>
    <CNOR>2560,629</CNOR>
    <CSUD>3744,283</CSUD>
    <NORD>13699,155</NORD>
    <SARD>810,466</SARD>
    <SICI>1418,204</SICI>
    <SUD>2824,686</SUD>
  </Fabbisogno>
  <Fabbisogno>
    <Data>20151126</Data>
    <Mercato>MGP</Mercato>
    <Ora>6</Ora>
    <Italia>26502,522</Italia>
    <CNOR>2717,98</CNOR>
    <CSUD>3984,144</CSUD>
    <NORD>14529,675</NORD>
    <SARD>840,813</SARD>
    <SICI>1488,314</SICI>
    <SUD>2941,596</SUD>
  </Fabbisogno>
  <Fabbisogno>
    <Data>20151126</Data>
    <Mercato>MGP</Mercato>
    <Ora>7</Ora>
    <Italia>31678,814</Italia>
    <CNOR>2947,973</CNOR>
    <CSUD>4512,98</CSUD>
    <NORD>18648,311</NORD>
    <SARD>872,457</SARD>
    <SICI>1654,758</SICI>
    <SUD>3042,335</SUD>
  </Fabbisogno>
  <Fabbisogno>
    <Data>20151126</Data>
    <Mercato>MGP</Mercato>
    <Ora>8</Ora>
    <Italia>36284,049</Italia>
    <CNOR>3172,233</CNOR>
    <CSUD>4734,871</CSUD>
    <NORD>22250,36</NORD>
    <SARD>961,229</SARD>
    <SICI>2017,04</SICI>
    <SUD>3148,316</SUD>
  </Fabbisogno>
  <Fabbisogno>
    <Data>20151126</Data>
    <Mercato>MGP</Mercato>
    <Ora>9</Ora>
    <Italia>41305,311</Italia>
    <CNOR>3799,488</CNOR>
    <CSUD>5679,53</CSUD>
    <NORD>24660,148</NORD>
    <SARD>1073,592</SARD>
    <SICI>2554,692</SICI>
    <SUD>3537,861</SUD>
  </Fabbisogno>
  <Fabbisogno>
    <Data>20151126</Data>
    <Mercato>MGP</Mercato>
    <Ora>10</Ora>
    <Italia>42385,998</Italia>
    <CNOR>3899,779</CNOR>
    <CSUD>5858,24</CSUD>
    <NORD>25402,748</NORD>
    <SARD>1044,733</SARD>
    <SICI>2588,262</SICI>
    <SUD>3592,236</SUD>
  </Fabbisogno>
  <Fabbisogno>
    <Data>20151126</Data>
    <Mercato>MGP</Mercato>
    <Ora>11</Ora>
    <Italia>42082,731</Italia>
    <CNOR>3987,52</CNOR>
    <CSUD>5910,709</CSUD>
    <NORD>25330,297</NORD>
    <SARD>1010,334</SARD>
    <SICI>2152,138</SICI>
    <SUD>3691,733</SUD>
  </Fabbisogno>
  <Fabbisogno>
    <Data>20151126</Data>
    <Mercato>MGP</Mercato>
    <Ora>12</Ora>
    <Italia>41221,195</Italia>
    <CNOR>3800,336</CNOR>
    <CSUD>5527,475</CSUD>
    <NORD>25151,206</NORD>
    <SARD>964,979</SARD>
    <SICI>2014,891</SICI>
    <SUD>3762,308</SUD>
  </Fabbisogno>
  <Fabbisogno>
    <Data>20151126</Data>
    <Mercato>MGP</Mercato>
    <Ora>13</Ora>
    <Italia>38872,969</Italia>
    <CNOR>3468,518</CNOR>
    <CSUD>5482,868</CSUD>
    <NORD>23284,415</NORD>
    <SARD>965,072</SARD>
    <SICI>1986,177</SICI>
    <SUD>3685,919</SUD>
  </Fabbisogno>
  <Fabbisogno>
    <Data>20151126</Data>
    <Mercato>MGP</Mercato>
    <Ora>14</Ora>
    <Italia>38665,642</Italia>
    <CNOR>3326,554</CNOR>
    <CSUD>5318,204</CSUD>
    <NORD>23462,526</NORD>
    <SARD>941,917</SARD>
    <SICI>1952,381</SICI>
    <SUD>3664,06</SUD>
  </Fabbisogno>
  <Fabbisogno>
    <Data>20151126</Data>
    <Mercato>MGP</Mercato>
    <Ora>15</Ora>
    <Italia>40298,274</Italia>
    <CNOR>3555,132</CNOR>
    <CSUD>5409,405</CSUD>
    <NORD>24771,625</NORD>
    <SARD>937,508</SARD>
    <SICI>2051,03</SICI>
    <SUD>3573,574</SUD>
  </Fabbisogno>
  <Fabbisogno>
    <Data>20151126</Data>
    <Mercato>MGP</Mercato>
    <Ora>16</Ora>
    <Italia>41243,09</Italia>
    <CNOR>3762,335</CNOR>
    <CSUD>5548,968</CSUD>
    <NORD>25098,702</NORD>
    <SARD>960,907</SARD>
    <SICI>2127,621</SICI>
    <SUD>3744,557</SUD>
  </Fabbisogno>
  <Fabbisogno>
    <Data>20151126</Data>
    <Mercato>MGP</Mercato>
    <Ora>17</Ora>
    <Italia>42718,911</Italia>
    <CNOR>3904,889</CNOR>
    <CSUD>5878,769</CSUD>
    <NORD>25520,213</NORD>
    <SARD>1023,227</SARD>
    <SICI>2358,026</SICI>
    <SUD>4033,787</SUD>
  </Fabbisogno>
  <Fabbisogno>
    <Data>20151126</Data>
    <Mercato>MGP</Mercato>
    <Ora>18</Ora>
    <Italia>45569,855</Italia>
    <CNOR>4402,726</CNOR>
    <CSUD>7014,263</CSUD>
    <NORD>25661,629</NORD>
    <SARD>1167,667</SARD>
    <SICI>3015,625</SICI>
    <SUD>4307,945</SUD>
  </Fabbisogno>
  <Fabbisogno>
    <Data>20151126</Data>
    <Mercato>MGP</Mercato>
    <Ora>19</Ora>
    <Italia>44170,483</Italia>
    <CNOR>4220,5</CNOR>
    <CSUD>6878,444</CSUD>
    <NORD>24601,47</NORD>
    <SARD>1181,524</SARD>
    <SICI>3085,519</SICI>
    <SUD>4203,026</SUD>
  </Fabbisogno>
  <Fabbisogno>
    <Data>20151126</Data>
    <Mercato>MGP</Mercato>
    <Ora>20</Ora>
    <Italia>43205,299</Italia>
    <CNOR>4128,066</CNOR>
    <CSUD>6973,336</CSUD>
    <NORD>23702,051</NORD>
    <SARD>1181,504</SARD>
    <SICI>3044,487</SICI>
    <SUD>4175,855</SUD>
  </Fabbisogno>
  <Fabbisogno>
    <Data>20151126</Data>
    <Mercato>MGP</Mercato>
    <Ora>21</Ora>
    <Italia>40803,656</Italia>
    <CNOR>3991,093</CNOR>
    <CSUD>6692,209</CSUD>
    <NORD>22021,68</NORD>
    <SARD>1171,742</SARD>
    <SICI>2842,484</SICI>
    <SUD>4084,448</SUD>
  </Fabbisogno>
  <Fabbisogno>
    <Data>20151126</Data>
    <Mercato>MGP</Mercato>
    <Ora>22</Ora>
    <Italia>37781,924</Italia>
    <CNOR>3641,419</CNOR>
    <CSUD>6165,178</CSUD>
    <NORD>20545,011</NORD>
    <SARD>1089,431</SARD>
    <SICI>2411,919</SICI>
    <SUD>3928,966</SUD>
  </Fabbisogno>
  <Fabbisogno>
    <Data>20151126</Data>
    <Mercato>MGP</Mercato>
    <Ora>23</Ora>
    <Italia>34247,684</Italia>
    <CNOR>3356,558</CNOR>
    <CSUD>5515,176</CSUD>
    <NORD>18565,952</NORD>
    <SARD>1017,332</SARD>
    <SICI>2105,504</SICI>
    <SUD>3687,162</SUD>
  </Fabbisogno>
  <Fabbisogno>
    <Data>20151126</Data>
    <Mercato>MGP</Mercato>
    <Ora>24</Ora>
    <Italia>31220,222</Italia>
    <CNOR>3133,002</CNOR>
    <CSUD>4983,207</CSUD>
    <NORD>16988,154</NORD>
    <SARD>954,754</SARD>
    <SICI>1805,108</SICI>
    <SUD>3355,997</SUD>
  </Fabbisogno>
</NewDataSet>