<?xml version="1.0" standalone="yes"?>
<NewDataSet>
  <xs:schema id="NewDataSet" xmlns="" xmlns:xs="http://www.w3.org/2001/XMLSchema" xmlns:msdata="urn:schemas-microsoft-com:xml-msdata">
    <xs:element name="NewDataSet" msdata:IsDataSet="true" msdata:UseCurrentLocale="true">
      <xs:complexType>
        <xs:choice minOccurs="0" maxOccurs="unbounded">
          <xs:element name="Fabbisogno">
            <xs:complexType>
              <xs:sequence>
                <xs:element name="Data" type="xs:string" minOccurs="0" />
                <xs:element name="Mercato" type="xs:string" minOccurs="0" />
                <xs:element name="Ora" type="xs:string" minOccurs="0" />
                <xs:element name="Italia" type="xs:string" minOccurs="0" />
                <xs:element name="CNOR" type="xs:string" minOccurs="0" />
                <xs:element name="CSUD" type="xs:string" minOccurs="0" />
                <xs:element name="NORD" type="xs:string" minOccurs="0" />
                <xs:element name="SARD" type="xs:string" minOccurs="0" />
                <xs:element name="SICI" type="xs:string" minOccurs="0" />
                <xs:element name="SUD" type="xs:string" minOccurs="0" />
              </xs:sequence>
            </xs:complexType>
          </xs:element>
        </xs:choice>
      </xs:complexType>
    </xs:element>
  </xs:schema>
  <Fabbisogno>
    <Data>20151130</Data>
    <Mercato>MGP</Mercato>
    <Ora>1</Ora>
    <Italia>23622,896</Italia>
    <CNOR>2284,427</CNOR>
    <CSUD>3879,64</CSUD>
    <NORD>12451,507</NORD>
    <SARD>811,827</SARD>
    <SICI>1584,614</SICI>
    <SUD>2610,881</SUD>
  </Fabbisogno>
  <Fabbisogno>
    <Data>20151130</Data>
    <Mercato>MGP</Mercato>
    <Ora>2</Ora>
    <Italia>22687,405</Italia>
    <CNOR>2147,021</CNOR>
    <CSUD>3623,437</CSUD>
    <NORD>12164,772</NORD>
    <SARD>776,623</SARD>
    <SICI>1485,861</SICI>
    <SUD>2489,691</SUD>
  </Fabbisogno>
  <Fabbisogno>
    <Data>20151130</Data>
    <Mercato>MGP</Mercato>
    <Ora>3</Ora>
    <Italia>22028,852</Italia>
    <CNOR>2054,816</CNOR>
    <CSUD>3454,297</CSUD>
    <NORD>11959,977</NORD>
    <SARD>751,273</SARD>
    <SICI>1409,404</SICI>
    <SUD>2399,085</SUD>
  </Fabbisogno>
  <Fabbisogno>
    <Data>20151130</Data>
    <Mercato>MGP</Mercato>
    <Ora>4</Ora>
    <Italia>21938,432</Italia>
    <CNOR>2041,355</CNOR>
    <CSUD>3350,961</CSUD>
    <NORD>12069,121</NORD>
    <SARD>743,501</SARD>
    <SICI>1363,98</SICI>
    <SUD>2369,514</SUD>
  </Fabbisogno>
  <Fabbisogno>
    <Data>20151130</Data>
    <Mercato>MGP</Mercato>
    <Ora>5</Ora>
    <Italia>22207,592</Italia>
    <CNOR>1987,085</CNOR>
    <CSUD>3355,112</CSUD>
    <NORD>12370,795</NORD>
    <SARD>746,486</SARD>
    <SICI>1368,902</SICI>
    <SUD>2379,212</SUD>
  </Fabbisogno>
  <Fabbisogno>
    <Data>20151130</Data>
    <Mercato>MGP</Mercato>
    <Ora>6</Ora>
    <Italia>24359,035</Italia>
    <CNOR>2252,593</CNOR>
    <CSUD>3717,752</CSUD>
    <NORD>13599,825</NORD>
    <SARD>795,925</SARD>
    <SICI>1443,368</SICI>
    <SUD>2549,572</SUD>
  </Fabbisogno>
  <Fabbisogno>
    <Data>20151130</Data>
    <Mercato>MGP</Mercato>
    <Ora>7</Ora>
    <Italia>29859,735</Italia>
    <CNOR>2704,401</CNOR>
    <CSUD>4257,531</CSUD>
    <NORD>17623,727</NORD>
    <SARD>851,167</SARD>
    <SICI>1636,702</SICI>
    <SUD>2786,207</SUD>
  </Fabbisogno>
  <Fabbisogno>
    <Data>20151130</Data>
    <Mercato>MGP</Mercato>
    <Ora>8</Ora>
    <Italia>35811,073</Italia>
    <CNOR>3008,026</CNOR>
    <CSUD>4722,182</CSUD>
    <NORD>21938,881</NORD>
    <SARD>958,909</SARD>
    <SICI>2004,135</SICI>
    <SUD>3178,94</SUD>
  </Fabbisogno>
  <Fabbisogno>
    <Data>20151130</Data>
    <Mercato>MGP</Mercato>
    <Ora>9</Ora>
    <Italia>40230,712</Italia>
    <CNOR>3667,893</CNOR>
    <CSUD>5561,123</CSUD>
    <NORD>24189,129</NORD>
    <SARD>1048,978</SARD>
    <SICI>2216,237</SICI>
    <SUD>3547,352</SUD>
  </Fabbisogno>
  <Fabbisogno>
    <Data>20151130</Data>
    <Mercato>MGP</Mercato>
    <Ora>10</Ora>
    <Italia>41603,928</Italia>
    <CNOR>3762,526</CNOR>
    <CSUD>5744,40900000001</CSUD>
    <NORD>25225,21</NORD>
    <SARD>1040,498</SARD>
    <SICI>2215,513</SICI>
    <SUD>3615,772</SUD>
  </Fabbisogno>
  <Fabbisogno>
    <Data>20151130</Data>
    <Mercato>MGP</Mercato>
    <Ora>11</Ora>
    <Italia>40938,054</Italia>
    <CNOR>3650,298</CNOR>
    <CSUD>5703,588</CSUD>
    <NORD>24962,183</NORD>
    <SARD>990,769</SARD>
    <SICI>2016,259</SICI>
    <SUD>3614,957</SUD>
  </Fabbisogno>
  <Fabbisogno>
    <Data>20151130</Data>
    <Mercato>MGP</Mercato>
    <Ora>12</Ora>
    <Italia>40615,725</Italia>
    <CNOR>3671,27</CNOR>
    <CSUD>5723,951</CSUD>
    <NORD>24655,525</NORD>
    <SARD>980,995</SARD>
    <SICI>1985,7</SICI>
    <SUD>3598,284</SUD>
  </Fabbisogno>
  <Fabbisogno>
    <Data>20151130</Data>
    <Mercato>MGP</Mercato>
    <Ora>13</Ora>
    <Italia>38249,474</Italia>
    <CNOR>3290,862</CNOR>
    <CSUD>5357,281</CSUD>
    <NORD>23085,973</NORD>
    <SARD>949,28</SARD>
    <SICI>1958,61</SICI>
    <SUD>3607,468</SUD>
  </Fabbisogno>
  <Fabbisogno>
    <Data>20151130</Data>
    <Mercato>MGP</Mercato>
    <Ora>14</Ora>
    <Italia>37970,458</Italia>
    <CNOR>3155,725</CNOR>
    <CSUD>5200,591</CSUD>
    <NORD>23228,794</NORD>
    <SARD>922,523</SARD>
    <SICI>1952,381</SICI>
    <SUD>3510,444</SUD>
  </Fabbisogno>
  <Fabbisogno>
    <Data>20151130</Data>
    <Mercato>MGP</Mercato>
    <Ora>15</Ora>
    <Italia>39367,249</Italia>
    <CNOR>3340,749</CNOR>
    <CSUD>5268,662</CSUD>
    <NORD>24369,293</NORD>
    <SARD>918,217</SARD>
    <SICI>1980,907</SICI>
    <SUD>3489,421</SUD>
  </Fabbisogno>
  <Fabbisogno>
    <Data>20151130</Data>
    <Mercato>MGP</Mercato>
    <Ora>16</Ora>
    <Italia>40615,673</Italia>
    <CNOR>3515,79</CNOR>
    <CSUD>5445,951</CSUD>
    <NORD>25008,195</NORD>
    <SARD>936,483</SARD>
    <SICI>2084,404</SICI>
    <SUD>3624,85</SUD>
  </Fabbisogno>
  <Fabbisogno>
    <Data>20151130</Data>
    <Mercato>MGP</Mercato>
    <Ora>17</Ora>
    <Italia>42165,028</Italia>
    <CNOR>3804,477</CNOR>
    <CSUD>5830,236</CSUD>
    <NORD>25443,356</NORD>
    <SARD>979,897</SARD>
    <SICI>2259,412</SICI>
    <SUD>3847,65</SUD>
  </Fabbisogno>
  <Fabbisogno>
    <Data>20151130</Data>
    <Mercato>MGP</Mercato>
    <Ora>18</Ora>
    <Italia>44528,45</Italia>
    <CNOR>4221,157</CNOR>
    <CSUD>6894,18</CSUD>
    <NORD>25389,924</NORD>
    <SARD>1127,87</SARD>
    <SICI>2740,082</SICI>
    <SUD>4155,237</SUD>
  </Fabbisogno>
  <Fabbisogno>
    <Data>20151130</Data>
    <Mercato>MGP</Mercato>
    <Ora>19</Ora>
    <Italia>43938,402</Italia>
    <CNOR>4124,242</CNOR>
    <CSUD>6893,21</CSUD>
    <NORD>24835,39</NORD>
    <SARD>1163,686</SARD>
    <SICI>2763,247</SICI>
    <SUD>4158,627</SUD>
  </Fabbisogno>
  <Fabbisogno>
    <Data>20151130</Data>
    <Mercato>MGP</Mercato>
    <Ora>20</Ora>
    <Italia>42518,586</Italia>
    <CNOR>3989,325</CNOR>
    <CSUD>6849,798</CSUD>
    <NORD>23694,37</NORD>
    <SARD>1161,381</SARD>
    <SICI>2745,604</SICI>
    <SUD>4078,108</SUD>
  </Fabbisogno>
  <Fabbisogno>
    <Data>20151130</Data>
    <Mercato>MGP</Mercato>
    <Ora>21</Ora>
    <Italia>40087,477</Italia>
    <CNOR>3802,8</CNOR>
    <CSUD>6579,787</CSUD>
    <NORD>21911,492</NORD>
    <SARD>1157,737</SARD>
    <SICI>2598,482</SICI>
    <SUD>4037,179</SUD>
  </Fabbisogno>
  <Fabbisogno>
    <Data>20151130</Data>
    <Mercato>MGP</Mercato>
    <Ora>22</Ora>
    <Italia>37600,417</Italia>
    <CNOR>3557,184</CNOR>
    <CSUD>6108,608</CSUD>
    <NORD>20758,719</NORD>
    <SARD>1081,97</SARD>
    <SICI>2350,214</SICI>
    <SUD>3743,722</SUD>
  </Fabbisogno>
  <Fabbisogno>
    <Data>20151130</Data>
    <Mercato>MGP</Mercato>
    <Ora>23</Ora>
    <Italia>33167,39</Italia>
    <CNOR>3228,338</CNOR>
    <CSUD>5515,61</CSUD>
    <NORD>17836,139</NORD>
    <SARD>1025,615</SARD>
    <SICI>2130,626</SICI>
    <SUD>3431,062</SUD>
  </Fabbisogno>
  <Fabbisogno>
    <Data>20151130</Data>
    <Mercato>MGP</Mercato>
    <Ora>24</Ora>
    <Italia>30504,712</Italia>
    <CNOR>2956,617</CNOR>
    <CSUD>4970,027</CSUD>
    <NORD>16596,716</NORD>
    <SARD>954,372</SARD>
    <SICI>1878,195</SICI>
    <SUD>3148,785</SUD>
  </Fabbisogno>
</NewDataSet>