<?xml version="1.0" standalone="yes"?>
<NewDataSet>
  <xs:schema id="NewDataSet" xmlns="" xmlns:xs="http://www.w3.org/2001/XMLSchema" xmlns:msdata="urn:schemas-microsoft-com:xml-msdata">
    <xs:element name="NewDataSet" msdata:IsDataSet="true" msdata:UseCurrentLocale="true">
      <xs:complexType>
        <xs:choice minOccurs="0" maxOccurs="unbounded">
          <xs:element name="Prezzi">
            <xs:complexType>
              <xs:sequence>
                <xs:element name="Data" type="xs:string" minOccurs="0" />
                <xs:element name="Mercato" type="xs:string" minOccurs="0" />
                <xs:element name="Ora" type="xs:string" minOccurs="0" />
                <xs:element name="PUN" type="xs:string" minOccurs="0" />
                <xs:element name="NAT" type="xs:string" minOccurs="0" />
                <xs:element name="CNOR" type="xs:string" minOccurs="0" />
                <xs:element name="CSUD" type="xs:string" minOccurs="0" />
                <xs:element name="NORD" type="xs:string" minOccurs="0" />
                <xs:element name="SARD" type="xs:string" minOccurs="0" />
                <xs:element name="SICI" type="xs:string" minOccurs="0" />
                <xs:element name="SUD" type="xs:string" minOccurs="0" />
                <xs:element name="AUST" type="xs:string" minOccurs="0" />
                <xs:element name="BRNN" type="xs:string" minOccurs="0" />
                <xs:element name="COAC" type="xs:string" minOccurs="0" />
                <xs:element name="CORS" type="xs:string" minOccurs="0" />
                <xs:element name="FOGN" type="xs:string" minOccurs="0" />
                <xs:element name="FRAN" type="xs:string" minOccurs="0" />
                <xs:element name="GREC" type="xs:string" minOccurs="0" />
                <xs:element name="MFTV" type="xs:string" minOccurs="0" />
                <xs:element name="PRGP" type="xs:string" minOccurs="0" />
                <xs:element name="ROSN" type="xs:string" minOccurs="0" />
                <xs:element name="SLOV" type="xs:string" minOccurs="0" />
                <xs:element name="SVIZ" type="xs:string" minOccurs="0" />
                <xs:element name="BSP" type="xs:string" minOccurs="0" />
                <xs:element name="MALT" type="xs:string" minOccurs="0" />
                <xs:element name="XAUS" type="xs:string" minOccurs="0" />
                <xs:element name="XFRA" type="xs:string" minOccurs="0" />
              </xs:sequence>
            </xs:complexType>
          </xs:element>
        </xs:choice>
      </xs:complexType>
    </xs:element>
  </xs:schema>
  <Prezzi>
    <Data>20170923</Data>
    <Mercato>MGP</Mercato>
    <Ora>1</Ora>
    <PUN>52,440000</PUN>
    <NAT>52,440000</NAT>
    <CNOR>52,440000</CNOR>
    <CSUD>52,440000</CSUD>
    <NORD>52,440000</NORD>
    <SARD>52,440000</SARD>
    <SICI>52,440000</SICI>
    <SUD>52,440000</SUD>
    <AUST>52,440000</AUST>
    <BRNN>52,440000</BRNN>
    <COAC>52,440000</COAC>
    <CORS>3000,000000</CORS>
    <FOGN>52,440000</FOGN>
    <FRAN>52,440000</FRAN>
    <GREC>52,440000</GREC>
    <MFTV>52,440000</MFTV>
    <PRGP>52,440000</PRGP>
    <ROSN>52,440000</ROSN>
    <SLOV>52,440000</SLOV>
    <SVIZ>52,440000</SVIZ>
    <BSP>52,440000</BSP>
    <MALT>52,440000</MALT>
    <XAUS>52,440000</XAUS>
    <XFRA>52,440000</XFRA>
  </Prezzi>
  <Prezzi>
    <Data>20170923</Data>
    <Mercato>MGP</Mercato>
    <Ora>2</Ora>
    <PUN>52,440000</PUN>
    <NAT>52,440000</NAT>
    <CNOR>52,440000</CNOR>
    <CSUD>52,440000</CSUD>
    <NORD>52,440000</NORD>
    <SARD>52,440000</SARD>
    <SICI>52,440000</SICI>
    <SUD>52,440000</SUD>
    <AUST>52,440000</AUST>
    <BRNN>52,440000</BRNN>
    <COAC>52,440000</COAC>
    <CORS>3000,000000</CORS>
    <FOGN>52,440000</FOGN>
    <FRAN>52,440000</FRAN>
    <GREC>52,440000</GREC>
    <MFTV>52,440000</MFTV>
    <PRGP>52,440000</PRGP>
    <ROSN>52,440000</ROSN>
    <SLOV>52,440000</SLOV>
    <SVIZ>52,440000</SVIZ>
    <BSP>52,440000</BSP>
    <MALT>52,440000</MALT>
    <XAUS>52,440000</XAUS>
    <XFRA>52,440000</XFRA>
  </Prezzi>
  <Prezzi>
    <Data>20170923</Data>
    <Mercato>MGP</Mercato>
    <Ora>3</Ora>
    <PUN>51,720000</PUN>
    <NAT>51,720000</NAT>
    <CNOR>51,720000</CNOR>
    <CSUD>51,720000</CSUD>
    <NORD>51,720000</NORD>
    <SARD>51,720000</SARD>
    <SICI>51,720000</SICI>
    <SUD>51,720000</SUD>
    <AUST>51,720000</AUST>
    <BRNN>51,720000</BRNN>
    <COAC>51,720000</COAC>
    <CORS>3000,000000</CORS>
    <FOGN>51,720000</FOGN>
    <FRAN>51,720000</FRAN>
    <GREC>51,720000</GREC>
    <MFTV>51,720000</MFTV>
    <PRGP>51,720000</PRGP>
    <ROSN>51,720000</ROSN>
    <SLOV>51,720000</SLOV>
    <SVIZ>51,720000</SVIZ>
    <BSP>51,720000</BSP>
    <MALT>51,720000</MALT>
    <XAUS>51,720000</XAUS>
    <XFRA>51,720000</XFRA>
  </Prezzi>
  <Prezzi>
    <Data>20170923</Data>
    <Mercato>MGP</Mercato>
    <Ora>4</Ora>
    <PUN>46,860000</PUN>
    <NAT>46,860000</NAT>
    <CNOR>46,860000</CNOR>
    <CSUD>46,860000</CSUD>
    <NORD>46,860000</NORD>
    <SARD>46,860000</SARD>
    <SICI>46,860000</SICI>
    <SUD>46,860000</SUD>
    <AUST>46,860000</AUST>
    <BRNN>46,860000</BRNN>
    <COAC>46,860000</COAC>
    <CORS>3000,000000</CORS>
    <FOGN>46,860000</FOGN>
    <FRAN>46,860000</FRAN>
    <GREC>46,860000</GREC>
    <MFTV>46,860000</MFTV>
    <PRGP>46,860000</PRGP>
    <ROSN>46,860000</ROSN>
    <SLOV>46,860000</SLOV>
    <SVIZ>46,860000</SVIZ>
    <BSP>46,860000</BSP>
    <MALT>46,860000</MALT>
    <XAUS>46,860000</XAUS>
    <XFRA>46,860000</XFRA>
  </Prezzi>
  <Prezzi>
    <Data>20170923</Data>
    <Mercato>MGP</Mercato>
    <Ora>5</Ora>
    <PUN>46,860000</PUN>
    <NAT>46,860000</NAT>
    <CNOR>46,860000</CNOR>
    <CSUD>46,860000</CSUD>
    <NORD>46,860000</NORD>
    <SARD>46,860000</SARD>
    <SICI>46,860000</SICI>
    <SUD>46,860000</SUD>
    <AUST>46,860000</AUST>
    <BRNN>46,860000</BRNN>
    <COAC>46,860000</COAC>
    <CORS>3000,000000</CORS>
    <FOGN>46,860000</FOGN>
    <FRAN>46,860000</FRAN>
    <GREC>46,860000</GREC>
    <MFTV>46,860000</MFTV>
    <PRGP>46,860000</PRGP>
    <ROSN>46,860000</ROSN>
    <SLOV>46,860000</SLOV>
    <SVIZ>46,860000</SVIZ>
    <BSP>46,860000</BSP>
    <MALT>46,860000</MALT>
    <XAUS>46,860000</XAUS>
    <XFRA>46,860000</XFRA>
  </Prezzi>
  <Prezzi>
    <Data>20170923</Data>
    <Mercato>MGP</Mercato>
    <Ora>6</Ora>
    <PUN>49,950000</PUN>
    <NAT>49,950000</NAT>
    <CNOR>49,950000</CNOR>
    <CSUD>49,950000</CSUD>
    <NORD>49,950000</NORD>
    <SARD>49,950000</SARD>
    <SICI>49,950000</SICI>
    <SUD>49,950000</SUD>
    <AUST>49,950000</AUST>
    <BRNN>49,950000</BRNN>
    <COAC>49,950000</COAC>
    <CORS>3000,000000</CORS>
    <FOGN>49,950000</FOGN>
    <FRAN>49,950000</FRAN>
    <GREC>49,950000</GREC>
    <MFTV>49,950000</MFTV>
    <PRGP>49,950000</PRGP>
    <ROSN>49,950000</ROSN>
    <SLOV>49,950000</SLOV>
    <SVIZ>49,950000</SVIZ>
    <BSP>49,950000</BSP>
    <MALT>49,950000</MALT>
    <XAUS>49,950000</XAUS>
    <XFRA>49,950000</XFRA>
  </Prezzi>
  <Prezzi>
    <Data>20170923</Data>
    <Mercato>MGP</Mercato>
    <Ora>7</Ora>
    <PUN>52,440000</PUN>
    <NAT>52,440000</NAT>
    <CNOR>52,440000</CNOR>
    <CSUD>52,440000</CSUD>
    <NORD>52,440000</NORD>
    <SARD>52,440000</SARD>
    <SICI>52,440000</SICI>
    <SUD>52,440000</SUD>
    <AUST>52,440000</AUST>
    <BRNN>52,440000</BRNN>
    <COAC>52,440000</COAC>
    <CORS>3000,000000</CORS>
    <FOGN>52,440000</FOGN>
    <FRAN>52,440000</FRAN>
    <GREC>52,440000</GREC>
    <MFTV>52,440000</MFTV>
    <PRGP>52,440000</PRGP>
    <ROSN>52,440000</ROSN>
    <SLOV>52,440000</SLOV>
    <SVIZ>52,440000</SVIZ>
    <BSP>52,440000</BSP>
    <MALT>52,440000</MALT>
    <XAUS>52,440000</XAUS>
    <XFRA>52,440000</XFRA>
  </Prezzi>
  <Prezzi>
    <Data>20170923</Data>
    <Mercato>MGP</Mercato>
    <Ora>8</Ora>
    <PUN>52,440000</PUN>
    <NAT>52,440000</NAT>
    <CNOR>52,440000</CNOR>
    <CSUD>52,440000</CSUD>
    <NORD>52,440000</NORD>
    <SARD>52,440000</SARD>
    <SICI>52,440000</SICI>
    <SUD>52,440000</SUD>
    <AUST>52,440000</AUST>
    <BRNN>52,440000</BRNN>
    <COAC>52,440000</COAC>
    <CORS>3000,000000</CORS>
    <FOGN>52,440000</FOGN>
    <FRAN>52,440000</FRAN>
    <GREC>52,440000</GREC>
    <MFTV>52,440000</MFTV>
    <PRGP>52,440000</PRGP>
    <ROSN>52,440000</ROSN>
    <SLOV>52,440000</SLOV>
    <SVIZ>52,440000</SVIZ>
    <BSP>52,440000</BSP>
    <MALT>52,440000</MALT>
    <XAUS>52,440000</XAUS>
    <XFRA>52,440000</XFRA>
  </Prezzi>
  <Prezzi>
    <Data>20170923</Data>
    <Mercato>MGP</Mercato>
    <Ora>9</Ora>
    <PUN>52,595280</PUN>
    <NAT>52,440000</NAT>
    <CNOR>52,440000</CNOR>
    <CSUD>52,440000</CSUD>
    <NORD>52,440000</NORD>
    <SARD>52,440000</SARD>
    <SICI>55,010000</SICI>
    <SUD>52,440000</SUD>
    <AUST>52,440000</AUST>
    <BRNN>52,440000</BRNN>
    <COAC>52,440000</COAC>
    <CORS>3000,000000</CORS>
    <FOGN>52,440000</FOGN>
    <FRAN>52,440000</FRAN>
    <GREC>52,440000</GREC>
    <MFTV>52,440000</MFTV>
    <PRGP>55,010000</PRGP>
    <ROSN>52,440000</ROSN>
    <SLOV>52,440000</SLOV>
    <SVIZ>52,440000</SVIZ>
    <BSP>52,440000</BSP>
    <MALT>55,010000</MALT>
    <XAUS>52,440000</XAUS>
    <XFRA>52,440000</XFRA>
  </Prezzi>
  <Prezzi>
    <Data>20170923</Data>
    <Mercato>MGP</Mercato>
    <Ora>10</Ora>
    <PUN>51,800000</PUN>
    <NAT>51,800000</NAT>
    <CNOR>51,800000</CNOR>
    <CSUD>51,800000</CSUD>
    <NORD>51,800000</NORD>
    <SARD>51,800000</SARD>
    <SICI>51,800000</SICI>
    <SUD>51,800000</SUD>
    <AUST>51,800000</AUST>
    <BRNN>51,800000</BRNN>
    <COAC>51,800000</COAC>
    <CORS>3000,000000</CORS>
    <FOGN>51,800000</FOGN>
    <FRAN>51,800000</FRAN>
    <GREC>51,800000</GREC>
    <MFTV>51,800000</MFTV>
    <PRGP>51,800000</PRGP>
    <ROSN>51,800000</ROSN>
    <SLOV>51,800000</SLOV>
    <SVIZ>51,800000</SVIZ>
    <BSP>51,800000</BSP>
    <MALT>51,800000</MALT>
    <XAUS>51,800000</XAUS>
    <XFRA>51,800000</XFRA>
  </Prezzi>
  <Prezzi>
    <Data>20170923</Data>
    <Mercato>MGP</Mercato>
    <Ora>11</Ora>
    <PUN>46,980000</PUN>
    <NAT>46,980000</NAT>
    <CNOR>46,980000</CNOR>
    <CSUD>46,980000</CSUD>
    <NORD>46,980000</NORD>
    <SARD>46,980000</SARD>
    <SICI>46,980000</SICI>
    <SUD>46,980000</SUD>
    <AUST>46,980000</AUST>
    <BRNN>46,980000</BRNN>
    <COAC>46,980000</COAC>
    <CORS>3000,000000</CORS>
    <FOGN>46,980000</FOGN>
    <FRAN>46,980000</FRAN>
    <GREC>46,980000</GREC>
    <MFTV>46,980000</MFTV>
    <PRGP>46,980000</PRGP>
    <ROSN>46,980000</ROSN>
    <SLOV>46,980000</SLOV>
    <SVIZ>46,980000</SVIZ>
    <BSP>46,980000</BSP>
    <MALT>46,980000</MALT>
    <XAUS>46,980000</XAUS>
    <XFRA>46,980000</XFRA>
  </Prezzi>
  <Prezzi>
    <Data>20170923</Data>
    <Mercato>MGP</Mercato>
    <Ora>12</Ora>
    <PUN>43,510000</PUN>
    <NAT>43,510000</NAT>
    <CNOR>43,510000</CNOR>
    <CSUD>43,510000</CSUD>
    <NORD>43,510000</NORD>
    <SARD>43,510000</SARD>
    <SICI>43,510000</SICI>
    <SUD>43,510000</SUD>
    <AUST>43,510000</AUST>
    <BRNN>43,510000</BRNN>
    <COAC>43,510000</COAC>
    <CORS>3000,000000</CORS>
    <FOGN>43,510000</FOGN>
    <FRAN>43,510000</FRAN>
    <GREC>43,510000</GREC>
    <MFTV>43,510000</MFTV>
    <PRGP>43,510000</PRGP>
    <ROSN>43,510000</ROSN>
    <SLOV>43,510000</SLOV>
    <SVIZ>43,510000</SVIZ>
    <BSP>43,510000</BSP>
    <MALT>43,510000</MALT>
    <XAUS>43,510000</XAUS>
    <XFRA>43,510000</XFRA>
  </Prezzi>
  <Prezzi>
    <Data>20170923</Data>
    <Mercato>MGP</Mercato>
    <Ora>13</Ora>
    <PUN>41,953580</PUN>
    <NAT>41,380000</NAT>
    <CNOR>41,953580</CNOR>
    <CSUD>41,953580</CSUD>
    <NORD>41,953580</NORD>
    <SARD>41,953580</SARD>
    <SICI>41,953580</SICI>
    <SUD>41,953580</SUD>
    <AUST>41,953580</AUST>
    <BRNN>41,953580</BRNN>
    <COAC>41,953580</COAC>
    <CORS>3000,000000</CORS>
    <FOGN>41,953580</FOGN>
    <FRAN>41,953580</FRAN>
    <GREC>41,953580</GREC>
    <MFTV>41,953580</MFTV>
    <PRGP>41,953580</PRGP>
    <ROSN>41,953580</ROSN>
    <SLOV>41,953580</SLOV>
    <SVIZ>41,953580</SVIZ>
    <BSP>41,953580</BSP>
    <MALT>41,953580</MALT>
    <XAUS>41,953580</XAUS>
    <XFRA>41,953580</XFRA>
  </Prezzi>
  <Prezzi>
    <Data>20170923</Data>
    <Mercato>MGP</Mercato>
    <Ora>14</Ora>
    <PUN>37,490000</PUN>
    <NAT>37,490000</NAT>
    <CNOR>37,490000</CNOR>
    <CSUD>37,490000</CSUD>
    <NORD>37,490000</NORD>
    <SARD>37,490000</SARD>
    <SICI>37,490000</SICI>
    <SUD>37,490000</SUD>
    <AUST>37,490000</AUST>
    <BRNN>37,490000</BRNN>
    <COAC>37,490000</COAC>
    <CORS>3000,000000</CORS>
    <FOGN>37,490000</FOGN>
    <FRAN>37,490000</FRAN>
    <GREC>37,490000</GREC>
    <MFTV>37,490000</MFTV>
    <PRGP>37,490000</PRGP>
    <ROSN>37,490000</ROSN>
    <SLOV>37,490000</SLOV>
    <SVIZ>37,490000</SVIZ>
    <BSP>37,490000</BSP>
    <MALT>37,490000</MALT>
    <XAUS>37,490000</XAUS>
    <XFRA>37,490000</XFRA>
  </Prezzi>
  <Prezzi>
    <Data>20170923</Data>
    <Mercato>MGP</Mercato>
    <Ora>15</Ora>
    <PUN>37,490000</PUN>
    <NAT>37,490000</NAT>
    <CNOR>37,490000</CNOR>
    <CSUD>37,490000</CSUD>
    <NORD>37,490000</NORD>
    <SARD>37,490000</SARD>
    <SICI>37,490000</SICI>
    <SUD>37,490000</SUD>
    <AUST>37,490000</AUST>
    <BRNN>37,490000</BRNN>
    <COAC>37,490000</COAC>
    <CORS>3000,000000</CORS>
    <FOGN>37,490000</FOGN>
    <FRAN>37,490000</FRAN>
    <GREC>37,490000</GREC>
    <MFTV>37,490000</MFTV>
    <PRGP>37,490000</PRGP>
    <ROSN>37,490000</ROSN>
    <SLOV>37,490000</SLOV>
    <SVIZ>37,490000</SVIZ>
    <BSP>37,490000</BSP>
    <MALT>37,490000</MALT>
    <XAUS>37,490000</XAUS>
    <XFRA>37,490000</XFRA>
  </Prezzi>
  <Prezzi>
    <Data>20170923</Data>
    <Mercato>MGP</Mercato>
    <Ora>16</Ora>
    <PUN>38,290000</PUN>
    <NAT>38,290000</NAT>
    <CNOR>38,290000</CNOR>
    <CSUD>38,290000</CSUD>
    <NORD>38,290000</NORD>
    <SARD>38,290000</SARD>
    <SICI>38,290000</SICI>
    <SUD>38,290000</SUD>
    <AUST>38,290000</AUST>
    <BRNN>38,290000</BRNN>
    <COAC>38,290000</COAC>
    <CORS>3000,000000</CORS>
    <FOGN>38,290000</FOGN>
    <FRAN>38,290000</FRAN>
    <GREC>38,290000</GREC>
    <MFTV>38,290000</MFTV>
    <PRGP>38,290000</PRGP>
    <ROSN>38,290000</ROSN>
    <SLOV>38,290000</SLOV>
    <SVIZ>38,290000</SVIZ>
    <BSP>38,290000</BSP>
    <MALT>38,290000</MALT>
    <XAUS>38,290000</XAUS>
    <XFRA>38,290000</XFRA>
  </Prezzi>
  <Prezzi>
    <Data>20170923</Data>
    <Mercato>MGP</Mercato>
    <Ora>17</Ora>
    <PUN>44,000000</PUN>
    <NAT>44,000000</NAT>
    <CNOR>44,000000</CNOR>
    <CSUD>44,000000</CSUD>
    <NORD>44,000000</NORD>
    <SARD>44,000000</SARD>
    <SICI>44,000000</SICI>
    <SUD>44,000000</SUD>
    <AUST>44,000000</AUST>
    <BRNN>44,000000</BRNN>
    <COAC>44,000000</COAC>
    <CORS>3000,000000</CORS>
    <FOGN>44,000000</FOGN>
    <FRAN>44,000000</FRAN>
    <GREC>44,000000</GREC>
    <MFTV>44,000000</MFTV>
    <PRGP>44,000000</PRGP>
    <ROSN>44,000000</ROSN>
    <SLOV>44,000000</SLOV>
    <SVIZ>44,000000</SVIZ>
    <BSP>44,000000</BSP>
    <MALT>44,000000</MALT>
    <XAUS>44,000000</XAUS>
    <XFRA>44,000000</XFRA>
  </Prezzi>
  <Prezzi>
    <Data>20170923</Data>
    <Mercato>MGP</Mercato>
    <Ora>18</Ora>
    <PUN>51,124890</PUN>
    <NAT>49,950000</NAT>
    <CNOR>51,720000</CNOR>
    <CSUD>51,720000</CSUD>
    <NORD>49,950000</NORD>
    <SARD>51,720000</SARD>
    <SICI>56,740000</SICI>
    <SUD>51,720000</SUD>
    <AUST>49,950000</AUST>
    <BRNN>51,720000</BRNN>
    <COAC>51,720000</COAC>
    <CORS>3000,000000</CORS>
    <FOGN>51,720000</FOGN>
    <FRAN>49,950000</FRAN>
    <GREC>51,720000</GREC>
    <MFTV>49,950000</MFTV>
    <PRGP>56,740000</PRGP>
    <ROSN>51,720000</ROSN>
    <SLOV>49,950000</SLOV>
    <SVIZ>49,950000</SVIZ>
    <BSP>49,950000</BSP>
    <MALT>56,740000</MALT>
    <XAUS>49,950000</XAUS>
    <XFRA>49,950000</XFRA>
  </Prezzi>
  <Prezzi>
    <Data>20170923</Data>
    <Mercato>MGP</Mercato>
    <Ora>19</Ora>
    <PUN>55,504350</PUN>
    <NAT>55,170000</NAT>
    <CNOR>53,270000</CNOR>
    <CSUD>53,270000</CSUD>
    <NORD>53,270000</NORD>
    <SARD>53,270000</SARD>
    <SICI>86,700000</SICI>
    <SUD>53,270000</SUD>
    <AUST>53,270000</AUST>
    <BRNN>53,270000</BRNN>
    <COAC>53,270000</COAC>
    <CORS>3000,000000</CORS>
    <FOGN>53,270000</FOGN>
    <FRAN>53,270000</FRAN>
    <GREC>53,270000</GREC>
    <MFTV>53,270000</MFTV>
    <PRGP>86,700000</PRGP>
    <ROSN>53,270000</ROSN>
    <SLOV>53,270000</SLOV>
    <SVIZ>53,270000</SVIZ>
    <BSP>53,270000</BSP>
    <MALT>86,700000</MALT>
    <XAUS>53,270000</XAUS>
    <XFRA>53,270000</XFRA>
  </Prezzi>
  <Prezzi>
    <Data>20170923</Data>
    <Mercato>MGP</Mercato>
    <Ora>20</Ora>
    <PUN>69,301990</PUN>
    <NAT>72,500000</NAT>
    <CNOR>76,550000</CNOR>
    <CSUD>76,550000</CSUD>
    <NORD>60,000000</NORD>
    <SARD>76,550000</SARD>
    <SICI>96,440000</SICI>
    <SUD>76,550000</SUD>
    <AUST>60,000000</AUST>
    <BRNN>76,550000</BRNN>
    <COAC>76,550000</COAC>
    <CORS>3000,000000</CORS>
    <FOGN>76,550000</FOGN>
    <FRAN>60,000000</FRAN>
    <GREC>76,550000</GREC>
    <MFTV>60,000000</MFTV>
    <PRGP>96,440000</PRGP>
    <ROSN>76,550000</ROSN>
    <SLOV>60,000000</SLOV>
    <SVIZ>60,000000</SVIZ>
    <BSP>60,000000</BSP>
    <MALT>96,440000</MALT>
    <XAUS>60,000000</XAUS>
    <XFRA>60,000000</XFRA>
  </Prezzi>
  <Prezzi>
    <Data>20170923</Data>
    <Mercato>MGP</Mercato>
    <Ora>21</Ora>
    <PUN>67,643930</PUN>
    <NAT>64,000000</NAT>
    <CNOR>75,070000</CNOR>
    <CSUD>75,070000</CSUD>
    <NORD>58,000000</NORD>
    <SARD>75,070000</SARD>
    <SICI>96,440000</SICI>
    <SUD>75,070000</SUD>
    <AUST>58,000000</AUST>
    <BRNN>75,070000</BRNN>
    <COAC>75,070000</COAC>
    <CORS>3000,000000</CORS>
    <FOGN>75,070000</FOGN>
    <FRAN>58,000000</FRAN>
    <GREC>75,070000</GREC>
    <MFTV>58,000000</MFTV>
    <PRGP>96,440000</PRGP>
    <ROSN>75,070000</ROSN>
    <SLOV>58,000000</SLOV>
    <SVIZ>58,000000</SVIZ>
    <BSP>58,000000</BSP>
    <MALT>96,440000</MALT>
    <XAUS>58,000000</XAUS>
    <XFRA>58,000000</XFRA>
  </Prezzi>
  <Prezzi>
    <Data>20170923</Data>
    <Mercato>MGP</Mercato>
    <Ora>22</Ora>
    <PUN>57,265830</PUN>
    <NAT>55,840000</NAT>
    <CNOR>55,170000</CNOR>
    <CSUD>55,170000</CSUD>
    <NORD>55,170000</NORD>
    <SARD>55,170000</SARD>
    <SICI>86,700000</SICI>
    <SUD>55,170000</SUD>
    <AUST>55,170000</AUST>
    <BRNN>55,170000</BRNN>
    <COAC>55,170000</COAC>
    <CORS>3000,000000</CORS>
    <FOGN>55,170000</FOGN>
    <FRAN>55,170000</FRAN>
    <GREC>55,170000</GREC>
    <MFTV>55,170000</MFTV>
    <PRGP>86,700000</PRGP>
    <ROSN>55,170000</ROSN>
    <SLOV>55,170000</SLOV>
    <SVIZ>55,170000</SVIZ>
    <BSP>55,170000</BSP>
    <MALT>86,700000</MALT>
    <XAUS>55,170000</XAUS>
    <XFRA>55,170000</XFRA>
  </Prezzi>
  <Prezzi>
    <Data>20170923</Data>
    <Mercato>MGP</Mercato>
    <Ora>23</Ora>
    <PUN>52,470580</PUN>
    <NAT>51,720000</NAT>
    <CNOR>51,720000</CNOR>
    <CSUD>51,720000</CSUD>
    <NORD>49,950000</NORD>
    <SARD>51,720000</SARD>
    <SICI>77,010000</SICI>
    <SUD>51,720000</SUD>
    <AUST>49,950000</AUST>
    <BRNN>51,720000</BRNN>
    <COAC>51,720000</COAC>
    <CORS>3000,000000</CORS>
    <FOGN>51,720000</FOGN>
    <FRAN>49,950000</FRAN>
    <GREC>51,720000</GREC>
    <MFTV>49,950000</MFTV>
    <PRGP>77,010000</PRGP>
    <ROSN>51,720000</ROSN>
    <SLOV>49,950000</SLOV>
    <SVIZ>49,950000</SVIZ>
    <BSP>49,950000</BSP>
    <MALT>77,010000</MALT>
    <XAUS>49,950000</XAUS>
    <XFRA>49,950000</XFRA>
  </Prezzi>
  <Prezzi>
    <Data>20170923</Data>
    <Mercato>MGP</Mercato>
    <Ora>24</Ora>
    <PUN>48,190000</PUN>
    <NAT>48,190000</NAT>
    <CNOR>48,190000</CNOR>
    <CSUD>48,190000</CSUD>
    <NORD>48,190000</NORD>
    <SARD>48,190000</SARD>
    <SICI>48,190000</SICI>
    <SUD>48,190000</SUD>
    <AUST>48,190000</AUST>
    <BRNN>48,190000</BRNN>
    <COAC>48,190000</COAC>
    <CORS>3000,000000</CORS>
    <FOGN>48,190000</FOGN>
    <FRAN>48,190000</FRAN>
    <GREC>48,190000</GREC>
    <MFTV>48,190000</MFTV>
    <PRGP>48,190000</PRGP>
    <ROSN>48,190000</ROSN>
    <SLOV>48,190000</SLOV>
    <SVIZ>48,190000</SVIZ>
    <BSP>48,190000</BSP>
    <MALT>48,190000</MALT>
    <XAUS>48,190000</XAUS>
    <XFRA>48,190000</XFRA>
  </Prezzi>
</NewDataSet>