<?xml version="1.0" standalone="yes"?>
<NewDataSet>
  <xs:schema id="NewDataSet" xmlns="" xmlns:xs="http://www.w3.org/2001/XMLSchema" xmlns:msdata="urn:schemas-microsoft-com:xml-msdata">
    <xs:element name="NewDataSet" msdata:IsDataSet="true" msdata:UseCurrentLocale="true">
      <xs:complexType>
        <xs:choice minOccurs="0" maxOccurs="unbounded">
          <xs:element name="Prezzi">
            <xs:complexType>
              <xs:sequence>
                <xs:element name="Data" type="xs:string" minOccurs="0" />
                <xs:element name="Mercato" type="xs:string" minOccurs="0" />
                <xs:element name="Ora" type="xs:string" minOccurs="0" />
                <xs:element name="PUN" type="xs:string" minOccurs="0" />
                <xs:element name="NAT" type="xs:string" minOccurs="0" />
                <xs:element name="CNOR" type="xs:string" minOccurs="0" />
                <xs:element name="CSUD" type="xs:string" minOccurs="0" />
                <xs:element name="NORD" type="xs:string" minOccurs="0" />
                <xs:element name="SARD" type="xs:string" minOccurs="0" />
                <xs:element name="SICI" type="xs:string" minOccurs="0" />
                <xs:element name="SUD" type="xs:string" minOccurs="0" />
                <xs:element name="AUST" type="xs:string" minOccurs="0" />
                <xs:element name="BRNN" type="xs:string" minOccurs="0" />
                <xs:element name="COAC" type="xs:string" minOccurs="0" />
                <xs:element name="CORS" type="xs:string" minOccurs="0" />
                <xs:element name="FOGN" type="xs:string" minOccurs="0" />
                <xs:element name="FRAN" type="xs:string" minOccurs="0" />
                <xs:element name="GREC" type="xs:string" minOccurs="0" />
                <xs:element name="MFTV" type="xs:string" minOccurs="0" />
                <xs:element name="PRGP" type="xs:string" minOccurs="0" />
                <xs:element name="ROSN" type="xs:string" minOccurs="0" />
                <xs:element name="SLOV" type="xs:string" minOccurs="0" />
                <xs:element name="SVIZ" type="xs:string" minOccurs="0" />
                <xs:element name="BSP" type="xs:string" minOccurs="0" />
                <xs:element name="MALT" type="xs:string" minOccurs="0" />
                <xs:element name="XAUS" type="xs:string" minOccurs="0" />
                <xs:element name="XFRA" type="xs:string" minOccurs="0" />
              </xs:sequence>
            </xs:complexType>
          </xs:element>
        </xs:choice>
      </xs:complexType>
    </xs:element>
  </xs:schema>
  <Prezzi>
    <Data>20170921</Data>
    <Mercato>MGP</Mercato>
    <Ora>1</Ora>
    <PUN>46,000000</PUN>
    <NAT>46,000000</NAT>
    <CNOR>46,000000</CNOR>
    <CSUD>46,000000</CSUD>
    <NORD>46,000000</NORD>
    <SARD>46,000000</SARD>
    <SICI>46,000000</SICI>
    <SUD>46,000000</SUD>
    <AUST>46,000000</AUST>
    <BRNN>46,000000</BRNN>
    <COAC>46,000000</COAC>
    <CORS>3000,000000</CORS>
    <FOGN>46,000000</FOGN>
    <FRAN>46,000000</FRAN>
    <GREC>46,000000</GREC>
    <MFTV>46,000000</MFTV>
    <PRGP>46,000000</PRGP>
    <ROSN>46,000000</ROSN>
    <SLOV>46,000000</SLOV>
    <SVIZ>46,000000</SVIZ>
    <BSP>46,000000</BSP>
    <MALT>46,000000</MALT>
    <XAUS>46,000000</XAUS>
    <XFRA>46,000000</XFRA>
  </Prezzi>
  <Prezzi>
    <Data>20170921</Data>
    <Mercato>MGP</Mercato>
    <Ora>2</Ora>
    <PUN>42,990000</PUN>
    <NAT>42,990000</NAT>
    <CNOR>42,990000</CNOR>
    <CSUD>42,990000</CSUD>
    <NORD>42,990000</NORD>
    <SARD>42,990000</SARD>
    <SICI>42,990000</SICI>
    <SUD>42,990000</SUD>
    <AUST>42,990000</AUST>
    <BRNN>42,990000</BRNN>
    <COAC>42,990000</COAC>
    <CORS>3000,000000</CORS>
    <FOGN>42,990000</FOGN>
    <FRAN>42,990000</FRAN>
    <GREC>42,990000</GREC>
    <MFTV>42,990000</MFTV>
    <PRGP>42,990000</PRGP>
    <ROSN>42,990000</ROSN>
    <SLOV>42,990000</SLOV>
    <SVIZ>42,990000</SVIZ>
    <BSP>42,990000</BSP>
    <MALT>42,990000</MALT>
    <XAUS>42,990000</XAUS>
    <XFRA>42,990000</XFRA>
  </Prezzi>
  <Prezzi>
    <Data>20170921</Data>
    <Mercato>MGP</Mercato>
    <Ora>3</Ora>
    <PUN>42,420000</PUN>
    <NAT>42,420000</NAT>
    <CNOR>42,420000</CNOR>
    <CSUD>42,420000</CSUD>
    <NORD>42,420000</NORD>
    <SARD>42,420000</SARD>
    <SICI>42,420000</SICI>
    <SUD>42,420000</SUD>
    <AUST>42,420000</AUST>
    <BRNN>42,420000</BRNN>
    <COAC>42,420000</COAC>
    <CORS>3000,000000</CORS>
    <FOGN>42,420000</FOGN>
    <FRAN>42,420000</FRAN>
    <GREC>42,420000</GREC>
    <MFTV>42,420000</MFTV>
    <PRGP>42,420000</PRGP>
    <ROSN>42,420000</ROSN>
    <SLOV>42,420000</SLOV>
    <SVIZ>42,420000</SVIZ>
    <BSP>42,420000</BSP>
    <MALT>42,420000</MALT>
    <XAUS>42,420000</XAUS>
    <XFRA>42,420000</XFRA>
  </Prezzi>
  <Prezzi>
    <Data>20170921</Data>
    <Mercato>MGP</Mercato>
    <Ora>4</Ora>
    <PUN>42,520000</PUN>
    <NAT>42,520000</NAT>
    <CNOR>42,520000</CNOR>
    <CSUD>42,520000</CSUD>
    <NORD>42,520000</NORD>
    <SARD>42,520000</SARD>
    <SICI>42,520000</SICI>
    <SUD>42,520000</SUD>
    <AUST>42,520000</AUST>
    <BRNN>42,520000</BRNN>
    <COAC>42,520000</COAC>
    <CORS>3000,000000</CORS>
    <FOGN>42,520000</FOGN>
    <FRAN>42,520000</FRAN>
    <GREC>42,520000</GREC>
    <MFTV>42,520000</MFTV>
    <PRGP>42,520000</PRGP>
    <ROSN>42,520000</ROSN>
    <SLOV>42,520000</SLOV>
    <SVIZ>42,520000</SVIZ>
    <BSP>42,520000</BSP>
    <MALT>42,520000</MALT>
    <XAUS>42,520000</XAUS>
    <XFRA>42,520000</XFRA>
  </Prezzi>
  <Prezzi>
    <Data>20170921</Data>
    <Mercato>MGP</Mercato>
    <Ora>5</Ora>
    <PUN>42,520000</PUN>
    <NAT>42,520000</NAT>
    <CNOR>42,520000</CNOR>
    <CSUD>42,520000</CSUD>
    <NORD>42,520000</NORD>
    <SARD>42,520000</SARD>
    <SICI>42,520000</SICI>
    <SUD>42,520000</SUD>
    <AUST>42,520000</AUST>
    <BRNN>42,520000</BRNN>
    <COAC>42,520000</COAC>
    <CORS>3000,000000</CORS>
    <FOGN>42,520000</FOGN>
    <FRAN>42,520000</FRAN>
    <GREC>42,520000</GREC>
    <MFTV>42,520000</MFTV>
    <PRGP>42,520000</PRGP>
    <ROSN>42,520000</ROSN>
    <SLOV>42,520000</SLOV>
    <SVIZ>42,520000</SVIZ>
    <BSP>42,520000</BSP>
    <MALT>42,520000</MALT>
    <XAUS>42,520000</XAUS>
    <XFRA>42,520000</XFRA>
  </Prezzi>
  <Prezzi>
    <Data>20170921</Data>
    <Mercato>MGP</Mercato>
    <Ora>6</Ora>
    <PUN>43,660000</PUN>
    <NAT>43,660000</NAT>
    <CNOR>43,660000</CNOR>
    <CSUD>43,660000</CSUD>
    <NORD>43,660000</NORD>
    <SARD>43,660000</SARD>
    <SICI>43,660000</SICI>
    <SUD>43,660000</SUD>
    <AUST>43,660000</AUST>
    <BRNN>43,660000</BRNN>
    <COAC>43,660000</COAC>
    <CORS>3000,000000</CORS>
    <FOGN>43,660000</FOGN>
    <FRAN>43,660000</FRAN>
    <GREC>43,660000</GREC>
    <MFTV>43,660000</MFTV>
    <PRGP>43,660000</PRGP>
    <ROSN>43,660000</ROSN>
    <SLOV>43,660000</SLOV>
    <SVIZ>43,660000</SVIZ>
    <BSP>43,660000</BSP>
    <MALT>43,660000</MALT>
    <XAUS>43,660000</XAUS>
    <XFRA>43,660000</XFRA>
  </Prezzi>
  <Prezzi>
    <Data>20170921</Data>
    <Mercato>MGP</Mercato>
    <Ora>7</Ora>
    <PUN>52,965330</PUN>
    <NAT>52,440000</NAT>
    <CNOR>53,200000</CNOR>
    <CSUD>52,440000</CSUD>
    <NORD>53,200000</NORD>
    <SARD>52,440000</SARD>
    <SICI>52,440000</SICI>
    <SUD>52,440000</SUD>
    <AUST>53,200000</AUST>
    <BRNN>52,440000</BRNN>
    <COAC>52,440000</COAC>
    <CORS>3000,000000</CORS>
    <FOGN>52,440000</FOGN>
    <FRAN>53,200000</FRAN>
    <GREC>52,440000</GREC>
    <MFTV>53,200000</MFTV>
    <PRGP>52,440000</PRGP>
    <ROSN>52,440000</ROSN>
    <SLOV>53,200000</SLOV>
    <SVIZ>53,200000</SVIZ>
    <BSP>53,200000</BSP>
    <MALT>52,440000</MALT>
    <XAUS>53,200000</XAUS>
    <XFRA>53,200000</XFRA>
  </Prezzi>
  <Prezzi>
    <Data>20170921</Data>
    <Mercato>MGP</Mercato>
    <Ora>8</Ora>
    <PUN>55,178450</PUN>
    <NAT>55,000000</NAT>
    <CNOR>56,010000</CNOR>
    <CSUD>53,270000</CSUD>
    <NORD>56,010000</NORD>
    <SARD>53,270000</SARD>
    <SICI>53,270000</SICI>
    <SUD>53,270000</SUD>
    <AUST>56,010000</AUST>
    <BRNN>53,270000</BRNN>
    <COAC>53,270000</COAC>
    <CORS>3000,000000</CORS>
    <FOGN>53,270000</FOGN>
    <FRAN>56,010000</FRAN>
    <GREC>53,270000</GREC>
    <MFTV>56,010000</MFTV>
    <PRGP>53,270000</PRGP>
    <ROSN>53,270000</ROSN>
    <SLOV>56,010000</SLOV>
    <SVIZ>56,010000</SVIZ>
    <BSP>56,010000</BSP>
    <MALT>53,270000</MALT>
    <XAUS>56,010000</XAUS>
    <XFRA>56,010000</XFRA>
  </Prezzi>
  <Prezzi>
    <Data>20170921</Data>
    <Mercato>MGP</Mercato>
    <Ora>9</Ora>
    <PUN>59,376550</PUN>
    <NAT>58,950000</NAT>
    <CNOR>62,010000</CNOR>
    <CSUD>53,270000</CSUD>
    <NORD>62,010000</NORD>
    <SARD>53,270000</SARD>
    <SICI>53,270000</SICI>
    <SUD>53,270000</SUD>
    <AUST>62,010000</AUST>
    <BRNN>53,270000</BRNN>
    <COAC>53,270000</COAC>
    <CORS>3000,000000</CORS>
    <FOGN>53,270000</FOGN>
    <FRAN>62,010000</FRAN>
    <GREC>53,270000</GREC>
    <MFTV>62,010000</MFTV>
    <PRGP>53,270000</PRGP>
    <ROSN>53,270000</ROSN>
    <SLOV>62,010000</SLOV>
    <SVIZ>62,010000</SVIZ>
    <BSP>62,010000</BSP>
    <MALT>53,270000</MALT>
    <XAUS>62,010000</XAUS>
    <XFRA>62,010000</XFRA>
  </Prezzi>
  <Prezzi>
    <Data>20170921</Data>
    <Mercato>MGP</Mercato>
    <Ora>10</Ora>
    <PUN>56,741980</PUN>
    <NAT>53,270000</NAT>
    <CNOR>58,640000</CNOR>
    <CSUD>52,440000</CSUD>
    <NORD>58,640000</NORD>
    <SARD>52,440000</SARD>
    <SICI>52,440000</SICI>
    <SUD>52,440000</SUD>
    <AUST>58,640000</AUST>
    <BRNN>52,440000</BRNN>
    <COAC>52,440000</COAC>
    <CORS>3000,000000</CORS>
    <FOGN>52,440000</FOGN>
    <FRAN>58,640000</FRAN>
    <GREC>52,440000</GREC>
    <MFTV>58,640000</MFTV>
    <PRGP>52,440000</PRGP>
    <ROSN>52,440000</ROSN>
    <SLOV>58,640000</SLOV>
    <SVIZ>58,640000</SVIZ>
    <BSP>58,640000</BSP>
    <MALT>52,440000</MALT>
    <XAUS>58,640000</XAUS>
    <XFRA>58,640000</XFRA>
  </Prezzi>
  <Prezzi>
    <Data>20170921</Data>
    <Mercato>MGP</Mercato>
    <Ora>11</Ora>
    <PUN>53,409170</PUN>
    <NAT>51,800000</NAT>
    <CNOR>56,010000</CNOR>
    <CSUD>47,370000</CSUD>
    <NORD>56,010000</NORD>
    <SARD>47,370000</SARD>
    <SICI>47,370000</SICI>
    <SUD>47,370000</SUD>
    <AUST>56,010000</AUST>
    <BRNN>47,370000</BRNN>
    <COAC>47,370000</COAC>
    <CORS>3000,000000</CORS>
    <FOGN>47,370000</FOGN>
    <FRAN>56,010000</FRAN>
    <GREC>47,370000</GREC>
    <MFTV>56,010000</MFTV>
    <PRGP>47,370000</PRGP>
    <ROSN>47,370000</ROSN>
    <SLOV>56,010000</SLOV>
    <SVIZ>56,010000</SVIZ>
    <BSP>56,010000</BSP>
    <MALT>47,370000</MALT>
    <XAUS>56,010000</XAUS>
    <XFRA>56,010000</XFRA>
  </Prezzi>
  <Prezzi>
    <Data>20170921</Data>
    <Mercato>MGP</Mercato>
    <Ora>12</Ora>
    <PUN>50,323420</PUN>
    <NAT>49,760000</NAT>
    <CNOR>53,200000</CNOR>
    <CSUD>43,660000</CSUD>
    <NORD>53,200000</NORD>
    <SARD>43,660000</SARD>
    <SICI>43,660000</SICI>
    <SUD>43,660000</SUD>
    <AUST>53,200000</AUST>
    <BRNN>43,660000</BRNN>
    <COAC>43,660000</COAC>
    <CORS>3000,000000</CORS>
    <FOGN>43,660000</FOGN>
    <FRAN>53,200000</FRAN>
    <GREC>43,660000</GREC>
    <MFTV>53,200000</MFTV>
    <PRGP>43,660000</PRGP>
    <ROSN>43,660000</ROSN>
    <SLOV>53,200000</SLOV>
    <SVIZ>53,200000</SVIZ>
    <BSP>53,200000</BSP>
    <MALT>43,660000</MALT>
    <XAUS>53,200000</XAUS>
    <XFRA>53,200000</XFRA>
  </Prezzi>
  <Prezzi>
    <Data>20170921</Data>
    <Mercato>MGP</Mercato>
    <Ora>13</Ora>
    <PUN>42,520000</PUN>
    <NAT>42,520000</NAT>
    <CNOR>42,520000</CNOR>
    <CSUD>42,520000</CSUD>
    <NORD>42,520000</NORD>
    <SARD>42,520000</SARD>
    <SICI>42,520000</SICI>
    <SUD>42,520000</SUD>
    <AUST>42,520000</AUST>
    <BRNN>42,520000</BRNN>
    <COAC>42,520000</COAC>
    <CORS>3000,000000</CORS>
    <FOGN>42,520000</FOGN>
    <FRAN>42,520000</FRAN>
    <GREC>42,520000</GREC>
    <MFTV>42,520000</MFTV>
    <PRGP>42,520000</PRGP>
    <ROSN>42,520000</ROSN>
    <SLOV>42,520000</SLOV>
    <SVIZ>42,520000</SVIZ>
    <BSP>42,520000</BSP>
    <MALT>42,520000</MALT>
    <XAUS>42,520000</XAUS>
    <XFRA>42,520000</XFRA>
  </Prezzi>
  <Prezzi>
    <Data>20170921</Data>
    <Mercato>MGP</Mercato>
    <Ora>14</Ora>
    <PUN>41,990000</PUN>
    <NAT>41,990000</NAT>
    <CNOR>41,990000</CNOR>
    <CSUD>41,990000</CSUD>
    <NORD>41,990000</NORD>
    <SARD>41,990000</SARD>
    <SICI>41,990000</SICI>
    <SUD>41,990000</SUD>
    <AUST>41,990000</AUST>
    <BRNN>41,990000</BRNN>
    <COAC>41,990000</COAC>
    <CORS>3000,000000</CORS>
    <FOGN>41,990000</FOGN>
    <FRAN>41,990000</FRAN>
    <GREC>41,990000</GREC>
    <MFTV>41,990000</MFTV>
    <PRGP>41,990000</PRGP>
    <ROSN>41,990000</ROSN>
    <SLOV>41,990000</SLOV>
    <SVIZ>41,990000</SVIZ>
    <BSP>41,990000</BSP>
    <MALT>41,990000</MALT>
    <XAUS>41,990000</XAUS>
    <XFRA>41,990000</XFRA>
  </Prezzi>
  <Prezzi>
    <Data>20170921</Data>
    <Mercato>MGP</Mercato>
    <Ora>15</Ora>
    <PUN>43,110000</PUN>
    <NAT>43,110000</NAT>
    <CNOR>43,110000</CNOR>
    <CSUD>43,110000</CSUD>
    <NORD>43,110000</NORD>
    <SARD>43,110000</SARD>
    <SICI>43,110000</SICI>
    <SUD>43,110000</SUD>
    <AUST>43,110000</AUST>
    <BRNN>43,110000</BRNN>
    <COAC>43,110000</COAC>
    <CORS>3000,000000</CORS>
    <FOGN>43,110000</FOGN>
    <FRAN>43,110000</FRAN>
    <GREC>43,110000</GREC>
    <MFTV>43,110000</MFTV>
    <PRGP>43,110000</PRGP>
    <ROSN>43,110000</ROSN>
    <SLOV>43,110000</SLOV>
    <SVIZ>43,110000</SVIZ>
    <BSP>43,110000</BSP>
    <MALT>43,110000</MALT>
    <XAUS>43,110000</XAUS>
    <XFRA>43,110000</XFRA>
  </Prezzi>
  <Prezzi>
    <Data>20170921</Data>
    <Mercato>MGP</Mercato>
    <Ora>16</Ora>
    <PUN>49,190020</PUN>
    <NAT>48,160000</NAT>
    <CNOR>51,550000</CNOR>
    <CSUD>43,660000</CSUD>
    <NORD>51,550000</NORD>
    <SARD>43,660000</SARD>
    <SICI>43,660000</SICI>
    <SUD>43,660000</SUD>
    <AUST>51,550000</AUST>
    <BRNN>43,660000</BRNN>
    <COAC>43,660000</COAC>
    <CORS>3000,000000</CORS>
    <FOGN>43,660000</FOGN>
    <FRAN>51,550000</FRAN>
    <GREC>43,660000</GREC>
    <MFTV>51,550000</MFTV>
    <PRGP>43,660000</PRGP>
    <ROSN>43,660000</ROSN>
    <SLOV>51,550000</SLOV>
    <SVIZ>51,550000</SVIZ>
    <BSP>51,550000</BSP>
    <MALT>43,660000</MALT>
    <XAUS>51,550000</XAUS>
    <XFRA>51,550000</XFRA>
  </Prezzi>
  <Prezzi>
    <Data>20170921</Data>
    <Mercato>MGP</Mercato>
    <Ora>17</Ora>
    <PUN>52,750090</PUN>
    <NAT>51,800000</NAT>
    <CNOR>53,200000</CNOR>
    <CSUD>51,720000</CSUD>
    <NORD>53,200000</NORD>
    <SARD>51,720000</SARD>
    <SICI>51,720000</SICI>
    <SUD>51,720000</SUD>
    <AUST>53,200000</AUST>
    <BRNN>51,720000</BRNN>
    <COAC>51,720000</COAC>
    <CORS>3000,000000</CORS>
    <FOGN>51,720000</FOGN>
    <FRAN>53,200000</FRAN>
    <GREC>51,720000</GREC>
    <MFTV>53,200000</MFTV>
    <PRGP>51,720000</PRGP>
    <ROSN>51,720000</ROSN>
    <SLOV>53,200000</SLOV>
    <SVIZ>53,200000</SVIZ>
    <BSP>53,200000</BSP>
    <MALT>51,720000</MALT>
    <XAUS>53,200000</XAUS>
    <XFRA>53,200000</XFRA>
  </Prezzi>
  <Prezzi>
    <Data>20170921</Data>
    <Mercato>MGP</Mercato>
    <Ora>18</Ora>
    <PUN>54,710000</PUN>
    <NAT>54,710000</NAT>
    <CNOR>54,710000</CNOR>
    <CSUD>54,710000</CSUD>
    <NORD>54,710000</NORD>
    <SARD>54,710000</SARD>
    <SICI>54,710000</SICI>
    <SUD>54,710000</SUD>
    <AUST>54,710000</AUST>
    <BRNN>54,710000</BRNN>
    <COAC>54,710000</COAC>
    <CORS>3000,000000</CORS>
    <FOGN>54,710000</FOGN>
    <FRAN>54,710000</FRAN>
    <GREC>54,710000</GREC>
    <MFTV>54,710000</MFTV>
    <PRGP>54,710000</PRGP>
    <ROSN>54,710000</ROSN>
    <SLOV>54,710000</SLOV>
    <SVIZ>54,710000</SVIZ>
    <BSP>54,710000</BSP>
    <MALT>54,710000</MALT>
    <XAUS>54,710000</XAUS>
    <XFRA>54,710000</XFRA>
  </Prezzi>
  <Prezzi>
    <Data>20170921</Data>
    <Mercato>MGP</Mercato>
    <Ora>19</Ora>
    <PUN>63,360260</PUN>
    <NAT>63,280000</NAT>
    <CNOR>62,010000</CNOR>
    <CSUD>62,010000</CSUD>
    <NORD>62,010000</NORD>
    <SARD>62,010000</SARD>
    <SICI>86,010000</SICI>
    <SUD>62,010000</SUD>
    <AUST>62,010000</AUST>
    <BRNN>62,010000</BRNN>
    <COAC>62,010000</COAC>
    <CORS>3000,000000</CORS>
    <FOGN>62,010000</FOGN>
    <FRAN>62,010000</FRAN>
    <GREC>62,010000</GREC>
    <MFTV>62,010000</MFTV>
    <PRGP>86,010000</PRGP>
    <ROSN>62,010000</ROSN>
    <SLOV>62,010000</SLOV>
    <SVIZ>62,010000</SVIZ>
    <BSP>62,010000</BSP>
    <MALT>86,010000</MALT>
    <XAUS>62,010000</XAUS>
    <XFRA>62,010000</XFRA>
  </Prezzi>
  <Prezzi>
    <Data>20170921</Data>
    <Mercato>MGP</Mercato>
    <Ora>20</Ora>
    <PUN>89,820000</PUN>
    <NAT>90,000000</NAT>
    <CNOR>89,401200</CNOR>
    <CSUD>89,401200</CSUD>
    <NORD>89,401200</NORD>
    <SARD>89,401200</SARD>
    <SICI>96,440000</SICI>
    <SUD>89,401200</SUD>
    <AUST>89,401200</AUST>
    <BRNN>89,401200</BRNN>
    <COAC>89,401200</COAC>
    <CORS>3000,000000</CORS>
    <FOGN>89,401200</FOGN>
    <FRAN>89,401200</FRAN>
    <GREC>89,401200</GREC>
    <MFTV>89,401200</MFTV>
    <PRGP>96,440000</PRGP>
    <ROSN>89,401200</ROSN>
    <SLOV>89,401200</SLOV>
    <SVIZ>89,401200</SVIZ>
    <BSP>89,401200</BSP>
    <MALT>96,440000</MALT>
    <XAUS>89,401200</XAUS>
    <XFRA>89,401200</XFRA>
  </Prezzi>
  <Prezzi>
    <Data>20170921</Data>
    <Mercato>MGP</Mercato>
    <Ora>21</Ora>
    <PUN>73,457470</PUN>
    <NAT>86,010000</NAT>
    <CNOR>72,000000</CNOR>
    <CSUD>72,000000</CSUD>
    <NORD>72,000000</NORD>
    <SARD>72,000000</SARD>
    <SICI>96,440000</SICI>
    <SUD>72,000000</SUD>
    <AUST>72,000000</AUST>
    <BRNN>72,000000</BRNN>
    <COAC>72,000000</COAC>
    <CORS>3000,000000</CORS>
    <FOGN>72,000000</FOGN>
    <FRAN>72,000000</FRAN>
    <GREC>72,000000</GREC>
    <MFTV>72,000000</MFTV>
    <PRGP>96,440000</PRGP>
    <ROSN>72,000000</ROSN>
    <SLOV>72,000000</SLOV>
    <SVIZ>72,000000</SVIZ>
    <BSP>72,000000</BSP>
    <MALT>96,440000</MALT>
    <XAUS>72,000000</XAUS>
    <XFRA>72,000000</XFRA>
  </Prezzi>
  <Prezzi>
    <Data>20170921</Data>
    <Mercato>MGP</Mercato>
    <Ora>22</Ora>
    <PUN>60,630000</PUN>
    <NAT>62,010000</NAT>
    <CNOR>58,999020</CNOR>
    <CSUD>58,999020</CSUD>
    <NORD>58,999020</NORD>
    <SARD>58,999020</SARD>
    <SICI>86,700000</SICI>
    <SUD>58,999020</SUD>
    <AUST>58,999020</AUST>
    <BRNN>58,999020</BRNN>
    <COAC>58,999020</COAC>
    <CORS>3000,000000</CORS>
    <FOGN>58,999020</FOGN>
    <FRAN>58,999020</FRAN>
    <GREC>58,999020</GREC>
    <MFTV>58,999020</MFTV>
    <PRGP>86,700000</PRGP>
    <ROSN>58,999020</ROSN>
    <SLOV>58,999020</SLOV>
    <SVIZ>58,999020</SVIZ>
    <BSP>58,999020</BSP>
    <MALT>86,700000</MALT>
    <XAUS>58,999020</XAUS>
    <XFRA>58,999020</XFRA>
  </Prezzi>
  <Prezzi>
    <Data>20170921</Data>
    <Mercato>MGP</Mercato>
    <Ora>23</Ora>
    <PUN>53,856320</PUN>
    <NAT>52,260000</NAT>
    <CNOR>51,800000</CNOR>
    <CSUD>51,800000</CSUD>
    <NORD>51,800000</NORD>
    <SARD>51,800000</SARD>
    <SICI>86,010000</SICI>
    <SUD>51,800000</SUD>
    <AUST>51,800000</AUST>
    <BRNN>51,800000</BRNN>
    <COAC>51,800000</COAC>
    <CORS>3000,000000</CORS>
    <FOGN>51,800000</FOGN>
    <FRAN>51,800000</FRAN>
    <GREC>51,800000</GREC>
    <MFTV>51,800000</MFTV>
    <PRGP>86,010000</PRGP>
    <ROSN>51,800000</ROSN>
    <SLOV>51,800000</SLOV>
    <SVIZ>51,800000</SVIZ>
    <BSP>51,800000</BSP>
    <MALT>86,010000</MALT>
    <XAUS>51,800000</XAUS>
    <XFRA>51,800000</XFRA>
  </Prezzi>
  <Prezzi>
    <Data>20170921</Data>
    <Mercato>MGP</Mercato>
    <Ora>24</Ora>
    <PUN>51,813660</PUN>
    <NAT>51,550000</NAT>
    <CNOR>51,550000</CNOR>
    <CSUD>51,550000</CSUD>
    <NORD>51,550000</NORD>
    <SARD>51,550000</SARD>
    <SICI>55,990000</SICI>
    <SUD>51,550000</SUD>
    <AUST>51,550000</AUST>
    <BRNN>51,550000</BRNN>
    <COAC>51,550000</COAC>
    <CORS>3000,000000</CORS>
    <FOGN>51,550000</FOGN>
    <FRAN>51,550000</FRAN>
    <GREC>51,550000</GREC>
    <MFTV>51,550000</MFTV>
    <PRGP>55,990000</PRGP>
    <ROSN>51,550000</ROSN>
    <SLOV>51,550000</SLOV>
    <SVIZ>51,550000</SVIZ>
    <BSP>51,550000</BSP>
    <MALT>55,990000</MALT>
    <XAUS>51,550000</XAUS>
    <XFRA>51,550000</XFRA>
  </Prezzi>
</NewDataSet>