<?xml version="1.0" standalone="yes"?>
<NewDataSet>
  <xs:schema id="NewDataSet" xmlns="" xmlns:xs="http://www.w3.org/2001/XMLSchema" xmlns:msdata="urn:schemas-microsoft-com:xml-msdata">
    <xs:element name="NewDataSet" msdata:IsDataSet="true" msdata:UseCurrentLocale="true">
      <xs:complexType>
        <xs:choice minOccurs="0" maxOccurs="unbounded">
          <xs:element name="Prezzi">
            <xs:complexType>
              <xs:sequence>
                <xs:element name="Data" type="xs:string" minOccurs="0" />
                <xs:element name="Mercato" type="xs:string" minOccurs="0" />
                <xs:element name="Ora" type="xs:string" minOccurs="0" />
                <xs:element name="PUN" type="xs:string" minOccurs="0" />
                <xs:element name="NAT" type="xs:string" minOccurs="0" />
                <xs:element name="CNOR" type="xs:string" minOccurs="0" />
                <xs:element name="CSUD" type="xs:string" minOccurs="0" />
                <xs:element name="NORD" type="xs:string" minOccurs="0" />
                <xs:element name="SARD" type="xs:string" minOccurs="0" />
                <xs:element name="SICI" type="xs:string" minOccurs="0" />
                <xs:element name="SUD" type="xs:string" minOccurs="0" />
                <xs:element name="AUST" type="xs:string" minOccurs="0" />
                <xs:element name="BRNN" type="xs:string" minOccurs="0" />
                <xs:element name="COAC" type="xs:string" minOccurs="0" />
                <xs:element name="CORS" type="xs:string" minOccurs="0" />
                <xs:element name="FOGN" type="xs:string" minOccurs="0" />
                <xs:element name="FRAN" type="xs:string" minOccurs="0" />
                <xs:element name="GREC" type="xs:string" minOccurs="0" />
                <xs:element name="MFTV" type="xs:string" minOccurs="0" />
                <xs:element name="PRGP" type="xs:string" minOccurs="0" />
                <xs:element name="ROSN" type="xs:string" minOccurs="0" />
                <xs:element name="SLOV" type="xs:string" minOccurs="0" />
                <xs:element name="SVIZ" type="xs:string" minOccurs="0" />
                <xs:element name="BSP" type="xs:string" minOccurs="0" />
                <xs:element name="MALT" type="xs:string" minOccurs="0" />
                <xs:element name="XAUS" type="xs:string" minOccurs="0" />
                <xs:element name="XFRA" type="xs:string" minOccurs="0" />
              </xs:sequence>
            </xs:complexType>
          </xs:element>
        </xs:choice>
      </xs:complexType>
    </xs:element>
  </xs:schema>
  <Prezzi>
    <Data>20170908</Data>
    <Mercato>MGP</Mercato>
    <Ora>1</Ora>
    <PUN>48,504990</PUN>
    <NAT>47,960000</NAT>
    <CNOR>47,960000</CNOR>
    <CSUD>47,960000</CSUD>
    <NORD>47,960000</NORD>
    <SARD>47,960000</SARD>
    <SICI>56,740000</SICI>
    <SUD>47,960000</SUD>
    <AUST>47,960000</AUST>
    <BRNN>47,960000</BRNN>
    <COAC>47,960000</COAC>
    <CORS>47,960000</CORS>
    <FOGN>47,960000</FOGN>
    <FRAN>47,960000</FRAN>
    <GREC>47,960000</GREC>
    <MFTV>47,960000</MFTV>
    <PRGP>56,740000</PRGP>
    <ROSN>47,960000</ROSN>
    <SLOV>47,960000</SLOV>
    <SVIZ>47,960000</SVIZ>
    <BSP>47,960000</BSP>
    <MALT>56,740000</MALT>
    <XAUS>47,960000</XAUS>
    <XFRA>47,960000</XFRA>
  </Prezzi>
  <Prezzi>
    <Data>20170908</Data>
    <Mercato>MGP</Mercato>
    <Ora>2</Ora>
    <PUN>47,580000</PUN>
    <NAT>47,580000</NAT>
    <CNOR>47,580000</CNOR>
    <CSUD>47,580000</CSUD>
    <NORD>47,580000</NORD>
    <SARD>47,580000</SARD>
    <SICI>47,580000</SICI>
    <SUD>47,580000</SUD>
    <AUST>47,580000</AUST>
    <BRNN>47,580000</BRNN>
    <COAC>47,580000</COAC>
    <CORS>47,580000</CORS>
    <FOGN>47,580000</FOGN>
    <FRAN>47,580000</FRAN>
    <GREC>47,580000</GREC>
    <MFTV>47,580000</MFTV>
    <PRGP>47,580000</PRGP>
    <ROSN>47,580000</ROSN>
    <SLOV>47,580000</SLOV>
    <SVIZ>47,580000</SVIZ>
    <BSP>47,580000</BSP>
    <MALT>47,580000</MALT>
    <XAUS>47,580000</XAUS>
    <XFRA>47,580000</XFRA>
  </Prezzi>
  <Prezzi>
    <Data>20170908</Data>
    <Mercato>MGP</Mercato>
    <Ora>3</Ora>
    <PUN>45,560000</PUN>
    <NAT>45,560000</NAT>
    <CNOR>45,560000</CNOR>
    <CSUD>45,560000</CSUD>
    <NORD>45,560000</NORD>
    <SARD>45,560000</SARD>
    <SICI>45,560000</SICI>
    <SUD>45,560000</SUD>
    <AUST>45,560000</AUST>
    <BRNN>45,560000</BRNN>
    <COAC>45,560000</COAC>
    <CORS>45,560000</CORS>
    <FOGN>45,560000</FOGN>
    <FRAN>45,560000</FRAN>
    <GREC>45,560000</GREC>
    <MFTV>45,560000</MFTV>
    <PRGP>45,560000</PRGP>
    <ROSN>45,560000</ROSN>
    <SLOV>45,560000</SLOV>
    <SVIZ>45,560000</SVIZ>
    <BSP>45,560000</BSP>
    <MALT>45,560000</MALT>
    <XAUS>45,560000</XAUS>
    <XFRA>45,560000</XFRA>
  </Prezzi>
  <Prezzi>
    <Data>20170908</Data>
    <Mercato>MGP</Mercato>
    <Ora>4</Ora>
    <PUN>45,430000</PUN>
    <NAT>45,430000</NAT>
    <CNOR>45,430000</CNOR>
    <CSUD>45,430000</CSUD>
    <NORD>45,430000</NORD>
    <SARD>45,430000</SARD>
    <SICI>45,430000</SICI>
    <SUD>45,430000</SUD>
    <AUST>45,430000</AUST>
    <BRNN>45,430000</BRNN>
    <COAC>45,430000</COAC>
    <CORS>45,430000</CORS>
    <FOGN>45,430000</FOGN>
    <FRAN>45,430000</FRAN>
    <GREC>45,430000</GREC>
    <MFTV>45,430000</MFTV>
    <PRGP>45,430000</PRGP>
    <ROSN>45,430000</ROSN>
    <SLOV>45,430000</SLOV>
    <SVIZ>45,430000</SVIZ>
    <BSP>45,430000</BSP>
    <MALT>45,430000</MALT>
    <XAUS>45,430000</XAUS>
    <XFRA>45,430000</XFRA>
  </Prezzi>
  <Prezzi>
    <Data>20170908</Data>
    <Mercato>MGP</Mercato>
    <Ora>5</Ora>
    <PUN>45,540000</PUN>
    <NAT>45,540000</NAT>
    <CNOR>45,540000</CNOR>
    <CSUD>45,540000</CSUD>
    <NORD>45,540000</NORD>
    <SARD>45,540000</SARD>
    <SICI>45,540000</SICI>
    <SUD>45,540000</SUD>
    <AUST>45,540000</AUST>
    <BRNN>45,540000</BRNN>
    <COAC>45,540000</COAC>
    <CORS>45,540000</CORS>
    <FOGN>45,540000</FOGN>
    <FRAN>45,540000</FRAN>
    <GREC>45,540000</GREC>
    <MFTV>45,540000</MFTV>
    <PRGP>45,540000</PRGP>
    <ROSN>45,540000</ROSN>
    <SLOV>45,540000</SLOV>
    <SVIZ>45,540000</SVIZ>
    <BSP>45,540000</BSP>
    <MALT>45,540000</MALT>
    <XAUS>45,540000</XAUS>
    <XFRA>45,540000</XFRA>
  </Prezzi>
  <Prezzi>
    <Data>20170908</Data>
    <Mercato>MGP</Mercato>
    <Ora>6</Ora>
    <PUN>47,990000</PUN>
    <NAT>47,990000</NAT>
    <CNOR>47,990000</CNOR>
    <CSUD>47,990000</CSUD>
    <NORD>47,990000</NORD>
    <SARD>47,990000</SARD>
    <SICI>47,990000</SICI>
    <SUD>47,990000</SUD>
    <AUST>47,990000</AUST>
    <BRNN>47,990000</BRNN>
    <COAC>47,990000</COAC>
    <CORS>47,990000</CORS>
    <FOGN>47,990000</FOGN>
    <FRAN>47,990000</FRAN>
    <GREC>47,990000</GREC>
    <MFTV>47,990000</MFTV>
    <PRGP>47,990000</PRGP>
    <ROSN>47,990000</ROSN>
    <SLOV>47,990000</SLOV>
    <SVIZ>47,990000</SVIZ>
    <BSP>47,990000</BSP>
    <MALT>47,990000</MALT>
    <XAUS>47,990000</XAUS>
    <XFRA>47,990000</XFRA>
  </Prezzi>
  <Prezzi>
    <Data>20170908</Data>
    <Mercato>MGP</Mercato>
    <Ora>7</Ora>
    <PUN>52,420000</PUN>
    <NAT>52,420000</NAT>
    <CNOR>52,420000</CNOR>
    <CSUD>52,420000</CSUD>
    <NORD>52,420000</NORD>
    <SARD>52,420000</SARD>
    <SICI>52,420000</SICI>
    <SUD>52,420000</SUD>
    <AUST>52,420000</AUST>
    <BRNN>52,420000</BRNN>
    <COAC>52,420000</COAC>
    <CORS>52,420000</CORS>
    <FOGN>52,420000</FOGN>
    <FRAN>52,420000</FRAN>
    <GREC>52,420000</GREC>
    <MFTV>52,420000</MFTV>
    <PRGP>52,420000</PRGP>
    <ROSN>52,420000</ROSN>
    <SLOV>52,420000</SLOV>
    <SVIZ>52,420000</SVIZ>
    <BSP>52,420000</BSP>
    <MALT>52,420000</MALT>
    <XAUS>52,420000</XAUS>
    <XFRA>52,420000</XFRA>
  </Prezzi>
  <Prezzi>
    <Data>20170908</Data>
    <Mercato>MGP</Mercato>
    <Ora>8</Ora>
    <PUN>53,439740</PUN>
    <NAT>53,250000</NAT>
    <CNOR>53,250000</CNOR>
    <CSUD>53,250000</CSUD>
    <NORD>53,250000</NORD>
    <SARD>53,250000</SARD>
    <SICI>56,740000</SICI>
    <SUD>53,250000</SUD>
    <AUST>53,250000</AUST>
    <BRNN>53,250000</BRNN>
    <COAC>53,250000</COAC>
    <CORS>53,250000</CORS>
    <FOGN>53,250000</FOGN>
    <FRAN>53,250000</FRAN>
    <GREC>53,250000</GREC>
    <MFTV>53,250000</MFTV>
    <PRGP>56,740000</PRGP>
    <ROSN>53,250000</ROSN>
    <SLOV>53,250000</SLOV>
    <SVIZ>53,250000</SVIZ>
    <BSP>53,250000</BSP>
    <MALT>56,740000</MALT>
    <XAUS>53,250000</XAUS>
    <XFRA>53,250000</XFRA>
  </Prezzi>
  <Prezzi>
    <Data>20170908</Data>
    <Mercato>MGP</Mercato>
    <Ora>9</Ora>
    <PUN>55,735680</PUN>
    <NAT>55,750000</NAT>
    <CNOR>54,000000</CNOR>
    <CSUD>54,000000</CSUD>
    <NORD>54,000000</NORD>
    <SARD>54,000000</SARD>
    <SICI>86,010000</SICI>
    <SUD>53,780000</SUD>
    <AUST>54,000000</AUST>
    <BRNN>53,780000</BRNN>
    <COAC>54,000000</COAC>
    <CORS>54,000000</CORS>
    <FOGN>53,780000</FOGN>
    <FRAN>54,000000</FRAN>
    <GREC>53,780000</GREC>
    <MFTV>54,000000</MFTV>
    <PRGP>86,010000</PRGP>
    <ROSN>53,780000</ROSN>
    <SLOV>54,000000</SLOV>
    <SVIZ>54,000000</SVIZ>
    <BSP>54,000000</BSP>
    <MALT>86,010000</MALT>
    <XAUS>54,000000</XAUS>
    <XFRA>54,000000</XFRA>
  </Prezzi>
  <Prezzi>
    <Data>20170908</Data>
    <Mercato>MGP</Mercato>
    <Ora>10</Ora>
    <PUN>56,709020</PUN>
    <NAT>55,150000</NAT>
    <CNOR>55,150000</CNOR>
    <CSUD>55,150000</CSUD>
    <NORD>55,150000</NORD>
    <SARD>55,150000</SARD>
    <SICI>86,010000</SICI>
    <SUD>53,250000</SUD>
    <AUST>55,150000</AUST>
    <BRNN>53,250000</BRNN>
    <COAC>55,150000</COAC>
    <CORS>55,150000</CORS>
    <FOGN>53,250000</FOGN>
    <FRAN>55,150000</FRAN>
    <GREC>53,250000</GREC>
    <MFTV>55,150000</MFTV>
    <PRGP>86,010000</PRGP>
    <ROSN>53,250000</ROSN>
    <SLOV>55,150000</SLOV>
    <SVIZ>55,150000</SVIZ>
    <BSP>55,150000</BSP>
    <MALT>86,010000</MALT>
    <XAUS>55,150000</XAUS>
    <XFRA>55,150000</XFRA>
  </Prezzi>
  <Prezzi>
    <Data>20170908</Data>
    <Mercato>MGP</Mercato>
    <Ora>11</Ora>
    <PUN>53,393670</PUN>
    <NAT>52,420000</NAT>
    <CNOR>52,420000</CNOR>
    <CSUD>52,420000</CSUD>
    <NORD>52,420000</NORD>
    <SARD>52,420000</SARD>
    <SICI>70,000000</SICI>
    <SUD>52,420000</SUD>
    <AUST>52,420000</AUST>
    <BRNN>52,420000</BRNN>
    <COAC>52,420000</COAC>
    <CORS>52,420000</CORS>
    <FOGN>52,420000</FOGN>
    <FRAN>52,420000</FRAN>
    <GREC>52,420000</GREC>
    <MFTV>52,420000</MFTV>
    <PRGP>70,000000</PRGP>
    <ROSN>52,420000</ROSN>
    <SLOV>52,420000</SLOV>
    <SVIZ>52,420000</SVIZ>
    <BSP>52,420000</BSP>
    <MALT>70,000000</MALT>
    <XAUS>52,420000</XAUS>
    <XFRA>52,420000</XFRA>
  </Prezzi>
  <Prezzi>
    <Data>20170908</Data>
    <Mercato>MGP</Mercato>
    <Ora>12</Ora>
    <PUN>52,484880</PUN>
    <NAT>51,700000</NAT>
    <CNOR>51,700000</CNOR>
    <CSUD>51,700000</CSUD>
    <NORD>51,700000</NORD>
    <SARD>51,700000</SARD>
    <SICI>65,990000</SICI>
    <SUD>51,700000</SUD>
    <AUST>51,700000</AUST>
    <BRNN>51,700000</BRNN>
    <COAC>51,700000</COAC>
    <CORS>51,700000</CORS>
    <FOGN>51,700000</FOGN>
    <FRAN>51,700000</FRAN>
    <GREC>51,700000</GREC>
    <MFTV>51,700000</MFTV>
    <PRGP>65,990000</PRGP>
    <ROSN>51,700000</ROSN>
    <SLOV>51,700000</SLOV>
    <SVIZ>51,700000</SVIZ>
    <BSP>51,700000</BSP>
    <MALT>65,990000</MALT>
    <XAUS>51,700000</XAUS>
    <XFRA>51,700000</XFRA>
  </Prezzi>
  <Prezzi>
    <Data>20170908</Data>
    <Mercato>MGP</Mercato>
    <Ora>13</Ora>
    <PUN>47,970750</PUN>
    <NAT>47,910000</NAT>
    <CNOR>48,000000</CNOR>
    <CSUD>47,910000</CSUD>
    <NORD>48,000000</NORD>
    <SARD>47,910000</SARD>
    <SICI>47,910000</SICI>
    <SUD>47,910000</SUD>
    <AUST>48,000000</AUST>
    <BRNN>47,910000</BRNN>
    <COAC>47,910000</COAC>
    <CORS>48,000000</CORS>
    <FOGN>47,910000</FOGN>
    <FRAN>48,000000</FRAN>
    <GREC>47,910000</GREC>
    <MFTV>48,000000</MFTV>
    <PRGP>47,910000</PRGP>
    <ROSN>47,910000</ROSN>
    <SLOV>48,000000</SLOV>
    <SVIZ>48,000000</SVIZ>
    <BSP>48,000000</BSP>
    <MALT>47,910000</MALT>
    <XAUS>48,000000</XAUS>
    <XFRA>48,000000</XFRA>
  </Prezzi>
  <Prezzi>
    <Data>20170908</Data>
    <Mercato>MGP</Mercato>
    <Ora>14</Ora>
    <PUN>47,170000</PUN>
    <NAT>47,170000</NAT>
    <CNOR>47,170000</CNOR>
    <CSUD>47,170000</CSUD>
    <NORD>47,170000</NORD>
    <SARD>47,170000</SARD>
    <SICI>47,170000</SICI>
    <SUD>47,170000</SUD>
    <AUST>47,170000</AUST>
    <BRNN>47,170000</BRNN>
    <COAC>47,170000</COAC>
    <CORS>47,170000</CORS>
    <FOGN>47,170000</FOGN>
    <FRAN>47,170000</FRAN>
    <GREC>47,170000</GREC>
    <MFTV>47,170000</MFTV>
    <PRGP>47,170000</PRGP>
    <ROSN>47,170000</ROSN>
    <SLOV>47,170000</SLOV>
    <SVIZ>47,170000</SVIZ>
    <BSP>47,170000</BSP>
    <MALT>47,170000</MALT>
    <XAUS>47,170000</XAUS>
    <XFRA>47,170000</XFRA>
  </Prezzi>
  <Prezzi>
    <Data>20170908</Data>
    <Mercato>MGP</Mercato>
    <Ora>15</Ora>
    <PUN>47,407400</PUN>
    <NAT>47,570000</NAT>
    <CNOR>47,580000</CNOR>
    <CSUD>47,020000</CSUD>
    <NORD>47,580000</NORD>
    <SARD>47,020000</SARD>
    <SICI>47,020000</SICI>
    <SUD>47,020000</SUD>
    <AUST>47,580000</AUST>
    <BRNN>47,020000</BRNN>
    <COAC>47,020000</COAC>
    <CORS>47,580000</CORS>
    <FOGN>47,020000</FOGN>
    <FRAN>47,580000</FRAN>
    <GREC>47,020000</GREC>
    <MFTV>47,580000</MFTV>
    <PRGP>47,020000</PRGP>
    <ROSN>47,020000</ROSN>
    <SLOV>47,580000</SLOV>
    <SVIZ>47,580000</SVIZ>
    <BSP>47,580000</BSP>
    <MALT>47,020000</MALT>
    <XAUS>47,580000</XAUS>
    <XFRA>47,580000</XFRA>
  </Prezzi>
  <Prezzi>
    <Data>20170908</Data>
    <Mercato>MGP</Mercato>
    <Ora>16</Ora>
    <PUN>48,500000</PUN>
    <NAT>48,000000</NAT>
    <CNOR>48,889270</CNOR>
    <CSUD>47,630000</CSUD>
    <NORD>48,889270</NORD>
    <SARD>47,630000</SARD>
    <SICI>47,630000</SICI>
    <SUD>47,630000</SUD>
    <AUST>48,889270</AUST>
    <BRNN>47,630000</BRNN>
    <COAC>47,630000</COAC>
    <CORS>48,889270</CORS>
    <FOGN>47,630000</FOGN>
    <FRAN>48,889270</FRAN>
    <GREC>47,630000</GREC>
    <MFTV>48,889270</MFTV>
    <PRGP>47,630000</PRGP>
    <ROSN>47,630000</ROSN>
    <SLOV>48,889270</SLOV>
    <SVIZ>48,889270</SVIZ>
    <BSP>48,889270</BSP>
    <MALT>47,630000</MALT>
    <XAUS>48,889270</XAUS>
    <XFRA>48,889270</XFRA>
  </Prezzi>
  <Prezzi>
    <Data>20170908</Data>
    <Mercato>MGP</Mercato>
    <Ora>17</Ora>
    <PUN>52,788630</PUN>
    <NAT>51,500000</NAT>
    <CNOR>51,640000</CNOR>
    <CSUD>49,150000</CSUD>
    <NORD>51,640000</NORD>
    <SARD>49,150000</SARD>
    <SICI>83,410000</SICI>
    <SUD>49,150000</SUD>
    <AUST>51,640000</AUST>
    <BRNN>49,150000</BRNN>
    <COAC>49,150000</COAC>
    <CORS>51,640000</CORS>
    <FOGN>49,150000</FOGN>
    <FRAN>51,640000</FRAN>
    <GREC>49,150000</GREC>
    <MFTV>51,640000</MFTV>
    <PRGP>83,410000</PRGP>
    <ROSN>49,150000</ROSN>
    <SLOV>51,640000</SLOV>
    <SVIZ>51,640000</SVIZ>
    <BSP>51,640000</BSP>
    <MALT>83,410000</MALT>
    <XAUS>51,640000</XAUS>
    <XFRA>51,640000</XFRA>
  </Prezzi>
  <Prezzi>
    <Data>20170908</Data>
    <Mercato>MGP</Mercato>
    <Ora>18</Ora>
    <PUN>53,620130</PUN>
    <NAT>52,000000</NAT>
    <CNOR>51,780000</CNOR>
    <CSUD>51,780000</CSUD>
    <NORD>51,780000</NORD>
    <SARD>51,780000</SARD>
    <SICI>83,410000</SICI>
    <SUD>51,780000</SUD>
    <AUST>51,780000</AUST>
    <BRNN>51,780000</BRNN>
    <COAC>51,780000</COAC>
    <CORS>51,780000</CORS>
    <FOGN>51,780000</FOGN>
    <FRAN>51,780000</FRAN>
    <GREC>51,780000</GREC>
    <MFTV>51,780000</MFTV>
    <PRGP>83,410000</PRGP>
    <ROSN>51,780000</ROSN>
    <SLOV>51,780000</SLOV>
    <SVIZ>51,780000</SVIZ>
    <BSP>51,780000</BSP>
    <MALT>83,410000</MALT>
    <XAUS>51,780000</XAUS>
    <XFRA>51,780000</XFRA>
  </Prezzi>
  <Prezzi>
    <Data>20170908</Data>
    <Mercato>MGP</Mercato>
    <Ora>19</Ora>
    <PUN>55,197430</PUN>
    <NAT>53,250000</NAT>
    <CNOR>53,250000</CNOR>
    <CSUD>53,250000</CSUD>
    <NORD>53,250000</NORD>
    <SARD>53,250000</SARD>
    <SICI>86,010000</SICI>
    <SUD>53,250000</SUD>
    <AUST>53,250000</AUST>
    <BRNN>53,250000</BRNN>
    <COAC>53,250000</COAC>
    <CORS>53,250000</CORS>
    <FOGN>53,250000</FOGN>
    <FRAN>53,250000</FRAN>
    <GREC>53,250000</GREC>
    <MFTV>53,250000</MFTV>
    <PRGP>86,010000</PRGP>
    <ROSN>53,250000</ROSN>
    <SLOV>53,250000</SLOV>
    <SVIZ>53,250000</SVIZ>
    <BSP>53,250000</BSP>
    <MALT>86,010000</MALT>
    <XAUS>53,250000</XAUS>
    <XFRA>53,250000</XFRA>
  </Prezzi>
  <Prezzi>
    <Data>20170908</Data>
    <Mercato>MGP</Mercato>
    <Ora>20</Ora>
    <PUN>60,519090</PUN>
    <NAT>62,610000</NAT>
    <CNOR>58,150000</CNOR>
    <CSUD>58,150000</CSUD>
    <NORD>58,150000</NORD>
    <SARD>58,150000</SARD>
    <SICI>96,440000</SICI>
    <SUD>58,150000</SUD>
    <AUST>58,150000</AUST>
    <BRNN>58,150000</BRNN>
    <COAC>58,150000</COAC>
    <CORS>58,150000</CORS>
    <FOGN>58,150000</FOGN>
    <FRAN>58,150000</FRAN>
    <GREC>58,150000</GREC>
    <MFTV>58,150000</MFTV>
    <PRGP>96,440000</PRGP>
    <ROSN>58,150000</ROSN>
    <SLOV>58,150000</SLOV>
    <SVIZ>58,150000</SVIZ>
    <BSP>58,150000</BSP>
    <MALT>96,440000</MALT>
    <XAUS>58,150000</XAUS>
    <XFRA>58,150000</XFRA>
  </Prezzi>
  <Prezzi>
    <Data>20170908</Data>
    <Mercato>MGP</Mercato>
    <Ora>21</Ora>
    <PUN>59,714090</PUN>
    <NAT>65,000000</NAT>
    <CNOR>57,200000</CNOR>
    <CSUD>57,200000</CSUD>
    <NORD>57,200000</NORD>
    <SARD>57,200000</SARD>
    <SICI>96,440000</SICI>
    <SUD>57,200000</SUD>
    <AUST>57,200000</AUST>
    <BRNN>57,200000</BRNN>
    <COAC>57,200000</COAC>
    <CORS>57,200000</CORS>
    <FOGN>57,200000</FOGN>
    <FRAN>57,200000</FRAN>
    <GREC>57,200000</GREC>
    <MFTV>57,200000</MFTV>
    <PRGP>96,440000</PRGP>
    <ROSN>57,200000</ROSN>
    <SLOV>57,200000</SLOV>
    <SVIZ>57,200000</SVIZ>
    <BSP>57,200000</BSP>
    <MALT>96,440000</MALT>
    <XAUS>57,200000</XAUS>
    <XFRA>57,200000</XFRA>
  </Prezzi>
  <Prezzi>
    <Data>20170908</Data>
    <Mercato>MGP</Mercato>
    <Ora>22</Ora>
    <PUN>55,418350</PUN>
    <NAT>53,250000</NAT>
    <CNOR>52,640000</CNOR>
    <CSUD>52,640000</CSUD>
    <NORD>52,640000</NORD>
    <SARD>52,640000</SARD>
    <SICI>96,440000</SICI>
    <SUD>52,640000</SUD>
    <AUST>52,640000</AUST>
    <BRNN>52,640000</BRNN>
    <COAC>52,640000</COAC>
    <CORS>52,640000</CORS>
    <FOGN>52,640000</FOGN>
    <FRAN>52,640000</FRAN>
    <GREC>52,640000</GREC>
    <MFTV>52,640000</MFTV>
    <PRGP>96,440000</PRGP>
    <ROSN>52,640000</ROSN>
    <SLOV>52,640000</SLOV>
    <SVIZ>52,640000</SVIZ>
    <BSP>52,640000</BSP>
    <MALT>96,440000</MALT>
    <XAUS>52,640000</XAUS>
    <XFRA>52,640000</XFRA>
  </Prezzi>
  <Prezzi>
    <Data>20170908</Data>
    <Mercato>MGP</Mercato>
    <Ora>23</Ora>
    <PUN>50,435780</PUN>
    <NAT>49,110000</NAT>
    <CNOR>48,000000</CNOR>
    <CSUD>48,000000</CSUD>
    <NORD>48,000000</NORD>
    <SARD>48,000000</SARD>
    <SICI>86,010000</SICI>
    <SUD>48,000000</SUD>
    <AUST>48,000000</AUST>
    <BRNN>48,000000</BRNN>
    <COAC>48,000000</COAC>
    <CORS>48,000000</CORS>
    <FOGN>48,000000</FOGN>
    <FRAN>48,000000</FRAN>
    <GREC>48,000000</GREC>
    <MFTV>48,000000</MFTV>
    <PRGP>86,010000</PRGP>
    <ROSN>48,000000</ROSN>
    <SLOV>48,000000</SLOV>
    <SVIZ>48,000000</SVIZ>
    <BSP>48,000000</BSP>
    <MALT>86,010000</MALT>
    <XAUS>48,000000</XAUS>
    <XFRA>48,000000</XFRA>
  </Prezzi>
  <Prezzi>
    <Data>20170908</Data>
    <Mercato>MGP</Mercato>
    <Ora>24</Ora>
    <PUN>50,002750</PUN>
    <NAT>47,630000</NAT>
    <CNOR>47,610000</CNOR>
    <CSUD>47,610000</CSUD>
    <NORD>47,610000</NORD>
    <SARD>47,610000</SARD>
    <SICI>85,130000</SICI>
    <SUD>47,610000</SUD>
    <AUST>47,610000</AUST>
    <BRNN>47,610000</BRNN>
    <COAC>47,610000</COAC>
    <CORS>47,610000</CORS>
    <FOGN>47,610000</FOGN>
    <FRAN>47,610000</FRAN>
    <GREC>47,610000</GREC>
    <MFTV>47,610000</MFTV>
    <PRGP>85,130000</PRGP>
    <ROSN>47,610000</ROSN>
    <SLOV>47,610000</SLOV>
    <SVIZ>47,610000</SVIZ>
    <BSP>47,610000</BSP>
    <MALT>85,130000</MALT>
    <XAUS>47,610000</XAUS>
    <XFRA>47,610000</XFRA>
  </Prezzi>
</NewDataSet>