<?xml version="1.0" standalone="yes"?>
<NewDataSet>
  <xs:schema id="NewDataSet" xmlns="" xmlns:xs="http://www.w3.org/2001/XMLSchema" xmlns:msdata="urn:schemas-microsoft-com:xml-msdata">
    <xs:element name="NewDataSet" msdata:IsDataSet="true" msdata:UseCurrentLocale="true">
      <xs:complexType>
        <xs:choice minOccurs="0" maxOccurs="unbounded">
          <xs:element name="Prezzi">
            <xs:complexType>
              <xs:sequence>
                <xs:element name="Data" type="xs:string" minOccurs="0" />
                <xs:element name="Mercato" type="xs:string" minOccurs="0" />
                <xs:element name="Ora" type="xs:string" minOccurs="0" />
                <xs:element name="PUN" type="xs:string" minOccurs="0" />
                <xs:element name="NAT" type="xs:string" minOccurs="0" />
                <xs:element name="CNOR" type="xs:string" minOccurs="0" />
                <xs:element name="CSUD" type="xs:string" minOccurs="0" />
                <xs:element name="NORD" type="xs:string" minOccurs="0" />
                <xs:element name="SARD" type="xs:string" minOccurs="0" />
                <xs:element name="SICI" type="xs:string" minOccurs="0" />
                <xs:element name="SUD" type="xs:string" minOccurs="0" />
                <xs:element name="AUST" type="xs:string" minOccurs="0" />
                <xs:element name="BRNN" type="xs:string" minOccurs="0" />
                <xs:element name="COAC" type="xs:string" minOccurs="0" />
                <xs:element name="CORS" type="xs:string" minOccurs="0" />
                <xs:element name="FOGN" type="xs:string" minOccurs="0" />
                <xs:element name="FRAN" type="xs:string" minOccurs="0" />
                <xs:element name="GREC" type="xs:string" minOccurs="0" />
                <xs:element name="MFTV" type="xs:string" minOccurs="0" />
                <xs:element name="PRGP" type="xs:string" minOccurs="0" />
                <xs:element name="ROSN" type="xs:string" minOccurs="0" />
                <xs:element name="SLOV" type="xs:string" minOccurs="0" />
                <xs:element name="SVIZ" type="xs:string" minOccurs="0" />
                <xs:element name="BSP" type="xs:string" minOccurs="0" />
                <xs:element name="MALT" type="xs:string" minOccurs="0" />
                <xs:element name="XAUS" type="xs:string" minOccurs="0" />
                <xs:element name="XFRA" type="xs:string" minOccurs="0" />
              </xs:sequence>
            </xs:complexType>
          </xs:element>
        </xs:choice>
      </xs:complexType>
    </xs:element>
  </xs:schema>
  <Prezzi>
    <Data>20170930</Data>
    <Mercato>MGP</Mercato>
    <Ora>1</Ora>
    <PUN>48,931260</PUN>
    <NAT>48,790000</NAT>
    <CNOR>49,000000</CNOR>
    <CSUD>48,790000</CSUD>
    <NORD>49,000000</NORD>
    <SARD>48,790000</SARD>
    <SICI>48,790000</SICI>
    <SUD>48,790000</SUD>
    <AUST>49,000000</AUST>
    <BRNN>48,790000</BRNN>
    <COAC>48,790000</COAC>
    <CORS>3000,000000</CORS>
    <FOGN>48,790000</FOGN>
    <FRAN>49,000000</FRAN>
    <GREC>48,790000</GREC>
    <MFTV>49,000000</MFTV>
    <PRGP>48,790000</PRGP>
    <ROSN>48,790000</ROSN>
    <SLOV>49,000000</SLOV>
    <SVIZ>49,000000</SVIZ>
    <BSP>49,000000</BSP>
    <MALT>48,790000</MALT>
    <XAUS>49,000000</XAUS>
    <XFRA>49,000000</XFRA>
  </Prezzi>
  <Prezzi>
    <Data>20170930</Data>
    <Mercato>MGP</Mercato>
    <Ora>2</Ora>
    <PUN>46,000000</PUN>
    <NAT>46,000000</NAT>
    <CNOR>46,000000</CNOR>
    <CSUD>46,000000</CSUD>
    <NORD>46,000000</NORD>
    <SARD>46,000000</SARD>
    <SICI>46,000000</SICI>
    <SUD>46,000000</SUD>
    <AUST>46,000000</AUST>
    <BRNN>46,000000</BRNN>
    <COAC>46,000000</COAC>
    <CORS>3000,000000</CORS>
    <FOGN>46,000000</FOGN>
    <FRAN>46,000000</FRAN>
    <GREC>46,000000</GREC>
    <MFTV>46,000000</MFTV>
    <PRGP>46,000000</PRGP>
    <ROSN>46,000000</ROSN>
    <SLOV>46,000000</SLOV>
    <SVIZ>46,000000</SVIZ>
    <BSP>46,000000</BSP>
    <MALT>46,000000</MALT>
    <XAUS>46,000000</XAUS>
    <XFRA>46,000000</XFRA>
  </Prezzi>
  <Prezzi>
    <Data>20170930</Data>
    <Mercato>MGP</Mercato>
    <Ora>3</Ora>
    <PUN>44,530000</PUN>
    <NAT>44,530000</NAT>
    <CNOR>44,530000</CNOR>
    <CSUD>44,530000</CSUD>
    <NORD>44,530000</NORD>
    <SARD>44,530000</SARD>
    <SICI>44,530000</SICI>
    <SUD>44,530000</SUD>
    <AUST>44,530000</AUST>
    <BRNN>44,530000</BRNN>
    <COAC>44,530000</COAC>
    <CORS>3000,000000</CORS>
    <FOGN>44,530000</FOGN>
    <FRAN>44,530000</FRAN>
    <GREC>44,530000</GREC>
    <MFTV>44,530000</MFTV>
    <PRGP>44,530000</PRGP>
    <ROSN>44,530000</ROSN>
    <SLOV>44,530000</SLOV>
    <SVIZ>44,530000</SVIZ>
    <BSP>44,530000</BSP>
    <MALT>44,530000</MALT>
    <XAUS>44,530000</XAUS>
    <XFRA>44,530000</XFRA>
  </Prezzi>
  <Prezzi>
    <Data>20170930</Data>
    <Mercato>MGP</Mercato>
    <Ora>4</Ora>
    <PUN>45,640000</PUN>
    <NAT>45,640000</NAT>
    <CNOR>45,640000</CNOR>
    <CSUD>45,640000</CSUD>
    <NORD>45,640000</NORD>
    <SARD>45,640000</SARD>
    <SICI>45,640000</SICI>
    <SUD>45,640000</SUD>
    <AUST>45,640000</AUST>
    <BRNN>45,640000</BRNN>
    <COAC>45,640000</COAC>
    <CORS>3000,000000</CORS>
    <FOGN>45,640000</FOGN>
    <FRAN>45,640000</FRAN>
    <GREC>45,640000</GREC>
    <MFTV>45,640000</MFTV>
    <PRGP>45,640000</PRGP>
    <ROSN>45,640000</ROSN>
    <SLOV>45,640000</SLOV>
    <SVIZ>45,640000</SVIZ>
    <BSP>45,640000</BSP>
    <MALT>45,640000</MALT>
    <XAUS>45,640000</XAUS>
    <XFRA>45,640000</XFRA>
  </Prezzi>
  <Prezzi>
    <Data>20170930</Data>
    <Mercato>MGP</Mercato>
    <Ora>5</Ora>
    <PUN>44,550000</PUN>
    <NAT>44,550000</NAT>
    <CNOR>44,550000</CNOR>
    <CSUD>44,550000</CSUD>
    <NORD>44,550000</NORD>
    <SARD>44,550000</SARD>
    <SICI>44,550000</SICI>
    <SUD>44,550000</SUD>
    <AUST>44,550000</AUST>
    <BRNN>44,550000</BRNN>
    <COAC>44,550000</COAC>
    <CORS>3000,000000</CORS>
    <FOGN>44,550000</FOGN>
    <FRAN>44,550000</FRAN>
    <GREC>44,550000</GREC>
    <MFTV>44,550000</MFTV>
    <PRGP>44,550000</PRGP>
    <ROSN>44,550000</ROSN>
    <SLOV>44,550000</SLOV>
    <SVIZ>44,550000</SVIZ>
    <BSP>44,550000</BSP>
    <MALT>44,550000</MALT>
    <XAUS>44,550000</XAUS>
    <XFRA>44,550000</XFRA>
  </Prezzi>
  <Prezzi>
    <Data>20170930</Data>
    <Mercato>MGP</Mercato>
    <Ora>6</Ora>
    <PUN>46,000000</PUN>
    <NAT>46,000000</NAT>
    <CNOR>46,000000</CNOR>
    <CSUD>46,000000</CSUD>
    <NORD>46,000000</NORD>
    <SARD>46,000000</SARD>
    <SICI>46,000000</SICI>
    <SUD>46,000000</SUD>
    <AUST>46,000000</AUST>
    <BRNN>46,000000</BRNN>
    <COAC>46,000000</COAC>
    <CORS>3000,000000</CORS>
    <FOGN>46,000000</FOGN>
    <FRAN>46,000000</FRAN>
    <GREC>46,000000</GREC>
    <MFTV>46,000000</MFTV>
    <PRGP>46,000000</PRGP>
    <ROSN>46,000000</ROSN>
    <SLOV>46,000000</SLOV>
    <SVIZ>46,000000</SVIZ>
    <BSP>46,000000</BSP>
    <MALT>46,000000</MALT>
    <XAUS>46,000000</XAUS>
    <XFRA>46,000000</XFRA>
  </Prezzi>
  <Prezzi>
    <Data>20170930</Data>
    <Mercato>MGP</Mercato>
    <Ora>7</Ora>
    <PUN>46,000000</PUN>
    <NAT>46,000000</NAT>
    <CNOR>46,000000</CNOR>
    <CSUD>46,000000</CSUD>
    <NORD>46,000000</NORD>
    <SARD>46,000000</SARD>
    <SICI>46,000000</SICI>
    <SUD>46,000000</SUD>
    <AUST>46,000000</AUST>
    <BRNN>46,000000</BRNN>
    <COAC>46,000000</COAC>
    <CORS>3000,000000</CORS>
    <FOGN>46,000000</FOGN>
    <FRAN>46,000000</FRAN>
    <GREC>46,000000</GREC>
    <MFTV>46,000000</MFTV>
    <PRGP>46,000000</PRGP>
    <ROSN>46,000000</ROSN>
    <SLOV>46,000000</SLOV>
    <SVIZ>46,000000</SVIZ>
    <BSP>46,000000</BSP>
    <MALT>46,000000</MALT>
    <XAUS>46,000000</XAUS>
    <XFRA>46,000000</XFRA>
  </Prezzi>
  <Prezzi>
    <Data>20170930</Data>
    <Mercato>MGP</Mercato>
    <Ora>8</Ora>
    <PUN>46,000000</PUN>
    <NAT>46,000000</NAT>
    <CNOR>46,000000</CNOR>
    <CSUD>46,000000</CSUD>
    <NORD>46,000000</NORD>
    <SARD>46,000000</SARD>
    <SICI>46,000000</SICI>
    <SUD>46,000000</SUD>
    <AUST>46,000000</AUST>
    <BRNN>46,000000</BRNN>
    <COAC>46,000000</COAC>
    <CORS>3000,000000</CORS>
    <FOGN>46,000000</FOGN>
    <FRAN>46,000000</FRAN>
    <GREC>46,000000</GREC>
    <MFTV>46,000000</MFTV>
    <PRGP>46,000000</PRGP>
    <ROSN>46,000000</ROSN>
    <SLOV>46,000000</SLOV>
    <SVIZ>46,000000</SVIZ>
    <BSP>46,000000</BSP>
    <MALT>46,000000</MALT>
    <XAUS>46,000000</XAUS>
    <XFRA>46,000000</XFRA>
  </Prezzi>
  <Prezzi>
    <Data>20170930</Data>
    <Mercato>MGP</Mercato>
    <Ora>9</Ora>
    <PUN>48,750000</PUN>
    <NAT>48,750000</NAT>
    <CNOR>48,750000</CNOR>
    <CSUD>48,750000</CSUD>
    <NORD>48,750000</NORD>
    <SARD>48,750000</SARD>
    <SICI>48,750000</SICI>
    <SUD>48,750000</SUD>
    <AUST>48,750000</AUST>
    <BRNN>48,750000</BRNN>
    <COAC>48,750000</COAC>
    <CORS>3000,000000</CORS>
    <FOGN>48,750000</FOGN>
    <FRAN>48,750000</FRAN>
    <GREC>48,750000</GREC>
    <MFTV>48,750000</MFTV>
    <PRGP>48,750000</PRGP>
    <ROSN>48,750000</ROSN>
    <SLOV>48,750000</SLOV>
    <SVIZ>48,750000</SVIZ>
    <BSP>48,750000</BSP>
    <MALT>48,750000</MALT>
    <XAUS>48,750000</XAUS>
    <XFRA>48,750000</XFRA>
  </Prezzi>
  <Prezzi>
    <Data>20170930</Data>
    <Mercato>MGP</Mercato>
    <Ora>10</Ora>
    <PUN>50,750000</PUN>
    <NAT>50,750000</NAT>
    <CNOR>50,750000</CNOR>
    <CSUD>50,750000</CSUD>
    <NORD>50,750000</NORD>
    <SARD>50,750000</SARD>
    <SICI>50,750000</SICI>
    <SUD>50,750000</SUD>
    <AUST>50,750000</AUST>
    <BRNN>50,750000</BRNN>
    <COAC>50,750000</COAC>
    <CORS>3000,000000</CORS>
    <FOGN>50,750000</FOGN>
    <FRAN>50,750000</FRAN>
    <GREC>50,750000</GREC>
    <MFTV>50,750000</MFTV>
    <PRGP>50,750000</PRGP>
    <ROSN>50,750000</ROSN>
    <SLOV>50,750000</SLOV>
    <SVIZ>50,750000</SVIZ>
    <BSP>50,750000</BSP>
    <MALT>50,750000</MALT>
    <XAUS>50,750000</XAUS>
    <XFRA>50,750000</XFRA>
  </Prezzi>
  <Prezzi>
    <Data>20170930</Data>
    <Mercato>MGP</Mercato>
    <Ora>11</Ora>
    <PUN>44,520000</PUN>
    <NAT>44,520000</NAT>
    <CNOR>44,520000</CNOR>
    <CSUD>44,520000</CSUD>
    <NORD>44,520000</NORD>
    <SARD>44,520000</SARD>
    <SICI>44,520000</SICI>
    <SUD>44,520000</SUD>
    <AUST>44,520000</AUST>
    <BRNN>44,520000</BRNN>
    <COAC>44,520000</COAC>
    <CORS>3000,000000</CORS>
    <FOGN>44,520000</FOGN>
    <FRAN>44,520000</FRAN>
    <GREC>44,520000</GREC>
    <MFTV>44,520000</MFTV>
    <PRGP>44,520000</PRGP>
    <ROSN>44,520000</ROSN>
    <SLOV>44,520000</SLOV>
    <SVIZ>44,520000</SVIZ>
    <BSP>44,520000</BSP>
    <MALT>44,520000</MALT>
    <XAUS>44,520000</XAUS>
    <XFRA>44,520000</XFRA>
  </Prezzi>
  <Prezzi>
    <Data>20170930</Data>
    <Mercato>MGP</Mercato>
    <Ora>12</Ora>
    <PUN>42,797500</PUN>
    <NAT>42,050000</NAT>
    <CNOR>43,200000</CNOR>
    <CSUD>42,000000</CSUD>
    <NORD>43,200000</NORD>
    <SARD>42,000000</SARD>
    <SICI>42,000000</SICI>
    <SUD>42,000000</SUD>
    <AUST>43,200000</AUST>
    <BRNN>42,000000</BRNN>
    <COAC>42,000000</COAC>
    <CORS>3000,000000</CORS>
    <FOGN>42,000000</FOGN>
    <FRAN>43,200000</FRAN>
    <GREC>42,000000</GREC>
    <MFTV>43,200000</MFTV>
    <PRGP>42,000000</PRGP>
    <ROSN>42,000000</ROSN>
    <SLOV>43,200000</SLOV>
    <SVIZ>43,200000</SVIZ>
    <BSP>43,200000</BSP>
    <MALT>42,000000</MALT>
    <XAUS>43,200000</XAUS>
    <XFRA>43,200000</XFRA>
  </Prezzi>
  <Prezzi>
    <Data>20170930</Data>
    <Mercato>MGP</Mercato>
    <Ora>13</Ora>
    <PUN>40,000000</PUN>
    <NAT>39,950000</NAT>
    <CNOR>40,000000</CNOR>
    <CSUD>40,000000</CSUD>
    <NORD>40,000000</NORD>
    <SARD>40,000000</SARD>
    <SICI>40,000000</SICI>
    <SUD>40,000000</SUD>
    <AUST>40,000000</AUST>
    <BRNN>40,000000</BRNN>
    <COAC>40,000000</COAC>
    <CORS>3000,000000</CORS>
    <FOGN>40,000000</FOGN>
    <FRAN>40,000000</FRAN>
    <GREC>40,000000</GREC>
    <MFTV>40,000000</MFTV>
    <PRGP>40,000000</PRGP>
    <ROSN>40,000000</ROSN>
    <SLOV>40,000000</SLOV>
    <SVIZ>40,000000</SVIZ>
    <BSP>40,000000</BSP>
    <MALT>40,000000</MALT>
    <XAUS>40,000000</XAUS>
    <XFRA>40,000000</XFRA>
  </Prezzi>
  <Prezzi>
    <Data>20170930</Data>
    <Mercato>MGP</Mercato>
    <Ora>14</Ora>
    <PUN>38,830000</PUN>
    <NAT>38,830000</NAT>
    <CNOR>38,830000</CNOR>
    <CSUD>38,830000</CSUD>
    <NORD>38,830000</NORD>
    <SARD>38,830000</SARD>
    <SICI>38,830000</SICI>
    <SUD>38,830000</SUD>
    <AUST>38,830000</AUST>
    <BRNN>38,830000</BRNN>
    <COAC>38,830000</COAC>
    <CORS>3000,000000</CORS>
    <FOGN>38,830000</FOGN>
    <FRAN>38,830000</FRAN>
    <GREC>38,830000</GREC>
    <MFTV>38,830000</MFTV>
    <PRGP>38,830000</PRGP>
    <ROSN>38,830000</ROSN>
    <SLOV>38,830000</SLOV>
    <SVIZ>38,830000</SVIZ>
    <BSP>38,830000</BSP>
    <MALT>38,830000</MALT>
    <XAUS>38,830000</XAUS>
    <XFRA>38,830000</XFRA>
  </Prezzi>
  <Prezzi>
    <Data>20170930</Data>
    <Mercato>MGP</Mercato>
    <Ora>15</Ora>
    <PUN>39,000000</PUN>
    <NAT>39,000000</NAT>
    <CNOR>39,000000</CNOR>
    <CSUD>39,000000</CSUD>
    <NORD>39,000000</NORD>
    <SARD>39,000000</SARD>
    <SICI>39,000000</SICI>
    <SUD>39,000000</SUD>
    <AUST>39,000000</AUST>
    <BRNN>39,000000</BRNN>
    <COAC>39,000000</COAC>
    <CORS>3000,000000</CORS>
    <FOGN>39,000000</FOGN>
    <FRAN>39,000000</FRAN>
    <GREC>39,000000</GREC>
    <MFTV>39,000000</MFTV>
    <PRGP>39,000000</PRGP>
    <ROSN>39,000000</ROSN>
    <SLOV>39,000000</SLOV>
    <SVIZ>39,000000</SVIZ>
    <BSP>39,000000</BSP>
    <MALT>39,000000</MALT>
    <XAUS>39,000000</XAUS>
    <XFRA>39,000000</XFRA>
  </Prezzi>
  <Prezzi>
    <Data>20170930</Data>
    <Mercato>MGP</Mercato>
    <Ora>16</Ora>
    <PUN>38,750000</PUN>
    <NAT>38,750000</NAT>
    <CNOR>38,750000</CNOR>
    <CSUD>38,750000</CSUD>
    <NORD>38,750000</NORD>
    <SARD>38,750000</SARD>
    <SICI>38,750000</SICI>
    <SUD>38,750000</SUD>
    <AUST>38,750000</AUST>
    <BRNN>38,750000</BRNN>
    <COAC>38,750000</COAC>
    <CORS>3000,000000</CORS>
    <FOGN>38,750000</FOGN>
    <FRAN>38,750000</FRAN>
    <GREC>38,750000</GREC>
    <MFTV>38,750000</MFTV>
    <PRGP>38,750000</PRGP>
    <ROSN>38,750000</ROSN>
    <SLOV>38,750000</SLOV>
    <SVIZ>38,750000</SVIZ>
    <BSP>38,750000</BSP>
    <MALT>38,750000</MALT>
    <XAUS>38,750000</XAUS>
    <XFRA>38,750000</XFRA>
  </Prezzi>
  <Prezzi>
    <Data>20170930</Data>
    <Mercato>MGP</Mercato>
    <Ora>17</Ora>
    <PUN>42,050000</PUN>
    <NAT>42,050000</NAT>
    <CNOR>42,050000</CNOR>
    <CSUD>42,050000</CSUD>
    <NORD>42,050000</NORD>
    <SARD>42,050000</SARD>
    <SICI>42,050000</SICI>
    <SUD>42,050000</SUD>
    <AUST>42,050000</AUST>
    <BRNN>42,050000</BRNN>
    <COAC>42,050000</COAC>
    <CORS>3000,000000</CORS>
    <FOGN>42,050000</FOGN>
    <FRAN>42,050000</FRAN>
    <GREC>42,050000</GREC>
    <MFTV>42,050000</MFTV>
    <PRGP>42,050000</PRGP>
    <ROSN>42,050000</ROSN>
    <SLOV>42,050000</SLOV>
    <SVIZ>42,050000</SVIZ>
    <BSP>42,050000</BSP>
    <MALT>42,050000</MALT>
    <XAUS>42,050000</XAUS>
    <XFRA>42,050000</XFRA>
  </Prezzi>
  <Prezzi>
    <Data>20170930</Data>
    <Mercato>MGP</Mercato>
    <Ora>18</Ora>
    <PUN>46,690000</PUN>
    <NAT>46,690000</NAT>
    <CNOR>46,690000</CNOR>
    <CSUD>46,690000</CSUD>
    <NORD>46,690000</NORD>
    <SARD>46,690000</SARD>
    <SICI>46,690000</SICI>
    <SUD>46,690000</SUD>
    <AUST>46,690000</AUST>
    <BRNN>46,690000</BRNN>
    <COAC>46,690000</COAC>
    <CORS>3000,000000</CORS>
    <FOGN>46,690000</FOGN>
    <FRAN>46,690000</FRAN>
    <GREC>46,690000</GREC>
    <MFTV>46,690000</MFTV>
    <PRGP>46,690000</PRGP>
    <ROSN>46,690000</ROSN>
    <SLOV>46,690000</SLOV>
    <SVIZ>46,690000</SVIZ>
    <BSP>46,690000</BSP>
    <MALT>46,690000</MALT>
    <XAUS>46,690000</XAUS>
    <XFRA>46,690000</XFRA>
  </Prezzi>
  <Prezzi>
    <Data>20170930</Data>
    <Mercato>MGP</Mercato>
    <Ora>19</Ora>
    <PUN>53,415400</PUN>
    <NAT>51,740000</NAT>
    <CNOR>51,740000</CNOR>
    <CSUD>51,740000</CSUD>
    <NORD>51,740000</NORD>
    <SARD>51,740000</SARD>
    <SICI>77,010000</SICI>
    <SUD>51,740000</SUD>
    <AUST>51,740000</AUST>
    <BRNN>51,740000</BRNN>
    <COAC>51,740000</COAC>
    <CORS>3000,000000</CORS>
    <FOGN>51,740000</FOGN>
    <FRAN>51,740000</FRAN>
    <GREC>51,740000</GREC>
    <MFTV>51,740000</MFTV>
    <PRGP>77,010000</PRGP>
    <ROSN>51,740000</ROSN>
    <SLOV>51,740000</SLOV>
    <SVIZ>51,740000</SVIZ>
    <BSP>51,740000</BSP>
    <MALT>77,010000</MALT>
    <XAUS>51,740000</XAUS>
    <XFRA>51,740000</XFRA>
  </Prezzi>
  <Prezzi>
    <Data>20170930</Data>
    <Mercato>MGP</Mercato>
    <Ora>20</Ora>
    <PUN>57,164860</PUN>
    <NAT>57,010000</NAT>
    <CNOR>54,910000</CNOR>
    <CSUD>54,910000</CSUD>
    <NORD>54,910000</NORD>
    <SARD>54,910000</SARD>
    <SICI>88,160000</SICI>
    <SUD>54,910000</SUD>
    <AUST>54,910000</AUST>
    <BRNN>54,910000</BRNN>
    <COAC>54,910000</COAC>
    <CORS>3000,000000</CORS>
    <FOGN>54,910000</FOGN>
    <FRAN>54,910000</FRAN>
    <GREC>54,910000</GREC>
    <MFTV>54,910000</MFTV>
    <PRGP>88,160000</PRGP>
    <ROSN>54,910000</ROSN>
    <SLOV>54,910000</SLOV>
    <SVIZ>54,910000</SVIZ>
    <BSP>54,910000</BSP>
    <MALT>88,160000</MALT>
    <XAUS>54,910000</XAUS>
    <XFRA>54,910000</XFRA>
  </Prezzi>
  <Prezzi>
    <Data>20170930</Data>
    <Mercato>MGP</Mercato>
    <Ora>21</Ora>
    <PUN>55,931710</PUN>
    <NAT>54,000000</NAT>
    <CNOR>53,630000</CNOR>
    <CSUD>53,630000</CSUD>
    <NORD>53,630000</NORD>
    <SARD>53,630000</SARD>
    <SICI>87,560000</SICI>
    <SUD>53,630000</SUD>
    <AUST>53,630000</AUST>
    <BRNN>53,630000</BRNN>
    <COAC>53,630000</COAC>
    <CORS>3000,000000</CORS>
    <FOGN>53,630000</FOGN>
    <FRAN>53,630000</FRAN>
    <GREC>53,630000</GREC>
    <MFTV>53,630000</MFTV>
    <PRGP>87,560000</PRGP>
    <ROSN>53,630000</ROSN>
    <SLOV>53,630000</SLOV>
    <SVIZ>53,630000</SVIZ>
    <BSP>53,630000</BSP>
    <MALT>87,560000</MALT>
    <XAUS>53,630000</XAUS>
    <XFRA>53,630000</XFRA>
  </Prezzi>
  <Prezzi>
    <Data>20170930</Data>
    <Mercato>MGP</Mercato>
    <Ora>22</Ora>
    <PUN>53,836720</PUN>
    <NAT>51,820000</NAT>
    <CNOR>51,820000</CNOR>
    <CSUD>51,820000</CSUD>
    <NORD>51,820000</NORD>
    <SARD>51,820000</SARD>
    <SICI>82,010000</SICI>
    <SUD>51,820000</SUD>
    <AUST>51,820000</AUST>
    <BRNN>51,820000</BRNN>
    <COAC>51,820000</COAC>
    <CORS>3000,000000</CORS>
    <FOGN>51,820000</FOGN>
    <FRAN>51,820000</FRAN>
    <GREC>51,820000</GREC>
    <MFTV>51,820000</MFTV>
    <PRGP>82,010000</PRGP>
    <ROSN>51,820000</ROSN>
    <SLOV>51,820000</SLOV>
    <SVIZ>51,820000</SVIZ>
    <BSP>51,820000</BSP>
    <MALT>82,010000</MALT>
    <XAUS>51,820000</XAUS>
    <XFRA>51,820000</XFRA>
  </Prezzi>
  <Prezzi>
    <Data>20170930</Data>
    <Mercato>MGP</Mercato>
    <Ora>23</Ora>
    <PUN>48,880440</PUN>
    <NAT>48,570000</NAT>
    <CNOR>48,320000</CNOR>
    <CSUD>48,320000</CSUD>
    <NORD>48,320000</NORD>
    <SARD>48,320000</SARD>
    <SICI>56,740000</SICI>
    <SUD>48,320000</SUD>
    <AUST>48,320000</AUST>
    <BRNN>48,320000</BRNN>
    <COAC>48,320000</COAC>
    <CORS>3000,000000</CORS>
    <FOGN>48,320000</FOGN>
    <FRAN>48,320000</FRAN>
    <GREC>48,320000</GREC>
    <MFTV>48,320000</MFTV>
    <PRGP>56,740000</PRGP>
    <ROSN>48,320000</ROSN>
    <SLOV>48,320000</SLOV>
    <SVIZ>48,320000</SVIZ>
    <BSP>48,320000</BSP>
    <MALT>56,740000</MALT>
    <XAUS>48,320000</XAUS>
    <XFRA>48,320000</XFRA>
  </Prezzi>
  <Prezzi>
    <Data>20170930</Data>
    <Mercato>MGP</Mercato>
    <Ora>24</Ora>
    <PUN>45,550000</PUN>
    <NAT>45,550000</NAT>
    <CNOR>45,550000</CNOR>
    <CSUD>45,550000</CSUD>
    <NORD>45,550000</NORD>
    <SARD>45,550000</SARD>
    <SICI>45,550000</SICI>
    <SUD>45,550000</SUD>
    <AUST>45,550000</AUST>
    <BRNN>45,550000</BRNN>
    <COAC>45,550000</COAC>
    <CORS>3000,000000</CORS>
    <FOGN>45,550000</FOGN>
    <FRAN>45,550000</FRAN>
    <GREC>45,550000</GREC>
    <MFTV>45,550000</MFTV>
    <PRGP>45,550000</PRGP>
    <ROSN>45,550000</ROSN>
    <SLOV>45,550000</SLOV>
    <SVIZ>45,550000</SVIZ>
    <BSP>45,550000</BSP>
    <MALT>45,550000</MALT>
    <XAUS>45,550000</XAUS>
    <XFRA>45,550000</XFRA>
  </Prezzi>
</NewDataSet>