<?xml version="1.0" standalone="yes"?>
<NewDataSet>
  <xs:schema id="NewDataSet" xmlns="" xmlns:xs="http://www.w3.org/2001/XMLSchema" xmlns:msdata="urn:schemas-microsoft-com:xml-msdata">
    <xs:element name="NewDataSet" msdata:IsDataSet="true" msdata:UseCurrentLocale="true">
      <xs:complexType>
        <xs:choice minOccurs="0" maxOccurs="unbounded">
          <xs:element name="Prezzi">
            <xs:complexType>
              <xs:sequence>
                <xs:element name="Data" type="xs:string" minOccurs="0" />
                <xs:element name="Mercato" type="xs:string" minOccurs="0" />
                <xs:element name="Ora" type="xs:string" minOccurs="0" />
                <xs:element name="PUN" type="xs:string" minOccurs="0" />
                <xs:element name="NAT" type="xs:string" minOccurs="0" />
                <xs:element name="CNOR" type="xs:string" minOccurs="0" />
                <xs:element name="CSUD" type="xs:string" minOccurs="0" />
                <xs:element name="NORD" type="xs:string" minOccurs="0" />
                <xs:element name="SARD" type="xs:string" minOccurs="0" />
                <xs:element name="SICI" type="xs:string" minOccurs="0" />
                <xs:element name="SUD" type="xs:string" minOccurs="0" />
                <xs:element name="AUST" type="xs:string" minOccurs="0" />
                <xs:element name="BRNN" type="xs:string" minOccurs="0" />
                <xs:element name="COAC" type="xs:string" minOccurs="0" />
                <xs:element name="CORS" type="xs:string" minOccurs="0" />
                <xs:element name="FOGN" type="xs:string" minOccurs="0" />
                <xs:element name="FRAN" type="xs:string" minOccurs="0" />
                <xs:element name="GREC" type="xs:string" minOccurs="0" />
                <xs:element name="MFTV" type="xs:string" minOccurs="0" />
                <xs:element name="PRGP" type="xs:string" minOccurs="0" />
                <xs:element name="ROSN" type="xs:string" minOccurs="0" />
                <xs:element name="SLOV" type="xs:string" minOccurs="0" />
                <xs:element name="SVIZ" type="xs:string" minOccurs="0" />
                <xs:element name="BSP" type="xs:string" minOccurs="0" />
                <xs:element name="MALT" type="xs:string" minOccurs="0" />
                <xs:element name="XAUS" type="xs:string" minOccurs="0" />
                <xs:element name="XFRA" type="xs:string" minOccurs="0" />
              </xs:sequence>
            </xs:complexType>
          </xs:element>
        </xs:choice>
      </xs:complexType>
    </xs:element>
  </xs:schema>
  <Prezzi>
    <Data>20170916</Data>
    <Mercato>MGP</Mercato>
    <Ora>1</Ora>
    <PUN>43,910000</PUN>
    <NAT>43,910000</NAT>
    <CNOR>43,910000</CNOR>
    <CSUD>43,910000</CSUD>
    <NORD>43,910000</NORD>
    <SARD>43,910000</SARD>
    <SICI>43,910000</SICI>
    <SUD>43,910000</SUD>
    <AUST>43,910000</AUST>
    <BRNN>43,910000</BRNN>
    <COAC>43,910000</COAC>
    <CORS>43,910000</CORS>
    <FOGN>43,910000</FOGN>
    <FRAN>43,910000</FRAN>
    <GREC>43,910000</GREC>
    <MFTV>43,910000</MFTV>
    <PRGP>43,910000</PRGP>
    <ROSN>43,910000</ROSN>
    <SLOV>43,910000</SLOV>
    <SVIZ>43,910000</SVIZ>
    <BSP>43,910000</BSP>
    <MALT>43,910000</MALT>
    <XAUS>43,910000</XAUS>
    <XFRA>43,910000</XFRA>
  </Prezzi>
  <Prezzi>
    <Data>20170916</Data>
    <Mercato>MGP</Mercato>
    <Ora>2</Ora>
    <PUN>41,410000</PUN>
    <NAT>41,410000</NAT>
    <CNOR>41,410000</CNOR>
    <CSUD>41,410000</CSUD>
    <NORD>41,410000</NORD>
    <SARD>41,410000</SARD>
    <SICI>41,410000</SICI>
    <SUD>41,410000</SUD>
    <AUST>41,410000</AUST>
    <BRNN>41,410000</BRNN>
    <COAC>41,410000</COAC>
    <CORS>41,410000</CORS>
    <FOGN>41,410000</FOGN>
    <FRAN>41,410000</FRAN>
    <GREC>41,410000</GREC>
    <MFTV>41,410000</MFTV>
    <PRGP>41,410000</PRGP>
    <ROSN>41,410000</ROSN>
    <SLOV>41,410000</SLOV>
    <SVIZ>41,410000</SVIZ>
    <BSP>41,410000</BSP>
    <MALT>41,410000</MALT>
    <XAUS>41,410000</XAUS>
    <XFRA>41,410000</XFRA>
  </Prezzi>
  <Prezzi>
    <Data>20170916</Data>
    <Mercato>MGP</Mercato>
    <Ora>3</Ora>
    <PUN>39,250000</PUN>
    <NAT>39,250000</NAT>
    <CNOR>39,250000</CNOR>
    <CSUD>39,250000</CSUD>
    <NORD>39,250000</NORD>
    <SARD>39,250000</SARD>
    <SICI>39,250000</SICI>
    <SUD>39,250000</SUD>
    <AUST>39,250000</AUST>
    <BRNN>39,250000</BRNN>
    <COAC>39,250000</COAC>
    <CORS>39,250000</CORS>
    <FOGN>39,250000</FOGN>
    <FRAN>39,250000</FRAN>
    <GREC>39,250000</GREC>
    <MFTV>39,250000</MFTV>
    <PRGP>39,250000</PRGP>
    <ROSN>39,250000</ROSN>
    <SLOV>39,250000</SLOV>
    <SVIZ>39,250000</SVIZ>
    <BSP>39,250000</BSP>
    <MALT>39,250000</MALT>
    <XAUS>39,250000</XAUS>
    <XFRA>39,250000</XFRA>
  </Prezzi>
  <Prezzi>
    <Data>20170916</Data>
    <Mercato>MGP</Mercato>
    <Ora>4</Ora>
    <PUN>39,150000</PUN>
    <NAT>39,150000</NAT>
    <CNOR>39,150000</CNOR>
    <CSUD>39,150000</CSUD>
    <NORD>39,150000</NORD>
    <SARD>39,150000</SARD>
    <SICI>39,150000</SICI>
    <SUD>39,150000</SUD>
    <AUST>39,150000</AUST>
    <BRNN>39,150000</BRNN>
    <COAC>39,150000</COAC>
    <CORS>39,150000</CORS>
    <FOGN>39,150000</FOGN>
    <FRAN>39,150000</FRAN>
    <GREC>39,150000</GREC>
    <MFTV>39,150000</MFTV>
    <PRGP>39,150000</PRGP>
    <ROSN>39,150000</ROSN>
    <SLOV>39,150000</SLOV>
    <SVIZ>39,150000</SVIZ>
    <BSP>39,150000</BSP>
    <MALT>39,150000</MALT>
    <XAUS>39,150000</XAUS>
    <XFRA>39,150000</XFRA>
  </Prezzi>
  <Prezzi>
    <Data>20170916</Data>
    <Mercato>MGP</Mercato>
    <Ora>5</Ora>
    <PUN>39,150000</PUN>
    <NAT>39,150000</NAT>
    <CNOR>39,150000</CNOR>
    <CSUD>39,150000</CSUD>
    <NORD>39,150000</NORD>
    <SARD>39,150000</SARD>
    <SICI>39,150000</SICI>
    <SUD>39,150000</SUD>
    <AUST>39,150000</AUST>
    <BRNN>39,150000</BRNN>
    <COAC>39,150000</COAC>
    <CORS>39,150000</CORS>
    <FOGN>39,150000</FOGN>
    <FRAN>39,150000</FRAN>
    <GREC>39,150000</GREC>
    <MFTV>39,150000</MFTV>
    <PRGP>39,150000</PRGP>
    <ROSN>39,150000</ROSN>
    <SLOV>39,150000</SLOV>
    <SVIZ>39,150000</SVIZ>
    <BSP>39,150000</BSP>
    <MALT>39,150000</MALT>
    <XAUS>39,150000</XAUS>
    <XFRA>39,150000</XFRA>
  </Prezzi>
  <Prezzi>
    <Data>20170916</Data>
    <Mercato>MGP</Mercato>
    <Ora>6</Ora>
    <PUN>39,000000</PUN>
    <NAT>39,000000</NAT>
    <CNOR>39,000000</CNOR>
    <CSUD>39,000000</CSUD>
    <NORD>39,000000</NORD>
    <SARD>39,000000</SARD>
    <SICI>39,000000</SICI>
    <SUD>39,000000</SUD>
    <AUST>39,000000</AUST>
    <BRNN>39,000000</BRNN>
    <COAC>39,000000</COAC>
    <CORS>39,000000</CORS>
    <FOGN>39,000000</FOGN>
    <FRAN>39,000000</FRAN>
    <GREC>39,000000</GREC>
    <MFTV>39,000000</MFTV>
    <PRGP>39,000000</PRGP>
    <ROSN>39,000000</ROSN>
    <SLOV>39,000000</SLOV>
    <SVIZ>39,000000</SVIZ>
    <BSP>39,000000</BSP>
    <MALT>39,000000</MALT>
    <XAUS>39,000000</XAUS>
    <XFRA>39,000000</XFRA>
  </Prezzi>
  <Prezzi>
    <Data>20170916</Data>
    <Mercato>MGP</Mercato>
    <Ora>7</Ora>
    <PUN>39,910000</PUN>
    <NAT>39,910000</NAT>
    <CNOR>39,910000</CNOR>
    <CSUD>39,910000</CSUD>
    <NORD>39,910000</NORD>
    <SARD>39,910000</SARD>
    <SICI>39,910000</SICI>
    <SUD>39,910000</SUD>
    <AUST>39,910000</AUST>
    <BRNN>39,910000</BRNN>
    <COAC>39,910000</COAC>
    <CORS>39,910000</CORS>
    <FOGN>39,910000</FOGN>
    <FRAN>39,910000</FRAN>
    <GREC>39,910000</GREC>
    <MFTV>39,910000</MFTV>
    <PRGP>39,910000</PRGP>
    <ROSN>39,910000</ROSN>
    <SLOV>39,910000</SLOV>
    <SVIZ>39,910000</SVIZ>
    <BSP>39,910000</BSP>
    <MALT>39,910000</MALT>
    <XAUS>39,910000</XAUS>
    <XFRA>39,910000</XFRA>
  </Prezzi>
  <Prezzi>
    <Data>20170916</Data>
    <Mercato>MGP</Mercato>
    <Ora>8</Ora>
    <PUN>41,170000</PUN>
    <NAT>41,170000</NAT>
    <CNOR>41,170000</CNOR>
    <CSUD>41,170000</CSUD>
    <NORD>41,170000</NORD>
    <SARD>41,170000</SARD>
    <SICI>41,170000</SICI>
    <SUD>41,170000</SUD>
    <AUST>41,170000</AUST>
    <BRNN>41,170000</BRNN>
    <COAC>41,170000</COAC>
    <CORS>41,170000</CORS>
    <FOGN>41,170000</FOGN>
    <FRAN>41,170000</FRAN>
    <GREC>41,170000</GREC>
    <MFTV>41,170000</MFTV>
    <PRGP>41,170000</PRGP>
    <ROSN>41,170000</ROSN>
    <SLOV>41,170000</SLOV>
    <SVIZ>41,170000</SVIZ>
    <BSP>41,170000</BSP>
    <MALT>41,170000</MALT>
    <XAUS>41,170000</XAUS>
    <XFRA>41,170000</XFRA>
  </Prezzi>
  <Prezzi>
    <Data>20170916</Data>
    <Mercato>MGP</Mercato>
    <Ora>9</Ora>
    <PUN>47,373450</PUN>
    <NAT>47,660000</NAT>
    <CNOR>47,660000</CNOR>
    <CSUD>47,660000</CSUD>
    <NORD>47,660000</NORD>
    <SARD>47,660000</SARD>
    <SICI>43,000000</SICI>
    <SUD>47,660000</SUD>
    <AUST>47,660000</AUST>
    <BRNN>47,660000</BRNN>
    <COAC>47,660000</COAC>
    <CORS>47,660000</CORS>
    <FOGN>47,660000</FOGN>
    <FRAN>47,660000</FRAN>
    <GREC>47,660000</GREC>
    <MFTV>47,660000</MFTV>
    <PRGP>43,000000</PRGP>
    <ROSN>43,000000</ROSN>
    <SLOV>47,660000</SLOV>
    <SVIZ>47,660000</SVIZ>
    <BSP>47,660000</BSP>
    <MALT>43,000000</MALT>
    <XAUS>47,660000</XAUS>
    <XFRA>47,660000</XFRA>
  </Prezzi>
  <Prezzi>
    <Data>20170916</Data>
    <Mercato>MGP</Mercato>
    <Ora>10</Ora>
    <PUN>47,092320</PUN>
    <NAT>47,370000</NAT>
    <CNOR>47,370000</CNOR>
    <CSUD>47,370000</CSUD>
    <NORD>47,370000</NORD>
    <SARD>47,370000</SARD>
    <SICI>43,000000</SICI>
    <SUD>47,370000</SUD>
    <AUST>47,370000</AUST>
    <BRNN>47,370000</BRNN>
    <COAC>47,370000</COAC>
    <CORS>47,370000</CORS>
    <FOGN>47,370000</FOGN>
    <FRAN>47,370000</FRAN>
    <GREC>47,370000</GREC>
    <MFTV>47,370000</MFTV>
    <PRGP>43,000000</PRGP>
    <ROSN>43,000000</ROSN>
    <SLOV>47,370000</SLOV>
    <SVIZ>47,370000</SVIZ>
    <BSP>47,370000</BSP>
    <MALT>43,000000</MALT>
    <XAUS>47,370000</XAUS>
    <XFRA>47,370000</XFRA>
  </Prezzi>
  <Prezzi>
    <Data>20170916</Data>
    <Mercato>MGP</Mercato>
    <Ora>11</Ora>
    <PUN>43,417710</PUN>
    <NAT>43,000000</NAT>
    <CNOR>43,920000</CNOR>
    <CSUD>43,920000</CSUD>
    <NORD>43,920000</NORD>
    <SARD>43,920000</SARD>
    <SICI>36,010000</SICI>
    <SUD>43,920000</SUD>
    <AUST>43,920000</AUST>
    <BRNN>43,920000</BRNN>
    <COAC>43,920000</COAC>
    <CORS>43,920000</CORS>
    <FOGN>43,920000</FOGN>
    <FRAN>43,920000</FRAN>
    <GREC>43,920000</GREC>
    <MFTV>43,920000</MFTV>
    <PRGP>36,010000</PRGP>
    <ROSN>36,010000</ROSN>
    <SLOV>43,920000</SLOV>
    <SVIZ>43,920000</SVIZ>
    <BSP>43,920000</BSP>
    <MALT>36,010000</MALT>
    <XAUS>43,920000</XAUS>
    <XFRA>43,920000</XFRA>
  </Prezzi>
  <Prezzi>
    <Data>20170916</Data>
    <Mercato>MGP</Mercato>
    <Ora>12</Ora>
    <PUN>42,183030</PUN>
    <NAT>42,000000</NAT>
    <CNOR>42,875170</CNOR>
    <CSUD>42,875170</CSUD>
    <NORD>42,875170</NORD>
    <SARD>42,875170</SARD>
    <SICI>32,150000</SICI>
    <SUD>42,875170</SUD>
    <AUST>42,875170</AUST>
    <BRNN>42,875170</BRNN>
    <COAC>42,875170</COAC>
    <CORS>42,875170</CORS>
    <FOGN>42,875170</FOGN>
    <FRAN>42,875170</FRAN>
    <GREC>42,875170</GREC>
    <MFTV>42,875170</MFTV>
    <PRGP>32,150000</PRGP>
    <ROSN>32,150000</ROSN>
    <SLOV>42,875170</SLOV>
    <SVIZ>42,875170</SVIZ>
    <BSP>42,875170</BSP>
    <MALT>32,150000</MALT>
    <XAUS>42,875170</XAUS>
    <XFRA>42,875170</XFRA>
  </Prezzi>
  <Prezzi>
    <Data>20170916</Data>
    <Mercato>MGP</Mercato>
    <Ora>13</Ora>
    <PUN>37,856220</PUN>
    <NAT>37,730000</NAT>
    <CNOR>38,270000</CNOR>
    <CSUD>38,270000</CSUD>
    <NORD>38,270000</NORD>
    <SARD>38,270000</SARD>
    <SICI>32,150000</SICI>
    <SUD>38,270000</SUD>
    <AUST>38,270000</AUST>
    <BRNN>38,270000</BRNN>
    <COAC>38,270000</COAC>
    <CORS>38,270000</CORS>
    <FOGN>38,270000</FOGN>
    <FRAN>38,270000</FRAN>
    <GREC>38,270000</GREC>
    <MFTV>38,270000</MFTV>
    <PRGP>32,150000</PRGP>
    <ROSN>32,150000</ROSN>
    <SLOV>38,270000</SLOV>
    <SVIZ>38,270000</SVIZ>
    <BSP>38,270000</BSP>
    <MALT>32,150000</MALT>
    <XAUS>38,270000</XAUS>
    <XFRA>38,270000</XFRA>
  </Prezzi>
  <Prezzi>
    <Data>20170916</Data>
    <Mercato>MGP</Mercato>
    <Ora>14</Ora>
    <PUN>35,076450</PUN>
    <NAT>35,000000</NAT>
    <CNOR>35,290310</CNOR>
    <CSUD>35,290310</CSUD>
    <NORD>35,290310</NORD>
    <SARD>35,290310</SARD>
    <SICI>32,150000</SICI>
    <SUD>35,290310</SUD>
    <AUST>35,290310</AUST>
    <BRNN>35,290310</BRNN>
    <COAC>35,290310</COAC>
    <CORS>35,290310</CORS>
    <FOGN>35,290310</FOGN>
    <FRAN>35,290310</FRAN>
    <GREC>35,290310</GREC>
    <MFTV>35,290310</MFTV>
    <PRGP>32,150000</PRGP>
    <ROSN>32,150000</ROSN>
    <SLOV>35,290310</SLOV>
    <SVIZ>35,290310</SVIZ>
    <BSP>35,290310</BSP>
    <MALT>32,150000</MALT>
    <XAUS>35,290310</XAUS>
    <XFRA>35,290310</XFRA>
  </Prezzi>
  <Prezzi>
    <Data>20170916</Data>
    <Mercato>MGP</Mercato>
    <Ora>15</Ora>
    <PUN>32,933100</PUN>
    <NAT>32,510000</NAT>
    <CNOR>32,990000</CNOR>
    <CSUD>32,990000</CSUD>
    <NORD>32,990000</NORD>
    <SARD>32,990000</SARD>
    <SICI>32,150000</SICI>
    <SUD>32,990000</SUD>
    <AUST>32,990000</AUST>
    <BRNN>32,990000</BRNN>
    <COAC>32,990000</COAC>
    <CORS>32,990000</CORS>
    <FOGN>32,990000</FOGN>
    <FRAN>32,990000</FRAN>
    <GREC>32,990000</GREC>
    <MFTV>32,990000</MFTV>
    <PRGP>32,150000</PRGP>
    <ROSN>32,150000</ROSN>
    <SLOV>32,990000</SLOV>
    <SVIZ>32,990000</SVIZ>
    <BSP>32,990000</BSP>
    <MALT>32,150000</MALT>
    <XAUS>32,990000</XAUS>
    <XFRA>32,990000</XFRA>
  </Prezzi>
  <Prezzi>
    <Data>20170916</Data>
    <Mercato>MGP</Mercato>
    <Ora>16</Ora>
    <PUN>33,874860</PUN>
    <NAT>33,440000</NAT>
    <CNOR>34,000000</CNOR>
    <CSUD>34,000000</CSUD>
    <NORD>34,000000</NORD>
    <SARD>34,000000</SARD>
    <SICI>32,150000</SICI>
    <SUD>34,000000</SUD>
    <AUST>34,000000</AUST>
    <BRNN>34,000000</BRNN>
    <COAC>34,000000</COAC>
    <CORS>34,000000</CORS>
    <FOGN>34,000000</FOGN>
    <FRAN>34,000000</FRAN>
    <GREC>34,000000</GREC>
    <MFTV>34,000000</MFTV>
    <PRGP>32,150000</PRGP>
    <ROSN>32,150000</ROSN>
    <SLOV>34,000000</SLOV>
    <SVIZ>34,000000</SVIZ>
    <BSP>34,000000</BSP>
    <MALT>32,150000</MALT>
    <XAUS>34,000000</XAUS>
    <XFRA>34,000000</XFRA>
  </Prezzi>
  <Prezzi>
    <Data>20170916</Data>
    <Mercato>MGP</Mercato>
    <Ora>17</Ora>
    <PUN>37,573480</PUN>
    <NAT>37,690000</NAT>
    <CNOR>37,690000</CNOR>
    <CSUD>37,690000</CSUD>
    <NORD>37,690000</NORD>
    <SARD>37,690000</SARD>
    <SICI>36,010000</SICI>
    <SUD>37,690000</SUD>
    <AUST>37,690000</AUST>
    <BRNN>37,690000</BRNN>
    <COAC>37,690000</COAC>
    <CORS>37,690000</CORS>
    <FOGN>37,690000</FOGN>
    <FRAN>37,690000</FRAN>
    <GREC>37,690000</GREC>
    <MFTV>37,690000</MFTV>
    <PRGP>36,010000</PRGP>
    <ROSN>36,010000</ROSN>
    <SLOV>37,690000</SLOV>
    <SVIZ>37,690000</SVIZ>
    <BSP>37,690000</BSP>
    <MALT>36,010000</MALT>
    <XAUS>37,690000</XAUS>
    <XFRA>37,690000</XFRA>
  </Prezzi>
  <Prezzi>
    <Data>20170916</Data>
    <Mercato>MGP</Mercato>
    <Ora>18</Ora>
    <PUN>43,000000</PUN>
    <NAT>43,000000</NAT>
    <CNOR>43,000000</CNOR>
    <CSUD>43,000000</CSUD>
    <NORD>43,000000</NORD>
    <SARD>43,000000</SARD>
    <SICI>43,000000</SICI>
    <SUD>43,000000</SUD>
    <AUST>43,000000</AUST>
    <BRNN>43,000000</BRNN>
    <COAC>43,000000</COAC>
    <CORS>43,000000</CORS>
    <FOGN>43,000000</FOGN>
    <FRAN>43,000000</FRAN>
    <GREC>43,000000</GREC>
    <MFTV>43,000000</MFTV>
    <PRGP>43,000000</PRGP>
    <ROSN>43,000000</ROSN>
    <SLOV>43,000000</SLOV>
    <SVIZ>43,000000</SVIZ>
    <BSP>43,000000</BSP>
    <MALT>43,000000</MALT>
    <XAUS>43,000000</XAUS>
    <XFRA>43,000000</XFRA>
  </Prezzi>
  <Prezzi>
    <Data>20170916</Data>
    <Mercato>MGP</Mercato>
    <Ora>19</Ora>
    <PUN>49,482030</PUN>
    <NAT>47,660000</NAT>
    <CNOR>47,370000</CNOR>
    <CSUD>47,370000</CSUD>
    <NORD>47,370000</NORD>
    <SARD>47,370000</SARD>
    <SICI>77,000000</SICI>
    <SUD>47,370000</SUD>
    <AUST>47,370000</AUST>
    <BRNN>47,370000</BRNN>
    <COAC>47,370000</COAC>
    <CORS>47,370000</CORS>
    <FOGN>47,370000</FOGN>
    <FRAN>47,370000</FRAN>
    <GREC>47,370000</GREC>
    <MFTV>47,370000</MFTV>
    <PRGP>77,000000</PRGP>
    <ROSN>47,370000</ROSN>
    <SLOV>47,370000</SLOV>
    <SVIZ>47,370000</SVIZ>
    <BSP>47,370000</BSP>
    <MALT>77,000000</MALT>
    <XAUS>47,370000</XAUS>
    <XFRA>47,370000</XFRA>
  </Prezzi>
  <Prezzi>
    <Data>20170916</Data>
    <Mercato>MGP</Mercato>
    <Ora>20</Ora>
    <PUN>54,334010</PUN>
    <NAT>52,500000</NAT>
    <CNOR>51,860000</CNOR>
    <CSUD>51,860000</CSUD>
    <NORD>51,860000</NORD>
    <SARD>51,860000</SARD>
    <SICI>86,220000</SICI>
    <SUD>51,860000</SUD>
    <AUST>51,860000</AUST>
    <BRNN>51,860000</BRNN>
    <COAC>51,860000</COAC>
    <CORS>51,860000</CORS>
    <FOGN>51,860000</FOGN>
    <FRAN>51,860000</FRAN>
    <GREC>51,860000</GREC>
    <MFTV>51,860000</MFTV>
    <PRGP>86,220000</PRGP>
    <ROSN>51,860000</ROSN>
    <SLOV>51,860000</SLOV>
    <SVIZ>51,860000</SVIZ>
    <BSP>51,860000</BSP>
    <MALT>86,220000</MALT>
    <XAUS>51,860000</XAUS>
    <XFRA>51,860000</XFRA>
  </Prezzi>
  <Prezzi>
    <Data>20170916</Data>
    <Mercato>MGP</Mercato>
    <Ora>21</Ora>
    <PUN>53,391600</PUN>
    <NAT>51,860000</NAT>
    <CNOR>51,860000</CNOR>
    <CSUD>51,860000</CSUD>
    <NORD>49,950000</NORD>
    <SARD>51,860000</SARD>
    <SICI>86,220000</SICI>
    <SUD>51,860000</SUD>
    <AUST>49,950000</AUST>
    <BRNN>51,860000</BRNN>
    <COAC>51,860000</COAC>
    <CORS>51,860000</CORS>
    <FOGN>51,860000</FOGN>
    <FRAN>49,950000</FRAN>
    <GREC>51,860000</GREC>
    <MFTV>49,950000</MFTV>
    <PRGP>86,220000</PRGP>
    <ROSN>51,860000</ROSN>
    <SLOV>49,950000</SLOV>
    <SVIZ>49,950000</SVIZ>
    <BSP>49,950000</BSP>
    <MALT>86,220000</MALT>
    <XAUS>49,950000</XAUS>
    <XFRA>49,950000</XFRA>
  </Prezzi>
  <Prezzi>
    <Data>20170916</Data>
    <Mercato>MGP</Mercato>
    <Ora>22</Ora>
    <PUN>48,959550</PUN>
    <NAT>47,660000</NAT>
    <CNOR>47,370000</CNOR>
    <CSUD>47,370000</CSUD>
    <NORD>45,610000</NORD>
    <SARD>47,370000</SARD>
    <SICI>82,010000</SICI>
    <SUD>47,370000</SUD>
    <AUST>45,610000</AUST>
    <BRNN>47,370000</BRNN>
    <COAC>47,370000</COAC>
    <CORS>47,370000</CORS>
    <FOGN>47,370000</FOGN>
    <FRAN>45,610000</FRAN>
    <GREC>47,370000</GREC>
    <MFTV>45,610000</MFTV>
    <PRGP>82,010000</PRGP>
    <ROSN>47,370000</ROSN>
    <SLOV>45,610000</SLOV>
    <SVIZ>45,610000</SVIZ>
    <BSP>45,610000</BSP>
    <MALT>82,010000</MALT>
    <XAUS>45,610000</XAUS>
    <XFRA>45,610000</XFRA>
  </Prezzi>
  <Prezzi>
    <Data>20170916</Data>
    <Mercato>MGP</Mercato>
    <Ora>23</Ora>
    <PUN>44,034840</PUN>
    <NAT>42,000000</NAT>
    <CNOR>43,000000</CNOR>
    <CSUD>43,000000</CSUD>
    <NORD>40,330110</NORD>
    <SARD>43,000000</SARD>
    <SICI>77,000000</SICI>
    <SUD>43,000000</SUD>
    <AUST>40,330110</AUST>
    <BRNN>43,000000</BRNN>
    <COAC>43,000000</COAC>
    <CORS>43,000000</CORS>
    <FOGN>43,000000</FOGN>
    <FRAN>40,330110</FRAN>
    <GREC>43,000000</GREC>
    <MFTV>40,330110</MFTV>
    <PRGP>77,000000</PRGP>
    <ROSN>43,000000</ROSN>
    <SLOV>40,330110</SLOV>
    <SVIZ>40,330110</SVIZ>
    <BSP>40,330110</BSP>
    <MALT>77,000000</MALT>
    <XAUS>40,330110</XAUS>
    <XFRA>40,330110</XFRA>
  </Prezzi>
  <Prezzi>
    <Data>20170916</Data>
    <Mercato>MGP</Mercato>
    <Ora>24</Ora>
    <PUN>39,150000</PUN>
    <NAT>39,150000</NAT>
    <CNOR>39,150000</CNOR>
    <CSUD>39,150000</CSUD>
    <NORD>39,150000</NORD>
    <SARD>39,150000</SARD>
    <SICI>39,150000</SICI>
    <SUD>39,150000</SUD>
    <AUST>39,150000</AUST>
    <BRNN>39,150000</BRNN>
    <COAC>39,150000</COAC>
    <CORS>39,150000</CORS>
    <FOGN>39,150000</FOGN>
    <FRAN>39,150000</FRAN>
    <GREC>39,150000</GREC>
    <MFTV>39,150000</MFTV>
    <PRGP>39,150000</PRGP>
    <ROSN>39,150000</ROSN>
    <SLOV>39,150000</SLOV>
    <SVIZ>39,150000</SVIZ>
    <BSP>39,150000</BSP>
    <MALT>39,150000</MALT>
    <XAUS>39,150000</XAUS>
    <XFRA>39,150000</XFRA>
  </Prezzi>
</NewDataSet>