<?xml version="1.0" standalone="yes"?>
<NewDataSet>
  <xs:schema id="NewDataSet" xmlns="" xmlns:xs="http://www.w3.org/2001/XMLSchema" xmlns:msdata="urn:schemas-microsoft-com:xml-msdata">
    <xs:element name="NewDataSet" msdata:IsDataSet="true" msdata:UseCurrentLocale="true">
      <xs:complexType>
        <xs:choice minOccurs="0" maxOccurs="unbounded">
          <xs:element name="Prezzi">
            <xs:complexType>
              <xs:sequence>
                <xs:element name="Data" type="xs:string" minOccurs="0" />
                <xs:element name="Mercato" type="xs:string" minOccurs="0" />
                <xs:element name="Ora" type="xs:string" minOccurs="0" />
                <xs:element name="PUN" type="xs:string" minOccurs="0" />
                <xs:element name="NAT" type="xs:string" minOccurs="0" />
                <xs:element name="CNOR" type="xs:string" minOccurs="0" />
                <xs:element name="CSUD" type="xs:string" minOccurs="0" />
                <xs:element name="NORD" type="xs:string" minOccurs="0" />
                <xs:element name="SARD" type="xs:string" minOccurs="0" />
                <xs:element name="SICI" type="xs:string" minOccurs="0" />
                <xs:element name="SUD" type="xs:string" minOccurs="0" />
                <xs:element name="AUST" type="xs:string" minOccurs="0" />
                <xs:element name="BRNN" type="xs:string" minOccurs="0" />
                <xs:element name="COAC" type="xs:string" minOccurs="0" />
                <xs:element name="CORS" type="xs:string" minOccurs="0" />
                <xs:element name="FOGN" type="xs:string" minOccurs="0" />
                <xs:element name="FRAN" type="xs:string" minOccurs="0" />
                <xs:element name="GREC" type="xs:string" minOccurs="0" />
                <xs:element name="MFTV" type="xs:string" minOccurs="0" />
                <xs:element name="PRGP" type="xs:string" minOccurs="0" />
                <xs:element name="ROSN" type="xs:string" minOccurs="0" />
                <xs:element name="SLOV" type="xs:string" minOccurs="0" />
                <xs:element name="SVIZ" type="xs:string" minOccurs="0" />
                <xs:element name="BSP" type="xs:string" minOccurs="0" />
                <xs:element name="MALT" type="xs:string" minOccurs="0" />
                <xs:element name="XAUS" type="xs:string" minOccurs="0" />
                <xs:element name="XFRA" type="xs:string" minOccurs="0" />
              </xs:sequence>
            </xs:complexType>
          </xs:element>
        </xs:choice>
      </xs:complexType>
    </xs:element>
  </xs:schema>
  <Prezzi>
    <Data>20170906</Data>
    <Mercato>MGP</Mercato>
    <Ora>1</Ora>
    <PUN>46,648390</PUN>
    <NAT>45,990000</NAT>
    <CNOR>45,990000</CNOR>
    <CSUD>45,990000</CSUD>
    <NORD>45,990000</NORD>
    <SARD>45,990000</SARD>
    <SICI>56,740000</SICI>
    <SUD>45,990000</SUD>
    <AUST>45,990000</AUST>
    <BRNN>45,990000</BRNN>
    <COAC>45,990000</COAC>
    <CORS>45,990000</CORS>
    <FOGN>45,990000</FOGN>
    <FRAN>45,990000</FRAN>
    <GREC>45,990000</GREC>
    <MFTV>45,990000</MFTV>
    <PRGP>56,740000</PRGP>
    <ROSN>45,990000</ROSN>
    <SLOV>45,990000</SLOV>
    <SVIZ>45,990000</SVIZ>
    <BSP>45,990000</BSP>
    <MALT>56,740000</MALT>
    <XAUS>45,990000</XAUS>
    <XFRA>45,990000</XFRA>
  </Prezzi>
  <Prezzi>
    <Data>20170906</Data>
    <Mercato>MGP</Mercato>
    <Ora>2</Ora>
    <PUN>42,739160</PUN>
    <NAT>42,570000</NAT>
    <CNOR>42,570000</CNOR>
    <CSUD>42,570000</CSUD>
    <NORD>42,570000</NORD>
    <SARD>42,570000</SARD>
    <SICI>45,400000</SICI>
    <SUD>42,570000</SUD>
    <AUST>42,570000</AUST>
    <BRNN>42,570000</BRNN>
    <COAC>42,570000</COAC>
    <CORS>42,570000</CORS>
    <FOGN>42,570000</FOGN>
    <FRAN>42,570000</FRAN>
    <GREC>42,570000</GREC>
    <MFTV>42,570000</MFTV>
    <PRGP>45,400000</PRGP>
    <ROSN>42,570000</ROSN>
    <SLOV>42,570000</SLOV>
    <SVIZ>42,570000</SVIZ>
    <BSP>42,570000</BSP>
    <MALT>45,400000</MALT>
    <XAUS>42,570000</XAUS>
    <XFRA>42,570000</XFRA>
  </Prezzi>
  <Prezzi>
    <Data>20170906</Data>
    <Mercato>MGP</Mercato>
    <Ora>3</Ora>
    <PUN>42,320000</PUN>
    <NAT>42,320000</NAT>
    <CNOR>42,320000</CNOR>
    <CSUD>42,320000</CSUD>
    <NORD>42,320000</NORD>
    <SARD>42,320000</SARD>
    <SICI>42,320000</SICI>
    <SUD>42,320000</SUD>
    <AUST>42,320000</AUST>
    <BRNN>42,320000</BRNN>
    <COAC>42,320000</COAC>
    <CORS>42,320000</CORS>
    <FOGN>42,320000</FOGN>
    <FRAN>42,320000</FRAN>
    <GREC>42,320000</GREC>
    <MFTV>42,320000</MFTV>
    <PRGP>42,320000</PRGP>
    <ROSN>42,320000</ROSN>
    <SLOV>42,320000</SLOV>
    <SVIZ>42,320000</SVIZ>
    <BSP>42,320000</BSP>
    <MALT>42,320000</MALT>
    <XAUS>42,320000</XAUS>
    <XFRA>42,320000</XFRA>
  </Prezzi>
  <Prezzi>
    <Data>20170906</Data>
    <Mercato>MGP</Mercato>
    <Ora>4</Ora>
    <PUN>41,470000</PUN>
    <NAT>41,470000</NAT>
    <CNOR>41,470000</CNOR>
    <CSUD>41,470000</CSUD>
    <NORD>41,470000</NORD>
    <SARD>41,470000</SARD>
    <SICI>41,470000</SICI>
    <SUD>41,470000</SUD>
    <AUST>41,470000</AUST>
    <BRNN>41,470000</BRNN>
    <COAC>41,470000</COAC>
    <CORS>41,470000</CORS>
    <FOGN>41,470000</FOGN>
    <FRAN>41,470000</FRAN>
    <GREC>41,470000</GREC>
    <MFTV>41,470000</MFTV>
    <PRGP>41,470000</PRGP>
    <ROSN>41,470000</ROSN>
    <SLOV>41,470000</SLOV>
    <SVIZ>41,470000</SVIZ>
    <BSP>41,470000</BSP>
    <MALT>41,470000</MALT>
    <XAUS>41,470000</XAUS>
    <XFRA>41,470000</XFRA>
  </Prezzi>
  <Prezzi>
    <Data>20170906</Data>
    <Mercato>MGP</Mercato>
    <Ora>5</Ora>
    <PUN>41,470000</PUN>
    <NAT>41,470000</NAT>
    <CNOR>41,470000</CNOR>
    <CSUD>41,470000</CSUD>
    <NORD>41,470000</NORD>
    <SARD>41,470000</SARD>
    <SICI>41,470000</SICI>
    <SUD>41,470000</SUD>
    <AUST>41,470000</AUST>
    <BRNN>41,470000</BRNN>
    <COAC>41,470000</COAC>
    <CORS>41,470000</CORS>
    <FOGN>41,470000</FOGN>
    <FRAN>41,470000</FRAN>
    <GREC>41,470000</GREC>
    <MFTV>41,470000</MFTV>
    <PRGP>41,470000</PRGP>
    <ROSN>41,470000</ROSN>
    <SLOV>41,470000</SLOV>
    <SVIZ>41,470000</SVIZ>
    <BSP>41,470000</BSP>
    <MALT>41,470000</MALT>
    <XAUS>41,470000</XAUS>
    <XFRA>41,470000</XFRA>
  </Prezzi>
  <Prezzi>
    <Data>20170906</Data>
    <Mercato>MGP</Mercato>
    <Ora>6</Ora>
    <PUN>43,000000</PUN>
    <NAT>43,000000</NAT>
    <CNOR>43,000000</CNOR>
    <CSUD>43,000000</CSUD>
    <NORD>43,000000</NORD>
    <SARD>43,000000</SARD>
    <SICI>43,000000</SICI>
    <SUD>43,000000</SUD>
    <AUST>43,000000</AUST>
    <BRNN>43,000000</BRNN>
    <COAC>43,000000</COAC>
    <CORS>43,000000</CORS>
    <FOGN>43,000000</FOGN>
    <FRAN>43,000000</FRAN>
    <GREC>43,000000</GREC>
    <MFTV>43,000000</MFTV>
    <PRGP>43,000000</PRGP>
    <ROSN>43,000000</ROSN>
    <SLOV>43,000000</SLOV>
    <SVIZ>43,000000</SVIZ>
    <BSP>43,000000</BSP>
    <MALT>43,000000</MALT>
    <XAUS>43,000000</XAUS>
    <XFRA>43,000000</XFRA>
  </Prezzi>
  <Prezzi>
    <Data>20170906</Data>
    <Mercato>MGP</Mercato>
    <Ora>7</Ora>
    <PUN>51,640000</PUN>
    <NAT>51,640000</NAT>
    <CNOR>51,640000</CNOR>
    <CSUD>51,640000</CSUD>
    <NORD>51,640000</NORD>
    <SARD>51,640000</SARD>
    <SICI>51,640000</SICI>
    <SUD>51,640000</SUD>
    <AUST>51,640000</AUST>
    <BRNN>51,640000</BRNN>
    <COAC>51,640000</COAC>
    <CORS>51,640000</CORS>
    <FOGN>51,640000</FOGN>
    <FRAN>51,640000</FRAN>
    <GREC>51,640000</GREC>
    <MFTV>51,640000</MFTV>
    <PRGP>51,640000</PRGP>
    <ROSN>51,640000</ROSN>
    <SLOV>51,640000</SLOV>
    <SVIZ>51,640000</SVIZ>
    <BSP>51,640000</BSP>
    <MALT>51,640000</MALT>
    <XAUS>51,640000</XAUS>
    <XFRA>51,640000</XFRA>
  </Prezzi>
  <Prezzi>
    <Data>20170906</Data>
    <Mercato>MGP</Mercato>
    <Ora>8</Ora>
    <PUN>53,840870</PUN>
    <NAT>52,640000</NAT>
    <CNOR>52,640000</CNOR>
    <CSUD>52,640000</CSUD>
    <NORD>52,640000</NORD>
    <SARD>52,640000</SARD>
    <SICI>75,000000</SICI>
    <SUD>52,640000</SUD>
    <AUST>52,640000</AUST>
    <BRNN>52,640000</BRNN>
    <COAC>52,640000</COAC>
    <CORS>52,640000</CORS>
    <FOGN>52,640000</FOGN>
    <FRAN>52,640000</FRAN>
    <GREC>52,640000</GREC>
    <MFTV>52,640000</MFTV>
    <PRGP>75,000000</PRGP>
    <ROSN>52,640000</ROSN>
    <SLOV>52,640000</SLOV>
    <SVIZ>52,640000</SVIZ>
    <BSP>52,640000</BSP>
    <MALT>75,000000</MALT>
    <XAUS>52,640000</XAUS>
    <XFRA>52,640000</XFRA>
  </Prezzi>
  <Prezzi>
    <Data>20170906</Data>
    <Mercato>MGP</Mercato>
    <Ora>9</Ora>
    <PUN>54,430910</PUN>
    <NAT>53,250000</NAT>
    <CNOR>52,640000</CNOR>
    <CSUD>52,640000</CSUD>
    <NORD>52,640000</NORD>
    <SARD>52,640000</SARD>
    <SICI>86,010000</SICI>
    <SUD>52,640000</SUD>
    <AUST>52,640000</AUST>
    <BRNN>52,640000</BRNN>
    <COAC>52,640000</COAC>
    <CORS>52,640000</CORS>
    <FOGN>52,640000</FOGN>
    <FRAN>52,640000</FRAN>
    <GREC>52,640000</GREC>
    <MFTV>52,640000</MFTV>
    <PRGP>86,010000</PRGP>
    <ROSN>52,640000</ROSN>
    <SLOV>52,640000</SLOV>
    <SVIZ>52,640000</SVIZ>
    <BSP>52,640000</BSP>
    <MALT>86,010000</MALT>
    <XAUS>52,640000</XAUS>
    <XFRA>52,640000</XFRA>
  </Prezzi>
  <Prezzi>
    <Data>20170906</Data>
    <Mercato>MGP</Mercato>
    <Ora>10</Ora>
    <PUN>53,362320</PUN>
    <NAT>52,640000</NAT>
    <CNOR>52,640000</CNOR>
    <CSUD>52,640000</CSUD>
    <NORD>52,640000</NORD>
    <SARD>52,640000</SARD>
    <SICI>65,990000</SICI>
    <SUD>52,640000</SUD>
    <AUST>52,640000</AUST>
    <BRNN>52,640000</BRNN>
    <COAC>52,640000</COAC>
    <CORS>52,640000</CORS>
    <FOGN>52,640000</FOGN>
    <FRAN>52,640000</FRAN>
    <GREC>52,640000</GREC>
    <MFTV>52,640000</MFTV>
    <PRGP>65,990000</PRGP>
    <ROSN>52,640000</ROSN>
    <SLOV>52,640000</SLOV>
    <SVIZ>52,640000</SVIZ>
    <BSP>52,640000</BSP>
    <MALT>65,990000</MALT>
    <XAUS>52,640000</XAUS>
    <XFRA>52,640000</XFRA>
  </Prezzi>
  <Prezzi>
    <Data>20170906</Data>
    <Mercato>MGP</Mercato>
    <Ora>11</Ora>
    <PUN>52,256030</PUN>
    <NAT>52,000000</NAT>
    <CNOR>52,000000</CNOR>
    <CSUD>52,000000</CSUD>
    <NORD>52,000000</NORD>
    <SARD>52,000000</SARD>
    <SICI>56,740000</SICI>
    <SUD>52,000000</SUD>
    <AUST>52,000000</AUST>
    <BRNN>52,000000</BRNN>
    <COAC>52,000000</COAC>
    <CORS>52,000000</CORS>
    <FOGN>52,000000</FOGN>
    <FRAN>52,000000</FRAN>
    <GREC>52,000000</GREC>
    <MFTV>52,000000</MFTV>
    <PRGP>56,740000</PRGP>
    <ROSN>52,000000</ROSN>
    <SLOV>52,000000</SLOV>
    <SVIZ>52,000000</SVIZ>
    <BSP>52,000000</BSP>
    <MALT>56,740000</MALT>
    <XAUS>52,000000</XAUS>
    <XFRA>52,000000</XFRA>
  </Prezzi>
  <Prezzi>
    <Data>20170906</Data>
    <Mercato>MGP</Mercato>
    <Ora>12</Ora>
    <PUN>51,882110</PUN>
    <NAT>51,640000</NAT>
    <CNOR>51,640000</CNOR>
    <CSUD>51,640000</CSUD>
    <NORD>51,640000</NORD>
    <SARD>51,640000</SARD>
    <SICI>56,110000</SICI>
    <SUD>51,640000</SUD>
    <AUST>51,640000</AUST>
    <BRNN>51,640000</BRNN>
    <COAC>51,640000</COAC>
    <CORS>51,640000</CORS>
    <FOGN>51,640000</FOGN>
    <FRAN>51,640000</FRAN>
    <GREC>51,640000</GREC>
    <MFTV>51,640000</MFTV>
    <PRGP>56,110000</PRGP>
    <ROSN>51,640000</ROSN>
    <SLOV>51,640000</SLOV>
    <SVIZ>51,640000</SVIZ>
    <BSP>51,640000</BSP>
    <MALT>56,110000</MALT>
    <XAUS>51,640000</XAUS>
    <XFRA>51,640000</XFRA>
  </Prezzi>
  <Prezzi>
    <Data>20170906</Data>
    <Mercato>MGP</Mercato>
    <Ora>13</Ora>
    <PUN>47,437180</PUN>
    <NAT>47,450000</NAT>
    <CNOR>47,450000</CNOR>
    <CSUD>47,410000</CSUD>
    <NORD>47,450000</NORD>
    <SARD>47,410000</SARD>
    <SICI>47,410000</SICI>
    <SUD>47,410000</SUD>
    <AUST>47,450000</AUST>
    <BRNN>47,410000</BRNN>
    <COAC>47,410000</COAC>
    <CORS>47,450000</CORS>
    <FOGN>47,410000</FOGN>
    <FRAN>47,450000</FRAN>
    <GREC>47,410000</GREC>
    <MFTV>47,450000</MFTV>
    <PRGP>47,410000</PRGP>
    <ROSN>47,410000</ROSN>
    <SLOV>47,450000</SLOV>
    <SVIZ>47,450000</SVIZ>
    <BSP>47,450000</BSP>
    <MALT>47,410000</MALT>
    <XAUS>47,450000</XAUS>
    <XFRA>47,450000</XFRA>
  </Prezzi>
  <Prezzi>
    <Data>20170906</Data>
    <Mercato>MGP</Mercato>
    <Ora>14</Ora>
    <PUN>46,069320</PUN>
    <NAT>45,800000</NAT>
    <CNOR>47,450000</CNOR>
    <CSUD>43,000000</CSUD>
    <NORD>47,450000</NORD>
    <SARD>43,000000</SARD>
    <SICI>43,000000</SICI>
    <SUD>43,000000</SUD>
    <AUST>47,450000</AUST>
    <BRNN>43,000000</BRNN>
    <COAC>43,000000</COAC>
    <CORS>47,450000</CORS>
    <FOGN>43,000000</FOGN>
    <FRAN>47,450000</FRAN>
    <GREC>43,000000</GREC>
    <MFTV>47,450000</MFTV>
    <PRGP>43,000000</PRGP>
    <ROSN>43,000000</ROSN>
    <SLOV>47,450000</SLOV>
    <SVIZ>47,450000</SVIZ>
    <BSP>47,450000</BSP>
    <MALT>43,000000</MALT>
    <XAUS>47,450000</XAUS>
    <XFRA>47,450000</XFRA>
  </Prezzi>
  <Prezzi>
    <Data>20170906</Data>
    <Mercato>MGP</Mercato>
    <Ora>15</Ora>
    <PUN>49,028350</PUN>
    <NAT>47,830000</NAT>
    <CNOR>51,630000</CNOR>
    <CSUD>43,000000</CSUD>
    <NORD>51,630000</NORD>
    <SARD>43,000000</SARD>
    <SICI>43,000000</SICI>
    <SUD>43,000000</SUD>
    <AUST>51,630000</AUST>
    <BRNN>43,000000</BRNN>
    <COAC>43,000000</COAC>
    <CORS>51,630000</CORS>
    <FOGN>43,000000</FOGN>
    <FRAN>51,630000</FRAN>
    <GREC>43,000000</GREC>
    <MFTV>51,630000</MFTV>
    <PRGP>43,000000</PRGP>
    <ROSN>43,000000</ROSN>
    <SLOV>51,630000</SLOV>
    <SVIZ>51,630000</SVIZ>
    <BSP>51,630000</BSP>
    <MALT>43,000000</MALT>
    <XAUS>51,630000</XAUS>
    <XFRA>51,630000</XFRA>
  </Prezzi>
  <Prezzi>
    <Data>20170906</Data>
    <Mercato>MGP</Mercato>
    <Ora>16</Ora>
    <PUN>49,806950</PUN>
    <NAT>48,830000</NAT>
    <CNOR>52,300000</CNOR>
    <CSUD>44,010000</CSUD>
    <NORD>52,300000</NORD>
    <SARD>44,010000</SARD>
    <SICI>44,010000</SICI>
    <SUD>44,010000</SUD>
    <AUST>52,300000</AUST>
    <BRNN>44,010000</BRNN>
    <COAC>44,010000</COAC>
    <CORS>52,300000</CORS>
    <FOGN>44,010000</FOGN>
    <FRAN>52,300000</FRAN>
    <GREC>44,010000</GREC>
    <MFTV>52,300000</MFTV>
    <PRGP>44,010000</PRGP>
    <ROSN>44,010000</ROSN>
    <SLOV>52,300000</SLOV>
    <SVIZ>52,300000</SVIZ>
    <BSP>52,300000</BSP>
    <MALT>44,010000</MALT>
    <XAUS>52,300000</XAUS>
    <XFRA>52,300000</XFRA>
  </Prezzi>
  <Prezzi>
    <Data>20170906</Data>
    <Mercato>MGP</Mercato>
    <Ora>17</Ora>
    <PUN>53,518880</PUN>
    <NAT>51,700000</NAT>
    <CNOR>55,750000</CNOR>
    <CSUD>46,810000</CSUD>
    <NORD>55,750000</NORD>
    <SARD>46,810000</SARD>
    <SICI>56,110000</SICI>
    <SUD>46,810000</SUD>
    <AUST>55,750000</AUST>
    <BRNN>46,810000</BRNN>
    <COAC>46,810000</COAC>
    <CORS>55,750000</CORS>
    <FOGN>46,810000</FOGN>
    <FRAN>55,750000</FRAN>
    <GREC>46,810000</GREC>
    <MFTV>55,750000</MFTV>
    <PRGP>56,110000</PRGP>
    <ROSN>46,810000</ROSN>
    <SLOV>55,750000</SLOV>
    <SVIZ>55,750000</SVIZ>
    <BSP>55,750000</BSP>
    <MALT>56,110000</MALT>
    <XAUS>55,750000</XAUS>
    <XFRA>55,750000</XFRA>
  </Prezzi>
  <Prezzi>
    <Data>20170906</Data>
    <Mercato>MGP</Mercato>
    <Ora>18</Ora>
    <PUN>53,562590</PUN>
    <NAT>52,140000</NAT>
    <CNOR>52,300000</CNOR>
    <CSUD>50,000000</CSUD>
    <NORD>52,300000</NORD>
    <SARD>50,000000</SARD>
    <SICI>85,000000</SICI>
    <SUD>50,000000</SUD>
    <AUST>52,300000</AUST>
    <BRNN>50,000000</BRNN>
    <COAC>50,000000</COAC>
    <CORS>52,300000</CORS>
    <FOGN>50,000000</FOGN>
    <FRAN>52,300000</FRAN>
    <GREC>50,000000</GREC>
    <MFTV>52,300000</MFTV>
    <PRGP>85,000000</PRGP>
    <ROSN>50,000000</ROSN>
    <SLOV>52,300000</SLOV>
    <SVIZ>52,300000</SVIZ>
    <BSP>52,300000</BSP>
    <MALT>85,000000</MALT>
    <XAUS>52,300000</XAUS>
    <XFRA>52,300000</XFRA>
  </Prezzi>
  <Prezzi>
    <Data>20170906</Data>
    <Mercato>MGP</Mercato>
    <Ora>19</Ora>
    <PUN>54,468930</PUN>
    <NAT>52,420000</NAT>
    <CNOR>52,640000</CNOR>
    <CSUD>51,780000</CSUD>
    <NORD>52,640000</NORD>
    <SARD>51,780000</SARD>
    <SICI>88,160000</SICI>
    <SUD>51,780000</SUD>
    <AUST>52,640000</AUST>
    <BRNN>51,780000</BRNN>
    <COAC>51,780000</COAC>
    <CORS>52,640000</CORS>
    <FOGN>51,780000</FOGN>
    <FRAN>52,640000</FRAN>
    <GREC>51,780000</GREC>
    <MFTV>52,640000</MFTV>
    <PRGP>88,160000</PRGP>
    <ROSN>51,780000</ROSN>
    <SLOV>52,640000</SLOV>
    <SVIZ>52,640000</SVIZ>
    <BSP>52,640000</BSP>
    <MALT>88,160000</MALT>
    <XAUS>52,640000</XAUS>
    <XFRA>52,640000</XFRA>
  </Prezzi>
  <Prezzi>
    <Data>20170906</Data>
    <Mercato>MGP</Mercato>
    <Ora>20</Ora>
    <PUN>56,128940</PUN>
    <NAT>55,150000</NAT>
    <CNOR>53,640000</CNOR>
    <CSUD>53,250000</CSUD>
    <NORD>53,640000</NORD>
    <SARD>53,250000</SARD>
    <SICI>96,440000</SICI>
    <SUD>53,250000</SUD>
    <AUST>53,640000</AUST>
    <BRNN>53,250000</BRNN>
    <COAC>53,250000</COAC>
    <CORS>53,640000</CORS>
    <FOGN>53,250000</FOGN>
    <FRAN>53,640000</FRAN>
    <GREC>53,250000</GREC>
    <MFTV>53,640000</MFTV>
    <PRGP>96,440000</PRGP>
    <ROSN>53,250000</ROSN>
    <SLOV>53,640000</SLOV>
    <SVIZ>53,640000</SVIZ>
    <BSP>53,640000</BSP>
    <MALT>96,440000</MALT>
    <XAUS>53,640000</XAUS>
    <XFRA>53,640000</XFRA>
  </Prezzi>
  <Prezzi>
    <Data>20170906</Data>
    <Mercato>MGP</Mercato>
    <Ora>21</Ora>
    <PUN>58,101450</PUN>
    <NAT>58,150000</NAT>
    <CNOR>56,500000</CNOR>
    <CSUD>53,250000</CSUD>
    <NORD>56,500000</NORD>
    <SARD>53,250000</SARD>
    <SICI>96,440000</SICI>
    <SUD>53,250000</SUD>
    <AUST>56,500000</AUST>
    <BRNN>53,250000</BRNN>
    <COAC>53,250000</COAC>
    <CORS>56,500000</CORS>
    <FOGN>53,250000</FOGN>
    <FRAN>56,500000</FRAN>
    <GREC>53,250000</GREC>
    <MFTV>56,500000</MFTV>
    <PRGP>96,440000</PRGP>
    <ROSN>53,250000</ROSN>
    <SLOV>56,500000</SLOV>
    <SVIZ>56,500000</SVIZ>
    <BSP>56,500000</BSP>
    <MALT>96,440000</MALT>
    <XAUS>56,500000</XAUS>
    <XFRA>56,500000</XFRA>
  </Prezzi>
  <Prezzi>
    <Data>20170906</Data>
    <Mercato>MGP</Mercato>
    <Ora>22</Ora>
    <PUN>55,103400</PUN>
    <NAT>52,630000</NAT>
    <CNOR>52,420000</CNOR>
    <CSUD>52,420000</CSUD>
    <NORD>52,420000</NORD>
    <SARD>52,420000</SARD>
    <SICI>96,440000</SICI>
    <SUD>52,420000</SUD>
    <AUST>52,420000</AUST>
    <BRNN>52,420000</BRNN>
    <COAC>52,420000</COAC>
    <CORS>52,420000</CORS>
    <FOGN>52,420000</FOGN>
    <FRAN>52,420000</FRAN>
    <GREC>52,420000</GREC>
    <MFTV>52,420000</MFTV>
    <PRGP>96,440000</PRGP>
    <ROSN>52,420000</ROSN>
    <SLOV>52,420000</SLOV>
    <SVIZ>52,420000</SVIZ>
    <BSP>52,420000</BSP>
    <MALT>96,440000</MALT>
    <XAUS>52,420000</XAUS>
    <XFRA>52,420000</XFRA>
  </Prezzi>
  <Prezzi>
    <Data>20170906</Data>
    <Mercato>MGP</Mercato>
    <Ora>23</Ora>
    <PUN>50,422220</PUN>
    <NAT>48,190000</NAT>
    <CNOR>47,500000</CNOR>
    <CSUD>47,500000</CSUD>
    <NORD>47,500000</NORD>
    <SARD>47,500000</SARD>
    <SICI>95,110000</SICI>
    <SUD>47,500000</SUD>
    <AUST>47,500000</AUST>
    <BRNN>47,500000</BRNN>
    <COAC>47,500000</COAC>
    <CORS>47,500000</CORS>
    <FOGN>47,500000</FOGN>
    <FRAN>47,500000</FRAN>
    <GREC>47,500000</GREC>
    <MFTV>47,500000</MFTV>
    <PRGP>95,110000</PRGP>
    <ROSN>47,500000</ROSN>
    <SLOV>47,500000</SLOV>
    <SVIZ>47,500000</SVIZ>
    <BSP>47,500000</BSP>
    <MALT>95,110000</MALT>
    <XAUS>47,500000</XAUS>
    <XFRA>47,500000</XFRA>
  </Prezzi>
  <Prezzi>
    <Data>20170906</Data>
    <Mercato>MGP</Mercato>
    <Ora>24</Ora>
    <PUN>48,511820</PUN>
    <NAT>46,310000</NAT>
    <CNOR>46,070000</CNOR>
    <CSUD>46,070000</CSUD>
    <NORD>46,070000</NORD>
    <SARD>46,070000</SARD>
    <SICI>86,010000</SICI>
    <SUD>46,070000</SUD>
    <AUST>46,070000</AUST>
    <BRNN>46,070000</BRNN>
    <COAC>46,070000</COAC>
    <CORS>46,070000</CORS>
    <FOGN>46,070000</FOGN>
    <FRAN>46,070000</FRAN>
    <GREC>46,070000</GREC>
    <MFTV>46,070000</MFTV>
    <PRGP>86,010000</PRGP>
    <ROSN>46,070000</ROSN>
    <SLOV>46,070000</SLOV>
    <SVIZ>46,070000</SVIZ>
    <BSP>46,070000</BSP>
    <MALT>86,010000</MALT>
    <XAUS>46,070000</XAUS>
    <XFRA>46,070000</XFRA>
  </Prezzi>
</NewDataSet>