<?xml version="1.0" standalone="yes"?>
<NewDataSet>
  <xs:schema id="NewDataSet" xmlns="" xmlns:xs="http://www.w3.org/2001/XMLSchema" xmlns:msdata="urn:schemas-microsoft-com:xml-msdata">
    <xs:element name="NewDataSet" msdata:IsDataSet="true" msdata:UseCurrentLocale="true">
      <xs:complexType>
        <xs:choice minOccurs="0" maxOccurs="unbounded">
          <xs:element name="Prezzi">
            <xs:complexType>
              <xs:sequence>
                <xs:element name="Data" type="xs:string" minOccurs="0" />
                <xs:element name="Mercato" type="xs:string" minOccurs="0" />
                <xs:element name="Ora" type="xs:string" minOccurs="0" />
                <xs:element name="PUN" type="xs:string" minOccurs="0" />
                <xs:element name="NAT" type="xs:string" minOccurs="0" />
                <xs:element name="CNOR" type="xs:string" minOccurs="0" />
                <xs:element name="CSUD" type="xs:string" minOccurs="0" />
                <xs:element name="NORD" type="xs:string" minOccurs="0" />
                <xs:element name="SARD" type="xs:string" minOccurs="0" />
                <xs:element name="SICI" type="xs:string" minOccurs="0" />
                <xs:element name="SUD" type="xs:string" minOccurs="0" />
                <xs:element name="AUST" type="xs:string" minOccurs="0" />
                <xs:element name="BRNN" type="xs:string" minOccurs="0" />
                <xs:element name="COAC" type="xs:string" minOccurs="0" />
                <xs:element name="CORS" type="xs:string" minOccurs="0" />
                <xs:element name="FOGN" type="xs:string" minOccurs="0" />
                <xs:element name="FRAN" type="xs:string" minOccurs="0" />
                <xs:element name="GREC" type="xs:string" minOccurs="0" />
                <xs:element name="MFTV" type="xs:string" minOccurs="0" />
                <xs:element name="PRGP" type="xs:string" minOccurs="0" />
                <xs:element name="ROSN" type="xs:string" minOccurs="0" />
                <xs:element name="SLOV" type="xs:string" minOccurs="0" />
                <xs:element name="SVIZ" type="xs:string" minOccurs="0" />
                <xs:element name="BSP" type="xs:string" minOccurs="0" />
                <xs:element name="MALT" type="xs:string" minOccurs="0" />
                <xs:element name="XAUS" type="xs:string" minOccurs="0" />
                <xs:element name="XFRA" type="xs:string" minOccurs="0" />
              </xs:sequence>
            </xs:complexType>
          </xs:element>
        </xs:choice>
      </xs:complexType>
    </xs:element>
  </xs:schema>
  <Prezzi>
    <Data>20170910</Data>
    <Mercato>MGP</Mercato>
    <Ora>1</Ora>
    <PUN>42,170000</PUN>
    <NAT>42,170000</NAT>
    <CNOR>42,170000</CNOR>
    <CSUD>42,170000</CSUD>
    <NORD>42,170000</NORD>
    <SARD>42,170000</SARD>
    <SICI>42,170000</SICI>
    <SUD>42,170000</SUD>
    <AUST>42,170000</AUST>
    <BRNN>42,170000</BRNN>
    <COAC>42,170000</COAC>
    <CORS>42,170000</CORS>
    <FOGN>42,170000</FOGN>
    <FRAN>42,170000</FRAN>
    <GREC>42,170000</GREC>
    <MFTV>42,170000</MFTV>
    <PRGP>42,170000</PRGP>
    <ROSN>42,170000</ROSN>
    <SLOV>42,170000</SLOV>
    <SVIZ>42,170000</SVIZ>
    <BSP>42,170000</BSP>
    <MALT>42,170000</MALT>
    <XAUS>42,170000</XAUS>
    <XFRA>42,170000</XFRA>
  </Prezzi>
  <Prezzi>
    <Data>20170910</Data>
    <Mercato>MGP</Mercato>
    <Ora>2</Ora>
    <PUN>39,170000</PUN>
    <NAT>39,170000</NAT>
    <CNOR>39,170000</CNOR>
    <CSUD>39,170000</CSUD>
    <NORD>39,170000</NORD>
    <SARD>39,170000</SARD>
    <SICI>39,170000</SICI>
    <SUD>39,170000</SUD>
    <AUST>39,170000</AUST>
    <BRNN>39,170000</BRNN>
    <COAC>39,170000</COAC>
    <CORS>39,170000</CORS>
    <FOGN>39,170000</FOGN>
    <FRAN>39,170000</FRAN>
    <GREC>39,170000</GREC>
    <MFTV>39,170000</MFTV>
    <PRGP>39,170000</PRGP>
    <ROSN>39,170000</ROSN>
    <SLOV>39,170000</SLOV>
    <SVIZ>39,170000</SVIZ>
    <BSP>39,170000</BSP>
    <MALT>39,170000</MALT>
    <XAUS>39,170000</XAUS>
    <XFRA>39,170000</XFRA>
  </Prezzi>
  <Prezzi>
    <Data>20170910</Data>
    <Mercato>MGP</Mercato>
    <Ora>3</Ora>
    <PUN>38,700000</PUN>
    <NAT>38,700000</NAT>
    <CNOR>38,700000</CNOR>
    <CSUD>38,700000</CSUD>
    <NORD>38,700000</NORD>
    <SARD>38,700000</SARD>
    <SICI>38,700000</SICI>
    <SUD>38,700000</SUD>
    <AUST>38,700000</AUST>
    <BRNN>38,700000</BRNN>
    <COAC>38,700000</COAC>
    <CORS>38,700000</CORS>
    <FOGN>38,700000</FOGN>
    <FRAN>38,700000</FRAN>
    <GREC>38,700000</GREC>
    <MFTV>38,700000</MFTV>
    <PRGP>38,700000</PRGP>
    <ROSN>38,700000</ROSN>
    <SLOV>38,700000</SLOV>
    <SVIZ>38,700000</SVIZ>
    <BSP>38,700000</BSP>
    <MALT>38,700000</MALT>
    <XAUS>38,700000</XAUS>
    <XFRA>38,700000</XFRA>
  </Prezzi>
  <Prezzi>
    <Data>20170910</Data>
    <Mercato>MGP</Mercato>
    <Ora>4</Ora>
    <PUN>37,500000</PUN>
    <NAT>37,500000</NAT>
    <CNOR>37,500000</CNOR>
    <CSUD>37,500000</CSUD>
    <NORD>37,500000</NORD>
    <SARD>37,500000</SARD>
    <SICI>37,500000</SICI>
    <SUD>37,500000</SUD>
    <AUST>37,500000</AUST>
    <BRNN>37,500000</BRNN>
    <COAC>37,500000</COAC>
    <CORS>37,500000</CORS>
    <FOGN>37,500000</FOGN>
    <FRAN>37,500000</FRAN>
    <GREC>37,500000</GREC>
    <MFTV>37,500000</MFTV>
    <PRGP>37,500000</PRGP>
    <ROSN>37,500000</ROSN>
    <SLOV>37,500000</SLOV>
    <SVIZ>37,500000</SVIZ>
    <BSP>37,500000</BSP>
    <MALT>37,500000</MALT>
    <XAUS>37,500000</XAUS>
    <XFRA>37,500000</XFRA>
  </Prezzi>
  <Prezzi>
    <Data>20170910</Data>
    <Mercato>MGP</Mercato>
    <Ora>5</Ora>
    <PUN>37,110000</PUN>
    <NAT>37,110000</NAT>
    <CNOR>37,110000</CNOR>
    <CSUD>37,110000</CSUD>
    <NORD>37,110000</NORD>
    <SARD>37,110000</SARD>
    <SICI>37,110000</SICI>
    <SUD>37,110000</SUD>
    <AUST>37,110000</AUST>
    <BRNN>37,110000</BRNN>
    <COAC>37,110000</COAC>
    <CORS>37,110000</CORS>
    <FOGN>37,110000</FOGN>
    <FRAN>37,110000</FRAN>
    <GREC>37,110000</GREC>
    <MFTV>37,110000</MFTV>
    <PRGP>37,110000</PRGP>
    <ROSN>37,110000</ROSN>
    <SLOV>37,110000</SLOV>
    <SVIZ>37,110000</SVIZ>
    <BSP>37,110000</BSP>
    <MALT>37,110000</MALT>
    <XAUS>37,110000</XAUS>
    <XFRA>37,110000</XFRA>
  </Prezzi>
  <Prezzi>
    <Data>20170910</Data>
    <Mercato>MGP</Mercato>
    <Ora>6</Ora>
    <PUN>38,500000</PUN>
    <NAT>38,500000</NAT>
    <CNOR>38,500000</CNOR>
    <CSUD>38,500000</CSUD>
    <NORD>38,500000</NORD>
    <SARD>38,500000</SARD>
    <SICI>38,500000</SICI>
    <SUD>38,500000</SUD>
    <AUST>38,500000</AUST>
    <BRNN>38,500000</BRNN>
    <COAC>38,500000</COAC>
    <CORS>38,500000</CORS>
    <FOGN>38,500000</FOGN>
    <FRAN>38,500000</FRAN>
    <GREC>38,500000</GREC>
    <MFTV>38,500000</MFTV>
    <PRGP>38,500000</PRGP>
    <ROSN>38,500000</ROSN>
    <SLOV>38,500000</SLOV>
    <SVIZ>38,500000</SVIZ>
    <BSP>38,500000</BSP>
    <MALT>38,500000</MALT>
    <XAUS>38,500000</XAUS>
    <XFRA>38,500000</XFRA>
  </Prezzi>
  <Prezzi>
    <Data>20170910</Data>
    <Mercato>MGP</Mercato>
    <Ora>7</Ora>
    <PUN>38,740000</PUN>
    <NAT>38,740000</NAT>
    <CNOR>38,740000</CNOR>
    <CSUD>38,740000</CSUD>
    <NORD>38,740000</NORD>
    <SARD>38,740000</SARD>
    <SICI>38,740000</SICI>
    <SUD>38,740000</SUD>
    <AUST>38,740000</AUST>
    <BRNN>38,740000</BRNN>
    <COAC>38,740000</COAC>
    <CORS>38,740000</CORS>
    <FOGN>38,740000</FOGN>
    <FRAN>38,740000</FRAN>
    <GREC>38,740000</GREC>
    <MFTV>38,740000</MFTV>
    <PRGP>38,740000</PRGP>
    <ROSN>38,740000</ROSN>
    <SLOV>38,740000</SLOV>
    <SVIZ>38,740000</SVIZ>
    <BSP>38,740000</BSP>
    <MALT>38,740000</MALT>
    <XAUS>38,740000</XAUS>
    <XFRA>38,740000</XFRA>
  </Prezzi>
  <Prezzi>
    <Data>20170910</Data>
    <Mercato>MGP</Mercato>
    <Ora>8</Ora>
    <PUN>38,520000</PUN>
    <NAT>38,520000</NAT>
    <CNOR>38,520000</CNOR>
    <CSUD>38,520000</CSUD>
    <NORD>38,520000</NORD>
    <SARD>38,520000</SARD>
    <SICI>38,520000</SICI>
    <SUD>38,520000</SUD>
    <AUST>38,520000</AUST>
    <BRNN>38,520000</BRNN>
    <COAC>38,520000</COAC>
    <CORS>38,520000</CORS>
    <FOGN>38,520000</FOGN>
    <FRAN>38,520000</FRAN>
    <GREC>38,520000</GREC>
    <MFTV>38,520000</MFTV>
    <PRGP>38,520000</PRGP>
    <ROSN>38,520000</ROSN>
    <SLOV>38,520000</SLOV>
    <SVIZ>38,520000</SVIZ>
    <BSP>38,520000</BSP>
    <MALT>38,520000</MALT>
    <XAUS>38,520000</XAUS>
    <XFRA>38,520000</XFRA>
  </Prezzi>
  <Prezzi>
    <Data>20170910</Data>
    <Mercato>MGP</Mercato>
    <Ora>9</Ora>
    <PUN>39,200000</PUN>
    <NAT>39,200000</NAT>
    <CNOR>39,200000</CNOR>
    <CSUD>39,200000</CSUD>
    <NORD>39,200000</NORD>
    <SARD>39,200000</SARD>
    <SICI>39,200000</SICI>
    <SUD>39,200000</SUD>
    <AUST>39,200000</AUST>
    <BRNN>39,200000</BRNN>
    <COAC>39,200000</COAC>
    <CORS>39,200000</CORS>
    <FOGN>39,200000</FOGN>
    <FRAN>39,200000</FRAN>
    <GREC>39,200000</GREC>
    <MFTV>39,200000</MFTV>
    <PRGP>39,200000</PRGP>
    <ROSN>39,200000</ROSN>
    <SLOV>39,200000</SLOV>
    <SVIZ>39,200000</SVIZ>
    <BSP>39,200000</BSP>
    <MALT>39,200000</MALT>
    <XAUS>39,200000</XAUS>
    <XFRA>39,200000</XFRA>
  </Prezzi>
  <Prezzi>
    <Data>20170910</Data>
    <Mercato>MGP</Mercato>
    <Ora>10</Ora>
    <PUN>42,170000</PUN>
    <NAT>42,170000</NAT>
    <CNOR>42,170000</CNOR>
    <CSUD>42,170000</CSUD>
    <NORD>42,170000</NORD>
    <SARD>42,170000</SARD>
    <SICI>42,170000</SICI>
    <SUD>42,170000</SUD>
    <AUST>42,170000</AUST>
    <BRNN>42,170000</BRNN>
    <COAC>42,170000</COAC>
    <CORS>42,170000</CORS>
    <FOGN>42,170000</FOGN>
    <FRAN>42,170000</FRAN>
    <GREC>42,170000</GREC>
    <MFTV>42,170000</MFTV>
    <PRGP>42,170000</PRGP>
    <ROSN>42,170000</ROSN>
    <SLOV>42,170000</SLOV>
    <SVIZ>42,170000</SVIZ>
    <BSP>42,170000</BSP>
    <MALT>42,170000</MALT>
    <XAUS>42,170000</XAUS>
    <XFRA>42,170000</XFRA>
  </Prezzi>
  <Prezzi>
    <Data>20170910</Data>
    <Mercato>MGP</Mercato>
    <Ora>11</Ora>
    <PUN>44,296540</PUN>
    <NAT>43,000000</NAT>
    <CNOR>45,440000</CNOR>
    <CSUD>43,000000</CSUD>
    <NORD>45,440000</NORD>
    <SARD>43,000000</SARD>
    <SICI>39,200000</SICI>
    <SUD>43,000000</SUD>
    <AUST>45,440000</AUST>
    <BRNN>43,000000</BRNN>
    <COAC>43,000000</COAC>
    <CORS>45,440000</CORS>
    <FOGN>43,000000</FOGN>
    <FRAN>45,440000</FRAN>
    <GREC>43,000000</GREC>
    <MFTV>45,440000</MFTV>
    <PRGP>39,200000</PRGP>
    <ROSN>39,200000</ROSN>
    <SLOV>45,440000</SLOV>
    <SVIZ>45,440000</SVIZ>
    <BSP>45,440000</BSP>
    <MALT>39,200000</MALT>
    <XAUS>45,440000</XAUS>
    <XFRA>45,440000</XFRA>
  </Prezzi>
  <Prezzi>
    <Data>20170910</Data>
    <Mercato>MGP</Mercato>
    <Ora>12</Ora>
    <PUN>44,260350</PUN>
    <NAT>43,000000</NAT>
    <CNOR>45,450000</CNOR>
    <CSUD>43,000000</CSUD>
    <NORD>45,450000</NORD>
    <SARD>43,000000</SARD>
    <SICI>39,190000</SICI>
    <SUD>42,510000</SUD>
    <AUST>45,450000</AUST>
    <BRNN>42,510000</BRNN>
    <COAC>43,000000</COAC>
    <CORS>45,450000</CORS>
    <FOGN>42,510000</FOGN>
    <FRAN>45,450000</FRAN>
    <GREC>42,510000</GREC>
    <MFTV>45,450000</MFTV>
    <PRGP>39,190000</PRGP>
    <ROSN>39,190000</ROSN>
    <SLOV>45,450000</SLOV>
    <SVIZ>45,450000</SVIZ>
    <BSP>45,450000</BSP>
    <MALT>39,190000</MALT>
    <XAUS>45,450000</XAUS>
    <XFRA>45,450000</XFRA>
  </Prezzi>
  <Prezzi>
    <Data>20170910</Data>
    <Mercato>MGP</Mercato>
    <Ora>13</Ora>
    <PUN>42,074980</PUN>
    <NAT>42,170000</NAT>
    <CNOR>42,500000</CNOR>
    <CSUD>42,170000</CSUD>
    <NORD>42,500000</NORD>
    <SARD>42,170000</SARD>
    <SICI>39,190000</SICI>
    <SUD>41,000000</SUD>
    <AUST>42,500000</AUST>
    <BRNN>41,000000</BRNN>
    <COAC>42,170000</COAC>
    <CORS>42,500000</CORS>
    <FOGN>41,000000</FOGN>
    <FRAN>42,500000</FRAN>
    <GREC>41,000000</GREC>
    <MFTV>42,500000</MFTV>
    <PRGP>39,190000</PRGP>
    <ROSN>39,190000</ROSN>
    <SLOV>42,500000</SLOV>
    <SVIZ>42,500000</SVIZ>
    <BSP>42,500000</BSP>
    <MALT>39,190000</MALT>
    <XAUS>42,500000</XAUS>
    <XFRA>42,500000</XFRA>
  </Prezzi>
  <Prezzi>
    <Data>20170910</Data>
    <Mercato>MGP</Mercato>
    <Ora>14</Ora>
    <PUN>40,285580</PUN>
    <NAT>39,980000</NAT>
    <CNOR>40,490000</CNOR>
    <CSUD>40,490000</CSUD>
    <NORD>40,490000</NORD>
    <SARD>40,490000</SARD>
    <SICI>39,150000</SICI>
    <SUD>39,150000</SUD>
    <AUST>40,490000</AUST>
    <BRNN>39,150000</BRNN>
    <COAC>40,490000</COAC>
    <CORS>40,490000</CORS>
    <FOGN>39,150000</FOGN>
    <FRAN>40,490000</FRAN>
    <GREC>39,150000</GREC>
    <MFTV>40,490000</MFTV>
    <PRGP>39,150000</PRGP>
    <ROSN>39,150000</ROSN>
    <SLOV>40,490000</SLOV>
    <SVIZ>40,490000</SVIZ>
    <BSP>40,490000</BSP>
    <MALT>39,150000</MALT>
    <XAUS>40,490000</XAUS>
    <XFRA>40,490000</XFRA>
  </Prezzi>
  <Prezzi>
    <Data>20170910</Data>
    <Mercato>MGP</Mercato>
    <Ora>15</Ora>
    <PUN>40,095460</PUN>
    <NAT>39,180000</NAT>
    <CNOR>40,490000</CNOR>
    <CSUD>39,560000</CSUD>
    <NORD>40,490000</NORD>
    <SARD>39,560000</SARD>
    <SICI>39,160000</SICI>
    <SUD>39,160000</SUD>
    <AUST>40,490000</AUST>
    <BRNN>39,160000</BRNN>
    <COAC>39,560000</COAC>
    <CORS>40,490000</CORS>
    <FOGN>39,160000</FOGN>
    <FRAN>40,490000</FRAN>
    <GREC>39,160000</GREC>
    <MFTV>40,490000</MFTV>
    <PRGP>39,160000</PRGP>
    <ROSN>39,160000</ROSN>
    <SLOV>40,490000</SLOV>
    <SVIZ>40,490000</SVIZ>
    <BSP>40,490000</BSP>
    <MALT>39,160000</MALT>
    <XAUS>40,490000</XAUS>
    <XFRA>40,490000</XFRA>
  </Prezzi>
  <Prezzi>
    <Data>20170910</Data>
    <Mercato>MGP</Mercato>
    <Ora>16</Ora>
    <PUN>40,299890</PUN>
    <NAT>40,490000</NAT>
    <CNOR>40,490000</CNOR>
    <CSUD>40,490000</CSUD>
    <NORD>40,490000</NORD>
    <SARD>40,490000</SARD>
    <SICI>39,200000</SICI>
    <SUD>39,250000</SUD>
    <AUST>40,490000</AUST>
    <BRNN>39,250000</BRNN>
    <COAC>40,490000</COAC>
    <CORS>40,490000</CORS>
    <FOGN>39,250000</FOGN>
    <FRAN>40,490000</FRAN>
    <GREC>39,250000</GREC>
    <MFTV>40,490000</MFTV>
    <PRGP>39,200000</PRGP>
    <ROSN>39,200000</ROSN>
    <SLOV>40,490000</SLOV>
    <SVIZ>40,490000</SVIZ>
    <BSP>40,490000</BSP>
    <MALT>39,200000</MALT>
    <XAUS>40,490000</XAUS>
    <XFRA>40,490000</XFRA>
  </Prezzi>
  <Prezzi>
    <Data>20170910</Data>
    <Mercato>MGP</Mercato>
    <Ora>17</Ora>
    <PUN>42,170000</PUN>
    <NAT>42,170000</NAT>
    <CNOR>42,170000</CNOR>
    <CSUD>42,170000</CSUD>
    <NORD>42,170000</NORD>
    <SARD>42,170000</SARD>
    <SICI>42,170000</SICI>
    <SUD>42,170000</SUD>
    <AUST>42,170000</AUST>
    <BRNN>42,170000</BRNN>
    <COAC>42,170000</COAC>
    <CORS>42,170000</CORS>
    <FOGN>42,170000</FOGN>
    <FRAN>42,170000</FRAN>
    <GREC>42,170000</GREC>
    <MFTV>42,170000</MFTV>
    <PRGP>42,170000</PRGP>
    <ROSN>42,170000</ROSN>
    <SLOV>42,170000</SLOV>
    <SVIZ>42,170000</SVIZ>
    <BSP>42,170000</BSP>
    <MALT>42,170000</MALT>
    <XAUS>42,170000</XAUS>
    <XFRA>42,170000</XFRA>
  </Prezzi>
  <Prezzi>
    <Data>20170910</Data>
    <Mercato>MGP</Mercato>
    <Ora>18</Ora>
    <PUN>42,170000</PUN>
    <NAT>42,170000</NAT>
    <CNOR>42,170000</CNOR>
    <CSUD>42,170000</CSUD>
    <NORD>42,170000</NORD>
    <SARD>42,170000</SARD>
    <SICI>42,170000</SICI>
    <SUD>42,170000</SUD>
    <AUST>42,170000</AUST>
    <BRNN>42,170000</BRNN>
    <COAC>42,170000</COAC>
    <CORS>42,170000</CORS>
    <FOGN>42,170000</FOGN>
    <FRAN>42,170000</FRAN>
    <GREC>42,170000</GREC>
    <MFTV>42,170000</MFTV>
    <PRGP>42,170000</PRGP>
    <ROSN>42,170000</ROSN>
    <SLOV>42,170000</SLOV>
    <SVIZ>42,170000</SVIZ>
    <BSP>42,170000</BSP>
    <MALT>42,170000</MALT>
    <XAUS>42,170000</XAUS>
    <XFRA>42,170000</XFRA>
  </Prezzi>
  <Prezzi>
    <Data>20170910</Data>
    <Mercato>MGP</Mercato>
    <Ora>19</Ora>
    <PUN>43,280000</PUN>
    <NAT>43,280000</NAT>
    <CNOR>43,280000</CNOR>
    <CSUD>43,280000</CSUD>
    <NORD>43,280000</NORD>
    <SARD>43,280000</SARD>
    <SICI>43,280000</SICI>
    <SUD>43,280000</SUD>
    <AUST>43,280000</AUST>
    <BRNN>43,280000</BRNN>
    <COAC>43,280000</COAC>
    <CORS>43,280000</CORS>
    <FOGN>43,280000</FOGN>
    <FRAN>43,280000</FRAN>
    <GREC>43,280000</GREC>
    <MFTV>43,280000</MFTV>
    <PRGP>43,280000</PRGP>
    <ROSN>43,280000</ROSN>
    <SLOV>43,280000</SLOV>
    <SVIZ>43,280000</SVIZ>
    <BSP>43,280000</BSP>
    <MALT>43,280000</MALT>
    <XAUS>43,280000</XAUS>
    <XFRA>43,280000</XFRA>
  </Prezzi>
  <Prezzi>
    <Data>20170910</Data>
    <Mercato>MGP</Mercato>
    <Ora>20</Ora>
    <PUN>48,280000</PUN>
    <NAT>48,280000</NAT>
    <CNOR>48,280000</CNOR>
    <CSUD>48,280000</CSUD>
    <NORD>48,280000</NORD>
    <SARD>48,280000</SARD>
    <SICI>48,280000</SICI>
    <SUD>48,280000</SUD>
    <AUST>48,280000</AUST>
    <BRNN>48,280000</BRNN>
    <COAC>48,280000</COAC>
    <CORS>48,280000</CORS>
    <FOGN>48,280000</FOGN>
    <FRAN>48,280000</FRAN>
    <GREC>48,280000</GREC>
    <MFTV>48,280000</MFTV>
    <PRGP>48,280000</PRGP>
    <ROSN>48,280000</ROSN>
    <SLOV>48,280000</SLOV>
    <SVIZ>48,280000</SVIZ>
    <BSP>48,280000</BSP>
    <MALT>48,280000</MALT>
    <XAUS>48,280000</XAUS>
    <XFRA>48,280000</XFRA>
  </Prezzi>
  <Prezzi>
    <Data>20170910</Data>
    <Mercato>MGP</Mercato>
    <Ora>21</Ora>
    <PUN>51,300000</PUN>
    <NAT>51,300000</NAT>
    <CNOR>51,300000</CNOR>
    <CSUD>51,300000</CSUD>
    <NORD>51,300000</NORD>
    <SARD>51,300000</SARD>
    <SICI>51,300000</SICI>
    <SUD>51,300000</SUD>
    <AUST>51,300000</AUST>
    <BRNN>51,300000</BRNN>
    <COAC>51,300000</COAC>
    <CORS>51,300000</CORS>
    <FOGN>51,300000</FOGN>
    <FRAN>51,300000</FRAN>
    <GREC>51,300000</GREC>
    <MFTV>51,300000</MFTV>
    <PRGP>51,300000</PRGP>
    <ROSN>51,300000</ROSN>
    <SLOV>51,300000</SLOV>
    <SVIZ>51,300000</SVIZ>
    <BSP>51,300000</BSP>
    <MALT>51,300000</MALT>
    <XAUS>51,300000</XAUS>
    <XFRA>51,300000</XFRA>
  </Prezzi>
  <Prezzi>
    <Data>20170910</Data>
    <Mercato>MGP</Mercato>
    <Ora>22</Ora>
    <PUN>48,080000</PUN>
    <NAT>48,080000</NAT>
    <CNOR>48,080000</CNOR>
    <CSUD>48,080000</CSUD>
    <NORD>48,080000</NORD>
    <SARD>48,080000</SARD>
    <SICI>48,080000</SICI>
    <SUD>48,080000</SUD>
    <AUST>48,080000</AUST>
    <BRNN>48,080000</BRNN>
    <COAC>48,080000</COAC>
    <CORS>48,080000</CORS>
    <FOGN>48,080000</FOGN>
    <FRAN>48,080000</FRAN>
    <GREC>48,080000</GREC>
    <MFTV>48,080000</MFTV>
    <PRGP>48,080000</PRGP>
    <ROSN>48,080000</ROSN>
    <SLOV>48,080000</SLOV>
    <SVIZ>48,080000</SVIZ>
    <BSP>48,080000</BSP>
    <MALT>48,080000</MALT>
    <XAUS>48,080000</XAUS>
    <XFRA>48,080000</XFRA>
  </Prezzi>
  <Prezzi>
    <Data>20170910</Data>
    <Mercato>MGP</Mercato>
    <Ora>23</Ora>
    <PUN>43,510000</PUN>
    <NAT>43,510000</NAT>
    <CNOR>43,510000</CNOR>
    <CSUD>43,510000</CSUD>
    <NORD>43,510000</NORD>
    <SARD>43,510000</SARD>
    <SICI>43,510000</SICI>
    <SUD>43,510000</SUD>
    <AUST>43,510000</AUST>
    <BRNN>43,510000</BRNN>
    <COAC>43,510000</COAC>
    <CORS>43,510000</CORS>
    <FOGN>43,510000</FOGN>
    <FRAN>43,510000</FRAN>
    <GREC>43,510000</GREC>
    <MFTV>43,510000</MFTV>
    <PRGP>43,510000</PRGP>
    <ROSN>43,510000</ROSN>
    <SLOV>43,510000</SLOV>
    <SVIZ>43,510000</SVIZ>
    <BSP>43,510000</BSP>
    <MALT>43,510000</MALT>
    <XAUS>43,510000</XAUS>
    <XFRA>43,510000</XFRA>
  </Prezzi>
  <Prezzi>
    <Data>20170910</Data>
    <Mercato>MGP</Mercato>
    <Ora>24</Ora>
    <PUN>42,170000</PUN>
    <NAT>42,170000</NAT>
    <CNOR>42,170000</CNOR>
    <CSUD>42,170000</CSUD>
    <NORD>42,170000</NORD>
    <SARD>42,170000</SARD>
    <SICI>42,170000</SICI>
    <SUD>42,170000</SUD>
    <AUST>42,170000</AUST>
    <BRNN>42,170000</BRNN>
    <COAC>42,170000</COAC>
    <CORS>42,170000</CORS>
    <FOGN>42,170000</FOGN>
    <FRAN>42,170000</FRAN>
    <GREC>42,170000</GREC>
    <MFTV>42,170000</MFTV>
    <PRGP>42,170000</PRGP>
    <ROSN>42,170000</ROSN>
    <SLOV>42,170000</SLOV>
    <SVIZ>42,170000</SVIZ>
    <BSP>42,170000</BSP>
    <MALT>42,170000</MALT>
    <XAUS>42,170000</XAUS>
    <XFRA>42,170000</XFRA>
  </Prezzi>
</NewDataSet>