<?xml version="1.0" standalone="yes"?>
<NewDataSet>
  <xs:schema id="NewDataSet" xmlns="" xmlns:xs="http://www.w3.org/2001/XMLSchema" xmlns:msdata="urn:schemas-microsoft-com:xml-msdata">
    <xs:element name="NewDataSet" msdata:IsDataSet="true" msdata:UseCurrentLocale="true">
      <xs:complexType>
        <xs:choice minOccurs="0" maxOccurs="unbounded">
          <xs:element name="Prezzi">
            <xs:complexType>
              <xs:sequence>
                <xs:element name="Data" type="xs:string" minOccurs="0" />
                <xs:element name="Mercato" type="xs:string" minOccurs="0" />
                <xs:element name="Ora" type="xs:string" minOccurs="0" />
                <xs:element name="PUN" type="xs:string" minOccurs="0" />
                <xs:element name="NAT" type="xs:string" minOccurs="0" />
                <xs:element name="CNOR" type="xs:string" minOccurs="0" />
                <xs:element name="CSUD" type="xs:string" minOccurs="0" />
                <xs:element name="NORD" type="xs:string" minOccurs="0" />
                <xs:element name="SARD" type="xs:string" minOccurs="0" />
                <xs:element name="SICI" type="xs:string" minOccurs="0" />
                <xs:element name="SUD" type="xs:string" minOccurs="0" />
                <xs:element name="AUST" type="xs:string" minOccurs="0" />
                <xs:element name="BRNN" type="xs:string" minOccurs="0" />
                <xs:element name="COAC" type="xs:string" minOccurs="0" />
                <xs:element name="CORS" type="xs:string" minOccurs="0" />
                <xs:element name="FOGN" type="xs:string" minOccurs="0" />
                <xs:element name="FRAN" type="xs:string" minOccurs="0" />
                <xs:element name="GREC" type="xs:string" minOccurs="0" />
                <xs:element name="MFTV" type="xs:string" minOccurs="0" />
                <xs:element name="PRGP" type="xs:string" minOccurs="0" />
                <xs:element name="ROSN" type="xs:string" minOccurs="0" />
                <xs:element name="SLOV" type="xs:string" minOccurs="0" />
                <xs:element name="SVIZ" type="xs:string" minOccurs="0" />
                <xs:element name="BSP" type="xs:string" minOccurs="0" />
                <xs:element name="MALT" type="xs:string" minOccurs="0" />
                <xs:element name="XAUS" type="xs:string" minOccurs="0" />
                <xs:element name="XFRA" type="xs:string" minOccurs="0" />
              </xs:sequence>
            </xs:complexType>
          </xs:element>
        </xs:choice>
      </xs:complexType>
    </xs:element>
  </xs:schema>
  <Prezzi>
    <Data>20170913</Data>
    <Mercato>MGP</Mercato>
    <Ora>1</Ora>
    <PUN>40,640000</PUN>
    <NAT>40,640000</NAT>
    <CNOR>40,640000</CNOR>
    <CSUD>40,640000</CSUD>
    <NORD>40,640000</NORD>
    <SARD>40,640000</SARD>
    <SICI>40,640000</SICI>
    <SUD>40,640000</SUD>
    <AUST>40,640000</AUST>
    <BRNN>40,640000</BRNN>
    <COAC>40,640000</COAC>
    <CORS>40,640000</CORS>
    <FOGN>40,640000</FOGN>
    <FRAN>40,640000</FRAN>
    <GREC>40,640000</GREC>
    <MFTV>40,640000</MFTV>
    <PRGP>40,640000</PRGP>
    <ROSN>40,640000</ROSN>
    <SLOV>40,640000</SLOV>
    <SVIZ>40,640000</SVIZ>
    <BSP>40,640000</BSP>
    <MALT>40,640000</MALT>
    <XAUS>40,640000</XAUS>
    <XFRA>40,640000</XFRA>
  </Prezzi>
  <Prezzi>
    <Data>20170913</Data>
    <Mercato>MGP</Mercato>
    <Ora>2</Ora>
    <PUN>39,180000</PUN>
    <NAT>39,180000</NAT>
    <CNOR>39,180000</CNOR>
    <CSUD>39,180000</CSUD>
    <NORD>39,180000</NORD>
    <SARD>39,180000</SARD>
    <SICI>39,180000</SICI>
    <SUD>39,180000</SUD>
    <AUST>39,180000</AUST>
    <BRNN>39,180000</BRNN>
    <COAC>39,180000</COAC>
    <CORS>39,180000</CORS>
    <FOGN>39,180000</FOGN>
    <FRAN>39,180000</FRAN>
    <GREC>39,180000</GREC>
    <MFTV>39,180000</MFTV>
    <PRGP>39,180000</PRGP>
    <ROSN>39,180000</ROSN>
    <SLOV>39,180000</SLOV>
    <SVIZ>39,180000</SVIZ>
    <BSP>39,180000</BSP>
    <MALT>39,180000</MALT>
    <XAUS>39,180000</XAUS>
    <XFRA>39,180000</XFRA>
  </Prezzi>
  <Prezzi>
    <Data>20170913</Data>
    <Mercato>MGP</Mercato>
    <Ora>3</Ora>
    <PUN>39,250000</PUN>
    <NAT>39,250000</NAT>
    <CNOR>39,250000</CNOR>
    <CSUD>39,250000</CSUD>
    <NORD>39,250000</NORD>
    <SARD>39,250000</SARD>
    <SICI>39,250000</SICI>
    <SUD>39,250000</SUD>
    <AUST>39,250000</AUST>
    <BRNN>39,250000</BRNN>
    <COAC>39,250000</COAC>
    <CORS>39,250000</CORS>
    <FOGN>39,250000</FOGN>
    <FRAN>39,250000</FRAN>
    <GREC>39,250000</GREC>
    <MFTV>39,250000</MFTV>
    <PRGP>39,250000</PRGP>
    <ROSN>39,250000</ROSN>
    <SLOV>39,250000</SLOV>
    <SVIZ>39,250000</SVIZ>
    <BSP>39,250000</BSP>
    <MALT>39,250000</MALT>
    <XAUS>39,250000</XAUS>
    <XFRA>39,250000</XFRA>
  </Prezzi>
  <Prezzi>
    <Data>20170913</Data>
    <Mercato>MGP</Mercato>
    <Ora>4</Ora>
    <PUN>39,250000</PUN>
    <NAT>39,250000</NAT>
    <CNOR>39,250000</CNOR>
    <CSUD>39,250000</CSUD>
    <NORD>39,250000</NORD>
    <SARD>39,250000</SARD>
    <SICI>39,250000</SICI>
    <SUD>39,250000</SUD>
    <AUST>39,250000</AUST>
    <BRNN>39,250000</BRNN>
    <COAC>39,250000</COAC>
    <CORS>39,250000</CORS>
    <FOGN>39,250000</FOGN>
    <FRAN>39,250000</FRAN>
    <GREC>39,250000</GREC>
    <MFTV>39,250000</MFTV>
    <PRGP>39,250000</PRGP>
    <ROSN>39,250000</ROSN>
    <SLOV>39,250000</SLOV>
    <SVIZ>39,250000</SVIZ>
    <BSP>39,250000</BSP>
    <MALT>39,250000</MALT>
    <XAUS>39,250000</XAUS>
    <XFRA>39,250000</XFRA>
  </Prezzi>
  <Prezzi>
    <Data>20170913</Data>
    <Mercato>MGP</Mercato>
    <Ora>5</Ora>
    <PUN>39,670000</PUN>
    <NAT>39,670000</NAT>
    <CNOR>39,670000</CNOR>
    <CSUD>39,670000</CSUD>
    <NORD>39,670000</NORD>
    <SARD>39,670000</SARD>
    <SICI>39,670000</SICI>
    <SUD>39,670000</SUD>
    <AUST>39,670000</AUST>
    <BRNN>39,670000</BRNN>
    <COAC>39,670000</COAC>
    <CORS>39,670000</CORS>
    <FOGN>39,670000</FOGN>
    <FRAN>39,670000</FRAN>
    <GREC>39,670000</GREC>
    <MFTV>39,670000</MFTV>
    <PRGP>39,670000</PRGP>
    <ROSN>39,670000</ROSN>
    <SLOV>39,670000</SLOV>
    <SVIZ>39,670000</SVIZ>
    <BSP>39,670000</BSP>
    <MALT>39,670000</MALT>
    <XAUS>39,670000</XAUS>
    <XFRA>39,670000</XFRA>
  </Prezzi>
  <Prezzi>
    <Data>20170913</Data>
    <Mercato>MGP</Mercato>
    <Ora>6</Ora>
    <PUN>43,830660</PUN>
    <NAT>43,000000</NAT>
    <CNOR>44,000000</CNOR>
    <CSUD>44,000000</CSUD>
    <NORD>44,000000</NORD>
    <SARD>44,000000</SARD>
    <SICI>41,010000</SICI>
    <SUD>44,000000</SUD>
    <AUST>44,000000</AUST>
    <BRNN>44,000000</BRNN>
    <COAC>44,000000</COAC>
    <CORS>44,000000</CORS>
    <FOGN>44,000000</FOGN>
    <FRAN>44,000000</FRAN>
    <GREC>44,000000</GREC>
    <MFTV>44,000000</MFTV>
    <PRGP>41,010000</PRGP>
    <ROSN>41,010000</ROSN>
    <SLOV>44,000000</SLOV>
    <SVIZ>44,000000</SVIZ>
    <BSP>44,000000</BSP>
    <MALT>41,010000</MALT>
    <XAUS>44,000000</XAUS>
    <XFRA>44,000000</XFRA>
  </Prezzi>
  <Prezzi>
    <Data>20170913</Data>
    <Mercato>MGP</Mercato>
    <Ora>7</Ora>
    <PUN>51,207860</PUN>
    <NAT>51,780000</NAT>
    <CNOR>51,780000</CNOR>
    <CSUD>51,780000</CSUD>
    <NORD>51,780000</NORD>
    <SARD>51,780000</SARD>
    <SICI>41,010000</SICI>
    <SUD>51,780000</SUD>
    <AUST>51,780000</AUST>
    <BRNN>51,780000</BRNN>
    <COAC>51,780000</COAC>
    <CORS>51,780000</CORS>
    <FOGN>51,780000</FOGN>
    <FRAN>51,780000</FRAN>
    <GREC>51,780000</GREC>
    <MFTV>51,780000</MFTV>
    <PRGP>41,010000</PRGP>
    <ROSN>41,010000</ROSN>
    <SLOV>51,780000</SLOV>
    <SVIZ>51,780000</SVIZ>
    <BSP>51,780000</BSP>
    <MALT>41,010000</MALT>
    <XAUS>51,780000</XAUS>
    <XFRA>51,780000</XFRA>
  </Prezzi>
  <Prezzi>
    <Data>20170913</Data>
    <Mercato>MGP</Mercato>
    <Ora>8</Ora>
    <PUN>57,321930</PUN>
    <NAT>55,150000</NAT>
    <CNOR>58,000000</CNOR>
    <CSUD>58,000000</CSUD>
    <NORD>58,000000</NORD>
    <SARD>58,000000</SARD>
    <SICI>45,000000</SICI>
    <SUD>58,000000</SUD>
    <AUST>58,000000</AUST>
    <BRNN>58,000000</BRNN>
    <COAC>58,000000</COAC>
    <CORS>58,000000</CORS>
    <FOGN>58,000000</FOGN>
    <FRAN>58,000000</FRAN>
    <GREC>58,000000</GREC>
    <MFTV>58,000000</MFTV>
    <PRGP>45,000000</PRGP>
    <ROSN>45,000000</ROSN>
    <SLOV>58,000000</SLOV>
    <SVIZ>58,000000</SVIZ>
    <BSP>58,000000</BSP>
    <MALT>45,000000</MALT>
    <XAUS>58,000000</XAUS>
    <XFRA>58,000000</XFRA>
  </Prezzi>
  <Prezzi>
    <Data>20170913</Data>
    <Mercato>MGP</Mercato>
    <Ora>9</Ora>
    <PUN>65,910030</PUN>
    <NAT>65,970000</NAT>
    <CNOR>67,000000</CNOR>
    <CSUD>67,000000</CSUD>
    <NORD>67,000000</NORD>
    <SARD>67,000000</SARD>
    <SICI>46,140000</SICI>
    <SUD>67,000000</SUD>
    <AUST>67,000000</AUST>
    <BRNN>67,000000</BRNN>
    <COAC>67,000000</COAC>
    <CORS>67,000000</CORS>
    <FOGN>67,000000</FOGN>
    <FRAN>67,000000</FRAN>
    <GREC>67,000000</GREC>
    <MFTV>67,000000</MFTV>
    <PRGP>46,140000</PRGP>
    <ROSN>45,000000</ROSN>
    <SLOV>67,000000</SLOV>
    <SVIZ>67,000000</SVIZ>
    <BSP>67,000000</BSP>
    <MALT>46,140000</MALT>
    <XAUS>67,000000</XAUS>
    <XFRA>67,000000</XFRA>
  </Prezzi>
  <Prezzi>
    <Data>20170913</Data>
    <Mercato>MGP</Mercato>
    <Ora>10</Ora>
    <PUN>59,648740</PUN>
    <NAT>55,930000</NAT>
    <CNOR>61,000000</CNOR>
    <CSUD>61,000000</CSUD>
    <NORD>61,000000</NORD>
    <SARD>61,000000</SARD>
    <SICI>45,990000</SICI>
    <SUD>53,330000</SUD>
    <AUST>61,000000</AUST>
    <BRNN>53,330000</BRNN>
    <COAC>61,000000</COAC>
    <CORS>61,000000</CORS>
    <FOGN>53,330000</FOGN>
    <FRAN>61,000000</FRAN>
    <GREC>53,330000</GREC>
    <MFTV>61,000000</MFTV>
    <PRGP>45,990000</PRGP>
    <ROSN>45,000000</ROSN>
    <SLOV>61,000000</SLOV>
    <SVIZ>61,000000</SVIZ>
    <BSP>61,000000</BSP>
    <MALT>45,990000</MALT>
    <XAUS>61,000000</XAUS>
    <XFRA>61,000000</XFRA>
  </Prezzi>
  <Prezzi>
    <Data>20170913</Data>
    <Mercato>MGP</Mercato>
    <Ora>11</Ora>
    <PUN>52,620610</PUN>
    <NAT>52,500000</NAT>
    <CNOR>53,090000</CNOR>
    <CSUD>53,090000</CSUD>
    <NORD>53,090000</NORD>
    <SARD>53,090000</SARD>
    <SICI>45,000000</SICI>
    <SUD>52,500000</SUD>
    <AUST>53,090000</AUST>
    <BRNN>52,500000</BRNN>
    <COAC>53,090000</COAC>
    <CORS>53,090000</CORS>
    <FOGN>52,500000</FOGN>
    <FRAN>53,090000</FRAN>
    <GREC>52,500000</GREC>
    <MFTV>53,090000</MFTV>
    <PRGP>45,000000</PRGP>
    <ROSN>45,000000</ROSN>
    <SLOV>53,090000</SLOV>
    <SVIZ>53,090000</SVIZ>
    <BSP>53,090000</BSP>
    <MALT>45,000000</MALT>
    <XAUS>53,090000</XAUS>
    <XFRA>53,090000</XFRA>
  </Prezzi>
  <Prezzi>
    <Data>20170913</Data>
    <Mercato>MGP</Mercato>
    <Ora>12</Ora>
    <PUN>50,743200</PUN>
    <NAT>51,780000</NAT>
    <CNOR>51,780000</CNOR>
    <CSUD>51,780000</CSUD>
    <NORD>51,780000</NORD>
    <SARD>51,780000</SARD>
    <SICI>32,230000</SICI>
    <SUD>51,780000</SUD>
    <AUST>51,780000</AUST>
    <BRNN>51,780000</BRNN>
    <COAC>51,780000</COAC>
    <CORS>51,780000</CORS>
    <FOGN>51,780000</FOGN>
    <FRAN>51,780000</FRAN>
    <GREC>51,780000</GREC>
    <MFTV>51,780000</MFTV>
    <PRGP>32,230000</PRGP>
    <ROSN>32,230000</ROSN>
    <SLOV>51,780000</SLOV>
    <SVIZ>51,780000</SVIZ>
    <BSP>51,780000</BSP>
    <MALT>32,230000</MALT>
    <XAUS>51,780000</XAUS>
    <XFRA>51,780000</XFRA>
  </Prezzi>
  <Prezzi>
    <Data>20170913</Data>
    <Mercato>MGP</Mercato>
    <Ora>13</Ora>
    <PUN>46,106610</PUN>
    <NAT>46,000000</NAT>
    <CNOR>46,930000</CNOR>
    <CSUD>46,930000</CSUD>
    <NORD>46,930000</NORD>
    <SARD>46,930000</SARD>
    <SICI>32,230000</SICI>
    <SUD>46,930000</SUD>
    <AUST>46,930000</AUST>
    <BRNN>46,930000</BRNN>
    <COAC>46,930000</COAC>
    <CORS>46,930000</CORS>
    <FOGN>46,930000</FOGN>
    <FRAN>46,930000</FRAN>
    <GREC>46,930000</GREC>
    <MFTV>46,930000</MFTV>
    <PRGP>32,230000</PRGP>
    <ROSN>32,230000</ROSN>
    <SLOV>46,930000</SLOV>
    <SVIZ>46,930000</SVIZ>
    <BSP>46,930000</BSP>
    <MALT>32,230000</MALT>
    <XAUS>46,930000</XAUS>
    <XFRA>46,930000</XFRA>
  </Prezzi>
  <Prezzi>
    <Data>20170913</Data>
    <Mercato>MGP</Mercato>
    <Ora>14</Ora>
    <PUN>44,384020</PUN>
    <NAT>45,000000</NAT>
    <CNOR>46,080000</CNOR>
    <CSUD>45,000000</CSUD>
    <NORD>46,080000</NORD>
    <SARD>45,000000</SARD>
    <SICI>19,900000</SICI>
    <SUD>45,000000</SUD>
    <AUST>46,080000</AUST>
    <BRNN>45,000000</BRNN>
    <COAC>45,000000</COAC>
    <CORS>46,080000</CORS>
    <FOGN>45,000000</FOGN>
    <FRAN>46,080000</FRAN>
    <GREC>45,000000</GREC>
    <MFTV>46,080000</MFTV>
    <PRGP>19,900000</PRGP>
    <ROSN>19,900000</ROSN>
    <SLOV>46,080000</SLOV>
    <SVIZ>46,080000</SVIZ>
    <BSP>46,080000</BSP>
    <MALT>19,900000</MALT>
    <XAUS>46,080000</XAUS>
    <XFRA>46,080000</XFRA>
  </Prezzi>
  <Prezzi>
    <Data>20170913</Data>
    <Mercato>MGP</Mercato>
    <Ora>15</Ora>
    <PUN>47,648720</PUN>
    <NAT>47,630000</NAT>
    <CNOR>49,170000</CNOR>
    <CSUD>49,170000</CSUD>
    <NORD>49,170000</NORD>
    <SARD>49,170000</SARD>
    <SICI>19,950000</SICI>
    <SUD>49,170000</SUD>
    <AUST>49,170000</AUST>
    <BRNN>49,170000</BRNN>
    <COAC>49,170000</COAC>
    <CORS>49,170000</CORS>
    <FOGN>49,170000</FOGN>
    <FRAN>49,170000</FRAN>
    <GREC>49,170000</GREC>
    <MFTV>49,170000</MFTV>
    <PRGP>19,950000</PRGP>
    <ROSN>19,950000</ROSN>
    <SLOV>49,170000</SLOV>
    <SVIZ>49,170000</SVIZ>
    <BSP>49,170000</BSP>
    <MALT>19,950000</MALT>
    <XAUS>49,170000</XAUS>
    <XFRA>49,170000</XFRA>
  </Prezzi>
  <Prezzi>
    <Data>20170913</Data>
    <Mercato>MGP</Mercato>
    <Ora>16</Ora>
    <PUN>50,769940</PUN>
    <NAT>51,780000</NAT>
    <CNOR>51,800000</CNOR>
    <CSUD>51,780000</CSUD>
    <NORD>51,800000</NORD>
    <SARD>51,780000</SARD>
    <SICI>32,230000</SICI>
    <SUD>51,780000</SUD>
    <AUST>51,800000</AUST>
    <BRNN>51,780000</BRNN>
    <COAC>51,780000</COAC>
    <CORS>51,800000</CORS>
    <FOGN>51,780000</FOGN>
    <FRAN>51,800000</FRAN>
    <GREC>51,780000</GREC>
    <MFTV>51,800000</MFTV>
    <PRGP>32,230000</PRGP>
    <ROSN>32,230000</ROSN>
    <SLOV>51,800000</SLOV>
    <SVIZ>51,800000</SVIZ>
    <BSP>51,800000</BSP>
    <MALT>32,230000</MALT>
    <XAUS>51,800000</XAUS>
    <XFRA>51,800000</XFRA>
  </Prezzi>
  <Prezzi>
    <Data>20170913</Data>
    <Mercato>MGP</Mercato>
    <Ora>17</Ora>
    <PUN>52,806750</PUN>
    <NAT>52,500000</NAT>
    <CNOR>53,310000</CNOR>
    <CSUD>53,310000</CSUD>
    <NORD>53,310000</NORD>
    <SARD>53,310000</SARD>
    <SICI>45,000000</SICI>
    <SUD>52,500000</SUD>
    <AUST>53,310000</AUST>
    <BRNN>52,500000</BRNN>
    <COAC>53,310000</COAC>
    <CORS>53,310000</CORS>
    <FOGN>52,500000</FOGN>
    <FRAN>53,310000</FRAN>
    <GREC>52,500000</GREC>
    <MFTV>53,310000</MFTV>
    <PRGP>45,000000</PRGP>
    <ROSN>45,000000</ROSN>
    <SLOV>53,310000</SLOV>
    <SVIZ>53,310000</SVIZ>
    <BSP>53,310000</BSP>
    <MALT>45,000000</MALT>
    <XAUS>53,310000</XAUS>
    <XFRA>53,310000</XFRA>
  </Prezzi>
  <Prezzi>
    <Data>20170913</Data>
    <Mercato>MGP</Mercato>
    <Ora>18</Ora>
    <PUN>54,771330</PUN>
    <NAT>55,150000</NAT>
    <CNOR>55,150000</CNOR>
    <CSUD>55,150000</CSUD>
    <NORD>55,150000</NORD>
    <SARD>55,150000</SARD>
    <SICI>48,420000</SICI>
    <SUD>55,150000</SUD>
    <AUST>55,150000</AUST>
    <BRNN>55,150000</BRNN>
    <COAC>55,150000</COAC>
    <CORS>55,150000</CORS>
    <FOGN>55,150000</FOGN>
    <FRAN>55,150000</FRAN>
    <GREC>55,150000</GREC>
    <MFTV>55,150000</MFTV>
    <PRGP>48,420000</PRGP>
    <ROSN>45,000000</ROSN>
    <SLOV>55,150000</SLOV>
    <SVIZ>55,150000</SVIZ>
    <BSP>55,150000</BSP>
    <MALT>48,420000</MALT>
    <XAUS>55,150000</XAUS>
    <XFRA>55,150000</XFRA>
  </Prezzi>
  <Prezzi>
    <Data>20170913</Data>
    <Mercato>MGP</Mercato>
    <Ora>19</Ora>
    <PUN>65,810000</PUN>
    <NAT>65,810000</NAT>
    <CNOR>64,812850</CNOR>
    <CSUD>64,812850</CSUD>
    <NORD>64,812850</NORD>
    <SARD>64,812850</SARD>
    <SICI>82,010000</SICI>
    <SUD>64,812850</SUD>
    <AUST>64,812850</AUST>
    <BRNN>64,812850</BRNN>
    <COAC>64,812850</COAC>
    <CORS>64,812850</CORS>
    <FOGN>64,812850</FOGN>
    <FRAN>64,812850</FRAN>
    <GREC>64,812850</GREC>
    <MFTV>64,812850</MFTV>
    <PRGP>82,010000</PRGP>
    <ROSN>45,000000</ROSN>
    <SLOV>64,812850</SLOV>
    <SVIZ>64,812850</SVIZ>
    <BSP>64,812850</BSP>
    <MALT>82,010000</MALT>
    <XAUS>64,812850</XAUS>
    <XFRA>64,812850</XFRA>
  </Prezzi>
  <Prezzi>
    <Data>20170913</Data>
    <Mercato>MGP</Mercato>
    <Ora>20</Ora>
    <PUN>76,432960</PUN>
    <NAT>84,330000</NAT>
    <CNOR>75,650000</CNOR>
    <CSUD>75,650000</CSUD>
    <NORD>75,650000</NORD>
    <SARD>75,650000</SARD>
    <SICI>88,430000</SICI>
    <SUD>75,650000</SUD>
    <AUST>75,650000</AUST>
    <BRNN>75,650000</BRNN>
    <COAC>75,650000</COAC>
    <CORS>75,650000</CORS>
    <FOGN>75,650000</FOGN>
    <FRAN>75,650000</FRAN>
    <GREC>75,650000</GREC>
    <MFTV>75,650000</MFTV>
    <PRGP>88,430000</PRGP>
    <ROSN>45,000000</ROSN>
    <SLOV>75,650000</SLOV>
    <SVIZ>75,650000</SVIZ>
    <BSP>75,650000</BSP>
    <MALT>88,430000</MALT>
    <XAUS>75,650000</XAUS>
    <XFRA>75,650000</XFRA>
  </Prezzi>
  <Prezzi>
    <Data>20170913</Data>
    <Mercato>MGP</Mercato>
    <Ora>21</Ora>
    <PUN>85,711530</PUN>
    <NAT>87,790000</NAT>
    <CNOR>85,000000</CNOR>
    <CSUD>85,000000</CSUD>
    <NORD>85,000000</NORD>
    <SARD>85,000000</SARD>
    <SICI>96,440000</SICI>
    <SUD>85,000000</SUD>
    <AUST>85,000000</AUST>
    <BRNN>85,000000</BRNN>
    <COAC>85,000000</COAC>
    <CORS>85,000000</CORS>
    <FOGN>85,000000</FOGN>
    <FRAN>85,000000</FRAN>
    <GREC>85,000000</GREC>
    <MFTV>85,000000</MFTV>
    <PRGP>96,440000</PRGP>
    <ROSN>45,000000</ROSN>
    <SLOV>85,000000</SLOV>
    <SVIZ>85,000000</SVIZ>
    <BSP>85,000000</BSP>
    <MALT>96,440000</MALT>
    <XAUS>85,000000</XAUS>
    <XFRA>85,000000</XFRA>
  </Prezzi>
  <Prezzi>
    <Data>20170913</Data>
    <Mercato>MGP</Mercato>
    <Ora>22</Ora>
    <PUN>61,601010</PUN>
    <NAT>65,000000</NAT>
    <CNOR>60,000000</CNOR>
    <CSUD>60,000000</CSUD>
    <NORD>60,000000</NORD>
    <SARD>60,000000</SARD>
    <SICI>86,220000</SICI>
    <SUD>60,000000</SUD>
    <AUST>60,000000</AUST>
    <BRNN>60,000000</BRNN>
    <COAC>60,000000</COAC>
    <CORS>60,000000</CORS>
    <FOGN>60,000000</FOGN>
    <FRAN>60,000000</FRAN>
    <GREC>60,000000</GREC>
    <MFTV>60,000000</MFTV>
    <PRGP>86,220000</PRGP>
    <ROSN>45,000000</ROSN>
    <SLOV>60,000000</SLOV>
    <SVIZ>60,000000</SVIZ>
    <BSP>60,000000</BSP>
    <MALT>86,220000</MALT>
    <XAUS>60,000000</XAUS>
    <XFRA>60,000000</XFRA>
  </Prezzi>
  <Prezzi>
    <Data>20170913</Data>
    <Mercato>MGP</Mercato>
    <Ora>23</Ora>
    <PUN>53,658690</PUN>
    <NAT>51,780000</NAT>
    <CNOR>51,780000</CNOR>
    <CSUD>51,780000</CSUD>
    <NORD>51,780000</NORD>
    <SARD>51,780000</SARD>
    <SICI>82,010000</SICI>
    <SUD>51,780000</SUD>
    <AUST>51,780000</AUST>
    <BRNN>51,780000</BRNN>
    <COAC>51,780000</COAC>
    <CORS>51,780000</CORS>
    <FOGN>51,780000</FOGN>
    <FRAN>51,780000</FRAN>
    <GREC>51,780000</GREC>
    <MFTV>51,780000</MFTV>
    <PRGP>82,010000</PRGP>
    <ROSN>45,000000</ROSN>
    <SLOV>51,780000</SLOV>
    <SVIZ>51,780000</SVIZ>
    <BSP>51,780000</BSP>
    <MALT>82,010000</MALT>
    <XAUS>51,780000</XAUS>
    <XFRA>51,780000</XFRA>
  </Prezzi>
  <Prezzi>
    <Data>20170913</Data>
    <Mercato>MGP</Mercato>
    <Ora>24</Ora>
    <PUN>46,881190</PUN>
    <NAT>46,930000</NAT>
    <CNOR>46,930000</CNOR>
    <CSUD>46,930000</CSUD>
    <NORD>46,930000</NORD>
    <SARD>46,930000</SARD>
    <SICI>46,140000</SICI>
    <SUD>46,930000</SUD>
    <AUST>46,930000</AUST>
    <BRNN>46,930000</BRNN>
    <COAC>46,930000</COAC>
    <CORS>46,930000</CORS>
    <FOGN>46,930000</FOGN>
    <FRAN>46,930000</FRAN>
    <GREC>46,930000</GREC>
    <MFTV>46,930000</MFTV>
    <PRGP>46,140000</PRGP>
    <ROSN>45,000000</ROSN>
    <SLOV>46,930000</SLOV>
    <SVIZ>46,930000</SVIZ>
    <BSP>46,930000</BSP>
    <MALT>46,140000</MALT>
    <XAUS>46,930000</XAUS>
    <XFRA>46,930000</XFRA>
  </Prezzi>
</NewDataSet>