<?xml version="1.0" standalone="yes"?>
<NewDataSet>
  <xs:schema id="NewDataSet" xmlns="" xmlns:xs="http://www.w3.org/2001/XMLSchema" xmlns:msdata="urn:schemas-microsoft-com:xml-msdata">
    <xs:element name="NewDataSet" msdata:IsDataSet="true" msdata:UseCurrentLocale="true">
      <xs:complexType>
        <xs:choice minOccurs="0" maxOccurs="unbounded">
          <xs:element name="Prezzi">
            <xs:complexType>
              <xs:sequence>
                <xs:element name="Data" type="xs:string" minOccurs="0" />
                <xs:element name="Mercato" type="xs:string" minOccurs="0" />
                <xs:element name="Ora" type="xs:string" minOccurs="0" />
                <xs:element name="PUN" type="xs:string" minOccurs="0" />
                <xs:element name="NAT" type="xs:string" minOccurs="0" />
                <xs:element name="CNOR" type="xs:string" minOccurs="0" />
                <xs:element name="CSUD" type="xs:string" minOccurs="0" />
                <xs:element name="NORD" type="xs:string" minOccurs="0" />
                <xs:element name="SARD" type="xs:string" minOccurs="0" />
                <xs:element name="SICI" type="xs:string" minOccurs="0" />
                <xs:element name="SUD" type="xs:string" minOccurs="0" />
                <xs:element name="AUST" type="xs:string" minOccurs="0" />
                <xs:element name="BRNN" type="xs:string" minOccurs="0" />
                <xs:element name="COAC" type="xs:string" minOccurs="0" />
                <xs:element name="CORS" type="xs:string" minOccurs="0" />
                <xs:element name="FOGN" type="xs:string" minOccurs="0" />
                <xs:element name="FRAN" type="xs:string" minOccurs="0" />
                <xs:element name="GREC" type="xs:string" minOccurs="0" />
                <xs:element name="MFTV" type="xs:string" minOccurs="0" />
                <xs:element name="PRGP" type="xs:string" minOccurs="0" />
                <xs:element name="ROSN" type="xs:string" minOccurs="0" />
                <xs:element name="SLOV" type="xs:string" minOccurs="0" />
                <xs:element name="SVIZ" type="xs:string" minOccurs="0" />
                <xs:element name="BSP" type="xs:string" minOccurs="0" />
                <xs:element name="MALT" type="xs:string" minOccurs="0" />
                <xs:element name="XAUS" type="xs:string" minOccurs="0" />
                <xs:element name="XFRA" type="xs:string" minOccurs="0" />
              </xs:sequence>
            </xs:complexType>
          </xs:element>
        </xs:choice>
      </xs:complexType>
    </xs:element>
  </xs:schema>
  <Prezzi>
    <Data>20170924</Data>
    <Mercato>MGP</Mercato>
    <Ora>1</Ora>
    <PUN>45,030000</PUN>
    <NAT>45,030000</NAT>
    <CNOR>45,030000</CNOR>
    <CSUD>45,030000</CSUD>
    <NORD>45,030000</NORD>
    <SARD>45,030000</SARD>
    <SICI>45,030000</SICI>
    <SUD>45,030000</SUD>
    <AUST>45,030000</AUST>
    <BRNN>45,030000</BRNN>
    <COAC>45,030000</COAC>
    <CORS>3000,000000</CORS>
    <FOGN>45,030000</FOGN>
    <FRAN>45,030000</FRAN>
    <GREC>45,030000</GREC>
    <MFTV>45,030000</MFTV>
    <PRGP>45,030000</PRGP>
    <ROSN>45,030000</ROSN>
    <SLOV>45,030000</SLOV>
    <SVIZ>45,030000</SVIZ>
    <BSP>45,030000</BSP>
    <MALT>45,030000</MALT>
    <XAUS>45,030000</XAUS>
    <XFRA>45,030000</XFRA>
  </Prezzi>
  <Prezzi>
    <Data>20170924</Data>
    <Mercato>MGP</Mercato>
    <Ora>2</Ora>
    <PUN>42,048260</PUN>
    <NAT>44,390000</NAT>
    <CNOR>44,390000</CNOR>
    <CSUD>44,390000</CSUD>
    <NORD>40,010000</NORD>
    <SARD>44,390000</SARD>
    <SICI>44,390000</SICI>
    <SUD>44,390000</SUD>
    <AUST>40,010000</AUST>
    <BRNN>44,390000</BRNN>
    <COAC>44,390000</COAC>
    <CORS>3000,000000</CORS>
    <FOGN>44,390000</FOGN>
    <FRAN>40,010000</FRAN>
    <GREC>44,390000</GREC>
    <MFTV>40,010000</MFTV>
    <PRGP>44,390000</PRGP>
    <ROSN>44,390000</ROSN>
    <SLOV>40,010000</SLOV>
    <SVIZ>40,010000</SVIZ>
    <BSP>40,010000</BSP>
    <MALT>44,390000</MALT>
    <XAUS>40,010000</XAUS>
    <XFRA>40,010000</XFRA>
  </Prezzi>
  <Prezzi>
    <Data>20170924</Data>
    <Mercato>MGP</Mercato>
    <Ora>3</Ora>
    <PUN>41,083270</PUN>
    <NAT>43,000000</NAT>
    <CNOR>43,510000</CNOR>
    <CSUD>43,510000</CSUD>
    <NORD>38,990000</NORD>
    <SARD>43,510000</SARD>
    <SICI>43,510000</SICI>
    <SUD>43,510000</SUD>
    <AUST>38,990000</AUST>
    <BRNN>43,510000</BRNN>
    <COAC>43,510000</COAC>
    <CORS>3000,000000</CORS>
    <FOGN>43,510000</FOGN>
    <FRAN>38,990000</FRAN>
    <GREC>43,510000</GREC>
    <MFTV>38,990000</MFTV>
    <PRGP>43,510000</PRGP>
    <ROSN>43,510000</ROSN>
    <SLOV>38,990000</SLOV>
    <SVIZ>38,990000</SVIZ>
    <BSP>38,990000</BSP>
    <MALT>43,510000</MALT>
    <XAUS>38,990000</XAUS>
    <XFRA>38,990000</XFRA>
  </Prezzi>
  <Prezzi>
    <Data>20170924</Data>
    <Mercato>MGP</Mercato>
    <Ora>4</Ora>
    <PUN>40,457930</PUN>
    <NAT>38,990000</NAT>
    <CNOR>43,000000</CNOR>
    <CSUD>43,000000</CSUD>
    <NORD>38,290000</NORD>
    <SARD>43,000000</SARD>
    <SICI>43,000000</SICI>
    <SUD>43,000000</SUD>
    <AUST>38,290000</AUST>
    <BRNN>43,000000</BRNN>
    <COAC>43,000000</COAC>
    <CORS>3000,000000</CORS>
    <FOGN>43,000000</FOGN>
    <FRAN>38,290000</FRAN>
    <GREC>43,000000</GREC>
    <MFTV>38,290000</MFTV>
    <PRGP>43,000000</PRGP>
    <ROSN>43,000000</ROSN>
    <SLOV>38,290000</SLOV>
    <SVIZ>38,290000</SVIZ>
    <BSP>38,290000</BSP>
    <MALT>43,000000</MALT>
    <XAUS>38,290000</XAUS>
    <XFRA>38,290000</XFRA>
  </Prezzi>
  <Prezzi>
    <Data>20170924</Data>
    <Mercato>MGP</Mercato>
    <Ora>5</Ora>
    <PUN>40,479260</PUN>
    <NAT>38,990000</NAT>
    <CNOR>43,000000</CNOR>
    <CSUD>43,000000</CSUD>
    <NORD>38,350000</NORD>
    <SARD>43,000000</SARD>
    <SICI>43,000000</SICI>
    <SUD>43,000000</SUD>
    <AUST>38,350000</AUST>
    <BRNN>43,000000</BRNN>
    <COAC>43,000000</COAC>
    <CORS>3000,000000</CORS>
    <FOGN>43,000000</FOGN>
    <FRAN>38,350000</FRAN>
    <GREC>43,000000</GREC>
    <MFTV>38,350000</MFTV>
    <PRGP>43,000000</PRGP>
    <ROSN>43,000000</ROSN>
    <SLOV>38,350000</SLOV>
    <SVIZ>38,350000</SVIZ>
    <BSP>38,350000</BSP>
    <MALT>43,000000</MALT>
    <XAUS>38,350000</XAUS>
    <XFRA>38,350000</XFRA>
  </Prezzi>
  <Prezzi>
    <Data>20170924</Data>
    <Mercato>MGP</Mercato>
    <Ora>6</Ora>
    <PUN>40,503360</PUN>
    <NAT>38,990000</NAT>
    <CNOR>43,000000</CNOR>
    <CSUD>43,000000</CSUD>
    <NORD>38,400000</NORD>
    <SARD>43,000000</SARD>
    <SICI>43,000000</SICI>
    <SUD>43,000000</SUD>
    <AUST>38,400000</AUST>
    <BRNN>43,000000</BRNN>
    <COAC>43,000000</COAC>
    <CORS>3000,000000</CORS>
    <FOGN>43,000000</FOGN>
    <FRAN>38,400000</FRAN>
    <GREC>43,000000</GREC>
    <MFTV>38,400000</MFTV>
    <PRGP>43,000000</PRGP>
    <ROSN>43,000000</ROSN>
    <SLOV>38,400000</SLOV>
    <SVIZ>38,400000</SVIZ>
    <BSP>38,400000</BSP>
    <MALT>43,000000</MALT>
    <XAUS>38,400000</XAUS>
    <XFRA>38,400000</XFRA>
  </Prezzi>
  <Prezzi>
    <Data>20170924</Data>
    <Mercato>MGP</Mercato>
    <Ora>7</Ora>
    <PUN>40,783940</PUN>
    <NAT>43,000000</NAT>
    <CNOR>43,510000</CNOR>
    <CSUD>43,510000</CSUD>
    <NORD>38,520000</NORD>
    <SARD>43,510000</SARD>
    <SICI>43,510000</SICI>
    <SUD>43,510000</SUD>
    <AUST>38,520000</AUST>
    <BRNN>43,510000</BRNN>
    <COAC>43,510000</COAC>
    <CORS>3000,000000</CORS>
    <FOGN>43,510000</FOGN>
    <FRAN>38,520000</FRAN>
    <GREC>43,510000</GREC>
    <MFTV>38,520000</MFTV>
    <PRGP>43,510000</PRGP>
    <ROSN>43,510000</ROSN>
    <SLOV>38,520000</SLOV>
    <SVIZ>38,520000</SVIZ>
    <BSP>38,520000</BSP>
    <MALT>43,510000</MALT>
    <XAUS>38,520000</XAUS>
    <XFRA>38,520000</XFRA>
  </Prezzi>
  <Prezzi>
    <Data>20170924</Data>
    <Mercato>MGP</Mercato>
    <Ora>8</Ora>
    <PUN>40,770330</PUN>
    <NAT>39,570000</NAT>
    <CNOR>43,510000</CNOR>
    <CSUD>43,510000</CSUD>
    <NORD>38,500000</NORD>
    <SARD>43,510000</SARD>
    <SICI>43,510000</SICI>
    <SUD>43,510000</SUD>
    <AUST>38,500000</AUST>
    <BRNN>43,510000</BRNN>
    <COAC>43,510000</COAC>
    <CORS>3000,000000</CORS>
    <FOGN>43,510000</FOGN>
    <FRAN>38,500000</FRAN>
    <GREC>43,510000</GREC>
    <MFTV>38,500000</MFTV>
    <PRGP>43,510000</PRGP>
    <ROSN>43,510000</ROSN>
    <SLOV>38,500000</SLOV>
    <SVIZ>38,500000</SVIZ>
    <BSP>38,500000</BSP>
    <MALT>43,510000</MALT>
    <XAUS>38,500000</XAUS>
    <XFRA>38,500000</XFRA>
  </Prezzi>
  <Prezzi>
    <Data>20170924</Data>
    <Mercato>MGP</Mercato>
    <Ora>9</Ora>
    <PUN>41,483750</PUN>
    <NAT>42,520000</NAT>
    <CNOR>43,510000</CNOR>
    <CSUD>43,510000</CSUD>
    <NORD>39,760000</NORD>
    <SARD>43,510000</SARD>
    <SICI>43,510000</SICI>
    <SUD>43,510000</SUD>
    <AUST>39,760000</AUST>
    <BRNN>43,510000</BRNN>
    <COAC>43,510000</COAC>
    <CORS>3000,000000</CORS>
    <FOGN>43,510000</FOGN>
    <FRAN>39,760000</FRAN>
    <GREC>43,510000</GREC>
    <MFTV>39,760000</MFTV>
    <PRGP>43,510000</PRGP>
    <ROSN>43,510000</ROSN>
    <SLOV>39,760000</SLOV>
    <SVIZ>39,760000</SVIZ>
    <BSP>39,760000</BSP>
    <MALT>43,510000</MALT>
    <XAUS>39,760000</XAUS>
    <XFRA>39,760000</XFRA>
  </Prezzi>
  <Prezzi>
    <Data>20170924</Data>
    <Mercato>MGP</Mercato>
    <Ora>10</Ora>
    <PUN>44,710000</PUN>
    <NAT>44,710000</NAT>
    <CNOR>44,710000</CNOR>
    <CSUD>44,710000</CSUD>
    <NORD>44,710000</NORD>
    <SARD>44,710000</SARD>
    <SICI>44,710000</SICI>
    <SUD>44,710000</SUD>
    <AUST>44,710000</AUST>
    <BRNN>44,710000</BRNN>
    <COAC>44,710000</COAC>
    <CORS>3000,000000</CORS>
    <FOGN>44,710000</FOGN>
    <FRAN>44,710000</FRAN>
    <GREC>44,710000</GREC>
    <MFTV>44,710000</MFTV>
    <PRGP>44,710000</PRGP>
    <ROSN>44,710000</ROSN>
    <SLOV>44,710000</SLOV>
    <SVIZ>44,710000</SVIZ>
    <BSP>44,710000</BSP>
    <MALT>44,710000</MALT>
    <XAUS>44,710000</XAUS>
    <XFRA>44,710000</XFRA>
  </Prezzi>
  <Prezzi>
    <Data>20170924</Data>
    <Mercato>MGP</Mercato>
    <Ora>11</Ora>
    <PUN>46,860000</PUN>
    <NAT>46,860000</NAT>
    <CNOR>46,860000</CNOR>
    <CSUD>46,860000</CSUD>
    <NORD>46,860000</NORD>
    <SARD>46,860000</SARD>
    <SICI>46,860000</SICI>
    <SUD>46,860000</SUD>
    <AUST>46,860000</AUST>
    <BRNN>46,860000</BRNN>
    <COAC>46,860000</COAC>
    <CORS>3000,000000</CORS>
    <FOGN>46,860000</FOGN>
    <FRAN>46,860000</FRAN>
    <GREC>46,860000</GREC>
    <MFTV>46,860000</MFTV>
    <PRGP>46,860000</PRGP>
    <ROSN>46,860000</ROSN>
    <SLOV>46,860000</SLOV>
    <SVIZ>46,860000</SVIZ>
    <BSP>46,860000</BSP>
    <MALT>46,860000</MALT>
    <XAUS>46,860000</XAUS>
    <XFRA>46,860000</XFRA>
  </Prezzi>
  <Prezzi>
    <Data>20170924</Data>
    <Mercato>MGP</Mercato>
    <Ora>12</Ora>
    <PUN>46,000000</PUN>
    <NAT>46,000000</NAT>
    <CNOR>46,000000</CNOR>
    <CSUD>46,000000</CSUD>
    <NORD>46,000000</NORD>
    <SARD>46,000000</SARD>
    <SICI>46,000000</SICI>
    <SUD>46,000000</SUD>
    <AUST>46,000000</AUST>
    <BRNN>46,000000</BRNN>
    <COAC>46,000000</COAC>
    <CORS>3000,000000</CORS>
    <FOGN>46,000000</FOGN>
    <FRAN>46,000000</FRAN>
    <GREC>46,000000</GREC>
    <MFTV>46,000000</MFTV>
    <PRGP>46,000000</PRGP>
    <ROSN>46,000000</ROSN>
    <SLOV>46,000000</SLOV>
    <SVIZ>46,000000</SVIZ>
    <BSP>46,000000</BSP>
    <MALT>46,000000</MALT>
    <XAUS>46,000000</XAUS>
    <XFRA>46,000000</XFRA>
  </Prezzi>
  <Prezzi>
    <Data>20170924</Data>
    <Mercato>MGP</Mercato>
    <Ora>13</Ora>
    <PUN>44,700000</PUN>
    <NAT>44,700000</NAT>
    <CNOR>44,700000</CNOR>
    <CSUD>44,700000</CSUD>
    <NORD>44,700000</NORD>
    <SARD>44,700000</SARD>
    <SICI>44,700000</SICI>
    <SUD>44,700000</SUD>
    <AUST>44,700000</AUST>
    <BRNN>44,700000</BRNN>
    <COAC>44,700000</COAC>
    <CORS>3000,000000</CORS>
    <FOGN>44,700000</FOGN>
    <FRAN>44,700000</FRAN>
    <GREC>44,700000</GREC>
    <MFTV>44,700000</MFTV>
    <PRGP>44,700000</PRGP>
    <ROSN>44,700000</ROSN>
    <SLOV>44,700000</SLOV>
    <SVIZ>44,700000</SVIZ>
    <BSP>44,700000</BSP>
    <MALT>44,700000</MALT>
    <XAUS>44,700000</XAUS>
    <XFRA>44,700000</XFRA>
  </Prezzi>
  <Prezzi>
    <Data>20170924</Data>
    <Mercato>MGP</Mercato>
    <Ora>14</Ora>
    <PUN>39,350000</PUN>
    <NAT>39,350000</NAT>
    <CNOR>39,350000</CNOR>
    <CSUD>39,350000</CSUD>
    <NORD>39,350000</NORD>
    <SARD>39,350000</SARD>
    <SICI>39,350000</SICI>
    <SUD>39,350000</SUD>
    <AUST>39,350000</AUST>
    <BRNN>39,350000</BRNN>
    <COAC>39,350000</COAC>
    <CORS>3000,000000</CORS>
    <FOGN>39,350000</FOGN>
    <FRAN>39,350000</FRAN>
    <GREC>39,350000</GREC>
    <MFTV>39,350000</MFTV>
    <PRGP>39,350000</PRGP>
    <ROSN>39,350000</ROSN>
    <SLOV>39,350000</SLOV>
    <SVIZ>39,350000</SVIZ>
    <BSP>39,350000</BSP>
    <MALT>39,350000</MALT>
    <XAUS>39,350000</XAUS>
    <XFRA>39,350000</XFRA>
  </Prezzi>
  <Prezzi>
    <Data>20170924</Data>
    <Mercato>MGP</Mercato>
    <Ora>15</Ora>
    <PUN>39,010000</PUN>
    <NAT>39,010000</NAT>
    <CNOR>39,010000</CNOR>
    <CSUD>39,010000</CSUD>
    <NORD>39,010000</NORD>
    <SARD>39,010000</SARD>
    <SICI>39,010000</SICI>
    <SUD>39,010000</SUD>
    <AUST>39,010000</AUST>
    <BRNN>39,010000</BRNN>
    <COAC>39,010000</COAC>
    <CORS>3000,000000</CORS>
    <FOGN>39,010000</FOGN>
    <FRAN>39,010000</FRAN>
    <GREC>39,010000</GREC>
    <MFTV>39,010000</MFTV>
    <PRGP>39,010000</PRGP>
    <ROSN>39,010000</ROSN>
    <SLOV>39,010000</SLOV>
    <SVIZ>39,010000</SVIZ>
    <BSP>39,010000</BSP>
    <MALT>39,010000</MALT>
    <XAUS>39,010000</XAUS>
    <XFRA>39,010000</XFRA>
  </Prezzi>
  <Prezzi>
    <Data>20170924</Data>
    <Mercato>MGP</Mercato>
    <Ora>16</Ora>
    <PUN>41,400000</PUN>
    <NAT>41,400000</NAT>
    <CNOR>41,400000</CNOR>
    <CSUD>41,400000</CSUD>
    <NORD>41,400000</NORD>
    <SARD>41,400000</SARD>
    <SICI>41,400000</SICI>
    <SUD>41,400000</SUD>
    <AUST>41,400000</AUST>
    <BRNN>41,400000</BRNN>
    <COAC>41,400000</COAC>
    <CORS>3000,000000</CORS>
    <FOGN>41,400000</FOGN>
    <FRAN>41,400000</FRAN>
    <GREC>41,400000</GREC>
    <MFTV>41,400000</MFTV>
    <PRGP>41,400000</PRGP>
    <ROSN>41,400000</ROSN>
    <SLOV>41,400000</SLOV>
    <SVIZ>41,400000</SVIZ>
    <BSP>41,400000</BSP>
    <MALT>41,400000</MALT>
    <XAUS>41,400000</XAUS>
    <XFRA>41,400000</XFRA>
  </Prezzi>
  <Prezzi>
    <Data>20170924</Data>
    <Mercato>MGP</Mercato>
    <Ora>17</Ora>
    <PUN>44,390000</PUN>
    <NAT>44,390000</NAT>
    <CNOR>44,390000</CNOR>
    <CSUD>44,390000</CSUD>
    <NORD>44,390000</NORD>
    <SARD>44,390000</SARD>
    <SICI>44,390000</SICI>
    <SUD>44,390000</SUD>
    <AUST>44,390000</AUST>
    <BRNN>44,390000</BRNN>
    <COAC>44,390000</COAC>
    <CORS>3000,000000</CORS>
    <FOGN>44,390000</FOGN>
    <FRAN>44,390000</FRAN>
    <GREC>44,390000</GREC>
    <MFTV>44,390000</MFTV>
    <PRGP>44,390000</PRGP>
    <ROSN>44,390000</ROSN>
    <SLOV>44,390000</SLOV>
    <SVIZ>44,390000</SVIZ>
    <BSP>44,390000</BSP>
    <MALT>44,390000</MALT>
    <XAUS>44,390000</XAUS>
    <XFRA>44,390000</XFRA>
  </Prezzi>
  <Prezzi>
    <Data>20170924</Data>
    <Mercato>MGP</Mercato>
    <Ora>18</Ora>
    <PUN>44,390000</PUN>
    <NAT>44,390000</NAT>
    <CNOR>44,390000</CNOR>
    <CSUD>44,390000</CSUD>
    <NORD>44,390000</NORD>
    <SARD>44,390000</SARD>
    <SICI>44,390000</SICI>
    <SUD>44,390000</SUD>
    <AUST>44,390000</AUST>
    <BRNN>44,390000</BRNN>
    <COAC>44,390000</COAC>
    <CORS>3000,000000</CORS>
    <FOGN>44,390000</FOGN>
    <FRAN>44,390000</FRAN>
    <GREC>44,390000</GREC>
    <MFTV>44,390000</MFTV>
    <PRGP>44,390000</PRGP>
    <ROSN>44,390000</ROSN>
    <SLOV>44,390000</SLOV>
    <SVIZ>44,390000</SVIZ>
    <BSP>44,390000</BSP>
    <MALT>44,390000</MALT>
    <XAUS>44,390000</XAUS>
    <XFRA>44,390000</XFRA>
  </Prezzi>
  <Prezzi>
    <Data>20170924</Data>
    <Mercato>MGP</Mercato>
    <Ora>19</Ora>
    <PUN>49,000000</PUN>
    <NAT>49,000000</NAT>
    <CNOR>49,000000</CNOR>
    <CSUD>49,000000</CSUD>
    <NORD>49,000000</NORD>
    <SARD>49,000000</SARD>
    <SICI>49,000000</SICI>
    <SUD>49,000000</SUD>
    <AUST>49,000000</AUST>
    <BRNN>49,000000</BRNN>
    <COAC>49,000000</COAC>
    <CORS>3000,000000</CORS>
    <FOGN>49,000000</FOGN>
    <FRAN>49,000000</FRAN>
    <GREC>49,000000</GREC>
    <MFTV>49,000000</MFTV>
    <PRGP>49,000000</PRGP>
    <ROSN>49,000000</ROSN>
    <SLOV>49,000000</SLOV>
    <SVIZ>49,000000</SVIZ>
    <BSP>49,000000</BSP>
    <MALT>49,000000</MALT>
    <XAUS>49,000000</XAUS>
    <XFRA>49,000000</XFRA>
  </Prezzi>
  <Prezzi>
    <Data>20170924</Data>
    <Mercato>MGP</Mercato>
    <Ora>20</Ora>
    <PUN>57,000000</PUN>
    <NAT>57,740000</NAT>
    <CNOR>55,208560</CNOR>
    <CSUD>55,208560</CSUD>
    <NORD>55,208560</NORD>
    <SARD>55,208560</SARD>
    <SICI>82,220000</SICI>
    <SUD>55,208560</SUD>
    <AUST>55,208560</AUST>
    <BRNN>55,208560</BRNN>
    <COAC>55,208560</COAC>
    <CORS>3000,000000</CORS>
    <FOGN>55,208560</FOGN>
    <FRAN>55,208560</FRAN>
    <GREC>55,208560</GREC>
    <MFTV>55,208560</MFTV>
    <PRGP>82,220000</PRGP>
    <ROSN>55,208560</ROSN>
    <SLOV>55,208560</SLOV>
    <SVIZ>55,208560</SVIZ>
    <BSP>55,208560</BSP>
    <MALT>82,220000</MALT>
    <XAUS>55,208560</XAUS>
    <XFRA>55,208560</XFRA>
  </Prezzi>
  <Prezzi>
    <Data>20170924</Data>
    <Mercato>MGP</Mercato>
    <Ora>21</Ora>
    <PUN>57,914020</PUN>
    <NAT>57,240000</NAT>
    <CNOR>56,000000</CNOR>
    <CSUD>56,000000</CSUD>
    <NORD>56,000000</NORD>
    <SARD>56,000000</SARD>
    <SICI>85,220000</SICI>
    <SUD>56,000000</SUD>
    <AUST>56,000000</AUST>
    <BRNN>56,000000</BRNN>
    <COAC>56,000000</COAC>
    <CORS>3000,000000</CORS>
    <FOGN>56,000000</FOGN>
    <FRAN>56,000000</FRAN>
    <GREC>56,000000</GREC>
    <MFTV>56,000000</MFTV>
    <PRGP>85,220000</PRGP>
    <ROSN>56,000000</ROSN>
    <SLOV>56,000000</SLOV>
    <SVIZ>56,000000</SVIZ>
    <BSP>56,000000</BSP>
    <MALT>85,220000</MALT>
    <XAUS>56,000000</XAUS>
    <XFRA>56,000000</XFRA>
  </Prezzi>
  <Prezzi>
    <Data>20170924</Data>
    <Mercato>MGP</Mercato>
    <Ora>22</Ora>
    <PUN>53,991640</PUN>
    <NAT>52,440000</NAT>
    <CNOR>52,000000</CNOR>
    <CSUD>52,000000</CSUD>
    <NORD>52,000000</NORD>
    <SARD>52,000000</SARD>
    <SICI>82,010000</SICI>
    <SUD>52,000000</SUD>
    <AUST>52,000000</AUST>
    <BRNN>52,000000</BRNN>
    <COAC>52,000000</COAC>
    <CORS>3000,000000</CORS>
    <FOGN>52,000000</FOGN>
    <FRAN>52,000000</FRAN>
    <GREC>52,000000</GREC>
    <MFTV>52,000000</MFTV>
    <PRGP>82,010000</PRGP>
    <ROSN>52,000000</ROSN>
    <SLOV>52,000000</SLOV>
    <SVIZ>52,000000</SVIZ>
    <BSP>52,000000</BSP>
    <MALT>82,010000</MALT>
    <XAUS>52,000000</XAUS>
    <XFRA>52,000000</XFRA>
  </Prezzi>
  <Prezzi>
    <Data>20170924</Data>
    <Mercato>MGP</Mercato>
    <Ora>23</Ora>
    <PUN>49,516920</PUN>
    <NAT>49,000000</NAT>
    <CNOR>49,000000</CNOR>
    <CSUD>49,000000</CSUD>
    <NORD>49,000000</NORD>
    <SARD>49,000000</SARD>
    <SICI>56,740000</SICI>
    <SUD>49,000000</SUD>
    <AUST>49,000000</AUST>
    <BRNN>49,000000</BRNN>
    <COAC>49,000000</COAC>
    <CORS>3000,000000</CORS>
    <FOGN>49,000000</FOGN>
    <FRAN>49,000000</FRAN>
    <GREC>49,000000</GREC>
    <MFTV>49,000000</MFTV>
    <PRGP>56,740000</PRGP>
    <ROSN>49,000000</ROSN>
    <SLOV>49,000000</SLOV>
    <SVIZ>49,000000</SVIZ>
    <BSP>49,000000</BSP>
    <MALT>56,740000</MALT>
    <XAUS>49,000000</XAUS>
    <XFRA>49,000000</XFRA>
  </Prezzi>
  <Prezzi>
    <Data>20170924</Data>
    <Mercato>MGP</Mercato>
    <Ora>24</Ora>
    <PUN>46,200000</PUN>
    <NAT>46,200000</NAT>
    <CNOR>46,200000</CNOR>
    <CSUD>46,200000</CSUD>
    <NORD>46,200000</NORD>
    <SARD>46,200000</SARD>
    <SICI>46,200000</SICI>
    <SUD>46,200000</SUD>
    <AUST>46,200000</AUST>
    <BRNN>46,200000</BRNN>
    <COAC>46,200000</COAC>
    <CORS>3000,000000</CORS>
    <FOGN>46,200000</FOGN>
    <FRAN>46,200000</FRAN>
    <GREC>46,200000</GREC>
    <MFTV>46,200000</MFTV>
    <PRGP>46,200000</PRGP>
    <ROSN>46,200000</ROSN>
    <SLOV>46,200000</SLOV>
    <SVIZ>46,200000</SVIZ>
    <BSP>46,200000</BSP>
    <MALT>46,200000</MALT>
    <XAUS>46,200000</XAUS>
    <XFRA>46,200000</XFRA>
  </Prezzi>
</NewDataSet>