<?xml version="1.0" standalone="yes"?>
<NewDataSet>
  <xs:schema id="NewDataSet" xmlns="" xmlns:xs="http://www.w3.org/2001/XMLSchema" xmlns:msdata="urn:schemas-microsoft-com:xml-msdata">
    <xs:element name="NewDataSet" msdata:IsDataSet="true" msdata:UseCurrentLocale="true">
      <xs:complexType>
        <xs:choice minOccurs="0" maxOccurs="unbounded">
          <xs:element name="Fabbisogno">
            <xs:complexType>
              <xs:sequence>
                <xs:element name="Data" type="xs:string" minOccurs="0" />
                <xs:element name="Mercato" type="xs:string" minOccurs="0" />
                <xs:element name="Ora" type="xs:string" minOccurs="0" />
                <xs:element name="Italia" type="xs:string" minOccurs="0" />
                <xs:element name="CNOR" type="xs:string" minOccurs="0" />
                <xs:element name="CSUD" type="xs:string" minOccurs="0" />
                <xs:element name="NORD" type="xs:string" minOccurs="0" />
                <xs:element name="SARD" type="xs:string" minOccurs="0" />
                <xs:element name="SICI" type="xs:string" minOccurs="0" />
                <xs:element name="SUD" type="xs:string" minOccurs="0" />
              </xs:sequence>
            </xs:complexType>
          </xs:element>
        </xs:choice>
      </xs:complexType>
    </xs:element>
  </xs:schema>
  <Fabbisogno>
    <Data>20160510</Data>
    <Mercato>MGP</Mercato>
    <Ora>1</Ora>
    <Italia>26813,912</Italia>
    <CNOR>3629,442</CNOR>
    <CSUD>5118,713</CSUD>
    <NORD>12076,693</NORD>
    <SARD>1087,514</SARD>
    <SICI>1736,887</SICI>
    <SUD>3164,663</SUD>
  </Fabbisogno>
  <Fabbisogno>
    <Data>20160510</Data>
    <Mercato>MGP</Mercato>
    <Ora>2</Ora>
    <Italia>25654,527</Italia>
    <CNOR>3524,748</CNOR>
    <CSUD>4739,469</CSUD>
    <NORD>11559,445</NORD>
    <SARD>1084,08</SARD>
    <SICI>1580,031</SICI>
    <SUD>3166,754</SUD>
  </Fabbisogno>
  <Fabbisogno>
    <Data>20160510</Data>
    <Mercato>MGP</Mercato>
    <Ora>3</Ora>
    <Italia>25051,472</Italia>
    <CNOR>3467,958</CNOR>
    <CSUD>4712,907</CSUD>
    <NORD>11195,223</NORD>
    <SARD>1065,175</SARD>
    <SICI>1477,624</SICI>
    <SUD>3132,585</SUD>
  </Fabbisogno>
  <Fabbisogno>
    <Data>20160510</Data>
    <Mercato>MGP</Mercato>
    <Ora>4</Ora>
    <Italia>24864,901</Italia>
    <CNOR>3432,668</CNOR>
    <CSUD>4673,188</CSUD>
    <NORD>11126,494</NORD>
    <SARD>1051,976</SARD>
    <SICI>1435,804</SICI>
    <SUD>3144,771</SUD>
  </Fabbisogno>
  <Fabbisogno>
    <Data>20160510</Data>
    <Mercato>MGP</Mercato>
    <Ora>5</Ora>
    <Italia>25027,046</Italia>
    <CNOR>3366,746</CNOR>
    <CSUD>4651,666</CSUD>
    <NORD>11396,989</NORD>
    <SARD>1047,932</SARD>
    <SICI>1444,54</SICI>
    <SUD>3119,173</SUD>
  </Fabbisogno>
  <Fabbisogno>
    <Data>20160510</Data>
    <Mercato>MGP</Mercato>
    <Ora>6</Ora>
    <Italia>25755,245</Italia>
    <CNOR>3361,323</CNOR>
    <CSUD>4621,352</CSUD>
    <NORD>12058,747</NORD>
    <SARD>1023,461</SARD>
    <SICI>1505,774</SICI>
    <SUD>3184,588</SUD>
  </Fabbisogno>
  <Fabbisogno>
    <Data>20160510</Data>
    <Mercato>MGP</Mercato>
    <Ora>7</Ora>
    <Italia>28741,284</Italia>
    <CNOR>3551,35</CNOR>
    <CSUD>4985,511</CSUD>
    <NORD>14216,468</NORD>
    <SARD>1093,544</SARD>
    <SICI>1581,611</SICI>
    <SUD>3312,8</SUD>
  </Fabbisogno>
  <Fabbisogno>
    <Data>20160510</Data>
    <Mercato>MGP</Mercato>
    <Ora>8</Ora>
    <Italia>33670,891</Italia>
    <CNOR>3583,329</CNOR>
    <CSUD>5132,65</CSUD>
    <NORD>18781,326</NORD>
    <SARD>1117,835</SARD>
    <SICI>1750,936</SICI>
    <SUD>3304,815</SUD>
  </Fabbisogno>
  <Fabbisogno>
    <Data>20160510</Data>
    <Mercato>MGP</Mercato>
    <Ora>9</Ora>
    <Italia>38289,304</Italia>
    <CNOR>3879,8</CNOR>
    <CSUD>5548,001</CSUD>
    <NORD>21990,945</NORD>
    <SARD>1147,609</SARD>
    <SICI>1912,723</SICI>
    <SUD>3810,226</SUD>
  </Fabbisogno>
  <Fabbisogno>
    <Data>20160510</Data>
    <Mercato>MGP</Mercato>
    <Ora>10</Ora>
    <Italia>39132,764</Italia>
    <CNOR>3775,222</CNOR>
    <CSUD>5640,03</CSUD>
    <NORD>23122,873</NORD>
    <SARD>1051,249</SARD>
    <SICI>1890,696</SICI>
    <SUD>3652,694</SUD>
  </Fabbisogno>
  <Fabbisogno>
    <Data>20160510</Data>
    <Mercato>MGP</Mercato>
    <Ora>11</Ora>
    <Italia>38850,365</Italia>
    <CNOR>3775,54</CNOR>
    <CSUD>5526,127</CSUD>
    <NORD>22982,626</NORD>
    <SARD>1068,958</SARD>
    <SICI>1885,002</SICI>
    <SUD>3612,112</SUD>
  </Fabbisogno>
  <Fabbisogno>
    <Data>20160510</Data>
    <Mercato>MGP</Mercato>
    <Ora>12</Ora>
    <Italia>39450,412</Italia>
    <CNOR>3754,233</CNOR>
    <CSUD>5752,011</CSUD>
    <NORD>23386,626</NORD>
    <SARD>1052,479</SARD>
    <SICI>1831,539</SICI>
    <SUD>3673,524</SUD>
  </Fabbisogno>
  <Fabbisogno>
    <Data>20160510</Data>
    <Mercato>MGP</Mercato>
    <Ora>13</Ora>
    <Italia>37426,299</Italia>
    <CNOR>3481,508</CNOR>
    <CSUD>5635,861</CSUD>
    <NORD>21845,276</NORD>
    <SARD>1001,706</SARD>
    <SICI>1816,032</SICI>
    <SUD>3645,916</SUD>
  </Fabbisogno>
  <Fabbisogno>
    <Data>20160510</Data>
    <Mercato>MGP</Mercato>
    <Ora>14</Ora>
    <Italia>37346,067</Italia>
    <CNOR>3414,517</CNOR>
    <CSUD>5630,681</CSUD>
    <NORD>21991,883</NORD>
    <SARD>1051,816</SARD>
    <SICI>1733,724</SICI>
    <SUD>3523,446</SUD>
  </Fabbisogno>
  <Fabbisogno>
    <Data>20160510</Data>
    <Mercato>MGP</Mercato>
    <Ora>15</Ora>
    <Italia>38001,02</Italia>
    <CNOR>3611,857</CNOR>
    <CSUD>5405,528</CSUD>
    <NORD>23013,662</NORD>
    <SARD>933,479</SARD>
    <SICI>1695,903</SICI>
    <SUD>3340,591</SUD>
  </Fabbisogno>
  <Fabbisogno>
    <Data>20160510</Data>
    <Mercato>MGP</Mercato>
    <Ora>16</Ora>
    <Italia>38371,441</Italia>
    <CNOR>3627,356</CNOR>
    <CSUD>5528,121</CSUD>
    <NORD>23108,886</NORD>
    <SARD>946,316</SARD>
    <SICI>1695,152</SICI>
    <SUD>3465,61</SUD>
  </Fabbisogno>
  <Fabbisogno>
    <Data>20160510</Data>
    <Mercato>MGP</Mercato>
    <Ora>17</Ora>
    <Italia>38273,192</Italia>
    <CNOR>3813,05</CNOR>
    <CSUD>5716,531</CSUD>
    <NORD>22767,503</NORD>
    <SARD>1027,939</SARD>
    <SICI>1754,666</SICI>
    <SUD>3193,503</SUD>
  </Fabbisogno>
  <Fabbisogno>
    <Data>20160510</Data>
    <Mercato>MGP</Mercato>
    <Ora>18</Ora>
    <Italia>36507,662</Italia>
    <CNOR>3937,224</CNOR>
    <CSUD>5798,948</CSUD>
    <NORD>20448,112</NORD>
    <SARD>1092,82</SARD>
    <SICI>1852,536</SICI>
    <SUD>3378,022</SUD>
  </Fabbisogno>
  <Fabbisogno>
    <Data>20160510</Data>
    <Mercato>MGP</Mercato>
    <Ora>19</Ora>
    <Italia>35688,709</Italia>
    <CNOR>4036,31</CNOR>
    <CSUD>5938,447</CSUD>
    <NORD>18979,379</NORD>
    <SARD>1246,221</SARD>
    <SICI>1956,184</SICI>
    <SUD>3532,168</SUD>
  </Fabbisogno>
  <Fabbisogno>
    <Data>20160510</Data>
    <Mercato>MGP</Mercato>
    <Ora>20</Ora>
    <Italia>35312,117</Italia>
    <CNOR>4106,895</CNOR>
    <CSUD>5975,962</CSUD>
    <NORD>18410,833</NORD>
    <SARD>1192,84</SARD>
    <SICI>2092,383</SICI>
    <SUD>3533,204</SUD>
  </Fabbisogno>
  <Fabbisogno>
    <Data>20160510</Data>
    <Mercato>MGP</Mercato>
    <Ora>21</Ora>
    <Italia>35972,707</Italia>
    <CNOR>4102,482</CNOR>
    <CSUD>6412,834</CSUD>
    <NORD>17724,721</NORD>
    <SARD>1216,29</SARD>
    <SICI>2526,511</SICI>
    <SUD>3989,869</SUD>
  </Fabbisogno>
  <Fabbisogno>
    <Data>20160510</Data>
    <Mercato>MGP</Mercato>
    <Ora>22</Ora>
    <Italia>35423,129</Italia>
    <CNOR>4215,102</CNOR>
    <CSUD>6318,704</CSUD>
    <NORD>17412,125</NORD>
    <SARD>1285,215</SARD>
    <SICI>2327,859</SICI>
    <SUD>3864,124</SUD>
  </Fabbisogno>
  <Fabbisogno>
    <Data>20160510</Data>
    <Mercato>MGP</Mercato>
    <Ora>23</Ora>
    <Italia>32792,101</Italia>
    <CNOR>3991,064</CNOR>
    <CSUD>5966,566</CSUD>
    <NORD>15709,793</NORD>
    <SARD>1256,675</SARD>
    <SICI>2149,604</SICI>
    <SUD>3718,399</SUD>
  </Fabbisogno>
  <Fabbisogno>
    <Data>20160510</Data>
    <Mercato>MGP</Mercato>
    <Ora>24</Ora>
    <Italia>29538,598</Italia>
    <CNOR>3639,386</CNOR>
    <CSUD>5422,689</CSUD>
    <NORD>13955,859</NORD>
    <SARD>1144,56</SARD>
    <SICI>1948,477</SICI>
    <SUD>3427,627</SUD>
  </Fabbisogno>
</NewDataSet>