<?xml version="1.0" standalone="yes"?>
<NewDataSet>
  <xs:schema id="NewDataSet" xmlns="" xmlns:xs="http://www.w3.org/2001/XMLSchema" xmlns:msdata="urn:schemas-microsoft-com:xml-msdata">
    <xs:element name="NewDataSet" msdata:IsDataSet="true" msdata:UseCurrentLocale="true">
      <xs:complexType>
        <xs:choice minOccurs="0" maxOccurs="unbounded">
          <xs:element name="Fabbisogno">
            <xs:complexType>
              <xs:sequence>
                <xs:element name="Data" type="xs:string" minOccurs="0" />
                <xs:element name="Mercato" type="xs:string" minOccurs="0" />
                <xs:element name="Ora" type="xs:string" minOccurs="0" />
                <xs:element name="Italia" type="xs:string" minOccurs="0" />
                <xs:element name="CNOR" type="xs:string" minOccurs="0" />
                <xs:element name="CSUD" type="xs:string" minOccurs="0" />
                <xs:element name="NORD" type="xs:string" minOccurs="0" />
                <xs:element name="SARD" type="xs:string" minOccurs="0" />
                <xs:element name="SICI" type="xs:string" minOccurs="0" />
                <xs:element name="SUD" type="xs:string" minOccurs="0" />
              </xs:sequence>
            </xs:complexType>
          </xs:element>
        </xs:choice>
      </xs:complexType>
    </xs:element>
  </xs:schema>
  <Fabbisogno>
    <Data>20160503</Data>
    <Mercato>MGP</Mercato>
    <Ora>1</Ora>
    <Italia>26757,069</Italia>
    <CNOR>3611,793</CNOR>
    <CSUD>4828,896</CSUD>
    <NORD>12544,112</NORD>
    <SARD>971,913</SARD>
    <SICI>1698,194</SICI>
    <SUD>3102,161</SUD>
  </Fabbisogno>
  <Fabbisogno>
    <Data>20160503</Data>
    <Mercato>MGP</Mercato>
    <Ora>2</Ora>
    <Italia>25397,291</Italia>
    <CNOR>3463,349</CNOR>
    <CSUD>4534,067</CSUD>
    <NORD>11952,55</NORD>
    <SARD>926,135</SARD>
    <SICI>1541,48</SICI>
    <SUD>2979,71</SUD>
  </Fabbisogno>
  <Fabbisogno>
    <Data>20160503</Data>
    <Mercato>MGP</Mercato>
    <Ora>3</Ora>
    <Italia>25179,505</Italia>
    <CNOR>3299,05</CNOR>
    <CSUD>4629,582</CSUD>
    <NORD>11913,318</NORD>
    <SARD>994,641</SARD>
    <SICI>1443,798</SICI>
    <SUD>2899,116</SUD>
  </Fabbisogno>
  <Fabbisogno>
    <Data>20160503</Data>
    <Mercato>MGP</Mercato>
    <Ora>4</Ora>
    <Italia>24707,715</Italia>
    <CNOR>3239,345</CNOR>
    <CSUD>4516,97</CSUD>
    <NORD>11641,178</NORD>
    <SARD>920,189</SARD>
    <SICI>1444,907</SICI>
    <SUD>2945,126</SUD>
  </Fabbisogno>
  <Fabbisogno>
    <Data>20160503</Data>
    <Mercato>MGP</Mercato>
    <Ora>5</Ora>
    <Italia>25114,644</Italia>
    <CNOR>3286,817</CNOR>
    <CSUD>4582,273</CSUD>
    <NORD>12048,638</NORD>
    <SARD>894,357</SARD>
    <SICI>1427,539</SICI>
    <SUD>2875,02</SUD>
  </Fabbisogno>
  <Fabbisogno>
    <Data>20160503</Data>
    <Mercato>MGP</Mercato>
    <Ora>6</Ora>
    <Italia>25803,469</Italia>
    <CNOR>3213,955</CNOR>
    <CSUD>4508,408</CSUD>
    <NORD>12490,93</NORD>
    <SARD>996,643</SARD>
    <SICI>1521,422</SICI>
    <SUD>3072,111</SUD>
  </Fabbisogno>
  <Fabbisogno>
    <Data>20160503</Data>
    <Mercato>MGP</Mercato>
    <Ora>7</Ora>
    <Italia>28363,511</Italia>
    <CNOR>3348,628</CNOR>
    <CSUD>4718,116</CSUD>
    <NORD>14666,028</NORD>
    <SARD>917,341</SARD>
    <SICI>1601,951</SICI>
    <SUD>3111,447</SUD>
  </Fabbisogno>
  <Fabbisogno>
    <Data>20160503</Data>
    <Mercato>MGP</Mercato>
    <Ora>8</Ora>
    <Italia>33815,979</Italia>
    <CNOR>3770,068</CNOR>
    <CSUD>5487,519</CSUD>
    <NORD>18065,146</NORD>
    <SARD>1080,734</SARD>
    <SICI>1903,438</SICI>
    <SUD>3509,074</SUD>
  </Fabbisogno>
  <Fabbisogno>
    <Data>20160503</Data>
    <Mercato>MGP</Mercato>
    <Ora>9</Ora>
    <Italia>37844,014</Italia>
    <CNOR>3820,865</CNOR>
    <CSUD>5505,842</CSUD>
    <NORD>21957,627</NORD>
    <SARD>1069,659</SARD>
    <SICI>2098,897</SICI>
    <SUD>3391,124</SUD>
  </Fabbisogno>
  <Fabbisogno>
    <Data>20160503</Data>
    <Mercato>MGP</Mercato>
    <Ora>10</Ora>
    <Italia>38950,474</Italia>
    <CNOR>3753,651</CNOR>
    <CSUD>5585,728</CSUD>
    <NORD>23125,56</NORD>
    <SARD>948,888</SARD>
    <SICI>2156,33</SICI>
    <SUD>3380,317</SUD>
  </Fabbisogno>
  <Fabbisogno>
    <Data>20160503</Data>
    <Mercato>MGP</Mercato>
    <Ora>11</Ora>
    <Italia>38427,138</Italia>
    <CNOR>3669,823</CNOR>
    <CSUD>5610,11</CSUD>
    <NORD>22890,77</NORD>
    <SARD>991,059</SARD>
    <SICI>1992,501</SICI>
    <SUD>3272,875</SUD>
  </Fabbisogno>
  <Fabbisogno>
    <Data>20160503</Data>
    <Mercato>MGP</Mercato>
    <Ora>12</Ora>
    <Italia>37490,932</Italia>
    <CNOR>3598,658</CNOR>
    <CSUD>5644,265</CSUD>
    <NORD>22068,685</NORD>
    <SARD>1004,525</SARD>
    <SICI>1921,573</SICI>
    <SUD>3253,226</SUD>
  </Fabbisogno>
  <Fabbisogno>
    <Data>20160503</Data>
    <Mercato>MGP</Mercato>
    <Ora>13</Ora>
    <Italia>35861,478</Italia>
    <CNOR>3305,591</CNOR>
    <CSUD>5607,985</CSUD>
    <NORD>20766,135</NORD>
    <SARD>1054,753</SARD>
    <SICI>1890,773</SICI>
    <SUD>3236,241</SUD>
  </Fabbisogno>
  <Fabbisogno>
    <Data>20160503</Data>
    <Mercato>MGP</Mercato>
    <Ora>14</Ora>
    <Italia>35242,519</Italia>
    <CNOR>3171,743</CNOR>
    <CSUD>5145,217</CSUD>
    <NORD>21066,544</NORD>
    <SARD>923,163</SARD>
    <SICI>1828,479</SICI>
    <SUD>3107,373</SUD>
  </Fabbisogno>
  <Fabbisogno>
    <Data>20160503</Data>
    <Mercato>MGP</Mercato>
    <Ora>15</Ora>
    <Italia>36202,059</Italia>
    <CNOR>3381,367</CNOR>
    <CSUD>5184,807</CSUD>
    <NORD>22039,816</NORD>
    <SARD>857,086</SARD>
    <SICI>1782,964</SICI>
    <SUD>2956,019</SUD>
  </Fabbisogno>
  <Fabbisogno>
    <Data>20160503</Data>
    <Mercato>MGP</Mercato>
    <Ora>16</Ora>
    <Italia>36443,419</Italia>
    <CNOR>3463,127</CNOR>
    <CSUD>5253,179</CSUD>
    <NORD>22040,967</NORD>
    <SARD>867,65</SARD>
    <SICI>1802,69</SICI>
    <SUD>3015,806</SUD>
  </Fabbisogno>
  <Fabbisogno>
    <Data>20160503</Data>
    <Mercato>MGP</Mercato>
    <Ora>17</Ora>
    <Italia>35967,512</Italia>
    <CNOR>3558,094</CNOR>
    <CSUD>5358,488</CSUD>
    <NORD>21053,428</NORD>
    <SARD>897,378</SARD>
    <SICI>1887,053</SICI>
    <SUD>3213,071</SUD>
  </Fabbisogno>
  <Fabbisogno>
    <Data>20160503</Data>
    <Mercato>MGP</Mercato>
    <Ora>18</Ora>
    <Italia>35546,941</Italia>
    <CNOR>3709,622</CNOR>
    <CSUD>5642,544</CSUD>
    <NORD>19786,486</NORD>
    <SARD>1044,403</SARD>
    <SICI>1932,883</SICI>
    <SUD>3431,003</SUD>
  </Fabbisogno>
  <Fabbisogno>
    <Data>20160503</Data>
    <Mercato>MGP</Mercato>
    <Ora>19</Ora>
    <Italia>36440,036</Italia>
    <CNOR>4339,815</CNOR>
    <CSUD>6301,749</CSUD>
    <NORD>18590,462</NORD>
    <SARD>1199,991</SARD>
    <SICI>1981,86</SICI>
    <SUD>4026,159</SUD>
  </Fabbisogno>
  <Fabbisogno>
    <Data>20160503</Data>
    <Mercato>MGP</Mercato>
    <Ora>20</Ora>
    <Italia>36450,658</Italia>
    <CNOR>4372,931</CNOR>
    <CSUD>6517,495</CSUD>
    <NORD>17975,643</NORD>
    <SARD>1203,503</SARD>
    <SICI>2204,947</SICI>
    <SUD>4176,139</SUD>
  </Fabbisogno>
  <Fabbisogno>
    <Data>20160503</Data>
    <Mercato>MGP</Mercato>
    <Ora>21</Ora>
    <Italia>36711,118</Italia>
    <CNOR>4404,928</CNOR>
    <CSUD>6668,003</CSUD>
    <NORD>17636,624</NORD>
    <SARD>1205,843</SARD>
    <SICI>2366,377</SICI>
    <SUD>4429,343</SUD>
  </Fabbisogno>
  <Fabbisogno>
    <Data>20160503</Data>
    <Mercato>MGP</Mercato>
    <Ora>22</Ora>
    <Italia>35973,37</Italia>
    <CNOR>4332,275</CNOR>
    <CSUD>6505,293</CSUD>
    <NORD>17456,917</NORD>
    <SARD>1155,259</SARD>
    <SICI>2263,628</SICI>
    <SUD>4259,998</SUD>
  </Fabbisogno>
  <Fabbisogno>
    <Data>20160503</Data>
    <Mercato>MGP</Mercato>
    <Ora>23</Ora>
    <Italia>32715,803</Italia>
    <CNOR>3965,549</CNOR>
    <CSUD>5933,487</CSUD>
    <NORD>15595,49</NORD>
    <SARD>1139,598</SARD>
    <SICI>2076,607</SICI>
    <SUD>4005,072</SUD>
  </Fabbisogno>
  <Fabbisogno>
    <Data>20160503</Data>
    <Mercato>MGP</Mercato>
    <Ora>24</Ora>
    <Italia>29028,459</Italia>
    <CNOR>3530,867</CNOR>
    <CSUD>5186,349</CSUD>
    <NORD>13948,206</NORD>
    <SARD>1003,644</SARD>
    <SICI>1830,934</SICI>
    <SUD>3528,459</SUD>
  </Fabbisogno>
</NewDataSet>