<?xml version="1.0" standalone="yes"?>
<NewDataSet>
  <xs:schema id="NewDataSet" xmlns="" xmlns:xs="http://www.w3.org/2001/XMLSchema" xmlns:msdata="urn:schemas-microsoft-com:xml-msdata">
    <xs:element name="NewDataSet" msdata:IsDataSet="true" msdata:UseCurrentLocale="true">
      <xs:complexType>
        <xs:choice minOccurs="0" maxOccurs="unbounded">
          <xs:element name="Fabbisogno">
            <xs:complexType>
              <xs:sequence>
                <xs:element name="Data" type="xs:string" minOccurs="0" />
                <xs:element name="Mercato" type="xs:string" minOccurs="0" />
                <xs:element name="Ora" type="xs:string" minOccurs="0" />
                <xs:element name="Italia" type="xs:string" minOccurs="0" />
                <xs:element name="CNOR" type="xs:string" minOccurs="0" />
                <xs:element name="CSUD" type="xs:string" minOccurs="0" />
                <xs:element name="NORD" type="xs:string" minOccurs="0" />
                <xs:element name="SARD" type="xs:string" minOccurs="0" />
                <xs:element name="SICI" type="xs:string" minOccurs="0" />
                <xs:element name="SUD" type="xs:string" minOccurs="0" />
              </xs:sequence>
            </xs:complexType>
          </xs:element>
        </xs:choice>
      </xs:complexType>
    </xs:element>
  </xs:schema>
  <Fabbisogno>
    <Data>20160513</Data>
    <Mercato>MGP</Mercato>
    <Ora>1</Ora>
    <Italia>27634,273</Italia>
    <CNOR>3762,644</CNOR>
    <CSUD>5181,666</CSUD>
    <NORD>12700,454</NORD>
    <SARD>1087,456</SARD>
    <SICI>1706,711</SICI>
    <SUD>3195,342</SUD>
  </Fabbisogno>
  <Fabbisogno>
    <Data>20160513</Data>
    <Mercato>MGP</Mercato>
    <Ora>2</Ora>
    <Italia>26034,68</Italia>
    <CNOR>3551,584</CNOR>
    <CSUD>4691,317</CSUD>
    <NORD>12130,209</NORD>
    <SARD>1042,761</SARD>
    <SICI>1574,871</SICI>
    <SUD>3043,938</SUD>
  </Fabbisogno>
  <Fabbisogno>
    <Data>20160513</Data>
    <Mercato>MGP</Mercato>
    <Ora>3</Ora>
    <Italia>25651,694</Italia>
    <CNOR>3500,618</CNOR>
    <CSUD>4713,707</CSUD>
    <NORD>11932,528</NORD>
    <SARD>1041,157</SARD>
    <SICI>1439,798</SICI>
    <SUD>3023,886</SUD>
  </Fabbisogno>
  <Fabbisogno>
    <Data>20160513</Data>
    <Mercato>MGP</Mercato>
    <Ora>4</Ora>
    <Italia>25418,474</Italia>
    <CNOR>3429,101</CNOR>
    <CSUD>4666,101</CSUD>
    <NORD>11873,37</NORD>
    <SARD>1045,607</SARD>
    <SICI>1417,173</SICI>
    <SUD>2987,122</SUD>
  </Fabbisogno>
  <Fabbisogno>
    <Data>20160513</Data>
    <Mercato>MGP</Mercato>
    <Ora>5</Ora>
    <Italia>25669,114</Italia>
    <CNOR>3453,321</CNOR>
    <CSUD>4729,863</CSUD>
    <NORD>12002,98</NORD>
    <SARD>1037,309</SARD>
    <SICI>1430,016</SICI>
    <SUD>3015,625</SUD>
  </Fabbisogno>
  <Fabbisogno>
    <Data>20160513</Data>
    <Mercato>MGP</Mercato>
    <Ora>6</Ora>
    <Italia>26275,216</Italia>
    <CNOR>3386,602</CNOR>
    <CSUD>4650,829</CSUD>
    <NORD>12665,775</NORD>
    <SARD>1040,251</SARD>
    <SICI>1469,546</SICI>
    <SUD>3062,213</SUD>
  </Fabbisogno>
  <Fabbisogno>
    <Data>20160513</Data>
    <Mercato>MGP</Mercato>
    <Ora>7</Ora>
    <Italia>28611,907</Italia>
    <CNOR>3524,562</CNOR>
    <CSUD>4949,178</CSUD>
    <NORD>14400,581</NORD>
    <SARD>1044,372</SARD>
    <SICI>1574,608</SICI>
    <SUD>3118,606</SUD>
  </Fabbisogno>
  <Fabbisogno>
    <Data>20160513</Data>
    <Mercato>MGP</Mercato>
    <Ora>8</Ora>
    <Italia>32870,452</Italia>
    <CNOR>3600,41</CNOR>
    <CSUD>5095,362</CSUD>
    <NORD>18210,416</NORD>
    <SARD>1072,343</SARD>
    <SICI>1771,415</SICI>
    <SUD>3120,506</SUD>
  </Fabbisogno>
  <Fabbisogno>
    <Data>20160513</Data>
    <Mercato>MGP</Mercato>
    <Ora>9</Ora>
    <Italia>37420,961</Italia>
    <CNOR>4063,175</CNOR>
    <CSUD>5652,753</CSUD>
    <NORD>21032,373</NORD>
    <SARD>1254,692</SARD>
    <SICI>1971,541</SICI>
    <SUD>3446,427</SUD>
  </Fabbisogno>
  <Fabbisogno>
    <Data>20160513</Data>
    <Mercato>MGP</Mercato>
    <Ora>10</Ora>
    <Italia>39167,557</Italia>
    <CNOR>3916,574</CNOR>
    <CSUD>5648,567</CSUD>
    <NORD>23280,621</NORD>
    <SARD>1131,361</SARD>
    <SICI>1859,497</SICI>
    <SUD>3330,937</SUD>
  </Fabbisogno>
  <Fabbisogno>
    <Data>20160513</Data>
    <Mercato>MGP</Mercato>
    <Ora>11</Ora>
    <Italia>39316,899</Italia>
    <CNOR>3854,034</CNOR>
    <CSUD>5490,373</CSUD>
    <NORD>23897,528</NORD>
    <SARD>1038,787</SARD>
    <SICI>1805,059</SICI>
    <SUD>3231,118</SUD>
  </Fabbisogno>
  <Fabbisogno>
    <Data>20160513</Data>
    <Mercato>MGP</Mercato>
    <Ora>12</Ora>
    <Italia>39398,015</Italia>
    <CNOR>3850,377</CNOR>
    <CSUD>5604,294</CSUD>
    <NORD>23840,668</NORD>
    <SARD>1031,736</SARD>
    <SICI>1772,207</SICI>
    <SUD>3298,733</SUD>
  </Fabbisogno>
  <Fabbisogno>
    <Data>20160513</Data>
    <Mercato>MGP</Mercato>
    <Ora>13</Ora>
    <Italia>37414,167</Italia>
    <CNOR>3672,906</CNOR>
    <CSUD>5618,973</CSUD>
    <NORD>22041,906</NORD>
    <SARD>977,422</SARD>
    <SICI>1769,194</SICI>
    <SUD>3333,766</SUD>
  </Fabbisogno>
  <Fabbisogno>
    <Data>20160513</Data>
    <Mercato>MGP</Mercato>
    <Ora>14</Ora>
    <Italia>37042,805</Italia>
    <CNOR>3476,983</CNOR>
    <CSUD>5579,584</CSUD>
    <NORD>22110,499</NORD>
    <SARD>1003,13</SARD>
    <SICI>1693,489</SICI>
    <SUD>3179,12</SUD>
  </Fabbisogno>
  <Fabbisogno>
    <Data>20160513</Data>
    <Mercato>MGP</Mercato>
    <Ora>15</Ora>
    <Italia>37153,543</Italia>
    <CNOR>3582,926</CNOR>
    <CSUD>5241,183</CSUD>
    <NORD>22772,28</NORD>
    <SARD>883,038</SARD>
    <SICI>1639,462</SICI>
    <SUD>3034,654</SUD>
  </Fabbisogno>
  <Fabbisogno>
    <Data>20160513</Data>
    <Mercato>MGP</Mercato>
    <Ora>16</Ora>
    <Italia>37480,819</Italia>
    <CNOR>3640,335</CNOR>
    <CSUD>5325,288</CSUD>
    <NORD>22742,394</NORD>
    <SARD>954,396</SARD>
    <SICI>1641,063</SICI>
    <SUD>3177,343</SUD>
  </Fabbisogno>
  <Fabbisogno>
    <Data>20160513</Data>
    <Mercato>MGP</Mercato>
    <Ora>17</Ora>
    <Italia>37649,945</Italia>
    <CNOR>3754,111</CNOR>
    <CSUD>5470,054</CSUD>
    <NORD>22428,939</NORD>
    <SARD>971,47</SARD>
    <SICI>1771,263</SICI>
    <SUD>3254,108</SUD>
  </Fabbisogno>
  <Fabbisogno>
    <Data>20160513</Data>
    <Mercato>MGP</Mercato>
    <Ora>18</Ora>
    <Italia>35890,424</Italia>
    <CNOR>3831,437</CNOR>
    <CSUD>5621,338</CSUD>
    <NORD>20177,637</NORD>
    <SARD>1008,888</SARD>
    <SICI>1828,743</SICI>
    <SUD>3422,381</SUD>
  </Fabbisogno>
  <Fabbisogno>
    <Data>20160513</Data>
    <Mercato>MGP</Mercato>
    <Ora>19</Ora>
    <Italia>35564,75</Italia>
    <CNOR>4376,58</CNOR>
    <CSUD>6242,894</CSUD>
    <NORD>18053,296</NORD>
    <SARD>1094,083</SARD>
    <SICI>1906,202</SICI>
    <SUD>3891,695</SUD>
  </Fabbisogno>
  <Fabbisogno>
    <Data>20160513</Data>
    <Mercato>MGP</Mercato>
    <Ora>20</Ora>
    <Italia>35577,674</Italia>
    <CNOR>4470,498</CNOR>
    <CSUD>6395,751</CSUD>
    <NORD>17591,755</NORD>
    <SARD>1175,727</SARD>
    <SICI>1986,296</SICI>
    <SUD>3957,647</SUD>
  </Fabbisogno>
  <Fabbisogno>
    <Data>20160513</Data>
    <Mercato>MGP</Mercato>
    <Ora>21</Ora>
    <Italia>35811,32</Italia>
    <CNOR>4420,827</CNOR>
    <CSUD>6687,8</CSUD>
    <NORD>16882,511</NORD>
    <SARD>1262,934</SARD>
    <SICI>2296,502</SICI>
    <SUD>4260,746</SUD>
  </Fabbisogno>
  <Fabbisogno>
    <Data>20160513</Data>
    <Mercato>MGP</Mercato>
    <Ora>22</Ora>
    <Italia>35207,649</Italia>
    <CNOR>4472,794</CNOR>
    <CSUD>6484,555</CSUD>
    <NORD>16793,798</NORD>
    <SARD>1203,542</SARD>
    <SICI>2119,22</SICI>
    <SUD>4133,74</SUD>
  </Fabbisogno>
  <Fabbisogno>
    <Data>20160513</Data>
    <Mercato>MGP</Mercato>
    <Ora>23</Ora>
    <Italia>32068,893</Italia>
    <CNOR>4217,128</CNOR>
    <CSUD>6132,901</CSUD>
    <NORD>14836,344</NORD>
    <SARD>1184,618</SARD>
    <SICI>1952,632</SICI>
    <SUD>3745,27</SUD>
  </Fabbisogno>
  <Fabbisogno>
    <Data>20160513</Data>
    <Mercato>MGP</Mercato>
    <Ora>24</Ora>
    <Italia>28955,002</Italia>
    <CNOR>3809,608</CNOR>
    <CSUD>5558,808</CSUD>
    <NORD>13297,463</NORD>
    <SARD>1061,386</SARD>
    <SICI>1852,976</SICI>
    <SUD>3374,761</SUD>
  </Fabbisogno>
</NewDataSet>