<?xml version="1.0" standalone="yes"?>
<NewDataSet>
  <xs:schema id="NewDataSet" xmlns="" xmlns:xs="http://www.w3.org/2001/XMLSchema" xmlns:msdata="urn:schemas-microsoft-com:xml-msdata">
    <xs:element name="NewDataSet" msdata:IsDataSet="true" msdata:UseCurrentLocale="true">
      <xs:complexType>
        <xs:choice minOccurs="0" maxOccurs="unbounded">
          <xs:element name="Fabbisogno">
            <xs:complexType>
              <xs:sequence>
                <xs:element name="Data" type="xs:string" minOccurs="0" />
                <xs:element name="Mercato" type="xs:string" minOccurs="0" />
                <xs:element name="Ora" type="xs:string" minOccurs="0" />
                <xs:element name="Italia" type="xs:string" minOccurs="0" />
                <xs:element name="CNOR" type="xs:string" minOccurs="0" />
                <xs:element name="CSUD" type="xs:string" minOccurs="0" />
                <xs:element name="NORD" type="xs:string" minOccurs="0" />
                <xs:element name="SARD" type="xs:string" minOccurs="0" />
                <xs:element name="SICI" type="xs:string" minOccurs="0" />
                <xs:element name="SUD" type="xs:string" minOccurs="0" />
              </xs:sequence>
            </xs:complexType>
          </xs:element>
        </xs:choice>
      </xs:complexType>
    </xs:element>
  </xs:schema>
  <Fabbisogno>
    <Data>20160520</Data>
    <Mercato>MGP</Mercato>
    <Ora>1</Ora>
    <Italia>27319,956</Italia>
    <CNOR>3601,28</CNOR>
    <CSUD>4993,753</CSUD>
    <NORD>13063,8</NORD>
    <SARD>1048,666</SARD>
    <SICI>1566,535</SICI>
    <SUD>3045,922</SUD>
  </Fabbisogno>
  <Fabbisogno>
    <Data>20160520</Data>
    <Mercato>MGP</Mercato>
    <Ora>2</Ora>
    <Italia>25923,147</Italia>
    <CNOR>3386,715</CNOR>
    <CSUD>4767,077</CSUD>
    <NORD>12366,559</NORD>
    <SARD>1023,918</SARD>
    <SICI>1405,212</SICI>
    <SUD>2973,666</SUD>
  </Fabbisogno>
  <Fabbisogno>
    <Data>20160520</Data>
    <Mercato>MGP</Mercato>
    <Ora>3</Ora>
    <Italia>25237,898</Italia>
    <CNOR>3278,899</CNOR>
    <CSUD>4522,626</CSUD>
    <NORD>12214,374</NORD>
    <SARD>1002,796</SARD>
    <SICI>1325,659</SICI>
    <SUD>2893,544</SUD>
  </Fabbisogno>
  <Fabbisogno>
    <Data>20160520</Data>
    <Mercato>MGP</Mercato>
    <Ora>4</Ora>
    <Italia>24784,457</Italia>
    <CNOR>3212,581</CNOR>
    <CSUD>4544,771</CSUD>
    <NORD>11894,067</NORD>
    <SARD>991,07</SARD>
    <SICI>1303,763</SICI>
    <SUD>2838,205</SUD>
  </Fabbisogno>
  <Fabbisogno>
    <Data>20160520</Data>
    <Mercato>MGP</Mercato>
    <Ora>5</Ora>
    <Italia>25161,87</Italia>
    <CNOR>3267,053</CNOR>
    <CSUD>4570,112</CSUD>
    <NORD>12168,129</NORD>
    <SARD>992,438</SARD>
    <SICI>1311,962</SICI>
    <SUD>2852,176</SUD>
  </Fabbisogno>
  <Fabbisogno>
    <Data>20160520</Data>
    <Mercato>MGP</Mercato>
    <Ora>6</Ora>
    <Italia>25682,382</Italia>
    <CNOR>3262,506</CNOR>
    <CSUD>4510,266</CSUD>
    <NORD>12574,122</NORD>
    <SARD>978,218</SARD>
    <SICI>1383,969</SICI>
    <SUD>2973,301</SUD>
  </Fabbisogno>
  <Fabbisogno>
    <Data>20160520</Data>
    <Mercato>MGP</Mercato>
    <Ora>7</Ora>
    <Italia>27658,819</Italia>
    <CNOR>3398,027</CNOR>
    <CSUD>4637,171</CSUD>
    <NORD>14303,884</NORD>
    <SARD>910,536</SARD>
    <SICI>1439,305</SICI>
    <SUD>2969,896</SUD>
  </Fabbisogno>
  <Fabbisogno>
    <Data>20160520</Data>
    <Mercato>MGP</Mercato>
    <Ora>8</Ora>
    <Italia>33853,948</Italia>
    <CNOR>3838,978</CNOR>
    <CSUD>5390,867</CSUD>
    <NORD>18542,376</NORD>
    <SARD>1040,396</SARD>
    <SICI>1729,094</SICI>
    <SUD>3312,237</SUD>
  </Fabbisogno>
  <Fabbisogno>
    <Data>20160520</Data>
    <Mercato>MGP</Mercato>
    <Ora>9</Ora>
    <Italia>37465,826</Italia>
    <CNOR>4045,521</CNOR>
    <CSUD>5632,11</CSUD>
    <NORD>21207,539</NORD>
    <SARD>1182,695</SARD>
    <SICI>1905,862</SICI>
    <SUD>3492,099</SUD>
  </Fabbisogno>
  <Fabbisogno>
    <Data>20160520</Data>
    <Mercato>MGP</Mercato>
    <Ora>10</Ora>
    <Italia>37835,702</Italia>
    <CNOR>3838,836</CNOR>
    <CSUD>5636,692</CSUD>
    <NORD>21932,387</NORD>
    <SARD>1039,27</SARD>
    <SICI>1884,746</SICI>
    <SUD>3503,771</SUD>
  </Fabbisogno>
  <Fabbisogno>
    <Data>20160520</Data>
    <Mercato>MGP</Mercato>
    <Ora>11</Ora>
    <Italia>37963,925</Italia>
    <CNOR>3757,349</CNOR>
    <CSUD>5563,319</CSUD>
    <NORD>22359,094</NORD>
    <SARD>1000,691</SARD>
    <SICI>1809,209</SICI>
    <SUD>3474,263</SUD>
  </Fabbisogno>
  <Fabbisogno>
    <Data>20160520</Data>
    <Mercato>MGP</Mercato>
    <Ora>12</Ora>
    <Italia>37041,829</Italia>
    <CNOR>3703,246</CNOR>
    <CSUD>5405,043</CSUD>
    <NORD>21842,45</NORD>
    <SARD>962,4</SARD>
    <SICI>1759,276</SICI>
    <SUD>3369,414</SUD>
  </Fabbisogno>
  <Fabbisogno>
    <Data>20160520</Data>
    <Mercato>MGP</Mercato>
    <Ora>13</Ora>
    <Italia>36113,991</Italia>
    <CNOR>3379,143</CNOR>
    <CSUD>5705,715</CSUD>
    <NORD>20898,807</NORD>
    <SARD>968,613</SARD>
    <SICI>1752,839</SICI>
    <SUD>3408,874</SUD>
  </Fabbisogno>
  <Fabbisogno>
    <Data>20160520</Data>
    <Mercato>MGP</Mercato>
    <Ora>14</Ora>
    <Italia>35486,267</Italia>
    <CNOR>3233,757</CNOR>
    <CSUD>5347,862</CSUD>
    <NORD>21035,534</NORD>
    <SARD>903,613</SARD>
    <SICI>1696,182</SICI>
    <SUD>3269,319</SUD>
  </Fabbisogno>
  <Fabbisogno>
    <Data>20160520</Data>
    <Mercato>MGP</Mercato>
    <Ora>15</Ora>
    <Italia>36188,301</Italia>
    <CNOR>3470,889</CNOR>
    <CSUD>5255,041</CSUD>
    <NORD>21878,533</NORD>
    <SARD>853,171</SARD>
    <SICI>1642,704</SICI>
    <SUD>3087,963</SUD>
  </Fabbisogno>
  <Fabbisogno>
    <Data>20160520</Data>
    <Mercato>MGP</Mercato>
    <Ora>16</Ora>
    <Italia>36632,299</Italia>
    <CNOR>3594,423</CNOR>
    <CSUD>5337,765</CSUD>
    <NORD>22004,8</NORD>
    <SARD>872,406</SARD>
    <SICI>1665,554</SICI>
    <SUD>3157,351</SUD>
  </Fabbisogno>
  <Fabbisogno>
    <Data>20160520</Data>
    <Mercato>MGP</Mercato>
    <Ora>17</Ora>
    <Italia>36566,871</Italia>
    <CNOR>3648,195</CNOR>
    <CSUD>5605,278</CSUD>
    <NORD>21372,748</NORD>
    <SARD>895,158</SARD>
    <SICI>1756,794</SICI>
    <SUD>3288,698</SUD>
  </Fabbisogno>
  <Fabbisogno>
    <Data>20160520</Data>
    <Mercato>MGP</Mercato>
    <Ora>18</Ora>
    <Italia>35349,161</Italia>
    <CNOR>3869,649</CNOR>
    <CSUD>5730,52</CSUD>
    <NORD>19558,748</NORD>
    <SARD>983,087</SARD>
    <SICI>1868,53</SICI>
    <SUD>3338,627</SUD>
  </Fabbisogno>
  <Fabbisogno>
    <Data>20160520</Data>
    <Mercato>MGP</Mercato>
    <Ora>19</Ora>
    <Italia>36320,37</Italia>
    <CNOR>4461,847</CNOR>
    <CSUD>6406,931</CSUD>
    <NORD>18395,029</NORD>
    <SARD>1158,789</SARD>
    <SICI>1951,622</SICI>
    <SUD>3946,152</SUD>
  </Fabbisogno>
  <Fabbisogno>
    <Data>20160520</Data>
    <Mercato>MGP</Mercato>
    <Ora>20</Ora>
    <Italia>35415,798</Italia>
    <CNOR>4392,311</CNOR>
    <CSUD>6438,878</CSUD>
    <NORD>17584,481</NORD>
    <SARD>1117,383</SARD>
    <SICI>2066,598</SICI>
    <SUD>3816,147</SUD>
  </Fabbisogno>
  <Fabbisogno>
    <Data>20160520</Data>
    <Mercato>MGP</Mercato>
    <Ora>21</Ora>
    <Italia>36048,878</Italia>
    <CNOR>4413,327</CNOR>
    <CSUD>6756,264</CSUD>
    <NORD>17203,367</NORD>
    <SARD>1161,58</SARD>
    <SICI>2274,359</SICI>
    <SUD>4239,981</SUD>
  </Fabbisogno>
  <Fabbisogno>
    <Data>20160520</Data>
    <Mercato>MGP</Mercato>
    <Ora>22</Ora>
    <Italia>35419,608</Italia>
    <CNOR>4406,344</CNOR>
    <CSUD>6544,379</CSUD>
    <NORD>17066,917</NORD>
    <SARD>1169,406</SARD>
    <SICI>2138,637</SICI>
    <SUD>4093,925</SUD>
  </Fabbisogno>
  <Fabbisogno>
    <Data>20160520</Data>
    <Mercato>MGP</Mercato>
    <Ora>23</Ora>
    <Italia>32450,331</Italia>
    <CNOR>4078,772</CNOR>
    <CSUD>6120,856</CSUD>
    <NORD>15325,308</NORD>
    <SARD>1069,312</SARD>
    <SICI>1991,227</SICI>
    <SUD>3864,856</SUD>
  </Fabbisogno>
  <Fabbisogno>
    <Data>20160520</Data>
    <Mercato>MGP</Mercato>
    <Ora>24</Ora>
    <Italia>29708,491</Italia>
    <CNOR>3735,426</CNOR>
    <CSUD>5586,566</CSUD>
    <NORD>13901,075</NORD>
    <SARD>1082,074</SARD>
    <SICI>1852,316</SICI>
    <SUD>3551,034</SUD>
  </Fabbisogno>
</NewDataSet>