<?xml version="1.0" standalone="yes"?>
<NewDataSet>
  <xs:schema id="NewDataSet" xmlns="" xmlns:xs="http://www.w3.org/2001/XMLSchema" xmlns:msdata="urn:schemas-microsoft-com:xml-msdata">
    <xs:element name="NewDataSet" msdata:IsDataSet="true" msdata:UseCurrentLocale="true">
      <xs:complexType>
        <xs:choice minOccurs="0" maxOccurs="unbounded">
          <xs:element name="Fabbisogno">
            <xs:complexType>
              <xs:sequence>
                <xs:element name="Data" type="xs:string" minOccurs="0" />
                <xs:element name="Mercato" type="xs:string" minOccurs="0" />
                <xs:element name="Ora" type="xs:string" minOccurs="0" />
                <xs:element name="Italia" type="xs:string" minOccurs="0" />
                <xs:element name="CNOR" type="xs:string" minOccurs="0" />
                <xs:element name="CSUD" type="xs:string" minOccurs="0" />
                <xs:element name="NORD" type="xs:string" minOccurs="0" />
                <xs:element name="SARD" type="xs:string" minOccurs="0" />
                <xs:element name="SICI" type="xs:string" minOccurs="0" />
                <xs:element name="SUD" type="xs:string" minOccurs="0" />
              </xs:sequence>
            </xs:complexType>
          </xs:element>
        </xs:choice>
      </xs:complexType>
    </xs:element>
  </xs:schema>
  <Fabbisogno>
    <Data>20160530</Data>
    <Mercato>MGP</Mercato>
    <Ora>1</Ora>
    <Italia>23583,858</Italia>
    <CNOR>3316,297</CNOR>
    <CSUD>4454,934</CSUD>
    <NORD>10523,043</NORD>
    <SARD>1014,371</SARD>
    <SICI>1669,924</SICI>
    <SUD>2605,289</SUD>
  </Fabbisogno>
  <Fabbisogno>
    <Data>20160530</Data>
    <Mercato>MGP</Mercato>
    <Ora>2</Ora>
    <Italia>22239,269</Italia>
    <CNOR>3184,388</CNOR>
    <CSUD>4179,847</CSUD>
    <NORD>9933,223</NORD>
    <SARD>1019,948</SARD>
    <SICI>1461,251</SICI>
    <SUD>2460,612</SUD>
  </Fabbisogno>
  <Fabbisogno>
    <Data>20160530</Data>
    <Mercato>MGP</Mercato>
    <Ora>3</Ora>
    <Italia>21560,159</Italia>
    <CNOR>3072,043</CNOR>
    <CSUD>3987,435</CSUD>
    <NORD>9772,895</NORD>
    <SARD>973,939</SARD>
    <SICI>1383,278</SICI>
    <SUD>2370,569</SUD>
  </Fabbisogno>
  <Fabbisogno>
    <Data>20160530</Data>
    <Mercato>MGP</Mercato>
    <Ora>4</Ora>
    <Italia>21465,955</Italia>
    <CNOR>3043,05</CNOR>
    <CSUD>4038,048</CSUD>
    <NORD>9708,343</NORD>
    <SARD>975,866</SARD>
    <SICI>1341,436</SICI>
    <SUD>2359,212</SUD>
  </Fabbisogno>
  <Fabbisogno>
    <Data>20160530</Data>
    <Mercato>MGP</Mercato>
    <Ora>5</Ora>
    <Italia>21664,791</Italia>
    <CNOR>3043,134</CNOR>
    <CSUD>4003,486</CSUD>
    <NORD>9926,069</NORD>
    <SARD>983,863</SARD>
    <SICI>1346,864</SICI>
    <SUD>2361,375</SUD>
  </Fabbisogno>
  <Fabbisogno>
    <Data>20160530</Data>
    <Mercato>MGP</Mercato>
    <Ora>6</Ora>
    <Italia>22529,339</Italia>
    <CNOR>3167,054</CNOR>
    <CSUD>4075,779</CSUD>
    <NORD>10636,621</NORD>
    <SARD>995,237</SARD>
    <SICI>1360,895</SICI>
    <SUD>2293,753</SUD>
  </Fabbisogno>
  <Fabbisogno>
    <Data>20160530</Data>
    <Mercato>MGP</Mercato>
    <Ora>7</Ora>
    <Italia>26016,05</Italia>
    <CNOR>3371,532</CNOR>
    <CSUD>4466,632</CSUD>
    <NORD>13332,528</NORD>
    <SARD>927,537</SARD>
    <SICI>1467,937</SICI>
    <SUD>2449,884</SUD>
  </Fabbisogno>
  <Fabbisogno>
    <Data>20160530</Data>
    <Mercato>MGP</Mercato>
    <Ora>8</Ora>
    <Italia>30951,672</Italia>
    <CNOR>3851,339</CNOR>
    <CSUD>5168,07</CSUD>
    <NORD>16493,579</NORD>
    <SARD>1022,007</SARD>
    <SICI>1673,302</SICI>
    <SUD>2743,375</SUD>
  </Fabbisogno>
  <Fabbisogno>
    <Data>20160530</Data>
    <Mercato>MGP</Mercato>
    <Ora>9</Ora>
    <Italia>35199,25</Italia>
    <CNOR>4316,087</CNOR>
    <CSUD>5604,246</CSUD>
    <NORD>19403,569</NORD>
    <SARD>1082,965</SARD>
    <SICI>1915,063</SICI>
    <SUD>2877,32</SUD>
  </Fabbisogno>
  <Fabbisogno>
    <Data>20160530</Data>
    <Mercato>MGP</Mercato>
    <Ora>10</Ora>
    <Italia>36858,436</Italia>
    <CNOR>4139,331</CNOR>
    <CSUD>5641,842</CSUD>
    <NORD>21218,226</NORD>
    <SARD>1019,155</SARD>
    <SICI>1929,994</SICI>
    <SUD>2909,888</SUD>
  </Fabbisogno>
  <Fabbisogno>
    <Data>20160530</Data>
    <Mercato>MGP</Mercato>
    <Ora>11</Ora>
    <Italia>36705,433</Italia>
    <CNOR>3986,783</CNOR>
    <CSUD>5618,428</CSUD>
    <NORD>21435,642</NORD>
    <SARD>989,119999999999</SARD>
    <SICI>1907,441</SICI>
    <SUD>2768,019</SUD>
  </Fabbisogno>
  <Fabbisogno>
    <Data>20160530</Data>
    <Mercato>MGP</Mercato>
    <Ora>12</Ora>
    <Italia>36390,247</Italia>
    <CNOR>3968,421</CNOR>
    <CSUD>5593,959</CSUD>
    <NORD>21227,759</NORD>
    <SARD>968,853</SARD>
    <SICI>1895,718</SICI>
    <SUD>2735,537</SUD>
  </Fabbisogno>
  <Fabbisogno>
    <Data>20160530</Data>
    <Mercato>MGP</Mercato>
    <Ora>13</Ora>
    <Italia>35299,537</Italia>
    <CNOR>3672,287</CNOR>
    <CSUD>5821,556</CSUD>
    <NORD>20104,454</NORD>
    <SARD>1049,831</SARD>
    <SICI>1881,7</SICI>
    <SUD>2769,709</SUD>
  </Fabbisogno>
  <Fabbisogno>
    <Data>20160530</Data>
    <Mercato>MGP</Mercato>
    <Ora>14</Ora>
    <Italia>34404,71</Italia>
    <CNOR>3509,641</CNOR>
    <CSUD>5351,41</CSUD>
    <NORD>20267,793</NORD>
    <SARD>920,776</SARD>
    <SICI>1810,295</SICI>
    <SUD>2544,795</SUD>
  </Fabbisogno>
  <Fabbisogno>
    <Data>20160530</Data>
    <Mercato>MGP</Mercato>
    <Ora>15</Ora>
    <Italia>35528,104</Italia>
    <CNOR>3752,155</CNOR>
    <CSUD>5350,669</CSUD>
    <NORD>21259,895</NORD>
    <SARD>909,388</SARD>
    <SICI>1787,562</SICI>
    <SUD>2468,435</SUD>
  </Fabbisogno>
  <Fabbisogno>
    <Data>20160530</Data>
    <Mercato>MGP</Mercato>
    <Ora>16</Ora>
    <Italia>35981,171</Italia>
    <CNOR>3815,276</CNOR>
    <CSUD>5398,959</CSUD>
    <NORD>21522,907</NORD>
    <SARD>916,86</SARD>
    <SICI>1814,725</SICI>
    <SUD>2512,444</SUD>
  </Fabbisogno>
  <Fabbisogno>
    <Data>20160530</Data>
    <Mercato>MGP</Mercato>
    <Ora>17</Ora>
    <Italia>35115,596</Italia>
    <CNOR>3999,089</CNOR>
    <CSUD>5646,082</CSUD>
    <NORD>19924,838</NORD>
    <SARD>937,114</SARD>
    <SICI>1885,629</SICI>
    <SUD>2722,844</SUD>
  </Fabbisogno>
  <Fabbisogno>
    <Data>20160530</Data>
    <Mercato>MGP</Mercato>
    <Ora>18</Ora>
    <Italia>34317,536</Italia>
    <CNOR>4055,757</CNOR>
    <CSUD>5550,761</CSUD>
    <NORD>19056,781</NORD>
    <SARD>974,831</SARD>
    <SICI>1920,05</SICI>
    <SUD>2759,356</SUD>
  </Fabbisogno>
  <Fabbisogno>
    <Data>20160530</Data>
    <Mercato>MGP</Mercato>
    <Ora>19</Ora>
    <Italia>34888,159</Italia>
    <CNOR>4576,248</CNOR>
    <CSUD>6016,594</CSUD>
    <NORD>18062,528</NORD>
    <SARD>1083,103</SARD>
    <SICI>1983,254</SICI>
    <SUD>3166,432</SUD>
  </Fabbisogno>
  <Fabbisogno>
    <Data>20160530</Data>
    <Mercato>MGP</Mercato>
    <Ora>20</Ora>
    <Italia>34608,208</Italia>
    <CNOR>4522,744</CNOR>
    <CSUD>6035,487</CSUD>
    <NORD>17678,457</NORD>
    <SARD>1068,803</SARD>
    <SICI>2110,77</SICI>
    <SUD>3191,947</SUD>
  </Fabbisogno>
  <Fabbisogno>
    <Data>20160530</Data>
    <Mercato>MGP</Mercato>
    <Ora>21</Ora>
    <Italia>35182,729</Italia>
    <CNOR>4526,518</CNOR>
    <CSUD>6356,525</CSUD>
    <NORD>17318,167</NORD>
    <SARD>1110,187</SARD>
    <SICI>2414,332</SICI>
    <SUD>3457</SUD>
  </Fabbisogno>
  <Fabbisogno>
    <Data>20160530</Data>
    <Mercato>MGP</Mercato>
    <Ora>22</Ora>
    <Italia>34503,027</Italia>
    <CNOR>4382,878</CNOR>
    <CSUD>6108,129</CSUD>
    <NORD>17362,297</NORD>
    <SARD>1110,233</SARD>
    <SICI>2217,381</SICI>
    <SUD>3322,109</SUD>
  </Fabbisogno>
  <Fabbisogno>
    <Data>20160530</Data>
    <Mercato>MGP</Mercato>
    <Ora>23</Ora>
    <Italia>32370,48</Italia>
    <CNOR>4233,98</CNOR>
    <CSUD>5844,284</CSUD>
    <NORD>15854,473</NORD>
    <SARD>1054,558</SARD>
    <SICI>2189,94</SICI>
    <SUD>3193,245</SUD>
  </Fabbisogno>
  <Fabbisogno>
    <Data>20160530</Data>
    <Mercato>MGP</Mercato>
    <Ora>24</Ora>
    <Italia>28989,426</Italia>
    <CNOR>3784,333</CNOR>
    <CSUD>5368,391</CSUD>
    <NORD>14013,775</NORD>
    <SARD>1049,385</SARD>
    <SICI>1859,438</SICI>
    <SUD>2914,104</SUD>
  </Fabbisogno>
</NewDataSet>