<?xml version="1.0" standalone="yes"?>
<NewDataSet>
  <xs:schema id="NewDataSet" xmlns="" xmlns:xs="http://www.w3.org/2001/XMLSchema" xmlns:msdata="urn:schemas-microsoft-com:xml-msdata">
    <xs:element name="NewDataSet" msdata:IsDataSet="true" msdata:MainDataTable="marketintervaldetail" msdata:UseCurrentLocale="true">
      <xs:complexType>
        <xs:choice minOccurs="0" maxOccurs="unbounded">
          <xs:element name="marketintervaldetail">
            <xs:complexType>
              <xs:sequence>
                <xs:element name="Data" type="xs:string" minOccurs="0" />
                <xs:element name="Mercato" type="xs:string" minOccurs="0" />
                <xs:element name="Ora" type="xs:string" minOccurs="0" />
                <xs:element name="Totale" type="xs:string" minOccurs="0" />
                <xs:element name="CNOR" type="xs:string" minOccurs="0" />
                <xs:element name="CSUD" type="xs:string" minOccurs="0" />
                <xs:element name="NORD" type="xs:string" minOccurs="0" />
                <xs:element name="SARD" type="xs:string" minOccurs="0" />
                <xs:element name="SICI" type="xs:string" minOccurs="0" />
                <xs:element name="SUD" type="xs:string" minOccurs="0" />
              </xs:sequence>
            </xs:complexType>
          </xs:element>
        </xs:choice>
      </xs:complexType>
    </xs:element>
  </xs:schema>
  <marketintervaldetail>
    <Data>20150510</Data>
    <Mercato>MGP</Mercato>
    <Ora>01</Ora>
    <Totale>23165</Totale>
    <CNOR>2523</CNOR>
    <CSUD>4029</CSUD>
    <NORD>11980</NORD>
    <SARD>829</SARD>
    <SICI>1710</SICI>
    <SUD>2094</SUD>
  </marketintervaldetail>
  <marketintervaldetail>
    <Data>20150510</Data>
    <Mercato>MGP</Mercato>
    <Ora>02</Ora>
    <Totale>21303</Totale>
    <CNOR>2415</CNOR>
    <CSUD>3615</CSUD>
    <NORD>10926</NORD>
    <SARD>778</SARD>
    <SICI>1570</SICI>
    <SUD>1999</SUD>
  </marketintervaldetail>
  <marketintervaldetail>
    <Data>20150510</Data>
    <Mercato>MGP</Mercato>
    <Ora>03</Ora>
    <Totale>20223</Totale>
    <CNOR>2327</CNOR>
    <CSUD>3376</CSUD>
    <NORD>10362</NORD>
    <SARD>765</SARD>
    <SICI>1472</SICI>
    <SUD>1921</SUD>
  </marketintervaldetail>
  <marketintervaldetail>
    <Data>20150510</Data>
    <Mercato>MGP</Mercato>
    <Ora>04</Ora>
    <Totale>19657</Totale>
    <CNOR>2254</CNOR>
    <CSUD>3302</CSUD>
    <NORD>10070</NORD>
    <SARD>752</SARD>
    <SICI>1423</SICI>
    <SUD>1856</SUD>
  </marketintervaldetail>
  <marketintervaldetail>
    <Data>20150510</Data>
    <Mercato>MGP</Mercato>
    <Ora>05</Ora>
    <Totale>19550</Totale>
    <CNOR>2203</CNOR>
    <CSUD>3283</CSUD>
    <NORD>10052</NORD>
    <SARD>757</SARD>
    <SICI>1413</SICI>
    <SUD>1842</SUD>
  </marketintervaldetail>
  <marketintervaldetail>
    <Data>20150510</Data>
    <Mercato>MGP</Mercato>
    <Ora>06</Ora>
    <Totale>19350</Totale>
    <CNOR>2186</CNOR>
    <CSUD>3235</CSUD>
    <NORD>9929</NORD>
    <SARD>765</SARD>
    <SICI>1450</SICI>
    <SUD>1785</SUD>
  </marketintervaldetail>
  <marketintervaldetail>
    <Data>20150510</Data>
    <Mercato>MGP</Mercato>
    <Ora>07</Ora>
    <Totale>18765</Totale>
    <CNOR>2042</CNOR>
    <CSUD>3101</CSUD>
    <NORD>9689</NORD>
    <SARD>738</SARD>
    <SICI>1415</SICI>
    <SUD>1780</SUD>
  </marketintervaldetail>
  <marketintervaldetail>
    <Data>20150510</Data>
    <Mercato>MGP</Mercato>
    <Ora>08</Ora>
    <Totale>20206</Totale>
    <CNOR>2174</CNOR>
    <CSUD>3500</CSUD>
    <NORD>10193</NORD>
    <SARD>788</SARD>
    <SICI>1628</SICI>
    <SUD>1923</SUD>
  </marketintervaldetail>
  <marketintervaldetail>
    <Data>20150510</Data>
    <Mercato>MGP</Mercato>
    <Ora>09</Ora>
    <Totale>22531</Totale>
    <CNOR>2321</CNOR>
    <CSUD>4007</CSUD>
    <NORD>11432</NORD>
    <SARD>850</SARD>
    <SICI>1859</SICI>
    <SUD>2062</SUD>
  </marketintervaldetail>
  <marketintervaldetail>
    <Data>20150510</Data>
    <Mercato>MGP</Mercato>
    <Ora>10</Ora>
    <Totale>24276</Totale>
    <CNOR>2403</CNOR>
    <CSUD>4423</CSUD>
    <NORD>12255</NORD>
    <SARD>890</SARD>
    <SICI>1985</SICI>
    <SUD>2320</SUD>
  </marketintervaldetail>
  <marketintervaldetail>
    <Data>20150510</Data>
    <Mercato>MGP</Mercato>
    <Ora>11</Ora>
    <Totale>24983</Totale>
    <CNOR>2519</CNOR>
    <CSUD>4574</CSUD>
    <NORD>12541</NORD>
    <SARD>892</SARD>
    <SICI>1976</SICI>
    <SUD>2481</SUD>
  </marketintervaldetail>
  <marketintervaldetail>
    <Data>20150510</Data>
    <Mercato>MGP</Mercato>
    <Ora>12</Ora>
    <Totale>25291</Totale>
    <CNOR>2617</CNOR>
    <CSUD>4473</CSUD>
    <NORD>12980</NORD>
    <SARD>898</SARD>
    <SICI>1959</SICI>
    <SUD>2364</SUD>
  </marketintervaldetail>
  <marketintervaldetail>
    <Data>20150510</Data>
    <Mercato>MGP</Mercato>
    <Ora>13</Ora>
    <Totale>25053</Totale>
    <CNOR>2657</CNOR>
    <CSUD>4571</CSUD>
    <NORD>12556</NORD>
    <SARD>901</SARD>
    <SICI>1948</SICI>
    <SUD>2420</SUD>
  </marketintervaldetail>
  <marketintervaldetail>
    <Data>20150510</Data>
    <Mercato>MGP</Mercato>
    <Ora>14</Ora>
    <Totale>23679</Totale>
    <CNOR>2466</CNOR>
    <CSUD>4509</CSUD>
    <NORD>11793</NORD>
    <SARD>860</SARD>
    <SICI>1792</SICI>
    <SUD>2259</SUD>
  </marketintervaldetail>
  <marketintervaldetail>
    <Data>20150510</Data>
    <Mercato>MGP</Mercato>
    <Ora>15</Ora>
    <Totale>23228</Totale>
    <CNOR>2338</CNOR>
    <CSUD>4496</CSUD>
    <NORD>11752</NORD>
    <SARD>811</SARD>
    <SICI>1715</SICI>
    <SUD>2116</SUD>
  </marketintervaldetail>
  <marketintervaldetail>
    <Data>20150510</Data>
    <Mercato>MGP</Mercato>
    <Ora>16</Ora>
    <Totale>23168</Totale>
    <CNOR>2285</CNOR>
    <CSUD>4427</CSUD>
    <NORD>11746</NORD>
    <SARD>779</SARD>
    <SICI>1752</SICI>
    <SUD>2179</SUD>
  </marketintervaldetail>
  <marketintervaldetail>
    <Data>20150510</Data>
    <Mercato>MGP</Mercato>
    <Ora>17</Ora>
    <Totale>22784</Totale>
    <CNOR>2324</CNOR>
    <CSUD>4340</CSUD>
    <NORD>11433</NORD>
    <SARD>789</SARD>
    <SICI>1783</SICI>
    <SUD>2115</SUD>
  </marketintervaldetail>
  <marketintervaldetail>
    <Data>20150510</Data>
    <Mercato>MGP</Mercato>
    <Ora>18</Ora>
    <Totale>23459</Totale>
    <CNOR>2384</CNOR>
    <CSUD>4365</CSUD>
    <NORD>11904</NORD>
    <SARD>825</SARD>
    <SICI>1871</SICI>
    <SUD>2110</SUD>
  </marketintervaldetail>
  <marketintervaldetail>
    <Data>20150510</Data>
    <Mercato>MGP</Mercato>
    <Ora>19</Ora>
    <Totale>24441</Totale>
    <CNOR>2472</CNOR>
    <CSUD>4355</CSUD>
    <NORD>12580</NORD>
    <SARD>861</SARD>
    <SICI>1936</SICI>
    <SUD>2237</SUD>
  </marketintervaldetail>
  <marketintervaldetail>
    <Data>20150510</Data>
    <Mercato>MGP</Mercato>
    <Ora>20</Ora>
    <Totale>25702</Totale>
    <CNOR>2672</CNOR>
    <CSUD>4622</CSUD>
    <NORD>13201</NORD>
    <SARD>892</SARD>
    <SICI>1975</SICI>
    <SUD>2340</SUD>
  </marketintervaldetail>
  <marketintervaldetail>
    <Data>20150510</Data>
    <Mercato>MGP</Mercato>
    <Ora>21</Ora>
    <Totale>28403</Totale>
    <CNOR>2977</CNOR>
    <CSUD>5229</CSUD>
    <NORD>14239</NORD>
    <SARD>992</SARD>
    <SICI>2220</SICI>
    <SUD>2746</SUD>
  </marketintervaldetail>
  <marketintervaldetail>
    <Data>20150510</Data>
    <Mercato>MGP</Mercato>
    <Ora>22</Ora>
    <Totale>28917</Totale>
    <CNOR>3029</CNOR>
    <CSUD>5250</CSUD>
    <NORD>14738</NORD>
    <SARD>995</SARD>
    <SICI>2200</SICI>
    <SUD>2705</SUD>
  </marketintervaldetail>
  <marketintervaldetail>
    <Data>20150510</Data>
    <Mercato>MGP</Mercato>
    <Ora>23</Ora>
    <Totale>27096</Totale>
    <CNOR>2849</CNOR>
    <CSUD>4893</CSUD>
    <NORD>13867</NORD>
    <SARD>929</SARD>
    <SICI>2035</SICI>
    <SUD>2523</SUD>
  </marketintervaldetail>
  <marketintervaldetail>
    <Data>20150510</Data>
    <Mercato>MGP</Mercato>
    <Ora>24</Ora>
    <Totale>24525</Totale>
    <CNOR>2528</CNOR>
    <CSUD>4466</CSUD>
    <NORD>12535</NORD>
    <SARD>867</SARD>
    <SICI>1845</SICI>
    <SUD>2284</SUD>
  </marketintervaldetail>
</NewDataSet>