<?xml version="1.0" standalone="yes"?>
<NewDataSet>
  <xs:schema id="NewDataSet" xmlns="" xmlns:xs="http://www.w3.org/2001/XMLSchema" xmlns:msdata="urn:schemas-microsoft-com:xml-msdata">
    <xs:element name="NewDataSet" msdata:IsDataSet="true" msdata:MainDataTable="marketintervaldetail" msdata:UseCurrentLocale="true">
      <xs:complexType>
        <xs:choice minOccurs="0" maxOccurs="unbounded">
          <xs:element name="marketintervaldetail">
            <xs:complexType>
              <xs:sequence>
                <xs:element name="Data" type="xs:string" minOccurs="0" />
                <xs:element name="Mercato" type="xs:string" minOccurs="0" />
                <xs:element name="Ora" type="xs:string" minOccurs="0" />
                <xs:element name="Totale" type="xs:string" minOccurs="0" />
                <xs:element name="CNOR" type="xs:string" minOccurs="0" />
                <xs:element name="CSUD" type="xs:string" minOccurs="0" />
                <xs:element name="NORD" type="xs:string" minOccurs="0" />
                <xs:element name="SARD" type="xs:string" minOccurs="0" />
                <xs:element name="SICI" type="xs:string" minOccurs="0" />
                <xs:element name="SUD" type="xs:string" minOccurs="0" />
              </xs:sequence>
            </xs:complexType>
          </xs:element>
        </xs:choice>
      </xs:complexType>
    </xs:element>
  </xs:schema>
  <marketintervaldetail>
    <Data>20150530</Data>
    <Mercato>MGP</Mercato>
    <Ora>01</Ora>
    <Totale>27156</Totale>
    <CNOR>2770</CNOR>
    <CSUD>4311</CSUD>
    <NORD>15492</NORD>
    <SARD>818</SARD>
    <SICI>1552</SICI>
    <SUD>2213</SUD>
  </marketintervaldetail>
  <marketintervaldetail>
    <Data>20150530</Data>
    <Mercato>MGP</Mercato>
    <Ora>02</Ora>
    <Totale>25380</Totale>
    <CNOR>2636</CNOR>
    <CSUD>4000</CSUD>
    <NORD>14498</NORD>
    <SARD>776</SARD>
    <SICI>1432</SICI>
    <SUD>2038</SUD>
  </marketintervaldetail>
  <marketintervaldetail>
    <Data>20150530</Data>
    <Mercato>MGP</Mercato>
    <Ora>03</Ora>
    <Totale>24222</Totale>
    <CNOR>2490</CNOR>
    <CSUD>3818</CSUD>
    <NORD>13838</NORD>
    <SARD>755</SARD>
    <SICI>1361</SICI>
    <SUD>1960</SUD>
  </marketintervaldetail>
  <marketintervaldetail>
    <Data>20150530</Data>
    <Mercato>MGP</Mercato>
    <Ora>04</Ora>
    <Totale>23698</Totale>
    <CNOR>2438</CNOR>
    <CSUD>3717</CSUD>
    <NORD>13496</NORD>
    <SARD>739</SARD>
    <SICI>1342</SICI>
    <SUD>1966</SUD>
  </marketintervaldetail>
  <marketintervaldetail>
    <Data>20150530</Data>
    <Mercato>MGP</Mercato>
    <Ora>05</Ora>
    <Totale>23546</Totale>
    <CNOR>2434</CNOR>
    <CSUD>3668</CSUD>
    <NORD>13354</NORD>
    <SARD>751</SARD>
    <SICI>1348</SICI>
    <SUD>1991</SUD>
  </marketintervaldetail>
  <marketintervaldetail>
    <Data>20150530</Data>
    <Mercato>MGP</Mercato>
    <Ora>06</Ora>
    <Totale>22909</Totale>
    <CNOR>2357</CNOR>
    <CSUD>3512</CSUD>
    <NORD>12983</NORD>
    <SARD>801</SARD>
    <SICI>1363</SICI>
    <SUD>1893</SUD>
  </marketintervaldetail>
  <marketintervaldetail>
    <Data>20150530</Data>
    <Mercato>MGP</Mercato>
    <Ora>07</Ora>
    <Totale>23406</Totale>
    <CNOR>2440</CNOR>
    <CSUD>3600</CSUD>
    <NORD>13172</NORD>
    <SARD>796</SARD>
    <SICI>1399</SICI>
    <SUD>1999</SUD>
  </marketintervaldetail>
  <marketintervaldetail>
    <Data>20150530</Data>
    <Mercato>MGP</Mercato>
    <Ora>08</Ora>
    <Totale>26532</Totale>
    <CNOR>2822</CNOR>
    <CSUD>4147</CSUD>
    <NORD>14742</NORD>
    <SARD>873</SARD>
    <SICI>1670</SICI>
    <SUD>2278</SUD>
  </marketintervaldetail>
  <marketintervaldetail>
    <Data>20150530</Data>
    <Mercato>MGP</Mercato>
    <Ora>09</Ora>
    <Totale>29350</Totale>
    <CNOR>3139</CNOR>
    <CSUD>4776</CSUD>
    <NORD>16138</NORD>
    <SARD>937</SARD>
    <SICI>1863</SICI>
    <SUD>2497</SUD>
  </marketintervaldetail>
  <marketintervaldetail>
    <Data>20150530</Data>
    <Mercato>MGP</Mercato>
    <Ora>10</Ora>
    <Totale>30331</Totale>
    <CNOR>3313</CNOR>
    <CSUD>4830</CSUD>
    <NORD>16594</NORD>
    <SARD>963</SARD>
    <SICI>1911</SICI>
    <SUD>2720</SUD>
  </marketintervaldetail>
  <marketintervaldetail>
    <Data>20150530</Data>
    <Mercato>MGP</Mercato>
    <Ora>11</Ora>
    <Totale>30747</Totale>
    <CNOR>3300</CNOR>
    <CSUD>4907</CSUD>
    <NORD>16691</NORD>
    <SARD>976</SARD>
    <SICI>1970</SICI>
    <SUD>2903</SUD>
  </marketintervaldetail>
  <marketintervaldetail>
    <Data>20150530</Data>
    <Mercato>MGP</Mercato>
    <Ora>12</Ora>
    <Totale>30540</Totale>
    <CNOR>3346</CNOR>
    <CSUD>4806</CSUD>
    <NORD>16698</NORD>
    <SARD>992</SARD>
    <SICI>1972</SICI>
    <SUD>2726</SUD>
  </marketintervaldetail>
  <marketintervaldetail>
    <Data>20150530</Data>
    <Mercato>MGP</Mercato>
    <Ora>13</Ora>
    <Totale>28872</Totale>
    <CNOR>3076</CNOR>
    <CSUD>4491</CSUD>
    <NORD>15496</NORD>
    <SARD>939</SARD>
    <SICI>1951</SICI>
    <SUD>2919</SUD>
  </marketintervaldetail>
  <marketintervaldetail>
    <Data>20150530</Data>
    <Mercato>MGP</Mercato>
    <Ora>14</Ora>
    <Totale>27417</Totale>
    <CNOR>2818</CNOR>
    <CSUD>4185</CSUD>
    <NORD>14795</NORD>
    <SARD>903</SARD>
    <SICI>1831</SICI>
    <SUD>2885</SUD>
  </marketintervaldetail>
  <marketintervaldetail>
    <Data>20150530</Data>
    <Mercato>MGP</Mercato>
    <Ora>15</Ora>
    <Totale>26752</Totale>
    <CNOR>2828</CNOR>
    <CSUD>4241</CSUD>
    <NORD>14503</NORD>
    <SARD>931</SARD>
    <SICI>1764</SICI>
    <SUD>2485</SUD>
  </marketintervaldetail>
  <marketintervaldetail>
    <Data>20150530</Data>
    <Mercato>MGP</Mercato>
    <Ora>16</Ora>
    <Totale>26982</Totale>
    <CNOR>2755</CNOR>
    <CSUD>4337</CSUD>
    <NORD>14894</NORD>
    <SARD>850</SARD>
    <SICI>1731</SICI>
    <SUD>2415</SUD>
  </marketintervaldetail>
  <marketintervaldetail>
    <Data>20150530</Data>
    <Mercato>MGP</Mercato>
    <Ora>17</Ora>
    <Totale>27484</Totale>
    <CNOR>2700</CNOR>
    <CSUD>4664</CSUD>
    <NORD>15066</NORD>
    <SARD>815</SARD>
    <SICI>1768</SICI>
    <SUD>2471</SUD>
  </marketintervaldetail>
  <marketintervaldetail>
    <Data>20150530</Data>
    <Mercato>MGP</Mercato>
    <Ora>18</Ora>
    <Totale>27880</Totale>
    <CNOR>2796</CNOR>
    <CSUD>4698</CSUD>
    <NORD>15072</NORD>
    <SARD>888</SARD>
    <SICI>1825</SICI>
    <SUD>2601</SUD>
  </marketintervaldetail>
  <marketintervaldetail>
    <Data>20150530</Data>
    <Mercato>MGP</Mercato>
    <Ora>19</Ora>
    <Totale>28333</Totale>
    <CNOR>2888</CNOR>
    <CSUD>4732</CSUD>
    <NORD>15333</NORD>
    <SARD>953</SARD>
    <SICI>1928</SICI>
    <SUD>2499</SUD>
  </marketintervaldetail>
  <marketintervaldetail>
    <Data>20150530</Data>
    <Mercato>MGP</Mercato>
    <Ora>20</Ora>
    <Totale>28995</Totale>
    <CNOR>3123</CNOR>
    <CSUD>4906</CSUD>
    <NORD>15569</NORD>
    <SARD>972</SARD>
    <SICI>1897</SICI>
    <SUD>2528</SUD>
  </marketintervaldetail>
  <marketintervaldetail>
    <Data>20150530</Data>
    <Mercato>MGP</Mercato>
    <Ora>21</Ora>
    <Totale>29896</Totale>
    <CNOR>3262</CNOR>
    <CSUD>5204</CSUD>
    <NORD>15381</NORD>
    <SARD>1007</SARD>
    <SICI>2085</SICI>
    <SUD>2957</SUD>
  </marketintervaldetail>
  <marketintervaldetail>
    <Data>20150530</Data>
    <Mercato>MGP</Mercato>
    <Ora>22</Ora>
    <Totale>30401</Totale>
    <CNOR>3296</CNOR>
    <CSUD>5211</CSUD>
    <NORD>15857</NORD>
    <SARD>1027</SARD>
    <SICI>2047</SICI>
    <SUD>2963</SUD>
  </marketintervaldetail>
  <marketintervaldetail>
    <Data>20150530</Data>
    <Mercato>MGP</Mercato>
    <Ora>23</Ora>
    <Totale>28754</Totale>
    <CNOR>3157</CNOR>
    <CSUD>4815</CSUD>
    <NORD>15220</NORD>
    <SARD>968</SARD>
    <SICI>1873</SICI>
    <SUD>2721</SUD>
  </marketintervaldetail>
  <marketintervaldetail>
    <Data>20150530</Data>
    <Mercato>MGP</Mercato>
    <Ora>24</Ora>
    <Totale>26578</Totale>
    <CNOR>2888</CNOR>
    <CSUD>4437</CSUD>
    <NORD>14199</NORD>
    <SARD>907</SARD>
    <SICI>1724</SICI>
    <SUD>2423</SUD>
  </marketintervaldetail>
</NewDataSet>