<?xml version="1.0" standalone="yes"?>
<NewDataSet>
  <xs:schema id="NewDataSet" xmlns="" xmlns:xs="http://www.w3.org/2001/XMLSchema" xmlns:msdata="urn:schemas-microsoft-com:xml-msdata">
    <xs:element name="NewDataSet" msdata:IsDataSet="true" msdata:MainDataTable="marketintervaldetail" msdata:UseCurrentLocale="true">
      <xs:complexType>
        <xs:choice minOccurs="0" maxOccurs="unbounded">
          <xs:element name="marketintervaldetail">
            <xs:complexType>
              <xs:sequence>
                <xs:element name="Data" type="xs:string" minOccurs="0" />
                <xs:element name="Mercato" type="xs:string" minOccurs="0" />
                <xs:element name="Ora" type="xs:string" minOccurs="0" />
                <xs:element name="Totale" type="xs:string" minOccurs="0" />
                <xs:element name="CNOR" type="xs:string" minOccurs="0" />
                <xs:element name="CSUD" type="xs:string" minOccurs="0" />
                <xs:element name="NORD" type="xs:string" minOccurs="0" />
                <xs:element name="SARD" type="xs:string" minOccurs="0" />
                <xs:element name="SICI" type="xs:string" minOccurs="0" />
                <xs:element name="SUD" type="xs:string" minOccurs="0" />
              </xs:sequence>
            </xs:complexType>
          </xs:element>
        </xs:choice>
      </xs:complexType>
    </xs:element>
  </xs:schema>
  <marketintervaldetail>
    <Data>20150516</Data>
    <Mercato>MGP</Mercato>
    <Ora>01</Ora>
    <Totale>27430</Totale>
    <CNOR>2880</CNOR>
    <CSUD>4321</CSUD>
    <NORD>15267</NORD>
    <SARD>812</SARD>
    <SICI>1670</SICI>
    <SUD>2480</SUD>
  </marketintervaldetail>
  <marketintervaldetail>
    <Data>20150516</Data>
    <Mercato>MGP</Mercato>
    <Ora>02</Ora>
    <Totale>25941</Totale>
    <CNOR>2724</CNOR>
    <CSUD>4034</CSUD>
    <NORD>14376</NORD>
    <SARD>770</SARD>
    <SICI>1558</SICI>
    <SUD>2479</SUD>
  </marketintervaldetail>
  <marketintervaldetail>
    <Data>20150516</Data>
    <Mercato>MGP</Mercato>
    <Ora>03</Ora>
    <Totale>24793</Totale>
    <CNOR>2592</CNOR>
    <CSUD>3803</CSUD>
    <NORD>13850</NORD>
    <SARD>729</SARD>
    <SICI>1480</SICI>
    <SUD>2339</SUD>
  </marketintervaldetail>
  <marketintervaldetail>
    <Data>20150516</Data>
    <Mercato>MGP</Mercato>
    <Ora>04</Ora>
    <Totale>24259</Totale>
    <CNOR>2558</CNOR>
    <CSUD>3651</CSUD>
    <NORD>13580</NORD>
    <SARD>727</SARD>
    <SICI>1447</SICI>
    <SUD>2296</SUD>
  </marketintervaldetail>
  <marketintervaldetail>
    <Data>20150516</Data>
    <Mercato>MGP</Mercato>
    <Ora>05</Ora>
    <Totale>24153</Totale>
    <CNOR>2570</CNOR>
    <CSUD>3705</CSUD>
    <NORD>13553</NORD>
    <SARD>724</SARD>
    <SICI>1420</SICI>
    <SUD>2181</SUD>
  </marketintervaldetail>
  <marketintervaldetail>
    <Data>20150516</Data>
    <Mercato>MGP</Mercato>
    <Ora>06</Ora>
    <Totale>24349</Totale>
    <CNOR>2568</CNOR>
    <CSUD>3701</CSUD>
    <NORD>13631</NORD>
    <SARD>728</SARD>
    <SICI>1461</SICI>
    <SUD>2260</SUD>
  </marketintervaldetail>
  <marketintervaldetail>
    <Data>20150516</Data>
    <Mercato>MGP</Mercato>
    <Ora>07</Ora>
    <Totale>24702</Totale>
    <CNOR>2624</CNOR>
    <CSUD>3774</CSUD>
    <NORD>13606</NORD>
    <SARD>766</SARD>
    <SICI>1532</SICI>
    <SUD>2400</SUD>
  </marketintervaldetail>
  <marketintervaldetail>
    <Data>20150516</Data>
    <Mercato>MGP</Mercato>
    <Ora>08</Ora>
    <Totale>27728</Totale>
    <CNOR>2924</CNOR>
    <CSUD>4338</CSUD>
    <NORD>15177</NORD>
    <SARD>860</SARD>
    <SICI>1795</SICI>
    <SUD>2634</SUD>
  </marketintervaldetail>
  <marketintervaldetail>
    <Data>20150516</Data>
    <Mercato>MGP</Mercato>
    <Ora>09</Ora>
    <Totale>30583</Totale>
    <CNOR>3273</CNOR>
    <CSUD>4853</CSUD>
    <NORD>16750</NORD>
    <SARD>939</SARD>
    <SICI>2060</SICI>
    <SUD>2708</SUD>
  </marketintervaldetail>
  <marketintervaldetail>
    <Data>20150516</Data>
    <Mercato>MGP</Mercato>
    <Ora>10</Ora>
    <Totale>32797</Totale>
    <CNOR>3423</CNOR>
    <CSUD>5311</CSUD>
    <NORD>17855</NORD>
    <SARD>992</SARD>
    <SICI>2224</SICI>
    <SUD>2992</SUD>
  </marketintervaldetail>
  <marketintervaldetail>
    <Data>20150516</Data>
    <Mercato>MGP</Mercato>
    <Ora>11</Ora>
    <Totale>33242</Totale>
    <CNOR>3387</CNOR>
    <CSUD>5412</CSUD>
    <NORD>18092</NORD>
    <SARD>1007</SARD>
    <SICI>2221</SICI>
    <SUD>3123</SUD>
  </marketintervaldetail>
  <marketintervaldetail>
    <Data>20150516</Data>
    <Mercato>MGP</Mercato>
    <Ora>12</Ora>
    <Totale>32750</Totale>
    <CNOR>3319</CNOR>
    <CSUD>5433</CSUD>
    <NORD>17722</NORD>
    <SARD>1010</SARD>
    <SICI>2167</SICI>
    <SUD>3099</SUD>
  </marketintervaldetail>
  <marketintervaldetail>
    <Data>20150516</Data>
    <Mercato>MGP</Mercato>
    <Ora>13</Ora>
    <Totale>31451</Totale>
    <CNOR>3225</CNOR>
    <CSUD>5428</CSUD>
    <NORD>16778</NORD>
    <SARD>910</SARD>
    <SICI>2124</SICI>
    <SUD>2986</SUD>
  </marketintervaldetail>
  <marketintervaldetail>
    <Data>20150516</Data>
    <Mercato>MGP</Mercato>
    <Ora>14</Ora>
    <Totale>29957</Totale>
    <CNOR>3065</CNOR>
    <CSUD>5176</CSUD>
    <NORD>16003</NORD>
    <SARD>906</SARD>
    <SICI>2023</SICI>
    <SUD>2784</SUD>
  </marketintervaldetail>
  <marketintervaldetail>
    <Data>20150516</Data>
    <Mercato>MGP</Mercato>
    <Ora>15</Ora>
    <Totale>29111</Totale>
    <CNOR>3116</CNOR>
    <CSUD>5222</CSUD>
    <NORD>15281</NORD>
    <SARD>899</SARD>
    <SICI>1904</SICI>
    <SUD>2689</SUD>
  </marketintervaldetail>
  <marketintervaldetail>
    <Data>20150516</Data>
    <Mercato>MGP</Mercato>
    <Ora>16</Ora>
    <Totale>29079</Totale>
    <CNOR>3088</CNOR>
    <CSUD>5067</CSUD>
    <NORD>14929</NORD>
    <SARD>901</SARD>
    <SICI>1994</SICI>
    <SUD>3100</SUD>
  </marketintervaldetail>
  <marketintervaldetail>
    <Data>20150516</Data>
    <Mercato>MGP</Mercato>
    <Ora>17</Ora>
    <Totale>29510</Totale>
    <CNOR>3124</CNOR>
    <CSUD>5221</CSUD>
    <NORD>15197</NORD>
    <SARD>912</SARD>
    <SICI>2026</SICI>
    <SUD>3030</SUD>
  </marketintervaldetail>
  <marketintervaldetail>
    <Data>20150516</Data>
    <Mercato>MGP</Mercato>
    <Ora>18</Ora>
    <Totale>30163</Totale>
    <CNOR>3152</CNOR>
    <CSUD>5354</CSUD>
    <NORD>15594</NORD>
    <SARD>943</SARD>
    <SICI>2087</SICI>
    <SUD>3033</SUD>
  </marketintervaldetail>
  <marketintervaldetail>
    <Data>20150516</Data>
    <Mercato>MGP</Mercato>
    <Ora>19</Ora>
    <Totale>30339</Totale>
    <CNOR>3097</CNOR>
    <CSUD>5402</CSUD>
    <NORD>15941</NORD>
    <SARD>967</SARD>
    <SICI>2033</SICI>
    <SUD>2899</SUD>
  </marketintervaldetail>
  <marketintervaldetail>
    <Data>20150516</Data>
    <Mercato>MGP</Mercato>
    <Ora>20</Ora>
    <Totale>30789</Totale>
    <CNOR>3192</CNOR>
    <CSUD>5553</CSUD>
    <NORD>16107</NORD>
    <SARD>995</SARD>
    <SICI>2055</SICI>
    <SUD>2887</SUD>
  </marketintervaldetail>
  <marketintervaldetail>
    <Data>20150516</Data>
    <Mercato>MGP</Mercato>
    <Ora>21</Ora>
    <Totale>31156</Totale>
    <CNOR>3203</CNOR>
    <CSUD>5563</CSUD>
    <NORD>15934</NORD>
    <SARD>990</SARD>
    <SICI>2180</SICI>
    <SUD>3286</SUD>
  </marketintervaldetail>
  <marketintervaldetail>
    <Data>20150516</Data>
    <Mercato>MGP</Mercato>
    <Ora>22</Ora>
    <Totale>30863</Totale>
    <CNOR>3276</CNOR>
    <CSUD>5325</CSUD>
    <NORD>16026</NORD>
    <SARD>997</SARD>
    <SICI>2078</SICI>
    <SUD>3161</SUD>
  </marketintervaldetail>
  <marketintervaldetail>
    <Data>20150516</Data>
    <Mercato>MGP</Mercato>
    <Ora>23</Ora>
    <Totale>28936</Totale>
    <CNOR>3139</CNOR>
    <CSUD>4724</CSUD>
    <NORD>15018</NORD>
    <SARD>911</SARD>
    <SICI>1948</SICI>
    <SUD>3196</SUD>
  </marketintervaldetail>
  <marketintervaldetail>
    <Data>20150516</Data>
    <Mercato>MGP</Mercato>
    <Ora>24</Ora>
    <Totale>26712</Totale>
    <CNOR>2967</CNOR>
    <CSUD>4483</CSUD>
    <NORD>13803</NORD>
    <SARD>841</SARD>
    <SICI>1792</SICI>
    <SUD>2826</SUD>
  </marketintervaldetail>
</NewDataSet>