<?xml version="1.0" standalone="yes"?>
<NewDataSet>
  <xs:schema id="NewDataSet" xmlns="" xmlns:xs="http://www.w3.org/2001/XMLSchema" xmlns:msdata="urn:schemas-microsoft-com:xml-msdata">
    <xs:element name="NewDataSet" msdata:IsDataSet="true" msdata:MainDataTable="marketintervaldetail" msdata:UseCurrentLocale="true">
      <xs:complexType>
        <xs:choice minOccurs="0" maxOccurs="unbounded">
          <xs:element name="marketintervaldetail">
            <xs:complexType>
              <xs:sequence>
                <xs:element name="Data" type="xs:string" minOccurs="0" />
                <xs:element name="Mercato" type="xs:string" minOccurs="0" />
                <xs:element name="Ora" type="xs:string" minOccurs="0" />
                <xs:element name="Totale" type="xs:string" minOccurs="0" />
                <xs:element name="CNOR" type="xs:string" minOccurs="0" />
                <xs:element name="CSUD" type="xs:string" minOccurs="0" />
                <xs:element name="NORD" type="xs:string" minOccurs="0" />
                <xs:element name="SARD" type="xs:string" minOccurs="0" />
                <xs:element name="SICI" type="xs:string" minOccurs="0" />
                <xs:element name="SUD" type="xs:string" minOccurs="0" />
              </xs:sequence>
            </xs:complexType>
          </xs:element>
        </xs:choice>
      </xs:complexType>
    </xs:element>
  </xs:schema>
  <marketintervaldetail>
    <Data>20150518</Data>
    <Mercato>MGP</Mercato>
    <Ora>01</Ora>
    <Totale>23200</Totale>
    <CNOR>2500</CNOR>
    <CSUD>4101</CSUD>
    <NORD>12209</NORD>
    <SARD>754</SARD>
    <SICI>1422</SICI>
    <SUD>2214</SUD>
  </marketintervaldetail>
  <marketintervaldetail>
    <Data>20150518</Data>
    <Mercato>MGP</Mercato>
    <Ora>02</Ora>
    <Totale>21763</Totale>
    <CNOR>2366</CNOR>
    <CSUD>3737</CSUD>
    <NORD>11595</NORD>
    <SARD>710</SARD>
    <SICI>1298</SICI>
    <SUD>2057</SUD>
  </marketintervaldetail>
  <marketintervaldetail>
    <Data>20150518</Data>
    <Mercato>MGP</Mercato>
    <Ora>03</Ora>
    <Totale>21174</Totale>
    <CNOR>2287</CNOR>
    <CSUD>3580</CSUD>
    <NORD>11406</NORD>
    <SARD>706</SARD>
    <SICI>1221</SICI>
    <SUD>1974</SUD>
  </marketintervaldetail>
  <marketintervaldetail>
    <Data>20150518</Data>
    <Mercato>MGP</Mercato>
    <Ora>04</Ora>
    <Totale>21134</Totale>
    <CNOR>2246</CNOR>
    <CSUD>3621</CSUD>
    <NORD>11415</NORD>
    <SARD>702</SARD>
    <SICI>1197</SICI>
    <SUD>1953</SUD>
  </marketintervaldetail>
  <marketintervaldetail>
    <Data>20150518</Data>
    <Mercato>MGP</Mercato>
    <Ora>05</Ora>
    <Totale>21701</Totale>
    <CNOR>2309</CNOR>
    <CSUD>3707</CSUD>
    <NORD>11752</NORD>
    <SARD>708</SARD>
    <SICI>1206</SICI>
    <SUD>2019</SUD>
  </marketintervaldetail>
  <marketintervaldetail>
    <Data>20150518</Data>
    <Mercato>MGP</Mercato>
    <Ora>06</Ora>
    <Totale>23266</Totale>
    <CNOR>2458</CNOR>
    <CSUD>3829</CSUD>
    <NORD>12910</NORD>
    <SARD>744</SARD>
    <SICI>1284</SICI>
    <SUD>2041</SUD>
  </marketintervaldetail>
  <marketintervaldetail>
    <Data>20150518</Data>
    <Mercato>MGP</Mercato>
    <Ora>07</Ora>
    <Totale>26822</Totale>
    <CNOR>2855</CNOR>
    <CSUD>4237</CSUD>
    <NORD>15486</NORD>
    <SARD>780</SARD>
    <SICI>1376</SICI>
    <SUD>2088</SUD>
  </marketintervaldetail>
  <marketintervaldetail>
    <Data>20150518</Data>
    <Mercato>MGP</Mercato>
    <Ora>08</Ora>
    <Totale>32633</Totale>
    <CNOR>3434</CNOR>
    <CSUD>5027</CSUD>
    <NORD>19137</NORD>
    <SARD>871</SARD>
    <SICI>1650</SICI>
    <SUD>2514</SUD>
  </marketintervaldetail>
  <marketintervaldetail>
    <Data>20150518</Data>
    <Mercato>MGP</Mercato>
    <Ora>09</Ora>
    <Totale>37067</Totale>
    <CNOR>3916</CNOR>
    <CSUD>5589</CSUD>
    <NORD>21998</NORD>
    <SARD>954</SARD>
    <SICI>1880</SICI>
    <SUD>2730</SUD>
  </marketintervaldetail>
  <marketintervaldetail>
    <Data>20150518</Data>
    <Mercato>MGP</Mercato>
    <Ora>10</Ora>
    <Totale>38450</Totale>
    <CNOR>4136</CNOR>
    <CSUD>6032</CSUD>
    <NORD>22536</NORD>
    <SARD>976</SARD>
    <SICI>1984</SICI>
    <SUD>2786</SUD>
  </marketintervaldetail>
  <marketintervaldetail>
    <Data>20150518</Data>
    <Mercato>MGP</Mercato>
    <Ora>11</Ora>
    <Totale>38710</Totale>
    <CNOR>4241</CNOR>
    <CSUD>6045</CSUD>
    <NORD>22638</NORD>
    <SARD>921</SARD>
    <SICI>2066</SICI>
    <SUD>2799</SUD>
  </marketintervaldetail>
  <marketintervaldetail>
    <Data>20150518</Data>
    <Mercato>MGP</Mercato>
    <Ora>12</Ora>
    <Totale>38986</Totale>
    <CNOR>4173</CNOR>
    <CSUD>6214</CSUD>
    <NORD>22766</NORD>
    <SARD>970</SARD>
    <SICI>2062</SICI>
    <SUD>2801</SUD>
  </marketintervaldetail>
  <marketintervaldetail>
    <Data>20150518</Data>
    <Mercato>MGP</Mercato>
    <Ora>13</Ora>
    <Totale>36690</Totale>
    <CNOR>3887</CNOR>
    <CSUD>6068</CSUD>
    <NORD>20889</NORD>
    <SARD>1033</SARD>
    <SICI>2024</SICI>
    <SUD>2789</SUD>
  </marketintervaldetail>
  <marketintervaldetail>
    <Data>20150518</Data>
    <Mercato>MGP</Mercato>
    <Ora>14</Ora>
    <Totale>37014</Totale>
    <CNOR>3819</CNOR>
    <CSUD>5889</CSUD>
    <NORD>21557</NORD>
    <SARD>980</SARD>
    <SICI>2015</SICI>
    <SUD>2754</SUD>
  </marketintervaldetail>
  <marketintervaldetail>
    <Data>20150518</Data>
    <Mercato>MGP</Mercato>
    <Ora>15</Ora>
    <Totale>38170</Totale>
    <CNOR>4218</CNOR>
    <CSUD>5896</CSUD>
    <NORD>22626</NORD>
    <SARD>943</SARD>
    <SICI>2017</SICI>
    <SUD>2470</SUD>
  </marketintervaldetail>
  <marketintervaldetail>
    <Data>20150518</Data>
    <Mercato>MGP</Mercato>
    <Ora>16</Ora>
    <Totale>38209</Totale>
    <CNOR>4190</CNOR>
    <CSUD>6011</CSUD>
    <NORD>22478</NORD>
    <SARD>897</SARD>
    <SICI>1984</SICI>
    <SUD>2649</SUD>
  </marketintervaldetail>
  <marketintervaldetail>
    <Data>20150518</Data>
    <Mercato>MGP</Mercato>
    <Ora>17</Ora>
    <Totale>38867</Totale>
    <CNOR>4281</CNOR>
    <CSUD>6155</CSUD>
    <NORD>22794</NORD>
    <SARD>883</SARD>
    <SICI>2049</SICI>
    <SUD>2705</SUD>
  </marketintervaldetail>
  <marketintervaldetail>
    <Data>20150518</Data>
    <Mercato>MGP</Mercato>
    <Ora>18</Ora>
    <Totale>37765</Totale>
    <CNOR>4147</CNOR>
    <CSUD>5970</CSUD>
    <NORD>21956</NORD>
    <SARD>883</SARD>
    <SICI>2058</SICI>
    <SUD>2751</SUD>
  </marketintervaldetail>
  <marketintervaldetail>
    <Data>20150518</Data>
    <Mercato>MGP</Mercato>
    <Ora>19</Ora>
    <Totale>36576</Totale>
    <CNOR>3986</CNOR>
    <CSUD>5821</CSUD>
    <NORD>21009</NORD>
    <SARD>906</SARD>
    <SICI>2047</SICI>
    <SUD>2807</SUD>
  </marketintervaldetail>
  <marketintervaldetail>
    <Data>20150518</Data>
    <Mercato>MGP</Mercato>
    <Ora>20</Ora>
    <Totale>36243</Totale>
    <CNOR>4015</CNOR>
    <CSUD>5906</CSUD>
    <NORD>20481</NORD>
    <SARD>920</SARD>
    <SICI>2032</SICI>
    <SUD>2889</SUD>
  </marketintervaldetail>
  <marketintervaldetail>
    <Data>20150518</Data>
    <Mercato>MGP</Mercato>
    <Ora>21</Ora>
    <Totale>36775</Totale>
    <CNOR>4039</CNOR>
    <CSUD>6119</CSUD>
    <NORD>20340</NORD>
    <SARD>977</SARD>
    <SICI>2102</SICI>
    <SUD>3198</SUD>
  </marketintervaldetail>
  <marketintervaldetail>
    <Data>20150518</Data>
    <Mercato>MGP</Mercato>
    <Ora>22</Ora>
    <Totale>36063</Totale>
    <CNOR>4055</CNOR>
    <CSUD>5895</CSUD>
    <NORD>20020</NORD>
    <SARD>1002</SARD>
    <SICI>2025</SICI>
    <SUD>3066</SUD>
  </marketintervaldetail>
  <marketintervaldetail>
    <Data>20150518</Data>
    <Mercato>MGP</Mercato>
    <Ora>23</Ora>
    <Totale>32599</Totale>
    <CNOR>3699</CNOR>
    <CSUD>5304</CSUD>
    <NORD>18048</NORD>
    <SARD>944</SARD>
    <SICI>1843</SICI>
    <SUD>2761</SUD>
  </marketintervaldetail>
  <marketintervaldetail>
    <Data>20150518</Data>
    <Mercato>MGP</Mercato>
    <Ora>24</Ora>
    <Totale>29753</Totale>
    <CNOR>3370</CNOR>
    <CSUD>4781</CSUD>
    <NORD>16665</NORD>
    <SARD>876</SARD>
    <SICI>1633</SICI>
    <SUD>2428</SUD>
  </marketintervaldetail>
</NewDataSet>