<?xml version="1.0" standalone="yes"?>
<NewDataSet>
  <xs:schema id="NewDataSet" xmlns="" xmlns:xs="http://www.w3.org/2001/XMLSchema" xmlns:msdata="urn:schemas-microsoft-com:xml-msdata">
    <xs:element name="NewDataSet" msdata:IsDataSet="true" msdata:MainDataTable="Fabbisogno" msdata:UseCurrentLocale="true">
      <xs:complexType>
        <xs:choice minOccurs="0" maxOccurs="unbounded">
          <xs:element name="Fabbisogno">
            <xs:complexType>
              <xs:sequence>
                <xs:element name="Data" type="xs:string" minOccurs="0" />
                <xs:element name="Mercato" type="xs:string" minOccurs="0" />
                <xs:element name="Ora" type="xs:string" minOccurs="0" />
                <xs:element name="Totale" type="xs:string" minOccurs="0" />
                <xs:element name="CNOR" type="xs:string" minOccurs="0" />
                <xs:element name="CSUD" type="xs:string" minOccurs="0" />
                <xs:element name="NORD" type="xs:string" minOccurs="0" />
                <xs:element name="SARD" type="xs:string" minOccurs="0" />
                <xs:element name="SICI" type="xs:string" minOccurs="0" />
                <xs:element name="SUD" type="xs:string" minOccurs="0" />
              </xs:sequence>
            </xs:complexType>
          </xs:element>
        </xs:choice>
      </xs:complexType>
    </xs:element>
  </xs:schema>
  <Fabbisogno>
    <Data>20150529</Data>
    <Mercato>MGP</Mercato>
    <Ora>01</Ora>
    <Totale>26818</Totale>
    <CNOR>2796</CNOR>
    <CSUD>4196</CSUD>
    <NORD>15143</NORD>
    <SARD>838</SARD>
    <SICI>1595</SICI>
    <SUD>2250</SUD>
  </Fabbisogno>
  <Fabbisogno>
    <Data>20150529</Data>
    <Mercato>MGP</Mercato>
    <Ora>02</Ora>
    <Totale>25085</Totale>
    <CNOR>2576</CNOR>
    <CSUD>3901</CSUD>
    <NORD>14242</NORD>
    <SARD>781</SARD>
    <SICI>1468</SICI>
    <SUD>2117</SUD>
  </Fabbisogno>
  <Fabbisogno>
    <Data>20150529</Data>
    <Mercato>MGP</Mercato>
    <Ora>03</Ora>
    <Totale>24312</Totale>
    <CNOR>2545</CNOR>
    <CSUD>3729</CSUD>
    <NORD>13835</NORD>
    <SARD>765</SARD>
    <SICI>1403</SICI>
    <SUD>2035</SUD>
  </Fabbisogno>
  <Fabbisogno>
    <Data>20150529</Data>
    <Mercato>MGP</Mercato>
    <Ora>04</Ora>
    <Totale>24013</Totale>
    <CNOR>2513</CNOR>
    <CSUD>3633</CSUD>
    <NORD>13713</NORD>
    <SARD>746</SARD>
    <SICI>1383</SICI>
    <SUD>2025</SUD>
  </Fabbisogno>
  <Fabbisogno>
    <Data>20150529</Data>
    <Mercato>MGP</Mercato>
    <Ora>05</Ora>
    <Totale>24062</Totale>
    <CNOR>2483</CNOR>
    <CSUD>3645</CSUD>
    <NORD>13781</NORD>
    <SARD>751</SARD>
    <SICI>1397</SICI>
    <SUD>2005</SUD>
  </Fabbisogno>
  <Fabbisogno>
    <Data>20150529</Data>
    <Mercato>MGP</Mercato>
    <Ora>06</Ora>
    <Totale>24167</Totale>
    <CNOR>2447</CNOR>
    <CSUD>3675</CSUD>
    <NORD>14016</NORD>
    <SARD>767</SARD>
    <SICI>1398</SICI>
    <SUD>1864</SUD>
  </Fabbisogno>
  <Fabbisogno>
    <Data>20150529</Data>
    <Mercato>MGP</Mercato>
    <Ora>07</Ora>
    <Totale>27028</Totale>
    <CNOR>2760</CNOR>
    <CSUD>4027</CSUD>
    <NORD>15924</NORD>
    <SARD>801</SARD>
    <SICI>1477</SICI>
    <SUD>2039</SUD>
  </Fabbisogno>
  <Fabbisogno>
    <Data>20150529</Data>
    <Mercato>MGP</Mercato>
    <Ora>08</Ora>
    <Totale>32272</Totale>
    <CNOR>3296</CNOR>
    <CSUD>4915</CSUD>
    <NORD>18985</NORD>
    <SARD>918</SARD>
    <SICI>1784</SICI>
    <SUD>2374</SUD>
  </Fabbisogno>
  <Fabbisogno>
    <Data>20150529</Data>
    <Mercato>MGP</Mercato>
    <Ora>09</Ora>
    <Totale>36630</Totale>
    <CNOR>3780</CNOR>
    <CSUD>5582</CSUD>
    <NORD>21768</NORD>
    <SARD>972</SARD>
    <SICI>1934</SICI>
    <SUD>2594</SUD>
  </Fabbisogno>
  <Fabbisogno>
    <Data>20150529</Data>
    <Mercato>MGP</Mercato>
    <Ora>10</Ora>
    <Totale>37864</Totale>
    <CNOR>3954</CNOR>
    <CSUD>5782</CSUD>
    <NORD>22560</NORD>
    <SARD>961</SARD>
    <SICI>1980</SICI>
    <SUD>2627</SUD>
  </Fabbisogno>
  <Fabbisogno>
    <Data>20150529</Data>
    <Mercato>MGP</Mercato>
    <Ora>11</Ora>
    <Totale>38237</Totale>
    <CNOR>4002</CNOR>
    <CSUD>5994</CSUD>
    <NORD>22708</NORD>
    <SARD>945</SARD>
    <SICI>1912</SICI>
    <SUD>2676</SUD>
  </Fabbisogno>
  <Fabbisogno>
    <Data>20150529</Data>
    <Mercato>MGP</Mercato>
    <Ora>12</Ora>
    <Totale>38175</Totale>
    <CNOR>4063</CNOR>
    <CSUD>5946</CSUD>
    <NORD>22739</NORD>
    <SARD>927</SARD>
    <SICI>1877</SICI>
    <SUD>2623</SUD>
  </Fabbisogno>
  <Fabbisogno>
    <Data>20150529</Data>
    <Mercato>MGP</Mercato>
    <Ora>13</Ora>
    <Totale>36208</Totale>
    <CNOR>3745</CNOR>
    <CSUD>5828</CSUD>
    <NORD>21193</NORD>
    <SARD>960</SARD>
    <SICI>1882</SICI>
    <SUD>2600</SUD>
  </Fabbisogno>
  <Fabbisogno>
    <Data>20150529</Data>
    <Mercato>MGP</Mercato>
    <Ora>14</Ora>
    <Totale>36391</Totale>
    <CNOR>3762</CNOR>
    <CSUD>5848</CSUD>
    <NORD>21421</NORD>
    <SARD>877</SARD>
    <SICI>1797</SICI>
    <SUD>2686</SUD>
  </Fabbisogno>
  <Fabbisogno>
    <Data>20150529</Data>
    <Mercato>MGP</Mercato>
    <Ora>15</Ora>
    <Totale>37017</Totale>
    <CNOR>3767</CNOR>
    <CSUD>5939</CSUD>
    <NORD>22158</NORD>
    <SARD>893</SARD>
    <SICI>1747</SICI>
    <SUD>2513</SUD>
  </Fabbisogno>
  <Fabbisogno>
    <Data>20150529</Data>
    <Mercato>MGP</Mercato>
    <Ora>16</Ora>
    <Totale>37147</Totale>
    <CNOR>3788</CNOR>
    <CSUD>5855</CSUD>
    <NORD>22400</NORD>
    <SARD>917</SARD>
    <SICI>1774</SICI>
    <SUD>2413</SUD>
  </Fabbisogno>
  <Fabbisogno>
    <Data>20150529</Data>
    <Mercato>MGP</Mercato>
    <Ora>17</Ora>
    <Totale>36893</Totale>
    <CNOR>3790</CNOR>
    <CSUD>5763</CSUD>
    <NORD>21853</NORD>
    <SARD>937</SARD>
    <SICI>1849</SICI>
    <SUD>2701</SUD>
  </Fabbisogno>
  <Fabbisogno>
    <Data>20150529</Data>
    <Mercato>MGP</Mercato>
    <Ora>18</Ora>
    <Totale>35837</Totale>
    <CNOR>3919</CNOR>
    <CSUD>5583</CSUD>
    <NORD>20947</NORD>
    <SARD>958</SARD>
    <SICI>1889</SICI>
    <SUD>2541</SUD>
  </Fabbisogno>
  <Fabbisogno>
    <Data>20150529</Data>
    <Mercato>MGP</Mercato>
    <Ora>19</Ora>
    <Totale>34524</Totale>
    <CNOR>3747</CNOR>
    <CSUD>5465</CSUD>
    <NORD>19807</NORD>
    <SARD>974</SARD>
    <SICI>1866</SICI>
    <SUD>2665</SUD>
  </Fabbisogno>
  <Fabbisogno>
    <Data>20150529</Data>
    <Mercato>MGP</Mercato>
    <Ora>20</Ora>
    <Totale>34401</Totale>
    <CNOR>3664</CNOR>
    <CSUD>5474</CSUD>
    <NORD>19595</NORD>
    <SARD>997</SARD>
    <SICI>1990</SICI>
    <SUD>2681</SUD>
  </Fabbisogno>
  <Fabbisogno>
    <Data>20150529</Data>
    <Mercato>MGP</Mercato>
    <Ora>21</Ora>
    <Totale>35025</Totale>
    <CNOR>3771</CNOR>
    <CSUD>5879</CSUD>
    <NORD>19025</NORD>
    <SARD>1042</SARD>
    <SICI>2205</SICI>
    <SUD>3103</SUD>
  </Fabbisogno>
  <Fabbisogno>
    <Data>20150529</Data>
    <Mercato>MGP</Mercato>
    <Ora>22</Ora>
    <Totale>35045</Totale>
    <CNOR>3756</CNOR>
    <CSUD>5832</CSUD>
    <NORD>19187</NORD>
    <SARD>1066</SARD>
    <SICI>2134</SICI>
    <SUD>3070</SUD>
  </Fabbisogno>
  <Fabbisogno>
    <Data>20150529</Data>
    <Mercato>MGP</Mercato>
    <Ora>23</Ora>
    <Totale>32175</Totale>
    <CNOR>3385</CNOR>
    <CSUD>5392</CSUD>
    <NORD>17656</NORD>
    <SARD>989</SARD>
    <SICI>1939</SICI>
    <SUD>2814</SUD>
  </Fabbisogno>
  <Fabbisogno>
    <Data>20150529</Data>
    <Mercato>MGP</Mercato>
    <Ora>24</Ora>
    <Totale>29328</Totale>
    <CNOR>3078</CNOR>
    <CSUD>4851</CSUD>
    <NORD>16214</NORD>
    <SARD>900</SARD>
    <SICI>1748</SICI>
    <SUD>2537</SUD>
  </Fabbisogno>
</NewDataSet>