<?xml version="1.0" standalone="yes"?>
<NewDataSet>
  <xs:schema id="NewDataSet" xmlns="" xmlns:xs="http://www.w3.org/2001/XMLSchema" xmlns:msdata="urn:schemas-microsoft-com:xml-msdata">
    <xs:element name="NewDataSet" msdata:IsDataSet="true" msdata:MainDataTable="marketintervaldetail" msdata:UseCurrentLocale="true">
      <xs:complexType>
        <xs:choice minOccurs="0" maxOccurs="unbounded">
          <xs:element name="marketintervaldetail">
            <xs:complexType>
              <xs:sequence>
                <xs:element name="Data" type="xs:string" minOccurs="0" />
                <xs:element name="Mercato" type="xs:string" minOccurs="0" />
                <xs:element name="Ora" type="xs:string" minOccurs="0" />
                <xs:element name="Totale" type="xs:string" minOccurs="0" />
                <xs:element name="CNOR" type="xs:string" minOccurs="0" />
                <xs:element name="CSUD" type="xs:string" minOccurs="0" />
                <xs:element name="NORD" type="xs:string" minOccurs="0" />
                <xs:element name="SARD" type="xs:string" minOccurs="0" />
                <xs:element name="SICI" type="xs:string" minOccurs="0" />
                <xs:element name="SUD" type="xs:string" minOccurs="0" />
              </xs:sequence>
            </xs:complexType>
          </xs:element>
        </xs:choice>
      </xs:complexType>
    </xs:element>
  </xs:schema>
  <marketintervaldetail>
    <Data>20150531</Data>
    <Mercato>MGP</Mercato>
    <Ora>01</Ora>
    <Totale>23990</Totale>
    <CNOR>2518</CNOR>
    <CSUD>4047</CSUD>
    <NORD>12801</NORD>
    <SARD>847</SARD>
    <SICI>1587</SICI>
    <SUD>2190</SUD>
  </marketintervaldetail>
  <marketintervaldetail>
    <Data>20150531</Data>
    <Mercato>MGP</Mercato>
    <Ora>02</Ora>
    <Totale>22285</Totale>
    <CNOR>2384</CNOR>
    <CSUD>3697</CSUD>
    <NORD>11915</NORD>
    <SARD>807</SARD>
    <SICI>1485</SICI>
    <SUD>1997</SUD>
  </marketintervaldetail>
  <marketintervaldetail>
    <Data>20150531</Data>
    <Mercato>MGP</Mercato>
    <Ora>03</Ora>
    <Totale>21403</Totale>
    <CNOR>2283</CNOR>
    <CSUD>3513</CSUD>
    <NORD>11500</NORD>
    <SARD>783</SARD>
    <SICI>1401</SICI>
    <SUD>1923</SUD>
  </marketintervaldetail>
  <marketintervaldetail>
    <Data>20150531</Data>
    <Mercato>MGP</Mercato>
    <Ora>04</Ora>
    <Totale>20851</Totale>
    <CNOR>2237</CNOR>
    <CSUD>3390</CSUD>
    <NORD>11248</NORD>
    <SARD>768</SARD>
    <SICI>1344</SICI>
    <SUD>1864</SUD>
  </marketintervaldetail>
  <marketintervaldetail>
    <Data>20150531</Data>
    <Mercato>MGP</Mercato>
    <Ora>05</Ora>
    <Totale>20782</Totale>
    <CNOR>2182</CNOR>
    <CSUD>3381</CSUD>
    <NORD>11236</NORD>
    <SARD>769</SARD>
    <SICI>1323</SICI>
    <SUD>1891</SUD>
  </marketintervaldetail>
  <marketintervaldetail>
    <Data>20150531</Data>
    <Mercato>MGP</Mercato>
    <Ora>06</Ora>
    <Totale>20271</Totale>
    <CNOR>2161</CNOR>
    <CSUD>3243</CSUD>
    <NORD>11002</NORD>
    <SARD>780</SARD>
    <SICI>1320</SICI>
    <SUD>1765</SUD>
  </marketintervaldetail>
  <marketintervaldetail>
    <Data>20150531</Data>
    <Mercato>MGP</Mercato>
    <Ora>07</Ora>
    <Totale>20013</Totale>
    <CNOR>2158</CNOR>
    <CSUD>3229</CSUD>
    <NORD>10799</NORD>
    <SARD>758</SARD>
    <SICI>1321</SICI>
    <SUD>1748</SUD>
  </marketintervaldetail>
  <marketintervaldetail>
    <Data>20150531</Data>
    <Mercato>MGP</Mercato>
    <Ora>08</Ora>
    <Totale>21385</Totale>
    <CNOR>2328</CNOR>
    <CSUD>3596</CSUD>
    <NORD>11267</NORD>
    <SARD>796</SARD>
    <SICI>1532</SICI>
    <SUD>1866</SUD>
  </marketintervaldetail>
  <marketintervaldetail>
    <Data>20150531</Data>
    <Mercato>MGP</Mercato>
    <Ora>09</Ora>
    <Totale>23361</Totale>
    <CNOR>2562</CNOR>
    <CSUD>4010</CSUD>
    <NORD>12075</NORD>
    <SARD>858</SARD>
    <SICI>1673</SICI>
    <SUD>2183</SUD>
  </marketintervaldetail>
  <marketintervaldetail>
    <Data>20150531</Data>
    <Mercato>MGP</Mercato>
    <Ora>10</Ora>
    <Totale>25126</Totale>
    <CNOR>2699</CNOR>
    <CSUD>4284</CSUD>
    <NORD>13083</NORD>
    <SARD>895</SARD>
    <SICI>1815</SICI>
    <SUD>2350</SUD>
  </marketintervaldetail>
  <marketintervaldetail>
    <Data>20150531</Data>
    <Mercato>MGP</Mercato>
    <Ora>11</Ora>
    <Totale>26102</Totale>
    <CNOR>2819</CNOR>
    <CSUD>4434</CSUD>
    <NORD>13560</NORD>
    <SARD>902</SARD>
    <SICI>1853</SICI>
    <SUD>2534</SUD>
  </marketintervaldetail>
  <marketintervaldetail>
    <Data>20150531</Data>
    <Mercato>MGP</Mercato>
    <Ora>12</Ora>
    <Totale>26564</Totale>
    <CNOR>2853</CNOR>
    <CSUD>4413</CSUD>
    <NORD>13816</NORD>
    <SARD>887</SARD>
    <SICI>1885</SICI>
    <SUD>2710</SUD>
  </marketintervaldetail>
  <marketintervaldetail>
    <Data>20150531</Data>
    <Mercato>MGP</Mercato>
    <Ora>13</Ora>
    <Totale>26474</Totale>
    <CNOR>2872</CNOR>
    <CSUD>4495</CSUD>
    <NORD>13727</NORD>
    <SARD>896</SARD>
    <SICI>1848</SICI>
    <SUD>2636</SUD>
  </marketintervaldetail>
  <marketintervaldetail>
    <Data>20150531</Data>
    <Mercato>MGP</Mercato>
    <Ora>14</Ora>
    <Totale>25139</Totale>
    <CNOR>2749</CNOR>
    <CSUD>4251</CSUD>
    <NORD>13202</NORD>
    <SARD>828</SARD>
    <SICI>1668</SICI>
    <SUD>2441</SUD>
  </marketintervaldetail>
  <marketintervaldetail>
    <Data>20150531</Data>
    <Mercato>MGP</Mercato>
    <Ora>15</Ora>
    <Totale>24254</Totale>
    <CNOR>2716</CNOR>
    <CSUD>4093</CSUD>
    <NORD>12886</NORD>
    <SARD>774</SARD>
    <SICI>1465</SICI>
    <SUD>2320</SUD>
  </marketintervaldetail>
  <marketintervaldetail>
    <Data>20150531</Data>
    <Mercato>MGP</Mercato>
    <Ora>16</Ora>
    <Totale>24183</Totale>
    <CNOR>2707</CNOR>
    <CSUD>4107</CSUD>
    <NORD>12818</NORD>
    <SARD>815</SARD>
    <SICI>1605</SICI>
    <SUD>2131</SUD>
  </marketintervaldetail>
  <marketintervaldetail>
    <Data>20150531</Data>
    <Mercato>MGP</Mercato>
    <Ora>17</Ora>
    <Totale>23974</Totale>
    <CNOR>2674</CNOR>
    <CSUD>4018</CSUD>
    <NORD>12628</NORD>
    <SARD>827</SARD>
    <SICI>1670</SICI>
    <SUD>2157</SUD>
  </marketintervaldetail>
  <marketintervaldetail>
    <Data>20150531</Data>
    <Mercato>MGP</Mercato>
    <Ora>18</Ora>
    <Totale>24303</Totale>
    <CNOR>2640</CNOR>
    <CSUD>4090</CSUD>
    <NORD>12892</NORD>
    <SARD>831</SARD>
    <SICI>1675</SICI>
    <SUD>2175</SUD>
  </marketintervaldetail>
  <marketintervaldetail>
    <Data>20150531</Data>
    <Mercato>MGP</Mercato>
    <Ora>19</Ora>
    <Totale>25061</Totale>
    <CNOR>2589</CNOR>
    <CSUD>4114</CSUD>
    <NORD>13646</NORD>
    <SARD>842</SARD>
    <SICI>1703</SICI>
    <SUD>2167</SUD>
  </marketintervaldetail>
  <marketintervaldetail>
    <Data>20150531</Data>
    <Mercato>MGP</Mercato>
    <Ora>20</Ora>
    <Totale>26454</Totale>
    <CNOR>2771</CNOR>
    <CSUD>4349</CSUD>
    <NORD>14476</NORD>
    <SARD>880</SARD>
    <SICI>1745</SICI>
    <SUD>2233</SUD>
  </marketintervaldetail>
  <marketintervaldetail>
    <Data>20150531</Data>
    <Mercato>MGP</Mercato>
    <Ora>21</Ora>
    <Totale>27691</Totale>
    <CNOR>2932</CNOR>
    <CSUD>4771</CSUD>
    <NORD>14659</NORD>
    <SARD>955</SARD>
    <SICI>1907</SICI>
    <SUD>2467</SUD>
  </marketintervaldetail>
  <marketintervaldetail>
    <Data>20150531</Data>
    <Mercato>MGP</Mercato>
    <Ora>22</Ora>
    <Totale>29103</Totale>
    <CNOR>3076</CNOR>
    <CSUD>4969</CSUD>
    <NORD>15470</NORD>
    <SARD>1020</SARD>
    <SICI>1947</SICI>
    <SUD>2621</SUD>
  </marketintervaldetail>
  <marketintervaldetail>
    <Data>20150531</Data>
    <Mercato>MGP</Mercato>
    <Ora>23</Ora>
    <Totale>27554</Totale>
    <CNOR>2926</CNOR>
    <CSUD>4663</CSUD>
    <NORD>14722</NORD>
    <SARD>957</SARD>
    <SICI>1813</SICI>
    <SUD>2473</SUD>
  </marketintervaldetail>
  <marketintervaldetail>
    <Data>20150531</Data>
    <Mercato>MGP</Mercato>
    <Ora>24</Ora>
    <Totale>25170</Totale>
    <CNOR>2628</CNOR>
    <CSUD>4288</CSUD>
    <NORD>13472</NORD>
    <SARD>884</SARD>
    <SICI>1660</SICI>
    <SUD>2238</SUD>
  </marketintervaldetail>
</NewDataSet>