<?xml version="1.0" standalone="yes"?>
<NewDataSet>
  <xs:schema id="NewDataSet" xmlns="" xmlns:xs="http://www.w3.org/2001/XMLSchema" xmlns:msdata="urn:schemas-microsoft-com:xml-msdata">
    <xs:element name="NewDataSet" msdata:IsDataSet="true" msdata:MainDataTable="marketintervaldetail" msdata:UseCurrentLocale="true">
      <xs:complexType>
        <xs:choice minOccurs="0" maxOccurs="unbounded">
          <xs:element name="marketintervaldetail">
            <xs:complexType>
              <xs:sequence>
                <xs:element name="Data" type="xs:string" minOccurs="0" />
                <xs:element name="Mercato" type="xs:string" minOccurs="0" />
                <xs:element name="Ora" type="xs:string" minOccurs="0" />
                <xs:element name="Totale" type="xs:string" minOccurs="0" />
                <xs:element name="CNOR" type="xs:string" minOccurs="0" />
                <xs:element name="CSUD" type="xs:string" minOccurs="0" />
                <xs:element name="NORD" type="xs:string" minOccurs="0" />
                <xs:element name="SARD" type="xs:string" minOccurs="0" />
                <xs:element name="SICI" type="xs:string" minOccurs="0" />
                <xs:element name="SUD" type="xs:string" minOccurs="0" />
              </xs:sequence>
            </xs:complexType>
          </xs:element>
        </xs:choice>
      </xs:complexType>
    </xs:element>
  </xs:schema>
  <marketintervaldetail>
    <Data>20150519</Data>
    <Mercato>MGP</Mercato>
    <Ora>01</Ora>
    <Totale>27399</Totale>
    <CNOR>2941</CNOR>
    <CSUD>4406</CSUD>
    <NORD>15348</NORD>
    <SARD>774</SARD>
    <SICI>1532</SICI>
    <SUD>2398</SUD>
  </marketintervaldetail>
  <marketintervaldetail>
    <Data>20150519</Data>
    <Mercato>MGP</Mercato>
    <Ora>02</Ora>
    <Totale>25872</Totale>
    <CNOR>2737</CNOR>
    <CSUD>4058</CSUD>
    <NORD>14696</NORD>
    <SARD>729</SARD>
    <SICI>1410</SICI>
    <SUD>2242</SUD>
  </marketintervaldetail>
  <marketintervaldetail>
    <Data>20150519</Data>
    <Mercato>MGP</Mercato>
    <Ora>03</Ora>
    <Totale>25160</Totale>
    <CNOR>2628</CNOR>
    <CSUD>3897</CSUD>
    <NORD>14397</NORD>
    <SARD>718</SARD>
    <SICI>1357</SICI>
    <SUD>2163</SUD>
  </marketintervaldetail>
  <marketintervaldetail>
    <Data>20150519</Data>
    <Mercato>MGP</Mercato>
    <Ora>04</Ora>
    <Totale>24930</Totale>
    <CNOR>2625</CNOR>
    <CSUD>3864</CSUD>
    <NORD>14209</NORD>
    <SARD>716</SARD>
    <SICI>1328</SICI>
    <SUD>2188</SUD>
  </marketintervaldetail>
  <marketintervaldetail>
    <Data>20150519</Data>
    <Mercato>MGP</Mercato>
    <Ora>05</Ora>
    <Totale>25158</Totale>
    <CNOR>2634</CNOR>
    <CSUD>3938</CSUD>
    <NORD>14316</NORD>
    <SARD>720</SARD>
    <SICI>1339</SICI>
    <SUD>2211</SUD>
  </marketintervaldetail>
  <marketintervaldetail>
    <Data>20150519</Data>
    <Mercato>MGP</Mercato>
    <Ora>06</Ora>
    <Totale>26025</Totale>
    <CNOR>2677</CNOR>
    <CSUD>3997</CSUD>
    <NORD>15001</NORD>
    <SARD>754</SARD>
    <SICI>1382</SICI>
    <SUD>2214</SUD>
  </marketintervaldetail>
  <marketintervaldetail>
    <Data>20150519</Data>
    <Mercato>MGP</Mercato>
    <Ora>07</Ora>
    <Totale>28608</Totale>
    <CNOR>2992</CNOR>
    <CSUD>4334</CSUD>
    <NORD>16834</NORD>
    <SARD>787</SARD>
    <SICI>1454</SICI>
    <SUD>2207</SUD>
  </marketintervaldetail>
  <marketintervaldetail>
    <Data>20150519</Data>
    <Mercato>MGP</Mercato>
    <Ora>08</Ora>
    <Totale>34010</Totale>
    <CNOR>3595</CNOR>
    <CSUD>5035</CSUD>
    <NORD>20227</NORD>
    <SARD>885</SARD>
    <SICI>1678</SICI>
    <SUD>2590</SUD>
  </marketintervaldetail>
  <marketintervaldetail>
    <Data>20150519</Data>
    <Mercato>MGP</Mercato>
    <Ora>09</Ora>
    <Totale>38198</Totale>
    <CNOR>4116</CNOR>
    <CSUD>5590</CSUD>
    <NORD>22859</NORD>
    <SARD>966</SARD>
    <SICI>1880</SICI>
    <SUD>2787</SUD>
  </marketintervaldetail>
  <marketintervaldetail>
    <Data>20150519</Data>
    <Mercato>MGP</Mercato>
    <Ora>10</Ora>
    <Totale>39629</Totale>
    <CNOR>4275</CNOR>
    <CSUD>6040</CSUD>
    <NORD>23418</NORD>
    <SARD>981</SARD>
    <SICI>1990</SICI>
    <SUD>2925</SUD>
  </marketintervaldetail>
  <marketintervaldetail>
    <Data>20150519</Data>
    <Mercato>MGP</Mercato>
    <Ora>11</Ora>
    <Totale>39582</Totale>
    <CNOR>4296</CNOR>
    <CSUD>6112</CSUD>
    <NORD>23212</NORD>
    <SARD>923</SARD>
    <SICI>2083</SICI>
    <SUD>2956</SUD>
  </marketintervaldetail>
  <marketintervaldetail>
    <Data>20150519</Data>
    <Mercato>MGP</Mercato>
    <Ora>12</Ora>
    <Totale>39731</Totale>
    <CNOR>4318</CNOR>
    <CSUD>6307</CSUD>
    <NORD>23126</NORD>
    <SARD>970</SARD>
    <SICI>2107</SICI>
    <SUD>2903</SUD>
  </marketintervaldetail>
  <marketintervaldetail>
    <Data>20150519</Data>
    <Mercato>MGP</Mercato>
    <Ora>13</Ora>
    <Totale>37224</Totale>
    <CNOR>3944</CNOR>
    <CSUD>6071</CSUD>
    <NORD>21406</NORD>
    <SARD>963</SARD>
    <SICI>2079</SICI>
    <SUD>2761</SUD>
  </marketintervaldetail>
  <marketintervaldetail>
    <Data>20150519</Data>
    <Mercato>MGP</Mercato>
    <Ora>14</Ora>
    <Totale>37379</Totale>
    <CNOR>3736</CNOR>
    <CSUD>5790</CSUD>
    <NORD>22104</NORD>
    <SARD>947</SARD>
    <SICI>2042</SICI>
    <SUD>2760</SUD>
  </marketintervaldetail>
  <marketintervaldetail>
    <Data>20150519</Data>
    <Mercato>MGP</Mercato>
    <Ora>15</Ora>
    <Totale>38091</Totale>
    <CNOR>3909</CNOR>
    <CSUD>5756</CSUD>
    <NORD>23017</NORD>
    <SARD>909</SARD>
    <SICI>2053</SICI>
    <SUD>2447</SUD>
  </marketintervaldetail>
  <marketintervaldetail>
    <Data>20150519</Data>
    <Mercato>MGP</Mercato>
    <Ora>16</Ora>
    <Totale>38511</Totale>
    <CNOR>4003</CNOR>
    <CSUD>5951</CSUD>
    <NORD>23054</NORD>
    <SARD>878</SARD>
    <SICI>2028</SICI>
    <SUD>2597</SUD>
  </marketintervaldetail>
  <marketintervaldetail>
    <Data>20150519</Data>
    <Mercato>MGP</Mercato>
    <Ora>17</Ora>
    <Totale>39267</Totale>
    <CNOR>4144</CNOR>
    <CSUD>6093</CSUD>
    <NORD>23544</NORD>
    <SARD>868</SARD>
    <SICI>2037</SICI>
    <SUD>2581</SUD>
  </marketintervaldetail>
  <marketintervaldetail>
    <Data>20150519</Data>
    <Mercato>MGP</Mercato>
    <Ora>18</Ora>
    <Totale>38360</Totale>
    <CNOR>4074</CNOR>
    <CSUD>5917</CSUD>
    <NORD>22772</NORD>
    <SARD>887</SARD>
    <SICI>2042</SICI>
    <SUD>2668</SUD>
  </marketintervaldetail>
  <marketintervaldetail>
    <Data>20150519</Data>
    <Mercato>MGP</Mercato>
    <Ora>19</Ora>
    <Totale>37336</Totale>
    <CNOR>3927</CNOR>
    <CSUD>5865</CSUD>
    <NORD>21853</NORD>
    <SARD>901</SARD>
    <SICI>2038</SICI>
    <SUD>2752</SUD>
  </marketintervaldetail>
  <marketintervaldetail>
    <Data>20150519</Data>
    <Mercato>MGP</Mercato>
    <Ora>20</Ora>
    <Totale>36824</Totale>
    <CNOR>3872</CNOR>
    <CSUD>6016</CSUD>
    <NORD>21137</NORD>
    <SARD>925</SARD>
    <SICI>2020</SICI>
    <SUD>2854</SUD>
  </marketintervaldetail>
  <marketintervaldetail>
    <Data>20150519</Data>
    <Mercato>MGP</Mercato>
    <Ora>21</Ora>
    <Totale>37515</Totale>
    <CNOR>3905</CNOR>
    <CSUD>6300</CSUD>
    <NORD>20858</NORD>
    <SARD>1005</SARD>
    <SICI>2212</SICI>
    <SUD>3235</SUD>
  </marketintervaldetail>
  <marketintervaldetail>
    <Data>20150519</Data>
    <Mercato>MGP</Mercato>
    <Ora>22</Ora>
    <Totale>36422</Totale>
    <CNOR>3846</CNOR>
    <CSUD>6012</CSUD>
    <NORD>20339</NORD>
    <SARD>1026</SARD>
    <SICI>2124</SICI>
    <SUD>3075</SUD>
  </marketintervaldetail>
  <marketintervaldetail>
    <Data>20150519</Data>
    <Mercato>MGP</Mercato>
    <Ora>23</Ora>
    <Totale>33073</Totale>
    <CNOR>3566</CNOR>
    <CSUD>5465</CSUD>
    <NORD>18358</NORD>
    <SARD>973</SARD>
    <SICI>1948</SICI>
    <SUD>2763</SUD>
  </marketintervaldetail>
  <marketintervaldetail>
    <Data>20150519</Data>
    <Mercato>MGP</Mercato>
    <Ora>24</Ora>
    <Totale>30103</Totale>
    <CNOR>3267</CNOR>
    <CSUD>4911</CSUD>
    <NORD>16803</NORD>
    <SARD>913</SARD>
    <SICI>1758</SICI>
    <SUD>2451</SUD>
  </marketintervaldetail>
</NewDataSet>