<?xml version="1.0" standalone="yes"?>
<NewDataSet>
  <xs:schema id="NewDataSet" xmlns="" xmlns:xs="http://www.w3.org/2001/XMLSchema" xmlns:msdata="urn:schemas-microsoft-com:xml-msdata">
    <xs:element name="NewDataSet" msdata:IsDataSet="true" msdata:MainDataTable="marketintervaldetail" msdata:UseCurrentLocale="true">
      <xs:complexType>
        <xs:choice minOccurs="0" maxOccurs="unbounded">
          <xs:element name="marketintervaldetail">
            <xs:complexType>
              <xs:sequence>
                <xs:element name="Data" type="xs:string" minOccurs="0" />
                <xs:element name="Mercato" type="xs:string" minOccurs="0" />
                <xs:element name="Ora" type="xs:string" minOccurs="0" />
                <xs:element name="Totale" type="xs:string" minOccurs="0" />
                <xs:element name="CNOR" type="xs:string" minOccurs="0" />
                <xs:element name="CSUD" type="xs:string" minOccurs="0" />
                <xs:element name="NORD" type="xs:string" minOccurs="0" />
                <xs:element name="SARD" type="xs:string" minOccurs="0" />
                <xs:element name="SICI" type="xs:string" minOccurs="0" />
                <xs:element name="SUD" type="xs:string" minOccurs="0" />
              </xs:sequence>
            </xs:complexType>
          </xs:element>
        </xs:choice>
      </xs:complexType>
    </xs:element>
  </xs:schema>
  <marketintervaldetail>
    <Data>20150509</Data>
    <Mercato>MGP</Mercato>
    <Ora>01</Ora>
    <Totale>27203</Totale>
    <CNOR>2875</CNOR>
    <CSUD>4218</CSUD>
    <NORD>15178</NORD>
    <SARD>812</SARD>
    <SICI>1769</SICI>
    <SUD>2351</SUD>
  </marketintervaldetail>
  <marketintervaldetail>
    <Data>20150509</Data>
    <Mercato>MGP</Mercato>
    <Ora>02</Ora>
    <Totale>25352</Totale>
    <CNOR>2742</CNOR>
    <CSUD>3917</CSUD>
    <NORD>14141</NORD>
    <SARD>781</SARD>
    <SICI>1626</SICI>
    <SUD>2145</SUD>
  </marketintervaldetail>
  <marketintervaldetail>
    <Data>20150509</Data>
    <Mercato>MGP</Mercato>
    <Ora>03</Ora>
    <Totale>24453</Totale>
    <CNOR>2614</CNOR>
    <CSUD>3707</CSUD>
    <NORD>13708</NORD>
    <SARD>756</SARD>
    <SICI>1561</SICI>
    <SUD>2107</SUD>
  </marketintervaldetail>
  <marketintervaldetail>
    <Data>20150509</Data>
    <Mercato>MGP</Mercato>
    <Ora>04</Ora>
    <Totale>24019</Totale>
    <CNOR>2531</CNOR>
    <CSUD>3514</CSUD>
    <NORD>13527</NORD>
    <SARD>752</SARD>
    <SICI>1512</SICI>
    <SUD>2183</SUD>
  </marketintervaldetail>
  <marketintervaldetail>
    <Data>20150509</Data>
    <Mercato>MGP</Mercato>
    <Ora>05</Ora>
    <Totale>23925</Totale>
    <CNOR>2593</CNOR>
    <CSUD>3439</CSUD>
    <NORD>13410</NORD>
    <SARD>759</SARD>
    <SICI>1564</SICI>
    <SUD>2160</SUD>
  </marketintervaldetail>
  <marketintervaldetail>
    <Data>20150509</Data>
    <Mercato>MGP</Mercato>
    <Ora>06</Ora>
    <Totale>24039</Totale>
    <CNOR>2568</CNOR>
    <CSUD>3525</CSUD>
    <NORD>13398</NORD>
    <SARD>779</SARD>
    <SICI>1608</SICI>
    <SUD>2161</SUD>
  </marketintervaldetail>
  <marketintervaldetail>
    <Data>20150509</Data>
    <Mercato>MGP</Mercato>
    <Ora>07</Ora>
    <Totale>24189</Totale>
    <CNOR>2561</CNOR>
    <CSUD>3599</CSUD>
    <NORD>13378</NORD>
    <SARD>811</SARD>
    <SICI>1653</SICI>
    <SUD>2187</SUD>
  </marketintervaldetail>
  <marketintervaldetail>
    <Data>20150509</Data>
    <Mercato>MGP</Mercato>
    <Ora>08</Ora>
    <Totale>27386</Totale>
    <CNOR>2835</CNOR>
    <CSUD>4171</CSUD>
    <NORD>15036</NORD>
    <SARD>902</SARD>
    <SICI>1936</SICI>
    <SUD>2506</SUD>
  </marketintervaldetail>
  <marketintervaldetail>
    <Data>20150509</Data>
    <Mercato>MGP</Mercato>
    <Ora>09</Ora>
    <Totale>30110</Totale>
    <CNOR>3086</CNOR>
    <CSUD>4856</CSUD>
    <NORD>16403</NORD>
    <SARD>947</SARD>
    <SICI>2121</SICI>
    <SUD>2697</SUD>
  </marketintervaldetail>
  <marketintervaldetail>
    <Data>20150509</Data>
    <Mercato>MGP</Mercato>
    <Ora>10</Ora>
    <Totale>31607</Totale>
    <CNOR>3249</CNOR>
    <CSUD>5368</CSUD>
    <NORD>17104</NORD>
    <SARD>1002</SARD>
    <SICI>2162</SICI>
    <SUD>2722</SUD>
  </marketintervaldetail>
  <marketintervaldetail>
    <Data>20150509</Data>
    <Mercato>MGP</Mercato>
    <Ora>11</Ora>
    <Totale>31388</Totale>
    <CNOR>3272</CNOR>
    <CSUD>5480</CSUD>
    <NORD>16808</NORD>
    <SARD>1039</SARD>
    <SICI>2162</SICI>
    <SUD>2627</SUD>
  </marketintervaldetail>
  <marketintervaldetail>
    <Data>20150509</Data>
    <Mercato>MGP</Mercato>
    <Ora>12</Ora>
    <Totale>30604</Totale>
    <CNOR>3228</CNOR>
    <CSUD>5512</CSUD>
    <NORD>16173</NORD>
    <SARD>1042</SARD>
    <SICI>2092</SICI>
    <SUD>2557</SUD>
  </marketintervaldetail>
  <marketintervaldetail>
    <Data>20150509</Data>
    <Mercato>MGP</Mercato>
    <Ora>13</Ora>
    <Totale>29373</Totale>
    <CNOR>3067</CNOR>
    <CSUD>5385</CSUD>
    <NORD>15119</NORD>
    <SARD>1030</SARD>
    <SICI>2150</SICI>
    <SUD>2622</SUD>
  </marketintervaldetail>
  <marketintervaldetail>
    <Data>20150509</Data>
    <Mercato>MGP</Mercato>
    <Ora>14</Ora>
    <Totale>28063</Totale>
    <CNOR>2971</CNOR>
    <CSUD>5185</CSUD>
    <NORD>14379</NORD>
    <SARD>1002</SARD>
    <SICI>2030</SICI>
    <SUD>2496</SUD>
  </marketintervaldetail>
  <marketintervaldetail>
    <Data>20150509</Data>
    <Mercato>MGP</Mercato>
    <Ora>15</Ora>
    <Totale>27621</Totale>
    <CNOR>3216</CNOR>
    <CSUD>5003</CSUD>
    <NORD>13599</NORD>
    <SARD>942</SARD>
    <SICI>2238</SICI>
    <SUD>2623</SUD>
  </marketintervaldetail>
  <marketintervaldetail>
    <Data>20150509</Data>
    <Mercato>MGP</Mercato>
    <Ora>16</Ora>
    <Totale>27507</Totale>
    <CNOR>3181</CNOR>
    <CSUD>5022</CSUD>
    <NORD>13475</NORD>
    <SARD>935</SARD>
    <SICI>2273</SICI>
    <SUD>2621</SUD>
  </marketintervaldetail>
  <marketintervaldetail>
    <Data>20150509</Data>
    <Mercato>MGP</Mercato>
    <Ora>17</Ora>
    <Totale>27792</Totale>
    <CNOR>3122</CNOR>
    <CSUD>4926</CSUD>
    <NORD>13784</NORD>
    <SARD>909</SARD>
    <SICI>2310</SICI>
    <SUD>2741</SUD>
  </marketintervaldetail>
  <marketintervaldetail>
    <Data>20150509</Data>
    <Mercato>MGP</Mercato>
    <Ora>18</Ora>
    <Totale>28455</Totale>
    <CNOR>3297</CNOR>
    <CSUD>4815</CSUD>
    <NORD>14214</NORD>
    <SARD>916</SARD>
    <SICI>2298</SICI>
    <SUD>2915</SUD>
  </marketintervaldetail>
  <marketintervaldetail>
    <Data>20150509</Data>
    <Mercato>MGP</Mercato>
    <Ora>19</Ora>
    <Totale>28862</Totale>
    <CNOR>3315</CNOR>
    <CSUD>4714</CSUD>
    <NORD>14618</NORD>
    <SARD>940</SARD>
    <SICI>2156</SICI>
    <SUD>3119</SUD>
  </marketintervaldetail>
  <marketintervaldetail>
    <Data>20150509</Data>
    <Mercato>MGP</Mercato>
    <Ora>20</Ora>
    <Totale>29751</Totale>
    <CNOR>3583</CNOR>
    <CSUD>4771</CSUD>
    <NORD>14965</NORD>
    <SARD>962</SARD>
    <SICI>2212</SICI>
    <SUD>3258</SUD>
  </marketintervaldetail>
  <marketintervaldetail>
    <Data>20150509</Data>
    <Mercato>MGP</Mercato>
    <Ora>21</Ora>
    <Totale>31571</Totale>
    <CNOR>3644</CNOR>
    <CSUD>5650</CSUD>
    <NORD>15618</NORD>
    <SARD>1012</SARD>
    <SICI>2405</SICI>
    <SUD>3242</SUD>
  </marketintervaldetail>
  <marketintervaldetail>
    <Data>20150509</Data>
    <Mercato>MGP</Mercato>
    <Ora>22</Ora>
    <Totale>31041</Totale>
    <CNOR>3637</CNOR>
    <CSUD>5412</CSUD>
    <NORD>15704</NORD>
    <SARD>972</SARD>
    <SICI>2272</SICI>
    <SUD>3044</SUD>
  </marketintervaldetail>
  <marketintervaldetail>
    <Data>20150509</Data>
    <Mercato>MGP</Mercato>
    <Ora>23</Ora>
    <Totale>28550</Totale>
    <CNOR>3436</CNOR>
    <CSUD>4579</CSUD>
    <NORD>14482</NORD>
    <SARD>923</SARD>
    <SICI>2124</SICI>
    <SUD>3006</SUD>
  </marketintervaldetail>
  <marketintervaldetail>
    <Data>20150509</Data>
    <Mercato>MGP</Mercato>
    <Ora>24</Ora>
    <Totale>26436</Totale>
    <CNOR>2954</CNOR>
    <CSUD>4754</CSUD>
    <NORD>13446</NORD>
    <SARD>902</SARD>
    <SICI>1962</SICI>
    <SUD>2418</SUD>
  </marketintervaldetail>
</NewDataSet>