<?xml version="1.0" standalone="yes"?>
<NewDataSet>
  <xs:schema id="NewDataSet" xmlns="" xmlns:xs="http://www.w3.org/2001/XMLSchema" xmlns:msdata="urn:schemas-microsoft-com:xml-msdata">
    <xs:element name="NewDataSet" msdata:IsDataSet="true" msdata:MainDataTable="marketintervaldetail" msdata:UseCurrentLocale="true">
      <xs:complexType>
        <xs:choice minOccurs="0" maxOccurs="unbounded">
          <xs:element name="marketintervaldetail">
            <xs:complexType>
              <xs:sequence>
                <xs:element name="Data" type="xs:string" minOccurs="0" />
                <xs:element name="Mercato" type="xs:string" minOccurs="0" />
                <xs:element name="Ora" type="xs:string" minOccurs="0" />
                <xs:element name="Totale" type="xs:string" minOccurs="0" />
                <xs:element name="CNOR" type="xs:string" minOccurs="0" />
                <xs:element name="CSUD" type="xs:string" minOccurs="0" />
                <xs:element name="NORD" type="xs:string" minOccurs="0" />
                <xs:element name="SARD" type="xs:string" minOccurs="0" />
                <xs:element name="SICI" type="xs:string" minOccurs="0" />
                <xs:element name="SUD" type="xs:string" minOccurs="0" />
              </xs:sequence>
            </xs:complexType>
          </xs:element>
        </xs:choice>
      </xs:complexType>
    </xs:element>
  </xs:schema>
  <marketintervaldetail>
    <Data>20150512</Data>
    <Mercato>MGP</Mercato>
    <Ora>01</Ora>
    <Totale>28046</Totale>
    <CNOR>2847</CNOR>
    <CSUD>4327</CSUD>
    <NORD>15841</NORD>
    <SARD>833</SARD>
    <SICI>1695</SICI>
    <SUD>2503</SUD>
  </marketintervaldetail>
  <marketintervaldetail>
    <Data>20150512</Data>
    <Mercato>MGP</Mercato>
    <Ora>02</Ora>
    <Totale>26177</Totale>
    <CNOR>2624</CNOR>
    <CSUD>3938</CSUD>
    <NORD>14973</NORD>
    <SARD>792</SARD>
    <SICI>1562</SICI>
    <SUD>2288</SUD>
  </marketintervaldetail>
  <marketintervaldetail>
    <Data>20150512</Data>
    <Mercato>MGP</Mercato>
    <Ora>03</Ora>
    <Totale>25326</Totale>
    <CNOR>2539</CNOR>
    <CSUD>3785</CSUD>
    <NORD>14542</NORD>
    <SARD>777</SARD>
    <SICI>1494</SICI>
    <SUD>2189</SUD>
  </marketintervaldetail>
  <marketintervaldetail>
    <Data>20150512</Data>
    <Mercato>MGP</Mercato>
    <Ora>04</Ora>
    <Totale>24787</Totale>
    <CNOR>2517</CNOR>
    <CSUD>3706</CSUD>
    <NORD>14156</NORD>
    <SARD>769</SARD>
    <SICI>1476</SICI>
    <SUD>2163</SUD>
  </marketintervaldetail>
  <marketintervaldetail>
    <Data>20150512</Data>
    <Mercato>MGP</Mercato>
    <Ora>05</Ora>
    <Totale>24866</Totale>
    <CNOR>2490</CNOR>
    <CSUD>3670</CSUD>
    <NORD>14257</NORD>
    <SARD>775</SARD>
    <SICI>1479</SICI>
    <SUD>2195</SUD>
  </marketintervaldetail>
  <marketintervaldetail>
    <Data>20150512</Data>
    <Mercato>MGP</Mercato>
    <Ora>06</Ora>
    <Totale>25303</Totale>
    <CNOR>2545</CNOR>
    <CSUD>3687</CSUD>
    <NORD>14558</NORD>
    <SARD>804</SARD>
    <SICI>1541</SICI>
    <SUD>2168</SUD>
  </marketintervaldetail>
  <marketintervaldetail>
    <Data>20150512</Data>
    <Mercato>MGP</Mercato>
    <Ora>07</Ora>
    <Totale>27828</Totale>
    <CNOR>2874</CNOR>
    <CSUD>3954</CSUD>
    <NORD>16244</NORD>
    <SARD>846</SARD>
    <SICI>1655</SICI>
    <SUD>2255</SUD>
  </marketintervaldetail>
  <marketintervaldetail>
    <Data>20150512</Data>
    <Mercato>MGP</Mercato>
    <Ora>08</Ora>
    <Totale>33156</Totale>
    <CNOR>3496</CNOR>
    <CSUD>4710</CSUD>
    <NORD>19376</NORD>
    <SARD>954</SARD>
    <SICI>1959</SICI>
    <SUD>2661</SUD>
  </marketintervaldetail>
  <marketintervaldetail>
    <Data>20150512</Data>
    <Mercato>MGP</Mercato>
    <Ora>09</Ora>
    <Totale>37332</Totale>
    <CNOR>3965</CNOR>
    <CSUD>5356</CSUD>
    <NORD>21899</NORD>
    <SARD>1027</SARD>
    <SICI>2158</SICI>
    <SUD>2927</SUD>
  </marketintervaldetail>
  <marketintervaldetail>
    <Data>20150512</Data>
    <Mercato>MGP</Mercato>
    <Ora>10</Ora>
    <Totale>38803</Totale>
    <CNOR>4144</CNOR>
    <CSUD>5753</CSUD>
    <NORD>22650</NORD>
    <SARD>1027</SARD>
    <SICI>2241</SICI>
    <SUD>2988</SUD>
  </marketintervaldetail>
  <marketintervaldetail>
    <Data>20150512</Data>
    <Mercato>MGP</Mercato>
    <Ora>11</Ora>
    <Totale>39063</Totale>
    <CNOR>4176</CNOR>
    <CSUD>6132</CSUD>
    <NORD>22746</NORD>
    <SARD>1013</SARD>
    <SICI>2179</SICI>
    <SUD>2817</SUD>
  </marketintervaldetail>
  <marketintervaldetail>
    <Data>20150512</Data>
    <Mercato>MGP</Mercato>
    <Ora>12</Ora>
    <Totale>39650</Totale>
    <CNOR>4078</CNOR>
    <CSUD>6304</CSUD>
    <NORD>23207</NORD>
    <SARD>1017</SARD>
    <SICI>2165</SICI>
    <SUD>2879</SUD>
  </marketintervaldetail>
  <marketintervaldetail>
    <Data>20150512</Data>
    <Mercato>MGP</Mercato>
    <Ora>13</Ora>
    <Totale>37238</Totale>
    <CNOR>3794</CNOR>
    <CSUD>6176</CSUD>
    <NORD>21497</NORD>
    <SARD>985</SARD>
    <SICI>2101</SICI>
    <SUD>2685</SUD>
  </marketintervaldetail>
  <marketintervaldetail>
    <Data>20150512</Data>
    <Mercato>MGP</Mercato>
    <Ora>14</Ora>
    <Totale>37320</Totale>
    <CNOR>3731</CNOR>
    <CSUD>5997</CSUD>
    <NORD>22005</NORD>
    <SARD>987</SARD>
    <SICI>2066</SICI>
    <SUD>2534</SUD>
  </marketintervaldetail>
  <marketintervaldetail>
    <Data>20150512</Data>
    <Mercato>MGP</Mercato>
    <Ora>15</Ora>
    <Totale>39047</Totale>
    <CNOR>4008</CNOR>
    <CSUD>6007</CSUD>
    <NORD>23555</NORD>
    <SARD>946</SARD>
    <SICI>1988</SICI>
    <SUD>2543</SUD>
  </marketintervaldetail>
  <marketintervaldetail>
    <Data>20150512</Data>
    <Mercato>MGP</Mercato>
    <Ora>16</Ora>
    <Totale>39510</Totale>
    <CNOR>4071</CNOR>
    <CSUD>5980</CSUD>
    <NORD>23890</NORD>
    <SARD>889</SARD>
    <SICI>2029</SICI>
    <SUD>2651</SUD>
  </marketintervaldetail>
  <marketintervaldetail>
    <Data>20150512</Data>
    <Mercato>MGP</Mercato>
    <Ora>17</Ora>
    <Totale>39736</Totale>
    <CNOR>4121</CNOR>
    <CSUD>6065</CSUD>
    <NORD>23852</NORD>
    <SARD>919</SARD>
    <SICI>2092</SICI>
    <SUD>2687</SUD>
  </marketintervaldetail>
  <marketintervaldetail>
    <Data>20150512</Data>
    <Mercato>MGP</Mercato>
    <Ora>18</Ora>
    <Totale>38462</Totale>
    <CNOR>3999</CNOR>
    <CSUD>5977</CSUD>
    <NORD>22601</NORD>
    <SARD>924</SARD>
    <SICI>2139</SICI>
    <SUD>2822</SUD>
  </marketintervaldetail>
  <marketintervaldetail>
    <Data>20150512</Data>
    <Mercato>MGP</Mercato>
    <Ora>19</Ora>
    <Totale>36789</Totale>
    <CNOR>3749</CNOR>
    <CSUD>5926</CSUD>
    <NORD>21288</NORD>
    <SARD>948</SARD>
    <SICI>2140</SICI>
    <SUD>2738</SUD>
  </marketintervaldetail>
  <marketintervaldetail>
    <Data>20150512</Data>
    <Mercato>MGP</Mercato>
    <Ora>20</Ora>
    <Totale>36236</Totale>
    <CNOR>3846</CNOR>
    <CSUD>5991</CSUD>
    <NORD>20358</NORD>
    <SARD>987</SARD>
    <SICI>2170</SICI>
    <SUD>2884</SUD>
  </marketintervaldetail>
  <marketintervaldetail>
    <Data>20150512</Data>
    <Mercato>MGP</Mercato>
    <Ora>21</Ora>
    <Totale>37603</Totale>
    <CNOR>4071</CNOR>
    <CSUD>6234</CSUD>
    <NORD>20532</NORD>
    <SARD>1072</SARD>
    <SICI>2320</SICI>
    <SUD>3374</SUD>
  </marketintervaldetail>
  <marketintervaldetail>
    <Data>20150512</Data>
    <Mercato>MGP</Mercato>
    <Ora>22</Ora>
    <Totale>36330</Totale>
    <CNOR>3943</CNOR>
    <CSUD>5944</CSUD>
    <NORD>20079</NORD>
    <SARD>1054</SARD>
    <SICI>2148</SICI>
    <SUD>3162</SUD>
  </marketintervaldetail>
  <marketintervaldetail>
    <Data>20150512</Data>
    <Mercato>MGP</Mercato>
    <Ora>23</Ora>
    <Totale>32950</Totale>
    <CNOR>3522</CNOR>
    <CSUD>5314</CSUD>
    <NORD>18254</NORD>
    <SARD>967</SARD>
    <SICI>2014</SICI>
    <SUD>2879</SUD>
  </marketintervaldetail>
  <marketintervaldetail>
    <Data>20150512</Data>
    <Mercato>MGP</Mercato>
    <Ora>24</Ora>
    <Totale>29957</Totale>
    <CNOR>3180</CNOR>
    <CSUD>4663</CSUD>
    <NORD>16807</NORD>
    <SARD>887</SARD>
    <SICI>1808</SICI>
    <SUD>2612</SUD>
  </marketintervaldetail>
</NewDataSet>