<?xml version="1.0" standalone="yes"?>
<NewDataSet>
  <xs:schema id="NewDataSet" xmlns="" xmlns:xs="http://www.w3.org/2001/XMLSchema" xmlns:msdata="urn:schemas-microsoft-com:xml-msdata">
    <xs:element name="NewDataSet" msdata:IsDataSet="true" msdata:MainDataTable="marketintervaldetail" msdata:UseCurrentLocale="true">
      <xs:complexType>
        <xs:choice minOccurs="0" maxOccurs="unbounded">
          <xs:element name="marketintervaldetail">
            <xs:complexType>
              <xs:sequence>
                <xs:element name="Data" type="xs:string" minOccurs="0" />
                <xs:element name="Mercato" type="xs:string" minOccurs="0" />
                <xs:element name="Ora" type="xs:string" minOccurs="0" />
                <xs:element name="Totale" type="xs:string" minOccurs="0" />
                <xs:element name="CNOR" type="xs:string" minOccurs="0" />
                <xs:element name="CSUD" type="xs:string" minOccurs="0" />
                <xs:element name="NORD" type="xs:string" minOccurs="0" />
                <xs:element name="SARD" type="xs:string" minOccurs="0" />
                <xs:element name="SICI" type="xs:string" minOccurs="0" />
                <xs:element name="SUD" type="xs:string" minOccurs="0" />
              </xs:sequence>
            </xs:complexType>
          </xs:element>
        </xs:choice>
      </xs:complexType>
    </xs:element>
  </xs:schema>
  <marketintervaldetail>
    <Data>20150511</Data>
    <Mercato>MGP</Mercato>
    <Ora>01</Ora>
    <Totale>22108</Totale>
    <CNOR>2239</CNOR>
    <CSUD>3895</CSUD>
    <NORD>11431</NORD>
    <SARD>812</SARD>
    <SICI>1697</SICI>
    <SUD>2034</SUD>
  </marketintervaldetail>
  <marketintervaldetail>
    <Data>20150511</Data>
    <Mercato>MGP</Mercato>
    <Ora>02</Ora>
    <Totale>20818</Totale>
    <CNOR>2128</CNOR>
    <CSUD>3537</CSUD>
    <NORD>10848</NORD>
    <SARD>779</SARD>
    <SICI>1551</SICI>
    <SUD>1975</SUD>
  </marketintervaldetail>
  <marketintervaldetail>
    <Data>20150511</Data>
    <Mercato>MGP</Mercato>
    <Ora>03</Ora>
    <Totale>19999</Totale>
    <CNOR>2011</CNOR>
    <CSUD>3349</CSUD>
    <NORD>10505</NORD>
    <SARD>763</SARD>
    <SICI>1445</SICI>
    <SUD>1926</SUD>
  </marketintervaldetail>
  <marketintervaldetail>
    <Data>20150511</Data>
    <Mercato>MGP</Mercato>
    <Ora>04</Ora>
    <Totale>19748</Totale>
    <CNOR>1972</CNOR>
    <CSUD>3342</CSUD>
    <NORD>10439</NORD>
    <SARD>759</SARD>
    <SICI>1390</SICI>
    <SUD>1846</SUD>
  </marketintervaldetail>
  <marketintervaldetail>
    <Data>20150511</Data>
    <Mercato>MGP</Mercato>
    <Ora>05</Ora>
    <Totale>20307</Totale>
    <CNOR>2027</CNOR>
    <CSUD>3395</CSUD>
    <NORD>10896</NORD>
    <SARD>767</SARD>
    <SICI>1408</SICI>
    <SUD>1814</SUD>
  </marketintervaldetail>
  <marketintervaldetail>
    <Data>20150511</Data>
    <Mercato>MGP</Mercato>
    <Ora>06</Ora>
    <Totale>21653</Totale>
    <CNOR>2067</CNOR>
    <CSUD>3550</CSUD>
    <NORD>11966</NORD>
    <SARD>794</SARD>
    <SICI>1479</SICI>
    <SUD>1797</SUD>
  </marketintervaldetail>
  <marketintervaldetail>
    <Data>20150511</Data>
    <Mercato>MGP</Mercato>
    <Ora>07</Ora>
    <Totale>25419</Totale>
    <CNOR>2434</CNOR>
    <CSUD>3995</CSUD>
    <NORD>14720</NORD>
    <SARD>819</SARD>
    <SICI>1591</SICI>
    <SUD>1860</SUD>
  </marketintervaldetail>
  <marketintervaldetail>
    <Data>20150511</Data>
    <Mercato>MGP</Mercato>
    <Ora>08</Ora>
    <Totale>31360</Totale>
    <CNOR>3062</CNOR>
    <CSUD>4836</CSUD>
    <NORD>18397</NORD>
    <SARD>912</SARD>
    <SICI>1913</SICI>
    <SUD>2240</SUD>
  </marketintervaldetail>
  <marketintervaldetail>
    <Data>20150511</Data>
    <Mercato>MGP</Mercato>
    <Ora>09</Ora>
    <Totale>36260</Totale>
    <CNOR>3711</CNOR>
    <CSUD>5501</CSUD>
    <NORD>21345</NORD>
    <SARD>992</SARD>
    <SICI>2142</SICI>
    <SUD>2569</SUD>
  </marketintervaldetail>
  <marketintervaldetail>
    <Data>20150511</Data>
    <Mercato>MGP</Mercato>
    <Ora>10</Ora>
    <Totale>37712</Totale>
    <CNOR>3934</CNOR>
    <CSUD>6007</CSUD>
    <NORD>21997</NORD>
    <SARD>992</SARD>
    <SICI>2161</SICI>
    <SUD>2621</SUD>
  </marketintervaldetail>
  <marketintervaldetail>
    <Data>20150511</Data>
    <Mercato>MGP</Mercato>
    <Ora>11</Ora>
    <Totale>38062</Totale>
    <CNOR>3822</CNOR>
    <CSUD>5965</CSUD>
    <NORD>22549</NORD>
    <SARD>976</SARD>
    <SICI>2140</SICI>
    <SUD>2610</SUD>
  </marketintervaldetail>
  <marketintervaldetail>
    <Data>20150511</Data>
    <Mercato>MGP</Mercato>
    <Ora>12</Ora>
    <Totale>38111</Totale>
    <CNOR>3860</CNOR>
    <CSUD>6035</CSUD>
    <NORD>22602</NORD>
    <SARD>930</SARD>
    <SICI>2092</SICI>
    <SUD>2592</SUD>
  </marketintervaldetail>
  <marketintervaldetail>
    <Data>20150511</Data>
    <Mercato>MGP</Mercato>
    <Ora>13</Ora>
    <Totale>35956</Totale>
    <CNOR>3520</CNOR>
    <CSUD>5801</CSUD>
    <NORD>21013</NORD>
    <SARD>907</SARD>
    <SICI>2051</SICI>
    <SUD>2664</SUD>
  </marketintervaldetail>
  <marketintervaldetail>
    <Data>20150511</Data>
    <Mercato>MGP</Mercato>
    <Ora>14</Ora>
    <Totale>35724</Totale>
    <CNOR>3513</CNOR>
    <CSUD>5772</CSUD>
    <NORD>21024</NORD>
    <SARD>897</SARD>
    <SICI>1983</SICI>
    <SUD>2535</SUD>
  </marketintervaldetail>
  <marketintervaldetail>
    <Data>20150511</Data>
    <Mercato>MGP</Mercato>
    <Ora>15</Ora>
    <Totale>36538</Totale>
    <CNOR>3767</CNOR>
    <CSUD>5785</CSUD>
    <NORD>21599</NORD>
    <SARD>910</SARD>
    <SICI>2031</SICI>
    <SUD>2446</SUD>
  </marketintervaldetail>
  <marketintervaldetail>
    <Data>20150511</Data>
    <Mercato>MGP</Mercato>
    <Ora>16</Ora>
    <Totale>36557</Totale>
    <CNOR>3835</CNOR>
    <CSUD>5653</CSUD>
    <NORD>21578</NORD>
    <SARD>900</SARD>
    <SICI>2021</SICI>
    <SUD>2570</SUD>
  </marketintervaldetail>
  <marketintervaldetail>
    <Data>20150511</Data>
    <Mercato>MGP</Mercato>
    <Ora>17</Ora>
    <Totale>36811</Totale>
    <CNOR>3815</CNOR>
    <CSUD>5659</CSUD>
    <NORD>21624</NORD>
    <SARD>931</SARD>
    <SICI>2097</SICI>
    <SUD>2685</SUD>
  </marketintervaldetail>
  <marketintervaldetail>
    <Data>20150511</Data>
    <Mercato>MGP</Mercato>
    <Ora>18</Ora>
    <Totale>36132</Totale>
    <CNOR>3736</CNOR>
    <CSUD>5752</CSUD>
    <NORD>20959</NORD>
    <SARD>947</SARD>
    <SICI>2131</SICI>
    <SUD>2607</SUD>
  </marketintervaldetail>
  <marketintervaldetail>
    <Data>20150511</Data>
    <Mercato>MGP</Mercato>
    <Ora>19</Ora>
    <Totale>35087</Totale>
    <CNOR>3673</CNOR>
    <CSUD>5600</CSUD>
    <NORD>20067</NORD>
    <SARD>945</SARD>
    <SICI>2151</SICI>
    <SUD>2651</SUD>
  </marketintervaldetail>
  <marketintervaldetail>
    <Data>20150511</Data>
    <Mercato>MGP</Mercato>
    <Ora>20</Ora>
    <Totale>35386</Totale>
    <CNOR>3891</CNOR>
    <CSUD>5504</CSUD>
    <NORD>19857</NORD>
    <SARD>980</SARD>
    <SICI>2202</SICI>
    <SUD>2952</SUD>
  </marketintervaldetail>
  <marketintervaldetail>
    <Data>20150511</Data>
    <Mercato>MGP</Mercato>
    <Ora>21</Ora>
    <Totale>37132</Totale>
    <CNOR>3921</CNOR>
    <CSUD>6150</CSUD>
    <NORD>20443</NORD>
    <SARD>1047</SARD>
    <SICI>2407</SICI>
    <SUD>3164</SUD>
  </marketintervaldetail>
  <marketintervaldetail>
    <Data>20150511</Data>
    <Mercato>MGP</Mercato>
    <Ora>22</Ora>
    <Totale>36009</Totale>
    <CNOR>3900</CNOR>
    <CSUD>5719</CSUD>
    <NORD>19927</NORD>
    <SARD>1024</SARD>
    <SICI>2290</SICI>
    <SUD>3149</SUD>
  </marketintervaldetail>
  <marketintervaldetail>
    <Data>20150511</Data>
    <Mercato>MGP</Mercato>
    <Ora>23</Ora>
    <Totale>32436</Totale>
    <CNOR>3398</CNOR>
    <CSUD>5298</CSUD>
    <NORD>17926</NORD>
    <SARD>942</SARD>
    <SICI>2115</SICI>
    <SUD>2757</SUD>
  </marketintervaldetail>
  <marketintervaldetail>
    <Data>20150511</Data>
    <Mercato>MGP</Mercato>
    <Ora>24</Ora>
    <Totale>29358</Totale>
    <CNOR>3138</CNOR>
    <CSUD>4539</CSUD>
    <NORD>16325</NORD>
    <SARD>880</SARD>
    <SICI>1906</SICI>
    <SUD>2570</SUD>
  </marketintervaldetail>
</NewDataSet>