<?xml version="1.0" standalone="yes"?>
<NewDataSet>
  <xs:schema id="NewDataSet" xmlns="" xmlns:xs="http://www.w3.org/2001/XMLSchema" xmlns:msdata="urn:schemas-microsoft-com:xml-msdata">
    <xs:element name="NewDataSet" msdata:IsDataSet="true" msdata:UseCurrentLocale="true">
      <xs:complexType>
        <xs:choice minOccurs="0" maxOccurs="unbounded">
          <xs:element name="Prezzi">
            <xs:complexType>
              <xs:sequence>
                <xs:element name="Data" type="xs:string" minOccurs="0" />
                <xs:element name="Mercato" type="xs:string" minOccurs="0" />
                <xs:element name="Ora" type="xs:string" minOccurs="0" />
                <xs:element name="PUN" type="xs:string" minOccurs="0" />
                <xs:element name="NAT" type="xs:string" minOccurs="0" />
                <xs:element name="CNOR" type="xs:string" minOccurs="0" />
                <xs:element name="CSUD" type="xs:string" minOccurs="0" />
                <xs:element name="NORD" type="xs:string" minOccurs="0" />
                <xs:element name="SARD" type="xs:string" minOccurs="0" />
                <xs:element name="SICI" type="xs:string" minOccurs="0" />
                <xs:element name="SUD" type="xs:string" minOccurs="0" />
                <xs:element name="AUST" type="xs:string" minOccurs="0" />
                <xs:element name="BRNN" type="xs:string" minOccurs="0" />
                <xs:element name="COAC" type="xs:string" minOccurs="0" />
                <xs:element name="CORS" type="xs:string" minOccurs="0" />
                <xs:element name="FOGN" type="xs:string" minOccurs="0" />
                <xs:element name="FRAN" type="xs:string" minOccurs="0" />
                <xs:element name="GREC" type="xs:string" minOccurs="0" />
                <xs:element name="MFTV" type="xs:string" minOccurs="0" />
                <xs:element name="PRGP" type="xs:string" minOccurs="0" />
                <xs:element name="ROSN" type="xs:string" minOccurs="0" />
                <xs:element name="SLOV" type="xs:string" minOccurs="0" />
                <xs:element name="SVIZ" type="xs:string" minOccurs="0" />
                <xs:element name="BSP" type="xs:string" minOccurs="0" />
              </xs:sequence>
            </xs:complexType>
          </xs:element>
        </xs:choice>
      </xs:complexType>
    </xs:element>
  </xs:schema>
  <Prezzi>
    <Data>20141112</Data>
    <Mercato>MGP</Mercato>
    <Ora>1</Ora>
    <PUN>40,330000</PUN>
    <NAT>37,500000</NAT>
    <CNOR>40,330000</CNOR>
    <CSUD>40,330000</CSUD>
    <NORD>40,330000</NORD>
    <SARD>40,330000</SARD>
    <SICI>40,330000</SICI>
    <SUD>40,330000</SUD>
    <AUST>40,330000</AUST>
    <BRNN>40,330000</BRNN>
    <COAC>40,330000</COAC>
    <CORS>40,330000</CORS>
    <FOGN>40,330000</FOGN>
    <FRAN>40,330000</FRAN>
    <GREC>40,330000</GREC>
    <MFTV>40,330000</MFTV>
    <PRGP>40,330000</PRGP>
    <ROSN>40,330000</ROSN>
    <SLOV>40,330000</SLOV>
    <SVIZ>40,330000</SVIZ>
    <BSP>24,280000</BSP>
  </Prezzi>
  <Prezzi>
    <Data>20141112</Data>
    <Mercato>MGP</Mercato>
    <Ora>2</Ora>
    <PUN>35,870000</PUN>
    <NAT>31,150000</NAT>
    <CNOR>35,870000</CNOR>
    <CSUD>35,870000</CSUD>
    <NORD>35,870000</NORD>
    <SARD>35,870000</SARD>
    <SICI>35,870000</SICI>
    <SUD>35,870000</SUD>
    <AUST>35,870000</AUST>
    <BRNN>35,870000</BRNN>
    <COAC>35,870000</COAC>
    <CORS>35,870000</CORS>
    <FOGN>35,870000</FOGN>
    <FRAN>35,870000</FRAN>
    <GREC>35,870000</GREC>
    <MFTV>35,870000</MFTV>
    <PRGP>35,870000</PRGP>
    <ROSN>35,870000</ROSN>
    <SLOV>35,870000</SLOV>
    <SVIZ>35,870000</SVIZ>
    <BSP>22,360000</BSP>
  </Prezzi>
  <Prezzi>
    <Data>20141112</Data>
    <Mercato>MGP</Mercato>
    <Ora>3</Ora>
    <PUN>35,500000</PUN>
    <NAT>25,550000</NAT>
    <CNOR>35,500000</CNOR>
    <CSUD>35,500000</CSUD>
    <NORD>35,500000</NORD>
    <SARD>35,500000</SARD>
    <SICI>35,500000</SICI>
    <SUD>35,500000</SUD>
    <AUST>35,500000</AUST>
    <BRNN>35,500000</BRNN>
    <COAC>35,500000</COAC>
    <CORS>35,500000</CORS>
    <FOGN>35,500000</FOGN>
    <FRAN>35,500000</FRAN>
    <GREC>35,500000</GREC>
    <MFTV>35,500000</MFTV>
    <PRGP>35,500000</PRGP>
    <ROSN>35,500000</ROSN>
    <SLOV>35,500000</SLOV>
    <SVIZ>35,500000</SVIZ>
    <BSP>20,580000</BSP>
  </Prezzi>
  <Prezzi>
    <Data>20141112</Data>
    <Mercato>MGP</Mercato>
    <Ora>4</Ora>
    <PUN>24,100000</PUN>
    <NAT>22,000000</NAT>
    <CNOR>24,100000</CNOR>
    <CSUD>24,100000</CSUD>
    <NORD>24,100000</NORD>
    <SARD>24,100000</SARD>
    <SICI>24,100000</SICI>
    <SUD>24,100000</SUD>
    <AUST>24,100000</AUST>
    <BRNN>24,100000</BRNN>
    <COAC>24,100000</COAC>
    <CORS>24,100000</CORS>
    <FOGN>24,100000</FOGN>
    <FRAN>24,100000</FRAN>
    <GREC>24,100000</GREC>
    <MFTV>24,100000</MFTV>
    <PRGP>24,100000</PRGP>
    <ROSN>24,100000</ROSN>
    <SLOV>24,100000</SLOV>
    <SVIZ>24,100000</SVIZ>
    <BSP>20,030000</BSP>
  </Prezzi>
  <Prezzi>
    <Data>20141112</Data>
    <Mercato>MGP</Mercato>
    <Ora>5</Ora>
    <PUN>35,000000</PUN>
    <NAT>23,680000</NAT>
    <CNOR>35,000000</CNOR>
    <CSUD>35,000000</CSUD>
    <NORD>35,000000</NORD>
    <SARD>35,000000</SARD>
    <SICI>35,000000</SICI>
    <SUD>35,000000</SUD>
    <AUST>35,000000</AUST>
    <BRNN>35,000000</BRNN>
    <COAC>35,000000</COAC>
    <CORS>35,000000</CORS>
    <FOGN>35,000000</FOGN>
    <FRAN>35,000000</FRAN>
    <GREC>35,000000</GREC>
    <MFTV>35,000000</MFTV>
    <PRGP>35,000000</PRGP>
    <ROSN>35,000000</ROSN>
    <SLOV>35,000000</SLOV>
    <SVIZ>35,000000</SVIZ>
    <BSP>22,210000</BSP>
  </Prezzi>
  <Prezzi>
    <Data>20141112</Data>
    <Mercato>MGP</Mercato>
    <Ora>6</Ora>
    <PUN>40,365095</PUN>
    <NAT>37,870000</NAT>
    <CNOR>39,500000</CNOR>
    <CSUD>39,500000</CSUD>
    <NORD>39,500000</NORD>
    <SARD>39,500000</SARD>
    <SICI>55,000000</SICI>
    <SUD>39,500000</SUD>
    <AUST>39,500000</AUST>
    <BRNN>39,500000</BRNN>
    <COAC>39,500000</COAC>
    <CORS>39,500000</CORS>
    <FOGN>39,500000</FOGN>
    <FRAN>39,500000</FRAN>
    <GREC>39,500000</GREC>
    <MFTV>39,500000</MFTV>
    <PRGP>55,000000</PRGP>
    <ROSN>39,500000</ROSN>
    <SLOV>39,500000</SLOV>
    <SVIZ>39,500000</SVIZ>
    <BSP>28,290000</BSP>
  </Prezzi>
  <Prezzi>
    <Data>20141112</Data>
    <Mercato>MGP</Mercato>
    <Ora>7</Ora>
    <PUN>55,190000</PUN>
    <NAT>53,640000</NAT>
    <CNOR>55,190000</CNOR>
    <CSUD>55,190000</CSUD>
    <NORD>55,190000</NORD>
    <SARD>55,190000</SARD>
    <SICI>55,190000</SICI>
    <SUD>55,190000</SUD>
    <AUST>55,190000</AUST>
    <BRNN>55,190000</BRNN>
    <COAC>55,190000</COAC>
    <CORS>55,190000</CORS>
    <FOGN>55,190000</FOGN>
    <FRAN>55,190000</FRAN>
    <GREC>55,190000</GREC>
    <MFTV>55,190000</MFTV>
    <PRGP>55,190000</PRGP>
    <ROSN>55,190000</ROSN>
    <SLOV>55,190000</SLOV>
    <SVIZ>55,190000</SVIZ>
    <BSP>35,450000</BSP>
  </Prezzi>
  <Prezzi>
    <Data>20141112</Data>
    <Mercato>MGP</Mercato>
    <Ora>8</Ora>
    <PUN>61,982681</PUN>
    <NAT>59,840000</NAT>
    <CNOR>60,180000</CNOR>
    <CSUD>60,180000</CSUD>
    <NORD>60,180000</NORD>
    <SARD>60,180000</SARD>
    <SICI>93,930000</SICI>
    <SUD>60,180000</SUD>
    <AUST>60,180000</AUST>
    <BRNN>60,180000</BRNN>
    <COAC>60,180000</COAC>
    <CORS>60,180000</CORS>
    <FOGN>60,180000</FOGN>
    <FRAN>60,180000</FRAN>
    <GREC>60,180000</GREC>
    <MFTV>60,180000</MFTV>
    <PRGP>93,930000</PRGP>
    <ROSN>60,180000</ROSN>
    <SLOV>60,180000</SLOV>
    <SVIZ>60,180000</SVIZ>
    <BSP>49,740000</BSP>
  </Prezzi>
  <Prezzi>
    <Data>20141112</Data>
    <Mercato>MGP</Mercato>
    <Ora>9</Ora>
    <PUN>70,320000</PUN>
    <NAT>68,000000</NAT>
    <CNOR>70,320000</CNOR>
    <CSUD>70,320000</CSUD>
    <NORD>70,320000</NORD>
    <SARD>70,320000</SARD>
    <SICI>70,320000</SICI>
    <SUD>70,320000</SUD>
    <AUST>70,320000</AUST>
    <BRNN>70,320000</BRNN>
    <COAC>70,320000</COAC>
    <CORS>70,320000</CORS>
    <FOGN>70,320000</FOGN>
    <FRAN>70,320000</FRAN>
    <GREC>70,320000</GREC>
    <MFTV>70,320000</MFTV>
    <PRGP>70,320000</PRGP>
    <ROSN>70,320000</ROSN>
    <SLOV>70,320000</SLOV>
    <SVIZ>70,320000</SVIZ>
    <BSP>53,670000</BSP>
  </Prezzi>
  <Prezzi>
    <Data>20141112</Data>
    <Mercato>MGP</Mercato>
    <Ora>10</Ora>
    <PUN>74,990000</PUN>
    <NAT>70,000000</NAT>
    <CNOR>74,990000</CNOR>
    <CSUD>74,990000</CSUD>
    <NORD>74,990000</NORD>
    <SARD>74,990000</SARD>
    <SICI>74,990000</SICI>
    <SUD>74,990000</SUD>
    <AUST>74,990000</AUST>
    <BRNN>74,990000</BRNN>
    <COAC>74,990000</COAC>
    <CORS>74,990000</CORS>
    <FOGN>74,990000</FOGN>
    <FRAN>74,990000</FRAN>
    <GREC>74,990000</GREC>
    <MFTV>74,990000</MFTV>
    <PRGP>74,990000</PRGP>
    <ROSN>74,990000</ROSN>
    <SLOV>74,990000</SLOV>
    <SVIZ>74,990000</SVIZ>
    <BSP>52,080000</BSP>
  </Prezzi>
  <Prezzi>
    <Data>20141112</Data>
    <Mercato>MGP</Mercato>
    <Ora>11</Ora>
    <PUN>65,250000</PUN>
    <NAT>62,100000</NAT>
    <CNOR>65,250000</CNOR>
    <CSUD>65,250000</CSUD>
    <NORD>65,250000</NORD>
    <SARD>65,250000</SARD>
    <SICI>65,250000</SICI>
    <SUD>65,250000</SUD>
    <AUST>65,250000</AUST>
    <BRNN>65,250000</BRNN>
    <COAC>65,250000</COAC>
    <CORS>65,250000</CORS>
    <FOGN>65,250000</FOGN>
    <FRAN>65,250000</FRAN>
    <GREC>65,250000</GREC>
    <MFTV>65,250000</MFTV>
    <PRGP>65,250000</PRGP>
    <ROSN>65,250000</ROSN>
    <SLOV>65,250000</SLOV>
    <SVIZ>65,250000</SVIZ>
    <BSP>47,420000</BSP>
  </Prezzi>
  <Prezzi>
    <Data>20141112</Data>
    <Mercato>MGP</Mercato>
    <Ora>12</Ora>
    <PUN>61,764662</PUN>
    <NAT>59,990000</NAT>
    <CNOR>62,110000</CNOR>
    <CSUD>62,110000</CSUD>
    <NORD>62,110000</NORD>
    <SARD>62,110000</SARD>
    <SICI>55,020000</SICI>
    <SUD>62,110000</SUD>
    <AUST>62,110000</AUST>
    <BRNN>62,110000</BRNN>
    <COAC>62,110000</COAC>
    <CORS>62,110000</CORS>
    <FOGN>62,110000</FOGN>
    <FRAN>62,110000</FRAN>
    <GREC>62,110000</GREC>
    <MFTV>62,110000</MFTV>
    <PRGP>55,020000</PRGP>
    <ROSN>62,110000</ROSN>
    <SLOV>62,110000</SLOV>
    <SVIZ>62,110000</SVIZ>
    <BSP>47,790000</BSP>
  </Prezzi>
  <Prezzi>
    <Data>20141112</Data>
    <Mercato>MGP</Mercato>
    <Ora>13</Ora>
    <PUN>56,614664</PUN>
    <NAT>55,640000</NAT>
    <CNOR>56,700000</CNOR>
    <CSUD>56,700000</CSUD>
    <NORD>56,700000</NORD>
    <SARD>56,700000</SARD>
    <SICI>55,020000</SICI>
    <SUD>56,700000</SUD>
    <AUST>56,700000</AUST>
    <BRNN>56,700000</BRNN>
    <COAC>56,700000</COAC>
    <CORS>56,700000</CORS>
    <FOGN>56,700000</FOGN>
    <FRAN>56,700000</FRAN>
    <GREC>56,700000</GREC>
    <MFTV>56,700000</MFTV>
    <PRGP>55,020000</PRGP>
    <ROSN>56,700000</ROSN>
    <SLOV>56,700000</SLOV>
    <SVIZ>56,700000</SVIZ>
    <BSP>49,360000</BSP>
  </Prezzi>
  <Prezzi>
    <Data>20141112</Data>
    <Mercato>MGP</Mercato>
    <Ora>14</Ora>
    <PUN>56,616126</PUN>
    <NAT>55,030000</NAT>
    <CNOR>56,700000</CNOR>
    <CSUD>56,700000</CSUD>
    <NORD>56,700000</NORD>
    <SARD>56,700000</SARD>
    <SICI>55,020000</SICI>
    <SUD>56,700000</SUD>
    <AUST>56,700000</AUST>
    <BRNN>56,700000</BRNN>
    <COAC>56,700000</COAC>
    <CORS>56,700000</CORS>
    <FOGN>56,700000</FOGN>
    <FRAN>56,700000</FRAN>
    <GREC>56,700000</GREC>
    <MFTV>56,700000</MFTV>
    <PRGP>55,020000</PRGP>
    <ROSN>56,700000</ROSN>
    <SLOV>56,700000</SLOV>
    <SVIZ>56,700000</SVIZ>
    <BSP>47,760000</BSP>
  </Prezzi>
  <Prezzi>
    <Data>20141112</Data>
    <Mercato>MGP</Mercato>
    <Ora>15</Ora>
    <PUN>62,650000</PUN>
    <NAT>58,850000</NAT>
    <CNOR>63,040782</CNOR>
    <CSUD>63,040782</CSUD>
    <NORD>63,040782</NORD>
    <SARD>63,040782</SARD>
    <SICI>55,020000</SICI>
    <SUD>63,040782</SUD>
    <AUST>63,040782</AUST>
    <BRNN>63,040782</BRNN>
    <COAC>63,040782</COAC>
    <CORS>63,040782</CORS>
    <FOGN>63,040782</FOGN>
    <FRAN>63,040782</FRAN>
    <GREC>63,040782</GREC>
    <MFTV>63,040782</MFTV>
    <PRGP>55,020000</PRGP>
    <ROSN>63,040782</ROSN>
    <SLOV>63,040782</SLOV>
    <SVIZ>63,040782</SVIZ>
    <BSP>47,670000</BSP>
  </Prezzi>
  <Prezzi>
    <Data>20141112</Data>
    <Mercato>MGP</Mercato>
    <Ora>16</Ora>
    <PUN>66,640000</PUN>
    <NAT>65,320000</NAT>
    <CNOR>66,640000</CNOR>
    <CSUD>66,640000</CSUD>
    <NORD>66,640000</NORD>
    <SARD>66,640000</SARD>
    <SICI>66,640000</SICI>
    <SUD>66,640000</SUD>
    <AUST>66,640000</AUST>
    <BRNN>66,640000</BRNN>
    <COAC>66,640000</COAC>
    <CORS>66,640000</CORS>
    <FOGN>66,640000</FOGN>
    <FRAN>66,640000</FRAN>
    <GREC>66,640000</GREC>
    <MFTV>66,640000</MFTV>
    <PRGP>66,640000</PRGP>
    <ROSN>66,640000</ROSN>
    <SLOV>66,640000</SLOV>
    <SVIZ>66,640000</SVIZ>
    <BSP>49,700000</BSP>
  </Prezzi>
  <Prezzi>
    <Data>20141112</Data>
    <Mercato>MGP</Mercato>
    <Ora>17</Ora>
    <PUN>72,240000</PUN>
    <NAT>68,120000</NAT>
    <CNOR>70,894842</CNOR>
    <CSUD>70,894842</CSUD>
    <NORD>70,894842</NORD>
    <SARD>70,894842</SARD>
    <SICI>97,930000</SICI>
    <SUD>70,894842</SUD>
    <AUST>70,894842</AUST>
    <BRNN>70,894842</BRNN>
    <COAC>70,894842</COAC>
    <CORS>70,894842</CORS>
    <FOGN>70,894842</FOGN>
    <FRAN>70,894842</FRAN>
    <GREC>70,894842</GREC>
    <MFTV>70,894842</MFTV>
    <PRGP>97,930000</PRGP>
    <ROSN>70,894842</ROSN>
    <SLOV>70,894842</SLOV>
    <SVIZ>70,894842</SVIZ>
    <BSP>55,890000</BSP>
  </Prezzi>
  <Prezzi>
    <Data>20141112</Data>
    <Mercato>MGP</Mercato>
    <Ora>18</Ora>
    <PUN>94,760945</PUN>
    <NAT>90,000000</NAT>
    <CNOR>92,770000</CNOR>
    <CSUD>92,770000</CSUD>
    <NORD>92,770000</NORD>
    <SARD>92,770000</SARD>
    <SICI>130,000000</SICI>
    <SUD>92,770000</SUD>
    <AUST>92,770000</AUST>
    <BRNN>92,770000</BRNN>
    <COAC>92,770000</COAC>
    <CORS>92,770000</CORS>
    <FOGN>92,770000</FOGN>
    <FRAN>92,770000</FRAN>
    <GREC>92,770000</GREC>
    <MFTV>92,770000</MFTV>
    <PRGP>130,000000</PRGP>
    <ROSN>92,770000</ROSN>
    <SLOV>92,770000</SLOV>
    <SVIZ>92,770000</SVIZ>
    <BSP>76,560000</BSP>
  </Prezzi>
  <Prezzi>
    <Data>20141112</Data>
    <Mercato>MGP</Mercato>
    <Ora>19</Ora>
    <PUN>81,203911</PUN>
    <NAT>77,000000</NAT>
    <CNOR>78,710000</CNOR>
    <CSUD>78,710000</CSUD>
    <NORD>78,710000</NORD>
    <SARD>78,710000</SARD>
    <SICI>123,610000</SICI>
    <SUD>78,710000</SUD>
    <AUST>78,710000</AUST>
    <BRNN>78,710000</BRNN>
    <COAC>78,710000</COAC>
    <CORS>78,710000</CORS>
    <FOGN>78,710000</FOGN>
    <FRAN>78,710000</FRAN>
    <GREC>78,710000</GREC>
    <MFTV>78,710000</MFTV>
    <PRGP>123,610000</PRGP>
    <ROSN>78,710000</ROSN>
    <SLOV>78,710000</SLOV>
    <SVIZ>78,710000</SVIZ>
    <BSP>70,000000</BSP>
  </Prezzi>
  <Prezzi>
    <Data>20141112</Data>
    <Mercato>MGP</Mercato>
    <Ora>20</Ora>
    <PUN>69,677833</PUN>
    <NAT>67,990000</NAT>
    <CNOR>65,950000</CNOR>
    <CSUD>65,950000</CSUD>
    <NORD>65,710000</NORD>
    <SARD>65,950000</SARD>
    <SICI>131,500000</SICI>
    <SUD>65,950000</SUD>
    <AUST>65,710000</AUST>
    <BRNN>65,950000</BRNN>
    <COAC>65,950000</COAC>
    <CORS>65,950000</CORS>
    <FOGN>65,950000</FOGN>
    <FRAN>65,710000</FRAN>
    <GREC>65,950000</GREC>
    <MFTV>65,710000</MFTV>
    <PRGP>131,500000</PRGP>
    <ROSN>65,950000</ROSN>
    <SLOV>65,710000</SLOV>
    <SVIZ>65,710000</SVIZ>
    <BSP>61,090000</BSP>
  </Prezzi>
  <Prezzi>
    <Data>20141112</Data>
    <Mercato>MGP</Mercato>
    <Ora>21</Ora>
    <PUN>63,602235</PUN>
    <NAT>60,000000</NAT>
    <CNOR>60,260000</CNOR>
    <CSUD>60,260000</CSUD>
    <NORD>59,990000</NORD>
    <SARD>60,260000</SARD>
    <SICI>120,000000</SICI>
    <SUD>60,260000</SUD>
    <AUST>59,990000</AUST>
    <BRNN>60,260000</BRNN>
    <COAC>60,260000</COAC>
    <CORS>60,260000</CORS>
    <FOGN>60,260000</FOGN>
    <FRAN>59,990000</FRAN>
    <GREC>60,260000</GREC>
    <MFTV>59,990000</MFTV>
    <PRGP>120,000000</PRGP>
    <ROSN>60,260000</ROSN>
    <SLOV>59,990000</SLOV>
    <SVIZ>59,990000</SVIZ>
    <BSP>50,520000</BSP>
  </Prezzi>
  <Prezzi>
    <Data>20141112</Data>
    <Mercato>MGP</Mercato>
    <Ora>22</Ora>
    <PUN>56,245841</PUN>
    <NAT>53,530000</NAT>
    <CNOR>53,530000</CNOR>
    <CSUD>53,530000</CSUD>
    <NORD>53,530000</NORD>
    <SARD>53,530000</SARD>
    <SICI>99,990000</SICI>
    <SUD>53,530000</SUD>
    <AUST>53,530000</AUST>
    <BRNN>53,530000</BRNN>
    <COAC>53,530000</COAC>
    <CORS>53,530000</CORS>
    <FOGN>53,530000</FOGN>
    <FRAN>53,530000</FRAN>
    <GREC>53,530000</GREC>
    <MFTV>53,530000</MFTV>
    <PRGP>99,990000</PRGP>
    <ROSN>53,530000</ROSN>
    <SLOV>53,530000</SLOV>
    <SVIZ>53,530000</SVIZ>
    <BSP>43,210000</BSP>
  </Prezzi>
  <Prezzi>
    <Data>20141112</Data>
    <Mercato>MGP</Mercato>
    <Ora>23</Ora>
    <PUN>51,414526</PUN>
    <NAT>51,130000</NAT>
    <CNOR>51,190000</CNOR>
    <CSUD>51,190000</CSUD>
    <NORD>51,190000</NORD>
    <SARD>51,190000</SARD>
    <SICI>55,020000</SICI>
    <SUD>51,190000</SUD>
    <AUST>51,190000</AUST>
    <BRNN>51,190000</BRNN>
    <COAC>51,190000</COAC>
    <CORS>51,190000</CORS>
    <FOGN>51,190000</FOGN>
    <FRAN>51,190000</FRAN>
    <GREC>51,190000</GREC>
    <MFTV>51,190000</MFTV>
    <PRGP>55,020000</PRGP>
    <ROSN>51,190000</ROSN>
    <SLOV>51,190000</SLOV>
    <SVIZ>51,190000</SVIZ>
    <BSP>38,780000</BSP>
  </Prezzi>
  <Prezzi>
    <Data>20141112</Data>
    <Mercato>MGP</Mercato>
    <Ora>24</Ora>
    <PUN>45,882768</PUN>
    <NAT>41,870000</NAT>
    <CNOR>45,310000</CNOR>
    <CSUD>45,310000</CSUD>
    <NORD>45,310000</NORD>
    <SARD>45,310000</SARD>
    <SICI>55,000000</SICI>
    <SUD>45,310000</SUD>
    <AUST>45,310000</AUST>
    <BRNN>45,310000</BRNN>
    <COAC>45,310000</COAC>
    <CORS>45,310000</CORS>
    <FOGN>45,310000</FOGN>
    <FRAN>45,310000</FRAN>
    <GREC>45,310000</GREC>
    <MFTV>45,310000</MFTV>
    <PRGP>55,000000</PRGP>
    <ROSN>45,310000</ROSN>
    <SLOV>45,310000</SLOV>
    <SVIZ>45,310000</SVIZ>
    <BSP>31,080000</BSP>
  </Prezzi>
</NewDataSet>