<?xml version="1.0" standalone="yes"?>
<NewDataSet>
  <xs:schema id="NewDataSet" xmlns="" xmlns:xs="http://www.w3.org/2001/XMLSchema" xmlns:msdata="urn:schemas-microsoft-com:xml-msdata">
    <xs:element name="NewDataSet" msdata:IsDataSet="true" msdata:UseCurrentLocale="true">
      <xs:complexType>
        <xs:choice minOccurs="0" maxOccurs="unbounded">
          <xs:element name="Prezzi">
            <xs:complexType>
              <xs:sequence>
                <xs:element name="Data" type="xs:string" minOccurs="0" />
                <xs:element name="Mercato" type="xs:string" minOccurs="0" />
                <xs:element name="Ora" type="xs:string" minOccurs="0" />
                <xs:element name="PUN" type="xs:string" minOccurs="0" />
                <xs:element name="NAT" type="xs:string" minOccurs="0" />
                <xs:element name="CNOR" type="xs:string" minOccurs="0" />
                <xs:element name="CSUD" type="xs:string" minOccurs="0" />
                <xs:element name="NORD" type="xs:string" minOccurs="0" />
                <xs:element name="SARD" type="xs:string" minOccurs="0" />
                <xs:element name="SICI" type="xs:string" minOccurs="0" />
                <xs:element name="SUD" type="xs:string" minOccurs="0" />
                <xs:element name="AUST" type="xs:string" minOccurs="0" />
                <xs:element name="BRNN" type="xs:string" minOccurs="0" />
                <xs:element name="COAC" type="xs:string" minOccurs="0" />
                <xs:element name="CORS" type="xs:string" minOccurs="0" />
                <xs:element name="FOGN" type="xs:string" minOccurs="0" />
                <xs:element name="FRAN" type="xs:string" minOccurs="0" />
                <xs:element name="GREC" type="xs:string" minOccurs="0" />
                <xs:element name="MFTV" type="xs:string" minOccurs="0" />
                <xs:element name="PRGP" type="xs:string" minOccurs="0" />
                <xs:element name="ROSN" type="xs:string" minOccurs="0" />
                <xs:element name="SLOV" type="xs:string" minOccurs="0" />
                <xs:element name="SVIZ" type="xs:string" minOccurs="0" />
                <xs:element name="BSP" type="xs:string" minOccurs="0" />
              </xs:sequence>
            </xs:complexType>
          </xs:element>
        </xs:choice>
      </xs:complexType>
    </xs:element>
  </xs:schema>
  <Prezzi>
    <Data>20141124</Data>
    <Mercato>MGP</Mercato>
    <Ora>1</Ora>
    <PUN>50,095895</PUN>
    <NAT>46,000000</NAT>
    <CNOR>49,790000</CNOR>
    <CSUD>49,790000</CSUD>
    <NORD>49,790000</NORD>
    <SARD>49,790000</SARD>
    <SICI>54,710000</SICI>
    <SUD>49,790000</SUD>
    <AUST>49,790000</AUST>
    <BRNN>49,790000</BRNN>
    <COAC>49,790000</COAC>
    <CORS>49,790000</CORS>
    <FOGN>49,790000</FOGN>
    <FRAN>49,790000</FRAN>
    <GREC>49,790000</GREC>
    <MFTV>49,790000</MFTV>
    <PRGP>54,710000</PRGP>
    <ROSN>49,790000</ROSN>
    <SLOV>49,790000</SLOV>
    <SVIZ>49,790000</SVIZ>
    <BSP>18,670000</BSP>
  </Prezzi>
  <Prezzi>
    <Data>20141124</Data>
    <Mercato>MGP</Mercato>
    <Ora>2</Ora>
    <PUN>42,451027</PUN>
    <NAT>40,000000</NAT>
    <CNOR>41,790000</CNOR>
    <CSUD>41,790000</CSUD>
    <NORD>41,790000</NORD>
    <SARD>41,790000</SARD>
    <SICI>52,750000</SICI>
    <SUD>41,790000</SUD>
    <AUST>41,790000</AUST>
    <BRNN>41,790000</BRNN>
    <COAC>41,790000</COAC>
    <CORS>41,790000</CORS>
    <FOGN>41,790000</FOGN>
    <FRAN>41,790000</FRAN>
    <GREC>41,790000</GREC>
    <MFTV>41,790000</MFTV>
    <PRGP>52,750000</PRGP>
    <ROSN>41,790000</ROSN>
    <SLOV>41,790000</SLOV>
    <SVIZ>41,790000</SVIZ>
    <BSP>14,650000</BSP>
  </Prezzi>
  <Prezzi>
    <Data>20141124</Data>
    <Mercato>MGP</Mercato>
    <Ora>3</Ora>
    <PUN>41,786068</PUN>
    <NAT>36,810000</NAT>
    <CNOR>41,190000</CNOR>
    <CSUD>41,190000</CSUD>
    <NORD>41,190000</NORD>
    <SARD>41,190000</SARD>
    <SICI>51,330000</SICI>
    <SUD>41,190000</SUD>
    <AUST>41,190000</AUST>
    <BRNN>41,190000</BRNN>
    <COAC>41,190000</COAC>
    <CORS>41,190000</CORS>
    <FOGN>41,190000</FOGN>
    <FRAN>41,190000</FRAN>
    <GREC>41,190000</GREC>
    <MFTV>41,190000</MFTV>
    <PRGP>51,330000</PRGP>
    <ROSN>41,190000</ROSN>
    <SLOV>41,190000</SLOV>
    <SVIZ>41,190000</SVIZ>
    <BSP>14,250000</BSP>
  </Prezzi>
  <Prezzi>
    <Data>20141124</Data>
    <Mercato>MGP</Mercato>
    <Ora>4</Ora>
    <PUN>40,000000</PUN>
    <NAT>36,350000</NAT>
    <CNOR>40,000000</CNOR>
    <CSUD>40,000000</CSUD>
    <NORD>40,000000</NORD>
    <SARD>40,000000</SARD>
    <SICI>40,000000</SICI>
    <SUD>40,000000</SUD>
    <AUST>40,000000</AUST>
    <BRNN>40,000000</BRNN>
    <COAC>40,000000</COAC>
    <CORS>40,000000</CORS>
    <FOGN>40,000000</FOGN>
    <FRAN>40,000000</FRAN>
    <GREC>40,000000</GREC>
    <MFTV>40,000000</MFTV>
    <PRGP>40,000000</PRGP>
    <ROSN>40,000000</ROSN>
    <SLOV>40,000000</SLOV>
    <SVIZ>40,000000</SVIZ>
    <BSP>12,270000</BSP>
  </Prezzi>
  <Prezzi>
    <Data>20141124</Data>
    <Mercato>MGP</Mercato>
    <Ora>5</Ora>
    <PUN>41,790000</PUN>
    <NAT>39,450000</NAT>
    <CNOR>41,790000</CNOR>
    <CSUD>41,790000</CSUD>
    <NORD>41,790000</NORD>
    <SARD>41,790000</SARD>
    <SICI>41,790000</SICI>
    <SUD>41,790000</SUD>
    <AUST>41,790000</AUST>
    <BRNN>41,790000</BRNN>
    <COAC>41,790000</COAC>
    <CORS>41,790000</CORS>
    <FOGN>41,790000</FOGN>
    <FRAN>41,790000</FRAN>
    <GREC>41,790000</GREC>
    <MFTV>41,790000</MFTV>
    <PRGP>41,790000</PRGP>
    <ROSN>41,790000</ROSN>
    <SLOV>41,790000</SLOV>
    <SVIZ>41,790000</SVIZ>
    <BSP>15,200000</BSP>
  </Prezzi>
  <Prezzi>
    <Data>20141124</Data>
    <Mercato>MGP</Mercato>
    <Ora>6</Ora>
    <PUN>44,406234</PUN>
    <NAT>42,400000</NAT>
    <CNOR>44,010000</CNOR>
    <CSUD>44,010000</CSUD>
    <NORD>44,010000</NORD>
    <SARD>44,010000</SARD>
    <SICI>51,270000</SICI>
    <SUD>44,010000</SUD>
    <AUST>44,010000</AUST>
    <BRNN>44,010000</BRNN>
    <COAC>44,010000</COAC>
    <CORS>44,010000</CORS>
    <FOGN>44,010000</FOGN>
    <FRAN>44,010000</FRAN>
    <GREC>44,010000</GREC>
    <MFTV>44,010000</MFTV>
    <PRGP>51,270000</PRGP>
    <ROSN>44,010000</ROSN>
    <SLOV>44,010000</SLOV>
    <SVIZ>44,010000</SVIZ>
    <BSP>21,000000</BSP>
  </Prezzi>
  <Prezzi>
    <Data>20141124</Data>
    <Mercato>MGP</Mercato>
    <Ora>7</Ora>
    <PUN>53,079817</PUN>
    <NAT>50,850000</NAT>
    <CNOR>53,000000</CNOR>
    <CSUD>53,000000</CSUD>
    <NORD>53,000000</NORD>
    <SARD>53,000000</SARD>
    <SICI>54,550000</SICI>
    <SUD>53,000000</SUD>
    <AUST>53,000000</AUST>
    <BRNN>53,000000</BRNN>
    <COAC>53,000000</COAC>
    <CORS>53,000000</CORS>
    <FOGN>53,000000</FOGN>
    <FRAN>53,000000</FRAN>
    <GREC>53,000000</GREC>
    <MFTV>53,000000</MFTV>
    <PRGP>54,550000</PRGP>
    <ROSN>53,000000</ROSN>
    <SLOV>53,000000</SLOV>
    <SVIZ>53,000000</SVIZ>
    <BSP>35,400000</BSP>
  </Prezzi>
  <Prezzi>
    <Data>20141124</Data>
    <Mercato>MGP</Mercato>
    <Ora>8</Ora>
    <PUN>62,293588</PUN>
    <NAT>59,190000</NAT>
    <CNOR>60,000000</CNOR>
    <CSUD>67,000000</CSUD>
    <NORD>57,480000</NORD>
    <SARD>67,000000</SARD>
    <SICI>95,000000</SICI>
    <SUD>67,000000</SUD>
    <AUST>57,480000</AUST>
    <BRNN>67,000000</BRNN>
    <COAC>67,000000</COAC>
    <CORS>67,000000</CORS>
    <FOGN>67,000000</FOGN>
    <FRAN>57,480000</FRAN>
    <GREC>67,000000</GREC>
    <MFTV>57,480000</MFTV>
    <PRGP>95,000000</PRGP>
    <ROSN>67,000000</ROSN>
    <SLOV>57,480000</SLOV>
    <SVIZ>57,480000</SVIZ>
    <BSP>49,500000</BSP>
  </Prezzi>
  <Prezzi>
    <Data>20141124</Data>
    <Mercato>MGP</Mercato>
    <Ora>9</Ora>
    <PUN>68,006988</PUN>
    <NAT>63,990000</NAT>
    <CNOR>63,360000</CNOR>
    <CSUD>78,000000</CSUD>
    <NORD>63,360000</NORD>
    <SARD>78,000000</SARD>
    <SICI>78,000000</SICI>
    <SUD>78,000000</SUD>
    <AUST>63,360000</AUST>
    <BRNN>78,000000</BRNN>
    <COAC>78,000000</COAC>
    <CORS>78,000000</CORS>
    <FOGN>78,000000</FOGN>
    <FRAN>63,360000</FRAN>
    <GREC>78,000000</GREC>
    <MFTV>63,360000</MFTV>
    <PRGP>78,000000</PRGP>
    <ROSN>78,000000</ROSN>
    <SLOV>63,360000</SLOV>
    <SVIZ>63,360000</SVIZ>
    <BSP>50,500000</BSP>
  </Prezzi>
  <Prezzi>
    <Data>20141124</Data>
    <Mercato>MGP</Mercato>
    <Ora>10</Ora>
    <PUN>65,256780</PUN>
    <NAT>63,650000</NAT>
    <CNOR>63,990000</CNOR>
    <CSUD>68,000000</CSUD>
    <NORD>63,990000</NORD>
    <SARD>68,000000</SARD>
    <SICI>68,000000</SICI>
    <SUD>68,000000</SUD>
    <AUST>63,990000</AUST>
    <BRNN>68,000000</BRNN>
    <COAC>68,000000</COAC>
    <CORS>68,000000</CORS>
    <FOGN>68,000000</FOGN>
    <FRAN>63,990000</FRAN>
    <GREC>68,000000</GREC>
    <MFTV>63,990000</MFTV>
    <PRGP>68,000000</PRGP>
    <ROSN>68,000000</ROSN>
    <SLOV>63,990000</SLOV>
    <SVIZ>63,990000</SVIZ>
    <BSP>49,560000</BSP>
  </Prezzi>
  <Prezzi>
    <Data>20141124</Data>
    <Mercato>MGP</Mercato>
    <Ora>11</Ora>
    <PUN>58,638090</PUN>
    <NAT>58,410000</NAT>
    <CNOR>58,470000</CNOR>
    <CSUD>59,010000</CSUD>
    <NORD>58,470000</NORD>
    <SARD>59,010000</SARD>
    <SICI>59,010000</SICI>
    <SUD>59,010000</SUD>
    <AUST>58,470000</AUST>
    <BRNN>59,010000</BRNN>
    <COAC>59,010000</COAC>
    <CORS>59,010000</CORS>
    <FOGN>59,010000</FOGN>
    <FRAN>58,470000</FRAN>
    <GREC>59,010000</GREC>
    <MFTV>58,470000</MFTV>
    <PRGP>59,010000</PRGP>
    <ROSN>59,010000</ROSN>
    <SLOV>58,470000</SLOV>
    <SVIZ>58,470000</SVIZ>
    <BSP>48,290000</BSP>
  </Prezzi>
  <Prezzi>
    <Data>20141124</Data>
    <Mercato>MGP</Mercato>
    <Ora>12</Ora>
    <PUN>57,682081</PUN>
    <NAT>56,800000</NAT>
    <CNOR>57,620000</CNOR>
    <CSUD>57,620000</CSUD>
    <NORD>57,620000</NORD>
    <SARD>57,620000</SARD>
    <SICI>59,000000</SICI>
    <SUD>57,620000</SUD>
    <AUST>57,620000</AUST>
    <BRNN>57,620000</BRNN>
    <COAC>57,620000</COAC>
    <CORS>57,620000</CORS>
    <FOGN>57,620000</FOGN>
    <FRAN>57,620000</FRAN>
    <GREC>57,620000</GREC>
    <MFTV>57,620000</MFTV>
    <PRGP>59,000000</PRGP>
    <ROSN>57,620000</ROSN>
    <SLOV>57,620000</SLOV>
    <SVIZ>57,620000</SVIZ>
    <BSP>49,940000</BSP>
  </Prezzi>
  <Prezzi>
    <Data>20141124</Data>
    <Mercato>MGP</Mercato>
    <Ora>13</Ora>
    <PUN>51,010035</PUN>
    <NAT>50,680000</NAT>
    <CNOR>50,600000</CNOR>
    <CSUD>50,600000</CSUD>
    <NORD>50,600000</NORD>
    <SARD>50,600000</SARD>
    <SICI>59,000000</SICI>
    <SUD>50,600000</SUD>
    <AUST>50,600000</AUST>
    <BRNN>50,600000</BRNN>
    <COAC>50,600000</COAC>
    <CORS>50,600000</CORS>
    <FOGN>50,600000</FOGN>
    <FRAN>50,600000</FRAN>
    <GREC>50,600000</GREC>
    <MFTV>50,600000</MFTV>
    <PRGP>59,000000</PRGP>
    <ROSN>50,600000</ROSN>
    <SLOV>50,600000</SLOV>
    <SVIZ>50,600000</SVIZ>
    <BSP>49,180000</BSP>
  </Prezzi>
  <Prezzi>
    <Data>20141124</Data>
    <Mercato>MGP</Mercato>
    <Ora>14</Ora>
    <PUN>52,774720</PUN>
    <NAT>52,460000</NAT>
    <CNOR>52,460000</CNOR>
    <CSUD>52,460000</CSUD>
    <NORD>52,460000</NORD>
    <SARD>52,460000</SARD>
    <SICI>59,000000</SICI>
    <SUD>52,460000</SUD>
    <AUST>52,460000</AUST>
    <BRNN>52,460000</BRNN>
    <COAC>52,460000</COAC>
    <CORS>52,460000</CORS>
    <FOGN>52,460000</FOGN>
    <FRAN>52,460000</FRAN>
    <GREC>52,460000</GREC>
    <MFTV>52,460000</MFTV>
    <PRGP>59,000000</PRGP>
    <ROSN>52,460000</ROSN>
    <SLOV>52,460000</SLOV>
    <SVIZ>52,460000</SVIZ>
    <BSP>48,060000</BSP>
  </Prezzi>
  <Prezzi>
    <Data>20141124</Data>
    <Mercato>MGP</Mercato>
    <Ora>15</Ora>
    <PUN>58,495067</PUN>
    <NAT>58,470000</NAT>
    <CNOR>58,470000</CNOR>
    <CSUD>58,470000</CSUD>
    <NORD>58,470000</NORD>
    <SARD>58,470000</SARD>
    <SICI>59,010000</SICI>
    <SUD>58,470000</SUD>
    <AUST>58,470000</AUST>
    <BRNN>58,470000</BRNN>
    <COAC>58,470000</COAC>
    <CORS>58,470000</CORS>
    <FOGN>58,470000</FOGN>
    <FRAN>58,470000</FRAN>
    <GREC>58,470000</GREC>
    <MFTV>58,470000</MFTV>
    <PRGP>59,010000</PRGP>
    <ROSN>58,470000</ROSN>
    <SLOV>58,470000</SLOV>
    <SVIZ>58,470000</SVIZ>
    <BSP>49,190000</BSP>
  </Prezzi>
  <Prezzi>
    <Data>20141124</Data>
    <Mercato>MGP</Mercato>
    <Ora>16</Ora>
    <PUN>66,708173</PUN>
    <NAT>63,990000</NAT>
    <CNOR>65,570000</CNOR>
    <CSUD>65,570000</CSUD>
    <NORD>65,570000</NORD>
    <SARD>65,570000</SARD>
    <SICI>90,000000</SICI>
    <SUD>65,570000</SUD>
    <AUST>65,570000</AUST>
    <BRNN>65,570000</BRNN>
    <COAC>65,570000</COAC>
    <CORS>65,570000</CORS>
    <FOGN>65,570000</FOGN>
    <FRAN>65,570000</FRAN>
    <GREC>65,570000</GREC>
    <MFTV>65,570000</MFTV>
    <PRGP>90,000000</PRGP>
    <ROSN>65,570000</ROSN>
    <SLOV>65,570000</SLOV>
    <SVIZ>65,570000</SVIZ>
    <BSP>50,200000</BSP>
  </Prezzi>
  <Prezzi>
    <Data>20141124</Data>
    <Mercato>MGP</Mercato>
    <Ora>17</Ora>
    <PUN>74,325725</PUN>
    <NAT>72,750000</NAT>
    <CNOR>71,450000</CNOR>
    <CSUD>71,450000</CSUD>
    <NORD>71,450000</NORD>
    <SARD>71,450000</SARD>
    <SICI>130,000000</SICI>
    <SUD>71,450000</SUD>
    <AUST>71,450000</AUST>
    <BRNN>71,450000</BRNN>
    <COAC>71,450000</COAC>
    <CORS>71,450000</CORS>
    <FOGN>71,450000</FOGN>
    <FRAN>71,450000</FRAN>
    <GREC>71,450000</GREC>
    <MFTV>71,450000</MFTV>
    <PRGP>130,000000</PRGP>
    <ROSN>71,450000</ROSN>
    <SLOV>71,450000</SLOV>
    <SVIZ>71,450000</SVIZ>
    <BSP>54,300000</BSP>
  </Prezzi>
  <Prezzi>
    <Data>20141124</Data>
    <Mercato>MGP</Mercato>
    <Ora>18</Ora>
    <PUN>92,035149</PUN>
    <NAT>87,200000</NAT>
    <CNOR>103,000000</CNOR>
    <CSUD>103,000000</CSUD>
    <NORD>79,200000</NORD>
    <SARD>103,000000</SARD>
    <SICI>145,010000</SICI>
    <SUD>100,500000</SUD>
    <AUST>79,200000</AUST>
    <BRNN>100,500000</BRNN>
    <COAC>103,000000</COAC>
    <CORS>103,000000</CORS>
    <FOGN>100,500000</FOGN>
    <FRAN>79,200000</FRAN>
    <GREC>100,500000</GREC>
    <MFTV>79,200000</MFTV>
    <PRGP>145,010000</PRGP>
    <ROSN>100,500000</ROSN>
    <SLOV>79,200000</SLOV>
    <SVIZ>79,200000</SVIZ>
    <BSP>61,500000</BSP>
  </Prezzi>
  <Prezzi>
    <Data>20141124</Data>
    <Mercato>MGP</Mercato>
    <Ora>19</Ora>
    <PUN>87,670282</PUN>
    <NAT>79,250000</NAT>
    <CNOR>107,450000</CNOR>
    <CSUD>107,450000</CSUD>
    <NORD>65,680000</NORD>
    <SARD>107,450000</SARD>
    <SICI>145,010000</SICI>
    <SUD>107,450000</SUD>
    <AUST>65,680000</AUST>
    <BRNN>107,450000</BRNN>
    <COAC>107,450000</COAC>
    <CORS>107,450000</CORS>
    <FOGN>107,450000</FOGN>
    <FRAN>65,680000</FRAN>
    <GREC>107,450000</GREC>
    <MFTV>65,680000</MFTV>
    <PRGP>145,010000</PRGP>
    <ROSN>107,450000</ROSN>
    <SLOV>65,680000</SLOV>
    <SVIZ>65,680000</SVIZ>
    <BSP>64,250000</BSP>
  </Prezzi>
  <Prezzi>
    <Data>20141124</Data>
    <Mercato>MGP</Mercato>
    <Ora>20</Ora>
    <PUN>81,843446</PUN>
    <NAT>71,000000</NAT>
    <CNOR>99,950000</CNOR>
    <CSUD>99,950000</CSUD>
    <NORD>59,650000</NORD>
    <SARD>99,950000</SARD>
    <SICI>145,010000</SICI>
    <SUD>99,950000</SUD>
    <AUST>59,650000</AUST>
    <BRNN>99,950000</BRNN>
    <COAC>99,950000</COAC>
    <CORS>99,950000</CORS>
    <FOGN>99,950000</FOGN>
    <FRAN>59,650000</FRAN>
    <GREC>99,950000</GREC>
    <MFTV>59,650000</MFTV>
    <PRGP>145,010000</PRGP>
    <ROSN>99,950000</ROSN>
    <SLOV>59,650000</SLOV>
    <SVIZ>59,650000</SVIZ>
    <BSP>56,590000</BSP>
  </Prezzi>
  <Prezzi>
    <Data>20141124</Data>
    <Mercato>MGP</Mercato>
    <Ora>21</Ora>
    <PUN>73,645318</PUN>
    <NAT>67,000000</NAT>
    <CNOR>85,780000</CNOR>
    <CSUD>85,780000</CSUD>
    <NORD>58,470000</NORD>
    <SARD>85,780000</SARD>
    <SICI>120,010000</SICI>
    <SUD>85,780000</SUD>
    <AUST>58,470000</AUST>
    <BRNN>85,780000</BRNN>
    <COAC>85,780000</COAC>
    <CORS>85,780000</CORS>
    <FOGN>85,780000</FOGN>
    <FRAN>58,470000</FRAN>
    <GREC>85,780000</GREC>
    <MFTV>58,470000</MFTV>
    <PRGP>120,010000</PRGP>
    <ROSN>85,780000</ROSN>
    <SLOV>58,470000</SLOV>
    <SVIZ>58,470000</SVIZ>
    <BSP>54,600000</BSP>
  </Prezzi>
  <Prezzi>
    <Data>20141124</Data>
    <Mercato>MGP</Mercato>
    <Ora>22</Ora>
    <PUN>64,993313</PUN>
    <NAT>62,000000</NAT>
    <CNOR>62,570000</CNOR>
    <CSUD>71,000000</CSUD>
    <NORD>56,990000</NORD>
    <SARD>71,000000</SARD>
    <SICI>110,020000</SICI>
    <SUD>71,000000</SUD>
    <AUST>56,990000</AUST>
    <BRNN>71,000000</BRNN>
    <COAC>71,000000</COAC>
    <CORS>71,000000</CORS>
    <FOGN>71,000000</FOGN>
    <FRAN>56,990000</FRAN>
    <GREC>71,000000</GREC>
    <MFTV>56,990000</MFTV>
    <PRGP>110,020000</PRGP>
    <ROSN>71,000000</ROSN>
    <SLOV>56,990000</SLOV>
    <SVIZ>56,990000</SVIZ>
    <BSP>46,510000</BSP>
  </Prezzi>
  <Prezzi>
    <Data>20141124</Data>
    <Mercato>MGP</Mercato>
    <Ora>23</Ora>
    <PUN>62,723468</PUN>
    <NAT>61,350000</NAT>
    <CNOR>63,220000</CNOR>
    <CSUD>63,220000</CSUD>
    <NORD>58,400000</NORD>
    <SARD>63,220000</SARD>
    <SICI>100,000000</SICI>
    <SUD>63,220000</SUD>
    <AUST>58,400000</AUST>
    <BRNN>63,220000</BRNN>
    <COAC>63,220000</COAC>
    <CORS>63,220000</CORS>
    <FOGN>63,220000</FOGN>
    <FRAN>58,400000</FRAN>
    <GREC>63,220000</GREC>
    <MFTV>58,400000</MFTV>
    <PRGP>100,000000</PRGP>
    <ROSN>63,220000</ROSN>
    <SLOV>58,400000</SLOV>
    <SVIZ>58,400000</SVIZ>
    <BSP>39,100000</BSP>
  </Prezzi>
  <Prezzi>
    <Data>20141124</Data>
    <Mercato>MGP</Mercato>
    <Ora>24</Ora>
    <PUN>55,970270</PUN>
    <NAT>55,000000</NAT>
    <CNOR>55,790000</CNOR>
    <CSUD>55,790000</CSUD>
    <NORD>55,790000</NORD>
    <SARD>55,790000</SARD>
    <SICI>59,010000</SICI>
    <SUD>55,790000</SUD>
    <AUST>55,790000</AUST>
    <BRNN>55,790000</BRNN>
    <COAC>55,790000</COAC>
    <CORS>55,790000</CORS>
    <FOGN>55,790000</FOGN>
    <FRAN>55,790000</FRAN>
    <GREC>55,790000</GREC>
    <MFTV>55,790000</MFTV>
    <PRGP>59,010000</PRGP>
    <ROSN>55,790000</ROSN>
    <SLOV>55,790000</SLOV>
    <SVIZ>55,790000</SVIZ>
    <BSP>31,070000</BSP>
  </Prezzi>
</NewDataSet>