<?xml version="1.0" standalone="yes"?>
<NewDataSet>
  <xs:schema id="NewDataSet" xmlns="" xmlns:xs="http://www.w3.org/2001/XMLSchema" xmlns:msdata="urn:schemas-microsoft-com:xml-msdata">
    <xs:element name="NewDataSet" msdata:IsDataSet="true" msdata:UseCurrentLocale="true">
      <xs:complexType>
        <xs:choice minOccurs="0" maxOccurs="unbounded">
          <xs:element name="Prezzi">
            <xs:complexType>
              <xs:sequence>
                <xs:element name="Data" type="xs:string" minOccurs="0" />
                <xs:element name="Mercato" type="xs:string" minOccurs="0" />
                <xs:element name="Ora" type="xs:string" minOccurs="0" />
                <xs:element name="PUN" type="xs:string" minOccurs="0" />
                <xs:element name="NAT" type="xs:string" minOccurs="0" />
                <xs:element name="CNOR" type="xs:string" minOccurs="0" />
                <xs:element name="CSUD" type="xs:string" minOccurs="0" />
                <xs:element name="NORD" type="xs:string" minOccurs="0" />
                <xs:element name="SARD" type="xs:string" minOccurs="0" />
                <xs:element name="SICI" type="xs:string" minOccurs="0" />
                <xs:element name="SUD" type="xs:string" minOccurs="0" />
                <xs:element name="AUST" type="xs:string" minOccurs="0" />
                <xs:element name="BRNN" type="xs:string" minOccurs="0" />
                <xs:element name="COAC" type="xs:string" minOccurs="0" />
                <xs:element name="CORS" type="xs:string" minOccurs="0" />
                <xs:element name="FOGN" type="xs:string" minOccurs="0" />
                <xs:element name="FRAN" type="xs:string" minOccurs="0" />
                <xs:element name="GREC" type="xs:string" minOccurs="0" />
                <xs:element name="MFTV" type="xs:string" minOccurs="0" />
                <xs:element name="PRGP" type="xs:string" minOccurs="0" />
                <xs:element name="ROSN" type="xs:string" minOccurs="0" />
                <xs:element name="SLOV" type="xs:string" minOccurs="0" />
                <xs:element name="SVIZ" type="xs:string" minOccurs="0" />
                <xs:element name="BSP" type="xs:string" minOccurs="0" />
              </xs:sequence>
            </xs:complexType>
          </xs:element>
        </xs:choice>
      </xs:complexType>
    </xs:element>
  </xs:schema>
  <Prezzi>
    <Data>20141117</Data>
    <Mercato>MGP</Mercato>
    <Ora>1</Ora>
    <PUN>41,848406</PUN>
    <NAT>37,480000</NAT>
    <CNOR>40,920000</CNOR>
    <CSUD>40,920000</CSUD>
    <NORD>40,920000</NORD>
    <SARD>40,920000</SARD>
    <SICI>56,000000</SICI>
    <SUD>40,920000</SUD>
    <AUST>40,920000</AUST>
    <BRNN>40,920000</BRNN>
    <COAC>40,920000</COAC>
    <CORS>40,920000</CORS>
    <FOGN>40,920000</FOGN>
    <FRAN>40,920000</FRAN>
    <GREC>40,920000</GREC>
    <MFTV>40,920000</MFTV>
    <PRGP>56,000000</PRGP>
    <ROSN>40,920000</ROSN>
    <SLOV>40,920000</SLOV>
    <SVIZ>40,920000</SVIZ>
    <BSP>23,140000</BSP>
  </Prezzi>
  <Prezzi>
    <Data>20141117</Data>
    <Mercato>MGP</Mercato>
    <Ora>2</Ora>
    <PUN>36,835835</PUN>
    <NAT>28,010000</NAT>
    <CNOR>35,570000</CNOR>
    <CSUD>35,570000</CSUD>
    <NORD>35,570000</NORD>
    <SARD>35,570000</SARD>
    <SICI>56,000000</SICI>
    <SUD>35,570000</SUD>
    <AUST>35,570000</AUST>
    <BRNN>35,570000</BRNN>
    <COAC>35,570000</COAC>
    <CORS>35,570000</CORS>
    <FOGN>35,570000</FOGN>
    <FRAN>35,570000</FRAN>
    <GREC>35,570000</GREC>
    <MFTV>35,570000</MFTV>
    <PRGP>56,000000</PRGP>
    <ROSN>35,570000</ROSN>
    <SLOV>35,570000</SLOV>
    <SVIZ>35,570000</SVIZ>
    <BSP>22,000000</BSP>
  </Prezzi>
  <Prezzi>
    <Data>20141117</Data>
    <Mercato>MGP</Mercato>
    <Ora>3</Ora>
    <PUN>27,630000</PUN>
    <NAT>23,700000</NAT>
    <CNOR>27,630000</CNOR>
    <CSUD>27,630000</CSUD>
    <NORD>27,630000</NORD>
    <SARD>27,630000</SARD>
    <SICI>27,630000</SICI>
    <SUD>27,630000</SUD>
    <AUST>27,630000</AUST>
    <BRNN>27,630000</BRNN>
    <COAC>27,630000</COAC>
    <CORS>27,630000</CORS>
    <FOGN>27,630000</FOGN>
    <FRAN>27,630000</FRAN>
    <GREC>27,630000</GREC>
    <MFTV>27,630000</MFTV>
    <PRGP>27,630000</PRGP>
    <ROSN>27,630000</ROSN>
    <SLOV>27,630000</SLOV>
    <SVIZ>27,630000</SVIZ>
    <BSP>20,500000</BSP>
  </Prezzi>
  <Prezzi>
    <Data>20141117</Data>
    <Mercato>MGP</Mercato>
    <Ora>4</Ora>
    <PUN>20,400000</PUN>
    <NAT>20,090000</NAT>
    <CNOR>20,400000</CNOR>
    <CSUD>20,400000</CSUD>
    <NORD>20,400000</NORD>
    <SARD>20,400000</SARD>
    <SICI>20,400000</SICI>
    <SUD>20,400000</SUD>
    <AUST>20,400000</AUST>
    <BRNN>20,400000</BRNN>
    <COAC>20,400000</COAC>
    <CORS>20,400000</CORS>
    <FOGN>20,400000</FOGN>
    <FRAN>20,400000</FRAN>
    <GREC>20,400000</GREC>
    <MFTV>20,400000</MFTV>
    <PRGP>20,400000</PRGP>
    <ROSN>20,400000</ROSN>
    <SLOV>20,400000</SLOV>
    <SVIZ>20,400000</SVIZ>
    <BSP>19,510000</BSP>
  </Prezzi>
  <Prezzi>
    <Data>20141117</Data>
    <Mercato>MGP</Mercato>
    <Ora>5</Ora>
    <PUN>30,000000</PUN>
    <NAT>23,160000</NAT>
    <CNOR>30,000000</CNOR>
    <CSUD>30,000000</CSUD>
    <NORD>30,000000</NORD>
    <SARD>30,000000</SARD>
    <SICI>30,000000</SICI>
    <SUD>30,000000</SUD>
    <AUST>30,000000</AUST>
    <BRNN>30,000000</BRNN>
    <COAC>30,000000</COAC>
    <CORS>30,000000</CORS>
    <FOGN>30,000000</FOGN>
    <FRAN>30,000000</FRAN>
    <GREC>30,000000</GREC>
    <MFTV>30,000000</MFTV>
    <PRGP>30,000000</PRGP>
    <ROSN>30,000000</ROSN>
    <SLOV>30,000000</SLOV>
    <SVIZ>30,000000</SVIZ>
    <BSP>20,750000</BSP>
  </Prezzi>
  <Prezzi>
    <Data>20141117</Data>
    <Mercato>MGP</Mercato>
    <Ora>6</Ora>
    <PUN>29,006363</PUN>
    <NAT>27,200000</NAT>
    <CNOR>27,330000</CNOR>
    <CSUD>27,330000</CSUD>
    <NORD>27,330000</NORD>
    <SARD>27,330000</SARD>
    <SICI>56,000000</SICI>
    <SUD>27,330000</SUD>
    <AUST>27,330000</AUST>
    <BRNN>27,330000</BRNN>
    <COAC>27,330000</COAC>
    <CORS>27,330000</CORS>
    <FOGN>27,330000</FOGN>
    <FRAN>27,330000</FRAN>
    <GREC>27,330000</GREC>
    <MFTV>27,330000</MFTV>
    <PRGP>56,000000</PRGP>
    <ROSN>27,330000</ROSN>
    <SLOV>27,330000</SLOV>
    <SVIZ>27,330000</SVIZ>
    <BSP>26,200000</BSP>
  </Prezzi>
  <Prezzi>
    <Data>20141117</Data>
    <Mercato>MGP</Mercato>
    <Ora>7</Ora>
    <PUN>42,729507</PUN>
    <NAT>42,120000</NAT>
    <CNOR>42,000000</CNOR>
    <CSUD>42,000000</CSUD>
    <NORD>42,000000</NORD>
    <SARD>42,000000</SARD>
    <SICI>56,010000</SICI>
    <SUD>42,000000</SUD>
    <AUST>42,000000</AUST>
    <BRNN>42,000000</BRNN>
    <COAC>42,000000</COAC>
    <CORS>42,000000</CORS>
    <FOGN>42,000000</FOGN>
    <FRAN>42,000000</FRAN>
    <GREC>42,000000</GREC>
    <MFTV>42,000000</MFTV>
    <PRGP>56,010000</PRGP>
    <ROSN>42,000000</ROSN>
    <SLOV>42,000000</SLOV>
    <SVIZ>42,000000</SVIZ>
    <BSP>41,000000</BSP>
  </Prezzi>
  <Prezzi>
    <Data>20141117</Data>
    <Mercato>MGP</Mercato>
    <Ora>8</Ora>
    <PUN>57,538139</PUN>
    <NAT>55,700000</NAT>
    <CNOR>55,460000</CNOR>
    <CSUD>55,460000</CSUD>
    <NORD>55,460000</NORD>
    <SARD>55,460000</SARD>
    <SICI>95,000000</SICI>
    <SUD>55,460000</SUD>
    <AUST>55,460000</AUST>
    <BRNN>55,460000</BRNN>
    <COAC>55,460000</COAC>
    <CORS>55,460000</CORS>
    <FOGN>55,460000</FOGN>
    <FRAN>55,460000</FRAN>
    <GREC>55,460000</GREC>
    <MFTV>55,460000</MFTV>
    <PRGP>95,000000</PRGP>
    <ROSN>55,460000</ROSN>
    <SLOV>55,460000</SLOV>
    <SVIZ>55,460000</SVIZ>
    <BSP>53,000000</BSP>
  </Prezzi>
  <Prezzi>
    <Data>20141117</Data>
    <Mercato>MGP</Mercato>
    <Ora>9</Ora>
    <PUN>62,042638</PUN>
    <NAT>58,910000</NAT>
    <CNOR>58,910000</CNOR>
    <CSUD>58,910000</CSUD>
    <NORD>58,910000</NORD>
    <SARD>58,910000</SARD>
    <SICI>121,750000</SICI>
    <SUD>58,910000</SUD>
    <AUST>58,910000</AUST>
    <BRNN>58,910000</BRNN>
    <COAC>58,910000</COAC>
    <CORS>58,910000</CORS>
    <FOGN>58,910000</FOGN>
    <FRAN>58,910000</FRAN>
    <GREC>58,910000</GREC>
    <MFTV>58,910000</MFTV>
    <PRGP>121,750000</PRGP>
    <ROSN>58,910000</ROSN>
    <SLOV>58,910000</SLOV>
    <SVIZ>58,910000</SVIZ>
    <BSP>54,790000</BSP>
  </Prezzi>
  <Prezzi>
    <Data>20141117</Data>
    <Mercato>MGP</Mercato>
    <Ora>10</Ora>
    <PUN>60,964615</PUN>
    <NAT>57,780000</NAT>
    <CNOR>57,780000</CNOR>
    <CSUD>57,780000</CSUD>
    <NORD>57,780000</NORD>
    <SARD>57,780000</SARD>
    <SICI>121,750000</SICI>
    <SUD>57,780000</SUD>
    <AUST>57,780000</AUST>
    <BRNN>57,780000</BRNN>
    <COAC>57,780000</COAC>
    <CORS>57,780000</CORS>
    <FOGN>57,780000</FOGN>
    <FRAN>57,780000</FRAN>
    <GREC>57,780000</GREC>
    <MFTV>57,780000</MFTV>
    <PRGP>121,750000</PRGP>
    <ROSN>57,780000</ROSN>
    <SLOV>57,780000</SLOV>
    <SVIZ>57,780000</SVIZ>
    <BSP>54,110000</BSP>
  </Prezzi>
  <Prezzi>
    <Data>20141117</Data>
    <Mercato>MGP</Mercato>
    <Ora>11</Ora>
    <PUN>56,308319</PUN>
    <NAT>56,000000</NAT>
    <CNOR>55,710000</CNOR>
    <CSUD>55,710000</CSUD>
    <NORD>55,710000</NORD>
    <SARD>55,710000</SARD>
    <SICI>67,690000</SICI>
    <SUD>55,710000</SUD>
    <AUST>55,710000</AUST>
    <BRNN>55,710000</BRNN>
    <COAC>55,710000</COAC>
    <CORS>55,710000</CORS>
    <FOGN>55,710000</FOGN>
    <FRAN>55,710000</FRAN>
    <GREC>55,710000</GREC>
    <MFTV>55,710000</MFTV>
    <PRGP>67,690000</PRGP>
    <ROSN>55,710000</ROSN>
    <SLOV>55,710000</SLOV>
    <SVIZ>55,710000</SVIZ>
    <BSP>53,400000</BSP>
  </Prezzi>
  <Prezzi>
    <Data>20141117</Data>
    <Mercato>MGP</Mercato>
    <Ora>12</Ora>
    <PUN>55,604667</PUN>
    <NAT>55,700000</NAT>
    <CNOR>55,530000</CNOR>
    <CSUD>55,530000</CSUD>
    <NORD>55,530000</NORD>
    <SARD>55,530000</SARD>
    <SICI>57,000000</SICI>
    <SUD>55,530000</SUD>
    <AUST>55,530000</AUST>
    <BRNN>55,530000</BRNN>
    <COAC>55,530000</COAC>
    <CORS>55,530000</CORS>
    <FOGN>55,530000</FOGN>
    <FRAN>55,530000</FRAN>
    <GREC>55,530000</GREC>
    <MFTV>55,530000</MFTV>
    <PRGP>57,000000</PRGP>
    <ROSN>55,530000</ROSN>
    <SLOV>55,530000</SLOV>
    <SVIZ>55,530000</SVIZ>
    <BSP>52,400000</BSP>
  </Prezzi>
  <Prezzi>
    <Data>20141117</Data>
    <Mercato>MGP</Mercato>
    <Ora>13</Ora>
    <PUN>53,159894</PUN>
    <NAT>53,040000</NAT>
    <CNOR>53,000000</CNOR>
    <CSUD>53,000000</CSUD>
    <NORD>53,000000</NORD>
    <SARD>53,000000</SARD>
    <SICI>56,020000</SICI>
    <SUD>53,000000</SUD>
    <AUST>53,000000</AUST>
    <BRNN>53,000000</BRNN>
    <COAC>53,000000</COAC>
    <CORS>53,000000</CORS>
    <FOGN>53,000000</FOGN>
    <FRAN>53,000000</FRAN>
    <GREC>53,000000</GREC>
    <MFTV>53,000000</MFTV>
    <PRGP>56,020000</PRGP>
    <ROSN>53,000000</ROSN>
    <SLOV>53,000000</SLOV>
    <SVIZ>53,000000</SVIZ>
    <BSP>52,550000</BSP>
  </Prezzi>
  <Prezzi>
    <Data>20141117</Data>
    <Mercato>MGP</Mercato>
    <Ora>14</Ora>
    <PUN>53,240000</PUN>
    <NAT>53,390000</NAT>
    <CNOR>53,089759</CNOR>
    <CSUD>53,089759</CSUD>
    <NORD>53,089759</NORD>
    <SARD>53,089759</SARD>
    <SICI>56,020000</SICI>
    <SUD>53,089759</SUD>
    <AUST>53,089759</AUST>
    <BRNN>53,089759</BRNN>
    <COAC>53,089759</COAC>
    <CORS>53,089759</CORS>
    <FOGN>53,089759</FOGN>
    <FRAN>53,089759</FRAN>
    <GREC>53,089759</GREC>
    <MFTV>53,089759</MFTV>
    <PRGP>56,020000</PRGP>
    <ROSN>53,089759</ROSN>
    <SLOV>53,089759</SLOV>
    <SVIZ>53,089759</SVIZ>
    <BSP>51,490000</BSP>
  </Prezzi>
  <Prezzi>
    <Data>20141117</Data>
    <Mercato>MGP</Mercato>
    <Ora>15</Ora>
    <PUN>55,658969</PUN>
    <NAT>55,700000</NAT>
    <CNOR>55,640000</CNOR>
    <CSUD>55,640000</CSUD>
    <NORD>55,640000</NORD>
    <SARD>55,640000</SARD>
    <SICI>56,020000</SICI>
    <SUD>55,640000</SUD>
    <AUST>55,640000</AUST>
    <BRNN>55,640000</BRNN>
    <COAC>55,640000</COAC>
    <CORS>55,640000</CORS>
    <FOGN>55,640000</FOGN>
    <FRAN>55,640000</FRAN>
    <GREC>55,640000</GREC>
    <MFTV>55,640000</MFTV>
    <PRGP>56,020000</PRGP>
    <ROSN>55,640000</ROSN>
    <SLOV>55,640000</SLOV>
    <SVIZ>55,640000</SVIZ>
    <BSP>51,000000</BSP>
  </Prezzi>
  <Prezzi>
    <Data>20141117</Data>
    <Mercato>MGP</Mercato>
    <Ora>16</Ora>
    <PUN>58,040000</PUN>
    <NAT>57,600000</NAT>
    <CNOR>58,040000</CNOR>
    <CSUD>58,040000</CSUD>
    <NORD>58,040000</NORD>
    <SARD>58,040000</SARD>
    <SICI>58,040000</SICI>
    <SUD>58,040000</SUD>
    <AUST>58,040000</AUST>
    <BRNN>58,040000</BRNN>
    <COAC>58,040000</COAC>
    <CORS>58,040000</CORS>
    <FOGN>58,040000</FOGN>
    <FRAN>58,040000</FRAN>
    <GREC>58,040000</GREC>
    <MFTV>58,040000</MFTV>
    <PRGP>58,040000</PRGP>
    <ROSN>58,040000</ROSN>
    <SLOV>58,040000</SLOV>
    <SVIZ>58,040000</SVIZ>
    <BSP>53,000000</BSP>
  </Prezzi>
  <Prezzi>
    <Data>20141117</Data>
    <Mercato>MGP</Mercato>
    <Ora>17</Ora>
    <PUN>66,577619</PUN>
    <NAT>65,000000</NAT>
    <CNOR>65,210000</CNOR>
    <CSUD>65,210000</CSUD>
    <NORD>65,210000</NORD>
    <SARD>65,210000</SARD>
    <SICI>94,030000</SICI>
    <SUD>65,210000</SUD>
    <AUST>65,210000</AUST>
    <BRNN>65,210000</BRNN>
    <COAC>65,210000</COAC>
    <CORS>65,210000</CORS>
    <FOGN>65,210000</FOGN>
    <FRAN>65,210000</FRAN>
    <GREC>65,210000</GREC>
    <MFTV>65,210000</MFTV>
    <PRGP>94,030000</PRGP>
    <ROSN>65,210000</ROSN>
    <SLOV>65,210000</SLOV>
    <SVIZ>65,210000</SVIZ>
    <BSP>58,660000</BSP>
  </Prezzi>
  <Prezzi>
    <Data>20141117</Data>
    <Mercato>MGP</Mercato>
    <Ora>18</Ora>
    <PUN>78,642991</PUN>
    <NAT>76,350000</NAT>
    <CNOR>79,840000</CNOR>
    <CSUD>79,840000</CSUD>
    <NORD>73,570000</NORD>
    <SARD>79,840000</SARD>
    <SICI>121,750000</SICI>
    <SUD>79,840000</SUD>
    <AUST>73,570000</AUST>
    <BRNN>79,840000</BRNN>
    <COAC>79,840000</COAC>
    <CORS>79,840000</CORS>
    <FOGN>79,840000</FOGN>
    <FRAN>73,570000</FRAN>
    <GREC>79,840000</GREC>
    <MFTV>73,570000</MFTV>
    <PRGP>121,750000</PRGP>
    <ROSN>79,840000</ROSN>
    <SLOV>73,570000</SLOV>
    <SVIZ>73,570000</SVIZ>
    <BSP>73,570000</BSP>
  </Prezzi>
  <Prezzi>
    <Data>20141117</Data>
    <Mercato>MGP</Mercato>
    <Ora>19</Ora>
    <PUN>80,742545</PUN>
    <NAT>74,340000</NAT>
    <CNOR>88,470000</CNOR>
    <CSUD>88,470000</CSUD>
    <NORD>70,000000</NORD>
    <SARD>88,470000</SARD>
    <SICI>121,750000</SICI>
    <SUD>88,470000</SUD>
    <AUST>70,000000</AUST>
    <BRNN>88,470000</BRNN>
    <COAC>88,470000</COAC>
    <CORS>88,470000</CORS>
    <FOGN>88,470000</FOGN>
    <FRAN>70,000000</FRAN>
    <GREC>88,470000</GREC>
    <MFTV>70,000000</MFTV>
    <PRGP>121,750000</PRGP>
    <ROSN>88,470000</ROSN>
    <SLOV>70,000000</SLOV>
    <SVIZ>70,000000</SVIZ>
    <BSP>70,000000</BSP>
  </Prezzi>
  <Prezzi>
    <Data>20141117</Data>
    <Mercato>MGP</Mercato>
    <Ora>20</Ora>
    <PUN>72,024065</PUN>
    <NAT>64,480000</NAT>
    <CNOR>78,000000</CNOR>
    <CSUD>78,000000</CSUD>
    <NORD>61,300000</NORD>
    <SARD>78,000000</SARD>
    <SICI>121,750000</SICI>
    <SUD>78,000000</SUD>
    <AUST>61,300000</AUST>
    <BRNN>78,000000</BRNN>
    <COAC>78,000000</COAC>
    <CORS>78,000000</CORS>
    <FOGN>78,000000</FOGN>
    <FRAN>61,300000</FRAN>
    <GREC>78,000000</GREC>
    <MFTV>61,300000</MFTV>
    <PRGP>121,750000</PRGP>
    <ROSN>78,000000</ROSN>
    <SLOV>61,300000</SLOV>
    <SVIZ>61,300000</SVIZ>
    <BSP>61,300000</BSP>
  </Prezzi>
  <Prezzi>
    <Data>20141117</Data>
    <Mercato>MGP</Mercato>
    <Ora>21</Ora>
    <PUN>64,133673</PUN>
    <NAT>57,020000</NAT>
    <CNOR>67,550000</CNOR>
    <CSUD>67,550000</CSUD>
    <NORD>54,730000</NORD>
    <SARD>67,550000</SARD>
    <SICI>120,000000</SICI>
    <SUD>67,550000</SUD>
    <AUST>54,730000</AUST>
    <BRNN>67,550000</BRNN>
    <COAC>67,550000</COAC>
    <CORS>67,550000</CORS>
    <FOGN>67,550000</FOGN>
    <FRAN>54,730000</FRAN>
    <GREC>67,550000</GREC>
    <MFTV>54,730000</MFTV>
    <PRGP>120,000000</PRGP>
    <ROSN>67,550000</ROSN>
    <SLOV>54,730000</SLOV>
    <SVIZ>54,730000</SVIZ>
    <BSP>54,730000</BSP>
  </Prezzi>
  <Prezzi>
    <Data>20141117</Data>
    <Mercato>MGP</Mercato>
    <Ora>22</Ora>
    <PUN>55,985166</PUN>
    <NAT>53,520000</NAT>
    <CNOR>59,000000</CNOR>
    <CSUD>59,000000</CSUD>
    <NORD>47,200000</NORD>
    <SARD>59,000000</SARD>
    <SICI>110,000000</SICI>
    <SUD>59,000000</SUD>
    <AUST>47,200000</AUST>
    <BRNN>59,000000</BRNN>
    <COAC>59,000000</COAC>
    <CORS>59,000000</CORS>
    <FOGN>59,000000</FOGN>
    <FRAN>47,200000</FRAN>
    <GREC>59,000000</GREC>
    <MFTV>47,200000</MFTV>
    <PRGP>110,000000</PRGP>
    <ROSN>59,000000</ROSN>
    <SLOV>47,200000</SLOV>
    <SVIZ>47,200000</SVIZ>
    <BSP>44,660000</BSP>
  </Prezzi>
  <Prezzi>
    <Data>20141117</Data>
    <Mercato>MGP</Mercato>
    <Ora>23</Ora>
    <PUN>51,702095</PUN>
    <NAT>48,630000</NAT>
    <CNOR>48,630000</CNOR>
    <CSUD>48,630000</CSUD>
    <NORD>48,630000</NORD>
    <SARD>48,630000</SARD>
    <SICI>98,930000</SICI>
    <SUD>48,630000</SUD>
    <AUST>48,630000</AUST>
    <BRNN>48,630000</BRNN>
    <COAC>48,630000</COAC>
    <CORS>48,630000</CORS>
    <FOGN>48,630000</FOGN>
    <FRAN>48,630000</FRAN>
    <GREC>48,630000</GREC>
    <MFTV>48,630000</MFTV>
    <PRGP>98,930000</PRGP>
    <ROSN>48,630000</ROSN>
    <SLOV>48,630000</SLOV>
    <SVIZ>48,630000</SVIZ>
    <BSP>40,580000</BSP>
  </Prezzi>
  <Prezzi>
    <Data>20141117</Data>
    <Mercato>MGP</Mercato>
    <Ora>24</Ora>
    <PUN>45,167108</PUN>
    <NAT>43,640000</NAT>
    <CNOR>44,450000</CNOR>
    <CSUD>44,450000</CSUD>
    <NORD>44,450000</NORD>
    <SARD>44,450000</SARD>
    <SICI>56,010000</SICI>
    <SUD>44,450000</SUD>
    <AUST>44,450000</AUST>
    <BRNN>44,450000</BRNN>
    <COAC>44,450000</COAC>
    <CORS>44,450000</CORS>
    <FOGN>44,450000</FOGN>
    <FRAN>44,450000</FRAN>
    <GREC>44,450000</GREC>
    <MFTV>44,450000</MFTV>
    <PRGP>56,010000</PRGP>
    <ROSN>44,450000</ROSN>
    <SLOV>44,450000</SLOV>
    <SVIZ>44,450000</SVIZ>
    <BSP>30,440000</BSP>
  </Prezzi>
</NewDataSet>