<?xml version="1.0" standalone="yes"?>
<NewDataSet>
  <xs:schema id="NewDataSet" xmlns="" xmlns:xs="http://www.w3.org/2001/XMLSchema" xmlns:msdata="urn:schemas-microsoft-com:xml-msdata">
    <xs:element name="NewDataSet" msdata:IsDataSet="true" msdata:UseCurrentLocale="true">
      <xs:complexType>
        <xs:choice minOccurs="0" maxOccurs="unbounded">
          <xs:element name="Prezzi">
            <xs:complexType>
              <xs:sequence>
                <xs:element name="Data" type="xs:string" minOccurs="0" />
                <xs:element name="Mercato" type="xs:string" minOccurs="0" />
                <xs:element name="Ora" type="xs:string" minOccurs="0" />
                <xs:element name="PUN" type="xs:string" minOccurs="0" />
                <xs:element name="NAT" type="xs:string" minOccurs="0" />
                <xs:element name="CNOR" type="xs:string" minOccurs="0" />
                <xs:element name="CSUD" type="xs:string" minOccurs="0" />
                <xs:element name="NORD" type="xs:string" minOccurs="0" />
                <xs:element name="SARD" type="xs:string" minOccurs="0" />
                <xs:element name="SICI" type="xs:string" minOccurs="0" />
                <xs:element name="SUD" type="xs:string" minOccurs="0" />
                <xs:element name="AUST" type="xs:string" minOccurs="0" />
                <xs:element name="BRNN" type="xs:string" minOccurs="0" />
                <xs:element name="COAC" type="xs:string" minOccurs="0" />
                <xs:element name="CORS" type="xs:string" minOccurs="0" />
                <xs:element name="FOGN" type="xs:string" minOccurs="0" />
                <xs:element name="FRAN" type="xs:string" minOccurs="0" />
                <xs:element name="GREC" type="xs:string" minOccurs="0" />
                <xs:element name="MFTV" type="xs:string" minOccurs="0" />
                <xs:element name="PRGP" type="xs:string" minOccurs="0" />
                <xs:element name="ROSN" type="xs:string" minOccurs="0" />
                <xs:element name="SLOV" type="xs:string" minOccurs="0" />
                <xs:element name="SVIZ" type="xs:string" minOccurs="0" />
                <xs:element name="BSP" type="xs:string" minOccurs="0" />
              </xs:sequence>
            </xs:complexType>
          </xs:element>
        </xs:choice>
      </xs:complexType>
    </xs:element>
  </xs:schema>
  <Prezzi>
    <Data>20141121</Data>
    <Mercato>MGP</Mercato>
    <Ora>1</Ora>
    <PUN>46,745253</PUN>
    <NAT>45,390000</NAT>
    <CNOR>46,080000</CNOR>
    <CSUD>46,080000</CSUD>
    <NORD>46,080000</NORD>
    <SARD>46,080000</SARD>
    <SICI>58,000000</SICI>
    <SUD>46,080000</SUD>
    <AUST>46,080000</AUST>
    <BRNN>46,080000</BRNN>
    <COAC>46,080000</COAC>
    <CORS>46,080000</CORS>
    <FOGN>46,080000</FOGN>
    <FRAN>46,080000</FRAN>
    <GREC>46,080000</GREC>
    <MFTV>46,080000</MFTV>
    <PRGP>58,000000</PRGP>
    <ROSN>46,080000</ROSN>
    <SLOV>46,080000</SLOV>
    <SVIZ>46,080000</SVIZ>
    <BSP>32,060000</BSP>
  </Prezzi>
  <Prezzi>
    <Data>20141121</Data>
    <Mercato>MGP</Mercato>
    <Ora>2</Ora>
    <PUN>41,950000</PUN>
    <NAT>38,950000</NAT>
    <CNOR>41,046153</CNOR>
    <CSUD>41,046153</CSUD>
    <NORD>41,046153</NORD>
    <SARD>41,046153</SARD>
    <SICI>58,000000</SICI>
    <SUD>41,046153</SUD>
    <AUST>41,046153</AUST>
    <BRNN>41,046153</BRNN>
    <COAC>41,046153</COAC>
    <CORS>41,046153</CORS>
    <FOGN>41,046153</FOGN>
    <FRAN>41,046153</FRAN>
    <GREC>41,046153</GREC>
    <MFTV>41,046153</MFTV>
    <PRGP>58,000000</PRGP>
    <ROSN>41,046153</ROSN>
    <SLOV>41,046153</SLOV>
    <SVIZ>41,046153</SVIZ>
    <BSP>30,500000</BSP>
  </Prezzi>
  <Prezzi>
    <Data>20141121</Data>
    <Mercato>MGP</Mercato>
    <Ora>3</Ora>
    <PUN>37,724517</PUN>
    <NAT>35,790000</NAT>
    <CNOR>36,580000</CNOR>
    <CSUD>36,580000</CSUD>
    <NORD>36,580000</NORD>
    <SARD>36,580000</SARD>
    <SICI>58,000000</SICI>
    <SUD>36,580000</SUD>
    <AUST>36,580000</AUST>
    <BRNN>36,580000</BRNN>
    <COAC>36,580000</COAC>
    <CORS>36,580000</CORS>
    <FOGN>36,580000</FOGN>
    <FRAN>36,580000</FRAN>
    <GREC>36,580000</GREC>
    <MFTV>36,580000</MFTV>
    <PRGP>58,000000</PRGP>
    <ROSN>36,580000</ROSN>
    <SLOV>36,580000</SLOV>
    <SVIZ>36,580000</SVIZ>
    <BSP>29,130000</BSP>
  </Prezzi>
  <Prezzi>
    <Data>20141121</Data>
    <Mercato>MGP</Mercato>
    <Ora>4</Ora>
    <PUN>37,954066</PUN>
    <NAT>34,680000</NAT>
    <CNOR>37,010000</CNOR>
    <CSUD>37,010000</CSUD>
    <NORD>37,010000</NORD>
    <SARD>37,010000</SARD>
    <SICI>54,990000</SICI>
    <SUD>37,010000</SUD>
    <AUST>37,010000</AUST>
    <BRNN>37,010000</BRNN>
    <COAC>37,010000</COAC>
    <CORS>37,010000</CORS>
    <FOGN>37,010000</FOGN>
    <FRAN>37,010000</FRAN>
    <GREC>37,010000</GREC>
    <MFTV>37,010000</MFTV>
    <PRGP>54,990000</PRGP>
    <ROSN>37,010000</ROSN>
    <SLOV>37,010000</SLOV>
    <SVIZ>37,010000</SVIZ>
    <BSP>28,350000</BSP>
  </Prezzi>
  <Prezzi>
    <Data>20141121</Data>
    <Mercato>MGP</Mercato>
    <Ora>5</Ora>
    <PUN>37,534923</PUN>
    <NAT>35,050000</NAT>
    <CNOR>36,570000</CNOR>
    <CSUD>36,570000</CSUD>
    <NORD>36,570000</NORD>
    <SARD>36,570000</SARD>
    <SICI>54,940000</SICI>
    <SUD>36,570000</SUD>
    <AUST>36,570000</AUST>
    <BRNN>36,570000</BRNN>
    <COAC>36,570000</COAC>
    <CORS>36,570000</CORS>
    <FOGN>36,570000</FOGN>
    <FRAN>36,570000</FRAN>
    <GREC>36,570000</GREC>
    <MFTV>36,570000</MFTV>
    <PRGP>54,940000</PRGP>
    <ROSN>36,570000</ROSN>
    <SLOV>36,570000</SLOV>
    <SVIZ>36,570000</SVIZ>
    <BSP>28,770000</BSP>
  </Prezzi>
  <Prezzi>
    <Data>20141121</Data>
    <Mercato>MGP</Mercato>
    <Ora>6</Ora>
    <PUN>44,213701</PUN>
    <NAT>41,170000</NAT>
    <CNOR>43,460000</CNOR>
    <CSUD>43,460000</CSUD>
    <NORD>43,460000</NORD>
    <SARD>43,460000</SARD>
    <SICI>58,000000</SICI>
    <SUD>43,460000</SUD>
    <AUST>43,460000</AUST>
    <BRNN>43,460000</BRNN>
    <COAC>43,460000</COAC>
    <CORS>43,460000</CORS>
    <FOGN>43,460000</FOGN>
    <FRAN>43,460000</FRAN>
    <GREC>43,460000</GREC>
    <MFTV>43,460000</MFTV>
    <PRGP>58,000000</PRGP>
    <ROSN>43,460000</ROSN>
    <SLOV>43,460000</SLOV>
    <SVIZ>43,460000</SVIZ>
    <BSP>31,700000</BSP>
  </Prezzi>
  <Prezzi>
    <Data>20141121</Data>
    <Mercato>MGP</Mercato>
    <Ora>7</Ora>
    <PUN>57,060443</PUN>
    <NAT>54,920000</NAT>
    <CNOR>57,010000</CNOR>
    <CSUD>57,010000</CSUD>
    <NORD>57,010000</NORD>
    <SARD>57,010000</SARD>
    <SICI>58,010000</SICI>
    <SUD>57,010000</SUD>
    <AUST>57,010000</AUST>
    <BRNN>57,010000</BRNN>
    <COAC>57,010000</COAC>
    <CORS>57,010000</CORS>
    <FOGN>57,010000</FOGN>
    <FRAN>57,010000</FRAN>
    <GREC>57,010000</GREC>
    <MFTV>57,010000</MFTV>
    <PRGP>58,010000</PRGP>
    <ROSN>57,010000</ROSN>
    <SLOV>57,010000</SLOV>
    <SVIZ>57,010000</SVIZ>
    <BSP>43,020000</BSP>
  </Prezzi>
  <Prezzi>
    <Data>20141121</Data>
    <Mercato>MGP</Mercato>
    <Ora>8</Ora>
    <PUN>60,799301</PUN>
    <NAT>58,880000</NAT>
    <CNOR>58,490000</CNOR>
    <CSUD>60,100000</CSUD>
    <NORD>58,490000</NORD>
    <SARD>60,100000</SARD>
    <SICI>95,000000</SICI>
    <SUD>60,100000</SUD>
    <AUST>58,490000</AUST>
    <BRNN>60,100000</BRNN>
    <COAC>60,100000</COAC>
    <CORS>60,100000</CORS>
    <FOGN>60,100000</FOGN>
    <FRAN>58,490000</FRAN>
    <GREC>60,100000</GREC>
    <MFTV>58,490000</MFTV>
    <PRGP>95,000000</PRGP>
    <ROSN>60,100000</ROSN>
    <SLOV>58,490000</SLOV>
    <SVIZ>58,490000</SVIZ>
    <BSP>56,590000</BSP>
  </Prezzi>
  <Prezzi>
    <Data>20141121</Data>
    <Mercato>MGP</Mercato>
    <Ora>9</Ora>
    <PUN>66,387528</PUN>
    <NAT>63,700000</NAT>
    <CNOR>64,010000</CNOR>
    <CSUD>64,010000</CSUD>
    <NORD>64,010000</NORD>
    <SARD>64,010000</SARD>
    <SICI>114,030000</SICI>
    <SUD>64,010000</SUD>
    <AUST>64,010000</AUST>
    <BRNN>64,010000</BRNN>
    <COAC>64,010000</COAC>
    <CORS>64,010000</CORS>
    <FOGN>64,010000</FOGN>
    <FRAN>64,010000</FRAN>
    <GREC>64,010000</GREC>
    <MFTV>64,010000</MFTV>
    <PRGP>114,030000</PRGP>
    <ROSN>64,010000</ROSN>
    <SLOV>64,010000</SLOV>
    <SVIZ>64,010000</SVIZ>
    <BSP>56,750000</BSP>
  </Prezzi>
  <Prezzi>
    <Data>20141121</Data>
    <Mercato>MGP</Mercato>
    <Ora>10</Ora>
    <PUN>61,150000</PUN>
    <NAT>60,190000</NAT>
    <CNOR>61,150000</CNOR>
    <CSUD>61,150000</CSUD>
    <NORD>61,150000</NORD>
    <SARD>61,150000</SARD>
    <SICI>61,150000</SICI>
    <SUD>61,150000</SUD>
    <AUST>61,150000</AUST>
    <BRNN>61,150000</BRNN>
    <COAC>61,150000</COAC>
    <CORS>61,150000</CORS>
    <FOGN>61,150000</FOGN>
    <FRAN>61,150000</FRAN>
    <GREC>61,150000</GREC>
    <MFTV>61,150000</MFTV>
    <PRGP>61,150000</PRGP>
    <ROSN>61,150000</ROSN>
    <SLOV>61,150000</SLOV>
    <SVIZ>61,150000</SVIZ>
    <BSP>55,240000</BSP>
  </Prezzi>
  <Prezzi>
    <Data>20141121</Data>
    <Mercato>MGP</Mercato>
    <Ora>11</Ora>
    <PUN>57,409171</PUN>
    <NAT>57,010000</NAT>
    <CNOR>57,380000</CNOR>
    <CSUD>57,380000</CSUD>
    <NORD>57,380000</NORD>
    <SARD>57,380000</SARD>
    <SICI>58,010000</SICI>
    <SUD>57,380000</SUD>
    <AUST>57,380000</AUST>
    <BRNN>57,380000</BRNN>
    <COAC>57,380000</COAC>
    <CORS>57,380000</CORS>
    <FOGN>57,380000</FOGN>
    <FRAN>57,380000</FRAN>
    <GREC>57,380000</GREC>
    <MFTV>57,380000</MFTV>
    <PRGP>58,010000</PRGP>
    <ROSN>57,380000</ROSN>
    <SLOV>57,380000</SLOV>
    <SVIZ>57,380000</SVIZ>
    <BSP>53,150000</BSP>
  </Prezzi>
  <Prezzi>
    <Data>20141121</Data>
    <Mercato>MGP</Mercato>
    <Ora>12</Ora>
    <PUN>55,980000</PUN>
    <NAT>55,500000</NAT>
    <CNOR>55,882390</CNOR>
    <CSUD>55,882390</CSUD>
    <NORD>55,882390</NORD>
    <SARD>55,882390</SARD>
    <SICI>58,000000</SICI>
    <SUD>55,882390</SUD>
    <AUST>55,882390</AUST>
    <BRNN>55,882390</BRNN>
    <COAC>55,882390</COAC>
    <CORS>55,882390</CORS>
    <FOGN>55,882390</FOGN>
    <FRAN>55,882390</FRAN>
    <GREC>55,882390</GREC>
    <MFTV>55,882390</MFTV>
    <PRGP>58,000000</PRGP>
    <ROSN>55,882390</ROSN>
    <SLOV>55,882390</SLOV>
    <SVIZ>55,882390</SVIZ>
    <BSP>52,050000</BSP>
  </Prezzi>
  <Prezzi>
    <Data>20141121</Data>
    <Mercato>MGP</Mercato>
    <Ora>13</Ora>
    <PUN>51,852069</PUN>
    <NAT>51,530000</NAT>
    <CNOR>51,530000</CNOR>
    <CSUD>51,530000</CSUD>
    <NORD>51,530000</NORD>
    <SARD>51,530000</SARD>
    <SICI>58,000000</SICI>
    <SUD>51,530000</SUD>
    <AUST>51,530000</AUST>
    <BRNN>51,530000</BRNN>
    <COAC>51,530000</COAC>
    <CORS>51,530000</CORS>
    <FOGN>51,530000</FOGN>
    <FRAN>51,530000</FRAN>
    <GREC>51,530000</GREC>
    <MFTV>51,530000</MFTV>
    <PRGP>58,000000</PRGP>
    <ROSN>51,530000</ROSN>
    <SLOV>51,530000</SLOV>
    <SVIZ>51,530000</SVIZ>
    <BSP>50,090000</BSP>
  </Prezzi>
  <Prezzi>
    <Data>20141121</Data>
    <Mercato>MGP</Mercato>
    <Ora>14</Ora>
    <PUN>51,155201</PUN>
    <NAT>51,000000</NAT>
    <CNOR>50,800000</CNOR>
    <CSUD>50,800000</CSUD>
    <NORD>50,800000</NORD>
    <SARD>50,800000</SARD>
    <SICI>58,010000</SICI>
    <SUD>50,800000</SUD>
    <AUST>50,800000</AUST>
    <BRNN>50,800000</BRNN>
    <COAC>50,800000</COAC>
    <CORS>50,800000</CORS>
    <FOGN>50,800000</FOGN>
    <FRAN>50,800000</FRAN>
    <GREC>50,800000</GREC>
    <MFTV>50,800000</MFTV>
    <PRGP>58,010000</PRGP>
    <ROSN>50,800000</ROSN>
    <SLOV>50,800000</SLOV>
    <SVIZ>50,800000</SVIZ>
    <BSP>49,270000</BSP>
  </Prezzi>
  <Prezzi>
    <Data>20141121</Data>
    <Mercato>MGP</Mercato>
    <Ora>15</Ora>
    <PUN>55,621010</PUN>
    <NAT>54,620000</NAT>
    <CNOR>55,500000</CNOR>
    <CSUD>55,500000</CSUD>
    <NORD>55,500000</NORD>
    <SARD>55,500000</SARD>
    <SICI>58,010000</SICI>
    <SUD>55,500000</SUD>
    <AUST>55,500000</AUST>
    <BRNN>55,500000</BRNN>
    <COAC>55,500000</COAC>
    <CORS>55,500000</CORS>
    <FOGN>55,500000</FOGN>
    <FRAN>55,500000</FRAN>
    <GREC>55,500000</GREC>
    <MFTV>55,500000</MFTV>
    <PRGP>58,010000</PRGP>
    <ROSN>55,500000</ROSN>
    <SLOV>55,500000</SLOV>
    <SVIZ>55,500000</SVIZ>
    <BSP>48,440000</BSP>
  </Prezzi>
  <Prezzi>
    <Data>20141121</Data>
    <Mercato>MGP</Mercato>
    <Ora>16</Ora>
    <PUN>61,140000</PUN>
    <NAT>58,040000</NAT>
    <CNOR>59,685288</CNOR>
    <CSUD>59,685288</CSUD>
    <NORD>59,685288</NORD>
    <SARD>59,685288</SARD>
    <SICI>90,000000</SICI>
    <SUD>59,685288</SUD>
    <AUST>59,685288</AUST>
    <BRNN>59,685288</BRNN>
    <COAC>59,685288</COAC>
    <CORS>59,685288</CORS>
    <FOGN>59,685288</FOGN>
    <FRAN>59,685288</FRAN>
    <GREC>59,685288</GREC>
    <MFTV>59,685288</MFTV>
    <PRGP>90,000000</PRGP>
    <ROSN>59,685288</ROSN>
    <SLOV>59,685288</SLOV>
    <SVIZ>59,685288</SVIZ>
    <BSP>48,500000</BSP>
  </Prezzi>
  <Prezzi>
    <Data>20141121</Data>
    <Mercato>MGP</Mercato>
    <Ora>17</Ora>
    <PUN>69,600000</PUN>
    <NAT>64,000000</NAT>
    <CNOR>66,842298</CNOR>
    <CSUD>66,842298</CSUD>
    <NORD>66,842298</NORD>
    <SARD>66,842298</SARD>
    <SICI>121,750000</SICI>
    <SUD>66,842298</SUD>
    <AUST>66,842298</AUST>
    <BRNN>66,842298</BRNN>
    <COAC>66,842298</COAC>
    <CORS>66,842298</CORS>
    <FOGN>66,842298</FOGN>
    <FRAN>66,842298</FRAN>
    <GREC>66,842298</GREC>
    <MFTV>66,842298</MFTV>
    <PRGP>121,750000</PRGP>
    <ROSN>66,842298</ROSN>
    <SLOV>66,842298</SLOV>
    <SVIZ>66,842298</SVIZ>
    <BSP>51,410000</BSP>
  </Prezzi>
  <Prezzi>
    <Data>20141121</Data>
    <Mercato>MGP</Mercato>
    <Ora>18</Ora>
    <PUN>87,781332</PUN>
    <NAT>80,480000</NAT>
    <CNOR>99,000000</CNOR>
    <CSUD>99,000000</CSUD>
    <NORD>76,620000</NORD>
    <SARD>99,000000</SARD>
    <SICI>145,000000</SICI>
    <SUD>81,670000</SUD>
    <AUST>76,620000</AUST>
    <BRNN>81,670000</BRNN>
    <COAC>99,000000</COAC>
    <CORS>99,000000</CORS>
    <FOGN>81,670000</FOGN>
    <FRAN>76,620000</FRAN>
    <GREC>81,670000</GREC>
    <MFTV>76,620000</MFTV>
    <PRGP>145,000000</PRGP>
    <ROSN>81,670000</ROSN>
    <SLOV>76,620000</SLOV>
    <SVIZ>76,620000</SVIZ>
    <BSP>58,370000</BSP>
  </Prezzi>
  <Prezzi>
    <Data>20141121</Data>
    <Mercato>MGP</Mercato>
    <Ora>19</Ora>
    <PUN>77,790000</PUN>
    <NAT>71,000000</NAT>
    <CNOR>90,356485</CNOR>
    <CSUD>90,356485</CSUD>
    <NORD>60,590000</NORD>
    <SARD>90,356485</SARD>
    <SICI>145,010000</SICI>
    <SUD>90,356485</SUD>
    <AUST>60,590000</AUST>
    <BRNN>90,356485</BRNN>
    <COAC>90,356485</COAC>
    <CORS>90,356485</CORS>
    <FOGN>90,356485</FOGN>
    <FRAN>60,590000</FRAN>
    <GREC>90,356485</GREC>
    <MFTV>60,590000</MFTV>
    <PRGP>145,010000</PRGP>
    <ROSN>90,356485</ROSN>
    <SLOV>60,590000</SLOV>
    <SVIZ>60,590000</SVIZ>
    <BSP>60,000000</BSP>
  </Prezzi>
  <Prezzi>
    <Data>20141121</Data>
    <Mercato>MGP</Mercato>
    <Ora>20</Ora>
    <PUN>73,077848</PUN>
    <NAT>64,710000</NAT>
    <CNOR>82,560000</CNOR>
    <CSUD>82,560000</CSUD>
    <NORD>57,270000</NORD>
    <SARD>82,560000</SARD>
    <SICI>145,010000</SICI>
    <SUD>82,560000</SUD>
    <AUST>57,270000</AUST>
    <BRNN>82,560000</BRNN>
    <COAC>82,560000</COAC>
    <CORS>82,560000</CORS>
    <FOGN>82,560000</FOGN>
    <FRAN>57,270000</FRAN>
    <GREC>82,560000</GREC>
    <MFTV>57,270000</MFTV>
    <PRGP>145,010000</PRGP>
    <ROSN>82,560000</ROSN>
    <SLOV>57,270000</SLOV>
    <SVIZ>57,270000</SVIZ>
    <BSP>55,000000</BSP>
  </Prezzi>
  <Prezzi>
    <Data>20141121</Data>
    <Mercato>MGP</Mercato>
    <Ora>21</Ora>
    <PUN>63,365684</PUN>
    <NAT>58,220000</NAT>
    <CNOR>71,000000</CNOR>
    <CSUD>71,000000</CSUD>
    <NORD>50,560000</NORD>
    <SARD>71,000000</SARD>
    <SICI>120,020000</SICI>
    <SUD>71,000000</SUD>
    <AUST>50,560000</AUST>
    <BRNN>71,000000</BRNN>
    <COAC>71,000000</COAC>
    <CORS>71,000000</CORS>
    <FOGN>71,000000</FOGN>
    <FRAN>50,560000</FRAN>
    <GREC>71,000000</GREC>
    <MFTV>50,560000</MFTV>
    <PRGP>120,020000</PRGP>
    <ROSN>71,000000</ROSN>
    <SLOV>50,560000</SLOV>
    <SVIZ>50,560000</SVIZ>
    <BSP>49,730000</BSP>
  </Prezzi>
  <Prezzi>
    <Data>20141121</Data>
    <Mercato>MGP</Mercato>
    <Ora>22</Ora>
    <PUN>57,035719</PUN>
    <NAT>56,140000</NAT>
    <CNOR>65,940000</CNOR>
    <CSUD>65,940000</CSUD>
    <NORD>43,800000</NORD>
    <SARD>65,940000</SARD>
    <SICI>110,020000</SICI>
    <SUD>65,940000</SUD>
    <AUST>43,800000</AUST>
    <BRNN>65,940000</BRNN>
    <COAC>65,940000</COAC>
    <CORS>65,940000</CORS>
    <FOGN>65,940000</FOGN>
    <FRAN>43,800000</FRAN>
    <GREC>65,940000</GREC>
    <MFTV>43,800000</MFTV>
    <PRGP>110,020000</PRGP>
    <ROSN>65,940000</ROSN>
    <SLOV>43,800000</SLOV>
    <SVIZ>43,800000</SVIZ>
    <BSP>43,560000</BSP>
  </Prezzi>
  <Prezzi>
    <Data>20141121</Data>
    <Mercato>MGP</Mercato>
    <Ora>23</Ora>
    <PUN>54,960000</PUN>
    <NAT>54,690000</NAT>
    <CNOR>57,875567</CNOR>
    <CSUD>57,875567</CSUD>
    <NORD>48,000000</NORD>
    <SARD>57,875567</SARD>
    <SICI>100,000000</SICI>
    <SUD>57,875567</SUD>
    <AUST>48,000000</AUST>
    <BRNN>57,875567</BRNN>
    <COAC>57,875567</COAC>
    <CORS>57,875567</CORS>
    <FOGN>57,875567</FOGN>
    <FRAN>48,000000</FRAN>
    <GREC>57,875567</GREC>
    <MFTV>48,000000</MFTV>
    <PRGP>100,000000</PRGP>
    <ROSN>57,875567</ROSN>
    <SLOV>48,000000</SLOV>
    <SVIZ>48,000000</SVIZ>
    <BSP>37,090000</BSP>
  </Prezzi>
  <Prezzi>
    <Data>20141121</Data>
    <Mercato>MGP</Mercato>
    <Ora>24</Ora>
    <PUN>50,238375</PUN>
    <NAT>47,520000</NAT>
    <CNOR>49,780000</CNOR>
    <CSUD>49,780000</CSUD>
    <NORD>49,780000</NORD>
    <SARD>49,780000</SARD>
    <SICI>58,010000</SICI>
    <SUD>49,780000</SUD>
    <AUST>49,780000</AUST>
    <BRNN>49,780000</BRNN>
    <COAC>49,780000</COAC>
    <CORS>49,780000</CORS>
    <FOGN>49,780000</FOGN>
    <FRAN>49,780000</FRAN>
    <GREC>49,780000</GREC>
    <MFTV>49,780000</MFTV>
    <PRGP>58,010000</PRGP>
    <ROSN>49,780000</ROSN>
    <SLOV>49,780000</SLOV>
    <SVIZ>49,780000</SVIZ>
    <BSP>30,500000</BSP>
  </Prezzi>
</NewDataSet>