<?xml version="1.0" standalone="yes"?>
<NewDataSet>
  <xs:schema id="NewDataSet" xmlns="" xmlns:xs="http://www.w3.org/2001/XMLSchema" xmlns:msdata="urn:schemas-microsoft-com:xml-msdata">
    <xs:element name="NewDataSet" msdata:IsDataSet="true" msdata:UseCurrentLocale="true">
      <xs:complexType>
        <xs:choice minOccurs="0" maxOccurs="unbounded">
          <xs:element name="Prezzi">
            <xs:complexType>
              <xs:sequence>
                <xs:element name="Data" type="xs:string" minOccurs="0" />
                <xs:element name="Mercato" type="xs:string" minOccurs="0" />
                <xs:element name="Ora" type="xs:string" minOccurs="0" />
                <xs:element name="PUN" type="xs:string" minOccurs="0" />
                <xs:element name="NAT" type="xs:string" minOccurs="0" />
                <xs:element name="CNOR" type="xs:string" minOccurs="0" />
                <xs:element name="CSUD" type="xs:string" minOccurs="0" />
                <xs:element name="NORD" type="xs:string" minOccurs="0" />
                <xs:element name="SARD" type="xs:string" minOccurs="0" />
                <xs:element name="SICI" type="xs:string" minOccurs="0" />
                <xs:element name="SUD" type="xs:string" minOccurs="0" />
                <xs:element name="AUST" type="xs:string" minOccurs="0" />
                <xs:element name="BRNN" type="xs:string" minOccurs="0" />
                <xs:element name="COAC" type="xs:string" minOccurs="0" />
                <xs:element name="CORS" type="xs:string" minOccurs="0" />
                <xs:element name="FOGN" type="xs:string" minOccurs="0" />
                <xs:element name="FRAN" type="xs:string" minOccurs="0" />
                <xs:element name="GREC" type="xs:string" minOccurs="0" />
                <xs:element name="MFTV" type="xs:string" minOccurs="0" />
                <xs:element name="PRGP" type="xs:string" minOccurs="0" />
                <xs:element name="ROSN" type="xs:string" minOccurs="0" />
                <xs:element name="SLOV" type="xs:string" minOccurs="0" />
                <xs:element name="SVIZ" type="xs:string" minOccurs="0" />
                <xs:element name="BSP" type="xs:string" minOccurs="0" />
              </xs:sequence>
            </xs:complexType>
          </xs:element>
        </xs:choice>
      </xs:complexType>
    </xs:element>
  </xs:schema>
  <Prezzi>
    <Data>20141127</Data>
    <Mercato>MGP</Mercato>
    <Ora>1</Ora>
    <PUN>53,590660</PUN>
    <NAT>52,710000</NAT>
    <CNOR>53,500000</CNOR>
    <CSUD>53,500000</CSUD>
    <NORD>53,500000</NORD>
    <SARD>53,500000</SARD>
    <SICI>55,170000</SICI>
    <SUD>53,500000</SUD>
    <AUST>53,500000</AUST>
    <BRNN>53,500000</BRNN>
    <COAC>53,500000</COAC>
    <CORS>53,500000</CORS>
    <FOGN>53,500000</FOGN>
    <FRAN>53,500000</FRAN>
    <GREC>53,500000</GREC>
    <MFTV>53,500000</MFTV>
    <PRGP>55,170000</PRGP>
    <ROSN>53,500000</ROSN>
    <SLOV>53,500000</SLOV>
    <SVIZ>53,500000</SVIZ>
    <BSP>30,260000</BSP>
  </Prezzi>
  <Prezzi>
    <Data>20141127</Data>
    <Mercato>MGP</Mercato>
    <Ora>2</Ora>
    <PUN>45,384276</PUN>
    <NAT>41,210000</NAT>
    <CNOR>45,010000</CNOR>
    <CSUD>45,010000</CSUD>
    <NORD>45,010000</NORD>
    <SARD>45,010000</SARD>
    <SICI>52,150000</SICI>
    <SUD>45,010000</SUD>
    <AUST>45,010000</AUST>
    <BRNN>45,010000</BRNN>
    <COAC>45,010000</COAC>
    <CORS>45,010000</CORS>
    <FOGN>45,010000</FOGN>
    <FRAN>45,010000</FRAN>
    <GREC>45,010000</GREC>
    <MFTV>45,010000</MFTV>
    <PRGP>52,150000</PRGP>
    <ROSN>45,010000</ROSN>
    <SLOV>45,010000</SLOV>
    <SVIZ>45,010000</SVIZ>
    <BSP>29,300000</BSP>
  </Prezzi>
  <Prezzi>
    <Data>20141127</Data>
    <Mercato>MGP</Mercato>
    <Ora>3</Ora>
    <PUN>41,210000</PUN>
    <NAT>39,450000</NAT>
    <CNOR>41,210000</CNOR>
    <CSUD>41,210000</CSUD>
    <NORD>41,210000</NORD>
    <SARD>41,210000</SARD>
    <SICI>41,210000</SICI>
    <SUD>41,210000</SUD>
    <AUST>41,210000</AUST>
    <BRNN>41,210000</BRNN>
    <COAC>41,210000</COAC>
    <CORS>41,210000</CORS>
    <FOGN>41,210000</FOGN>
    <FRAN>41,210000</FRAN>
    <GREC>41,210000</GREC>
    <MFTV>41,210000</MFTV>
    <PRGP>41,210000</PRGP>
    <ROSN>41,210000</ROSN>
    <SLOV>41,210000</SLOV>
    <SVIZ>41,210000</SVIZ>
    <BSP>28,300000</BSP>
  </Prezzi>
  <Prezzi>
    <Data>20141127</Data>
    <Mercato>MGP</Mercato>
    <Ora>4</Ora>
    <PUN>41,190000</PUN>
    <NAT>38,990000</NAT>
    <CNOR>41,190000</CNOR>
    <CSUD>41,190000</CSUD>
    <NORD>41,190000</NORD>
    <SARD>41,190000</SARD>
    <SICI>41,190000</SICI>
    <SUD>41,190000</SUD>
    <AUST>41,190000</AUST>
    <BRNN>41,190000</BRNN>
    <COAC>41,190000</COAC>
    <CORS>41,190000</CORS>
    <FOGN>41,190000</FOGN>
    <FRAN>41,190000</FRAN>
    <GREC>41,190000</GREC>
    <MFTV>41,190000</MFTV>
    <PRGP>41,190000</PRGP>
    <ROSN>41,190000</ROSN>
    <SLOV>41,190000</SLOV>
    <SVIZ>41,190000</SVIZ>
    <BSP>27,550000</BSP>
  </Prezzi>
  <Prezzi>
    <Data>20141127</Data>
    <Mercato>MGP</Mercato>
    <Ora>5</Ora>
    <PUN>43,010000</PUN>
    <NAT>40,060000</NAT>
    <CNOR>43,010000</CNOR>
    <CSUD>43,010000</CSUD>
    <NORD>43,010000</NORD>
    <SARD>43,010000</SARD>
    <SICI>43,010000</SICI>
    <SUD>43,010000</SUD>
    <AUST>43,010000</AUST>
    <BRNN>43,010000</BRNN>
    <COAC>43,010000</COAC>
    <CORS>43,010000</CORS>
    <FOGN>43,010000</FOGN>
    <FRAN>43,010000</FRAN>
    <GREC>43,010000</GREC>
    <MFTV>43,010000</MFTV>
    <PRGP>43,010000</PRGP>
    <ROSN>43,010000</ROSN>
    <SLOV>43,010000</SLOV>
    <SVIZ>43,010000</SVIZ>
    <BSP>28,270000</BSP>
  </Prezzi>
  <Prezzi>
    <Data>20141127</Data>
    <Mercato>MGP</Mercato>
    <Ora>6</Ora>
    <PUN>52,770000</PUN>
    <NAT>50,000000</NAT>
    <CNOR>52,770000</CNOR>
    <CSUD>52,770000</CSUD>
    <NORD>52,770000</NORD>
    <SARD>52,770000</SARD>
    <SICI>52,770000</SICI>
    <SUD>52,770000</SUD>
    <AUST>52,770000</AUST>
    <BRNN>52,770000</BRNN>
    <COAC>52,770000</COAC>
    <CORS>52,770000</CORS>
    <FOGN>52,770000</FOGN>
    <FRAN>52,770000</FRAN>
    <GREC>52,770000</GREC>
    <MFTV>52,770000</MFTV>
    <PRGP>52,770000</PRGP>
    <ROSN>52,770000</ROSN>
    <SLOV>52,770000</SLOV>
    <SVIZ>52,770000</SVIZ>
    <BSP>32,180000</BSP>
  </Prezzi>
  <Prezzi>
    <Data>20141127</Data>
    <Mercato>MGP</Mercato>
    <Ora>7</Ora>
    <PUN>60,152616</PUN>
    <NAT>60,000000</NAT>
    <CNOR>60,210000</CNOR>
    <CSUD>60,210000</CSUD>
    <NORD>60,210000</NORD>
    <SARD>60,210000</SARD>
    <SICI>59,010000</SICI>
    <SUD>60,210000</SUD>
    <AUST>60,210000</AUST>
    <BRNN>60,210000</BRNN>
    <COAC>60,210000</COAC>
    <CORS>60,210000</CORS>
    <FOGN>60,210000</FOGN>
    <FRAN>60,210000</FRAN>
    <GREC>60,210000</GREC>
    <MFTV>60,210000</MFTV>
    <PRGP>59,010000</PRGP>
    <ROSN>60,210000</ROSN>
    <SLOV>60,210000</SLOV>
    <SVIZ>60,210000</SVIZ>
    <BSP>47,180000</BSP>
  </Prezzi>
  <Prezzi>
    <Data>20141127</Data>
    <Mercato>MGP</Mercato>
    <Ora>8</Ora>
    <PUN>64,343441</PUN>
    <NAT>63,650000</NAT>
    <CNOR>63,010000</CNOR>
    <CSUD>63,010000</CSUD>
    <NORD>62,620000</NORD>
    <SARD>63,010000</SARD>
    <SICI>95,000000</SICI>
    <SUD>63,010000</SUD>
    <AUST>62,620000</AUST>
    <BRNN>63,010000</BRNN>
    <COAC>63,010000</COAC>
    <CORS>63,010000</CORS>
    <FOGN>63,010000</FOGN>
    <FRAN>62,620000</FRAN>
    <GREC>63,010000</GREC>
    <MFTV>62,620000</MFTV>
    <PRGP>95,000000</PRGP>
    <ROSN>63,010000</ROSN>
    <SLOV>62,620000</SLOV>
    <SVIZ>62,620000</SVIZ>
    <BSP>62,620000</BSP>
  </Prezzi>
  <Prezzi>
    <Data>20141127</Data>
    <Mercato>MGP</Mercato>
    <Ora>9</Ora>
    <PUN>76,661879</PUN>
    <NAT>75,540000</NAT>
    <CNOR>75,000000</CNOR>
    <CSUD>75,000000</CSUD>
    <NORD>75,000000</NORD>
    <SARD>75,000000</SARD>
    <SICI>110,420000</SICI>
    <SUD>75,000000</SUD>
    <AUST>75,000000</AUST>
    <BRNN>75,000000</BRNN>
    <COAC>75,000000</COAC>
    <CORS>75,000000</CORS>
    <FOGN>75,000000</FOGN>
    <FRAN>75,000000</FRAN>
    <GREC>75,000000</GREC>
    <MFTV>75,000000</MFTV>
    <PRGP>110,420000</PRGP>
    <ROSN>75,000000</ROSN>
    <SLOV>75,000000</SLOV>
    <SVIZ>75,000000</SVIZ>
    <BSP>65,850000</BSP>
  </Prezzi>
  <Prezzi>
    <Data>20141127</Data>
    <Mercato>MGP</Mercato>
    <Ora>10</Ora>
    <PUN>77,522190</PUN>
    <NAT>75,000000</NAT>
    <CNOR>75,910000</CNOR>
    <CSUD>75,910000</CSUD>
    <NORD>75,910000</NORD>
    <SARD>75,910000</SARD>
    <SICI>110,420000</SICI>
    <SUD>75,910000</SUD>
    <AUST>75,910000</AUST>
    <BRNN>75,910000</BRNN>
    <COAC>75,910000</COAC>
    <CORS>75,910000</CORS>
    <FOGN>75,910000</FOGN>
    <FRAN>75,910000</FRAN>
    <GREC>75,910000</GREC>
    <MFTV>75,910000</MFTV>
    <PRGP>110,420000</PRGP>
    <ROSN>75,910000</ROSN>
    <SLOV>75,910000</SLOV>
    <SVIZ>75,910000</SVIZ>
    <BSP>63,220000</BSP>
  </Prezzi>
  <Prezzi>
    <Data>20141127</Data>
    <Mercato>MGP</Mercato>
    <Ora>11</Ora>
    <PUN>68,718624</PUN>
    <NAT>65,620000</NAT>
    <CNOR>67,000000</CNOR>
    <CSUD>67,000000</CSUD>
    <NORD>67,000000</NORD>
    <SARD>67,000000</SARD>
    <SICI>103,930000</SICI>
    <SUD>67,000000</SUD>
    <AUST>67,000000</AUST>
    <BRNN>67,000000</BRNN>
    <COAC>67,000000</COAC>
    <CORS>67,000000</CORS>
    <FOGN>67,000000</FOGN>
    <FRAN>67,000000</FRAN>
    <GREC>67,000000</GREC>
    <MFTV>67,000000</MFTV>
    <PRGP>103,930000</PRGP>
    <ROSN>67,000000</ROSN>
    <SLOV>67,000000</SLOV>
    <SVIZ>67,000000</SVIZ>
    <BSP>62,130000</BSP>
  </Prezzi>
  <Prezzi>
    <Data>20141127</Data>
    <Mercato>MGP</Mercato>
    <Ora>12</Ora>
    <PUN>63,230000</PUN>
    <NAT>63,230000</NAT>
    <CNOR>63,230000</CNOR>
    <CSUD>63,230000</CSUD>
    <NORD>63,230000</NORD>
    <SARD>63,230000</SARD>
    <SICI>63,230000</SICI>
    <SUD>63,230000</SUD>
    <AUST>63,230000</AUST>
    <BRNN>63,230000</BRNN>
    <COAC>63,230000</COAC>
    <CORS>63,230000</CORS>
    <FOGN>63,230000</FOGN>
    <FRAN>63,230000</FRAN>
    <GREC>63,230000</GREC>
    <MFTV>63,230000</MFTV>
    <PRGP>63,230000</PRGP>
    <ROSN>63,230000</ROSN>
    <SLOV>63,230000</SLOV>
    <SVIZ>63,230000</SVIZ>
    <BSP>63,230000</BSP>
  </Prezzi>
  <Prezzi>
    <Data>20141127</Data>
    <Mercato>MGP</Mercato>
    <Ora>13</Ora>
    <PUN>60,070000</PUN>
    <NAT>60,070000</NAT>
    <CNOR>60,070000</CNOR>
    <CSUD>60,070000</CSUD>
    <NORD>60,070000</NORD>
    <SARD>60,070000</SARD>
    <SICI>60,070000</SICI>
    <SUD>60,070000</SUD>
    <AUST>60,070000</AUST>
    <BRNN>60,070000</BRNN>
    <COAC>60,070000</COAC>
    <CORS>60,070000</CORS>
    <FOGN>60,070000</FOGN>
    <FRAN>60,070000</FRAN>
    <GREC>60,070000</GREC>
    <MFTV>60,070000</MFTV>
    <PRGP>60,070000</PRGP>
    <ROSN>60,070000</ROSN>
    <SLOV>60,070000</SLOV>
    <SVIZ>60,070000</SVIZ>
    <BSP>60,070000</BSP>
  </Prezzi>
  <Prezzi>
    <Data>20141127</Data>
    <Mercato>MGP</Mercato>
    <Ora>14</Ora>
    <PUN>59,140000</PUN>
    <NAT>59,140000</NAT>
    <CNOR>59,140000</CNOR>
    <CSUD>59,140000</CSUD>
    <NORD>59,140000</NORD>
    <SARD>59,140000</SARD>
    <SICI>59,140000</SICI>
    <SUD>59,140000</SUD>
    <AUST>59,140000</AUST>
    <BRNN>59,140000</BRNN>
    <COAC>59,140000</COAC>
    <CORS>59,140000</CORS>
    <FOGN>59,140000</FOGN>
    <FRAN>59,140000</FRAN>
    <GREC>59,140000</GREC>
    <MFTV>59,140000</MFTV>
    <PRGP>59,140000</PRGP>
    <ROSN>59,140000</ROSN>
    <SLOV>59,140000</SLOV>
    <SVIZ>59,140000</SVIZ>
    <BSP>59,140000</BSP>
  </Prezzi>
  <Prezzi>
    <Data>20141127</Data>
    <Mercato>MGP</Mercato>
    <Ora>15</Ora>
    <PUN>63,230000</PUN>
    <NAT>63,230000</NAT>
    <CNOR>63,230000</CNOR>
    <CSUD>63,230000</CSUD>
    <NORD>63,230000</NORD>
    <SARD>63,230000</SARD>
    <SICI>63,230000</SICI>
    <SUD>63,230000</SUD>
    <AUST>63,230000</AUST>
    <BRNN>63,230000</BRNN>
    <COAC>63,230000</COAC>
    <CORS>63,230000</CORS>
    <FOGN>63,230000</FOGN>
    <FRAN>63,230000</FRAN>
    <GREC>63,230000</GREC>
    <MFTV>63,230000</MFTV>
    <PRGP>63,230000</PRGP>
    <ROSN>63,230000</ROSN>
    <SLOV>63,230000</SLOV>
    <SVIZ>63,230000</SVIZ>
    <BSP>63,230000</BSP>
  </Prezzi>
  <Prezzi>
    <Data>20141127</Data>
    <Mercato>MGP</Mercato>
    <Ora>16</Ora>
    <PUN>66,741324</PUN>
    <NAT>65,600000</NAT>
    <CNOR>65,600000</CNOR>
    <CSUD>65,600000</CSUD>
    <NORD>65,600000</NORD>
    <SARD>65,600000</SARD>
    <SICI>90,000000</SICI>
    <SUD>65,600000</SUD>
    <AUST>65,600000</AUST>
    <BRNN>65,600000</BRNN>
    <COAC>65,600000</COAC>
    <CORS>65,600000</CORS>
    <FOGN>65,600000</FOGN>
    <FRAN>65,600000</FRAN>
    <GREC>65,600000</GREC>
    <MFTV>65,600000</MFTV>
    <PRGP>90,000000</PRGP>
    <ROSN>65,600000</ROSN>
    <SLOV>65,600000</SLOV>
    <SVIZ>65,600000</SVIZ>
    <BSP>65,600000</BSP>
  </Prezzi>
  <Prezzi>
    <Data>20141127</Data>
    <Mercato>MGP</Mercato>
    <Ora>17</Ora>
    <PUN>80,249183</PUN>
    <NAT>78,890000</NAT>
    <CNOR>78,690000</CNOR>
    <CSUD>78,690000</CSUD>
    <NORD>78,690000</NORD>
    <SARD>78,690000</SARD>
    <SICI>111,330000</SICI>
    <SUD>78,690000</SUD>
    <AUST>78,690000</AUST>
    <BRNN>78,690000</BRNN>
    <COAC>78,690000</COAC>
    <CORS>78,690000</CORS>
    <FOGN>78,690000</FOGN>
    <FRAN>78,690000</FRAN>
    <GREC>78,690000</GREC>
    <MFTV>78,690000</MFTV>
    <PRGP>111,330000</PRGP>
    <ROSN>78,690000</ROSN>
    <SLOV>78,690000</SLOV>
    <SVIZ>78,690000</SVIZ>
    <BSP>69,770000</BSP>
  </Prezzi>
  <Prezzi>
    <Data>20141127</Data>
    <Mercato>MGP</Mercato>
    <Ora>18</Ora>
    <PUN>91,844662</PUN>
    <NAT>91,330000</NAT>
    <CNOR>89,000000</CNOR>
    <CSUD>89,000000</CSUD>
    <NORD>89,000000</NORD>
    <SARD>89,000000</SARD>
    <SICI>145,000000</SICI>
    <SUD>89,000000</SUD>
    <AUST>89,000000</AUST>
    <BRNN>89,000000</BRNN>
    <COAC>89,000000</COAC>
    <CORS>89,000000</CORS>
    <FOGN>89,000000</FOGN>
    <FRAN>89,000000</FRAN>
    <GREC>89,000000</GREC>
    <MFTV>89,000000</MFTV>
    <PRGP>145,000000</PRGP>
    <ROSN>89,000000</ROSN>
    <SLOV>89,000000</SLOV>
    <SVIZ>89,000000</SVIZ>
    <BSP>73,400000</BSP>
  </Prezzi>
  <Prezzi>
    <Data>20141127</Data>
    <Mercato>MGP</Mercato>
    <Ora>19</Ora>
    <PUN>80,702609</PUN>
    <NAT>78,890000</NAT>
    <CNOR>86,990000</CNOR>
    <CSUD>86,990000</CSUD>
    <NORD>70,000000</NORD>
    <SARD>86,990000</SARD>
    <SICI>142,250000</SICI>
    <SUD>86,990000</SUD>
    <AUST>70,000000</AUST>
    <BRNN>86,990000</BRNN>
    <COAC>86,990000</COAC>
    <CORS>86,990000</CORS>
    <FOGN>86,990000</FOGN>
    <FRAN>70,000000</FRAN>
    <GREC>86,990000</GREC>
    <MFTV>70,000000</MFTV>
    <PRGP>142,250000</PRGP>
    <ROSN>86,990000</ROSN>
    <SLOV>70,000000</SLOV>
    <SVIZ>70,000000</SVIZ>
    <BSP>70,000000</BSP>
  </Prezzi>
  <Prezzi>
    <Data>20141127</Data>
    <Mercato>MGP</Mercato>
    <Ora>20</Ora>
    <PUN>73,359372</PUN>
    <NAT>71,000000</NAT>
    <CNOR>80,270000</CNOR>
    <CSUD>80,270000</CSUD>
    <NORD>62,000000</NORD>
    <SARD>80,270000</SARD>
    <SICI>131,500000</SICI>
    <SUD>80,270000</SUD>
    <AUST>62,000000</AUST>
    <BRNN>80,270000</BRNN>
    <COAC>80,270000</COAC>
    <CORS>80,270000</CORS>
    <FOGN>80,270000</FOGN>
    <FRAN>62,000000</FRAN>
    <GREC>80,270000</GREC>
    <MFTV>62,000000</MFTV>
    <PRGP>131,500000</PRGP>
    <ROSN>80,270000</ROSN>
    <SLOV>62,000000</SLOV>
    <SVIZ>62,000000</SVIZ>
    <BSP>62,000000</BSP>
  </Prezzi>
  <Prezzi>
    <Data>20141127</Data>
    <Mercato>MGP</Mercato>
    <Ora>21</Ora>
    <PUN>67,340808</PUN>
    <NAT>62,590000</NAT>
    <CNOR>71,150000</CNOR>
    <CSUD>71,150000</CSUD>
    <NORD>59,640000</NORD>
    <SARD>71,150000</SARD>
    <SICI>111,330000</SICI>
    <SUD>71,150000</SUD>
    <AUST>59,640000</AUST>
    <BRNN>71,150000</BRNN>
    <COAC>71,150000</COAC>
    <CORS>71,150000</CORS>
    <FOGN>71,150000</FOGN>
    <FRAN>59,640000</FRAN>
    <GREC>71,150000</GREC>
    <MFTV>59,640000</MFTV>
    <PRGP>111,330000</PRGP>
    <ROSN>71,150000</ROSN>
    <SLOV>59,640000</SLOV>
    <SVIZ>59,640000</SVIZ>
    <BSP>59,640000</BSP>
  </Prezzi>
  <Prezzi>
    <Data>20141127</Data>
    <Mercato>MGP</Mercato>
    <Ora>22</Ora>
    <PUN>61,553039</PUN>
    <NAT>59,530000</NAT>
    <CNOR>62,600000</CNOR>
    <CSUD>62,600000</CSUD>
    <NORD>57,000000</NORD>
    <SARD>62,600000</SARD>
    <SICI>98,030000</SICI>
    <SUD>62,600000</SUD>
    <AUST>57,000000</AUST>
    <BRNN>62,600000</BRNN>
    <COAC>62,600000</COAC>
    <CORS>62,600000</CORS>
    <FOGN>62,600000</FOGN>
    <FRAN>57,000000</FRAN>
    <GREC>62,600000</GREC>
    <MFTV>57,000000</MFTV>
    <PRGP>98,030000</PRGP>
    <ROSN>62,600000</ROSN>
    <SLOV>57,000000</SLOV>
    <SVIZ>57,000000</SVIZ>
    <BSP>57,000000</BSP>
  </Prezzi>
  <Prezzi>
    <Data>20141127</Data>
    <Mercato>MGP</Mercato>
    <Ora>23</Ora>
    <PUN>57,515998</PUN>
    <NAT>57,630000</NAT>
    <CNOR>59,010000</CNOR>
    <CSUD>59,010000</CSUD>
    <NORD>56,240000</NORD>
    <SARD>59,010000</SARD>
    <SICI>59,010000</SICI>
    <SUD>59,010000</SUD>
    <AUST>56,240000</AUST>
    <BRNN>59,010000</BRNN>
    <COAC>59,010000</COAC>
    <CORS>59,010000</CORS>
    <FOGN>59,010000</FOGN>
    <FRAN>56,240000</FRAN>
    <GREC>59,010000</GREC>
    <MFTV>56,240000</MFTV>
    <PRGP>59,010000</PRGP>
    <ROSN>59,010000</ROSN>
    <SLOV>56,240000</SLOV>
    <SVIZ>56,240000</SVIZ>
    <BSP>56,240000</BSP>
  </Prezzi>
  <Prezzi>
    <Data>20141127</Data>
    <Mercato>MGP</Mercato>
    <Ora>24</Ora>
    <PUN>52,880000</PUN>
    <NAT>52,880000</NAT>
    <CNOR>52,880000</CNOR>
    <CSUD>52,880000</CSUD>
    <NORD>52,880000</NORD>
    <SARD>52,880000</SARD>
    <SICI>52,880000</SICI>
    <SUD>52,880000</SUD>
    <AUST>52,880000</AUST>
    <BRNN>52,880000</BRNN>
    <COAC>52,880000</COAC>
    <CORS>52,880000</CORS>
    <FOGN>52,880000</FOGN>
    <FRAN>52,880000</FRAN>
    <GREC>52,880000</GREC>
    <MFTV>52,880000</MFTV>
    <PRGP>52,880000</PRGP>
    <ROSN>52,880000</ROSN>
    <SLOV>52,880000</SLOV>
    <SVIZ>52,880000</SVIZ>
    <BSP>52,880000</BSP>
  </Prezzi>
</NewDataSet>