<?xml version="1.0" standalone="yes"?>
<NewDataSet>
  <xs:schema id="NewDataSet" xmlns="" xmlns:xs="http://www.w3.org/2001/XMLSchema" xmlns:msdata="urn:schemas-microsoft-com:xml-msdata">
    <xs:element name="NewDataSet" msdata:IsDataSet="true" msdata:MainDataTable="marketintervaldetail" msdata:UseCurrentLocale="true">
      <xs:complexType>
        <xs:choice minOccurs="0" maxOccurs="unbounded">
          <xs:element name="marketintervaldetail">
            <xs:complexType>
              <xs:sequence>
                <xs:element name="Data" type="xs:string" minOccurs="0" />
                <xs:element name="Mercato" type="xs:string" minOccurs="0" />
                <xs:element name="Ora" type="xs:string" minOccurs="0" />
                <xs:element name="Totale" type="xs:string" minOccurs="0" />
                <xs:element name="CNOR" type="xs:string" minOccurs="0" />
                <xs:element name="CSUD" type="xs:string" minOccurs="0" />
                <xs:element name="NORD" type="xs:string" minOccurs="0" />
                <xs:element name="SARD" type="xs:string" minOccurs="0" />
                <xs:element name="SICI" type="xs:string" minOccurs="0" />
                <xs:element name="SUD" type="xs:string" minOccurs="0" />
              </xs:sequence>
            </xs:complexType>
          </xs:element>
        </xs:choice>
      </xs:complexType>
    </xs:element>
  </xs:schema>
  <marketintervaldetail>
    <Data>20171026</Data>
    <Mercato>MGP</Mercato>
    <Ora>01</Ora>
    <Totale>27506</Totale>
    <CNOR>2961</CNOR>
    <CSUD>4021</CSUD>
    <NORD>15685</NORD>
    <SARD>818</SARD>
    <SICI>1649</SICI>
    <SUD>2372</SUD>
  </marketintervaldetail>
  <marketintervaldetail>
    <Data>20171026</Data>
    <Mercato>MGP</Mercato>
    <Ora>02</Ora>
    <Totale>25932</Totale>
    <CNOR>2780</CNOR>
    <CSUD>3717</CSUD>
    <NORD>14905</NORD>
    <SARD>783</SARD>
    <SICI>1516</SICI>
    <SUD>2231</SUD>
  </marketintervaldetail>
  <marketintervaldetail>
    <Data>20171026</Data>
    <Mercato>MGP</Mercato>
    <Ora>03</Ora>
    <Totale>24869</Totale>
    <CNOR>2663</CNOR>
    <CSUD>3497</CSUD>
    <NORD>14379</NORD>
    <SARD>768</SARD>
    <SICI>1466</SICI>
    <SUD>2096</SUD>
  </marketintervaldetail>
  <marketintervaldetail>
    <Data>20171026</Data>
    <Mercato>MGP</Mercato>
    <Ora>04</Ora>
    <Totale>24386</Totale>
    <CNOR>2617</CNOR>
    <CSUD>3440</CSUD>
    <NORD>14039</NORD>
    <SARD>760</SARD>
    <SICI>1478</SICI>
    <SUD>2052</SUD>
  </marketintervaldetail>
  <marketintervaldetail>
    <Data>20171026</Data>
    <Mercato>MGP</Mercato>
    <Ora>05</Ora>
    <Totale>24531</Totale>
    <CNOR>2663</CNOR>
    <CSUD>3498</CSUD>
    <NORD>14095</NORD>
    <SARD>753</SARD>
    <SICI>1458</SICI>
    <SUD>2064</SUD>
  </marketintervaldetail>
  <marketintervaldetail>
    <Data>20171026</Data>
    <Mercato>MGP</Mercato>
    <Ora>06</Ora>
    <Totale>25900</Totale>
    <CNOR>2775</CNOR>
    <CSUD>3697</CSUD>
    <NORD>14943</NORD>
    <SARD>781</SARD>
    <SICI>1522</SICI>
    <SUD>2182</SUD>
  </marketintervaldetail>
  <marketintervaldetail>
    <Data>20171026</Data>
    <Mercato>MGP</Mercato>
    <Ora>07</Ora>
    <Totale>30624</Totale>
    <CNOR>3205</CNOR>
    <CSUD>4288</CSUD>
    <NORD>18010</NORD>
    <SARD>855</SARD>
    <SICI>1709</SICI>
    <SUD>2557</SUD>
  </marketintervaldetail>
  <marketintervaldetail>
    <Data>20171026</Data>
    <Mercato>MGP</Mercato>
    <Ora>08</Ora>
    <Totale>36899</Totale>
    <CNOR>3877</CNOR>
    <CSUD>5152</CSUD>
    <NORD>22058</NORD>
    <SARD>972</SARD>
    <SICI>2004</SICI>
    <SUD>2836</SUD>
  </marketintervaldetail>
  <marketintervaldetail>
    <Data>20171026</Data>
    <Mercato>MGP</Mercato>
    <Ora>09</Ora>
    <Totale>40366</Totale>
    <CNOR>4355</CNOR>
    <CSUD>5729</CSUD>
    <NORD>24180</NORD>
    <SARD>1006</SARD>
    <SICI>2127</SICI>
    <SUD>2969</SUD>
  </marketintervaldetail>
  <marketintervaldetail>
    <Data>20171026</Data>
    <Mercato>MGP</Mercato>
    <Ora>10</Ora>
    <Totale>42143</Totale>
    <CNOR>4696</CNOR>
    <CSUD>6210</CSUD>
    <NORD>25073</NORD>
    <SARD>1011</SARD>
    <SICI>2148</SICI>
    <SUD>3005</SUD>
  </marketintervaldetail>
  <marketintervaldetail>
    <Data>20171026</Data>
    <Mercato>MGP</Mercato>
    <Ora>11</Ora>
    <Totale>41259</Totale>
    <CNOR>4583</CNOR>
    <CSUD>6287</CSUD>
    <NORD>24412</NORD>
    <SARD>970</SARD>
    <SICI>2135</SICI>
    <SUD>2872</SUD>
  </marketintervaldetail>
  <marketintervaldetail>
    <Data>20171026</Data>
    <Mercato>MGP</Mercato>
    <Ora>12</Ora>
    <Totale>40584</Totale>
    <CNOR>4410</CNOR>
    <CSUD>6182</CSUD>
    <NORD>23999</NORD>
    <SARD>954</SARD>
    <SICI>2025</SICI>
    <SUD>3014</SUD>
  </marketintervaldetail>
  <marketintervaldetail>
    <Data>20171026</Data>
    <Mercato>MGP</Mercato>
    <Ora>13</Ora>
    <Totale>38106</Totale>
    <CNOR>4014</CNOR>
    <CSUD>5841</CSUD>
    <NORD>22256</NORD>
    <SARD>953</SARD>
    <SICI>1992</SICI>
    <SUD>3050</SUD>
  </marketintervaldetail>
  <marketintervaldetail>
    <Data>20171026</Data>
    <Mercato>MGP</Mercato>
    <Ora>14</Ora>
    <Totale>37394</Totale>
    <CNOR>3846</CNOR>
    <CSUD>5624</CSUD>
    <NORD>22295</NORD>
    <SARD>882</SARD>
    <SICI>1857</SICI>
    <SUD>2890</SUD>
  </marketintervaldetail>
  <marketintervaldetail>
    <Data>20171026</Data>
    <Mercato>MGP</Mercato>
    <Ora>15</Ora>
    <Totale>37833</Totale>
    <CNOR>3947</CNOR>
    <CSUD>5530</CSUD>
    <NORD>22953</NORD>
    <SARD>829</SARD>
    <SICI>1888</SICI>
    <SUD>2686</SUD>
  </marketintervaldetail>
  <marketintervaldetail>
    <Data>20171026</Data>
    <Mercato>MGP</Mercato>
    <Ora>16</Ora>
    <Totale>38231</Totale>
    <CNOR>4084</CNOR>
    <CSUD>5637</CSUD>
    <NORD>23236</NORD>
    <SARD>776</SARD>
    <SICI>1942</SICI>
    <SUD>2556</SUD>
  </marketintervaldetail>
  <marketintervaldetail>
    <Data>20171026</Data>
    <Mercato>MGP</Mercato>
    <Ora>17</Ora>
    <Totale>38435</Totale>
    <CNOR>4154</CNOR>
    <CSUD>5681</CSUD>
    <NORD>23124</NORD>
    <SARD>823</SARD>
    <SICI>1942</SICI>
    <SUD>2711</SUD>
  </marketintervaldetail>
  <marketintervaldetail>
    <Data>20171026</Data>
    <Mercato>MGP</Mercato>
    <Ora>18</Ora>
    <Totale>37951</Totale>
    <CNOR>4122</CNOR>
    <CSUD>5601</CSUD>
    <NORD>22462</NORD>
    <SARD>888</SARD>
    <SICI>2033</SICI>
    <SUD>2845</SUD>
  </marketintervaldetail>
  <marketintervaldetail>
    <Data>20171026</Data>
    <Mercato>MGP</Mercato>
    <Ora>19</Ora>
    <Totale>39955</Totale>
    <CNOR>4265</CNOR>
    <CSUD>5956</CSUD>
    <NORD>23009</NORD>
    <SARD>987</SARD>
    <SICI>2344</SICI>
    <SUD>3394</SUD>
  </marketintervaldetail>
  <marketintervaldetail>
    <Data>20171026</Data>
    <Mercato>MGP</Mercato>
    <Ora>20</Ora>
    <Totale>42629</Totale>
    <CNOR>4552</CNOR>
    <CSUD>6365</CSUD>
    <NORD>24482</NORD>
    <SARD>1086</SARD>
    <SICI>2527</SICI>
    <SUD>3617</SUD>
  </marketintervaldetail>
  <marketintervaldetail>
    <Data>20171026</Data>
    <Mercato>MGP</Mercato>
    <Ora>21</Ora>
    <Totale>40459</Totale>
    <CNOR>4280</CNOR>
    <CSUD>6126</CSUD>
    <NORD>23060</NORD>
    <SARD>1075</SARD>
    <SICI>2440</SICI>
    <SUD>3478</SUD>
  </marketintervaldetail>
  <marketintervaldetail>
    <Data>20171026</Data>
    <Mercato>MGP</Mercato>
    <Ora>22</Ora>
    <Totale>37558</Totale>
    <CNOR>3940</CNOR>
    <CSUD>5750</CSUD>
    <NORD>21415</NORD>
    <SARD>1006</SARD>
    <SICI>2264</SICI>
    <SUD>3183</SUD>
  </marketintervaldetail>
  <marketintervaldetail>
    <Data>20171026</Data>
    <Mercato>MGP</Mercato>
    <Ora>23</Ora>
    <Totale>33902</Totale>
    <CNOR>3529</CNOR>
    <CSUD>5224</CSUD>
    <NORD>19205</NORD>
    <SARD>938</SARD>
    <SICI>2091</SICI>
    <SUD>2915</SUD>
  </marketintervaldetail>
  <marketintervaldetail>
    <Data>20171026</Data>
    <Mercato>MGP</Mercato>
    <Ora>24</Ora>
    <Totale>30779</Totale>
    <CNOR>3171</CNOR>
    <CSUD>4550</CSUD>
    <NORD>17541</NORD>
    <SARD>870</SARD>
    <SICI>1937</SICI>
    <SUD>2710</SUD>
  </marketintervaldetail>
</NewDataSet>