<?xml version="1.0" standalone="yes"?>
<NewDataSet>
  <xs:schema id="NewDataSet" xmlns="" xmlns:xs="http://www.w3.org/2001/XMLSchema" xmlns:msdata="urn:schemas-microsoft-com:xml-msdata">
    <xs:element name="NewDataSet" msdata:IsDataSet="true" msdata:MainDataTable="marketintervaldetail" msdata:UseCurrentLocale="true">
      <xs:complexType>
        <xs:choice minOccurs="0" maxOccurs="unbounded">
          <xs:element name="marketintervaldetail">
            <xs:complexType>
              <xs:sequence>
                <xs:element name="Data" type="xs:string" minOccurs="0" />
                <xs:element name="Mercato" type="xs:string" minOccurs="0" />
                <xs:element name="Ora" type="xs:string" minOccurs="0" />
                <xs:element name="Totale" type="xs:string" minOccurs="0" />
                <xs:element name="CNOR" type="xs:string" minOccurs="0" />
                <xs:element name="CSUD" type="xs:string" minOccurs="0" />
                <xs:element name="NORD" type="xs:string" minOccurs="0" />
                <xs:element name="SARD" type="xs:string" minOccurs="0" />
                <xs:element name="SICI" type="xs:string" minOccurs="0" />
                <xs:element name="SUD" type="xs:string" minOccurs="0" />
              </xs:sequence>
            </xs:complexType>
          </xs:element>
        </xs:choice>
      </xs:complexType>
    </xs:element>
  </xs:schema>
  <marketintervaldetail>
    <Data>20171022</Data>
    <Mercato>MGP</Mercato>
    <Ora>01</Ora>
    <Totale>24292</Totale>
    <CNOR>2654</CNOR>
    <CSUD>3979</CSUD>
    <NORD>12928</NORD>
    <SARD>826</SARD>
    <SICI>1644</SICI>
    <SUD>2261</SUD>
  </marketintervaldetail>
  <marketintervaldetail>
    <Data>20171022</Data>
    <Mercato>MGP</Mercato>
    <Ora>02</Ora>
    <Totale>22443</Totale>
    <CNOR>2414</CNOR>
    <CSUD>3574</CSUD>
    <NORD>12083</NORD>
    <SARD>766</SARD>
    <SICI>1484</SICI>
    <SUD>2122</SUD>
  </marketintervaldetail>
  <marketintervaldetail>
    <Data>20171022</Data>
    <Mercato>MGP</Mercato>
    <Ora>03</Ora>
    <Totale>21032</Totale>
    <CNOR>2293</CNOR>
    <CSUD>3339</CSUD>
    <NORD>11216</NORD>
    <SARD>744</SARD>
    <SICI>1396</SICI>
    <SUD>2044</SUD>
  </marketintervaldetail>
  <marketintervaldetail>
    <Data>20171022</Data>
    <Mercato>MGP</Mercato>
    <Ora>04</Ora>
    <Totale>20618</Totale>
    <CNOR>2183</CNOR>
    <CSUD>3215</CSUD>
    <NORD>11147</NORD>
    <SARD>734</SARD>
    <SICI>1363</SICI>
    <SUD>1976</SUD>
  </marketintervaldetail>
  <marketintervaldetail>
    <Data>20171022</Data>
    <Mercato>MGP</Mercato>
    <Ora>05</Ora>
    <Totale>20483</Totale>
    <CNOR>2180</CNOR>
    <CSUD>3152</CSUD>
    <NORD>11083</NORD>
    <SARD>737</SARD>
    <SICI>1383</SICI>
    <SUD>1948</SUD>
  </marketintervaldetail>
  <marketintervaldetail>
    <Data>20171022</Data>
    <Mercato>MGP</Mercato>
    <Ora>06</Ora>
    <Totale>20780</Totale>
    <CNOR>2194</CNOR>
    <CSUD>3181</CSUD>
    <NORD>11303</NORD>
    <SARD>741</SARD>
    <SICI>1403</SICI>
    <SUD>1958</SUD>
  </marketintervaldetail>
  <marketintervaldetail>
    <Data>20171022</Data>
    <Mercato>MGP</Mercato>
    <Ora>07</Ora>
    <Totale>21766</Totale>
    <CNOR>2204</CNOR>
    <CSUD>3365</CSUD>
    <NORD>11922</NORD>
    <SARD>770</SARD>
    <SICI>1469</SICI>
    <SUD>2036</SUD>
  </marketintervaldetail>
  <marketintervaldetail>
    <Data>20171022</Data>
    <Mercato>MGP</Mercato>
    <Ora>08</Ora>
    <Totale>22973</Totale>
    <CNOR>2310</CNOR>
    <CSUD>3559</CSUD>
    <NORD>12726</NORD>
    <SARD>826</SARD>
    <SICI>1509</SICI>
    <SUD>2043</SUD>
  </marketintervaldetail>
  <marketintervaldetail>
    <Data>20171022</Data>
    <Mercato>MGP</Mercato>
    <Ora>09</Ora>
    <Totale>24054</Totale>
    <CNOR>2503</CNOR>
    <CSUD>3795</CSUD>
    <NORD>13075</NORD>
    <SARD>846</SARD>
    <SICI>1631</SICI>
    <SUD>2204</SUD>
  </marketintervaldetail>
  <marketintervaldetail>
    <Data>20171022</Data>
    <Mercato>MGP</Mercato>
    <Ora>10</Ora>
    <Totale>26009</Totale>
    <CNOR>2707</CNOR>
    <CSUD>4245</CSUD>
    <NORD>14060</NORD>
    <SARD>876</SARD>
    <SICI>1745</SICI>
    <SUD>2376</SUD>
  </marketintervaldetail>
  <marketintervaldetail>
    <Data>20171022</Data>
    <Mercato>MGP</Mercato>
    <Ora>11</Ora>
    <Totale>26934</Totale>
    <CNOR>2781</CNOR>
    <CSUD>4449</CSUD>
    <NORD>14624</NORD>
    <SARD>864</SARD>
    <SICI>1760</SICI>
    <SUD>2456</SUD>
  </marketintervaldetail>
  <marketintervaldetail>
    <Data>20171022</Data>
    <Mercato>MGP</Mercato>
    <Ora>12</Ora>
    <Totale>27382</Totale>
    <CNOR>2820</CNOR>
    <CSUD>4466</CSUD>
    <NORD>14895</NORD>
    <SARD>863</SARD>
    <SICI>1739</SICI>
    <SUD>2599</SUD>
  </marketintervaldetail>
  <marketintervaldetail>
    <Data>20171022</Data>
    <Mercato>MGP</Mercato>
    <Ora>13</Ora>
    <Totale>27269</Totale>
    <CNOR>2702</CNOR>
    <CSUD>4643</CSUD>
    <NORD>14679</NORD>
    <SARD>856</SARD>
    <SICI>1737</SICI>
    <SUD>2652</SUD>
  </marketintervaldetail>
  <marketintervaldetail>
    <Data>20171022</Data>
    <Mercato>MGP</Mercato>
    <Ora>14</Ora>
    <Totale>26000</Totale>
    <CNOR>2565</CNOR>
    <CSUD>4536</CSUD>
    <NORD>13928</NORD>
    <SARD>803</SARD>
    <SICI>1632</SICI>
    <SUD>2536</SUD>
  </marketintervaldetail>
  <marketintervaldetail>
    <Data>20171022</Data>
    <Mercato>MGP</Mercato>
    <Ora>15</Ora>
    <Totale>24954</Totale>
    <CNOR>2542</CNOR>
    <CSUD>4309</CSUD>
    <NORD>13480</NORD>
    <SARD>770</SARD>
    <SICI>1517</SICI>
    <SUD>2336</SUD>
  </marketintervaldetail>
  <marketintervaldetail>
    <Data>20171022</Data>
    <Mercato>MGP</Mercato>
    <Ora>16</Ora>
    <Totale>25015</Totale>
    <CNOR>2613</CNOR>
    <CSUD>4354</CSUD>
    <NORD>13460</NORD>
    <SARD>766</SARD>
    <SICI>1525</SICI>
    <SUD>2297</SUD>
  </marketintervaldetail>
  <marketintervaldetail>
    <Data>20171022</Data>
    <Mercato>MGP</Mercato>
    <Ora>17</Ora>
    <Totale>25528</Totale>
    <CNOR>2719</CNOR>
    <CSUD>4440</CSUD>
    <NORD>13644</NORD>
    <SARD>795</SARD>
    <SICI>1585</SICI>
    <SUD>2345</SUD>
  </marketintervaldetail>
  <marketintervaldetail>
    <Data>20171022</Data>
    <Mercato>MGP</Mercato>
    <Ora>18</Ora>
    <Totale>26545</Totale>
    <CNOR>2809</CNOR>
    <CSUD>4588</CSUD>
    <NORD>14260</NORD>
    <SARD>841</SARD>
    <SICI>1658</SICI>
    <SUD>2389</SUD>
  </marketintervaldetail>
  <marketintervaldetail>
    <Data>20171022</Data>
    <Mercato>MGP</Mercato>
    <Ora>19</Ora>
    <Totale>28993</Totale>
    <CNOR>2987</CNOR>
    <CSUD>4835</CSUD>
    <NORD>15676</NORD>
    <SARD>900</SARD>
    <SICI>1816</SICI>
    <SUD>2779</SUD>
  </marketintervaldetail>
  <marketintervaldetail>
    <Data>20171022</Data>
    <Mercato>MGP</Mercato>
    <Ora>20</Ora>
    <Totale>32317</Totale>
    <CNOR>3396</CNOR>
    <CSUD>5434</CSUD>
    <NORD>17478</NORD>
    <SARD>1012</SARD>
    <SICI>2075</SICI>
    <SUD>2922</SUD>
  </marketintervaldetail>
  <marketintervaldetail>
    <Data>20171022</Data>
    <Mercato>MGP</Mercato>
    <Ora>21</Ora>
    <Totale>31472</Totale>
    <CNOR>3311</CNOR>
    <CSUD>5361</CSUD>
    <NORD>16731</NORD>
    <SARD>1025</SARD>
    <SICI>2089</SICI>
    <SUD>2955</SUD>
  </marketintervaldetail>
  <marketintervaldetail>
    <Data>20171022</Data>
    <Mercato>MGP</Mercato>
    <Ora>22</Ora>
    <Totale>29858</Totale>
    <CNOR>3099</CNOR>
    <CSUD>5055</CSUD>
    <NORD>15874</NORD>
    <SARD>972</SARD>
    <SICI>1993</SICI>
    <SUD>2865</SUD>
  </marketintervaldetail>
  <marketintervaldetail>
    <Data>20171022</Data>
    <Mercato>MGP</Mercato>
    <Ora>23</Ora>
    <Totale>27541</Totale>
    <CNOR>2866</CNOR>
    <CSUD>4712</CSUD>
    <NORD>14579</NORD>
    <SARD>903</SARD>
    <SICI>1824</SICI>
    <SUD>2657</SUD>
  </marketintervaldetail>
  <marketintervaldetail>
    <Data>20171022</Data>
    <Mercato>MGP</Mercato>
    <Ora>24</Ora>
    <Totale>25474</Totale>
    <CNOR>2647</CNOR>
    <CSUD>4230</CSUD>
    <NORD>13599</NORD>
    <SARD>844</SARD>
    <SICI>1669</SICI>
    <SUD>2485</SUD>
  </marketintervaldetail>
</NewDataSet>