<?xml version="1.0" standalone="yes"?>
<NewDataSet>
  <xs:schema id="NewDataSet" xmlns="" xmlns:xs="http://www.w3.org/2001/XMLSchema" xmlns:msdata="urn:schemas-microsoft-com:xml-msdata">
    <xs:element name="NewDataSet" msdata:IsDataSet="true" msdata:MainDataTable="marketintervaldetail" msdata:UseCurrentLocale="true">
      <xs:complexType>
        <xs:choice minOccurs="0" maxOccurs="unbounded">
          <xs:element name="marketintervaldetail">
            <xs:complexType>
              <xs:sequence>
                <xs:element name="Data" type="xs:string" minOccurs="0" />
                <xs:element name="Mercato" type="xs:string" minOccurs="0" />
                <xs:element name="Ora" type="xs:string" minOccurs="0" />
                <xs:element name="Totale" type="xs:string" minOccurs="0" />
                <xs:element name="CNOR" type="xs:string" minOccurs="0" />
                <xs:element name="CSUD" type="xs:string" minOccurs="0" />
                <xs:element name="NORD" type="xs:string" minOccurs="0" />
                <xs:element name="SARD" type="xs:string" minOccurs="0" />
                <xs:element name="SICI" type="xs:string" minOccurs="0" />
                <xs:element name="SUD" type="xs:string" minOccurs="0" />
              </xs:sequence>
            </xs:complexType>
          </xs:element>
        </xs:choice>
      </xs:complexType>
    </xs:element>
  </xs:schema>
  <marketintervaldetail>
    <Data>20171001</Data>
    <Mercato>MGP</Mercato>
    <Ora>01</Ora>
    <Totale>24026</Totale>
    <CNOR>2547</CNOR>
    <CSUD>3747</CSUD>
    <NORD>12727</NORD>
    <SARD>830</SARD>
    <SICI>1682</SICI>
    <SUD>2493</SUD>
  </marketintervaldetail>
  <marketintervaldetail>
    <Data>20171001</Data>
    <Mercato>MGP</Mercato>
    <Ora>02</Ora>
    <Totale>22641</Totale>
    <CNOR>2436</CNOR>
    <CSUD>3542</CSUD>
    <NORD>11988</NORD>
    <SARD>790</SARD>
    <SICI>1572</SICI>
    <SUD>2313</SUD>
  </marketintervaldetail>
  <marketintervaldetail>
    <Data>20171001</Data>
    <Mercato>MGP</Mercato>
    <Ora>03</Ora>
    <Totale>21658</Totale>
    <CNOR>2314</CNOR>
    <CSUD>3349</CSUD>
    <NORD>11612</NORD>
    <SARD>780</SARD>
    <SICI>1426</SICI>
    <SUD>2177</SUD>
  </marketintervaldetail>
  <marketintervaldetail>
    <Data>20171001</Data>
    <Mercato>MGP</Mercato>
    <Ora>04</Ora>
    <Totale>21097</Totale>
    <CNOR>2226</CNOR>
    <CSUD>3201</CSUD>
    <NORD>11410</NORD>
    <SARD>768</SARD>
    <SICI>1411</SICI>
    <SUD>2081</SUD>
  </marketintervaldetail>
  <marketintervaldetail>
    <Data>20171001</Data>
    <Mercato>MGP</Mercato>
    <Ora>05</Ora>
    <Totale>20926</Totale>
    <CNOR>2169</CNOR>
    <CSUD>3189</CSUD>
    <NORD>11385</NORD>
    <SARD>760</SARD>
    <SICI>1355</SICI>
    <SUD>2068</SUD>
  </marketintervaldetail>
  <marketintervaldetail>
    <Data>20171001</Data>
    <Mercato>MGP</Mercato>
    <Ora>06</Ora>
    <Totale>21290</Totale>
    <CNOR>2174</CNOR>
    <CSUD>3260</CSUD>
    <NORD>11608</NORD>
    <SARD>768</SARD>
    <SICI>1354</SICI>
    <SUD>2126</SUD>
  </marketintervaldetail>
  <marketintervaldetail>
    <Data>20171001</Data>
    <Mercato>MGP</Mercato>
    <Ora>07</Ora>
    <Totale>22008</Totale>
    <CNOR>2242</CNOR>
    <CSUD>3385</CSUD>
    <NORD>11995</NORD>
    <SARD>790</SARD>
    <SICI>1454</SICI>
    <SUD>2142</SUD>
  </marketintervaldetail>
  <marketintervaldetail>
    <Data>20171001</Data>
    <Mercato>MGP</Mercato>
    <Ora>08</Ora>
    <Totale>22628</Totale>
    <CNOR>2270</CNOR>
    <CSUD>3503</CSUD>
    <NORD>12470</NORD>
    <SARD>815</SARD>
    <SICI>1440</SICI>
    <SUD>2130</SUD>
  </marketintervaldetail>
  <marketintervaldetail>
    <Data>20171001</Data>
    <Mercato>MGP</Mercato>
    <Ora>09</Ora>
    <Totale>24320</Totale>
    <CNOR>2487</CNOR>
    <CSUD>3861</CSUD>
    <NORD>13087</NORD>
    <SARD>868</SARD>
    <SICI>1618</SICI>
    <SUD>2399</SUD>
  </marketintervaldetail>
  <marketintervaldetail>
    <Data>20171001</Data>
    <Mercato>MGP</Mercato>
    <Ora>10</Ora>
    <Totale>26336</Totale>
    <CNOR>2582</CNOR>
    <CSUD>4153</CSUD>
    <NORD>14067</NORD>
    <SARD>901</SARD>
    <SICI>1894</SICI>
    <SUD>2739</SUD>
  </marketintervaldetail>
  <marketintervaldetail>
    <Data>20171001</Data>
    <Mercato>MGP</Mercato>
    <Ora>11</Ora>
    <Totale>27895</Totale>
    <CNOR>2853</CNOR>
    <CSUD>4441</CSUD>
    <NORD>14665</NORD>
    <SARD>891</SARD>
    <SICI>1971</SICI>
    <SUD>3074</SUD>
  </marketintervaldetail>
  <marketintervaldetail>
    <Data>20171001</Data>
    <Mercato>MGP</Mercato>
    <Ora>12</Ora>
    <Totale>28078</Totale>
    <CNOR>2966</CNOR>
    <CSUD>4444</CSUD>
    <NORD>14637</NORD>
    <SARD>867</SARD>
    <SICI>1972</SICI>
    <SUD>3192</SUD>
  </marketintervaldetail>
  <marketintervaldetail>
    <Data>20171001</Data>
    <Mercato>MGP</Mercato>
    <Ora>13</Ora>
    <Totale>26790</Totale>
    <CNOR>2931</CNOR>
    <CSUD>4591</CSUD>
    <NORD>13995</NORD>
    <SARD>860</SARD>
    <SICI>1771</SICI>
    <SUD>2642</SUD>
  </marketintervaldetail>
  <marketintervaldetail>
    <Data>20171001</Data>
    <Mercato>MGP</Mercato>
    <Ora>14</Ora>
    <Totale>24435</Totale>
    <CNOR>2811</CNOR>
    <CSUD>4296</CSUD>
    <NORD>12730</NORD>
    <SARD>809</SARD>
    <SICI>1490</SICI>
    <SUD>2299</SUD>
  </marketintervaldetail>
  <marketintervaldetail>
    <Data>20171001</Data>
    <Mercato>MGP</Mercato>
    <Ora>15</Ora>
    <Totale>23538</Totale>
    <CNOR>2707</CNOR>
    <CSUD>4009</CSUD>
    <NORD>12511</NORD>
    <SARD>813</SARD>
    <SICI>1401</SICI>
    <SUD>2097</SUD>
  </marketintervaldetail>
  <marketintervaldetail>
    <Data>20171001</Data>
    <Mercato>MGP</Mercato>
    <Ora>16</Ora>
    <Totale>24425</Totale>
    <CNOR>2931</CNOR>
    <CSUD>4308</CSUD>
    <NORD>12886</NORD>
    <SARD>809</SARD>
    <SICI>1391</SICI>
    <SUD>2100</SUD>
  </marketintervaldetail>
  <marketintervaldetail>
    <Data>20171001</Data>
    <Mercato>MGP</Mercato>
    <Ora>17</Ora>
    <Totale>25173</Totale>
    <CNOR>3103</CNOR>
    <CSUD>4390</CSUD>
    <NORD>12986</NORD>
    <SARD>807</SARD>
    <SICI>1515</SICI>
    <SUD>2372</SUD>
  </marketintervaldetail>
  <marketintervaldetail>
    <Data>20171001</Data>
    <Mercato>MGP</Mercato>
    <Ora>18</Ora>
    <Totale>26052</Totale>
    <CNOR>3104</CNOR>
    <CSUD>4357</CSUD>
    <NORD>13656</NORD>
    <SARD>853</SARD>
    <SICI>1637</SICI>
    <SUD>2445</SUD>
  </marketintervaldetail>
  <marketintervaldetail>
    <Data>20171001</Data>
    <Mercato>MGP</Mercato>
    <Ora>19</Ora>
    <Totale>27497</Totale>
    <CNOR>3106</CNOR>
    <CSUD>4350</CSUD>
    <NORD>14707</NORD>
    <SARD>904</SARD>
    <SICI>1744</SICI>
    <SUD>2686</SUD>
  </marketintervaldetail>
  <marketintervaldetail>
    <Data>20171001</Data>
    <Mercato>MGP</Mercato>
    <Ora>20</Ora>
    <Totale>31184</Totale>
    <CNOR>3417</CNOR>
    <CSUD>4911</CSUD>
    <NORD>16673</NORD>
    <SARD>995</SARD>
    <SICI>2022</SICI>
    <SUD>3166</SUD>
  </marketintervaldetail>
  <marketintervaldetail>
    <Data>20171001</Data>
    <Mercato>MGP</Mercato>
    <Ora>21</Ora>
    <Totale>31437</Totale>
    <CNOR>3420</CNOR>
    <CSUD>4981</CSUD>
    <NORD>16590</NORD>
    <SARD>1047</SARD>
    <SICI>2099</SICI>
    <SUD>3300</SUD>
  </marketintervaldetail>
  <marketintervaldetail>
    <Data>20171001</Data>
    <Mercato>MGP</Mercato>
    <Ora>22</Ora>
    <Totale>29633</Totale>
    <CNOR>3219</CNOR>
    <CSUD>4759</CSUD>
    <NORD>15652</NORD>
    <SARD>981</SARD>
    <SICI>2001</SICI>
    <SUD>3021</SUD>
  </marketintervaldetail>
  <marketintervaldetail>
    <Data>20171001</Data>
    <Mercato>MGP</Mercato>
    <Ora>23</Ora>
    <Totale>27621</Totale>
    <CNOR>3027</CNOR>
    <CSUD>4466</CSUD>
    <NORD>14527</NORD>
    <SARD>887</SARD>
    <SICI>1831</SICI>
    <SUD>2883</SUD>
  </marketintervaldetail>
  <marketintervaldetail>
    <Data>20171001</Data>
    <Mercato>MGP</Mercato>
    <Ora>24</Ora>
    <Totale>25251</Totale>
    <CNOR>2709</CNOR>
    <CSUD>3972</CSUD>
    <NORD>13495</NORD>
    <SARD>836</SARD>
    <SICI>1683</SICI>
    <SUD>2556</SUD>
  </marketintervaldetail>
</NewDataSet>