<?xml version="1.0" standalone="yes"?>
<NewDataSet>
  <xs:schema id="NewDataSet" xmlns="" xmlns:xs="http://www.w3.org/2001/XMLSchema" xmlns:msdata="urn:schemas-microsoft-com:xml-msdata">
    <xs:element name="NewDataSet" msdata:IsDataSet="true" msdata:MainDataTable="marketintervaldetail" msdata:UseCurrentLocale="true">
      <xs:complexType>
        <xs:choice minOccurs="0" maxOccurs="unbounded">
          <xs:element name="marketintervaldetail">
            <xs:complexType>
              <xs:sequence>
                <xs:element name="Data" type="xs:string" minOccurs="0" />
                <xs:element name="Mercato" type="xs:string" minOccurs="0" />
                <xs:element name="Ora" type="xs:string" minOccurs="0" />
                <xs:element name="Totale" type="xs:string" minOccurs="0" />
                <xs:element name="CNOR" type="xs:string" minOccurs="0" />
                <xs:element name="CSUD" type="xs:string" minOccurs="0" />
                <xs:element name="NORD" type="xs:string" minOccurs="0" />
                <xs:element name="SARD" type="xs:string" minOccurs="0" />
                <xs:element name="SICI" type="xs:string" minOccurs="0" />
                <xs:element name="SUD" type="xs:string" minOccurs="0" />
              </xs:sequence>
            </xs:complexType>
          </xs:element>
        </xs:choice>
      </xs:complexType>
    </xs:element>
  </xs:schema>
  <marketintervaldetail>
    <Data>20171020</Data>
    <Mercato>MGP</Mercato>
    <Ora>01</Ora>
    <Totale>27784</Totale>
    <CNOR>2954</CNOR>
    <CSUD>4108</CSUD>
    <NORD>15823</NORD>
    <SARD>835</SARD>
    <SICI>1619</SICI>
    <SUD>2445</SUD>
  </marketintervaldetail>
  <marketintervaldetail>
    <Data>20171020</Data>
    <Mercato>MGP</Mercato>
    <Ora>02</Ora>
    <Totale>26190</Totale>
    <CNOR>2751</CNOR>
    <CSUD>3820</CSUD>
    <NORD>15056</NORD>
    <SARD>791</SARD>
    <SICI>1490</SICI>
    <SUD>2282</SUD>
  </marketintervaldetail>
  <marketintervaldetail>
    <Data>20171020</Data>
    <Mercato>MGP</Mercato>
    <Ora>03</Ora>
    <Totale>25240</Totale>
    <CNOR>2647</CNOR>
    <CSUD>3653</CSUD>
    <NORD>14528</NORD>
    <SARD>771</SARD>
    <SICI>1433</SICI>
    <SUD>2208</SUD>
  </marketintervaldetail>
  <marketintervaldetail>
    <Data>20171020</Data>
    <Mercato>MGP</Mercato>
    <Ora>04</Ora>
    <Totale>24664</Totale>
    <CNOR>2544</CNOR>
    <CSUD>3586</CSUD>
    <NORD>14175</NORD>
    <SARD>770</SARD>
    <SICI>1407</SICI>
    <SUD>2182</SUD>
  </marketintervaldetail>
  <marketintervaldetail>
    <Data>20171020</Data>
    <Mercato>MGP</Mercato>
    <Ora>05</Ora>
    <Totale>24828</Totale>
    <CNOR>2539</CNOR>
    <CSUD>3601</CSUD>
    <NORD>14328</NORD>
    <SARD>771</SARD>
    <SICI>1427</SICI>
    <SUD>2162</SUD>
  </marketintervaldetail>
  <marketintervaldetail>
    <Data>20171020</Data>
    <Mercato>MGP</Mercato>
    <Ora>06</Ora>
    <Totale>26305</Totale>
    <CNOR>2681</CNOR>
    <CSUD>3763</CSUD>
    <NORD>15339</NORD>
    <SARD>799</SARD>
    <SICI>1485</SICI>
    <SUD>2238</SUD>
  </marketintervaldetail>
  <marketintervaldetail>
    <Data>20171020</Data>
    <Mercato>MGP</Mercato>
    <Ora>07</Ora>
    <Totale>30825</Totale>
    <CNOR>3153</CNOR>
    <CSUD>4377</CSUD>
    <NORD>18228</NORD>
    <SARD>872</SARD>
    <SICI>1682</SICI>
    <SUD>2513</SUD>
  </marketintervaldetail>
  <marketintervaldetail>
    <Data>20171020</Data>
    <Mercato>MGP</Mercato>
    <Ora>08</Ora>
    <Totale>36717</Totale>
    <CNOR>3757</CNOR>
    <CSUD>5141</CSUD>
    <NORD>22078</NORD>
    <SARD>995</SARD>
    <SICI>1946</SICI>
    <SUD>2800</SUD>
  </marketintervaldetail>
  <marketintervaldetail>
    <Data>20171020</Data>
    <Mercato>MGP</Mercato>
    <Ora>09</Ora>
    <Totale>40063</Totale>
    <CNOR>4245</CNOR>
    <CSUD>5657</CSUD>
    <NORD>24145</NORD>
    <SARD>1029</SARD>
    <SICI>2092</SICI>
    <SUD>2895</SUD>
  </marketintervaldetail>
  <marketintervaldetail>
    <Data>20171020</Data>
    <Mercato>MGP</Mercato>
    <Ora>10</Ora>
    <Totale>41304</Totale>
    <CNOR>4454</CNOR>
    <CSUD>6145</CSUD>
    <NORD>24661</NORD>
    <SARD>1019</SARD>
    <SICI>2135</SICI>
    <SUD>2890</SUD>
  </marketintervaldetail>
  <marketintervaldetail>
    <Data>20171020</Data>
    <Mercato>MGP</Mercato>
    <Ora>11</Ora>
    <Totale>40359</Totale>
    <CNOR>4425</CNOR>
    <CSUD>6089</CSUD>
    <NORD>23869</NORD>
    <SARD>977</SARD>
    <SICI>2013</SICI>
    <SUD>2986</SUD>
  </marketintervaldetail>
  <marketintervaldetail>
    <Data>20171020</Data>
    <Mercato>MGP</Mercato>
    <Ora>12</Ora>
    <Totale>39560</Totale>
    <CNOR>4326</CNOR>
    <CSUD>5964</CSUD>
    <NORD>23332</NORD>
    <SARD>953</SARD>
    <SICI>1925</SICI>
    <SUD>3060</SUD>
  </marketintervaldetail>
  <marketintervaldetail>
    <Data>20171020</Data>
    <Mercato>MGP</Mercato>
    <Ora>13</Ora>
    <Totale>36980</Totale>
    <CNOR>3929</CNOR>
    <CSUD>5731</CSUD>
    <NORD>21447</NORD>
    <SARD>942</SARD>
    <SICI>1935</SICI>
    <SUD>2996</SUD>
  </marketintervaldetail>
  <marketintervaldetail>
    <Data>20171020</Data>
    <Mercato>MGP</Mercato>
    <Ora>14</Ora>
    <Totale>36023</Totale>
    <CNOR>3656</CNOR>
    <CSUD>5516</CSUD>
    <NORD>21201</NORD>
    <SARD>907</SARD>
    <SICI>1900</SICI>
    <SUD>2843</SUD>
  </marketintervaldetail>
  <marketintervaldetail>
    <Data>20171020</Data>
    <Mercato>MGP</Mercato>
    <Ora>15</Ora>
    <Totale>37382</Totale>
    <CNOR>3994</CNOR>
    <CSUD>5615</CSUD>
    <NORD>22378</NORD>
    <SARD>843</SARD>
    <SICI>1908</SICI>
    <SUD>2644</SUD>
  </marketintervaldetail>
  <marketintervaldetail>
    <Data>20171020</Data>
    <Mercato>MGP</Mercato>
    <Ora>16</Ora>
    <Totale>38284</Totale>
    <CNOR>4150</CNOR>
    <CSUD>5803</CSUD>
    <NORD>22783</NORD>
    <SARD>866</SARD>
    <SICI>1936</SICI>
    <SUD>2746</SUD>
  </marketintervaldetail>
  <marketintervaldetail>
    <Data>20171020</Data>
    <Mercato>MGP</Mercato>
    <Ora>17</Ora>
    <Totale>38428</Totale>
    <CNOR>4224</CNOR>
    <CSUD>5946</CSUD>
    <NORD>22489</NORD>
    <SARD>902</SARD>
    <SICI>2029</SICI>
    <SUD>2838</SUD>
  </marketintervaldetail>
  <marketintervaldetail>
    <Data>20171020</Data>
    <Mercato>MGP</Mercato>
    <Ora>18</Ora>
    <Totale>38377</Totale>
    <CNOR>4134</CNOR>
    <CSUD>5867</CSUD>
    <NORD>22374</NORD>
    <SARD>934</SARD>
    <SICI>2116</SICI>
    <SUD>2952</SUD>
  </marketintervaldetail>
  <marketintervaldetail>
    <Data>20171020</Data>
    <Mercato>MGP</Mercato>
    <Ora>19</Ora>
    <Totale>39569</Totale>
    <CNOR>4226</CNOR>
    <CSUD>5969</CSUD>
    <NORD>22858</NORD>
    <SARD>975</SARD>
    <SICI>2203</SICI>
    <SUD>3338</SUD>
  </marketintervaldetail>
  <marketintervaldetail>
    <Data>20171020</Data>
    <Mercato>MGP</Mercato>
    <Ora>20</Ora>
    <Totale>42674</Totale>
    <CNOR>4514</CNOR>
    <CSUD>6539</CSUD>
    <NORD>24385</NORD>
    <SARD>1100</SARD>
    <SICI>2456</SICI>
    <SUD>3680</SUD>
  </marketintervaldetail>
  <marketintervaldetail>
    <Data>20171020</Data>
    <Mercato>MGP</Mercato>
    <Ora>21</Ora>
    <Totale>40603</Totale>
    <CNOR>4253</CNOR>
    <CSUD>6305</CSUD>
    <NORD>22895</NORD>
    <SARD>1113</SARD>
    <SICI>2449</SICI>
    <SUD>3588</SUD>
  </marketintervaldetail>
  <marketintervaldetail>
    <Data>20171020</Data>
    <Mercato>MGP</Mercato>
    <Ora>22</Ora>
    <Totale>37323</Totale>
    <CNOR>3905</CNOR>
    <CSUD>5727</CSUD>
    <NORD>21049</NORD>
    <SARD>1049</SARD>
    <SICI>2287</SICI>
    <SUD>3306</SUD>
  </marketintervaldetail>
  <marketintervaldetail>
    <Data>20171020</Data>
    <Mercato>MGP</Mercato>
    <Ora>23</Ora>
    <Totale>33980</Totale>
    <CNOR>3526</CNOR>
    <CSUD>5226</CSUD>
    <NORD>19099</NORD>
    <SARD>977</SARD>
    <SICI>2085</SICI>
    <SUD>3067</SUD>
  </marketintervaldetail>
  <marketintervaldetail>
    <Data>20171020</Data>
    <Mercato>MGP</Mercato>
    <Ora>24</Ora>
    <Totale>30985</Totale>
    <CNOR>3188</CNOR>
    <CSUD>4688</CSUD>
    <NORD>17557</NORD>
    <SARD>908</SARD>
    <SICI>1877</SICI>
    <SUD>2767</SUD>
  </marketintervaldetail>
</NewDataSet>