<?xml version="1.0" standalone="yes"?>
<NewDataSet>
  <xs:schema id="NewDataSet" xmlns="" xmlns:xs="http://www.w3.org/2001/XMLSchema" xmlns:msdata="urn:schemas-microsoft-com:xml-msdata">
    <xs:element name="NewDataSet" msdata:IsDataSet="true" msdata:MainDataTable="marketintervaldetail" msdata:UseCurrentLocale="true">
      <xs:complexType>
        <xs:choice minOccurs="0" maxOccurs="unbounded">
          <xs:element name="marketintervaldetail">
            <xs:complexType>
              <xs:sequence>
                <xs:element name="Data" type="xs:string" minOccurs="0" />
                <xs:element name="Mercato" type="xs:string" minOccurs="0" />
                <xs:element name="Ora" type="xs:string" minOccurs="0" />
                <xs:element name="Totale" type="xs:string" minOccurs="0" />
                <xs:element name="CNOR" type="xs:string" minOccurs="0" />
                <xs:element name="CSUD" type="xs:string" minOccurs="0" />
                <xs:element name="NORD" type="xs:string" minOccurs="0" />
                <xs:element name="SARD" type="xs:string" minOccurs="0" />
                <xs:element name="SICI" type="xs:string" minOccurs="0" />
                <xs:element name="SUD" type="xs:string" minOccurs="0" />
              </xs:sequence>
            </xs:complexType>
          </xs:element>
        </xs:choice>
      </xs:complexType>
    </xs:element>
  </xs:schema>
  <marketintervaldetail>
    <Data>20171002</Data>
    <Mercato>MGP</Mercato>
    <Ora>01</Ora>
    <Totale>22374</Totale>
    <CNOR>2459</CNOR>
    <CSUD>3568</CSUD>
    <NORD>11805</NORD>
    <SARD>772</SARD>
    <SICI>1514</SICI>
    <SUD>2256</SUD>
  </marketintervaldetail>
  <marketintervaldetail>
    <Data>20171002</Data>
    <Mercato>MGP</Mercato>
    <Ora>02</Ora>
    <Totale>21016</Totale>
    <CNOR>2280</CNOR>
    <CSUD>3319</CSUD>
    <NORD>11149</NORD>
    <SARD>737</SARD>
    <SICI>1407</SICI>
    <SUD>2124</SUD>
  </marketintervaldetail>
  <marketintervaldetail>
    <Data>20171002</Data>
    <Mercato>MGP</Mercato>
    <Ora>03</Ora>
    <Totale>20501</Totale>
    <CNOR>2243</CNOR>
    <CSUD>3193</CSUD>
    <NORD>10955</NORD>
    <SARD>718</SARD>
    <SICI>1358</SICI>
    <SUD>2034</SUD>
  </marketintervaldetail>
  <marketintervaldetail>
    <Data>20171002</Data>
    <Mercato>MGP</Mercato>
    <Ora>04</Ora>
    <Totale>20498</Totale>
    <CNOR>2233</CNOR>
    <CSUD>3136</CSUD>
    <NORD>11022</NORD>
    <SARD>706</SARD>
    <SICI>1343</SICI>
    <SUD>2058</SUD>
  </marketintervaldetail>
  <marketintervaldetail>
    <Data>20171002</Data>
    <Mercato>MGP</Mercato>
    <Ora>05</Ora>
    <Totale>20859</Totale>
    <CNOR>2259</CNOR>
    <CSUD>3150</CSUD>
    <NORD>11287</NORD>
    <SARD>708</SARD>
    <SICI>1360</SICI>
    <SUD>2095</SUD>
  </marketintervaldetail>
  <marketintervaldetail>
    <Data>20171002</Data>
    <Mercato>MGP</Mercato>
    <Ora>06</Ora>
    <Totale>22651</Totale>
    <CNOR>2427</CNOR>
    <CSUD>3394</CSUD>
    <NORD>12460</NORD>
    <SARD>726</SARD>
    <SICI>1412</SICI>
    <SUD>2232</SUD>
  </marketintervaldetail>
  <marketintervaldetail>
    <Data>20171002</Data>
    <Mercato>MGP</Mercato>
    <Ora>07</Ora>
    <Totale>28099</Totale>
    <CNOR>2972</CNOR>
    <CSUD>4053</CSUD>
    <NORD>16168</NORD>
    <SARD>800</SARD>
    <SICI>1571</SICI>
    <SUD>2535</SUD>
  </marketintervaldetail>
  <marketintervaldetail>
    <Data>20171002</Data>
    <Mercato>MGP</Mercato>
    <Ora>08</Ora>
    <Totale>34108</Totale>
    <CNOR>3525</CNOR>
    <CSUD>4750</CSUD>
    <NORD>20336</NORD>
    <SARD>898</SARD>
    <SICI>1765</SICI>
    <SUD>2834</SUD>
  </marketintervaldetail>
  <marketintervaldetail>
    <Data>20171002</Data>
    <Mercato>MGP</Mercato>
    <Ora>09</Ora>
    <Totale>38483</Totale>
    <CNOR>4082</CNOR>
    <CSUD>5338</CSUD>
    <NORD>23161</NORD>
    <SARD>936</SARD>
    <SICI>1947</SICI>
    <SUD>3019</SUD>
  </marketintervaldetail>
  <marketintervaldetail>
    <Data>20171002</Data>
    <Mercato>MGP</Mercato>
    <Ora>10</Ora>
    <Totale>40064</Totale>
    <CNOR>4164</CNOR>
    <CSUD>5513</CSUD>
    <NORD>24357</NORD>
    <SARD>947</SARD>
    <SICI>2064</SICI>
    <SUD>3019</SUD>
  </marketintervaldetail>
  <marketintervaldetail>
    <Data>20171002</Data>
    <Mercato>MGP</Mercato>
    <Ora>11</Ora>
    <Totale>40249</Totale>
    <CNOR>4365</CNOR>
    <CSUD>5773</CSUD>
    <NORD>24228</NORD>
    <SARD>922</SARD>
    <SICI>2035</SICI>
    <SUD>2926</SUD>
  </marketintervaldetail>
  <marketintervaldetail>
    <Data>20171002</Data>
    <Mercato>MGP</Mercato>
    <Ora>12</Ora>
    <Totale>40259</Totale>
    <CNOR>4427</CNOR>
    <CSUD>5857</CSUD>
    <NORD>24361</NORD>
    <SARD>895</SARD>
    <SICI>1977</SICI>
    <SUD>2742</SUD>
  </marketintervaldetail>
  <marketintervaldetail>
    <Data>20171002</Data>
    <Mercato>MGP</Mercato>
    <Ora>13</Ora>
    <Totale>37737</Totale>
    <CNOR>4131</CNOR>
    <CSUD>5743</CSUD>
    <NORD>22166</NORD>
    <SARD>884</SARD>
    <SICI>2050</SICI>
    <SUD>2763</SUD>
  </marketintervaldetail>
  <marketintervaldetail>
    <Data>20171002</Data>
    <Mercato>MGP</Mercato>
    <Ora>14</Ora>
    <Totale>37162</Totale>
    <CNOR>3984</CNOR>
    <CSUD>5526</CSUD>
    <NORD>21949</NORD>
    <SARD>845</SARD>
    <SICI>2005</SICI>
    <SUD>2853</SUD>
  </marketintervaldetail>
  <marketintervaldetail>
    <Data>20171002</Data>
    <Mercato>MGP</Mercato>
    <Ora>15</Ora>
    <Totale>38415</Totale>
    <CNOR>4207</CNOR>
    <CSUD>5657</CSUD>
    <NORD>22780</NORD>
    <SARD>825</SARD>
    <SICI>2060</SICI>
    <SUD>2886</SUD>
  </marketintervaldetail>
  <marketintervaldetail>
    <Data>20171002</Data>
    <Mercato>MGP</Mercato>
    <Ora>16</Ora>
    <Totale>38933</Totale>
    <CNOR>4287</CNOR>
    <CSUD>5701</CSUD>
    <NORD>23220</NORD>
    <SARD>859</SARD>
    <SICI>2108</SICI>
    <SUD>2758</SUD>
  </marketintervaldetail>
  <marketintervaldetail>
    <Data>20171002</Data>
    <Mercato>MGP</Mercato>
    <Ora>17</Ora>
    <Totale>39350</Totale>
    <CNOR>4252</CNOR>
    <CSUD>5680</CSUD>
    <NORD>23366</NORD>
    <SARD>863</SARD>
    <SICI>2216</SICI>
    <SUD>2973</SUD>
  </marketintervaldetail>
  <marketintervaldetail>
    <Data>20171002</Data>
    <Mercato>MGP</Mercato>
    <Ora>18</Ora>
    <Totale>38560</Totale>
    <CNOR>4162</CNOR>
    <CSUD>5608</CSUD>
    <NORD>22657</NORD>
    <SARD>880</SARD>
    <SICI>2122</SICI>
    <SUD>3131</SUD>
  </marketintervaldetail>
  <marketintervaldetail>
    <Data>20171002</Data>
    <Mercato>MGP</Mercato>
    <Ora>19</Ora>
    <Totale>38073</Totale>
    <CNOR>4111</CNOR>
    <CSUD>5576</CSUD>
    <NORD>22151</NORD>
    <SARD>934</SARD>
    <SICI>2073</SICI>
    <SUD>3228</SUD>
  </marketintervaldetail>
  <marketintervaldetail>
    <Data>20171002</Data>
    <Mercato>MGP</Mercato>
    <Ora>20</Ora>
    <Totale>40990</Totale>
    <CNOR>4373</CNOR>
    <CSUD>6155</CSUD>
    <NORD>23407</NORD>
    <SARD>1032</SARD>
    <SICI>2353</SICI>
    <SUD>3670</SUD>
  </marketintervaldetail>
  <marketintervaldetail>
    <Data>20171002</Data>
    <Mercato>MGP</Mercato>
    <Ora>21</Ora>
    <Totale>39958</Totale>
    <CNOR>4198</CNOR>
    <CSUD>6031</CSUD>
    <NORD>22702</NORD>
    <SARD>1066</SARD>
    <SICI>2339</SICI>
    <SUD>3622</SUD>
  </marketintervaldetail>
  <marketintervaldetail>
    <Data>20171002</Data>
    <Mercato>MGP</Mercato>
    <Ora>22</Ora>
    <Totale>36769</Totale>
    <CNOR>3870</CNOR>
    <CSUD>5589</CSUD>
    <NORD>20818</NORD>
    <SARD>1001</SARD>
    <SICI>2151</SICI>
    <SUD>3340</SUD>
  </marketintervaldetail>
  <marketintervaldetail>
    <Data>20171002</Data>
    <Mercato>MGP</Mercato>
    <Ora>23</Ora>
    <Totale>32878</Totale>
    <CNOR>3529</CNOR>
    <CSUD>5060</CSUD>
    <NORD>18350</NORD>
    <SARD>923</SARD>
    <SICI>1939</SICI>
    <SUD>3077</SUD>
  </marketintervaldetail>
  <marketintervaldetail>
    <Data>20171002</Data>
    <Mercato>MGP</Mercato>
    <Ora>24</Ora>
    <Totale>29584</Totale>
    <CNOR>3231</CNOR>
    <CSUD>4554</CSUD>
    <NORD>16493</NORD>
    <SARD>861</SARD>
    <SICI>1747</SICI>
    <SUD>2698</SUD>
  </marketintervaldetail>
</NewDataSet>