<?xml version="1.0" standalone="yes"?>
<NewDataSet>
  <xs:schema id="NewDataSet" xmlns="" xmlns:xs="http://www.w3.org/2001/XMLSchema" xmlns:msdata="urn:schemas-microsoft-com:xml-msdata">
    <xs:element name="NewDataSet" msdata:IsDataSet="true" msdata:UseCurrentLocale="true">
      <xs:complexType>
        <xs:choice minOccurs="0" maxOccurs="unbounded">
          <xs:element name="Prezzi">
            <xs:complexType>
              <xs:sequence>
                <xs:element name="Data" type="xs:string" minOccurs="0" />
                <xs:element name="Mercato" type="xs:string" minOccurs="0" />
                <xs:element name="Ora" type="xs:string" minOccurs="0" />
                <xs:element name="PUN" type="xs:string" minOccurs="0" />
                <xs:element name="NAT" type="xs:string" minOccurs="0" />
                <xs:element name="CNOR" type="xs:string" minOccurs="0" />
                <xs:element name="CSUD" type="xs:string" minOccurs="0" />
                <xs:element name="NORD" type="xs:string" minOccurs="0" />
                <xs:element name="SARD" type="xs:string" minOccurs="0" />
                <xs:element name="SICI" type="xs:string" minOccurs="0" />
                <xs:element name="SUD" type="xs:string" minOccurs="0" />
                <xs:element name="AUST" type="xs:string" minOccurs="0" />
                <xs:element name="BRNN" type="xs:string" minOccurs="0" />
                <xs:element name="COAC" type="xs:string" minOccurs="0" />
                <xs:element name="CORS" type="xs:string" minOccurs="0" />
                <xs:element name="FOGN" type="xs:string" minOccurs="0" />
                <xs:element name="FRAN" type="xs:string" minOccurs="0" />
                <xs:element name="GREC" type="xs:string" minOccurs="0" />
                <xs:element name="MFTV" type="xs:string" minOccurs="0" />
                <xs:element name="PRGP" type="xs:string" minOccurs="0" />
                <xs:element name="ROSN" type="xs:string" minOccurs="0" />
                <xs:element name="SLOV" type="xs:string" minOccurs="0" />
                <xs:element name="SVIZ" type="xs:string" minOccurs="0" />
                <xs:element name="BSP" type="xs:string" minOccurs="0" />
                <xs:element name="MALT" type="xs:string" minOccurs="0" />
                <xs:element name="XAUS" type="xs:string" minOccurs="0" />
                <xs:element name="XFRA" type="xs:string" minOccurs="0" />
              </xs:sequence>
            </xs:complexType>
          </xs:element>
        </xs:choice>
      </xs:complexType>
    </xs:element>
  </xs:schema>
  <Prezzi>
    <Data>20150922</Data>
    <Mercato>MGP</Mercato>
    <Ora>1</Ora>
    <PUN>45,118270</PUN>
    <NAT>44,570000</NAT>
    <CNOR>44,370000</CNOR>
    <CSUD>44,370000</CSUD>
    <NORD>44,370000</NORD>
    <SARD>44,370000</SARD>
    <SICI>58,930000</SICI>
    <SUD>44,370000</SUD>
    <AUST>44,370000</AUST>
    <BRNN>44,370000</BRNN>
    <COAC>44,370000</COAC>
    <CORS>3000,000000</CORS>
    <FOGN>44,370000</FOGN>
    <FRAN>44,370000</FRAN>
    <GREC>44,370000</GREC>
    <MFTV>44,370000</MFTV>
    <PRGP>58,930000</PRGP>
    <ROSN>44,370000</ROSN>
    <SLOV>44,370000</SLOV>
    <SVIZ>44,370000</SVIZ>
    <BSP>44,370000</BSP>
    <MALT>58,930000</MALT>
    <XAUS>44,370000</XAUS>
    <XFRA>44,370000</XFRA>
  </Prezzi>
  <Prezzi>
    <Data>20150922</Data>
    <Mercato>MGP</Mercato>
    <Ora>2</Ora>
    <PUN>42,330000</PUN>
    <NAT>42,330000</NAT>
    <CNOR>42,330000</CNOR>
    <CSUD>42,330000</CSUD>
    <NORD>42,330000</NORD>
    <SARD>42,330000</SARD>
    <SICI>42,330000</SICI>
    <SUD>42,330000</SUD>
    <AUST>42,330000</AUST>
    <BRNN>42,330000</BRNN>
    <COAC>42,330000</COAC>
    <CORS>3000,000000</CORS>
    <FOGN>42,330000</FOGN>
    <FRAN>42,330000</FRAN>
    <GREC>42,330000</GREC>
    <MFTV>42,330000</MFTV>
    <PRGP>42,330000</PRGP>
    <ROSN>42,330000</ROSN>
    <SLOV>42,330000</SLOV>
    <SVIZ>42,330000</SVIZ>
    <BSP>42,330000</BSP>
    <MALT>42,330000</MALT>
    <XAUS>42,330000</XAUS>
    <XFRA>42,330000</XFRA>
  </Prezzi>
  <Prezzi>
    <Data>20150922</Data>
    <Mercato>MGP</Mercato>
    <Ora>3</Ora>
    <PUN>39,912600</PUN>
    <NAT>39,900000</NAT>
    <CNOR>39,900000</CNOR>
    <CSUD>39,900000</CSUD>
    <NORD>39,900000</NORD>
    <SARD>39,900000</SARD>
    <SICI>40,160000</SICI>
    <SUD>39,900000</SUD>
    <AUST>39,900000</AUST>
    <BRNN>39,900000</BRNN>
    <COAC>39,900000</COAC>
    <CORS>3000,000000</CORS>
    <FOGN>39,900000</FOGN>
    <FRAN>39,900000</FRAN>
    <GREC>39,900000</GREC>
    <MFTV>39,900000</MFTV>
    <PRGP>40,160000</PRGP>
    <ROSN>39,900000</ROSN>
    <SLOV>39,900000</SLOV>
    <SVIZ>39,900000</SVIZ>
    <BSP>39,900000</BSP>
    <MALT>40,160000</MALT>
    <XAUS>39,900000</XAUS>
    <XFRA>39,900000</XFRA>
  </Prezzi>
  <Prezzi>
    <Data>20150922</Data>
    <Mercato>MGP</Mercato>
    <Ora>4</Ora>
    <PUN>39,400000</PUN>
    <NAT>39,400000</NAT>
    <CNOR>39,400000</CNOR>
    <CSUD>39,400000</CSUD>
    <NORD>39,400000</NORD>
    <SARD>39,400000</SARD>
    <SICI>39,400000</SICI>
    <SUD>39,400000</SUD>
    <AUST>39,400000</AUST>
    <BRNN>39,400000</BRNN>
    <COAC>39,400000</COAC>
    <CORS>3000,000000</CORS>
    <FOGN>39,400000</FOGN>
    <FRAN>39,400000</FRAN>
    <GREC>39,400000</GREC>
    <MFTV>39,400000</MFTV>
    <PRGP>39,400000</PRGP>
    <ROSN>39,400000</ROSN>
    <SLOV>39,400000</SLOV>
    <SVIZ>39,400000</SVIZ>
    <BSP>39,400000</BSP>
    <MALT>39,400000</MALT>
    <XAUS>39,400000</XAUS>
    <XFRA>39,400000</XFRA>
  </Prezzi>
  <Prezzi>
    <Data>20150922</Data>
    <Mercato>MGP</Mercato>
    <Ora>5</Ora>
    <PUN>39,900000</PUN>
    <NAT>39,900000</NAT>
    <CNOR>39,900000</CNOR>
    <CSUD>39,900000</CSUD>
    <NORD>39,900000</NORD>
    <SARD>39,900000</SARD>
    <SICI>39,900000</SICI>
    <SUD>39,900000</SUD>
    <AUST>39,900000</AUST>
    <BRNN>39,900000</BRNN>
    <COAC>39,900000</COAC>
    <CORS>3000,000000</CORS>
    <FOGN>39,900000</FOGN>
    <FRAN>39,900000</FRAN>
    <GREC>39,900000</GREC>
    <MFTV>39,900000</MFTV>
    <PRGP>39,900000</PRGP>
    <ROSN>39,900000</ROSN>
    <SLOV>39,900000</SLOV>
    <SVIZ>39,900000</SVIZ>
    <BSP>39,900000</BSP>
    <MALT>39,900000</MALT>
    <XAUS>39,900000</XAUS>
    <XFRA>39,900000</XFRA>
  </Prezzi>
  <Prezzi>
    <Data>20150922</Data>
    <Mercato>MGP</Mercato>
    <Ora>6</Ora>
    <PUN>41,980000</PUN>
    <NAT>41,980000</NAT>
    <CNOR>41,980000</CNOR>
    <CSUD>41,980000</CSUD>
    <NORD>41,980000</NORD>
    <SARD>41,980000</SARD>
    <SICI>41,980000</SICI>
    <SUD>41,980000</SUD>
    <AUST>41,980000</AUST>
    <BRNN>41,980000</BRNN>
    <COAC>41,980000</COAC>
    <CORS>3000,000000</CORS>
    <FOGN>41,980000</FOGN>
    <FRAN>41,980000</FRAN>
    <GREC>41,980000</GREC>
    <MFTV>41,980000</MFTV>
    <PRGP>41,980000</PRGP>
    <ROSN>41,980000</ROSN>
    <SLOV>41,980000</SLOV>
    <SVIZ>41,980000</SVIZ>
    <BSP>41,980000</BSP>
    <MALT>41,980000</MALT>
    <XAUS>41,980000</XAUS>
    <XFRA>41,980000</XFRA>
  </Prezzi>
  <Prezzi>
    <Data>20150922</Data>
    <Mercato>MGP</Mercato>
    <Ora>7</Ora>
    <PUN>54,221610</PUN>
    <NAT>54,770000</NAT>
    <CNOR>54,000000</CNOR>
    <CSUD>54,000000</CSUD>
    <NORD>54,000000</NORD>
    <SARD>54,000000</SARD>
    <SICI>58,930000</SICI>
    <SUD>54,000000</SUD>
    <AUST>54,000000</AUST>
    <BRNN>54,000000</BRNN>
    <COAC>54,000000</COAC>
    <CORS>3000,000000</CORS>
    <FOGN>54,000000</FOGN>
    <FRAN>54,000000</FRAN>
    <GREC>54,000000</GREC>
    <MFTV>54,000000</MFTV>
    <PRGP>58,930000</PRGP>
    <ROSN>54,000000</ROSN>
    <SLOV>54,000000</SLOV>
    <SVIZ>54,000000</SVIZ>
    <BSP>54,000000</BSP>
    <MALT>58,930000</MALT>
    <XAUS>54,000000</XAUS>
    <XFRA>54,000000</XFRA>
  </Prezzi>
  <Prezzi>
    <Data>20150922</Data>
    <Mercato>MGP</Mercato>
    <Ora>8</Ora>
    <PUN>56,287060</PUN>
    <NAT>56,670000</NAT>
    <CNOR>56,150000</CNOR>
    <CSUD>56,150000</CSUD>
    <NORD>56,150000</NORD>
    <SARD>56,150000</SARD>
    <SICI>59,150000</SICI>
    <SUD>56,150000</SUD>
    <AUST>56,150000</AUST>
    <BRNN>56,150000</BRNN>
    <COAC>56,150000</COAC>
    <CORS>3000,000000</CORS>
    <FOGN>56,150000</FOGN>
    <FRAN>56,150000</FRAN>
    <GREC>56,150000</GREC>
    <MFTV>56,150000</MFTV>
    <PRGP>59,150000</PRGP>
    <ROSN>56,150000</ROSN>
    <SLOV>56,150000</SLOV>
    <SVIZ>56,150000</SVIZ>
    <BSP>56,150000</BSP>
    <MALT>59,150000</MALT>
    <XAUS>56,150000</XAUS>
    <XFRA>56,150000</XFRA>
  </Prezzi>
  <Prezzi>
    <Data>20150922</Data>
    <Mercato>MGP</Mercato>
    <Ora>9</Ora>
    <PUN>62,752000</PUN>
    <NAT>62,340000</NAT>
    <CNOR>62,920000</CNOR>
    <CSUD>62,920000</CSUD>
    <NORD>62,920000</NORD>
    <SARD>62,920000</SARD>
    <SICI>59,150000</SICI>
    <SUD>62,920000</SUD>
    <AUST>62,920000</AUST>
    <BRNN>62,920000</BRNN>
    <COAC>62,920000</COAC>
    <CORS>3000,000000</CORS>
    <FOGN>62,920000</FOGN>
    <FRAN>62,920000</FRAN>
    <GREC>62,920000</GREC>
    <MFTV>62,920000</MFTV>
    <PRGP>59,150000</PRGP>
    <ROSN>0,000000</ROSN>
    <SLOV>62,920000</SLOV>
    <SVIZ>62,920000</SVIZ>
    <BSP>62,920000</BSP>
    <MALT>59,150000</MALT>
    <XAUS>62,920000</XAUS>
    <XFRA>62,920000</XFRA>
  </Prezzi>
  <Prezzi>
    <Data>20150922</Data>
    <Mercato>MGP</Mercato>
    <Ora>10</Ora>
    <PUN>58,089980</PUN>
    <NAT>57,990000</NAT>
    <CNOR>58,050000</CNOR>
    <CSUD>58,050000</CSUD>
    <NORD>58,050000</NORD>
    <SARD>58,050000</SARD>
    <SICI>58,930000</SICI>
    <SUD>58,050000</SUD>
    <AUST>58,050000</AUST>
    <BRNN>58,050000</BRNN>
    <COAC>58,050000</COAC>
    <CORS>3000,000000</CORS>
    <FOGN>58,050000</FOGN>
    <FRAN>58,050000</FRAN>
    <GREC>58,050000</GREC>
    <MFTV>58,050000</MFTV>
    <PRGP>58,930000</PRGP>
    <ROSN>0,000000</ROSN>
    <SLOV>58,050000</SLOV>
    <SVIZ>58,050000</SVIZ>
    <BSP>58,050000</BSP>
    <MALT>58,930000</MALT>
    <XAUS>58,050000</XAUS>
    <XFRA>58,050000</XFRA>
  </Prezzi>
  <Prezzi>
    <Data>20150922</Data>
    <Mercato>MGP</Mercato>
    <Ora>11</Ora>
    <PUN>57,231090</PUN>
    <NAT>55,350000</NAT>
    <CNOR>57,150000</CNOR>
    <CSUD>57,150000</CSUD>
    <NORD>57,150000</NORD>
    <SARD>57,150000</SARD>
    <SICI>58,930000</SICI>
    <SUD>57,150000</SUD>
    <AUST>57,150000</AUST>
    <BRNN>57,150000</BRNN>
    <COAC>57,150000</COAC>
    <CORS>3000,000000</CORS>
    <FOGN>57,150000</FOGN>
    <FRAN>57,150000</FRAN>
    <GREC>57,150000</GREC>
    <MFTV>57,150000</MFTV>
    <PRGP>58,930000</PRGP>
    <ROSN>0,000000</ROSN>
    <SLOV>57,150000</SLOV>
    <SVIZ>57,150000</SVIZ>
    <BSP>57,150000</BSP>
    <MALT>58,930000</MALT>
    <XAUS>57,150000</XAUS>
    <XFRA>57,150000</XFRA>
  </Prezzi>
  <Prezzi>
    <Data>20150922</Data>
    <Mercato>MGP</Mercato>
    <Ora>12</Ora>
    <PUN>53,957860</PUN>
    <NAT>54,490000</NAT>
    <CNOR>53,010000</CNOR>
    <CSUD>53,010000</CSUD>
    <NORD>54,840000</NORD>
    <SARD>53,010000</SARD>
    <SICI>58,930000</SICI>
    <SUD>48,850000</SUD>
    <AUST>54,840000</AUST>
    <BRNN>48,850000</BRNN>
    <COAC>53,010000</COAC>
    <CORS>3000,000000</CORS>
    <FOGN>48,850000</FOGN>
    <FRAN>54,840000</FRAN>
    <GREC>48,850000</GREC>
    <MFTV>54,840000</MFTV>
    <PRGP>58,930000</PRGP>
    <ROSN>0,000000</ROSN>
    <SLOV>54,840000</SLOV>
    <SVIZ>54,840000</SVIZ>
    <BSP>54,840000</BSP>
    <MALT>58,930000</MALT>
    <XAUS>54,840000</XAUS>
    <XFRA>54,840000</XFRA>
  </Prezzi>
  <Prezzi>
    <Data>20150922</Data>
    <Mercato>MGP</Mercato>
    <Ora>13</Ora>
    <PUN>50,006670</PUN>
    <NAT>49,290000</NAT>
    <CNOR>49,920000</CNOR>
    <CSUD>49,920000</CSUD>
    <NORD>49,920000</NORD>
    <SARD>49,920000</SARD>
    <SICI>55,000000</SICI>
    <SUD>48,470000</SUD>
    <AUST>49,920000</AUST>
    <BRNN>48,470000</BRNN>
    <COAC>49,920000</COAC>
    <CORS>3000,000000</CORS>
    <FOGN>48,470000</FOGN>
    <FRAN>49,920000</FRAN>
    <GREC>48,470000</GREC>
    <MFTV>49,920000</MFTV>
    <PRGP>55,000000</PRGP>
    <ROSN>0,000000</ROSN>
    <SLOV>49,920000</SLOV>
    <SVIZ>49,920000</SVIZ>
    <BSP>49,920000</BSP>
    <MALT>55,000000</MALT>
    <XAUS>49,920000</XAUS>
    <XFRA>49,920000</XFRA>
  </Prezzi>
  <Prezzi>
    <Data>20150922</Data>
    <Mercato>MGP</Mercato>
    <Ora>14</Ora>
    <PUN>48,590910</PUN>
    <NAT>48,820000</NAT>
    <CNOR>49,020000</CNOR>
    <CSUD>49,020000</CSUD>
    <NORD>49,020000</NORD>
    <SARD>49,020000</SARD>
    <SICI>40,160000</SICI>
    <SUD>48,790000</SUD>
    <AUST>49,020000</AUST>
    <BRNN>48,790000</BRNN>
    <COAC>49,020000</COAC>
    <CORS>3000,000000</CORS>
    <FOGN>48,790000</FOGN>
    <FRAN>49,020000</FRAN>
    <GREC>48,790000</GREC>
    <MFTV>49,020000</MFTV>
    <PRGP>40,160000</PRGP>
    <ROSN>0,000000</ROSN>
    <SLOV>49,020000</SLOV>
    <SVIZ>49,020000</SVIZ>
    <BSP>49,020000</BSP>
    <MALT>40,160000</MALT>
    <XAUS>49,020000</XAUS>
    <XFRA>49,020000</XFRA>
  </Prezzi>
  <Prezzi>
    <Data>20150922</Data>
    <Mercato>MGP</Mercato>
    <Ora>15</Ora>
    <PUN>50,645320</PUN>
    <NAT>51,000000</NAT>
    <CNOR>51,110000</CNOR>
    <CSUD>51,110000</CSUD>
    <NORD>51,110000</NORD>
    <SARD>51,110000</SARD>
    <SICI>40,160000</SICI>
    <SUD>51,110000</SUD>
    <AUST>51,110000</AUST>
    <BRNN>51,110000</BRNN>
    <COAC>51,110000</COAC>
    <CORS>3000,000000</CORS>
    <FOGN>51,110000</FOGN>
    <FRAN>51,110000</FRAN>
    <GREC>51,110000</GREC>
    <MFTV>51,110000</MFTV>
    <PRGP>40,160000</PRGP>
    <ROSN>0,000000</ROSN>
    <SLOV>51,110000</SLOV>
    <SVIZ>51,110000</SVIZ>
    <BSP>51,110000</BSP>
    <MALT>40,160000</MALT>
    <XAUS>51,110000</XAUS>
    <XFRA>51,110000</XFRA>
  </Prezzi>
  <Prezzi>
    <Data>20150922</Data>
    <Mercato>MGP</Mercato>
    <Ora>16</Ora>
    <PUN>54,523960</PUN>
    <NAT>53,010000</NAT>
    <CNOR>54,320000</CNOR>
    <CSUD>54,320000</CSUD>
    <NORD>54,320000</NORD>
    <SARD>54,320000</SARD>
    <SICI>58,930000</SICI>
    <SUD>54,320000</SUD>
    <AUST>54,320000</AUST>
    <BRNN>54,320000</BRNN>
    <COAC>54,320000</COAC>
    <CORS>3000,000000</CORS>
    <FOGN>54,320000</FOGN>
    <FRAN>54,320000</FRAN>
    <GREC>54,320000</GREC>
    <MFTV>54,320000</MFTV>
    <PRGP>58,930000</PRGP>
    <ROSN>0,000000</ROSN>
    <SLOV>54,320000</SLOV>
    <SVIZ>54,320000</SVIZ>
    <BSP>54,320000</BSP>
    <MALT>58,930000</MALT>
    <XAUS>54,320000</XAUS>
    <XFRA>54,320000</XFRA>
  </Prezzi>
  <Prezzi>
    <Data>20150922</Data>
    <Mercato>MGP</Mercato>
    <Ora>17</Ora>
    <PUN>58,853680</PUN>
    <NAT>58,850000</NAT>
    <CNOR>58,850000</CNOR>
    <CSUD>58,850000</CSUD>
    <NORD>58,850000</NORD>
    <SARD>58,850000</SARD>
    <SICI>58,930000</SICI>
    <SUD>58,850000</SUD>
    <AUST>58,850000</AUST>
    <BRNN>58,850000</BRNN>
    <COAC>58,850000</COAC>
    <CORS>3000,000000</CORS>
    <FOGN>58,850000</FOGN>
    <FRAN>58,850000</FRAN>
    <GREC>58,850000</GREC>
    <MFTV>58,850000</MFTV>
    <PRGP>58,930000</PRGP>
    <ROSN>58,850000</ROSN>
    <SLOV>58,850000</SLOV>
    <SVIZ>58,850000</SVIZ>
    <BSP>58,850000</BSP>
    <MALT>58,930000</MALT>
    <XAUS>58,850000</XAUS>
    <XFRA>58,850000</XFRA>
  </Prezzi>
  <Prezzi>
    <Data>20150922</Data>
    <Mercato>MGP</Mercato>
    <Ora>18</Ora>
    <PUN>55,102900</PUN>
    <NAT>55,260000</NAT>
    <CNOR>54,900000</CNOR>
    <CSUD>54,900000</CSUD>
    <NORD>54,900000</NORD>
    <SARD>54,900000</SARD>
    <SICI>59,150000</SICI>
    <SUD>54,900000</SUD>
    <AUST>54,900000</AUST>
    <BRNN>54,900000</BRNN>
    <COAC>54,900000</COAC>
    <CORS>3000,000000</CORS>
    <FOGN>54,900000</FOGN>
    <FRAN>54,900000</FRAN>
    <GREC>54,900000</GREC>
    <MFTV>54,900000</MFTV>
    <PRGP>59,150000</PRGP>
    <ROSN>54,900000</ROSN>
    <SLOV>54,900000</SLOV>
    <SVIZ>54,900000</SVIZ>
    <BSP>54,900000</BSP>
    <MALT>59,150000</MALT>
    <XAUS>54,900000</XAUS>
    <XFRA>54,900000</XFRA>
  </Prezzi>
  <Prezzi>
    <Data>20150922</Data>
    <Mercato>MGP</Mercato>
    <Ora>19</Ora>
    <PUN>57,522180</PUN>
    <NAT>57,940000</NAT>
    <CNOR>56,870000</CNOR>
    <CSUD>56,870000</CSUD>
    <NORD>56,870000</NORD>
    <SARD>56,870000</SARD>
    <SICI>70,540000</SICI>
    <SUD>56,870000</SUD>
    <AUST>56,870000</AUST>
    <BRNN>56,870000</BRNN>
    <COAC>56,870000</COAC>
    <CORS>3000,000000</CORS>
    <FOGN>56,870000</FOGN>
    <FRAN>56,870000</FRAN>
    <GREC>56,870000</GREC>
    <MFTV>56,870000</MFTV>
    <PRGP>70,540000</PRGP>
    <ROSN>56,870000</ROSN>
    <SLOV>56,870000</SLOV>
    <SVIZ>56,870000</SVIZ>
    <BSP>56,870000</BSP>
    <MALT>70,540000</MALT>
    <XAUS>56,870000</XAUS>
    <XFRA>56,870000</XFRA>
  </Prezzi>
  <Prezzi>
    <Data>20150922</Data>
    <Mercato>MGP</Mercato>
    <Ora>20</Ora>
    <PUN>61,254060</PUN>
    <NAT>63,990000</NAT>
    <CNOR>60,680000</CNOR>
    <CSUD>60,680000</CSUD>
    <NORD>60,680000</NORD>
    <SARD>60,680000</SARD>
    <SICI>71,850000</SICI>
    <SUD>60,680000</SUD>
    <AUST>60,680000</AUST>
    <BRNN>60,680000</BRNN>
    <COAC>60,680000</COAC>
    <CORS>3000,000000</CORS>
    <FOGN>60,680000</FOGN>
    <FRAN>60,680000</FRAN>
    <GREC>60,680000</GREC>
    <MFTV>60,680000</MFTV>
    <PRGP>71,850000</PRGP>
    <ROSN>60,680000</ROSN>
    <SLOV>60,680000</SLOV>
    <SVIZ>60,680000</SVIZ>
    <BSP>60,680000</BSP>
    <MALT>71,850000</MALT>
    <XAUS>60,680000</XAUS>
    <XFRA>60,680000</XFRA>
  </Prezzi>
  <Prezzi>
    <Data>20150922</Data>
    <Mercato>MGP</Mercato>
    <Ora>21</Ora>
    <PUN>64,385620</PUN>
    <NAT>64,320000</NAT>
    <CNOR>63,990000</CNOR>
    <CSUD>63,990000</CSUD>
    <NORD>63,990000</NORD>
    <SARD>63,990000</SARD>
    <SICI>71,850000</SICI>
    <SUD>63,990000</SUD>
    <AUST>63,990000</AUST>
    <BRNN>63,990000</BRNN>
    <COAC>63,990000</COAC>
    <CORS>3000,000000</CORS>
    <FOGN>63,990000</FOGN>
    <FRAN>63,990000</FRAN>
    <GREC>63,990000</GREC>
    <MFTV>63,990000</MFTV>
    <PRGP>71,850000</PRGP>
    <ROSN>63,990000</ROSN>
    <SLOV>63,990000</SLOV>
    <SVIZ>63,990000</SVIZ>
    <BSP>63,990000</BSP>
    <MALT>71,850000</MALT>
    <XAUS>63,990000</XAUS>
    <XFRA>63,990000</XFRA>
  </Prezzi>
  <Prezzi>
    <Data>20150922</Data>
    <Mercato>MGP</Mercato>
    <Ora>22</Ora>
    <PUN>52,930490</PUN>
    <NAT>53,020000</NAT>
    <CNOR>51,950000</CNOR>
    <CSUD>51,950000</CSUD>
    <NORD>51,950000</NORD>
    <SARD>51,950000</SARD>
    <SICI>70,540000</SICI>
    <SUD>51,950000</SUD>
    <AUST>51,950000</AUST>
    <BRNN>51,950000</BRNN>
    <COAC>51,950000</COAC>
    <CORS>3000,000000</CORS>
    <FOGN>51,950000</FOGN>
    <FRAN>51,950000</FRAN>
    <GREC>51,950000</GREC>
    <MFTV>51,950000</MFTV>
    <PRGP>70,540000</PRGP>
    <ROSN>51,950000</ROSN>
    <SLOV>51,950000</SLOV>
    <SVIZ>51,950000</SVIZ>
    <BSP>51,950000</BSP>
    <MALT>70,540000</MALT>
    <XAUS>51,950000</XAUS>
    <XFRA>51,950000</XFRA>
  </Prezzi>
  <Prezzi>
    <Data>20150922</Data>
    <Mercato>MGP</Mercato>
    <Ora>23</Ora>
    <PUN>47,417040</PUN>
    <NAT>48,850000</NAT>
    <CNOR>46,150000</CNOR>
    <CSUD>46,150000</CSUD>
    <NORD>46,150000</NORD>
    <SARD>46,150000</SARD>
    <SICI>70,540000</SICI>
    <SUD>46,150000</SUD>
    <AUST>46,150000</AUST>
    <BRNN>46,150000</BRNN>
    <COAC>46,150000</COAC>
    <CORS>3000,000000</CORS>
    <FOGN>46,150000</FOGN>
    <FRAN>46,150000</FRAN>
    <GREC>46,150000</GREC>
    <MFTV>46,150000</MFTV>
    <PRGP>70,540000</PRGP>
    <ROSN>46,150000</ROSN>
    <SLOV>46,150000</SLOV>
    <SVIZ>46,150000</SVIZ>
    <BSP>46,150000</BSP>
    <MALT>70,540000</MALT>
    <XAUS>46,150000</XAUS>
    <XFRA>46,150000</XFRA>
  </Prezzi>
  <Prezzi>
    <Data>20150922</Data>
    <Mercato>MGP</Mercato>
    <Ora>24</Ora>
    <PUN>45,320580</PUN>
    <NAT>45,410000</NAT>
    <CNOR>44,560000</CNOR>
    <CSUD>44,560000</CSUD>
    <NORD>44,560000</NORD>
    <SARD>44,560000</SARD>
    <SICI>59,150000</SICI>
    <SUD>44,560000</SUD>
    <AUST>44,560000</AUST>
    <BRNN>44,560000</BRNN>
    <COAC>44,560000</COAC>
    <CORS>3000,000000</CORS>
    <FOGN>44,560000</FOGN>
    <FRAN>44,560000</FRAN>
    <GREC>44,560000</GREC>
    <MFTV>44,560000</MFTV>
    <PRGP>59,150000</PRGP>
    <ROSN>44,560000</ROSN>
    <SLOV>44,560000</SLOV>
    <SVIZ>44,560000</SVIZ>
    <BSP>44,560000</BSP>
    <MALT>59,150000</MALT>
    <XAUS>44,560000</XAUS>
    <XFRA>44,560000</XFRA>
  </Prezzi>
</NewDataSet>