<?xml version="1.0" standalone="yes"?>
<NewDataSet>
  <xs:schema id="NewDataSet" xmlns="" xmlns:xs="http://www.w3.org/2001/XMLSchema" xmlns:msdata="urn:schemas-microsoft-com:xml-msdata">
    <xs:element name="NewDataSet" msdata:IsDataSet="true" msdata:UseCurrentLocale="true">
      <xs:complexType>
        <xs:choice minOccurs="0" maxOccurs="unbounded">
          <xs:element name="Prezzi">
            <xs:complexType>
              <xs:sequence>
                <xs:element name="Data" type="xs:string" minOccurs="0" />
                <xs:element name="Mercato" type="xs:string" minOccurs="0" />
                <xs:element name="Ora" type="xs:string" minOccurs="0" />
                <xs:element name="PUN" type="xs:string" minOccurs="0" />
                <xs:element name="NAT" type="xs:string" minOccurs="0" />
                <xs:element name="CNOR" type="xs:string" minOccurs="0" />
                <xs:element name="CSUD" type="xs:string" minOccurs="0" />
                <xs:element name="NORD" type="xs:string" minOccurs="0" />
                <xs:element name="SARD" type="xs:string" minOccurs="0" />
                <xs:element name="SICI" type="xs:string" minOccurs="0" />
                <xs:element name="SUD" type="xs:string" minOccurs="0" />
                <xs:element name="AUST" type="xs:string" minOccurs="0" />
                <xs:element name="BRNN" type="xs:string" minOccurs="0" />
                <xs:element name="COAC" type="xs:string" minOccurs="0" />
                <xs:element name="CORS" type="xs:string" minOccurs="0" />
                <xs:element name="FOGN" type="xs:string" minOccurs="0" />
                <xs:element name="FRAN" type="xs:string" minOccurs="0" />
                <xs:element name="GREC" type="xs:string" minOccurs="0" />
                <xs:element name="MFTV" type="xs:string" minOccurs="0" />
                <xs:element name="PRGP" type="xs:string" minOccurs="0" />
                <xs:element name="ROSN" type="xs:string" minOccurs="0" />
                <xs:element name="SLOV" type="xs:string" minOccurs="0" />
                <xs:element name="SVIZ" type="xs:string" minOccurs="0" />
                <xs:element name="BSP" type="xs:string" minOccurs="0" />
                <xs:element name="MALT" type="xs:string" minOccurs="0" />
                <xs:element name="XAUS" type="xs:string" minOccurs="0" />
                <xs:element name="XFRA" type="xs:string" minOccurs="0" />
              </xs:sequence>
            </xs:complexType>
          </xs:element>
        </xs:choice>
      </xs:complexType>
    </xs:element>
  </xs:schema>
  <Prezzi>
    <Data>20150902</Data>
    <Mercato>MGP</Mercato>
    <Ora>1</Ora>
    <PUN>50,843390</PUN>
    <NAT>51,000000</NAT>
    <CNOR>50,490000</CNOR>
    <CSUD>50,490000</CSUD>
    <NORD>50,490000</NORD>
    <SARD>50,490000</SARD>
    <SICI>59,150000</SICI>
    <SUD>49,770000</SUD>
    <AUST>50,490000</AUST>
    <BRNN>49,770000</BRNN>
    <COAC>50,490000</COAC>
    <CORS>50,490000</CORS>
    <FOGN>49,770000</FOGN>
    <FRAN>50,490000</FRAN>
    <GREC>49,770000</GREC>
    <MFTV>50,490000</MFTV>
    <PRGP>59,150000</PRGP>
    <ROSN>49,770000</ROSN>
    <SLOV>50,490000</SLOV>
    <SVIZ>50,490000</SVIZ>
    <BSP>50,490000</BSP>
    <MALT>59,150000</MALT>
    <XAUS>50,490000</XAUS>
    <XFRA>50,490000</XFRA>
  </Prezzi>
  <Prezzi>
    <Data>20150902</Data>
    <Mercato>MGP</Mercato>
    <Ora>2</Ora>
    <PUN>49,590240</PUN>
    <NAT>49,710000</NAT>
    <CNOR>49,070000</CNOR>
    <CSUD>49,070000</CSUD>
    <NORD>49,070000</NORD>
    <SARD>49,070000</SARD>
    <SICI>59,150000</SICI>
    <SUD>49,070000</SUD>
    <AUST>49,070000</AUST>
    <BRNN>49,070000</BRNN>
    <COAC>49,070000</COAC>
    <CORS>49,070000</CORS>
    <FOGN>49,070000</FOGN>
    <FRAN>49,070000</FRAN>
    <GREC>49,070000</GREC>
    <MFTV>49,070000</MFTV>
    <PRGP>59,150000</PRGP>
    <ROSN>49,070000</ROSN>
    <SLOV>49,070000</SLOV>
    <SVIZ>49,070000</SVIZ>
    <BSP>49,070000</BSP>
    <MALT>59,150000</MALT>
    <XAUS>49,070000</XAUS>
    <XFRA>49,070000</XFRA>
  </Prezzi>
  <Prezzi>
    <Data>20150902</Data>
    <Mercato>MGP</Mercato>
    <Ora>3</Ora>
    <PUN>47,418200</PUN>
    <NAT>46,980000</NAT>
    <CNOR>46,970000</CNOR>
    <CSUD>46,970000</CSUD>
    <NORD>46,970000</NORD>
    <SARD>46,970000</SARD>
    <SICI>56,730000</SICI>
    <SUD>46,970000</SUD>
    <AUST>46,970000</AUST>
    <BRNN>46,970000</BRNN>
    <COAC>46,970000</COAC>
    <CORS>46,970000</CORS>
    <FOGN>46,970000</FOGN>
    <FRAN>46,970000</FRAN>
    <GREC>46,970000</GREC>
    <MFTV>46,970000</MFTV>
    <PRGP>56,730000</PRGP>
    <ROSN>46,970000</ROSN>
    <SLOV>46,970000</SLOV>
    <SVIZ>46,970000</SVIZ>
    <BSP>46,970000</BSP>
    <MALT>56,730000</MALT>
    <XAUS>46,970000</XAUS>
    <XFRA>46,970000</XFRA>
  </Prezzi>
  <Prezzi>
    <Data>20150902</Data>
    <Mercato>MGP</Mercato>
    <Ora>4</Ora>
    <PUN>46,539200</PUN>
    <NAT>46,970000</NAT>
    <CNOR>46,140000</CNOR>
    <CSUD>46,140000</CSUD>
    <NORD>46,140000</NORD>
    <SARD>46,140000</SARD>
    <SICI>55,000000</SICI>
    <SUD>46,140000</SUD>
    <AUST>46,140000</AUST>
    <BRNN>46,140000</BRNN>
    <COAC>46,140000</COAC>
    <CORS>46,140000</CORS>
    <FOGN>46,140000</FOGN>
    <FRAN>46,140000</FRAN>
    <GREC>46,140000</GREC>
    <MFTV>46,140000</MFTV>
    <PRGP>55,000000</PRGP>
    <ROSN>46,140000</ROSN>
    <SLOV>46,140000</SLOV>
    <SVIZ>46,140000</SVIZ>
    <BSP>46,140000</BSP>
    <MALT>55,000000</MALT>
    <XAUS>46,140000</XAUS>
    <XFRA>46,140000</XFRA>
  </Prezzi>
  <Prezzi>
    <Data>20150902</Data>
    <Mercato>MGP</Mercato>
    <Ora>5</Ora>
    <PUN>47,283300</PUN>
    <NAT>46,970000</NAT>
    <CNOR>46,970000</CNOR>
    <CSUD>46,970000</CSUD>
    <NORD>46,970000</NORD>
    <SARD>46,970000</SARD>
    <SICI>53,990000</SICI>
    <SUD>46,970000</SUD>
    <AUST>46,970000</AUST>
    <BRNN>46,970000</BRNN>
    <COAC>46,970000</COAC>
    <CORS>46,970000</CORS>
    <FOGN>46,970000</FOGN>
    <FRAN>46,970000</FRAN>
    <GREC>46,970000</GREC>
    <MFTV>46,970000</MFTV>
    <PRGP>53,990000</PRGP>
    <ROSN>46,970000</ROSN>
    <SLOV>46,970000</SLOV>
    <SVIZ>46,970000</SVIZ>
    <BSP>46,970000</BSP>
    <MALT>53,990000</MALT>
    <XAUS>46,970000</XAUS>
    <XFRA>46,970000</XFRA>
  </Prezzi>
  <Prezzi>
    <Data>20150902</Data>
    <Mercato>MGP</Mercato>
    <Ora>6</Ora>
    <PUN>47,694900</PUN>
    <NAT>47,650000</NAT>
    <CNOR>47,200000</CNOR>
    <CSUD>47,200000</CSUD>
    <NORD>47,200000</NORD>
    <SARD>47,200000</SARD>
    <SICI>57,990000</SICI>
    <SUD>47,200000</SUD>
    <AUST>47,200000</AUST>
    <BRNN>47,200000</BRNN>
    <COAC>47,200000</COAC>
    <CORS>47,200000</CORS>
    <FOGN>47,200000</FOGN>
    <FRAN>47,200000</FRAN>
    <GREC>47,200000</GREC>
    <MFTV>47,200000</MFTV>
    <PRGP>57,990000</PRGP>
    <ROSN>47,200000</ROSN>
    <SLOV>47,200000</SLOV>
    <SVIZ>47,200000</SVIZ>
    <BSP>47,200000</BSP>
    <MALT>57,990000</MALT>
    <XAUS>47,200000</XAUS>
    <XFRA>47,200000</XFRA>
  </Prezzi>
  <Prezzi>
    <Data>20150902</Data>
    <Mercato>MGP</Mercato>
    <Ora>7</Ora>
    <PUN>56,784320</PUN>
    <NAT>56,490000</NAT>
    <CNOR>57,540000</CNOR>
    <CSUD>57,540000</CSUD>
    <NORD>57,540000</NORD>
    <SARD>57,540000</SARD>
    <SICI>58,930000</SICI>
    <SUD>49,710000</SUD>
    <AUST>57,540000</AUST>
    <BRNN>49,710000</BRNN>
    <COAC>57,540000</COAC>
    <CORS>57,540000</CORS>
    <FOGN>49,710000</FOGN>
    <FRAN>57,540000</FRAN>
    <GREC>49,710000</GREC>
    <MFTV>57,540000</MFTV>
    <PRGP>58,930000</PRGP>
    <ROSN>49,710000</ROSN>
    <SLOV>57,540000</SLOV>
    <SVIZ>57,540000</SVIZ>
    <BSP>57,540000</BSP>
    <MALT>58,930000</MALT>
    <XAUS>57,540000</XAUS>
    <XFRA>57,540000</XFRA>
  </Prezzi>
  <Prezzi>
    <Data>20150902</Data>
    <Mercato>MGP</Mercato>
    <Ora>8</Ora>
    <PUN>57,401900</PUN>
    <NAT>57,990000</NAT>
    <CNOR>57,990000</CNOR>
    <CSUD>57,990000</CSUD>
    <NORD>57,990000</NORD>
    <SARD>57,990000</SARD>
    <SICI>59,150000</SICI>
    <SUD>52,330000</SUD>
    <AUST>57,990000</AUST>
    <BRNN>52,330000</BRNN>
    <COAC>57,990000</COAC>
    <CORS>57,990000</CORS>
    <FOGN>52,330000</FOGN>
    <FRAN>57,990000</FRAN>
    <GREC>52,330000</GREC>
    <MFTV>57,990000</MFTV>
    <PRGP>59,150000</PRGP>
    <ROSN>52,330000</ROSN>
    <SLOV>57,990000</SLOV>
    <SVIZ>57,990000</SVIZ>
    <BSP>57,990000</BSP>
    <MALT>59,150000</MALT>
    <XAUS>57,990000</XAUS>
    <XFRA>57,990000</XFRA>
  </Prezzi>
  <Prezzi>
    <Data>20150902</Data>
    <Mercato>MGP</Mercato>
    <Ora>9</Ora>
    <PUN>75,320000</PUN>
    <NAT>64,170000</NAT>
    <CNOR>79,275990</CNOR>
    <CSUD>79,275990</CSUD>
    <NORD>79,275990</NORD>
    <SARD>79,275990</SARD>
    <SICI>59,150000</SICI>
    <SUD>49,710000</SUD>
    <AUST>79,275990</AUST>
    <BRNN>49,710000</BRNN>
    <COAC>79,275990</COAC>
    <CORS>79,275990</CORS>
    <FOGN>49,710000</FOGN>
    <FRAN>79,275990</FRAN>
    <GREC>49,710000</GREC>
    <MFTV>79,275990</MFTV>
    <PRGP>59,150000</PRGP>
    <ROSN>49,710000</ROSN>
    <SLOV>79,275990</SLOV>
    <SVIZ>79,275990</SVIZ>
    <BSP>79,275990</BSP>
    <MALT>59,150000</MALT>
    <XAUS>79,275990</XAUS>
    <XFRA>79,275990</XFRA>
  </Prezzi>
  <Prezzi>
    <Data>20150902</Data>
    <Mercato>MGP</Mercato>
    <Ora>10</Ora>
    <PUN>67,005450</PUN>
    <NAT>62,990000</NAT>
    <CNOR>68,880000</CNOR>
    <CSUD>68,880000</CSUD>
    <NORD>68,880000</NORD>
    <SARD>68,880000</SARD>
    <SICI>60,400000</SICI>
    <SUD>54,960000</SUD>
    <AUST>68,880000</AUST>
    <BRNN>54,960000</BRNN>
    <COAC>68,880000</COAC>
    <CORS>68,880000</CORS>
    <FOGN>54,960000</FOGN>
    <FRAN>68,880000</FRAN>
    <GREC>54,960000</GREC>
    <MFTV>68,880000</MFTV>
    <PRGP>60,400000</PRGP>
    <ROSN>54,960000</ROSN>
    <SLOV>68,880000</SLOV>
    <SVIZ>68,880000</SVIZ>
    <BSP>68,880000</BSP>
    <MALT>60,400000</MALT>
    <XAUS>68,880000</XAUS>
    <XFRA>68,880000</XFRA>
  </Prezzi>
  <Prezzi>
    <Data>20150902</Data>
    <Mercato>MGP</Mercato>
    <Ora>11</Ora>
    <PUN>62,957480</PUN>
    <NAT>60,830000</NAT>
    <CNOR>64,780000</CNOR>
    <CSUD>64,780000</CSUD>
    <NORD>64,780000</NORD>
    <SARD>64,780000</SARD>
    <SICI>59,150000</SICI>
    <SUD>49,710000</SUD>
    <AUST>64,780000</AUST>
    <BRNN>49,710000</BRNN>
    <COAC>64,780000</COAC>
    <CORS>64,780000</CORS>
    <FOGN>49,710000</FOGN>
    <FRAN>64,780000</FRAN>
    <GREC>49,710000</GREC>
    <MFTV>64,780000</MFTV>
    <PRGP>59,150000</PRGP>
    <ROSN>49,710000</ROSN>
    <SLOV>64,780000</SLOV>
    <SVIZ>64,780000</SVIZ>
    <BSP>64,780000</BSP>
    <MALT>59,150000</MALT>
    <XAUS>64,780000</XAUS>
    <XFRA>64,780000</XFRA>
  </Prezzi>
  <Prezzi>
    <Data>20150902</Data>
    <Mercato>MGP</Mercato>
    <Ora>12</Ora>
    <PUN>66,346960</PUN>
    <NAT>59,840000</NAT>
    <CNOR>69,000000</CNOR>
    <CSUD>69,000000</CSUD>
    <NORD>69,000000</NORD>
    <SARD>69,000000</SARD>
    <SICI>59,150000</SICI>
    <SUD>46,990000</SUD>
    <AUST>69,000000</AUST>
    <BRNN>46,990000</BRNN>
    <COAC>69,000000</COAC>
    <CORS>69,000000</CORS>
    <FOGN>46,990000</FOGN>
    <FRAN>69,000000</FRAN>
    <GREC>46,990000</GREC>
    <MFTV>69,000000</MFTV>
    <PRGP>59,150000</PRGP>
    <ROSN>46,990000</ROSN>
    <SLOV>69,000000</SLOV>
    <SVIZ>69,000000</SVIZ>
    <BSP>69,000000</BSP>
    <MALT>59,150000</MALT>
    <XAUS>69,000000</XAUS>
    <XFRA>69,000000</XFRA>
  </Prezzi>
  <Prezzi>
    <Data>20150902</Data>
    <Mercato>MGP</Mercato>
    <Ora>13</Ora>
    <PUN>57,482830</PUN>
    <NAT>57,000000</NAT>
    <CNOR>58,890000</CNOR>
    <CSUD>58,890000</CSUD>
    <NORD>58,890000</NORD>
    <SARD>58,890000</SARD>
    <SICI>58,930000</SICI>
    <SUD>45,590000</SUD>
    <AUST>58,890000</AUST>
    <BRNN>45,590000</BRNN>
    <COAC>58,890000</COAC>
    <CORS>58,890000</CORS>
    <FOGN>45,590000</FOGN>
    <FRAN>58,890000</FRAN>
    <GREC>45,590000</GREC>
    <MFTV>58,890000</MFTV>
    <PRGP>58,930000</PRGP>
    <ROSN>45,590000</ROSN>
    <SLOV>58,890000</SLOV>
    <SVIZ>58,890000</SVIZ>
    <BSP>58,890000</BSP>
    <MALT>58,930000</MALT>
    <XAUS>58,890000</XAUS>
    <XFRA>58,890000</XFRA>
  </Prezzi>
  <Prezzi>
    <Data>20150902</Data>
    <Mercato>MGP</Mercato>
    <Ora>14</Ora>
    <PUN>57,295610</PUN>
    <NAT>55,370000</NAT>
    <CNOR>58,990000</CNOR>
    <CSUD>58,990000</CSUD>
    <NORD>58,990000</NORD>
    <SARD>58,990000</SARD>
    <SICI>55,990000</SICI>
    <SUD>43,980000</SUD>
    <AUST>58,990000</AUST>
    <BRNN>43,980000</BRNN>
    <COAC>58,990000</COAC>
    <CORS>58,990000</CORS>
    <FOGN>43,980000</FOGN>
    <FRAN>58,990000</FRAN>
    <GREC>43,980000</GREC>
    <MFTV>58,990000</MFTV>
    <PRGP>55,990000</PRGP>
    <ROSN>43,980000</ROSN>
    <SLOV>58,990000</SLOV>
    <SVIZ>58,990000</SVIZ>
    <BSP>58,990000</BSP>
    <MALT>55,990000</MALT>
    <XAUS>58,990000</XAUS>
    <XFRA>58,990000</XFRA>
  </Prezzi>
  <Prezzi>
    <Data>20150902</Data>
    <Mercato>MGP</Mercato>
    <Ora>15</Ora>
    <PUN>59,015170</PUN>
    <NAT>57,200000</NAT>
    <CNOR>51,990000</CNOR>
    <CSUD>51,990000</CSUD>
    <NORD>65,000000</NORD>
    <SARD>51,990000</SARD>
    <SICI>53,990000</SICI>
    <SUD>43,220000</SUD>
    <AUST>65,000000</AUST>
    <BRNN>43,220000</BRNN>
    <COAC>51,990000</COAC>
    <CORS>51,990000</CORS>
    <FOGN>43,220000</FOGN>
    <FRAN>65,000000</FRAN>
    <GREC>43,220000</GREC>
    <MFTV>65,000000</MFTV>
    <PRGP>53,990000</PRGP>
    <ROSN>43,220000</ROSN>
    <SLOV>65,000000</SLOV>
    <SVIZ>65,000000</SVIZ>
    <BSP>65,000000</BSP>
    <MALT>53,990000</MALT>
    <XAUS>65,000000</XAUS>
    <XFRA>65,000000</XFRA>
  </Prezzi>
  <Prezzi>
    <Data>20150902</Data>
    <Mercato>MGP</Mercato>
    <Ora>16</Ora>
    <PUN>60,409820</PUN>
    <NAT>57,990000</NAT>
    <CNOR>50,490000</CNOR>
    <CSUD>50,490000</CSUD>
    <NORD>67,300000</NORD>
    <SARD>50,490000</SARD>
    <SICI>58,930000</SICI>
    <SUD>45,020000</SUD>
    <AUST>67,300000</AUST>
    <BRNN>45,020000</BRNN>
    <COAC>50,490000</COAC>
    <CORS>50,490000</CORS>
    <FOGN>45,020000</FOGN>
    <FRAN>67,300000</FRAN>
    <GREC>45,020000</GREC>
    <MFTV>67,300000</MFTV>
    <PRGP>58,930000</PRGP>
    <ROSN>45,020000</ROSN>
    <SLOV>67,300000</SLOV>
    <SVIZ>67,300000</SVIZ>
    <BSP>67,300000</BSP>
    <MALT>58,930000</MALT>
    <XAUS>67,300000</XAUS>
    <XFRA>67,300000</XFRA>
  </Prezzi>
  <Prezzi>
    <Data>20150902</Data>
    <Mercato>MGP</Mercato>
    <Ora>17</Ora>
    <PUN>61,737430</PUN>
    <NAT>59,360000</NAT>
    <CNOR>55,580000</CNOR>
    <CSUD>55,580000</CSUD>
    <NORD>67,100000</NORD>
    <SARD>55,580000</SARD>
    <SICI>58,930000</SICI>
    <SUD>46,970000</SUD>
    <AUST>67,100000</AUST>
    <BRNN>46,970000</BRNN>
    <COAC>55,580000</COAC>
    <CORS>55,580000</CORS>
    <FOGN>46,970000</FOGN>
    <FRAN>67,100000</FRAN>
    <GREC>46,970000</GREC>
    <MFTV>67,100000</MFTV>
    <PRGP>58,930000</PRGP>
    <ROSN>46,970000</ROSN>
    <SLOV>67,100000</SLOV>
    <SVIZ>67,100000</SVIZ>
    <BSP>67,100000</BSP>
    <MALT>58,930000</MALT>
    <XAUS>67,100000</XAUS>
    <XFRA>67,100000</XFRA>
  </Prezzi>
  <Prezzi>
    <Data>20150902</Data>
    <Mercato>MGP</Mercato>
    <Ora>18</Ora>
    <PUN>61,660640</PUN>
    <NAT>60,400000</NAT>
    <CNOR>63,250000</CNOR>
    <CSUD>63,250000</CSUD>
    <NORD>63,250000</NORD>
    <SARD>63,250000</SARD>
    <SICI>60,400000</SICI>
    <SUD>49,710000</SUD>
    <AUST>63,250000</AUST>
    <BRNN>49,710000</BRNN>
    <COAC>63,250000</COAC>
    <CORS>63,250000</CORS>
    <FOGN>49,710000</FOGN>
    <FRAN>63,250000</FRAN>
    <GREC>49,710000</GREC>
    <MFTV>63,250000</MFTV>
    <PRGP>60,400000</PRGP>
    <ROSN>49,710000</ROSN>
    <SLOV>63,250000</SLOV>
    <SVIZ>63,250000</SVIZ>
    <BSP>63,250000</BSP>
    <MALT>60,400000</MALT>
    <XAUS>63,250000</XAUS>
    <XFRA>63,250000</XFRA>
  </Prezzi>
  <Prezzi>
    <Data>20150902</Data>
    <Mercato>MGP</Mercato>
    <Ora>19</Ora>
    <PUN>62,529100</PUN>
    <NAT>60,830000</NAT>
    <CNOR>63,990000</CNOR>
    <CSUD>63,990000</CSUD>
    <NORD>63,990000</NORD>
    <SARD>63,990000</SARD>
    <SICI>60,830000</SICI>
    <SUD>52,420000</SUD>
    <AUST>63,990000</AUST>
    <BRNN>52,420000</BRNN>
    <COAC>63,990000</COAC>
    <CORS>63,990000</CORS>
    <FOGN>52,420000</FOGN>
    <FRAN>63,990000</FRAN>
    <GREC>52,420000</GREC>
    <MFTV>63,990000</MFTV>
    <PRGP>60,830000</PRGP>
    <ROSN>52,420000</ROSN>
    <SLOV>63,990000</SLOV>
    <SVIZ>63,990000</SVIZ>
    <BSP>63,990000</BSP>
    <MALT>60,830000</MALT>
    <XAUS>63,990000</XAUS>
    <XFRA>63,990000</XFRA>
  </Prezzi>
  <Prezzi>
    <Data>20150902</Data>
    <Mercato>MGP</Mercato>
    <Ora>20</Ora>
    <PUN>65,850000</PUN>
    <NAT>62,100000</NAT>
    <CNOR>67,755510</CNOR>
    <CSUD>67,755510</CSUD>
    <NORD>67,755510</NORD>
    <SARD>67,755510</SARD>
    <SICI>64,130000</SICI>
    <SUD>52,670000</SUD>
    <AUST>67,755510</AUST>
    <BRNN>52,670000</BRNN>
    <COAC>67,755510</COAC>
    <CORS>67,755510</CORS>
    <FOGN>52,670000</FOGN>
    <FRAN>67,755510</FRAN>
    <GREC>52,670000</GREC>
    <MFTV>67,755510</MFTV>
    <PRGP>64,130000</PRGP>
    <ROSN>52,670000</ROSN>
    <SLOV>67,755510</SLOV>
    <SVIZ>67,755510</SVIZ>
    <BSP>67,755510</BSP>
    <MALT>64,130000</MALT>
    <XAUS>67,755510</XAUS>
    <XFRA>67,755510</XFRA>
  </Prezzi>
  <Prezzi>
    <Data>20150902</Data>
    <Mercato>MGP</Mercato>
    <Ora>21</Ora>
    <PUN>70,881770</PUN>
    <NAT>65,000000</NAT>
    <CNOR>73,470000</CNOR>
    <CSUD>73,470000</CSUD>
    <NORD>73,470000</NORD>
    <SARD>73,470000</SARD>
    <SICI>65,370000</SICI>
    <SUD>55,000000</SUD>
    <AUST>73,470000</AUST>
    <BRNN>55,000000</BRNN>
    <COAC>73,470000</COAC>
    <CORS>73,470000</CORS>
    <FOGN>55,000000</FOGN>
    <FRAN>73,470000</FRAN>
    <GREC>55,000000</GREC>
    <MFTV>73,470000</MFTV>
    <PRGP>65,370000</PRGP>
    <ROSN>55,000000</ROSN>
    <SLOV>73,470000</SLOV>
    <SVIZ>73,470000</SVIZ>
    <BSP>73,470000</BSP>
    <MALT>65,370000</MALT>
    <XAUS>73,470000</XAUS>
    <XFRA>73,470000</XFRA>
  </Prezzi>
  <Prezzi>
    <Data>20150902</Data>
    <Mercato>MGP</Mercato>
    <Ora>22</Ora>
    <PUN>59,210330</PUN>
    <NAT>58,930000</NAT>
    <CNOR>60,060000</CNOR>
    <CSUD>60,060000</CSUD>
    <NORD>60,060000</NORD>
    <SARD>60,060000</SARD>
    <SICI>60,830000</SICI>
    <SUD>52,260000</SUD>
    <AUST>60,060000</AUST>
    <BRNN>52,260000</BRNN>
    <COAC>60,060000</COAC>
    <CORS>60,060000</CORS>
    <FOGN>52,260000</FOGN>
    <FRAN>60,060000</FRAN>
    <GREC>52,260000</GREC>
    <MFTV>60,060000</MFTV>
    <PRGP>60,830000</PRGP>
    <ROSN>52,260000</ROSN>
    <SLOV>60,060000</SLOV>
    <SVIZ>60,060000</SVIZ>
    <BSP>60,060000</BSP>
    <MALT>60,830000</MALT>
    <XAUS>60,060000</XAUS>
    <XFRA>60,060000</XFRA>
  </Prezzi>
  <Prezzi>
    <Data>20150902</Data>
    <Mercato>MGP</Mercato>
    <Ora>23</Ora>
    <PUN>56,164660</PUN>
    <NAT>54,740000</NAT>
    <CNOR>56,740000</CNOR>
    <CSUD>56,740000</CSUD>
    <NORD>56,740000</NORD>
    <SARD>56,740000</SARD>
    <SICI>60,830000</SICI>
    <SUD>49,790000</SUD>
    <AUST>56,740000</AUST>
    <BRNN>49,790000</BRNN>
    <COAC>56,740000</COAC>
    <CORS>56,740000</CORS>
    <FOGN>49,790000</FOGN>
    <FRAN>56,740000</FRAN>
    <GREC>49,790000</GREC>
    <MFTV>56,740000</MFTV>
    <PRGP>60,830000</PRGP>
    <ROSN>49,790000</ROSN>
    <SLOV>56,740000</SLOV>
    <SVIZ>56,740000</SVIZ>
    <BSP>56,740000</BSP>
    <MALT>60,830000</MALT>
    <XAUS>56,740000</XAUS>
    <XFRA>56,740000</XFRA>
  </Prezzi>
  <Prezzi>
    <Data>20150902</Data>
    <Mercato>MGP</Mercato>
    <Ora>24</Ora>
    <PUN>51,002370</PUN>
    <NAT>51,000000</NAT>
    <CNOR>50,490000</CNOR>
    <CSUD>50,490000</CSUD>
    <NORD>50,490000</NORD>
    <SARD>50,490000</SARD>
    <SICI>60,400000</SICI>
    <SUD>50,000000</SUD>
    <AUST>50,490000</AUST>
    <BRNN>50,000000</BRNN>
    <COAC>50,490000</COAC>
    <CORS>50,490000</CORS>
    <FOGN>50,000000</FOGN>
    <FRAN>50,490000</FRAN>
    <GREC>50,000000</GREC>
    <MFTV>50,490000</MFTV>
    <PRGP>60,400000</PRGP>
    <ROSN>50,000000</ROSN>
    <SLOV>50,490000</SLOV>
    <SVIZ>50,490000</SVIZ>
    <BSP>50,490000</BSP>
    <MALT>60,400000</MALT>
    <XAUS>50,490000</XAUS>
    <XFRA>50,490000</XFRA>
  </Prezzi>
</NewDataSet>