<?xml version="1.0" standalone="yes"?>
<NewDataSet>
  <xs:schema id="NewDataSet" xmlns="" xmlns:xs="http://www.w3.org/2001/XMLSchema" xmlns:msdata="urn:schemas-microsoft-com:xml-msdata">
    <xs:element name="NewDataSet" msdata:IsDataSet="true" msdata:UseCurrentLocale="true">
      <xs:complexType>
        <xs:choice minOccurs="0" maxOccurs="unbounded">
          <xs:element name="Prezzi">
            <xs:complexType>
              <xs:sequence>
                <xs:element name="Data" type="xs:string" minOccurs="0" />
                <xs:element name="Mercato" type="xs:string" minOccurs="0" />
                <xs:element name="Ora" type="xs:string" minOccurs="0" />
                <xs:element name="PUN" type="xs:string" minOccurs="0" />
                <xs:element name="NAT" type="xs:string" minOccurs="0" />
                <xs:element name="CNOR" type="xs:string" minOccurs="0" />
                <xs:element name="CSUD" type="xs:string" minOccurs="0" />
                <xs:element name="NORD" type="xs:string" minOccurs="0" />
                <xs:element name="SARD" type="xs:string" minOccurs="0" />
                <xs:element name="SICI" type="xs:string" minOccurs="0" />
                <xs:element name="SUD" type="xs:string" minOccurs="0" />
                <xs:element name="AUST" type="xs:string" minOccurs="0" />
                <xs:element name="BRNN" type="xs:string" minOccurs="0" />
                <xs:element name="COAC" type="xs:string" minOccurs="0" />
                <xs:element name="CORS" type="xs:string" minOccurs="0" />
                <xs:element name="FOGN" type="xs:string" minOccurs="0" />
                <xs:element name="FRAN" type="xs:string" minOccurs="0" />
                <xs:element name="GREC" type="xs:string" minOccurs="0" />
                <xs:element name="MFTV" type="xs:string" minOccurs="0" />
                <xs:element name="PRGP" type="xs:string" minOccurs="0" />
                <xs:element name="ROSN" type="xs:string" minOccurs="0" />
                <xs:element name="SLOV" type="xs:string" minOccurs="0" />
                <xs:element name="SVIZ" type="xs:string" minOccurs="0" />
                <xs:element name="BSP" type="xs:string" minOccurs="0" />
                <xs:element name="MALT" type="xs:string" minOccurs="0" />
                <xs:element name="XAUS" type="xs:string" minOccurs="0" />
                <xs:element name="XFRA" type="xs:string" minOccurs="0" />
              </xs:sequence>
            </xs:complexType>
          </xs:element>
        </xs:choice>
      </xs:complexType>
    </xs:element>
  </xs:schema>
  <Prezzi>
    <Data>20150930</Data>
    <Mercato>MGP</Mercato>
    <Ora>1</Ora>
    <PUN>39,985470</PUN>
    <NAT>39,530000</NAT>
    <CNOR>39,310000</CNOR>
    <CSUD>39,310000</CSUD>
    <NORD>39,310000</NORD>
    <SARD>39,310000</SARD>
    <SICI>52,990000</SICI>
    <SUD>39,310000</SUD>
    <AUST>39,310000</AUST>
    <BRNN>39,310000</BRNN>
    <COAC>39,310000</COAC>
    <CORS>3000,000000</CORS>
    <FOGN>39,310000</FOGN>
    <FRAN>39,310000</FRAN>
    <GREC>39,310000</GREC>
    <MFTV>39,310000</MFTV>
    <PRGP>52,990000</PRGP>
    <ROSN>39,310000</ROSN>
    <SLOV>39,310000</SLOV>
    <SVIZ>39,310000</SVIZ>
    <BSP>39,310000</BSP>
    <MALT>52,990000</MALT>
    <XAUS>39,310000</XAUS>
    <XFRA>39,310000</XFRA>
  </Prezzi>
  <Prezzi>
    <Data>20150930</Data>
    <Mercato>MGP</Mercato>
    <Ora>2</Ora>
    <PUN>36,279990</PUN>
    <NAT>35,700000</NAT>
    <CNOR>35,480000</CNOR>
    <CSUD>35,480000</CSUD>
    <NORD>35,480000</NORD>
    <SARD>35,480000</SARD>
    <SICI>51,990000</SICI>
    <SUD>35,480000</SUD>
    <AUST>35,480000</AUST>
    <BRNN>35,480000</BRNN>
    <COAC>35,480000</COAC>
    <CORS>3000,000000</CORS>
    <FOGN>35,480000</FOGN>
    <FRAN>35,480000</FRAN>
    <GREC>35,480000</GREC>
    <MFTV>35,480000</MFTV>
    <PRGP>51,990000</PRGP>
    <ROSN>35,480000</ROSN>
    <SLOV>35,480000</SLOV>
    <SVIZ>35,480000</SVIZ>
    <BSP>35,480000</BSP>
    <MALT>51,990000</MALT>
    <XAUS>35,480000</XAUS>
    <XFRA>35,480000</XFRA>
  </Prezzi>
  <Prezzi>
    <Data>20150930</Data>
    <Mercato>MGP</Mercato>
    <Ora>3</Ora>
    <PUN>33,223850</PUN>
    <NAT>34,010000</NAT>
    <CNOR>33,000000</CNOR>
    <CSUD>33,000000</CSUD>
    <NORD>33,000000</NORD>
    <SARD>33,000000</SARD>
    <SICI>37,830000</SICI>
    <SUD>33,000000</SUD>
    <AUST>33,000000</AUST>
    <BRNN>33,000000</BRNN>
    <COAC>33,000000</COAC>
    <CORS>3000,000000</CORS>
    <FOGN>33,000000</FOGN>
    <FRAN>33,000000</FRAN>
    <GREC>33,000000</GREC>
    <MFTV>33,000000</MFTV>
    <PRGP>37,830000</PRGP>
    <ROSN>33,000000</ROSN>
    <SLOV>33,000000</SLOV>
    <SVIZ>33,000000</SVIZ>
    <BSP>33,000000</BSP>
    <MALT>37,830000</MALT>
    <XAUS>33,000000</XAUS>
    <XFRA>33,000000</XFRA>
  </Prezzi>
  <Prezzi>
    <Data>20150930</Data>
    <Mercato>MGP</Mercato>
    <Ora>4</Ora>
    <PUN>32,274210</PUN>
    <NAT>32,500000</NAT>
    <CNOR>32,000000</CNOR>
    <CSUD>32,000000</CSUD>
    <NORD>32,000000</NORD>
    <SARD>32,000000</SARD>
    <SICI>37,830000</SICI>
    <SUD>32,000000</SUD>
    <AUST>32,000000</AUST>
    <BRNN>32,000000</BRNN>
    <COAC>32,000000</COAC>
    <CORS>3000,000000</CORS>
    <FOGN>32,000000</FOGN>
    <FRAN>32,000000</FRAN>
    <GREC>32,000000</GREC>
    <MFTV>32,000000</MFTV>
    <PRGP>37,830000</PRGP>
    <ROSN>32,000000</ROSN>
    <SLOV>32,000000</SLOV>
    <SVIZ>32,000000</SVIZ>
    <BSP>32,000000</BSP>
    <MALT>37,830000</MALT>
    <XAUS>32,000000</XAUS>
    <XFRA>32,000000</XFRA>
  </Prezzi>
  <Prezzi>
    <Data>20150930</Data>
    <Mercato>MGP</Mercato>
    <Ora>5</Ora>
    <PUN>32,749430</PUN>
    <NAT>33,000000</NAT>
    <CNOR>32,500000</CNOR>
    <CSUD>32,500000</CSUD>
    <NORD>32,500000</NORD>
    <SARD>32,500000</SARD>
    <SICI>37,830000</SICI>
    <SUD>32,500000</SUD>
    <AUST>32,500000</AUST>
    <BRNN>32,500000</BRNN>
    <COAC>32,500000</COAC>
    <CORS>3000,000000</CORS>
    <FOGN>32,500000</FOGN>
    <FRAN>32,500000</FRAN>
    <GREC>32,500000</GREC>
    <MFTV>32,500000</MFTV>
    <PRGP>37,830000</PRGP>
    <ROSN>32,500000</ROSN>
    <SLOV>32,500000</SLOV>
    <SVIZ>32,500000</SVIZ>
    <BSP>32,500000</BSP>
    <MALT>37,830000</MALT>
    <XAUS>32,500000</XAUS>
    <XFRA>32,500000</XFRA>
  </Prezzi>
  <Prezzi>
    <Data>20150930</Data>
    <Mercato>MGP</Mercato>
    <Ora>6</Ora>
    <PUN>36,699930</PUN>
    <NAT>36,790000</NAT>
    <CNOR>35,940000</CNOR>
    <CSUD>35,940000</CSUD>
    <NORD>35,940000</NORD>
    <SARD>35,940000</SARD>
    <SICI>51,990000</SICI>
    <SUD>35,940000</SUD>
    <AUST>35,940000</AUST>
    <BRNN>35,940000</BRNN>
    <COAC>35,940000</COAC>
    <CORS>3000,000000</CORS>
    <FOGN>35,940000</FOGN>
    <FRAN>35,940000</FRAN>
    <GREC>35,940000</GREC>
    <MFTV>35,940000</MFTV>
    <PRGP>51,990000</PRGP>
    <ROSN>35,940000</ROSN>
    <SLOV>35,940000</SLOV>
    <SVIZ>35,940000</SVIZ>
    <BSP>35,940000</BSP>
    <MALT>51,990000</MALT>
    <XAUS>35,940000</XAUS>
    <XFRA>35,940000</XFRA>
  </Prezzi>
  <Prezzi>
    <Data>20150930</Data>
    <Mercato>MGP</Mercato>
    <Ora>7</Ora>
    <PUN>44,811430</PUN>
    <NAT>44,180000</NAT>
    <CNOR>44,180000</CNOR>
    <CSUD>44,180000</CSUD>
    <NORD>44,180000</NORD>
    <SARD>44,180000</SARD>
    <SICI>58,930000</SICI>
    <SUD>44,180000</SUD>
    <AUST>44,180000</AUST>
    <BRNN>44,180000</BRNN>
    <COAC>44,180000</COAC>
    <CORS>3000,000000</CORS>
    <FOGN>44,180000</FOGN>
    <FRAN>44,180000</FRAN>
    <GREC>44,180000</GREC>
    <MFTV>44,180000</MFTV>
    <PRGP>58,930000</PRGP>
    <ROSN>44,180000</ROSN>
    <SLOV>44,180000</SLOV>
    <SVIZ>44,180000</SVIZ>
    <BSP>44,180000</BSP>
    <MALT>58,930000</MALT>
    <XAUS>44,180000</XAUS>
    <XFRA>44,180000</XFRA>
  </Prezzi>
  <Prezzi>
    <Data>20150930</Data>
    <Mercato>MGP</Mercato>
    <Ora>8</Ora>
    <PUN>52,904200</PUN>
    <NAT>52,460000</NAT>
    <CNOR>53,780230</CNOR>
    <CSUD>49,590000</CSUD>
    <NORD>53,780230</NORD>
    <SARD>49,590000</SARD>
    <SICI>58,990000</SICI>
    <SUD>49,590000</SUD>
    <AUST>53,780230</AUST>
    <BRNN>49,590000</BRNN>
    <COAC>49,590000</COAC>
    <CORS>3000,000000</CORS>
    <FOGN>49,590000</FOGN>
    <FRAN>53,780230</FRAN>
    <GREC>49,590000</GREC>
    <MFTV>53,780230</MFTV>
    <PRGP>58,990000</PRGP>
    <ROSN>49,590000</ROSN>
    <SLOV>53,780230</SLOV>
    <SVIZ>53,780230</SVIZ>
    <BSP>53,780230</BSP>
    <MALT>58,990000</MALT>
    <XAUS>53,780230</XAUS>
    <XFRA>53,780230</XFRA>
  </Prezzi>
  <Prezzi>
    <Data>20150930</Data>
    <Mercato>MGP</Mercato>
    <Ora>9</Ora>
    <PUN>57,155830</PUN>
    <NAT>57,000000</NAT>
    <CNOR>58,400000</CNOR>
    <CSUD>55,020000</CSUD>
    <NORD>58,400000</NORD>
    <SARD>55,020000</SARD>
    <SICI>59,150000</SICI>
    <SUD>51,070000</SUD>
    <AUST>58,400000</AUST>
    <BRNN>51,070000</BRNN>
    <COAC>55,020000</COAC>
    <CORS>3000,000000</CORS>
    <FOGN>51,070000</FOGN>
    <FRAN>58,400000</FRAN>
    <GREC>51,070000</GREC>
    <MFTV>58,400000</MFTV>
    <PRGP>59,150000</PRGP>
    <ROSN>50,890000</ROSN>
    <SLOV>58,400000</SLOV>
    <SVIZ>58,400000</SVIZ>
    <BSP>58,400000</BSP>
    <MALT>59,150000</MALT>
    <XAUS>58,400000</XAUS>
    <XFRA>58,400000</XFRA>
  </Prezzi>
  <Prezzi>
    <Data>20150930</Data>
    <Mercato>MGP</Mercato>
    <Ora>10</Ora>
    <PUN>52,450590</PUN>
    <NAT>51,320000</NAT>
    <CNOR>53,010000</CNOR>
    <CSUD>49,880000</CSUD>
    <NORD>53,010000</NORD>
    <SARD>49,880000</SARD>
    <SICI>58,930000</SICI>
    <SUD>49,880000</SUD>
    <AUST>53,010000</AUST>
    <BRNN>49,880000</BRNN>
    <COAC>49,880000</COAC>
    <CORS>3000,000000</CORS>
    <FOGN>49,880000</FOGN>
    <FRAN>53,010000</FRAN>
    <GREC>49,880000</GREC>
    <MFTV>53,010000</MFTV>
    <PRGP>58,930000</PRGP>
    <ROSN>49,880000</ROSN>
    <SLOV>53,010000</SLOV>
    <SVIZ>53,010000</SVIZ>
    <BSP>53,010000</BSP>
    <MALT>58,930000</MALT>
    <XAUS>53,010000</XAUS>
    <XFRA>53,010000</XFRA>
  </Prezzi>
  <Prezzi>
    <Data>20150930</Data>
    <Mercato>MGP</Mercato>
    <Ora>11</Ora>
    <PUN>46,236230</PUN>
    <NAT>46,000000</NAT>
    <CNOR>45,500000</CNOR>
    <CSUD>45,500000</CSUD>
    <NORD>46,720000</NORD>
    <SARD>45,500000</SARD>
    <SICI>45,500000</SICI>
    <SUD>45,500000</SUD>
    <AUST>46,720000</AUST>
    <BRNN>45,500000</BRNN>
    <COAC>45,500000</COAC>
    <CORS>3000,000000</CORS>
    <FOGN>45,500000</FOGN>
    <FRAN>46,720000</FRAN>
    <GREC>45,500000</GREC>
    <MFTV>46,720000</MFTV>
    <PRGP>45,500000</PRGP>
    <ROSN>45,500000</ROSN>
    <SLOV>46,720000</SLOV>
    <SVIZ>46,720000</SVIZ>
    <BSP>46,720000</BSP>
    <MALT>45,500000</MALT>
    <XAUS>46,720000</XAUS>
    <XFRA>46,720000</XFRA>
  </Prezzi>
  <Prezzi>
    <Data>20150930</Data>
    <Mercato>MGP</Mercato>
    <Ora>12</Ora>
    <PUN>46,670220</PUN>
    <NAT>45,290000</NAT>
    <CNOR>44,500000</CNOR>
    <CSUD>44,500000</CSUD>
    <NORD>48,100000</NORD>
    <SARD>44,500000</SARD>
    <SICI>44,500000</SICI>
    <SUD>44,500000</SUD>
    <AUST>48,100000</AUST>
    <BRNN>44,500000</BRNN>
    <COAC>44,500000</COAC>
    <CORS>3000,000000</CORS>
    <FOGN>44,500000</FOGN>
    <FRAN>48,100000</FRAN>
    <GREC>44,500000</GREC>
    <MFTV>48,100000</MFTV>
    <PRGP>44,500000</PRGP>
    <ROSN>44,500000</ROSN>
    <SLOV>48,100000</SLOV>
    <SVIZ>48,100000</SVIZ>
    <BSP>48,100000</BSP>
    <MALT>44,500000</MALT>
    <XAUS>48,100000</XAUS>
    <XFRA>48,100000</XFRA>
  </Prezzi>
  <Prezzi>
    <Data>20150930</Data>
    <Mercato>MGP</Mercato>
    <Ora>13</Ora>
    <PUN>43,360890</PUN>
    <NAT>43,150000</NAT>
    <CNOR>42,980000</CNOR>
    <CSUD>42,980000</CSUD>
    <NORD>43,627720</NORD>
    <SARD>42,980000</SARD>
    <SICI>42,980000</SICI>
    <SUD>42,980000</SUD>
    <AUST>43,627720</AUST>
    <BRNN>42,980000</BRNN>
    <COAC>42,980000</COAC>
    <CORS>3000,000000</CORS>
    <FOGN>42,980000</FOGN>
    <FRAN>43,627720</FRAN>
    <GREC>42,980000</GREC>
    <MFTV>43,627720</MFTV>
    <PRGP>42,980000</PRGP>
    <ROSN>42,980000</ROSN>
    <SLOV>43,627720</SLOV>
    <SVIZ>43,627720</SVIZ>
    <BSP>43,627720</BSP>
    <MALT>42,980000</MALT>
    <XAUS>43,627720</XAUS>
    <XFRA>43,627720</XFRA>
  </Prezzi>
  <Prezzi>
    <Data>20150930</Data>
    <Mercato>MGP</Mercato>
    <Ora>14</Ora>
    <PUN>41,153680</PUN>
    <NAT>41,210000</NAT>
    <CNOR>41,070000</CNOR>
    <CSUD>41,070000</CSUD>
    <NORD>41,210000</NORD>
    <SARD>41,070000</SARD>
    <SICI>41,070000</SICI>
    <SUD>41,070000</SUD>
    <AUST>41,210000</AUST>
    <BRNN>41,070000</BRNN>
    <COAC>41,070000</COAC>
    <CORS>3000,000000</CORS>
    <FOGN>41,070000</FOGN>
    <FRAN>41,210000</FRAN>
    <GREC>41,070000</GREC>
    <MFTV>41,210000</MFTV>
    <PRGP>41,070000</PRGP>
    <ROSN>41,070000</ROSN>
    <SLOV>41,210000</SLOV>
    <SVIZ>41,210000</SVIZ>
    <BSP>41,210000</BSP>
    <MALT>41,070000</MALT>
    <XAUS>41,210000</XAUS>
    <XFRA>41,210000</XFRA>
  </Prezzi>
  <Prezzi>
    <Data>20150930</Data>
    <Mercato>MGP</Mercato>
    <Ora>15</Ora>
    <PUN>43,656460</PUN>
    <NAT>43,600000</NAT>
    <CNOR>43,600000</CNOR>
    <CSUD>43,600000</CSUD>
    <NORD>43,600000</NORD>
    <SARD>43,600000</SARD>
    <SICI>45,000000</SICI>
    <SUD>43,600000</SUD>
    <AUST>43,600000</AUST>
    <BRNN>43,600000</BRNN>
    <COAC>43,600000</COAC>
    <CORS>3000,000000</CORS>
    <FOGN>43,600000</FOGN>
    <FRAN>43,600000</FRAN>
    <GREC>43,600000</GREC>
    <MFTV>43,600000</MFTV>
    <PRGP>45,000000</PRGP>
    <ROSN>43,600000</ROSN>
    <SLOV>43,600000</SLOV>
    <SVIZ>43,600000</SVIZ>
    <BSP>43,600000</BSP>
    <MALT>45,000000</MALT>
    <XAUS>43,600000</XAUS>
    <XFRA>43,600000</XFRA>
  </Prezzi>
  <Prezzi>
    <Data>20150930</Data>
    <Mercato>MGP</Mercato>
    <Ora>16</Ora>
    <PUN>45,778900</PUN>
    <NAT>45,500000</NAT>
    <CNOR>45,550000</CNOR>
    <CSUD>45,110000</CSUD>
    <NORD>45,550000</NORD>
    <SARD>45,110000</SARD>
    <SICI>53,990000</SICI>
    <SUD>45,110000</SUD>
    <AUST>45,550000</AUST>
    <BRNN>45,110000</BRNN>
    <COAC>45,110000</COAC>
    <CORS>3000,000000</CORS>
    <FOGN>45,110000</FOGN>
    <FRAN>45,550000</FRAN>
    <GREC>45,110000</GREC>
    <MFTV>45,550000</MFTV>
    <PRGP>53,990000</PRGP>
    <ROSN>45,110000</ROSN>
    <SLOV>45,550000</SLOV>
    <SVIZ>45,550000</SVIZ>
    <BSP>45,550000</BSP>
    <MALT>53,990000</MALT>
    <XAUS>45,550000</XAUS>
    <XFRA>45,550000</XFRA>
  </Prezzi>
  <Prezzi>
    <Data>20150930</Data>
    <Mercato>MGP</Mercato>
    <Ora>17</Ora>
    <PUN>48,998190</PUN>
    <NAT>49,960000</NAT>
    <CNOR>48,550000</CNOR>
    <CSUD>48,550000</CSUD>
    <NORD>48,550000</NORD>
    <SARD>48,550000</SARD>
    <SICI>58,930000</SICI>
    <SUD>48,550000</SUD>
    <AUST>48,550000</AUST>
    <BRNN>48,550000</BRNN>
    <COAC>48,550000</COAC>
    <CORS>3000,000000</CORS>
    <FOGN>48,550000</FOGN>
    <FRAN>48,550000</FRAN>
    <GREC>48,550000</GREC>
    <MFTV>48,550000</MFTV>
    <PRGP>58,930000</PRGP>
    <ROSN>48,550000</ROSN>
    <SLOV>48,550000</SLOV>
    <SVIZ>48,550000</SVIZ>
    <BSP>48,550000</BSP>
    <MALT>58,930000</MALT>
    <XAUS>48,550000</XAUS>
    <XFRA>48,550000</XFRA>
  </Prezzi>
  <Prezzi>
    <Data>20150930</Data>
    <Mercato>MGP</Mercato>
    <Ora>18</Ora>
    <PUN>51,526750</PUN>
    <NAT>51,300000</NAT>
    <CNOR>51,170000</CNOR>
    <CSUD>51,170000</CSUD>
    <NORD>51,170000</NORD>
    <SARD>51,170000</SARD>
    <SICI>58,930000</SICI>
    <SUD>51,170000</SUD>
    <AUST>51,170000</AUST>
    <BRNN>51,170000</BRNN>
    <COAC>51,170000</COAC>
    <CORS>3000,000000</CORS>
    <FOGN>51,170000</FOGN>
    <FRAN>51,170000</FRAN>
    <GREC>51,170000</GREC>
    <MFTV>51,170000</MFTV>
    <PRGP>58,930000</PRGP>
    <ROSN>51,170000</ROSN>
    <SLOV>51,170000</SLOV>
    <SVIZ>51,170000</SVIZ>
    <BSP>51,170000</BSP>
    <MALT>58,930000</MALT>
    <XAUS>51,170000</XAUS>
    <XFRA>51,170000</XFRA>
  </Prezzi>
  <Prezzi>
    <Data>20150930</Data>
    <Mercato>MGP</Mercato>
    <Ora>19</Ora>
    <PUN>50,453030</PUN>
    <NAT>50,890000</NAT>
    <CNOR>49,999070</CNOR>
    <CSUD>49,999070</CSUD>
    <NORD>49,999070</NORD>
    <SARD>49,999070</SARD>
    <SICI>59,150000</SICI>
    <SUD>49,999070</SUD>
    <AUST>49,999070</AUST>
    <BRNN>49,999070</BRNN>
    <COAC>49,999070</COAC>
    <CORS>3000,000000</CORS>
    <FOGN>49,999070</FOGN>
    <FRAN>49,999070</FRAN>
    <GREC>49,999070</GREC>
    <MFTV>49,999070</MFTV>
    <PRGP>59,150000</PRGP>
    <ROSN>49,999070</ROSN>
    <SLOV>49,999070</SLOV>
    <SVIZ>49,999070</SVIZ>
    <BSP>49,999070</BSP>
    <MALT>59,150000</MALT>
    <XAUS>49,999070</XAUS>
    <XFRA>49,999070</XFRA>
  </Prezzi>
  <Prezzi>
    <Data>20150930</Data>
    <Mercato>MGP</Mercato>
    <Ora>20</Ora>
    <PUN>58,156330</PUN>
    <NAT>59,150000</NAT>
    <CNOR>58,010000</CNOR>
    <CSUD>58,010000</CSUD>
    <NORD>58,010000</NORD>
    <SARD>58,010000</SARD>
    <SICI>60,830000</SICI>
    <SUD>58,010000</SUD>
    <AUST>58,010000</AUST>
    <BRNN>58,010000</BRNN>
    <COAC>58,010000</COAC>
    <CORS>3000,000000</CORS>
    <FOGN>58,010000</FOGN>
    <FRAN>58,010000</FRAN>
    <GREC>58,010000</GREC>
    <MFTV>58,010000</MFTV>
    <PRGP>60,830000</PRGP>
    <ROSN>58,010000</ROSN>
    <SLOV>58,010000</SLOV>
    <SVIZ>58,010000</SVIZ>
    <BSP>58,010000</BSP>
    <MALT>60,830000</MALT>
    <XAUS>58,010000</XAUS>
    <XFRA>58,010000</XFRA>
  </Prezzi>
  <Prezzi>
    <Data>20150930</Data>
    <Mercato>MGP</Mercato>
    <Ora>21</Ora>
    <PUN>51,894580</PUN>
    <NAT>54,050000</NAT>
    <CNOR>51,389570</CNOR>
    <CSUD>51,389570</CSUD>
    <NORD>51,389570</NORD>
    <SARD>51,389570</SARD>
    <SICI>60,830000</SICI>
    <SUD>51,389570</SUD>
    <AUST>51,389570</AUST>
    <BRNN>51,389570</BRNN>
    <COAC>51,389570</COAC>
    <CORS>3000,000000</CORS>
    <FOGN>51,389570</FOGN>
    <FRAN>51,389570</FRAN>
    <GREC>51,389570</GREC>
    <MFTV>51,389570</MFTV>
    <PRGP>60,830000</PRGP>
    <ROSN>51,389570</ROSN>
    <SLOV>51,389570</SLOV>
    <SVIZ>51,389570</SVIZ>
    <BSP>51,389570</BSP>
    <MALT>60,830000</MALT>
    <XAUS>51,389570</XAUS>
    <XFRA>51,389570</XFRA>
  </Prezzi>
  <Prezzi>
    <Data>20150930</Data>
    <Mercato>MGP</Mercato>
    <Ora>22</Ora>
    <PUN>49,092730</PUN>
    <NAT>50,260000</NAT>
    <CNOR>48,550000</CNOR>
    <CSUD>48,550000</CSUD>
    <NORD>48,550000</NORD>
    <SARD>48,550000</SARD>
    <SICI>59,150000</SICI>
    <SUD>48,550000</SUD>
    <AUST>48,550000</AUST>
    <BRNN>48,550000</BRNN>
    <COAC>48,550000</COAC>
    <CORS>3000,000000</CORS>
    <FOGN>48,550000</FOGN>
    <FRAN>48,550000</FRAN>
    <GREC>48,550000</GREC>
    <MFTV>48,550000</MFTV>
    <PRGP>59,150000</PRGP>
    <ROSN>48,550000</ROSN>
    <SLOV>48,550000</SLOV>
    <SVIZ>48,550000</SVIZ>
    <BSP>48,550000</BSP>
    <MALT>59,150000</MALT>
    <XAUS>48,550000</XAUS>
    <XFRA>48,550000</XFRA>
  </Prezzi>
  <Prezzi>
    <Data>20150930</Data>
    <Mercato>MGP</Mercato>
    <Ora>23</Ora>
    <PUN>44,960720</PUN>
    <NAT>44,530000</NAT>
    <CNOR>44,500000</CNOR>
    <CSUD>44,500000</CSUD>
    <NORD>43,941250</NORD>
    <SARD>44,500000</SARD>
    <SICI>58,930000</SICI>
    <SUD>44,500000</SUD>
    <AUST>43,941250</AUST>
    <BRNN>44,500000</BRNN>
    <COAC>44,500000</COAC>
    <CORS>3000,000000</CORS>
    <FOGN>44,500000</FOGN>
    <FRAN>43,941250</FRAN>
    <GREC>44,500000</GREC>
    <MFTV>43,941250</MFTV>
    <PRGP>58,930000</PRGP>
    <ROSN>44,500000</ROSN>
    <SLOV>43,941250</SLOV>
    <SVIZ>43,941250</SVIZ>
    <BSP>43,941250</BSP>
    <MALT>58,930000</MALT>
    <XAUS>43,941250</XAUS>
    <XFRA>43,941250</XFRA>
  </Prezzi>
  <Prezzi>
    <Data>20150930</Data>
    <Mercato>MGP</Mercato>
    <Ora>24</Ora>
    <PUN>41,430000</PUN>
    <NAT>41,430000</NAT>
    <CNOR>41,430000</CNOR>
    <CSUD>41,430000</CSUD>
    <NORD>41,430000</NORD>
    <SARD>41,430000</SARD>
    <SICI>41,430000</SICI>
    <SUD>41,430000</SUD>
    <AUST>41,430000</AUST>
    <BRNN>41,430000</BRNN>
    <COAC>41,430000</COAC>
    <CORS>3000,000000</CORS>
    <FOGN>41,430000</FOGN>
    <FRAN>41,430000</FRAN>
    <GREC>41,430000</GREC>
    <MFTV>41,430000</MFTV>
    <PRGP>41,430000</PRGP>
    <ROSN>41,430000</ROSN>
    <SLOV>41,430000</SLOV>
    <SVIZ>41,430000</SVIZ>
    <BSP>41,430000</BSP>
    <MALT>41,430000</MALT>
    <XAUS>41,430000</XAUS>
    <XFRA>41,430000</XFRA>
  </Prezzi>
</NewDataSet>