<?xml version="1.0" standalone="yes"?>
<NewDataSet>
  <xs:schema id="NewDataSet" xmlns="" xmlns:xs="http://www.w3.org/2001/XMLSchema" xmlns:msdata="urn:schemas-microsoft-com:xml-msdata">
    <xs:element name="NewDataSet" msdata:IsDataSet="true" msdata:UseCurrentLocale="true">
      <xs:complexType>
        <xs:choice minOccurs="0" maxOccurs="unbounded">
          <xs:element name="Prezzi">
            <xs:complexType>
              <xs:sequence>
                <xs:element name="Data" type="xs:string" minOccurs="0" />
                <xs:element name="Mercato" type="xs:string" minOccurs="0" />
                <xs:element name="Ora" type="xs:string" minOccurs="0" />
                <xs:element name="PUN" type="xs:string" minOccurs="0" />
                <xs:element name="NAT" type="xs:string" minOccurs="0" />
                <xs:element name="CNOR" type="xs:string" minOccurs="0" />
                <xs:element name="CSUD" type="xs:string" minOccurs="0" />
                <xs:element name="NORD" type="xs:string" minOccurs="0" />
                <xs:element name="SARD" type="xs:string" minOccurs="0" />
                <xs:element name="SICI" type="xs:string" minOccurs="0" />
                <xs:element name="SUD" type="xs:string" minOccurs="0" />
                <xs:element name="AUST" type="xs:string" minOccurs="0" />
                <xs:element name="BRNN" type="xs:string" minOccurs="0" />
                <xs:element name="COAC" type="xs:string" minOccurs="0" />
                <xs:element name="CORS" type="xs:string" minOccurs="0" />
                <xs:element name="FOGN" type="xs:string" minOccurs="0" />
                <xs:element name="FRAN" type="xs:string" minOccurs="0" />
                <xs:element name="GREC" type="xs:string" minOccurs="0" />
                <xs:element name="MFTV" type="xs:string" minOccurs="0" />
                <xs:element name="PRGP" type="xs:string" minOccurs="0" />
                <xs:element name="ROSN" type="xs:string" minOccurs="0" />
                <xs:element name="SLOV" type="xs:string" minOccurs="0" />
                <xs:element name="SVIZ" type="xs:string" minOccurs="0" />
                <xs:element name="BSP" type="xs:string" minOccurs="0" />
                <xs:element name="MALT" type="xs:string" minOccurs="0" />
                <xs:element name="XAUS" type="xs:string" minOccurs="0" />
                <xs:element name="XFRA" type="xs:string" minOccurs="0" />
              </xs:sequence>
            </xs:complexType>
          </xs:element>
        </xs:choice>
      </xs:complexType>
    </xs:element>
  </xs:schema>
  <Prezzi>
    <Data>20150910</Data>
    <Mercato>MGP</Mercato>
    <Ora>1</Ora>
    <PUN>47,312390</PUN>
    <NAT>47,100000</NAT>
    <CNOR>46,680000</CNOR>
    <CSUD>46,680000</CSUD>
    <NORD>46,680000</NORD>
    <SARD>46,680000</SARD>
    <SICI>58,930000</SICI>
    <SUD>46,680000</SUD>
    <AUST>46,680000</AUST>
    <BRNN>46,680000</BRNN>
    <COAC>46,680000</COAC>
    <CORS>46,680000</CORS>
    <FOGN>46,680000</FOGN>
    <FRAN>46,680000</FRAN>
    <GREC>46,680000</GREC>
    <MFTV>46,680000</MFTV>
    <PRGP>58,930000</PRGP>
    <ROSN>46,680000</ROSN>
    <SLOV>46,680000</SLOV>
    <SVIZ>46,680000</SVIZ>
    <BSP>46,680000</BSP>
    <MALT>58,930000</MALT>
    <XAUS>46,680000</XAUS>
    <XFRA>46,680000</XFRA>
  </Prezzi>
  <Prezzi>
    <Data>20150910</Data>
    <Mercato>MGP</Mercato>
    <Ora>2</Ora>
    <PUN>43,807300</PUN>
    <NAT>44,000000</NAT>
    <CNOR>43,000000</CNOR>
    <CSUD>43,000000</CSUD>
    <NORD>43,000000</NORD>
    <SARD>43,000000</SARD>
    <SICI>58,930000</SICI>
    <SUD>43,000000</SUD>
    <AUST>43,000000</AUST>
    <BRNN>43,000000</BRNN>
    <COAC>43,000000</COAC>
    <CORS>43,000000</CORS>
    <FOGN>43,000000</FOGN>
    <FRAN>43,000000</FRAN>
    <GREC>43,000000</GREC>
    <MFTV>43,000000</MFTV>
    <PRGP>58,930000</PRGP>
    <ROSN>43,000000</ROSN>
    <SLOV>43,000000</SLOV>
    <SVIZ>43,000000</SVIZ>
    <BSP>43,000000</BSP>
    <MALT>58,930000</MALT>
    <XAUS>43,000000</XAUS>
    <XFRA>43,000000</XFRA>
  </Prezzi>
  <Prezzi>
    <Data>20150910</Data>
    <Mercato>MGP</Mercato>
    <Ora>3</Ora>
    <PUN>41,896910</PUN>
    <NAT>42,000000</NAT>
    <CNOR>41,000000</CNOR>
    <CSUD>41,000000</CSUD>
    <NORD>41,000000</NORD>
    <SARD>41,000000</SARD>
    <SICI>58,930000</SICI>
    <SUD>41,000000</SUD>
    <AUST>41,000000</AUST>
    <BRNN>41,000000</BRNN>
    <COAC>41,000000</COAC>
    <CORS>41,000000</CORS>
    <FOGN>41,000000</FOGN>
    <FRAN>41,000000</FRAN>
    <GREC>41,000000</GREC>
    <MFTV>41,000000</MFTV>
    <PRGP>58,930000</PRGP>
    <ROSN>41,000000</ROSN>
    <SLOV>41,000000</SLOV>
    <SVIZ>41,000000</SVIZ>
    <BSP>41,000000</BSP>
    <MALT>58,930000</MALT>
    <XAUS>41,000000</XAUS>
    <XFRA>41,000000</XFRA>
  </Prezzi>
  <Prezzi>
    <Data>20150910</Data>
    <Mercato>MGP</Mercato>
    <Ora>4</Ora>
    <PUN>41,837100</PUN>
    <NAT>41,000000</NAT>
    <CNOR>40,990000</CNOR>
    <CSUD>40,990000</CSUD>
    <NORD>40,990000</NORD>
    <SARD>40,990000</SARD>
    <SICI>57,990000</SICI>
    <SUD>40,990000</SUD>
    <AUST>40,990000</AUST>
    <BRNN>40,990000</BRNN>
    <COAC>40,990000</COAC>
    <CORS>40,990000</CORS>
    <FOGN>40,990000</FOGN>
    <FRAN>40,990000</FRAN>
    <GREC>40,990000</GREC>
    <MFTV>40,990000</MFTV>
    <PRGP>57,990000</PRGP>
    <ROSN>40,990000</ROSN>
    <SLOV>40,990000</SLOV>
    <SVIZ>40,990000</SVIZ>
    <BSP>40,990000</BSP>
    <MALT>57,990000</MALT>
    <XAUS>40,990000</XAUS>
    <XFRA>40,990000</XFRA>
  </Prezzi>
  <Prezzi>
    <Data>20150910</Data>
    <Mercato>MGP</Mercato>
    <Ora>5</Ora>
    <PUN>41,823670</PUN>
    <NAT>41,000000</NAT>
    <CNOR>40,990000</CNOR>
    <CSUD>40,990000</CSUD>
    <NORD>40,990000</NORD>
    <SARD>40,990000</SARD>
    <SICI>57,990000</SICI>
    <SUD>40,990000</SUD>
    <AUST>40,990000</AUST>
    <BRNN>40,990000</BRNN>
    <COAC>40,990000</COAC>
    <CORS>40,990000</CORS>
    <FOGN>40,990000</FOGN>
    <FRAN>40,990000</FRAN>
    <GREC>40,990000</GREC>
    <MFTV>40,990000</MFTV>
    <PRGP>57,990000</PRGP>
    <ROSN>40,990000</ROSN>
    <SLOV>40,990000</SLOV>
    <SVIZ>40,990000</SVIZ>
    <BSP>40,990000</BSP>
    <MALT>57,990000</MALT>
    <XAUS>40,990000</XAUS>
    <XFRA>40,990000</XFRA>
  </Prezzi>
  <Prezzi>
    <Data>20150910</Data>
    <Mercato>MGP</Mercato>
    <Ora>6</Ora>
    <PUN>43,778690</PUN>
    <NAT>43,500000</NAT>
    <CNOR>43,000000</CNOR>
    <CSUD>43,000000</CSUD>
    <NORD>43,000000</NORD>
    <SARD>43,000000</SARD>
    <SICI>58,930000</SICI>
    <SUD>43,000000</SUD>
    <AUST>43,000000</AUST>
    <BRNN>43,000000</BRNN>
    <COAC>43,000000</COAC>
    <CORS>43,000000</CORS>
    <FOGN>43,000000</FOGN>
    <FRAN>43,000000</FRAN>
    <GREC>43,000000</GREC>
    <MFTV>43,000000</MFTV>
    <PRGP>58,930000</PRGP>
    <ROSN>43,000000</ROSN>
    <SLOV>43,000000</SLOV>
    <SVIZ>43,000000</SVIZ>
    <BSP>43,000000</BSP>
    <MALT>58,930000</MALT>
    <XAUS>43,000000</XAUS>
    <XFRA>43,000000</XFRA>
  </Prezzi>
  <Prezzi>
    <Data>20150910</Data>
    <Mercato>MGP</Mercato>
    <Ora>7</Ora>
    <PUN>48,541790</PUN>
    <NAT>49,060000</NAT>
    <CNOR>48,000000</CNOR>
    <CSUD>48,000000</CSUD>
    <NORD>48,000000</NORD>
    <SARD>48,000000</SARD>
    <SICI>58,930000</SICI>
    <SUD>48,000000</SUD>
    <AUST>48,000000</AUST>
    <BRNN>48,000000</BRNN>
    <COAC>48,000000</COAC>
    <CORS>48,000000</CORS>
    <FOGN>48,000000</FOGN>
    <FRAN>48,000000</FRAN>
    <GREC>48,000000</GREC>
    <MFTV>48,000000</MFTV>
    <PRGP>58,930000</PRGP>
    <ROSN>48,000000</ROSN>
    <SLOV>48,000000</SLOV>
    <SVIZ>48,000000</SVIZ>
    <BSP>48,000000</BSP>
    <MALT>58,930000</MALT>
    <XAUS>48,000000</XAUS>
    <XFRA>48,000000</XFRA>
  </Prezzi>
  <Prezzi>
    <Data>20150910</Data>
    <Mercato>MGP</Mercato>
    <Ora>8</Ora>
    <PUN>52,662530</PUN>
    <NAT>51,500000</NAT>
    <CNOR>52,850000</CNOR>
    <CSUD>50,820000</CSUD>
    <NORD>52,850000</NORD>
    <SARD>52,850000</SARD>
    <SICI>59,150000</SICI>
    <SUD>50,820000</SUD>
    <AUST>52,850000</AUST>
    <BRNN>50,820000</BRNN>
    <COAC>52,850000</COAC>
    <CORS>52,850000</CORS>
    <FOGN>50,820000</FOGN>
    <FRAN>52,850000</FRAN>
    <GREC>50,820000</GREC>
    <MFTV>52,850000</MFTV>
    <PRGP>59,150000</PRGP>
    <ROSN>50,820000</ROSN>
    <SLOV>52,850000</SLOV>
    <SVIZ>52,850000</SVIZ>
    <BSP>52,850000</BSP>
    <MALT>59,150000</MALT>
    <XAUS>52,850000</XAUS>
    <XFRA>52,850000</XFRA>
  </Prezzi>
  <Prezzi>
    <Data>20150910</Data>
    <Mercato>MGP</Mercato>
    <Ora>9</Ora>
    <PUN>57,242980</PUN>
    <NAT>56,190000</NAT>
    <CNOR>57,990000</CNOR>
    <CSUD>57,990000</CSUD>
    <NORD>57,990000</NORD>
    <SARD>57,990000</SARD>
    <SICI>60,400000</SICI>
    <SUD>49,030000</SUD>
    <AUST>57,990000</AUST>
    <BRNN>49,030000</BRNN>
    <COAC>57,990000</COAC>
    <CORS>57,990000</CORS>
    <FOGN>49,030000</FOGN>
    <FRAN>57,990000</FRAN>
    <GREC>49,030000</GREC>
    <MFTV>57,990000</MFTV>
    <PRGP>60,400000</PRGP>
    <ROSN>49,030000</ROSN>
    <SLOV>57,990000</SLOV>
    <SVIZ>57,990000</SVIZ>
    <BSP>57,990000</BSP>
    <MALT>60,400000</MALT>
    <XAUS>57,990000</XAUS>
    <XFRA>57,990000</XFRA>
  </Prezzi>
  <Prezzi>
    <Data>20150910</Data>
    <Mercato>MGP</Mercato>
    <Ora>10</Ora>
    <PUN>55,477020</PUN>
    <NAT>55,520000</NAT>
    <CNOR>55,990000</CNOR>
    <CSUD>55,990000</CSUD>
    <NORD>55,990000</NORD>
    <SARD>55,990000</SARD>
    <SICI>59,150000</SICI>
    <SUD>49,040000</SUD>
    <AUST>55,990000</AUST>
    <BRNN>49,040000</BRNN>
    <COAC>55,990000</COAC>
    <CORS>55,990000</CORS>
    <FOGN>49,040000</FOGN>
    <FRAN>55,990000</FRAN>
    <GREC>49,040000</GREC>
    <MFTV>55,990000</MFTV>
    <PRGP>59,150000</PRGP>
    <ROSN>49,040000</ROSN>
    <SLOV>55,990000</SLOV>
    <SVIZ>55,990000</SVIZ>
    <BSP>55,990000</BSP>
    <MALT>59,150000</MALT>
    <XAUS>55,990000</XAUS>
    <XFRA>55,990000</XFRA>
  </Prezzi>
  <Prezzi>
    <Data>20150910</Data>
    <Mercato>MGP</Mercato>
    <Ora>11</Ora>
    <PUN>51,116020</PUN>
    <NAT>50,000000</NAT>
    <CNOR>51,470000</CNOR>
    <CSUD>51,470000</CSUD>
    <NORD>51,470000</NORD>
    <SARD>51,470000</SARD>
    <SICI>59,150000</SICI>
    <SUD>44,040000</SUD>
    <AUST>51,470000</AUST>
    <BRNN>44,040000</BRNN>
    <COAC>51,470000</COAC>
    <CORS>51,470000</CORS>
    <FOGN>44,040000</FOGN>
    <FRAN>51,470000</FRAN>
    <GREC>44,040000</GREC>
    <MFTV>51,470000</MFTV>
    <PRGP>59,150000</PRGP>
    <ROSN>44,040000</ROSN>
    <SLOV>51,470000</SLOV>
    <SVIZ>51,470000</SVIZ>
    <BSP>51,470000</BSP>
    <MALT>59,150000</MALT>
    <XAUS>51,470000</XAUS>
    <XFRA>51,470000</XFRA>
  </Prezzi>
  <Prezzi>
    <Data>20150910</Data>
    <Mercato>MGP</Mercato>
    <Ora>12</Ora>
    <PUN>53,206960</PUN>
    <NAT>50,460000</NAT>
    <CNOR>49,010000</CNOR>
    <CSUD>49,010000</CSUD>
    <NORD>56,430000</NORD>
    <SARD>49,010000</SARD>
    <SICI>58,930000</SICI>
    <SUD>42,570000</SUD>
    <AUST>56,430000</AUST>
    <BRNN>42,570000</BRNN>
    <COAC>49,010000</COAC>
    <CORS>49,010000</CORS>
    <FOGN>42,570000</FOGN>
    <FRAN>56,430000</FRAN>
    <GREC>42,570000</GREC>
    <MFTV>56,430000</MFTV>
    <PRGP>58,930000</PRGP>
    <ROSN>42,570000</ROSN>
    <SLOV>56,430000</SLOV>
    <SVIZ>56,430000</SVIZ>
    <BSP>56,430000</BSP>
    <MALT>58,930000</MALT>
    <XAUS>56,430000</XAUS>
    <XFRA>56,430000</XFRA>
  </Prezzi>
  <Prezzi>
    <Data>20150910</Data>
    <Mercato>MGP</Mercato>
    <Ora>13</Ora>
    <PUN>46,942610</PUN>
    <NAT>46,840000</NAT>
    <CNOR>46,300000</CNOR>
    <CSUD>46,300000</CSUD>
    <NORD>46,300000</NORD>
    <SARD>46,300000</SARD>
    <SICI>58,930000</SICI>
    <SUD>46,300000</SUD>
    <AUST>46,300000</AUST>
    <BRNN>46,300000</BRNN>
    <COAC>46,300000</COAC>
    <CORS>46,300000</CORS>
    <FOGN>46,300000</FOGN>
    <FRAN>46,300000</FRAN>
    <GREC>46,300000</GREC>
    <MFTV>46,300000</MFTV>
    <PRGP>58,930000</PRGP>
    <ROSN>46,300000</ROSN>
    <SLOV>46,300000</SLOV>
    <SVIZ>46,300000</SVIZ>
    <BSP>46,300000</BSP>
    <MALT>58,930000</MALT>
    <XAUS>46,300000</XAUS>
    <XFRA>46,300000</XFRA>
  </Prezzi>
  <Prezzi>
    <Data>20150910</Data>
    <Mercato>MGP</Mercato>
    <Ora>14</Ora>
    <PUN>45,312070</PUN>
    <NAT>45,140000</NAT>
    <CNOR>44,930000</CNOR>
    <CSUD>44,930000</CSUD>
    <NORD>45,240000</NORD>
    <SARD>44,930000</SARD>
    <SICI>49,010000</SICI>
    <SUD>44,930000</SUD>
    <AUST>45,240000</AUST>
    <BRNN>44,930000</BRNN>
    <COAC>44,930000</COAC>
    <CORS>44,930000</CORS>
    <FOGN>44,930000</FOGN>
    <FRAN>45,240000</FRAN>
    <GREC>44,930000</GREC>
    <MFTV>45,240000</MFTV>
    <PRGP>49,010000</PRGP>
    <ROSN>44,930000</ROSN>
    <SLOV>45,240000</SLOV>
    <SVIZ>45,240000</SVIZ>
    <BSP>45,240000</BSP>
    <MALT>49,010000</MALT>
    <XAUS>45,240000</XAUS>
    <XFRA>45,240000</XFRA>
  </Prezzi>
  <Prezzi>
    <Data>20150910</Data>
    <Mercato>MGP</Mercato>
    <Ora>15</Ora>
    <PUN>48,934030</PUN>
    <NAT>47,410000</NAT>
    <CNOR>49,770000</CNOR>
    <CSUD>49,770000</CSUD>
    <NORD>49,770000</NORD>
    <SARD>49,770000</SARD>
    <SICI>44,080000</SICI>
    <SUD>44,080000</SUD>
    <AUST>49,770000</AUST>
    <BRNN>44,080000</BRNN>
    <COAC>49,770000</COAC>
    <CORS>49,770000</CORS>
    <FOGN>44,080000</FOGN>
    <FRAN>49,770000</FRAN>
    <GREC>44,080000</GREC>
    <MFTV>49,770000</MFTV>
    <PRGP>44,080000</PRGP>
    <ROSN>44,080000</ROSN>
    <SLOV>49,770000</SLOV>
    <SVIZ>49,770000</SVIZ>
    <BSP>49,770000</BSP>
    <MALT>44,080000</MALT>
    <XAUS>49,770000</XAUS>
    <XFRA>49,770000</XFRA>
  </Prezzi>
  <Prezzi>
    <Data>20150910</Data>
    <Mercato>MGP</Mercato>
    <Ora>16</Ora>
    <PUN>49,769020</PUN>
    <NAT>49,150000</NAT>
    <CNOR>50,000000</CNOR>
    <CSUD>50,000000</CSUD>
    <NORD>50,000000</NORD>
    <SARD>50,000000</SARD>
    <SICI>56,990000</SICI>
    <SUD>44,080000</SUD>
    <AUST>50,000000</AUST>
    <BRNN>44,080000</BRNN>
    <COAC>50,000000</COAC>
    <CORS>50,000000</CORS>
    <FOGN>44,080000</FOGN>
    <FRAN>50,000000</FRAN>
    <GREC>44,080000</GREC>
    <MFTV>50,000000</MFTV>
    <PRGP>56,990000</PRGP>
    <ROSN>44,080000</ROSN>
    <SLOV>50,000000</SLOV>
    <SVIZ>50,000000</SVIZ>
    <BSP>50,000000</BSP>
    <MALT>56,990000</MALT>
    <XAUS>50,000000</XAUS>
    <XFRA>50,000000</XFRA>
  </Prezzi>
  <Prezzi>
    <Data>20150910</Data>
    <Mercato>MGP</Mercato>
    <Ora>17</Ora>
    <PUN>54,617840</PUN>
    <NAT>53,000000</NAT>
    <CNOR>54,990000</CNOR>
    <CSUD>54,990000</CSUD>
    <NORD>54,990000</NORD>
    <SARD>54,990000</SARD>
    <SICI>58,930000</SICI>
    <SUD>49,060000</SUD>
    <AUST>54,990000</AUST>
    <BRNN>49,060000</BRNN>
    <COAC>54,990000</COAC>
    <CORS>54,990000</CORS>
    <FOGN>49,060000</FOGN>
    <FRAN>54,990000</FRAN>
    <GREC>49,060000</GREC>
    <MFTV>54,990000</MFTV>
    <PRGP>58,930000</PRGP>
    <ROSN>49,060000</ROSN>
    <SLOV>54,990000</SLOV>
    <SVIZ>54,990000</SVIZ>
    <BSP>54,990000</BSP>
    <MALT>58,930000</MALT>
    <XAUS>54,990000</XAUS>
    <XFRA>54,990000</XFRA>
  </Prezzi>
  <Prezzi>
    <Data>20150910</Data>
    <Mercato>MGP</Mercato>
    <Ora>18</Ora>
    <PUN>52,552730</PUN>
    <NAT>54,490000</NAT>
    <CNOR>52,170000</CNOR>
    <CSUD>52,170000</CSUD>
    <NORD>52,170000</NORD>
    <SARD>52,170000</SARD>
    <SICI>59,150000</SICI>
    <SUD>52,170000</SUD>
    <AUST>52,170000</AUST>
    <BRNN>52,170000</BRNN>
    <COAC>52,170000</COAC>
    <CORS>52,170000</CORS>
    <FOGN>52,170000</FOGN>
    <FRAN>52,170000</FRAN>
    <GREC>52,170000</GREC>
    <MFTV>52,170000</MFTV>
    <PRGP>59,150000</PRGP>
    <ROSN>52,170000</ROSN>
    <SLOV>52,170000</SLOV>
    <SVIZ>52,170000</SVIZ>
    <BSP>52,170000</BSP>
    <MALT>59,150000</MALT>
    <XAUS>52,170000</XAUS>
    <XFRA>52,170000</XFRA>
  </Prezzi>
  <Prezzi>
    <Data>20150910</Data>
    <Mercato>MGP</Mercato>
    <Ora>19</Ora>
    <PUN>53,984220</PUN>
    <NAT>55,120000</NAT>
    <CNOR>53,560000</CNOR>
    <CSUD>53,560000</CSUD>
    <NORD>53,560000</NORD>
    <SARD>53,560000</SARD>
    <SICI>60,830000</SICI>
    <SUD>53,560000</SUD>
    <AUST>53,560000</AUST>
    <BRNN>53,560000</BRNN>
    <COAC>53,560000</COAC>
    <CORS>53,560000</CORS>
    <FOGN>53,560000</FOGN>
    <FRAN>53,560000</FRAN>
    <GREC>53,560000</GREC>
    <MFTV>53,560000</MFTV>
    <PRGP>60,830000</PRGP>
    <ROSN>53,560000</ROSN>
    <SLOV>53,560000</SLOV>
    <SVIZ>53,560000</SVIZ>
    <BSP>53,560000</BSP>
    <MALT>60,830000</MALT>
    <XAUS>53,560000</XAUS>
    <XFRA>53,560000</XFRA>
  </Prezzi>
  <Prezzi>
    <Data>20150910</Data>
    <Mercato>MGP</Mercato>
    <Ora>20</Ora>
    <PUN>58,146020</PUN>
    <NAT>58,990000</NAT>
    <CNOR>57,980000</CNOR>
    <CSUD>57,980000</CSUD>
    <NORD>57,980000</NORD>
    <SARD>57,980000</SARD>
    <SICI>60,830000</SICI>
    <SUD>57,980000</SUD>
    <AUST>57,980000</AUST>
    <BRNN>57,980000</BRNN>
    <COAC>57,980000</COAC>
    <CORS>57,980000</CORS>
    <FOGN>57,980000</FOGN>
    <FRAN>57,980000</FRAN>
    <GREC>57,980000</GREC>
    <MFTV>57,980000</MFTV>
    <PRGP>60,830000</PRGP>
    <ROSN>56,380000</ROSN>
    <SLOV>57,980000</SLOV>
    <SVIZ>57,980000</SVIZ>
    <BSP>57,980000</BSP>
    <MALT>60,830000</MALT>
    <XAUS>57,980000</XAUS>
    <XFRA>57,980000</XFRA>
  </Prezzi>
  <Prezzi>
    <Data>20150910</Data>
    <Mercato>MGP</Mercato>
    <Ora>21</Ora>
    <PUN>61,432520</PUN>
    <NAT>61,010000</NAT>
    <CNOR>61,470000</CNOR>
    <CSUD>61,470000</CSUD>
    <NORD>61,470000</NORD>
    <SARD>61,470000</SARD>
    <SICI>60,830000</SICI>
    <SUD>61,470000</SUD>
    <AUST>61,470000</AUST>
    <BRNN>61,470000</BRNN>
    <COAC>61,470000</COAC>
    <CORS>61,470000</CORS>
    <FOGN>61,470000</FOGN>
    <FRAN>61,470000</FRAN>
    <GREC>61,470000</GREC>
    <MFTV>61,470000</MFTV>
    <PRGP>60,830000</PRGP>
    <ROSN>56,380000</ROSN>
    <SLOV>61,470000</SLOV>
    <SVIZ>61,470000</SVIZ>
    <BSP>61,470000</BSP>
    <MALT>60,830000</MALT>
    <XAUS>61,470000</XAUS>
    <XFRA>61,470000</XFRA>
  </Prezzi>
  <Prezzi>
    <Data>20150910</Data>
    <Mercato>MGP</Mercato>
    <Ora>22</Ora>
    <PUN>54,961550</PUN>
    <NAT>56,030000</NAT>
    <CNOR>54,590000</CNOR>
    <CSUD>54,590000</CSUD>
    <NORD>54,590000</NORD>
    <SARD>54,590000</SARD>
    <SICI>60,830000</SICI>
    <SUD>54,590000</SUD>
    <AUST>54,590000</AUST>
    <BRNN>54,590000</BRNN>
    <COAC>54,590000</COAC>
    <CORS>54,590000</CORS>
    <FOGN>54,590000</FOGN>
    <FRAN>54,590000</FRAN>
    <GREC>54,590000</GREC>
    <MFTV>54,590000</MFTV>
    <PRGP>60,830000</PRGP>
    <ROSN>54,590000</ROSN>
    <SLOV>54,590000</SLOV>
    <SVIZ>54,590000</SVIZ>
    <BSP>54,590000</BSP>
    <MALT>60,830000</MALT>
    <XAUS>54,590000</XAUS>
    <XFRA>54,590000</XFRA>
  </Prezzi>
  <Prezzi>
    <Data>20150910</Data>
    <Mercato>MGP</Mercato>
    <Ora>23</Ora>
    <PUN>50,258240</PUN>
    <NAT>51,670000</NAT>
    <CNOR>49,580000</CNOR>
    <CSUD>49,580000</CSUD>
    <NORD>49,580000</NORD>
    <SARD>49,580000</SARD>
    <SICI>60,830000</SICI>
    <SUD>49,580000</SUD>
    <AUST>49,580000</AUST>
    <BRNN>49,580000</BRNN>
    <COAC>49,580000</COAC>
    <CORS>49,580000</CORS>
    <FOGN>49,580000</FOGN>
    <FRAN>49,580000</FRAN>
    <GREC>49,580000</GREC>
    <MFTV>49,580000</MFTV>
    <PRGP>60,830000</PRGP>
    <ROSN>49,580000</ROSN>
    <SLOV>49,580000</SLOV>
    <SVIZ>49,580000</SVIZ>
    <BSP>49,580000</BSP>
    <MALT>60,830000</MALT>
    <XAUS>49,580000</XAUS>
    <XFRA>49,580000</XFRA>
  </Prezzi>
  <Prezzi>
    <Data>20150910</Data>
    <Mercato>MGP</Mercato>
    <Ora>24</Ora>
    <PUN>47,050000</PUN>
    <NAT>46,670000</NAT>
    <CNOR>46,336470</CNOR>
    <CSUD>46,336470</CSUD>
    <NORD>46,336470</NORD>
    <SARD>46,336470</SARD>
    <SICI>59,150000</SICI>
    <SUD>46,336470</SUD>
    <AUST>46,336470</AUST>
    <BRNN>46,336470</BRNN>
    <COAC>46,336470</COAC>
    <CORS>46,336470</CORS>
    <FOGN>46,336470</FOGN>
    <FRAN>46,336470</FRAN>
    <GREC>46,336470</GREC>
    <MFTV>46,336470</MFTV>
    <PRGP>59,150000</PRGP>
    <ROSN>46,336470</ROSN>
    <SLOV>46,336470</SLOV>
    <SVIZ>46,336470</SVIZ>
    <BSP>46,336470</BSP>
    <MALT>59,150000</MALT>
    <XAUS>46,336470</XAUS>
    <XFRA>46,336470</XFRA>
  </Prezzi>
</NewDataSet>