<?xml version="1.0" standalone="yes"?>
<NewDataSet>
  <xs:schema id="NewDataSet" xmlns="" xmlns:xs="http://www.w3.org/2001/XMLSchema" xmlns:msdata="urn:schemas-microsoft-com:xml-msdata">
    <xs:element name="NewDataSet" msdata:IsDataSet="true" msdata:UseCurrentLocale="true">
      <xs:complexType>
        <xs:choice minOccurs="0" maxOccurs="unbounded">
          <xs:element name="Prezzi">
            <xs:complexType>
              <xs:sequence>
                <xs:element name="Data" type="xs:string" minOccurs="0" />
                <xs:element name="Mercato" type="xs:string" minOccurs="0" />
                <xs:element name="Ora" type="xs:string" minOccurs="0" />
                <xs:element name="PUN" type="xs:string" minOccurs="0" />
                <xs:element name="NAT" type="xs:string" minOccurs="0" />
                <xs:element name="CNOR" type="xs:string" minOccurs="0" />
                <xs:element name="CSUD" type="xs:string" minOccurs="0" />
                <xs:element name="NORD" type="xs:string" minOccurs="0" />
                <xs:element name="SARD" type="xs:string" minOccurs="0" />
                <xs:element name="SICI" type="xs:string" minOccurs="0" />
                <xs:element name="SUD" type="xs:string" minOccurs="0" />
                <xs:element name="AUST" type="xs:string" minOccurs="0" />
                <xs:element name="BRNN" type="xs:string" minOccurs="0" />
                <xs:element name="COAC" type="xs:string" minOccurs="0" />
                <xs:element name="CORS" type="xs:string" minOccurs="0" />
                <xs:element name="FOGN" type="xs:string" minOccurs="0" />
                <xs:element name="FRAN" type="xs:string" minOccurs="0" />
                <xs:element name="GREC" type="xs:string" minOccurs="0" />
                <xs:element name="MFTV" type="xs:string" minOccurs="0" />
                <xs:element name="PRGP" type="xs:string" minOccurs="0" />
                <xs:element name="ROSN" type="xs:string" minOccurs="0" />
                <xs:element name="SLOV" type="xs:string" minOccurs="0" />
                <xs:element name="SVIZ" type="xs:string" minOccurs="0" />
                <xs:element name="BSP" type="xs:string" minOccurs="0" />
                <xs:element name="MALT" type="xs:string" minOccurs="0" />
                <xs:element name="XAUS" type="xs:string" minOccurs="0" />
                <xs:element name="XFRA" type="xs:string" minOccurs="0" />
              </xs:sequence>
            </xs:complexType>
          </xs:element>
        </xs:choice>
      </xs:complexType>
    </xs:element>
  </xs:schema>
  <Prezzi>
    <Data>20150929</Data>
    <Mercato>MGP</Mercato>
    <Ora>1</Ora>
    <PUN>41,045010</PUN>
    <NAT>40,380000</NAT>
    <CNOR>40,252230</CNOR>
    <CSUD>40,252230</CSUD>
    <NORD>40,252230</NORD>
    <SARD>40,252230</SARD>
    <SICI>55,990000</SICI>
    <SUD>40,252230</SUD>
    <AUST>40,252230</AUST>
    <BRNN>40,252230</BRNN>
    <COAC>40,252230</COAC>
    <CORS>3000,000000</CORS>
    <FOGN>40,252230</FOGN>
    <FRAN>40,252230</FRAN>
    <GREC>40,252230</GREC>
    <MFTV>40,252230</MFTV>
    <PRGP>55,990000</PRGP>
    <ROSN>40,252230</ROSN>
    <SLOV>40,252230</SLOV>
    <SVIZ>40,252230</SVIZ>
    <BSP>40,252230</BSP>
    <MALT>55,990000</MALT>
    <XAUS>40,252230</XAUS>
    <XFRA>40,252230</XFRA>
  </Prezzi>
  <Prezzi>
    <Data>20150929</Data>
    <Mercato>MGP</Mercato>
    <Ora>2</Ora>
    <PUN>36,106580</PUN>
    <NAT>36,700000</NAT>
    <CNOR>36,010000</CNOR>
    <CSUD>36,010000</CSUD>
    <NORD>36,010000</NORD>
    <SARD>36,010000</SARD>
    <SICI>37,990000</SICI>
    <SUD>36,010000</SUD>
    <AUST>36,010000</AUST>
    <BRNN>36,010000</BRNN>
    <COAC>36,010000</COAC>
    <CORS>3000,000000</CORS>
    <FOGN>36,010000</FOGN>
    <FRAN>36,010000</FRAN>
    <GREC>36,010000</GREC>
    <MFTV>36,010000</MFTV>
    <PRGP>37,990000</PRGP>
    <ROSN>36,010000</ROSN>
    <SLOV>36,010000</SLOV>
    <SVIZ>36,010000</SVIZ>
    <BSP>36,010000</BSP>
    <MALT>37,990000</MALT>
    <XAUS>36,010000</XAUS>
    <XFRA>36,010000</XFRA>
  </Prezzi>
  <Prezzi>
    <Data>20150929</Data>
    <Mercato>MGP</Mercato>
    <Ora>3</Ora>
    <PUN>34,600540</PUN>
    <NAT>35,000000</NAT>
    <CNOR>34,030000</CNOR>
    <CSUD>34,030000</CSUD>
    <NORD>34,030000</NORD>
    <SARD>34,030000</SARD>
    <SICI>46,000000</SICI>
    <SUD>34,030000</SUD>
    <AUST>34,030000</AUST>
    <BRNN>34,030000</BRNN>
    <COAC>34,030000</COAC>
    <CORS>3000,000000</CORS>
    <FOGN>34,030000</FOGN>
    <FRAN>34,030000</FRAN>
    <GREC>34,030000</GREC>
    <MFTV>34,030000</MFTV>
    <PRGP>46,000000</PRGP>
    <ROSN>34,030000</ROSN>
    <SLOV>34,030000</SLOV>
    <SVIZ>34,030000</SVIZ>
    <BSP>34,030000</BSP>
    <MALT>46,000000</MALT>
    <XAUS>34,030000</XAUS>
    <XFRA>34,030000</XFRA>
  </Prezzi>
  <Prezzi>
    <Data>20150929</Data>
    <Mercato>MGP</Mercato>
    <Ora>4</Ora>
    <PUN>34,200380</PUN>
    <NAT>34,890000</NAT>
    <CNOR>34,010000</CNOR>
    <CSUD>34,010000</CSUD>
    <NORD>34,010000</NORD>
    <SARD>34,010000</SARD>
    <SICI>37,990000</SICI>
    <SUD>34,010000</SUD>
    <AUST>34,010000</AUST>
    <BRNN>34,010000</BRNN>
    <COAC>34,010000</COAC>
    <CORS>3000,000000</CORS>
    <FOGN>34,010000</FOGN>
    <FRAN>34,010000</FRAN>
    <GREC>34,010000</GREC>
    <MFTV>34,010000</MFTV>
    <PRGP>37,990000</PRGP>
    <ROSN>34,010000</ROSN>
    <SLOV>34,010000</SLOV>
    <SVIZ>34,010000</SVIZ>
    <BSP>34,010000</BSP>
    <MALT>37,990000</MALT>
    <XAUS>34,010000</XAUS>
    <XFRA>34,010000</XFRA>
  </Prezzi>
  <Prezzi>
    <Data>20150929</Data>
    <Mercato>MGP</Mercato>
    <Ora>5</Ora>
    <PUN>34,647100</PUN>
    <NAT>34,770000</NAT>
    <CNOR>34,480000</CNOR>
    <CSUD>34,480000</CSUD>
    <NORD>34,480000</NORD>
    <SARD>34,480000</SARD>
    <SICI>37,990000</SICI>
    <SUD>34,480000</SUD>
    <AUST>34,480000</AUST>
    <BRNN>34,480000</BRNN>
    <COAC>34,480000</COAC>
    <CORS>3000,000000</CORS>
    <FOGN>34,480000</FOGN>
    <FRAN>34,480000</FRAN>
    <GREC>34,480000</GREC>
    <MFTV>34,480000</MFTV>
    <PRGP>37,990000</PRGP>
    <ROSN>34,480000</ROSN>
    <SLOV>34,480000</SLOV>
    <SVIZ>34,480000</SVIZ>
    <BSP>34,480000</BSP>
    <MALT>37,990000</MALT>
    <XAUS>34,480000</XAUS>
    <XFRA>34,480000</XFRA>
  </Prezzi>
  <Prezzi>
    <Data>20150929</Data>
    <Mercato>MGP</Mercato>
    <Ora>6</Ora>
    <PUN>37,950000</PUN>
    <NAT>37,950000</NAT>
    <CNOR>37,950000</CNOR>
    <CSUD>37,950000</CSUD>
    <NORD>37,950000</NORD>
    <SARD>37,950000</SARD>
    <SICI>37,950000</SICI>
    <SUD>37,950000</SUD>
    <AUST>37,950000</AUST>
    <BRNN>37,950000</BRNN>
    <COAC>37,950000</COAC>
    <CORS>3000,000000</CORS>
    <FOGN>37,950000</FOGN>
    <FRAN>37,950000</FRAN>
    <GREC>37,950000</GREC>
    <MFTV>37,950000</MFTV>
    <PRGP>37,950000</PRGP>
    <ROSN>37,950000</ROSN>
    <SLOV>37,950000</SLOV>
    <SVIZ>37,950000</SVIZ>
    <BSP>37,950000</BSP>
    <MALT>37,950000</MALT>
    <XAUS>37,950000</XAUS>
    <XFRA>37,950000</XFRA>
  </Prezzi>
  <Prezzi>
    <Data>20150929</Data>
    <Mercato>MGP</Mercato>
    <Ora>7</Ora>
    <PUN>48,540000</PUN>
    <NAT>48,540000</NAT>
    <CNOR>48,540000</CNOR>
    <CSUD>48,540000</CSUD>
    <NORD>48,540000</NORD>
    <SARD>48,540000</SARD>
    <SICI>48,540000</SICI>
    <SUD>48,540000</SUD>
    <AUST>48,540000</AUST>
    <BRNN>48,540000</BRNN>
    <COAC>48,540000</COAC>
    <CORS>3000,000000</CORS>
    <FOGN>48,540000</FOGN>
    <FRAN>48,540000</FRAN>
    <GREC>48,540000</GREC>
    <MFTV>48,540000</MFTV>
    <PRGP>48,540000</PRGP>
    <ROSN>48,540000</ROSN>
    <SLOV>48,540000</SLOV>
    <SVIZ>48,540000</SVIZ>
    <BSP>48,540000</BSP>
    <MALT>48,540000</MALT>
    <XAUS>48,540000</XAUS>
    <XFRA>48,540000</XFRA>
  </Prezzi>
  <Prezzi>
    <Data>20150929</Data>
    <Mercato>MGP</Mercato>
    <Ora>8</Ora>
    <PUN>53,261700</PUN>
    <NAT>54,010000</NAT>
    <CNOR>53,010000</CNOR>
    <CSUD>53,010000</CSUD>
    <NORD>53,010000</NORD>
    <SARD>53,010000</SARD>
    <SICI>58,930000</SICI>
    <SUD>53,010000</SUD>
    <AUST>53,010000</AUST>
    <BRNN>53,010000</BRNN>
    <COAC>53,010000</COAC>
    <CORS>3000,000000</CORS>
    <FOGN>53,010000</FOGN>
    <FRAN>53,010000</FRAN>
    <GREC>53,010000</GREC>
    <MFTV>53,010000</MFTV>
    <PRGP>58,930000</PRGP>
    <ROSN>53,010000</ROSN>
    <SLOV>53,010000</SLOV>
    <SVIZ>53,010000</SVIZ>
    <BSP>53,010000</BSP>
    <MALT>58,930000</MALT>
    <XAUS>53,010000</XAUS>
    <XFRA>53,010000</XFRA>
  </Prezzi>
  <Prezzi>
    <Data>20150929</Data>
    <Mercato>MGP</Mercato>
    <Ora>9</Ora>
    <PUN>59,954860</PUN>
    <NAT>58,890000</NAT>
    <CNOR>60,000000</CNOR>
    <CSUD>60,000000</CSUD>
    <NORD>60,000000</NORD>
    <SARD>60,000000</SARD>
    <SICI>58,930000</SICI>
    <SUD>60,000000</SUD>
    <AUST>60,000000</AUST>
    <BRNN>60,000000</BRNN>
    <COAC>60,000000</COAC>
    <CORS>3000,000000</CORS>
    <FOGN>60,000000</FOGN>
    <FRAN>60,000000</FRAN>
    <GREC>60,000000</GREC>
    <MFTV>60,000000</MFTV>
    <PRGP>58,930000</PRGP>
    <ROSN>51,170000</ROSN>
    <SLOV>60,000000</SLOV>
    <SVIZ>60,000000</SVIZ>
    <BSP>60,000000</BSP>
    <MALT>58,930000</MALT>
    <XAUS>60,000000</XAUS>
    <XFRA>60,000000</XFRA>
  </Prezzi>
  <Prezzi>
    <Data>20150929</Data>
    <Mercato>MGP</Mercato>
    <Ora>10</Ora>
    <PUN>56,084060</PUN>
    <NAT>54,230000</NAT>
    <CNOR>57,180000</CNOR>
    <CSUD>57,180000</CSUD>
    <NORD>57,180000</NORD>
    <SARD>57,180000</SARD>
    <SICI>56,730000</SICI>
    <SUD>46,150000</SUD>
    <AUST>57,180000</AUST>
    <BRNN>46,150000</BRNN>
    <COAC>57,180000</COAC>
    <CORS>3000,000000</CORS>
    <FOGN>46,150000</FOGN>
    <FRAN>57,180000</FRAN>
    <GREC>46,150000</GREC>
    <MFTV>57,180000</MFTV>
    <PRGP>56,730000</PRGP>
    <ROSN>46,150000</ROSN>
    <SLOV>57,180000</SLOV>
    <SVIZ>57,180000</SVIZ>
    <BSP>57,180000</BSP>
    <MALT>56,730000</MALT>
    <XAUS>57,180000</XAUS>
    <XFRA>57,180000</XFRA>
  </Prezzi>
  <Prezzi>
    <Data>20150929</Data>
    <Mercato>MGP</Mercato>
    <Ora>11</Ora>
    <PUN>49,429330</PUN>
    <NAT>48,000000</NAT>
    <CNOR>46,500000</CNOR>
    <CSUD>46,500000</CSUD>
    <NORD>51,110000</NORD>
    <SARD>46,500000</SARD>
    <SICI>51,990000</SICI>
    <SUD>45,150000</SUD>
    <AUST>51,110000</AUST>
    <BRNN>45,150000</BRNN>
    <COAC>46,500000</COAC>
    <CORS>3000,000000</CORS>
    <FOGN>45,150000</FOGN>
    <FRAN>51,110000</FRAN>
    <GREC>45,150000</GREC>
    <MFTV>51,110000</MFTV>
    <PRGP>51,990000</PRGP>
    <ROSN>45,150000</ROSN>
    <SLOV>51,110000</SLOV>
    <SVIZ>51,110000</SVIZ>
    <BSP>51,110000</BSP>
    <MALT>51,990000</MALT>
    <XAUS>51,110000</XAUS>
    <XFRA>51,110000</XFRA>
  </Prezzi>
  <Prezzi>
    <Data>20150929</Data>
    <Mercato>MGP</Mercato>
    <Ora>12</Ora>
    <PUN>47,990970</PUN>
    <NAT>45,680000</NAT>
    <CNOR>45,100000</CNOR>
    <CSUD>45,100000</CSUD>
    <NORD>49,910000</NORD>
    <SARD>45,100000</SARD>
    <SICI>45,990000</SICI>
    <SUD>44,150000</SUD>
    <AUST>49,910000</AUST>
    <BRNN>44,150000</BRNN>
    <COAC>45,100000</COAC>
    <CORS>3000,000000</CORS>
    <FOGN>44,150000</FOGN>
    <FRAN>49,910000</FRAN>
    <GREC>44,150000</GREC>
    <MFTV>49,910000</MFTV>
    <PRGP>45,990000</PRGP>
    <ROSN>44,150000</ROSN>
    <SLOV>49,910000</SLOV>
    <SVIZ>49,910000</SVIZ>
    <BSP>49,910000</BSP>
    <MALT>45,990000</MALT>
    <XAUS>49,910000</XAUS>
    <XFRA>49,910000</XFRA>
  </Prezzi>
  <Prezzi>
    <Data>20150929</Data>
    <Mercato>MGP</Mercato>
    <Ora>13</Ora>
    <PUN>44,566820</PUN>
    <NAT>44,500000</NAT>
    <CNOR>44,010000</CNOR>
    <CSUD>44,010000</CSUD>
    <NORD>45,130660</NORD>
    <SARD>44,010000</SARD>
    <SICI>45,990000</SICI>
    <SUD>42,150000</SUD>
    <AUST>45,130660</AUST>
    <BRNN>42,150000</BRNN>
    <COAC>44,010000</COAC>
    <CORS>3000,000000</CORS>
    <FOGN>42,150000</FOGN>
    <FRAN>45,130660</FRAN>
    <GREC>42,150000</GREC>
    <MFTV>45,130660</MFTV>
    <PRGP>45,990000</PRGP>
    <ROSN>42,150000</ROSN>
    <SLOV>45,130660</SLOV>
    <SVIZ>45,130660</SVIZ>
    <BSP>45,130660</BSP>
    <MALT>45,990000</MALT>
    <XAUS>45,130660</XAUS>
    <XFRA>45,130660</XFRA>
  </Prezzi>
  <Prezzi>
    <Data>20150929</Data>
    <Mercato>MGP</Mercato>
    <Ora>14</Ora>
    <PUN>44,019980</PUN>
    <NAT>43,500000</NAT>
    <CNOR>44,000000</CNOR>
    <CSUD>44,000000</CSUD>
    <NORD>44,000000</NORD>
    <SARD>44,000000</SARD>
    <SICI>48,990000</SICI>
    <SUD>42,150000</SUD>
    <AUST>44,000000</AUST>
    <BRNN>42,150000</BRNN>
    <COAC>44,000000</COAC>
    <CORS>3000,000000</CORS>
    <FOGN>42,150000</FOGN>
    <FRAN>44,000000</FRAN>
    <GREC>42,150000</GREC>
    <MFTV>44,000000</MFTV>
    <PRGP>48,990000</PRGP>
    <ROSN>42,150000</ROSN>
    <SLOV>44,000000</SLOV>
    <SVIZ>44,000000</SVIZ>
    <BSP>44,000000</BSP>
    <MALT>48,990000</MALT>
    <XAUS>44,000000</XAUS>
    <XFRA>44,000000</XFRA>
  </Prezzi>
  <Prezzi>
    <Data>20150929</Data>
    <Mercato>MGP</Mercato>
    <Ora>15</Ora>
    <PUN>45,071350</PUN>
    <NAT>45,130000</NAT>
    <CNOR>45,270000</CNOR>
    <CSUD>45,270000</CSUD>
    <NORD>45,270000</NORD>
    <SARD>45,270000</SARD>
    <SICI>45,990000</SICI>
    <SUD>42,940000</SUD>
    <AUST>45,270000</AUST>
    <BRNN>42,940000</BRNN>
    <COAC>45,270000</COAC>
    <CORS>3000,000000</CORS>
    <FOGN>42,940000</FOGN>
    <FRAN>45,270000</FRAN>
    <GREC>42,940000</GREC>
    <MFTV>45,270000</MFTV>
    <PRGP>45,990000</PRGP>
    <ROSN>42,940000</ROSN>
    <SLOV>45,270000</SLOV>
    <SVIZ>45,270000</SVIZ>
    <BSP>45,270000</BSP>
    <MALT>45,990000</MALT>
    <XAUS>45,270000</XAUS>
    <XFRA>45,270000</XFRA>
  </Prezzi>
  <Prezzi>
    <Data>20150929</Data>
    <Mercato>MGP</Mercato>
    <Ora>16</Ora>
    <PUN>48,230000</PUN>
    <NAT>46,000000</NAT>
    <CNOR>45,170000</CNOR>
    <CSUD>45,170000</CSUD>
    <NORD>49,847500</NORD>
    <SARD>45,170000</SARD>
    <SICI>49,990000</SICI>
    <SUD>45,170000</SUD>
    <AUST>49,847500</AUST>
    <BRNN>45,170000</BRNN>
    <COAC>45,170000</COAC>
    <CORS>3000,000000</CORS>
    <FOGN>45,170000</FOGN>
    <FRAN>49,847500</FRAN>
    <GREC>45,170000</GREC>
    <MFTV>49,847500</MFTV>
    <PRGP>49,990000</PRGP>
    <ROSN>45,170000</ROSN>
    <SLOV>49,847500</SLOV>
    <SVIZ>49,847500</SVIZ>
    <BSP>49,847500</BSP>
    <MALT>49,990000</MALT>
    <XAUS>49,847500</XAUS>
    <XFRA>49,847500</XFRA>
  </Prezzi>
  <Prezzi>
    <Data>20150929</Data>
    <Mercato>MGP</Mercato>
    <Ora>17</Ora>
    <PUN>51,700000</PUN>
    <NAT>51,170000</NAT>
    <CNOR>51,370860</CNOR>
    <CSUD>51,370860</CSUD>
    <NORD>51,370860</NORD>
    <SARD>51,370860</SARD>
    <SICI>58,930000</SICI>
    <SUD>51,370860</SUD>
    <AUST>51,370860</AUST>
    <BRNN>51,370860</BRNN>
    <COAC>51,370860</COAC>
    <CORS>3000,000000</CORS>
    <FOGN>51,370860</FOGN>
    <FRAN>51,370860</FRAN>
    <GREC>51,370860</GREC>
    <MFTV>51,370860</MFTV>
    <PRGP>58,930000</PRGP>
    <ROSN>49,880000</ROSN>
    <SLOV>51,370860</SLOV>
    <SVIZ>51,370860</SVIZ>
    <BSP>51,370860</BSP>
    <MALT>58,930000</MALT>
    <XAUS>51,370860</XAUS>
    <XFRA>51,370860</XFRA>
  </Prezzi>
  <Prezzi>
    <Data>20150929</Data>
    <Mercato>MGP</Mercato>
    <Ora>18</Ora>
    <PUN>52,835680</PUN>
    <NAT>52,540000</NAT>
    <CNOR>52,540000</CNOR>
    <CSUD>52,540000</CSUD>
    <NORD>52,540000</NORD>
    <SARD>52,540000</SARD>
    <SICI>58,930000</SICI>
    <SUD>52,540000</SUD>
    <AUST>52,540000</AUST>
    <BRNN>52,540000</BRNN>
    <COAC>52,540000</COAC>
    <CORS>3000,000000</CORS>
    <FOGN>52,540000</FOGN>
    <FRAN>52,540000</FRAN>
    <GREC>52,540000</GREC>
    <MFTV>52,540000</MFTV>
    <PRGP>58,930000</PRGP>
    <ROSN>0,000000</ROSN>
    <SLOV>52,540000</SLOV>
    <SVIZ>52,540000</SVIZ>
    <BSP>52,540000</BSP>
    <MALT>58,930000</MALT>
    <XAUS>52,540000</XAUS>
    <XFRA>52,540000</XFRA>
  </Prezzi>
  <Prezzi>
    <Data>20150929</Data>
    <Mercato>MGP</Mercato>
    <Ora>19</Ora>
    <PUN>53,417610</PUN>
    <NAT>54,000000</NAT>
    <CNOR>53,130000</CNOR>
    <CSUD>53,130000</CSUD>
    <NORD>53,130000</NORD>
    <SARD>53,130000</SARD>
    <SICI>59,150000</SICI>
    <SUD>53,130000</SUD>
    <AUST>53,130000</AUST>
    <BRNN>53,130000</BRNN>
    <COAC>53,130000</COAC>
    <CORS>3000,000000</CORS>
    <FOGN>53,130000</FOGN>
    <FRAN>53,130000</FRAN>
    <GREC>53,130000</GREC>
    <MFTV>53,130000</MFTV>
    <PRGP>59,150000</PRGP>
    <ROSN>53,130000</ROSN>
    <SLOV>53,130000</SLOV>
    <SVIZ>53,130000</SVIZ>
    <BSP>53,130000</BSP>
    <MALT>59,150000</MALT>
    <XAUS>53,130000</XAUS>
    <XFRA>53,130000</XFRA>
  </Prezzi>
  <Prezzi>
    <Data>20150929</Data>
    <Mercato>MGP</Mercato>
    <Ora>20</Ora>
    <PUN>59,965230</PUN>
    <NAT>60,000000</NAT>
    <CNOR>59,920000</CNOR>
    <CSUD>59,920000</CSUD>
    <NORD>59,920000</NORD>
    <SARD>59,920000</SARD>
    <SICI>60,830000</SICI>
    <SUD>59,920000</SUD>
    <AUST>59,920000</AUST>
    <BRNN>59,920000</BRNN>
    <COAC>59,920000</COAC>
    <CORS>3000,000000</CORS>
    <FOGN>59,920000</FOGN>
    <FRAN>59,920000</FRAN>
    <GREC>59,920000</GREC>
    <MFTV>59,920000</MFTV>
    <PRGP>60,830000</PRGP>
    <ROSN>59,920000</ROSN>
    <SLOV>59,920000</SLOV>
    <SVIZ>59,920000</SVIZ>
    <BSP>59,920000</BSP>
    <MALT>60,830000</MALT>
    <XAUS>59,920000</XAUS>
    <XFRA>59,920000</XFRA>
  </Prezzi>
  <Prezzi>
    <Data>20150929</Data>
    <Mercato>MGP</Mercato>
    <Ora>21</Ora>
    <PUN>55,573620</PUN>
    <NAT>58,930000</NAT>
    <CNOR>55,290000</CNOR>
    <CSUD>55,290000</CSUD>
    <NORD>55,290000</NORD>
    <SARD>55,290000</SARD>
    <SICI>60,830000</SICI>
    <SUD>55,290000</SUD>
    <AUST>55,290000</AUST>
    <BRNN>55,290000</BRNN>
    <COAC>55,290000</COAC>
    <CORS>3000,000000</CORS>
    <FOGN>55,290000</FOGN>
    <FRAN>55,290000</FRAN>
    <GREC>55,290000</GREC>
    <MFTV>55,290000</MFTV>
    <PRGP>60,830000</PRGP>
    <ROSN>55,290000</ROSN>
    <SLOV>55,290000</SLOV>
    <SVIZ>55,290000</SVIZ>
    <BSP>55,290000</BSP>
    <MALT>60,830000</MALT>
    <XAUS>55,290000</XAUS>
    <XFRA>55,290000</XFRA>
  </Prezzi>
  <Prezzi>
    <Data>20150929</Data>
    <Mercato>MGP</Mercato>
    <Ora>22</Ora>
    <PUN>50,553590</PUN>
    <NAT>51,010000</NAT>
    <CNOR>50,000000</CNOR>
    <CSUD>50,000000</CSUD>
    <NORD>50,000000</NORD>
    <SARD>50,000000</SARD>
    <SICI>60,830000</SICI>
    <SUD>50,000000</SUD>
    <AUST>50,000000</AUST>
    <BRNN>50,000000</BRNN>
    <COAC>50,000000</COAC>
    <CORS>3000,000000</CORS>
    <FOGN>50,000000</FOGN>
    <FRAN>50,000000</FRAN>
    <GREC>50,000000</GREC>
    <MFTV>50,000000</MFTV>
    <PRGP>60,830000</PRGP>
    <ROSN>50,000000</ROSN>
    <SLOV>50,000000</SLOV>
    <SVIZ>50,000000</SVIZ>
    <BSP>50,000000</BSP>
    <MALT>60,830000</MALT>
    <XAUS>50,000000</XAUS>
    <XFRA>50,000000</XFRA>
  </Prezzi>
  <Prezzi>
    <Data>20150929</Data>
    <Mercato>MGP</Mercato>
    <Ora>23</Ora>
    <PUN>45,716500</PUN>
    <NAT>45,500000</NAT>
    <CNOR>45,000000</CNOR>
    <CSUD>45,000000</CSUD>
    <NORD>45,000000</NORD>
    <SARD>45,000000</SARD>
    <SICI>59,150000</SICI>
    <SUD>45,000000</SUD>
    <AUST>45,000000</AUST>
    <BRNN>45,000000</BRNN>
    <COAC>45,000000</COAC>
    <CORS>3000,000000</CORS>
    <FOGN>45,000000</FOGN>
    <FRAN>45,000000</FRAN>
    <GREC>45,000000</GREC>
    <MFTV>45,000000</MFTV>
    <PRGP>59,150000</PRGP>
    <ROSN>45,000000</ROSN>
    <SLOV>45,000000</SLOV>
    <SVIZ>45,000000</SVIZ>
    <BSP>45,000000</BSP>
    <MALT>59,150000</MALT>
    <XAUS>45,000000</XAUS>
    <XFRA>45,000000</XFRA>
  </Prezzi>
  <Prezzi>
    <Data>20150929</Data>
    <Mercato>MGP</Mercato>
    <Ora>24</Ora>
    <PUN>42,282700</PUN>
    <NAT>42,150000</NAT>
    <CNOR>41,390000</CNOR>
    <CSUD>41,390000</CSUD>
    <NORD>41,390000</NORD>
    <SARD>41,390000</SARD>
    <SICI>58,930000</SICI>
    <SUD>41,390000</SUD>
    <AUST>41,390000</AUST>
    <BRNN>41,390000</BRNN>
    <COAC>41,390000</COAC>
    <CORS>3000,000000</CORS>
    <FOGN>41,390000</FOGN>
    <FRAN>41,390000</FRAN>
    <GREC>41,390000</GREC>
    <MFTV>41,390000</MFTV>
    <PRGP>58,930000</PRGP>
    <ROSN>41,390000</ROSN>
    <SLOV>41,390000</SLOV>
    <SVIZ>41,390000</SVIZ>
    <BSP>41,390000</BSP>
    <MALT>58,930000</MALT>
    <XAUS>41,390000</XAUS>
    <XFRA>41,390000</XFRA>
  </Prezzi>
</NewDataSet>