<?xml version="1.0" standalone="yes"?>
<NewDataSet>
  <xs:schema id="NewDataSet" xmlns="" xmlns:xs="http://www.w3.org/2001/XMLSchema" xmlns:msdata="urn:schemas-microsoft-com:xml-msdata">
    <xs:element name="NewDataSet" msdata:IsDataSet="true" msdata:UseCurrentLocale="true">
      <xs:complexType>
        <xs:choice minOccurs="0" maxOccurs="unbounded">
          <xs:element name="Prezzi">
            <xs:complexType>
              <xs:sequence>
                <xs:element name="Data" type="xs:string" minOccurs="0" />
                <xs:element name="Mercato" type="xs:string" minOccurs="0" />
                <xs:element name="Ora" type="xs:string" minOccurs="0" />
                <xs:element name="PUN" type="xs:string" minOccurs="0" />
                <xs:element name="NAT" type="xs:string" minOccurs="0" />
                <xs:element name="CNOR" type="xs:string" minOccurs="0" />
                <xs:element name="CSUD" type="xs:string" minOccurs="0" />
                <xs:element name="NORD" type="xs:string" minOccurs="0" />
                <xs:element name="SARD" type="xs:string" minOccurs="0" />
                <xs:element name="SICI" type="xs:string" minOccurs="0" />
                <xs:element name="SUD" type="xs:string" minOccurs="0" />
                <xs:element name="AUST" type="xs:string" minOccurs="0" />
                <xs:element name="BRNN" type="xs:string" minOccurs="0" />
                <xs:element name="COAC" type="xs:string" minOccurs="0" />
                <xs:element name="CORS" type="xs:string" minOccurs="0" />
                <xs:element name="FOGN" type="xs:string" minOccurs="0" />
                <xs:element name="FRAN" type="xs:string" minOccurs="0" />
                <xs:element name="GREC" type="xs:string" minOccurs="0" />
                <xs:element name="MFTV" type="xs:string" minOccurs="0" />
                <xs:element name="PRGP" type="xs:string" minOccurs="0" />
                <xs:element name="ROSN" type="xs:string" minOccurs="0" />
                <xs:element name="SLOV" type="xs:string" minOccurs="0" />
                <xs:element name="SVIZ" type="xs:string" minOccurs="0" />
                <xs:element name="BSP" type="xs:string" minOccurs="0" />
              </xs:sequence>
            </xs:complexType>
          </xs:element>
        </xs:choice>
      </xs:complexType>
    </xs:element>
  </xs:schema>
  <Prezzi>
    <Data>20141204</Data>
    <Mercato>MGP</Mercato>
    <Ora>1</Ora>
    <PUN>55,340447</PUN>
    <NAT>54,040000</NAT>
    <CNOR>55,000000</CNOR>
    <CSUD>55,000000</CSUD>
    <NORD>55,000000</NORD>
    <SARD>55,000000</SARD>
    <SICI>60,500000</SICI>
    <SUD>55,000000</SUD>
    <AUST>55,000000</AUST>
    <BRNN>55,000000</BRNN>
    <COAC>55,000000</COAC>
    <CORS>55,000000</CORS>
    <FOGN>55,000000</FOGN>
    <FRAN>55,000000</FRAN>
    <GREC>55,000000</GREC>
    <MFTV>55,000000</MFTV>
    <PRGP>60,500000</PRGP>
    <ROSN>55,000000</ROSN>
    <SLOV>55,000000</SLOV>
    <SVIZ>55,000000</SVIZ>
    <BSP>35,340000</BSP>
  </Prezzi>
  <Prezzi>
    <Data>20141204</Data>
    <Mercato>MGP</Mercato>
    <Ora>2</Ora>
    <PUN>52,427270</PUN>
    <NAT>50,320000</NAT>
    <CNOR>52,060000</CNOR>
    <CSUD>52,060000</CSUD>
    <NORD>52,060000</NORD>
    <SARD>52,060000</SARD>
    <SICI>58,260000</SICI>
    <SUD>52,060000</SUD>
    <AUST>52,060000</AUST>
    <BRNN>52,060000</BRNN>
    <COAC>52,060000</COAC>
    <CORS>52,060000</CORS>
    <FOGN>52,060000</FOGN>
    <FRAN>52,060000</FRAN>
    <GREC>52,060000</GREC>
    <MFTV>52,060000</MFTV>
    <PRGP>58,260000</PRGP>
    <ROSN>52,060000</ROSN>
    <SLOV>52,060000</SLOV>
    <SVIZ>52,060000</SVIZ>
    <BSP>33,390000</BSP>
  </Prezzi>
  <Prezzi>
    <Data>20141204</Data>
    <Mercato>MGP</Mercato>
    <Ora>3</Ora>
    <PUN>49,383856</PUN>
    <NAT>47,000000</NAT>
    <CNOR>49,000000</CNOR>
    <CSUD>49,000000</CSUD>
    <NORD>49,000000</NORD>
    <SARD>49,000000</SARD>
    <SICI>55,520000</SICI>
    <SUD>49,000000</SUD>
    <AUST>49,000000</AUST>
    <BRNN>49,000000</BRNN>
    <COAC>49,000000</COAC>
    <CORS>49,000000</CORS>
    <FOGN>49,000000</FOGN>
    <FRAN>49,000000</FRAN>
    <GREC>49,000000</GREC>
    <MFTV>49,000000</MFTV>
    <PRGP>55,520000</PRGP>
    <ROSN>49,000000</ROSN>
    <SLOV>49,000000</SLOV>
    <SVIZ>49,000000</SVIZ>
    <BSP>32,480000</BSP>
  </Prezzi>
  <Prezzi>
    <Data>20141204</Data>
    <Mercato>MGP</Mercato>
    <Ora>4</Ora>
    <PUN>44,659904</PUN>
    <NAT>42,500000</NAT>
    <CNOR>43,990000</CNOR>
    <CSUD>43,990000</CSUD>
    <NORD>43,990000</NORD>
    <SARD>43,990000</SARD>
    <SICI>55,520000</SICI>
    <SUD>43,990000</SUD>
    <AUST>43,990000</AUST>
    <BRNN>43,990000</BRNN>
    <COAC>43,990000</COAC>
    <CORS>43,990000</CORS>
    <FOGN>43,990000</FOGN>
    <FRAN>43,990000</FRAN>
    <GREC>43,990000</GREC>
    <MFTV>43,990000</MFTV>
    <PRGP>55,520000</PRGP>
    <ROSN>43,990000</ROSN>
    <SLOV>43,990000</SLOV>
    <SVIZ>43,990000</SVIZ>
    <BSP>31,830000</BSP>
  </Prezzi>
  <Prezzi>
    <Data>20141204</Data>
    <Mercato>MGP</Mercato>
    <Ora>5</Ora>
    <PUN>44,651497</PUN>
    <NAT>42,750000</NAT>
    <CNOR>44,000000</CNOR>
    <CSUD>44,000000</CSUD>
    <NORD>44,000000</NORD>
    <SARD>44,000000</SARD>
    <SICI>55,510000</SICI>
    <SUD>44,000000</SUD>
    <AUST>44,000000</AUST>
    <BRNN>44,000000</BRNN>
    <COAC>44,000000</COAC>
    <CORS>44,000000</CORS>
    <FOGN>44,000000</FOGN>
    <FRAN>44,000000</FRAN>
    <GREC>44,000000</GREC>
    <MFTV>44,000000</MFTV>
    <PRGP>55,510000</PRGP>
    <ROSN>44,000000</ROSN>
    <SLOV>44,000000</SLOV>
    <SVIZ>44,000000</SVIZ>
    <BSP>31,870000</BSP>
  </Prezzi>
  <Prezzi>
    <Data>20141204</Data>
    <Mercato>MGP</Mercato>
    <Ora>6</Ora>
    <PUN>51,166909</PUN>
    <NAT>48,000000</NAT>
    <CNOR>50,750000</CNOR>
    <CSUD>50,750000</CSUD>
    <NORD>50,750000</NORD>
    <SARD>50,750000</SARD>
    <SICI>58,240000</SICI>
    <SUD>50,750000</SUD>
    <AUST>50,750000</AUST>
    <BRNN>50,750000</BRNN>
    <COAC>50,750000</COAC>
    <CORS>50,750000</CORS>
    <FOGN>50,750000</FOGN>
    <FRAN>50,750000</FRAN>
    <GREC>50,750000</GREC>
    <MFTV>50,750000</MFTV>
    <PRGP>58,240000</PRGP>
    <ROSN>50,750000</ROSN>
    <SLOV>50,750000</SLOV>
    <SVIZ>50,750000</SVIZ>
    <BSP>36,100000</BSP>
  </Prezzi>
  <Prezzi>
    <Data>20141204</Data>
    <Mercato>MGP</Mercato>
    <Ora>7</Ora>
    <PUN>60,770000</PUN>
    <NAT>60,270000</NAT>
    <CNOR>60,770000</CNOR>
    <CSUD>60,770000</CSUD>
    <NORD>60,770000</NORD>
    <SARD>60,770000</SARD>
    <SICI>60,770000</SICI>
    <SUD>60,770000</SUD>
    <AUST>60,770000</AUST>
    <BRNN>60,770000</BRNN>
    <COAC>60,770000</COAC>
    <CORS>60,770000</CORS>
    <FOGN>60,770000</FOGN>
    <FRAN>60,770000</FRAN>
    <GREC>60,770000</GREC>
    <MFTV>60,770000</MFTV>
    <PRGP>60,770000</PRGP>
    <ROSN>60,770000</ROSN>
    <SLOV>60,770000</SLOV>
    <SVIZ>60,770000</SVIZ>
    <BSP>47,700000</BSP>
  </Prezzi>
  <Prezzi>
    <Data>20141204</Data>
    <Mercato>MGP</Mercato>
    <Ora>8</Ora>
    <PUN>72,536579</PUN>
    <NAT>69,170000</NAT>
    <CNOR>74,500000</CNOR>
    <CSUD>74,500000</CSUD>
    <NORD>69,170000</NORD>
    <SARD>74,500000</SARD>
    <SICI>95,000000</SICI>
    <SUD>74,500000</SUD>
    <AUST>69,170000</AUST>
    <BRNN>74,500000</BRNN>
    <COAC>74,500000</COAC>
    <CORS>74,500000</CORS>
    <FOGN>74,500000</FOGN>
    <FRAN>69,170000</FRAN>
    <GREC>74,500000</GREC>
    <MFTV>69,170000</MFTV>
    <PRGP>95,000000</PRGP>
    <ROSN>74,500000</ROSN>
    <SLOV>69,170000</SLOV>
    <SVIZ>69,170000</SVIZ>
    <BSP>65,000000</BSP>
  </Prezzi>
  <Prezzi>
    <Data>20141204</Data>
    <Mercato>MGP</Mercato>
    <Ora>9</Ora>
    <PUN>76,053042</PUN>
    <NAT>71,600000</NAT>
    <CNOR>80,000000</CNOR>
    <CSUD>80,000000</CSUD>
    <NORD>70,390000</NORD>
    <SARD>80,000000</SARD>
    <SICI>111,350000</SICI>
    <SUD>80,000000</SUD>
    <AUST>70,390000</AUST>
    <BRNN>80,000000</BRNN>
    <COAC>80,000000</COAC>
    <CORS>80,000000</CORS>
    <FOGN>80,000000</FOGN>
    <FRAN>70,390000</FRAN>
    <GREC>80,000000</GREC>
    <MFTV>70,390000</MFTV>
    <PRGP>111,350000</PRGP>
    <ROSN>80,000000</ROSN>
    <SLOV>70,390000</SLOV>
    <SVIZ>70,390000</SVIZ>
    <BSP>69,360000</BSP>
  </Prezzi>
  <Prezzi>
    <Data>20141204</Data>
    <Mercato>MGP</Mercato>
    <Ora>10</Ora>
    <PUN>75,854350</PUN>
    <NAT>73,290000</NAT>
    <CNOR>73,990000</CNOR>
    <CSUD>73,990000</CSUD>
    <NORD>73,990000</NORD>
    <SARD>73,990000</SARD>
    <SICI>110,430000</SICI>
    <SUD>73,990000</SUD>
    <AUST>73,990000</AUST>
    <BRNN>73,990000</BRNN>
    <COAC>73,990000</COAC>
    <CORS>73,990000</CORS>
    <FOGN>73,990000</FOGN>
    <FRAN>73,990000</FRAN>
    <GREC>73,990000</GREC>
    <MFTV>73,990000</MFTV>
    <PRGP>110,430000</PRGP>
    <ROSN>73,990000</ROSN>
    <SLOV>73,990000</SLOV>
    <SVIZ>73,990000</SVIZ>
    <BSP>71,470000</BSP>
  </Prezzi>
  <Prezzi>
    <Data>20141204</Data>
    <Mercato>MGP</Mercato>
    <Ora>11</Ora>
    <PUN>73,016278</PUN>
    <NAT>70,500000</NAT>
    <CNOR>71,000000</CNOR>
    <CSUD>71,000000</CSUD>
    <NORD>71,000000</NORD>
    <SARD>71,000000</SARD>
    <SICI>110,430000</SICI>
    <SUD>71,000000</SUD>
    <AUST>71,000000</AUST>
    <BRNN>71,000000</BRNN>
    <COAC>71,000000</COAC>
    <CORS>71,000000</CORS>
    <FOGN>71,000000</FOGN>
    <FRAN>71,000000</FRAN>
    <GREC>71,000000</GREC>
    <MFTV>71,000000</MFTV>
    <PRGP>110,430000</PRGP>
    <ROSN>71,000000</ROSN>
    <SLOV>71,000000</SLOV>
    <SVIZ>71,000000</SVIZ>
    <BSP>68,790000</BSP>
  </Prezzi>
  <Prezzi>
    <Data>20141204</Data>
    <Mercato>MGP</Mercato>
    <Ora>12</Ora>
    <PUN>71,200000</PUN>
    <NAT>70,580000</NAT>
    <CNOR>71,200000</CNOR>
    <CSUD>71,200000</CSUD>
    <NORD>71,200000</NORD>
    <SARD>71,200000</SARD>
    <SICI>71,200000</SICI>
    <SUD>71,200000</SUD>
    <AUST>71,200000</AUST>
    <BRNN>71,200000</BRNN>
    <COAC>71,200000</COAC>
    <CORS>71,200000</CORS>
    <FOGN>71,200000</FOGN>
    <FRAN>71,200000</FRAN>
    <GREC>71,200000</GREC>
    <MFTV>71,200000</MFTV>
    <PRGP>71,200000</PRGP>
    <ROSN>71,200000</ROSN>
    <SLOV>71,200000</SLOV>
    <SVIZ>71,200000</SVIZ>
    <BSP>68,920000</BSP>
  </Prezzi>
  <Prezzi>
    <Data>20141204</Data>
    <Mercato>MGP</Mercato>
    <Ora>13</Ora>
    <PUN>66,500000</PUN>
    <NAT>66,500000</NAT>
    <CNOR>66,500000</CNOR>
    <CSUD>66,500000</CSUD>
    <NORD>66,500000</NORD>
    <SARD>66,500000</SARD>
    <SICI>66,500000</SICI>
    <SUD>66,500000</SUD>
    <AUST>66,500000</AUST>
    <BRNN>66,500000</BRNN>
    <COAC>66,500000</COAC>
    <CORS>66,500000</CORS>
    <FOGN>66,500000</FOGN>
    <FRAN>66,500000</FRAN>
    <GREC>66,500000</GREC>
    <MFTV>66,500000</MFTV>
    <PRGP>66,500000</PRGP>
    <ROSN>66,500000</ROSN>
    <SLOV>66,500000</SLOV>
    <SVIZ>66,500000</SVIZ>
    <BSP>66,500000</BSP>
  </Prezzi>
  <Prezzi>
    <Data>20141204</Data>
    <Mercato>MGP</Mercato>
    <Ora>14</Ora>
    <PUN>67,440000</PUN>
    <NAT>67,400000</NAT>
    <CNOR>67,440000</CNOR>
    <CSUD>67,440000</CSUD>
    <NORD>67,440000</NORD>
    <SARD>67,440000</SARD>
    <SICI>67,440000</SICI>
    <SUD>67,440000</SUD>
    <AUST>67,440000</AUST>
    <BRNN>67,440000</BRNN>
    <COAC>67,440000</COAC>
    <CORS>67,440000</CORS>
    <FOGN>67,440000</FOGN>
    <FRAN>67,440000</FRAN>
    <GREC>67,440000</GREC>
    <MFTV>67,440000</MFTV>
    <PRGP>67,440000</PRGP>
    <ROSN>67,440000</ROSN>
    <SLOV>67,440000</SLOV>
    <SVIZ>67,440000</SVIZ>
    <BSP>67,000000</BSP>
  </Prezzi>
  <Prezzi>
    <Data>20141204</Data>
    <Mercato>MGP</Mercato>
    <Ora>15</Ora>
    <PUN>71,364690</PUN>
    <NAT>70,000000</NAT>
    <CNOR>70,840000</CNOR>
    <CSUD>70,840000</CSUD>
    <NORD>70,840000</NORD>
    <SARD>70,840000</SARD>
    <SICI>81,010000</SICI>
    <SUD>70,840000</SUD>
    <AUST>70,840000</AUST>
    <BRNN>70,840000</BRNN>
    <COAC>70,840000</COAC>
    <CORS>70,840000</CORS>
    <FOGN>70,840000</FOGN>
    <FRAN>70,840000</FRAN>
    <GREC>70,840000</GREC>
    <MFTV>70,840000</MFTV>
    <PRGP>81,010000</PRGP>
    <ROSN>70,840000</ROSN>
    <SLOV>70,840000</SLOV>
    <SVIZ>70,840000</SVIZ>
    <BSP>67,650000</BSP>
  </Prezzi>
  <Prezzi>
    <Data>20141204</Data>
    <Mercato>MGP</Mercato>
    <Ora>16</Ora>
    <PUN>69,605335</PUN>
    <NAT>68,500000</NAT>
    <CNOR>68,500000</CNOR>
    <CSUD>68,500000</CSUD>
    <NORD>68,500000</NORD>
    <SARD>68,500000</SARD>
    <SICI>90,010000</SICI>
    <SUD>68,500000</SUD>
    <AUST>68,500000</AUST>
    <BRNN>68,500000</BRNN>
    <COAC>68,500000</COAC>
    <CORS>68,500000</CORS>
    <FOGN>68,500000</FOGN>
    <FRAN>68,500000</FRAN>
    <GREC>68,500000</GREC>
    <MFTV>68,500000</MFTV>
    <PRGP>90,010000</PRGP>
    <ROSN>65,680000</ROSN>
    <SLOV>68,500000</SLOV>
    <SVIZ>68,500000</SVIZ>
    <BSP>65,870000</BSP>
  </Prezzi>
  <Prezzi>
    <Data>20141204</Data>
    <Mercato>MGP</Mercato>
    <Ora>17</Ora>
    <PUN>78,954217</PUN>
    <NAT>75,020000</NAT>
    <CNOR>79,330000</CNOR>
    <CSUD>79,330000</CSUD>
    <NORD>74,010000</NORD>
    <SARD>79,330000</SARD>
    <SICI>130,000000</SICI>
    <SUD>79,330000</SUD>
    <AUST>74,010000</AUST>
    <BRNN>79,330000</BRNN>
    <COAC>79,330000</COAC>
    <CORS>79,330000</CORS>
    <FOGN>79,330000</FOGN>
    <FRAN>74,010000</FRAN>
    <GREC>79,330000</GREC>
    <MFTV>74,010000</MFTV>
    <PRGP>130,000000</PRGP>
    <ROSN>79,330000</ROSN>
    <SLOV>74,010000</SLOV>
    <SVIZ>74,010000</SVIZ>
    <BSP>69,270000</BSP>
  </Prezzi>
  <Prezzi>
    <Data>20141204</Data>
    <Mercato>MGP</Mercato>
    <Ora>18</Ora>
    <PUN>96,536669</PUN>
    <NAT>88,000000</NAT>
    <CNOR>103,000000</CNOR>
    <CSUD>103,000000</CSUD>
    <NORD>87,000000</NORD>
    <SARD>103,000000</SARD>
    <SICI>145,000000</SICI>
    <SUD>103,000000</SUD>
    <AUST>87,000000</AUST>
    <BRNN>103,000000</BRNN>
    <COAC>103,000000</COAC>
    <CORS>103,000000</CORS>
    <FOGN>103,000000</FOGN>
    <FRAN>87,000000</FRAN>
    <GREC>103,000000</GREC>
    <MFTV>87,000000</MFTV>
    <PRGP>145,000000</PRGP>
    <ROSN>103,000000</ROSN>
    <SLOV>87,000000</SLOV>
    <SVIZ>87,000000</SVIZ>
    <BSP>82,610000</BSP>
  </Prezzi>
  <Prezzi>
    <Data>20141204</Data>
    <Mercato>MGP</Mercato>
    <Ora>19</Ora>
    <PUN>94,740000</PUN>
    <NAT>83,000000</NAT>
    <CNOR>108,041618</CNOR>
    <CSUD>108,041618</CSUD>
    <NORD>79,120000</NORD>
    <SARD>108,041618</SARD>
    <SICI>145,000000</SICI>
    <SUD>108,041618</SUD>
    <AUST>79,120000</AUST>
    <BRNN>108,041618</BRNN>
    <COAC>108,041618</COAC>
    <CORS>108,041618</CORS>
    <FOGN>108,041618</FOGN>
    <FRAN>79,120000</FRAN>
    <GREC>108,041618</GREC>
    <MFTV>79,120000</MFTV>
    <PRGP>145,000000</PRGP>
    <ROSN>108,041618</ROSN>
    <SLOV>79,120000</SLOV>
    <SVIZ>79,120000</SVIZ>
    <BSP>76,000000</BSP>
  </Prezzi>
  <Prezzi>
    <Data>20141204</Data>
    <Mercato>MGP</Mercato>
    <Ora>20</Ora>
    <PUN>87,716729</PUN>
    <NAT>77,000000</NAT>
    <CNOR>99,000000</CNOR>
    <CSUD>99,000000</CSUD>
    <NORD>72,000000</NORD>
    <SARD>99,000000</SARD>
    <SICI>145,000000</SICI>
    <SUD>99,000000</SUD>
    <AUST>72,000000</AUST>
    <BRNN>99,000000</BRNN>
    <COAC>99,000000</COAC>
    <CORS>99,000000</CORS>
    <FOGN>99,000000</FOGN>
    <FRAN>72,000000</FRAN>
    <GREC>99,000000</GREC>
    <MFTV>72,000000</MFTV>
    <PRGP>145,000000</PRGP>
    <ROSN>99,000000</ROSN>
    <SLOV>72,000000</SLOV>
    <SVIZ>72,000000</SVIZ>
    <BSP>69,300000</BSP>
  </Prezzi>
  <Prezzi>
    <Data>20141204</Data>
    <Mercato>MGP</Mercato>
    <Ora>21</Ora>
    <PUN>75,998560</PUN>
    <NAT>67,000000</NAT>
    <CNOR>85,000000</CNOR>
    <CSUD>85,000000</CSUD>
    <NORD>63,270000</NORD>
    <SARD>85,000000</SARD>
    <SICI>120,010000</SICI>
    <SUD>85,000000</SUD>
    <AUST>63,270000</AUST>
    <BRNN>85,000000</BRNN>
    <COAC>85,000000</COAC>
    <CORS>85,000000</CORS>
    <FOGN>85,000000</FOGN>
    <FRAN>63,270000</FRAN>
    <GREC>85,000000</GREC>
    <MFTV>63,270000</MFTV>
    <PRGP>120,010000</PRGP>
    <ROSN>85,000000</ROSN>
    <SLOV>63,270000</SLOV>
    <SVIZ>63,270000</SVIZ>
    <BSP>61,000000</BSP>
  </Prezzi>
  <Prezzi>
    <Data>20141204</Data>
    <Mercato>MGP</Mercato>
    <Ora>22</Ora>
    <PUN>65,436662</PUN>
    <NAT>60,550000</NAT>
    <CNOR>68,000000</CNOR>
    <CSUD>68,000000</CSUD>
    <NORD>57,940000</NORD>
    <SARD>68,000000</SARD>
    <SICI>110,010000</SICI>
    <SUD>68,000000</SUD>
    <AUST>57,940000</AUST>
    <BRNN>68,000000</BRNN>
    <COAC>68,000000</COAC>
    <CORS>68,000000</CORS>
    <FOGN>68,000000</FOGN>
    <FRAN>57,940000</FRAN>
    <GREC>68,000000</GREC>
    <MFTV>57,940000</MFTV>
    <PRGP>110,010000</PRGP>
    <ROSN>68,000000</ROSN>
    <SLOV>57,940000</SLOV>
    <SVIZ>57,940000</SVIZ>
    <BSP>52,550000</BSP>
  </Prezzi>
  <Prezzi>
    <Data>20141204</Data>
    <Mercato>MGP</Mercato>
    <Ora>23</Ora>
    <PUN>63,788182</PUN>
    <NAT>60,540000</NAT>
    <CNOR>61,780000</CNOR>
    <CSUD>61,780000</CSUD>
    <NORD>61,000000</NORD>
    <SARD>61,780000</SARD>
    <SICI>100,000000</SICI>
    <SUD>61,780000</SUD>
    <AUST>61,000000</AUST>
    <BRNN>61,780000</BRNN>
    <COAC>61,780000</COAC>
    <CORS>61,780000</CORS>
    <FOGN>61,780000</FOGN>
    <FRAN>61,000000</FRAN>
    <GREC>61,780000</GREC>
    <MFTV>61,000000</MFTV>
    <PRGP>100,000000</PRGP>
    <ROSN>61,780000</ROSN>
    <SLOV>61,000000</SLOV>
    <SVIZ>61,000000</SVIZ>
    <BSP>48,130000</BSP>
  </Prezzi>
  <Prezzi>
    <Data>20141204</Data>
    <Mercato>MGP</Mercato>
    <Ora>24</Ora>
    <PUN>58,188045</PUN>
    <NAT>57,400000</NAT>
    <CNOR>58,030000</CNOR>
    <CSUD>58,030000</CSUD>
    <NORD>58,030000</NORD>
    <SARD>58,030000</SARD>
    <SICI>60,510000</SICI>
    <SUD>58,030000</SUD>
    <AUST>58,030000</AUST>
    <BRNN>58,030000</BRNN>
    <COAC>58,030000</COAC>
    <CORS>58,030000</CORS>
    <FOGN>58,030000</FOGN>
    <FRAN>58,030000</FRAN>
    <GREC>58,030000</GREC>
    <MFTV>58,030000</MFTV>
    <PRGP>60,510000</PRGP>
    <ROSN>58,030000</ROSN>
    <SLOV>58,030000</SLOV>
    <SVIZ>58,030000</SVIZ>
    <BSP>36,020000</BSP>
  </Prezzi>
</NewDataSet>