<?xml version="1.0" standalone="yes"?>
<NewDataSet>
  <xs:schema id="NewDataSet" xmlns="" xmlns:xs="http://www.w3.org/2001/XMLSchema" xmlns:msdata="urn:schemas-microsoft-com:xml-msdata">
    <xs:element name="NewDataSet" msdata:IsDataSet="true" msdata:UseCurrentLocale="true">
      <xs:complexType>
        <xs:choice minOccurs="0" maxOccurs="unbounded">
          <xs:element name="Prezzi">
            <xs:complexType>
              <xs:sequence>
                <xs:element name="Data" type="xs:string" minOccurs="0" />
                <xs:element name="Mercato" type="xs:string" minOccurs="0" />
                <xs:element name="Ora" type="xs:string" minOccurs="0" />
                <xs:element name="PUN" type="xs:string" minOccurs="0" />
                <xs:element name="NAT" type="xs:string" minOccurs="0" />
                <xs:element name="CNOR" type="xs:string" minOccurs="0" />
                <xs:element name="CSUD" type="xs:string" minOccurs="0" />
                <xs:element name="NORD" type="xs:string" minOccurs="0" />
                <xs:element name="SARD" type="xs:string" minOccurs="0" />
                <xs:element name="SICI" type="xs:string" minOccurs="0" />
                <xs:element name="SUD" type="xs:string" minOccurs="0" />
                <xs:element name="AUST" type="xs:string" minOccurs="0" />
                <xs:element name="BRNN" type="xs:string" minOccurs="0" />
                <xs:element name="COAC" type="xs:string" minOccurs="0" />
                <xs:element name="CORS" type="xs:string" minOccurs="0" />
                <xs:element name="FOGN" type="xs:string" minOccurs="0" />
                <xs:element name="FRAN" type="xs:string" minOccurs="0" />
                <xs:element name="GREC" type="xs:string" minOccurs="0" />
                <xs:element name="MFTV" type="xs:string" minOccurs="0" />
                <xs:element name="PRGP" type="xs:string" minOccurs="0" />
                <xs:element name="ROSN" type="xs:string" minOccurs="0" />
                <xs:element name="SLOV" type="xs:string" minOccurs="0" />
                <xs:element name="SVIZ" type="xs:string" minOccurs="0" />
                <xs:element name="BSP" type="xs:string" minOccurs="0" />
              </xs:sequence>
            </xs:complexType>
          </xs:element>
        </xs:choice>
      </xs:complexType>
    </xs:element>
  </xs:schema>
  <Prezzi>
    <Data>20141226</Data>
    <Mercato>MGP</Mercato>
    <Ora>1</Ora>
    <PUN>50,953883</PUN>
    <NAT>49,800000</NAT>
    <CNOR>49,800000</CNOR>
    <CSUD>49,800000</CSUD>
    <NORD>49,800000</NORD>
    <SARD>49,800000</SARD>
    <SICI>64,990000</SICI>
    <SUD>49,800000</SUD>
    <AUST>49,800000</AUST>
    <BRNN>49,800000</BRNN>
    <COAC>49,800000</COAC>
    <CORS>49,800000</CORS>
    <FOGN>49,800000</FOGN>
    <FRAN>49,800000</FRAN>
    <GREC>49,800000</GREC>
    <MFTV>49,800000</MFTV>
    <PRGP>64,990000</PRGP>
    <ROSN>49,800000</ROSN>
    <SLOV>49,800000</SLOV>
    <SVIZ>49,800000</SVIZ>
    <BSP>30,000000</BSP>
  </Prezzi>
  <Prezzi>
    <Data>20141226</Data>
    <Mercato>MGP</Mercato>
    <Ora>2</Ora>
    <PUN>40,069661</PUN>
    <NAT>38,780000</NAT>
    <CNOR>38,830000</CNOR>
    <CSUD>38,830000</CSUD>
    <NORD>38,830000</NORD>
    <SARD>38,830000</SARD>
    <SICI>55,760000</SICI>
    <SUD>38,830000</SUD>
    <AUST>38,830000</AUST>
    <BRNN>38,830000</BRNN>
    <COAC>38,830000</COAC>
    <CORS>38,830000</CORS>
    <FOGN>38,830000</FOGN>
    <FRAN>38,830000</FRAN>
    <GREC>38,830000</GREC>
    <MFTV>38,830000</MFTV>
    <PRGP>55,760000</PRGP>
    <ROSN>38,830000</ROSN>
    <SLOV>38,830000</SLOV>
    <SVIZ>38,830000</SVIZ>
    <BSP>27,060000</BSP>
  </Prezzi>
  <Prezzi>
    <Data>20141226</Data>
    <Mercato>MGP</Mercato>
    <Ora>3</Ora>
    <PUN>36,150000</PUN>
    <NAT>33,740000</NAT>
    <CNOR>34,716039</CNOR>
    <CSUD>34,716039</CSUD>
    <NORD>34,716039</NORD>
    <SARD>34,716039</SARD>
    <SICI>54,490000</SICI>
    <SUD>34,716039</SUD>
    <AUST>34,716039</AUST>
    <BRNN>34,716039</BRNN>
    <COAC>34,716039</COAC>
    <CORS>34,716039</CORS>
    <FOGN>34,716039</FOGN>
    <FRAN>34,716039</FRAN>
    <GREC>34,716039</GREC>
    <MFTV>34,716039</MFTV>
    <PRGP>54,490000</PRGP>
    <ROSN>34,716039</ROSN>
    <SLOV>34,716039</SLOV>
    <SVIZ>34,716039</SVIZ>
    <BSP>26,660000</BSP>
  </Prezzi>
  <Prezzi>
    <Data>20141226</Data>
    <Mercato>MGP</Mercato>
    <Ora>4</Ora>
    <PUN>33,740000</PUN>
    <NAT>32,990000</NAT>
    <CNOR>33,740000</CNOR>
    <CSUD>33,740000</CSUD>
    <NORD>33,740000</NORD>
    <SARD>33,740000</SARD>
    <SICI>33,740000</SICI>
    <SUD>33,740000</SUD>
    <AUST>33,740000</AUST>
    <BRNN>33,740000</BRNN>
    <COAC>33,740000</COAC>
    <CORS>33,740000</CORS>
    <FOGN>33,740000</FOGN>
    <FRAN>33,740000</FRAN>
    <GREC>33,740000</GREC>
    <MFTV>33,740000</MFTV>
    <PRGP>33,740000</PRGP>
    <ROSN>33,740000</ROSN>
    <SLOV>33,740000</SLOV>
    <SVIZ>33,740000</SVIZ>
    <BSP>24,120000</BSP>
  </Prezzi>
  <Prezzi>
    <Data>20141226</Data>
    <Mercato>MGP</Mercato>
    <Ora>5</Ora>
    <PUN>34,240000</PUN>
    <NAT>33,350000</NAT>
    <CNOR>34,240000</CNOR>
    <CSUD>34,240000</CSUD>
    <NORD>34,240000</NORD>
    <SARD>34,240000</SARD>
    <SICI>34,240000</SICI>
    <SUD>34,240000</SUD>
    <AUST>34,240000</AUST>
    <BRNN>34,240000</BRNN>
    <COAC>34,240000</COAC>
    <CORS>34,240000</CORS>
    <FOGN>34,240000</FOGN>
    <FRAN>34,240000</FRAN>
    <GREC>34,240000</GREC>
    <MFTV>34,240000</MFTV>
    <PRGP>34,240000</PRGP>
    <ROSN>34,240000</ROSN>
    <SLOV>34,240000</SLOV>
    <SVIZ>34,240000</SVIZ>
    <BSP>24,460000</BSP>
  </Prezzi>
  <Prezzi>
    <Data>20141226</Data>
    <Mercato>MGP</Mercato>
    <Ora>6</Ora>
    <PUN>39,110000</PUN>
    <NAT>37,940000</NAT>
    <CNOR>39,110000</CNOR>
    <CSUD>39,110000</CSUD>
    <NORD>39,110000</NORD>
    <SARD>39,110000</SARD>
    <SICI>39,110000</SICI>
    <SUD>39,110000</SUD>
    <AUST>39,110000</AUST>
    <BRNN>39,110000</BRNN>
    <COAC>39,110000</COAC>
    <CORS>39,110000</CORS>
    <FOGN>39,110000</FOGN>
    <FRAN>39,110000</FRAN>
    <GREC>39,110000</GREC>
    <MFTV>39,110000</MFTV>
    <PRGP>39,110000</PRGP>
    <ROSN>39,110000</ROSN>
    <SLOV>39,110000</SLOV>
    <SVIZ>39,110000</SVIZ>
    <BSP>28,000000</BSP>
  </Prezzi>
  <Prezzi>
    <Data>20141226</Data>
    <Mercato>MGP</Mercato>
    <Ora>7</Ora>
    <PUN>41,759805</PUN>
    <NAT>40,780000</NAT>
    <CNOR>40,830000</CNOR>
    <CSUD>40,830000</CSUD>
    <NORD>40,830000</NORD>
    <SARD>40,830000</SARD>
    <SICI>54,490000</SICI>
    <SUD>40,830000</SUD>
    <AUST>40,830000</AUST>
    <BRNN>40,830000</BRNN>
    <COAC>40,830000</COAC>
    <CORS>40,830000</CORS>
    <FOGN>40,830000</FOGN>
    <FRAN>40,830000</FRAN>
    <GREC>40,830000</GREC>
    <MFTV>40,830000</MFTV>
    <PRGP>54,490000</PRGP>
    <ROSN>40,830000</ROSN>
    <SLOV>40,830000</SLOV>
    <SVIZ>40,830000</SVIZ>
    <BSP>27,220000</BSP>
  </Prezzi>
  <Prezzi>
    <Data>20141226</Data>
    <Mercato>MGP</Mercato>
    <Ora>8</Ora>
    <PUN>46,690000</PUN>
    <NAT>47,000000</NAT>
    <CNOR>46,019089</CNOR>
    <CSUD>46,019089</CSUD>
    <NORD>46,019089</NORD>
    <SARD>46,019089</SARD>
    <SICI>56,010000</SICI>
    <SUD>46,019089</SUD>
    <AUST>46,019089</AUST>
    <BRNN>46,019089</BRNN>
    <COAC>46,019089</COAC>
    <CORS>46,019089</CORS>
    <FOGN>46,019089</FOGN>
    <FRAN>46,019089</FRAN>
    <GREC>46,019089</GREC>
    <MFTV>46,019089</MFTV>
    <PRGP>56,010000</PRGP>
    <ROSN>46,019089</ROSN>
    <SLOV>46,019089</SLOV>
    <SVIZ>46,019089</SVIZ>
    <BSP>30,000000</BSP>
  </Prezzi>
  <Prezzi>
    <Data>20141226</Data>
    <Mercato>MGP</Mercato>
    <Ora>9</Ora>
    <PUN>52,580122</PUN>
    <NAT>50,000000</NAT>
    <CNOR>50,000000</CNOR>
    <CSUD>50,000000</CSUD>
    <NORD>50,000000</NORD>
    <SARD>50,000000</SARD>
    <SICI>86,330000</SICI>
    <SUD>50,000000</SUD>
    <AUST>50,000000</AUST>
    <BRNN>50,000000</BRNN>
    <COAC>50,000000</COAC>
    <CORS>50,000000</CORS>
    <FOGN>50,000000</FOGN>
    <FRAN>50,000000</FRAN>
    <GREC>50,000000</GREC>
    <MFTV>50,000000</MFTV>
    <PRGP>86,330000</PRGP>
    <ROSN>50,000000</ROSN>
    <SLOV>50,000000</SLOV>
    <SVIZ>50,000000</SVIZ>
    <BSP>30,200000</BSP>
  </Prezzi>
  <Prezzi>
    <Data>20141226</Data>
    <Mercato>MGP</Mercato>
    <Ora>10</Ora>
    <PUN>52,140669</PUN>
    <NAT>49,670000</NAT>
    <CNOR>49,500000</CNOR>
    <CSUD>49,500000</CSUD>
    <NORD>49,500000</NORD>
    <SARD>49,500000</SARD>
    <SICI>86,330000</SICI>
    <SUD>49,500000</SUD>
    <AUST>49,500000</AUST>
    <BRNN>49,500000</BRNN>
    <COAC>49,500000</COAC>
    <CORS>49,500000</CORS>
    <FOGN>49,500000</FOGN>
    <FRAN>49,500000</FRAN>
    <GREC>49,500000</GREC>
    <MFTV>49,500000</MFTV>
    <PRGP>86,330000</PRGP>
    <ROSN>49,500000</ROSN>
    <SLOV>49,500000</SLOV>
    <SVIZ>49,500000</SVIZ>
    <BSP>32,960000</BSP>
  </Prezzi>
  <Prezzi>
    <Data>20141226</Data>
    <Mercato>MGP</Mercato>
    <Ora>11</Ora>
    <PUN>51,453237</PUN>
    <NAT>49,670000</NAT>
    <CNOR>48,800000</CNOR>
    <CSUD>48,800000</CSUD>
    <NORD>48,800000</NORD>
    <SARD>48,800000</SARD>
    <SICI>86,330000</SICI>
    <SUD>48,800000</SUD>
    <AUST>48,800000</AUST>
    <BRNN>48,800000</BRNN>
    <COAC>48,800000</COAC>
    <CORS>48,800000</CORS>
    <FOGN>48,800000</FOGN>
    <FRAN>48,800000</FRAN>
    <GREC>48,800000</GREC>
    <MFTV>48,800000</MFTV>
    <PRGP>86,330000</PRGP>
    <ROSN>48,800000</ROSN>
    <SLOV>48,800000</SLOV>
    <SVIZ>48,800000</SVIZ>
    <BSP>36,840000</BSP>
  </Prezzi>
  <Prezzi>
    <Data>20141226</Data>
    <Mercato>MGP</Mercato>
    <Ora>12</Ora>
    <PUN>48,564221</PUN>
    <NAT>47,020000</NAT>
    <CNOR>46,150000</CNOR>
    <CSUD>46,150000</CSUD>
    <NORD>46,150000</NORD>
    <SARD>46,150000</SARD>
    <SICI>79,680000</SICI>
    <SUD>46,150000</SUD>
    <AUST>46,150000</AUST>
    <BRNN>46,150000</BRNN>
    <COAC>46,150000</COAC>
    <CORS>46,150000</CORS>
    <FOGN>46,150000</FOGN>
    <FRAN>46,150000</FRAN>
    <GREC>46,150000</GREC>
    <MFTV>46,150000</MFTV>
    <PRGP>79,680000</PRGP>
    <ROSN>46,150000</ROSN>
    <SLOV>46,150000</SLOV>
    <SVIZ>46,150000</SVIZ>
    <BSP>38,140000</BSP>
  </Prezzi>
  <Prezzi>
    <Data>20141226</Data>
    <Mercato>MGP</Mercato>
    <Ora>13</Ora>
    <PUN>45,120701</PUN>
    <NAT>45,060000</NAT>
    <CNOR>44,250000</CNOR>
    <CSUD>44,250000</CSUD>
    <NORD>44,250000</NORD>
    <SARD>44,250000</SARD>
    <SICI>56,010000</SICI>
    <SUD>44,250000</SUD>
    <AUST>44,250000</AUST>
    <BRNN>44,250000</BRNN>
    <COAC>44,250000</COAC>
    <CORS>44,250000</CORS>
    <FOGN>44,250000</FOGN>
    <FRAN>44,250000</FRAN>
    <GREC>44,250000</GREC>
    <MFTV>44,250000</MFTV>
    <PRGP>56,010000</PRGP>
    <ROSN>44,250000</ROSN>
    <SLOV>44,250000</SLOV>
    <SVIZ>44,250000</SVIZ>
    <BSP>36,100000</BSP>
  </Prezzi>
  <Prezzi>
    <Data>20141226</Data>
    <Mercato>MGP</Mercato>
    <Ora>14</Ora>
    <PUN>40,525479</PUN>
    <NAT>39,580000</NAT>
    <CNOR>39,280000</CNOR>
    <CSUD>39,280000</CSUD>
    <NORD>39,280000</NORD>
    <SARD>39,280000</SARD>
    <SICI>56,010000</SICI>
    <SUD>39,280000</SUD>
    <AUST>39,280000</AUST>
    <BRNN>39,280000</BRNN>
    <COAC>39,280000</COAC>
    <CORS>39,280000</CORS>
    <FOGN>39,280000</FOGN>
    <FRAN>39,280000</FRAN>
    <GREC>39,280000</GREC>
    <MFTV>39,280000</MFTV>
    <PRGP>56,010000</PRGP>
    <ROSN>39,280000</ROSN>
    <SLOV>39,280000</SLOV>
    <SVIZ>39,280000</SVIZ>
    <BSP>34,040000</BSP>
  </Prezzi>
  <Prezzi>
    <Data>20141226</Data>
    <Mercato>MGP</Mercato>
    <Ora>15</Ora>
    <PUN>42,381251</PUN>
    <NAT>41,580000</NAT>
    <CNOR>41,330000</CNOR>
    <CSUD>41,330000</CSUD>
    <NORD>41,330000</NORD>
    <SARD>41,330000</SARD>
    <SICI>56,010000</SICI>
    <SUD>41,330000</SUD>
    <AUST>41,330000</AUST>
    <BRNN>41,330000</BRNN>
    <COAC>41,330000</COAC>
    <CORS>41,330000</CORS>
    <FOGN>41,330000</FOGN>
    <FRAN>41,330000</FRAN>
    <GREC>41,330000</GREC>
    <MFTV>41,330000</MFTV>
    <PRGP>56,010000</PRGP>
    <ROSN>41,330000</ROSN>
    <SLOV>41,330000</SLOV>
    <SVIZ>41,330000</SVIZ>
    <BSP>30,090000</BSP>
  </Prezzi>
  <Prezzi>
    <Data>20141226</Data>
    <Mercato>MGP</Mercato>
    <Ora>16</Ora>
    <PUN>47,230000</PUN>
    <NAT>47,510000</NAT>
    <CNOR>46,560754</CNOR>
    <CSUD>46,560754</CSUD>
    <NORD>46,560754</NORD>
    <SARD>46,560754</SARD>
    <SICI>56,010000</SICI>
    <SUD>46,560754</SUD>
    <AUST>46,560754</AUST>
    <BRNN>46,560754</BRNN>
    <COAC>46,560754</COAC>
    <CORS>46,560754</CORS>
    <FOGN>46,560754</FOGN>
    <FRAN>46,560754</FRAN>
    <GREC>46,560754</GREC>
    <MFTV>46,560754</MFTV>
    <PRGP>56,010000</PRGP>
    <ROSN>46,560754</ROSN>
    <SLOV>46,560754</SLOV>
    <SVIZ>46,560754</SVIZ>
    <BSP>31,930000</BSP>
  </Prezzi>
  <Prezzi>
    <Data>20141226</Data>
    <Mercato>MGP</Mercato>
    <Ora>17</Ora>
    <PUN>56,827387</PUN>
    <NAT>55,070000</NAT>
    <CNOR>54,600000</CNOR>
    <CSUD>54,600000</CSUD>
    <NORD>54,600000</NORD>
    <SARD>54,600000</SARD>
    <SICI>86,330000</SICI>
    <SUD>54,600000</SUD>
    <AUST>54,600000</AUST>
    <BRNN>54,600000</BRNN>
    <COAC>54,600000</COAC>
    <CORS>54,600000</CORS>
    <FOGN>54,600000</FOGN>
    <FRAN>54,600000</FRAN>
    <GREC>54,600000</GREC>
    <MFTV>54,600000</MFTV>
    <PRGP>86,330000</PRGP>
    <ROSN>54,600000</ROSN>
    <SLOV>54,600000</SLOV>
    <SVIZ>54,600000</SVIZ>
    <BSP>36,910000</BSP>
  </Prezzi>
  <Prezzi>
    <Data>20141226</Data>
    <Mercato>MGP</Mercato>
    <Ora>18</Ora>
    <PUN>60,965803</PUN>
    <NAT>58,170000</NAT>
    <CNOR>57,010000</CNOR>
    <CSUD>57,010000</CSUD>
    <NORD>57,010000</NORD>
    <SARD>57,010000</SARD>
    <SICI>113,560000</SICI>
    <SUD>57,010000</SUD>
    <AUST>57,010000</AUST>
    <BRNN>57,010000</BRNN>
    <COAC>57,010000</COAC>
    <CORS>57,010000</CORS>
    <FOGN>57,010000</FOGN>
    <FRAN>57,010000</FRAN>
    <GREC>57,010000</GREC>
    <MFTV>57,010000</MFTV>
    <PRGP>113,560000</PRGP>
    <ROSN>57,010000</ROSN>
    <SLOV>57,010000</SLOV>
    <SVIZ>57,010000</SVIZ>
    <BSP>47,200000</BSP>
  </Prezzi>
  <Prezzi>
    <Data>20141226</Data>
    <Mercato>MGP</Mercato>
    <Ora>19</Ora>
    <PUN>62,044565</PUN>
    <NAT>57,460000</NAT>
    <CNOR>56,570000</CNOR>
    <CSUD>56,570000</CSUD>
    <NORD>56,570000</NORD>
    <SARD>56,570000</SARD>
    <SICI>132,390000</SICI>
    <SUD>56,570000</SUD>
    <AUST>56,570000</AUST>
    <BRNN>56,570000</BRNN>
    <COAC>56,570000</COAC>
    <CORS>56,570000</CORS>
    <FOGN>56,570000</FOGN>
    <FRAN>56,570000</FRAN>
    <GREC>56,570000</GREC>
    <MFTV>56,570000</MFTV>
    <PRGP>132,390000</PRGP>
    <ROSN>56,570000</ROSN>
    <SLOV>56,570000</SLOV>
    <SVIZ>56,570000</SVIZ>
    <BSP>51,340000</BSP>
  </Prezzi>
  <Prezzi>
    <Data>20141226</Data>
    <Mercato>MGP</Mercato>
    <Ora>20</Ora>
    <PUN>65,397028</PUN>
    <NAT>60,820000</NAT>
    <CNOR>60,210000</CNOR>
    <CSUD>60,210000</CSUD>
    <NORD>60,210000</NORD>
    <SARD>60,210000</SARD>
    <SICI>132,390000</SICI>
    <SUD>60,210000</SUD>
    <AUST>60,210000</AUST>
    <BRNN>60,210000</BRNN>
    <COAC>60,210000</COAC>
    <CORS>60,210000</CORS>
    <FOGN>60,210000</FOGN>
    <FRAN>60,210000</FRAN>
    <GREC>60,210000</GREC>
    <MFTV>60,210000</MFTV>
    <PRGP>132,390000</PRGP>
    <ROSN>60,210000</ROSN>
    <SLOV>60,210000</SLOV>
    <SVIZ>60,210000</SVIZ>
    <BSP>46,570000</BSP>
  </Prezzi>
  <Prezzi>
    <Data>20141226</Data>
    <Mercato>MGP</Mercato>
    <Ora>21</Ora>
    <PUN>64,498597</PUN>
    <NAT>60,840000</NAT>
    <CNOR>60,000000</CNOR>
    <CSUD>60,000000</CSUD>
    <NORD>60,000000</NORD>
    <SARD>60,000000</SARD>
    <SICI>120,000000</SICI>
    <SUD>60,000000</SUD>
    <AUST>60,000000</AUST>
    <BRNN>60,000000</BRNN>
    <COAC>60,000000</COAC>
    <CORS>60,000000</CORS>
    <FOGN>60,000000</FOGN>
    <FRAN>60,000000</FRAN>
    <GREC>60,000000</GREC>
    <MFTV>60,000000</MFTV>
    <PRGP>120,000000</PRGP>
    <ROSN>60,000000</ROSN>
    <SLOV>60,000000</SLOV>
    <SVIZ>60,000000</SVIZ>
    <BSP>45,000000</BSP>
  </Prezzi>
  <Prezzi>
    <Data>20141226</Data>
    <Mercato>MGP</Mercato>
    <Ora>22</Ora>
    <PUN>59,938083</PUN>
    <NAT>56,190000</NAT>
    <CNOR>55,800000</CNOR>
    <CSUD>55,800000</CSUD>
    <NORD>55,800000</NORD>
    <SARD>55,800000</SARD>
    <SICI>110,000000</SICI>
    <SUD>55,800000</SUD>
    <AUST>55,800000</AUST>
    <BRNN>55,800000</BRNN>
    <COAC>55,800000</COAC>
    <CORS>55,800000</CORS>
    <FOGN>55,800000</FOGN>
    <FRAN>55,800000</FRAN>
    <GREC>55,800000</GREC>
    <MFTV>55,800000</MFTV>
    <PRGP>110,000000</PRGP>
    <ROSN>55,800000</ROSN>
    <SLOV>55,800000</SLOV>
    <SVIZ>55,800000</SVIZ>
    <BSP>43,000000</BSP>
  </Prezzi>
  <Prezzi>
    <Data>20141226</Data>
    <Mercato>MGP</Mercato>
    <Ora>23</Ora>
    <PUN>55,702304</PUN>
    <NAT>54,800000</NAT>
    <CNOR>53,120000</CNOR>
    <CSUD>53,120000</CSUD>
    <NORD>53,120000</NORD>
    <SARD>53,120000</SARD>
    <SICI>87,030000</SICI>
    <SUD>53,120000</SUD>
    <AUST>53,120000</AUST>
    <BRNN>53,120000</BRNN>
    <COAC>53,120000</COAC>
    <CORS>53,120000</CORS>
    <FOGN>53,120000</FOGN>
    <FRAN>53,120000</FRAN>
    <GREC>53,120000</GREC>
    <MFTV>53,120000</MFTV>
    <PRGP>87,030000</PRGP>
    <ROSN>53,120000</ROSN>
    <SLOV>53,120000</SLOV>
    <SVIZ>53,120000</SVIZ>
    <BSP>42,750000</BSP>
  </Prezzi>
  <Prezzi>
    <Data>20141226</Data>
    <Mercato>MGP</Mercato>
    <Ora>24</Ora>
    <PUN>47,762754</PUN>
    <NAT>48,000000</NAT>
    <CNOR>47,080000</CNOR>
    <CSUD>47,080000</CSUD>
    <NORD>47,080000</NORD>
    <SARD>47,080000</SARD>
    <SICI>56,010000</SICI>
    <SUD>47,080000</SUD>
    <AUST>47,080000</AUST>
    <BRNN>47,080000</BRNN>
    <COAC>47,080000</COAC>
    <CORS>47,080000</CORS>
    <FOGN>47,080000</FOGN>
    <FRAN>47,080000</FRAN>
    <GREC>47,080000</GREC>
    <MFTV>47,080000</MFTV>
    <PRGP>56,010000</PRGP>
    <ROSN>47,080000</ROSN>
    <SLOV>47,080000</SLOV>
    <SVIZ>47,080000</SVIZ>
    <BSP>36,410000</BSP>
  </Prezzi>
</NewDataSet>