<?xml version="1.0" standalone="yes"?>
<NewDataSet>
  <xs:schema id="NewDataSet" xmlns="" xmlns:xs="http://www.w3.org/2001/XMLSchema" xmlns:msdata="urn:schemas-microsoft-com:xml-msdata">
    <xs:element name="NewDataSet" msdata:IsDataSet="true" msdata:UseCurrentLocale="true">
      <xs:complexType>
        <xs:choice minOccurs="0" maxOccurs="unbounded">
          <xs:element name="Prezzi">
            <xs:complexType>
              <xs:sequence>
                <xs:element name="Data" type="xs:string" minOccurs="0" />
                <xs:element name="Mercato" type="xs:string" minOccurs="0" />
                <xs:element name="Ora" type="xs:string" minOccurs="0" />
                <xs:element name="PUN" type="xs:string" minOccurs="0" />
                <xs:element name="NAT" type="xs:string" minOccurs="0" />
                <xs:element name="CNOR" type="xs:string" minOccurs="0" />
                <xs:element name="CSUD" type="xs:string" minOccurs="0" />
                <xs:element name="NORD" type="xs:string" minOccurs="0" />
                <xs:element name="SARD" type="xs:string" minOccurs="0" />
                <xs:element name="SICI" type="xs:string" minOccurs="0" />
                <xs:element name="SUD" type="xs:string" minOccurs="0" />
                <xs:element name="AUST" type="xs:string" minOccurs="0" />
                <xs:element name="BRNN" type="xs:string" minOccurs="0" />
                <xs:element name="COAC" type="xs:string" minOccurs="0" />
                <xs:element name="CORS" type="xs:string" minOccurs="0" />
                <xs:element name="FOGN" type="xs:string" minOccurs="0" />
                <xs:element name="FRAN" type="xs:string" minOccurs="0" />
                <xs:element name="GREC" type="xs:string" minOccurs="0" />
                <xs:element name="MFTV" type="xs:string" minOccurs="0" />
                <xs:element name="PRGP" type="xs:string" minOccurs="0" />
                <xs:element name="ROSN" type="xs:string" minOccurs="0" />
                <xs:element name="SLOV" type="xs:string" minOccurs="0" />
                <xs:element name="SVIZ" type="xs:string" minOccurs="0" />
                <xs:element name="BSP" type="xs:string" minOccurs="0" />
              </xs:sequence>
            </xs:complexType>
          </xs:element>
        </xs:choice>
      </xs:complexType>
    </xs:element>
  </xs:schema>
  <Prezzi>
    <Data>20141218</Data>
    <Mercato>MGP</Mercato>
    <Ora>1</Ora>
    <PUN>50,608191</PUN>
    <NAT>49,500000</NAT>
    <CNOR>49,990000</CNOR>
    <CSUD>49,990000</CSUD>
    <NORD>49,990000</NORD>
    <SARD>49,990000</SARD>
    <SICI>59,990000</SICI>
    <SUD>49,990000</SUD>
    <AUST>49,990000</AUST>
    <BRNN>49,990000</BRNN>
    <COAC>49,990000</COAC>
    <CORS>49,990000</CORS>
    <FOGN>49,990000</FOGN>
    <FRAN>49,990000</FRAN>
    <GREC>49,990000</GREC>
    <MFTV>49,990000</MFTV>
    <PRGP>59,990000</PRGP>
    <ROSN>49,990000</ROSN>
    <SLOV>49,990000</SLOV>
    <SVIZ>49,990000</SVIZ>
    <BSP>31,280000</BSP>
  </Prezzi>
  <Prezzi>
    <Data>20141218</Data>
    <Mercato>MGP</Mercato>
    <Ora>2</Ora>
    <PUN>43,714829</PUN>
    <NAT>41,350000</NAT>
    <CNOR>42,860000</CNOR>
    <CSUD>42,860000</CSUD>
    <NORD>42,860000</NORD>
    <SARD>42,860000</SARD>
    <SICI>56,930000</SICI>
    <SUD>42,860000</SUD>
    <AUST>42,860000</AUST>
    <BRNN>42,860000</BRNN>
    <COAC>42,860000</COAC>
    <CORS>42,860000</CORS>
    <FOGN>42,860000</FOGN>
    <FRAN>42,860000</FRAN>
    <GREC>42,860000</GREC>
    <MFTV>42,860000</MFTV>
    <PRGP>56,930000</PRGP>
    <ROSN>42,860000</ROSN>
    <SLOV>42,860000</SLOV>
    <SVIZ>42,860000</SVIZ>
    <BSP>25,860000</BSP>
  </Prezzi>
  <Prezzi>
    <Data>20141218</Data>
    <Mercato>MGP</Mercato>
    <Ora>3</Ora>
    <PUN>42,767214</PUN>
    <NAT>39,900000</NAT>
    <CNOR>42,010000</CNOR>
    <CSUD>42,010000</CSUD>
    <NORD>42,010000</NORD>
    <SARD>42,010000</SARD>
    <SICI>54,940000</SICI>
    <SUD>42,010000</SUD>
    <AUST>42,010000</AUST>
    <BRNN>42,010000</BRNN>
    <COAC>42,010000</COAC>
    <CORS>42,010000</CORS>
    <FOGN>42,010000</FOGN>
    <FRAN>42,010000</FRAN>
    <GREC>42,010000</GREC>
    <MFTV>42,010000</MFTV>
    <PRGP>54,940000</PRGP>
    <ROSN>42,010000</ROSN>
    <SLOV>42,010000</SLOV>
    <SVIZ>42,010000</SVIZ>
    <BSP>24,100000</BSP>
  </Prezzi>
  <Prezzi>
    <Data>20141218</Data>
    <Mercato>MGP</Mercato>
    <Ora>4</Ora>
    <PUN>42,503579</PUN>
    <NAT>39,120000</NAT>
    <CNOR>41,740000</CNOR>
    <CSUD>41,740000</CSUD>
    <NORD>41,740000</NORD>
    <SARD>41,740000</SARD>
    <SICI>54,940000</SICI>
    <SUD>41,740000</SUD>
    <AUST>41,740000</AUST>
    <BRNN>41,740000</BRNN>
    <COAC>41,740000</COAC>
    <CORS>41,740000</CORS>
    <FOGN>41,740000</FOGN>
    <FRAN>41,740000</FRAN>
    <GREC>41,740000</GREC>
    <MFTV>41,740000</MFTV>
    <PRGP>54,940000</PRGP>
    <ROSN>41,740000</ROSN>
    <SLOV>41,740000</SLOV>
    <SVIZ>41,740000</SVIZ>
    <BSP>24,040000</BSP>
  </Prezzi>
  <Prezzi>
    <Data>20141218</Data>
    <Mercato>MGP</Mercato>
    <Ora>5</Ora>
    <PUN>43,542588</PUN>
    <NAT>40,800000</NAT>
    <CNOR>42,860000</CNOR>
    <CSUD>42,860000</CSUD>
    <NORD>42,860000</NORD>
    <SARD>42,860000</SARD>
    <SICI>54,940000</SICI>
    <SUD>42,860000</SUD>
    <AUST>42,860000</AUST>
    <BRNN>42,860000</BRNN>
    <COAC>42,860000</COAC>
    <CORS>42,860000</CORS>
    <FOGN>42,860000</FOGN>
    <FRAN>42,860000</FRAN>
    <GREC>42,860000</GREC>
    <MFTV>42,860000</MFTV>
    <PRGP>54,940000</PRGP>
    <ROSN>42,860000</ROSN>
    <SLOV>42,860000</SLOV>
    <SVIZ>42,860000</SVIZ>
    <BSP>24,900000</BSP>
  </Prezzi>
  <Prezzi>
    <Data>20141218</Data>
    <Mercato>MGP</Mercato>
    <Ora>6</Ora>
    <PUN>48,337928</PUN>
    <NAT>44,660000</NAT>
    <CNOR>47,830000</CNOR>
    <CSUD>47,830000</CSUD>
    <NORD>47,830000</NORD>
    <SARD>47,830000</SARD>
    <SICI>56,940000</SICI>
    <SUD>47,830000</SUD>
    <AUST>47,830000</AUST>
    <BRNN>47,830000</BRNN>
    <COAC>47,830000</COAC>
    <CORS>47,830000</CORS>
    <FOGN>47,830000</FOGN>
    <FRAN>47,830000</FRAN>
    <GREC>47,830000</GREC>
    <MFTV>47,830000</MFTV>
    <PRGP>56,940000</PRGP>
    <ROSN>47,830000</ROSN>
    <SLOV>47,830000</SLOV>
    <SVIZ>47,830000</SVIZ>
    <BSP>38,470000</BSP>
  </Prezzi>
  <Prezzi>
    <Data>20141218</Data>
    <Mercato>MGP</Mercato>
    <Ora>7</Ora>
    <PUN>59,483096</PUN>
    <NAT>57,540000</NAT>
    <CNOR>58,000000</CNOR>
    <CSUD>58,000000</CSUD>
    <NORD>58,000000</NORD>
    <SARD>58,000000</SARD>
    <SICI>85,000000</SICI>
    <SUD>58,000000</SUD>
    <AUST>58,000000</AUST>
    <BRNN>58,000000</BRNN>
    <COAC>58,000000</COAC>
    <CORS>58,000000</CORS>
    <FOGN>58,000000</FOGN>
    <FRAN>58,000000</FRAN>
    <GREC>58,000000</GREC>
    <MFTV>58,000000</MFTV>
    <PRGP>85,000000</PRGP>
    <ROSN>58,000000</ROSN>
    <SLOV>58,000000</SLOV>
    <SVIZ>58,000000</SVIZ>
    <BSP>50,000000</BSP>
  </Prezzi>
  <Prezzi>
    <Data>20141218</Data>
    <Mercato>MGP</Mercato>
    <Ora>8</Ora>
    <PUN>71,547705</PUN>
    <NAT>69,000000</NAT>
    <CNOR>72,000000</CNOR>
    <CSUD>72,000000</CSUD>
    <NORD>69,000000</NORD>
    <SARD>72,000000</SARD>
    <SICI>95,010000</SICI>
    <SUD>72,000000</SUD>
    <AUST>69,000000</AUST>
    <BRNN>72,000000</BRNN>
    <COAC>72,000000</COAC>
    <CORS>72,000000</CORS>
    <FOGN>72,000000</FOGN>
    <FRAN>69,000000</FRAN>
    <GREC>72,000000</GREC>
    <MFTV>69,000000</MFTV>
    <PRGP>95,010000</PRGP>
    <ROSN>72,000000</ROSN>
    <SLOV>69,000000</SLOV>
    <SVIZ>69,000000</SVIZ>
    <BSP>56,560000</BSP>
  </Prezzi>
  <Prezzi>
    <Data>20141218</Data>
    <Mercato>MGP</Mercato>
    <Ora>9</Ora>
    <PUN>75,210000</PUN>
    <NAT>72,100000</NAT>
    <CNOR>72,016081</CNOR>
    <CSUD>72,016081</CSUD>
    <NORD>72,016081</NORD>
    <SARD>72,016081</SARD>
    <SICI>133,360000</SICI>
    <SUD>72,016081</SUD>
    <AUST>72,016081</AUST>
    <BRNN>72,016081</BRNN>
    <COAC>72,016081</COAC>
    <CORS>72,016081</CORS>
    <FOGN>72,016081</FOGN>
    <FRAN>72,016081</FRAN>
    <GREC>72,016081</GREC>
    <MFTV>72,016081</MFTV>
    <PRGP>133,360000</PRGP>
    <ROSN>72,016081</ROSN>
    <SLOV>72,016081</SLOV>
    <SVIZ>72,016081</SVIZ>
    <BSP>57,600000</BSP>
  </Prezzi>
  <Prezzi>
    <Data>20141218</Data>
    <Mercato>MGP</Mercato>
    <Ora>10</Ora>
    <PUN>73,391642</PUN>
    <NAT>70,000000</NAT>
    <CNOR>70,170000</CNOR>
    <CSUD>70,170000</CSUD>
    <NORD>70,170000</NORD>
    <SARD>70,170000</SARD>
    <SICI>133,360000</SICI>
    <SUD>70,170000</SUD>
    <AUST>70,170000</AUST>
    <BRNN>70,170000</BRNN>
    <COAC>70,170000</COAC>
    <CORS>70,170000</CORS>
    <FOGN>70,170000</FOGN>
    <FRAN>70,170000</FRAN>
    <GREC>70,170000</GREC>
    <MFTV>70,170000</MFTV>
    <PRGP>133,360000</PRGP>
    <ROSN>70,170000</ROSN>
    <SLOV>70,170000</SLOV>
    <SVIZ>70,170000</SVIZ>
    <BSP>58,120000</BSP>
  </Prezzi>
  <Prezzi>
    <Data>20141218</Data>
    <Mercato>MGP</Mercato>
    <Ora>11</Ora>
    <PUN>66,418192</PUN>
    <NAT>64,420000</NAT>
    <CNOR>64,930000</CNOR>
    <CSUD>64,930000</CSUD>
    <NORD>64,930000</NORD>
    <SARD>64,930000</SARD>
    <SICI>95,370000</SICI>
    <SUD>64,930000</SUD>
    <AUST>64,930000</AUST>
    <BRNN>64,930000</BRNN>
    <COAC>64,930000</COAC>
    <CORS>64,930000</CORS>
    <FOGN>64,930000</FOGN>
    <FRAN>64,930000</FRAN>
    <GREC>64,930000</GREC>
    <MFTV>64,930000</MFTV>
    <PRGP>95,370000</PRGP>
    <ROSN>64,930000</ROSN>
    <SLOV>64,930000</SLOV>
    <SVIZ>64,930000</SVIZ>
    <BSP>57,000000</BSP>
  </Prezzi>
  <Prezzi>
    <Data>20141218</Data>
    <Mercato>MGP</Mercato>
    <Ora>12</Ora>
    <PUN>61,866245</PUN>
    <NAT>60,140000</NAT>
    <CNOR>60,140000</CNOR>
    <CSUD>60,140000</CSUD>
    <NORD>60,140000</NORD>
    <SARD>60,140000</SARD>
    <SICI>94,580000</SICI>
    <SUD>60,140000</SUD>
    <AUST>60,140000</AUST>
    <BRNN>60,140000</BRNN>
    <COAC>60,140000</COAC>
    <CORS>60,140000</CORS>
    <FOGN>60,140000</FOGN>
    <FRAN>60,140000</FRAN>
    <GREC>60,140000</GREC>
    <MFTV>60,140000</MFTV>
    <PRGP>94,580000</PRGP>
    <ROSN>60,140000</ROSN>
    <SLOV>60,140000</SLOV>
    <SVIZ>60,140000</SVIZ>
    <BSP>58,270000</BSP>
  </Prezzi>
  <Prezzi>
    <Data>20141218</Data>
    <Mercato>MGP</Mercato>
    <Ora>13</Ora>
    <PUN>57,799749</PUN>
    <NAT>57,000000</NAT>
    <CNOR>56,500000</CNOR>
    <CSUD>56,500000</CSUD>
    <NORD>56,500000</NORD>
    <SARD>56,500000</SARD>
    <SICI>81,010000</SICI>
    <SUD>56,500000</SUD>
    <AUST>56,500000</AUST>
    <BRNN>56,500000</BRNN>
    <COAC>56,500000</COAC>
    <CORS>56,500000</CORS>
    <FOGN>56,500000</FOGN>
    <FRAN>56,500000</FRAN>
    <GREC>56,500000</GREC>
    <MFTV>56,500000</MFTV>
    <PRGP>81,010000</PRGP>
    <ROSN>56,500000</ROSN>
    <SLOV>56,500000</SLOV>
    <SVIZ>56,500000</SVIZ>
    <BSP>56,500000</BSP>
  </Prezzi>
  <Prezzi>
    <Data>20141218</Data>
    <Mercato>MGP</Mercato>
    <Ora>14</Ora>
    <PUN>56,958788</PUN>
    <NAT>56,520000</NAT>
    <CNOR>55,600000</CNOR>
    <CSUD>55,600000</CSUD>
    <NORD>55,600000</NORD>
    <SARD>55,600000</SARD>
    <SICI>81,010000</SICI>
    <SUD>55,600000</SUD>
    <AUST>55,600000</AUST>
    <BRNN>55,600000</BRNN>
    <COAC>55,600000</COAC>
    <CORS>55,600000</CORS>
    <FOGN>55,600000</FOGN>
    <FRAN>55,600000</FRAN>
    <GREC>55,600000</GREC>
    <MFTV>55,600000</MFTV>
    <PRGP>81,010000</PRGP>
    <ROSN>55,600000</ROSN>
    <SLOV>55,600000</SLOV>
    <SVIZ>55,600000</SVIZ>
    <BSP>55,600000</BSP>
  </Prezzi>
  <Prezzi>
    <Data>20141218</Data>
    <Mercato>MGP</Mercato>
    <Ora>15</Ora>
    <PUN>62,968679</PUN>
    <NAT>61,980000</NAT>
    <CNOR>61,980000</CNOR>
    <CSUD>61,980000</CSUD>
    <NORD>61,980000</NORD>
    <SARD>61,980000</SARD>
    <SICI>81,020000</SICI>
    <SUD>61,980000</SUD>
    <AUST>61,980000</AUST>
    <BRNN>61,980000</BRNN>
    <COAC>61,980000</COAC>
    <CORS>61,980000</CORS>
    <FOGN>61,980000</FOGN>
    <FRAN>61,980000</FRAN>
    <GREC>61,980000</GREC>
    <MFTV>61,980000</MFTV>
    <PRGP>81,020000</PRGP>
    <ROSN>61,980000</ROSN>
    <SLOV>61,980000</SLOV>
    <SVIZ>61,980000</SVIZ>
    <BSP>55,410000</BSP>
  </Prezzi>
  <Prezzi>
    <Data>20141218</Data>
    <Mercato>MGP</Mercato>
    <Ora>16</Ora>
    <PUN>67,255606</PUN>
    <NAT>66,490000</NAT>
    <CNOR>66,030000</CNOR>
    <CSUD>66,030000</CSUD>
    <NORD>66,030000</NORD>
    <SARD>66,030000</SARD>
    <SICI>90,020000</SICI>
    <SUD>66,030000</SUD>
    <AUST>66,030000</AUST>
    <BRNN>66,030000</BRNN>
    <COAC>66,030000</COAC>
    <CORS>66,030000</CORS>
    <FOGN>66,030000</FOGN>
    <FRAN>66,030000</FRAN>
    <GREC>66,030000</GREC>
    <MFTV>66,030000</MFTV>
    <PRGP>90,020000</PRGP>
    <ROSN>66,030000</ROSN>
    <SLOV>66,030000</SLOV>
    <SVIZ>66,030000</SVIZ>
    <BSP>57,450000</BSP>
  </Prezzi>
  <Prezzi>
    <Data>20141218</Data>
    <Mercato>MGP</Mercato>
    <Ora>17</Ora>
    <PUN>78,993540</PUN>
    <NAT>77,830000</NAT>
    <CNOR>82,950000</CNOR>
    <CSUD>82,950000</CSUD>
    <NORD>71,280000</NORD>
    <SARD>82,950000</SARD>
    <SICI>130,020000</SICI>
    <SUD>82,950000</SUD>
    <AUST>71,280000</AUST>
    <BRNN>82,950000</BRNN>
    <COAC>82,950000</COAC>
    <CORS>82,950000</CORS>
    <FOGN>82,950000</FOGN>
    <FRAN>71,280000</FRAN>
    <GREC>82,950000</GREC>
    <MFTV>71,280000</MFTV>
    <PRGP>130,020000</PRGP>
    <ROSN>82,950000</ROSN>
    <SLOV>71,280000</SLOV>
    <SVIZ>71,280000</SVIZ>
    <BSP>64,600000</BSP>
  </Prezzi>
  <Prezzi>
    <Data>20141218</Data>
    <Mercato>MGP</Mercato>
    <Ora>18</Ora>
    <PUN>88,226612</PUN>
    <NAT>84,300000</NAT>
    <CNOR>99,970000</CNOR>
    <CSUD>99,970000</CSUD>
    <NORD>73,080000</NORD>
    <SARD>99,970000</SARD>
    <SICI>145,020000</SICI>
    <SUD>99,970000</SUD>
    <AUST>73,080000</AUST>
    <BRNN>99,970000</BRNN>
    <COAC>99,970000</COAC>
    <CORS>99,970000</CORS>
    <FOGN>99,970000</FOGN>
    <FRAN>73,080000</FRAN>
    <GREC>99,970000</GREC>
    <MFTV>73,080000</MFTV>
    <PRGP>145,020000</PRGP>
    <ROSN>99,970000</ROSN>
    <SLOV>73,080000</SLOV>
    <SVIZ>73,080000</SVIZ>
    <BSP>67,000000</BSP>
  </Prezzi>
  <Prezzi>
    <Data>20141218</Data>
    <Mercato>MGP</Mercato>
    <Ora>19</Ora>
    <PUN>78,009153</PUN>
    <NAT>75,010000</NAT>
    <CNOR>84,890000</CNOR>
    <CSUD>84,890000</CSUD>
    <NORD>64,940000</NORD>
    <SARD>84,890000</SARD>
    <SICI>145,020000</SICI>
    <SUD>84,890000</SUD>
    <AUST>64,940000</AUST>
    <BRNN>84,890000</BRNN>
    <COAC>84,890000</COAC>
    <CORS>84,890000</CORS>
    <FOGN>84,890000</FOGN>
    <FRAN>64,940000</FRAN>
    <GREC>84,890000</GREC>
    <MFTV>64,940000</MFTV>
    <PRGP>145,020000</PRGP>
    <ROSN>84,890000</ROSN>
    <SLOV>64,940000</SLOV>
    <SVIZ>64,940000</SVIZ>
    <BSP>64,530000</BSP>
  </Prezzi>
  <Prezzi>
    <Data>20141218</Data>
    <Mercato>MGP</Mercato>
    <Ora>20</Ora>
    <PUN>75,381639</PUN>
    <NAT>69,710000</NAT>
    <CNOR>84,790000</CNOR>
    <CSUD>84,790000</CSUD>
    <NORD>58,870000</NORD>
    <SARD>84,790000</SARD>
    <SICI>145,020000</SICI>
    <SUD>84,790000</SUD>
    <AUST>58,870000</AUST>
    <BRNN>84,790000</BRNN>
    <COAC>84,790000</COAC>
    <CORS>84,790000</CORS>
    <FOGN>84,790000</FOGN>
    <FRAN>58,870000</FRAN>
    <GREC>84,790000</GREC>
    <MFTV>58,870000</MFTV>
    <PRGP>145,020000</PRGP>
    <ROSN>84,790000</ROSN>
    <SLOV>58,870000</SLOV>
    <SVIZ>58,870000</SVIZ>
    <BSP>58,870000</BSP>
  </Prezzi>
  <Prezzi>
    <Data>20141218</Data>
    <Mercato>MGP</Mercato>
    <Ora>21</Ora>
    <PUN>69,266676</PUN>
    <NAT>61,400000</NAT>
    <CNOR>77,530000</CNOR>
    <CSUD>77,530000</CSUD>
    <NORD>55,610000</NORD>
    <SARD>77,530000</SARD>
    <SICI>120,020000</SICI>
    <SUD>77,530000</SUD>
    <AUST>55,610000</AUST>
    <BRNN>77,530000</BRNN>
    <COAC>77,530000</COAC>
    <CORS>77,530000</CORS>
    <FOGN>77,530000</FOGN>
    <FRAN>55,610000</FRAN>
    <GREC>77,530000</GREC>
    <MFTV>55,610000</MFTV>
    <PRGP>120,020000</PRGP>
    <ROSN>77,530000</ROSN>
    <SLOV>55,610000</SLOV>
    <SVIZ>55,610000</SVIZ>
    <BSP>55,610000</BSP>
  </Prezzi>
  <Prezzi>
    <Data>20141218</Data>
    <Mercato>MGP</Mercato>
    <Ora>22</Ora>
    <PUN>66,848309</PUN>
    <NAT>60,610000</NAT>
    <CNOR>75,000000</CNOR>
    <CSUD>75,000000</CSUD>
    <NORD>54,000000</NORD>
    <SARD>75,000000</SARD>
    <SICI>110,020000</SICI>
    <SUD>75,000000</SUD>
    <AUST>54,000000</AUST>
    <BRNN>75,000000</BRNN>
    <COAC>75,000000</COAC>
    <CORS>75,000000</CORS>
    <FOGN>75,000000</FOGN>
    <FRAN>54,000000</FRAN>
    <GREC>75,000000</GREC>
    <MFTV>54,000000</MFTV>
    <PRGP>110,020000</PRGP>
    <ROSN>75,000000</ROSN>
    <SLOV>54,000000</SLOV>
    <SVIZ>54,000000</SVIZ>
    <BSP>53,000000</BSP>
  </Prezzi>
  <Prezzi>
    <Data>20141218</Data>
    <Mercato>MGP</Mercato>
    <Ora>23</Ora>
    <PUN>61,587205</PUN>
    <NAT>58,000000</NAT>
    <CNOR>68,700000</CNOR>
    <CSUD>68,700000</CSUD>
    <NORD>49,990000</NORD>
    <SARD>68,700000</SARD>
    <SICI>100,020000</SICI>
    <SUD>68,700000</SUD>
    <AUST>49,990000</AUST>
    <BRNN>68,700000</BRNN>
    <COAC>68,700000</COAC>
    <CORS>68,700000</CORS>
    <FOGN>68,700000</FOGN>
    <FRAN>49,990000</FRAN>
    <GREC>68,700000</GREC>
    <MFTV>49,990000</MFTV>
    <PRGP>100,020000</PRGP>
    <ROSN>68,700000</ROSN>
    <SLOV>49,990000</SLOV>
    <SVIZ>49,990000</SVIZ>
    <BSP>49,000000</BSP>
  </Prezzi>
  <Prezzi>
    <Data>20141218</Data>
    <Mercato>MGP</Mercato>
    <Ora>24</Ora>
    <PUN>54,662504</PUN>
    <NAT>52,050000</NAT>
    <CNOR>55,000000</CNOR>
    <CSUD>55,000000</CSUD>
    <NORD>49,800000</NORD>
    <SARD>55,000000</SARD>
    <SICI>90,010000</SICI>
    <SUD>55,000000</SUD>
    <AUST>49,800000</AUST>
    <BRNN>55,000000</BRNN>
    <COAC>55,000000</COAC>
    <CORS>55,000000</CORS>
    <FOGN>55,000000</FOGN>
    <FRAN>49,800000</FRAN>
    <GREC>55,000000</GREC>
    <MFTV>49,800000</MFTV>
    <PRGP>90,010000</PRGP>
    <ROSN>55,000000</ROSN>
    <SLOV>49,800000</SLOV>
    <SVIZ>49,800000</SVIZ>
    <BSP>41,000000</BSP>
  </Prezzi>
</NewDataSet>