<?xml version="1.0" standalone="yes"?>
<NewDataSet>
  <xs:schema id="NewDataSet" xmlns="" xmlns:xs="http://www.w3.org/2001/XMLSchema" xmlns:msdata="urn:schemas-microsoft-com:xml-msdata">
    <xs:element name="NewDataSet" msdata:IsDataSet="true" msdata:UseCurrentLocale="true">
      <xs:complexType>
        <xs:choice minOccurs="0" maxOccurs="unbounded">
          <xs:element name="Prezzi">
            <xs:complexType>
              <xs:sequence>
                <xs:element name="Data" type="xs:string" minOccurs="0" />
                <xs:element name="Mercato" type="xs:string" minOccurs="0" />
                <xs:element name="Ora" type="xs:string" minOccurs="0" />
                <xs:element name="PUN" type="xs:string" minOccurs="0" />
                <xs:element name="NAT" type="xs:string" minOccurs="0" />
                <xs:element name="CNOR" type="xs:string" minOccurs="0" />
                <xs:element name="CSUD" type="xs:string" minOccurs="0" />
                <xs:element name="NORD" type="xs:string" minOccurs="0" />
                <xs:element name="SARD" type="xs:string" minOccurs="0" />
                <xs:element name="SICI" type="xs:string" minOccurs="0" />
                <xs:element name="SUD" type="xs:string" minOccurs="0" />
                <xs:element name="AUST" type="xs:string" minOccurs="0" />
                <xs:element name="BRNN" type="xs:string" minOccurs="0" />
                <xs:element name="COAC" type="xs:string" minOccurs="0" />
                <xs:element name="CORS" type="xs:string" minOccurs="0" />
                <xs:element name="FOGN" type="xs:string" minOccurs="0" />
                <xs:element name="FRAN" type="xs:string" minOccurs="0" />
                <xs:element name="GREC" type="xs:string" minOccurs="0" />
                <xs:element name="MFTV" type="xs:string" minOccurs="0" />
                <xs:element name="PRGP" type="xs:string" minOccurs="0" />
                <xs:element name="ROSN" type="xs:string" minOccurs="0" />
                <xs:element name="SLOV" type="xs:string" minOccurs="0" />
                <xs:element name="SVIZ" type="xs:string" minOccurs="0" />
                <xs:element name="BSP" type="xs:string" minOccurs="0" />
              </xs:sequence>
            </xs:complexType>
          </xs:element>
        </xs:choice>
      </xs:complexType>
    </xs:element>
  </xs:schema>
  <Prezzi>
    <Data>20141210</Data>
    <Mercato>MGP</Mercato>
    <Ora>1</Ora>
    <PUN>47,006010</PUN>
    <NAT>45,390000</NAT>
    <CNOR>46,200000</CNOR>
    <CSUD>46,200000</CSUD>
    <NORD>46,200000</NORD>
    <SARD>46,200000</SARD>
    <SICI>59,500000</SICI>
    <SUD>46,200000</SUD>
    <AUST>46,200000</AUST>
    <BRNN>46,200000</BRNN>
    <COAC>46,200000</COAC>
    <CORS>46,200000</CORS>
    <FOGN>46,200000</FOGN>
    <FRAN>46,200000</FRAN>
    <GREC>46,200000</GREC>
    <MFTV>46,200000</MFTV>
    <PRGP>59,500000</PRGP>
    <ROSN>46,200000</ROSN>
    <SLOV>46,200000</SLOV>
    <SVIZ>46,200000</SVIZ>
    <BSP>22,740000</BSP>
  </Prezzi>
  <Prezzi>
    <Data>20141210</Data>
    <Mercato>MGP</Mercato>
    <Ora>2</Ora>
    <PUN>41,490178</PUN>
    <NAT>40,000000</NAT>
    <CNOR>40,650000</CNOR>
    <CSUD>40,650000</CSUD>
    <NORD>40,650000</NORD>
    <SARD>40,650000</SARD>
    <SICI>55,340000</SICI>
    <SUD>40,650000</SUD>
    <AUST>40,650000</AUST>
    <BRNN>40,650000</BRNN>
    <COAC>40,650000</COAC>
    <CORS>40,650000</CORS>
    <FOGN>40,650000</FOGN>
    <FRAN>40,650000</FRAN>
    <GREC>40,650000</GREC>
    <MFTV>40,650000</MFTV>
    <PRGP>55,340000</PRGP>
    <ROSN>40,650000</ROSN>
    <SLOV>40,650000</SLOV>
    <SVIZ>40,650000</SVIZ>
    <BSP>18,000000</BSP>
  </Prezzi>
  <Prezzi>
    <Data>20141210</Data>
    <Mercato>MGP</Mercato>
    <Ora>3</Ora>
    <PUN>36,830000</PUN>
    <NAT>35,500000</NAT>
    <CNOR>36,830000</CNOR>
    <CSUD>36,830000</CSUD>
    <NORD>36,830000</NORD>
    <SARD>36,830000</SARD>
    <SICI>36,830000</SICI>
    <SUD>36,830000</SUD>
    <AUST>36,830000</AUST>
    <BRNN>36,830000</BRNN>
    <COAC>36,830000</COAC>
    <CORS>36,830000</CORS>
    <FOGN>36,830000</FOGN>
    <FRAN>36,830000</FRAN>
    <GREC>36,830000</GREC>
    <MFTV>36,830000</MFTV>
    <PRGP>36,830000</PRGP>
    <ROSN>36,830000</ROSN>
    <SLOV>36,830000</SLOV>
    <SVIZ>36,830000</SVIZ>
    <BSP>16,000000</BSP>
  </Prezzi>
  <Prezzi>
    <Data>20141210</Data>
    <Mercato>MGP</Mercato>
    <Ora>4</Ora>
    <PUN>31,910000</PUN>
    <NAT>30,970000</NAT>
    <CNOR>31,910000</CNOR>
    <CSUD>31,910000</CSUD>
    <NORD>31,910000</NORD>
    <SARD>31,910000</SARD>
    <SICI>31,910000</SICI>
    <SUD>31,910000</SUD>
    <AUST>31,910000</AUST>
    <BRNN>31,910000</BRNN>
    <COAC>31,910000</COAC>
    <CORS>31,910000</CORS>
    <FOGN>31,910000</FOGN>
    <FRAN>31,910000</FRAN>
    <GREC>31,910000</GREC>
    <MFTV>31,910000</MFTV>
    <PRGP>31,910000</PRGP>
    <ROSN>31,910000</ROSN>
    <SLOV>31,910000</SLOV>
    <SVIZ>31,910000</SVIZ>
    <BSP>13,990000</BSP>
  </Prezzi>
  <Prezzi>
    <Data>20141210</Data>
    <Mercato>MGP</Mercato>
    <Ora>5</Ora>
    <PUN>31,990000</PUN>
    <NAT>30,860000</NAT>
    <CNOR>31,990000</CNOR>
    <CSUD>31,990000</CSUD>
    <NORD>31,990000</NORD>
    <SARD>31,990000</SARD>
    <SICI>31,990000</SICI>
    <SUD>31,990000</SUD>
    <AUST>31,990000</AUST>
    <BRNN>31,990000</BRNN>
    <COAC>31,990000</COAC>
    <CORS>31,990000</CORS>
    <FOGN>31,990000</FOGN>
    <FRAN>31,990000</FRAN>
    <GREC>31,990000</GREC>
    <MFTV>31,990000</MFTV>
    <PRGP>31,990000</PRGP>
    <ROSN>31,990000</ROSN>
    <SLOV>31,990000</SLOV>
    <SVIZ>31,990000</SVIZ>
    <BSP>13,360000</BSP>
  </Prezzi>
  <Prezzi>
    <Data>20141210</Data>
    <Mercato>MGP</Mercato>
    <Ora>6</Ora>
    <PUN>37,400000</PUN>
    <NAT>35,900000</NAT>
    <CNOR>37,400000</CNOR>
    <CSUD>37,400000</CSUD>
    <NORD>37,400000</NORD>
    <SARD>37,400000</SARD>
    <SICI>37,400000</SICI>
    <SUD>37,400000</SUD>
    <AUST>37,400000</AUST>
    <BRNN>37,400000</BRNN>
    <COAC>37,400000</COAC>
    <CORS>37,400000</CORS>
    <FOGN>37,400000</FOGN>
    <FRAN>37,400000</FRAN>
    <GREC>37,400000</GREC>
    <MFTV>37,400000</MFTV>
    <PRGP>37,400000</PRGP>
    <ROSN>37,400000</ROSN>
    <SLOV>37,400000</SLOV>
    <SVIZ>37,400000</SVIZ>
    <BSP>18,000000</BSP>
  </Prezzi>
  <Prezzi>
    <Data>20141210</Data>
    <Mercato>MGP</Mercato>
    <Ora>7</Ora>
    <PUN>47,675779</PUN>
    <NAT>46,220000</NAT>
    <CNOR>47,250000</CNOR>
    <CSUD>47,250000</CSUD>
    <NORD>47,250000</NORD>
    <SARD>47,250000</SARD>
    <SICI>55,300000</SICI>
    <SUD>47,250000</SUD>
    <AUST>47,250000</AUST>
    <BRNN>47,250000</BRNN>
    <COAC>47,250000</COAC>
    <CORS>47,250000</CORS>
    <FOGN>47,250000</FOGN>
    <FRAN>47,250000</FRAN>
    <GREC>47,250000</GREC>
    <MFTV>47,250000</MFTV>
    <PRGP>55,300000</PRGP>
    <ROSN>47,250000</ROSN>
    <SLOV>47,250000</SLOV>
    <SVIZ>47,250000</SVIZ>
    <BSP>33,280000</BSP>
  </Prezzi>
  <Prezzi>
    <Data>20141210</Data>
    <Mercato>MGP</Mercato>
    <Ora>8</Ora>
    <PUN>59,794021</PUN>
    <NAT>59,500000</NAT>
    <CNOR>59,510000</CNOR>
    <CSUD>59,510000</CSUD>
    <NORD>59,510000</NORD>
    <SARD>59,510000</SARD>
    <SICI>64,990000</SICI>
    <SUD>59,510000</SUD>
    <AUST>59,510000</AUST>
    <BRNN>59,510000</BRNN>
    <COAC>59,510000</COAC>
    <CORS>59,510000</CORS>
    <FOGN>59,510000</FOGN>
    <FRAN>59,510000</FRAN>
    <GREC>59,510000</GREC>
    <MFTV>59,510000</MFTV>
    <PRGP>64,990000</PRGP>
    <ROSN>59,510000</ROSN>
    <SLOV>59,510000</SLOV>
    <SVIZ>59,510000</SVIZ>
    <BSP>46,820000</BSP>
  </Prezzi>
  <Prezzi>
    <Data>20141210</Data>
    <Mercato>MGP</Mercato>
    <Ora>9</Ora>
    <PUN>64,300000</PUN>
    <NAT>63,670000</NAT>
    <CNOR>64,300000</CNOR>
    <CSUD>64,300000</CSUD>
    <NORD>64,300000</NORD>
    <SARD>64,300000</SARD>
    <SICI>64,300000</SICI>
    <SUD>64,300000</SUD>
    <AUST>64,300000</AUST>
    <BRNN>64,300000</BRNN>
    <COAC>64,300000</COAC>
    <CORS>64,300000</CORS>
    <FOGN>64,300000</FOGN>
    <FRAN>64,300000</FRAN>
    <GREC>64,300000</GREC>
    <MFTV>64,300000</MFTV>
    <PRGP>64,300000</PRGP>
    <ROSN>64,300000</ROSN>
    <SLOV>64,300000</SLOV>
    <SVIZ>64,300000</SVIZ>
    <BSP>51,880000</BSP>
  </Prezzi>
  <Prezzi>
    <Data>20141210</Data>
    <Mercato>MGP</Mercato>
    <Ora>10</Ora>
    <PUN>65,460000</PUN>
    <NAT>63,600000</NAT>
    <CNOR>65,460000</CNOR>
    <CSUD>65,460000</CSUD>
    <NORD>65,460000</NORD>
    <SARD>65,460000</SARD>
    <SICI>65,460000</SICI>
    <SUD>65,460000</SUD>
    <AUST>65,460000</AUST>
    <BRNN>65,460000</BRNN>
    <COAC>65,460000</COAC>
    <CORS>65,460000</CORS>
    <FOGN>65,460000</FOGN>
    <FRAN>65,460000</FRAN>
    <GREC>65,460000</GREC>
    <MFTV>65,460000</MFTV>
    <PRGP>65,460000</PRGP>
    <ROSN>65,460000</ROSN>
    <SLOV>65,460000</SLOV>
    <SVIZ>65,460000</SVIZ>
    <BSP>54,210000</BSP>
  </Prezzi>
  <Prezzi>
    <Data>20141210</Data>
    <Mercato>MGP</Mercato>
    <Ora>11</Ora>
    <PUN>61,510000</PUN>
    <NAT>61,300000</NAT>
    <CNOR>61,510000</CNOR>
    <CSUD>61,510000</CSUD>
    <NORD>61,510000</NORD>
    <SARD>61,510000</SARD>
    <SICI>61,510000</SICI>
    <SUD>61,510000</SUD>
    <AUST>61,510000</AUST>
    <BRNN>61,510000</BRNN>
    <COAC>61,510000</COAC>
    <CORS>61,510000</CORS>
    <FOGN>61,510000</FOGN>
    <FRAN>61,510000</FRAN>
    <GREC>61,510000</GREC>
    <MFTV>61,510000</MFTV>
    <PRGP>61,510000</PRGP>
    <ROSN>61,510000</ROSN>
    <SLOV>61,510000</SLOV>
    <SVIZ>61,510000</SVIZ>
    <BSP>55,360000</BSP>
  </Prezzi>
  <Prezzi>
    <Data>20141210</Data>
    <Mercato>MGP</Mercato>
    <Ora>12</Ora>
    <PUN>59,167671</PUN>
    <NAT>58,940000</NAT>
    <CNOR>59,150000</CNOR>
    <CSUD>59,150000</CSUD>
    <NORD>59,150000</NORD>
    <SARD>59,150000</SARD>
    <SICI>59,500000</SICI>
    <SUD>59,150000</SUD>
    <AUST>59,150000</AUST>
    <BRNN>59,150000</BRNN>
    <COAC>59,150000</COAC>
    <CORS>59,150000</CORS>
    <FOGN>59,150000</FOGN>
    <FRAN>59,150000</FRAN>
    <GREC>59,150000</GREC>
    <MFTV>59,150000</MFTV>
    <PRGP>59,500000</PRGP>
    <ROSN>59,150000</ROSN>
    <SLOV>59,150000</SLOV>
    <SVIZ>59,150000</SVIZ>
    <BSP>55,000000</BSP>
  </Prezzi>
  <Prezzi>
    <Data>20141210</Data>
    <Mercato>MGP</Mercato>
    <Ora>13</Ora>
    <PUN>55,241636</PUN>
    <NAT>55,100000</NAT>
    <CNOR>55,000000</CNOR>
    <CSUD>55,000000</CSUD>
    <NORD>55,000000</NORD>
    <SARD>55,000000</SARD>
    <SICI>59,500000</SICI>
    <SUD>55,000000</SUD>
    <AUST>55,000000</AUST>
    <BRNN>55,000000</BRNN>
    <COAC>55,000000</COAC>
    <CORS>55,000000</CORS>
    <FOGN>55,000000</FOGN>
    <FRAN>55,000000</FRAN>
    <GREC>55,000000</GREC>
    <MFTV>55,000000</MFTV>
    <PRGP>59,500000</PRGP>
    <ROSN>55,000000</ROSN>
    <SLOV>55,000000</SLOV>
    <SVIZ>55,000000</SVIZ>
    <BSP>54,820000</BSP>
  </Prezzi>
  <Prezzi>
    <Data>20141210</Data>
    <Mercato>MGP</Mercato>
    <Ora>14</Ora>
    <PUN>55,920000</PUN>
    <NAT>55,920000</NAT>
    <CNOR>55,715830</CNOR>
    <CSUD>55,715830</CSUD>
    <NORD>55,715830</NORD>
    <SARD>55,715830</SARD>
    <SICI>59,500000</SICI>
    <SUD>55,715830</SUD>
    <AUST>55,715830</AUST>
    <BRNN>55,715830</BRNN>
    <COAC>55,715830</COAC>
    <CORS>55,715830</CORS>
    <FOGN>55,715830</FOGN>
    <FRAN>55,715830</FRAN>
    <GREC>55,715830</GREC>
    <MFTV>55,715830</MFTV>
    <PRGP>59,500000</PRGP>
    <ROSN>55,715830</ROSN>
    <SLOV>55,715830</SLOV>
    <SVIZ>55,715830</SVIZ>
    <BSP>53,620000</BSP>
  </Prezzi>
  <Prezzi>
    <Data>20141210</Data>
    <Mercato>MGP</Mercato>
    <Ora>15</Ora>
    <PUN>59,790000</PUN>
    <NAT>59,510000</NAT>
    <CNOR>59,790000</CNOR>
    <CSUD>59,790000</CSUD>
    <NORD>59,790000</NORD>
    <SARD>59,790000</SARD>
    <SICI>59,790000</SICI>
    <SUD>59,790000</SUD>
    <AUST>59,790000</AUST>
    <BRNN>59,790000</BRNN>
    <COAC>59,790000</COAC>
    <CORS>59,790000</CORS>
    <FOGN>59,790000</FOGN>
    <FRAN>59,790000</FRAN>
    <GREC>59,790000</GREC>
    <MFTV>59,790000</MFTV>
    <PRGP>59,790000</PRGP>
    <ROSN>59,790000</ROSN>
    <SLOV>59,790000</SLOV>
    <SVIZ>59,790000</SVIZ>
    <BSP>53,180000</BSP>
  </Prezzi>
  <Prezzi>
    <Data>20141210</Data>
    <Mercato>MGP</Mercato>
    <Ora>16</Ora>
    <PUN>62,510000</PUN>
    <NAT>61,990000</NAT>
    <CNOR>62,510000</CNOR>
    <CSUD>62,510000</CSUD>
    <NORD>62,510000</NORD>
    <SARD>62,510000</SARD>
    <SICI>62,510000</SICI>
    <SUD>62,510000</SUD>
    <AUST>62,510000</AUST>
    <BRNN>62,510000</BRNN>
    <COAC>62,510000</COAC>
    <CORS>62,510000</CORS>
    <FOGN>62,510000</FOGN>
    <FRAN>62,510000</FRAN>
    <GREC>62,510000</GREC>
    <MFTV>62,510000</MFTV>
    <PRGP>62,510000</PRGP>
    <ROSN>62,510000</ROSN>
    <SLOV>62,510000</SLOV>
    <SVIZ>62,510000</SVIZ>
    <BSP>52,250000</BSP>
  </Prezzi>
  <Prezzi>
    <Data>20141210</Data>
    <Mercato>MGP</Mercato>
    <Ora>17</Ora>
    <PUN>73,510000</PUN>
    <NAT>71,280000</NAT>
    <CNOR>71,875635</CNOR>
    <CSUD>71,875635</CSUD>
    <NORD>71,875635</NORD>
    <SARD>71,875635</SARD>
    <SICI>102,810000</SICI>
    <SUD>71,875635</SUD>
    <AUST>71,875635</AUST>
    <BRNN>71,875635</BRNN>
    <COAC>71,875635</COAC>
    <CORS>71,875635</CORS>
    <FOGN>71,875635</FOGN>
    <FRAN>71,875635</FRAN>
    <GREC>71,875635</GREC>
    <MFTV>71,875635</MFTV>
    <PRGP>102,810000</PRGP>
    <ROSN>71,875635</ROSN>
    <SLOV>71,875635</SLOV>
    <SVIZ>71,875635</SVIZ>
    <BSP>59,560000</BSP>
  </Prezzi>
  <Prezzi>
    <Data>20141210</Data>
    <Mercato>MGP</Mercato>
    <Ora>18</Ora>
    <PUN>85,763326</PUN>
    <NAT>81,780000</NAT>
    <CNOR>91,000000</CNOR>
    <CSUD>91,000000</CSUD>
    <NORD>77,010000</NORD>
    <SARD>91,000000</SARD>
    <SICI>132,390000</SICI>
    <SUD>91,000000</SUD>
    <AUST>77,010000</AUST>
    <BRNN>91,000000</BRNN>
    <COAC>91,000000</COAC>
    <CORS>91,000000</CORS>
    <FOGN>91,000000</FOGN>
    <FRAN>77,010000</FRAN>
    <GREC>91,000000</GREC>
    <MFTV>77,010000</MFTV>
    <PRGP>132,390000</PRGP>
    <ROSN>91,000000</ROSN>
    <SLOV>77,010000</SLOV>
    <SVIZ>77,010000</SVIZ>
    <BSP>68,890000</BSP>
  </Prezzi>
  <Prezzi>
    <Data>20141210</Data>
    <Mercato>MGP</Mercato>
    <Ora>19</Ora>
    <PUN>86,880000</PUN>
    <NAT>74,550000</NAT>
    <CNOR>106,094219</CNOR>
    <CSUD>106,094219</CSUD>
    <NORD>66,500000</NORD>
    <SARD>106,094219</SARD>
    <SICI>132,520000</SICI>
    <SUD>106,094219</SUD>
    <AUST>66,500000</AUST>
    <BRNN>106,094219</BRNN>
    <COAC>106,094219</COAC>
    <CORS>106,094219</CORS>
    <FOGN>106,094219</FOGN>
    <FRAN>66,500000</FRAN>
    <GREC>106,094219</GREC>
    <MFTV>66,500000</MFTV>
    <PRGP>132,520000</PRGP>
    <ROSN>106,094219</ROSN>
    <SLOV>66,500000</SLOV>
    <SVIZ>66,500000</SVIZ>
    <BSP>65,790000</BSP>
  </Prezzi>
  <Prezzi>
    <Data>20141210</Data>
    <Mercato>MGP</Mercato>
    <Ora>20</Ora>
    <PUN>101,070000</PUN>
    <NAT>72,010000</NAT>
    <CNOR>142,994558</CNOR>
    <CSUD>142,994558</CSUD>
    <NORD>60,890000</NORD>
    <SARD>142,994558</SARD>
    <SICI>142,994558</SICI>
    <SUD>142,994558</SUD>
    <AUST>60,890000</AUST>
    <BRNN>142,994558</BRNN>
    <COAC>142,994558</COAC>
    <CORS>142,994558</CORS>
    <FOGN>142,994558</FOGN>
    <FRAN>60,890000</FRAN>
    <GREC>142,994558</GREC>
    <MFTV>60,890000</MFTV>
    <PRGP>142,994558</PRGP>
    <ROSN>142,994558</ROSN>
    <SLOV>60,890000</SLOV>
    <SVIZ>60,890000</SVIZ>
    <BSP>58,800000</BSP>
  </Prezzi>
  <Prezzi>
    <Data>20141210</Data>
    <Mercato>MGP</Mercato>
    <Ora>21</Ora>
    <PUN>72,895211</PUN>
    <NAT>63,600000</NAT>
    <CNOR>84,500000</CNOR>
    <CSUD>84,500000</CSUD>
    <NORD>57,400000</NORD>
    <SARD>84,500000</SARD>
    <SICI>120,000000</SICI>
    <SUD>84,500000</SUD>
    <AUST>57,400000</AUST>
    <BRNN>84,500000</BRNN>
    <COAC>84,500000</COAC>
    <CORS>84,500000</CORS>
    <FOGN>84,500000</FOGN>
    <FRAN>57,400000</FRAN>
    <GREC>84,500000</GREC>
    <MFTV>57,400000</MFTV>
    <PRGP>120,000000</PRGP>
    <ROSN>84,500000</ROSN>
    <SLOV>57,400000</SLOV>
    <SVIZ>57,400000</SVIZ>
    <BSP>57,400000</BSP>
  </Prezzi>
  <Prezzi>
    <Data>20141210</Data>
    <Mercato>MGP</Mercato>
    <Ora>22</Ora>
    <PUN>67,236964</PUN>
    <NAT>59,510000</NAT>
    <CNOR>78,000000</CNOR>
    <CSUD>78,000000</CSUD>
    <NORD>53,780000</NORD>
    <SARD>78,000000</SARD>
    <SICI>102,810000</SICI>
    <SUD>78,000000</SUD>
    <AUST>53,780000</AUST>
    <BRNN>78,000000</BRNN>
    <COAC>78,000000</COAC>
    <CORS>78,000000</CORS>
    <FOGN>78,000000</FOGN>
    <FRAN>53,780000</FRAN>
    <GREC>78,000000</GREC>
    <MFTV>53,780000</MFTV>
    <PRGP>102,810000</PRGP>
    <ROSN>78,000000</ROSN>
    <SLOV>53,780000</SLOV>
    <SVIZ>53,780000</SVIZ>
    <BSP>52,200000</BSP>
  </Prezzi>
  <Prezzi>
    <Data>20141210</Data>
    <Mercato>MGP</Mercato>
    <Ora>23</Ora>
    <PUN>59,090473</PUN>
    <NAT>54,400000</NAT>
    <CNOR>62,700000</CNOR>
    <CSUD>62,700000</CSUD>
    <NORD>51,000000</NORD>
    <SARD>62,700000</SARD>
    <SICI>100,000000</SICI>
    <SUD>62,700000</SUD>
    <AUST>51,000000</AUST>
    <BRNN>62,700000</BRNN>
    <COAC>62,700000</COAC>
    <CORS>62,700000</CORS>
    <FOGN>62,700000</FOGN>
    <FRAN>51,000000</FRAN>
    <GREC>62,700000</GREC>
    <MFTV>51,000000</MFTV>
    <PRGP>100,000000</PRGP>
    <ROSN>62,700000</ROSN>
    <SLOV>51,000000</SLOV>
    <SVIZ>51,000000</SVIZ>
    <BSP>48,680000</BSP>
  </Prezzi>
  <Prezzi>
    <Data>20141210</Data>
    <Mercato>MGP</Mercato>
    <Ora>24</Ora>
    <PUN>51,020482</PUN>
    <NAT>50,300000</NAT>
    <CNOR>50,990000</CNOR>
    <CSUD>50,990000</CSUD>
    <NORD>49,990000</NORD>
    <SARD>50,990000</SARD>
    <SICI>59,510000</SICI>
    <SUD>50,990000</SUD>
    <AUST>49,990000</AUST>
    <BRNN>50,990000</BRNN>
    <COAC>50,990000</COAC>
    <CORS>50,990000</CORS>
    <FOGN>50,990000</FOGN>
    <FRAN>49,990000</FRAN>
    <GREC>50,990000</GREC>
    <MFTV>49,990000</MFTV>
    <PRGP>59,510000</PRGP>
    <ROSN>50,990000</ROSN>
    <SLOV>49,990000</SLOV>
    <SVIZ>49,990000</SVIZ>
    <BSP>35,500000</BSP>
  </Prezzi>
</NewDataSet>