<?xml version="1.0" standalone="yes"?>
<NewDataSet>
  <xs:schema id="NewDataSet" xmlns="" xmlns:xs="http://www.w3.org/2001/XMLSchema" xmlns:msdata="urn:schemas-microsoft-com:xml-msdata">
    <xs:element name="NewDataSet" msdata:IsDataSet="true" msdata:UseCurrentLocale="true">
      <xs:complexType>
        <xs:choice minOccurs="0" maxOccurs="unbounded">
          <xs:element name="StimeFabbisogno">
            <xs:complexType>
              <xs:sequence>
                <xs:element name="Data" type="xs:string" minOccurs="0" />
                <xs:element name="Mercato" type="xs:string" minOccurs="0" />
                <xs:element name="Ora" type="xs:string" minOccurs="0" />
                <xs:element name="Totale" type="xs:string" minOccurs="0" />
                <xs:element name="CNOR" type="xs:string" minOccurs="0" />
                <xs:element name="CSUD" type="xs:string" minOccurs="0" />
                <xs:element name="NORD" type="xs:string" minOccurs="0" />
                <xs:element name="SARD" type="xs:string" minOccurs="0" />
                <xs:element name="SICI" type="xs:string" minOccurs="0" />
                <xs:element name="SUD" type="xs:string" minOccurs="0" />
              </xs:sequence>
            </xs:complexType>
          </xs:element>
        </xs:choice>
      </xs:complexType>
    </xs:element>
  </xs:schema>
  <StimeFabbisogno>
    <Data>20140204</Data>
    <Mercato>MGP</Mercato>
    <Ora>1</Ora>
    <Totale>28420</Totale>
    <CNOR>3152</CNOR>
    <CSUD>4321</CSUD>
    <NORD>15969</NORD>
    <SARD>868</SARD>
    <SICI>1852</SICI>
    <SUD>2258</SUD>
  </StimeFabbisogno>
  <StimeFabbisogno>
    <Data>20140204</Data>
    <Mercato>MGP</Mercato>
    <Ora>2</Ora>
    <Totale>26487</Totale>
    <CNOR>2878</CNOR>
    <CSUD>3978</CSUD>
    <NORD>15154</NORD>
    <SARD>781</SARD>
    <SICI>1617</SICI>
    <SUD>2079</SUD>
  </StimeFabbisogno>
  <StimeFabbisogno>
    <Data>20140204</Data>
    <Mercato>MGP</Mercato>
    <Ora>3</Ora>
    <Totale>25646</Totale>
    <CNOR>2830</CNOR>
    <CSUD>3777</CSUD>
    <NORD>14675</NORD>
    <SARD>762</SARD>
    <SICI>1591</SICI>
    <SUD>2011</SUD>
  </StimeFabbisogno>
  <StimeFabbisogno>
    <Data>20140204</Data>
    <Mercato>MGP</Mercato>
    <Ora>4</Ora>
    <Totale>25681</Totale>
    <CNOR>2774</CNOR>
    <CSUD>3708</CSUD>
    <NORD>14932</NORD>
    <SARD>747</SARD>
    <SICI>1549</SICI>
    <SUD>1971</SUD>
  </StimeFabbisogno>
  <StimeFabbisogno>
    <Data>20140204</Data>
    <Mercato>MGP</Mercato>
    <Ora>5</Ora>
    <Totale>25843</Totale>
    <CNOR>2780</CNOR>
    <CSUD>3752</CSUD>
    <NORD>15019</NORD>
    <SARD>751</SARD>
    <SICI>1538</SICI>
    <SUD>2003</SUD>
  </StimeFabbisogno>
  <StimeFabbisogno>
    <Data>20140204</Data>
    <Mercato>MGP</Mercato>
    <Ora>6</Ora>
    <Totale>27431</Totale>
    <CNOR>2952</CNOR>
    <CSUD>3950</CSUD>
    <NORD>15968</NORD>
    <SARD>780</SARD>
    <SICI>1597</SICI>
    <SUD>2184</SUD>
  </StimeFabbisogno>
  <StimeFabbisogno>
    <Data>20140204</Data>
    <Mercato>MGP</Mercato>
    <Ora>7</Ora>
    <Totale>32608</Totale>
    <CNOR>3423</CNOR>
    <CSUD>4754</CSUD>
    <NORD>19122</NORD>
    <SARD>913</SARD>
    <SICI>1820</SICI>
    <SUD>2576</SUD>
  </StimeFabbisogno>
  <StimeFabbisogno>
    <Data>20140204</Data>
    <Mercato>MGP</Mercato>
    <Ora>8</Ora>
    <Totale>38950</Totale>
    <CNOR>4098</CNOR>
    <CSUD>5756</CSUD>
    <NORD>22916</NORD>
    <SARD>1100</SARD>
    <SICI>2167</SICI>
    <SUD>2913</SUD>
  </StimeFabbisogno>
  <StimeFabbisogno>
    <Data>20140204</Data>
    <Mercato>MGP</Mercato>
    <Ora>9</Ora>
    <Totale>43488</Totale>
    <CNOR>4668</CNOR>
    <CSUD>6385</CSUD>
    <NORD>25603</NORD>
    <SARD>1202</SARD>
    <SICI>2415</SICI>
    <SUD>3215</SUD>
  </StimeFabbisogno>
  <StimeFabbisogno>
    <Data>20140204</Data>
    <Mercato>MGP</Mercato>
    <Ora>10</Ora>
    <Totale>45274</Totale>
    <CNOR>4933</CNOR>
    <CSUD>6770</CSUD>
    <NORD>26378</NORD>
    <SARD>1240</SARD>
    <SICI>2475</SICI>
    <SUD>3478</SUD>
  </StimeFabbisogno>
  <StimeFabbisogno>
    <Data>20140204</Data>
    <Mercato>MGP</Mercato>
    <Ora>11</Ora>
    <Totale>45076</Totale>
    <CNOR>4852</CNOR>
    <CSUD>6862</CSUD>
    <NORD>26225</NORD>
    <SARD>1275</SARD>
    <SICI>2441</SICI>
    <SUD>3421</SUD>
  </StimeFabbisogno>
  <StimeFabbisogno>
    <Data>20140204</Data>
    <Mercato>MGP</Mercato>
    <Ora>12</Ora>
    <Totale>44954</Totale>
    <CNOR>4818</CNOR>
    <CSUD>7045</CSUD>
    <NORD>26086</NORD>
    <SARD>1245</SARD>
    <SICI>2432</SICI>
    <SUD>3328</SUD>
  </StimeFabbisogno>
  <StimeFabbisogno>
    <Data>20140204</Data>
    <Mercato>MGP</Mercato>
    <Ora>13</Ora>
    <Totale>42548</Totale>
    <CNOR>4612</CNOR>
    <CSUD>6991</CSUD>
    <NORD>23790</NORD>
    <SARD>1262</SARD>
    <SICI>2425</SICI>
    <SUD>3468</SUD>
  </StimeFabbisogno>
  <StimeFabbisogno>
    <Data>20140204</Data>
    <Mercato>MGP</Mercato>
    <Ora>14</Ora>
    <Totale>41684</Totale>
    <CNOR>4395</CNOR>
    <CSUD>6601</CSUD>
    <NORD>23988</NORD>
    <SARD>1169</SARD>
    <SICI>2399</SICI>
    <SUD>3132</SUD>
  </StimeFabbisogno>
  <StimeFabbisogno>
    <Data>20140204</Data>
    <Mercato>MGP</Mercato>
    <Ora>15</Ora>
    <Totale>42739</Totale>
    <CNOR>4696</CNOR>
    <CSUD>6579</CSUD>
    <NORD>24768</NORD>
    <SARD>1121</SARD>
    <SICI>2391</SICI>
    <SUD>3184</SUD>
  </StimeFabbisogno>
  <StimeFabbisogno>
    <Data>20140204</Data>
    <Mercato>MGP</Mercato>
    <Ora>16</Ora>
    <Totale>43119</Totale>
    <CNOR>4754</CNOR>
    <CSUD>6626</CSUD>
    <NORD>25269</NORD>
    <SARD>1073</SARD>
    <SICI>2438</SICI>
    <SUD>2959</SUD>
  </StimeFabbisogno>
  <StimeFabbisogno>
    <Data>20140204</Data>
    <Mercato>MGP</Mercato>
    <Ora>17</Ora>
    <Totale>43637</Totale>
    <CNOR>4848</CNOR>
    <CSUD>6792</CSUD>
    <NORD>25233</NORD>
    <SARD>1071</SARD>
    <SICI>2506</SICI>
    <SUD>3187</SUD>
  </StimeFabbisogno>
  <StimeFabbisogno>
    <Data>20140204</Data>
    <Mercato>MGP</Mercato>
    <Ora>18</Ora>
    <Totale>45088</Totale>
    <CNOR>4943</CNOR>
    <CSUD>7221</CSUD>
    <NORD>25414</NORD>
    <SARD>1195</SARD>
    <SICI>2726</SICI>
    <SUD>3589</SUD>
  </StimeFabbisogno>
  <StimeFabbisogno>
    <Data>20140204</Data>
    <Mercato>MGP</Mercato>
    <Ora>19</Ora>
    <Totale>45784</Totale>
    <CNOR>4969</CNOR>
    <CSUD>7449</CSUD>
    <NORD>25466</NORD>
    <SARD>1257</SARD>
    <SICI>2866</SICI>
    <SUD>3777</SUD>
  </StimeFabbisogno>
  <StimeFabbisogno>
    <Data>20140204</Data>
    <Mercato>MGP</Mercato>
    <Ora>20</Ora>
    <Totale>44454</Totale>
    <CNOR>4649</CNOR>
    <CSUD>7497</CSUD>
    <NORD>24335</NORD>
    <SARD>1297</SARD>
    <SICI>2920</SICI>
    <SUD>3756</SUD>
  </StimeFabbisogno>
  <StimeFabbisogno>
    <Data>20140204</Data>
    <Mercato>MGP</Mercato>
    <Ora>21</Ora>
    <Totale>42036</Totale>
    <CNOR>4258</CNOR>
    <CSUD>7045</CSUD>
    <NORD>22954</NORD>
    <SARD>1270</SARD>
    <SICI>2860</SICI>
    <SUD>3649</SUD>
  </StimeFabbisogno>
  <StimeFabbisogno>
    <Data>20140204</Data>
    <Mercato>MGP</Mercato>
    <Ora>22</Ora>
    <Totale>38812</Totale>
    <CNOR>3988</CNOR>
    <CSUD>6464</CSUD>
    <NORD>21157</NORD>
    <SARD>1180</SARD>
    <SICI>2634</SICI>
    <SUD>3389</SUD>
  </StimeFabbisogno>
  <StimeFabbisogno>
    <Data>20140204</Data>
    <Mercato>MGP</Mercato>
    <Ora>23</Ora>
    <Totale>34875</Totale>
    <CNOR>3682</CNOR>
    <CSUD>5767</CSUD>
    <NORD>18906</NORD>
    <SARD>1076</SARD>
    <SICI>2404</SICI>
    <SUD>3040</SUD>
  </StimeFabbisogno>
  <StimeFabbisogno>
    <Data>20140204</Data>
    <Mercato>MGP</Mercato>
    <Ora>24</Ora>
    <Totale>31601</Totale>
    <CNOR>3307</CNOR>
    <CSUD>5133</CSUD>
    <NORD>17402</NORD>
    <SARD>948</SARD>
    <SICI>2136</SICI>
    <SUD>2675</SUD>
  </StimeFabbisogno>
</NewDataSet>