<?xml version="1.0" standalone="yes"?>
<NewDataSet>
  <xs:schema id="NewDataSet" xmlns="" xmlns:xs="http://www.w3.org/2001/XMLSchema" xmlns:msdata="urn:schemas-microsoft-com:xml-msdata">
    <xs:element name="NewDataSet" msdata:IsDataSet="true" msdata:UseCurrentLocale="true">
      <xs:complexType>
        <xs:choice minOccurs="0" maxOccurs="unbounded">
          <xs:element name="StimeFabbisogno">
            <xs:complexType>
              <xs:sequence>
                <xs:element name="Data" type="xs:string" minOccurs="0" />
                <xs:element name="Mercato" type="xs:string" minOccurs="0" />
                <xs:element name="Ora" type="xs:string" minOccurs="0" />
                <xs:element name="Totale" type="xs:string" minOccurs="0" />
                <xs:element name="CNOR" type="xs:string" minOccurs="0" />
                <xs:element name="CSUD" type="xs:string" minOccurs="0" />
                <xs:element name="NORD" type="xs:string" minOccurs="0" />
                <xs:element name="SARD" type="xs:string" minOccurs="0" />
                <xs:element name="SICI" type="xs:string" minOccurs="0" />
                <xs:element name="SUD" type="xs:string" minOccurs="0" />
              </xs:sequence>
            </xs:complexType>
          </xs:element>
        </xs:choice>
      </xs:complexType>
    </xs:element>
  </xs:schema>
  <StimeFabbisogno>
    <Data>20140217</Data>
    <Mercato>MGP</Mercato>
    <Ora>1</Ora>
    <Totale>24531</Totale>
    <CNOR>2806</CNOR>
    <CSUD>3922</CSUD>
    <NORD>13154</NORD>
    <SARD>840</SARD>
    <SICI>1706</SICI>
    <SUD>2103</SUD>
  </StimeFabbisogno>
  <StimeFabbisogno>
    <Data>20140217</Data>
    <Mercato>MGP</Mercato>
    <Ora>2</Ora>
    <Totale>23029</Totale>
    <CNOR>2621</CNOR>
    <CSUD>3618</CSUD>
    <NORD>12524</NORD>
    <SARD>781</SARD>
    <SICI>1553</SICI>
    <SUD>1932</SUD>
  </StimeFabbisogno>
  <StimeFabbisogno>
    <Data>20140217</Data>
    <Mercato>MGP</Mercato>
    <Ora>3</Ora>
    <Totale>22435</Totale>
    <CNOR>2589</CNOR>
    <CSUD>3456</CSUD>
    <NORD>12244</NORD>
    <SARD>763</SARD>
    <SICI>1483</SICI>
    <SUD>1900</SUD>
  </StimeFabbisogno>
  <StimeFabbisogno>
    <Data>20140217</Data>
    <Mercato>MGP</Mercato>
    <Ora>4</Ora>
    <Totale>22405</Totale>
    <CNOR>2614</CNOR>
    <CSUD>3357</CSUD>
    <NORD>12322</NORD>
    <SARD>763</SARD>
    <SICI>1486</SICI>
    <SUD>1863</SUD>
  </StimeFabbisogno>
  <StimeFabbisogno>
    <Data>20140217</Data>
    <Mercato>MGP</Mercato>
    <Ora>5</Ora>
    <Totale>22881</Totale>
    <CNOR>2628</CNOR>
    <CSUD>3382</CSUD>
    <NORD>12714</NORD>
    <SARD>764</SARD>
    <SICI>1510</SICI>
    <SUD>1883</SUD>
  </StimeFabbisogno>
  <StimeFabbisogno>
    <Data>20140217</Data>
    <Mercato>MGP</Mercato>
    <Ora>6</Ora>
    <Totale>25007</Totale>
    <CNOR>2856</CNOR>
    <CSUD>3659</CSUD>
    <NORD>14125</NORD>
    <SARD>804</SARD>
    <SICI>1574</SICI>
    <SUD>1989</SUD>
  </StimeFabbisogno>
  <StimeFabbisogno>
    <Data>20140217</Data>
    <Mercato>MGP</Mercato>
    <Ora>7</Ora>
    <Totale>30444</Totale>
    <CNOR>3327</CNOR>
    <CSUD>4363</CSUD>
    <NORD>17827</NORD>
    <SARD>903</SARD>
    <SICI>1738</SICI>
    <SUD>2286</SUD>
  </StimeFabbisogno>
  <StimeFabbisogno>
    <Data>20140217</Data>
    <Mercato>MGP</Mercato>
    <Ora>8</Ora>
    <Totale>35782</Totale>
    <CNOR>3775</CNOR>
    <CSUD>5053</CSUD>
    <NORD>21226</NORD>
    <SARD>1042</SARD>
    <SICI>2032</SICI>
    <SUD>2654</SUD>
  </StimeFabbisogno>
  <StimeFabbisogno>
    <Data>20140217</Data>
    <Mercato>MGP</Mercato>
    <Ora>9</Ora>
    <Totale>40223</Totale>
    <CNOR>4218</CNOR>
    <CSUD>5688</CSUD>
    <NORD>24191</NORD>
    <SARD>1111</SARD>
    <SICI>2162</SICI>
    <SUD>2853</SUD>
  </StimeFabbisogno>
  <StimeFabbisogno>
    <Data>20140217</Data>
    <Mercato>MGP</Mercato>
    <Ora>10</Ora>
    <Totale>42092</Totale>
    <CNOR>4341</CNOR>
    <CSUD>6089</CSUD>
    <NORD>25414</NORD>
    <SARD>1140</SARD>
    <SICI>2166</SICI>
    <SUD>2942</SUD>
  </StimeFabbisogno>
  <StimeFabbisogno>
    <Data>20140217</Data>
    <Mercato>MGP</Mercato>
    <Ora>11</Ora>
    <Totale>42051</Totale>
    <CNOR>4211</CNOR>
    <CSUD>6113</CSUD>
    <NORD>25371</NORD>
    <SARD>1127</SARD>
    <SICI>2142</SICI>
    <SUD>3087</SUD>
  </StimeFabbisogno>
  <StimeFabbisogno>
    <Data>20140217</Data>
    <Mercato>MGP</Mercato>
    <Ora>12</Ora>
    <Totale>41548</Totale>
    <CNOR>4224</CNOR>
    <CSUD>6093</CSUD>
    <NORD>25170</NORD>
    <SARD>1117</SARD>
    <SICI>2122</SICI>
    <SUD>2822</SUD>
  </StimeFabbisogno>
  <StimeFabbisogno>
    <Data>20140217</Data>
    <Mercato>MGP</Mercato>
    <Ora>13</Ora>
    <Totale>39840</Totale>
    <CNOR>4135</CNOR>
    <CSUD>6081</CSUD>
    <NORD>23499</NORD>
    <SARD>1125</SARD>
    <SICI>2062</SICI>
    <SUD>2938</SUD>
  </StimeFabbisogno>
  <StimeFabbisogno>
    <Data>20140217</Data>
    <Mercato>MGP</Mercato>
    <Ora>14</Ora>
    <Totale>39629</Totale>
    <CNOR>3974</CNOR>
    <CSUD>5897</CSUD>
    <NORD>23639</NORD>
    <SARD>1106</SARD>
    <SICI>2073</SICI>
    <SUD>2940</SUD>
  </StimeFabbisogno>
  <StimeFabbisogno>
    <Data>20140217</Data>
    <Mercato>MGP</Mercato>
    <Ora>15</Ora>
    <Totale>40426</Totale>
    <CNOR>4192</CNOR>
    <CSUD>5997</CSUD>
    <NORD>24239</NORD>
    <SARD>1089</SARD>
    <SICI>2167</SICI>
    <SUD>2742</SUD>
  </StimeFabbisogno>
  <StimeFabbisogno>
    <Data>20140217</Data>
    <Mercato>MGP</Mercato>
    <Ora>16</Ora>
    <Totale>40948</Totale>
    <CNOR>4386</CNOR>
    <CSUD>6035</CSUD>
    <NORD>24385</NORD>
    <SARD>1072</SARD>
    <SICI>2240</SICI>
    <SUD>2830</SUD>
  </StimeFabbisogno>
  <StimeFabbisogno>
    <Data>20140217</Data>
    <Mercato>MGP</Mercato>
    <Ora>17</Ora>
    <Totale>40749</Totale>
    <CNOR>4355</CNOR>
    <CSUD>6152</CSUD>
    <NORD>24055</NORD>
    <SARD>1042</SARD>
    <SICI>2275</SICI>
    <SUD>2870</SUD>
  </StimeFabbisogno>
  <StimeFabbisogno>
    <Data>20140217</Data>
    <Mercato>MGP</Mercato>
    <Ora>18</Ora>
    <Totale>41385</Totale>
    <CNOR>4475</CNOR>
    <CSUD>6399</CSUD>
    <NORD>23658</NORD>
    <SARD>1063</SARD>
    <SICI>2387</SICI>
    <SUD>3403</SUD>
  </StimeFabbisogno>
  <StimeFabbisogno>
    <Data>20140217</Data>
    <Mercato>MGP</Mercato>
    <Ora>19</Ora>
    <Totale>43608</Totale>
    <CNOR>4572</CNOR>
    <CSUD>6918</CSUD>
    <NORD>24503</NORD>
    <SARD>1169</SARD>
    <SICI>2670</SICI>
    <SUD>3776</SUD>
  </StimeFabbisogno>
  <StimeFabbisogno>
    <Data>20140217</Data>
    <Mercato>MGP</Mercato>
    <Ora>20</Ora>
    <Totale>43049</Totale>
    <CNOR>4489</CNOR>
    <CSUD>6957</CSUD>
    <NORD>23794</NORD>
    <SARD>1217</SARD>
    <SICI>2767</SICI>
    <SUD>3825</SUD>
  </StimeFabbisogno>
  <StimeFabbisogno>
    <Data>20140217</Data>
    <Mercato>MGP</Mercato>
    <Ora>21</Ora>
    <Totale>40710</Totale>
    <CNOR>4146</CNOR>
    <CSUD>6564</CSUD>
    <NORD>22440</NORD>
    <SARD>1195</SARD>
    <SICI>2667</SICI>
    <SUD>3698</SUD>
  </StimeFabbisogno>
  <StimeFabbisogno>
    <Data>20140217</Data>
    <Mercato>MGP</Mercato>
    <Ora>22</Ora>
    <Totale>37584</Totale>
    <CNOR>3915</CNOR>
    <CSUD>6015</CSUD>
    <NORD>20764</NORD>
    <SARD>1103</SARD>
    <SICI>2413</SICI>
    <SUD>3374</SUD>
  </StimeFabbisogno>
  <StimeFabbisogno>
    <Data>20140217</Data>
    <Mercato>MGP</Mercato>
    <Ora>23</Ora>
    <Totale>33792</Totale>
    <CNOR>3532</CNOR>
    <CSUD>5293</CSUD>
    <NORD>18715</NORD>
    <SARD>1015</SARD>
    <SICI>2182</SICI>
    <SUD>3055</SUD>
  </StimeFabbisogno>
  <StimeFabbisogno>
    <Data>20140217</Data>
    <Mercato>MGP</Mercato>
    <Ora>24</Ora>
    <Totale>30799</Totale>
    <CNOR>3300</CNOR>
    <CSUD>4679</CSUD>
    <NORD>17188</NORD>
    <SARD>926</SARD>
    <SICI>1951</SICI>
    <SUD>2755</SUD>
  </StimeFabbisogno>
</NewDataSet>