<?xml version="1.0" standalone="yes"?>
<NewDataSet>
  <xs:schema id="NewDataSet" xmlns="" xmlns:xs="http://www.w3.org/2001/XMLSchema" xmlns:msdata="urn:schemas-microsoft-com:xml-msdata">
    <xs:element name="NewDataSet" msdata:IsDataSet="true" msdata:UseCurrentLocale="true">
      <xs:complexType>
        <xs:choice minOccurs="0" maxOccurs="unbounded">
          <xs:element name="StimeFabbisogno">
            <xs:complexType>
              <xs:sequence>
                <xs:element name="Data" type="xs:string" minOccurs="0" />
                <xs:element name="Mercato" type="xs:string" minOccurs="0" />
                <xs:element name="Ora" type="xs:string" minOccurs="0" />
                <xs:element name="Totale" type="xs:string" minOccurs="0" />
                <xs:element name="CNOR" type="xs:string" minOccurs="0" />
                <xs:element name="CSUD" type="xs:string" minOccurs="0" />
                <xs:element name="NORD" type="xs:string" minOccurs="0" />
                <xs:element name="SARD" type="xs:string" minOccurs="0" />
                <xs:element name="SICI" type="xs:string" minOccurs="0" />
                <xs:element name="SUD" type="xs:string" minOccurs="0" />
              </xs:sequence>
            </xs:complexType>
          </xs:element>
        </xs:choice>
      </xs:complexType>
    </xs:element>
  </xs:schema>
  <StimeFabbisogno>
    <Data>20140207</Data>
    <Mercato>MGP</Mercato>
    <Ora>1</Ora>
    <Totale>27569</Totale>
    <CNOR>2998</CNOR>
    <CSUD>4079</CSUD>
    <NORD>15778</NORD>
    <SARD>854</SARD>
    <SICI>1675</SICI>
    <SUD>2185</SUD>
  </StimeFabbisogno>
  <StimeFabbisogno>
    <Data>20140207</Data>
    <Mercato>MGP</Mercato>
    <Ora>2</Ora>
    <Totale>25825</Totale>
    <CNOR>2793</CNOR>
    <CSUD>3750</CSUD>
    <NORD>14974</NORD>
    <SARD>807</SARD>
    <SICI>1516</SICI>
    <SUD>1985</SUD>
  </StimeFabbisogno>
  <StimeFabbisogno>
    <Data>20140207</Data>
    <Mercato>MGP</Mercato>
    <Ora>3</Ora>
    <Totale>24929</Totale>
    <CNOR>2721</CNOR>
    <CSUD>3599</CSUD>
    <NORD>14545</NORD>
    <SARD>770</SARD>
    <SICI>1427</SICI>
    <SUD>1867</SUD>
  </StimeFabbisogno>
  <StimeFabbisogno>
    <Data>20140207</Data>
    <Mercato>MGP</Mercato>
    <Ora>4</Ora>
    <Totale>24656</Totale>
    <CNOR>2674</CNOR>
    <CSUD>3522</CSUD>
    <NORD>14501</NORD>
    <SARD>759</SARD>
    <SICI>1372</SICI>
    <SUD>1828</SUD>
  </StimeFabbisogno>
  <StimeFabbisogno>
    <Data>20140207</Data>
    <Mercato>MGP</Mercato>
    <Ora>5</Ora>
    <Totale>24994</Totale>
    <CNOR>2714</CNOR>
    <CSUD>3566</CSUD>
    <NORD>14712</NORD>
    <SARD>765</SARD>
    <SICI>1380</SICI>
    <SUD>1857</SUD>
  </StimeFabbisogno>
  <StimeFabbisogno>
    <Data>20140207</Data>
    <Mercato>MGP</Mercato>
    <Ora>6</Ora>
    <Totale>26581</Totale>
    <CNOR>2851</CNOR>
    <CSUD>3814</CSUD>
    <NORD>15681</NORD>
    <SARD>797</SARD>
    <SICI>1459</SICI>
    <SUD>1979</SUD>
  </StimeFabbisogno>
  <StimeFabbisogno>
    <Data>20140207</Data>
    <Mercato>MGP</Mercato>
    <Ora>7</Ora>
    <Totale>32376</Totale>
    <CNOR>3493</CNOR>
    <CSUD>4547</CSUD>
    <NORD>19353</NORD>
    <SARD>913</SARD>
    <SICI>1701</SICI>
    <SUD>2369</SUD>
  </StimeFabbisogno>
  <StimeFabbisogno>
    <Data>20140207</Data>
    <Mercato>MGP</Mercato>
    <Ora>8</Ora>
    <Totale>37826</Totale>
    <CNOR>4049</CNOR>
    <CSUD>5234</CSUD>
    <NORD>22665</NORD>
    <SARD>1099</SARD>
    <SICI>2006</SICI>
    <SUD>2773</SUD>
  </StimeFabbisogno>
  <StimeFabbisogno>
    <Data>20140207</Data>
    <Mercato>MGP</Mercato>
    <Ora>9</Ora>
    <Totale>41903</Totale>
    <CNOR>4469</CNOR>
    <CSUD>5765</CSUD>
    <NORD>25176</NORD>
    <SARD>1204</SARD>
    <SICI>2247</SICI>
    <SUD>3042</SUD>
  </StimeFabbisogno>
  <StimeFabbisogno>
    <Data>20140207</Data>
    <Mercato>MGP</Mercato>
    <Ora>10</Ora>
    <Totale>43540</Totale>
    <CNOR>4685</CNOR>
    <CSUD>6107</CSUD>
    <NORD>25906</NORD>
    <SARD>1215</SARD>
    <SICI>2357</SICI>
    <SUD>3270</SUD>
  </StimeFabbisogno>
  <StimeFabbisogno>
    <Data>20140207</Data>
    <Mercato>MGP</Mercato>
    <Ora>11</Ora>
    <Totale>43864</Totale>
    <CNOR>4747</CNOR>
    <CSUD>6155</CSUD>
    <NORD>26060</NORD>
    <SARD>1221</SARD>
    <SICI>2277</SICI>
    <SUD>3404</SUD>
  </StimeFabbisogno>
  <StimeFabbisogno>
    <Data>20140207</Data>
    <Mercato>MGP</Mercato>
    <Ora>12</Ora>
    <Totale>43648</Totale>
    <CNOR>4603</CNOR>
    <CSUD>6252</CSUD>
    <NORD>26332</NORD>
    <SARD>1197</SARD>
    <SICI>2162</SICI>
    <SUD>3102</SUD>
  </StimeFabbisogno>
  <StimeFabbisogno>
    <Data>20140207</Data>
    <Mercato>MGP</Mercato>
    <Ora>13</Ora>
    <Totale>41272</Totale>
    <CNOR>4317</CNOR>
    <CSUD>6230</CSUD>
    <NORD>24325</NORD>
    <SARD>1146</SARD>
    <SICI>2180</SICI>
    <SUD>3074</SUD>
  </StimeFabbisogno>
  <StimeFabbisogno>
    <Data>20140207</Data>
    <Mercato>MGP</Mercato>
    <Ora>14</Ora>
    <Totale>40375</Totale>
    <CNOR>4248</CNOR>
    <CSUD>5969</CSUD>
    <NORD>24064</NORD>
    <SARD>1109</SARD>
    <SICI>2088</SICI>
    <SUD>2897</SUD>
  </StimeFabbisogno>
  <StimeFabbisogno>
    <Data>20140207</Data>
    <Mercato>MGP</Mercato>
    <Ora>15</Ora>
    <Totale>41996</Totale>
    <CNOR>4450</CNOR>
    <CSUD>5979</CSUD>
    <NORD>25108</NORD>
    <SARD>1135</SARD>
    <SICI>2235</SICI>
    <SUD>3089</SUD>
  </StimeFabbisogno>
  <StimeFabbisogno>
    <Data>20140207</Data>
    <Mercato>MGP</Mercato>
    <Ora>16</Ora>
    <Totale>42381</Totale>
    <CNOR>4508</CNOR>
    <CSUD>6120</CSUD>
    <NORD>25573</NORD>
    <SARD>1148</SARD>
    <SICI>2123</SICI>
    <SUD>2909</SUD>
  </StimeFabbisogno>
  <StimeFabbisogno>
    <Data>20140207</Data>
    <Mercato>MGP</Mercato>
    <Ora>17</Ora>
    <Totale>42696</Totale>
    <CNOR>4630</CNOR>
    <CSUD>6239</CSUD>
    <NORD>25470</NORD>
    <SARD>1128</SARD>
    <SICI>2197</SICI>
    <SUD>3032</SUD>
  </StimeFabbisogno>
  <StimeFabbisogno>
    <Data>20140207</Data>
    <Mercato>MGP</Mercato>
    <Ora>18</Ora>
    <Totale>44649</Totale>
    <CNOR>4828</CNOR>
    <CSUD>6832</CSUD>
    <NORD>25846</NORD>
    <SARD>1201</SARD>
    <SICI>2418</SICI>
    <SUD>3524</SUD>
  </StimeFabbisogno>
  <StimeFabbisogno>
    <Data>20140207</Data>
    <Mercato>MGP</Mercato>
    <Ora>19</Ora>
    <Totale>44846</Totale>
    <CNOR>4745</CNOR>
    <CSUD>7124</CSUD>
    <NORD>25298</NORD>
    <SARD>1252</SARD>
    <SICI>2698</SICI>
    <SUD>3729</SUD>
  </StimeFabbisogno>
  <StimeFabbisogno>
    <Data>20140207</Data>
    <Mercato>MGP</Mercato>
    <Ora>20</Ora>
    <Totale>43784</Totale>
    <CNOR>4521</CNOR>
    <CSUD>7139</CSUD>
    <NORD>24342</NORD>
    <SARD>1297</SARD>
    <SICI>2755</SICI>
    <SUD>3730</SUD>
  </StimeFabbisogno>
  <StimeFabbisogno>
    <Data>20140207</Data>
    <Mercato>MGP</Mercato>
    <Ora>21</Ora>
    <Totale>41291</Totale>
    <CNOR>4050</CNOR>
    <CSUD>6724</CSUD>
    <NORD>23012</NORD>
    <SARD>1267</SARD>
    <SICI>2645</SICI>
    <SUD>3593</SUD>
  </StimeFabbisogno>
  <StimeFabbisogno>
    <Data>20140207</Data>
    <Mercato>MGP</Mercato>
    <Ora>22</Ora>
    <Totale>38085</Totale>
    <CNOR>3778</CNOR>
    <CSUD>6081</CSUD>
    <NORD>21315</NORD>
    <SARD>1170</SARD>
    <SICI>2475</SICI>
    <SUD>3266</SUD>
  </StimeFabbisogno>
  <StimeFabbisogno>
    <Data>20140207</Data>
    <Mercato>MGP</Mercato>
    <Ora>23</Ora>
    <Totale>33945</Totale>
    <CNOR>3409</CNOR>
    <CSUD>5482</CSUD>
    <NORD>18840</NORD>
    <SARD>1068</SARD>
    <SICI>2212</SICI>
    <SUD>2934</SUD>
  </StimeFabbisogno>
  <StimeFabbisogno>
    <Data>20140207</Data>
    <Mercato>MGP</Mercato>
    <Ora>24</Ora>
    <Totale>30784</Totale>
    <CNOR>3112</CNOR>
    <CSUD>4876</CSUD>
    <NORD>17260</NORD>
    <SARD>969</SARD>
    <SICI>1930</SICI>
    <SUD>2637</SUD>
  </StimeFabbisogno>
</NewDataSet>