<?xml version="1.0" standalone="yes"?>
<NewDataSet>
  <xs:schema id="NewDataSet" xmlns="" xmlns:xs="http://www.w3.org/2001/XMLSchema" xmlns:msdata="urn:schemas-microsoft-com:xml-msdata">
    <xs:element name="NewDataSet" msdata:IsDataSet="true" msdata:MainDataTable="marketintervaldetail" msdata:UseCurrentLocale="true">
      <xs:complexType>
        <xs:choice minOccurs="0" maxOccurs="unbounded">
          <xs:element name="marketintervaldetail">
            <xs:complexType>
              <xs:sequence>
                <xs:element name="Data" type="xs:string" minOccurs="0" />
                <xs:element name="Mercato" type="xs:string" minOccurs="0" />
                <xs:element name="Ora" type="xs:string" minOccurs="0" />
                <xs:element name="Totale" type="xs:string" minOccurs="0" />
                <xs:element name="CNOR" type="xs:string" minOccurs="0" />
                <xs:element name="CSUD" type="xs:string" minOccurs="0" />
                <xs:element name="NORD" type="xs:string" minOccurs="0" />
                <xs:element name="SARD" type="xs:string" minOccurs="0" />
                <xs:element name="SICI" type="xs:string" minOccurs="0" />
                <xs:element name="SUD" type="xs:string" minOccurs="0" />
              </xs:sequence>
            </xs:complexType>
          </xs:element>
        </xs:choice>
      </xs:complexType>
    </xs:element>
  </xs:schema>
  <marketintervaldetail>
    <Data>20160829</Data>
    <Mercato>MGP</Mercato>
    <Ora>01</Ora>
    <Totale>24694</Totale>
    <CNOR>2688</CNOR>
    <CSUD>4171</CSUD>
    <NORD>12594</NORD>
    <SARD>919</SARD>
    <SICI>1862</SICI>
    <SUD>2460</SUD>
  </marketintervaldetail>
  <marketintervaldetail>
    <Data>20160829</Data>
    <Mercato>MGP</Mercato>
    <Ora>02</Ora>
    <Totale>23069</Totale>
    <CNOR>2473</CNOR>
    <CSUD>3871</CSUD>
    <NORD>11861</NORD>
    <SARD>870</SARD>
    <SICI>1733</SICI>
    <SUD>2261</SUD>
  </marketintervaldetail>
  <marketintervaldetail>
    <Data>20160829</Data>
    <Mercato>MGP</Mercato>
    <Ora>03</Ora>
    <Totale>22159</Totale>
    <CNOR>2350</CNOR>
    <CSUD>3673</CSUD>
    <NORD>11413</NORD>
    <SARD>847</SARD>
    <SICI>1647</SICI>
    <SUD>2229</SUD>
  </marketintervaldetail>
  <marketintervaldetail>
    <Data>20160829</Data>
    <Mercato>MGP</Mercato>
    <Ora>04</Ora>
    <Totale>21942</Totale>
    <CNOR>2291</CNOR>
    <CSUD>3591</CSUD>
    <NORD>11414</NORD>
    <SARD>831</SARD>
    <SICI>1601</SICI>
    <SUD>2214</SUD>
  </marketintervaldetail>
  <marketintervaldetail>
    <Data>20160829</Data>
    <Mercato>MGP</Mercato>
    <Ora>05</Ora>
    <Totale>22167</Totale>
    <CNOR>2343</CNOR>
    <CSUD>3585</CSUD>
    <NORD>11614</NORD>
    <SARD>822</SARD>
    <SICI>1587</SICI>
    <SUD>2216</SUD>
  </marketintervaldetail>
  <marketintervaldetail>
    <Data>20160829</Data>
    <Mercato>MGP</Mercato>
    <Ora>06</Ora>
    <Totale>23641</Totale>
    <CNOR>2496</CNOR>
    <CSUD>3794</CSUD>
    <NORD>12580</NORD>
    <SARD>841</SARD>
    <SICI>1616</SICI>
    <SUD>2314</SUD>
  </marketintervaldetail>
  <marketintervaldetail>
    <Data>20160829</Data>
    <Mercato>MGP</Mercato>
    <Ora>07</Ora>
    <Totale>27110</Totale>
    <CNOR>2854</CNOR>
    <CSUD>4228</CSUD>
    <NORD>15108</NORD>
    <SARD>893</SARD>
    <SICI>1676</SICI>
    <SUD>2351</SUD>
  </marketintervaldetail>
  <marketintervaldetail>
    <Data>20160829</Data>
    <Mercato>MGP</Mercato>
    <Ora>08</Ora>
    <Totale>30777</Totale>
    <CNOR>3205</CNOR>
    <CSUD>4753</CSUD>
    <NORD>17546</NORD>
    <SARD>944</SARD>
    <SICI>1798</SICI>
    <SUD>2531</SUD>
  </marketintervaldetail>
  <marketintervaldetail>
    <Data>20160829</Data>
    <Mercato>MGP</Mercato>
    <Ora>09</Ora>
    <Totale>35639</Totale>
    <CNOR>3663</CNOR>
    <CSUD>5465</CSUD>
    <NORD>20470</NORD>
    <SARD>1040</SARD>
    <SICI>2082</SICI>
    <SUD>2919</SUD>
  </marketintervaldetail>
  <marketintervaldetail>
    <Data>20160829</Data>
    <Mercato>MGP</Mercato>
    <Ora>10</Ora>
    <Totale>38362</Totale>
    <CNOR>4072</CNOR>
    <CSUD>5973</CSUD>
    <NORD>21753</NORD>
    <SARD>1090</SARD>
    <SICI>2265</SICI>
    <SUD>3209</SUD>
  </marketintervaldetail>
  <marketintervaldetail>
    <Data>20160829</Data>
    <Mercato>MGP</Mercato>
    <Ora>11</Ora>
    <Totale>38987</Totale>
    <CNOR>4272</CNOR>
    <CSUD>6159</CSUD>
    <NORD>21665</NORD>
    <SARD>1091</SARD>
    <SICI>2341</SICI>
    <SUD>3459</SUD>
  </marketintervaldetail>
  <marketintervaldetail>
    <Data>20160829</Data>
    <Mercato>MGP</Mercato>
    <Ora>12</Ora>
    <Totale>39043</Totale>
    <CNOR>4226</CNOR>
    <CSUD>6301</CSUD>
    <NORD>21608</NORD>
    <SARD>1067</SARD>
    <SICI>2371</SICI>
    <SUD>3470</SUD>
  </marketintervaldetail>
  <marketintervaldetail>
    <Data>20160829</Data>
    <Mercato>MGP</Mercato>
    <Ora>13</Ora>
    <Totale>37771</Totale>
    <CNOR>4126</CNOR>
    <CSUD>6373</CSUD>
    <NORD>20584</NORD>
    <SARD>1078</SARD>
    <SICI>2336</SICI>
    <SUD>3274</SUD>
  </marketintervaldetail>
  <marketintervaldetail>
    <Data>20160829</Data>
    <Mercato>MGP</Mercato>
    <Ora>14</Ora>
    <Totale>37654</Totale>
    <CNOR>4073</CNOR>
    <CSUD>6352</CSUD>
    <NORD>20626</NORD>
    <SARD>1045</SARD>
    <SICI>2388</SICI>
    <SUD>3170</SUD>
  </marketintervaldetail>
  <marketintervaldetail>
    <Data>20160829</Data>
    <Mercato>MGP</Mercato>
    <Ora>15</Ora>
    <Totale>38421</Totale>
    <CNOR>4261</CNOR>
    <CSUD>6233</CSUD>
    <NORD>21581</NORD>
    <SARD>1007</SARD>
    <SICI>2170</SICI>
    <SUD>3169</SUD>
  </marketintervaldetail>
  <marketintervaldetail>
    <Data>20160829</Data>
    <Mercato>MGP</Mercato>
    <Ora>16</Ora>
    <Totale>38995</Totale>
    <CNOR>4302</CNOR>
    <CSUD>6352</CSUD>
    <NORD>22074</NORD>
    <SARD>1000</SARD>
    <SICI>2100</SICI>
    <SUD>3167</SUD>
  </marketintervaldetail>
  <marketintervaldetail>
    <Data>20160829</Data>
    <Mercato>MGP</Mercato>
    <Ora>17</Ora>
    <Totale>39747</Totale>
    <CNOR>4288</CNOR>
    <CSUD>6350</CSUD>
    <NORD>22440</NORD>
    <SARD>1015</SARD>
    <SICI>2355</SICI>
    <SUD>3299</SUD>
  </marketintervaldetail>
  <marketintervaldetail>
    <Data>20160829</Data>
    <Mercato>MGP</Mercato>
    <Ora>18</Ora>
    <Totale>39444</Totale>
    <CNOR>4321</CNOR>
    <CSUD>6125</CSUD>
    <NORD>22113</NORD>
    <SARD>1071</SARD>
    <SICI>2385</SICI>
    <SUD>3429</SUD>
  </marketintervaldetail>
  <marketintervaldetail>
    <Data>20160829</Data>
    <Mercato>MGP</Mercato>
    <Ora>19</Ora>
    <Totale>38923</Totale>
    <CNOR>4155</CNOR>
    <CSUD>5931</CSUD>
    <NORD>21759</NORD>
    <SARD>1103</SARD>
    <SICI>2433</SICI>
    <SUD>3542</SUD>
  </marketintervaldetail>
  <marketintervaldetail>
    <Data>20160829</Data>
    <Mercato>MGP</Mercato>
    <Ora>20</Ora>
    <Totale>39007</Totale>
    <CNOR>4048</CNOR>
    <CSUD>6068</CSUD>
    <NORD>21628</NORD>
    <SARD>1162</SARD>
    <SICI>2448</SICI>
    <SUD>3653</SUD>
  </marketintervaldetail>
  <marketintervaldetail>
    <Data>20160829</Data>
    <Mercato>MGP</Mercato>
    <Ora>21</Ora>
    <Totale>40357</Totale>
    <CNOR>4110</CNOR>
    <CSUD>6493</CSUD>
    <NORD>22042</NORD>
    <SARD>1261</SARD>
    <SICI>2626</SICI>
    <SUD>3825</SUD>
  </marketintervaldetail>
  <marketintervaldetail>
    <Data>20160829</Data>
    <Mercato>MGP</Mercato>
    <Ora>22</Ora>
    <Totale>38415</Totale>
    <CNOR>3928</CNOR>
    <CSUD>6162</CSUD>
    <NORD>21208</NORD>
    <SARD>1225</SARD>
    <SICI>2439</SICI>
    <SUD>3453</SUD>
  </marketintervaldetail>
  <marketintervaldetail>
    <Data>20160829</Data>
    <Mercato>MGP</Mercato>
    <Ora>23</Ora>
    <Totale>34972</Totale>
    <CNOR>3608</CNOR>
    <CSUD>5638</CSUD>
    <NORD>19127</NORD>
    <SARD>1141</SARD>
    <SICI>2259</SICI>
    <SUD>3199</SUD>
  </marketintervaldetail>
  <marketintervaldetail>
    <Data>20160829</Data>
    <Mercato>MGP</Mercato>
    <Ora>24</Ora>
    <Totale>31760</Totale>
    <CNOR>3300</CNOR>
    <CSUD>5158</CSUD>
    <NORD>17295</NORD>
    <SARD>1066</SARD>
    <SICI>2083</SICI>
    <SUD>2858</SUD>
  </marketintervaldetail>
</NewDataSet>