<?xml version="1.0" standalone="yes"?>
<NewDataSet>
  <xs:schema id="NewDataSet" xmlns="" xmlns:xs="http://www.w3.org/2001/XMLSchema" xmlns:msdata="urn:schemas-microsoft-com:xml-msdata">
    <xs:element name="NewDataSet" msdata:IsDataSet="true" msdata:MainDataTable="marketintervaldetail" msdata:UseCurrentLocale="true">
      <xs:complexType>
        <xs:choice minOccurs="0" maxOccurs="unbounded">
          <xs:element name="marketintervaldetail">
            <xs:complexType>
              <xs:sequence>
                <xs:element name="Data" type="xs:string" minOccurs="0" />
                <xs:element name="Mercato" type="xs:string" minOccurs="0" />
                <xs:element name="Ora" type="xs:string" minOccurs="0" />
                <xs:element name="Totale" type="xs:string" minOccurs="0" />
                <xs:element name="CNOR" type="xs:string" minOccurs="0" />
                <xs:element name="CSUD" type="xs:string" minOccurs="0" />
                <xs:element name="NORD" type="xs:string" minOccurs="0" />
                <xs:element name="SARD" type="xs:string" minOccurs="0" />
                <xs:element name="SICI" type="xs:string" minOccurs="0" />
                <xs:element name="SUD" type="xs:string" minOccurs="0" />
              </xs:sequence>
            </xs:complexType>
          </xs:element>
        </xs:choice>
      </xs:complexType>
    </xs:element>
  </xs:schema>
  <marketintervaldetail>
    <Data>20160807</Data>
    <Mercato>MGP</Mercato>
    <Ora>01</Ora>
    <Totale>26305</Totale>
    <CNOR>2578</CNOR>
    <CSUD>4496</CSUD>
    <NORD>13334</NORD>
    <SARD>1041</SARD>
    <SICI>2086</SICI>
    <SUD>2770</SUD>
  </marketintervaldetail>
  <marketintervaldetail>
    <Data>20160807</Data>
    <Mercato>MGP</Mercato>
    <Ora>02</Ora>
    <Totale>24430</Totale>
    <CNOR>2370</CNOR>
    <CSUD>4181</CSUD>
    <NORD>12369</NORD>
    <SARD>987</SARD>
    <SICI>1949</SICI>
    <SUD>2574</SUD>
  </marketintervaldetail>
  <marketintervaldetail>
    <Data>20160807</Data>
    <Mercato>MGP</Mercato>
    <Ora>03</Ora>
    <Totale>23019</Totale>
    <CNOR>2176</CNOR>
    <CSUD>3931</CSUD>
    <NORD>11712</NORD>
    <SARD>948</SARD>
    <SICI>1836</SICI>
    <SUD>2416</SUD>
  </marketintervaldetail>
  <marketintervaldetail>
    <Data>20160807</Data>
    <Mercato>MGP</Mercato>
    <Ora>04</Ora>
    <Totale>22123</Totale>
    <CNOR>2063</CNOR>
    <CSUD>3800</CSUD>
    <NORD>11297</NORD>
    <SARD>917</SARD>
    <SICI>1748</SICI>
    <SUD>2298</SUD>
  </marketintervaldetail>
  <marketintervaldetail>
    <Data>20160807</Data>
    <Mercato>MGP</Mercato>
    <Ora>05</Ora>
    <Totale>21550</Totale>
    <CNOR>2041</CNOR>
    <CSUD>3722</CSUD>
    <NORD>10975</NORD>
    <SARD>899</SARD>
    <SICI>1718</SICI>
    <SUD>2195</SUD>
  </marketintervaldetail>
  <marketintervaldetail>
    <Data>20160807</Data>
    <Mercato>MGP</Mercato>
    <Ora>06</Ora>
    <Totale>21369</Totale>
    <CNOR>2032</CNOR>
    <CSUD>3669</CSUD>
    <NORD>10886</NORD>
    <SARD>890</SARD>
    <SICI>1714</SICI>
    <SUD>2178</SUD>
  </marketintervaldetail>
  <marketintervaldetail>
    <Data>20160807</Data>
    <Mercato>MGP</Mercato>
    <Ora>07</Ora>
    <Totale>20356</Totale>
    <CNOR>1911</CNOR>
    <CSUD>3591</CSUD>
    <NORD>10254</NORD>
    <SARD>875</SARD>
    <SICI>1643</SICI>
    <SUD>2082</SUD>
  </marketintervaldetail>
  <marketintervaldetail>
    <Data>20160807</Data>
    <Mercato>MGP</Mercato>
    <Ora>08</Ora>
    <Totale>21113</Totale>
    <CNOR>2033</CNOR>
    <CSUD>3768</CSUD>
    <NORD>10402</NORD>
    <SARD>889</SARD>
    <SICI>1769</SICI>
    <SUD>2252</SUD>
  </marketintervaldetail>
  <marketintervaldetail>
    <Data>20160807</Data>
    <Mercato>MGP</Mercato>
    <Ora>09</Ora>
    <Totale>22428</Totale>
    <CNOR>2149</CNOR>
    <CSUD>4100</CSUD>
    <NORD>10815</NORD>
    <SARD>937</SARD>
    <SICI>1982</SICI>
    <SUD>2445</SUD>
  </marketintervaldetail>
  <marketintervaldetail>
    <Data>20160807</Data>
    <Mercato>MGP</Mercato>
    <Ora>10</Ora>
    <Totale>23968</Totale>
    <CNOR>2277</CNOR>
    <CSUD>4500</CSUD>
    <NORD>11459</NORD>
    <SARD>977</SARD>
    <SICI>2074</SICI>
    <SUD>2681</SUD>
  </marketintervaldetail>
  <marketintervaldetail>
    <Data>20160807</Data>
    <Mercato>MGP</Mercato>
    <Ora>11</Ora>
    <Totale>25283</Totale>
    <CNOR>2436</CNOR>
    <CSUD>4849</CSUD>
    <NORD>12101</NORD>
    <SARD>996</SARD>
    <SICI>2121</SICI>
    <SUD>2780</SUD>
  </marketintervaldetail>
  <marketintervaldetail>
    <Data>20160807</Data>
    <Mercato>MGP</Mercato>
    <Ora>12</Ora>
    <Totale>26147</Totale>
    <CNOR>2580</CNOR>
    <CSUD>5029</CSUD>
    <NORD>12558</NORD>
    <SARD>997</SARD>
    <SICI>2115</SICI>
    <SUD>2868</SUD>
  </marketintervaldetail>
  <marketintervaldetail>
    <Data>20160807</Data>
    <Mercato>MGP</Mercato>
    <Ora>13</Ora>
    <Totale>26350</Totale>
    <CNOR>2626</CNOR>
    <CSUD>5092</CSUD>
    <NORD>12717</NORD>
    <SARD>989</SARD>
    <SICI>2113</SICI>
    <SUD>2813</SUD>
  </marketintervaldetail>
  <marketintervaldetail>
    <Data>20160807</Data>
    <Mercato>MGP</Mercato>
    <Ora>14</Ora>
    <Totale>26003</Totale>
    <CNOR>2525</CNOR>
    <CSUD>4997</CSUD>
    <NORD>12531</NORD>
    <SARD>972</SARD>
    <SICI>2071</SICI>
    <SUD>2907</SUD>
  </marketintervaldetail>
  <marketintervaldetail>
    <Data>20160807</Data>
    <Mercato>MGP</Mercato>
    <Ora>15</Ora>
    <Totale>25519</Totale>
    <CNOR>2576</CNOR>
    <CSUD>4822</CSUD>
    <NORD>12204</NORD>
    <SARD>951</SARD>
    <SICI>2015</SICI>
    <SUD>2951</SUD>
  </marketintervaldetail>
  <marketintervaldetail>
    <Data>20160807</Data>
    <Mercato>MGP</Mercato>
    <Ora>16</Ora>
    <Totale>25240</Totale>
    <CNOR>2549</CNOR>
    <CSUD>4778</CSUD>
    <NORD>11935</NORD>
    <SARD>926</SARD>
    <SICI>2038</SICI>
    <SUD>3014</SUD>
  </marketintervaldetail>
  <marketintervaldetail>
    <Data>20160807</Data>
    <Mercato>MGP</Mercato>
    <Ora>17</Ora>
    <Totale>25117</Totale>
    <CNOR>2562</CNOR>
    <CSUD>4836</CSUD>
    <NORD>11786</NORD>
    <SARD>937</SARD>
    <SICI>2072</SICI>
    <SUD>2924</SUD>
  </marketintervaldetail>
  <marketintervaldetail>
    <Data>20160807</Data>
    <Mercato>MGP</Mercato>
    <Ora>18</Ora>
    <Totale>25778</Totale>
    <CNOR>2524</CNOR>
    <CSUD>4744</CSUD>
    <NORD>12320</NORD>
    <SARD>1001</SARD>
    <SICI>2162</SICI>
    <SUD>3027</SUD>
  </marketintervaldetail>
  <marketintervaldetail>
    <Data>20160807</Data>
    <Mercato>MGP</Mercato>
    <Ora>19</Ora>
    <Totale>26977</Totale>
    <CNOR>2580</CNOR>
    <CSUD>4758</CSUD>
    <NORD>13192</NORD>
    <SARD>1083</SARD>
    <SICI>2262</SICI>
    <SUD>3102</SUD>
  </marketintervaldetail>
  <marketintervaldetail>
    <Data>20160807</Data>
    <Mercato>MGP</Mercato>
    <Ora>20</Ora>
    <Totale>28986</Totale>
    <CNOR>2848</CNOR>
    <CSUD>5034</CSUD>
    <NORD>14375</NORD>
    <SARD>1169</SARD>
    <SICI>2296</SICI>
    <SUD>3264</SUD>
  </marketintervaldetail>
  <marketintervaldetail>
    <Data>20160807</Data>
    <Mercato>MGP</Mercato>
    <Ora>21</Ora>
    <Totale>30198</Totale>
    <CNOR>2869</CNOR>
    <CSUD>5185</CSUD>
    <NORD>14986</NORD>
    <SARD>1228</SARD>
    <SICI>2451</SICI>
    <SUD>3479</SUD>
  </marketintervaldetail>
  <marketintervaldetail>
    <Data>20160807</Data>
    <Mercato>MGP</Mercato>
    <Ora>22</Ora>
    <Totale>30616</Totale>
    <CNOR>2872</CNOR>
    <CSUD>5226</CSUD>
    <NORD>15288</NORD>
    <SARD>1267</SARD>
    <SICI>2480</SICI>
    <SUD>3483</SUD>
  </marketintervaldetail>
  <marketintervaldetail>
    <Data>20160807</Data>
    <Mercato>MGP</Mercato>
    <Ora>23</Ora>
    <Totale>28878</Totale>
    <CNOR>2712</CNOR>
    <CSUD>4902</CSUD>
    <NORD>14382</NORD>
    <SARD>1214</SARD>
    <SICI>2345</SICI>
    <SUD>3323</SUD>
  </marketintervaldetail>
  <marketintervaldetail>
    <Data>20160807</Data>
    <Mercato>MGP</Mercato>
    <Ora>24</Ora>
    <Totale>26695</Totale>
    <CNOR>2479</CNOR>
    <CSUD>4547</CSUD>
    <NORD>13198</NORD>
    <SARD>1135</SARD>
    <SICI>2194</SICI>
    <SUD>3142</SUD>
  </marketintervaldetail>
</NewDataSet>