<?xml version="1.0" standalone="yes"?>
<NewDataSet>
  <xs:schema id="NewDataSet" xmlns="" xmlns:xs="http://www.w3.org/2001/XMLSchema" xmlns:msdata="urn:schemas-microsoft-com:xml-msdata">
    <xs:element name="NewDataSet" msdata:IsDataSet="true" msdata:MainDataTable="marketintervaldetail" msdata:UseCurrentLocale="true">
      <xs:complexType>
        <xs:choice minOccurs="0" maxOccurs="unbounded">
          <xs:element name="marketintervaldetail">
            <xs:complexType>
              <xs:sequence>
                <xs:element name="Data" type="xs:string" minOccurs="0" />
                <xs:element name="Mercato" type="xs:string" minOccurs="0" />
                <xs:element name="Ora" type="xs:string" minOccurs="0" />
                <xs:element name="Totale" type="xs:string" minOccurs="0" />
                <xs:element name="CNOR" type="xs:string" minOccurs="0" />
                <xs:element name="CSUD" type="xs:string" minOccurs="0" />
                <xs:element name="NORD" type="xs:string" minOccurs="0" />
                <xs:element name="SARD" type="xs:string" minOccurs="0" />
                <xs:element name="SICI" type="xs:string" minOccurs="0" />
                <xs:element name="SUD" type="xs:string" minOccurs="0" />
              </xs:sequence>
            </xs:complexType>
          </xs:element>
        </xs:choice>
      </xs:complexType>
    </xs:element>
  </xs:schema>
  <marketintervaldetail>
    <Data>20160821</Data>
    <Mercato>MGP</Mercato>
    <Ora>01</Ora>
    <Totale>24419</Totale>
    <CNOR>2528</CNOR>
    <CSUD>4379</CSUD>
    <NORD>12020</NORD>
    <SARD>994</SARD>
    <SICI>1943</SICI>
    <SUD>2555</SUD>
  </marketintervaldetail>
  <marketintervaldetail>
    <Data>20160821</Data>
    <Mercato>MGP</Mercato>
    <Ora>02</Ora>
    <Totale>22776</Totale>
    <CNOR>2314</CNOR>
    <CSUD>4090</CSUD>
    <NORD>11256</NORD>
    <SARD>929</SARD>
    <SICI>1824</SICI>
    <SUD>2363</SUD>
  </marketintervaldetail>
  <marketintervaldetail>
    <Data>20160821</Data>
    <Mercato>MGP</Mercato>
    <Ora>03</Ora>
    <Totale>21637</Totale>
    <CNOR>2160</CNOR>
    <CSUD>3831</CSUD>
    <NORD>10807</NORD>
    <SARD>890</SARD>
    <SICI>1703</SICI>
    <SUD>2246</SUD>
  </marketintervaldetail>
  <marketintervaldetail>
    <Data>20160821</Data>
    <Mercato>MGP</Mercato>
    <Ora>04</Ora>
    <Totale>20989</Totale>
    <CNOR>2114</CNOR>
    <CSUD>3692</CSUD>
    <NORD>10542</NORD>
    <SARD>860</SARD>
    <SICI>1636</SICI>
    <SUD>2145</SUD>
  </marketintervaldetail>
  <marketintervaldetail>
    <Data>20160821</Data>
    <Mercato>MGP</Mercato>
    <Ora>05</Ora>
    <Totale>20804</Totale>
    <CNOR>2102</CNOR>
    <CSUD>3624</CSUD>
    <NORD>10490</NORD>
    <SARD>849</SARD>
    <SICI>1592</SICI>
    <SUD>2147</SUD>
  </marketintervaldetail>
  <marketintervaldetail>
    <Data>20160821</Data>
    <Mercato>MGP</Mercato>
    <Ora>06</Ora>
    <Totale>20911</Totale>
    <CNOR>2115</CNOR>
    <CSUD>3633</CSUD>
    <NORD>10578</NORD>
    <SARD>853</SARD>
    <SICI>1592</SICI>
    <SUD>2140</SUD>
  </marketintervaldetail>
  <marketintervaldetail>
    <Data>20160821</Data>
    <Mercato>MGP</Mercato>
    <Ora>07</Ora>
    <Totale>20625</Totale>
    <CNOR>2051</CNOR>
    <CSUD>3517</CSUD>
    <NORD>10591</NORD>
    <SARD>852</SARD>
    <SICI>1573</SICI>
    <SUD>2041</SUD>
  </marketintervaldetail>
  <marketintervaldetail>
    <Data>20160821</Data>
    <Mercato>MGP</Mercato>
    <Ora>08</Ora>
    <Totale>20710</Totale>
    <CNOR>2071</CNOR>
    <CSUD>3534</CSUD>
    <NORD>10456</NORD>
    <SARD>863</SARD>
    <SICI>1652</SICI>
    <SUD>2134</SUD>
  </marketintervaldetail>
  <marketintervaldetail>
    <Data>20160821</Data>
    <Mercato>MGP</Mercato>
    <Ora>09</Ora>
    <Totale>22419</Totale>
    <CNOR>2256</CNOR>
    <CSUD>3818</CSUD>
    <NORD>11212</NORD>
    <SARD>918</SARD>
    <SICI>1853</SICI>
    <SUD>2362</SUD>
  </marketintervaldetail>
  <marketintervaldetail>
    <Data>20160821</Data>
    <Mercato>MGP</Mercato>
    <Ora>10</Ora>
    <Totale>24062</Totale>
    <CNOR>2502</CNOR>
    <CSUD>4183</CSUD>
    <NORD>11951</NORD>
    <SARD>938</SARD>
    <SICI>1972</SICI>
    <SUD>2516</SUD>
  </marketintervaldetail>
  <marketintervaldetail>
    <Data>20160821</Data>
    <Mercato>MGP</Mercato>
    <Ora>11</Ora>
    <Totale>25055</Totale>
    <CNOR>2573</CNOR>
    <CSUD>4379</CSUD>
    <NORD>12552</NORD>
    <SARD>951</SARD>
    <SICI>2001</SICI>
    <SUD>2599</SUD>
  </marketintervaldetail>
  <marketintervaldetail>
    <Data>20160821</Data>
    <Mercato>MGP</Mercato>
    <Ora>12</Ora>
    <Totale>25167</Totale>
    <CNOR>2615</CNOR>
    <CSUD>4469</CSUD>
    <NORD>12483</NORD>
    <SARD>979</SARD>
    <SICI>1993</SICI>
    <SUD>2628</SUD>
  </marketintervaldetail>
  <marketintervaldetail>
    <Data>20160821</Data>
    <Mercato>MGP</Mercato>
    <Ora>13</Ora>
    <Totale>25006</Totale>
    <CNOR>2563</CNOR>
    <CSUD>4611</CSUD>
    <NORD>12167</NORD>
    <SARD>978</SARD>
    <SICI>2000</SICI>
    <SUD>2687</SUD>
  </marketintervaldetail>
  <marketintervaldetail>
    <Data>20160821</Data>
    <Mercato>MGP</Mercato>
    <Ora>14</Ora>
    <Totale>24771</Totale>
    <CNOR>2540</CNOR>
    <CSUD>4642</CSUD>
    <NORD>12007</NORD>
    <SARD>950</SARD>
    <SICI>1964</SICI>
    <SUD>2668</SUD>
  </marketintervaldetail>
  <marketintervaldetail>
    <Data>20160821</Data>
    <Mercato>MGP</Mercato>
    <Ora>15</Ora>
    <Totale>24389</Totale>
    <CNOR>2580</CNOR>
    <CSUD>4370</CSUD>
    <NORD>12093</NORD>
    <SARD>914</SARD>
    <SICI>1948</SICI>
    <SUD>2484</SUD>
  </marketintervaldetail>
  <marketintervaldetail>
    <Data>20160821</Data>
    <Mercato>MGP</Mercato>
    <Ora>16</Ora>
    <Totale>24212</Totale>
    <CNOR>2693</CNOR>
    <CSUD>4394</CSUD>
    <NORD>12025</NORD>
    <SARD>897</SARD>
    <SICI>1886</SICI>
    <SUD>2317</SUD>
  </marketintervaldetail>
  <marketintervaldetail>
    <Data>20160821</Data>
    <Mercato>MGP</Mercato>
    <Ora>17</Ora>
    <Totale>24732</Totale>
    <CNOR>2820</CNOR>
    <CSUD>4574</CSUD>
    <NORD>12035</NORD>
    <SARD>931</SARD>
    <SICI>1932</SICI>
    <SUD>2440</SUD>
  </marketintervaldetail>
  <marketintervaldetail>
    <Data>20160821</Data>
    <Mercato>MGP</Mercato>
    <Ora>18</Ora>
    <Totale>25456</Totale>
    <CNOR>2840</CNOR>
    <CSUD>4649</CSUD>
    <NORD>12447</NORD>
    <SARD>965</SARD>
    <SICI>2061</SICI>
    <SUD>2494</SUD>
  </marketintervaldetail>
  <marketintervaldetail>
    <Data>20160821</Data>
    <Mercato>MGP</Mercato>
    <Ora>19</Ora>
    <Totale>26609</Totale>
    <CNOR>2875</CNOR>
    <CSUD>4715</CSUD>
    <NORD>13249</NORD>
    <SARD>1010</SARD>
    <SICI>2105</SICI>
    <SUD>2655</SUD>
  </marketintervaldetail>
  <marketintervaldetail>
    <Data>20160821</Data>
    <Mercato>MGP</Mercato>
    <Ora>20</Ora>
    <Totale>28495</Totale>
    <CNOR>3039</CNOR>
    <CSUD>4945</CSUD>
    <NORD>14342</NORD>
    <SARD>1083</SARD>
    <SICI>2153</SICI>
    <SUD>2933</SUD>
  </marketintervaldetail>
  <marketintervaldetail>
    <Data>20160821</Data>
    <Mercato>MGP</Mercato>
    <Ora>21</Ora>
    <Totale>30895</Totale>
    <CNOR>3243</CNOR>
    <CSUD>5657</CSUD>
    <NORD>15162</NORD>
    <SARD>1214</SARD>
    <SICI>2388</SICI>
    <SUD>3231</SUD>
  </marketintervaldetail>
  <marketintervaldetail>
    <Data>20160821</Data>
    <Mercato>MGP</Mercato>
    <Ora>22</Ora>
    <Totale>31137</Totale>
    <CNOR>3250</CNOR>
    <CSUD>5685</CSUD>
    <NORD>15442</NORD>
    <SARD>1229</SARD>
    <SICI>2375</SICI>
    <SUD>3156</SUD>
  </marketintervaldetail>
  <marketintervaldetail>
    <Data>20160821</Data>
    <Mercato>MGP</Mercato>
    <Ora>23</Ora>
    <Totale>29375</Totale>
    <CNOR>3125</CNOR>
    <CSUD>5400</CSUD>
    <NORD>14546</NORD>
    <SARD>1156</SARD>
    <SICI>2235</SICI>
    <SUD>2913</SUD>
  </marketintervaldetail>
  <marketintervaldetail>
    <Data>20160821</Data>
    <Mercato>MGP</Mercato>
    <Ora>24</Ora>
    <Totale>26979</Totale>
    <CNOR>2926</CNOR>
    <CSUD>4994</CSUD>
    <NORD>13210</NORD>
    <SARD>1077</SARD>
    <SICI>2080</SICI>
    <SUD>2692</SUD>
  </marketintervaldetail>
</NewDataSet>