<?xml version="1.0" standalone="yes"?>
<NewDataSet>
  <xs:schema id="NewDataSet" xmlns="" xmlns:xs="http://www.w3.org/2001/XMLSchema" xmlns:msdata="urn:schemas-microsoft-com:xml-msdata">
    <xs:element name="NewDataSet" msdata:IsDataSet="true" msdata:MainDataTable="marketintervaldetail" msdata:UseCurrentLocale="true">
      <xs:complexType>
        <xs:choice minOccurs="0" maxOccurs="unbounded">
          <xs:element name="marketintervaldetail">
            <xs:complexType>
              <xs:sequence>
                <xs:element name="Data" type="xs:string" minOccurs="0" />
                <xs:element name="Mercato" type="xs:string" minOccurs="0" />
                <xs:element name="Ora" type="xs:string" minOccurs="0" />
                <xs:element name="Totale" type="xs:string" minOccurs="0" />
                <xs:element name="CNOR" type="xs:string" minOccurs="0" />
                <xs:element name="CSUD" type="xs:string" minOccurs="0" />
                <xs:element name="NORD" type="xs:string" minOccurs="0" />
                <xs:element name="SARD" type="xs:string" minOccurs="0" />
                <xs:element name="SICI" type="xs:string" minOccurs="0" />
                <xs:element name="SUD" type="xs:string" minOccurs="0" />
              </xs:sequence>
            </xs:complexType>
          </xs:element>
        </xs:choice>
      </xs:complexType>
    </xs:element>
  </xs:schema>
  <marketintervaldetail>
    <Data>20160805</Data>
    <Mercato>MGP</Mercato>
    <Ora>01</Ora>
    <Totale>30891</Totale>
    <CNOR>3153</CNOR>
    <CSUD>5238</CSUD>
    <NORD>15683</NORD>
    <SARD>1072</SARD>
    <SICI>2259</SICI>
    <SUD>3486</SUD>
  </marketintervaldetail>
  <marketintervaldetail>
    <Data>20160805</Data>
    <Mercato>MGP</Mercato>
    <Ora>02</Ora>
    <Totale>28776</Totale>
    <CNOR>2860</CNOR>
    <CSUD>4869</CSUD>
    <NORD>14673</NORD>
    <SARD>1005</SARD>
    <SICI>2127</SICI>
    <SUD>3242</SUD>
  </marketintervaldetail>
  <marketintervaldetail>
    <Data>20160805</Data>
    <Mercato>MGP</Mercato>
    <Ora>03</Ora>
    <Totale>27423</Totale>
    <CNOR>2732</CNOR>
    <CSUD>4588</CSUD>
    <NORD>14071</NORD>
    <SARD>968</SARD>
    <SICI>2015</SICI>
    <SUD>3049</SUD>
  </marketintervaldetail>
  <marketintervaldetail>
    <Data>20160805</Data>
    <Mercato>MGP</Mercato>
    <Ora>04</Ora>
    <Totale>26764</Totale>
    <CNOR>2689</CNOR>
    <CSUD>4463</CSUD>
    <NORD>13769</NORD>
    <SARD>953</SARD>
    <SICI>1910</SICI>
    <SUD>2980</SUD>
  </marketintervaldetail>
  <marketintervaldetail>
    <Data>20160805</Data>
    <Mercato>MGP</Mercato>
    <Ora>05</Ora>
    <Totale>26580</Totale>
    <CNOR>2633</CNOR>
    <CSUD>4406</CSUD>
    <NORD>13792</NORD>
    <SARD>938</SARD>
    <SICI>1863</SICI>
    <SUD>2948</SUD>
  </marketintervaldetail>
  <marketintervaldetail>
    <Data>20160805</Data>
    <Mercato>MGP</Mercato>
    <Ora>06</Ora>
    <Totale>27270</Totale>
    <CNOR>2697</CNOR>
    <CSUD>4480</CSUD>
    <NORD>14350</NORD>
    <SARD>941</SARD>
    <SICI>1864</SICI>
    <SUD>2938</SUD>
  </marketintervaldetail>
  <marketintervaldetail>
    <Data>20160805</Data>
    <Mercato>MGP</Mercato>
    <Ora>07</Ora>
    <Totale>28761</Totale>
    <CNOR>2890</CNOR>
    <CSUD>4647</CSUD>
    <NORD>15451</NORD>
    <SARD>974</SARD>
    <SICI>1886</SICI>
    <SUD>2913</SUD>
  </marketintervaldetail>
  <marketintervaldetail>
    <Data>20160805</Data>
    <Mercato>MGP</Mercato>
    <Ora>08</Ora>
    <Totale>32364</Totale>
    <CNOR>3467</CNOR>
    <CSUD>5197</CSUD>
    <NORD>17287</NORD>
    <SARD>1045</SARD>
    <SICI>2184</SICI>
    <SUD>3184</SUD>
  </marketintervaldetail>
  <marketintervaldetail>
    <Data>20160805</Data>
    <Mercato>MGP</Mercato>
    <Ora>09</Ora>
    <Totale>36440</Totale>
    <CNOR>4036</CNOR>
    <CSUD>5899</CSUD>
    <NORD>19305</NORD>
    <SARD>1137</SARD>
    <SICI>2466</SICI>
    <SUD>3597</SUD>
  </marketintervaldetail>
  <marketintervaldetail>
    <Data>20160805</Data>
    <Mercato>MGP</Mercato>
    <Ora>10</Ora>
    <Totale>38820</Totale>
    <CNOR>4271</CNOR>
    <CSUD>6448</CSUD>
    <NORD>20512</NORD>
    <SARD>1186</SARD>
    <SICI>2680</SICI>
    <SUD>3723</SUD>
  </marketintervaldetail>
  <marketintervaldetail>
    <Data>20160805</Data>
    <Mercato>MGP</Mercato>
    <Ora>11</Ora>
    <Totale>39702</Totale>
    <CNOR>4367</CNOR>
    <CSUD>6750</CSUD>
    <NORD>20841</NORD>
    <SARD>1173</SARD>
    <SICI>2674</SICI>
    <SUD>3897</SUD>
  </marketintervaldetail>
  <marketintervaldetail>
    <Data>20160805</Data>
    <Mercato>MGP</Mercato>
    <Ora>12</Ora>
    <Totale>40020</Totale>
    <CNOR>4339</CNOR>
    <CSUD>6901</CSUD>
    <NORD>20941</NORD>
    <SARD>1183</SARD>
    <SICI>2628</SICI>
    <SUD>4028</SUD>
  </marketintervaldetail>
  <marketintervaldetail>
    <Data>20160805</Data>
    <Mercato>MGP</Mercato>
    <Ora>13</Ora>
    <Totale>39416</Totale>
    <CNOR>4247</CNOR>
    <CSUD>6943</CSUD>
    <NORD>20364</NORD>
    <SARD>1174</SARD>
    <SICI>2624</SICI>
    <SUD>4064</SUD>
  </marketintervaldetail>
  <marketintervaldetail>
    <Data>20160805</Data>
    <Mercato>MGP</Mercato>
    <Ora>14</Ora>
    <Totale>39017</Totale>
    <CNOR>4234</CNOR>
    <CSUD>6951</CSUD>
    <NORD>20042</NORD>
    <SARD>1155</SARD>
    <SICI>2553</SICI>
    <SUD>4082</SUD>
  </marketintervaldetail>
  <marketintervaldetail>
    <Data>20160805</Data>
    <Mercato>MGP</Mercato>
    <Ora>15</Ora>
    <Totale>39974</Totale>
    <CNOR>4367</CNOR>
    <CSUD>7172</CSUD>
    <NORD>20620</NORD>
    <SARD>1149</SARD>
    <SICI>2700</SICI>
    <SUD>3966</SUD>
  </marketintervaldetail>
  <marketintervaldetail>
    <Data>20160805</Data>
    <Mercato>MGP</Mercato>
    <Ora>16</Ora>
    <Totale>40430</Totale>
    <CNOR>4544</CNOR>
    <CSUD>7182</CSUD>
    <NORD>20735</NORD>
    <SARD>1127</SARD>
    <SICI>2695</SICI>
    <SUD>4147</SUD>
  </marketintervaldetail>
  <marketintervaldetail>
    <Data>20160805</Data>
    <Mercato>MGP</Mercato>
    <Ora>17</Ora>
    <Totale>40650</Totale>
    <CNOR>4755</CNOR>
    <CSUD>7055</CSUD>
    <NORD>20971</NORD>
    <SARD>1155</SARD>
    <SICI>2698</SICI>
    <SUD>4016</SUD>
  </marketintervaldetail>
  <marketintervaldetail>
    <Data>20160805</Data>
    <Mercato>MGP</Mercato>
    <Ora>18</Ora>
    <Totale>40643</Totale>
    <CNOR>4610</CNOR>
    <CSUD>7088</CSUD>
    <NORD>20908</NORD>
    <SARD>1200</SARD>
    <SICI>2764</SICI>
    <SUD>4073</SUD>
  </marketintervaldetail>
  <marketintervaldetail>
    <Data>20160805</Data>
    <Mercato>MGP</Mercato>
    <Ora>19</Ora>
    <Totale>39695</Totale>
    <CNOR>4326</CNOR>
    <CSUD>6737</CSUD>
    <NORD>20368</NORD>
    <SARD>1227</SARD>
    <SICI>2777</SICI>
    <SUD>4260</SUD>
  </marketintervaldetail>
  <marketintervaldetail>
    <Data>20160805</Data>
    <Mercato>MGP</Mercato>
    <Ora>20</Ora>
    <Totale>38946</Totale>
    <CNOR>4052</CNOR>
    <CSUD>6548</CSUD>
    <NORD>20215</NORD>
    <SARD>1275</SARD>
    <SICI>2663</SICI>
    <SUD>4193</SUD>
  </marketintervaldetail>
  <marketintervaldetail>
    <Data>20160805</Data>
    <Mercato>MGP</Mercato>
    <Ora>21</Ora>
    <Totale>38659</Totale>
    <CNOR>3877</CNOR>
    <CSUD>6688</CSUD>
    <NORD>19569</NORD>
    <SARD>1293</SARD>
    <SICI>2799</SICI>
    <SUD>4433</SUD>
  </marketintervaldetail>
  <marketintervaldetail>
    <Data>20160805</Data>
    <Mercato>MGP</Mercato>
    <Ora>22</Ora>
    <Totale>38455</Totale>
    <CNOR>4017</CNOR>
    <CSUD>6630</CSUD>
    <NORD>19417</NORD>
    <SARD>1289</SARD>
    <SICI>2814</SICI>
    <SUD>4288</SUD>
  </marketintervaldetail>
  <marketintervaldetail>
    <Data>20160805</Data>
    <Mercato>MGP</Mercato>
    <Ora>23</Ora>
    <Totale>35897</Totale>
    <CNOR>3868</CNOR>
    <CSUD>6095</CSUD>
    <NORD>18055</NORD>
    <SARD>1220</SARD>
    <SICI>2616</SICI>
    <SUD>4043</SUD>
  </marketintervaldetail>
  <marketintervaldetail>
    <Data>20160805</Data>
    <Mercato>MGP</Mercato>
    <Ora>24</Ora>
    <Totale>33006</Totale>
    <CNOR>3711</CNOR>
    <CSUD>5511</CSUD>
    <NORD>16287</NORD>
    <SARD>1135</SARD>
    <SICI>2436</SICI>
    <SUD>3926</SUD>
  </marketintervaldetail>
</NewDataSet>