<?xml version="1.0" standalone="yes"?>
<NewDataSet>
  <xs:schema id="NewDataSet" xmlns="" xmlns:xs="http://www.w3.org/2001/XMLSchema" xmlns:msdata="urn:schemas-microsoft-com:xml-msdata">
    <xs:element name="NewDataSet" msdata:IsDataSet="true" msdata:MainDataTable="marketintervaldetail" msdata:UseCurrentLocale="true">
      <xs:complexType>
        <xs:choice minOccurs="0" maxOccurs="unbounded">
          <xs:element name="marketintervaldetail">
            <xs:complexType>
              <xs:sequence>
                <xs:element name="Data" type="xs:string" minOccurs="0" />
                <xs:element name="Mercato" type="xs:string" minOccurs="0" />
                <xs:element name="Ora" type="xs:string" minOccurs="0" />
                <xs:element name="Totale" type="xs:string" minOccurs="0" />
                <xs:element name="CNOR" type="xs:string" minOccurs="0" />
                <xs:element name="CSUD" type="xs:string" minOccurs="0" />
                <xs:element name="NORD" type="xs:string" minOccurs="0" />
                <xs:element name="SARD" type="xs:string" minOccurs="0" />
                <xs:element name="SICI" type="xs:string" minOccurs="0" />
                <xs:element name="SUD" type="xs:string" minOccurs="0" />
              </xs:sequence>
            </xs:complexType>
          </xs:element>
        </xs:choice>
      </xs:complexType>
    </xs:element>
  </xs:schema>
  <marketintervaldetail>
    <Data>20160801</Data>
    <Mercato>MGP</Mercato>
    <Ora>01</Ora>
    <Totale>27874</Totale>
    <CNOR>3029</CNOR>
    <CSUD>4860</CSUD>
    <NORD>13746</NORD>
    <SARD>971</SARD>
    <SICI>2218</SICI>
    <SUD>3050</SUD>
  </marketintervaldetail>
  <marketintervaldetail>
    <Data>20160801</Data>
    <Mercato>MGP</Mercato>
    <Ora>02</Ora>
    <Totale>25925</Totale>
    <CNOR>2818</CNOR>
    <CSUD>4459</CSUD>
    <NORD>12724</NORD>
    <SARD>919</SARD>
    <SICI>2072</SICI>
    <SUD>2933</SUD>
  </marketintervaldetail>
  <marketintervaldetail>
    <Data>20160801</Data>
    <Mercato>MGP</Mercato>
    <Ora>03</Ora>
    <Totale>24874</Totale>
    <CNOR>2649</CNOR>
    <CSUD>4196</CSUD>
    <NORD>12385</NORD>
    <SARD>881</SARD>
    <SICI>1967</SICI>
    <SUD>2796</SUD>
  </marketintervaldetail>
  <marketintervaldetail>
    <Data>20160801</Data>
    <Mercato>MGP</Mercato>
    <Ora>04</Ora>
    <Totale>24450</Totale>
    <CNOR>2616</CNOR>
    <CSUD>4063</CSUD>
    <NORD>12305</NORD>
    <SARD>866</SARD>
    <SICI>1893</SICI>
    <SUD>2707</SUD>
  </marketintervaldetail>
  <marketintervaldetail>
    <Data>20160801</Data>
    <Mercato>MGP</Mercato>
    <Ora>05</Ora>
    <Totale>24369</Totale>
    <CNOR>2589</CNOR>
    <CSUD>4025</CSUD>
    <NORD>12399</NORD>
    <SARD>862</SARD>
    <SICI>1856</SICI>
    <SUD>2638</SUD>
  </marketintervaldetail>
  <marketintervaldetail>
    <Data>20160801</Data>
    <Mercato>MGP</Mercato>
    <Ora>06</Ora>
    <Totale>25455</Totale>
    <CNOR>2758</CNOR>
    <CSUD>4095</CSUD>
    <NORD>13242</NORD>
    <SARD>877</SARD>
    <SICI>1875</SICI>
    <SUD>2608</SUD>
  </marketintervaldetail>
  <marketintervaldetail>
    <Data>20160801</Data>
    <Mercato>MGP</Mercato>
    <Ora>07</Ora>
    <Totale>27688</Totale>
    <CNOR>3050</CNOR>
    <CSUD>4343</CSUD>
    <NORD>14903</NORD>
    <SARD>920</SARD>
    <SICI>1872</SICI>
    <SUD>2600</SUD>
  </marketintervaldetail>
  <marketintervaldetail>
    <Data>20160801</Data>
    <Mercato>MGP</Mercato>
    <Ora>08</Ora>
    <Totale>32268</Totale>
    <CNOR>3525</CNOR>
    <CSUD>4964</CSUD>
    <NORD>17688</NORD>
    <SARD>1000</SARD>
    <SICI>2088</SICI>
    <SUD>3003</SUD>
  </marketintervaldetail>
  <marketintervaldetail>
    <Data>20160801</Data>
    <Mercato>MGP</Mercato>
    <Ora>09</Ora>
    <Totale>37363</Totale>
    <CNOR>4102</CNOR>
    <CSUD>5798</CSUD>
    <NORD>20470</NORD>
    <SARD>1101</SARD>
    <SICI>2452</SICI>
    <SUD>3440</SUD>
  </marketintervaldetail>
  <marketintervaldetail>
    <Data>20160801</Data>
    <Mercato>MGP</Mercato>
    <Ora>10</Ora>
    <Totale>40276</Totale>
    <CNOR>4409</CNOR>
    <CSUD>6407</CSUD>
    <NORD>21866</NORD>
    <SARD>1166</SARD>
    <SICI>2629</SICI>
    <SUD>3799</SUD>
  </marketintervaldetail>
  <marketintervaldetail>
    <Data>20160801</Data>
    <Mercato>MGP</Mercato>
    <Ora>11</Ora>
    <Totale>41015</Totale>
    <CNOR>4475</CNOR>
    <CSUD>6688</CSUD>
    <NORD>22167</NORD>
    <SARD>1193</SARD>
    <SICI>2668</SICI>
    <SUD>3824</SUD>
  </marketintervaldetail>
  <marketintervaldetail>
    <Data>20160801</Data>
    <Mercato>MGP</Mercato>
    <Ora>12</Ora>
    <Totale>41459</Totale>
    <CNOR>4597</CNOR>
    <CSUD>6712</CSUD>
    <NORD>22505</NORD>
    <SARD>1171</SARD>
    <SICI>2685</SICI>
    <SUD>3789</SUD>
  </marketintervaldetail>
  <marketintervaldetail>
    <Data>20160801</Data>
    <Mercato>MGP</Mercato>
    <Ora>13</Ora>
    <Totale>40693</Totale>
    <CNOR>4447</CNOR>
    <CSUD>6873</CSUD>
    <NORD>21749</NORD>
    <SARD>1140</SARD>
    <SICI>2733</SICI>
    <SUD>3751</SUD>
  </marketintervaldetail>
  <marketintervaldetail>
    <Data>20160801</Data>
    <Mercato>MGP</Mercato>
    <Ora>14</Ora>
    <Totale>40708</Totale>
    <CNOR>4403</CNOR>
    <CSUD>6980</CSUD>
    <NORD>21958</NORD>
    <SARD>1105</SARD>
    <SICI>2709</SICI>
    <SUD>3553</SUD>
  </marketintervaldetail>
  <marketintervaldetail>
    <Data>20160801</Data>
    <Mercato>MGP</Mercato>
    <Ora>15</Ora>
    <Totale>41783</Totale>
    <CNOR>4489</CNOR>
    <CSUD>6985</CSUD>
    <NORD>22877</NORD>
    <SARD>1102</SARD>
    <SICI>2683</SICI>
    <SUD>3647</SUD>
  </marketintervaldetail>
  <marketintervaldetail>
    <Data>20160801</Data>
    <Mercato>MGP</Mercato>
    <Ora>16</Ora>
    <Totale>42606</Totale>
    <CNOR>4579</CNOR>
    <CSUD>7034</CSUD>
    <NORD>23424</NORD>
    <SARD>1096</SARD>
    <SICI>2675</SICI>
    <SUD>3798</SUD>
  </marketintervaldetail>
  <marketintervaldetail>
    <Data>20160801</Data>
    <Mercato>MGP</Mercato>
    <Ora>17</Ora>
    <Totale>42823</Totale>
    <CNOR>4587</CNOR>
    <CSUD>7065</CSUD>
    <NORD>23607</NORD>
    <SARD>1113</SARD>
    <SICI>2777</SICI>
    <SUD>3674</SUD>
  </marketintervaldetail>
  <marketintervaldetail>
    <Data>20160801</Data>
    <Mercato>MGP</Mercato>
    <Ora>18</Ora>
    <Totale>42312</Totale>
    <CNOR>4475</CNOR>
    <CSUD>7002</CSUD>
    <NORD>23025</NORD>
    <SARD>1180</SARD>
    <SICI>2865</SICI>
    <SUD>3765</SUD>
  </marketintervaldetail>
  <marketintervaldetail>
    <Data>20160801</Data>
    <Mercato>MGP</Mercato>
    <Ora>19</Ora>
    <Totale>41337</Totale>
    <CNOR>4242</CNOR>
    <CSUD>6839</CSUD>
    <NORD>22334</NORD>
    <SARD>1214</SARD>
    <SICI>2851</SICI>
    <SUD>3857</SUD>
  </marketintervaldetail>
  <marketintervaldetail>
    <Data>20160801</Data>
    <Mercato>MGP</Mercato>
    <Ora>20</Ora>
    <Totale>41165</Totale>
    <CNOR>4054</CNOR>
    <CSUD>6819</CSUD>
    <NORD>22433</NORD>
    <SARD>1261</SARD>
    <SICI>2765</SICI>
    <SUD>3833</SUD>
  </marketintervaldetail>
  <marketintervaldetail>
    <Data>20160801</Data>
    <Mercato>MGP</Mercato>
    <Ora>21</Ora>
    <Totale>40673</Totale>
    <CNOR>3747</CNOR>
    <CSUD>6829</CSUD>
    <NORD>21819</NORD>
    <SARD>1285</SARD>
    <SICI>2851</SICI>
    <SUD>4142</SUD>
  </marketintervaldetail>
  <marketintervaldetail>
    <Data>20160801</Data>
    <Mercato>MGP</Mercato>
    <Ora>22</Ora>
    <Totale>40550</Totale>
    <CNOR>3888</CNOR>
    <CSUD>6813</CSUD>
    <NORD>21583</NORD>
    <SARD>1306</SARD>
    <SICI>2853</SICI>
    <SUD>4107</SUD>
  </marketintervaldetail>
  <marketintervaldetail>
    <Data>20160801</Data>
    <Mercato>MGP</Mercato>
    <Ora>23</Ora>
    <Totale>37723</Totale>
    <CNOR>3637</CNOR>
    <CSUD>6220</CSUD>
    <NORD>20096</NORD>
    <SARD>1218</SARD>
    <SICI>2691</SICI>
    <SUD>3861</SUD>
  </marketintervaldetail>
  <marketintervaldetail>
    <Data>20160801</Data>
    <Mercato>MGP</Mercato>
    <Ora>24</Ora>
    <Totale>34620</Totale>
    <CNOR>3359</CNOR>
    <CSUD>5789</CSUD>
    <NORD>18350</NORD>
    <SARD>1131</SARD>
    <SICI>2491</SICI>
    <SUD>3500</SUD>
  </marketintervaldetail>
</NewDataSet>