<?xml version="1.0" standalone="yes"?>
<NewDataSet>
  <xs:schema id="NewDataSet" xmlns="" xmlns:xs="http://www.w3.org/2001/XMLSchema" xmlns:msdata="urn:schemas-microsoft-com:xml-msdata">
    <xs:element name="NewDataSet" msdata:IsDataSet="true" msdata:MainDataTable="marketintervaldetail" msdata:UseCurrentLocale="true">
      <xs:complexType>
        <xs:choice minOccurs="0" maxOccurs="unbounded">
          <xs:element name="marketintervaldetail">
            <xs:complexType>
              <xs:sequence>
                <xs:element name="Data" type="xs:string" minOccurs="0" />
                <xs:element name="Mercato" type="xs:string" minOccurs="0" />
                <xs:element name="Ora" type="xs:string" minOccurs="0" />
                <xs:element name="Totale" type="xs:string" minOccurs="0" />
                <xs:element name="CNOR" type="xs:string" minOccurs="0" />
                <xs:element name="CSUD" type="xs:string" minOccurs="0" />
                <xs:element name="NORD" type="xs:string" minOccurs="0" />
                <xs:element name="SARD" type="xs:string" minOccurs="0" />
                <xs:element name="SICI" type="xs:string" minOccurs="0" />
                <xs:element name="SUD" type="xs:string" minOccurs="0" />
              </xs:sequence>
            </xs:complexType>
          </xs:element>
        </xs:choice>
      </xs:complexType>
    </xs:element>
  </xs:schema>
  <marketintervaldetail>
    <Data>20160810</Data>
    <Mercato>MGP</Mercato>
    <Ora>01</Ora>
    <Totale>25553</Totale>
    <CNOR>2796</CNOR>
    <CSUD>4627</CSUD>
    <NORD>12185</NORD>
    <SARD>1010</SARD>
    <SICI>2040</SICI>
    <SUD>2895</SUD>
  </marketintervaldetail>
  <marketintervaldetail>
    <Data>20160810</Data>
    <Mercato>MGP</Mercato>
    <Ora>02</Ora>
    <Totale>23568</Totale>
    <CNOR>2569</CNOR>
    <CSUD>4283</CSUD>
    <NORD>11128</NORD>
    <SARD>937</SARD>
    <SICI>1928</SICI>
    <SUD>2723</SUD>
  </marketintervaldetail>
  <marketintervaldetail>
    <Data>20160810</Data>
    <Mercato>MGP</Mercato>
    <Ora>03</Ora>
    <Totale>22300</Totale>
    <CNOR>2456</CNOR>
    <CSUD>3963</CSUD>
    <NORD>10659</NORD>
    <SARD>909</SARD>
    <SICI>1799</SICI>
    <SUD>2514</SUD>
  </marketintervaldetail>
  <marketintervaldetail>
    <Data>20160810</Data>
    <Mercato>MGP</Mercato>
    <Ora>04</Ora>
    <Totale>21778</Totale>
    <CNOR>2373</CNOR>
    <CSUD>3836</CSUD>
    <NORD>10462</NORD>
    <SARD>892</SARD>
    <SICI>1763</SICI>
    <SUD>2452</SUD>
  </marketintervaldetail>
  <marketintervaldetail>
    <Data>20160810</Data>
    <Mercato>MGP</Mercato>
    <Ora>05</Ora>
    <Totale>21665</Totale>
    <CNOR>2363</CNOR>
    <CSUD>3778</CSUD>
    <NORD>10466</NORD>
    <SARD>890</SARD>
    <SICI>1747</SICI>
    <SUD>2421</SUD>
  </marketintervaldetail>
  <marketintervaldetail>
    <Data>20160810</Data>
    <Mercato>MGP</Mercato>
    <Ora>06</Ora>
    <Totale>22434</Totale>
    <CNOR>2496</CNOR>
    <CSUD>3867</CSUD>
    <NORD>10987</NORD>
    <SARD>904</SARD>
    <SICI>1780</SICI>
    <SUD>2400</SUD>
  </marketintervaldetail>
  <marketintervaldetail>
    <Data>20160810</Data>
    <Mercato>MGP</Mercato>
    <Ora>07</Ora>
    <Totale>23490</Totale>
    <CNOR>2675</CNOR>
    <CSUD>3998</CSUD>
    <NORD>11729</NORD>
    <SARD>943</SARD>
    <SICI>1773</SICI>
    <SUD>2372</SUD>
  </marketintervaldetail>
  <marketintervaldetail>
    <Data>20160810</Data>
    <Mercato>MGP</Mercato>
    <Ora>08</Ora>
    <Totale>25976</Totale>
    <CNOR>2944</CNOR>
    <CSUD>4455</CSUD>
    <NORD>13063</NORD>
    <SARD>989</SARD>
    <SICI>1985</SICI>
    <SUD>2540</SUD>
  </marketintervaldetail>
  <marketintervaldetail>
    <Data>20160810</Data>
    <Mercato>MGP</Mercato>
    <Ora>09</Ora>
    <Totale>29104</Totale>
    <CNOR>3186</CNOR>
    <CSUD>5099</CSUD>
    <NORD>14715</NORD>
    <SARD>1068</SARD>
    <SICI>2271</SICI>
    <SUD>2765</SUD>
  </marketintervaldetail>
  <marketintervaldetail>
    <Data>20160810</Data>
    <Mercato>MGP</Mercato>
    <Ora>10</Ora>
    <Totale>31540</Totale>
    <CNOR>3419</CNOR>
    <CSUD>5504</CSUD>
    <NORD>16050</NORD>
    <SARD>1134</SARD>
    <SICI>2340</SICI>
    <SUD>3093</SUD>
  </marketintervaldetail>
  <marketintervaldetail>
    <Data>20160810</Data>
    <Mercato>MGP</Mercato>
    <Ora>11</Ora>
    <Totale>32294</Totale>
    <CNOR>3372</CNOR>
    <CSUD>5729</CSUD>
    <NORD>16474</NORD>
    <SARD>1142</SARD>
    <SICI>2388</SICI>
    <SUD>3189</SUD>
  </marketintervaldetail>
  <marketintervaldetail>
    <Data>20160810</Data>
    <Mercato>MGP</Mercato>
    <Ora>12</Ora>
    <Totale>32496</Totale>
    <CNOR>3387</CNOR>
    <CSUD>5889</CSUD>
    <NORD>16412</NORD>
    <SARD>1107</SARD>
    <SICI>2381</SICI>
    <SUD>3320</SUD>
  </marketintervaldetail>
  <marketintervaldetail>
    <Data>20160810</Data>
    <Mercato>MGP</Mercato>
    <Ora>13</Ora>
    <Totale>32172</Totale>
    <CNOR>3440</CNOR>
    <CSUD>6014</CSUD>
    <NORD>15973</NORD>
    <SARD>1074</SARD>
    <SICI>2475</SICI>
    <SUD>3196</SUD>
  </marketintervaldetail>
  <marketintervaldetail>
    <Data>20160810</Data>
    <Mercato>MGP</Mercato>
    <Ora>14</Ora>
    <Totale>31240</Totale>
    <CNOR>3354</CNOR>
    <CSUD>6002</CSUD>
    <NORD>15483</NORD>
    <SARD>1056</SARD>
    <SICI>2430</SICI>
    <SUD>2915</SUD>
  </marketintervaldetail>
  <marketintervaldetail>
    <Data>20160810</Data>
    <Mercato>MGP</Mercato>
    <Ora>15</Ora>
    <Totale>30800</Totale>
    <CNOR>3316</CNOR>
    <CSUD>5638</CSUD>
    <NORD>15347</NORD>
    <SARD>1065</SARD>
    <SICI>2355</SICI>
    <SUD>3079</SUD>
  </marketintervaldetail>
  <marketintervaldetail>
    <Data>20160810</Data>
    <Mercato>MGP</Mercato>
    <Ora>16</Ora>
    <Totale>30910</Totale>
    <CNOR>3444</CNOR>
    <CSUD>5624</CSUD>
    <NORD>15347</NORD>
    <SARD>1023</SARD>
    <SICI>2311</SICI>
    <SUD>3161</SUD>
  </marketintervaldetail>
  <marketintervaldetail>
    <Data>20160810</Data>
    <Mercato>MGP</Mercato>
    <Ora>17</Ora>
    <Totale>30941</Totale>
    <CNOR>3435</CNOR>
    <CSUD>5707</CSUD>
    <NORD>15402</NORD>
    <SARD>1060</SARD>
    <SICI>2347</SICI>
    <SUD>2990</SUD>
  </marketintervaldetail>
  <marketintervaldetail>
    <Data>20160810</Data>
    <Mercato>MGP</Mercato>
    <Ora>18</Ora>
    <Totale>31314</Totale>
    <CNOR>3480</CNOR>
    <CSUD>5757</CSUD>
    <NORD>15558</NORD>
    <SARD>1093</SARD>
    <SICI>2510</SICI>
    <SUD>2916</SUD>
  </marketintervaldetail>
  <marketintervaldetail>
    <Data>20160810</Data>
    <Mercato>MGP</Mercato>
    <Ora>19</Ora>
    <Totale>31318</Totale>
    <CNOR>3354</CNOR>
    <CSUD>5627</CSUD>
    <NORD>15928</NORD>
    <SARD>1116</SARD>
    <SICI>2501</SICI>
    <SUD>2792</SUD>
  </marketintervaldetail>
  <marketintervaldetail>
    <Data>20160810</Data>
    <Mercato>MGP</Mercato>
    <Ora>20</Ora>
    <Totale>31767</Totale>
    <CNOR>3296</CNOR>
    <CSUD>5599</CSUD>
    <NORD>16340</NORD>
    <SARD>1168</SARD>
    <SICI>2447</SICI>
    <SUD>2917</SUD>
  </marketintervaldetail>
  <marketintervaldetail>
    <Data>20160810</Data>
    <Mercato>MGP</Mercato>
    <Ora>21</Ora>
    <Totale>32164</Totale>
    <CNOR>3252</CNOR>
    <CSUD>5797</CSUD>
    <NORD>15888</NORD>
    <SARD>1252</SARD>
    <SICI>2541</SICI>
    <SUD>3434</SUD>
  </marketintervaldetail>
  <marketintervaldetail>
    <Data>20160810</Data>
    <Mercato>MGP</Mercato>
    <Ora>22</Ora>
    <Totale>31857</Totale>
    <CNOR>3313</CNOR>
    <CSUD>5717</CSUD>
    <NORD>15606</NORD>
    <SARD>1256</SARD>
    <SICI>2496</SICI>
    <SUD>3469</SUD>
  </marketintervaldetail>
  <marketintervaldetail>
    <Data>20160810</Data>
    <Mercato>MGP</Mercato>
    <Ora>23</Ora>
    <Totale>29739</Totale>
    <CNOR>3135</CNOR>
    <CSUD>5318</CSUD>
    <NORD>14579</NORD>
    <SARD>1172</SARD>
    <SICI>2331</SICI>
    <SUD>3204</SUD>
  </marketintervaldetail>
  <marketintervaldetail>
    <Data>20160810</Data>
    <Mercato>MGP</Mercato>
    <Ora>24</Ora>
    <Totale>27324</Totale>
    <CNOR>2918</CNOR>
    <CSUD>4845</CSUD>
    <NORD>13268</NORD>
    <SARD>1084</SARD>
    <SICI>2199</SICI>
    <SUD>3010</SUD>
  </marketintervaldetail>
</NewDataSet>