<?xml version="1.0" standalone="yes"?>
<NewDataSet>
  <xs:schema id="NewDataSet" xmlns="" xmlns:xs="http://www.w3.org/2001/XMLSchema" xmlns:msdata="urn:schemas-microsoft-com:xml-msdata">
    <xs:element name="NewDataSet" msdata:IsDataSet="true" msdata:MainDataTable="marketintervaldetail" msdata:UseCurrentLocale="true">
      <xs:complexType>
        <xs:choice minOccurs="0" maxOccurs="unbounded">
          <xs:element name="marketintervaldetail">
            <xs:complexType>
              <xs:sequence>
                <xs:element name="Data" type="xs:string" minOccurs="0" />
                <xs:element name="Mercato" type="xs:string" minOccurs="0" />
                <xs:element name="Ora" type="xs:string" minOccurs="0" />
                <xs:element name="Totale" type="xs:string" minOccurs="0" />
                <xs:element name="CNOR" type="xs:string" minOccurs="0" />
                <xs:element name="CSUD" type="xs:string" minOccurs="0" />
                <xs:element name="NORD" type="xs:string" minOccurs="0" />
                <xs:element name="SARD" type="xs:string" minOccurs="0" />
                <xs:element name="SICI" type="xs:string" minOccurs="0" />
                <xs:element name="SUD" type="xs:string" minOccurs="0" />
              </xs:sequence>
            </xs:complexType>
          </xs:element>
        </xs:choice>
      </xs:complexType>
    </xs:element>
  </xs:schema>
  <marketintervaldetail>
    <Data>20160808</Data>
    <Mercato>MGP</Mercato>
    <Ora>01</Ora>
    <Totale>23738</Totale>
    <CNOR>2501</CNOR>
    <CSUD>4333</CSUD>
    <NORD>11304</NORD>
    <SARD>979</SARD>
    <SICI>2163</SICI>
    <SUD>2458</SUD>
  </marketintervaldetail>
  <marketintervaldetail>
    <Data>20160808</Data>
    <Mercato>MGP</Mercato>
    <Ora>02</Ora>
    <Totale>22379</Totale>
    <CNOR>2389</CNOR>
    <CSUD>3915</CSUD>
    <NORD>10897</NORD>
    <SARD>962</SARD>
    <SICI>1998</SICI>
    <SUD>2218</SUD>
  </marketintervaldetail>
  <marketintervaldetail>
    <Data>20160808</Data>
    <Mercato>MGP</Mercato>
    <Ora>03</Ora>
    <Totale>21677</Totale>
    <CNOR>2249</CNOR>
    <CSUD>3811</CSUD>
    <NORD>10613</NORD>
    <SARD>908</SARD>
    <SICI>1906</SICI>
    <SUD>2190</SUD>
  </marketintervaldetail>
  <marketintervaldetail>
    <Data>20160808</Data>
    <Mercato>MGP</Mercato>
    <Ora>04</Ora>
    <Totale>21378</Totale>
    <CNOR>2301</CNOR>
    <CSUD>3638</CSUD>
    <NORD>10554</NORD>
    <SARD>881</SARD>
    <SICI>1781</SICI>
    <SUD>2223</SUD>
  </marketintervaldetail>
  <marketintervaldetail>
    <Data>20160808</Data>
    <Mercato>MGP</Mercato>
    <Ora>05</Ora>
    <Totale>21489</Totale>
    <CNOR>2302</CNOR>
    <CSUD>3666</CSUD>
    <NORD>10693</NORD>
    <SARD>869</SARD>
    <SICI>1743</SICI>
    <SUD>2216</SUD>
  </marketintervaldetail>
  <marketintervaldetail>
    <Data>20160808</Data>
    <Mercato>MGP</Mercato>
    <Ora>06</Ora>
    <Totale>22568</Totale>
    <CNOR>2395</CNOR>
    <CSUD>3914</CSUD>
    <NORD>11391</NORD>
    <SARD>855</SARD>
    <SICI>1781</SICI>
    <SUD>2232</SUD>
  </marketintervaldetail>
  <marketintervaldetail>
    <Data>20160808</Data>
    <Mercato>MGP</Mercato>
    <Ora>07</Ora>
    <Totale>24014</Totale>
    <CNOR>2525</CNOR>
    <CSUD>4168</CSUD>
    <NORD>12330</NORD>
    <SARD>887</SARD>
    <SICI>1774</SICI>
    <SUD>2330</SUD>
  </marketintervaldetail>
  <marketintervaldetail>
    <Data>20160808</Data>
    <Mercato>MGP</Mercato>
    <Ora>08</Ora>
    <Totale>27427</Totale>
    <CNOR>2865</CNOR>
    <CSUD>4691</CSUD>
    <NORD>14199</NORD>
    <SARD>970</SARD>
    <SICI>1982</SICI>
    <SUD>2720</SUD>
  </marketintervaldetail>
  <marketintervaldetail>
    <Data>20160808</Data>
    <Mercato>MGP</Mercato>
    <Ora>09</Ora>
    <Totale>30806</Totale>
    <CNOR>3234</CNOR>
    <CSUD>5270</CSUD>
    <NORD>16016</NORD>
    <SARD>1048</SARD>
    <SICI>2297</SICI>
    <SUD>2941</SUD>
  </marketintervaldetail>
  <marketintervaldetail>
    <Data>20160808</Data>
    <Mercato>MGP</Mercato>
    <Ora>10</Ora>
    <Totale>32695</Totale>
    <CNOR>3537</CNOR>
    <CSUD>5957</CSUD>
    <NORD>16453</NORD>
    <SARD>1088</SARD>
    <SICI>2475</SICI>
    <SUD>3185</SUD>
  </marketintervaldetail>
  <marketintervaldetail>
    <Data>20160808</Data>
    <Mercato>MGP</Mercato>
    <Ora>11</Ora>
    <Totale>33304</Totale>
    <CNOR>3652</CNOR>
    <CSUD>6085</CSUD>
    <NORD>16720</NORD>
    <SARD>1074</SARD>
    <SICI>2541</SICI>
    <SUD>3232</SUD>
  </marketintervaldetail>
  <marketintervaldetail>
    <Data>20160808</Data>
    <Mercato>MGP</Mercato>
    <Ora>12</Ora>
    <Totale>33465</Totale>
    <CNOR>3588</CNOR>
    <CSUD>6287</CSUD>
    <NORD>16696</NORD>
    <SARD>1140</SARD>
    <SICI>2488</SICI>
    <SUD>3266</SUD>
  </marketintervaldetail>
  <marketintervaldetail>
    <Data>20160808</Data>
    <Mercato>MGP</Mercato>
    <Ora>13</Ora>
    <Totale>32600</Totale>
    <CNOR>3416</CNOR>
    <CSUD>6276</CSUD>
    <NORD>15987</NORD>
    <SARD>1140</SARD>
    <SICI>2519</SICI>
    <SUD>3262</SUD>
  </marketintervaldetail>
  <marketintervaldetail>
    <Data>20160808</Data>
    <Mercato>MGP</Mercato>
    <Ora>14</Ora>
    <Totale>32308</Totale>
    <CNOR>3516</CNOR>
    <CSUD>5969</CSUD>
    <NORD>15800</NORD>
    <SARD>1138</SARD>
    <SICI>2492</SICI>
    <SUD>3393</SUD>
  </marketintervaldetail>
  <marketintervaldetail>
    <Data>20160808</Data>
    <Mercato>MGP</Mercato>
    <Ora>15</Ora>
    <Totale>32466</Totale>
    <CNOR>3640</CNOR>
    <CSUD>6006</CSUD>
    <NORD>15804</NORD>
    <SARD>1108</SARD>
    <SICI>2532</SICI>
    <SUD>3376</SUD>
  </marketintervaldetail>
  <marketintervaldetail>
    <Data>20160808</Data>
    <Mercato>MGP</Mercato>
    <Ora>16</Ora>
    <Totale>32330</Totale>
    <CNOR>3473</CNOR>
    <CSUD>6048</CSUD>
    <NORD>15693</NORD>
    <SARD>1117</SARD>
    <SICI>2458</SICI>
    <SUD>3541</SUD>
  </marketintervaldetail>
  <marketintervaldetail>
    <Data>20160808</Data>
    <Mercato>MGP</Mercato>
    <Ora>17</Ora>
    <Totale>32276</Totale>
    <CNOR>3221</CNOR>
    <CSUD>5961</CSUD>
    <NORD>15818</NORD>
    <SARD>1081</SARD>
    <SICI>2542</SICI>
    <SUD>3653</SUD>
  </marketintervaldetail>
  <marketintervaldetail>
    <Data>20160808</Data>
    <Mercato>MGP</Mercato>
    <Ora>18</Ora>
    <Totale>32076</Totale>
    <CNOR>2946</CNOR>
    <CSUD>5998</CSUD>
    <NORD>15735</NORD>
    <SARD>1119</SARD>
    <SICI>2688</SICI>
    <SUD>3590</SUD>
  </marketintervaldetail>
  <marketintervaldetail>
    <Data>20160808</Data>
    <Mercato>MGP</Mercato>
    <Ora>19</Ora>
    <Totale>31768</Totale>
    <CNOR>2871</CNOR>
    <CSUD>5829</CSUD>
    <NORD>15627</NORD>
    <SARD>1159</SARD>
    <SICI>2657</SICI>
    <SUD>3625</SUD>
  </marketintervaldetail>
  <marketintervaldetail>
    <Data>20160808</Data>
    <Mercato>MGP</Mercato>
    <Ora>20</Ora>
    <Totale>31824</Totale>
    <CNOR>3382</CNOR>
    <CSUD>5949</CSUD>
    <NORD>14862</NORD>
    <SARD>1191</SARD>
    <SICI>2598</SICI>
    <SUD>3842</SUD>
  </marketintervaldetail>
  <marketintervaldetail>
    <Data>20160808</Data>
    <Mercato>MGP</Mercato>
    <Ora>21</Ora>
    <Totale>32530</Totale>
    <CNOR>3339</CNOR>
    <CSUD>6145</CSUD>
    <NORD>14977</NORD>
    <SARD>1238</SARD>
    <SICI>2818</SICI>
    <SUD>4013</SUD>
  </marketintervaldetail>
  <marketintervaldetail>
    <Data>20160808</Data>
    <Mercato>MGP</Mercato>
    <Ora>22</Ora>
    <Totale>32714</Totale>
    <CNOR>3418</CNOR>
    <CSUD>6028</CSUD>
    <NORD>15148</NORD>
    <SARD>1240</SARD>
    <SICI>2746</SICI>
    <SUD>4134</SUD>
  </marketintervaldetail>
  <marketintervaldetail>
    <Data>20160808</Data>
    <Mercato>MGP</Mercato>
    <Ora>23</Ora>
    <Totale>29935</Totale>
    <CNOR>3160</CNOR>
    <CSUD>5499</CSUD>
    <NORD>13907</NORD>
    <SARD>1156</SARD>
    <SICI>2646</SICI>
    <SUD>3567</SUD>
  </marketintervaldetail>
  <marketintervaldetail>
    <Data>20160808</Data>
    <Mercato>MGP</Mercato>
    <Ora>24</Ora>
    <Totale>27405</Totale>
    <CNOR>2797</CNOR>
    <CSUD>5008</CSUD>
    <NORD>12862</NORD>
    <SARD>1065</SARD>
    <SICI>2420</SICI>
    <SUD>3253</SUD>
  </marketintervaldetail>
</NewDataSet>