<?xml version="1.0" standalone="yes"?>
<NewDataSet>
  <xs:schema id="NewDataSet" xmlns="" xmlns:xs="http://www.w3.org/2001/XMLSchema" xmlns:msdata="urn:schemas-microsoft-com:xml-msdata">
    <xs:element name="NewDataSet" msdata:IsDataSet="true" msdata:MainDataTable="marketintervaldetail" msdata:UseCurrentLocale="true">
      <xs:complexType>
        <xs:choice minOccurs="0" maxOccurs="unbounded">
          <xs:element name="marketintervaldetail">
            <xs:complexType>
              <xs:sequence>
                <xs:element name="Data" type="xs:string" minOccurs="0" />
                <xs:element name="Mercato" type="xs:string" minOccurs="0" />
                <xs:element name="Ora" type="xs:string" minOccurs="0" />
                <xs:element name="Totale" type="xs:string" minOccurs="0" />
                <xs:element name="CNOR" type="xs:string" minOccurs="0" />
                <xs:element name="CSUD" type="xs:string" minOccurs="0" />
                <xs:element name="NORD" type="xs:string" minOccurs="0" />
                <xs:element name="SARD" type="xs:string" minOccurs="0" />
                <xs:element name="SICI" type="xs:string" minOccurs="0" />
                <xs:element name="SUD" type="xs:string" minOccurs="0" />
              </xs:sequence>
            </xs:complexType>
          </xs:element>
        </xs:choice>
      </xs:complexType>
    </xs:element>
  </xs:schema>
  <marketintervaldetail>
    <Data>20160815</Data>
    <Mercato>MGP</Mercato>
    <Ora>01</Ora>
    <Totale>22020</Totale>
    <CNOR>2311</CNOR>
    <CSUD>3761</CSUD>
    <NORD>10601</NORD>
    <SARD>935</SARD>
    <SICI>1803</SICI>
    <SUD>2609</SUD>
  </marketintervaldetail>
  <marketintervaldetail>
    <Data>20160815</Data>
    <Mercato>MGP</Mercato>
    <Ora>02</Ora>
    <Totale>20482</Totale>
    <CNOR>2192</CNOR>
    <CSUD>3545</CSUD>
    <NORD>9707</NORD>
    <SARD>879</SARD>
    <SICI>1697</SICI>
    <SUD>2462</SUD>
  </marketintervaldetail>
  <marketintervaldetail>
    <Data>20160815</Data>
    <Mercato>MGP</Mercato>
    <Ora>03</Ora>
    <Totale>19417</Totale>
    <CNOR>2165</CNOR>
    <CSUD>3338</CSUD>
    <NORD>9150</NORD>
    <SARD>843</SARD>
    <SICI>1584</SICI>
    <SUD>2337</SUD>
  </marketintervaldetail>
  <marketintervaldetail>
    <Data>20160815</Data>
    <Mercato>MGP</Mercato>
    <Ora>04</Ora>
    <Totale>18900</Totale>
    <CNOR>2220</CNOR>
    <CSUD>3048</CSUD>
    <NORD>9123</NORD>
    <SARD>823</SARD>
    <SICI>1459</SICI>
    <SUD>2227</SUD>
  </marketintervaldetail>
  <marketintervaldetail>
    <Data>20160815</Data>
    <Mercato>MGP</Mercato>
    <Ora>05</Ora>
    <Totale>18809</Totale>
    <CNOR>2159</CNOR>
    <CSUD>3019</CSUD>
    <NORD>9131</NORD>
    <SARD>835</SARD>
    <SICI>1440</SICI>
    <SUD>2225</SUD>
  </marketintervaldetail>
  <marketintervaldetail>
    <Data>20160815</Data>
    <Mercato>MGP</Mercato>
    <Ora>06</Ora>
    <Totale>19162</Totale>
    <CNOR>2152</CNOR>
    <CSUD>3078</CSUD>
    <NORD>9228</NORD>
    <SARD>898</SARD>
    <SICI>1544</SICI>
    <SUD>2262</SUD>
  </marketintervaldetail>
  <marketintervaldetail>
    <Data>20160815</Data>
    <Mercato>MGP</Mercato>
    <Ora>07</Ora>
    <Totale>18890</Totale>
    <CNOR>2199</CNOR>
    <CSUD>3005</CSUD>
    <NORD>9120</NORD>
    <SARD>916</SARD>
    <SICI>1511</SICI>
    <SUD>2139</SUD>
  </marketintervaldetail>
  <marketintervaldetail>
    <Data>20160815</Data>
    <Mercato>MGP</Mercato>
    <Ora>08</Ora>
    <Totale>19138</Totale>
    <CNOR>2151</CNOR>
    <CSUD>3166</CSUD>
    <NORD>9083</NORD>
    <SARD>927</SARD>
    <SICI>1566</SICI>
    <SUD>2245</SUD>
  </marketintervaldetail>
  <marketintervaldetail>
    <Data>20160815</Data>
    <Mercato>MGP</Mercato>
    <Ora>09</Ora>
    <Totale>20364</Totale>
    <CNOR>2096</CNOR>
    <CSUD>3568</CSUD>
    <NORD>9660</NORD>
    <SARD>963</SARD>
    <SICI>1687</SICI>
    <SUD>2390</SUD>
  </marketintervaldetail>
  <marketintervaldetail>
    <Data>20160815</Data>
    <Mercato>MGP</Mercato>
    <Ora>10</Ora>
    <Totale>21279</Totale>
    <CNOR>2173</CNOR>
    <CSUD>3989</CSUD>
    <NORD>9910</NORD>
    <SARD>988</SARD>
    <SICI>1725</SICI>
    <SUD>2494</SUD>
  </marketintervaldetail>
  <marketintervaldetail>
    <Data>20160815</Data>
    <Mercato>MGP</Mercato>
    <Ora>11</Ora>
    <Totale>21874</Totale>
    <CNOR>2268</CNOR>
    <CSUD>4109</CSUD>
    <NORD>10220</NORD>
    <SARD>986</SARD>
    <SICI>1731</SICI>
    <SUD>2560</SUD>
  </marketintervaldetail>
  <marketintervaldetail>
    <Data>20160815</Data>
    <Mercato>MGP</Mercato>
    <Ora>12</Ora>
    <Totale>21694</Totale>
    <CNOR>2233</CNOR>
    <CSUD>4093</CSUD>
    <NORD>10233</NORD>
    <SARD>964</SARD>
    <SICI>1682</SICI>
    <SUD>2489</SUD>
  </marketintervaldetail>
  <marketintervaldetail>
    <Data>20160815</Data>
    <Mercato>MGP</Mercato>
    <Ora>13</Ora>
    <Totale>21602</Totale>
    <CNOR>2192</CNOR>
    <CSUD>3969</CSUD>
    <NORD>10164</NORD>
    <SARD>925</SARD>
    <SICI>1678</SICI>
    <SUD>2674</SUD>
  </marketintervaldetail>
  <marketintervaldetail>
    <Data>20160815</Data>
    <Mercato>MGP</Mercato>
    <Ora>14</Ora>
    <Totale>21004</Totale>
    <CNOR>2038</CNOR>
    <CSUD>3949</CSUD>
    <NORD>9931</NORD>
    <SARD>907</SARD>
    <SICI>1719</SICI>
    <SUD>2460</SUD>
  </marketintervaldetail>
  <marketintervaldetail>
    <Data>20160815</Data>
    <Mercato>MGP</Mercato>
    <Ora>15</Ora>
    <Totale>20256</Totale>
    <CNOR>1987</CNOR>
    <CSUD>3827</CSUD>
    <NORD>9628</NORD>
    <SARD>913</SARD>
    <SICI>1591</SICI>
    <SUD>2310</SUD>
  </marketintervaldetail>
  <marketintervaldetail>
    <Data>20160815</Data>
    <Mercato>MGP</Mercato>
    <Ora>16</Ora>
    <Totale>19974</Totale>
    <CNOR>1945</CNOR>
    <CSUD>3806</CSUD>
    <NORD>9560</NORD>
    <SARD>942</SARD>
    <SICI>1547</SICI>
    <SUD>2174</SUD>
  </marketintervaldetail>
  <marketintervaldetail>
    <Data>20160815</Data>
    <Mercato>MGP</Mercato>
    <Ora>17</Ora>
    <Totale>20294</Totale>
    <CNOR>2051</CNOR>
    <CSUD>3733</CSUD>
    <NORD>9723</NORD>
    <SARD>934</SARD>
    <SICI>1585</SICI>
    <SUD>2268</SUD>
  </marketintervaldetail>
  <marketintervaldetail>
    <Data>20160815</Data>
    <Mercato>MGP</Mercato>
    <Ora>18</Ora>
    <Totale>21079</Totale>
    <CNOR>2197</CNOR>
    <CSUD>3842</CSUD>
    <NORD>10049</NORD>
    <SARD>955</SARD>
    <SICI>1711</SICI>
    <SUD>2325</SUD>
  </marketintervaldetail>
  <marketintervaldetail>
    <Data>20160815</Data>
    <Mercato>MGP</Mercato>
    <Ora>19</Ora>
    <Totale>21851</Totale>
    <CNOR>2352</CNOR>
    <CSUD>3758</CSUD>
    <NORD>10629</NORD>
    <SARD>953</SARD>
    <SICI>1810</SICI>
    <SUD>2349</SUD>
  </marketintervaldetail>
  <marketintervaldetail>
    <Data>20160815</Data>
    <Mercato>MGP</Mercato>
    <Ora>20</Ora>
    <Totale>23126</Totale>
    <CNOR>2587</CNOR>
    <CSUD>3775</CSUD>
    <NORD>11283</NORD>
    <SARD>998</SARD>
    <SICI>1931</SICI>
    <SUD>2552</SUD>
  </marketintervaldetail>
  <marketintervaldetail>
    <Data>20160815</Data>
    <Mercato>MGP</Mercato>
    <Ora>21</Ora>
    <Totale>25234</Totale>
    <CNOR>2771</CNOR>
    <CSUD>4214</CSUD>
    <NORD>11911</NORD>
    <SARD>1104</SARD>
    <SICI>2184</SICI>
    <SUD>3050</SUD>
  </marketintervaldetail>
  <marketintervaldetail>
    <Data>20160815</Data>
    <Mercato>MGP</Mercato>
    <Ora>22</Ora>
    <Totale>26502</Totale>
    <CNOR>2830</CNOR>
    <CSUD>4461</CSUD>
    <NORD>12745</NORD>
    <SARD>1169</SARD>
    <SICI>2156</SICI>
    <SUD>3141</SUD>
  </marketintervaldetail>
  <marketintervaldetail>
    <Data>20160815</Data>
    <Mercato>MGP</Mercato>
    <Ora>23</Ora>
    <Totale>25060</Totale>
    <CNOR>2632</CNOR>
    <CSUD>4212</CSUD>
    <NORD>12147</NORD>
    <SARD>1098</SARD>
    <SICI>2137</SICI>
    <SUD>2834</SUD>
  </marketintervaldetail>
  <marketintervaldetail>
    <Data>20160815</Data>
    <Mercato>MGP</Mercato>
    <Ora>24</Ora>
    <Totale>23122</Totale>
    <CNOR>2449</CNOR>
    <CSUD>3921</CSUD>
    <NORD>11150</NORD>
    <SARD>1044</SARD>
    <SICI>2006</SICI>
    <SUD>2552</SUD>
  </marketintervaldetail>
</NewDataSet>