<?xml version="1.0" standalone="yes"?>
<NewDataSet>
  <xs:schema id="NewDataSet" xmlns="" xmlns:xs="http://www.w3.org/2001/XMLSchema" xmlns:msdata="urn:schemas-microsoft-com:xml-msdata">
    <xs:element name="NewDataSet" msdata:IsDataSet="true" msdata:MainDataTable="marketintervaldetail" msdata:UseCurrentLocale="true">
      <xs:complexType>
        <xs:choice minOccurs="0" maxOccurs="unbounded">
          <xs:element name="marketintervaldetail">
            <xs:complexType>
              <xs:sequence>
                <xs:element name="Data" type="xs:string" minOccurs="0" />
                <xs:element name="Mercato" type="xs:string" minOccurs="0" />
                <xs:element name="Ora" type="xs:string" minOccurs="0" />
                <xs:element name="Totale" type="xs:string" minOccurs="0" />
                <xs:element name="CNOR" type="xs:string" minOccurs="0" />
                <xs:element name="CSUD" type="xs:string" minOccurs="0" />
                <xs:element name="NORD" type="xs:string" minOccurs="0" />
                <xs:element name="SARD" type="xs:string" minOccurs="0" />
                <xs:element name="SICI" type="xs:string" minOccurs="0" />
                <xs:element name="SUD" type="xs:string" minOccurs="0" />
              </xs:sequence>
            </xs:complexType>
          </xs:element>
        </xs:choice>
      </xs:complexType>
    </xs:element>
  </xs:schema>
  <marketintervaldetail>
    <Data>20160822</Data>
    <Mercato>MGP</Mercato>
    <Ora>01</Ora>
    <Totale>24279</Totale>
    <CNOR>2494</CNOR>
    <CSUD>4285</CSUD>
    <NORD>12014</NORD>
    <SARD>971</SARD>
    <SICI>1924</SICI>
    <SUD>2591</SUD>
  </marketintervaldetail>
  <marketintervaldetail>
    <Data>20160822</Data>
    <Mercato>MGP</Mercato>
    <Ora>02</Ora>
    <Totale>22563</Totale>
    <CNOR>2285</CNOR>
    <CSUD>3984</CSUD>
    <NORD>11236</NORD>
    <SARD>887</SARD>
    <SICI>1783</SICI>
    <SUD>2388</SUD>
  </marketintervaldetail>
  <marketintervaldetail>
    <Data>20160822</Data>
    <Mercato>MGP</Mercato>
    <Ora>03</Ora>
    <Totale>21660</Totale>
    <CNOR>2183</CNOR>
    <CSUD>3779</CSUD>
    <NORD>10925</NORD>
    <SARD>854</SARD>
    <SICI>1681</SICI>
    <SUD>2238</SUD>
  </marketintervaldetail>
  <marketintervaldetail>
    <Data>20160822</Data>
    <Mercato>MGP</Mercato>
    <Ora>04</Ora>
    <Totale>21221</Totale>
    <CNOR>2127</CNOR>
    <CSUD>3653</CSUD>
    <NORD>10795</NORD>
    <SARD>846</SARD>
    <SICI>1613</SICI>
    <SUD>2187</SUD>
  </marketintervaldetail>
  <marketintervaldetail>
    <Data>20160822</Data>
    <Mercato>MGP</Mercato>
    <Ora>05</Ora>
    <Totale>21294</Totale>
    <CNOR>2096</CNOR>
    <CSUD>3654</CSUD>
    <NORD>10983</NORD>
    <SARD>821</SARD>
    <SICI>1595</SICI>
    <SUD>2145</SUD>
  </marketintervaldetail>
  <marketintervaldetail>
    <Data>20160822</Data>
    <Mercato>MGP</Mercato>
    <Ora>06</Ora>
    <Totale>22370</Totale>
    <CNOR>2182</CNOR>
    <CSUD>3791</CSUD>
    <NORD>11749</NORD>
    <SARD>846</SARD>
    <SICI>1639</SICI>
    <SUD>2163</SUD>
  </marketintervaldetail>
  <marketintervaldetail>
    <Data>20160822</Data>
    <Mercato>MGP</Mercato>
    <Ora>07</Ora>
    <Totale>24456</Totale>
    <CNOR>2359</CNOR>
    <CSUD>4065</CSUD>
    <NORD>13260</NORD>
    <SARD>894</SARD>
    <SICI>1679</SICI>
    <SUD>2199</SUD>
  </marketintervaldetail>
  <marketintervaldetail>
    <Data>20160822</Data>
    <Mercato>MGP</Mercato>
    <Ora>08</Ora>
    <Totale>27257</Totale>
    <CNOR>2683</CNOR>
    <CSUD>4532</CSUD>
    <NORD>14837</NORD>
    <SARD>952</SARD>
    <SICI>1840</SICI>
    <SUD>2413</SUD>
  </marketintervaldetail>
  <marketintervaldetail>
    <Data>20160822</Data>
    <Mercato>MGP</Mercato>
    <Ora>09</Ora>
    <Totale>31546</Totale>
    <CNOR>3178</CNOR>
    <CSUD>5225</CSUD>
    <NORD>17196</NORD>
    <SARD>1043</SARD>
    <SICI>2141</SICI>
    <SUD>2763</SUD>
  </marketintervaldetail>
  <marketintervaldetail>
    <Data>20160822</Data>
    <Mercato>MGP</Mercato>
    <Ora>10</Ora>
    <Totale>33812</Totale>
    <CNOR>3507</CNOR>
    <CSUD>5684</CSUD>
    <NORD>18115</NORD>
    <SARD>1092</SARD>
    <SICI>2318</SICI>
    <SUD>3096</SUD>
  </marketintervaldetail>
  <marketintervaldetail>
    <Data>20160822</Data>
    <Mercato>MGP</Mercato>
    <Ora>11</Ora>
    <Totale>34384</Totale>
    <CNOR>3628</CNOR>
    <CSUD>5853</CSUD>
    <NORD>18304</NORD>
    <SARD>1087</SARD>
    <SICI>2339</SICI>
    <SUD>3173</SUD>
  </marketintervaldetail>
  <marketintervaldetail>
    <Data>20160822</Data>
    <Mercato>MGP</Mercato>
    <Ora>12</Ora>
    <Totale>34502</Totale>
    <CNOR>3710</CNOR>
    <CSUD>5961</CSUD>
    <NORD>18294</NORD>
    <SARD>1086</SARD>
    <SICI>2320</SICI>
    <SUD>3131</SUD>
  </marketintervaldetail>
  <marketintervaldetail>
    <Data>20160822</Data>
    <Mercato>MGP</Mercato>
    <Ora>13</Ora>
    <Totale>33821</Totale>
    <CNOR>3599</CNOR>
    <CSUD>5955</CSUD>
    <NORD>17659</NORD>
    <SARD>1081</SARD>
    <SICI>2345</SICI>
    <SUD>3182</SUD>
  </marketintervaldetail>
  <marketintervaldetail>
    <Data>20160822</Data>
    <Mercato>MGP</Mercato>
    <Ora>14</Ora>
    <Totale>34152</Totale>
    <CNOR>3407</CNOR>
    <CSUD>6030</CSUD>
    <NORD>18153</NORD>
    <SARD>1092</SARD>
    <SICI>2308</SICI>
    <SUD>3162</SUD>
  </marketintervaldetail>
  <marketintervaldetail>
    <Data>20160822</Data>
    <Mercato>MGP</Mercato>
    <Ora>15</Ora>
    <Totale>35099</Totale>
    <CNOR>3658</CNOR>
    <CSUD>6153</CSUD>
    <NORD>18652</NORD>
    <SARD>1054</SARD>
    <SICI>2317</SICI>
    <SUD>3265</SUD>
  </marketintervaldetail>
  <marketintervaldetail>
    <Data>20160822</Data>
    <Mercato>MGP</Mercato>
    <Ora>16</Ora>
    <Totale>35168</Totale>
    <CNOR>3623</CNOR>
    <CSUD>6277</CSUD>
    <NORD>18862</NORD>
    <SARD>1051</SARD>
    <SICI>2323</SICI>
    <SUD>3032</SUD>
  </marketintervaldetail>
  <marketintervaldetail>
    <Data>20160822</Data>
    <Mercato>MGP</Mercato>
    <Ora>17</Ora>
    <Totale>35836</Totale>
    <CNOR>3606</CNOR>
    <CSUD>6280</CSUD>
    <NORD>19352</NORD>
    <SARD>1055</SARD>
    <SICI>2438</SICI>
    <SUD>3105</SUD>
  </marketintervaldetail>
  <marketintervaldetail>
    <Data>20160822</Data>
    <Mercato>MGP</Mercato>
    <Ora>18</Ora>
    <Totale>35716</Totale>
    <CNOR>3673</CNOR>
    <CSUD>6191</CSUD>
    <NORD>18981</NORD>
    <SARD>1091</SARD>
    <SICI>2539</SICI>
    <SUD>3241</SUD>
  </marketintervaldetail>
  <marketintervaldetail>
    <Data>20160822</Data>
    <Mercato>MGP</Mercato>
    <Ora>19</Ora>
    <Totale>35702</Totale>
    <CNOR>3549</CNOR>
    <CSUD>6111</CSUD>
    <NORD>18927</NORD>
    <SARD>1137</SARD>
    <SICI>2560</SICI>
    <SUD>3418</SUD>
  </marketintervaldetail>
  <marketintervaldetail>
    <Data>20160822</Data>
    <Mercato>MGP</Mercato>
    <Ora>20</Ora>
    <Totale>36191</Totale>
    <CNOR>3594</CNOR>
    <CSUD>6234</CSUD>
    <NORD>19158</NORD>
    <SARD>1206</SARD>
    <SICI>2540</SICI>
    <SUD>3459</SUD>
  </marketintervaldetail>
  <marketintervaldetail>
    <Data>20160822</Data>
    <Mercato>MGP</Mercato>
    <Ora>21</Ora>
    <Totale>37428</Totale>
    <CNOR>3707</CNOR>
    <CSUD>6301</CSUD>
    <NORD>19612</NORD>
    <SARD>1306</SARD>
    <SICI>2728</SICI>
    <SUD>3774</SUD>
  </marketintervaldetail>
  <marketintervaldetail>
    <Data>20160822</Data>
    <Mercato>MGP</Mercato>
    <Ora>22</Ora>
    <Totale>36357</Totale>
    <CNOR>3588</CNOR>
    <CSUD>6122</CSUD>
    <NORD>19158</NORD>
    <SARD>1307</SARD>
    <SICI>2623</SICI>
    <SUD>3559</SUD>
  </marketintervaldetail>
  <marketintervaldetail>
    <Data>20160822</Data>
    <Mercato>MGP</Mercato>
    <Ora>23</Ora>
    <Totale>33113</Totale>
    <CNOR>3279</CNOR>
    <CSUD>5675</CSUD>
    <NORD>17342</NORD>
    <SARD>1200</SARD>
    <SICI>2423</SICI>
    <SUD>3194</SUD>
  </marketintervaldetail>
  <marketintervaldetail>
    <Data>20160822</Data>
    <Mercato>MGP</Mercato>
    <Ora>24</Ora>
    <Totale>30341</Totale>
    <CNOR>2986</CNOR>
    <CSUD>5191</CSUD>
    <NORD>15939</NORD>
    <SARD>1121</SARD>
    <SICI>2213</SICI>
    <SUD>2891</SUD>
  </marketintervaldetail>
</NewDataSet>