<?xml version="1.0" standalone="yes"?>
<NewDataSet>
  <xs:schema id="NewDataSet" xmlns="" xmlns:xs="http://www.w3.org/2001/XMLSchema" xmlns:msdata="urn:schemas-microsoft-com:xml-msdata">
    <xs:element name="NewDataSet" msdata:IsDataSet="true" msdata:MainDataTable="marketintervaldetail" msdata:UseCurrentLocale="true">
      <xs:complexType>
        <xs:choice minOccurs="0" maxOccurs="unbounded">
          <xs:element name="marketintervaldetail">
            <xs:complexType>
              <xs:sequence>
                <xs:element name="Data" type="xs:string" minOccurs="0" />
                <xs:element name="Mercato" type="xs:string" minOccurs="0" />
                <xs:element name="Ora" type="xs:string" minOccurs="0" />
                <xs:element name="Totale" type="xs:string" minOccurs="0" />
                <xs:element name="CNOR" type="xs:string" minOccurs="0" />
                <xs:element name="CSUD" type="xs:string" minOccurs="0" />
                <xs:element name="NORD" type="xs:string" minOccurs="0" />
                <xs:element name="SARD" type="xs:string" minOccurs="0" />
                <xs:element name="SICI" type="xs:string" minOccurs="0" />
                <xs:element name="SUD" type="xs:string" minOccurs="0" />
              </xs:sequence>
            </xs:complexType>
          </xs:element>
        </xs:choice>
      </xs:complexType>
    </xs:element>
  </xs:schema>
  <marketintervaldetail>
    <Data>20140709</Data>
    <Mercato>MGP</Mercato>
    <Ora>01</Ora>
    <Totale>28986</Totale>
    <CNOR>2693</CNOR>
    <CSUD>4819</CSUD>
    <NORD>15995</NORD>
    <SARD>866</SARD>
    <SICI>2026</SICI>
    <SUD>2587</SUD>
  </marketintervaldetail>
  <marketintervaldetail>
    <Data>20140709</Data>
    <Mercato>MGP</Mercato>
    <Ora>02</Ora>
    <Totale>27326</Totale>
    <CNOR>2564</CNOR>
    <CSUD>4458</CSUD>
    <NORD>15191</NORD>
    <SARD>804</SARD>
    <SICI>1891</SICI>
    <SUD>2418</SUD>
  </marketintervaldetail>
  <marketintervaldetail>
    <Data>20140709</Data>
    <Mercato>MGP</Mercato>
    <Ora>03</Ora>
    <Totale>26313</Totale>
    <CNOR>2447</CNOR>
    <CSUD>4227</CSUD>
    <NORD>14756</NORD>
    <SARD>772</SARD>
    <SICI>1804</SICI>
    <SUD>2307</SUD>
  </marketintervaldetail>
  <marketintervaldetail>
    <Data>20140709</Data>
    <Mercato>MGP</Mercato>
    <Ora>04</Ora>
    <Totale>25842</Totale>
    <CNOR>2367</CNOR>
    <CSUD>4104</CSUD>
    <NORD>14601</NORD>
    <SARD>759</SARD>
    <SICI>1762</SICI>
    <SUD>2249</SUD>
  </marketintervaldetail>
  <marketintervaldetail>
    <Data>20140709</Data>
    <Mercato>MGP</Mercato>
    <Ora>05</Ora>
    <Totale>25947</Totale>
    <CNOR>2382</CNOR>
    <CSUD>4101</CSUD>
    <NORD>14740</NORD>
    <SARD>764</SARD>
    <SICI>1748</SICI>
    <SUD>2212</SUD>
  </marketintervaldetail>
  <marketintervaldetail>
    <Data>20140709</Data>
    <Mercato>MGP</Mercato>
    <Ora>06</Ora>
    <Totale>26330</Totale>
    <CNOR>2423</CNOR>
    <CSUD>4178</CSUD>
    <NORD>15027</NORD>
    <SARD>779</SARD>
    <SICI>1761</SICI>
    <SUD>2162</SUD>
  </marketintervaldetail>
  <marketintervaldetail>
    <Data>20140709</Data>
    <Mercato>MGP</Mercato>
    <Ora>07</Ora>
    <Totale>29207</Totale>
    <CNOR>2817</CNOR>
    <CSUD>4777</CSUD>
    <NORD>16727</NORD>
    <SARD>801</SARD>
    <SICI>1783</SICI>
    <SUD>2302</SUD>
  </marketintervaldetail>
  <marketintervaldetail>
    <Data>20140709</Data>
    <Mercato>MGP</Mercato>
    <Ora>08</Ora>
    <Totale>34196</Totale>
    <CNOR>3503</CNOR>
    <CSUD>5434</CSUD>
    <NORD>19622</NORD>
    <SARD>893</SARD>
    <SICI>2071</SICI>
    <SUD>2673</SUD>
  </marketintervaldetail>
  <marketintervaldetail>
    <Data>20140709</Data>
    <Mercato>MGP</Mercato>
    <Ora>09</Ora>
    <Totale>39875</Totale>
    <CNOR>4288</CNOR>
    <CSUD>6295</CSUD>
    <NORD>22852</NORD>
    <SARD>995</SARD>
    <SICI>2437</SICI>
    <SUD>3008</SUD>
  </marketintervaldetail>
  <marketintervaldetail>
    <Data>20140709</Data>
    <Mercato>MGP</Mercato>
    <Ora>10</Ora>
    <Totale>43258</Totale>
    <CNOR>4704</CNOR>
    <CSUD>6929</CSUD>
    <NORD>24504</NORD>
    <SARD>1057</SARD>
    <SICI>2647</SICI>
    <SUD>3417</SUD>
  </marketintervaldetail>
  <marketintervaldetail>
    <Data>20140709</Data>
    <Mercato>MGP</Mercato>
    <Ora>11</Ora>
    <Totale>44314</Totale>
    <CNOR>4874</CNOR>
    <CSUD>7176</CSUD>
    <NORD>24943</NORD>
    <SARD>1038</SARD>
    <SICI>2729</SICI>
    <SUD>3554</SUD>
  </marketintervaldetail>
  <marketintervaldetail>
    <Data>20140709</Data>
    <Mercato>MGP</Mercato>
    <Ora>12</Ora>
    <Totale>44880</Totale>
    <CNOR>4849</CNOR>
    <CSUD>7228</CSUD>
    <NORD>25355</NORD>
    <SARD>1085</SARD>
    <SICI>2760</SICI>
    <SUD>3603</SUD>
  </marketintervaldetail>
  <marketintervaldetail>
    <Data>20140709</Data>
    <Mercato>MGP</Mercato>
    <Ora>13</Ora>
    <Totale>42757</Totale>
    <CNOR>4528</CNOR>
    <CSUD>6959</CSUD>
    <NORD>23878</NORD>
    <SARD>1034</SARD>
    <SICI>2781</SICI>
    <SUD>3577</SUD>
  </marketintervaldetail>
  <marketintervaldetail>
    <Data>20140709</Data>
    <Mercato>MGP</Mercato>
    <Ora>14</Ora>
    <Totale>43018</Totale>
    <CNOR>4671</CNOR>
    <CSUD>6934</CSUD>
    <NORD>24149</NORD>
    <SARD>1052</SARD>
    <SICI>2750</SICI>
    <SUD>3462</SUD>
  </marketintervaldetail>
  <marketintervaldetail>
    <Data>20140709</Data>
    <Mercato>MGP</Mercato>
    <Ora>15</Ora>
    <Totale>43539</Totale>
    <CNOR>4565</CNOR>
    <CSUD>7237</CSUD>
    <NORD>24662</NORD>
    <SARD>1073</SARD>
    <SICI>2688</SICI>
    <SUD>3314</SUD>
  </marketintervaldetail>
  <marketintervaldetail>
    <Data>20140709</Data>
    <Mercato>MGP</Mercato>
    <Ora>16</Ora>
    <Totale>43585</Totale>
    <CNOR>4572</CNOR>
    <CSUD>7290</CSUD>
    <NORD>24689</NORD>
    <SARD>1078</SARD>
    <SICI>2702</SICI>
    <SUD>3254</SUD>
  </marketintervaldetail>
  <marketintervaldetail>
    <Data>20140709</Data>
    <Mercato>MGP</Mercato>
    <Ora>17</Ora>
    <Totale>43218</Totale>
    <CNOR>4382</CNOR>
    <CSUD>7330</CSUD>
    <NORD>24429</NORD>
    <SARD>1056</SARD>
    <SICI>2760</SICI>
    <SUD>3261</SUD>
  </marketintervaldetail>
  <marketintervaldetail>
    <Data>20140709</Data>
    <Mercato>MGP</Mercato>
    <Ora>18</Ora>
    <Totale>42495</Totale>
    <CNOR>4196</CNOR>
    <CSUD>7192</CSUD>
    <NORD>23918</NORD>
    <SARD>1057</SARD>
    <SICI>2771</SICI>
    <SUD>3361</SUD>
  </marketintervaldetail>
  <marketintervaldetail>
    <Data>20140709</Data>
    <Mercato>MGP</Mercato>
    <Ora>19</Ora>
    <Totale>40693</Totale>
    <CNOR>4091</CNOR>
    <CSUD>6879</CSUD>
    <NORD>22590</NORD>
    <SARD>1078</SARD>
    <SICI>2708</SICI>
    <SUD>3347</SUD>
  </marketintervaldetail>
  <marketintervaldetail>
    <Data>20140709</Data>
    <Mercato>MGP</Mercato>
    <Ora>20</Ora>
    <Totale>39481</Totale>
    <CNOR>3948</CNOR>
    <CSUD>6601</CSUD>
    <NORD>21885</NORD>
    <SARD>1070</SARD>
    <SICI>2625</SICI>
    <SUD>3352</SUD>
  </marketintervaldetail>
  <marketintervaldetail>
    <Data>20140709</Data>
    <Mercato>MGP</Mercato>
    <Ora>21</Ora>
    <Totale>38644</Totale>
    <CNOR>3687</CNOR>
    <CSUD>6426</CSUD>
    <NORD>21259</NORD>
    <SARD>1067</SARD>
    <SICI>2735</SICI>
    <SUD>3470</SUD>
  </marketintervaldetail>
  <marketintervaldetail>
    <Data>20140709</Data>
    <Mercato>MGP</Mercato>
    <Ora>22</Ora>
    <Totale>38057</Totale>
    <CNOR>3472</CNOR>
    <CSUD>6425</CSUD>
    <NORD>20977</NORD>
    <SARD>1050</SARD>
    <SICI>2716</SICI>
    <SUD>3417</SUD>
  </marketintervaldetail>
  <marketintervaldetail>
    <Data>20140709</Data>
    <Mercato>MGP</Mercato>
    <Ora>23</Ora>
    <Totale>35545</Totale>
    <CNOR>3234</CNOR>
    <CSUD>5611</CSUD>
    <NORD>19621</NORD>
    <SARD>1037</SARD>
    <SICI>2562</SICI>
    <SUD>3480</SUD>
  </marketintervaldetail>
  <marketintervaldetail>
    <Data>20140709</Data>
    <Mercato>MGP</Mercato>
    <Ora>24</Ora>
    <Totale>32721</Totale>
    <CNOR>3073</CNOR>
    <CSUD>5476</CSUD>
    <NORD>17940</NORD>
    <SARD>965</SARD>
    <SICI>2386</SICI>
    <SUD>2881</SUD>
  </marketintervaldetail>
</NewDataSet>