<?xml version="1.0" standalone="yes"?>
<NewDataSet>
  <xs:schema id="NewDataSet" xmlns="" xmlns:xs="http://www.w3.org/2001/XMLSchema" xmlns:msdata="urn:schemas-microsoft-com:xml-msdata">
    <xs:element name="NewDataSet" msdata:IsDataSet="true" msdata:MainDataTable="marketintervaldetail" msdata:UseCurrentLocale="true">
      <xs:complexType>
        <xs:choice minOccurs="0" maxOccurs="unbounded">
          <xs:element name="marketintervaldetail">
            <xs:complexType>
              <xs:sequence>
                <xs:element name="Data" type="xs:string" minOccurs="0" />
                <xs:element name="Mercato" type="xs:string" minOccurs="0" />
                <xs:element name="Ora" type="xs:string" minOccurs="0" />
                <xs:element name="Totale" type="xs:string" minOccurs="0" />
                <xs:element name="CNOR" type="xs:string" minOccurs="0" />
                <xs:element name="CSUD" type="xs:string" minOccurs="0" />
                <xs:element name="NORD" type="xs:string" minOccurs="0" />
                <xs:element name="SARD" type="xs:string" minOccurs="0" />
                <xs:element name="SICI" type="xs:string" minOccurs="0" />
                <xs:element name="SUD" type="xs:string" minOccurs="0" />
              </xs:sequence>
            </xs:complexType>
          </xs:element>
        </xs:choice>
      </xs:complexType>
    </xs:element>
  </xs:schema>
  <marketintervaldetail>
    <Data>20140705</Data>
    <Mercato>MGP</Mercato>
    <Ora>01</Ora>
    <Totale>30467</Totale>
    <CNOR>2709</CNOR>
    <CSUD>4908</CSUD>
    <NORD>17100</NORD>
    <SARD>893</SARD>
    <SICI>2144</SICI>
    <SUD>2713</SUD>
  </marketintervaldetail>
  <marketintervaldetail>
    <Data>20140705</Data>
    <Mercato>MGP</Mercato>
    <Ora>02</Ora>
    <Totale>28617</Totale>
    <CNOR>2490</CNOR>
    <CSUD>4537</CSUD>
    <NORD>16293</NORD>
    <SARD>836</SARD>
    <SICI>1978</SICI>
    <SUD>2483</SUD>
  </marketintervaldetail>
  <marketintervaldetail>
    <Data>20140705</Data>
    <Mercato>MGP</Mercato>
    <Ora>03</Ora>
    <Totale>27648</Totale>
    <CNOR>2427</CNOR>
    <CSUD>4333</CSUD>
    <NORD>15843</NORD>
    <SARD>809</SARD>
    <SICI>1877</SICI>
    <SUD>2359</SUD>
  </marketintervaldetail>
  <marketintervaldetail>
    <Data>20140705</Data>
    <Mercato>MGP</Mercato>
    <Ora>04</Ora>
    <Totale>26907</Totale>
    <CNOR>2281</CNOR>
    <CSUD>4249</CSUD>
    <NORD>15521</NORD>
    <SARD>792</SARD>
    <SICI>1810</SICI>
    <SUD>2254</SUD>
  </marketintervaldetail>
  <marketintervaldetail>
    <Data>20140705</Data>
    <Mercato>MGP</Mercato>
    <Ora>05</Ora>
    <Totale>26600</Totale>
    <CNOR>2270</CNOR>
    <CSUD>4234</CSUD>
    <NORD>15281</NORD>
    <SARD>790</SARD>
    <SICI>1795</SICI>
    <SUD>2230</SUD>
  </marketintervaldetail>
  <marketintervaldetail>
    <Data>20140705</Data>
    <Mercato>MGP</Mercato>
    <Ora>06</Ora>
    <Totale>26226</Totale>
    <CNOR>2267</CNOR>
    <CSUD>4185</CSUD>
    <NORD>15066</NORD>
    <SARD>794</SARD>
    <SICI>1801</SICI>
    <SUD>2113</SUD>
  </marketintervaldetail>
  <marketintervaldetail>
    <Data>20140705</Data>
    <Mercato>MGP</Mercato>
    <Ora>07</Ora>
    <Totale>26726</Totale>
    <CNOR>2369</CNOR>
    <CSUD>4177</CSUD>
    <NORD>15290</NORD>
    <SARD>810</SARD>
    <SICI>1835</SICI>
    <SUD>2245</SUD>
  </marketintervaldetail>
  <marketintervaldetail>
    <Data>20140705</Data>
    <Mercato>MGP</Mercato>
    <Ora>08</Ora>
    <Totale>29621</Totale>
    <CNOR>2685</CNOR>
    <CSUD>4682</CSUD>
    <NORD>16648</NORD>
    <SARD>909</SARD>
    <SICI>2121</SICI>
    <SUD>2576</SUD>
  </marketintervaldetail>
  <marketintervaldetail>
    <Data>20140705</Data>
    <Mercato>MGP</Mercato>
    <Ora>09</Ora>
    <Totale>33224</Totale>
    <CNOR>3080</CNOR>
    <CSUD>5497</CSUD>
    <NORD>18495</NORD>
    <SARD>998</SARD>
    <SICI>2408</SICI>
    <SUD>2746</SUD>
  </marketintervaldetail>
  <marketintervaldetail>
    <Data>20140705</Data>
    <Mercato>MGP</Mercato>
    <Ora>10</Ora>
    <Totale>35630</Totale>
    <CNOR>3356</CNOR>
    <CSUD>5949</CSUD>
    <NORD>19573</NORD>
    <SARD>1069</SARD>
    <SICI>2586</SICI>
    <SUD>3097</SUD>
  </marketintervaldetail>
  <marketintervaldetail>
    <Data>20140705</Data>
    <Mercato>MGP</Mercato>
    <Ora>11</Ora>
    <Totale>36919</Totale>
    <CNOR>3537</CNOR>
    <CSUD>6286</CSUD>
    <NORD>20313</NORD>
    <SARD>1084</SARD>
    <SICI>2612</SICI>
    <SUD>3087</SUD>
  </marketintervaldetail>
  <marketintervaldetail>
    <Data>20140705</Data>
    <Mercato>MGP</Mercato>
    <Ora>12</Ora>
    <Totale>36777</Totale>
    <CNOR>3738</CNOR>
    <CSUD>6378</CSUD>
    <NORD>19905</NORD>
    <SARD>1087</SARD>
    <SICI>2597</SICI>
    <SUD>3072</SUD>
  </marketintervaldetail>
  <marketintervaldetail>
    <Data>20140705</Data>
    <Mercato>MGP</Mercato>
    <Ora>13</Ora>
    <Totale>35776</Totale>
    <CNOR>3702</CNOR>
    <CSUD>6281</CSUD>
    <NORD>19021</NORD>
    <SARD>1081</SARD>
    <SICI>2615</SICI>
    <SUD>3076</SUD>
  </marketintervaldetail>
  <marketintervaldetail>
    <Data>20140705</Data>
    <Mercato>MGP</Mercato>
    <Ora>14</Ora>
    <Totale>34692</Totale>
    <CNOR>3593</CNOR>
    <CSUD>6218</CSUD>
    <NORD>18240</NORD>
    <SARD>1062</SARD>
    <SICI>2534</SICI>
    <SUD>3045</SUD>
  </marketintervaldetail>
  <marketintervaldetail>
    <Data>20140705</Data>
    <Mercato>MGP</Mercato>
    <Ora>15</Ora>
    <Totale>34163</Totale>
    <CNOR>3428</CNOR>
    <CSUD>5929</CSUD>
    <NORD>18259</NORD>
    <SARD>1015</SARD>
    <SICI>2488</SICI>
    <SUD>3044</SUD>
  </marketintervaldetail>
  <marketintervaldetail>
    <Data>20140705</Data>
    <Mercato>MGP</Mercato>
    <Ora>16</Ora>
    <Totale>33335</Totale>
    <CNOR>3525</CNOR>
    <CSUD>5798</CSUD>
    <NORD>17515</NORD>
    <SARD>986</SARD>
    <SICI>2479</SICI>
    <SUD>3032</SUD>
  </marketintervaldetail>
  <marketintervaldetail>
    <Data>20140705</Data>
    <Mercato>MGP</Mercato>
    <Ora>17</Ora>
    <Totale>33441</Totale>
    <CNOR>3471</CNOR>
    <CSUD>5757</CSUD>
    <NORD>17571</NORD>
    <SARD>983</SARD>
    <SICI>2550</SICI>
    <SUD>3109</SUD>
  </marketintervaldetail>
  <marketintervaldetail>
    <Data>20140705</Data>
    <Mercato>MGP</Mercato>
    <Ora>18</Ora>
    <Totale>34004</Totale>
    <CNOR>3364</CNOR>
    <CSUD>5770</CSUD>
    <NORD>18003</NORD>
    <SARD>1010</SARD>
    <SICI>2626</SICI>
    <SUD>3231</SUD>
  </marketintervaldetail>
  <marketintervaldetail>
    <Data>20140705</Data>
    <Mercato>MGP</Mercato>
    <Ora>19</Ora>
    <Totale>34131</Totale>
    <CNOR>3173</CNOR>
    <CSUD>5722</CSUD>
    <NORD>18249</NORD>
    <SARD>1037</SARD>
    <SICI>2642</SICI>
    <SUD>3308</SUD>
  </marketintervaldetail>
  <marketintervaldetail>
    <Data>20140705</Data>
    <Mercato>MGP</Mercato>
    <Ora>20</Ora>
    <Totale>34165</Totale>
    <CNOR>3087</CNOR>
    <CSUD>5734</CSUD>
    <NORD>18389</NORD>
    <SARD>1070</SARD>
    <SICI>2597</SICI>
    <SUD>3288</SUD>
  </marketintervaldetail>
  <marketintervaldetail>
    <Data>20140705</Data>
    <Mercato>MGP</Mercato>
    <Ora>21</Ora>
    <Totale>33060</Totale>
    <CNOR>2845</CNOR>
    <CSUD>5615</CSUD>
    <NORD>17469</NORD>
    <SARD>1092</SARD>
    <SICI>2595</SICI>
    <SUD>3444</SUD>
  </marketintervaldetail>
  <marketintervaldetail>
    <Data>20140705</Data>
    <Mercato>MGP</Mercato>
    <Ora>22</Ora>
    <Totale>33339</Totale>
    <CNOR>2817</CNOR>
    <CSUD>5737</CSUD>
    <NORD>17657</NORD>
    <SARD>1107</SARD>
    <SICI>2578</SICI>
    <SUD>3443</SUD>
  </marketintervaldetail>
  <marketintervaldetail>
    <Data>20140705</Data>
    <Mercato>MGP</Mercato>
    <Ora>23</Ora>
    <Totale>31647</Totale>
    <CNOR>2688</CNOR>
    <CSUD>5382</CSUD>
    <NORD>16984</NORD>
    <SARD>1048</SARD>
    <SICI>2400</SICI>
    <SUD>3145</SUD>
  </marketintervaldetail>
  <marketintervaldetail>
    <Data>20140705</Data>
    <Mercato>MGP</Mercato>
    <Ora>24</Ora>
    <Totale>29532</Totale>
    <CNOR>2687</CNOR>
    <CSUD>5038</CSUD>
    <NORD>15650</NORD>
    <SARD>979</SARD>
    <SICI>2238</SICI>
    <SUD>2940</SUD>
  </marketintervaldetail>
</NewDataSet>