<?xml version="1.0" standalone="yes"?>
<NewDataSet>
  <xs:schema id="NewDataSet" xmlns="" xmlns:xs="http://www.w3.org/2001/XMLSchema" xmlns:msdata="urn:schemas-microsoft-com:xml-msdata">
    <xs:element name="NewDataSet" msdata:IsDataSet="true" msdata:MainDataTable="marketintervaldetail" msdata:UseCurrentLocale="true">
      <xs:complexType>
        <xs:choice minOccurs="0" maxOccurs="unbounded">
          <xs:element name="marketintervaldetail">
            <xs:complexType>
              <xs:sequence>
                <xs:element name="Data" type="xs:string" minOccurs="0" />
                <xs:element name="Mercato" type="xs:string" minOccurs="0" />
                <xs:element name="Ora" type="xs:string" minOccurs="0" />
                <xs:element name="Totale" type="xs:string" minOccurs="0" />
                <xs:element name="CNOR" type="xs:string" minOccurs="0" />
                <xs:element name="CSUD" type="xs:string" minOccurs="0" />
                <xs:element name="NORD" type="xs:string" minOccurs="0" />
                <xs:element name="SARD" type="xs:string" minOccurs="0" />
                <xs:element name="SICI" type="xs:string" minOccurs="0" />
                <xs:element name="SUD" type="xs:string" minOccurs="0" />
              </xs:sequence>
            </xs:complexType>
          </xs:element>
        </xs:choice>
      </xs:complexType>
    </xs:element>
  </xs:schema>
  <marketintervaldetail>
    <Data>20140717</Data>
    <Mercato>MGP</Mercato>
    <Ora>01</Ora>
    <Totale>27678</Totale>
    <CNOR>3294</CNOR>
    <CSUD>4449</CSUD>
    <NORD>14938</NORD>
    <SARD>910</SARD>
    <SICI>1943</SICI>
    <SUD>2144</SUD>
  </marketintervaldetail>
  <marketintervaldetail>
    <Data>20140717</Data>
    <Mercato>MGP</Mercato>
    <Ora>02</Ora>
    <Totale>26127</Totale>
    <CNOR>3045</CNOR>
    <CSUD>4217</CSUD>
    <NORD>14227</NORD>
    <SARD>862</SARD>
    <SICI>1798</SICI>
    <SUD>1978</SUD>
  </marketintervaldetail>
  <marketintervaldetail>
    <Data>20140717</Data>
    <Mercato>MGP</Mercato>
    <Ora>03</Ora>
    <Totale>25246</Totale>
    <CNOR>2915</CNOR>
    <CSUD>4108</CSUD>
    <NORD>13802</NORD>
    <SARD>829</SARD>
    <SICI>1713</SICI>
    <SUD>1879</SUD>
  </marketintervaldetail>
  <marketintervaldetail>
    <Data>20140717</Data>
    <Mercato>MGP</Mercato>
    <Ora>04</Ora>
    <Totale>24729</Totale>
    <CNOR>2922</CNOR>
    <CSUD>4005</CSUD>
    <NORD>13510</NORD>
    <SARD>810</SARD>
    <SICI>1672</SICI>
    <SUD>1810</SUD>
  </marketintervaldetail>
  <marketintervaldetail>
    <Data>20140717</Data>
    <Mercato>MGP</Mercato>
    <Ora>05</Ora>
    <Totale>24725</Totale>
    <CNOR>2890</CNOR>
    <CSUD>4021</CSUD>
    <NORD>13503</NORD>
    <SARD>817</SARD>
    <SICI>1667</SICI>
    <SUD>1827</SUD>
  </marketintervaldetail>
  <marketintervaldetail>
    <Data>20140717</Data>
    <Mercato>MGP</Mercato>
    <Ora>06</Ora>
    <Totale>25171</Totale>
    <CNOR>2917</CNOR>
    <CSUD>3997</CSUD>
    <NORD>13948</NORD>
    <SARD>833</SARD>
    <SICI>1677</SICI>
    <SUD>1799</SUD>
  </marketintervaldetail>
  <marketintervaldetail>
    <Data>20140717</Data>
    <Mercato>MGP</Mercato>
    <Ora>07</Ora>
    <Totale>27501</Totale>
    <CNOR>3145</CNOR>
    <CSUD>4450</CSUD>
    <NORD>15410</NORD>
    <SARD>867</SARD>
    <SICI>1732</SICI>
    <SUD>1897</SUD>
  </marketintervaldetail>
  <marketintervaldetail>
    <Data>20140717</Data>
    <Mercato>MGP</Mercato>
    <Ora>08</Ora>
    <Totale>32567</Totale>
    <CNOR>3739</CNOR>
    <CSUD>5227</CSUD>
    <NORD>18369</NORD>
    <SARD>970</SARD>
    <SICI>2028</SICI>
    <SUD>2234</SUD>
  </marketintervaldetail>
  <marketintervaldetail>
    <Data>20140717</Data>
    <Mercato>MGP</Mercato>
    <Ora>09</Ora>
    <Totale>37911</Totale>
    <CNOR>4373</CNOR>
    <CSUD>6037</CSUD>
    <NORD>21670</NORD>
    <SARD>1094</SARD>
    <SICI>2287</SICI>
    <SUD>2450</SUD>
  </marketintervaldetail>
  <marketintervaldetail>
    <Data>20140717</Data>
    <Mercato>MGP</Mercato>
    <Ora>10</Ora>
    <Totale>42173</Totale>
    <CNOR>4819</CNOR>
    <CSUD>6509</CSUD>
    <NORD>24149</NORD>
    <SARD>1152</SARD>
    <SICI>2419</SICI>
    <SUD>3125</SUD>
  </marketintervaldetail>
  <marketintervaldetail>
    <Data>20140717</Data>
    <Mercato>MGP</Mercato>
    <Ora>11</Ora>
    <Totale>44603</Totale>
    <CNOR>4916</CNOR>
    <CSUD>6780</CSUD>
    <NORD>25670</NORD>
    <SARD>1169</SARD>
    <SICI>2475</SICI>
    <SUD>3593</SUD>
  </marketintervaldetail>
  <marketintervaldetail>
    <Data>20140717</Data>
    <Mercato>MGP</Mercato>
    <Ora>12</Ora>
    <Totale>44958</Totale>
    <CNOR>4961</CNOR>
    <CSUD>6952</CSUD>
    <NORD>26075</NORD>
    <SARD>1157</SARD>
    <SICI>2500</SICI>
    <SUD>3313</SUD>
  </marketintervaldetail>
  <marketintervaldetail>
    <Data>20140717</Data>
    <Mercato>MGP</Mercato>
    <Ora>13</Ora>
    <Totale>43731</Totale>
    <CNOR>4570</CNOR>
    <CSUD>7112</CSUD>
    <NORD>24891</NORD>
    <SARD>1173</SARD>
    <SICI>2487</SICI>
    <SUD>3498</SUD>
  </marketintervaldetail>
  <marketintervaldetail>
    <Data>20140717</Data>
    <Mercato>MGP</Mercato>
    <Ora>14</Ora>
    <Totale>42512</Totale>
    <CNOR>4321</CNOR>
    <CSUD>6892</CSUD>
    <NORD>24561</NORD>
    <SARD>1140</SARD>
    <SICI>2337</SICI>
    <SUD>3261</SUD>
  </marketintervaldetail>
  <marketintervaldetail>
    <Data>20140717</Data>
    <Mercato>MGP</Mercato>
    <Ora>15</Ora>
    <Totale>42152</Totale>
    <CNOR>4580</CNOR>
    <CSUD>6927</CSUD>
    <NORD>24000</NORD>
    <SARD>1169</SARD>
    <SICI>2306</SICI>
    <SUD>3170</SUD>
  </marketintervaldetail>
  <marketintervaldetail>
    <Data>20140717</Data>
    <Mercato>MGP</Mercato>
    <Ora>16</Ora>
    <Totale>43015</Totale>
    <CNOR>4930</CNOR>
    <CSUD>6676</CSUD>
    <NORD>24427</NORD>
    <SARD>1195</SARD>
    <SICI>2354</SICI>
    <SUD>3433</SUD>
  </marketintervaldetail>
  <marketintervaldetail>
    <Data>20140717</Data>
    <Mercato>MGP</Mercato>
    <Ora>17</Ora>
    <Totale>42789</Totale>
    <CNOR>4445</CNOR>
    <CSUD>6736</CSUD>
    <NORD>24177</NORD>
    <SARD>1240</SARD>
    <SICI>2456</SICI>
    <SUD>3735</SUD>
  </marketintervaldetail>
  <marketintervaldetail>
    <Data>20140717</Data>
    <Mercato>MGP</Mercato>
    <Ora>18</Ora>
    <Totale>41622</Totale>
    <CNOR>4668</CNOR>
    <CSUD>6616</CSUD>
    <NORD>23261</NORD>
    <SARD>1216</SARD>
    <SICI>2437</SICI>
    <SUD>3424</SUD>
  </marketintervaldetail>
  <marketintervaldetail>
    <Data>20140717</Data>
    <Mercato>MGP</Mercato>
    <Ora>19</Ora>
    <Totale>40008</Totale>
    <CNOR>4501</CNOR>
    <CSUD>6154</CSUD>
    <NORD>22506</NORD>
    <SARD>1149</SARD>
    <SICI>2426</SICI>
    <SUD>3272</SUD>
  </marketintervaldetail>
  <marketintervaldetail>
    <Data>20140717</Data>
    <Mercato>MGP</Mercato>
    <Ora>20</Ora>
    <Totale>38579</Totale>
    <CNOR>4392</CNOR>
    <CSUD>6311</CSUD>
    <NORD>21234</NORD>
    <SARD>1175</SARD>
    <SICI>2375</SICI>
    <SUD>3092</SUD>
  </marketintervaldetail>
  <marketintervaldetail>
    <Data>20140717</Data>
    <Mercato>MGP</Mercato>
    <Ora>21</Ora>
    <Totale>37930</Totale>
    <CNOR>4315</CNOR>
    <CSUD>6328</CSUD>
    <NORD>20437</NORD>
    <SARD>1182</SARD>
    <SICI>2477</SICI>
    <SUD>3191</SUD>
  </marketintervaldetail>
  <marketintervaldetail>
    <Data>20140717</Data>
    <Mercato>MGP</Mercato>
    <Ora>22</Ora>
    <Totale>36355</Totale>
    <CNOR>4327</CNOR>
    <CSUD>6118</CSUD>
    <NORD>19246</NORD>
    <SARD>1193</SARD>
    <SICI>2459</SICI>
    <SUD>3012</SUD>
  </marketintervaldetail>
  <marketintervaldetail>
    <Data>20140717</Data>
    <Mercato>MGP</Mercato>
    <Ora>23</Ora>
    <Totale>33604</Totale>
    <CNOR>4011</CNOR>
    <CSUD>5590</CSUD>
    <NORD>17713</NORD>
    <SARD>1129</SARD>
    <SICI>2314</SICI>
    <SUD>2847</SUD>
  </marketintervaldetail>
  <marketintervaldetail>
    <Data>20140717</Data>
    <Mercato>MGP</Mercato>
    <Ora>24</Ora>
    <Totale>31135</Totale>
    <CNOR>3773</CNOR>
    <CSUD>5140</CSUD>
    <NORD>16371</NORD>
    <SARD>1059</SARD>
    <SICI>2138</SICI>
    <SUD>2654</SUD>
  </marketintervaldetail>
</NewDataSet>