<?xml version="1.0" standalone="yes"?>
<NewDataSet>
  <xs:schema id="NewDataSet" xmlns="" xmlns:xs="http://www.w3.org/2001/XMLSchema" xmlns:msdata="urn:schemas-microsoft-com:xml-msdata">
    <xs:element name="NewDataSet" msdata:IsDataSet="true" msdata:MainDataTable="marketintervaldetail" msdata:UseCurrentLocale="true">
      <xs:complexType>
        <xs:choice minOccurs="0" maxOccurs="unbounded">
          <xs:element name="marketintervaldetail">
            <xs:complexType>
              <xs:sequence>
                <xs:element name="Data" type="xs:string" minOccurs="0" />
                <xs:element name="Mercato" type="xs:string" minOccurs="0" />
                <xs:element name="Ora" type="xs:string" minOccurs="0" />
                <xs:element name="Totale" type="xs:string" minOccurs="0" />
                <xs:element name="CNOR" type="xs:string" minOccurs="0" />
                <xs:element name="CSUD" type="xs:string" minOccurs="0" />
                <xs:element name="NORD" type="xs:string" minOccurs="0" />
                <xs:element name="SARD" type="xs:string" minOccurs="0" />
                <xs:element name="SICI" type="xs:string" minOccurs="0" />
                <xs:element name="SUD" type="xs:string" minOccurs="0" />
              </xs:sequence>
            </xs:complexType>
          </xs:element>
        </xs:choice>
      </xs:complexType>
    </xs:element>
  </xs:schema>
  <marketintervaldetail>
    <Data>20140720</Data>
    <Mercato>MGP</Mercato>
    <Ora>01</Ora>
    <Totale>30228</Totale>
    <CNOR>3355</CNOR>
    <CSUD>5116</CSUD>
    <NORD>15854</NORD>
    <SARD>927</SARD>
    <SICI>1918</SICI>
    <SUD>3058</SUD>
  </marketintervaldetail>
  <marketintervaldetail>
    <Data>20140720</Data>
    <Mercato>MGP</Mercato>
    <Ora>02</Ora>
    <Totale>28159</Totale>
    <CNOR>3138</CNOR>
    <CSUD>4637</CSUD>
    <NORD>14792</NORD>
    <SARD>953</SARD>
    <SICI>1797</SICI>
    <SUD>2842</SUD>
  </marketintervaldetail>
  <marketintervaldetail>
    <Data>20140720</Data>
    <Mercato>MGP</Mercato>
    <Ora>03</Ora>
    <Totale>26692</Totale>
    <CNOR>2927</CNOR>
    <CSUD>4308</CSUD>
    <NORD>14082</NORD>
    <SARD>944</SARD>
    <SICI>1719</SICI>
    <SUD>2712</SUD>
  </marketintervaldetail>
  <marketintervaldetail>
    <Data>20140720</Data>
    <Mercato>MGP</Mercato>
    <Ora>04</Ora>
    <Totale>25561</Totale>
    <CNOR>2827</CNOR>
    <CSUD>4115</CSUD>
    <NORD>13512</NORD>
    <SARD>925</SARD>
    <SICI>1657</SICI>
    <SUD>2525</SUD>
  </marketintervaldetail>
  <marketintervaldetail>
    <Data>20140720</Data>
    <Mercato>MGP</Mercato>
    <Ora>05</Ora>
    <Totale>24660</Totale>
    <CNOR>2702</CNOR>
    <CSUD>3876</CSUD>
    <NORD>13120</NORD>
    <SARD>911</SARD>
    <SICI>1636</SICI>
    <SUD>2415</SUD>
  </marketintervaldetail>
  <marketintervaldetail>
    <Data>20140720</Data>
    <Mercato>MGP</Mercato>
    <Ora>06</Ora>
    <Totale>24023</Totale>
    <CNOR>2638</CNOR>
    <CSUD>3762</CSUD>
    <NORD>12883</NORD>
    <SARD>905</SARD>
    <SICI>1612</SICI>
    <SUD>2223</SUD>
  </marketintervaldetail>
  <marketintervaldetail>
    <Data>20140720</Data>
    <Mercato>MGP</Mercato>
    <Ora>07</Ora>
    <Totale>23844</Totale>
    <CNOR>2528</CNOR>
    <CSUD>3778</CSUD>
    <NORD>12887</NORD>
    <SARD>848</SARD>
    <SICI>1566</SICI>
    <SUD>2237</SUD>
  </marketintervaldetail>
  <marketintervaldetail>
    <Data>20140720</Data>
    <Mercato>MGP</Mercato>
    <Ora>08</Ora>
    <Totale>24971</Totale>
    <CNOR>2644</CNOR>
    <CSUD>3974</CSUD>
    <NORD>13278</NORD>
    <SARD>895</SARD>
    <SICI>1747</SICI>
    <SUD>2433</SUD>
  </marketintervaldetail>
  <marketintervaldetail>
    <Data>20140720</Data>
    <Mercato>MGP</Mercato>
    <Ora>09</Ora>
    <Totale>27338</Totale>
    <CNOR>2958</CNOR>
    <CSUD>4422</CSUD>
    <NORD>14352</NORD>
    <SARD>1016</SARD>
    <SICI>1963</SICI>
    <SUD>2627</SUD>
  </marketintervaldetail>
  <marketintervaldetail>
    <Data>20140720</Data>
    <Mercato>MGP</Mercato>
    <Ora>10</Ora>
    <Totale>28718</Totale>
    <CNOR>3058</CNOR>
    <CSUD>4566</CSUD>
    <NORD>15060</NORD>
    <SARD>1083</SARD>
    <SICI>2065</SICI>
    <SUD>2886</SUD>
  </marketintervaldetail>
  <marketintervaldetail>
    <Data>20140720</Data>
    <Mercato>MGP</Mercato>
    <Ora>11</Ora>
    <Totale>30632</Totale>
    <CNOR>3113</CNOR>
    <CSUD>5076</CSUD>
    <NORD>16075</NORD>
    <SARD>1102</SARD>
    <SICI>2128</SICI>
    <SUD>3138</SUD>
  </marketintervaldetail>
  <marketintervaldetail>
    <Data>20140720</Data>
    <Mercato>MGP</Mercato>
    <Ora>12</Ora>
    <Totale>31377</Totale>
    <CNOR>3253</CNOR>
    <CSUD>5203</CSUD>
    <NORD>16498</NORD>
    <SARD>1137</SARD>
    <SICI>2177</SICI>
    <SUD>3109</SUD>
  </marketintervaldetail>
  <marketintervaldetail>
    <Data>20140720</Data>
    <Mercato>MGP</Mercato>
    <Ora>13</Ora>
    <Totale>31408</Totale>
    <CNOR>3374</CNOR>
    <CSUD>5260</CSUD>
    <NORD>16017</NORD>
    <SARD>1234</SARD>
    <SICI>2292</SICI>
    <SUD>3231</SUD>
  </marketintervaldetail>
  <marketintervaldetail>
    <Data>20140720</Data>
    <Mercato>MGP</Mercato>
    <Ora>14</Ora>
    <Totale>30692</Totale>
    <CNOR>3396</CNOR>
    <CSUD>5042</CSUD>
    <NORD>15655</NORD>
    <SARD>1196</SARD>
    <SICI>2228</SICI>
    <SUD>3175</SUD>
  </marketintervaldetail>
  <marketintervaldetail>
    <Data>20140720</Data>
    <Mercato>MGP</Mercato>
    <Ora>15</Ora>
    <Totale>30260</Totale>
    <CNOR>3247</CNOR>
    <CSUD>5132</CSUD>
    <NORD>15836</NORD>
    <SARD>1157</SARD>
    <SICI>2196</SICI>
    <SUD>2692</SUD>
  </marketintervaldetail>
  <marketintervaldetail>
    <Data>20140720</Data>
    <Mercato>MGP</Mercato>
    <Ora>16</Ora>
    <Totale>29672</Totale>
    <CNOR>3263</CNOR>
    <CSUD>5122</CSUD>
    <NORD>15674</NORD>
    <SARD>1161</SARD>
    <SICI>2233</SICI>
    <SUD>2219</SUD>
  </marketintervaldetail>
  <marketintervaldetail>
    <Data>20140720</Data>
    <Mercato>MGP</Mercato>
    <Ora>17</Ora>
    <Totale>29092</Totale>
    <CNOR>3131</CNOR>
    <CSUD>5134</CSUD>
    <NORD>15104</NORD>
    <SARD>1119</SARD>
    <SICI>2271</SICI>
    <SUD>2333</SUD>
  </marketintervaldetail>
  <marketintervaldetail>
    <Data>20140720</Data>
    <Mercato>MGP</Mercato>
    <Ora>18</Ora>
    <Totale>29533</Totale>
    <CNOR>3115</CNOR>
    <CSUD>5092</CSUD>
    <NORD>15351</NORD>
    <SARD>1115</SARD>
    <SICI>2324</SICI>
    <SUD>2536</SUD>
  </marketintervaldetail>
  <marketintervaldetail>
    <Data>20140720</Data>
    <Mercato>MGP</Mercato>
    <Ora>19</Ora>
    <Totale>30098</Totale>
    <CNOR>3255</CNOR>
    <CSUD>4997</CSUD>
    <NORD>15740</NORD>
    <SARD>1139</SARD>
    <SICI>2358</SICI>
    <SUD>2609</SUD>
  </marketintervaldetail>
  <marketintervaldetail>
    <Data>20140720</Data>
    <Mercato>MGP</Mercato>
    <Ora>20</Ora>
    <Totale>31008</Totale>
    <CNOR>3476</CNOR>
    <CSUD>5025</CSUD>
    <NORD>16257</NORD>
    <SARD>1167</SARD>
    <SICI>2312</SICI>
    <SUD>2771</SUD>
  </marketintervaldetail>
  <marketintervaldetail>
    <Data>20140720</Data>
    <Mercato>MGP</Mercato>
    <Ora>21</Ora>
    <Totale>32278</Totale>
    <CNOR>3653</CNOR>
    <CSUD>5421</CSUD>
    <NORD>16409</NORD>
    <SARD>1205</SARD>
    <SICI>2445</SICI>
    <SUD>3145</SUD>
  </marketintervaldetail>
  <marketintervaldetail>
    <Data>20140720</Data>
    <Mercato>MGP</Mercato>
    <Ora>22</Ora>
    <Totale>33389</Totale>
    <CNOR>3769</CNOR>
    <CSUD>5661</CSUD>
    <NORD>17028</NORD>
    <SARD>1236</SARD>
    <SICI>2482</SICI>
    <SUD>3213</SUD>
  </marketintervaldetail>
  <marketintervaldetail>
    <Data>20140720</Data>
    <Mercato>MGP</Mercato>
    <Ora>23</Ora>
    <Totale>32016</Totale>
    <CNOR>3562</CNOR>
    <CSUD>5252</CSUD>
    <NORD>16503</NORD>
    <SARD>1178</SARD>
    <SICI>2364</SICI>
    <SUD>3157</SUD>
  </marketintervaldetail>
  <marketintervaldetail>
    <Data>20140720</Data>
    <Mercato>MGP</Mercato>
    <Ora>24</Ora>
    <Totale>30121</Totale>
    <CNOR>3349</CNOR>
    <CSUD>5028</CSUD>
    <NORD>15603</NORD>
    <SARD>1053</SARD>
    <SICI>2233</SICI>
    <SUD>2855</SUD>
  </marketintervaldetail>
</NewDataSet>