<?xml version="1.0" standalone="yes"?>
<NewDataSet>
  <xs:schema id="NewDataSet" xmlns="" xmlns:xs="http://www.w3.org/2001/XMLSchema" xmlns:msdata="urn:schemas-microsoft-com:xml-msdata">
    <xs:element name="NewDataSet" msdata:IsDataSet="true" msdata:MainDataTable="marketintervaldetail" msdata:UseCurrentLocale="true">
      <xs:complexType>
        <xs:choice minOccurs="0" maxOccurs="unbounded">
          <xs:element name="marketintervaldetail">
            <xs:complexType>
              <xs:sequence>
                <xs:element name="Data" type="xs:string" minOccurs="0" />
                <xs:element name="Mercato" type="xs:string" minOccurs="0" />
                <xs:element name="Ora" type="xs:string" minOccurs="0" />
                <xs:element name="Totale" type="xs:string" minOccurs="0" />
                <xs:element name="CNOR" type="xs:string" minOccurs="0" />
                <xs:element name="CSUD" type="xs:string" minOccurs="0" />
                <xs:element name="NORD" type="xs:string" minOccurs="0" />
                <xs:element name="SARD" type="xs:string" minOccurs="0" />
                <xs:element name="SICI" type="xs:string" minOccurs="0" />
                <xs:element name="SUD" type="xs:string" minOccurs="0" />
              </xs:sequence>
            </xs:complexType>
          </xs:element>
        </xs:choice>
      </xs:complexType>
    </xs:element>
  </xs:schema>
  <marketintervaldetail>
    <Data>20140731</Data>
    <Mercato>MGP</Mercato>
    <Ora>01</Ora>
    <Totale>29520</Totale>
    <CNOR>3191</CNOR>
    <CSUD>4506</CSUD>
    <NORD>16409</NORD>
    <SARD>934</SARD>
    <SICI>1962</SICI>
    <SUD>2518</SUD>
  </marketintervaldetail>
  <marketintervaldetail>
    <Data>20140731</Data>
    <Mercato>MGP</Mercato>
    <Ora>02</Ora>
    <Totale>27590</Totale>
    <CNOR>3016</CNOR>
    <CSUD>4168</CSUD>
    <NORD>15404</NORD>
    <SARD>878</SARD>
    <SICI>1818</SICI>
    <SUD>2306</SUD>
  </marketintervaldetail>
  <marketintervaldetail>
    <Data>20140731</Data>
    <Mercato>MGP</Mercato>
    <Ora>03</Ora>
    <Totale>26777</Totale>
    <CNOR>2833</CNOR>
    <CSUD>4010</CSUD>
    <NORD>15160</NORD>
    <SARD>829</SARD>
    <SICI>1743</SICI>
    <SUD>2202</SUD>
  </marketintervaldetail>
  <marketintervaldetail>
    <Data>20140731</Data>
    <Mercato>MGP</Mercato>
    <Ora>04</Ora>
    <Totale>26347</Totale>
    <CNOR>2795</CNOR>
    <CSUD>3919</CSUD>
    <NORD>14963</NORD>
    <SARD>820</SARD>
    <SICI>1702</SICI>
    <SUD>2148</SUD>
  </marketintervaldetail>
  <marketintervaldetail>
    <Data>20140731</Data>
    <Mercato>MGP</Mercato>
    <Ora>05</Ora>
    <Totale>26437</Totale>
    <CNOR>2801</CNOR>
    <CSUD>3836</CSUD>
    <NORD>15036</NORD>
    <SARD>835</SARD>
    <SICI>1704</SICI>
    <SUD>2225</SUD>
  </marketintervaldetail>
  <marketintervaldetail>
    <Data>20140731</Data>
    <Mercato>MGP</Mercato>
    <Ora>06</Ora>
    <Totale>27628</Totale>
    <CNOR>2915</CNOR>
    <CSUD>3985</CSUD>
    <NORD>15907</NORD>
    <SARD>831</SARD>
    <SICI>1740</SICI>
    <SUD>2250</SUD>
  </marketintervaldetail>
  <marketintervaldetail>
    <Data>20140731</Data>
    <Mercato>MGP</Mercato>
    <Ora>07</Ora>
    <Totale>29845</Totale>
    <CNOR>3144</CNOR>
    <CSUD>4231</CSUD>
    <NORD>17563</NORD>
    <SARD>857</SARD>
    <SICI>1755</SICI>
    <SUD>2295</SUD>
  </marketintervaldetail>
  <marketintervaldetail>
    <Data>20140731</Data>
    <Mercato>MGP</Mercato>
    <Ora>08</Ora>
    <Totale>34828</Totale>
    <CNOR>3739</CNOR>
    <CSUD>4891</CSUD>
    <NORD>20522</NORD>
    <SARD>947</SARD>
    <SICI>2013</SICI>
    <SUD>2716</SUD>
  </marketintervaldetail>
  <marketintervaldetail>
    <Data>20140731</Data>
    <Mercato>MGP</Mercato>
    <Ora>09</Ora>
    <Totale>40125</Totale>
    <CNOR>4329</CNOR>
    <CSUD>5703</CSUD>
    <NORD>23692</NORD>
    <SARD>1065</SARD>
    <SICI>2316</SICI>
    <SUD>3020</SUD>
  </marketintervaldetail>
  <marketintervaldetail>
    <Data>20140731</Data>
    <Mercato>MGP</Mercato>
    <Ora>10</Ora>
    <Totale>42728</Totale>
    <CNOR>4678</CNOR>
    <CSUD>6394</CSUD>
    <NORD>24734</NORD>
    <SARD>1153</SARD>
    <SICI>2499</SICI>
    <SUD>3270</SUD>
  </marketintervaldetail>
  <marketintervaldetail>
    <Data>20140731</Data>
    <Mercato>MGP</Mercato>
    <Ora>11</Ora>
    <Totale>43367</Totale>
    <CNOR>4839</CNOR>
    <CSUD>6687</CSUD>
    <NORD>24635</NORD>
    <SARD>1172</SARD>
    <SICI>2540</SICI>
    <SUD>3494</SUD>
  </marketintervaldetail>
  <marketintervaldetail>
    <Data>20140731</Data>
    <Mercato>MGP</Mercato>
    <Ora>12</Ora>
    <Totale>42995</Totale>
    <CNOR>4698</CNOR>
    <CSUD>6959</CSUD>
    <NORD>23944</NORD>
    <SARD>1202</SARD>
    <SICI>2527</SICI>
    <SUD>3665</SUD>
  </marketintervaldetail>
  <marketintervaldetail>
    <Data>20140731</Data>
    <Mercato>MGP</Mercato>
    <Ora>13</Ora>
    <Totale>41197</Totale>
    <CNOR>4267</CNOR>
    <CSUD>6896</CSUD>
    <NORD>22992</NORD>
    <SARD>1212</SARD>
    <SICI>2529</SICI>
    <SUD>3301</SUD>
  </marketintervaldetail>
  <marketintervaldetail>
    <Data>20140731</Data>
    <Mercato>MGP</Mercato>
    <Ora>14</Ora>
    <Totale>41224</Totale>
    <CNOR>4168</CNOR>
    <CSUD>7021</CSUD>
    <NORD>23188</NORD>
    <SARD>1189</SARD>
    <SICI>2404</SICI>
    <SUD>3254</SUD>
  </marketintervaldetail>
  <marketintervaldetail>
    <Data>20140731</Data>
    <Mercato>MGP</Mercato>
    <Ora>15</Ora>
    <Totale>41761</Totale>
    <CNOR>4549</CNOR>
    <CSUD>7259</CSUD>
    <NORD>23315</NORD>
    <SARD>1146</SARD>
    <SICI>2428</SICI>
    <SUD>3064</SUD>
  </marketintervaldetail>
  <marketintervaldetail>
    <Data>20140731</Data>
    <Mercato>MGP</Mercato>
    <Ora>16</Ora>
    <Totale>42036</Totale>
    <CNOR>5012</CNOR>
    <CSUD>7007</CSUD>
    <NORD>23483</NORD>
    <SARD>1051</SARD>
    <SICI>2429</SICI>
    <SUD>3054</SUD>
  </marketintervaldetail>
  <marketintervaldetail>
    <Data>20140731</Data>
    <Mercato>MGP</Mercato>
    <Ora>17</Ora>
    <Totale>42069</Totale>
    <CNOR>5045</CNOR>
    <CSUD>6939</CSUD>
    <NORD>23243</NORD>
    <SARD>1136</SARD>
    <SICI>2491</SICI>
    <SUD>3215</SUD>
  </marketintervaldetail>
  <marketintervaldetail>
    <Data>20140731</Data>
    <Mercato>MGP</Mercato>
    <Ora>18</Ora>
    <Totale>41140</Totale>
    <CNOR>4701</CNOR>
    <CSUD>7014</CSUD>
    <NORD>22588</NORD>
    <SARD>1212</SARD>
    <SICI>2602</SICI>
    <SUD>3023</SUD>
  </marketintervaldetail>
  <marketintervaldetail>
    <Data>20140731</Data>
    <Mercato>MGP</Mercato>
    <Ora>19</Ora>
    <Totale>39427</Totale>
    <CNOR>4356</CNOR>
    <CSUD>6468</CSUD>
    <NORD>21575</NORD>
    <SARD>1159</SARD>
    <SICI>2583</SICI>
    <SUD>3286</SUD>
  </marketintervaldetail>
  <marketintervaldetail>
    <Data>20140731</Data>
    <Mercato>MGP</Mercato>
    <Ora>20</Ora>
    <Totale>38540</Totale>
    <CNOR>4168</CNOR>
    <CSUD>6201</CSUD>
    <NORD>21174</NORD>
    <SARD>1192</SARD>
    <SICI>2497</SICI>
    <SUD>3308</SUD>
  </marketintervaldetail>
  <marketintervaldetail>
    <Data>20140731</Data>
    <Mercato>MGP</Mercato>
    <Ora>21</Ora>
    <Totale>38661</Totale>
    <CNOR>4020</CNOR>
    <CSUD>6164</CSUD>
    <NORD>21043</NORD>
    <SARD>1202</SARD>
    <SICI>2572</SICI>
    <SUD>3660</SUD>
  </marketintervaldetail>
  <marketintervaldetail>
    <Data>20140731</Data>
    <Mercato>MGP</Mercato>
    <Ora>22</Ora>
    <Totale>38078</Totale>
    <CNOR>4054</CNOR>
    <CSUD>6097</CSUD>
    <NORD>20719</NORD>
    <SARD>1225</SARD>
    <SICI>2505</SICI>
    <SUD>3478</SUD>
  </marketintervaldetail>
  <marketintervaldetail>
    <Data>20140731</Data>
    <Mercato>MGP</Mercato>
    <Ora>23</Ora>
    <Totale>34829</Totale>
    <CNOR>3584</CNOR>
    <CSUD>6009</CSUD>
    <NORD>18735</NORD>
    <SARD>1142</SARD>
    <SICI>2333</SICI>
    <SUD>3026</SUD>
  </marketintervaldetail>
  <marketintervaldetail>
    <Data>20140731</Data>
    <Mercato>MGP</Mercato>
    <Ora>24</Ora>
    <Totale>32442</Totale>
    <CNOR>3396</CNOR>
    <CSUD>5139</CSUD>
    <NORD>17707</NORD>
    <SARD>1059</SARD>
    <SICI>2166</SICI>
    <SUD>2975</SUD>
  </marketintervaldetail>
</NewDataSet>