<?xml version="1.0" standalone="yes"?>
<NewDataSet>
  <xs:schema id="NewDataSet" xmlns="" xmlns:xs="http://www.w3.org/2001/XMLSchema" xmlns:msdata="urn:schemas-microsoft-com:xml-msdata">
    <xs:element name="NewDataSet" msdata:IsDataSet="true" msdata:UseCurrentLocale="true">
      <xs:complexType>
        <xs:choice minOccurs="0" maxOccurs="unbounded">
          <xs:element name="Fabbisogno">
            <xs:complexType>
              <xs:sequence>
                <xs:element name="Data" type="xs:string" minOccurs="0" />
                <xs:element name="Mercato" type="xs:string" minOccurs="0" />
                <xs:element name="Ora" type="xs:string" minOccurs="0" />
                <xs:element name="Italia" type="xs:string" minOccurs="0" />
                <xs:element name="CNOR" type="xs:string" minOccurs="0" />
                <xs:element name="CSUD" type="xs:string" minOccurs="0" />
                <xs:element name="NORD" type="xs:string" minOccurs="0" />
                <xs:element name="SARD" type="xs:string" minOccurs="0" />
                <xs:element name="SICI" type="xs:string" minOccurs="0" />
                <xs:element name="SUD" type="xs:string" minOccurs="0" />
              </xs:sequence>
            </xs:complexType>
          </xs:element>
        </xs:choice>
      </xs:complexType>
    </xs:element>
  </xs:schema>
  <Fabbisogno>
    <Data>20170618</Data>
    <Mercato>MGP</Mercato>
    <Ora>1</Ora>
    <Italia>28082,083</Italia>
    <CNOR>3148,965</CNOR>
    <CSUD>4816,989</CSUD>
    <NORD>14712,327</NORD>
    <SARD>997,935</SARD>
    <SICI>1951,967</SICI>
    <SUD>2453,9</SUD>
  </Fabbisogno>
  <Fabbisogno>
    <Data>20170618</Data>
    <Mercato>MGP</Mercato>
    <Ora>2</Ora>
    <Italia>26170,902</Italia>
    <CNOR>2949,752</CNOR>
    <CSUD>4464,522</CSUD>
    <NORD>13675,286</NORD>
    <SARD>956,259</SARD>
    <SICI>1840,12</SICI>
    <SUD>2284,963</SUD>
  </Fabbisogno>
  <Fabbisogno>
    <Data>20170618</Data>
    <Mercato>MGP</Mercato>
    <Ora>3</Ora>
    <Italia>24969,48</Italia>
    <CNOR>2809,514</CNOR>
    <CSUD>4193,6</CSUD>
    <NORD>13124,587</NORD>
    <SARD>912,655</SARD>
    <SICI>1741,614</SICI>
    <SUD>2187,51</SUD>
  </Fabbisogno>
  <Fabbisogno>
    <Data>20170618</Data>
    <Mercato>MGP</Mercato>
    <Ora>4</Ora>
    <Italia>24421,135</Italia>
    <CNOR>2727,437</CNOR>
    <CSUD>4071,678</CSUD>
    <NORD>12902,317</NORD>
    <SARD>894,502</SARD>
    <SICI>1705,493</SICI>
    <SUD>2119,708</SUD>
  </Fabbisogno>
  <Fabbisogno>
    <Data>20170618</Data>
    <Mercato>MGP</Mercato>
    <Ora>5</Ora>
    <Italia>23970,896</Italia>
    <CNOR>2690,724</CNOR>
    <CSUD>3965,854</CSUD>
    <NORD>12645,103</NORD>
    <SARD>886,361</SARD>
    <SICI>1689,773</SICI>
    <SUD>2093,081</SUD>
  </Fabbisogno>
  <Fabbisogno>
    <Data>20170618</Data>
    <Mercato>MGP</Mercato>
    <Ora>6</Ora>
    <Italia>23300,605</Italia>
    <CNOR>2598,683</CNOR>
    <CSUD>3835,306</CSUD>
    <NORD>12377,664</NORD>
    <SARD>890,541</SARD>
    <SICI>1638,933</SICI>
    <SUD>1959,478</SUD>
  </Fabbisogno>
  <Fabbisogno>
    <Data>20170618</Data>
    <Mercato>MGP</Mercato>
    <Ora>7</Ora>
    <Italia>22818,074</Italia>
    <CNOR>2531,861</CNOR>
    <CSUD>3786,49</CSUD>
    <NORD>12147,561</NORD>
    <SARD>878,285</SARD>
    <SICI>1583,108</SICI>
    <SUD>1890,769</SUD>
  </Fabbisogno>
  <Fabbisogno>
    <Data>20170618</Data>
    <Mercato>MGP</Mercato>
    <Ora>8</Ora>
    <Italia>24122,126</Italia>
    <CNOR>2686,871</CNOR>
    <CSUD>4032,731</CSUD>
    <NORD>12785,782</NORD>
    <SARD>919,89</SARD>
    <SICI>1672,259</SICI>
    <SUD>2024,593</SUD>
  </Fabbisogno>
  <Fabbisogno>
    <Data>20170618</Data>
    <Mercato>MGP</Mercato>
    <Ora>9</Ora>
    <Italia>25747,924</Italia>
    <CNOR>2844,598</CNOR>
    <CSUD>4375,772</CSUD>
    <NORD>13623,164</NORD>
    <SARD>964,889</SARD>
    <SICI>1789,832</SICI>
    <SUD>2149,669</SUD>
  </Fabbisogno>
  <Fabbisogno>
    <Data>20170618</Data>
    <Mercato>MGP</Mercato>
    <Ora>10</Ora>
    <Italia>27073,416</Italia>
    <CNOR>3010,312</CNOR>
    <CSUD>4714,716</CSUD>
    <NORD>14190,503</NORD>
    <SARD>994,279</SARD>
    <SICI>1909,987</SICI>
    <SUD>2253,619</SUD>
  </Fabbisogno>
  <Fabbisogno>
    <Data>20170618</Data>
    <Mercato>MGP</Mercato>
    <Ora>11</Ora>
    <Italia>27662,145</Italia>
    <CNOR>2993,589</CNOR>
    <CSUD>4850,297</CSUD>
    <NORD>14568,794</NORD>
    <SARD>984,966</SARD>
    <SICI>1973,17</SICI>
    <SUD>2291,329</SUD>
  </Fabbisogno>
  <Fabbisogno>
    <Data>20170618</Data>
    <Mercato>MGP</Mercato>
    <Ora>12</Ora>
    <Italia>27999,738</Italia>
    <CNOR>3028,538</CNOR>
    <CSUD>4907,946</CSUD>
    <NORD>14755,405</NORD>
    <SARD>969,15</SARD>
    <SICI>2008,82</SICI>
    <SUD>2329,879</SUD>
  </Fabbisogno>
  <Fabbisogno>
    <Data>20170618</Data>
    <Mercato>MGP</Mercato>
    <Ora>13</Ora>
    <Italia>27989,772</Italia>
    <CNOR>3027,943</CNOR>
    <CSUD>4968,425</CSUD>
    <NORD>14655,403</NORD>
    <SARD>958,701</SARD>
    <SICI>2013,955</SICI>
    <SUD>2365,345</SUD>
  </Fabbisogno>
  <Fabbisogno>
    <Data>20170618</Data>
    <Mercato>MGP</Mercato>
    <Ora>14</Ora>
    <Italia>26989,11</Italia>
    <CNOR>2885,798</CNOR>
    <CSUD>4778,925</CSUD>
    <NORD>14266,629</NORD>
    <SARD>920,038</SARD>
    <SICI>1917,978</SICI>
    <SUD>2219,742</SUD>
  </Fabbisogno>
  <Fabbisogno>
    <Data>20170618</Data>
    <Mercato>MGP</Mercato>
    <Ora>15</Ora>
    <Italia>26539,412</Italia>
    <CNOR>2857,908</CNOR>
    <CSUD>4564,475</CSUD>
    <NORD>14292,29</NORD>
    <SARD>875,54</SARD>
    <SICI>1860,578</SICI>
    <SUD>2088,621</SUD>
  </Fabbisogno>
  <Fabbisogno>
    <Data>20170618</Data>
    <Mercato>MGP</Mercato>
    <Ora>16</Ora>
    <Italia>26614,982</Italia>
    <CNOR>2927,443</CNOR>
    <CSUD>4638,446</CSUD>
    <NORD>14234,68</NORD>
    <SARD>879,269</SARD>
    <SICI>1840,124</SICI>
    <SUD>2095,02</SUD>
  </Fabbisogno>
  <Fabbisogno>
    <Data>20170618</Data>
    <Mercato>MGP</Mercato>
    <Ora>17</Ora>
    <Italia>27123,028</Italia>
    <CNOR>2989,415</CNOR>
    <CSUD>4675,92</CSUD>
    <NORD>14532,065</NORD>
    <SARD>906,506</SARD>
    <SICI>1856,735</SICI>
    <SUD>2162,387</SUD>
  </Fabbisogno>
  <Fabbisogno>
    <Data>20170618</Data>
    <Mercato>MGP</Mercato>
    <Ora>18</Ora>
    <Italia>27910,509</Italia>
    <CNOR>3155,035</CNOR>
    <CSUD>4813,023</CSUD>
    <NORD>14870,892</NORD>
    <SARD>946,307</SARD>
    <SICI>1876,856</SICI>
    <SUD>2248,396</SUD>
  </Fabbisogno>
  <Fabbisogno>
    <Data>20170618</Data>
    <Mercato>MGP</Mercato>
    <Ora>19</Ora>
    <Italia>28746,87</Italia>
    <CNOR>3299,406</CNOR>
    <CSUD>4926,671</CSUD>
    <NORD>15222,475</NORD>
    <SARD>1002,213</SARD>
    <SICI>1931,771</SICI>
    <SUD>2364,334</SUD>
  </Fabbisogno>
  <Fabbisogno>
    <Data>20170618</Data>
    <Mercato>MGP</Mercato>
    <Ora>20</Ora>
    <Italia>30190,774</Italia>
    <CNOR>3508,64</CNOR>
    <CSUD>5178,349</CSUD>
    <NORD>15931,875</NORD>
    <SARD>1085,744</SARD>
    <SICI>2000,974</SICI>
    <SUD>2485,192</SUD>
  </Fabbisogno>
  <Fabbisogno>
    <Data>20170618</Data>
    <Mercato>MGP</Mercato>
    <Ora>21</Ora>
    <Italia>31104,765</Italia>
    <CNOR>3613,395</CNOR>
    <CSUD>5498,584</CSUD>
    <NORD>15921,175</NORD>
    <SARD>1145,553</SARD>
    <SICI>2174,302</SICI>
    <SUD>2751,756</SUD>
  </Fabbisogno>
  <Fabbisogno>
    <Data>20170618</Data>
    <Mercato>MGP</Mercato>
    <Ora>22</Ora>
    <Italia>32142,024</Italia>
    <CNOR>3702,143</CNOR>
    <CSUD>5686,057</CSUD>
    <NORD>16503,443</NORD>
    <SARD>1183,774</SARD>
    <SICI>2232,569</SICI>
    <SUD>2834,038</SUD>
  </Fabbisogno>
  <Fabbisogno>
    <Data>20170618</Data>
    <Mercato>MGP</Mercato>
    <Ora>23</Ora>
    <Italia>30936,828</Italia>
    <CNOR>3585,902</CNOR>
    <CSUD>5392,954</CSUD>
    <NORD>16048,805</NORD>
    <SARD>1131,703</SARD>
    <SICI>2096,538</SICI>
    <SUD>2680,926</SUD>
  </Fabbisogno>
  <Fabbisogno>
    <Data>20170618</Data>
    <Mercato>MGP</Mercato>
    <Ora>24</Ora>
    <Italia>28368,931</Italia>
    <CNOR>3277,611</CNOR>
    <CSUD>4911,222</CSUD>
    <NORD>14738,615</NORD>
    <SARD>1029,752</SARD>
    <SICI>1964,651</SICI>
    <SUD>2447,08</SUD>
  </Fabbisogno>
</NewDataSet>