<?xml version="1.0" standalone="yes"?>
<NewDataSet>
  <xs:schema id="NewDataSet" xmlns="" xmlns:xs="http://www.w3.org/2001/XMLSchema" xmlns:msdata="urn:schemas-microsoft-com:xml-msdata">
    <xs:element name="NewDataSet" msdata:IsDataSet="true" msdata:UseCurrentLocale="true">
      <xs:complexType>
        <xs:choice minOccurs="0" maxOccurs="unbounded">
          <xs:element name="Fabbisogno">
            <xs:complexType>
              <xs:sequence>
                <xs:element name="Data" type="xs:string" minOccurs="0" />
                <xs:element name="Mercato" type="xs:string" minOccurs="0" />
                <xs:element name="Ora" type="xs:string" minOccurs="0" />
                <xs:element name="Italia" type="xs:string" minOccurs="0" />
                <xs:element name="CNOR" type="xs:string" minOccurs="0" />
                <xs:element name="CSUD" type="xs:string" minOccurs="0" />
                <xs:element name="NORD" type="xs:string" minOccurs="0" />
                <xs:element name="SARD" type="xs:string" minOccurs="0" />
                <xs:element name="SICI" type="xs:string" minOccurs="0" />
                <xs:element name="SUD" type="xs:string" minOccurs="0" />
              </xs:sequence>
            </xs:complexType>
          </xs:element>
        </xs:choice>
      </xs:complexType>
    </xs:element>
  </xs:schema>
  <Fabbisogno>
    <Data>20170609</Data>
    <Mercato>MGP</Mercato>
    <Ora>1</Ora>
    <Italia>29012,582</Italia>
    <CNOR>3293,338</CNOR>
    <CSUD>4738,069</CSUD>
    <NORD>15864,405</NORD>
    <SARD>941,462999999999</SARD>
    <SICI>1758,023</SICI>
    <SUD>2417,284</SUD>
  </Fabbisogno>
  <Fabbisogno>
    <Data>20170609</Data>
    <Mercato>MGP</Mercato>
    <Ora>2</Ora>
    <Italia>27409,837</Italia>
    <CNOR>3124,08</CNOR>
    <CSUD>4444,936</CSUD>
    <NORD>15037,432</NORD>
    <SARD>896,395</SARD>
    <SICI>1626,571</SICI>
    <SUD>2280,423</SUD>
  </Fabbisogno>
  <Fabbisogno>
    <Data>20170609</Data>
    <Mercato>MGP</Mercato>
    <Ora>3</Ora>
    <Italia>26557,436</Italia>
    <CNOR>3019,636</CNOR>
    <CSUD>4245,633</CSUD>
    <NORD>14659,051</NORD>
    <SARD>870,744</SARD>
    <SICI>1567,83</SICI>
    <SUD>2194,542</SUD>
  </Fabbisogno>
  <Fabbisogno>
    <Data>20170609</Data>
    <Mercato>MGP</Mercato>
    <Ora>4</Ora>
    <Italia>26213,375</Italia>
    <CNOR>2982,854</CNOR>
    <CSUD>4190,816</CSUD>
    <NORD>14483,932</NORD>
    <SARD>864,424</SARD>
    <SICI>1528,508</SICI>
    <SUD>2162,841</SUD>
  </Fabbisogno>
  <Fabbisogno>
    <Data>20170609</Data>
    <Mercato>MGP</Mercato>
    <Ora>5</Ora>
    <Italia>26109,164</Italia>
    <CNOR>2968,802</CNOR>
    <CSUD>4164,483</CSUD>
    <NORD>14404,869</NORD>
    <SARD>864,274</SARD>
    <SICI>1535,365</SICI>
    <SUD>2171,371</SUD>
  </Fabbisogno>
  <Fabbisogno>
    <Data>20170609</Data>
    <Mercato>MGP</Mercato>
    <Ora>6</Ora>
    <Italia>26522,611</Italia>
    <CNOR>2980,409</CNOR>
    <CSUD>4166,657</CSUD>
    <NORD>14831,308</NORD>
    <SARD>887,89</SARD>
    <SICI>1549,576</SICI>
    <SUD>2106,771</SUD>
  </Fabbisogno>
  <Fabbisogno>
    <Data>20170609</Data>
    <Mercato>MGP</Mercato>
    <Ora>7</Ora>
    <Italia>29219,862</Italia>
    <CNOR>3272,088</CNOR>
    <CSUD>4573,075</CSUD>
    <NORD>16599,387</NORD>
    <SARD>933,982</SARD>
    <SICI>1617,084</SICI>
    <SUD>2224,246</SUD>
  </Fabbisogno>
  <Fabbisogno>
    <Data>20170609</Data>
    <Mercato>MGP</Mercato>
    <Ora>8</Ora>
    <Italia>34466,229</Italia>
    <CNOR>3889,231</CNOR>
    <CSUD>5355,869</CSUD>
    <NORD>19713,424</NORD>
    <SARD>1057,515</SARD>
    <SICI>1857,239</SICI>
    <SUD>2592,951</SUD>
  </Fabbisogno>
  <Fabbisogno>
    <Data>20170609</Data>
    <Mercato>MGP</Mercato>
    <Ora>9</Ora>
    <Italia>39385,367</Italia>
    <CNOR>4521,656</CNOR>
    <CSUD>6078,571</CSUD>
    <NORD>22608,927</NORD>
    <SARD>1143,844</SARD>
    <SICI>2112,693</SICI>
    <SUD>2919,676</SUD>
  </Fabbisogno>
  <Fabbisogno>
    <Data>20170609</Data>
    <Mercato>MGP</Mercato>
    <Ora>10</Ora>
    <Italia>40463,538</Italia>
    <CNOR>4705,243</CNOR>
    <CSUD>6409,653</CSUD>
    <NORD>23023,468</NORD>
    <SARD>1148,297</SARD>
    <SICI>2193,575</SICI>
    <SUD>2983,302</SUD>
  </Fabbisogno>
  <Fabbisogno>
    <Data>20170609</Data>
    <Mercato>MGP</Mercato>
    <Ora>11</Ora>
    <Italia>40170,271</Italia>
    <CNOR>4630,472</CNOR>
    <CSUD>6418,378</CSUD>
    <NORD>22923,239</NORD>
    <SARD>1102,758</SARD>
    <SICI>2177,462</SICI>
    <SUD>2917,962</SUD>
  </Fabbisogno>
  <Fabbisogno>
    <Data>20170609</Data>
    <Mercato>MGP</Mercato>
    <Ora>12</Ora>
    <Italia>39998,994</Italia>
    <CNOR>4586,165</CNOR>
    <CSUD>6401,561</CSUD>
    <NORD>22943,088</NORD>
    <SARD>1087,182</SARD>
    <SICI>2135,491</SICI>
    <SUD>2845,507</SUD>
  </Fabbisogno>
  <Fabbisogno>
    <Data>20170609</Data>
    <Mercato>MGP</Mercato>
    <Ora>13</Ora>
    <Italia>38506,244</Italia>
    <CNOR>4369,324</CNOR>
    <CSUD>6396,757</CSUD>
    <NORD>21673,985</NORD>
    <SARD>1075,742</SARD>
    <SICI>2137,314</SICI>
    <SUD>2853,122</SUD>
  </Fabbisogno>
  <Fabbisogno>
    <Data>20170609</Data>
    <Mercato>MGP</Mercato>
    <Ora>14</Ora>
    <Italia>38020,108</Italia>
    <CNOR>4200,168</CNOR>
    <CSUD>6202,081</CSUD>
    <NORD>21778,881</NORD>
    <SARD>1048,301</SARD>
    <SICI>2056,324</SICI>
    <SUD>2734,353</SUD>
  </Fabbisogno>
  <Fabbisogno>
    <Data>20170609</Data>
    <Mercato>MGP</Mercato>
    <Ora>15</Ora>
    <Italia>38697,386</Italia>
    <CNOR>4313,71</CNOR>
    <CSUD>6174,259</CSUD>
    <NORD>22523,374</NORD>
    <SARD>1014,733</SARD>
    <SICI>2018,526</SICI>
    <SUD>2652,784</SUD>
  </Fabbisogno>
  <Fabbisogno>
    <Data>20170609</Data>
    <Mercato>MGP</Mercato>
    <Ora>16</Ora>
    <Italia>39218,397</Italia>
    <CNOR>4431,357</CNOR>
    <CSUD>6220,802</CSUD>
    <NORD>22782,598</NORD>
    <SARD>1021,972</SARD>
    <SICI>2048,599</SICI>
    <SUD>2713,069</SUD>
  </Fabbisogno>
  <Fabbisogno>
    <Data>20170609</Data>
    <Mercato>MGP</Mercato>
    <Ora>17</Ora>
    <Italia>39404,73</Italia>
    <CNOR>4454,818</CNOR>
    <CSUD>6295,444</CSUD>
    <NORD>22665,562</NORD>
    <SARD>1046,871</SARD>
    <SICI>2133,49</SICI>
    <SUD>2808,545</SUD>
  </Fabbisogno>
  <Fabbisogno>
    <Data>20170609</Data>
    <Mercato>MGP</Mercato>
    <Ora>18</Ora>
    <Italia>38916,38</Italia>
    <CNOR>4470,646</CNOR>
    <CSUD>6344,936</CSUD>
    <NORD>21877,246</NORD>
    <SARD>1086,532</SARD>
    <SICI>2190,951</SICI>
    <SUD>2946,069</SUD>
  </Fabbisogno>
  <Fabbisogno>
    <Data>20170609</Data>
    <Mercato>MGP</Mercato>
    <Ora>19</Ora>
    <Italia>38580,522</Italia>
    <CNOR>4463,277</CNOR>
    <CSUD>6373,641</CSUD>
    <NORD>21294,285</NORD>
    <SARD>1151,764</SARD>
    <SICI>2217,502</SICI>
    <SUD>3080,053</SUD>
  </Fabbisogno>
  <Fabbisogno>
    <Data>20170609</Data>
    <Mercato>MGP</Mercato>
    <Ora>20</Ora>
    <Italia>37781,733</Italia>
    <CNOR>4404,136</CNOR>
    <CSUD>6393,132</CSUD>
    <NORD>20528,884</NORD>
    <SARD>1169,774</SARD>
    <SICI>2221,09</SICI>
    <SUD>3064,717</SUD>
  </Fabbisogno>
  <Fabbisogno>
    <Data>20170609</Data>
    <Mercato>MGP</Mercato>
    <Ora>21</Ora>
    <Italia>37508,92</Italia>
    <CNOR>4282,901</CNOR>
    <CSUD>6451,36</CSUD>
    <NORD>19908,816</NORD>
    <SARD>1221,362</SARD>
    <SICI>2354,699</SICI>
    <SUD>3289,782</SUD>
  </Fabbisogno>
  <Fabbisogno>
    <Data>20170609</Data>
    <Mercato>MGP</Mercato>
    <Ora>22</Ora>
    <Italia>37080,781</Italia>
    <CNOR>4219,931</CNOR>
    <CSUD>6366,052</CSUD>
    <NORD>19728,844</NORD>
    <SARD>1204,28</SARD>
    <SICI>2325,396</SICI>
    <SUD>3236,278</SUD>
  </Fabbisogno>
  <Fabbisogno>
    <Data>20170609</Data>
    <Mercato>MGP</Mercato>
    <Ora>23</Ora>
    <Italia>34476,854</Italia>
    <CNOR>3958,972</CNOR>
    <CSUD>5913,11</CSUD>
    <NORD>18331,282</NORD>
    <SARD>1153,093</SARD>
    <SICI>2126,869</SICI>
    <SUD>2993,528</SUD>
  </Fabbisogno>
  <Fabbisogno>
    <Data>20170609</Data>
    <Mercato>MGP</Mercato>
    <Ora>24</Ora>
    <Italia>31380,549</Italia>
    <CNOR>3593,878</CNOR>
    <CSUD>5309,327</CSUD>
    <NORD>16829,989</NORD>
    <SARD>1046,816</SARD>
    <SICI>1921,873</SICI>
    <SUD>2678,666</SUD>
  </Fabbisogno>
</NewDataSet>