<?xml version="1.0" standalone="yes"?>
<NewDataSet>
  <xs:schema id="NewDataSet" xmlns="" xmlns:xs="http://www.w3.org/2001/XMLSchema" xmlns:msdata="urn:schemas-microsoft-com:xml-msdata">
    <xs:element name="NewDataSet" msdata:IsDataSet="true" msdata:UseCurrentLocale="true">
      <xs:complexType>
        <xs:choice minOccurs="0" maxOccurs="unbounded">
          <xs:element name="Fabbisogno">
            <xs:complexType>
              <xs:sequence>
                <xs:element name="Data" type="xs:string" minOccurs="0" />
                <xs:element name="Mercato" type="xs:string" minOccurs="0" />
                <xs:element name="Ora" type="xs:string" minOccurs="0" />
                <xs:element name="Italia" type="xs:string" minOccurs="0" />
                <xs:element name="CNOR" type="xs:string" minOccurs="0" />
                <xs:element name="CSUD" type="xs:string" minOccurs="0" />
                <xs:element name="NORD" type="xs:string" minOccurs="0" />
                <xs:element name="SARD" type="xs:string" minOccurs="0" />
                <xs:element name="SICI" type="xs:string" minOccurs="0" />
                <xs:element name="SUD" type="xs:string" minOccurs="0" />
              </xs:sequence>
            </xs:complexType>
          </xs:element>
        </xs:choice>
      </xs:complexType>
    </xs:element>
  </xs:schema>
  <Fabbisogno>
    <Data>20170611</Data>
    <Mercato>MGP</Mercato>
    <Ora>1</Ora>
    <Italia>26929,472</Italia>
    <CNOR>3068,879</CNOR>
    <CSUD>4793,669</CSUD>
    <NORD>13951,597</NORD>
    <SARD>949,672</SARD>
    <SICI>1776,452</SICI>
    <SUD>2389,203</SUD>
  </Fabbisogno>
  <Fabbisogno>
    <Data>20170611</Data>
    <Mercato>MGP</Mercato>
    <Ora>2</Ora>
    <Italia>25291,131</Italia>
    <CNOR>2881,991</CNOR>
    <CSUD>4453,58</CSUD>
    <NORD>13151,781</NORD>
    <SARD>900,442</SARD>
    <SICI>1676,315</SICI>
    <SUD>2227,022</SUD>
  </Fabbisogno>
  <Fabbisogno>
    <Data>20170611</Data>
    <Mercato>MGP</Mercato>
    <Ora>3</Ora>
    <Italia>24287,42</Italia>
    <CNOR>2745,691</CNOR>
    <CSUD>4186,537</CSUD>
    <NORD>12756,686</NORD>
    <SARD>863,308</SARD>
    <SICI>1599,853</SICI>
    <SUD>2135,345</SUD>
  </Fabbisogno>
  <Fabbisogno>
    <Data>20170611</Data>
    <Mercato>MGP</Mercato>
    <Ora>4</Ora>
    <Italia>23700,512</Italia>
    <CNOR>2684,976</CNOR>
    <CSUD>4069,184</CSUD>
    <NORD>12485,747</NORD>
    <SARD>851,804</SARD>
    <SICI>1533,411</SICI>
    <SUD>2075,39</SUD>
  </Fabbisogno>
  <Fabbisogno>
    <Data>20170611</Data>
    <Mercato>MGP</Mercato>
    <Ora>5</Ora>
    <Italia>23137,863</Italia>
    <CNOR>2644,68</CNOR>
    <CSUD>3962,353</CSUD>
    <NORD>12126,935</NORD>
    <SARD>844,334</SARD>
    <SICI>1515,59</SICI>
    <SUD>2043,971</SUD>
  </Fabbisogno>
  <Fabbisogno>
    <Data>20170611</Data>
    <Mercato>MGP</Mercato>
    <Ora>6</Ora>
    <Italia>22486,931</Italia>
    <CNOR>2535,174</CNOR>
    <CSUD>3816,382</CSUD>
    <NORD>11910,729</NORD>
    <SARD>849,52</SARD>
    <SICI>1462,974</SICI>
    <SUD>1912,152</SUD>
  </Fabbisogno>
  <Fabbisogno>
    <Data>20170611</Data>
    <Mercato>MGP</Mercato>
    <Ora>7</Ora>
    <Italia>22193,74</Italia>
    <CNOR>2474,508</CNOR>
    <CSUD>3773,521</CSUD>
    <NORD>11788,938</NORD>
    <SARD>840,317</SARD>
    <SICI>1407,825</SICI>
    <SUD>1908,631</SUD>
  </Fabbisogno>
  <Fabbisogno>
    <Data>20170611</Data>
    <Mercato>MGP</Mercato>
    <Ora>8</Ora>
    <Italia>23434,296</Italia>
    <CNOR>2649,166</CNOR>
    <CSUD>4054,906</CSUD>
    <NORD>12287,987</NORD>
    <SARD>889,617</SARD>
    <SICI>1501,355</SICI>
    <SUD>2051,265</SUD>
  </Fabbisogno>
  <Fabbisogno>
    <Data>20170611</Data>
    <Mercato>MGP</Mercato>
    <Ora>9</Ora>
    <Italia>25137,417</Italia>
    <CNOR>2847,12</CNOR>
    <CSUD>4477,428</CSUD>
    <NORD>13018,441</NORD>
    <SARD>940,55</SARD>
    <SICI>1631,52</SICI>
    <SUD>2222,358</SUD>
  </Fabbisogno>
  <Fabbisogno>
    <Data>20170611</Data>
    <Mercato>MGP</Mercato>
    <Ora>10</Ora>
    <Italia>26433,02</Italia>
    <CNOR>2999,743</CNOR>
    <CSUD>4801,786</CSUD>
    <NORD>13665,861</NORD>
    <SARD>942,901</SARD>
    <SICI>1749,158</SICI>
    <SUD>2273,571</SUD>
  </Fabbisogno>
  <Fabbisogno>
    <Data>20170611</Data>
    <Mercato>MGP</Mercato>
    <Ora>11</Ora>
    <Italia>27214,037</Italia>
    <CNOR>3079,994</CNOR>
    <CSUD>5022</CSUD>
    <NORD>14060,503</NORD>
    <SARD>937,106</SARD>
    <SICI>1800,872</SICI>
    <SUD>2313,562</SUD>
  </Fabbisogno>
  <Fabbisogno>
    <Data>20170611</Data>
    <Mercato>MGP</Mercato>
    <Ora>12</Ora>
    <Italia>27450,902</Italia>
    <CNOR>3073,446</CNOR>
    <CSUD>5064,889</CSUD>
    <NORD>14298,221</NORD>
    <SARD>910,609</SARD>
    <SICI>1802,565</SICI>
    <SUD>2301,172</SUD>
  </Fabbisogno>
  <Fabbisogno>
    <Data>20170611</Data>
    <Mercato>MGP</Mercato>
    <Ora>13</Ora>
    <Italia>27724,989</Italia>
    <CNOR>3045,372</CNOR>
    <CSUD>5157,896</CSUD>
    <NORD>14460,668</NORD>
    <SARD>909,261</SARD>
    <SICI>1802,819</SICI>
    <SUD>2348,973</SUD>
  </Fabbisogno>
  <Fabbisogno>
    <Data>20170611</Data>
    <Mercato>MGP</Mercato>
    <Ora>14</Ora>
    <Italia>26829,975</Italia>
    <CNOR>2917,318</CNOR>
    <CSUD>5000,144</CSUD>
    <NORD>14096,999</NORD>
    <SARD>887,8</SARD>
    <SICI>1702,14</SICI>
    <SUD>2225,574</SUD>
  </Fabbisogno>
  <Fabbisogno>
    <Data>20170611</Data>
    <Mercato>MGP</Mercato>
    <Ora>15</Ora>
    <Italia>26267,359</Italia>
    <CNOR>2889,97</CNOR>
    <CSUD>4794,181</CSUD>
    <NORD>14017,536</NORD>
    <SARD>846,866</SARD>
    <SICI>1630,792</SICI>
    <SUD>2088,014</SUD>
  </Fabbisogno>
  <Fabbisogno>
    <Data>20170611</Data>
    <Mercato>MGP</Mercato>
    <Ora>16</Ora>
    <Italia>26325,384</Italia>
    <CNOR>2914,23</CNOR>
    <CSUD>4809,252</CSUD>
    <NORD>14068,605</NORD>
    <SARD>836,819</SARD>
    <SICI>1617,06</SICI>
    <SUD>2079,418</SUD>
  </Fabbisogno>
  <Fabbisogno>
    <Data>20170611</Data>
    <Mercato>MGP</Mercato>
    <Ora>17</Ora>
    <Italia>27038,371</Italia>
    <CNOR>2989,66</CNOR>
    <CSUD>4870,143</CSUD>
    <NORD>14476,674</NORD>
    <SARD>875,522</SARD>
    <SICI>1650,782</SICI>
    <SUD>2175,59</SUD>
  </Fabbisogno>
  <Fabbisogno>
    <Data>20170611</Data>
    <Mercato>MGP</Mercato>
    <Ora>18</Ora>
    <Italia>27305,395</Italia>
    <CNOR>3090,65</CNOR>
    <CSUD>4922,577</CSUD>
    <NORD>14418,385</NORD>
    <SARD>906,881</SARD>
    <SICI>1696,907</SICI>
    <SUD>2269,995</SUD>
  </Fabbisogno>
  <Fabbisogno>
    <Data>20170611</Data>
    <Mercato>MGP</Mercato>
    <Ora>19</Ora>
    <Italia>28427,929</Italia>
    <CNOR>3257,457</CNOR>
    <CSUD>5047,829</CSUD>
    <NORD>15006,974</NORD>
    <SARD>955,629</SARD>
    <SICI>1760,689</SICI>
    <SUD>2399,351</SUD>
  </Fabbisogno>
  <Fabbisogno>
    <Data>20170611</Data>
    <Mercato>MGP</Mercato>
    <Ora>20</Ora>
    <Italia>29958,94</Italia>
    <CNOR>3472,329</CNOR>
    <CSUD>5285,422</CSUD>
    <NORD>15763,086</NORD>
    <SARD>1048,936</SARD>
    <SICI>1840,212</SICI>
    <SUD>2548,955</SUD>
  </Fabbisogno>
  <Fabbisogno>
    <Data>20170611</Data>
    <Mercato>MGP</Mercato>
    <Ora>21</Ora>
    <Italia>30760,341</Italia>
    <CNOR>3553,876</CNOR>
    <CSUD>5586,171</CSUD>
    <NORD>15641,073</NORD>
    <SARD>1112,633</SARD>
    <SICI>2013,635</SICI>
    <SUD>2852,953</SUD>
  </Fabbisogno>
  <Fabbisogno>
    <Data>20170611</Data>
    <Mercato>MGP</Mercato>
    <Ora>22</Ora>
    <Italia>31697,68</Italia>
    <CNOR>3650,545</CNOR>
    <CSUD>5777,802</CSUD>
    <NORD>16160,252</NORD>
    <SARD>1129,362</SARD>
    <SICI>2071,364</SICI>
    <SUD>2908,355</SUD>
  </Fabbisogno>
  <Fabbisogno>
    <Data>20170611</Data>
    <Mercato>MGP</Mercato>
    <Ora>23</Ora>
    <Italia>30471,195</Italia>
    <CNOR>3524,657</CNOR>
    <CSUD>5492,752</CSUD>
    <NORD>15685,506</NORD>
    <SARD>1075,752</SARD>
    <SICI>1953,806</SICI>
    <SUD>2738,722</SUD>
  </Fabbisogno>
  <Fabbisogno>
    <Data>20170611</Data>
    <Mercato>MGP</Mercato>
    <Ora>24</Ora>
    <Italia>27961,689</Italia>
    <CNOR>3208,247</CNOR>
    <CSUD>5021,638</CSUD>
    <NORD>14449,022</NORD>
    <SARD>983,863</SARD>
    <SICI>1807,527</SICI>
    <SUD>2491,392</SUD>
  </Fabbisogno>
</NewDataSet>