<?xml version="1.0" standalone="yes"?>
<NewDataSet>
  <xs:schema id="NewDataSet" xmlns="" xmlns:xs="http://www.w3.org/2001/XMLSchema" xmlns:msdata="urn:schemas-microsoft-com:xml-msdata">
    <xs:element name="NewDataSet" msdata:IsDataSet="true" msdata:UseCurrentLocale="true">
      <xs:complexType>
        <xs:choice minOccurs="0" maxOccurs="unbounded">
          <xs:element name="Fabbisogno">
            <xs:complexType>
              <xs:sequence>
                <xs:element name="Data" type="xs:string" minOccurs="0" />
                <xs:element name="Mercato" type="xs:string" minOccurs="0" />
                <xs:element name="Ora" type="xs:string" minOccurs="0" />
                <xs:element name="Italia" type="xs:string" minOccurs="0" />
                <xs:element name="CNOR" type="xs:string" minOccurs="0" />
                <xs:element name="CSUD" type="xs:string" minOccurs="0" />
                <xs:element name="NORD" type="xs:string" minOccurs="0" />
                <xs:element name="SARD" type="xs:string" minOccurs="0" />
                <xs:element name="SICI" type="xs:string" minOccurs="0" />
                <xs:element name="SUD" type="xs:string" minOccurs="0" />
              </xs:sequence>
            </xs:complexType>
          </xs:element>
        </xs:choice>
      </xs:complexType>
    </xs:element>
  </xs:schema>
  <Fabbisogno>
    <Data>20170602</Data>
    <Mercato>MGP</Mercato>
    <Ora>1</Ora>
    <Italia>26796,083</Italia>
    <CNOR>3098,864</CNOR>
    <CSUD>4608,678</CSUD>
    <NORD>14196,812</NORD>
    <SARD>931,24</SARD>
    <SICI>1666,965</SICI>
    <SUD>2293,524</SUD>
  </Fabbisogno>
  <Fabbisogno>
    <Data>20170602</Data>
    <Mercato>MGP</Mercato>
    <Ora>2</Ora>
    <Italia>25186,812</Italia>
    <CNOR>2919,876</CNOR>
    <CSUD>4296,051</CSUD>
    <NORD>13408,244</NORD>
    <SARD>886,055</SARD>
    <SICI>1537,043</SICI>
    <SUD>2139,543</SUD>
  </Fabbisogno>
  <Fabbisogno>
    <Data>20170602</Data>
    <Mercato>MGP</Mercato>
    <Ora>3</Ora>
    <Italia>24327,554</Italia>
    <CNOR>2811,234</CNOR>
    <CSUD>4075,565</CSUD>
    <NORD>13067,938</NORD>
    <SARD>857,612</SARD>
    <SICI>1465,813</SICI>
    <SUD>2049,392</SUD>
  </Fabbisogno>
  <Fabbisogno>
    <Data>20170602</Data>
    <Mercato>MGP</Mercato>
    <Ora>4</Ora>
    <Italia>23683,185</Italia>
    <CNOR>2752,933</CNOR>
    <CSUD>3976,336</CSUD>
    <NORD>12671,057</NORD>
    <SARD>848,557</SARD>
    <SICI>1431,456</SICI>
    <SUD>2002,846</SUD>
  </Fabbisogno>
  <Fabbisogno>
    <Data>20170602</Data>
    <Mercato>MGP</Mercato>
    <Ora>5</Ora>
    <Italia>23138,878</Italia>
    <CNOR>2697,18</CNOR>
    <CSUD>3943,288</CSUD>
    <NORD>12236,016</NORD>
    <SARD>843,573</SARD>
    <SICI>1424,007</SICI>
    <SUD>1994,814</SUD>
  </Fabbisogno>
  <Fabbisogno>
    <Data>20170602</Data>
    <Mercato>MGP</Mercato>
    <Ora>6</Ora>
    <Italia>22533,111</Italia>
    <CNOR>2613,087</CNOR>
    <CSUD>3831,738</CSUD>
    <NORD>11970,845</NORD>
    <SARD>851,465</SARD>
    <SICI>1406,18</SICI>
    <SUD>1859,796</SUD>
  </Fabbisogno>
  <Fabbisogno>
    <Data>20170602</Data>
    <Mercato>MGP</Mercato>
    <Ora>7</Ora>
    <Italia>21752,519</Italia>
    <CNOR>2564,09</CNOR>
    <CSUD>3800,481</CSUD>
    <NORD>11331,385</NORD>
    <SARD>848,27</SARD>
    <SICI>1389,994</SICI>
    <SUD>1818,299</SUD>
  </Fabbisogno>
  <Fabbisogno>
    <Data>20170602</Data>
    <Mercato>MGP</Mercato>
    <Ora>8</Ora>
    <Italia>23321,798</Italia>
    <CNOR>2766,274</CNOR>
    <CSUD>4119,752</CSUD>
    <NORD>12056,567</NORD>
    <SARD>897,242</SARD>
    <SICI>1510,197</SICI>
    <SUD>1971,766</SUD>
  </Fabbisogno>
  <Fabbisogno>
    <Data>20170602</Data>
    <Mercato>MGP</Mercato>
    <Ora>9</Ora>
    <Italia>24791,05</Italia>
    <CNOR>2913,261</CNOR>
    <CSUD>4488,88</CSUD>
    <NORD>12688,704</NORD>
    <SARD>958,56</SARD>
    <SICI>1647,68</SICI>
    <SUD>2093,965</SUD>
  </Fabbisogno>
  <Fabbisogno>
    <Data>20170602</Data>
    <Mercato>MGP</Mercato>
    <Ora>10</Ora>
    <Italia>25966,743</Italia>
    <CNOR>3027,382</CNOR>
    <CSUD>4779,767</CSUD>
    <NORD>13302,597</NORD>
    <SARD>973,411</SARD>
    <SICI>1723,335</SICI>
    <SUD>2160,251</SUD>
  </Fabbisogno>
  <Fabbisogno>
    <Data>20170602</Data>
    <Mercato>MGP</Mercato>
    <Ora>11</Ora>
    <Italia>26385,253</Italia>
    <CNOR>2973,037</CNOR>
    <CSUD>4860,736</CSUD>
    <NORD>13759,044</NORD>
    <SARD>938,692</SARD>
    <SICI>1719,268</SICI>
    <SUD>2134,476</SUD>
  </Fabbisogno>
  <Fabbisogno>
    <Data>20170602</Data>
    <Mercato>MGP</Mercato>
    <Ora>12</Ora>
    <Italia>26476,298</Italia>
    <CNOR>2994,886</CNOR>
    <CSUD>4871,486</CSUD>
    <NORD>13885,107</NORD>
    <SARD>924,208</SARD>
    <SICI>1679,772</SICI>
    <SUD>2120,839</SUD>
  </Fabbisogno>
  <Fabbisogno>
    <Data>20170602</Data>
    <Mercato>MGP</Mercato>
    <Ora>13</Ora>
    <Italia>26500,773</Italia>
    <CNOR>2926,492</CNOR>
    <CSUD>4872,965</CSUD>
    <NORD>13994,114</NORD>
    <SARD>894,683</SARD>
    <SICI>1658,888</SICI>
    <SUD>2153,631</SUD>
  </Fabbisogno>
  <Fabbisogno>
    <Data>20170602</Data>
    <Mercato>MGP</Mercato>
    <Ora>14</Ora>
    <Italia>25493,594</Italia>
    <CNOR>2741,048</CNOR>
    <CSUD>4678,72</CSUD>
    <NORD>13638,834</NORD>
    <SARD>851,759</SARD>
    <SICI>1568,956</SICI>
    <SUD>2014,277</SUD>
  </Fabbisogno>
  <Fabbisogno>
    <Data>20170602</Data>
    <Mercato>MGP</Mercato>
    <Ora>15</Ora>
    <Italia>24999,588</Italia>
    <CNOR>2722,098</CNOR>
    <CSUD>4522,325</CSUD>
    <NORD>13565,587</NORD>
    <SARD>817,711</SARD>
    <SICI>1497,896</SICI>
    <SUD>1873,971</SUD>
  </Fabbisogno>
  <Fabbisogno>
    <Data>20170602</Data>
    <Mercato>MGP</Mercato>
    <Ora>16</Ora>
    <Italia>25134,39</Italia>
    <CNOR>2717,436</CNOR>
    <CSUD>4509,116</CSUD>
    <NORD>13722,204</NORD>
    <SARD>813,396</SARD>
    <SICI>1491,163</SICI>
    <SUD>1881,075</SUD>
  </Fabbisogno>
  <Fabbisogno>
    <Data>20170602</Data>
    <Mercato>MGP</Mercato>
    <Ora>17</Ora>
    <Italia>25600,822</Italia>
    <CNOR>2797,116</CNOR>
    <CSUD>4566,796</CSUD>
    <NORD>13873,75</NORD>
    <SARD>849,419</SARD>
    <SICI>1542,737</SICI>
    <SUD>1971,004</SUD>
  </Fabbisogno>
  <Fabbisogno>
    <Data>20170602</Data>
    <Mercato>MGP</Mercato>
    <Ora>18</Ora>
    <Italia>25969,881</Italia>
    <CNOR>2901,422</CNOR>
    <CSUD>4611,412</CSUD>
    <NORD>13906,651</NORD>
    <SARD>873,274</SARD>
    <SICI>1597,346</SICI>
    <SUD>2079,776</SUD>
  </Fabbisogno>
  <Fabbisogno>
    <Data>20170602</Data>
    <Mercato>MGP</Mercato>
    <Ora>19</Ora>
    <Italia>27142,124</Italia>
    <CNOR>3123,87</CNOR>
    <CSUD>4775,828</CSUD>
    <NORD>14391,957</NORD>
    <SARD>928,497</SARD>
    <SICI>1690,58</SICI>
    <SUD>2231,392</SUD>
  </Fabbisogno>
  <Fabbisogno>
    <Data>20170602</Data>
    <Mercato>MGP</Mercato>
    <Ora>20</Ora>
    <Italia>28858,79</Italia>
    <CNOR>3433,223</CNOR>
    <CSUD>5081,84</CSUD>
    <NORD>15098,613</NORD>
    <SARD>1015,528</SARD>
    <SICI>1808,035</SICI>
    <SUD>2421,551</SUD>
  </Fabbisogno>
  <Fabbisogno>
    <Data>20170602</Data>
    <Mercato>MGP</Mercato>
    <Ora>21</Ora>
    <Italia>29913,792</Italia>
    <CNOR>3526,416</CNOR>
    <CSUD>5431,466</CSUD>
    <NORD>15073,995</NORD>
    <SARD>1076,969</SARD>
    <SICI>2052,886</SICI>
    <SUD>2752,06</SUD>
  </Fabbisogno>
  <Fabbisogno>
    <Data>20170602</Data>
    <Mercato>MGP</Mercato>
    <Ora>22</Ora>
    <Italia>30505,899</Italia>
    <CNOR>3592,442</CNOR>
    <CSUD>5524,611</CSUD>
    <NORD>15397,707</NORD>
    <SARD>1099,929</SARD>
    <SICI>2089,517</SICI>
    <SUD>2801,693</SUD>
  </Fabbisogno>
  <Fabbisogno>
    <Data>20170602</Data>
    <Mercato>MGP</Mercato>
    <Ora>23</Ora>
    <Italia>28937,79</Italia>
    <CNOR>3395,341</CNOR>
    <CSUD>5175,429</CSUD>
    <NORD>14765,02</NORD>
    <SARD>1047,168</SARD>
    <SICI>1948,781</SICI>
    <SUD>2606,051</SUD>
  </Fabbisogno>
  <Fabbisogno>
    <Data>20170602</Data>
    <Mercato>MGP</Mercato>
    <Ora>24</Ora>
    <Italia>26531,763</Italia>
    <CNOR>3074,972</CNOR>
    <CSUD>4715,92</CSUD>
    <NORD>13611,741</NORD>
    <SARD>975,629</SARD>
    <SICI>1780,197</SICI>
    <SUD>2373,304</SUD>
  </Fabbisogno>
</NewDataSet>