<?xml version="1.0" standalone="yes"?>
<NewDataSet>
  <xs:schema id="NewDataSet" xmlns="" xmlns:xs="http://www.w3.org/2001/XMLSchema" xmlns:msdata="urn:schemas-microsoft-com:xml-msdata">
    <xs:element name="NewDataSet" msdata:IsDataSet="true" msdata:UseCurrentLocale="true">
      <xs:complexType>
        <xs:choice minOccurs="0" maxOccurs="unbounded">
          <xs:element name="Fabbisogno">
            <xs:complexType>
              <xs:sequence>
                <xs:element name="Data" type="xs:string" minOccurs="0" />
                <xs:element name="Mercato" type="xs:string" minOccurs="0" />
                <xs:element name="Ora" type="xs:string" minOccurs="0" />
                <xs:element name="Italia" type="xs:string" minOccurs="0" />
                <xs:element name="CNOR" type="xs:string" minOccurs="0" />
                <xs:element name="CSUD" type="xs:string" minOccurs="0" />
                <xs:element name="NORD" type="xs:string" minOccurs="0" />
                <xs:element name="SARD" type="xs:string" minOccurs="0" />
                <xs:element name="SICI" type="xs:string" minOccurs="0" />
                <xs:element name="SUD" type="xs:string" minOccurs="0" />
              </xs:sequence>
            </xs:complexType>
          </xs:element>
        </xs:choice>
      </xs:complexType>
    </xs:element>
  </xs:schema>
  <Fabbisogno>
    <Data>20150724</Data>
    <Mercato>MGP</Mercato>
    <Ora>1</Ora>
    <Italia>35429,682</Italia>
    <CNOR>3473,881</CNOR>
    <CSUD>5528,561</CSUD>
    <NORD>19477,118</NORD>
    <SARD>1092,533</SARD>
    <SICI>2417,955</SICI>
    <SUD>3439,634</SUD>
  </Fabbisogno>
  <Fabbisogno>
    <Data>20150724</Data>
    <Mercato>MGP</Mercato>
    <Ora>2</Ora>
    <Italia>33352,673</Italia>
    <CNOR>3253,412</CNOR>
    <CSUD>5154,962</CSUD>
    <NORD>18427,089</NORD>
    <SARD>1022,758</SARD>
    <SICI>2242,008</SICI>
    <SUD>3252,444</SUD>
  </Fabbisogno>
  <Fabbisogno>
    <Data>20150724</Data>
    <Mercato>MGP</Mercato>
    <Ora>3</Ora>
    <Italia>32195,022</Italia>
    <CNOR>3144,253</CNOR>
    <CSUD>4949,014</CSUD>
    <NORD>17821,094</NORD>
    <SARD>981,455</SARD>
    <SICI>2164,512</SICI>
    <SUD>3134,694</SUD>
  </Fabbisogno>
  <Fabbisogno>
    <Data>20150724</Data>
    <Mercato>MGP</Mercato>
    <Ora>4</Ora>
    <Italia>31205,023</Italia>
    <CNOR>3093,655</CNOR>
    <CSUD>4856,233</CSUD>
    <NORD>17053,659</NORD>
    <SARD>975,367</SARD>
    <SICI>2117,52</SICI>
    <SUD>3108,589</SUD>
  </Fabbisogno>
  <Fabbisogno>
    <Data>20150724</Data>
    <Mercato>MGP</Mercato>
    <Ora>5</Ora>
    <Italia>31083,035</Italia>
    <CNOR>3101,78</CNOR>
    <CSUD>4816,132</CSUD>
    <NORD>17024,321</NORD>
    <SARD>961,515</SARD>
    <SICI>2097,849</SICI>
    <SUD>3081,438</SUD>
  </Fabbisogno>
  <Fabbisogno>
    <Data>20150724</Data>
    <Mercato>MGP</Mercato>
    <Ora>6</Ora>
    <Italia>31811,799</Italia>
    <CNOR>3163,815</CNOR>
    <CSUD>4846,857</CSUD>
    <NORD>17642,349</NORD>
    <SARD>982,438</SARD>
    <SICI>2122,735</SICI>
    <SUD>3053,605</SUD>
  </Fabbisogno>
  <Fabbisogno>
    <Data>20150724</Data>
    <Mercato>MGP</Mercato>
    <Ora>7</Ora>
    <Italia>34417,159</Italia>
    <CNOR>3377,063</CNOR>
    <CSUD>5035,453</CSUD>
    <NORD>19826,757</NORD>
    <SARD>983,484</SARD>
    <SICI>2134,826</SICI>
    <SUD>3059,576</SUD>
  </Fabbisogno>
  <Fabbisogno>
    <Data>20150724</Data>
    <Mercato>MGP</Mercato>
    <Ora>8</Ora>
    <Italia>38631,063</Italia>
    <CNOR>3485,682</CNOR>
    <CSUD>5127,778</CSUD>
    <NORD>23168,912</NORD>
    <SARD>1034,865</SARD>
    <SICI>2221,141</SICI>
    <SUD>3592,685</SUD>
  </Fabbisogno>
  <Fabbisogno>
    <Data>20150724</Data>
    <Mercato>MGP</Mercato>
    <Ora>9</Ora>
    <Italia>43552,627</Italia>
    <CNOR>4061,922</CNOR>
    <CSUD>5873,072</CSUD>
    <NORD>25945,963</NORD>
    <SARD>1162,436</SARD>
    <SICI>2519,887</SICI>
    <SUD>3989,347</SUD>
  </Fabbisogno>
  <Fabbisogno>
    <Data>20150724</Data>
    <Mercato>MGP</Mercato>
    <Ora>10</Ora>
    <Italia>46185,363</Italia>
    <CNOR>4424,469</CNOR>
    <CSUD>6760,718</CSUD>
    <NORD>26657,621</NORD>
    <SARD>1249,78</SARD>
    <SICI>2800,874</SICI>
    <SUD>4291,901</SUD>
  </Fabbisogno>
  <Fabbisogno>
    <Data>20150724</Data>
    <Mercato>MGP</Mercato>
    <Ora>11</Ora>
    <Italia>45925,04</Italia>
    <CNOR>4311,373</CNOR>
    <CSUD>6470,433</CSUD>
    <NORD>27074,196</NORD>
    <SARD>1201,751</SARD>
    <SICI>2677,42</SICI>
    <SUD>4189,867</SUD>
  </Fabbisogno>
  <Fabbisogno>
    <Data>20150724</Data>
    <Mercato>MGP</Mercato>
    <Ora>12</Ora>
    <Italia>47170,389</Italia>
    <CNOR>4500,768</CNOR>
    <CSUD>7083,316</CSUD>
    <NORD>27113,296</NORD>
    <SARD>1243,348</SARD>
    <SICI>2824,674</SICI>
    <SUD>4404,987</SUD>
  </Fabbisogno>
  <Fabbisogno>
    <Data>20150724</Data>
    <Mercato>MGP</Mercato>
    <Ora>13</Ora>
    <Italia>44819,397</Italia>
    <CNOR>4101,994</CNOR>
    <CSUD>6650,352</CSUD>
    <NORD>25826,54</NORD>
    <SARD>1205,805</SARD>
    <SICI>2702,94</SICI>
    <SUD>4331,766</SUD>
  </Fabbisogno>
  <Fabbisogno>
    <Data>20150724</Data>
    <Mercato>MGP</Mercato>
    <Ora>14</Ora>
    <Italia>44928,832</Italia>
    <CNOR>3937,207</CNOR>
    <CSUD>6686,57400000001</CSUD>
    <NORD>26099,859</NORD>
    <SARD>1214,216</SARD>
    <SICI>2647,436</SICI>
    <SUD>4343,54</SUD>
  </Fabbisogno>
  <Fabbisogno>
    <Data>20150724</Data>
    <Mercato>MGP</Mercato>
    <Ora>15</Ora>
    <Italia>46060,567</Italia>
    <CNOR>4254,082</CNOR>
    <CSUD>6967,62499999999</CSUD>
    <NORD>26669,067</NORD>
    <SARD>1185,199</SARD>
    <SICI>2703,509</SICI>
    <SUD>4281,085</SUD>
  </Fabbisogno>
  <Fabbisogno>
    <Data>20150724</Data>
    <Mercato>MGP</Mercato>
    <Ora>16</Ora>
    <Italia>45369,739</Italia>
    <CNOR>4136,531</CNOR>
    <CSUD>6512,11</CSUD>
    <NORD>26892,664</NORD>
    <SARD>1130,3</SARD>
    <SICI>2563,273</SICI>
    <SUD>4134,861</SUD>
  </Fabbisogno>
  <Fabbisogno>
    <Data>20150724</Data>
    <Mercato>MGP</Mercato>
    <Ora>17</Ora>
    <Italia>45702,364</Italia>
    <CNOR>4190,702</CNOR>
    <CSUD>6654,167</CSUD>
    <NORD>26782,816</NORD>
    <SARD>1161,299</SARD>
    <SICI>2657,436</SICI>
    <SUD>4255,944</SUD>
  </Fabbisogno>
  <Fabbisogno>
    <Data>20150724</Data>
    <Mercato>MGP</Mercato>
    <Ora>18</Ora>
    <Italia>45207,78</Italia>
    <CNOR>4128,06</CNOR>
    <CSUD>6651,562</CSUD>
    <NORD>26166,261</NORD>
    <SARD>1213,145</SARD>
    <SICI>2715,338</SICI>
    <SUD>4333,414</SUD>
  </Fabbisogno>
  <Fabbisogno>
    <Data>20150724</Data>
    <Mercato>MGP</Mercato>
    <Ora>19</Ora>
    <Italia>44602,675</Italia>
    <CNOR>4186,143</CNOR>
    <CSUD>6624,883</CSUD>
    <NORD>25413,888</NORD>
    <SARD>1251,112</SARD>
    <SICI>2723,584</SICI>
    <SUD>4403,065</SUD>
  </Fabbisogno>
  <Fabbisogno>
    <Data>20150724</Data>
    <Mercato>MGP</Mercato>
    <Ora>20</Ora>
    <Italia>43353,04</Italia>
    <CNOR>4119,727</CNOR>
    <CSUD>6602,378</CSUD>
    <NORD>24214,662</NORD>
    <SARD>1280,7</SARD>
    <SICI>2785,101</SICI>
    <SUD>4350,472</SUD>
  </Fabbisogno>
  <Fabbisogno>
    <Data>20150724</Data>
    <Mercato>MGP</Mercato>
    <Ora>21</Ora>
    <Italia>41828,427</Italia>
    <CNOR>3957,645</CNOR>
    <CSUD>6544,26</CSUD>
    <NORD>22557,094</NORD>
    <SARD>1306,713</SARD>
    <SICI>2884,915</SICI>
    <SUD>4577,8</SUD>
  </Fabbisogno>
  <Fabbisogno>
    <Data>20150724</Data>
    <Mercato>MGP</Mercato>
    <Ora>22</Ora>
    <Italia>42768,257</Italia>
    <CNOR>4204,221</CNOR>
    <CSUD>6955,877</CSUD>
    <NORD>22868,419</NORD>
    <SARD>1353,302</SARD>
    <SICI>2828,133</SICI>
    <SUD>4558,305</SUD>
  </Fabbisogno>
  <Fabbisogno>
    <Data>20150724</Data>
    <Mercato>MGP</Mercato>
    <Ora>23</Ora>
    <Italia>40131,79</Italia>
    <CNOR>3922,735</CNOR>
    <CSUD>6442,242</CSUD>
    <NORD>21586,613</NORD>
    <SARD>1254,642</SARD>
    <SICI>2672,803</SICI>
    <SUD>4252,755</SUD>
  </Fabbisogno>
  <Fabbisogno>
    <Data>20150724</Data>
    <Mercato>MGP</Mercato>
    <Ora>24</Ora>
    <Italia>37197,459</Italia>
    <CNOR>3584,375</CNOR>
    <CSUD>5952,428</CSUD>
    <NORD>20022,225</NORD>
    <SARD>1172,909</SARD>
    <SICI>2516,898</SICI>
    <SUD>3948,624</SUD>
  </Fabbisogno>
</NewDataSet>