<?xml version="1.0" standalone="yes"?>
<NewDataSet>
  <xs:schema id="NewDataSet" xmlns="" xmlns:xs="http://www.w3.org/2001/XMLSchema" xmlns:msdata="urn:schemas-microsoft-com:xml-msdata">
    <xs:element name="NewDataSet" msdata:IsDataSet="true" msdata:UseCurrentLocale="true">
      <xs:complexType>
        <xs:choice minOccurs="0" maxOccurs="unbounded">
          <xs:element name="Fabbisogno">
            <xs:complexType>
              <xs:sequence>
                <xs:element name="Data" type="xs:string" minOccurs="0" />
                <xs:element name="Mercato" type="xs:string" minOccurs="0" />
                <xs:element name="Ora" type="xs:string" minOccurs="0" />
                <xs:element name="Italia" type="xs:string" minOccurs="0" />
                <xs:element name="CNOR" type="xs:string" minOccurs="0" />
                <xs:element name="CSUD" type="xs:string" minOccurs="0" />
                <xs:element name="NORD" type="xs:string" minOccurs="0" />
                <xs:element name="SARD" type="xs:string" minOccurs="0" />
                <xs:element name="SICI" type="xs:string" minOccurs="0" />
                <xs:element name="SUD" type="xs:string" minOccurs="0" />
              </xs:sequence>
            </xs:complexType>
          </xs:element>
        </xs:choice>
      </xs:complexType>
    </xs:element>
  </xs:schema>
  <Fabbisogno>
    <Data>20150730</Data>
    <Mercato>MGP</Mercato>
    <Ora>1</Ora>
    <Italia>32941,537</Italia>
    <CNOR>3362,692</CNOR>
    <CSUD>5207,952</CSUD>
    <NORD>17525,628</NORD>
    <SARD>1084,949</SARD>
    <SICI>2203,469</SICI>
    <SUD>3556,847</SUD>
  </Fabbisogno>
  <Fabbisogno>
    <Data>20150730</Data>
    <Mercato>MGP</Mercato>
    <Ora>2</Ora>
    <Italia>31036,369</Italia>
    <CNOR>3230,35</CNOR>
    <CSUD>4863,161</CSUD>
    <NORD>16656,832</NORD>
    <SARD>1043,342</SARD>
    <SICI>1887,434</SICI>
    <SUD>3355,25</SUD>
  </Fabbisogno>
  <Fabbisogno>
    <Data>20150730</Data>
    <Mercato>MGP</Mercato>
    <Ora>3</Ora>
    <Italia>30095,739</Italia>
    <CNOR>3123,378</CNOR>
    <CSUD>4624,61</CSUD>
    <NORD>16172,139</NORD>
    <SARD>1008,297</SARD>
    <SICI>1900,375</SICI>
    <SUD>3266,94</SUD>
  </Fabbisogno>
  <Fabbisogno>
    <Data>20150730</Data>
    <Mercato>MGP</Mercato>
    <Ora>4</Ora>
    <Italia>29457,919</Italia>
    <CNOR>3064,134</CNOR>
    <CSUD>4573,955</CSUD>
    <NORD>15769,762</NORD>
    <SARD>988,729</SARD>
    <SICI>1833,777</SICI>
    <SUD>3227,562</SUD>
  </Fabbisogno>
  <Fabbisogno>
    <Data>20150730</Data>
    <Mercato>MGP</Mercato>
    <Ora>5</Ora>
    <Italia>28948,179</Italia>
    <CNOR>3059,976</CNOR>
    <CSUD>4512,714</CSUD>
    <NORD>15361,198</NORD>
    <SARD>981,306</SARD>
    <SICI>1809,746</SICI>
    <SUD>3223,239</SUD>
  </Fabbisogno>
  <Fabbisogno>
    <Data>20150730</Data>
    <Mercato>MGP</Mercato>
    <Ora>6</Ora>
    <Italia>29758,507</Italia>
    <CNOR>3105,398</CNOR>
    <CSUD>4606,053</CSUD>
    <NORD>15989,282</NORD>
    <SARD>997,399</SARD>
    <SICI>1820,109</SICI>
    <SUD>3240,266</SUD>
  </Fabbisogno>
  <Fabbisogno>
    <Data>20150730</Data>
    <Mercato>MGP</Mercato>
    <Ora>7</Ora>
    <Italia>31708,062</Italia>
    <CNOR>3261,581</CNOR>
    <CSUD>4757,436</CSUD>
    <NORD>17616,229</NORD>
    <SARD>998,111</SARD>
    <SICI>1845,692</SICI>
    <SUD>3229,013</SUD>
  </Fabbisogno>
  <Fabbisogno>
    <Data>20150730</Data>
    <Mercato>MGP</Mercato>
    <Ora>8</Ora>
    <Italia>36396,743</Italia>
    <CNOR>3330,674</CNOR>
    <CSUD>4812,688</CSUD>
    <NORD>21625,652</NORD>
    <SARD>1053,38</SARD>
    <SICI>1965,61</SICI>
    <SUD>3608,739</SUD>
  </Fabbisogno>
  <Fabbisogno>
    <Data>20150730</Data>
    <Mercato>MGP</Mercato>
    <Ora>9</Ora>
    <Italia>41331,314</Italia>
    <CNOR>3907,774</CNOR>
    <CSUD>5538,797</CSUD>
    <NORD>24401,164</NORD>
    <SARD>1187,537</SARD>
    <SICI>2249,544</SICI>
    <SUD>4046,498</SUD>
  </Fabbisogno>
  <Fabbisogno>
    <Data>20150730</Data>
    <Mercato>MGP</Mercato>
    <Ora>10</Ora>
    <Italia>43258,204</Italia>
    <CNOR>4061,206</CNOR>
    <CSUD>5943,108</CSUD>
    <NORD>25394,838</NORD>
    <SARD>1237,5</SARD>
    <SICI>2401,28</SICI>
    <SUD>4220,272</SUD>
  </Fabbisogno>
  <Fabbisogno>
    <Data>20150730</Data>
    <Mercato>MGP</Mercato>
    <Ora>11</Ora>
    <Italia>43393,966</Italia>
    <CNOR>4089,213</CNOR>
    <CSUD>6046,319</CSUD>
    <NORD>25409,867</NORD>
    <SARD>1197,387</SARD>
    <SICI>2412,197</SICI>
    <SUD>4238,983</SUD>
  </Fabbisogno>
  <Fabbisogno>
    <Data>20150730</Data>
    <Mercato>MGP</Mercato>
    <Ora>12</Ora>
    <Italia>44418,886</Italia>
    <CNOR>4173,17</CNOR>
    <CSUD>6795,69</CSUD>
    <NORD>25313,87</NORD>
    <SARD>1288,168</SARD>
    <SICI>2418,316</SICI>
    <SUD>4429,672</SUD>
  </Fabbisogno>
  <Fabbisogno>
    <Data>20150730</Data>
    <Mercato>MGP</Mercato>
    <Ora>13</Ora>
    <Italia>42460,882</Italia>
    <CNOR>3980,89</CNOR>
    <CSUD>6301,414</CSUD>
    <NORD>24177,356</NORD>
    <SARD>1235,815</SARD>
    <SICI>2406,773</SICI>
    <SUD>4358,634</SUD>
  </Fabbisogno>
  <Fabbisogno>
    <Data>20150730</Data>
    <Mercato>MGP</Mercato>
    <Ora>14</Ora>
    <Italia>42297,907</Italia>
    <CNOR>3786,798</CNOR>
    <CSUD>6134,741</CSUD>
    <NORD>24452,543</NORD>
    <SARD>1171,506</SARD>
    <SICI>2323,823</SICI>
    <SUD>4428,496</SUD>
  </Fabbisogno>
  <Fabbisogno>
    <Data>20150730</Data>
    <Mercato>MGP</Mercato>
    <Ora>15</Ora>
    <Italia>43255,864</Italia>
    <CNOR>3967,46</CNOR>
    <CSUD>6150,476</CSUD>
    <NORD>25318,211</NORD>
    <SARD>1156,317</SARD>
    <SICI>2312,467</SICI>
    <SUD>4350,933</SUD>
  </Fabbisogno>
  <Fabbisogno>
    <Data>20150730</Data>
    <Mercato>MGP</Mercato>
    <Ora>16</Ora>
    <Italia>43271,811</Italia>
    <CNOR>3994,288</CNOR>
    <CSUD>6106,648</CSUD>
    <NORD>25615,684</NORD>
    <SARD>1123,496</SARD>
    <SICI>2272,487</SICI>
    <SUD>4159,208</SUD>
  </Fabbisogno>
  <Fabbisogno>
    <Data>20150730</Data>
    <Mercato>MGP</Mercato>
    <Ora>17</Ora>
    <Italia>43284,435</Italia>
    <CNOR>4041,683</CNOR>
    <CSUD>6245,07</CSUD>
    <NORD>25203,673</NORD>
    <SARD>1157,952</SARD>
    <SICI>2374,904</SICI>
    <SUD>4261,153</SUD>
  </Fabbisogno>
  <Fabbisogno>
    <Data>20150730</Data>
    <Mercato>MGP</Mercato>
    <Ora>18</Ora>
    <Italia>43438,402</Italia>
    <CNOR>4100,805</CNOR>
    <CSUD>6585,163</CSUD>
    <NORD>24605,898</NORD>
    <SARD>1210,959</SARD>
    <SICI>2541,111</SICI>
    <SUD>4394,466</SUD>
  </Fabbisogno>
  <Fabbisogno>
    <Data>20150730</Data>
    <Mercato>MGP</Mercato>
    <Ora>19</Ora>
    <Italia>42403,994</Italia>
    <CNOR>4026,233</CNOR>
    <CSUD>6503,166</CSUD>
    <NORD>23615,622</NORD>
    <SARD>1270,189</SARD>
    <SICI>2542,296</SICI>
    <SUD>4446,488</SUD>
  </Fabbisogno>
  <Fabbisogno>
    <Data>20150730</Data>
    <Mercato>MGP</Mercato>
    <Ora>20</Ora>
    <Italia>41156,823</Italia>
    <CNOR>3967,686</CNOR>
    <CSUD>6387,141</CSUD>
    <NORD>22632,712</NORD>
    <SARD>1278,598</SARD>
    <SICI>2481,575</SICI>
    <SUD>4409,111</SUD>
  </Fabbisogno>
  <Fabbisogno>
    <Data>20150730</Data>
    <Mercato>MGP</Mercato>
    <Ora>21</Ora>
    <Italia>39994,025</Italia>
    <CNOR>3966,48</CNOR>
    <CSUD>6400,025</CSUD>
    <NORD>21190,366</NORD>
    <SARD>1310,941</SARD>
    <SICI>2550,269</SICI>
    <SUD>4575,944</SUD>
  </Fabbisogno>
  <Fabbisogno>
    <Data>20150730</Data>
    <Mercato>MGP</Mercato>
    <Ora>22</Ora>
    <Italia>40702,582</Italia>
    <CNOR>4038,679</CNOR>
    <CSUD>6484,845</CSUD>
    <NORD>21928,934</NORD>
    <SARD>1308,802</SARD>
    <SICI>2518,479</SICI>
    <SUD>4422,843</SUD>
  </Fabbisogno>
  <Fabbisogno>
    <Data>20150730</Data>
    <Mercato>MGP</Mercato>
    <Ora>23</Ora>
    <Italia>37740,495</Italia>
    <CNOR>3715,87</CNOR>
    <CSUD>5958,053</CSUD>
    <NORD>20388,992</NORD>
    <SARD>1218,014</SARD>
    <SICI>2352,143</SICI>
    <SUD>4107,423</SUD>
  </Fabbisogno>
  <Fabbisogno>
    <Data>20150730</Data>
    <Mercato>MGP</Mercato>
    <Ora>24</Ora>
    <Italia>35049,254</Italia>
    <CNOR>3431,67</CNOR>
    <CSUD>5484,613</CSUD>
    <NORD>18918,99</NORD>
    <SARD>1160,01</SARD>
    <SICI>2222,336</SICI>
    <SUD>3831,635</SUD>
  </Fabbisogno>
</NewDataSet>