<?xml version="1.0" standalone="yes"?>
<NewDataSet>
  <xs:schema id="NewDataSet" xmlns="" xmlns:xs="http://www.w3.org/2001/XMLSchema" xmlns:msdata="urn:schemas-microsoft-com:xml-msdata">
    <xs:element name="NewDataSet" msdata:IsDataSet="true" msdata:UseCurrentLocale="true">
      <xs:complexType>
        <xs:choice minOccurs="0" maxOccurs="unbounded">
          <xs:element name="Fabbisogno">
            <xs:complexType>
              <xs:sequence>
                <xs:element name="Data" type="xs:string" minOccurs="0" />
                <xs:element name="Mercato" type="xs:string" minOccurs="0" />
                <xs:element name="Ora" type="xs:string" minOccurs="0" />
                <xs:element name="Italia" type="xs:string" minOccurs="0" />
                <xs:element name="CNOR" type="xs:string" minOccurs="0" />
                <xs:element name="CSUD" type="xs:string" minOccurs="0" />
                <xs:element name="NORD" type="xs:string" minOccurs="0" />
                <xs:element name="SARD" type="xs:string" minOccurs="0" />
                <xs:element name="SICI" type="xs:string" minOccurs="0" />
                <xs:element name="SUD" type="xs:string" minOccurs="0" />
              </xs:sequence>
            </xs:complexType>
          </xs:element>
        </xs:choice>
      </xs:complexType>
    </xs:element>
  </xs:schema>
  <Fabbisogno>
    <Data>20150727</Data>
    <Mercato>MGP</Mercato>
    <Ora>1</Ora>
    <Italia>28843,199</Italia>
    <CNOR>2931,973</CNOR>
    <CSUD>4934,965</CSUD>
    <NORD>14613,424</NORD>
    <SARD>1027,591</SARD>
    <SICI>1924,151</SICI>
    <SUD>3411,095</SUD>
  </Fabbisogno>
  <Fabbisogno>
    <Data>20150727</Data>
    <Mercato>MGP</Mercato>
    <Ora>2</Ora>
    <Italia>27082,199</Italia>
    <CNOR>2741,498</CNOR>
    <CSUD>4555,419</CSUD>
    <NORD>13850,773</NORD>
    <SARD>968,26</SARD>
    <SICI>1773,629</SICI>
    <SUD>3192,62</SUD>
  </Fabbisogno>
  <Fabbisogno>
    <Data>20150727</Data>
    <Mercato>MGP</Mercato>
    <Ora>3</Ora>
    <Italia>26081,451</Italia>
    <CNOR>2649,6</CNOR>
    <CSUD>4311,363</CSUD>
    <NORD>13456,558</NORD>
    <SARD>924,601</SARD>
    <SICI>1684,404</SICI>
    <SUD>3054,925</SUD>
  </Fabbisogno>
  <Fabbisogno>
    <Data>20150727</Data>
    <Mercato>MGP</Mercato>
    <Ora>4</Ora>
    <Italia>25684,992</Italia>
    <CNOR>2571,404</CNOR>
    <CSUD>4208,021</CSUD>
    <NORD>13323,471</NORD>
    <SARD>921,177</SARD>
    <SICI>1647,033</SICI>
    <SUD>3013,886</SUD>
  </Fabbisogno>
  <Fabbisogno>
    <Data>20150727</Data>
    <Mercato>MGP</Mercato>
    <Ora>5</Ora>
    <Italia>26008,727</Italia>
    <CNOR>2617,92</CNOR>
    <CSUD>4199,626</CSUD>
    <NORD>13650,585</NORD>
    <SARD>918,412</SARD>
    <SICI>1633,876</SICI>
    <SUD>2988,308</SUD>
  </Fabbisogno>
  <Fabbisogno>
    <Data>20150727</Data>
    <Mercato>MGP</Mercato>
    <Ora>6</Ora>
    <Italia>27161,665</Italia>
    <CNOR>2735,547</CNOR>
    <CSUD>4309,499</CSUD>
    <NORD>14542,344</NORD>
    <SARD>929,444</SARD>
    <SICI>1660,745</SICI>
    <SUD>2984,086</SUD>
  </Fabbisogno>
  <Fabbisogno>
    <Data>20150727</Data>
    <Mercato>MGP</Mercato>
    <Ora>7</Ora>
    <Italia>30263,574</Italia>
    <CNOR>3066,522</CNOR>
    <CSUD>4668,531</CSUD>
    <NORD>16859,347</NORD>
    <SARD>946,068</SARD>
    <SICI>1625,981</SICI>
    <SUD>3097,125</SUD>
  </Fabbisogno>
  <Fabbisogno>
    <Data>20150727</Data>
    <Mercato>MGP</Mercato>
    <Ora>8</Ora>
    <Italia>34167,052</Italia>
    <CNOR>3184,765</CNOR>
    <CSUD>4781,53</CSUD>
    <NORD>20220,645</NORD>
    <SARD>1010,76</SARD>
    <SICI>1658,013</SICI>
    <SUD>3311,339</SUD>
  </Fabbisogno>
  <Fabbisogno>
    <Data>20150727</Data>
    <Mercato>MGP</Mercato>
    <Ora>9</Ora>
    <Italia>39903,188</Italia>
    <CNOR>3830,851</CNOR>
    <CSUD>5511,875</CSUD>
    <NORD>23714,252</NORD>
    <SARD>1151,464</SARD>
    <SICI>1954,121</SICI>
    <SUD>3740,625</SUD>
  </Fabbisogno>
  <Fabbisogno>
    <Data>20150727</Data>
    <Mercato>MGP</Mercato>
    <Ora>10</Ora>
    <Italia>43106,382</Italia>
    <CNOR>4175,45</CNOR>
    <CSUD>6407,371</CSUD>
    <NORD>25015,002</NORD>
    <SARD>1211,164</SARD>
    <SICI>2231,94</SICI>
    <SUD>4065,455</SUD>
  </Fabbisogno>
  <Fabbisogno>
    <Data>20150727</Data>
    <Mercato>MGP</Mercato>
    <Ora>11</Ora>
    <Italia>42631,758</Italia>
    <CNOR>4024,144</CNOR>
    <CSUD>6095,394</CSUD>
    <NORD>25275,94</NORD>
    <SARD>1162,91</SARD>
    <SICI>2113,223</SICI>
    <SUD>3960,147</SUD>
  </Fabbisogno>
  <Fabbisogno>
    <Data>20150727</Data>
    <Mercato>MGP</Mercato>
    <Ora>12</Ora>
    <Italia>43921,258</Italia>
    <CNOR>4242,921</CNOR>
    <CSUD>6693,986</CSUD>
    <NORD>25385,945</NORD>
    <SARD>1188,935</SARD>
    <SICI>2253,743</SICI>
    <SUD>4155,728</SUD>
  </Fabbisogno>
  <Fabbisogno>
    <Data>20150727</Data>
    <Mercato>MGP</Mercato>
    <Ora>13</Ora>
    <Italia>41502,493</Italia>
    <CNOR>3824,76</CNOR>
    <CSUD>6259,169</CSUD>
    <NORD>24000,596</NORD>
    <SARD>1173,459</SARD>
    <SICI>2109,585</SICI>
    <SUD>4134,924</SUD>
  </Fabbisogno>
  <Fabbisogno>
    <Data>20150727</Data>
    <Mercato>MGP</Mercato>
    <Ora>14</Ora>
    <Italia>41371,383</Italia>
    <CNOR>3691,378</CNOR>
    <CSUD>6086,547</CSUD>
    <NORD>24406,293</NORD>
    <SARD>1126,807</SARD>
    <SICI>2062,436</SICI>
    <SUD>3997,922</SUD>
  </Fabbisogno>
  <Fabbisogno>
    <Data>20150727</Data>
    <Mercato>MGP</Mercato>
    <Ora>15</Ora>
    <Italia>43325,268</Italia>
    <CNOR>4093,243</CNOR>
    <CSUD>6578,914</CSUD>
    <NORD>25345,771</NORD>
    <SARD>1141,153</SARD>
    <SICI>2193,177</SICI>
    <SUD>3973,01</SUD>
  </Fabbisogno>
  <Fabbisogno>
    <Data>20150727</Data>
    <Mercato>MGP</Mercato>
    <Ora>16</Ora>
    <Italia>42931,96</Italia>
    <CNOR>3992,134</CNOR>
    <CSUD>6178,907</CSUD>
    <NORD>25709,233</NORD>
    <SARD>1105,238</SARD>
    <SICI>2072,561</SICI>
    <SUD>3873,887</SUD>
  </Fabbisogno>
  <Fabbisogno>
    <Data>20150727</Data>
    <Mercato>MGP</Mercato>
    <Ora>17</Ora>
    <Italia>43297,56</Italia>
    <CNOR>4129,587</CNOR>
    <CSUD>6305,304</CSUD>
    <NORD>25628,53</NORD>
    <SARD>1124,057</SARD>
    <SICI>2167,354</SICI>
    <SUD>3942,728</SUD>
  </Fabbisogno>
  <Fabbisogno>
    <Data>20150727</Data>
    <Mercato>MGP</Mercato>
    <Ora>18</Ora>
    <Italia>43086,198</Italia>
    <CNOR>4105,815</CNOR>
    <CSUD>6306,247</CSUD>
    <NORD>25139,49</NORD>
    <SARD>1176</SARD>
    <SICI>2251,254</SICI>
    <SUD>4107,392</SUD>
  </Fabbisogno>
  <Fabbisogno>
    <Data>20150727</Data>
    <Mercato>MGP</Mercato>
    <Ora>19</Ora>
    <Italia>42206,902</Italia>
    <CNOR>4067,662</CNOR>
    <CSUD>6288,592</CSUD>
    <NORD>24189,355</NORD>
    <SARD>1218,585</SARD>
    <SICI>2201,389</SICI>
    <SUD>4241,319</SUD>
  </Fabbisogno>
  <Fabbisogno>
    <Data>20150727</Data>
    <Mercato>MGP</Mercato>
    <Ora>20</Ora>
    <Italia>40933,673</Italia>
    <CNOR>4028,226</CNOR>
    <CSUD>6312,055</CSUD>
    <NORD>22867,912</NORD>
    <SARD>1233,157</SARD>
    <SICI>2231,251</SICI>
    <SUD>4261,072</SUD>
  </Fabbisogno>
  <Fabbisogno>
    <Data>20150727</Data>
    <Mercato>MGP</Mercato>
    <Ora>21</Ora>
    <Italia>40005,328</Italia>
    <CNOR>3907,337</CNOR>
    <CSUD>6413,221</CSUD>
    <NORD>21585,011</NORD>
    <SARD>1267,159</SARD>
    <SICI>2316,731</SICI>
    <SUD>4515,869</SUD>
  </Fabbisogno>
  <Fabbisogno>
    <Data>20150727</Data>
    <Mercato>MGP</Mercato>
    <Ora>22</Ora>
    <Italia>40957,587</Italia>
    <CNOR>4167,462</CNOR>
    <CSUD>6776,669</CSUD>
    <NORD>21962,381</NORD>
    <SARD>1315,409</SARD>
    <SICI>2296,053</SICI>
    <SUD>4439,613</SUD>
  </Fabbisogno>
  <Fabbisogno>
    <Data>20150727</Data>
    <Mercato>MGP</Mercato>
    <Ora>23</Ora>
    <Italia>37985,038</Italia>
    <CNOR>3886,301</CNOR>
    <CSUD>6252,32</CSUD>
    <NORD>20327,912</NORD>
    <SARD>1230,674</SARD>
    <SICI>2156,18</SICI>
    <SUD>4131,651</SUD>
  </Fabbisogno>
  <Fabbisogno>
    <Data>20150727</Data>
    <Mercato>MGP</Mercato>
    <Ora>24</Ora>
    <Italia>34759,303</Italia>
    <CNOR>3461,562</CNOR>
    <CSUD>5703,94</CSUD>
    <NORD>18653,363</NORD>
    <SARD>1126,209</SARD>
    <SICI>2002,438</SICI>
    <SUD>3811,791</SUD>
  </Fabbisogno>
</NewDataSet>