<?xml version="1.0" standalone="yes"?>
<NewDataSet>
  <xs:schema id="NewDataSet" xmlns="" xmlns:xs="http://www.w3.org/2001/XMLSchema" xmlns:msdata="urn:schemas-microsoft-com:xml-msdata">
    <xs:element name="NewDataSet" msdata:IsDataSet="true" msdata:UseCurrentLocale="true">
      <xs:complexType>
        <xs:choice minOccurs="0" maxOccurs="unbounded">
          <xs:element name="Fabbisogno">
            <xs:complexType>
              <xs:sequence>
                <xs:element name="Data" type="xs:string" minOccurs="0" />
                <xs:element name="Mercato" type="xs:string" minOccurs="0" />
                <xs:element name="Ora" type="xs:string" minOccurs="0" />
                <xs:element name="Italia" type="xs:string" minOccurs="0" />
                <xs:element name="CNOR" type="xs:string" minOccurs="0" />
                <xs:element name="CSUD" type="xs:string" minOccurs="0" />
                <xs:element name="NORD" type="xs:string" minOccurs="0" />
                <xs:element name="SARD" type="xs:string" minOccurs="0" />
                <xs:element name="SICI" type="xs:string" minOccurs="0" />
                <xs:element name="SUD" type="xs:string" minOccurs="0" />
              </xs:sequence>
            </xs:complexType>
          </xs:element>
        </xs:choice>
      </xs:complexType>
    </xs:element>
  </xs:schema>
  <Fabbisogno>
    <Data>20150717</Data>
    <Mercato>MGP</Mercato>
    <Ora>1</Ora>
    <Italia>35893,52</Italia>
    <CNOR>3248,81</CNOR>
    <CSUD>5322,367</CSUD>
    <NORD>20258,282</NORD>
    <SARD>1078,616</SARD>
    <SICI>2045,433</SICI>
    <SUD>3940,012</SUD>
  </Fabbisogno>
  <Fabbisogno>
    <Data>20150717</Data>
    <Mercato>MGP</Mercato>
    <Ora>2</Ora>
    <Italia>33835,678</Italia>
    <CNOR>3040,319</CNOR>
    <CSUD>4972,422</CSUD>
    <NORD>19135,685</NORD>
    <SARD>1018,884</SARD>
    <SICI>1905,878</SICI>
    <SUD>3762,49</SUD>
  </Fabbisogno>
  <Fabbisogno>
    <Data>20150717</Data>
    <Mercato>MGP</Mercato>
    <Ora>3</Ora>
    <Italia>32353,505</Italia>
    <CNOR>3035,424</CNOR>
    <CSUD>4938,237</CSUD>
    <NORD>17963,305</NORD>
    <SARD>978,149</SARD>
    <SICI>1802,056</SICI>
    <SUD>3636,334</SUD>
  </Fabbisogno>
  <Fabbisogno>
    <Data>20150717</Data>
    <Mercato>MGP</Mercato>
    <Ora>4</Ora>
    <Italia>31803,758</Italia>
    <CNOR>2992,074</CNOR>
    <CSUD>4818,611</CSUD>
    <NORD>17530,291</NORD>
    <SARD>999,979</SARD>
    <SICI>1734,566</SICI>
    <SUD>3728,237</SUD>
  </Fabbisogno>
  <Fabbisogno>
    <Data>20150717</Data>
    <Mercato>MGP</Mercato>
    <Ora>5</Ora>
    <Italia>31824,565</Italia>
    <CNOR>2980,435</CNOR>
    <CSUD>4818,853</CSUD>
    <NORD>17658,398</NORD>
    <SARD>975,05</SARD>
    <SICI>1712,963</SICI>
    <SUD>3678,866</SUD>
  </Fabbisogno>
  <Fabbisogno>
    <Data>20150717</Data>
    <Mercato>MGP</Mercato>
    <Ora>6</Ora>
    <Italia>32686,773</Italia>
    <CNOR>2995,484</CNOR>
    <CSUD>4811,824</CSUD>
    <NORD>18529,681</NORD>
    <SARD>995,438</SARD>
    <SICI>1745,787</SICI>
    <SUD>3608,559</SUD>
  </Fabbisogno>
  <Fabbisogno>
    <Data>20150717</Data>
    <Mercato>MGP</Mercato>
    <Ora>7</Ora>
    <Italia>34364,786</Italia>
    <CNOR>3085,683</CNOR>
    <CSUD>4779,432</CSUD>
    <NORD>20137,686</NORD>
    <SARD>985,853</SARD>
    <SICI>1810,016</SICI>
    <SUD>3566,116</SUD>
  </Fabbisogno>
  <Fabbisogno>
    <Data>20150717</Data>
    <Mercato>MGP</Mercato>
    <Ora>8</Ora>
    <Italia>39147,762</Italia>
    <CNOR>3200,627</CNOR>
    <CSUD>4936,062</CSUD>
    <NORD>24163,03</NORD>
    <SARD>1028,713</SARD>
    <SICI>2037,24</SICI>
    <SUD>3782,09</SUD>
  </Fabbisogno>
  <Fabbisogno>
    <Data>20150717</Data>
    <Mercato>MGP</Mercato>
    <Ora>9</Ora>
    <Italia>44019,568</Italia>
    <CNOR>3738,808</CNOR>
    <CSUD>5622,102</CSUD>
    <NORD>26998,973</NORD>
    <SARD>1143,76</SARD>
    <SICI>2326,525</SICI>
    <SUD>4189,4</SUD>
  </Fabbisogno>
  <Fabbisogno>
    <Data>20150717</Data>
    <Mercato>MGP</Mercato>
    <Ora>10</Ora>
    <Italia>46271,918</Italia>
    <CNOR>3885,237</CNOR>
    <CSUD>6072,006</CSUD>
    <NORD>28315,664</NORD>
    <SARD>1181,173</SARD>
    <SICI>2449,895</SICI>
    <SUD>4367,943</SUD>
  </Fabbisogno>
  <Fabbisogno>
    <Data>20150717</Data>
    <Mercato>MGP</Mercato>
    <Ora>11</Ora>
    <Italia>47351,308</Italia>
    <CNOR>3967,14</CNOR>
    <CSUD>6301,761</CSUD>
    <NORD>29011,216</NORD>
    <SARD>1175,913</SARD>
    <SICI>2461,201</SICI>
    <SUD>4434,077</SUD>
  </Fabbisogno>
  <Fabbisogno>
    <Data>20150717</Data>
    <Mercato>MGP</Mercato>
    <Ora>12</Ora>
    <Italia>47861,443</Italia>
    <CNOR>4096,045</CNOR>
    <CSUD>6457,277</CSUD>
    <NORD>29141,172</NORD>
    <SARD>1191,416</SARD>
    <SICI>2434,117</SICI>
    <SUD>4541,416</SUD>
  </Fabbisogno>
  <Fabbisogno>
    <Data>20150717</Data>
    <Mercato>MGP</Mercato>
    <Ora>13</Ora>
    <Italia>46871,088</Italia>
    <CNOR>3911,94</CNOR>
    <CSUD>6665,662</CSUD>
    <NORD>28037,928</NORD>
    <SARD>1196,761</SARD>
    <SICI>2453,243</SICI>
    <SUD>4605,554</SUD>
  </Fabbisogno>
  <Fabbisogno>
    <Data>20150717</Data>
    <Mercato>MGP</Mercato>
    <Ora>14</Ora>
    <Italia>46266,08</Italia>
    <CNOR>3784,137</CNOR>
    <CSUD>6517,492</CSUD>
    <NORD>27953,397</NORD>
    <SARD>1163,406</SARD>
    <SICI>2365,784</SICI>
    <SUD>4481,864</SUD>
  </Fabbisogno>
  <Fabbisogno>
    <Data>20150717</Data>
    <Mercato>MGP</Mercato>
    <Ora>15</Ora>
    <Italia>47428,752</Italia>
    <CNOR>3897,688</CNOR>
    <CSUD>6999,16</CSUD>
    <NORD>28537,002</NORD>
    <SARD>1164,985</SARD>
    <SICI>2313,028</SICI>
    <SUD>4516,889</SUD>
  </Fabbisogno>
  <Fabbisogno>
    <Data>20150717</Data>
    <Mercato>MGP</Mercato>
    <Ora>16</Ora>
    <Italia>46992,945</Italia>
    <CNOR>3941,368</CNOR>
    <CSUD>6581,77</CSUD>
    <NORD>28563,595</NORD>
    <SARD>1132,929</SARD>
    <SICI>2324,027</SICI>
    <SUD>4449,256</SUD>
  </Fabbisogno>
  <Fabbisogno>
    <Data>20150717</Data>
    <Mercato>MGP</Mercato>
    <Ora>17</Ora>
    <Italia>46984,504</Italia>
    <CNOR>3985,594</CNOR>
    <CSUD>6520,106</CSUD>
    <NORD>28462,028</NORD>
    <SARD>1128,758</SARD>
    <SICI>2435,736</SICI>
    <SUD>4452,282</SUD>
  </Fabbisogno>
  <Fabbisogno>
    <Data>20150717</Data>
    <Mercato>MGP</Mercato>
    <Ora>18</Ora>
    <Italia>46631,562</Italia>
    <CNOR>3909,893</CNOR>
    <CSUD>6550,433</CSUD>
    <NORD>27920,146</NORD>
    <SARD>1171,225</SARD>
    <SICI>2496,068</SICI>
    <SUD>4583,797</SUD>
  </Fabbisogno>
  <Fabbisogno>
    <Data>20150717</Data>
    <Mercato>MGP</Mercato>
    <Ora>19</Ora>
    <Italia>45743,518</Italia>
    <CNOR>3910,487</CNOR>
    <CSUD>6499,609</CSUD>
    <NORD>26946,514</NORD>
    <SARD>1209,543</SARD>
    <SICI>2480,633</SICI>
    <SUD>4696,732</SUD>
  </Fabbisogno>
  <Fabbisogno>
    <Data>20150717</Data>
    <Mercato>MGP</Mercato>
    <Ora>20</Ora>
    <Italia>45312,212</Italia>
    <CNOR>4159,727</CNOR>
    <CSUD>6982,977</CSUD>
    <NORD>25562,634</NORD>
    <SARD>1281,901</SARD>
    <SICI>2463,148</SICI>
    <SUD>4861,825</SUD>
  </Fabbisogno>
  <Fabbisogno>
    <Data>20150717</Data>
    <Mercato>MGP</Mercato>
    <Ora>21</Ora>
    <Italia>44217,615</Italia>
    <CNOR>4048,816</CNOR>
    <CSUD>6921,221</CSUD>
    <NORD>24361,105</NORD>
    <SARD>1318,852</SARD>
    <SICI>2588,824</SICI>
    <SUD>4978,797</SUD>
  </Fabbisogno>
  <Fabbisogno>
    <Data>20150717</Data>
    <Mercato>MGP</Mercato>
    <Ora>22</Ora>
    <Italia>44268,336</Italia>
    <CNOR>4181,543</CNOR>
    <CSUD>6916,17000000001</CSUD>
    <NORD>24333,79</NORD>
    <SARD>1323,482</SARD>
    <SICI>2523,842</SICI>
    <SUD>4989,509</SUD>
  </Fabbisogno>
  <Fabbisogno>
    <Data>20150717</Data>
    <Mercato>MGP</Mercato>
    <Ora>23</Ora>
    <Italia>41563,754</Italia>
    <CNOR>3932,693</CNOR>
    <CSUD>6480,359</CSUD>
    <NORD>22899,863</NORD>
    <SARD>1250,739</SARD>
    <SICI>2355,845</SICI>
    <SUD>4644,255</SUD>
  </Fabbisogno>
  <Fabbisogno>
    <Data>20150717</Data>
    <Mercato>MGP</Mercato>
    <Ora>24</Ora>
    <Italia>38623,066</Italia>
    <CNOR>3587,694</CNOR>
    <CSUD>5929,465</CSUD>
    <NORD>21370,743</NORD>
    <SARD>1168,36</SARD>
    <SICI>2272,415</SICI>
    <SUD>4294,389</SUD>
  </Fabbisogno>
</NewDataSet>