<?xml version="1.0" standalone="yes"?>
<NewDataSet>
  <xs:schema id="NewDataSet" xmlns="" xmlns:xs="http://www.w3.org/2001/XMLSchema" xmlns:msdata="urn:schemas-microsoft-com:xml-msdata">
    <xs:element name="NewDataSet" msdata:IsDataSet="true" msdata:UseCurrentLocale="true">
      <xs:complexType>
        <xs:choice minOccurs="0" maxOccurs="unbounded">
          <xs:element name="Fabbisogno">
            <xs:complexType>
              <xs:sequence>
                <xs:element name="Data" type="xs:string" minOccurs="0" />
                <xs:element name="Mercato" type="xs:string" minOccurs="0" />
                <xs:element name="Ora" type="xs:string" minOccurs="0" />
                <xs:element name="Italia" type="xs:string" minOccurs="0" />
                <xs:element name="CNOR" type="xs:string" minOccurs="0" />
                <xs:element name="CSUD" type="xs:string" minOccurs="0" />
                <xs:element name="NORD" type="xs:string" minOccurs="0" />
                <xs:element name="SARD" type="xs:string" minOccurs="0" />
                <xs:element name="SICI" type="xs:string" minOccurs="0" />
                <xs:element name="SUD" type="xs:string" minOccurs="0" />
              </xs:sequence>
            </xs:complexType>
          </xs:element>
        </xs:choice>
      </xs:complexType>
    </xs:element>
  </xs:schema>
  <Fabbisogno>
    <Data>20150714</Data>
    <Mercato>MGP</Mercato>
    <Ora>1</Ora>
    <Italia>33166,91</Italia>
    <CNOR>3399,238</CNOR>
    <CSUD>5482,345</CSUD>
    <NORD>17700,842</NORD>
    <SARD>1126,348</SARD>
    <SICI>1762,88</SICI>
    <SUD>3695,257</SUD>
  </Fabbisogno>
  <Fabbisogno>
    <Data>20150714</Data>
    <Mercato>MGP</Mercato>
    <Ora>2</Ora>
    <Italia>31543,761</Italia>
    <CNOR>3242,021</CNOR>
    <CSUD>5136,536</CSUD>
    <NORD>16990,296</NORD>
    <SARD>1067,308</SARD>
    <SICI>1613,619</SICI>
    <SUD>3493,981</SUD>
  </Fabbisogno>
  <Fabbisogno>
    <Data>20150714</Data>
    <Mercato>MGP</Mercato>
    <Ora>3</Ora>
    <Italia>30105,677</Italia>
    <CNOR>3139,741</CNOR>
    <CSUD>4984,429</CSUD>
    <NORD>15949,948</NORD>
    <SARD>1028,917</SARD>
    <SICI>1520,689</SICI>
    <SUD>3481,953</SUD>
  </Fabbisogno>
  <Fabbisogno>
    <Data>20150714</Data>
    <Mercato>MGP</Mercato>
    <Ora>4</Ora>
    <Italia>29536,622</Italia>
    <CNOR>3081,654</CNOR>
    <CSUD>4862,514</CSUD>
    <NORD>15642,066</NORD>
    <SARD>1026,286</SARD>
    <SICI>1477,818</SICI>
    <SUD>3446,284</SUD>
  </Fabbisogno>
  <Fabbisogno>
    <Data>20150714</Data>
    <Mercato>MGP</Mercato>
    <Ora>5</Ora>
    <Italia>29527,172</Italia>
    <CNOR>3072,348</CNOR>
    <CSUD>4798,231</CSUD>
    <NORD>15854,541</NORD>
    <SARD>1000,51</SARD>
    <SICI>1462,647</SICI>
    <SUD>3338,895</SUD>
  </Fabbisogno>
  <Fabbisogno>
    <Data>20150714</Data>
    <Mercato>MGP</Mercato>
    <Ora>6</Ora>
    <Italia>30548,731</Italia>
    <CNOR>3106,074</CNOR>
    <CSUD>4814,934</CSUD>
    <NORD>16846,249</NORD>
    <SARD>1013,138</SARD>
    <SICI>1496,41</SICI>
    <SUD>3271,926</SUD>
  </Fabbisogno>
  <Fabbisogno>
    <Data>20150714</Data>
    <Mercato>MGP</Mercato>
    <Ora>7</Ora>
    <Italia>32742,795</Italia>
    <CNOR>3290,165</CNOR>
    <CSUD>4879,478</CSUD>
    <NORD>18935,66</NORD>
    <SARD>1007,955</SARD>
    <SICI>1514,559</SICI>
    <SUD>3114,978</SUD>
  </Fabbisogno>
  <Fabbisogno>
    <Data>20150714</Data>
    <Mercato>MGP</Mercato>
    <Ora>8</Ora>
    <Italia>37315,802</Italia>
    <CNOR>3293,596</CNOR>
    <CSUD>4969,636</CSUD>
    <NORD>22581,447</NORD>
    <SARD>1058,953</SARD>
    <SICI>1700,876</SICI>
    <SUD>3711,294</SUD>
  </Fabbisogno>
  <Fabbisogno>
    <Data>20150714</Data>
    <Mercato>MGP</Mercato>
    <Ora>9</Ora>
    <Italia>42297,031</Italia>
    <CNOR>3825,693</CNOR>
    <CSUD>5548,371</CSUD>
    <NORD>25793,276</NORD>
    <SARD>1145,703</SARD>
    <SICI>1978,305</SICI>
    <SUD>4005,683</SUD>
  </Fabbisogno>
  <Fabbisogno>
    <Data>20150714</Data>
    <Mercato>MGP</Mercato>
    <Ora>10</Ora>
    <Italia>44113,576</Italia>
    <CNOR>3948,494</CNOR>
    <CSUD>5962,12</CSUD>
    <NORD>26722,221</NORD>
    <SARD>1182,706</SARD>
    <SICI>2077,623</SICI>
    <SUD>4220,412</SUD>
  </Fabbisogno>
  <Fabbisogno>
    <Data>20150714</Data>
    <Mercato>MGP</Mercato>
    <Ora>11</Ora>
    <Italia>44806,024</Italia>
    <CNOR>4026,221</CNOR>
    <CSUD>6148,98</CSUD>
    <NORD>27163,77</NORD>
    <SARD>1169,626</SARD>
    <SICI>2098,588</SICI>
    <SUD>4198,839</SUD>
  </Fabbisogno>
  <Fabbisogno>
    <Data>20150714</Data>
    <Mercato>MGP</Mercato>
    <Ora>12</Ora>
    <Italia>45053,73</Italia>
    <CNOR>4029,958</CNOR>
    <CSUD>6212,297</CSUD>
    <NORD>27330,208</NORD>
    <SARD>1154,731</SARD>
    <SICI>2101,831</SICI>
    <SUD>4224,705</SUD>
  </Fabbisogno>
  <Fabbisogno>
    <Data>20150714</Data>
    <Mercato>MGP</Mercato>
    <Ora>13</Ora>
    <Italia>43746,634</Italia>
    <CNOR>3780,53</CNOR>
    <CSUD>6238,395</CSUD>
    <NORD>26193,805</NORD>
    <SARD>1155,899</SARD>
    <SICI>2112,248</SICI>
    <SUD>4265,757</SUD>
  </Fabbisogno>
  <Fabbisogno>
    <Data>20150714</Data>
    <Mercato>MGP</Mercato>
    <Ora>14</Ora>
    <Italia>43744,404</Italia>
    <CNOR>3608,98</CNOR>
    <CSUD>6089,65</CSUD>
    <NORD>26747,092</NORD>
    <SARD>1121,678</SARD>
    <SICI>2042,796</SICI>
    <SUD>4134,208</SUD>
  </Fabbisogno>
  <Fabbisogno>
    <Data>20150714</Data>
    <Mercato>MGP</Mercato>
    <Ora>15</Ora>
    <Italia>45003,944</Italia>
    <CNOR>3826,019</CNOR>
    <CSUD>6633,085</CSUD>
    <NORD>27230,992</NORD>
    <SARD>1142,197</SARD>
    <SICI>1982,552</SICI>
    <SUD>4189,099</SUD>
  </Fabbisogno>
  <Fabbisogno>
    <Data>20150714</Data>
    <Mercato>MGP</Mercato>
    <Ora>16</Ora>
    <Italia>45203,197</Italia>
    <CNOR>3882,312</CNOR>
    <CSUD>6561,498</CSUD>
    <NORD>27491,048</NORD>
    <SARD>1134,14</SARD>
    <SICI>1980,655</SICI>
    <SUD>4153,544</SUD>
  </Fabbisogno>
  <Fabbisogno>
    <Data>20150714</Data>
    <Mercato>MGP</Mercato>
    <Ora>17</Ora>
    <Italia>45073,323</Italia>
    <CNOR>4021,462</CNOR>
    <CSUD>6263,847</CSUD>
    <NORD>27417,439</NORD>
    <SARD>1133,779</SARD>
    <SICI>2070,237</SICI>
    <SUD>4166,559</SUD>
  </Fabbisogno>
  <Fabbisogno>
    <Data>20150714</Data>
    <Mercato>MGP</Mercato>
    <Ora>18</Ora>
    <Italia>44594,233</Italia>
    <CNOR>3963,295</CNOR>
    <CSUD>6234,6</CSUD>
    <NORD>26779,417</NORD>
    <SARD>1180,442</SARD>
    <SICI>2127,665</SICI>
    <SUD>4308,814</SUD>
  </Fabbisogno>
  <Fabbisogno>
    <Data>20150714</Data>
    <Mercato>MGP</Mercato>
    <Ora>19</Ora>
    <Italia>44005,439</Italia>
    <CNOR>4148,009</CNOR>
    <CSUD>6854,141</CSUD>
    <NORD>25331,221</NORD>
    <SARD>1253,472</SARD>
    <SICI>2157,802</SICI>
    <SUD>4260,794</SUD>
  </Fabbisogno>
  <Fabbisogno>
    <Data>20150714</Data>
    <Mercato>MGP</Mercato>
    <Ora>20</Ora>
    <Italia>42303,856</Italia>
    <CNOR>4051,782</CNOR>
    <CSUD>6380,02</CSUD>
    <NORD>24361,124</NORD>
    <SARD>1247,094</SARD>
    <SICI>2158,177</SICI>
    <SUD>4105,659</SUD>
  </Fabbisogno>
  <Fabbisogno>
    <Data>20150714</Data>
    <Mercato>MGP</Mercato>
    <Ora>21</Ora>
    <Italia>42252,076</Italia>
    <CNOR>4221,566</CNOR>
    <CSUD>6878,837</CSUD>
    <NORD>23003,267</NORD>
    <SARD>1338,491</SARD>
    <SICI>2288,795</SICI>
    <SUD>4521,12</SUD>
  </Fabbisogno>
  <Fabbisogno>
    <Data>20150714</Data>
    <Mercato>MGP</Mercato>
    <Ora>22</Ora>
    <Italia>42741,305</Italia>
    <CNOR>4297,005</CNOR>
    <CSUD>6891,88</CSUD>
    <NORD>23468,523</NORD>
    <SARD>1344,503</SARD>
    <SICI>2244,511</SICI>
    <SUD>4494,883</SUD>
  </Fabbisogno>
  <Fabbisogno>
    <Data>20150714</Data>
    <Mercato>MGP</Mercato>
    <Ora>23</Ora>
    <Italia>39944,806</Italia>
    <CNOR>4037,197</CNOR>
    <CSUD>6438,833</CSUD>
    <NORD>22014,172</NORD>
    <SARD>1257,254</SARD>
    <SICI>2112,276</SICI>
    <SUD>4085,074</SUD>
  </Fabbisogno>
  <Fabbisogno>
    <Data>20150714</Data>
    <Mercato>MGP</Mercato>
    <Ora>24</Ora>
    <Italia>36267,279</Italia>
    <CNOR>3658,79</CNOR>
    <CSUD>5828,841</CSUD>
    <NORD>19863,941</NORD>
    <SARD>1156,75</SARD>
    <SICI>1954,826</SICI>
    <SUD>3804,131</SUD>
  </Fabbisogno>
</NewDataSet>