<?xml version="1.0" standalone="yes"?>
<NewDataSet>
  <xs:schema id="NewDataSet" xmlns="" xmlns:xs="http://www.w3.org/2001/XMLSchema" xmlns:msdata="urn:schemas-microsoft-com:xml-msdata">
    <xs:element name="NewDataSet" msdata:IsDataSet="true" msdata:UseCurrentLocale="true">
      <xs:complexType>
        <xs:choice minOccurs="0" maxOccurs="unbounded">
          <xs:element name="Fabbisogno">
            <xs:complexType>
              <xs:sequence>
                <xs:element name="Data" type="xs:string" minOccurs="0" />
                <xs:element name="Mercato" type="xs:string" minOccurs="0" />
                <xs:element name="Ora" type="xs:string" minOccurs="0" />
                <xs:element name="Italia" type="xs:string" minOccurs="0" />
                <xs:element name="CNOR" type="xs:string" minOccurs="0" />
                <xs:element name="CSUD" type="xs:string" minOccurs="0" />
                <xs:element name="NORD" type="xs:string" minOccurs="0" />
                <xs:element name="SARD" type="xs:string" minOccurs="0" />
                <xs:element name="SICI" type="xs:string" minOccurs="0" />
                <xs:element name="SUD" type="xs:string" minOccurs="0" />
              </xs:sequence>
            </xs:complexType>
          </xs:element>
        </xs:choice>
      </xs:complexType>
    </xs:element>
  </xs:schema>
  <Fabbisogno>
    <Data>20150701</Data>
    <Mercato>MGP</Mercato>
    <Ora>1</Ora>
    <Italia>30081,541</Italia>
    <CNOR>3191,785</CNOR>
    <CSUD>5215,895</CSUD>
    <NORD>15569,806</NORD>
    <SARD>1063,155</SARD>
    <SICI>1561,121</SICI>
    <SUD>3479,779</SUD>
  </Fabbisogno>
  <Fabbisogno>
    <Data>20150701</Data>
    <Mercato>MGP</Mercato>
    <Ora>2</Ora>
    <Italia>28084,048</Italia>
    <CNOR>2932,532</CNOR>
    <CSUD>4788,242</CSUD>
    <NORD>14729,973</NORD>
    <SARD>968,054</SARD>
    <SICI>1426,877</SICI>
    <SUD>3238,37</SUD>
  </Fabbisogno>
  <Fabbisogno>
    <Data>20150701</Data>
    <Mercato>MGP</Mercato>
    <Ora>3</Ora>
    <Italia>27313,234</Italia>
    <CNOR>2805,708</CNOR>
    <CSUD>4579,429</CSUD>
    <NORD>14517,995</NORD>
    <SARD>917,297</SARD>
    <SICI>1352,762</SICI>
    <SUD>3140,043</SUD>
  </Fabbisogno>
  <Fabbisogno>
    <Data>20150701</Data>
    <Mercato>MGP</Mercato>
    <Ora>4</Ora>
    <Italia>26756,662</Italia>
    <CNOR>2772,387</CNOR>
    <CSUD>4440,284</CSUD>
    <NORD>14222,736</NORD>
    <SARD>919,586</SARD>
    <SICI>1313,115</SICI>
    <SUD>3088,554</SUD>
  </Fabbisogno>
  <Fabbisogno>
    <Data>20150701</Data>
    <Mercato>MGP</Mercato>
    <Ora>5</Ora>
    <Italia>26813,109</Italia>
    <CNOR>2757,337</CNOR>
    <CSUD>4390</CSUD>
    <NORD>14417,634</NORD>
    <SARD>898,966</SARD>
    <SICI>1307,212</SICI>
    <SUD>3041,96</SUD>
  </Fabbisogno>
  <Fabbisogno>
    <Data>20150701</Data>
    <Mercato>MGP</Mercato>
    <Ora>6</Ora>
    <Italia>27237,984</Italia>
    <CNOR>2769,554</CNOR>
    <CSUD>4395,44</CSUD>
    <NORD>14883,808</NORD>
    <SARD>914,743</SARD>
    <SICI>1324,87</SICI>
    <SUD>2949,569</SUD>
  </Fabbisogno>
  <Fabbisogno>
    <Data>20150701</Data>
    <Mercato>MGP</Mercato>
    <Ora>7</Ora>
    <Italia>30551,408</Italia>
    <CNOR>2988,908</CNOR>
    <CSUD>4648,662</CSUD>
    <NORD>17589,647</NORD>
    <SARD>937,117</SARD>
    <SICI>1396,48</SICI>
    <SUD>2990,594</SUD>
  </Fabbisogno>
  <Fabbisogno>
    <Data>20150701</Data>
    <Mercato>MGP</Mercato>
    <Ora>8</Ora>
    <Italia>35445,222</Italia>
    <CNOR>3360,528</CNOR>
    <CSUD>5305,596</CSUD>
    <NORD>20745,891</NORD>
    <SARD>1027,08</SARD>
    <SICI>1572,663</SICI>
    <SUD>3433,464</SUD>
  </Fabbisogno>
  <Fabbisogno>
    <Data>20150701</Data>
    <Mercato>MGP</Mercato>
    <Ora>9</Ora>
    <Italia>39387,326</Italia>
    <CNOR>3635,501</CNOR>
    <CSUD>5238,631</CSUD>
    <NORD>24040,926</NORD>
    <SARD>1057,843</SARD>
    <SICI>1816,076</SICI>
    <SUD>3598,349</SUD>
  </Fabbisogno>
  <Fabbisogno>
    <Data>20150701</Data>
    <Mercato>MGP</Mercato>
    <Ora>10</Ora>
    <Italia>41680,221</Italia>
    <CNOR>3773,033</CNOR>
    <CSUD>5597,73</CSUD>
    <NORD>25564,261</NORD>
    <SARD>1083,805</SARD>
    <SICI>1891,262</SICI>
    <SUD>3770,13</SUD>
  </Fabbisogno>
  <Fabbisogno>
    <Data>20150701</Data>
    <Mercato>MGP</Mercato>
    <Ora>11</Ora>
    <Italia>42245,37</Italia>
    <CNOR>3829,286</CNOR>
    <CSUD>5756,205</CSUD>
    <NORD>25935,601</NORD>
    <SARD>1058,54</SARD>
    <SICI>1889,979</SICI>
    <SUD>3775,759</SUD>
  </Fabbisogno>
  <Fabbisogno>
    <Data>20150701</Data>
    <Mercato>MGP</Mercato>
    <Ora>12</Ora>
    <Italia>41414,536</Italia>
    <CNOR>3826,558</CNOR>
    <CSUD>5885,237</CSUD>
    <NORD>24985,043</NORD>
    <SARD>1028,56</SARD>
    <SICI>1882,168</SICI>
    <SUD>3806,97</SUD>
  </Fabbisogno>
  <Fabbisogno>
    <Data>20150701</Data>
    <Mercato>MGP</Mercato>
    <Ora>13</Ora>
    <Italia>40334,743</Italia>
    <CNOR>3595,271</CNOR>
    <CSUD>5906,206</CSUD>
    <NORD>24076,629</NORD>
    <SARD>1040,4</SARD>
    <SICI>1884,954</SICI>
    <SUD>3831,283</SUD>
  </Fabbisogno>
  <Fabbisogno>
    <Data>20150701</Data>
    <Mercato>MGP</Mercato>
    <Ora>14</Ora>
    <Italia>40130,55</Italia>
    <CNOR>3457,512</CNOR>
    <CSUD>5693,812</CSUD>
    <NORD>24305,673</NORD>
    <SARD>1012,263</SARD>
    <SICI>1839,119</SICI>
    <SUD>3822,171</SUD>
  </Fabbisogno>
  <Fabbisogno>
    <Data>20150701</Data>
    <Mercato>MGP</Mercato>
    <Ora>15</Ora>
    <Italia>40861,797</Italia>
    <CNOR>3686,62</CNOR>
    <CSUD>5669,012</CSUD>
    <NORD>25155,369</NORD>
    <SARD>970,232</SARD>
    <SICI>1804,299</SICI>
    <SUD>3576,265</SUD>
  </Fabbisogno>
  <Fabbisogno>
    <Data>20150701</Data>
    <Mercato>MGP</Mercato>
    <Ora>16</Ora>
    <Italia>41542,449</Italia>
    <CNOR>3765,03</CNOR>
    <CSUD>5707,831</CSUD>
    <NORD>25652,435</NORD>
    <SARD>972,159</SARD>
    <SICI>1814,662</SICI>
    <SUD>3630,332</SUD>
  </Fabbisogno>
  <Fabbisogno>
    <Data>20150701</Data>
    <Mercato>MGP</Mercato>
    <Ora>17</Ora>
    <Italia>41858,989</Italia>
    <CNOR>3853,606</CNOR>
    <CSUD>5834,969</CSUD>
    <NORD>25548,059</NORD>
    <SARD>1008,275</SARD>
    <SICI>1882,345</SICI>
    <SUD>3731,735</SUD>
  </Fabbisogno>
  <Fabbisogno>
    <Data>20150701</Data>
    <Mercato>MGP</Mercato>
    <Ora>18</Ora>
    <Italia>41119,235</Italia>
    <CNOR>3792,05</CNOR>
    <CSUD>5778,417</CSUD>
    <NORD>24718,327</NORD>
    <SARD>1047,539</SARD>
    <SICI>1926,122</SICI>
    <SUD>3856,78</SUD>
  </Fabbisogno>
  <Fabbisogno>
    <Data>20150701</Data>
    <Mercato>MGP</Mercato>
    <Ora>19</Ora>
    <Italia>40474,384</Italia>
    <CNOR>3960,738</CNOR>
    <CSUD>6199,612</CSUD>
    <NORD>23297,849</NORD>
    <SARD>1146,875</SARD>
    <SICI>1965,157</SICI>
    <SUD>3904,153</SUD>
  </Fabbisogno>
  <Fabbisogno>
    <Data>20150701</Data>
    <Mercato>MGP</Mercato>
    <Ora>20</Ora>
    <Italia>40176,085</Italia>
    <CNOR>4340,748</CNOR>
    <CSUD>6794,34</CSUD>
    <NORD>21676,784</NORD>
    <SARD>1213,497</SARD>
    <SICI>1995,82</SICI>
    <SUD>4154,896</SUD>
  </Fabbisogno>
  <Fabbisogno>
    <Data>20150701</Data>
    <Mercato>MGP</Mercato>
    <Ora>21</Ora>
    <Italia>39207,261</Italia>
    <CNOR>4275,733</CNOR>
    <CSUD>6945,122</CSUD>
    <NORD>20146,221</NORD>
    <SARD>1273,91</SARD>
    <SICI>2169,84</SICI>
    <SUD>4396,435</SUD>
  </Fabbisogno>
  <Fabbisogno>
    <Data>20150701</Data>
    <Mercato>MGP</Mercato>
    <Ora>22</Ora>
    <Italia>39206,239</Italia>
    <CNOR>4265,089</CNOR>
    <CSUD>6978,316</CSUD>
    <NORD>20226,532</NORD>
    <SARD>1301,036</SARD>
    <SICI>2093,915</SICI>
    <SUD>4341,351</SUD>
  </Fabbisogno>
  <Fabbisogno>
    <Data>20150701</Data>
    <Mercato>MGP</Mercato>
    <Ora>23</Ora>
    <Italia>36527,983</Italia>
    <CNOR>4053,22</CNOR>
    <CSUD>6533,508</CSUD>
    <NORD>18786,687</NORD>
    <SARD>1216,58</SARD>
    <SICI>1933,014</SICI>
    <SUD>4004,974</SUD>
  </Fabbisogno>
  <Fabbisogno>
    <Data>20150701</Data>
    <Mercato>MGP</Mercato>
    <Ora>24</Ora>
    <Italia>33376,033</Italia>
    <CNOR>3692,891</CNOR>
    <CSUD>5988,716</CSUD>
    <NORD>16941,598</NORD>
    <SARD>1115,39</SARD>
    <SICI>1763,008</SICI>
    <SUD>3874,43</SUD>
  </Fabbisogno>
</NewDataSet>