<?xml version="1.0" standalone="yes"?>
<NewDataSet>
  <xs:schema id="NewDataSet" xmlns="" xmlns:xs="http://www.w3.org/2001/XMLSchema" xmlns:msdata="urn:schemas-microsoft-com:xml-msdata">
    <xs:element name="NewDataSet" msdata:IsDataSet="true" msdata:MainDataTable="marketintervaldetail" msdata:UseCurrentLocale="true">
      <xs:complexType>
        <xs:choice minOccurs="0" maxOccurs="unbounded">
          <xs:element name="marketintervaldetail">
            <xs:complexType>
              <xs:sequence>
                <xs:element name="Data" type="xs:string" minOccurs="0" />
                <xs:element name="Mercato" type="xs:string" minOccurs="0" />
                <xs:element name="Ora" type="xs:string" minOccurs="0" />
                <xs:element name="Totale" type="xs:string" minOccurs="0" />
                <xs:element name="CNOR" type="xs:string" minOccurs="0" />
                <xs:element name="CSUD" type="xs:string" minOccurs="0" />
                <xs:element name="NORD" type="xs:string" minOccurs="0" />
                <xs:element name="SARD" type="xs:string" minOccurs="0" />
                <xs:element name="SICI" type="xs:string" minOccurs="0" />
                <xs:element name="SUD" type="xs:string" minOccurs="0" />
              </xs:sequence>
            </xs:complexType>
          </xs:element>
        </xs:choice>
      </xs:complexType>
    </xs:element>
  </xs:schema>
  <marketintervaldetail>
    <Data>20150910</Data>
    <Mercato>MGP</Mercato>
    <Ora>01</Ora>
    <Totale>28703</Totale>
    <CNOR>3134</CNOR>
    <CSUD>4584</CSUD>
    <NORD>15723</NORD>
    <SARD>864</SARD>
    <SICI>1900</SICI>
    <SUD>2498</SUD>
  </marketintervaldetail>
  <marketintervaldetail>
    <Data>20150910</Data>
    <Mercato>MGP</Mercato>
    <Ora>02</Ora>
    <Totale>27109</Totale>
    <CNOR>2829</CNOR>
    <CSUD>4281</CSUD>
    <NORD>14966</NORD>
    <SARD>839</SARD>
    <SICI>1743</SICI>
    <SUD>2451</SUD>
  </marketintervaldetail>
  <marketintervaldetail>
    <Data>20150910</Data>
    <Mercato>MGP</Mercato>
    <Ora>03</Ora>
    <Totale>26129</Totale>
    <CNOR>2705</CNOR>
    <CSUD>4087</CSUD>
    <NORD>14527</NORD>
    <SARD>818</SARD>
    <SICI>1657</SICI>
    <SUD>2335</SUD>
  </marketintervaldetail>
  <marketintervaldetail>
    <Data>20150910</Data>
    <Mercato>MGP</Mercato>
    <Ora>04</Ora>
    <Totale>25558</Totale>
    <CNOR>2667</CNOR>
    <CSUD>3990</CSUD>
    <NORD>14299</NORD>
    <SARD>799</SARD>
    <SICI>1594</SICI>
    <SUD>2209</SUD>
  </marketintervaldetail>
  <marketintervaldetail>
    <Data>20150910</Data>
    <Mercato>MGP</Mercato>
    <Ora>05</Ora>
    <Totale>25637</Totale>
    <CNOR>2631</CNOR>
    <CSUD>3974</CSUD>
    <NORD>14419</NORD>
    <SARD>796</SARD>
    <SICI>1581</SICI>
    <SUD>2236</SUD>
  </marketintervaldetail>
  <marketintervaldetail>
    <Data>20150910</Data>
    <Mercato>MGP</Mercato>
    <Ora>06</Ora>
    <Totale>26771</Totale>
    <CNOR>2774</CNOR>
    <CSUD>4112</CSUD>
    <NORD>15180</NORD>
    <SARD>781</SARD>
    <SICI>1619</SICI>
    <SUD>2305</SUD>
  </marketintervaldetail>
  <marketintervaldetail>
    <Data>20150910</Data>
    <Mercato>MGP</Mercato>
    <Ora>07</Ora>
    <Totale>30068</Totale>
    <CNOR>3168</CNOR>
    <CSUD>4546</CSUD>
    <NORD>17391</NORD>
    <SARD>812</SARD>
    <SICI>1731</SICI>
    <SUD>2420</SUD>
  </marketintervaldetail>
  <marketintervaldetail>
    <Data>20150910</Data>
    <Mercato>MGP</Mercato>
    <Ora>08</Ora>
    <Totale>33757</Totale>
    <CNOR>3566</CNOR>
    <CSUD>5017</CSUD>
    <NORD>19826</NORD>
    <SARD>924</SARD>
    <SICI>1839</SICI>
    <SUD>2585</SUD>
  </marketintervaldetail>
  <marketintervaldetail>
    <Data>20150910</Data>
    <Mercato>MGP</Mercato>
    <Ora>09</Ora>
    <Totale>38731</Totale>
    <CNOR>4070</CNOR>
    <CSUD>5755</CSUD>
    <NORD>22765</NORD>
    <SARD>1046</SARD>
    <SICI>2106</SICI>
    <SUD>2989</SUD>
  </marketintervaldetail>
  <marketintervaldetail>
    <Data>20150910</Data>
    <Mercato>MGP</Mercato>
    <Ora>10</Ora>
    <Totale>41114</Totale>
    <CNOR>4258</CNOR>
    <CSUD>6198</CSUD>
    <NORD>23991</NORD>
    <SARD>1117</SARD>
    <SICI>2392</SICI>
    <SUD>3158</SUD>
  </marketintervaldetail>
  <marketintervaldetail>
    <Data>20150910</Data>
    <Mercato>MGP</Mercato>
    <Ora>11</Ora>
    <Totale>41950</Totale>
    <CNOR>4376</CNOR>
    <CSUD>6420</CSUD>
    <NORD>24351</NORD>
    <SARD>1323</SARD>
    <SICI>2416</SICI>
    <SUD>3064</SUD>
  </marketintervaldetail>
  <marketintervaldetail>
    <Data>20150910</Data>
    <Mercato>MGP</Mercato>
    <Ora>12</Ora>
    <Totale>41888</Totale>
    <CNOR>4528</CNOR>
    <CSUD>6461</CSUD>
    <NORD>24273</NORD>
    <SARD>1257</SARD>
    <SICI>2339</SICI>
    <SUD>3030</SUD>
  </marketintervaldetail>
  <marketintervaldetail>
    <Data>20150910</Data>
    <Mercato>MGP</Mercato>
    <Ora>13</Ora>
    <Totale>39567</Totale>
    <CNOR>4343</CNOR>
    <CSUD>6646</CSUD>
    <NORD>22381</NORD>
    <SARD>1055</SARD>
    <SICI>2443</SICI>
    <SUD>2699</SUD>
  </marketintervaldetail>
  <marketintervaldetail>
    <Data>20150910</Data>
    <Mercato>MGP</Mercato>
    <Ora>14</Ora>
    <Totale>38615</Totale>
    <CNOR>4157</CNOR>
    <CSUD>6475</CSUD>
    <NORD>21811</NORD>
    <SARD>977</SARD>
    <SICI>2322</SICI>
    <SUD>2873</SUD>
  </marketintervaldetail>
  <marketintervaldetail>
    <Data>20150910</Data>
    <Mercato>MGP</Mercato>
    <Ora>15</Ora>
    <Totale>40209</Totale>
    <CNOR>4288</CNOR>
    <CSUD>6426</CSUD>
    <NORD>23065</NORD>
    <SARD>917</SARD>
    <SICI>2331</SICI>
    <SUD>3182</SUD>
  </marketintervaldetail>
  <marketintervaldetail>
    <Data>20150910</Data>
    <Mercato>MGP</Mercato>
    <Ora>16</Ora>
    <Totale>41499</Totale>
    <CNOR>3033</CNOR>
    <CSUD>5051</CSUD>
    <NORD>24571</NORD>
    <SARD>834</SARD>
    <SICI>2431</SICI>
    <SUD>5579</SUD>
  </marketintervaldetail>
  <marketintervaldetail>
    <Data>20150910</Data>
    <Mercato>MGP</Mercato>
    <Ora>17</Ora>
    <Totale>41920</Totale>
    <CNOR>2663</CNOR>
    <CSUD>4800</CSUD>
    <NORD>25012</NORD>
    <SARD>932</SARD>
    <SICI>2490</SICI>
    <SUD>6023</SUD>
  </marketintervaldetail>
  <marketintervaldetail>
    <Data>20150910</Data>
    <Mercato>MGP</Mercato>
    <Ora>18</Ora>
    <Totale>40875</Totale>
    <CNOR>2648</CNOR>
    <CSUD>4712</CSUD>
    <NORD>24217</NORD>
    <SARD>848</SARD>
    <SICI>2450</SICI>
    <SUD>6000</SUD>
  </marketintervaldetail>
  <marketintervaldetail>
    <Data>20150910</Data>
    <Mercato>MGP</Mercato>
    <Ora>19</Ora>
    <Totale>38718</Totale>
    <CNOR>2677</CNOR>
    <CSUD>4293</CSUD>
    <NORD>22861</NORD>
    <SARD>927</SARD>
    <SICI>2393</SICI>
    <SUD>5567</SUD>
  </marketintervaldetail>
  <marketintervaldetail>
    <Data>20150910</Data>
    <Mercato>MGP</Mercato>
    <Ora>20</Ora>
    <Totale>39250</Totale>
    <CNOR>2716</CNOR>
    <CSUD>4531</CSUD>
    <NORD>23712</NORD>
    <SARD>952</SARD>
    <SICI>2450</SICI>
    <SUD>4889</SUD>
  </marketintervaldetail>
  <marketintervaldetail>
    <Data>20150910</Data>
    <Mercato>MGP</Mercato>
    <Ora>21</Ora>
    <Totale>40892</Totale>
    <CNOR>2741</CNOR>
    <CSUD>5085</CSUD>
    <NORD>24277</NORD>
    <SARD>1096</SARD>
    <SICI>2720</SICI>
    <SUD>4973</SUD>
  </marketintervaldetail>
  <marketintervaldetail>
    <Data>20150910</Data>
    <Mercato>MGP</Mercato>
    <Ora>22</Ora>
    <Totale>39016</Totale>
    <CNOR>2696</CNOR>
    <CSUD>4747</CSUD>
    <NORD>23182</NORD>
    <SARD>1033</SARD>
    <SICI>2648</SICI>
    <SUD>4710</SUD>
  </marketintervaldetail>
  <marketintervaldetail>
    <Data>20150910</Data>
    <Mercato>MGP</Mercato>
    <Ora>23</Ora>
    <Totale>35424</Totale>
    <CNOR>2630</CNOR>
    <CSUD>4417</CSUD>
    <NORD>20647</NORD>
    <SARD>960</SARD>
    <SICI>2431</SICI>
    <SUD>4339</SUD>
  </marketintervaldetail>
  <marketintervaldetail>
    <Data>20150910</Data>
    <Mercato>MGP</Mercato>
    <Ora>24</Ora>
    <Totale>32297</Totale>
    <CNOR>2579</CNOR>
    <CSUD>3982</CSUD>
    <NORD>18356</NORD>
    <SARD>867</SARD>
    <SICI>2088</SICI>
    <SUD>4425</SUD>
  </marketintervaldetail>
</NewDataSet>