<?xml version="1.0" standalone="yes"?>
<NewDataSet>
  <xs:schema id="NewDataSet" xmlns="" xmlns:xs="http://www.w3.org/2001/XMLSchema" xmlns:msdata="urn:schemas-microsoft-com:xml-msdata">
    <xs:element name="NewDataSet" msdata:IsDataSet="true" msdata:MainDataTable="marketintervaldetail" msdata:UseCurrentLocale="true">
      <xs:complexType>
        <xs:choice minOccurs="0" maxOccurs="unbounded">
          <xs:element name="marketintervaldetail">
            <xs:complexType>
              <xs:sequence>
                <xs:element name="Data" type="xs:string" minOccurs="0" />
                <xs:element name="Mercato" type="xs:string" minOccurs="0" />
                <xs:element name="Ora" type="xs:string" minOccurs="0" />
                <xs:element name="Totale" type="xs:string" minOccurs="0" />
                <xs:element name="CNOR" type="xs:string" minOccurs="0" />
                <xs:element name="CSUD" type="xs:string" minOccurs="0" />
                <xs:element name="NORD" type="xs:string" minOccurs="0" />
                <xs:element name="SARD" type="xs:string" minOccurs="0" />
                <xs:element name="SICI" type="xs:string" minOccurs="0" />
                <xs:element name="SUD" type="xs:string" minOccurs="0" />
              </xs:sequence>
            </xs:complexType>
          </xs:element>
        </xs:choice>
      </xs:complexType>
    </xs:element>
  </xs:schema>
  <marketintervaldetail>
    <Data>20150906</Data>
    <Mercato>MGP</Mercato>
    <Ora>01</Ora>
    <Totale>26757</Totale>
    <CNOR>2709</CNOR>
    <CSUD>4474</CSUD>
    <NORD>14072</NORD>
    <SARD>915</SARD>
    <SICI>1954</SICI>
    <SUD>2633</SUD>
  </marketintervaldetail>
  <marketintervaldetail>
    <Data>20150906</Data>
    <Mercato>MGP</Mercato>
    <Ora>02</Ora>
    <Totale>25153</Totale>
    <CNOR>2556</CNOR>
    <CSUD>4186</CSUD>
    <NORD>13238</NORD>
    <SARD>886</SARD>
    <SICI>1834</SICI>
    <SUD>2453</SUD>
  </marketintervaldetail>
  <marketintervaldetail>
    <Data>20150906</Data>
    <Mercato>MGP</Mercato>
    <Ora>03</Ora>
    <Totale>23988</Totale>
    <CNOR>2429</CNOR>
    <CSUD>3968</CSUD>
    <NORD>12691</NORD>
    <SARD>859</SARD>
    <SICI>1726</SICI>
    <SUD>2315</SUD>
  </marketintervaldetail>
  <marketintervaldetail>
    <Data>20150906</Data>
    <Mercato>MGP</Mercato>
    <Ora>04</Ora>
    <Totale>23149</Totale>
    <CNOR>2362</CNOR>
    <CSUD>3829</CSUD>
    <NORD>12226</NORD>
    <SARD>843</SARD>
    <SICI>1663</SICI>
    <SUD>2226</SUD>
  </marketintervaldetail>
  <marketintervaldetail>
    <Data>20150906</Data>
    <Mercato>MGP</Mercato>
    <Ora>05</Ora>
    <Totale>22842</Totale>
    <CNOR>2342</CNOR>
    <CSUD>3773</CSUD>
    <NORD>12088</NORD>
    <SARD>830</SARD>
    <SICI>1637</SICI>
    <SUD>2172</SUD>
  </marketintervaldetail>
  <marketintervaldetail>
    <Data>20150906</Data>
    <Mercato>MGP</Mercato>
    <Ora>06</Ora>
    <Totale>22879</Totale>
    <CNOR>2307</CNOR>
    <CSUD>3737</CSUD>
    <NORD>12193</NORD>
    <SARD>831</SARD>
    <SICI>1628</SICI>
    <SUD>2183</SUD>
  </marketintervaldetail>
  <marketintervaldetail>
    <Data>20150906</Data>
    <Mercato>MGP</Mercato>
    <Ora>07</Ora>
    <Totale>22894</Totale>
    <CNOR>2340</CNOR>
    <CSUD>3723</CSUD>
    <NORD>12186</NORD>
    <SARD>853</SARD>
    <SICI>1615</SICI>
    <SUD>2177</SUD>
  </marketintervaldetail>
  <marketintervaldetail>
    <Data>20150906</Data>
    <Mercato>MGP</Mercato>
    <Ora>08</Ora>
    <Totale>22774</Totale>
    <CNOR>2355</CNOR>
    <CSUD>3770</CSUD>
    <NORD>11973</NORD>
    <SARD>856</SARD>
    <SICI>1634</SICI>
    <SUD>2186</SUD>
  </marketintervaldetail>
  <marketintervaldetail>
    <Data>20150906</Data>
    <Mercato>MGP</Mercato>
    <Ora>09</Ora>
    <Totale>24735</Totale>
    <CNOR>2610</CNOR>
    <CSUD>4225</CSUD>
    <NORD>12665</NORD>
    <SARD>899</SARD>
    <SICI>1885</SICI>
    <SUD>2451</SUD>
  </marketintervaldetail>
  <marketintervaldetail>
    <Data>20150906</Data>
    <Mercato>MGP</Mercato>
    <Ora>10</Ora>
    <Totale>26792</Totale>
    <CNOR>2870</CNOR>
    <CSUD>4674</CSUD>
    <NORD>13481</NORD>
    <SARD>949</SARD>
    <SICI>2054</SICI>
    <SUD>2764</SUD>
  </marketintervaldetail>
  <marketintervaldetail>
    <Data>20150906</Data>
    <Mercato>MGP</Mercato>
    <Ora>11</Ora>
    <Totale>27947</Totale>
    <CNOR>3042</CNOR>
    <CSUD>4889</CSUD>
    <NORD>14045</NORD>
    <SARD>968</SARD>
    <SICI>2123</SICI>
    <SUD>2880</SUD>
  </marketintervaldetail>
  <marketintervaldetail>
    <Data>20150906</Data>
    <Mercato>MGP</Mercato>
    <Ora>12</Ora>
    <Totale>28819</Totale>
    <CNOR>3115</CNOR>
    <CSUD>5082</CSUD>
    <NORD>14537</NORD>
    <SARD>982</SARD>
    <SICI>2187</SICI>
    <SUD>2916</SUD>
  </marketintervaldetail>
  <marketintervaldetail>
    <Data>20150906</Data>
    <Mercato>MGP</Mercato>
    <Ora>13</Ora>
    <Totale>28888</Totale>
    <CNOR>3196</CNOR>
    <CSUD>5072</CSUD>
    <NORD>14531</NORD>
    <SARD>977</SARD>
    <SICI>2216</SICI>
    <SUD>2896</SUD>
  </marketintervaldetail>
  <marketintervaldetail>
    <Data>20150906</Data>
    <Mercato>MGP</Mercato>
    <Ora>14</Ora>
    <Totale>28128</Totale>
    <CNOR>3025</CNOR>
    <CSUD>5022</CSUD>
    <NORD>14205</NORD>
    <SARD>948</SARD>
    <SICI>2134</SICI>
    <SUD>2794</SUD>
  </marketintervaldetail>
  <marketintervaldetail>
    <Data>20150906</Data>
    <Mercato>MGP</Mercato>
    <Ora>15</Ora>
    <Totale>27823</Totale>
    <CNOR>2937</CNOR>
    <CSUD>4991</CSUD>
    <NORD>14156</NORD>
    <SARD>954</SARD>
    <SICI>2021</SICI>
    <SUD>2764</SUD>
  </marketintervaldetail>
  <marketintervaldetail>
    <Data>20150906</Data>
    <Mercato>MGP</Mercato>
    <Ora>16</Ora>
    <Totale>27712</Totale>
    <CNOR>2847</CNOR>
    <CSUD>4984</CSUD>
    <NORD>14171</NORD>
    <SARD>946</SARD>
    <SICI>1991</SICI>
    <SUD>2773</SUD>
  </marketintervaldetail>
  <marketintervaldetail>
    <Data>20150906</Data>
    <Mercato>MGP</Mercato>
    <Ora>17</Ora>
    <Totale>27691</Totale>
    <CNOR>2926</CNOR>
    <CSUD>4904</CSUD>
    <NORD>14130</NORD>
    <SARD>918</SARD>
    <SICI>2036</SICI>
    <SUD>2777</SUD>
  </marketintervaldetail>
  <marketintervaldetail>
    <Data>20150906</Data>
    <Mercato>MGP</Mercato>
    <Ora>18</Ora>
    <Totale>28487</Totale>
    <CNOR>3067</CNOR>
    <CSUD>4916</CSUD>
    <NORD>14580</NORD>
    <SARD>979</SARD>
    <SICI>2171</SICI>
    <SUD>2774</SUD>
  </marketintervaldetail>
  <marketintervaldetail>
    <Data>20150906</Data>
    <Mercato>MGP</Mercato>
    <Ora>19</Ora>
    <Totale>29279</Totale>
    <CNOR>3175</CNOR>
    <CSUD>4953</CSUD>
    <NORD>15065</NORD>
    <SARD>1014</SARD>
    <SICI>2226</SICI>
    <SUD>2846</SUD>
  </marketintervaldetail>
  <marketintervaldetail>
    <Data>20150906</Data>
    <Mercato>MGP</Mercato>
    <Ora>20</Ora>
    <Totale>30694</Totale>
    <CNOR>3326</CNOR>
    <CSUD>5228</CSUD>
    <NORD>15658</NORD>
    <SARD>1040</SARD>
    <SICI>2342</SICI>
    <SUD>3100</SUD>
  </marketintervaldetail>
  <marketintervaldetail>
    <Data>20150906</Data>
    <Mercato>MGP</Mercato>
    <Ora>21</Ora>
    <Totale>32969</Totale>
    <CNOR>3525</CNOR>
    <CSUD>5642</CSUD>
    <NORD>16726</NORD>
    <SARD>1141</SARD>
    <SICI>2559</SICI>
    <SUD>3376</SUD>
  </marketintervaldetail>
  <marketintervaldetail>
    <Data>20150906</Data>
    <Mercato>MGP</Mercato>
    <Ora>22</Ora>
    <Totale>31984</Totale>
    <CNOR>3411</CNOR>
    <CSUD>5433</CSUD>
    <NORD>16334</NORD>
    <SARD>1123</SARD>
    <SICI>2455</SICI>
    <SUD>3228</SUD>
  </marketintervaldetail>
  <marketintervaldetail>
    <Data>20150906</Data>
    <Mercato>MGP</Mercato>
    <Ora>23</Ora>
    <Totale>30102</Totale>
    <CNOR>3166</CNOR>
    <CSUD>5084</CSUD>
    <NORD>15446</NORD>
    <SARD>1062</SARD>
    <SICI>2302</SICI>
    <SUD>3042</SUD>
  </marketintervaldetail>
  <marketintervaldetail>
    <Data>20150906</Data>
    <Mercato>MGP</Mercato>
    <Ora>24</Ora>
    <Totale>27975</Totale>
    <CNOR>2906</CNOR>
    <CSUD>4682</CSUD>
    <NORD>14394</NORD>
    <SARD>996</SARD>
    <SICI>2158</SICI>
    <SUD>2839</SUD>
  </marketintervaldetail>
</NewDataSet>