<?xml version="1.0" standalone="yes"?>
<NewDataSet>
  <xs:schema id="NewDataSet" xmlns="" xmlns:xs="http://www.w3.org/2001/XMLSchema" xmlns:msdata="urn:schemas-microsoft-com:xml-msdata">
    <xs:element name="NewDataSet" msdata:IsDataSet="true" msdata:MainDataTable="marketintervaldetail" msdata:UseCurrentLocale="true">
      <xs:complexType>
        <xs:choice minOccurs="0" maxOccurs="unbounded">
          <xs:element name="marketintervaldetail">
            <xs:complexType>
              <xs:sequence>
                <xs:element name="Data" type="xs:string" minOccurs="0" />
                <xs:element name="Mercato" type="xs:string" minOccurs="0" />
                <xs:element name="Ora" type="xs:string" minOccurs="0" />
                <xs:element name="Totale" type="xs:string" minOccurs="0" />
                <xs:element name="CNOR" type="xs:string" minOccurs="0" />
                <xs:element name="CSUD" type="xs:string" minOccurs="0" />
                <xs:element name="NORD" type="xs:string" minOccurs="0" />
                <xs:element name="SARD" type="xs:string" minOccurs="0" />
                <xs:element name="SICI" type="xs:string" minOccurs="0" />
                <xs:element name="SUD" type="xs:string" minOccurs="0" />
              </xs:sequence>
            </xs:complexType>
          </xs:element>
        </xs:choice>
      </xs:complexType>
    </xs:element>
  </xs:schema>
  <marketintervaldetail>
    <Data>20150924</Data>
    <Mercato>MGP</Mercato>
    <Ora>01</Ora>
    <Totale>26927</Totale>
    <CNOR>2663</CNOR>
    <CSUD>4042</CSUD>
    <NORD>15415</NORD>
    <SARD>847</SARD>
    <SICI>1780</SICI>
    <SUD>2180</SUD>
  </marketintervaldetail>
  <marketintervaldetail>
    <Data>20150924</Data>
    <Mercato>MGP</Mercato>
    <Ora>02</Ora>
    <Totale>25211</Totale>
    <CNOR>2521</CNOR>
    <CSUD>3663</CSUD>
    <NORD>14480</NORD>
    <SARD>797</SARD>
    <SICI>1681</SICI>
    <SUD>2069</SUD>
  </marketintervaldetail>
  <marketintervaldetail>
    <Data>20150924</Data>
    <Mercato>MGP</Mercato>
    <Ora>03</Ora>
    <Totale>24621</Totale>
    <CNOR>2509</CNOR>
    <CSUD>3561</CSUD>
    <NORD>14217</NORD>
    <SARD>774</SARD>
    <SICI>1595</SICI>
    <SUD>1965</SUD>
  </marketintervaldetail>
  <marketintervaldetail>
    <Data>20150924</Data>
    <Mercato>MGP</Mercato>
    <Ora>04</Ora>
    <Totale>24647</Totale>
    <CNOR>2455</CNOR>
    <CSUD>3526</CSUD>
    <NORD>14344</NORD>
    <SARD>771</SARD>
    <SICI>1564</SICI>
    <SUD>1987</SUD>
  </marketintervaldetail>
  <marketintervaldetail>
    <Data>20150924</Data>
    <Mercato>MGP</Mercato>
    <Ora>05</Ora>
    <Totale>25124</Totale>
    <CNOR>2542</CNOR>
    <CSUD>3585</CSUD>
    <NORD>14535</NORD>
    <SARD>769</SARD>
    <SICI>1574</SICI>
    <SUD>2119</SUD>
  </marketintervaldetail>
  <marketintervaldetail>
    <Data>20150924</Data>
    <Mercato>MGP</Mercato>
    <Ora>06</Ora>
    <Totale>26394</Totale>
    <CNOR>2700</CNOR>
    <CSUD>3815</CSUD>
    <NORD>15261</NORD>
    <SARD>785</SARD>
    <SICI>1628</SICI>
    <SUD>2205</SUD>
  </marketintervaldetail>
  <marketintervaldetail>
    <Data>20150924</Data>
    <Mercato>MGP</Mercato>
    <Ora>07</Ora>
    <Totale>30497</Totale>
    <CNOR>3175</CNOR>
    <CSUD>4262</CSUD>
    <NORD>17738</NORD>
    <SARD>864</SARD>
    <SICI>1754</SICI>
    <SUD>2704</SUD>
  </marketintervaldetail>
  <marketintervaldetail>
    <Data>20150924</Data>
    <Mercato>MGP</Mercato>
    <Ora>08</Ora>
    <Totale>34337</Totale>
    <CNOR>3707</CNOR>
    <CSUD>4785</CSUD>
    <NORD>20001</NORD>
    <SARD>955</SARD>
    <SICI>1967</SICI>
    <SUD>2922</SUD>
  </marketintervaldetail>
  <marketintervaldetail>
    <Data>20150924</Data>
    <Mercato>MGP</Mercato>
    <Ora>09</Ora>
    <Totale>38294</Totale>
    <CNOR>4058</CNOR>
    <CSUD>5482</CSUD>
    <NORD>22532</NORD>
    <SARD>1053</SARD>
    <SICI>2268</SICI>
    <SUD>2901</SUD>
  </marketintervaldetail>
  <marketintervaldetail>
    <Data>20150924</Data>
    <Mercato>MGP</Mercato>
    <Ora>10</Ora>
    <Totale>40469</Totale>
    <CNOR>4267</CNOR>
    <CSUD>5961</CSUD>
    <NORD>23755</NORD>
    <SARD>1069</SARD>
    <SICI>2398</SICI>
    <SUD>3019</SUD>
  </marketintervaldetail>
  <marketintervaldetail>
    <Data>20150924</Data>
    <Mercato>MGP</Mercato>
    <Ora>11</Ora>
    <Totale>40811</Totale>
    <CNOR>4352</CNOR>
    <CSUD>6033</CSUD>
    <NORD>24051</NORD>
    <SARD>1052</SARD>
    <SICI>2330</SICI>
    <SUD>2993</SUD>
  </marketintervaldetail>
  <marketintervaldetail>
    <Data>20150924</Data>
    <Mercato>MGP</Mercato>
    <Ora>12</Ora>
    <Totale>40738</Totale>
    <CNOR>4270</CNOR>
    <CSUD>6108</CSUD>
    <NORD>23956</NORD>
    <SARD>1088</SARD>
    <SICI>2304</SICI>
    <SUD>3012</SUD>
  </marketintervaldetail>
  <marketintervaldetail>
    <Data>20150924</Data>
    <Mercato>MGP</Mercato>
    <Ora>13</Ora>
    <Totale>38587</Totale>
    <CNOR>3992</CNOR>
    <CSUD>6047</CSUD>
    <NORD>22058</NORD>
    <SARD>1091</SARD>
    <SICI>2328</SICI>
    <SUD>3071</SUD>
  </marketintervaldetail>
  <marketintervaldetail>
    <Data>20150924</Data>
    <Mercato>MGP</Mercato>
    <Ora>14</Ora>
    <Totale>37602</Totale>
    <CNOR>3784</CNOR>
    <CSUD>5917</CSUD>
    <NORD>21650</NORD>
    <SARD>1053</SARD>
    <SICI>2258</SICI>
    <SUD>2940</SUD>
  </marketintervaldetail>
  <marketintervaldetail>
    <Data>20150924</Data>
    <Mercato>MGP</Mercato>
    <Ora>15</Ora>
    <Totale>38349</Totale>
    <CNOR>3880</CNOR>
    <CSUD>5864</CSUD>
    <NORD>22368</NORD>
    <SARD>1060</SARD>
    <SICI>2115</SICI>
    <SUD>3062</SUD>
  </marketintervaldetail>
  <marketintervaldetail>
    <Data>20150924</Data>
    <Mercato>MGP</Mercato>
    <Ora>16</Ora>
    <Totale>38909</Totale>
    <CNOR>4002</CNOR>
    <CSUD>5999</CSUD>
    <NORD>22605</NORD>
    <SARD>1032</SARD>
    <SICI>2216</SICI>
    <SUD>3055</SUD>
  </marketintervaldetail>
  <marketintervaldetail>
    <Data>20150924</Data>
    <Mercato>MGP</Mercato>
    <Ora>17</Ora>
    <Totale>38701</Totale>
    <CNOR>4100</CNOR>
    <CSUD>5848</CSUD>
    <NORD>22478</NORD>
    <SARD>1046</SARD>
    <SICI>2292</SICI>
    <SUD>2937</SUD>
  </marketintervaldetail>
  <marketintervaldetail>
    <Data>20150924</Data>
    <Mercato>MGP</Mercato>
    <Ora>18</Ora>
    <Totale>37675</Totale>
    <CNOR>4090</CNOR>
    <CSUD>5642</CSUD>
    <NORD>21504</NORD>
    <SARD>1035</SARD>
    <SICI>2315</SICI>
    <SUD>3089</SUD>
  </marketintervaldetail>
  <marketintervaldetail>
    <Data>20150924</Data>
    <Mercato>MGP</Mercato>
    <Ora>19</Ora>
    <Totale>36599</Totale>
    <CNOR>3986</CNOR>
    <CSUD>5414</CSUD>
    <NORD>20680</NORD>
    <SARD>1028</SARD>
    <SICI>2373</SICI>
    <SUD>3118</SUD>
  </marketintervaldetail>
  <marketintervaldetail>
    <Data>20150924</Data>
    <Mercato>MGP</Mercato>
    <Ora>20</Ora>
    <Totale>38692</Totale>
    <CNOR>4198</CNOR>
    <CSUD>5974</CSUD>
    <NORD>21604</NORD>
    <SARD>1060</SARD>
    <SICI>2553</SICI>
    <SUD>3303</SUD>
  </marketintervaldetail>
  <marketintervaldetail>
    <Data>20150924</Data>
    <Mercato>MGP</Mercato>
    <Ora>21</Ora>
    <Totale>38951</Totale>
    <CNOR>4148</CNOR>
    <CSUD>6099</CSUD>
    <NORD>21666</NORD>
    <SARD>1113</SARD>
    <SICI>2580</SICI>
    <SUD>3345</SUD>
  </marketintervaldetail>
  <marketintervaldetail>
    <Data>20150924</Data>
    <Mercato>MGP</Mercato>
    <Ora>22</Ora>
    <Totale>35938</Totale>
    <CNOR>3792</CNOR>
    <CSUD>5609</CSUD>
    <NORD>20189</NORD>
    <SARD>1039</SARD>
    <SICI>2372</SICI>
    <SUD>2937</SUD>
  </marketintervaldetail>
  <marketintervaldetail>
    <Data>20150924</Data>
    <Mercato>MGP</Mercato>
    <Ora>23</Ora>
    <Totale>32904</Totale>
    <CNOR>3347</CNOR>
    <CSUD>5094</CSUD>
    <NORD>18634</NORD>
    <SARD>979</SARD>
    <SICI>2198</SICI>
    <SUD>2652</SUD>
  </marketintervaldetail>
  <marketintervaldetail>
    <Data>20150924</Data>
    <Mercato>MGP</Mercato>
    <Ora>24</Ora>
    <Totale>29740</Totale>
    <CNOR>3000</CNOR>
    <CSUD>4528</CSUD>
    <NORD>16909</NORD>
    <SARD>898</SARD>
    <SICI>1979</SICI>
    <SUD>2426</SUD>
  </marketintervaldetail>
</NewDataSet>