<?xml version="1.0" standalone="yes"?>
<NewDataSet>
  <xs:schema id="NewDataSet" xmlns="" xmlns:xs="http://www.w3.org/2001/XMLSchema" xmlns:msdata="urn:schemas-microsoft-com:xml-msdata">
    <xs:element name="NewDataSet" msdata:IsDataSet="true" msdata:MainDataTable="marketintervaldetail" msdata:UseCurrentLocale="true">
      <xs:complexType>
        <xs:choice minOccurs="0" maxOccurs="unbounded">
          <xs:element name="marketintervaldetail">
            <xs:complexType>
              <xs:sequence>
                <xs:element name="Data" type="xs:string" minOccurs="0" />
                <xs:element name="Mercato" type="xs:string" minOccurs="0" />
                <xs:element name="Ora" type="xs:string" minOccurs="0" />
                <xs:element name="Totale" type="xs:string" minOccurs="0" />
                <xs:element name="CNOR" type="xs:string" minOccurs="0" />
                <xs:element name="CSUD" type="xs:string" minOccurs="0" />
                <xs:element name="NORD" type="xs:string" minOccurs="0" />
                <xs:element name="SARD" type="xs:string" minOccurs="0" />
                <xs:element name="SICI" type="xs:string" minOccurs="0" />
                <xs:element name="SUD" type="xs:string" minOccurs="0" />
              </xs:sequence>
            </xs:complexType>
          </xs:element>
        </xs:choice>
      </xs:complexType>
    </xs:element>
  </xs:schema>
  <marketintervaldetail>
    <Data>20150913</Data>
    <Mercato>MGP</Mercato>
    <Ora>01</Ora>
    <Totale>25619</Totale>
    <CNOR>2704</CNOR>
    <CSUD>4233</CSUD>
    <NORD>12819</NORD>
    <SARD>882</SARD>
    <SICI>2116</SICI>
    <SUD>2865</SUD>
  </marketintervaldetail>
  <marketintervaldetail>
    <Data>20150913</Data>
    <Mercato>MGP</Mercato>
    <Ora>02</Ora>
    <Totale>24057</Totale>
    <CNOR>2539</CNOR>
    <CSUD>3902</CSUD>
    <NORD>12060</NORD>
    <SARD>841</SARD>
    <SICI>1997</SICI>
    <SUD>2718</SUD>
  </marketintervaldetail>
  <marketintervaldetail>
    <Data>20150913</Data>
    <Mercato>MGP</Mercato>
    <Ora>03</Ora>
    <Totale>23030</Totale>
    <CNOR>2454</CNOR>
    <CSUD>3657</CSUD>
    <NORD>11591</NORD>
    <SARD>812</SARD>
    <SICI>1893</SICI>
    <SUD>2623</SUD>
  </marketintervaldetail>
  <marketintervaldetail>
    <Data>20150913</Data>
    <Mercato>MGP</Mercato>
    <Ora>04</Ora>
    <Totale>22430</Totale>
    <CNOR>2389</CNOR>
    <CSUD>3551</CSUD>
    <NORD>11352</NORD>
    <SARD>795</SARD>
    <SICI>1821</SICI>
    <SUD>2522</SUD>
  </marketintervaldetail>
  <marketintervaldetail>
    <Data>20150913</Data>
    <Mercato>MGP</Mercato>
    <Ora>05</Ora>
    <Totale>21992</Totale>
    <CNOR>2354</CNOR>
    <CSUD>3495</CSUD>
    <NORD>11163</NORD>
    <SARD>792</SARD>
    <SICI>1765</SICI>
    <SUD>2423</SUD>
  </marketintervaldetail>
  <marketintervaldetail>
    <Data>20150913</Data>
    <Mercato>MGP</Mercato>
    <Ora>06</Ora>
    <Totale>22116</Totale>
    <CNOR>2385</CNOR>
    <CSUD>3543</CSUD>
    <NORD>11243</NORD>
    <SARD>799</SARD>
    <SICI>1755</SICI>
    <SUD>2391</SUD>
  </marketintervaldetail>
  <marketintervaldetail>
    <Data>20150913</Data>
    <Mercato>MGP</Mercato>
    <Ora>07</Ora>
    <Totale>22379</Totale>
    <CNOR>2344</CNOR>
    <CSUD>3599</CSUD>
    <NORD>11584</NORD>
    <SARD>799</SARD>
    <SICI>1746</SICI>
    <SUD>2307</SUD>
  </marketintervaldetail>
  <marketintervaldetail>
    <Data>20150913</Data>
    <Mercato>MGP</Mercato>
    <Ora>08</Ora>
    <Totale>22282</Totale>
    <CNOR>2323</CNOR>
    <CSUD>3615</CSUD>
    <NORD>11451</NORD>
    <SARD>811</SARD>
    <SICI>1820</SICI>
    <SUD>2262</SUD>
  </marketintervaldetail>
  <marketintervaldetail>
    <Data>20150913</Data>
    <Mercato>MGP</Mercato>
    <Ora>09</Ora>
    <Totale>23962</Totale>
    <CNOR>2487</CNOR>
    <CSUD>4021</CSUD>
    <NORD>12262</NORD>
    <SARD>874</SARD>
    <SICI>1950</SICI>
    <SUD>2368</SUD>
  </marketintervaldetail>
  <marketintervaldetail>
    <Data>20150913</Data>
    <Mercato>MGP</Mercato>
    <Ora>10</Ora>
    <Totale>26056</Totale>
    <CNOR>2663</CNOR>
    <CSUD>4403</CSUD>
    <NORD>13415</NORD>
    <SARD>944</SARD>
    <SICI>2160</SICI>
    <SUD>2471</SUD>
  </marketintervaldetail>
  <marketintervaldetail>
    <Data>20150913</Data>
    <Mercato>MGP</Mercato>
    <Ora>11</Ora>
    <Totale>27334</Totale>
    <CNOR>2908</CNOR>
    <CSUD>4618</CSUD>
    <NORD>14048</NORD>
    <SARD>966</SARD>
    <SICI>2254</SICI>
    <SUD>2540</SUD>
  </marketintervaldetail>
  <marketintervaldetail>
    <Data>20150913</Data>
    <Mercato>MGP</Mercato>
    <Ora>12</Ora>
    <Totale>28008</Totale>
    <CNOR>2988</CNOR>
    <CSUD>4691</CSUD>
    <NORD>14314</NORD>
    <SARD>973</SARD>
    <SICI>2265</SICI>
    <SUD>2777</SUD>
  </marketintervaldetail>
  <marketintervaldetail>
    <Data>20150913</Data>
    <Mercato>MGP</Mercato>
    <Ora>13</Ora>
    <Totale>28177</Totale>
    <CNOR>2900</CNOR>
    <CSUD>4825</CSUD>
    <NORD>14224</NORD>
    <SARD>930</SARD>
    <SICI>2270</SICI>
    <SUD>3028</SUD>
  </marketintervaldetail>
  <marketintervaldetail>
    <Data>20150913</Data>
    <Mercato>MGP</Mercato>
    <Ora>14</Ora>
    <Totale>27017</Totale>
    <CNOR>2641</CNOR>
    <CSUD>4667</CSUD>
    <NORD>13561</NORD>
    <SARD>887</SARD>
    <SICI>2235</SICI>
    <SUD>3026</SUD>
  </marketintervaldetail>
  <marketintervaldetail>
    <Data>20150913</Data>
    <Mercato>MGP</Mercato>
    <Ora>15</Ora>
    <Totale>26221</Totale>
    <CNOR>2497</CNOR>
    <CSUD>4710</CSUD>
    <NORD>13324</NORD>
    <SARD>852</SARD>
    <SICI>2163</SICI>
    <SUD>2675</SUD>
  </marketintervaldetail>
  <marketintervaldetail>
    <Data>20150913</Data>
    <Mercato>MGP</Mercato>
    <Ora>16</Ora>
    <Totale>26262</Totale>
    <CNOR>2615</CNOR>
    <CSUD>4660</CSUD>
    <NORD>13250</NORD>
    <SARD>838</SARD>
    <SICI>2157</SICI>
    <SUD>2742</SUD>
  </marketintervaldetail>
  <marketintervaldetail>
    <Data>20150913</Data>
    <Mercato>MGP</Mercato>
    <Ora>17</Ora>
    <Totale>26005</Totale>
    <CNOR>2669</CNOR>
    <CSUD>4509</CSUD>
    <NORD>13258</NORD>
    <SARD>876</SARD>
    <SICI>2128</SICI>
    <SUD>2565</SUD>
  </marketintervaldetail>
  <marketintervaldetail>
    <Data>20150913</Data>
    <Mercato>MGP</Mercato>
    <Ora>18</Ora>
    <Totale>26190</Totale>
    <CNOR>2674</CNOR>
    <CSUD>4599</CSUD>
    <NORD>13386</NORD>
    <SARD>877</SARD>
    <SICI>2100</SICI>
    <SUD>2554</SUD>
  </marketintervaldetail>
  <marketintervaldetail>
    <Data>20150913</Data>
    <Mercato>MGP</Mercato>
    <Ora>19</Ora>
    <Totale>27058</Totale>
    <CNOR>2822</CNOR>
    <CSUD>4610</CSUD>
    <NORD>13929</NORD>
    <SARD>906</SARD>
    <SICI>2149</SICI>
    <SUD>2642</SUD>
  </marketintervaldetail>
  <marketintervaldetail>
    <Data>20150913</Data>
    <Mercato>MGP</Mercato>
    <Ora>20</Ora>
    <Totale>29515</Totale>
    <CNOR>3095</CNOR>
    <CSUD>5201</CSUD>
    <NORD>14779</NORD>
    <SARD>1002</SARD>
    <SICI>2398</SICI>
    <SUD>3040</SUD>
  </marketintervaldetail>
  <marketintervaldetail>
    <Data>20150913</Data>
    <Mercato>MGP</Mercato>
    <Ora>21</Ora>
    <Totale>31449</Totale>
    <CNOR>3337</CNOR>
    <CSUD>5555</CSUD>
    <NORD>15699</NORD>
    <SARD>1097</SARD>
    <SICI>2547</SICI>
    <SUD>3214</SUD>
  </marketintervaldetail>
  <marketintervaldetail>
    <Data>20150913</Data>
    <Mercato>MGP</Mercato>
    <Ora>22</Ora>
    <Totale>30266</Totale>
    <CNOR>3208</CNOR>
    <CSUD>5322</CSUD>
    <NORD>15162</NORD>
    <SARD>1051</SARD>
    <SICI>2475</SICI>
    <SUD>3048</SUD>
  </marketintervaldetail>
  <marketintervaldetail>
    <Data>20150913</Data>
    <Mercato>MGP</Mercato>
    <Ora>23</Ora>
    <Totale>28328</Totale>
    <CNOR>3027</CNOR>
    <CSUD>4936</CSUD>
    <NORD>14112</NORD>
    <SARD>985</SARD>
    <SICI>2363</SICI>
    <SUD>2905</SUD>
  </marketintervaldetail>
  <marketintervaldetail>
    <Data>20150913</Data>
    <Mercato>MGP</Mercato>
    <Ora>24</Ora>
    <Totale>26165</Totale>
    <CNOR>2751</CNOR>
    <CSUD>4518</CSUD>
    <NORD>13112</NORD>
    <SARD>921</SARD>
    <SICI>2197</SICI>
    <SUD>2666</SUD>
  </marketintervaldetail>
</NewDataSet>