<?xml version="1.0" standalone="yes"?>
<NewDataSet>
  <xs:schema id="NewDataSet" xmlns="" xmlns:xs="http://www.w3.org/2001/XMLSchema" xmlns:msdata="urn:schemas-microsoft-com:xml-msdata">
    <xs:element name="NewDataSet" msdata:IsDataSet="true" msdata:MainDataTable="marketintervaldetail" msdata:UseCurrentLocale="true">
      <xs:complexType>
        <xs:choice minOccurs="0" maxOccurs="unbounded">
          <xs:element name="marketintervaldetail">
            <xs:complexType>
              <xs:sequence>
                <xs:element name="Data" type="xs:string" minOccurs="0" />
                <xs:element name="Mercato" type="xs:string" minOccurs="0" />
                <xs:element name="Ora" type="xs:string" minOccurs="0" />
                <xs:element name="Totale" type="xs:string" minOccurs="0" />
                <xs:element name="CNOR" type="xs:string" minOccurs="0" />
                <xs:element name="CSUD" type="xs:string" minOccurs="0" />
                <xs:element name="NORD" type="xs:string" minOccurs="0" />
                <xs:element name="SARD" type="xs:string" minOccurs="0" />
                <xs:element name="SICI" type="xs:string" minOccurs="0" />
                <xs:element name="SUD" type="xs:string" minOccurs="0" />
              </xs:sequence>
            </xs:complexType>
          </xs:element>
        </xs:choice>
      </xs:complexType>
    </xs:element>
  </xs:schema>
  <marketintervaldetail>
    <Data>20150916</Data>
    <Mercato>MGP</Mercato>
    <Ora>01</Ora>
    <Totale>28269</Totale>
    <CNOR>2948</CNOR>
    <CSUD>4648</CSUD>
    <NORD>15512</NORD>
    <SARD>938</SARD>
    <SICI>1708</SICI>
    <SUD>2515</SUD>
  </marketintervaldetail>
  <marketintervaldetail>
    <Data>20150916</Data>
    <Mercato>MGP</Mercato>
    <Ora>02</Ora>
    <Totale>26708</Totale>
    <CNOR>2846</CNOR>
    <CSUD>4286</CSUD>
    <NORD>14707</NORD>
    <SARD>869</SARD>
    <SICI>1586</SICI>
    <SUD>2414</SUD>
  </marketintervaldetail>
  <marketintervaldetail>
    <Data>20150916</Data>
    <Mercato>MGP</Mercato>
    <Ora>03</Ora>
    <Totale>25673</Totale>
    <CNOR>2731</CNOR>
    <CSUD>4072</CSUD>
    <NORD>14227</NORD>
    <SARD>823</SARD>
    <SICI>1527</SICI>
    <SUD>2293</SUD>
  </marketintervaldetail>
  <marketintervaldetail>
    <Data>20150916</Data>
    <Mercato>MGP</Mercato>
    <Ora>04</Ora>
    <Totale>25403</Totale>
    <CNOR>2745</CNOR>
    <CSUD>4028</CSUD>
    <NORD>14091</NORD>
    <SARD>812</SARD>
    <SICI>1501</SICI>
    <SUD>2226</SUD>
  </marketintervaldetail>
  <marketintervaldetail>
    <Data>20150916</Data>
    <Mercato>MGP</Mercato>
    <Ora>05</Ora>
    <Totale>25569</Totale>
    <CNOR>2744</CNOR>
    <CSUD>4051</CSUD>
    <NORD>14189</NORD>
    <SARD>834</SARD>
    <SICI>1516</SICI>
    <SUD>2235</SUD>
  </marketintervaldetail>
  <marketintervaldetail>
    <Data>20150916</Data>
    <Mercato>MGP</Mercato>
    <Ora>06</Ora>
    <Totale>26660</Totale>
    <CNOR>2907</CNOR>
    <CSUD>4227</CSUD>
    <NORD>14874</NORD>
    <SARD>852</SARD>
    <SICI>1579</SICI>
    <SUD>2221</SUD>
  </marketintervaldetail>
  <marketintervaldetail>
    <Data>20150916</Data>
    <Mercato>MGP</Mercato>
    <Ora>07</Ora>
    <Totale>30500</Totale>
    <CNOR>2910</CNOR>
    <CSUD>4390</CSUD>
    <NORD>17420</NORD>
    <SARD>893</SARD>
    <SICI>1842</SICI>
    <SUD>3045</SUD>
  </marketintervaldetail>
  <marketintervaldetail>
    <Data>20150916</Data>
    <Mercato>MGP</Mercato>
    <Ora>08</Ora>
    <Totale>35340</Totale>
    <CNOR>3465</CNOR>
    <CSUD>5133</CSUD>
    <NORD>20694</NORD>
    <SARD>1000</SARD>
    <SICI>1925</SICI>
    <SUD>3123</SUD>
  </marketintervaldetail>
  <marketintervaldetail>
    <Data>20150916</Data>
    <Mercato>MGP</Mercato>
    <Ora>09</Ora>
    <Totale>40438</Totale>
    <CNOR>4480</CNOR>
    <CSUD>5941</CSUD>
    <NORD>23682</NORD>
    <SARD>1097</SARD>
    <SICI>2141</SICI>
    <SUD>3097</SUD>
  </marketintervaldetail>
  <marketintervaldetail>
    <Data>20150916</Data>
    <Mercato>MGP</Mercato>
    <Ora>10</Ora>
    <Totale>42837</Totale>
    <CNOR>4873</CNOR>
    <CSUD>6359</CSUD>
    <NORD>24934</NORD>
    <SARD>1145</SARD>
    <SICI>2255</SICI>
    <SUD>3271</SUD>
  </marketintervaldetail>
  <marketintervaldetail>
    <Data>20150916</Data>
    <Mercato>MGP</Mercato>
    <Ora>11</Ora>
    <Totale>43548</Totale>
    <CNOR>5079</CNOR>
    <CSUD>6701</CSUD>
    <NORD>25128</NORD>
    <SARD>1123</SARD>
    <SICI>2271</SICI>
    <SUD>3246</SUD>
  </marketintervaldetail>
  <marketintervaldetail>
    <Data>20150916</Data>
    <Mercato>MGP</Mercato>
    <Ora>12</Ora>
    <Totale>43772</Totale>
    <CNOR>5096</CNOR>
    <CSUD>6716</CSUD>
    <NORD>25182</NORD>
    <SARD>1106</SARD>
    <SICI>2313</SICI>
    <SUD>3359</SUD>
  </marketintervaldetail>
  <marketintervaldetail>
    <Data>20150916</Data>
    <Mercato>MGP</Mercato>
    <Ora>13</Ora>
    <Totale>41999</Totale>
    <CNOR>4840</CNOR>
    <CSUD>6629</CSUD>
    <NORD>23422</NORD>
    <SARD>1145</SARD>
    <SICI>2316</SICI>
    <SUD>3647</SUD>
  </marketintervaldetail>
  <marketintervaldetail>
    <Data>20150916</Data>
    <Mercato>MGP</Mercato>
    <Ora>14</Ora>
    <Totale>40655</Totale>
    <CNOR>4651</CNOR>
    <CSUD>6444</CSUD>
    <NORD>22843</NORD>
    <SARD>1102</SARD>
    <SICI>2274</SICI>
    <SUD>3341</SUD>
  </marketintervaldetail>
  <marketintervaldetail>
    <Data>20150916</Data>
    <Mercato>MGP</Mercato>
    <Ora>15</Ora>
    <Totale>41932</Totale>
    <CNOR>4755</CNOR>
    <CSUD>6539</CSUD>
    <NORD>24378</NORD>
    <SARD>1046</SARD>
    <SICI>2163</SICI>
    <SUD>3051</SUD>
  </marketintervaldetail>
  <marketintervaldetail>
    <Data>20150916</Data>
    <Mercato>MGP</Mercato>
    <Ora>16</Ora>
    <Totale>42625</Totale>
    <CNOR>4897</CNOR>
    <CSUD>6596</CSUD>
    <NORD>24776</NORD>
    <SARD>1109</SARD>
    <SICI>2095</SICI>
    <SUD>3152</SUD>
  </marketintervaldetail>
  <marketintervaldetail>
    <Data>20150916</Data>
    <Mercato>MGP</Mercato>
    <Ora>17</Ora>
    <Totale>42444</Totale>
    <CNOR>4757</CNOR>
    <CSUD>6668</CSUD>
    <NORD>24563</NORD>
    <SARD>1103</SARD>
    <SICI>2114</SICI>
    <SUD>3239</SUD>
  </marketintervaldetail>
  <marketintervaldetail>
    <Data>20150916</Data>
    <Mercato>MGP</Mercato>
    <Ora>18</Ora>
    <Totale>41155</Totale>
    <CNOR>4648</CNOR>
    <CSUD>6556</CSUD>
    <NORD>23188</NORD>
    <SARD>1123</SARD>
    <SICI>2167</SICI>
    <SUD>3473</SUD>
  </marketintervaldetail>
  <marketintervaldetail>
    <Data>20150916</Data>
    <Mercato>MGP</Mercato>
    <Ora>19</Ora>
    <Totale>39909</Totale>
    <CNOR>4495</CNOR>
    <CSUD>6437</CSUD>
    <NORD>22107</NORD>
    <SARD>1141</SARD>
    <SICI>2220</SICI>
    <SUD>3509</SUD>
  </marketintervaldetail>
  <marketintervaldetail>
    <Data>20150916</Data>
    <Mercato>MGP</Mercato>
    <Ora>20</Ora>
    <Totale>41765</Totale>
    <CNOR>4672</CNOR>
    <CSUD>7079</CSUD>
    <NORD>22396</NORD>
    <SARD>1189</SARD>
    <SICI>2470</SICI>
    <SUD>3959</SUD>
  </marketintervaldetail>
  <marketintervaldetail>
    <Data>20150916</Data>
    <Mercato>MGP</Mercato>
    <Ora>21</Ora>
    <Totale>42240</Totale>
    <CNOR>4709</CNOR>
    <CSUD>7101</CSUD>
    <NORD>22589</NORD>
    <SARD>1259</SARD>
    <SICI>2523</SICI>
    <SUD>4059</SUD>
  </marketintervaldetail>
  <marketintervaldetail>
    <Data>20150916</Data>
    <Mercato>MGP</Mercato>
    <Ora>22</Ora>
    <Totale>38999</Totale>
    <CNOR>4245</CNOR>
    <CSUD>6506</CSUD>
    <NORD>21045</NORD>
    <SARD>1186</SARD>
    <SICI>2361</SICI>
    <SUD>3656</SUD>
  </marketintervaldetail>
  <marketintervaldetail>
    <Data>20150916</Data>
    <Mercato>MGP</Mercato>
    <Ora>23</Ora>
    <Totale>35250</Totale>
    <CNOR>3832</CNOR>
    <CSUD>5933</CSUD>
    <NORD>18862</NORD>
    <SARD>1093</SARD>
    <SICI>2179</SICI>
    <SUD>3351</SUD>
  </marketintervaldetail>
  <marketintervaldetail>
    <Data>20150916</Data>
    <Mercato>MGP</Mercato>
    <Ora>24</Ora>
    <Totale>32240</Totale>
    <CNOR>3602</CNOR>
    <CSUD>4985</CSUD>
    <NORD>17268</NORD>
    <SARD>1022</SARD>
    <SICI>2016</SICI>
    <SUD>3347</SUD>
  </marketintervaldetail>
</NewDataSet>