<?xml version="1.0" standalone="yes"?>
<NewDataSet>
  <xs:schema id="NewDataSet" xmlns="" xmlns:xs="http://www.w3.org/2001/XMLSchema" xmlns:msdata="urn:schemas-microsoft-com:xml-msdata">
    <xs:element name="NewDataSet" msdata:IsDataSet="true" msdata:UseCurrentLocale="true">
      <xs:complexType>
        <xs:choice minOccurs="0" maxOccurs="unbounded">
          <xs:element name="Prezzi">
            <xs:complexType>
              <xs:sequence>
                <xs:element name="Data" type="xs:string" minOccurs="0" />
                <xs:element name="Mercato" type="xs:string" minOccurs="0" />
                <xs:element name="Ora" type="xs:string" minOccurs="0" />
                <xs:element name="PUN" type="xs:string" minOccurs="0" />
                <xs:element name="NAT" type="xs:string" minOccurs="0" />
                <xs:element name="CNOR" type="xs:string" minOccurs="0" />
                <xs:element name="CSUD" type="xs:string" minOccurs="0" />
                <xs:element name="NORD" type="xs:string" minOccurs="0" />
                <xs:element name="SARD" type="xs:string" minOccurs="0" />
                <xs:element name="SICI" type="xs:string" minOccurs="0" />
                <xs:element name="SUD" type="xs:string" minOccurs="0" />
                <xs:element name="AUST" type="xs:string" minOccurs="0" />
                <xs:element name="BRNN" type="xs:string" minOccurs="0" />
                <xs:element name="COAC" type="xs:string" minOccurs="0" />
                <xs:element name="CORS" type="xs:string" minOccurs="0" />
                <xs:element name="FOGN" type="xs:string" minOccurs="0" />
                <xs:element name="FRAN" type="xs:string" minOccurs="0" />
                <xs:element name="GREC" type="xs:string" minOccurs="0" />
                <xs:element name="MFTV" type="xs:string" minOccurs="0" />
                <xs:element name="PRGP" type="xs:string" minOccurs="0" />
                <xs:element name="ROSN" type="xs:string" minOccurs="0" />
                <xs:element name="SLOV" type="xs:string" minOccurs="0" />
                <xs:element name="SVIZ" type="xs:string" minOccurs="0" />
                <xs:element name="BSP" type="xs:string" minOccurs="0" />
                <xs:element name="MALT" type="xs:string" minOccurs="0" />
                <xs:element name="XAUS" type="xs:string" minOccurs="0" />
                <xs:element name="XFRA" type="xs:string" minOccurs="0" />
              </xs:sequence>
            </xs:complexType>
          </xs:element>
        </xs:choice>
      </xs:complexType>
    </xs:element>
  </xs:schema>
  <Prezzi>
    <Data>20160210</Data>
    <Mercato>MGP</Mercato>
    <Ora>1</Ora>
    <PUN>28,980000</PUN>
    <NAT>28,980000</NAT>
    <CNOR>28,980000</CNOR>
    <CSUD>28,980000</CSUD>
    <NORD>28,980000</NORD>
    <SARD>28,980000</SARD>
    <SICI>28,980000</SICI>
    <SUD>28,980000</SUD>
    <AUST>28,980000</AUST>
    <BRNN>28,980000</BRNN>
    <COAC>28,980000</COAC>
    <CORS>28,980000</CORS>
    <FOGN>28,980000</FOGN>
    <FRAN>28,980000</FRAN>
    <GREC>28,980000</GREC>
    <MFTV>28,980000</MFTV>
    <PRGP>28,980000</PRGP>
    <ROSN>28,980000</ROSN>
    <SLOV>28,980000</SLOV>
    <SVIZ>28,980000</SVIZ>
    <BSP>28,980000</BSP>
    <MALT>28,980000</MALT>
    <XAUS>28,980000</XAUS>
    <XFRA>28,980000</XFRA>
  </Prezzi>
  <Prezzi>
    <Data>20160210</Data>
    <Mercato>MGP</Mercato>
    <Ora>2</Ora>
    <PUN>26,283170</PUN>
    <NAT>26,000000</NAT>
    <CNOR>26,300000</CNOR>
    <CSUD>26,300000</CSUD>
    <NORD>26,300000</NORD>
    <SARD>26,300000</SARD>
    <SICI>25,970000</SICI>
    <SUD>26,300000</SUD>
    <AUST>26,300000</AUST>
    <BRNN>26,300000</BRNN>
    <COAC>26,300000</COAC>
    <CORS>26,300000</CORS>
    <FOGN>26,300000</FOGN>
    <FRAN>26,300000</FRAN>
    <GREC>26,300000</GREC>
    <MFTV>26,300000</MFTV>
    <PRGP>25,970000</PRGP>
    <ROSN>26,300000</ROSN>
    <SLOV>26,300000</SLOV>
    <SVIZ>26,300000</SVIZ>
    <BSP>26,300000</BSP>
    <MALT>25,970000</MALT>
    <XAUS>26,300000</XAUS>
    <XFRA>26,300000</XFRA>
  </Prezzi>
  <Prezzi>
    <Data>20160210</Data>
    <Mercato>MGP</Mercato>
    <Ora>3</Ora>
    <PUN>25,000000</PUN>
    <NAT>25,000000</NAT>
    <CNOR>25,000000</CNOR>
    <CSUD>25,000000</CSUD>
    <NORD>25,000000</NORD>
    <SARD>25,000000</SARD>
    <SICI>25,000000</SICI>
    <SUD>25,000000</SUD>
    <AUST>25,000000</AUST>
    <BRNN>25,000000</BRNN>
    <COAC>25,000000</COAC>
    <CORS>25,000000</CORS>
    <FOGN>25,000000</FOGN>
    <FRAN>25,000000</FRAN>
    <GREC>25,000000</GREC>
    <MFTV>25,000000</MFTV>
    <PRGP>25,000000</PRGP>
    <ROSN>25,000000</ROSN>
    <SLOV>25,000000</SLOV>
    <SVIZ>25,000000</SVIZ>
    <BSP>25,000000</BSP>
    <MALT>25,000000</MALT>
    <XAUS>25,000000</XAUS>
    <XFRA>25,000000</XFRA>
  </Prezzi>
  <Prezzi>
    <Data>20160210</Data>
    <Mercato>MGP</Mercato>
    <Ora>4</Ora>
    <PUN>19,990000</PUN>
    <NAT>19,990000</NAT>
    <CNOR>19,990000</CNOR>
    <CSUD>19,990000</CSUD>
    <NORD>19,990000</NORD>
    <SARD>19,990000</SARD>
    <SICI>19,990000</SICI>
    <SUD>19,990000</SUD>
    <AUST>19,990000</AUST>
    <BRNN>19,990000</BRNN>
    <COAC>19,990000</COAC>
    <CORS>19,990000</CORS>
    <FOGN>19,990000</FOGN>
    <FRAN>19,990000</FRAN>
    <GREC>19,990000</GREC>
    <MFTV>19,990000</MFTV>
    <PRGP>19,990000</PRGP>
    <ROSN>19,990000</ROSN>
    <SLOV>19,990000</SLOV>
    <SVIZ>19,990000</SVIZ>
    <BSP>19,990000</BSP>
    <MALT>19,990000</MALT>
    <XAUS>19,990000</XAUS>
    <XFRA>19,990000</XFRA>
  </Prezzi>
  <Prezzi>
    <Data>20160210</Data>
    <Mercato>MGP</Mercato>
    <Ora>5</Ora>
    <PUN>24,040000</PUN>
    <NAT>24,040000</NAT>
    <CNOR>24,040000</CNOR>
    <CSUD>24,040000</CSUD>
    <NORD>24,040000</NORD>
    <SARD>24,040000</SARD>
    <SICI>24,040000</SICI>
    <SUD>24,040000</SUD>
    <AUST>24,040000</AUST>
    <BRNN>24,040000</BRNN>
    <COAC>24,040000</COAC>
    <CORS>24,040000</CORS>
    <FOGN>24,040000</FOGN>
    <FRAN>24,040000</FRAN>
    <GREC>24,040000</GREC>
    <MFTV>24,040000</MFTV>
    <PRGP>24,040000</PRGP>
    <ROSN>24,040000</ROSN>
    <SLOV>24,040000</SLOV>
    <SVIZ>24,040000</SVIZ>
    <BSP>24,040000</BSP>
    <MALT>24,040000</MALT>
    <XAUS>24,040000</XAUS>
    <XFRA>24,040000</XFRA>
  </Prezzi>
  <Prezzi>
    <Data>20160210</Data>
    <Mercato>MGP</Mercato>
    <Ora>6</Ora>
    <PUN>27,260000</PUN>
    <NAT>27,260000</NAT>
    <CNOR>27,260000</CNOR>
    <CSUD>27,260000</CSUD>
    <NORD>27,260000</NORD>
    <SARD>27,260000</SARD>
    <SICI>27,260000</SICI>
    <SUD>27,260000</SUD>
    <AUST>27,260000</AUST>
    <BRNN>27,260000</BRNN>
    <COAC>27,260000</COAC>
    <CORS>27,260000</CORS>
    <FOGN>27,260000</FOGN>
    <FRAN>27,260000</FRAN>
    <GREC>27,260000</GREC>
    <MFTV>27,260000</MFTV>
    <PRGP>27,260000</PRGP>
    <ROSN>27,260000</ROSN>
    <SLOV>27,260000</SLOV>
    <SVIZ>27,260000</SVIZ>
    <BSP>27,260000</BSP>
    <MALT>27,260000</MALT>
    <XAUS>27,260000</XAUS>
    <XFRA>27,260000</XFRA>
  </Prezzi>
  <Prezzi>
    <Data>20160210</Data>
    <Mercato>MGP</Mercato>
    <Ora>7</Ora>
    <PUN>35,168780</PUN>
    <NAT>35,540000</NAT>
    <CNOR>34,290000</CNOR>
    <CSUD>34,290000</CSUD>
    <NORD>35,780000</NORD>
    <SARD>34,290000</SARD>
    <SICI>34,290000</SICI>
    <SUD>34,290000</SUD>
    <AUST>35,780000</AUST>
    <BRNN>34,290000</BRNN>
    <COAC>34,290000</COAC>
    <CORS>34,290000</CORS>
    <FOGN>34,290000</FOGN>
    <FRAN>35,780000</FRAN>
    <GREC>34,290000</GREC>
    <MFTV>35,780000</MFTV>
    <PRGP>34,290000</PRGP>
    <ROSN>34,290000</ROSN>
    <SLOV>35,780000</SLOV>
    <SVIZ>35,780000</SVIZ>
    <BSP>35,780000</BSP>
    <MALT>34,290000</MALT>
    <XAUS>35,780000</XAUS>
    <XFRA>35,780000</XFRA>
  </Prezzi>
  <Prezzi>
    <Data>20160210</Data>
    <Mercato>MGP</Mercato>
    <Ora>8</Ora>
    <PUN>39,923740</PUN>
    <NAT>39,990000</NAT>
    <CNOR>38,570000</CNOR>
    <CSUD>38,570000</CSUD>
    <NORD>40,000000</NORD>
    <SARD>38,570000</SARD>
    <SICI>48,990000</SICI>
    <SUD>38,570000</SUD>
    <AUST>40,000000</AUST>
    <BRNN>38,570000</BRNN>
    <COAC>38,570000</COAC>
    <CORS>38,570000</CORS>
    <FOGN>38,570000</FOGN>
    <FRAN>40,000000</FRAN>
    <GREC>38,570000</GREC>
    <MFTV>40,000000</MFTV>
    <PRGP>48,990000</PRGP>
    <ROSN>38,570000</ROSN>
    <SLOV>40,000000</SLOV>
    <SVIZ>40,000000</SVIZ>
    <BSP>40,000000</BSP>
    <MALT>48,990000</MALT>
    <XAUS>40,000000</XAUS>
    <XFRA>40,000000</XFRA>
  </Prezzi>
  <Prezzi>
    <Data>20160210</Data>
    <Mercato>MGP</Mercato>
    <Ora>9</Ora>
    <PUN>40,378820</PUN>
    <NAT>39,990000</NAT>
    <CNOR>39,520000</CNOR>
    <CSUD>39,520000</CSUD>
    <NORD>40,000000</NORD>
    <SARD>39,520000</SARD>
    <SICI>52,240000</SICI>
    <SUD>38,940000</SUD>
    <AUST>40,000000</AUST>
    <BRNN>38,940000</BRNN>
    <COAC>39,520000</COAC>
    <CORS>39,520000</CORS>
    <FOGN>38,940000</FOGN>
    <FRAN>40,000000</FRAN>
    <GREC>38,940000</GREC>
    <MFTV>40,000000</MFTV>
    <PRGP>52,240000</PRGP>
    <ROSN>38,940000</ROSN>
    <SLOV>40,000000</SLOV>
    <SVIZ>40,000000</SVIZ>
    <BSP>40,000000</BSP>
    <MALT>52,240000</MALT>
    <XAUS>40,000000</XAUS>
    <XFRA>40,000000</XFRA>
  </Prezzi>
  <Prezzi>
    <Data>20160210</Data>
    <Mercato>MGP</Mercato>
    <Ora>10</Ora>
    <PUN>37,759390</PUN>
    <NAT>38,500000</NAT>
    <CNOR>34,290000</CNOR>
    <CSUD>34,290000</CSUD>
    <NORD>39,990000</NORD>
    <SARD>34,290000</SARD>
    <SICI>34,290000</SICI>
    <SUD>34,290000</SUD>
    <AUST>39,990000</AUST>
    <BRNN>34,290000</BRNN>
    <COAC>34,290000</COAC>
    <CORS>34,290000</CORS>
    <FOGN>34,290000</FOGN>
    <FRAN>39,990000</FRAN>
    <GREC>34,290000</GREC>
    <MFTV>39,990000</MFTV>
    <PRGP>34,290000</PRGP>
    <ROSN>34,290000</ROSN>
    <SLOV>39,990000</SLOV>
    <SVIZ>39,990000</SVIZ>
    <BSP>39,990000</BSP>
    <MALT>34,290000</MALT>
    <XAUS>39,990000</XAUS>
    <XFRA>39,990000</XFRA>
  </Prezzi>
  <Prezzi>
    <Data>20160210</Data>
    <Mercato>MGP</Mercato>
    <Ora>11</Ora>
    <PUN>36,288170</PUN>
    <NAT>36,620000</NAT>
    <CNOR>32,270000</CNOR>
    <CSUD>32,270000</CSUD>
    <NORD>39,380000</NORD>
    <SARD>32,270000</SARD>
    <SICI>25,970000</SICI>
    <SUD>32,270000</SUD>
    <AUST>39,380000</AUST>
    <BRNN>32,270000</BRNN>
    <COAC>32,270000</COAC>
    <CORS>32,270000</CORS>
    <FOGN>32,270000</FOGN>
    <FRAN>39,380000</FRAN>
    <GREC>32,270000</GREC>
    <MFTV>39,380000</MFTV>
    <PRGP>25,970000</PRGP>
    <ROSN>32,270000</ROSN>
    <SLOV>39,380000</SLOV>
    <SVIZ>39,380000</SVIZ>
    <BSP>39,380000</BSP>
    <MALT>25,970000</MALT>
    <XAUS>39,380000</XAUS>
    <XFRA>39,380000</XFRA>
  </Prezzi>
  <Prezzi>
    <Data>20160210</Data>
    <Mercato>MGP</Mercato>
    <Ora>12</Ora>
    <PUN>36,379530</PUN>
    <NAT>36,640000</NAT>
    <CNOR>32,730000</CNOR>
    <CSUD>32,270000</CSUD>
    <NORD>39,990000</NORD>
    <SARD>32,270000</SARD>
    <SICI>25,970000</SICI>
    <SUD>28,970000</SUD>
    <AUST>39,990000</AUST>
    <BRNN>28,970000</BRNN>
    <COAC>32,270000</COAC>
    <CORS>32,730000</CORS>
    <FOGN>28,970000</FOGN>
    <FRAN>39,990000</FRAN>
    <GREC>28,970000</GREC>
    <MFTV>39,990000</MFTV>
    <PRGP>25,970000</PRGP>
    <ROSN>28,970000</ROSN>
    <SLOV>39,990000</SLOV>
    <SVIZ>39,990000</SVIZ>
    <BSP>39,990000</BSP>
    <MALT>25,970000</MALT>
    <XAUS>39,990000</XAUS>
    <XFRA>39,990000</XFRA>
  </Prezzi>
  <Prezzi>
    <Data>20160210</Data>
    <Mercato>MGP</Mercato>
    <Ora>13</Ora>
    <PUN>33,828350</PUN>
    <NAT>34,020000</NAT>
    <CNOR>30,260000</CNOR>
    <CSUD>30,260000</CSUD>
    <NORD>36,560000</NORD>
    <SARD>30,260000</SARD>
    <SICI>29,510000</SICI>
    <SUD>29,510000</SUD>
    <AUST>36,560000</AUST>
    <BRNN>29,510000</BRNN>
    <COAC>30,260000</COAC>
    <CORS>30,260000</CORS>
    <FOGN>29,510000</FOGN>
    <FRAN>36,560000</FRAN>
    <GREC>29,510000</GREC>
    <MFTV>36,560000</MFTV>
    <PRGP>29,510000</PRGP>
    <ROSN>29,510000</ROSN>
    <SLOV>36,560000</SLOV>
    <SVIZ>36,560000</SVIZ>
    <BSP>36,560000</BSP>
    <MALT>29,510000</MALT>
    <XAUS>36,560000</XAUS>
    <XFRA>36,560000</XFRA>
  </Prezzi>
  <Prezzi>
    <Data>20160210</Data>
    <Mercato>MGP</Mercato>
    <Ora>14</Ora>
    <PUN>32,486830</PUN>
    <NAT>32,540000</NAT>
    <CNOR>25,970000</CNOR>
    <CSUD>25,970000</CSUD>
    <NORD>36,760000</NORD>
    <SARD>25,970000</SARD>
    <SICI>25,970000</SICI>
    <SUD>25,970000</SUD>
    <AUST>36,760000</AUST>
    <BRNN>25,970000</BRNN>
    <COAC>25,970000</COAC>
    <CORS>25,970000</CORS>
    <FOGN>25,970000</FOGN>
    <FRAN>36,760000</FRAN>
    <GREC>25,970000</GREC>
    <MFTV>36,760000</MFTV>
    <PRGP>25,970000</PRGP>
    <ROSN>25,970000</ROSN>
    <SLOV>36,760000</SLOV>
    <SVIZ>36,760000</SVIZ>
    <BSP>36,760000</BSP>
    <MALT>25,970000</MALT>
    <XAUS>36,760000</XAUS>
    <XFRA>36,760000</XFRA>
  </Prezzi>
  <Prezzi>
    <Data>20160210</Data>
    <Mercato>MGP</Mercato>
    <Ora>15</Ora>
    <PUN>33,958610</PUN>
    <NAT>34,990000</NAT>
    <CNOR>27,160000</CNOR>
    <CSUD>27,160000</CSUD>
    <NORD>38,500000</NORD>
    <SARD>27,160000</SARD>
    <SICI>25,970000</SICI>
    <SUD>27,160000</SUD>
    <AUST>38,500000</AUST>
    <BRNN>27,160000</BRNN>
    <COAC>27,160000</COAC>
    <CORS>27,160000</CORS>
    <FOGN>27,160000</FOGN>
    <FRAN>38,500000</FRAN>
    <GREC>27,160000</GREC>
    <MFTV>38,500000</MFTV>
    <PRGP>25,970000</PRGP>
    <ROSN>27,160000</ROSN>
    <SLOV>38,500000</SLOV>
    <SVIZ>38,500000</SVIZ>
    <BSP>38,500000</BSP>
    <MALT>25,970000</MALT>
    <XAUS>38,500000</XAUS>
    <XFRA>38,500000</XFRA>
  </Prezzi>
  <Prezzi>
    <Data>20160210</Data>
    <Mercato>MGP</Mercato>
    <Ora>16</Ora>
    <PUN>35,759830</PUN>
    <NAT>36,440000</NAT>
    <CNOR>30,270000</CNOR>
    <CSUD>30,270000</CSUD>
    <NORD>39,380000</NORD>
    <SARD>30,270000</SARD>
    <SICI>30,270000</SICI>
    <SUD>30,270000</SUD>
    <AUST>39,380000</AUST>
    <BRNN>30,270000</BRNN>
    <COAC>30,270000</COAC>
    <CORS>30,270000</CORS>
    <FOGN>30,270000</FOGN>
    <FRAN>39,380000</FRAN>
    <GREC>30,270000</GREC>
    <MFTV>39,380000</MFTV>
    <PRGP>30,270000</PRGP>
    <ROSN>30,270000</ROSN>
    <SLOV>39,380000</SLOV>
    <SVIZ>39,380000</SVIZ>
    <BSP>39,380000</BSP>
    <MALT>30,270000</MALT>
    <XAUS>39,380000</XAUS>
    <XFRA>39,380000</XFRA>
  </Prezzi>
  <Prezzi>
    <Data>20160210</Data>
    <Mercato>MGP</Mercato>
    <Ora>17</Ora>
    <PUN>39,380000</PUN>
    <NAT>39,380000</NAT>
    <CNOR>39,380000</CNOR>
    <CSUD>39,380000</CSUD>
    <NORD>39,380000</NORD>
    <SARD>39,380000</SARD>
    <SICI>39,380000</SICI>
    <SUD>39,380000</SUD>
    <AUST>39,380000</AUST>
    <BRNN>39,380000</BRNN>
    <COAC>39,380000</COAC>
    <CORS>39,380000</CORS>
    <FOGN>39,380000</FOGN>
    <FRAN>39,380000</FRAN>
    <GREC>39,380000</GREC>
    <MFTV>39,380000</MFTV>
    <PRGP>39,380000</PRGP>
    <ROSN>39,380000</ROSN>
    <SLOV>39,380000</SLOV>
    <SVIZ>39,380000</SVIZ>
    <BSP>39,380000</BSP>
    <MALT>39,380000</MALT>
    <XAUS>39,380000</XAUS>
    <XFRA>39,380000</XFRA>
  </Prezzi>
  <Prezzi>
    <Data>20160210</Data>
    <Mercato>MGP</Mercato>
    <Ora>18</Ora>
    <PUN>42,645900</PUN>
    <NAT>42,430000</NAT>
    <CNOR>42,100000</CNOR>
    <CSUD>42,100000</CSUD>
    <NORD>42,100000</NORD>
    <SARD>42,100000</SARD>
    <SICI>52,240000</SICI>
    <SUD>42,100000</SUD>
    <AUST>42,100000</AUST>
    <BRNN>42,100000</BRNN>
    <COAC>42,100000</COAC>
    <CORS>42,100000</CORS>
    <FOGN>42,100000</FOGN>
    <FRAN>42,100000</FRAN>
    <GREC>42,100000</GREC>
    <MFTV>42,100000</MFTV>
    <PRGP>52,240000</PRGP>
    <ROSN>42,100000</ROSN>
    <SLOV>42,100000</SLOV>
    <SVIZ>42,100000</SVIZ>
    <BSP>42,100000</BSP>
    <MALT>52,240000</MALT>
    <XAUS>42,100000</XAUS>
    <XFRA>42,100000</XFRA>
  </Prezzi>
  <Prezzi>
    <Data>20160210</Data>
    <Mercato>MGP</Mercato>
    <Ora>19</Ora>
    <PUN>44,744790</PUN>
    <NAT>44,300000</NAT>
    <CNOR>44,250000</CNOR>
    <CSUD>44,250000</CSUD>
    <NORD>44,250000</NORD>
    <SARD>44,250000</SARD>
    <SICI>52,650000</SICI>
    <SUD>44,250000</SUD>
    <AUST>44,250000</AUST>
    <BRNN>44,250000</BRNN>
    <COAC>44,250000</COAC>
    <CORS>44,250000</CORS>
    <FOGN>44,250000</FOGN>
    <FRAN>44,250000</FRAN>
    <GREC>44,250000</GREC>
    <MFTV>44,250000</MFTV>
    <PRGP>52,650000</PRGP>
    <ROSN>44,250000</ROSN>
    <SLOV>44,250000</SLOV>
    <SVIZ>44,250000</SVIZ>
    <BSP>44,250000</BSP>
    <MALT>52,650000</MALT>
    <XAUS>44,250000</XAUS>
    <XFRA>44,250000</XFRA>
  </Prezzi>
  <Prezzi>
    <Data>20160210</Data>
    <Mercato>MGP</Mercato>
    <Ora>20</Ora>
    <PUN>42,549640</PUN>
    <NAT>43,120000</NAT>
    <CNOR>41,908710</CNOR>
    <CSUD>41,908710</CSUD>
    <NORD>41,908710</NORD>
    <SARD>41,908710</SARD>
    <SICI>52,650000</SICI>
    <SUD>41,908710</SUD>
    <AUST>41,908710</AUST>
    <BRNN>41,908710</BRNN>
    <COAC>41,908710</COAC>
    <CORS>41,908710</CORS>
    <FOGN>41,908710</FOGN>
    <FRAN>41,908710</FRAN>
    <GREC>41,908710</GREC>
    <MFTV>41,908710</MFTV>
    <PRGP>52,650000</PRGP>
    <ROSN>41,908710</ROSN>
    <SLOV>41,908710</SLOV>
    <SVIZ>41,908710</SVIZ>
    <BSP>41,908710</BSP>
    <MALT>52,650000</MALT>
    <XAUS>41,908710</XAUS>
    <XFRA>41,908710</XFRA>
  </Prezzi>
  <Prezzi>
    <Data>20160210</Data>
    <Mercato>MGP</Mercato>
    <Ora>21</Ora>
    <PUN>42,793410</PUN>
    <NAT>44,260000</NAT>
    <CNOR>41,990000</CNOR>
    <CSUD>41,990000</CSUD>
    <NORD>41,990000</NORD>
    <SARD>41,990000</SARD>
    <SICI>54,460000</SICI>
    <SUD>41,990000</SUD>
    <AUST>41,990000</AUST>
    <BRNN>41,990000</BRNN>
    <COAC>41,990000</COAC>
    <CORS>41,990000</CORS>
    <FOGN>41,990000</FOGN>
    <FRAN>41,990000</FRAN>
    <GREC>41,990000</GREC>
    <MFTV>41,990000</MFTV>
    <PRGP>54,460000</PRGP>
    <ROSN>41,990000</ROSN>
    <SLOV>41,990000</SLOV>
    <SVIZ>41,990000</SVIZ>
    <BSP>41,990000</BSP>
    <MALT>54,460000</MALT>
    <XAUS>41,990000</XAUS>
    <XFRA>41,990000</XFRA>
  </Prezzi>
  <Prezzi>
    <Data>20160210</Data>
    <Mercato>MGP</Mercato>
    <Ora>22</Ora>
    <PUN>40,787910</PUN>
    <NAT>40,590000</NAT>
    <CNOR>40,000000</CNOR>
    <CSUD>40,000000</CSUD>
    <NORD>40,000000</NORD>
    <SARD>40,000000</SARD>
    <SICI>52,650000</SICI>
    <SUD>40,000000</SUD>
    <AUST>40,000000</AUST>
    <BRNN>40,000000</BRNN>
    <COAC>40,000000</COAC>
    <CORS>40,000000</CORS>
    <FOGN>40,000000</FOGN>
    <FRAN>40,000000</FRAN>
    <GREC>40,000000</GREC>
    <MFTV>40,000000</MFTV>
    <PRGP>52,650000</PRGP>
    <ROSN>40,000000</ROSN>
    <SLOV>40,000000</SLOV>
    <SVIZ>40,000000</SVIZ>
    <BSP>40,000000</BSP>
    <MALT>52,650000</MALT>
    <XAUS>40,000000</XAUS>
    <XFRA>40,000000</XFRA>
  </Prezzi>
  <Prezzi>
    <Data>20160210</Data>
    <Mercato>MGP</Mercato>
    <Ora>23</Ora>
    <PUN>37,414280</PUN>
    <NAT>36,880000</NAT>
    <CNOR>36,440000</CNOR>
    <CSUD>36,440000</CSUD>
    <NORD>36,440000</NORD>
    <SARD>36,440000</SARD>
    <SICI>52,240000</SICI>
    <SUD>36,440000</SUD>
    <AUST>36,440000</AUST>
    <BRNN>36,440000</BRNN>
    <COAC>36,440000</COAC>
    <CORS>36,440000</CORS>
    <FOGN>36,440000</FOGN>
    <FRAN>36,440000</FRAN>
    <GREC>36,440000</GREC>
    <MFTV>36,440000</MFTV>
    <PRGP>52,240000</PRGP>
    <ROSN>36,440000</ROSN>
    <SLOV>36,440000</SLOV>
    <SVIZ>36,440000</SVIZ>
    <BSP>36,440000</BSP>
    <MALT>52,240000</MALT>
    <XAUS>36,440000</XAUS>
    <XFRA>36,440000</XFRA>
  </Prezzi>
  <Prezzi>
    <Data>20160210</Data>
    <Mercato>MGP</Mercato>
    <Ora>24</Ora>
    <PUN>33,510000</PUN>
    <NAT>33,510000</NAT>
    <CNOR>33,510000</CNOR>
    <CSUD>33,510000</CSUD>
    <NORD>33,510000</NORD>
    <SARD>33,510000</SARD>
    <SICI>33,510000</SICI>
    <SUD>33,510000</SUD>
    <AUST>33,510000</AUST>
    <BRNN>33,510000</BRNN>
    <COAC>33,510000</COAC>
    <CORS>33,510000</CORS>
    <FOGN>33,510000</FOGN>
    <FRAN>33,510000</FRAN>
    <GREC>33,510000</GREC>
    <MFTV>33,510000</MFTV>
    <PRGP>33,510000</PRGP>
    <ROSN>33,510000</ROSN>
    <SLOV>33,510000</SLOV>
    <SVIZ>33,510000</SVIZ>
    <BSP>33,510000</BSP>
    <MALT>33,510000</MALT>
    <XAUS>33,510000</XAUS>
    <XFRA>33,510000</XFRA>
  </Prezzi>
</NewDataSet>