<?xml version="1.0" standalone="yes"?>
<NewDataSet>
  <xs:schema id="NewDataSet" xmlns="" xmlns:xs="http://www.w3.org/2001/XMLSchema" xmlns:msdata="urn:schemas-microsoft-com:xml-msdata">
    <xs:element name="NewDataSet" msdata:IsDataSet="true" msdata:UseCurrentLocale="true">
      <xs:complexType>
        <xs:choice minOccurs="0" maxOccurs="unbounded">
          <xs:element name="Prezzi">
            <xs:complexType>
              <xs:sequence>
                <xs:element name="Data" type="xs:string" minOccurs="0" />
                <xs:element name="Mercato" type="xs:string" minOccurs="0" />
                <xs:element name="Ora" type="xs:string" minOccurs="0" />
                <xs:element name="PUN" type="xs:string" minOccurs="0" />
                <xs:element name="NAT" type="xs:string" minOccurs="0" />
                <xs:element name="CNOR" type="xs:string" minOccurs="0" />
                <xs:element name="CSUD" type="xs:string" minOccurs="0" />
                <xs:element name="NORD" type="xs:string" minOccurs="0" />
                <xs:element name="SARD" type="xs:string" minOccurs="0" />
                <xs:element name="SICI" type="xs:string" minOccurs="0" />
                <xs:element name="SUD" type="xs:string" minOccurs="0" />
                <xs:element name="AUST" type="xs:string" minOccurs="0" />
                <xs:element name="BRNN" type="xs:string" minOccurs="0" />
                <xs:element name="COAC" type="xs:string" minOccurs="0" />
                <xs:element name="CORS" type="xs:string" minOccurs="0" />
                <xs:element name="FOGN" type="xs:string" minOccurs="0" />
                <xs:element name="FRAN" type="xs:string" minOccurs="0" />
                <xs:element name="GREC" type="xs:string" minOccurs="0" />
                <xs:element name="MFTV" type="xs:string" minOccurs="0" />
                <xs:element name="PRGP" type="xs:string" minOccurs="0" />
                <xs:element name="ROSN" type="xs:string" minOccurs="0" />
                <xs:element name="SLOV" type="xs:string" minOccurs="0" />
                <xs:element name="SVIZ" type="xs:string" minOccurs="0" />
                <xs:element name="BSP" type="xs:string" minOccurs="0" />
                <xs:element name="MALT" type="xs:string" minOccurs="0" />
                <xs:element name="XAUS" type="xs:string" minOccurs="0" />
                <xs:element name="XFRA" type="xs:string" minOccurs="0" />
              </xs:sequence>
            </xs:complexType>
          </xs:element>
        </xs:choice>
      </xs:complexType>
    </xs:element>
  </xs:schema>
  <Prezzi>
    <Data>20160207</Data>
    <Mercato>MGP</Mercato>
    <Ora>1</Ora>
    <PUN>37,267610</PUN>
    <NAT>36,710000</NAT>
    <CNOR>36,290000</CNOR>
    <CSUD>36,290000</CSUD>
    <NORD>36,290000</NORD>
    <SARD>36,290000</SARD>
    <SICI>51,340000</SICI>
    <SUD>36,290000</SUD>
    <AUST>36,290000</AUST>
    <BRNN>36,290000</BRNN>
    <COAC>36,290000</COAC>
    <CORS>36,290000</CORS>
    <FOGN>36,290000</FOGN>
    <FRAN>36,290000</FRAN>
    <GREC>36,290000</GREC>
    <MFTV>36,290000</MFTV>
    <PRGP>51,340000</PRGP>
    <ROSN>36,290000</ROSN>
    <SLOV>36,290000</SLOV>
    <SVIZ>36,290000</SVIZ>
    <BSP>36,290000</BSP>
    <MALT>51,340000</MALT>
    <XAUS>36,290000</XAUS>
    <XFRA>36,290000</XFRA>
  </Prezzi>
  <Prezzi>
    <Data>20160207</Data>
    <Mercato>MGP</Mercato>
    <Ora>2</Ora>
    <PUN>32,960000</PUN>
    <NAT>32,960000</NAT>
    <CNOR>32,960000</CNOR>
    <CSUD>32,960000</CSUD>
    <NORD>32,960000</NORD>
    <SARD>32,960000</SARD>
    <SICI>32,960000</SICI>
    <SUD>32,960000</SUD>
    <AUST>32,960000</AUST>
    <BRNN>32,960000</BRNN>
    <COAC>32,960000</COAC>
    <CORS>32,960000</CORS>
    <FOGN>32,960000</FOGN>
    <FRAN>32,960000</FRAN>
    <GREC>32,960000</GREC>
    <MFTV>32,960000</MFTV>
    <PRGP>32,960000</PRGP>
    <ROSN>32,960000</ROSN>
    <SLOV>32,960000</SLOV>
    <SVIZ>32,960000</SVIZ>
    <BSP>32,960000</BSP>
    <MALT>32,960000</MALT>
    <XAUS>32,960000</XAUS>
    <XFRA>32,960000</XFRA>
  </Prezzi>
  <Prezzi>
    <Data>20160207</Data>
    <Mercato>MGP</Mercato>
    <Ora>3</Ora>
    <PUN>30,600000</PUN>
    <NAT>30,600000</NAT>
    <CNOR>30,600000</CNOR>
    <CSUD>30,600000</CSUD>
    <NORD>30,600000</NORD>
    <SARD>30,600000</SARD>
    <SICI>30,600000</SICI>
    <SUD>30,600000</SUD>
    <AUST>30,600000</AUST>
    <BRNN>30,600000</BRNN>
    <COAC>30,600000</COAC>
    <CORS>30,600000</CORS>
    <FOGN>30,600000</FOGN>
    <FRAN>30,600000</FRAN>
    <GREC>30,600000</GREC>
    <MFTV>30,600000</MFTV>
    <PRGP>30,600000</PRGP>
    <ROSN>30,600000</ROSN>
    <SLOV>30,600000</SLOV>
    <SVIZ>30,600000</SVIZ>
    <BSP>30,600000</BSP>
    <MALT>30,600000</MALT>
    <XAUS>30,600000</XAUS>
    <XFRA>30,600000</XFRA>
  </Prezzi>
  <Prezzi>
    <Data>20160207</Data>
    <Mercato>MGP</Mercato>
    <Ora>4</Ora>
    <PUN>27,890000</PUN>
    <NAT>27,890000</NAT>
    <CNOR>27,890000</CNOR>
    <CSUD>27,890000</CSUD>
    <NORD>27,890000</NORD>
    <SARD>27,890000</SARD>
    <SICI>27,890000</SICI>
    <SUD>27,890000</SUD>
    <AUST>27,890000</AUST>
    <BRNN>27,890000</BRNN>
    <COAC>27,890000</COAC>
    <CORS>27,890000</CORS>
    <FOGN>27,890000</FOGN>
    <FRAN>27,890000</FRAN>
    <GREC>27,890000</GREC>
    <MFTV>27,890000</MFTV>
    <PRGP>27,890000</PRGP>
    <ROSN>27,890000</ROSN>
    <SLOV>27,890000</SLOV>
    <SVIZ>27,890000</SVIZ>
    <BSP>27,890000</BSP>
    <MALT>27,890000</MALT>
    <XAUS>27,890000</XAUS>
    <XFRA>27,890000</XFRA>
  </Prezzi>
  <Prezzi>
    <Data>20160207</Data>
    <Mercato>MGP</Mercato>
    <Ora>5</Ora>
    <PUN>27,260000</PUN>
    <NAT>27,260000</NAT>
    <CNOR>27,260000</CNOR>
    <CSUD>27,260000</CSUD>
    <NORD>27,260000</NORD>
    <SARD>27,260000</SARD>
    <SICI>27,260000</SICI>
    <SUD>27,260000</SUD>
    <AUST>27,260000</AUST>
    <BRNN>27,260000</BRNN>
    <COAC>27,260000</COAC>
    <CORS>27,260000</CORS>
    <FOGN>27,260000</FOGN>
    <FRAN>27,260000</FRAN>
    <GREC>27,260000</GREC>
    <MFTV>27,260000</MFTV>
    <PRGP>27,260000</PRGP>
    <ROSN>27,260000</ROSN>
    <SLOV>27,260000</SLOV>
    <SVIZ>27,260000</SVIZ>
    <BSP>27,260000</BSP>
    <MALT>27,260000</MALT>
    <XAUS>27,260000</XAUS>
    <XFRA>27,260000</XFRA>
  </Prezzi>
  <Prezzi>
    <Data>20160207</Data>
    <Mercato>MGP</Mercato>
    <Ora>6</Ora>
    <PUN>27,260000</PUN>
    <NAT>27,260000</NAT>
    <CNOR>27,260000</CNOR>
    <CSUD>27,260000</CSUD>
    <NORD>27,260000</NORD>
    <SARD>27,260000</SARD>
    <SICI>27,260000</SICI>
    <SUD>27,260000</SUD>
    <AUST>27,260000</AUST>
    <BRNN>27,260000</BRNN>
    <COAC>27,260000</COAC>
    <CORS>27,260000</CORS>
    <FOGN>27,260000</FOGN>
    <FRAN>27,260000</FRAN>
    <GREC>27,260000</GREC>
    <MFTV>27,260000</MFTV>
    <PRGP>27,260000</PRGP>
    <ROSN>27,260000</ROSN>
    <SLOV>27,260000</SLOV>
    <SVIZ>27,260000</SVIZ>
    <BSP>27,260000</BSP>
    <MALT>27,260000</MALT>
    <XAUS>27,260000</XAUS>
    <XFRA>27,260000</XFRA>
  </Prezzi>
  <Prezzi>
    <Data>20160207</Data>
    <Mercato>MGP</Mercato>
    <Ora>7</Ora>
    <PUN>28,500000</PUN>
    <NAT>28,500000</NAT>
    <CNOR>28,500000</CNOR>
    <CSUD>28,500000</CSUD>
    <NORD>28,500000</NORD>
    <SARD>28,500000</SARD>
    <SICI>28,500000</SICI>
    <SUD>28,500000</SUD>
    <AUST>28,500000</AUST>
    <BRNN>28,500000</BRNN>
    <COAC>28,500000</COAC>
    <CORS>28,500000</CORS>
    <FOGN>28,500000</FOGN>
    <FRAN>28,500000</FRAN>
    <GREC>28,500000</GREC>
    <MFTV>28,500000</MFTV>
    <PRGP>28,500000</PRGP>
    <ROSN>28,500000</ROSN>
    <SLOV>28,500000</SLOV>
    <SVIZ>28,500000</SVIZ>
    <BSP>28,500000</BSP>
    <MALT>28,500000</MALT>
    <XAUS>28,500000</XAUS>
    <XFRA>28,500000</XFRA>
  </Prezzi>
  <Prezzi>
    <Data>20160207</Data>
    <Mercato>MGP</Mercato>
    <Ora>8</Ora>
    <PUN>32,500000</PUN>
    <NAT>32,500000</NAT>
    <CNOR>32,500000</CNOR>
    <CSUD>32,500000</CSUD>
    <NORD>32,500000</NORD>
    <SARD>32,500000</SARD>
    <SICI>32,500000</SICI>
    <SUD>32,500000</SUD>
    <AUST>32,500000</AUST>
    <BRNN>32,500000</BRNN>
    <COAC>32,500000</COAC>
    <CORS>32,500000</CORS>
    <FOGN>32,500000</FOGN>
    <FRAN>32,500000</FRAN>
    <GREC>32,500000</GREC>
    <MFTV>32,500000</MFTV>
    <PRGP>32,500000</PRGP>
    <ROSN>32,500000</ROSN>
    <SLOV>32,500000</SLOV>
    <SVIZ>32,500000</SVIZ>
    <BSP>32,500000</BSP>
    <MALT>32,500000</MALT>
    <XAUS>32,500000</XAUS>
    <XFRA>32,500000</XFRA>
  </Prezzi>
  <Prezzi>
    <Data>20160207</Data>
    <Mercato>MGP</Mercato>
    <Ora>9</Ora>
    <PUN>35,000000</PUN>
    <NAT>35,000000</NAT>
    <CNOR>35,000000</CNOR>
    <CSUD>35,000000</CSUD>
    <NORD>35,000000</NORD>
    <SARD>35,000000</SARD>
    <SICI>35,000000</SICI>
    <SUD>35,000000</SUD>
    <AUST>35,000000</AUST>
    <BRNN>35,000000</BRNN>
    <COAC>35,000000</COAC>
    <CORS>35,000000</CORS>
    <FOGN>35,000000</FOGN>
    <FRAN>35,000000</FRAN>
    <GREC>35,000000</GREC>
    <MFTV>35,000000</MFTV>
    <PRGP>35,000000</PRGP>
    <ROSN>35,000000</ROSN>
    <SLOV>35,000000</SLOV>
    <SVIZ>35,000000</SVIZ>
    <BSP>35,000000</BSP>
    <MALT>35,000000</MALT>
    <XAUS>35,000000</XAUS>
    <XFRA>35,000000</XFRA>
  </Prezzi>
  <Prezzi>
    <Data>20160207</Data>
    <Mercato>MGP</Mercato>
    <Ora>10</Ora>
    <PUN>39,548520</PUN>
    <NAT>39,070000</NAT>
    <CNOR>39,000000</CNOR>
    <CSUD>39,000000</CSUD>
    <NORD>39,000000</NORD>
    <SARD>39,000000</SARD>
    <SICI>47,030000</SICI>
    <SUD>39,000000</SUD>
    <AUST>39,000000</AUST>
    <BRNN>39,000000</BRNN>
    <COAC>39,000000</COAC>
    <CORS>39,000000</CORS>
    <FOGN>39,000000</FOGN>
    <FRAN>39,000000</FRAN>
    <GREC>39,000000</GREC>
    <MFTV>39,000000</MFTV>
    <PRGP>47,030000</PRGP>
    <ROSN>39,000000</ROSN>
    <SLOV>39,000000</SLOV>
    <SVIZ>39,000000</SVIZ>
    <BSP>39,000000</BSP>
    <MALT>47,030000</MALT>
    <XAUS>39,000000</XAUS>
    <XFRA>39,000000</XFRA>
  </Prezzi>
  <Prezzi>
    <Data>20160207</Data>
    <Mercato>MGP</Mercato>
    <Ora>11</Ora>
    <PUN>39,228730</PUN>
    <NAT>38,880000</NAT>
    <CNOR>38,880000</CNOR>
    <CSUD>38,880000</CSUD>
    <NORD>38,880000</NORD>
    <SARD>38,880000</SARD>
    <SICI>43,990000</SICI>
    <SUD>38,880000</SUD>
    <AUST>38,880000</AUST>
    <BRNN>38,880000</BRNN>
    <COAC>38,880000</COAC>
    <CORS>38,880000</CORS>
    <FOGN>38,880000</FOGN>
    <FRAN>38,880000</FRAN>
    <GREC>38,880000</GREC>
    <MFTV>38,880000</MFTV>
    <PRGP>43,990000</PRGP>
    <ROSN>38,880000</ROSN>
    <SLOV>38,880000</SLOV>
    <SVIZ>38,880000</SVIZ>
    <BSP>38,880000</BSP>
    <MALT>43,990000</MALT>
    <XAUS>38,880000</XAUS>
    <XFRA>38,880000</XFRA>
  </Prezzi>
  <Prezzi>
    <Data>20160207</Data>
    <Mercato>MGP</Mercato>
    <Ora>12</Ora>
    <PUN>39,454490</PUN>
    <NAT>38,440000</NAT>
    <CNOR>39,670000</CNOR>
    <CSUD>39,670000</CSUD>
    <NORD>39,670000</NORD>
    <SARD>39,670000</SARD>
    <SICI>38,440000</SICI>
    <SUD>38,440000</SUD>
    <AUST>39,670000</AUST>
    <BRNN>38,440000</BRNN>
    <COAC>39,670000</COAC>
    <CORS>39,670000</CORS>
    <FOGN>38,440000</FOGN>
    <FRAN>39,670000</FRAN>
    <GREC>38,440000</GREC>
    <MFTV>39,670000</MFTV>
    <PRGP>38,440000</PRGP>
    <ROSN>38,440000</ROSN>
    <SLOV>39,670000</SLOV>
    <SVIZ>39,670000</SVIZ>
    <BSP>39,670000</BSP>
    <MALT>38,440000</MALT>
    <XAUS>39,670000</XAUS>
    <XFRA>39,670000</XFRA>
  </Prezzi>
  <Prezzi>
    <Data>20160207</Data>
    <Mercato>MGP</Mercato>
    <Ora>13</Ora>
    <PUN>39,000000</PUN>
    <NAT>36,440000</NAT>
    <CNOR>39,709840</CNOR>
    <CSUD>39,709840</CSUD>
    <NORD>39,709840</NORD>
    <SARD>39,709840</SARD>
    <SICI>35,000000</SICI>
    <SUD>36,070000</SUD>
    <AUST>39,709840</AUST>
    <BRNN>36,070000</BRNN>
    <COAC>39,709840</COAC>
    <CORS>39,709840</CORS>
    <FOGN>36,070000</FOGN>
    <FRAN>39,709840</FRAN>
    <GREC>36,070000</GREC>
    <MFTV>39,709840</MFTV>
    <PRGP>35,000000</PRGP>
    <ROSN>36,070000</ROSN>
    <SLOV>39,709840</SLOV>
    <SVIZ>39,709840</SVIZ>
    <BSP>39,709840</BSP>
    <MALT>35,000000</MALT>
    <XAUS>39,709840</XAUS>
    <XFRA>39,709840</XFRA>
  </Prezzi>
  <Prezzi>
    <Data>20160207</Data>
    <Mercato>MGP</Mercato>
    <Ora>14</Ora>
    <PUN>34,049150</PUN>
    <NAT>34,530000</NAT>
    <CNOR>34,630000</CNOR>
    <CSUD>34,630000</CSUD>
    <NORD>34,630000</NORD>
    <SARD>34,630000</SARD>
    <SICI>26,090000</SICI>
    <SUD>34,630000</SUD>
    <AUST>34,630000</AUST>
    <BRNN>34,630000</BRNN>
    <COAC>34,630000</COAC>
    <CORS>34,630000</CORS>
    <FOGN>34,630000</FOGN>
    <FRAN>34,630000</FRAN>
    <GREC>34,630000</GREC>
    <MFTV>34,630000</MFTV>
    <PRGP>26,090000</PRGP>
    <ROSN>34,630000</ROSN>
    <SLOV>34,630000</SLOV>
    <SVIZ>34,630000</SVIZ>
    <BSP>34,630000</BSP>
    <MALT>26,090000</MALT>
    <XAUS>34,630000</XAUS>
    <XFRA>34,630000</XFRA>
  </Prezzi>
  <Prezzi>
    <Data>20160207</Data>
    <Mercato>MGP</Mercato>
    <Ora>15</Ora>
    <PUN>32,927440</PUN>
    <NAT>32,830000</NAT>
    <CNOR>33,410000</CNOR>
    <CSUD>33,410000</CSUD>
    <NORD>33,410000</NORD>
    <SARD>33,410000</SARD>
    <SICI>26,090000</SICI>
    <SUD>33,410000</SUD>
    <AUST>33,410000</AUST>
    <BRNN>33,410000</BRNN>
    <COAC>33,410000</COAC>
    <CORS>33,410000</CORS>
    <FOGN>33,410000</FOGN>
    <FRAN>33,410000</FRAN>
    <GREC>33,410000</GREC>
    <MFTV>33,410000</MFTV>
    <PRGP>26,090000</PRGP>
    <ROSN>33,410000</ROSN>
    <SLOV>33,410000</SLOV>
    <SVIZ>33,410000</SVIZ>
    <BSP>33,410000</BSP>
    <MALT>26,090000</MALT>
    <XAUS>33,410000</XAUS>
    <XFRA>33,410000</XFRA>
  </Prezzi>
  <Prezzi>
    <Data>20160207</Data>
    <Mercato>MGP</Mercato>
    <Ora>16</Ora>
    <PUN>35,952670</PUN>
    <NAT>36,020000</NAT>
    <CNOR>36,020000</CNOR>
    <CSUD>36,020000</CSUD>
    <NORD>36,020000</NORD>
    <SARD>36,020000</SARD>
    <SICI>35,000000</SICI>
    <SUD>36,020000</SUD>
    <AUST>36,020000</AUST>
    <BRNN>36,020000</BRNN>
    <COAC>36,020000</COAC>
    <CORS>36,020000</CORS>
    <FOGN>36,020000</FOGN>
    <FRAN>36,020000</FRAN>
    <GREC>36,020000</GREC>
    <MFTV>36,020000</MFTV>
    <PRGP>35,000000</PRGP>
    <ROSN>36,020000</ROSN>
    <SLOV>36,020000</SLOV>
    <SVIZ>36,020000</SVIZ>
    <BSP>36,020000</BSP>
    <MALT>35,000000</MALT>
    <XAUS>36,020000</XAUS>
    <XFRA>36,020000</XFRA>
  </Prezzi>
  <Prezzi>
    <Data>20160207</Data>
    <Mercato>MGP</Mercato>
    <Ora>17</Ora>
    <PUN>39,330000</PUN>
    <NAT>39,330000</NAT>
    <CNOR>39,330000</CNOR>
    <CSUD>39,330000</CSUD>
    <NORD>39,330000</NORD>
    <SARD>39,330000</SARD>
    <SICI>39,330000</SICI>
    <SUD>39,330000</SUD>
    <AUST>39,330000</AUST>
    <BRNN>39,330000</BRNN>
    <COAC>39,330000</COAC>
    <CORS>39,330000</CORS>
    <FOGN>39,330000</FOGN>
    <FRAN>39,330000</FRAN>
    <GREC>39,330000</GREC>
    <MFTV>39,330000</MFTV>
    <PRGP>39,330000</PRGP>
    <ROSN>39,330000</ROSN>
    <SLOV>39,330000</SLOV>
    <SVIZ>39,330000</SVIZ>
    <BSP>39,330000</BSP>
    <MALT>39,330000</MALT>
    <XAUS>39,330000</XAUS>
    <XFRA>39,330000</XFRA>
  </Prezzi>
  <Prezzi>
    <Data>20160207</Data>
    <Mercato>MGP</Mercato>
    <Ora>18</Ora>
    <PUN>42,709080</PUN>
    <NAT>42,130000</NAT>
    <CNOR>42,100000</CNOR>
    <CSUD>42,100000</CSUD>
    <NORD>42,100000</NORD>
    <SARD>42,100000</SARD>
    <SICI>51,340000</SICI>
    <SUD>42,100000</SUD>
    <AUST>42,100000</AUST>
    <BRNN>42,100000</BRNN>
    <COAC>42,100000</COAC>
    <CORS>42,100000</CORS>
    <FOGN>42,100000</FOGN>
    <FRAN>42,100000</FRAN>
    <GREC>42,100000</GREC>
    <MFTV>42,100000</MFTV>
    <PRGP>51,340000</PRGP>
    <ROSN>42,100000</ROSN>
    <SLOV>42,100000</SLOV>
    <SVIZ>42,100000</SVIZ>
    <BSP>42,100000</BSP>
    <MALT>51,340000</MALT>
    <XAUS>42,100000</XAUS>
    <XFRA>42,100000</XFRA>
  </Prezzi>
  <Prezzi>
    <Data>20160207</Data>
    <Mercato>MGP</Mercato>
    <Ora>19</Ora>
    <PUN>51,226180</PUN>
    <NAT>51,940000</NAT>
    <CNOR>51,000000</CNOR>
    <CSUD>51,000000</CSUD>
    <NORD>51,000000</NORD>
    <SARD>51,000000</SARD>
    <SICI>54,520000</SICI>
    <SUD>51,000000</SUD>
    <AUST>51,000000</AUST>
    <BRNN>51,000000</BRNN>
    <COAC>51,000000</COAC>
    <CORS>51,000000</CORS>
    <FOGN>51,000000</FOGN>
    <FRAN>51,000000</FRAN>
    <GREC>51,000000</GREC>
    <MFTV>51,000000</MFTV>
    <PRGP>54,520000</PRGP>
    <ROSN>51,000000</ROSN>
    <SLOV>51,000000</SLOV>
    <SVIZ>51,000000</SVIZ>
    <BSP>51,000000</BSP>
    <MALT>54,520000</MALT>
    <XAUS>51,000000</XAUS>
    <XFRA>51,000000</XFRA>
  </Prezzi>
  <Prezzi>
    <Data>20160207</Data>
    <Mercato>MGP</Mercato>
    <Ora>20</Ora>
    <PUN>52,210000</PUN>
    <NAT>52,990000</NAT>
    <CNOR>52,042170</CNOR>
    <CSUD>52,042170</CSUD>
    <NORD>52,042170</NORD>
    <SARD>52,042170</SARD>
    <SICI>54,520000</SICI>
    <SUD>52,042170</SUD>
    <AUST>52,042170</AUST>
    <BRNN>52,042170</BRNN>
    <COAC>52,042170</COAC>
    <CORS>52,042170</CORS>
    <FOGN>52,042170</FOGN>
    <FRAN>52,042170</FRAN>
    <GREC>52,042170</GREC>
    <MFTV>52,042170</MFTV>
    <PRGP>54,520000</PRGP>
    <ROSN>52,042170</ROSN>
    <SLOV>52,042170</SLOV>
    <SVIZ>52,042170</SVIZ>
    <BSP>52,042170</BSP>
    <MALT>54,520000</MALT>
    <XAUS>52,042170</XAUS>
    <XFRA>52,042170</XFRA>
  </Prezzi>
  <Prezzi>
    <Data>20160207</Data>
    <Mercato>MGP</Mercato>
    <Ora>21</Ora>
    <PUN>50,533260</PUN>
    <NAT>52,000000</NAT>
    <CNOR>50,230000</CNOR>
    <CSUD>50,230000</CSUD>
    <NORD>50,230000</NORD>
    <SARD>50,230000</SARD>
    <SICI>54,520000</SICI>
    <SUD>50,230000</SUD>
    <AUST>50,230000</AUST>
    <BRNN>50,230000</BRNN>
    <COAC>50,230000</COAC>
    <CORS>50,230000</CORS>
    <FOGN>50,230000</FOGN>
    <FRAN>50,230000</FRAN>
    <GREC>50,230000</GREC>
    <MFTV>50,230000</MFTV>
    <PRGP>54,520000</PRGP>
    <ROSN>50,230000</ROSN>
    <SLOV>50,230000</SLOV>
    <SVIZ>50,230000</SVIZ>
    <BSP>50,230000</BSP>
    <MALT>54,520000</MALT>
    <XAUS>50,230000</XAUS>
    <XFRA>50,230000</XFRA>
  </Prezzi>
  <Prezzi>
    <Data>20160207</Data>
    <Mercato>MGP</Mercato>
    <Ora>22</Ora>
    <PUN>48,301260</PUN>
    <NAT>49,120000</NAT>
    <CNOR>47,990000</CNOR>
    <CSUD>47,990000</CSUD>
    <NORD>47,990000</NORD>
    <SARD>47,990000</SARD>
    <SICI>52,650000</SICI>
    <SUD>47,990000</SUD>
    <AUST>47,990000</AUST>
    <BRNN>47,990000</BRNN>
    <COAC>47,990000</COAC>
    <CORS>47,990000</CORS>
    <FOGN>47,990000</FOGN>
    <FRAN>47,990000</FRAN>
    <GREC>47,990000</GREC>
    <MFTV>47,990000</MFTV>
    <PRGP>52,650000</PRGP>
    <ROSN>47,990000</ROSN>
    <SLOV>47,990000</SLOV>
    <SVIZ>47,990000</SVIZ>
    <BSP>47,990000</BSP>
    <MALT>52,650000</MALT>
    <XAUS>47,990000</XAUS>
    <XFRA>47,990000</XFRA>
  </Prezzi>
  <Prezzi>
    <Data>20160207</Data>
    <Mercato>MGP</Mercato>
    <Ora>23</Ora>
    <PUN>42,656800</PUN>
    <NAT>42,000000</NAT>
    <CNOR>41,990000</CNOR>
    <CSUD>41,990000</CSUD>
    <NORD>41,990000</NORD>
    <SARD>41,990000</SARD>
    <SICI>52,050000</SICI>
    <SUD>41,990000</SUD>
    <AUST>41,990000</AUST>
    <BRNN>41,990000</BRNN>
    <COAC>41,990000</COAC>
    <CORS>41,990000</CORS>
    <FOGN>41,990000</FOGN>
    <FRAN>41,990000</FRAN>
    <GREC>41,990000</GREC>
    <MFTV>41,990000</MFTV>
    <PRGP>52,050000</PRGP>
    <ROSN>41,990000</ROSN>
    <SLOV>41,990000</SLOV>
    <SVIZ>41,990000</SVIZ>
    <BSP>41,990000</BSP>
    <MALT>52,050000</MALT>
    <XAUS>41,990000</XAUS>
    <XFRA>41,990000</XFRA>
  </Prezzi>
  <Prezzi>
    <Data>20160207</Data>
    <Mercato>MGP</Mercato>
    <Ora>24</Ora>
    <PUN>36,050000</PUN>
    <NAT>36,050000</NAT>
    <CNOR>36,050000</CNOR>
    <CSUD>36,050000</CSUD>
    <NORD>36,050000</NORD>
    <SARD>36,050000</SARD>
    <SICI>36,050000</SICI>
    <SUD>36,050000</SUD>
    <AUST>36,050000</AUST>
    <BRNN>36,050000</BRNN>
    <COAC>36,050000</COAC>
    <CORS>36,050000</CORS>
    <FOGN>36,050000</FOGN>
    <FRAN>36,050000</FRAN>
    <GREC>36,050000</GREC>
    <MFTV>36,050000</MFTV>
    <PRGP>36,050000</PRGP>
    <ROSN>36,050000</ROSN>
    <SLOV>36,050000</SLOV>
    <SVIZ>36,050000</SVIZ>
    <BSP>36,050000</BSP>
    <MALT>36,050000</MALT>
    <XAUS>36,050000</XAUS>
    <XFRA>36,050000</XFRA>
  </Prezzi>
</NewDataSet>