<?xml version="1.0" standalone="yes"?>
<NewDataSet>
  <xs:schema id="NewDataSet" xmlns="" xmlns:xs="http://www.w3.org/2001/XMLSchema" xmlns:msdata="urn:schemas-microsoft-com:xml-msdata">
    <xs:element name="NewDataSet" msdata:IsDataSet="true" msdata:UseCurrentLocale="true">
      <xs:complexType>
        <xs:choice minOccurs="0" maxOccurs="unbounded">
          <xs:element name="Prezzi">
            <xs:complexType>
              <xs:sequence>
                <xs:element name="Data" type="xs:string" minOccurs="0" />
                <xs:element name="Mercato" type="xs:string" minOccurs="0" />
                <xs:element name="Ora" type="xs:string" minOccurs="0" />
                <xs:element name="PUN" type="xs:string" minOccurs="0" />
                <xs:element name="NAT" type="xs:string" minOccurs="0" />
                <xs:element name="CNOR" type="xs:string" minOccurs="0" />
                <xs:element name="CSUD" type="xs:string" minOccurs="0" />
                <xs:element name="NORD" type="xs:string" minOccurs="0" />
                <xs:element name="SARD" type="xs:string" minOccurs="0" />
                <xs:element name="SICI" type="xs:string" minOccurs="0" />
                <xs:element name="SUD" type="xs:string" minOccurs="0" />
                <xs:element name="AUST" type="xs:string" minOccurs="0" />
                <xs:element name="BRNN" type="xs:string" minOccurs="0" />
                <xs:element name="COAC" type="xs:string" minOccurs="0" />
                <xs:element name="CORS" type="xs:string" minOccurs="0" />
                <xs:element name="FOGN" type="xs:string" minOccurs="0" />
                <xs:element name="FRAN" type="xs:string" minOccurs="0" />
                <xs:element name="GREC" type="xs:string" minOccurs="0" />
                <xs:element name="MFTV" type="xs:string" minOccurs="0" />
                <xs:element name="PRGP" type="xs:string" minOccurs="0" />
                <xs:element name="ROSN" type="xs:string" minOccurs="0" />
                <xs:element name="SLOV" type="xs:string" minOccurs="0" />
                <xs:element name="SVIZ" type="xs:string" minOccurs="0" />
                <xs:element name="BSP" type="xs:string" minOccurs="0" />
                <xs:element name="MALT" type="xs:string" minOccurs="0" />
                <xs:element name="XAUS" type="xs:string" minOccurs="0" />
                <xs:element name="XFRA" type="xs:string" minOccurs="0" />
              </xs:sequence>
            </xs:complexType>
          </xs:element>
        </xs:choice>
      </xs:complexType>
    </xs:element>
  </xs:schema>
  <Prezzi>
    <Data>20160208</Data>
    <Mercato>MGP</Mercato>
    <Ora>1</Ora>
    <PUN>29,540000</PUN>
    <NAT>29,540000</NAT>
    <CNOR>29,540000</CNOR>
    <CSUD>29,540000</CSUD>
    <NORD>29,540000</NORD>
    <SARD>29,540000</SARD>
    <SICI>29,540000</SICI>
    <SUD>29,540000</SUD>
    <AUST>29,540000</AUST>
    <BRNN>29,540000</BRNN>
    <COAC>29,540000</COAC>
    <CORS>29,540000</CORS>
    <FOGN>29,540000</FOGN>
    <FRAN>29,540000</FRAN>
    <GREC>29,540000</GREC>
    <MFTV>29,540000</MFTV>
    <PRGP>29,540000</PRGP>
    <ROSN>29,540000</ROSN>
    <SLOV>29,540000</SLOV>
    <SVIZ>29,540000</SVIZ>
    <BSP>29,540000</BSP>
    <MALT>29,540000</MALT>
    <XAUS>29,540000</XAUS>
    <XFRA>29,540000</XFRA>
  </Prezzi>
  <Prezzi>
    <Data>20160208</Data>
    <Mercato>MGP</Mercato>
    <Ora>2</Ora>
    <PUN>27,260000</PUN>
    <NAT>27,260000</NAT>
    <CNOR>27,260000</CNOR>
    <CSUD>27,260000</CSUD>
    <NORD>27,260000</NORD>
    <SARD>27,260000</SARD>
    <SICI>27,260000</SICI>
    <SUD>27,260000</SUD>
    <AUST>27,260000</AUST>
    <BRNN>27,260000</BRNN>
    <COAC>27,260000</COAC>
    <CORS>27,260000</CORS>
    <FOGN>27,260000</FOGN>
    <FRAN>27,260000</FRAN>
    <GREC>27,260000</GREC>
    <MFTV>27,260000</MFTV>
    <PRGP>27,260000</PRGP>
    <ROSN>27,260000</ROSN>
    <SLOV>27,260000</SLOV>
    <SVIZ>27,260000</SVIZ>
    <BSP>27,260000</BSP>
    <MALT>27,260000</MALT>
    <XAUS>27,260000</XAUS>
    <XFRA>27,260000</XFRA>
  </Prezzi>
  <Prezzi>
    <Data>20160208</Data>
    <Mercato>MGP</Mercato>
    <Ora>3</Ora>
    <PUN>26,360000</PUN>
    <NAT>26,360000</NAT>
    <CNOR>26,360000</CNOR>
    <CSUD>26,360000</CSUD>
    <NORD>26,360000</NORD>
    <SARD>26,360000</SARD>
    <SICI>26,360000</SICI>
    <SUD>26,360000</SUD>
    <AUST>26,360000</AUST>
    <BRNN>26,360000</BRNN>
    <COAC>26,360000</COAC>
    <CORS>26,360000</CORS>
    <FOGN>26,360000</FOGN>
    <FRAN>26,360000</FRAN>
    <GREC>26,360000</GREC>
    <MFTV>26,360000</MFTV>
    <PRGP>26,360000</PRGP>
    <ROSN>26,360000</ROSN>
    <SLOV>26,360000</SLOV>
    <SVIZ>26,360000</SVIZ>
    <BSP>26,360000</BSP>
    <MALT>26,360000</MALT>
    <XAUS>26,360000</XAUS>
    <XFRA>26,360000</XFRA>
  </Prezzi>
  <Prezzi>
    <Data>20160208</Data>
    <Mercato>MGP</Mercato>
    <Ora>4</Ora>
    <PUN>25,917520</PUN>
    <NAT>26,350000</NAT>
    <CNOR>25,890000</CNOR>
    <CSUD>25,890000</CSUD>
    <NORD>25,890000</NORD>
    <SARD>25,890000</SARD>
    <SICI>26,360000</SICI>
    <SUD>25,890000</SUD>
    <AUST>25,890000</AUST>
    <BRNN>25,890000</BRNN>
    <COAC>25,890000</COAC>
    <CORS>25,890000</CORS>
    <FOGN>25,890000</FOGN>
    <FRAN>25,890000</FRAN>
    <GREC>25,890000</GREC>
    <MFTV>25,890000</MFTV>
    <PRGP>26,360000</PRGP>
    <ROSN>25,890000</ROSN>
    <SLOV>25,890000</SLOV>
    <SVIZ>25,890000</SVIZ>
    <BSP>25,890000</BSP>
    <MALT>26,360000</MALT>
    <XAUS>25,890000</XAUS>
    <XFRA>25,890000</XFRA>
  </Prezzi>
  <Prezzi>
    <Data>20160208</Data>
    <Mercato>MGP</Mercato>
    <Ora>5</Ora>
    <PUN>27,260000</PUN>
    <NAT>27,260000</NAT>
    <CNOR>27,260000</CNOR>
    <CSUD>27,260000</CSUD>
    <NORD>27,260000</NORD>
    <SARD>27,260000</SARD>
    <SICI>27,260000</SICI>
    <SUD>27,260000</SUD>
    <AUST>27,260000</AUST>
    <BRNN>27,260000</BRNN>
    <COAC>27,260000</COAC>
    <CORS>27,260000</CORS>
    <FOGN>27,260000</FOGN>
    <FRAN>27,260000</FRAN>
    <GREC>27,260000</GREC>
    <MFTV>27,260000</MFTV>
    <PRGP>27,260000</PRGP>
    <ROSN>27,260000</ROSN>
    <SLOV>27,260000</SLOV>
    <SVIZ>27,260000</SVIZ>
    <BSP>27,260000</BSP>
    <MALT>27,260000</MALT>
    <XAUS>27,260000</XAUS>
    <XFRA>27,260000</XFRA>
  </Prezzi>
  <Prezzi>
    <Data>20160208</Data>
    <Mercato>MGP</Mercato>
    <Ora>6</Ora>
    <PUN>31,900000</PUN>
    <NAT>31,900000</NAT>
    <CNOR>31,900000</CNOR>
    <CSUD>31,900000</CSUD>
    <NORD>31,900000</NORD>
    <SARD>31,900000</SARD>
    <SICI>31,900000</SICI>
    <SUD>31,900000</SUD>
    <AUST>31,900000</AUST>
    <BRNN>31,900000</BRNN>
    <COAC>31,900000</COAC>
    <CORS>31,900000</CORS>
    <FOGN>31,900000</FOGN>
    <FRAN>31,900000</FRAN>
    <GREC>31,900000</GREC>
    <MFTV>31,900000</MFTV>
    <PRGP>31,900000</PRGP>
    <ROSN>31,900000</ROSN>
    <SLOV>31,900000</SLOV>
    <SVIZ>31,900000</SVIZ>
    <BSP>31,900000</BSP>
    <MALT>31,900000</MALT>
    <XAUS>31,900000</XAUS>
    <XFRA>31,900000</XFRA>
  </Prezzi>
  <Prezzi>
    <Data>20160208</Data>
    <Mercato>MGP</Mercato>
    <Ora>7</Ora>
    <PUN>40,750970</PUN>
    <NAT>40,180000</NAT>
    <CNOR>40,000000</CNOR>
    <CSUD>40,000000</CSUD>
    <NORD>40,000000</NORD>
    <SARD>40,000000</SARD>
    <SICI>54,460000</SICI>
    <SUD>40,000000</SUD>
    <AUST>40,000000</AUST>
    <BRNN>40,000000</BRNN>
    <COAC>40,000000</COAC>
    <CORS>40,000000</CORS>
    <FOGN>40,000000</FOGN>
    <FRAN>40,000000</FRAN>
    <GREC>40,000000</GREC>
    <MFTV>40,000000</MFTV>
    <PRGP>54,460000</PRGP>
    <ROSN>40,000000</ROSN>
    <SLOV>40,000000</SLOV>
    <SVIZ>40,000000</SVIZ>
    <BSP>40,000000</BSP>
    <MALT>54,460000</MALT>
    <XAUS>40,000000</XAUS>
    <XFRA>40,000000</XFRA>
  </Prezzi>
  <Prezzi>
    <Data>20160208</Data>
    <Mercato>MGP</Mercato>
    <Ora>8</Ora>
    <PUN>42,664750</PUN>
    <NAT>43,000000</NAT>
    <CNOR>42,000000</CNOR>
    <CSUD>42,000000</CSUD>
    <NORD>42,000000</NORD>
    <SARD>42,000000</SARD>
    <SICI>55,110000</SICI>
    <SUD>42,000000</SUD>
    <AUST>42,000000</AUST>
    <BRNN>42,000000</BRNN>
    <COAC>42,000000</COAC>
    <CORS>42,000000</CORS>
    <FOGN>42,000000</FOGN>
    <FRAN>42,000000</FRAN>
    <GREC>42,000000</GREC>
    <MFTV>42,000000</MFTV>
    <PRGP>55,110000</PRGP>
    <ROSN>42,000000</ROSN>
    <SLOV>42,000000</SLOV>
    <SVIZ>42,000000</SVIZ>
    <BSP>42,000000</BSP>
    <MALT>55,110000</MALT>
    <XAUS>42,000000</XAUS>
    <XFRA>42,000000</XFRA>
  </Prezzi>
  <Prezzi>
    <Data>20160208</Data>
    <Mercato>MGP</Mercato>
    <Ora>9</Ora>
    <PUN>45,955730</PUN>
    <NAT>47,370000</NAT>
    <CNOR>45,480000</CNOR>
    <CSUD>45,480000</CSUD>
    <NORD>45,480000</NORD>
    <SARD>45,480000</SARD>
    <SICI>55,110000</SICI>
    <SUD>45,480000</SUD>
    <AUST>45,480000</AUST>
    <BRNN>45,480000</BRNN>
    <COAC>45,480000</COAC>
    <CORS>45,480000</CORS>
    <FOGN>45,480000</FOGN>
    <FRAN>45,480000</FRAN>
    <GREC>45,480000</GREC>
    <MFTV>45,480000</MFTV>
    <PRGP>55,110000</PRGP>
    <ROSN>45,480000</ROSN>
    <SLOV>45,480000</SLOV>
    <SVIZ>45,480000</SVIZ>
    <BSP>45,480000</BSP>
    <MALT>55,110000</MALT>
    <XAUS>45,480000</XAUS>
    <XFRA>45,480000</XFRA>
  </Prezzi>
  <Prezzi>
    <Data>20160208</Data>
    <Mercato>MGP</Mercato>
    <Ora>10</Ora>
    <PUN>44,800000</PUN>
    <NAT>45,600000</NAT>
    <CNOR>44,310100</CNOR>
    <CSUD>44,310100</CSUD>
    <NORD>44,310100</NORD>
    <SARD>44,310100</SARD>
    <SICI>54,570000</SICI>
    <SUD>44,310100</SUD>
    <AUST>44,310100</AUST>
    <BRNN>44,310100</BRNN>
    <COAC>44,310100</COAC>
    <CORS>44,310100</CORS>
    <FOGN>44,310100</FOGN>
    <FRAN>44,310100</FRAN>
    <GREC>44,310100</GREC>
    <MFTV>44,310100</MFTV>
    <PRGP>54,570000</PRGP>
    <ROSN>44,310100</ROSN>
    <SLOV>44,310100</SLOV>
    <SVIZ>44,310100</SVIZ>
    <BSP>44,310100</BSP>
    <MALT>54,570000</MALT>
    <XAUS>44,310100</XAUS>
    <XFRA>44,310100</XFRA>
  </Prezzi>
  <Prezzi>
    <Data>20160208</Data>
    <Mercato>MGP</Mercato>
    <Ora>11</Ora>
    <PUN>42,971000</PUN>
    <NAT>43,000000</NAT>
    <CNOR>41,330000</CNOR>
    <CSUD>41,330000</CSUD>
    <NORD>43,000000</NORD>
    <SARD>41,330000</SARD>
    <SICI>54,460000</SICI>
    <SUD>41,330000</SUD>
    <AUST>43,000000</AUST>
    <BRNN>41,330000</BRNN>
    <COAC>41,330000</COAC>
    <CORS>41,330000</CORS>
    <FOGN>41,330000</FOGN>
    <FRAN>43,000000</FRAN>
    <GREC>41,330000</GREC>
    <MFTV>43,000000</MFTV>
    <PRGP>54,460000</PRGP>
    <ROSN>41,330000</ROSN>
    <SLOV>43,000000</SLOV>
    <SVIZ>43,000000</SVIZ>
    <BSP>43,000000</BSP>
    <MALT>54,460000</MALT>
    <XAUS>43,000000</XAUS>
    <XFRA>43,000000</XFRA>
  </Prezzi>
  <Prezzi>
    <Data>20160208</Data>
    <Mercato>MGP</Mercato>
    <Ora>12</Ora>
    <PUN>42,080630</PUN>
    <NAT>41,610000</NAT>
    <CNOR>42,000000</CNOR>
    <CSUD>39,990000</CSUD>
    <NORD>42,000000</NORD>
    <SARD>39,990000</SARD>
    <SICI>54,460000</SICI>
    <SUD>39,990000</SUD>
    <AUST>42,000000</AUST>
    <BRNN>39,990000</BRNN>
    <COAC>39,990000</COAC>
    <CORS>39,990000</CORS>
    <FOGN>39,990000</FOGN>
    <FRAN>42,000000</FRAN>
    <GREC>39,990000</GREC>
    <MFTV>42,000000</MFTV>
    <PRGP>54,460000</PRGP>
    <ROSN>39,990000</ROSN>
    <SLOV>42,000000</SLOV>
    <SVIZ>42,000000</SVIZ>
    <BSP>42,000000</BSP>
    <MALT>54,460000</MALT>
    <XAUS>42,000000</XAUS>
    <XFRA>42,000000</XFRA>
  </Prezzi>
  <Prezzi>
    <Data>20160208</Data>
    <Mercato>MGP</Mercato>
    <Ora>13</Ora>
    <PUN>38,623960</PUN>
    <NAT>39,990000</NAT>
    <CNOR>36,560000</CNOR>
    <CSUD>36,560000</CSUD>
    <NORD>40,000000</NORD>
    <SARD>36,560000</SARD>
    <SICI>36,560000</SICI>
    <SUD>36,560000</SUD>
    <AUST>40,000000</AUST>
    <BRNN>36,560000</BRNN>
    <COAC>36,560000</COAC>
    <CORS>36,560000</CORS>
    <FOGN>36,560000</FOGN>
    <FRAN>40,000000</FRAN>
    <GREC>36,560000</GREC>
    <MFTV>40,000000</MFTV>
    <PRGP>36,560000</PRGP>
    <ROSN>36,560000</ROSN>
    <SLOV>40,000000</SLOV>
    <SVIZ>40,000000</SVIZ>
    <BSP>40,000000</BSP>
    <MALT>36,560000</MALT>
    <XAUS>40,000000</XAUS>
    <XFRA>40,000000</XFRA>
  </Prezzi>
  <Prezzi>
    <Data>20160208</Data>
    <Mercato>MGP</Mercato>
    <Ora>14</Ora>
    <PUN>38,459890</PUN>
    <NAT>38,490000</NAT>
    <CNOR>36,070000</CNOR>
    <CSUD>36,070000</CSUD>
    <NORD>40,000000</NORD>
    <SARD>36,070000</SARD>
    <SICI>36,070000</SICI>
    <SUD>36,070000</SUD>
    <AUST>40,000000</AUST>
    <BRNN>36,070000</BRNN>
    <COAC>36,070000</COAC>
    <CORS>36,070000</CORS>
    <FOGN>36,070000</FOGN>
    <FRAN>40,000000</FRAN>
    <GREC>36,070000</GREC>
    <MFTV>40,000000</MFTV>
    <PRGP>36,070000</PRGP>
    <ROSN>36,070000</ROSN>
    <SLOV>40,000000</SLOV>
    <SVIZ>40,000000</SVIZ>
    <BSP>40,000000</BSP>
    <MALT>36,070000</MALT>
    <XAUS>40,000000</XAUS>
    <XFRA>40,000000</XFRA>
  </Prezzi>
  <Prezzi>
    <Data>20160208</Data>
    <Mercato>MGP</Mercato>
    <Ora>15</Ora>
    <PUN>40,368090</PUN>
    <NAT>40,000000</NAT>
    <CNOR>42,000000</CNOR>
    <CSUD>36,440000</CSUD>
    <NORD>42,000000</NORD>
    <SARD>36,440000</SARD>
    <SICI>36,440000</SICI>
    <SUD>36,440000</SUD>
    <AUST>42,000000</AUST>
    <BRNN>36,440000</BRNN>
    <COAC>36,440000</COAC>
    <CORS>36,440000</CORS>
    <FOGN>36,440000</FOGN>
    <FRAN>42,000000</FRAN>
    <GREC>36,440000</GREC>
    <MFTV>42,000000</MFTV>
    <PRGP>36,440000</PRGP>
    <ROSN>36,440000</ROSN>
    <SLOV>42,000000</SLOV>
    <SVIZ>42,000000</SVIZ>
    <BSP>42,000000</BSP>
    <MALT>36,440000</MALT>
    <XAUS>42,000000</XAUS>
    <XFRA>42,000000</XFRA>
  </Prezzi>
  <Prezzi>
    <Data>20160208</Data>
    <Mercato>MGP</Mercato>
    <Ora>16</Ora>
    <PUN>42,491460</PUN>
    <NAT>42,000000</NAT>
    <CNOR>42,900000</CNOR>
    <CSUD>39,000000</CSUD>
    <NORD>42,900000</NORD>
    <SARD>39,000000</SARD>
    <SICI>54,460000</SICI>
    <SUD>39,000000</SUD>
    <AUST>42,900000</AUST>
    <BRNN>39,000000</BRNN>
    <COAC>39,000000</COAC>
    <CORS>39,000000</CORS>
    <FOGN>39,000000</FOGN>
    <FRAN>42,900000</FRAN>
    <GREC>39,000000</GREC>
    <MFTV>42,900000</MFTV>
    <PRGP>54,460000</PRGP>
    <ROSN>39,000000</ROSN>
    <SLOV>42,900000</SLOV>
    <SVIZ>42,900000</SVIZ>
    <BSP>42,900000</BSP>
    <MALT>54,460000</MALT>
    <XAUS>42,900000</XAUS>
    <XFRA>42,900000</XFRA>
  </Prezzi>
  <Prezzi>
    <Data>20160208</Data>
    <Mercato>MGP</Mercato>
    <Ora>17</Ora>
    <PUN>43,850880</PUN>
    <NAT>43,890000</NAT>
    <CNOR>43,300000</CNOR>
    <CSUD>43,300000</CSUD>
    <NORD>43,300000</NORD>
    <SARD>43,300000</SARD>
    <SICI>54,460000</SICI>
    <SUD>43,300000</SUD>
    <AUST>43,300000</AUST>
    <BRNN>43,300000</BRNN>
    <COAC>43,300000</COAC>
    <CORS>43,300000</CORS>
    <FOGN>43,300000</FOGN>
    <FRAN>43,300000</FRAN>
    <GREC>43,300000</GREC>
    <MFTV>43,300000</MFTV>
    <PRGP>54,460000</PRGP>
    <ROSN>43,300000</ROSN>
    <SLOV>43,300000</SLOV>
    <SVIZ>43,300000</SVIZ>
    <BSP>43,300000</BSP>
    <MALT>54,460000</MALT>
    <XAUS>43,300000</XAUS>
    <XFRA>43,300000</XFRA>
  </Prezzi>
  <Prezzi>
    <Data>20160208</Data>
    <Mercato>MGP</Mercato>
    <Ora>18</Ora>
    <PUN>46,467980</PUN>
    <NAT>47,000000</NAT>
    <CNOR>45,990000</CNOR>
    <CSUD>45,990000</CSUD>
    <NORD>45,990000</NORD>
    <SARD>45,990000</SARD>
    <SICI>55,110000</SICI>
    <SUD>45,990000</SUD>
    <AUST>45,990000</AUST>
    <BRNN>45,990000</BRNN>
    <COAC>45,990000</COAC>
    <CORS>45,990000</CORS>
    <FOGN>45,990000</FOGN>
    <FRAN>45,990000</FRAN>
    <GREC>45,990000</GREC>
    <MFTV>45,990000</MFTV>
    <PRGP>55,110000</PRGP>
    <ROSN>45,990000</ROSN>
    <SLOV>45,990000</SLOV>
    <SVIZ>45,990000</SVIZ>
    <BSP>45,990000</BSP>
    <MALT>55,110000</MALT>
    <XAUS>45,990000</XAUS>
    <XFRA>45,990000</XFRA>
  </Prezzi>
  <Prezzi>
    <Data>20160208</Data>
    <Mercato>MGP</Mercato>
    <Ora>19</Ora>
    <PUN>47,926650</PUN>
    <NAT>48,950000</NAT>
    <CNOR>47,500000</CNOR>
    <CSUD>47,500000</CSUD>
    <NORD>47,500000</NORD>
    <SARD>47,500000</SARD>
    <SICI>55,110000</SICI>
    <SUD>47,500000</SUD>
    <AUST>47,500000</AUST>
    <BRNN>47,500000</BRNN>
    <COAC>47,500000</COAC>
    <CORS>47,500000</CORS>
    <FOGN>47,500000</FOGN>
    <FRAN>47,500000</FRAN>
    <GREC>47,500000</GREC>
    <MFTV>47,500000</MFTV>
    <PRGP>55,110000</PRGP>
    <ROSN>47,500000</ROSN>
    <SLOV>47,500000</SLOV>
    <SVIZ>47,500000</SVIZ>
    <BSP>47,500000</BSP>
    <MALT>55,110000</MALT>
    <XAUS>47,500000</XAUS>
    <XFRA>47,500000</XFRA>
  </Prezzi>
  <Prezzi>
    <Data>20160208</Data>
    <Mercato>MGP</Mercato>
    <Ora>20</Ora>
    <PUN>46,897420</PUN>
    <NAT>47,550000</NAT>
    <CNOR>46,000000</CNOR>
    <CSUD>46,000000</CSUD>
    <NORD>46,000000</NORD>
    <SARD>46,000000</SARD>
    <SICI>60,640000</SICI>
    <SUD>46,000000</SUD>
    <AUST>46,000000</AUST>
    <BRNN>46,000000</BRNN>
    <COAC>46,000000</COAC>
    <CORS>46,000000</CORS>
    <FOGN>46,000000</FOGN>
    <FRAN>46,000000</FRAN>
    <GREC>46,000000</GREC>
    <MFTV>46,000000</MFTV>
    <PRGP>60,640000</PRGP>
    <ROSN>46,000000</ROSN>
    <SLOV>46,000000</SLOV>
    <SVIZ>46,000000</SVIZ>
    <BSP>46,000000</BSP>
    <MALT>60,640000</MALT>
    <XAUS>46,000000</XAUS>
    <XFRA>46,000000</XFRA>
  </Prezzi>
  <Prezzi>
    <Data>20160208</Data>
    <Mercato>MGP</Mercato>
    <Ora>21</Ora>
    <PUN>46,000150</PUN>
    <NAT>46,000000</NAT>
    <CNOR>45,000000</CNOR>
    <CSUD>45,000000</CSUD>
    <NORD>45,000000</NORD>
    <SARD>45,000000</SARD>
    <SICI>60,640000</SICI>
    <SUD>45,000000</SUD>
    <AUST>45,000000</AUST>
    <BRNN>45,000000</BRNN>
    <COAC>45,000000</COAC>
    <CORS>45,000000</CORS>
    <FOGN>45,000000</FOGN>
    <FRAN>45,000000</FRAN>
    <GREC>45,000000</GREC>
    <MFTV>45,000000</MFTV>
    <PRGP>60,640000</PRGP>
    <ROSN>45,000000</ROSN>
    <SLOV>45,000000</SLOV>
    <SVIZ>45,000000</SVIZ>
    <BSP>45,000000</BSP>
    <MALT>60,640000</MALT>
    <XAUS>45,000000</XAUS>
    <XFRA>45,000000</XFRA>
  </Prezzi>
  <Prezzi>
    <Data>20160208</Data>
    <Mercato>MGP</Mercato>
    <Ora>22</Ora>
    <PUN>45,611580</PUN>
    <NAT>45,990000</NAT>
    <CNOR>45,000000</CNOR>
    <CSUD>45,000000</CSUD>
    <NORD>45,000000</NORD>
    <SARD>45,000000</SARD>
    <SICI>55,110000</SICI>
    <SUD>45,000000</SUD>
    <AUST>45,000000</AUST>
    <BRNN>45,000000</BRNN>
    <COAC>45,000000</COAC>
    <CORS>45,000000</CORS>
    <FOGN>45,000000</FOGN>
    <FRAN>45,000000</FRAN>
    <GREC>45,000000</GREC>
    <MFTV>45,000000</MFTV>
    <PRGP>55,110000</PRGP>
    <ROSN>45,000000</ROSN>
    <SLOV>45,000000</SLOV>
    <SVIZ>45,000000</SVIZ>
    <BSP>45,000000</BSP>
    <MALT>55,110000</MALT>
    <XAUS>45,000000</XAUS>
    <XFRA>45,000000</XFRA>
  </Prezzi>
  <Prezzi>
    <Data>20160208</Data>
    <Mercato>MGP</Mercato>
    <Ora>23</Ora>
    <PUN>40,939240</PUN>
    <NAT>41,500000</NAT>
    <CNOR>40,000000</CNOR>
    <CSUD>40,000000</CSUD>
    <NORD>40,000000</NORD>
    <SARD>40,000000</SARD>
    <SICI>55,110000</SICI>
    <SUD>40,000000</SUD>
    <AUST>40,000000</AUST>
    <BRNN>40,000000</BRNN>
    <COAC>40,000000</COAC>
    <CORS>40,000000</CORS>
    <FOGN>40,000000</FOGN>
    <FRAN>40,000000</FRAN>
    <GREC>40,000000</GREC>
    <MFTV>40,000000</MFTV>
    <PRGP>55,110000</PRGP>
    <ROSN>38,000000</ROSN>
    <SLOV>40,000000</SLOV>
    <SVIZ>40,000000</SVIZ>
    <BSP>40,000000</BSP>
    <MALT>55,110000</MALT>
    <XAUS>40,000000</XAUS>
    <XFRA>40,000000</XFRA>
  </Prezzi>
  <Prezzi>
    <Data>20160208</Data>
    <Mercato>MGP</Mercato>
    <Ora>24</Ora>
    <PUN>37,494670</PUN>
    <NAT>36,770000</NAT>
    <CNOR>36,440000</CNOR>
    <CSUD>36,440000</CSUD>
    <NORD>36,440000</NORD>
    <SARD>36,440000</SARD>
    <SICI>54,570000</SICI>
    <SUD>36,440000</SUD>
    <AUST>36,440000</AUST>
    <BRNN>36,440000</BRNN>
    <COAC>36,440000</COAC>
    <CORS>36,440000</CORS>
    <FOGN>36,440000</FOGN>
    <FRAN>36,440000</FRAN>
    <GREC>36,440000</GREC>
    <MFTV>36,440000</MFTV>
    <PRGP>54,570000</PRGP>
    <ROSN>36,440000</ROSN>
    <SLOV>36,440000</SLOV>
    <SVIZ>36,440000</SVIZ>
    <BSP>36,440000</BSP>
    <MALT>54,570000</MALT>
    <XAUS>36,440000</XAUS>
    <XFRA>36,440000</XFRA>
  </Prezzi>
</NewDataSet>