<?xml version="1.0" standalone="yes"?>
<NewDataSet>
  <xs:schema id="NewDataSet" xmlns="" xmlns:xs="http://www.w3.org/2001/XMLSchema" xmlns:msdata="urn:schemas-microsoft-com:xml-msdata">
    <xs:element name="NewDataSet" msdata:IsDataSet="true" msdata:UseCurrentLocale="true">
      <xs:complexType>
        <xs:choice minOccurs="0" maxOccurs="unbounded">
          <xs:element name="Prezzi">
            <xs:complexType>
              <xs:sequence>
                <xs:element name="Data" type="xs:string" minOccurs="0" />
                <xs:element name="Mercato" type="xs:string" minOccurs="0" />
                <xs:element name="Ora" type="xs:string" minOccurs="0" />
                <xs:element name="PUN" type="xs:string" minOccurs="0" />
                <xs:element name="NAT" type="xs:string" minOccurs="0" />
                <xs:element name="CNOR" type="xs:string" minOccurs="0" />
                <xs:element name="CSUD" type="xs:string" minOccurs="0" />
                <xs:element name="NORD" type="xs:string" minOccurs="0" />
                <xs:element name="SARD" type="xs:string" minOccurs="0" />
                <xs:element name="SICI" type="xs:string" minOccurs="0" />
                <xs:element name="SUD" type="xs:string" minOccurs="0" />
                <xs:element name="AUST" type="xs:string" minOccurs="0" />
                <xs:element name="BRNN" type="xs:string" minOccurs="0" />
                <xs:element name="COAC" type="xs:string" minOccurs="0" />
                <xs:element name="CORS" type="xs:string" minOccurs="0" />
                <xs:element name="FOGN" type="xs:string" minOccurs="0" />
                <xs:element name="FRAN" type="xs:string" minOccurs="0" />
                <xs:element name="GREC" type="xs:string" minOccurs="0" />
                <xs:element name="MFTV" type="xs:string" minOccurs="0" />
                <xs:element name="PRGP" type="xs:string" minOccurs="0" />
                <xs:element name="ROSN" type="xs:string" minOccurs="0" />
                <xs:element name="SLOV" type="xs:string" minOccurs="0" />
                <xs:element name="SVIZ" type="xs:string" minOccurs="0" />
                <xs:element name="BSP" type="xs:string" minOccurs="0" />
                <xs:element name="MALT" type="xs:string" minOccurs="0" />
                <xs:element name="XAUS" type="xs:string" minOccurs="0" />
                <xs:element name="XFRA" type="xs:string" minOccurs="0" />
              </xs:sequence>
            </xs:complexType>
          </xs:element>
        </xs:choice>
      </xs:complexType>
    </xs:element>
  </xs:schema>
  <Prezzi>
    <Data>20160203</Data>
    <Mercato>MGP</Mercato>
    <Ora>1</Ora>
    <PUN>33,952500</PUN>
    <NAT>33,000000</NAT>
    <CNOR>32,900000</CNOR>
    <CSUD>32,900000</CSUD>
    <NORD>32,900000</NORD>
    <SARD>32,900000</SARD>
    <SICI>51,340000</SICI>
    <SUD>32,900000</SUD>
    <AUST>32,900000</AUST>
    <BRNN>32,900000</BRNN>
    <COAC>32,900000</COAC>
    <CORS>32,900000</CORS>
    <FOGN>32,900000</FOGN>
    <FRAN>32,900000</FRAN>
    <GREC>32,900000</GREC>
    <MFTV>32,900000</MFTV>
    <PRGP>51,340000</PRGP>
    <ROSN>32,900000</ROSN>
    <SLOV>32,900000</SLOV>
    <SVIZ>32,900000</SVIZ>
    <BSP>32,900000</BSP>
    <MALT>51,340000</MALT>
    <XAUS>32,900000</XAUS>
    <XFRA>32,900000</XFRA>
  </Prezzi>
  <Prezzi>
    <Data>20160203</Data>
    <Mercato>MGP</Mercato>
    <Ora>2</Ora>
    <PUN>31,392630</PUN>
    <NAT>31,460000</NAT>
    <CNOR>31,020000</CNOR>
    <CSUD>31,020000</CSUD>
    <NORD>31,020000</NORD>
    <SARD>31,020000</SARD>
    <SICI>37,990000</SICI>
    <SUD>31,020000</SUD>
    <AUST>31,020000</AUST>
    <BRNN>31,020000</BRNN>
    <COAC>31,020000</COAC>
    <CORS>31,020000</CORS>
    <FOGN>31,020000</FOGN>
    <FRAN>31,020000</FRAN>
    <GREC>31,020000</GREC>
    <MFTV>31,020000</MFTV>
    <PRGP>37,990000</PRGP>
    <ROSN>31,020000</ROSN>
    <SLOV>31,020000</SLOV>
    <SVIZ>31,020000</SVIZ>
    <BSP>31,020000</BSP>
    <MALT>37,990000</MALT>
    <XAUS>31,020000</XAUS>
    <XFRA>31,020000</XFRA>
  </Prezzi>
  <Prezzi>
    <Data>20160203</Data>
    <Mercato>MGP</Mercato>
    <Ora>3</Ora>
    <PUN>30,469800</PUN>
    <NAT>30,150000</NAT>
    <CNOR>30,150000</CNOR>
    <CSUD>30,150000</CSUD>
    <NORD>30,150000</NORD>
    <SARD>30,150000</SARD>
    <SICI>35,990000</SICI>
    <SUD>30,150000</SUD>
    <AUST>30,150000</AUST>
    <BRNN>30,150000</BRNN>
    <COAC>30,150000</COAC>
    <CORS>30,150000</CORS>
    <FOGN>30,150000</FOGN>
    <FRAN>30,150000</FRAN>
    <GREC>30,150000</GREC>
    <MFTV>30,150000</MFTV>
    <PRGP>35,990000</PRGP>
    <ROSN>30,150000</ROSN>
    <SLOV>30,150000</SLOV>
    <SVIZ>30,150000</SVIZ>
    <BSP>30,150000</BSP>
    <MALT>35,990000</MALT>
    <XAUS>30,150000</XAUS>
    <XFRA>30,150000</XFRA>
  </Prezzi>
  <Prezzi>
    <Data>20160203</Data>
    <Mercato>MGP</Mercato>
    <Ora>4</Ora>
    <PUN>30,000000</PUN>
    <NAT>30,000000</NAT>
    <CNOR>30,000000</CNOR>
    <CSUD>30,000000</CSUD>
    <NORD>30,000000</NORD>
    <SARD>30,000000</SARD>
    <SICI>30,000000</SICI>
    <SUD>30,000000</SUD>
    <AUST>30,000000</AUST>
    <BRNN>30,000000</BRNN>
    <COAC>30,000000</COAC>
    <CORS>30,000000</CORS>
    <FOGN>30,000000</FOGN>
    <FRAN>30,000000</FRAN>
    <GREC>30,000000</GREC>
    <MFTV>30,000000</MFTV>
    <PRGP>30,000000</PRGP>
    <ROSN>30,000000</ROSN>
    <SLOV>30,000000</SLOV>
    <SVIZ>30,000000</SVIZ>
    <BSP>30,000000</BSP>
    <MALT>30,000000</MALT>
    <XAUS>30,000000</XAUS>
    <XFRA>30,000000</XFRA>
  </Prezzi>
  <Prezzi>
    <Data>20160203</Data>
    <Mercato>MGP</Mercato>
    <Ora>5</Ora>
    <PUN>30,404060</PUN>
    <NAT>30,150000</NAT>
    <CNOR>30,150000</CNOR>
    <CSUD>30,150000</CSUD>
    <NORD>30,150000</NORD>
    <SARD>30,150000</SARD>
    <SICI>35,000000</SICI>
    <SUD>30,150000</SUD>
    <AUST>30,150000</AUST>
    <BRNN>30,150000</BRNN>
    <COAC>30,150000</COAC>
    <CORS>30,150000</CORS>
    <FOGN>30,150000</FOGN>
    <FRAN>30,150000</FRAN>
    <GREC>30,150000</GREC>
    <MFTV>30,150000</MFTV>
    <PRGP>35,000000</PRGP>
    <ROSN>30,150000</ROSN>
    <SLOV>30,150000</SLOV>
    <SVIZ>30,150000</SVIZ>
    <BSP>30,150000</BSP>
    <MALT>35,000000</MALT>
    <XAUS>30,150000</XAUS>
    <XFRA>30,150000</XFRA>
  </Prezzi>
  <Prezzi>
    <Data>20160203</Data>
    <Mercato>MGP</Mercato>
    <Ora>6</Ora>
    <PUN>33,474730</PUN>
    <NAT>32,900000</NAT>
    <CNOR>32,850000</CNOR>
    <CSUD>32,850000</CSUD>
    <NORD>32,850000</NORD>
    <SARD>32,850000</SARD>
    <SICI>44,790000</SICI>
    <SUD>32,850000</SUD>
    <AUST>32,850000</AUST>
    <BRNN>32,850000</BRNN>
    <COAC>32,850000</COAC>
    <CORS>32,850000</CORS>
    <FOGN>32,850000</FOGN>
    <FRAN>32,850000</FRAN>
    <GREC>32,850000</GREC>
    <MFTV>32,850000</MFTV>
    <PRGP>44,790000</PRGP>
    <ROSN>32,850000</ROSN>
    <SLOV>32,850000</SLOV>
    <SVIZ>32,850000</SVIZ>
    <BSP>32,850000</BSP>
    <MALT>44,790000</MALT>
    <XAUS>32,850000</XAUS>
    <XFRA>32,850000</XFRA>
  </Prezzi>
  <Prezzi>
    <Data>20160203</Data>
    <Mercato>MGP</Mercato>
    <Ora>7</Ora>
    <PUN>38,716380</PUN>
    <NAT>38,590000</NAT>
    <CNOR>38,000000</CNOR>
    <CSUD>38,000000</CSUD>
    <NORD>38,000000</NORD>
    <SARD>38,000000</SARD>
    <SICI>52,680000</SICI>
    <SUD>38,000000</SUD>
    <AUST>38,000000</AUST>
    <BRNN>38,000000</BRNN>
    <COAC>38,000000</COAC>
    <CORS>38,000000</CORS>
    <FOGN>38,000000</FOGN>
    <FRAN>38,000000</FRAN>
    <GREC>38,000000</GREC>
    <MFTV>38,000000</MFTV>
    <PRGP>52,680000</PRGP>
    <ROSN>38,000000</ROSN>
    <SLOV>38,000000</SLOV>
    <SVIZ>38,000000</SVIZ>
    <BSP>38,000000</BSP>
    <MALT>52,680000</MALT>
    <XAUS>38,000000</XAUS>
    <XFRA>38,000000</XFRA>
  </Prezzi>
  <Prezzi>
    <Data>20160203</Data>
    <Mercato>MGP</Mercato>
    <Ora>8</Ora>
    <PUN>45,700950</PUN>
    <NAT>45,990000</NAT>
    <CNOR>39,990000</CNOR>
    <CSUD>39,990000</CSUD>
    <NORD>48,010000</NORD>
    <SARD>39,990000</SARD>
    <SICI>54,390000</SICI>
    <SUD>39,990000</SUD>
    <AUST>48,010000</AUST>
    <BRNN>39,990000</BRNN>
    <COAC>39,990000</COAC>
    <CORS>39,990000</CORS>
    <FOGN>39,990000</FOGN>
    <FRAN>48,010000</FRAN>
    <GREC>39,990000</GREC>
    <MFTV>48,010000</MFTV>
    <PRGP>54,390000</PRGP>
    <ROSN>39,990000</ROSN>
    <SLOV>48,010000</SLOV>
    <SVIZ>48,010000</SVIZ>
    <BSP>48,010000</BSP>
    <MALT>54,390000</MALT>
    <XAUS>48,010000</XAUS>
    <XFRA>48,010000</XFRA>
  </Prezzi>
  <Prezzi>
    <Data>20160203</Data>
    <Mercato>MGP</Mercato>
    <Ora>9</Ora>
    <PUN>47,985970</PUN>
    <NAT>48,990000</NAT>
    <CNOR>41,090000</CNOR>
    <CSUD>41,090000</CSUD>
    <NORD>51,090000</NORD>
    <SARD>41,090000</SARD>
    <SICI>54,390000</SICI>
    <SUD>41,090000</SUD>
    <AUST>51,090000</AUST>
    <BRNN>41,090000</BRNN>
    <COAC>41,090000</COAC>
    <CORS>41,090000</CORS>
    <FOGN>41,090000</FOGN>
    <FRAN>51,090000</FRAN>
    <GREC>41,090000</GREC>
    <MFTV>51,090000</MFTV>
    <PRGP>54,390000</PRGP>
    <ROSN>41,090000</ROSN>
    <SLOV>51,090000</SLOV>
    <SVIZ>51,090000</SVIZ>
    <BSP>51,090000</BSP>
    <MALT>54,390000</MALT>
    <XAUS>51,090000</XAUS>
    <XFRA>51,090000</XFRA>
  </Prezzi>
  <Prezzi>
    <Data>20160203</Data>
    <Mercato>MGP</Mercato>
    <Ora>10</Ora>
    <PUN>50,646010</PUN>
    <NAT>47,010000</NAT>
    <CNOR>39,500000</CNOR>
    <CSUD>39,500000</CSUD>
    <NORD>56,250000</NORD>
    <SARD>39,500000</SARD>
    <SICI>52,680000</SICI>
    <SUD>39,500000</SUD>
    <AUST>56,250000</AUST>
    <BRNN>39,500000</BRNN>
    <COAC>39,500000</COAC>
    <CORS>39,500000</CORS>
    <FOGN>39,500000</FOGN>
    <FRAN>56,250000</FRAN>
    <GREC>39,500000</GREC>
    <MFTV>56,250000</MFTV>
    <PRGP>52,680000</PRGP>
    <ROSN>39,500000</ROSN>
    <SLOV>56,250000</SLOV>
    <SVIZ>56,250000</SVIZ>
    <BSP>56,250000</BSP>
    <MALT>52,680000</MALT>
    <XAUS>56,250000</XAUS>
    <XFRA>56,250000</XFRA>
  </Prezzi>
  <Prezzi>
    <Data>20160203</Data>
    <Mercato>MGP</Mercato>
    <Ora>11</Ora>
    <PUN>45,103950</PUN>
    <NAT>43,000000</NAT>
    <CNOR>34,470000</CNOR>
    <CSUD>34,470000</CSUD>
    <NORD>51,310000</NORD>
    <SARD>34,470000</SARD>
    <SICI>35,000000</SICI>
    <SUD>34,470000</SUD>
    <AUST>51,310000</AUST>
    <BRNN>34,470000</BRNN>
    <COAC>34,470000</COAC>
    <CORS>34,470000</CORS>
    <FOGN>34,470000</FOGN>
    <FRAN>51,310000</FRAN>
    <GREC>34,470000</GREC>
    <MFTV>51,310000</MFTV>
    <PRGP>35,000000</PRGP>
    <ROSN>34,470000</ROSN>
    <SLOV>51,310000</SLOV>
    <SVIZ>51,310000</SVIZ>
    <BSP>51,310000</BSP>
    <MALT>35,000000</MALT>
    <XAUS>51,310000</XAUS>
    <XFRA>51,310000</XFRA>
  </Prezzi>
  <Prezzi>
    <Data>20160203</Data>
    <Mercato>MGP</Mercato>
    <Ora>12</Ora>
    <PUN>44,215110</PUN>
    <NAT>42,000000</NAT>
    <CNOR>33,910000</CNOR>
    <CSUD>33,910000</CSUD>
    <NORD>50,210000</NORD>
    <SARD>33,910000</SARD>
    <SICI>33,910000</SICI>
    <SUD>33,910000</SUD>
    <AUST>50,210000</AUST>
    <BRNN>33,910000</BRNN>
    <COAC>33,910000</COAC>
    <CORS>33,910000</CORS>
    <FOGN>33,910000</FOGN>
    <FRAN>50,210000</FRAN>
    <GREC>33,910000</GREC>
    <MFTV>50,210000</MFTV>
    <PRGP>33,910000</PRGP>
    <ROSN>33,910000</ROSN>
    <SLOV>50,210000</SLOV>
    <SVIZ>50,210000</SVIZ>
    <BSP>50,210000</BSP>
    <MALT>33,910000</MALT>
    <XAUS>50,210000</XAUS>
    <XFRA>50,210000</XFRA>
  </Prezzi>
  <Prezzi>
    <Data>20160203</Data>
    <Mercato>MGP</Mercato>
    <Ora>13</Ora>
    <PUN>38,900840</PUN>
    <NAT>38,000000</NAT>
    <CNOR>28,460000</CNOR>
    <CSUD>28,460000</CSUD>
    <NORD>45,210000</NORD>
    <SARD>28,460000</SARD>
    <SICI>28,460000</SICI>
    <SUD>28,460000</SUD>
    <AUST>45,210000</AUST>
    <BRNN>28,460000</BRNN>
    <COAC>28,460000</COAC>
    <CORS>28,460000</CORS>
    <FOGN>28,460000</FOGN>
    <FRAN>45,210000</FRAN>
    <GREC>28,460000</GREC>
    <MFTV>45,210000</MFTV>
    <PRGP>28,460000</PRGP>
    <ROSN>28,460000</ROSN>
    <SLOV>45,210000</SLOV>
    <SVIZ>45,210000</SVIZ>
    <BSP>45,210000</BSP>
    <MALT>28,460000</MALT>
    <XAUS>45,210000</XAUS>
    <XFRA>45,210000</XFRA>
  </Prezzi>
  <Prezzi>
    <Data>20160203</Data>
    <Mercato>MGP</Mercato>
    <Ora>14</Ora>
    <PUN>37,639930</PUN>
    <NAT>36,000000</NAT>
    <CNOR>25,000000</CNOR>
    <CSUD>25,000000</CSUD>
    <NORD>45,000000</NORD>
    <SARD>25,000000</SARD>
    <SICI>24,820000</SICI>
    <SUD>25,000000</SUD>
    <AUST>45,000000</AUST>
    <BRNN>25,000000</BRNN>
    <COAC>25,000000</COAC>
    <CORS>25,000000</CORS>
    <FOGN>25,000000</FOGN>
    <FRAN>45,000000</FRAN>
    <GREC>25,000000</GREC>
    <MFTV>45,000000</MFTV>
    <PRGP>24,820000</PRGP>
    <ROSN>25,000000</ROSN>
    <SLOV>45,000000</SLOV>
    <SVIZ>45,000000</SVIZ>
    <BSP>45,000000</BSP>
    <MALT>24,820000</MALT>
    <XAUS>45,000000</XAUS>
    <XFRA>45,000000</XFRA>
  </Prezzi>
  <Prezzi>
    <Data>20160203</Data>
    <Mercato>MGP</Mercato>
    <Ora>15</Ora>
    <PUN>41,211200</PUN>
    <NAT>38,590000</NAT>
    <CNOR>30,350000</CNOR>
    <CSUD>30,350000</CSUD>
    <NORD>47,770000</NORD>
    <SARD>30,350000</SARD>
    <SICI>26,600000</SICI>
    <SUD>30,350000</SUD>
    <AUST>47,770000</AUST>
    <BRNN>30,350000</BRNN>
    <COAC>30,350000</COAC>
    <CORS>30,350000</CORS>
    <FOGN>30,350000</FOGN>
    <FRAN>47,770000</FRAN>
    <GREC>30,350000</GREC>
    <MFTV>47,770000</MFTV>
    <PRGP>26,600000</PRGP>
    <ROSN>30,350000</ROSN>
    <SLOV>47,770000</SLOV>
    <SVIZ>47,770000</SVIZ>
    <BSP>47,770000</BSP>
    <MALT>26,600000</MALT>
    <XAUS>47,770000</XAUS>
    <XFRA>47,770000</XFRA>
  </Prezzi>
  <Prezzi>
    <Data>20160203</Data>
    <Mercato>MGP</Mercato>
    <Ora>16</Ora>
    <PUN>41,915020</PUN>
    <NAT>41,210000</NAT>
    <CNOR>33,910000</CNOR>
    <CSUD>33,910000</CSUD>
    <NORD>47,140000</NORD>
    <SARD>33,910000</SARD>
    <SICI>26,600000</SICI>
    <SUD>33,910000</SUD>
    <AUST>47,140000</AUST>
    <BRNN>33,910000</BRNN>
    <COAC>33,910000</COAC>
    <CORS>33,910000</CORS>
    <FOGN>33,910000</FOGN>
    <FRAN>47,140000</FRAN>
    <GREC>33,910000</GREC>
    <MFTV>47,140000</MFTV>
    <PRGP>26,600000</PRGP>
    <ROSN>33,910000</ROSN>
    <SLOV>47,140000</SLOV>
    <SVIZ>47,140000</SVIZ>
    <BSP>47,140000</BSP>
    <MALT>26,600000</MALT>
    <XAUS>47,140000</XAUS>
    <XFRA>47,140000</XFRA>
  </Prezzi>
  <Prezzi>
    <Data>20160203</Data>
    <Mercato>MGP</Mercato>
    <Ora>17</Ora>
    <PUN>42,814780</PUN>
    <NAT>42,840000</NAT>
    <CNOR>37,660000</CNOR>
    <CSUD>37,660000</CSUD>
    <NORD>46,090000</NORD>
    <SARD>37,660000</SARD>
    <SICI>37,660000</SICI>
    <SUD>37,660000</SUD>
    <AUST>46,090000</AUST>
    <BRNN>37,660000</BRNN>
    <COAC>37,660000</COAC>
    <CORS>37,660000</CORS>
    <FOGN>37,660000</FOGN>
    <FRAN>46,090000</FRAN>
    <GREC>37,660000</GREC>
    <MFTV>46,090000</MFTV>
    <PRGP>37,660000</PRGP>
    <ROSN>37,660000</ROSN>
    <SLOV>46,090000</SLOV>
    <SVIZ>46,090000</SVIZ>
    <BSP>46,090000</BSP>
    <MALT>37,660000</MALT>
    <XAUS>46,090000</XAUS>
    <XFRA>46,090000</XFRA>
  </Prezzi>
  <Prezzi>
    <Data>20160203</Data>
    <Mercato>MGP</Mercato>
    <Ora>18</Ora>
    <PUN>45,230250</PUN>
    <NAT>45,160000</NAT>
    <CNOR>44,030000</CNOR>
    <CSUD>44,030000</CSUD>
    <NORD>45,150000</NORD>
    <SARD>44,030000</SARD>
    <SICI>54,390000</SICI>
    <SUD>44,030000</SUD>
    <AUST>45,150000</AUST>
    <BRNN>44,030000</BRNN>
    <COAC>44,030000</COAC>
    <CORS>44,030000</CORS>
    <FOGN>44,030000</FOGN>
    <FRAN>45,150000</FRAN>
    <GREC>44,030000</GREC>
    <MFTV>45,150000</MFTV>
    <PRGP>54,390000</PRGP>
    <ROSN>44,030000</ROSN>
    <SLOV>45,150000</SLOV>
    <SVIZ>45,150000</SVIZ>
    <BSP>45,150000</BSP>
    <MALT>54,390000</MALT>
    <XAUS>45,150000</XAUS>
    <XFRA>45,150000</XFRA>
  </Prezzi>
  <Prezzi>
    <Data>20160203</Data>
    <Mercato>MGP</Mercato>
    <Ora>19</Ora>
    <PUN>47,712690</PUN>
    <NAT>48,000000</NAT>
    <CNOR>47,290000</CNOR>
    <CSUD>47,290000</CSUD>
    <NORD>47,290000</NORD>
    <SARD>47,290000</SARD>
    <SICI>54,520000</SICI>
    <SUD>47,290000</SUD>
    <AUST>47,290000</AUST>
    <BRNN>47,290000</BRNN>
    <COAC>47,290000</COAC>
    <CORS>47,290000</CORS>
    <FOGN>47,290000</FOGN>
    <FRAN>47,290000</FRAN>
    <GREC>47,290000</GREC>
    <MFTV>47,290000</MFTV>
    <PRGP>54,520000</PRGP>
    <ROSN>47,060000</ROSN>
    <SLOV>47,290000</SLOV>
    <SVIZ>47,290000</SVIZ>
    <BSP>47,290000</BSP>
    <MALT>54,520000</MALT>
    <XAUS>47,290000</XAUS>
    <XFRA>47,290000</XFRA>
  </Prezzi>
  <Prezzi>
    <Data>20160203</Data>
    <Mercato>MGP</Mercato>
    <Ora>20</Ora>
    <PUN>47,043830</PUN>
    <NAT>47,020000</NAT>
    <CNOR>46,520000</CNOR>
    <CSUD>46,520000</CSUD>
    <NORD>46,520000</NORD>
    <SARD>46,520000</SARD>
    <SICI>55,170000</SICI>
    <SUD>46,520000</SUD>
    <AUST>46,520000</AUST>
    <BRNN>46,520000</BRNN>
    <COAC>46,520000</COAC>
    <CORS>46,520000</CORS>
    <FOGN>46,520000</FOGN>
    <FRAN>46,520000</FRAN>
    <GREC>46,520000</GREC>
    <MFTV>46,520000</MFTV>
    <PRGP>55,170000</PRGP>
    <ROSN>46,500000</ROSN>
    <SLOV>46,520000</SLOV>
    <SVIZ>46,520000</SVIZ>
    <BSP>46,520000</BSP>
    <MALT>55,170000</MALT>
    <XAUS>46,520000</XAUS>
    <XFRA>46,520000</XFRA>
  </Prezzi>
  <Prezzi>
    <Data>20160203</Data>
    <Mercato>MGP</Mercato>
    <Ora>21</Ora>
    <PUN>43,189470</PUN>
    <NAT>44,000000</NAT>
    <CNOR>42,430000</CNOR>
    <CSUD>42,430000</CSUD>
    <NORD>42,430000</NORD>
    <SARD>42,430000</SARD>
    <SICI>54,520000</SICI>
    <SUD>42,430000</SUD>
    <AUST>42,430000</AUST>
    <BRNN>42,430000</BRNN>
    <COAC>42,430000</COAC>
    <CORS>42,430000</CORS>
    <FOGN>42,430000</FOGN>
    <FRAN>42,430000</FRAN>
    <GREC>42,430000</GREC>
    <MFTV>42,430000</MFTV>
    <PRGP>54,520000</PRGP>
    <ROSN>42,430000</ROSN>
    <SLOV>42,430000</SLOV>
    <SVIZ>42,430000</SVIZ>
    <BSP>42,430000</BSP>
    <MALT>54,520000</MALT>
    <XAUS>42,430000</XAUS>
    <XFRA>42,430000</XFRA>
  </Prezzi>
  <Prezzi>
    <Data>20160203</Data>
    <Mercato>MGP</Mercato>
    <Ora>22</Ora>
    <PUN>41,439370</PUN>
    <NAT>41,300000</NAT>
    <CNOR>40,000000</CNOR>
    <CSUD>40,000000</CSUD>
    <NORD>41,000000</NORD>
    <SARD>40,000000</SARD>
    <SICI>54,390000</SICI>
    <SUD>40,000000</SUD>
    <AUST>41,000000</AUST>
    <BRNN>40,000000</BRNN>
    <COAC>40,000000</COAC>
    <CORS>40,000000</CORS>
    <FOGN>40,000000</FOGN>
    <FRAN>41,000000</FRAN>
    <GREC>40,000000</GREC>
    <MFTV>41,000000</MFTV>
    <PRGP>54,390000</PRGP>
    <ROSN>40,000000</ROSN>
    <SLOV>41,000000</SLOV>
    <SVIZ>41,000000</SVIZ>
    <BSP>41,000000</BSP>
    <MALT>54,390000</MALT>
    <XAUS>41,000000</XAUS>
    <XFRA>41,000000</XFRA>
  </Prezzi>
  <Prezzi>
    <Data>20160203</Data>
    <Mercato>MGP</Mercato>
    <Ora>23</Ora>
    <PUN>40,035320</PUN>
    <NAT>39,470000</NAT>
    <CNOR>39,120000</CNOR>
    <CSUD>39,120000</CSUD>
    <NORD>39,120000</NORD>
    <SARD>39,120000</SARD>
    <SICI>54,390000</SICI>
    <SUD>39,120000</SUD>
    <AUST>39,120000</AUST>
    <BRNN>39,120000</BRNN>
    <COAC>39,120000</COAC>
    <CORS>39,120000</CORS>
    <FOGN>39,120000</FOGN>
    <FRAN>39,120000</FRAN>
    <GREC>39,120000</GREC>
    <MFTV>39,120000</MFTV>
    <PRGP>54,390000</PRGP>
    <ROSN>39,120000</ROSN>
    <SLOV>39,120000</SLOV>
    <SVIZ>39,120000</SVIZ>
    <BSP>39,120000</BSP>
    <MALT>54,390000</MALT>
    <XAUS>39,120000</XAUS>
    <XFRA>39,120000</XFRA>
  </Prezzi>
  <Prezzi>
    <Data>20160203</Data>
    <Mercato>MGP</Mercato>
    <Ora>24</Ora>
    <PUN>32,630000</PUN>
    <NAT>32,630000</NAT>
    <CNOR>32,630000</CNOR>
    <CSUD>32,630000</CSUD>
    <NORD>32,630000</NORD>
    <SARD>32,630000</SARD>
    <SICI>32,630000</SICI>
    <SUD>32,630000</SUD>
    <AUST>32,630000</AUST>
    <BRNN>32,630000</BRNN>
    <COAC>32,630000</COAC>
    <CORS>32,630000</CORS>
    <FOGN>32,630000</FOGN>
    <FRAN>32,630000</FRAN>
    <GREC>32,630000</GREC>
    <MFTV>32,630000</MFTV>
    <PRGP>32,630000</PRGP>
    <ROSN>32,630000</ROSN>
    <SLOV>32,630000</SLOV>
    <SVIZ>32,630000</SVIZ>
    <BSP>32,630000</BSP>
    <MALT>32,630000</MALT>
    <XAUS>32,630000</XAUS>
    <XFRA>32,630000</XFRA>
  </Prezzi>
</NewDataSet>