<?xml version="1.0" standalone="yes"?>
<NewDataSet>
  <xs:schema id="NewDataSet" xmlns="" xmlns:xs="http://www.w3.org/2001/XMLSchema" xmlns:msdata="urn:schemas-microsoft-com:xml-msdata">
    <xs:element name="NewDataSet" msdata:IsDataSet="true" msdata:UseCurrentLocale="true">
      <xs:complexType>
        <xs:choice minOccurs="0" maxOccurs="unbounded">
          <xs:element name="Prezzi">
            <xs:complexType>
              <xs:sequence>
                <xs:element name="Data" type="xs:string" minOccurs="0" />
                <xs:element name="Mercato" type="xs:string" minOccurs="0" />
                <xs:element name="Ora" type="xs:string" minOccurs="0" />
                <xs:element name="PUN" type="xs:string" minOccurs="0" />
                <xs:element name="NAT" type="xs:string" minOccurs="0" />
                <xs:element name="CNOR" type="xs:string" minOccurs="0" />
                <xs:element name="CSUD" type="xs:string" minOccurs="0" />
                <xs:element name="NORD" type="xs:string" minOccurs="0" />
                <xs:element name="SARD" type="xs:string" minOccurs="0" />
                <xs:element name="SICI" type="xs:string" minOccurs="0" />
                <xs:element name="SUD" type="xs:string" minOccurs="0" />
                <xs:element name="AUST" type="xs:string" minOccurs="0" />
                <xs:element name="BRNN" type="xs:string" minOccurs="0" />
                <xs:element name="COAC" type="xs:string" minOccurs="0" />
                <xs:element name="CORS" type="xs:string" minOccurs="0" />
                <xs:element name="FOGN" type="xs:string" minOccurs="0" />
                <xs:element name="FRAN" type="xs:string" minOccurs="0" />
                <xs:element name="GREC" type="xs:string" minOccurs="0" />
                <xs:element name="MFTV" type="xs:string" minOccurs="0" />
                <xs:element name="PRGP" type="xs:string" minOccurs="0" />
                <xs:element name="ROSN" type="xs:string" minOccurs="0" />
                <xs:element name="SLOV" type="xs:string" minOccurs="0" />
                <xs:element name="SVIZ" type="xs:string" minOccurs="0" />
                <xs:element name="BSP" type="xs:string" minOccurs="0" />
                <xs:element name="MALT" type="xs:string" minOccurs="0" />
                <xs:element name="XAUS" type="xs:string" minOccurs="0" />
                <xs:element name="XFRA" type="xs:string" minOccurs="0" />
              </xs:sequence>
            </xs:complexType>
          </xs:element>
        </xs:choice>
      </xs:complexType>
    </xs:element>
  </xs:schema>
  <Prezzi>
    <Data>20160216</Data>
    <Mercato>MGP</Mercato>
    <Ora>1</Ora>
    <PUN>33,059860</PUN>
    <NAT>32,450000</NAT>
    <CNOR>32,100000</CNOR>
    <CSUD>32,100000</CSUD>
    <NORD>32,100000</NORD>
    <SARD>32,100000</SARD>
    <SICI>48,530000</SICI>
    <SUD>32,100000</SUD>
    <AUST>32,100000</AUST>
    <BRNN>32,100000</BRNN>
    <COAC>32,100000</COAC>
    <CORS>32,100000</CORS>
    <FOGN>32,100000</FOGN>
    <FRAN>32,100000</FRAN>
    <GREC>32,100000</GREC>
    <MFTV>32,100000</MFTV>
    <PRGP>48,530000</PRGP>
    <ROSN>32,100000</ROSN>
    <SLOV>32,100000</SLOV>
    <SVIZ>32,100000</SVIZ>
    <BSP>32,100000</BSP>
    <MALT>48,530000</MALT>
    <XAUS>32,100000</XAUS>
    <XFRA>32,100000</XFRA>
  </Prezzi>
  <Prezzi>
    <Data>20160216</Data>
    <Mercato>MGP</Mercato>
    <Ora>2</Ora>
    <PUN>30,630010</PUN>
    <NAT>30,390000</NAT>
    <CNOR>30,390000</CNOR>
    <CSUD>30,390000</CSUD>
    <NORD>30,390000</NORD>
    <SARD>30,390000</SARD>
    <SICI>35,000000</SICI>
    <SUD>30,390000</SUD>
    <AUST>30,390000</AUST>
    <BRNN>30,390000</BRNN>
    <COAC>30,390000</COAC>
    <CORS>30,390000</CORS>
    <FOGN>30,390000</FOGN>
    <FRAN>30,390000</FRAN>
    <GREC>30,390000</GREC>
    <MFTV>30,390000</MFTV>
    <PRGP>35,000000</PRGP>
    <ROSN>30,390000</ROSN>
    <SLOV>30,390000</SLOV>
    <SVIZ>30,390000</SVIZ>
    <BSP>30,390000</BSP>
    <MALT>35,000000</MALT>
    <XAUS>30,390000</XAUS>
    <XFRA>30,390000</XFRA>
  </Prezzi>
  <Prezzi>
    <Data>20160216</Data>
    <Mercato>MGP</Mercato>
    <Ora>3</Ora>
    <PUN>29,530000</PUN>
    <NAT>29,530000</NAT>
    <CNOR>29,530000</CNOR>
    <CSUD>29,530000</CSUD>
    <NORD>29,530000</NORD>
    <SARD>29,530000</SARD>
    <SICI>29,530000</SICI>
    <SUD>29,530000</SUD>
    <AUST>29,530000</AUST>
    <BRNN>29,530000</BRNN>
    <COAC>29,530000</COAC>
    <CORS>29,530000</CORS>
    <FOGN>29,530000</FOGN>
    <FRAN>29,530000</FRAN>
    <GREC>29,530000</GREC>
    <MFTV>29,530000</MFTV>
    <PRGP>29,530000</PRGP>
    <ROSN>29,530000</ROSN>
    <SLOV>29,530000</SLOV>
    <SVIZ>29,530000</SVIZ>
    <BSP>29,530000</BSP>
    <MALT>29,530000</MALT>
    <XAUS>29,530000</XAUS>
    <XFRA>29,530000</XFRA>
  </Prezzi>
  <Prezzi>
    <Data>20160216</Data>
    <Mercato>MGP</Mercato>
    <Ora>4</Ora>
    <PUN>27,570000</PUN>
    <NAT>27,570000</NAT>
    <CNOR>27,570000</CNOR>
    <CSUD>27,570000</CSUD>
    <NORD>27,570000</NORD>
    <SARD>27,570000</SARD>
    <SICI>27,570000</SICI>
    <SUD>27,570000</SUD>
    <AUST>27,570000</AUST>
    <BRNN>27,570000</BRNN>
    <COAC>27,570000</COAC>
    <CORS>27,570000</CORS>
    <FOGN>27,570000</FOGN>
    <FRAN>27,570000</FRAN>
    <GREC>27,570000</GREC>
    <MFTV>27,570000</MFTV>
    <PRGP>27,570000</PRGP>
    <ROSN>27,570000</ROSN>
    <SLOV>27,570000</SLOV>
    <SVIZ>27,570000</SVIZ>
    <BSP>27,570000</BSP>
    <MALT>27,570000</MALT>
    <XAUS>27,570000</XAUS>
    <XFRA>27,570000</XFRA>
  </Prezzi>
  <Prezzi>
    <Data>20160216</Data>
    <Mercato>MGP</Mercato>
    <Ora>5</Ora>
    <PUN>29,500000</PUN>
    <NAT>29,500000</NAT>
    <CNOR>29,500000</CNOR>
    <CSUD>29,500000</CSUD>
    <NORD>29,500000</NORD>
    <SARD>29,500000</SARD>
    <SICI>29,500000</SICI>
    <SUD>29,500000</SUD>
    <AUST>29,500000</AUST>
    <BRNN>29,500000</BRNN>
    <COAC>29,500000</COAC>
    <CORS>29,500000</CORS>
    <FOGN>29,500000</FOGN>
    <FRAN>29,500000</FRAN>
    <GREC>29,500000</GREC>
    <MFTV>29,500000</MFTV>
    <PRGP>29,500000</PRGP>
    <ROSN>29,500000</ROSN>
    <SLOV>29,500000</SLOV>
    <SVIZ>29,500000</SVIZ>
    <BSP>29,500000</BSP>
    <MALT>29,500000</MALT>
    <XAUS>29,500000</XAUS>
    <XFRA>29,500000</XFRA>
  </Prezzi>
  <Prezzi>
    <Data>20160216</Data>
    <Mercato>MGP</Mercato>
    <Ora>6</Ora>
    <PUN>31,693110</PUN>
    <NAT>31,510000</NAT>
    <CNOR>31,510000</CNOR>
    <CSUD>31,510000</CSUD>
    <NORD>31,510000</NORD>
    <SARD>31,510000</SARD>
    <SICI>35,000000</SICI>
    <SUD>31,510000</SUD>
    <AUST>31,510000</AUST>
    <BRNN>31,510000</BRNN>
    <COAC>31,510000</COAC>
    <CORS>31,510000</CORS>
    <FOGN>31,510000</FOGN>
    <FRAN>31,510000</FRAN>
    <GREC>31,510000</GREC>
    <MFTV>31,510000</MFTV>
    <PRGP>35,000000</PRGP>
    <ROSN>31,510000</ROSN>
    <SLOV>31,510000</SLOV>
    <SVIZ>31,510000</SVIZ>
    <BSP>31,510000</BSP>
    <MALT>35,000000</MALT>
    <XAUS>31,510000</XAUS>
    <XFRA>31,510000</XFRA>
  </Prezzi>
  <Prezzi>
    <Data>20160216</Data>
    <Mercato>MGP</Mercato>
    <Ora>7</Ora>
    <PUN>37,750000</PUN>
    <NAT>37,750000</NAT>
    <CNOR>37,750000</CNOR>
    <CSUD>37,750000</CSUD>
    <NORD>37,750000</NORD>
    <SARD>37,750000</SARD>
    <SICI>37,750000</SICI>
    <SUD>37,750000</SUD>
    <AUST>37,750000</AUST>
    <BRNN>37,750000</BRNN>
    <COAC>37,750000</COAC>
    <CORS>37,750000</CORS>
    <FOGN>37,750000</FOGN>
    <FRAN>37,750000</FRAN>
    <GREC>37,750000</GREC>
    <MFTV>37,750000</MFTV>
    <PRGP>37,750000</PRGP>
    <ROSN>37,750000</ROSN>
    <SLOV>37,750000</SLOV>
    <SVIZ>37,750000</SVIZ>
    <BSP>37,750000</BSP>
    <MALT>37,750000</MALT>
    <XAUS>37,750000</XAUS>
    <XFRA>37,750000</XFRA>
  </Prezzi>
  <Prezzi>
    <Data>20160216</Data>
    <Mercato>MGP</Mercato>
    <Ora>8</Ora>
    <PUN>41,966220</PUN>
    <NAT>41,720000</NAT>
    <CNOR>41,630000</CNOR>
    <CSUD>41,630000</CSUD>
    <NORD>41,630000</NORD>
    <SARD>41,630000</SARD>
    <SICI>48,530000</SICI>
    <SUD>41,630000</SUD>
    <AUST>41,630000</AUST>
    <BRNN>41,630000</BRNN>
    <COAC>41,630000</COAC>
    <CORS>41,630000</CORS>
    <FOGN>41,630000</FOGN>
    <FRAN>41,630000</FRAN>
    <GREC>41,630000</GREC>
    <MFTV>41,630000</MFTV>
    <PRGP>48,530000</PRGP>
    <ROSN>41,630000</ROSN>
    <SLOV>41,630000</SLOV>
    <SVIZ>41,630000</SVIZ>
    <BSP>41,630000</BSP>
    <MALT>48,530000</MALT>
    <XAUS>41,630000</XAUS>
    <XFRA>41,630000</XFRA>
  </Prezzi>
  <Prezzi>
    <Data>20160216</Data>
    <Mercato>MGP</Mercato>
    <Ora>9</Ora>
    <PUN>46,609490</PUN>
    <NAT>46,590000</NAT>
    <CNOR>46,500000</CNOR>
    <CSUD>46,500000</CSUD>
    <NORD>46,500000</NORD>
    <SARD>46,500000</SARD>
    <SICI>48,870000</SICI>
    <SUD>46,500000</SUD>
    <AUST>46,500000</AUST>
    <BRNN>46,500000</BRNN>
    <COAC>46,500000</COAC>
    <CORS>46,500000</CORS>
    <FOGN>46,500000</FOGN>
    <FRAN>46,500000</FRAN>
    <GREC>46,500000</GREC>
    <MFTV>46,500000</MFTV>
    <PRGP>48,870000</PRGP>
    <ROSN>46,200000</ROSN>
    <SLOV>46,500000</SLOV>
    <SVIZ>46,500000</SVIZ>
    <BSP>46,500000</BSP>
    <MALT>48,870000</MALT>
    <XAUS>46,500000</XAUS>
    <XFRA>46,500000</XFRA>
  </Prezzi>
  <Prezzi>
    <Data>20160216</Data>
    <Mercato>MGP</Mercato>
    <Ora>10</Ora>
    <PUN>45,801110</PUN>
    <NAT>45,730000</NAT>
    <CNOR>45,670000</CNOR>
    <CSUD>45,670000</CSUD>
    <NORD>45,670000</NORD>
    <SARD>45,670000</SARD>
    <SICI>48,530000</SICI>
    <SUD>45,670000</SUD>
    <AUST>45,670000</AUST>
    <BRNN>45,670000</BRNN>
    <COAC>45,670000</COAC>
    <CORS>45,670000</CORS>
    <FOGN>45,670000</FOGN>
    <FRAN>45,670000</FRAN>
    <GREC>45,670000</GREC>
    <MFTV>45,670000</MFTV>
    <PRGP>48,530000</PRGP>
    <ROSN>45,670000</ROSN>
    <SLOV>45,670000</SLOV>
    <SVIZ>45,670000</SVIZ>
    <BSP>45,670000</BSP>
    <MALT>48,530000</MALT>
    <XAUS>45,670000</XAUS>
    <XFRA>45,670000</XFRA>
  </Prezzi>
  <Prezzi>
    <Data>20160216</Data>
    <Mercato>MGP</Mercato>
    <Ora>11</Ora>
    <PUN>44,954140</PUN>
    <NAT>45,000000</NAT>
    <CNOR>44,850000</CNOR>
    <CSUD>44,850000</CSUD>
    <NORD>44,850000</NORD>
    <SARD>44,850000</SARD>
    <SICI>47,180000</SICI>
    <SUD>44,850000</SUD>
    <AUST>44,850000</AUST>
    <BRNN>44,850000</BRNN>
    <COAC>44,850000</COAC>
    <CORS>44,850000</CORS>
    <FOGN>44,850000</FOGN>
    <FRAN>44,850000</FRAN>
    <GREC>44,850000</GREC>
    <MFTV>44,850000</MFTV>
    <PRGP>47,180000</PRGP>
    <ROSN>44,850000</ROSN>
    <SLOV>44,850000</SLOV>
    <SVIZ>44,850000</SVIZ>
    <BSP>44,850000</BSP>
    <MALT>47,180000</MALT>
    <XAUS>44,850000</XAUS>
    <XFRA>44,850000</XFRA>
  </Prezzi>
  <Prezzi>
    <Data>20160216</Data>
    <Mercato>MGP</Mercato>
    <Ora>12</Ora>
    <PUN>40,732740</PUN>
    <NAT>40,450000</NAT>
    <CNOR>41,000000</CNOR>
    <CSUD>41,000000</CSUD>
    <NORD>41,000000</NORD>
    <SARD>41,000000</SARD>
    <SICI>39,280000</SICI>
    <SUD>38,710000</SUD>
    <AUST>41,000000</AUST>
    <BRNN>38,710000</BRNN>
    <COAC>41,000000</COAC>
    <CORS>41,000000</CORS>
    <FOGN>38,710000</FOGN>
    <FRAN>41,000000</FRAN>
    <GREC>38,710000</GREC>
    <MFTV>41,000000</MFTV>
    <PRGP>39,280000</PRGP>
    <ROSN>38,710000</ROSN>
    <SLOV>41,000000</SLOV>
    <SVIZ>41,000000</SVIZ>
    <BSP>41,000000</BSP>
    <MALT>39,280000</MALT>
    <XAUS>41,000000</XAUS>
    <XFRA>41,000000</XFRA>
  </Prezzi>
  <Prezzi>
    <Data>20160216</Data>
    <Mercato>MGP</Mercato>
    <Ora>13</Ora>
    <PUN>37,969260</PUN>
    <NAT>38,510000</NAT>
    <CNOR>34,980000</CNOR>
    <CSUD>34,980000</CSUD>
    <NORD>40,000000</NORD>
    <SARD>34,980000</SARD>
    <SICI>34,980000</SICI>
    <SUD>34,980000</SUD>
    <AUST>40,000000</AUST>
    <BRNN>34,980000</BRNN>
    <COAC>34,980000</COAC>
    <CORS>34,980000</CORS>
    <FOGN>34,980000</FOGN>
    <FRAN>40,000000</FRAN>
    <GREC>34,980000</GREC>
    <MFTV>40,000000</MFTV>
    <PRGP>34,980000</PRGP>
    <ROSN>34,980000</ROSN>
    <SLOV>40,000000</SLOV>
    <SVIZ>40,000000</SVIZ>
    <BSP>40,000000</BSP>
    <MALT>34,980000</MALT>
    <XAUS>40,000000</XAUS>
    <XFRA>40,000000</XFRA>
  </Prezzi>
  <Prezzi>
    <Data>20160216</Data>
    <Mercato>MGP</Mercato>
    <Ora>14</Ora>
    <PUN>37,418990</PUN>
    <NAT>37,730000</NAT>
    <CNOR>35,060000</CNOR>
    <CSUD>35,060000</CSUD>
    <NORD>39,000000</NORD>
    <SARD>35,060000</SARD>
    <SICI>35,060000</SICI>
    <SUD>35,060000</SUD>
    <AUST>39,000000</AUST>
    <BRNN>35,060000</BRNN>
    <COAC>35,060000</COAC>
    <CORS>35,060000</CORS>
    <FOGN>35,060000</FOGN>
    <FRAN>39,000000</FRAN>
    <GREC>35,060000</GREC>
    <MFTV>39,000000</MFTV>
    <PRGP>35,060000</PRGP>
    <ROSN>35,060000</ROSN>
    <SLOV>39,000000</SLOV>
    <SVIZ>39,000000</SVIZ>
    <BSP>39,000000</BSP>
    <MALT>35,060000</MALT>
    <XAUS>39,000000</XAUS>
    <XFRA>39,000000</XFRA>
  </Prezzi>
  <Prezzi>
    <Data>20160216</Data>
    <Mercato>MGP</Mercato>
    <Ora>15</Ora>
    <PUN>38,087880</PUN>
    <NAT>39,110000</NAT>
    <CNOR>35,000000</CNOR>
    <CSUD>35,000000</CSUD>
    <NORD>40,000000</NORD>
    <SARD>35,000000</SARD>
    <SICI>35,000000</SICI>
    <SUD>35,000000</SUD>
    <AUST>40,000000</AUST>
    <BRNN>35,000000</BRNN>
    <COAC>35,000000</COAC>
    <CORS>35,000000</CORS>
    <FOGN>35,000000</FOGN>
    <FRAN>40,000000</FRAN>
    <GREC>35,000000</GREC>
    <MFTV>40,000000</MFTV>
    <PRGP>35,000000</PRGP>
    <ROSN>35,000000</ROSN>
    <SLOV>40,000000</SLOV>
    <SVIZ>40,000000</SVIZ>
    <BSP>40,000000</BSP>
    <MALT>35,000000</MALT>
    <XAUS>40,000000</XAUS>
    <XFRA>40,000000</XFRA>
  </Prezzi>
  <Prezzi>
    <Data>20160216</Data>
    <Mercato>MGP</Mercato>
    <Ora>16</Ora>
    <PUN>41,164020</PUN>
    <NAT>41,060000</NAT>
    <CNOR>40,500000</CNOR>
    <CSUD>40,500000</CSUD>
    <NORD>41,300000</NORD>
    <SARD>40,500000</SARD>
    <SICI>47,180000</SICI>
    <SUD>39,000000</SUD>
    <AUST>41,300000</AUST>
    <BRNN>39,000000</BRNN>
    <COAC>40,500000</COAC>
    <CORS>40,500000</CORS>
    <FOGN>39,000000</FOGN>
    <FRAN>41,300000</FRAN>
    <GREC>39,000000</GREC>
    <MFTV>41,300000</MFTV>
    <PRGP>47,180000</PRGP>
    <ROSN>39,000000</ROSN>
    <SLOV>41,300000</SLOV>
    <SVIZ>41,300000</SVIZ>
    <BSP>41,300000</BSP>
    <MALT>47,180000</MALT>
    <XAUS>41,300000</XAUS>
    <XFRA>41,300000</XFRA>
  </Prezzi>
  <Prezzi>
    <Data>20160216</Data>
    <Mercato>MGP</Mercato>
    <Ora>17</Ora>
    <PUN>41,411300</PUN>
    <NAT>41,630000</NAT>
    <CNOR>41,060000</CNOR>
    <CSUD>41,060000</CSUD>
    <NORD>41,060000</NORD>
    <SARD>41,060000</SARD>
    <SICI>48,530000</SICI>
    <SUD>41,060000</SUD>
    <AUST>41,060000</AUST>
    <BRNN>41,060000</BRNN>
    <COAC>41,060000</COAC>
    <CORS>41,060000</CORS>
    <FOGN>41,060000</FOGN>
    <FRAN>41,060000</FRAN>
    <GREC>41,060000</GREC>
    <MFTV>41,060000</MFTV>
    <PRGP>48,530000</PRGP>
    <ROSN>41,060000</ROSN>
    <SLOV>41,060000</SLOV>
    <SVIZ>41,060000</SVIZ>
    <BSP>41,060000</BSP>
    <MALT>48,530000</MALT>
    <XAUS>41,060000</XAUS>
    <XFRA>41,060000</XFRA>
  </Prezzi>
  <Prezzi>
    <Data>20160216</Data>
    <Mercato>MGP</Mercato>
    <Ora>18</Ora>
    <PUN>49,120650</PUN>
    <NAT>49,950000</NAT>
    <CNOR>48,830000</CNOR>
    <CSUD>48,830000</CSUD>
    <NORD>48,830000</NORD>
    <SARD>48,830000</SARD>
    <SICI>54,460000</SICI>
    <SUD>48,830000</SUD>
    <AUST>48,830000</AUST>
    <BRNN>48,830000</BRNN>
    <COAC>48,830000</COAC>
    <CORS>48,830000</CORS>
    <FOGN>48,830000</FOGN>
    <FRAN>48,830000</FRAN>
    <GREC>48,830000</GREC>
    <MFTV>48,830000</MFTV>
    <PRGP>54,460000</PRGP>
    <ROSN>48,830000</ROSN>
    <SLOV>48,830000</SLOV>
    <SVIZ>48,830000</SVIZ>
    <BSP>48,830000</BSP>
    <MALT>54,460000</MALT>
    <XAUS>48,830000</XAUS>
    <XFRA>48,830000</XFRA>
  </Prezzi>
  <Prezzi>
    <Data>20160216</Data>
    <Mercato>MGP</Mercato>
    <Ora>19</Ora>
    <PUN>59,592850</PUN>
    <NAT>57,850000</NAT>
    <CNOR>59,860000</CNOR>
    <CSUD>59,860000</CSUD>
    <NORD>59,860000</NORD>
    <SARD>59,860000</SARD>
    <SICI>55,110000</SICI>
    <SUD>59,860000</SUD>
    <AUST>59,860000</AUST>
    <BRNN>59,860000</BRNN>
    <COAC>59,860000</COAC>
    <CORS>59,860000</CORS>
    <FOGN>59,860000</FOGN>
    <FRAN>59,860000</FRAN>
    <GREC>59,860000</GREC>
    <MFTV>59,860000</MFTV>
    <PRGP>55,110000</PRGP>
    <ROSN>54,020000</ROSN>
    <SLOV>59,860000</SLOV>
    <SVIZ>59,860000</SVIZ>
    <BSP>59,860000</BSP>
    <MALT>55,110000</MALT>
    <XAUS>59,860000</XAUS>
    <XFRA>59,860000</XFRA>
  </Prezzi>
  <Prezzi>
    <Data>20160216</Data>
    <Mercato>MGP</Mercato>
    <Ora>20</Ora>
    <PUN>52,376330</PUN>
    <NAT>52,850000</NAT>
    <CNOR>52,210000</CNOR>
    <CSUD>52,210000</CSUD>
    <NORD>52,210000</NORD>
    <SARD>52,210000</SARD>
    <SICI>55,110000</SICI>
    <SUD>52,210000</SUD>
    <AUST>52,210000</AUST>
    <BRNN>52,210000</BRNN>
    <COAC>52,210000</COAC>
    <CORS>52,210000</CORS>
    <FOGN>52,210000</FOGN>
    <FRAN>52,210000</FRAN>
    <GREC>52,210000</GREC>
    <MFTV>52,210000</MFTV>
    <PRGP>55,110000</PRGP>
    <ROSN>52,210000</ROSN>
    <SLOV>52,210000</SLOV>
    <SVIZ>52,210000</SVIZ>
    <BSP>52,210000</BSP>
    <MALT>55,110000</MALT>
    <XAUS>52,210000</XAUS>
    <XFRA>52,210000</XFRA>
  </Prezzi>
  <Prezzi>
    <Data>20160216</Data>
    <Mercato>MGP</Mercato>
    <Ora>21</Ora>
    <PUN>47,076310</PUN>
    <NAT>48,500000</NAT>
    <CNOR>46,530000</CNOR>
    <CSUD>46,530000</CSUD>
    <NORD>46,530000</NORD>
    <SARD>46,530000</SARD>
    <SICI>55,110000</SICI>
    <SUD>46,530000</SUD>
    <AUST>46,530000</AUST>
    <BRNN>46,530000</BRNN>
    <COAC>46,530000</COAC>
    <CORS>46,530000</CORS>
    <FOGN>46,530000</FOGN>
    <FRAN>46,530000</FRAN>
    <GREC>46,530000</GREC>
    <MFTV>46,530000</MFTV>
    <PRGP>55,110000</PRGP>
    <ROSN>46,530000</ROSN>
    <SLOV>46,530000</SLOV>
    <SVIZ>46,530000</SVIZ>
    <BSP>46,530000</BSP>
    <MALT>55,110000</MALT>
    <XAUS>46,530000</XAUS>
    <XFRA>46,530000</XFRA>
  </Prezzi>
  <Prezzi>
    <Data>20160216</Data>
    <Mercato>MGP</Mercato>
    <Ora>22</Ora>
    <PUN>42,733560</PUN>
    <NAT>43,470000</NAT>
    <CNOR>41,990000</CNOR>
    <CSUD>41,990000</CSUD>
    <NORD>41,990000</NORD>
    <SARD>41,990000</SARD>
    <SICI>54,460000</SICI>
    <SUD>41,990000</SUD>
    <AUST>41,990000</AUST>
    <BRNN>41,990000</BRNN>
    <COAC>41,990000</COAC>
    <CORS>41,990000</CORS>
    <FOGN>41,990000</FOGN>
    <FRAN>41,990000</FRAN>
    <GREC>41,990000</GREC>
    <MFTV>41,990000</MFTV>
    <PRGP>54,460000</PRGP>
    <ROSN>41,990000</ROSN>
    <SLOV>41,990000</SLOV>
    <SVIZ>41,990000</SVIZ>
    <BSP>41,990000</BSP>
    <MALT>54,460000</MALT>
    <XAUS>41,990000</XAUS>
    <XFRA>41,990000</XFRA>
  </Prezzi>
  <Prezzi>
    <Data>20160216</Data>
    <Mercato>MGP</Mercato>
    <Ora>23</Ora>
    <PUN>39,871680</PUN>
    <NAT>42,020000</NAT>
    <CNOR>38,923450</CNOR>
    <CSUD>38,923450</CSUD>
    <NORD>38,923450</NORD>
    <SARD>38,923450</SARD>
    <SICI>54,460000</SICI>
    <SUD>38,923450</SUD>
    <AUST>38,923450</AUST>
    <BRNN>38,923450</BRNN>
    <COAC>38,923450</COAC>
    <CORS>38,923450</CORS>
    <FOGN>38,923450</FOGN>
    <FRAN>38,923450</FRAN>
    <GREC>38,923450</GREC>
    <MFTV>38,923450</MFTV>
    <PRGP>54,460000</PRGP>
    <ROSN>38,923450</ROSN>
    <SLOV>38,923450</SLOV>
    <SVIZ>38,923450</SVIZ>
    <BSP>38,923450</BSP>
    <MALT>54,460000</MALT>
    <XAUS>38,923450</XAUS>
    <XFRA>38,923450</XFRA>
  </Prezzi>
  <Prezzi>
    <Data>20160216</Data>
    <Mercato>MGP</Mercato>
    <Ora>24</Ora>
    <PUN>36,068180</PUN>
    <NAT>35,420000</NAT>
    <CNOR>35,240000</CNOR>
    <CSUD>35,240000</CSUD>
    <NORD>35,240000</NORD>
    <SARD>35,240000</SARD>
    <SICI>48,530000</SICI>
    <SUD>35,240000</SUD>
    <AUST>35,240000</AUST>
    <BRNN>35,240000</BRNN>
    <COAC>35,240000</COAC>
    <CORS>35,240000</CORS>
    <FOGN>35,240000</FOGN>
    <FRAN>35,240000</FRAN>
    <GREC>35,240000</GREC>
    <MFTV>35,240000</MFTV>
    <PRGP>48,530000</PRGP>
    <ROSN>35,240000</ROSN>
    <SLOV>35,240000</SLOV>
    <SVIZ>35,240000</SVIZ>
    <BSP>35,240000</BSP>
    <MALT>48,530000</MALT>
    <XAUS>35,240000</XAUS>
    <XFRA>35,240000</XFRA>
  </Prezzi>
</NewDataSet>