<?xml version="1.0" standalone="yes"?>
<NewDataSet>
  <xs:schema id="NewDataSet" xmlns="" xmlns:xs="http://www.w3.org/2001/XMLSchema" xmlns:msdata="urn:schemas-microsoft-com:xml-msdata">
    <xs:element name="NewDataSet" msdata:IsDataSet="true" msdata:UseCurrentLocale="true">
      <xs:complexType>
        <xs:choice minOccurs="0" maxOccurs="unbounded">
          <xs:element name="Prezzi">
            <xs:complexType>
              <xs:sequence>
                <xs:element name="Data" type="xs:string" minOccurs="0" />
                <xs:element name="Mercato" type="xs:string" minOccurs="0" />
                <xs:element name="Ora" type="xs:string" minOccurs="0" />
                <xs:element name="PUN" type="xs:string" minOccurs="0" />
                <xs:element name="NAT" type="xs:string" minOccurs="0" />
                <xs:element name="CNOR" type="xs:string" minOccurs="0" />
                <xs:element name="CSUD" type="xs:string" minOccurs="0" />
                <xs:element name="NORD" type="xs:string" minOccurs="0" />
                <xs:element name="SARD" type="xs:string" minOccurs="0" />
                <xs:element name="SICI" type="xs:string" minOccurs="0" />
                <xs:element name="SUD" type="xs:string" minOccurs="0" />
                <xs:element name="AUST" type="xs:string" minOccurs="0" />
                <xs:element name="BRNN" type="xs:string" minOccurs="0" />
                <xs:element name="COAC" type="xs:string" minOccurs="0" />
                <xs:element name="CORS" type="xs:string" minOccurs="0" />
                <xs:element name="FOGN" type="xs:string" minOccurs="0" />
                <xs:element name="FRAN" type="xs:string" minOccurs="0" />
                <xs:element name="GREC" type="xs:string" minOccurs="0" />
                <xs:element name="MFTV" type="xs:string" minOccurs="0" />
                <xs:element name="PRGP" type="xs:string" minOccurs="0" />
                <xs:element name="ROSN" type="xs:string" minOccurs="0" />
                <xs:element name="SLOV" type="xs:string" minOccurs="0" />
                <xs:element name="SVIZ" type="xs:string" minOccurs="0" />
                <xs:element name="BSP" type="xs:string" minOccurs="0" />
                <xs:element name="MALT" type="xs:string" minOccurs="0" />
                <xs:element name="XAUS" type="xs:string" minOccurs="0" />
                <xs:element name="XFRA" type="xs:string" minOccurs="0" />
              </xs:sequence>
            </xs:complexType>
          </xs:element>
        </xs:choice>
      </xs:complexType>
    </xs:element>
  </xs:schema>
  <Prezzi>
    <Data>20160218</Data>
    <Mercato>MGP</Mercato>
    <Ora>1</Ora>
    <PUN>35,710000</PUN>
    <NAT>35,480000</NAT>
    <CNOR>35,185000</CNOR>
    <CSUD>35,185000</CSUD>
    <NORD>35,185000</NORD>
    <SARD>35,185000</SARD>
    <SICI>44,580000</SICI>
    <SUD>35,185000</SUD>
    <AUST>35,185000</AUST>
    <BRNN>35,185000</BRNN>
    <COAC>35,185000</COAC>
    <CORS>35,185000</CORS>
    <FOGN>35,185000</FOGN>
    <FRAN>35,185000</FRAN>
    <GREC>35,185000</GREC>
    <MFTV>35,185000</MFTV>
    <PRGP>44,580000</PRGP>
    <ROSN>35,185000</ROSN>
    <SLOV>35,185000</SLOV>
    <SVIZ>35,185000</SVIZ>
    <BSP>35,185000</BSP>
    <MALT>44,580000</MALT>
    <XAUS>35,185000</XAUS>
    <XFRA>35,185000</XFRA>
  </Prezzi>
  <Prezzi>
    <Data>20160218</Data>
    <Mercato>MGP</Mercato>
    <Ora>2</Ora>
    <PUN>32,050000</PUN>
    <NAT>32,050000</NAT>
    <CNOR>32,050000</CNOR>
    <CSUD>32,050000</CSUD>
    <NORD>32,050000</NORD>
    <SARD>32,050000</SARD>
    <SICI>32,050000</SICI>
    <SUD>32,050000</SUD>
    <AUST>32,050000</AUST>
    <BRNN>32,050000</BRNN>
    <COAC>32,050000</COAC>
    <CORS>32,050000</CORS>
    <FOGN>32,050000</FOGN>
    <FRAN>32,050000</FRAN>
    <GREC>32,050000</GREC>
    <MFTV>32,050000</MFTV>
    <PRGP>32,050000</PRGP>
    <ROSN>32,050000</ROSN>
    <SLOV>32,050000</SLOV>
    <SVIZ>32,050000</SVIZ>
    <BSP>32,050000</BSP>
    <MALT>32,050000</MALT>
    <XAUS>32,050000</XAUS>
    <XFRA>32,050000</XFRA>
  </Prezzi>
  <Prezzi>
    <Data>20160218</Data>
    <Mercato>MGP</Mercato>
    <Ora>3</Ora>
    <PUN>31,540000</PUN>
    <NAT>31,540000</NAT>
    <CNOR>31,540000</CNOR>
    <CSUD>31,540000</CSUD>
    <NORD>31,540000</NORD>
    <SARD>31,540000</SARD>
    <SICI>31,540000</SICI>
    <SUD>31,540000</SUD>
    <AUST>31,540000</AUST>
    <BRNN>31,540000</BRNN>
    <COAC>31,540000</COAC>
    <CORS>31,540000</CORS>
    <FOGN>31,540000</FOGN>
    <FRAN>31,540000</FRAN>
    <GREC>31,540000</GREC>
    <MFTV>31,540000</MFTV>
    <PRGP>31,540000</PRGP>
    <ROSN>31,540000</ROSN>
    <SLOV>31,540000</SLOV>
    <SVIZ>31,540000</SVIZ>
    <BSP>31,540000</BSP>
    <MALT>31,540000</MALT>
    <XAUS>31,540000</XAUS>
    <XFRA>31,540000</XFRA>
  </Prezzi>
  <Prezzi>
    <Data>20160218</Data>
    <Mercato>MGP</Mercato>
    <Ora>4</Ora>
    <PUN>29,930000</PUN>
    <NAT>29,930000</NAT>
    <CNOR>29,930000</CNOR>
    <CSUD>29,930000</CSUD>
    <NORD>29,930000</NORD>
    <SARD>29,930000</SARD>
    <SICI>29,930000</SICI>
    <SUD>29,930000</SUD>
    <AUST>29,930000</AUST>
    <BRNN>29,930000</BRNN>
    <COAC>29,930000</COAC>
    <CORS>29,930000</CORS>
    <FOGN>29,930000</FOGN>
    <FRAN>29,930000</FRAN>
    <GREC>29,930000</GREC>
    <MFTV>29,930000</MFTV>
    <PRGP>29,930000</PRGP>
    <ROSN>29,930000</ROSN>
    <SLOV>29,930000</SLOV>
    <SVIZ>29,930000</SVIZ>
    <BSP>29,930000</BSP>
    <MALT>29,930000</MALT>
    <XAUS>29,930000</XAUS>
    <XFRA>29,930000</XFRA>
  </Prezzi>
  <Prezzi>
    <Data>20160218</Data>
    <Mercato>MGP</Mercato>
    <Ora>5</Ora>
    <PUN>30,240000</PUN>
    <NAT>30,240000</NAT>
    <CNOR>30,240000</CNOR>
    <CSUD>30,240000</CSUD>
    <NORD>30,240000</NORD>
    <SARD>30,240000</SARD>
    <SICI>30,240000</SICI>
    <SUD>30,240000</SUD>
    <AUST>30,240000</AUST>
    <BRNN>30,240000</BRNN>
    <COAC>30,240000</COAC>
    <CORS>30,240000</CORS>
    <FOGN>30,240000</FOGN>
    <FRAN>30,240000</FRAN>
    <GREC>30,240000</GREC>
    <MFTV>30,240000</MFTV>
    <PRGP>30,240000</PRGP>
    <ROSN>30,240000</ROSN>
    <SLOV>30,240000</SLOV>
    <SVIZ>30,240000</SVIZ>
    <BSP>30,240000</BSP>
    <MALT>30,240000</MALT>
    <XAUS>30,240000</XAUS>
    <XFRA>30,240000</XFRA>
  </Prezzi>
  <Prezzi>
    <Data>20160218</Data>
    <Mercato>MGP</Mercato>
    <Ora>6</Ora>
    <PUN>32,350000</PUN>
    <NAT>32,350000</NAT>
    <CNOR>32,350000</CNOR>
    <CSUD>32,350000</CSUD>
    <NORD>32,350000</NORD>
    <SARD>32,350000</SARD>
    <SICI>32,350000</SICI>
    <SUD>32,350000</SUD>
    <AUST>32,350000</AUST>
    <BRNN>32,350000</BRNN>
    <COAC>32,350000</COAC>
    <CORS>32,350000</CORS>
    <FOGN>32,350000</FOGN>
    <FRAN>32,350000</FRAN>
    <GREC>32,350000</GREC>
    <MFTV>32,350000</MFTV>
    <PRGP>32,350000</PRGP>
    <ROSN>32,350000</ROSN>
    <SLOV>32,350000</SLOV>
    <SVIZ>32,350000</SVIZ>
    <BSP>32,350000</BSP>
    <MALT>32,350000</MALT>
    <XAUS>32,350000</XAUS>
    <XFRA>32,350000</XFRA>
  </Prezzi>
  <Prezzi>
    <Data>20160218</Data>
    <Mercato>MGP</Mercato>
    <Ora>7</Ora>
    <PUN>37,654860</PUN>
    <NAT>37,990000</NAT>
    <CNOR>36,200000</CNOR>
    <CSUD>36,200000</CSUD>
    <NORD>38,660000</NORD>
    <SARD>36,200000</SARD>
    <SICI>36,200000</SICI>
    <SUD>36,200000</SUD>
    <AUST>38,660000</AUST>
    <BRNN>36,200000</BRNN>
    <COAC>36,200000</COAC>
    <CORS>36,200000</CORS>
    <FOGN>36,200000</FOGN>
    <FRAN>38,660000</FRAN>
    <GREC>36,200000</GREC>
    <MFTV>38,660000</MFTV>
    <PRGP>36,200000</PRGP>
    <ROSN>36,200000</ROSN>
    <SLOV>38,660000</SLOV>
    <SVIZ>38,660000</SVIZ>
    <BSP>38,660000</BSP>
    <MALT>36,200000</MALT>
    <XAUS>38,660000</XAUS>
    <XFRA>38,660000</XFRA>
  </Prezzi>
  <Prezzi>
    <Data>20160218</Data>
    <Mercato>MGP</Mercato>
    <Ora>8</Ora>
    <PUN>41,271480</PUN>
    <NAT>42,000000</NAT>
    <CNOR>36,420000</CNOR>
    <CSUD>36,420000</CSUD>
    <NORD>43,500000</NORD>
    <SARD>36,420000</SARD>
    <SICI>47,180000</SICI>
    <SUD>36,420000</SUD>
    <AUST>43,500000</AUST>
    <BRNN>36,420000</BRNN>
    <COAC>36,420000</COAC>
    <CORS>36,420000</CORS>
    <FOGN>36,420000</FOGN>
    <FRAN>43,500000</FRAN>
    <GREC>36,420000</GREC>
    <MFTV>43,500000</MFTV>
    <PRGP>47,180000</PRGP>
    <ROSN>36,420000</ROSN>
    <SLOV>43,500000</SLOV>
    <SVIZ>43,500000</SVIZ>
    <BSP>43,500000</BSP>
    <MALT>47,180000</MALT>
    <XAUS>43,500000</XAUS>
    <XFRA>43,500000</XFRA>
  </Prezzi>
  <Prezzi>
    <Data>20160218</Data>
    <Mercato>MGP</Mercato>
    <Ora>9</Ora>
    <PUN>45,960340</PUN>
    <NAT>45,730000</NAT>
    <CNOR>45,720000</CNOR>
    <CSUD>45,720000</CSUD>
    <NORD>46,000000</NORD>
    <SARD>45,720000</SARD>
    <SICI>47,180000</SICI>
    <SUD>45,720000</SUD>
    <AUST>46,000000</AUST>
    <BRNN>45,720000</BRNN>
    <COAC>45,720000</COAC>
    <CORS>45,720000</CORS>
    <FOGN>45,720000</FOGN>
    <FRAN>46,000000</FRAN>
    <GREC>45,720000</GREC>
    <MFTV>46,000000</MFTV>
    <PRGP>47,180000</PRGP>
    <ROSN>45,720000</ROSN>
    <SLOV>46,000000</SLOV>
    <SVIZ>46,000000</SVIZ>
    <BSP>46,000000</BSP>
    <MALT>47,180000</MALT>
    <XAUS>46,000000</XAUS>
    <XFRA>46,000000</XFRA>
  </Prezzi>
  <Prezzi>
    <Data>20160218</Data>
    <Mercato>MGP</Mercato>
    <Ora>10</Ora>
    <PUN>44,094770</PUN>
    <NAT>46,150000</NAT>
    <CNOR>39,000000</CNOR>
    <CSUD>39,000000</CSUD>
    <NORD>47,150000</NORD>
    <SARD>39,000000</SARD>
    <SICI>40,990000</SICI>
    <SUD>39,000000</SUD>
    <AUST>47,150000</AUST>
    <BRNN>39,000000</BRNN>
    <COAC>39,000000</COAC>
    <CORS>39,000000</CORS>
    <FOGN>39,000000</FOGN>
    <FRAN>47,150000</FRAN>
    <GREC>39,000000</GREC>
    <MFTV>47,150000</MFTV>
    <PRGP>40,990000</PRGP>
    <ROSN>39,000000</ROSN>
    <SLOV>47,150000</SLOV>
    <SVIZ>47,150000</SVIZ>
    <BSP>47,150000</BSP>
    <MALT>40,990000</MALT>
    <XAUS>47,150000</XAUS>
    <XFRA>47,150000</XFRA>
  </Prezzi>
  <Prezzi>
    <Data>20160218</Data>
    <Mercato>MGP</Mercato>
    <Ora>11</Ora>
    <PUN>42,511640</PUN>
    <NAT>43,480000</NAT>
    <CNOR>37,060000</CNOR>
    <CSUD>37,060000</CSUD>
    <NORD>46,000000</NORD>
    <SARD>37,060000</SARD>
    <SICI>37,060000</SICI>
    <SUD>37,060000</SUD>
    <AUST>46,000000</AUST>
    <BRNN>37,060000</BRNN>
    <COAC>37,060000</COAC>
    <CORS>37,060000</CORS>
    <FOGN>37,060000</FOGN>
    <FRAN>46,000000</FRAN>
    <GREC>37,060000</GREC>
    <MFTV>46,000000</MFTV>
    <PRGP>37,060000</PRGP>
    <ROSN>37,060000</ROSN>
    <SLOV>46,000000</SLOV>
    <SVIZ>46,000000</SVIZ>
    <BSP>46,000000</BSP>
    <MALT>37,060000</MALT>
    <XAUS>46,000000</XAUS>
    <XFRA>46,000000</XFRA>
  </Prezzi>
  <Prezzi>
    <Data>20160218</Data>
    <Mercato>MGP</Mercato>
    <Ora>12</Ora>
    <PUN>39,938720</PUN>
    <NAT>40,000000</NAT>
    <CNOR>35,320000</CNOR>
    <CSUD>35,320000</CSUD>
    <NORD>42,990000</NORD>
    <SARD>35,320000</SARD>
    <SICI>35,320000</SICI>
    <SUD>35,320000</SUD>
    <AUST>42,990000</AUST>
    <BRNN>35,320000</BRNN>
    <COAC>35,320000</COAC>
    <CORS>35,320000</CORS>
    <FOGN>35,320000</FOGN>
    <FRAN>42,990000</FRAN>
    <GREC>35,320000</GREC>
    <MFTV>42,990000</MFTV>
    <PRGP>35,320000</PRGP>
    <ROSN>35,320000</ROSN>
    <SLOV>42,990000</SLOV>
    <SVIZ>42,990000</SVIZ>
    <BSP>42,990000</BSP>
    <MALT>35,320000</MALT>
    <XAUS>42,990000</XAUS>
    <XFRA>42,990000</XFRA>
  </Prezzi>
  <Prezzi>
    <Data>20160218</Data>
    <Mercato>MGP</Mercato>
    <Ora>13</Ora>
    <PUN>36,169550</PUN>
    <NAT>35,420000</NAT>
    <CNOR>31,310000</CNOR>
    <CSUD>31,310000</CSUD>
    <NORD>39,620000</NORD>
    <SARD>31,310000</SARD>
    <SICI>29,990000</SICI>
    <SUD>31,310000</SUD>
    <AUST>39,620000</AUST>
    <BRNN>31,310000</BRNN>
    <COAC>31,310000</COAC>
    <CORS>31,310000</CORS>
    <FOGN>31,310000</FOGN>
    <FRAN>39,620000</FRAN>
    <GREC>31,310000</GREC>
    <MFTV>39,620000</MFTV>
    <PRGP>29,990000</PRGP>
    <ROSN>29,990000</ROSN>
    <SLOV>39,620000</SLOV>
    <SVIZ>39,620000</SVIZ>
    <BSP>39,620000</BSP>
    <MALT>29,990000</MALT>
    <XAUS>39,620000</XAUS>
    <XFRA>39,620000</XFRA>
  </Prezzi>
  <Prezzi>
    <Data>20160218</Data>
    <Mercato>MGP</Mercato>
    <Ora>14</Ora>
    <PUN>34,600920</PUN>
    <NAT>34,980000</NAT>
    <CNOR>29,880000</CNOR>
    <CSUD>29,880000</CSUD>
    <NORD>37,990000</NORD>
    <SARD>29,880000</SARD>
    <SICI>27,000000</SICI>
    <SUD>29,880000</SUD>
    <AUST>37,990000</AUST>
    <BRNN>29,880000</BRNN>
    <COAC>29,880000</COAC>
    <CORS>29,880000</CORS>
    <FOGN>29,880000</FOGN>
    <FRAN>37,990000</FRAN>
    <GREC>29,880000</GREC>
    <MFTV>37,990000</MFTV>
    <PRGP>27,000000</PRGP>
    <ROSN>29,150000</ROSN>
    <SLOV>37,990000</SLOV>
    <SVIZ>37,990000</SVIZ>
    <BSP>37,990000</BSP>
    <MALT>27,000000</MALT>
    <XAUS>37,990000</XAUS>
    <XFRA>37,990000</XFRA>
  </Prezzi>
  <Prezzi>
    <Data>20160218</Data>
    <Mercato>MGP</Mercato>
    <Ora>15</Ora>
    <PUN>34,755770</PUN>
    <NAT>35,000000</NAT>
    <CNOR>29,880000</CNOR>
    <CSUD>29,880000</CSUD>
    <NORD>37,990000</NORD>
    <SARD>29,880000</SARD>
    <SICI>28,580000</SICI>
    <SUD>29,880000</SUD>
    <AUST>37,990000</AUST>
    <BRNN>29,880000</BRNN>
    <COAC>29,880000</COAC>
    <CORS>29,880000</CORS>
    <FOGN>29,880000</FOGN>
    <FRAN>37,990000</FRAN>
    <GREC>29,880000</GREC>
    <MFTV>37,990000</MFTV>
    <PRGP>28,580000</PRGP>
    <ROSN>29,150000</ROSN>
    <SLOV>37,990000</SLOV>
    <SVIZ>37,990000</SVIZ>
    <BSP>37,990000</BSP>
    <MALT>28,580000</MALT>
    <XAUS>37,990000</XAUS>
    <XFRA>37,990000</XFRA>
  </Prezzi>
  <Prezzi>
    <Data>20160218</Data>
    <Mercato>MGP</Mercato>
    <Ora>16</Ora>
    <PUN>37,801260</PUN>
    <NAT>37,710000</NAT>
    <CNOR>35,060000</CNOR>
    <CSUD>35,060000</CSUD>
    <NORD>40,000000</NORD>
    <SARD>35,060000</SARD>
    <SICI>29,990000</SICI>
    <SUD>35,060000</SUD>
    <AUST>40,000000</AUST>
    <BRNN>35,060000</BRNN>
    <COAC>35,060000</COAC>
    <CORS>35,060000</CORS>
    <FOGN>35,060000</FOGN>
    <FRAN>40,000000</FRAN>
    <GREC>35,060000</GREC>
    <MFTV>40,000000</MFTV>
    <PRGP>29,990000</PRGP>
    <ROSN>29,990000</ROSN>
    <SLOV>40,000000</SLOV>
    <SVIZ>40,000000</SVIZ>
    <BSP>40,000000</BSP>
    <MALT>29,990000</MALT>
    <XAUS>40,000000</XAUS>
    <XFRA>40,000000</XFRA>
  </Prezzi>
  <Prezzi>
    <Data>20160218</Data>
    <Mercato>MGP</Mercato>
    <Ora>17</Ora>
    <PUN>39,966030</PUN>
    <NAT>40,000000</NAT>
    <CNOR>37,420000</CNOR>
    <CSUD>37,420000</CSUD>
    <NORD>41,630000</NORD>
    <SARD>37,420000</SARD>
    <SICI>37,420000</SICI>
    <SUD>37,420000</SUD>
    <AUST>41,630000</AUST>
    <BRNN>37,420000</BRNN>
    <COAC>37,420000</COAC>
    <CORS>37,420000</CORS>
    <FOGN>37,420000</FOGN>
    <FRAN>41,630000</FRAN>
    <GREC>37,420000</GREC>
    <MFTV>41,630000</MFTV>
    <PRGP>37,420000</PRGP>
    <ROSN>37,420000</ROSN>
    <SLOV>41,630000</SLOV>
    <SVIZ>41,630000</SVIZ>
    <BSP>41,630000</BSP>
    <MALT>37,420000</MALT>
    <XAUS>41,630000</XAUS>
    <XFRA>41,630000</XFRA>
  </Prezzi>
  <Prezzi>
    <Data>20160218</Data>
    <Mercato>MGP</Mercato>
    <Ora>18</Ora>
    <PUN>44,321560</PUN>
    <NAT>44,590000</NAT>
    <CNOR>44,000000</CNOR>
    <CSUD>44,000000</CSUD>
    <NORD>44,000000</NORD>
    <SARD>44,000000</SARD>
    <SICI>49,980000</SICI>
    <SUD>44,000000</SUD>
    <AUST>44,000000</AUST>
    <BRNN>44,000000</BRNN>
    <COAC>44,000000</COAC>
    <CORS>44,000000</CORS>
    <FOGN>44,000000</FOGN>
    <FRAN>44,000000</FRAN>
    <GREC>44,000000</GREC>
    <MFTV>44,000000</MFTV>
    <PRGP>49,980000</PRGP>
    <ROSN>44,000000</ROSN>
    <SLOV>44,000000</SLOV>
    <SVIZ>44,000000</SVIZ>
    <BSP>44,000000</BSP>
    <MALT>49,980000</MALT>
    <XAUS>44,000000</XAUS>
    <XFRA>44,000000</XFRA>
  </Prezzi>
  <Prezzi>
    <Data>20160218</Data>
    <Mercato>MGP</Mercato>
    <Ora>19</Ora>
    <PUN>52,511610</PUN>
    <NAT>52,640000</NAT>
    <CNOR>53,170000</CNOR>
    <CSUD>53,170000</CSUD>
    <NORD>53,170000</NORD>
    <SARD>53,170000</SARD>
    <SICI>54,320000</SICI>
    <SUD>45,730000</SUD>
    <AUST>53,170000</AUST>
    <BRNN>45,730000</BRNN>
    <COAC>53,170000</COAC>
    <CORS>53,170000</CORS>
    <FOGN>45,730000</FOGN>
    <FRAN>53,170000</FRAN>
    <GREC>45,730000</GREC>
    <MFTV>53,170000</MFTV>
    <PRGP>54,320000</PRGP>
    <ROSN>45,730000</ROSN>
    <SLOV>53,170000</SLOV>
    <SVIZ>53,170000</SVIZ>
    <BSP>53,170000</BSP>
    <MALT>54,320000</MALT>
    <XAUS>53,170000</XAUS>
    <XFRA>53,170000</XFRA>
  </Prezzi>
  <Prezzi>
    <Data>20160218</Data>
    <Mercato>MGP</Mercato>
    <Ora>20</Ora>
    <PUN>49,854670</PUN>
    <NAT>49,780000</NAT>
    <CNOR>49,890000</CNOR>
    <CSUD>49,890000</CSUD>
    <NORD>49,890000</NORD>
    <SARD>49,890000</SARD>
    <SICI>54,320000</SICI>
    <SUD>47,000000</SUD>
    <AUST>49,890000</AUST>
    <BRNN>47,000000</BRNN>
    <COAC>49,890000</COAC>
    <CORS>49,890000</CORS>
    <FOGN>47,000000</FOGN>
    <FRAN>49,890000</FRAN>
    <GREC>47,000000</GREC>
    <MFTV>49,890000</MFTV>
    <PRGP>54,320000</PRGP>
    <ROSN>46,190000</ROSN>
    <SLOV>49,890000</SLOV>
    <SVIZ>49,890000</SVIZ>
    <BSP>49,890000</BSP>
    <MALT>54,320000</MALT>
    <XAUS>49,890000</XAUS>
    <XFRA>49,890000</XFRA>
  </Prezzi>
  <Prezzi>
    <Data>20160218</Data>
    <Mercato>MGP</Mercato>
    <Ora>21</Ora>
    <PUN>45,609920</PUN>
    <NAT>45,790000</NAT>
    <CNOR>45,000000</CNOR>
    <CSUD>45,000000</CSUD>
    <NORD>45,000000</NORD>
    <SARD>45,000000</SARD>
    <SICI>54,320000</SICI>
    <SUD>45,000000</SUD>
    <AUST>45,000000</AUST>
    <BRNN>45,000000</BRNN>
    <COAC>45,000000</COAC>
    <CORS>45,000000</CORS>
    <FOGN>45,000000</FOGN>
    <FRAN>45,000000</FRAN>
    <GREC>45,000000</GREC>
    <MFTV>45,000000</MFTV>
    <PRGP>54,320000</PRGP>
    <ROSN>45,000000</ROSN>
    <SLOV>45,000000</SLOV>
    <SVIZ>45,000000</SVIZ>
    <BSP>45,000000</BSP>
    <MALT>54,320000</MALT>
    <XAUS>45,000000</XAUS>
    <XFRA>45,000000</XFRA>
  </Prezzi>
  <Prezzi>
    <Data>20160218</Data>
    <Mercato>MGP</Mercato>
    <Ora>22</Ora>
    <PUN>39,955750</PUN>
    <NAT>40,000000</NAT>
    <CNOR>39,000000</CNOR>
    <CSUD>39,000000</CSUD>
    <NORD>39,000000</NORD>
    <SARD>39,000000</SARD>
    <SICI>54,320000</SICI>
    <SUD>39,000000</SUD>
    <AUST>39,000000</AUST>
    <BRNN>39,000000</BRNN>
    <COAC>39,000000</COAC>
    <CORS>39,000000</CORS>
    <FOGN>39,000000</FOGN>
    <FRAN>39,000000</FRAN>
    <GREC>39,000000</GREC>
    <MFTV>39,000000</MFTV>
    <PRGP>54,320000</PRGP>
    <ROSN>39,000000</ROSN>
    <SLOV>39,000000</SLOV>
    <SVIZ>39,000000</SVIZ>
    <BSP>39,000000</BSP>
    <MALT>54,320000</MALT>
    <XAUS>39,000000</XAUS>
    <XFRA>39,000000</XFRA>
  </Prezzi>
  <Prezzi>
    <Data>20160218</Data>
    <Mercato>MGP</Mercato>
    <Ora>23</Ora>
    <PUN>36,654190</PUN>
    <NAT>36,570000</NAT>
    <CNOR>35,770000</CNOR>
    <CSUD>35,770000</CSUD>
    <NORD>35,770000</NORD>
    <SARD>35,770000</SARD>
    <SICI>49,980000</SICI>
    <SUD>35,770000</SUD>
    <AUST>35,770000</AUST>
    <BRNN>35,770000</BRNN>
    <COAC>35,770000</COAC>
    <CORS>35,770000</CORS>
    <FOGN>35,770000</FOGN>
    <FRAN>35,770000</FRAN>
    <GREC>35,770000</GREC>
    <MFTV>35,770000</MFTV>
    <PRGP>49,980000</PRGP>
    <ROSN>35,770000</ROSN>
    <SLOV>35,770000</SLOV>
    <SVIZ>35,770000</SVIZ>
    <BSP>35,770000</BSP>
    <MALT>49,980000</MALT>
    <XAUS>35,770000</XAUS>
    <XFRA>35,770000</XFRA>
  </Prezzi>
  <Prezzi>
    <Data>20160218</Data>
    <Mercato>MGP</Mercato>
    <Ora>24</Ora>
    <PUN>34,920000</PUN>
    <NAT>34,790000</NAT>
    <CNOR>34,086840</CNOR>
    <CSUD>34,086840</CSUD>
    <NORD>34,086840</NORD>
    <SARD>34,086840</SARD>
    <SICI>47,180000</SICI>
    <SUD>34,086840</SUD>
    <AUST>34,086840</AUST>
    <BRNN>34,086840</BRNN>
    <COAC>34,086840</COAC>
    <CORS>34,086840</CORS>
    <FOGN>34,086840</FOGN>
    <FRAN>34,086840</FRAN>
    <GREC>34,086840</GREC>
    <MFTV>34,086840</MFTV>
    <PRGP>47,180000</PRGP>
    <ROSN>34,086840</ROSN>
    <SLOV>34,086840</SLOV>
    <SVIZ>34,086840</SVIZ>
    <BSP>34,086840</BSP>
    <MALT>47,180000</MALT>
    <XAUS>34,086840</XAUS>
    <XFRA>34,086840</XFRA>
  </Prezzi>
</NewDataSet>