<?xml version="1.0" standalone="yes"?>
<NewDataSet>
  <xs:schema id="NewDataSet" xmlns="" xmlns:xs="http://www.w3.org/2001/XMLSchema" xmlns:msdata="urn:schemas-microsoft-com:xml-msdata">
    <xs:element name="NewDataSet" msdata:IsDataSet="true" msdata:UseCurrentLocale="true">
      <xs:complexType>
        <xs:choice minOccurs="0" maxOccurs="unbounded">
          <xs:element name="Prezzi">
            <xs:complexType>
              <xs:sequence>
                <xs:element name="Data" type="xs:string" minOccurs="0" />
                <xs:element name="Mercato" type="xs:string" minOccurs="0" />
                <xs:element name="Ora" type="xs:string" minOccurs="0" />
                <xs:element name="PUN" type="xs:string" minOccurs="0" />
                <xs:element name="NAT" type="xs:string" minOccurs="0" />
                <xs:element name="CNOR" type="xs:string" minOccurs="0" />
                <xs:element name="CSUD" type="xs:string" minOccurs="0" />
                <xs:element name="NORD" type="xs:string" minOccurs="0" />
                <xs:element name="SARD" type="xs:string" minOccurs="0" />
                <xs:element name="SICI" type="xs:string" minOccurs="0" />
                <xs:element name="SUD" type="xs:string" minOccurs="0" />
                <xs:element name="AUST" type="xs:string" minOccurs="0" />
                <xs:element name="BRNN" type="xs:string" minOccurs="0" />
                <xs:element name="COAC" type="xs:string" minOccurs="0" />
                <xs:element name="CORS" type="xs:string" minOccurs="0" />
                <xs:element name="FOGN" type="xs:string" minOccurs="0" />
                <xs:element name="FRAN" type="xs:string" minOccurs="0" />
                <xs:element name="GREC" type="xs:string" minOccurs="0" />
                <xs:element name="MFTV" type="xs:string" minOccurs="0" />
                <xs:element name="PRGP" type="xs:string" minOccurs="0" />
                <xs:element name="ROSN" type="xs:string" minOccurs="0" />
                <xs:element name="SLOV" type="xs:string" minOccurs="0" />
                <xs:element name="SVIZ" type="xs:string" minOccurs="0" />
                <xs:element name="BSP" type="xs:string" minOccurs="0" />
                <xs:element name="MALT" type="xs:string" minOccurs="0" />
                <xs:element name="XAUS" type="xs:string" minOccurs="0" />
                <xs:element name="XFRA" type="xs:string" minOccurs="0" />
              </xs:sequence>
            </xs:complexType>
          </xs:element>
        </xs:choice>
      </xs:complexType>
    </xs:element>
  </xs:schema>
  <Prezzi>
    <Data>20160225</Data>
    <Mercato>MGP</Mercato>
    <Ora>1</Ora>
    <PUN>34,300000</PUN>
    <NAT>35,000000</NAT>
    <CNOR>33,203150</CNOR>
    <CSUD>33,203150</CSUD>
    <NORD>33,203150</NORD>
    <SARD>33,203150</SARD>
    <SICI>51,460000</SICI>
    <SUD>33,203150</SUD>
    <AUST>33,203150</AUST>
    <BRNN>33,203150</BRNN>
    <COAC>33,203150</COAC>
    <CORS>33,203150</CORS>
    <FOGN>33,203150</FOGN>
    <FRAN>33,203150</FRAN>
    <GREC>33,203150</GREC>
    <MFTV>33,203150</MFTV>
    <PRGP>51,460000</PRGP>
    <ROSN>33,203150</ROSN>
    <SLOV>33,203150</SLOV>
    <SVIZ>33,203150</SVIZ>
    <BSP>33,203150</BSP>
    <MALT>51,460000</MALT>
    <XAUS>33,203150</XAUS>
    <XFRA>33,203150</XFRA>
  </Prezzi>
  <Prezzi>
    <Data>20160225</Data>
    <Mercato>MGP</Mercato>
    <Ora>2</Ora>
    <PUN>32,310720</PUN>
    <NAT>31,760000</NAT>
    <CNOR>31,170000</CNOR>
    <CSUD>31,170000</CSUD>
    <NORD>31,170000</NORD>
    <SARD>31,170000</SARD>
    <SICI>50,770000</SICI>
    <SUD>31,170000</SUD>
    <AUST>31,170000</AUST>
    <BRNN>31,170000</BRNN>
    <COAC>31,170000</COAC>
    <CORS>31,170000</CORS>
    <FOGN>31,170000</FOGN>
    <FRAN>31,170000</FRAN>
    <GREC>31,170000</GREC>
    <MFTV>31,170000</MFTV>
    <PRGP>50,770000</PRGP>
    <ROSN>31,170000</ROSN>
    <SLOV>31,170000</SLOV>
    <SVIZ>31,170000</SVIZ>
    <BSP>31,170000</BSP>
    <MALT>50,770000</MALT>
    <XAUS>31,170000</XAUS>
    <XFRA>31,170000</XFRA>
  </Prezzi>
  <Prezzi>
    <Data>20160225</Data>
    <Mercato>MGP</Mercato>
    <Ora>3</Ora>
    <PUN>31,043030</PUN>
    <NAT>30,500000</NAT>
    <CNOR>30,000000</CNOR>
    <CSUD>30,000000</CSUD>
    <NORD>30,000000</NORD>
    <SARD>30,000000</SARD>
    <SICI>49,950000</SICI>
    <SUD>30,000000</SUD>
    <AUST>30,000000</AUST>
    <BRNN>30,000000</BRNN>
    <COAC>30,000000</COAC>
    <CORS>30,000000</CORS>
    <FOGN>30,000000</FOGN>
    <FRAN>30,000000</FRAN>
    <GREC>30,000000</GREC>
    <MFTV>30,000000</MFTV>
    <PRGP>49,950000</PRGP>
    <ROSN>30,000000</ROSN>
    <SLOV>30,000000</SLOV>
    <SVIZ>30,000000</SVIZ>
    <BSP>30,000000</BSP>
    <MALT>49,950000</MALT>
    <XAUS>30,000000</XAUS>
    <XFRA>30,000000</XFRA>
  </Prezzi>
  <Prezzi>
    <Data>20160225</Data>
    <Mercato>MGP</Mercato>
    <Ora>4</Ora>
    <PUN>30,000000</PUN>
    <NAT>30,000000</NAT>
    <CNOR>28,934320</CNOR>
    <CSUD>28,934320</CSUD>
    <NORD>28,934320</NORD>
    <SARD>28,934320</SARD>
    <SICI>49,950000</SICI>
    <SUD>28,934320</SUD>
    <AUST>28,934320</AUST>
    <BRNN>28,934320</BRNN>
    <COAC>28,934320</COAC>
    <CORS>28,934320</CORS>
    <FOGN>28,934320</FOGN>
    <FRAN>28,934320</FRAN>
    <GREC>28,934320</GREC>
    <MFTV>28,934320</MFTV>
    <PRGP>49,950000</PRGP>
    <ROSN>28,934320</ROSN>
    <SLOV>28,934320</SLOV>
    <SVIZ>28,934320</SVIZ>
    <BSP>28,934320</BSP>
    <MALT>49,950000</MALT>
    <XAUS>28,934320</XAUS>
    <XFRA>28,934320</XFRA>
  </Prezzi>
  <Prezzi>
    <Data>20160225</Data>
    <Mercato>MGP</Mercato>
    <Ora>5</Ora>
    <PUN>30,039530</PUN>
    <NAT>30,000000</NAT>
    <CNOR>29,000000</CNOR>
    <CSUD>29,000000</CSUD>
    <NORD>29,000000</NORD>
    <SARD>29,000000</SARD>
    <SICI>49,950000</SICI>
    <SUD>29,000000</SUD>
    <AUST>29,000000</AUST>
    <BRNN>29,000000</BRNN>
    <COAC>29,000000</COAC>
    <CORS>29,000000</CORS>
    <FOGN>29,000000</FOGN>
    <FRAN>29,000000</FRAN>
    <GREC>29,000000</GREC>
    <MFTV>29,000000</MFTV>
    <PRGP>49,950000</PRGP>
    <ROSN>29,000000</ROSN>
    <SLOV>29,000000</SLOV>
    <SVIZ>29,000000</SVIZ>
    <BSP>29,000000</BSP>
    <MALT>49,950000</MALT>
    <XAUS>29,000000</XAUS>
    <XFRA>29,000000</XFRA>
  </Prezzi>
  <Prezzi>
    <Data>20160225</Data>
    <Mercato>MGP</Mercato>
    <Ora>6</Ora>
    <PUN>32,852310</PUN>
    <NAT>32,000000</NAT>
    <CNOR>31,910000</CNOR>
    <CSUD>31,910000</CSUD>
    <NORD>31,910000</NORD>
    <SARD>31,910000</SARD>
    <SICI>49,950000</SICI>
    <SUD>31,910000</SUD>
    <AUST>31,910000</AUST>
    <BRNN>31,910000</BRNN>
    <COAC>31,910000</COAC>
    <CORS>31,910000</CORS>
    <FOGN>31,910000</FOGN>
    <FRAN>31,910000</FRAN>
    <GREC>31,910000</GREC>
    <MFTV>31,910000</MFTV>
    <PRGP>49,950000</PRGP>
    <ROSN>31,910000</ROSN>
    <SLOV>31,910000</SLOV>
    <SVIZ>31,910000</SVIZ>
    <BSP>31,910000</BSP>
    <MALT>49,950000</MALT>
    <XAUS>31,910000</XAUS>
    <XFRA>31,910000</XFRA>
  </Prezzi>
  <Prezzi>
    <Data>20160225</Data>
    <Mercato>MGP</Mercato>
    <Ora>7</Ora>
    <PUN>36,045300</PUN>
    <NAT>35,860000</NAT>
    <CNOR>35,300000</CNOR>
    <CSUD>35,300000</CSUD>
    <NORD>35,400000</NORD>
    <SARD>35,300000</SARD>
    <SICI>49,950000</SICI>
    <SUD>35,300000</SUD>
    <AUST>35,400000</AUST>
    <BRNN>35,300000</BRNN>
    <COAC>35,300000</COAC>
    <CORS>35,300000</CORS>
    <FOGN>35,300000</FOGN>
    <FRAN>35,400000</FRAN>
    <GREC>35,300000</GREC>
    <MFTV>35,400000</MFTV>
    <PRGP>49,950000</PRGP>
    <ROSN>35,300000</ROSN>
    <SLOV>35,400000</SLOV>
    <SVIZ>35,400000</SVIZ>
    <BSP>35,400000</BSP>
    <MALT>49,950000</MALT>
    <XAUS>35,400000</XAUS>
    <XFRA>35,400000</XFRA>
  </Prezzi>
  <Prezzi>
    <Data>20160225</Data>
    <Mercato>MGP</Mercato>
    <Ora>8</Ora>
    <PUN>37,620740</PUN>
    <NAT>37,100000</NAT>
    <CNOR>36,080000</CNOR>
    <CSUD>36,080000</CSUD>
    <NORD>37,390000</NORD>
    <SARD>36,080000</SARD>
    <SICI>50,770000</SICI>
    <SUD>36,080000</SUD>
    <AUST>37,390000</AUST>
    <BRNN>36,080000</BRNN>
    <COAC>36,080000</COAC>
    <CORS>36,080000</CORS>
    <FOGN>36,080000</FOGN>
    <FRAN>37,390000</FRAN>
    <GREC>36,080000</GREC>
    <MFTV>37,390000</MFTV>
    <PRGP>50,770000</PRGP>
    <ROSN>36,080000</ROSN>
    <SLOV>37,390000</SLOV>
    <SVIZ>37,390000</SVIZ>
    <BSP>37,390000</BSP>
    <MALT>50,770000</MALT>
    <XAUS>37,390000</XAUS>
    <XFRA>37,390000</XFRA>
  </Prezzi>
  <Prezzi>
    <Data>20160225</Data>
    <Mercato>MGP</Mercato>
    <Ora>9</Ora>
    <PUN>43,385540</PUN>
    <NAT>42,280000</NAT>
    <CNOR>43,500000</CNOR>
    <CSUD>43,500000</CSUD>
    <NORD>43,500000</NORD>
    <SARD>43,500000</SARD>
    <SICI>50,770000</SICI>
    <SUD>37,800000</SUD>
    <AUST>43,500000</AUST>
    <BRNN>37,800000</BRNN>
    <COAC>43,500000</COAC>
    <CORS>43,500000</CORS>
    <FOGN>37,800000</FOGN>
    <FRAN>43,500000</FRAN>
    <GREC>37,800000</GREC>
    <MFTV>43,500000</MFTV>
    <PRGP>50,770000</PRGP>
    <ROSN>37,800000</ROSN>
    <SLOV>43,500000</SLOV>
    <SVIZ>43,500000</SVIZ>
    <BSP>43,500000</BSP>
    <MALT>50,770000</MALT>
    <XAUS>43,500000</XAUS>
    <XFRA>43,500000</XFRA>
  </Prezzi>
  <Prezzi>
    <Data>20160225</Data>
    <Mercato>MGP</Mercato>
    <Ora>10</Ora>
    <PUN>42,480470</PUN>
    <NAT>38,790000</NAT>
    <CNOR>42,720000</CNOR>
    <CSUD>42,720000</CSUD>
    <NORD>42,720000</NORD>
    <SARD>42,720000</SARD>
    <SICI>49,950000</SICI>
    <SUD>35,580000</SUD>
    <AUST>42,720000</AUST>
    <BRNN>35,580000</BRNN>
    <COAC>42,720000</COAC>
    <CORS>42,720000</CORS>
    <FOGN>35,580000</FOGN>
    <FRAN>42,720000</FRAN>
    <GREC>35,580000</GREC>
    <MFTV>42,720000</MFTV>
    <PRGP>49,950000</PRGP>
    <ROSN>35,580000</ROSN>
    <SLOV>42,720000</SLOV>
    <SVIZ>42,720000</SVIZ>
    <BSP>42,720000</BSP>
    <MALT>49,950000</MALT>
    <XAUS>42,720000</XAUS>
    <XFRA>42,720000</XFRA>
  </Prezzi>
  <Prezzi>
    <Data>20160225</Data>
    <Mercato>MGP</Mercato>
    <Ora>11</Ora>
    <PUN>40,157320</PUN>
    <NAT>37,080000</NAT>
    <CNOR>40,920000</CNOR>
    <CSUD>40,920000</CSUD>
    <NORD>40,920000</NORD>
    <SARD>40,920000</SARD>
    <SICI>35,440000</SICI>
    <SUD>34,800000</SUD>
    <AUST>40,920000</AUST>
    <BRNN>34,800000</BRNN>
    <COAC>40,920000</COAC>
    <CORS>40,920000</CORS>
    <FOGN>34,800000</FOGN>
    <FRAN>40,920000</FRAN>
    <GREC>34,800000</GREC>
    <MFTV>40,920000</MFTV>
    <PRGP>35,440000</PRGP>
    <ROSN>34,800000</ROSN>
    <SLOV>40,920000</SLOV>
    <SVIZ>40,920000</SVIZ>
    <BSP>40,920000</BSP>
    <MALT>35,440000</MALT>
    <XAUS>40,920000</XAUS>
    <XFRA>40,920000</XFRA>
  </Prezzi>
  <Prezzi>
    <Data>20160225</Data>
    <Mercato>MGP</Mercato>
    <Ora>12</Ora>
    <PUN>35,738630</PUN>
    <NAT>35,440000</NAT>
    <CNOR>36,000000</CNOR>
    <CSUD>36,000000</CSUD>
    <NORD>36,000000</NORD>
    <SARD>36,000000</SARD>
    <SICI>34,000000</SICI>
    <SUD>34,000000</SUD>
    <AUST>36,000000</AUST>
    <BRNN>34,000000</BRNN>
    <COAC>36,000000</COAC>
    <CORS>36,000000</CORS>
    <FOGN>34,000000</FOGN>
    <FRAN>36,000000</FRAN>
    <GREC>34,000000</GREC>
    <MFTV>36,000000</MFTV>
    <PRGP>34,000000</PRGP>
    <ROSN>34,000000</ROSN>
    <SLOV>36,000000</SLOV>
    <SVIZ>36,000000</SVIZ>
    <BSP>36,000000</BSP>
    <MALT>34,000000</MALT>
    <XAUS>36,000000</XAUS>
    <XFRA>36,000000</XFRA>
  </Prezzi>
  <Prezzi>
    <Data>20160225</Data>
    <Mercato>MGP</Mercato>
    <Ora>13</Ora>
    <PUN>32,588800</PUN>
    <NAT>33,080000</NAT>
    <CNOR>29,250000</CNOR>
    <CSUD>29,250000</CSUD>
    <NORD>34,990000</NORD>
    <SARD>29,250000</SARD>
    <SICI>29,250000</SICI>
    <SUD>29,250000</SUD>
    <AUST>34,990000</AUST>
    <BRNN>29,250000</BRNN>
    <COAC>29,250000</COAC>
    <CORS>29,250000</CORS>
    <FOGN>29,250000</FOGN>
    <FRAN>34,990000</FRAN>
    <GREC>29,250000</GREC>
    <MFTV>34,990000</MFTV>
    <PRGP>29,250000</PRGP>
    <ROSN>29,250000</ROSN>
    <SLOV>34,990000</SLOV>
    <SVIZ>34,990000</SVIZ>
    <BSP>34,990000</BSP>
    <MALT>29,250000</MALT>
    <XAUS>34,990000</XAUS>
    <XFRA>34,990000</XFRA>
  </Prezzi>
  <Prezzi>
    <Data>20160225</Data>
    <Mercato>MGP</Mercato>
    <Ora>14</Ora>
    <PUN>32,418460</PUN>
    <NAT>33,500000</NAT>
    <CNOR>28,750000</CNOR>
    <CSUD>28,750000</CSUD>
    <NORD>34,990000</NORD>
    <SARD>28,750000</SARD>
    <SICI>28,750000</SICI>
    <SUD>28,750000</SUD>
    <AUST>34,990000</AUST>
    <BRNN>28,750000</BRNN>
    <COAC>28,750000</COAC>
    <CORS>28,750000</CORS>
    <FOGN>28,750000</FOGN>
    <FRAN>34,990000</FRAN>
    <GREC>28,750000</GREC>
    <MFTV>34,990000</MFTV>
    <PRGP>28,750000</PRGP>
    <ROSN>28,750000</ROSN>
    <SLOV>34,990000</SLOV>
    <SVIZ>34,990000</SVIZ>
    <BSP>34,990000</BSP>
    <MALT>28,750000</MALT>
    <XAUS>34,990000</XAUS>
    <XFRA>34,990000</XFRA>
  </Prezzi>
  <Prezzi>
    <Data>20160225</Data>
    <Mercato>MGP</Mercato>
    <Ora>15</Ora>
    <PUN>33,056280</PUN>
    <NAT>34,000000</NAT>
    <CNOR>29,020000</CNOR>
    <CSUD>29,020000</CSUD>
    <NORD>35,690000</NORD>
    <SARD>29,020000</SARD>
    <SICI>29,020000</SICI>
    <SUD>29,020000</SUD>
    <AUST>35,690000</AUST>
    <BRNN>29,020000</BRNN>
    <COAC>29,020000</COAC>
    <CORS>29,020000</CORS>
    <FOGN>29,020000</FOGN>
    <FRAN>35,690000</FRAN>
    <GREC>29,020000</GREC>
    <MFTV>35,690000</MFTV>
    <PRGP>29,020000</PRGP>
    <ROSN>29,020000</ROSN>
    <SLOV>35,690000</SLOV>
    <SVIZ>35,690000</SVIZ>
    <BSP>35,690000</BSP>
    <MALT>29,020000</MALT>
    <XAUS>35,690000</XAUS>
    <XFRA>35,690000</XFRA>
  </Prezzi>
  <Prezzi>
    <Data>20160225</Data>
    <Mercato>MGP</Mercato>
    <Ora>16</Ora>
    <PUN>35,463410</PUN>
    <NAT>35,090000</NAT>
    <CNOR>33,790000</CNOR>
    <CSUD>33,790000</CSUD>
    <NORD>36,580000</NORD>
    <SARD>33,790000</SARD>
    <SICI>33,790000</SICI>
    <SUD>33,790000</SUD>
    <AUST>36,580000</AUST>
    <BRNN>33,790000</BRNN>
    <COAC>33,790000</COAC>
    <CORS>33,790000</CORS>
    <FOGN>33,790000</FOGN>
    <FRAN>36,580000</FRAN>
    <GREC>33,790000</GREC>
    <MFTV>36,580000</MFTV>
    <PRGP>33,790000</PRGP>
    <ROSN>33,790000</ROSN>
    <SLOV>36,580000</SLOV>
    <SVIZ>36,580000</SVIZ>
    <BSP>36,580000</BSP>
    <MALT>33,790000</MALT>
    <XAUS>36,580000</XAUS>
    <XFRA>36,580000</XFRA>
  </Prezzi>
  <Prezzi>
    <Data>20160225</Data>
    <Mercato>MGP</Mercato>
    <Ora>17</Ora>
    <PUN>37,033690</PUN>
    <NAT>37,010000</NAT>
    <CNOR>36,720000</CNOR>
    <CSUD>36,720000</CSUD>
    <NORD>37,240000</NORD>
    <SARD>36,720000</SARD>
    <SICI>36,720000</SICI>
    <SUD>36,720000</SUD>
    <AUST>37,240000</AUST>
    <BRNN>36,720000</BRNN>
    <COAC>36,720000</COAC>
    <CORS>36,720000</CORS>
    <FOGN>36,720000</FOGN>
    <FRAN>37,240000</FRAN>
    <GREC>36,720000</GREC>
    <MFTV>37,240000</MFTV>
    <PRGP>36,720000</PRGP>
    <ROSN>36,720000</ROSN>
    <SLOV>37,240000</SLOV>
    <SVIZ>37,240000</SVIZ>
    <BSP>37,240000</BSP>
    <MALT>36,720000</MALT>
    <XAUS>37,240000</XAUS>
    <XFRA>37,240000</XFRA>
  </Prezzi>
  <Prezzi>
    <Data>20160225</Data>
    <Mercato>MGP</Mercato>
    <Ora>18</Ora>
    <PUN>44,019910</PUN>
    <NAT>44,850000</NAT>
    <CNOR>43,700000</CNOR>
    <CSUD>43,700000</CSUD>
    <NORD>43,700000</NORD>
    <SARD>43,700000</SARD>
    <SICI>49,950000</SICI>
    <SUD>43,700000</SUD>
    <AUST>43,700000</AUST>
    <BRNN>43,700000</BRNN>
    <COAC>43,700000</COAC>
    <CORS>43,700000</CORS>
    <FOGN>43,700000</FOGN>
    <FRAN>43,700000</FRAN>
    <GREC>43,700000</GREC>
    <MFTV>43,700000</MFTV>
    <PRGP>49,950000</PRGP>
    <ROSN>43,700000</ROSN>
    <SLOV>43,700000</SLOV>
    <SVIZ>43,700000</SVIZ>
    <BSP>43,700000</BSP>
    <MALT>49,950000</MALT>
    <XAUS>43,700000</XAUS>
    <XFRA>43,700000</XFRA>
  </Prezzi>
  <Prezzi>
    <Data>20160225</Data>
    <Mercato>MGP</Mercato>
    <Ora>19</Ora>
    <PUN>46,730340</PUN>
    <NAT>48,800000</NAT>
    <CNOR>46,290000</CNOR>
    <CSUD>46,290000</CSUD>
    <NORD>46,290000</NORD>
    <SARD>46,290000</SARD>
    <SICI>54,320000</SICI>
    <SUD>46,290000</SUD>
    <AUST>46,290000</AUST>
    <BRNN>46,290000</BRNN>
    <COAC>46,290000</COAC>
    <CORS>46,290000</CORS>
    <FOGN>46,290000</FOGN>
    <FRAN>46,290000</FRAN>
    <GREC>46,290000</GREC>
    <MFTV>46,290000</MFTV>
    <PRGP>54,320000</PRGP>
    <ROSN>46,290000</ROSN>
    <SLOV>46,290000</SLOV>
    <SVIZ>46,290000</SVIZ>
    <BSP>46,290000</BSP>
    <MALT>54,320000</MALT>
    <XAUS>46,290000</XAUS>
    <XFRA>46,290000</XFRA>
  </Prezzi>
  <Prezzi>
    <Data>20160225</Data>
    <Mercato>MGP</Mercato>
    <Ora>20</Ora>
    <PUN>47,432900</PUN>
    <NAT>50,000000</NAT>
    <CNOR>47,000000</CNOR>
    <CSUD>47,000000</CSUD>
    <NORD>47,000000</NORD>
    <SARD>47,000000</SARD>
    <SICI>54,460000</SICI>
    <SUD>47,000000</SUD>
    <AUST>47,000000</AUST>
    <BRNN>47,000000</BRNN>
    <COAC>47,000000</COAC>
    <CORS>47,000000</CORS>
    <FOGN>47,000000</FOGN>
    <FRAN>47,000000</FRAN>
    <GREC>47,000000</GREC>
    <MFTV>47,000000</MFTV>
    <PRGP>54,460000</PRGP>
    <ROSN>47,000000</ROSN>
    <SLOV>47,000000</SLOV>
    <SVIZ>47,000000</SVIZ>
    <BSP>47,000000</BSP>
    <MALT>54,460000</MALT>
    <XAUS>47,000000</XAUS>
    <XFRA>47,000000</XFRA>
  </Prezzi>
  <Prezzi>
    <Data>20160225</Data>
    <Mercato>MGP</Mercato>
    <Ora>21</Ora>
    <PUN>44,821100</PUN>
    <NAT>45,730000</NAT>
    <CNOR>45,710000</CNOR>
    <CSUD>45,710000</CSUD>
    <NORD>42,990000</NORD>
    <SARD>45,710000</SARD>
    <SICI>54,460000</SICI>
    <SUD>45,710000</SUD>
    <AUST>42,990000</AUST>
    <BRNN>45,710000</BRNN>
    <COAC>45,710000</COAC>
    <CORS>45,710000</CORS>
    <FOGN>45,710000</FOGN>
    <FRAN>42,990000</FRAN>
    <GREC>45,710000</GREC>
    <MFTV>42,990000</MFTV>
    <PRGP>54,460000</PRGP>
    <ROSN>45,710000</ROSN>
    <SLOV>42,990000</SLOV>
    <SVIZ>42,990000</SVIZ>
    <BSP>42,990000</BSP>
    <MALT>54,460000</MALT>
    <XAUS>42,990000</XAUS>
    <XFRA>42,990000</XFRA>
  </Prezzi>
  <Prezzi>
    <Data>20160225</Data>
    <Mercato>MGP</Mercato>
    <Ora>22</Ora>
    <PUN>41,343660</PUN>
    <NAT>42,990000</NAT>
    <CNOR>40,500000</CNOR>
    <CSUD>40,500000</CSUD>
    <NORD>40,500000</NORD>
    <SARD>40,500000</SARD>
    <SICI>54,320000</SICI>
    <SUD>40,500000</SUD>
    <AUST>40,500000</AUST>
    <BRNN>40,500000</BRNN>
    <COAC>40,500000</COAC>
    <CORS>40,500000</CORS>
    <FOGN>40,500000</FOGN>
    <FRAN>40,500000</FRAN>
    <GREC>40,500000</GREC>
    <MFTV>40,500000</MFTV>
    <PRGP>54,320000</PRGP>
    <ROSN>40,500000</ROSN>
    <SLOV>40,500000</SLOV>
    <SVIZ>40,500000</SVIZ>
    <BSP>40,500000</BSP>
    <MALT>54,320000</MALT>
    <XAUS>40,500000</XAUS>
    <XFRA>40,500000</XFRA>
  </Prezzi>
  <Prezzi>
    <Data>20160225</Data>
    <Mercato>MGP</Mercato>
    <Ora>23</Ora>
    <PUN>36,150120</PUN>
    <NAT>35,370000</NAT>
    <CNOR>35,080000</CNOR>
    <CSUD>35,080000</CSUD>
    <NORD>35,080000</NORD>
    <SARD>35,080000</SARD>
    <SICI>52,650000</SICI>
    <SUD>35,080000</SUD>
    <AUST>35,080000</AUST>
    <BRNN>35,080000</BRNN>
    <COAC>35,080000</COAC>
    <CORS>35,080000</CORS>
    <FOGN>35,080000</FOGN>
    <FRAN>35,080000</FRAN>
    <GREC>35,080000</GREC>
    <MFTV>35,080000</MFTV>
    <PRGP>52,650000</PRGP>
    <ROSN>35,080000</ROSN>
    <SLOV>35,080000</SLOV>
    <SVIZ>35,080000</SVIZ>
    <BSP>35,080000</BSP>
    <MALT>52,650000</MALT>
    <XAUS>35,080000</XAUS>
    <XFRA>35,080000</XFRA>
  </Prezzi>
  <Prezzi>
    <Data>20160225</Data>
    <Mercato>MGP</Mercato>
    <Ora>24</Ora>
    <PUN>33,772910</PUN>
    <NAT>34,000000</NAT>
    <CNOR>32,770000</CNOR>
    <CSUD>32,770000</CSUD>
    <NORD>32,770000</NORD>
    <SARD>32,770000</SARD>
    <SICI>49,950000</SICI>
    <SUD>32,770000</SUD>
    <AUST>32,770000</AUST>
    <BRNN>32,770000</BRNN>
    <COAC>32,770000</COAC>
    <CORS>32,770000</CORS>
    <FOGN>32,770000</FOGN>
    <FRAN>32,770000</FRAN>
    <GREC>32,770000</GREC>
    <MFTV>32,770000</MFTV>
    <PRGP>49,950000</PRGP>
    <ROSN>32,770000</ROSN>
    <SLOV>32,770000</SLOV>
    <SVIZ>32,770000</SVIZ>
    <BSP>32,770000</BSP>
    <MALT>49,950000</MALT>
    <XAUS>32,770000</XAUS>
    <XFRA>32,770000</XFRA>
  </Prezzi>
</NewDataSet>