<?xml version="1.0" standalone="yes"?>
<NewDataSet>
  <xs:schema id="NewDataSet" xmlns="" xmlns:xs="http://www.w3.org/2001/XMLSchema" xmlns:msdata="urn:schemas-microsoft-com:xml-msdata">
    <xs:element name="NewDataSet" msdata:IsDataSet="true" msdata:UseCurrentLocale="true">
      <xs:complexType>
        <xs:choice minOccurs="0" maxOccurs="unbounded">
          <xs:element name="Prezzi">
            <xs:complexType>
              <xs:sequence>
                <xs:element name="Data" type="xs:string" minOccurs="0" />
                <xs:element name="Mercato" type="xs:string" minOccurs="0" />
                <xs:element name="Ora" type="xs:string" minOccurs="0" />
                <xs:element name="PUN" type="xs:string" minOccurs="0" />
                <xs:element name="NAT" type="xs:string" minOccurs="0" />
                <xs:element name="CNOR" type="xs:string" minOccurs="0" />
                <xs:element name="CSUD" type="xs:string" minOccurs="0" />
                <xs:element name="NORD" type="xs:string" minOccurs="0" />
                <xs:element name="SARD" type="xs:string" minOccurs="0" />
                <xs:element name="SICI" type="xs:string" minOccurs="0" />
                <xs:element name="SUD" type="xs:string" minOccurs="0" />
                <xs:element name="AUST" type="xs:string" minOccurs="0" />
                <xs:element name="BRNN" type="xs:string" minOccurs="0" />
                <xs:element name="COAC" type="xs:string" minOccurs="0" />
                <xs:element name="CORS" type="xs:string" minOccurs="0" />
                <xs:element name="FOGN" type="xs:string" minOccurs="0" />
                <xs:element name="FRAN" type="xs:string" minOccurs="0" />
                <xs:element name="GREC" type="xs:string" minOccurs="0" />
                <xs:element name="MFTV" type="xs:string" minOccurs="0" />
                <xs:element name="PRGP" type="xs:string" minOccurs="0" />
                <xs:element name="ROSN" type="xs:string" minOccurs="0" />
                <xs:element name="SLOV" type="xs:string" minOccurs="0" />
                <xs:element name="SVIZ" type="xs:string" minOccurs="0" />
                <xs:element name="BSP" type="xs:string" minOccurs="0" />
                <xs:element name="MALT" type="xs:string" minOccurs="0" />
                <xs:element name="XAUS" type="xs:string" minOccurs="0" />
                <xs:element name="XFRA" type="xs:string" minOccurs="0" />
              </xs:sequence>
            </xs:complexType>
          </xs:element>
        </xs:choice>
      </xs:complexType>
    </xs:element>
  </xs:schema>
  <Prezzi>
    <Data>20160228</Data>
    <Mercato>MGP</Mercato>
    <Ora>1</Ora>
    <PUN>26,031590</PUN>
    <NAT>26,000000</NAT>
    <CNOR>26,170000</CNOR>
    <CSUD>26,170000</CSUD>
    <NORD>26,170000</NORD>
    <SARD>26,170000</SARD>
    <SICI>24,170000</SICI>
    <SUD>26,170000</SUD>
    <AUST>26,170000</AUST>
    <BRNN>26,170000</BRNN>
    <COAC>26,170000</COAC>
    <CORS>26,170000</CORS>
    <FOGN>26,170000</FOGN>
    <FRAN>26,170000</FRAN>
    <GREC>26,170000</GREC>
    <MFTV>26,170000</MFTV>
    <PRGP>24,170000</PRGP>
    <ROSN>26,170000</ROSN>
    <SLOV>26,170000</SLOV>
    <SVIZ>26,170000</SVIZ>
    <BSP>26,170000</BSP>
    <MALT>24,170000</MALT>
    <XAUS>26,170000</XAUS>
    <XFRA>26,170000</XFRA>
  </Prezzi>
  <Prezzi>
    <Data>20160228</Data>
    <Mercato>MGP</Mercato>
    <Ora>2</Ora>
    <PUN>21,900000</PUN>
    <NAT>21,900000</NAT>
    <CNOR>21,900000</CNOR>
    <CSUD>21,900000</CSUD>
    <NORD>21,900000</NORD>
    <SARD>21,900000</SARD>
    <SICI>21,900000</SICI>
    <SUD>21,900000</SUD>
    <AUST>21,900000</AUST>
    <BRNN>21,900000</BRNN>
    <COAC>21,900000</COAC>
    <CORS>21,900000</CORS>
    <FOGN>21,900000</FOGN>
    <FRAN>21,900000</FRAN>
    <GREC>21,900000</GREC>
    <MFTV>21,900000</MFTV>
    <PRGP>21,900000</PRGP>
    <ROSN>21,900000</ROSN>
    <SLOV>21,900000</SLOV>
    <SVIZ>21,900000</SVIZ>
    <BSP>21,900000</BSP>
    <MALT>21,900000</MALT>
    <XAUS>21,900000</XAUS>
    <XFRA>21,900000</XFRA>
  </Prezzi>
  <Prezzi>
    <Data>20160228</Data>
    <Mercato>MGP</Mercato>
    <Ora>3</Ora>
    <PUN>19,150000</PUN>
    <NAT>19,150000</NAT>
    <CNOR>19,150000</CNOR>
    <CSUD>19,150000</CSUD>
    <NORD>19,150000</NORD>
    <SARD>19,150000</SARD>
    <SICI>19,150000</SICI>
    <SUD>19,150000</SUD>
    <AUST>19,150000</AUST>
    <BRNN>19,150000</BRNN>
    <COAC>19,150000</COAC>
    <CORS>19,150000</CORS>
    <FOGN>19,150000</FOGN>
    <FRAN>19,150000</FRAN>
    <GREC>19,150000</GREC>
    <MFTV>19,150000</MFTV>
    <PRGP>19,150000</PRGP>
    <ROSN>19,150000</ROSN>
    <SLOV>19,150000</SLOV>
    <SVIZ>19,150000</SVIZ>
    <BSP>19,150000</BSP>
    <MALT>19,150000</MALT>
    <XAUS>19,150000</XAUS>
    <XFRA>19,150000</XFRA>
  </Prezzi>
  <Prezzi>
    <Data>20160228</Data>
    <Mercato>MGP</Mercato>
    <Ora>4</Ora>
    <PUN>17,730000</PUN>
    <NAT>17,730000</NAT>
    <CNOR>17,730000</CNOR>
    <CSUD>17,730000</CSUD>
    <NORD>17,730000</NORD>
    <SARD>17,730000</SARD>
    <SICI>17,730000</SICI>
    <SUD>17,730000</SUD>
    <AUST>17,730000</AUST>
    <BRNN>17,730000</BRNN>
    <COAC>17,730000</COAC>
    <CORS>17,730000</CORS>
    <FOGN>17,730000</FOGN>
    <FRAN>17,730000</FRAN>
    <GREC>17,730000</GREC>
    <MFTV>17,730000</MFTV>
    <PRGP>17,730000</PRGP>
    <ROSN>17,730000</ROSN>
    <SLOV>17,730000</SLOV>
    <SVIZ>17,730000</SVIZ>
    <BSP>17,730000</BSP>
    <MALT>17,730000</MALT>
    <XAUS>17,730000</XAUS>
    <XFRA>17,730000</XFRA>
  </Prezzi>
  <Prezzi>
    <Data>20160228</Data>
    <Mercato>MGP</Mercato>
    <Ora>5</Ora>
    <PUN>17,308190</PUN>
    <NAT>17,300000</NAT>
    <CNOR>17,308190</CNOR>
    <CSUD>17,308190</CSUD>
    <NORD>17,308190</NORD>
    <SARD>17,308190</SARD>
    <SICI>17,308190</SICI>
    <SUD>17,308190</SUD>
    <AUST>17,308190</AUST>
    <BRNN>17,308190</BRNN>
    <COAC>17,308190</COAC>
    <CORS>17,308190</CORS>
    <FOGN>17,308190</FOGN>
    <FRAN>17,308190</FRAN>
    <GREC>17,308190</GREC>
    <MFTV>17,308190</MFTV>
    <PRGP>17,308190</PRGP>
    <ROSN>17,308190</ROSN>
    <SLOV>17,308190</SLOV>
    <SVIZ>17,308190</SVIZ>
    <BSP>17,308190</BSP>
    <MALT>17,308190</MALT>
    <XAUS>17,308190</XAUS>
    <XFRA>17,308190</XFRA>
  </Prezzi>
  <Prezzi>
    <Data>20160228</Data>
    <Mercato>MGP</Mercato>
    <Ora>6</Ora>
    <PUN>17,303050</PUN>
    <NAT>17,000000</NAT>
    <CNOR>17,455180</CNOR>
    <CSUD>17,455180</CSUD>
    <NORD>17,455180</NORD>
    <SARD>17,455180</SARD>
    <SICI>15,000000</SICI>
    <SUD>17,455180</SUD>
    <AUST>17,455180</AUST>
    <BRNN>17,455180</BRNN>
    <COAC>17,455180</COAC>
    <CORS>17,455180</CORS>
    <FOGN>17,455180</FOGN>
    <FRAN>17,455180</FRAN>
    <GREC>17,455180</GREC>
    <MFTV>17,455180</MFTV>
    <PRGP>15,000000</PRGP>
    <ROSN>17,455180</ROSN>
    <SLOV>17,455180</SLOV>
    <SVIZ>17,455180</SVIZ>
    <BSP>17,455180</BSP>
    <MALT>15,000000</MALT>
    <XAUS>17,455180</XAUS>
    <XFRA>17,455180</XFRA>
  </Prezzi>
  <Prezzi>
    <Data>20160228</Data>
    <Mercato>MGP</Mercato>
    <Ora>7</Ora>
    <PUN>20,375620</PUN>
    <NAT>20,000000</NAT>
    <CNOR>20,400000</CNOR>
    <CSUD>20,400000</CSUD>
    <NORD>20,400000</NORD>
    <SARD>20,400000</SARD>
    <SICI>20,000000</SICI>
    <SUD>20,400000</SUD>
    <AUST>20,400000</AUST>
    <BRNN>20,400000</BRNN>
    <COAC>20,400000</COAC>
    <CORS>20,400000</CORS>
    <FOGN>20,400000</FOGN>
    <FRAN>20,400000</FRAN>
    <GREC>20,400000</GREC>
    <MFTV>20,400000</MFTV>
    <PRGP>20,000000</PRGP>
    <ROSN>20,400000</ROSN>
    <SLOV>20,400000</SLOV>
    <SVIZ>20,400000</SVIZ>
    <BSP>20,400000</BSP>
    <MALT>20,000000</MALT>
    <XAUS>20,400000</XAUS>
    <XFRA>20,400000</XFRA>
  </Prezzi>
  <Prezzi>
    <Data>20160228</Data>
    <Mercato>MGP</Mercato>
    <Ora>8</Ora>
    <PUN>20,270000</PUN>
    <NAT>20,270000</NAT>
    <CNOR>20,270000</CNOR>
    <CSUD>20,270000</CSUD>
    <NORD>20,270000</NORD>
    <SARD>20,270000</SARD>
    <SICI>20,270000</SICI>
    <SUD>20,270000</SUD>
    <AUST>20,270000</AUST>
    <BRNN>20,270000</BRNN>
    <COAC>20,270000</COAC>
    <CORS>20,270000</CORS>
    <FOGN>20,270000</FOGN>
    <FRAN>20,270000</FRAN>
    <GREC>20,270000</GREC>
    <MFTV>20,270000</MFTV>
    <PRGP>20,270000</PRGP>
    <ROSN>20,270000</ROSN>
    <SLOV>20,270000</SLOV>
    <SVIZ>20,270000</SVIZ>
    <BSP>20,270000</BSP>
    <MALT>20,270000</MALT>
    <XAUS>20,270000</XAUS>
    <XFRA>20,270000</XFRA>
  </Prezzi>
  <Prezzi>
    <Data>20160228</Data>
    <Mercato>MGP</Mercato>
    <Ora>9</Ora>
    <PUN>24,536280</PUN>
    <NAT>24,230000</NAT>
    <CNOR>24,650000</CNOR>
    <CSUD>24,650000</CSUD>
    <NORD>24,650000</NORD>
    <SARD>24,650000</SARD>
    <SICI>22,940000</SICI>
    <SUD>24,650000</SUD>
    <AUST>24,650000</AUST>
    <BRNN>24,650000</BRNN>
    <COAC>24,650000</COAC>
    <CORS>24,650000</CORS>
    <FOGN>24,650000</FOGN>
    <FRAN>24,650000</FRAN>
    <GREC>24,650000</GREC>
    <MFTV>24,650000</MFTV>
    <PRGP>22,940000</PRGP>
    <ROSN>24,650000</ROSN>
    <SLOV>24,650000</SLOV>
    <SVIZ>24,650000</SVIZ>
    <BSP>24,650000</BSP>
    <MALT>22,940000</MALT>
    <XAUS>24,650000</XAUS>
    <XFRA>24,650000</XFRA>
  </Prezzi>
  <Prezzi>
    <Data>20160228</Data>
    <Mercato>MGP</Mercato>
    <Ora>10</Ora>
    <PUN>27,073360</PUN>
    <NAT>27,000000</NAT>
    <CNOR>27,380000</CNOR>
    <CSUD>27,380000</CSUD>
    <NORD>27,380000</NORD>
    <SARD>27,380000</SARD>
    <SICI>22,940000</SICI>
    <SUD>27,380000</SUD>
    <AUST>27,380000</AUST>
    <BRNN>27,380000</BRNN>
    <COAC>27,380000</COAC>
    <CORS>27,380000</CORS>
    <FOGN>27,380000</FOGN>
    <FRAN>27,380000</FRAN>
    <GREC>27,380000</GREC>
    <MFTV>27,380000</MFTV>
    <PRGP>22,940000</PRGP>
    <ROSN>27,380000</ROSN>
    <SLOV>27,380000</SLOV>
    <SVIZ>27,380000</SVIZ>
    <BSP>27,380000</BSP>
    <MALT>22,940000</MALT>
    <XAUS>27,380000</XAUS>
    <XFRA>27,380000</XFRA>
  </Prezzi>
  <Prezzi>
    <Data>20160228</Data>
    <Mercato>MGP</Mercato>
    <Ora>11</Ora>
    <PUN>34,483990</PUN>
    <NAT>32,390000</NAT>
    <CNOR>36,000000</CNOR>
    <CSUD>36,000000</CSUD>
    <NORD>36,000000</NORD>
    <SARD>36,000000</SARD>
    <SICI>21,410000</SICI>
    <SUD>29,730000</SUD>
    <AUST>36,000000</AUST>
    <BRNN>29,730000</BRNN>
    <COAC>36,000000</COAC>
    <CORS>36,000000</CORS>
    <FOGN>29,730000</FOGN>
    <FRAN>36,000000</FRAN>
    <GREC>29,730000</GREC>
    <MFTV>36,000000</MFTV>
    <PRGP>21,410000</PRGP>
    <ROSN>29,460000</ROSN>
    <SLOV>36,000000</SLOV>
    <SVIZ>36,000000</SVIZ>
    <BSP>36,000000</BSP>
    <MALT>21,410000</MALT>
    <XAUS>36,000000</XAUS>
    <XFRA>36,000000</XFRA>
  </Prezzi>
  <Prezzi>
    <Data>20160228</Data>
    <Mercato>MGP</Mercato>
    <Ora>12</Ora>
    <PUN>35,235530</PUN>
    <NAT>32,380000</NAT>
    <CNOR>37,000000</CNOR>
    <CSUD>37,000000</CSUD>
    <NORD>37,000000</NORD>
    <SARD>37,000000</SARD>
    <SICI>20,000000</SICI>
    <SUD>29,450000</SUD>
    <AUST>37,000000</AUST>
    <BRNN>29,450000</BRNN>
    <COAC>37,000000</COAC>
    <CORS>37,000000</CORS>
    <FOGN>29,450000</FOGN>
    <FRAN>37,000000</FRAN>
    <GREC>29,450000</GREC>
    <MFTV>37,000000</MFTV>
    <PRGP>20,000000</PRGP>
    <ROSN>29,450000</ROSN>
    <SLOV>37,000000</SLOV>
    <SVIZ>37,000000</SVIZ>
    <BSP>37,000000</BSP>
    <MALT>20,000000</MALT>
    <XAUS>37,000000</XAUS>
    <XFRA>37,000000</XFRA>
  </Prezzi>
  <Prezzi>
    <Data>20160228</Data>
    <Mercato>MGP</Mercato>
    <Ora>13</Ora>
    <PUN>32,650560</PUN>
    <NAT>30,330000</NAT>
    <CNOR>34,380000</CNOR>
    <CSUD>34,380000</CSUD>
    <NORD>34,380000</NORD>
    <SARD>34,380000</SARD>
    <SICI>22,940000</SICI>
    <SUD>24,230000</SUD>
    <AUST>34,380000</AUST>
    <BRNN>24,230000</BRNN>
    <COAC>34,380000</COAC>
    <CORS>34,380000</CORS>
    <FOGN>24,230000</FOGN>
    <FRAN>34,380000</FRAN>
    <GREC>24,230000</GREC>
    <MFTV>34,380000</MFTV>
    <PRGP>22,940000</PRGP>
    <ROSN>24,230000</ROSN>
    <SLOV>34,380000</SLOV>
    <SVIZ>34,380000</SVIZ>
    <BSP>34,380000</BSP>
    <MALT>22,940000</MALT>
    <XAUS>34,380000</XAUS>
    <XFRA>34,380000</XFRA>
  </Prezzi>
  <Prezzi>
    <Data>20160228</Data>
    <Mercato>MGP</Mercato>
    <Ora>14</Ora>
    <PUN>29,037620</PUN>
    <NAT>28,890000</NAT>
    <CNOR>30,550000</CNOR>
    <CSUD>30,550000</CSUD>
    <NORD>30,550000</NORD>
    <SARD>30,550000</SARD>
    <SICI>20,000000</SICI>
    <SUD>21,640000</SUD>
    <AUST>30,550000</AUST>
    <BRNN>21,640000</BRNN>
    <COAC>30,550000</COAC>
    <CORS>30,550000</CORS>
    <FOGN>21,640000</FOGN>
    <FRAN>30,550000</FRAN>
    <GREC>21,640000</GREC>
    <MFTV>30,550000</MFTV>
    <PRGP>20,000000</PRGP>
    <ROSN>21,640000</ROSN>
    <SLOV>30,550000</SLOV>
    <SVIZ>30,550000</SVIZ>
    <BSP>30,550000</BSP>
    <MALT>20,000000</MALT>
    <XAUS>30,550000</XAUS>
    <XFRA>30,550000</XFRA>
  </Prezzi>
  <Prezzi>
    <Data>20160228</Data>
    <Mercato>MGP</Mercato>
    <Ora>15</Ora>
    <PUN>28,412010</PUN>
    <NAT>26,990000</NAT>
    <CNOR>30,400000</CNOR>
    <CSUD>28,320000</CSUD>
    <NORD>30,400000</NORD>
    <SARD>28,320000</SARD>
    <SICI>20,000000</SICI>
    <SUD>20,000000</SUD>
    <AUST>30,400000</AUST>
    <BRNN>20,000000</BRNN>
    <COAC>28,320000</COAC>
    <CORS>30,400000</CORS>
    <FOGN>20,000000</FOGN>
    <FRAN>30,400000</FRAN>
    <GREC>20,000000</GREC>
    <MFTV>30,400000</MFTV>
    <PRGP>20,000000</PRGP>
    <ROSN>20,000000</ROSN>
    <SLOV>30,400000</SLOV>
    <SVIZ>30,400000</SVIZ>
    <BSP>30,400000</BSP>
    <MALT>20,000000</MALT>
    <XAUS>30,400000</XAUS>
    <XFRA>30,400000</XFRA>
  </Prezzi>
  <Prezzi>
    <Data>20160228</Data>
    <Mercato>MGP</Mercato>
    <Ora>16</Ora>
    <PUN>29,597600</PUN>
    <NAT>28,890000</NAT>
    <CNOR>30,860000</CNOR>
    <CSUD>28,320000</CSUD>
    <NORD>30,860000</NORD>
    <SARD>28,320000</SARD>
    <SICI>22,710000</SICI>
    <SUD>27,710000</SUD>
    <AUST>30,860000</AUST>
    <BRNN>27,710000</BRNN>
    <COAC>28,320000</COAC>
    <CORS>30,860000</CORS>
    <FOGN>27,710000</FOGN>
    <FRAN>30,860000</FRAN>
    <GREC>27,710000</GREC>
    <MFTV>30,860000</MFTV>
    <PRGP>22,710000</PRGP>
    <ROSN>27,710000</ROSN>
    <SLOV>30,860000</SLOV>
    <SVIZ>30,860000</SVIZ>
    <BSP>30,860000</BSP>
    <MALT>22,710000</MALT>
    <XAUS>30,860000</XAUS>
    <XFRA>30,860000</XFRA>
  </Prezzi>
  <Prezzi>
    <Data>20160228</Data>
    <Mercato>MGP</Mercato>
    <Ora>17</Ora>
    <PUN>29,959350</PUN>
    <NAT>30,000000</NAT>
    <CNOR>30,000000</CNOR>
    <CSUD>30,000000</CSUD>
    <NORD>30,000000</NORD>
    <SARD>30,000000</SARD>
    <SICI>29,330000</SICI>
    <SUD>30,000000</SUD>
    <AUST>30,000000</AUST>
    <BRNN>30,000000</BRNN>
    <COAC>30,000000</COAC>
    <CORS>30,000000</CORS>
    <FOGN>30,000000</FOGN>
    <FRAN>30,000000</FRAN>
    <GREC>30,000000</GREC>
    <MFTV>30,000000</MFTV>
    <PRGP>29,330000</PRGP>
    <ROSN>30,000000</ROSN>
    <SLOV>30,000000</SLOV>
    <SVIZ>30,000000</SVIZ>
    <BSP>30,000000</BSP>
    <MALT>29,330000</MALT>
    <XAUS>30,000000</XAUS>
    <XFRA>30,000000</XFRA>
  </Prezzi>
  <Prezzi>
    <Data>20160228</Data>
    <Mercato>MGP</Mercato>
    <Ora>18</Ora>
    <PUN>32,351300</PUN>
    <NAT>32,200000</NAT>
    <CNOR>32,000000</CNOR>
    <CSUD>32,000000</CSUD>
    <NORD>32,000000</NORD>
    <SARD>32,000000</SARD>
    <SICI>37,740000</SICI>
    <SUD>32,000000</SUD>
    <AUST>32,000000</AUST>
    <BRNN>32,000000</BRNN>
    <COAC>32,000000</COAC>
    <CORS>32,000000</CORS>
    <FOGN>32,000000</FOGN>
    <FRAN>32,000000</FRAN>
    <GREC>32,000000</GREC>
    <MFTV>32,000000</MFTV>
    <PRGP>37,740000</PRGP>
    <ROSN>32,000000</ROSN>
    <SLOV>32,000000</SLOV>
    <SVIZ>32,000000</SVIZ>
    <BSP>32,000000</BSP>
    <MALT>37,740000</MALT>
    <XAUS>32,000000</XAUS>
    <XFRA>32,000000</XFRA>
  </Prezzi>
  <Prezzi>
    <Data>20160228</Data>
    <Mercato>MGP</Mercato>
    <Ora>19</Ora>
    <PUN>37,535190</PUN>
    <NAT>36,900000</NAT>
    <CNOR>36,680000</CNOR>
    <CSUD>36,680000</CSUD>
    <NORD>36,680000</NORD>
    <SARD>36,680000</SARD>
    <SICI>49,950000</SICI>
    <SUD>36,680000</SUD>
    <AUST>36,680000</AUST>
    <BRNN>36,680000</BRNN>
    <COAC>36,680000</COAC>
    <CORS>36,680000</CORS>
    <FOGN>36,680000</FOGN>
    <FRAN>36,680000</FRAN>
    <GREC>36,680000</GREC>
    <MFTV>36,680000</MFTV>
    <PRGP>49,950000</PRGP>
    <ROSN>36,680000</ROSN>
    <SLOV>36,680000</SLOV>
    <SVIZ>36,680000</SVIZ>
    <BSP>36,680000</BSP>
    <MALT>49,950000</MALT>
    <XAUS>36,680000</XAUS>
    <XFRA>36,680000</XFRA>
  </Prezzi>
  <Prezzi>
    <Data>20160228</Data>
    <Mercato>MGP</Mercato>
    <Ora>20</Ora>
    <PUN>38,306800</PUN>
    <NAT>38,330000</NAT>
    <CNOR>37,500000</CNOR>
    <CSUD>37,500000</CSUD>
    <NORD>37,500000</NORD>
    <SARD>37,500000</SARD>
    <SICI>49,950000</SICI>
    <SUD>37,500000</SUD>
    <AUST>37,500000</AUST>
    <BRNN>37,500000</BRNN>
    <COAC>37,500000</COAC>
    <CORS>37,500000</CORS>
    <FOGN>37,500000</FOGN>
    <FRAN>37,500000</FRAN>
    <GREC>37,500000</GREC>
    <MFTV>37,500000</MFTV>
    <PRGP>49,950000</PRGP>
    <ROSN>37,500000</ROSN>
    <SLOV>37,500000</SLOV>
    <SVIZ>37,500000</SVIZ>
    <BSP>37,500000</BSP>
    <MALT>49,950000</MALT>
    <XAUS>37,500000</XAUS>
    <XFRA>37,500000</XFRA>
  </Prezzi>
  <Prezzi>
    <Data>20160228</Data>
    <Mercato>MGP</Mercato>
    <Ora>21</Ora>
    <PUN>37,563310</PUN>
    <NAT>36,900000</NAT>
    <CNOR>36,680000</CNOR>
    <CSUD>36,680000</CSUD>
    <NORD>36,680000</NORD>
    <SARD>36,680000</SARD>
    <SICI>49,950000</SICI>
    <SUD>36,680000</SUD>
    <AUST>36,680000</AUST>
    <BRNN>36,680000</BRNN>
    <COAC>36,680000</COAC>
    <CORS>36,680000</CORS>
    <FOGN>36,680000</FOGN>
    <FRAN>36,680000</FRAN>
    <GREC>36,680000</GREC>
    <MFTV>36,680000</MFTV>
    <PRGP>49,950000</PRGP>
    <ROSN>36,680000</ROSN>
    <SLOV>36,680000</SLOV>
    <SVIZ>36,680000</SVIZ>
    <BSP>36,680000</BSP>
    <MALT>49,950000</MALT>
    <XAUS>36,680000</XAUS>
    <XFRA>36,680000</XFRA>
  </Prezzi>
  <Prezzi>
    <Data>20160228</Data>
    <Mercato>MGP</Mercato>
    <Ora>22</Ora>
    <PUN>35,807280</PUN>
    <NAT>35,330000</NAT>
    <CNOR>34,830000</CNOR>
    <CSUD>34,830000</CSUD>
    <NORD>34,830000</NORD>
    <SARD>34,830000</SARD>
    <SICI>49,950000</SICI>
    <SUD>34,830000</SUD>
    <AUST>34,830000</AUST>
    <BRNN>34,830000</BRNN>
    <COAC>34,830000</COAC>
    <CORS>34,830000</CORS>
    <FOGN>34,830000</FOGN>
    <FRAN>34,830000</FRAN>
    <GREC>34,830000</GREC>
    <MFTV>34,830000</MFTV>
    <PRGP>49,950000</PRGP>
    <ROSN>34,830000</ROSN>
    <SLOV>34,830000</SLOV>
    <SVIZ>34,830000</SVIZ>
    <BSP>34,830000</BSP>
    <MALT>49,950000</MALT>
    <XAUS>34,830000</XAUS>
    <XFRA>34,830000</XFRA>
  </Prezzi>
  <Prezzi>
    <Data>20160228</Data>
    <Mercato>MGP</Mercato>
    <Ora>23</Ora>
    <PUN>31,559450</PUN>
    <NAT>30,910000</NAT>
    <CNOR>30,400000</CNOR>
    <CSUD>30,400000</CSUD>
    <NORD>30,400000</NORD>
    <SARD>30,400000</SARD>
    <SICI>48,570000</SICI>
    <SUD>30,400000</SUD>
    <AUST>30,400000</AUST>
    <BRNN>30,400000</BRNN>
    <COAC>30,400000</COAC>
    <CORS>30,400000</CORS>
    <FOGN>30,400000</FOGN>
    <FRAN>30,400000</FRAN>
    <GREC>30,400000</GREC>
    <MFTV>30,400000</MFTV>
    <PRGP>48,570000</PRGP>
    <ROSN>30,400000</ROSN>
    <SLOV>30,400000</SLOV>
    <SVIZ>30,400000</SVIZ>
    <BSP>30,400000</BSP>
    <MALT>48,570000</MALT>
    <XAUS>30,400000</XAUS>
    <XFRA>30,400000</XFRA>
  </Prezzi>
  <Prezzi>
    <Data>20160228</Data>
    <Mercato>MGP</Mercato>
    <Ora>24</Ora>
    <PUN>25,000000</PUN>
    <NAT>25,000000</NAT>
    <CNOR>25,000000</CNOR>
    <CSUD>25,000000</CSUD>
    <NORD>25,000000</NORD>
    <SARD>25,000000</SARD>
    <SICI>25,000000</SICI>
    <SUD>25,000000</SUD>
    <AUST>25,000000</AUST>
    <BRNN>25,000000</BRNN>
    <COAC>25,000000</COAC>
    <CORS>25,000000</CORS>
    <FOGN>25,000000</FOGN>
    <FRAN>25,000000</FRAN>
    <GREC>25,000000</GREC>
    <MFTV>25,000000</MFTV>
    <PRGP>25,000000</PRGP>
    <ROSN>25,000000</ROSN>
    <SLOV>25,000000</SLOV>
    <SVIZ>25,000000</SVIZ>
    <BSP>25,000000</BSP>
    <MALT>25,000000</MALT>
    <XAUS>25,000000</XAUS>
    <XFRA>25,000000</XFRA>
  </Prezzi>
</NewDataSet>