<?xml version="1.0" standalone="yes"?>
<NewDataSet>
  <xs:schema id="NewDataSet" xmlns="" xmlns:xs="http://www.w3.org/2001/XMLSchema" xmlns:msdata="urn:schemas-microsoft-com:xml-msdata">
    <xs:element name="NewDataSet" msdata:IsDataSet="true" msdata:UseCurrentLocale="true">
      <xs:complexType>
        <xs:choice minOccurs="0" maxOccurs="unbounded">
          <xs:element name="Prezzi">
            <xs:complexType>
              <xs:sequence>
                <xs:element name="Data" type="xs:string" minOccurs="0" />
                <xs:element name="Mercato" type="xs:string" minOccurs="0" />
                <xs:element name="Ora" type="xs:string" minOccurs="0" />
                <xs:element name="PUN" type="xs:string" minOccurs="0" />
                <xs:element name="NAT" type="xs:string" minOccurs="0" />
                <xs:element name="CNOR" type="xs:string" minOccurs="0" />
                <xs:element name="CSUD" type="xs:string" minOccurs="0" />
                <xs:element name="NORD" type="xs:string" minOccurs="0" />
                <xs:element name="SARD" type="xs:string" minOccurs="0" />
                <xs:element name="SICI" type="xs:string" minOccurs="0" />
                <xs:element name="SUD" type="xs:string" minOccurs="0" />
                <xs:element name="AUST" type="xs:string" minOccurs="0" />
                <xs:element name="BRNN" type="xs:string" minOccurs="0" />
                <xs:element name="COAC" type="xs:string" minOccurs="0" />
                <xs:element name="CORS" type="xs:string" minOccurs="0" />
                <xs:element name="FOGN" type="xs:string" minOccurs="0" />
                <xs:element name="FRAN" type="xs:string" minOccurs="0" />
                <xs:element name="GREC" type="xs:string" minOccurs="0" />
                <xs:element name="MFTV" type="xs:string" minOccurs="0" />
                <xs:element name="PRGP" type="xs:string" minOccurs="0" />
                <xs:element name="ROSN" type="xs:string" minOccurs="0" />
                <xs:element name="SLOV" type="xs:string" minOccurs="0" />
                <xs:element name="SVIZ" type="xs:string" minOccurs="0" />
                <xs:element name="BSP" type="xs:string" minOccurs="0" />
                <xs:element name="MALT" type="xs:string" minOccurs="0" />
                <xs:element name="XAUS" type="xs:string" minOccurs="0" />
                <xs:element name="XFRA" type="xs:string" minOccurs="0" />
              </xs:sequence>
            </xs:complexType>
          </xs:element>
        </xs:choice>
      </xs:complexType>
    </xs:element>
  </xs:schema>
  <Prezzi>
    <Data>20160219</Data>
    <Mercato>MGP</Mercato>
    <Ora>1</Ora>
    <PUN>31,880000</PUN>
    <NAT>31,880000</NAT>
    <CNOR>31,880000</CNOR>
    <CSUD>31,880000</CSUD>
    <NORD>31,880000</NORD>
    <SARD>31,880000</SARD>
    <SICI>31,880000</SICI>
    <SUD>31,880000</SUD>
    <AUST>31,880000</AUST>
    <BRNN>31,880000</BRNN>
    <COAC>31,880000</COAC>
    <CORS>31,880000</CORS>
    <FOGN>31,880000</FOGN>
    <FRAN>31,880000</FRAN>
    <GREC>31,880000</GREC>
    <MFTV>31,880000</MFTV>
    <PRGP>31,880000</PRGP>
    <ROSN>31,880000</ROSN>
    <SLOV>31,880000</SLOV>
    <SVIZ>31,880000</SVIZ>
    <BSP>31,880000</BSP>
    <MALT>31,880000</MALT>
    <XAUS>31,880000</XAUS>
    <XFRA>31,880000</XFRA>
  </Prezzi>
  <Prezzi>
    <Data>20160219</Data>
    <Mercato>MGP</Mercato>
    <Ora>2</Ora>
    <PUN>29,600000</PUN>
    <NAT>29,600000</NAT>
    <CNOR>29,600000</CNOR>
    <CSUD>29,600000</CSUD>
    <NORD>29,600000</NORD>
    <SARD>29,600000</SARD>
    <SICI>29,600000</SICI>
    <SUD>29,600000</SUD>
    <AUST>29,600000</AUST>
    <BRNN>29,600000</BRNN>
    <COAC>29,600000</COAC>
    <CORS>29,600000</CORS>
    <FOGN>29,600000</FOGN>
    <FRAN>29,600000</FRAN>
    <GREC>29,600000</GREC>
    <MFTV>29,600000</MFTV>
    <PRGP>29,600000</PRGP>
    <ROSN>29,600000</ROSN>
    <SLOV>29,600000</SLOV>
    <SVIZ>29,600000</SVIZ>
    <BSP>29,600000</BSP>
    <MALT>29,600000</MALT>
    <XAUS>29,600000</XAUS>
    <XFRA>29,600000</XFRA>
  </Prezzi>
  <Prezzi>
    <Data>20160219</Data>
    <Mercato>MGP</Mercato>
    <Ora>3</Ora>
    <PUN>27,880000</PUN>
    <NAT>27,880000</NAT>
    <CNOR>27,880000</CNOR>
    <CSUD>27,880000</CSUD>
    <NORD>27,880000</NORD>
    <SARD>27,880000</SARD>
    <SICI>27,880000</SICI>
    <SUD>27,880000</SUD>
    <AUST>27,880000</AUST>
    <BRNN>27,880000</BRNN>
    <COAC>27,880000</COAC>
    <CORS>27,880000</CORS>
    <FOGN>27,880000</FOGN>
    <FRAN>27,880000</FRAN>
    <GREC>27,880000</GREC>
    <MFTV>27,880000</MFTV>
    <PRGP>27,880000</PRGP>
    <ROSN>27,880000</ROSN>
    <SLOV>27,880000</SLOV>
    <SVIZ>27,880000</SVIZ>
    <BSP>27,880000</BSP>
    <MALT>27,880000</MALT>
    <XAUS>27,880000</XAUS>
    <XFRA>27,880000</XFRA>
  </Prezzi>
  <Prezzi>
    <Data>20160219</Data>
    <Mercato>MGP</Mercato>
    <Ora>4</Ora>
    <PUN>26,290000</PUN>
    <NAT>26,290000</NAT>
    <CNOR>26,290000</CNOR>
    <CSUD>26,290000</CSUD>
    <NORD>26,290000</NORD>
    <SARD>26,290000</SARD>
    <SICI>26,290000</SICI>
    <SUD>26,290000</SUD>
    <AUST>26,290000</AUST>
    <BRNN>26,290000</BRNN>
    <COAC>26,290000</COAC>
    <CORS>26,290000</CORS>
    <FOGN>26,290000</FOGN>
    <FRAN>26,290000</FRAN>
    <GREC>26,290000</GREC>
    <MFTV>26,290000</MFTV>
    <PRGP>26,290000</PRGP>
    <ROSN>26,290000</ROSN>
    <SLOV>26,290000</SLOV>
    <SVIZ>26,290000</SVIZ>
    <BSP>26,290000</BSP>
    <MALT>26,290000</MALT>
    <XAUS>26,290000</XAUS>
    <XFRA>26,290000</XFRA>
  </Prezzi>
  <Prezzi>
    <Data>20160219</Data>
    <Mercato>MGP</Mercato>
    <Ora>5</Ora>
    <PUN>26,920000</PUN>
    <NAT>26,920000</NAT>
    <CNOR>26,920000</CNOR>
    <CSUD>26,920000</CSUD>
    <NORD>26,920000</NORD>
    <SARD>26,920000</SARD>
    <SICI>26,920000</SICI>
    <SUD>26,920000</SUD>
    <AUST>26,920000</AUST>
    <BRNN>26,920000</BRNN>
    <COAC>26,920000</COAC>
    <CORS>26,920000</CORS>
    <FOGN>26,920000</FOGN>
    <FRAN>26,920000</FRAN>
    <GREC>26,920000</GREC>
    <MFTV>26,920000</MFTV>
    <PRGP>26,920000</PRGP>
    <ROSN>26,920000</ROSN>
    <SLOV>26,920000</SLOV>
    <SVIZ>26,920000</SVIZ>
    <BSP>26,920000</BSP>
    <MALT>26,920000</MALT>
    <XAUS>26,920000</XAUS>
    <XFRA>26,920000</XFRA>
  </Prezzi>
  <Prezzi>
    <Data>20160219</Data>
    <Mercato>MGP</Mercato>
    <Ora>6</Ora>
    <PUN>29,130000</PUN>
    <NAT>29,130000</NAT>
    <CNOR>29,130000</CNOR>
    <CSUD>29,130000</CSUD>
    <NORD>29,130000</NORD>
    <SARD>29,130000</SARD>
    <SICI>29,130000</SICI>
    <SUD>29,130000</SUD>
    <AUST>29,130000</AUST>
    <BRNN>29,130000</BRNN>
    <COAC>29,130000</COAC>
    <CORS>29,130000</CORS>
    <FOGN>29,130000</FOGN>
    <FRAN>29,130000</FRAN>
    <GREC>29,130000</GREC>
    <MFTV>29,130000</MFTV>
    <PRGP>29,130000</PRGP>
    <ROSN>29,130000</ROSN>
    <SLOV>29,130000</SLOV>
    <SVIZ>29,130000</SVIZ>
    <BSP>29,130000</BSP>
    <MALT>29,130000</MALT>
    <XAUS>29,130000</XAUS>
    <XFRA>29,130000</XFRA>
  </Prezzi>
  <Prezzi>
    <Data>20160219</Data>
    <Mercato>MGP</Mercato>
    <Ora>7</Ora>
    <PUN>36,961070</PUN>
    <NAT>35,930000</NAT>
    <CNOR>34,930000</CNOR>
    <CSUD>34,930000</CSUD>
    <NORD>38,340000</NORD>
    <SARD>34,930000</SARD>
    <SICI>35,000000</SICI>
    <SUD>34,930000</SUD>
    <AUST>38,340000</AUST>
    <BRNN>34,930000</BRNN>
    <COAC>34,930000</COAC>
    <CORS>34,930000</CORS>
    <FOGN>34,930000</FOGN>
    <FRAN>38,340000</FRAN>
    <GREC>34,930000</GREC>
    <MFTV>38,340000</MFTV>
    <PRGP>35,000000</PRGP>
    <ROSN>34,930000</ROSN>
    <SLOV>38,340000</SLOV>
    <SVIZ>38,340000</SVIZ>
    <BSP>38,340000</BSP>
    <MALT>35,000000</MALT>
    <XAUS>38,340000</XAUS>
    <XFRA>38,340000</XFRA>
  </Prezzi>
  <Prezzi>
    <Data>20160219</Data>
    <Mercato>MGP</Mercato>
    <Ora>8</Ora>
    <PUN>40,255410</PUN>
    <NAT>40,000000</NAT>
    <CNOR>34,000000</CNOR>
    <CSUD>34,000000</CSUD>
    <NORD>42,991190</NORD>
    <SARD>34,000000</SARD>
    <SICI>49,310000</SICI>
    <SUD>34,000000</SUD>
    <AUST>42,991190</AUST>
    <BRNN>34,000000</BRNN>
    <COAC>34,000000</COAC>
    <CORS>34,000000</CORS>
    <FOGN>34,000000</FOGN>
    <FRAN>42,991190</FRAN>
    <GREC>34,000000</GREC>
    <MFTV>42,991190</MFTV>
    <PRGP>49,310000</PRGP>
    <ROSN>34,000000</ROSN>
    <SLOV>42,991190</SLOV>
    <SVIZ>42,991190</SVIZ>
    <BSP>42,991190</BSP>
    <MALT>49,310000</MALT>
    <XAUS>42,991190</XAUS>
    <XFRA>42,991190</XFRA>
  </Prezzi>
  <Prezzi>
    <Data>20160219</Data>
    <Mercato>MGP</Mercato>
    <Ora>9</Ora>
    <PUN>42,809740</PUN>
    <NAT>43,000000</NAT>
    <CNOR>37,920000</CNOR>
    <CSUD>37,920000</CSUD>
    <NORD>45,250000</NORD>
    <SARD>37,920000</SARD>
    <SICI>47,180000</SICI>
    <SUD>37,920000</SUD>
    <AUST>45,250000</AUST>
    <BRNN>37,920000</BRNN>
    <COAC>37,920000</COAC>
    <CORS>37,920000</CORS>
    <FOGN>37,920000</FOGN>
    <FRAN>45,250000</FRAN>
    <GREC>37,920000</GREC>
    <MFTV>45,250000</MFTV>
    <PRGP>47,180000</PRGP>
    <ROSN>37,920000</ROSN>
    <SLOV>45,250000</SLOV>
    <SVIZ>45,250000</SVIZ>
    <BSP>45,250000</BSP>
    <MALT>47,180000</MALT>
    <XAUS>45,250000</XAUS>
    <XFRA>45,250000</XFRA>
  </Prezzi>
  <Prezzi>
    <Data>20160219</Data>
    <Mercato>MGP</Mercato>
    <Ora>10</Ora>
    <PUN>41,568770</PUN>
    <NAT>40,030000</NAT>
    <CNOR>33,710000</CNOR>
    <CSUD>33,710000</CSUD>
    <NORD>45,500000</NORD>
    <SARD>33,710000</SARD>
    <SICI>47,180000</SICI>
    <SUD>33,710000</SUD>
    <AUST>45,500000</AUST>
    <BRNN>33,710000</BRNN>
    <COAC>33,710000</COAC>
    <CORS>33,710000</CORS>
    <FOGN>33,710000</FOGN>
    <FRAN>45,500000</FRAN>
    <GREC>33,710000</GREC>
    <MFTV>45,500000</MFTV>
    <PRGP>47,180000</PRGP>
    <ROSN>33,710000</ROSN>
    <SLOV>45,500000</SLOV>
    <SVIZ>45,500000</SVIZ>
    <BSP>45,500000</BSP>
    <MALT>47,180000</MALT>
    <XAUS>45,500000</XAUS>
    <XFRA>45,500000</XFRA>
  </Prezzi>
  <Prezzi>
    <Data>20160219</Data>
    <Mercato>MGP</Mercato>
    <Ora>11</Ora>
    <PUN>39,324110</PUN>
    <NAT>39,150000</NAT>
    <CNOR>31,880000</CNOR>
    <CSUD>31,880000</CSUD>
    <NORD>43,971290</NORD>
    <SARD>31,880000</SARD>
    <SICI>32,520000</SICI>
    <SUD>31,880000</SUD>
    <AUST>43,971290</AUST>
    <BRNN>31,880000</BRNN>
    <COAC>31,880000</COAC>
    <CORS>31,880000</CORS>
    <FOGN>31,880000</FOGN>
    <FRAN>43,971290</FRAN>
    <GREC>31,880000</GREC>
    <MFTV>43,971290</MFTV>
    <PRGP>32,520000</PRGP>
    <ROSN>31,880000</ROSN>
    <SLOV>43,971290</SLOV>
    <SVIZ>43,971290</SVIZ>
    <BSP>43,971290</BSP>
    <MALT>32,520000</MALT>
    <XAUS>43,971290</XAUS>
    <XFRA>43,971290</XFRA>
  </Prezzi>
  <Prezzi>
    <Data>20160219</Data>
    <Mercato>MGP</Mercato>
    <Ora>12</Ora>
    <PUN>37,640000</PUN>
    <NAT>37,070000</NAT>
    <CNOR>31,580000</CNOR>
    <CSUD>31,580000</CSUD>
    <NORD>41,669380</NORD>
    <SARD>31,580000</SARD>
    <SICI>31,580000</SICI>
    <SUD>31,580000</SUD>
    <AUST>41,669380</AUST>
    <BRNN>31,580000</BRNN>
    <COAC>31,580000</COAC>
    <CORS>31,580000</CORS>
    <FOGN>31,580000</FOGN>
    <FRAN>41,669380</FRAN>
    <GREC>31,580000</GREC>
    <MFTV>41,669380</MFTV>
    <PRGP>31,580000</PRGP>
    <ROSN>31,580000</ROSN>
    <SLOV>41,669380</SLOV>
    <SVIZ>41,669380</SVIZ>
    <BSP>41,669380</BSP>
    <MALT>31,580000</MALT>
    <XAUS>41,669380</XAUS>
    <XFRA>41,669380</XFRA>
  </Prezzi>
  <Prezzi>
    <Data>20160219</Data>
    <Mercato>MGP</Mercato>
    <Ora>13</Ora>
    <PUN>34,183740</PUN>
    <NAT>33,760000</NAT>
    <CNOR>29,150000</CNOR>
    <CSUD>29,150000</CSUD>
    <NORD>37,735530</NORD>
    <SARD>29,150000</SARD>
    <SICI>29,150000</SICI>
    <SUD>29,150000</SUD>
    <AUST>37,735530</AUST>
    <BRNN>29,150000</BRNN>
    <COAC>29,150000</COAC>
    <CORS>29,150000</CORS>
    <FOGN>29,150000</FOGN>
    <FRAN>37,735530</FRAN>
    <GREC>29,150000</GREC>
    <MFTV>37,735530</MFTV>
    <PRGP>29,150000</PRGP>
    <ROSN>29,150000</ROSN>
    <SLOV>37,735530</SLOV>
    <SVIZ>37,735530</SVIZ>
    <BSP>37,735530</BSP>
    <MALT>29,150000</MALT>
    <XAUS>37,735530</XAUS>
    <XFRA>37,735530</XFRA>
  </Prezzi>
  <Prezzi>
    <Data>20160219</Data>
    <Mercato>MGP</Mercato>
    <Ora>14</Ora>
    <PUN>32,078240</PUN>
    <NAT>33,530000</NAT>
    <CNOR>25,000000</CNOR>
    <CSUD>25,000000</CSUD>
    <NORD>36,350000</NORD>
    <SARD>25,000000</SARD>
    <SICI>30,890000</SICI>
    <SUD>25,000000</SUD>
    <AUST>36,350000</AUST>
    <BRNN>25,000000</BRNN>
    <COAC>25,000000</COAC>
    <CORS>25,000000</CORS>
    <FOGN>25,000000</FOGN>
    <FRAN>36,350000</FRAN>
    <GREC>25,000000</GREC>
    <MFTV>36,350000</MFTV>
    <PRGP>30,890000</PRGP>
    <ROSN>25,000000</ROSN>
    <SLOV>36,350000</SLOV>
    <SVIZ>36,350000</SVIZ>
    <BSP>36,350000</BSP>
    <MALT>30,890000</MALT>
    <XAUS>36,350000</XAUS>
    <XFRA>36,350000</XFRA>
  </Prezzi>
  <Prezzi>
    <Data>20160219</Data>
    <Mercato>MGP</Mercato>
    <Ora>15</Ora>
    <PUN>35,510090</PUN>
    <NAT>34,710000</NAT>
    <CNOR>29,150000</CNOR>
    <CSUD>29,150000</CSUD>
    <NORD>39,150000</NORD>
    <SARD>29,150000</SARD>
    <SICI>34,280000</SICI>
    <SUD>29,150000</SUD>
    <AUST>39,150000</AUST>
    <BRNN>29,150000</BRNN>
    <COAC>29,150000</COAC>
    <CORS>29,150000</CORS>
    <FOGN>29,150000</FOGN>
    <FRAN>39,150000</FRAN>
    <GREC>29,150000</GREC>
    <MFTV>39,150000</MFTV>
    <PRGP>34,280000</PRGP>
    <ROSN>29,150000</ROSN>
    <SLOV>39,150000</SLOV>
    <SVIZ>39,150000</SVIZ>
    <BSP>39,150000</BSP>
    <MALT>34,280000</MALT>
    <XAUS>39,150000</XAUS>
    <XFRA>39,150000</XFRA>
  </Prezzi>
  <Prezzi>
    <Data>20160219</Data>
    <Mercato>MGP</Mercato>
    <Ora>16</Ora>
    <PUN>36,924490</PUN>
    <NAT>37,140000</NAT>
    <CNOR>30,410000</CNOR>
    <CSUD>30,410000</CSUD>
    <NORD>40,000000</NORD>
    <SARD>30,410000</SARD>
    <SICI>45,640000</SICI>
    <SUD>30,410000</SUD>
    <AUST>40,000000</AUST>
    <BRNN>30,410000</BRNN>
    <COAC>30,410000</COAC>
    <CORS>30,410000</CORS>
    <FOGN>30,410000</FOGN>
    <FRAN>40,000000</FRAN>
    <GREC>30,410000</GREC>
    <MFTV>40,000000</MFTV>
    <PRGP>45,640000</PRGP>
    <ROSN>30,410000</ROSN>
    <SLOV>40,000000</SLOV>
    <SVIZ>40,000000</SVIZ>
    <BSP>40,000000</BSP>
    <MALT>45,640000</MALT>
    <XAUS>40,000000</XAUS>
    <XFRA>40,000000</XFRA>
  </Prezzi>
  <Prezzi>
    <Data>20160219</Data>
    <Mercato>MGP</Mercato>
    <Ora>17</Ora>
    <PUN>39,292710</PUN>
    <NAT>39,030000</NAT>
    <CNOR>36,650000</CNOR>
    <CSUD>36,650000</CSUD>
    <NORD>40,000000</NORD>
    <SARD>36,650000</SARD>
    <SICI>49,310000</SICI>
    <SUD>36,650000</SUD>
    <AUST>40,000000</AUST>
    <BRNN>36,650000</BRNN>
    <COAC>36,650000</COAC>
    <CORS>36,650000</CORS>
    <FOGN>36,650000</FOGN>
    <FRAN>40,000000</FRAN>
    <GREC>36,650000</GREC>
    <MFTV>40,000000</MFTV>
    <PRGP>49,310000</PRGP>
    <ROSN>36,650000</ROSN>
    <SLOV>40,000000</SLOV>
    <SVIZ>40,000000</SVIZ>
    <BSP>40,000000</BSP>
    <MALT>49,310000</MALT>
    <XAUS>40,000000</XAUS>
    <XFRA>40,000000</XFRA>
  </Prezzi>
  <Prezzi>
    <Data>20160219</Data>
    <Mercato>MGP</Mercato>
    <Ora>18</Ora>
    <PUN>42,980600</PUN>
    <NAT>43,000000</NAT>
    <CNOR>42,360000</CNOR>
    <CSUD>42,360000</CSUD>
    <NORD>42,360000</NORD>
    <SARD>42,360000</SARD>
    <SICI>54,460000</SICI>
    <SUD>42,360000</SUD>
    <AUST>42,360000</AUST>
    <BRNN>42,360000</BRNN>
    <COAC>42,360000</COAC>
    <CORS>42,360000</CORS>
    <FOGN>42,360000</FOGN>
    <FRAN>42,360000</FRAN>
    <GREC>42,360000</GREC>
    <MFTV>42,360000</MFTV>
    <PRGP>54,460000</PRGP>
    <ROSN>42,360000</ROSN>
    <SLOV>42,360000</SLOV>
    <SVIZ>42,360000</SVIZ>
    <BSP>42,360000</BSP>
    <MALT>54,460000</MALT>
    <XAUS>42,360000</XAUS>
    <XFRA>42,360000</XFRA>
  </Prezzi>
  <Prezzi>
    <Data>20160219</Data>
    <Mercato>MGP</Mercato>
    <Ora>19</Ora>
    <PUN>46,282980</PUN>
    <NAT>47,450000</NAT>
    <CNOR>45,730000</CNOR>
    <CSUD>45,730000</CSUD>
    <NORD>45,730000</NORD>
    <SARD>45,730000</SARD>
    <SICI>55,110000</SICI>
    <SUD>45,730000</SUD>
    <AUST>45,730000</AUST>
    <BRNN>45,730000</BRNN>
    <COAC>45,730000</COAC>
    <CORS>45,730000</CORS>
    <FOGN>45,730000</FOGN>
    <FRAN>45,730000</FRAN>
    <GREC>45,730000</GREC>
    <MFTV>45,730000</MFTV>
    <PRGP>55,110000</PRGP>
    <ROSN>45,730000</ROSN>
    <SLOV>45,730000</SLOV>
    <SVIZ>45,730000</SVIZ>
    <BSP>45,730000</BSP>
    <MALT>55,110000</MALT>
    <XAUS>45,730000</XAUS>
    <XFRA>45,730000</XFRA>
  </Prezzi>
  <Prezzi>
    <Data>20160219</Data>
    <Mercato>MGP</Mercato>
    <Ora>20</Ora>
    <PUN>45,037810</PUN>
    <NAT>45,990000</NAT>
    <CNOR>44,400000</CNOR>
    <CSUD>44,400000</CSUD>
    <NORD>44,400000</NORD>
    <SARD>44,400000</SARD>
    <SICI>55,110000</SICI>
    <SUD>44,400000</SUD>
    <AUST>44,400000</AUST>
    <BRNN>44,400000</BRNN>
    <COAC>44,400000</COAC>
    <CORS>44,400000</CORS>
    <FOGN>44,400000</FOGN>
    <FRAN>44,400000</FRAN>
    <GREC>44,400000</GREC>
    <MFTV>44,400000</MFTV>
    <PRGP>55,110000</PRGP>
    <ROSN>44,400000</ROSN>
    <SLOV>44,400000</SLOV>
    <SVIZ>44,400000</SVIZ>
    <BSP>44,400000</BSP>
    <MALT>55,110000</MALT>
    <XAUS>44,400000</XAUS>
    <XFRA>44,400000</XFRA>
  </Prezzi>
  <Prezzi>
    <Data>20160219</Data>
    <Mercato>MGP</Mercato>
    <Ora>21</Ora>
    <PUN>40,988450</PUN>
    <NAT>41,150000</NAT>
    <CNOR>40,000000</CNOR>
    <CSUD>40,000000</CSUD>
    <NORD>40,000000</NORD>
    <SARD>40,000000</SARD>
    <SICI>55,110000</SICI>
    <SUD>40,000000</SUD>
    <AUST>40,000000</AUST>
    <BRNN>40,000000</BRNN>
    <COAC>40,000000</COAC>
    <CORS>40,000000</CORS>
    <FOGN>40,000000</FOGN>
    <FRAN>40,000000</FRAN>
    <GREC>40,000000</GREC>
    <MFTV>40,000000</MFTV>
    <PRGP>55,110000</PRGP>
    <ROSN>40,000000</ROSN>
    <SLOV>40,000000</SLOV>
    <SVIZ>40,000000</SVIZ>
    <BSP>40,000000</BSP>
    <MALT>55,110000</MALT>
    <XAUS>40,000000</XAUS>
    <XFRA>40,000000</XFRA>
  </Prezzi>
  <Prezzi>
    <Data>20160219</Data>
    <Mercato>MGP</Mercato>
    <Ora>22</Ora>
    <PUN>37,687430</PUN>
    <NAT>39,000000</NAT>
    <CNOR>36,500000</CNOR>
    <CSUD>36,500000</CSUD>
    <NORD>36,500000</NORD>
    <SARD>36,500000</SARD>
    <SICI>55,110000</SICI>
    <SUD>36,500000</SUD>
    <AUST>36,500000</AUST>
    <BRNN>36,500000</BRNN>
    <COAC>36,500000</COAC>
    <CORS>36,500000</CORS>
    <FOGN>36,500000</FOGN>
    <FRAN>36,500000</FRAN>
    <GREC>36,500000</GREC>
    <MFTV>36,500000</MFTV>
    <PRGP>55,110000</PRGP>
    <ROSN>36,500000</ROSN>
    <SLOV>36,500000</SLOV>
    <SVIZ>36,500000</SVIZ>
    <BSP>36,500000</BSP>
    <MALT>55,110000</MALT>
    <XAUS>36,500000</XAUS>
    <XFRA>36,500000</XFRA>
  </Prezzi>
  <Prezzi>
    <Data>20160219</Data>
    <Mercato>MGP</Mercato>
    <Ora>23</Ora>
    <PUN>35,309160</PUN>
    <NAT>34,990000</NAT>
    <CNOR>34,000000</CNOR>
    <CSUD>34,000000</CSUD>
    <NORD>34,000000</NORD>
    <SARD>34,000000</SARD>
    <SICI>54,460000</SICI>
    <SUD>34,000000</SUD>
    <AUST>34,000000</AUST>
    <BRNN>34,000000</BRNN>
    <COAC>34,000000</COAC>
    <CORS>34,000000</CORS>
    <FOGN>34,000000</FOGN>
    <FRAN>34,000000</FRAN>
    <GREC>34,000000</GREC>
    <MFTV>34,000000</MFTV>
    <PRGP>54,460000</PRGP>
    <ROSN>34,000000</ROSN>
    <SLOV>34,000000</SLOV>
    <SVIZ>34,000000</SVIZ>
    <BSP>34,000000</BSP>
    <MALT>54,460000</MALT>
    <XAUS>34,000000</XAUS>
    <XFRA>34,000000</XFRA>
  </Prezzi>
  <Prezzi>
    <Data>20160219</Data>
    <Mercato>MGP</Mercato>
    <Ora>24</Ora>
    <PUN>34,768240</PUN>
    <NAT>34,120000</NAT>
    <CNOR>33,710000</CNOR>
    <CSUD>33,710000</CSUD>
    <NORD>33,710000</NORD>
    <SARD>33,710000</SARD>
    <SICI>49,980000</SICI>
    <SUD>33,710000</SUD>
    <AUST>33,710000</AUST>
    <BRNN>33,710000</BRNN>
    <COAC>33,710000</COAC>
    <CORS>33,710000</CORS>
    <FOGN>33,710000</FOGN>
    <FRAN>33,710000</FRAN>
    <GREC>33,710000</GREC>
    <MFTV>33,710000</MFTV>
    <PRGP>49,980000</PRGP>
    <ROSN>33,710000</ROSN>
    <SLOV>33,710000</SLOV>
    <SVIZ>33,710000</SVIZ>
    <BSP>33,710000</BSP>
    <MALT>49,980000</MALT>
    <XAUS>33,710000</XAUS>
    <XFRA>33,710000</XFRA>
  </Prezzi>
</NewDataSet>