<?xml version="1.0" standalone="yes"?>
<NewDataSet>
  <xs:schema id="NewDataSet" xmlns="" xmlns:xs="http://www.w3.org/2001/XMLSchema" xmlns:msdata="urn:schemas-microsoft-com:xml-msdata">
    <xs:element name="NewDataSet" msdata:IsDataSet="true" msdata:UseCurrentLocale="true">
      <xs:complexType>
        <xs:choice minOccurs="0" maxOccurs="unbounded">
          <xs:element name="Fabbisogno">
            <xs:complexType>
              <xs:sequence>
                <xs:element name="Data" type="xs:string" minOccurs="0" />
                <xs:element name="Mercato" type="xs:string" minOccurs="0" />
                <xs:element name="Ora" type="xs:string" minOccurs="0" />
                <xs:element name="Italia" type="xs:string" minOccurs="0" />
                <xs:element name="CNOR" type="xs:string" minOccurs="0" />
                <xs:element name="CSUD" type="xs:string" minOccurs="0" />
                <xs:element name="NORD" type="xs:string" minOccurs="0" />
                <xs:element name="SARD" type="xs:string" minOccurs="0" />
                <xs:element name="SICI" type="xs:string" minOccurs="0" />
                <xs:element name="SUD" type="xs:string" minOccurs="0" />
              </xs:sequence>
            </xs:complexType>
          </xs:element>
        </xs:choice>
      </xs:complexType>
    </xs:element>
  </xs:schema>
  <Fabbisogno>
    <Data>20150818</Data>
    <Mercato>MGP</Mercato>
    <Ora>1</Ora>
    <Italia>24844,394</Italia>
    <CNOR>2594,037</CNOR>
    <CSUD>4374,38</CSUD>
    <NORD>11930,756</NORD>
    <SARD>959,202</SARD>
    <SICI>1726,573</SICI>
    <SUD>3259,446</SUD>
  </Fabbisogno>
  <Fabbisogno>
    <Data>20150818</Data>
    <Mercato>MGP</Mercato>
    <Ora>2</Ora>
    <Italia>22669,61</Italia>
    <CNOR>2402,63</CNOR>
    <CSUD>4069,163</CSUD>
    <NORD>10649,998</NORD>
    <SARD>898,796</SARD>
    <SICI>1572,099</SICI>
    <SUD>3076,924</SUD>
  </Fabbisogno>
  <Fabbisogno>
    <Data>20150818</Data>
    <Mercato>MGP</Mercato>
    <Ora>3</Ora>
    <Italia>21803,058</Italia>
    <CNOR>2318,714</CNOR>
    <CSUD>3904,125</CSUD>
    <NORD>10269,459</NORD>
    <SARD>871,573</SARD>
    <SICI>1482,064</SICI>
    <SUD>2957,123</SUD>
  </Fabbisogno>
  <Fabbisogno>
    <Data>20150818</Data>
    <Mercato>MGP</Mercato>
    <Ora>4</Ora>
    <Italia>21495,439</Italia>
    <CNOR>2293,292</CNOR>
    <CSUD>3811,179</CSUD>
    <NORD>10209,953</NORD>
    <SARD>856,52</SARD>
    <SICI>1428,916</SICI>
    <SUD>2895,579</SUD>
  </Fabbisogno>
  <Fabbisogno>
    <Data>20150818</Data>
    <Mercato>MGP</Mercato>
    <Ora>5</Ora>
    <Italia>21387,604</Italia>
    <CNOR>2258,2</CNOR>
    <CSUD>3780,741</CSUD>
    <NORD>10206,221</NORD>
    <SARD>853,834</SARD>
    <SICI>1409,204</SICI>
    <SUD>2879,404</SUD>
  </Fabbisogno>
  <Fabbisogno>
    <Data>20150818</Data>
    <Mercato>MGP</Mercato>
    <Ora>6</Ora>
    <Italia>22202,534</Italia>
    <CNOR>2321,945</CNOR>
    <CSUD>3901,43</CSUD>
    <NORD>10737,233</NORD>
    <SARD>875,732</SARD>
    <SICI>1444,032</SICI>
    <SUD>2922,162</SUD>
  </Fabbisogno>
  <Fabbisogno>
    <Data>20150818</Data>
    <Mercato>MGP</Mercato>
    <Ora>7</Ora>
    <Italia>23279,15</Italia>
    <CNOR>2364,271</CNOR>
    <CSUD>4014,183</CSUD>
    <NORD>11598,666</NORD>
    <SARD>906,732</SARD>
    <SICI>1455,199</SICI>
    <SUD>2940,099</SUD>
  </Fabbisogno>
  <Fabbisogno>
    <Data>20150818</Data>
    <Mercato>MGP</Mercato>
    <Ora>8</Ora>
    <Italia>25765,44</Italia>
    <CNOR>2559,869</CNOR>
    <CSUD>4390,583</CSUD>
    <NORD>13005,596</NORD>
    <SARD>972,898</SARD>
    <SICI>1626,472</SICI>
    <SUD>3210,022</SUD>
  </Fabbisogno>
  <Fabbisogno>
    <Data>20150818</Data>
    <Mercato>MGP</Mercato>
    <Ora>9</Ora>
    <Italia>29508,312</Italia>
    <CNOR>3037,286</CNOR>
    <CSUD>5136,151</CSUD>
    <NORD>14684,072</NORD>
    <SARD>1124,953</SARD>
    <SICI>1848,952</SICI>
    <SUD>3676,898</SUD>
  </Fabbisogno>
  <Fabbisogno>
    <Data>20150818</Data>
    <Mercato>MGP</Mercato>
    <Ora>10</Ora>
    <Italia>31099,866</Italia>
    <CNOR>3176,901</CNOR>
    <CSUD>5509,438</CSUD>
    <NORD>15414,295</NORD>
    <SARD>1158,995</SARD>
    <SICI>1962,373</SICI>
    <SUD>3877,864</SUD>
  </Fabbisogno>
  <Fabbisogno>
    <Data>20150818</Data>
    <Mercato>MGP</Mercato>
    <Ora>11</Ora>
    <Italia>31644,395</Italia>
    <CNOR>3110,495</CNOR>
    <CSUD>5418,011</CSUD>
    <NORD>16212,44</NORD>
    <SARD>1118,724</SARD>
    <SICI>1955,529</SICI>
    <SUD>3829,196</SUD>
  </Fabbisogno>
  <Fabbisogno>
    <Data>20150818</Data>
    <Mercato>MGP</Mercato>
    <Ora>12</Ora>
    <Italia>31686,154</Italia>
    <CNOR>3149,682</CNOR>
    <CSUD>5473,13</CSUD>
    <NORD>16290,167</NORD>
    <SARD>1110,904</SARD>
    <SICI>1823,857</SICI>
    <SUD>3838,414</SUD>
  </Fabbisogno>
  <Fabbisogno>
    <Data>20150818</Data>
    <Mercato>MGP</Mercato>
    <Ora>13</Ora>
    <Italia>31280,364</Italia>
    <CNOR>3065,468</CNOR>
    <CSUD>5505,147</CSUD>
    <NORD>15732,256</NORD>
    <SARD>1110,434</SARD>
    <SICI>1998,525</SICI>
    <SUD>3868,534</SUD>
  </Fabbisogno>
  <Fabbisogno>
    <Data>20150818</Data>
    <Mercato>MGP</Mercato>
    <Ora>14</Ora>
    <Italia>31057,889</Italia>
    <CNOR>2943,12</CNOR>
    <CSUD>5389,368</CSUD>
    <NORD>15884,178</NORD>
    <SARD>1083,425</SARD>
    <SICI>1954,97</SICI>
    <SUD>3802,828</SUD>
  </Fabbisogno>
  <Fabbisogno>
    <Data>20150818</Data>
    <Mercato>MGP</Mercato>
    <Ora>15</Ora>
    <Italia>29963,772</Italia>
    <CNOR>2689,269</CNOR>
    <CSUD>4835,447</CSUD>
    <NORD>16143,163</NORD>
    <SARD>999,01</SARD>
    <SICI>1770,958</SICI>
    <SUD>3525,925</SUD>
  </Fabbisogno>
  <Fabbisogno>
    <Data>20150818</Data>
    <Mercato>MGP</Mercato>
    <Ora>16</Ora>
    <Italia>31030,31</Italia>
    <CNOR>2933,28</CNOR>
    <CSUD>5260,961</CSUD>
    <NORD>16239,922</NORD>
    <SARD>1045,123</SARD>
    <SICI>1910,264</SICI>
    <SUD>3640,76</SUD>
  </Fabbisogno>
  <Fabbisogno>
    <Data>20150818</Data>
    <Mercato>MGP</Mercato>
    <Ora>17</Ora>
    <Italia>30743,296</Italia>
    <CNOR>2872,461</CNOR>
    <CSUD>4978,332</CSUD>
    <NORD>16376,92</NORD>
    <SARD>1026,57</SARD>
    <SICI>1868,895</SICI>
    <SUD>3620,118</SUD>
  </Fabbisogno>
  <Fabbisogno>
    <Data>20150818</Data>
    <Mercato>MGP</Mercato>
    <Ora>18</Ora>
    <Italia>31864,334</Italia>
    <CNOR>3186,644</CNOR>
    <CSUD>5495,347</CSUD>
    <NORD>16030,386</NORD>
    <SARD>1127,664</SARD>
    <SICI>2085,299</SICI>
    <SUD>3938,994</SUD>
  </Fabbisogno>
  <Fabbisogno>
    <Data>20150818</Data>
    <Mercato>MGP</Mercato>
    <Ora>19</Ora>
    <Italia>32119,572</Italia>
    <CNOR>3288,95</CNOR>
    <CSUD>5543,598</CSUD>
    <NORD>15895,696</NORD>
    <SARD>1195,167</SARD>
    <SICI>2108,939</SICI>
    <SUD>4087,222</SUD>
  </Fabbisogno>
  <Fabbisogno>
    <Data>20150818</Data>
    <Mercato>MGP</Mercato>
    <Ora>20</Ora>
    <Italia>32326,511</Italia>
    <CNOR>3376,684</CNOR>
    <CSUD>5729,422</CSUD>
    <NORD>15673,281</NORD>
    <SARD>1225,126</SARD>
    <SICI>2186,699</SICI>
    <SUD>4135,299</SUD>
  </Fabbisogno>
  <Fabbisogno>
    <Data>20150818</Data>
    <Mercato>MGP</Mercato>
    <Ora>21</Ora>
    <Italia>32004,977</Italia>
    <CNOR>3344,211</CNOR>
    <CSUD>5722,301</CSUD>
    <NORD>15069,486</NORD>
    <SARD>1277,302</SARD>
    <SICI>2281,271</SICI>
    <SUD>4310,406</SUD>
  </Fabbisogno>
  <Fabbisogno>
    <Data>20150818</Data>
    <Mercato>MGP</Mercato>
    <Ora>22</Ora>
    <Italia>31760,563</Italia>
    <CNOR>3432,095</CNOR>
    <CSUD>5790,965</CSUD>
    <NORD>14814,647</NORD>
    <SARD>1301,099</SARD>
    <SICI>2278,81</SICI>
    <SUD>4142,947</SUD>
  </Fabbisogno>
  <Fabbisogno>
    <Data>20150818</Data>
    <Mercato>MGP</Mercato>
    <Ora>23</Ora>
    <Italia>29086,648</Italia>
    <CNOR>3271,955</CNOR>
    <CSUD>5448,345</CSUD>
    <NORD>13590,652</NORD>
    <SARD>1139,821</SARD>
    <SICI>1949,233</SICI>
    <SUD>3686,642</SUD>
  </Fabbisogno>
  <Fabbisogno>
    <Data>20150818</Data>
    <Mercato>MGP</Mercato>
    <Ora>24</Ora>
    <Italia>26823,67</Italia>
    <CNOR>2967,091</CNOR>
    <CSUD>5002,269</CSUD>
    <NORD>12227,205</NORD>
    <SARD>1120,411</SARD>
    <SICI>1907,241</SICI>
    <SUD>3599,453</SUD>
  </Fabbisogno>
</NewDataSet>