<?xml version="1.0" standalone="yes"?>
<NewDataSet>
  <xs:schema id="NewDataSet" xmlns="" xmlns:xs="http://www.w3.org/2001/XMLSchema" xmlns:msdata="urn:schemas-microsoft-com:xml-msdata">
    <xs:element name="NewDataSet" msdata:IsDataSet="true" msdata:UseCurrentLocale="true">
      <xs:complexType>
        <xs:choice minOccurs="0" maxOccurs="unbounded">
          <xs:element name="Fabbisogno">
            <xs:complexType>
              <xs:sequence>
                <xs:element name="Data" type="xs:string" minOccurs="0" />
                <xs:element name="Mercato" type="xs:string" minOccurs="0" />
                <xs:element name="Ora" type="xs:string" minOccurs="0" />
                <xs:element name="Italia" type="xs:string" minOccurs="0" />
                <xs:element name="CNOR" type="xs:string" minOccurs="0" />
                <xs:element name="CSUD" type="xs:string" minOccurs="0" />
                <xs:element name="NORD" type="xs:string" minOccurs="0" />
                <xs:element name="SARD" type="xs:string" minOccurs="0" />
                <xs:element name="SICI" type="xs:string" minOccurs="0" />
                <xs:element name="SUD" type="xs:string" minOccurs="0" />
              </xs:sequence>
            </xs:complexType>
          </xs:element>
        </xs:choice>
      </xs:complexType>
    </xs:element>
  </xs:schema>
  <Fabbisogno>
    <Data>20150830</Data>
    <Mercato>MGP</Mercato>
    <Ora>1</Ora>
    <Italia>27133,578</Italia>
    <CNOR>3012,746</CNOR>
    <CSUD>5012,733</CSUD>
    <NORD>13138,778</NORD>
    <SARD>1037,816</SARD>
    <SICI>1669,959</SICI>
    <SUD>3261,546</SUD>
  </Fabbisogno>
  <Fabbisogno>
    <Data>20150830</Data>
    <Mercato>MGP</Mercato>
    <Ora>2</Ora>
    <Italia>26032,708</Italia>
    <CNOR>2942,046</CNOR>
    <CSUD>4940,326</CSUD>
    <NORD>12379,096</NORD>
    <SARD>1014,579</SARD>
    <SICI>1543,622</SICI>
    <SUD>3213,039</SUD>
  </Fabbisogno>
  <Fabbisogno>
    <Data>20150830</Data>
    <Mercato>MGP</Mercato>
    <Ora>3</Ora>
    <Italia>25001,576</Italia>
    <CNOR>2792,277</CNOR>
    <CSUD>4653,854</CSUD>
    <NORD>12107,536</NORD>
    <SARD>982,691</SARD>
    <SICI>1436,975</SICI>
    <SUD>3028,243</SUD>
  </Fabbisogno>
  <Fabbisogno>
    <Data>20150830</Data>
    <Mercato>MGP</Mercato>
    <Ora>4</Ora>
    <Italia>24390,454</Italia>
    <CNOR>2433,809</CNOR>
    <CSUD>4062,106</CSUD>
    <NORD>12850,077</NORD>
    <SARD>900,428</SARD>
    <SICI>1370,024</SICI>
    <SUD>2774,01</SUD>
  </Fabbisogno>
  <Fabbisogno>
    <Data>20150830</Data>
    <Mercato>MGP</Mercato>
    <Ora>5</Ora>
    <Italia>23995,355</Italia>
    <CNOR>2397,467</CNOR>
    <CSUD>3957,58</CSUD>
    <NORD>12695,722</NORD>
    <SARD>899,555</SARD>
    <SICI>1328,54</SICI>
    <SUD>2716,491</SUD>
  </Fabbisogno>
  <Fabbisogno>
    <Data>20150830</Data>
    <Mercato>MGP</Mercato>
    <Ora>6</Ora>
    <Italia>25038,159</Italia>
    <CNOR>2665,483</CNOR>
    <CSUD>4392,759</CSUD>
    <NORD>12795,81</NORD>
    <SARD>946,842</SARD>
    <SICI>1318,186</SICI>
    <SUD>2919,079</SUD>
  </Fabbisogno>
  <Fabbisogno>
    <Data>20150830</Data>
    <Mercato>MGP</Mercato>
    <Ora>7</Ora>
    <Italia>23684,168</Italia>
    <CNOR>2556,506</CNOR>
    <CSUD>4319,176</CSUD>
    <NORD>11745,759</NORD>
    <SARD>947,022</SARD>
    <SICI>1283,206</SICI>
    <SUD>2832,499</SUD>
  </Fabbisogno>
  <Fabbisogno>
    <Data>20150830</Data>
    <Mercato>MGP</Mercato>
    <Ora>8</Ora>
    <Italia>24090,376</Italia>
    <CNOR>2547,535</CNOR>
    <CSUD>4431,234</CSUD>
    <NORD>12025,478</NORD>
    <SARD>931,404</SARD>
    <SICI>1292,408</SICI>
    <SUD>2862,317</SUD>
  </Fabbisogno>
  <Fabbisogno>
    <Data>20150830</Data>
    <Mercato>MGP</Mercato>
    <Ora>9</Ora>
    <Italia>25297,1</Italia>
    <CNOR>2700,387</CNOR>
    <CSUD>4702,197</CSUD>
    <NORD>12411,223</NORD>
    <SARD>1009,255</SARD>
    <SICI>1473,513</SICI>
    <SUD>3000,525</SUD>
  </Fabbisogno>
  <Fabbisogno>
    <Data>20150830</Data>
    <Mercato>MGP</Mercato>
    <Ora>10</Ora>
    <Italia>26549,794</Italia>
    <CNOR>2823,277</CNOR>
    <CSUD>4982,964</CSUD>
    <NORD>12805,923</NORD>
    <SARD>1032,7</SARD>
    <SICI>1772,977</SICI>
    <SUD>3131,953</SUD>
  </Fabbisogno>
  <Fabbisogno>
    <Data>20150830</Data>
    <Mercato>MGP</Mercato>
    <Ora>11</Ora>
    <Italia>27129,538</Italia>
    <CNOR>2897,097</CNOR>
    <CSUD>5183,436</CSUD>
    <NORD>13180,494</NORD>
    <SARD>1026,155</SARD>
    <SICI>1633,787</SICI>
    <SUD>3208,569</SUD>
  </Fabbisogno>
  <Fabbisogno>
    <Data>20150830</Data>
    <Mercato>MGP</Mercato>
    <Ora>12</Ora>
    <Italia>26503,048</Italia>
    <CNOR>2680,557</CNOR>
    <CSUD>4706,011</CSUD>
    <NORD>13476,564</NORD>
    <SARD>972,297</SARD>
    <SICI>1645,755</SICI>
    <SUD>3021,864</SUD>
  </Fabbisogno>
  <Fabbisogno>
    <Data>20150830</Data>
    <Mercato>MGP</Mercato>
    <Ora>13</Ora>
    <Italia>26762,407</Italia>
    <CNOR>2682,798</CNOR>
    <CSUD>4804,792</CSUD>
    <NORD>13594,08</NORD>
    <SARD>974,223</SARD>
    <SICI>1661,877</SICI>
    <SUD>3044,637</SUD>
  </Fabbisogno>
  <Fabbisogno>
    <Data>20150830</Data>
    <Mercato>MGP</Mercato>
    <Ora>14</Ora>
    <Italia>26006,963</Italia>
    <CNOR>2582,329</CNOR>
    <CSUD>4698,088</CSUD>
    <NORD>13249,97</NORD>
    <SARD>945,124</SARD>
    <SICI>1599,457</SICI>
    <SUD>2931,995</SUD>
  </Fabbisogno>
  <Fabbisogno>
    <Data>20150830</Data>
    <Mercato>MGP</Mercato>
    <Ora>15</Ora>
    <Italia>25440,896</Italia>
    <CNOR>2554,2</CNOR>
    <CSUD>4583,231</CSUD>
    <NORD>13108,076</NORD>
    <SARD>900,863</SARD>
    <SICI>1531,942</SICI>
    <SUD>2762,584</SUD>
  </Fabbisogno>
  <Fabbisogno>
    <Data>20150830</Data>
    <Mercato>MGP</Mercato>
    <Ora>16</Ora>
    <Italia>26103,241</Italia>
    <CNOR>2592,961</CNOR>
    <CSUD>4602,949</CSUD>
    <NORD>13751,193</NORD>
    <SARD>873,97</SARD>
    <SICI>1529,569</SICI>
    <SUD>2752,599</SUD>
  </Fabbisogno>
  <Fabbisogno>
    <Data>20150830</Data>
    <Mercato>MGP</Mercato>
    <Ora>17</Ora>
    <Italia>26846,981</Italia>
    <CNOR>2643,513</CNOR>
    <CSUD>4631,965</CSUD>
    <NORD>14261,789</NORD>
    <SARD>895,85</SARD>
    <SICI>1607,054</SICI>
    <SUD>2806,81</SUD>
  </Fabbisogno>
  <Fabbisogno>
    <Data>20150830</Data>
    <Mercato>MGP</Mercato>
    <Ora>18</Ora>
    <Italia>27686,152</Italia>
    <CNOR>3070,279</CNOR>
    <CSUD>5351,335</CSUD>
    <NORD>13481,444</NORD>
    <SARD>1008,196</SARD>
    <SICI>1693,924</SICI>
    <SUD>3080,974</SUD>
  </Fabbisogno>
  <Fabbisogno>
    <Data>20150830</Data>
    <Mercato>MGP</Mercato>
    <Ora>19</Ora>
    <Italia>29215,819</Italia>
    <CNOR>3253,829</CNOR>
    <CSUD>5516,181</CSUD>
    <NORD>14293,171</NORD>
    <SARD>1059,537</SARD>
    <SICI>1832,925</SICI>
    <SUD>3260,176</SUD>
  </Fabbisogno>
  <Fabbisogno>
    <Data>20150830</Data>
    <Mercato>MGP</Mercato>
    <Ora>20</Ora>
    <Italia>31064,888</Italia>
    <CNOR>3485,011</CNOR>
    <CSUD>5839,308</CSUD>
    <NORD>15021,617</NORD>
    <SARD>1162,07</SARD>
    <SICI>2019,965</SICI>
    <SUD>3536,917</SUD>
  </Fabbisogno>
  <Fabbisogno>
    <Data>20150830</Data>
    <Mercato>MGP</Mercato>
    <Ora>21</Ora>
    <Italia>34052,923</Italia>
    <CNOR>3779,487</CNOR>
    <CSUD>6436,977</CSUD>
    <NORD>16581,562</NORD>
    <SARD>1254,815</SARD>
    <SICI>2307,553</SICI>
    <SUD>3692,529</SUD>
  </Fabbisogno>
  <Fabbisogno>
    <Data>20150830</Data>
    <Mercato>MGP</Mercato>
    <Ora>22</Ora>
    <Italia>32329,18</Italia>
    <CNOR>3636,975</CNOR>
    <CSUD>6077,394</CSUD>
    <NORD>15647,696</NORD>
    <SARD>1255,197</SARD>
    <SICI>2003,671</SICI>
    <SUD>3708,247</SUD>
  </Fabbisogno>
  <Fabbisogno>
    <Data>20150830</Data>
    <Mercato>MGP</Mercato>
    <Ora>23</Ora>
    <Italia>29403,189</Italia>
    <CNOR>3222,782</CNOR>
    <CSUD>5359,29</CSUD>
    <NORD>14470,128</NORD>
    <SARD>1106,387</SARD>
    <SICI>1865,232</SICI>
    <SUD>3379,37</SUD>
  </Fabbisogno>
  <Fabbisogno>
    <Data>20150830</Data>
    <Mercato>MGP</Mercato>
    <Ora>24</Ora>
    <Italia>27387,428</Italia>
    <CNOR>2985,426</CNOR>
    <CSUD>4984,887</CSUD>
    <NORD>13538,157</NORD>
    <SARD>1031,826</SARD>
    <SICI>1721,032</SICI>
    <SUD>3126,1</SUD>
  </Fabbisogno>
</NewDataSet>