<?xml version="1.0" standalone="yes"?>
<NewDataSet>
  <xs:schema id="NewDataSet" xmlns="" xmlns:xs="http://www.w3.org/2001/XMLSchema" xmlns:msdata="urn:schemas-microsoft-com:xml-msdata">
    <xs:element name="NewDataSet" msdata:IsDataSet="true" msdata:UseCurrentLocale="true">
      <xs:complexType>
        <xs:choice minOccurs="0" maxOccurs="unbounded">
          <xs:element name="Fabbisogno">
            <xs:complexType>
              <xs:sequence>
                <xs:element name="Data" type="xs:string" minOccurs="0" />
                <xs:element name="Mercato" type="xs:string" minOccurs="0" />
                <xs:element name="Ora" type="xs:string" minOccurs="0" />
                <xs:element name="Italia" type="xs:string" minOccurs="0" />
                <xs:element name="CNOR" type="xs:string" minOccurs="0" />
                <xs:element name="CSUD" type="xs:string" minOccurs="0" />
                <xs:element name="NORD" type="xs:string" minOccurs="0" />
                <xs:element name="SARD" type="xs:string" minOccurs="0" />
                <xs:element name="SICI" type="xs:string" minOccurs="0" />
                <xs:element name="SUD" type="xs:string" minOccurs="0" />
              </xs:sequence>
            </xs:complexType>
          </xs:element>
        </xs:choice>
      </xs:complexType>
    </xs:element>
  </xs:schema>
  <Fabbisogno>
    <Data>20150810</Data>
    <Mercato>MGP</Mercato>
    <Ora>1</Ora>
    <Italia>25649,845</Italia>
    <CNOR>2654,058</CNOR>
    <CSUD>4611,457</CSUD>
    <NORD>12403,479</NORD>
    <SARD>1032,258</SARD>
    <SICI>1744,359</SICI>
    <SUD>3204,234</SUD>
  </Fabbisogno>
  <Fabbisogno>
    <Data>20150810</Data>
    <Mercato>MGP</Mercato>
    <Ora>2</Ora>
    <Italia>24724,236</Italia>
    <CNOR>2696,072</CNOR>
    <CSUD>4587,988</CSUD>
    <NORD>11473,962</NORD>
    <SARD>1017,1</SARD>
    <SICI>1795,076</SICI>
    <SUD>3154,038</SUD>
  </Fabbisogno>
  <Fabbisogno>
    <Data>20150810</Data>
    <Mercato>MGP</Mercato>
    <Ora>3</Ora>
    <Italia>23748,393</Italia>
    <CNOR>2594,145</CNOR>
    <CSUD>4354,721</CSUD>
    <NORD>11069,512</NORD>
    <SARD>991,197</SARD>
    <SICI>1691,266</SICI>
    <SUD>3047,552</SUD>
  </Fabbisogno>
  <Fabbisogno>
    <Data>20150810</Data>
    <Mercato>MGP</Mercato>
    <Ora>4</Ora>
    <Italia>22612,379</Italia>
    <CNOR>2550,584</CNOR>
    <CSUD>4265,822</CSUD>
    <NORD>10212,846</NORD>
    <SARD>978,298</SARD>
    <SICI>1636,146</SICI>
    <SUD>2968,683</SUD>
  </Fabbisogno>
  <Fabbisogno>
    <Data>20150810</Data>
    <Mercato>MGP</Mercato>
    <Ora>5</Ora>
    <Italia>22583,647</Italia>
    <CNOR>2539,018</CNOR>
    <CSUD>4235,334</CSUD>
    <NORD>10263,471</NORD>
    <SARD>978,834</SARD>
    <SICI>1610,509</SICI>
    <SUD>2956,481</SUD>
  </Fabbisogno>
  <Fabbisogno>
    <Data>20150810</Data>
    <Mercato>MGP</Mercato>
    <Ora>6</Ora>
    <Italia>23314,524</Italia>
    <CNOR>2609,448</CNOR>
    <CSUD>4328,531</CSUD>
    <NORD>10804,503</NORD>
    <SARD>984,055</SARD>
    <SICI>1634,913</SICI>
    <SUD>2953,074</SUD>
  </Fabbisogno>
  <Fabbisogno>
    <Data>20150810</Data>
    <Mercato>MGP</Mercato>
    <Ora>7</Ora>
    <Italia>24000,422</Italia>
    <CNOR>2629,491</CNOR>
    <CSUD>4380,912</CSUD>
    <NORD>11539,658</NORD>
    <SARD>988,572</SARD>
    <SICI>1601,689</SICI>
    <SUD>2860,1</SUD>
  </Fabbisogno>
  <Fabbisogno>
    <Data>20150810</Data>
    <Mercato>MGP</Mercato>
    <Ora>8</Ora>
    <Italia>26968,658</Italia>
    <CNOR>2778,552</CNOR>
    <CSUD>4481,059</CSUD>
    <NORD>14080,374</NORD>
    <SARD>1015,833</SARD>
    <SICI>1638,971</SICI>
    <SUD>2973,869</SUD>
  </Fabbisogno>
  <Fabbisogno>
    <Data>20150810</Data>
    <Mercato>MGP</Mercato>
    <Ora>9</Ora>
    <Italia>30205,142</Italia>
    <CNOR>3023,259</CNOR>
    <CSUD>4914,388</CSUD>
    <NORD>16020,331</NORD>
    <SARD>1121,59</SARD>
    <SICI>1845,982</SICI>
    <SUD>3279,592</SUD>
  </Fabbisogno>
  <Fabbisogno>
    <Data>20150810</Data>
    <Mercato>MGP</Mercato>
    <Ora>10</Ora>
    <Italia>31536,969</Italia>
    <CNOR>3105,79</CNOR>
    <CSUD>5189,62</CSUD>
    <NORD>16808,413</NORD>
    <SARD>1157,053</SARD>
    <SICI>1939,041</SICI>
    <SUD>3337,052</SUD>
  </Fabbisogno>
  <Fabbisogno>
    <Data>20150810</Data>
    <Mercato>MGP</Mercato>
    <Ora>11</Ora>
    <Italia>31924,786</Italia>
    <CNOR>3139,152</CNOR>
    <CSUD>5314,736</CSUD>
    <NORD>17013,414</NORD>
    <SARD>1150,461</SARD>
    <SICI>1933,478</SICI>
    <SUD>3373,545</SUD>
  </Fabbisogno>
  <Fabbisogno>
    <Data>20150810</Data>
    <Mercato>MGP</Mercato>
    <Ora>12</Ora>
    <Italia>32018,778</Italia>
    <CNOR>3160,14</CNOR>
    <CSUD>5376,163</CSUD>
    <NORD>17025,539</NORD>
    <SARD>1144,916</SARD>
    <SICI>1949,358</SICI>
    <SUD>3362,662</SUD>
  </Fabbisogno>
  <Fabbisogno>
    <Data>20150810</Data>
    <Mercato>MGP</Mercato>
    <Ora>13</Ora>
    <Italia>32476,021</Italia>
    <CNOR>3126,106</CNOR>
    <CSUD>5757,125</CSUD>
    <NORD>16821,647</NORD>
    <SARD>1195,83</SARD>
    <SICI>2015,616</SICI>
    <SUD>3559,697</SUD>
  </Fabbisogno>
  <Fabbisogno>
    <Data>20150810</Data>
    <Mercato>MGP</Mercato>
    <Ora>14</Ora>
    <Italia>32420,395</Italia>
    <CNOR>3201,867</CNOR>
    <CSUD>5863,274</CSUD>
    <NORD>16721,634</NORD>
    <SARD>1167,698</SARD>
    <SICI>1979,365</SICI>
    <SUD>3486,557</SUD>
  </Fabbisogno>
  <Fabbisogno>
    <Data>20150810</Data>
    <Mercato>MGP</Mercato>
    <Ora>15</Ora>
    <Italia>32615,132</Italia>
    <CNOR>3214,908</CNOR>
    <CSUD>5807,982</CSUD>
    <NORD>16988,382</NORD>
    <SARD>1138,594</SARD>
    <SICI>2075,85</SICI>
    <SUD>3389,416</SUD>
  </Fabbisogno>
  <Fabbisogno>
    <Data>20150810</Data>
    <Mercato>MGP</Mercato>
    <Ora>16</Ora>
    <Italia>32120,962</Italia>
    <CNOR>3119,924</CNOR>
    <CSUD>5393,289</CSUD>
    <NORD>17257,208</NORD>
    <SARD>1091,813</SARD>
    <SICI>1952,617</SICI>
    <SUD>3306,111</SUD>
  </Fabbisogno>
  <Fabbisogno>
    <Data>20150810</Data>
    <Mercato>MGP</Mercato>
    <Ora>17</Ora>
    <Italia>33030,063</Italia>
    <CNOR>3276,551</CNOR>
    <CSUD>5550,512</CSUD>
    <NORD>17551,832</NORD>
    <SARD>1149,663</SARD>
    <SICI>2067,692</SICI>
    <SUD>3433,813</SUD>
  </Fabbisogno>
  <Fabbisogno>
    <Data>20150810</Data>
    <Mercato>MGP</Mercato>
    <Ora>18</Ora>
    <Italia>33514,603</Italia>
    <CNOR>3361,682</CNOR>
    <CSUD>5641,84</CSUD>
    <NORD>17598,268</NORD>
    <SARD>1178,134</SARD>
    <SICI>2093,537</SICI>
    <SUD>3641,142</SUD>
  </Fabbisogno>
  <Fabbisogno>
    <Data>20150810</Data>
    <Mercato>MGP</Mercato>
    <Ora>19</Ora>
    <Italia>34183,567</Italia>
    <CNOR>3494,87</CNOR>
    <CSUD>5783,962</CSUD>
    <NORD>17699,297</NORD>
    <SARD>1269,765</SARD>
    <SICI>2099,435</SICI>
    <SUD>3836,238</SUD>
  </Fabbisogno>
  <Fabbisogno>
    <Data>20150810</Data>
    <Mercato>MGP</Mercato>
    <Ora>20</Ora>
    <Italia>34710,108</Italia>
    <CNOR>3739,726</CNOR>
    <CSUD>6133,491</CSUD>
    <NORD>17201,249</NORD>
    <SARD>1317,971</SARD>
    <SICI>2161,586</SICI>
    <SUD>4156,085</SUD>
  </Fabbisogno>
  <Fabbisogno>
    <Data>20150810</Data>
    <Mercato>MGP</Mercato>
    <Ora>21</Ora>
    <Italia>34474,634</Italia>
    <CNOR>3795,557</CNOR>
    <CSUD>6371,706</CSUD>
    <NORD>16162,943</NORD>
    <SARD>1375,571</SARD>
    <SICI>2327,257</SICI>
    <SUD>4441,6</SUD>
  </Fabbisogno>
  <Fabbisogno>
    <Data>20150810</Data>
    <Mercato>MGP</Mercato>
    <Ora>22</Ora>
    <Italia>35497,637</Italia>
    <CNOR>3951,852</CNOR>
    <CSUD>6586,724</CSUD>
    <NORD>16991,866</NORD>
    <SARD>1419,758</SARD>
    <SICI>2217,318</SICI>
    <SUD>4330,119</SUD>
  </Fabbisogno>
  <Fabbisogno>
    <Data>20150810</Data>
    <Mercato>MGP</Mercato>
    <Ora>23</Ora>
    <Italia>32172,65</Italia>
    <CNOR>3478,773</CNOR>
    <CSUD>5800,6</CSUD>
    <NORD>15709,122</NORD>
    <SARD>1261,721</SARD>
    <SICI>2054,239</SICI>
    <SUD>3868,195</SUD>
  </Fabbisogno>
  <Fabbisogno>
    <Data>20150810</Data>
    <Mercato>MGP</Mercato>
    <Ora>24</Ora>
    <Italia>30171,417</Italia>
    <CNOR>3378,502</CNOR>
    <CSUD>5628,148</CSUD>
    <NORD>14217,802</NORD>
    <SARD>1225,239</SARD>
    <SICI>2057,38</SICI>
    <SUD>3664,346</SUD>
  </Fabbisogno>
</NewDataSet>