<?xml version="1.0" standalone="yes"?>
<NewDataSet>
  <xs:schema id="NewDataSet" xmlns="" xmlns:xs="http://www.w3.org/2001/XMLSchema" xmlns:msdata="urn:schemas-microsoft-com:xml-msdata">
    <xs:element name="NewDataSet" msdata:IsDataSet="true" msdata:UseCurrentLocale="true">
      <xs:complexType>
        <xs:choice minOccurs="0" maxOccurs="unbounded">
          <xs:element name="Fabbisogno">
            <xs:complexType>
              <xs:sequence>
                <xs:element name="Data" type="xs:string" minOccurs="0" />
                <xs:element name="Mercato" type="xs:string" minOccurs="0" />
                <xs:element name="Ora" type="xs:string" minOccurs="0" />
                <xs:element name="Italia" type="xs:string" minOccurs="0" />
                <xs:element name="CNOR" type="xs:string" minOccurs="0" />
                <xs:element name="CSUD" type="xs:string" minOccurs="0" />
                <xs:element name="NORD" type="xs:string" minOccurs="0" />
                <xs:element name="SARD" type="xs:string" minOccurs="0" />
                <xs:element name="SICI" type="xs:string" minOccurs="0" />
                <xs:element name="SUD" type="xs:string" minOccurs="0" />
              </xs:sequence>
            </xs:complexType>
          </xs:element>
        </xs:choice>
      </xs:complexType>
    </xs:element>
  </xs:schema>
  <Fabbisogno>
    <Data>20150829</Data>
    <Mercato>MGP</Mercato>
    <Ora>1</Ora>
    <Italia>28824,572</Italia>
    <CNOR>2881,709</CNOR>
    <CSUD>4783,329</CSUD>
    <NORD>15160,638</NORD>
    <SARD>1044,227</SARD>
    <SICI>1676,481</SICI>
    <SUD>3278,188</SUD>
  </Fabbisogno>
  <Fabbisogno>
    <Data>20150829</Data>
    <Mercato>MGP</Mercato>
    <Ora>2</Ora>
    <Italia>28035,206</Italia>
    <CNOR>2994,698</CNOR>
    <CSUD>4972,822</CSUD>
    <NORD>14164,093</NORD>
    <SARD>1049,276</SARD>
    <SICI>1535,239</SICI>
    <SUD>3319,078</SUD>
  </Fabbisogno>
  <Fabbisogno>
    <Data>20150829</Data>
    <Mercato>MGP</Mercato>
    <Ora>3</Ora>
    <Italia>25916,957</Italia>
    <CNOR>2574,674</CNOR>
    <CSUD>4230,237</CSUD>
    <NORD>13774,471</NORD>
    <SARD>951,626</SARD>
    <SICI>1415,341</SICI>
    <SUD>2970,608</SUD>
  </Fabbisogno>
  <Fabbisogno>
    <Data>20150829</Data>
    <Mercato>MGP</Mercato>
    <Ora>4</Ora>
    <Italia>25259,969</Italia>
    <CNOR>2499,074</CNOR>
    <CSUD>4103,086</CSUD>
    <NORD>13461,683</NORD>
    <SARD>930,461</SARD>
    <SICI>1364,013</SICI>
    <SUD>2901,652</SUD>
  </Fabbisogno>
  <Fabbisogno>
    <Data>20150829</Data>
    <Mercato>MGP</Mercato>
    <Ora>5</Ora>
    <Italia>25530,165</Italia>
    <CNOR>2439,375</CNOR>
    <CSUD>4036,229</CSUD>
    <NORD>13929,891</NORD>
    <SARD>916,424</SARD>
    <SICI>1335,758</SICI>
    <SUD>2872,488</SUD>
  </Fabbisogno>
  <Fabbisogno>
    <Data>20150829</Data>
    <Mercato>MGP</Mercato>
    <Ora>6</Ora>
    <Italia>26112,903</Italia>
    <CNOR>2422,039</CNOR>
    <CSUD>4038,455</CSUD>
    <NORD>14491,347</NORD>
    <SARD>912,877</SARD>
    <SICI>1343,143</SICI>
    <SUD>2905,042</SUD>
  </Fabbisogno>
  <Fabbisogno>
    <Data>20150829</Data>
    <Mercato>MGP</Mercato>
    <Ora>7</Ora>
    <Italia>26291,757</Italia>
    <CNOR>2656,149</CNOR>
    <CSUD>4519,616</CSUD>
    <NORD>13648,246</NORD>
    <SARD>996,26</SARD>
    <SICI>1379,03</SICI>
    <SUD>3092,456</SUD>
  </Fabbisogno>
  <Fabbisogno>
    <Data>20150829</Data>
    <Mercato>MGP</Mercato>
    <Ora>8</Ora>
    <Italia>27861,945</Italia>
    <CNOR>2764,208</CNOR>
    <CSUD>4802,657</CSUD>
    <NORD>14586,875</NORD>
    <SARD>1002,138</SARD>
    <SICI>1472,884</SICI>
    <SUD>3233,183</SUD>
  </Fabbisogno>
  <Fabbisogno>
    <Data>20150829</Data>
    <Mercato>MGP</Mercato>
    <Ora>9</Ora>
    <Italia>30001,679</Italia>
    <CNOR>3037,148</CNOR>
    <CSUD>5246,001</CSUD>
    <NORD>15460,035</NORD>
    <SARD>1111,75</SARD>
    <SICI>1720,7</SICI>
    <SUD>3426,045</SUD>
  </Fabbisogno>
  <Fabbisogno>
    <Data>20150829</Data>
    <Mercato>MGP</Mercato>
    <Ora>10</Ora>
    <Italia>31491,605</Italia>
    <CNOR>3165,322</CNOR>
    <CSUD>5568,667</CSUD>
    <NORD>16038,92</NORD>
    <SARD>1138,64</SARD>
    <SICI>2040,343</SICI>
    <SUD>3539,713</SUD>
  </Fabbisogno>
  <Fabbisogno>
    <Data>20150829</Data>
    <Mercato>MGP</Mercato>
    <Ora>11</Ora>
    <Italia>31679,191</Italia>
    <CNOR>3214,452</CNOR>
    <CSUD>5732,743</CSUD>
    <NORD>16170,596</NORD>
    <SARD>1114,061</SARD>
    <SICI>1822,213</SICI>
    <SUD>3625,126</SUD>
  </Fabbisogno>
  <Fabbisogno>
    <Data>20150829</Data>
    <Mercato>MGP</Mercato>
    <Ora>12</Ora>
    <Italia>30556,968</Italia>
    <CNOR>2927,17</CNOR>
    <CSUD>5217,621</CSUD>
    <NORD>16178,088</NORD>
    <SARD>1029,672</SARD>
    <SICI>1798,837</SICI>
    <SUD>3405,58</SUD>
  </Fabbisogno>
  <Fabbisogno>
    <Data>20150829</Data>
    <Mercato>MGP</Mercato>
    <Ora>13</Ora>
    <Italia>30104,267</Italia>
    <CNOR>2865,22</CNOR>
    <CSUD>5272,2</CSUD>
    <NORD>15681,075</NORD>
    <SARD>1037,022</SARD>
    <SICI>1804,166</SICI>
    <SUD>3444,584</SUD>
  </Fabbisogno>
  <Fabbisogno>
    <Data>20150829</Data>
    <Mercato>MGP</Mercato>
    <Ora>14</Ora>
    <Italia>29197,553</Italia>
    <CNOR>2734,545</CNOR>
    <CSUD>5112,836</CSUD>
    <NORD>15208,067</NORD>
    <SARD>1019,746</SARD>
    <SICI>1770,625</SICI>
    <SUD>3351,734</SUD>
  </Fabbisogno>
  <Fabbisogno>
    <Data>20150829</Data>
    <Mercato>MGP</Mercato>
    <Ora>15</Ora>
    <Italia>29650,176</Italia>
    <CNOR>2700,765</CNOR>
    <CSUD>5039,157</CSUD>
    <NORD>15980,801</NORD>
    <SARD>977,816</SARD>
    <SICI>1748,03</SICI>
    <SUD>3203,607</SUD>
  </Fabbisogno>
  <Fabbisogno>
    <Data>20150829</Data>
    <Mercato>MGP</Mercato>
    <Ora>16</Ora>
    <Italia>29687,292</Italia>
    <CNOR>2707,682</CNOR>
    <CSUD>5020,574</CSUD>
    <NORD>16025,877</NORD>
    <SARD>968,006</SARD>
    <SICI>1758,609</SICI>
    <SUD>3206,544</SUD>
  </Fabbisogno>
  <Fabbisogno>
    <Data>20150829</Data>
    <Mercato>MGP</Mercato>
    <Ora>17</Ora>
    <Italia>30336,334</Italia>
    <CNOR>2827,393</CNOR>
    <CSUD>5106,988</CSUD>
    <NORD>16278,863</NORD>
    <SARD>988,170999999999</SARD>
    <SICI>1865,633</SICI>
    <SUD>3269,286</SUD>
  </Fabbisogno>
  <Fabbisogno>
    <Data>20150829</Data>
    <Mercato>MGP</Mercato>
    <Ora>18</Ora>
    <Italia>31191,425</Italia>
    <CNOR>3242,722</CNOR>
    <CSUD>5812,484</CSUD>
    <NORD>15451,651</NORD>
    <SARD>1105,898</SARD>
    <SICI>1967,676</SICI>
    <SUD>3610,994</SUD>
  </Fabbisogno>
  <Fabbisogno>
    <Data>20150829</Data>
    <Mercato>MGP</Mercato>
    <Ora>19</Ora>
    <Italia>32646,017</Italia>
    <CNOR>3423,344</CNOR>
    <CSUD>5957,315</CSUD>
    <NORD>16211,507</NORD>
    <SARD>1155,828</SARD>
    <SICI>2107,414</SICI>
    <SUD>3790,609</SUD>
  </Fabbisogno>
  <Fabbisogno>
    <Data>20150829</Data>
    <Mercato>MGP</Mercato>
    <Ora>20</Ora>
    <Italia>33922,038</Italia>
    <CNOR>3585,036</CNOR>
    <CSUD>6218,317</CSUD>
    <NORD>16607,355</NORD>
    <SARD>1232,09</SARD>
    <SICI>2280,195</SICI>
    <SUD>3999,045</SUD>
  </Fabbisogno>
  <Fabbisogno>
    <Data>20150829</Data>
    <Mercato>MGP</Mercato>
    <Ora>21</Ora>
    <Italia>36269,927</Italia>
    <CNOR>3758,557</CNOR>
    <CSUD>6612,908</CSUD>
    <NORD>17760,094</NORD>
    <SARD>1300,294</SARD>
    <SICI>2500,964</SICI>
    <SUD>4337,11</SUD>
  </Fabbisogno>
  <Fabbisogno>
    <Data>20150829</Data>
    <Mercato>MGP</Mercato>
    <Ora>22</Ora>
    <Italia>34633,444</Italia>
    <CNOR>3633,896</CNOR>
    <CSUD>6257,241</CSUD>
    <NORD>17174,573</NORD>
    <SARD>1286,992</SARD>
    <SICI>2226,721</SICI>
    <SUD>4054,021</SUD>
  </Fabbisogno>
  <Fabbisogno>
    <Data>20150829</Data>
    <Mercato>MGP</Mercato>
    <Ora>23</Ora>
    <Italia>31014,686</Italia>
    <CNOR>3301,166</CNOR>
    <CSUD>5651,572</CSUD>
    <NORD>15236,646</NORD>
    <SARD>1167,176</SARD>
    <SICI>1957,106</SICI>
    <SUD>3701,02</SUD>
  </Fabbisogno>
  <Fabbisogno>
    <Data>20150829</Data>
    <Mercato>MGP</Mercato>
    <Ora>24</Ora>
    <Italia>28498,35</Italia>
    <CNOR>2850,436</CNOR>
    <CSUD>5217,649</CSUD>
    <NORD>14108,154</NORD>
    <SARD>1096,52</SARD>
    <SICI>1814,597</SICI>
    <SUD>3410,994</SUD>
  </Fabbisogno>
</NewDataSet>