<?xml version="1.0" standalone="yes"?>
<NewDataSet>
  <xs:schema id="NewDataSet" xmlns="" xmlns:xs="http://www.w3.org/2001/XMLSchema" xmlns:msdata="urn:schemas-microsoft-com:xml-msdata">
    <xs:element name="NewDataSet" msdata:IsDataSet="true" msdata:MainDataTable="marketintervaldetail" msdata:UseCurrentLocale="true">
      <xs:complexType>
        <xs:choice minOccurs="0" maxOccurs="unbounded">
          <xs:element name="marketintervaldetail">
            <xs:complexType>
              <xs:sequence>
                <xs:element name="Data" type="xs:string" minOccurs="0" />
                <xs:element name="Mercato" type="xs:string" minOccurs="0" />
                <xs:element name="Ora" type="xs:string" minOccurs="0" />
                <xs:element name="Totale" type="xs:string" minOccurs="0" />
                <xs:element name="CNOR" type="xs:string" minOccurs="0" />
                <xs:element name="CSUD" type="xs:string" minOccurs="0" />
                <xs:element name="NORD" type="xs:string" minOccurs="0" />
                <xs:element name="SARD" type="xs:string" minOccurs="0" />
                <xs:element name="SICI" type="xs:string" minOccurs="0" />
                <xs:element name="SUD" type="xs:string" minOccurs="0" />
              </xs:sequence>
            </xs:complexType>
          </xs:element>
        </xs:choice>
      </xs:complexType>
    </xs:element>
  </xs:schema>
  <marketintervaldetail>
    <Data>20170310</Data>
    <Mercato>MGP</Mercato>
    <Ora>01</Ora>
    <Totale>28083</Totale>
    <CNOR>3205</CNOR>
    <CSUD>4345</CSUD>
    <NORD>15475</NORD>
    <SARD>869</SARD>
    <SICI>1619</SICI>
    <SUD>2570</SUD>
  </marketintervaldetail>
  <marketintervaldetail>
    <Data>20170310</Data>
    <Mercato>MGP</Mercato>
    <Ora>02</Ora>
    <Totale>26003</Totale>
    <CNOR>2980</CNOR>
    <CSUD>3899</CSUD>
    <NORD>14375</NORD>
    <SARD>810</SARD>
    <SICI>1459</SICI>
    <SUD>2480</SUD>
  </marketintervaldetail>
  <marketintervaldetail>
    <Data>20170310</Data>
    <Mercato>MGP</Mercato>
    <Ora>03</Ora>
    <Totale>25083</Totale>
    <CNOR>2915</CNOR>
    <CSUD>3741</CSUD>
    <NORD>14023</NORD>
    <SARD>757</SARD>
    <SICI>1356</SICI>
    <SUD>2291</SUD>
  </marketintervaldetail>
  <marketintervaldetail>
    <Data>20170310</Data>
    <Mercato>MGP</Mercato>
    <Ora>04</Ora>
    <Totale>24849</Totale>
    <CNOR>2846</CNOR>
    <CSUD>3624</CSUD>
    <NORD>14053</NORD>
    <SARD>761</SARD>
    <SICI>1342</SICI>
    <SUD>2223</SUD>
  </marketintervaldetail>
  <marketintervaldetail>
    <Data>20170310</Data>
    <Mercato>MGP</Mercato>
    <Ora>05</Ora>
    <Totale>25124</Totale>
    <CNOR>2842</CNOR>
    <CSUD>3671</CSUD>
    <NORD>14262</NORD>
    <SARD>758</SARD>
    <SICI>1341</SICI>
    <SUD>2250</SUD>
  </marketintervaldetail>
  <marketintervaldetail>
    <Data>20170310</Data>
    <Mercato>MGP</Mercato>
    <Ora>06</Ora>
    <Totale>26581</Totale>
    <CNOR>2989</CNOR>
    <CSUD>3836</CSUD>
    <NORD>15231</NORD>
    <SARD>777</SARD>
    <SICI>1405</SICI>
    <SUD>2343</SUD>
  </marketintervaldetail>
  <marketintervaldetail>
    <Data>20170310</Data>
    <Mercato>MGP</Mercato>
    <Ora>07</Ora>
    <Totale>30663</Totale>
    <CNOR>3410</CNOR>
    <CSUD>4335</CSUD>
    <NORD>18017</NORD>
    <SARD>890</SARD>
    <SICI>1541</SICI>
    <SUD>2470</SUD>
  </marketintervaldetail>
  <marketintervaldetail>
    <Data>20170310</Data>
    <Mercato>MGP</Mercato>
    <Ora>08</Ora>
    <Totale>36115</Totale>
    <CNOR>3976</CNOR>
    <CSUD>5148</CSUD>
    <NORD>21220</NORD>
    <SARD>1016</SARD>
    <SICI>1848</SICI>
    <SUD>2907</SUD>
  </marketintervaldetail>
  <marketintervaldetail>
    <Data>20170310</Data>
    <Mercato>MGP</Mercato>
    <Ora>09</Ora>
    <Totale>40569</Totale>
    <CNOR>4515</CNOR>
    <CSUD>5923</CSUD>
    <NORD>23711</NORD>
    <SARD>1075</SARD>
    <SICI>2066</SICI>
    <SUD>3279</SUD>
  </marketintervaldetail>
  <marketintervaldetail>
    <Data>20170310</Data>
    <Mercato>MGP</Mercato>
    <Ora>10</Ora>
    <Totale>41296</Totale>
    <CNOR>4691</CNOR>
    <CSUD>6173</CSUD>
    <NORD>23752</NORD>
    <SARD>1071</SARD>
    <SICI>2184</SICI>
    <SUD>3425</SUD>
  </marketintervaldetail>
  <marketintervaldetail>
    <Data>20170310</Data>
    <Mercato>MGP</Mercato>
    <Ora>11</Ora>
    <Totale>41003</Totale>
    <CNOR>4660</CNOR>
    <CSUD>6269</CSUD>
    <NORD>23480</NORD>
    <SARD>1027</SARD>
    <SICI>2220</SICI>
    <SUD>3347</SUD>
  </marketintervaldetail>
  <marketintervaldetail>
    <Data>20170310</Data>
    <Mercato>MGP</Mercato>
    <Ora>12</Ora>
    <Totale>40305</Totale>
    <CNOR>4526</CNOR>
    <CSUD>6084</CSUD>
    <NORD>23234</NORD>
    <SARD>991</SARD>
    <SICI>2128</SICI>
    <SUD>3342</SUD>
  </marketintervaldetail>
  <marketintervaldetail>
    <Data>20170310</Data>
    <Mercato>MGP</Mercato>
    <Ora>13</Ora>
    <Totale>38049</Totale>
    <CNOR>4084</CNOR>
    <CSUD>5880</CSUD>
    <NORD>21679</NORD>
    <SARD>961</SARD>
    <SICI>2171</SICI>
    <SUD>3274</SUD>
  </marketintervaldetail>
  <marketintervaldetail>
    <Data>20170310</Data>
    <Mercato>MGP</Mercato>
    <Ora>14</Ora>
    <Totale>36723</Totale>
    <CNOR>3916</CNOR>
    <CSUD>5722</CSUD>
    <NORD>21255</NORD>
    <SARD>923</SARD>
    <SICI>2081</SICI>
    <SUD>2826</SUD>
  </marketintervaldetail>
  <marketintervaldetail>
    <Data>20170310</Data>
    <Mercato>MGP</Mercato>
    <Ora>15</Ora>
    <Totale>37370</Totale>
    <CNOR>4241</CNOR>
    <CSUD>5561</CSUD>
    <NORD>21966</NORD>
    <SARD>938</SARD>
    <SICI>1965</SICI>
    <SUD>2699</SUD>
  </marketintervaldetail>
  <marketintervaldetail>
    <Data>20170310</Data>
    <Mercato>MGP</Mercato>
    <Ora>16</Ora>
    <Totale>38504</Totale>
    <CNOR>4507</CNOR>
    <CSUD>5699</CSUD>
    <NORD>22702</NORD>
    <SARD>964</SARD>
    <SICI>2009</SICI>
    <SUD>2623</SUD>
  </marketintervaldetail>
  <marketintervaldetail>
    <Data>20170310</Data>
    <Mercato>MGP</Mercato>
    <Ora>17</Ora>
    <Totale>38746</Totale>
    <CNOR>4419</CNOR>
    <CSUD>5780</CSUD>
    <NORD>22801</NORD>
    <SARD>942</SARD>
    <SICI>2086</SICI>
    <SUD>2718</SUD>
  </marketintervaldetail>
  <marketintervaldetail>
    <Data>20170310</Data>
    <Mercato>MGP</Mercato>
    <Ora>18</Ora>
    <Totale>39012</Totale>
    <CNOR>4511</CNOR>
    <CSUD>5961</CSUD>
    <NORD>22358</NORD>
    <SARD>947</SARD>
    <SICI>2229</SICI>
    <SUD>3006</SUD>
  </marketintervaldetail>
  <marketintervaldetail>
    <Data>20170310</Data>
    <Mercato>MGP</Mercato>
    <Ora>19</Ora>
    <Totale>41045</Totale>
    <CNOR>4706</CNOR>
    <CSUD>6662</CSUD>
    <NORD>22872</NORD>
    <SARD>1034</SARD>
    <SICI>2413</SICI>
    <SUD>3358</SUD>
  </marketintervaldetail>
  <marketintervaldetail>
    <Data>20170310</Data>
    <Mercato>MGP</Mercato>
    <Ora>20</Ora>
    <Totale>42933</Totale>
    <CNOR>4903</CNOR>
    <CSUD>7101</CSUD>
    <NORD>23719</NORD>
    <SARD>1179</SARD>
    <SICI>2556</SICI>
    <SUD>3475</SUD>
  </marketintervaldetail>
  <marketintervaldetail>
    <Data>20170310</Data>
    <Mercato>MGP</Mercato>
    <Ora>21</Ora>
    <Totale>40834</Totale>
    <CNOR>4464</CNOR>
    <CSUD>6886</CSUD>
    <NORD>22350</NORD>
    <SARD>1190</SARD>
    <SICI>2564</SICI>
    <SUD>3380</SUD>
  </marketintervaldetail>
  <marketintervaldetail>
    <Data>20170310</Data>
    <Mercato>MGP</Mercato>
    <Ora>22</Ora>
    <Totale>37714</Totale>
    <CNOR>4123</CNOR>
    <CSUD>6373</CSUD>
    <NORD>20561</NORD>
    <SARD>1115</SARD>
    <SICI>2418</SICI>
    <SUD>3124</SUD>
  </marketintervaldetail>
  <marketintervaldetail>
    <Data>20170310</Data>
    <Mercato>MGP</Mercato>
    <Ora>23</Ora>
    <Totale>34260</Totale>
    <CNOR>3805</CNOR>
    <CSUD>5821</CSUD>
    <NORD>18630</NORD>
    <SARD>1001</SARD>
    <SICI>2202</SICI>
    <SUD>2801</SUD>
  </marketintervaldetail>
  <marketintervaldetail>
    <Data>20170310</Data>
    <Mercato>MGP</Mercato>
    <Ora>24</Ora>
    <Totale>30360</Totale>
    <CNOR>3405</CNOR>
    <CSUD>5088</CSUD>
    <NORD>16619</NORD>
    <SARD>902</SARD>
    <SICI>1921</SICI>
    <SUD>2425</SUD>
  </marketintervaldetail>
</NewDataSet>