<?xml version="1.0" standalone="yes"?>
<NewDataSet>
  <xs:schema id="NewDataSet" xmlns="" xmlns:xs="http://www.w3.org/2001/XMLSchema" xmlns:msdata="urn:schemas-microsoft-com:xml-msdata">
    <xs:element name="NewDataSet" msdata:IsDataSet="true" msdata:MainDataTable="marketintervaldetail" msdata:UseCurrentLocale="true">
      <xs:complexType>
        <xs:choice minOccurs="0" maxOccurs="unbounded">
          <xs:element name="marketintervaldetail">
            <xs:complexType>
              <xs:sequence>
                <xs:element name="Data" type="xs:string" minOccurs="0" />
                <xs:element name="Mercato" type="xs:string" minOccurs="0" />
                <xs:element name="Ora" type="xs:string" minOccurs="0" />
                <xs:element name="Totale" type="xs:string" minOccurs="0" />
                <xs:element name="CNOR" type="xs:string" minOccurs="0" />
                <xs:element name="CSUD" type="xs:string" minOccurs="0" />
                <xs:element name="NORD" type="xs:string" minOccurs="0" />
                <xs:element name="SARD" type="xs:string" minOccurs="0" />
                <xs:element name="SICI" type="xs:string" minOccurs="0" />
                <xs:element name="SUD" type="xs:string" minOccurs="0" />
              </xs:sequence>
            </xs:complexType>
          </xs:element>
        </xs:choice>
      </xs:complexType>
    </xs:element>
  </xs:schema>
  <marketintervaldetail>
    <Data>20170331</Data>
    <Mercato>MGP</Mercato>
    <Ora>01</Ora>
    <Totale>27740</Totale>
    <CNOR>2907</CNOR>
    <CSUD>4166</CSUD>
    <NORD>15842</NORD>
    <SARD>841</SARD>
    <SICI>1520</SICI>
    <SUD>2464</SUD>
  </marketintervaldetail>
  <marketintervaldetail>
    <Data>20170331</Data>
    <Mercato>MGP</Mercato>
    <Ora>02</Ora>
    <Totale>26028</Totale>
    <CNOR>2742</CNOR>
    <CSUD>3889</CSUD>
    <NORD>14957</NORD>
    <SARD>782</SARD>
    <SICI>1443</SICI>
    <SUD>2215</SUD>
  </marketintervaldetail>
  <marketintervaldetail>
    <Data>20170331</Data>
    <Mercato>MGP</Mercato>
    <Ora>03</Ora>
    <Totale>24860</Totale>
    <CNOR>2632</CNOR>
    <CSUD>3610</CSUD>
    <NORD>14410</NORD>
    <SARD>744</SARD>
    <SICI>1383</SICI>
    <SUD>2081</SUD>
  </marketintervaldetail>
  <marketintervaldetail>
    <Data>20170331</Data>
    <Mercato>MGP</Mercato>
    <Ora>04</Ora>
    <Totale>24322</Totale>
    <CNOR>2573</CNOR>
    <CSUD>3523</CSUD>
    <NORD>14105</NORD>
    <SARD>729</SARD>
    <SICI>1335</SICI>
    <SUD>2057</SUD>
  </marketintervaldetail>
  <marketintervaldetail>
    <Data>20170331</Data>
    <Mercato>MGP</Mercato>
    <Ora>05</Ora>
    <Totale>24378</Totale>
    <CNOR>2598</CNOR>
    <CSUD>3542</CSUD>
    <NORD>14083</NORD>
    <SARD>722</SARD>
    <SICI>1376</SICI>
    <SUD>2057</SUD>
  </marketintervaldetail>
  <marketintervaldetail>
    <Data>20170331</Data>
    <Mercato>MGP</Mercato>
    <Ora>06</Ora>
    <Totale>25818</Totale>
    <CNOR>2725</CNOR>
    <CSUD>3724</CSUD>
    <NORD>15068</NORD>
    <SARD>751</SARD>
    <SICI>1425</SICI>
    <SUD>2125</SUD>
  </marketintervaldetail>
  <marketintervaldetail>
    <Data>20170331</Data>
    <Mercato>MGP</Mercato>
    <Ora>07</Ora>
    <Totale>30732</Totale>
    <CNOR>3191</CNOR>
    <CSUD>4440</CSUD>
    <NORD>18193</NORD>
    <SARD>878</SARD>
    <SICI>1584</SICI>
    <SUD>2446</SUD>
  </marketintervaldetail>
  <marketintervaldetail>
    <Data>20170331</Data>
    <Mercato>MGP</Mercato>
    <Ora>08</Ora>
    <Totale>35300</Totale>
    <CNOR>3686</CNOR>
    <CSUD>5139</CSUD>
    <NORD>20978</NORD>
    <SARD>992</SARD>
    <SICI>1885</SICI>
    <SUD>2620</SUD>
  </marketintervaldetail>
  <marketintervaldetail>
    <Data>20170331</Data>
    <Mercato>MGP</Mercato>
    <Ora>09</Ora>
    <Totale>39444</Totale>
    <CNOR>4342</CNOR>
    <CSUD>5620</CSUD>
    <NORD>23579</NORD>
    <SARD>1062</SARD>
    <SICI>1999</SICI>
    <SUD>2842</SUD>
  </marketintervaldetail>
  <marketintervaldetail>
    <Data>20170331</Data>
    <Mercato>MGP</Mercato>
    <Ora>10</Ora>
    <Totale>39695</Totale>
    <CNOR>4482</CNOR>
    <CSUD>5734</CSUD>
    <NORD>23603</NORD>
    <SARD>1032</SARD>
    <SICI>1982</SICI>
    <SUD>2862</SUD>
  </marketintervaldetail>
  <marketintervaldetail>
    <Data>20170331</Data>
    <Mercato>MGP</Mercato>
    <Ora>11</Ora>
    <Totale>39271</Totale>
    <CNOR>4548</CNOR>
    <CSUD>5829</CSUD>
    <NORD>23296</NORD>
    <SARD>980</SARD>
    <SICI>1872</SICI>
    <SUD>2746</SUD>
  </marketintervaldetail>
  <marketintervaldetail>
    <Data>20170331</Data>
    <Mercato>MGP</Mercato>
    <Ora>12</Ora>
    <Totale>38754</Totale>
    <CNOR>4507</CNOR>
    <CSUD>5588</CSUD>
    <NORD>23140</NORD>
    <SARD>935</SARD>
    <SICI>1842</SICI>
    <SUD>2742</SUD>
  </marketintervaldetail>
  <marketintervaldetail>
    <Data>20170331</Data>
    <Mercato>MGP</Mercato>
    <Ora>13</Ora>
    <Totale>36629</Totale>
    <CNOR>4213</CNOR>
    <CSUD>5422</CSUD>
    <NORD>21582</NORD>
    <SARD>929</SARD>
    <SICI>1803</SICI>
    <SUD>2680</SUD>
  </marketintervaldetail>
  <marketintervaldetail>
    <Data>20170331</Data>
    <Mercato>MGP</Mercato>
    <Ora>14</Ora>
    <Totale>35891</Totale>
    <CNOR>4020</CNOR>
    <CSUD>5316</CSUD>
    <NORD>21256</NORD>
    <SARD>896</SARD>
    <SICI>1830</SICI>
    <SUD>2573</SUD>
  </marketintervaldetail>
  <marketintervaldetail>
    <Data>20170331</Data>
    <Mercato>MGP</Mercato>
    <Ora>15</Ora>
    <Totale>36686</Totale>
    <CNOR>4125</CNOR>
    <CSUD>5371</CSUD>
    <NORD>22084</NORD>
    <SARD>826</SARD>
    <SICI>1817</SICI>
    <SUD>2463</SUD>
  </marketintervaldetail>
  <marketintervaldetail>
    <Data>20170331</Data>
    <Mercato>MGP</Mercato>
    <Ora>16</Ora>
    <Totale>36913</Totale>
    <CNOR>4200</CNOR>
    <CSUD>5439</CSUD>
    <NORD>21905</NORD>
    <SARD>738</SARD>
    <SICI>1832</SICI>
    <SUD>2799</SUD>
  </marketintervaldetail>
  <marketintervaldetail>
    <Data>20170331</Data>
    <Mercato>MGP</Mercato>
    <Ora>17</Ora>
    <Totale>36780</Totale>
    <CNOR>4094</CNOR>
    <CSUD>5398</CSUD>
    <NORD>21782</NORD>
    <SARD>762</SARD>
    <SICI>1924</SICI>
    <SUD>2820</SUD>
  </marketintervaldetail>
  <marketintervaldetail>
    <Data>20170331</Data>
    <Mercato>MGP</Mercato>
    <Ora>18</Ora>
    <Totale>36383</Totale>
    <CNOR>4024</CNOR>
    <CSUD>5497</CSUD>
    <NORD>21274</NORD>
    <SARD>833</SARD>
    <SICI>1915</SICI>
    <SUD>2840</SUD>
  </marketintervaldetail>
  <marketintervaldetail>
    <Data>20170331</Data>
    <Mercato>MGP</Mercato>
    <Ora>19</Ora>
    <Totale>35870</Totale>
    <CNOR>3963</CNOR>
    <CSUD>5420</CSUD>
    <NORD>20827</NORD>
    <SARD>833</SARD>
    <SICI>2000</SICI>
    <SUD>2827</SUD>
  </marketintervaldetail>
  <marketintervaldetail>
    <Data>20170331</Data>
    <Mercato>MGP</Mercato>
    <Ora>20</Ora>
    <Totale>37448</Totale>
    <CNOR>4133</CNOR>
    <CSUD>5820</CSUD>
    <NORD>21115</NORD>
    <SARD>900</SARD>
    <SICI>2212</SICI>
    <SUD>3268</SUD>
  </marketintervaldetail>
  <marketintervaldetail>
    <Data>20170331</Data>
    <Mercato>MGP</Mercato>
    <Ora>21</Ora>
    <Totale>39224</Totale>
    <CNOR>4332</CNOR>
    <CSUD>6181</CSUD>
    <NORD>21436</NORD>
    <SARD>1145</SARD>
    <SICI>2403</SICI>
    <SUD>3727</SUD>
  </marketintervaldetail>
  <marketintervaldetail>
    <Data>20170331</Data>
    <Mercato>MGP</Mercato>
    <Ora>22</Ora>
    <Totale>36757</Totale>
    <CNOR>3935</CNOR>
    <CSUD>5607</CSUD>
    <NORD>20259</NORD>
    <SARD>1116</SARD>
    <SICI>2382</SICI>
    <SUD>3458</SUD>
  </marketintervaldetail>
  <marketintervaldetail>
    <Data>20170331</Data>
    <Mercato>MGP</Mercato>
    <Ora>23</Ora>
    <Totale>33647</Totale>
    <CNOR>3616</CNOR>
    <CSUD>5194</CSUD>
    <NORD>18500</NORD>
    <SARD>1052</SARD>
    <SICI>2083</SICI>
    <SUD>3202</SUD>
  </marketintervaldetail>
  <marketintervaldetail>
    <Data>20170331</Data>
    <Mercato>MGP</Mercato>
    <Ora>24</Ora>
    <Totale>30000</Totale>
    <CNOR>3116</CNOR>
    <CSUD>4341</CSUD>
    <NORD>16878</NORD>
    <SARD>973</SARD>
    <SICI>1803</SICI>
    <SUD>2889</SUD>
  </marketintervaldetail>
</NewDataSet>