<?xml version="1.0" standalone="yes"?>
<NewDataSet>
  <xs:schema id="NewDataSet" xmlns="" xmlns:xs="http://www.w3.org/2001/XMLSchema" xmlns:msdata="urn:schemas-microsoft-com:xml-msdata">
    <xs:element name="NewDataSet" msdata:IsDataSet="true" msdata:MainDataTable="marketintervaldetail" msdata:UseCurrentLocale="true">
      <xs:complexType>
        <xs:choice minOccurs="0" maxOccurs="unbounded">
          <xs:element name="marketintervaldetail">
            <xs:complexType>
              <xs:sequence>
                <xs:element name="Data" type="xs:string" minOccurs="0" />
                <xs:element name="Mercato" type="xs:string" minOccurs="0" />
                <xs:element name="Ora" type="xs:string" minOccurs="0" />
                <xs:element name="Totale" type="xs:string" minOccurs="0" />
                <xs:element name="CNOR" type="xs:string" minOccurs="0" />
                <xs:element name="CSUD" type="xs:string" minOccurs="0" />
                <xs:element name="NORD" type="xs:string" minOccurs="0" />
                <xs:element name="SARD" type="xs:string" minOccurs="0" />
                <xs:element name="SICI" type="xs:string" minOccurs="0" />
                <xs:element name="SUD" type="xs:string" minOccurs="0" />
              </xs:sequence>
            </xs:complexType>
          </xs:element>
        </xs:choice>
      </xs:complexType>
    </xs:element>
  </xs:schema>
  <marketintervaldetail>
    <Data>20170307</Data>
    <Mercato>MGP</Mercato>
    <Ora>01</Ora>
    <Totale>26622</Totale>
    <CNOR>2796</CNOR>
    <CSUD>4209</CSUD>
    <NORD>14739</NORD>
    <SARD>849</SARD>
    <SICI>1609</SICI>
    <SUD>2420</SUD>
  </marketintervaldetail>
  <marketintervaldetail>
    <Data>20170307</Data>
    <Mercato>MGP</Mercato>
    <Ora>02</Ora>
    <Totale>24984</Totale>
    <CNOR>2608</CNOR>
    <CSUD>3950</CSUD>
    <NORD>13895</NORD>
    <SARD>803</SARD>
    <SICI>1496</SICI>
    <SUD>2232</SUD>
  </marketintervaldetail>
  <marketintervaldetail>
    <Data>20170307</Data>
    <Mercato>MGP</Mercato>
    <Ora>03</Ora>
    <Totale>23802</Totale>
    <CNOR>2527</CNOR>
    <CSUD>3837</CSUD>
    <NORD>13236</NORD>
    <SARD>770</SARD>
    <SICI>1409</SICI>
    <SUD>2023</SUD>
  </marketintervaldetail>
  <marketintervaldetail>
    <Data>20170307</Data>
    <Mercato>MGP</Mercato>
    <Ora>04</Ora>
    <Totale>23385</Totale>
    <CNOR>2453</CNOR>
    <CSUD>3819</CSUD>
    <NORD>12978</NORD>
    <SARD>761</SARD>
    <SICI>1374</SICI>
    <SUD>2000</SUD>
  </marketintervaldetail>
  <marketintervaldetail>
    <Data>20170307</Data>
    <Mercato>MGP</Mercato>
    <Ora>05</Ora>
    <Totale>23845</Totale>
    <CNOR>2540</CNOR>
    <CSUD>3714</CSUD>
    <NORD>13395</NORD>
    <SARD>765</SARD>
    <SICI>1389</SICI>
    <SUD>2042</SUD>
  </marketintervaldetail>
  <marketintervaldetail>
    <Data>20170307</Data>
    <Mercato>MGP</Mercato>
    <Ora>06</Ora>
    <Totale>25552</Totale>
    <CNOR>2770</CNOR>
    <CSUD>3891</CSUD>
    <NORD>14462</NORD>
    <SARD>798</SARD>
    <SICI>1470</SICI>
    <SUD>2161</SUD>
  </marketintervaldetail>
  <marketintervaldetail>
    <Data>20170307</Data>
    <Mercato>MGP</Mercato>
    <Ora>07</Ora>
    <Totale>30241</Totale>
    <CNOR>3263</CNOR>
    <CSUD>4597</CSUD>
    <NORD>17497</NORD>
    <SARD>909</SARD>
    <SICI>1610</SICI>
    <SUD>2365</SUD>
  </marketintervaldetail>
  <marketintervaldetail>
    <Data>20170307</Data>
    <Mercato>MGP</Mercato>
    <Ora>08</Ora>
    <Totale>35371</Totale>
    <CNOR>3810</CNOR>
    <CSUD>5435</CSUD>
    <NORD>20390</NORD>
    <SARD>1052</SARD>
    <SICI>1934</SICI>
    <SUD>2750</SUD>
  </marketintervaldetail>
  <marketintervaldetail>
    <Data>20170307</Data>
    <Mercato>MGP</Mercato>
    <Ora>09</Ora>
    <Totale>40217</Totale>
    <CNOR>4455</CNOR>
    <CSUD>6094</CSUD>
    <NORD>23350</NORD>
    <SARD>1116</SARD>
    <SICI>2167</SICI>
    <SUD>3035</SUD>
  </marketintervaldetail>
  <marketintervaldetail>
    <Data>20170307</Data>
    <Mercato>MGP</Mercato>
    <Ora>10</Ora>
    <Totale>41535</Totale>
    <CNOR>4603</CNOR>
    <CSUD>6496</CSUD>
    <NORD>24326</NORD>
    <SARD>1101</SARD>
    <SICI>2029</SICI>
    <SUD>2980</SUD>
  </marketintervaldetail>
  <marketintervaldetail>
    <Data>20170307</Data>
    <Mercato>MGP</Mercato>
    <Ora>11</Ora>
    <Totale>41455</Totale>
    <CNOR>4905</CNOR>
    <CSUD>6801</CSUD>
    <NORD>23943</NORD>
    <SARD>1079</SARD>
    <SICI>1917</SICI>
    <SUD>2810</SUD>
  </marketintervaldetail>
  <marketintervaldetail>
    <Data>20170307</Data>
    <Mercato>MGP</Mercato>
    <Ora>12</Ora>
    <Totale>41218</Totale>
    <CNOR>5092</CNOR>
    <CSUD>6892</CSUD>
    <NORD>23802</NORD>
    <SARD>997</SARD>
    <SICI>1886</SICI>
    <SUD>2549</SUD>
  </marketintervaldetail>
  <marketintervaldetail>
    <Data>20170307</Data>
    <Mercato>MGP</Mercato>
    <Ora>13</Ora>
    <Totale>39537</Totale>
    <CNOR>4942</CNOR>
    <CSUD>7011</CSUD>
    <NORD>21758</NORD>
    <SARD>986</SARD>
    <SICI>1980</SICI>
    <SUD>2860</SUD>
  </marketintervaldetail>
  <marketintervaldetail>
    <Data>20170307</Data>
    <Mercato>MGP</Mercato>
    <Ora>14</Ora>
    <Totale>38294</Totale>
    <CNOR>4469</CNOR>
    <CSUD>6463</CSUD>
    <NORD>21639</NORD>
    <SARD>953</SARD>
    <SICI>1903</SICI>
    <SUD>2867</SUD>
  </marketintervaldetail>
  <marketintervaldetail>
    <Data>20170307</Data>
    <Mercato>MGP</Mercato>
    <Ora>15</Ora>
    <Totale>38696</Totale>
    <CNOR>4138</CNOR>
    <CSUD>6335</CSUD>
    <NORD>22653</NORD>
    <SARD>958</SARD>
    <SICI>1856</SICI>
    <SUD>2756</SUD>
  </marketintervaldetail>
  <marketintervaldetail>
    <Data>20170307</Data>
    <Mercato>MGP</Mercato>
    <Ora>16</Ora>
    <Totale>39379</Totale>
    <CNOR>4536</CNOR>
    <CSUD>6493</CSUD>
    <NORD>22784</NORD>
    <SARD>949</SARD>
    <SICI>1938</SICI>
    <SUD>2679</SUD>
  </marketintervaldetail>
  <marketintervaldetail>
    <Data>20170307</Data>
    <Mercato>MGP</Mercato>
    <Ora>17</Ora>
    <Totale>39956</Totale>
    <CNOR>4994</CNOR>
    <CSUD>6716</CSUD>
    <NORD>22445</NORD>
    <SARD>966</SARD>
    <SICI>2035</SICI>
    <SUD>2800</SUD>
  </marketintervaldetail>
  <marketintervaldetail>
    <Data>20170307</Data>
    <Mercato>MGP</Mercato>
    <Ora>18</Ora>
    <Totale>39865</Totale>
    <CNOR>5000</CNOR>
    <CSUD>6684</CSUD>
    <NORD>22116</NORD>
    <SARD>967</SARD>
    <SICI>2129</SICI>
    <SUD>2969</SUD>
  </marketintervaldetail>
  <marketintervaldetail>
    <Data>20170307</Data>
    <Mercato>MGP</Mercato>
    <Ora>19</Ora>
    <Totale>41341</Totale>
    <CNOR>4746</CNOR>
    <CSUD>6863</CSUD>
    <NORD>22887</NORD>
    <SARD>1076</SARD>
    <SICI>2367</SICI>
    <SUD>3402</SUD>
  </marketintervaldetail>
  <marketintervaldetail>
    <Data>20170307</Data>
    <Mercato>MGP</Mercato>
    <Ora>20</Ora>
    <Totale>42815</Totale>
    <CNOR>4746</CNOR>
    <CSUD>7157</CSUD>
    <NORD>23512</NORD>
    <SARD>1210</SARD>
    <SICI>2541</SICI>
    <SUD>3649</SUD>
  </marketintervaldetail>
  <marketintervaldetail>
    <Data>20170307</Data>
    <Mercato>MGP</Mercato>
    <Ora>21</Ora>
    <Totale>40545</Totale>
    <CNOR>4436</CNOR>
    <CSUD>6912</CSUD>
    <NORD>21870</NORD>
    <SARD>1207</SARD>
    <SICI>2495</SICI>
    <SUD>3625</SUD>
  </marketintervaldetail>
  <marketintervaldetail>
    <Data>20170307</Data>
    <Mercato>MGP</Mercato>
    <Ora>22</Ora>
    <Totale>37395</Totale>
    <CNOR>4042</CNOR>
    <CSUD>6407</CSUD>
    <NORD>20104</NORD>
    <SARD>1138</SARD>
    <SICI>2321</SICI>
    <SUD>3383</SUD>
  </marketintervaldetail>
  <marketintervaldetail>
    <Data>20170307</Data>
    <Mercato>MGP</Mercato>
    <Ora>23</Ora>
    <Totale>33275</Totale>
    <CNOR>3558</CNOR>
    <CSUD>5706</CSUD>
    <NORD>17816</NORD>
    <SARD>1065</SARD>
    <SICI>2096</SICI>
    <SUD>3034</SUD>
  </marketintervaldetail>
  <marketintervaldetail>
    <Data>20170307</Data>
    <Mercato>MGP</Mercato>
    <Ora>24</Ora>
    <Totale>29817</Totale>
    <CNOR>3137</CNOR>
    <CSUD>4995</CSUD>
    <NORD>16102</NORD>
    <SARD>983</SARD>
    <SICI>1876</SICI>
    <SUD>2724</SUD>
  </marketintervaldetail>
</NewDataSet>