<?xml version="1.0" standalone="yes"?>
<NewDataSet>
  <xs:schema id="NewDataSet" xmlns="" xmlns:xs="http://www.w3.org/2001/XMLSchema" xmlns:msdata="urn:schemas-microsoft-com:xml-msdata">
    <xs:element name="NewDataSet" msdata:IsDataSet="true" msdata:MainDataTable="marketintervaldetail" msdata:UseCurrentLocale="true">
      <xs:complexType>
        <xs:choice minOccurs="0" maxOccurs="unbounded">
          <xs:element name="marketintervaldetail">
            <xs:complexType>
              <xs:sequence>
                <xs:element name="Data" type="xs:string" minOccurs="0" />
                <xs:element name="Mercato" type="xs:string" minOccurs="0" />
                <xs:element name="Ora" type="xs:string" minOccurs="0" />
                <xs:element name="Totale" type="xs:string" minOccurs="0" />
                <xs:element name="CNOR" type="xs:string" minOccurs="0" />
                <xs:element name="CSUD" type="xs:string" minOccurs="0" />
                <xs:element name="NORD" type="xs:string" minOccurs="0" />
                <xs:element name="SARD" type="xs:string" minOccurs="0" />
                <xs:element name="SICI" type="xs:string" minOccurs="0" />
                <xs:element name="SUD" type="xs:string" minOccurs="0" />
              </xs:sequence>
            </xs:complexType>
          </xs:element>
        </xs:choice>
      </xs:complexType>
    </xs:element>
  </xs:schema>
  <marketintervaldetail>
    <Data>20170312</Data>
    <Mercato>MGP</Mercato>
    <Ora>01</Ora>
    <Totale>23424</Totale>
    <CNOR>2345</CNOR>
    <CSUD>4009</CSUD>
    <NORD>12162</NORD>
    <SARD>835</SARD>
    <SICI>1694</SICI>
    <SUD>2379</SUD>
  </marketintervaldetail>
  <marketintervaldetail>
    <Data>20170312</Data>
    <Mercato>MGP</Mercato>
    <Ora>02</Ora>
    <Totale>21879</Totale>
    <CNOR>2195</CNOR>
    <CSUD>3805</CSUD>
    <NORD>11395</NORD>
    <SARD>798</SARD>
    <SICI>1564</SICI>
    <SUD>2122</SUD>
  </marketintervaldetail>
  <marketintervaldetail>
    <Data>20170312</Data>
    <Mercato>MGP</Mercato>
    <Ora>03</Ora>
    <Totale>20577</Totale>
    <CNOR>2121</CNOR>
    <CSUD>3533</CSUD>
    <NORD>10822</NORD>
    <SARD>756</SARD>
    <SICI>1439</SICI>
    <SUD>1906</SUD>
  </marketintervaldetail>
  <marketintervaldetail>
    <Data>20170312</Data>
    <Mercato>MGP</Mercato>
    <Ora>04</Ora>
    <Totale>20148</Totale>
    <CNOR>2058</CNOR>
    <CSUD>3475</CSUD>
    <NORD>10624</NORD>
    <SARD>741</SARD>
    <SICI>1363</SICI>
    <SUD>1887</SUD>
  </marketintervaldetail>
  <marketintervaldetail>
    <Data>20170312</Data>
    <Mercato>MGP</Mercato>
    <Ora>05</Ora>
    <Totale>20256</Totale>
    <CNOR>2093</CNOR>
    <CSUD>3423</CSUD>
    <NORD>10749</NORD>
    <SARD>740</SARD>
    <SICI>1359</SICI>
    <SUD>1892</SUD>
  </marketintervaldetail>
  <marketintervaldetail>
    <Data>20170312</Data>
    <Mercato>MGP</Mercato>
    <Ora>06</Ora>
    <Totale>20715</Totale>
    <CNOR>2171</CNOR>
    <CSUD>3454</CSUD>
    <NORD>11076</NORD>
    <SARD>750</SARD>
    <SICI>1364</SICI>
    <SUD>1900</SUD>
  </marketintervaldetail>
  <marketintervaldetail>
    <Data>20170312</Data>
    <Mercato>MGP</Mercato>
    <Ora>07</Ora>
    <Totale>21155</Totale>
    <CNOR>2242</CNOR>
    <CSUD>3568</CSUD>
    <NORD>11408</NORD>
    <SARD>785</SARD>
    <SICI>1335</SICI>
    <SUD>1817</SUD>
  </marketintervaldetail>
  <marketintervaldetail>
    <Data>20170312</Data>
    <Mercato>MGP</Mercato>
    <Ora>08</Ora>
    <Totale>21702</Totale>
    <CNOR>2293</CNOR>
    <CSUD>3673</CSUD>
    <NORD>11586</NORD>
    <SARD>822</SARD>
    <SICI>1423</SICI>
    <SUD>1905</SUD>
  </marketintervaldetail>
  <marketintervaldetail>
    <Data>20170312</Data>
    <Mercato>MGP</Mercato>
    <Ora>09</Ora>
    <Totale>24235</Totale>
    <CNOR>2622</CNOR>
    <CSUD>4174</CSUD>
    <NORD>12656</NORD>
    <SARD>874</SARD>
    <SICI>1620</SICI>
    <SUD>2289</SUD>
  </marketintervaldetail>
  <marketintervaldetail>
    <Data>20170312</Data>
    <Mercato>MGP</Mercato>
    <Ora>10</Ora>
    <Totale>26079</Totale>
    <CNOR>2806</CNOR>
    <CSUD>4562</CSUD>
    <NORD>13834</NORD>
    <SARD>902</SARD>
    <SICI>1656</SICI>
    <SUD>2319</SUD>
  </marketintervaldetail>
  <marketintervaldetail>
    <Data>20170312</Data>
    <Mercato>MGP</Mercato>
    <Ora>11</Ora>
    <Totale>27304</Totale>
    <CNOR>3196</CNOR>
    <CSUD>5129</CSUD>
    <NORD>14149</NORD>
    <SARD>925</SARD>
    <SICI>1666</SICI>
    <SUD>2239</SUD>
  </marketintervaldetail>
  <marketintervaldetail>
    <Data>20170312</Data>
    <Mercato>MGP</Mercato>
    <Ora>12</Ora>
    <Totale>28185</Totale>
    <CNOR>3488</CNOR>
    <CSUD>5412</CSUD>
    <NORD>14409</NORD>
    <SARD>891</SARD>
    <SICI>1711</SICI>
    <SUD>2274</SUD>
  </marketintervaldetail>
  <marketintervaldetail>
    <Data>20170312</Data>
    <Mercato>MGP</Mercato>
    <Ora>13</Ora>
    <Totale>28170</Totale>
    <CNOR>3438</CNOR>
    <CSUD>5433</CSUD>
    <NORD>14053</NORD>
    <SARD>900</SARD>
    <SICI>1879</SICI>
    <SUD>2467</SUD>
  </marketintervaldetail>
  <marketintervaldetail>
    <Data>20170312</Data>
    <Mercato>MGP</Mercato>
    <Ora>14</Ora>
    <Totale>26898</Totale>
    <CNOR>3092</CNOR>
    <CSUD>5112</CSUD>
    <NORD>13630</NORD>
    <SARD>849</SARD>
    <SICI>1751</SICI>
    <SUD>2464</SUD>
  </marketintervaldetail>
  <marketintervaldetail>
    <Data>20170312</Data>
    <Mercato>MGP</Mercato>
    <Ora>15</Ora>
    <Totale>26122</Totale>
    <CNOR>2890</CNOR>
    <CSUD>4916</CSUD>
    <NORD>13510</NORD>
    <SARD>833</SARD>
    <SICI>1766</SICI>
    <SUD>2207</SUD>
  </marketintervaldetail>
  <marketintervaldetail>
    <Data>20170312</Data>
    <Mercato>MGP</Mercato>
    <Ora>16</Ora>
    <Totale>26427</Totale>
    <CNOR>2771</CNOR>
    <CSUD>4828</CSUD>
    <NORD>13869</NORD>
    <SARD>837</SARD>
    <SICI>1800</SICI>
    <SUD>2322</SUD>
  </marketintervaldetail>
  <marketintervaldetail>
    <Data>20170312</Data>
    <Mercato>MGP</Mercato>
    <Ora>17</Ora>
    <Totale>26256</Totale>
    <CNOR>2844</CNOR>
    <CSUD>4711</CSUD>
    <NORD>13820</NORD>
    <SARD>839</SARD>
    <SICI>1762</SICI>
    <SUD>2280</SUD>
  </marketintervaldetail>
  <marketintervaldetail>
    <Data>20170312</Data>
    <Mercato>MGP</Mercato>
    <Ora>18</Ora>
    <Totale>27196</Totale>
    <CNOR>3033</CNOR>
    <CSUD>4813</CSUD>
    <NORD>14076</NORD>
    <SARD>874</SARD>
    <SICI>1845</SICI>
    <SUD>2555</SUD>
  </marketintervaldetail>
  <marketintervaldetail>
    <Data>20170312</Data>
    <Mercato>MGP</Mercato>
    <Ora>19</Ora>
    <Totale>30492</Totale>
    <CNOR>3345</CNOR>
    <CSUD>5366</CSUD>
    <NORD>15843</NORD>
    <SARD>969</SARD>
    <SICI>2061</SICI>
    <SUD>2908</SUD>
  </marketintervaldetail>
  <marketintervaldetail>
    <Data>20170312</Data>
    <Mercato>MGP</Mercato>
    <Ora>20</Ora>
    <Totale>33257</Totale>
    <CNOR>3608</CNOR>
    <CSUD>5732</CSUD>
    <NORD>17540</NORD>
    <SARD>1063</SARD>
    <SICI>2210</SICI>
    <SUD>3104</SUD>
  </marketintervaldetail>
  <marketintervaldetail>
    <Data>20170312</Data>
    <Mercato>MGP</Mercato>
    <Ora>21</Ora>
    <Totale>32416</Totale>
    <CNOR>3457</CNOR>
    <CSUD>5694</CSUD>
    <NORD>16676</NORD>
    <SARD>1085</SARD>
    <SICI>2296</SICI>
    <SUD>3208</SUD>
  </marketintervaldetail>
  <marketintervaldetail>
    <Data>20170312</Data>
    <Mercato>MGP</Mercato>
    <Ora>22</Ora>
    <Totale>30610</Totale>
    <CNOR>3316</CNOR>
    <CSUD>5413</CSUD>
    <NORD>15579</NORD>
    <SARD>1030</SARD>
    <SICI>2177</SICI>
    <SUD>3095</SUD>
  </marketintervaldetail>
  <marketintervaldetail>
    <Data>20170312</Data>
    <Mercato>MGP</Mercato>
    <Ora>23</Ora>
    <Totale>28317</Totale>
    <CNOR>3019</CNOR>
    <CSUD>5001</CSUD>
    <NORD>14403</NORD>
    <SARD>978</SARD>
    <SICI>1967</SICI>
    <SUD>2949</SUD>
  </marketintervaldetail>
  <marketintervaldetail>
    <Data>20170312</Data>
    <Mercato>MGP</Mercato>
    <Ora>24</Ora>
    <Totale>25316</Totale>
    <CNOR>2674</CNOR>
    <CSUD>4321</CSUD>
    <NORD>12995</NORD>
    <SARD>888</SARD>
    <SICI>1779</SICI>
    <SUD>2659</SUD>
  </marketintervaldetail>
</NewDataSet>