<?xml version="1.0" standalone="yes"?>
<NewDataSet>
  <xs:schema id="NewDataSet" xmlns="" xmlns:xs="http://www.w3.org/2001/XMLSchema" xmlns:msdata="urn:schemas-microsoft-com:xml-msdata">
    <xs:element name="NewDataSet" msdata:IsDataSet="true" msdata:MainDataTable="marketintervaldetail" msdata:UseCurrentLocale="true">
      <xs:complexType>
        <xs:choice minOccurs="0" maxOccurs="unbounded">
          <xs:element name="marketintervaldetail">
            <xs:complexType>
              <xs:sequence>
                <xs:element name="Data" type="xs:string" minOccurs="0" />
                <xs:element name="Mercato" type="xs:string" minOccurs="0" />
                <xs:element name="Ora" type="xs:string" minOccurs="0" />
                <xs:element name="Totale" type="xs:string" minOccurs="0" />
                <xs:element name="CNOR" type="xs:string" minOccurs="0" />
                <xs:element name="CSUD" type="xs:string" minOccurs="0" />
                <xs:element name="NORD" type="xs:string" minOccurs="0" />
                <xs:element name="SARD" type="xs:string" minOccurs="0" />
                <xs:element name="SICI" type="xs:string" minOccurs="0" />
                <xs:element name="SUD" type="xs:string" minOccurs="0" />
              </xs:sequence>
            </xs:complexType>
          </xs:element>
        </xs:choice>
      </xs:complexType>
    </xs:element>
  </xs:schema>
  <marketintervaldetail>
    <Data>20170311</Data>
    <Mercato>MGP</Mercato>
    <Ora>01</Ora>
    <Totale>28056</Totale>
    <CNOR>2890</CNOR>
    <CSUD>4424</CSUD>
    <NORD>15804</NORD>
    <SARD>858</SARD>
    <SICI>1712</SICI>
    <SUD>2368</SUD>
  </marketintervaldetail>
  <marketintervaldetail>
    <Data>20170311</Data>
    <Mercato>MGP</Mercato>
    <Ora>02</Ora>
    <Totale>25873</Totale>
    <CNOR>2677</CNOR>
    <CSUD>3961</CSUD>
    <NORD>14824</NORD>
    <SARD>801</SARD>
    <SICI>1482</SICI>
    <SUD>2128</SUD>
  </marketintervaldetail>
  <marketintervaldetail>
    <Data>20170311</Data>
    <Mercato>MGP</Mercato>
    <Ora>03</Ora>
    <Totale>24419</Totale>
    <CNOR>2493</CNOR>
    <CSUD>3656</CSUD>
    <NORD>14100</NORD>
    <SARD>766</SARD>
    <SICI>1400</SICI>
    <SUD>2004</SUD>
  </marketintervaldetail>
  <marketintervaldetail>
    <Data>20170311</Data>
    <Mercato>MGP</Mercato>
    <Ora>04</Ora>
    <Totale>24060</Totale>
    <CNOR>2421</CNOR>
    <CSUD>3593</CSUD>
    <NORD>13932</NORD>
    <SARD>746</SARD>
    <SICI>1368</SICI>
    <SUD>2000</SUD>
  </marketintervaldetail>
  <marketintervaldetail>
    <Data>20170311</Data>
    <Mercato>MGP</Mercato>
    <Ora>05</Ora>
    <Totale>23845</Totale>
    <CNOR>2442</CNOR>
    <CSUD>3608</CSUD>
    <NORD>13677</NORD>
    <SARD>735</SARD>
    <SICI>1339</SICI>
    <SUD>2044</SUD>
  </marketintervaldetail>
  <marketintervaldetail>
    <Data>20170311</Data>
    <Mercato>MGP</Mercato>
    <Ora>06</Ora>
    <Totale>24432</Totale>
    <CNOR>2471</CNOR>
    <CSUD>3756</CSUD>
    <NORD>13924</NORD>
    <SARD>752</SARD>
    <SICI>1415</SICI>
    <SUD>2114</SUD>
  </marketintervaldetail>
  <marketintervaldetail>
    <Data>20170311</Data>
    <Mercato>MGP</Mercato>
    <Ora>07</Ora>
    <Totale>25741</Totale>
    <CNOR>2615</CNOR>
    <CSUD>4040</CSUD>
    <NORD>14569</NORD>
    <SARD>810</SARD>
    <SICI>1534</SICI>
    <SUD>2173</SUD>
  </marketintervaldetail>
  <marketintervaldetail>
    <Data>20170311</Data>
    <Mercato>MGP</Mercato>
    <Ora>08</Ora>
    <Totale>28283</Totale>
    <CNOR>2863</CNOR>
    <CSUD>4430</CSUD>
    <NORD>15982</NORD>
    <SARD>892</SARD>
    <SICI>1672</SICI>
    <SUD>2444</SUD>
  </marketintervaldetail>
  <marketintervaldetail>
    <Data>20170311</Data>
    <Mercato>MGP</Mercato>
    <Ora>09</Ora>
    <Totale>30772</Totale>
    <CNOR>3046</CNOR>
    <CSUD>4896</CSUD>
    <NORD>17505</NORD>
    <SARD>958</SARD>
    <SICI>1817</SICI>
    <SUD>2550</SUD>
  </marketintervaldetail>
  <marketintervaldetail>
    <Data>20170311</Data>
    <Mercato>MGP</Mercato>
    <Ora>10</Ora>
    <Totale>32735</Totale>
    <CNOR>3663</CNOR>
    <CSUD>5278</CSUD>
    <NORD>18313</NORD>
    <SARD>954</SARD>
    <SICI>1843</SICI>
    <SUD>2684</SUD>
  </marketintervaldetail>
  <marketintervaldetail>
    <Data>20170311</Data>
    <Mercato>MGP</Mercato>
    <Ora>11</Ora>
    <Totale>33385</Totale>
    <CNOR>3969</CNOR>
    <CSUD>5493</CSUD>
    <NORD>18630</NORD>
    <SARD>978</SARD>
    <SICI>1788</SICI>
    <SUD>2527</SUD>
  </marketintervaldetail>
  <marketintervaldetail>
    <Data>20170311</Data>
    <Mercato>MGP</Mercato>
    <Ora>12</Ora>
    <Totale>32629</Totale>
    <CNOR>3616</CNOR>
    <CSUD>5556</CSUD>
    <NORD>18295</NORD>
    <SARD>976</SARD>
    <SICI>1718</SICI>
    <SUD>2468</SUD>
  </marketintervaldetail>
  <marketintervaldetail>
    <Data>20170311</Data>
    <Mercato>MGP</Mercato>
    <Ora>13</Ora>
    <Totale>30500</Totale>
    <CNOR>3100</CNOR>
    <CSUD>5195</CSUD>
    <NORD>17190</NORD>
    <SARD>887</SARD>
    <SICI>1702</SICI>
    <SUD>2426</SUD>
  </marketintervaldetail>
  <marketintervaldetail>
    <Data>20170311</Data>
    <Mercato>MGP</Mercato>
    <Ora>14</Ora>
    <Totale>28581</Totale>
    <CNOR>2761</CNOR>
    <CSUD>4976</CSUD>
    <NORD>15897</NORD>
    <SARD>889</SARD>
    <SICI>1676</SICI>
    <SUD>2382</SUD>
  </marketintervaldetail>
  <marketintervaldetail>
    <Data>20170311</Data>
    <Mercato>MGP</Mercato>
    <Ora>15</Ora>
    <Totale>28051</Totale>
    <CNOR>2802</CNOR>
    <CSUD>4950</CSUD>
    <NORD>15458</NORD>
    <SARD>836</SARD>
    <SICI>1663</SICI>
    <SUD>2342</SUD>
  </marketintervaldetail>
  <marketintervaldetail>
    <Data>20170311</Data>
    <Mercato>MGP</Mercato>
    <Ora>16</Ora>
    <Totale>28152</Totale>
    <CNOR>3090</CNOR>
    <CSUD>5042</CSUD>
    <NORD>15303</NORD>
    <SARD>857</SARD>
    <SICI>1662</SICI>
    <SUD>2198</SUD>
  </marketintervaldetail>
  <marketintervaldetail>
    <Data>20170311</Data>
    <Mercato>MGP</Mercato>
    <Ora>17</Ora>
    <Totale>29263</Totale>
    <CNOR>3396</CNOR>
    <CSUD>5331</CSUD>
    <NORD>15393</NORD>
    <SARD>903</SARD>
    <SICI>1836</SICI>
    <SUD>2404</SUD>
  </marketintervaldetail>
  <marketintervaldetail>
    <Data>20170311</Data>
    <Mercato>MGP</Mercato>
    <Ora>18</Ora>
    <Totale>30141</Totale>
    <CNOR>3462</CNOR>
    <CSUD>5526</CSUD>
    <NORD>15562</NORD>
    <SARD>913</SARD>
    <SICI>1938</SICI>
    <SUD>2740</SUD>
  </marketintervaldetail>
  <marketintervaldetail>
    <Data>20170311</Data>
    <Mercato>MGP</Mercato>
    <Ora>19</Ora>
    <Totale>33662</Totale>
    <CNOR>3716</CNOR>
    <CSUD>6153</CSUD>
    <NORD>17315</NORD>
    <SARD>1003</SARD>
    <SICI>2255</SICI>
    <SUD>3220</SUD>
  </marketintervaldetail>
  <marketintervaldetail>
    <Data>20170311</Data>
    <Mercato>MGP</Mercato>
    <Ora>20</Ora>
    <Totale>35968</Totale>
    <CNOR>4012</CNOR>
    <CSUD>6481</CSUD>
    <NORD>18518</NORD>
    <SARD>1104</SARD>
    <SICI>2378</SICI>
    <SUD>3475</SUD>
  </marketintervaldetail>
  <marketintervaldetail>
    <Data>20170311</Data>
    <Mercato>MGP</Mercato>
    <Ora>21</Ora>
    <Totale>34248</Totale>
    <CNOR>3786</CNOR>
    <CSUD>6270</CSUD>
    <NORD>17276</NORD>
    <SARD>1111</SARD>
    <SICI>2350</SICI>
    <SUD>3455</SUD>
  </marketintervaldetail>
  <marketintervaldetail>
    <Data>20170311</Data>
    <Mercato>MGP</Mercato>
    <Ora>22</Ora>
    <Totale>31155</Totale>
    <CNOR>3397</CNOR>
    <CSUD>5741</CSUD>
    <NORD>15641</NORD>
    <SARD>1034</SARD>
    <SICI>2124</SICI>
    <SUD>3218</SUD>
  </marketintervaldetail>
  <marketintervaldetail>
    <Data>20170311</Data>
    <Mercato>MGP</Mercato>
    <Ora>23</Ora>
    <Totale>28740</Totale>
    <CNOR>3063</CNOR>
    <CSUD>5193</CSUD>
    <NORD>14640</NORD>
    <SARD>984</SARD>
    <SICI>1951</SICI>
    <SUD>2909</SUD>
  </marketintervaldetail>
  <marketintervaldetail>
    <Data>20170311</Data>
    <Mercato>MGP</Mercato>
    <Ora>24</Ora>
    <Totale>26480</Totale>
    <CNOR>2768</CNOR>
    <CSUD>4691</CSUD>
    <NORD>13619</NORD>
    <SARD>915</SARD>
    <SICI>1777</SICI>
    <SUD>2710</SUD>
  </marketintervaldetail>
</NewDataSet>