<?xml version="1.0" standalone="yes"?>
<NewDataSet>
  <xs:schema id="NewDataSet" xmlns="" xmlns:xs="http://www.w3.org/2001/XMLSchema" xmlns:msdata="urn:schemas-microsoft-com:xml-msdata">
    <xs:element name="NewDataSet" msdata:IsDataSet="true" msdata:MainDataTable="marketintervaldetail" msdata:UseCurrentLocale="true">
      <xs:complexType>
        <xs:choice minOccurs="0" maxOccurs="unbounded">
          <xs:element name="marketintervaldetail">
            <xs:complexType>
              <xs:sequence>
                <xs:element name="Data" type="xs:string" minOccurs="0" />
                <xs:element name="Mercato" type="xs:string" minOccurs="0" />
                <xs:element name="Ora" type="xs:string" minOccurs="0" />
                <xs:element name="Totale" type="xs:string" minOccurs="0" />
                <xs:element name="CNOR" type="xs:string" minOccurs="0" />
                <xs:element name="CSUD" type="xs:string" minOccurs="0" />
                <xs:element name="NORD" type="xs:string" minOccurs="0" />
                <xs:element name="SARD" type="xs:string" minOccurs="0" />
                <xs:element name="SICI" type="xs:string" minOccurs="0" />
                <xs:element name="SUD" type="xs:string" minOccurs="0" />
              </xs:sequence>
            </xs:complexType>
          </xs:element>
        </xs:choice>
      </xs:complexType>
    </xs:element>
  </xs:schema>
  <marketintervaldetail>
    <Data>20170302</Data>
    <Mercato>MGP</Mercato>
    <Ora>01</Ora>
    <Totale>28333</Totale>
    <CNOR>3078</CNOR>
    <CSUD>4237</CSUD>
    <NORD>16051</NORD>
    <SARD>839</SARD>
    <SICI>1631</SICI>
    <SUD>2497</SUD>
  </marketintervaldetail>
  <marketintervaldetail>
    <Data>20170302</Data>
    <Mercato>MGP</Mercato>
    <Ora>02</Ora>
    <Totale>26151</Totale>
    <CNOR>2878</CNOR>
    <CSUD>3850</CSUD>
    <NORD>14885</NORD>
    <SARD>805</SARD>
    <SICI>1497</SICI>
    <SUD>2236</SUD>
  </marketintervaldetail>
  <marketintervaldetail>
    <Data>20170302</Data>
    <Mercato>MGP</Mercato>
    <Ora>03</Ora>
    <Totale>25086</Totale>
    <CNOR>2787</CNOR>
    <CSUD>3606</CSUD>
    <NORD>14336</NORD>
    <SARD>784</SARD>
    <SICI>1421</SICI>
    <SUD>2152</SUD>
  </marketintervaldetail>
  <marketintervaldetail>
    <Data>20170302</Data>
    <Mercato>MGP</Mercato>
    <Ora>04</Ora>
    <Totale>24890</Totale>
    <CNOR>2781</CNOR>
    <CSUD>3658</CSUD>
    <NORD>14174</NORD>
    <SARD>768</SARD>
    <SICI>1384</SICI>
    <SUD>2125</SUD>
  </marketintervaldetail>
  <marketintervaldetail>
    <Data>20170302</Data>
    <Mercato>MGP</Mercato>
    <Ora>05</Ora>
    <Totale>25265</Totale>
    <CNOR>2796</CNOR>
    <CSUD>3700</CSUD>
    <NORD>14481</NORD>
    <SARD>766</SARD>
    <SICI>1378</SICI>
    <SUD>2144</SUD>
  </marketintervaldetail>
  <marketintervaldetail>
    <Data>20170302</Data>
    <Mercato>MGP</Mercato>
    <Ora>06</Ora>
    <Totale>26550</Totale>
    <CNOR>2831</CNOR>
    <CSUD>3908</CSUD>
    <NORD>15390</NORD>
    <SARD>795</SARD>
    <SICI>1438</SICI>
    <SUD>2188</SUD>
  </marketintervaldetail>
  <marketintervaldetail>
    <Data>20170302</Data>
    <Mercato>MGP</Mercato>
    <Ora>07</Ora>
    <Totale>30950</Totale>
    <CNOR>3354</CNOR>
    <CSUD>4567</CSUD>
    <NORD>18279</NORD>
    <SARD>894</SARD>
    <SICI>1524</SICI>
    <SUD>2332</SUD>
  </marketintervaldetail>
  <marketintervaldetail>
    <Data>20170302</Data>
    <Mercato>MGP</Mercato>
    <Ora>08</Ora>
    <Totale>36151</Totale>
    <CNOR>3847</CNOR>
    <CSUD>5321</CSUD>
    <NORD>21533</NORD>
    <SARD>1026</SARD>
    <SICI>1791</SICI>
    <SUD>2633</SUD>
  </marketintervaldetail>
  <marketintervaldetail>
    <Data>20170302</Data>
    <Mercato>MGP</Mercato>
    <Ora>09</Ora>
    <Totale>41101</Totale>
    <CNOR>4355</CNOR>
    <CSUD>5852</CSUD>
    <NORD>24904</NORD>
    <SARD>1110</SARD>
    <SICI>2038</SICI>
    <SUD>2842</SUD>
  </marketintervaldetail>
  <marketintervaldetail>
    <Data>20170302</Data>
    <Mercato>MGP</Mercato>
    <Ora>10</Ora>
    <Totale>43978</Totale>
    <CNOR>4721</CNOR>
    <CSUD>6176</CSUD>
    <NORD>26891</NORD>
    <SARD>1073</SARD>
    <SICI>2071</SICI>
    <SUD>3046</SUD>
  </marketintervaldetail>
  <marketintervaldetail>
    <Data>20170302</Data>
    <Mercato>MGP</Mercato>
    <Ora>11</Ora>
    <Totale>45188</Totale>
    <CNOR>4908</CNOR>
    <CSUD>6236</CSUD>
    <NORD>27827</NORD>
    <SARD>1070</SARD>
    <SICI>2070</SICI>
    <SUD>3077</SUD>
  </marketintervaldetail>
  <marketintervaldetail>
    <Data>20170302</Data>
    <Mercato>MGP</Mercato>
    <Ora>12</Ora>
    <Totale>45236</Totale>
    <CNOR>4955</CNOR>
    <CSUD>6453</CSUD>
    <NORD>27705</NORD>
    <SARD>1028</SARD>
    <SICI>2001</SICI>
    <SUD>3094</SUD>
  </marketintervaldetail>
  <marketintervaldetail>
    <Data>20170302</Data>
    <Mercato>MGP</Mercato>
    <Ora>13</Ora>
    <Totale>42610</Totale>
    <CNOR>4744</CNOR>
    <CSUD>6520</CSUD>
    <NORD>25295</NORD>
    <SARD>993</SARD>
    <SICI>1894</SICI>
    <SUD>3164</SUD>
  </marketintervaldetail>
  <marketintervaldetail>
    <Data>20170302</Data>
    <Mercato>MGP</Mercato>
    <Ora>14</Ora>
    <Totale>41191</Totale>
    <CNOR>4472</CNOR>
    <CSUD>6144</CSUD>
    <NORD>24695</NORD>
    <SARD>983</SARD>
    <SICI>1802</SICI>
    <SUD>3095</SUD>
  </marketintervaldetail>
  <marketintervaldetail>
    <Data>20170302</Data>
    <Mercato>MGP</Mercato>
    <Ora>15</Ora>
    <Totale>42120</Totale>
    <CNOR>4548</CNOR>
    <CSUD>6128</CSUD>
    <NORD>25678</NORD>
    <SARD>1011</SARD>
    <SICI>1891</SICI>
    <SUD>2864</SUD>
  </marketintervaldetail>
  <marketintervaldetail>
    <Data>20170302</Data>
    <Mercato>MGP</Mercato>
    <Ora>16</Ora>
    <Totale>42299</Totale>
    <CNOR>4734</CNOR>
    <CSUD>6177</CSUD>
    <NORD>25413</NORD>
    <SARD>1056</SARD>
    <SICI>2027</SICI>
    <SUD>2892</SUD>
  </marketintervaldetail>
  <marketintervaldetail>
    <Data>20170302</Data>
    <Mercato>MGP</Mercato>
    <Ora>17</Ora>
    <Totale>42968</Totale>
    <CNOR>4577</CNOR>
    <CSUD>6168</CSUD>
    <NORD>25922</NORD>
    <SARD>1065</SARD>
    <SICI>2076</SICI>
    <SUD>3160</SUD>
  </marketintervaldetail>
  <marketintervaldetail>
    <Data>20170302</Data>
    <Mercato>MGP</Mercato>
    <Ora>18</Ora>
    <Totale>42841</Totale>
    <CNOR>4435</CNOR>
    <CSUD>6145</CSUD>
    <NORD>25817</NORD>
    <SARD>1070</SARD>
    <SICI>2140</SICI>
    <SUD>3234</SUD>
  </marketintervaldetail>
  <marketintervaldetail>
    <Data>20170302</Data>
    <Mercato>MGP</Mercato>
    <Ora>19</Ora>
    <Totale>44277</Totale>
    <CNOR>4594</CNOR>
    <CSUD>6897</CSUD>
    <NORD>25361</NORD>
    <SARD>1167</SARD>
    <SICI>2498</SICI>
    <SUD>3760</SUD>
  </marketintervaldetail>
  <marketintervaldetail>
    <Data>20170302</Data>
    <Mercato>MGP</Mercato>
    <Ora>20</Ora>
    <Totale>45394</Totale>
    <CNOR>4785</CNOR>
    <CSUD>7307</CSUD>
    <NORD>25391</NORD>
    <SARD>1328</SARD>
    <SICI>2636</SICI>
    <SUD>3947</SUD>
  </marketintervaldetail>
  <marketintervaldetail>
    <Data>20170302</Data>
    <Mercato>MGP</Mercato>
    <Ora>21</Ora>
    <Totale>43022</Totale>
    <CNOR>4502</CNOR>
    <CSUD>6996</CSUD>
    <NORD>23597</NORD>
    <SARD>1351</SARD>
    <SICI>2632</SICI>
    <SUD>3944</SUD>
  </marketintervaldetail>
  <marketintervaldetail>
    <Data>20170302</Data>
    <Mercato>MGP</Mercato>
    <Ora>22</Ora>
    <Totale>39811</Totale>
    <CNOR>4202</CNOR>
    <CSUD>6376</CSUD>
    <NORD>21845</NORD>
    <SARD>1241</SARD>
    <SICI>2452</SICI>
    <SUD>3695</SUD>
  </marketintervaldetail>
  <marketintervaldetail>
    <Data>20170302</Data>
    <Mercato>MGP</Mercato>
    <Ora>23</Ora>
    <Totale>35857</Totale>
    <CNOR>3913</CNOR>
    <CSUD>5828</CSUD>
    <NORD>19453</NORD>
    <SARD>1070</SARD>
    <SICI>2215</SICI>
    <SUD>3378</SUD>
  </marketintervaldetail>
  <marketintervaldetail>
    <Data>20170302</Data>
    <Mercato>MGP</Mercato>
    <Ora>24</Ora>
    <Totale>32078</Totale>
    <CNOR>3528</CNOR>
    <CSUD>5021</CSUD>
    <NORD>17651</NORD>
    <SARD>957</SARD>
    <SICI>1984</SICI>
    <SUD>2937</SUD>
  </marketintervaldetail>
</NewDataSet>