<?xml version="1.0" standalone="yes"?>
<NewDataSet>
  <xs:schema id="NewDataSet" xmlns="" xmlns:xs="http://www.w3.org/2001/XMLSchema" xmlns:msdata="urn:schemas-microsoft-com:xml-msdata">
    <xs:element name="NewDataSet" msdata:IsDataSet="true" msdata:MainDataTable="marketintervaldetail" msdata:UseCurrentLocale="true">
      <xs:complexType>
        <xs:choice minOccurs="0" maxOccurs="unbounded">
          <xs:element name="marketintervaldetail">
            <xs:complexType>
              <xs:sequence>
                <xs:element name="Data" type="xs:string" minOccurs="0" />
                <xs:element name="Mercato" type="xs:string" minOccurs="0" />
                <xs:element name="Ora" type="xs:string" minOccurs="0" />
                <xs:element name="Totale" type="xs:string" minOccurs="0" />
                <xs:element name="CNOR" type="xs:string" minOccurs="0" />
                <xs:element name="CSUD" type="xs:string" minOccurs="0" />
                <xs:element name="NORD" type="xs:string" minOccurs="0" />
                <xs:element name="SARD" type="xs:string" minOccurs="0" />
                <xs:element name="SICI" type="xs:string" minOccurs="0" />
                <xs:element name="SUD" type="xs:string" minOccurs="0" />
              </xs:sequence>
            </xs:complexType>
          </xs:element>
        </xs:choice>
      </xs:complexType>
    </xs:element>
  </xs:schema>
  <marketintervaldetail>
    <Data>20170314</Data>
    <Mercato>MGP</Mercato>
    <Ora>01</Ora>
    <Totale>26728</Totale>
    <CNOR>2912</CNOR>
    <CSUD>4294</CSUD>
    <NORD>14674</NORD>
    <SARD>827</SARD>
    <SICI>1622</SICI>
    <SUD>2399</SUD>
  </marketintervaldetail>
  <marketintervaldetail>
    <Data>20170314</Data>
    <Mercato>MGP</Mercato>
    <Ora>02</Ora>
    <Totale>25019</Totale>
    <CNOR>2714</CNOR>
    <CSUD>3911</CSUD>
    <NORD>13829</NORD>
    <SARD>788</SARD>
    <SICI>1497</SICI>
    <SUD>2280</SUD>
  </marketintervaldetail>
  <marketintervaldetail>
    <Data>20170314</Data>
    <Mercato>MGP</Mercato>
    <Ora>03</Ora>
    <Totale>24125</Totale>
    <CNOR>2630</CNOR>
    <CSUD>3707</CSUD>
    <NORD>13356</NORD>
    <SARD>771</SARD>
    <SICI>1429</SICI>
    <SUD>2232</SUD>
  </marketintervaldetail>
  <marketintervaldetail>
    <Data>20170314</Data>
    <Mercato>MGP</Mercato>
    <Ora>04</Ora>
    <Totale>23762</Totale>
    <CNOR>2633</CNOR>
    <CSUD>3603</CSUD>
    <NORD>13220</NORD>
    <SARD>753</SARD>
    <SICI>1365</SICI>
    <SUD>2188</SUD>
  </marketintervaldetail>
  <marketintervaldetail>
    <Data>20170314</Data>
    <Mercato>MGP</Mercato>
    <Ora>05</Ora>
    <Totale>24182</Totale>
    <CNOR>2672</CNOR>
    <CSUD>3648</CSUD>
    <NORD>13530</NORD>
    <SARD>741</SARD>
    <SICI>1380</SICI>
    <SUD>2211</SUD>
  </marketintervaldetail>
  <marketintervaldetail>
    <Data>20170314</Data>
    <Mercato>MGP</Mercato>
    <Ora>06</Ora>
    <Totale>25798</Totale>
    <CNOR>2837</CNOR>
    <CSUD>3823</CSUD>
    <NORD>14594</NORD>
    <SARD>779</SARD>
    <SICI>1450</SICI>
    <SUD>2315</SUD>
  </marketintervaldetail>
  <marketintervaldetail>
    <Data>20170314</Data>
    <Mercato>MGP</Mercato>
    <Ora>07</Ora>
    <Totale>30059</Totale>
    <CNOR>3336</CNOR>
    <CSUD>4368</CSUD>
    <NORD>17396</NORD>
    <SARD>871</SARD>
    <SICI>1573</SICI>
    <SUD>2515</SUD>
  </marketintervaldetail>
  <marketintervaldetail>
    <Data>20170314</Data>
    <Mercato>MGP</Mercato>
    <Ora>08</Ora>
    <Totale>35113</Totale>
    <CNOR>3879</CNOR>
    <CSUD>5094</CSUD>
    <NORD>20387</NORD>
    <SARD>1012</SARD>
    <SICI>1903</SICI>
    <SUD>2838</SUD>
  </marketintervaldetail>
  <marketintervaldetail>
    <Data>20170314</Data>
    <Mercato>MGP</Mercato>
    <Ora>09</Ora>
    <Totale>38972</Totale>
    <CNOR>4578</CNOR>
    <CSUD>5789</CSUD>
    <NORD>22496</NORD>
    <SARD>1079</SARD>
    <SICI>2113</SICI>
    <SUD>2917</SUD>
  </marketintervaldetail>
  <marketintervaldetail>
    <Data>20170314</Data>
    <Mercato>MGP</Mercato>
    <Ora>10</Ora>
    <Totale>40047</Totale>
    <CNOR>4788</CNOR>
    <CSUD>6117</CSUD>
    <NORD>22984</NORD>
    <SARD>1070</SARD>
    <SICI>2108</SICI>
    <SUD>2980</SUD>
  </marketintervaldetail>
  <marketintervaldetail>
    <Data>20170314</Data>
    <Mercato>MGP</Mercato>
    <Ora>11</Ora>
    <Totale>39770</Totale>
    <CNOR>4622</CNOR>
    <CSUD>6152</CSUD>
    <NORD>22936</NORD>
    <SARD>1042</SARD>
    <SICI>2013</SICI>
    <SUD>3005</SUD>
  </marketintervaldetail>
  <marketintervaldetail>
    <Data>20170314</Data>
    <Mercato>MGP</Mercato>
    <Ora>12</Ora>
    <Totale>39319</Totale>
    <CNOR>4538</CNOR>
    <CSUD>6203</CSUD>
    <NORD>22993</NORD>
    <SARD>1010</SARD>
    <SICI>1909</SICI>
    <SUD>2666</SUD>
  </marketintervaldetail>
  <marketintervaldetail>
    <Data>20170314</Data>
    <Mercato>MGP</Mercato>
    <Ora>13</Ora>
    <Totale>38052</Totale>
    <CNOR>4255</CNOR>
    <CSUD>6254</CSUD>
    <NORD>21900</NORD>
    <SARD>986</SARD>
    <SICI>1986</SICI>
    <SUD>2671</SUD>
  </marketintervaldetail>
  <marketintervaldetail>
    <Data>20170314</Data>
    <Mercato>MGP</Mercato>
    <Ora>14</Ora>
    <Totale>37798</Totale>
    <CNOR>4036</CNOR>
    <CSUD>6181</CSUD>
    <NORD>21585</NORD>
    <SARD>944</SARD>
    <SICI>1936</SICI>
    <SUD>3116</SUD>
  </marketintervaldetail>
  <marketintervaldetail>
    <Data>20170314</Data>
    <Mercato>MGP</Mercato>
    <Ora>15</Ora>
    <Totale>38998</Totale>
    <CNOR>4251</CNOR>
    <CSUD>6246</CSUD>
    <NORD>22573</NORD>
    <SARD>947</SARD>
    <SICI>1905</SICI>
    <SUD>3076</SUD>
  </marketintervaldetail>
  <marketintervaldetail>
    <Data>20170314</Data>
    <Mercato>MGP</Mercato>
    <Ora>16</Ora>
    <Totale>39585</Totale>
    <CNOR>4283</CNOR>
    <CSUD>6375</CSUD>
    <NORD>23062</NORD>
    <SARD>881</SARD>
    <SICI>2000</SICI>
    <SUD>2984</SUD>
  </marketintervaldetail>
  <marketintervaldetail>
    <Data>20170314</Data>
    <Mercato>MGP</Mercato>
    <Ora>17</Ora>
    <Totale>39969</Totale>
    <CNOR>4410</CNOR>
    <CSUD>6333</CSUD>
    <NORD>23342</NORD>
    <SARD>928</SARD>
    <SICI>2013</SICI>
    <SUD>2943</SUD>
  </marketintervaldetail>
  <marketintervaldetail>
    <Data>20170314</Data>
    <Mercato>MGP</Mercato>
    <Ora>18</Ora>
    <Totale>40268</Totale>
    <CNOR>4463</CNOR>
    <CSUD>6354</CSUD>
    <NORD>23006</NORD>
    <SARD>968</SARD>
    <SICI>2137</SICI>
    <SUD>3340</SUD>
  </marketintervaldetail>
  <marketintervaldetail>
    <Data>20170314</Data>
    <Mercato>MGP</Mercato>
    <Ora>19</Ora>
    <Totale>42007</Totale>
    <CNOR>4611</CNOR>
    <CSUD>6871</CSUD>
    <NORD>23386</NORD>
    <SARD>1040</SARD>
    <SICI>2422</SICI>
    <SUD>3677</SUD>
  </marketintervaldetail>
  <marketintervaldetail>
    <Data>20170314</Data>
    <Mercato>MGP</Mercato>
    <Ora>20</Ora>
    <Totale>44214</Totale>
    <CNOR>4827</CNOR>
    <CSUD>7334</CSUD>
    <NORD>24301</NORD>
    <SARD>1178</SARD>
    <SICI>2650</SICI>
    <SUD>3924</SUD>
  </marketintervaldetail>
  <marketintervaldetail>
    <Data>20170314</Data>
    <Mercato>MGP</Mercato>
    <Ora>21</Ora>
    <Totale>41994</Totale>
    <CNOR>4578</CNOR>
    <CSUD>7074</CSUD>
    <NORD>22855</NORD>
    <SARD>1163</SARD>
    <SICI>2588</SICI>
    <SUD>3736</SUD>
  </marketintervaldetail>
  <marketintervaldetail>
    <Data>20170314</Data>
    <Mercato>MGP</Mercato>
    <Ora>22</Ora>
    <Totale>39100</Totale>
    <CNOR>4234</CNOR>
    <CSUD>6520</CSUD>
    <NORD>21426</NORD>
    <SARD>1071</SARD>
    <SICI>2404</SICI>
    <SUD>3445</SUD>
  </marketintervaldetail>
  <marketintervaldetail>
    <Data>20170314</Data>
    <Mercato>MGP</Mercato>
    <Ora>23</Ora>
    <Totale>34842</Totale>
    <CNOR>3761</CNOR>
    <CSUD>5828</CSUD>
    <NORD>18949</NORD>
    <SARD>977</SARD>
    <SICI>2182</SICI>
    <SUD>3145</SUD>
  </marketintervaldetail>
  <marketintervaldetail>
    <Data>20170314</Data>
    <Mercato>MGP</Mercato>
    <Ora>24</Ora>
    <Totale>31261</Totale>
    <CNOR>3440</CNOR>
    <CSUD>5170</CSUD>
    <NORD>16975</NORD>
    <SARD>902</SARD>
    <SICI>1896</SICI>
    <SUD>2878</SUD>
  </marketintervaldetail>
</NewDataSet>