<?xml version="1.0" standalone="yes"?>
<NewDataSet>
  <xs:schema id="NewDataSet" xmlns="" xmlns:xs="http://www.w3.org/2001/XMLSchema" xmlns:msdata="urn:schemas-microsoft-com:xml-msdata">
    <xs:element name="NewDataSet" msdata:IsDataSet="true" msdata:MainDataTable="marketintervaldetail" msdata:UseCurrentLocale="true">
      <xs:complexType>
        <xs:choice minOccurs="0" maxOccurs="unbounded">
          <xs:element name="marketintervaldetail">
            <xs:complexType>
              <xs:sequence>
                <xs:element name="Data" type="xs:string" minOccurs="0" />
                <xs:element name="Mercato" type="xs:string" minOccurs="0" />
                <xs:element name="Ora" type="xs:string" minOccurs="0" />
                <xs:element name="Totale" type="xs:string" minOccurs="0" />
                <xs:element name="CNOR" type="xs:string" minOccurs="0" />
                <xs:element name="CSUD" type="xs:string" minOccurs="0" />
                <xs:element name="NORD" type="xs:string" minOccurs="0" />
                <xs:element name="SARD" type="xs:string" minOccurs="0" />
                <xs:element name="SICI" type="xs:string" minOccurs="0" />
                <xs:element name="SUD" type="xs:string" minOccurs="0" />
              </xs:sequence>
            </xs:complexType>
          </xs:element>
        </xs:choice>
      </xs:complexType>
    </xs:element>
  </xs:schema>
  <marketintervaldetail>
    <Data>20170327</Data>
    <Mercato>MGP</Mercato>
    <Ora>01</Ora>
    <Totale>22779</Totale>
    <CNOR>2420</CNOR>
    <CSUD>3816</CSUD>
    <NORD>12095</NORD>
    <SARD>798</SARD>
    <SICI>1506</SICI>
    <SUD>2144</SUD>
  </marketintervaldetail>
  <marketintervaldetail>
    <Data>20170327</Data>
    <Mercato>MGP</Mercato>
    <Ora>02</Ora>
    <Totale>21101</Totale>
    <CNOR>2225</CNOR>
    <CSUD>3457</CSUD>
    <NORD>11442</NORD>
    <SARD>771</SARD>
    <SICI>1350</SICI>
    <SUD>1856</SUD>
  </marketintervaldetail>
  <marketintervaldetail>
    <Data>20170327</Data>
    <Mercato>MGP</Mercato>
    <Ora>03</Ora>
    <Totale>20324</Totale>
    <CNOR>2091</CNOR>
    <CSUD>3268</CSUD>
    <NORD>11026</NORD>
    <SARD>742</SARD>
    <SICI>1323</SICI>
    <SUD>1874</SUD>
  </marketintervaldetail>
  <marketintervaldetail>
    <Data>20170327</Data>
    <Mercato>MGP</Mercato>
    <Ora>04</Ora>
    <Totale>20178</Totale>
    <CNOR>2082</CNOR>
    <CSUD>3224</CSUD>
    <NORD>10977</NORD>
    <SARD>742</SARD>
    <SICI>1315</SICI>
    <SUD>1838</SUD>
  </marketintervaldetail>
  <marketintervaldetail>
    <Data>20170327</Data>
    <Mercato>MGP</Mercato>
    <Ora>05</Ora>
    <Totale>20784</Totale>
    <CNOR>2100</CNOR>
    <CSUD>3225</CSUD>
    <NORD>11552</NORD>
    <SARD>756</SARD>
    <SICI>1279</SICI>
    <SUD>1872</SUD>
  </marketintervaldetail>
  <marketintervaldetail>
    <Data>20170327</Data>
    <Mercato>MGP</Mercato>
    <Ora>06</Ora>
    <Totale>22091</Totale>
    <CNOR>2253</CNOR>
    <CSUD>3410</CSUD>
    <NORD>12384</NORD>
    <SARD>778</SARD>
    <SICI>1347</SICI>
    <SUD>1919</SUD>
  </marketintervaldetail>
  <marketintervaldetail>
    <Data>20170327</Data>
    <Mercato>MGP</Mercato>
    <Ora>07</Ora>
    <Totale>27428</Totale>
    <CNOR>2740</CNOR>
    <CSUD>4013</CSUD>
    <NORD>16228</NORD>
    <SARD>853</SARD>
    <SICI>1461</SICI>
    <SUD>2133</SUD>
  </marketintervaldetail>
  <marketintervaldetail>
    <Data>20170327</Data>
    <Mercato>MGP</Mercato>
    <Ora>08</Ora>
    <Totale>33053</Totale>
    <CNOR>3430</CNOR>
    <CSUD>4694</CSUD>
    <NORD>19779</NORD>
    <SARD>967</SARD>
    <SICI>1701</SICI>
    <SUD>2482</SUD>
  </marketintervaldetail>
  <marketintervaldetail>
    <Data>20170327</Data>
    <Mercato>MGP</Mercato>
    <Ora>09</Ora>
    <Totale>37380</Totale>
    <CNOR>3865</CNOR>
    <CSUD>5287</CSUD>
    <NORD>22766</NORD>
    <SARD>976</SARD>
    <SICI>1970</SICI>
    <SUD>2516</SUD>
  </marketintervaldetail>
  <marketintervaldetail>
    <Data>20170327</Data>
    <Mercato>MGP</Mercato>
    <Ora>10</Ora>
    <Totale>38900</Totale>
    <CNOR>3922</CNOR>
    <CSUD>5710</CSUD>
    <NORD>23888</NORD>
    <SARD>970</SARD>
    <SICI>1849</SICI>
    <SUD>2561</SUD>
  </marketintervaldetail>
  <marketintervaldetail>
    <Data>20170327</Data>
    <Mercato>MGP</Mercato>
    <Ora>11</Ora>
    <Totale>38616</Totale>
    <CNOR>3877</CNOR>
    <CSUD>5828</CSUD>
    <NORD>23602</NORD>
    <SARD>993</SARD>
    <SICI>1830</SICI>
    <SUD>2486</SUD>
  </marketintervaldetail>
  <marketintervaldetail>
    <Data>20170327</Data>
    <Mercato>MGP</Mercato>
    <Ora>12</Ora>
    <Totale>38769</Totale>
    <CNOR>4036</CNOR>
    <CSUD>5465</CSUD>
    <NORD>23833</NORD>
    <SARD>993</SARD>
    <SICI>1766</SICI>
    <SUD>2676</SUD>
  </marketintervaldetail>
  <marketintervaldetail>
    <Data>20170327</Data>
    <Mercato>MGP</Mercato>
    <Ora>13</Ora>
    <Totale>35966</Totale>
    <CNOR>3776</CNOR>
    <CSUD>5338</CSUD>
    <NORD>21674</NORD>
    <SARD>925</SARD>
    <SICI>1693</SICI>
    <SUD>2560</SUD>
  </marketintervaldetail>
  <marketintervaldetail>
    <Data>20170327</Data>
    <Mercato>MGP</Mercato>
    <Ora>14</Ora>
    <Totale>35141</Totale>
    <CNOR>3608</CNOR>
    <CSUD>5278</CSUD>
    <NORD>21384</NORD>
    <SARD>851</SARD>
    <SICI>1648</SICI>
    <SUD>2372</SUD>
  </marketintervaldetail>
  <marketintervaldetail>
    <Data>20170327</Data>
    <Mercato>MGP</Mercato>
    <Ora>15</Ora>
    <Totale>35994</Totale>
    <CNOR>3803</CNOR>
    <CSUD>5309</CSUD>
    <NORD>21873</NORD>
    <SARD>827</SARD>
    <SICI>1666</SICI>
    <SUD>2516</SUD>
  </marketintervaldetail>
  <marketintervaldetail>
    <Data>20170327</Data>
    <Mercato>MGP</Mercato>
    <Ora>16</Ora>
    <Totale>36627</Totale>
    <CNOR>3911</CNOR>
    <CSUD>5235</CSUD>
    <NORD>22199</NORD>
    <SARD>829</SARD>
    <SICI>1843</SICI>
    <SUD>2610</SUD>
  </marketintervaldetail>
  <marketintervaldetail>
    <Data>20170327</Data>
    <Mercato>MGP</Mercato>
    <Ora>17</Ora>
    <Totale>36486</Totale>
    <CNOR>3868</CNOR>
    <CSUD>5245</CSUD>
    <NORD>22231</NORD>
    <SARD>843</SARD>
    <SICI>1870</SICI>
    <SUD>2429</SUD>
  </marketintervaldetail>
  <marketintervaldetail>
    <Data>20170327</Data>
    <Mercato>MGP</Mercato>
    <Ora>18</Ora>
    <Totale>35799</Totale>
    <CNOR>3879</CNOR>
    <CSUD>5220</CSUD>
    <NORD>21342</NORD>
    <SARD>856</SARD>
    <SICI>1900</SICI>
    <SUD>2602</SUD>
  </marketintervaldetail>
  <marketintervaldetail>
    <Data>20170327</Data>
    <Mercato>MGP</Mercato>
    <Ora>19</Ora>
    <Totale>35589</Totale>
    <CNOR>3851</CNOR>
    <CSUD>5263</CSUD>
    <NORD>20920</NORD>
    <SARD>906</SARD>
    <SICI>1915</SICI>
    <SUD>2734</SUD>
  </marketintervaldetail>
  <marketintervaldetail>
    <Data>20170327</Data>
    <Mercato>MGP</Mercato>
    <Ora>20</Ora>
    <Totale>38100</Totale>
    <CNOR>4178</CNOR>
    <CSUD>5949</CSUD>
    <NORD>21747</NORD>
    <SARD>998</SARD>
    <SICI>2140</SICI>
    <SUD>3088</SUD>
  </marketintervaldetail>
  <marketintervaldetail>
    <Data>20170327</Data>
    <Mercato>MGP</Mercato>
    <Ora>21</Ora>
    <Totale>40067</Totale>
    <CNOR>4301</CNOR>
    <CSUD>6386</CSUD>
    <NORD>22617</NORD>
    <SARD>1093</SARD>
    <SICI>2377</SICI>
    <SUD>3293</SUD>
  </marketintervaldetail>
  <marketintervaldetail>
    <Data>20170327</Data>
    <Mercato>MGP</Mercato>
    <Ora>22</Ora>
    <Totale>37495</Totale>
    <CNOR>3985</CNOR>
    <CSUD>6059</CSUD>
    <NORD>20985</NORD>
    <SARD>1038</SARD>
    <SICI>2191</SICI>
    <SUD>3237</SUD>
  </marketintervaldetail>
  <marketintervaldetail>
    <Data>20170327</Data>
    <Mercato>MGP</Mercato>
    <Ora>23</Ora>
    <Totale>33521</Totale>
    <CNOR>3603</CNOR>
    <CSUD>5405</CSUD>
    <NORD>18564</NORD>
    <SARD>997</SARD>
    <SICI>1980</SICI>
    <SUD>2972</SUD>
  </marketintervaldetail>
  <marketintervaldetail>
    <Data>20170327</Data>
    <Mercato>MGP</Mercato>
    <Ora>24</Ora>
    <Totale>29817</Totale>
    <CNOR>3126</CNOR>
    <CSUD>4827</CSUD>
    <NORD>16508</NORD>
    <SARD>929</SARD>
    <SICI>1782</SICI>
    <SUD>2645</SUD>
  </marketintervaldetail>
</NewDataSet>