<?xml version="1.0" standalone="yes"?>
<NewDataSet>
  <xs:schema id="NewDataSet" xmlns="" xmlns:xs="http://www.w3.org/2001/XMLSchema" xmlns:msdata="urn:schemas-microsoft-com:xml-msdata">
    <xs:element name="NewDataSet" msdata:IsDataSet="true" msdata:UseCurrentLocale="true">
      <xs:complexType>
        <xs:choice minOccurs="0" maxOccurs="unbounded">
          <xs:element name="Prezzi">
            <xs:complexType>
              <xs:sequence>
                <xs:element name="Data" type="xs:string" minOccurs="0" />
                <xs:element name="Mercato" type="xs:string" minOccurs="0" />
                <xs:element name="Ora" type="xs:string" minOccurs="0" />
                <xs:element name="PUN" type="xs:string" minOccurs="0" />
                <xs:element name="NAT" type="xs:string" minOccurs="0" />
                <xs:element name="CNOR" type="xs:string" minOccurs="0" />
                <xs:element name="CSUD" type="xs:string" minOccurs="0" />
                <xs:element name="NORD" type="xs:string" minOccurs="0" />
                <xs:element name="SARD" type="xs:string" minOccurs="0" />
                <xs:element name="SICI" type="xs:string" minOccurs="0" />
                <xs:element name="SUD" type="xs:string" minOccurs="0" />
                <xs:element name="AUST" type="xs:string" minOccurs="0" />
                <xs:element name="BRNN" type="xs:string" minOccurs="0" />
                <xs:element name="COAC" type="xs:string" minOccurs="0" />
                <xs:element name="CORS" type="xs:string" minOccurs="0" />
                <xs:element name="FOGN" type="xs:string" minOccurs="0" />
                <xs:element name="FRAN" type="xs:string" minOccurs="0" />
                <xs:element name="GREC" type="xs:string" minOccurs="0" />
                <xs:element name="MFTV" type="xs:string" minOccurs="0" />
                <xs:element name="PRGP" type="xs:string" minOccurs="0" />
                <xs:element name="ROSN" type="xs:string" minOccurs="0" />
                <xs:element name="SLOV" type="xs:string" minOccurs="0" />
                <xs:element name="SVIZ" type="xs:string" minOccurs="0" />
                <xs:element name="BSP" type="xs:string" minOccurs="0" />
                <xs:element name="MALT" type="xs:string" minOccurs="0" />
                <xs:element name="XAUS" type="xs:string" minOccurs="0" />
                <xs:element name="XFRA" type="xs:string" minOccurs="0" />
              </xs:sequence>
            </xs:complexType>
          </xs:element>
        </xs:choice>
      </xs:complexType>
    </xs:element>
  </xs:schema>
  <Prezzi>
    <Data>20170708</Data>
    <Mercato>MGP</Mercato>
    <Ora>1</Ora>
    <PUN>55,704440</PUN>
    <NAT>65,130000</NAT>
    <CNOR>55,000000</CNOR>
    <CSUD>55,000000</CSUD>
    <NORD>55,000000</NORD>
    <SARD>55,000000</SARD>
    <SICI>66,460000</SICI>
    <SUD>55,000000</SUD>
    <AUST>55,000000</AUST>
    <BRNN>55,000000</BRNN>
    <COAC>55,000000</COAC>
    <CORS>55,000000</CORS>
    <FOGN>55,000000</FOGN>
    <FRAN>55,000000</FRAN>
    <GREC>55,000000</GREC>
    <MFTV>55,000000</MFTV>
    <PRGP>66,460000</PRGP>
    <ROSN>55,000000</ROSN>
    <SLOV>55,000000</SLOV>
    <SVIZ>55,000000</SVIZ>
    <BSP>55,000000</BSP>
    <MALT>66,460000</MALT>
    <XAUS>55,000000</XAUS>
    <XFRA>55,000000</XFRA>
  </Prezzi>
  <Prezzi>
    <Data>20170708</Data>
    <Mercato>MGP</Mercato>
    <Ora>2</Ora>
    <PUN>51,045010</PUN>
    <NAT>55,540000</NAT>
    <CNOR>50,030000</CNOR>
    <CSUD>50,030000</CSUD>
    <NORD>50,030000</NORD>
    <SARD>50,030000</SARD>
    <SICI>66,460000</SICI>
    <SUD>50,030000</SUD>
    <AUST>50,030000</AUST>
    <BRNN>50,030000</BRNN>
    <COAC>50,030000</COAC>
    <CORS>50,030000</CORS>
    <FOGN>50,030000</FOGN>
    <FRAN>50,030000</FRAN>
    <GREC>50,030000</GREC>
    <MFTV>50,030000</MFTV>
    <PRGP>66,460000</PRGP>
    <ROSN>50,030000</ROSN>
    <SLOV>50,030000</SLOV>
    <SVIZ>50,030000</SVIZ>
    <BSP>50,030000</BSP>
    <MALT>66,460000</MALT>
    <XAUS>50,030000</XAUS>
    <XFRA>50,030000</XFRA>
  </Prezzi>
  <Prezzi>
    <Data>20170708</Data>
    <Mercato>MGP</Mercato>
    <Ora>3</Ora>
    <PUN>49,327770</PUN>
    <NAT>49,990000</NAT>
    <CNOR>48,240000</CNOR>
    <CSUD>48,240000</CSUD>
    <NORD>48,240000</NORD>
    <SARD>48,240000</SARD>
    <SICI>66,150000</SICI>
    <SUD>48,240000</SUD>
    <AUST>48,240000</AUST>
    <BRNN>48,240000</BRNN>
    <COAC>48,240000</COAC>
    <CORS>48,240000</CORS>
    <FOGN>48,240000</FOGN>
    <FRAN>48,240000</FRAN>
    <GREC>48,240000</GREC>
    <MFTV>48,240000</MFTV>
    <PRGP>66,150000</PRGP>
    <ROSN>48,240000</ROSN>
    <SLOV>48,240000</SLOV>
    <SVIZ>48,240000</SVIZ>
    <BSP>48,240000</BSP>
    <MALT>66,150000</MALT>
    <XAUS>48,240000</XAUS>
    <XFRA>48,240000</XFRA>
  </Prezzi>
  <Prezzi>
    <Data>20170708</Data>
    <Mercato>MGP</Mercato>
    <Ora>4</Ora>
    <PUN>48,030370</PUN>
    <NAT>48,090000</NAT>
    <CNOR>46,870000</CNOR>
    <CSUD>46,870000</CSUD>
    <NORD>46,870000</NORD>
    <SARD>46,870000</SARD>
    <SICI>66,150000</SICI>
    <SUD>46,870000</SUD>
    <AUST>46,870000</AUST>
    <BRNN>46,870000</BRNN>
    <COAC>46,870000</COAC>
    <CORS>46,870000</CORS>
    <FOGN>46,870000</FOGN>
    <FRAN>46,870000</FRAN>
    <GREC>46,870000</GREC>
    <MFTV>46,870000</MFTV>
    <PRGP>66,150000</PRGP>
    <ROSN>46,870000</ROSN>
    <SLOV>46,870000</SLOV>
    <SVIZ>46,870000</SVIZ>
    <BSP>46,870000</BSP>
    <MALT>66,150000</MALT>
    <XAUS>46,870000</XAUS>
    <XFRA>46,870000</XFRA>
  </Prezzi>
  <Prezzi>
    <Data>20170708</Data>
    <Mercato>MGP</Mercato>
    <Ora>5</Ora>
    <PUN>48,028060</PUN>
    <NAT>46,870000</NAT>
    <CNOR>46,840000</CNOR>
    <CSUD>46,840000</CSUD>
    <NORD>46,840000</NORD>
    <SARD>46,840000</SARD>
    <SICI>66,150000</SICI>
    <SUD>46,840000</SUD>
    <AUST>46,840000</AUST>
    <BRNN>46,840000</BRNN>
    <COAC>46,840000</COAC>
    <CORS>46,840000</CORS>
    <FOGN>46,840000</FOGN>
    <FRAN>46,840000</FRAN>
    <GREC>46,840000</GREC>
    <MFTV>46,840000</MFTV>
    <PRGP>66,150000</PRGP>
    <ROSN>46,840000</ROSN>
    <SLOV>46,840000</SLOV>
    <SVIZ>46,840000</SVIZ>
    <BSP>46,840000</BSP>
    <MALT>66,150000</MALT>
    <XAUS>46,840000</XAUS>
    <XFRA>46,840000</XFRA>
  </Prezzi>
  <Prezzi>
    <Data>20170708</Data>
    <Mercato>MGP</Mercato>
    <Ora>6</Ora>
    <PUN>47,281290</PUN>
    <NAT>46,840000</NAT>
    <CNOR>46,040000</CNOR>
    <CSUD>46,040000</CSUD>
    <NORD>46,040000</NORD>
    <SARD>46,040000</SARD>
    <SICI>66,150000</SICI>
    <SUD>46,040000</SUD>
    <AUST>46,040000</AUST>
    <BRNN>46,040000</BRNN>
    <COAC>46,040000</COAC>
    <CORS>46,040000</CORS>
    <FOGN>46,040000</FOGN>
    <FRAN>46,040000</FRAN>
    <GREC>46,040000</GREC>
    <MFTV>46,040000</MFTV>
    <PRGP>66,150000</PRGP>
    <ROSN>46,040000</ROSN>
    <SLOV>46,040000</SLOV>
    <SVIZ>46,040000</SVIZ>
    <BSP>46,040000</BSP>
    <MALT>66,150000</MALT>
    <XAUS>46,040000</XAUS>
    <XFRA>46,040000</XFRA>
  </Prezzi>
  <Prezzi>
    <Data>20170708</Data>
    <Mercato>MGP</Mercato>
    <Ora>7</Ora>
    <PUN>47,607590</PUN>
    <NAT>46,870000</NAT>
    <CNOR>46,430000</CNOR>
    <CSUD>46,430000</CSUD>
    <NORD>46,430000</NORD>
    <SARD>46,430000</SARD>
    <SICI>66,150000</SICI>
    <SUD>46,430000</SUD>
    <AUST>46,430000</AUST>
    <BRNN>46,430000</BRNN>
    <COAC>46,430000</COAC>
    <CORS>46,430000</CORS>
    <FOGN>46,430000</FOGN>
    <FRAN>46,430000</FRAN>
    <GREC>46,430000</GREC>
    <MFTV>46,430000</MFTV>
    <PRGP>66,150000</PRGP>
    <ROSN>46,430000</ROSN>
    <SLOV>46,430000</SLOV>
    <SVIZ>46,430000</SVIZ>
    <BSP>46,430000</BSP>
    <MALT>66,150000</MALT>
    <XAUS>46,430000</XAUS>
    <XFRA>46,430000</XFRA>
  </Prezzi>
  <Prezzi>
    <Data>20170708</Data>
    <Mercato>MGP</Mercato>
    <Ora>8</Ora>
    <PUN>48,865270</PUN>
    <NAT>47,500000</NAT>
    <CNOR>46,840000</CNOR>
    <CSUD>46,840000</CSUD>
    <NORD>46,840000</NORD>
    <SARD>46,840000</SARD>
    <SICI>80,460000</SICI>
    <SUD>46,840000</SUD>
    <AUST>46,840000</AUST>
    <BRNN>46,840000</BRNN>
    <COAC>46,840000</COAC>
    <CORS>46,840000</CORS>
    <FOGN>46,840000</FOGN>
    <FRAN>46,840000</FRAN>
    <GREC>46,840000</GREC>
    <MFTV>46,840000</MFTV>
    <PRGP>80,460000</PRGP>
    <ROSN>46,840000</ROSN>
    <SLOV>46,840000</SLOV>
    <SVIZ>46,840000</SVIZ>
    <BSP>46,840000</BSP>
    <MALT>80,460000</MALT>
    <XAUS>46,840000</XAUS>
    <XFRA>46,840000</XFRA>
  </Prezzi>
  <Prezzi>
    <Data>20170708</Data>
    <Mercato>MGP</Mercato>
    <Ora>9</Ora>
    <PUN>48,848180</PUN>
    <NAT>47,500000</NAT>
    <CNOR>46,840000</CNOR>
    <CSUD>46,840000</CSUD>
    <NORD>46,840000</NORD>
    <SARD>46,840000</SARD>
    <SICI>80,460000</SICI>
    <SUD>46,840000</SUD>
    <AUST>46,840000</AUST>
    <BRNN>46,840000</BRNN>
    <COAC>46,840000</COAC>
    <CORS>46,840000</CORS>
    <FOGN>46,840000</FOGN>
    <FRAN>46,840000</FRAN>
    <GREC>46,840000</GREC>
    <MFTV>46,840000</MFTV>
    <PRGP>80,460000</PRGP>
    <ROSN>46,840000</ROSN>
    <SLOV>46,840000</SLOV>
    <SVIZ>46,840000</SVIZ>
    <BSP>46,840000</BSP>
    <MALT>80,460000</MALT>
    <XAUS>46,840000</XAUS>
    <XFRA>46,840000</XFRA>
  </Prezzi>
  <Prezzi>
    <Data>20170708</Data>
    <Mercato>MGP</Mercato>
    <Ora>10</Ora>
    <PUN>48,049410</PUN>
    <NAT>47,500000</NAT>
    <CNOR>46,840000</CNOR>
    <CSUD>46,840000</CSUD>
    <NORD>46,840000</NORD>
    <SARD>46,840000</SARD>
    <SICI>66,460000</SICI>
    <SUD>46,840000</SUD>
    <AUST>46,840000</AUST>
    <BRNN>46,840000</BRNN>
    <COAC>46,840000</COAC>
    <CORS>46,840000</CORS>
    <FOGN>46,840000</FOGN>
    <FRAN>46,840000</FRAN>
    <GREC>46,840000</GREC>
    <MFTV>46,840000</MFTV>
    <PRGP>66,460000</PRGP>
    <ROSN>46,840000</ROSN>
    <SLOV>46,840000</SLOV>
    <SVIZ>46,840000</SVIZ>
    <BSP>46,840000</BSP>
    <MALT>66,460000</MALT>
    <XAUS>46,840000</XAUS>
    <XFRA>46,840000</XFRA>
  </Prezzi>
  <Prezzi>
    <Data>20170708</Data>
    <Mercato>MGP</Mercato>
    <Ora>11</Ora>
    <PUN>48,024080</PUN>
    <NAT>47,500000</NAT>
    <CNOR>46,840000</CNOR>
    <CSUD>46,840000</CSUD>
    <NORD>46,840000</NORD>
    <SARD>46,840000</SARD>
    <SICI>66,150000</SICI>
    <SUD>46,840000</SUD>
    <AUST>46,840000</AUST>
    <BRNN>46,840000</BRNN>
    <COAC>46,840000</COAC>
    <CORS>46,840000</CORS>
    <FOGN>46,840000</FOGN>
    <FRAN>46,840000</FRAN>
    <GREC>46,840000</GREC>
    <MFTV>46,840000</MFTV>
    <PRGP>66,150000</PRGP>
    <ROSN>46,840000</ROSN>
    <SLOV>46,840000</SLOV>
    <SVIZ>46,840000</SVIZ>
    <BSP>46,840000</BSP>
    <MALT>66,150000</MALT>
    <XAUS>46,840000</XAUS>
    <XFRA>46,840000</XFRA>
  </Prezzi>
  <Prezzi>
    <Data>20170708</Data>
    <Mercato>MGP</Mercato>
    <Ora>12</Ora>
    <PUN>46,765040</PUN>
    <NAT>46,870000</NAT>
    <CNOR>45,500000</CNOR>
    <CSUD>45,500000</CSUD>
    <NORD>45,500000</NORD>
    <SARD>45,500000</SARD>
    <SICI>66,150000</SICI>
    <SUD>45,500000</SUD>
    <AUST>45,500000</AUST>
    <BRNN>45,500000</BRNN>
    <COAC>45,500000</COAC>
    <CORS>45,500000</CORS>
    <FOGN>45,500000</FOGN>
    <FRAN>45,500000</FRAN>
    <GREC>45,500000</GREC>
    <MFTV>45,500000</MFTV>
    <PRGP>66,150000</PRGP>
    <ROSN>45,500000</ROSN>
    <SLOV>45,500000</SLOV>
    <SVIZ>45,500000</SVIZ>
    <BSP>45,500000</BSP>
    <MALT>66,150000</MALT>
    <XAUS>45,500000</XAUS>
    <XFRA>45,500000</XFRA>
  </Prezzi>
  <Prezzi>
    <Data>20170708</Data>
    <Mercato>MGP</Mercato>
    <Ora>13</Ora>
    <PUN>45,801270</PUN>
    <NAT>46,000000</NAT>
    <CNOR>44,430000</CNOR>
    <CSUD>44,430000</CSUD>
    <NORD>44,430000</NORD>
    <SARD>44,430000</SARD>
    <SICI>66,150000</SICI>
    <SUD>44,430000</SUD>
    <AUST>44,430000</AUST>
    <BRNN>44,430000</BRNN>
    <COAC>44,430000</COAC>
    <CORS>44,430000</CORS>
    <FOGN>44,430000</FOGN>
    <FRAN>44,430000</FRAN>
    <GREC>44,430000</GREC>
    <MFTV>44,430000</MFTV>
    <PRGP>66,150000</PRGP>
    <ROSN>44,430000</ROSN>
    <SLOV>44,430000</SLOV>
    <SVIZ>44,430000</SVIZ>
    <BSP>44,430000</BSP>
    <MALT>66,150000</MALT>
    <XAUS>44,430000</XAUS>
    <XFRA>44,430000</XFRA>
  </Prezzi>
  <Prezzi>
    <Data>20170708</Data>
    <Mercato>MGP</Mercato>
    <Ora>14</Ora>
    <PUN>44,466050</PUN>
    <NAT>45,000000</NAT>
    <CNOR>43,000000</CNOR>
    <CSUD>43,000000</CSUD>
    <NORD>43,000000</NORD>
    <SARD>43,000000</SARD>
    <SICI>66,150000</SICI>
    <SUD>43,000000</SUD>
    <AUST>43,000000</AUST>
    <BRNN>43,000000</BRNN>
    <COAC>43,000000</COAC>
    <CORS>43,000000</CORS>
    <FOGN>43,000000</FOGN>
    <FRAN>43,000000</FRAN>
    <GREC>43,000000</GREC>
    <MFTV>43,000000</MFTV>
    <PRGP>66,150000</PRGP>
    <ROSN>43,000000</ROSN>
    <SLOV>43,000000</SLOV>
    <SVIZ>43,000000</SVIZ>
    <BSP>43,000000</BSP>
    <MALT>66,150000</MALT>
    <XAUS>43,000000</XAUS>
    <XFRA>43,000000</XFRA>
  </Prezzi>
  <Prezzi>
    <Data>20170708</Data>
    <Mercato>MGP</Mercato>
    <Ora>15</Ora>
    <PUN>43,996620</PUN>
    <NAT>44,430000</NAT>
    <CNOR>42,500000</CNOR>
    <CSUD>42,500000</CSUD>
    <NORD>42,500000</NORD>
    <SARD>42,500000</SARD>
    <SICI>66,150000</SICI>
    <SUD>42,500000</SUD>
    <AUST>42,500000</AUST>
    <BRNN>42,500000</BRNN>
    <COAC>42,500000</COAC>
    <CORS>42,500000</CORS>
    <FOGN>42,500000</FOGN>
    <FRAN>42,500000</FRAN>
    <GREC>42,500000</GREC>
    <MFTV>42,500000</MFTV>
    <PRGP>66,150000</PRGP>
    <ROSN>42,500000</ROSN>
    <SLOV>42,500000</SLOV>
    <SVIZ>42,500000</SVIZ>
    <BSP>42,500000</BSP>
    <MALT>66,150000</MALT>
    <XAUS>42,500000</XAUS>
    <XFRA>42,500000</XFRA>
  </Prezzi>
  <Prezzi>
    <Data>20170708</Data>
    <Mercato>MGP</Mercato>
    <Ora>16</Ora>
    <PUN>45,799580</PUN>
    <NAT>45,450000</NAT>
    <CNOR>44,430000</CNOR>
    <CSUD>44,430000</CSUD>
    <NORD>44,430000</NORD>
    <SARD>44,430000</SARD>
    <SICI>66,150000</SICI>
    <SUD>44,430000</SUD>
    <AUST>44,430000</AUST>
    <BRNN>44,430000</BRNN>
    <COAC>44,430000</COAC>
    <CORS>44,430000</CORS>
    <FOGN>44,430000</FOGN>
    <FRAN>44,430000</FRAN>
    <GREC>44,430000</GREC>
    <MFTV>44,430000</MFTV>
    <PRGP>66,150000</PRGP>
    <ROSN>44,430000</ROSN>
    <SLOV>44,430000</SLOV>
    <SVIZ>44,430000</SVIZ>
    <BSP>44,430000</BSP>
    <MALT>66,150000</MALT>
    <XAUS>44,430000</XAUS>
    <XFRA>44,430000</XFRA>
  </Prezzi>
  <Prezzi>
    <Data>20170708</Data>
    <Mercato>MGP</Mercato>
    <Ora>17</Ora>
    <PUN>47,049540</PUN>
    <NAT>46,870000</NAT>
    <CNOR>45,750000</CNOR>
    <CSUD>45,750000</CSUD>
    <NORD>45,750000</NORD>
    <SARD>45,750000</SARD>
    <SICI>66,150000</SICI>
    <SUD>45,750000</SUD>
    <AUST>45,750000</AUST>
    <BRNN>45,750000</BRNN>
    <COAC>45,750000</COAC>
    <CORS>45,750000</CORS>
    <FOGN>45,750000</FOGN>
    <FRAN>45,750000</FRAN>
    <GREC>45,750000</GREC>
    <MFTV>45,750000</MFTV>
    <PRGP>66,150000</PRGP>
    <ROSN>45,750000</ROSN>
    <SLOV>45,750000</SLOV>
    <SVIZ>45,750000</SVIZ>
    <BSP>45,750000</BSP>
    <MALT>66,150000</MALT>
    <XAUS>45,750000</XAUS>
    <XFRA>45,750000</XFRA>
  </Prezzi>
  <Prezzi>
    <Data>20170708</Data>
    <Mercato>MGP</Mercato>
    <Ora>18</Ora>
    <PUN>48,130270</PUN>
    <NAT>48,240000</NAT>
    <CNOR>46,870000</CNOR>
    <CSUD>46,870000</CSUD>
    <NORD>46,870000</NORD>
    <SARD>46,870000</SARD>
    <SICI>66,460000</SICI>
    <SUD>46,870000</SUD>
    <AUST>46,870000</AUST>
    <BRNN>46,870000</BRNN>
    <COAC>46,870000</COAC>
    <CORS>46,870000</CORS>
    <FOGN>46,870000</FOGN>
    <FRAN>46,870000</FRAN>
    <GREC>46,870000</GREC>
    <MFTV>46,870000</MFTV>
    <PRGP>66,460000</PRGP>
    <ROSN>46,870000</ROSN>
    <SLOV>46,870000</SLOV>
    <SVIZ>46,870000</SVIZ>
    <BSP>46,870000</BSP>
    <MALT>66,460000</MALT>
    <XAUS>46,870000</XAUS>
    <XFRA>46,870000</XFRA>
  </Prezzi>
  <Prezzi>
    <Data>20170708</Data>
    <Mercato>MGP</Mercato>
    <Ora>19</Ora>
    <PUN>56,616480</PUN>
    <NAT>59,900000</NAT>
    <CNOR>54,560000</CNOR>
    <CSUD>54,560000</CSUD>
    <NORD>54,560000</NORD>
    <SARD>54,560000</SARD>
    <SICI>86,150000</SICI>
    <SUD>54,560000</SUD>
    <AUST>54,560000</AUST>
    <BRNN>54,560000</BRNN>
    <COAC>54,560000</COAC>
    <CORS>54,560000</CORS>
    <FOGN>54,560000</FOGN>
    <FRAN>54,560000</FRAN>
    <GREC>54,560000</GREC>
    <MFTV>54,560000</MFTV>
    <PRGP>86,150000</PRGP>
    <ROSN>54,560000</ROSN>
    <SLOV>54,560000</SLOV>
    <SVIZ>54,560000</SVIZ>
    <BSP>54,560000</BSP>
    <MALT>86,150000</MALT>
    <XAUS>54,560000</XAUS>
    <XFRA>54,560000</XFRA>
  </Prezzi>
  <Prezzi>
    <Data>20170708</Data>
    <Mercato>MGP</Mercato>
    <Ora>20</Ora>
    <PUN>62,532210</PUN>
    <NAT>74,230000</NAT>
    <CNOR>60,870000</CNOR>
    <CSUD>60,870000</CSUD>
    <NORD>60,870000</NORD>
    <SARD>60,870000</SARD>
    <SICI>86,460000</SICI>
    <SUD>60,870000</SUD>
    <AUST>60,870000</AUST>
    <BRNN>60,870000</BRNN>
    <COAC>60,870000</COAC>
    <CORS>60,870000</CORS>
    <FOGN>60,870000</FOGN>
    <FRAN>60,870000</FRAN>
    <GREC>60,870000</GREC>
    <MFTV>60,870000</MFTV>
    <PRGP>86,460000</PRGP>
    <ROSN>60,870000</ROSN>
    <SLOV>60,870000</SLOV>
    <SVIZ>60,870000</SVIZ>
    <BSP>60,870000</BSP>
    <MALT>86,460000</MALT>
    <XAUS>60,870000</XAUS>
    <XFRA>60,870000</XFRA>
  </Prezzi>
  <Prezzi>
    <Data>20170708</Data>
    <Mercato>MGP</Mercato>
    <Ora>21</Ora>
    <PUN>65,510000</PUN>
    <NAT>78,000000</NAT>
    <CNOR>63,966230</CNOR>
    <CSUD>63,966230</CSUD>
    <NORD>63,966230</NORD>
    <SARD>63,966230</SARD>
    <SICI>86,460000</SICI>
    <SUD>63,966230</SUD>
    <AUST>63,966230</AUST>
    <BRNN>63,966230</BRNN>
    <COAC>63,966230</COAC>
    <CORS>63,966230</CORS>
    <FOGN>63,966230</FOGN>
    <FRAN>63,966230</FRAN>
    <GREC>63,966230</GREC>
    <MFTV>63,966230</MFTV>
    <PRGP>86,460000</PRGP>
    <ROSN>63,966230</ROSN>
    <SLOV>63,966230</SLOV>
    <SVIZ>63,966230</SVIZ>
    <BSP>63,966230</BSP>
    <MALT>86,460000</MALT>
    <XAUS>63,966230</XAUS>
    <XFRA>63,966230</XFRA>
  </Prezzi>
  <Prezzi>
    <Data>20170708</Data>
    <Mercato>MGP</Mercato>
    <Ora>22</Ora>
    <PUN>67,083330</PUN>
    <NAT>83,130000</NAT>
    <CNOR>65,700000</CNOR>
    <CSUD>65,700000</CSUD>
    <NORD>65,700000</NORD>
    <SARD>65,700000</SARD>
    <SICI>86,460000</SICI>
    <SUD>65,700000</SUD>
    <AUST>65,700000</AUST>
    <BRNN>65,700000</BRNN>
    <COAC>65,700000</COAC>
    <CORS>65,700000</CORS>
    <FOGN>65,700000</FOGN>
    <FRAN>65,700000</FRAN>
    <GREC>65,700000</GREC>
    <MFTV>65,700000</MFTV>
    <PRGP>86,460000</PRGP>
    <ROSN>65,700000</ROSN>
    <SLOV>65,700000</SLOV>
    <SVIZ>65,700000</SVIZ>
    <BSP>65,700000</BSP>
    <MALT>86,460000</MALT>
    <XAUS>65,700000</XAUS>
    <XFRA>65,700000</XFRA>
  </Prezzi>
  <Prezzi>
    <Data>20170708</Data>
    <Mercato>MGP</Mercato>
    <Ora>23</Ora>
    <PUN>57,585220</PUN>
    <NAT>70,620000</NAT>
    <CNOR>55,540000</CNOR>
    <CSUD>55,540000</CSUD>
    <NORD>55,540000</NORD>
    <SARD>55,540000</SARD>
    <SICI>86,460000</SICI>
    <SUD>55,540000</SUD>
    <AUST>55,540000</AUST>
    <BRNN>55,540000</BRNN>
    <COAC>55,540000</COAC>
    <CORS>55,540000</CORS>
    <FOGN>55,540000</FOGN>
    <FRAN>55,540000</FRAN>
    <GREC>55,540000</GREC>
    <MFTV>55,540000</MFTV>
    <PRGP>86,460000</PRGP>
    <ROSN>55,540000</ROSN>
    <SLOV>55,540000</SLOV>
    <SVIZ>55,540000</SVIZ>
    <BSP>55,540000</BSP>
    <MALT>86,460000</MALT>
    <XAUS>55,540000</XAUS>
    <XFRA>55,540000</XFRA>
  </Prezzi>
  <Prezzi>
    <Data>20170708</Data>
    <Mercato>MGP</Mercato>
    <Ora>24</Ora>
    <PUN>53,255710</PUN>
    <NAT>57,800000</NAT>
    <CNOR>50,920000</CNOR>
    <CSUD>50,920000</CSUD>
    <NORD>50,920000</NORD>
    <SARD>50,920000</SARD>
    <SICI>86,150000</SICI>
    <SUD>50,920000</SUD>
    <AUST>50,920000</AUST>
    <BRNN>50,920000</BRNN>
    <COAC>50,920000</COAC>
    <CORS>50,920000</CORS>
    <FOGN>50,920000</FOGN>
    <FRAN>50,920000</FRAN>
    <GREC>50,920000</GREC>
    <MFTV>50,920000</MFTV>
    <PRGP>86,150000</PRGP>
    <ROSN>50,920000</ROSN>
    <SLOV>50,920000</SLOV>
    <SVIZ>50,920000</SVIZ>
    <BSP>50,920000</BSP>
    <MALT>86,150000</MALT>
    <XAUS>50,920000</XAUS>
    <XFRA>50,920000</XFRA>
  </Prezzi>
</NewDataSet>