<?xml version="1.0" standalone="yes"?>
<NewDataSet>
  <xs:schema id="NewDataSet" xmlns="" xmlns:xs="http://www.w3.org/2001/XMLSchema" xmlns:msdata="urn:schemas-microsoft-com:xml-msdata">
    <xs:element name="NewDataSet" msdata:IsDataSet="true" msdata:UseCurrentLocale="true">
      <xs:complexType>
        <xs:choice minOccurs="0" maxOccurs="unbounded">
          <xs:element name="Prezzi">
            <xs:complexType>
              <xs:sequence>
                <xs:element name="Data" type="xs:string" minOccurs="0" />
                <xs:element name="Mercato" type="xs:string" minOccurs="0" />
                <xs:element name="Ora" type="xs:string" minOccurs="0" />
                <xs:element name="PUN" type="xs:string" minOccurs="0" />
                <xs:element name="NAT" type="xs:string" minOccurs="0" />
                <xs:element name="CNOR" type="xs:string" minOccurs="0" />
                <xs:element name="CSUD" type="xs:string" minOccurs="0" />
                <xs:element name="NORD" type="xs:string" minOccurs="0" />
                <xs:element name="SARD" type="xs:string" minOccurs="0" />
                <xs:element name="SICI" type="xs:string" minOccurs="0" />
                <xs:element name="SUD" type="xs:string" minOccurs="0" />
                <xs:element name="AUST" type="xs:string" minOccurs="0" />
                <xs:element name="BRNN" type="xs:string" minOccurs="0" />
                <xs:element name="COAC" type="xs:string" minOccurs="0" />
                <xs:element name="CORS" type="xs:string" minOccurs="0" />
                <xs:element name="FOGN" type="xs:string" minOccurs="0" />
                <xs:element name="FRAN" type="xs:string" minOccurs="0" />
                <xs:element name="GREC" type="xs:string" minOccurs="0" />
                <xs:element name="MFTV" type="xs:string" minOccurs="0" />
                <xs:element name="PRGP" type="xs:string" minOccurs="0" />
                <xs:element name="ROSN" type="xs:string" minOccurs="0" />
                <xs:element name="SLOV" type="xs:string" minOccurs="0" />
                <xs:element name="SVIZ" type="xs:string" minOccurs="0" />
                <xs:element name="BSP" type="xs:string" minOccurs="0" />
                <xs:element name="MALT" type="xs:string" minOccurs="0" />
                <xs:element name="XAUS" type="xs:string" minOccurs="0" />
                <xs:element name="XFRA" type="xs:string" minOccurs="0" />
              </xs:sequence>
            </xs:complexType>
          </xs:element>
        </xs:choice>
      </xs:complexType>
    </xs:element>
  </xs:schema>
  <Prezzi>
    <Data>20170717</Data>
    <Mercato>MGP</Mercato>
    <Ora>1</Ora>
    <PUN>41,720000</PUN>
    <NAT>41,720000</NAT>
    <CNOR>41,720000</CNOR>
    <CSUD>41,720000</CSUD>
    <NORD>41,720000</NORD>
    <SARD>41,720000</SARD>
    <SICI>41,720000</SICI>
    <SUD>41,720000</SUD>
    <AUST>41,720000</AUST>
    <BRNN>41,720000</BRNN>
    <COAC>41,720000</COAC>
    <CORS>41,720000</CORS>
    <FOGN>41,720000</FOGN>
    <FRAN>41,720000</FRAN>
    <GREC>41,720000</GREC>
    <MFTV>41,720000</MFTV>
    <PRGP>41,720000</PRGP>
    <ROSN>41,720000</ROSN>
    <SLOV>41,720000</SLOV>
    <SVIZ>41,720000</SVIZ>
    <BSP>41,720000</BSP>
    <MALT>41,720000</MALT>
    <XAUS>41,720000</XAUS>
    <XFRA>41,720000</XFRA>
  </Prezzi>
  <Prezzi>
    <Data>20170717</Data>
    <Mercato>MGP</Mercato>
    <Ora>2</Ora>
    <PUN>38,569630</PUN>
    <NAT>38,810000</NAT>
    <CNOR>39,150000</CNOR>
    <CSUD>39,150000</CSUD>
    <NORD>38,020000</NORD>
    <SARD>39,150000</SARD>
    <SICI>39,150000</SICI>
    <SUD>39,150000</SUD>
    <AUST>38,020000</AUST>
    <BRNN>39,150000</BRNN>
    <COAC>39,150000</COAC>
    <CORS>39,150000</CORS>
    <FOGN>39,150000</FOGN>
    <FRAN>38,020000</FRAN>
    <GREC>39,150000</GREC>
    <MFTV>38,020000</MFTV>
    <PRGP>39,150000</PRGP>
    <ROSN>39,150000</ROSN>
    <SLOV>38,020000</SLOV>
    <SVIZ>38,020000</SVIZ>
    <BSP>38,020000</BSP>
    <MALT>39,150000</MALT>
    <XAUS>38,020000</XAUS>
    <XFRA>38,020000</XFRA>
  </Prezzi>
  <Prezzi>
    <Data>20170717</Data>
    <Mercato>MGP</Mercato>
    <Ora>3</Ora>
    <PUN>34,750000</PUN>
    <NAT>34,750000</NAT>
    <CNOR>34,750000</CNOR>
    <CSUD>34,750000</CSUD>
    <NORD>34,750000</NORD>
    <SARD>34,750000</SARD>
    <SICI>34,750000</SICI>
    <SUD>34,750000</SUD>
    <AUST>34,750000</AUST>
    <BRNN>34,750000</BRNN>
    <COAC>34,750000</COAC>
    <CORS>34,750000</CORS>
    <FOGN>34,750000</FOGN>
    <FRAN>34,750000</FRAN>
    <GREC>34,750000</GREC>
    <MFTV>34,750000</MFTV>
    <PRGP>34,750000</PRGP>
    <ROSN>34,750000</ROSN>
    <SLOV>34,750000</SLOV>
    <SVIZ>34,750000</SVIZ>
    <BSP>34,750000</BSP>
    <MALT>34,750000</MALT>
    <XAUS>34,750000</XAUS>
    <XFRA>34,750000</XFRA>
  </Prezzi>
  <Prezzi>
    <Data>20170717</Data>
    <Mercato>MGP</Mercato>
    <Ora>4</Ora>
    <PUN>32,390000</PUN>
    <NAT>32,390000</NAT>
    <CNOR>32,390000</CNOR>
    <CSUD>32,390000</CSUD>
    <NORD>32,390000</NORD>
    <SARD>32,390000</SARD>
    <SICI>32,390000</SICI>
    <SUD>32,390000</SUD>
    <AUST>32,390000</AUST>
    <BRNN>32,390000</BRNN>
    <COAC>32,390000</COAC>
    <CORS>32,390000</CORS>
    <FOGN>32,390000</FOGN>
    <FRAN>32,390000</FRAN>
    <GREC>32,390000</GREC>
    <MFTV>32,390000</MFTV>
    <PRGP>32,390000</PRGP>
    <ROSN>32,390000</ROSN>
    <SLOV>32,390000</SLOV>
    <SVIZ>32,390000</SVIZ>
    <BSP>32,390000</BSP>
    <MALT>32,390000</MALT>
    <XAUS>32,390000</XAUS>
    <XFRA>32,390000</XFRA>
  </Prezzi>
  <Prezzi>
    <Data>20170717</Data>
    <Mercato>MGP</Mercato>
    <Ora>5</Ora>
    <PUN>33,650000</PUN>
    <NAT>33,650000</NAT>
    <CNOR>33,650000</CNOR>
    <CSUD>33,650000</CSUD>
    <NORD>33,650000</NORD>
    <SARD>33,650000</SARD>
    <SICI>33,650000</SICI>
    <SUD>33,650000</SUD>
    <AUST>33,650000</AUST>
    <BRNN>33,650000</BRNN>
    <COAC>33,650000</COAC>
    <CORS>33,650000</CORS>
    <FOGN>33,650000</FOGN>
    <FRAN>33,650000</FRAN>
    <GREC>33,650000</GREC>
    <MFTV>33,650000</MFTV>
    <PRGP>33,650000</PRGP>
    <ROSN>33,650000</ROSN>
    <SLOV>33,650000</SLOV>
    <SVIZ>33,650000</SVIZ>
    <BSP>33,650000</BSP>
    <MALT>33,650000</MALT>
    <XAUS>33,650000</XAUS>
    <XFRA>33,650000</XFRA>
  </Prezzi>
  <Prezzi>
    <Data>20170717</Data>
    <Mercato>MGP</Mercato>
    <Ora>6</Ora>
    <PUN>36,280000</PUN>
    <NAT>36,280000</NAT>
    <CNOR>36,280000</CNOR>
    <CSUD>36,280000</CSUD>
    <NORD>36,280000</NORD>
    <SARD>36,280000</SARD>
    <SICI>36,280000</SICI>
    <SUD>36,280000</SUD>
    <AUST>36,280000</AUST>
    <BRNN>36,280000</BRNN>
    <COAC>36,280000</COAC>
    <CORS>36,280000</CORS>
    <FOGN>36,280000</FOGN>
    <FRAN>36,280000</FRAN>
    <GREC>36,280000</GREC>
    <MFTV>36,280000</MFTV>
    <PRGP>36,280000</PRGP>
    <ROSN>36,280000</ROSN>
    <SLOV>36,280000</SLOV>
    <SVIZ>36,280000</SVIZ>
    <BSP>36,280000</BSP>
    <MALT>36,280000</MALT>
    <XAUS>36,280000</XAUS>
    <XFRA>36,280000</XFRA>
  </Prezzi>
  <Prezzi>
    <Data>20170717</Data>
    <Mercato>MGP</Mercato>
    <Ora>7</Ora>
    <PUN>42,650000</PUN>
    <NAT>42,650000</NAT>
    <CNOR>42,650000</CNOR>
    <CSUD>42,650000</CSUD>
    <NORD>42,650000</NORD>
    <SARD>42,650000</SARD>
    <SICI>42,650000</SICI>
    <SUD>42,650000</SUD>
    <AUST>42,650000</AUST>
    <BRNN>42,650000</BRNN>
    <COAC>42,650000</COAC>
    <CORS>42,650000</CORS>
    <FOGN>42,650000</FOGN>
    <FRAN>42,650000</FRAN>
    <GREC>42,650000</GREC>
    <MFTV>42,650000</MFTV>
    <PRGP>42,650000</PRGP>
    <ROSN>42,650000</ROSN>
    <SLOV>42,650000</SLOV>
    <SVIZ>42,650000</SVIZ>
    <BSP>42,650000</BSP>
    <MALT>42,650000</MALT>
    <XAUS>42,650000</XAUS>
    <XFRA>42,650000</XFRA>
  </Prezzi>
  <Prezzi>
    <Data>20170717</Data>
    <Mercato>MGP</Mercato>
    <Ora>8</Ora>
    <PUN>46,990000</PUN>
    <NAT>46,990000</NAT>
    <CNOR>46,990000</CNOR>
    <CSUD>46,990000</CSUD>
    <NORD>46,990000</NORD>
    <SARD>46,990000</SARD>
    <SICI>46,990000</SICI>
    <SUD>46,990000</SUD>
    <AUST>46,990000</AUST>
    <BRNN>46,990000</BRNN>
    <COAC>46,990000</COAC>
    <CORS>46,990000</CORS>
    <FOGN>46,990000</FOGN>
    <FRAN>46,990000</FRAN>
    <GREC>46,990000</GREC>
    <MFTV>46,990000</MFTV>
    <PRGP>46,990000</PRGP>
    <ROSN>46,990000</ROSN>
    <SLOV>46,990000</SLOV>
    <SVIZ>46,990000</SVIZ>
    <BSP>46,990000</BSP>
    <MALT>46,990000</MALT>
    <XAUS>46,990000</XAUS>
    <XFRA>46,990000</XFRA>
  </Prezzi>
  <Prezzi>
    <Data>20170717</Data>
    <Mercato>MGP</Mercato>
    <Ora>9</Ora>
    <PUN>53,130400</PUN>
    <NAT>49,040000</NAT>
    <CNOR>55,000000</CNOR>
    <CSUD>48,990000</CSUD>
    <NORD>55,000000</NORD>
    <SARD>48,990000</SARD>
    <SICI>48,990000</SICI>
    <SUD>48,990000</SUD>
    <AUST>55,000000</AUST>
    <BRNN>48,990000</BRNN>
    <COAC>48,990000</COAC>
    <CORS>55,000000</CORS>
    <FOGN>48,990000</FOGN>
    <FRAN>55,000000</FRAN>
    <GREC>48,990000</GREC>
    <MFTV>55,000000</MFTV>
    <PRGP>48,990000</PRGP>
    <ROSN>48,990000</ROSN>
    <SLOV>55,000000</SLOV>
    <SVIZ>55,000000</SVIZ>
    <BSP>55,000000</BSP>
    <MALT>48,990000</MALT>
    <XAUS>55,000000</XAUS>
    <XFRA>55,000000</XFRA>
  </Prezzi>
  <Prezzi>
    <Data>20170717</Data>
    <Mercato>MGP</Mercato>
    <Ora>10</Ora>
    <PUN>51,225270</PUN>
    <NAT>48,150000</NAT>
    <CNOR>55,000000</CNOR>
    <CSUD>43,000000</CSUD>
    <NORD>55,000000</NORD>
    <SARD>43,000000</SARD>
    <SICI>43,000000</SICI>
    <SUD>43,000000</SUD>
    <AUST>55,000000</AUST>
    <BRNN>43,000000</BRNN>
    <COAC>43,000000</COAC>
    <CORS>55,000000</CORS>
    <FOGN>43,000000</FOGN>
    <FRAN>55,000000</FRAN>
    <GREC>43,000000</GREC>
    <MFTV>55,000000</MFTV>
    <PRGP>43,000000</PRGP>
    <ROSN>43,000000</ROSN>
    <SLOV>55,000000</SLOV>
    <SVIZ>55,000000</SVIZ>
    <BSP>55,000000</BSP>
    <MALT>43,000000</MALT>
    <XAUS>55,000000</XAUS>
    <XFRA>55,000000</XFRA>
  </Prezzi>
  <Prezzi>
    <Data>20170717</Data>
    <Mercato>MGP</Mercato>
    <Ora>11</Ora>
    <PUN>48,427860</PUN>
    <NAT>43,970000</NAT>
    <CNOR>52,100000</CNOR>
    <CSUD>40,460000</CSUD>
    <NORD>52,100000</NORD>
    <SARD>40,460000</SARD>
    <SICI>40,460000</SICI>
    <SUD>40,460000</SUD>
    <AUST>52,100000</AUST>
    <BRNN>40,460000</BRNN>
    <COAC>40,460000</COAC>
    <CORS>52,100000</CORS>
    <FOGN>40,460000</FOGN>
    <FRAN>52,100000</FRAN>
    <GREC>40,460000</GREC>
    <MFTV>52,100000</MFTV>
    <PRGP>40,460000</PRGP>
    <ROSN>40,460000</ROSN>
    <SLOV>52,100000</SLOV>
    <SVIZ>52,100000</SVIZ>
    <BSP>52,100000</BSP>
    <MALT>40,460000</MALT>
    <XAUS>52,100000</XAUS>
    <XFRA>52,100000</XFRA>
  </Prezzi>
  <Prezzi>
    <Data>20170717</Data>
    <Mercato>MGP</Mercato>
    <Ora>12</Ora>
    <PUN>50,400260</PUN>
    <NAT>42,650000</NAT>
    <CNOR>55,000000</CNOR>
    <CSUD>40,390000</CSUD>
    <NORD>55,000000</NORD>
    <SARD>40,390000</SARD>
    <SICI>40,390000</SICI>
    <SUD>40,390000</SUD>
    <AUST>55,000000</AUST>
    <BRNN>40,390000</BRNN>
    <COAC>40,390000</COAC>
    <CORS>55,000000</CORS>
    <FOGN>40,390000</FOGN>
    <FRAN>55,000000</FRAN>
    <GREC>40,390000</GREC>
    <MFTV>55,000000</MFTV>
    <PRGP>40,390000</PRGP>
    <ROSN>40,390000</ROSN>
    <SLOV>55,000000</SLOV>
    <SVIZ>55,000000</SVIZ>
    <BSP>55,000000</BSP>
    <MALT>40,390000</MALT>
    <XAUS>55,000000</XAUS>
    <XFRA>55,000000</XFRA>
  </Prezzi>
  <Prezzi>
    <Data>20170717</Data>
    <Mercato>MGP</Mercato>
    <Ora>13</Ora>
    <PUN>47,202250</PUN>
    <NAT>41,720000</NAT>
    <CNOR>50,500000</CNOR>
    <CSUD>40,390000</CSUD>
    <NORD>50,500000</NORD>
    <SARD>40,390000</SARD>
    <SICI>40,390000</SICI>
    <SUD>40,390000</SUD>
    <AUST>50,500000</AUST>
    <BRNN>40,390000</BRNN>
    <COAC>40,390000</COAC>
    <CORS>50,500000</CORS>
    <FOGN>40,390000</FOGN>
    <FRAN>50,500000</FRAN>
    <GREC>40,390000</GREC>
    <MFTV>50,500000</MFTV>
    <PRGP>40,390000</PRGP>
    <ROSN>40,390000</ROSN>
    <SLOV>50,500000</SLOV>
    <SVIZ>50,500000</SVIZ>
    <BSP>50,500000</BSP>
    <MALT>40,390000</MALT>
    <XAUS>50,500000</XAUS>
    <XFRA>50,500000</XFRA>
  </Prezzi>
  <Prezzi>
    <Data>20170717</Data>
    <Mercato>MGP</Mercato>
    <Ora>14</Ora>
    <PUN>47,682910</PUN>
    <NAT>41,720000</NAT>
    <CNOR>49,680000</CNOR>
    <CSUD>39,140000</CSUD>
    <NORD>52,140000</NORD>
    <SARD>39,140000</SARD>
    <SICI>39,140000</SICI>
    <SUD>39,140000</SUD>
    <AUST>52,140000</AUST>
    <BRNN>39,140000</BRNN>
    <COAC>39,140000</COAC>
    <CORS>49,680000</CORS>
    <FOGN>39,140000</FOGN>
    <FRAN>52,140000</FRAN>
    <GREC>39,140000</GREC>
    <MFTV>52,140000</MFTV>
    <PRGP>39,140000</PRGP>
    <ROSN>39,140000</ROSN>
    <SLOV>52,140000</SLOV>
    <SVIZ>52,140000</SVIZ>
    <BSP>52,140000</BSP>
    <MALT>39,140000</MALT>
    <XAUS>52,140000</XAUS>
    <XFRA>52,140000</XFRA>
  </Prezzi>
  <Prezzi>
    <Data>20170717</Data>
    <Mercato>MGP</Mercato>
    <Ora>15</Ora>
    <PUN>51,531910</PUN>
    <NAT>43,010000</NAT>
    <CNOR>57,000000</CNOR>
    <CSUD>39,280000</CSUD>
    <NORD>57,000000</NORD>
    <SARD>39,280000</SARD>
    <SICI>39,280000</SICI>
    <SUD>39,280000</SUD>
    <AUST>57,000000</AUST>
    <BRNN>39,280000</BRNN>
    <COAC>39,280000</COAC>
    <CORS>57,000000</CORS>
    <FOGN>39,280000</FOGN>
    <FRAN>57,000000</FRAN>
    <GREC>39,280000</GREC>
    <MFTV>57,000000</MFTV>
    <PRGP>39,280000</PRGP>
    <ROSN>39,280000</ROSN>
    <SLOV>57,000000</SLOV>
    <SVIZ>57,000000</SVIZ>
    <BSP>57,000000</BSP>
    <MALT>39,280000</MALT>
    <XAUS>57,000000</XAUS>
    <XFRA>57,000000</XFRA>
  </Prezzi>
  <Prezzi>
    <Data>20170717</Data>
    <Mercato>MGP</Mercato>
    <Ora>16</Ora>
    <PUN>57,588380</PUN>
    <NAT>45,270000</NAT>
    <CNOR>65,200000</CNOR>
    <CSUD>40,460000</CSUD>
    <NORD>65,200000</NORD>
    <SARD>40,460000</SARD>
    <SICI>40,460000</SICI>
    <SUD>40,460000</SUD>
    <AUST>65,200000</AUST>
    <BRNN>40,460000</BRNN>
    <COAC>40,460000</COAC>
    <CORS>65,200000</CORS>
    <FOGN>40,460000</FOGN>
    <FRAN>65,200000</FRAN>
    <GREC>40,460000</GREC>
    <MFTV>65,200000</MFTV>
    <PRGP>40,460000</PRGP>
    <ROSN>40,460000</ROSN>
    <SLOV>65,200000</SLOV>
    <SVIZ>65,200000</SVIZ>
    <BSP>65,200000</BSP>
    <MALT>40,460000</MALT>
    <XAUS>65,200000</XAUS>
    <XFRA>65,200000</XFRA>
  </Prezzi>
  <Prezzi>
    <Data>20170717</Data>
    <Mercato>MGP</Mercato>
    <Ora>17</Ora>
    <PUN>68,469260</PUN>
    <NAT>49,040000</NAT>
    <CNOR>80,000000</CNOR>
    <CSUD>43,000000</CSUD>
    <NORD>80,000000</NORD>
    <SARD>43,000000</SARD>
    <SICI>43,000000</SICI>
    <SUD>43,000000</SUD>
    <AUST>80,000000</AUST>
    <BRNN>43,000000</BRNN>
    <COAC>43,000000</COAC>
    <CORS>80,000000</CORS>
    <FOGN>43,000000</FOGN>
    <FRAN>80,000000</FRAN>
    <GREC>43,000000</GREC>
    <MFTV>80,000000</MFTV>
    <PRGP>43,000000</PRGP>
    <ROSN>43,000000</ROSN>
    <SLOV>80,000000</SLOV>
    <SVIZ>80,000000</SVIZ>
    <BSP>80,000000</BSP>
    <MALT>43,000000</MALT>
    <XAUS>80,000000</XAUS>
    <XFRA>80,000000</XFRA>
  </Prezzi>
  <Prezzi>
    <Data>20170717</Data>
    <Mercato>MGP</Mercato>
    <Ora>18</Ora>
    <PUN>64,791670</PUN>
    <NAT>49,670000</NAT>
    <CNOR>73,710000</CNOR>
    <CSUD>45,800000</CSUD>
    <NORD>73,710000</NORD>
    <SARD>45,800000</SARD>
    <SICI>45,800000</SICI>
    <SUD>45,800000</SUD>
    <AUST>73,710000</AUST>
    <BRNN>45,800000</BRNN>
    <COAC>45,800000</COAC>
    <CORS>73,710000</CORS>
    <FOGN>45,800000</FOGN>
    <FRAN>73,710000</FRAN>
    <GREC>45,800000</GREC>
    <MFTV>73,710000</MFTV>
    <PRGP>45,800000</PRGP>
    <ROSN>45,800000</ROSN>
    <SLOV>73,710000</SLOV>
    <SVIZ>73,710000</SVIZ>
    <BSP>73,710000</BSP>
    <MALT>45,800000</MALT>
    <XAUS>73,710000</XAUS>
    <XFRA>73,710000</XFRA>
  </Prezzi>
  <Prezzi>
    <Data>20170717</Data>
    <Mercato>MGP</Mercato>
    <Ora>19</Ora>
    <PUN>58,148090</PUN>
    <NAT>49,670000</NAT>
    <CNOR>59,400000</CNOR>
    <CSUD>49,040000</CSUD>
    <NORD>59,400000</NORD>
    <SARD>49,040000</SARD>
    <SICI>85,990000</SICI>
    <SUD>49,040000</SUD>
    <AUST>59,400000</AUST>
    <BRNN>49,040000</BRNN>
    <COAC>49,040000</COAC>
    <CORS>59,400000</CORS>
    <FOGN>49,040000</FOGN>
    <FRAN>59,400000</FRAN>
    <GREC>49,040000</GREC>
    <MFTV>59,400000</MFTV>
    <PRGP>85,990000</PRGP>
    <ROSN>49,040000</ROSN>
    <SLOV>59,400000</SLOV>
    <SVIZ>59,400000</SVIZ>
    <BSP>59,400000</BSP>
    <MALT>85,990000</MALT>
    <XAUS>59,400000</XAUS>
    <XFRA>59,400000</XFRA>
  </Prezzi>
  <Prezzi>
    <Data>20170717</Data>
    <Mercato>MGP</Mercato>
    <Ora>20</Ora>
    <PUN>56,165800</PUN>
    <NAT>50,750000</NAT>
    <CNOR>55,320000</CNOR>
    <CSUD>49,670000</CSUD>
    <NORD>55,320000</NORD>
    <SARD>49,670000</SARD>
    <SICI>96,160000</SICI>
    <SUD>49,670000</SUD>
    <AUST>55,320000</AUST>
    <BRNN>49,670000</BRNN>
    <COAC>49,670000</COAC>
    <CORS>55,320000</CORS>
    <FOGN>49,670000</FOGN>
    <FRAN>55,320000</FRAN>
    <GREC>49,670000</GREC>
    <MFTV>55,320000</MFTV>
    <PRGP>96,160000</PRGP>
    <ROSN>49,670000</ROSN>
    <SLOV>55,320000</SLOV>
    <SVIZ>55,320000</SVIZ>
    <BSP>55,320000</BSP>
    <MALT>96,160000</MALT>
    <XAUS>55,320000</XAUS>
    <XFRA>55,320000</XFRA>
  </Prezzi>
  <Prezzi>
    <Data>20170717</Data>
    <Mercato>MGP</Mercato>
    <Ora>21</Ora>
    <PUN>55,679570</PUN>
    <NAT>55,010000</NAT>
    <CNOR>53,000000</CNOR>
    <CSUD>53,000000</CSUD>
    <NORD>53,000000</NORD>
    <SARD>53,000000</SARD>
    <SICI>96,160000</SICI>
    <SUD>53,000000</SUD>
    <AUST>53,000000</AUST>
    <BRNN>53,000000</BRNN>
    <COAC>53,000000</COAC>
    <CORS>53,000000</CORS>
    <FOGN>53,000000</FOGN>
    <FRAN>53,000000</FRAN>
    <GREC>53,000000</GREC>
    <MFTV>53,000000</MFTV>
    <PRGP>96,160000</PRGP>
    <ROSN>53,000000</ROSN>
    <SLOV>53,000000</SLOV>
    <SVIZ>53,000000</SVIZ>
    <BSP>53,000000</BSP>
    <MALT>96,160000</MALT>
    <XAUS>53,000000</XAUS>
    <XFRA>53,000000</XFRA>
  </Prezzi>
  <Prezzi>
    <Data>20170717</Data>
    <Mercato>MGP</Mercato>
    <Ora>22</Ora>
    <PUN>57,557830</PUN>
    <NAT>64,710000</NAT>
    <CNOR>55,000000</CNOR>
    <CSUD>55,000000</CSUD>
    <NORD>55,000000</NORD>
    <SARD>55,000000</SARD>
    <SICI>96,160000</SICI>
    <SUD>55,000000</SUD>
    <AUST>55,000000</AUST>
    <BRNN>55,000000</BRNN>
    <COAC>55,000000</COAC>
    <CORS>55,000000</CORS>
    <FOGN>55,000000</FOGN>
    <FRAN>55,000000</FRAN>
    <GREC>55,000000</GREC>
    <MFTV>55,000000</MFTV>
    <PRGP>96,160000</PRGP>
    <ROSN>55,000000</ROSN>
    <SLOV>55,000000</SLOV>
    <SVIZ>55,000000</SVIZ>
    <BSP>55,000000</BSP>
    <MALT>96,160000</MALT>
    <XAUS>55,000000</XAUS>
    <XFRA>55,000000</XFRA>
  </Prezzi>
  <Prezzi>
    <Data>20170717</Data>
    <Mercato>MGP</Mercato>
    <Ora>23</Ora>
    <PUN>51,959490</PUN>
    <NAT>49,080000</NAT>
    <CNOR>49,040000</CNOR>
    <CSUD>49,040000</CSUD>
    <NORD>49,040000</NORD>
    <SARD>49,040000</SARD>
    <SICI>96,160000</SICI>
    <SUD>49,040000</SUD>
    <AUST>49,040000</AUST>
    <BRNN>49,040000</BRNN>
    <COAC>49,040000</COAC>
    <CORS>49,040000</CORS>
    <FOGN>49,040000</FOGN>
    <FRAN>49,040000</FRAN>
    <GREC>49,040000</GREC>
    <MFTV>49,040000</MFTV>
    <PRGP>96,160000</PRGP>
    <ROSN>49,040000</ROSN>
    <SLOV>49,040000</SLOV>
    <SVIZ>49,040000</SVIZ>
    <BSP>49,040000</BSP>
    <MALT>96,160000</MALT>
    <XAUS>49,040000</XAUS>
    <XFRA>49,040000</XFRA>
  </Prezzi>
  <Prezzi>
    <Data>20170717</Data>
    <Mercato>MGP</Mercato>
    <Ora>24</Ora>
    <PUN>50,504200</PUN>
    <NAT>48,780000</NAT>
    <CNOR>47,470000</CNOR>
    <CSUD>47,470000</CSUD>
    <NORD>47,470000</NORD>
    <SARD>47,470000</SARD>
    <SICI>96,160000</SICI>
    <SUD>47,470000</SUD>
    <AUST>47,470000</AUST>
    <BRNN>47,470000</BRNN>
    <COAC>47,470000</COAC>
    <CORS>47,470000</CORS>
    <FOGN>47,470000</FOGN>
    <FRAN>47,470000</FRAN>
    <GREC>47,470000</GREC>
    <MFTV>47,470000</MFTV>
    <PRGP>96,160000</PRGP>
    <ROSN>47,470000</ROSN>
    <SLOV>47,470000</SLOV>
    <SVIZ>47,470000</SVIZ>
    <BSP>47,470000</BSP>
    <MALT>96,160000</MALT>
    <XAUS>47,470000</XAUS>
    <XFRA>47,470000</XFRA>
  </Prezzi>
</NewDataSet>