<?xml version="1.0" standalone="yes"?>
<NewDataSet>
  <xs:schema id="NewDataSet" xmlns="" xmlns:xs="http://www.w3.org/2001/XMLSchema" xmlns:msdata="urn:schemas-microsoft-com:xml-msdata">
    <xs:element name="NewDataSet" msdata:IsDataSet="true" msdata:UseCurrentLocale="true">
      <xs:complexType>
        <xs:choice minOccurs="0" maxOccurs="unbounded">
          <xs:element name="Prezzi">
            <xs:complexType>
              <xs:sequence>
                <xs:element name="Data" type="xs:string" minOccurs="0" />
                <xs:element name="Mercato" type="xs:string" minOccurs="0" />
                <xs:element name="Ora" type="xs:string" minOccurs="0" />
                <xs:element name="PUN" type="xs:string" minOccurs="0" />
                <xs:element name="NAT" type="xs:string" minOccurs="0" />
                <xs:element name="CNOR" type="xs:string" minOccurs="0" />
                <xs:element name="CSUD" type="xs:string" minOccurs="0" />
                <xs:element name="NORD" type="xs:string" minOccurs="0" />
                <xs:element name="SARD" type="xs:string" minOccurs="0" />
                <xs:element name="SICI" type="xs:string" minOccurs="0" />
                <xs:element name="SUD" type="xs:string" minOccurs="0" />
                <xs:element name="AUST" type="xs:string" minOccurs="0" />
                <xs:element name="BRNN" type="xs:string" minOccurs="0" />
                <xs:element name="COAC" type="xs:string" minOccurs="0" />
                <xs:element name="CORS" type="xs:string" minOccurs="0" />
                <xs:element name="FOGN" type="xs:string" minOccurs="0" />
                <xs:element name="FRAN" type="xs:string" minOccurs="0" />
                <xs:element name="GREC" type="xs:string" minOccurs="0" />
                <xs:element name="MFTV" type="xs:string" minOccurs="0" />
                <xs:element name="PRGP" type="xs:string" minOccurs="0" />
                <xs:element name="ROSN" type="xs:string" minOccurs="0" />
                <xs:element name="SLOV" type="xs:string" minOccurs="0" />
                <xs:element name="SVIZ" type="xs:string" minOccurs="0" />
                <xs:element name="BSP" type="xs:string" minOccurs="0" />
                <xs:element name="MALT" type="xs:string" minOccurs="0" />
                <xs:element name="XAUS" type="xs:string" minOccurs="0" />
                <xs:element name="XFRA" type="xs:string" minOccurs="0" />
              </xs:sequence>
            </xs:complexType>
          </xs:element>
        </xs:choice>
      </xs:complexType>
    </xs:element>
  </xs:schema>
  <Prezzi>
    <Data>20170719</Data>
    <Mercato>MGP</Mercato>
    <Ora>1</Ora>
    <PUN>50,711530</PUN>
    <NAT>49,850000</NAT>
    <CNOR>49,670000</CNOR>
    <CSUD>49,670000</CSUD>
    <NORD>49,670000</NORD>
    <SARD>49,670000</SARD>
    <SICI>66,160000</SICI>
    <SUD>49,670000</SUD>
    <AUST>49,670000</AUST>
    <BRNN>49,670000</BRNN>
    <COAC>49,670000</COAC>
    <CORS>49,670000</CORS>
    <FOGN>49,670000</FOGN>
    <FRAN>49,670000</FRAN>
    <GREC>49,670000</GREC>
    <MFTV>49,670000</MFTV>
    <PRGP>66,160000</PRGP>
    <ROSN>49,670000</ROSN>
    <SLOV>49,670000</SLOV>
    <SVIZ>49,670000</SVIZ>
    <BSP>49,670000</BSP>
    <MALT>66,160000</MALT>
    <XAUS>49,670000</XAUS>
    <XFRA>49,670000</XFRA>
  </Prezzi>
  <Prezzi>
    <Data>20170719</Data>
    <Mercato>MGP</Mercato>
    <Ora>2</Ora>
    <PUN>44,083280</PUN>
    <NAT>44,870000</NAT>
    <CNOR>42,600000</CNOR>
    <CSUD>42,600000</CSUD>
    <NORD>42,600000</NORD>
    <SARD>42,600000</SARD>
    <SICI>66,160000</SICI>
    <SUD>42,600000</SUD>
    <AUST>42,600000</AUST>
    <BRNN>42,600000</BRNN>
    <COAC>42,600000</COAC>
    <CORS>42,600000</CORS>
    <FOGN>42,600000</FOGN>
    <FRAN>42,600000</FRAN>
    <GREC>42,600000</GREC>
    <MFTV>42,600000</MFTV>
    <PRGP>66,160000</PRGP>
    <ROSN>42,600000</ROSN>
    <SLOV>42,600000</SLOV>
    <SVIZ>42,600000</SVIZ>
    <BSP>42,600000</BSP>
    <MALT>66,160000</MALT>
    <XAUS>42,600000</XAUS>
    <XFRA>42,600000</XFRA>
  </Prezzi>
  <Prezzi>
    <Data>20170719</Data>
    <Mercato>MGP</Mercato>
    <Ora>3</Ora>
    <PUN>43,406670</PUN>
    <NAT>41,950000</NAT>
    <CNOR>41,930000</CNOR>
    <CSUD>41,930000</CSUD>
    <NORD>41,930000</NORD>
    <SARD>41,930000</SARD>
    <SICI>66,010000</SICI>
    <SUD>41,930000</SUD>
    <AUST>41,930000</AUST>
    <BRNN>41,930000</BRNN>
    <COAC>41,930000</COAC>
    <CORS>41,930000</CORS>
    <FOGN>41,930000</FOGN>
    <FRAN>41,930000</FRAN>
    <GREC>41,930000</GREC>
    <MFTV>41,930000</MFTV>
    <PRGP>66,010000</PRGP>
    <ROSN>41,930000</ROSN>
    <SLOV>41,930000</SLOV>
    <SVIZ>41,930000</SVIZ>
    <BSP>41,930000</BSP>
    <MALT>66,010000</MALT>
    <XAUS>41,930000</XAUS>
    <XFRA>41,930000</XFRA>
  </Prezzi>
  <Prezzi>
    <Data>20170719</Data>
    <Mercato>MGP</Mercato>
    <Ora>4</Ora>
    <PUN>43,058640</PUN>
    <NAT>41,920000</NAT>
    <CNOR>41,910000</CNOR>
    <CSUD>41,910000</CSUD>
    <NORD>41,910000</NORD>
    <SARD>41,910000</SARD>
    <SICI>61,010000</SICI>
    <SUD>41,910000</SUD>
    <AUST>41,910000</AUST>
    <BRNN>41,910000</BRNN>
    <COAC>41,910000</COAC>
    <CORS>41,910000</CORS>
    <FOGN>41,910000</FOGN>
    <FRAN>41,910000</FRAN>
    <GREC>41,910000</GREC>
    <MFTV>41,910000</MFTV>
    <PRGP>61,010000</PRGP>
    <ROSN>41,910000</ROSN>
    <SLOV>41,910000</SLOV>
    <SVIZ>41,910000</SVIZ>
    <BSP>41,910000</BSP>
    <MALT>61,010000</MALT>
    <XAUS>41,910000</XAUS>
    <XFRA>41,910000</XFRA>
  </Prezzi>
  <Prezzi>
    <Data>20170719</Data>
    <Mercato>MGP</Mercato>
    <Ora>5</Ora>
    <PUN>43,056400</PUN>
    <NAT>41,920000</NAT>
    <CNOR>41,910000</CNOR>
    <CSUD>41,910000</CSUD>
    <NORD>41,910000</NORD>
    <SARD>41,910000</SARD>
    <SICI>61,010000</SICI>
    <SUD>41,910000</SUD>
    <AUST>41,910000</AUST>
    <BRNN>41,910000</BRNN>
    <COAC>41,910000</COAC>
    <CORS>41,910000</CORS>
    <FOGN>41,910000</FOGN>
    <FRAN>41,910000</FRAN>
    <GREC>41,910000</GREC>
    <MFTV>41,910000</MFTV>
    <PRGP>61,010000</PRGP>
    <ROSN>41,910000</ROSN>
    <SLOV>41,910000</SLOV>
    <SVIZ>41,910000</SVIZ>
    <BSP>41,910000</BSP>
    <MALT>61,010000</MALT>
    <XAUS>41,910000</XAUS>
    <XFRA>41,910000</XFRA>
  </Prezzi>
  <Prezzi>
    <Data>20170719</Data>
    <Mercato>MGP</Mercato>
    <Ora>6</Ora>
    <PUN>43,367150</PUN>
    <NAT>41,950000</NAT>
    <CNOR>41,940000</CNOR>
    <CSUD>41,940000</CSUD>
    <NORD>41,940000</NORD>
    <SARD>41,940000</SARD>
    <SICI>66,010000</SICI>
    <SUD>41,940000</SUD>
    <AUST>41,940000</AUST>
    <BRNN>41,940000</BRNN>
    <COAC>41,940000</COAC>
    <CORS>41,940000</CORS>
    <FOGN>41,940000</FOGN>
    <FRAN>41,940000</FRAN>
    <GREC>41,940000</GREC>
    <MFTV>41,940000</MFTV>
    <PRGP>66,010000</PRGP>
    <ROSN>41,940000</ROSN>
    <SLOV>41,940000</SLOV>
    <SVIZ>41,940000</SVIZ>
    <BSP>41,940000</BSP>
    <MALT>66,010000</MALT>
    <XAUS>41,940000</XAUS>
    <XFRA>41,940000</XFRA>
  </Prezzi>
  <Prezzi>
    <Data>20170719</Data>
    <Mercato>MGP</Mercato>
    <Ora>7</Ora>
    <PUN>43,871000</PUN>
    <NAT>43,000000</NAT>
    <CNOR>42,600000</CNOR>
    <CSUD>42,600000</CSUD>
    <NORD>42,600000</NORD>
    <SARD>42,600000</SARD>
    <SICI>66,010000</SICI>
    <SUD>42,600000</SUD>
    <AUST>42,600000</AUST>
    <BRNN>42,600000</BRNN>
    <COAC>42,600000</COAC>
    <CORS>42,600000</CORS>
    <FOGN>42,600000</FOGN>
    <FRAN>42,600000</FRAN>
    <GREC>42,600000</GREC>
    <MFTV>42,600000</MFTV>
    <PRGP>66,010000</PRGP>
    <ROSN>42,600000</ROSN>
    <SLOV>42,600000</SLOV>
    <SVIZ>42,600000</SVIZ>
    <BSP>42,600000</BSP>
    <MALT>66,010000</MALT>
    <XAUS>42,600000</XAUS>
    <XFRA>42,600000</XFRA>
  </Prezzi>
  <Prezzi>
    <Data>20170719</Data>
    <Mercato>MGP</Mercato>
    <Ora>8</Ora>
    <PUN>54,195600</PUN>
    <NAT>50,460000</NAT>
    <CNOR>53,000000</CNOR>
    <CSUD>50,460000</CSUD>
    <NORD>53,000000</NORD>
    <SARD>50,460000</SARD>
    <SICI>87,670000</SICI>
    <SUD>50,460000</SUD>
    <AUST>53,000000</AUST>
    <BRNN>50,460000</BRNN>
    <COAC>50,460000</COAC>
    <CORS>53,000000</CORS>
    <FOGN>50,460000</FOGN>
    <FRAN>53,000000</FRAN>
    <GREC>50,460000</GREC>
    <MFTV>53,000000</MFTV>
    <PRGP>87,670000</PRGP>
    <ROSN>50,460000</ROSN>
    <SLOV>53,000000</SLOV>
    <SVIZ>53,000000</SVIZ>
    <BSP>53,000000</BSP>
    <MALT>87,670000</MALT>
    <XAUS>53,000000</XAUS>
    <XFRA>53,000000</XFRA>
  </Prezzi>
  <Prezzi>
    <Data>20170719</Data>
    <Mercato>MGP</Mercato>
    <Ora>9</Ora>
    <PUN>66,308200</PUN>
    <NAT>56,470000</NAT>
    <CNOR>70,000000</CNOR>
    <CSUD>49,670000</CSUD>
    <NORD>70,000000</NORD>
    <SARD>49,670000</SARD>
    <SICI>96,160000</SICI>
    <SUD>49,670000</SUD>
    <AUST>70,000000</AUST>
    <BRNN>49,670000</BRNN>
    <COAC>49,670000</COAC>
    <CORS>70,000000</CORS>
    <FOGN>49,670000</FOGN>
    <FRAN>70,000000</FRAN>
    <GREC>49,670000</GREC>
    <MFTV>70,000000</MFTV>
    <PRGP>96,160000</PRGP>
    <ROSN>49,670000</ROSN>
    <SLOV>70,000000</SLOV>
    <SVIZ>70,000000</SVIZ>
    <BSP>70,000000</BSP>
    <MALT>96,160000</MALT>
    <XAUS>70,000000</XAUS>
    <XFRA>70,000000</XFRA>
  </Prezzi>
  <Prezzi>
    <Data>20170719</Data>
    <Mercato>MGP</Mercato>
    <Ora>10</Ora>
    <PUN>65,841400</PUN>
    <NAT>55,000000</NAT>
    <CNOR>69,580000</CNOR>
    <CSUD>49,040000</CSUD>
    <NORD>69,580000</NORD>
    <SARD>49,040000</SARD>
    <SICI>96,160000</SICI>
    <SUD>49,040000</SUD>
    <AUST>69,580000</AUST>
    <BRNN>49,040000</BRNN>
    <COAC>49,040000</COAC>
    <CORS>69,580000</CORS>
    <FOGN>49,040000</FOGN>
    <FRAN>69,580000</FRAN>
    <GREC>49,040000</GREC>
    <MFTV>69,580000</MFTV>
    <PRGP>96,160000</PRGP>
    <ROSN>49,040000</ROSN>
    <SLOV>69,580000</SLOV>
    <SVIZ>69,580000</SVIZ>
    <BSP>69,580000</BSP>
    <MALT>96,160000</MALT>
    <XAUS>69,580000</XAUS>
    <XFRA>69,580000</XFRA>
  </Prezzi>
  <Prezzi>
    <Data>20170719</Data>
    <Mercato>MGP</Mercato>
    <Ora>11</Ora>
    <PUN>60,095480</PUN>
    <NAT>50,460000</NAT>
    <CNOR>62,000000</CNOR>
    <CSUD>48,990000</CSUD>
    <NORD>62,000000</NORD>
    <SARD>48,990000</SARD>
    <SICI>87,670000</SICI>
    <SUD>48,990000</SUD>
    <AUST>62,000000</AUST>
    <BRNN>48,990000</BRNN>
    <COAC>48,990000</COAC>
    <CORS>62,000000</CORS>
    <FOGN>48,990000</FOGN>
    <FRAN>62,000000</FRAN>
    <GREC>48,990000</GREC>
    <MFTV>62,000000</MFTV>
    <PRGP>87,670000</PRGP>
    <ROSN>48,990000</ROSN>
    <SLOV>62,000000</SLOV>
    <SVIZ>62,000000</SVIZ>
    <BSP>62,000000</BSP>
    <MALT>87,670000</MALT>
    <XAUS>62,000000</XAUS>
    <XFRA>62,000000</XFRA>
  </Prezzi>
  <Prezzi>
    <Data>20170719</Data>
    <Mercato>MGP</Mercato>
    <Ora>12</Ora>
    <PUN>58,039870</PUN>
    <NAT>49,040000</NAT>
    <CNOR>62,000000</CNOR>
    <CSUD>44,670000</CSUD>
    <NORD>62,000000</NORD>
    <SARD>44,670000</SARD>
    <SICI>69,990000</SICI>
    <SUD>44,670000</SUD>
    <AUST>62,000000</AUST>
    <BRNN>44,670000</BRNN>
    <COAC>44,670000</COAC>
    <CORS>62,000000</CORS>
    <FOGN>44,670000</FOGN>
    <FRAN>62,000000</FRAN>
    <GREC>44,670000</GREC>
    <MFTV>62,000000</MFTV>
    <PRGP>69,990000</PRGP>
    <ROSN>44,670000</ROSN>
    <SLOV>62,000000</SLOV>
    <SVIZ>62,000000</SVIZ>
    <BSP>62,000000</BSP>
    <MALT>69,990000</MALT>
    <XAUS>62,000000</XAUS>
    <XFRA>62,000000</XFRA>
  </Prezzi>
  <Prezzi>
    <Data>20170719</Data>
    <Mercato>MGP</Mercato>
    <Ora>13</Ora>
    <PUN>50,010000</PUN>
    <NAT>47,150000</NAT>
    <CNOR>50,833030</CNOR>
    <CSUD>44,480000</CSUD>
    <NORD>50,833030</NORD>
    <SARD>44,480000</SARD>
    <SICI>66,010000</SICI>
    <SUD>44,480000</SUD>
    <AUST>50,833030</AUST>
    <BRNN>44,480000</BRNN>
    <COAC>44,480000</COAC>
    <CORS>50,833030</CORS>
    <FOGN>44,480000</FOGN>
    <FRAN>50,833030</FRAN>
    <GREC>44,480000</GREC>
    <MFTV>50,833030</MFTV>
    <PRGP>66,010000</PRGP>
    <ROSN>44,480000</ROSN>
    <SLOV>50,833030</SLOV>
    <SVIZ>50,833030</SVIZ>
    <BSP>50,833030</BSP>
    <MALT>66,010000</MALT>
    <XAUS>50,833030</XAUS>
    <XFRA>50,833030</XFRA>
  </Prezzi>
  <Prezzi>
    <Data>20170719</Data>
    <Mercato>MGP</Mercato>
    <Ora>14</Ora>
    <PUN>55,609250</PUN>
    <NAT>48,990000</NAT>
    <CNOR>59,330000</CNOR>
    <CSUD>44,650000</CSUD>
    <NORD>59,330000</NORD>
    <SARD>44,650000</SARD>
    <SICI>61,010000</SICI>
    <SUD>44,650000</SUD>
    <AUST>59,330000</AUST>
    <BRNN>44,650000</BRNN>
    <COAC>44,650000</COAC>
    <CORS>59,330000</CORS>
    <FOGN>44,650000</FOGN>
    <FRAN>59,330000</FRAN>
    <GREC>44,650000</GREC>
    <MFTV>59,330000</MFTV>
    <PRGP>61,010000</PRGP>
    <ROSN>44,650000</ROSN>
    <SLOV>59,330000</SLOV>
    <SVIZ>59,330000</SVIZ>
    <BSP>59,330000</BSP>
    <MALT>61,010000</MALT>
    <XAUS>59,330000</XAUS>
    <XFRA>59,330000</XFRA>
  </Prezzi>
  <Prezzi>
    <Data>20170719</Data>
    <Mercato>MGP</Mercato>
    <Ora>15</Ora>
    <PUN>64,295940</PUN>
    <NAT>48,990000</NAT>
    <CNOR>72,000000</CNOR>
    <CSUD>44,240000</CSUD>
    <NORD>72,000000</NORD>
    <SARD>44,240000</SARD>
    <SICI>57,430000</SICI>
    <SUD>44,240000</SUD>
    <AUST>72,000000</AUST>
    <BRNN>44,240000</BRNN>
    <COAC>44,240000</COAC>
    <CORS>72,000000</CORS>
    <FOGN>44,240000</FOGN>
    <FRAN>72,000000</FRAN>
    <GREC>44,240000</GREC>
    <MFTV>72,000000</MFTV>
    <PRGP>57,430000</PRGP>
    <ROSN>44,240000</ROSN>
    <SLOV>72,000000</SLOV>
    <SVIZ>72,000000</SVIZ>
    <BSP>72,000000</BSP>
    <MALT>57,430000</MALT>
    <XAUS>72,000000</XAUS>
    <XFRA>72,000000</XFRA>
  </Prezzi>
  <Prezzi>
    <Data>20170719</Data>
    <Mercato>MGP</Mercato>
    <Ora>16</Ora>
    <PUN>68,049080</PUN>
    <NAT>49,040000</NAT>
    <CNOR>77,000000</CNOR>
    <CSUD>44,230000</CSUD>
    <NORD>77,000000</NORD>
    <SARD>44,230000</SARD>
    <SICI>61,010000</SICI>
    <SUD>44,230000</SUD>
    <AUST>77,000000</AUST>
    <BRNN>44,230000</BRNN>
    <COAC>44,230000</COAC>
    <CORS>77,000000</CORS>
    <FOGN>44,230000</FOGN>
    <FRAN>77,000000</FRAN>
    <GREC>44,230000</GREC>
    <MFTV>77,000000</MFTV>
    <PRGP>61,010000</PRGP>
    <ROSN>44,230000</ROSN>
    <SLOV>77,000000</SLOV>
    <SVIZ>77,000000</SVIZ>
    <BSP>77,000000</BSP>
    <MALT>61,010000</MALT>
    <XAUS>77,000000</XAUS>
    <XFRA>77,000000</XFRA>
  </Prezzi>
  <Prezzi>
    <Data>20170719</Data>
    <Mercato>MGP</Mercato>
    <Ora>17</Ora>
    <PUN>66,005050</PUN>
    <NAT>50,460000</NAT>
    <CNOR>73,010000</CNOR>
    <CSUD>46,660000</CSUD>
    <NORD>73,010000</NORD>
    <SARD>46,660000</SARD>
    <SICI>66,010000</SICI>
    <SUD>46,660000</SUD>
    <AUST>73,010000</AUST>
    <BRNN>46,660000</BRNN>
    <COAC>46,660000</COAC>
    <CORS>73,010000</CORS>
    <FOGN>46,660000</FOGN>
    <FRAN>73,010000</FRAN>
    <GREC>46,660000</GREC>
    <MFTV>73,010000</MFTV>
    <PRGP>66,010000</PRGP>
    <ROSN>46,660000</ROSN>
    <SLOV>73,010000</SLOV>
    <SVIZ>73,010000</SVIZ>
    <BSP>73,010000</BSP>
    <MALT>66,010000</MALT>
    <XAUS>73,010000</XAUS>
    <XFRA>73,010000</XFRA>
  </Prezzi>
  <Prezzi>
    <Data>20170719</Data>
    <Mercato>MGP</Mercato>
    <Ora>18</Ora>
    <PUN>67,457590</PUN>
    <NAT>53,000000</NAT>
    <CNOR>72,090000</CNOR>
    <CSUD>48,990000</CSUD>
    <NORD>72,090000</NORD>
    <SARD>48,990000</SARD>
    <SICI>96,160000</SICI>
    <SUD>48,990000</SUD>
    <AUST>72,090000</AUST>
    <BRNN>48,990000</BRNN>
    <COAC>48,990000</COAC>
    <CORS>72,090000</CORS>
    <FOGN>48,990000</FOGN>
    <FRAN>72,090000</FRAN>
    <GREC>48,990000</GREC>
    <MFTV>72,090000</MFTV>
    <PRGP>96,160000</PRGP>
    <ROSN>48,990000</ROSN>
    <SLOV>72,090000</SLOV>
    <SVIZ>72,090000</SVIZ>
    <BSP>72,090000</BSP>
    <MALT>96,160000</MALT>
    <XAUS>72,090000</XAUS>
    <XFRA>72,090000</XFRA>
  </Prezzi>
  <Prezzi>
    <Data>20170719</Data>
    <Mercato>MGP</Mercato>
    <Ora>19</Ora>
    <PUN>67,558900</PUN>
    <NAT>55,000000</NAT>
    <CNOR>72,090000</CNOR>
    <CSUD>49,670000</CSUD>
    <NORD>72,090000</NORD>
    <SARD>49,670000</SARD>
    <SICI>96,160000</SICI>
    <SUD>49,670000</SUD>
    <AUST>72,090000</AUST>
    <BRNN>49,670000</BRNN>
    <COAC>49,670000</COAC>
    <CORS>72,090000</CORS>
    <FOGN>49,670000</FOGN>
    <FRAN>72,090000</FRAN>
    <GREC>49,670000</GREC>
    <MFTV>72,090000</MFTV>
    <PRGP>96,160000</PRGP>
    <ROSN>49,670000</ROSN>
    <SLOV>72,090000</SLOV>
    <SVIZ>72,090000</SVIZ>
    <BSP>72,090000</BSP>
    <MALT>96,160000</MALT>
    <XAUS>72,090000</XAUS>
    <XFRA>72,090000</XFRA>
  </Prezzi>
  <Prezzi>
    <Data>20170719</Data>
    <Mercato>MGP</Mercato>
    <Ora>20</Ora>
    <PUN>68,976000</PUN>
    <NAT>70,000000</NAT>
    <CNOR>71,980000</CNOR>
    <CSUD>58,000000</CSUD>
    <NORD>71,980000</NORD>
    <SARD>58,000000</SARD>
    <SICI>96,160000</SICI>
    <SUD>50,000000</SUD>
    <AUST>71,980000</AUST>
    <BRNN>50,000000</BRNN>
    <COAC>58,000000</COAC>
    <CORS>71,980000</CORS>
    <FOGN>50,000000</FOGN>
    <FRAN>71,980000</FRAN>
    <GREC>50,000000</GREC>
    <MFTV>71,980000</MFTV>
    <PRGP>96,160000</PRGP>
    <ROSN>50,000000</ROSN>
    <SLOV>71,980000</SLOV>
    <SVIZ>71,980000</SVIZ>
    <BSP>71,980000</BSP>
    <MALT>96,160000</MALT>
    <XAUS>71,980000</XAUS>
    <XFRA>71,980000</XFRA>
  </Prezzi>
  <Prezzi>
    <Data>20170719</Data>
    <Mercato>MGP</Mercato>
    <Ora>21</Ora>
    <PUN>63,806960</PUN>
    <NAT>76,450000</NAT>
    <CNOR>62,000000</CNOR>
    <CSUD>62,000000</CSUD>
    <NORD>62,000000</NORD>
    <SARD>62,000000</SARD>
    <SICI>96,460000</SICI>
    <SUD>58,050000</SUD>
    <AUST>62,000000</AUST>
    <BRNN>58,050000</BRNN>
    <COAC>62,000000</COAC>
    <CORS>62,000000</CORS>
    <FOGN>58,050000</FOGN>
    <FRAN>62,000000</FRAN>
    <GREC>58,050000</GREC>
    <MFTV>62,000000</MFTV>
    <PRGP>96,460000</PRGP>
    <ROSN>58,050000</ROSN>
    <SLOV>62,000000</SLOV>
    <SVIZ>62,000000</SVIZ>
    <BSP>62,000000</BSP>
    <MALT>96,460000</MALT>
    <XAUS>62,000000</XAUS>
    <XFRA>62,000000</XFRA>
  </Prezzi>
  <Prezzi>
    <Data>20170719</Data>
    <Mercato>MGP</Mercato>
    <Ora>22</Ora>
    <PUN>65,828670</PUN>
    <NAT>78,270000</NAT>
    <CNOR>65,100000</CNOR>
    <CSUD>65,100000</CSUD>
    <NORD>65,100000</NORD>
    <SARD>65,100000</SARD>
    <SICI>96,460000</SICI>
    <SUD>50,460000</SUD>
    <AUST>65,100000</AUST>
    <BRNN>50,460000</BRNN>
    <COAC>65,100000</COAC>
    <CORS>65,100000</CORS>
    <FOGN>50,460000</FOGN>
    <FRAN>65,100000</FRAN>
    <GREC>50,460000</GREC>
    <MFTV>65,100000</MFTV>
    <PRGP>96,460000</PRGP>
    <ROSN>50,460000</ROSN>
    <SLOV>65,100000</SLOV>
    <SVIZ>65,100000</SVIZ>
    <BSP>65,100000</BSP>
    <MALT>96,460000</MALT>
    <XAUS>65,100000</XAUS>
    <XFRA>65,100000</XFRA>
  </Prezzi>
  <Prezzi>
    <Data>20170719</Data>
    <Mercato>MGP</Mercato>
    <Ora>23</Ora>
    <PUN>53,273160</PUN>
    <NAT>53,000000</NAT>
    <CNOR>50,460000</CNOR>
    <CSUD>50,460000</CSUD>
    <NORD>50,460000</NORD>
    <SARD>50,460000</SARD>
    <SICI>96,160000</SICI>
    <SUD>50,460000</SUD>
    <AUST>50,460000</AUST>
    <BRNN>50,460000</BRNN>
    <COAC>50,460000</COAC>
    <CORS>50,460000</CORS>
    <FOGN>50,460000</FOGN>
    <FRAN>50,460000</FRAN>
    <GREC>50,460000</GREC>
    <MFTV>50,460000</MFTV>
    <PRGP>96,160000</PRGP>
    <ROSN>50,460000</ROSN>
    <SLOV>50,460000</SLOV>
    <SVIZ>50,460000</SVIZ>
    <BSP>50,460000</BSP>
    <MALT>96,160000</MALT>
    <XAUS>50,460000</XAUS>
    <XFRA>50,460000</XFRA>
  </Prezzi>
  <Prezzi>
    <Data>20170719</Data>
    <Mercato>MGP</Mercato>
    <Ora>24</Ora>
    <PUN>51,938880</PUN>
    <NAT>49,670000</NAT>
    <CNOR>49,040000</CNOR>
    <CSUD>49,040000</CSUD>
    <NORD>49,040000</NORD>
    <SARD>49,040000</SARD>
    <SICI>96,160000</SICI>
    <SUD>49,040000</SUD>
    <AUST>49,040000</AUST>
    <BRNN>49,040000</BRNN>
    <COAC>49,040000</COAC>
    <CORS>49,040000</CORS>
    <FOGN>49,040000</FOGN>
    <FRAN>49,040000</FRAN>
    <GREC>49,040000</GREC>
    <MFTV>49,040000</MFTV>
    <PRGP>96,160000</PRGP>
    <ROSN>49,040000</ROSN>
    <SLOV>49,040000</SLOV>
    <SVIZ>49,040000</SVIZ>
    <BSP>49,040000</BSP>
    <MALT>96,160000</MALT>
    <XAUS>49,040000</XAUS>
    <XFRA>49,040000</XFRA>
  </Prezzi>
</NewDataSet>