<?xml version="1.0" standalone="yes"?>
<NewDataSet>
  <xs:schema id="NewDataSet" xmlns="" xmlns:xs="http://www.w3.org/2001/XMLSchema" xmlns:msdata="urn:schemas-microsoft-com:xml-msdata">
    <xs:element name="NewDataSet" msdata:IsDataSet="true" msdata:UseCurrentLocale="true">
      <xs:complexType>
        <xs:choice minOccurs="0" maxOccurs="unbounded">
          <xs:element name="Prezzi">
            <xs:complexType>
              <xs:sequence>
                <xs:element name="Data" type="xs:string" minOccurs="0" />
                <xs:element name="Mercato" type="xs:string" minOccurs="0" />
                <xs:element name="Ora" type="xs:string" minOccurs="0" />
                <xs:element name="PUN" type="xs:string" minOccurs="0" />
                <xs:element name="NAT" type="xs:string" minOccurs="0" />
                <xs:element name="CNOR" type="xs:string" minOccurs="0" />
                <xs:element name="CSUD" type="xs:string" minOccurs="0" />
                <xs:element name="NORD" type="xs:string" minOccurs="0" />
                <xs:element name="SARD" type="xs:string" minOccurs="0" />
                <xs:element name="SICI" type="xs:string" minOccurs="0" />
                <xs:element name="SUD" type="xs:string" minOccurs="0" />
                <xs:element name="AUST" type="xs:string" minOccurs="0" />
                <xs:element name="BRNN" type="xs:string" minOccurs="0" />
                <xs:element name="COAC" type="xs:string" minOccurs="0" />
                <xs:element name="CORS" type="xs:string" minOccurs="0" />
                <xs:element name="FOGN" type="xs:string" minOccurs="0" />
                <xs:element name="FRAN" type="xs:string" minOccurs="0" />
                <xs:element name="GREC" type="xs:string" minOccurs="0" />
                <xs:element name="MFTV" type="xs:string" minOccurs="0" />
                <xs:element name="PRGP" type="xs:string" minOccurs="0" />
                <xs:element name="ROSN" type="xs:string" minOccurs="0" />
                <xs:element name="SLOV" type="xs:string" minOccurs="0" />
                <xs:element name="SVIZ" type="xs:string" minOccurs="0" />
                <xs:element name="BSP" type="xs:string" minOccurs="0" />
                <xs:element name="MALT" type="xs:string" minOccurs="0" />
                <xs:element name="XAUS" type="xs:string" minOccurs="0" />
                <xs:element name="XFRA" type="xs:string" minOccurs="0" />
              </xs:sequence>
            </xs:complexType>
          </xs:element>
        </xs:choice>
      </xs:complexType>
    </xs:element>
  </xs:schema>
  <Prezzi>
    <Data>20170714</Data>
    <Mercato>MGP</Mercato>
    <Ora>1</Ora>
    <PUN>57,460630</PUN>
    <NAT>56,850000</NAT>
    <CNOR>56,850000</CNOR>
    <CSUD>56,850000</CSUD>
    <NORD>56,850000</NORD>
    <SARD>56,850000</SARD>
    <SICI>66,160000</SICI>
    <SUD>56,850000</SUD>
    <AUST>56,850000</AUST>
    <BRNN>56,850000</BRNN>
    <COAC>56,850000</COAC>
    <CORS>56,850000</CORS>
    <FOGN>56,850000</FOGN>
    <FRAN>56,850000</FRAN>
    <GREC>56,850000</GREC>
    <MFTV>56,850000</MFTV>
    <PRGP>66,160000</PRGP>
    <ROSN>56,850000</ROSN>
    <SLOV>56,850000</SLOV>
    <SVIZ>56,850000</SVIZ>
    <BSP>56,850000</BSP>
    <MALT>66,160000</MALT>
    <XAUS>56,850000</XAUS>
    <XFRA>56,850000</XFRA>
  </Prezzi>
  <Prezzi>
    <Data>20170714</Data>
    <Mercato>MGP</Mercato>
    <Ora>2</Ora>
    <PUN>50,592140</PUN>
    <NAT>49,870000</NAT>
    <CNOR>49,870000</CNOR>
    <CSUD>49,870000</CSUD>
    <NORD>49,870000</NORD>
    <SARD>49,870000</SARD>
    <SICI>61,010000</SICI>
    <SUD>49,870000</SUD>
    <AUST>49,870000</AUST>
    <BRNN>49,870000</BRNN>
    <COAC>49,870000</COAC>
    <CORS>49,870000</CORS>
    <FOGN>49,870000</FOGN>
    <FRAN>49,870000</FRAN>
    <GREC>49,870000</GREC>
    <MFTV>49,870000</MFTV>
    <PRGP>61,010000</PRGP>
    <ROSN>49,870000</ROSN>
    <SLOV>49,870000</SLOV>
    <SVIZ>49,870000</SVIZ>
    <BSP>49,870000</BSP>
    <MALT>61,010000</MALT>
    <XAUS>49,870000</XAUS>
    <XFRA>49,870000</XFRA>
  </Prezzi>
  <Prezzi>
    <Data>20170714</Data>
    <Mercato>MGP</Mercato>
    <Ora>3</Ora>
    <PUN>48,990010</PUN>
    <NAT>48,990000</NAT>
    <CNOR>47,820000</CNOR>
    <CSUD>47,820000</CSUD>
    <NORD>47,820000</NORD>
    <SARD>47,820000</SARD>
    <SICI>66,010000</SICI>
    <SUD>47,820000</SUD>
    <AUST>47,820000</AUST>
    <BRNN>47,820000</BRNN>
    <COAC>47,820000</COAC>
    <CORS>47,820000</CORS>
    <FOGN>47,820000</FOGN>
    <FRAN>47,820000</FRAN>
    <GREC>47,820000</GREC>
    <MFTV>47,820000</MFTV>
    <PRGP>66,010000</PRGP>
    <ROSN>47,820000</ROSN>
    <SLOV>47,820000</SLOV>
    <SVIZ>47,820000</SVIZ>
    <BSP>47,820000</BSP>
    <MALT>66,010000</MALT>
    <XAUS>47,820000</XAUS>
    <XFRA>47,820000</XFRA>
  </Prezzi>
  <Prezzi>
    <Data>20170714</Data>
    <Mercato>MGP</Mercato>
    <Ora>4</Ora>
    <PUN>45,539230</PUN>
    <NAT>44,490000</NAT>
    <CNOR>44,490000</CNOR>
    <CSUD>44,490000</CSUD>
    <NORD>44,490000</NORD>
    <SARD>44,490000</SARD>
    <SICI>61,010000</SICI>
    <SUD>44,490000</SUD>
    <AUST>44,490000</AUST>
    <BRNN>44,490000</BRNN>
    <COAC>44,490000</COAC>
    <CORS>44,490000</CORS>
    <FOGN>44,490000</FOGN>
    <FRAN>44,490000</FRAN>
    <GREC>44,490000</GREC>
    <MFTV>44,490000</MFTV>
    <PRGP>61,010000</PRGP>
    <ROSN>44,490000</ROSN>
    <SLOV>44,490000</SLOV>
    <SVIZ>44,490000</SVIZ>
    <BSP>44,490000</BSP>
    <MALT>61,010000</MALT>
    <XAUS>44,490000</XAUS>
    <XFRA>44,490000</XFRA>
  </Prezzi>
  <Prezzi>
    <Data>20170714</Data>
    <Mercato>MGP</Mercato>
    <Ora>5</Ora>
    <PUN>45,540370</PUN>
    <NAT>44,500000</NAT>
    <CNOR>44,500000</CNOR>
    <CSUD>44,500000</CSUD>
    <NORD>44,500000</NORD>
    <SARD>44,500000</SARD>
    <SICI>61,010000</SICI>
    <SUD>44,500000</SUD>
    <AUST>44,500000</AUST>
    <BRNN>44,500000</BRNN>
    <COAC>44,500000</COAC>
    <CORS>44,500000</CORS>
    <FOGN>44,500000</FOGN>
    <FRAN>44,500000</FRAN>
    <GREC>44,500000</GREC>
    <MFTV>44,500000</MFTV>
    <PRGP>61,010000</PRGP>
    <ROSN>44,500000</ROSN>
    <SLOV>44,500000</SLOV>
    <SVIZ>44,500000</SVIZ>
    <BSP>44,500000</BSP>
    <MALT>61,010000</MALT>
    <XAUS>44,500000</XAUS>
    <XFRA>44,500000</XFRA>
  </Prezzi>
  <Prezzi>
    <Data>20170714</Data>
    <Mercato>MGP</Mercato>
    <Ora>6</Ora>
    <PUN>45,511200</PUN>
    <NAT>44,500000</NAT>
    <CNOR>44,490000</CNOR>
    <CSUD>44,490000</CSUD>
    <NORD>44,490000</NORD>
    <SARD>44,490000</SARD>
    <SICI>61,010000</SICI>
    <SUD>44,490000</SUD>
    <AUST>44,490000</AUST>
    <BRNN>44,490000</BRNN>
    <COAC>44,490000</COAC>
    <CORS>44,490000</CORS>
    <FOGN>44,490000</FOGN>
    <FRAN>44,490000</FRAN>
    <GREC>44,490000</GREC>
    <MFTV>44,490000</MFTV>
    <PRGP>61,010000</PRGP>
    <ROSN>44,490000</ROSN>
    <SLOV>44,490000</SLOV>
    <SVIZ>44,490000</SVIZ>
    <BSP>44,490000</BSP>
    <MALT>61,010000</MALT>
    <XAUS>44,490000</XAUS>
    <XFRA>44,490000</XFRA>
  </Prezzi>
  <Prezzi>
    <Data>20170714</Data>
    <Mercato>MGP</Mercato>
    <Ora>7</Ora>
    <PUN>45,909690</PUN>
    <NAT>45,050000</NAT>
    <CNOR>45,000000</CNOR>
    <CSUD>45,000000</CSUD>
    <NORD>45,000000</NORD>
    <SARD>45,000000</SARD>
    <SICI>61,010000</SICI>
    <SUD>45,000000</SUD>
    <AUST>45,000000</AUST>
    <BRNN>45,000000</BRNN>
    <COAC>45,000000</COAC>
    <CORS>45,000000</CORS>
    <FOGN>45,000000</FOGN>
    <FRAN>45,000000</FRAN>
    <GREC>45,000000</GREC>
    <MFTV>45,000000</MFTV>
    <PRGP>61,010000</PRGP>
    <ROSN>45,000000</ROSN>
    <SLOV>45,000000</SLOV>
    <SVIZ>45,000000</SVIZ>
    <BSP>45,000000</BSP>
    <MALT>61,010000</MALT>
    <XAUS>45,000000</XAUS>
    <XFRA>45,000000</XFRA>
  </Prezzi>
  <Prezzi>
    <Data>20170714</Data>
    <Mercato>MGP</Mercato>
    <Ora>8</Ora>
    <PUN>54,238980</PUN>
    <NAT>52,760000</NAT>
    <CNOR>52,760000</CNOR>
    <CSUD>52,760000</CSUD>
    <NORD>52,760000</NORD>
    <SARD>52,760000</SARD>
    <SICI>79,990000</SICI>
    <SUD>52,760000</SUD>
    <AUST>52,760000</AUST>
    <BRNN>52,760000</BRNN>
    <COAC>52,760000</COAC>
    <CORS>52,760000</CORS>
    <FOGN>52,760000</FOGN>
    <FRAN>52,760000</FRAN>
    <GREC>52,760000</GREC>
    <MFTV>52,760000</MFTV>
    <PRGP>79,990000</PRGP>
    <ROSN>52,760000</ROSN>
    <SLOV>52,760000</SLOV>
    <SVIZ>52,760000</SVIZ>
    <BSP>52,760000</BSP>
    <MALT>79,990000</MALT>
    <XAUS>52,760000</XAUS>
    <XFRA>52,760000</XFRA>
  </Prezzi>
  <Prezzi>
    <Data>20170714</Data>
    <Mercato>MGP</Mercato>
    <Ora>9</Ora>
    <PUN>64,616470</PUN>
    <NAT>65,600000</NAT>
    <CNOR>65,950000</CNOR>
    <CSUD>58,000000</CSUD>
    <NORD>65,950000</NORD>
    <SARD>58,000000</SARD>
    <SICI>79,990000</SICI>
    <SUD>58,000000</SUD>
    <AUST>65,950000</AUST>
    <BRNN>58,000000</BRNN>
    <COAC>58,000000</COAC>
    <CORS>65,950000</CORS>
    <FOGN>58,000000</FOGN>
    <FRAN>65,950000</FRAN>
    <GREC>58,000000</GREC>
    <MFTV>65,950000</MFTV>
    <PRGP>79,990000</PRGP>
    <ROSN>58,000000</ROSN>
    <SLOV>65,950000</SLOV>
    <SVIZ>65,950000</SVIZ>
    <BSP>65,950000</BSP>
    <MALT>79,990000</MALT>
    <XAUS>65,950000</XAUS>
    <XFRA>65,950000</XFRA>
  </Prezzi>
  <Prezzi>
    <Data>20170714</Data>
    <Mercato>MGP</Mercato>
    <Ora>10</Ora>
    <PUN>62,921160</PUN>
    <NAT>65,000000</NAT>
    <CNOR>65,000000</CNOR>
    <CSUD>57,000000</CSUD>
    <NORD>65,000000</NORD>
    <SARD>57,000000</SARD>
    <SICI>66,010000</SICI>
    <SUD>57,000000</SUD>
    <AUST>65,000000</AUST>
    <BRNN>57,000000</BRNN>
    <COAC>57,000000</COAC>
    <CORS>65,000000</CORS>
    <FOGN>57,000000</FOGN>
    <FRAN>65,000000</FRAN>
    <GREC>57,000000</GREC>
    <MFTV>65,000000</MFTV>
    <PRGP>66,010000</PRGP>
    <ROSN>57,000000</ROSN>
    <SLOV>65,000000</SLOV>
    <SVIZ>65,000000</SVIZ>
    <BSP>65,000000</BSP>
    <MALT>66,010000</MALT>
    <XAUS>65,000000</XAUS>
    <XFRA>65,000000</XFRA>
  </Prezzi>
  <Prezzi>
    <Data>20170714</Data>
    <Mercato>MGP</Mercato>
    <Ora>11</Ora>
    <PUN>64,714190</PUN>
    <NAT>64,380000</NAT>
    <CNOR>71,650000</CNOR>
    <CSUD>49,870000</CSUD>
    <NORD>71,650000</NORD>
    <SARD>49,870000</SARD>
    <SICI>49,870000</SICI>
    <SUD>49,870000</SUD>
    <AUST>71,650000</AUST>
    <BRNN>49,870000</BRNN>
    <COAC>49,870000</COAC>
    <CORS>71,650000</CORS>
    <FOGN>49,870000</FOGN>
    <FRAN>71,650000</FRAN>
    <GREC>49,870000</GREC>
    <MFTV>71,650000</MFTV>
    <PRGP>49,870000</PRGP>
    <ROSN>49,870000</ROSN>
    <SLOV>71,650000</SLOV>
    <SVIZ>71,650000</SVIZ>
    <BSP>71,650000</BSP>
    <MALT>49,870000</MALT>
    <XAUS>71,650000</XAUS>
    <XFRA>71,650000</XFRA>
  </Prezzi>
  <Prezzi>
    <Data>20170714</Data>
    <Mercato>MGP</Mercato>
    <Ora>12</Ora>
    <PUN>61,319570</PUN>
    <NAT>55,000000</NAT>
    <CNOR>67,000000</CNOR>
    <CSUD>49,230000</CSUD>
    <NORD>67,000000</NORD>
    <SARD>49,230000</SARD>
    <SICI>49,230000</SICI>
    <SUD>49,230000</SUD>
    <AUST>67,000000</AUST>
    <BRNN>49,230000</BRNN>
    <COAC>49,230000</COAC>
    <CORS>67,000000</CORS>
    <FOGN>49,230000</FOGN>
    <FRAN>67,000000</FRAN>
    <GREC>49,230000</GREC>
    <MFTV>67,000000</MFTV>
    <PRGP>49,230000</PRGP>
    <ROSN>49,230000</ROSN>
    <SLOV>67,000000</SLOV>
    <SVIZ>67,000000</SVIZ>
    <BSP>67,000000</BSP>
    <MALT>49,230000</MALT>
    <XAUS>67,000000</XAUS>
    <XFRA>67,000000</XFRA>
  </Prezzi>
  <Prezzi>
    <Data>20170714</Data>
    <Mercato>MGP</Mercato>
    <Ora>13</Ora>
    <PUN>57,776490</PUN>
    <NAT>50,650000</NAT>
    <CNOR>62,000000</CNOR>
    <CSUD>49,230000</CSUD>
    <NORD>62,000000</NORD>
    <SARD>49,230000</SARD>
    <SICI>49,230000</SICI>
    <SUD>49,230000</SUD>
    <AUST>62,000000</AUST>
    <BRNN>49,230000</BRNN>
    <COAC>49,230000</COAC>
    <CORS>62,000000</CORS>
    <FOGN>49,230000</FOGN>
    <FRAN>62,000000</FRAN>
    <GREC>49,230000</GREC>
    <MFTV>62,000000</MFTV>
    <PRGP>49,230000</PRGP>
    <ROSN>49,230000</ROSN>
    <SLOV>62,000000</SLOV>
    <SVIZ>62,000000</SVIZ>
    <BSP>62,000000</BSP>
    <MALT>49,230000</MALT>
    <XAUS>62,000000</XAUS>
    <XFRA>62,000000</XFRA>
  </Prezzi>
  <Prezzi>
    <Data>20170714</Data>
    <Mercato>MGP</Mercato>
    <Ora>14</Ora>
    <PUN>56,106790</PUN>
    <NAT>49,870000</NAT>
    <CNOR>59,480000</CNOR>
    <CSUD>49,180000</CSUD>
    <NORD>59,480000</NORD>
    <SARD>49,180000</SARD>
    <SICI>49,180000</SICI>
    <SUD>49,180000</SUD>
    <AUST>59,480000</AUST>
    <BRNN>49,180000</BRNN>
    <COAC>49,180000</COAC>
    <CORS>59,480000</CORS>
    <FOGN>49,180000</FOGN>
    <FRAN>59,480000</FRAN>
    <GREC>49,180000</GREC>
    <MFTV>59,480000</MFTV>
    <PRGP>49,180000</PRGP>
    <ROSN>49,180000</ROSN>
    <SLOV>59,480000</SLOV>
    <SVIZ>59,480000</SVIZ>
    <BSP>59,480000</BSP>
    <MALT>49,180000</MALT>
    <XAUS>59,480000</XAUS>
    <XFRA>59,480000</XFRA>
  </Prezzi>
  <Prezzi>
    <Data>20170714</Data>
    <Mercato>MGP</Mercato>
    <Ora>15</Ora>
    <PUN>58,889090</PUN>
    <NAT>50,650000</NAT>
    <CNOR>65,000000</CNOR>
    <CSUD>45,640000</CSUD>
    <NORD>65,000000</NORD>
    <SARD>45,640000</SARD>
    <SICI>45,640000</SICI>
    <SUD>45,640000</SUD>
    <AUST>65,000000</AUST>
    <BRNN>45,640000</BRNN>
    <COAC>45,640000</COAC>
    <CORS>65,000000</CORS>
    <FOGN>45,640000</FOGN>
    <FRAN>65,000000</FRAN>
    <GREC>45,640000</GREC>
    <MFTV>65,000000</MFTV>
    <PRGP>45,640000</PRGP>
    <ROSN>45,640000</ROSN>
    <SLOV>65,000000</SLOV>
    <SVIZ>65,000000</SVIZ>
    <BSP>65,000000</BSP>
    <MALT>45,640000</MALT>
    <XAUS>65,000000</XAUS>
    <XFRA>65,000000</XFRA>
  </Prezzi>
  <Prezzi>
    <Data>20170714</Data>
    <Mercato>MGP</Mercato>
    <Ora>16</Ora>
    <PUN>63,423240</PUN>
    <NAT>50,650000</NAT>
    <CNOR>70,000000</CNOR>
    <CSUD>49,180000</CSUD>
    <NORD>70,000000</NORD>
    <SARD>49,180000</SARD>
    <SICI>49,180000</SICI>
    <SUD>49,180000</SUD>
    <AUST>70,000000</AUST>
    <BRNN>49,180000</BRNN>
    <COAC>49,180000</COAC>
    <CORS>70,000000</CORS>
    <FOGN>49,180000</FOGN>
    <FRAN>70,000000</FRAN>
    <GREC>49,180000</GREC>
    <MFTV>70,000000</MFTV>
    <PRGP>49,180000</PRGP>
    <ROSN>49,180000</ROSN>
    <SLOV>70,000000</SLOV>
    <SVIZ>70,000000</SVIZ>
    <BSP>70,000000</BSP>
    <MALT>49,180000</MALT>
    <XAUS>70,000000</XAUS>
    <XFRA>70,000000</XFRA>
  </Prezzi>
  <Prezzi>
    <Data>20170714</Data>
    <Mercato>MGP</Mercato>
    <Ora>17</Ora>
    <PUN>63,380890</PUN>
    <NAT>51,040000</NAT>
    <CNOR>70,000000</CNOR>
    <CSUD>49,230000</CSUD>
    <NORD>70,000000</NORD>
    <SARD>49,230000</SARD>
    <SICI>49,230000</SICI>
    <SUD>49,230000</SUD>
    <AUST>70,000000</AUST>
    <BRNN>49,230000</BRNN>
    <COAC>49,230000</COAC>
    <CORS>70,000000</CORS>
    <FOGN>49,230000</FOGN>
    <FRAN>70,000000</FRAN>
    <GREC>49,230000</GREC>
    <MFTV>70,000000</MFTV>
    <PRGP>49,230000</PRGP>
    <ROSN>49,230000</ROSN>
    <SLOV>70,000000</SLOV>
    <SVIZ>70,000000</SVIZ>
    <BSP>70,000000</BSP>
    <MALT>49,230000</MALT>
    <XAUS>70,000000</XAUS>
    <XFRA>70,000000</XFRA>
  </Prezzi>
  <Prezzi>
    <Data>20170714</Data>
    <Mercato>MGP</Mercato>
    <Ora>18</Ora>
    <PUN>60,272310</PUN>
    <NAT>58,000000</NAT>
    <CNOR>65,000000</CNOR>
    <CSUD>50,650000</CSUD>
    <NORD>65,000000</NORD>
    <SARD>50,650000</SARD>
    <SICI>50,650000</SICI>
    <SUD>50,650000</SUD>
    <AUST>65,000000</AUST>
    <BRNN>50,650000</BRNN>
    <COAC>50,650000</COAC>
    <CORS>65,000000</CORS>
    <FOGN>50,650000</FOGN>
    <FRAN>65,000000</FRAN>
    <GREC>50,650000</GREC>
    <MFTV>65,000000</MFTV>
    <PRGP>50,650000</PRGP>
    <ROSN>50,650000</ROSN>
    <SLOV>65,000000</SLOV>
    <SVIZ>65,000000</SVIZ>
    <BSP>65,000000</BSP>
    <MALT>50,650000</MALT>
    <XAUS>65,000000</XAUS>
    <XFRA>65,000000</XFRA>
  </Prezzi>
  <Prezzi>
    <Data>20170714</Data>
    <Mercato>MGP</Mercato>
    <Ora>19</Ora>
    <PUN>59,219040</PUN>
    <NAT>57,930000</NAT>
    <CNOR>59,700000</CNOR>
    <CSUD>55,000000</CSUD>
    <NORD>59,700000</NORD>
    <SARD>55,000000</SARD>
    <SICI>79,890000</SICI>
    <SUD>50,650000</SUD>
    <AUST>59,700000</AUST>
    <BRNN>50,650000</BRNN>
    <COAC>55,000000</COAC>
    <CORS>59,700000</CORS>
    <FOGN>50,650000</FOGN>
    <FRAN>59,700000</FRAN>
    <GREC>50,650000</GREC>
    <MFTV>59,700000</MFTV>
    <PRGP>79,890000</PRGP>
    <ROSN>50,650000</ROSN>
    <SLOV>59,700000</SLOV>
    <SVIZ>59,700000</SVIZ>
    <BSP>59,700000</BSP>
    <MALT>79,890000</MALT>
    <XAUS>59,700000</XAUS>
    <XFRA>59,700000</XFRA>
  </Prezzi>
  <Prezzi>
    <Data>20170714</Data>
    <Mercato>MGP</Mercato>
    <Ora>20</Ora>
    <PUN>63,302420</PUN>
    <NAT>60,000000</NAT>
    <CNOR>63,380000</CNOR>
    <CSUD>63,380000</CSUD>
    <NORD>63,380000</NORD>
    <SARD>63,380000</SARD>
    <SICI>79,990000</SICI>
    <SUD>50,650000</SUD>
    <AUST>63,380000</AUST>
    <BRNN>50,650000</BRNN>
    <COAC>63,380000</COAC>
    <CORS>63,380000</CORS>
    <FOGN>50,650000</FOGN>
    <FRAN>63,380000</FRAN>
    <GREC>50,650000</GREC>
    <MFTV>63,380000</MFTV>
    <PRGP>79,990000</PRGP>
    <ROSN>50,650000</ROSN>
    <SLOV>63,380000</SLOV>
    <SVIZ>63,380000</SVIZ>
    <BSP>63,380000</BSP>
    <MALT>79,990000</MALT>
    <XAUS>63,380000</XAUS>
    <XFRA>63,380000</XFRA>
  </Prezzi>
  <Prezzi>
    <Data>20170714</Data>
    <Mercato>MGP</Mercato>
    <Ora>21</Ora>
    <PUN>58,750000</PUN>
    <NAT>63,500000</NAT>
    <CNOR>56,311730</CNOR>
    <CSUD>56,311730</CSUD>
    <NORD>56,311730</NORD>
    <SARD>56,311730</SARD>
    <SICI>96,160000</SICI>
    <SUD>55,000000</SUD>
    <AUST>56,311730</AUST>
    <BRNN>55,000000</BRNN>
    <COAC>56,311730</COAC>
    <CORS>56,311730</CORS>
    <FOGN>55,000000</FOGN>
    <FRAN>56,311730</FRAN>
    <GREC>55,000000</GREC>
    <MFTV>56,311730</MFTV>
    <PRGP>96,160000</PRGP>
    <ROSN>55,000000</ROSN>
    <SLOV>56,311730</SLOV>
    <SVIZ>56,311730</SVIZ>
    <BSP>56,311730</BSP>
    <MALT>96,160000</MALT>
    <XAUS>56,311730</XAUS>
    <XFRA>56,311730</XFRA>
  </Prezzi>
  <Prezzi>
    <Data>20170714</Data>
    <Mercato>MGP</Mercato>
    <Ora>22</Ora>
    <PUN>62,129770</PUN>
    <NAT>64,630000</NAT>
    <CNOR>60,000000</CNOR>
    <CSUD>60,000000</CSUD>
    <NORD>60,000000</NORD>
    <SARD>60,000000</SARD>
    <SICI>96,160000</SICI>
    <SUD>58,000000</SUD>
    <AUST>60,000000</AUST>
    <BRNN>58,000000</BRNN>
    <COAC>60,000000</COAC>
    <CORS>60,000000</CORS>
    <FOGN>58,000000</FOGN>
    <FRAN>60,000000</FRAN>
    <GREC>58,000000</GREC>
    <MFTV>60,000000</MFTV>
    <PRGP>96,160000</PRGP>
    <ROSN>58,000000</ROSN>
    <SLOV>60,000000</SLOV>
    <SVIZ>60,000000</SVIZ>
    <BSP>60,000000</BSP>
    <MALT>96,160000</MALT>
    <XAUS>60,000000</XAUS>
    <XFRA>60,000000</XFRA>
  </Prezzi>
  <Prezzi>
    <Data>20170714</Data>
    <Mercato>MGP</Mercato>
    <Ora>23</Ora>
    <PUN>57,632080</PUN>
    <NAT>57,070000</NAT>
    <CNOR>55,000000</CNOR>
    <CSUD>55,000000</CSUD>
    <NORD>55,000000</NORD>
    <SARD>55,000000</SARD>
    <SICI>96,160000</SICI>
    <SUD>55,000000</SUD>
    <AUST>55,000000</AUST>
    <BRNN>55,000000</BRNN>
    <COAC>55,000000</COAC>
    <CORS>55,000000</CORS>
    <FOGN>55,000000</FOGN>
    <FRAN>55,000000</FRAN>
    <GREC>55,000000</GREC>
    <MFTV>55,000000</MFTV>
    <PRGP>96,160000</PRGP>
    <ROSN>55,000000</ROSN>
    <SLOV>55,000000</SLOV>
    <SVIZ>55,000000</SVIZ>
    <BSP>55,000000</BSP>
    <MALT>96,160000</MALT>
    <XAUS>55,000000</XAUS>
    <XFRA>55,000000</XFRA>
  </Prezzi>
  <Prezzi>
    <Data>20170714</Data>
    <Mercato>MGP</Mercato>
    <Ora>24</Ora>
    <PUN>53,041670</PUN>
    <NAT>50,650000</NAT>
    <CNOR>50,650000</CNOR>
    <CSUD>50,650000</CSUD>
    <NORD>50,650000</NORD>
    <SARD>50,650000</SARD>
    <SICI>87,670000</SICI>
    <SUD>50,650000</SUD>
    <AUST>50,650000</AUST>
    <BRNN>50,650000</BRNN>
    <COAC>50,650000</COAC>
    <CORS>50,650000</CORS>
    <FOGN>50,650000</FOGN>
    <FRAN>50,650000</FRAN>
    <GREC>50,650000</GREC>
    <MFTV>50,650000</MFTV>
    <PRGP>87,670000</PRGP>
    <ROSN>50,650000</ROSN>
    <SLOV>50,650000</SLOV>
    <SVIZ>50,650000</SVIZ>
    <BSP>50,650000</BSP>
    <MALT>87,670000</MALT>
    <XAUS>50,650000</XAUS>
    <XFRA>50,650000</XFRA>
  </Prezzi>
</NewDataSet>