<?xml version="1.0" standalone="yes"?>
<NewDataSet>
  <xs:schema id="NewDataSet" xmlns="" xmlns:xs="http://www.w3.org/2001/XMLSchema" xmlns:msdata="urn:schemas-microsoft-com:xml-msdata">
    <xs:element name="NewDataSet" msdata:IsDataSet="true" msdata:UseCurrentLocale="true">
      <xs:complexType>
        <xs:choice minOccurs="0" maxOccurs="unbounded">
          <xs:element name="Prezzi">
            <xs:complexType>
              <xs:sequence>
                <xs:element name="Data" type="xs:string" minOccurs="0" />
                <xs:element name="Mercato" type="xs:string" minOccurs="0" />
                <xs:element name="Ora" type="xs:string" minOccurs="0" />
                <xs:element name="PUN" type="xs:string" minOccurs="0" />
                <xs:element name="NAT" type="xs:string" minOccurs="0" />
                <xs:element name="CNOR" type="xs:string" minOccurs="0" />
                <xs:element name="CSUD" type="xs:string" minOccurs="0" />
                <xs:element name="NORD" type="xs:string" minOccurs="0" />
                <xs:element name="SARD" type="xs:string" minOccurs="0" />
                <xs:element name="SICI" type="xs:string" minOccurs="0" />
                <xs:element name="SUD" type="xs:string" minOccurs="0" />
                <xs:element name="AUST" type="xs:string" minOccurs="0" />
                <xs:element name="BRNN" type="xs:string" minOccurs="0" />
                <xs:element name="COAC" type="xs:string" minOccurs="0" />
                <xs:element name="CORS" type="xs:string" minOccurs="0" />
                <xs:element name="FOGN" type="xs:string" minOccurs="0" />
                <xs:element name="FRAN" type="xs:string" minOccurs="0" />
                <xs:element name="GREC" type="xs:string" minOccurs="0" />
                <xs:element name="MFTV" type="xs:string" minOccurs="0" />
                <xs:element name="PRGP" type="xs:string" minOccurs="0" />
                <xs:element name="ROSN" type="xs:string" minOccurs="0" />
                <xs:element name="SLOV" type="xs:string" minOccurs="0" />
                <xs:element name="SVIZ" type="xs:string" minOccurs="0" />
                <xs:element name="BSP" type="xs:string" minOccurs="0" />
                <xs:element name="MALT" type="xs:string" minOccurs="0" />
                <xs:element name="XAUS" type="xs:string" minOccurs="0" />
                <xs:element name="XFRA" type="xs:string" minOccurs="0" />
              </xs:sequence>
            </xs:complexType>
          </xs:element>
        </xs:choice>
      </xs:complexType>
    </xs:element>
  </xs:schema>
  <Prezzi>
    <Data>20170722</Data>
    <Mercato>MGP</Mercato>
    <Ora>1</Ora>
    <PUN>52,600140</PUN>
    <NAT>50,460000</NAT>
    <CNOR>49,670000</CNOR>
    <CSUD>49,670000</CSUD>
    <NORD>49,670000</NORD>
    <SARD>49,670000</SARD>
    <SICI>96,160000</SICI>
    <SUD>49,670000</SUD>
    <AUST>49,670000</AUST>
    <BRNN>49,670000</BRNN>
    <COAC>49,670000</COAC>
    <CORS>49,670000</CORS>
    <FOGN>49,670000</FOGN>
    <FRAN>49,670000</FRAN>
    <GREC>49,670000</GREC>
    <MFTV>49,670000</MFTV>
    <PRGP>96,160000</PRGP>
    <ROSN>49,670000</ROSN>
    <SLOV>49,670000</SLOV>
    <SVIZ>49,670000</SVIZ>
    <BSP>49,670000</BSP>
    <MALT>96,160000</MALT>
    <XAUS>49,670000</XAUS>
    <XFRA>49,670000</XFRA>
  </Prezzi>
  <Prezzi>
    <Data>20170722</Data>
    <Mercato>MGP</Mercato>
    <Ora>2</Ora>
    <PUN>48,213690</PUN>
    <NAT>48,990000</NAT>
    <CNOR>47,000000</CNOR>
    <CSUD>47,000000</CSUD>
    <NORD>47,000000</NORD>
    <SARD>47,000000</SARD>
    <SICI>66,160000</SICI>
    <SUD>47,000000</SUD>
    <AUST>47,000000</AUST>
    <BRNN>47,000000</BRNN>
    <COAC>47,000000</COAC>
    <CORS>47,000000</CORS>
    <FOGN>47,000000</FOGN>
    <FRAN>47,000000</FRAN>
    <GREC>47,000000</GREC>
    <MFTV>47,000000</MFTV>
    <PRGP>66,160000</PRGP>
    <ROSN>47,000000</ROSN>
    <SLOV>47,000000</SLOV>
    <SVIZ>47,000000</SVIZ>
    <BSP>47,000000</BSP>
    <MALT>66,160000</MALT>
    <XAUS>47,000000</XAUS>
    <XFRA>47,000000</XFRA>
  </Prezzi>
  <Prezzi>
    <Data>20170722</Data>
    <Mercato>MGP</Mercato>
    <Ora>3</Ora>
    <PUN>44,737780</PUN>
    <NAT>43,320000</NAT>
    <CNOR>43,300000</CNOR>
    <CSUD>43,300000</CSUD>
    <NORD>43,300000</NORD>
    <SARD>43,300000</SARD>
    <SICI>66,010000</SICI>
    <SUD>43,300000</SUD>
    <AUST>43,300000</AUST>
    <BRNN>43,300000</BRNN>
    <COAC>43,300000</COAC>
    <CORS>43,300000</CORS>
    <FOGN>43,300000</FOGN>
    <FRAN>43,300000</FRAN>
    <GREC>43,300000</GREC>
    <MFTV>43,300000</MFTV>
    <PRGP>66,010000</PRGP>
    <ROSN>43,300000</ROSN>
    <SLOV>43,300000</SLOV>
    <SVIZ>43,300000</SVIZ>
    <BSP>43,300000</BSP>
    <MALT>66,010000</MALT>
    <XAUS>43,300000</XAUS>
    <XFRA>43,300000</XFRA>
  </Prezzi>
  <Prezzi>
    <Data>20170722</Data>
    <Mercato>MGP</Mercato>
    <Ora>4</Ora>
    <PUN>44,139280</PUN>
    <NAT>43,010000</NAT>
    <CNOR>43,010000</CNOR>
    <CSUD>43,010000</CSUD>
    <NORD>43,010000</NORD>
    <SARD>43,010000</SARD>
    <SICI>61,010000</SICI>
    <SUD>43,010000</SUD>
    <AUST>43,010000</AUST>
    <BRNN>43,010000</BRNN>
    <COAC>43,010000</COAC>
    <CORS>43,010000</CORS>
    <FOGN>43,010000</FOGN>
    <FRAN>43,010000</FRAN>
    <GREC>43,010000</GREC>
    <MFTV>43,010000</MFTV>
    <PRGP>61,010000</PRGP>
    <ROSN>43,010000</ROSN>
    <SLOV>43,010000</SLOV>
    <SVIZ>43,010000</SVIZ>
    <BSP>43,010000</BSP>
    <MALT>61,010000</MALT>
    <XAUS>43,010000</XAUS>
    <XFRA>43,010000</XFRA>
  </Prezzi>
  <Prezzi>
    <Data>20170722</Data>
    <Mercato>MGP</Mercato>
    <Ora>5</Ora>
    <PUN>44,131080</PUN>
    <NAT>43,020000</NAT>
    <CNOR>43,010000</CNOR>
    <CSUD>43,010000</CSUD>
    <NORD>43,010000</NORD>
    <SARD>43,010000</SARD>
    <SICI>61,010000</SICI>
    <SUD>43,010000</SUD>
    <AUST>43,010000</AUST>
    <BRNN>43,010000</BRNN>
    <COAC>43,010000</COAC>
    <CORS>43,010000</CORS>
    <FOGN>43,010000</FOGN>
    <FRAN>43,010000</FRAN>
    <GREC>43,010000</GREC>
    <MFTV>43,010000</MFTV>
    <PRGP>61,010000</PRGP>
    <ROSN>43,010000</ROSN>
    <SLOV>43,010000</SLOV>
    <SVIZ>43,010000</SVIZ>
    <BSP>43,010000</BSP>
    <MALT>61,010000</MALT>
    <XAUS>43,010000</XAUS>
    <XFRA>43,010000</XFRA>
  </Prezzi>
  <Prezzi>
    <Data>20170722</Data>
    <Mercato>MGP</Mercato>
    <Ora>6</Ora>
    <PUN>44,036130</PUN>
    <NAT>43,000000</NAT>
    <CNOR>42,900000</CNOR>
    <CSUD>42,900000</CSUD>
    <NORD>42,900000</NORD>
    <SARD>42,900000</SARD>
    <SICI>61,010000</SICI>
    <SUD>42,900000</SUD>
    <AUST>42,900000</AUST>
    <BRNN>42,900000</BRNN>
    <COAC>42,900000</COAC>
    <CORS>42,900000</CORS>
    <FOGN>42,900000</FOGN>
    <FRAN>42,900000</FRAN>
    <GREC>42,900000</GREC>
    <MFTV>42,900000</MFTV>
    <PRGP>61,010000</PRGP>
    <ROSN>42,900000</ROSN>
    <SLOV>42,900000</SLOV>
    <SVIZ>42,900000</SVIZ>
    <BSP>42,900000</BSP>
    <MALT>61,010000</MALT>
    <XAUS>42,900000</XAUS>
    <XFRA>42,900000</XFRA>
  </Prezzi>
  <Prezzi>
    <Data>20170722</Data>
    <Mercato>MGP</Mercato>
    <Ora>7</Ora>
    <PUN>43,885930</PUN>
    <NAT>43,010000</NAT>
    <CNOR>43,010000</CNOR>
    <CSUD>43,010000</CSUD>
    <NORD>43,010000</NORD>
    <SARD>43,010000</SARD>
    <SICI>57,430000</SICI>
    <SUD>43,010000</SUD>
    <AUST>43,010000</AUST>
    <BRNN>43,010000</BRNN>
    <COAC>43,010000</COAC>
    <CORS>43,010000</CORS>
    <FOGN>43,010000</FOGN>
    <FRAN>43,010000</FRAN>
    <GREC>43,010000</GREC>
    <MFTV>43,010000</MFTV>
    <PRGP>57,430000</PRGP>
    <ROSN>43,010000</ROSN>
    <SLOV>43,010000</SLOV>
    <SVIZ>43,010000</SVIZ>
    <BSP>43,010000</BSP>
    <MALT>57,430000</MALT>
    <XAUS>43,010000</XAUS>
    <XFRA>43,010000</XFRA>
  </Prezzi>
  <Prezzi>
    <Data>20170722</Data>
    <Mercato>MGP</Mercato>
    <Ora>8</Ora>
    <PUN>45,325390</PUN>
    <NAT>43,310000</NAT>
    <CNOR>43,080000</CNOR>
    <CSUD>43,080000</CSUD>
    <NORD>43,080000</NORD>
    <SARD>43,080000</SARD>
    <SICI>79,980000</SICI>
    <SUD>43,080000</SUD>
    <AUST>43,080000</AUST>
    <BRNN>43,080000</BRNN>
    <COAC>43,080000</COAC>
    <CORS>43,080000</CORS>
    <FOGN>43,080000</FOGN>
    <FRAN>43,080000</FRAN>
    <GREC>43,080000</GREC>
    <MFTV>43,080000</MFTV>
    <PRGP>79,980000</PRGP>
    <ROSN>43,080000</ROSN>
    <SLOV>43,080000</SLOV>
    <SVIZ>43,080000</SVIZ>
    <BSP>43,080000</BSP>
    <MALT>79,980000</MALT>
    <XAUS>43,080000</XAUS>
    <XFRA>43,080000</XFRA>
  </Prezzi>
  <Prezzi>
    <Data>20170722</Data>
    <Mercato>MGP</Mercato>
    <Ora>9</Ora>
    <PUN>47,132020</PUN>
    <NAT>45,000000</NAT>
    <CNOR>45,000000</CNOR>
    <CSUD>45,000000</CSUD>
    <NORD>45,000000</NORD>
    <SARD>45,000000</SARD>
    <SICI>79,980000</SICI>
    <SUD>45,000000</SUD>
    <AUST>45,000000</AUST>
    <BRNN>45,000000</BRNN>
    <COAC>45,000000</COAC>
    <CORS>45,000000</CORS>
    <FOGN>45,000000</FOGN>
    <FRAN>45,000000</FRAN>
    <GREC>45,000000</GREC>
    <MFTV>45,000000</MFTV>
    <PRGP>79,980000</PRGP>
    <ROSN>45,000000</ROSN>
    <SLOV>45,000000</SLOV>
    <SVIZ>45,000000</SVIZ>
    <BSP>45,000000</BSP>
    <MALT>79,980000</MALT>
    <XAUS>45,000000</XAUS>
    <XFRA>45,000000</XFRA>
  </Prezzi>
  <Prezzi>
    <Data>20170722</Data>
    <Mercato>MGP</Mercato>
    <Ora>10</Ora>
    <PUN>46,300570</PUN>
    <NAT>45,470000</NAT>
    <CNOR>45,000000</CNOR>
    <CSUD>45,000000</CSUD>
    <NORD>45,000000</NORD>
    <SARD>45,000000</SARD>
    <SICI>65,990000</SICI>
    <SUD>45,000000</SUD>
    <AUST>45,000000</AUST>
    <BRNN>45,000000</BRNN>
    <COAC>45,000000</COAC>
    <CORS>45,000000</CORS>
    <FOGN>45,000000</FOGN>
    <FRAN>45,000000</FRAN>
    <GREC>45,000000</GREC>
    <MFTV>45,000000</MFTV>
    <PRGP>65,990000</PRGP>
    <ROSN>45,000000</ROSN>
    <SLOV>45,000000</SLOV>
    <SVIZ>45,000000</SVIZ>
    <BSP>45,000000</BSP>
    <MALT>65,990000</MALT>
    <XAUS>45,000000</XAUS>
    <XFRA>45,000000</XFRA>
  </Prezzi>
  <Prezzi>
    <Data>20170722</Data>
    <Mercato>MGP</Mercato>
    <Ora>11</Ora>
    <PUN>41,480000</PUN>
    <NAT>41,480000</NAT>
    <CNOR>41,480000</CNOR>
    <CSUD>41,480000</CSUD>
    <NORD>41,480000</NORD>
    <SARD>41,480000</SARD>
    <SICI>41,480000</SICI>
    <SUD>41,480000</SUD>
    <AUST>41,480000</AUST>
    <BRNN>41,480000</BRNN>
    <COAC>41,480000</COAC>
    <CORS>41,480000</CORS>
    <FOGN>41,480000</FOGN>
    <FRAN>41,480000</FRAN>
    <GREC>41,480000</GREC>
    <MFTV>41,480000</MFTV>
    <PRGP>41,480000</PRGP>
    <ROSN>41,480000</ROSN>
    <SLOV>41,480000</SLOV>
    <SVIZ>41,480000</SVIZ>
    <BSP>41,480000</BSP>
    <MALT>41,480000</MALT>
    <XAUS>41,480000</XAUS>
    <XFRA>41,480000</XFRA>
  </Prezzi>
  <Prezzi>
    <Data>20170722</Data>
    <Mercato>MGP</Mercato>
    <Ora>12</Ora>
    <PUN>40,160000</PUN>
    <NAT>40,160000</NAT>
    <CNOR>40,160000</CNOR>
    <CSUD>40,160000</CSUD>
    <NORD>40,160000</NORD>
    <SARD>40,160000</SARD>
    <SICI>40,160000</SICI>
    <SUD>40,160000</SUD>
    <AUST>40,160000</AUST>
    <BRNN>40,160000</BRNN>
    <COAC>40,160000</COAC>
    <CORS>40,160000</CORS>
    <FOGN>40,160000</FOGN>
    <FRAN>40,160000</FRAN>
    <GREC>40,160000</GREC>
    <MFTV>40,160000</MFTV>
    <PRGP>40,160000</PRGP>
    <ROSN>40,160000</ROSN>
    <SLOV>40,160000</SLOV>
    <SVIZ>40,160000</SVIZ>
    <BSP>40,160000</BSP>
    <MALT>40,160000</MALT>
    <XAUS>40,160000</XAUS>
    <XFRA>40,160000</XFRA>
  </Prezzi>
  <Prezzi>
    <Data>20170722</Data>
    <Mercato>MGP</Mercato>
    <Ora>13</Ora>
    <PUN>37,840000</PUN>
    <NAT>37,840000</NAT>
    <CNOR>37,840000</CNOR>
    <CSUD>37,840000</CSUD>
    <NORD>37,840000</NORD>
    <SARD>37,840000</SARD>
    <SICI>37,840000</SICI>
    <SUD>37,840000</SUD>
    <AUST>37,840000</AUST>
    <BRNN>37,840000</BRNN>
    <COAC>37,840000</COAC>
    <CORS>37,840000</CORS>
    <FOGN>37,840000</FOGN>
    <FRAN>37,840000</FRAN>
    <GREC>37,840000</GREC>
    <MFTV>37,840000</MFTV>
    <PRGP>37,840000</PRGP>
    <ROSN>37,840000</ROSN>
    <SLOV>37,840000</SLOV>
    <SVIZ>37,840000</SVIZ>
    <BSP>37,840000</BSP>
    <MALT>37,840000</MALT>
    <XAUS>37,840000</XAUS>
    <XFRA>37,840000</XFRA>
  </Prezzi>
  <Prezzi>
    <Data>20170722</Data>
    <Mercato>MGP</Mercato>
    <Ora>14</Ora>
    <PUN>35,000000</PUN>
    <NAT>35,000000</NAT>
    <CNOR>35,000000</CNOR>
    <CSUD>35,000000</CSUD>
    <NORD>35,000000</NORD>
    <SARD>35,000000</SARD>
    <SICI>35,000000</SICI>
    <SUD>35,000000</SUD>
    <AUST>35,000000</AUST>
    <BRNN>35,000000</BRNN>
    <COAC>35,000000</COAC>
    <CORS>35,000000</CORS>
    <FOGN>35,000000</FOGN>
    <FRAN>35,000000</FRAN>
    <GREC>35,000000</GREC>
    <MFTV>35,000000</MFTV>
    <PRGP>35,000000</PRGP>
    <ROSN>35,000000</ROSN>
    <SLOV>35,000000</SLOV>
    <SVIZ>35,000000</SVIZ>
    <BSP>35,000000</BSP>
    <MALT>35,000000</MALT>
    <XAUS>35,000000</XAUS>
    <XFRA>35,000000</XFRA>
  </Prezzi>
  <Prezzi>
    <Data>20170722</Data>
    <Mercato>MGP</Mercato>
    <Ora>15</Ora>
    <PUN>34,330000</PUN>
    <NAT>34,330000</NAT>
    <CNOR>34,330000</CNOR>
    <CSUD>34,330000</CSUD>
    <NORD>34,330000</NORD>
    <SARD>34,330000</SARD>
    <SICI>34,330000</SICI>
    <SUD>34,330000</SUD>
    <AUST>34,330000</AUST>
    <BRNN>34,330000</BRNN>
    <COAC>34,330000</COAC>
    <CORS>34,330000</CORS>
    <FOGN>34,330000</FOGN>
    <FRAN>34,330000</FRAN>
    <GREC>34,330000</GREC>
    <MFTV>34,330000</MFTV>
    <PRGP>34,330000</PRGP>
    <ROSN>34,330000</ROSN>
    <SLOV>34,330000</SLOV>
    <SVIZ>34,330000</SVIZ>
    <BSP>34,330000</BSP>
    <MALT>34,330000</MALT>
    <XAUS>34,330000</XAUS>
    <XFRA>34,330000</XFRA>
  </Prezzi>
  <Prezzi>
    <Data>20170722</Data>
    <Mercato>MGP</Mercato>
    <Ora>16</Ora>
    <PUN>36,500000</PUN>
    <NAT>36,500000</NAT>
    <CNOR>36,500000</CNOR>
    <CSUD>36,500000</CSUD>
    <NORD>36,500000</NORD>
    <SARD>36,500000</SARD>
    <SICI>36,500000</SICI>
    <SUD>36,500000</SUD>
    <AUST>36,500000</AUST>
    <BRNN>36,500000</BRNN>
    <COAC>36,500000</COAC>
    <CORS>36,500000</CORS>
    <FOGN>36,500000</FOGN>
    <FRAN>36,500000</FRAN>
    <GREC>36,500000</GREC>
    <MFTV>36,500000</MFTV>
    <PRGP>36,500000</PRGP>
    <ROSN>36,500000</ROSN>
    <SLOV>36,500000</SLOV>
    <SVIZ>36,500000</SVIZ>
    <BSP>36,500000</BSP>
    <MALT>36,500000</MALT>
    <XAUS>36,500000</XAUS>
    <XFRA>36,500000</XFRA>
  </Prezzi>
  <Prezzi>
    <Data>20170722</Data>
    <Mercato>MGP</Mercato>
    <Ora>17</Ora>
    <PUN>39,550000</PUN>
    <NAT>39,550000</NAT>
    <CNOR>39,550000</CNOR>
    <CSUD>39,550000</CSUD>
    <NORD>39,550000</NORD>
    <SARD>39,550000</SARD>
    <SICI>39,550000</SICI>
    <SUD>39,550000</SUD>
    <AUST>39,550000</AUST>
    <BRNN>39,550000</BRNN>
    <COAC>39,550000</COAC>
    <CORS>39,550000</CORS>
    <FOGN>39,550000</FOGN>
    <FRAN>39,550000</FRAN>
    <GREC>39,550000</GREC>
    <MFTV>39,550000</MFTV>
    <PRGP>39,550000</PRGP>
    <ROSN>39,550000</ROSN>
    <SLOV>39,550000</SLOV>
    <SVIZ>39,550000</SVIZ>
    <BSP>39,550000</BSP>
    <MALT>39,550000</MALT>
    <XAUS>39,550000</XAUS>
    <XFRA>39,550000</XFRA>
  </Prezzi>
  <Prezzi>
    <Data>20170722</Data>
    <Mercato>MGP</Mercato>
    <Ora>18</Ora>
    <PUN>45,997540</PUN>
    <NAT>43,090000</NAT>
    <CNOR>43,010000</CNOR>
    <CSUD>43,010000</CSUD>
    <NORD>43,010000</NORD>
    <SARD>43,010000</SARD>
    <SICI>87,670000</SICI>
    <SUD>43,010000</SUD>
    <AUST>43,010000</AUST>
    <BRNN>43,010000</BRNN>
    <COAC>43,010000</COAC>
    <CORS>43,010000</CORS>
    <FOGN>43,010000</FOGN>
    <FRAN>43,010000</FRAN>
    <GREC>43,010000</GREC>
    <MFTV>43,010000</MFTV>
    <PRGP>87,670000</PRGP>
    <ROSN>43,010000</ROSN>
    <SLOV>43,010000</SLOV>
    <SVIZ>43,010000</SVIZ>
    <BSP>43,010000</BSP>
    <MALT>87,670000</MALT>
    <XAUS>43,010000</XAUS>
    <XFRA>43,010000</XFRA>
  </Prezzi>
  <Prezzi>
    <Data>20170722</Data>
    <Mercato>MGP</Mercato>
    <Ora>19</Ora>
    <PUN>48,805470</PUN>
    <NAT>47,000000</NAT>
    <CNOR>45,470000</CNOR>
    <CSUD>45,470000</CSUD>
    <NORD>45,470000</NORD>
    <SARD>45,470000</SARD>
    <SICI>96,160000</SICI>
    <SUD>45,470000</SUD>
    <AUST>45,470000</AUST>
    <BRNN>45,470000</BRNN>
    <COAC>45,470000</COAC>
    <CORS>45,470000</CORS>
    <FOGN>45,470000</FOGN>
    <FRAN>45,470000</FRAN>
    <GREC>45,470000</GREC>
    <MFTV>45,470000</MFTV>
    <PRGP>96,160000</PRGP>
    <ROSN>45,470000</ROSN>
    <SLOV>45,470000</SLOV>
    <SVIZ>45,470000</SVIZ>
    <BSP>45,470000</BSP>
    <MALT>96,160000</MALT>
    <XAUS>45,470000</XAUS>
    <XFRA>45,470000</XFRA>
  </Prezzi>
  <Prezzi>
    <Data>20170722</Data>
    <Mercato>MGP</Mercato>
    <Ora>20</Ora>
    <PUN>52,107530</PUN>
    <NAT>49,040000</NAT>
    <CNOR>48,990000</CNOR>
    <CSUD>48,990000</CSUD>
    <NORD>48,990000</NORD>
    <SARD>48,990000</SARD>
    <SICI>96,160000</SICI>
    <SUD>48,990000</SUD>
    <AUST>48,990000</AUST>
    <BRNN>48,990000</BRNN>
    <COAC>48,990000</COAC>
    <CORS>48,990000</CORS>
    <FOGN>48,990000</FOGN>
    <FRAN>48,990000</FRAN>
    <GREC>48,990000</GREC>
    <MFTV>48,990000</MFTV>
    <PRGP>96,160000</PRGP>
    <ROSN>48,990000</ROSN>
    <SLOV>48,990000</SLOV>
    <SVIZ>48,990000</SVIZ>
    <BSP>48,990000</BSP>
    <MALT>96,160000</MALT>
    <XAUS>48,990000</XAUS>
    <XFRA>48,990000</XFRA>
  </Prezzi>
  <Prezzi>
    <Data>20170722</Data>
    <Mercato>MGP</Mercato>
    <Ora>21</Ora>
    <PUN>52,289080</PUN>
    <NAT>49,670000</NAT>
    <CNOR>48,990000</CNOR>
    <CSUD>48,990000</CSUD>
    <NORD>48,990000</NORD>
    <SARD>48,990000</SARD>
    <SICI>96,160000</SICI>
    <SUD>48,990000</SUD>
    <AUST>48,990000</AUST>
    <BRNN>48,990000</BRNN>
    <COAC>48,990000</COAC>
    <CORS>48,990000</CORS>
    <FOGN>48,990000</FOGN>
    <FRAN>48,990000</FRAN>
    <GREC>48,990000</GREC>
    <MFTV>48,990000</MFTV>
    <PRGP>96,160000</PRGP>
    <ROSN>48,990000</ROSN>
    <SLOV>48,990000</SLOV>
    <SVIZ>48,990000</SVIZ>
    <BSP>48,990000</BSP>
    <MALT>96,160000</MALT>
    <XAUS>48,990000</XAUS>
    <XFRA>48,990000</XFRA>
  </Prezzi>
  <Prezzi>
    <Data>20170722</Data>
    <Mercato>MGP</Mercato>
    <Ora>22</Ora>
    <PUN>52,293640</PUN>
    <NAT>50,460000</NAT>
    <CNOR>49,040000</CNOR>
    <CSUD>49,040000</CSUD>
    <NORD>49,040000</NORD>
    <SARD>49,040000</SARD>
    <SICI>96,160000</SICI>
    <SUD>49,040000</SUD>
    <AUST>49,040000</AUST>
    <BRNN>49,040000</BRNN>
    <COAC>49,040000</COAC>
    <CORS>49,040000</CORS>
    <FOGN>49,040000</FOGN>
    <FRAN>49,040000</FRAN>
    <GREC>49,040000</GREC>
    <MFTV>49,040000</MFTV>
    <PRGP>96,160000</PRGP>
    <ROSN>49,040000</ROSN>
    <SLOV>49,040000</SLOV>
    <SVIZ>49,040000</SVIZ>
    <BSP>49,040000</BSP>
    <MALT>96,160000</MALT>
    <XAUS>49,040000</XAUS>
    <XFRA>49,040000</XFRA>
  </Prezzi>
  <Prezzi>
    <Data>20170722</Data>
    <Mercato>MGP</Mercato>
    <Ora>23</Ora>
    <PUN>49,140140</PUN>
    <NAT>48,990000</NAT>
    <CNOR>45,740000</CNOR>
    <CSUD>45,740000</CSUD>
    <NORD>45,740000</NORD>
    <SARD>45,740000</SARD>
    <SICI>96,160000</SICI>
    <SUD>45,740000</SUD>
    <AUST>45,740000</AUST>
    <BRNN>45,740000</BRNN>
    <COAC>45,740000</COAC>
    <CORS>45,740000</CORS>
    <FOGN>45,740000</FOGN>
    <FRAN>45,740000</FRAN>
    <GREC>45,740000</GREC>
    <MFTV>45,740000</MFTV>
    <PRGP>96,160000</PRGP>
    <ROSN>45,740000</ROSN>
    <SLOV>45,740000</SLOV>
    <SVIZ>45,740000</SVIZ>
    <BSP>45,740000</BSP>
    <MALT>96,160000</MALT>
    <XAUS>45,740000</XAUS>
    <XFRA>45,740000</XFRA>
  </Prezzi>
  <Prezzi>
    <Data>20170722</Data>
    <Mercato>MGP</Mercato>
    <Ora>24</Ora>
    <PUN>47,193070</PUN>
    <NAT>45,000000</NAT>
    <CNOR>43,660000</CNOR>
    <CSUD>43,660000</CSUD>
    <NORD>43,660000</NORD>
    <SARD>43,660000</SARD>
    <SICI>96,160000</SICI>
    <SUD>43,660000</SUD>
    <AUST>43,660000</AUST>
    <BRNN>43,660000</BRNN>
    <COAC>43,660000</COAC>
    <CORS>43,660000</CORS>
    <FOGN>43,660000</FOGN>
    <FRAN>43,660000</FRAN>
    <GREC>43,660000</GREC>
    <MFTV>43,660000</MFTV>
    <PRGP>96,160000</PRGP>
    <ROSN>43,660000</ROSN>
    <SLOV>43,660000</SLOV>
    <SVIZ>43,660000</SVIZ>
    <BSP>43,660000</BSP>
    <MALT>96,160000</MALT>
    <XAUS>43,660000</XAUS>
    <XFRA>43,660000</XFRA>
  </Prezzi>
</NewDataSet>