<?xml version="1.0" standalone="yes"?>
<NewDataSet>
  <xs:schema id="NewDataSet" xmlns="" xmlns:xs="http://www.w3.org/2001/XMLSchema" xmlns:msdata="urn:schemas-microsoft-com:xml-msdata">
    <xs:element name="NewDataSet" msdata:IsDataSet="true" msdata:UseCurrentLocale="true">
      <xs:complexType>
        <xs:choice minOccurs="0" maxOccurs="unbounded">
          <xs:element name="Prezzi">
            <xs:complexType>
              <xs:sequence>
                <xs:element name="Data" type="xs:string" minOccurs="0" />
                <xs:element name="Mercato" type="xs:string" minOccurs="0" />
                <xs:element name="Ora" type="xs:string" minOccurs="0" />
                <xs:element name="PUN" type="xs:string" minOccurs="0" />
                <xs:element name="NAT" type="xs:string" minOccurs="0" />
                <xs:element name="CNOR" type="xs:string" minOccurs="0" />
                <xs:element name="CSUD" type="xs:string" minOccurs="0" />
                <xs:element name="NORD" type="xs:string" minOccurs="0" />
                <xs:element name="SARD" type="xs:string" minOccurs="0" />
                <xs:element name="SICI" type="xs:string" minOccurs="0" />
                <xs:element name="SUD" type="xs:string" minOccurs="0" />
                <xs:element name="AUST" type="xs:string" minOccurs="0" />
                <xs:element name="BRNN" type="xs:string" minOccurs="0" />
                <xs:element name="COAC" type="xs:string" minOccurs="0" />
                <xs:element name="CORS" type="xs:string" minOccurs="0" />
                <xs:element name="FOGN" type="xs:string" minOccurs="0" />
                <xs:element name="FRAN" type="xs:string" minOccurs="0" />
                <xs:element name="GREC" type="xs:string" minOccurs="0" />
                <xs:element name="MFTV" type="xs:string" minOccurs="0" />
                <xs:element name="PRGP" type="xs:string" minOccurs="0" />
                <xs:element name="ROSN" type="xs:string" minOccurs="0" />
                <xs:element name="SLOV" type="xs:string" minOccurs="0" />
                <xs:element name="SVIZ" type="xs:string" minOccurs="0" />
                <xs:element name="BSP" type="xs:string" minOccurs="0" />
                <xs:element name="MALT" type="xs:string" minOccurs="0" />
                <xs:element name="XAUS" type="xs:string" minOccurs="0" />
                <xs:element name="XFRA" type="xs:string" minOccurs="0" />
              </xs:sequence>
            </xs:complexType>
          </xs:element>
        </xs:choice>
      </xs:complexType>
    </xs:element>
  </xs:schema>
  <Prezzi>
    <Data>20170731</Data>
    <Mercato>MGP</Mercato>
    <Ora>1</Ora>
    <PUN>46,955720</PUN>
    <NAT>45,590000</NAT>
    <CNOR>45,590000</CNOR>
    <CSUD>45,590000</CSUD>
    <NORD>45,590000</NORD>
    <SARD>45,590000</SARD>
    <SICI>66,010000</SICI>
    <SUD>45,590000</SUD>
    <AUST>45,590000</AUST>
    <BRNN>45,590000</BRNN>
    <COAC>45,590000</COAC>
    <CORS>45,590000</CORS>
    <FOGN>45,590000</FOGN>
    <FRAN>45,590000</FRAN>
    <GREC>45,590000</GREC>
    <MFTV>45,590000</MFTV>
    <PRGP>66,010000</PRGP>
    <ROSN>45,590000</ROSN>
    <SLOV>45,590000</SLOV>
    <SVIZ>45,590000</SVIZ>
    <BSP>45,590000</BSP>
    <MALT>66,010000</MALT>
    <XAUS>45,590000</XAUS>
    <XFRA>45,590000</XFRA>
  </Prezzi>
  <Prezzi>
    <Data>20170731</Data>
    <Mercato>MGP</Mercato>
    <Ora>2</Ora>
    <PUN>43,413810</PUN>
    <NAT>43,630000</NAT>
    <CNOR>43,870000</CNOR>
    <CSUD>43,870000</CSUD>
    <NORD>41,920000</NORD>
    <SARD>43,870000</SARD>
    <SICI>52,000000</SICI>
    <SUD>43,870000</SUD>
    <AUST>41,920000</AUST>
    <BRNN>43,870000</BRNN>
    <COAC>43,870000</COAC>
    <CORS>43,870000</CORS>
    <FOGN>43,870000</FOGN>
    <FRAN>41,920000</FRAN>
    <GREC>43,870000</GREC>
    <MFTV>41,920000</MFTV>
    <PRGP>52,000000</PRGP>
    <ROSN>43,870000</ROSN>
    <SLOV>41,920000</SLOV>
    <SVIZ>41,920000</SVIZ>
    <BSP>41,920000</BSP>
    <MALT>52,000000</MALT>
    <XAUS>41,920000</XAUS>
    <XFRA>41,920000</XFRA>
  </Prezzi>
  <Prezzi>
    <Data>20170731</Data>
    <Mercato>MGP</Mercato>
    <Ora>3</Ora>
    <PUN>40,899350</PUN>
    <NAT>42,000000</NAT>
    <CNOR>42,000000</CNOR>
    <CSUD>42,000000</CSUD>
    <NORD>39,870000</NORD>
    <SARD>42,000000</SARD>
    <SICI>42,000000</SICI>
    <SUD>42,000000</SUD>
    <AUST>39,870000</AUST>
    <BRNN>42,000000</BRNN>
    <COAC>42,000000</COAC>
    <CORS>42,000000</CORS>
    <FOGN>42,000000</FOGN>
    <FRAN>39,870000</FRAN>
    <GREC>42,000000</GREC>
    <MFTV>39,870000</MFTV>
    <PRGP>42,000000</PRGP>
    <ROSN>42,000000</ROSN>
    <SLOV>39,870000</SLOV>
    <SVIZ>39,870000</SVIZ>
    <BSP>39,870000</BSP>
    <MALT>42,000000</MALT>
    <XAUS>39,870000</XAUS>
    <XFRA>39,870000</XFRA>
  </Prezzi>
  <Prezzi>
    <Data>20170731</Data>
    <Mercato>MGP</Mercato>
    <Ora>4</Ora>
    <PUN>39,231290</PUN>
    <NAT>39,000000</NAT>
    <CNOR>40,680000</CNOR>
    <CSUD>40,680000</CSUD>
    <NORD>37,870000</NORD>
    <SARD>40,680000</SARD>
    <SICI>40,680000</SICI>
    <SUD>40,680000</SUD>
    <AUST>37,870000</AUST>
    <BRNN>40,680000</BRNN>
    <COAC>40,680000</COAC>
    <CORS>40,680000</CORS>
    <FOGN>40,680000</FOGN>
    <FRAN>37,870000</FRAN>
    <GREC>40,680000</GREC>
    <MFTV>37,870000</MFTV>
    <PRGP>40,680000</PRGP>
    <ROSN>40,680000</ROSN>
    <SLOV>37,870000</SLOV>
    <SVIZ>37,870000</SVIZ>
    <BSP>37,870000</BSP>
    <MALT>40,680000</MALT>
    <XAUS>37,870000</XAUS>
    <XFRA>37,870000</XFRA>
  </Prezzi>
  <Prezzi>
    <Data>20170731</Data>
    <Mercato>MGP</Mercato>
    <Ora>5</Ora>
    <PUN>39,187600</PUN>
    <NAT>39,000000</NAT>
    <CNOR>40,490000</CNOR>
    <CSUD>40,490000</CSUD>
    <NORD>37,990000</NORD>
    <SARD>40,490000</SARD>
    <SICI>40,490000</SICI>
    <SUD>40,490000</SUD>
    <AUST>37,990000</AUST>
    <BRNN>40,490000</BRNN>
    <COAC>40,490000</COAC>
    <CORS>40,490000</CORS>
    <FOGN>40,490000</FOGN>
    <FRAN>37,990000</FRAN>
    <GREC>40,490000</GREC>
    <MFTV>37,990000</MFTV>
    <PRGP>40,490000</PRGP>
    <ROSN>40,490000</ROSN>
    <SLOV>37,990000</SLOV>
    <SVIZ>37,990000</SVIZ>
    <BSP>37,990000</BSP>
    <MALT>40,490000</MALT>
    <XAUS>37,990000</XAUS>
    <XFRA>37,990000</XFRA>
  </Prezzi>
  <Prezzi>
    <Data>20170731</Data>
    <Mercato>MGP</Mercato>
    <Ora>6</Ora>
    <PUN>40,167460</PUN>
    <NAT>40,490000</NAT>
    <CNOR>41,000000</CNOR>
    <CSUD>41,000000</CSUD>
    <NORD>39,430000</NORD>
    <SARD>41,000000</SARD>
    <SICI>41,000000</SICI>
    <SUD>41,000000</SUD>
    <AUST>39,430000</AUST>
    <BRNN>41,000000</BRNN>
    <COAC>41,000000</COAC>
    <CORS>41,000000</CORS>
    <FOGN>41,000000</FOGN>
    <FRAN>39,430000</FRAN>
    <GREC>41,000000</GREC>
    <MFTV>39,430000</MFTV>
    <PRGP>41,000000</PRGP>
    <ROSN>41,000000</ROSN>
    <SLOV>39,430000</SLOV>
    <SVIZ>39,430000</SVIZ>
    <BSP>39,430000</BSP>
    <MALT>41,000000</MALT>
    <XAUS>39,430000</XAUS>
    <XFRA>39,430000</XFRA>
  </Prezzi>
  <Prezzi>
    <Data>20170731</Data>
    <Mercato>MGP</Mercato>
    <Ora>7</Ora>
    <PUN>45,000000</PUN>
    <NAT>45,000000</NAT>
    <CNOR>45,000000</CNOR>
    <CSUD>45,000000</CSUD>
    <NORD>45,000000</NORD>
    <SARD>45,000000</SARD>
    <SICI>45,000000</SICI>
    <SUD>45,000000</SUD>
    <AUST>45,000000</AUST>
    <BRNN>45,000000</BRNN>
    <COAC>45,000000</COAC>
    <CORS>45,000000</CORS>
    <FOGN>45,000000</FOGN>
    <FRAN>45,000000</FRAN>
    <GREC>45,000000</GREC>
    <MFTV>45,000000</MFTV>
    <PRGP>45,000000</PRGP>
    <ROSN>45,000000</ROSN>
    <SLOV>45,000000</SLOV>
    <SVIZ>45,000000</SVIZ>
    <BSP>45,000000</BSP>
    <MALT>45,000000</MALT>
    <XAUS>45,000000</XAUS>
    <XFRA>45,000000</XFRA>
  </Prezzi>
  <Prezzi>
    <Data>20170731</Data>
    <Mercato>MGP</Mercato>
    <Ora>8</Ora>
    <PUN>51,801950</PUN>
    <NAT>52,960000</NAT>
    <CNOR>50,190000</CNOR>
    <CSUD>50,190000</CSUD>
    <NORD>50,190000</NORD>
    <SARD>50,190000</SARD>
    <SICI>79,990000</SICI>
    <SUD>50,190000</SUD>
    <AUST>50,190000</AUST>
    <BRNN>50,190000</BRNN>
    <COAC>50,190000</COAC>
    <CORS>50,190000</CORS>
    <FOGN>50,190000</FOGN>
    <FRAN>50,190000</FRAN>
    <GREC>50,190000</GREC>
    <MFTV>50,190000</MFTV>
    <PRGP>79,990000</PRGP>
    <ROSN>50,190000</ROSN>
    <SLOV>50,190000</SLOV>
    <SVIZ>50,190000</SVIZ>
    <BSP>50,190000</BSP>
    <MALT>79,990000</MALT>
    <XAUS>50,190000</XAUS>
    <XFRA>50,190000</XFRA>
  </Prezzi>
  <Prezzi>
    <Data>20170731</Data>
    <Mercato>MGP</Mercato>
    <Ora>9</Ora>
    <PUN>82,160000</PUN>
    <NAT>80,780000</NAT>
    <CNOR>82,314800</CNOR>
    <CSUD>82,314800</CSUD>
    <NORD>82,314800</NORD>
    <SARD>82,314800</SARD>
    <SICI>96,280000</SICI>
    <SUD>70,690000</SUD>
    <AUST>82,314800</AUST>
    <BRNN>70,690000</BRNN>
    <COAC>82,314800</COAC>
    <CORS>82,314800</CORS>
    <FOGN>70,690000</FOGN>
    <FRAN>82,314800</FRAN>
    <GREC>70,690000</GREC>
    <MFTV>82,314800</MFTV>
    <PRGP>96,280000</PRGP>
    <ROSN>43,870000</ROSN>
    <SLOV>82,314800</SLOV>
    <SVIZ>82,314800</SVIZ>
    <BSP>82,314800</BSP>
    <MALT>96,280000</MALT>
    <XAUS>82,314800</XAUS>
    <XFRA>82,314800</XFRA>
  </Prezzi>
  <Prezzi>
    <Data>20170731</Data>
    <Mercato>MGP</Mercato>
    <Ora>10</Ora>
    <PUN>92,073540</PUN>
    <NAT>82,870000</NAT>
    <CNOR>95,630000</CNOR>
    <CSUD>95,630000</CSUD>
    <NORD>95,630000</NORD>
    <SARD>95,630000</SARD>
    <SICI>96,280000</SICI>
    <SUD>50,190000</SUD>
    <AUST>95,630000</AUST>
    <BRNN>50,190000</BRNN>
    <COAC>95,630000</COAC>
    <CORS>95,630000</CORS>
    <FOGN>50,190000</FOGN>
    <FRAN>95,630000</FRAN>
    <GREC>50,190000</GREC>
    <MFTV>95,630000</MFTV>
    <PRGP>96,280000</PRGP>
    <ROSN>43,870000</ROSN>
    <SLOV>95,630000</SLOV>
    <SVIZ>95,630000</SVIZ>
    <BSP>95,630000</BSP>
    <MALT>96,280000</MALT>
    <XAUS>95,630000</XAUS>
    <XFRA>95,630000</XFRA>
  </Prezzi>
  <Prezzi>
    <Data>20170731</Data>
    <Mercato>MGP</Mercato>
    <Ora>11</Ora>
    <PUN>83,448390</PUN>
    <NAT>77,800000</NAT>
    <CNOR>85,640000</CNOR>
    <CSUD>85,640000</CSUD>
    <NORD>85,640000</NORD>
    <SARD>85,640000</SARD>
    <SICI>96,280000</SICI>
    <SUD>50,190000</SUD>
    <AUST>85,640000</AUST>
    <BRNN>50,190000</BRNN>
    <COAC>85,640000</COAC>
    <CORS>85,640000</CORS>
    <FOGN>50,190000</FOGN>
    <FRAN>85,640000</FRAN>
    <GREC>50,190000</GREC>
    <MFTV>85,640000</MFTV>
    <PRGP>96,280000</PRGP>
    <ROSN>43,870000</ROSN>
    <SLOV>85,640000</SLOV>
    <SVIZ>85,640000</SVIZ>
    <BSP>85,640000</BSP>
    <MALT>96,280000</MALT>
    <XAUS>85,640000</XAUS>
    <XFRA>85,640000</XFRA>
  </Prezzi>
  <Prezzi>
    <Data>20170731</Data>
    <Mercato>MGP</Mercato>
    <Ora>12</Ora>
    <PUN>81,102240</PUN>
    <NAT>72,530000</NAT>
    <CNOR>83,000000</CNOR>
    <CSUD>83,000000</CSUD>
    <NORD>83,000000</NORD>
    <SARD>83,000000</SARD>
    <SICI>96,280000</SICI>
    <SUD>49,410000</SUD>
    <AUST>83,000000</AUST>
    <BRNN>49,410000</BRNN>
    <COAC>83,000000</COAC>
    <CORS>83,000000</CORS>
    <FOGN>49,410000</FOGN>
    <FRAN>83,000000</FRAN>
    <GREC>49,410000</GREC>
    <MFTV>83,000000</MFTV>
    <PRGP>96,280000</PRGP>
    <ROSN>43,870000</ROSN>
    <SLOV>83,000000</SLOV>
    <SVIZ>83,000000</SVIZ>
    <BSP>83,000000</BSP>
    <MALT>96,280000</MALT>
    <XAUS>83,000000</XAUS>
    <XFRA>83,000000</XFRA>
  </Prezzi>
  <Prezzi>
    <Data>20170731</Data>
    <Mercato>MGP</Mercato>
    <Ora>13</Ora>
    <PUN>71,500560</PUN>
    <NAT>53,000000</NAT>
    <CNOR>72,500000</CNOR>
    <CSUD>72,500000</CSUD>
    <NORD>72,500000</NORD>
    <SARD>72,500000</SARD>
    <SICI>87,880000</SICI>
    <SUD>49,410000</SUD>
    <AUST>72,500000</AUST>
    <BRNN>49,410000</BRNN>
    <COAC>72,500000</COAC>
    <CORS>72,500000</CORS>
    <FOGN>49,410000</FOGN>
    <FRAN>72,500000</FRAN>
    <GREC>49,410000</GREC>
    <MFTV>72,500000</MFTV>
    <PRGP>87,880000</PRGP>
    <ROSN>42,000000</ROSN>
    <SLOV>72,500000</SLOV>
    <SVIZ>72,500000</SVIZ>
    <BSP>72,500000</BSP>
    <MALT>87,880000</MALT>
    <XAUS>72,500000</XAUS>
    <XFRA>72,500000</XFRA>
  </Prezzi>
  <Prezzi>
    <Data>20170731</Data>
    <Mercato>MGP</Mercato>
    <Ora>14</Ora>
    <PUN>71,969210</PUN>
    <NAT>53,310000</NAT>
    <CNOR>73,010000</CNOR>
    <CSUD>73,010000</CSUD>
    <NORD>73,010000</NORD>
    <SARD>73,010000</SARD>
    <SICI>87,880000</SICI>
    <SUD>49,410000</SUD>
    <AUST>73,010000</AUST>
    <BRNN>49,410000</BRNN>
    <COAC>73,010000</COAC>
    <CORS>73,010000</CORS>
    <FOGN>49,410000</FOGN>
    <FRAN>73,010000</FRAN>
    <GREC>49,410000</GREC>
    <MFTV>73,010000</MFTV>
    <PRGP>87,880000</PRGP>
    <ROSN>42,000000</ROSN>
    <SLOV>73,010000</SLOV>
    <SVIZ>73,010000</SVIZ>
    <BSP>73,010000</BSP>
    <MALT>87,880000</MALT>
    <XAUS>73,010000</XAUS>
    <XFRA>73,010000</XFRA>
  </Prezzi>
  <Prezzi>
    <Data>20170731</Data>
    <Mercato>MGP</Mercato>
    <Ora>15</Ora>
    <PUN>74,472390</PUN>
    <NAT>55,560000</NAT>
    <CNOR>76,660000</CNOR>
    <CSUD>76,660000</CSUD>
    <NORD>76,660000</NORD>
    <SARD>76,660000</SARD>
    <SICI>76,010000</SICI>
    <SUD>48,780000</SUD>
    <AUST>76,660000</AUST>
    <BRNN>48,780000</BRNN>
    <COAC>76,660000</COAC>
    <CORS>76,660000</CORS>
    <FOGN>48,780000</FOGN>
    <FRAN>76,660000</FRAN>
    <GREC>48,780000</GREC>
    <MFTV>76,660000</MFTV>
    <PRGP>76,010000</PRGP>
    <ROSN>42,000000</ROSN>
    <SLOV>76,660000</SLOV>
    <SVIZ>76,660000</SVIZ>
    <BSP>76,660000</BSP>
    <MALT>76,010000</MALT>
    <XAUS>76,660000</XAUS>
    <XFRA>76,660000</XFRA>
  </Prezzi>
  <Prezzi>
    <Data>20170731</Data>
    <Mercato>MGP</Mercato>
    <Ora>16</Ora>
    <PUN>70,375960</PUN>
    <NAT>61,010000</NAT>
    <CNOR>75,000000</CNOR>
    <CSUD>49,410000</CSUD>
    <NORD>80,380000</NORD>
    <SARD>49,410000</SARD>
    <SICI>61,010000</SICI>
    <SUD>49,410000</SUD>
    <AUST>80,380000</AUST>
    <BRNN>49,410000</BRNN>
    <COAC>49,410000</COAC>
    <CORS>75,000000</CORS>
    <FOGN>49,410000</FOGN>
    <FRAN>80,380000</FRAN>
    <GREC>49,410000</GREC>
    <MFTV>80,380000</MFTV>
    <PRGP>61,010000</PRGP>
    <ROSN>49,410000</ROSN>
    <SLOV>80,380000</SLOV>
    <SVIZ>80,380000</SVIZ>
    <BSP>80,380000</BSP>
    <MALT>61,010000</MALT>
    <XAUS>80,380000</XAUS>
    <XFRA>80,380000</XFRA>
  </Prezzi>
  <Prezzi>
    <Data>20170731</Data>
    <Mercato>MGP</Mercato>
    <Ora>17</Ora>
    <PUN>78,780000</PUN>
    <NAT>76,010000</NAT>
    <CNOR>89,985320</CNOR>
    <CSUD>49,410000</CSUD>
    <NORD>89,985320</NORD>
    <SARD>49,410000</SARD>
    <SICI>87,880000</SICI>
    <SUD>49,410000</SUD>
    <AUST>89,985320</AUST>
    <BRNN>49,410000</BRNN>
    <COAC>49,410000</COAC>
    <CORS>89,985320</CORS>
    <FOGN>49,410000</FOGN>
    <FRAN>89,985320</FRAN>
    <GREC>49,410000</GREC>
    <MFTV>89,985320</MFTV>
    <PRGP>87,880000</PRGP>
    <ROSN>49,410000</ROSN>
    <SLOV>89,985320</SLOV>
    <SVIZ>89,985320</SVIZ>
    <BSP>89,985320</BSP>
    <MALT>87,880000</MALT>
    <XAUS>89,985320</XAUS>
    <XFRA>89,985320</XFRA>
  </Prezzi>
  <Prezzi>
    <Data>20170731</Data>
    <Mercato>MGP</Mercato>
    <Ora>18</Ora>
    <PUN>79,750030</PUN>
    <NAT>80,230000</NAT>
    <CNOR>86,000000</CNOR>
    <CSUD>62,100000</CSUD>
    <NORD>86,000000</NORD>
    <SARD>62,100000</SARD>
    <SICI>96,280000</SICI>
    <SUD>59,000000</SUD>
    <AUST>86,000000</AUST>
    <BRNN>59,000000</BRNN>
    <COAC>62,100000</COAC>
    <CORS>86,000000</CORS>
    <FOGN>59,000000</FOGN>
    <FRAN>86,000000</FRAN>
    <GREC>59,000000</GREC>
    <MFTV>86,000000</MFTV>
    <PRGP>96,280000</PRGP>
    <ROSN>59,000000</ROSN>
    <SLOV>86,000000</SLOV>
    <SVIZ>86,000000</SVIZ>
    <BSP>86,000000</BSP>
    <MALT>96,280000</MALT>
    <XAUS>86,000000</XAUS>
    <XFRA>86,000000</XFRA>
  </Prezzi>
  <Prezzi>
    <Data>20170731</Data>
    <Mercato>MGP</Mercato>
    <Ora>19</Ora>
    <PUN>77,898470</PUN>
    <NAT>80,670000</NAT>
    <CNOR>76,760000</CNOR>
    <CSUD>76,760000</CSUD>
    <NORD>76,760000</NORD>
    <SARD>76,760000</SARD>
    <SICI>96,280000</SICI>
    <SUD>76,760000</SUD>
    <AUST>76,760000</AUST>
    <BRNN>76,760000</BRNN>
    <COAC>76,760000</COAC>
    <CORS>76,760000</CORS>
    <FOGN>76,760000</FOGN>
    <FRAN>76,760000</FRAN>
    <GREC>76,760000</GREC>
    <MFTV>76,760000</MFTV>
    <PRGP>96,280000</PRGP>
    <ROSN>76,760000</ROSN>
    <SLOV>76,760000</SLOV>
    <SVIZ>76,760000</SVIZ>
    <BSP>76,760000</BSP>
    <MALT>96,280000</MALT>
    <XAUS>76,760000</XAUS>
    <XFRA>76,760000</XFRA>
  </Prezzi>
  <Prezzi>
    <Data>20170731</Data>
    <Mercato>MGP</Mercato>
    <Ora>20</Ora>
    <PUN>84,033240</PUN>
    <NAT>95,630000</NAT>
    <CNOR>83,270000</CNOR>
    <CSUD>83,270000</CSUD>
    <NORD>83,270000</NORD>
    <SARD>83,270000</SARD>
    <SICI>96,280000</SICI>
    <SUD>83,270000</SUD>
    <AUST>83,270000</AUST>
    <BRNN>83,270000</BRNN>
    <COAC>83,270000</COAC>
    <CORS>83,270000</CORS>
    <FOGN>83,270000</FOGN>
    <FRAN>83,270000</FRAN>
    <GREC>83,270000</GREC>
    <MFTV>83,270000</MFTV>
    <PRGP>96,280000</PRGP>
    <ROSN>83,270000</ROSN>
    <SLOV>83,270000</SLOV>
    <SVIZ>83,270000</SVIZ>
    <BSP>83,270000</BSP>
    <MALT>96,280000</MALT>
    <XAUS>83,270000</XAUS>
    <XFRA>83,270000</XFRA>
  </Prezzi>
  <Prezzi>
    <Data>20170731</Data>
    <Mercato>MGP</Mercato>
    <Ora>21</Ora>
    <PUN>80,997190</PUN>
    <NAT>85,510000</NAT>
    <CNOR>79,980000</CNOR>
    <CSUD>79,980000</CSUD>
    <NORD>79,980000</NORD>
    <SARD>79,980000</SARD>
    <SICI>96,280000</SICI>
    <SUD>79,980000</SUD>
    <AUST>79,980000</AUST>
    <BRNN>79,980000</BRNN>
    <COAC>79,980000</COAC>
    <CORS>79,980000</CORS>
    <FOGN>79,980000</FOGN>
    <FRAN>79,980000</FRAN>
    <GREC>79,980000</GREC>
    <MFTV>79,980000</MFTV>
    <PRGP>96,280000</PRGP>
    <ROSN>79,980000</ROSN>
    <SLOV>79,980000</SLOV>
    <SVIZ>79,980000</SVIZ>
    <BSP>79,980000</BSP>
    <MALT>96,280000</MALT>
    <XAUS>79,980000</XAUS>
    <XFRA>79,980000</XFRA>
  </Prezzi>
  <Prezzi>
    <Data>20170731</Data>
    <Mercato>MGP</Mercato>
    <Ora>22</Ora>
    <PUN>81,790000</PUN>
    <NAT>94,420000</NAT>
    <CNOR>80,835890</CNOR>
    <CSUD>80,835890</CSUD>
    <NORD>80,835890</NORD>
    <SARD>80,835890</SARD>
    <SICI>96,280000</SICI>
    <SUD>80,835890</SUD>
    <AUST>80,835890</AUST>
    <BRNN>80,835890</BRNN>
    <COAC>80,835890</COAC>
    <CORS>80,835890</CORS>
    <FOGN>80,835890</FOGN>
    <FRAN>80,835890</FRAN>
    <GREC>80,835890</GREC>
    <MFTV>80,835890</MFTV>
    <PRGP>96,280000</PRGP>
    <ROSN>80,835890</ROSN>
    <SLOV>80,835890</SLOV>
    <SVIZ>80,835890</SVIZ>
    <BSP>80,835890</BSP>
    <MALT>96,280000</MALT>
    <XAUS>80,835890</XAUS>
    <XFRA>80,835890</XFRA>
  </Prezzi>
  <Prezzi>
    <Data>20170731</Data>
    <Mercato>MGP</Mercato>
    <Ora>23</Ora>
    <PUN>62,015710</PUN>
    <NAT>62,030000</NAT>
    <CNOR>59,750000</CNOR>
    <CSUD>59,750000</CSUD>
    <NORD>59,750000</NORD>
    <SARD>59,750000</SARD>
    <SICI>96,280000</SICI>
    <SUD>59,750000</SUD>
    <AUST>59,750000</AUST>
    <BRNN>59,750000</BRNN>
    <COAC>59,750000</COAC>
    <CORS>59,750000</CORS>
    <FOGN>59,750000</FOGN>
    <FRAN>59,750000</FRAN>
    <GREC>59,750000</GREC>
    <MFTV>59,750000</MFTV>
    <PRGP>96,280000</PRGP>
    <ROSN>59,750000</ROSN>
    <SLOV>59,750000</SLOV>
    <SVIZ>59,750000</SVIZ>
    <BSP>59,750000</BSP>
    <MALT>96,280000</MALT>
    <XAUS>59,750000</XAUS>
    <XFRA>59,750000</XFRA>
  </Prezzi>
  <Prezzi>
    <Data>20170731</Data>
    <Mercato>MGP</Mercato>
    <Ora>24</Ora>
    <PUN>52,323640</PUN>
    <NAT>50,190000</NAT>
    <CNOR>49,410000</CNOR>
    <CSUD>49,410000</CSUD>
    <NORD>49,410000</NORD>
    <SARD>49,410000</SARD>
    <SICI>96,280000</SICI>
    <SUD>49,410000</SUD>
    <AUST>49,410000</AUST>
    <BRNN>49,410000</BRNN>
    <COAC>49,410000</COAC>
    <CORS>49,410000</CORS>
    <FOGN>49,410000</FOGN>
    <FRAN>49,410000</FRAN>
    <GREC>49,410000</GREC>
    <MFTV>49,410000</MFTV>
    <PRGP>96,280000</PRGP>
    <ROSN>49,410000</ROSN>
    <SLOV>49,410000</SLOV>
    <SVIZ>49,410000</SVIZ>
    <BSP>49,410000</BSP>
    <MALT>96,280000</MALT>
    <XAUS>49,410000</XAUS>
    <XFRA>49,410000</XFRA>
  </Prezzi>
</NewDataSet>