<?xml version="1.0" standalone="yes"?>
<NewDataSet>
  <xs:schema id="NewDataSet" xmlns="" xmlns:xs="http://www.w3.org/2001/XMLSchema" xmlns:msdata="urn:schemas-microsoft-com:xml-msdata">
    <xs:element name="NewDataSet" msdata:IsDataSet="true" msdata:MainDataTable="marketintervaldetail" msdata:UseCurrentLocale="true">
      <xs:complexType>
        <xs:choice minOccurs="0" maxOccurs="unbounded">
          <xs:element name="marketintervaldetail">
            <xs:complexType>
              <xs:sequence>
                <xs:element name="Data" type="xs:string" minOccurs="0" />
                <xs:element name="Mercato" type="xs:string" minOccurs="0" />
                <xs:element name="Ora" type="xs:string" minOccurs="0" />
                <xs:element name="Totale" type="xs:string" minOccurs="0" />
                <xs:element name="CNOR" type="xs:string" minOccurs="0" />
                <xs:element name="CSUD" type="xs:string" minOccurs="0" />
                <xs:element name="NORD" type="xs:string" minOccurs="0" />
                <xs:element name="SARD" type="xs:string" minOccurs="0" />
                <xs:element name="SICI" type="xs:string" minOccurs="0" />
                <xs:element name="SUD" type="xs:string" minOccurs="0" />
              </xs:sequence>
            </xs:complexType>
          </xs:element>
        </xs:choice>
      </xs:complexType>
    </xs:element>
  </xs:schema>
  <marketintervaldetail>
    <Data>20161027</Data>
    <Mercato>MGP</Mercato>
    <Ora>01</Ora>
    <Totale>27557</Totale>
    <CNOR>3466</CNOR>
    <CSUD>4228</CSUD>
    <NORD>15127</NORD>
    <SARD>785</SARD>
    <SICI>1655</SICI>
    <SUD>2296</SUD>
  </marketintervaldetail>
  <marketintervaldetail>
    <Data>20161027</Data>
    <Mercato>MGP</Mercato>
    <Ora>02</Ora>
    <Totale>25569</Totale>
    <CNOR>3089</CNOR>
    <CSUD>3864</CSUD>
    <NORD>14214</NORD>
    <SARD>743</SARD>
    <SICI>1502</SICI>
    <SUD>2157</SUD>
  </marketintervaldetail>
  <marketintervaldetail>
    <Data>20161027</Data>
    <Mercato>MGP</Mercato>
    <Ora>03</Ora>
    <Totale>24523</Totale>
    <CNOR>2742</CNOR>
    <CSUD>3696</CSUD>
    <NORD>13900</NORD>
    <SARD>714</SARD>
    <SICI>1434</SICI>
    <SUD>2037</SUD>
  </marketintervaldetail>
  <marketintervaldetail>
    <Data>20161027</Data>
    <Mercato>MGP</Mercato>
    <Ora>04</Ora>
    <Totale>24062</Totale>
    <CNOR>2732</CNOR>
    <CSUD>3643</CSUD>
    <NORD>13570</NORD>
    <SARD>707</SARD>
    <SICI>1416</SICI>
    <SUD>1994</SUD>
  </marketintervaldetail>
  <marketintervaldetail>
    <Data>20161027</Data>
    <Mercato>MGP</Mercato>
    <Ora>05</Ora>
    <Totale>24224</Totale>
    <CNOR>2854</CNOR>
    <CSUD>3633</CSUD>
    <NORD>13562</NORD>
    <SARD>710</SARD>
    <SICI>1428</SICI>
    <SUD>2037</SUD>
  </marketintervaldetail>
  <marketintervaldetail>
    <Data>20161027</Data>
    <Mercato>MGP</Mercato>
    <Ora>06</Ora>
    <Totale>25485</Totale>
    <CNOR>3095</CNOR>
    <CSUD>3771</CSUD>
    <NORD>14230</NORD>
    <SARD>731</SARD>
    <SICI>1475</SICI>
    <SUD>2183</SUD>
  </marketintervaldetail>
  <marketintervaldetail>
    <Data>20161027</Data>
    <Mercato>MGP</Mercato>
    <Ora>07</Ora>
    <Totale>30094</Totale>
    <CNOR>3417</CNOR>
    <CSUD>4318</CSUD>
    <NORD>17436</NORD>
    <SARD>802</SARD>
    <SICI>1657</SICI>
    <SUD>2464</SUD>
  </marketintervaldetail>
  <marketintervaldetail>
    <Data>20161027</Data>
    <Mercato>MGP</Mercato>
    <Ora>08</Ora>
    <Totale>36461</Totale>
    <CNOR>3835</CNOR>
    <CSUD>5169</CSUD>
    <NORD>21735</NORD>
    <SARD>952</SARD>
    <SICI>1991</SICI>
    <SUD>2779</SUD>
  </marketintervaldetail>
  <marketintervaldetail>
    <Data>20161027</Data>
    <Mercato>MGP</Mercato>
    <Ora>09</Ora>
    <Totale>40405</Totale>
    <CNOR>4384</CNOR>
    <CSUD>5617</CSUD>
    <NORD>24343</NORD>
    <SARD>996</SARD>
    <SICI>2114</SICI>
    <SUD>2951</SUD>
  </marketintervaldetail>
  <marketintervaldetail>
    <Data>20161027</Data>
    <Mercato>MGP</Mercato>
    <Ora>10</Ora>
    <Totale>42295</Totale>
    <CNOR>4914</CNOR>
    <CSUD>6075</CSUD>
    <NORD>25062</NORD>
    <SARD>1014</SARD>
    <SICI>2184</SICI>
    <SUD>3046</SUD>
  </marketintervaldetail>
  <marketintervaldetail>
    <Data>20161027</Data>
    <Mercato>MGP</Mercato>
    <Ora>11</Ora>
    <Totale>42618</Totale>
    <CNOR>5141</CNOR>
    <CSUD>6189</CSUD>
    <NORD>25051</NORD>
    <SARD>997</SARD>
    <SICI>2186</SICI>
    <SUD>3054</SUD>
  </marketintervaldetail>
  <marketintervaldetail>
    <Data>20161027</Data>
    <Mercato>MGP</Mercato>
    <Ora>12</Ora>
    <Totale>42103</Totale>
    <CNOR>5061</CNOR>
    <CSUD>6036</CSUD>
    <NORD>24867</NORD>
    <SARD>1001</SARD>
    <SICI>2183</SICI>
    <SUD>2955</SUD>
  </marketintervaldetail>
  <marketintervaldetail>
    <Data>20161027</Data>
    <Mercato>MGP</Mercato>
    <Ora>13</Ora>
    <Totale>39253</Totale>
    <CNOR>4738</CNOR>
    <CSUD>6051</CSUD>
    <NORD>22505</NORD>
    <SARD>914</SARD>
    <SICI>2137</SICI>
    <SUD>2908</SUD>
  </marketintervaldetail>
  <marketintervaldetail>
    <Data>20161027</Data>
    <Mercato>MGP</Mercato>
    <Ora>14</Ora>
    <Totale>38341</Totale>
    <CNOR>4516</CNOR>
    <CSUD>5904</CSUD>
    <NORD>22218</NORD>
    <SARD>859</SARD>
    <SICI>2057</SICI>
    <SUD>2787</SUD>
  </marketintervaldetail>
  <marketintervaldetail>
    <Data>20161027</Data>
    <Mercato>MGP</Mercato>
    <Ora>15</Ora>
    <Totale>39275</Totale>
    <CNOR>4690</CNOR>
    <CSUD>5567</CSUD>
    <NORD>23427</NORD>
    <SARD>853</SARD>
    <SICI>2062</SICI>
    <SUD>2676</SUD>
  </marketintervaldetail>
  <marketintervaldetail>
    <Data>20161027</Data>
    <Mercato>MGP</Mercato>
    <Ora>16</Ora>
    <Totale>39873</Totale>
    <CNOR>4841</CNOR>
    <CSUD>5647</CSUD>
    <NORD>23494</NORD>
    <SARD>850</SARD>
    <SICI>2132</SICI>
    <SUD>2909</SUD>
  </marketintervaldetail>
  <marketintervaldetail>
    <Data>20161027</Data>
    <Mercato>MGP</Mercato>
    <Ora>17</Ora>
    <Totale>39915</Totale>
    <CNOR>4726</CNOR>
    <CSUD>5693</CSUD>
    <NORD>23512</NORD>
    <SARD>865</SARD>
    <SICI>2125</SICI>
    <SUD>2994</SUD>
  </marketintervaldetail>
  <marketintervaldetail>
    <Data>20161027</Data>
    <Mercato>MGP</Mercato>
    <Ora>18</Ora>
    <Totale>39716</Totale>
    <CNOR>4491</CNOR>
    <CSUD>5733</CSUD>
    <NORD>23236</NORD>
    <SARD>925</SARD>
    <SICI>2217</SICI>
    <SUD>3114</SUD>
  </marketintervaldetail>
  <marketintervaldetail>
    <Data>20161027</Data>
    <Mercato>MGP</Mercato>
    <Ora>19</Ora>
    <Totale>41513</Totale>
    <CNOR>4723</CNOR>
    <CSUD>6199</CSUD>
    <NORD>23934</NORD>
    <SARD>997</SARD>
    <SICI>2346</SICI>
    <SUD>3314</SUD>
  </marketintervaldetail>
  <marketintervaldetail>
    <Data>20161027</Data>
    <Mercato>MGP</Mercato>
    <Ora>20</Ora>
    <Totale>42544</Totale>
    <CNOR>4824</CNOR>
    <CSUD>6854</CSUD>
    <NORD>23814</NORD>
    <SARD>1084</SARD>
    <SICI>2523</SICI>
    <SUD>3445</SUD>
  </marketintervaldetail>
  <marketintervaldetail>
    <Data>20161027</Data>
    <Mercato>MGP</Mercato>
    <Ora>21</Ora>
    <Totale>40361</Totale>
    <CNOR>4661</CNOR>
    <CSUD>6628</CSUD>
    <NORD>22114</NORD>
    <SARD>1087</SARD>
    <SICI>2473</SICI>
    <SUD>3398</SUD>
  </marketintervaldetail>
  <marketintervaldetail>
    <Data>20161027</Data>
    <Mercato>MGP</Mercato>
    <Ora>22</Ora>
    <Totale>37291</Totale>
    <CNOR>4478</CNOR>
    <CSUD>6097</CSUD>
    <NORD>20230</NORD>
    <SARD>1025</SARD>
    <SICI>2326</SICI>
    <SUD>3135</SUD>
  </marketintervaldetail>
  <marketintervaldetail>
    <Data>20161027</Data>
    <Mercato>MGP</Mercato>
    <Ora>23</Ora>
    <Totale>33696</Totale>
    <CNOR>4246</CNOR>
    <CSUD>5504</CSUD>
    <NORD>18055</NORD>
    <SARD>939</SARD>
    <SICI>2187</SICI>
    <SUD>2765</SUD>
  </marketintervaldetail>
  <marketintervaldetail>
    <Data>20161027</Data>
    <Mercato>MGP</Mercato>
    <Ora>24</Ora>
    <Totale>30402</Totale>
    <CNOR>3992</CNOR>
    <CSUD>4854</CSUD>
    <NORD>16212</NORD>
    <SARD>872</SARD>
    <SICI>2055</SICI>
    <SUD>2417</SUD>
  </marketintervaldetail>
</NewDataSet>