<?xml version="1.0" standalone="yes"?>
<NewDataSet>
  <xs:schema id="NewDataSet" xmlns="" xmlns:xs="http://www.w3.org/2001/XMLSchema" xmlns:msdata="urn:schemas-microsoft-com:xml-msdata">
    <xs:element name="NewDataSet" msdata:IsDataSet="true" msdata:MainDataTable="marketintervaldetail" msdata:UseCurrentLocale="true">
      <xs:complexType>
        <xs:choice minOccurs="0" maxOccurs="unbounded">
          <xs:element name="marketintervaldetail">
            <xs:complexType>
              <xs:sequence>
                <xs:element name="Data" type="xs:string" minOccurs="0" />
                <xs:element name="Mercato" type="xs:string" minOccurs="0" />
                <xs:element name="Ora" type="xs:string" minOccurs="0" />
                <xs:element name="Totale" type="xs:string" minOccurs="0" />
                <xs:element name="CNOR" type="xs:string" minOccurs="0" />
                <xs:element name="CSUD" type="xs:string" minOccurs="0" />
                <xs:element name="NORD" type="xs:string" minOccurs="0" />
                <xs:element name="SARD" type="xs:string" minOccurs="0" />
                <xs:element name="SICI" type="xs:string" minOccurs="0" />
                <xs:element name="SUD" type="xs:string" minOccurs="0" />
              </xs:sequence>
            </xs:complexType>
          </xs:element>
        </xs:choice>
      </xs:complexType>
    </xs:element>
  </xs:schema>
  <marketintervaldetail>
    <Data>20161028</Data>
    <Mercato>MGP</Mercato>
    <Ora>01</Ora>
    <Totale>27903</Totale>
    <CNOR>3440</CNOR>
    <CSUD>4140</CSUD>
    <NORD>15311</NORD>
    <SARD>803</SARD>
    <SICI>1670</SICI>
    <SUD>2539</SUD>
  </marketintervaldetail>
  <marketintervaldetail>
    <Data>20161028</Data>
    <Mercato>MGP</Mercato>
    <Ora>02</Ora>
    <Totale>25886</Totale>
    <CNOR>3275</CNOR>
    <CSUD>3745</CSUD>
    <NORD>14128</NORD>
    <SARD>774</SARD>
    <SICI>1564</SICI>
    <SUD>2400</SUD>
  </marketintervaldetail>
  <marketintervaldetail>
    <Data>20161028</Data>
    <Mercato>MGP</Mercato>
    <Ora>03</Ora>
    <Totale>24907</Totale>
    <CNOR>3093</CNOR>
    <CSUD>3530</CSUD>
    <NORD>13696</NORD>
    <SARD>756</SARD>
    <SICI>1492</SICI>
    <SUD>2340</SUD>
  </marketintervaldetail>
  <marketintervaldetail>
    <Data>20161028</Data>
    <Mercato>MGP</Mercato>
    <Ora>04</Ora>
    <Totale>24367</Totale>
    <CNOR>2934</CNOR>
    <CSUD>3481</CSUD>
    <NORD>13501</NORD>
    <SARD>750</SARD>
    <SICI>1464</SICI>
    <SUD>2237</SUD>
  </marketintervaldetail>
  <marketintervaldetail>
    <Data>20161028</Data>
    <Mercato>MGP</Mercato>
    <Ora>05</Ora>
    <Totale>24360</Totale>
    <CNOR>2899</CNOR>
    <CSUD>3475</CSUD>
    <NORD>13522</NORD>
    <SARD>757</SARD>
    <SICI>1481</SICI>
    <SUD>2226</SUD>
  </marketintervaldetail>
  <marketintervaldetail>
    <Data>20161028</Data>
    <Mercato>MGP</Mercato>
    <Ora>06</Ora>
    <Totale>25539</Totale>
    <CNOR>3106</CNOR>
    <CSUD>3610</CSUD>
    <NORD>14194</NORD>
    <SARD>778</SARD>
    <SICI>1554</SICI>
    <SUD>2297</SUD>
  </marketintervaldetail>
  <marketintervaldetail>
    <Data>20161028</Data>
    <Mercato>MGP</Mercato>
    <Ora>07</Ora>
    <Totale>29987</Totale>
    <CNOR>3307</CNOR>
    <CSUD>4169</CSUD>
    <NORD>17467</NORD>
    <SARD>861</SARD>
    <SICI>1715</SICI>
    <SUD>2468</SUD>
  </marketintervaldetail>
  <marketintervaldetail>
    <Data>20161028</Data>
    <Mercato>MGP</Mercato>
    <Ora>08</Ora>
    <Totale>36009</Totale>
    <CNOR>3734</CNOR>
    <CSUD>4944</CSUD>
    <NORD>21583</NORD>
    <SARD>977</SARD>
    <SICI>1978</SICI>
    <SUD>2793</SUD>
  </marketintervaldetail>
  <marketintervaldetail>
    <Data>20161028</Data>
    <Mercato>MGP</Mercato>
    <Ora>09</Ora>
    <Totale>39291</Totale>
    <CNOR>4117</CNOR>
    <CSUD>5395</CSUD>
    <NORD>23789</NORD>
    <SARD>1024</SARD>
    <SICI>2016</SICI>
    <SUD>2950</SUD>
  </marketintervaldetail>
  <marketintervaldetail>
    <Data>20161028</Data>
    <Mercato>MGP</Mercato>
    <Ora>10</Ora>
    <Totale>40227</Totale>
    <CNOR>4354</CNOR>
    <CSUD>5656</CSUD>
    <NORD>24034</NORD>
    <SARD>1034</SARD>
    <SICI>2011</SICI>
    <SUD>3138</SUD>
  </marketintervaldetail>
  <marketintervaldetail>
    <Data>20161028</Data>
    <Mercato>MGP</Mercato>
    <Ora>11</Ora>
    <Totale>40090</Totale>
    <CNOR>4525</CNOR>
    <CSUD>5758</CSUD>
    <NORD>23664</NORD>
    <SARD>1006</SARD>
    <SICI>2059</SICI>
    <SUD>3078</SUD>
  </marketintervaldetail>
  <marketintervaldetail>
    <Data>20161028</Data>
    <Mercato>MGP</Mercato>
    <Ora>12</Ora>
    <Totale>39482</Totale>
    <CNOR>4437</CNOR>
    <CSUD>5724</CSUD>
    <NORD>23263</NORD>
    <SARD>960</SARD>
    <SICI>2003</SICI>
    <SUD>3095</SUD>
  </marketintervaldetail>
  <marketintervaldetail>
    <Data>20161028</Data>
    <Mercato>MGP</Mercato>
    <Ora>13</Ora>
    <Totale>37184</Totale>
    <CNOR>4158</CNOR>
    <CSUD>5845</CSUD>
    <NORD>21351</NORD>
    <SARD>901</SARD>
    <SICI>1929</SICI>
    <SUD>3000</SUD>
  </marketintervaldetail>
  <marketintervaldetail>
    <Data>20161028</Data>
    <Mercato>MGP</Mercato>
    <Ora>14</Ora>
    <Totale>35904</Totale>
    <CNOR>3753</CNOR>
    <CSUD>5706</CSUD>
    <NORD>20856</NORD>
    <SARD>862</SARD>
    <SICI>1885</SICI>
    <SUD>2842</SUD>
  </marketintervaldetail>
  <marketintervaldetail>
    <Data>20161028</Data>
    <Mercato>MGP</Mercato>
    <Ora>15</Ora>
    <Totale>37287</Totale>
    <CNOR>4064</CNOR>
    <CSUD>5678</CSUD>
    <NORD>22080</NORD>
    <SARD>840</SARD>
    <SICI>1869</SICI>
    <SUD>2756</SUD>
  </marketintervaldetail>
  <marketintervaldetail>
    <Data>20161028</Data>
    <Mercato>MGP</Mercato>
    <Ora>16</Ora>
    <Totale>37868</Totale>
    <CNOR>3966</CNOR>
    <CSUD>5661</CSUD>
    <NORD>22443</NORD>
    <SARD>874</SARD>
    <SICI>1927</SICI>
    <SUD>2997</SUD>
  </marketintervaldetail>
  <marketintervaldetail>
    <Data>20161028</Data>
    <Mercato>MGP</Mercato>
    <Ora>17</Ora>
    <Totale>37944</Totale>
    <CNOR>4002</CNOR>
    <CSUD>5540</CSUD>
    <NORD>22564</NORD>
    <SARD>902</SARD>
    <SICI>1979</SICI>
    <SUD>2957</SUD>
  </marketintervaldetail>
  <marketintervaldetail>
    <Data>20161028</Data>
    <Mercato>MGP</Mercato>
    <Ora>18</Ora>
    <Totale>37470</Totale>
    <CNOR>3766</CNOR>
    <CSUD>5494</CSUD>
    <NORD>22316</NORD>
    <SARD>903</SARD>
    <SICI>2095</SICI>
    <SUD>2896</SUD>
  </marketintervaldetail>
  <marketintervaldetail>
    <Data>20161028</Data>
    <Mercato>MGP</Mercato>
    <Ora>19</Ora>
    <Totale>39520</Totale>
    <CNOR>4208</CNOR>
    <CSUD>5896</CSUD>
    <NORD>22809</NORD>
    <SARD>973</SARD>
    <SICI>2308</SICI>
    <SUD>3326</SUD>
  </marketintervaldetail>
  <marketintervaldetail>
    <Data>20161028</Data>
    <Mercato>MGP</Mercato>
    <Ora>20</Ora>
    <Totale>41386</Totale>
    <CNOR>4540</CNOR>
    <CSUD>6335</CSUD>
    <NORD>23293</NORD>
    <SARD>1096</SARD>
    <SICI>2532</SICI>
    <SUD>3590</SUD>
  </marketintervaldetail>
  <marketintervaldetail>
    <Data>20161028</Data>
    <Mercato>MGP</Mercato>
    <Ora>21</Ora>
    <Totale>39212</Totale>
    <CNOR>4317</CNOR>
    <CSUD>6121</CSUD>
    <NORD>21661</NORD>
    <SARD>1097</SARD>
    <SICI>2484</SICI>
    <SUD>3532</SUD>
  </marketintervaldetail>
  <marketintervaldetail>
    <Data>20161028</Data>
    <Mercato>MGP</Mercato>
    <Ora>22</Ora>
    <Totale>36316</Totale>
    <CNOR>4160</CNOR>
    <CSUD>5590</CSUD>
    <NORD>19842</NORD>
    <SARD>1012</SARD>
    <SICI>2333</SICI>
    <SUD>3379</SUD>
  </marketintervaldetail>
  <marketintervaldetail>
    <Data>20161028</Data>
    <Mercato>MGP</Mercato>
    <Ora>23</Ora>
    <Totale>33069</Totale>
    <CNOR>3779</CNOR>
    <CSUD>5006</CSUD>
    <NORD>18080</NORD>
    <SARD>938</SARD>
    <SICI>2154</SICI>
    <SUD>3112</SUD>
  </marketintervaldetail>
  <marketintervaldetail>
    <Data>20161028</Data>
    <Mercato>MGP</Mercato>
    <Ora>24</Ora>
    <Totale>29848</Totale>
    <CNOR>3547</CNOR>
    <CSUD>4409</CSUD>
    <NORD>16159</NORD>
    <SARD>871</SARD>
    <SICI>1992</SICI>
    <SUD>2870</SUD>
  </marketintervaldetail>
</NewDataSet>