<?xml version="1.0" standalone="yes"?>
<NewDataSet>
  <xs:schema id="NewDataSet" xmlns="" xmlns:xs="http://www.w3.org/2001/XMLSchema" xmlns:msdata="urn:schemas-microsoft-com:xml-msdata">
    <xs:element name="NewDataSet" msdata:IsDataSet="true" msdata:MainDataTable="marketintervaldetail" msdata:UseCurrentLocale="true">
      <xs:complexType>
        <xs:choice minOccurs="0" maxOccurs="unbounded">
          <xs:element name="marketintervaldetail">
            <xs:complexType>
              <xs:sequence>
                <xs:element name="Data" type="xs:string" minOccurs="0" />
                <xs:element name="Mercato" type="xs:string" minOccurs="0" />
                <xs:element name="Ora" type="xs:string" minOccurs="0" />
                <xs:element name="Totale" type="xs:string" minOccurs="0" />
                <xs:element name="CNOR" type="xs:string" minOccurs="0" />
                <xs:element name="CSUD" type="xs:string" minOccurs="0" />
                <xs:element name="NORD" type="xs:string" minOccurs="0" />
                <xs:element name="SARD" type="xs:string" minOccurs="0" />
                <xs:element name="SICI" type="xs:string" minOccurs="0" />
                <xs:element name="SUD" type="xs:string" minOccurs="0" />
              </xs:sequence>
            </xs:complexType>
          </xs:element>
        </xs:choice>
      </xs:complexType>
    </xs:element>
  </xs:schema>
  <marketintervaldetail>
    <Data>20161004</Data>
    <Mercato>MGP</Mercato>
    <Ora>01</Ora>
    <Totale>26640</Totale>
    <CNOR>2828</CNOR>
    <CSUD>3896</CSUD>
    <NORD>15299</NORD>
    <SARD>797</SARD>
    <SICI>1625</SICI>
    <SUD>2195</SUD>
  </marketintervaldetail>
  <marketintervaldetail>
    <Data>20161004</Data>
    <Mercato>MGP</Mercato>
    <Ora>02</Ora>
    <Totale>25203</Totale>
    <CNOR>2736</CNOR>
    <CSUD>3627</CSUD>
    <NORD>14453</NORD>
    <SARD>760</SARD>
    <SICI>1507</SICI>
    <SUD>2120</SUD>
  </marketintervaldetail>
  <marketintervaldetail>
    <Data>20161004</Data>
    <Mercato>MGP</Mercato>
    <Ora>03</Ora>
    <Totale>24626</Totale>
    <CNOR>2647</CNOR>
    <CSUD>3529</CSUD>
    <NORD>14227</NORD>
    <SARD>736</SARD>
    <SICI>1451</SICI>
    <SUD>2036</SUD>
  </marketintervaldetail>
  <marketintervaldetail>
    <Data>20161004</Data>
    <Mercato>MGP</Mercato>
    <Ora>04</Ora>
    <Totale>24270</Totale>
    <CNOR>2596</CNOR>
    <CSUD>3485</CSUD>
    <NORD>14072</NORD>
    <SARD>727</SARD>
    <SICI>1398</SICI>
    <SUD>1992</SUD>
  </marketintervaldetail>
  <marketintervaldetail>
    <Data>20161004</Data>
    <Mercato>MGP</Mercato>
    <Ora>05</Ora>
    <Totale>24445</Totale>
    <CNOR>2594</CNOR>
    <CSUD>3476</CSUD>
    <NORD>14189</NORD>
    <SARD>730</SARD>
    <SICI>1404</SICI>
    <SUD>2052</SUD>
  </marketintervaldetail>
  <marketintervaldetail>
    <Data>20161004</Data>
    <Mercato>MGP</Mercato>
    <Ora>06</Ora>
    <Totale>25573</Totale>
    <CNOR>2705</CNOR>
    <CSUD>3646</CSUD>
    <NORD>14846</NORD>
    <SARD>743</SARD>
    <SICI>1464</SICI>
    <SUD>2169</SUD>
  </marketintervaldetail>
  <marketintervaldetail>
    <Data>20161004</Data>
    <Mercato>MGP</Mercato>
    <Ora>07</Ora>
    <Totale>30052</Totale>
    <CNOR>3116</CNOR>
    <CSUD>4213</CSUD>
    <NORD>17793</NORD>
    <SARD>811</SARD>
    <SICI>1665</SICI>
    <SUD>2454</SUD>
  </marketintervaldetail>
  <marketintervaldetail>
    <Data>20161004</Data>
    <Mercato>MGP</Mercato>
    <Ora>08</Ora>
    <Totale>34966</Totale>
    <CNOR>3666</CNOR>
    <CSUD>4728</CSUD>
    <NORD>21164</NORD>
    <SARD>909</SARD>
    <SICI>1855</SICI>
    <SUD>2644</SUD>
  </marketintervaldetail>
  <marketintervaldetail>
    <Data>20161004</Data>
    <Mercato>MGP</Mercato>
    <Ora>09</Ora>
    <Totale>38909</Totale>
    <CNOR>4109</CNOR>
    <CSUD>5231</CSUD>
    <NORD>23808</NORD>
    <SARD>952</SARD>
    <SICI>1999</SICI>
    <SUD>2810</SUD>
  </marketintervaldetail>
  <marketintervaldetail>
    <Data>20161004</Data>
    <Mercato>MGP</Mercato>
    <Ora>10</Ora>
    <Totale>40368</Totale>
    <CNOR>4250</CNOR>
    <CSUD>5555</CSUD>
    <NORD>24638</NORD>
    <SARD>936</SARD>
    <SICI>2095</SICI>
    <SUD>2894</SUD>
  </marketintervaldetail>
  <marketintervaldetail>
    <Data>20161004</Data>
    <Mercato>MGP</Mercato>
    <Ora>11</Ora>
    <Totale>40286</Totale>
    <CNOR>4357</CNOR>
    <CSUD>5616</CSUD>
    <NORD>24572</NORD>
    <SARD>904</SARD>
    <SICI>2051</SICI>
    <SUD>2786</SUD>
  </marketintervaldetail>
  <marketintervaldetail>
    <Data>20161004</Data>
    <Mercato>MGP</Mercato>
    <Ora>12</Ora>
    <Totale>39877</Totale>
    <CNOR>4306</CNOR>
    <CSUD>5607</CSUD>
    <NORD>24429</NORD>
    <SARD>895</SARD>
    <SICI>1973</SICI>
    <SUD>2667</SUD>
  </marketintervaldetail>
  <marketintervaldetail>
    <Data>20161004</Data>
    <Mercato>MGP</Mercato>
    <Ora>13</Ora>
    <Totale>37401</Totale>
    <CNOR>4016</CNOR>
    <CSUD>5626</CSUD>
    <NORD>22250</NORD>
    <SARD>877</SARD>
    <SICI>2011</SICI>
    <SUD>2621</SUD>
  </marketintervaldetail>
  <marketintervaldetail>
    <Data>20161004</Data>
    <Mercato>MGP</Mercato>
    <Ora>14</Ora>
    <Totale>36853</Totale>
    <CNOR>3924</CNOR>
    <CSUD>5592</CSUD>
    <NORD>21840</NORD>
    <SARD>850</SARD>
    <SICI>1992</SICI>
    <SUD>2655</SUD>
  </marketintervaldetail>
  <marketintervaldetail>
    <Data>20161004</Data>
    <Mercato>MGP</Mercato>
    <Ora>15</Ora>
    <Totale>38270</Totale>
    <CNOR>4104</CNOR>
    <CSUD>5617</CSUD>
    <NORD>23057</NORD>
    <SARD>842</SARD>
    <SICI>2028</SICI>
    <SUD>2622</SUD>
  </marketintervaldetail>
  <marketintervaldetail>
    <Data>20161004</Data>
    <Mercato>MGP</Mercato>
    <Ora>16</Ora>
    <Totale>38690</Totale>
    <CNOR>4159</CNOR>
    <CSUD>5680</CSUD>
    <NORD>23347</NORD>
    <SARD>838</SARD>
    <SICI>2027</SICI>
    <SUD>2639</SUD>
  </marketintervaldetail>
  <marketintervaldetail>
    <Data>20161004</Data>
    <Mercato>MGP</Mercato>
    <Ora>17</Ora>
    <Totale>39000</Totale>
    <CNOR>4278</CNOR>
    <CSUD>5682</CSUD>
    <NORD>23138</NORD>
    <SARD>875</SARD>
    <SICI>2204</SICI>
    <SUD>2823</SUD>
  </marketintervaldetail>
  <marketintervaldetail>
    <Data>20161004</Data>
    <Mercato>MGP</Mercato>
    <Ora>18</Ora>
    <Totale>38542</Totale>
    <CNOR>4247</CNOR>
    <CSUD>5657</CSUD>
    <NORD>22458</NORD>
    <SARD>900</SARD>
    <SICI>2263</SICI>
    <SUD>3017</SUD>
  </marketintervaldetail>
  <marketintervaldetail>
    <Data>20161004</Data>
    <Mercato>MGP</Mercato>
    <Ora>19</Ora>
    <Totale>38906</Totale>
    <CNOR>4251</CNOR>
    <CSUD>5712</CSUD>
    <NORD>22523</NORD>
    <SARD>939</SARD>
    <SICI>2294</SICI>
    <SUD>3187</SUD>
  </marketintervaldetail>
  <marketintervaldetail>
    <Data>20161004</Data>
    <Mercato>MGP</Mercato>
    <Ora>20</Ora>
    <Totale>41927</Totale>
    <CNOR>4418</CNOR>
    <CSUD>6404</CSUD>
    <NORD>23911</NORD>
    <SARD>1060</SARD>
    <SICI>2529</SICI>
    <SUD>3605</SUD>
  </marketintervaldetail>
  <marketintervaldetail>
    <Data>20161004</Data>
    <Mercato>MGP</Mercato>
    <Ora>21</Ora>
    <Totale>40274</Totale>
    <CNOR>4186</CNOR>
    <CSUD>6179</CSUD>
    <NORD>22795</NORD>
    <SARD>1067</SARD>
    <SICI>2483</SICI>
    <SUD>3564</SUD>
  </marketintervaldetail>
  <marketintervaldetail>
    <Data>20161004</Data>
    <Mercato>MGP</Mercato>
    <Ora>22</Ora>
    <Totale>37109</Totale>
    <CNOR>3952</CNOR>
    <CSUD>5657</CSUD>
    <NORD>21065</NORD>
    <SARD>970</SARD>
    <SICI>2278</SICI>
    <SUD>3187</SUD>
  </marketintervaldetail>
  <marketintervaldetail>
    <Data>20161004</Data>
    <Mercato>MGP</Mercato>
    <Ora>23</Ora>
    <Totale>33317</Totale>
    <CNOR>3662</CNOR>
    <CSUD>5123</CSUD>
    <NORD>18730</NORD>
    <SARD>892</SARD>
    <SICI>2073</SICI>
    <SUD>2837</SUD>
  </marketintervaldetail>
  <marketintervaldetail>
    <Data>20161004</Data>
    <Mercato>MGP</Mercato>
    <Ora>24</Ora>
    <Totale>30098</Totale>
    <CNOR>3390</CNOR>
    <CSUD>4589</CSUD>
    <NORD>16881</NORD>
    <SARD>822</SARD>
    <SICI>1878</SICI>
    <SUD>2538</SUD>
  </marketintervaldetail>
</NewDataSet>