<?xml version="1.0" standalone="yes"?>
<NewDataSet>
  <xs:schema id="NewDataSet" xmlns="" xmlns:xs="http://www.w3.org/2001/XMLSchema" xmlns:msdata="urn:schemas-microsoft-com:xml-msdata">
    <xs:element name="NewDataSet" msdata:IsDataSet="true" msdata:MainDataTable="marketintervaldetail" msdata:UseCurrentLocale="true">
      <xs:complexType>
        <xs:choice minOccurs="0" maxOccurs="unbounded">
          <xs:element name="marketintervaldetail">
            <xs:complexType>
              <xs:sequence>
                <xs:element name="Data" type="xs:string" minOccurs="0" />
                <xs:element name="Mercato" type="xs:string" minOccurs="0" />
                <xs:element name="Ora" type="xs:string" minOccurs="0" />
                <xs:element name="Totale" type="xs:string" minOccurs="0" />
                <xs:element name="CNOR" type="xs:string" minOccurs="0" />
                <xs:element name="CSUD" type="xs:string" minOccurs="0" />
                <xs:element name="NORD" type="xs:string" minOccurs="0" />
                <xs:element name="SARD" type="xs:string" minOccurs="0" />
                <xs:element name="SICI" type="xs:string" minOccurs="0" />
                <xs:element name="SUD" type="xs:string" minOccurs="0" />
              </xs:sequence>
            </xs:complexType>
          </xs:element>
        </xs:choice>
      </xs:complexType>
    </xs:element>
  </xs:schema>
  <marketintervaldetail>
    <Data>20161020</Data>
    <Mercato>MGP</Mercato>
    <Ora>01</Ora>
    <Totale>27243</Totale>
    <CNOR>3803</CNOR>
    <CSUD>4108</CSUD>
    <NORD>14588</NORD>
    <SARD>815</SARD>
    <SICI>1613</SICI>
    <SUD>2316</SUD>
  </marketintervaldetail>
  <marketintervaldetail>
    <Data>20161020</Data>
    <Mercato>MGP</Mercato>
    <Ora>02</Ora>
    <Totale>25506</Totale>
    <CNOR>3651</CNOR>
    <CSUD>3741</CSUD>
    <NORD>13655</NORD>
    <SARD>781</SARD>
    <SICI>1490</SICI>
    <SUD>2188</SUD>
  </marketintervaldetail>
  <marketintervaldetail>
    <Data>20161020</Data>
    <Mercato>MGP</Mercato>
    <Ora>03</Ora>
    <Totale>24791</Totale>
    <CNOR>3577</CNOR>
    <CSUD>3571</CSUD>
    <NORD>13278</NORD>
    <SARD>773</SARD>
    <SICI>1434</SICI>
    <SUD>2158</SUD>
  </marketintervaldetail>
  <marketintervaldetail>
    <Data>20161020</Data>
    <Mercato>MGP</Mercato>
    <Ora>04</Ora>
    <Totale>24418</Totale>
    <CNOR>3494</CNOR>
    <CSUD>3497</CSUD>
    <NORD>13127</NORD>
    <SARD>756</SARD>
    <SICI>1410</SICI>
    <SUD>2134</SUD>
  </marketintervaldetail>
  <marketintervaldetail>
    <Data>20161020</Data>
    <Mercato>MGP</Mercato>
    <Ora>05</Ora>
    <Totale>24495</Totale>
    <CNOR>3483</CNOR>
    <CSUD>3475</CSUD>
    <NORD>13229</NORD>
    <SARD>748</SARD>
    <SICI>1407</SICI>
    <SUD>2153</SUD>
  </marketintervaldetail>
  <marketintervaldetail>
    <Data>20161020</Data>
    <Mercato>MGP</Mercato>
    <Ora>06</Ora>
    <Totale>25726</Totale>
    <CNOR>3548</CNOR>
    <CSUD>3626</CSUD>
    <NORD>14081</NORD>
    <SARD>771</SARD>
    <SICI>1465</SICI>
    <SUD>2235</SUD>
  </marketintervaldetail>
  <marketintervaldetail>
    <Data>20161020</Data>
    <Mercato>MGP</Mercato>
    <Ora>07</Ora>
    <Totale>30253</Totale>
    <CNOR>3762</CNOR>
    <CSUD>4144</CSUD>
    <NORD>17318</NORD>
    <SARD>841</SARD>
    <SICI>1659</SICI>
    <SUD>2529</SUD>
  </marketintervaldetail>
  <marketintervaldetail>
    <Data>20161020</Data>
    <Mercato>MGP</Mercato>
    <Ora>08</Ora>
    <Totale>36194</Totale>
    <CNOR>4185</CNOR>
    <CSUD>4851</CSUD>
    <NORD>21492</NORD>
    <SARD>971</SARD>
    <SICI>1879</SICI>
    <SUD>2816</SUD>
  </marketintervaldetail>
  <marketintervaldetail>
    <Data>20161020</Data>
    <Mercato>MGP</Mercato>
    <Ora>09</Ora>
    <Totale>39762</Totale>
    <CNOR>4727</CNOR>
    <CSUD>5292</CSUD>
    <NORD>23743</NORD>
    <SARD>1039</SARD>
    <SICI>2021</SICI>
    <SUD>2940</SUD>
  </marketintervaldetail>
  <marketintervaldetail>
    <Data>20161020</Data>
    <Mercato>MGP</Mercato>
    <Ora>10</Ora>
    <Totale>40972</Totale>
    <CNOR>4788</CNOR>
    <CSUD>5646</CSUD>
    <NORD>24480</NORD>
    <SARD>1077</SARD>
    <SICI>2110</SICI>
    <SUD>2871</SUD>
  </marketintervaldetail>
  <marketintervaldetail>
    <Data>20161020</Data>
    <Mercato>MGP</Mercato>
    <Ora>11</Ora>
    <Totale>40694</Totale>
    <CNOR>4818</CNOR>
    <CSUD>5706</CSUD>
    <NORD>24223</NORD>
    <SARD>1037</SARD>
    <SICI>2060</SICI>
    <SUD>2850</SUD>
  </marketintervaldetail>
  <marketintervaldetail>
    <Data>20161020</Data>
    <Mercato>MGP</Mercato>
    <Ora>12</Ora>
    <Totale>40452</Totale>
    <CNOR>4722</CNOR>
    <CSUD>5907</CSUD>
    <NORD>23923</NORD>
    <SARD>998</SARD>
    <SICI>1952</SICI>
    <SUD>2950</SUD>
  </marketintervaldetail>
  <marketintervaldetail>
    <Data>20161020</Data>
    <Mercato>MGP</Mercato>
    <Ora>13</Ora>
    <Totale>38143</Totale>
    <CNOR>4451</CNOR>
    <CSUD>5781</CSUD>
    <NORD>21919</NORD>
    <SARD>1025</SARD>
    <SICI>1988</SICI>
    <SUD>2979</SUD>
  </marketintervaldetail>
  <marketintervaldetail>
    <Data>20161020</Data>
    <Mercato>MGP</Mercato>
    <Ora>14</Ora>
    <Totale>37416</Totale>
    <CNOR>4356</CNOR>
    <CSUD>5563</CSUD>
    <NORD>21728</NORD>
    <SARD>1051</SARD>
    <SICI>1828</SICI>
    <SUD>2890</SUD>
  </marketintervaldetail>
  <marketintervaldetail>
    <Data>20161020</Data>
    <Mercato>MGP</Mercato>
    <Ora>15</Ora>
    <Totale>38536</Totale>
    <CNOR>4583</CNOR>
    <CSUD>5653</CSUD>
    <NORD>22752</NORD>
    <SARD>990</SARD>
    <SICI>1883</SICI>
    <SUD>2675</SUD>
  </marketintervaldetail>
  <marketintervaldetail>
    <Data>20161020</Data>
    <Mercato>MGP</Mercato>
    <Ora>16</Ora>
    <Totale>39191</Totale>
    <CNOR>4644</CNOR>
    <CSUD>5887</CSUD>
    <NORD>23119</NORD>
    <SARD>977</SARD>
    <SICI>1888</SICI>
    <SUD>2676</SUD>
  </marketintervaldetail>
  <marketintervaldetail>
    <Data>20161020</Data>
    <Mercato>MGP</Mercato>
    <Ora>17</Ora>
    <Totale>39645</Totale>
    <CNOR>4731</CNOR>
    <CSUD>5786</CSUD>
    <NORD>23236</NORD>
    <SARD>1014</SARD>
    <SICI>1915</SICI>
    <SUD>2963</SUD>
  </marketintervaldetail>
  <marketintervaldetail>
    <Data>20161020</Data>
    <Mercato>MGP</Mercato>
    <Ora>18</Ora>
    <Totale>39596</Totale>
    <CNOR>4527</CNOR>
    <CSUD>5741</CSUD>
    <NORD>22971</NORD>
    <SARD>1065</SARD>
    <SICI>2082</SICI>
    <SUD>3210</SUD>
  </marketintervaldetail>
  <marketintervaldetail>
    <Data>20161020</Data>
    <Mercato>MGP</Mercato>
    <Ora>19</Ora>
    <Totale>39958</Totale>
    <CNOR>4805</CNOR>
    <CSUD>5965</CSUD>
    <NORD>22469</NORD>
    <SARD>1082</SARD>
    <SICI>2265</SICI>
    <SUD>3372</SUD>
  </marketintervaldetail>
  <marketintervaldetail>
    <Data>20161020</Data>
    <Mercato>MGP</Mercato>
    <Ora>20</Ora>
    <Totale>41683</Totale>
    <CNOR>5439</CNOR>
    <CSUD>6413</CSUD>
    <NORD>22770</NORD>
    <SARD>1125</SARD>
    <SICI>2463</SICI>
    <SUD>3473</SUD>
  </marketintervaldetail>
  <marketintervaldetail>
    <Data>20161020</Data>
    <Mercato>MGP</Mercato>
    <Ora>21</Ora>
    <Totale>39957</Totale>
    <CNOR>5297</CNOR>
    <CSUD>6207</CSUD>
    <NORD>21444</NORD>
    <SARD>1131</SARD>
    <SICI>2404</SICI>
    <SUD>3474</SUD>
  </marketintervaldetail>
  <marketintervaldetail>
    <Data>20161020</Data>
    <Mercato>MGP</Mercato>
    <Ora>22</Ora>
    <Totale>37219</Totale>
    <CNOR>5094</CNOR>
    <CSUD>5707</CSUD>
    <NORD>19925</NORD>
    <SARD>1067</SARD>
    <SICI>2201</SICI>
    <SUD>3225</SUD>
  </marketintervaldetail>
  <marketintervaldetail>
    <Data>20161020</Data>
    <Mercato>MGP</Mercato>
    <Ora>23</Ora>
    <Totale>33595</Totale>
    <CNOR>4827</CNOR>
    <CSUD>5167</CSUD>
    <NORD>17613</NORD>
    <SARD>1000</SARD>
    <SICI>2041</SICI>
    <SUD>2947</SUD>
  </marketintervaldetail>
  <marketintervaldetail>
    <Data>20161020</Data>
    <Mercato>MGP</Mercato>
    <Ora>24</Ora>
    <Totale>30270</Totale>
    <CNOR>4501</CNOR>
    <CSUD>4555</CSUD>
    <NORD>15763</NORD>
    <SARD>933</SARD>
    <SICI>1858</SICI>
    <SUD>2660</SUD>
  </marketintervaldetail>
</NewDataSet>