<?xml version="1.0" standalone="yes"?>
<NewDataSet>
  <xs:schema id="NewDataSet" xmlns="" xmlns:xs="http://www.w3.org/2001/XMLSchema" xmlns:msdata="urn:schemas-microsoft-com:xml-msdata">
    <xs:element name="NewDataSet" msdata:IsDataSet="true" msdata:MainDataTable="marketintervaldetail" msdata:UseCurrentLocale="true">
      <xs:complexType>
        <xs:choice minOccurs="0" maxOccurs="unbounded">
          <xs:element name="marketintervaldetail">
            <xs:complexType>
              <xs:sequence>
                <xs:element name="Data" type="xs:string" minOccurs="0" />
                <xs:element name="Mercato" type="xs:string" minOccurs="0" />
                <xs:element name="Ora" type="xs:string" minOccurs="0" />
                <xs:element name="Totale" type="xs:string" minOccurs="0" />
                <xs:element name="CNOR" type="xs:string" minOccurs="0" />
                <xs:element name="CSUD" type="xs:string" minOccurs="0" />
                <xs:element name="NORD" type="xs:string" minOccurs="0" />
                <xs:element name="SARD" type="xs:string" minOccurs="0" />
                <xs:element name="SICI" type="xs:string" minOccurs="0" />
                <xs:element name="SUD" type="xs:string" minOccurs="0" />
              </xs:sequence>
            </xs:complexType>
          </xs:element>
        </xs:choice>
      </xs:complexType>
    </xs:element>
  </xs:schema>
  <marketintervaldetail>
    <Data>20161023</Data>
    <Mercato>MGP</Mercato>
    <Ora>01</Ora>
    <Totale>24387</Totale>
    <CNOR>2980</CNOR>
    <CSUD>4109</CSUD>
    <NORD>12504</NORD>
    <SARD>803</SARD>
    <SICI>1740</SICI>
    <SUD>2251</SUD>
  </marketintervaldetail>
  <marketintervaldetail>
    <Data>20161023</Data>
    <Mercato>MGP</Mercato>
    <Ora>02</Ora>
    <Totale>22367</Totale>
    <CNOR>2622</CNOR>
    <CSUD>3793</CSUD>
    <NORD>11517</NORD>
    <SARD>759</SARD>
    <SICI>1610</SICI>
    <SUD>2066</SUD>
  </marketintervaldetail>
  <marketintervaldetail>
    <Data>20161023</Data>
    <Mercato>MGP</Mercato>
    <Ora>03</Ora>
    <Totale>21091</Totale>
    <CNOR>2395</CNOR>
    <CSUD>3540</CSUD>
    <NORD>10969</NORD>
    <SARD>733</SARD>
    <SICI>1531</SICI>
    <SUD>1923</SUD>
  </marketintervaldetail>
  <marketintervaldetail>
    <Data>20161023</Data>
    <Mercato>MGP</Mercato>
    <Ora>04</Ora>
    <Totale>20582</Totale>
    <CNOR>2189</CNOR>
    <CSUD>3384</CSUD>
    <NORD>10932</NORD>
    <SARD>723</SARD>
    <SICI>1484</SICI>
    <SUD>1870</SUD>
  </marketintervaldetail>
  <marketintervaldetail>
    <Data>20161023</Data>
    <Mercato>MGP</Mercato>
    <Ora>05</Ora>
    <Totale>20446</Totale>
    <CNOR>2088</CNOR>
    <CSUD>3347</CSUD>
    <NORD>10998</NORD>
    <SARD>724</SARD>
    <SICI>1454</SICI>
    <SUD>1835</SUD>
  </marketintervaldetail>
  <marketintervaldetail>
    <Data>20161023</Data>
    <Mercato>MGP</Mercato>
    <Ora>06</Ora>
    <Totale>20720</Totale>
    <CNOR>2101</CNOR>
    <CSUD>3374</CSUD>
    <NORD>11218</NORD>
    <SARD>721</SARD>
    <SICI>1459</SICI>
    <SUD>1847</SUD>
  </marketintervaldetail>
  <marketintervaldetail>
    <Data>20161023</Data>
    <Mercato>MGP</Mercato>
    <Ora>07</Ora>
    <Totale>21618</Totale>
    <CNOR>2228</CNOR>
    <CSUD>3562</CSUD>
    <NORD>11642</NORD>
    <SARD>739</SARD>
    <SICI>1531</SICI>
    <SUD>1916</SUD>
  </marketintervaldetail>
  <marketintervaldetail>
    <Data>20161023</Data>
    <Mercato>MGP</Mercato>
    <Ora>08</Ora>
    <Totale>22906</Totale>
    <CNOR>2490</CNOR>
    <CSUD>3722</CSUD>
    <NORD>12342</NORD>
    <SARD>796</SARD>
    <SICI>1600</SICI>
    <SUD>1956</SUD>
  </marketintervaldetail>
  <marketintervaldetail>
    <Data>20161023</Data>
    <Mercato>MGP</Mercato>
    <Ora>09</Ora>
    <Totale>24417</Totale>
    <CNOR>2821</CNOR>
    <CSUD>4050</CSUD>
    <NORD>12770</NORD>
    <SARD>835</SARD>
    <SICI>1751</SICI>
    <SUD>2190</SUD>
  </marketintervaldetail>
  <marketintervaldetail>
    <Data>20161023</Data>
    <Mercato>MGP</Mercato>
    <Ora>10</Ora>
    <Totale>26729</Totale>
    <CNOR>3462</CNOR>
    <CSUD>4442</CSUD>
    <NORD>13486</NORD>
    <SARD>868</SARD>
    <SICI>1924</SICI>
    <SUD>2547</SUD>
  </marketintervaldetail>
  <marketintervaldetail>
    <Data>20161023</Data>
    <Mercato>MGP</Mercato>
    <Ora>11</Ora>
    <Totale>27151</Totale>
    <CNOR>3626</CNOR>
    <CSUD>4644</CSUD>
    <NORD>13563</NORD>
    <SARD>854</SARD>
    <SICI>1921</SICI>
    <SUD>2543</SUD>
  </marketintervaldetail>
  <marketintervaldetail>
    <Data>20161023</Data>
    <Mercato>MGP</Mercato>
    <Ora>12</Ora>
    <Totale>27306</Totale>
    <CNOR>3873</CNOR>
    <CSUD>4713</CSUD>
    <NORD>13468</NORD>
    <SARD>851</SARD>
    <SICI>1917</SICI>
    <SUD>2484</SUD>
  </marketintervaldetail>
  <marketintervaldetail>
    <Data>20161023</Data>
    <Mercato>MGP</Mercato>
    <Ora>13</Ora>
    <Totale>27345</Totale>
    <CNOR>4058</CNOR>
    <CSUD>4773</CSUD>
    <NORD>13386</NORD>
    <SARD>839</SARD>
    <SICI>1956</SICI>
    <SUD>2333</SUD>
  </marketintervaldetail>
  <marketintervaldetail>
    <Data>20161023</Data>
    <Mercato>MGP</Mercato>
    <Ora>14</Ora>
    <Totale>26129</Totale>
    <CNOR>3766</CNOR>
    <CSUD>4605</CSUD>
    <NORD>12841</NORD>
    <SARD>797</SARD>
    <SICI>1836</SICI>
    <SUD>2284</SUD>
  </marketintervaldetail>
  <marketintervaldetail>
    <Data>20161023</Data>
    <Mercato>MGP</Mercato>
    <Ora>15</Ora>
    <Totale>24917</Totale>
    <CNOR>3288</CNOR>
    <CSUD>4337</CSUD>
    <NORD>12608</NORD>
    <SARD>760</SARD>
    <SICI>1733</SICI>
    <SUD>2191</SUD>
  </marketintervaldetail>
  <marketintervaldetail>
    <Data>20161023</Data>
    <Mercato>MGP</Mercato>
    <Ora>16</Ora>
    <Totale>24928</Totale>
    <CNOR>3133</CNOR>
    <CSUD>4283</CSUD>
    <NORD>12619</NORD>
    <SARD>754</SARD>
    <SICI>1806</SICI>
    <SUD>2333</SUD>
  </marketintervaldetail>
  <marketintervaldetail>
    <Data>20161023</Data>
    <Mercato>MGP</Mercato>
    <Ora>17</Ora>
    <Totale>24919</Totale>
    <CNOR>2881</CNOR>
    <CSUD>4303</CSUD>
    <NORD>12651</NORD>
    <SARD>793</SARD>
    <SICI>1887</SICI>
    <SUD>2404</SUD>
  </marketintervaldetail>
  <marketintervaldetail>
    <Data>20161023</Data>
    <Mercato>MGP</Mercato>
    <Ora>18</Ora>
    <Totale>25591</Totale>
    <CNOR>2994</CNOR>
    <CSUD>4352</CSUD>
    <NORD>13119</NORD>
    <SARD>836</SARD>
    <SICI>1915</SICI>
    <SUD>2375</SUD>
  </marketintervaldetail>
  <marketintervaldetail>
    <Data>20161023</Data>
    <Mercato>MGP</Mercato>
    <Ora>19</Ora>
    <Totale>28339</Totale>
    <CNOR>3367</CNOR>
    <CSUD>4701</CSUD>
    <NORD>14541</NORD>
    <SARD>900</SARD>
    <SICI>2021</SICI>
    <SUD>2809</SUD>
  </marketintervaldetail>
  <marketintervaldetail>
    <Data>20161023</Data>
    <Mercato>MGP</Mercato>
    <Ora>20</Ora>
    <Totale>31563</Totale>
    <CNOR>3603</CNOR>
    <CSUD>5248</CSUD>
    <NORD>16603</NORD>
    <SARD>1023</SARD>
    <SICI>2157</SICI>
    <SUD>2929</SUD>
  </marketintervaldetail>
  <marketintervaldetail>
    <Data>20161023</Data>
    <Mercato>MGP</Mercato>
    <Ora>21</Ora>
    <Totale>30891</Totale>
    <CNOR>3676</CNOR>
    <CSUD>5205</CSUD>
    <NORD>16017</NORD>
    <SARD>1028</SARD>
    <SICI>2136</SICI>
    <SUD>2829</SUD>
  </marketintervaldetail>
  <marketintervaldetail>
    <Data>20161023</Data>
    <Mercato>MGP</Mercato>
    <Ora>22</Ora>
    <Totale>29218</Totale>
    <CNOR>3778</CNOR>
    <CSUD>4944</CSUD>
    <NORD>14812</NORD>
    <SARD>974</SARD>
    <SICI>2005</SICI>
    <SUD>2705</SUD>
  </marketintervaldetail>
  <marketintervaldetail>
    <Data>20161023</Data>
    <Mercato>MGP</Mercato>
    <Ora>23</Ora>
    <Totale>27250</Totale>
    <CNOR>3851</CNOR>
    <CSUD>4638</CSUD>
    <NORD>13440</NORD>
    <SARD>910</SARD>
    <SICI>1865</SICI>
    <SUD>2546</SUD>
  </marketintervaldetail>
  <marketintervaldetail>
    <Data>20161023</Data>
    <Mercato>MGP</Mercato>
    <Ora>24</Ora>
    <Totale>24669</Totale>
    <CNOR>3602</CNOR>
    <CSUD>4159</CSUD>
    <NORD>12048</NORD>
    <SARD>846</SARD>
    <SICI>1715</SICI>
    <SUD>2299</SUD>
  </marketintervaldetail>
</NewDataSet>