<?xml version="1.0" standalone="yes"?>
<NewDataSet>
  <xs:schema id="NewDataSet" xmlns="" xmlns:xs="http://www.w3.org/2001/XMLSchema" xmlns:msdata="urn:schemas-microsoft-com:xml-msdata">
    <xs:element name="NewDataSet" msdata:IsDataSet="true" msdata:MainDataTable="marketintervaldetail" msdata:UseCurrentLocale="true">
      <xs:complexType>
        <xs:choice minOccurs="0" maxOccurs="unbounded">
          <xs:element name="marketintervaldetail">
            <xs:complexType>
              <xs:sequence>
                <xs:element name="Data" type="xs:string" minOccurs="0" />
                <xs:element name="Mercato" type="xs:string" minOccurs="0" />
                <xs:element name="Ora" type="xs:string" minOccurs="0" />
                <xs:element name="Totale" type="xs:string" minOccurs="0" />
                <xs:element name="CNOR" type="xs:string" minOccurs="0" />
                <xs:element name="CSUD" type="xs:string" minOccurs="0" />
                <xs:element name="NORD" type="xs:string" minOccurs="0" />
                <xs:element name="SARD" type="xs:string" minOccurs="0" />
                <xs:element name="SICI" type="xs:string" minOccurs="0" />
                <xs:element name="SUD" type="xs:string" minOccurs="0" />
              </xs:sequence>
            </xs:complexType>
          </xs:element>
        </xs:choice>
      </xs:complexType>
    </xs:element>
  </xs:schema>
  <marketintervaldetail>
    <Data>20161019</Data>
    <Mercato>MGP</Mercato>
    <Ora>01</Ora>
    <Totale>26830</Totale>
    <CNOR>3390</CNOR>
    <CSUD>4063</CSUD>
    <NORD>14833</NORD>
    <SARD>807</SARD>
    <SICI>1613</SICI>
    <SUD>2124</SUD>
  </marketintervaldetail>
  <marketintervaldetail>
    <Data>20161019</Data>
    <Mercato>MGP</Mercato>
    <Ora>02</Ora>
    <Totale>25094</Totale>
    <CNOR>3010</CNOR>
    <CSUD>3724</CSUD>
    <NORD>14043</NORD>
    <SARD>772</SARD>
    <SICI>1508</SICI>
    <SUD>2037</SUD>
  </marketintervaldetail>
  <marketintervaldetail>
    <Data>20161019</Data>
    <Mercato>MGP</Mercato>
    <Ora>03</Ora>
    <Totale>24190</Totale>
    <CNOR>2850</CNOR>
    <CSUD>3535</CSUD>
    <NORD>13595</NORD>
    <SARD>760</SARD>
    <SICI>1465</SICI>
    <SUD>1985</SUD>
  </marketintervaldetail>
  <marketintervaldetail>
    <Data>20161019</Data>
    <Mercato>MGP</Mercato>
    <Ora>04</Ora>
    <Totale>23944</Totale>
    <CNOR>2709</CNOR>
    <CSUD>3482</CSUD>
    <NORD>13576</NORD>
    <SARD>753</SARD>
    <SICI>1442</SICI>
    <SUD>1982</SUD>
  </marketintervaldetail>
  <marketintervaldetail>
    <Data>20161019</Data>
    <Mercato>MGP</Mercato>
    <Ora>05</Ora>
    <Totale>24060</Totale>
    <CNOR>2569</CNOR>
    <CSUD>3470</CSUD>
    <NORD>13804</NORD>
    <SARD>749</SARD>
    <SICI>1445</SICI>
    <SUD>2023</SUD>
  </marketintervaldetail>
  <marketintervaldetail>
    <Data>20161019</Data>
    <Mercato>MGP</Mercato>
    <Ora>06</Ora>
    <Totale>25377</Totale>
    <CNOR>2761</CNOR>
    <CSUD>3647</CSUD>
    <NORD>14566</NORD>
    <SARD>768</SARD>
    <SICI>1497</SICI>
    <SUD>2138</SUD>
  </marketintervaldetail>
  <marketintervaldetail>
    <Data>20161019</Data>
    <Mercato>MGP</Mercato>
    <Ora>07</Ora>
    <Totale>29653</Totale>
    <CNOR>3322</CNOR>
    <CSUD>4245</CSUD>
    <NORD>17222</NORD>
    <SARD>831</SARD>
    <SICI>1656</SICI>
    <SUD>2377</SUD>
  </marketintervaldetail>
  <marketintervaldetail>
    <Data>20161019</Data>
    <Mercato>MGP</Mercato>
    <Ora>08</Ora>
    <Totale>35486</Totale>
    <CNOR>4099</CNOR>
    <CSUD>4835</CSUD>
    <NORD>21106</NORD>
    <SARD>950</SARD>
    <SICI>1817</SICI>
    <SUD>2679</SUD>
  </marketintervaldetail>
  <marketintervaldetail>
    <Data>20161019</Data>
    <Mercato>MGP</Mercato>
    <Ora>09</Ora>
    <Totale>38726</Totale>
    <CNOR>4556</CNOR>
    <CSUD>5228</CSUD>
    <NORD>23177</NORD>
    <SARD>986</SARD>
    <SICI>1979</SICI>
    <SUD>2800</SUD>
  </marketintervaldetail>
  <marketintervaldetail>
    <Data>20161019</Data>
    <Mercato>MGP</Mercato>
    <Ora>10</Ora>
    <Totale>40289</Totale>
    <CNOR>5016</CNOR>
    <CSUD>5574</CSUD>
    <NORD>23829</NORD>
    <SARD>986</SARD>
    <SICI>2094</SICI>
    <SUD>2790</SUD>
  </marketintervaldetail>
  <marketintervaldetail>
    <Data>20161019</Data>
    <Mercato>MGP</Mercato>
    <Ora>11</Ora>
    <Totale>39574</Totale>
    <CNOR>4839</CNOR>
    <CSUD>5616</CSUD>
    <NORD>23260</NORD>
    <SARD>980</SARD>
    <SICI>2050</SICI>
    <SUD>2829</SUD>
  </marketintervaldetail>
  <marketintervaldetail>
    <Data>20161019</Data>
    <Mercato>MGP</Mercato>
    <Ora>12</Ora>
    <Totale>39109</Totale>
    <CNOR>4812</CNOR>
    <CSUD>5462</CSUD>
    <NORD>22967</NORD>
    <SARD>936</SARD>
    <SICI>2046</SICI>
    <SUD>2886</SUD>
  </marketintervaldetail>
  <marketintervaldetail>
    <Data>20161019</Data>
    <Mercato>MGP</Mercato>
    <Ora>13</Ora>
    <Totale>36740</Totale>
    <CNOR>4535</CNOR>
    <CSUD>5415</CSUD>
    <NORD>20954</NORD>
    <SARD>955</SARD>
    <SICI>2008</SICI>
    <SUD>2873</SUD>
  </marketintervaldetail>
  <marketintervaldetail>
    <Data>20161019</Data>
    <Mercato>MGP</Mercato>
    <Ora>14</Ora>
    <Totale>35675</Totale>
    <CNOR>4322</CNOR>
    <CSUD>5241</CSUD>
    <NORD>20687</NORD>
    <SARD>933</SARD>
    <SICI>1884</SICI>
    <SUD>2608</SUD>
  </marketintervaldetail>
  <marketintervaldetail>
    <Data>20161019</Data>
    <Mercato>MGP</Mercato>
    <Ora>15</Ora>
    <Totale>36635</Totale>
    <CNOR>4631</CNOR>
    <CSUD>5113</CSUD>
    <NORD>21485</NORD>
    <SARD>909</SARD>
    <SICI>1910</SICI>
    <SUD>2587</SUD>
  </marketintervaldetail>
  <marketintervaldetail>
    <Data>20161019</Data>
    <Mercato>MGP</Mercato>
    <Ora>16</Ora>
    <Totale>37197</Totale>
    <CNOR>4761</CNOR>
    <CSUD>5265</CSUD>
    <NORD>21655</NORD>
    <SARD>920</SARD>
    <SICI>1917</SICI>
    <SUD>2679</SUD>
  </marketintervaldetail>
  <marketintervaldetail>
    <Data>20161019</Data>
    <Mercato>MGP</Mercato>
    <Ora>17</Ora>
    <Totale>37194</Totale>
    <CNOR>4826</CNOR>
    <CSUD>5131</CSUD>
    <NORD>21530</NORD>
    <SARD>927</SARD>
    <SICI>1947</SICI>
    <SUD>2833</SUD>
  </marketintervaldetail>
  <marketintervaldetail>
    <Data>20161019</Data>
    <Mercato>MGP</Mercato>
    <Ora>18</Ora>
    <Totale>37356</Totale>
    <CNOR>4684</CNOR>
    <CSUD>5276</CSUD>
    <NORD>21604</NORD>
    <SARD>939</SARD>
    <SICI>2096</SICI>
    <SUD>2757</SUD>
  </marketintervaldetail>
  <marketintervaldetail>
    <Data>20161019</Data>
    <Mercato>MGP</Mercato>
    <Ora>19</Ora>
    <Totale>39108</Totale>
    <CNOR>4668</CNOR>
    <CSUD>5904</CSUD>
    <NORD>22071</NORD>
    <SARD>1042</SARD>
    <SICI>2294</SICI>
    <SUD>3129</SUD>
  </marketintervaldetail>
  <marketintervaldetail>
    <Data>20161019</Data>
    <Mercato>MGP</Mercato>
    <Ora>20</Ora>
    <Totale>41567</Totale>
    <CNOR>4662</CNOR>
    <CSUD>6480</CSUD>
    <NORD>23372</NORD>
    <SARD>1118</SARD>
    <SICI>2517</SICI>
    <SUD>3418</SUD>
  </marketintervaldetail>
  <marketintervaldetail>
    <Data>20161019</Data>
    <Mercato>MGP</Mercato>
    <Ora>21</Ora>
    <Totale>39918</Totale>
    <CNOR>4405</CNOR>
    <CSUD>6249</CSUD>
    <NORD>22225</NORD>
    <SARD>1101</SARD>
    <SICI>2396</SICI>
    <SUD>3542</SUD>
  </marketintervaldetail>
  <marketintervaldetail>
    <Data>20161019</Data>
    <Mercato>MGP</Mercato>
    <Ora>22</Ora>
    <Totale>37017</Totale>
    <CNOR>4104</CNOR>
    <CSUD>5729</CSUD>
    <NORD>20698</NORD>
    <SARD>1044</SARD>
    <SICI>2194</SICI>
    <SUD>3248</SUD>
  </marketintervaldetail>
  <marketintervaldetail>
    <Data>20161019</Data>
    <Mercato>MGP</Mercato>
    <Ora>23</Ora>
    <Totale>33152</Totale>
    <CNOR>3730</CNOR>
    <CSUD>5177</CSUD>
    <NORD>18419</NORD>
    <SARD>953</SARD>
    <SICI>2022</SICI>
    <SUD>2851</SUD>
  </marketintervaldetail>
  <marketintervaldetail>
    <Data>20161019</Data>
    <Mercato>MGP</Mercato>
    <Ora>24</Ora>
    <Totale>29203</Totale>
    <CNOR>3322</CNOR>
    <CSUD>4505</CSUD>
    <NORD>16165</NORD>
    <SARD>886</SARD>
    <SICI>1802</SICI>
    <SUD>2523</SUD>
  </marketintervaldetail>
</NewDataSet>