<?xml version="1.0" standalone="yes"?>
<NewDataSet>
  <xs:schema id="NewDataSet" xmlns="" xmlns:xs="http://www.w3.org/2001/XMLSchema" xmlns:msdata="urn:schemas-microsoft-com:xml-msdata">
    <xs:element name="NewDataSet" msdata:IsDataSet="true" msdata:MainDataTable="marketintervaldetail" msdata:UseCurrentLocale="true">
      <xs:complexType>
        <xs:choice minOccurs="0" maxOccurs="unbounded">
          <xs:element name="marketintervaldetail">
            <xs:complexType>
              <xs:sequence>
                <xs:element name="Data" type="xs:string" minOccurs="0" />
                <xs:element name="Mercato" type="xs:string" minOccurs="0" />
                <xs:element name="Ora" type="xs:string" minOccurs="0" />
                <xs:element name="Totale" type="xs:string" minOccurs="0" />
                <xs:element name="CNOR" type="xs:string" minOccurs="0" />
                <xs:element name="CSUD" type="xs:string" minOccurs="0" />
                <xs:element name="NORD" type="xs:string" minOccurs="0" />
                <xs:element name="SARD" type="xs:string" minOccurs="0" />
                <xs:element name="SICI" type="xs:string" minOccurs="0" />
                <xs:element name="SUD" type="xs:string" minOccurs="0" />
              </xs:sequence>
            </xs:complexType>
          </xs:element>
        </xs:choice>
      </xs:complexType>
    </xs:element>
  </xs:schema>
  <marketintervaldetail>
    <Data>20161022</Data>
    <Mercato>MGP</Mercato>
    <Ora>01</Ora>
    <Totale>27306</Totale>
    <CNOR>3702</CNOR>
    <CSUD>4194</CSUD>
    <NORD>14523</NORD>
    <SARD>827</SARD>
    <SICI>1675</SICI>
    <SUD>2385</SUD>
  </marketintervaldetail>
  <marketintervaldetail>
    <Data>20161022</Data>
    <Mercato>MGP</Mercato>
    <Ora>02</Ora>
    <Totale>25301</Totale>
    <CNOR>3493</CNOR>
    <CSUD>3915</CSUD>
    <NORD>13363</NORD>
    <SARD>784</SARD>
    <SICI>1552</SICI>
    <SUD>2194</SUD>
  </marketintervaldetail>
  <marketintervaldetail>
    <Data>20161022</Data>
    <Mercato>MGP</Mercato>
    <Ora>03</Ora>
    <Totale>24035</Totale>
    <CNOR>3335</CNOR>
    <CSUD>3703</CSUD>
    <NORD>12672</NORD>
    <SARD>761</SARD>
    <SICI>1466</SICI>
    <SUD>2098</SUD>
  </marketintervaldetail>
  <marketintervaldetail>
    <Data>20161022</Data>
    <Mercato>MGP</Mercato>
    <Ora>04</Ora>
    <Totale>23447</Totale>
    <CNOR>3251</CNOR>
    <CSUD>3659</CSUD>
    <NORD>12306</NORD>
    <SARD>752</SARD>
    <SICI>1456</SICI>
    <SUD>2023</SUD>
  </marketintervaldetail>
  <marketintervaldetail>
    <Data>20161022</Data>
    <Mercato>MGP</Mercato>
    <Ora>05</Ora>
    <Totale>23518</Totale>
    <CNOR>3252</CNOR>
    <CSUD>3597</CSUD>
    <NORD>12422</NORD>
    <SARD>743</SARD>
    <SICI>1477</SICI>
    <SUD>2027</SUD>
  </marketintervaldetail>
  <marketintervaldetail>
    <Data>20161022</Data>
    <Mercato>MGP</Mercato>
    <Ora>06</Ora>
    <Totale>23782</Totale>
    <CNOR>3301</CNOR>
    <CSUD>3684</CSUD>
    <NORD>12504</NORD>
    <SARD>751</SARD>
    <SICI>1517</SICI>
    <SUD>2025</SUD>
  </marketintervaldetail>
  <marketintervaldetail>
    <Data>20161022</Data>
    <Mercato>MGP</Mercato>
    <Ora>07</Ora>
    <Totale>25733</Totale>
    <CNOR>3224</CNOR>
    <CSUD>3948</CSUD>
    <NORD>13860</NORD>
    <SARD>801</SARD>
    <SICI>1644</SICI>
    <SUD>2256</SUD>
  </marketintervaldetail>
  <marketintervaldetail>
    <Data>20161022</Data>
    <Mercato>MGP</Mercato>
    <Ora>08</Ora>
    <Totale>28719</Totale>
    <CNOR>3552</CNOR>
    <CSUD>4422</CSUD>
    <NORD>15601</NORD>
    <SARD>890</SARD>
    <SICI>1797</SICI>
    <SUD>2457</SUD>
  </marketintervaldetail>
  <marketintervaldetail>
    <Data>20161022</Data>
    <Mercato>MGP</Mercato>
    <Ora>09</Ora>
    <Totale>30999</Totale>
    <CNOR>3829</CNOR>
    <CSUD>4868</CSUD>
    <NORD>16656</NORD>
    <SARD>936</SARD>
    <SICI>1959</SICI>
    <SUD>2751</SUD>
  </marketintervaldetail>
  <marketintervaldetail>
    <Data>20161022</Data>
    <Mercato>MGP</Mercato>
    <Ora>10</Ora>
    <Totale>32741</Totale>
    <CNOR>3995</CNOR>
    <CSUD>5453</CSUD>
    <NORD>17331</NORD>
    <SARD>975</SARD>
    <SICI>2077</SICI>
    <SUD>2910</SUD>
  </marketintervaldetail>
  <marketintervaldetail>
    <Data>20161022</Data>
    <Mercato>MGP</Mercato>
    <Ora>11</Ora>
    <Totale>32456</Totale>
    <CNOR>4018</CNOR>
    <CSUD>5532</CSUD>
    <NORD>17025</NORD>
    <SARD>945</SARD>
    <SICI>2122</SICI>
    <SUD>2814</SUD>
  </marketintervaldetail>
  <marketintervaldetail>
    <Data>20161022</Data>
    <Mercato>MGP</Mercato>
    <Ora>12</Ora>
    <Totale>31316</Totale>
    <CNOR>3806</CNOR>
    <CSUD>5354</CSUD>
    <NORD>16333</NORD>
    <SARD>927</SARD>
    <SICI>2006</SICI>
    <SUD>2890</SUD>
  </marketintervaldetail>
  <marketintervaldetail>
    <Data>20161022</Data>
    <Mercato>MGP</Mercato>
    <Ora>13</Ora>
    <Totale>29323</Totale>
    <CNOR>3651</CNOR>
    <CSUD>5299</CSUD>
    <NORD>14962</NORD>
    <SARD>890</SARD>
    <SICI>1907</SICI>
    <SUD>2614</SUD>
  </marketintervaldetail>
  <marketintervaldetail>
    <Data>20161022</Data>
    <Mercato>MGP</Mercato>
    <Ora>14</Ora>
    <Totale>27968</Totale>
    <CNOR>3553</CNOR>
    <CSUD>5056</CSUD>
    <NORD>14117</NORD>
    <SARD>880</SARD>
    <SICI>1808</SICI>
    <SUD>2554</SUD>
  </marketintervaldetail>
  <marketintervaldetail>
    <Data>20161022</Data>
    <Mercato>MGP</Mercato>
    <Ora>15</Ora>
    <Totale>27047</Totale>
    <CNOR>3388</CNOR>
    <CSUD>4904</CSUD>
    <NORD>13819</NORD>
    <SARD>804</SARD>
    <SICI>1824</SICI>
    <SUD>2308</SUD>
  </marketintervaldetail>
  <marketintervaldetail>
    <Data>20161022</Data>
    <Mercato>MGP</Mercato>
    <Ora>16</Ora>
    <Totale>27210</Totale>
    <CNOR>3493</CNOR>
    <CSUD>5016</CSUD>
    <NORD>13609</NORD>
    <SARD>758</SARD>
    <SICI>1907</SICI>
    <SUD>2427</SUD>
  </marketintervaldetail>
  <marketintervaldetail>
    <Data>20161022</Data>
    <Mercato>MGP</Mercato>
    <Ora>17</Ora>
    <Totale>28283</Totale>
    <CNOR>3144</CNOR>
    <CSUD>5111</CSUD>
    <NORD>14445</NORD>
    <SARD>851</SARD>
    <SICI>2022</SICI>
    <SUD>2710</SUD>
  </marketintervaldetail>
  <marketintervaldetail>
    <Data>20161022</Data>
    <Mercato>MGP</Mercato>
    <Ora>18</Ora>
    <Totale>29165</Totale>
    <CNOR>3336</CNOR>
    <CSUD>5048</CSUD>
    <NORD>14985</NORD>
    <SARD>902</SARD>
    <SICI>2093</SICI>
    <SUD>2801</SUD>
  </marketintervaldetail>
  <marketintervaldetail>
    <Data>20161022</Data>
    <Mercato>MGP</Mercato>
    <Ora>19</Ora>
    <Totale>32219</Totale>
    <CNOR>3844</CNOR>
    <CSUD>5408</CSUD>
    <NORD>16652</NORD>
    <SARD>939</SARD>
    <SICI>2318</SICI>
    <SUD>3058</SUD>
  </marketintervaldetail>
  <marketintervaldetail>
    <Data>20161022</Data>
    <Mercato>MGP</Mercato>
    <Ora>20</Ora>
    <Totale>35189</Totale>
    <CNOR>3970</CNOR>
    <CSUD>5911</CSUD>
    <NORD>18475</NORD>
    <SARD>1050</SARD>
    <SICI>2476</SICI>
    <SUD>3307</SUD>
  </marketintervaldetail>
  <marketintervaldetail>
    <Data>20161022</Data>
    <Mercato>MGP</Mercato>
    <Ora>21</Ora>
    <Totale>33340</Totale>
    <CNOR>3774</CNOR>
    <CSUD>5657</CSUD>
    <NORD>17194</NORD>
    <SARD>1043</SARD>
    <SICI>2388</SICI>
    <SUD>3284</SUD>
  </marketintervaldetail>
  <marketintervaldetail>
    <Data>20161022</Data>
    <Mercato>MGP</Mercato>
    <Ora>22</Ora>
    <Totale>30771</Totale>
    <CNOR>3840</CNOR>
    <CSUD>5179</CSUD>
    <NORD>15573</NORD>
    <SARD>964</SARD>
    <SICI>2195</SICI>
    <SUD>3020</SUD>
  </marketintervaldetail>
  <marketintervaldetail>
    <Data>20161022</Data>
    <Mercato>MGP</Mercato>
    <Ora>23</Ora>
    <Totale>28397</Totale>
    <CNOR>3518</CNOR>
    <CSUD>4812</CSUD>
    <NORD>14434</NORD>
    <SARD>923</SARD>
    <SICI>1994</SICI>
    <SUD>2716</SUD>
  </marketintervaldetail>
  <marketintervaldetail>
    <Data>20161022</Data>
    <Mercato>MGP</Mercato>
    <Ora>24</Ora>
    <Totale>26015</Totale>
    <CNOR>3270</CNOR>
    <CSUD>4464</CSUD>
    <NORD>13131</NORD>
    <SARD>873</SARD>
    <SICI>1844</SICI>
    <SUD>2433</SUD>
  </marketintervaldetail>
</NewDataSet>