<?xml version="1.0" standalone="yes"?>
<NewDataSet>
  <xs:schema id="NewDataSet" xmlns="" xmlns:xs="http://www.w3.org/2001/XMLSchema" xmlns:msdata="urn:schemas-microsoft-com:xml-msdata">
    <xs:element name="NewDataSet" msdata:IsDataSet="true" msdata:MainDataTable="marketintervaldetail" msdata:UseCurrentLocale="true">
      <xs:complexType>
        <xs:choice minOccurs="0" maxOccurs="unbounded">
          <xs:element name="marketintervaldetail">
            <xs:complexType>
              <xs:sequence>
                <xs:element name="Data" type="xs:string" minOccurs="0" />
                <xs:element name="Mercato" type="xs:string" minOccurs="0" />
                <xs:element name="Ora" type="xs:string" minOccurs="0" />
                <xs:element name="Totale" type="xs:string" minOccurs="0" />
                <xs:element name="CNOR" type="xs:string" minOccurs="0" />
                <xs:element name="CSUD" type="xs:string" minOccurs="0" />
                <xs:element name="NORD" type="xs:string" minOccurs="0" />
                <xs:element name="SARD" type="xs:string" minOccurs="0" />
                <xs:element name="SICI" type="xs:string" minOccurs="0" />
                <xs:element name="SUD" type="xs:string" minOccurs="0" />
              </xs:sequence>
            </xs:complexType>
          </xs:element>
        </xs:choice>
      </xs:complexType>
    </xs:element>
  </xs:schema>
  <marketintervaldetail>
    <Data>20161009</Data>
    <Mercato>MGP</Mercato>
    <Ora>01</Ora>
    <Totale>24089</Totale>
    <CNOR>2536</CNOR>
    <CSUD>3965</CSUD>
    <NORD>12792</NORD>
    <SARD>868</SARD>
    <SICI>1689</SICI>
    <SUD>2239</SUD>
  </marketintervaldetail>
  <marketintervaldetail>
    <Data>20161009</Data>
    <Mercato>MGP</Mercato>
    <Ora>02</Ora>
    <Totale>22507</Totale>
    <CNOR>2368</CNOR>
    <CSUD>3616</CSUD>
    <NORD>11976</NORD>
    <SARD>830</SARD>
    <SICI>1588</SICI>
    <SUD>2129</SUD>
  </marketintervaldetail>
  <marketintervaldetail>
    <Data>20161009</Data>
    <Mercato>MGP</Mercato>
    <Ora>03</Ora>
    <Totale>21469</Totale>
    <CNOR>2248</CNOR>
    <CSUD>3433</CSUD>
    <NORD>11498</NORD>
    <SARD>810</SARD>
    <SICI>1476</SICI>
    <SUD>2004</SUD>
  </marketintervaldetail>
  <marketintervaldetail>
    <Data>20161009</Data>
    <Mercato>MGP</Mercato>
    <Ora>04</Ora>
    <Totale>20932</Totale>
    <CNOR>2183</CNOR>
    <CSUD>3341</CSUD>
    <NORD>11269</NORD>
    <SARD>798</SARD>
    <SICI>1410</SICI>
    <SUD>1931</SUD>
  </marketintervaldetail>
  <marketintervaldetail>
    <Data>20161009</Data>
    <Mercato>MGP</Mercato>
    <Ora>05</Ora>
    <Totale>20856</Totale>
    <CNOR>2180</CNOR>
    <CSUD>3296</CSUD>
    <NORD>11303</NORD>
    <SARD>781</SARD>
    <SICI>1397</SICI>
    <SUD>1899</SUD>
  </marketintervaldetail>
  <marketintervaldetail>
    <Data>20161009</Data>
    <Mercato>MGP</Mercato>
    <Ora>06</Ora>
    <Totale>21205</Totale>
    <CNOR>2221</CNOR>
    <CSUD>3325</CSUD>
    <NORD>11504</NORD>
    <SARD>787</SARD>
    <SICI>1413</SICI>
    <SUD>1955</SUD>
  </marketintervaldetail>
  <marketintervaldetail>
    <Data>20161009</Data>
    <Mercato>MGP</Mercato>
    <Ora>07</Ora>
    <Totale>22126</Totale>
    <CNOR>2225</CNOR>
    <CSUD>3515</CSUD>
    <NORD>12010</NORD>
    <SARD>820</SARD>
    <SICI>1513</SICI>
    <SUD>2043</SUD>
  </marketintervaldetail>
  <marketintervaldetail>
    <Data>20161009</Data>
    <Mercato>MGP</Mercato>
    <Ora>08</Ora>
    <Totale>22991</Totale>
    <CNOR>2260</CNOR>
    <CSUD>3710</CSUD>
    <NORD>12603</NORD>
    <SARD>849</SARD>
    <SICI>1545</SICI>
    <SUD>2024</SUD>
  </marketintervaldetail>
  <marketintervaldetail>
    <Data>20161009</Data>
    <Mercato>MGP</Mercato>
    <Ora>09</Ora>
    <Totale>24211</Totale>
    <CNOR>2440</CNOR>
    <CSUD>4031</CSUD>
    <NORD>12917</NORD>
    <SARD>886</SARD>
    <SICI>1665</SICI>
    <SUD>2272</SUD>
  </marketintervaldetail>
  <marketintervaldetail>
    <Data>20161009</Data>
    <Mercato>MGP</Mercato>
    <Ora>10</Ora>
    <Totale>25893</Totale>
    <CNOR>2639</CNOR>
    <CSUD>4329</CSUD>
    <NORD>13580</NORD>
    <SARD>927</SARD>
    <SICI>1740</SICI>
    <SUD>2678</SUD>
  </marketintervaldetail>
  <marketintervaldetail>
    <Data>20161009</Data>
    <Mercato>MGP</Mercato>
    <Ora>11</Ora>
    <Totale>26920</Totale>
    <CNOR>2650</CNOR>
    <CSUD>4643</CSUD>
    <NORD>14081</NORD>
    <SARD>932</SARD>
    <SICI>1804</SICI>
    <SUD>2810</SUD>
  </marketintervaldetail>
  <marketintervaldetail>
    <Data>20161009</Data>
    <Mercato>MGP</Mercato>
    <Ora>12</Ora>
    <Totale>27281</Totale>
    <CNOR>2686</CNOR>
    <CSUD>4797</CSUD>
    <NORD>14011</NORD>
    <SARD>908</SARD>
    <SICI>1841</SICI>
    <SUD>3038</SUD>
  </marketintervaldetail>
  <marketintervaldetail>
    <Data>20161009</Data>
    <Mercato>MGP</Mercato>
    <Ora>13</Ora>
    <Totale>26701</Totale>
    <CNOR>2807</CNOR>
    <CSUD>4864</CSUD>
    <NORD>13692</NORD>
    <SARD>859</SARD>
    <SICI>1816</SICI>
    <SUD>2663</SUD>
  </marketintervaldetail>
  <marketintervaldetail>
    <Data>20161009</Data>
    <Mercato>MGP</Mercato>
    <Ora>14</Ora>
    <Totale>25308</Totale>
    <CNOR>2714</CNOR>
    <CSUD>4349</CSUD>
    <NORD>13191</NORD>
    <SARD>811</SARD>
    <SICI>1690</SICI>
    <SUD>2553</SUD>
  </marketintervaldetail>
  <marketintervaldetail>
    <Data>20161009</Data>
    <Mercato>MGP</Mercato>
    <Ora>15</Ora>
    <Totale>24523</Totale>
    <CNOR>2829</CNOR>
    <CSUD>3820</CSUD>
    <NORD>12988</NORD>
    <SARD>800</SARD>
    <SICI>1655</SICI>
    <SUD>2431</SUD>
  </marketintervaldetail>
  <marketintervaldetail>
    <Data>20161009</Data>
    <Mercato>MGP</Mercato>
    <Ora>16</Ora>
    <Totale>24257</Totale>
    <CNOR>2813</CNOR>
    <CSUD>3783</CSUD>
    <NORD>12887</NORD>
    <SARD>800</SARD>
    <SICI>1686</SICI>
    <SUD>2288</SUD>
  </marketintervaldetail>
  <marketintervaldetail>
    <Data>20161009</Data>
    <Mercato>MGP</Mercato>
    <Ora>17</Ora>
    <Totale>24386</Totale>
    <CNOR>2914</CNOR>
    <CSUD>3837</CSUD>
    <NORD>12670</NORD>
    <SARD>805</SARD>
    <SICI>1774</SICI>
    <SUD>2386</SUD>
  </marketintervaldetail>
  <marketintervaldetail>
    <Data>20161009</Data>
    <Mercato>MGP</Mercato>
    <Ora>18</Ora>
    <Totale>25250</Totale>
    <CNOR>2948</CNOR>
    <CSUD>3931</CSUD>
    <NORD>13212</NORD>
    <SARD>841</SARD>
    <SICI>1807</SICI>
    <SUD>2511</SUD>
  </marketintervaldetail>
  <marketintervaldetail>
    <Data>20161009</Data>
    <Mercato>MGP</Mercato>
    <Ora>19</Ora>
    <Totale>27639</Totale>
    <CNOR>3107</CNOR>
    <CSUD>4245</CSUD>
    <NORD>14601</NORD>
    <SARD>898</SARD>
    <SICI>1880</SICI>
    <SUD>2908</SUD>
  </marketintervaldetail>
  <marketintervaldetail>
    <Data>20161009</Data>
    <Mercato>MGP</Mercato>
    <Ora>20</Ora>
    <Totale>31680</Totale>
    <CNOR>3458</CNOR>
    <CSUD>4980</CSUD>
    <NORD>16960</NORD>
    <SARD>1024</SARD>
    <SICI>2125</SICI>
    <SUD>3133</SUD>
  </marketintervaldetail>
  <marketintervaldetail>
    <Data>20161009</Data>
    <Mercato>MGP</Mercato>
    <Ora>21</Ora>
    <Totale>31267</Totale>
    <CNOR>3433</CNOR>
    <CSUD>4955</CSUD>
    <NORD>16530</NORD>
    <SARD>1062</SARD>
    <SICI>2140</SICI>
    <SUD>3147</SUD>
  </marketintervaldetail>
  <marketintervaldetail>
    <Data>20161009</Data>
    <Mercato>MGP</Mercato>
    <Ora>22</Ora>
    <Totale>29596</Totale>
    <CNOR>3276</CNOR>
    <CSUD>4675</CSUD>
    <NORD>15625</NORD>
    <SARD>1017</SARD>
    <SICI>2027</SICI>
    <SUD>2976</SUD>
  </marketintervaldetail>
  <marketintervaldetail>
    <Data>20161009</Data>
    <Mercato>MGP</Mercato>
    <Ora>23</Ora>
    <Totale>27653</Totale>
    <CNOR>3062</CNOR>
    <CSUD>4312</CSUD>
    <NORD>14570</NORD>
    <SARD>958</SARD>
    <SICI>1879</SICI>
    <SUD>2872</SUD>
  </marketintervaldetail>
  <marketintervaldetail>
    <Data>20161009</Data>
    <Mercato>MGP</Mercato>
    <Ora>24</Ora>
    <Totale>25281</Totale>
    <CNOR>2756</CNOR>
    <CSUD>3922</CSUD>
    <NORD>13353</NORD>
    <SARD>907</SARD>
    <SICI>1732</SICI>
    <SUD>2611</SUD>
  </marketintervaldetail>
</NewDataSet>