<?xml version="1.0" standalone="yes"?>
<NewDataSet>
  <xs:schema id="NewDataSet" xmlns="" xmlns:xs="http://www.w3.org/2001/XMLSchema" xmlns:msdata="urn:schemas-microsoft-com:xml-msdata">
    <xs:element name="NewDataSet" msdata:IsDataSet="true" msdata:MainDataTable="marketintervaldetail" msdata:UseCurrentLocale="true">
      <xs:complexType>
        <xs:choice minOccurs="0" maxOccurs="unbounded">
          <xs:element name="marketintervaldetail">
            <xs:complexType>
              <xs:sequence>
                <xs:element name="Data" type="xs:string" minOccurs="0" />
                <xs:element name="Mercato" type="xs:string" minOccurs="0" />
                <xs:element name="Ora" type="xs:string" minOccurs="0" />
                <xs:element name="Totale" type="xs:string" minOccurs="0" />
                <xs:element name="CNOR" type="xs:string" minOccurs="0" />
                <xs:element name="CSUD" type="xs:string" minOccurs="0" />
                <xs:element name="NORD" type="xs:string" minOccurs="0" />
                <xs:element name="SARD" type="xs:string" minOccurs="0" />
                <xs:element name="SICI" type="xs:string" minOccurs="0" />
                <xs:element name="SUD" type="xs:string" minOccurs="0" />
              </xs:sequence>
            </xs:complexType>
          </xs:element>
        </xs:choice>
      </xs:complexType>
    </xs:element>
  </xs:schema>
  <marketintervaldetail>
    <Data>20161010</Data>
    <Mercato>MGP</Mercato>
    <Ora>01</Ora>
    <Totale>22751</Totale>
    <CNOR>2693</CNOR>
    <CSUD>3762</CSUD>
    <NORD>11965</NORD>
    <SARD>802</SARD>
    <SICI>1474</SICI>
    <SUD>2055</SUD>
  </marketintervaldetail>
  <marketintervaldetail>
    <Data>20161010</Data>
    <Mercato>MGP</Mercato>
    <Ora>02</Ora>
    <Totale>21438</Totale>
    <CNOR>2485</CNOR>
    <CSUD>3481</CSUD>
    <NORD>11415</NORD>
    <SARD>762</SARD>
    <SICI>1379</SICI>
    <SUD>1916</SUD>
  </marketintervaldetail>
  <marketintervaldetail>
    <Data>20161010</Data>
    <Mercato>MGP</Mercato>
    <Ora>03</Ora>
    <Totale>20813</Totale>
    <CNOR>2443</CNOR>
    <CSUD>3347</CSUD>
    <NORD>11092</NORD>
    <SARD>760</SARD>
    <SICI>1309</SICI>
    <SUD>1862</SUD>
  </marketintervaldetail>
  <marketintervaldetail>
    <Data>20161010</Data>
    <Mercato>MGP</Mercato>
    <Ora>04</Ora>
    <Totale>20657</Totale>
    <CNOR>2445</CNOR>
    <CSUD>3218</CSUD>
    <NORD>11040</NORD>
    <SARD>756</SARD>
    <SICI>1297</SICI>
    <SUD>1901</SUD>
  </marketintervaldetail>
  <marketintervaldetail>
    <Data>20161010</Data>
    <Mercato>MGP</Mercato>
    <Ora>05</Ora>
    <Totale>20990</Totale>
    <CNOR>2457</CNOR>
    <CSUD>3229</CSUD>
    <NORD>11326</NORD>
    <SARD>755</SARD>
    <SICI>1293</SICI>
    <SUD>1930</SUD>
  </marketintervaldetail>
  <marketintervaldetail>
    <Data>20161010</Data>
    <Mercato>MGP</Mercato>
    <Ora>06</Ora>
    <Totale>22627</Totale>
    <CNOR>2641</CNOR>
    <CSUD>3434</CSUD>
    <NORD>12423</NORD>
    <SARD>773</SARD>
    <SICI>1348</SICI>
    <SUD>2008</SUD>
  </marketintervaldetail>
  <marketintervaldetail>
    <Data>20161010</Data>
    <Mercato>MGP</Mercato>
    <Ora>07</Ora>
    <Totale>27713</Totale>
    <CNOR>3297</CNOR>
    <CSUD>4073</CSUD>
    <NORD>15666</NORD>
    <SARD>859</SARD>
    <SICI>1505</SICI>
    <SUD>2313</SUD>
  </marketintervaldetail>
  <marketintervaldetail>
    <Data>20161010</Data>
    <Mercato>MGP</Mercato>
    <Ora>08</Ora>
    <Totale>33662</Totale>
    <CNOR>3882</CNOR>
    <CSUD>4677</CSUD>
    <NORD>19766</NORD>
    <SARD>957</SARD>
    <SICI>1731</SICI>
    <SUD>2649</SUD>
  </marketintervaldetail>
  <marketintervaldetail>
    <Data>20161010</Data>
    <Mercato>MGP</Mercato>
    <Ora>09</Ora>
    <Totale>37678</Totale>
    <CNOR>4406</CNOR>
    <CSUD>5066</CSUD>
    <NORD>22341</NORD>
    <SARD>993</SARD>
    <SICI>1889</SICI>
    <SUD>2983</SUD>
  </marketintervaldetail>
  <marketintervaldetail>
    <Data>20161010</Data>
    <Mercato>MGP</Mercato>
    <Ora>10</Ora>
    <Totale>39479</Totale>
    <CNOR>4682</CNOR>
    <CSUD>5312</CSUD>
    <NORD>23174</NORD>
    <SARD>984</SARD>
    <SICI>1950</SICI>
    <SUD>3377</SUD>
  </marketintervaldetail>
  <marketintervaldetail>
    <Data>20161010</Data>
    <Mercato>MGP</Mercato>
    <Ora>11</Ora>
    <Totale>39728</Totale>
    <CNOR>4721</CNOR>
    <CSUD>5559</CSUD>
    <NORD>22870</NORD>
    <SARD>977</SARD>
    <SICI>1990</SICI>
    <SUD>3611</SUD>
  </marketintervaldetail>
  <marketintervaldetail>
    <Data>20161010</Data>
    <Mercato>MGP</Mercato>
    <Ora>12</Ora>
    <Totale>39635</Totale>
    <CNOR>4710</CNOR>
    <CSUD>5600</CSUD>
    <NORD>22776</NORD>
    <SARD>935</SARD>
    <SICI>1975</SICI>
    <SUD>3639</SUD>
  </marketintervaldetail>
  <marketintervaldetail>
    <Data>20161010</Data>
    <Mercato>MGP</Mercato>
    <Ora>13</Ora>
    <Totale>37271</Totale>
    <CNOR>4455</CNOR>
    <CSUD>5679</CSUD>
    <NORD>21104</NORD>
    <SARD>920</SARD>
    <SICI>1928</SICI>
    <SUD>3185</SUD>
  </marketintervaldetail>
  <marketintervaldetail>
    <Data>20161010</Data>
    <Mercato>MGP</Mercato>
    <Ora>14</Ora>
    <Totale>36102</Totale>
    <CNOR>4350</CNOR>
    <CSUD>5600</CSUD>
    <NORD>20656</NORD>
    <SARD>875</SARD>
    <SICI>1857</SICI>
    <SUD>2764</SUD>
  </marketintervaldetail>
  <marketintervaldetail>
    <Data>20161010</Data>
    <Mercato>MGP</Mercato>
    <Ora>15</Ora>
    <Totale>36941</Totale>
    <CNOR>4583</CNOR>
    <CSUD>5762</CSUD>
    <NORD>21586</NORD>
    <SARD>827</SARD>
    <SICI>1846</SICI>
    <SUD>2337</SUD>
  </marketintervaldetail>
  <marketintervaldetail>
    <Data>20161010</Data>
    <Mercato>MGP</Mercato>
    <Ora>16</Ora>
    <Totale>37941</Totale>
    <CNOR>4632</CNOR>
    <CSUD>5900</CSUD>
    <NORD>22063</NORD>
    <SARD>879</SARD>
    <SICI>1902</SICI>
    <SUD>2565</SUD>
  </marketintervaldetail>
  <marketintervaldetail>
    <Data>20161010</Data>
    <Mercato>MGP</Mercato>
    <Ora>17</Ora>
    <Totale>38463</Totale>
    <CNOR>4605</CNOR>
    <CSUD>5772</CSUD>
    <NORD>22151</NORD>
    <SARD>903</SARD>
    <SICI>2074</SICI>
    <SUD>2958</SUD>
  </marketintervaldetail>
  <marketintervaldetail>
    <Data>20161010</Data>
    <Mercato>MGP</Mercato>
    <Ora>18</Ora>
    <Totale>37709</Totale>
    <CNOR>4439</CNOR>
    <CSUD>5475</CSUD>
    <NORD>21772</NORD>
    <SARD>928</SARD>
    <SICI>2095</SICI>
    <SUD>3000</SUD>
  </marketintervaldetail>
  <marketintervaldetail>
    <Data>20161010</Data>
    <Mercato>MGP</Mercato>
    <Ora>19</Ora>
    <Totale>37405</Totale>
    <CNOR>4415</CNOR>
    <CSUD>5390</CSUD>
    <NORD>21277</NORD>
    <SARD>955</SARD>
    <SICI>2149</SICI>
    <SUD>3219</SUD>
  </marketintervaldetail>
  <marketintervaldetail>
    <Data>20161010</Data>
    <Mercato>MGP</Mercato>
    <Ora>20</Ora>
    <Totale>40233</Totale>
    <CNOR>4573</CNOR>
    <CSUD>6052</CSUD>
    <NORD>22687</NORD>
    <SARD>1099</SARD>
    <SICI>2417</SICI>
    <SUD>3405</SUD>
  </marketintervaldetail>
  <marketintervaldetail>
    <Data>20161010</Data>
    <Mercato>MGP</Mercato>
    <Ora>21</Ora>
    <Totale>39061</Totale>
    <CNOR>4390</CNOR>
    <CSUD>5920</CSUD>
    <NORD>21894</NORD>
    <SARD>1126</SARD>
    <SICI>2370</SICI>
    <SUD>3361</SUD>
  </marketintervaldetail>
  <marketintervaldetail>
    <Data>20161010</Data>
    <Mercato>MGP</Mercato>
    <Ora>22</Ora>
    <Totale>36373</Totale>
    <CNOR>4169</CNOR>
    <CSUD>5490</CSUD>
    <NORD>20334</NORD>
    <SARD>1050</SARD>
    <SICI>2209</SICI>
    <SUD>3121</SUD>
  </marketintervaldetail>
  <marketintervaldetail>
    <Data>20161010</Data>
    <Mercato>MGP</Mercato>
    <Ora>23</Ora>
    <Totale>32467</Totale>
    <CNOR>3790</CNOR>
    <CSUD>5015</CSUD>
    <NORD>17948</NORD>
    <SARD>969</SARD>
    <SICI>1981</SICI>
    <SUD>2764</SUD>
  </marketintervaldetail>
  <marketintervaldetail>
    <Data>20161010</Data>
    <Mercato>MGP</Mercato>
    <Ora>24</Ora>
    <Totale>29222</Totale>
    <CNOR>3424</CNOR>
    <CSUD>4444</CSUD>
    <NORD>16248</NORD>
    <SARD>907</SARD>
    <SICI>1761</SICI>
    <SUD>2438</SUD>
  </marketintervaldetail>
</NewDataSet>