<?xml version="1.0" standalone="yes"?>
<NewDataSet>
  <xs:schema id="NewDataSet" xmlns="" xmlns:xs="http://www.w3.org/2001/XMLSchema" xmlns:msdata="urn:schemas-microsoft-com:xml-msdata">
    <xs:element name="NewDataSet" msdata:IsDataSet="true" msdata:MainDataTable="marketintervaldetail" msdata:UseCurrentLocale="true">
      <xs:complexType>
        <xs:choice minOccurs="0" maxOccurs="unbounded">
          <xs:element name="marketintervaldetail">
            <xs:complexType>
              <xs:sequence>
                <xs:element name="Data" type="xs:string" minOccurs="0" />
                <xs:element name="Mercato" type="xs:string" minOccurs="0" />
                <xs:element name="Ora" type="xs:string" minOccurs="0" />
                <xs:element name="Totale" type="xs:string" minOccurs="0" />
                <xs:element name="CNOR" type="xs:string" minOccurs="0" />
                <xs:element name="CSUD" type="xs:string" minOccurs="0" />
                <xs:element name="NORD" type="xs:string" minOccurs="0" />
                <xs:element name="SARD" type="xs:string" minOccurs="0" />
                <xs:element name="SICI" type="xs:string" minOccurs="0" />
                <xs:element name="SUD" type="xs:string" minOccurs="0" />
              </xs:sequence>
            </xs:complexType>
          </xs:element>
        </xs:choice>
      </xs:complexType>
    </xs:element>
  </xs:schema>
  <marketintervaldetail>
    <Data>20140408</Data>
    <Mercato>MGP</Mercato>
    <Ora>01</Ora>
    <Totale>26885</Totale>
    <CNOR>3123</CNOR>
    <CSUD>4092</CSUD>
    <NORD>14970</NORD>
    <SARD>835</SARD>
    <SICI>1598</SICI>
    <SUD>2267</SUD>
  </marketintervaldetail>
  <marketintervaldetail>
    <Data>20140408</Data>
    <Mercato>MGP</Mercato>
    <Ora>02</Ora>
    <Totale>25329</Totale>
    <CNOR>2921</CNOR>
    <CSUD>3778</CSUD>
    <NORD>14251</NORD>
    <SARD>809</SARD>
    <SICI>1469</SICI>
    <SUD>2101</SUD>
  </marketintervaldetail>
  <marketintervaldetail>
    <Data>20140408</Data>
    <Mercato>MGP</Mercato>
    <Ora>03</Ora>
    <Totale>24664</Totale>
    <CNOR>2856</CNOR>
    <CSUD>3653</CSUD>
    <NORD>13888</NORD>
    <SARD>792</SARD>
    <SICI>1423</SICI>
    <SUD>2052</SUD>
  </marketintervaldetail>
  <marketintervaldetail>
    <Data>20140408</Data>
    <Mercato>MGP</Mercato>
    <Ora>04</Ora>
    <Totale>24396</Totale>
    <CNOR>2831</CNOR>
    <CSUD>3584</CSUD>
    <NORD>13751</NORD>
    <SARD>786</SARD>
    <SICI>1409</SICI>
    <SUD>2035</SUD>
  </marketintervaldetail>
  <marketintervaldetail>
    <Data>20140408</Data>
    <Mercato>MGP</Mercato>
    <Ora>05</Ora>
    <Totale>24658</Totale>
    <CNOR>2805</CNOR>
    <CSUD>3618</CSUD>
    <NORD>13996</NORD>
    <SARD>793</SARD>
    <SICI>1419</SICI>
    <SUD>2027</SUD>
  </marketintervaldetail>
  <marketintervaldetail>
    <Data>20140408</Data>
    <Mercato>MGP</Mercato>
    <Ora>06</Ora>
    <Totale>25981</Totale>
    <CNOR>2925</CNOR>
    <CSUD>3806</CSUD>
    <NORD>14865</NORD>
    <SARD>814</SARD>
    <SICI>1482</SICI>
    <SUD>2089</SUD>
  </marketintervaldetail>
  <marketintervaldetail>
    <Data>20140408</Data>
    <Mercato>MGP</Mercato>
    <Ora>07</Ora>
    <Totale>29286</Totale>
    <CNOR>3272</CNOR>
    <CSUD>4248</CSUD>
    <NORD>17006</NORD>
    <SARD>886</SARD>
    <SICI>1625</SICI>
    <SUD>2249</SUD>
  </marketintervaldetail>
  <marketintervaldetail>
    <Data>20140408</Data>
    <Mercato>MGP</Mercato>
    <Ora>08</Ora>
    <Totale>34042</Totale>
    <CNOR>3807</CNOR>
    <CSUD>4894</CSUD>
    <NORD>19828</NORD>
    <SARD>997</SARD>
    <SICI>1882</SICI>
    <SUD>2634</SUD>
  </marketintervaldetail>
  <marketintervaldetail>
    <Data>20140408</Data>
    <Mercato>MGP</Mercato>
    <Ora>09</Ora>
    <Totale>38435</Totale>
    <CNOR>4524</CNOR>
    <CSUD>5470</CSUD>
    <NORD>22438</NORD>
    <SARD>1104</SARD>
    <SICI>2065</SICI>
    <SUD>2834</SUD>
  </marketintervaldetail>
  <marketintervaldetail>
    <Data>20140408</Data>
    <Mercato>MGP</Mercato>
    <Ora>10</Ora>
    <Totale>39435</Totale>
    <CNOR>4635</CNOR>
    <CSUD>5834</CSUD>
    <NORD>22817</NORD>
    <SARD>1143</SARD>
    <SICI>2114</SICI>
    <SUD>2892</SUD>
  </marketintervaldetail>
  <marketintervaldetail>
    <Data>20140408</Data>
    <Mercato>MGP</Mercato>
    <Ora>11</Ora>
    <Totale>39563</Totale>
    <CNOR>4667</CNOR>
    <CSUD>6027</CSUD>
    <NORD>22731</NORD>
    <SARD>1130</SARD>
    <SICI>2235</SICI>
    <SUD>2773</SUD>
  </marketintervaldetail>
  <marketintervaldetail>
    <Data>20140408</Data>
    <Mercato>MGP</Mercato>
    <Ora>12</Ora>
    <Totale>39123</Totale>
    <CNOR>4671</CNOR>
    <CSUD>5968</CSUD>
    <NORD>22615</NORD>
    <SARD>1077</SARD>
    <SICI>2090</SICI>
    <SUD>2702</SUD>
  </marketintervaldetail>
  <marketintervaldetail>
    <Data>20140408</Data>
    <Mercato>MGP</Mercato>
    <Ora>13</Ora>
    <Totale>36720</Totale>
    <CNOR>4303</CNOR>
    <CSUD>5781</CSUD>
    <NORD>20808</NORD>
    <SARD>1200</SARD>
    <SICI>2007</SICI>
    <SUD>2621</SUD>
  </marketintervaldetail>
  <marketintervaldetail>
    <Data>20140408</Data>
    <Mercato>MGP</Mercato>
    <Ora>14</Ora>
    <Totale>36795</Totale>
    <CNOR>4201</CNOR>
    <CSUD>5661</CSUD>
    <NORD>21033</NORD>
    <SARD>1224</SARD>
    <SICI>1922</SICI>
    <SUD>2754</SUD>
  </marketintervaldetail>
  <marketintervaldetail>
    <Data>20140408</Data>
    <Mercato>MGP</Mercato>
    <Ora>15</Ora>
    <Totale>37846</Totale>
    <CNOR>4507</CNOR>
    <CSUD>5721</CSUD>
    <NORD>21831</NORD>
    <SARD>1002</SARD>
    <SICI>1929</SICI>
    <SUD>2856</SUD>
  </marketintervaldetail>
  <marketintervaldetail>
    <Data>20140408</Data>
    <Mercato>MGP</Mercato>
    <Ora>16</Ora>
    <Totale>37944</Totale>
    <CNOR>4429</CNOR>
    <CSUD>5882</CSUD>
    <NORD>21868</NORD>
    <SARD>995</SARD>
    <SICI>1968</SICI>
    <SUD>2802</SUD>
  </marketintervaldetail>
  <marketintervaldetail>
    <Data>20140408</Data>
    <Mercato>MGP</Mercato>
    <Ora>17</Ora>
    <Totale>38008</Totale>
    <CNOR>4374</CNOR>
    <CSUD>5878</CSUD>
    <NORD>21922</NORD>
    <SARD>989</SARD>
    <SICI>1944</SICI>
    <SUD>2901</SUD>
  </marketintervaldetail>
  <marketintervaldetail>
    <Data>20140408</Data>
    <Mercato>MGP</Mercato>
    <Ora>18</Ora>
    <Totale>37151</Totale>
    <CNOR>4250</CNOR>
    <CSUD>5525</CSUD>
    <NORD>21380</NORD>
    <SARD>1026</SARD>
    <SICI>1952</SICI>
    <SUD>3018</SUD>
  </marketintervaldetail>
  <marketintervaldetail>
    <Data>20140408</Data>
    <Mercato>MGP</Mercato>
    <Ora>19</Ora>
    <Totale>36175</Totale>
    <CNOR>4095</CNOR>
    <CSUD>5285</CSUD>
    <NORD>20862</NORD>
    <SARD>1051</SARD>
    <SICI>1941</SICI>
    <SUD>2941</SUD>
  </marketintervaldetail>
  <marketintervaldetail>
    <Data>20140408</Data>
    <Mercato>MGP</Mercato>
    <Ora>20</Ora>
    <Totale>38683</Totale>
    <CNOR>4325</CNOR>
    <CSUD>5950</CSUD>
    <NORD>21642</NORD>
    <SARD>1147</SARD>
    <SICI>2245</SICI>
    <SUD>3374</SUD>
  </marketintervaldetail>
  <marketintervaldetail>
    <Data>20140408</Data>
    <Mercato>MGP</Mercato>
    <Ora>21</Ora>
    <Totale>39460</Totale>
    <CNOR>4275</CNOR>
    <CSUD>6251</CSUD>
    <NORD>21802</NORD>
    <SARD>1217</SARD>
    <SICI>2405</SICI>
    <SUD>3510</SUD>
  </marketintervaldetail>
  <marketintervaldetail>
    <Data>20140408</Data>
    <Mercato>MGP</Mercato>
    <Ora>22</Ora>
    <Totale>36709</Totale>
    <CNOR>4020</CNOR>
    <CSUD>5767</CSUD>
    <NORD>20399</NORD>
    <SARD>1130</SARD>
    <SICI>2212</SICI>
    <SUD>3181</SUD>
  </marketintervaldetail>
  <marketintervaldetail>
    <Data>20140408</Data>
    <Mercato>MGP</Mercato>
    <Ora>23</Ora>
    <Totale>33074</Totale>
    <CNOR>3710</CNOR>
    <CSUD>5213</CSUD>
    <NORD>18174</NORD>
    <SARD>1027</SARD>
    <SICI>1999</SICI>
    <SUD>2951</SUD>
  </marketintervaldetail>
  <marketintervaldetail>
    <Data>20140408</Data>
    <Mercato>MGP</Mercato>
    <Ora>24</Ora>
    <Totale>30120</Totale>
    <CNOR>3418</CNOR>
    <CSUD>4679</CSUD>
    <NORD>16617</NORD>
    <SARD>974</SARD>
    <SICI>1759</SICI>
    <SUD>2673</SUD>
  </marketintervaldetail>
</NewDataSet>