<?xml version="1.0" standalone="yes"?>
<NewDataSet>
  <xs:schema id="NewDataSet" xmlns="" xmlns:xs="http://www.w3.org/2001/XMLSchema" xmlns:msdata="urn:schemas-microsoft-com:xml-msdata">
    <xs:element name="NewDataSet" msdata:IsDataSet="true" msdata:MainDataTable="marketintervaldetail" msdata:UseCurrentLocale="true">
      <xs:complexType>
        <xs:choice minOccurs="0" maxOccurs="unbounded">
          <xs:element name="marketintervaldetail">
            <xs:complexType>
              <xs:sequence>
                <xs:element name="Data" type="xs:string" minOccurs="0" />
                <xs:element name="Mercato" type="xs:string" minOccurs="0" />
                <xs:element name="Ora" type="xs:string" minOccurs="0" />
                <xs:element name="Totale" type="xs:string" minOccurs="0" />
                <xs:element name="CNOR" type="xs:string" minOccurs="0" />
                <xs:element name="CSUD" type="xs:string" minOccurs="0" />
                <xs:element name="NORD" type="xs:string" minOccurs="0" />
                <xs:element name="SARD" type="xs:string" minOccurs="0" />
                <xs:element name="SICI" type="xs:string" minOccurs="0" />
                <xs:element name="SUD" type="xs:string" minOccurs="0" />
              </xs:sequence>
            </xs:complexType>
          </xs:element>
        </xs:choice>
      </xs:complexType>
    </xs:element>
  </xs:schema>
  <marketintervaldetail>
    <Data>20140407</Data>
    <Mercato>MGP</Mercato>
    <Ora>01</Ora>
    <Totale>23382</Totale>
    <CNOR>2671</CNOR>
    <CSUD>3745</CSUD>
    <NORD>12379</NORD>
    <SARD>838</SARD>
    <SICI>1599</SICI>
    <SUD>2150</SUD>
  </marketintervaldetail>
  <marketintervaldetail>
    <Data>20140407</Data>
    <Mercato>MGP</Mercato>
    <Ora>02</Ora>
    <Totale>21815</Totale>
    <CNOR>2529</CNOR>
    <CSUD>3360</CSUD>
    <NORD>11617</NORD>
    <SARD>807</SARD>
    <SICI>1469</SICI>
    <SUD>2033</SUD>
  </marketintervaldetail>
  <marketintervaldetail>
    <Data>20140407</Data>
    <Mercato>MGP</Mercato>
    <Ora>03</Ora>
    <Totale>21133</Totale>
    <CNOR>2455</CNOR>
    <CSUD>3248</CSUD>
    <NORD>11366</NORD>
    <SARD>786</SARD>
    <SICI>1378</SICI>
    <SUD>1900</SUD>
  </marketintervaldetail>
  <marketintervaldetail>
    <Data>20140407</Data>
    <Mercato>MGP</Mercato>
    <Ora>04</Ora>
    <Totale>21101</Totale>
    <CNOR>2451</CNOR>
    <CSUD>3230</CSUD>
    <NORD>11451</NORD>
    <SARD>780</SARD>
    <SICI>1320</SICI>
    <SUD>1869</SUD>
  </marketintervaldetail>
  <marketintervaldetail>
    <Data>20140407</Data>
    <Mercato>MGP</Mercato>
    <Ora>05</Ora>
    <Totale>21349</Totale>
    <CNOR>2466</CNOR>
    <CSUD>3284</CSUD>
    <NORD>11660</NORD>
    <SARD>780</SARD>
    <SICI>1315</SICI>
    <SUD>1844</SUD>
  </marketintervaldetail>
  <marketintervaldetail>
    <Data>20140407</Data>
    <Mercato>MGP</Mercato>
    <Ora>06</Ora>
    <Totale>23139</Totale>
    <CNOR>2650</CNOR>
    <CSUD>3450</CSUD>
    <NORD>12794</NORD>
    <SARD>818</SARD>
    <SICI>1397</SICI>
    <SUD>2030</SUD>
  </marketintervaldetail>
  <marketintervaldetail>
    <Data>20140407</Data>
    <Mercato>MGP</Mercato>
    <Ora>07</Ora>
    <Totale>27664</Totale>
    <CNOR>3087</CNOR>
    <CSUD>3981</CSUD>
    <NORD>15803</NORD>
    <SARD>896</SARD>
    <SICI>1605</SICI>
    <SUD>2292</SUD>
  </marketintervaldetail>
  <marketintervaldetail>
    <Data>20140407</Data>
    <Mercato>MGP</Mercato>
    <Ora>08</Ora>
    <Totale>32391</Totale>
    <CNOR>3597</CNOR>
    <CSUD>4620</CSUD>
    <NORD>18651</NORD>
    <SARD>1000</SARD>
    <SICI>1865</SICI>
    <SUD>2658</SUD>
  </marketintervaldetail>
  <marketintervaldetail>
    <Data>20140407</Data>
    <Mercato>MGP</Mercato>
    <Ora>09</Ora>
    <Totale>37127</Totale>
    <CNOR>4227</CNOR>
    <CSUD>5331</CSUD>
    <NORD>21620</NORD>
    <SARD>1077</SARD>
    <SICI>2043</SICI>
    <SUD>2829</SUD>
  </marketintervaldetail>
  <marketintervaldetail>
    <Data>20140407</Data>
    <Mercato>MGP</Mercato>
    <Ora>10</Ora>
    <Totale>38597</Totale>
    <CNOR>4524</CNOR>
    <CSUD>5648</CSUD>
    <NORD>22283</NORD>
    <SARD>1109</SARD>
    <SICI>2058</SICI>
    <SUD>2975</SUD>
  </marketintervaldetail>
  <marketintervaldetail>
    <Data>20140407</Data>
    <Mercato>MGP</Mercato>
    <Ora>11</Ora>
    <Totale>38675</Totale>
    <CNOR>4525</CNOR>
    <CSUD>5754</CSUD>
    <NORD>22347</NORD>
    <SARD>1053</SARD>
    <SICI>2114</SICI>
    <SUD>2882</SUD>
  </marketintervaldetail>
  <marketintervaldetail>
    <Data>20140407</Data>
    <Mercato>MGP</Mercato>
    <Ora>12</Ora>
    <Totale>38878</Totale>
    <CNOR>4558</CNOR>
    <CSUD>5735</CSUD>
    <NORD>22524</NORD>
    <SARD>1117</SARD>
    <SICI>2052</SICI>
    <SUD>2892</SUD>
  </marketintervaldetail>
  <marketintervaldetail>
    <Data>20140407</Data>
    <Mercato>MGP</Mercato>
    <Ora>13</Ora>
    <Totale>36687</Totale>
    <CNOR>4186</CNOR>
    <CSUD>5691</CSUD>
    <NORD>20784</NORD>
    <SARD>1109</SARD>
    <SICI>2130</SICI>
    <SUD>2787</SUD>
  </marketintervaldetail>
  <marketintervaldetail>
    <Data>20140407</Data>
    <Mercato>MGP</Mercato>
    <Ora>14</Ora>
    <Totale>36616</Totale>
    <CNOR>4132</CNOR>
    <CSUD>5563</CSUD>
    <NORD>21123</NORD>
    <SARD>1079</SARD>
    <SICI>2094</SICI>
    <SUD>2625</SUD>
  </marketintervaldetail>
  <marketintervaldetail>
    <Data>20140407</Data>
    <Mercato>MGP</Mercato>
    <Ora>15</Ora>
    <Totale>37363</Totale>
    <CNOR>4185</CNOR>
    <CSUD>5568</CSUD>
    <NORD>21887</NORD>
    <SARD>1106</SARD>
    <SICI>2039</SICI>
    <SUD>2578</SUD>
  </marketintervaldetail>
  <marketintervaldetail>
    <Data>20140407</Data>
    <Mercato>MGP</Mercato>
    <Ora>16</Ora>
    <Totale>36942</Totale>
    <CNOR>4203</CNOR>
    <CSUD>5568</CSUD>
    <NORD>21705</NORD>
    <SARD>1036</SARD>
    <SICI>2024</SICI>
    <SUD>2406</SUD>
  </marketintervaldetail>
  <marketintervaldetail>
    <Data>20140407</Data>
    <Mercato>MGP</Mercato>
    <Ora>17</Ora>
    <Totale>36585</Totale>
    <CNOR>4188</CNOR>
    <CSUD>5506</CSUD>
    <NORD>21376</NORD>
    <SARD>973</SARD>
    <SICI>2058</SICI>
    <SUD>2484</SUD>
  </marketintervaldetail>
  <marketintervaldetail>
    <Data>20140407</Data>
    <Mercato>MGP</Mercato>
    <Ora>18</Ora>
    <Totale>35445</Totale>
    <CNOR>4071</CNOR>
    <CSUD>5327</CSUD>
    <NORD>20273</NORD>
    <SARD>1028</SARD>
    <SICI>2098</SICI>
    <SUD>2648</SUD>
  </marketintervaldetail>
  <marketintervaldetail>
    <Data>20140407</Data>
    <Mercato>MGP</Mercato>
    <Ora>19</Ora>
    <Totale>34497</Totale>
    <CNOR>4033</CNOR>
    <CSUD>5206</CSUD>
    <NORD>19314</NORD>
    <SARD>1023</SARD>
    <SICI>2155</SICI>
    <SUD>2766</SUD>
  </marketintervaldetail>
  <marketintervaldetail>
    <Data>20140407</Data>
    <Mercato>MGP</Mercato>
    <Ora>20</Ora>
    <Totale>36647</Totale>
    <CNOR>4296</CNOR>
    <CSUD>5736</CSUD>
    <NORD>20060</NORD>
    <SARD>1097</SARD>
    <SICI>2327</SICI>
    <SUD>3131</SUD>
  </marketintervaldetail>
  <marketintervaldetail>
    <Data>20140407</Data>
    <Mercato>MGP</Mercato>
    <Ora>21</Ora>
    <Totale>38445</Totale>
    <CNOR>4355</CNOR>
    <CSUD>6049</CSUD>
    <NORD>20978</NORD>
    <SARD>1170</SARD>
    <SICI>2500</SICI>
    <SUD>3393</SUD>
  </marketintervaldetail>
  <marketintervaldetail>
    <Data>20140407</Data>
    <Mercato>MGP</Mercato>
    <Ora>22</Ora>
    <Totale>36377</Totale>
    <CNOR>4142</CNOR>
    <CSUD>5676</CSUD>
    <NORD>19998</NORD>
    <SARD>1094</SARD>
    <SICI>2310</SICI>
    <SUD>3157</SUD>
  </marketintervaldetail>
  <marketintervaldetail>
    <Data>20140407</Data>
    <Mercato>MGP</Mercato>
    <Ora>23</Ora>
    <Totale>32894</Totale>
    <CNOR>3699</CNOR>
    <CSUD>5051</CSUD>
    <NORD>18099</NORD>
    <SARD>1014</SARD>
    <SICI>2135</SICI>
    <SUD>2896</SUD>
  </marketintervaldetail>
  <marketintervaldetail>
    <Data>20140407</Data>
    <Mercato>MGP</Mercato>
    <Ora>24</Ora>
    <Totale>29658</Totale>
    <CNOR>3416</CNOR>
    <CSUD>4501</CSUD>
    <NORD>16294</NORD>
    <SARD>920</SARD>
    <SICI>1896</SICI>
    <SUD>2631</SUD>
  </marketintervaldetail>
</NewDataSet>