<?xml version="1.0" standalone="yes"?>
<NewDataSet>
  <xs:schema id="NewDataSet" xmlns="" xmlns:xs="http://www.w3.org/2001/XMLSchema" xmlns:msdata="urn:schemas-microsoft-com:xml-msdata">
    <xs:element name="NewDataSet" msdata:IsDataSet="true" msdata:MainDataTable="marketintervaldetail" msdata:UseCurrentLocale="true">
      <xs:complexType>
        <xs:choice minOccurs="0" maxOccurs="unbounded">
          <xs:element name="marketintervaldetail">
            <xs:complexType>
              <xs:sequence>
                <xs:element name="Data" type="xs:string" minOccurs="0" />
                <xs:element name="Mercato" type="xs:string" minOccurs="0" />
                <xs:element name="Ora" type="xs:string" minOccurs="0" />
                <xs:element name="Totale" type="xs:string" minOccurs="0" />
                <xs:element name="CNOR" type="xs:string" minOccurs="0" />
                <xs:element name="CSUD" type="xs:string" minOccurs="0" />
                <xs:element name="NORD" type="xs:string" minOccurs="0" />
                <xs:element name="SARD" type="xs:string" minOccurs="0" />
                <xs:element name="SICI" type="xs:string" minOccurs="0" />
                <xs:element name="SUD" type="xs:string" minOccurs="0" />
              </xs:sequence>
            </xs:complexType>
          </xs:element>
        </xs:choice>
      </xs:complexType>
    </xs:element>
  </xs:schema>
  <marketintervaldetail>
    <Data>20140428</Data>
    <Mercato>MGP</Mercato>
    <Ora>01</Ora>
    <Totale>21652</Totale>
    <CNOR>2577</CNOR>
    <CSUD>3542</CSUD>
    <NORD>11041</NORD>
    <SARD>802</SARD>
    <SICI>1496</SICI>
    <SUD>2194</SUD>
  </marketintervaldetail>
  <marketintervaldetail>
    <Data>20140428</Data>
    <Mercato>MGP</Mercato>
    <Ora>02</Ora>
    <Totale>20196</Totale>
    <CNOR>2383</CNOR>
    <CSUD>3246</CSUD>
    <NORD>10443</NORD>
    <SARD>761</SARD>
    <SICI>1366</SICI>
    <SUD>1997</SUD>
  </marketintervaldetail>
  <marketintervaldetail>
    <Data>20140428</Data>
    <Mercato>MGP</Mercato>
    <Ora>03</Ora>
    <Totale>19495</Totale>
    <CNOR>2342</CNOR>
    <CSUD>3116</CSUD>
    <NORD>10108</NORD>
    <SARD>741</SARD>
    <SICI>1295</SICI>
    <SUD>1893</SUD>
  </marketintervaldetail>
  <marketintervaldetail>
    <Data>20140428</Data>
    <Mercato>MGP</Mercato>
    <Ora>04</Ora>
    <Totale>19288</Totale>
    <CNOR>2315</CNOR>
    <CSUD>3059</CSUD>
    <NORD>9992</NORD>
    <SARD>730</SARD>
    <SICI>1282</SICI>
    <SUD>1910</SUD>
  </marketintervaldetail>
  <marketintervaldetail>
    <Data>20140428</Data>
    <Mercato>MGP</Mercato>
    <Ora>05</Ora>
    <Totale>19808</Totale>
    <CNOR>2326</CNOR>
    <CSUD>3104</CSUD>
    <NORD>10450</NORD>
    <SARD>725</SARD>
    <SICI>1289</SICI>
    <SUD>1914</SUD>
  </marketintervaldetail>
  <marketintervaldetail>
    <Data>20140428</Data>
    <Mercato>MGP</Mercato>
    <Ora>06</Ora>
    <Totale>21393</Totale>
    <CNOR>2493</CNOR>
    <CSUD>3285</CSUD>
    <NORD>11575</NORD>
    <SARD>765</SARD>
    <SICI>1341</SICI>
    <SUD>1934</SUD>
  </marketintervaldetail>
  <marketintervaldetail>
    <Data>20140428</Data>
    <Mercato>MGP</Mercato>
    <Ora>07</Ora>
    <Totale>24793</Totale>
    <CNOR>2909</CNOR>
    <CSUD>3658</CSUD>
    <NORD>13990</NORD>
    <SARD>814</SARD>
    <SICI>1448</SICI>
    <SUD>1974</SUD>
  </marketintervaldetail>
  <marketintervaldetail>
    <Data>20140428</Data>
    <Mercato>MGP</Mercato>
    <Ora>08</Ora>
    <Totale>30191</Totale>
    <CNOR>3637</CNOR>
    <CSUD>4493</CSUD>
    <NORD>17186</NORD>
    <SARD>897</SARD>
    <SICI>1735</SICI>
    <SUD>2243</SUD>
  </marketintervaldetail>
  <marketintervaldetail>
    <Data>20140428</Data>
    <Mercato>MGP</Mercato>
    <Ora>09</Ora>
    <Totale>35703</Totale>
    <CNOR>4248</CNOR>
    <CSUD>5447</CSUD>
    <NORD>20488</NORD>
    <SARD>999</SARD>
    <SICI>2010</SICI>
    <SUD>2511</SUD>
  </marketintervaldetail>
  <marketintervaldetail>
    <Data>20140428</Data>
    <Mercato>MGP</Mercato>
    <Ora>10</Ora>
    <Totale>37843</Totale>
    <CNOR>4473</CNOR>
    <CSUD>5927</CSUD>
    <NORD>21652</NORD>
    <SARD>1040</SARD>
    <SICI>2106</SICI>
    <SUD>2645</SUD>
  </marketintervaldetail>
  <marketintervaldetail>
    <Data>20140428</Data>
    <Mercato>MGP</Mercato>
    <Ora>11</Ora>
    <Totale>38421</Totale>
    <CNOR>4739</CNOR>
    <CSUD>5909</CSUD>
    <NORD>22028</NORD>
    <SARD>1064</SARD>
    <SICI>2085</SICI>
    <SUD>2596</SUD>
  </marketintervaldetail>
  <marketintervaldetail>
    <Data>20140428</Data>
    <Mercato>MGP</Mercato>
    <Ora>12</Ora>
    <Totale>38726</Totale>
    <CNOR>4743</CNOR>
    <CSUD>6070</CSUD>
    <NORD>22233</NORD>
    <SARD>1057</SARD>
    <SICI>2025</SICI>
    <SUD>2598</SUD>
  </marketintervaldetail>
  <marketintervaldetail>
    <Data>20140428</Data>
    <Mercato>MGP</Mercato>
    <Ora>13</Ora>
    <Totale>36525</Totale>
    <CNOR>4409</CNOR>
    <CSUD>5966</CSUD>
    <NORD>20494</NORD>
    <SARD>1057</SARD>
    <SICI>1944</SICI>
    <SUD>2655</SUD>
  </marketintervaldetail>
  <marketintervaldetail>
    <Data>20140428</Data>
    <Mercato>MGP</Mercato>
    <Ora>14</Ora>
    <Totale>36287</Totale>
    <CNOR>4193</CNOR>
    <CSUD>5823</CSUD>
    <NORD>20755</NORD>
    <SARD>1027</SARD>
    <SICI>1848</SICI>
    <SUD>2641</SUD>
  </marketintervaldetail>
  <marketintervaldetail>
    <Data>20140428</Data>
    <Mercato>MGP</Mercato>
    <Ora>15</Ora>
    <Totale>36587</Totale>
    <CNOR>4445</CNOR>
    <CSUD>5674</CSUD>
    <NORD>21251</NORD>
    <SARD>1032</SARD>
    <SICI>1760</SICI>
    <SUD>2425</SUD>
  </marketintervaldetail>
  <marketintervaldetail>
    <Data>20140428</Data>
    <Mercato>MGP</Mercato>
    <Ora>16</Ora>
    <Totale>36927</Totale>
    <CNOR>4464</CNOR>
    <CSUD>5738</CSUD>
    <NORD>21509</NORD>
    <SARD>1031</SARD>
    <SICI>1836</SICI>
    <SUD>2349</SUD>
  </marketintervaldetail>
  <marketintervaldetail>
    <Data>20140428</Data>
    <Mercato>MGP</Mercato>
    <Ora>17</Ora>
    <Totale>36211</Totale>
    <CNOR>4282</CNOR>
    <CSUD>5501</CSUD>
    <NORD>20965</NORD>
    <SARD>1013</SARD>
    <SICI>1992</SICI>
    <SUD>2458</SUD>
  </marketintervaldetail>
  <marketintervaldetail>
    <Data>20140428</Data>
    <Mercato>MGP</Mercato>
    <Ora>18</Ora>
    <Totale>35735</Totale>
    <CNOR>4111</CNOR>
    <CSUD>5590</CSUD>
    <NORD>20295</NORD>
    <SARD>1004</SARD>
    <SICI>2058</SICI>
    <SUD>2677</SUD>
  </marketintervaldetail>
  <marketintervaldetail>
    <Data>20140428</Data>
    <Mercato>MGP</Mercato>
    <Ora>19</Ora>
    <Totale>34123</Totale>
    <CNOR>3956</CNOR>
    <CSUD>5250</CSUD>
    <NORD>19206</NORD>
    <SARD>996</SARD>
    <SICI>1984</SICI>
    <SUD>2731</SUD>
  </marketintervaldetail>
  <marketintervaldetail>
    <Data>20140428</Data>
    <Mercato>MGP</Mercato>
    <Ora>20</Ora>
    <Totale>34170</Totale>
    <CNOR>3986</CNOR>
    <CSUD>5430</CSUD>
    <NORD>18833</NORD>
    <SARD>1010</SARD>
    <SICI>2042</SICI>
    <SUD>2869</SUD>
  </marketintervaldetail>
  <marketintervaldetail>
    <Data>20140428</Data>
    <Mercato>MGP</Mercato>
    <Ora>21</Ora>
    <Totale>35808</Totale>
    <CNOR>4157</CNOR>
    <CSUD>5887</CSUD>
    <NORD>19134</NORD>
    <SARD>1090</SARD>
    <SICI>2287</SICI>
    <SUD>3253</SUD>
  </marketintervaldetail>
  <marketintervaldetail>
    <Data>20140428</Data>
    <Mercato>MGP</Mercato>
    <Ora>22</Ora>
    <Totale>34332</Totale>
    <CNOR>3883</CNOR>
    <CSUD>5627</CSUD>
    <NORD>18548</NORD>
    <SARD>1054</SARD>
    <SICI>2172</SICI>
    <SUD>3048</SUD>
  </marketintervaldetail>
  <marketintervaldetail>
    <Data>20140428</Data>
    <Mercato>MGP</Mercato>
    <Ora>23</Ora>
    <Totale>30845</Totale>
    <CNOR>3517</CNOR>
    <CSUD>5092</CSUD>
    <NORD>16507</NORD>
    <SARD>960</SARD>
    <SICI>1998</SICI>
    <SUD>2771</SUD>
  </marketintervaldetail>
  <marketintervaldetail>
    <Data>20140428</Data>
    <Mercato>MGP</Mercato>
    <Ora>24</Ora>
    <Totale>28080</Totale>
    <CNOR>3202</CNOR>
    <CSUD>4443</CSUD>
    <NORD>15181</NORD>
    <SARD>902</SARD>
    <SICI>1777</SICI>
    <SUD>2575</SUD>
  </marketintervaldetail>
</NewDataSet>