<?xml version="1.0" standalone="yes"?>
<NewDataSet>
  <xs:schema id="NewDataSet" xmlns="" xmlns:xs="http://www.w3.org/2001/XMLSchema" xmlns:msdata="urn:schemas-microsoft-com:xml-msdata">
    <xs:element name="NewDataSet" msdata:IsDataSet="true" msdata:MainDataTable="marketintervaldetail" msdata:UseCurrentLocale="true">
      <xs:complexType>
        <xs:choice minOccurs="0" maxOccurs="unbounded">
          <xs:element name="marketintervaldetail">
            <xs:complexType>
              <xs:sequence>
                <xs:element name="Data" type="xs:string" minOccurs="0" />
                <xs:element name="Mercato" type="xs:string" minOccurs="0" />
                <xs:element name="Ora" type="xs:string" minOccurs="0" />
                <xs:element name="Totale" type="xs:string" minOccurs="0" />
                <xs:element name="CNOR" type="xs:string" minOccurs="0" />
                <xs:element name="CSUD" type="xs:string" minOccurs="0" />
                <xs:element name="NORD" type="xs:string" minOccurs="0" />
                <xs:element name="SARD" type="xs:string" minOccurs="0" />
                <xs:element name="SICI" type="xs:string" minOccurs="0" />
                <xs:element name="SUD" type="xs:string" minOccurs="0" />
              </xs:sequence>
            </xs:complexType>
          </xs:element>
        </xs:choice>
      </xs:complexType>
    </xs:element>
  </xs:schema>
  <marketintervaldetail>
    <Data>20140412</Data>
    <Mercato>MGP</Mercato>
    <Ora>01</Ora>
    <Totale>27193</Totale>
    <CNOR>3098</CNOR>
    <CSUD>4127</CSUD>
    <NORD>15158</NORD>
    <SARD>867</SARD>
    <SICI>1662</SICI>
    <SUD>2281</SUD>
  </marketintervaldetail>
  <marketintervaldetail>
    <Data>20140412</Data>
    <Mercato>MGP</Mercato>
    <Ora>02</Ora>
    <Totale>25521</Totale>
    <CNOR>2994</CNOR>
    <CSUD>3791</CSUD>
    <NORD>14308</NORD>
    <SARD>816</SARD>
    <SICI>1508</SICI>
    <SUD>2104</SUD>
  </marketintervaldetail>
  <marketintervaldetail>
    <Data>20140412</Data>
    <Mercato>MGP</Mercato>
    <Ora>03</Ora>
    <Totale>24469</Totale>
    <CNOR>2827</CNOR>
    <CSUD>3624</CSUD>
    <NORD>13842</NORD>
    <SARD>793</SARD>
    <SICI>1449</SICI>
    <SUD>1934</SUD>
  </marketintervaldetail>
  <marketintervaldetail>
    <Data>20140412</Data>
    <Mercato>MGP</Mercato>
    <Ora>04</Ora>
    <Totale>24128</Totale>
    <CNOR>2797</CNOR>
    <CSUD>3522</CSUD>
    <NORD>13615</NORD>
    <SARD>779</SARD>
    <SICI>1432</SICI>
    <SUD>1983</SUD>
  </marketintervaldetail>
  <marketintervaldetail>
    <Data>20140412</Data>
    <Mercato>MGP</Mercato>
    <Ora>05</Ora>
    <Totale>24037</Totale>
    <CNOR>2772</CNOR>
    <CSUD>3505</CSUD>
    <NORD>13515</NORD>
    <SARD>787</SARD>
    <SICI>1419</SICI>
    <SUD>2039</SUD>
  </marketintervaldetail>
  <marketintervaldetail>
    <Data>20140412</Data>
    <Mercato>MGP</Mercato>
    <Ora>06</Ora>
    <Totale>24471</Totale>
    <CNOR>2766</CNOR>
    <CSUD>3573</CSUD>
    <NORD>13758</NORD>
    <SARD>796</SARD>
    <SICI>1470</SICI>
    <SUD>2108</SUD>
  </marketintervaldetail>
  <marketintervaldetail>
    <Data>20140412</Data>
    <Mercato>MGP</Mercato>
    <Ora>07</Ora>
    <Totale>25592</Totale>
    <CNOR>2849</CNOR>
    <CSUD>3762</CSUD>
    <NORD>14498</NORD>
    <SARD>836</SARD>
    <SICI>1536</SICI>
    <SUD>2111</SUD>
  </marketintervaldetail>
  <marketintervaldetail>
    <Data>20140412</Data>
    <Mercato>MGP</Mercato>
    <Ora>08</Ora>
    <Totale>27857</Totale>
    <CNOR>3102</CNOR>
    <CSUD>4189</CSUD>
    <NORD>15609</NORD>
    <SARD>897</SARD>
    <SICI>1725</SICI>
    <SUD>2335</SUD>
  </marketintervaldetail>
  <marketintervaldetail>
    <Data>20140412</Data>
    <Mercato>MGP</Mercato>
    <Ora>09</Ora>
    <Totale>30628</Totale>
    <CNOR>3354</CNOR>
    <CSUD>4671</CSUD>
    <NORD>17149</NORD>
    <SARD>967</SARD>
    <SICI>1904</SICI>
    <SUD>2583</SUD>
  </marketintervaldetail>
  <marketintervaldetail>
    <Data>20140412</Data>
    <Mercato>MGP</Mercato>
    <Ora>10</Ora>
    <Totale>32469</Totale>
    <CNOR>3555</CNOR>
    <CSUD>5073</CSUD>
    <NORD>18171</NORD>
    <SARD>977</SARD>
    <SICI>2061</SICI>
    <SUD>2632</SUD>
  </marketintervaldetail>
  <marketintervaldetail>
    <Data>20140412</Data>
    <Mercato>MGP</Mercato>
    <Ora>11</Ora>
    <Totale>32642</Totale>
    <CNOR>3578</CNOR>
    <CSUD>5197</CSUD>
    <NORD>18263</NORD>
    <SARD>964</SARD>
    <SICI>2051</SICI>
    <SUD>2589</SUD>
  </marketintervaldetail>
  <marketintervaldetail>
    <Data>20140412</Data>
    <Mercato>MGP</Mercato>
    <Ora>12</Ora>
    <Totale>32325</Totale>
    <CNOR>3460</CNOR>
    <CSUD>5086</CSUD>
    <NORD>18076</NORD>
    <SARD>965</SARD>
    <SICI>2007</SICI>
    <SUD>2731</SUD>
  </marketintervaldetail>
  <marketintervaldetail>
    <Data>20140412</Data>
    <Mercato>MGP</Mercato>
    <Ora>13</Ora>
    <Totale>31050</Totale>
    <CNOR>3417</CNOR>
    <CSUD>5103</CSUD>
    <NORD>16870</NORD>
    <SARD>1003</SARD>
    <SICI>2029</SICI>
    <SUD>2628</SUD>
  </marketintervaldetail>
  <marketintervaldetail>
    <Data>20140412</Data>
    <Mercato>MGP</Mercato>
    <Ora>14</Ora>
    <Totale>29957</Totale>
    <CNOR>3270</CNOR>
    <CSUD>4965</CSUD>
    <NORD>16143</NORD>
    <SARD>1001</SARD>
    <SICI>1989</SICI>
    <SUD>2589</SUD>
  </marketintervaldetail>
  <marketintervaldetail>
    <Data>20140412</Data>
    <Mercato>MGP</Mercato>
    <Ora>15</Ora>
    <Totale>29285</Totale>
    <CNOR>3326</CNOR>
    <CSUD>4996</CSUD>
    <NORD>15702</NORD>
    <SARD>947</SARD>
    <SICI>1979</SICI>
    <SUD>2335</SUD>
  </marketintervaldetail>
  <marketintervaldetail>
    <Data>20140412</Data>
    <Mercato>MGP</Mercato>
    <Ora>16</Ora>
    <Totale>28813</Totale>
    <CNOR>3230</CNOR>
    <CSUD>4904</CSUD>
    <NORD>15413</NORD>
    <SARD>912</SARD>
    <SICI>1973</SICI>
    <SUD>2381</SUD>
  </marketintervaldetail>
  <marketintervaldetail>
    <Data>20140412</Data>
    <Mercato>MGP</Mercato>
    <Ora>17</Ora>
    <Totale>28605</Totale>
    <CNOR>3252</CNOR>
    <CSUD>4841</CSUD>
    <NORD>15332</NORD>
    <SARD>895</SARD>
    <SICI>1946</SICI>
    <SUD>2339</SUD>
  </marketintervaldetail>
  <marketintervaldetail>
    <Data>20140412</Data>
    <Mercato>MGP</Mercato>
    <Ora>18</Ora>
    <Totale>28396</Totale>
    <CNOR>3272</CNOR>
    <CSUD>4767</CSUD>
    <NORD>15163</NORD>
    <SARD>889</SARD>
    <SICI>1919</SICI>
    <SUD>2386</SUD>
  </marketintervaldetail>
  <marketintervaldetail>
    <Data>20140412</Data>
    <Mercato>MGP</Mercato>
    <Ora>19</Ora>
    <Totale>28906</Totale>
    <CNOR>3305</CNOR>
    <CSUD>4715</CSUD>
    <NORD>15277</NORD>
    <SARD>926</SARD>
    <SICI>1978</SICI>
    <SUD>2705</SUD>
  </marketintervaldetail>
  <marketintervaldetail>
    <Data>20140412</Data>
    <Mercato>MGP</Mercato>
    <Ora>20</Ora>
    <Totale>30378</Totale>
    <CNOR>3522</CNOR>
    <CSUD>5051</CSUD>
    <NORD>15591</NORD>
    <SARD>965</SARD>
    <SICI>2177</SICI>
    <SUD>3072</SUD>
  </marketintervaldetail>
  <marketintervaldetail>
    <Data>20140412</Data>
    <Mercato>MGP</Mercato>
    <Ora>21</Ora>
    <Totale>32673</Totale>
    <CNOR>3663</CNOR>
    <CSUD>5625</CSUD>
    <NORD>16585</NORD>
    <SARD>1067</SARD>
    <SICI>2392</SICI>
    <SUD>3341</SUD>
  </marketintervaldetail>
  <marketintervaldetail>
    <Data>20140412</Data>
    <Mercato>MGP</Mercato>
    <Ora>22</Ora>
    <Totale>30924</Totale>
    <CNOR>3568</CNOR>
    <CSUD>5203</CSUD>
    <NORD>15905</NORD>
    <SARD>1031</SARD>
    <SICI>2217</SICI>
    <SUD>3000</SUD>
  </marketintervaldetail>
  <marketintervaldetail>
    <Data>20140412</Data>
    <Mercato>MGP</Mercato>
    <Ora>23</Ora>
    <Totale>28413</Totale>
    <CNOR>3323</CNOR>
    <CSUD>4802</CSUD>
    <NORD>14680</NORD>
    <SARD>960</SARD>
    <SICI>2016</SICI>
    <SUD>2632</SUD>
  </marketintervaldetail>
  <marketintervaldetail>
    <Data>20140412</Data>
    <Mercato>MGP</Mercato>
    <Ora>24</Ora>
    <Totale>25800</Totale>
    <CNOR>2984</CNOR>
    <CSUD>4444</CSUD>
    <NORD>13515</NORD>
    <SARD>860</SARD>
    <SICI>1826</SICI>
    <SUD>2171</SUD>
  </marketintervaldetail>
</NewDataSet>