<?xml version="1.0" standalone="yes"?>
<NewDataSet>
  <xs:schema id="NewDataSet" xmlns="" xmlns:xs="http://www.w3.org/2001/XMLSchema" xmlns:msdata="urn:schemas-microsoft-com:xml-msdata">
    <xs:element name="NewDataSet" msdata:IsDataSet="true" msdata:MainDataTable="marketintervaldetail" msdata:UseCurrentLocale="true">
      <xs:complexType>
        <xs:choice minOccurs="0" maxOccurs="unbounded">
          <xs:element name="marketintervaldetail">
            <xs:complexType>
              <xs:sequence>
                <xs:element name="Data" type="xs:string" minOccurs="0" />
                <xs:element name="Mercato" type="xs:string" minOccurs="0" />
                <xs:element name="Ora" type="xs:string" minOccurs="0" />
                <xs:element name="Totale" type="xs:string" minOccurs="0" />
                <xs:element name="CNOR" type="xs:string" minOccurs="0" />
                <xs:element name="CSUD" type="xs:string" minOccurs="0" />
                <xs:element name="NORD" type="xs:string" minOccurs="0" />
                <xs:element name="SARD" type="xs:string" minOccurs="0" />
                <xs:element name="SICI" type="xs:string" minOccurs="0" />
                <xs:element name="SUD" type="xs:string" minOccurs="0" />
              </xs:sequence>
            </xs:complexType>
          </xs:element>
        </xs:choice>
      </xs:complexType>
    </xs:element>
  </xs:schema>
  <marketintervaldetail>
    <Data>20140403</Data>
    <Mercato>MGP</Mercato>
    <Ora>01</Ora>
    <Totale>26933</Totale>
    <CNOR>3068</CNOR>
    <CSUD>4280</CSUD>
    <NORD>15082</NORD>
    <SARD>835</SARD>
    <SICI>1682</SICI>
    <SUD>1986</SUD>
  </marketintervaldetail>
  <marketintervaldetail>
    <Data>20140403</Data>
    <Mercato>MGP</Mercato>
    <Ora>02</Ora>
    <Totale>25251</Totale>
    <CNOR>2756</CNOR>
    <CSUD>4022</CSUD>
    <NORD>14376</NORD>
    <SARD>798</SARD>
    <SICI>1526</SICI>
    <SUD>1773</SUD>
  </marketintervaldetail>
  <marketintervaldetail>
    <Data>20140403</Data>
    <Mercato>MGP</Mercato>
    <Ora>03</Ora>
    <Totale>24404</Totale>
    <CNOR>2655</CNOR>
    <CSUD>3868</CSUD>
    <NORD>13970</NORD>
    <SARD>777</SARD>
    <SICI>1457</SICI>
    <SUD>1677</SUD>
  </marketintervaldetail>
  <marketintervaldetail>
    <Data>20140403</Data>
    <Mercato>MGP</Mercato>
    <Ora>04</Ora>
    <Totale>24061</Totale>
    <CNOR>2638</CNOR>
    <CSUD>3801</CSUD>
    <NORD>13779</NORD>
    <SARD>768</SARD>
    <SICI>1414</SICI>
    <SUD>1661</SUD>
  </marketintervaldetail>
  <marketintervaldetail>
    <Data>20140403</Data>
    <Mercato>MGP</Mercato>
    <Ora>05</Ora>
    <Totale>24167</Totale>
    <CNOR>2665</CNOR>
    <CSUD>3784</CSUD>
    <NORD>13838</NORD>
    <SARD>760</SARD>
    <SICI>1438</SICI>
    <SUD>1682</SUD>
  </marketintervaldetail>
  <marketintervaldetail>
    <Data>20140403</Data>
    <Mercato>MGP</Mercato>
    <Ora>06</Ora>
    <Totale>25456</Totale>
    <CNOR>2880</CNOR>
    <CSUD>3966</CSUD>
    <NORD>14550</NORD>
    <SARD>779</SARD>
    <SICI>1512</SICI>
    <SUD>1769</SUD>
  </marketintervaldetail>
  <marketintervaldetail>
    <Data>20140403</Data>
    <Mercato>MGP</Mercato>
    <Ora>07</Ora>
    <Totale>29730</Totale>
    <CNOR>3317</CNOR>
    <CSUD>4565</CSUD>
    <NORD>17339</NORD>
    <SARD>881</SARD>
    <SICI>1679</SICI>
    <SUD>1949</SUD>
  </marketintervaldetail>
  <marketintervaldetail>
    <Data>20140403</Data>
    <Mercato>MGP</Mercato>
    <Ora>08</Ora>
    <Totale>34062</Totale>
    <CNOR>3829</CNOR>
    <CSUD>5211</CSUD>
    <NORD>19785</NORD>
    <SARD>986</SARD>
    <SICI>1976</SICI>
    <SUD>2275</SUD>
  </marketintervaldetail>
  <marketintervaldetail>
    <Data>20140403</Data>
    <Mercato>MGP</Mercato>
    <Ora>09</Ora>
    <Totale>38147</Totale>
    <CNOR>4225</CNOR>
    <CSUD>5798</CSUD>
    <NORD>22461</NORD>
    <SARD>1018</SARD>
    <SICI>2223</SICI>
    <SUD>2422</SUD>
  </marketintervaldetail>
  <marketintervaldetail>
    <Data>20140403</Data>
    <Mercato>MGP</Mercato>
    <Ora>10</Ora>
    <Totale>39533</Totale>
    <CNOR>4369</CNOR>
    <CSUD>6224</CSUD>
    <NORD>23329</NORD>
    <SARD>1011</SARD>
    <SICI>2286</SICI>
    <SUD>2314</SUD>
  </marketintervaldetail>
  <marketintervaldetail>
    <Data>20140403</Data>
    <Mercato>MGP</Mercato>
    <Ora>11</Ora>
    <Totale>39412</Totale>
    <CNOR>4321</CNOR>
    <CSUD>6286</CSUD>
    <NORD>23357</NORD>
    <SARD>1009</SARD>
    <SICI>2202</SICI>
    <SUD>2237</SUD>
  </marketintervaldetail>
  <marketintervaldetail>
    <Data>20140403</Data>
    <Mercato>MGP</Mercato>
    <Ora>12</Ora>
    <Totale>39276</Totale>
    <CNOR>4305</CNOR>
    <CSUD>6240</CSUD>
    <NORD>23460</NORD>
    <SARD>1010</SARD>
    <SICI>2100</SICI>
    <SUD>2161</SUD>
  </marketintervaldetail>
  <marketintervaldetail>
    <Data>20140403</Data>
    <Mercato>MGP</Mercato>
    <Ora>13</Ora>
    <Totale>36734</Totale>
    <CNOR>4031</CNOR>
    <CSUD>6249</CSUD>
    <NORD>21141</NORD>
    <SARD>1021</SARD>
    <SICI>2068</SICI>
    <SUD>2224</SUD>
  </marketintervaldetail>
  <marketintervaldetail>
    <Data>20140403</Data>
    <Mercato>MGP</Mercato>
    <Ora>14</Ora>
    <Totale>36351</Totale>
    <CNOR>3839</CNOR>
    <CSUD>6067</CSUD>
    <NORD>21317</NORD>
    <SARD>1027</SARD>
    <SICI>1999</SICI>
    <SUD>2102</SUD>
  </marketintervaldetail>
  <marketintervaldetail>
    <Data>20140403</Data>
    <Mercato>MGP</Mercato>
    <Ora>15</Ora>
    <Totale>37749</Totale>
    <CNOR>3984</CNOR>
    <CSUD>6450</CSUD>
    <NORD>22089</NORD>
    <SARD>1004</SARD>
    <SICI>2142</SICI>
    <SUD>2080</SUD>
  </marketintervaldetail>
  <marketintervaldetail>
    <Data>20140403</Data>
    <Mercato>MGP</Mercato>
    <Ora>16</Ora>
    <Totale>37211</Totale>
    <CNOR>3983</CNOR>
    <CSUD>6410</CSUD>
    <NORD>21790</NORD>
    <SARD>1007</SARD>
    <SICI>2081</SICI>
    <SUD>1940</SUD>
  </marketintervaldetail>
  <marketintervaldetail>
    <Data>20140403</Data>
    <Mercato>MGP</Mercato>
    <Ora>17</Ora>
    <Totale>36709</Totale>
    <CNOR>4021</CNOR>
    <CSUD>6312</CSUD>
    <NORD>21292</NORD>
    <SARD>965</SARD>
    <SICI>2129</SICI>
    <SUD>1990</SUD>
  </marketintervaldetail>
  <marketintervaldetail>
    <Data>20140403</Data>
    <Mercato>MGP</Mercato>
    <Ora>18</Ora>
    <Totale>35613</Totale>
    <CNOR>3963</CNOR>
    <CSUD>6020</CSUD>
    <NORD>20391</NORD>
    <SARD>1018</SARD>
    <SICI>2089</SICI>
    <SUD>2132</SUD>
  </marketintervaldetail>
  <marketintervaldetail>
    <Data>20140403</Data>
    <Mercato>MGP</Mercato>
    <Ora>19</Ora>
    <Totale>34757</Totale>
    <CNOR>3941</CNOR>
    <CSUD>5819</CSUD>
    <NORD>19596</NORD>
    <SARD>1009</SARD>
    <SICI>2136</SICI>
    <SUD>2256</SUD>
  </marketintervaldetail>
  <marketintervaldetail>
    <Data>20140403</Data>
    <Mercato>MGP</Mercato>
    <Ora>20</Ora>
    <Totale>36142</Totale>
    <CNOR>3968</CNOR>
    <CSUD>6131</CSUD>
    <NORD>19869</NORD>
    <SARD>1035</SARD>
    <SICI>2365</SICI>
    <SUD>2774</SUD>
  </marketintervaldetail>
  <marketintervaldetail>
    <Data>20140403</Data>
    <Mercato>MGP</Mercato>
    <Ora>21</Ora>
    <Totale>38376</Totale>
    <CNOR>4118</CNOR>
    <CSUD>6585</CSUD>
    <NORD>20888</NORD>
    <SARD>1127</SARD>
    <SICI>2545</SICI>
    <SUD>3113</SUD>
  </marketintervaldetail>
  <marketintervaldetail>
    <Data>20140403</Data>
    <Mercato>MGP</Mercato>
    <Ora>22</Ora>
    <Totale>35979</Totale>
    <CNOR>3805</CNOR>
    <CSUD>6215</CSUD>
    <NORD>19602</NORD>
    <SARD>1070</SARD>
    <SICI>2414</SICI>
    <SUD>2873</SUD>
  </marketintervaldetail>
  <marketintervaldetail>
    <Data>20140403</Data>
    <Mercato>MGP</Mercato>
    <Ora>23</Ora>
    <Totale>32726</Totale>
    <CNOR>3466</CNOR>
    <CSUD>5676</CSUD>
    <NORD>17768</NORD>
    <SARD>983</SARD>
    <SICI>2208</SICI>
    <SUD>2625</SUD>
  </marketintervaldetail>
  <marketintervaldetail>
    <Data>20140403</Data>
    <Mercato>MGP</Mercato>
    <Ora>24</Ora>
    <Totale>29717</Totale>
    <CNOR>3181</CNOR>
    <CSUD>4955</CSUD>
    <NORD>16413</NORD>
    <SARD>881</SARD>
    <SICI>1964</SICI>
    <SUD>2323</SUD>
  </marketintervaldetail>
</NewDataSet>