<?xml version="1.0" standalone="yes"?>
<NewDataSet>
  <xs:schema id="NewDataSet" xmlns="" xmlns:xs="http://www.w3.org/2001/XMLSchema" xmlns:msdata="urn:schemas-microsoft-com:xml-msdata">
    <xs:element name="NewDataSet" msdata:IsDataSet="true" msdata:MainDataTable="marketintervaldetail" msdata:UseCurrentLocale="true">
      <xs:complexType>
        <xs:choice minOccurs="0" maxOccurs="unbounded">
          <xs:element name="marketintervaldetail">
            <xs:complexType>
              <xs:sequence>
                <xs:element name="Data" type="xs:string" minOccurs="0" />
                <xs:element name="Mercato" type="xs:string" minOccurs="0" />
                <xs:element name="Ora" type="xs:string" minOccurs="0" />
                <xs:element name="Totale" type="xs:string" minOccurs="0" />
                <xs:element name="CNOR" type="xs:string" minOccurs="0" />
                <xs:element name="CSUD" type="xs:string" minOccurs="0" />
                <xs:element name="NORD" type="xs:string" minOccurs="0" />
                <xs:element name="SARD" type="xs:string" minOccurs="0" />
                <xs:element name="SICI" type="xs:string" minOccurs="0" />
                <xs:element name="SUD" type="xs:string" minOccurs="0" />
              </xs:sequence>
            </xs:complexType>
          </xs:element>
        </xs:choice>
      </xs:complexType>
    </xs:element>
  </xs:schema>
  <marketintervaldetail>
    <Data>20140425</Data>
    <Mercato>MGP</Mercato>
    <Ora>01</Ora>
    <Totale>27247</Totale>
    <CNOR>3131</CNOR>
    <CSUD>4193</CSUD>
    <NORD>14838</NORD>
    <SARD>883</SARD>
    <SICI>1692</SICI>
    <SUD>2510</SUD>
  </marketintervaldetail>
  <marketintervaldetail>
    <Data>20140425</Data>
    <Mercato>MGP</Mercato>
    <Ora>02</Ora>
    <Totale>25078</Totale>
    <CNOR>3011</CNOR>
    <CSUD>3744</CSUD>
    <NORD>13642</NORD>
    <SARD>825</SARD>
    <SICI>1536</SICI>
    <SUD>2320</SUD>
  </marketintervaldetail>
  <marketintervaldetail>
    <Data>20140425</Data>
    <Mercato>MGP</Mercato>
    <Ora>03</Ora>
    <Totale>23822</Totale>
    <CNOR>2868</CNOR>
    <CSUD>3557</CSUD>
    <NORD>12936</NORD>
    <SARD>787</SARD>
    <SICI>1442</SICI>
    <SUD>2232</SUD>
  </marketintervaldetail>
  <marketintervaldetail>
    <Data>20140425</Data>
    <Mercato>MGP</Mercato>
    <Ora>04</Ora>
    <Totale>23152</Totale>
    <CNOR>2936</CNOR>
    <CSUD>3361</CSUD>
    <NORD>12380</NORD>
    <SARD>761</SARD>
    <SICI>1415</SICI>
    <SUD>2299</SUD>
  </marketintervaldetail>
  <marketintervaldetail>
    <Data>20140425</Data>
    <Mercato>MGP</Mercato>
    <Ora>05</Ora>
    <Totale>22536</Totale>
    <CNOR>2912</CNOR>
    <CSUD>3292</CSUD>
    <NORD>11900</NORD>
    <SARD>756</SARD>
    <SICI>1421</SICI>
    <SUD>2255</SUD>
  </marketintervaldetail>
  <marketintervaldetail>
    <Data>20140425</Data>
    <Mercato>MGP</Mercato>
    <Ora>06</Ora>
    <Totale>21755</Totale>
    <CNOR>2843</CNOR>
    <CSUD>3283</CSUD>
    <NORD>11289</NORD>
    <SARD>767</SARD>
    <SICI>1425</SICI>
    <SUD>2148</SUD>
  </marketintervaldetail>
  <marketintervaldetail>
    <Data>20140425</Data>
    <Mercato>MGP</Mercato>
    <Ora>07</Ora>
    <Totale>20575</Totale>
    <CNOR>2707</CNOR>
    <CSUD>3161</CSUD>
    <NORD>10521</NORD>
    <SARD>799</SARD>
    <SICI>1423</SICI>
    <SUD>1964</SUD>
  </marketintervaldetail>
  <marketintervaldetail>
    <Data>20140425</Data>
    <Mercato>MGP</Mercato>
    <Ora>08</Ora>
    <Totale>21566</Totale>
    <CNOR>2728</CNOR>
    <CSUD>3472</CSUD>
    <NORD>10896</NORD>
    <SARD>838</SARD>
    <SICI>1506</SICI>
    <SUD>2126</SUD>
  </marketintervaldetail>
  <marketintervaldetail>
    <Data>20140425</Data>
    <Mercato>MGP</Mercato>
    <Ora>09</Ora>
    <Totale>23772</Totale>
    <CNOR>3010</CNOR>
    <CSUD>3985</CSUD>
    <NORD>11860</NORD>
    <SARD>942</SARD>
    <SICI>1687</SICI>
    <SUD>2288</SUD>
  </marketintervaldetail>
  <marketintervaldetail>
    <Data>20140425</Data>
    <Mercato>MGP</Mercato>
    <Ora>10</Ora>
    <Totale>25704</Totale>
    <CNOR>3282</CNOR>
    <CSUD>4284</CSUD>
    <NORD>12752</NORD>
    <SARD>1020</SARD>
    <SICI>1916</SICI>
    <SUD>2450</SUD>
  </marketintervaldetail>
  <marketintervaldetail>
    <Data>20140425</Data>
    <Mercato>MGP</Mercato>
    <Ora>11</Ora>
    <Totale>26462</Totale>
    <CNOR>3251</CNOR>
    <CSUD>4463</CSUD>
    <NORD>13416</NORD>
    <SARD>1047</SARD>
    <SICI>1850</SICI>
    <SUD>2435</SUD>
  </marketintervaldetail>
  <marketintervaldetail>
    <Data>20140425</Data>
    <Mercato>MGP</Mercato>
    <Ora>12</Ora>
    <Totale>26888</Totale>
    <CNOR>3172</CNOR>
    <CSUD>4369</CSUD>
    <NORD>13846</NORD>
    <SARD>1081</SARD>
    <SICI>1876</SICI>
    <SUD>2544</SUD>
  </marketintervaldetail>
  <marketintervaldetail>
    <Data>20140425</Data>
    <Mercato>MGP</Mercato>
    <Ora>13</Ora>
    <Totale>26750</Totale>
    <CNOR>3050</CNOR>
    <CSUD>4408</CSUD>
    <NORD>13890</NORD>
    <SARD>1107</SARD>
    <SICI>1810</SICI>
    <SUD>2485</SUD>
  </marketintervaldetail>
  <marketintervaldetail>
    <Data>20140425</Data>
    <Mercato>MGP</Mercato>
    <Ora>14</Ora>
    <Totale>25276</Totale>
    <CNOR>3025</CNOR>
    <CSUD>4168</CSUD>
    <NORD>13221</NORD>
    <SARD>937</SARD>
    <SICI>1609</SICI>
    <SUD>2316</SUD>
  </marketintervaldetail>
  <marketintervaldetail>
    <Data>20140425</Data>
    <Mercato>MGP</Mercato>
    <Ora>15</Ora>
    <Totale>23968</Totale>
    <CNOR>2915</CNOR>
    <CSUD>4117</CSUD>
    <NORD>12402</NORD>
    <SARD>847</SARD>
    <SICI>1535</SICI>
    <SUD>2152</SUD>
  </marketintervaldetail>
  <marketintervaldetail>
    <Data>20140425</Data>
    <Mercato>MGP</Mercato>
    <Ora>16</Ora>
    <Totale>23834</Totale>
    <CNOR>2843</CNOR>
    <CSUD>4222</CSUD>
    <NORD>12202</NORD>
    <SARD>779</SARD>
    <SICI>1541</SICI>
    <SUD>2247</SUD>
  </marketintervaldetail>
  <marketintervaldetail>
    <Data>20140425</Data>
    <Mercato>MGP</Mercato>
    <Ora>17</Ora>
    <Totale>23085</Totale>
    <CNOR>2834</CNOR>
    <CSUD>4172</CSUD>
    <NORD>11539</NORD>
    <SARD>785</SARD>
    <SICI>1462</SICI>
    <SUD>2293</SUD>
  </marketintervaldetail>
  <marketintervaldetail>
    <Data>20140425</Data>
    <Mercato>MGP</Mercato>
    <Ora>18</Ora>
    <Totale>23563</Totale>
    <CNOR>3001</CNOR>
    <CSUD>4251</CSUD>
    <NORD>11664</NORD>
    <SARD>843</SARD>
    <SICI>1531</SICI>
    <SUD>2273</SUD>
  </marketintervaldetail>
  <marketintervaldetail>
    <Data>20140425</Data>
    <Mercato>MGP</Mercato>
    <Ora>19</Ora>
    <Totale>24052</Totale>
    <CNOR>3030</CNOR>
    <CSUD>4188</CSUD>
    <NORD>12092</NORD>
    <SARD>857</SARD>
    <SICI>1568</SICI>
    <SUD>2317</SUD>
  </marketintervaldetail>
  <marketintervaldetail>
    <Data>20140425</Data>
    <Mercato>MGP</Mercato>
    <Ora>20</Ora>
    <Totale>25661</Totale>
    <CNOR>3100</CNOR>
    <CSUD>4506</CSUD>
    <NORD>12850</NORD>
    <SARD>910</SARD>
    <SICI>1775</SICI>
    <SUD>2520</SUD>
  </marketintervaldetail>
  <marketintervaldetail>
    <Data>20140425</Data>
    <Mercato>MGP</Mercato>
    <Ora>21</Ora>
    <Totale>28706</Totale>
    <CNOR>3262</CNOR>
    <CSUD>5199</CSUD>
    <NORD>14159</NORD>
    <SARD>1040</SARD>
    <SICI>2092</SICI>
    <SUD>2954</SUD>
  </marketintervaldetail>
  <marketintervaldetail>
    <Data>20140425</Data>
    <Mercato>MGP</Mercato>
    <Ora>22</Ora>
    <Totale>29167</Totale>
    <CNOR>3382</CNOR>
    <CSUD>5243</CSUD>
    <NORD>14398</NORD>
    <SARD>1085</SARD>
    <SICI>2114</SICI>
    <SUD>2945</SUD>
  </marketintervaldetail>
  <marketintervaldetail>
    <Data>20140425</Data>
    <Mercato>MGP</Mercato>
    <Ora>23</Ora>
    <Totale>27529</Totale>
    <CNOR>3155</CNOR>
    <CSUD>4979</CSUD>
    <NORD>13614</NORD>
    <SARD>1014</SARD>
    <SICI>1943</SICI>
    <SUD>2824</SUD>
  </marketintervaldetail>
  <marketintervaldetail>
    <Data>20140425</Data>
    <Mercato>MGP</Mercato>
    <Ora>24</Ora>
    <Totale>25357</Totale>
    <CNOR>2913</CNOR>
    <CSUD>4519</CSUD>
    <NORD>12580</NORD>
    <SARD>944</SARD>
    <SICI>1768</SICI>
    <SUD>2633</SUD>
  </marketintervaldetail>
</NewDataSet>