<?xml version="1.0" standalone="yes"?>
<NewDataSet>
  <xs:schema id="NewDataSet" xmlns="" xmlns:xs="http://www.w3.org/2001/XMLSchema" xmlns:msdata="urn:schemas-microsoft-com:xml-msdata">
    <xs:element name="NewDataSet" msdata:IsDataSet="true" msdata:UseCurrentLocale="true">
      <xs:complexType>
        <xs:choice minOccurs="0" maxOccurs="unbounded">
          <xs:element name="StimeFabbisogno">
            <xs:complexType>
              <xs:sequence>
                <xs:element name="Data" type="xs:string" minOccurs="0" />
                <xs:element name="Mercato" type="xs:string" minOccurs="0" />
                <xs:element name="Ora" type="xs:string" minOccurs="0" />
                <xs:element name="Totale" type="xs:string" minOccurs="0" />
                <xs:element name="CNOR" type="xs:string" minOccurs="0" />
                <xs:element name="CSUD" type="xs:string" minOccurs="0" />
                <xs:element name="NORD" type="xs:string" minOccurs="0" />
                <xs:element name="SARD" type="xs:string" minOccurs="0" />
                <xs:element name="SICI" type="xs:string" minOccurs="0" />
                <xs:element name="SUD" type="xs:string" minOccurs="0" />
              </xs:sequence>
            </xs:complexType>
          </xs:element>
        </xs:choice>
      </xs:complexType>
    </xs:element>
  </xs:schema>
  <StimeFabbisogno>
    <Data>20140312</Data>
    <Mercato>MGP</Mercato>
    <Ora>1</Ora>
    <Totale>27180</Totale>
    <CNOR>3021</CNOR>
    <CSUD>4318</CSUD>
    <NORD>15257</NORD>
    <SARD>825</SARD>
    <SICI>1643</SICI>
    <SUD>2116</SUD>
  </StimeFabbisogno>
  <StimeFabbisogno>
    <Data>20140312</Data>
    <Mercato>MGP</Mercato>
    <Ora>2</Ora>
    <Totale>25690</Totale>
    <CNOR>2896</CNOR>
    <CSUD>4007</CSUD>
    <NORD>14582</NORD>
    <SARD>789</SARD>
    <SICI>1474</SICI>
    <SUD>1942</SUD>
  </StimeFabbisogno>
  <StimeFabbisogno>
    <Data>20140312</Data>
    <Mercato>MGP</Mercato>
    <Ora>3</Ora>
    <Totale>24824</Totale>
    <CNOR>2751</CNOR>
    <CSUD>3816</CSUD>
    <NORD>14249</NORD>
    <SARD>765</SARD>
    <SICI>1393</SICI>
    <SUD>1850</SUD>
  </StimeFabbisogno>
  <StimeFabbisogno>
    <Data>20140312</Data>
    <Mercato>MGP</Mercato>
    <Ora>4</Ora>
    <Totale>24536</Totale>
    <CNOR>2720</CNOR>
    <CSUD>3718</CSUD>
    <NORD>14100</NORD>
    <SARD>756</SARD>
    <SICI>1371</SICI>
    <SUD>1871</SUD>
  </StimeFabbisogno>
  <StimeFabbisogno>
    <Data>20140312</Data>
    <Mercato>MGP</Mercato>
    <Ora>5</Ora>
    <Totale>24719</Totale>
    <CNOR>2772</CNOR>
    <CSUD>3703</CSUD>
    <NORD>14178</NORD>
    <SARD>758</SARD>
    <SICI>1386</SICI>
    <SUD>1922</SUD>
  </StimeFabbisogno>
  <StimeFabbisogno>
    <Data>20140312</Data>
    <Mercato>MGP</Mercato>
    <Ora>6</Ora>
    <Totale>26370</Totale>
    <CNOR>2876</CNOR>
    <CSUD>3941</CSUD>
    <NORD>15291</NORD>
    <SARD>786</SARD>
    <SICI>1461</SICI>
    <SUD>2015</SUD>
  </StimeFabbisogno>
  <StimeFabbisogno>
    <Data>20140312</Data>
    <Mercato>MGP</Mercato>
    <Ora>7</Ora>
    <Totale>30192</Totale>
    <CNOR>3332</CNOR>
    <CSUD>4477</CSUD>
    <NORD>17712</NORD>
    <SARD>888</SARD>
    <SICI>1594</SICI>
    <SUD>2189</SUD>
  </StimeFabbisogno>
  <StimeFabbisogno>
    <Data>20140312</Data>
    <Mercato>MGP</Mercato>
    <Ora>8</Ora>
    <Totale>35452</Totale>
    <CNOR>3841</CNOR>
    <CSUD>5236</CSUD>
    <NORD>20730</NORD>
    <SARD>1057</SARD>
    <SICI>1977</SICI>
    <SUD>2611</SUD>
  </StimeFabbisogno>
  <StimeFabbisogno>
    <Data>20140312</Data>
    <Mercato>MGP</Mercato>
    <Ora>9</Ora>
    <Totale>40005</Totale>
    <CNOR>4302</CNOR>
    <CSUD>5914</CSUD>
    <NORD>23640</NORD>
    <SARD>1155</SARD>
    <SICI>2178</SICI>
    <SUD>2816</SUD>
  </StimeFabbisogno>
  <StimeFabbisogno>
    <Data>20140312</Data>
    <Mercato>MGP</Mercato>
    <Ora>10</Ora>
    <Totale>41913</Totale>
    <CNOR>4469</CNOR>
    <CSUD>6424</CSUD>
    <NORD>24619</NORD>
    <SARD>1120</SARD>
    <SICI>2214</SICI>
    <SUD>3067</SUD>
  </StimeFabbisogno>
  <StimeFabbisogno>
    <Data>20140312</Data>
    <Mercato>MGP</Mercato>
    <Ora>11</Ora>
    <Totale>42067</Totale>
    <CNOR>4469</CNOR>
    <CSUD>6520</CSUD>
    <NORD>24826</NORD>
    <SARD>1099</SARD>
    <SICI>2234</SICI>
    <SUD>2919</SUD>
  </StimeFabbisogno>
  <StimeFabbisogno>
    <Data>20140312</Data>
    <Mercato>MGP</Mercato>
    <Ora>12</Ora>
    <Totale>42429</Totale>
    <CNOR>4591</CNOR>
    <CSUD>6406</CSUD>
    <NORD>24910</NORD>
    <SARD>1177</SARD>
    <SICI>2332</SICI>
    <SUD>3013</SUD>
  </StimeFabbisogno>
  <StimeFabbisogno>
    <Data>20140312</Data>
    <Mercato>MGP</Mercato>
    <Ora>13</Ora>
    <Totale>39824</Totale>
    <CNOR>4258</CNOR>
    <CSUD>6016</CSUD>
    <NORD>22760</NORD>
    <SARD>1164</SARD>
    <SICI>2496</SICI>
    <SUD>3130</SUD>
  </StimeFabbisogno>
  <StimeFabbisogno>
    <Data>20140312</Data>
    <Mercato>MGP</Mercato>
    <Ora>14</Ora>
    <Totale>39172</Totale>
    <CNOR>3878</CNOR>
    <CSUD>5936</CSUD>
    <NORD>22848</NORD>
    <SARD>1194</SARD>
    <SICI>2237</SICI>
    <SUD>3079</SUD>
  </StimeFabbisogno>
  <StimeFabbisogno>
    <Data>20140312</Data>
    <Mercato>MGP</Mercato>
    <Ora>15</Ora>
    <Totale>39378</Totale>
    <CNOR>4246</CNOR>
    <CSUD>5701</CSUD>
    <NORD>22982</NORD>
    <SARD>1063</SARD>
    <SICI>2334</SICI>
    <SUD>3052</SUD>
  </StimeFabbisogno>
  <StimeFabbisogno>
    <Data>20140312</Data>
    <Mercato>MGP</Mercato>
    <Ora>16</Ora>
    <Totale>39530</Totale>
    <CNOR>4286</CNOR>
    <CSUD>5800</CSUD>
    <NORD>23017</NORD>
    <SARD>1081</SARD>
    <SICI>2360</SICI>
    <SUD>2986</SUD>
  </StimeFabbisogno>
  <StimeFabbisogno>
    <Data>20140312</Data>
    <Mercato>MGP</Mercato>
    <Ora>17</Ora>
    <Totale>39402</Totale>
    <CNOR>4398</CNOR>
    <CSUD>5665</CSUD>
    <NORD>22681</NORD>
    <SARD>1054</SARD>
    <SICI>2396</SICI>
    <SUD>3208</SUD>
  </StimeFabbisogno>
  <StimeFabbisogno>
    <Data>20140312</Data>
    <Mercato>MGP</Mercato>
    <Ora>18</Ora>
    <Totale>38285</Totale>
    <CNOR>4325</CNOR>
    <CSUD>5560</CSUD>
    <NORD>21464</NORD>
    <SARD>1059</SARD>
    <SICI>2418</SICI>
    <SUD>3459</SUD>
  </StimeFabbisogno>
  <StimeFabbisogno>
    <Data>20140312</Data>
    <Mercato>MGP</Mercato>
    <Ora>19</Ora>
    <Totale>40903</Totale>
    <CNOR>4477</CNOR>
    <CSUD>6458</CSUD>
    <NORD>22638</NORD>
    <SARD>1132</SARD>
    <SICI>2504</SICI>
    <SUD>3694</SUD>
  </StimeFabbisogno>
  <StimeFabbisogno>
    <Data>20140312</Data>
    <Mercato>MGP</Mercato>
    <Ora>20</Ora>
    <Totale>42338</Totale>
    <CNOR>4633</CNOR>
    <CSUD>6814</CSUD>
    <NORD>23208</NORD>
    <SARD>1267</SARD>
    <SICI>2635</SICI>
    <SUD>3781</SUD>
  </StimeFabbisogno>
  <StimeFabbisogno>
    <Data>20140312</Data>
    <Mercato>MGP</Mercato>
    <Ora>21</Ora>
    <Totale>40149</Totale>
    <CNOR>4340</CNOR>
    <CSUD>6388</CSUD>
    <NORD>21959</NORD>
    <SARD>1242</SARD>
    <SICI>2570</SICI>
    <SUD>3650</SUD>
  </StimeFabbisogno>
  <StimeFabbisogno>
    <Data>20140312</Data>
    <Mercato>MGP</Mercato>
    <Ora>22</Ora>
    <Totale>37350</Totale>
    <CNOR>4073</CNOR>
    <CSUD>5872</CSUD>
    <NORD>20419</NORD>
    <SARD>1174</SARD>
    <SICI>2405</SICI>
    <SUD>3407</SUD>
  </StimeFabbisogno>
  <StimeFabbisogno>
    <Data>20140312</Data>
    <Mercato>MGP</Mercato>
    <Ora>23</Ora>
    <Totale>33532</Totale>
    <CNOR>3681</CNOR>
    <CSUD>5357</CSUD>
    <NORD>18198</NORD>
    <SARD>1072</SARD>
    <SICI>2126</SICI>
    <SUD>3098</SUD>
  </StimeFabbisogno>
  <StimeFabbisogno>
    <Data>20140312</Data>
    <Mercato>MGP</Mercato>
    <Ora>24</Ora>
    <Totale>29964</Totale>
    <CNOR>3308</CNOR>
    <CSUD>4745</CSUD>
    <NORD>16447</NORD>
    <SARD>950</SARD>
    <SICI>1808</SICI>
    <SUD>2706</SUD>
  </StimeFabbisogno>
</NewDataSet>