<?xml version="1.0" standalone="yes"?>
<NewDataSet>
  <xs:schema id="NewDataSet" xmlns="" xmlns:xs="http://www.w3.org/2001/XMLSchema" xmlns:msdata="urn:schemas-microsoft-com:xml-msdata">
    <xs:element name="NewDataSet" msdata:IsDataSet="true" msdata:UseCurrentLocale="true">
      <xs:complexType>
        <xs:choice minOccurs="0" maxOccurs="unbounded">
          <xs:element name="StimeFabbisogno">
            <xs:complexType>
              <xs:sequence>
                <xs:element name="Data" type="xs:string" minOccurs="0" />
                <xs:element name="Mercato" type="xs:string" minOccurs="0" />
                <xs:element name="Ora" type="xs:string" minOccurs="0" />
                <xs:element name="Totale" type="xs:string" minOccurs="0" />
                <xs:element name="CNOR" type="xs:string" minOccurs="0" />
                <xs:element name="CSUD" type="xs:string" minOccurs="0" />
                <xs:element name="NORD" type="xs:string" minOccurs="0" />
                <xs:element name="SARD" type="xs:string" minOccurs="0" />
                <xs:element name="SICI" type="xs:string" minOccurs="0" />
                <xs:element name="SUD" type="xs:string" minOccurs="0" />
              </xs:sequence>
            </xs:complexType>
          </xs:element>
        </xs:choice>
      </xs:complexType>
    </xs:element>
  </xs:schema>
  <StimeFabbisogno>
    <Data>20140320</Data>
    <Mercato>MGP</Mercato>
    <Ora>1</Ora>
    <Totale>27382</Totale>
    <CNOR>3211</CNOR>
    <CSUD>4122</CSUD>
    <NORD>15390</NORD>
    <SARD>823</SARD>
    <SICI>1607</SICI>
    <SUD>2229</SUD>
  </StimeFabbisogno>
  <StimeFabbisogno>
    <Data>20140320</Data>
    <Mercato>MGP</Mercato>
    <Ora>2</Ora>
    <Totale>25878</Totale>
    <CNOR>3050</CNOR>
    <CSUD>3736</CSUD>
    <NORD>14706</NORD>
    <SARD>786</SARD>
    <SICI>1481</SICI>
    <SUD>2119</SUD>
  </StimeFabbisogno>
  <StimeFabbisogno>
    <Data>20140320</Data>
    <Mercato>MGP</Mercato>
    <Ora>3</Ora>
    <Totale>25037</Totale>
    <CNOR>2945</CNOR>
    <CSUD>3588</CSUD>
    <NORD>14312</NORD>
    <SARD>770</SARD>
    <SICI>1412</SICI>
    <SUD>2010</SUD>
  </StimeFabbisogno>
  <StimeFabbisogno>
    <Data>20140320</Data>
    <Mercato>MGP</Mercato>
    <Ora>4</Ora>
    <Totale>24864</Totale>
    <CNOR>2924</CNOR>
    <CSUD>3524</CSUD>
    <NORD>14272</NORD>
    <SARD>768</SARD>
    <SICI>1377</SICI>
    <SUD>1999</SUD>
  </StimeFabbisogno>
  <StimeFabbisogno>
    <Data>20140320</Data>
    <Mercato>MGP</Mercato>
    <Ora>5</Ora>
    <Totale>25038</Totale>
    <CNOR>2968</CNOR>
    <CSUD>3556</CSUD>
    <NORD>14339</NORD>
    <SARD>771</SARD>
    <SICI>1390</SICI>
    <SUD>2014</SUD>
  </StimeFabbisogno>
  <StimeFabbisogno>
    <Data>20140320</Data>
    <Mercato>MGP</Mercato>
    <Ora>6</Ora>
    <Totale>26360</Totale>
    <CNOR>3074</CNOR>
    <CSUD>3773</CSUD>
    <NORD>15121</NORD>
    <SARD>808</SARD>
    <SICI>1482</SICI>
    <SUD>2102</SUD>
  </StimeFabbisogno>
  <StimeFabbisogno>
    <Data>20140320</Data>
    <Mercato>MGP</Mercato>
    <Ora>7</Ora>
    <Totale>29542</Totale>
    <CNOR>3364</CNOR>
    <CSUD>4185</CSUD>
    <NORD>17280</NORD>
    <SARD>879</SARD>
    <SICI>1608</SICI>
    <SUD>2226</SUD>
  </StimeFabbisogno>
  <StimeFabbisogno>
    <Data>20140320</Data>
    <Mercato>MGP</Mercato>
    <Ora>8</Ora>
    <Totale>34540</Totale>
    <CNOR>3818</CNOR>
    <CSUD>5039</CSUD>
    <NORD>20044</NORD>
    <SARD>1031</SARD>
    <SICI>2008</SICI>
    <SUD>2600</SUD>
  </StimeFabbisogno>
  <StimeFabbisogno>
    <Data>20140320</Data>
    <Mercato>MGP</Mercato>
    <Ora>9</Ora>
    <Totale>38863</Totale>
    <CNOR>4315</CNOR>
    <CSUD>5761</CSUD>
    <NORD>22696</NORD>
    <SARD>1108</SARD>
    <SICI>2195</SICI>
    <SUD>2788</SUD>
  </StimeFabbisogno>
  <StimeFabbisogno>
    <Data>20140320</Data>
    <Mercato>MGP</Mercato>
    <Ora>10</Ora>
    <Totale>40091</Totale>
    <CNOR>4427</CNOR>
    <CSUD>6007</CSUD>
    <NORD>23504</NORD>
    <SARD>1154</SARD>
    <SICI>2177</SICI>
    <SUD>2822</SUD>
  </StimeFabbisogno>
  <StimeFabbisogno>
    <Data>20140320</Data>
    <Mercato>MGP</Mercato>
    <Ora>11</Ora>
    <Totale>40160</Totale>
    <CNOR>4518</CNOR>
    <CSUD>6003</CSUD>
    <NORD>23656</NORD>
    <SARD>1161</SARD>
    <SICI>2110</SICI>
    <SUD>2712</SUD>
  </StimeFabbisogno>
  <StimeFabbisogno>
    <Data>20140320</Data>
    <Mercato>MGP</Mercato>
    <Ora>12</Ora>
    <Totale>39960</Totale>
    <CNOR>4468</CNOR>
    <CSUD>6095</CSUD>
    <NORD>23568</NORD>
    <SARD>1152</SARD>
    <SICI>2022</SICI>
    <SUD>2655</SUD>
  </StimeFabbisogno>
  <StimeFabbisogno>
    <Data>20140320</Data>
    <Mercato>MGP</Mercato>
    <Ora>13</Ora>
    <Totale>37355</Totale>
    <CNOR>4209</CNOR>
    <CSUD>6036</CSUD>
    <NORD>21307</NORD>
    <SARD>1153</SARD>
    <SICI>1969</SICI>
    <SUD>2681</SUD>
  </StimeFabbisogno>
  <StimeFabbisogno>
    <Data>20140320</Data>
    <Mercato>MGP</Mercato>
    <Ora>14</Ora>
    <Totale>37227</Totale>
    <CNOR>4089</CNOR>
    <CSUD>5835</CSUD>
    <NORD>21756</NORD>
    <SARD>1087</SARD>
    <SICI>1927</SICI>
    <SUD>2533</SUD>
  </StimeFabbisogno>
  <StimeFabbisogno>
    <Data>20140320</Data>
    <Mercato>MGP</Mercato>
    <Ora>15</Ora>
    <Totale>37902</Totale>
    <CNOR>3989</CNOR>
    <CSUD>5682</CSUD>
    <NORD>22022</NORD>
    <SARD>1061</SARD>
    <SICI>1874</SICI>
    <SUD>3274</SUD>
  </StimeFabbisogno>
  <StimeFabbisogno>
    <Data>20140320</Data>
    <Mercato>MGP</Mercato>
    <Ora>16</Ora>
    <Totale>38164</Totale>
    <CNOR>4364</CNOR>
    <CSUD>5994</CSUD>
    <NORD>21927</NORD>
    <SARD>1075</SARD>
    <SICI>1874</SICI>
    <SUD>2930</SUD>
  </StimeFabbisogno>
  <StimeFabbisogno>
    <Data>20140320</Data>
    <Mercato>MGP</Mercato>
    <Ora>17</Ora>
    <Totale>38132</Totale>
    <CNOR>4514</CNOR>
    <CSUD>6456</CSUD>
    <NORD>21617</NORD>
    <SARD>1125</SARD>
    <SICI>1947</SICI>
    <SUD>2473</SUD>
  </StimeFabbisogno>
  <StimeFabbisogno>
    <Data>20140320</Data>
    <Mercato>MGP</Mercato>
    <Ora>18</Ora>
    <Totale>37648</Totale>
    <CNOR>4363</CNOR>
    <CSUD>5963</CSUD>
    <NORD>21326</NORD>
    <SARD>1114</SARD>
    <SICI>2032</SICI>
    <SUD>2850</SUD>
  </StimeFabbisogno>
  <StimeFabbisogno>
    <Data>20140320</Data>
    <Mercato>MGP</Mercato>
    <Ora>19</Ora>
    <Totale>39806</Totale>
    <CNOR>4683</CNOR>
    <CSUD>6432</CSUD>
    <NORD>21829</NORD>
    <SARD>1154</SARD>
    <SICI>2312</SICI>
    <SUD>3396</SUD>
  </StimeFabbisogno>
  <StimeFabbisogno>
    <Data>20140320</Data>
    <Mercato>MGP</Mercato>
    <Ora>20</Ora>
    <Totale>41688</Totale>
    <CNOR>4889</CNOR>
    <CSUD>6748</CSUD>
    <NORD>22653</NORD>
    <SARD>1220</SARD>
    <SICI>2535</SICI>
    <SUD>3643</SUD>
  </StimeFabbisogno>
  <StimeFabbisogno>
    <Data>20140320</Data>
    <Mercato>MGP</Mercato>
    <Ora>21</Ora>
    <Totale>40468</Totale>
    <CNOR>4626</CNOR>
    <CSUD>6575</CSUD>
    <NORD>21915</NORD>
    <SARD>1225</SARD>
    <SICI>2512</SICI>
    <SUD>3615</SUD>
  </StimeFabbisogno>
  <StimeFabbisogno>
    <Data>20140320</Data>
    <Mercato>MGP</Mercato>
    <Ora>22</Ora>
    <Totale>37374</Totale>
    <CNOR>4296</CNOR>
    <CSUD>5975</CSUD>
    <NORD>20268</NORD>
    <SARD>1133</SARD>
    <SICI>2332</SICI>
    <SUD>3370</SUD>
  </StimeFabbisogno>
  <StimeFabbisogno>
    <Data>20140320</Data>
    <Mercato>MGP</Mercato>
    <Ora>23</Ora>
    <Totale>33688</Totale>
    <CNOR>3946</CNOR>
    <CSUD>5314</CSUD>
    <NORD>18267</NORD>
    <SARD>1038</SARD>
    <SICI>2093</SICI>
    <SUD>3030</SUD>
  </StimeFabbisogno>
  <StimeFabbisogno>
    <Data>20140320</Data>
    <Mercato>MGP</Mercato>
    <Ora>24</Ora>
    <Totale>30385</Totale>
    <CNOR>3571</CNOR>
    <CSUD>4703</CSUD>
    <NORD>16696</NORD>
    <SARD>943</SARD>
    <SICI>1820</SICI>
    <SUD>2652</SUD>
  </StimeFabbisogno>
</NewDataSet>