<?xml version="1.0" standalone="yes"?>
<NewDataSet>
  <xs:schema id="NewDataSet" xmlns="" xmlns:xs="http://www.w3.org/2001/XMLSchema" xmlns:msdata="urn:schemas-microsoft-com:xml-msdata">
    <xs:element name="NewDataSet" msdata:IsDataSet="true" msdata:UseCurrentLocale="true">
      <xs:complexType>
        <xs:choice minOccurs="0" maxOccurs="unbounded">
          <xs:element name="StimeFabbisogno">
            <xs:complexType>
              <xs:sequence>
                <xs:element name="Data" type="xs:string" minOccurs="0" />
                <xs:element name="Mercato" type="xs:string" minOccurs="0" />
                <xs:element name="Ora" type="xs:string" minOccurs="0" />
                <xs:element name="Totale" type="xs:string" minOccurs="0" />
                <xs:element name="CNOR" type="xs:string" minOccurs="0" />
                <xs:element name="CSUD" type="xs:string" minOccurs="0" />
                <xs:element name="NORD" type="xs:string" minOccurs="0" />
                <xs:element name="SARD" type="xs:string" minOccurs="0" />
                <xs:element name="SICI" type="xs:string" minOccurs="0" />
                <xs:element name="SUD" type="xs:string" minOccurs="0" />
              </xs:sequence>
            </xs:complexType>
          </xs:element>
        </xs:choice>
      </xs:complexType>
    </xs:element>
  </xs:schema>
  <StimeFabbisogno>
    <Data>20140310</Data>
    <Mercato>MGP</Mercato>
    <Ora>1</Ora>
    <Totale>23464</Totale>
    <CNOR>2679</CNOR>
    <CSUD>3792</CSUD>
    <NORD>12411</NORD>
    <SARD>801</SARD>
    <SICI>1599</SICI>
    <SUD>2182</SUD>
  </StimeFabbisogno>
  <StimeFabbisogno>
    <Data>20140310</Data>
    <Mercato>MGP</Mercato>
    <Ora>2</Ora>
    <Totale>21997</Totale>
    <CNOR>2564</CNOR>
    <CSUD>3441</CSUD>
    <NORD>11736</NORD>
    <SARD>740</SARD>
    <SICI>1450</SICI>
    <SUD>2066</SUD>
  </StimeFabbisogno>
  <StimeFabbisogno>
    <Data>20140310</Data>
    <Mercato>MGP</Mercato>
    <Ora>3</Ora>
    <Totale>21369</Totale>
    <CNOR>2575</CNOR>
    <CSUD>3276</CSUD>
    <NORD>11460</NORD>
    <SARD>720</SARD>
    <SICI>1360</SICI>
    <SUD>1978</SUD>
  </StimeFabbisogno>
  <StimeFabbisogno>
    <Data>20140310</Data>
    <Mercato>MGP</Mercato>
    <Ora>4</Ora>
    <Totale>21203</Totale>
    <CNOR>2589</CNOR>
    <CSUD>3215</CSUD>
    <NORD>11416</NORD>
    <SARD>714</SARD>
    <SICI>1321</SICI>
    <SUD>1948</SUD>
  </StimeFabbisogno>
  <StimeFabbisogno>
    <Data>20140310</Data>
    <Mercato>MGP</Mercato>
    <Ora>5</Ora>
    <Totale>21725</Totale>
    <CNOR>2630</CNOR>
    <CSUD>3249</CSUD>
    <NORD>11818</NORD>
    <SARD>725</SARD>
    <SICI>1336</SICI>
    <SUD>1967</SUD>
  </StimeFabbisogno>
  <StimeFabbisogno>
    <Data>20140310</Data>
    <Mercato>MGP</Mercato>
    <Ora>6</Ora>
    <Totale>23761</Totale>
    <CNOR>2807</CNOR>
    <CSUD>3538</CSUD>
    <NORD>13149</NORD>
    <SARD>770</SARD>
    <SICI>1407</SICI>
    <SUD>2090</SUD>
  </StimeFabbisogno>
  <StimeFabbisogno>
    <Data>20140310</Data>
    <Mercato>MGP</Mercato>
    <Ora>7</Ora>
    <Totale>28247</Totale>
    <CNOR>3272</CNOR>
    <CSUD>4180</CSUD>
    <NORD>16106</NORD>
    <SARD>846</SARD>
    <SICI>1533</SICI>
    <SUD>2310</SUD>
  </StimeFabbisogno>
  <StimeFabbisogno>
    <Data>20140310</Data>
    <Mercato>MGP</Mercato>
    <Ora>8</Ora>
    <Totale>33722</Totale>
    <CNOR>3905</CNOR>
    <CSUD>5088</CSUD>
    <NORD>19201</NORD>
    <SARD>983</SARD>
    <SICI>1834</SICI>
    <SUD>2711</SUD>
  </StimeFabbisogno>
  <StimeFabbisogno>
    <Data>20140310</Data>
    <Mercato>MGP</Mercato>
    <Ora>9</Ora>
    <Totale>39055</Totale>
    <CNOR>4481</CNOR>
    <CSUD>5871</CSUD>
    <NORD>22255</NORD>
    <SARD>1095</SARD>
    <SICI>2112</SICI>
    <SUD>3241</SUD>
  </StimeFabbisogno>
  <StimeFabbisogno>
    <Data>20140310</Data>
    <Mercato>MGP</Mercato>
    <Ora>10</Ora>
    <Totale>40848</Totale>
    <CNOR>4706</CNOR>
    <CSUD>6175</CSUD>
    <NORD>23206</NORD>
    <SARD>1182</SARD>
    <SICI>2256</SICI>
    <SUD>3323</SUD>
  </StimeFabbisogno>
  <StimeFabbisogno>
    <Data>20140310</Data>
    <Mercato>MGP</Mercato>
    <Ora>11</Ora>
    <Totale>40741</Totale>
    <CNOR>4758</CNOR>
    <CSUD>6134</CSUD>
    <NORD>23122</NORD>
    <SARD>1136</SARD>
    <SICI>2312</SICI>
    <SUD>3279</SUD>
  </StimeFabbisogno>
  <StimeFabbisogno>
    <Data>20140310</Data>
    <Mercato>MGP</Mercato>
    <Ora>12</Ora>
    <Totale>40519</Totale>
    <CNOR>4825</CNOR>
    <CSUD>6092</CSUD>
    <NORD>23078</NORD>
    <SARD>1147</SARD>
    <SICI>2195</SICI>
    <SUD>3182</SUD>
  </StimeFabbisogno>
  <StimeFabbisogno>
    <Data>20140310</Data>
    <Mercato>MGP</Mercato>
    <Ora>13</Ora>
    <Totale>38115</Totale>
    <CNOR>4524</CNOR>
    <CSUD>6007</CSUD>
    <NORD>21486</NORD>
    <SARD>1124</SARD>
    <SICI>2170</SICI>
    <SUD>2804</SUD>
  </StimeFabbisogno>
  <StimeFabbisogno>
    <Data>20140310</Data>
    <Mercato>MGP</Mercato>
    <Ora>14</Ora>
    <Totale>38077</Totale>
    <CNOR>4333</CNOR>
    <CSUD>5777</CSUD>
    <NORD>21994</NORD>
    <SARD>1146</SARD>
    <SICI>2141</SICI>
    <SUD>2686</SUD>
  </StimeFabbisogno>
  <StimeFabbisogno>
    <Data>20140310</Data>
    <Mercato>MGP</Mercato>
    <Ora>15</Ora>
    <Totale>39795</Totale>
    <CNOR>4395</CNOR>
    <CSUD>5948</CSUD>
    <NORD>23474</NORD>
    <SARD>1097</SARD>
    <SICI>2160</SICI>
    <SUD>2721</SUD>
  </StimeFabbisogno>
  <StimeFabbisogno>
    <Data>20140310</Data>
    <Mercato>MGP</Mercato>
    <Ora>16</Ora>
    <Totale>39972</Totale>
    <CNOR>4560</CNOR>
    <CSUD>5928</CSUD>
    <NORD>23375</NORD>
    <SARD>1100</SARD>
    <SICI>2169</SICI>
    <SUD>2840</SUD>
  </StimeFabbisogno>
  <StimeFabbisogno>
    <Data>20140310</Data>
    <Mercato>MGP</Mercato>
    <Ora>17</Ora>
    <Totale>40177</Totale>
    <CNOR>4688</CNOR>
    <CSUD>6009</CSUD>
    <NORD>23269</NORD>
    <SARD>1127</SARD>
    <SICI>2178</SICI>
    <SUD>2906</SUD>
  </StimeFabbisogno>
  <StimeFabbisogno>
    <Data>20140310</Data>
    <Mercato>MGP</Mercato>
    <Ora>18</Ora>
    <Totale>39868</Totale>
    <CNOR>4560</CNOR>
    <CSUD>6180</CSUD>
    <NORD>22572</NORD>
    <SARD>1144</SARD>
    <SICI>2297</SICI>
    <SUD>3115</SUD>
  </StimeFabbisogno>
  <StimeFabbisogno>
    <Data>20140310</Data>
    <Mercato>MGP</Mercato>
    <Ora>19</Ora>
    <Totale>41884</Totale>
    <CNOR>4726</CNOR>
    <CSUD>6699</CSUD>
    <NORD>23161</NORD>
    <SARD>1212</SARD>
    <SICI>2561</SICI>
    <SUD>3525</SUD>
  </StimeFabbisogno>
  <StimeFabbisogno>
    <Data>20140310</Data>
    <Mercato>MGP</Mercato>
    <Ora>20</Ora>
    <Totale>42175</Totale>
    <CNOR>4737</CNOR>
    <CSUD>6947</CSUD>
    <NORD>22888</NORD>
    <SARD>1265</SARD>
    <SICI>2687</SICI>
    <SUD>3651</SUD>
  </StimeFabbisogno>
  <StimeFabbisogno>
    <Data>20140310</Data>
    <Mercato>MGP</Mercato>
    <Ora>21</Ora>
    <Totale>39961</Totale>
    <CNOR>4301</CNOR>
    <CSUD>6632</CSUD>
    <NORD>21595</NORD>
    <SARD>1235</SARD>
    <SICI>2622</SICI>
    <SUD>3576</SUD>
  </StimeFabbisogno>
  <StimeFabbisogno>
    <Data>20140310</Data>
    <Mercato>MGP</Mercato>
    <Ora>22</Ora>
    <Totale>36839</Totale>
    <CNOR>4031</CNOR>
    <CSUD>6102</CSUD>
    <NORD>19804</NORD>
    <SARD>1145</SARD>
    <SICI>2444</SICI>
    <SUD>3313</SUD>
  </StimeFabbisogno>
  <StimeFabbisogno>
    <Data>20140310</Data>
    <Mercato>MGP</Mercato>
    <Ora>23</Ora>
    <Totale>33110</Totale>
    <CNOR>3679</CNOR>
    <CSUD>5452</CSUD>
    <NORD>17727</NORD>
    <SARD>1053</SARD>
    <SICI>2201</SICI>
    <SUD>2998</SUD>
  </StimeFabbisogno>
  <StimeFabbisogno>
    <Data>20140310</Data>
    <Mercato>MGP</Mercato>
    <Ora>24</Ora>
    <Totale>29858</Totale>
    <CNOR>3369</CNOR>
    <CSUD>4836</CSUD>
    <NORD>16172</NORD>
    <SARD>952</SARD>
    <SICI>1907</SICI>
    <SUD>2622</SUD>
  </StimeFabbisogno>
</NewDataSet>