<?xml version="1.0" standalone="yes"?>
<NewDataSet>
  <xs:schema id="NewDataSet" xmlns="" xmlns:xs="http://www.w3.org/2001/XMLSchema" xmlns:msdata="urn:schemas-microsoft-com:xml-msdata">
    <xs:element name="NewDataSet" msdata:IsDataSet="true" msdata:UseCurrentLocale="true">
      <xs:complexType>
        <xs:choice minOccurs="0" maxOccurs="unbounded">
          <xs:element name="StimeFabbisogno">
            <xs:complexType>
              <xs:sequence>
                <xs:element name="Data" type="xs:string" minOccurs="0" />
                <xs:element name="Mercato" type="xs:string" minOccurs="0" />
                <xs:element name="Ora" type="xs:string" minOccurs="0" />
                <xs:element name="Totale" type="xs:string" minOccurs="0" />
                <xs:element name="CNOR" type="xs:string" minOccurs="0" />
                <xs:element name="CSUD" type="xs:string" minOccurs="0" />
                <xs:element name="NORD" type="xs:string" minOccurs="0" />
                <xs:element name="SARD" type="xs:string" minOccurs="0" />
                <xs:element name="SICI" type="xs:string" minOccurs="0" />
                <xs:element name="SUD" type="xs:string" minOccurs="0" />
              </xs:sequence>
            </xs:complexType>
          </xs:element>
        </xs:choice>
      </xs:complexType>
    </xs:element>
  </xs:schema>
  <StimeFabbisogno>
    <Data>20140325</Data>
    <Mercato>MGP</Mercato>
    <Ora>1</Ora>
    <Totale>26854</Totale>
    <CNOR>2904</CNOR>
    <CSUD>4074</CSUD>
    <NORD>15444</NORD>
    <SARD>820</SARD>
    <SICI>1505</SICI>
    <SUD>2107</SUD>
  </StimeFabbisogno>
  <StimeFabbisogno>
    <Data>20140325</Data>
    <Mercato>MGP</Mercato>
    <Ora>2</Ora>
    <Totale>25454</Totale>
    <CNOR>2732</CNOR>
    <CSUD>3755</CSUD>
    <NORD>14824</NORD>
    <SARD>779</SARD>
    <SICI>1388</SICI>
    <SUD>1976</SUD>
  </StimeFabbisogno>
  <StimeFabbisogno>
    <Data>20140325</Data>
    <Mercato>MGP</Mercato>
    <Ora>3</Ora>
    <Totale>24611</Totale>
    <CNOR>2632</CNOR>
    <CSUD>3601</CSUD>
    <NORD>14409</NORD>
    <SARD>760</SARD>
    <SICI>1312</SICI>
    <SUD>1897</SUD>
  </StimeFabbisogno>
  <StimeFabbisogno>
    <Data>20140325</Data>
    <Mercato>MGP</Mercato>
    <Ora>4</Ora>
    <Totale>24437</Totale>
    <CNOR>2605</CNOR>
    <CSUD>3559</CSUD>
    <NORD>14323</NORD>
    <SARD>765</SARD>
    <SICI>1298</SICI>
    <SUD>1887</SUD>
  </StimeFabbisogno>
  <StimeFabbisogno>
    <Data>20140325</Data>
    <Mercato>MGP</Mercato>
    <Ora>5</Ora>
    <Totale>24708</Totale>
    <CNOR>2634</CNOR>
    <CSUD>3595</CSUD>
    <NORD>14492</NORD>
    <SARD>771</SARD>
    <SICI>1319</SICI>
    <SUD>1897</SUD>
  </StimeFabbisogno>
  <StimeFabbisogno>
    <Data>20140325</Data>
    <Mercato>MGP</Mercato>
    <Ora>6</Ora>
    <Totale>26076</Totale>
    <CNOR>2819</CNOR>
    <CSUD>3771</CSUD>
    <NORD>15317</NORD>
    <SARD>805</SARD>
    <SICI>1396</SICI>
    <SUD>1968</SUD>
  </StimeFabbisogno>
  <StimeFabbisogno>
    <Data>20140325</Data>
    <Mercato>MGP</Mercato>
    <Ora>7</Ora>
    <Totale>29074</Totale>
    <CNOR>3101</CNOR>
    <CSUD>4125</CSUD>
    <NORD>17344</NORD>
    <SARD>884</SARD>
    <SICI>1530</SICI>
    <SUD>2090</SUD>
  </StimeFabbisogno>
  <StimeFabbisogno>
    <Data>20140325</Data>
    <Mercato>MGP</Mercato>
    <Ora>8</Ora>
    <Totale>34485</Totale>
    <CNOR>3669</CNOR>
    <CSUD>5081</CSUD>
    <NORD>20348</NORD>
    <SARD>995</SARD>
    <SICI>1894</SICI>
    <SUD>2498</SUD>
  </StimeFabbisogno>
  <StimeFabbisogno>
    <Data>20140325</Data>
    <Mercato>MGP</Mercato>
    <Ora>9</Ora>
    <Totale>38906</Totale>
    <CNOR>4263</CNOR>
    <CSUD>5770</CSUD>
    <NORD>23208</NORD>
    <SARD>1039</SARD>
    <SICI>2055</SICI>
    <SUD>2571</SUD>
  </StimeFabbisogno>
  <StimeFabbisogno>
    <Data>20140325</Data>
    <Mercato>MGP</Mercato>
    <Ora>10</Ora>
    <Totale>40252</Totale>
    <CNOR>4349</CNOR>
    <CSUD>6052</CSUD>
    <NORD>23988</NORD>
    <SARD>1082</SARD>
    <SICI>2064</SICI>
    <SUD>2717</SUD>
  </StimeFabbisogno>
  <StimeFabbisogno>
    <Data>20140325</Data>
    <Mercato>MGP</Mercato>
    <Ora>11</Ora>
    <Totale>40044</Totale>
    <CNOR>4338</CNOR>
    <CSUD>6092</CSUD>
    <NORD>23837</NORD>
    <SARD>1054</SARD>
    <SICI>2029</SICI>
    <SUD>2694</SUD>
  </StimeFabbisogno>
  <StimeFabbisogno>
    <Data>20140325</Data>
    <Mercato>MGP</Mercato>
    <Ora>12</Ora>
    <Totale>40295</Totale>
    <CNOR>4309</CNOR>
    <CSUD>6067</CSUD>
    <NORD>24344</NORD>
    <SARD>1057</SARD>
    <SICI>1942</SICI>
    <SUD>2576</SUD>
  </StimeFabbisogno>
  <StimeFabbisogno>
    <Data>20140325</Data>
    <Mercato>MGP</Mercato>
    <Ora>13</Ora>
    <Totale>38480</Totale>
    <CNOR>4125</CNOR>
    <CSUD>6266</CSUD>
    <NORD>22547</NORD>
    <SARD>1004</SARD>
    <SICI>1964</SICI>
    <SUD>2574</SUD>
  </StimeFabbisogno>
  <StimeFabbisogno>
    <Data>20140325</Data>
    <Mercato>MGP</Mercato>
    <Ora>14</Ora>
    <Totale>38435</Totale>
    <CNOR>4003</CNOR>
    <CSUD>6094</CSUD>
    <NORD>22851</NORD>
    <SARD>994</SARD>
    <SICI>1907</SICI>
    <SUD>2586</SUD>
  </StimeFabbisogno>
  <StimeFabbisogno>
    <Data>20140325</Data>
    <Mercato>MGP</Mercato>
    <Ora>15</Ora>
    <Totale>39233</Totale>
    <CNOR>4385</CNOR>
    <CSUD>5895</CSUD>
    <NORD>23286</NORD>
    <SARD>1082</SARD>
    <SICI>1987</SICI>
    <SUD>2598</SUD>
  </StimeFabbisogno>
  <StimeFabbisogno>
    <Data>20140325</Data>
    <Mercato>MGP</Mercato>
    <Ora>16</Ora>
    <Totale>39334</Totale>
    <CNOR>4451</CNOR>
    <CSUD>6025</CSUD>
    <NORD>23182</NORD>
    <SARD>1015</SARD>
    <SICI>2034</SICI>
    <SUD>2627</SUD>
  </StimeFabbisogno>
  <StimeFabbisogno>
    <Data>20140325</Data>
    <Mercato>MGP</Mercato>
    <Ora>17</Ora>
    <Totale>38923</Totale>
    <CNOR>4454</CNOR>
    <CSUD>5949</CSUD>
    <NORD>22671</NORD>
    <SARD>1003</SARD>
    <SICI>2077</SICI>
    <SUD>2769</SUD>
  </StimeFabbisogno>
  <StimeFabbisogno>
    <Data>20140325</Data>
    <Mercato>MGP</Mercato>
    <Ora>18</Ora>
    <Totale>38072</Totale>
    <CNOR>4425</CNOR>
    <CSUD>5880</CSUD>
    <NORD>21823</NORD>
    <SARD>1014</SARD>
    <SICI>2056</SICI>
    <SUD>2874</SUD>
  </StimeFabbisogno>
  <StimeFabbisogno>
    <Data>20140325</Data>
    <Mercato>MGP</Mercato>
    <Ora>19</Ora>
    <Totale>39694</Totale>
    <CNOR>4561</CNOR>
    <CSUD>6276</CSUD>
    <NORD>22272</NORD>
    <SARD>1056</SARD>
    <SICI>2245</SICI>
    <SUD>3284</SUD>
  </StimeFabbisogno>
  <StimeFabbisogno>
    <Data>20140325</Data>
    <Mercato>MGP</Mercato>
    <Ora>20</Ora>
    <Totale>42131</Totale>
    <CNOR>4602</CNOR>
    <CSUD>6783</CSUD>
    <NORD>23571</NORD>
    <SARD>1182</SARD>
    <SICI>2485</SICI>
    <SUD>3508</SUD>
  </StimeFabbisogno>
  <StimeFabbisogno>
    <Data>20140325</Data>
    <Mercato>MGP</Mercato>
    <Ora>21</Ora>
    <Totale>39894</Totale>
    <CNOR>4310</CNOR>
    <CSUD>6426</CSUD>
    <NORD>22192</NORD>
    <SARD>1155</SARD>
    <SICI>2397</SICI>
    <SUD>3414</SUD>
  </StimeFabbisogno>
  <StimeFabbisogno>
    <Data>20140325</Data>
    <Mercato>MGP</Mercato>
    <Ora>22</Ora>
    <Totale>36987</Totale>
    <CNOR>3913</CNOR>
    <CSUD>5902</CSUD>
    <NORD>20786</NORD>
    <SARD>1067</SARD>
    <SICI>2217</SICI>
    <SUD>3102</SUD>
  </StimeFabbisogno>
  <StimeFabbisogno>
    <Data>20140325</Data>
    <Mercato>MGP</Mercato>
    <Ora>23</Ora>
    <Totale>33295</Totale>
    <CNOR>3492</CNOR>
    <CSUD>5262</CSUD>
    <NORD>18707</NORD>
    <SARD>975</SARD>
    <SICI>2007</SICI>
    <SUD>2852</SUD>
  </StimeFabbisogno>
  <StimeFabbisogno>
    <Data>20140325</Data>
    <Mercato>MGP</Mercato>
    <Ora>24</Ora>
    <Totale>30091</Totale>
    <CNOR>3182</CNOR>
    <CSUD>4649</CSUD>
    <NORD>17097</NORD>
    <SARD>889</SARD>
    <SICI>1775</SICI>
    <SUD>2499</SUD>
  </StimeFabbisogno>
</NewDataSet>