<?xml version="1.0" standalone="yes"?>
<NewDataSet>
  <xs:schema id="NewDataSet" xmlns="" xmlns:xs="http://www.w3.org/2001/XMLSchema" xmlns:msdata="urn:schemas-microsoft-com:xml-msdata">
    <xs:element name="NewDataSet" msdata:IsDataSet="true" msdata:UseCurrentLocale="true">
      <xs:complexType>
        <xs:choice minOccurs="0" maxOccurs="unbounded">
          <xs:element name="StimeFabbisogno">
            <xs:complexType>
              <xs:sequence>
                <xs:element name="Data" type="xs:string" minOccurs="0" />
                <xs:element name="Mercato" type="xs:string" minOccurs="0" />
                <xs:element name="Ora" type="xs:string" minOccurs="0" />
                <xs:element name="Totale" type="xs:string" minOccurs="0" />
                <xs:element name="CNOR" type="xs:string" minOccurs="0" />
                <xs:element name="CSUD" type="xs:string" minOccurs="0" />
                <xs:element name="NORD" type="xs:string" minOccurs="0" />
                <xs:element name="SARD" type="xs:string" minOccurs="0" />
                <xs:element name="SICI" type="xs:string" minOccurs="0" />
                <xs:element name="SUD" type="xs:string" minOccurs="0" />
              </xs:sequence>
            </xs:complexType>
          </xs:element>
        </xs:choice>
      </xs:complexType>
    </xs:element>
  </xs:schema>
  <StimeFabbisogno>
    <Data>20140307</Data>
    <Mercato>MGP</Mercato>
    <Ora>1</Ora>
    <Totale>27415</Totale>
    <CNOR>3092</CNOR>
    <CSUD>4202</CSUD>
    <NORD>15258</NORD>
    <SARD>837</SARD>
    <SICI>1668</SICI>
    <SUD>2358</SUD>
  </StimeFabbisogno>
  <StimeFabbisogno>
    <Data>20140307</Data>
    <Mercato>MGP</Mercato>
    <Ora>2</Ora>
    <Totale>25728</Totale>
    <CNOR>2970</CNOR>
    <CSUD>3825</CSUD>
    <NORD>14407</NORD>
    <SARD>780</SARD>
    <SICI>1515</SICI>
    <SUD>2231</SUD>
  </StimeFabbisogno>
  <StimeFabbisogno>
    <Data>20140307</Data>
    <Mercato>MGP</Mercato>
    <Ora>3</Ora>
    <Totale>24892</Totale>
    <CNOR>2923</CNOR>
    <CSUD>3652</CSUD>
    <NORD>13990</NORD>
    <SARD>765</SARD>
    <SICI>1422</SICI>
    <SUD>2140</SUD>
  </StimeFabbisogno>
  <StimeFabbisogno>
    <Data>20140307</Data>
    <Mercato>MGP</Mercato>
    <Ora>4</Ora>
    <Totale>24513</Totale>
    <CNOR>2920</CNOR>
    <CSUD>3564</CSUD>
    <NORD>13764</NORD>
    <SARD>757</SARD>
    <SICI>1374</SICI>
    <SUD>2134</SUD>
  </StimeFabbisogno>
  <StimeFabbisogno>
    <Data>20140307</Data>
    <Mercato>MGP</Mercato>
    <Ora>5</Ora>
    <Totale>24856</Totale>
    <CNOR>2955</CNOR>
    <CSUD>3554</CSUD>
    <NORD>14031</NORD>
    <SARD>765</SARD>
    <SICI>1391</SICI>
    <SUD>2160</SUD>
  </StimeFabbisogno>
  <StimeFabbisogno>
    <Data>20140307</Data>
    <Mercato>MGP</Mercato>
    <Ora>6</Ora>
    <Totale>26467</Totale>
    <CNOR>3075</CNOR>
    <CSUD>3787</CSUD>
    <NORD>15049</NORD>
    <SARD>804</SARD>
    <SICI>1464</SICI>
    <SUD>2288</SUD>
  </StimeFabbisogno>
  <StimeFabbisogno>
    <Data>20140307</Data>
    <Mercato>MGP</Mercato>
    <Ora>7</Ora>
    <Totale>30286</Totale>
    <CNOR>3488</CNOR>
    <CSUD>4378</CSUD>
    <NORD>17420</NORD>
    <SARD>885</SARD>
    <SICI>1587</SICI>
    <SUD>2528</SUD>
  </StimeFabbisogno>
  <StimeFabbisogno>
    <Data>20140307</Data>
    <Mercato>MGP</Mercato>
    <Ora>8</Ora>
    <Totale>35565</Totale>
    <CNOR>4129</CNOR>
    <CSUD>5253</CSUD>
    <NORD>20376</NORD>
    <SARD>1034</SARD>
    <SICI>1901</SICI>
    <SUD>2872</SUD>
  </StimeFabbisogno>
  <StimeFabbisogno>
    <Data>20140307</Data>
    <Mercato>MGP</Mercato>
    <Ora>9</Ora>
    <Totale>40410</Totale>
    <CNOR>4732</CNOR>
    <CSUD>5951</CSUD>
    <NORD>23081</NORD>
    <SARD>1151</SARD>
    <SICI>2172</SICI>
    <SUD>3323</SUD>
  </StimeFabbisogno>
  <StimeFabbisogno>
    <Data>20140307</Data>
    <Mercato>MGP</Mercato>
    <Ora>10</Ora>
    <Totale>41985</Totale>
    <CNOR>4959</CNOR>
    <CSUD>6222</CSUD>
    <NORD>23770</NORD>
    <SARD>1249</SARD>
    <SICI>2312</SICI>
    <SUD>3473</SUD>
  </StimeFabbisogno>
  <StimeFabbisogno>
    <Data>20140307</Data>
    <Mercato>MGP</Mercato>
    <Ora>11</Ora>
    <Totale>41824</Totale>
    <CNOR>5016</CNOR>
    <CSUD>6190</CSUD>
    <NORD>23588</NORD>
    <SARD>1222</SARD>
    <SICI>2387</SICI>
    <SUD>3421</SUD>
  </StimeFabbisogno>
  <StimeFabbisogno>
    <Data>20140307</Data>
    <Mercato>MGP</Mercato>
    <Ora>12</Ora>
    <Totale>41635</Totale>
    <CNOR>5113</CNOR>
    <CSUD>6040</CSUD>
    <NORD>23619</NORD>
    <SARD>1237</SARD>
    <SICI>2277</SICI>
    <SUD>3349</SUD>
  </StimeFabbisogno>
  <StimeFabbisogno>
    <Data>20140307</Data>
    <Mercato>MGP</Mercato>
    <Ora>13</Ora>
    <Totale>38925</Totale>
    <CNOR>4652</CNOR>
    <CSUD>6055</CSUD>
    <NORD>21873</NORD>
    <SARD>1231</SARD>
    <SICI>2263</SICI>
    <SUD>2851</SUD>
  </StimeFabbisogno>
  <StimeFabbisogno>
    <Data>20140307</Data>
    <Mercato>MGP</Mercato>
    <Ora>14</Ora>
    <Totale>38358</Totale>
    <CNOR>4361</CNOR>
    <CSUD>5849</CSUD>
    <NORD>22117</NORD>
    <SARD>1236</SARD>
    <SICI>2141</SICI>
    <SUD>2654</SUD>
  </StimeFabbisogno>
  <StimeFabbisogno>
    <Data>20140307</Data>
    <Mercato>MGP</Mercato>
    <Ora>15</Ora>
    <Totale>39731</Totale>
    <CNOR>4368</CNOR>
    <CSUD>6012</CSUD>
    <NORD>23116</NORD>
    <SARD>1180</SARD>
    <SICI>2159</SICI>
    <SUD>2896</SUD>
  </StimeFabbisogno>
  <StimeFabbisogno>
    <Data>20140307</Data>
    <Mercato>MGP</Mercato>
    <Ora>16</Ora>
    <Totale>40209</Totale>
    <CNOR>4646</CNOR>
    <CSUD>6149</CSUD>
    <NORD>23112</NORD>
    <SARD>1177</SARD>
    <SICI>2206</SICI>
    <SUD>2919</SUD>
  </StimeFabbisogno>
  <StimeFabbisogno>
    <Data>20140307</Data>
    <Mercato>MGP</Mercato>
    <Ora>17</Ora>
    <Totale>40098</Totale>
    <CNOR>4723</CNOR>
    <CSUD>6090</CSUD>
    <NORD>22878</NORD>
    <SARD>1195</SARD>
    <SICI>2254</SICI>
    <SUD>2958</SUD>
  </StimeFabbisogno>
  <StimeFabbisogno>
    <Data>20140307</Data>
    <Mercato>MGP</Mercato>
    <Ora>18</Ora>
    <Totale>40188</Totale>
    <CNOR>4550</CNOR>
    <CSUD>6304</CSUD>
    <NORD>22541</NORD>
    <SARD>1203</SARD>
    <SICI>2365</SICI>
    <SUD>3225</SUD>
  </StimeFabbisogno>
  <StimeFabbisogno>
    <Data>20140307</Data>
    <Mercato>MGP</Mercato>
    <Ora>19</Ora>
    <Totale>42437</Totale>
    <CNOR>4746</CNOR>
    <CSUD>6889</CSUD>
    <NORD>23285</NORD>
    <SARD>1242</SARD>
    <SICI>2641</SICI>
    <SUD>3634</SUD>
  </StimeFabbisogno>
  <StimeFabbisogno>
    <Data>20140307</Data>
    <Mercato>MGP</Mercato>
    <Ora>20</Ora>
    <Totale>42590</Totale>
    <CNOR>4746</CNOR>
    <CSUD>7129</CSUD>
    <NORD>22926</NORD>
    <SARD>1287</SARD>
    <SICI>2760</SICI>
    <SUD>3742</SUD>
  </StimeFabbisogno>
  <StimeFabbisogno>
    <Data>20140307</Data>
    <Mercato>MGP</Mercato>
    <Ora>21</Ora>
    <Totale>40121</Totale>
    <CNOR>4284</CNOR>
    <CSUD>6739</CSUD>
    <NORD>21461</NORD>
    <SARD>1260</SARD>
    <SICI>2692</SICI>
    <SUD>3685</SUD>
  </StimeFabbisogno>
  <StimeFabbisogno>
    <Data>20140307</Data>
    <Mercato>MGP</Mercato>
    <Ora>22</Ora>
    <Totale>36889</Totale>
    <CNOR>3999</CNOR>
    <CSUD>6184</CSUD>
    <NORD>19686</NORD>
    <SARD>1164</SARD>
    <SICI>2482</SICI>
    <SUD>3374</SUD>
  </StimeFabbisogno>
  <StimeFabbisogno>
    <Data>20140307</Data>
    <Mercato>MGP</Mercato>
    <Ora>23</Ora>
    <Totale>33189</Totale>
    <CNOR>3673</CNOR>
    <CSUD>5551</CSUD>
    <NORD>17654</NORD>
    <SARD>1068</SARD>
    <SICI>2230</SICI>
    <SUD>3013</SUD>
  </StimeFabbisogno>
  <StimeFabbisogno>
    <Data>20140307</Data>
    <Mercato>MGP</Mercato>
    <Ora>24</Ora>
    <Totale>30061</Totale>
    <CNOR>3375</CNOR>
    <CSUD>4933</CSUD>
    <NORD>16193</NORD>
    <SARD>974</SARD>
    <SICI>1940</SICI>
    <SUD>2646</SUD>
  </StimeFabbisogno>
</NewDataSet>