<?xml version="1.0" standalone="yes"?>
<NewDataSet>
  <xs:schema id="NewDataSet" xmlns="" xmlns:xs="http://www.w3.org/2001/XMLSchema" xmlns:msdata="urn:schemas-microsoft-com:xml-msdata">
    <xs:element name="NewDataSet" msdata:IsDataSet="true" msdata:UseCurrentLocale="true">
      <xs:complexType>
        <xs:choice minOccurs="0" maxOccurs="unbounded">
          <xs:element name="StimeFabbisogno">
            <xs:complexType>
              <xs:sequence>
                <xs:element name="Data" type="xs:string" minOccurs="0" />
                <xs:element name="Mercato" type="xs:string" minOccurs="0" />
                <xs:element name="Ora" type="xs:string" minOccurs="0" />
                <xs:element name="Totale" type="xs:string" minOccurs="0" />
                <xs:element name="CNOR" type="xs:string" minOccurs="0" />
                <xs:element name="CSUD" type="xs:string" minOccurs="0" />
                <xs:element name="NORD" type="xs:string" minOccurs="0" />
                <xs:element name="SARD" type="xs:string" minOccurs="0" />
                <xs:element name="SICI" type="xs:string" minOccurs="0" />
                <xs:element name="SUD" type="xs:string" minOccurs="0" />
              </xs:sequence>
            </xs:complexType>
          </xs:element>
        </xs:choice>
      </xs:complexType>
    </xs:element>
  </xs:schema>
  <StimeFabbisogno>
    <Data>20140317</Data>
    <Mercato>MGP</Mercato>
    <Ora>1</Ora>
    <Totale>23513</Totale>
    <CNOR>2603</CNOR>
    <CSUD>3727</CSUD>
    <NORD>12637</NORD>
    <SARD>814</SARD>
    <SICI>1621</SICI>
    <SUD>2111</SUD>
  </StimeFabbisogno>
  <StimeFabbisogno>
    <Data>20140317</Data>
    <Mercato>MGP</Mercato>
    <Ora>2</Ora>
    <Totale>22108</Totale>
    <CNOR>2456</CNOR>
    <CSUD>3431</CSUD>
    <NORD>12075</NORD>
    <SARD>771</SARD>
    <SICI>1437</SICI>
    <SUD>1938</SUD>
  </StimeFabbisogno>
  <StimeFabbisogno>
    <Data>20140317</Data>
    <Mercato>MGP</Mercato>
    <Ora>3</Ora>
    <Totale>21403</Totale>
    <CNOR>2374</CNOR>
    <CSUD>3269</CSUD>
    <NORD>11806</NORD>
    <SARD>745</SARD>
    <SICI>1379</SICI>
    <SUD>1830</SUD>
  </StimeFabbisogno>
  <StimeFabbisogno>
    <Data>20140317</Data>
    <Mercato>MGP</Mercato>
    <Ora>4</Ora>
    <Totale>21370</Totale>
    <CNOR>2360</CNOR>
    <CSUD>3219</CSUD>
    <NORD>11865</NORD>
    <SARD>739</SARD>
    <SICI>1344</SICI>
    <SUD>1843</SUD>
  </StimeFabbisogno>
  <StimeFabbisogno>
    <Data>20140317</Data>
    <Mercato>MGP</Mercato>
    <Ora>5</Ora>
    <Totale>21819</Totale>
    <CNOR>2363</CNOR>
    <CSUD>3273</CSUD>
    <NORD>12183</NORD>
    <SARD>742</SARD>
    <SICI>1369</SICI>
    <SUD>1889</SUD>
  </StimeFabbisogno>
  <StimeFabbisogno>
    <Data>20140317</Data>
    <Mercato>MGP</Mercato>
    <Ora>6</Ora>
    <Totale>23790</Totale>
    <CNOR>2570</CNOR>
    <CSUD>3551</CSUD>
    <NORD>13479</NORD>
    <SARD>764</SARD>
    <SICI>1440</SICI>
    <SUD>1986</SUD>
  </StimeFabbisogno>
  <StimeFabbisogno>
    <Data>20140317</Data>
    <Mercato>MGP</Mercato>
    <Ora>7</Ora>
    <Totale>27975</Totale>
    <CNOR>2987</CNOR>
    <CSUD>4057</CSUD>
    <NORD>16338</NORD>
    <SARD>851</SARD>
    <SICI>1556</SICI>
    <SUD>2186</SUD>
  </StimeFabbisogno>
  <StimeFabbisogno>
    <Data>20140317</Data>
    <Mercato>MGP</Mercato>
    <Ora>8</Ora>
    <Totale>33516</Totale>
    <CNOR>3595</CNOR>
    <CSUD>4868</CSUD>
    <NORD>19649</NORD>
    <SARD>990</SARD>
    <SICI>1893</SICI>
    <SUD>2521</SUD>
  </StimeFabbisogno>
  <StimeFabbisogno>
    <Data>20140317</Data>
    <Mercato>MGP</Mercato>
    <Ora>9</Ora>
    <Totale>38171</Totale>
    <CNOR>4144</CNOR>
    <CSUD>5436</CSUD>
    <NORD>22633</NORD>
    <SARD>1104</SARD>
    <SICI>2147</SICI>
    <SUD>2707</SUD>
  </StimeFabbisogno>
  <StimeFabbisogno>
    <Data>20140317</Data>
    <Mercato>MGP</Mercato>
    <Ora>10</Ora>
    <Totale>39318</Totale>
    <CNOR>4304</CNOR>
    <CSUD>5785</CSUD>
    <NORD>23191</NORD>
    <SARD>1125</SARD>
    <SICI>2271</SICI>
    <SUD>2642</SUD>
  </StimeFabbisogno>
  <StimeFabbisogno>
    <Data>20140317</Data>
    <Mercato>MGP</Mercato>
    <Ora>11</Ora>
    <Totale>39765</Totale>
    <CNOR>4376</CNOR>
    <CSUD>5874</CSUD>
    <NORD>23416</NORD>
    <SARD>1139</SARD>
    <SICI>2278</SICI>
    <SUD>2682</SUD>
  </StimeFabbisogno>
  <StimeFabbisogno>
    <Data>20140317</Data>
    <Mercato>MGP</Mercato>
    <Ora>12</Ora>
    <Totale>39813</Totale>
    <CNOR>4418</CNOR>
    <CSUD>5868</CSUD>
    <NORD>23418</NORD>
    <SARD>1157</SARD>
    <SICI>2222</SICI>
    <SUD>2730</SUD>
  </StimeFabbisogno>
  <StimeFabbisogno>
    <Data>20140317</Data>
    <Mercato>MGP</Mercato>
    <Ora>13</Ora>
    <Totale>37424</Totale>
    <CNOR>4076</CNOR>
    <CSUD>5632</CSUD>
    <NORD>21473</NORD>
    <SARD>1132</SARD>
    <SICI>2229</SICI>
    <SUD>2882</SUD>
  </StimeFabbisogno>
  <StimeFabbisogno>
    <Data>20140317</Data>
    <Mercato>MGP</Mercato>
    <Ora>14</Ora>
    <Totale>37162</Totale>
    <CNOR>3803</CNOR>
    <CSUD>5389</CSUD>
    <NORD>21888</NORD>
    <SARD>1015</SARD>
    <SICI>2130</SICI>
    <SUD>2937</SUD>
  </StimeFabbisogno>
  <StimeFabbisogno>
    <Data>20140317</Data>
    <Mercato>MGP</Mercato>
    <Ora>15</Ora>
    <Totale>37930</Totale>
    <CNOR>3938</CNOR>
    <CSUD>5475</CSUD>
    <NORD>22710</NORD>
    <SARD>996</SARD>
    <SICI>1995</SICI>
    <SUD>2816</SUD>
  </StimeFabbisogno>
  <StimeFabbisogno>
    <Data>20140317</Data>
    <Mercato>MGP</Mercato>
    <Ora>16</Ora>
    <Totale>38105</Totale>
    <CNOR>4142</CNOR>
    <CSUD>5542</CSUD>
    <NORD>22656</NORD>
    <SARD>1009</SARD>
    <SICI>1988</SICI>
    <SUD>2768</SUD>
  </StimeFabbisogno>
  <StimeFabbisogno>
    <Data>20140317</Data>
    <Mercato>MGP</Mercato>
    <Ora>17</Ora>
    <Totale>38070</Totale>
    <CNOR>4243</CNOR>
    <CSUD>5709</CSUD>
    <NORD>22211</NORD>
    <SARD>1058</SARD>
    <SICI>2062</SICI>
    <SUD>2787</SUD>
  </StimeFabbisogno>
  <StimeFabbisogno>
    <Data>20140317</Data>
    <Mercato>MGP</Mercato>
    <Ora>18</Ora>
    <Totale>37779</Totale>
    <CNOR>4282</CNOR>
    <CSUD>5738</CSUD>
    <NORD>21595</NORD>
    <SARD>1046</SARD>
    <SICI>2153</SICI>
    <SUD>2965</SUD>
  </StimeFabbisogno>
  <StimeFabbisogno>
    <Data>20140317</Data>
    <Mercato>MGP</Mercato>
    <Ora>19</Ora>
    <Totale>40553</Totale>
    <CNOR>4555</CNOR>
    <CSUD>6513</CSUD>
    <NORD>22409</NORD>
    <SARD>1156</SARD>
    <SICI>2479</SICI>
    <SUD>3441</SUD>
  </StimeFabbisogno>
  <StimeFabbisogno>
    <Data>20140317</Data>
    <Mercato>MGP</Mercato>
    <Ora>20</Ora>
    <Totale>41715</Totale>
    <CNOR>4673</CNOR>
    <CSUD>6769</CSUD>
    <NORD>22876</NORD>
    <SARD>1210</SARD>
    <SICI>2607</SICI>
    <SUD>3580</SUD>
  </StimeFabbisogno>
  <StimeFabbisogno>
    <Data>20140317</Data>
    <Mercato>MGP</Mercato>
    <Ora>21</Ora>
    <Totale>39710</Totale>
    <CNOR>4330</CNOR>
    <CSUD>6395</CSUD>
    <NORD>21761</NORD>
    <SARD>1200</SARD>
    <SICI>2577</SICI>
    <SUD>3447</SUD>
  </StimeFabbisogno>
  <StimeFabbisogno>
    <Data>20140317</Data>
    <Mercato>MGP</Mercato>
    <Ora>22</Ora>
    <Totale>36659</Totale>
    <CNOR>3990</CNOR>
    <CSUD>5841</CSUD>
    <NORD>20141</NORD>
    <SARD>1107</SARD>
    <SICI>2373</SICI>
    <SUD>3207</SUD>
  </StimeFabbisogno>
  <StimeFabbisogno>
    <Data>20140317</Data>
    <Mercato>MGP</Mercato>
    <Ora>23</Ora>
    <Totale>32958</Totale>
    <CNOR>3586</CNOR>
    <CSUD>5233</CSUD>
    <NORD>18059</NORD>
    <SARD>1014</SARD>
    <SICI>2140</SICI>
    <SUD>2926</SUD>
  </StimeFabbisogno>
  <StimeFabbisogno>
    <Data>20140317</Data>
    <Mercato>MGP</Mercato>
    <Ora>24</Ora>
    <Totale>29831</Totale>
    <CNOR>3231</CNOR>
    <CSUD>4668</CSUD>
    <NORD>16526</NORD>
    <SARD>922</SARD>
    <SICI>1874</SICI>
    <SUD>2610</SUD>
  </StimeFabbisogno>
</NewDataSet>