<?xml version="1.0" standalone="yes"?>
<NewDataSet>
  <xs:schema id="NewDataSet" xmlns="" xmlns:xs="http://www.w3.org/2001/XMLSchema" xmlns:msdata="urn:schemas-microsoft-com:xml-msdata">
    <xs:element name="NewDataSet" msdata:IsDataSet="true" msdata:UseCurrentLocale="true">
      <xs:complexType>
        <xs:choice minOccurs="0" maxOccurs="unbounded">
          <xs:element name="Prezzi">
            <xs:complexType>
              <xs:sequence>
                <xs:element name="Data" type="xs:string" minOccurs="0" />
                <xs:element name="Mercato" type="xs:string" minOccurs="0" />
                <xs:element name="Ora" type="xs:string" minOccurs="0" />
                <xs:element name="PUN" type="xs:string" minOccurs="0" />
                <xs:element name="NAT" type="xs:string" minOccurs="0" />
                <xs:element name="CNOR" type="xs:string" minOccurs="0" />
                <xs:element name="CSUD" type="xs:string" minOccurs="0" />
                <xs:element name="NORD" type="xs:string" minOccurs="0" />
                <xs:element name="SARD" type="xs:string" minOccurs="0" />
                <xs:element name="SICI" type="xs:string" minOccurs="0" />
                <xs:element name="SUD" type="xs:string" minOccurs="0" />
                <xs:element name="AUST" type="xs:string" minOccurs="0" />
                <xs:element name="BRNN" type="xs:string" minOccurs="0" />
                <xs:element name="COAC" type="xs:string" minOccurs="0" />
                <xs:element name="CORS" type="xs:string" minOccurs="0" />
                <xs:element name="FOGN" type="xs:string" minOccurs="0" />
                <xs:element name="FRAN" type="xs:string" minOccurs="0" />
                <xs:element name="GREC" type="xs:string" minOccurs="0" />
                <xs:element name="MFTV" type="xs:string" minOccurs="0" />
                <xs:element name="PRGP" type="xs:string" minOccurs="0" />
                <xs:element name="ROSN" type="xs:string" minOccurs="0" />
                <xs:element name="SLOV" type="xs:string" minOccurs="0" />
                <xs:element name="SVIZ" type="xs:string" minOccurs="0" />
                <xs:element name="BSP" type="xs:string" minOccurs="0" />
                <xs:element name="MALT" type="xs:string" minOccurs="0" />
                <xs:element name="XAUS" type="xs:string" minOccurs="0" />
                <xs:element name="XFRA" type="xs:string" minOccurs="0" />
              </xs:sequence>
            </xs:complexType>
          </xs:element>
        </xs:choice>
      </xs:complexType>
    </xs:element>
  </xs:schema>
  <Prezzi>
    <Data>20151125</Data>
    <Mercato>MGP</Mercato>
    <Ora>1</Ora>
    <PUN>47,023230</PUN>
    <NAT>46,340000</NAT>
    <CNOR>46,340000</CNOR>
    <CSUD>46,340000</CSUD>
    <NORD>46,340000</NORD>
    <SARD>46,340000</SARD>
    <SICI>58,660000</SICI>
    <SUD>46,340000</SUD>
    <AUST>46,340000</AUST>
    <BRNN>46,340000</BRNN>
    <COAC>46,340000</COAC>
    <CORS>46,340000</CORS>
    <FOGN>46,340000</FOGN>
    <FRAN>46,340000</FRAN>
    <GREC>46,340000</GREC>
    <MFTV>46,340000</MFTV>
    <PRGP>58,660000</PRGP>
    <ROSN>37,000000</ROSN>
    <SLOV>46,340000</SLOV>
    <SVIZ>46,340000</SVIZ>
    <BSP>46,340000</BSP>
    <MALT>58,660000</MALT>
    <XAUS>46,340000</XAUS>
    <XFRA>46,340000</XFRA>
  </Prezzi>
  <Prezzi>
    <Data>20151125</Data>
    <Mercato>MGP</Mercato>
    <Ora>2</Ora>
    <PUN>43,121540</PUN>
    <NAT>42,040000</NAT>
    <CNOR>42,330000</CNOR>
    <CSUD>42,330000</CSUD>
    <NORD>42,330000</NORD>
    <SARD>42,330000</SARD>
    <SICI>56,990000</SICI>
    <SUD>42,330000</SUD>
    <AUST>42,330000</AUST>
    <BRNN>42,330000</BRNN>
    <COAC>42,330000</COAC>
    <CORS>42,330000</CORS>
    <FOGN>42,330000</FOGN>
    <FRAN>42,330000</FRAN>
    <GREC>42,330000</GREC>
    <MFTV>42,330000</MFTV>
    <PRGP>56,990000</PRGP>
    <ROSN>37,000000</ROSN>
    <SLOV>42,330000</SLOV>
    <SVIZ>42,330000</SVIZ>
    <BSP>42,330000</BSP>
    <MALT>56,990000</MALT>
    <XAUS>42,330000</XAUS>
    <XFRA>42,330000</XFRA>
  </Prezzi>
  <Prezzi>
    <Data>20151125</Data>
    <Mercato>MGP</Mercato>
    <Ora>3</Ora>
    <PUN>42,266000</PUN>
    <NAT>41,690000</NAT>
    <CNOR>41,730000</CNOR>
    <CSUD>41,730000</CSUD>
    <NORD>41,730000</NORD>
    <SARD>41,730000</SARD>
    <SICI>52,010000</SICI>
    <SUD>41,730000</SUD>
    <AUST>41,730000</AUST>
    <BRNN>41,730000</BRNN>
    <COAC>41,730000</COAC>
    <CORS>41,730000</CORS>
    <FOGN>41,730000</FOGN>
    <FRAN>41,730000</FRAN>
    <GREC>41,730000</GREC>
    <MFTV>41,730000</MFTV>
    <PRGP>52,010000</PRGP>
    <ROSN>37,000000</ROSN>
    <SLOV>41,730000</SLOV>
    <SVIZ>41,730000</SVIZ>
    <BSP>41,730000</BSP>
    <MALT>52,010000</MALT>
    <XAUS>41,730000</XAUS>
    <XFRA>41,730000</XFRA>
  </Prezzi>
  <Prezzi>
    <Data>20151125</Data>
    <Mercato>MGP</Mercato>
    <Ora>4</Ora>
    <PUN>40,975150</PUN>
    <NAT>40,510000</NAT>
    <CNOR>41,190000</CNOR>
    <CSUD>41,190000</CSUD>
    <NORD>41,190000</NORD>
    <SARD>41,190000</SARD>
    <SICI>37,000000</SICI>
    <SUD>41,190000</SUD>
    <AUST>41,190000</AUST>
    <BRNN>41,190000</BRNN>
    <COAC>41,190000</COAC>
    <CORS>41,190000</CORS>
    <FOGN>41,190000</FOGN>
    <FRAN>41,190000</FRAN>
    <GREC>41,190000</GREC>
    <MFTV>41,190000</MFTV>
    <PRGP>37,000000</PRGP>
    <ROSN>37,000000</ROSN>
    <SLOV>41,190000</SLOV>
    <SVIZ>41,190000</SVIZ>
    <BSP>41,190000</BSP>
    <MALT>37,000000</MALT>
    <XAUS>41,190000</XAUS>
    <XFRA>41,190000</XFRA>
  </Prezzi>
  <Prezzi>
    <Data>20151125</Data>
    <Mercato>MGP</Mercato>
    <Ora>5</Ora>
    <PUN>40,785960</PUN>
    <NAT>40,510000</NAT>
    <CNOR>40,990000</CNOR>
    <CSUD>40,990000</CSUD>
    <NORD>40,990000</NORD>
    <SARD>40,990000</SARD>
    <SICI>37,000000</SICI>
    <SUD>40,990000</SUD>
    <AUST>40,990000</AUST>
    <BRNN>40,990000</BRNN>
    <COAC>40,990000</COAC>
    <CORS>40,990000</CORS>
    <FOGN>40,990000</FOGN>
    <FRAN>40,990000</FRAN>
    <GREC>40,990000</GREC>
    <MFTV>40,990000</MFTV>
    <PRGP>37,000000</PRGP>
    <ROSN>37,000000</ROSN>
    <SLOV>40,990000</SLOV>
    <SVIZ>40,990000</SVIZ>
    <BSP>40,990000</BSP>
    <MALT>37,000000</MALT>
    <XAUS>40,990000</XAUS>
    <XFRA>40,990000</XFRA>
  </Prezzi>
  <Prezzi>
    <Data>20151125</Data>
    <Mercato>MGP</Mercato>
    <Ora>6</Ora>
    <PUN>42,435910</PUN>
    <NAT>42,040000</NAT>
    <CNOR>42,730000</CNOR>
    <CSUD>42,730000</CSUD>
    <NORD>42,730000</NORD>
    <SARD>42,730000</SARD>
    <SICI>37,000000</SICI>
    <SUD>42,730000</SUD>
    <AUST>42,730000</AUST>
    <BRNN>42,730000</BRNN>
    <COAC>42,730000</COAC>
    <CORS>42,730000</CORS>
    <FOGN>42,730000</FOGN>
    <FRAN>42,730000</FRAN>
    <GREC>42,730000</GREC>
    <MFTV>42,730000</MFTV>
    <PRGP>37,000000</PRGP>
    <ROSN>37,000000</ROSN>
    <SLOV>42,730000</SLOV>
    <SVIZ>42,730000</SVIZ>
    <BSP>42,730000</BSP>
    <MALT>37,000000</MALT>
    <XAUS>42,730000</XAUS>
    <XFRA>42,730000</XFRA>
  </Prezzi>
  <Prezzi>
    <Data>20151125</Data>
    <Mercato>MGP</Mercato>
    <Ora>7</Ora>
    <PUN>53,713520</PUN>
    <NAT>52,730000</NAT>
    <CNOR>53,750000</CNOR>
    <CSUD>53,750000</CSUD>
    <NORD>53,750000</NORD>
    <SARD>53,750000</SARD>
    <SICI>53,010000</SICI>
    <SUD>53,750000</SUD>
    <AUST>53,750000</AUST>
    <BRNN>53,750000</BRNN>
    <COAC>53,750000</COAC>
    <CORS>53,750000</CORS>
    <FOGN>53,750000</FOGN>
    <FRAN>53,750000</FRAN>
    <GREC>53,750000</GREC>
    <MFTV>53,750000</MFTV>
    <PRGP>53,010000</PRGP>
    <ROSN>37,000000</ROSN>
    <SLOV>53,750000</SLOV>
    <SVIZ>53,750000</SVIZ>
    <BSP>53,750000</BSP>
    <MALT>53,010000</MALT>
    <XAUS>53,750000</XAUS>
    <XFRA>53,750000</XFRA>
  </Prezzi>
  <Prezzi>
    <Data>20151125</Data>
    <Mercato>MGP</Mercato>
    <Ora>8</Ora>
    <PUN>68,845610</PUN>
    <NAT>63,350000</NAT>
    <CNOR>58,850000</CNOR>
    <CSUD>58,850000</CSUD>
    <NORD>75,030000</NORD>
    <SARD>58,850000</SARD>
    <SICI>60,560000</SICI>
    <SUD>58,850000</SUD>
    <AUST>75,030000</AUST>
    <BRNN>58,850000</BRNN>
    <COAC>58,850000</COAC>
    <CORS>58,850000</CORS>
    <FOGN>58,850000</FOGN>
    <FRAN>75,030000</FRAN>
    <GREC>58,850000</GREC>
    <MFTV>75,030000</MFTV>
    <PRGP>60,560000</PRGP>
    <ROSN>24,950000</ROSN>
    <SLOV>75,030000</SLOV>
    <SVIZ>75,030000</SVIZ>
    <BSP>75,030000</BSP>
    <MALT>60,560000</MALT>
    <XAUS>75,030000</XAUS>
    <XFRA>75,030000</XFRA>
  </Prezzi>
  <Prezzi>
    <Data>20151125</Data>
    <Mercato>MGP</Mercato>
    <Ora>9</Ora>
    <PUN>84,730000</PUN>
    <NAT>78,240000</NAT>
    <CNOR>78,810640</CNOR>
    <CSUD>78,810640</CSUD>
    <NORD>90,480000</NORD>
    <SARD>78,810640</SARD>
    <SICI>60,560000</SICI>
    <SUD>78,810640</SUD>
    <AUST>90,480000</AUST>
    <BRNN>78,810640</BRNN>
    <COAC>78,810640</COAC>
    <CORS>78,810640</CORS>
    <FOGN>78,810640</FOGN>
    <FRAN>90,480000</FRAN>
    <GREC>78,810640</GREC>
    <MFTV>90,480000</MFTV>
    <PRGP>60,560000</PRGP>
    <ROSN>24,950000</ROSN>
    <SLOV>90,480000</SLOV>
    <SVIZ>90,480000</SVIZ>
    <BSP>90,480000</BSP>
    <MALT>60,560000</MALT>
    <XAUS>90,480000</XAUS>
    <XFRA>90,480000</XFRA>
  </Prezzi>
  <Prezzi>
    <Data>20151125</Data>
    <Mercato>MGP</Mercato>
    <Ora>10</Ora>
    <PUN>80,220000</PUN>
    <NAT>75,000000</NAT>
    <CNOR>65,936740</CNOR>
    <CSUD>65,936740</CSUD>
    <NORD>90,000000</NORD>
    <SARD>65,936740</SARD>
    <SICI>60,560000</SICI>
    <SUD>65,936740</SUD>
    <AUST>90,000000</AUST>
    <BRNN>65,936740</BRNN>
    <COAC>65,936740</COAC>
    <CORS>65,936740</CORS>
    <FOGN>65,936740</FOGN>
    <FRAN>90,000000</FRAN>
    <GREC>65,936740</GREC>
    <MFTV>90,000000</MFTV>
    <PRGP>60,560000</PRGP>
    <ROSN>24,950000</ROSN>
    <SLOV>90,000000</SLOV>
    <SVIZ>90,000000</SVIZ>
    <BSP>90,000000</BSP>
    <MALT>60,560000</MALT>
    <XAUS>90,000000</XAUS>
    <XFRA>90,000000</XFRA>
  </Prezzi>
  <Prezzi>
    <Data>20151125</Data>
    <Mercato>MGP</Mercato>
    <Ora>11</Ora>
    <PUN>73,170150</PUN>
    <NAT>66,810000</NAT>
    <CNOR>57,250000</CNOR>
    <CSUD>57,250000</CSUD>
    <NORD>83,240000</NORD>
    <SARD>57,250000</SARD>
    <SICI>58,880000</SICI>
    <SUD>57,250000</SUD>
    <AUST>83,240000</AUST>
    <BRNN>57,250000</BRNN>
    <COAC>57,250000</COAC>
    <CORS>57,250000</CORS>
    <FOGN>57,250000</FOGN>
    <FRAN>83,240000</FRAN>
    <GREC>57,250000</GREC>
    <MFTV>83,240000</MFTV>
    <PRGP>58,880000</PRGP>
    <ROSN>24,950000</ROSN>
    <SLOV>83,240000</SLOV>
    <SVIZ>83,240000</SVIZ>
    <BSP>83,240000</BSP>
    <MALT>58,880000</MALT>
    <XAUS>83,240000</XAUS>
    <XFRA>83,240000</XFRA>
  </Prezzi>
  <Prezzi>
    <Data>20151125</Data>
    <Mercato>MGP</Mercato>
    <Ora>12</Ora>
    <PUN>70,193900</PUN>
    <NAT>63,890000</NAT>
    <CNOR>47,190000</CNOR>
    <CSUD>47,190000</CSUD>
    <NORD>83,240000</NORD>
    <SARD>47,190000</SARD>
    <SICI>58,660000</SICI>
    <SUD>47,190000</SUD>
    <AUST>83,240000</AUST>
    <BRNN>47,190000</BRNN>
    <COAC>47,190000</COAC>
    <CORS>47,190000</CORS>
    <FOGN>47,190000</FOGN>
    <FRAN>83,240000</FRAN>
    <GREC>47,190000</GREC>
    <MFTV>83,240000</MFTV>
    <PRGP>58,660000</PRGP>
    <ROSN>24,950000</ROSN>
    <SLOV>83,240000</SLOV>
    <SVIZ>83,240000</SVIZ>
    <BSP>83,240000</BSP>
    <MALT>58,660000</MALT>
    <XAUS>83,240000</XAUS>
    <XFRA>83,240000</XFRA>
  </Prezzi>
  <Prezzi>
    <Data>20151125</Data>
    <Mercato>MGP</Mercato>
    <Ora>13</Ora>
    <PUN>59,939220</PUN>
    <NAT>56,680000</NAT>
    <CNOR>46,970000</CNOR>
    <CSUD>46,970000</CSUD>
    <NORD>67,260000</NORD>
    <SARD>46,970000</SARD>
    <SICI>58,660000</SICI>
    <SUD>46,970000</SUD>
    <AUST>67,260000</AUST>
    <BRNN>46,970000</BRNN>
    <COAC>46,970000</COAC>
    <CORS>46,970000</CORS>
    <FOGN>46,970000</FOGN>
    <FRAN>67,260000</FRAN>
    <GREC>46,970000</GREC>
    <MFTV>67,260000</MFTV>
    <PRGP>58,660000</PRGP>
    <ROSN>24,950000</ROSN>
    <SLOV>67,260000</SLOV>
    <SVIZ>67,260000</SVIZ>
    <BSP>67,260000</BSP>
    <MALT>58,660000</MALT>
    <XAUS>67,260000</XAUS>
    <XFRA>67,260000</XFRA>
  </Prezzi>
  <Prezzi>
    <Data>20151125</Data>
    <Mercato>MGP</Mercato>
    <Ora>14</Ora>
    <PUN>58,720000</PUN>
    <NAT>56,160000</NAT>
    <CNOR>52,650000</CNOR>
    <CSUD>52,650000</CSUD>
    <NORD>62,636580</NORD>
    <SARD>52,650000</SARD>
    <SICI>58,660000</SICI>
    <SUD>48,300000</SUD>
    <AUST>62,636580</AUST>
    <BRNN>48,300000</BRNN>
    <COAC>52,650000</COAC>
    <CORS>52,650000</CORS>
    <FOGN>48,300000</FOGN>
    <FRAN>62,636580</FRAN>
    <GREC>48,300000</GREC>
    <MFTV>62,636580</MFTV>
    <PRGP>58,660000</PRGP>
    <ROSN>24,950000</ROSN>
    <SLOV>62,636580</SLOV>
    <SVIZ>62,636580</SVIZ>
    <BSP>62,636580</BSP>
    <MALT>58,660000</MALT>
    <XAUS>62,636580</XAUS>
    <XFRA>62,636580</XFRA>
  </Prezzi>
  <Prezzi>
    <Data>20151125</Data>
    <Mercato>MGP</Mercato>
    <Ora>15</Ora>
    <PUN>69,771010</PUN>
    <NAT>61,950000</NAT>
    <CNOR>56,010000</CNOR>
    <CSUD>56,010000</CSUD>
    <NORD>78,990000</NORD>
    <SARD>56,010000</SARD>
    <SICI>58,880000</SICI>
    <SUD>48,300000</SUD>
    <AUST>78,990000</AUST>
    <BRNN>48,300000</BRNN>
    <COAC>56,010000</COAC>
    <CORS>56,010000</CORS>
    <FOGN>48,300000</FOGN>
    <FRAN>78,990000</FRAN>
    <GREC>48,300000</GREC>
    <MFTV>78,990000</MFTV>
    <PRGP>58,880000</PRGP>
    <ROSN>24,950000</ROSN>
    <SLOV>78,990000</SLOV>
    <SVIZ>78,990000</SVIZ>
    <BSP>78,990000</BSP>
    <MALT>58,880000</MALT>
    <XAUS>78,990000</XAUS>
    <XFRA>78,990000</XFRA>
  </Prezzi>
  <Prezzi>
    <Data>20151125</Data>
    <Mercato>MGP</Mercato>
    <Ora>16</Ora>
    <PUN>76,611760</PUN>
    <NAT>68,500000</NAT>
    <CNOR>80,000000</CNOR>
    <CSUD>80,000000</CSUD>
    <NORD>81,000000</NORD>
    <SARD>70,420000</SARD>
    <SICI>60,560000</SICI>
    <SUD>47,000000</SUD>
    <AUST>81,000000</AUST>
    <BRNN>47,000000</BRNN>
    <COAC>70,420000</COAC>
    <CORS>80,000000</CORS>
    <FOGN>47,000000</FOGN>
    <FRAN>81,000000</FRAN>
    <GREC>47,000000</GREC>
    <MFTV>81,000000</MFTV>
    <PRGP>60,560000</PRGP>
    <ROSN>24,950000</ROSN>
    <SLOV>81,000000</SLOV>
    <SVIZ>81,000000</SVIZ>
    <BSP>81,000000</BSP>
    <MALT>60,560000</MALT>
    <XAUS>81,000000</XAUS>
    <XFRA>81,000000</XFRA>
  </Prezzi>
  <Prezzi>
    <Data>20151125</Data>
    <Mercato>MGP</Mercato>
    <Ora>17</Ora>
    <PUN>76,876630</PUN>
    <NAT>72,750000</NAT>
    <CNOR>81,000000</CNOR>
    <CSUD>81,000000</CSUD>
    <NORD>81,000000</NORD>
    <SARD>70,420000</SARD>
    <SICI>60,560000</SICI>
    <SUD>50,000000</SUD>
    <AUST>81,000000</AUST>
    <BRNN>50,000000</BRNN>
    <COAC>70,420000</COAC>
    <CORS>81,000000</CORS>
    <FOGN>50,000000</FOGN>
    <FRAN>81,000000</FRAN>
    <GREC>50,000000</GREC>
    <MFTV>81,000000</MFTV>
    <PRGP>60,560000</PRGP>
    <ROSN>24,950000</ROSN>
    <SLOV>81,000000</SLOV>
    <SVIZ>81,000000</SVIZ>
    <BSP>81,000000</BSP>
    <MALT>60,560000</MALT>
    <XAUS>81,000000</XAUS>
    <XFRA>81,000000</XFRA>
  </Prezzi>
  <Prezzi>
    <Data>20151125</Data>
    <Mercato>MGP</Mercato>
    <Ora>18</Ora>
    <PUN>95,703450</PUN>
    <NAT>91,490000</NAT>
    <CNOR>100,000000</CNOR>
    <CSUD>100,000000</CSUD>
    <NORD>100,000000</NORD>
    <SARD>100,000000</SARD>
    <SICI>63,890000</SICI>
    <SUD>78,800000</SUD>
    <AUST>100,000000</AUST>
    <BRNN>78,800000</BRNN>
    <COAC>100,000000</COAC>
    <CORS>100,000000</CORS>
    <FOGN>78,800000</FOGN>
    <FRAN>100,000000</FRAN>
    <GREC>78,800000</GREC>
    <MFTV>100,000000</MFTV>
    <PRGP>63,890000</PRGP>
    <ROSN>24,950000</ROSN>
    <SLOV>100,000000</SLOV>
    <SVIZ>100,000000</SVIZ>
    <BSP>100,000000</BSP>
    <MALT>63,890000</MALT>
    <XAUS>100,000000</XAUS>
    <XFRA>100,000000</XFRA>
  </Prezzi>
  <Prezzi>
    <Data>20151125</Data>
    <Mercato>MGP</Mercato>
    <Ora>19</Ora>
    <PUN>97,279830</PUN>
    <NAT>90,960000</NAT>
    <CNOR>99,990000</CNOR>
    <CSUD>99,990000</CSUD>
    <NORD>99,990000</NORD>
    <SARD>99,990000</SARD>
    <SICI>63,890000</SICI>
    <SUD>97,460000</SUD>
    <AUST>99,990000</AUST>
    <BRNN>97,460000</BRNN>
    <COAC>99,990000</COAC>
    <CORS>99,990000</CORS>
    <FOGN>97,460000</FOGN>
    <FRAN>99,990000</FRAN>
    <GREC>97,460000</GREC>
    <MFTV>99,990000</MFTV>
    <PRGP>63,890000</PRGP>
    <ROSN>24,950000</ROSN>
    <SLOV>99,990000</SLOV>
    <SVIZ>99,990000</SVIZ>
    <BSP>99,990000</BSP>
    <MALT>63,890000</MALT>
    <XAUS>99,990000</XAUS>
    <XFRA>99,990000</XFRA>
  </Prezzi>
  <Prezzi>
    <Data>20151125</Data>
    <Mercato>MGP</Mercato>
    <Ora>20</Ora>
    <PUN>78,867010</PUN>
    <NAT>75,000000</NAT>
    <CNOR>80,000000</CNOR>
    <CSUD>80,000000</CSUD>
    <NORD>80,000000</NORD>
    <SARD>80,000000</SARD>
    <SICI>63,890000</SICI>
    <SUD>80,000000</SUD>
    <AUST>80,000000</AUST>
    <BRNN>80,000000</BRNN>
    <COAC>80,000000</COAC>
    <CORS>80,000000</CORS>
    <FOGN>80,000000</FOGN>
    <FRAN>80,000000</FRAN>
    <GREC>80,000000</GREC>
    <MFTV>80,000000</MFTV>
    <PRGP>63,890000</PRGP>
    <ROSN>24,950000</ROSN>
    <SLOV>80,000000</SLOV>
    <SVIZ>80,000000</SVIZ>
    <BSP>80,000000</BSP>
    <MALT>63,890000</MALT>
    <XAUS>80,000000</XAUS>
    <XFRA>80,000000</XFRA>
  </Prezzi>
  <Prezzi>
    <Data>20151125</Data>
    <Mercato>MGP</Mercato>
    <Ora>21</Ora>
    <PUN>65,523180</PUN>
    <NAT>63,350000</NAT>
    <CNOR>65,880000</CNOR>
    <CSUD>65,880000</CSUD>
    <NORD>65,880000</NORD>
    <SARD>65,880000</SARD>
    <SICI>60,560000</SICI>
    <SUD>65,880000</SUD>
    <AUST>65,880000</AUST>
    <BRNN>65,880000</BRNN>
    <COAC>65,880000</COAC>
    <CORS>65,880000</CORS>
    <FOGN>65,880000</FOGN>
    <FRAN>65,880000</FRAN>
    <GREC>65,880000</GREC>
    <MFTV>65,880000</MFTV>
    <PRGP>60,560000</PRGP>
    <ROSN>24,950000</ROSN>
    <SLOV>65,880000</SLOV>
    <SVIZ>65,880000</SVIZ>
    <BSP>65,880000</BSP>
    <MALT>60,560000</MALT>
    <XAUS>65,880000</XAUS>
    <XFRA>65,880000</XFRA>
  </Prezzi>
  <Prezzi>
    <Data>20151125</Data>
    <Mercato>MGP</Mercato>
    <Ora>22</Ora>
    <PUN>61,861770</PUN>
    <NAT>59,960000</NAT>
    <CNOR>61,950000</CNOR>
    <CSUD>61,950000</CSUD>
    <NORD>61,950000</NORD>
    <SARD>61,950000</SARD>
    <SICI>60,560000</SICI>
    <SUD>61,950000</SUD>
    <AUST>61,950000</AUST>
    <BRNN>61,950000</BRNN>
    <COAC>61,950000</COAC>
    <CORS>61,950000</CORS>
    <FOGN>61,950000</FOGN>
    <FRAN>61,950000</FRAN>
    <GREC>61,950000</GREC>
    <MFTV>61,950000</MFTV>
    <PRGP>60,560000</PRGP>
    <ROSN>24,950000</ROSN>
    <SLOV>61,950000</SLOV>
    <SVIZ>61,950000</SVIZ>
    <BSP>61,950000</BSP>
    <MALT>60,560000</MALT>
    <XAUS>61,950000</XAUS>
    <XFRA>61,950000</XFRA>
  </Prezzi>
  <Prezzi>
    <Data>20151125</Data>
    <Mercato>MGP</Mercato>
    <Ora>23</Ora>
    <PUN>62,734850</PUN>
    <NAT>58,880000</NAT>
    <CNOR>62,990000</CNOR>
    <CSUD>62,990000</CSUD>
    <NORD>62,990000</NORD>
    <SARD>62,990000</SARD>
    <SICI>58,880000</SICI>
    <SUD>62,990000</SUD>
    <AUST>62,990000</AUST>
    <BRNN>62,990000</BRNN>
    <COAC>62,990000</COAC>
    <CORS>62,990000</CORS>
    <FOGN>62,990000</FOGN>
    <FRAN>62,990000</FRAN>
    <GREC>62,990000</GREC>
    <MFTV>62,990000</MFTV>
    <PRGP>58,880000</PRGP>
    <ROSN>24,950000</ROSN>
    <SLOV>62,990000</SLOV>
    <SVIZ>62,990000</SVIZ>
    <BSP>62,990000</BSP>
    <MALT>58,880000</MALT>
    <XAUS>62,990000</XAUS>
    <XFRA>62,990000</XFRA>
  </Prezzi>
  <Prezzi>
    <Data>20151125</Data>
    <Mercato>MGP</Mercato>
    <Ora>24</Ora>
    <PUN>56,155050</PUN>
    <NAT>55,990000</NAT>
    <CNOR>55,990000</CNOR>
    <CSUD>55,990000</CSUD>
    <NORD>55,990000</NORD>
    <SARD>55,990000</SARD>
    <SICI>58,660000</SICI>
    <SUD>55,990000</SUD>
    <AUST>55,990000</AUST>
    <BRNN>55,990000</BRNN>
    <COAC>55,990000</COAC>
    <CORS>55,990000</CORS>
    <FOGN>55,990000</FOGN>
    <FRAN>55,990000</FRAN>
    <GREC>55,990000</GREC>
    <MFTV>55,990000</MFTV>
    <PRGP>58,660000</PRGP>
    <ROSN>37,000000</ROSN>
    <SLOV>55,990000</SLOV>
    <SVIZ>55,990000</SVIZ>
    <BSP>55,990000</BSP>
    <MALT>58,660000</MALT>
    <XAUS>55,990000</XAUS>
    <XFRA>55,990000</XFRA>
  </Prezzi>
</NewDataSet>