<?xml version="1.0" standalone="yes"?>
<NewDataSet>
  <xs:schema id="NewDataSet" xmlns="" xmlns:xs="http://www.w3.org/2001/XMLSchema" xmlns:msdata="urn:schemas-microsoft-com:xml-msdata">
    <xs:element name="NewDataSet" msdata:IsDataSet="true" msdata:UseCurrentLocale="true">
      <xs:complexType>
        <xs:choice minOccurs="0" maxOccurs="unbounded">
          <xs:element name="Prezzi">
            <xs:complexType>
              <xs:sequence>
                <xs:element name="Data" type="xs:string" minOccurs="0" />
                <xs:element name="Mercato" type="xs:string" minOccurs="0" />
                <xs:element name="Ora" type="xs:string" minOccurs="0" />
                <xs:element name="PUN" type="xs:string" minOccurs="0" />
                <xs:element name="NAT" type="xs:string" minOccurs="0" />
                <xs:element name="CNOR" type="xs:string" minOccurs="0" />
                <xs:element name="CSUD" type="xs:string" minOccurs="0" />
                <xs:element name="NORD" type="xs:string" minOccurs="0" />
                <xs:element name="SARD" type="xs:string" minOccurs="0" />
                <xs:element name="SICI" type="xs:string" minOccurs="0" />
                <xs:element name="SUD" type="xs:string" minOccurs="0" />
                <xs:element name="AUST" type="xs:string" minOccurs="0" />
                <xs:element name="BRNN" type="xs:string" minOccurs="0" />
                <xs:element name="COAC" type="xs:string" minOccurs="0" />
                <xs:element name="CORS" type="xs:string" minOccurs="0" />
                <xs:element name="FOGN" type="xs:string" minOccurs="0" />
                <xs:element name="FRAN" type="xs:string" minOccurs="0" />
                <xs:element name="GREC" type="xs:string" minOccurs="0" />
                <xs:element name="MFTV" type="xs:string" minOccurs="0" />
                <xs:element name="PRGP" type="xs:string" minOccurs="0" />
                <xs:element name="ROSN" type="xs:string" minOccurs="0" />
                <xs:element name="SLOV" type="xs:string" minOccurs="0" />
                <xs:element name="SVIZ" type="xs:string" minOccurs="0" />
                <xs:element name="BSP" type="xs:string" minOccurs="0" />
                <xs:element name="MALT" type="xs:string" minOccurs="0" />
                <xs:element name="XAUS" type="xs:string" minOccurs="0" />
                <xs:element name="XFRA" type="xs:string" minOccurs="0" />
              </xs:sequence>
            </xs:complexType>
          </xs:element>
        </xs:choice>
      </xs:complexType>
    </xs:element>
  </xs:schema>
  <Prezzi>
    <Data>20151112</Data>
    <Mercato>MGP</Mercato>
    <Ora>1</Ora>
    <PUN>43,887190</PUN>
    <NAT>43,630000</NAT>
    <CNOR>43,120000</CNOR>
    <CSUD>43,120000</CSUD>
    <NORD>43,120000</NORD>
    <SARD>43,120000</SARD>
    <SICI>58,660000</SICI>
    <SUD>43,120000</SUD>
    <AUST>43,120000</AUST>
    <BRNN>43,120000</BRNN>
    <COAC>43,120000</COAC>
    <CORS>43,120000</CORS>
    <FOGN>43,120000</FOGN>
    <FRAN>43,120000</FRAN>
    <GREC>43,120000</GREC>
    <MFTV>43,120000</MFTV>
    <PRGP>58,660000</PRGP>
    <ROSN>43,120000</ROSN>
    <SLOV>43,120000</SLOV>
    <SVIZ>43,120000</SVIZ>
    <BSP>43,120000</BSP>
    <MALT>58,660000</MALT>
    <XAUS>43,120000</XAUS>
    <XFRA>43,120000</XFRA>
  </Prezzi>
  <Prezzi>
    <Data>20151112</Data>
    <Mercato>MGP</Mercato>
    <Ora>2</Ora>
    <PUN>40,670620</PUN>
    <NAT>39,900000</NAT>
    <CNOR>39,760000</CNOR>
    <CSUD>39,760000</CSUD>
    <NORD>39,760000</NORD>
    <SARD>39,760000</SARD>
    <SICI>58,660000</SICI>
    <SUD>39,760000</SUD>
    <AUST>39,760000</AUST>
    <BRNN>39,760000</BRNN>
    <COAC>39,760000</COAC>
    <CORS>39,760000</CORS>
    <FOGN>39,760000</FOGN>
    <FRAN>39,760000</FRAN>
    <GREC>39,760000</GREC>
    <MFTV>39,760000</MFTV>
    <PRGP>58,660000</PRGP>
    <ROSN>39,760000</ROSN>
    <SLOV>39,760000</SLOV>
    <SVIZ>39,760000</SVIZ>
    <BSP>39,760000</BSP>
    <MALT>58,660000</MALT>
    <XAUS>39,760000</XAUS>
    <XFRA>39,760000</XFRA>
  </Prezzi>
  <Prezzi>
    <Data>20151112</Data>
    <Mercato>MGP</Mercato>
    <Ora>3</Ora>
    <PUN>39,779690</PUN>
    <NAT>39,120000</NAT>
    <CNOR>38,860000</CNOR>
    <CSUD>38,860000</CSUD>
    <NORD>38,860000</NORD>
    <SARD>38,860000</SARD>
    <SICI>58,660000</SICI>
    <SUD>38,860000</SUD>
    <AUST>38,860000</AUST>
    <BRNN>38,860000</BRNN>
    <COAC>38,860000</COAC>
    <CORS>38,860000</CORS>
    <FOGN>38,860000</FOGN>
    <FRAN>38,860000</FRAN>
    <GREC>38,860000</GREC>
    <MFTV>38,860000</MFTV>
    <PRGP>58,660000</PRGP>
    <ROSN>38,860000</ROSN>
    <SLOV>38,860000</SLOV>
    <SVIZ>38,860000</SVIZ>
    <BSP>38,860000</BSP>
    <MALT>58,660000</MALT>
    <XAUS>38,860000</XAUS>
    <XFRA>38,860000</XFRA>
  </Prezzi>
  <Prezzi>
    <Data>20151112</Data>
    <Mercato>MGP</Mercato>
    <Ora>4</Ora>
    <PUN>37,280000</PUN>
    <NAT>37,280000</NAT>
    <CNOR>37,280000</CNOR>
    <CSUD>37,280000</CSUD>
    <NORD>37,280000</NORD>
    <SARD>37,280000</SARD>
    <SICI>37,280000</SICI>
    <SUD>37,280000</SUD>
    <AUST>37,280000</AUST>
    <BRNN>37,280000</BRNN>
    <COAC>37,280000</COAC>
    <CORS>37,280000</CORS>
    <FOGN>37,280000</FOGN>
    <FRAN>37,280000</FRAN>
    <GREC>37,280000</GREC>
    <MFTV>37,280000</MFTV>
    <PRGP>37,280000</PRGP>
    <ROSN>37,280000</ROSN>
    <SLOV>37,280000</SLOV>
    <SVIZ>37,280000</SVIZ>
    <BSP>37,280000</BSP>
    <MALT>37,280000</MALT>
    <XAUS>37,280000</XAUS>
    <XFRA>37,280000</XFRA>
  </Prezzi>
  <Prezzi>
    <Data>20151112</Data>
    <Mercato>MGP</Mercato>
    <Ora>5</Ora>
    <PUN>39,747500</PUN>
    <NAT>39,520000</NAT>
    <CNOR>39,520000</CNOR>
    <CSUD>39,520000</CSUD>
    <NORD>39,520000</NORD>
    <SARD>39,520000</SARD>
    <SICI>44,600000</SICI>
    <SUD>39,520000</SUD>
    <AUST>39,520000</AUST>
    <BRNN>39,520000</BRNN>
    <COAC>39,520000</COAC>
    <CORS>39,520000</CORS>
    <FOGN>39,520000</FOGN>
    <FRAN>39,520000</FRAN>
    <GREC>39,520000</GREC>
    <MFTV>39,520000</MFTV>
    <PRGP>44,600000</PRGP>
    <ROSN>39,520000</ROSN>
    <SLOV>39,520000</SLOV>
    <SVIZ>39,520000</SVIZ>
    <BSP>39,520000</BSP>
    <MALT>44,600000</MALT>
    <XAUS>39,520000</XAUS>
    <XFRA>39,520000</XFRA>
  </Prezzi>
  <Prezzi>
    <Data>20151112</Data>
    <Mercato>MGP</Mercato>
    <Ora>6</Ora>
    <PUN>42,607440</PUN>
    <NAT>41,840000</NAT>
    <CNOR>41,840000</CNOR>
    <CSUD>41,840000</CSUD>
    <NORD>41,840000</NORD>
    <SARD>41,840000</SARD>
    <SICI>58,660000</SICI>
    <SUD>41,840000</SUD>
    <AUST>41,840000</AUST>
    <BRNN>41,840000</BRNN>
    <COAC>41,840000</COAC>
    <CORS>41,840000</CORS>
    <FOGN>41,840000</FOGN>
    <FRAN>41,840000</FRAN>
    <GREC>41,840000</GREC>
    <MFTV>41,840000</MFTV>
    <PRGP>58,660000</PRGP>
    <ROSN>41,840000</ROSN>
    <SLOV>41,840000</SLOV>
    <SVIZ>41,840000</SVIZ>
    <BSP>41,840000</BSP>
    <MALT>58,660000</MALT>
    <XAUS>41,840000</XAUS>
    <XFRA>41,840000</XFRA>
  </Prezzi>
  <Prezzi>
    <Data>20151112</Data>
    <Mercato>MGP</Mercato>
    <Ora>7</Ora>
    <PUN>57,770660</PUN>
    <NAT>58,660000</NAT>
    <CNOR>57,730000</CNOR>
    <CSUD>57,730000</CSUD>
    <NORD>57,730000</NORD>
    <SARD>57,730000</SARD>
    <SICI>58,660000</SICI>
    <SUD>57,730000</SUD>
    <AUST>57,730000</AUST>
    <BRNN>57,730000</BRNN>
    <COAC>57,730000</COAC>
    <CORS>57,730000</CORS>
    <FOGN>57,730000</FOGN>
    <FRAN>57,730000</FRAN>
    <GREC>57,730000</GREC>
    <MFTV>57,730000</MFTV>
    <PRGP>58,660000</PRGP>
    <ROSN>57,730000</ROSN>
    <SLOV>57,730000</SLOV>
    <SVIZ>57,730000</SVIZ>
    <BSP>57,730000</BSP>
    <MALT>58,660000</MALT>
    <XAUS>57,730000</XAUS>
    <XFRA>57,730000</XFRA>
  </Prezzi>
  <Prezzi>
    <Data>20151112</Data>
    <Mercato>MGP</Mercato>
    <Ora>8</Ora>
    <PUN>71,200000</PUN>
    <NAT>69,000000</NAT>
    <CNOR>72,148820</CNOR>
    <CSUD>72,148820</CSUD>
    <NORD>72,148820</NORD>
    <SARD>72,148820</SARD>
    <SICI>60,560000</SICI>
    <SUD>67,980000</SUD>
    <AUST>72,148820</AUST>
    <BRNN>67,980000</BRNN>
    <COAC>72,148820</COAC>
    <CORS>72,148820</CORS>
    <FOGN>67,980000</FOGN>
    <FRAN>72,148820</FRAN>
    <GREC>67,980000</GREC>
    <MFTV>72,148820</MFTV>
    <PRGP>60,560000</PRGP>
    <ROSN>67,980000</ROSN>
    <SLOV>72,148820</SLOV>
    <SVIZ>72,148820</SVIZ>
    <BSP>72,148820</BSP>
    <MALT>60,560000</MALT>
    <XAUS>72,148820</XAUS>
    <XFRA>72,148820</XFRA>
  </Prezzi>
  <Prezzi>
    <Data>20151112</Data>
    <Mercato>MGP</Mercato>
    <Ora>9</Ora>
    <PUN>76,030000</PUN>
    <NAT>64,990000</NAT>
    <CNOR>79,808480</CNOR>
    <CSUD>79,808480</CSUD>
    <NORD>79,808480</NORD>
    <SARD>79,808480</SARD>
    <SICI>58,000000</SICI>
    <SUD>49,890000</SUD>
    <AUST>79,808480</AUST>
    <BRNN>49,890000</BRNN>
    <COAC>79,808480</COAC>
    <CORS>79,808480</CORS>
    <FOGN>49,890000</FOGN>
    <FRAN>79,808480</FRAN>
    <GREC>49,890000</GREC>
    <MFTV>79,808480</MFTV>
    <PRGP>58,000000</PRGP>
    <ROSN>49,890000</ROSN>
    <SLOV>79,808480</SLOV>
    <SVIZ>79,808480</SVIZ>
    <BSP>79,808480</BSP>
    <MALT>58,000000</MALT>
    <XAUS>79,808480</XAUS>
    <XFRA>79,808480</XFRA>
  </Prezzi>
  <Prezzi>
    <Data>20151112</Data>
    <Mercato>MGP</Mercato>
    <Ora>10</Ora>
    <PUN>64,970000</PUN>
    <NAT>60,970000</NAT>
    <CNOR>63,240000</CNOR>
    <CSUD>63,240000</CSUD>
    <NORD>69,990000</NORD>
    <SARD>63,240000</SARD>
    <SICI>56,230000</SICI>
    <SUD>39,189470</SUD>
    <AUST>69,990000</AUST>
    <BRNN>39,189470</BRNN>
    <COAC>63,240000</COAC>
    <CORS>63,240000</CORS>
    <FOGN>39,189470</FOGN>
    <FRAN>69,990000</FRAN>
    <GREC>39,189470</GREC>
    <MFTV>69,990000</MFTV>
    <PRGP>56,230000</PRGP>
    <ROSN>39,189470</ROSN>
    <SLOV>69,990000</SLOV>
    <SVIZ>69,990000</SVIZ>
    <BSP>69,990000</BSP>
    <MALT>56,230000</MALT>
    <XAUS>69,990000</XAUS>
    <XFRA>69,990000</XFRA>
  </Prezzi>
  <Prezzi>
    <Data>20151112</Data>
    <Mercato>MGP</Mercato>
    <Ora>11</Ora>
    <PUN>58,920000</PUN>
    <NAT>57,730000</NAT>
    <CNOR>52,990000</CNOR>
    <CSUD>52,990000</CSUD>
    <NORD>66,295000</NORD>
    <SARD>52,990000</SARD>
    <SICI>34,450000</SICI>
    <SUD>33,590000</SUD>
    <AUST>66,295000</AUST>
    <BRNN>33,590000</BRNN>
    <COAC>52,990000</COAC>
    <CORS>52,990000</CORS>
    <FOGN>33,590000</FOGN>
    <FRAN>66,295000</FRAN>
    <GREC>33,590000</GREC>
    <MFTV>66,295000</MFTV>
    <PRGP>34,450000</PRGP>
    <ROSN>33,590000</ROSN>
    <SLOV>66,295000</SLOV>
    <SVIZ>66,295000</SVIZ>
    <BSP>66,295000</BSP>
    <MALT>34,450000</MALT>
    <XAUS>66,295000</XAUS>
    <XFRA>66,295000</XFRA>
  </Prezzi>
  <Prezzi>
    <Data>20151112</Data>
    <Mercato>MGP</Mercato>
    <Ora>12</Ora>
    <PUN>52,899800</PUN>
    <NAT>51,200000</NAT>
    <CNOR>49,000000</CNOR>
    <CSUD>49,000000</CSUD>
    <NORD>59,010000</NORD>
    <SARD>49,000000</SARD>
    <SICI>32,150000</SICI>
    <SUD>30,330000</SUD>
    <AUST>59,010000</AUST>
    <BRNN>30,330000</BRNN>
    <COAC>49,000000</COAC>
    <CORS>49,000000</CORS>
    <FOGN>30,330000</FOGN>
    <FRAN>59,010000</FRAN>
    <GREC>30,330000</GREC>
    <MFTV>59,010000</MFTV>
    <PRGP>32,150000</PRGP>
    <ROSN>30,330000</ROSN>
    <SLOV>59,010000</SLOV>
    <SVIZ>59,010000</SVIZ>
    <BSP>59,010000</BSP>
    <MALT>32,150000</MALT>
    <XAUS>59,010000</XAUS>
    <XFRA>59,010000</XFRA>
  </Prezzi>
  <Prezzi>
    <Data>20151112</Data>
    <Mercato>MGP</Mercato>
    <Ora>13</Ora>
    <PUN>46,385560</PUN>
    <NAT>46,000000</NAT>
    <CNOR>42,840000</CNOR>
    <CSUD>42,840000</CSUD>
    <NORD>51,480000</NORD>
    <SARD>42,840000</SARD>
    <SICI>34,450000</SICI>
    <SUD>28,000000</SUD>
    <AUST>51,480000</AUST>
    <BRNN>28,000000</BRNN>
    <COAC>42,840000</COAC>
    <CORS>42,840000</CORS>
    <FOGN>28,000000</FOGN>
    <FRAN>51,480000</FRAN>
    <GREC>28,000000</GREC>
    <MFTV>51,480000</MFTV>
    <PRGP>34,450000</PRGP>
    <ROSN>28,000000</ROSN>
    <SLOV>51,480000</SLOV>
    <SVIZ>51,480000</SVIZ>
    <BSP>51,480000</BSP>
    <MALT>34,450000</MALT>
    <XAUS>51,480000</XAUS>
    <XFRA>51,480000</XFRA>
  </Prezzi>
  <Prezzi>
    <Data>20151112</Data>
    <Mercato>MGP</Mercato>
    <Ora>14</Ora>
    <PUN>47,453920</PUN>
    <NAT>45,600000</NAT>
    <CNOR>50,280000</CNOR>
    <CSUD>50,280000</CSUD>
    <NORD>50,280000</NORD>
    <SARD>50,280000</SARD>
    <SICI>34,450000</SICI>
    <SUD>28,000000</SUD>
    <AUST>50,280000</AUST>
    <BRNN>28,000000</BRNN>
    <COAC>50,280000</COAC>
    <CORS>50,280000</CORS>
    <FOGN>28,000000</FOGN>
    <FRAN>50,280000</FRAN>
    <GREC>28,000000</GREC>
    <MFTV>50,280000</MFTV>
    <PRGP>34,450000</PRGP>
    <ROSN>28,000000</ROSN>
    <SLOV>50,280000</SLOV>
    <SVIZ>50,280000</SVIZ>
    <BSP>50,280000</BSP>
    <MALT>34,450000</MALT>
    <XAUS>50,280000</XAUS>
    <XFRA>50,280000</XFRA>
  </Prezzi>
  <Prezzi>
    <Data>20151112</Data>
    <Mercato>MGP</Mercato>
    <Ora>15</Ora>
    <PUN>56,581720</PUN>
    <NAT>54,000000</NAT>
    <CNOR>55,990000</CNOR>
    <CSUD>55,990000</CSUD>
    <NORD>61,380000</NORD>
    <SARD>55,990000</SARD>
    <SICI>35,020000</SICI>
    <SUD>35,020000</SUD>
    <AUST>61,380000</AUST>
    <BRNN>35,020000</BRNN>
    <COAC>55,990000</COAC>
    <CORS>55,990000</CORS>
    <FOGN>35,020000</FOGN>
    <FRAN>61,380000</FRAN>
    <GREC>35,020000</GREC>
    <MFTV>61,380000</MFTV>
    <PRGP>35,020000</PRGP>
    <ROSN>35,020000</ROSN>
    <SLOV>61,380000</SLOV>
    <SVIZ>61,380000</SVIZ>
    <BSP>61,380000</BSP>
    <MALT>35,020000</MALT>
    <XAUS>61,380000</XAUS>
    <XFRA>61,380000</XFRA>
  </Prezzi>
  <Prezzi>
    <Data>20151112</Data>
    <Mercato>MGP</Mercato>
    <Ora>16</Ora>
    <PUN>68,114910</PUN>
    <NAT>60,560000</NAT>
    <CNOR>63,240000</CNOR>
    <CSUD>63,240000</CSUD>
    <NORD>75,000000</NORD>
    <SARD>63,240000</SARD>
    <SICI>58,660000</SICI>
    <SUD>38,000000</SUD>
    <AUST>75,000000</AUST>
    <BRNN>38,000000</BRNN>
    <COAC>63,240000</COAC>
    <CORS>63,240000</CORS>
    <FOGN>38,000000</FOGN>
    <FRAN>75,000000</FRAN>
    <GREC>38,000000</GREC>
    <MFTV>75,000000</MFTV>
    <PRGP>58,660000</PRGP>
    <ROSN>38,000000</ROSN>
    <SLOV>75,000000</SLOV>
    <SVIZ>75,000000</SVIZ>
    <BSP>75,000000</BSP>
    <MALT>58,660000</MALT>
    <XAUS>75,000000</XAUS>
    <XFRA>75,000000</XFRA>
  </Prezzi>
  <Prezzi>
    <Data>20151112</Data>
    <Mercato>MGP</Mercato>
    <Ora>17</Ora>
    <PUN>71,641010</PUN>
    <NAT>65,000000</NAT>
    <CNOR>75,000000</CNOR>
    <CSUD>75,000000</CSUD>
    <NORD>75,000000</NORD>
    <SARD>75,000000</SARD>
    <SICI>58,880000</SICI>
    <SUD>48,390000</SUD>
    <AUST>75,000000</AUST>
    <BRNN>48,390000</BRNN>
    <COAC>75,000000</COAC>
    <CORS>75,000000</CORS>
    <FOGN>48,390000</FOGN>
    <FRAN>75,000000</FRAN>
    <GREC>48,390000</GREC>
    <MFTV>75,000000</MFTV>
    <PRGP>58,880000</PRGP>
    <ROSN>48,390000</ROSN>
    <SLOV>75,000000</SLOV>
    <SVIZ>75,000000</SVIZ>
    <BSP>75,000000</BSP>
    <MALT>58,880000</MALT>
    <XAUS>75,000000</XAUS>
    <XFRA>75,000000</XFRA>
  </Prezzi>
  <Prezzi>
    <Data>20151112</Data>
    <Mercato>MGP</Mercato>
    <Ora>18</Ora>
    <PUN>98,041040</PUN>
    <NAT>99,850000</NAT>
    <CNOR>105,000000</CNOR>
    <CSUD>105,000000</CSUD>
    <NORD>105,000000</NORD>
    <SARD>105,000000</SARD>
    <SICI>60,560000</SICI>
    <SUD>58,560000</SUD>
    <AUST>105,000000</AUST>
    <BRNN>58,560000</BRNN>
    <COAC>105,000000</COAC>
    <CORS>105,000000</CORS>
    <FOGN>58,560000</FOGN>
    <FRAN>105,000000</FRAN>
    <GREC>58,560000</GREC>
    <MFTV>105,000000</MFTV>
    <PRGP>60,560000</PRGP>
    <ROSN>58,560000</ROSN>
    <SLOV>105,000000</SLOV>
    <SVIZ>105,000000</SVIZ>
    <BSP>105,000000</BSP>
    <MALT>60,560000</MALT>
    <XAUS>105,000000</XAUS>
    <XFRA>105,000000</XFRA>
  </Prezzi>
  <Prezzi>
    <Data>20151112</Data>
    <Mercato>MGP</Mercato>
    <Ora>19</Ora>
    <PUN>93,899180</PUN>
    <NAT>88,990000</NAT>
    <CNOR>99,990000</CNOR>
    <CSUD>99,990000</CSUD>
    <NORD>99,990000</NORD>
    <SARD>99,990000</SARD>
    <SICI>60,560000</SICI>
    <SUD>60,560000</SUD>
    <AUST>99,990000</AUST>
    <BRNN>60,560000</BRNN>
    <COAC>99,990000</COAC>
    <CORS>99,990000</CORS>
    <FOGN>60,560000</FOGN>
    <FRAN>99,990000</FRAN>
    <GREC>60,560000</GREC>
    <MFTV>99,990000</MFTV>
    <PRGP>60,560000</PRGP>
    <ROSN>60,560000</ROSN>
    <SLOV>99,990000</SLOV>
    <SVIZ>99,990000</SVIZ>
    <BSP>99,990000</BSP>
    <MALT>60,560000</MALT>
    <XAUS>99,990000</XAUS>
    <XFRA>99,990000</XFRA>
  </Prezzi>
  <Prezzi>
    <Data>20151112</Data>
    <Mercato>MGP</Mercato>
    <Ora>20</Ora>
    <PUN>85,640590</PUN>
    <NAT>76,750000</NAT>
    <CNOR>88,720000</CNOR>
    <CSUD>88,720000</CSUD>
    <NORD>88,720000</NORD>
    <SARD>88,720000</SARD>
    <SICI>69,550000</SICI>
    <SUD>69,550000</SUD>
    <AUST>88,720000</AUST>
    <BRNN>69,550000</BRNN>
    <COAC>88,720000</COAC>
    <CORS>88,720000</CORS>
    <FOGN>69,550000</FOGN>
    <FRAN>88,720000</FRAN>
    <GREC>69,550000</GREC>
    <MFTV>88,720000</MFTV>
    <PRGP>69,550000</PRGP>
    <ROSN>69,550000</ROSN>
    <SLOV>88,720000</SLOV>
    <SVIZ>88,720000</SVIZ>
    <BSP>88,720000</BSP>
    <MALT>69,550000</MALT>
    <XAUS>88,720000</XAUS>
    <XFRA>88,720000</XFRA>
  </Prezzi>
  <Prezzi>
    <Data>20151112</Data>
    <Mercato>MGP</Mercato>
    <Ora>21</Ora>
    <PUN>65,508580</PUN>
    <NAT>65,000000</NAT>
    <CNOR>66,500000</CNOR>
    <CSUD>66,500000</CSUD>
    <NORD>66,500000</NORD>
    <SARD>66,500000</SARD>
    <SICI>60,560000</SICI>
    <SUD>60,560000</SUD>
    <AUST>66,500000</AUST>
    <BRNN>60,560000</BRNN>
    <COAC>66,500000</COAC>
    <CORS>66,500000</CORS>
    <FOGN>60,560000</FOGN>
    <FRAN>66,500000</FRAN>
    <GREC>60,560000</GREC>
    <MFTV>66,500000</MFTV>
    <PRGP>60,560000</PRGP>
    <ROSN>60,560000</ROSN>
    <SLOV>66,500000</SLOV>
    <SVIZ>66,500000</SVIZ>
    <BSP>66,500000</BSP>
    <MALT>60,560000</MALT>
    <XAUS>66,500000</XAUS>
    <XFRA>66,500000</XFRA>
  </Prezzi>
  <Prezzi>
    <Data>20151112</Data>
    <Mercato>MGP</Mercato>
    <Ora>22</Ora>
    <PUN>58,036900</PUN>
    <NAT>58,990000</NAT>
    <CNOR>57,880000</CNOR>
    <CSUD>57,880000</CSUD>
    <NORD>57,880000</NORD>
    <SARD>57,880000</SARD>
    <SICI>60,560000</SICI>
    <SUD>57,880000</SUD>
    <AUST>57,880000</AUST>
    <BRNN>57,880000</BRNN>
    <COAC>57,880000</COAC>
    <CORS>57,880000</CORS>
    <FOGN>57,880000</FOGN>
    <FRAN>57,880000</FRAN>
    <GREC>57,880000</GREC>
    <MFTV>57,880000</MFTV>
    <PRGP>60,560000</PRGP>
    <ROSN>57,880000</ROSN>
    <SLOV>57,880000</SLOV>
    <SVIZ>57,880000</SVIZ>
    <BSP>57,880000</BSP>
    <MALT>60,560000</MALT>
    <XAUS>57,880000</XAUS>
    <XFRA>57,880000</XFRA>
  </Prezzi>
  <Prezzi>
    <Data>20151112</Data>
    <Mercato>MGP</Mercato>
    <Ora>23</Ora>
    <PUN>48,973320</PUN>
    <NAT>50,260000</NAT>
    <CNOR>48,240000</CNOR>
    <CSUD>48,240000</CSUD>
    <NORD>48,240000</NORD>
    <SARD>48,240000</SARD>
    <SICI>60,560000</SICI>
    <SUD>48,240000</SUD>
    <AUST>48,240000</AUST>
    <BRNN>48,240000</BRNN>
    <COAC>48,240000</COAC>
    <CORS>48,240000</CORS>
    <FOGN>48,240000</FOGN>
    <FRAN>48,240000</FRAN>
    <GREC>48,240000</GREC>
    <MFTV>48,240000</MFTV>
    <PRGP>60,560000</PRGP>
    <ROSN>48,240000</ROSN>
    <SLOV>48,240000</SLOV>
    <SVIZ>48,240000</SVIZ>
    <BSP>48,240000</BSP>
    <MALT>60,560000</MALT>
    <XAUS>48,240000</XAUS>
    <XFRA>48,240000</XFRA>
  </Prezzi>
  <Prezzi>
    <Data>20151112</Data>
    <Mercato>MGP</Mercato>
    <Ora>24</Ora>
    <PUN>45,147050</PUN>
    <NAT>46,130000</NAT>
    <CNOR>44,300000</CNOR>
    <CSUD>44,300000</CSUD>
    <NORD>44,300000</NORD>
    <SARD>44,300000</SARD>
    <SICI>58,880000</SICI>
    <SUD>44,300000</SUD>
    <AUST>44,300000</AUST>
    <BRNN>44,300000</BRNN>
    <COAC>44,300000</COAC>
    <CORS>44,300000</CORS>
    <FOGN>44,300000</FOGN>
    <FRAN>44,300000</FRAN>
    <GREC>44,300000</GREC>
    <MFTV>44,300000</MFTV>
    <PRGP>58,880000</PRGP>
    <ROSN>44,300000</ROSN>
    <SLOV>44,300000</SLOV>
    <SVIZ>44,300000</SVIZ>
    <BSP>44,300000</BSP>
    <MALT>58,880000</MALT>
    <XAUS>44,300000</XAUS>
    <XFRA>44,300000</XFRA>
  </Prezzi>
</NewDataSet>