<?xml version="1.0" standalone="yes"?>
<NewDataSet>
  <xs:schema id="NewDataSet" xmlns="" xmlns:xs="http://www.w3.org/2001/XMLSchema" xmlns:msdata="urn:schemas-microsoft-com:xml-msdata">
    <xs:element name="NewDataSet" msdata:IsDataSet="true" msdata:UseCurrentLocale="true">
      <xs:complexType>
        <xs:choice minOccurs="0" maxOccurs="unbounded">
          <xs:element name="Prezzi">
            <xs:complexType>
              <xs:sequence>
                <xs:element name="Data" type="xs:string" minOccurs="0" />
                <xs:element name="Mercato" type="xs:string" minOccurs="0" />
                <xs:element name="Ora" type="xs:string" minOccurs="0" />
                <xs:element name="PUN" type="xs:string" minOccurs="0" />
                <xs:element name="NAT" type="xs:string" minOccurs="0" />
                <xs:element name="CNOR" type="xs:string" minOccurs="0" />
                <xs:element name="CSUD" type="xs:string" minOccurs="0" />
                <xs:element name="NORD" type="xs:string" minOccurs="0" />
                <xs:element name="SARD" type="xs:string" minOccurs="0" />
                <xs:element name="SICI" type="xs:string" minOccurs="0" />
                <xs:element name="SUD" type="xs:string" minOccurs="0" />
                <xs:element name="AUST" type="xs:string" minOccurs="0" />
                <xs:element name="BRNN" type="xs:string" minOccurs="0" />
                <xs:element name="COAC" type="xs:string" minOccurs="0" />
                <xs:element name="CORS" type="xs:string" minOccurs="0" />
                <xs:element name="FOGN" type="xs:string" minOccurs="0" />
                <xs:element name="FRAN" type="xs:string" minOccurs="0" />
                <xs:element name="GREC" type="xs:string" minOccurs="0" />
                <xs:element name="MFTV" type="xs:string" minOccurs="0" />
                <xs:element name="PRGP" type="xs:string" minOccurs="0" />
                <xs:element name="ROSN" type="xs:string" minOccurs="0" />
                <xs:element name="SLOV" type="xs:string" minOccurs="0" />
                <xs:element name="SVIZ" type="xs:string" minOccurs="0" />
                <xs:element name="BSP" type="xs:string" minOccurs="0" />
                <xs:element name="MALT" type="xs:string" minOccurs="0" />
                <xs:element name="XAUS" type="xs:string" minOccurs="0" />
                <xs:element name="XFRA" type="xs:string" minOccurs="0" />
              </xs:sequence>
            </xs:complexType>
          </xs:element>
        </xs:choice>
      </xs:complexType>
    </xs:element>
  </xs:schema>
  <Prezzi>
    <Data>20151113</Data>
    <Mercato>MGP</Mercato>
    <Ora>1</Ora>
    <PUN>40,821350</PUN>
    <NAT>40,450000</NAT>
    <CNOR>39,830000</CNOR>
    <CSUD>39,830000</CSUD>
    <NORD>39,830000</NORD>
    <SARD>39,830000</SARD>
    <SICI>58,660000</SICI>
    <SUD>39,830000</SUD>
    <AUST>39,830000</AUST>
    <BRNN>39,830000</BRNN>
    <COAC>39,830000</COAC>
    <CORS>39,830000</CORS>
    <FOGN>39,830000</FOGN>
    <FRAN>39,830000</FRAN>
    <GREC>39,830000</GREC>
    <MFTV>39,830000</MFTV>
    <PRGP>58,660000</PRGP>
    <ROSN>39,830000</ROSN>
    <SLOV>39,830000</SLOV>
    <SVIZ>39,830000</SVIZ>
    <BSP>39,830000</BSP>
    <MALT>58,660000</MALT>
    <XAUS>39,830000</XAUS>
    <XFRA>39,830000</XFRA>
  </Prezzi>
  <Prezzi>
    <Data>20151113</Data>
    <Mercato>MGP</Mercato>
    <Ora>2</Ora>
    <PUN>39,160740</PUN>
    <NAT>38,320000</NAT>
    <CNOR>38,120000</CNOR>
    <CSUD>38,120000</CSUD>
    <NORD>38,120000</NORD>
    <SARD>38,120000</SARD>
    <SICI>58,660000</SICI>
    <SUD>38,120000</SUD>
    <AUST>38,120000</AUST>
    <BRNN>38,120000</BRNN>
    <COAC>38,120000</COAC>
    <CORS>38,120000</CORS>
    <FOGN>38,120000</FOGN>
    <FRAN>38,120000</FRAN>
    <GREC>38,120000</GREC>
    <MFTV>38,120000</MFTV>
    <PRGP>58,660000</PRGP>
    <ROSN>38,120000</ROSN>
    <SLOV>38,120000</SLOV>
    <SVIZ>38,120000</SVIZ>
    <BSP>38,120000</BSP>
    <MALT>58,660000</MALT>
    <XAUS>38,120000</XAUS>
    <XFRA>38,120000</XFRA>
  </Prezzi>
  <Prezzi>
    <Data>20151113</Data>
    <Mercato>MGP</Mercato>
    <Ora>3</Ora>
    <PUN>37,863690</PUN>
    <NAT>36,820000</NAT>
    <CNOR>36,770000</CNOR>
    <CSUD>36,770000</CSUD>
    <NORD>36,770000</NORD>
    <SARD>36,770000</SARD>
    <SICI>58,660000</SICI>
    <SUD>36,770000</SUD>
    <AUST>36,770000</AUST>
    <BRNN>36,770000</BRNN>
    <COAC>36,770000</COAC>
    <CORS>36,770000</CORS>
    <FOGN>36,770000</FOGN>
    <FRAN>36,770000</FRAN>
    <GREC>36,770000</GREC>
    <MFTV>36,770000</MFTV>
    <PRGP>58,660000</PRGP>
    <ROSN>36,770000</ROSN>
    <SLOV>36,770000</SLOV>
    <SVIZ>36,770000</SVIZ>
    <BSP>36,770000</BSP>
    <MALT>58,660000</MALT>
    <XAUS>36,770000</XAUS>
    <XFRA>36,770000</XFRA>
  </Prezzi>
  <Prezzi>
    <Data>20151113</Data>
    <Mercato>MGP</Mercato>
    <Ora>4</Ora>
    <PUN>37,469700</PUN>
    <NAT>36,770000</NAT>
    <CNOR>36,350000</CNOR>
    <CSUD>36,350000</CSUD>
    <NORD>36,350000</NORD>
    <SARD>36,350000</SARD>
    <SICI>58,660000</SICI>
    <SUD>36,350000</SUD>
    <AUST>36,350000</AUST>
    <BRNN>36,350000</BRNN>
    <COAC>36,350000</COAC>
    <CORS>36,350000</CORS>
    <FOGN>36,350000</FOGN>
    <FRAN>36,350000</FRAN>
    <GREC>36,350000</GREC>
    <MFTV>36,350000</MFTV>
    <PRGP>58,660000</PRGP>
    <ROSN>36,350000</ROSN>
    <SLOV>36,350000</SLOV>
    <SVIZ>36,350000</SVIZ>
    <BSP>36,350000</BSP>
    <MALT>58,660000</MALT>
    <XAUS>36,350000</XAUS>
    <XFRA>36,350000</XFRA>
  </Prezzi>
  <Prezzi>
    <Data>20151113</Data>
    <Mercato>MGP</Mercato>
    <Ora>5</Ora>
    <PUN>38,135280</PUN>
    <NAT>37,790000</NAT>
    <CNOR>37,100000</CNOR>
    <CSUD>37,100000</CSUD>
    <NORD>37,100000</NORD>
    <SARD>37,100000</SARD>
    <SICI>58,660000</SICI>
    <SUD>37,100000</SUD>
    <AUST>37,100000</AUST>
    <BRNN>37,100000</BRNN>
    <COAC>37,100000</COAC>
    <CORS>37,100000</CORS>
    <FOGN>37,100000</FOGN>
    <FRAN>37,100000</FRAN>
    <GREC>37,100000</GREC>
    <MFTV>37,100000</MFTV>
    <PRGP>58,660000</PRGP>
    <ROSN>37,100000</ROSN>
    <SLOV>37,100000</SLOV>
    <SVIZ>37,100000</SVIZ>
    <BSP>37,100000</BSP>
    <MALT>58,660000</MALT>
    <XAUS>37,100000</XAUS>
    <XFRA>37,100000</XFRA>
  </Prezzi>
  <Prezzi>
    <Data>20151113</Data>
    <Mercato>MGP</Mercato>
    <Ora>6</Ora>
    <PUN>41,485960</PUN>
    <NAT>41,220000</NAT>
    <CNOR>40,630000</CNOR>
    <CSUD>40,630000</CSUD>
    <NORD>40,630000</NORD>
    <SARD>40,630000</SARD>
    <SICI>58,660000</SICI>
    <SUD>40,630000</SUD>
    <AUST>40,630000</AUST>
    <BRNN>40,630000</BRNN>
    <COAC>40,630000</COAC>
    <CORS>40,630000</CORS>
    <FOGN>40,630000</FOGN>
    <FRAN>40,630000</FRAN>
    <GREC>40,630000</GREC>
    <MFTV>40,630000</MFTV>
    <PRGP>58,660000</PRGP>
    <ROSN>40,630000</ROSN>
    <SLOV>40,630000</SLOV>
    <SVIZ>40,630000</SVIZ>
    <BSP>40,630000</BSP>
    <MALT>58,660000</MALT>
    <XAUS>40,630000</XAUS>
    <XFRA>40,630000</XFRA>
  </Prezzi>
  <Prezzi>
    <Data>20151113</Data>
    <Mercato>MGP</Mercato>
    <Ora>7</Ora>
    <PUN>57,220000</PUN>
    <NAT>58,180000</NAT>
    <CNOR>57,151310</CNOR>
    <CSUD>57,151310</CSUD>
    <NORD>57,151310</NORD>
    <SARD>57,151310</SARD>
    <SICI>58,660000</SICI>
    <SUD>57,151310</SUD>
    <AUST>57,151310</AUST>
    <BRNN>57,151310</BRNN>
    <COAC>57,151310</COAC>
    <CORS>57,151310</CORS>
    <FOGN>57,151310</FOGN>
    <FRAN>57,151310</FRAN>
    <GREC>57,151310</GREC>
    <MFTV>57,151310</MFTV>
    <PRGP>58,660000</PRGP>
    <ROSN>57,151310</ROSN>
    <SLOV>57,151310</SLOV>
    <SVIZ>57,151310</SVIZ>
    <BSP>57,151310</BSP>
    <MALT>58,660000</MALT>
    <XAUS>57,151310</XAUS>
    <XFRA>57,151310</XFRA>
  </Prezzi>
  <Prezzi>
    <Data>20151113</Data>
    <Mercato>MGP</Mercato>
    <Ora>8</Ora>
    <PUN>86,200000</PUN>
    <NAT>74,900000</NAT>
    <CNOR>87,422740</CNOR>
    <CSUD>87,422740</CSUD>
    <NORD>87,422740</NORD>
    <SARD>87,422740</SARD>
    <SICI>60,560000</SICI>
    <SUD>87,422740</SUD>
    <AUST>87,422740</AUST>
    <BRNN>87,422740</BRNN>
    <COAC>87,422740</COAC>
    <CORS>87,422740</CORS>
    <FOGN>87,422740</FOGN>
    <FRAN>87,422740</FRAN>
    <GREC>87,422740</GREC>
    <MFTV>87,422740</MFTV>
    <PRGP>60,560000</PRGP>
    <ROSN>87,422740</ROSN>
    <SLOV>87,422740</SLOV>
    <SVIZ>87,422740</SVIZ>
    <BSP>87,422740</BSP>
    <MALT>60,560000</MALT>
    <XAUS>87,422740</XAUS>
    <XFRA>87,422740</XFRA>
  </Prezzi>
  <Prezzi>
    <Data>20151113</Data>
    <Mercato>MGP</Mercato>
    <Ora>9</Ora>
    <PUN>85,273480</PUN>
    <NAT>79,010000</NAT>
    <CNOR>80,810000</CNOR>
    <CSUD>80,810000</CSUD>
    <NORD>90,000000</NORD>
    <SARD>80,810000</SARD>
    <SICI>60,560000</SICI>
    <SUD>78,000000</SUD>
    <AUST>90,000000</AUST>
    <BRNN>78,000000</BRNN>
    <COAC>80,810000</COAC>
    <CORS>80,810000</CORS>
    <FOGN>78,000000</FOGN>
    <FRAN>90,000000</FRAN>
    <GREC>78,000000</GREC>
    <MFTV>90,000000</MFTV>
    <PRGP>60,560000</PRGP>
    <ROSN>78,000000</ROSN>
    <SLOV>90,000000</SLOV>
    <SVIZ>90,000000</SVIZ>
    <BSP>90,000000</BSP>
    <MALT>60,560000</MALT>
    <XAUS>90,000000</XAUS>
    <XFRA>90,000000</XFRA>
  </Prezzi>
  <Prezzi>
    <Data>20151113</Data>
    <Mercato>MGP</Mercato>
    <Ora>10</Ora>
    <PUN>80,928040</PUN>
    <NAT>73,580000</NAT>
    <CNOR>64,240000</CNOR>
    <CSUD>64,240000</CSUD>
    <NORD>92,070000</NORD>
    <SARD>64,240000</SARD>
    <SICI>60,560000</SICI>
    <SUD>60,560000</SUD>
    <AUST>92,070000</AUST>
    <BRNN>60,560000</BRNN>
    <COAC>64,240000</COAC>
    <CORS>64,240000</CORS>
    <FOGN>60,560000</FOGN>
    <FRAN>92,070000</FRAN>
    <GREC>60,560000</GREC>
    <MFTV>92,070000</MFTV>
    <PRGP>60,560000</PRGP>
    <ROSN>60,560000</ROSN>
    <SLOV>92,070000</SLOV>
    <SVIZ>92,070000</SVIZ>
    <BSP>92,070000</BSP>
    <MALT>60,560000</MALT>
    <XAUS>92,070000</XAUS>
    <XFRA>92,070000</XFRA>
  </Prezzi>
  <Prezzi>
    <Data>20151113</Data>
    <Mercato>MGP</Mercato>
    <Ora>11</Ora>
    <PUN>75,885770</PUN>
    <NAT>62,810000</NAT>
    <CNOR>48,370000</CNOR>
    <CSUD>48,370000</CSUD>
    <NORD>91,850000</NORD>
    <SARD>48,370000</SARD>
    <SICI>58,660000</SICI>
    <SUD>45,340000</SUD>
    <AUST>91,850000</AUST>
    <BRNN>45,340000</BRNN>
    <COAC>48,370000</COAC>
    <CORS>48,370000</CORS>
    <FOGN>45,340000</FOGN>
    <FRAN>91,850000</FRAN>
    <GREC>45,340000</GREC>
    <MFTV>91,850000</MFTV>
    <PRGP>58,660000</PRGP>
    <ROSN>45,340000</ROSN>
    <SLOV>91,850000</SLOV>
    <SVIZ>91,850000</SVIZ>
    <BSP>91,850000</BSP>
    <MALT>58,660000</MALT>
    <XAUS>91,850000</XAUS>
    <XFRA>91,850000</XFRA>
  </Prezzi>
  <Prezzi>
    <Data>20151113</Data>
    <Mercato>MGP</Mercato>
    <Ora>12</Ora>
    <PUN>61,568900</PUN>
    <NAT>58,420000</NAT>
    <CNOR>49,000000</CNOR>
    <CSUD>49,000000</CSUD>
    <NORD>70,340000</NORD>
    <SARD>49,000000</SARD>
    <SICI>58,660000</SICI>
    <SUD>37,000000</SUD>
    <AUST>70,340000</AUST>
    <BRNN>37,000000</BRNN>
    <COAC>49,000000</COAC>
    <CORS>49,000000</CORS>
    <FOGN>37,000000</FOGN>
    <FRAN>70,340000</FRAN>
    <GREC>37,000000</GREC>
    <MFTV>70,340000</MFTV>
    <PRGP>58,660000</PRGP>
    <ROSN>37,000000</ROSN>
    <SLOV>70,340000</SLOV>
    <SVIZ>70,340000</SVIZ>
    <BSP>70,340000</BSP>
    <MALT>58,660000</MALT>
    <XAUS>70,340000</XAUS>
    <XFRA>70,340000</XFRA>
  </Prezzi>
  <Prezzi>
    <Data>20151113</Data>
    <Mercato>MGP</Mercato>
    <Ora>13</Ora>
    <PUN>48,916220</PUN>
    <NAT>49,900000</NAT>
    <CNOR>47,000000</CNOR>
    <CSUD>47,000000</CSUD>
    <NORD>50,970000</NORD>
    <SARD>47,000000</SARD>
    <SICI>58,660000</SICI>
    <SUD>37,000000</SUD>
    <AUST>50,970000</AUST>
    <BRNN>37,000000</BRNN>
    <COAC>47,000000</COAC>
    <CORS>47,000000</CORS>
    <FOGN>37,000000</FOGN>
    <FRAN>50,970000</FRAN>
    <GREC>37,000000</GREC>
    <MFTV>50,970000</MFTV>
    <PRGP>58,660000</PRGP>
    <ROSN>37,000000</ROSN>
    <SLOV>50,970000</SLOV>
    <SVIZ>50,970000</SVIZ>
    <BSP>50,970000</BSP>
    <MALT>58,660000</MALT>
    <XAUS>50,970000</XAUS>
    <XFRA>50,970000</XFRA>
  </Prezzi>
  <Prezzi>
    <Data>20151113</Data>
    <Mercato>MGP</Mercato>
    <Ora>14</Ora>
    <PUN>49,081160</PUN>
    <NAT>49,890000</NAT>
    <CNOR>45,460000</CNOR>
    <CSUD>45,460000</CSUD>
    <NORD>52,350000</NORD>
    <SARD>45,460000</SARD>
    <SICI>58,660000</SICI>
    <SUD>33,130000</SUD>
    <AUST>52,350000</AUST>
    <BRNN>33,130000</BRNN>
    <COAC>45,460000</COAC>
    <CORS>45,460000</CORS>
    <FOGN>33,130000</FOGN>
    <FRAN>52,350000</FRAN>
    <GREC>33,130000</GREC>
    <MFTV>52,350000</MFTV>
    <PRGP>58,660000</PRGP>
    <ROSN>33,130000</ROSN>
    <SLOV>52,350000</SLOV>
    <SVIZ>52,350000</SVIZ>
    <BSP>52,350000</BSP>
    <MALT>58,660000</MALT>
    <XAUS>52,350000</XAUS>
    <XFRA>52,350000</XFRA>
  </Prezzi>
  <Prezzi>
    <Data>20151113</Data>
    <Mercato>MGP</Mercato>
    <Ora>15</Ora>
    <PUN>63,721860</PUN>
    <NAT>59,390000</NAT>
    <CNOR>52,990000</CNOR>
    <CSUD>52,990000</CSUD>
    <NORD>72,000000</NORD>
    <SARD>52,990000</SARD>
    <SICI>58,660000</SICI>
    <SUD>38,410000</SUD>
    <AUST>72,000000</AUST>
    <BRNN>38,410000</BRNN>
    <COAC>52,990000</COAC>
    <CORS>52,990000</CORS>
    <FOGN>38,410000</FOGN>
    <FRAN>72,000000</FRAN>
    <GREC>38,410000</GREC>
    <MFTV>72,000000</MFTV>
    <PRGP>58,660000</PRGP>
    <ROSN>38,410000</ROSN>
    <SLOV>72,000000</SLOV>
    <SVIZ>72,000000</SVIZ>
    <BSP>72,000000</BSP>
    <MALT>58,660000</MALT>
    <XAUS>72,000000</XAUS>
    <XFRA>72,000000</XFRA>
  </Prezzi>
  <Prezzi>
    <Data>20151113</Data>
    <Mercato>MGP</Mercato>
    <Ora>16</Ora>
    <PUN>67,839920</PUN>
    <NAT>60,560000</NAT>
    <CNOR>60,000000</CNOR>
    <CSUD>60,000000</CSUD>
    <NORD>74,500000</NORD>
    <SARD>60,000000</SARD>
    <SICI>58,880000</SICI>
    <SUD>48,370000</SUD>
    <AUST>74,500000</AUST>
    <BRNN>48,370000</BRNN>
    <COAC>60,000000</COAC>
    <CORS>60,000000</CORS>
    <FOGN>48,370000</FOGN>
    <FRAN>74,500000</FRAN>
    <GREC>48,370000</GREC>
    <MFTV>74,500000</MFTV>
    <PRGP>58,880000</PRGP>
    <ROSN>48,370000</ROSN>
    <SLOV>74,500000</SLOV>
    <SVIZ>74,500000</SVIZ>
    <BSP>74,500000</BSP>
    <MALT>58,880000</MALT>
    <XAUS>74,500000</XAUS>
    <XFRA>74,500000</XFRA>
  </Prezzi>
  <Prezzi>
    <Data>20151113</Data>
    <Mercato>MGP</Mercato>
    <Ora>17</Ora>
    <PUN>69,604290</PUN>
    <NAT>69,130000</NAT>
    <CNOR>69,990000</CNOR>
    <CSUD>69,990000</CSUD>
    <NORD>73,500000</NORD>
    <SARD>69,990000</SARD>
    <SICI>60,560000</SICI>
    <SUD>49,900000</SUD>
    <AUST>73,500000</AUST>
    <BRNN>49,900000</BRNN>
    <COAC>69,990000</COAC>
    <CORS>69,990000</CORS>
    <FOGN>49,900000</FOGN>
    <FRAN>73,500000</FRAN>
    <GREC>49,900000</GREC>
    <MFTV>73,500000</MFTV>
    <PRGP>60,560000</PRGP>
    <ROSN>49,900000</ROSN>
    <SLOV>73,500000</SLOV>
    <SVIZ>73,500000</SVIZ>
    <BSP>73,500000</BSP>
    <MALT>60,560000</MALT>
    <XAUS>73,500000</XAUS>
    <XFRA>73,500000</XFRA>
  </Prezzi>
  <Prezzi>
    <Data>20151113</Data>
    <Mercato>MGP</Mercato>
    <Ora>18</Ora>
    <PUN>93,847770</PUN>
    <NAT>92,000000</NAT>
    <CNOR>99,750000</CNOR>
    <CSUD>99,750000</CSUD>
    <NORD>99,750000</NORD>
    <SARD>99,750000</SARD>
    <SICI>60,560000</SICI>
    <SUD>60,560000</SUD>
    <AUST>99,750000</AUST>
    <BRNN>60,560000</BRNN>
    <COAC>99,750000</COAC>
    <CORS>99,750000</CORS>
    <FOGN>60,560000</FOGN>
    <FRAN>99,750000</FRAN>
    <GREC>60,560000</GREC>
    <MFTV>99,750000</MFTV>
    <PRGP>60,560000</PRGP>
    <ROSN>60,560000</ROSN>
    <SLOV>99,750000</SLOV>
    <SVIZ>99,750000</SVIZ>
    <BSP>99,750000</BSP>
    <MALT>60,560000</MALT>
    <XAUS>99,750000</XAUS>
    <XFRA>99,750000</XFRA>
  </Prezzi>
  <Prezzi>
    <Data>20151113</Data>
    <Mercato>MGP</Mercato>
    <Ora>19</Ora>
    <PUN>87,087160</PUN>
    <NAT>79,990000</NAT>
    <CNOR>91,310000</CNOR>
    <CSUD>91,310000</CSUD>
    <NORD>91,310000</NORD>
    <SARD>91,310000</SARD>
    <SICI>63,680000</SICI>
    <SUD>63,680000</SUD>
    <AUST>91,310000</AUST>
    <BRNN>63,680000</BRNN>
    <COAC>91,310000</COAC>
    <CORS>91,310000</CORS>
    <FOGN>63,680000</FOGN>
    <FRAN>91,310000</FRAN>
    <GREC>63,680000</GREC>
    <MFTV>91,310000</MFTV>
    <PRGP>63,680000</PRGP>
    <ROSN>63,680000</ROSN>
    <SLOV>91,310000</SLOV>
    <SVIZ>91,310000</SVIZ>
    <BSP>91,310000</BSP>
    <MALT>63,680000</MALT>
    <XAUS>91,310000</XAUS>
    <XFRA>91,310000</XFRA>
  </Prezzi>
  <Prezzi>
    <Data>20151113</Data>
    <Mercato>MGP</Mercato>
    <Ora>20</Ora>
    <PUN>68,121810</PUN>
    <NAT>68,000000</NAT>
    <CNOR>69,130000</CNOR>
    <CSUD>69,130000</CSUD>
    <NORD>69,130000</NORD>
    <SARD>69,130000</SARD>
    <SICI>62,660000</SICI>
    <SUD>62,660000</SUD>
    <AUST>69,130000</AUST>
    <BRNN>62,660000</BRNN>
    <COAC>69,130000</COAC>
    <CORS>69,130000</CORS>
    <FOGN>62,660000</FOGN>
    <FRAN>69,130000</FRAN>
    <GREC>62,660000</GREC>
    <MFTV>69,130000</MFTV>
    <PRGP>62,660000</PRGP>
    <ROSN>62,660000</ROSN>
    <SLOV>69,130000</SLOV>
    <SVIZ>69,130000</SVIZ>
    <BSP>69,130000</BSP>
    <MALT>62,660000</MALT>
    <XAUS>69,130000</XAUS>
    <XFRA>69,130000</XFRA>
  </Prezzi>
  <Prezzi>
    <Data>20151113</Data>
    <Mercato>MGP</Mercato>
    <Ora>21</Ora>
    <PUN>61,613960</PUN>
    <NAT>61,500000</NAT>
    <CNOR>62,080000</CNOR>
    <CSUD>62,080000</CSUD>
    <NORD>62,080000</NORD>
    <SARD>62,080000</SARD>
    <SICI>60,560000</SICI>
    <SUD>58,560000</SUD>
    <AUST>62,080000</AUST>
    <BRNN>58,560000</BRNN>
    <COAC>62,080000</COAC>
    <CORS>62,080000</CORS>
    <FOGN>58,560000</FOGN>
    <FRAN>62,080000</FRAN>
    <GREC>58,560000</GREC>
    <MFTV>62,080000</MFTV>
    <PRGP>60,560000</PRGP>
    <ROSN>58,560000</ROSN>
    <SLOV>62,080000</SLOV>
    <SVIZ>62,080000</SVIZ>
    <BSP>62,080000</BSP>
    <MALT>60,560000</MALT>
    <XAUS>62,080000</XAUS>
    <XFRA>62,080000</XFRA>
  </Prezzi>
  <Prezzi>
    <Data>20151113</Data>
    <Mercato>MGP</Mercato>
    <Ora>22</Ora>
    <PUN>55,207510</PUN>
    <NAT>57,100000</NAT>
    <CNOR>54,880000</CNOR>
    <CSUD>54,880000</CSUD>
    <NORD>54,880000</NORD>
    <SARD>54,880000</SARD>
    <SICI>60,560000</SICI>
    <SUD>54,880000</SUD>
    <AUST>54,880000</AUST>
    <BRNN>54,880000</BRNN>
    <COAC>54,880000</COAC>
    <CORS>54,880000</CORS>
    <FOGN>54,880000</FOGN>
    <FRAN>54,880000</FRAN>
    <GREC>54,880000</GREC>
    <MFTV>54,880000</MFTV>
    <PRGP>60,560000</PRGP>
    <ROSN>54,880000</ROSN>
    <SLOV>54,880000</SLOV>
    <SVIZ>54,880000</SVIZ>
    <BSP>54,880000</BSP>
    <MALT>60,560000</MALT>
    <XAUS>54,880000</XAUS>
    <XFRA>54,880000</XFRA>
  </Prezzi>
  <Prezzi>
    <Data>20151113</Data>
    <Mercato>MGP</Mercato>
    <Ora>23</Ora>
    <PUN>48,631660</PUN>
    <NAT>49,890000</NAT>
    <CNOR>47,900000</CNOR>
    <CSUD>47,900000</CSUD>
    <NORD>47,900000</NORD>
    <SARD>47,900000</SARD>
    <SICI>60,560000</SICI>
    <SUD>47,900000</SUD>
    <AUST>47,900000</AUST>
    <BRNN>47,900000</BRNN>
    <COAC>47,900000</COAC>
    <CORS>47,900000</CORS>
    <FOGN>47,900000</FOGN>
    <FRAN>47,900000</FRAN>
    <GREC>47,900000</GREC>
    <MFTV>47,900000</MFTV>
    <PRGP>60,560000</PRGP>
    <ROSN>47,900000</ROSN>
    <SLOV>47,900000</SLOV>
    <SVIZ>47,900000</SVIZ>
    <BSP>47,900000</BSP>
    <MALT>60,560000</MALT>
    <XAUS>47,900000</XAUS>
    <XFRA>47,900000</XFRA>
  </Prezzi>
  <Prezzi>
    <Data>20151113</Data>
    <Mercato>MGP</Mercato>
    <Ora>24</Ora>
    <PUN>43,731910</PUN>
    <NAT>44,600000</NAT>
    <CNOR>42,840000</CNOR>
    <CSUD>42,840000</CSUD>
    <NORD>42,840000</NORD>
    <SARD>42,840000</SARD>
    <SICI>58,660000</SICI>
    <SUD>42,840000</SUD>
    <AUST>42,840000</AUST>
    <BRNN>42,840000</BRNN>
    <COAC>42,840000</COAC>
    <CORS>42,840000</CORS>
    <FOGN>42,840000</FOGN>
    <FRAN>42,840000</FRAN>
    <GREC>42,840000</GREC>
    <MFTV>42,840000</MFTV>
    <PRGP>58,660000</PRGP>
    <ROSN>42,840000</ROSN>
    <SLOV>42,840000</SLOV>
    <SVIZ>42,840000</SVIZ>
    <BSP>42,840000</BSP>
    <MALT>58,660000</MALT>
    <XAUS>42,840000</XAUS>
    <XFRA>42,840000</XFRA>
  </Prezzi>
</NewDataSet>