<?xml version="1.0" standalone="yes"?>
<NewDataSet>
  <xs:schema id="NewDataSet" xmlns="" xmlns:xs="http://www.w3.org/2001/XMLSchema" xmlns:msdata="urn:schemas-microsoft-com:xml-msdata">
    <xs:element name="NewDataSet" msdata:IsDataSet="true" msdata:UseCurrentLocale="true">
      <xs:complexType>
        <xs:choice minOccurs="0" maxOccurs="unbounded">
          <xs:element name="Prezzi">
            <xs:complexType>
              <xs:sequence>
                <xs:element name="Data" type="xs:string" minOccurs="0" />
                <xs:element name="Mercato" type="xs:string" minOccurs="0" />
                <xs:element name="Ora" type="xs:string" minOccurs="0" />
                <xs:element name="PUN" type="xs:string" minOccurs="0" />
                <xs:element name="NAT" type="xs:string" minOccurs="0" />
                <xs:element name="CNOR" type="xs:string" minOccurs="0" />
                <xs:element name="CSUD" type="xs:string" minOccurs="0" />
                <xs:element name="NORD" type="xs:string" minOccurs="0" />
                <xs:element name="SARD" type="xs:string" minOccurs="0" />
                <xs:element name="SICI" type="xs:string" minOccurs="0" />
                <xs:element name="SUD" type="xs:string" minOccurs="0" />
                <xs:element name="AUST" type="xs:string" minOccurs="0" />
                <xs:element name="BRNN" type="xs:string" minOccurs="0" />
                <xs:element name="COAC" type="xs:string" minOccurs="0" />
                <xs:element name="CORS" type="xs:string" minOccurs="0" />
                <xs:element name="FOGN" type="xs:string" minOccurs="0" />
                <xs:element name="FRAN" type="xs:string" minOccurs="0" />
                <xs:element name="GREC" type="xs:string" minOccurs="0" />
                <xs:element name="MFTV" type="xs:string" minOccurs="0" />
                <xs:element name="PRGP" type="xs:string" minOccurs="0" />
                <xs:element name="ROSN" type="xs:string" minOccurs="0" />
                <xs:element name="SLOV" type="xs:string" minOccurs="0" />
                <xs:element name="SVIZ" type="xs:string" minOccurs="0" />
                <xs:element name="BSP" type="xs:string" minOccurs="0" />
                <xs:element name="MALT" type="xs:string" minOccurs="0" />
                <xs:element name="XAUS" type="xs:string" minOccurs="0" />
                <xs:element name="XFRA" type="xs:string" minOccurs="0" />
              </xs:sequence>
            </xs:complexType>
          </xs:element>
        </xs:choice>
      </xs:complexType>
    </xs:element>
  </xs:schema>
  <Prezzi>
    <Data>20151109</Data>
    <Mercato>MGP</Mercato>
    <Ora>1</Ora>
    <PUN>34,619450</PUN>
    <NAT>36,350000</NAT>
    <CNOR>33,040000</CNOR>
    <CSUD>33,040000</CSUD>
    <NORD>33,040000</NORD>
    <SARD>33,040000</SARD>
    <SICI>58,660000</SICI>
    <SUD>33,040000</SUD>
    <AUST>33,040000</AUST>
    <BRNN>33,040000</BRNN>
    <COAC>33,040000</COAC>
    <CORS>33,040000</CORS>
    <FOGN>33,040000</FOGN>
    <FRAN>33,040000</FRAN>
    <GREC>33,040000</GREC>
    <MFTV>33,040000</MFTV>
    <PRGP>58,660000</PRGP>
    <ROSN>33,040000</ROSN>
    <SLOV>33,040000</SLOV>
    <SVIZ>33,040000</SVIZ>
    <BSP>33,040000</BSP>
    <MALT>58,660000</MALT>
    <XAUS>33,040000</XAUS>
    <XFRA>33,040000</XFRA>
  </Prezzi>
  <Prezzi>
    <Data>20151109</Data>
    <Mercato>MGP</Mercato>
    <Ora>2</Ora>
    <PUN>30,084270</PUN>
    <NAT>31,830000</NAT>
    <CNOR>28,300000</CNOR>
    <CSUD>28,300000</CSUD>
    <NORD>28,300000</NORD>
    <SARD>28,300000</SARD>
    <SICI>58,660000</SICI>
    <SUD>28,300000</SUD>
    <AUST>28,300000</AUST>
    <BRNN>28,300000</BRNN>
    <COAC>28,300000</COAC>
    <CORS>28,300000</CORS>
    <FOGN>28,300000</FOGN>
    <FRAN>28,300000</FRAN>
    <GREC>28,300000</GREC>
    <MFTV>28,300000</MFTV>
    <PRGP>58,660000</PRGP>
    <ROSN>28,300000</ROSN>
    <SLOV>28,300000</SLOV>
    <SVIZ>28,300000</SVIZ>
    <BSP>28,300000</BSP>
    <MALT>58,660000</MALT>
    <XAUS>28,300000</XAUS>
    <XFRA>28,300000</XFRA>
  </Prezzi>
  <Prezzi>
    <Data>20151109</Data>
    <Mercato>MGP</Mercato>
    <Ora>3</Ora>
    <PUN>29,743500</PUN>
    <NAT>30,580000</NAT>
    <CNOR>28,000000</CNOR>
    <CSUD>28,000000</CSUD>
    <NORD>28,000000</NORD>
    <SARD>28,000000</SARD>
    <SICI>58,660000</SICI>
    <SUD>28,000000</SUD>
    <AUST>28,000000</AUST>
    <BRNN>28,000000</BRNN>
    <COAC>28,000000</COAC>
    <CORS>28,000000</CORS>
    <FOGN>28,000000</FOGN>
    <FRAN>28,000000</FRAN>
    <GREC>28,000000</GREC>
    <MFTV>28,000000</MFTV>
    <PRGP>58,660000</PRGP>
    <ROSN>28,000000</ROSN>
    <SLOV>28,000000</SLOV>
    <SVIZ>28,000000</SVIZ>
    <BSP>28,000000</BSP>
    <MALT>58,660000</MALT>
    <XAUS>28,000000</XAUS>
    <XFRA>28,000000</XFRA>
  </Prezzi>
  <Prezzi>
    <Data>20151109</Data>
    <Mercato>MGP</Mercato>
    <Ora>4</Ora>
    <PUN>28,740570</PUN>
    <NAT>28,000000</NAT>
    <CNOR>27,300000</CNOR>
    <CSUD>27,300000</CSUD>
    <NORD>27,300000</NORD>
    <SARD>27,300000</SARD>
    <SICI>52,990000</SICI>
    <SUD>27,300000</SUD>
    <AUST>27,300000</AUST>
    <BRNN>27,300000</BRNN>
    <COAC>27,300000</COAC>
    <CORS>27,300000</CORS>
    <FOGN>27,300000</FOGN>
    <FRAN>27,300000</FRAN>
    <GREC>27,300000</GREC>
    <MFTV>27,300000</MFTV>
    <PRGP>52,990000</PRGP>
    <ROSN>27,300000</ROSN>
    <SLOV>27,300000</SLOV>
    <SVIZ>27,300000</SVIZ>
    <BSP>27,300000</BSP>
    <MALT>52,990000</MALT>
    <XAUS>27,300000</XAUS>
    <XFRA>27,300000</XFRA>
  </Prezzi>
  <Prezzi>
    <Data>20151109</Data>
    <Mercato>MGP</Mercato>
    <Ora>5</Ora>
    <PUN>29,376290</PUN>
    <NAT>31,170000</NAT>
    <CNOR>28,000000</CNOR>
    <CSUD>28,000000</CSUD>
    <NORD>28,000000</NORD>
    <SARD>28,000000</SARD>
    <SICI>52,990000</SICI>
    <SUD>28,000000</SUD>
    <AUST>28,000000</AUST>
    <BRNN>28,000000</BRNN>
    <COAC>28,000000</COAC>
    <CORS>28,000000</CORS>
    <FOGN>28,000000</FOGN>
    <FRAN>28,000000</FRAN>
    <GREC>28,000000</GREC>
    <MFTV>28,000000</MFTV>
    <PRGP>52,990000</PRGP>
    <ROSN>28,000000</ROSN>
    <SLOV>28,000000</SLOV>
    <SVIZ>28,000000</SVIZ>
    <BSP>28,000000</BSP>
    <MALT>52,990000</MALT>
    <XAUS>28,000000</XAUS>
    <XFRA>28,000000</XFRA>
  </Prezzi>
  <Prezzi>
    <Data>20151109</Data>
    <Mercato>MGP</Mercato>
    <Ora>6</Ora>
    <PUN>37,898540</PUN>
    <NAT>37,430000</NAT>
    <CNOR>36,670000</CNOR>
    <CSUD>36,670000</CSUD>
    <NORD>36,670000</NORD>
    <SARD>36,670000</SARD>
    <SICI>58,660000</SICI>
    <SUD>36,670000</SUD>
    <AUST>36,670000</AUST>
    <BRNN>36,670000</BRNN>
    <COAC>36,670000</COAC>
    <CORS>36,670000</CORS>
    <FOGN>36,670000</FOGN>
    <FRAN>36,670000</FRAN>
    <GREC>36,670000</GREC>
    <MFTV>36,670000</MFTV>
    <PRGP>58,660000</PRGP>
    <ROSN>36,670000</ROSN>
    <SLOV>36,670000</SLOV>
    <SVIZ>36,670000</SVIZ>
    <BSP>36,670000</BSP>
    <MALT>58,660000</MALT>
    <XAUS>36,670000</XAUS>
    <XFRA>36,670000</XFRA>
  </Prezzi>
  <Prezzi>
    <Data>20151109</Data>
    <Mercato>MGP</Mercato>
    <Ora>7</Ora>
    <PUN>52,506570</PUN>
    <NAT>53,010000</NAT>
    <CNOR>52,190000</CNOR>
    <CSUD>52,190000</CSUD>
    <NORD>52,190000</NORD>
    <SARD>52,190000</SARD>
    <SICI>58,660000</SICI>
    <SUD>52,190000</SUD>
    <AUST>52,190000</AUST>
    <BRNN>52,190000</BRNN>
    <COAC>52,190000</COAC>
    <CORS>52,190000</CORS>
    <FOGN>52,190000</FOGN>
    <FRAN>52,190000</FRAN>
    <GREC>52,190000</GREC>
    <MFTV>52,190000</MFTV>
    <PRGP>58,660000</PRGP>
    <ROSN>52,190000</ROSN>
    <SLOV>52,190000</SLOV>
    <SVIZ>52,190000</SVIZ>
    <BSP>52,190000</BSP>
    <MALT>58,660000</MALT>
    <XAUS>52,190000</XAUS>
    <XFRA>52,190000</XFRA>
  </Prezzi>
  <Prezzi>
    <Data>20151109</Data>
    <Mercato>MGP</Mercato>
    <Ora>8</Ora>
    <PUN>53,274570</PUN>
    <NAT>57,510000</NAT>
    <CNOR>52,990000</CNOR>
    <CSUD>52,990000</CSUD>
    <NORD>52,990000</NORD>
    <SARD>52,990000</SARD>
    <SICI>58,880000</SICI>
    <SUD>52,990000</SUD>
    <AUST>52,990000</AUST>
    <BRNN>52,990000</BRNN>
    <COAC>52,990000</COAC>
    <CORS>52,990000</CORS>
    <FOGN>52,990000</FOGN>
    <FRAN>52,990000</FRAN>
    <GREC>52,990000</GREC>
    <MFTV>52,990000</MFTV>
    <PRGP>58,880000</PRGP>
    <ROSN>52,990000</ROSN>
    <SLOV>52,990000</SLOV>
    <SVIZ>52,990000</SVIZ>
    <BSP>52,990000</BSP>
    <MALT>58,880000</MALT>
    <XAUS>52,990000</XAUS>
    <XFRA>52,990000</XFRA>
  </Prezzi>
  <Prezzi>
    <Data>20151109</Data>
    <Mercato>MGP</Mercato>
    <Ora>9</Ora>
    <PUN>62,567700</PUN>
    <NAT>60,560000</NAT>
    <CNOR>63,220000</CNOR>
    <CSUD>63,220000</CSUD>
    <NORD>63,220000</NORD>
    <SARD>63,220000</SARD>
    <SICI>58,880000</SICI>
    <SUD>58,880000</SUD>
    <AUST>63,220000</AUST>
    <BRNN>58,880000</BRNN>
    <COAC>63,220000</COAC>
    <CORS>63,220000</CORS>
    <FOGN>58,880000</FOGN>
    <FRAN>63,220000</FRAN>
    <GREC>58,880000</GREC>
    <MFTV>63,220000</MFTV>
    <PRGP>58,880000</PRGP>
    <ROSN>58,880000</ROSN>
    <SLOV>63,220000</SLOV>
    <SVIZ>63,220000</SVIZ>
    <BSP>63,220000</BSP>
    <MALT>58,880000</MALT>
    <XAUS>63,220000</XAUS>
    <XFRA>63,220000</XFRA>
  </Prezzi>
  <Prezzi>
    <Data>20151109</Data>
    <Mercato>MGP</Mercato>
    <Ora>10</Ora>
    <PUN>61,416190</PUN>
    <NAT>58,990000</NAT>
    <CNOR>62,990000</CNOR>
    <CSUD>62,990000</CSUD>
    <NORD>62,990000</NORD>
    <SARD>62,990000</SARD>
    <SICI>58,660000</SICI>
    <SUD>49,900000</SUD>
    <AUST>62,990000</AUST>
    <BRNN>49,900000</BRNN>
    <COAC>62,990000</COAC>
    <CORS>62,990000</CORS>
    <FOGN>49,900000</FOGN>
    <FRAN>62,990000</FRAN>
    <GREC>49,900000</GREC>
    <MFTV>62,990000</MFTV>
    <PRGP>58,660000</PRGP>
    <ROSN>49,900000</ROSN>
    <SLOV>62,990000</SLOV>
    <SVIZ>62,990000</SVIZ>
    <BSP>62,990000</BSP>
    <MALT>58,660000</MALT>
    <XAUS>62,990000</XAUS>
    <XFRA>62,990000</XFRA>
  </Prezzi>
  <Prezzi>
    <Data>20151109</Data>
    <Mercato>MGP</Mercato>
    <Ora>11</Ora>
    <PUN>59,307750</PUN>
    <NAT>54,460000</NAT>
    <CNOR>62,000000</CNOR>
    <CSUD>62,000000</CSUD>
    <NORD>62,000000</NORD>
    <SARD>62,000000</SARD>
    <SICI>58,000000</SICI>
    <SUD>38,000000</SUD>
    <AUST>62,000000</AUST>
    <BRNN>38,000000</BRNN>
    <COAC>62,000000</COAC>
    <CORS>62,000000</CORS>
    <FOGN>38,000000</FOGN>
    <FRAN>62,000000</FRAN>
    <GREC>38,000000</GREC>
    <MFTV>62,000000</MFTV>
    <PRGP>58,000000</PRGP>
    <ROSN>38,000000</ROSN>
    <SLOV>62,000000</SLOV>
    <SVIZ>62,000000</SVIZ>
    <BSP>62,000000</BSP>
    <MALT>58,000000</MALT>
    <XAUS>62,000000</XAUS>
    <XFRA>62,000000</XFRA>
  </Prezzi>
  <Prezzi>
    <Data>20151109</Data>
    <Mercato>MGP</Mercato>
    <Ora>12</Ora>
    <PUN>54,032770</PUN>
    <NAT>50,950000</NAT>
    <CNOR>55,990000</CNOR>
    <CSUD>55,990000</CSUD>
    <NORD>57,150000</NORD>
    <SARD>55,990000</SARD>
    <SICI>52,990000</SICI>
    <SUD>32,000000</SUD>
    <AUST>57,150000</AUST>
    <BRNN>32,000000</BRNN>
    <COAC>55,990000</COAC>
    <CORS>55,990000</CORS>
    <FOGN>32,000000</FOGN>
    <FRAN>57,150000</FRAN>
    <GREC>32,000000</GREC>
    <MFTV>57,150000</MFTV>
    <PRGP>52,990000</PRGP>
    <ROSN>32,000000</ROSN>
    <SLOV>57,150000</SLOV>
    <SVIZ>57,150000</SVIZ>
    <BSP>57,150000</BSP>
    <MALT>52,990000</MALT>
    <XAUS>57,150000</XAUS>
    <XFRA>57,150000</XFRA>
  </Prezzi>
  <Prezzi>
    <Data>20151109</Data>
    <Mercato>MGP</Mercato>
    <Ora>13</Ora>
    <PUN>46,390000</PUN>
    <NAT>46,390000</NAT>
    <CNOR>47,449960</CNOR>
    <CSUD>47,449960</CSUD>
    <NORD>47,449960</NORD>
    <SARD>47,449960</SARD>
    <SICI>51,150000</SICI>
    <SUD>36,490000</SUD>
    <AUST>47,449960</AUST>
    <BRNN>36,490000</BRNN>
    <COAC>47,449960</COAC>
    <CORS>47,449960</CORS>
    <FOGN>36,490000</FOGN>
    <FRAN>47,449960</FRAN>
    <GREC>36,490000</GREC>
    <MFTV>47,449960</MFTV>
    <PRGP>51,150000</PRGP>
    <ROSN>36,490000</ROSN>
    <SLOV>47,449960</SLOV>
    <SVIZ>47,449960</SVIZ>
    <BSP>47,449960</BSP>
    <MALT>51,150000</MALT>
    <XAUS>47,449960</XAUS>
    <XFRA>47,449960</XFRA>
  </Prezzi>
  <Prezzi>
    <Data>20151109</Data>
    <Mercato>MGP</Mercato>
    <Ora>14</Ora>
    <PUN>49,156650</PUN>
    <NAT>47,980000</NAT>
    <CNOR>50,950000</CNOR>
    <CSUD>50,950000</CSUD>
    <NORD>50,950000</NORD>
    <SARD>50,950000</SARD>
    <SICI>58,660000</SICI>
    <SUD>28,000000</SUD>
    <AUST>50,950000</AUST>
    <BRNN>28,000000</BRNN>
    <COAC>50,950000</COAC>
    <CORS>50,950000</CORS>
    <FOGN>28,000000</FOGN>
    <FRAN>50,950000</FRAN>
    <GREC>28,000000</GREC>
    <MFTV>50,950000</MFTV>
    <PRGP>58,660000</PRGP>
    <ROSN>28,000000</ROSN>
    <SLOV>50,950000</SLOV>
    <SVIZ>50,950000</SVIZ>
    <BSP>50,950000</BSP>
    <MALT>58,660000</MALT>
    <XAUS>50,950000</XAUS>
    <XFRA>50,950000</XFRA>
  </Prezzi>
  <Prezzi>
    <Data>20151109</Data>
    <Mercato>MGP</Mercato>
    <Ora>15</Ora>
    <PUN>59,164050</PUN>
    <NAT>54,950000</NAT>
    <CNOR>61,970000</CNOR>
    <CSUD>61,970000</CSUD>
    <NORD>61,970000</NORD>
    <SARD>61,970000</SARD>
    <SICI>58,660000</SICI>
    <SUD>32,000000</SUD>
    <AUST>61,970000</AUST>
    <BRNN>32,000000</BRNN>
    <COAC>61,970000</COAC>
    <CORS>61,970000</CORS>
    <FOGN>32,000000</FOGN>
    <FRAN>61,970000</FRAN>
    <GREC>32,000000</GREC>
    <MFTV>61,970000</MFTV>
    <PRGP>58,660000</PRGP>
    <ROSN>32,000000</ROSN>
    <SLOV>61,970000</SLOV>
    <SVIZ>61,970000</SVIZ>
    <BSP>61,970000</BSP>
    <MALT>58,660000</MALT>
    <XAUS>61,970000</XAUS>
    <XFRA>61,970000</XFRA>
  </Prezzi>
  <Prezzi>
    <Data>20151109</Data>
    <Mercato>MGP</Mercato>
    <Ora>16</Ora>
    <PUN>74,470000</PUN>
    <NAT>60,560000</NAT>
    <CNOR>64,000000</CNOR>
    <CSUD>64,000000</CSUD>
    <NORD>83,834940</NORD>
    <SARD>64,000000</SARD>
    <SICI>58,660000</SICI>
    <SUD>46,220000</SUD>
    <AUST>83,834940</AUST>
    <BRNN>46,220000</BRNN>
    <COAC>64,000000</COAC>
    <CORS>64,000000</CORS>
    <FOGN>46,220000</FOGN>
    <FRAN>83,834940</FRAN>
    <GREC>46,220000</GREC>
    <MFTV>83,834940</MFTV>
    <PRGP>58,660000</PRGP>
    <ROSN>46,220000</ROSN>
    <SLOV>83,834940</SLOV>
    <SVIZ>83,834940</SVIZ>
    <BSP>83,834940</BSP>
    <MALT>58,660000</MALT>
    <XAUS>83,834940</XAUS>
    <XFRA>83,834940</XFRA>
  </Prezzi>
  <Prezzi>
    <Data>20151109</Data>
    <Mercato>MGP</Mercato>
    <Ora>17</Ora>
    <PUN>77,460000</PUN>
    <NAT>66,590000</NAT>
    <CNOR>81,505490</CNOR>
    <CSUD>81,505490</CSUD>
    <NORD>81,505490</NORD>
    <SARD>81,505490</SARD>
    <SICI>58,880000</SICI>
    <SUD>49,910000</SUD>
    <AUST>81,505490</AUST>
    <BRNN>49,910000</BRNN>
    <COAC>81,505490</COAC>
    <CORS>81,505490</CORS>
    <FOGN>49,910000</FOGN>
    <FRAN>81,505490</FRAN>
    <GREC>49,910000</GREC>
    <MFTV>81,505490</MFTV>
    <PRGP>58,880000</PRGP>
    <ROSN>49,910000</ROSN>
    <SLOV>81,505490</SLOV>
    <SVIZ>81,505490</SVIZ>
    <BSP>81,505490</BSP>
    <MALT>58,880000</MALT>
    <XAUS>81,505490</XAUS>
    <XFRA>81,505490</XFRA>
  </Prezzi>
  <Prezzi>
    <Data>20151109</Data>
    <Mercato>MGP</Mercato>
    <Ora>18</Ora>
    <PUN>80,260000</PUN>
    <NAT>80,260000</NAT>
    <CNOR>81,371440</CNOR>
    <CSUD>81,371440</CSUD>
    <NORD>81,371440</NORD>
    <SARD>81,371440</SARD>
    <SICI>60,560000</SICI>
    <SUD>81,371440</SUD>
    <AUST>81,371440</AUST>
    <BRNN>81,371440</BRNN>
    <COAC>81,371440</COAC>
    <CORS>81,371440</CORS>
    <FOGN>81,371440</FOGN>
    <FRAN>81,371440</FRAN>
    <GREC>81,371440</GREC>
    <MFTV>81,371440</MFTV>
    <PRGP>60,560000</PRGP>
    <ROSN>81,371440</ROSN>
    <SLOV>81,371440</SLOV>
    <SVIZ>81,371440</SVIZ>
    <BSP>81,371440</BSP>
    <MALT>60,560000</MALT>
    <XAUS>81,371440</XAUS>
    <XFRA>81,371440</XFRA>
  </Prezzi>
  <Prezzi>
    <Data>20151109</Data>
    <Mercato>MGP</Mercato>
    <Ora>19</Ora>
    <PUN>83,490000</PUN>
    <NAT>83,490000</NAT>
    <CNOR>84,271140</CNOR>
    <CSUD>84,271140</CSUD>
    <NORD>84,271140</NORD>
    <SARD>84,271140</SARD>
    <SICI>69,990000</SICI>
    <SUD>84,271140</SUD>
    <AUST>84,271140</AUST>
    <BRNN>84,271140</BRNN>
    <COAC>84,271140</COAC>
    <CORS>84,271140</CORS>
    <FOGN>84,271140</FOGN>
    <FRAN>84,271140</FRAN>
    <GREC>84,271140</GREC>
    <MFTV>84,271140</MFTV>
    <PRGP>69,990000</PRGP>
    <ROSN>84,271140</ROSN>
    <SLOV>84,271140</SLOV>
    <SVIZ>84,271140</SVIZ>
    <BSP>84,271140</BSP>
    <MALT>69,990000</MALT>
    <XAUS>84,271140</XAUS>
    <XFRA>84,271140</XFRA>
  </Prezzi>
  <Prezzi>
    <Data>20151109</Data>
    <Mercato>MGP</Mercato>
    <Ora>20</Ora>
    <PUN>92,170000</PUN>
    <NAT>76,780000</NAT>
    <CNOR>93,268510</CNOR>
    <CSUD>93,268510</CSUD>
    <NORD>93,268510</NORD>
    <SARD>93,268510</SARD>
    <SICI>73,580000</SICI>
    <SUD>93,268510</SUD>
    <AUST>93,268510</AUST>
    <BRNN>93,268510</BRNN>
    <COAC>93,268510</COAC>
    <CORS>93,268510</CORS>
    <FOGN>93,268510</FOGN>
    <FRAN>93,268510</FRAN>
    <GREC>93,268510</GREC>
    <MFTV>93,268510</MFTV>
    <PRGP>73,580000</PRGP>
    <ROSN>93,268510</ROSN>
    <SLOV>93,268510</SLOV>
    <SVIZ>93,268510</SVIZ>
    <BSP>93,268510</BSP>
    <MALT>73,580000</MALT>
    <XAUS>93,268510</XAUS>
    <XFRA>93,268510</XFRA>
  </Prezzi>
  <Prezzi>
    <Data>20151109</Data>
    <Mercato>MGP</Mercato>
    <Ora>21</Ora>
    <PUN>65,000000</PUN>
    <NAT>65,490000</NAT>
    <CNOR>65,000000</CNOR>
    <CSUD>65,000000</CSUD>
    <NORD>65,000000</NORD>
    <SARD>65,000000</SARD>
    <SICI>65,000000</SICI>
    <SUD>65,000000</SUD>
    <AUST>65,000000</AUST>
    <BRNN>65,000000</BRNN>
    <COAC>65,000000</COAC>
    <CORS>65,000000</CORS>
    <FOGN>65,000000</FOGN>
    <FRAN>65,000000</FRAN>
    <GREC>65,000000</GREC>
    <MFTV>65,000000</MFTV>
    <PRGP>65,000000</PRGP>
    <ROSN>65,000000</ROSN>
    <SLOV>65,000000</SLOV>
    <SVIZ>65,000000</SVIZ>
    <BSP>65,000000</BSP>
    <MALT>65,000000</MALT>
    <XAUS>65,000000</XAUS>
    <XFRA>65,000000</XFRA>
  </Prezzi>
  <Prezzi>
    <Data>20151109</Data>
    <Mercato>MGP</Mercato>
    <Ora>22</Ora>
    <PUN>60,560000</PUN>
    <NAT>60,560000</NAT>
    <CNOR>60,560000</CNOR>
    <CSUD>60,560000</CSUD>
    <NORD>60,560000</NORD>
    <SARD>60,560000</SARD>
    <SICI>60,560000</SICI>
    <SUD>60,560000</SUD>
    <AUST>60,560000</AUST>
    <BRNN>60,560000</BRNN>
    <COAC>60,560000</COAC>
    <CORS>60,560000</CORS>
    <FOGN>60,560000</FOGN>
    <FRAN>60,560000</FRAN>
    <GREC>60,560000</GREC>
    <MFTV>60,560000</MFTV>
    <PRGP>60,560000</PRGP>
    <ROSN>60,560000</ROSN>
    <SLOV>60,560000</SLOV>
    <SVIZ>60,560000</SVIZ>
    <BSP>60,560000</BSP>
    <MALT>60,560000</MALT>
    <XAUS>60,560000</XAUS>
    <XFRA>60,560000</XFRA>
  </Prezzi>
  <Prezzi>
    <Data>20151109</Data>
    <Mercato>MGP</Mercato>
    <Ora>23</Ora>
    <PUN>51,506880</PUN>
    <NAT>55,000000</NAT>
    <CNOR>50,950000</CNOR>
    <CSUD>50,950000</CSUD>
    <NORD>50,950000</NORD>
    <SARD>50,950000</SARD>
    <SICI>60,560000</SICI>
    <SUD>50,950000</SUD>
    <AUST>50,950000</AUST>
    <BRNN>50,950000</BRNN>
    <COAC>50,950000</COAC>
    <CORS>50,950000</CORS>
    <FOGN>50,950000</FOGN>
    <FRAN>50,950000</FRAN>
    <GREC>50,950000</GREC>
    <MFTV>50,950000</MFTV>
    <PRGP>60,560000</PRGP>
    <ROSN>50,950000</ROSN>
    <SLOV>50,950000</SLOV>
    <SVIZ>50,950000</SVIZ>
    <BSP>50,950000</BSP>
    <MALT>60,560000</MALT>
    <XAUS>50,950000</XAUS>
    <XFRA>50,950000</XFRA>
  </Prezzi>
  <Prezzi>
    <Data>20151109</Data>
    <Mercato>MGP</Mercato>
    <Ora>24</Ora>
    <PUN>48,416490</PUN>
    <NAT>49,890000</NAT>
    <CNOR>47,800000</CNOR>
    <CSUD>47,800000</CSUD>
    <NORD>47,800000</NORD>
    <SARD>47,800000</SARD>
    <SICI>58,660000</SICI>
    <SUD>47,800000</SUD>
    <AUST>47,800000</AUST>
    <BRNN>47,800000</BRNN>
    <COAC>47,800000</COAC>
    <CORS>47,800000</CORS>
    <FOGN>47,800000</FOGN>
    <FRAN>47,800000</FRAN>
    <GREC>47,800000</GREC>
    <MFTV>47,800000</MFTV>
    <PRGP>58,660000</PRGP>
    <ROSN>47,800000</ROSN>
    <SLOV>47,800000</SLOV>
    <SVIZ>47,800000</SVIZ>
    <BSP>47,800000</BSP>
    <MALT>58,660000</MALT>
    <XAUS>47,800000</XAUS>
    <XFRA>47,800000</XFRA>
  </Prezzi>
</NewDataSet>