<?xml version="1.0" standalone="yes"?>
<NewDataSet>
  <xs:schema id="NewDataSet" xmlns="" xmlns:xs="http://www.w3.org/2001/XMLSchema" xmlns:msdata="urn:schemas-microsoft-com:xml-msdata">
    <xs:element name="NewDataSet" msdata:IsDataSet="true" msdata:UseCurrentLocale="true">
      <xs:complexType>
        <xs:choice minOccurs="0" maxOccurs="unbounded">
          <xs:element name="Prezzi">
            <xs:complexType>
              <xs:sequence>
                <xs:element name="Data" type="xs:string" minOccurs="0" />
                <xs:element name="Mercato" type="xs:string" minOccurs="0" />
                <xs:element name="Ora" type="xs:string" minOccurs="0" />
                <xs:element name="PUN" type="xs:string" minOccurs="0" />
                <xs:element name="NAT" type="xs:string" minOccurs="0" />
                <xs:element name="CNOR" type="xs:string" minOccurs="0" />
                <xs:element name="CSUD" type="xs:string" minOccurs="0" />
                <xs:element name="NORD" type="xs:string" minOccurs="0" />
                <xs:element name="SARD" type="xs:string" minOccurs="0" />
                <xs:element name="SICI" type="xs:string" minOccurs="0" />
                <xs:element name="SUD" type="xs:string" minOccurs="0" />
                <xs:element name="AUST" type="xs:string" minOccurs="0" />
                <xs:element name="BRNN" type="xs:string" minOccurs="0" />
                <xs:element name="COAC" type="xs:string" minOccurs="0" />
                <xs:element name="CORS" type="xs:string" minOccurs="0" />
                <xs:element name="FOGN" type="xs:string" minOccurs="0" />
                <xs:element name="FRAN" type="xs:string" minOccurs="0" />
                <xs:element name="GREC" type="xs:string" minOccurs="0" />
                <xs:element name="MFTV" type="xs:string" minOccurs="0" />
                <xs:element name="PRGP" type="xs:string" minOccurs="0" />
                <xs:element name="ROSN" type="xs:string" minOccurs="0" />
                <xs:element name="SLOV" type="xs:string" minOccurs="0" />
                <xs:element name="SVIZ" type="xs:string" minOccurs="0" />
                <xs:element name="BSP" type="xs:string" minOccurs="0" />
                <xs:element name="MALT" type="xs:string" minOccurs="0" />
                <xs:element name="XAUS" type="xs:string" minOccurs="0" />
                <xs:element name="XFRA" type="xs:string" minOccurs="0" />
              </xs:sequence>
            </xs:complexType>
          </xs:element>
        </xs:choice>
      </xs:complexType>
    </xs:element>
  </xs:schema>
  <Prezzi>
    <Data>20151102</Data>
    <Mercato>MGP</Mercato>
    <Ora>1</Ora>
    <PUN>39,080000</PUN>
    <NAT>39,080000</NAT>
    <CNOR>39,080000</CNOR>
    <CSUD>39,080000</CSUD>
    <NORD>39,080000</NORD>
    <SARD>39,080000</SARD>
    <SICI>39,080000</SICI>
    <SUD>39,080000</SUD>
    <AUST>39,080000</AUST>
    <BRNN>39,080000</BRNN>
    <COAC>39,080000</COAC>
    <CORS>39,080000</CORS>
    <FOGN>39,080000</FOGN>
    <FRAN>39,080000</FRAN>
    <GREC>39,080000</GREC>
    <MFTV>39,080000</MFTV>
    <PRGP>39,080000</PRGP>
    <ROSN>39,080000</ROSN>
    <SLOV>39,080000</SLOV>
    <SVIZ>39,080000</SVIZ>
    <BSP>39,080000</BSP>
    <MALT>39,080000</MALT>
    <XAUS>39,080000</XAUS>
    <XFRA>39,080000</XFRA>
  </Prezzi>
  <Prezzi>
    <Data>20151102</Data>
    <Mercato>MGP</Mercato>
    <Ora>2</Ora>
    <PUN>30,900000</PUN>
    <NAT>32,250000</NAT>
    <CNOR>30,616650</CNOR>
    <CSUD>30,616650</CSUD>
    <NORD>30,616650</NORD>
    <SARD>30,616650</SARD>
    <SICI>35,000000</SICI>
    <SUD>30,616650</SUD>
    <AUST>30,616650</AUST>
    <BRNN>30,616650</BRNN>
    <COAC>30,616650</COAC>
    <CORS>30,616650</CORS>
    <FOGN>30,616650</FOGN>
    <FRAN>30,616650</FRAN>
    <GREC>30,616650</GREC>
    <MFTV>30,616650</MFTV>
    <PRGP>35,000000</PRGP>
    <ROSN>30,616650</ROSN>
    <SLOV>30,616650</SLOV>
    <SVIZ>30,616650</SVIZ>
    <BSP>30,616650</BSP>
    <MALT>35,000000</MALT>
    <XAUS>30,616650</XAUS>
    <XFRA>30,616650</XFRA>
  </Prezzi>
  <Prezzi>
    <Data>20151102</Data>
    <Mercato>MGP</Mercato>
    <Ora>3</Ora>
    <PUN>30,078690</PUN>
    <NAT>30,000000</NAT>
    <CNOR>29,900000</CNOR>
    <CSUD>29,900000</CSUD>
    <NORD>29,900000</NORD>
    <SARD>29,900000</SARD>
    <SICI>32,720000</SICI>
    <SUD>29,900000</SUD>
    <AUST>29,900000</AUST>
    <BRNN>29,900000</BRNN>
    <COAC>29,900000</COAC>
    <CORS>29,900000</CORS>
    <FOGN>29,900000</FOGN>
    <FRAN>29,900000</FRAN>
    <GREC>29,900000</GREC>
    <MFTV>29,900000</MFTV>
    <PRGP>32,720000</PRGP>
    <ROSN>29,900000</ROSN>
    <SLOV>29,900000</SLOV>
    <SVIZ>29,900000</SVIZ>
    <BSP>29,900000</BSP>
    <MALT>32,720000</MALT>
    <XAUS>29,900000</XAUS>
    <XFRA>29,900000</XFRA>
  </Prezzi>
  <Prezzi>
    <Data>20151102</Data>
    <Mercato>MGP</Mercato>
    <Ora>4</Ora>
    <PUN>30,994010</PUN>
    <NAT>31,580000</NAT>
    <CNOR>30,880000</CNOR>
    <CSUD>30,880000</CSUD>
    <NORD>30,880000</NORD>
    <SARD>30,880000</SARD>
    <SICI>32,720000</SICI>
    <SUD>30,880000</SUD>
    <AUST>30,880000</AUST>
    <BRNN>30,880000</BRNN>
    <COAC>30,880000</COAC>
    <CORS>30,880000</CORS>
    <FOGN>30,880000</FOGN>
    <FRAN>30,880000</FRAN>
    <GREC>30,880000</GREC>
    <MFTV>30,880000</MFTV>
    <PRGP>32,720000</PRGP>
    <ROSN>30,880000</ROSN>
    <SLOV>30,880000</SLOV>
    <SVIZ>30,880000</SVIZ>
    <BSP>30,880000</BSP>
    <MALT>32,720000</MALT>
    <XAUS>30,880000</XAUS>
    <XFRA>30,880000</XFRA>
  </Prezzi>
  <Prezzi>
    <Data>20151102</Data>
    <Mercato>MGP</Mercato>
    <Ora>5</Ora>
    <PUN>30,168530</PUN>
    <NAT>30,760000</NAT>
    <CNOR>30,000000</CNOR>
    <CSUD>30,000000</CSUD>
    <NORD>30,000000</NORD>
    <SARD>30,000000</SARD>
    <SICI>32,720000</SICI>
    <SUD>30,000000</SUD>
    <AUST>30,000000</AUST>
    <BRNN>30,000000</BRNN>
    <COAC>30,000000</COAC>
    <CORS>30,000000</CORS>
    <FOGN>30,000000</FOGN>
    <FRAN>30,000000</FRAN>
    <GREC>30,000000</GREC>
    <MFTV>30,000000</MFTV>
    <PRGP>32,720000</PRGP>
    <ROSN>30,000000</ROSN>
    <SLOV>30,000000</SLOV>
    <SVIZ>30,000000</SVIZ>
    <BSP>30,000000</BSP>
    <MALT>32,720000</MALT>
    <XAUS>30,000000</XAUS>
    <XFRA>30,000000</XFRA>
  </Prezzi>
  <Prezzi>
    <Data>20151102</Data>
    <Mercato>MGP</Mercato>
    <Ora>6</Ora>
    <PUN>35,540000</PUN>
    <NAT>35,540000</NAT>
    <CNOR>35,540000</CNOR>
    <CSUD>35,540000</CSUD>
    <NORD>35,540000</NORD>
    <SARD>35,540000</SARD>
    <SICI>35,540000</SICI>
    <SUD>35,540000</SUD>
    <AUST>35,540000</AUST>
    <BRNN>35,540000</BRNN>
    <COAC>35,540000</COAC>
    <CORS>35,540000</CORS>
    <FOGN>35,540000</FOGN>
    <FRAN>35,540000</FRAN>
    <GREC>35,540000</GREC>
    <MFTV>35,540000</MFTV>
    <PRGP>35,540000</PRGP>
    <ROSN>35,540000</ROSN>
    <SLOV>35,540000</SLOV>
    <SVIZ>35,540000</SVIZ>
    <BSP>35,540000</BSP>
    <MALT>35,540000</MALT>
    <XAUS>35,540000</XAUS>
    <XFRA>35,540000</XFRA>
  </Prezzi>
  <Prezzi>
    <Data>20151102</Data>
    <Mercato>MGP</Mercato>
    <Ora>7</Ora>
    <PUN>47,329980</PUN>
    <NAT>47,240000</NAT>
    <CNOR>47,240000</CNOR>
    <CSUD>47,240000</CSUD>
    <NORD>47,240000</NORD>
    <SARD>47,240000</SARD>
    <SICI>48,990000</SICI>
    <SUD>47,240000</SUD>
    <AUST>47,240000</AUST>
    <BRNN>47,240000</BRNN>
    <COAC>47,240000</COAC>
    <CORS>47,240000</CORS>
    <FOGN>47,240000</FOGN>
    <FRAN>47,240000</FRAN>
    <GREC>47,240000</GREC>
    <MFTV>47,240000</MFTV>
    <PRGP>48,990000</PRGP>
    <ROSN>47,240000</ROSN>
    <SLOV>47,240000</SLOV>
    <SVIZ>47,240000</SVIZ>
    <BSP>47,240000</BSP>
    <MALT>48,990000</MALT>
    <XAUS>47,240000</XAUS>
    <XFRA>47,240000</XFRA>
  </Prezzi>
  <Prezzi>
    <Data>20151102</Data>
    <Mercato>MGP</Mercato>
    <Ora>8</Ora>
    <PUN>50,188950</PUN>
    <NAT>49,990000</NAT>
    <CNOR>49,880000</CNOR>
    <CSUD>49,880000</CSUD>
    <NORD>49,880000</NORD>
    <SARD>49,880000</SARD>
    <SICI>56,130000</SICI>
    <SUD>49,880000</SUD>
    <AUST>49,880000</AUST>
    <BRNN>49,880000</BRNN>
    <COAC>49,880000</COAC>
    <CORS>49,880000</CORS>
    <FOGN>49,880000</FOGN>
    <FRAN>49,880000</FRAN>
    <GREC>49,880000</GREC>
    <MFTV>49,880000</MFTV>
    <PRGP>56,130000</PRGP>
    <ROSN>49,880000</ROSN>
    <SLOV>49,880000</SLOV>
    <SVIZ>49,880000</SVIZ>
    <BSP>49,880000</BSP>
    <MALT>56,130000</MALT>
    <XAUS>49,880000</XAUS>
    <XFRA>49,880000</XFRA>
  </Prezzi>
  <Prezzi>
    <Data>20151102</Data>
    <Mercato>MGP</Mercato>
    <Ora>9</Ora>
    <PUN>50,130070</PUN>
    <NAT>49,910000</NAT>
    <CNOR>49,530000</CNOR>
    <CSUD>49,530000</CSUD>
    <NORD>50,000000</NORD>
    <SARD>49,530000</SARD>
    <SICI>56,130000</SICI>
    <SUD>49,530000</SUD>
    <AUST>50,000000</AUST>
    <BRNN>49,530000</BRNN>
    <COAC>49,530000</COAC>
    <CORS>49,530000</CORS>
    <FOGN>49,530000</FOGN>
    <FRAN>50,000000</FRAN>
    <GREC>49,530000</GREC>
    <MFTV>50,000000</MFTV>
    <PRGP>56,130000</PRGP>
    <ROSN>49,530000</ROSN>
    <SLOV>50,000000</SLOV>
    <SVIZ>50,000000</SVIZ>
    <BSP>50,000000</BSP>
    <MALT>56,130000</MALT>
    <XAUS>50,000000</XAUS>
    <XFRA>50,000000</XFRA>
  </Prezzi>
  <Prezzi>
    <Data>20151102</Data>
    <Mercato>MGP</Mercato>
    <Ora>10</Ora>
    <PUN>46,112920</PUN>
    <NAT>45,360000</NAT>
    <CNOR>42,730000</CNOR>
    <CSUD>42,730000</CSUD>
    <NORD>48,420000</NORD>
    <SARD>42,730000</SARD>
    <SICI>42,730000</SICI>
    <SUD>42,730000</SUD>
    <AUST>48,420000</AUST>
    <BRNN>42,730000</BRNN>
    <COAC>42,730000</COAC>
    <CORS>42,730000</CORS>
    <FOGN>42,730000</FOGN>
    <FRAN>48,420000</FRAN>
    <GREC>42,730000</GREC>
    <MFTV>48,420000</MFTV>
    <PRGP>42,730000</PRGP>
    <ROSN>42,730000</ROSN>
    <SLOV>48,420000</SLOV>
    <SVIZ>48,420000</SVIZ>
    <BSP>48,420000</BSP>
    <MALT>42,730000</MALT>
    <XAUS>48,420000</XAUS>
    <XFRA>48,420000</XFRA>
  </Prezzi>
  <Prezzi>
    <Data>20151102</Data>
    <Mercato>MGP</Mercato>
    <Ora>11</Ora>
    <PUN>42,714780</PUN>
    <NAT>42,580000</NAT>
    <CNOR>40,460000</CNOR>
    <CSUD>40,460000</CSUD>
    <NORD>44,223770</NORD>
    <SARD>40,460000</SARD>
    <SICI>40,460000</SICI>
    <SUD>40,460000</SUD>
    <AUST>44,223770</AUST>
    <BRNN>40,460000</BRNN>
    <COAC>40,460000</COAC>
    <CORS>40,460000</CORS>
    <FOGN>40,460000</FOGN>
    <FRAN>44,223770</FRAN>
    <GREC>40,460000</GREC>
    <MFTV>44,223770</MFTV>
    <PRGP>40,460000</PRGP>
    <ROSN>40,460000</ROSN>
    <SLOV>44,223770</SLOV>
    <SVIZ>44,223770</SVIZ>
    <BSP>44,223770</BSP>
    <MALT>40,460000</MALT>
    <XAUS>44,223770</XAUS>
    <XFRA>44,223770</XFRA>
  </Prezzi>
  <Prezzi>
    <Data>20151102</Data>
    <Mercato>MGP</Mercato>
    <Ora>12</Ora>
    <PUN>42,819680</PUN>
    <NAT>42,580000</NAT>
    <CNOR>40,460000</CNOR>
    <CSUD>39,000000</CSUD>
    <NORD>45,178650</NORD>
    <SARD>39,000000</SARD>
    <SICI>39,000000</SICI>
    <SUD>39,000000</SUD>
    <AUST>45,178650</AUST>
    <BRNN>39,000000</BRNN>
    <COAC>39,000000</COAC>
    <CORS>40,460000</CORS>
    <FOGN>39,000000</FOGN>
    <FRAN>45,178650</FRAN>
    <GREC>39,000000</GREC>
    <MFTV>45,178650</MFTV>
    <PRGP>39,000000</PRGP>
    <ROSN>39,000000</ROSN>
    <SLOV>45,178650</SLOV>
    <SVIZ>45,178650</SVIZ>
    <BSP>45,178650</BSP>
    <MALT>39,000000</MALT>
    <XAUS>45,178650</XAUS>
    <XFRA>45,178650</XFRA>
  </Prezzi>
  <Prezzi>
    <Data>20151102</Data>
    <Mercato>MGP</Mercato>
    <Ora>13</Ora>
    <PUN>41,884710</PUN>
    <NAT>42,220000</NAT>
    <CNOR>40,460000</CNOR>
    <CSUD>37,830000</CSUD>
    <NORD>44,331800</NORD>
    <SARD>37,830000</SARD>
    <SICI>37,830000</SICI>
    <SUD>37,830000</SUD>
    <AUST>44,331800</AUST>
    <BRNN>37,830000</BRNN>
    <COAC>37,830000</COAC>
    <CORS>40,460000</CORS>
    <FOGN>37,830000</FOGN>
    <FRAN>44,331800</FRAN>
    <GREC>37,830000</GREC>
    <MFTV>44,331800</MFTV>
    <PRGP>37,830000</PRGP>
    <ROSN>37,830000</ROSN>
    <SLOV>44,331800</SLOV>
    <SVIZ>44,331800</SVIZ>
    <BSP>44,331800</BSP>
    <MALT>37,830000</MALT>
    <XAUS>44,331800</XAUS>
    <XFRA>44,331800</XFRA>
  </Prezzi>
  <Prezzi>
    <Data>20151102</Data>
    <Mercato>MGP</Mercato>
    <Ora>14</Ora>
    <PUN>42,303420</PUN>
    <NAT>41,590000</NAT>
    <CNOR>40,460000</CNOR>
    <CSUD>38,000000</CSUD>
    <NORD>44,760000</NORD>
    <SARD>38,000000</SARD>
    <SICI>38,000000</SICI>
    <SUD>38,000000</SUD>
    <AUST>44,760000</AUST>
    <BRNN>38,000000</BRNN>
    <COAC>38,000000</COAC>
    <CORS>40,460000</CORS>
    <FOGN>38,000000</FOGN>
    <FRAN>44,760000</FRAN>
    <GREC>38,000000</GREC>
    <MFTV>44,760000</MFTV>
    <PRGP>38,000000</PRGP>
    <ROSN>38,000000</ROSN>
    <SLOV>44,760000</SLOV>
    <SVIZ>44,760000</SVIZ>
    <BSP>44,760000</BSP>
    <MALT>38,000000</MALT>
    <XAUS>44,760000</XAUS>
    <XFRA>44,760000</XFRA>
  </Prezzi>
  <Prezzi>
    <Data>20151102</Data>
    <Mercato>MGP</Mercato>
    <Ora>15</Ora>
    <PUN>47,610000</PUN>
    <NAT>45,050000</NAT>
    <CNOR>49,758440</CNOR>
    <CSUD>42,580000</CSUD>
    <NORD>49,758440</NORD>
    <SARD>42,580000</SARD>
    <SICI>42,580000</SICI>
    <SUD>42,580000</SUD>
    <AUST>49,758440</AUST>
    <BRNN>42,580000</BRNN>
    <COAC>42,580000</COAC>
    <CORS>49,758440</CORS>
    <FOGN>42,580000</FOGN>
    <FRAN>49,758440</FRAN>
    <GREC>42,580000</GREC>
    <MFTV>49,758440</MFTV>
    <PRGP>42,580000</PRGP>
    <ROSN>42,580000</ROSN>
    <SLOV>49,758440</SLOV>
    <SVIZ>49,758440</SVIZ>
    <BSP>49,758440</BSP>
    <MALT>42,580000</MALT>
    <XAUS>49,758440</XAUS>
    <XFRA>49,758440</XFRA>
  </Prezzi>
  <Prezzi>
    <Data>20151102</Data>
    <Mercato>MGP</Mercato>
    <Ora>16</Ora>
    <PUN>49,980910</PUN>
    <NAT>50,000000</NAT>
    <CNOR>47,100000</CNOR>
    <CSUD>47,100000</CSUD>
    <NORD>50,950000</NORD>
    <SARD>47,100000</SARD>
    <SICI>58,640000</SICI>
    <SUD>47,100000</SUD>
    <AUST>50,950000</AUST>
    <BRNN>47,100000</BRNN>
    <COAC>47,100000</COAC>
    <CORS>47,100000</CORS>
    <FOGN>47,100000</FOGN>
    <FRAN>50,950000</FRAN>
    <GREC>47,100000</GREC>
    <MFTV>50,950000</MFTV>
    <PRGP>58,640000</PRGP>
    <ROSN>47,100000</ROSN>
    <SLOV>50,950000</SLOV>
    <SVIZ>50,950000</SVIZ>
    <BSP>50,950000</BSP>
    <MALT>58,640000</MALT>
    <XAUS>50,950000</XAUS>
    <XFRA>50,950000</XFRA>
  </Prezzi>
  <Prezzi>
    <Data>20151102</Data>
    <Mercato>MGP</Mercato>
    <Ora>17</Ora>
    <PUN>54,991040</PUN>
    <NAT>55,290000</NAT>
    <CNOR>54,810000</CNOR>
    <CSUD>54,810000</CSUD>
    <NORD>54,810000</NORD>
    <SARD>54,810000</SARD>
    <SICI>58,640000</SICI>
    <SUD>54,810000</SUD>
    <AUST>54,810000</AUST>
    <BRNN>54,810000</BRNN>
    <COAC>54,810000</COAC>
    <CORS>54,810000</CORS>
    <FOGN>54,810000</FOGN>
    <FRAN>54,810000</FRAN>
    <GREC>54,810000</GREC>
    <MFTV>54,810000</MFTV>
    <PRGP>58,640000</PRGP>
    <ROSN>54,810000</ROSN>
    <SLOV>54,810000</SLOV>
    <SVIZ>54,810000</SVIZ>
    <BSP>54,810000</BSP>
    <MALT>58,640000</MALT>
    <XAUS>54,810000</XAUS>
    <XFRA>54,810000</XFRA>
  </Prezzi>
  <Prezzi>
    <Data>20151102</Data>
    <Mercato>MGP</Mercato>
    <Ora>18</Ora>
    <PUN>69,891010</PUN>
    <NAT>68,950000</NAT>
    <CNOR>70,400000</CNOR>
    <CSUD>70,400000</CSUD>
    <NORD>70,400000</NORD>
    <SARD>70,400000</SARD>
    <SICI>60,530000</SICI>
    <SUD>70,400000</SUD>
    <AUST>70,400000</AUST>
    <BRNN>70,400000</BRNN>
    <COAC>70,400000</COAC>
    <CORS>70,400000</CORS>
    <FOGN>70,400000</FOGN>
    <FRAN>70,400000</FRAN>
    <GREC>70,400000</GREC>
    <MFTV>70,400000</MFTV>
    <PRGP>60,530000</PRGP>
    <ROSN>70,400000</ROSN>
    <SLOV>70,400000</SLOV>
    <SVIZ>70,400000</SVIZ>
    <BSP>70,400000</BSP>
    <MALT>60,530000</MALT>
    <XAUS>70,400000</XAUS>
    <XFRA>70,400000</XFRA>
  </Prezzi>
  <Prezzi>
    <Data>20151102</Data>
    <Mercato>MGP</Mercato>
    <Ora>19</Ora>
    <PUN>67,353820</PUN>
    <NAT>66,100000</NAT>
    <CNOR>67,743320</CNOR>
    <CSUD>67,743320</CSUD>
    <NORD>67,743320</NORD>
    <SARD>67,743320</SARD>
    <SICI>60,530000</SICI>
    <SUD>67,743320</SUD>
    <AUST>67,743320</AUST>
    <BRNN>67,743320</BRNN>
    <COAC>67,743320</COAC>
    <CORS>67,743320</CORS>
    <FOGN>67,743320</FOGN>
    <FRAN>67,743320</FRAN>
    <GREC>67,743320</GREC>
    <MFTV>67,743320</MFTV>
    <PRGP>60,530000</PRGP>
    <ROSN>67,743320</ROSN>
    <SLOV>67,743320</SLOV>
    <SVIZ>67,743320</SVIZ>
    <BSP>67,743320</BSP>
    <MALT>60,530000</MALT>
    <XAUS>67,743320</XAUS>
    <XFRA>67,743320</XFRA>
  </Prezzi>
  <Prezzi>
    <Data>20151102</Data>
    <Mercato>MGP</Mercato>
    <Ora>20</Ora>
    <PUN>61,908060</PUN>
    <NAT>60,530000</NAT>
    <CNOR>61,990000</CNOR>
    <CSUD>61,990000</CSUD>
    <NORD>61,990000</NORD>
    <SARD>61,990000</SARD>
    <SICI>60,530000</SICI>
    <SUD>61,990000</SUD>
    <AUST>61,990000</AUST>
    <BRNN>61,990000</BRNN>
    <COAC>61,990000</COAC>
    <CORS>61,990000</CORS>
    <FOGN>61,990000</FOGN>
    <FRAN>61,990000</FRAN>
    <GREC>61,990000</GREC>
    <MFTV>61,990000</MFTV>
    <PRGP>60,530000</PRGP>
    <ROSN>61,990000</ROSN>
    <SLOV>61,990000</SLOV>
    <SVIZ>61,990000</SVIZ>
    <BSP>61,990000</BSP>
    <MALT>60,530000</MALT>
    <XAUS>61,990000</XAUS>
    <XFRA>61,990000</XFRA>
  </Prezzi>
  <Prezzi>
    <Data>20151102</Data>
    <Mercato>MGP</Mercato>
    <Ora>21</Ora>
    <PUN>53,432010</PUN>
    <NAT>53,860000</NAT>
    <CNOR>53,000000</CNOR>
    <CSUD>53,000000</CSUD>
    <NORD>53,000000</NORD>
    <SARD>53,000000</SARD>
    <SICI>60,530000</SICI>
    <SUD>53,000000</SUD>
    <AUST>53,000000</AUST>
    <BRNN>53,000000</BRNN>
    <COAC>53,000000</COAC>
    <CORS>53,000000</CORS>
    <FOGN>53,000000</FOGN>
    <FRAN>53,000000</FRAN>
    <GREC>53,000000</GREC>
    <MFTV>53,000000</MFTV>
    <PRGP>60,530000</PRGP>
    <ROSN>53,000000</ROSN>
    <SLOV>53,000000</SLOV>
    <SVIZ>53,000000</SVIZ>
    <BSP>53,000000</BSP>
    <MALT>60,530000</MALT>
    <XAUS>53,000000</XAUS>
    <XFRA>53,000000</XFRA>
  </Prezzi>
  <Prezzi>
    <Data>20151102</Data>
    <Mercato>MGP</Mercato>
    <Ora>22</Ora>
    <PUN>51,473830</PUN>
    <NAT>51,970000</NAT>
    <CNOR>50,950000</CNOR>
    <CSUD>50,950000</CSUD>
    <NORD>50,950000</NORD>
    <SARD>50,950000</SARD>
    <SICI>60,000000</SICI>
    <SUD>50,950000</SUD>
    <AUST>50,950000</AUST>
    <BRNN>50,950000</BRNN>
    <COAC>50,950000</COAC>
    <CORS>50,950000</CORS>
    <FOGN>50,950000</FOGN>
    <FRAN>50,950000</FRAN>
    <GREC>50,950000</GREC>
    <MFTV>50,950000</MFTV>
    <PRGP>60,000000</PRGP>
    <ROSN>50,950000</ROSN>
    <SLOV>50,950000</SLOV>
    <SVIZ>50,950000</SVIZ>
    <BSP>50,950000</BSP>
    <MALT>60,000000</MALT>
    <XAUS>50,950000</XAUS>
    <XFRA>50,950000</XFRA>
  </Prezzi>
  <Prezzi>
    <Data>20151102</Data>
    <Mercato>MGP</Mercato>
    <Ora>23</Ora>
    <PUN>48,626930</PUN>
    <NAT>49,000000</NAT>
    <CNOR>48,000000</CNOR>
    <CSUD>48,000000</CSUD>
    <NORD>48,000000</NORD>
    <SARD>48,000000</SARD>
    <SICI>58,860000</SICI>
    <SUD>48,000000</SUD>
    <AUST>48,000000</AUST>
    <BRNN>48,000000</BRNN>
    <COAC>48,000000</COAC>
    <CORS>48,000000</CORS>
    <FOGN>48,000000</FOGN>
    <FRAN>48,000000</FRAN>
    <GREC>48,000000</GREC>
    <MFTV>48,000000</MFTV>
    <PRGP>58,860000</PRGP>
    <ROSN>48,000000</ROSN>
    <SLOV>48,000000</SLOV>
    <SVIZ>48,000000</SVIZ>
    <BSP>48,000000</BSP>
    <MALT>58,860000</MALT>
    <XAUS>48,000000</XAUS>
    <XFRA>48,000000</XFRA>
  </Prezzi>
  <Prezzi>
    <Data>20151102</Data>
    <Mercato>MGP</Mercato>
    <Ora>24</Ora>
    <PUN>43,985600</PUN>
    <NAT>43,850000</NAT>
    <CNOR>43,100000</CNOR>
    <CSUD>43,100000</CSUD>
    <NORD>43,100000</NORD>
    <SARD>43,100000</SARD>
    <SICI>58,640000</SICI>
    <SUD>43,100000</SUD>
    <AUST>43,100000</AUST>
    <BRNN>43,100000</BRNN>
    <COAC>43,100000</COAC>
    <CORS>43,100000</CORS>
    <FOGN>43,100000</FOGN>
    <FRAN>43,100000</FRAN>
    <GREC>43,100000</GREC>
    <MFTV>43,100000</MFTV>
    <PRGP>58,640000</PRGP>
    <ROSN>43,100000</ROSN>
    <SLOV>43,100000</SLOV>
    <SVIZ>43,100000</SVIZ>
    <BSP>43,100000</BSP>
    <MALT>58,640000</MALT>
    <XAUS>43,100000</XAUS>
    <XFRA>43,100000</XFRA>
  </Prezzi>
</NewDataSet>