<?xml version="1.0" standalone="yes"?>
<NewDataSet>
  <xs:schema id="NewDataSet" xmlns="" xmlns:xs="http://www.w3.org/2001/XMLSchema" xmlns:msdata="urn:schemas-microsoft-com:xml-msdata">
    <xs:element name="NewDataSet" msdata:IsDataSet="true" msdata:UseCurrentLocale="true">
      <xs:complexType>
        <xs:choice minOccurs="0" maxOccurs="unbounded">
          <xs:element name="Prezzi">
            <xs:complexType>
              <xs:sequence>
                <xs:element name="Data" type="xs:string" minOccurs="0" />
                <xs:element name="Mercato" type="xs:string" minOccurs="0" />
                <xs:element name="Ora" type="xs:string" minOccurs="0" />
                <xs:element name="PUN" type="xs:string" minOccurs="0" />
                <xs:element name="NAT" type="xs:string" minOccurs="0" />
                <xs:element name="CNOR" type="xs:string" minOccurs="0" />
                <xs:element name="CSUD" type="xs:string" minOccurs="0" />
                <xs:element name="NORD" type="xs:string" minOccurs="0" />
                <xs:element name="SARD" type="xs:string" minOccurs="0" />
                <xs:element name="SICI" type="xs:string" minOccurs="0" />
                <xs:element name="SUD" type="xs:string" minOccurs="0" />
                <xs:element name="AUST" type="xs:string" minOccurs="0" />
                <xs:element name="BRNN" type="xs:string" minOccurs="0" />
                <xs:element name="COAC" type="xs:string" minOccurs="0" />
                <xs:element name="CORS" type="xs:string" minOccurs="0" />
                <xs:element name="FOGN" type="xs:string" minOccurs="0" />
                <xs:element name="FRAN" type="xs:string" minOccurs="0" />
                <xs:element name="GREC" type="xs:string" minOccurs="0" />
                <xs:element name="MFTV" type="xs:string" minOccurs="0" />
                <xs:element name="PRGP" type="xs:string" minOccurs="0" />
                <xs:element name="ROSN" type="xs:string" minOccurs="0" />
                <xs:element name="SLOV" type="xs:string" minOccurs="0" />
                <xs:element name="SVIZ" type="xs:string" minOccurs="0" />
                <xs:element name="BSP" type="xs:string" minOccurs="0" />
                <xs:element name="MALT" type="xs:string" minOccurs="0" />
                <xs:element name="XAUS" type="xs:string" minOccurs="0" />
                <xs:element name="XFRA" type="xs:string" minOccurs="0" />
              </xs:sequence>
            </xs:complexType>
          </xs:element>
        </xs:choice>
      </xs:complexType>
    </xs:element>
  </xs:schema>
  <Prezzi>
    <Data>20151124</Data>
    <Mercato>MGP</Mercato>
    <Ora>1</Ora>
    <PUN>48,140000</PUN>
    <NAT>49,700000</NAT>
    <CNOR>47,485270</CNOR>
    <CSUD>47,485270</CSUD>
    <NORD>47,485270</NORD>
    <SARD>47,485270</SARD>
    <SICI>58,880000</SICI>
    <SUD>47,485270</SUD>
    <AUST>47,485270</AUST>
    <BRNN>47,485270</BRNN>
    <COAC>47,485270</COAC>
    <CORS>47,485270</CORS>
    <FOGN>47,485270</FOGN>
    <FRAN>47,485270</FRAN>
    <GREC>47,485270</GREC>
    <MFTV>47,485270</MFTV>
    <PRGP>58,880000</PRGP>
    <ROSN>37,000000</ROSN>
    <SLOV>47,485270</SLOV>
    <SVIZ>47,485270</SVIZ>
    <BSP>47,485270</BSP>
    <MALT>58,880000</MALT>
    <XAUS>47,485270</XAUS>
    <XFRA>47,485270</XFRA>
  </Prezzi>
  <Prezzi>
    <Data>20151124</Data>
    <Mercato>MGP</Mercato>
    <Ora>2</Ora>
    <PUN>45,575300</PUN>
    <NAT>45,560000</NAT>
    <CNOR>44,800000</CNOR>
    <CSUD>44,800000</CSUD>
    <NORD>44,800000</NORD>
    <SARD>44,800000</SARD>
    <SICI>58,660000</SICI>
    <SUD>44,800000</SUD>
    <AUST>44,800000</AUST>
    <BRNN>44,800000</BRNN>
    <COAC>44,800000</COAC>
    <CORS>44,800000</CORS>
    <FOGN>44,800000</FOGN>
    <FRAN>44,800000</FRAN>
    <GREC>44,800000</GREC>
    <MFTV>44,800000</MFTV>
    <PRGP>58,660000</PRGP>
    <ROSN>37,000000</ROSN>
    <SLOV>44,800000</SLOV>
    <SVIZ>44,800000</SVIZ>
    <BSP>44,800000</BSP>
    <MALT>58,660000</MALT>
    <XAUS>44,800000</XAUS>
    <XFRA>44,800000</XFRA>
  </Prezzi>
  <Prezzi>
    <Data>20151124</Data>
    <Mercato>MGP</Mercato>
    <Ora>3</Ora>
    <PUN>45,549000</PUN>
    <NAT>45,550000</NAT>
    <CNOR>44,800000</CNOR>
    <CSUD>44,800000</CSUD>
    <NORD>44,800000</NORD>
    <SARD>44,800000</SARD>
    <SICI>58,660000</SICI>
    <SUD>44,800000</SUD>
    <AUST>44,800000</AUST>
    <BRNN>44,800000</BRNN>
    <COAC>44,800000</COAC>
    <CORS>44,800000</CORS>
    <FOGN>44,800000</FOGN>
    <FRAN>44,800000</FRAN>
    <GREC>44,800000</GREC>
    <MFTV>44,800000</MFTV>
    <PRGP>58,660000</PRGP>
    <ROSN>37,000000</ROSN>
    <SLOV>44,800000</SLOV>
    <SVIZ>44,800000</SVIZ>
    <BSP>44,800000</BSP>
    <MALT>58,660000</MALT>
    <XAUS>44,800000</XAUS>
    <XFRA>44,800000</XFRA>
  </Prezzi>
  <Prezzi>
    <Data>20151124</Data>
    <Mercato>MGP</Mercato>
    <Ora>4</Ora>
    <PUN>44,058060</PUN>
    <NAT>43,560000</NAT>
    <CNOR>43,230000</CNOR>
    <CSUD>43,230000</CSUD>
    <NORD>43,230000</NORD>
    <SARD>43,230000</SARD>
    <SICI>58,660000</SICI>
    <SUD>43,230000</SUD>
    <AUST>43,230000</AUST>
    <BRNN>43,230000</BRNN>
    <COAC>43,230000</COAC>
    <CORS>43,230000</CORS>
    <FOGN>43,230000</FOGN>
    <FRAN>43,230000</FRAN>
    <GREC>43,230000</GREC>
    <MFTV>43,230000</MFTV>
    <PRGP>58,660000</PRGP>
    <ROSN>37,000000</ROSN>
    <SLOV>43,230000</SLOV>
    <SVIZ>43,230000</SVIZ>
    <BSP>43,230000</BSP>
    <MALT>58,660000</MALT>
    <XAUS>43,230000</XAUS>
    <XFRA>43,230000</XFRA>
  </Prezzi>
  <Prezzi>
    <Data>20151124</Data>
    <Mercato>MGP</Mercato>
    <Ora>5</Ora>
    <PUN>42,349060</PUN>
    <NAT>41,690000</NAT>
    <CNOR>41,440000</CNOR>
    <CSUD>41,440000</CSUD>
    <NORD>41,440000</NORD>
    <SARD>41,440000</SARD>
    <SICI>58,660000</SICI>
    <SUD>41,440000</SUD>
    <AUST>41,440000</AUST>
    <BRNN>41,440000</BRNN>
    <COAC>41,440000</COAC>
    <CORS>41,440000</CORS>
    <FOGN>41,440000</FOGN>
    <FRAN>41,440000</FRAN>
    <GREC>41,440000</GREC>
    <MFTV>41,440000</MFTV>
    <PRGP>58,660000</PRGP>
    <ROSN>37,000000</ROSN>
    <SLOV>41,440000</SLOV>
    <SVIZ>41,440000</SVIZ>
    <BSP>41,440000</BSP>
    <MALT>58,660000</MALT>
    <XAUS>41,440000</XAUS>
    <XFRA>41,440000</XFRA>
  </Prezzi>
  <Prezzi>
    <Data>20151124</Data>
    <Mercato>MGP</Mercato>
    <Ora>6</Ora>
    <PUN>44,770610</PUN>
    <NAT>43,990000</NAT>
    <CNOR>43,990000</CNOR>
    <CSUD>43,990000</CSUD>
    <NORD>43,990000</NORD>
    <SARD>43,990000</SARD>
    <SICI>58,660000</SICI>
    <SUD>43,990000</SUD>
    <AUST>43,990000</AUST>
    <BRNN>43,990000</BRNN>
    <COAC>43,990000</COAC>
    <CORS>43,990000</CORS>
    <FOGN>43,990000</FOGN>
    <FRAN>43,990000</FRAN>
    <GREC>43,990000</GREC>
    <MFTV>43,990000</MFTV>
    <PRGP>58,660000</PRGP>
    <ROSN>37,000000</ROSN>
    <SLOV>43,990000</SLOV>
    <SVIZ>43,990000</SVIZ>
    <BSP>43,990000</BSP>
    <MALT>58,660000</MALT>
    <XAUS>43,990000</XAUS>
    <XFRA>43,990000</XFRA>
  </Prezzi>
  <Prezzi>
    <Data>20151124</Data>
    <Mercato>MGP</Mercato>
    <Ora>7</Ora>
    <PUN>56,203020</PUN>
    <NAT>57,250000</NAT>
    <CNOR>56,060000</CNOR>
    <CSUD>56,060000</CSUD>
    <NORD>56,060000</NORD>
    <SARD>56,060000</SARD>
    <SICI>58,880000</SICI>
    <SUD>56,060000</SUD>
    <AUST>56,060000</AUST>
    <BRNN>56,060000</BRNN>
    <COAC>56,060000</COAC>
    <CORS>56,060000</CORS>
    <FOGN>56,060000</FOGN>
    <FRAN>56,060000</FRAN>
    <GREC>56,060000</GREC>
    <MFTV>56,060000</MFTV>
    <PRGP>58,880000</PRGP>
    <ROSN>37,000000</ROSN>
    <SLOV>56,060000</SLOV>
    <SVIZ>56,060000</SVIZ>
    <BSP>56,060000</BSP>
    <MALT>58,880000</MALT>
    <XAUS>56,060000</XAUS>
    <XFRA>56,060000</XFRA>
  </Prezzi>
  <Prezzi>
    <Data>20151124</Data>
    <Mercato>MGP</Mercato>
    <Ora>8</Ora>
    <PUN>76,106590</PUN>
    <NAT>70,000000</NAT>
    <CNOR>77,000000</CNOR>
    <CSUD>77,000000</CSUD>
    <NORD>77,000000</NORD>
    <SARD>77,000000</SARD>
    <SICI>60,560000</SICI>
    <SUD>77,000000</SUD>
    <AUST>77,000000</AUST>
    <BRNN>77,000000</BRNN>
    <COAC>77,000000</COAC>
    <CORS>77,000000</CORS>
    <FOGN>77,000000</FOGN>
    <FRAN>77,000000</FRAN>
    <GREC>77,000000</GREC>
    <MFTV>77,000000</MFTV>
    <PRGP>60,560000</PRGP>
    <ROSN>7,990000</ROSN>
    <SLOV>77,000000</SLOV>
    <SVIZ>77,000000</SVIZ>
    <BSP>77,000000</BSP>
    <MALT>60,560000</MALT>
    <XAUS>77,000000</XAUS>
    <XFRA>77,000000</XFRA>
  </Prezzi>
  <Prezzi>
    <Data>20151124</Data>
    <Mercato>MGP</Mercato>
    <Ora>9</Ora>
    <PUN>95,000000</PUN>
    <NAT>90,990000</NAT>
    <CNOR>96,946460</CNOR>
    <CSUD>96,946460</CSUD>
    <NORD>96,946460</NORD>
    <SARD>96,946460</SARD>
    <SICI>60,560000</SICI>
    <SUD>96,946460</SUD>
    <AUST>96,946460</AUST>
    <BRNN>96,946460</BRNN>
    <COAC>96,946460</COAC>
    <CORS>96,946460</CORS>
    <FOGN>96,946460</FOGN>
    <FRAN>96,946460</FRAN>
    <GREC>96,946460</GREC>
    <MFTV>96,946460</MFTV>
    <PRGP>60,560000</PRGP>
    <ROSN>7,990000</ROSN>
    <SLOV>96,946460</SLOV>
    <SVIZ>96,946460</SVIZ>
    <BSP>96,946460</BSP>
    <MALT>60,560000</MALT>
    <XAUS>96,946460</XAUS>
    <XFRA>96,946460</XFRA>
  </Prezzi>
  <Prezzi>
    <Data>20151124</Data>
    <Mercato>MGP</Mercato>
    <Ora>10</Ora>
    <PUN>90,186820</PUN>
    <NAT>87,420000</NAT>
    <CNOR>91,880000</CNOR>
    <CSUD>91,880000</CSUD>
    <NORD>91,880000</NORD>
    <SARD>91,880000</SARD>
    <SICI>60,560000</SICI>
    <SUD>91,880000</SUD>
    <AUST>91,880000</AUST>
    <BRNN>91,880000</BRNN>
    <COAC>91,880000</COAC>
    <CORS>91,880000</CORS>
    <FOGN>91,880000</FOGN>
    <FRAN>91,880000</FRAN>
    <GREC>91,880000</GREC>
    <MFTV>91,880000</MFTV>
    <PRGP>60,560000</PRGP>
    <ROSN>7,990000</ROSN>
    <SLOV>91,880000</SLOV>
    <SVIZ>91,880000</SVIZ>
    <BSP>91,880000</BSP>
    <MALT>60,560000</MALT>
    <XAUS>91,880000</XAUS>
    <XFRA>91,880000</XFRA>
  </Prezzi>
  <Prezzi>
    <Data>20151124</Data>
    <Mercato>MGP</Mercato>
    <Ora>11</Ora>
    <PUN>78,993200</PUN>
    <NAT>72,760000</NAT>
    <CNOR>80,000000</CNOR>
    <CSUD>80,000000</CSUD>
    <NORD>80,000000</NORD>
    <SARD>80,000000</SARD>
    <SICI>60,560000</SICI>
    <SUD>80,000000</SUD>
    <AUST>80,000000</AUST>
    <BRNN>80,000000</BRNN>
    <COAC>80,000000</COAC>
    <CORS>80,000000</CORS>
    <FOGN>80,000000</FOGN>
    <FRAN>80,000000</FRAN>
    <GREC>80,000000</GREC>
    <MFTV>80,000000</MFTV>
    <PRGP>60,560000</PRGP>
    <ROSN>7,990000</ROSN>
    <SLOV>80,000000</SLOV>
    <SVIZ>80,000000</SVIZ>
    <BSP>80,000000</BSP>
    <MALT>60,560000</MALT>
    <XAUS>80,000000</XAUS>
    <XFRA>80,000000</XFRA>
  </Prezzi>
  <Prezzi>
    <Data>20151124</Data>
    <Mercato>MGP</Mercato>
    <Ora>12</Ora>
    <PUN>77,503910</PUN>
    <NAT>70,620000</NAT>
    <CNOR>78,400000</CNOR>
    <CSUD>78,400000</CSUD>
    <NORD>78,400000</NORD>
    <SARD>78,400000</SARD>
    <SICI>60,560000</SICI>
    <SUD>78,400000</SUD>
    <AUST>78,400000</AUST>
    <BRNN>78,400000</BRNN>
    <COAC>78,400000</COAC>
    <CORS>78,400000</CORS>
    <FOGN>78,400000</FOGN>
    <FRAN>78,400000</FRAN>
    <GREC>78,400000</GREC>
    <MFTV>78,400000</MFTV>
    <PRGP>60,560000</PRGP>
    <ROSN>7,990000</ROSN>
    <SLOV>78,400000</SLOV>
    <SVIZ>78,400000</SVIZ>
    <BSP>78,400000</BSP>
    <MALT>60,560000</MALT>
    <XAUS>78,400000</XAUS>
    <XFRA>78,400000</XFRA>
  </Prezzi>
  <Prezzi>
    <Data>20151124</Data>
    <Mercato>MGP</Mercato>
    <Ora>13</Ora>
    <PUN>64,749770</PUN>
    <NAT>62,130000</NAT>
    <CNOR>64,981510</CNOR>
    <CSUD>64,981510</CSUD>
    <NORD>64,981510</NORD>
    <SARD>64,981510</SARD>
    <SICI>60,560000</SICI>
    <SUD>64,981510</SUD>
    <AUST>64,981510</AUST>
    <BRNN>64,981510</BRNN>
    <COAC>64,981510</COAC>
    <CORS>64,981510</CORS>
    <FOGN>64,981510</FOGN>
    <FRAN>64,981510</FRAN>
    <GREC>64,981510</GREC>
    <MFTV>64,981510</MFTV>
    <PRGP>60,560000</PRGP>
    <ROSN>7,990000</ROSN>
    <SLOV>64,981510</SLOV>
    <SVIZ>64,981510</SVIZ>
    <BSP>64,981510</BSP>
    <MALT>60,560000</MALT>
    <XAUS>64,981510</XAUS>
    <XFRA>64,981510</XFRA>
  </Prezzi>
  <Prezzi>
    <Data>20151124</Data>
    <Mercato>MGP</Mercato>
    <Ora>14</Ora>
    <PUN>63,724940</PUN>
    <NAT>60,560000</NAT>
    <CNOR>63,900000</CNOR>
    <CSUD>63,900000</CSUD>
    <NORD>63,900000</NORD>
    <SARD>63,900000</SARD>
    <SICI>60,560000</SICI>
    <SUD>63,900000</SUD>
    <AUST>63,900000</AUST>
    <BRNN>63,900000</BRNN>
    <COAC>63,900000</COAC>
    <CORS>63,900000</CORS>
    <FOGN>63,900000</FOGN>
    <FRAN>63,900000</FRAN>
    <GREC>63,900000</GREC>
    <MFTV>63,900000</MFTV>
    <PRGP>60,560000</PRGP>
    <ROSN>7,990000</ROSN>
    <SLOV>63,900000</SLOV>
    <SVIZ>63,900000</SVIZ>
    <BSP>63,900000</BSP>
    <MALT>60,560000</MALT>
    <XAUS>63,900000</XAUS>
    <XFRA>63,900000</XFRA>
  </Prezzi>
  <Prezzi>
    <Data>20151124</Data>
    <Mercato>MGP</Mercato>
    <Ora>15</Ora>
    <PUN>74,226570</PUN>
    <NAT>65,130000</NAT>
    <CNOR>74,990000</CNOR>
    <CSUD>74,990000</CSUD>
    <NORD>74,990000</NORD>
    <SARD>74,990000</SARD>
    <SICI>60,560000</SICI>
    <SUD>74,990000</SUD>
    <AUST>74,990000</AUST>
    <BRNN>74,990000</BRNN>
    <COAC>74,990000</COAC>
    <CORS>74,990000</CORS>
    <FOGN>74,990000</FOGN>
    <FRAN>74,990000</FRAN>
    <GREC>74,990000</GREC>
    <MFTV>74,990000</MFTV>
    <PRGP>60,560000</PRGP>
    <ROSN>7,990000</ROSN>
    <SLOV>74,990000</SLOV>
    <SVIZ>74,990000</SVIZ>
    <BSP>74,990000</BSP>
    <MALT>60,560000</MALT>
    <XAUS>74,990000</XAUS>
    <XFRA>74,990000</XFRA>
  </Prezzi>
  <Prezzi>
    <Data>20151124</Data>
    <Mercato>MGP</Mercato>
    <Ora>16</Ora>
    <PUN>80,603210</PUN>
    <NAT>72,980000</NAT>
    <CNOR>82,700000</CNOR>
    <CSUD>82,700000</CSUD>
    <NORD>82,700000</NORD>
    <SARD>82,700000</SARD>
    <SICI>60,560000</SICI>
    <SUD>72,980000</SUD>
    <AUST>82,700000</AUST>
    <BRNN>72,980000</BRNN>
    <COAC>82,700000</COAC>
    <CORS>82,700000</CORS>
    <FOGN>72,980000</FOGN>
    <FRAN>82,700000</FRAN>
    <GREC>72,980000</GREC>
    <MFTV>82,700000</MFTV>
    <PRGP>60,560000</PRGP>
    <ROSN>7,990000</ROSN>
    <SLOV>82,700000</SLOV>
    <SVIZ>82,700000</SVIZ>
    <BSP>82,700000</BSP>
    <MALT>60,560000</MALT>
    <XAUS>82,700000</XAUS>
    <XFRA>82,700000</XFRA>
  </Prezzi>
  <Prezzi>
    <Data>20151124</Data>
    <Mercato>MGP</Mercato>
    <Ora>17</Ora>
    <PUN>81,590000</PUN>
    <NAT>75,000000</NAT>
    <CNOR>82,817450</CNOR>
    <CSUD>82,817450</CSUD>
    <NORD>82,817450</NORD>
    <SARD>82,817450</SARD>
    <SICI>60,560000</SICI>
    <SUD>82,817450</SUD>
    <AUST>82,817450</AUST>
    <BRNN>82,817450</BRNN>
    <COAC>82,817450</COAC>
    <CORS>82,817450</CORS>
    <FOGN>82,817450</FOGN>
    <FRAN>82,817450</FRAN>
    <GREC>82,817450</GREC>
    <MFTV>82,817450</MFTV>
    <PRGP>60,560000</PRGP>
    <ROSN>7,990000</ROSN>
    <SLOV>82,817450</SLOV>
    <SVIZ>82,817450</SVIZ>
    <BSP>82,817450</BSP>
    <MALT>60,560000</MALT>
    <XAUS>82,817450</XAUS>
    <XFRA>82,817450</XFRA>
  </Prezzi>
  <Prezzi>
    <Data>20151124</Data>
    <Mercato>MGP</Mercato>
    <Ora>18</Ora>
    <PUN>102,993960</PUN>
    <NAT>100,000000</NAT>
    <CNOR>105,500000</CNOR>
    <CSUD>105,500000</CSUD>
    <NORD>105,500000</NORD>
    <SARD>105,500000</SARD>
    <SICI>63,890000</SICI>
    <SUD>105,500000</SUD>
    <AUST>105,500000</AUST>
    <BRNN>105,500000</BRNN>
    <COAC>105,500000</COAC>
    <CORS>105,500000</CORS>
    <FOGN>105,500000</FOGN>
    <FRAN>105,500000</FRAN>
    <GREC>105,500000</GREC>
    <MFTV>105,500000</MFTV>
    <PRGP>63,890000</PRGP>
    <ROSN>7,990000</ROSN>
    <SLOV>105,500000</SLOV>
    <SVIZ>105,500000</SVIZ>
    <BSP>105,500000</BSP>
    <MALT>63,890000</MALT>
    <XAUS>105,500000</XAUS>
    <XFRA>105,500000</XFRA>
  </Prezzi>
  <Prezzi>
    <Data>20151124</Data>
    <Mercato>MGP</Mercato>
    <Ora>19</Ora>
    <PUN>109,525250</PUN>
    <NAT>105,000000</NAT>
    <CNOR>112,460000</CNOR>
    <CSUD>112,460000</CSUD>
    <NORD>112,460000</NORD>
    <SARD>112,460000</SARD>
    <SICI>65,130000</SICI>
    <SUD>112,460000</SUD>
    <AUST>112,460000</AUST>
    <BRNN>112,460000</BRNN>
    <COAC>112,460000</COAC>
    <CORS>112,460000</CORS>
    <FOGN>112,460000</FOGN>
    <FRAN>112,460000</FRAN>
    <GREC>112,460000</GREC>
    <MFTV>112,460000</MFTV>
    <PRGP>65,130000</PRGP>
    <ROSN>7,990000</ROSN>
    <SLOV>112,460000</SLOV>
    <SVIZ>112,460000</SVIZ>
    <BSP>112,460000</BSP>
    <MALT>65,130000</MALT>
    <XAUS>112,460000</XAUS>
    <XFRA>112,460000</XFRA>
  </Prezzi>
  <Prezzi>
    <Data>20151124</Data>
    <Mercato>MGP</Mercato>
    <Ora>20</Ora>
    <PUN>83,646660</PUN>
    <NAT>75,000000</NAT>
    <CNOR>85,000000</CNOR>
    <CSUD>85,000000</CSUD>
    <NORD>85,000000</NORD>
    <SARD>85,000000</SARD>
    <SICI>63,890000</SICI>
    <SUD>85,000000</SUD>
    <AUST>85,000000</AUST>
    <BRNN>85,000000</BRNN>
    <COAC>85,000000</COAC>
    <CORS>85,000000</CORS>
    <FOGN>85,000000</FOGN>
    <FRAN>85,000000</FRAN>
    <GREC>85,000000</GREC>
    <MFTV>85,000000</MFTV>
    <PRGP>63,890000</PRGP>
    <ROSN>7,990000</ROSN>
    <SLOV>85,000000</SLOV>
    <SVIZ>85,000000</SVIZ>
    <BSP>85,000000</BSP>
    <MALT>63,890000</MALT>
    <XAUS>85,000000</XAUS>
    <XFRA>85,000000</XFRA>
  </Prezzi>
  <Prezzi>
    <Data>20151124</Data>
    <Mercato>MGP</Mercato>
    <Ora>21</Ora>
    <PUN>65,561910</PUN>
    <NAT>63,890000</NAT>
    <CNOR>65,680000</CNOR>
    <CSUD>65,680000</CSUD>
    <NORD>65,680000</NORD>
    <SARD>65,680000</SARD>
    <SICI>63,890000</SICI>
    <SUD>65,680000</SUD>
    <AUST>65,680000</AUST>
    <BRNN>65,680000</BRNN>
    <COAC>65,680000</COAC>
    <CORS>65,680000</CORS>
    <FOGN>65,680000</FOGN>
    <FRAN>65,680000</FRAN>
    <GREC>65,680000</GREC>
    <MFTV>65,680000</MFTV>
    <PRGP>63,890000</PRGP>
    <ROSN>7,990000</ROSN>
    <SLOV>65,680000</SLOV>
    <SVIZ>65,680000</SVIZ>
    <BSP>65,680000</BSP>
    <MALT>63,890000</MALT>
    <XAUS>65,680000</XAUS>
    <XFRA>65,680000</XFRA>
  </Prezzi>
  <Prezzi>
    <Data>20151124</Data>
    <Mercato>MGP</Mercato>
    <Ora>22</Ora>
    <PUN>59,455170</PUN>
    <NAT>60,080000</NAT>
    <CNOR>59,380000</CNOR>
    <CSUD>59,380000</CSUD>
    <NORD>59,380000</NORD>
    <SARD>59,380000</SARD>
    <SICI>60,560000</SICI>
    <SUD>59,380000</SUD>
    <AUST>59,380000</AUST>
    <BRNN>59,380000</BRNN>
    <COAC>59,380000</COAC>
    <CORS>59,380000</CORS>
    <FOGN>59,380000</FOGN>
    <FRAN>59,380000</FRAN>
    <GREC>59,380000</GREC>
    <MFTV>59,380000</MFTV>
    <PRGP>60,560000</PRGP>
    <ROSN>7,990000</ROSN>
    <SLOV>59,380000</SLOV>
    <SVIZ>59,380000</SVIZ>
    <BSP>59,380000</BSP>
    <MALT>60,560000</MALT>
    <XAUS>59,380000</XAUS>
    <XFRA>59,380000</XFRA>
  </Prezzi>
  <Prezzi>
    <Data>20151124</Data>
    <Mercato>MGP</Mercato>
    <Ora>23</Ora>
    <PUN>54,039490</PUN>
    <NAT>54,990000</NAT>
    <CNOR>53,600000</CNOR>
    <CSUD>53,600000</CSUD>
    <NORD>53,600000</NORD>
    <SARD>53,600000</SARD>
    <SICI>60,560000</SICI>
    <SUD>53,600000</SUD>
    <AUST>53,600000</AUST>
    <BRNN>53,600000</BRNN>
    <COAC>53,600000</COAC>
    <CORS>53,600000</CORS>
    <FOGN>53,600000</FOGN>
    <FRAN>53,600000</FRAN>
    <GREC>53,600000</GREC>
    <MFTV>53,600000</MFTV>
    <PRGP>60,560000</PRGP>
    <ROSN>7,990000</ROSN>
    <SLOV>53,600000</SLOV>
    <SVIZ>53,600000</SVIZ>
    <BSP>53,600000</BSP>
    <MALT>60,560000</MALT>
    <XAUS>53,600000</XAUS>
    <XFRA>53,600000</XFRA>
  </Prezzi>
  <Prezzi>
    <Data>20151124</Data>
    <Mercato>MGP</Mercato>
    <Ora>24</Ora>
    <PUN>49,697390</PUN>
    <NAT>50,000000</NAT>
    <CNOR>49,100000</CNOR>
    <CSUD>49,100000</CSUD>
    <NORD>49,100000</NORD>
    <SARD>49,100000</SARD>
    <SICI>58,660000</SICI>
    <SUD>49,100000</SUD>
    <AUST>49,100000</AUST>
    <BRNN>49,100000</BRNN>
    <COAC>49,100000</COAC>
    <CORS>49,100000</CORS>
    <FOGN>49,100000</FOGN>
    <FRAN>49,100000</FRAN>
    <GREC>49,100000</GREC>
    <MFTV>49,100000</MFTV>
    <PRGP>58,660000</PRGP>
    <ROSN>37,000000</ROSN>
    <SLOV>49,100000</SLOV>
    <SVIZ>49,100000</SVIZ>
    <BSP>49,100000</BSP>
    <MALT>58,660000</MALT>
    <XAUS>49,100000</XAUS>
    <XFRA>49,100000</XFRA>
  </Prezzi>
</NewDataSet>