<?xml version="1.0" standalone="yes"?>
<NewDataSet>
  <xs:schema id="NewDataSet" xmlns="" xmlns:xs="http://www.w3.org/2001/XMLSchema" xmlns:msdata="urn:schemas-microsoft-com:xml-msdata">
    <xs:element name="NewDataSet" msdata:IsDataSet="true" msdata:UseCurrentLocale="true">
      <xs:complexType>
        <xs:choice minOccurs="0" maxOccurs="unbounded">
          <xs:element name="Prezzi">
            <xs:complexType>
              <xs:sequence>
                <xs:element name="Data" type="xs:string" minOccurs="0" />
                <xs:element name="Mercato" type="xs:string" minOccurs="0" />
                <xs:element name="Ora" type="xs:string" minOccurs="0" />
                <xs:element name="PUN" type="xs:string" minOccurs="0" />
                <xs:element name="NAT" type="xs:string" minOccurs="0" />
                <xs:element name="CNOR" type="xs:string" minOccurs="0" />
                <xs:element name="CSUD" type="xs:string" minOccurs="0" />
                <xs:element name="NORD" type="xs:string" minOccurs="0" />
                <xs:element name="SARD" type="xs:string" minOccurs="0" />
                <xs:element name="SICI" type="xs:string" minOccurs="0" />
                <xs:element name="SUD" type="xs:string" minOccurs="0" />
                <xs:element name="AUST" type="xs:string" minOccurs="0" />
                <xs:element name="BRNN" type="xs:string" minOccurs="0" />
                <xs:element name="COAC" type="xs:string" minOccurs="0" />
                <xs:element name="CORS" type="xs:string" minOccurs="0" />
                <xs:element name="FOGN" type="xs:string" minOccurs="0" />
                <xs:element name="FRAN" type="xs:string" minOccurs="0" />
                <xs:element name="GREC" type="xs:string" minOccurs="0" />
                <xs:element name="MFTV" type="xs:string" minOccurs="0" />
                <xs:element name="PRGP" type="xs:string" minOccurs="0" />
                <xs:element name="ROSN" type="xs:string" minOccurs="0" />
                <xs:element name="SLOV" type="xs:string" minOccurs="0" />
                <xs:element name="SVIZ" type="xs:string" minOccurs="0" />
                <xs:element name="BSP" type="xs:string" minOccurs="0" />
                <xs:element name="MALT" type="xs:string" minOccurs="0" />
                <xs:element name="XAUS" type="xs:string" minOccurs="0" />
                <xs:element name="XFRA" type="xs:string" minOccurs="0" />
              </xs:sequence>
            </xs:complexType>
          </xs:element>
        </xs:choice>
      </xs:complexType>
    </xs:element>
  </xs:schema>
  <Prezzi>
    <Data>20151106</Data>
    <Mercato>MGP</Mercato>
    <Ora>1</Ora>
    <PUN>41,068710</PUN>
    <NAT>40,900000</NAT>
    <CNOR>40,120000</CNOR>
    <CSUD>40,120000</CSUD>
    <NORD>40,120000</NORD>
    <SARD>40,120000</SARD>
    <SICI>58,640000</SICI>
    <SUD>40,120000</SUD>
    <AUST>40,120000</AUST>
    <BRNN>40,120000</BRNN>
    <COAC>40,120000</COAC>
    <CORS>40,120000</CORS>
    <FOGN>40,120000</FOGN>
    <FRAN>40,120000</FRAN>
    <GREC>40,120000</GREC>
    <MFTV>40,120000</MFTV>
    <PRGP>58,640000</PRGP>
    <ROSN>40,120000</ROSN>
    <SLOV>40,120000</SLOV>
    <SVIZ>40,120000</SVIZ>
    <BSP>40,120000</BSP>
    <MALT>58,640000</MALT>
    <XAUS>40,120000</XAUS>
    <XFRA>40,120000</XFRA>
  </Prezzi>
  <Prezzi>
    <Data>20151106</Data>
    <Mercato>MGP</Mercato>
    <Ora>2</Ora>
    <PUN>39,355610</PUN>
    <NAT>38,510000</NAT>
    <CNOR>38,500000</CNOR>
    <CSUD>38,500000</CSUD>
    <NORD>38,500000</NORD>
    <SARD>38,500000</SARD>
    <SICI>56,230000</SICI>
    <SUD>38,500000</SUD>
    <AUST>38,500000</AUST>
    <BRNN>38,500000</BRNN>
    <COAC>38,500000</COAC>
    <CORS>38,500000</CORS>
    <FOGN>38,500000</FOGN>
    <FRAN>38,500000</FRAN>
    <GREC>38,500000</GREC>
    <MFTV>38,500000</MFTV>
    <PRGP>56,230000</PRGP>
    <ROSN>38,500000</ROSN>
    <SLOV>38,500000</SLOV>
    <SVIZ>38,500000</SVIZ>
    <BSP>38,500000</BSP>
    <MALT>56,230000</MALT>
    <XAUS>38,500000</XAUS>
    <XFRA>38,500000</XFRA>
  </Prezzi>
  <Prezzi>
    <Data>20151106</Data>
    <Mercato>MGP</Mercato>
    <Ora>3</Ora>
    <PUN>37,615290</PUN>
    <NAT>37,460000</NAT>
    <CNOR>37,000000</CNOR>
    <CSUD>37,000000</CSUD>
    <NORD>37,000000</NORD>
    <SARD>37,000000</SARD>
    <SICI>49,990000</SICI>
    <SUD>37,000000</SUD>
    <AUST>37,000000</AUST>
    <BRNN>37,000000</BRNN>
    <COAC>37,000000</COAC>
    <CORS>37,000000</CORS>
    <FOGN>37,000000</FOGN>
    <FRAN>37,000000</FRAN>
    <GREC>37,000000</GREC>
    <MFTV>37,000000</MFTV>
    <PRGP>49,990000</PRGP>
    <ROSN>37,000000</ROSN>
    <SLOV>37,000000</SLOV>
    <SVIZ>37,000000</SVIZ>
    <BSP>37,000000</BSP>
    <MALT>49,990000</MALT>
    <XAUS>37,000000</XAUS>
    <XFRA>37,000000</XFRA>
  </Prezzi>
  <Prezzi>
    <Data>20151106</Data>
    <Mercato>MGP</Mercato>
    <Ora>4</Ora>
    <PUN>37,614770</PUN>
    <NAT>37,660000</NAT>
    <CNOR>37,000000</CNOR>
    <CSUD>37,000000</CSUD>
    <NORD>37,000000</NORD>
    <SARD>37,000000</SARD>
    <SICI>50,000000</SICI>
    <SUD>37,000000</SUD>
    <AUST>37,000000</AUST>
    <BRNN>37,000000</BRNN>
    <COAC>37,000000</COAC>
    <CORS>37,000000</CORS>
    <FOGN>37,000000</FOGN>
    <FRAN>37,000000</FRAN>
    <GREC>37,000000</GREC>
    <MFTV>37,000000</MFTV>
    <PRGP>50,000000</PRGP>
    <ROSN>37,000000</ROSN>
    <SLOV>37,000000</SLOV>
    <SVIZ>37,000000</SVIZ>
    <BSP>37,000000</BSP>
    <MALT>50,000000</MALT>
    <XAUS>37,000000</XAUS>
    <XFRA>37,000000</XFRA>
  </Prezzi>
  <Prezzi>
    <Data>20151106</Data>
    <Mercato>MGP</Mercato>
    <Ora>5</Ora>
    <PUN>38,928400</PUN>
    <NAT>38,430000</NAT>
    <CNOR>38,380000</CNOR>
    <CSUD>38,380000</CSUD>
    <NORD>38,380000</NORD>
    <SARD>38,380000</SARD>
    <SICI>50,000000</SICI>
    <SUD>38,380000</SUD>
    <AUST>38,380000</AUST>
    <BRNN>38,380000</BRNN>
    <COAC>38,380000</COAC>
    <CORS>38,380000</CORS>
    <FOGN>38,380000</FOGN>
    <FRAN>38,380000</FRAN>
    <GREC>38,380000</GREC>
    <MFTV>38,380000</MFTV>
    <PRGP>50,000000</PRGP>
    <ROSN>38,380000</ROSN>
    <SLOV>38,380000</SLOV>
    <SVIZ>38,380000</SVIZ>
    <BSP>38,380000</BSP>
    <MALT>50,000000</MALT>
    <XAUS>38,380000</XAUS>
    <XFRA>38,380000</XFRA>
  </Prezzi>
  <Prezzi>
    <Data>20151106</Data>
    <Mercato>MGP</Mercato>
    <Ora>6</Ora>
    <PUN>40,690000</PUN>
    <NAT>40,300000</NAT>
    <CNOR>39,910350</CNOR>
    <CSUD>39,910350</CSUD>
    <NORD>39,910350</NORD>
    <SARD>39,910350</SARD>
    <SICI>56,230000</SICI>
    <SUD>39,910350</SUD>
    <AUST>39,910350</AUST>
    <BRNN>39,910350</BRNN>
    <COAC>39,910350</COAC>
    <CORS>39,910350</CORS>
    <FOGN>39,910350</FOGN>
    <FRAN>39,910350</FRAN>
    <GREC>39,910350</GREC>
    <MFTV>39,910350</MFTV>
    <PRGP>56,230000</PRGP>
    <ROSN>39,910350</ROSN>
    <SLOV>39,910350</SLOV>
    <SVIZ>39,910350</SVIZ>
    <BSP>39,910350</BSP>
    <MALT>56,230000</MALT>
    <XAUS>39,910350</XAUS>
    <XFRA>39,910350</XFRA>
  </Prezzi>
  <Prezzi>
    <Data>20151106</Data>
    <Mercato>MGP</Mercato>
    <Ora>7</Ora>
    <PUN>48,475490</PUN>
    <NAT>48,930000</NAT>
    <CNOR>48,010000</CNOR>
    <CSUD>48,010000</CSUD>
    <NORD>48,010000</NORD>
    <SARD>48,010000</SARD>
    <SICI>58,510000</SICI>
    <SUD>48,010000</SUD>
    <AUST>48,010000</AUST>
    <BRNN>48,010000</BRNN>
    <COAC>48,010000</COAC>
    <CORS>48,010000</CORS>
    <FOGN>48,010000</FOGN>
    <FRAN>48,010000</FRAN>
    <GREC>48,010000</GREC>
    <MFTV>48,010000</MFTV>
    <PRGP>58,510000</PRGP>
    <ROSN>48,010000</ROSN>
    <SLOV>48,010000</SLOV>
    <SVIZ>48,010000</SVIZ>
    <BSP>48,010000</BSP>
    <MALT>58,510000</MALT>
    <XAUS>48,010000</XAUS>
    <XFRA>48,010000</XFRA>
  </Prezzi>
  <Prezzi>
    <Data>20151106</Data>
    <Mercato>MGP</Mercato>
    <Ora>8</Ora>
    <PUN>53,887710</PUN>
    <NAT>55,450000</NAT>
    <CNOR>54,110000</CNOR>
    <CSUD>54,110000</CSUD>
    <NORD>54,110000</NORD>
    <SARD>54,110000</SARD>
    <SICI>58,640000</SICI>
    <SUD>50,040000</SUD>
    <AUST>54,110000</AUST>
    <BRNN>50,040000</BRNN>
    <COAC>54,110000</COAC>
    <CORS>54,110000</CORS>
    <FOGN>50,040000</FOGN>
    <FRAN>54,110000</FRAN>
    <GREC>50,040000</GREC>
    <MFTV>54,110000</MFTV>
    <PRGP>58,640000</PRGP>
    <ROSN>50,040000</ROSN>
    <SLOV>54,110000</SLOV>
    <SVIZ>54,110000</SVIZ>
    <BSP>54,110000</BSP>
    <MALT>58,640000</MALT>
    <XAUS>54,110000</XAUS>
    <XFRA>54,110000</XFRA>
  </Prezzi>
  <Prezzi>
    <Data>20151106</Data>
    <Mercato>MGP</Mercato>
    <Ora>9</Ora>
    <PUN>52,827480</PUN>
    <NAT>53,190000</NAT>
    <CNOR>54,450000</CNOR>
    <CSUD>54,450000</CSUD>
    <NORD>54,450000</NORD>
    <SARD>54,450000</SARD>
    <SICI>58,640000</SICI>
    <SUD>34,600000</SUD>
    <AUST>54,450000</AUST>
    <BRNN>34,600000</BRNN>
    <COAC>54,450000</COAC>
    <CORS>54,450000</CORS>
    <FOGN>34,600000</FOGN>
    <FRAN>54,450000</FRAN>
    <GREC>34,600000</GREC>
    <MFTV>54,450000</MFTV>
    <PRGP>58,640000</PRGP>
    <ROSN>34,600000</ROSN>
    <SLOV>54,450000</SLOV>
    <SVIZ>54,450000</SVIZ>
    <BSP>54,450000</BSP>
    <MALT>58,640000</MALT>
    <XAUS>54,450000</XAUS>
    <XFRA>54,450000</XFRA>
  </Prezzi>
  <Prezzi>
    <Data>20151106</Data>
    <Mercato>MGP</Mercato>
    <Ora>10</Ora>
    <PUN>50,837650</PUN>
    <NAT>52,990000</NAT>
    <CNOR>49,000000</CNOR>
    <CSUD>49,000000</CSUD>
    <NORD>53,460000</NORD>
    <SARD>49,000000</SARD>
    <SICI>58,640000</SICI>
    <SUD>36,090000</SUD>
    <AUST>53,460000</AUST>
    <BRNN>36,090000</BRNN>
    <COAC>49,000000</COAC>
    <CORS>49,000000</CORS>
    <FOGN>36,090000</FOGN>
    <FRAN>53,460000</FRAN>
    <GREC>36,090000</GREC>
    <MFTV>53,460000</MFTV>
    <PRGP>58,640000</PRGP>
    <ROSN>36,090000</ROSN>
    <SLOV>53,460000</SLOV>
    <SVIZ>53,460000</SVIZ>
    <BSP>53,460000</BSP>
    <MALT>58,640000</MALT>
    <XAUS>53,460000</XAUS>
    <XFRA>53,460000</XFRA>
  </Prezzi>
  <Prezzi>
    <Data>20151106</Data>
    <Mercato>MGP</Mercato>
    <Ora>11</Ora>
    <PUN>47,260710</PUN>
    <NAT>48,910000</NAT>
    <CNOR>47,500000</CNOR>
    <CSUD>47,500000</CSUD>
    <NORD>49,160000</NORD>
    <SARD>47,500000</SARD>
    <SICI>58,640000</SICI>
    <SUD>31,310000</SUD>
    <AUST>49,160000</AUST>
    <BRNN>31,310000</BRNN>
    <COAC>47,500000</COAC>
    <CORS>47,500000</CORS>
    <FOGN>31,310000</FOGN>
    <FRAN>49,160000</FRAN>
    <GREC>31,310000</GREC>
    <MFTV>49,160000</MFTV>
    <PRGP>58,640000</PRGP>
    <ROSN>31,310000</ROSN>
    <SLOV>49,160000</SLOV>
    <SVIZ>49,160000</SVIZ>
    <BSP>49,160000</BSP>
    <MALT>58,640000</MALT>
    <XAUS>49,160000</XAUS>
    <XFRA>49,160000</XFRA>
  </Prezzi>
  <Prezzi>
    <Data>20151106</Data>
    <Mercato>MGP</Mercato>
    <Ora>12</Ora>
    <PUN>45,941120</PUN>
    <NAT>47,500000</NAT>
    <CNOR>42,580000</CNOR>
    <CSUD>42,580000</CSUD>
    <NORD>49,160000</NORD>
    <SARD>42,580000</SARD>
    <SICI>58,640000</SICI>
    <SUD>30,000000</SUD>
    <AUST>49,160000</AUST>
    <BRNN>30,000000</BRNN>
    <COAC>42,580000</COAC>
    <CORS>42,580000</CORS>
    <FOGN>30,000000</FOGN>
    <FRAN>49,160000</FRAN>
    <GREC>30,000000</GREC>
    <MFTV>49,160000</MFTV>
    <PRGP>58,640000</PRGP>
    <ROSN>30,000000</ROSN>
    <SLOV>49,160000</SLOV>
    <SVIZ>49,160000</SVIZ>
    <BSP>49,160000</BSP>
    <MALT>58,640000</MALT>
    <XAUS>49,160000</XAUS>
    <XFRA>49,160000</XFRA>
  </Prezzi>
  <Prezzi>
    <Data>20151106</Data>
    <Mercato>MGP</Mercato>
    <Ora>13</Ora>
    <PUN>44,209430</PUN>
    <NAT>42,730000</NAT>
    <CNOR>42,730000</CNOR>
    <CSUD>42,730000</CSUD>
    <NORD>46,500000</NORD>
    <SARD>42,730000</SARD>
    <SICI>58,640000</SICI>
    <SUD>29,700000</SUD>
    <AUST>46,500000</AUST>
    <BRNN>29,700000</BRNN>
    <COAC>42,730000</COAC>
    <CORS>42,730000</CORS>
    <FOGN>29,700000</FOGN>
    <FRAN>46,500000</FRAN>
    <GREC>29,700000</GREC>
    <MFTV>46,500000</MFTV>
    <PRGP>58,640000</PRGP>
    <ROSN>29,700000</ROSN>
    <SLOV>46,500000</SLOV>
    <SVIZ>46,500000</SVIZ>
    <BSP>46,500000</BSP>
    <MALT>58,640000</MALT>
    <XAUS>46,500000</XAUS>
    <XFRA>46,500000</XFRA>
  </Prezzi>
  <Prezzi>
    <Data>20151106</Data>
    <Mercato>MGP</Mercato>
    <Ora>14</Ora>
    <PUN>45,514820</PUN>
    <NAT>44,100000</NAT>
    <CNOR>42,730000</CNOR>
    <CSUD>42,730000</CSUD>
    <NORD>48,010000</NORD>
    <SARD>42,730000</SARD>
    <SICI>58,640000</SICI>
    <SUD>29,590000</SUD>
    <AUST>48,010000</AUST>
    <BRNN>29,590000</BRNN>
    <COAC>42,730000</COAC>
    <CORS>42,730000</CORS>
    <FOGN>29,590000</FOGN>
    <FRAN>48,010000</FRAN>
    <GREC>29,590000</GREC>
    <MFTV>48,010000</MFTV>
    <PRGP>58,640000</PRGP>
    <ROSN>29,590000</ROSN>
    <SLOV>48,010000</SLOV>
    <SVIZ>48,010000</SVIZ>
    <BSP>48,010000</BSP>
    <MALT>58,640000</MALT>
    <XAUS>48,010000</XAUS>
    <XFRA>48,010000</XFRA>
  </Prezzi>
  <Prezzi>
    <Data>20151106</Data>
    <Mercato>MGP</Mercato>
    <Ora>15</Ora>
    <PUN>50,243380</PUN>
    <NAT>49,160000</NAT>
    <CNOR>46,000000</CNOR>
    <CSUD>46,000000</CSUD>
    <NORD>54,000000</NORD>
    <SARD>46,000000</SARD>
    <SICI>58,640000</SICI>
    <SUD>29,700000</SUD>
    <AUST>54,000000</AUST>
    <BRNN>29,700000</BRNN>
    <COAC>46,000000</COAC>
    <CORS>46,000000</CORS>
    <FOGN>29,700000</FOGN>
    <FRAN>54,000000</FRAN>
    <GREC>29,700000</GREC>
    <MFTV>54,000000</MFTV>
    <PRGP>58,640000</PRGP>
    <ROSN>29,700000</ROSN>
    <SLOV>54,000000</SLOV>
    <SVIZ>54,000000</SVIZ>
    <BSP>54,000000</BSP>
    <MALT>58,640000</MALT>
    <XAUS>54,000000</XAUS>
    <XFRA>54,000000</XFRA>
  </Prezzi>
  <Prezzi>
    <Data>20151106</Data>
    <Mercato>MGP</Mercato>
    <Ora>16</Ora>
    <PUN>56,087350</PUN>
    <NAT>57,000000</NAT>
    <CNOR>52,990000</CNOR>
    <CSUD>52,990000</CSUD>
    <NORD>60,120000</NORD>
    <SARD>52,990000</SARD>
    <SICI>58,860000</SICI>
    <SUD>33,680000</SUD>
    <AUST>60,120000</AUST>
    <BRNN>33,680000</BRNN>
    <COAC>52,990000</COAC>
    <CORS>52,990000</CORS>
    <FOGN>33,680000</FOGN>
    <FRAN>60,120000</FRAN>
    <GREC>33,680000</GREC>
    <MFTV>60,120000</MFTV>
    <PRGP>58,860000</PRGP>
    <ROSN>33,680000</ROSN>
    <SLOV>60,120000</SLOV>
    <SVIZ>60,120000</SVIZ>
    <BSP>60,120000</BSP>
    <MALT>58,860000</MALT>
    <XAUS>60,120000</XAUS>
    <XFRA>60,120000</XFRA>
  </Prezzi>
  <Prezzi>
    <Data>20151106</Data>
    <Mercato>MGP</Mercato>
    <Ora>17</Ora>
    <PUN>65,000000</PUN>
    <NAT>61,990000</NAT>
    <CNOR>67,020850</CNOR>
    <CSUD>67,020850</CSUD>
    <NORD>67,020850</NORD>
    <SARD>67,020850</SARD>
    <SICI>58,860000</SICI>
    <SUD>49,060000</SUD>
    <AUST>67,020850</AUST>
    <BRNN>49,060000</BRNN>
    <COAC>67,020850</COAC>
    <CORS>67,020850</CORS>
    <FOGN>49,060000</FOGN>
    <FRAN>67,020850</FRAN>
    <GREC>49,060000</GREC>
    <MFTV>67,020850</MFTV>
    <PRGP>58,860000</PRGP>
    <ROSN>49,060000</ROSN>
    <SLOV>67,020850</SLOV>
    <SVIZ>67,020850</SVIZ>
    <BSP>67,020850</BSP>
    <MALT>58,860000</MALT>
    <XAUS>67,020850</XAUS>
    <XFRA>67,020850</XFRA>
  </Prezzi>
  <Prezzi>
    <Data>20151106</Data>
    <Mercato>MGP</Mercato>
    <Ora>18</Ora>
    <PUN>73,559220</PUN>
    <NAT>74,010000</NAT>
    <CNOR>74,250000</CNOR>
    <CSUD>74,250000</CSUD>
    <NORD>74,250000</NORD>
    <SARD>74,250000</SARD>
    <SICI>60,530000</SICI>
    <SUD>74,250000</SUD>
    <AUST>74,250000</AUST>
    <BRNN>74,250000</BRNN>
    <COAC>74,250000</COAC>
    <CORS>74,250000</CORS>
    <FOGN>74,250000</FOGN>
    <FRAN>74,250000</FRAN>
    <GREC>74,250000</GREC>
    <MFTV>74,250000</MFTV>
    <PRGP>60,530000</PRGP>
    <ROSN>74,250000</ROSN>
    <SLOV>74,250000</SLOV>
    <SVIZ>74,250000</SVIZ>
    <BSP>74,250000</BSP>
    <MALT>60,530000</MALT>
    <XAUS>74,250000</XAUS>
    <XFRA>74,250000</XFRA>
  </Prezzi>
  <Prezzi>
    <Data>20151106</Data>
    <Mercato>MGP</Mercato>
    <Ora>19</Ora>
    <PUN>70,951870</PUN>
    <NAT>71,280000</NAT>
    <CNOR>72,060000</CNOR>
    <CSUD>72,060000</CSUD>
    <NORD>72,060000</NORD>
    <SARD>72,060000</SARD>
    <SICI>64,960000</SICI>
    <SUD>64,960000</SUD>
    <AUST>72,060000</AUST>
    <BRNN>64,960000</BRNN>
    <COAC>72,060000</COAC>
    <CORS>72,060000</CORS>
    <FOGN>64,960000</FOGN>
    <FRAN>72,060000</FRAN>
    <GREC>64,960000</GREC>
    <MFTV>72,060000</MFTV>
    <PRGP>64,960000</PRGP>
    <ROSN>64,960000</ROSN>
    <SLOV>72,060000</SLOV>
    <SVIZ>72,060000</SVIZ>
    <BSP>72,060000</BSP>
    <MALT>64,960000</MALT>
    <XAUS>72,060000</XAUS>
    <XFRA>72,060000</XFRA>
  </Prezzi>
  <Prezzi>
    <Data>20151106</Data>
    <Mercato>MGP</Mercato>
    <Ora>20</Ora>
    <PUN>61,678200</PUN>
    <NAT>61,000000</NAT>
    <CNOR>61,900000</CNOR>
    <CSUD>61,900000</CSUD>
    <NORD>61,900000</NORD>
    <SARD>61,900000</SARD>
    <SICI>60,530000</SICI>
    <SUD>60,530000</SUD>
    <AUST>61,900000</AUST>
    <BRNN>60,530000</BRNN>
    <COAC>61,900000</COAC>
    <CORS>61,900000</CORS>
    <FOGN>60,530000</FOGN>
    <FRAN>61,900000</FRAN>
    <GREC>60,530000</GREC>
    <MFTV>61,900000</MFTV>
    <PRGP>60,530000</PRGP>
    <ROSN>60,530000</ROSN>
    <SLOV>61,900000</SLOV>
    <SVIZ>61,900000</SVIZ>
    <BSP>61,900000</BSP>
    <MALT>60,530000</MALT>
    <XAUS>61,900000</XAUS>
    <XFRA>61,900000</XFRA>
  </Prezzi>
  <Prezzi>
    <Data>20151106</Data>
    <Mercato>MGP</Mercato>
    <Ora>21</Ora>
    <PUN>54,070900</PUN>
    <NAT>55,040000</NAT>
    <CNOR>53,680000</CNOR>
    <CSUD>53,680000</CSUD>
    <NORD>53,680000</NORD>
    <SARD>53,680000</SARD>
    <SICI>60,530000</SICI>
    <SUD>53,680000</SUD>
    <AUST>53,680000</AUST>
    <BRNN>53,680000</BRNN>
    <COAC>53,680000</COAC>
    <CORS>53,680000</CORS>
    <FOGN>53,680000</FOGN>
    <FRAN>53,680000</FRAN>
    <GREC>53,680000</GREC>
    <MFTV>53,680000</MFTV>
    <PRGP>60,530000</PRGP>
    <ROSN>53,680000</ROSN>
    <SLOV>53,680000</SLOV>
    <SVIZ>53,680000</SVIZ>
    <BSP>53,680000</BSP>
    <MALT>60,530000</MALT>
    <XAUS>53,680000</XAUS>
    <XFRA>53,680000</XFRA>
  </Prezzi>
  <Prezzi>
    <Data>20151106</Data>
    <Mercato>MGP</Mercato>
    <Ora>22</Ora>
    <PUN>50,337650</PUN>
    <NAT>51,030000</NAT>
    <CNOR>49,720000</CNOR>
    <CSUD>49,720000</CSUD>
    <NORD>49,720000</NORD>
    <SARD>49,720000</SARD>
    <SICI>60,530000</SICI>
    <SUD>49,720000</SUD>
    <AUST>49,720000</AUST>
    <BRNN>49,720000</BRNN>
    <COAC>49,720000</COAC>
    <CORS>49,720000</CORS>
    <FOGN>49,720000</FOGN>
    <FRAN>49,720000</FRAN>
    <GREC>49,720000</GREC>
    <MFTV>49,720000</MFTV>
    <PRGP>60,530000</PRGP>
    <ROSN>49,720000</ROSN>
    <SLOV>49,720000</SLOV>
    <SVIZ>49,720000</SVIZ>
    <BSP>49,720000</BSP>
    <MALT>60,530000</MALT>
    <XAUS>49,720000</XAUS>
    <XFRA>49,720000</XFRA>
  </Prezzi>
  <Prezzi>
    <Data>20151106</Data>
    <Mercato>MGP</Mercato>
    <Ora>23</Ora>
    <PUN>48,620350</PUN>
    <NAT>49,700000</NAT>
    <CNOR>48,000000</CNOR>
    <CSUD>48,000000</CSUD>
    <NORD>48,000000</NORD>
    <SARD>48,000000</SARD>
    <SICI>58,860000</SICI>
    <SUD>48,000000</SUD>
    <AUST>48,000000</AUST>
    <BRNN>48,000000</BRNN>
    <COAC>48,000000</COAC>
    <CORS>48,000000</CORS>
    <FOGN>48,000000</FOGN>
    <FRAN>48,000000</FRAN>
    <GREC>48,000000</GREC>
    <MFTV>48,000000</MFTV>
    <PRGP>58,860000</PRGP>
    <ROSN>48,000000</ROSN>
    <SLOV>48,000000</SLOV>
    <SVIZ>48,000000</SVIZ>
    <BSP>48,000000</BSP>
    <MALT>58,860000</MALT>
    <XAUS>48,000000</XAUS>
    <XFRA>48,000000</XFRA>
  </Prezzi>
  <Prezzi>
    <Data>20151106</Data>
    <Mercato>MGP</Mercato>
    <Ora>24</Ora>
    <PUN>44,565090</PUN>
    <NAT>44,280000</NAT>
    <CNOR>43,730000</CNOR>
    <CSUD>43,730000</CSUD>
    <NORD>43,730000</NORD>
    <SARD>43,730000</SARD>
    <SICI>58,640000</SICI>
    <SUD>43,730000</SUD>
    <AUST>43,730000</AUST>
    <BRNN>43,730000</BRNN>
    <COAC>43,730000</COAC>
    <CORS>43,730000</CORS>
    <FOGN>43,730000</FOGN>
    <FRAN>43,730000</FRAN>
    <GREC>43,730000</GREC>
    <MFTV>43,730000</MFTV>
    <PRGP>58,640000</PRGP>
    <ROSN>43,730000</ROSN>
    <SLOV>43,730000</SLOV>
    <SVIZ>43,730000</SVIZ>
    <BSP>43,730000</BSP>
    <MALT>58,640000</MALT>
    <XAUS>43,730000</XAUS>
    <XFRA>43,730000</XFRA>
  </Prezzi>
</NewDataSet>