<?xml version="1.0" standalone="yes"?>
<NewDataSet>
  <xs:schema id="NewDataSet" xmlns="" xmlns:xs="http://www.w3.org/2001/XMLSchema" xmlns:msdata="urn:schemas-microsoft-com:xml-msdata">
    <xs:element name="NewDataSet" msdata:IsDataSet="true" msdata:UseCurrentLocale="true">
      <xs:complexType>
        <xs:choice minOccurs="0" maxOccurs="unbounded">
          <xs:element name="Prezzi">
            <xs:complexType>
              <xs:sequence>
                <xs:element name="Data" type="xs:string" minOccurs="0" />
                <xs:element name="Mercato" type="xs:string" minOccurs="0" />
                <xs:element name="Ora" type="xs:string" minOccurs="0" />
                <xs:element name="PUN" type="xs:string" minOccurs="0" />
                <xs:element name="NAT" type="xs:string" minOccurs="0" />
                <xs:element name="CNOR" type="xs:string" minOccurs="0" />
                <xs:element name="CSUD" type="xs:string" minOccurs="0" />
                <xs:element name="NORD" type="xs:string" minOccurs="0" />
                <xs:element name="SARD" type="xs:string" minOccurs="0" />
                <xs:element name="SICI" type="xs:string" minOccurs="0" />
                <xs:element name="SUD" type="xs:string" minOccurs="0" />
                <xs:element name="AUST" type="xs:string" minOccurs="0" />
                <xs:element name="BRNN" type="xs:string" minOccurs="0" />
                <xs:element name="COAC" type="xs:string" minOccurs="0" />
                <xs:element name="CORS" type="xs:string" minOccurs="0" />
                <xs:element name="FOGN" type="xs:string" minOccurs="0" />
                <xs:element name="FRAN" type="xs:string" minOccurs="0" />
                <xs:element name="GREC" type="xs:string" minOccurs="0" />
                <xs:element name="MFTV" type="xs:string" minOccurs="0" />
                <xs:element name="PRGP" type="xs:string" minOccurs="0" />
                <xs:element name="ROSN" type="xs:string" minOccurs="0" />
                <xs:element name="SLOV" type="xs:string" minOccurs="0" />
                <xs:element name="SVIZ" type="xs:string" minOccurs="0" />
                <xs:element name="BSP" type="xs:string" minOccurs="0" />
                <xs:element name="MALT" type="xs:string" minOccurs="0" />
                <xs:element name="XAUS" type="xs:string" minOccurs="0" />
                <xs:element name="XFRA" type="xs:string" minOccurs="0" />
              </xs:sequence>
            </xs:complexType>
          </xs:element>
        </xs:choice>
      </xs:complexType>
    </xs:element>
  </xs:schema>
  <Prezzi>
    <Data>20160127</Data>
    <Mercato>MGP</Mercato>
    <Ora>1</Ora>
    <PUN>42,727600</PUN>
    <NAT>42,920000</NAT>
    <CNOR>42,000000</CNOR>
    <CSUD>42,000000</CSUD>
    <NORD>42,000000</NORD>
    <SARD>42,000000</SARD>
    <SICI>55,110000</SICI>
    <SUD>42,000000</SUD>
    <AUST>42,000000</AUST>
    <BRNN>42,000000</BRNN>
    <COAC>42,000000</COAC>
    <CORS>42,000000</CORS>
    <FOGN>42,000000</FOGN>
    <FRAN>42,000000</FRAN>
    <GREC>42,000000</GREC>
    <MFTV>42,000000</MFTV>
    <PRGP>55,110000</PRGP>
    <ROSN>42,000000</ROSN>
    <SLOV>42,000000</SLOV>
    <SVIZ>42,000000</SVIZ>
    <BSP>42,000000</BSP>
    <MALT>55,110000</MALT>
    <XAUS>42,000000</XAUS>
    <XFRA>42,000000</XFRA>
  </Prezzi>
  <Prezzi>
    <Data>20160127</Data>
    <Mercato>MGP</Mercato>
    <Ora>2</Ora>
    <PUN>38,206840</PUN>
    <NAT>38,100000</NAT>
    <CNOR>37,930000</CNOR>
    <CSUD>37,930000</CSUD>
    <NORD>37,930000</NORD>
    <SARD>37,930000</SARD>
    <SICI>43,470000</SICI>
    <SUD>37,930000</SUD>
    <AUST>37,930000</AUST>
    <BRNN>37,930000</BRNN>
    <COAC>37,930000</COAC>
    <CORS>37,930000</CORS>
    <FOGN>37,930000</FOGN>
    <FRAN>37,930000</FRAN>
    <GREC>37,930000</GREC>
    <MFTV>37,930000</MFTV>
    <PRGP>43,470000</PRGP>
    <ROSN>37,930000</ROSN>
    <SLOV>37,930000</SLOV>
    <SVIZ>37,930000</SVIZ>
    <BSP>37,930000</BSP>
    <MALT>43,470000</MALT>
    <XAUS>37,930000</XAUS>
    <XFRA>37,930000</XFRA>
  </Prezzi>
  <Prezzi>
    <Data>20160127</Data>
    <Mercato>MGP</Mercato>
    <Ora>3</Ora>
    <PUN>36,352660</PUN>
    <NAT>36,000000</NAT>
    <CNOR>35,990000</CNOR>
    <CSUD>35,990000</CSUD>
    <NORD>35,990000</NORD>
    <SARD>35,990000</SARD>
    <SICI>43,470000</SICI>
    <SUD>35,990000</SUD>
    <AUST>35,990000</AUST>
    <BRNN>35,990000</BRNN>
    <COAC>35,990000</COAC>
    <CORS>35,990000</CORS>
    <FOGN>35,990000</FOGN>
    <FRAN>35,990000</FRAN>
    <GREC>35,990000</GREC>
    <MFTV>35,990000</MFTV>
    <PRGP>43,470000</PRGP>
    <ROSN>35,990000</ROSN>
    <SLOV>35,990000</SLOV>
    <SVIZ>35,990000</SVIZ>
    <BSP>35,990000</BSP>
    <MALT>43,470000</MALT>
    <XAUS>35,990000</XAUS>
    <XFRA>35,990000</XFRA>
  </Prezzi>
  <Prezzi>
    <Data>20160127</Data>
    <Mercato>MGP</Mercato>
    <Ora>4</Ora>
    <PUN>37,001950</PUN>
    <NAT>37,280000</NAT>
    <CNOR>36,670000</CNOR>
    <CSUD>36,670000</CSUD>
    <NORD>36,670000</NORD>
    <SARD>36,670000</SARD>
    <SICI>43,470000</SICI>
    <SUD>36,670000</SUD>
    <AUST>36,670000</AUST>
    <BRNN>36,670000</BRNN>
    <COAC>36,670000</COAC>
    <CORS>36,670000</CORS>
    <FOGN>36,670000</FOGN>
    <FRAN>36,670000</FRAN>
    <GREC>36,670000</GREC>
    <MFTV>36,670000</MFTV>
    <PRGP>43,470000</PRGP>
    <ROSN>36,670000</ROSN>
    <SLOV>36,670000</SLOV>
    <SVIZ>36,670000</SVIZ>
    <BSP>36,670000</BSP>
    <MALT>43,470000</MALT>
    <XAUS>36,670000</XAUS>
    <XFRA>36,670000</XFRA>
  </Prezzi>
  <Prezzi>
    <Data>20160127</Data>
    <Mercato>MGP</Mercato>
    <Ora>5</Ora>
    <PUN>36,338360</PUN>
    <NAT>36,000000</NAT>
    <CNOR>35,990000</CNOR>
    <CSUD>35,990000</CSUD>
    <NORD>35,990000</NORD>
    <SARD>35,990000</SARD>
    <SICI>43,470000</SICI>
    <SUD>35,990000</SUD>
    <AUST>35,990000</AUST>
    <BRNN>35,990000</BRNN>
    <COAC>35,990000</COAC>
    <CORS>35,990000</CORS>
    <FOGN>35,990000</FOGN>
    <FRAN>35,990000</FRAN>
    <GREC>35,990000</GREC>
    <MFTV>35,990000</MFTV>
    <PRGP>43,470000</PRGP>
    <ROSN>35,990000</ROSN>
    <SLOV>35,990000</SLOV>
    <SVIZ>35,990000</SVIZ>
    <BSP>35,990000</BSP>
    <MALT>43,470000</MALT>
    <XAUS>35,990000</XAUS>
    <XFRA>35,990000</XFRA>
  </Prezzi>
  <Prezzi>
    <Data>20160127</Data>
    <Mercato>MGP</Mercato>
    <Ora>6</Ora>
    <PUN>40,161590</PUN>
    <NAT>40,000000</NAT>
    <CNOR>40,000000</CNOR>
    <CSUD>40,000000</CSUD>
    <NORD>40,000000</NORD>
    <SARD>40,000000</SARD>
    <SICI>43,470000</SICI>
    <SUD>40,000000</SUD>
    <AUST>40,000000</AUST>
    <BRNN>40,000000</BRNN>
    <COAC>40,000000</COAC>
    <CORS>40,000000</CORS>
    <FOGN>40,000000</FOGN>
    <FRAN>40,000000</FRAN>
    <GREC>40,000000</GREC>
    <MFTV>40,000000</MFTV>
    <PRGP>43,470000</PRGP>
    <ROSN>40,000000</ROSN>
    <SLOV>40,000000</SLOV>
    <SVIZ>40,000000</SVIZ>
    <BSP>40,000000</BSP>
    <MALT>43,470000</MALT>
    <XAUS>40,000000</XAUS>
    <XFRA>40,000000</XFRA>
  </Prezzi>
  <Prezzi>
    <Data>20160127</Data>
    <Mercato>MGP</Mercato>
    <Ora>7</Ora>
    <PUN>48,000000</PUN>
    <NAT>48,000000</NAT>
    <CNOR>48,000000</CNOR>
    <CSUD>48,000000</CSUD>
    <NORD>48,000000</NORD>
    <SARD>48,000000</SARD>
    <SICI>48,000000</SICI>
    <SUD>48,000000</SUD>
    <AUST>48,000000</AUST>
    <BRNN>48,000000</BRNN>
    <COAC>48,000000</COAC>
    <CORS>48,000000</CORS>
    <FOGN>48,000000</FOGN>
    <FRAN>48,000000</FRAN>
    <GREC>48,000000</GREC>
    <MFTV>48,000000</MFTV>
    <PRGP>48,000000</PRGP>
    <ROSN>48,000000</ROSN>
    <SLOV>48,000000</SLOV>
    <SVIZ>48,000000</SVIZ>
    <BSP>48,000000</BSP>
    <MALT>48,000000</MALT>
    <XAUS>48,000000</XAUS>
    <XFRA>48,000000</XFRA>
  </Prezzi>
  <Prezzi>
    <Data>20160127</Data>
    <Mercato>MGP</Mercato>
    <Ora>8</Ora>
    <PUN>54,767080</PUN>
    <NAT>54,010000</NAT>
    <CNOR>55,490000</CNOR>
    <CSUD>55,490000</CSUD>
    <NORD>55,490000</NORD>
    <SARD>55,490000</SARD>
    <SICI>55,110000</SICI>
    <SUD>48,000000</SUD>
    <AUST>55,490000</AUST>
    <BRNN>48,000000</BRNN>
    <COAC>55,490000</COAC>
    <CORS>55,490000</CORS>
    <FOGN>48,000000</FOGN>
    <FRAN>55,490000</FRAN>
    <GREC>48,000000</GREC>
    <MFTV>55,490000</MFTV>
    <PRGP>55,110000</PRGP>
    <ROSN>48,000000</ROSN>
    <SLOV>55,490000</SLOV>
    <SVIZ>55,490000</SVIZ>
    <BSP>55,490000</BSP>
    <MALT>55,110000</MALT>
    <XAUS>55,490000</XAUS>
    <XFRA>55,490000</XFRA>
  </Prezzi>
  <Prezzi>
    <Data>20160127</Data>
    <Mercato>MGP</Mercato>
    <Ora>9</Ora>
    <PUN>55,622210</PUN>
    <NAT>55,240000</NAT>
    <CNOR>56,950000</CNOR>
    <CSUD>56,950000</CSUD>
    <NORD>56,950000</NORD>
    <SARD>56,950000</SARD>
    <SICI>55,110000</SICI>
    <SUD>43,710000</SUD>
    <AUST>56,950000</AUST>
    <BRNN>43,710000</BRNN>
    <COAC>56,950000</COAC>
    <CORS>56,950000</CORS>
    <FOGN>43,710000</FOGN>
    <FRAN>56,950000</FRAN>
    <GREC>43,710000</GREC>
    <MFTV>56,950000</MFTV>
    <PRGP>55,110000</PRGP>
    <ROSN>43,710000</ROSN>
    <SLOV>56,950000</SLOV>
    <SVIZ>56,950000</SVIZ>
    <BSP>56,950000</BSP>
    <MALT>55,110000</MALT>
    <XAUS>56,950000</XAUS>
    <XFRA>56,950000</XFRA>
  </Prezzi>
  <Prezzi>
    <Data>20160127</Data>
    <Mercato>MGP</Mercato>
    <Ora>10</Ora>
    <PUN>52,505050</PUN>
    <NAT>53,150000</NAT>
    <CNOR>53,680000</CNOR>
    <CSUD>53,680000</CSUD>
    <NORD>53,680000</NORD>
    <SARD>53,680000</SARD>
    <SICI>52,350000</SICI>
    <SUD>42,200000</SUD>
    <AUST>53,680000</AUST>
    <BRNN>42,200000</BRNN>
    <COAC>53,680000</COAC>
    <CORS>53,680000</CORS>
    <FOGN>42,200000</FOGN>
    <FRAN>53,680000</FRAN>
    <GREC>42,200000</GREC>
    <MFTV>53,680000</MFTV>
    <PRGP>52,350000</PRGP>
    <ROSN>42,200000</ROSN>
    <SLOV>53,680000</SLOV>
    <SVIZ>53,680000</SVIZ>
    <BSP>53,680000</BSP>
    <MALT>52,350000</MALT>
    <XAUS>53,680000</XAUS>
    <XFRA>53,680000</XFRA>
  </Prezzi>
  <Prezzi>
    <Data>20160127</Data>
    <Mercato>MGP</Mercato>
    <Ora>11</Ora>
    <PUN>49,012590</PUN>
    <NAT>50,200000</NAT>
    <CNOR>42,870000</CNOR>
    <CSUD>42,870000</CSUD>
    <NORD>53,100000</NORD>
    <SARD>42,870000</SARD>
    <SICI>45,420000</SICI>
    <SUD>39,220000</SUD>
    <AUST>53,100000</AUST>
    <BRNN>39,220000</BRNN>
    <COAC>42,870000</COAC>
    <CORS>42,870000</CORS>
    <FOGN>39,220000</FOGN>
    <FRAN>53,100000</FRAN>
    <GREC>39,220000</GREC>
    <MFTV>53,100000</MFTV>
    <PRGP>45,420000</PRGP>
    <ROSN>39,220000</ROSN>
    <SLOV>53,100000</SLOV>
    <SVIZ>53,100000</SVIZ>
    <BSP>53,100000</BSP>
    <MALT>45,420000</MALT>
    <XAUS>53,100000</XAUS>
    <XFRA>53,100000</XFRA>
  </Prezzi>
  <Prezzi>
    <Data>20160127</Data>
    <Mercato>MGP</Mercato>
    <Ora>12</Ora>
    <PUN>48,520000</PUN>
    <NAT>48,720000</NAT>
    <CNOR>45,990000</CNOR>
    <CSUD>45,990000</CSUD>
    <NORD>51,480300</NORD>
    <SARD>45,990000</SARD>
    <SICI>45,420000</SICI>
    <SUD>37,600000</SUD>
    <AUST>51,480300</AUST>
    <BRNN>37,600000</BRNN>
    <COAC>45,990000</COAC>
    <CORS>45,990000</CORS>
    <FOGN>37,600000</FOGN>
    <FRAN>51,480300</FRAN>
    <GREC>37,600000</GREC>
    <MFTV>51,480300</MFTV>
    <PRGP>45,420000</PRGP>
    <ROSN>37,600000</ROSN>
    <SLOV>51,480300</SLOV>
    <SVIZ>51,480300</SVIZ>
    <BSP>51,480300</BSP>
    <MALT>45,420000</MALT>
    <XAUS>51,480300</XAUS>
    <XFRA>51,480300</XFRA>
  </Prezzi>
  <Prezzi>
    <Data>20160127</Data>
    <Mercato>MGP</Mercato>
    <Ora>13</Ora>
    <PUN>43,909560</PUN>
    <NAT>44,790000</NAT>
    <CNOR>39,000000</CNOR>
    <CSUD>39,000000</CSUD>
    <NORD>47,200000</NORD>
    <SARD>39,000000</SARD>
    <SICI>43,470000</SICI>
    <SUD>36,210000</SUD>
    <AUST>47,200000</AUST>
    <BRNN>36,210000</BRNN>
    <COAC>39,000000</COAC>
    <CORS>39,000000</CORS>
    <FOGN>36,210000</FOGN>
    <FRAN>47,200000</FRAN>
    <GREC>36,210000</GREC>
    <MFTV>47,200000</MFTV>
    <PRGP>43,470000</PRGP>
    <ROSN>36,210000</ROSN>
    <SLOV>47,200000</SLOV>
    <SVIZ>47,200000</SVIZ>
    <BSP>47,200000</BSP>
    <MALT>43,470000</MALT>
    <XAUS>47,200000</XAUS>
    <XFRA>47,200000</XFRA>
  </Prezzi>
  <Prezzi>
    <Data>20160127</Data>
    <Mercato>MGP</Mercato>
    <Ora>14</Ora>
    <PUN>43,468810</PUN>
    <NAT>43,090000</NAT>
    <CNOR>39,900000</CNOR>
    <CSUD>39,900000</CSUD>
    <NORD>46,010000</NORD>
    <SARD>39,900000</SARD>
    <SICI>43,470000</SICI>
    <SUD>36,260000</SUD>
    <AUST>46,010000</AUST>
    <BRNN>36,260000</BRNN>
    <COAC>39,900000</COAC>
    <CORS>39,900000</CORS>
    <FOGN>36,260000</FOGN>
    <FRAN>46,010000</FRAN>
    <GREC>36,260000</GREC>
    <MFTV>46,010000</MFTV>
    <PRGP>43,470000</PRGP>
    <ROSN>36,260000</ROSN>
    <SLOV>46,010000</SLOV>
    <SVIZ>46,010000</SVIZ>
    <BSP>46,010000</BSP>
    <MALT>43,470000</MALT>
    <XAUS>46,010000</XAUS>
    <XFRA>46,010000</XFRA>
  </Prezzi>
  <Prezzi>
    <Data>20160127</Data>
    <Mercato>MGP</Mercato>
    <Ora>15</Ora>
    <PUN>46,442180</PUN>
    <NAT>46,280000</NAT>
    <CNOR>40,640000</CNOR>
    <CSUD>40,640000</CSUD>
    <NORD>50,100000</NORD>
    <SARD>40,640000</SARD>
    <SICI>45,420000</SICI>
    <SUD>37,600000</SUD>
    <AUST>50,100000</AUST>
    <BRNN>37,600000</BRNN>
    <COAC>40,640000</COAC>
    <CORS>40,640000</CORS>
    <FOGN>37,600000</FOGN>
    <FRAN>50,100000</FRAN>
    <GREC>37,600000</GREC>
    <MFTV>50,100000</MFTV>
    <PRGP>45,420000</PRGP>
    <ROSN>37,600000</ROSN>
    <SLOV>50,100000</SLOV>
    <SVIZ>50,100000</SVIZ>
    <BSP>50,100000</BSP>
    <MALT>45,420000</MALT>
    <XAUS>50,100000</XAUS>
    <XFRA>50,100000</XFRA>
  </Prezzi>
  <Prezzi>
    <Data>20160127</Data>
    <Mercato>MGP</Mercato>
    <Ora>16</Ora>
    <PUN>49,701910</PUN>
    <NAT>50,580000</NAT>
    <CNOR>44,990000</CNOR>
    <CSUD>44,990000</CSUD>
    <NORD>52,530000</NORD>
    <SARD>44,990000</SARD>
    <SICI>55,110000</SICI>
    <SUD>40,540000</SUD>
    <AUST>52,530000</AUST>
    <BRNN>40,540000</BRNN>
    <COAC>44,990000</COAC>
    <CORS>44,990000</CORS>
    <FOGN>40,540000</FOGN>
    <FRAN>52,530000</FRAN>
    <GREC>40,540000</GREC>
    <MFTV>52,530000</MFTV>
    <PRGP>55,110000</PRGP>
    <ROSN>40,540000</ROSN>
    <SLOV>52,530000</SLOV>
    <SVIZ>52,530000</SVIZ>
    <BSP>52,530000</BSP>
    <MALT>55,110000</MALT>
    <XAUS>52,530000</XAUS>
    <XFRA>52,530000</XFRA>
  </Prezzi>
  <Prezzi>
    <Data>20160127</Data>
    <Mercato>MGP</Mercato>
    <Ora>17</Ora>
    <PUN>52,561580</PUN>
    <NAT>52,930000</NAT>
    <CNOR>53,150000</CNOR>
    <CSUD>53,150000</CSUD>
    <NORD>53,150000</NORD>
    <SARD>53,150000</SARD>
    <SICI>55,110000</SICI>
    <SUD>46,120000</SUD>
    <AUST>53,150000</AUST>
    <BRNN>46,120000</BRNN>
    <COAC>53,150000</COAC>
    <CORS>53,150000</CORS>
    <FOGN>46,120000</FOGN>
    <FRAN>53,150000</FRAN>
    <GREC>46,120000</GREC>
    <MFTV>53,150000</MFTV>
    <PRGP>55,110000</PRGP>
    <ROSN>46,120000</ROSN>
    <SLOV>53,150000</SLOV>
    <SVIZ>53,150000</SVIZ>
    <BSP>53,150000</BSP>
    <MALT>55,110000</MALT>
    <XAUS>53,150000</XAUS>
    <XFRA>53,150000</XFRA>
  </Prezzi>
  <Prezzi>
    <Data>20160127</Data>
    <Mercato>MGP</Mercato>
    <Ora>18</Ora>
    <PUN>57,961250</PUN>
    <NAT>56,900000</NAT>
    <CNOR>58,410000</CNOR>
    <CSUD>58,410000</CSUD>
    <NORD>58,410000</NORD>
    <SARD>58,410000</SARD>
    <SICI>55,920000</SICI>
    <SUD>55,530000</SUD>
    <AUST>58,410000</AUST>
    <BRNN>55,530000</BRNN>
    <COAC>58,410000</COAC>
    <CORS>58,410000</CORS>
    <FOGN>55,530000</FOGN>
    <FRAN>58,410000</FRAN>
    <GREC>55,530000</GREC>
    <MFTV>58,410000</MFTV>
    <PRGP>55,920000</PRGP>
    <ROSN>54,010000</ROSN>
    <SLOV>58,410000</SLOV>
    <SVIZ>58,410000</SVIZ>
    <BSP>58,410000</BSP>
    <MALT>55,920000</MALT>
    <XAUS>58,410000</XAUS>
    <XFRA>58,410000</XFRA>
  </Prezzi>
  <Prezzi>
    <Data>20160127</Data>
    <Mercato>MGP</Mercato>
    <Ora>19</Ora>
    <PUN>57,370160</PUN>
    <NAT>56,970000</NAT>
    <CNOR>57,460000</CNOR>
    <CSUD>57,460000</CSUD>
    <NORD>57,460000</NORD>
    <SARD>57,460000</SARD>
    <SICI>55,920000</SICI>
    <SUD>57,460000</SUD>
    <AUST>57,460000</AUST>
    <BRNN>57,460000</BRNN>
    <COAC>57,460000</COAC>
    <CORS>57,460000</CORS>
    <FOGN>57,460000</FOGN>
    <FRAN>57,460000</FRAN>
    <GREC>57,460000</GREC>
    <MFTV>57,460000</MFTV>
    <PRGP>55,920000</PRGP>
    <ROSN>54,010000</ROSN>
    <SLOV>57,460000</SLOV>
    <SVIZ>57,460000</SVIZ>
    <BSP>57,460000</BSP>
    <MALT>55,920000</MALT>
    <XAUS>57,460000</XAUS>
    <XFRA>57,460000</XFRA>
  </Prezzi>
  <Prezzi>
    <Data>20160127</Data>
    <Mercato>MGP</Mercato>
    <Ora>20</Ora>
    <PUN>55,798240</PUN>
    <NAT>55,790000</NAT>
    <CNOR>55,790000</CNOR>
    <CSUD>55,790000</CSUD>
    <NORD>55,790000</NORD>
    <SARD>55,790000</SARD>
    <SICI>55,920000</SICI>
    <SUD>55,790000</SUD>
    <AUST>55,790000</AUST>
    <BRNN>55,790000</BRNN>
    <COAC>55,790000</COAC>
    <CORS>55,790000</CORS>
    <FOGN>55,790000</FOGN>
    <FRAN>55,790000</FRAN>
    <GREC>55,790000</GREC>
    <MFTV>55,790000</MFTV>
    <PRGP>55,920000</PRGP>
    <ROSN>54,010000</ROSN>
    <SLOV>55,790000</SLOV>
    <SVIZ>55,790000</SVIZ>
    <BSP>55,790000</BSP>
    <MALT>55,920000</MALT>
    <XAUS>55,790000</XAUS>
    <XFRA>55,790000</XFRA>
  </Prezzi>
  <Prezzi>
    <Data>20160127</Data>
    <Mercato>MGP</Mercato>
    <Ora>21</Ora>
    <PUN>51,787750</PUN>
    <NAT>52,790000</NAT>
    <CNOR>51,510000</CNOR>
    <CSUD>51,510000</CSUD>
    <NORD>51,510000</NORD>
    <SARD>51,510000</SARD>
    <SICI>55,920000</SICI>
    <SUD>51,510000</SUD>
    <AUST>51,510000</AUST>
    <BRNN>51,510000</BRNN>
    <COAC>51,510000</COAC>
    <CORS>51,510000</CORS>
    <FOGN>51,510000</FOGN>
    <FRAN>51,510000</FRAN>
    <GREC>51,510000</GREC>
    <MFTV>51,510000</MFTV>
    <PRGP>55,920000</PRGP>
    <ROSN>51,510000</ROSN>
    <SLOV>51,510000</SLOV>
    <SVIZ>51,510000</SVIZ>
    <BSP>51,510000</BSP>
    <MALT>55,920000</MALT>
    <XAUS>51,510000</XAUS>
    <XFRA>51,510000</XFRA>
  </Prezzi>
  <Prezzi>
    <Data>20160127</Data>
    <Mercato>MGP</Mercato>
    <Ora>22</Ora>
    <PUN>48,471320</PUN>
    <NAT>49,140000</NAT>
    <CNOR>48,030000</CNOR>
    <CSUD>48,030000</CSUD>
    <NORD>48,030000</NORD>
    <SARD>48,030000</SARD>
    <SICI>55,240000</SICI>
    <SUD>48,030000</SUD>
    <AUST>48,030000</AUST>
    <BRNN>48,030000</BRNN>
    <COAC>48,030000</COAC>
    <CORS>48,030000</CORS>
    <FOGN>48,030000</FOGN>
    <FRAN>48,030000</FRAN>
    <GREC>48,030000</GREC>
    <MFTV>48,030000</MFTV>
    <PRGP>55,240000</PRGP>
    <ROSN>48,030000</ROSN>
    <SLOV>48,030000</SLOV>
    <SVIZ>48,030000</SVIZ>
    <BSP>48,030000</BSP>
    <MALT>55,240000</MALT>
    <XAUS>48,030000</XAUS>
    <XFRA>48,030000</XFRA>
  </Prezzi>
  <Prezzi>
    <Data>20160127</Data>
    <Mercato>MGP</Mercato>
    <Ora>23</Ora>
    <PUN>45,619920</PUN>
    <NAT>45,990000</NAT>
    <CNOR>45,000000</CNOR>
    <CSUD>45,000000</CSUD>
    <NORD>45,000000</NORD>
    <SARD>45,000000</SARD>
    <SICI>55,240000</SICI>
    <SUD>45,000000</SUD>
    <AUST>45,000000</AUST>
    <BRNN>45,000000</BRNN>
    <COAC>45,000000</COAC>
    <CORS>45,000000</CORS>
    <FOGN>45,000000</FOGN>
    <FRAN>45,000000</FRAN>
    <GREC>45,000000</GREC>
    <MFTV>45,000000</MFTV>
    <PRGP>55,240000</PRGP>
    <ROSN>40,000000</ROSN>
    <SLOV>45,000000</SLOV>
    <SVIZ>45,000000</SVIZ>
    <BSP>45,000000</BSP>
    <MALT>55,240000</MALT>
    <XAUS>45,000000</XAUS>
    <XFRA>45,000000</XFRA>
  </Prezzi>
  <Prezzi>
    <Data>20160127</Data>
    <Mercato>MGP</Mercato>
    <Ora>24</Ora>
    <PUN>42,655490</PUN>
    <NAT>42,550000</NAT>
    <CNOR>42,000000</CNOR>
    <CSUD>42,000000</CSUD>
    <NORD>42,000000</NORD>
    <SARD>42,000000</SARD>
    <SICI>53,390000</SICI>
    <SUD>42,000000</SUD>
    <AUST>42,000000</AUST>
    <BRNN>42,000000</BRNN>
    <COAC>42,000000</COAC>
    <CORS>42,000000</CORS>
    <FOGN>42,000000</FOGN>
    <FRAN>42,000000</FRAN>
    <GREC>42,000000</GREC>
    <MFTV>42,000000</MFTV>
    <PRGP>53,390000</PRGP>
    <ROSN>42,000000</ROSN>
    <SLOV>42,000000</SLOV>
    <SVIZ>42,000000</SVIZ>
    <BSP>42,000000</BSP>
    <MALT>53,390000</MALT>
    <XAUS>42,000000</XAUS>
    <XFRA>42,000000</XFRA>
  </Prezzi>
</NewDataSet>