<?xml version="1.0" standalone="yes"?>
<NewDataSet>
  <xs:schema id="NewDataSet" xmlns="" xmlns:xs="http://www.w3.org/2001/XMLSchema" xmlns:msdata="urn:schemas-microsoft-com:xml-msdata">
    <xs:element name="NewDataSet" msdata:IsDataSet="true" msdata:UseCurrentLocale="true">
      <xs:complexType>
        <xs:choice minOccurs="0" maxOccurs="unbounded">
          <xs:element name="Prezzi">
            <xs:complexType>
              <xs:sequence>
                <xs:element name="Data" type="xs:string" minOccurs="0" />
                <xs:element name="Mercato" type="xs:string" minOccurs="0" />
                <xs:element name="Ora" type="xs:string" minOccurs="0" />
                <xs:element name="PUN" type="xs:string" minOccurs="0" />
                <xs:element name="NAT" type="xs:string" minOccurs="0" />
                <xs:element name="CNOR" type="xs:string" minOccurs="0" />
                <xs:element name="CSUD" type="xs:string" minOccurs="0" />
                <xs:element name="NORD" type="xs:string" minOccurs="0" />
                <xs:element name="SARD" type="xs:string" minOccurs="0" />
                <xs:element name="SICI" type="xs:string" minOccurs="0" />
                <xs:element name="SUD" type="xs:string" minOccurs="0" />
                <xs:element name="AUST" type="xs:string" minOccurs="0" />
                <xs:element name="BRNN" type="xs:string" minOccurs="0" />
                <xs:element name="COAC" type="xs:string" minOccurs="0" />
                <xs:element name="CORS" type="xs:string" minOccurs="0" />
                <xs:element name="FOGN" type="xs:string" minOccurs="0" />
                <xs:element name="FRAN" type="xs:string" minOccurs="0" />
                <xs:element name="GREC" type="xs:string" minOccurs="0" />
                <xs:element name="MFTV" type="xs:string" minOccurs="0" />
                <xs:element name="PRGP" type="xs:string" minOccurs="0" />
                <xs:element name="ROSN" type="xs:string" minOccurs="0" />
                <xs:element name="SLOV" type="xs:string" minOccurs="0" />
                <xs:element name="SVIZ" type="xs:string" minOccurs="0" />
                <xs:element name="BSP" type="xs:string" minOccurs="0" />
                <xs:element name="MALT" type="xs:string" minOccurs="0" />
                <xs:element name="XAUS" type="xs:string" minOccurs="0" />
                <xs:element name="XFRA" type="xs:string" minOccurs="0" />
              </xs:sequence>
            </xs:complexType>
          </xs:element>
        </xs:choice>
      </xs:complexType>
    </xs:element>
  </xs:schema>
  <Prezzi>
    <Data>20160116</Data>
    <Mercato>MGP</Mercato>
    <Ora>1</Ora>
    <PUN>42,692220</PUN>
    <NAT>42,090000</NAT>
    <CNOR>42,030000</CNOR>
    <CSUD>42,030000</CSUD>
    <NORD>42,030000</NORD>
    <SARD>42,030000</SARD>
    <SICI>53,380000</SICI>
    <SUD>42,030000</SUD>
    <AUST>42,030000</AUST>
    <BRNN>42,030000</BRNN>
    <COAC>42,030000</COAC>
    <CORS>42,030000</CORS>
    <FOGN>42,030000</FOGN>
    <FRAN>42,030000</FRAN>
    <GREC>42,030000</GREC>
    <MFTV>42,030000</MFTV>
    <PRGP>53,380000</PRGP>
    <ROSN>42,030000</ROSN>
    <SLOV>42,030000</SLOV>
    <SVIZ>42,030000</SVIZ>
    <BSP>42,030000</BSP>
    <MALT>53,380000</MALT>
    <XAUS>42,030000</XAUS>
    <XFRA>42,030000</XFRA>
  </Prezzi>
  <Prezzi>
    <Data>20160116</Data>
    <Mercato>MGP</Mercato>
    <Ora>2</Ora>
    <PUN>41,748250</PUN>
    <NAT>41,280000</NAT>
    <CNOR>41,280000</CNOR>
    <CSUD>41,280000</CSUD>
    <NORD>41,280000</NORD>
    <SARD>41,280000</SARD>
    <SICI>49,990000</SICI>
    <SUD>41,280000</SUD>
    <AUST>41,280000</AUST>
    <BRNN>41,280000</BRNN>
    <COAC>41,280000</COAC>
    <CORS>41,280000</CORS>
    <FOGN>41,280000</FOGN>
    <FRAN>41,280000</FRAN>
    <GREC>41,280000</GREC>
    <MFTV>41,280000</MFTV>
    <PRGP>49,990000</PRGP>
    <ROSN>41,280000</ROSN>
    <SLOV>41,280000</SLOV>
    <SVIZ>41,280000</SVIZ>
    <BSP>41,280000</BSP>
    <MALT>49,990000</MALT>
    <XAUS>41,280000</XAUS>
    <XFRA>41,280000</XFRA>
  </Prezzi>
  <Prezzi>
    <Data>20160116</Data>
    <Mercato>MGP</Mercato>
    <Ora>3</Ora>
    <PUN>39,030000</PUN>
    <NAT>39,030000</NAT>
    <CNOR>39,030000</CNOR>
    <CSUD>39,030000</CSUD>
    <NORD>39,030000</NORD>
    <SARD>39,030000</SARD>
    <SICI>39,030000</SICI>
    <SUD>39,030000</SUD>
    <AUST>39,030000</AUST>
    <BRNN>39,030000</BRNN>
    <COAC>39,030000</COAC>
    <CORS>39,030000</CORS>
    <FOGN>39,030000</FOGN>
    <FRAN>39,030000</FRAN>
    <GREC>39,030000</GREC>
    <MFTV>39,030000</MFTV>
    <PRGP>39,030000</PRGP>
    <ROSN>39,030000</ROSN>
    <SLOV>39,030000</SLOV>
    <SVIZ>39,030000</SVIZ>
    <BSP>39,030000</BSP>
    <MALT>39,030000</MALT>
    <XAUS>39,030000</XAUS>
    <XFRA>39,030000</XFRA>
  </Prezzi>
  <Prezzi>
    <Data>20160116</Data>
    <Mercato>MGP</Mercato>
    <Ora>4</Ora>
    <PUN>38,800000</PUN>
    <NAT>38,800000</NAT>
    <CNOR>38,800000</CNOR>
    <CSUD>38,800000</CSUD>
    <NORD>38,800000</NORD>
    <SARD>38,800000</SARD>
    <SICI>38,800000</SICI>
    <SUD>38,800000</SUD>
    <AUST>38,800000</AUST>
    <BRNN>38,800000</BRNN>
    <COAC>38,800000</COAC>
    <CORS>38,800000</CORS>
    <FOGN>38,800000</FOGN>
    <FRAN>38,800000</FRAN>
    <GREC>38,800000</GREC>
    <MFTV>38,800000</MFTV>
    <PRGP>38,800000</PRGP>
    <ROSN>38,800000</ROSN>
    <SLOV>38,800000</SLOV>
    <SVIZ>38,800000</SVIZ>
    <BSP>38,800000</BSP>
    <MALT>38,800000</MALT>
    <XAUS>38,800000</XAUS>
    <XFRA>38,800000</XFRA>
  </Prezzi>
  <Prezzi>
    <Data>20160116</Data>
    <Mercato>MGP</Mercato>
    <Ora>5</Ora>
    <PUN>37,220000</PUN>
    <NAT>37,220000</NAT>
    <CNOR>37,220000</CNOR>
    <CSUD>37,220000</CSUD>
    <NORD>37,220000</NORD>
    <SARD>37,220000</SARD>
    <SICI>37,220000</SICI>
    <SUD>37,220000</SUD>
    <AUST>37,220000</AUST>
    <BRNN>37,220000</BRNN>
    <COAC>37,220000</COAC>
    <CORS>37,220000</CORS>
    <FOGN>37,220000</FOGN>
    <FRAN>37,220000</FRAN>
    <GREC>37,220000</GREC>
    <MFTV>37,220000</MFTV>
    <PRGP>37,220000</PRGP>
    <ROSN>37,220000</ROSN>
    <SLOV>37,220000</SLOV>
    <SVIZ>37,220000</SVIZ>
    <BSP>37,220000</BSP>
    <MALT>37,220000</MALT>
    <XAUS>37,220000</XAUS>
    <XFRA>37,220000</XFRA>
  </Prezzi>
  <Prezzi>
    <Data>20160116</Data>
    <Mercato>MGP</Mercato>
    <Ora>6</Ora>
    <PUN>37,100000</PUN>
    <NAT>37,100000</NAT>
    <CNOR>37,100000</CNOR>
    <CSUD>37,100000</CSUD>
    <NORD>37,100000</NORD>
    <SARD>37,100000</SARD>
    <SICI>37,100000</SICI>
    <SUD>37,100000</SUD>
    <AUST>37,100000</AUST>
    <BRNN>37,100000</BRNN>
    <COAC>37,100000</COAC>
    <CORS>37,100000</CORS>
    <FOGN>37,100000</FOGN>
    <FRAN>37,100000</FRAN>
    <GREC>37,100000</GREC>
    <MFTV>37,100000</MFTV>
    <PRGP>37,100000</PRGP>
    <ROSN>37,100000</ROSN>
    <SLOV>37,100000</SLOV>
    <SVIZ>37,100000</SVIZ>
    <BSP>37,100000</BSP>
    <MALT>37,100000</MALT>
    <XAUS>37,100000</XAUS>
    <XFRA>37,100000</XFRA>
  </Prezzi>
  <Prezzi>
    <Data>20160116</Data>
    <Mercato>MGP</Mercato>
    <Ora>7</Ora>
    <PUN>41,550000</PUN>
    <NAT>41,550000</NAT>
    <CNOR>41,550000</CNOR>
    <CSUD>41,550000</CSUD>
    <NORD>41,550000</NORD>
    <SARD>41,550000</SARD>
    <SICI>41,550000</SICI>
    <SUD>41,550000</SUD>
    <AUST>41,550000</AUST>
    <BRNN>41,550000</BRNN>
    <COAC>41,550000</COAC>
    <CORS>41,550000</CORS>
    <FOGN>41,550000</FOGN>
    <FRAN>41,550000</FRAN>
    <GREC>41,550000</GREC>
    <MFTV>41,550000</MFTV>
    <PRGP>41,550000</PRGP>
    <ROSN>41,550000</ROSN>
    <SLOV>41,550000</SLOV>
    <SVIZ>41,550000</SVIZ>
    <BSP>41,550000</BSP>
    <MALT>41,550000</MALT>
    <XAUS>41,550000</XAUS>
    <XFRA>41,550000</XFRA>
  </Prezzi>
  <Prezzi>
    <Data>20160116</Data>
    <Mercato>MGP</Mercato>
    <Ora>8</Ora>
    <PUN>46,050050</PUN>
    <NAT>45,920000</NAT>
    <CNOR>46,000000</CNOR>
    <CSUD>46,000000</CSUD>
    <NORD>46,000000</NORD>
    <SARD>46,000000</SARD>
    <SICI>52,520000</SICI>
    <SUD>43,220000</SUD>
    <AUST>46,000000</AUST>
    <BRNN>43,220000</BRNN>
    <COAC>46,000000</COAC>
    <CORS>46,000000</CORS>
    <FOGN>43,220000</FOGN>
    <FRAN>46,000000</FRAN>
    <GREC>43,220000</GREC>
    <MFTV>46,000000</MFTV>
    <PRGP>52,520000</PRGP>
    <ROSN>42,480000</ROSN>
    <SLOV>46,000000</SLOV>
    <SVIZ>46,000000</SVIZ>
    <BSP>46,000000</BSP>
    <MALT>52,520000</MALT>
    <XAUS>46,000000</XAUS>
    <XFRA>46,000000</XFRA>
  </Prezzi>
  <Prezzi>
    <Data>20160116</Data>
    <Mercato>MGP</Mercato>
    <Ora>9</Ora>
    <PUN>49,329570</PUN>
    <NAT>49,710000</NAT>
    <CNOR>50,000000</CNOR>
    <CSUD>50,000000</CSUD>
    <NORD>50,000000</NORD>
    <SARD>50,000000</SARD>
    <SICI>53,380000</SICI>
    <SUD>42,030000</SUD>
    <AUST>50,000000</AUST>
    <BRNN>42,030000</BRNN>
    <COAC>50,000000</COAC>
    <CORS>50,000000</CORS>
    <FOGN>42,030000</FOGN>
    <FRAN>50,000000</FRAN>
    <GREC>42,030000</GREC>
    <MFTV>50,000000</MFTV>
    <PRGP>53,380000</PRGP>
    <ROSN>42,030000</ROSN>
    <SLOV>50,000000</SLOV>
    <SVIZ>50,000000</SVIZ>
    <BSP>50,000000</BSP>
    <MALT>53,380000</MALT>
    <XAUS>50,000000</XAUS>
    <XFRA>50,000000</XFRA>
  </Prezzi>
  <Prezzi>
    <Data>20160116</Data>
    <Mercato>MGP</Mercato>
    <Ora>10</Ora>
    <PUN>52,356830</PUN>
    <NAT>51,000000</NAT>
    <CNOR>53,600000</CNOR>
    <CSUD>53,600000</CSUD>
    <NORD>53,600000</NORD>
    <SARD>53,600000</SARD>
    <SICI>53,380000</SICI>
    <SUD>42,030000</SUD>
    <AUST>53,600000</AUST>
    <BRNN>42,030000</BRNN>
    <COAC>53,600000</COAC>
    <CORS>53,600000</CORS>
    <FOGN>42,030000</FOGN>
    <FRAN>53,600000</FRAN>
    <GREC>42,030000</GREC>
    <MFTV>53,600000</MFTV>
    <PRGP>53,380000</PRGP>
    <ROSN>42,030000</ROSN>
    <SLOV>53,600000</SLOV>
    <SVIZ>53,600000</SVIZ>
    <BSP>53,600000</BSP>
    <MALT>53,380000</MALT>
    <XAUS>53,600000</XAUS>
    <XFRA>53,600000</XFRA>
  </Prezzi>
  <Prezzi>
    <Data>20160116</Data>
    <Mercato>MGP</Mercato>
    <Ora>11</Ora>
    <PUN>49,430950</PUN>
    <NAT>49,990000</NAT>
    <CNOR>50,100000</CNOR>
    <CSUD>50,100000</CSUD>
    <NORD>50,100000</NORD>
    <SARD>50,100000</SARD>
    <SICI>53,380000</SICI>
    <SUD>42,030000</SUD>
    <AUST>50,100000</AUST>
    <BRNN>42,030000</BRNN>
    <COAC>50,100000</COAC>
    <CORS>50,100000</CORS>
    <FOGN>42,030000</FOGN>
    <FRAN>50,100000</FRAN>
    <GREC>42,030000</GREC>
    <MFTV>50,100000</MFTV>
    <PRGP>53,380000</PRGP>
    <ROSN>42,030000</ROSN>
    <SLOV>50,100000</SLOV>
    <SVIZ>50,100000</SVIZ>
    <BSP>50,100000</BSP>
    <MALT>53,380000</MALT>
    <XAUS>50,100000</XAUS>
    <XFRA>50,100000</XFRA>
  </Prezzi>
  <Prezzi>
    <Data>20160116</Data>
    <Mercato>MGP</Mercato>
    <Ora>12</Ora>
    <PUN>44,138280</PUN>
    <NAT>41,950000</NAT>
    <CNOR>45,000000</CNOR>
    <CSUD>45,000000</CSUD>
    <NORD>45,000000</NORD>
    <SARD>45,000000</SARD>
    <SICI>39,560000</SICI>
    <SUD>39,560000</SUD>
    <AUST>45,000000</AUST>
    <BRNN>39,560000</BRNN>
    <COAC>45,000000</COAC>
    <CORS>45,000000</CORS>
    <FOGN>39,560000</FOGN>
    <FRAN>45,000000</FRAN>
    <GREC>39,560000</GREC>
    <MFTV>45,000000</MFTV>
    <PRGP>39,560000</PRGP>
    <ROSN>39,560000</ROSN>
    <SLOV>45,000000</SLOV>
    <SVIZ>45,000000</SVIZ>
    <BSP>45,000000</BSP>
    <MALT>39,560000</MALT>
    <XAUS>45,000000</XAUS>
    <XFRA>45,000000</XFRA>
  </Prezzi>
  <Prezzi>
    <Data>20160116</Data>
    <Mercato>MGP</Mercato>
    <Ora>13</Ora>
    <PUN>40,596420</PUN>
    <NAT>40,560000</NAT>
    <CNOR>41,400000</CNOR>
    <CSUD>41,400000</CSUD>
    <NORD>41,400000</NORD>
    <SARD>41,400000</SARD>
    <SICI>38,490000</SICI>
    <SUD>35,440000</SUD>
    <AUST>41,400000</AUST>
    <BRNN>35,440000</BRNN>
    <COAC>41,400000</COAC>
    <CORS>41,400000</CORS>
    <FOGN>35,440000</FOGN>
    <FRAN>41,400000</FRAN>
    <GREC>35,440000</GREC>
    <MFTV>41,400000</MFTV>
    <PRGP>38,490000</PRGP>
    <ROSN>35,440000</ROSN>
    <SLOV>41,400000</SLOV>
    <SVIZ>41,400000</SVIZ>
    <BSP>41,400000</BSP>
    <MALT>38,490000</MALT>
    <XAUS>41,400000</XAUS>
    <XFRA>41,400000</XFRA>
  </Prezzi>
  <Prezzi>
    <Data>20160116</Data>
    <Mercato>MGP</Mercato>
    <Ora>14</Ora>
    <PUN>36,815810</PUN>
    <NAT>36,130000</NAT>
    <CNOR>37,540000</CNOR>
    <CSUD>37,540000</CSUD>
    <NORD>37,540000</NORD>
    <SARD>37,540000</SARD>
    <SICI>35,000000</SICI>
    <SUD>32,200000</SUD>
    <AUST>37,540000</AUST>
    <BRNN>32,200000</BRNN>
    <COAC>37,540000</COAC>
    <CORS>37,540000</CORS>
    <FOGN>32,200000</FOGN>
    <FRAN>37,540000</FRAN>
    <GREC>32,200000</GREC>
    <MFTV>37,540000</MFTV>
    <PRGP>35,000000</PRGP>
    <ROSN>32,200000</ROSN>
    <SLOV>37,540000</SLOV>
    <SVIZ>37,540000</SVIZ>
    <BSP>37,540000</BSP>
    <MALT>35,000000</MALT>
    <XAUS>37,540000</XAUS>
    <XFRA>37,540000</XFRA>
  </Prezzi>
  <Prezzi>
    <Data>20160116</Data>
    <Mercato>MGP</Mercato>
    <Ora>15</Ora>
    <PUN>36,227610</PUN>
    <NAT>36,000000</NAT>
    <CNOR>37,080000</CNOR>
    <CSUD>37,080000</CSUD>
    <NORD>37,080000</NORD>
    <SARD>37,080000</SARD>
    <SICI>35,000000</SICI>
    <SUD>30,080000</SUD>
    <AUST>37,080000</AUST>
    <BRNN>30,080000</BRNN>
    <COAC>37,080000</COAC>
    <CORS>37,080000</CORS>
    <FOGN>30,080000</FOGN>
    <FRAN>37,080000</FRAN>
    <GREC>30,080000</GREC>
    <MFTV>37,080000</MFTV>
    <PRGP>35,000000</PRGP>
    <ROSN>30,080000</ROSN>
    <SLOV>37,080000</SLOV>
    <SVIZ>37,080000</SVIZ>
    <BSP>37,080000</BSP>
    <MALT>35,000000</MALT>
    <XAUS>37,080000</XAUS>
    <XFRA>37,080000</XFRA>
  </Prezzi>
  <Prezzi>
    <Data>20160116</Data>
    <Mercato>MGP</Mercato>
    <Ora>16</Ora>
    <PUN>39,673950</PUN>
    <NAT>38,800000</NAT>
    <CNOR>40,690000</CNOR>
    <CSUD>40,690000</CSUD>
    <NORD>40,690000</NORD>
    <SARD>40,690000</SARD>
    <SICI>37,480000</SICI>
    <SUD>32,810000</SUD>
    <AUST>40,690000</AUST>
    <BRNN>32,810000</BRNN>
    <COAC>40,690000</COAC>
    <CORS>40,690000</CORS>
    <FOGN>32,810000</FOGN>
    <FRAN>40,690000</FRAN>
    <GREC>32,810000</GREC>
    <MFTV>40,690000</MFTV>
    <PRGP>37,480000</PRGP>
    <ROSN>32,810000</ROSN>
    <SLOV>40,690000</SLOV>
    <SVIZ>40,690000</SVIZ>
    <BSP>40,690000</BSP>
    <MALT>37,480000</MALT>
    <XAUS>40,690000</XAUS>
    <XFRA>40,690000</XFRA>
  </Prezzi>
  <Prezzi>
    <Data>20160116</Data>
    <Mercato>MGP</Mercato>
    <Ora>17</Ora>
    <PUN>42,932300</PUN>
    <NAT>41,670000</NAT>
    <CNOR>42,990000</CNOR>
    <CSUD>42,990000</CSUD>
    <NORD>42,990000</NORD>
    <SARD>42,990000</SARD>
    <SICI>53,380000</SICI>
    <SUD>36,480000</SUD>
    <AUST>42,990000</AUST>
    <BRNN>36,480000</BRNN>
    <COAC>42,990000</COAC>
    <CORS>42,990000</CORS>
    <FOGN>36,480000</FOGN>
    <FRAN>42,990000</FRAN>
    <GREC>36,480000</GREC>
    <MFTV>42,990000</MFTV>
    <PRGP>53,380000</PRGP>
    <ROSN>36,480000</ROSN>
    <SLOV>42,990000</SLOV>
    <SVIZ>42,990000</SVIZ>
    <BSP>42,990000</BSP>
    <MALT>53,380000</MALT>
    <XAUS>42,990000</XAUS>
    <XFRA>42,990000</XFRA>
  </Prezzi>
  <Prezzi>
    <Data>20160116</Data>
    <Mercato>MGP</Mercato>
    <Ora>18</Ora>
    <PUN>52,685020</PUN>
    <NAT>51,500000</NAT>
    <CNOR>54,050000</CNOR>
    <CSUD>54,050000</CSUD>
    <NORD>54,050000</NORD>
    <SARD>54,050000</SARD>
    <SICI>54,110000</SICI>
    <SUD>42,030000</SUD>
    <AUST>54,050000</AUST>
    <BRNN>42,030000</BRNN>
    <COAC>54,050000</COAC>
    <CORS>54,050000</CORS>
    <FOGN>42,030000</FOGN>
    <FRAN>54,050000</FRAN>
    <GREC>42,030000</GREC>
    <MFTV>54,050000</MFTV>
    <PRGP>54,110000</PRGP>
    <ROSN>42,030000</ROSN>
    <SLOV>54,050000</SLOV>
    <SVIZ>54,050000</SVIZ>
    <BSP>54,050000</BSP>
    <MALT>54,110000</MALT>
    <XAUS>54,050000</XAUS>
    <XFRA>54,050000</XFRA>
  </Prezzi>
  <Prezzi>
    <Data>20160116</Data>
    <Mercato>MGP</Mercato>
    <Ora>19</Ora>
    <PUN>52,664030</PUN>
    <NAT>52,000000</NAT>
    <CNOR>53,990000</CNOR>
    <CSUD>53,990000</CSUD>
    <NORD>53,990000</NORD>
    <SARD>53,990000</SARD>
    <SICI>55,110000</SICI>
    <SUD>42,470000</SUD>
    <AUST>53,990000</AUST>
    <BRNN>42,470000</BRNN>
    <COAC>53,990000</COAC>
    <CORS>53,990000</CORS>
    <FOGN>42,470000</FOGN>
    <FRAN>53,990000</FRAN>
    <GREC>42,470000</GREC>
    <MFTV>53,990000</MFTV>
    <PRGP>55,110000</PRGP>
    <ROSN>42,470000</ROSN>
    <SLOV>53,990000</SLOV>
    <SVIZ>53,990000</SVIZ>
    <BSP>53,990000</BSP>
    <MALT>55,110000</MALT>
    <XAUS>53,990000</XAUS>
    <XFRA>53,990000</XFRA>
  </Prezzi>
  <Prezzi>
    <Data>20160116</Data>
    <Mercato>MGP</Mercato>
    <Ora>20</Ora>
    <PUN>53,239810</PUN>
    <NAT>52,520000</NAT>
    <CNOR>54,700000</CNOR>
    <CSUD>54,700000</CSUD>
    <NORD>54,700000</NORD>
    <SARD>54,700000</SARD>
    <SICI>55,110000</SICI>
    <SUD>42,470000</SUD>
    <AUST>54,700000</AUST>
    <BRNN>42,470000</BRNN>
    <COAC>54,700000</COAC>
    <CORS>54,700000</CORS>
    <FOGN>42,470000</FOGN>
    <FRAN>54,700000</FRAN>
    <GREC>42,470000</GREC>
    <MFTV>54,700000</MFTV>
    <PRGP>55,110000</PRGP>
    <ROSN>42,470000</ROSN>
    <SLOV>54,700000</SLOV>
    <SVIZ>54,700000</SVIZ>
    <BSP>54,700000</BSP>
    <MALT>55,110000</MALT>
    <XAUS>54,700000</XAUS>
    <XFRA>54,700000</XFRA>
  </Prezzi>
  <Prezzi>
    <Data>20160116</Data>
    <Mercato>MGP</Mercato>
    <Ora>21</Ora>
    <PUN>47,032220</PUN>
    <NAT>46,990000</NAT>
    <CNOR>46,990000</CNOR>
    <CSUD>46,990000</CSUD>
    <NORD>46,990000</NORD>
    <SARD>46,990000</SARD>
    <SICI>55,110000</SICI>
    <SUD>42,720000</SUD>
    <AUST>46,990000</AUST>
    <BRNN>42,720000</BRNN>
    <COAC>46,990000</COAC>
    <CORS>46,990000</CORS>
    <FOGN>42,720000</FOGN>
    <FRAN>46,990000</FRAN>
    <GREC>42,720000</GREC>
    <MFTV>46,990000</MFTV>
    <PRGP>55,110000</PRGP>
    <ROSN>42,480000</ROSN>
    <SLOV>46,990000</SLOV>
    <SVIZ>46,990000</SVIZ>
    <BSP>46,990000</BSP>
    <MALT>55,110000</MALT>
    <XAUS>46,990000</XAUS>
    <XFRA>46,990000</XFRA>
  </Prezzi>
  <Prezzi>
    <Data>20160116</Data>
    <Mercato>MGP</Mercato>
    <Ora>22</Ora>
    <PUN>42,546990</PUN>
    <NAT>42,030000</NAT>
    <CNOR>41,950000</CNOR>
    <CSUD>41,950000</CSUD>
    <NORD>41,950000</NORD>
    <SARD>41,950000</SARD>
    <SICI>54,110000</SICI>
    <SUD>40,020000</SUD>
    <AUST>41,950000</AUST>
    <BRNN>40,020000</BRNN>
    <COAC>41,950000</COAC>
    <CORS>41,950000</CORS>
    <FOGN>40,020000</FOGN>
    <FRAN>41,950000</FRAN>
    <GREC>40,020000</GREC>
    <MFTV>41,950000</MFTV>
    <PRGP>54,110000</PRGP>
    <ROSN>40,020000</ROSN>
    <SLOV>41,950000</SLOV>
    <SVIZ>41,950000</SVIZ>
    <BSP>41,950000</BSP>
    <MALT>54,110000</MALT>
    <XAUS>41,950000</XAUS>
    <XFRA>41,950000</XFRA>
  </Prezzi>
  <Prezzi>
    <Data>20160116</Data>
    <Mercato>MGP</Mercato>
    <Ora>23</Ora>
    <PUN>41,939170</PUN>
    <NAT>41,350000</NAT>
    <CNOR>41,950000</CNOR>
    <CSUD>41,950000</CSUD>
    <NORD>41,950000</NORD>
    <SARD>41,950000</SARD>
    <SICI>53,380000</SICI>
    <SUD>35,440000</SUD>
    <AUST>41,950000</AUST>
    <BRNN>35,440000</BRNN>
    <COAC>41,950000</COAC>
    <CORS>41,950000</CORS>
    <FOGN>35,440000</FOGN>
    <FRAN>41,950000</FRAN>
    <GREC>35,440000</GREC>
    <MFTV>41,950000</MFTV>
    <PRGP>53,380000</PRGP>
    <ROSN>35,440000</ROSN>
    <SLOV>41,950000</SLOV>
    <SVIZ>41,950000</SVIZ>
    <BSP>41,950000</BSP>
    <MALT>53,380000</MALT>
    <XAUS>41,950000</XAUS>
    <XFRA>41,950000</XFRA>
  </Prezzi>
  <Prezzi>
    <Data>20160116</Data>
    <Mercato>MGP</Mercato>
    <Ora>24</Ora>
    <PUN>39,986660</PUN>
    <NAT>40,000000</NAT>
    <CNOR>41,000000</CNOR>
    <CSUD>41,000000</CSUD>
    <NORD>41,000000</NORD>
    <SARD>41,000000</SARD>
    <SICI>35,440000</SICI>
    <SUD>35,440000</SUD>
    <AUST>41,000000</AUST>
    <BRNN>35,440000</BRNN>
    <COAC>41,000000</COAC>
    <CORS>41,000000</CORS>
    <FOGN>35,440000</FOGN>
    <FRAN>41,000000</FRAN>
    <GREC>35,440000</GREC>
    <MFTV>41,000000</MFTV>
    <PRGP>35,440000</PRGP>
    <ROSN>35,440000</ROSN>
    <SLOV>41,000000</SLOV>
    <SVIZ>41,000000</SVIZ>
    <BSP>41,000000</BSP>
    <MALT>35,440000</MALT>
    <XAUS>41,000000</XAUS>
    <XFRA>41,000000</XFRA>
  </Prezzi>
</NewDataSet>