<?xml version="1.0" standalone="yes"?>
<NewDataSet>
  <xs:schema id="NewDataSet" xmlns="" xmlns:xs="http://www.w3.org/2001/XMLSchema" xmlns:msdata="urn:schemas-microsoft-com:xml-msdata">
    <xs:element name="NewDataSet" msdata:IsDataSet="true" msdata:UseCurrentLocale="true">
      <xs:complexType>
        <xs:choice minOccurs="0" maxOccurs="unbounded">
          <xs:element name="Prezzi">
            <xs:complexType>
              <xs:sequence>
                <xs:element name="Data" type="xs:string" minOccurs="0" />
                <xs:element name="Mercato" type="xs:string" minOccurs="0" />
                <xs:element name="Ora" type="xs:string" minOccurs="0" />
                <xs:element name="PUN" type="xs:string" minOccurs="0" />
                <xs:element name="NAT" type="xs:string" minOccurs="0" />
                <xs:element name="CNOR" type="xs:string" minOccurs="0" />
                <xs:element name="CSUD" type="xs:string" minOccurs="0" />
                <xs:element name="NORD" type="xs:string" minOccurs="0" />
                <xs:element name="SARD" type="xs:string" minOccurs="0" />
                <xs:element name="SICI" type="xs:string" minOccurs="0" />
                <xs:element name="SUD" type="xs:string" minOccurs="0" />
                <xs:element name="AUST" type="xs:string" minOccurs="0" />
                <xs:element name="BRNN" type="xs:string" minOccurs="0" />
                <xs:element name="COAC" type="xs:string" minOccurs="0" />
                <xs:element name="CORS" type="xs:string" minOccurs="0" />
                <xs:element name="FOGN" type="xs:string" minOccurs="0" />
                <xs:element name="FRAN" type="xs:string" minOccurs="0" />
                <xs:element name="GREC" type="xs:string" minOccurs="0" />
                <xs:element name="MFTV" type="xs:string" minOccurs="0" />
                <xs:element name="PRGP" type="xs:string" minOccurs="0" />
                <xs:element name="ROSN" type="xs:string" minOccurs="0" />
                <xs:element name="SLOV" type="xs:string" minOccurs="0" />
                <xs:element name="SVIZ" type="xs:string" minOccurs="0" />
                <xs:element name="BSP" type="xs:string" minOccurs="0" />
                <xs:element name="MALT" type="xs:string" minOccurs="0" />
                <xs:element name="XAUS" type="xs:string" minOccurs="0" />
                <xs:element name="XFRA" type="xs:string" minOccurs="0" />
              </xs:sequence>
            </xs:complexType>
          </xs:element>
        </xs:choice>
      </xs:complexType>
    </xs:element>
  </xs:schema>
  <Prezzi>
    <Data>20160130</Data>
    <Mercato>MGP</Mercato>
    <Ora>1</Ora>
    <PUN>43,664970</PUN>
    <NAT>45,160000</NAT>
    <CNOR>42,990000</CNOR>
    <CSUD>42,990000</CSUD>
    <NORD>42,990000</NORD>
    <SARD>42,990000</SARD>
    <SICI>55,110000</SICI>
    <SUD>42,990000</SUD>
    <AUST>42,990000</AUST>
    <BRNN>42,990000</BRNN>
    <COAC>42,990000</COAC>
    <CORS>42,990000</CORS>
    <FOGN>42,990000</FOGN>
    <FRAN>42,990000</FRAN>
    <GREC>42,990000</GREC>
    <MFTV>42,990000</MFTV>
    <PRGP>55,110000</PRGP>
    <ROSN>42,990000</ROSN>
    <SLOV>42,990000</SLOV>
    <SVIZ>42,990000</SVIZ>
    <BSP>42,990000</BSP>
    <MALT>55,110000</MALT>
    <XAUS>42,990000</XAUS>
    <XFRA>42,990000</XFRA>
  </Prezzi>
  <Prezzi>
    <Data>20160130</Data>
    <Mercato>MGP</Mercato>
    <Ora>2</Ora>
    <PUN>41,704790</PUN>
    <NAT>41,850000</NAT>
    <CNOR>41,450000</CNOR>
    <CSUD>41,450000</CSUD>
    <NORD>41,450000</NORD>
    <SARD>41,450000</SARD>
    <SICI>46,050000</SICI>
    <SUD>41,450000</SUD>
    <AUST>41,450000</AUST>
    <BRNN>41,450000</BRNN>
    <COAC>41,450000</COAC>
    <CORS>41,450000</CORS>
    <FOGN>41,450000</FOGN>
    <FRAN>41,450000</FRAN>
    <GREC>41,450000</GREC>
    <MFTV>41,450000</MFTV>
    <PRGP>46,050000</PRGP>
    <ROSN>41,450000</ROSN>
    <SLOV>41,450000</SLOV>
    <SVIZ>41,450000</SVIZ>
    <BSP>41,450000</BSP>
    <MALT>46,050000</MALT>
    <XAUS>41,450000</XAUS>
    <XFRA>41,450000</XFRA>
  </Prezzi>
  <Prezzi>
    <Data>20160130</Data>
    <Mercato>MGP</Mercato>
    <Ora>3</Ora>
    <PUN>38,816510</PUN>
    <NAT>39,800000</NAT>
    <CNOR>38,440000</CNOR>
    <CSUD>38,440000</CSUD>
    <NORD>38,440000</NORD>
    <SARD>38,440000</SARD>
    <SICI>45,420000</SICI>
    <SUD>38,440000</SUD>
    <AUST>38,440000</AUST>
    <BRNN>38,440000</BRNN>
    <COAC>38,440000</COAC>
    <CORS>38,440000</CORS>
    <FOGN>38,440000</FOGN>
    <FRAN>38,440000</FRAN>
    <GREC>38,440000</GREC>
    <MFTV>38,440000</MFTV>
    <PRGP>45,420000</PRGP>
    <ROSN>38,440000</ROSN>
    <SLOV>38,440000</SLOV>
    <SVIZ>38,440000</SVIZ>
    <BSP>38,440000</BSP>
    <MALT>45,420000</MALT>
    <XAUS>38,440000</XAUS>
    <XFRA>38,440000</XFRA>
  </Prezzi>
  <Prezzi>
    <Data>20160130</Data>
    <Mercato>MGP</Mercato>
    <Ora>4</Ora>
    <PUN>38,435780</PUN>
    <NAT>38,810000</NAT>
    <CNOR>37,990000</CNOR>
    <CSUD>37,990000</CSUD>
    <NORD>37,990000</NORD>
    <SARD>37,990000</SARD>
    <SICI>46,050000</SICI>
    <SUD>37,990000</SUD>
    <AUST>37,990000</AUST>
    <BRNN>37,990000</BRNN>
    <COAC>37,990000</COAC>
    <CORS>37,990000</CORS>
    <FOGN>37,990000</FOGN>
    <FRAN>37,990000</FRAN>
    <GREC>37,990000</GREC>
    <MFTV>37,990000</MFTV>
    <PRGP>46,050000</PRGP>
    <ROSN>37,990000</ROSN>
    <SLOV>37,990000</SLOV>
    <SVIZ>37,990000</SVIZ>
    <BSP>37,990000</BSP>
    <MALT>46,050000</MALT>
    <XAUS>37,990000</XAUS>
    <XFRA>37,990000</XFRA>
  </Prezzi>
  <Prezzi>
    <Data>20160130</Data>
    <Mercato>MGP</Mercato>
    <Ora>5</Ora>
    <PUN>37,740000</PUN>
    <NAT>38,440000</NAT>
    <CNOR>37,264550</CNOR>
    <CSUD>37,264550</CSUD>
    <NORD>37,264550</NORD>
    <SARD>37,264550</SARD>
    <SICI>46,050000</SICI>
    <SUD>37,264550</SUD>
    <AUST>37,264550</AUST>
    <BRNN>37,264550</BRNN>
    <COAC>37,264550</COAC>
    <CORS>37,264550</CORS>
    <FOGN>37,264550</FOGN>
    <FRAN>37,264550</FRAN>
    <GREC>37,264550</GREC>
    <MFTV>37,264550</MFTV>
    <PRGP>46,050000</PRGP>
    <ROSN>37,264550</ROSN>
    <SLOV>37,264550</SLOV>
    <SVIZ>37,264550</SVIZ>
    <BSP>37,264550</BSP>
    <MALT>46,050000</MALT>
    <XAUS>37,264550</XAUS>
    <XFRA>37,264550</XFRA>
  </Prezzi>
  <Prezzi>
    <Data>20160130</Data>
    <Mercato>MGP</Mercato>
    <Ora>6</Ora>
    <PUN>39,201310</PUN>
    <NAT>40,000000</NAT>
    <CNOR>38,800000</CNOR>
    <CSUD>38,800000</CSUD>
    <NORD>38,800000</NORD>
    <SARD>38,800000</SARD>
    <SICI>46,050000</SICI>
    <SUD>38,800000</SUD>
    <AUST>38,800000</AUST>
    <BRNN>38,800000</BRNN>
    <COAC>38,800000</COAC>
    <CORS>38,800000</CORS>
    <FOGN>38,800000</FOGN>
    <FRAN>38,800000</FRAN>
    <GREC>38,800000</GREC>
    <MFTV>38,800000</MFTV>
    <PRGP>46,050000</PRGP>
    <ROSN>38,800000</ROSN>
    <SLOV>38,800000</SLOV>
    <SVIZ>38,800000</SVIZ>
    <BSP>38,800000</BSP>
    <MALT>46,050000</MALT>
    <XAUS>38,800000</XAUS>
    <XFRA>38,800000</XFRA>
  </Prezzi>
  <Prezzi>
    <Data>20160130</Data>
    <Mercato>MGP</Mercato>
    <Ora>7</Ora>
    <PUN>42,170020</PUN>
    <NAT>42,260000</NAT>
    <CNOR>41,950000</CNOR>
    <CSUD>41,950000</CSUD>
    <NORD>41,950000</NORD>
    <SARD>41,950000</SARD>
    <SICI>46,050000</SICI>
    <SUD>41,950000</SUD>
    <AUST>41,950000</AUST>
    <BRNN>41,950000</BRNN>
    <COAC>41,950000</COAC>
    <CORS>41,950000</CORS>
    <FOGN>41,950000</FOGN>
    <FRAN>41,950000</FRAN>
    <GREC>41,950000</GREC>
    <MFTV>41,950000</MFTV>
    <PRGP>46,050000</PRGP>
    <ROSN>41,950000</ROSN>
    <SLOV>41,950000</SLOV>
    <SVIZ>41,950000</SVIZ>
    <BSP>41,950000</BSP>
    <MALT>46,050000</MALT>
    <XAUS>41,950000</XAUS>
    <XFRA>41,950000</XFRA>
  </Prezzi>
  <Prezzi>
    <Data>20160130</Data>
    <Mercato>MGP</Mercato>
    <Ora>8</Ora>
    <PUN>46,470560</PUN>
    <NAT>46,240000</NAT>
    <CNOR>46,000000</CNOR>
    <CSUD>46,000000</CSUD>
    <NORD>46,000000</NORD>
    <SARD>46,000000</SARD>
    <SICI>55,110000</SICI>
    <SUD>46,000000</SUD>
    <AUST>46,000000</AUST>
    <BRNN>46,000000</BRNN>
    <COAC>46,000000</COAC>
    <CORS>46,000000</CORS>
    <FOGN>46,000000</FOGN>
    <FRAN>46,000000</FRAN>
    <GREC>46,000000</GREC>
    <MFTV>46,000000</MFTV>
    <PRGP>55,110000</PRGP>
    <ROSN>46,000000</ROSN>
    <SLOV>46,000000</SLOV>
    <SVIZ>46,000000</SVIZ>
    <BSP>46,000000</BSP>
    <MALT>55,110000</MALT>
    <XAUS>46,000000</XAUS>
    <XFRA>46,000000</XFRA>
  </Prezzi>
  <Prezzi>
    <Data>20160130</Data>
    <Mercato>MGP</Mercato>
    <Ora>9</Ora>
    <PUN>51,224410</PUN>
    <NAT>51,930000</NAT>
    <CNOR>51,000000</CNOR>
    <CSUD>51,000000</CSUD>
    <NORD>51,000000</NORD>
    <SARD>51,000000</SARD>
    <SICI>55,110000</SICI>
    <SUD>51,000000</SUD>
    <AUST>51,000000</AUST>
    <BRNN>51,000000</BRNN>
    <COAC>51,000000</COAC>
    <CORS>51,000000</CORS>
    <FOGN>51,000000</FOGN>
    <FRAN>51,000000</FRAN>
    <GREC>51,000000</GREC>
    <MFTV>51,000000</MFTV>
    <PRGP>55,110000</PRGP>
    <ROSN>51,000000</ROSN>
    <SLOV>51,000000</SLOV>
    <SVIZ>51,000000</SVIZ>
    <BSP>51,000000</BSP>
    <MALT>55,110000</MALT>
    <XAUS>51,000000</XAUS>
    <XFRA>51,000000</XFRA>
  </Prezzi>
  <Prezzi>
    <Data>20160130</Data>
    <Mercato>MGP</Mercato>
    <Ora>10</Ora>
    <PUN>50,500000</PUN>
    <NAT>51,000000</NAT>
    <CNOR>50,327620</CNOR>
    <CSUD>50,327620</CSUD>
    <NORD>50,327620</NORD>
    <SARD>50,327620</SARD>
    <SICI>53,390000</SICI>
    <SUD>50,327620</SUD>
    <AUST>50,327620</AUST>
    <BRNN>50,327620</BRNN>
    <COAC>50,327620</COAC>
    <CORS>50,327620</CORS>
    <FOGN>50,327620</FOGN>
    <FRAN>50,327620</FRAN>
    <GREC>50,327620</GREC>
    <MFTV>50,327620</MFTV>
    <PRGP>53,390000</PRGP>
    <ROSN>50,327620</ROSN>
    <SLOV>50,327620</SLOV>
    <SVIZ>50,327620</SVIZ>
    <BSP>50,327620</BSP>
    <MALT>53,390000</MALT>
    <XAUS>50,327620</XAUS>
    <XFRA>50,327620</XFRA>
  </Prezzi>
  <Prezzi>
    <Data>20160130</Data>
    <Mercato>MGP</Mercato>
    <Ora>11</Ora>
    <PUN>46,459190</PUN>
    <NAT>46,680000</NAT>
    <CNOR>45,000000</CNOR>
    <CSUD>45,000000</CSUD>
    <NORD>47,400000</NORD>
    <SARD>45,000000</SARD>
    <SICI>45,420000</SICI>
    <SUD>45,000000</SUD>
    <AUST>47,400000</AUST>
    <BRNN>45,000000</BRNN>
    <COAC>45,000000</COAC>
    <CORS>45,000000</CORS>
    <FOGN>45,000000</FOGN>
    <FRAN>47,400000</FRAN>
    <GREC>45,000000</GREC>
    <MFTV>47,400000</MFTV>
    <PRGP>45,420000</PRGP>
    <ROSN>45,000000</ROSN>
    <SLOV>47,400000</SLOV>
    <SVIZ>47,400000</SVIZ>
    <BSP>47,400000</BSP>
    <MALT>45,420000</MALT>
    <XAUS>47,400000</XAUS>
    <XFRA>47,400000</XFRA>
  </Prezzi>
  <Prezzi>
    <Data>20160130</Data>
    <Mercato>MGP</Mercato>
    <Ora>12</Ora>
    <PUN>45,584540</PUN>
    <NAT>45,000000</NAT>
    <CNOR>40,000000</CNOR>
    <CSUD>40,000000</CSUD>
    <NORD>49,070000</NORD>
    <SARD>40,000000</SARD>
    <SICI>43,470000</SICI>
    <SUD>40,000000</SUD>
    <AUST>49,070000</AUST>
    <BRNN>40,000000</BRNN>
    <COAC>40,000000</COAC>
    <CORS>40,000000</CORS>
    <FOGN>40,000000</FOGN>
    <FRAN>49,070000</FRAN>
    <GREC>40,000000</GREC>
    <MFTV>49,070000</MFTV>
    <PRGP>43,470000</PRGP>
    <ROSN>40,000000</ROSN>
    <SLOV>49,070000</SLOV>
    <SVIZ>49,070000</SVIZ>
    <BSP>49,070000</BSP>
    <MALT>43,470000</MALT>
    <XAUS>49,070000</XAUS>
    <XFRA>49,070000</XFRA>
  </Prezzi>
  <Prezzi>
    <Data>20160130</Data>
    <Mercato>MGP</Mercato>
    <Ora>13</Ora>
    <PUN>40,746410</PUN>
    <NAT>40,000000</NAT>
    <CNOR>38,260000</CNOR>
    <CSUD>38,260000</CSUD>
    <NORD>42,000000</NORD>
    <SARD>38,260000</SARD>
    <SICI>43,470000</SICI>
    <SUD>38,260000</SUD>
    <AUST>42,000000</AUST>
    <BRNN>38,260000</BRNN>
    <COAC>38,260000</COAC>
    <CORS>38,260000</CORS>
    <FOGN>38,260000</FOGN>
    <FRAN>42,000000</FRAN>
    <GREC>38,260000</GREC>
    <MFTV>42,000000</MFTV>
    <PRGP>43,470000</PRGP>
    <ROSN>38,260000</ROSN>
    <SLOV>42,000000</SLOV>
    <SVIZ>42,000000</SVIZ>
    <BSP>42,000000</BSP>
    <MALT>43,470000</MALT>
    <XAUS>42,000000</XAUS>
    <XFRA>42,000000</XFRA>
  </Prezzi>
  <Prezzi>
    <Data>20160130</Data>
    <Mercato>MGP</Mercato>
    <Ora>14</Ora>
    <PUN>38,635950</PUN>
    <NAT>38,100000</NAT>
    <CNOR>36,910000</CNOR>
    <CSUD>36,910000</CSUD>
    <NORD>39,560000</NORD>
    <SARD>36,910000</SARD>
    <SICI>40,000000</SICI>
    <SUD>36,910000</SUD>
    <AUST>39,560000</AUST>
    <BRNN>36,910000</BRNN>
    <COAC>36,910000</COAC>
    <CORS>36,910000</CORS>
    <FOGN>36,910000</FOGN>
    <FRAN>39,560000</FRAN>
    <GREC>36,910000</GREC>
    <MFTV>39,560000</MFTV>
    <PRGP>40,000000</PRGP>
    <ROSN>36,910000</ROSN>
    <SLOV>39,560000</SLOV>
    <SVIZ>39,560000</SVIZ>
    <BSP>39,560000</BSP>
    <MALT>40,000000</MALT>
    <XAUS>39,560000</XAUS>
    <XFRA>39,560000</XFRA>
  </Prezzi>
  <Prezzi>
    <Data>20160130</Data>
    <Mercato>MGP</Mercato>
    <Ora>15</Ora>
    <PUN>39,025390</PUN>
    <NAT>38,590000</NAT>
    <CNOR>38,330000</CNOR>
    <CSUD>38,330000</CSUD>
    <NORD>39,000000</NORD>
    <SARD>38,330000</SARD>
    <SICI>43,470000</SICI>
    <SUD>38,330000</SUD>
    <AUST>39,000000</AUST>
    <BRNN>38,330000</BRNN>
    <COAC>38,330000</COAC>
    <CORS>38,330000</CORS>
    <FOGN>38,330000</FOGN>
    <FRAN>39,000000</FRAN>
    <GREC>38,330000</GREC>
    <MFTV>39,000000</MFTV>
    <PRGP>43,470000</PRGP>
    <ROSN>38,330000</ROSN>
    <SLOV>39,000000</SLOV>
    <SVIZ>39,000000</SVIZ>
    <BSP>39,000000</BSP>
    <MALT>43,470000</MALT>
    <XAUS>39,000000</XAUS>
    <XFRA>39,000000</XFRA>
  </Prezzi>
  <Prezzi>
    <Data>20160130</Data>
    <Mercato>MGP</Mercato>
    <Ora>16</Ora>
    <PUN>40,322670</PUN>
    <NAT>40,000000</NAT>
    <CNOR>40,000000</CNOR>
    <CSUD>40,000000</CSUD>
    <NORD>40,000000</NORD>
    <SARD>40,000000</SARD>
    <SICI>45,420000</SICI>
    <SUD>40,000000</SUD>
    <AUST>40,000000</AUST>
    <BRNN>40,000000</BRNN>
    <COAC>40,000000</COAC>
    <CORS>40,000000</CORS>
    <FOGN>40,000000</FOGN>
    <FRAN>40,000000</FRAN>
    <GREC>40,000000</GREC>
    <MFTV>40,000000</MFTV>
    <PRGP>45,420000</PRGP>
    <ROSN>40,000000</ROSN>
    <SLOV>40,000000</SLOV>
    <SVIZ>40,000000</SVIZ>
    <BSP>40,000000</BSP>
    <MALT>45,420000</MALT>
    <XAUS>40,000000</XAUS>
    <XFRA>40,000000</XFRA>
  </Prezzi>
  <Prezzi>
    <Data>20160130</Data>
    <Mercato>MGP</Mercato>
    <Ora>17</Ora>
    <PUN>42,419610</PUN>
    <NAT>42,260000</NAT>
    <CNOR>41,490000</CNOR>
    <CSUD>41,490000</CSUD>
    <NORD>41,830000</NORD>
    <SARD>41,490000</SARD>
    <SICI>53,390000</SICI>
    <SUD>41,490000</SUD>
    <AUST>41,830000</AUST>
    <BRNN>41,490000</BRNN>
    <COAC>41,490000</COAC>
    <CORS>41,490000</CORS>
    <FOGN>41,490000</FOGN>
    <FRAN>41,830000</FRAN>
    <GREC>41,490000</GREC>
    <MFTV>41,830000</MFTV>
    <PRGP>53,390000</PRGP>
    <ROSN>41,490000</ROSN>
    <SLOV>41,830000</SLOV>
    <SVIZ>41,830000</SVIZ>
    <BSP>41,830000</BSP>
    <MALT>53,390000</MALT>
    <XAUS>41,830000</XAUS>
    <XFRA>41,830000</XFRA>
  </Prezzi>
  <Prezzi>
    <Data>20160130</Data>
    <Mercato>MGP</Mercato>
    <Ora>18</Ora>
    <PUN>45,673970</PUN>
    <NAT>46,000000</NAT>
    <CNOR>45,000000</CNOR>
    <CSUD>45,000000</CSUD>
    <NORD>45,000000</NORD>
    <SARD>45,000000</SARD>
    <SICI>55,240000</SICI>
    <SUD>45,000000</SUD>
    <AUST>45,000000</AUST>
    <BRNN>45,000000</BRNN>
    <COAC>45,000000</COAC>
    <CORS>45,000000</CORS>
    <FOGN>45,000000</FOGN>
    <FRAN>45,000000</FRAN>
    <GREC>45,000000</GREC>
    <MFTV>45,000000</MFTV>
    <PRGP>55,240000</PRGP>
    <ROSN>45,000000</ROSN>
    <SLOV>45,000000</SLOV>
    <SVIZ>45,000000</SVIZ>
    <BSP>45,000000</BSP>
    <MALT>55,240000</MALT>
    <XAUS>45,000000</XAUS>
    <XFRA>45,000000</XFRA>
  </Prezzi>
  <Prezzi>
    <Data>20160130</Data>
    <Mercato>MGP</Mercato>
    <Ora>19</Ora>
    <PUN>48,464620</PUN>
    <NAT>48,990000</NAT>
    <CNOR>48,000000</CNOR>
    <CSUD>48,000000</CSUD>
    <NORD>48,000000</NORD>
    <SARD>48,000000</SARD>
    <SICI>55,240000</SICI>
    <SUD>48,000000</SUD>
    <AUST>48,000000</AUST>
    <BRNN>48,000000</BRNN>
    <COAC>48,000000</COAC>
    <CORS>48,000000</CORS>
    <FOGN>48,000000</FOGN>
    <FRAN>48,000000</FRAN>
    <GREC>48,000000</GREC>
    <MFTV>48,000000</MFTV>
    <PRGP>55,240000</PRGP>
    <ROSN>48,000000</ROSN>
    <SLOV>48,000000</SLOV>
    <SVIZ>48,000000</SVIZ>
    <BSP>48,000000</BSP>
    <MALT>55,240000</MALT>
    <XAUS>48,000000</XAUS>
    <XFRA>48,000000</XFRA>
  </Prezzi>
  <Prezzi>
    <Data>20160130</Data>
    <Mercato>MGP</Mercato>
    <Ora>20</Ora>
    <PUN>48,532970</PUN>
    <NAT>48,990000</NAT>
    <CNOR>48,000000</CNOR>
    <CSUD>48,000000</CSUD>
    <NORD>48,000000</NORD>
    <SARD>48,000000</SARD>
    <SICI>55,920000</SICI>
    <SUD>48,000000</SUD>
    <AUST>48,000000</AUST>
    <BRNN>48,000000</BRNN>
    <COAC>48,000000</COAC>
    <CORS>48,000000</CORS>
    <FOGN>48,000000</FOGN>
    <FRAN>48,000000</FRAN>
    <GREC>48,000000</GREC>
    <MFTV>48,000000</MFTV>
    <PRGP>55,920000</PRGP>
    <ROSN>48,000000</ROSN>
    <SLOV>48,000000</SLOV>
    <SVIZ>48,000000</SVIZ>
    <BSP>48,000000</BSP>
    <MALT>55,920000</MALT>
    <XAUS>48,000000</XAUS>
    <XFRA>48,000000</XFRA>
  </Prezzi>
  <Prezzi>
    <Data>20160130</Data>
    <Mercato>MGP</Mercato>
    <Ora>21</Ora>
    <PUN>45,713420</PUN>
    <NAT>45,420000</NAT>
    <CNOR>45,000000</CNOR>
    <CSUD>45,000000</CSUD>
    <NORD>45,000000</NORD>
    <SARD>45,000000</SARD>
    <SICI>55,240000</SICI>
    <SUD>45,000000</SUD>
    <AUST>45,000000</AUST>
    <BRNN>45,000000</BRNN>
    <COAC>45,000000</COAC>
    <CORS>45,000000</CORS>
    <FOGN>45,000000</FOGN>
    <FRAN>45,000000</FRAN>
    <GREC>45,000000</GREC>
    <MFTV>45,000000</MFTV>
    <PRGP>55,240000</PRGP>
    <ROSN>45,000000</ROSN>
    <SLOV>45,000000</SLOV>
    <SVIZ>45,000000</SVIZ>
    <BSP>45,000000</BSP>
    <MALT>55,240000</MALT>
    <XAUS>45,000000</XAUS>
    <XFRA>45,000000</XFRA>
  </Prezzi>
  <Prezzi>
    <Data>20160130</Data>
    <Mercato>MGP</Mercato>
    <Ora>22</Ora>
    <PUN>41,024200</PUN>
    <NAT>41,830000</NAT>
    <CNOR>40,000000</CNOR>
    <CSUD>40,000000</CSUD>
    <NORD>40,000000</NORD>
    <SARD>40,000000</SARD>
    <SICI>55,110000</SICI>
    <SUD>40,000000</SUD>
    <AUST>40,000000</AUST>
    <BRNN>40,000000</BRNN>
    <COAC>40,000000</COAC>
    <CORS>40,000000</CORS>
    <FOGN>40,000000</FOGN>
    <FRAN>40,000000</FRAN>
    <GREC>40,000000</GREC>
    <MFTV>40,000000</MFTV>
    <PRGP>55,110000</PRGP>
    <ROSN>40,000000</ROSN>
    <SLOV>40,000000</SLOV>
    <SVIZ>40,000000</SVIZ>
    <BSP>40,000000</BSP>
    <MALT>55,110000</MALT>
    <XAUS>40,000000</XAUS>
    <XFRA>40,000000</XFRA>
  </Prezzi>
  <Prezzi>
    <Data>20160130</Data>
    <Mercato>MGP</Mercato>
    <Ora>23</Ora>
    <PUN>38,463570</PUN>
    <NAT>39,420000</NAT>
    <CNOR>37,200000</CNOR>
    <CSUD>37,200000</CSUD>
    <NORD>37,200000</NORD>
    <SARD>37,200000</SARD>
    <SICI>55,240000</SICI>
    <SUD>37,200000</SUD>
    <AUST>37,200000</AUST>
    <BRNN>37,200000</BRNN>
    <COAC>37,200000</COAC>
    <CORS>37,200000</CORS>
    <FOGN>37,200000</FOGN>
    <FRAN>37,200000</FRAN>
    <GREC>37,200000</GREC>
    <MFTV>37,200000</MFTV>
    <PRGP>55,240000</PRGP>
    <ROSN>37,200000</ROSN>
    <SLOV>37,200000</SLOV>
    <SVIZ>37,200000</SVIZ>
    <BSP>37,200000</BSP>
    <MALT>55,240000</MALT>
    <XAUS>37,200000</XAUS>
    <XFRA>37,200000</XFRA>
  </Prezzi>
  <Prezzi>
    <Data>20160130</Data>
    <Mercato>MGP</Mercato>
    <Ora>24</Ora>
    <PUN>36,204260</PUN>
    <NAT>35,210000</NAT>
    <CNOR>34,970000</CNOR>
    <CSUD>34,970000</CSUD>
    <NORD>34,970000</NORD>
    <SARD>34,970000</SARD>
    <SICI>53,390000</SICI>
    <SUD>34,970000</SUD>
    <AUST>34,970000</AUST>
    <BRNN>34,970000</BRNN>
    <COAC>34,970000</COAC>
    <CORS>34,970000</CORS>
    <FOGN>34,970000</FOGN>
    <FRAN>34,970000</FRAN>
    <GREC>34,970000</GREC>
    <MFTV>34,970000</MFTV>
    <PRGP>53,390000</PRGP>
    <ROSN>34,970000</ROSN>
    <SLOV>34,970000</SLOV>
    <SVIZ>34,970000</SVIZ>
    <BSP>34,970000</BSP>
    <MALT>53,390000</MALT>
    <XAUS>34,970000</XAUS>
    <XFRA>34,970000</XFRA>
  </Prezzi>
</NewDataSet>