<?xml version="1.0" standalone="yes"?>
<NewDataSet>
  <xs:schema id="NewDataSet" xmlns="" xmlns:xs="http://www.w3.org/2001/XMLSchema" xmlns:msdata="urn:schemas-microsoft-com:xml-msdata">
    <xs:element name="NewDataSet" msdata:IsDataSet="true" msdata:UseCurrentLocale="true">
      <xs:complexType>
        <xs:choice minOccurs="0" maxOccurs="unbounded">
          <xs:element name="Prezzi">
            <xs:complexType>
              <xs:sequence>
                <xs:element name="Data" type="xs:string" minOccurs="0" />
                <xs:element name="Mercato" type="xs:string" minOccurs="0" />
                <xs:element name="Ora" type="xs:string" minOccurs="0" />
                <xs:element name="PUN" type="xs:string" minOccurs="0" />
                <xs:element name="NAT" type="xs:string" minOccurs="0" />
                <xs:element name="CNOR" type="xs:string" minOccurs="0" />
                <xs:element name="CSUD" type="xs:string" minOccurs="0" />
                <xs:element name="NORD" type="xs:string" minOccurs="0" />
                <xs:element name="SARD" type="xs:string" minOccurs="0" />
                <xs:element name="SICI" type="xs:string" minOccurs="0" />
                <xs:element name="SUD" type="xs:string" minOccurs="0" />
                <xs:element name="AUST" type="xs:string" minOccurs="0" />
                <xs:element name="BRNN" type="xs:string" minOccurs="0" />
                <xs:element name="COAC" type="xs:string" minOccurs="0" />
                <xs:element name="CORS" type="xs:string" minOccurs="0" />
                <xs:element name="FOGN" type="xs:string" minOccurs="0" />
                <xs:element name="FRAN" type="xs:string" minOccurs="0" />
                <xs:element name="GREC" type="xs:string" minOccurs="0" />
                <xs:element name="MFTV" type="xs:string" minOccurs="0" />
                <xs:element name="PRGP" type="xs:string" minOccurs="0" />
                <xs:element name="ROSN" type="xs:string" minOccurs="0" />
                <xs:element name="SLOV" type="xs:string" minOccurs="0" />
                <xs:element name="SVIZ" type="xs:string" minOccurs="0" />
                <xs:element name="BSP" type="xs:string" minOccurs="0" />
                <xs:element name="MALT" type="xs:string" minOccurs="0" />
                <xs:element name="XAUS" type="xs:string" minOccurs="0" />
                <xs:element name="XFRA" type="xs:string" minOccurs="0" />
              </xs:sequence>
            </xs:complexType>
          </xs:element>
        </xs:choice>
      </xs:complexType>
    </xs:element>
  </xs:schema>
  <Prezzi>
    <Data>20160118</Data>
    <Mercato>MGP</Mercato>
    <Ora>1</Ora>
    <PUN>35,738100</PUN>
    <NAT>35,550000</NAT>
    <CNOR>38,144600</CNOR>
    <CSUD>38,144600</CSUD>
    <NORD>38,144600</NORD>
    <SARD>38,144600</SARD>
    <SICI>25,000000</SICI>
    <SUD>25,000000</SUD>
    <AUST>38,144600</AUST>
    <BRNN>25,000000</BRNN>
    <COAC>38,144600</COAC>
    <CORS>38,144600</CORS>
    <FOGN>25,000000</FOGN>
    <FRAN>38,144600</FRAN>
    <GREC>25,000000</GREC>
    <MFTV>38,144600</MFTV>
    <PRGP>25,000000</PRGP>
    <ROSN>25,000000</ROSN>
    <SLOV>38,144600</SLOV>
    <SVIZ>38,144600</SVIZ>
    <BSP>38,144600</BSP>
    <MALT>25,000000</MALT>
    <XAUS>38,144600</XAUS>
    <XFRA>38,144600</XFRA>
  </Prezzi>
  <Prezzi>
    <Data>20160118</Data>
    <Mercato>MGP</Mercato>
    <Ora>2</Ora>
    <PUN>31,736060</PUN>
    <NAT>31,670000</NAT>
    <CNOR>31,670000</CNOR>
    <CSUD>31,670000</CSUD>
    <NORD>35,655160</NORD>
    <SARD>31,670000</SARD>
    <SICI>19,140000</SICI>
    <SUD>19,140000</SUD>
    <AUST>35,655160</AUST>
    <BRNN>19,140000</BRNN>
    <COAC>31,670000</COAC>
    <CORS>31,670000</CORS>
    <FOGN>19,140000</FOGN>
    <FRAN>35,655160</FRAN>
    <GREC>19,140000</GREC>
    <MFTV>35,655160</MFTV>
    <PRGP>19,140000</PRGP>
    <ROSN>19,140000</ROSN>
    <SLOV>35,655160</SLOV>
    <SVIZ>35,655160</SVIZ>
    <BSP>35,655160</BSP>
    <MALT>19,140000</MALT>
    <XAUS>35,655160</XAUS>
    <XFRA>35,655160</XFRA>
  </Prezzi>
  <Prezzi>
    <Data>20160118</Data>
    <Mercato>MGP</Mercato>
    <Ora>3</Ora>
    <PUN>28,559090</PUN>
    <NAT>27,150000</NAT>
    <CNOR>30,020000</CNOR>
    <CSUD>30,020000</CSUD>
    <NORD>31,920000</NORD>
    <SARD>30,020000</SARD>
    <SICI>14,950000</SICI>
    <SUD>14,950000</SUD>
    <AUST>31,920000</AUST>
    <BRNN>14,950000</BRNN>
    <COAC>30,020000</COAC>
    <CORS>30,020000</CORS>
    <FOGN>14,950000</FOGN>
    <FRAN>31,920000</FRAN>
    <GREC>14,950000</GREC>
    <MFTV>31,920000</MFTV>
    <PRGP>14,950000</PRGP>
    <ROSN>14,950000</ROSN>
    <SLOV>31,920000</SLOV>
    <SVIZ>31,920000</SVIZ>
    <BSP>31,920000</BSP>
    <MALT>14,950000</MALT>
    <XAUS>31,920000</XAUS>
    <XFRA>31,920000</XFRA>
  </Prezzi>
  <Prezzi>
    <Data>20160118</Data>
    <Mercato>MGP</Mercato>
    <Ora>4</Ora>
    <PUN>26,675430</PUN>
    <NAT>20,250000</NAT>
    <CNOR>30,010000</CNOR>
    <CSUD>30,010000</CSUD>
    <NORD>30,010000</NORD>
    <SARD>30,010000</SARD>
    <SICI>10,000000</SICI>
    <SUD>10,000000</SUD>
    <AUST>30,010000</AUST>
    <BRNN>10,000000</BRNN>
    <COAC>30,010000</COAC>
    <CORS>30,010000</CORS>
    <FOGN>10,000000</FOGN>
    <FRAN>30,010000</FRAN>
    <GREC>10,000000</GREC>
    <MFTV>30,010000</MFTV>
    <PRGP>10,000000</PRGP>
    <ROSN>10,000000</ROSN>
    <SLOV>30,010000</SLOV>
    <SVIZ>30,010000</SVIZ>
    <BSP>30,010000</BSP>
    <MALT>10,000000</MALT>
    <XAUS>30,010000</XAUS>
    <XFRA>30,010000</XFRA>
  </Prezzi>
  <Prezzi>
    <Data>20160118</Data>
    <Mercato>MGP</Mercato>
    <Ora>5</Ora>
    <PUN>26,963090</PUN>
    <NAT>20,990000</NAT>
    <CNOR>30,010000</CNOR>
    <CSUD>30,010000</CSUD>
    <NORD>30,300000</NORD>
    <SARD>30,010000</SARD>
    <SICI>10,180000</SICI>
    <SUD>10,180000</SUD>
    <AUST>30,300000</AUST>
    <BRNN>10,180000</BRNN>
    <COAC>30,010000</COAC>
    <CORS>30,010000</CORS>
    <FOGN>10,180000</FOGN>
    <FRAN>30,300000</FRAN>
    <GREC>10,180000</GREC>
    <MFTV>30,300000</MFTV>
    <PRGP>10,180000</PRGP>
    <ROSN>10,180000</ROSN>
    <SLOV>30,300000</SLOV>
    <SVIZ>30,300000</SVIZ>
    <BSP>30,300000</BSP>
    <MALT>10,180000</MALT>
    <XAUS>30,300000</XAUS>
    <XFRA>30,300000</XFRA>
  </Prezzi>
  <Prezzi>
    <Data>20160118</Data>
    <Mercato>MGP</Mercato>
    <Ora>6</Ora>
    <PUN>32,033120</PUN>
    <NAT>31,530000</NAT>
    <CNOR>31,020000</CNOR>
    <CSUD>31,020000</CSUD>
    <NORD>35,760000</NORD>
    <SARD>31,020000</SARD>
    <SICI>19,640000</SICI>
    <SUD>19,640000</SUD>
    <AUST>35,760000</AUST>
    <BRNN>19,640000</BRNN>
    <COAC>31,020000</COAC>
    <CORS>31,020000</CORS>
    <FOGN>19,640000</FOGN>
    <FRAN>35,760000</FRAN>
    <GREC>19,640000</GREC>
    <MFTV>35,760000</MFTV>
    <PRGP>19,640000</PRGP>
    <ROSN>19,640000</ROSN>
    <SLOV>35,760000</SLOV>
    <SVIZ>35,760000</SVIZ>
    <BSP>35,760000</BSP>
    <MALT>19,640000</MALT>
    <XAUS>35,760000</XAUS>
    <XFRA>35,760000</XFRA>
  </Prezzi>
  <Prezzi>
    <Data>20160118</Data>
    <Mercato>MGP</Mercato>
    <Ora>7</Ora>
    <PUN>40,411050</PUN>
    <NAT>39,670000</NAT>
    <CNOR>42,000000</CNOR>
    <CSUD>42,000000</CSUD>
    <NORD>43,030000</NORD>
    <SARD>42,000000</SARD>
    <SICI>27,150000</SICI>
    <SUD>27,150000</SUD>
    <AUST>43,030000</AUST>
    <BRNN>27,150000</BRNN>
    <COAC>42,000000</COAC>
    <CORS>42,000000</CORS>
    <FOGN>27,150000</FOGN>
    <FRAN>43,030000</FRAN>
    <GREC>27,150000</GREC>
    <MFTV>43,030000</MFTV>
    <PRGP>27,150000</PRGP>
    <ROSN>27,150000</ROSN>
    <SLOV>43,030000</SLOV>
    <SVIZ>43,030000</SVIZ>
    <BSP>43,030000</BSP>
    <MALT>27,150000</MALT>
    <XAUS>43,030000</XAUS>
    <XFRA>43,030000</XFRA>
  </Prezzi>
  <Prezzi>
    <Data>20160118</Data>
    <Mercato>MGP</Mercato>
    <Ora>8</Ora>
    <PUN>61,095290</PUN>
    <NAT>48,190000</NAT>
    <CNOR>64,990000</CNOR>
    <CSUD>64,990000</CSUD>
    <NORD>64,990000</NORD>
    <SARD>64,990000</SARD>
    <SICI>46,110000</SICI>
    <SUD>32,660000</SUD>
    <AUST>64,990000</AUST>
    <BRNN>32,660000</BRNN>
    <COAC>64,990000</COAC>
    <CORS>64,990000</CORS>
    <FOGN>32,660000</FOGN>
    <FRAN>64,990000</FRAN>
    <GREC>32,660000</GREC>
    <MFTV>64,990000</MFTV>
    <PRGP>46,110000</PRGP>
    <ROSN>32,660000</ROSN>
    <SLOV>64,990000</SLOV>
    <SVIZ>64,990000</SVIZ>
    <BSP>64,990000</BSP>
    <MALT>46,110000</MALT>
    <XAUS>64,990000</XAUS>
    <XFRA>64,990000</XFRA>
  </Prezzi>
  <Prezzi>
    <Data>20160118</Data>
    <Mercato>MGP</Mercato>
    <Ora>9</Ora>
    <PUN>69,120000</PUN>
    <NAT>55,240000</NAT>
    <CNOR>76,082840</CNOR>
    <CSUD>76,082840</CSUD>
    <NORD>76,082840</NORD>
    <SARD>76,082840</SARD>
    <SICI>46,110000</SICI>
    <SUD>17,590000</SUD>
    <AUST>76,082840</AUST>
    <BRNN>17,590000</BRNN>
    <COAC>76,082840</COAC>
    <CORS>76,082840</CORS>
    <FOGN>17,590000</FOGN>
    <FRAN>76,082840</FRAN>
    <GREC>17,590000</GREC>
    <MFTV>76,082840</MFTV>
    <PRGP>46,110000</PRGP>
    <ROSN>17,590000</ROSN>
    <SLOV>76,082840</SLOV>
    <SVIZ>76,082840</SVIZ>
    <BSP>76,082840</BSP>
    <MALT>46,110000</MALT>
    <XAUS>76,082840</XAUS>
    <XFRA>76,082840</XFRA>
  </Prezzi>
  <Prezzi>
    <Data>20160118</Data>
    <Mercato>MGP</Mercato>
    <Ora>10</Ora>
    <PUN>65,782610</PUN>
    <NAT>53,390000</NAT>
    <CNOR>72,990000</CNOR>
    <CSUD>72,990000</CSUD>
    <NORD>72,990000</NORD>
    <SARD>72,990000</SARD>
    <SICI>35,000000</SICI>
    <SUD>14,970000</SUD>
    <AUST>72,990000</AUST>
    <BRNN>14,970000</BRNN>
    <COAC>72,990000</COAC>
    <CORS>72,990000</CORS>
    <FOGN>14,970000</FOGN>
    <FRAN>72,990000</FRAN>
    <GREC>14,970000</GREC>
    <MFTV>72,990000</MFTV>
    <PRGP>35,000000</PRGP>
    <ROSN>14,970000</ROSN>
    <SLOV>72,990000</SLOV>
    <SVIZ>72,990000</SVIZ>
    <BSP>72,990000</BSP>
    <MALT>35,000000</MALT>
    <XAUS>72,990000</XAUS>
    <XFRA>72,990000</XFRA>
  </Prezzi>
  <Prezzi>
    <Data>20160118</Data>
    <Mercato>MGP</Mercato>
    <Ora>11</Ora>
    <PUN>54,605640</PUN>
    <NAT>48,000000</NAT>
    <CNOR>60,000000</CNOR>
    <CSUD>60,000000</CSUD>
    <NORD>60,000000</NORD>
    <SARD>60,000000</SARD>
    <SICI>35,000000</SICI>
    <SUD>14,950000</SUD>
    <AUST>60,000000</AUST>
    <BRNN>14,950000</BRNN>
    <COAC>60,000000</COAC>
    <CORS>60,000000</CORS>
    <FOGN>14,950000</FOGN>
    <FRAN>60,000000</FRAN>
    <GREC>14,950000</GREC>
    <MFTV>60,000000</MFTV>
    <PRGP>35,000000</PRGP>
    <ROSN>14,950000</ROSN>
    <SLOV>60,000000</SLOV>
    <SVIZ>60,000000</SVIZ>
    <BSP>60,000000</BSP>
    <MALT>35,000000</MALT>
    <XAUS>60,000000</XAUS>
    <XFRA>60,000000</XFRA>
  </Prezzi>
  <Prezzi>
    <Data>20160118</Data>
    <Mercato>MGP</Mercato>
    <Ora>12</Ora>
    <PUN>49,362910</PUN>
    <NAT>46,570000</NAT>
    <CNOR>54,660000</CNOR>
    <CSUD>54,660000</CSUD>
    <NORD>54,660000</NORD>
    <SARD>54,660000</SARD>
    <SICI>31,230000</SICI>
    <SUD>10,000000</SUD>
    <AUST>54,660000</AUST>
    <BRNN>10,000000</BRNN>
    <COAC>54,660000</COAC>
    <CORS>54,660000</CORS>
    <FOGN>10,000000</FOGN>
    <FRAN>54,660000</FRAN>
    <GREC>10,000000</GREC>
    <MFTV>54,660000</MFTV>
    <PRGP>31,230000</PRGP>
    <ROSN>10,000000</ROSN>
    <SLOV>54,660000</SLOV>
    <SVIZ>54,660000</SVIZ>
    <BSP>54,660000</BSP>
    <MALT>31,230000</MALT>
    <XAUS>54,660000</XAUS>
    <XFRA>54,660000</XFRA>
  </Prezzi>
  <Prezzi>
    <Data>20160118</Data>
    <Mercato>MGP</Mercato>
    <Ora>13</Ora>
    <PUN>45,432530</PUN>
    <NAT>43,370000</NAT>
    <CNOR>50,370000</CNOR>
    <CSUD>50,370000</CSUD>
    <NORD>50,370000</NORD>
    <SARD>50,370000</SARD>
    <SICI>31,230000</SICI>
    <SUD>10,000000</SUD>
    <AUST>50,370000</AUST>
    <BRNN>10,000000</BRNN>
    <COAC>50,370000</COAC>
    <CORS>50,370000</CORS>
    <FOGN>10,000000</FOGN>
    <FRAN>50,370000</FRAN>
    <GREC>10,000000</GREC>
    <MFTV>50,370000</MFTV>
    <PRGP>31,230000</PRGP>
    <ROSN>10,000000</ROSN>
    <SLOV>50,370000</SLOV>
    <SVIZ>50,370000</SVIZ>
    <BSP>50,370000</BSP>
    <MALT>31,230000</MALT>
    <XAUS>50,370000</XAUS>
    <XFRA>50,370000</XFRA>
  </Prezzi>
  <Prezzi>
    <Data>20160118</Data>
    <Mercato>MGP</Mercato>
    <Ora>14</Ora>
    <PUN>47,753900</PUN>
    <NAT>43,990000</NAT>
    <CNOR>52,994680</CNOR>
    <CSUD>52,994680</CSUD>
    <NORD>52,994680</NORD>
    <SARD>52,994680</SARD>
    <SICI>31,230000</SICI>
    <SUD>10,000000</SUD>
    <AUST>52,994680</AUST>
    <BRNN>10,000000</BRNN>
    <COAC>52,994680</COAC>
    <CORS>52,994680</CORS>
    <FOGN>10,000000</FOGN>
    <FRAN>52,994680</FRAN>
    <GREC>10,000000</GREC>
    <MFTV>52,994680</MFTV>
    <PRGP>31,230000</PRGP>
    <ROSN>10,000000</ROSN>
    <SLOV>52,994680</SLOV>
    <SVIZ>52,994680</SVIZ>
    <BSP>52,994680</BSP>
    <MALT>31,230000</MALT>
    <XAUS>52,994680</XAUS>
    <XFRA>52,994680</XFRA>
  </Prezzi>
  <Prezzi>
    <Data>20160118</Data>
    <Mercato>MGP</Mercato>
    <Ora>15</Ora>
    <PUN>47,621090</PUN>
    <NAT>46,740000</NAT>
    <CNOR>42,360000</CNOR>
    <CSUD>42,360000</CSUD>
    <NORD>54,200000</NORD>
    <SARD>42,360000</SARD>
    <SICI>45,740000</SICI>
    <SUD>18,180000</SUD>
    <AUST>54,200000</AUST>
    <BRNN>18,180000</BRNN>
    <COAC>42,360000</COAC>
    <CORS>42,360000</CORS>
    <FOGN>18,180000</FOGN>
    <FRAN>54,200000</FRAN>
    <GREC>18,180000</GREC>
    <MFTV>54,200000</MFTV>
    <PRGP>45,740000</PRGP>
    <ROSN>18,180000</ROSN>
    <SLOV>54,200000</SLOV>
    <SVIZ>54,200000</SVIZ>
    <BSP>54,200000</BSP>
    <MALT>45,740000</MALT>
    <XAUS>54,200000</XAUS>
    <XFRA>54,200000</XFRA>
  </Prezzi>
  <Prezzi>
    <Data>20160118</Data>
    <Mercato>MGP</Mercato>
    <Ora>16</Ora>
    <PUN>57,302310</PUN>
    <NAT>52,990000</NAT>
    <CNOR>61,200000</CNOR>
    <CSUD>61,200000</CSUD>
    <NORD>61,200000</NORD>
    <SARD>61,200000</SARD>
    <SICI>46,240000</SICI>
    <SUD>27,150000</SUD>
    <AUST>61,200000</AUST>
    <BRNN>27,150000</BRNN>
    <COAC>61,200000</COAC>
    <CORS>61,200000</CORS>
    <FOGN>27,150000</FOGN>
    <FRAN>61,200000</FRAN>
    <GREC>27,150000</GREC>
    <MFTV>61,200000</MFTV>
    <PRGP>46,240000</PRGP>
    <ROSN>27,150000</ROSN>
    <SLOV>61,200000</SLOV>
    <SVIZ>61,200000</SVIZ>
    <BSP>61,200000</BSP>
    <MALT>46,240000</MALT>
    <XAUS>61,200000</XAUS>
    <XFRA>61,200000</XFRA>
  </Prezzi>
  <Prezzi>
    <Data>20160118</Data>
    <Mercato>MGP</Mercato>
    <Ora>17</Ora>
    <PUN>62,147430</PUN>
    <NAT>55,920000</NAT>
    <CNOR>64,990000</CNOR>
    <CSUD>64,990000</CSUD>
    <NORD>64,990000</NORD>
    <SARD>64,990000</SARD>
    <SICI>55,110000</SICI>
    <SUD>40,440000</SUD>
    <AUST>64,990000</AUST>
    <BRNN>40,440000</BRNN>
    <COAC>64,990000</COAC>
    <CORS>64,990000</CORS>
    <FOGN>40,440000</FOGN>
    <FRAN>64,990000</FRAN>
    <GREC>40,440000</GREC>
    <MFTV>64,990000</MFTV>
    <PRGP>55,110000</PRGP>
    <ROSN>40,440000</ROSN>
    <SLOV>64,990000</SLOV>
    <SVIZ>64,990000</SVIZ>
    <BSP>64,990000</BSP>
    <MALT>55,110000</MALT>
    <XAUS>64,990000</XAUS>
    <XFRA>64,990000</XFRA>
  </Prezzi>
  <Prezzi>
    <Data>20160118</Data>
    <Mercato>MGP</Mercato>
    <Ora>18</Ora>
    <PUN>72,760000</PUN>
    <NAT>63,000000</NAT>
    <CNOR>77,468510</CNOR>
    <CSUD>77,468510</CSUD>
    <NORD>77,468510</NORD>
    <SARD>77,468510</SARD>
    <SICI>55,240000</SICI>
    <SUD>43,370000</SUD>
    <AUST>77,468510</AUST>
    <BRNN>43,370000</BRNN>
    <COAC>77,468510</COAC>
    <CORS>77,468510</CORS>
    <FOGN>43,370000</FOGN>
    <FRAN>77,468510</FRAN>
    <GREC>43,370000</GREC>
    <MFTV>77,468510</MFTV>
    <PRGP>55,240000</PRGP>
    <ROSN>43,310000</ROSN>
    <SLOV>77,468510</SLOV>
    <SVIZ>77,468510</SVIZ>
    <BSP>77,468510</BSP>
    <MALT>55,240000</MALT>
    <XAUS>77,468510</XAUS>
    <XFRA>77,468510</XFRA>
  </Prezzi>
  <Prezzi>
    <Data>20160118</Data>
    <Mercato>MGP</Mercato>
    <Ora>19</Ora>
    <PUN>69,235910</PUN>
    <NAT>64,990000</NAT>
    <CNOR>73,071250</CNOR>
    <CSUD>73,071250</CSUD>
    <NORD>73,071250</NORD>
    <SARD>73,071250</SARD>
    <SICI>55,920000</SICI>
    <SUD>48,000000</SUD>
    <AUST>73,071250</AUST>
    <BRNN>48,000000</BRNN>
    <COAC>73,071250</COAC>
    <CORS>73,071250</CORS>
    <FOGN>48,000000</FOGN>
    <FRAN>73,071250</FRAN>
    <GREC>48,000000</GREC>
    <MFTV>73,071250</MFTV>
    <PRGP>55,920000</PRGP>
    <ROSN>43,310000</ROSN>
    <SLOV>73,071250</SLOV>
    <SVIZ>73,071250</SVIZ>
    <BSP>73,071250</BSP>
    <MALT>55,920000</MALT>
    <XAUS>73,071250</XAUS>
    <XFRA>73,071250</XFRA>
  </Prezzi>
  <Prezzi>
    <Data>20160118</Data>
    <Mercato>MGP</Mercato>
    <Ora>20</Ora>
    <PUN>64,283720</PUN>
    <NAT>61,390000</NAT>
    <CNOR>66,372530</CNOR>
    <CSUD>66,372530</CSUD>
    <NORD>66,372530</NORD>
    <SARD>66,372530</SARD>
    <SICI>55,920000</SICI>
    <SUD>54,000000</SUD>
    <AUST>66,372530</AUST>
    <BRNN>54,000000</BRNN>
    <COAC>66,372530</COAC>
    <CORS>66,372530</CORS>
    <FOGN>54,000000</FOGN>
    <FRAN>66,372530</FRAN>
    <GREC>54,000000</GREC>
    <MFTV>66,372530</MFTV>
    <PRGP>55,920000</PRGP>
    <ROSN>43,310000</ROSN>
    <SLOV>66,372530</SLOV>
    <SVIZ>66,372530</SVIZ>
    <BSP>66,372530</BSP>
    <MALT>55,920000</MALT>
    <XAUS>66,372530</XAUS>
    <XFRA>66,372530</XFRA>
  </Prezzi>
  <Prezzi>
    <Data>20160118</Data>
    <Mercato>MGP</Mercato>
    <Ora>21</Ora>
    <PUN>55,667540</PUN>
    <NAT>55,650000</NAT>
    <CNOR>55,650000</CNOR>
    <CSUD>55,650000</CSUD>
    <NORD>55,650000</NORD>
    <SARD>55,650000</SARD>
    <SICI>55,920000</SICI>
    <SUD>55,650000</SUD>
    <AUST>55,650000</AUST>
    <BRNN>55,650000</BRNN>
    <COAC>55,650000</COAC>
    <CORS>55,650000</CORS>
    <FOGN>55,650000</FOGN>
    <FRAN>55,650000</FRAN>
    <GREC>55,650000</GREC>
    <MFTV>55,650000</MFTV>
    <PRGP>55,920000</PRGP>
    <ROSN>43,310000</ROSN>
    <SLOV>55,650000</SLOV>
    <SVIZ>55,650000</SVIZ>
    <BSP>55,650000</BSP>
    <MALT>55,920000</MALT>
    <XAUS>55,650000</XAUS>
    <XFRA>55,650000</XFRA>
  </Prezzi>
  <Prezzi>
    <Data>20160118</Data>
    <Mercato>MGP</Mercato>
    <Ora>22</Ora>
    <PUN>54,253430</PUN>
    <NAT>55,000000</NAT>
    <CNOR>54,990000</CNOR>
    <CSUD>54,990000</CSUD>
    <NORD>54,990000</NORD>
    <SARD>54,990000</SARD>
    <SICI>55,920000</SICI>
    <SUD>48,000000</SUD>
    <AUST>54,990000</AUST>
    <BRNN>48,000000</BRNN>
    <COAC>54,990000</COAC>
    <CORS>54,990000</CORS>
    <FOGN>48,000000</FOGN>
    <FRAN>54,990000</FRAN>
    <GREC>48,000000</GREC>
    <MFTV>54,990000</MFTV>
    <PRGP>55,920000</PRGP>
    <ROSN>43,310000</ROSN>
    <SLOV>54,990000</SLOV>
    <SVIZ>54,990000</SVIZ>
    <BSP>54,990000</BSP>
    <MALT>55,920000</MALT>
    <XAUS>54,990000</XAUS>
    <XFRA>54,990000</XFRA>
  </Prezzi>
  <Prezzi>
    <Data>20160118</Data>
    <Mercato>MGP</Mercato>
    <Ora>23</Ora>
    <PUN>53,132190</PUN>
    <NAT>53,000000</NAT>
    <CNOR>52,990000</CNOR>
    <CSUD>52,990000</CSUD>
    <NORD>52,990000</NORD>
    <SARD>52,990000</SARD>
    <SICI>55,240000</SICI>
    <SUD>52,990000</SUD>
    <AUST>52,990000</AUST>
    <BRNN>52,990000</BRNN>
    <COAC>52,990000</COAC>
    <CORS>52,990000</CORS>
    <FOGN>52,990000</FOGN>
    <FRAN>52,990000</FRAN>
    <GREC>52,990000</GREC>
    <MFTV>52,990000</MFTV>
    <PRGP>55,240000</PRGP>
    <ROSN>42,000000</ROSN>
    <SLOV>52,990000</SLOV>
    <SVIZ>52,990000</SVIZ>
    <BSP>52,990000</BSP>
    <MALT>55,240000</MALT>
    <XAUS>52,990000</XAUS>
    <XFRA>52,990000</XFRA>
  </Prezzi>
  <Prezzi>
    <Data>20160118</Data>
    <Mercato>MGP</Mercato>
    <Ora>24</Ora>
    <PUN>48,570000</PUN>
    <NAT>47,480000</NAT>
    <CNOR>48,991210</CNOR>
    <CSUD>48,991210</CSUD>
    <NORD>48,991210</NORD>
    <SARD>48,991210</SARD>
    <SICI>55,110000</SICI>
    <SUD>42,000000</SUD>
    <AUST>48,991210</AUST>
    <BRNN>42,000000</BRNN>
    <COAC>48,991210</COAC>
    <CORS>48,991210</CORS>
    <FOGN>42,000000</FOGN>
    <FRAN>48,991210</FRAN>
    <GREC>42,000000</GREC>
    <MFTV>48,991210</MFTV>
    <PRGP>55,110000</PRGP>
    <ROSN>42,000000</ROSN>
    <SLOV>48,991210</SLOV>
    <SVIZ>48,991210</SVIZ>
    <BSP>48,991210</BSP>
    <MALT>55,110000</MALT>
    <XAUS>48,991210</XAUS>
    <XFRA>48,991210</XFRA>
  </Prezzi>
</NewDataSet>