<?xml version="1.0" standalone="yes"?>
<NewDataSet>
  <xs:schema id="NewDataSet" xmlns="" xmlns:xs="http://www.w3.org/2001/XMLSchema" xmlns:msdata="urn:schemas-microsoft-com:xml-msdata">
    <xs:element name="NewDataSet" msdata:IsDataSet="true" msdata:UseCurrentLocale="true">
      <xs:complexType>
        <xs:choice minOccurs="0" maxOccurs="unbounded">
          <xs:element name="Prezzi">
            <xs:complexType>
              <xs:sequence>
                <xs:element name="Data" type="xs:string" minOccurs="0" />
                <xs:element name="Mercato" type="xs:string" minOccurs="0" />
                <xs:element name="Ora" type="xs:string" minOccurs="0" />
                <xs:element name="PUN" type="xs:string" minOccurs="0" />
                <xs:element name="NAT" type="xs:string" minOccurs="0" />
                <xs:element name="CNOR" type="xs:string" minOccurs="0" />
                <xs:element name="CSUD" type="xs:string" minOccurs="0" />
                <xs:element name="NORD" type="xs:string" minOccurs="0" />
                <xs:element name="SARD" type="xs:string" minOccurs="0" />
                <xs:element name="SICI" type="xs:string" minOccurs="0" />
                <xs:element name="SUD" type="xs:string" minOccurs="0" />
                <xs:element name="AUST" type="xs:string" minOccurs="0" />
                <xs:element name="BRNN" type="xs:string" minOccurs="0" />
                <xs:element name="COAC" type="xs:string" minOccurs="0" />
                <xs:element name="CORS" type="xs:string" minOccurs="0" />
                <xs:element name="FOGN" type="xs:string" minOccurs="0" />
                <xs:element name="FRAN" type="xs:string" minOccurs="0" />
                <xs:element name="GREC" type="xs:string" minOccurs="0" />
                <xs:element name="MFTV" type="xs:string" minOccurs="0" />
                <xs:element name="PRGP" type="xs:string" minOccurs="0" />
                <xs:element name="ROSN" type="xs:string" minOccurs="0" />
                <xs:element name="SLOV" type="xs:string" minOccurs="0" />
                <xs:element name="SVIZ" type="xs:string" minOccurs="0" />
                <xs:element name="BSP" type="xs:string" minOccurs="0" />
                <xs:element name="MALT" type="xs:string" minOccurs="0" />
                <xs:element name="XAUS" type="xs:string" minOccurs="0" />
                <xs:element name="XFRA" type="xs:string" minOccurs="0" />
              </xs:sequence>
            </xs:complexType>
          </xs:element>
        </xs:choice>
      </xs:complexType>
    </xs:element>
  </xs:schema>
  <Prezzi>
    <Data>20160106</Data>
    <Mercato>MGP</Mercato>
    <Ora>1</Ora>
    <PUN>40,984320</PUN>
    <NAT>40,700000</NAT>
    <CNOR>40,230000</CNOR>
    <CSUD>40,230000</CSUD>
    <NORD>40,230000</NORD>
    <SARD>40,230000</SARD>
    <SICI>51,060000</SICI>
    <SUD>40,230000</SUD>
    <AUST>40,230000</AUST>
    <BRNN>40,230000</BRNN>
    <COAC>40,230000</COAC>
    <CORS>40,230000</CORS>
    <FOGN>40,230000</FOGN>
    <FRAN>40,230000</FRAN>
    <GREC>40,230000</GREC>
    <MFTV>40,230000</MFTV>
    <PRGP>51,060000</PRGP>
    <ROSN>40,230000</ROSN>
    <SLOV>40,230000</SLOV>
    <SVIZ>40,230000</SVIZ>
    <BSP>40,230000</BSP>
    <MALT>51,060000</MALT>
    <XAUS>40,230000</XAUS>
    <XFRA>40,230000</XFRA>
  </Prezzi>
  <Prezzi>
    <Data>20160106</Data>
    <Mercato>MGP</Mercato>
    <Ora>2</Ora>
    <PUN>37,182330</PUN>
    <NAT>37,480000</NAT>
    <CNOR>37,080000</CNOR>
    <CSUD>37,080000</CSUD>
    <NORD>37,080000</NORD>
    <SARD>37,080000</SARD>
    <SICI>38,550000</SICI>
    <SUD>37,080000</SUD>
    <AUST>37,080000</AUST>
    <BRNN>37,080000</BRNN>
    <COAC>37,080000</COAC>
    <CORS>37,080000</CORS>
    <FOGN>37,080000</FOGN>
    <FRAN>37,080000</FRAN>
    <GREC>37,080000</GREC>
    <MFTV>37,080000</MFTV>
    <PRGP>38,550000</PRGP>
    <ROSN>37,080000</ROSN>
    <SLOV>37,080000</SLOV>
    <SVIZ>37,080000</SVIZ>
    <BSP>37,080000</BSP>
    <MALT>38,550000</MALT>
    <XAUS>37,080000</XAUS>
    <XFRA>37,080000</XFRA>
  </Prezzi>
  <Prezzi>
    <Data>20160106</Data>
    <Mercato>MGP</Mercato>
    <Ora>3</Ora>
    <PUN>36,241160</PUN>
    <NAT>36,140000</NAT>
    <CNOR>36,080000</CNOR>
    <CSUD>36,080000</CSUD>
    <NORD>36,080000</NORD>
    <SARD>36,080000</SARD>
    <SICI>38,500000</SICI>
    <SUD>36,080000</SUD>
    <AUST>36,080000</AUST>
    <BRNN>36,080000</BRNN>
    <COAC>36,080000</COAC>
    <CORS>36,080000</CORS>
    <FOGN>36,080000</FOGN>
    <FRAN>36,080000</FRAN>
    <GREC>36,080000</GREC>
    <MFTV>36,080000</MFTV>
    <PRGP>38,500000</PRGP>
    <ROSN>36,080000</ROSN>
    <SLOV>36,080000</SLOV>
    <SVIZ>36,080000</SVIZ>
    <BSP>36,080000</BSP>
    <MALT>38,500000</MALT>
    <XAUS>36,080000</XAUS>
    <XFRA>36,080000</XFRA>
  </Prezzi>
  <Prezzi>
    <Data>20160106</Data>
    <Mercato>MGP</Mercato>
    <Ora>4</Ora>
    <PUN>35,780000</PUN>
    <NAT>35,780000</NAT>
    <CNOR>35,607400</CNOR>
    <CSUD>35,607400</CSUD>
    <NORD>35,607400</NORD>
    <SARD>35,607400</SARD>
    <SICI>38,320000</SICI>
    <SUD>35,607400</SUD>
    <AUST>35,607400</AUST>
    <BRNN>35,607400</BRNN>
    <COAC>35,607400</COAC>
    <CORS>35,607400</CORS>
    <FOGN>35,607400</FOGN>
    <FRAN>35,607400</FRAN>
    <GREC>35,607400</GREC>
    <MFTV>35,607400</MFTV>
    <PRGP>38,320000</PRGP>
    <ROSN>35,607400</ROSN>
    <SLOV>35,607400</SLOV>
    <SVIZ>35,607400</SVIZ>
    <BSP>35,607400</BSP>
    <MALT>38,320000</MALT>
    <XAUS>35,607400</XAUS>
    <XFRA>35,607400</XFRA>
  </Prezzi>
  <Prezzi>
    <Data>20160106</Data>
    <Mercato>MGP</Mercato>
    <Ora>5</Ora>
    <PUN>35,389080</PUN>
    <NAT>35,640000</NAT>
    <CNOR>35,190000</CNOR>
    <CSUD>35,190000</CSUD>
    <NORD>35,190000</NORD>
    <SARD>35,190000</SARD>
    <SICI>38,320000</SICI>
    <SUD>35,190000</SUD>
    <AUST>35,190000</AUST>
    <BRNN>35,190000</BRNN>
    <COAC>35,190000</COAC>
    <CORS>35,190000</CORS>
    <FOGN>35,190000</FOGN>
    <FRAN>35,190000</FRAN>
    <GREC>35,190000</GREC>
    <MFTV>35,190000</MFTV>
    <PRGP>38,320000</PRGP>
    <ROSN>35,190000</ROSN>
    <SLOV>35,190000</SLOV>
    <SVIZ>35,190000</SVIZ>
    <BSP>35,190000</BSP>
    <MALT>38,320000</MALT>
    <XAUS>35,190000</XAUS>
    <XFRA>35,190000</XFRA>
  </Prezzi>
  <Prezzi>
    <Data>20160106</Data>
    <Mercato>MGP</Mercato>
    <Ora>6</Ora>
    <PUN>36,402100</PUN>
    <NAT>37,000000</NAT>
    <CNOR>36,260000</CNOR>
    <CSUD>36,260000</CSUD>
    <NORD>36,260000</NORD>
    <SARD>36,260000</SARD>
    <SICI>38,550000</SICI>
    <SUD>36,260000</SUD>
    <AUST>36,260000</AUST>
    <BRNN>36,260000</BRNN>
    <COAC>36,260000</COAC>
    <CORS>36,260000</CORS>
    <FOGN>36,260000</FOGN>
    <FRAN>36,260000</FRAN>
    <GREC>36,260000</GREC>
    <MFTV>36,260000</MFTV>
    <PRGP>38,550000</PRGP>
    <ROSN>36,260000</ROSN>
    <SLOV>36,260000</SLOV>
    <SVIZ>36,260000</SVIZ>
    <BSP>36,260000</BSP>
    <MALT>38,550000</MALT>
    <XAUS>36,260000</XAUS>
    <XFRA>36,260000</XFRA>
  </Prezzi>
  <Prezzi>
    <Data>20160106</Data>
    <Mercato>MGP</Mercato>
    <Ora>7</Ora>
    <PUN>41,850140</PUN>
    <NAT>41,800000</NAT>
    <CNOR>41,230000</CNOR>
    <CSUD>41,230000</CSUD>
    <NORD>41,230000</NORD>
    <SARD>41,230000</SARD>
    <SICI>51,060000</SICI>
    <SUD>41,230000</SUD>
    <AUST>41,230000</AUST>
    <BRNN>41,230000</BRNN>
    <COAC>41,230000</COAC>
    <CORS>41,230000</CORS>
    <FOGN>41,230000</FOGN>
    <FRAN>41,230000</FRAN>
    <GREC>41,230000</GREC>
    <MFTV>41,230000</MFTV>
    <PRGP>51,060000</PRGP>
    <ROSN>41,230000</ROSN>
    <SLOV>41,230000</SLOV>
    <SVIZ>41,230000</SVIZ>
    <BSP>41,230000</BSP>
    <MALT>51,060000</MALT>
    <XAUS>41,230000</XAUS>
    <XFRA>41,230000</XFRA>
  </Prezzi>
  <Prezzi>
    <Data>20160106</Data>
    <Mercato>MGP</Mercato>
    <Ora>8</Ora>
    <PUN>47,559340</PUN>
    <NAT>48,990000</NAT>
    <CNOR>47,230000</CNOR>
    <CSUD>47,230000</CSUD>
    <NORD>47,230000</NORD>
    <SARD>47,230000</SARD>
    <SICI>52,520000</SICI>
    <SUD>47,230000</SUD>
    <AUST>47,230000</AUST>
    <BRNN>47,230000</BRNN>
    <COAC>47,230000</COAC>
    <CORS>47,230000</CORS>
    <FOGN>47,230000</FOGN>
    <FRAN>47,230000</FRAN>
    <GREC>47,230000</GREC>
    <MFTV>47,230000</MFTV>
    <PRGP>52,520000</PRGP>
    <ROSN>47,230000</ROSN>
    <SLOV>47,230000</SLOV>
    <SVIZ>47,230000</SVIZ>
    <BSP>47,230000</BSP>
    <MALT>52,520000</MALT>
    <XAUS>47,230000</XAUS>
    <XFRA>47,230000</XFRA>
  </Prezzi>
  <Prezzi>
    <Data>20160106</Data>
    <Mercato>MGP</Mercato>
    <Ora>9</Ora>
    <PUN>48,479380</PUN>
    <NAT>49,880000</NAT>
    <CNOR>48,200000</CNOR>
    <CSUD>48,200000</CSUD>
    <NORD>48,200000</NORD>
    <SARD>48,200000</SARD>
    <SICI>52,520000</SICI>
    <SUD>48,200000</SUD>
    <AUST>48,200000</AUST>
    <BRNN>48,200000</BRNN>
    <COAC>48,200000</COAC>
    <CORS>48,200000</CORS>
    <FOGN>48,200000</FOGN>
    <FRAN>48,200000</FRAN>
    <GREC>48,200000</GREC>
    <MFTV>48,200000</MFTV>
    <PRGP>52,520000</PRGP>
    <ROSN>48,200000</ROSN>
    <SLOV>48,200000</SLOV>
    <SVIZ>48,200000</SVIZ>
    <BSP>48,200000</BSP>
    <MALT>52,520000</MALT>
    <XAUS>48,200000</XAUS>
    <XFRA>48,200000</XFRA>
  </Prezzi>
  <Prezzi>
    <Data>20160106</Data>
    <Mercato>MGP</Mercato>
    <Ora>10</Ora>
    <PUN>51,156550</PUN>
    <NAT>52,520000</NAT>
    <CNOR>51,000000</CNOR>
    <CSUD>51,000000</CSUD>
    <NORD>51,000000</NORD>
    <SARD>51,000000</SARD>
    <SICI>53,380000</SICI>
    <SUD>51,000000</SUD>
    <AUST>51,000000</AUST>
    <BRNN>51,000000</BRNN>
    <COAC>51,000000</COAC>
    <CORS>51,000000</CORS>
    <FOGN>51,000000</FOGN>
    <FRAN>51,000000</FRAN>
    <GREC>51,000000</GREC>
    <MFTV>51,000000</MFTV>
    <PRGP>53,380000</PRGP>
    <ROSN>51,000000</ROSN>
    <SLOV>51,000000</SLOV>
    <SVIZ>51,000000</SVIZ>
    <BSP>51,000000</BSP>
    <MALT>53,380000</MALT>
    <XAUS>51,000000</XAUS>
    <XFRA>51,000000</XFRA>
  </Prezzi>
  <Prezzi>
    <Data>20160106</Data>
    <Mercato>MGP</Mercato>
    <Ora>11</Ora>
    <PUN>54,836830</PUN>
    <NAT>54,450000</NAT>
    <CNOR>54,890000</CNOR>
    <CSUD>54,890000</CSUD>
    <NORD>54,890000</NORD>
    <SARD>54,890000</SARD>
    <SICI>54,110000</SICI>
    <SUD>54,890000</SUD>
    <AUST>54,890000</AUST>
    <BRNN>54,890000</BRNN>
    <COAC>54,890000</COAC>
    <CORS>54,890000</CORS>
    <FOGN>54,890000</FOGN>
    <FRAN>54,890000</FRAN>
    <GREC>54,890000</GREC>
    <MFTV>54,890000</MFTV>
    <PRGP>54,110000</PRGP>
    <ROSN>54,890000</ROSN>
    <SLOV>54,890000</SLOV>
    <SVIZ>54,890000</SVIZ>
    <BSP>54,890000</BSP>
    <MALT>54,110000</MALT>
    <XAUS>54,890000</XAUS>
    <XFRA>54,890000</XFRA>
  </Prezzi>
  <Prezzi>
    <Data>20160106</Data>
    <Mercato>MGP</Mercato>
    <Ora>12</Ora>
    <PUN>52,360000</PUN>
    <NAT>52,400000</NAT>
    <CNOR>53,119740</CNOR>
    <CSUD>53,119740</CSUD>
    <NORD>53,119740</NORD>
    <SARD>53,119740</SARD>
    <SICI>52,520000</SICI>
    <SUD>47,250000</SUD>
    <AUST>53,119740</AUST>
    <BRNN>47,250000</BRNN>
    <COAC>53,119740</COAC>
    <CORS>53,119740</CORS>
    <FOGN>47,250000</FOGN>
    <FRAN>53,119740</FRAN>
    <GREC>47,250000</GREC>
    <MFTV>53,119740</MFTV>
    <PRGP>52,520000</PRGP>
    <ROSN>47,250000</ROSN>
    <SLOV>53,119740</SLOV>
    <SVIZ>53,119740</SVIZ>
    <BSP>53,119740</BSP>
    <MALT>52,520000</MALT>
    <XAUS>53,119740</XAUS>
    <XFRA>53,119740</XFRA>
  </Prezzi>
  <Prezzi>
    <Data>20160106</Data>
    <Mercato>MGP</Mercato>
    <Ora>13</Ora>
    <PUN>47,839770</PUN>
    <NAT>48,000000</NAT>
    <CNOR>48,000000</CNOR>
    <CSUD>48,000000</CSUD>
    <NORD>48,000000</NORD>
    <SARD>48,000000</SARD>
    <SICI>51,060000</SICI>
    <SUD>45,000000</SUD>
    <AUST>48,000000</AUST>
    <BRNN>45,000000</BRNN>
    <COAC>48,000000</COAC>
    <CORS>48,000000</CORS>
    <FOGN>45,000000</FOGN>
    <FRAN>48,000000</FRAN>
    <GREC>45,000000</GREC>
    <MFTV>48,000000</MFTV>
    <PRGP>51,060000</PRGP>
    <ROSN>45,000000</ROSN>
    <SLOV>48,000000</SLOV>
    <SVIZ>48,000000</SVIZ>
    <BSP>48,000000</BSP>
    <MALT>51,060000</MALT>
    <XAUS>48,000000</XAUS>
    <XFRA>48,000000</XFRA>
  </Prezzi>
  <Prezzi>
    <Data>20160106</Data>
    <Mercato>MGP</Mercato>
    <Ora>14</Ora>
    <PUN>42,312260</PUN>
    <NAT>41,780000</NAT>
    <CNOR>41,680000</CNOR>
    <CSUD>41,680000</CSUD>
    <NORD>41,680000</NORD>
    <SARD>41,680000</SARD>
    <SICI>51,060000</SICI>
    <SUD>41,680000</SUD>
    <AUST>41,680000</AUST>
    <BRNN>41,680000</BRNN>
    <COAC>41,680000</COAC>
    <CORS>41,680000</CORS>
    <FOGN>41,680000</FOGN>
    <FRAN>41,680000</FRAN>
    <GREC>41,680000</GREC>
    <MFTV>41,680000</MFTV>
    <PRGP>51,060000</PRGP>
    <ROSN>41,680000</ROSN>
    <SLOV>41,680000</SLOV>
    <SVIZ>41,680000</SVIZ>
    <BSP>41,680000</BSP>
    <MALT>51,060000</MALT>
    <XAUS>41,680000</XAUS>
    <XFRA>41,680000</XFRA>
  </Prezzi>
  <Prezzi>
    <Data>20160106</Data>
    <Mercato>MGP</Mercato>
    <Ora>15</Ora>
    <PUN>44,153640</PUN>
    <NAT>41,230000</NAT>
    <CNOR>41,230000</CNOR>
    <CSUD>41,230000</CSUD>
    <NORD>46,650000</NORD>
    <SARD>41,230000</SARD>
    <SICI>41,230000</SICI>
    <SUD>41,230000</SUD>
    <AUST>46,650000</AUST>
    <BRNN>41,230000</BRNN>
    <COAC>41,230000</COAC>
    <CORS>41,230000</CORS>
    <FOGN>41,230000</FOGN>
    <FRAN>46,650000</FRAN>
    <GREC>41,230000</GREC>
    <MFTV>46,650000</MFTV>
    <PRGP>41,230000</PRGP>
    <ROSN>41,230000</ROSN>
    <SLOV>46,650000</SLOV>
    <SVIZ>46,650000</SVIZ>
    <BSP>46,650000</BSP>
    <MALT>41,230000</MALT>
    <XAUS>46,650000</XAUS>
    <XFRA>46,650000</XFRA>
  </Prezzi>
  <Prezzi>
    <Data>20160106</Data>
    <Mercato>MGP</Mercato>
    <Ora>16</Ora>
    <PUN>45,300000</PUN>
    <NAT>43,980000</NAT>
    <CNOR>45,705660</CNOR>
    <CSUD>45,705660</CSUD>
    <NORD>45,705660</NORD>
    <SARD>45,705660</SARD>
    <SICI>46,550000</SICI>
    <SUD>41,710000</SUD>
    <AUST>45,705660</AUST>
    <BRNN>41,710000</BRNN>
    <COAC>45,705660</COAC>
    <CORS>45,705660</CORS>
    <FOGN>41,710000</FOGN>
    <FRAN>45,705660</FRAN>
    <GREC>41,710000</GREC>
    <MFTV>45,705660</MFTV>
    <PRGP>46,550000</PRGP>
    <ROSN>41,710000</ROSN>
    <SLOV>45,705660</SLOV>
    <SVIZ>45,705660</SVIZ>
    <BSP>45,705660</BSP>
    <MALT>46,550000</MALT>
    <XAUS>45,705660</XAUS>
    <XFRA>45,705660</XFRA>
  </Prezzi>
  <Prezzi>
    <Data>20160106</Data>
    <Mercato>MGP</Mercato>
    <Ora>17</Ora>
    <PUN>49,428890</PUN>
    <NAT>49,610000</NAT>
    <CNOR>49,610000</CNOR>
    <CSUD>49,610000</CSUD>
    <NORD>49,610000</NORD>
    <SARD>49,610000</SARD>
    <SICI>51,060000</SICI>
    <SUD>47,240000</SUD>
    <AUST>49,610000</AUST>
    <BRNN>47,240000</BRNN>
    <COAC>49,610000</COAC>
    <CORS>49,610000</CORS>
    <FOGN>47,240000</FOGN>
    <FRAN>49,610000</FRAN>
    <GREC>47,240000</GREC>
    <MFTV>49,610000</MFTV>
    <PRGP>51,060000</PRGP>
    <ROSN>47,240000</ROSN>
    <SLOV>49,610000</SLOV>
    <SVIZ>49,610000</SVIZ>
    <BSP>49,610000</BSP>
    <MALT>51,060000</MALT>
    <XAUS>49,610000</XAUS>
    <XFRA>49,610000</XFRA>
  </Prezzi>
  <Prezzi>
    <Data>20160106</Data>
    <Mercato>MGP</Mercato>
    <Ora>18</Ora>
    <PUN>59,347430</PUN>
    <NAT>55,920000</NAT>
    <CNOR>59,740000</CNOR>
    <CSUD>59,740000</CSUD>
    <NORD>59,740000</NORD>
    <SARD>59,740000</SARD>
    <SICI>54,110000</SICI>
    <SUD>59,740000</SUD>
    <AUST>59,740000</AUST>
    <BRNN>59,740000</BRNN>
    <COAC>59,740000</COAC>
    <CORS>59,740000</CORS>
    <FOGN>59,740000</FOGN>
    <FRAN>59,740000</FRAN>
    <GREC>59,740000</GREC>
    <MFTV>59,740000</MFTV>
    <PRGP>54,110000</PRGP>
    <ROSN>59,740000</ROSN>
    <SLOV>59,740000</SLOV>
    <SVIZ>59,740000</SVIZ>
    <BSP>59,740000</BSP>
    <MALT>54,110000</MALT>
    <XAUS>59,740000</XAUS>
    <XFRA>59,740000</XFRA>
  </Prezzi>
  <Prezzi>
    <Data>20160106</Data>
    <Mercato>MGP</Mercato>
    <Ora>19</Ora>
    <PUN>60,716240</PUN>
    <NAT>55,920000</NAT>
    <CNOR>61,200000</CNOR>
    <CSUD>61,200000</CSUD>
    <NORD>61,200000</NORD>
    <SARD>61,200000</SARD>
    <SICI>54,110000</SICI>
    <SUD>61,200000</SUD>
    <AUST>61,200000</AUST>
    <BRNN>61,200000</BRNN>
    <COAC>61,200000</COAC>
    <CORS>61,200000</CORS>
    <FOGN>61,200000</FOGN>
    <FRAN>61,200000</FRAN>
    <GREC>61,200000</GREC>
    <MFTV>61,200000</MFTV>
    <PRGP>54,110000</PRGP>
    <ROSN>61,200000</ROSN>
    <SLOV>61,200000</SLOV>
    <SVIZ>61,200000</SVIZ>
    <BSP>61,200000</BSP>
    <MALT>54,110000</MALT>
    <XAUS>61,200000</XAUS>
    <XFRA>61,200000</XFRA>
  </Prezzi>
  <Prezzi>
    <Data>20160106</Data>
    <Mercato>MGP</Mercato>
    <Ora>20</Ora>
    <PUN>57,289230</PUN>
    <NAT>55,500000</NAT>
    <CNOR>57,860000</CNOR>
    <CSUD>57,860000</CSUD>
    <NORD>57,860000</NORD>
    <SARD>57,860000</SARD>
    <SICI>54,110000</SICI>
    <SUD>55,320000</SUD>
    <AUST>57,860000</AUST>
    <BRNN>55,320000</BRNN>
    <COAC>57,860000</COAC>
    <CORS>57,860000</CORS>
    <FOGN>55,320000</FOGN>
    <FRAN>57,860000</FRAN>
    <GREC>55,320000</GREC>
    <MFTV>57,860000</MFTV>
    <PRGP>54,110000</PRGP>
    <ROSN>55,320000</ROSN>
    <SLOV>57,860000</SLOV>
    <SVIZ>57,860000</SVIZ>
    <BSP>57,860000</BSP>
    <MALT>54,110000</MALT>
    <XAUS>57,860000</XAUS>
    <XFRA>57,860000</XFRA>
  </Prezzi>
  <Prezzi>
    <Data>20160106</Data>
    <Mercato>MGP</Mercato>
    <Ora>21</Ora>
    <PUN>55,676370</PUN>
    <NAT>54,890000</NAT>
    <CNOR>55,820000</CNOR>
    <CSUD>55,820000</CSUD>
    <NORD>55,820000</NORD>
    <SARD>55,820000</SARD>
    <SICI>53,820000</SICI>
    <SUD>55,820000</SUD>
    <AUST>55,820000</AUST>
    <BRNN>55,820000</BRNN>
    <COAC>55,820000</COAC>
    <CORS>55,820000</CORS>
    <FOGN>55,820000</FOGN>
    <FRAN>55,820000</FRAN>
    <GREC>55,820000</GREC>
    <MFTV>55,820000</MFTV>
    <PRGP>53,820000</PRGP>
    <ROSN>55,820000</ROSN>
    <SLOV>55,820000</SLOV>
    <SVIZ>55,820000</SVIZ>
    <BSP>55,820000</BSP>
    <MALT>53,820000</MALT>
    <XAUS>55,820000</XAUS>
    <XFRA>55,820000</XFRA>
  </Prezzi>
  <Prezzi>
    <Data>20160106</Data>
    <Mercato>MGP</Mercato>
    <Ora>22</Ora>
    <PUN>52,501480</PUN>
    <NAT>52,520000</NAT>
    <CNOR>52,500000</CNOR>
    <CSUD>52,500000</CSUD>
    <NORD>52,500000</NORD>
    <SARD>52,500000</SARD>
    <SICI>52,520000</SICI>
    <SUD>52,500000</SUD>
    <AUST>52,500000</AUST>
    <BRNN>52,500000</BRNN>
    <COAC>52,500000</COAC>
    <CORS>52,500000</CORS>
    <FOGN>52,500000</FOGN>
    <FRAN>52,500000</FRAN>
    <GREC>52,500000</GREC>
    <MFTV>52,500000</MFTV>
    <PRGP>52,520000</PRGP>
    <ROSN>52,500000</ROSN>
    <SLOV>52,500000</SLOV>
    <SVIZ>52,500000</SVIZ>
    <BSP>52,500000</BSP>
    <MALT>52,520000</MALT>
    <XAUS>52,500000</XAUS>
    <XFRA>52,500000</XFRA>
  </Prezzi>
  <Prezzi>
    <Data>20160106</Data>
    <Mercato>MGP</Mercato>
    <Ora>23</Ora>
    <PUN>45,130360</PUN>
    <NAT>45,000000</NAT>
    <CNOR>44,660000</CNOR>
    <CSUD>44,660000</CSUD>
    <NORD>44,660000</NORD>
    <SARD>44,660000</SARD>
    <SICI>51,060000</SICI>
    <SUD>44,660000</SUD>
    <AUST>44,660000</AUST>
    <BRNN>44,660000</BRNN>
    <COAC>44,660000</COAC>
    <CORS>44,660000</CORS>
    <FOGN>44,660000</FOGN>
    <FRAN>44,660000</FRAN>
    <GREC>44,660000</GREC>
    <MFTV>44,660000</MFTV>
    <PRGP>51,060000</PRGP>
    <ROSN>44,660000</ROSN>
    <SLOV>44,660000</SLOV>
    <SVIZ>44,660000</SVIZ>
    <BSP>44,660000</BSP>
    <MALT>51,060000</MALT>
    <XAUS>44,660000</XAUS>
    <XFRA>44,660000</XFRA>
  </Prezzi>
  <Prezzi>
    <Data>20160106</Data>
    <Mercato>MGP</Mercato>
    <Ora>24</Ora>
    <PUN>39,770000</PUN>
    <NAT>39,770000</NAT>
    <CNOR>39,770000</CNOR>
    <CSUD>39,770000</CSUD>
    <NORD>39,770000</NORD>
    <SARD>39,770000</SARD>
    <SICI>39,770000</SICI>
    <SUD>39,770000</SUD>
    <AUST>39,770000</AUST>
    <BRNN>39,770000</BRNN>
    <COAC>39,770000</COAC>
    <CORS>39,770000</CORS>
    <FOGN>39,770000</FOGN>
    <FRAN>39,770000</FRAN>
    <GREC>39,770000</GREC>
    <MFTV>39,770000</MFTV>
    <PRGP>39,770000</PRGP>
    <ROSN>39,770000</ROSN>
    <SLOV>39,770000</SLOV>
    <SVIZ>39,770000</SVIZ>
    <BSP>39,770000</BSP>
    <MALT>39,770000</MALT>
    <XAUS>39,770000</XAUS>
    <XFRA>39,770000</XFRA>
  </Prezzi>
</NewDataSet>