<?xml version="1.0" standalone="yes"?>
<NewDataSet>
  <xs:schema id="NewDataSet" xmlns="" xmlns:xs="http://www.w3.org/2001/XMLSchema" xmlns:msdata="urn:schemas-microsoft-com:xml-msdata">
    <xs:element name="NewDataSet" msdata:IsDataSet="true" msdata:UseCurrentLocale="true">
      <xs:complexType>
        <xs:choice minOccurs="0" maxOccurs="unbounded">
          <xs:element name="Prezzi">
            <xs:complexType>
              <xs:sequence>
                <xs:element name="Data" type="xs:string" minOccurs="0" />
                <xs:element name="Mercato" type="xs:string" minOccurs="0" />
                <xs:element name="Ora" type="xs:string" minOccurs="0" />
                <xs:element name="PUN" type="xs:string" minOccurs="0" />
                <xs:element name="NAT" type="xs:string" minOccurs="0" />
                <xs:element name="CNOR" type="xs:string" minOccurs="0" />
                <xs:element name="CSUD" type="xs:string" minOccurs="0" />
                <xs:element name="NORD" type="xs:string" minOccurs="0" />
                <xs:element name="SARD" type="xs:string" minOccurs="0" />
                <xs:element name="SICI" type="xs:string" minOccurs="0" />
                <xs:element name="SUD" type="xs:string" minOccurs="0" />
                <xs:element name="AUST" type="xs:string" minOccurs="0" />
                <xs:element name="BRNN" type="xs:string" minOccurs="0" />
                <xs:element name="COAC" type="xs:string" minOccurs="0" />
                <xs:element name="CORS" type="xs:string" minOccurs="0" />
                <xs:element name="FOGN" type="xs:string" minOccurs="0" />
                <xs:element name="FRAN" type="xs:string" minOccurs="0" />
                <xs:element name="GREC" type="xs:string" minOccurs="0" />
                <xs:element name="MFTV" type="xs:string" minOccurs="0" />
                <xs:element name="PRGP" type="xs:string" minOccurs="0" />
                <xs:element name="ROSN" type="xs:string" minOccurs="0" />
                <xs:element name="SLOV" type="xs:string" minOccurs="0" />
                <xs:element name="SVIZ" type="xs:string" minOccurs="0" />
                <xs:element name="BSP" type="xs:string" minOccurs="0" />
                <xs:element name="MALT" type="xs:string" minOccurs="0" />
                <xs:element name="XAUS" type="xs:string" minOccurs="0" />
                <xs:element name="XFRA" type="xs:string" minOccurs="0" />
              </xs:sequence>
            </xs:complexType>
          </xs:element>
        </xs:choice>
      </xs:complexType>
    </xs:element>
  </xs:schema>
  <Prezzi>
    <Data>20160105</Data>
    <Mercato>MGP</Mercato>
    <Ora>1</Ora>
    <PUN>32,035850</PUN>
    <NAT>32,000000</NAT>
    <CNOR>31,810000</CNOR>
    <CSUD>31,810000</CSUD>
    <NORD>31,810000</NORD>
    <SARD>31,810000</SARD>
    <SICI>35,000000</SICI>
    <SUD>31,810000</SUD>
    <AUST>31,810000</AUST>
    <BRNN>31,810000</BRNN>
    <COAC>31,810000</COAC>
    <CORS>31,810000</CORS>
    <FOGN>31,810000</FOGN>
    <FRAN>31,810000</FRAN>
    <GREC>31,810000</GREC>
    <MFTV>31,810000</MFTV>
    <PRGP>35,000000</PRGP>
    <ROSN>31,810000</ROSN>
    <SLOV>31,810000</SLOV>
    <SVIZ>31,810000</SVIZ>
    <BSP>31,810000</BSP>
    <MALT>35,000000</MALT>
    <XAUS>31,810000</XAUS>
    <XFRA>31,810000</XFRA>
  </Prezzi>
  <Prezzi>
    <Data>20160105</Data>
    <Mercato>MGP</Mercato>
    <Ora>2</Ora>
    <PUN>24,416960</PUN>
    <NAT>23,100000</NAT>
    <CNOR>24,416960</CNOR>
    <CSUD>24,416960</CSUD>
    <NORD>24,416960</NORD>
    <SARD>24,416960</SARD>
    <SICI>24,416960</SICI>
    <SUD>24,416960</SUD>
    <AUST>24,416960</AUST>
    <BRNN>24,416960</BRNN>
    <COAC>24,416960</COAC>
    <CORS>24,416960</CORS>
    <FOGN>24,416960</FOGN>
    <FRAN>24,416960</FRAN>
    <GREC>24,416960</GREC>
    <MFTV>24,416960</MFTV>
    <PRGP>24,416960</PRGP>
    <ROSN>24,416960</ROSN>
    <SLOV>24,416960</SLOV>
    <SVIZ>24,416960</SVIZ>
    <BSP>24,416960</BSP>
    <MALT>24,416960</MALT>
    <XAUS>24,416960</XAUS>
    <XFRA>24,416960</XFRA>
  </Prezzi>
  <Prezzi>
    <Data>20160105</Data>
    <Mercato>MGP</Mercato>
    <Ora>3</Ora>
    <PUN>22,341250</PUN>
    <NAT>21,470000</NAT>
    <CNOR>22,341250</CNOR>
    <CSUD>22,341250</CSUD>
    <NORD>22,341250</NORD>
    <SARD>22,341250</SARD>
    <SICI>22,341250</SICI>
    <SUD>22,341250</SUD>
    <AUST>22,341250</AUST>
    <BRNN>22,341250</BRNN>
    <COAC>22,341250</COAC>
    <CORS>22,341250</CORS>
    <FOGN>22,341250</FOGN>
    <FRAN>22,341250</FRAN>
    <GREC>22,341250</GREC>
    <MFTV>22,341250</MFTV>
    <PRGP>22,341250</PRGP>
    <ROSN>22,341250</ROSN>
    <SLOV>22,341250</SLOV>
    <SVIZ>22,341250</SVIZ>
    <BSP>22,341250</BSP>
    <MALT>22,341250</MALT>
    <XAUS>22,341250</XAUS>
    <XFRA>22,341250</XFRA>
  </Prezzi>
  <Prezzi>
    <Data>20160105</Data>
    <Mercato>MGP</Mercato>
    <Ora>4</Ora>
    <PUN>21,500000</PUN>
    <NAT>21,500000</NAT>
    <CNOR>21,500000</CNOR>
    <CSUD>21,500000</CSUD>
    <NORD>21,500000</NORD>
    <SARD>21,500000</SARD>
    <SICI>21,500000</SICI>
    <SUD>21,500000</SUD>
    <AUST>21,500000</AUST>
    <BRNN>21,500000</BRNN>
    <COAC>21,500000</COAC>
    <CORS>21,500000</CORS>
    <FOGN>21,500000</FOGN>
    <FRAN>21,500000</FRAN>
    <GREC>21,500000</GREC>
    <MFTV>21,500000</MFTV>
    <PRGP>21,500000</PRGP>
    <ROSN>21,500000</ROSN>
    <SLOV>21,500000</SLOV>
    <SVIZ>21,500000</SVIZ>
    <BSP>21,500000</BSP>
    <MALT>21,500000</MALT>
    <XAUS>21,500000</XAUS>
    <XFRA>21,500000</XFRA>
  </Prezzi>
  <Prezzi>
    <Data>20160105</Data>
    <Mercato>MGP</Mercato>
    <Ora>5</Ora>
    <PUN>20,000000</PUN>
    <NAT>20,000000</NAT>
    <CNOR>20,000000</CNOR>
    <CSUD>20,000000</CSUD>
    <NORD>20,000000</NORD>
    <SARD>20,000000</SARD>
    <SICI>20,000000</SICI>
    <SUD>20,000000</SUD>
    <AUST>20,000000</AUST>
    <BRNN>20,000000</BRNN>
    <COAC>20,000000</COAC>
    <CORS>20,000000</CORS>
    <FOGN>20,000000</FOGN>
    <FRAN>20,000000</FRAN>
    <GREC>20,000000</GREC>
    <MFTV>20,000000</MFTV>
    <PRGP>20,000000</PRGP>
    <ROSN>20,000000</ROSN>
    <SLOV>20,000000</SLOV>
    <SVIZ>20,000000</SVIZ>
    <BSP>20,000000</BSP>
    <MALT>20,000000</MALT>
    <XAUS>20,000000</XAUS>
    <XFRA>20,000000</XFRA>
  </Prezzi>
  <Prezzi>
    <Data>20160105</Data>
    <Mercato>MGP</Mercato>
    <Ora>6</Ora>
    <PUN>29,030000</PUN>
    <NAT>29,030000</NAT>
    <CNOR>29,030000</CNOR>
    <CSUD>29,030000</CSUD>
    <NORD>29,030000</NORD>
    <SARD>29,030000</SARD>
    <SICI>29,030000</SICI>
    <SUD>29,030000</SUD>
    <AUST>29,030000</AUST>
    <BRNN>29,030000</BRNN>
    <COAC>29,030000</COAC>
    <CORS>29,030000</CORS>
    <FOGN>29,030000</FOGN>
    <FRAN>29,030000</FRAN>
    <GREC>29,030000</GREC>
    <MFTV>29,030000</MFTV>
    <PRGP>29,030000</PRGP>
    <ROSN>29,030000</ROSN>
    <SLOV>29,030000</SLOV>
    <SVIZ>29,030000</SVIZ>
    <BSP>29,030000</BSP>
    <MALT>29,030000</MALT>
    <XAUS>29,030000</XAUS>
    <XFRA>29,030000</XFRA>
  </Prezzi>
  <Prezzi>
    <Data>20160105</Data>
    <Mercato>MGP</Mercato>
    <Ora>7</Ora>
    <PUN>39,260000</PUN>
    <NAT>39,260000</NAT>
    <CNOR>39,260000</CNOR>
    <CSUD>39,260000</CSUD>
    <NORD>39,260000</NORD>
    <SARD>39,260000</SARD>
    <SICI>39,260000</SICI>
    <SUD>39,260000</SUD>
    <AUST>39,260000</AUST>
    <BRNN>39,260000</BRNN>
    <COAC>39,260000</COAC>
    <CORS>39,260000</CORS>
    <FOGN>39,260000</FOGN>
    <FRAN>39,260000</FRAN>
    <GREC>39,260000</GREC>
    <MFTV>39,260000</MFTV>
    <PRGP>39,260000</PRGP>
    <ROSN>39,260000</ROSN>
    <SLOV>39,260000</SLOV>
    <SVIZ>39,260000</SVIZ>
    <BSP>39,260000</BSP>
    <MALT>39,260000</MALT>
    <XAUS>39,260000</XAUS>
    <XFRA>39,260000</XFRA>
  </Prezzi>
  <Prezzi>
    <Data>20160105</Data>
    <Mercato>MGP</Mercato>
    <Ora>8</Ora>
    <PUN>52,990000</PUN>
    <NAT>52,990000</NAT>
    <CNOR>52,990000</CNOR>
    <CSUD>52,990000</CSUD>
    <NORD>52,990000</NORD>
    <SARD>52,990000</SARD>
    <SICI>52,990000</SICI>
    <SUD>52,990000</SUD>
    <AUST>52,990000</AUST>
    <BRNN>52,990000</BRNN>
    <COAC>52,990000</COAC>
    <CORS>52,990000</CORS>
    <FOGN>52,990000</FOGN>
    <FRAN>52,990000</FRAN>
    <GREC>52,990000</GREC>
    <MFTV>52,990000</MFTV>
    <PRGP>52,990000</PRGP>
    <ROSN>52,990000</ROSN>
    <SLOV>52,990000</SLOV>
    <SVIZ>52,990000</SVIZ>
    <BSP>52,990000</BSP>
    <MALT>52,990000</MALT>
    <XAUS>52,990000</XAUS>
    <XFRA>52,990000</XFRA>
  </Prezzi>
  <Prezzi>
    <Data>20160105</Data>
    <Mercato>MGP</Mercato>
    <Ora>9</Ora>
    <PUN>54,446340</PUN>
    <NAT>54,010000</NAT>
    <CNOR>54,850000</CNOR>
    <CSUD>54,850000</CSUD>
    <NORD>54,850000</NORD>
    <SARD>54,850000</SARD>
    <SICI>52,470000</SICI>
    <SUD>52,470000</SUD>
    <AUST>54,850000</AUST>
    <BRNN>52,470000</BRNN>
    <COAC>54,850000</COAC>
    <CORS>54,850000</CORS>
    <FOGN>52,470000</FOGN>
    <FRAN>54,850000</FRAN>
    <GREC>52,470000</GREC>
    <MFTV>54,850000</MFTV>
    <PRGP>52,470000</PRGP>
    <ROSN>52,470000</ROSN>
    <SLOV>54,850000</SLOV>
    <SVIZ>54,850000</SVIZ>
    <BSP>54,850000</BSP>
    <MALT>52,470000</MALT>
    <XAUS>54,850000</XAUS>
    <XFRA>54,850000</XFRA>
  </Prezzi>
  <Prezzi>
    <Data>20160105</Data>
    <Mercato>MGP</Mercato>
    <Ora>10</Ora>
    <PUN>54,573960</PUN>
    <NAT>54,050000</NAT>
    <CNOR>55,000000</CNOR>
    <CSUD>55,000000</CSUD>
    <NORD>55,000000</NORD>
    <SARD>55,000000</SARD>
    <SICI>52,470000</SICI>
    <SUD>52,470000</SUD>
    <AUST>55,000000</AUST>
    <BRNN>52,470000</BRNN>
    <COAC>55,000000</COAC>
    <CORS>55,000000</CORS>
    <FOGN>52,470000</FOGN>
    <FRAN>55,000000</FRAN>
    <GREC>52,470000</GREC>
    <MFTV>55,000000</MFTV>
    <PRGP>52,470000</PRGP>
    <ROSN>52,470000</ROSN>
    <SLOV>55,000000</SLOV>
    <SVIZ>55,000000</SVIZ>
    <BSP>55,000000</BSP>
    <MALT>52,470000</MALT>
    <XAUS>55,000000</XAUS>
    <XFRA>55,000000</XFRA>
  </Prezzi>
  <Prezzi>
    <Data>20160105</Data>
    <Mercato>MGP</Mercato>
    <Ora>11</Ora>
    <PUN>53,467490</PUN>
    <NAT>52,990000</NAT>
    <CNOR>54,890000</CNOR>
    <CSUD>54,890000</CSUD>
    <NORD>54,890000</NORD>
    <SARD>54,890000</SARD>
    <SICI>51,010000</SICI>
    <SUD>43,570000</SUD>
    <AUST>54,890000</AUST>
    <BRNN>43,570000</BRNN>
    <COAC>54,890000</COAC>
    <CORS>54,890000</CORS>
    <FOGN>43,570000</FOGN>
    <FRAN>54,890000</FRAN>
    <GREC>43,570000</GREC>
    <MFTV>54,890000</MFTV>
    <PRGP>51,010000</PRGP>
    <ROSN>43,570000</ROSN>
    <SLOV>54,890000</SLOV>
    <SVIZ>54,890000</SVIZ>
    <BSP>54,890000</BSP>
    <MALT>51,010000</MALT>
    <XAUS>54,890000</XAUS>
    <XFRA>54,890000</XFRA>
  </Prezzi>
  <Prezzi>
    <Data>20160105</Data>
    <Mercato>MGP</Mercato>
    <Ora>12</Ora>
    <PUN>52,000000</PUN>
    <NAT>48,200000</NAT>
    <CNOR>53,861860</CNOR>
    <CSUD>53,861860</CSUD>
    <NORD>53,861860</NORD>
    <SARD>53,861860</SARD>
    <SICI>42,370000</SICI>
    <SUD>42,370000</SUD>
    <AUST>53,861860</AUST>
    <BRNN>42,370000</BRNN>
    <COAC>53,861860</COAC>
    <CORS>53,861860</CORS>
    <FOGN>42,370000</FOGN>
    <FRAN>53,861860</FRAN>
    <GREC>42,370000</GREC>
    <MFTV>53,861860</MFTV>
    <PRGP>42,370000</PRGP>
    <ROSN>42,370000</ROSN>
    <SLOV>53,861860</SLOV>
    <SVIZ>53,861860</SVIZ>
    <BSP>53,861860</BSP>
    <MALT>42,370000</MALT>
    <XAUS>53,861860</XAUS>
    <XFRA>53,861860</XFRA>
  </Prezzi>
  <Prezzi>
    <Data>20160105</Data>
    <Mercato>MGP</Mercato>
    <Ora>13</Ora>
    <PUN>46,731980</PUN>
    <NAT>45,000000</NAT>
    <CNOR>48,200000</CNOR>
    <CSUD>48,200000</CSUD>
    <NORD>48,200000</NORD>
    <SARD>48,200000</SARD>
    <SICI>39,480000</SICI>
    <SUD>39,480000</SUD>
    <AUST>48,200000</AUST>
    <BRNN>39,480000</BRNN>
    <COAC>48,200000</COAC>
    <CORS>48,200000</CORS>
    <FOGN>39,480000</FOGN>
    <FRAN>48,200000</FRAN>
    <GREC>39,480000</GREC>
    <MFTV>48,200000</MFTV>
    <PRGP>39,480000</PRGP>
    <ROSN>39,480000</ROSN>
    <SLOV>48,200000</SLOV>
    <SVIZ>48,200000</SVIZ>
    <BSP>48,200000</BSP>
    <MALT>39,480000</MALT>
    <XAUS>48,200000</XAUS>
    <XFRA>48,200000</XFRA>
  </Prezzi>
  <Prezzi>
    <Data>20160105</Data>
    <Mercato>MGP</Mercato>
    <Ora>14</Ora>
    <PUN>44,013840</PUN>
    <NAT>43,260000</NAT>
    <CNOR>41,640000</CNOR>
    <CSUD>41,640000</CSUD>
    <NORD>46,650000</NORD>
    <SARD>41,640000</SARD>
    <SICI>39,480000</SICI>
    <SUD>39,480000</SUD>
    <AUST>46,650000</AUST>
    <BRNN>39,480000</BRNN>
    <COAC>41,640000</COAC>
    <CORS>41,640000</CORS>
    <FOGN>39,480000</FOGN>
    <FRAN>46,650000</FRAN>
    <GREC>39,480000</GREC>
    <MFTV>46,650000</MFTV>
    <PRGP>39,480000</PRGP>
    <ROSN>39,480000</ROSN>
    <SLOV>46,650000</SLOV>
    <SVIZ>46,650000</SVIZ>
    <BSP>46,650000</BSP>
    <MALT>39,480000</MALT>
    <XAUS>46,650000</XAUS>
    <XFRA>46,650000</XFRA>
  </Prezzi>
  <Prezzi>
    <Data>20160105</Data>
    <Mercato>MGP</Mercato>
    <Ora>15</Ora>
    <PUN>45,779410</PUN>
    <NAT>43,490000</NAT>
    <CNOR>45,500000</CNOR>
    <CSUD>45,500000</CSUD>
    <NORD>48,000000</NORD>
    <SARD>45,500000</SARD>
    <SICI>38,790000</SICI>
    <SUD>38,790000</SUD>
    <AUST>48,000000</AUST>
    <BRNN>38,790000</BRNN>
    <COAC>45,500000</COAC>
    <CORS>45,500000</CORS>
    <FOGN>38,790000</FOGN>
    <FRAN>48,000000</FRAN>
    <GREC>38,790000</GREC>
    <MFTV>48,000000</MFTV>
    <PRGP>38,790000</PRGP>
    <ROSN>38,790000</ROSN>
    <SLOV>48,000000</SLOV>
    <SVIZ>48,000000</SVIZ>
    <BSP>48,000000</BSP>
    <MALT>38,790000</MALT>
    <XAUS>48,000000</XAUS>
    <XFRA>48,000000</XFRA>
  </Prezzi>
  <Prezzi>
    <Data>20160105</Data>
    <Mercato>MGP</Mercato>
    <Ora>16</Ora>
    <PUN>50,680320</PUN>
    <NAT>48,690000</NAT>
    <CNOR>52,000000</CNOR>
    <CSUD>52,000000</CSUD>
    <NORD>52,000000</NORD>
    <SARD>52,000000</SARD>
    <SICI>51,010000</SICI>
    <SUD>40,140000</SUD>
    <AUST>52,000000</AUST>
    <BRNN>40,140000</BRNN>
    <COAC>52,000000</COAC>
    <CORS>52,000000</CORS>
    <FOGN>40,140000</FOGN>
    <FRAN>52,000000</FRAN>
    <GREC>40,140000</GREC>
    <MFTV>52,000000</MFTV>
    <PRGP>51,010000</PRGP>
    <ROSN>40,140000</ROSN>
    <SLOV>52,000000</SLOV>
    <SVIZ>52,000000</SVIZ>
    <BSP>52,000000</BSP>
    <MALT>51,010000</MALT>
    <XAUS>52,000000</XAUS>
    <XFRA>52,000000</XFRA>
  </Prezzi>
  <Prezzi>
    <Data>20160105</Data>
    <Mercato>MGP</Mercato>
    <Ora>17</Ora>
    <PUN>54,714940</PUN>
    <NAT>53,330000</NAT>
    <CNOR>56,650000</CNOR>
    <CSUD>56,650000</CSUD>
    <NORD>56,650000</NORD>
    <SARD>56,650000</SARD>
    <SICI>52,470000</SICI>
    <SUD>41,480000</SUD>
    <AUST>56,650000</AUST>
    <BRNN>41,480000</BRNN>
    <COAC>56,650000</COAC>
    <CORS>56,650000</CORS>
    <FOGN>41,480000</FOGN>
    <FRAN>56,650000</FRAN>
    <GREC>41,480000</GREC>
    <MFTV>56,650000</MFTV>
    <PRGP>52,470000</PRGP>
    <ROSN>41,480000</ROSN>
    <SLOV>56,650000</SLOV>
    <SVIZ>56,650000</SVIZ>
    <BSP>56,650000</BSP>
    <MALT>52,470000</MALT>
    <XAUS>56,650000</XAUS>
    <XFRA>56,650000</XFRA>
  </Prezzi>
  <Prezzi>
    <Data>20160105</Data>
    <Mercato>MGP</Mercato>
    <Ora>18</Ora>
    <PUN>57,953190</PUN>
    <NAT>55,920000</NAT>
    <CNOR>60,000000</CNOR>
    <CSUD>60,000000</CSUD>
    <NORD>60,000000</NORD>
    <SARD>60,000000</SARD>
    <SICI>55,110000</SICI>
    <SUD>45,000000</SUD>
    <AUST>60,000000</AUST>
    <BRNN>45,000000</BRNN>
    <COAC>60,000000</COAC>
    <CORS>60,000000</CORS>
    <FOGN>45,000000</FOGN>
    <FRAN>60,000000</FRAN>
    <GREC>45,000000</GREC>
    <MFTV>60,000000</MFTV>
    <PRGP>55,110000</PRGP>
    <ROSN>45,000000</ROSN>
    <SLOV>60,000000</SLOV>
    <SVIZ>60,000000</SVIZ>
    <BSP>60,000000</BSP>
    <MALT>55,110000</MALT>
    <XAUS>60,000000</XAUS>
    <XFRA>60,000000</XFRA>
  </Prezzi>
  <Prezzi>
    <Data>20160105</Data>
    <Mercato>MGP</Mercato>
    <Ora>19</Ora>
    <PUN>57,275550</PUN>
    <NAT>55,990000</NAT>
    <CNOR>58,990000</CNOR>
    <CSUD>58,990000</CSUD>
    <NORD>58,990000</NORD>
    <SARD>58,990000</SARD>
    <SICI>55,110000</SICI>
    <SUD>46,610000</SUD>
    <AUST>58,990000</AUST>
    <BRNN>46,610000</BRNN>
    <COAC>58,990000</COAC>
    <CORS>58,990000</CORS>
    <FOGN>46,610000</FOGN>
    <FRAN>58,990000</FRAN>
    <GREC>46,610000</GREC>
    <MFTV>58,990000</MFTV>
    <PRGP>55,110000</PRGP>
    <ROSN>46,610000</ROSN>
    <SLOV>58,990000</SLOV>
    <SVIZ>58,990000</SVIZ>
    <BSP>58,990000</BSP>
    <MALT>55,110000</MALT>
    <XAUS>58,990000</XAUS>
    <XFRA>58,990000</XFRA>
  </Prezzi>
  <Prezzi>
    <Data>20160105</Data>
    <Mercato>MGP</Mercato>
    <Ora>20</Ora>
    <PUN>54,346820</PUN>
    <NAT>55,110000</NAT>
    <CNOR>55,500000</CNOR>
    <CSUD>55,500000</CSUD>
    <NORD>55,500000</NORD>
    <SARD>55,500000</SARD>
    <SICI>55,110000</SICI>
    <SUD>46,000000</SUD>
    <AUST>55,500000</AUST>
    <BRNN>46,000000</BRNN>
    <COAC>55,500000</COAC>
    <CORS>55,500000</CORS>
    <FOGN>46,000000</FOGN>
    <FRAN>55,500000</FRAN>
    <GREC>46,000000</GREC>
    <MFTV>55,500000</MFTV>
    <PRGP>55,110000</PRGP>
    <ROSN>46,000000</ROSN>
    <SLOV>55,500000</SLOV>
    <SVIZ>55,500000</SVIZ>
    <BSP>55,500000</BSP>
    <MALT>55,110000</MALT>
    <XAUS>55,500000</XAUS>
    <XFRA>55,500000</XFRA>
  </Prezzi>
  <Prezzi>
    <Data>20160105</Data>
    <Mercato>MGP</Mercato>
    <Ora>21</Ora>
    <PUN>52,295060</PUN>
    <NAT>52,470000</NAT>
    <CNOR>52,990000</CNOR>
    <CSUD>52,990000</CSUD>
    <NORD>52,990000</NORD>
    <SARD>52,990000</SARD>
    <SICI>55,110000</SICI>
    <SUD>45,910000</SUD>
    <AUST>52,990000</AUST>
    <BRNN>45,910000</BRNN>
    <COAC>52,990000</COAC>
    <CORS>52,990000</CORS>
    <FOGN>45,910000</FOGN>
    <FRAN>52,990000</FRAN>
    <GREC>45,910000</GREC>
    <MFTV>52,990000</MFTV>
    <PRGP>55,110000</PRGP>
    <ROSN>45,910000</ROSN>
    <SLOV>52,990000</SLOV>
    <SVIZ>52,990000</SVIZ>
    <BSP>52,990000</BSP>
    <MALT>55,110000</MALT>
    <XAUS>52,990000</XAUS>
    <XFRA>52,990000</XFRA>
  </Prezzi>
  <Prezzi>
    <Data>20160105</Data>
    <Mercato>MGP</Mercato>
    <Ora>22</Ora>
    <PUN>46,842160</PUN>
    <NAT>47,790000</NAT>
    <CNOR>46,670000</CNOR>
    <CSUD>46,670000</CSUD>
    <NORD>46,670000</NORD>
    <SARD>46,670000</SARD>
    <SICI>54,050000</SICI>
    <SUD>43,380000</SUD>
    <AUST>46,670000</AUST>
    <BRNN>43,380000</BRNN>
    <COAC>46,670000</COAC>
    <CORS>46,670000</CORS>
    <FOGN>43,380000</FOGN>
    <FRAN>46,670000</FRAN>
    <GREC>43,380000</GREC>
    <MFTV>46,670000</MFTV>
    <PRGP>54,050000</PRGP>
    <ROSN>43,380000</ROSN>
    <SLOV>46,670000</SLOV>
    <SVIZ>46,670000</SVIZ>
    <BSP>46,670000</BSP>
    <MALT>54,050000</MALT>
    <XAUS>46,670000</XAUS>
    <XFRA>46,670000</XFRA>
  </Prezzi>
  <Prezzi>
    <Data>20160105</Data>
    <Mercato>MGP</Mercato>
    <Ora>23</Ora>
    <PUN>44,087270</PUN>
    <NAT>43,500000</NAT>
    <CNOR>43,480000</CNOR>
    <CSUD>43,480000</CSUD>
    <NORD>43,480000</NORD>
    <SARD>43,480000</SARD>
    <SICI>53,330000</SICI>
    <SUD>42,390000</SUD>
    <AUST>43,480000</AUST>
    <BRNN>42,390000</BRNN>
    <COAC>43,480000</COAC>
    <CORS>43,480000</CORS>
    <FOGN>42,390000</FOGN>
    <FRAN>43,480000</FRAN>
    <GREC>42,390000</GREC>
    <MFTV>43,480000</MFTV>
    <PRGP>53,330000</PRGP>
    <ROSN>42,390000</ROSN>
    <SLOV>43,480000</SLOV>
    <SVIZ>43,480000</SVIZ>
    <BSP>43,480000</BSP>
    <MALT>53,330000</MALT>
    <XAUS>43,480000</XAUS>
    <XFRA>43,480000</XFRA>
  </Prezzi>
  <Prezzi>
    <Data>20160105</Data>
    <Mercato>MGP</Mercato>
    <Ora>24</Ora>
    <PUN>40,121100</PUN>
    <NAT>39,300000</NAT>
    <CNOR>39,260000</CNOR>
    <CSUD>39,260000</CSUD>
    <NORD>39,260000</NORD>
    <SARD>39,260000</SARD>
    <SICI>51,010000</SICI>
    <SUD>39,260000</SUD>
    <AUST>39,260000</AUST>
    <BRNN>39,260000</BRNN>
    <COAC>39,260000</COAC>
    <CORS>39,260000</CORS>
    <FOGN>39,260000</FOGN>
    <FRAN>39,260000</FRAN>
    <GREC>39,260000</GREC>
    <MFTV>39,260000</MFTV>
    <PRGP>51,010000</PRGP>
    <ROSN>39,260000</ROSN>
    <SLOV>39,260000</SLOV>
    <SVIZ>39,260000</SVIZ>
    <BSP>39,260000</BSP>
    <MALT>51,010000</MALT>
    <XAUS>39,260000</XAUS>
    <XFRA>39,260000</XFRA>
  </Prezzi>
</NewDataSet>