<?xml version="1.0" standalone="yes"?>
<NewDataSet>
  <xs:schema id="NewDataSet" xmlns="" xmlns:xs="http://www.w3.org/2001/XMLSchema" xmlns:msdata="urn:schemas-microsoft-com:xml-msdata">
    <xs:element name="NewDataSet" msdata:IsDataSet="true" msdata:UseCurrentLocale="true">
      <xs:complexType>
        <xs:choice minOccurs="0" maxOccurs="unbounded">
          <xs:element name="Prezzi">
            <xs:complexType>
              <xs:sequence>
                <xs:element name="Data" type="xs:string" minOccurs="0" />
                <xs:element name="Mercato" type="xs:string" minOccurs="0" />
                <xs:element name="Ora" type="xs:string" minOccurs="0" />
                <xs:element name="PUN" type="xs:string" minOccurs="0" />
                <xs:element name="NAT" type="xs:string" minOccurs="0" />
                <xs:element name="CNOR" type="xs:string" minOccurs="0" />
                <xs:element name="CSUD" type="xs:string" minOccurs="0" />
                <xs:element name="NORD" type="xs:string" minOccurs="0" />
                <xs:element name="SARD" type="xs:string" minOccurs="0" />
                <xs:element name="SICI" type="xs:string" minOccurs="0" />
                <xs:element name="SUD" type="xs:string" minOccurs="0" />
                <xs:element name="AUST" type="xs:string" minOccurs="0" />
                <xs:element name="BRNN" type="xs:string" minOccurs="0" />
                <xs:element name="COAC" type="xs:string" minOccurs="0" />
                <xs:element name="CORS" type="xs:string" minOccurs="0" />
                <xs:element name="FOGN" type="xs:string" minOccurs="0" />
                <xs:element name="FRAN" type="xs:string" minOccurs="0" />
                <xs:element name="GREC" type="xs:string" minOccurs="0" />
                <xs:element name="MFTV" type="xs:string" minOccurs="0" />
                <xs:element name="PRGP" type="xs:string" minOccurs="0" />
                <xs:element name="ROSN" type="xs:string" minOccurs="0" />
                <xs:element name="SLOV" type="xs:string" minOccurs="0" />
                <xs:element name="SVIZ" type="xs:string" minOccurs="0" />
                <xs:element name="BSP" type="xs:string" minOccurs="0" />
                <xs:element name="MALT" type="xs:string" minOccurs="0" />
                <xs:element name="XAUS" type="xs:string" minOccurs="0" />
                <xs:element name="XFRA" type="xs:string" minOccurs="0" />
              </xs:sequence>
            </xs:complexType>
          </xs:element>
        </xs:choice>
      </xs:complexType>
    </xs:element>
  </xs:schema>
  <Prezzi>
    <Data>20160131</Data>
    <Mercato>MGP</Mercato>
    <Ora>1</Ora>
    <PUN>33,547640</PUN>
    <NAT>33,000000</NAT>
    <CNOR>32,490000</CNOR>
    <CSUD>32,490000</CSUD>
    <NORD>32,490000</NORD>
    <SARD>32,490000</SARD>
    <SICI>49,140000</SICI>
    <SUD>32,490000</SUD>
    <AUST>32,490000</AUST>
    <BRNN>32,490000</BRNN>
    <COAC>32,490000</COAC>
    <CORS>32,490000</CORS>
    <FOGN>32,490000</FOGN>
    <FRAN>32,490000</FRAN>
    <GREC>32,490000</GREC>
    <MFTV>32,490000</MFTV>
    <PRGP>49,140000</PRGP>
    <ROSN>32,490000</ROSN>
    <SLOV>32,490000</SLOV>
    <SVIZ>32,490000</SVIZ>
    <BSP>32,490000</BSP>
    <MALT>49,140000</MALT>
    <XAUS>32,490000</XAUS>
    <XFRA>32,490000</XFRA>
  </Prezzi>
  <Prezzi>
    <Data>20160131</Data>
    <Mercato>MGP</Mercato>
    <Ora>2</Ora>
    <PUN>25,601770</PUN>
    <NAT>27,660000</NAT>
    <CNOR>25,000000</CNOR>
    <CSUD>25,000000</CSUD>
    <NORD>25,000000</NORD>
    <SARD>25,000000</SARD>
    <SICI>35,000000</SICI>
    <SUD>25,000000</SUD>
    <AUST>25,000000</AUST>
    <BRNN>25,000000</BRNN>
    <COAC>25,000000</COAC>
    <CORS>25,000000</CORS>
    <FOGN>25,000000</FOGN>
    <FRAN>25,000000</FRAN>
    <GREC>25,000000</GREC>
    <MFTV>25,000000</MFTV>
    <PRGP>35,000000</PRGP>
    <ROSN>25,000000</ROSN>
    <SLOV>25,000000</SLOV>
    <SVIZ>25,000000</SVIZ>
    <BSP>25,000000</BSP>
    <MALT>35,000000</MALT>
    <XAUS>25,000000</XAUS>
    <XFRA>25,000000</XFRA>
  </Prezzi>
  <Prezzi>
    <Data>20160131</Data>
    <Mercato>MGP</Mercato>
    <Ora>3</Ora>
    <PUN>22,790290</PUN>
    <NAT>25,000000</NAT>
    <CNOR>22,480000</CNOR>
    <CSUD>22,480000</CSUD>
    <NORD>22,480000</NORD>
    <SARD>22,480000</SARD>
    <SICI>27,660000</SICI>
    <SUD>22,480000</SUD>
    <AUST>22,480000</AUST>
    <BRNN>22,480000</BRNN>
    <COAC>22,480000</COAC>
    <CORS>22,480000</CORS>
    <FOGN>22,480000</FOGN>
    <FRAN>22,480000</FRAN>
    <GREC>22,480000</GREC>
    <MFTV>22,480000</MFTV>
    <PRGP>27,660000</PRGP>
    <ROSN>22,480000</ROSN>
    <SLOV>22,480000</SLOV>
    <SVIZ>22,480000</SVIZ>
    <BSP>22,480000</BSP>
    <MALT>27,660000</MALT>
    <XAUS>22,480000</XAUS>
    <XFRA>22,480000</XFRA>
  </Prezzi>
  <Prezzi>
    <Data>20160131</Data>
    <Mercato>MGP</Mercato>
    <Ora>4</Ora>
    <PUN>19,680630</PUN>
    <NAT>22,190000</NAT>
    <CNOR>19,180000</CNOR>
    <CSUD>19,180000</CSUD>
    <NORD>19,180000</NORD>
    <SARD>19,180000</SARD>
    <SICI>27,660000</SICI>
    <SUD>19,180000</SUD>
    <AUST>19,180000</AUST>
    <BRNN>19,180000</BRNN>
    <COAC>19,180000</COAC>
    <CORS>19,180000</CORS>
    <FOGN>19,180000</FOGN>
    <FRAN>19,180000</FRAN>
    <GREC>19,180000</GREC>
    <MFTV>19,180000</MFTV>
    <PRGP>27,660000</PRGP>
    <ROSN>19,180000</ROSN>
    <SLOV>19,180000</SLOV>
    <SVIZ>19,180000</SVIZ>
    <BSP>19,180000</BSP>
    <MALT>27,660000</MALT>
    <XAUS>19,180000</XAUS>
    <XFRA>19,180000</XFRA>
  </Prezzi>
  <Prezzi>
    <Data>20160131</Data>
    <Mercato>MGP</Mercato>
    <Ora>5</Ora>
    <PUN>11,360000</PUN>
    <NAT>16,360000</NAT>
    <CNOR>10,350950</CNOR>
    <CSUD>10,350950</CSUD>
    <NORD>10,350950</NORD>
    <SARD>10,350950</SARD>
    <SICI>27,660000</SICI>
    <SUD>10,350950</SUD>
    <AUST>10,350950</AUST>
    <BRNN>10,350950</BRNN>
    <COAC>10,350950</COAC>
    <CORS>10,350950</CORS>
    <FOGN>10,350950</FOGN>
    <FRAN>10,350950</FRAN>
    <GREC>10,350950</GREC>
    <MFTV>10,350950</MFTV>
    <PRGP>27,660000</PRGP>
    <ROSN>10,350950</ROSN>
    <SLOV>10,350950</SLOV>
    <SVIZ>10,350950</SVIZ>
    <BSP>10,350950</BSP>
    <MALT>27,660000</MALT>
    <XAUS>10,350950</XAUS>
    <XFRA>10,350950</XFRA>
  </Prezzi>
  <Prezzi>
    <Data>20160131</Data>
    <Mercato>MGP</Mercato>
    <Ora>6</Ora>
    <PUN>15,739250</PUN>
    <NAT>18,340000</NAT>
    <CNOR>15,000000</CNOR>
    <CSUD>15,000000</CSUD>
    <NORD>15,000000</NORD>
    <SARD>15,000000</SARD>
    <SICI>27,660000</SICI>
    <SUD>15,000000</SUD>
    <AUST>15,000000</AUST>
    <BRNN>15,000000</BRNN>
    <COAC>15,000000</COAC>
    <CORS>15,000000</CORS>
    <FOGN>15,000000</FOGN>
    <FRAN>15,000000</FRAN>
    <GREC>15,000000</GREC>
    <MFTV>15,000000</MFTV>
    <PRGP>27,660000</PRGP>
    <ROSN>15,000000</ROSN>
    <SLOV>15,000000</SLOV>
    <SVIZ>15,000000</SVIZ>
    <BSP>15,000000</BSP>
    <MALT>27,660000</MALT>
    <XAUS>15,000000</XAUS>
    <XFRA>15,000000</XFRA>
  </Prezzi>
  <Prezzi>
    <Data>20160131</Data>
    <Mercato>MGP</Mercato>
    <Ora>7</Ora>
    <PUN>18,800000</PUN>
    <NAT>20,000000</NAT>
    <CNOR>18,260270</CNOR>
    <CSUD>18,260270</CSUD>
    <NORD>18,260270</NORD>
    <SARD>18,260270</SARD>
    <SICI>27,660000</SICI>
    <SUD>18,260270</SUD>
    <AUST>18,260270</AUST>
    <BRNN>18,260270</BRNN>
    <COAC>18,260270</COAC>
    <CORS>18,260270</CORS>
    <FOGN>18,260270</FOGN>
    <FRAN>18,260270</FRAN>
    <GREC>18,260270</GREC>
    <MFTV>18,260270</MFTV>
    <PRGP>27,660000</PRGP>
    <ROSN>18,260270</ROSN>
    <SLOV>18,260270</SLOV>
    <SVIZ>18,260270</SVIZ>
    <BSP>18,260270</BSP>
    <MALT>27,660000</MALT>
    <XAUS>18,260270</XAUS>
    <XFRA>18,260270</XFRA>
  </Prezzi>
  <Prezzi>
    <Data>20160131</Data>
    <Mercato>MGP</Mercato>
    <Ora>8</Ora>
    <PUN>21,591530</PUN>
    <NAT>25,000000</NAT>
    <CNOR>20,800000</CNOR>
    <CSUD>20,800000</CSUD>
    <NORD>20,800000</NORD>
    <SARD>20,800000</SARD>
    <SICI>35,000000</SICI>
    <SUD>20,800000</SUD>
    <AUST>20,800000</AUST>
    <BRNN>20,800000</BRNN>
    <COAC>20,800000</COAC>
    <CORS>20,800000</CORS>
    <FOGN>20,800000</FOGN>
    <FRAN>20,800000</FRAN>
    <GREC>20,800000</GREC>
    <MFTV>20,800000</MFTV>
    <PRGP>35,000000</PRGP>
    <ROSN>20,800000</ROSN>
    <SLOV>20,800000</SLOV>
    <SVIZ>20,800000</SVIZ>
    <BSP>20,800000</BSP>
    <MALT>35,000000</MALT>
    <XAUS>20,800000</XAUS>
    <XFRA>20,800000</XFRA>
  </Prezzi>
  <Prezzi>
    <Data>20160131</Data>
    <Mercato>MGP</Mercato>
    <Ora>9</Ora>
    <PUN>26,479260</PUN>
    <NAT>27,660000</NAT>
    <CNOR>25,000000</CNOR>
    <CSUD>25,000000</CSUD>
    <NORD>25,000000</NORD>
    <SARD>25,000000</SARD>
    <SICI>49,140000</SICI>
    <SUD>25,000000</SUD>
    <AUST>25,000000</AUST>
    <BRNN>25,000000</BRNN>
    <COAC>25,000000</COAC>
    <CORS>25,000000</CORS>
    <FOGN>25,000000</FOGN>
    <FRAN>25,000000</FRAN>
    <GREC>25,000000</GREC>
    <MFTV>25,000000</MFTV>
    <PRGP>49,140000</PRGP>
    <ROSN>25,000000</ROSN>
    <SLOV>25,000000</SLOV>
    <SVIZ>25,000000</SVIZ>
    <BSP>25,000000</BSP>
    <MALT>49,140000</MALT>
    <XAUS>25,000000</XAUS>
    <XFRA>25,000000</XFRA>
  </Prezzi>
  <Prezzi>
    <Data>20160131</Data>
    <Mercato>MGP</Mercato>
    <Ora>10</Ora>
    <PUN>29,814100</PUN>
    <NAT>29,300000</NAT>
    <CNOR>28,470000</CNOR>
    <CSUD>28,470000</CSUD>
    <NORD>28,470000</NORD>
    <SARD>28,470000</SARD>
    <SICI>49,140000</SICI>
    <SUD>28,470000</SUD>
    <AUST>28,470000</AUST>
    <BRNN>28,470000</BRNN>
    <COAC>28,470000</COAC>
    <CORS>28,470000</CORS>
    <FOGN>28,470000</FOGN>
    <FRAN>28,470000</FRAN>
    <GREC>28,470000</GREC>
    <MFTV>28,470000</MFTV>
    <PRGP>49,140000</PRGP>
    <ROSN>28,470000</ROSN>
    <SLOV>28,470000</SLOV>
    <SVIZ>28,470000</SVIZ>
    <BSP>28,470000</BSP>
    <MALT>49,140000</MALT>
    <XAUS>28,470000</XAUS>
    <XFRA>28,470000</XFRA>
  </Prezzi>
  <Prezzi>
    <Data>20160131</Data>
    <Mercato>MGP</Mercato>
    <Ora>11</Ora>
    <PUN>29,816730</PUN>
    <NAT>28,470000</NAT>
    <CNOR>28,470000</CNOR>
    <CSUD>28,470000</CSUD>
    <NORD>28,470000</NORD>
    <SARD>28,470000</SARD>
    <SICI>49,140000</SICI>
    <SUD>28,470000</SUD>
    <AUST>28,470000</AUST>
    <BRNN>28,470000</BRNN>
    <COAC>28,470000</COAC>
    <CORS>28,470000</CORS>
    <FOGN>28,470000</FOGN>
    <FRAN>28,470000</FRAN>
    <GREC>28,470000</GREC>
    <MFTV>28,470000</MFTV>
    <PRGP>49,140000</PRGP>
    <ROSN>28,470000</ROSN>
    <SLOV>28,470000</SLOV>
    <SVIZ>28,470000</SVIZ>
    <BSP>28,470000</BSP>
    <MALT>49,140000</MALT>
    <XAUS>28,470000</XAUS>
    <XFRA>28,470000</XFRA>
  </Prezzi>
  <Prezzi>
    <Data>20160131</Data>
    <Mercato>MGP</Mercato>
    <Ora>12</Ora>
    <PUN>28,043050</PUN>
    <NAT>28,030000</NAT>
    <CNOR>26,580000</CNOR>
    <CSUD>26,580000</CSUD>
    <NORD>26,580000</NORD>
    <SARD>26,580000</SARD>
    <SICI>49,140000</SICI>
    <SUD>26,580000</SUD>
    <AUST>26,580000</AUST>
    <BRNN>26,580000</BRNN>
    <COAC>26,580000</COAC>
    <CORS>26,580000</CORS>
    <FOGN>26,580000</FOGN>
    <FRAN>26,580000</FRAN>
    <GREC>26,580000</GREC>
    <MFTV>26,580000</MFTV>
    <PRGP>49,140000</PRGP>
    <ROSN>26,580000</ROSN>
    <SLOV>26,580000</SLOV>
    <SVIZ>26,580000</SVIZ>
    <BSP>26,580000</BSP>
    <MALT>49,140000</MALT>
    <XAUS>26,580000</XAUS>
    <XFRA>26,580000</XFRA>
  </Prezzi>
  <Prezzi>
    <Data>20160131</Data>
    <Mercato>MGP</Mercato>
    <Ora>13</Ora>
    <PUN>23,757460</PUN>
    <NAT>24,000000</NAT>
    <CNOR>22,000000</CNOR>
    <CSUD>22,000000</CSUD>
    <NORD>22,000000</NORD>
    <SARD>22,000000</SARD>
    <SICI>49,140000</SICI>
    <SUD>22,000000</SUD>
    <AUST>22,000000</AUST>
    <BRNN>22,000000</BRNN>
    <COAC>22,000000</COAC>
    <CORS>22,000000</CORS>
    <FOGN>22,000000</FOGN>
    <FRAN>22,000000</FRAN>
    <GREC>22,000000</GREC>
    <MFTV>22,000000</MFTV>
    <PRGP>49,140000</PRGP>
    <ROSN>22,000000</ROSN>
    <SLOV>22,000000</SLOV>
    <SVIZ>22,000000</SVIZ>
    <BSP>22,000000</BSP>
    <MALT>49,140000</MALT>
    <XAUS>22,000000</XAUS>
    <XFRA>22,000000</XFRA>
  </Prezzi>
  <Prezzi>
    <Data>20160131</Data>
    <Mercato>MGP</Mercato>
    <Ora>14</Ora>
    <PUN>17,857850</PUN>
    <NAT>20,000000</NAT>
    <CNOR>10,000000</CNOR>
    <CSUD>10,000000</CSUD>
    <NORD>21,266740</NORD>
    <SARD>10,000000</SARD>
    <SICI>35,000000</SICI>
    <SUD>10,000000</SUD>
    <AUST>21,266740</AUST>
    <BRNN>10,000000</BRNN>
    <COAC>10,000000</COAC>
    <CORS>10,000000</CORS>
    <FOGN>10,000000</FOGN>
    <FRAN>21,266740</FRAN>
    <GREC>10,000000</GREC>
    <MFTV>21,266740</MFTV>
    <PRGP>35,000000</PRGP>
    <ROSN>10,000000</ROSN>
    <SLOV>21,266740</SLOV>
    <SVIZ>21,266740</SVIZ>
    <BSP>21,266740</BSP>
    <MALT>35,000000</MALT>
    <XAUS>21,266740</XAUS>
    <XFRA>21,266740</XFRA>
  </Prezzi>
  <Prezzi>
    <Data>20160131</Data>
    <Mercato>MGP</Mercato>
    <Ora>15</Ora>
    <PUN>14,669550</PUN>
    <NAT>20,000000</NAT>
    <CNOR>10,000000</CNOR>
    <CSUD>10,000000</CSUD>
    <NORD>15,528370</NORD>
    <SARD>10,000000</SARD>
    <SICI>35,000000</SICI>
    <SUD>10,000000</SUD>
    <AUST>15,528370</AUST>
    <BRNN>10,000000</BRNN>
    <COAC>10,000000</COAC>
    <CORS>10,000000</CORS>
    <FOGN>10,000000</FOGN>
    <FRAN>15,528370</FRAN>
    <GREC>10,000000</GREC>
    <MFTV>15,528370</MFTV>
    <PRGP>35,000000</PRGP>
    <ROSN>10,000000</ROSN>
    <SLOV>15,528370</SLOV>
    <SVIZ>15,528370</SVIZ>
    <BSP>15,528370</BSP>
    <MALT>35,000000</MALT>
    <XAUS>15,528370</XAUS>
    <XFRA>15,528370</XFRA>
  </Prezzi>
  <Prezzi>
    <Data>20160131</Data>
    <Mercato>MGP</Mercato>
    <Ora>16</Ora>
    <PUN>25,612650</PUN>
    <NAT>27,660000</NAT>
    <CNOR>25,000000</CNOR>
    <CSUD>25,000000</CSUD>
    <NORD>25,000000</NORD>
    <SARD>25,000000</SARD>
    <SICI>35,000000</SICI>
    <SUD>25,000000</SUD>
    <AUST>25,000000</AUST>
    <BRNN>25,000000</BRNN>
    <COAC>25,000000</COAC>
    <CORS>25,000000</CORS>
    <FOGN>25,000000</FOGN>
    <FRAN>25,000000</FRAN>
    <GREC>25,000000</GREC>
    <MFTV>25,000000</MFTV>
    <PRGP>35,000000</PRGP>
    <ROSN>25,000000</ROSN>
    <SLOV>25,000000</SLOV>
    <SVIZ>25,000000</SVIZ>
    <BSP>25,000000</BSP>
    <MALT>35,000000</MALT>
    <XAUS>25,000000</XAUS>
    <XFRA>25,000000</XFRA>
  </Prezzi>
  <Prezzi>
    <Data>20160131</Data>
    <Mercato>MGP</Mercato>
    <Ora>17</Ora>
    <PUN>33,387620</PUN>
    <NAT>33,840000</NAT>
    <CNOR>32,350000</CNOR>
    <CSUD>32,350000</CSUD>
    <NORD>32,350000</NORD>
    <SARD>32,350000</SARD>
    <SICI>49,140000</SICI>
    <SUD>32,350000</SUD>
    <AUST>32,350000</AUST>
    <BRNN>32,350000</BRNN>
    <COAC>32,350000</COAC>
    <CORS>32,350000</CORS>
    <FOGN>32,350000</FOGN>
    <FRAN>32,350000</FRAN>
    <GREC>32,350000</GREC>
    <MFTV>32,350000</MFTV>
    <PRGP>49,140000</PRGP>
    <ROSN>32,350000</ROSN>
    <SLOV>32,350000</SLOV>
    <SVIZ>32,350000</SVIZ>
    <BSP>32,350000</BSP>
    <MALT>49,140000</MALT>
    <XAUS>32,350000</XAUS>
    <XFRA>32,350000</XFRA>
  </Prezzi>
  <Prezzi>
    <Data>20160131</Data>
    <Mercato>MGP</Mercato>
    <Ora>18</Ora>
    <PUN>37,822350</PUN>
    <NAT>37,510000</NAT>
    <CNOR>37,010000</CNOR>
    <CSUD>35,600000</CSUD>
    <NORD>37,330000</NORD>
    <SARD>35,600000</SARD>
    <SICI>53,390000</SICI>
    <SUD>35,600000</SUD>
    <AUST>37,330000</AUST>
    <BRNN>35,600000</BRNN>
    <COAC>35,600000</COAC>
    <CORS>37,010000</CORS>
    <FOGN>35,600000</FOGN>
    <FRAN>37,330000</FRAN>
    <GREC>35,600000</GREC>
    <MFTV>37,330000</MFTV>
    <PRGP>53,390000</PRGP>
    <ROSN>35,600000</ROSN>
    <SLOV>37,330000</SLOV>
    <SVIZ>37,330000</SVIZ>
    <BSP>37,330000</BSP>
    <MALT>53,390000</MALT>
    <XAUS>37,330000</XAUS>
    <XFRA>37,330000</XFRA>
  </Prezzi>
  <Prezzi>
    <Data>20160131</Data>
    <Mercato>MGP</Mercato>
    <Ora>19</Ora>
    <PUN>42,829630</PUN>
    <NAT>42,500000</NAT>
    <CNOR>42,160000</CNOR>
    <CSUD>41,690000</CSUD>
    <NORD>42,160000</NORD>
    <SARD>41,690000</SARD>
    <SICI>55,110000</SICI>
    <SUD>41,690000</SUD>
    <AUST>42,160000</AUST>
    <BRNN>41,690000</BRNN>
    <COAC>41,690000</COAC>
    <CORS>42,160000</CORS>
    <FOGN>41,690000</FOGN>
    <FRAN>42,160000</FRAN>
    <GREC>41,690000</GREC>
    <MFTV>42,160000</MFTV>
    <PRGP>55,110000</PRGP>
    <ROSN>40,000000</ROSN>
    <SLOV>42,160000</SLOV>
    <SVIZ>42,160000</SVIZ>
    <BSP>42,160000</BSP>
    <MALT>55,110000</MALT>
    <XAUS>42,160000</XAUS>
    <XFRA>42,160000</XFRA>
  </Prezzi>
  <Prezzi>
    <Data>20160131</Data>
    <Mercato>MGP</Mercato>
    <Ora>20</Ora>
    <PUN>44,660000</PUN>
    <NAT>45,000000</NAT>
    <CNOR>43,925610</CNOR>
    <CSUD>43,925610</CSUD>
    <NORD>43,925610</NORD>
    <SARD>43,925610</SARD>
    <SICI>55,110000</SICI>
    <SUD>43,925610</SUD>
    <AUST>43,925610</AUST>
    <BRNN>43,925610</BRNN>
    <COAC>43,925610</COAC>
    <CORS>43,925610</CORS>
    <FOGN>43,925610</FOGN>
    <FRAN>43,925610</FRAN>
    <GREC>43,925610</GREC>
    <MFTV>43,925610</MFTV>
    <PRGP>55,110000</PRGP>
    <ROSN>40,000000</ROSN>
    <SLOV>43,925610</SLOV>
    <SVIZ>43,925610</SVIZ>
    <BSP>43,925610</BSP>
    <MALT>55,110000</MALT>
    <XAUS>43,925610</XAUS>
    <XFRA>43,925610</XFRA>
  </Prezzi>
  <Prezzi>
    <Data>20160131</Data>
    <Mercato>MGP</Mercato>
    <Ora>21</Ora>
    <PUN>42,377800</PUN>
    <NAT>42,150000</NAT>
    <CNOR>41,430000</CNOR>
    <CSUD>41,430000</CSUD>
    <NORD>41,430000</NORD>
    <SARD>41,430000</SARD>
    <SICI>55,110000</SICI>
    <SUD>41,430000</SUD>
    <AUST>41,430000</AUST>
    <BRNN>41,430000</BRNN>
    <COAC>41,430000</COAC>
    <CORS>41,430000</CORS>
    <FOGN>41,430000</FOGN>
    <FRAN>41,430000</FRAN>
    <GREC>41,430000</GREC>
    <MFTV>41,430000</MFTV>
    <PRGP>55,110000</PRGP>
    <ROSN>40,000000</ROSN>
    <SLOV>41,430000</SLOV>
    <SVIZ>41,430000</SVIZ>
    <BSP>41,430000</BSP>
    <MALT>55,110000</MALT>
    <XAUS>41,430000</XAUS>
    <XFRA>41,430000</XFRA>
  </Prezzi>
  <Prezzi>
    <Data>20160131</Data>
    <Mercato>MGP</Mercato>
    <Ora>22</Ora>
    <PUN>39,535700</PUN>
    <NAT>39,590000</NAT>
    <CNOR>38,420000</CNOR>
    <CSUD>38,420000</CSUD>
    <NORD>38,420000</NORD>
    <SARD>38,420000</SARD>
    <SICI>55,110000</SICI>
    <SUD>38,420000</SUD>
    <AUST>38,420000</AUST>
    <BRNN>38,420000</BRNN>
    <COAC>38,420000</COAC>
    <CORS>38,420000</CORS>
    <FOGN>38,420000</FOGN>
    <FRAN>38,420000</FRAN>
    <GREC>38,420000</GREC>
    <MFTV>38,420000</MFTV>
    <PRGP>55,110000</PRGP>
    <ROSN>38,420000</ROSN>
    <SLOV>38,420000</SLOV>
    <SVIZ>38,420000</SVIZ>
    <BSP>38,420000</BSP>
    <MALT>55,110000</MALT>
    <XAUS>38,420000</XAUS>
    <XFRA>38,420000</XFRA>
  </Prezzi>
  <Prezzi>
    <Data>20160131</Data>
    <Mercato>MGP</Mercato>
    <Ora>23</Ora>
    <PUN>36,907970</PUN>
    <NAT>36,420000</NAT>
    <CNOR>35,710000</CNOR>
    <CSUD>35,710000</CSUD>
    <NORD>35,710000</NORD>
    <SARD>35,710000</SARD>
    <SICI>53,390000</SICI>
    <SUD>35,710000</SUD>
    <AUST>35,710000</AUST>
    <BRNN>35,710000</BRNN>
    <COAC>35,710000</COAC>
    <CORS>35,710000</CORS>
    <FOGN>35,710000</FOGN>
    <FRAN>35,710000</FRAN>
    <GREC>35,710000</GREC>
    <MFTV>35,710000</MFTV>
    <PRGP>53,390000</PRGP>
    <ROSN>35,710000</ROSN>
    <SLOV>35,710000</SLOV>
    <SVIZ>35,710000</SVIZ>
    <BSP>35,710000</BSP>
    <MALT>53,390000</MALT>
    <XAUS>35,710000</XAUS>
    <XFRA>35,710000</XFRA>
  </Prezzi>
  <Prezzi>
    <Data>20160131</Data>
    <Mercato>MGP</Mercato>
    <Ora>24</Ora>
    <PUN>30,738100</PUN>
    <NAT>30,990000</NAT>
    <CNOR>30,680000</CNOR>
    <CSUD>30,680000</CSUD>
    <NORD>30,680000</NORD>
    <SARD>30,680000</SARD>
    <SICI>31,590000</SICI>
    <SUD>30,680000</SUD>
    <AUST>30,680000</AUST>
    <BRNN>30,680000</BRNN>
    <COAC>30,680000</COAC>
    <CORS>30,680000</CORS>
    <FOGN>30,680000</FOGN>
    <FRAN>30,680000</FRAN>
    <GREC>30,680000</GREC>
    <MFTV>30,680000</MFTV>
    <PRGP>31,590000</PRGP>
    <ROSN>30,680000</ROSN>
    <SLOV>30,680000</SLOV>
    <SVIZ>30,680000</SVIZ>
    <BSP>30,680000</BSP>
    <MALT>31,590000</MALT>
    <XAUS>30,680000</XAUS>
    <XFRA>30,680000</XFRA>
  </Prezzi>
</NewDataSet>