<?xml version="1.0" standalone="yes"?>
<NewDataSet>
  <xs:schema id="NewDataSet" xmlns="" xmlns:xs="http://www.w3.org/2001/XMLSchema" xmlns:msdata="urn:schemas-microsoft-com:xml-msdata">
    <xs:element name="NewDataSet" msdata:IsDataSet="true" msdata:UseCurrentLocale="true">
      <xs:complexType>
        <xs:choice minOccurs="0" maxOccurs="unbounded">
          <xs:element name="Prezzi">
            <xs:complexType>
              <xs:sequence>
                <xs:element name="Data" type="xs:string" minOccurs="0" />
                <xs:element name="Mercato" type="xs:string" minOccurs="0" />
                <xs:element name="Ora" type="xs:string" minOccurs="0" />
                <xs:element name="PUN" type="xs:string" minOccurs="0" />
                <xs:element name="NAT" type="xs:string" minOccurs="0" />
                <xs:element name="CNOR" type="xs:string" minOccurs="0" />
                <xs:element name="CSUD" type="xs:string" minOccurs="0" />
                <xs:element name="NORD" type="xs:string" minOccurs="0" />
                <xs:element name="SARD" type="xs:string" minOccurs="0" />
                <xs:element name="SICI" type="xs:string" minOccurs="0" />
                <xs:element name="SUD" type="xs:string" minOccurs="0" />
                <xs:element name="AUST" type="xs:string" minOccurs="0" />
                <xs:element name="BRNN" type="xs:string" minOccurs="0" />
                <xs:element name="COAC" type="xs:string" minOccurs="0" />
                <xs:element name="CORS" type="xs:string" minOccurs="0" />
                <xs:element name="FOGN" type="xs:string" minOccurs="0" />
                <xs:element name="FRAN" type="xs:string" minOccurs="0" />
                <xs:element name="GREC" type="xs:string" minOccurs="0" />
                <xs:element name="MFTV" type="xs:string" minOccurs="0" />
                <xs:element name="PRGP" type="xs:string" minOccurs="0" />
                <xs:element name="ROSN" type="xs:string" minOccurs="0" />
                <xs:element name="SLOV" type="xs:string" minOccurs="0" />
                <xs:element name="SVIZ" type="xs:string" minOccurs="0" />
                <xs:element name="BSP" type="xs:string" minOccurs="0" />
                <xs:element name="MALT" type="xs:string" minOccurs="0" />
                <xs:element name="XAUS" type="xs:string" minOccurs="0" />
                <xs:element name="XFRA" type="xs:string" minOccurs="0" />
              </xs:sequence>
            </xs:complexType>
          </xs:element>
        </xs:choice>
      </xs:complexType>
    </xs:element>
  </xs:schema>
  <Prezzi>
    <Data>20160119</Data>
    <Mercato>MGP</Mercato>
    <Ora>1</Ora>
    <PUN>47,704380</PUN>
    <NAT>47,480000</NAT>
    <CNOR>47,250000</CNOR>
    <CSUD>47,250000</CSUD>
    <NORD>47,250000</NORD>
    <SARD>47,250000</SARD>
    <SICI>55,110000</SICI>
    <SUD>47,250000</SUD>
    <AUST>47,250000</AUST>
    <BRNN>47,250000</BRNN>
    <COAC>47,250000</COAC>
    <CORS>47,250000</CORS>
    <FOGN>47,250000</FOGN>
    <FRAN>47,250000</FRAN>
    <GREC>47,250000</GREC>
    <MFTV>47,250000</MFTV>
    <PRGP>55,110000</PRGP>
    <ROSN>43,300000</ROSN>
    <SLOV>47,250000</SLOV>
    <SVIZ>47,250000</SVIZ>
    <BSP>47,250000</BSP>
    <MALT>55,110000</MALT>
    <XAUS>47,250000</XAUS>
    <XFRA>47,250000</XFRA>
  </Prezzi>
  <Prezzi>
    <Data>20160119</Data>
    <Mercato>MGP</Mercato>
    <Ora>2</Ora>
    <PUN>45,030000</PUN>
    <NAT>45,990000</NAT>
    <CNOR>44,890720</CNOR>
    <CSUD>44,890720</CSUD>
    <NORD>44,890720</NORD>
    <SARD>44,890720</SARD>
    <SICI>47,480000</SICI>
    <SUD>44,890720</SUD>
    <AUST>44,890720</AUST>
    <BRNN>44,890720</BRNN>
    <COAC>44,890720</COAC>
    <CORS>44,890720</CORS>
    <FOGN>44,890720</FOGN>
    <FRAN>44,890720</FRAN>
    <GREC>44,890720</GREC>
    <MFTV>44,890720</MFTV>
    <PRGP>47,480000</PRGP>
    <ROSN>43,300000</ROSN>
    <SLOV>44,890720</SLOV>
    <SVIZ>44,890720</SVIZ>
    <BSP>44,890720</BSP>
    <MALT>47,480000</MALT>
    <XAUS>44,890720</XAUS>
    <XFRA>44,890720</XFRA>
  </Prezzi>
  <Prezzi>
    <Data>20160119</Data>
    <Mercato>MGP</Mercato>
    <Ora>3</Ora>
    <PUN>43,474550</PUN>
    <NAT>43,300000</NAT>
    <CNOR>43,300000</CNOR>
    <CSUD>43,300000</CSUD>
    <NORD>43,300000</NORD>
    <SARD>43,300000</SARD>
    <SICI>46,860000</SICI>
    <SUD>43,300000</SUD>
    <AUST>43,300000</AUST>
    <BRNN>43,300000</BRNN>
    <COAC>43,300000</COAC>
    <CORS>43,300000</CORS>
    <FOGN>43,300000</FOGN>
    <FRAN>43,300000</FRAN>
    <GREC>43,300000</GREC>
    <MFTV>43,300000</MFTV>
    <PRGP>46,860000</PRGP>
    <ROSN>43,300000</ROSN>
    <SLOV>43,300000</SLOV>
    <SVIZ>43,300000</SVIZ>
    <BSP>43,300000</BSP>
    <MALT>46,860000</MALT>
    <XAUS>43,300000</XAUS>
    <XFRA>43,300000</XFRA>
  </Prezzi>
  <Prezzi>
    <Data>20160119</Data>
    <Mercato>MGP</Mercato>
    <Ora>4</Ora>
    <PUN>43,368310</PUN>
    <NAT>43,300000</NAT>
    <CNOR>43,230000</CNOR>
    <CSUD>43,230000</CSUD>
    <NORD>43,230000</NORD>
    <SARD>43,230000</SARD>
    <SICI>46,110000</SICI>
    <SUD>43,230000</SUD>
    <AUST>43,230000</AUST>
    <BRNN>43,230000</BRNN>
    <COAC>43,230000</COAC>
    <CORS>43,230000</CORS>
    <FOGN>43,230000</FOGN>
    <FRAN>43,230000</FRAN>
    <GREC>43,230000</GREC>
    <MFTV>43,230000</MFTV>
    <PRGP>46,110000</PRGP>
    <ROSN>43,230000</ROSN>
    <SLOV>43,230000</SLOV>
    <SVIZ>43,230000</SVIZ>
    <BSP>43,230000</BSP>
    <MALT>46,110000</MALT>
    <XAUS>43,230000</XAUS>
    <XFRA>43,230000</XFRA>
  </Prezzi>
  <Prezzi>
    <Data>20160119</Data>
    <Mercato>MGP</Mercato>
    <Ora>5</Ora>
    <PUN>43,367640</PUN>
    <NAT>43,300000</NAT>
    <CNOR>43,230000</CNOR>
    <CSUD>43,230000</CSUD>
    <NORD>43,230000</NORD>
    <SARD>43,230000</SARD>
    <SICI>46,110000</SICI>
    <SUD>43,230000</SUD>
    <AUST>43,230000</AUST>
    <BRNN>43,230000</BRNN>
    <COAC>43,230000</COAC>
    <CORS>43,230000</CORS>
    <FOGN>43,230000</FOGN>
    <FRAN>43,230000</FRAN>
    <GREC>43,230000</GREC>
    <MFTV>43,230000</MFTV>
    <PRGP>46,110000</PRGP>
    <ROSN>43,230000</ROSN>
    <SLOV>43,230000</SLOV>
    <SVIZ>43,230000</SVIZ>
    <BSP>43,230000</BSP>
    <MALT>46,110000</MALT>
    <XAUS>43,230000</XAUS>
    <XFRA>43,230000</XFRA>
  </Prezzi>
  <Prezzi>
    <Data>20160119</Data>
    <Mercato>MGP</Mercato>
    <Ora>6</Ora>
    <PUN>50,769030</PUN>
    <NAT>48,550000</NAT>
    <CNOR>51,010000</CNOR>
    <CSUD>51,010000</CSUD>
    <NORD>51,010000</NORD>
    <SARD>51,010000</SARD>
    <SICI>46,110000</SICI>
    <SUD>51,010000</SUD>
    <AUST>51,010000</AUST>
    <BRNN>51,010000</BRNN>
    <COAC>51,010000</COAC>
    <CORS>51,010000</CORS>
    <FOGN>51,010000</FOGN>
    <FRAN>51,010000</FRAN>
    <GREC>51,010000</GREC>
    <MFTV>51,010000</MFTV>
    <PRGP>46,110000</PRGP>
    <ROSN>43,300000</ROSN>
    <SLOV>51,010000</SLOV>
    <SVIZ>51,010000</SVIZ>
    <BSP>51,010000</BSP>
    <MALT>46,110000</MALT>
    <XAUS>51,010000</XAUS>
    <XFRA>51,010000</XFRA>
  </Prezzi>
  <Prezzi>
    <Data>20160119</Data>
    <Mercato>MGP</Mercato>
    <Ora>7</Ora>
    <PUN>68,340000</PUN>
    <NAT>57,300000</NAT>
    <CNOR>69,408890</CNOR>
    <CSUD>69,408890</CSUD>
    <NORD>69,408890</NORD>
    <SARD>69,408890</SARD>
    <SICI>46,860000</SICI>
    <SUD>69,408890</SUD>
    <AUST>69,408890</AUST>
    <BRNN>69,408890</BRNN>
    <COAC>69,408890</COAC>
    <CORS>69,408890</CORS>
    <FOGN>69,408890</FOGN>
    <FRAN>69,408890</FRAN>
    <GREC>69,408890</GREC>
    <MFTV>69,408890</MFTV>
    <PRGP>46,860000</PRGP>
    <ROSN>43,300000</ROSN>
    <SLOV>69,408890</SLOV>
    <SVIZ>69,408890</SVIZ>
    <BSP>69,408890</BSP>
    <MALT>46,860000</MALT>
    <XAUS>69,408890</XAUS>
    <XFRA>69,408890</XFRA>
  </Prezzi>
  <Prezzi>
    <Data>20160119</Data>
    <Mercato>MGP</Mercato>
    <Ora>8</Ora>
    <PUN>66,925170</PUN>
    <NAT>60,000000</NAT>
    <CNOR>70,000000</CNOR>
    <CSUD>70,000000</CSUD>
    <NORD>70,000000</NORD>
    <SARD>70,000000</SARD>
    <SICI>55,110000</SICI>
    <SUD>44,320000</SUD>
    <AUST>70,000000</AUST>
    <BRNN>44,320000</BRNN>
    <COAC>70,000000</COAC>
    <CORS>70,000000</CORS>
    <FOGN>44,320000</FOGN>
    <FRAN>70,000000</FRAN>
    <GREC>44,320000</GREC>
    <MFTV>70,000000</MFTV>
    <PRGP>55,110000</PRGP>
    <ROSN>44,320000</ROSN>
    <SLOV>70,000000</SLOV>
    <SVIZ>70,000000</SVIZ>
    <BSP>70,000000</BSP>
    <MALT>55,110000</MALT>
    <XAUS>70,000000</XAUS>
    <XFRA>70,000000</XFRA>
  </Prezzi>
  <Prezzi>
    <Data>20160119</Data>
    <Mercato>MGP</Mercato>
    <Ora>9</Ora>
    <PUN>81,580000</PUN>
    <NAT>72,160000</NAT>
    <CNOR>86,719670</CNOR>
    <CSUD>86,719670</CSUD>
    <NORD>86,719670</NORD>
    <SARD>86,719670</SARD>
    <SICI>55,110000</SICI>
    <SUD>48,000000</SUD>
    <AUST>86,719670</AUST>
    <BRNN>48,000000</BRNN>
    <COAC>86,719670</COAC>
    <CORS>86,719670</CORS>
    <FOGN>48,000000</FOGN>
    <FRAN>86,719670</FRAN>
    <GREC>48,000000</GREC>
    <MFTV>86,719670</MFTV>
    <PRGP>55,110000</PRGP>
    <ROSN>48,000000</ROSN>
    <SLOV>86,719670</SLOV>
    <SVIZ>86,719670</SVIZ>
    <BSP>86,719670</BSP>
    <MALT>55,110000</MALT>
    <XAUS>86,719670</XAUS>
    <XFRA>86,719670</XFRA>
  </Prezzi>
  <Prezzi>
    <Data>20160119</Data>
    <Mercato>MGP</Mercato>
    <Ora>10</Ora>
    <PUN>81,180000</PUN>
    <NAT>70,340000</NAT>
    <CNOR>86,901400</CNOR>
    <CSUD>86,901400</CSUD>
    <NORD>86,901400</NORD>
    <SARD>86,901400</SARD>
    <SICI>55,110000</SICI>
    <SUD>42,570000</SUD>
    <AUST>86,901400</AUST>
    <BRNN>42,570000</BRNN>
    <COAC>86,901400</COAC>
    <CORS>86,901400</CORS>
    <FOGN>42,570000</FOGN>
    <FRAN>86,901400</FRAN>
    <GREC>42,570000</GREC>
    <MFTV>86,901400</MFTV>
    <PRGP>55,110000</PRGP>
    <ROSN>42,570000</ROSN>
    <SLOV>86,901400</SLOV>
    <SVIZ>86,901400</SVIZ>
    <BSP>86,901400</BSP>
    <MALT>55,110000</MALT>
    <XAUS>86,901400</XAUS>
    <XFRA>86,901400</XFRA>
  </Prezzi>
  <Prezzi>
    <Data>20160119</Data>
    <Mercato>MGP</Mercato>
    <Ora>11</Ora>
    <PUN>70,853060</PUN>
    <NAT>60,000000</NAT>
    <CNOR>74,800000</CNOR>
    <CSUD>74,800000</CSUD>
    <NORD>74,800000</NORD>
    <SARD>74,800000</SARD>
    <SICI>53,390000</SICI>
    <SUD>42,570000</SUD>
    <AUST>74,800000</AUST>
    <BRNN>42,570000</BRNN>
    <COAC>74,800000</COAC>
    <CORS>74,800000</CORS>
    <FOGN>42,570000</FOGN>
    <FRAN>74,800000</FRAN>
    <GREC>42,570000</GREC>
    <MFTV>74,800000</MFTV>
    <PRGP>53,390000</PRGP>
    <ROSN>42,570000</ROSN>
    <SLOV>74,800000</SLOV>
    <SVIZ>74,800000</SVIZ>
    <BSP>74,800000</BSP>
    <MALT>53,390000</MALT>
    <XAUS>74,800000</XAUS>
    <XFRA>74,800000</XFRA>
  </Prezzi>
  <Prezzi>
    <Data>20160119</Data>
    <Mercato>MGP</Mercato>
    <Ora>12</Ora>
    <PUN>65,200860</PUN>
    <NAT>57,990000</NAT>
    <CNOR>68,480000</CNOR>
    <CSUD>68,480000</CSUD>
    <NORD>68,480000</NORD>
    <SARD>68,480000</SARD>
    <SICI>49,010000</SICI>
    <SUD>42,570000</SUD>
    <AUST>68,480000</AUST>
    <BRNN>42,570000</BRNN>
    <COAC>68,480000</COAC>
    <CORS>68,480000</CORS>
    <FOGN>42,570000</FOGN>
    <FRAN>68,480000</FRAN>
    <GREC>42,570000</GREC>
    <MFTV>68,480000</MFTV>
    <PRGP>49,010000</PRGP>
    <ROSN>42,570000</ROSN>
    <SLOV>68,480000</SLOV>
    <SVIZ>68,480000</SVIZ>
    <BSP>68,480000</BSP>
    <MALT>49,010000</MALT>
    <XAUS>68,480000</XAUS>
    <XFRA>68,480000</XFRA>
  </Prezzi>
  <Prezzi>
    <Data>20160119</Data>
    <Mercato>MGP</Mercato>
    <Ora>13</Ora>
    <PUN>55,691540</PUN>
    <NAT>55,110000</NAT>
    <CNOR>53,030000</CNOR>
    <CSUD>53,030000</CSUD>
    <NORD>58,980000</NORD>
    <SARD>53,030000</SARD>
    <SICI>53,390000</SICI>
    <SUD>42,570000</SUD>
    <AUST>58,980000</AUST>
    <BRNN>42,570000</BRNN>
    <COAC>53,030000</COAC>
    <CORS>53,030000</CORS>
    <FOGN>42,570000</FOGN>
    <FRAN>58,980000</FRAN>
    <GREC>42,570000</GREC>
    <MFTV>58,980000</MFTV>
    <PRGP>53,390000</PRGP>
    <ROSN>42,570000</ROSN>
    <SLOV>58,980000</SLOV>
    <SVIZ>58,980000</SVIZ>
    <BSP>58,980000</BSP>
    <MALT>53,390000</MALT>
    <XAUS>58,980000</XAUS>
    <XFRA>58,980000</XFRA>
  </Prezzi>
  <Prezzi>
    <Data>20160119</Data>
    <Mercato>MGP</Mercato>
    <Ora>14</Ora>
    <PUN>55,958140</PUN>
    <NAT>55,110000</NAT>
    <CNOR>55,000000</CNOR>
    <CSUD>55,000000</CSUD>
    <NORD>58,533130</NORD>
    <SARD>55,000000</SARD>
    <SICI>53,390000</SICI>
    <SUD>42,570000</SUD>
    <AUST>58,533130</AUST>
    <BRNN>42,570000</BRNN>
    <COAC>55,000000</COAC>
    <CORS>55,000000</CORS>
    <FOGN>42,570000</FOGN>
    <FRAN>58,533130</FRAN>
    <GREC>42,570000</GREC>
    <MFTV>58,533130</MFTV>
    <PRGP>53,390000</PRGP>
    <ROSN>42,570000</ROSN>
    <SLOV>58,533130</SLOV>
    <SVIZ>58,533130</SVIZ>
    <BSP>58,533130</BSP>
    <MALT>53,390000</MALT>
    <XAUS>58,533130</XAUS>
    <XFRA>58,533130</XFRA>
  </Prezzi>
  <Prezzi>
    <Data>20160119</Data>
    <Mercato>MGP</Mercato>
    <Ora>15</Ora>
    <PUN>60,620000</PUN>
    <NAT>55,920000</NAT>
    <CNOR>62,907200</CNOR>
    <CSUD>62,907200</CSUD>
    <NORD>62,907200</NORD>
    <SARD>62,907200</SARD>
    <SICI>55,110000</SICI>
    <SUD>41,580000</SUD>
    <AUST>62,907200</AUST>
    <BRNN>41,580000</BRNN>
    <COAC>62,907200</COAC>
    <CORS>62,907200</CORS>
    <FOGN>41,580000</FOGN>
    <FRAN>62,907200</FRAN>
    <GREC>41,580000</GREC>
    <MFTV>62,907200</MFTV>
    <PRGP>55,110000</PRGP>
    <ROSN>41,580000</ROSN>
    <SLOV>62,907200</SLOV>
    <SVIZ>62,907200</SVIZ>
    <BSP>62,907200</BSP>
    <MALT>55,110000</MALT>
    <XAUS>62,907200</XAUS>
    <XFRA>62,907200</XFRA>
  </Prezzi>
  <Prezzi>
    <Data>20160119</Data>
    <Mercato>MGP</Mercato>
    <Ora>16</Ora>
    <PUN>69,047230</PUN>
    <NAT>58,810000</NAT>
    <CNOR>72,600000</CNOR>
    <CSUD>72,600000</CSUD>
    <NORD>72,600000</NORD>
    <SARD>72,600000</SARD>
    <SICI>55,110000</SICI>
    <SUD>42,570000</SUD>
    <AUST>72,600000</AUST>
    <BRNN>42,570000</BRNN>
    <COAC>72,600000</COAC>
    <CORS>72,600000</CORS>
    <FOGN>42,570000</FOGN>
    <FRAN>72,600000</FRAN>
    <GREC>42,570000</GREC>
    <MFTV>72,600000</MFTV>
    <PRGP>55,110000</PRGP>
    <ROSN>42,570000</ROSN>
    <SLOV>72,600000</SLOV>
    <SVIZ>72,600000</SVIZ>
    <BSP>72,600000</BSP>
    <MALT>55,110000</MALT>
    <XAUS>72,600000</XAUS>
    <XFRA>72,600000</XFRA>
  </Prezzi>
  <Prezzi>
    <Data>20160119</Data>
    <Mercato>MGP</Mercato>
    <Ora>17</Ora>
    <PUN>85,119790</PUN>
    <NAT>68,460000</NAT>
    <CNOR>91,050000</CNOR>
    <CSUD>91,050000</CSUD>
    <NORD>91,050000</NORD>
    <SARD>91,050000</SARD>
    <SICI>55,240000</SICI>
    <SUD>48,000000</SUD>
    <AUST>91,050000</AUST>
    <BRNN>48,000000</BRNN>
    <COAC>91,050000</COAC>
    <CORS>91,050000</CORS>
    <FOGN>48,000000</FOGN>
    <FRAN>91,050000</FRAN>
    <GREC>48,000000</GREC>
    <MFTV>91,050000</MFTV>
    <PRGP>55,240000</PRGP>
    <ROSN>48,000000</ROSN>
    <SLOV>91,050000</SLOV>
    <SVIZ>91,050000</SVIZ>
    <BSP>91,050000</BSP>
    <MALT>55,240000</MALT>
    <XAUS>91,050000</XAUS>
    <XFRA>91,050000</XFRA>
  </Prezzi>
  <Prezzi>
    <Data>20160119</Data>
    <Mercato>MGP</Mercato>
    <Ora>18</Ora>
    <PUN>87,059470</PUN>
    <NAT>84,900000</NAT>
    <CNOR>89,950000</CNOR>
    <CSUD>89,950000</CSUD>
    <NORD>89,950000</NORD>
    <SARD>89,950000</SARD>
    <SICI>55,920000</SICI>
    <SUD>80,000000</SUD>
    <AUST>89,950000</AUST>
    <BRNN>80,000000</BRNN>
    <COAC>89,950000</COAC>
    <CORS>89,950000</CORS>
    <FOGN>80,000000</FOGN>
    <FRAN>89,950000</FRAN>
    <GREC>80,000000</GREC>
    <MFTV>89,950000</MFTV>
    <PRGP>55,920000</PRGP>
    <ROSN>55,920000</ROSN>
    <SLOV>89,950000</SLOV>
    <SVIZ>89,950000</SVIZ>
    <BSP>89,950000</BSP>
    <MALT>55,920000</MALT>
    <XAUS>89,950000</XAUS>
    <XFRA>89,950000</XFRA>
  </Prezzi>
  <Prezzi>
    <Data>20160119</Data>
    <Mercato>MGP</Mercato>
    <Ora>19</Ora>
    <PUN>88,070000</PUN>
    <NAT>82,240000</NAT>
    <CNOR>90,081680</CNOR>
    <CSUD>90,081680</CSUD>
    <NORD>90,081680</NORD>
    <SARD>90,081680</SARD>
    <SICI>55,920000</SICI>
    <SUD>90,081680</SUD>
    <AUST>90,081680</AUST>
    <BRNN>90,081680</BRNN>
    <COAC>90,081680</COAC>
    <CORS>90,081680</CORS>
    <FOGN>90,081680</FOGN>
    <FRAN>90,081680</FRAN>
    <GREC>90,081680</GREC>
    <MFTV>90,081680</MFTV>
    <PRGP>55,920000</PRGP>
    <ROSN>55,920000</ROSN>
    <SLOV>90,081680</SLOV>
    <SVIZ>90,081680</SVIZ>
    <BSP>90,081680</BSP>
    <MALT>55,920000</MALT>
    <XAUS>90,081680</XAUS>
    <XFRA>90,081680</XFRA>
  </Prezzi>
  <Prezzi>
    <Data>20160119</Data>
    <Mercato>MGP</Mercato>
    <Ora>20</Ora>
    <PUN>77,482970</PUN>
    <NAT>72,900000</NAT>
    <CNOR>78,907340</CNOR>
    <CSUD>78,907340</CSUD>
    <NORD>78,907340</NORD>
    <SARD>78,907340</SARD>
    <SICI>55,920000</SICI>
    <SUD>78,907340</SUD>
    <AUST>78,907340</AUST>
    <BRNN>78,907340</BRNN>
    <COAC>78,907340</COAC>
    <CORS>78,907340</CORS>
    <FOGN>78,907340</FOGN>
    <FRAN>78,907340</FRAN>
    <GREC>78,907340</GREC>
    <MFTV>78,907340</MFTV>
    <PRGP>55,920000</PRGP>
    <ROSN>55,920000</ROSN>
    <SLOV>78,907340</SLOV>
    <SVIZ>78,907340</SVIZ>
    <BSP>78,907340</BSP>
    <MALT>55,920000</MALT>
    <XAUS>78,907340</XAUS>
    <XFRA>78,907340</XFRA>
  </Prezzi>
  <Prezzi>
    <Data>20160119</Data>
    <Mercato>MGP</Mercato>
    <Ora>21</Ora>
    <PUN>64,319270</PUN>
    <NAT>64,000000</NAT>
    <CNOR>64,900000</CNOR>
    <CSUD>64,900000</CSUD>
    <NORD>64,900000</NORD>
    <SARD>64,900000</SARD>
    <SICI>55,920000</SICI>
    <SUD>64,900000</SUD>
    <AUST>64,900000</AUST>
    <BRNN>64,900000</BRNN>
    <COAC>64,900000</COAC>
    <CORS>64,900000</CORS>
    <FOGN>64,900000</FOGN>
    <FRAN>64,900000</FRAN>
    <GREC>64,900000</GREC>
    <MFTV>64,900000</MFTV>
    <PRGP>55,920000</PRGP>
    <ROSN>55,920000</ROSN>
    <SLOV>64,900000</SLOV>
    <SVIZ>64,900000</SVIZ>
    <BSP>64,900000</BSP>
    <MALT>55,920000</MALT>
    <XAUS>64,900000</XAUS>
    <XFRA>64,900000</XFRA>
  </Prezzi>
  <Prezzi>
    <Data>20160119</Data>
    <Mercato>MGP</Mercato>
    <Ora>22</Ora>
    <PUN>61,950000</PUN>
    <NAT>60,000000</NAT>
    <CNOR>62,349590</CNOR>
    <CSUD>62,349590</CSUD>
    <NORD>62,349590</NORD>
    <SARD>62,349590</SARD>
    <SICI>55,920000</SICI>
    <SUD>62,349590</SUD>
    <AUST>62,349590</AUST>
    <BRNN>62,349590</BRNN>
    <COAC>62,349590</COAC>
    <CORS>62,349590</CORS>
    <FOGN>62,349590</FOGN>
    <FRAN>62,349590</FRAN>
    <GREC>62,349590</GREC>
    <MFTV>62,349590</MFTV>
    <PRGP>55,920000</PRGP>
    <ROSN>55,920000</ROSN>
    <SLOV>62,349590</SLOV>
    <SVIZ>62,349590</SVIZ>
    <BSP>62,349590</BSP>
    <MALT>55,920000</MALT>
    <XAUS>62,349590</XAUS>
    <XFRA>62,349590</XFRA>
  </Prezzi>
  <Prezzi>
    <Data>20160119</Data>
    <Mercato>MGP</Mercato>
    <Ora>23</Ora>
    <PUN>70,690000</PUN>
    <NAT>63,010000</NAT>
    <CNOR>74,024610</CNOR>
    <CSUD>74,024610</CSUD>
    <NORD>74,024610</NORD>
    <SARD>74,024610</SARD>
    <SICI>55,240000</SICI>
    <SUD>54,990000</SUD>
    <AUST>74,024610</AUST>
    <BRNN>54,990000</BRNN>
    <COAC>74,024610</COAC>
    <CORS>74,024610</CORS>
    <FOGN>54,990000</FOGN>
    <FRAN>74,024610</FRAN>
    <GREC>54,990000</GREC>
    <MFTV>74,024610</MFTV>
    <PRGP>55,240000</PRGP>
    <ROSN>39,700000</ROSN>
    <SLOV>74,024610</SLOV>
    <SVIZ>74,024610</SVIZ>
    <BSP>74,024610</BSP>
    <MALT>55,240000</MALT>
    <XAUS>74,024610</XAUS>
    <XFRA>74,024610</XFRA>
  </Prezzi>
  <Prezzi>
    <Data>20160119</Data>
    <Mercato>MGP</Mercato>
    <Ora>24</Ora>
    <PUN>54,242630</PUN>
    <NAT>55,000000</NAT>
    <CNOR>55,000000</CNOR>
    <CSUD>55,000000</CSUD>
    <NORD>55,000000</NORD>
    <SARD>55,000000</SARD>
    <SICI>55,110000</SICI>
    <SUD>48,000000</SUD>
    <AUST>55,000000</AUST>
    <BRNN>48,000000</BRNN>
    <COAC>55,000000</COAC>
    <CORS>55,000000</CORS>
    <FOGN>48,000000</FOGN>
    <FRAN>55,000000</FRAN>
    <GREC>48,000000</GREC>
    <MFTV>55,000000</MFTV>
    <PRGP>55,110000</PRGP>
    <ROSN>48,000000</ROSN>
    <SLOV>55,000000</SLOV>
    <SVIZ>55,000000</SVIZ>
    <BSP>55,000000</BSP>
    <MALT>55,110000</MALT>
    <XAUS>55,000000</XAUS>
    <XFRA>55,000000</XFRA>
  </Prezzi>
</NewDataSet>