<?xml version="1.0" standalone="yes"?>
<NewDataSet>
  <xs:schema id="NewDataSet" xmlns="" xmlns:xs="http://www.w3.org/2001/XMLSchema" xmlns:msdata="urn:schemas-microsoft-com:xml-msdata">
    <xs:element name="NewDataSet" msdata:IsDataSet="true" msdata:UseCurrentLocale="true">
      <xs:complexType>
        <xs:choice minOccurs="0" maxOccurs="unbounded">
          <xs:element name="negoziazione_continua">
            <xs:complexType>
              <xs:sequence>
                <xs:element name="DataSessione" type="xs:string" minOccurs="0" />
                <xs:element name="NomeProdotto" type="xs:string" minOccurs="0" />
                <xs:element name="PrimoPrezzo" type="xs:decimal" minOccurs="0" />
                <xs:element name="UltimoPrezzo" type="xs:decimal" minOccurs="0" />
                <xs:element name="PrezzoMassimo" type="xs:decimal" minOccurs="0" />
                <xs:element name="PrezzoMinimo" type="xs:decimal" minOccurs="0" />
                <xs:element name="PrezzoMedio" type="xs:decimal" minOccurs="0" />
                <xs:element name="PrezzoControllo" type="xs:decimal" minOccurs="0" />
                <xs:element name="Volumi" type="xs:decimal" minOccurs="0" />
                <xs:element name="PosizioniAperte" type="xs:decimal" minOccurs="0" />
                <xs:element name="Abbinamenti" type="xs:int" minOccurs="0" />
              </xs:sequence>
            </xs:complexType>
          </xs:element>
        </xs:choice>
      </xs:complexType>
    </xs:element>
  </xs:schema>
  <negoziazione_continua>
    <DataSessione>20161028</DataSessione>
    <NomeProdotto>MGP-2016-10-29</NomeProdotto>
    <PrimoPrezzo>18.3000</PrimoPrezzo>
    <UltimoPrezzo>18.3000</UltimoPrezzo>
    <PrezzoMassimo>18.3000</PrezzoMassimo>
    <PrezzoMinimo>18.3000</PrezzoMinimo>
    <PrezzoMedio>18.300000</PrezzoMedio>
    <PrezzoControllo>18.3000</PrezzoControllo>
    <Volumi>2400.00000</Volumi>
    <PosizioniAperte>2400.000000</PosizioniAperte>
    <Abbinamenti>2</Abbinamenti>
  </negoziazione_continua>
  <negoziazione_continua>
    <DataSessione>20161028</DataSessione>
    <NomeProdotto>MGP-2016-10-30</NomeProdotto>
    <PrezzoControllo>26.7240</PrezzoControllo>
    <PosizioniAperte>0.000000</PosizioniAperte>
    <Abbinamenti>0</Abbinamenti>
  </negoziazione_continua>
  <negoziazione_continua>
    <DataSessione>20161028</DataSessione>
    <NomeProdotto>MGP-2016-10-31</NomeProdotto>
    <PrezzoControllo>16.3770</PrezzoControllo>
    <PosizioniAperte>0.000000</PosizioniAperte>
    <Abbinamenti>0</Abbinamenti>
  </negoziazione_continua>
</NewDataSet>