<?xml version="1.0" standalone="yes"?>
<NewDataSet>
  <xs:schema id="NewDataSet" xmlns="" xmlns:xs="http://www.w3.org/2001/XMLSchema" xmlns:msdata="urn:schemas-microsoft-com:xml-msdata">
    <xs:element name="NewDataSet" msdata:IsDataSet="true" msdata:UseCurrentLocale="true">
      <xs:complexType>
        <xs:choice minOccurs="0" maxOccurs="unbounded">
          <xs:element name="Fabbisogno">
            <xs:complexType>
              <xs:sequence>
                <xs:element name="Data" type="xs:string" minOccurs="0" />
                <xs:element name="Mercato" type="xs:string" minOccurs="0" />
                <xs:element name="Ora" type="xs:string" minOccurs="0" />
                <xs:element name="Italia" type="xs:string" minOccurs="0" />
                <xs:element name="CNOR" type="xs:string" minOccurs="0" />
                <xs:element name="CSUD" type="xs:string" minOccurs="0" />
                <xs:element name="NORD" type="xs:string" minOccurs="0" />
                <xs:element name="SARD" type="xs:string" minOccurs="0" />
                <xs:element name="SICI" type="xs:string" minOccurs="0" />
                <xs:element name="SUD" type="xs:string" minOccurs="0" />
              </xs:sequence>
            </xs:complexType>
          </xs:element>
        </xs:choice>
      </xs:complexType>
    </xs:element>
  </xs:schema>
  <Fabbisogno>
    <Data>20160404</Data>
    <Mercato>MGP</Mercato>
    <Ora>1</Ora>
    <Italia>23236,591</Italia>
    <CNOR>2778,801</CNOR>
    <CSUD>4176,268</CSUD>
    <NORD>11075,255</NORD>
    <SARD>917,197</SARD>
    <SICI>1535,64</SICI>
    <SUD>2753,43</SUD>
  </Fabbisogno>
  <Fabbisogno>
    <Data>20160404</Data>
    <Mercato>MGP</Mercato>
    <Ora>2</Ora>
    <Italia>21618,896</Italia>
    <CNOR>2553,475</CNOR>
    <CSUD>3830,155</CSUD>
    <NORD>10403,802</NORD>
    <SARD>858,614</SARD>
    <SICI>1411,728</SICI>
    <SUD>2561,122</SUD>
  </Fabbisogno>
  <Fabbisogno>
    <Data>20160404</Data>
    <Mercato>MGP</Mercato>
    <Ora>3</Ora>
    <Italia>21358,295</Italia>
    <CNOR>2485,568</CNOR>
    <CSUD>3699,996</CSUD>
    <NORD>10495,35</NORD>
    <SARD>837,629</SARD>
    <SICI>1333,632</SICI>
    <SUD>2506,12</SUD>
  </Fabbisogno>
  <Fabbisogno>
    <Data>20160404</Data>
    <Mercato>MGP</Mercato>
    <Ora>4</Ora>
    <Italia>20817,713</Italia>
    <CNOR>2427,862</CNOR>
    <CSUD>3607,251</CSUD>
    <NORD>10221,687</NORD>
    <SARD>814,306</SARD>
    <SICI>1266,372</SICI>
    <SUD>2480,235</SUD>
  </Fabbisogno>
  <Fabbisogno>
    <Data>20160404</Data>
    <Mercato>MGP</Mercato>
    <Ora>5</Ora>
    <Italia>21519,006</Italia>
    <CNOR>2386,19</CNOR>
    <CSUD>3664,271</CSUD>
    <NORD>10900,957</NORD>
    <SARD>781,781</SARD>
    <SICI>1266,802</SICI>
    <SUD>2519,005</SUD>
  </Fabbisogno>
  <Fabbisogno>
    <Data>20160404</Data>
    <Mercato>MGP</Mercato>
    <Ora>6</Ora>
    <Italia>23369,206</Italia>
    <CNOR>2657,077</CNOR>
    <CSUD>3921,882</CSUD>
    <NORD>11981,841</NORD>
    <SARD>835,049</SARD>
    <SICI>1348,969</SICI>
    <SUD>2624,388</SUD>
  </Fabbisogno>
  <Fabbisogno>
    <Data>20160404</Data>
    <Mercato>MGP</Mercato>
    <Ora>7</Ora>
    <Italia>28235,318</Italia>
    <CNOR>3071,155</CNOR>
    <CSUD>4488,751</CSUD>
    <NORD>15449,47</NORD>
    <SARD>918,535</SARD>
    <SICI>1498,539</SICI>
    <SUD>2808,868</SUD>
  </Fabbisogno>
  <Fabbisogno>
    <Data>20160404</Data>
    <Mercato>MGP</Mercato>
    <Ora>8</Ora>
    <Italia>32457,054</Italia>
    <CNOR>3345,597</CNOR>
    <CSUD>4780,791</CSUD>
    <NORD>18657,141</NORD>
    <SARD>965,973</SARD>
    <SICI>1661,851</SICI>
    <SUD>3045,701</SUD>
  </Fabbisogno>
  <Fabbisogno>
    <Data>20160404</Data>
    <Mercato>MGP</Mercato>
    <Ora>9</Ora>
    <Italia>37689,328</Italia>
    <CNOR>3724,851</CNOR>
    <CSUD>5353,252</CSUD>
    <NORD>21879,433</NORD>
    <SARD>1085,803</SARD>
    <SICI>1876,286</SICI>
    <SUD>3769,703</SUD>
  </Fabbisogno>
  <Fabbisogno>
    <Data>20160404</Data>
    <Mercato>MGP</Mercato>
    <Ora>10</Ora>
    <Italia>38418,833</Italia>
    <CNOR>3674,888</CNOR>
    <CSUD>5293,842</CSUD>
    <NORD>22717,106</NORD>
    <SARD>1061,839</SARD>
    <SICI>1883,931</SICI>
    <SUD>3787,227</SUD>
  </Fabbisogno>
  <Fabbisogno>
    <Data>20160404</Data>
    <Mercato>MGP</Mercato>
    <Ora>11</Ora>
    <Italia>38151,677</Italia>
    <CNOR>3663,429</CNOR>
    <CSUD>5375,871</CSUD>
    <NORD>22611,935</NORD>
    <SARD>1003,353</SARD>
    <SICI>1817,085</SICI>
    <SUD>3680,004</SUD>
  </Fabbisogno>
  <Fabbisogno>
    <Data>20160404</Data>
    <Mercato>MGP</Mercato>
    <Ora>12</Ora>
    <Italia>37625,939</Italia>
    <CNOR>3619,493</CNOR>
    <CSUD>5405,622</CSUD>
    <NORD>22326,989</NORD>
    <SARD>986,171</SARD>
    <SICI>1703,085</SICI>
    <SUD>3584,579</SUD>
  </Fabbisogno>
  <Fabbisogno>
    <Data>20160404</Data>
    <Mercato>MGP</Mercato>
    <Ora>13</Ora>
    <Italia>35171,176</Italia>
    <CNOR>3284,404</CNOR>
    <CSUD>5308,437</CSUD>
    <NORD>20568,524</NORD>
    <SARD>948,353</SARD>
    <SICI>1672,311</SICI>
    <SUD>3389,147</SUD>
  </Fabbisogno>
  <Fabbisogno>
    <Data>20160404</Data>
    <Mercato>MGP</Mercato>
    <Ora>14</Ora>
    <Italia>34546,689</Italia>
    <CNOR>3105,497</CNOR>
    <CSUD>4879,549</CSUD>
    <NORD>20775,55</NORD>
    <SARD>855,743</SARD>
    <SICI>1642,861</SICI>
    <SUD>3287,489</SUD>
  </Fabbisogno>
  <Fabbisogno>
    <Data>20160404</Data>
    <Mercato>MGP</Mercato>
    <Ora>15</Ora>
    <Italia>35594,142</Italia>
    <CNOR>3281,517</CNOR>
    <CSUD>4906,225</CSUD>
    <NORD>21755,819</NORD>
    <SARD>829,751</SARD>
    <SICI>1638,56</SICI>
    <SUD>3182,27</SUD>
  </Fabbisogno>
  <Fabbisogno>
    <Data>20160404</Data>
    <Mercato>MGP</Mercato>
    <Ora>16</Ora>
    <Italia>35968,915</Italia>
    <CNOR>3360,422</CNOR>
    <CSUD>4956,832</CSUD>
    <NORD>21949,673</NORD>
    <SARD>835,375</SARD>
    <SICI>1638,788</SICI>
    <SUD>3227,825</SUD>
  </Fabbisogno>
  <Fabbisogno>
    <Data>20160404</Data>
    <Mercato>MGP</Mercato>
    <Ora>17</Ora>
    <Italia>36381,49</Italia>
    <CNOR>3482,658</CNOR>
    <CSUD>5071,419</CSUD>
    <NORD>21941,764</NORD>
    <SARD>865,791</SARD>
    <SICI>1679,837</SICI>
    <SUD>3340,021</SUD>
  </Fabbisogno>
  <Fabbisogno>
    <Data>20160404</Data>
    <Mercato>MGP</Mercato>
    <Ora>18</Ora>
    <Italia>35702,142</Italia>
    <CNOR>3614,906</CNOR>
    <CSUD>5258,968</CSUD>
    <NORD>20947,747</NORD>
    <SARD>911,47</SARD>
    <SICI>1715,776</SICI>
    <SUD>3253,275</SUD>
  </Fabbisogno>
  <Fabbisogno>
    <Data>20160404</Data>
    <Mercato>MGP</Mercato>
    <Ora>19</Ora>
    <Italia>35654,856</Italia>
    <CNOR>3918,239</CNOR>
    <CSUD>5767,079</CSUD>
    <NORD>19546,279</NORD>
    <SARD>1029,549</SARD>
    <SICI>1879,02</SICI>
    <SUD>3514,69</SUD>
  </Fabbisogno>
  <Fabbisogno>
    <Data>20160404</Data>
    <Mercato>MGP</Mercato>
    <Ora>20</Ora>
    <Italia>36392,006</Italia>
    <CNOR>4048,916</CNOR>
    <CSUD>6017,047</CSUD>
    <NORD>19385,362</NORD>
    <SARD>1044,863</SARD>
    <SICI>2113,524</SICI>
    <SUD>3782,294</SUD>
  </Fabbisogno>
  <Fabbisogno>
    <Data>20160404</Data>
    <Mercato>MGP</Mercato>
    <Ora>21</Ora>
    <Italia>38605,381</Italia>
    <CNOR>4407,553</CNOR>
    <CSUD>6660,86</CSUD>
    <NORD>19680,894</NORD>
    <SARD>1245,373</SARD>
    <SICI>2417,141</SICI>
    <SUD>4193,56</SUD>
  </Fabbisogno>
  <Fabbisogno>
    <Data>20160404</Data>
    <Mercato>MGP</Mercato>
    <Ora>22</Ora>
    <Italia>36387,1</Italia>
    <CNOR>4120,219</CNOR>
    <CSUD>6258,411</CSUD>
    <NORD>18591,809</NORD>
    <SARD>1180,787</SARD>
    <SICI>2242,984</SICI>
    <SUD>3992,89</SUD>
  </Fabbisogno>
  <Fabbisogno>
    <Data>20160404</Data>
    <Mercato>MGP</Mercato>
    <Ora>23</Ora>
    <Italia>32779,551</Italia>
    <CNOR>3760,017</CNOR>
    <CSUD>5672,524</CSUD>
    <NORD>16530,697</NORD>
    <SARD>1057,591</SARD>
    <SICI>2114,119</SICI>
    <SUD>3644,603</SUD>
  </Fabbisogno>
  <Fabbisogno>
    <Data>20160404</Data>
    <Mercato>MGP</Mercato>
    <Ora>24</Ora>
    <Italia>29092,696</Italia>
    <CNOR>3368,702</CNOR>
    <CSUD>4988,053</CSUD>
    <NORD>14749,617</NORD>
    <SARD>950,927</SARD>
    <SICI>1844,784</SICI>
    <SUD>3190,613</SUD>
  </Fabbisogno>
</NewDataSet>