<?xml version="1.0" standalone="yes"?>
<NewDataSet>
  <xs:schema id="NewDataSet" xmlns="" xmlns:xs="http://www.w3.org/2001/XMLSchema" xmlns:msdata="urn:schemas-microsoft-com:xml-msdata">
    <xs:element name="NewDataSet" msdata:IsDataSet="true" msdata:UseCurrentLocale="true">
      <xs:complexType>
        <xs:choice minOccurs="0" maxOccurs="unbounded">
          <xs:element name="Fabbisogno">
            <xs:complexType>
              <xs:sequence>
                <xs:element name="Data" type="xs:string" minOccurs="0" />
                <xs:element name="Mercato" type="xs:string" minOccurs="0" />
                <xs:element name="Ora" type="xs:string" minOccurs="0" />
                <xs:element name="Italia" type="xs:string" minOccurs="0" />
                <xs:element name="CNOR" type="xs:string" minOccurs="0" />
                <xs:element name="CSUD" type="xs:string" minOccurs="0" />
                <xs:element name="NORD" type="xs:string" minOccurs="0" />
                <xs:element name="SARD" type="xs:string" minOccurs="0" />
                <xs:element name="SICI" type="xs:string" minOccurs="0" />
                <xs:element name="SUD" type="xs:string" minOccurs="0" />
              </xs:sequence>
            </xs:complexType>
          </xs:element>
        </xs:choice>
      </xs:complexType>
    </xs:element>
  </xs:schema>
  <Fabbisogno>
    <Data>20160416</Data>
    <Mercato>MGP</Mercato>
    <Ora>1</Ora>
    <Italia>27259,217</Italia>
    <CNOR>3522,546</CNOR>
    <CSUD>4955,998</CSUD>
    <NORD>13154,185</NORD>
    <SARD>1018,352</SARD>
    <SICI>1626,905</SICI>
    <SUD>2981,231</SUD>
  </Fabbisogno>
  <Fabbisogno>
    <Data>20160416</Data>
    <Mercato>MGP</Mercato>
    <Ora>2</Ora>
    <Italia>25746,634</Italia>
    <CNOR>3325,443</CNOR>
    <CSUD>4589,322</CSUD>
    <NORD>12584,61</NORD>
    <SARD>951,93</SARD>
    <SICI>1489,665</SICI>
    <SUD>2805,664</SUD>
  </Fabbisogno>
  <Fabbisogno>
    <Data>20160416</Data>
    <Mercato>MGP</Mercato>
    <Ora>3</Ora>
    <Italia>24655,777</Italia>
    <CNOR>3122,436</CNOR>
    <CSUD>4196,559</CSUD>
    <NORD>12318,788</NORD>
    <SARD>941,801</SARD>
    <SICI>1377,877</SICI>
    <SUD>2698,316</SUD>
  </Fabbisogno>
  <Fabbisogno>
    <Data>20160416</Data>
    <Mercato>MGP</Mercato>
    <Ora>4</Ora>
    <Italia>24435,276</Italia>
    <CNOR>3013,662</CNOR>
    <CSUD>4207,996</CSUD>
    <NORD>12303,205</NORD>
    <SARD>925,454</SARD>
    <SICI>1326,326</SICI>
    <SUD>2658,633</SUD>
  </Fabbisogno>
  <Fabbisogno>
    <Data>20160416</Data>
    <Mercato>MGP</Mercato>
    <Ora>5</Ora>
    <Italia>24272,835</Italia>
    <CNOR>2871,419</CNOR>
    <CSUD>4104,343</CSUD>
    <NORD>12409,125</NORD>
    <SARD>923,432</SARD>
    <SICI>1321,027</SICI>
    <SUD>2643,489</SUD>
  </Fabbisogno>
  <Fabbisogno>
    <Data>20160416</Data>
    <Mercato>MGP</Mercato>
    <Ora>6</Ora>
    <Italia>24609,775</Italia>
    <CNOR>2897,688</CNOR>
    <CSUD>4142,912</CSUD>
    <NORD>12486,514</NORD>
    <SARD>921,513</SARD>
    <SICI>1358,719</SICI>
    <SUD>2802,429</SUD>
  </Fabbisogno>
  <Fabbisogno>
    <Data>20160416</Data>
    <Mercato>MGP</Mercato>
    <Ora>7</Ora>
    <Italia>25508,21</Italia>
    <CNOR>3027,965</CNOR>
    <CSUD>4415,44</CSUD>
    <NORD>12870,613</NORD>
    <SARD>977,848</SARD>
    <SICI>1426,962</SICI>
    <SUD>2789,382</SUD>
  </Fabbisogno>
  <Fabbisogno>
    <Data>20160416</Data>
    <Mercato>MGP</Mercato>
    <Ora>8</Ora>
    <Italia>27947,292</Italia>
    <CNOR>3082,018</CNOR>
    <CSUD>4464,488</CSUD>
    <NORD>14979,498</NORD>
    <SARD>933,414</SARD>
    <SICI>1614,54</SICI>
    <SUD>2873,334</SUD>
  </Fabbisogno>
  <Fabbisogno>
    <Data>20160416</Data>
    <Mercato>MGP</Mercato>
    <Ora>9</Ora>
    <Italia>30419,114</Italia>
    <CNOR>3273,586</CNOR>
    <CSUD>5036,871</CSUD>
    <NORD>16279,864</NORD>
    <SARD>1002,565</SARD>
    <SICI>1784,739</SICI>
    <SUD>3041,489</SUD>
  </Fabbisogno>
  <Fabbisogno>
    <Data>20160416</Data>
    <Mercato>MGP</Mercato>
    <Ora>10</Ora>
    <Italia>31238,786</Italia>
    <CNOR>3238,851</CNOR>
    <CSUD>5084,779</CSUD>
    <NORD>17156,833</NORD>
    <SARD>919,071</SARD>
    <SICI>1822,271</SICI>
    <SUD>3016,981</SUD>
  </Fabbisogno>
  <Fabbisogno>
    <Data>20160416</Data>
    <Mercato>MGP</Mercato>
    <Ora>11</Ora>
    <Italia>30359,273</Italia>
    <CNOR>2980,831</CNOR>
    <CSUD>4760,536</CSUD>
    <NORD>17227,651</NORD>
    <SARD>877,953</SARD>
    <SICI>1743,335</SICI>
    <SUD>2768,967</SUD>
  </Fabbisogno>
  <Fabbisogno>
    <Data>20160416</Data>
    <Mercato>MGP</Mercato>
    <Ora>12</Ora>
    <Italia>29592,983</Italia>
    <CNOR>2869,996</CNOR>
    <CSUD>4754,062</CSUD>
    <NORD>16639,929</NORD>
    <SARD>889,444</SARD>
    <SICI>1761,561</SICI>
    <SUD>2677,991</SUD>
  </Fabbisogno>
  <Fabbisogno>
    <Data>20160416</Data>
    <Mercato>MGP</Mercato>
    <Ora>13</Ora>
    <Italia>28159,403</Italia>
    <CNOR>2673,191</CNOR>
    <CSUD>4798,477</CSUD>
    <NORD>15548,773</NORD>
    <SARD>885,05</SARD>
    <SICI>1622,006</SICI>
    <SUD>2631,906</SUD>
  </Fabbisogno>
  <Fabbisogno>
    <Data>20160416</Data>
    <Mercato>MGP</Mercato>
    <Ora>14</Ora>
    <Italia>26566,111</Italia>
    <CNOR>2524,256</CNOR>
    <CSUD>4421,442</CSUD>
    <NORD>14833,929</NORD>
    <SARD>761,286</SARD>
    <SICI>1566,596</SICI>
    <SUD>2458,602</SUD>
  </Fabbisogno>
  <Fabbisogno>
    <Data>20160416</Data>
    <Mercato>MGP</Mercato>
    <Ora>15</Ora>
    <Italia>26035,79</Italia>
    <CNOR>2489,972</CNOR>
    <CSUD>4302,718</CSUD>
    <NORD>14656,109</NORD>
    <SARD>725,624</SARD>
    <SICI>1509,416</SICI>
    <SUD>2351,951</SUD>
  </Fabbisogno>
  <Fabbisogno>
    <Data>20160416</Data>
    <Mercato>MGP</Mercato>
    <Ora>16</Ora>
    <Italia>26319,738</Italia>
    <CNOR>2494,096</CNOR>
    <CSUD>4290,415</CSUD>
    <NORD>14846,812</NORD>
    <SARD>740,348</SARD>
    <SICI>1536,553</SICI>
    <SUD>2411,514</SUD>
  </Fabbisogno>
  <Fabbisogno>
    <Data>20160416</Data>
    <Mercato>MGP</Mercato>
    <Ora>17</Ora>
    <Italia>25954,395</Italia>
    <CNOR>2558,381</CNOR>
    <CSUD>4304,046</CSUD>
    <NORD>14213,007</NORD>
    <SARD>778,896</SARD>
    <SICI>1565,964</SICI>
    <SUD>2534,101</SUD>
  </Fabbisogno>
  <Fabbisogno>
    <Data>20160416</Data>
    <Mercato>MGP</Mercato>
    <Ora>18</Ora>
    <Italia>26877,952</Italia>
    <CNOR>2841,809</CNOR>
    <CSUD>4762,359</CSUD>
    <NORD>13872,574</NORD>
    <SARD>934,956</SARD>
    <SICI>1630,787</SICI>
    <SUD>2835,467</SUD>
  </Fabbisogno>
  <Fabbisogno>
    <Data>20160416</Data>
    <Mercato>MGP</Mercato>
    <Ora>19</Ora>
    <Italia>28903,87</Italia>
    <CNOR>3404,01</CNOR>
    <CSUD>5146,886</CSUD>
    <NORD>14386,384</NORD>
    <SARD>1014,695</SARD>
    <SICI>1724,05</SICI>
    <SUD>3227,845</SUD>
  </Fabbisogno>
  <Fabbisogno>
    <Data>20160416</Data>
    <Mercato>MGP</Mercato>
    <Ora>20</Ora>
    <Italia>31398,44</Italia>
    <CNOR>3845,173</CNOR>
    <CSUD>5793,377</CSUD>
    <NORD>15017,6</NORD>
    <SARD>1100,13</SARD>
    <SICI>1978,775</SICI>
    <SUD>3663,385</SUD>
  </Fabbisogno>
  <Fabbisogno>
    <Data>20160416</Data>
    <Mercato>MGP</Mercato>
    <Ora>21</Ora>
    <Italia>32993,052</Italia>
    <CNOR>3967,17</CNOR>
    <CSUD>6210,398</CSUD>
    <NORD>15327,603</NORD>
    <SARD>1270,916</SARD>
    <SICI>2244,709</SICI>
    <SUD>3972,256</SUD>
  </Fabbisogno>
  <Fabbisogno>
    <Data>20160416</Data>
    <Mercato>MGP</Mercato>
    <Ora>22</Ora>
    <Italia>30398,117</Italia>
    <CNOR>3636,29</CNOR>
    <CSUD>5652,824</CSUD>
    <NORD>14391,339</NORD>
    <SARD>1065,642</SARD>
    <SICI>2033,078</SICI>
    <SUD>3618,944</SUD>
  </Fabbisogno>
  <Fabbisogno>
    <Data>20160416</Data>
    <Mercato>MGP</Mercato>
    <Ora>23</Ora>
    <Italia>28678,615</Italia>
    <CNOR>3528,876</CNOR>
    <CSUD>5434,416</CSUD>
    <NORD>13285,655</NORD>
    <SARD>1090,053</SARD>
    <SICI>1896,185</SICI>
    <SUD>3443,43</SUD>
  </Fabbisogno>
  <Fabbisogno>
    <Data>20160416</Data>
    <Mercato>MGP</Mercato>
    <Ora>24</Ora>
    <Italia>26572,805</Italia>
    <CNOR>3327,223</CNOR>
    <CSUD>5085,202</CSUD>
    <NORD>12189,079</NORD>
    <SARD>1027,625</SARD>
    <SICI>1812,701</SICI>
    <SUD>3130,975</SUD>
  </Fabbisogno>
</NewDataSet>