<?xml version="1.0" standalone="yes"?>
<NewDataSet>
  <xs:schema id="NewDataSet" xmlns="" xmlns:xs="http://www.w3.org/2001/XMLSchema" xmlns:msdata="urn:schemas-microsoft-com:xml-msdata">
    <xs:element name="NewDataSet" msdata:IsDataSet="true" msdata:UseCurrentLocale="true">
      <xs:complexType>
        <xs:choice minOccurs="0" maxOccurs="unbounded">
          <xs:element name="Fabbisogno">
            <xs:complexType>
              <xs:sequence>
                <xs:element name="Data" type="xs:string" minOccurs="0" />
                <xs:element name="Mercato" type="xs:string" minOccurs="0" />
                <xs:element name="Ora" type="xs:string" minOccurs="0" />
                <xs:element name="Italia" type="xs:string" minOccurs="0" />
                <xs:element name="CNOR" type="xs:string" minOccurs="0" />
                <xs:element name="CSUD" type="xs:string" minOccurs="0" />
                <xs:element name="NORD" type="xs:string" minOccurs="0" />
                <xs:element name="SARD" type="xs:string" minOccurs="0" />
                <xs:element name="SICI" type="xs:string" minOccurs="0" />
                <xs:element name="SUD" type="xs:string" minOccurs="0" />
              </xs:sequence>
            </xs:complexType>
          </xs:element>
        </xs:choice>
      </xs:complexType>
    </xs:element>
  </xs:schema>
  <Fabbisogno>
    <Data>20160410</Data>
    <Mercato>MGP</Mercato>
    <Ora>1</Ora>
    <Italia>24900,951</Italia>
    <CNOR>3009,203</CNOR>
    <CSUD>4519,215</CSUD>
    <NORD>11655,647</NORD>
    <SARD>990,592</SARD>
    <SICI>1639,778</SICI>
    <SUD>3086,516</SUD>
  </Fabbisogno>
  <Fabbisogno>
    <Data>20160410</Data>
    <Mercato>MGP</Mercato>
    <Ora>2</Ora>
    <Italia>23237,73</Italia>
    <CNOR>2809,731</CNOR>
    <CSUD>4184,79</CSUD>
    <NORD>10876,667</NORD>
    <SARD>948,329</SARD>
    <SICI>1514,711</SICI>
    <SUD>2903,502</SUD>
  </Fabbisogno>
  <Fabbisogno>
    <Data>20160410</Data>
    <Mercato>MGP</Mercato>
    <Ora>3</Ora>
    <Italia>22424,022</Italia>
    <CNOR>2726,233</CNOR>
    <CSUD>3955,275</CSUD>
    <NORD>10625,884</NORD>
    <SARD>917,57</SARD>
    <SICI>1398,376</SICI>
    <SUD>2800,684</SUD>
  </Fabbisogno>
  <Fabbisogno>
    <Data>20160410</Data>
    <Mercato>MGP</Mercato>
    <Ora>4</Ora>
    <Italia>21839,712</Italia>
    <CNOR>2650,527</CNOR>
    <CSUD>3813,047</CSUD>
    <NORD>10456,922</NORD>
    <SARD>880,083</SARD>
    <SICI>1346,094</SICI>
    <SUD>2693,039</SUD>
  </Fabbisogno>
  <Fabbisogno>
    <Data>20160410</Data>
    <Mercato>MGP</Mercato>
    <Ora>5</Ora>
    <Italia>21522,14</Italia>
    <CNOR>2536,728</CNOR>
    <CSUD>3745,084</CSUD>
    <NORD>10471,232</NORD>
    <SARD>846,177</SARD>
    <SICI>1280,545</SICI>
    <SUD>2642,374</SUD>
  </Fabbisogno>
  <Fabbisogno>
    <Data>20160410</Data>
    <Mercato>MGP</Mercato>
    <Ora>6</Ora>
    <Italia>21770,333</Italia>
    <CNOR>2518,093</CNOR>
    <CSUD>3779,751</CSUD>
    <NORD>10649,579</NORD>
    <SARD>854,459</SARD>
    <SICI>1351,507</SICI>
    <SUD>2616,944</SUD>
  </Fabbisogno>
  <Fabbisogno>
    <Data>20160410</Data>
    <Mercato>MGP</Mercato>
    <Ora>7</Ora>
    <Italia>22006,892</Italia>
    <CNOR>2497,942</CNOR>
    <CSUD>3746,463</CSUD>
    <NORD>11097,03</NORD>
    <SARD>803,839</SARD>
    <SICI>1340,65</SICI>
    <SUD>2520,968</SUD>
  </Fabbisogno>
  <Fabbisogno>
    <Data>20160410</Data>
    <Mercato>MGP</Mercato>
    <Ora>8</Ora>
    <Italia>22304,841</Italia>
    <CNOR>2391,766</CNOR>
    <CSUD>3686,885</CSUD>
    <NORD>11486,159</NORD>
    <SARD>797,179</SARD>
    <SICI>1345,482</SICI>
    <SUD>2597,37</SUD>
  </Fabbisogno>
  <Fabbisogno>
    <Data>20160410</Data>
    <Mercato>MGP</Mercato>
    <Ora>9</Ora>
    <Italia>24396,892</Italia>
    <CNOR>2382,104</CNOR>
    <CSUD>3821,269</CSUD>
    <NORD>12343,195</NORD>
    <SARD>917,399</SARD>
    <SICI>1566,299</SICI>
    <SUD>3366,626</SUD>
  </Fabbisogno>
  <Fabbisogno>
    <Data>20160410</Data>
    <Mercato>MGP</Mercato>
    <Ora>10</Ora>
    <Italia>26043,466</Italia>
    <CNOR>2524,342</CNOR>
    <CSUD>4196,636</CSUD>
    <NORD>13168,637</NORD>
    <SARD>948,895</SARD>
    <SICI>1722,244</SICI>
    <SUD>3482,712</SUD>
  </Fabbisogno>
  <Fabbisogno>
    <Data>20160410</Data>
    <Mercato>MGP</Mercato>
    <Ora>11</Ora>
    <Italia>25499,979</Italia>
    <CNOR>2370,182</CNOR>
    <CSUD>4057,596</CSUD>
    <NORD>13272,439</NORD>
    <SARD>831,331</SARD>
    <SICI>1708,289</SICI>
    <SUD>3260,142</SUD>
  </Fabbisogno>
  <Fabbisogno>
    <Data>20160410</Data>
    <Mercato>MGP</Mercato>
    <Ora>12</Ora>
    <Italia>26040,202</Italia>
    <CNOR>2449,88</CNOR>
    <CSUD>4271,398</CSUD>
    <NORD>13455,407</NORD>
    <SARD>867,772</SARD>
    <SICI>1776,944</SICI>
    <SUD>3218,801</SUD>
  </Fabbisogno>
  <Fabbisogno>
    <Data>20160410</Data>
    <Mercato>MGP</Mercato>
    <Ora>13</Ora>
    <Italia>25546,381</Italia>
    <CNOR>2354,843</CNOR>
    <CSUD>4314,371</CSUD>
    <NORD>13121,854</NORD>
    <SARD>847,508</SARD>
    <SICI>1680,045</SICI>
    <SUD>3227,76</SUD>
  </Fabbisogno>
  <Fabbisogno>
    <Data>20160410</Data>
    <Mercato>MGP</Mercato>
    <Ora>14</Ora>
    <Italia>23757,555</Italia>
    <CNOR>2155,233</CNOR>
    <CSUD>3876,338</CSUD>
    <NORD>12448,124</NORD>
    <SARD>744,643</SARD>
    <SICI>1529,559</SICI>
    <SUD>3003,658</SUD>
  </Fabbisogno>
  <Fabbisogno>
    <Data>20160410</Data>
    <Mercato>MGP</Mercato>
    <Ora>15</Ora>
    <Italia>23258,351</Italia>
    <CNOR>2075,576</CNOR>
    <CSUD>3727,261</CSUD>
    <NORD>12396,667</NORD>
    <SARD>740,093</SARD>
    <SICI>1447,983</SICI>
    <SUD>2870,771</SUD>
  </Fabbisogno>
  <Fabbisogno>
    <Data>20160410</Data>
    <Mercato>MGP</Mercato>
    <Ora>16</Ora>
    <Italia>23065,583</Italia>
    <CNOR>2108,733</CNOR>
    <CSUD>3712,668</CSUD>
    <NORD>12191,372</NORD>
    <SARD>730,681</SARD>
    <SICI>1435,316</SICI>
    <SUD>2886,813</SUD>
  </Fabbisogno>
  <Fabbisogno>
    <Data>20160410</Data>
    <Mercato>MGP</Mercato>
    <Ora>17</Ora>
    <Italia>23325,52</Italia>
    <CNOR>2166,686</CNOR>
    <CSUD>3749,628</CSUD>
    <NORD>11992,623</NORD>
    <SARD>730,043</SARD>
    <SICI>1442,754</SICI>
    <SUD>3243,786</SUD>
  </Fabbisogno>
  <Fabbisogno>
    <Data>20160410</Data>
    <Mercato>MGP</Mercato>
    <Ora>18</Ora>
    <Italia>24500,223</Italia>
    <CNOR>2727,568</CNOR>
    <CSUD>4369,711</CSUD>
    <NORD>11971,753</NORD>
    <SARD>880,585</SARD>
    <SICI>1500,977</SICI>
    <SUD>3049,629</SUD>
  </Fabbisogno>
  <Fabbisogno>
    <Data>20160410</Data>
    <Mercato>MGP</Mercato>
    <Ora>19</Ora>
    <Italia>26248,258</Italia>
    <CNOR>3050,886</CNOR>
    <CSUD>4668,688</CSUD>
    <NORD>12719,98</NORD>
    <SARD>957,922</SARD>
    <SICI>1579,208</SICI>
    <SUD>3271,574</SUD>
  </Fabbisogno>
  <Fabbisogno>
    <Data>20160410</Data>
    <Mercato>MGP</Mercato>
    <Ora>20</Ora>
    <Italia>28542,755</Italia>
    <CNOR>3428,642</CNOR>
    <CSUD>5210,457</CSUD>
    <NORD>13465,585</NORD>
    <SARD>1017,794</SARD>
    <SICI>1785,058</SICI>
    <SUD>3635,219</SUD>
  </Fabbisogno>
  <Fabbisogno>
    <Data>20160410</Data>
    <Mercato>MGP</Mercato>
    <Ora>21</Ora>
    <Italia>31209,92</Italia>
    <CNOR>3776,596</CNOR>
    <CSUD>5844,796</CSUD>
    <NORD>14462,696</NORD>
    <SARD>1196,526</SARD>
    <SICI>2076,569</SICI>
    <SUD>3852,737</SUD>
  </Fabbisogno>
  <Fabbisogno>
    <Data>20160410</Data>
    <Mercato>MGP</Mercato>
    <Ora>22</Ora>
    <Italia>30243,951</Italia>
    <CNOR>3667,928</CNOR>
    <CSUD>5631,107</CSUD>
    <NORD>14054,611</NORD>
    <SARD>1184,105</SARD>
    <SICI>1941,48</SICI>
    <SUD>3764,72</SUD>
  </Fabbisogno>
  <Fabbisogno>
    <Data>20160410</Data>
    <Mercato>MGP</Mercato>
    <Ora>23</Ora>
    <Italia>27982,883</Italia>
    <CNOR>3364,572</CNOR>
    <CSUD>5195,464</CSUD>
    <NORD>12996,449</NORD>
    <SARD>1034,94</SARD>
    <SICI>1793,897</SICI>
    <SUD>3597,561</SUD>
  </Fabbisogno>
  <Fabbisogno>
    <Data>20160410</Data>
    <Mercato>MGP</Mercato>
    <Ora>24</Ora>
    <Italia>25357,353</Italia>
    <CNOR>3062,274</CNOR>
    <CSUD>4648,699</CSUD>
    <NORD>11803,382</NORD>
    <SARD>958,335</SARD>
    <SICI>1652,422</SICI>
    <SUD>3232,241</SUD>
  </Fabbisogno>
</NewDataSet>