<?xml version="1.0" standalone="yes"?>
<NewDataSet>
  <xs:schema id="NewDataSet" xmlns="" xmlns:xs="http://www.w3.org/2001/XMLSchema" xmlns:msdata="urn:schemas-microsoft-com:xml-msdata">
    <xs:element name="NewDataSet" msdata:IsDataSet="true" msdata:UseCurrentLocale="true">
      <xs:complexType>
        <xs:choice minOccurs="0" maxOccurs="unbounded">
          <xs:element name="negoziazione_continua">
            <xs:complexType>
              <xs:sequence>
                <xs:element name="DataSessione" type="xs:string" minOccurs="0" />
                <xs:element name="NomeProdotto" type="xs:string" minOccurs="0" />
                <xs:element name="PrimoPrezzo" type="xs:decimal" minOccurs="0" />
                <xs:element name="UltimoPrezzo" type="xs:decimal" minOccurs="0" />
                <xs:element name="PrezzoMassimo" type="xs:decimal" minOccurs="0" />
                <xs:element name="PrezzoMinimo" type="xs:decimal" minOccurs="0" />
                <xs:element name="PrezzoMedio" type="xs:decimal" minOccurs="0" />
                <xs:element name="PrezzoControllo" type="xs:decimal" minOccurs="0" />
                <xs:element name="Volumi" type="xs:decimal" minOccurs="0" />
                <xs:element name="PosizioniAperte" type="xs:decimal" minOccurs="0" />
                <xs:element name="Abbinamenti" type="xs:int" minOccurs="0" />
              </xs:sequence>
            </xs:complexType>
          </xs:element>
        </xs:choice>
      </xs:complexType>
    </xs:element>
  </xs:schema>
  <negoziazione_continua>
    <DataSessione>20170718</DataSessione>
    <NomeProdotto>MGP-2017-07-19</NomeProdotto>
    <PrimoPrezzo>17.8500</PrimoPrezzo>
    <UltimoPrezzo>17.7500</UltimoPrezzo>
    <PrezzoMassimo>17.8500</PrezzoMassimo>
    <PrezzoMinimo>17.7500</PrezzoMinimo>
    <PrezzoMedio>17.836614</PrezzoMedio>
    <PrezzoControllo>17.1830</PrezzoControllo>
    <Volumi>12700.00000</Volumi>
    <PosizioniAperte>12700.000000</PosizioniAperte>
    <Abbinamenti>7</Abbinamenti>
  </negoziazione_continua>
  <negoziazione_continua>
    <DataSessione>20170718</DataSessione>
    <NomeProdotto>MGP-2017-07-20</NomeProdotto>
    <PrezzoControllo>15.6610</PrezzoControllo>
    <PosizioniAperte>0.000000</PosizioniAperte>
    <Abbinamenti>0</Abbinamenti>
  </negoziazione_continua>
  <negoziazione_continua>
    <DataSessione>20170718</DataSessione>
    <NomeProdotto>MGP-2017-07-21</NomeProdotto>
    <PrezzoControllo>15.6610</PrezzoControllo>
    <PosizioniAperte>0.000000</PosizioniAperte>
    <Abbinamenti>0</Abbinamenti>
  </negoziazione_continua>
</NewDataSet>