<?xml version="1.0" standalone="yes"?>
<NewDataSet>
  <xs:schema id="NewDataSet" xmlns="" xmlns:xs="http://www.w3.org/2001/XMLSchema" xmlns:msdata="urn:schemas-microsoft-com:xml-msdata">
    <xs:element name="NewDataSet" msdata:IsDataSet="true" msdata:UseCurrentLocale="true">
      <xs:complexType>
        <xs:choice minOccurs="0" maxOccurs="unbounded">
          <xs:element name="negoziazione_continua">
            <xs:complexType>
              <xs:sequence>
                <xs:element name="DataSessione" type="xs:string" minOccurs="0" />
                <xs:element name="NomeProdotto" type="xs:string" minOccurs="0" />
                <xs:element name="PrimoPrezzo" type="xs:decimal" minOccurs="0" />
                <xs:element name="UltimoPrezzo" type="xs:decimal" minOccurs="0" />
                <xs:element name="PrezzoMassimo" type="xs:decimal" minOccurs="0" />
                <xs:element name="PrezzoMinimo" type="xs:decimal" minOccurs="0" />
                <xs:element name="PrezzoMedio" type="xs:decimal" minOccurs="0" />
                <xs:element name="PrezzoControllo" type="xs:decimal" minOccurs="0" />
                <xs:element name="Volumi" type="xs:decimal" minOccurs="0" />
                <xs:element name="PosizioniAperte" type="xs:decimal" minOccurs="0" />
                <xs:element name="Abbinamenti" type="xs:int" minOccurs="0" />
              </xs:sequence>
            </xs:complexType>
          </xs:element>
        </xs:choice>
      </xs:complexType>
    </xs:element>
  </xs:schema>
  <negoziazione_continua>
    <DataSessione>20170725</DataSessione>
    <NomeProdotto>MGP-2017-07-26</NomeProdotto>
    <PrimoPrezzo>17.3500</PrimoPrezzo>
    <UltimoPrezzo>17.3500</UltimoPrezzo>
    <PrezzoMassimo>17.3500</PrezzoMassimo>
    <PrezzoMinimo>17.2000</PrezzoMinimo>
    <PrezzoMedio>17.279918</PrezzoMedio>
    <PrezzoControllo>17.6380</PrezzoControllo>
    <Volumi>9760.00000</Volumi>
    <PosizioniAperte>28270.000000</PosizioniAperte>
    <Abbinamenti>9</Abbinamenti>
  </negoziazione_continua>
  <negoziazione_continua>
    <DataSessione>20170725</DataSessione>
    <NomeProdotto>MGP-2017-07-27</NomeProdotto>
    <PrimoPrezzo>17.2500</PrimoPrezzo>
    <UltimoPrezzo>17.2500</UltimoPrezzo>
    <PrezzoMassimo>17.2500</PrezzoMassimo>
    <PrezzoMinimo>17.2500</PrezzoMinimo>
    <PrezzoMedio>17.250000</PrezzoMedio>
    <PrezzoControllo>17.4490</PrezzoControllo>
    <Volumi>480.00000</Volumi>
    <PosizioniAperte>480.000000</PosizioniAperte>
    <Abbinamenti>1</Abbinamenti>
  </negoziazione_continua>
  <negoziazione_continua>
    <DataSessione>20170725</DataSessione>
    <NomeProdotto>MGP-2017-07-28</NomeProdotto>
    <PrezzoControllo>17.9140</PrezzoControllo>
    <PosizioniAperte>0.000000</PosizioniAperte>
    <Abbinamenti>0</Abbinamenti>
  </negoziazione_continua>
</NewDataSet>