<?xml version="1.0" standalone="yes"?>
<NewDataSet>
  <xs:schema id="NewDataSet" xmlns="" xmlns:xs="http://www.w3.org/2001/XMLSchema" xmlns:msdata="urn:schemas-microsoft-com:xml-msdata">
    <xs:element name="NewDataSet" msdata:IsDataSet="true" msdata:UseCurrentLocale="true">
      <xs:complexType>
        <xs:choice minOccurs="0" maxOccurs="unbounded">
          <xs:element name="negoziazione_continua">
            <xs:complexType>
              <xs:sequence>
                <xs:element name="DataSessione" type="xs:string" minOccurs="0" />
                <xs:element name="NomeProdotto" type="xs:string" minOccurs="0" />
                <xs:element name="PrimoPrezzo" type="xs:decimal" minOccurs="0" />
                <xs:element name="UltimoPrezzo" type="xs:decimal" minOccurs="0" />
                <xs:element name="PrezzoMassimo" type="xs:decimal" minOccurs="0" />
                <xs:element name="PrezzoMinimo" type="xs:decimal" minOccurs="0" />
                <xs:element name="PrezzoMedio" type="xs:decimal" minOccurs="0" />
                <xs:element name="PrezzoControllo" type="xs:decimal" minOccurs="0" />
                <xs:element name="Volumi" type="xs:decimal" minOccurs="0" />
                <xs:element name="PosizioniAperte" type="xs:decimal" minOccurs="0" />
                <xs:element name="Abbinamenti" type="xs:int" minOccurs="0" />
              </xs:sequence>
            </xs:complexType>
          </xs:element>
        </xs:choice>
      </xs:complexType>
    </xs:element>
  </xs:schema>
  <negoziazione_continua>
    <DataSessione>20170706</DataSessione>
    <NomeProdotto>MGP-2017-07-07</NomeProdotto>
    <PrimoPrezzo>18.1950</PrimoPrezzo>
    <UltimoPrezzo>18.2500</UltimoPrezzo>
    <PrezzoMassimo>18.2500</PrezzoMassimo>
    <PrezzoMinimo>18.1500</PrezzoMinimo>
    <PrezzoMedio>18.187922</PrezzoMedio>
    <PrezzoControllo>18.2620</PrezzoControllo>
    <Volumi>16270.00000</Volumi>
    <PosizioniAperte>16270.000000</PosizioniAperte>
    <Abbinamenti>11</Abbinamenti>
  </negoziazione_continua>
  <negoziazione_continua>
    <DataSessione>20170706</DataSessione>
    <NomeProdotto>MGP-2017-07-08</NomeProdotto>
    <PrezzoControllo>18.4390</PrezzoControllo>
    <PosizioniAperte>0.000000</PosizioniAperte>
    <Abbinamenti>0</Abbinamenti>
  </negoziazione_continua>
  <negoziazione_continua>
    <DataSessione>20170706</DataSessione>
    <NomeProdotto>MGP-2017-07-09</NomeProdotto>
    <PrimoPrezzo>17.8000</PrimoPrezzo>
    <UltimoPrezzo>17.8000</UltimoPrezzo>
    <PrezzoMassimo>17.8000</PrezzoMassimo>
    <PrezzoMinimo>17.8000</PrezzoMinimo>
    <PrezzoMedio>17.800000</PrezzoMedio>
    <PrezzoControllo>17.9920</PrezzoControllo>
    <Volumi>250.00000</Volumi>
    <PosizioniAperte>250.000000</PosizioniAperte>
    <Abbinamenti>1</Abbinamenti>
  </negoziazione_continua>
</NewDataSet>