<?xml version="1.0" standalone="yes"?>
<NewDataSet>
  <xs:schema id="NewDataSet" xmlns="" xmlns:xs="http://www.w3.org/2001/XMLSchema" xmlns:msdata="urn:schemas-microsoft-com:xml-msdata">
    <xs:element name="NewDataSet" msdata:IsDataSet="true" msdata:MainDataTable="marketintervaldetail" msdata:UseCurrentLocale="true">
      <xs:complexType>
        <xs:choice minOccurs="0" maxOccurs="unbounded">
          <xs:element name="marketintervaldetail">
            <xs:complexType>
              <xs:sequence>
                <xs:element name="Data" type="xs:string" minOccurs="0" />
                <xs:element name="Mercato" type="xs:string" minOccurs="0" />
                <xs:element name="Ora" type="xs:string" minOccurs="0" />
                <xs:element name="Totale" type="xs:string" minOccurs="0" />
                <xs:element name="CNOR" type="xs:string" minOccurs="0" />
                <xs:element name="CSUD" type="xs:string" minOccurs="0" />
                <xs:element name="NORD" type="xs:string" minOccurs="0" />
                <xs:element name="SARD" type="xs:string" minOccurs="0" />
                <xs:element name="SICI" type="xs:string" minOccurs="0" />
                <xs:element name="SUD" type="xs:string" minOccurs="0" />
              </xs:sequence>
            </xs:complexType>
          </xs:element>
        </xs:choice>
      </xs:complexType>
    </xs:element>
  </xs:schema>
  <marketintervaldetail>
    <Data>20160112</Data>
    <Mercato>MGP</Mercato>
    <Ora>01</Ora>
    <Totale>26734</Totale>
    <CNOR>3092</CNOR>
    <CSUD>3819</CSUD>
    <NORD>14692</NORD>
    <SARD>835</SARD>
    <SICI>1749</SICI>
    <SUD>2547</SUD>
  </marketintervaldetail>
  <marketintervaldetail>
    <Data>20160112</Data>
    <Mercato>MGP</Mercato>
    <Ora>02</Ora>
    <Totale>24725</Totale>
    <CNOR>2894</CNOR>
    <CSUD>3506</CSUD>
    <NORD>13740</NORD>
    <SARD>776</SARD>
    <SICI>1586</SICI>
    <SUD>2223</SUD>
  </marketintervaldetail>
  <marketintervaldetail>
    <Data>20160112</Data>
    <Mercato>MGP</Mercato>
    <Ora>03</Ora>
    <Totale>23811</Totale>
    <CNOR>2803</CNOR>
    <CSUD>3365</CSUD>
    <NORD>13322</NORD>
    <SARD>739</SARD>
    <SICI>1493</SICI>
    <SUD>2089</SUD>
  </marketintervaldetail>
  <marketintervaldetail>
    <Data>20160112</Data>
    <Mercato>MGP</Mercato>
    <Ora>04</Ora>
    <Totale>23273</Totale>
    <CNOR>2797</CNOR>
    <CSUD>3213</CSUD>
    <NORD>13078</NORD>
    <SARD>722</SARD>
    <SICI>1428</SICI>
    <SUD>2035</SUD>
  </marketintervaldetail>
  <marketintervaldetail>
    <Data>20160112</Data>
    <Mercato>MGP</Mercato>
    <Ora>05</Ora>
    <Totale>23355</Totale>
    <CNOR>2750</CNOR>
    <CSUD>3179</CSUD>
    <NORD>13185</NORD>
    <SARD>748</SARD>
    <SICI>1424</SICI>
    <SUD>2069</SUD>
  </marketintervaldetail>
  <marketintervaldetail>
    <Data>20160112</Data>
    <Mercato>MGP</Mercato>
    <Ora>06</Ora>
    <Totale>24772</Totale>
    <CNOR>2888</CNOR>
    <CSUD>3417</CSUD>
    <NORD>14063</NORD>
    <SARD>764</SARD>
    <SICI>1489</SICI>
    <SUD>2151</SUD>
  </marketintervaldetail>
  <marketintervaldetail>
    <Data>20160112</Data>
    <Mercato>MGP</Mercato>
    <Ora>07</Ora>
    <Totale>29495</Totale>
    <CNOR>3339</CNOR>
    <CSUD>4116</CSUD>
    <NORD>17109</NORD>
    <SARD>874</SARD>
    <SICI>1692</SICI>
    <SUD>2365</SUD>
  </marketintervaldetail>
  <marketintervaldetail>
    <Data>20160112</Data>
    <Mercato>MGP</Mercato>
    <Ora>08</Ora>
    <Totale>35915</Totale>
    <CNOR>3908</CNOR>
    <CSUD>4964</CSUD>
    <NORD>21281</NORD>
    <SARD>1045</SARD>
    <SICI>1992</SICI>
    <SUD>2725</SUD>
  </marketintervaldetail>
  <marketintervaldetail>
    <Data>20160112</Data>
    <Mercato>MGP</Mercato>
    <Ora>09</Ora>
    <Totale>40234</Totale>
    <CNOR>4345</CNOR>
    <CSUD>5608</CSUD>
    <NORD>24117</NORD>
    <SARD>1105</SARD>
    <SICI>2152</SICI>
    <SUD>2907</SUD>
  </marketintervaldetail>
  <marketintervaldetail>
    <Data>20160112</Data>
    <Mercato>MGP</Mercato>
    <Ora>10</Ora>
    <Totale>41929</Totale>
    <CNOR>4638</CNOR>
    <CSUD>5951</CSUD>
    <NORD>24954</NORD>
    <SARD>1156</SARD>
    <SICI>2187</SICI>
    <SUD>3043</SUD>
  </marketintervaldetail>
  <marketintervaldetail>
    <Data>20160112</Data>
    <Mercato>MGP</Mercato>
    <Ora>11</Ora>
    <Totale>41932</Totale>
    <CNOR>4695</CNOR>
    <CSUD>5841</CSUD>
    <NORD>25068</NORD>
    <SARD>1152</SARD>
    <SICI>2131</SICI>
    <SUD>3045</SUD>
  </marketintervaldetail>
  <marketintervaldetail>
    <Data>20160112</Data>
    <Mercato>MGP</Mercato>
    <Ora>12</Ora>
    <Totale>41768</Totale>
    <CNOR>4815</CNOR>
    <CSUD>5889</CSUD>
    <NORD>24817</NORD>
    <SARD>1157</SARD>
    <SICI>2044</SICI>
    <SUD>3046</SUD>
  </marketintervaldetail>
  <marketintervaldetail>
    <Data>20160112</Data>
    <Mercato>MGP</Mercato>
    <Ora>13</Ora>
    <Totale>39618</Totale>
    <CNOR>4548</CNOR>
    <CSUD>5975</CSUD>
    <NORD>22747</NORD>
    <SARD>1181</SARD>
    <SICI>2031</SICI>
    <SUD>3136</SUD>
  </marketintervaldetail>
  <marketintervaldetail>
    <Data>20160112</Data>
    <Mercato>MGP</Mercato>
    <Ora>14</Ora>
    <Totale>38237</Totale>
    <CNOR>4193</CNOR>
    <CSUD>5879</CSUD>
    <NORD>22135</NORD>
    <SARD>1147</SARD>
    <SICI>1991</SICI>
    <SUD>2892</SUD>
  </marketintervaldetail>
  <marketintervaldetail>
    <Data>20160112</Data>
    <Mercato>MGP</Mercato>
    <Ora>15</Ora>
    <Totale>39638</Totale>
    <CNOR>4385</CNOR>
    <CSUD>6142</CSUD>
    <NORD>23272</NORD>
    <SARD>1065</SARD>
    <SICI>2029</SICI>
    <SUD>2745</SUD>
  </marketintervaldetail>
  <marketintervaldetail>
    <Data>20160112</Data>
    <Mercato>MGP</Mercato>
    <Ora>16</Ora>
    <Totale>40341</Totale>
    <CNOR>4476</CNOR>
    <CSUD>6201</CSUD>
    <NORD>23652</NORD>
    <SARD>1061</SARD>
    <SICI>2136</SICI>
    <SUD>2815</SUD>
  </marketintervaldetail>
  <marketintervaldetail>
    <Data>20160112</Data>
    <Mercato>MGP</Mercato>
    <Ora>17</Ora>
    <Totale>41658</Totale>
    <CNOR>4798</CNOR>
    <CSUD>6223</CSUD>
    <NORD>24233</NORD>
    <SARD>1054</SARD>
    <SICI>2239</SICI>
    <SUD>3111</SUD>
  </marketintervaldetail>
  <marketintervaldetail>
    <Data>20160112</Data>
    <Mercato>MGP</Mercato>
    <Ora>18</Ora>
    <Totale>44265</Totale>
    <CNOR>4968</CNOR>
    <CSUD>6819</CSUD>
    <NORD>25397</NORD>
    <SARD>1114</SARD>
    <SICI>2462</SICI>
    <SUD>3505</SUD>
  </marketintervaldetail>
  <marketintervaldetail>
    <Data>20160112</Data>
    <Mercato>MGP</Mercato>
    <Ora>19</Ora>
    <Totale>43975</Totale>
    <CNOR>4903</CNOR>
    <CSUD>6887</CSUD>
    <NORD>24800</NORD>
    <SARD>1181</SARD>
    <SICI>2611</SICI>
    <SUD>3593</SUD>
  </marketintervaldetail>
  <marketintervaldetail>
    <Data>20160112</Data>
    <Mercato>MGP</Mercato>
    <Ora>20</Ora>
    <Totale>42651</Totale>
    <CNOR>4690</CNOR>
    <CSUD>6900</CSUD>
    <NORD>23680</NORD>
    <SARD>1201</SARD>
    <SICI>2658</SICI>
    <SUD>3522</SUD>
  </marketintervaldetail>
  <marketintervaldetail>
    <Data>20160112</Data>
    <Mercato>MGP</Mercato>
    <Ora>21</Ora>
    <Totale>40110</Totale>
    <CNOR>4284</CNOR>
    <CSUD>6551</CSUD>
    <NORD>22009</NORD>
    <SARD>1184</SARD>
    <SICI>2637</SICI>
    <SUD>3445</SUD>
  </marketintervaldetail>
  <marketintervaldetail>
    <Data>20160112</Data>
    <Mercato>MGP</Mercato>
    <Ora>22</Ora>
    <Totale>37077</Totale>
    <CNOR>4038</CNOR>
    <CSUD>5962</CSUD>
    <NORD>20253</NORD>
    <SARD>1101</SARD>
    <SICI>2489</SICI>
    <SUD>3234</SUD>
  </marketintervaldetail>
  <marketintervaldetail>
    <Data>20160112</Data>
    <Mercato>MGP</Mercato>
    <Ora>23</Ora>
    <Totale>33138</Totale>
    <CNOR>3660</CNOR>
    <CSUD>5315</CSUD>
    <NORD>17993</NORD>
    <SARD>1009</SARD>
    <SICI>2230</SICI>
    <SUD>2931</SUD>
  </marketintervaldetail>
  <marketintervaldetail>
    <Data>20160112</Data>
    <Mercato>MGP</Mercato>
    <Ora>24</Ora>
    <Totale>29359</Totale>
    <CNOR>3265</CNOR>
    <CSUD>4642</CSUD>
    <NORD>16055</NORD>
    <SARD>910</SARD>
    <SICI>1945</SICI>
    <SUD>2542</SUD>
  </marketintervaldetail>
</NewDataSet>