<?xml version="1.0" standalone="yes"?>
<NewDataSet>
  <xs:schema id="NewDataSet" xmlns="" xmlns:xs="http://www.w3.org/2001/XMLSchema" xmlns:msdata="urn:schemas-microsoft-com:xml-msdata">
    <xs:element name="NewDataSet" msdata:IsDataSet="true" msdata:MainDataTable="marketintervaldetail" msdata:UseCurrentLocale="true">
      <xs:complexType>
        <xs:choice minOccurs="0" maxOccurs="unbounded">
          <xs:element name="marketintervaldetail">
            <xs:complexType>
              <xs:sequence>
                <xs:element name="Data" type="xs:string" minOccurs="0" />
                <xs:element name="Mercato" type="xs:string" minOccurs="0" />
                <xs:element name="Ora" type="xs:string" minOccurs="0" />
                <xs:element name="Totale" type="xs:string" minOccurs="0" />
                <xs:element name="CNOR" type="xs:string" minOccurs="0" />
                <xs:element name="CSUD" type="xs:string" minOccurs="0" />
                <xs:element name="NORD" type="xs:string" minOccurs="0" />
                <xs:element name="SARD" type="xs:string" minOccurs="0" />
                <xs:element name="SICI" type="xs:string" minOccurs="0" />
                <xs:element name="SUD" type="xs:string" minOccurs="0" />
              </xs:sequence>
            </xs:complexType>
          </xs:element>
        </xs:choice>
      </xs:complexType>
    </xs:element>
  </xs:schema>
  <marketintervaldetail>
    <Data>20160114</Data>
    <Mercato>MGP</Mercato>
    <Ora>01</Ora>
    <Totale>26682</Totale>
    <CNOR>3294</CNOR>
    <CSUD>4013</CSUD>
    <NORD>14783</NORD>
    <SARD>765</SARD>
    <SICI>1684</SICI>
    <SUD>2143</SUD>
  </marketintervaldetail>
  <marketintervaldetail>
    <Data>20160114</Data>
    <Mercato>MGP</Mercato>
    <Ora>02</Ora>
    <Totale>25420</Totale>
    <CNOR>3202</CNOR>
    <CSUD>3841</CSUD>
    <NORD>14132</NORD>
    <SARD>742</SARD>
    <SICI>1569</SICI>
    <SUD>1934</SUD>
  </marketintervaldetail>
  <marketintervaldetail>
    <Data>20160114</Data>
    <Mercato>MGP</Mercato>
    <Ora>03</Ora>
    <Totale>24861</Totale>
    <CNOR>3050</CNOR>
    <CSUD>3740</CSUD>
    <NORD>13978</NORD>
    <SARD>711</SARD>
    <SICI>1557</SICI>
    <SUD>1825</SUD>
  </marketintervaldetail>
  <marketintervaldetail>
    <Data>20160114</Data>
    <Mercato>MGP</Mercato>
    <Ora>04</Ora>
    <Totale>24521</Totale>
    <CNOR>2980</CNOR>
    <CSUD>3541</CSUD>
    <NORD>13916</NORD>
    <SARD>712</SARD>
    <SICI>1502</SICI>
    <SUD>1870</SUD>
  </marketintervaldetail>
  <marketintervaldetail>
    <Data>20160114</Data>
    <Mercato>MGP</Mercato>
    <Ora>05</Ora>
    <Totale>24697</Totale>
    <CNOR>3031</CNOR>
    <CSUD>3467</CSUD>
    <NORD>14054</NORD>
    <SARD>710</SARD>
    <SICI>1503</SICI>
    <SUD>1932</SUD>
  </marketintervaldetail>
  <marketintervaldetail>
    <Data>20160114</Data>
    <Mercato>MGP</Mercato>
    <Ora>06</Ora>
    <Totale>26209</Totale>
    <CNOR>3182</CNOR>
    <CSUD>3637</CSUD>
    <NORD>15020</NORD>
    <SARD>739</SARD>
    <SICI>1568</SICI>
    <SUD>2063</SUD>
  </marketintervaldetail>
  <marketintervaldetail>
    <Data>20160114</Data>
    <Mercato>MGP</Mercato>
    <Ora>07</Ora>
    <Totale>31146</Totale>
    <CNOR>3588</CNOR>
    <CSUD>4402</CSUD>
    <NORD>18305</NORD>
    <SARD>841</SARD>
    <SICI>1790</SICI>
    <SUD>2220</SUD>
  </marketintervaldetail>
  <marketintervaldetail>
    <Data>20160114</Data>
    <Mercato>MGP</Mercato>
    <Ora>08</Ora>
    <Totale>37314</Totale>
    <CNOR>4132</CNOR>
    <CSUD>5269</CSUD>
    <NORD>22297</NORD>
    <SARD>998</SARD>
    <SICI>2041</SICI>
    <SUD>2577</SUD>
  </marketintervaldetail>
  <marketintervaldetail>
    <Data>20160114</Data>
    <Mercato>MGP</Mercato>
    <Ora>09</Ora>
    <Totale>42211</Totale>
    <CNOR>4869</CNOR>
    <CSUD>5674</CSUD>
    <NORD>25542</NORD>
    <SARD>1088</SARD>
    <SICI>2206</SICI>
    <SUD>2832</SUD>
  </marketintervaldetail>
  <marketintervaldetail>
    <Data>20160114</Data>
    <Mercato>MGP</Mercato>
    <Ora>10</Ora>
    <Totale>43744</Totale>
    <CNOR>5104</CNOR>
    <CSUD>5895</CSUD>
    <NORD>26629</NORD>
    <SARD>1108</SARD>
    <SICI>2147</SICI>
    <SUD>2861</SUD>
  </marketintervaldetail>
  <marketintervaldetail>
    <Data>20160114</Data>
    <Mercato>MGP</Mercato>
    <Ora>11</Ora>
    <Totale>44265</Totale>
    <CNOR>5101</CNOR>
    <CSUD>6049</CSUD>
    <NORD>27055</NORD>
    <SARD>1074</SARD>
    <SICI>2257</SICI>
    <SUD>2729</SUD>
  </marketintervaldetail>
  <marketintervaldetail>
    <Data>20160114</Data>
    <Mercato>MGP</Mercato>
    <Ora>12</Ora>
    <Totale>44228</Totale>
    <CNOR>4970</CNOR>
    <CSUD>6008</CSUD>
    <NORD>27278</NORD>
    <SARD>1052</SARD>
    <SICI>2241</SICI>
    <SUD>2679</SUD>
  </marketintervaldetail>
  <marketintervaldetail>
    <Data>20160114</Data>
    <Mercato>MGP</Mercato>
    <Ora>13</Ora>
    <Totale>42109</Totale>
    <CNOR>4485</CNOR>
    <CSUD>6092</CSUD>
    <NORD>25568</NORD>
    <SARD>1009</SARD>
    <SICI>2240</SICI>
    <SUD>2715</SUD>
  </marketintervaldetail>
  <marketintervaldetail>
    <Data>20160114</Data>
    <Mercato>MGP</Mercato>
    <Ora>14</Ora>
    <Totale>40788</Totale>
    <CNOR>4317</CNOR>
    <CSUD>5958</CSUD>
    <NORD>24595</NORD>
    <SARD>999</SARD>
    <SICI>2210</SICI>
    <SUD>2709</SUD>
  </marketintervaldetail>
  <marketintervaldetail>
    <Data>20160114</Data>
    <Mercato>MGP</Mercato>
    <Ora>15</Ora>
    <Totale>41822</Totale>
    <CNOR>4569</CNOR>
    <CSUD>5773</CSUD>
    <NORD>25538</NORD>
    <SARD>1008</SARD>
    <SICI>2288</SICI>
    <SUD>2646</SUD>
  </marketintervaldetail>
  <marketintervaldetail>
    <Data>20160114</Data>
    <Mercato>MGP</Mercato>
    <Ora>16</Ora>
    <Totale>42578</Totale>
    <CNOR>4849</CNOR>
    <CSUD>5945</CSUD>
    <NORD>25794</NORD>
    <SARD>1004</SARD>
    <SICI>2321</SICI>
    <SUD>2665</SUD>
  </marketintervaldetail>
  <marketintervaldetail>
    <Data>20160114</Data>
    <Mercato>MGP</Mercato>
    <Ora>17</Ora>
    <Totale>43634</Totale>
    <CNOR>4885</CNOR>
    <CSUD>6108</CSUD>
    <NORD>26400</NORD>
    <SARD>1031</SARD>
    <SICI>2403</SICI>
    <SUD>2807</SUD>
  </marketintervaldetail>
  <marketintervaldetail>
    <Data>20160114</Data>
    <Mercato>MGP</Mercato>
    <Ora>18</Ora>
    <Totale>45789</Totale>
    <CNOR>5196</CNOR>
    <CSUD>6831</CSUD>
    <NORD>26697</NORD>
    <SARD>1118</SARD>
    <SICI>2685</SICI>
    <SUD>3262</SUD>
  </marketintervaldetail>
  <marketintervaldetail>
    <Data>20160114</Data>
    <Mercato>MGP</Mercato>
    <Ora>19</Ora>
    <Totale>46004</Totale>
    <CNOR>5312</CNOR>
    <CSUD>7028</CSUD>
    <NORD>26187</NORD>
    <SARD>1166</SARD>
    <SICI>2885</SICI>
    <SUD>3426</SUD>
  </marketintervaldetail>
  <marketintervaldetail>
    <Data>20160114</Data>
    <Mercato>MGP</Mercato>
    <Ora>20</Ora>
    <Totale>44561</Totale>
    <CNOR>5138</CNOR>
    <CSUD>6968</CSUD>
    <NORD>24969</NORD>
    <SARD>1173</SARD>
    <SICI>2914</SICI>
    <SUD>3399</SUD>
  </marketintervaldetail>
  <marketintervaldetail>
    <Data>20160114</Data>
    <Mercato>MGP</Mercato>
    <Ora>21</Ora>
    <Totale>42196</Totale>
    <CNOR>4849</CNOR>
    <CSUD>6692</CSUD>
    <NORD>23228</NORD>
    <SARD>1166</SARD>
    <SICI>2890</SICI>
    <SUD>3371</SUD>
  </marketintervaldetail>
  <marketintervaldetail>
    <Data>20160114</Data>
    <Mercato>MGP</Mercato>
    <Ora>22</Ora>
    <Totale>39216</Totale>
    <CNOR>4427</CNOR>
    <CSUD>6273</CSUD>
    <NORD>21632</NORD>
    <SARD>1069</SARD>
    <SICI>2724</SICI>
    <SUD>3091</SUD>
  </marketintervaldetail>
  <marketintervaldetail>
    <Data>20160114</Data>
    <Mercato>MGP</Mercato>
    <Ora>23</Ora>
    <Totale>35345</Totale>
    <CNOR>3985</CNOR>
    <CSUD>5671</CSUD>
    <NORD>19452</NORD>
    <SARD>980</SARD>
    <SICI>2503</SICI>
    <SUD>2754</SUD>
  </marketintervaldetail>
  <marketintervaldetail>
    <Data>20160114</Data>
    <Mercato>MGP</Mercato>
    <Ora>24</Ora>
    <Totale>31548</Totale>
    <CNOR>3543</CNOR>
    <CSUD>5029</CSUD>
    <NORD>17467</NORD>
    <SARD>884</SARD>
    <SICI>2226</SICI>
    <SUD>2399</SUD>
  </marketintervaldetail>
</NewDataSet>