<?xml version="1.0" standalone="yes"?>
<NewDataSet>
  <xs:schema id="NewDataSet" xmlns="" xmlns:xs="http://www.w3.org/2001/XMLSchema" xmlns:msdata="urn:schemas-microsoft-com:xml-msdata">
    <xs:element name="NewDataSet" msdata:IsDataSet="true" msdata:MainDataTable="marketintervaldetail" msdata:UseCurrentLocale="true">
      <xs:complexType>
        <xs:choice minOccurs="0" maxOccurs="unbounded">
          <xs:element name="marketintervaldetail">
            <xs:complexType>
              <xs:sequence>
                <xs:element name="Data" type="xs:string" minOccurs="0" />
                <xs:element name="Mercato" type="xs:string" minOccurs="0" />
                <xs:element name="Ora" type="xs:string" minOccurs="0" />
                <xs:element name="Totale" type="xs:string" minOccurs="0" />
                <xs:element name="CNOR" type="xs:string" minOccurs="0" />
                <xs:element name="CSUD" type="xs:string" minOccurs="0" />
                <xs:element name="NORD" type="xs:string" minOccurs="0" />
                <xs:element name="SARD" type="xs:string" minOccurs="0" />
                <xs:element name="SICI" type="xs:string" minOccurs="0" />
                <xs:element name="SUD" type="xs:string" minOccurs="0" />
              </xs:sequence>
            </xs:complexType>
          </xs:element>
        </xs:choice>
      </xs:complexType>
    </xs:element>
  </xs:schema>
  <marketintervaldetail>
    <Data>20160110</Data>
    <Mercato>MGP</Mercato>
    <Ora>01</Ora>
    <Totale>23463</Totale>
    <CNOR>2633</CNOR>
    <CSUD>4023</CSUD>
    <NORD>12053</NORD>
    <SARD>834</SARD>
    <SICI>1616</SICI>
    <SUD>2304</SUD>
  </marketintervaldetail>
  <marketintervaldetail>
    <Data>20160110</Data>
    <Mercato>MGP</Mercato>
    <Ora>02</Ora>
    <Totale>21752</Totale>
    <CNOR>2477</CNOR>
    <CSUD>3737</CSUD>
    <NORD>11299</NORD>
    <SARD>799</SARD>
    <SICI>1449</SICI>
    <SUD>1991</SUD>
  </marketintervaldetail>
  <marketintervaldetail>
    <Data>20160110</Data>
    <Mercato>MGP</Mercato>
    <Ora>03</Ora>
    <Totale>20693</Totale>
    <CNOR>2314</CNOR>
    <CSUD>3614</CSUD>
    <NORD>10825</NORD>
    <SARD>768</SARD>
    <SICI>1365</SICI>
    <SUD>1807</SUD>
  </marketintervaldetail>
  <marketintervaldetail>
    <Data>20160110</Data>
    <Mercato>MGP</Mercato>
    <Ora>04</Ora>
    <Totale>20082</Totale>
    <CNOR>2254</CNOR>
    <CSUD>3426</CSUD>
    <NORD>10571</NORD>
    <SARD>734</SARD>
    <SICI>1298</SICI>
    <SUD>1799</SUD>
  </marketintervaldetail>
  <marketintervaldetail>
    <Data>20160110</Data>
    <Mercato>MGP</Mercato>
    <Ora>05</Ora>
    <Totale>19808</Totale>
    <CNOR>2253</CNOR>
    <CSUD>3339</CSUD>
    <NORD>10489</NORD>
    <SARD>731</SARD>
    <SICI>1295</SICI>
    <SUD>1701</SUD>
  </marketintervaldetail>
  <marketintervaldetail>
    <Data>20160110</Data>
    <Mercato>MGP</Mercato>
    <Ora>06</Ora>
    <Totale>20220</Totale>
    <CNOR>2291</CNOR>
    <CSUD>3303</CSUD>
    <NORD>10752</NORD>
    <SARD>755</SARD>
    <SICI>1317</SICI>
    <SUD>1802</SUD>
  </marketintervaldetail>
  <marketintervaldetail>
    <Data>20160110</Data>
    <Mercato>MGP</Mercato>
    <Ora>07</Ora>
    <Totale>21341</Totale>
    <CNOR>2410</CNOR>
    <CSUD>3451</CSUD>
    <NORD>11338</NORD>
    <SARD>783</SARD>
    <SICI>1388</SICI>
    <SUD>1971</SUD>
  </marketintervaldetail>
  <marketintervaldetail>
    <Data>20160110</Data>
    <Mercato>MGP</Mercato>
    <Ora>08</Ora>
    <Totale>22504</Totale>
    <CNOR>2540</CNOR>
    <CSUD>3635</CSUD>
    <NORD>12010</NORD>
    <SARD>807</SARD>
    <SICI>1443</SICI>
    <SUD>2069</SUD>
  </marketintervaldetail>
  <marketintervaldetail>
    <Data>20160110</Data>
    <Mercato>MGP</Mercato>
    <Ora>09</Ora>
    <Totale>23658</Totale>
    <CNOR>2618</CNOR>
    <CSUD>3948</CSUD>
    <NORD>12445</NORD>
    <SARD>840</SARD>
    <SICI>1586</SICI>
    <SUD>2221</SUD>
  </marketintervaldetail>
  <marketintervaldetail>
    <Data>20160110</Data>
    <Mercato>MGP</Mercato>
    <Ora>10</Ora>
    <Totale>25669</Totale>
    <CNOR>2876</CNOR>
    <CSUD>4333</CSUD>
    <NORD>13287</NORD>
    <SARD>898</SARD>
    <SICI>1797</SICI>
    <SUD>2478</SUD>
  </marketintervaldetail>
  <marketintervaldetail>
    <Data>20160110</Data>
    <Mercato>MGP</Mercato>
    <Ora>11</Ora>
    <Totale>27557</Totale>
    <CNOR>3141</CNOR>
    <CSUD>4625</CSUD>
    <NORD>14133</NORD>
    <SARD>957</SARD>
    <SICI>1884</SICI>
    <SUD>2817</SUD>
  </marketintervaldetail>
  <marketintervaldetail>
    <Data>20160110</Data>
    <Mercato>MGP</Mercato>
    <Ora>12</Ora>
    <Totale>28431</Totale>
    <CNOR>3345</CNOR>
    <CSUD>4766</CSUD>
    <NORD>14326</NORD>
    <SARD>962</SARD>
    <SICI>1836</SICI>
    <SUD>3196</SUD>
  </marketintervaldetail>
  <marketintervaldetail>
    <Data>20160110</Data>
    <Mercato>MGP</Mercato>
    <Ora>13</Ora>
    <Totale>28054</Totale>
    <CNOR>3334</CNOR>
    <CSUD>4837</CSUD>
    <NORD>14154</NORD>
    <SARD>991</SARD>
    <SICI>1827</SICI>
    <SUD>2911</SUD>
  </marketintervaldetail>
  <marketintervaldetail>
    <Data>20160110</Data>
    <Mercato>MGP</Mercato>
    <Ora>14</Ora>
    <Totale>26612</Totale>
    <CNOR>3043</CNOR>
    <CSUD>4701</CSUD>
    <NORD>13451</NORD>
    <SARD>905</SARD>
    <SICI>1756</SICI>
    <SUD>2756</SUD>
  </marketintervaldetail>
  <marketintervaldetail>
    <Data>20160110</Data>
    <Mercato>MGP</Mercato>
    <Ora>15</Ora>
    <Totale>26033</Totale>
    <CNOR>2961</CNOR>
    <CSUD>4459</CSUD>
    <NORD>13477</NORD>
    <SARD>872</SARD>
    <SICI>1651</SICI>
    <SUD>2613</SUD>
  </marketintervaldetail>
  <marketintervaldetail>
    <Data>20160110</Data>
    <Mercato>MGP</Mercato>
    <Ora>16</Ora>
    <Totale>26066</Totale>
    <CNOR>2952</CNOR>
    <CSUD>4488</CSUD>
    <NORD>13585</NORD>
    <SARD>851</SARD>
    <SICI>1735</SICI>
    <SUD>2455</SUD>
  </marketintervaldetail>
  <marketintervaldetail>
    <Data>20160110</Data>
    <Mercato>MGP</Mercato>
    <Ora>17</Ora>
    <Totale>27002</Totale>
    <CNOR>3055</CNOR>
    <CSUD>4789</CSUD>
    <NORD>13930</NORD>
    <SARD>877</SARD>
    <SICI>1816</SICI>
    <SUD>2535</SUD>
  </marketintervaldetail>
  <marketintervaldetail>
    <Data>20160110</Data>
    <Mercato>MGP</Mercato>
    <Ora>18</Ora>
    <Totale>30381</Totale>
    <CNOR>3374</CNOR>
    <CSUD>5296</CSUD>
    <NORD>15601</NORD>
    <SARD>1019</SARD>
    <SICI>2118</SICI>
    <SUD>2973</SUD>
  </marketintervaldetail>
  <marketintervaldetail>
    <Data>20160110</Data>
    <Mercato>MGP</Mercato>
    <Ora>19</Ora>
    <Totale>31804</Totale>
    <CNOR>3506</CNOR>
    <CSUD>5445</CSUD>
    <NORD>16515</NORD>
    <SARD>1070</SARD>
    <SICI>2220</SICI>
    <SUD>3048</SUD>
  </marketintervaldetail>
  <marketintervaldetail>
    <Data>20160110</Data>
    <Mercato>MGP</Mercato>
    <Ora>20</Ora>
    <Totale>32142</Totale>
    <CNOR>3587</CNOR>
    <CSUD>5633</CSUD>
    <NORD>16718</NORD>
    <SARD>1086</SARD>
    <SICI>2262</SICI>
    <SUD>2856</SUD>
  </marketintervaldetail>
  <marketintervaldetail>
    <Data>20160110</Data>
    <Mercato>MGP</Mercato>
    <Ora>21</Ora>
    <Totale>31389</Totale>
    <CNOR>3440</CNOR>
    <CSUD>5551</CSUD>
    <NORD>16109</NORD>
    <SARD>1091</SARD>
    <SICI>2293</SICI>
    <SUD>2905</SUD>
  </marketintervaldetail>
  <marketintervaldetail>
    <Data>20160110</Data>
    <Mercato>MGP</Mercato>
    <Ora>22</Ora>
    <Totale>29957</Totale>
    <CNOR>3242</CNOR>
    <CSUD>5278</CSUD>
    <NORD>15282</NORD>
    <SARD>1046</SARD>
    <SICI>2202</SICI>
    <SUD>2907</SUD>
  </marketintervaldetail>
  <marketintervaldetail>
    <Data>20160110</Data>
    <Mercato>MGP</Mercato>
    <Ora>23</Ora>
    <Totale>27560</Totale>
    <CNOR>2981</CNOR>
    <CSUD>4917</CSUD>
    <NORD>13985</NORD>
    <SARD>970</SARD>
    <SICI>2035</SICI>
    <SUD>2672</SUD>
  </marketintervaldetail>
  <marketintervaldetail>
    <Data>20160110</Data>
    <Mercato>MGP</Mercato>
    <Ora>24</Ora>
    <Totale>24955</Totale>
    <CNOR>2721</CNOR>
    <CSUD>4359</CSUD>
    <NORD>12774</NORD>
    <SARD>903</SARD>
    <SICI>1802</SICI>
    <SUD>2396</SUD>
  </marketintervaldetail>
</NewDataSet>