<?xml version="1.0" standalone="yes"?>
<NewDataSet>
  <xs:schema id="NewDataSet" xmlns="" xmlns:xs="http://www.w3.org/2001/XMLSchema" xmlns:msdata="urn:schemas-microsoft-com:xml-msdata">
    <xs:element name="NewDataSet" msdata:IsDataSet="true" msdata:MainDataTable="marketintervaldetail" msdata:UseCurrentLocale="true">
      <xs:complexType>
        <xs:choice minOccurs="0" maxOccurs="unbounded">
          <xs:element name="marketintervaldetail">
            <xs:complexType>
              <xs:sequence>
                <xs:element name="Data" type="xs:string" minOccurs="0" />
                <xs:element name="Mercato" type="xs:string" minOccurs="0" />
                <xs:element name="Ora" type="xs:string" minOccurs="0" />
                <xs:element name="Totale" type="xs:string" minOccurs="0" />
                <xs:element name="CNOR" type="xs:string" minOccurs="0" />
                <xs:element name="CSUD" type="xs:string" minOccurs="0" />
                <xs:element name="NORD" type="xs:string" minOccurs="0" />
                <xs:element name="SARD" type="xs:string" minOccurs="0" />
                <xs:element name="SICI" type="xs:string" minOccurs="0" />
                <xs:element name="SUD" type="xs:string" minOccurs="0" />
              </xs:sequence>
            </xs:complexType>
          </xs:element>
        </xs:choice>
      </xs:complexType>
    </xs:element>
  </xs:schema>
  <marketintervaldetail>
    <Data>20160123</Data>
    <Mercato>MGP</Mercato>
    <Ora>01</Ora>
    <Totale>28170</Totale>
    <CNOR>3092</CNOR>
    <CSUD>4405</CSUD>
    <NORD>15747</NORD>
    <SARD>814</SARD>
    <SICI>1777</SICI>
    <SUD>2335</SUD>
  </marketintervaldetail>
  <marketintervaldetail>
    <Data>20160123</Data>
    <Mercato>MGP</Mercato>
    <Ora>02</Ora>
    <Totale>25956</Totale>
    <CNOR>2842</CNOR>
    <CSUD>4059</CSUD>
    <NORD>14575</NORD>
    <SARD>736</SARD>
    <SICI>1573</SICI>
    <SUD>2171</SUD>
  </marketintervaldetail>
  <marketintervaldetail>
    <Data>20160123</Data>
    <Mercato>MGP</Mercato>
    <Ora>03</Ora>
    <Totale>24660</Totale>
    <CNOR>2791</CNOR>
    <CSUD>3774</CSUD>
    <NORD>13848</NORD>
    <SARD>710</SARD>
    <SICI>1480</SICI>
    <SUD>2057</SUD>
  </marketintervaldetail>
  <marketintervaldetail>
    <Data>20160123</Data>
    <Mercato>MGP</Mercato>
    <Ora>04</Ora>
    <Totale>24070</Totale>
    <CNOR>2747</CNOR>
    <CSUD>3703</CSUD>
    <NORD>13568</NORD>
    <SARD>708</SARD>
    <SICI>1440</SICI>
    <SUD>1904</SUD>
  </marketintervaldetail>
  <marketintervaldetail>
    <Data>20160123</Data>
    <Mercato>MGP</Mercato>
    <Ora>05</Ora>
    <Totale>24409</Totale>
    <CNOR>2767</CNOR>
    <CSUD>3724</CSUD>
    <NORD>13879</NORD>
    <SARD>713</SARD>
    <SICI>1441</SICI>
    <SUD>1885</SUD>
  </marketintervaldetail>
  <marketintervaldetail>
    <Data>20160123</Data>
    <Mercato>MGP</Mercato>
    <Ora>06</Ora>
    <Totale>24938</Totale>
    <CNOR>2737</CNOR>
    <CSUD>3833</CSUD>
    <NORD>14225</NORD>
    <SARD>725</SARD>
    <SICI>1477</SICI>
    <SUD>1941</SUD>
  </marketintervaldetail>
  <marketintervaldetail>
    <Data>20160123</Data>
    <Mercato>MGP</Mercato>
    <Ora>07</Ora>
    <Totale>27364</Totale>
    <CNOR>2907</CNOR>
    <CSUD>4246</CSUD>
    <NORD>15561</NORD>
    <SARD>821</SARD>
    <SICI>1607</SICI>
    <SUD>2222</SUD>
  </marketintervaldetail>
  <marketintervaldetail>
    <Data>20160123</Data>
    <Mercato>MGP</Mercato>
    <Ora>08</Ora>
    <Totale>31161</Totale>
    <CNOR>3321</CNOR>
    <CSUD>4757</CSUD>
    <NORD>17996</NORD>
    <SARD>938</SARD>
    <SICI>1723</SICI>
    <SUD>2426</SUD>
  </marketintervaldetail>
  <marketintervaldetail>
    <Data>20160123</Data>
    <Mercato>MGP</Mercato>
    <Ora>09</Ora>
    <Totale>33754</Totale>
    <CNOR>3484</CNOR>
    <CSUD>5276</CSUD>
    <NORD>19415</NORD>
    <SARD>1035</SARD>
    <SICI>1955</SICI>
    <SUD>2589</SUD>
  </marketintervaldetail>
  <marketintervaldetail>
    <Data>20160123</Data>
    <Mercato>MGP</Mercato>
    <Ora>10</Ora>
    <Totale>35594</Totale>
    <CNOR>3570</CNOR>
    <CSUD>5698</CSUD>
    <NORD>20239</NORD>
    <SARD>1096</SARD>
    <SICI>2155</SICI>
    <SUD>2836</SUD>
  </marketintervaldetail>
  <marketintervaldetail>
    <Data>20160123</Data>
    <Mercato>MGP</Mercato>
    <Ora>11</Ora>
    <Totale>35885</Totale>
    <CNOR>3598</CNOR>
    <CSUD>5711</CSUD>
    <NORD>20390</NORD>
    <SARD>1087</SARD>
    <SICI>2184</SICI>
    <SUD>2915</SUD>
  </marketintervaldetail>
  <marketintervaldetail>
    <Data>20160123</Data>
    <Mercato>MGP</Mercato>
    <Ora>12</Ora>
    <Totale>35240</Totale>
    <CNOR>3613</CNOR>
    <CSUD>5707</CSUD>
    <NORD>19559</NORD>
    <SARD>1036</SARD>
    <SICI>2281</SICI>
    <SUD>3044</SUD>
  </marketintervaldetail>
  <marketintervaldetail>
    <Data>20160123</Data>
    <Mercato>MGP</Mercato>
    <Ora>13</Ora>
    <Totale>33535</Totale>
    <CNOR>3399</CNOR>
    <CSUD>5711</CSUD>
    <NORD>17966</NORD>
    <SARD>1025</SARD>
    <SICI>2319</SICI>
    <SUD>3115</SUD>
  </marketintervaldetail>
  <marketintervaldetail>
    <Data>20160123</Data>
    <Mercato>MGP</Mercato>
    <Ora>14</Ora>
    <Totale>32096</Totale>
    <CNOR>3202</CNOR>
    <CSUD>5758</CSUD>
    <NORD>16875</NORD>
    <SARD>1041</SARD>
    <SICI>2214</SICI>
    <SUD>3006</SUD>
  </marketintervaldetail>
  <marketintervaldetail>
    <Data>20160123</Data>
    <Mercato>MGP</Mercato>
    <Ora>15</Ora>
    <Totale>31118</Totale>
    <CNOR>3359</CNOR>
    <CSUD>5339</CSUD>
    <NORD>16263</NORD>
    <SARD>1044</SARD>
    <SICI>2117</SICI>
    <SUD>2996</SUD>
  </marketintervaldetail>
  <marketintervaldetail>
    <Data>20160123</Data>
    <Mercato>MGP</Mercato>
    <Ora>16</Ora>
    <Totale>30931</Totale>
    <CNOR>3429</CNOR>
    <CSUD>5483</CSUD>
    <NORD>15982</NORD>
    <SARD>1020</SARD>
    <SICI>2086</SICI>
    <SUD>2931</SUD>
  </marketintervaldetail>
  <marketintervaldetail>
    <Data>20160123</Data>
    <Mercato>MGP</Mercato>
    <Ora>17</Ora>
    <Totale>31905</Totale>
    <CNOR>3590</CNOR>
    <CSUD>5624</CSUD>
    <NORD>16405</NORD>
    <SARD>1036</SARD>
    <SICI>2192</SICI>
    <SUD>3058</SUD>
  </marketintervaldetail>
  <marketintervaldetail>
    <Data>20160123</Data>
    <Mercato>MGP</Mercato>
    <Ora>18</Ora>
    <Totale>35104</Totale>
    <CNOR>3849</CNOR>
    <CSUD>6116</CSUD>
    <NORD>18238</NORD>
    <SARD>1053</SARD>
    <SICI>2464</SICI>
    <SUD>3384</SUD>
  </marketintervaldetail>
  <marketintervaldetail>
    <Data>20160123</Data>
    <Mercato>MGP</Mercato>
    <Ora>19</Ora>
    <Totale>37939</Totale>
    <CNOR>4155</CNOR>
    <CSUD>6583</CSUD>
    <NORD>19854</NORD>
    <SARD>1143</SARD>
    <SICI>2664</SICI>
    <SUD>3540</SUD>
  </marketintervaldetail>
  <marketintervaldetail>
    <Data>20160123</Data>
    <Mercato>MGP</Mercato>
    <Ora>20</Ora>
    <Totale>38169</Totale>
    <CNOR>4201</CNOR>
    <CSUD>6633</CSUD>
    <NORD>19818</NORD>
    <SARD>1148</SARD>
    <SICI>2739</SICI>
    <SUD>3630</SUD>
  </marketintervaldetail>
  <marketintervaldetail>
    <Data>20160123</Data>
    <Mercato>MGP</Mercato>
    <Ora>21</Ora>
    <Totale>36032</Totale>
    <CNOR>3876</CNOR>
    <CSUD>6362</CSUD>
    <NORD>18450</NORD>
    <SARD>1126</SARD>
    <SICI>2712</SICI>
    <SUD>3506</SUD>
  </marketintervaldetail>
  <marketintervaldetail>
    <Data>20160123</Data>
    <Mercato>MGP</Mercato>
    <Ora>22</Ora>
    <Totale>33111</Totale>
    <CNOR>3614</CNOR>
    <CSUD>5672</CSUD>
    <NORD>16941</NORD>
    <SARD>1036</SARD>
    <SICI>2473</SICI>
    <SUD>3375</SUD>
  </marketintervaldetail>
  <marketintervaldetail>
    <Data>20160123</Data>
    <Mercato>MGP</Mercato>
    <Ora>23</Ora>
    <Totale>30400</Totale>
    <CNOR>3361</CNOR>
    <CSUD>5258</CSUD>
    <NORD>15583</NORD>
    <SARD>962</SARD>
    <SICI>2267</SICI>
    <SUD>2969</SUD>
  </marketintervaldetail>
  <marketintervaldetail>
    <Data>20160123</Data>
    <Mercato>MGP</Mercato>
    <Ora>24</Ora>
    <Totale>27886</Totale>
    <CNOR>3040</CNOR>
    <CSUD>4737</CSUD>
    <NORD>14526</NORD>
    <SARD>882</SARD>
    <SICI>2050</SICI>
    <SUD>2651</SUD>
  </marketintervaldetail>
</NewDataSet>