<?xml version="1.0" standalone="yes"?>
<NewDataSet>
  <xs:schema id="NewDataSet" xmlns="" xmlns:xs="http://www.w3.org/2001/XMLSchema" xmlns:msdata="urn:schemas-microsoft-com:xml-msdata">
    <xs:element name="NewDataSet" msdata:IsDataSet="true" msdata:MainDataTable="marketintervaldetail" msdata:UseCurrentLocale="true">
      <xs:complexType>
        <xs:choice minOccurs="0" maxOccurs="unbounded">
          <xs:element name="marketintervaldetail">
            <xs:complexType>
              <xs:sequence>
                <xs:element name="Data" type="xs:string" minOccurs="0" />
                <xs:element name="Mercato" type="xs:string" minOccurs="0" />
                <xs:element name="Ora" type="xs:string" minOccurs="0" />
                <xs:element name="Totale" type="xs:string" minOccurs="0" />
                <xs:element name="CNOR" type="xs:string" minOccurs="0" />
                <xs:element name="CSUD" type="xs:string" minOccurs="0" />
                <xs:element name="NORD" type="xs:string" minOccurs="0" />
                <xs:element name="SARD" type="xs:string" minOccurs="0" />
                <xs:element name="SICI" type="xs:string" minOccurs="0" />
                <xs:element name="SUD" type="xs:string" minOccurs="0" />
              </xs:sequence>
            </xs:complexType>
          </xs:element>
        </xs:choice>
      </xs:complexType>
    </xs:element>
  </xs:schema>
  <marketintervaldetail>
    <Data>20160101</Data>
    <Mercato>MGP</Mercato>
    <Ora>01</Ora>
    <Totale>23045</Totale>
    <CNOR>2351</CNOR>
    <CSUD>4567</CSUD>
    <NORD>11167</NORD>
    <SARD>845</SARD>
    <SICI>1728</SICI>
    <SUD>2387</SUD>
  </marketintervaldetail>
  <marketintervaldetail>
    <Data>20160101</Data>
    <Mercato>MGP</Mercato>
    <Ora>02</Ora>
    <Totale>21691</Totale>
    <CNOR>2349</CNOR>
    <CSUD>4264</CSUD>
    <NORD>10543</NORD>
    <SARD>800</SARD>
    <SICI>1571</SICI>
    <SUD>2164</SUD>
  </marketintervaldetail>
  <marketintervaldetail>
    <Data>20160101</Data>
    <Mercato>MGP</Mercato>
    <Ora>03</Ora>
    <Totale>20269</Totale>
    <CNOR>2186</CNOR>
    <CSUD>3896</CSUD>
    <NORD>10021</NORD>
    <SARD>769</SARD>
    <SICI>1451</SICI>
    <SUD>1946</SUD>
  </marketintervaldetail>
  <marketintervaldetail>
    <Data>20160101</Data>
    <Mercato>MGP</Mercato>
    <Ora>04</Ora>
    <Totale>19077</Totale>
    <CNOR>2041</CNOR>
    <CSUD>3616</CSUD>
    <NORD>9525</NORD>
    <SARD>742</SARD>
    <SICI>1329</SICI>
    <SUD>1824</SUD>
  </marketintervaldetail>
  <marketintervaldetail>
    <Data>20160101</Data>
    <Mercato>MGP</Mercato>
    <Ora>05</Ora>
    <Totale>18469</Totale>
    <CNOR>1956</CNOR>
    <CSUD>3506</CSUD>
    <NORD>9320</NORD>
    <SARD>723</SARD>
    <SICI>1249</SICI>
    <SUD>1715</SUD>
  </marketintervaldetail>
  <marketintervaldetail>
    <Data>20160101</Data>
    <Mercato>MGP</Mercato>
    <Ora>06</Ora>
    <Totale>18416</Totale>
    <CNOR>1895</CNOR>
    <CSUD>3467</CSUD>
    <NORD>9402</NORD>
    <SARD>723</SARD>
    <SICI>1212</SICI>
    <SUD>1717</SUD>
  </marketintervaldetail>
  <marketintervaldetail>
    <Data>20160101</Data>
    <Mercato>MGP</Mercato>
    <Ora>07</Ora>
    <Totale>19119</Totale>
    <CNOR>1971</CNOR>
    <CSUD>3440</CSUD>
    <NORD>9948</NORD>
    <SARD>729</SARD>
    <SICI>1225</SICI>
    <SUD>1806</SUD>
  </marketintervaldetail>
  <marketintervaldetail>
    <Data>20160101</Data>
    <Mercato>MGP</Mercato>
    <Ora>08</Ora>
    <Totale>19680</Totale>
    <CNOR>1979</CNOR>
    <CSUD>3413</CSUD>
    <NORD>10524</NORD>
    <SARD>747</SARD>
    <SICI>1232</SICI>
    <SUD>1785</SUD>
  </marketintervaldetail>
  <marketintervaldetail>
    <Data>20160101</Data>
    <Mercato>MGP</Mercato>
    <Ora>09</Ora>
    <Totale>20156</Totale>
    <CNOR>1954</CNOR>
    <CSUD>3530</CSUD>
    <NORD>10610</NORD>
    <SARD>753</SARD>
    <SICI>1413</SICI>
    <SUD>1896</SUD>
  </marketintervaldetail>
  <marketintervaldetail>
    <Data>20160101</Data>
    <Mercato>MGP</Mercato>
    <Ora>10</Ora>
    <Totale>21518</Totale>
    <CNOR>2140</CNOR>
    <CSUD>3989</CSUD>
    <NORD>10903</NORD>
    <SARD>793</SARD>
    <SICI>1591</SICI>
    <SUD>2102</SUD>
  </marketintervaldetail>
  <marketintervaldetail>
    <Data>20160101</Data>
    <Mercato>MGP</Mercato>
    <Ora>11</Ora>
    <Totale>23307</Totale>
    <CNOR>2362</CNOR>
    <CSUD>4383</CSUD>
    <NORD>11557</NORD>
    <SARD>846</SARD>
    <SICI>1789</SICI>
    <SUD>2370</SUD>
  </marketintervaldetail>
  <marketintervaldetail>
    <Data>20160101</Data>
    <Mercato>MGP</Mercato>
    <Ora>12</Ora>
    <Totale>24692</Totale>
    <CNOR>2541</CNOR>
    <CSUD>4705</CSUD>
    <NORD>12167</NORD>
    <SARD>860</SARD>
    <SICI>1911</SICI>
    <SUD>2508</SUD>
  </marketintervaldetail>
  <marketintervaldetail>
    <Data>20160101</Data>
    <Mercato>MGP</Mercato>
    <Ora>13</Ora>
    <Totale>25323</Totale>
    <CNOR>2544</CNOR>
    <CSUD>4851</CSUD>
    <NORD>12578</NORD>
    <SARD>861</SARD>
    <SICI>1959</SICI>
    <SUD>2530</SUD>
  </marketintervaldetail>
  <marketintervaldetail>
    <Data>20160101</Data>
    <Mercato>MGP</Mercato>
    <Ora>14</Ora>
    <Totale>23864</Totale>
    <CNOR>2423</CNOR>
    <CSUD>4574</CSUD>
    <NORD>11874</NORD>
    <SARD>796</SARD>
    <SICI>1796</SICI>
    <SUD>2401</SUD>
  </marketintervaldetail>
  <marketintervaldetail>
    <Data>20160101</Data>
    <Mercato>MGP</Mercato>
    <Ora>15</Ora>
    <Totale>22733</Totale>
    <CNOR>2369</CNOR>
    <CSUD>4177</CSUD>
    <NORD>11624</NORD>
    <SARD>750</SARD>
    <SICI>1634</SICI>
    <SUD>2179</SUD>
  </marketintervaldetail>
  <marketintervaldetail>
    <Data>20160101</Data>
    <Mercato>MGP</Mercato>
    <Ora>16</Ora>
    <Totale>22920</Totale>
    <CNOR>2417</CNOR>
    <CSUD>4197</CSUD>
    <NORD>11690</NORD>
    <SARD>753</SARD>
    <SICI>1656</SICI>
    <SUD>2207</SUD>
  </marketintervaldetail>
  <marketintervaldetail>
    <Data>20160101</Data>
    <Mercato>MGP</Mercato>
    <Ora>17</Ora>
    <Totale>23784</Totale>
    <CNOR>2526</CNOR>
    <CSUD>4225</CSUD>
    <NORD>12210</NORD>
    <SARD>792</SARD>
    <SICI>1705</SICI>
    <SUD>2326</SUD>
  </marketintervaldetail>
  <marketintervaldetail>
    <Data>20160101</Data>
    <Mercato>MGP</Mercato>
    <Ora>18</Ora>
    <Totale>27446</Totale>
    <CNOR>2806</CNOR>
    <CSUD>4999</CSUD>
    <NORD>14044</NORD>
    <SARD>901</SARD>
    <SICI>1952</SICI>
    <SUD>2744</SUD>
  </marketintervaldetail>
  <marketintervaldetail>
    <Data>20160101</Data>
    <Mercato>MGP</Mercato>
    <Ora>19</Ora>
    <Totale>28842</Totale>
    <CNOR>2993</CNOR>
    <CSUD>5198</CSUD>
    <NORD>14829</NORD>
    <SARD>966</SARD>
    <SICI>2059</SICI>
    <SUD>2797</SUD>
  </marketintervaldetail>
  <marketintervaldetail>
    <Data>20160101</Data>
    <Mercato>MGP</Mercato>
    <Ora>20</Ora>
    <Totale>29746</Totale>
    <CNOR>3160</CNOR>
    <CSUD>5297</CSUD>
    <NORD>15286</NORD>
    <SARD>992</SARD>
    <SICI>2108</SICI>
    <SUD>2903</SUD>
  </marketintervaldetail>
  <marketintervaldetail>
    <Data>20160101</Data>
    <Mercato>MGP</Mercato>
    <Ora>21</Ora>
    <Totale>29603</Totale>
    <CNOR>3079</CNOR>
    <CSUD>5354</CSUD>
    <NORD>15030</NORD>
    <SARD>1016</SARD>
    <SICI>2172</SICI>
    <SUD>2952</SUD>
  </marketintervaldetail>
  <marketintervaldetail>
    <Data>20160101</Data>
    <Mercato>MGP</Mercato>
    <Ora>22</Ora>
    <Totale>28263</Totale>
    <CNOR>2871</CNOR>
    <CSUD>5263</CSUD>
    <NORD>14101</NORD>
    <SARD>983</SARD>
    <SICI>2148</SICI>
    <SUD>2897</SUD>
  </marketintervaldetail>
  <marketintervaldetail>
    <Data>20160101</Data>
    <Mercato>MGP</Mercato>
    <Ora>23</Ora>
    <Totale>26098</Totale>
    <CNOR>2652</CNOR>
    <CSUD>4886</CSUD>
    <NORD>12780</NORD>
    <SARD>933</SARD>
    <SICI>2043</SICI>
    <SUD>2804</SUD>
  </marketintervaldetail>
  <marketintervaldetail>
    <Data>20160101</Data>
    <Mercato>MGP</Mercato>
    <Ora>24</Ora>
    <Totale>23601</Totale>
    <CNOR>2405</CNOR>
    <CSUD>4386</CSUD>
    <NORD>11539</NORD>
    <SARD>860</SARD>
    <SICI>1879</SICI>
    <SUD>2532</SUD>
  </marketintervaldetail>
</NewDataSet>