<?xml version="1.0" standalone="yes"?>
<NewDataSet>
  <xs:schema id="NewDataSet" xmlns="" xmlns:xs="http://www.w3.org/2001/XMLSchema" xmlns:msdata="urn:schemas-microsoft-com:xml-msdata">
    <xs:element name="NewDataSet" msdata:IsDataSet="true" msdata:MainDataTable="marketintervaldetail" msdata:UseCurrentLocale="true">
      <xs:complexType>
        <xs:choice minOccurs="0" maxOccurs="unbounded">
          <xs:element name="marketintervaldetail">
            <xs:complexType>
              <xs:sequence>
                <xs:element name="Data" type="xs:string" minOccurs="0" />
                <xs:element name="Mercato" type="xs:string" minOccurs="0" />
                <xs:element name="Ora" type="xs:string" minOccurs="0" />
                <xs:element name="Totale" type="xs:string" minOccurs="0" />
                <xs:element name="CNOR" type="xs:string" minOccurs="0" />
                <xs:element name="CSUD" type="xs:string" minOccurs="0" />
                <xs:element name="NORD" type="xs:string" minOccurs="0" />
                <xs:element name="SARD" type="xs:string" minOccurs="0" />
                <xs:element name="SICI" type="xs:string" minOccurs="0" />
                <xs:element name="SUD" type="xs:string" minOccurs="0" />
              </xs:sequence>
            </xs:complexType>
          </xs:element>
        </xs:choice>
      </xs:complexType>
    </xs:element>
  </xs:schema>
  <marketintervaldetail>
    <Data>20160117</Data>
    <Mercato>MGP</Mercato>
    <Ora>01</Ora>
    <Totale>24787</Totale>
    <CNOR>2756</CNOR>
    <CSUD>4250</CSUD>
    <NORD>12949</NORD>
    <SARD>850</SARD>
    <SICI>1777</SICI>
    <SUD>2205</SUD>
  </marketintervaldetail>
  <marketintervaldetail>
    <Data>20160117</Data>
    <Mercato>MGP</Mercato>
    <Ora>02</Ora>
    <Totale>22940</Totale>
    <CNOR>2657</CNOR>
    <CSUD>3857</CSUD>
    <NORD>12045</NORD>
    <SARD>789</SARD>
    <SICI>1629</SICI>
    <SUD>1963</SUD>
  </marketintervaldetail>
  <marketintervaldetail>
    <Data>20160117</Data>
    <Mercato>MGP</Mercato>
    <Ora>03</Ora>
    <Totale>21633</Totale>
    <CNOR>2608</CNOR>
    <CSUD>3520</CSUD>
    <NORD>11360</NORD>
    <SARD>765</SARD>
    <SICI>1526</SICI>
    <SUD>1854</SUD>
  </marketintervaldetail>
  <marketintervaldetail>
    <Data>20160117</Data>
    <Mercato>MGP</Mercato>
    <Ora>04</Ora>
    <Totale>20981</Totale>
    <CNOR>2576</CNOR>
    <CSUD>3327</CSUD>
    <NORD>11074</NORD>
    <SARD>743</SARD>
    <SICI>1468</SICI>
    <SUD>1793</SUD>
  </marketintervaldetail>
  <marketintervaldetail>
    <Data>20160117</Data>
    <Mercato>MGP</Mercato>
    <Ora>05</Ora>
    <Totale>20863</Totale>
    <CNOR>2513</CNOR>
    <CSUD>3208</CSUD>
    <NORD>11086</NORD>
    <SARD>737</SARD>
    <SICI>1429</SICI>
    <SUD>1890</SUD>
  </marketintervaldetail>
  <marketintervaldetail>
    <Data>20160117</Data>
    <Mercato>MGP</Mercato>
    <Ora>06</Ora>
    <Totale>21228</Totale>
    <CNOR>2536</CNOR>
    <CSUD>3183</CSUD>
    <NORD>11321</NORD>
    <SARD>733</SARD>
    <SICI>1461</SICI>
    <SUD>1994</SUD>
  </marketintervaldetail>
  <marketintervaldetail>
    <Data>20160117</Data>
    <Mercato>MGP</Mercato>
    <Ora>07</Ora>
    <Totale>22195</Totale>
    <CNOR>2613</CNOR>
    <CSUD>3357</CSUD>
    <NORD>11823</NORD>
    <SARD>774</SARD>
    <SICI>1528</SICI>
    <SUD>2100</SUD>
  </marketintervaldetail>
  <marketintervaldetail>
    <Data>20160117</Data>
    <Mercato>MGP</Mercato>
    <Ora>08</Ora>
    <Totale>23364</Totale>
    <CNOR>2669</CNOR>
    <CSUD>3555</CSUD>
    <NORD>12477</NORD>
    <SARD>823</SARD>
    <SICI>1604</SICI>
    <SUD>2236</SUD>
  </marketintervaldetail>
  <marketintervaldetail>
    <Data>20160117</Data>
    <Mercato>MGP</Mercato>
    <Ora>09</Ora>
    <Totale>24808</Totale>
    <CNOR>2855</CNOR>
    <CSUD>3907</CSUD>
    <NORD>12983</NORD>
    <SARD>893</SARD>
    <SICI>1776</SICI>
    <SUD>2394</SUD>
  </marketintervaldetail>
  <marketintervaldetail>
    <Data>20160117</Data>
    <Mercato>MGP</Mercato>
    <Ora>10</Ora>
    <Totale>27208</Totale>
    <CNOR>3053</CNOR>
    <CSUD>4403</CSUD>
    <NORD>14188</NORD>
    <SARD>943</SARD>
    <SICI>2020</SICI>
    <SUD>2601</SUD>
  </marketintervaldetail>
  <marketintervaldetail>
    <Data>20160117</Data>
    <Mercato>MGP</Mercato>
    <Ora>11</Ora>
    <Totale>29014</Totale>
    <CNOR>3289</CNOR>
    <CSUD>4710</CSUD>
    <NORD>15265</NORD>
    <SARD>969</SARD>
    <SICI>2068</SICI>
    <SUD>2713</SUD>
  </marketintervaldetail>
  <marketintervaldetail>
    <Data>20160117</Data>
    <Mercato>MGP</Mercato>
    <Ora>12</Ora>
    <Totale>29813</Totale>
    <CNOR>3314</CNOR>
    <CSUD>4911</CSUD>
    <NORD>15724</NORD>
    <SARD>960</SARD>
    <SICI>2131</SICI>
    <SUD>2773</SUD>
  </marketintervaldetail>
  <marketintervaldetail>
    <Data>20160117</Data>
    <Mercato>MGP</Mercato>
    <Ora>13</Ora>
    <Totale>30242</Totale>
    <CNOR>3435</CNOR>
    <CSUD>5243</CSUD>
    <NORD>15739</NORD>
    <SARD>940</SARD>
    <SICI>2134</SICI>
    <SUD>2751</SUD>
  </marketintervaldetail>
  <marketintervaldetail>
    <Data>20160117</Data>
    <Mercato>MGP</Mercato>
    <Ora>14</Ora>
    <Totale>28727</Totale>
    <CNOR>3271</CNOR>
    <CSUD>5111</CSUD>
    <NORD>14875</NORD>
    <SARD>892</SARD>
    <SICI>2003</SICI>
    <SUD>2575</SUD>
  </marketintervaldetail>
  <marketintervaldetail>
    <Data>20160117</Data>
    <Mercato>MGP</Mercato>
    <Ora>15</Ora>
    <Totale>27656</Totale>
    <CNOR>3307</CNOR>
    <CSUD>4564</CSUD>
    <NORD>14583</NORD>
    <SARD>879</SARD>
    <SICI>1833</SICI>
    <SUD>2490</SUD>
  </marketintervaldetail>
  <marketintervaldetail>
    <Data>20160117</Data>
    <Mercato>MGP</Mercato>
    <Ora>16</Ora>
    <Totale>27583</Totale>
    <CNOR>3179</CNOR>
    <CSUD>4560</CSUD>
    <NORD>14526</NORD>
    <SARD>874</SARD>
    <SICI>1913</SICI>
    <SUD>2531</SUD>
  </marketintervaldetail>
  <marketintervaldetail>
    <Data>20160117</Data>
    <Mercato>MGP</Mercato>
    <Ora>17</Ora>
    <Totale>28058</Totale>
    <CNOR>3268</CNOR>
    <CSUD>4568</CSUD>
    <NORD>14749</NORD>
    <SARD>889</SARD>
    <SICI>1921</SICI>
    <SUD>2663</SUD>
  </marketintervaldetail>
  <marketintervaldetail>
    <Data>20160117</Data>
    <Mercato>MGP</Mercato>
    <Ora>18</Ora>
    <Totale>31330</Totale>
    <CNOR>3551</CNOR>
    <CSUD>5000</CSUD>
    <NORD>16773</NORD>
    <SARD>975</SARD>
    <SICI>2104</SICI>
    <SUD>2927</SUD>
  </marketintervaldetail>
  <marketintervaldetail>
    <Data>20160117</Data>
    <Mercato>MGP</Mercato>
    <Ora>19</Ora>
    <Totale>33239</Totale>
    <CNOR>3732</CNOR>
    <CSUD>5308</CSUD>
    <NORD>17862</NORD>
    <SARD>1057</SARD>
    <SICI>2283</SICI>
    <SUD>2997</SUD>
  </marketintervaldetail>
  <marketintervaldetail>
    <Data>20160117</Data>
    <Mercato>MGP</Mercato>
    <Ora>20</Ora>
    <Totale>33927</Totale>
    <CNOR>3801</CNOR>
    <CSUD>5634</CSUD>
    <NORD>18121</NORD>
    <SARD>1086</SARD>
    <SICI>2336</SICI>
    <SUD>2949</SUD>
  </marketintervaldetail>
  <marketintervaldetail>
    <Data>20160117</Data>
    <Mercato>MGP</Mercato>
    <Ora>21</Ora>
    <Totale>32826</Totale>
    <CNOR>3652</CNOR>
    <CSUD>5635</CSUD>
    <NORD>17132</NORD>
    <SARD>1096</SARD>
    <SICI>2359</SICI>
    <SUD>2952</SUD>
  </marketintervaldetail>
  <marketintervaldetail>
    <Data>20160117</Data>
    <Mercato>MGP</Mercato>
    <Ora>22</Ora>
    <Totale>31280</Totale>
    <CNOR>3546</CNOR>
    <CSUD>5161</CSUD>
    <NORD>16336</NORD>
    <SARD>1036</SARD>
    <SICI>2255</SICI>
    <SUD>2946</SUD>
  </marketintervaldetail>
  <marketintervaldetail>
    <Data>20160117</Data>
    <Mercato>MGP</Mercato>
    <Ora>23</Ora>
    <Totale>28806</Totale>
    <CNOR>3364</CNOR>
    <CSUD>4645</CSUD>
    <NORD>14990</NORD>
    <SARD>973</SARD>
    <SICI>2065</SICI>
    <SUD>2769</SUD>
  </marketintervaldetail>
  <marketintervaldetail>
    <Data>20160117</Data>
    <Mercato>MGP</Mercato>
    <Ora>24</Ora>
    <Totale>26011</Totale>
    <CNOR>3190</CNOR>
    <CSUD>4174</CSUD>
    <NORD>13511</NORD>
    <SARD>888</SARD>
    <SICI>1872</SICI>
    <SUD>2376</SUD>
  </marketintervaldetail>
</NewDataSet>