<?xml version="1.0" standalone="yes"?>
<NewDataSet>
  <xs:schema id="NewDataSet" xmlns="" xmlns:xs="http://www.w3.org/2001/XMLSchema" xmlns:msdata="urn:schemas-microsoft-com:xml-msdata">
    <xs:element name="NewDataSet" msdata:IsDataSet="true" msdata:MainDataTable="marketintervaldetail" msdata:UseCurrentLocale="true">
      <xs:complexType>
        <xs:choice minOccurs="0" maxOccurs="unbounded">
          <xs:element name="marketintervaldetail">
            <xs:complexType>
              <xs:sequence>
                <xs:element name="Data" type="xs:string" minOccurs="0" />
                <xs:element name="Mercato" type="xs:string" minOccurs="0" />
                <xs:element name="Ora" type="xs:string" minOccurs="0" />
                <xs:element name="Totale" type="xs:string" minOccurs="0" />
                <xs:element name="CNOR" type="xs:string" minOccurs="0" />
                <xs:element name="CSUD" type="xs:string" minOccurs="0" />
                <xs:element name="NORD" type="xs:string" minOccurs="0" />
                <xs:element name="SARD" type="xs:string" minOccurs="0" />
                <xs:element name="SICI" type="xs:string" minOccurs="0" />
                <xs:element name="SUD" type="xs:string" minOccurs="0" />
              </xs:sequence>
            </xs:complexType>
          </xs:element>
        </xs:choice>
      </xs:complexType>
    </xs:element>
  </xs:schema>
  <marketintervaldetail>
    <Data>20160109</Data>
    <Mercato>MGP</Mercato>
    <Ora>01</Ora>
    <Totale>25301</Totale>
    <CNOR>2645</CNOR>
    <CSUD>4255</CSUD>
    <NORD>13688</NORD>
    <SARD>812</SARD>
    <SICI>1638</SICI>
    <SUD>2263</SUD>
  </marketintervaldetail>
  <marketintervaldetail>
    <Data>20160109</Data>
    <Mercato>MGP</Mercato>
    <Ora>02</Ora>
    <Totale>23540</Totale>
    <CNOR>2482</CNOR>
    <CSUD>3980</CSUD>
    <NORD>12842</NORD>
    <SARD>796</SARD>
    <SICI>1508</SICI>
    <SUD>1932</SUD>
  </marketintervaldetail>
  <marketintervaldetail>
    <Data>20160109</Data>
    <Mercato>MGP</Mercato>
    <Ora>03</Ora>
    <Totale>22462</Totale>
    <CNOR>2398</CNOR>
    <CSUD>3675</CSUD>
    <NORD>12334</NORD>
    <SARD>780</SARD>
    <SICI>1391</SICI>
    <SUD>1884</SUD>
  </marketintervaldetail>
  <marketintervaldetail>
    <Data>20160109</Data>
    <Mercato>MGP</Mercato>
    <Ora>04</Ora>
    <Totale>21832</Totale>
    <CNOR>2307</CNOR>
    <CSUD>3538</CSUD>
    <NORD>12038</NORD>
    <SARD>756</SARD>
    <SICI>1347</SICI>
    <SUD>1846</SUD>
  </marketintervaldetail>
  <marketintervaldetail>
    <Data>20160109</Data>
    <Mercato>MGP</Mercato>
    <Ora>05</Ora>
    <Totale>21816</Totale>
    <CNOR>2298</CNOR>
    <CSUD>3503</CSUD>
    <NORD>12014</NORD>
    <SARD>763</SARD>
    <SICI>1345</SICI>
    <SUD>1893</SUD>
  </marketintervaldetail>
  <marketintervaldetail>
    <Data>20160109</Data>
    <Mercato>MGP</Mercato>
    <Ora>06</Ora>
    <Totale>22578</Totale>
    <CNOR>2342</CNOR>
    <CSUD>3566</CSUD>
    <NORD>12468</NORD>
    <SARD>780</SARD>
    <SICI>1395</SICI>
    <SUD>2027</SUD>
  </marketintervaldetail>
  <marketintervaldetail>
    <Data>20160109</Data>
    <Mercato>MGP</Mercato>
    <Ora>07</Ora>
    <Totale>24744</Totale>
    <CNOR>2612</CNOR>
    <CSUD>3922</CSUD>
    <NORD>13593</NORD>
    <SARD>834</SARD>
    <SICI>1526</SICI>
    <SUD>2257</SUD>
  </marketintervaldetail>
  <marketintervaldetail>
    <Data>20160109</Data>
    <Mercato>MGP</Mercato>
    <Ora>08</Ora>
    <Totale>27962</Totale>
    <CNOR>2981</CNOR>
    <CSUD>4438</CSUD>
    <NORD>15364</NORD>
    <SARD>940</SARD>
    <SICI>1770</SICI>
    <SUD>2469</SUD>
  </marketintervaldetail>
  <marketintervaldetail>
    <Data>20160109</Data>
    <Mercato>MGP</Mercato>
    <Ora>09</Ora>
    <Totale>30200</Totale>
    <CNOR>3288</CNOR>
    <CSUD>4755</CSUD>
    <NORD>16661</NORD>
    <SARD>981</SARD>
    <SICI>1918</SICI>
    <SUD>2597</SUD>
  </marketintervaldetail>
  <marketintervaldetail>
    <Data>20160109</Data>
    <Mercato>MGP</Mercato>
    <Ora>10</Ora>
    <Totale>32639</Totale>
    <CNOR>3604</CNOR>
    <CSUD>5274</CSUD>
    <NORD>17756</NORD>
    <SARD>998</SARD>
    <SICI>1999</SICI>
    <SUD>3008</SUD>
  </marketintervaldetail>
  <marketintervaldetail>
    <Data>20160109</Data>
    <Mercato>MGP</Mercato>
    <Ora>11</Ora>
    <Totale>33572</Totale>
    <CNOR>3718</CNOR>
    <CSUD>5669</CSUD>
    <NORD>18226</NORD>
    <SARD>989</SARD>
    <SICI>2008</SICI>
    <SUD>2962</SUD>
  </marketintervaldetail>
  <marketintervaldetail>
    <Data>20160109</Data>
    <Mercato>MGP</Mercato>
    <Ora>12</Ora>
    <Totale>33710</Totale>
    <CNOR>3749</CNOR>
    <CSUD>5782</CSUD>
    <NORD>18191</NORD>
    <SARD>974</SARD>
    <SICI>2059</SICI>
    <SUD>2955</SUD>
  </marketintervaldetail>
  <marketintervaldetail>
    <Data>20160109</Data>
    <Mercato>MGP</Mercato>
    <Ora>13</Ora>
    <Totale>32754</Totale>
    <CNOR>3650</CNOR>
    <CSUD>5606</CSUD>
    <NORD>17344</NORD>
    <SARD>934</SARD>
    <SICI>2075</SICI>
    <SUD>3145</SUD>
  </marketintervaldetail>
  <marketintervaldetail>
    <Data>20160109</Data>
    <Mercato>MGP</Mercato>
    <Ora>14</Ora>
    <Totale>31461</Totale>
    <CNOR>3471</CNOR>
    <CSUD>5566</CSUD>
    <NORD>16448</NORD>
    <SARD>927</SARD>
    <SICI>2037</SICI>
    <SUD>3012</SUD>
  </marketintervaldetail>
  <marketintervaldetail>
    <Data>20160109</Data>
    <Mercato>MGP</Mercato>
    <Ora>15</Ora>
    <Totale>31038</Totale>
    <CNOR>3493</CNOR>
    <CSUD>5482</CSUD>
    <NORD>16333</NORD>
    <SARD>905</SARD>
    <SICI>1964</SICI>
    <SUD>2861</SUD>
  </marketintervaldetail>
  <marketintervaldetail>
    <Data>20160109</Data>
    <Mercato>MGP</Mercato>
    <Ora>16</Ora>
    <Totale>31136</Totale>
    <CNOR>3462</CNOR>
    <CSUD>5523</CSUD>
    <NORD>16497</NORD>
    <SARD>909</SARD>
    <SICI>1951</SICI>
    <SUD>2794</SUD>
  </marketintervaldetail>
  <marketintervaldetail>
    <Data>20160109</Data>
    <Mercato>MGP</Mercato>
    <Ora>17</Ora>
    <Totale>32279</Totale>
    <CNOR>3586</CNOR>
    <CSUD>5740</CSUD>
    <NORD>17161</NORD>
    <SARD>957</SARD>
    <SICI>2044</SICI>
    <SUD>2791</SUD>
  </marketintervaldetail>
  <marketintervaldetail>
    <Data>20160109</Data>
    <Mercato>MGP</Mercato>
    <Ora>18</Ora>
    <Totale>34742</Totale>
    <CNOR>3765</CNOR>
    <CSUD>6189</CSUD>
    <NORD>18224</NORD>
    <SARD>1072</SARD>
    <SICI>2355</SICI>
    <SUD>3137</SUD>
  </marketintervaldetail>
  <marketintervaldetail>
    <Data>20160109</Data>
    <Mercato>MGP</Mercato>
    <Ora>19</Ora>
    <Totale>35576</Totale>
    <CNOR>3833</CNOR>
    <CSUD>6343</CSUD>
    <NORD>18609</NORD>
    <SARD>1134</SARD>
    <SICI>2476</SICI>
    <SUD>3181</SUD>
  </marketintervaldetail>
  <marketintervaldetail>
    <Data>20160109</Data>
    <Mercato>MGP</Mercato>
    <Ora>20</Ora>
    <Totale>35497</Totale>
    <CNOR>3864</CNOR>
    <CSUD>6407</CSUD>
    <NORD>18391</NORD>
    <SARD>1153</SARD>
    <SICI>2506</SICI>
    <SUD>3176</SUD>
  </marketintervaldetail>
  <marketintervaldetail>
    <Data>20160109</Data>
    <Mercato>MGP</Mercato>
    <Ora>21</Ora>
    <Totale>33407</Totale>
    <CNOR>3603</CNOR>
    <CSUD>6112</CSUD>
    <NORD>17037</NORD>
    <SARD>1136</SARD>
    <SICI>2484</SICI>
    <SUD>3035</SUD>
  </marketintervaldetail>
  <marketintervaldetail>
    <Data>20160109</Data>
    <Mercato>MGP</Mercato>
    <Ora>22</Ora>
    <Totale>30733</Totale>
    <CNOR>3250</CNOR>
    <CSUD>5510</CSUD>
    <NORD>15711</NORD>
    <SARD>1051</SARD>
    <SICI>2307</SICI>
    <SUD>2904</SUD>
  </marketintervaldetail>
  <marketintervaldetail>
    <Data>20160109</Data>
    <Mercato>MGP</Mercato>
    <Ora>23</Ora>
    <Totale>28471</Totale>
    <CNOR>3073</CNOR>
    <CSUD>4986</CSUD>
    <NORD>14631</NORD>
    <SARD>994</SARD>
    <SICI>2087</SICI>
    <SUD>2700</SUD>
  </marketintervaldetail>
  <marketintervaldetail>
    <Data>20160109</Data>
    <Mercato>MGP</Mercato>
    <Ora>24</Ora>
    <Totale>25735</Totale>
    <CNOR>2925</CNOR>
    <CSUD>4481</CSUD>
    <NORD>13114</NORD>
    <SARD>923</SARD>
    <SICI>1851</SICI>
    <SUD>2441</SUD>
  </marketintervaldetail>
</NewDataSet>