<?xml version="1.0" standalone="yes"?>
<NewDataSet>
  <xs:schema id="NewDataSet" xmlns="" xmlns:xs="http://www.w3.org/2001/XMLSchema" xmlns:msdata="urn:schemas-microsoft-com:xml-msdata">
    <xs:element name="NewDataSet" msdata:IsDataSet="true" msdata:MainDataTable="marketintervaldetail" msdata:UseCurrentLocale="true">
      <xs:complexType>
        <xs:choice minOccurs="0" maxOccurs="unbounded">
          <xs:element name="marketintervaldetail">
            <xs:complexType>
              <xs:sequence>
                <xs:element name="Data" type="xs:string" minOccurs="0" />
                <xs:element name="Mercato" type="xs:string" minOccurs="0" />
                <xs:element name="Ora" type="xs:string" minOccurs="0" />
                <xs:element name="Totale" type="xs:string" minOccurs="0" />
                <xs:element name="CNOR" type="xs:string" minOccurs="0" />
                <xs:element name="CSUD" type="xs:string" minOccurs="0" />
                <xs:element name="NORD" type="xs:string" minOccurs="0" />
                <xs:element name="SARD" type="xs:string" minOccurs="0" />
                <xs:element name="SICI" type="xs:string" minOccurs="0" />
                <xs:element name="SUD" type="xs:string" minOccurs="0" />
              </xs:sequence>
            </xs:complexType>
          </xs:element>
        </xs:choice>
      </xs:complexType>
    </xs:element>
  </xs:schema>
  <marketintervaldetail>
    <Data>20160106</Data>
    <Mercato>MGP</Mercato>
    <Ora>01</Ora>
    <Totale>24282</Totale>
    <CNOR>2775</CNOR>
    <CSUD>4241</CSUD>
    <NORD>12221</NORD>
    <SARD>860</SARD>
    <SICI>1763</SICI>
    <SUD>2422</SUD>
  </marketintervaldetail>
  <marketintervaldetail>
    <Data>20160106</Data>
    <Mercato>MGP</Mercato>
    <Ora>02</Ora>
    <Totale>22405</Totale>
    <CNOR>2509</CNOR>
    <CSUD>3826</CSUD>
    <NORD>11336</NORD>
    <SARD>799</SARD>
    <SICI>1658</SICI>
    <SUD>2277</SUD>
  </marketintervaldetail>
  <marketintervaldetail>
    <Data>20160106</Data>
    <Mercato>MGP</Mercato>
    <Ora>03</Ora>
    <Totale>21298</Totale>
    <CNOR>2415</CNOR>
    <CSUD>3542</CSUD>
    <NORD>10843</NORD>
    <SARD>750</SARD>
    <SICI>1555</SICI>
    <SUD>2193</SUD>
  </marketintervaldetail>
  <marketintervaldetail>
    <Data>20160106</Data>
    <Mercato>MGP</Mercato>
    <Ora>04</Ora>
    <Totale>20708</Totale>
    <CNOR>2338</CNOR>
    <CSUD>3399</CSUD>
    <NORD>10620</NORD>
    <SARD>746</SARD>
    <SICI>1441</SICI>
    <SUD>2164</SUD>
  </marketintervaldetail>
  <marketintervaldetail>
    <Data>20160106</Data>
    <Mercato>MGP</Mercato>
    <Ora>05</Ora>
    <Totale>20593</Totale>
    <CNOR>2321</CNOR>
    <CSUD>3384</CSUD>
    <NORD>10575</NORD>
    <SARD>751</SARD>
    <SICI>1396</SICI>
    <SUD>2166</SUD>
  </marketintervaldetail>
  <marketintervaldetail>
    <Data>20160106</Data>
    <Mercato>MGP</Mercato>
    <Ora>06</Ora>
    <Totale>20962</Totale>
    <CNOR>2336</CNOR>
    <CSUD>3501</CSUD>
    <NORD>10846</NORD>
    <SARD>765</SARD>
    <SICI>1419</SICI>
    <SUD>2095</SUD>
  </marketintervaldetail>
  <marketintervaldetail>
    <Data>20160106</Data>
    <Mercato>MGP</Mercato>
    <Ora>07</Ora>
    <Totale>22145</Totale>
    <CNOR>2428</CNOR>
    <CSUD>3692</CSUD>
    <NORD>11528</NORD>
    <SARD>831</SARD>
    <SICI>1511</SICI>
    <SUD>2155</SUD>
  </marketintervaldetail>
  <marketintervaldetail>
    <Data>20160106</Data>
    <Mercato>MGP</Mercato>
    <Ora>08</Ora>
    <Totale>23101</Totale>
    <CNOR>2529</CNOR>
    <CSUD>3866</CSUD>
    <NORD>12078</NORD>
    <SARD>861</SARD>
    <SICI>1574</SICI>
    <SUD>2193</SUD>
  </marketintervaldetail>
  <marketintervaldetail>
    <Data>20160106</Data>
    <Mercato>MGP</Mercato>
    <Ora>09</Ora>
    <Totale>24392</Totale>
    <CNOR>2595</CNOR>
    <CSUD>4184</CSUD>
    <NORD>12680</NORD>
    <SARD>894</SARD>
    <SICI>1743</SICI>
    <SUD>2296</SUD>
  </marketintervaldetail>
  <marketintervaldetail>
    <Data>20160106</Data>
    <Mercato>MGP</Mercato>
    <Ora>10</Ora>
    <Totale>26569</Totale>
    <CNOR>2800</CNOR>
    <CSUD>4685</CSUD>
    <NORD>13732</NORD>
    <SARD>933</SARD>
    <SICI>1955</SICI>
    <SUD>2464</SUD>
  </marketintervaldetail>
  <marketintervaldetail>
    <Data>20160106</Data>
    <Mercato>MGP</Mercato>
    <Ora>11</Ora>
    <Totale>28134</Totale>
    <CNOR>3041</CNOR>
    <CSUD>4857</CSUD>
    <NORD>14541</NORD>
    <SARD>914</SARD>
    <SICI>2065</SICI>
    <SUD>2716</SUD>
  </marketintervaldetail>
  <marketintervaldetail>
    <Data>20160106</Data>
    <Mercato>MGP</Mercato>
    <Ora>12</Ora>
    <Totale>29205</Totale>
    <CNOR>3260</CNOR>
    <CSUD>5083</CSUD>
    <NORD>15001</NORD>
    <SARD>933</SARD>
    <SICI>2153</SICI>
    <SUD>2775</SUD>
  </marketintervaldetail>
  <marketintervaldetail>
    <Data>20160106</Data>
    <Mercato>MGP</Mercato>
    <Ora>13</Ora>
    <Totale>29508</Totale>
    <CNOR>3316</CNOR>
    <CSUD>5184</CSUD>
    <NORD>15078</NORD>
    <SARD>942</SARD>
    <SICI>2143</SICI>
    <SUD>2845</SUD>
  </marketintervaldetail>
  <marketintervaldetail>
    <Data>20160106</Data>
    <Mercato>MGP</Mercato>
    <Ora>14</Ora>
    <Totale>27693</Totale>
    <CNOR>3096</CNOR>
    <CSUD>4906</CSUD>
    <NORD>14082</NORD>
    <SARD>925</SARD>
    <SICI>2058</SICI>
    <SUD>2626</SUD>
  </marketintervaldetail>
  <marketintervaldetail>
    <Data>20160106</Data>
    <Mercato>MGP</Mercato>
    <Ora>15</Ora>
    <Totale>26560</Totale>
    <CNOR>2899</CNOR>
    <CSUD>4664</CSUD>
    <NORD>13712</NORD>
    <SARD>872</SARD>
    <SICI>1947</SICI>
    <SUD>2466</SUD>
  </marketintervaldetail>
  <marketintervaldetail>
    <Data>20160106</Data>
    <Mercato>MGP</Mercato>
    <Ora>16</Ora>
    <Totale>26951</Totale>
    <CNOR>2985</CNOR>
    <CSUD>4707</CSUD>
    <NORD>13833</NORD>
    <SARD>883</SARD>
    <SICI>1979</SICI>
    <SUD>2564</SUD>
  </marketintervaldetail>
  <marketintervaldetail>
    <Data>20160106</Data>
    <Mercato>MGP</Mercato>
    <Ora>17</Ora>
    <Totale>27302</Totale>
    <CNOR>3008</CNOR>
    <CSUD>4568</CSUD>
    <NORD>14152</NORD>
    <SARD>916</SARD>
    <SICI>2012</SICI>
    <SUD>2646</SUD>
  </marketintervaldetail>
  <marketintervaldetail>
    <Data>20160106</Data>
    <Mercato>MGP</Mercato>
    <Ora>18</Ora>
    <Totale>30981</Totale>
    <CNOR>3294</CNOR>
    <CSUD>5424</CSUD>
    <NORD>16011</NORD>
    <SARD>1050</SARD>
    <SICI>2254</SICI>
    <SUD>2948</SUD>
  </marketintervaldetail>
  <marketintervaldetail>
    <Data>20160106</Data>
    <Mercato>MGP</Mercato>
    <Ora>19</Ora>
    <Totale>32313</Totale>
    <CNOR>3450</CNOR>
    <CSUD>5643</CSUD>
    <NORD>16594</NORD>
    <SARD>1112</SARD>
    <SICI>2447</SICI>
    <SUD>3067</SUD>
  </marketintervaldetail>
  <marketintervaldetail>
    <Data>20160106</Data>
    <Mercato>MGP</Mercato>
    <Ora>20</Ora>
    <Totale>32761</Totale>
    <CNOR>3551</CNOR>
    <CSUD>5714</CSUD>
    <NORD>16802</NORD>
    <SARD>1120</SARD>
    <SICI>2451</SICI>
    <SUD>3123</SUD>
  </marketintervaldetail>
  <marketintervaldetail>
    <Data>20160106</Data>
    <Mercato>MGP</Mercato>
    <Ora>21</Ora>
    <Totale>32404</Totale>
    <CNOR>3493</CNOR>
    <CSUD>5780</CSUD>
    <NORD>16294</NORD>
    <SARD>1138</SARD>
    <SICI>2532</SICI>
    <SUD>3167</SUD>
  </marketintervaldetail>
  <marketintervaldetail>
    <Data>20160106</Data>
    <Mercato>MGP</Mercato>
    <Ora>22</Ora>
    <Totale>31053</Totale>
    <CNOR>3267</CNOR>
    <CSUD>5576</CSUD>
    <NORD>15493</NORD>
    <SARD>1112</SARD>
    <SICI>2467</SICI>
    <SUD>3138</SUD>
  </marketintervaldetail>
  <marketintervaldetail>
    <Data>20160106</Data>
    <Mercato>MGP</Mercato>
    <Ora>23</Ora>
    <Totale>28780</Totale>
    <CNOR>3031</CNOR>
    <CSUD>5118</CSUD>
    <NORD>14322</NORD>
    <SARD>1038</SARD>
    <SICI>2305</SICI>
    <SUD>2966</SUD>
  </marketintervaldetail>
  <marketintervaldetail>
    <Data>20160106</Data>
    <Mercato>MGP</Mercato>
    <Ora>24</Ora>
    <Totale>25872</Totale>
    <CNOR>2746</CNOR>
    <CSUD>4587</CSUD>
    <NORD>12996</NORD>
    <SARD>929</SARD>
    <SICI>2078</SICI>
    <SUD>2536</SUD>
  </marketintervaldetail>
</NewDataSet>