<?xml version="1.0" standalone="yes"?>
<NewDataSet>
  <xs:schema id="NewDataSet" xmlns="" xmlns:xs="http://www.w3.org/2001/XMLSchema" xmlns:msdata="urn:schemas-microsoft-com:xml-msdata">
    <xs:element name="NewDataSet" msdata:IsDataSet="true" msdata:MainDataTable="marketintervaldetail" msdata:UseCurrentLocale="true">
      <xs:complexType>
        <xs:choice minOccurs="0" maxOccurs="unbounded">
          <xs:element name="marketintervaldetail">
            <xs:complexType>
              <xs:sequence>
                <xs:element name="Data" type="xs:string" minOccurs="0" />
                <xs:element name="Mercato" type="xs:string" minOccurs="0" />
                <xs:element name="Ora" type="xs:string" minOccurs="0" />
                <xs:element name="Totale" type="xs:string" minOccurs="0" />
                <xs:element name="CNOR" type="xs:string" minOccurs="0" />
                <xs:element name="CSUD" type="xs:string" minOccurs="0" />
                <xs:element name="NORD" type="xs:string" minOccurs="0" />
                <xs:element name="SARD" type="xs:string" minOccurs="0" />
                <xs:element name="SICI" type="xs:string" minOccurs="0" />
                <xs:element name="SUD" type="xs:string" minOccurs="0" />
              </xs:sequence>
            </xs:complexType>
          </xs:element>
        </xs:choice>
      </xs:complexType>
    </xs:element>
  </xs:schema>
  <marketintervaldetail>
    <Data>20160121</Data>
    <Mercato>MGP</Mercato>
    <Ora>01</Ora>
    <Totale>29292</Totale>
    <CNOR>3211</CNOR>
    <CSUD>4507</CSUD>
    <NORD>16565</NORD>
    <SARD>788</SARD>
    <SICI>1750</SICI>
    <SUD>2471</SUD>
  </marketintervaldetail>
  <marketintervaldetail>
    <Data>20160121</Data>
    <Mercato>MGP</Mercato>
    <Ora>02</Ora>
    <Totale>27361</Totale>
    <CNOR>3043</CNOR>
    <CSUD>4058</CSUD>
    <NORD>15599</NORD>
    <SARD>752</SARD>
    <SICI>1543</SICI>
    <SUD>2366</SUD>
  </marketintervaldetail>
  <marketintervaldetail>
    <Data>20160121</Data>
    <Mercato>MGP</Mercato>
    <Ora>03</Ora>
    <Totale>26358</Totale>
    <CNOR>3012</CNOR>
    <CSUD>3753</CSUD>
    <NORD>15159</NORD>
    <SARD>740</SARD>
    <SICI>1445</SICI>
    <SUD>2249</SUD>
  </marketintervaldetail>
  <marketintervaldetail>
    <Data>20160121</Data>
    <Mercato>MGP</Mercato>
    <Ora>04</Ora>
    <Totale>25729</Totale>
    <CNOR>3006</CNOR>
    <CSUD>3645</CSUD>
    <NORD>14790</NORD>
    <SARD>722</SARD>
    <SICI>1400</SICI>
    <SUD>2166</SUD>
  </marketintervaldetail>
  <marketintervaldetail>
    <Data>20160121</Data>
    <Mercato>MGP</Mercato>
    <Ora>05</Ora>
    <Totale>26063</Totale>
    <CNOR>3013</CNOR>
    <CSUD>3671</CSUD>
    <NORD>15116</NORD>
    <SARD>722</SARD>
    <SICI>1401</SICI>
    <SUD>2140</SUD>
  </marketintervaldetail>
  <marketintervaldetail>
    <Data>20160121</Data>
    <Mercato>MGP</Mercato>
    <Ora>06</Ora>
    <Totale>27660</Totale>
    <CNOR>3186</CNOR>
    <CSUD>3899</CSUD>
    <NORD>16107</NORD>
    <SARD>745</SARD>
    <SICI>1471</SICI>
    <SUD>2252</SUD>
  </marketintervaldetail>
  <marketintervaldetail>
    <Data>20160121</Data>
    <Mercato>MGP</Mercato>
    <Ora>07</Ora>
    <Totale>32697</Totale>
    <CNOR>3807</CNOR>
    <CSUD>4560</CSUD>
    <NORD>19185</NORD>
    <SARD>836</SARD>
    <SICI>1734</SICI>
    <SUD>2575</SUD>
  </marketintervaldetail>
  <marketintervaldetail>
    <Data>20160121</Data>
    <Mercato>MGP</Mercato>
    <Ora>08</Ora>
    <Totale>39329</Totale>
    <CNOR>4507</CNOR>
    <CSUD>5620</CSUD>
    <NORD>23229</NORD>
    <SARD>994</SARD>
    <SICI>2109</SICI>
    <SUD>2870</SUD>
  </marketintervaldetail>
  <marketintervaldetail>
    <Data>20160121</Data>
    <Mercato>MGP</Mercato>
    <Ora>09</Ora>
    <Totale>43889</Totale>
    <CNOR>5057</CNOR>
    <CSUD>6104</CSUD>
    <NORD>26080</NORD>
    <SARD>1057</SARD>
    <SICI>2351</SICI>
    <SUD>3240</SUD>
  </marketintervaldetail>
  <marketintervaldetail>
    <Data>20160121</Data>
    <Mercato>MGP</Mercato>
    <Ora>10</Ora>
    <Totale>46288</Totale>
    <CNOR>5270</CNOR>
    <CSUD>6591</CSUD>
    <NORD>27297</NORD>
    <SARD>1074</SARD>
    <SICI>2557</SICI>
    <SUD>3499</SUD>
  </marketintervaldetail>
  <marketintervaldetail>
    <Data>20160121</Data>
    <Mercato>MGP</Mercato>
    <Ora>11</Ora>
    <Totale>46548</Totale>
    <CNOR>5238</CNOR>
    <CSUD>6823</CSUD>
    <NORD>27444</NORD>
    <SARD>1044</SARD>
    <SICI>2611</SICI>
    <SUD>3388</SUD>
  </marketintervaldetail>
  <marketintervaldetail>
    <Data>20160121</Data>
    <Mercato>MGP</Mercato>
    <Ora>12</Ora>
    <Totale>46084</Totale>
    <CNOR>5125</CNOR>
    <CSUD>6890</CSUD>
    <NORD>27163</NORD>
    <SARD>1046</SARD>
    <SICI>2548</SICI>
    <SUD>3312</SUD>
  </marketintervaldetail>
  <marketintervaldetail>
    <Data>20160121</Data>
    <Mercato>MGP</Mercato>
    <Ora>13</Ora>
    <Totale>43832</Totale>
    <CNOR>4842</CNOR>
    <CSUD>6787</CSUD>
    <NORD>25303</NORD>
    <SARD>987</SARD>
    <SICI>2516</SICI>
    <SUD>3397</SUD>
  </marketintervaldetail>
  <marketintervaldetail>
    <Data>20160121</Data>
    <Mercato>MGP</Mercato>
    <Ora>14</Ora>
    <Totale>42589</Totale>
    <CNOR>4632</CNOR>
    <CSUD>6731</CSUD>
    <NORD>24605</NORD>
    <SARD>896</SARD>
    <SICI>2435</SICI>
    <SUD>3290</SUD>
  </marketintervaldetail>
  <marketintervaldetail>
    <Data>20160121</Data>
    <Mercato>MGP</Mercato>
    <Ora>15</Ora>
    <Totale>42931</Totale>
    <CNOR>4842</CNOR>
    <CSUD>6753</CSUD>
    <NORD>24873</NORD>
    <SARD>943</SARD>
    <SICI>2319</SICI>
    <SUD>3201</SUD>
  </marketintervaldetail>
  <marketintervaldetail>
    <Data>20160121</Data>
    <Mercato>MGP</Mercato>
    <Ora>16</Ora>
    <Totale>43539</Totale>
    <CNOR>4830</CNOR>
    <CSUD>6595</CSUD>
    <NORD>25406</NORD>
    <SARD>968</SARD>
    <SICI>2358</SICI>
    <SUD>3382</SUD>
  </marketintervaldetail>
  <marketintervaldetail>
    <Data>20160121</Data>
    <Mercato>MGP</Mercato>
    <Ora>17</Ora>
    <Totale>45135</Totale>
    <CNOR>4997</CNOR>
    <CSUD>6585</CSUD>
    <NORD>26437</NORD>
    <SARD>998</SARD>
    <SICI>2506</SICI>
    <SUD>3612</SUD>
  </marketintervaldetail>
  <marketintervaldetail>
    <Data>20160121</Data>
    <Mercato>MGP</Mercato>
    <Ora>18</Ora>
    <Totale>47967</Totale>
    <CNOR>5297</CNOR>
    <CSUD>7253</CSUD>
    <NORD>27838</NORD>
    <SARD>1089</SARD>
    <SICI>2715</SICI>
    <SUD>3775</SUD>
  </marketintervaldetail>
  <marketintervaldetail>
    <Data>20160121</Data>
    <Mercato>MGP</Mercato>
    <Ora>19</Ora>
    <Totale>48373</Totale>
    <CNOR>5301</CNOR>
    <CSUD>7622</CSUD>
    <NORD>27576</NORD>
    <SARD>1245</SARD>
    <SICI>2835</SICI>
    <SUD>3794</SUD>
  </marketintervaldetail>
  <marketintervaldetail>
    <Data>20160121</Data>
    <Mercato>MGP</Mercato>
    <Ora>20</Ora>
    <Totale>46837</Totale>
    <CNOR>5088</CNOR>
    <CSUD>7608</CSUD>
    <NORD>26285</NORD>
    <SARD>1269</SARD>
    <SICI>2856</SICI>
    <SUD>3731</SUD>
  </marketintervaldetail>
  <marketintervaldetail>
    <Data>20160121</Data>
    <Mercato>MGP</Mercato>
    <Ora>21</Ora>
    <Totale>44368</Totale>
    <CNOR>4742</CNOR>
    <CSUD>7232</CSUD>
    <NORD>24682</NORD>
    <SARD>1248</SARD>
    <SICI>2800</SICI>
    <SUD>3664</SUD>
  </marketintervaldetail>
  <marketintervaldetail>
    <Data>20160121</Data>
    <Mercato>MGP</Mercato>
    <Ora>22</Ora>
    <Totale>41030</Totale>
    <CNOR>4374</CNOR>
    <CSUD>6695</CSUD>
    <NORD>22816</NORD>
    <SARD>1171</SARD>
    <SICI>2618</SICI>
    <SUD>3356</SUD>
  </marketintervaldetail>
  <marketintervaldetail>
    <Data>20160121</Data>
    <Mercato>MGP</Mercato>
    <Ora>23</Ora>
    <Totale>36979</Totale>
    <CNOR>3983</CNOR>
    <CSUD>6033</CSUD>
    <NORD>20572</NORD>
    <SARD>1059</SARD>
    <SICI>2357</SICI>
    <SUD>2975</SUD>
  </marketintervaldetail>
  <marketintervaldetail>
    <Data>20160121</Data>
    <Mercato>MGP</Mercato>
    <Ora>24</Ora>
    <Totale>32900</Totale>
    <CNOR>3606</CNOR>
    <CSUD>5261</CSUD>
    <NORD>18429</NORD>
    <SARD>952</SARD>
    <SICI>2012</SICI>
    <SUD>2640</SUD>
  </marketintervaldetail>
</NewDataSet>