<?xml version="1.0" standalone="yes"?>
<NewDataSet>
  <xs:schema id="NewDataSet" xmlns="" xmlns:xs="http://www.w3.org/2001/XMLSchema" xmlns:msdata="urn:schemas-microsoft-com:xml-msdata">
    <xs:element name="NewDataSet" msdata:IsDataSet="true" msdata:MainDataTable="marketintervaldetail" msdata:UseCurrentLocale="true">
      <xs:complexType>
        <xs:choice minOccurs="0" maxOccurs="unbounded">
          <xs:element name="marketintervaldetail">
            <xs:complexType>
              <xs:sequence>
                <xs:element name="Data" type="xs:string" minOccurs="0" />
                <xs:element name="Mercato" type="xs:string" minOccurs="0" />
                <xs:element name="Ora" type="xs:string" minOccurs="0" />
                <xs:element name="Totale" type="xs:string" minOccurs="0" />
                <xs:element name="CNOR" type="xs:string" minOccurs="0" />
                <xs:element name="CSUD" type="xs:string" minOccurs="0" />
                <xs:element name="NORD" type="xs:string" minOccurs="0" />
                <xs:element name="SARD" type="xs:string" minOccurs="0" />
                <xs:element name="SICI" type="xs:string" minOccurs="0" />
                <xs:element name="SUD" type="xs:string" minOccurs="0" />
              </xs:sequence>
            </xs:complexType>
          </xs:element>
        </xs:choice>
      </xs:complexType>
    </xs:element>
  </xs:schema>
  <marketintervaldetail>
    <Data>20160129</Data>
    <Mercato>MGP</Mercato>
    <Ora>01</Ora>
    <Totale>29223</Totale>
    <CNOR>2733</CNOR>
    <CSUD>4873</CSUD>
    <NORD>16124</NORD>
    <SARD>785</SARD>
    <SICI>1751</SICI>
    <SUD>2957</SUD>
  </marketintervaldetail>
  <marketintervaldetail>
    <Data>20160129</Data>
    <Mercato>MGP</Mercato>
    <Ora>02</Ora>
    <Totale>27165</Totale>
    <CNOR>2450</CNOR>
    <CSUD>4519</CSUD>
    <NORD>15182</NORD>
    <SARD>726</SARD>
    <SICI>1599</SICI>
    <SUD>2689</SUD>
  </marketintervaldetail>
  <marketintervaldetail>
    <Data>20160129</Data>
    <Mercato>MGP</Mercato>
    <Ora>03</Ora>
    <Totale>26140</Totale>
    <CNOR>2351</CNOR>
    <CSUD>4313</CSUD>
    <NORD>14709</NORD>
    <SARD>698</SARD>
    <SICI>1492</SICI>
    <SUD>2577</SUD>
  </marketintervaldetail>
  <marketintervaldetail>
    <Data>20160129</Data>
    <Mercato>MGP</Mercato>
    <Ora>04</Ora>
    <Totale>25794</Totale>
    <CNOR>2333</CNOR>
    <CSUD>4213</CSUD>
    <NORD>14546</NORD>
    <SARD>689</SARD>
    <SICI>1464</SICI>
    <SUD>2549</SUD>
  </marketintervaldetail>
  <marketintervaldetail>
    <Data>20160129</Data>
    <Mercato>MGP</Mercato>
    <Ora>05</Ora>
    <Totale>26054</Totale>
    <CNOR>2376</CNOR>
    <CSUD>4196</CSUD>
    <NORD>14761</NORD>
    <SARD>696</SARD>
    <SICI>1441</SICI>
    <SUD>2584</SUD>
  </marketintervaldetail>
  <marketintervaldetail>
    <Data>20160129</Data>
    <Mercato>MGP</Mercato>
    <Ora>06</Ora>
    <Totale>27556</Totale>
    <CNOR>2450</CNOR>
    <CSUD>4444</CSUD>
    <NORD>15761</NORD>
    <SARD>729</SARD>
    <SICI>1516</SICI>
    <SUD>2656</SUD>
  </marketintervaldetail>
  <marketintervaldetail>
    <Data>20160129</Data>
    <Mercato>MGP</Mercato>
    <Ora>07</Ora>
    <Totale>32620</Totale>
    <CNOR>2953</CNOR>
    <CSUD>5137</CSUD>
    <NORD>18973</NORD>
    <SARD>839</SARD>
    <SICI>1755</SICI>
    <SUD>2963</SUD>
  </marketintervaldetail>
  <marketintervaldetail>
    <Data>20160129</Data>
    <Mercato>MGP</Mercato>
    <Ora>08</Ora>
    <Totale>39305</Totale>
    <CNOR>3894</CNOR>
    <CSUD>5535</CSUD>
    <NORD>23441</NORD>
    <SARD>1013</SARD>
    <SICI>2092</SICI>
    <SUD>3330</SUD>
  </marketintervaldetail>
  <marketintervaldetail>
    <Data>20160129</Data>
    <Mercato>MGP</Mercato>
    <Ora>09</Ora>
    <Totale>43954</Totale>
    <CNOR>4500</CNOR>
    <CSUD>6101</CSUD>
    <NORD>26320</NORD>
    <SARD>1086</SARD>
    <SICI>2299</SICI>
    <SUD>3648</SUD>
  </marketintervaldetail>
  <marketintervaldetail>
    <Data>20160129</Data>
    <Mercato>MGP</Mercato>
    <Ora>10</Ora>
    <Totale>45691</Totale>
    <CNOR>4841</CNOR>
    <CSUD>6372</CSUD>
    <NORD>27437</NORD>
    <SARD>1054</SARD>
    <SICI>2327</SICI>
    <SUD>3660</SUD>
  </marketintervaldetail>
  <marketintervaldetail>
    <Data>20160129</Data>
    <Mercato>MGP</Mercato>
    <Ora>11</Ora>
    <Totale>45179</Totale>
    <CNOR>4831</CNOR>
    <CSUD>6385</CSUD>
    <NORD>27181</NORD>
    <SARD>1042</SARD>
    <SICI>2251</SICI>
    <SUD>3489</SUD>
  </marketintervaldetail>
  <marketintervaldetail>
    <Data>20160129</Data>
    <Mercato>MGP</Mercato>
    <Ora>12</Ora>
    <Totale>44063</Totale>
    <CNOR>4584</CNOR>
    <CSUD>6619</CSUD>
    <NORD>26507</NORD>
    <SARD>989</SARD>
    <SICI>2126</SICI>
    <SUD>3238</SUD>
  </marketintervaldetail>
  <marketintervaldetail>
    <Data>20160129</Data>
    <Mercato>MGP</Mercato>
    <Ora>13</Ora>
    <Totale>41642</Totale>
    <CNOR>4293</CNOR>
    <CSUD>6627</CSUD>
    <NORD>24347</NORD>
    <SARD>978</SARD>
    <SICI>2071</SICI>
    <SUD>3326</SUD>
  </marketintervaldetail>
  <marketintervaldetail>
    <Data>20160129</Data>
    <Mercato>MGP</Mercato>
    <Ora>14</Ora>
    <Totale>40763</Totale>
    <CNOR>3960</CNOR>
    <CSUD>6399</CSUD>
    <NORD>23848</NORD>
    <SARD>965</SARD>
    <SICI>2070</SICI>
    <SUD>3521</SUD>
  </marketintervaldetail>
  <marketintervaldetail>
    <Data>20160129</Data>
    <Mercato>MGP</Mercato>
    <Ora>15</Ora>
    <Totale>41589</Totale>
    <CNOR>4466</CNOR>
    <CSUD>5957</CSUD>
    <NORD>24600</NORD>
    <SARD>974</SARD>
    <SICI>2042</SICI>
    <SUD>3550</SUD>
  </marketintervaldetail>
  <marketintervaldetail>
    <Data>20160129</Data>
    <Mercato>MGP</Mercato>
    <Ora>16</Ora>
    <Totale>42114</Totale>
    <CNOR>4707</CNOR>
    <CSUD>6109</CSUD>
    <NORD>24750</NORD>
    <SARD>991</SARD>
    <SICI>2074</SICI>
    <SUD>3483</SUD>
  </marketintervaldetail>
  <marketintervaldetail>
    <Data>20160129</Data>
    <Mercato>MGP</Mercato>
    <Ora>17</Ora>
    <Totale>42972</Totale>
    <CNOR>4769</CNOR>
    <CSUD>6149</CSUD>
    <NORD>25064</NORD>
    <SARD>1009</SARD>
    <SICI>2250</SICI>
    <SUD>3731</SUD>
  </marketintervaldetail>
  <marketintervaldetail>
    <Data>20160129</Data>
    <Mercato>MGP</Mercato>
    <Ora>18</Ora>
    <Totale>45075</Totale>
    <CNOR>4905</CNOR>
    <CSUD>6745</CSUD>
    <NORD>25665</NORD>
    <SARD>1065</SARD>
    <SICI>2443</SICI>
    <SUD>4252</SUD>
  </marketintervaldetail>
  <marketintervaldetail>
    <Data>20160129</Data>
    <Mercato>MGP</Mercato>
    <Ora>19</Ora>
    <Totale>46858</Totale>
    <CNOR>4942</CNOR>
    <CSUD>7415</CSUD>
    <NORD>26136</NORD>
    <SARD>1156</SARD>
    <SICI>2729</SICI>
    <SUD>4480</SUD>
  </marketintervaldetail>
  <marketintervaldetail>
    <Data>20160129</Data>
    <Mercato>MGP</Mercato>
    <Ora>20</Ora>
    <Totale>45749</Totale>
    <CNOR>4652</CNOR>
    <CSUD>7589</CSUD>
    <NORD>25057</NORD>
    <SARD>1204</SARD>
    <SICI>2785</SICI>
    <SUD>4462</SUD>
  </marketintervaldetail>
  <marketintervaldetail>
    <Data>20160129</Data>
    <Mercato>MGP</Mercato>
    <Ora>21</Ora>
    <Totale>43011</Totale>
    <CNOR>4262</CNOR>
    <CSUD>7358</CSUD>
    <NORD>23225</NORD>
    <SARD>1188</SARD>
    <SICI>2765</SICI>
    <SUD>4213</SUD>
  </marketintervaldetail>
  <marketintervaldetail>
    <Data>20160129</Data>
    <Mercato>MGP</Mercato>
    <Ora>22</Ora>
    <Totale>39736</Totale>
    <CNOR>3762</CNOR>
    <CSUD>6806</CSUD>
    <NORD>21535</NORD>
    <SARD>1102</SARD>
    <SICI>2608</SICI>
    <SUD>3923</SUD>
  </marketintervaldetail>
  <marketintervaldetail>
    <Data>20160129</Data>
    <Mercato>MGP</Mercato>
    <Ora>23</Ora>
    <Totale>35964</Totale>
    <CNOR>3271</CNOR>
    <CSUD>6398</CSUD>
    <NORD>19283</NORD>
    <SARD>999</SARD>
    <SICI>2349</SICI>
    <SUD>3664</SUD>
  </marketintervaldetail>
  <marketintervaldetail>
    <Data>20160129</Data>
    <Mercato>MGP</Mercato>
    <Ora>24</Ora>
    <Totale>32227</Totale>
    <CNOR>2914</CNOR>
    <CSUD>5712</CSUD>
    <NORD>17378</NORD>
    <SARD>871</SARD>
    <SICI>2051</SICI>
    <SUD>3301</SUD>
  </marketintervaldetail>
</NewDataSet>