<?xml version="1.0" standalone="yes"?>
<NewDataSet>
  <xs:schema id="NewDataSet" xmlns="" xmlns:xs="http://www.w3.org/2001/XMLSchema" xmlns:msdata="urn:schemas-microsoft-com:xml-msdata">
    <xs:element name="NewDataSet" msdata:IsDataSet="true" msdata:MainDataTable="marketintervaldetail" msdata:UseCurrentLocale="true">
      <xs:complexType>
        <xs:choice minOccurs="0" maxOccurs="unbounded">
          <xs:element name="marketintervaldetail">
            <xs:complexType>
              <xs:sequence>
                <xs:element name="Data" type="xs:string" minOccurs="0" />
                <xs:element name="Mercato" type="xs:string" minOccurs="0" />
                <xs:element name="Ora" type="xs:string" minOccurs="0" />
                <xs:element name="Totale" type="xs:string" minOccurs="0" />
                <xs:element name="CNOR" type="xs:string" minOccurs="0" />
                <xs:element name="CSUD" type="xs:string" minOccurs="0" />
                <xs:element name="NORD" type="xs:string" minOccurs="0" />
                <xs:element name="SARD" type="xs:string" minOccurs="0" />
                <xs:element name="SICI" type="xs:string" minOccurs="0" />
                <xs:element name="SUD" type="xs:string" minOccurs="0" />
              </xs:sequence>
            </xs:complexType>
          </xs:element>
        </xs:choice>
      </xs:complexType>
    </xs:element>
  </xs:schema>
  <marketintervaldetail>
    <Data>20160107</Data>
    <Mercato>MGP</Mercato>
    <Ora>01</Ora>
    <Totale>22271</Totale>
    <CNOR>2587</CNOR>
    <CSUD>3916</CSUD>
    <NORD>11164</NORD>
    <SARD>830</SARD>
    <SICI>1624</SICI>
    <SUD>2150</SUD>
  </marketintervaldetail>
  <marketintervaldetail>
    <Data>20160107</Data>
    <Mercato>MGP</Mercato>
    <Ora>02</Ora>
    <Totale>20545</Totale>
    <CNOR>2375</CNOR>
    <CSUD>3488</CSUD>
    <NORD>10461</NORD>
    <SARD>766</SARD>
    <SICI>1485</SICI>
    <SUD>1970</SUD>
  </marketintervaldetail>
  <marketintervaldetail>
    <Data>20160107</Data>
    <Mercato>MGP</Mercato>
    <Ora>03</Ora>
    <Totale>19606</Totale>
    <CNOR>2275</CNOR>
    <CSUD>3211</CSUD>
    <NORD>10042</NORD>
    <SARD>738</SARD>
    <SICI>1391</SICI>
    <SUD>1949</SUD>
  </marketintervaldetail>
  <marketintervaldetail>
    <Data>20160107</Data>
    <Mercato>MGP</Mercato>
    <Ora>04</Ora>
    <Totale>19422</Totale>
    <CNOR>2254</CNOR>
    <CSUD>3088</CSUD>
    <NORD>10030</NORD>
    <SARD>743</SARD>
    <SICI>1346</SICI>
    <SUD>1961</SUD>
  </marketintervaldetail>
  <marketintervaldetail>
    <Data>20160107</Data>
    <Mercato>MGP</Mercato>
    <Ora>05</Ora>
    <Totale>19737</Totale>
    <CNOR>2306</CNOR>
    <CSUD>3135</CSUD>
    <NORD>10272</NORD>
    <SARD>742</SARD>
    <SICI>1340</SICI>
    <SUD>1942</SUD>
  </marketintervaldetail>
  <marketintervaldetail>
    <Data>20160107</Data>
    <Mercato>MGP</Mercato>
    <Ora>06</Ora>
    <Totale>21281</Totale>
    <CNOR>2437</CNOR>
    <CSUD>3450</CSUD>
    <NORD>11222</NORD>
    <SARD>770</SARD>
    <SICI>1419</SICI>
    <SUD>1983</SUD>
  </marketintervaldetail>
  <marketintervaldetail>
    <Data>20160107</Data>
    <Mercato>MGP</Mercato>
    <Ora>07</Ora>
    <Totale>25797</Totale>
    <CNOR>2919</CNOR>
    <CSUD>4159</CSUD>
    <NORD>13954</NORD>
    <SARD>887</SARD>
    <SICI>1641</SICI>
    <SUD>2237</SUD>
  </marketintervaldetail>
  <marketintervaldetail>
    <Data>20160107</Data>
    <Mercato>MGP</Mercato>
    <Ora>08</Ora>
    <Totale>31592</Totale>
    <CNOR>3544</CNOR>
    <CSUD>5144</CSUD>
    <NORD>17226</NORD>
    <SARD>1039</SARD>
    <SICI>1966</SICI>
    <SUD>2673</SUD>
  </marketintervaldetail>
  <marketintervaldetail>
    <Data>20160107</Data>
    <Mercato>MGP</Mercato>
    <Ora>09</Ora>
    <Totale>35935</Totale>
    <CNOR>4133</CNOR>
    <CSUD>5735</CSUD>
    <NORD>19768</NORD>
    <SARD>1108</SARD>
    <SICI>2197</SICI>
    <SUD>2994</SUD>
  </marketintervaldetail>
  <marketintervaldetail>
    <Data>20160107</Data>
    <Mercato>MGP</Mercato>
    <Ora>10</Ora>
    <Totale>38150</Totale>
    <CNOR>4333</CNOR>
    <CSUD>6044</CSUD>
    <NORD>21340</NORD>
    <SARD>1111</SARD>
    <SICI>2283</SICI>
    <SUD>3039</SUD>
  </marketintervaldetail>
  <marketintervaldetail>
    <Data>20160107</Data>
    <Mercato>MGP</Mercato>
    <Ora>11</Ora>
    <Totale>38388</Totale>
    <CNOR>4453</CNOR>
    <CSUD>6043</CSUD>
    <NORD>21508</NORD>
    <SARD>1062</SARD>
    <SICI>2269</SICI>
    <SUD>3053</SUD>
  </marketintervaldetail>
  <marketintervaldetail>
    <Data>20160107</Data>
    <Mercato>MGP</Mercato>
    <Ora>12</Ora>
    <Totale>38211</Totale>
    <CNOR>4484</CNOR>
    <CSUD>6129</CSUD>
    <NORD>21331</NORD>
    <SARD>1047</SARD>
    <SICI>2279</SICI>
    <SUD>2941</SUD>
  </marketintervaldetail>
  <marketintervaldetail>
    <Data>20160107</Data>
    <Mercato>MGP</Mercato>
    <Ora>13</Ora>
    <Totale>37460</Totale>
    <CNOR>4328</CNOR>
    <CSUD>6234</CSUD>
    <NORD>20727</NORD>
    <SARD>1049</SARD>
    <SICI>2253</SICI>
    <SUD>2869</SUD>
  </marketintervaldetail>
  <marketintervaldetail>
    <Data>20160107</Data>
    <Mercato>MGP</Mercato>
    <Ora>14</Ora>
    <Totale>36314</Totale>
    <CNOR>4172</CNOR>
    <CSUD>5789</CSUD>
    <NORD>20283</NORD>
    <SARD>1054</SARD>
    <SICI>2205</SICI>
    <SUD>2811</SUD>
  </marketintervaldetail>
  <marketintervaldetail>
    <Data>20160107</Data>
    <Mercato>MGP</Mercato>
    <Ora>15</Ora>
    <Totale>37360</Totale>
    <CNOR>4291</CNOR>
    <CSUD>5753</CSUD>
    <NORD>21187</NORD>
    <SARD>1014</SARD>
    <SICI>2242</SICI>
    <SUD>2873</SUD>
  </marketintervaldetail>
  <marketintervaldetail>
    <Data>20160107</Data>
    <Mercato>MGP</Mercato>
    <Ora>16</Ora>
    <Totale>38093</Totale>
    <CNOR>4319</CNOR>
    <CSUD>5832</CSUD>
    <NORD>21693</NORD>
    <SARD>1023</SARD>
    <SICI>2305</SICI>
    <SUD>2921</SUD>
  </marketintervaldetail>
  <marketintervaldetail>
    <Data>20160107</Data>
    <Mercato>MGP</Mercato>
    <Ora>17</Ora>
    <Totale>38893</Totale>
    <CNOR>4375</CNOR>
    <CSUD>6023</CSUD>
    <NORD>21948</NORD>
    <SARD>1040</SARD>
    <SICI>2376</SICI>
    <SUD>3131</SUD>
  </marketintervaldetail>
  <marketintervaldetail>
    <Data>20160107</Data>
    <Mercato>MGP</Mercato>
    <Ora>18</Ora>
    <Totale>41816</Totale>
    <CNOR>4726</CNOR>
    <CSUD>6664</CSUD>
    <NORD>22979</NORD>
    <SARD>1135</SARD>
    <SICI>2619</SICI>
    <SUD>3693</SUD>
  </marketintervaldetail>
  <marketintervaldetail>
    <Data>20160107</Data>
    <Mercato>MGP</Mercato>
    <Ora>19</Ora>
    <Totale>41694</Totale>
    <CNOR>4620</CNOR>
    <CSUD>6741</CSUD>
    <NORD>22729</NORD>
    <SARD>1210</SARD>
    <SICI>2708</SICI>
    <SUD>3686</SUD>
  </marketintervaldetail>
  <marketintervaldetail>
    <Data>20160107</Data>
    <Mercato>MGP</Mercato>
    <Ora>20</Ora>
    <Totale>40761</Totale>
    <CNOR>4764</CNOR>
    <CSUD>6647</CSUD>
    <NORD>21689</NORD>
    <SARD>1213</SARD>
    <SICI>2732</SICI>
    <SUD>3716</SUD>
  </marketintervaldetail>
  <marketintervaldetail>
    <Data>20160107</Data>
    <Mercato>MGP</Mercato>
    <Ora>21</Ora>
    <Totale>38369</Totale>
    <CNOR>4460</CNOR>
    <CSUD>6331</CSUD>
    <NORD>20118</NORD>
    <SARD>1190</SARD>
    <SICI>2634</SICI>
    <SUD>3636</SUD>
  </marketintervaldetail>
  <marketintervaldetail>
    <Data>20160107</Data>
    <Mercato>MGP</Mercato>
    <Ora>22</Ora>
    <Totale>35473</Totale>
    <CNOR>4161</CNOR>
    <CSUD>5817</CSUD>
    <NORD>18586</NORD>
    <SARD>1108</SARD>
    <SICI>2460</SICI>
    <SUD>3341</SUD>
  </marketintervaldetail>
  <marketintervaldetail>
    <Data>20160107</Data>
    <Mercato>MGP</Mercato>
    <Ora>23</Ora>
    <Totale>31486</Totale>
    <CNOR>3827</CNOR>
    <CSUD>5175</CSUD>
    <NORD>16144</NORD>
    <SARD>1022</SARD>
    <SICI>2215</SICI>
    <SUD>3103</SUD>
  </marketintervaldetail>
  <marketintervaldetail>
    <Data>20160107</Data>
    <Mercato>MGP</Mercato>
    <Ora>24</Ora>
    <Totale>27741</Totale>
    <CNOR>3328</CNOR>
    <CSUD>4532</CSUD>
    <NORD>14303</NORD>
    <SARD>938</SARD>
    <SICI>1912</SICI>
    <SUD>2728</SUD>
  </marketintervaldetail>
</NewDataSet>