<?xml version="1.0" standalone="yes"?>
<NewDataSet>
  <xs:schema id="NewDataSet" xmlns="" xmlns:xs="http://www.w3.org/2001/XMLSchema" xmlns:msdata="urn:schemas-microsoft-com:xml-msdata">
    <xs:element name="NewDataSet" msdata:IsDataSet="true" msdata:MainDataTable="marketintervaldetail" msdata:UseCurrentLocale="true">
      <xs:complexType>
        <xs:choice minOccurs="0" maxOccurs="unbounded">
          <xs:element name="marketintervaldetail">
            <xs:complexType>
              <xs:sequence>
                <xs:element name="Data" type="xs:string" minOccurs="0" />
                <xs:element name="Mercato" type="xs:string" minOccurs="0" />
                <xs:element name="Ora" type="xs:string" minOccurs="0" />
                <xs:element name="Totale" type="xs:string" minOccurs="0" />
                <xs:element name="CNOR" type="xs:string" minOccurs="0" />
                <xs:element name="CSUD" type="xs:string" minOccurs="0" />
                <xs:element name="NORD" type="xs:string" minOccurs="0" />
                <xs:element name="SARD" type="xs:string" minOccurs="0" />
                <xs:element name="SICI" type="xs:string" minOccurs="0" />
                <xs:element name="SUD" type="xs:string" minOccurs="0" />
              </xs:sequence>
            </xs:complexType>
          </xs:element>
        </xs:choice>
      </xs:complexType>
    </xs:element>
  </xs:schema>
  <marketintervaldetail>
    <Data>20160130</Data>
    <Mercato>MGP</Mercato>
    <Ora>01</Ora>
    <Totale>28611</Totale>
    <CNOR>2590</CNOR>
    <CSUD>4909</CSUD>
    <NORD>16131</NORD>
    <SARD>821</SARD>
    <SICI>1797</SICI>
    <SUD>2363</SUD>
  </marketintervaldetail>
  <marketintervaldetail>
    <Data>20160130</Data>
    <Mercato>MGP</Mercato>
    <Ora>02</Ora>
    <Totale>26692</Totale>
    <CNOR>2322</CNOR>
    <CSUD>4709</CSUD>
    <NORD>15128</NORD>
    <SARD>764</SARD>
    <SICI>1594</SICI>
    <SUD>2175</SUD>
  </marketintervaldetail>
  <marketintervaldetail>
    <Data>20160130</Data>
    <Mercato>MGP</Mercato>
    <Ora>03</Ora>
    <Totale>25355</Totale>
    <CNOR>2150</CNOR>
    <CSUD>4523</CSUD>
    <NORD>14401</NORD>
    <SARD>732</SARD>
    <SICI>1490</SICI>
    <SUD>2059</SUD>
  </marketintervaldetail>
  <marketintervaldetail>
    <Data>20160130</Data>
    <Mercato>MGP</Mercato>
    <Ora>04</Ora>
    <Totale>24880</Totale>
    <CNOR>2125</CNOR>
    <CSUD>4334</CSUD>
    <NORD>14242</NORD>
    <SARD>714</SARD>
    <SICI>1472</SICI>
    <SUD>1993</SUD>
  </marketintervaldetail>
  <marketintervaldetail>
    <Data>20160130</Data>
    <Mercato>MGP</Mercato>
    <Ora>05</Ora>
    <Totale>24789</Totale>
    <CNOR>2111</CNOR>
    <CSUD>4344</CSUD>
    <NORD>14166</NORD>
    <SARD>720</SARD>
    <SICI>1442</SICI>
    <SUD>2006</SUD>
  </marketintervaldetail>
  <marketintervaldetail>
    <Data>20160130</Data>
    <Mercato>MGP</Mercato>
    <Ora>06</Ora>
    <Totale>25495</Totale>
    <CNOR>2146</CNOR>
    <CSUD>4459</CSUD>
    <NORD>14569</NORD>
    <SARD>746</SARD>
    <SICI>1495</SICI>
    <SUD>2080</SUD>
  </marketintervaldetail>
  <marketintervaldetail>
    <Data>20160130</Data>
    <Mercato>MGP</Mercato>
    <Ora>07</Ora>
    <Totale>27784</Totale>
    <CNOR>2452</CNOR>
    <CSUD>4776</CSUD>
    <NORD>15784</NORD>
    <SARD>815</SARD>
    <SICI>1660</SICI>
    <SUD>2297</SUD>
  </marketintervaldetail>
  <marketintervaldetail>
    <Data>20160130</Data>
    <Mercato>MGP</Mercato>
    <Ora>08</Ora>
    <Totale>31329</Totale>
    <CNOR>3006</CNOR>
    <CSUD>5008</CSUD>
    <NORD>18026</NORD>
    <SARD>943</SARD>
    <SICI>1834</SICI>
    <SUD>2512</SUD>
  </marketintervaldetail>
  <marketintervaldetail>
    <Data>20160130</Data>
    <Mercato>MGP</Mercato>
    <Ora>09</Ora>
    <Totale>34140</Totale>
    <CNOR>3266</CNOR>
    <CSUD>5489</CSUD>
    <NORD>19474</NORD>
    <SARD>1009</SARD>
    <SICI>2110</SICI>
    <SUD>2792</SUD>
  </marketintervaldetail>
  <marketintervaldetail>
    <Data>20160130</Data>
    <Mercato>MGP</Mercato>
    <Ora>10</Ora>
    <Totale>36476</Totale>
    <CNOR>3509</CNOR>
    <CSUD>6140</CSUD>
    <NORD>20640</NORD>
    <SARD>1047</SARD>
    <SICI>2221</SICI>
    <SUD>2919</SUD>
  </marketintervaldetail>
  <marketintervaldetail>
    <Data>20160130</Data>
    <Mercato>MGP</Mercato>
    <Ora>11</Ora>
    <Totale>36436</Totale>
    <CNOR>3596</CNOR>
    <CSUD>6248</CSUD>
    <NORD>20476</NORD>
    <SARD>1037</SARD>
    <SICI>2178</SICI>
    <SUD>2901</SUD>
  </marketintervaldetail>
  <marketintervaldetail>
    <Data>20160130</Data>
    <Mercato>MGP</Mercato>
    <Ora>12</Ora>
    <Totale>35122</Totale>
    <CNOR>3514</CNOR>
    <CSUD>6120</CSUD>
    <NORD>19550</NORD>
    <SARD>1023</SARD>
    <SICI>2087</SICI>
    <SUD>2828</SUD>
  </marketintervaldetail>
  <marketintervaldetail>
    <Data>20160130</Data>
    <Mercato>MGP</Mercato>
    <Ora>13</Ora>
    <Totale>33273</Totale>
    <CNOR>3346</CNOR>
    <CSUD>5851</CSUD>
    <NORD>18273</NORD>
    <SARD>1066</SARD>
    <SICI>2030</SICI>
    <SUD>2707</SUD>
  </marketintervaldetail>
  <marketintervaldetail>
    <Data>20160130</Data>
    <Mercato>MGP</Mercato>
    <Ora>14</Ora>
    <Totale>31422</Totale>
    <CNOR>2955</CNOR>
    <CSUD>5559</CSUD>
    <NORD>17218</NORD>
    <SARD>1041</SARD>
    <SICI>2004</SICI>
    <SUD>2645</SUD>
  </marketintervaldetail>
  <marketintervaldetail>
    <Data>20160130</Data>
    <Mercato>MGP</Mercato>
    <Ora>15</Ora>
    <Totale>31544</Totale>
    <CNOR>2982</CNOR>
    <CSUD>5589</CSUD>
    <NORD>17133</NORD>
    <SARD>989</SARD>
    <SICI>2096</SICI>
    <SUD>2755</SUD>
  </marketintervaldetail>
  <marketintervaldetail>
    <Data>20160130</Data>
    <Mercato>MGP</Mercato>
    <Ora>16</Ora>
    <Totale>31625</Totale>
    <CNOR>3134</CNOR>
    <CSUD>5607</CSUD>
    <NORD>16930</NORD>
    <SARD>1002</SARD>
    <SICI>2077</SICI>
    <SUD>2875</SUD>
  </marketintervaldetail>
  <marketintervaldetail>
    <Data>20160130</Data>
    <Mercato>MGP</Mercato>
    <Ora>17</Ora>
    <Totale>32525</Totale>
    <CNOR>3229</CNOR>
    <CSUD>5731</CSUD>
    <NORD>17344</NORD>
    <SARD>1024</SARD>
    <SICI>2170</SICI>
    <SUD>3027</SUD>
  </marketintervaldetail>
  <marketintervaldetail>
    <Data>20160130</Data>
    <Mercato>MGP</Mercato>
    <Ora>18</Ora>
    <Totale>35117</Totale>
    <CNOR>3624</CNOR>
    <CSUD>6264</CSUD>
    <NORD>18382</NORD>
    <SARD>1079</SARD>
    <SICI>2417</SICI>
    <SUD>3351</SUD>
  </marketintervaldetail>
  <marketintervaldetail>
    <Data>20160130</Data>
    <Mercato>MGP</Mercato>
    <Ora>19</Ora>
    <Totale>37772</Totale>
    <CNOR>3816</CNOR>
    <CSUD>6700</CSUD>
    <NORD>19858</NORD>
    <SARD>1155</SARD>
    <SICI>2620</SICI>
    <SUD>3623</SUD>
  </marketintervaldetail>
  <marketintervaldetail>
    <Data>20160130</Data>
    <Mercato>MGP</Mercato>
    <Ora>20</Ora>
    <Totale>37950</Totale>
    <CNOR>3845</CNOR>
    <CSUD>6778</CSUD>
    <NORD>19836</NORD>
    <SARD>1179</SARD>
    <SICI>2677</SICI>
    <SUD>3635</SUD>
  </marketintervaldetail>
  <marketintervaldetail>
    <Data>20160130</Data>
    <Mercato>MGP</Mercato>
    <Ora>21</Ora>
    <Totale>35884</Totale>
    <CNOR>3573</CNOR>
    <CSUD>6466</CSUD>
    <NORD>18489</NORD>
    <SARD>1145</SARD>
    <SICI>2639</SICI>
    <SUD>3572</SUD>
  </marketintervaldetail>
  <marketintervaldetail>
    <Data>20160130</Data>
    <Mercato>MGP</Mercato>
    <Ora>22</Ora>
    <Totale>33053</Totale>
    <CNOR>3104</CNOR>
    <CSUD>6114</CSUD>
    <NORD>17050</NORD>
    <SARD>1057</SARD>
    <SICI>2453</SICI>
    <SUD>3275</SUD>
  </marketintervaldetail>
  <marketintervaldetail>
    <Data>20160130</Data>
    <Mercato>MGP</Mercato>
    <Ora>23</Ora>
    <Totale>30466</Totale>
    <CNOR>2815</CNOR>
    <CSUD>5726</CSUD>
    <NORD>15776</NORD>
    <SARD>969</SARD>
    <SICI>2269</SICI>
    <SUD>2911</SUD>
  </marketintervaldetail>
  <marketintervaldetail>
    <Data>20160130</Data>
    <Mercato>MGP</Mercato>
    <Ora>24</Ora>
    <Totale>27727</Totale>
    <CNOR>2469</CNOR>
    <CSUD>5334</CSUD>
    <NORD>14430</NORD>
    <SARD>890</SARD>
    <SICI>2048</SICI>
    <SUD>2556</SUD>
  </marketintervaldetail>
</NewDataSet>