<?xml version="1.0" standalone="yes"?>
<NewDataSet>
  <xs:schema id="NewDataSet" xmlns="" xmlns:xs="http://www.w3.org/2001/XMLSchema" xmlns:msdata="urn:schemas-microsoft-com:xml-msdata">
    <xs:element name="NewDataSet" msdata:IsDataSet="true" msdata:UseCurrentLocale="true">
      <xs:complexType>
        <xs:choice minOccurs="0" maxOccurs="unbounded">
          <xs:element name="Prezzi">
            <xs:complexType>
              <xs:sequence>
                <xs:element name="Data" type="xs:string" minOccurs="0" />
                <xs:element name="Mercato" type="xs:string" minOccurs="0" />
                <xs:element name="Ora" type="xs:string" minOccurs="0" />
                <xs:element name="PUN" type="xs:string" minOccurs="0" />
                <xs:element name="NAT" type="xs:string" minOccurs="0" />
                <xs:element name="CNOR" type="xs:string" minOccurs="0" />
                <xs:element name="CSUD" type="xs:string" minOccurs="0" />
                <xs:element name="NORD" type="xs:string" minOccurs="0" />
                <xs:element name="SARD" type="xs:string" minOccurs="0" />
                <xs:element name="SICI" type="xs:string" minOccurs="0" />
                <xs:element name="SUD" type="xs:string" minOccurs="0" />
                <xs:element name="AUST" type="xs:string" minOccurs="0" />
                <xs:element name="BRNN" type="xs:string" minOccurs="0" />
                <xs:element name="COAC" type="xs:string" minOccurs="0" />
                <xs:element name="CORS" type="xs:string" minOccurs="0" />
                <xs:element name="FOGN" type="xs:string" minOccurs="0" />
                <xs:element name="FRAN" type="xs:string" minOccurs="0" />
                <xs:element name="GREC" type="xs:string" minOccurs="0" />
                <xs:element name="MFTV" type="xs:string" minOccurs="0" />
                <xs:element name="PRGP" type="xs:string" minOccurs="0" />
                <xs:element name="ROSN" type="xs:string" minOccurs="0" />
                <xs:element name="SLOV" type="xs:string" minOccurs="0" />
                <xs:element name="SVIZ" type="xs:string" minOccurs="0" />
                <xs:element name="BSP" type="xs:string" minOccurs="0" />
                <xs:element name="MALT" type="xs:string" minOccurs="0" />
                <xs:element name="XAUS" type="xs:string" minOccurs="0" />
                <xs:element name="XFRA" type="xs:string" minOccurs="0" />
              </xs:sequence>
            </xs:complexType>
          </xs:element>
        </xs:choice>
      </xs:complexType>
    </xs:element>
  </xs:schema>
  <Prezzi>
    <Data>20170627</Data>
    <Mercato>MGP</Mercato>
    <Ora>1</Ora>
    <PUN>49,627280</PUN>
    <NAT>48,270000</NAT>
    <CNOR>48,270000</CNOR>
    <CSUD>48,270000</CSUD>
    <NORD>48,270000</NORD>
    <SARD>48,270000</SARD>
    <SICI>71,050000</SICI>
    <SUD>48,270000</SUD>
    <AUST>48,270000</AUST>
    <BRNN>48,270000</BRNN>
    <COAC>48,270000</COAC>
    <CORS>48,270000</CORS>
    <FOGN>48,270000</FOGN>
    <FRAN>48,270000</FRAN>
    <GREC>48,270000</GREC>
    <MFTV>48,270000</MFTV>
    <PRGP>71,050000</PRGP>
    <ROSN>43,670000</ROSN>
    <SLOV>48,270000</SLOV>
    <SVIZ>48,270000</SVIZ>
    <BSP>48,270000</BSP>
    <MALT>71,050000</MALT>
    <XAUS>48,270000</XAUS>
    <XFRA>48,270000</XFRA>
  </Prezzi>
  <Prezzi>
    <Data>20170627</Data>
    <Mercato>MGP</Mercato>
    <Ora>2</Ora>
    <PUN>48,240610</PUN>
    <NAT>46,900000</NAT>
    <CNOR>46,900000</CNOR>
    <CSUD>46,900000</CSUD>
    <NORD>46,900000</NORD>
    <SARD>46,900000</SARD>
    <SICI>70,490000</SICI>
    <SUD>46,900000</SUD>
    <AUST>46,900000</AUST>
    <BRNN>46,900000</BRNN>
    <COAC>46,900000</COAC>
    <CORS>46,900000</CORS>
    <FOGN>46,900000</FOGN>
    <FRAN>46,900000</FRAN>
    <GREC>46,900000</GREC>
    <MFTV>46,900000</MFTV>
    <PRGP>70,490000</PRGP>
    <ROSN>43,660000</ROSN>
    <SLOV>46,900000</SLOV>
    <SVIZ>46,900000</SVIZ>
    <BSP>46,900000</BSP>
    <MALT>70,490000</MALT>
    <XAUS>46,900000</XAUS>
    <XFRA>46,900000</XFRA>
  </Prezzi>
  <Prezzi>
    <Data>20170627</Data>
    <Mercato>MGP</Mercato>
    <Ora>3</Ora>
    <PUN>46,774330</PUN>
    <NAT>44,160000</NAT>
    <CNOR>46,880000</CNOR>
    <CSUD>46,880000</CSUD>
    <NORD>46,880000</NORD>
    <SARD>46,880000</SARD>
    <SICI>45,010000</SICI>
    <SUD>46,880000</SUD>
    <AUST>46,880000</AUST>
    <BRNN>46,880000</BRNN>
    <COAC>46,880000</COAC>
    <CORS>46,880000</CORS>
    <FOGN>46,880000</FOGN>
    <FRAN>46,880000</FRAN>
    <GREC>46,880000</GREC>
    <MFTV>46,880000</MFTV>
    <PRGP>45,010000</PRGP>
    <ROSN>43,660000</ROSN>
    <SLOV>46,880000</SLOV>
    <SVIZ>46,880000</SVIZ>
    <BSP>46,880000</BSP>
    <MALT>45,010000</MALT>
    <XAUS>46,880000</XAUS>
    <XFRA>46,880000</XFRA>
  </Prezzi>
  <Prezzi>
    <Data>20170627</Data>
    <Mercato>MGP</Mercato>
    <Ora>4</Ora>
    <PUN>43,980740</PUN>
    <NAT>43,670000</NAT>
    <CNOR>44,000000</CNOR>
    <CSUD>44,000000</CSUD>
    <NORD>44,000000</NORD>
    <SARD>44,000000</SARD>
    <SICI>43,660000</SICI>
    <SUD>44,000000</SUD>
    <AUST>44,000000</AUST>
    <BRNN>44,000000</BRNN>
    <COAC>44,000000</COAC>
    <CORS>44,000000</CORS>
    <FOGN>44,000000</FOGN>
    <FRAN>44,000000</FRAN>
    <GREC>44,000000</GREC>
    <MFTV>44,000000</MFTV>
    <PRGP>43,660000</PRGP>
    <ROSN>43,660000</ROSN>
    <SLOV>44,000000</SLOV>
    <SVIZ>44,000000</SVIZ>
    <BSP>44,000000</BSP>
    <MALT>43,660000</MALT>
    <XAUS>44,000000</XAUS>
    <XFRA>44,000000</XFRA>
  </Prezzi>
  <Prezzi>
    <Data>20170627</Data>
    <Mercato>MGP</Mercato>
    <Ora>5</Ora>
    <PUN>43,980850</PUN>
    <NAT>43,660000</NAT>
    <CNOR>44,000000</CNOR>
    <CSUD>44,000000</CSUD>
    <NORD>44,000000</NORD>
    <SARD>44,000000</SARD>
    <SICI>43,660000</SICI>
    <SUD>44,000000</SUD>
    <AUST>44,000000</AUST>
    <BRNN>44,000000</BRNN>
    <COAC>44,000000</COAC>
    <CORS>44,000000</CORS>
    <FOGN>44,000000</FOGN>
    <FRAN>44,000000</FRAN>
    <GREC>44,000000</GREC>
    <MFTV>44,000000</MFTV>
    <PRGP>43,660000</PRGP>
    <ROSN>43,660000</ROSN>
    <SLOV>44,000000</SLOV>
    <SVIZ>44,000000</SVIZ>
    <BSP>44,000000</BSP>
    <MALT>43,660000</MALT>
    <XAUS>44,000000</XAUS>
    <XFRA>44,000000</XFRA>
  </Prezzi>
  <Prezzi>
    <Data>20170627</Data>
    <Mercato>MGP</Mercato>
    <Ora>6</Ora>
    <PUN>42,924110</PUN>
    <NAT>42,830000</NAT>
    <CNOR>43,480000</CNOR>
    <CSUD>43,480000</CSUD>
    <NORD>42,490000</NORD>
    <SARD>43,480000</SARD>
    <SICI>43,480000</SICI>
    <SUD>43,480000</SUD>
    <AUST>42,490000</AUST>
    <BRNN>43,480000</BRNN>
    <COAC>43,480000</COAC>
    <CORS>43,480000</CORS>
    <FOGN>43,480000</FOGN>
    <FRAN>42,490000</FRAN>
    <GREC>43,480000</GREC>
    <MFTV>42,490000</MFTV>
    <PRGP>43,480000</PRGP>
    <ROSN>43,480000</ROSN>
    <SLOV>42,490000</SLOV>
    <SVIZ>42,490000</SVIZ>
    <BSP>42,490000</BSP>
    <MALT>43,480000</MALT>
    <XAUS>42,490000</XAUS>
    <XFRA>42,490000</XFRA>
  </Prezzi>
  <Prezzi>
    <Data>20170627</Data>
    <Mercato>MGP</Mercato>
    <Ora>7</Ora>
    <PUN>46,780090</PUN>
    <NAT>46,880000</NAT>
    <CNOR>46,880000</CNOR>
    <CSUD>46,880000</CSUD>
    <NORD>46,880000</NORD>
    <SARD>46,880000</SARD>
    <SICI>45,010000</SICI>
    <SUD>46,880000</SUD>
    <AUST>46,880000</AUST>
    <BRNN>46,880000</BRNN>
    <COAC>46,880000</COAC>
    <CORS>46,880000</CORS>
    <FOGN>46,880000</FOGN>
    <FRAN>46,880000</FRAN>
    <GREC>46,880000</GREC>
    <MFTV>46,880000</MFTV>
    <PRGP>45,010000</PRGP>
    <ROSN>43,660000</ROSN>
    <SLOV>46,880000</SLOV>
    <SVIZ>46,880000</SVIZ>
    <BSP>46,880000</BSP>
    <MALT>45,010000</MALT>
    <XAUS>46,880000</XAUS>
    <XFRA>46,880000</XFRA>
  </Prezzi>
  <Prezzi>
    <Data>20170627</Data>
    <Mercato>MGP</Mercato>
    <Ora>8</Ora>
    <PUN>49,400240</PUN>
    <NAT>47,530000</NAT>
    <CNOR>47,530000</CNOR>
    <CSUD>47,530000</CSUD>
    <NORD>47,530000</NORD>
    <SARD>47,530000</SARD>
    <SICI>83,010000</SICI>
    <SUD>47,530000</SUD>
    <AUST>47,530000</AUST>
    <BRNN>47,530000</BRNN>
    <COAC>47,530000</COAC>
    <CORS>47,530000</CORS>
    <FOGN>47,530000</FOGN>
    <FRAN>47,530000</FRAN>
    <GREC>47,530000</GREC>
    <MFTV>47,530000</MFTV>
    <PRGP>83,010000</PRGP>
    <ROSN>43,670000</ROSN>
    <SLOV>47,530000</SLOV>
    <SVIZ>47,530000</SVIZ>
    <BSP>47,530000</BSP>
    <MALT>83,010000</MALT>
    <XAUS>47,530000</XAUS>
    <XFRA>47,530000</XFRA>
  </Prezzi>
  <Prezzi>
    <Data>20170627</Data>
    <Mercato>MGP</Mercato>
    <Ora>9</Ora>
    <PUN>55,391200</PUN>
    <NAT>54,000000</NAT>
    <CNOR>54,000000</CNOR>
    <CSUD>54,000000</CSUD>
    <NORD>54,000000</NORD>
    <SARD>54,000000</SARD>
    <SICI>81,010000</SICI>
    <SUD>54,000000</SUD>
    <AUST>54,000000</AUST>
    <BRNN>54,000000</BRNN>
    <COAC>54,000000</COAC>
    <CORS>54,000000</CORS>
    <FOGN>54,000000</FOGN>
    <FRAN>54,000000</FRAN>
    <GREC>54,000000</GREC>
    <MFTV>54,000000</MFTV>
    <PRGP>81,010000</PRGP>
    <ROSN>43,670000</ROSN>
    <SLOV>54,000000</SLOV>
    <SVIZ>54,000000</SVIZ>
    <BSP>54,000000</BSP>
    <MALT>81,010000</MALT>
    <XAUS>54,000000</XAUS>
    <XFRA>54,000000</XFRA>
  </Prezzi>
  <Prezzi>
    <Data>20170627</Data>
    <Mercato>MGP</Mercato>
    <Ora>10</Ora>
    <PUN>51,058580</PUN>
    <NAT>50,000000</NAT>
    <CNOR>50,000000</CNOR>
    <CSUD>50,000000</CSUD>
    <NORD>50,000000</NORD>
    <SARD>50,000000</SARD>
    <SICI>70,490000</SICI>
    <SUD>50,000000</SUD>
    <AUST>50,000000</AUST>
    <BRNN>50,000000</BRNN>
    <COAC>50,000000</COAC>
    <CORS>50,000000</CORS>
    <FOGN>50,000000</FOGN>
    <FRAN>50,000000</FRAN>
    <GREC>50,000000</GREC>
    <MFTV>50,000000</MFTV>
    <PRGP>70,490000</PRGP>
    <ROSN>43,670000</ROSN>
    <SLOV>50,000000</SLOV>
    <SVIZ>50,000000</SVIZ>
    <BSP>50,000000</BSP>
    <MALT>70,490000</MALT>
    <XAUS>50,000000</XAUS>
    <XFRA>50,000000</XFRA>
  </Prezzi>
  <Prezzi>
    <Data>20170627</Data>
    <Mercato>MGP</Mercato>
    <Ora>11</Ora>
    <PUN>53,194440</PUN>
    <NAT>53,490000</NAT>
    <CNOR>53,490000</CNOR>
    <CSUD>53,490000</CSUD>
    <NORD>53,490000</NORD>
    <SARD>53,490000</SARD>
    <SICI>48,010000</SICI>
    <SUD>53,270000</SUD>
    <AUST>53,490000</AUST>
    <BRNN>53,270000</BRNN>
    <COAC>53,490000</COAC>
    <CORS>53,490000</CORS>
    <FOGN>53,270000</FOGN>
    <FRAN>53,490000</FRAN>
    <GREC>53,270000</GREC>
    <MFTV>53,490000</MFTV>
    <PRGP>48,010000</PRGP>
    <ROSN>43,670000</ROSN>
    <SLOV>53,490000</SLOV>
    <SVIZ>53,490000</SVIZ>
    <BSP>53,490000</BSP>
    <MALT>48,010000</MALT>
    <XAUS>53,490000</XAUS>
    <XFRA>53,490000</XFRA>
  </Prezzi>
  <Prezzi>
    <Data>20170627</Data>
    <Mercato>MGP</Mercato>
    <Ora>12</Ora>
    <PUN>49,578440</PUN>
    <NAT>48,270000</NAT>
    <CNOR>50,031050</CNOR>
    <CSUD>50,031050</CSUD>
    <NORD>50,031050</NORD>
    <SARD>50,031050</SARD>
    <SICI>43,660000</SICI>
    <SUD>48,270000</SUD>
    <AUST>50,031050</AUST>
    <BRNN>48,270000</BRNN>
    <COAC>50,031050</COAC>
    <CORS>50,031050</CORS>
    <FOGN>48,270000</FOGN>
    <FRAN>50,031050</FRAN>
    <GREC>48,270000</GREC>
    <MFTV>50,031050</MFTV>
    <PRGP>43,660000</PRGP>
    <ROSN>43,660000</ROSN>
    <SLOV>50,031050</SLOV>
    <SVIZ>50,031050</SVIZ>
    <BSP>50,031050</BSP>
    <MALT>43,660000</MALT>
    <XAUS>50,031050</XAUS>
    <XFRA>50,031050</XFRA>
  </Prezzi>
  <Prezzi>
    <Data>20170627</Data>
    <Mercato>MGP</Mercato>
    <Ora>13</Ora>
    <PUN>47,431410</PUN>
    <NAT>47,630000</NAT>
    <CNOR>48,000000</CNOR>
    <CSUD>48,000000</CSUD>
    <NORD>48,000000</NORD>
    <SARD>38,090000</SARD>
    <SICI>42,370000</SICI>
    <SUD>48,000000</SUD>
    <AUST>48,000000</AUST>
    <BRNN>48,000000</BRNN>
    <COAC>38,090000</COAC>
    <CORS>48,000000</CORS>
    <FOGN>48,000000</FOGN>
    <FRAN>48,000000</FRAN>
    <GREC>48,000000</GREC>
    <MFTV>48,000000</MFTV>
    <PRGP>42,370000</PRGP>
    <ROSN>42,370000</ROSN>
    <SLOV>48,000000</SLOV>
    <SVIZ>48,000000</SVIZ>
    <BSP>48,000000</BSP>
    <MALT>42,370000</MALT>
    <XAUS>48,000000</XAUS>
    <XFRA>48,000000</XFRA>
  </Prezzi>
  <Prezzi>
    <Data>20170627</Data>
    <Mercato>MGP</Mercato>
    <Ora>14</Ora>
    <PUN>47,020610</PUN>
    <NAT>47,530000</NAT>
    <CNOR>47,630000</CNOR>
    <CSUD>47,630000</CSUD>
    <NORD>47,630000</NORD>
    <SARD>35,000000</SARD>
    <SICI>42,360000</SICI>
    <SUD>47,530000</SUD>
    <AUST>47,630000</AUST>
    <BRNN>47,530000</BRNN>
    <COAC>35,000000</COAC>
    <CORS>47,630000</CORS>
    <FOGN>47,530000</FOGN>
    <FRAN>47,630000</FRAN>
    <GREC>47,530000</GREC>
    <MFTV>47,630000</MFTV>
    <PRGP>42,360000</PRGP>
    <ROSN>42,360000</ROSN>
    <SLOV>47,630000</SLOV>
    <SVIZ>47,630000</SVIZ>
    <BSP>47,630000</BSP>
    <MALT>42,360000</MALT>
    <XAUS>47,630000</XAUS>
    <XFRA>47,630000</XFRA>
  </Prezzi>
  <Prezzi>
    <Data>20170627</Data>
    <Mercato>MGP</Mercato>
    <Ora>15</Ora>
    <PUN>49,725090</PUN>
    <NAT>47,530000</NAT>
    <CNOR>47,630000</CNOR>
    <CSUD>47,530000</CSUD>
    <NORD>52,780000</NORD>
    <SARD>20,000000</SARD>
    <SICI>42,360000</SICI>
    <SUD>47,530000</SUD>
    <AUST>52,780000</AUST>
    <BRNN>47,530000</BRNN>
    <COAC>20,000000</COAC>
    <CORS>47,630000</CORS>
    <FOGN>47,530000</FOGN>
    <FRAN>52,780000</FRAN>
    <GREC>47,530000</GREC>
    <MFTV>52,780000</MFTV>
    <PRGP>42,360000</PRGP>
    <ROSN>42,360000</ROSN>
    <SLOV>52,780000</SLOV>
    <SVIZ>52,780000</SVIZ>
    <BSP>52,780000</BSP>
    <MALT>42,360000</MALT>
    <XAUS>52,780000</XAUS>
    <XFRA>52,780000</XFRA>
  </Prezzi>
  <Prezzi>
    <Data>20170627</Data>
    <Mercato>MGP</Mercato>
    <Ora>16</Ora>
    <PUN>47,673280</PUN>
    <NAT>47,530000</NAT>
    <CNOR>48,500000</CNOR>
    <CSUD>46,900000</CSUD>
    <NORD>48,500000</NORD>
    <SARD>37,680000</SARD>
    <SICI>44,540000</SICI>
    <SUD>46,900000</SUD>
    <AUST>48,500000</AUST>
    <BRNN>46,900000</BRNN>
    <COAC>37,680000</COAC>
    <CORS>48,500000</CORS>
    <FOGN>46,900000</FOGN>
    <FRAN>48,500000</FRAN>
    <GREC>46,900000</GREC>
    <MFTV>48,500000</MFTV>
    <PRGP>44,540000</PRGP>
    <ROSN>44,540000</ROSN>
    <SLOV>48,500000</SLOV>
    <SVIZ>48,500000</SVIZ>
    <BSP>48,500000</BSP>
    <MALT>44,540000</MALT>
    <XAUS>48,500000</XAUS>
    <XFRA>48,500000</XFRA>
  </Prezzi>
  <Prezzi>
    <Data>20170627</Data>
    <Mercato>MGP</Mercato>
    <Ora>17</Ora>
    <PUN>50,243080</PUN>
    <NAT>47,630000</NAT>
    <CNOR>51,390000</CNOR>
    <CSUD>48,630000</CSUD>
    <NORD>51,390000</NORD>
    <SARD>48,630000</SARD>
    <SICI>45,140000</SICI>
    <SUD>46,900000</SUD>
    <AUST>51,390000</AUST>
    <BRNN>46,900000</BRNN>
    <COAC>48,630000</COAC>
    <CORS>51,390000</CORS>
    <FOGN>46,900000</FOGN>
    <FRAN>51,390000</FRAN>
    <GREC>46,900000</GREC>
    <MFTV>51,390000</MFTV>
    <PRGP>45,140000</PRGP>
    <ROSN>45,140000</ROSN>
    <SLOV>51,390000</SLOV>
    <SVIZ>51,390000</SVIZ>
    <BSP>51,390000</BSP>
    <MALT>45,140000</MALT>
    <XAUS>51,390000</XAUS>
    <XFRA>51,390000</XFRA>
  </Prezzi>
  <Prezzi>
    <Data>20170627</Data>
    <Mercato>MGP</Mercato>
    <Ora>18</Ora>
    <PUN>55,037930</PUN>
    <NAT>52,090000</NAT>
    <CNOR>55,270000</CNOR>
    <CSUD>55,270000</CSUD>
    <NORD>55,270000</NORD>
    <SARD>55,270000</SARD>
    <SICI>61,130000</SICI>
    <SUD>48,270000</SUD>
    <AUST>55,270000</AUST>
    <BRNN>48,270000</BRNN>
    <COAC>55,270000</COAC>
    <CORS>55,270000</CORS>
    <FOGN>48,270000</FOGN>
    <FRAN>55,270000</FRAN>
    <GREC>48,270000</GREC>
    <MFTV>55,270000</MFTV>
    <PRGP>61,130000</PRGP>
    <ROSN>48,270000</ROSN>
    <SLOV>55,270000</SLOV>
    <SVIZ>55,270000</SVIZ>
    <BSP>55,270000</BSP>
    <MALT>61,130000</MALT>
    <XAUS>55,270000</XAUS>
    <XFRA>55,270000</XFRA>
  </Prezzi>
  <Prezzi>
    <Data>20170627</Data>
    <Mercato>MGP</Mercato>
    <Ora>19</Ora>
    <PUN>50,488730</PUN>
    <NAT>50,000000</NAT>
    <CNOR>50,000000</CNOR>
    <CSUD>50,000000</CSUD>
    <NORD>50,000000</NORD>
    <SARD>50,000000</SARD>
    <SICI>61,380000</SICI>
    <SUD>48,480000</SUD>
    <AUST>50,000000</AUST>
    <BRNN>48,480000</BRNN>
    <COAC>50,000000</COAC>
    <CORS>50,000000</CORS>
    <FOGN>48,480000</FOGN>
    <FRAN>50,000000</FRAN>
    <GREC>48,480000</GREC>
    <MFTV>50,000000</MFTV>
    <PRGP>61,380000</PRGP>
    <ROSN>48,480000</ROSN>
    <SLOV>50,000000</SLOV>
    <SVIZ>50,000000</SVIZ>
    <BSP>50,000000</BSP>
    <MALT>61,380000</MALT>
    <XAUS>50,000000</XAUS>
    <XFRA>50,000000</XFRA>
  </Prezzi>
  <Prezzi>
    <Data>20170627</Data>
    <Mercato>MGP</Mercato>
    <Ora>20</Ora>
    <PUN>53,273890</PUN>
    <NAT>54,080000</NAT>
    <CNOR>51,280000</CNOR>
    <CSUD>51,280000</CSUD>
    <NORD>51,280000</NORD>
    <SARD>51,280000</SARD>
    <SICI>90,010000</SICI>
    <SUD>49,410000</SUD>
    <AUST>51,280000</AUST>
    <BRNN>49,410000</BRNN>
    <COAC>51,280000</COAC>
    <CORS>51,280000</CORS>
    <FOGN>49,410000</FOGN>
    <FRAN>51,280000</FRAN>
    <GREC>49,410000</GREC>
    <MFTV>51,280000</MFTV>
    <PRGP>90,010000</PRGP>
    <ROSN>49,120000</ROSN>
    <SLOV>51,280000</SLOV>
    <SVIZ>51,280000</SVIZ>
    <BSP>51,280000</BSP>
    <MALT>90,010000</MALT>
    <XAUS>51,280000</XAUS>
    <XFRA>51,280000</XFRA>
  </Prezzi>
  <Prezzi>
    <Data>20170627</Data>
    <Mercato>MGP</Mercato>
    <Ora>21</Ora>
    <PUN>56,260950</PUN>
    <NAT>55,270000</NAT>
    <CNOR>54,080000</CNOR>
    <CSUD>54,080000</CSUD>
    <NORD>54,080000</NORD>
    <SARD>54,080000</SARD>
    <SICI>91,050000</SICI>
    <SUD>54,080000</SUD>
    <AUST>54,080000</AUST>
    <BRNN>54,080000</BRNN>
    <COAC>54,080000</COAC>
    <CORS>54,080000</CORS>
    <FOGN>54,080000</FOGN>
    <FRAN>54,080000</FRAN>
    <GREC>54,080000</GREC>
    <MFTV>54,080000</MFTV>
    <PRGP>91,050000</PRGP>
    <ROSN>51,210000</ROSN>
    <SLOV>54,080000</SLOV>
    <SVIZ>54,080000</SVIZ>
    <BSP>54,080000</BSP>
    <MALT>91,050000</MALT>
    <XAUS>54,080000</XAUS>
    <XFRA>54,080000</XFRA>
  </Prezzi>
  <Prezzi>
    <Data>20170627</Data>
    <Mercato>MGP</Mercato>
    <Ora>22</Ora>
    <PUN>54,307230</PUN>
    <NAT>55,270000</NAT>
    <CNOR>52,000000</CNOR>
    <CSUD>52,000000</CSUD>
    <NORD>52,000000</NORD>
    <SARD>52,000000</SARD>
    <SICI>91,050000</SICI>
    <SUD>52,000000</SUD>
    <AUST>52,000000</AUST>
    <BRNN>52,000000</BRNN>
    <COAC>52,000000</COAC>
    <CORS>52,000000</CORS>
    <FOGN>52,000000</FOGN>
    <FRAN>52,000000</FRAN>
    <GREC>52,000000</GREC>
    <MFTV>52,000000</MFTV>
    <PRGP>91,050000</PRGP>
    <ROSN>49,610000</ROSN>
    <SLOV>52,000000</SLOV>
    <SVIZ>52,000000</SVIZ>
    <BSP>52,000000</BSP>
    <MALT>91,050000</MALT>
    <XAUS>52,000000</XAUS>
    <XFRA>52,000000</XFRA>
  </Prezzi>
  <Prezzi>
    <Data>20170627</Data>
    <Mercato>MGP</Mercato>
    <Ora>23</Ora>
    <PUN>50,067900</PUN>
    <NAT>47,630000</NAT>
    <CNOR>47,530000</CNOR>
    <CSUD>47,530000</CSUD>
    <NORD>47,530000</NORD>
    <SARD>47,530000</SARD>
    <SICI>90,010000</SICI>
    <SUD>47,530000</SUD>
    <AUST>47,530000</AUST>
    <BRNN>47,530000</BRNN>
    <COAC>47,530000</COAC>
    <CORS>47,530000</CORS>
    <FOGN>47,530000</FOGN>
    <FRAN>47,530000</FRAN>
    <GREC>47,530000</GREC>
    <MFTV>47,530000</MFTV>
    <PRGP>90,010000</PRGP>
    <ROSN>45,610000</ROSN>
    <SLOV>47,530000</SLOV>
    <SVIZ>47,530000</SVIZ>
    <BSP>47,530000</BSP>
    <MALT>90,010000</MALT>
    <XAUS>47,530000</XAUS>
    <XFRA>47,530000</XFRA>
  </Prezzi>
  <Prezzi>
    <Data>20170627</Data>
    <Mercato>MGP</Mercato>
    <Ora>24</Ora>
    <PUN>48,287110</PUN>
    <NAT>46,900000</NAT>
    <CNOR>46,900000</CNOR>
    <CSUD>46,900000</CSUD>
    <NORD>46,900000</NORD>
    <SARD>46,900000</SARD>
    <SICI>70,130000</SICI>
    <SUD>46,900000</SUD>
    <AUST>46,900000</AUST>
    <BRNN>46,900000</BRNN>
    <COAC>46,900000</COAC>
    <CORS>46,900000</CORS>
    <FOGN>46,900000</FOGN>
    <FRAN>46,900000</FRAN>
    <GREC>46,900000</GREC>
    <MFTV>46,900000</MFTV>
    <PRGP>70,130000</PRGP>
    <ROSN>44,490000</ROSN>
    <SLOV>46,900000</SLOV>
    <SVIZ>46,900000</SVIZ>
    <BSP>46,900000</BSP>
    <MALT>70,130000</MALT>
    <XAUS>46,900000</XAUS>
    <XFRA>46,900000</XFRA>
  </Prezzi>
</NewDataSet>