<?xml version="1.0" standalone="yes"?>
<NewDataSet>
  <xs:schema id="NewDataSet" xmlns="" xmlns:xs="http://www.w3.org/2001/XMLSchema" xmlns:msdata="urn:schemas-microsoft-com:xml-msdata">
    <xs:element name="NewDataSet" msdata:IsDataSet="true" msdata:UseCurrentLocale="true">
      <xs:complexType>
        <xs:choice minOccurs="0" maxOccurs="unbounded">
          <xs:element name="Prezzi">
            <xs:complexType>
              <xs:sequence>
                <xs:element name="Data" type="xs:string" minOccurs="0" />
                <xs:element name="Mercato" type="xs:string" minOccurs="0" />
                <xs:element name="Ora" type="xs:string" minOccurs="0" />
                <xs:element name="PUN" type="xs:string" minOccurs="0" />
                <xs:element name="NAT" type="xs:string" minOccurs="0" />
                <xs:element name="CNOR" type="xs:string" minOccurs="0" />
                <xs:element name="CSUD" type="xs:string" minOccurs="0" />
                <xs:element name="NORD" type="xs:string" minOccurs="0" />
                <xs:element name="SARD" type="xs:string" minOccurs="0" />
                <xs:element name="SICI" type="xs:string" minOccurs="0" />
                <xs:element name="SUD" type="xs:string" minOccurs="0" />
                <xs:element name="AUST" type="xs:string" minOccurs="0" />
                <xs:element name="BRNN" type="xs:string" minOccurs="0" />
                <xs:element name="COAC" type="xs:string" minOccurs="0" />
                <xs:element name="CORS" type="xs:string" minOccurs="0" />
                <xs:element name="FOGN" type="xs:string" minOccurs="0" />
                <xs:element name="FRAN" type="xs:string" minOccurs="0" />
                <xs:element name="GREC" type="xs:string" minOccurs="0" />
                <xs:element name="MFTV" type="xs:string" minOccurs="0" />
                <xs:element name="PRGP" type="xs:string" minOccurs="0" />
                <xs:element name="ROSN" type="xs:string" minOccurs="0" />
                <xs:element name="SLOV" type="xs:string" minOccurs="0" />
                <xs:element name="SVIZ" type="xs:string" minOccurs="0" />
                <xs:element name="BSP" type="xs:string" minOccurs="0" />
                <xs:element name="MALT" type="xs:string" minOccurs="0" />
                <xs:element name="XAUS" type="xs:string" minOccurs="0" />
                <xs:element name="XFRA" type="xs:string" minOccurs="0" />
              </xs:sequence>
            </xs:complexType>
          </xs:element>
        </xs:choice>
      </xs:complexType>
    </xs:element>
  </xs:schema>
  <Prezzi>
    <Data>20170614</Data>
    <Mercato>MGP</Mercato>
    <Ora>1</Ora>
    <PUN>49,165390</PUN>
    <NAT>47,370000</NAT>
    <CNOR>47,820000</CNOR>
    <CSUD>47,820000</CSUD>
    <NORD>47,820000</NORD>
    <SARD>47,820000</SARD>
    <SICI>70,490000</SICI>
    <SUD>47,820000</SUD>
    <AUST>47,820000</AUST>
    <BRNN>47,820000</BRNN>
    <COAC>47,820000</COAC>
    <CORS>47,820000</CORS>
    <FOGN>47,820000</FOGN>
    <FRAN>47,820000</FRAN>
    <GREC>47,820000</GREC>
    <MFTV>47,820000</MFTV>
    <PRGP>70,490000</PRGP>
    <ROSN>43,500000</ROSN>
    <SLOV>47,820000</SLOV>
    <SVIZ>47,820000</SVIZ>
    <BSP>47,820000</BSP>
    <MALT>70,490000</MALT>
    <XAUS>47,820000</XAUS>
    <XFRA>47,820000</XFRA>
  </Prezzi>
  <Prezzi>
    <Data>20170614</Data>
    <Mercato>MGP</Mercato>
    <Ora>2</Ora>
    <PUN>47,651280</PUN>
    <NAT>46,710000</NAT>
    <CNOR>46,730000</CNOR>
    <CSUD>46,730000</CSUD>
    <NORD>46,730000</NORD>
    <SARD>46,730000</SARD>
    <SICI>62,450000</SICI>
    <SUD>46,730000</SUD>
    <AUST>46,730000</AUST>
    <BRNN>46,730000</BRNN>
    <COAC>46,730000</COAC>
    <CORS>46,730000</CORS>
    <FOGN>46,730000</FOGN>
    <FRAN>46,730000</FRAN>
    <GREC>46,730000</GREC>
    <MFTV>46,730000</MFTV>
    <PRGP>62,450000</PRGP>
    <ROSN>43,220000</ROSN>
    <SLOV>46,730000</SLOV>
    <SVIZ>46,730000</SVIZ>
    <BSP>46,730000</BSP>
    <MALT>62,450000</MALT>
    <XAUS>46,730000</XAUS>
    <XFRA>46,730000</XFRA>
  </Prezzi>
  <Prezzi>
    <Data>20170614</Data>
    <Mercato>MGP</Mercato>
    <Ora>3</Ora>
    <PUN>45,845150</PUN>
    <NAT>44,000000</NAT>
    <CNOR>44,900000</CNOR>
    <CSUD>44,900000</CSUD>
    <NORD>44,900000</NORD>
    <SARD>44,900000</SARD>
    <SICI>61,010000</SICI>
    <SUD>44,900000</SUD>
    <AUST>44,900000</AUST>
    <BRNN>44,900000</BRNN>
    <COAC>44,900000</COAC>
    <CORS>44,900000</CORS>
    <FOGN>44,900000</FOGN>
    <FRAN>44,900000</FRAN>
    <GREC>44,900000</GREC>
    <MFTV>44,900000</MFTV>
    <PRGP>61,010000</PRGP>
    <ROSN>42,230000</ROSN>
    <SLOV>44,900000</SLOV>
    <SVIZ>44,900000</SVIZ>
    <BSP>44,900000</BSP>
    <MALT>61,010000</MALT>
    <XAUS>44,900000</XAUS>
    <XFRA>44,900000</XFRA>
  </Prezzi>
  <Prezzi>
    <Data>20170614</Data>
    <Mercato>MGP</Mercato>
    <Ora>4</Ora>
    <PUN>44,230700</PUN>
    <NAT>43,200000</NAT>
    <CNOR>43,200000</CNOR>
    <CSUD>43,200000</CSUD>
    <NORD>43,200000</NORD>
    <SARD>43,200000</SARD>
    <SICI>61,010000</SICI>
    <SUD>43,200000</SUD>
    <AUST>43,200000</AUST>
    <BRNN>43,200000</BRNN>
    <COAC>43,200000</COAC>
    <CORS>43,200000</CORS>
    <FOGN>43,200000</FOGN>
    <FRAN>43,200000</FRAN>
    <GREC>43,200000</GREC>
    <MFTV>43,200000</MFTV>
    <PRGP>61,010000</PRGP>
    <ROSN>39,470000</ROSN>
    <SLOV>43,200000</SLOV>
    <SVIZ>43,200000</SVIZ>
    <BSP>43,200000</BSP>
    <MALT>61,010000</MALT>
    <XAUS>43,200000</XAUS>
    <XFRA>43,200000</XFRA>
  </Prezzi>
  <Prezzi>
    <Data>20170614</Data>
    <Mercato>MGP</Mercato>
    <Ora>5</Ora>
    <PUN>44,987070</PUN>
    <NAT>43,200000</NAT>
    <CNOR>44,000000</CNOR>
    <CSUD>44,000000</CSUD>
    <NORD>44,000000</NORD>
    <SARD>44,000000</SARD>
    <SICI>61,010000</SICI>
    <SUD>44,000000</SUD>
    <AUST>44,000000</AUST>
    <BRNN>44,000000</BRNN>
    <COAC>44,000000</COAC>
    <CORS>44,000000</CORS>
    <FOGN>44,000000</FOGN>
    <FRAN>44,000000</FRAN>
    <GREC>44,000000</GREC>
    <MFTV>44,000000</MFTV>
    <PRGP>61,010000</PRGP>
    <ROSN>38,700000</ROSN>
    <SLOV>44,000000</SLOV>
    <SVIZ>44,000000</SVIZ>
    <BSP>44,000000</BSP>
    <MALT>61,010000</MALT>
    <XAUS>44,000000</XAUS>
    <XFRA>44,000000</XFRA>
  </Prezzi>
  <Prezzi>
    <Data>20170614</Data>
    <Mercato>MGP</Mercato>
    <Ora>6</Ora>
    <PUN>46,618440</PUN>
    <NAT>44,000000</NAT>
    <CNOR>45,740000</CNOR>
    <CSUD>45,740000</CSUD>
    <NORD>45,740000</NORD>
    <SARD>45,740000</SARD>
    <SICI>61,010000</SICI>
    <SUD>45,740000</SUD>
    <AUST>45,740000</AUST>
    <BRNN>45,740000</BRNN>
    <COAC>45,740000</COAC>
    <CORS>45,740000</CORS>
    <FOGN>45,740000</FOGN>
    <FRAN>45,740000</FRAN>
    <GREC>45,740000</GREC>
    <MFTV>45,740000</MFTV>
    <PRGP>61,010000</PRGP>
    <ROSN>38,580000</ROSN>
    <SLOV>45,740000</SLOV>
    <SVIZ>45,740000</SVIZ>
    <BSP>45,740000</BSP>
    <MALT>61,010000</MALT>
    <XAUS>45,740000</XAUS>
    <XFRA>45,740000</XFRA>
  </Prezzi>
  <Prezzi>
    <Data>20170614</Data>
    <Mercato>MGP</Mercato>
    <Ora>7</Ora>
    <PUN>48,103430</PUN>
    <NAT>46,710000</NAT>
    <CNOR>47,370000</CNOR>
    <CSUD>47,370000</CSUD>
    <NORD>47,370000</NORD>
    <SARD>47,370000</SARD>
    <SICI>61,010000</SICI>
    <SUD>47,370000</SUD>
    <AUST>47,370000</AUST>
    <BRNN>47,370000</BRNN>
    <COAC>47,370000</COAC>
    <CORS>47,370000</CORS>
    <FOGN>47,370000</FOGN>
    <FRAN>47,370000</FRAN>
    <GREC>47,370000</GREC>
    <MFTV>47,370000</MFTV>
    <PRGP>61,010000</PRGP>
    <ROSN>43,500000</ROSN>
    <SLOV>47,370000</SLOV>
    <SVIZ>47,370000</SVIZ>
    <BSP>47,370000</BSP>
    <MALT>61,010000</MALT>
    <XAUS>47,370000</XAUS>
    <XFRA>47,370000</XFRA>
  </Prezzi>
  <Prezzi>
    <Data>20170614</Data>
    <Mercato>MGP</Mercato>
    <Ora>8</Ora>
    <PUN>51,318850</PUN>
    <NAT>49,320000</NAT>
    <CNOR>50,000000</CNOR>
    <CSUD>50,000000</CSUD>
    <NORD>50,000000</NORD>
    <SARD>50,000000</SARD>
    <SICI>75,000000</SICI>
    <SUD>50,000000</SUD>
    <AUST>50,000000</AUST>
    <BRNN>50,000000</BRNN>
    <COAC>50,000000</COAC>
    <CORS>50,000000</CORS>
    <FOGN>50,000000</FOGN>
    <FRAN>50,000000</FRAN>
    <GREC>50,000000</GREC>
    <MFTV>50,000000</MFTV>
    <PRGP>75,000000</PRGP>
    <ROSN>43,500000</ROSN>
    <SLOV>50,000000</SLOV>
    <SVIZ>50,000000</SVIZ>
    <BSP>50,000000</BSP>
    <MALT>75,000000</MALT>
    <XAUS>50,000000</XAUS>
    <XFRA>50,000000</XFRA>
  </Prezzi>
  <Prezzi>
    <Data>20170614</Data>
    <Mercato>MGP</Mercato>
    <Ora>9</Ora>
    <PUN>68,366150</PUN>
    <NAT>61,970000</NAT>
    <CNOR>67,500000</CNOR>
    <CSUD>67,500000</CSUD>
    <NORD>67,500000</NORD>
    <SARD>67,500000</SARD>
    <SICI>84,010000</SICI>
    <SUD>67,500000</SUD>
    <AUST>67,500000</AUST>
    <BRNN>67,500000</BRNN>
    <COAC>67,500000</COAC>
    <CORS>67,500000</CORS>
    <FOGN>67,500000</FOGN>
    <FRAN>67,500000</FRAN>
    <GREC>67,500000</GREC>
    <MFTV>67,500000</MFTV>
    <PRGP>84,010000</PRGP>
    <ROSN>43,500000</ROSN>
    <SLOV>67,500000</SLOV>
    <SVIZ>67,500000</SVIZ>
    <BSP>67,500000</BSP>
    <MALT>84,010000</MALT>
    <XAUS>67,500000</XAUS>
    <XFRA>67,500000</XFRA>
  </Prezzi>
  <Prezzi>
    <Data>20170614</Data>
    <Mercato>MGP</Mercato>
    <Ora>10</Ora>
    <PUN>59,208930</PUN>
    <NAT>58,650000</NAT>
    <CNOR>59,900000</CNOR>
    <CSUD>59,900000</CSUD>
    <NORD>59,900000</NORD>
    <SARD>59,900000</SARD>
    <SICI>62,450000</SICI>
    <SUD>48,110000</SUD>
    <AUST>59,900000</AUST>
    <BRNN>48,110000</BRNN>
    <COAC>59,900000</COAC>
    <CORS>59,900000</CORS>
    <FOGN>48,110000</FOGN>
    <FRAN>59,900000</FRAN>
    <GREC>48,110000</GREC>
    <MFTV>59,900000</MFTV>
    <PRGP>62,450000</PRGP>
    <ROSN>43,500000</ROSN>
    <SLOV>59,900000</SLOV>
    <SVIZ>59,900000</SVIZ>
    <BSP>59,900000</BSP>
    <MALT>62,450000</MALT>
    <XAUS>59,900000</XAUS>
    <XFRA>59,900000</XFRA>
  </Prezzi>
  <Prezzi>
    <Data>20170614</Data>
    <Mercato>MGP</Mercato>
    <Ora>11</Ora>
    <PUN>57,258560</PUN>
    <NAT>53,000000</NAT>
    <CNOR>57,750000</CNOR>
    <CSUD>57,750000</CSUD>
    <NORD>57,750000</NORD>
    <SARD>57,750000</SARD>
    <SICI>61,010000</SICI>
    <SUD>48,110000</SUD>
    <AUST>57,750000</AUST>
    <BRNN>48,110000</BRNN>
    <COAC>57,750000</COAC>
    <CORS>57,750000</CORS>
    <FOGN>48,110000</FOGN>
    <FRAN>57,750000</FRAN>
    <GREC>48,110000</GREC>
    <MFTV>57,750000</MFTV>
    <PRGP>61,010000</PRGP>
    <ROSN>43,500000</ROSN>
    <SLOV>57,750000</SLOV>
    <SVIZ>57,750000</SVIZ>
    <BSP>57,750000</BSP>
    <MALT>61,010000</MALT>
    <XAUS>57,750000</XAUS>
    <XFRA>57,750000</XFRA>
  </Prezzi>
  <Prezzi>
    <Data>20170614</Data>
    <Mercato>MGP</Mercato>
    <Ora>12</Ora>
    <PUN>56,886520</PUN>
    <NAT>52,520000</NAT>
    <CNOR>58,380000</CNOR>
    <CSUD>58,380000</CSUD>
    <NORD>58,380000</NORD>
    <SARD>58,380000</SARD>
    <SICI>43,990000</SICI>
    <SUD>47,370000</SUD>
    <AUST>58,380000</AUST>
    <BRNN>47,370000</BRNN>
    <COAC>58,380000</COAC>
    <CORS>58,380000</CORS>
    <FOGN>47,370000</FOGN>
    <FRAN>58,380000</FRAN>
    <GREC>47,370000</GREC>
    <MFTV>58,380000</MFTV>
    <PRGP>43,990000</PRGP>
    <ROSN>43,500000</ROSN>
    <SLOV>58,380000</SLOV>
    <SVIZ>58,380000</SVIZ>
    <BSP>58,380000</BSP>
    <MALT>43,990000</MALT>
    <XAUS>58,380000</XAUS>
    <XFRA>58,380000</XFRA>
  </Prezzi>
  <Prezzi>
    <Data>20170614</Data>
    <Mercato>MGP</Mercato>
    <Ora>13</Ora>
    <PUN>52,668610</PUN>
    <NAT>47,820000</NAT>
    <CNOR>54,000000</CNOR>
    <CSUD>54,000000</CSUD>
    <NORD>54,000000</NORD>
    <SARD>54,000000</SARD>
    <SICI>37,960000</SICI>
    <SUD>47,370000</SUD>
    <AUST>54,000000</AUST>
    <BRNN>47,370000</BRNN>
    <COAC>54,000000</COAC>
    <CORS>54,000000</CORS>
    <FOGN>47,370000</FOGN>
    <FRAN>54,000000</FRAN>
    <GREC>47,370000</GREC>
    <MFTV>54,000000</MFTV>
    <PRGP>37,960000</PRGP>
    <ROSN>37,960000</ROSN>
    <SLOV>54,000000</SLOV>
    <SVIZ>54,000000</SVIZ>
    <BSP>54,000000</BSP>
    <MALT>37,960000</MALT>
    <XAUS>54,000000</XAUS>
    <XFRA>54,000000</XFRA>
  </Prezzi>
  <Prezzi>
    <Data>20170614</Data>
    <Mercato>MGP</Mercato>
    <Ora>14</Ora>
    <PUN>53,695150</PUN>
    <NAT>47,820000</NAT>
    <CNOR>55,170000</CNOR>
    <CSUD>55,170000</CSUD>
    <NORD>55,170000</NORD>
    <SARD>55,170000</SARD>
    <SICI>37,960000</SICI>
    <SUD>46,730000</SUD>
    <AUST>55,170000</AUST>
    <BRNN>46,730000</BRNN>
    <COAC>55,170000</COAC>
    <CORS>55,170000</CORS>
    <FOGN>46,730000</FOGN>
    <FRAN>55,170000</FRAN>
    <GREC>46,730000</GREC>
    <MFTV>55,170000</MFTV>
    <PRGP>37,960000</PRGP>
    <ROSN>37,960000</ROSN>
    <SLOV>55,170000</SLOV>
    <SVIZ>55,170000</SVIZ>
    <BSP>55,170000</BSP>
    <MALT>37,960000</MALT>
    <XAUS>55,170000</XAUS>
    <XFRA>55,170000</XFRA>
  </Prezzi>
  <Prezzi>
    <Data>20170614</Data>
    <Mercato>MGP</Mercato>
    <Ora>15</Ora>
    <PUN>56,682950</PUN>
    <NAT>48,110000</NAT>
    <CNOR>58,650000</CNOR>
    <CSUD>58,650000</CSUD>
    <NORD>58,650000</NORD>
    <SARD>58,650000</SARD>
    <SICI>37,960000</SICI>
    <SUD>44,460000</SUD>
    <AUST>58,650000</AUST>
    <BRNN>44,460000</BRNN>
    <COAC>58,650000</COAC>
    <CORS>58,650000</CORS>
    <FOGN>44,460000</FOGN>
    <FRAN>58,650000</FRAN>
    <GREC>44,460000</GREC>
    <MFTV>58,650000</MFTV>
    <PRGP>37,960000</PRGP>
    <ROSN>37,960000</ROSN>
    <SLOV>58,650000</SLOV>
    <SVIZ>58,650000</SVIZ>
    <BSP>58,650000</BSP>
    <MALT>37,960000</MALT>
    <XAUS>58,650000</XAUS>
    <XFRA>58,650000</XFRA>
  </Prezzi>
  <Prezzi>
    <Data>20170614</Data>
    <Mercato>MGP</Mercato>
    <Ora>16</Ora>
    <PUN>57,685830</PUN>
    <NAT>49,540000</NAT>
    <CNOR>59,790000</CNOR>
    <CSUD>59,790000</CSUD>
    <NORD>59,790000</NORD>
    <SARD>59,790000</SARD>
    <SICI>37,960000</SICI>
    <SUD>44,460000</SUD>
    <AUST>59,790000</AUST>
    <BRNN>44,460000</BRNN>
    <COAC>59,790000</COAC>
    <CORS>59,790000</CORS>
    <FOGN>44,460000</FOGN>
    <FRAN>59,790000</FRAN>
    <GREC>44,460000</GREC>
    <MFTV>59,790000</MFTV>
    <PRGP>37,960000</PRGP>
    <ROSN>37,960000</ROSN>
    <SLOV>59,790000</SLOV>
    <SVIZ>59,790000</SVIZ>
    <BSP>59,790000</BSP>
    <MALT>37,960000</MALT>
    <XAUS>59,790000</XAUS>
    <XFRA>59,790000</XFRA>
  </Prezzi>
  <Prezzi>
    <Data>20170614</Data>
    <Mercato>MGP</Mercato>
    <Ora>17</Ora>
    <PUN>62,701180</PUN>
    <NAT>53,490000</NAT>
    <CNOR>64,020000</CNOR>
    <CSUD>64,020000</CSUD>
    <NORD>64,020000</NORD>
    <SARD>64,020000</SARD>
    <SICI>61,010000</SICI>
    <SUD>46,710000</SUD>
    <AUST>64,020000</AUST>
    <BRNN>46,710000</BRNN>
    <COAC>64,020000</COAC>
    <CORS>64,020000</CORS>
    <FOGN>46,710000</FOGN>
    <FRAN>64,020000</FRAN>
    <GREC>46,710000</GREC>
    <MFTV>64,020000</MFTV>
    <PRGP>61,010000</PRGP>
    <ROSN>43,820000</ROSN>
    <SLOV>64,020000</SLOV>
    <SVIZ>64,020000</SVIZ>
    <BSP>64,020000</BSP>
    <MALT>61,010000</MALT>
    <XAUS>64,020000</XAUS>
    <XFRA>64,020000</XFRA>
  </Prezzi>
  <Prezzi>
    <Data>20170614</Data>
    <Mercato>MGP</Mercato>
    <Ora>18</Ora>
    <PUN>61,853870</PUN>
    <NAT>55,580000</NAT>
    <CNOR>62,500000</CNOR>
    <CSUD>62,500000</CSUD>
    <NORD>62,500000</NORD>
    <SARD>62,500000</SARD>
    <SICI>71,050000</SICI>
    <SUD>46,730000</SUD>
    <AUST>62,500000</AUST>
    <BRNN>46,730000</BRNN>
    <COAC>62,500000</COAC>
    <CORS>62,500000</CORS>
    <FOGN>46,730000</FOGN>
    <FRAN>62,500000</FRAN>
    <GREC>46,730000</GREC>
    <MFTV>62,500000</MFTV>
    <PRGP>71,050000</PRGP>
    <ROSN>43,820000</ROSN>
    <SLOV>62,500000</SLOV>
    <SVIZ>62,500000</SVIZ>
    <BSP>62,500000</BSP>
    <MALT>71,050000</MALT>
    <XAUS>62,500000</XAUS>
    <XFRA>62,500000</XFRA>
  </Prezzi>
  <Prezzi>
    <Data>20170614</Data>
    <Mercato>MGP</Mercato>
    <Ora>19</Ora>
    <PUN>63,293170</PUN>
    <NAT>59,030000</NAT>
    <CNOR>62,810000</CNOR>
    <CSUD>62,810000</CSUD>
    <NORD>62,810000</NORD>
    <SARD>62,810000</SARD>
    <SICI>91,050000</SICI>
    <SUD>48,110000</SUD>
    <AUST>62,810000</AUST>
    <BRNN>48,110000</BRNN>
    <COAC>62,810000</COAC>
    <CORS>62,810000</CORS>
    <FOGN>48,110000</FOGN>
    <FRAN>62,810000</FRAN>
    <GREC>48,110000</GREC>
    <MFTV>62,810000</MFTV>
    <PRGP>91,050000</PRGP>
    <ROSN>43,820000</ROSN>
    <SLOV>62,810000</SLOV>
    <SVIZ>62,810000</SVIZ>
    <BSP>62,810000</BSP>
    <MALT>91,050000</MALT>
    <XAUS>62,810000</XAUS>
    <XFRA>62,810000</XFRA>
  </Prezzi>
  <Prezzi>
    <Data>20170614</Data>
    <Mercato>MGP</Mercato>
    <Ora>20</Ora>
    <PUN>63,000000</PUN>
    <NAT>63,000000</NAT>
    <CNOR>62,451170</CNOR>
    <CSUD>62,451170</CSUD>
    <NORD>62,451170</NORD>
    <SARD>62,451170</SARD>
    <SICI>91,050000</SICI>
    <SUD>48,110000</SUD>
    <AUST>62,451170</AUST>
    <BRNN>48,110000</BRNN>
    <COAC>62,451170</COAC>
    <CORS>62,451170</CORS>
    <FOGN>48,110000</FOGN>
    <FRAN>62,451170</FRAN>
    <GREC>48,110000</GREC>
    <MFTV>62,451170</MFTV>
    <PRGP>91,050000</PRGP>
    <ROSN>43,820000</ROSN>
    <SLOV>62,451170</SLOV>
    <SVIZ>62,451170</SVIZ>
    <BSP>62,451170</BSP>
    <MALT>91,050000</MALT>
    <XAUS>62,451170</XAUS>
    <XFRA>62,451170</XFRA>
  </Prezzi>
  <Prezzi>
    <Data>20170614</Data>
    <Mercato>MGP</Mercato>
    <Ora>21</Ora>
    <PUN>63,794260</PUN>
    <NAT>65,000000</NAT>
    <CNOR>62,000000</CNOR>
    <CSUD>62,000000</CSUD>
    <NORD>62,000000</NORD>
    <SARD>62,000000</SARD>
    <SICI>91,050000</SICI>
    <SUD>62,000000</SUD>
    <AUST>62,000000</AUST>
    <BRNN>62,000000</BRNN>
    <COAC>62,000000</COAC>
    <CORS>62,000000</CORS>
    <FOGN>62,000000</FOGN>
    <FRAN>62,000000</FRAN>
    <GREC>62,000000</GREC>
    <MFTV>62,000000</MFTV>
    <PRGP>91,050000</PRGP>
    <ROSN>43,820000</ROSN>
    <SLOV>62,000000</SLOV>
    <SVIZ>62,000000</SVIZ>
    <BSP>62,000000</BSP>
    <MALT>91,050000</MALT>
    <XAUS>62,000000</XAUS>
    <XFRA>62,000000</XFRA>
  </Prezzi>
  <Prezzi>
    <Data>20170614</Data>
    <Mercato>MGP</Mercato>
    <Ora>22</Ora>
    <PUN>66,597980</PUN>
    <NAT>66,000000</NAT>
    <CNOR>65,000000</CNOR>
    <CSUD>65,000000</CSUD>
    <NORD>65,000000</NORD>
    <SARD>65,000000</SARD>
    <SICI>91,050000</SICI>
    <SUD>65,000000</SUD>
    <AUST>65,000000</AUST>
    <BRNN>65,000000</BRNN>
    <COAC>65,000000</COAC>
    <CORS>65,000000</CORS>
    <FOGN>65,000000</FOGN>
    <FRAN>65,000000</FRAN>
    <GREC>65,000000</GREC>
    <MFTV>65,000000</MFTV>
    <PRGP>91,050000</PRGP>
    <ROSN>43,820000</ROSN>
    <SLOV>65,000000</SLOV>
    <SVIZ>65,000000</SVIZ>
    <BSP>65,000000</BSP>
    <MALT>91,050000</MALT>
    <XAUS>65,000000</XAUS>
    <XFRA>65,000000</XFRA>
  </Prezzi>
  <Prezzi>
    <Data>20170614</Data>
    <Mercato>MGP</Mercato>
    <Ora>23</Ora>
    <PUN>57,667280</PUN>
    <NAT>57,500000</NAT>
    <CNOR>55,500000</CNOR>
    <CSUD>55,500000</CSUD>
    <NORD>55,500000</NORD>
    <SARD>55,500000</SARD>
    <SICI>91,050000</SICI>
    <SUD>55,500000</SUD>
    <AUST>55,500000</AUST>
    <BRNN>55,500000</BRNN>
    <COAC>55,500000</COAC>
    <CORS>55,500000</CORS>
    <FOGN>55,500000</FOGN>
    <FRAN>55,500000</FRAN>
    <GREC>55,500000</GREC>
    <MFTV>55,500000</MFTV>
    <PRGP>91,050000</PRGP>
    <ROSN>43,820000</ROSN>
    <SLOV>55,500000</SLOV>
    <SVIZ>55,500000</SVIZ>
    <BSP>55,500000</BSP>
    <MALT>91,050000</MALT>
    <XAUS>55,500000</XAUS>
    <XFRA>55,500000</XFRA>
  </Prezzi>
  <Prezzi>
    <Data>20170614</Data>
    <Mercato>MGP</Mercato>
    <Ora>24</Ora>
    <PUN>50,728290</PUN>
    <NAT>48,110000</NAT>
    <CNOR>48,110000</CNOR>
    <CSUD>48,110000</CSUD>
    <NORD>48,110000</NORD>
    <SARD>48,110000</SARD>
    <SICI>91,050000</SICI>
    <SUD>48,110000</SUD>
    <AUST>48,110000</AUST>
    <BRNN>48,110000</BRNN>
    <COAC>48,110000</COAC>
    <CORS>48,110000</CORS>
    <FOGN>48,110000</FOGN>
    <FRAN>48,110000</FRAN>
    <GREC>48,110000</GREC>
    <MFTV>48,110000</MFTV>
    <PRGP>91,050000</PRGP>
    <ROSN>43,820000</ROSN>
    <SLOV>48,110000</SLOV>
    <SVIZ>48,110000</SVIZ>
    <BSP>48,110000</BSP>
    <MALT>91,050000</MALT>
    <XAUS>48,110000</XAUS>
    <XFRA>48,110000</XFRA>
  </Prezzi>
</NewDataSet>